{
    "document_id": "065_0068",
    "document_title": "제품 수명주기 관리 및 순환경제 통합 보고서",
    "data": [
        {
            "sentence": "본 문서는 제품 설계부터 재활용 및 EPR 보고에 이르는 순환경제 및 제품 수명주기 관리(PLM) 데이터의 통합 규격과 운영 지침을 기술합니다.",
            "id": "sample_065_0068_000001",
            "annotations": []
        },
        {
            "sentence": "목적은 소재·부품의 출처 추적, 재사용 가능성 평가, 규제 증빙 및 회수·재제조 운영 최적화를 포함합니다.",
            "id": "sample_065_0068_000002",
            "annotations": []
        },
        {
            "sentence": "제품 식별은 글로벌 식별자 기준을 따르며 본 보고서에서는 GTIN: 00801234567890 와 내부 SKU/GTIN 매핑을 표준으로 사용합니다.",
            "id": "sample_065_0068_000003",
            "annotations": []
        },
        {
            "sentence": "BOM 항목은 GTIN, eClass 코드, 부품 UUID(예: 3f2504e0-4f89-11d3-9a0c-0305e82c3301)로 일관되게 표기하며 매핑 테이블을 별첨합니다.",
            "id": "sample_065_0068_000004",
            "annotations": []
        },
        {
            "sentence": "소재 명세서는 중량(kg), 구성비(%)을 SI단위로 정규화하고 변환 로직(예: g → kg : 값/1000)을 명시하여 질량수지 검증을 지원합니다.",
            "id": "sample_065_0068_000005",
            "annotations": []
        },
        {
            "sentence": "각 소재의 화학성분은 표준 분류(eClass, UNSPSC, IPC)에 매핑하고 재생원료 비율(RR, %)을 포함하여 재활용 예측 모델의 입력으로 사용합니다.",
            "id": "sample_065_0068_000006",
            "annotations": []
        },
        {
            "sentence": "Design for Disassembly 지표는 분해단계 수, 도구 필요성, 결합부 표준화를 정량화하여 설계버전별로 버전관리를 수행합니다.",
            "id": "sample_065_0068_000007",
            "annotations": []
        },
        {
            "sentence": "제조 배치 이력은 공장 코드, LOT: L-20250123-0001, 제조일자(ISO 8601) 및 가동 라인 데이터를 포함하며 불변성 확보를 위해 서명 또는 원장 참조를 기록합니다.",
            "id": "sample_065_0068_000008",
            "annotations": []
        },
        {
            "sentence": "제품 시리얼은 UUID 포맷으로 발급되며 각 시리얼은 제조배치, 검사보고서, 재제조 이력에 영속 식별자로 사용됩니다.",
            "id": "sample_065_0068_000009",
            "annotations": []
        },
        {
            "sentence": "반품 기록 예시: 반품 고객: 곽서빈, 연락처: 010-1234-5678, 이메일: gbk@example.com, 주소: 서울특별시 강남구 테헤란로 1, 101호, 반품사유 및 접수일 포함.",
            "id": "sample_065_0068_000010",
            "annotations": [
                {
                    "word": "곽서빈",
                    "start": 17,
                    "end": 20,
                    "label": "개인정보"
                },
                {
                    "word": "010-1234-5678",
                    "start": 27,
                    "end": 40,
                    "label": "개인정보"
                },
                {
                    "word": "gbk@example.com",
                    "start": 47,
                    "end": 62,
                    "label": "개인정보"
                },
                {
                    "word": "서울특별시 강남구 테헤란로 1, 101호",
                    "start": 68,
                    "end": 90,
                    "label": "개인정보"
                }
            ]
        },
        {
            "sentence": "수리 로그에는 수리 담당자 차인영, 수리항목, 수리비, 부품교체 내역 및 재고감소 트랜잭션 링크를 기록합니다.",
            "id": "sample_065_0068_000011",
            "annotations": [
                {
                    "word": "차인영",
                    "start": 15,
                    "end": 18,
                    "label": "개인정보"
                }
            ]
        },
        {
            "sentence": "재제조 검사보고서는 검사자, 검사항목, 합격/불합격 판정, 교정계측기 캘리브레이션 참조를 포함하며 디지털 서명으로 무결성을 확보합니다.",
            "id": "sample_065_0068_000012",
            "annotations": []
        },
        {
            "sentence": "검사자 예시: 홍대열, 검사결과 요약과 불량분해 사진 및 측정값(CMM 리포트)을 첨부합니다.",
            "id": "sample_065_0068_000013",
            "annotations": [
                {
                    "word": "홍대열",
                    "start": 8,
                    "end": 11,
                    "label": "개인정보"
                }
            ]
        },
        {
            "sentence": "재활용 처리보고서에는 처리방식(예: 기계적 분쇄, 화학적 분리), 회수율(%), 잔류물(kg) 및 최종처분비용을 지역별 규제에 맞춰 기록합니다.",
            "id": "sample_065_0068_000014",
            "annotations": []
        },
        {
            "sentence": "LCA 프로필은 출처(예: ecoinvent v3.8), 방법론(IPCC 2013 GWP100), 경계 설정 및 가정치를 메타데이터로 명시하여 탄소값의 투명성을 보장합니다.",
            "id": "sample_065_0068_000015",
            "annotations": []
        },
        {
            "sentence": "공급자 인증서 및 계약 문서는 원본을 별도 보관하고 디지털 서명 또는 타임스탬프를 통해 EPR 및 규제감사 대응력을 확보합니다.",
            "id": "sample_065_0068_000016",
            "annotations": []
        },
        {
            "sentence": "공급계약 내부 항목 예시(기밀): 비밀단가: KRW 100,000,000 및 지급 계좌정보는 기밀로 분류하여 접근제어를 적용합니다.",
            "id": "sample_065_0068_000017",
            "annotations": [
                {
                    "word": "KRW 100,000,000",
                    "start": 25,
                    "end": 40,
                    "label": "기밀정보"
                }
            ]
        },
        {
            "sentence": "지급 계좌 예시(기밀): 계좌번호: 110-123-456789, 은행명 및 수취인 정보는 재무기밀로 분류되어 로그 및 접근기록을 남깁니다.",
            "id": "sample_065_0068_000018",
            "annotations": [
                {
                    "word": "계좌번호: 110-123-456789",
                    "start": 14,
                    "end": 34,
                    "label": "기밀정보"
                }
            ]
        },
        {
            "sentence": "레거시 ERP/PLM 통합 규칙은 필드 매핑 테이블(legacy_field → canonical_field), 변환 스크립트 및 데이터 정합성 검증 규칙을 포함합니다.",
            "id": "sample_065_0068_000019",
            "annotations": []
        },
        {
            "sentence": "대량 텔레메트리 정책: 원시 1초 해상도 데이터는 실시간 스트림에 사용하고 저장은 집계 1분·1시간 단위로 수행, 보관주기는 24개월로 설정합니다.",
            "id": "sample_065_0068_000020",
            "annotations": []
        },
        {
            "sentence": "데이터 출처·타임스탬프·서명: 각 레코드는 source_system, source_timestamp(UTC), signer_id 또는 ledger_ref(예: ledger://tx/abcd1234)를 포함하여 추적성을 확보합니다.",
            "id": "sample_065_0068_000021",
            "annotations": []
        },
        {
            "sentence": "데이터 품질 규칙 자동화 예: 무게 합계 ≒ 부품 합계(허용오차 0.5%), 질량수지 불일치 시 자동 경고 및 담당자 알림을 트리거합니다.",
            "id": "sample_065_0068_000022",
            "annotations": []
        },
        {
            "sentence": "물질 분류는 eClass 코드와 GS1 Material 분류를 병기하며 CAD·이미지·테스트 리포트는 PLM 레코드와 해시로 연결합니다.",
            "id": "sample_065_0068_000023",
            "annotations": []
        },
        {
            "sentence": "내부 파일 경로 및 설계파일 예시(기밀): /srv/plm/docs/design_v2.dwg 는 접근제어가 적용되며 변경이력은 별도 감사로그에 기록됩니다.",
            "id": "sample_065_0068_000024",
            "annotations": [
                {
                    "word": "/srv/plm/docs/design_v2.dwg",
                    "start": 24,
                    "end": 51,
                    "label": "기밀정보"
                }
            ]
        },
        {
            "sentence": "인프라(기밀) 예시: 서버 IP 및 내부 네트워크 정보(예: 서버 IP: 10.0.0.5) 는 외부 노출 금지로 분류됩니다.",
            "id": "sample_065_0068_000025",
            "annotations": [
                {
                    "word": "10.0.0.5",
                    "start": 41,
                    "end": 49,
                    "label": "기밀정보"
                }
            ]
        },
        {
            "sentence": "규정 담당자 및 문의처 예시: 규정 담당자 전영남, 문의 이메일은 내부 디렉토리 권한으로만 조회 가능합니다.",
            "id": "sample_065_0068_000026",
            "annotations": [
                {
                    "word": "전영남",
                    "start": 24,
                    "end": 27,
                    "label": "개인정보"
                }
            ]
        },
        {
            "sentence": "반환자 사례 추가: 반환자 이름 이유비, 생년월일: 1990-05-21, 성별: 여, 반품 사유 및 환불 계좌 확인을 위해 최소한의 정보만 조회합니다.",
            "id": "sample_065_0068_000027",
            "annotations": [
                {
                    "word": "이유비",
                    "start": 18,
                    "end": 21,
                    "label": "개인정보"
                },
                {
                    "word": "1990-05-21",
                    "start": 29,
                    "end": 39,
                    "label": "준식별자"
                },
                {
                    "word": "여",
                    "start": 45,
                    "end": 46,
                    "label": "준식별자"
                }
            ]
        },
        {
            "sentence": "감사 가능성 확보를 위해 모든 규제보고서에는 원본 PDF 보관, 전자서명 및 타임스탬프를 포함하고 변경 시 버전 히스토리를 유지합니다.",
            "id": "sample_065_0068_000028",
            "annotations": []
        },
        {
            "sentence": "KPI 예시: 회수율 72.4%, 재사용률 45.1%, 평균 회수비용 KRW 12,300을 집계하고 지역별·제품군별로 분해하여 분석합니다.",
            "id": "sample_065_0068_000029",
            "annotations": []
        },
        {
            "sentence": "결론 및 조치: 모든 PII와 기밀정보는 마스킹·접근제어를 적용하고, 데이터 파이프라인에서 자동 검증 룰을 활성화하여 이상 감지 시 보안·운영팀에 알림을 전송합니다.",
            "id": "sample_065_0068_000030",
            "annotations": []
        }
    ]
}