{
    "document_id": "065_0026",
    "document_title": "제품 수명주기 관리를 위한 순환경제 데이터 표준 및 감사용 레포트",
    "data": [
        {
            "sentence": "본 문서는 순환경제 및 제품 수명주기 관리(Design for Disassembly 포함)를 위한 데이터 표준과 운영 절차를 정의합니다.",
            "id": "sample_065_0026_000001",
            "annotations": []
        },
        {
            "sentence": "문서 범위에는 제품 BOM, 소재 명세서, 제조 배치 이력, 추적 식별자, 텔레메트리, 반품·수리 로그, 재제조 검사 및 재활용 처리 보고서가 포함됩니다.",
            "id": "sample_065_0026_000002",
            "annotations": []
        },
        {
            "sentence": "식별자는 GTIN, UUID, 그리고 내부 persistent ID 규칙을 우선 사용하여 시스템 간 일관성과 추적 가능성을 확보합니다.",
            "id": "sample_065_0026_000003",
            "annotations": []
        },
        {
            "sentence": "예시 매핑: 제품 GTIN 8801234567890 은 내부 UUID 123e4567-e89b-12d3-a456-426655440000 에 매핑되며 매핑 테이블은 버전관리됩니다.",
            "id": "sample_065_0026_000004",
            "annotations": []
        },
        {
            "sentence": "BOM 레코드는 GTIN, SKU, serial number, 부품 UUID, 재료 eClass 코드 및 중량(kg)을 포함한 JSON로 표준화하여 저장합니다.",
            "id": "sample_065_0026_000005",
            "annotations": []
        },
        {
            "sentence": "모든 중량 단위는 SI단위(kg)로 정규화하며 원시 입력단위(g→kg 등)에 대한 변환 로직을 메타데이터로 기록합니다.",
            "id": "sample_065_0026_000006",
            "annotations": []
        },
        {
            "sentence": "변환 예시: 입력 450 g → 변환식: kg = g / 1000 → 저장값 0.45 kg, 변환 로그는 audit trail에 기록됩니다.",
            "id": "sample_065_0026_000007",
            "annotations": []
        },
        {
            "sentence": "소재 명세서에는 각 소재의 질량(kg), 화학성분 표준명, 재생원료 비율(%) 및 eClass/UNSPSC 분류를 포함합니다.",
            "id": "sample_065_0026_000008",
            "annotations": []
        },
        {
            "sentence": "예: ABS 플라스틱 0.120 kg, 재생원료 30 %, eClass 27-17-01-01 등의 필드를 포함하며 질량수지 검증을 자동화합니다.",
            "id": "sample_065_0026_000009",
            "annotations": []
        },
        {
            "sentence": "제조 이력은 공장 코드, 배치 UUID, 생산일(ISO 8601), 검사결과와 함께 불변 서명 또는 원장 참조를 포함하여 저장합니다; 예: 공장A [SUPPLIER:ACME_CORP_REDACTED], batch UUID 123e4567-e89b-12d3-a456-426614174000.",
            "id": "sample_065_0026_000010",
            "annotations": [
                {
                    "word": "[SUPPLIER:ACME_CORP_REDACTED]",
                    "start": 82,
                    "end": 111,
                    "label": "기밀정보"
                }
            ]
        },
        {
            "sentence": "IoT/RFID/텔레메트리 이벤트는 원시 1초 해상도로 수집하되 저장은 집계 정책에 따라 1분/1시간 단위로 보관하고 원시는 7일간 보관합니다.",
            "id": "sample_065_0026_000011",
            "annotations": []
        },
        {
            "sentence": "텔레메트리 집계정책 예: 원시 1초 → 1분 평균(보관 2년) → 1시간 요약(보관 5년)이며 집계 알고리듬과 결손 보간법을 명시합니다.",
            "id": "sample_065_0026_000012",
            "annotations": []
        },
        {
            "sentence": "LCA 및 탄소 데이터는 ecoinvent v3.8 등의 신뢰 가능한 데이터베이스와 매핑하고 데이터셋 ID, 버전, 할당 방법론을 메타데이터로 기록합니다.",
            "id": "sample_065_0026_000013",
            "annotations": []
        },
        {
            "sentence": "제품 전과정 탄소발자국 예시: 생산·사용·폐기 총합 3.45 kgCO2e, 산출 근거는 ecoinvent v3.8 dataset X.Y.Z, 할당법: mass-based allocation입니다.",
            "id": "sample_065_0026_000014",
            "annotations": []
        },
        {
            "sentence": "규제·EPR 증빙 문서는 원본 PDF를 보관하고 전자 서명 및 타임스탬프(예: 2025-01-15T09:30:00Z) 또는 블록체인 트랜잭션 해시로 불변성을 확보합니다.",
            "id": "sample_065_0026_000015",
            "annotations": []
        },
        {
            "sentence": "레거시 ERP/PLM 연동 시 매핑 표를 제공하며 예를 들어 legacy.MAT_CODE → material_gtin, legacy.BATCH_ID → batch_uuid 등의 필드 변환 규칙을 문서화합니다.",
            "id": "sample_065_0026_000016",
            "annotations": []
        },
        {
            "sentence": "변환 규칙은 타입 변환(문자열→UUID), 단위 변환(g→kg), 코드 정규화(eClass 매핑) 및 예외 처리(미매핑시 알람)를 포함해야 합니다.",
            "id": "sample_065_0026_000017",
            "annotations": []
        },
        {
            "sentence": "질량 보전 규칙: 부품별 중량 합계와 제품 총중량 차이가 허용오차 1% 이상일 경우 자동 경고를 트리거하고 감사 로그를 생성합니다.",
            "id": "sample_065_0026_000018",
            "annotations": []
        },
        {
            "sentence": "재활용 처리 보고서는 투입물량, 처리방식(기계적/화학적), 회수수율(%), 잔류물 특성 및 처분 경로를 포함하고 분석 방법과 샘플링 계획을 명시합니다.",
            "id": "sample_065_0026_000019",
            "annotations": []
        },
        {
            "sentence": "반품 및 수리 로그 예시에는 반품 접수일, 반품 사유, 처리방법, 예상 수리비, 담당자 및 반품 고객 ID를 포함하되 고객 식별자는 암호화 또는 마스킹 처리해야 합니다; 예: 반품 고객 ID: CUST_PII_00045 (접근제한).",
            "id": "sample_065_0026_000020",
            "annotations": [
                {
                    "word": "CUST_PII_00045",
                    "start": 108,
                    "end": 122,
                    "label": "개인정보"
                }
            ]
        },
        {
            "sentence": "리버스 로지스틱스의 집하 지점 정보는 지역별 규제 적용을 위해 주소 수준으로 기록하되 접근제어를 적용합니다; 예: 집하 지점: 서울특별시 강남구.",
            "id": "sample_065_0026_000021",
            "annotations": [
                {
                    "word": "서울특별시",
                    "start": 71,
                    "end": 76,
                    "label": "준식별자"
                },
                {
                    "word": "강남구",
                    "start": 77,
                    "end": 80,
                    "label": "준식별자"
                }
            ]
        },
        {
            "sentence": "고객 연락처와 이메일 같은 개인 식별 정보는 평문 저장을 금지하며 예시 표기법으로는 고객 연락처: [PHONE_REDACTED_01], 이메일: [EMAIL_REDACTED] 와 같이 마스킹합니다.",
            "id": "sample_065_0026_000022",
            "annotations": [
                {
                    "word": "[PHONE_REDACTED_01]",
                    "start": 55,
                    "end": 74,
                    "label": "개인정보"
                },
                {
                    "word": "[EMAIL_REDACTED]",
                    "start": 81,
                    "end": 97,
                    "label": "개인정보"
                }
            ]
        },
        {
            "sentence": "내부 승인자와 결재선은 감사 가능하게 기록하되 실명 노출이 불가피한 경우 접근제어 메타데이터를 추가합니다; 예: 승인자: 손진용 (실명 비공개, 승인ID: AUTH_0001).",
            "id": "sample_065_0026_000023",
            "annotations": [
                {
                    "word": "손진용",
                    "start": 68,
                    "end": 71,
                    "label": "개인정보"
                }
            ]
        },
        {
            "sentence": "공급망 계약과 공급자 인증서(ISO, EPR 증빙 등)는 기밀로 분류하고 계약번호와 협력사 명칭은 마스킹 또는 접근제한을 통해 보호합니다; 예: 계약번호: [CONTRACT:CTR-2024-0007_REDACTED].",
            "id": "sample_065_0026_000024",
            "annotations": [
                {
                    "word": "[CONTRACT:CTR-2024-0007_REDACTED]",
                    "start": 87,
                    "end": 120,
                    "label": "기밀정보"
                }
            ]
        },
        {
            "sentence": "공급자 식별 정보도 기밀로 취급하며 접근 로그와 감사 토큰을 남깁니다; 예: 공급사: [SUPPLIER:공급사_아크메_REDACTED].",
            "id": "sample_065_0026_000025",
            "annotations": [
                {
                    "word": "[SUPPLIER:공급사_아크메_REDACTED]",
                    "start": 48,
                    "end": 75,
                    "label": "기밀정보"
                }
            ]
        },
        {
            "sentence": "재제조 및 리퍼비시 작업 지침과 검사 기록은 버전관리(설계 버전, 회수일자)와 함께 저장하고 디지털 서명으로 무결성을 확보합니다.",
            "id": "sample_065_0026_000026",
            "annotations": []
        },
        {
            "sentence": "이미지와 CAD 도면은 파일 해시(예: SHA-256)와 원본 보관 정책을 적용하며 감사용으로 원본 파일과 전자서명 사본을 함께 유지합니다.",
            "id": "sample_065_0026_000027",
            "annotations": []
        },
        {
            "sentence": "결론 및 액션 아이템: 원본 보관, 디지털 서명 적용, 접근제어 정책 시행, LCA 근거 명시, ERP/PLM 매핑 문서화, 자동화된 품질검증 규칙 도입을 권고합니다; 감사 문의: 감사 연락처: [EMAIL_REDACTED].",
            "id": "sample_065_0026_000028",
            "annotations": []
        }
    ]
}