{
    "document_id": "065_0073",
    "document_title": "순환경제 및 제품 수명주기 관리 통합 데이터 사양서",
    "data": [
        {
            "sentence": "문서 목적: 본 문서는 순환경제 및 제품 수명주기 관리를 위한 데이터 사양과 운영지침을 규정합니다.",
            "id": "sample_065_0073_000001",
            "annotations": []
        },
        {
            "sentence": "범위: 설계부터 제조, 유통, 사용, 수리·재제조, 재활용, 폐기까지 모든 단계의 데이터 표준화를 다룹니다.",
            "id": "sample_065_0073_000002",
            "annotations": []
        },
        {
            "sentence": "주요 목표는 소재 흐름 추적, 재사용 가능성 예측, 규제 준수 증빙 및 경제성 분석을 제공하는 것입니다.",
            "id": "sample_065_0073_000003",
            "annotations": []
        },
        {
            "sentence": "식별자 표준: 제품·소재 식별자는 GTIN과 UUID를 기본 식별자로 사용하며 시스템 간 일관성을 유지하도록 요구합니다.",
            "id": "sample_065_0073_000004",
            "annotations": []
        },
        {
            "sentence": "샘플 BOM 항목 표기: GTIN=0881234567890, SKU=SK-000123, part_uuid=123e4567-e89b-12d3-a456-426614174000 으로 표준화합니다.",
            "id": "sample_065_0073_000005",
            "annotations": []
        },
        {
            "sentence": "소재 명세 예시: 알루미늄(Al) 0.045 kg, 폴리카보네이트(PC) 0.012 kg, 재생원료 비율 25%로 SI 단위로 기록합니다.",
            "id": "sample_065_0073_000006",
            "annotations": []
        },
        {
            "sentence": "단위 변환 로직은 명시적으로 문서화하며 예: value_kg = value_g / 1000 로 계산합니다.",
            "id": "sample_065_0073_000007",
            "annotations": []
        },
        {
            "sentence": "LCA·탄소 데이터는 ecoinvent v3.8 데이터베이스와 매핑하고, 사용한 방법론은 ISO 14044로 명시합니다.",
            "id": "sample_065_0073_000008",
            "annotations": []
        },
        {
            "sentence": "설계_for_disassembly 지표는 분해시간, 분해단계수, 표준툴 필요여부로 정량화하여 BOM에 연계합니다.",
            "id": "sample_065_0073_000009",
            "annotations": []
        },
        {
            "sentence": "제조 이력 샘플: 공장=부산공장, 배치번호=BCH-20240512-01, 제조일자=2024-05-12, 소스와 타임스탬프 포함합니다.",
            "id": "sample_065_0073_000010",
            "annotations": []
        },
        {
            "sentence": "IoT/RFID 이벤트는 원시 1초 수집 후 저장 시 1분, 1시간 집계 정책을 적용하고 집계 주기와 보관주기를 명시합니다.",
            "id": "sample_065_0073_000011",
            "annotations": []
        },
        {
            "sentence": "위치 로그 예시(마스킹): 위도=37.5665N, 경도=126.9780E (마스킹 처리됨, 접근 제어 적용).",
            "id": "sample_065_0073_000012",
            "annotations": [
                {
                    "word": "위도=37.5665N",
                    "start": 15,
                    "end": 26,
                    "label": "준식별자"
                },
                {
                    "word": "경도=126.9780E",
                    "start": 28,
                    "end": 40,
                    "label": "준식별자"
                }
            ]
        },
        {
            "sentence": "반품 및 수리 레코드 예: 접수일=2024-06-01, 사유=화면파손, 처리방법=수리, 수리비=45.50 EUR로 기록합니다.",
            "id": "sample_065_0073_000013",
            "annotations": []
        },
        {
            "sentence": "반품 고객 정보(마스킹): 이름=천소을 (접근제어: role=service_agent), 연락처=010-****-1234, 이메일=c******@example.com.",
            "id": "sample_065_0073_000014",
            "annotations": [
                {
                    "word": "천소을",
                    "start": 18,
                    "end": 21,
                    "label": "개인정보"
                },
                {
                    "word": "010-****-1234",
                    "start": 54,
                    "end": 67,
                    "label": "개인정보"
                },
                {
                    "word": "c******@example.com",
                    "start": 73,
                    "end": 92,
                    "label": "개인정보"
                }
            ]
        },
        {
            "sentence": "재제조 검사 보고서는 검사자 서명, 검사일, 판정 결과 및 검사 사진을 포함하며 원본을 유지합니다.",
            "id": "sample_065_0073_000015",
            "annotations": []
        },
        {
            "sentence": "재활용 처리 보고서 예: 처리방식=기계적분해, 총투입질량=5.7 kg, 회수수율=78.5%, 잔류물=1.22 kg을 기록합니다.",
            "id": "sample_065_0073_000016",
            "annotations": []
        },
        {
            "sentence": "공급자 인증서 및 증빙문서는 원본 보관과 접근 제어를 통해 감사 가능하도록 관리하며 메타데이터를 포함합니다.",
            "id": "sample_065_0073_000017",
            "annotations": []
        },
        {
            "sentence": "공급 계약(기밀): 계약번호=CN-2024-0091, 해당 계약의 상세 조건은 내부 기밀로 분류됩니다.",
            "id": "sample_065_0073_000018",
            "annotations": [
                {
                    "word": "CN-2024-0091",
                    "start": 16,
                    "end": 28,
                    "label": "기밀정보"
                }
            ]
        },
        {
            "sentence": "재무 정보(기밀): 공급자 계좌번호=123-****-**** (마스킹), 결제조건과 지불계획은 제한적 공개입니다.",
            "id": "sample_065_0073_000019",
            "annotations": [
                {
                    "word": "123-****-****",
                    "start": 20,
                    "end": 33,
                    "label": "기밀정보"
                }
            ]
        },
        {
            "sentence": "레거시 ERP/PLM 연동을 위해 필드 매핑 표와 변환 규칙, 테스트 케이스를 문서화하여 정합성을 확보합니다.",
            "id": "sample_065_0073_000020",
            "annotations": []
        },
        {
            "sentence": "예: ERP.billing_account -> PLM.finance.acc_no 매핑과 변환 규칙은 정규화, 단위변환, 마스킹 규칙을 포함합니다.",
            "id": "sample_065_0073_000021",
            "annotations": []
        },
        {
            "sentence": "내부 시스템 참조(기밀): 내부 URL=intranet.corp.local, 접근은 VPN 및 MFA로 보호하고 로그를 기록합니다.",
            "id": "sample_065_0073_000022",
            "annotations": [
                {
                    "word": "intranet.corp.local",
                    "start": 22,
                    "end": 41,
                    "label": "기밀정보"
                }
            ]
        },
        {
            "sentence": "데이터 품질 검증 룰: 부품 중량 합계 ≒ 제품 총중량 허용오차 ±0.5% 자동화 검증과 이상치 경고를 트리거합니다.",
            "id": "sample_065_0073_000023",
            "annotations": []
        },
        {
            "sentence": "대량 텔레메트리 보관 정책: 원시 1초 데이터는 30일 보관, 1분 집계는 1년, 1시간 집계는 7년으로 보관합니다.",
            "id": "sample_065_0073_000024",
            "annotations": []
        },
        {
            "sentence": "버전 관리 및 증빙 프로세스: 각 레코드는 소스, 타임스탬프, 디지털 서명 또는 불변 원장 참조(tx=0xabc123def456)을 포함합니다.",
            "id": "sample_065_0073_000025",
            "annotations": []
        },
        {
            "sentence": "ERP/PLM 통합 부록에는 필드 매핑 테이블 A와 변환 로직, 레거시 값 매핑 규칙 및 테스트 케이스가 포함됩니다.",
            "id": "sample_065_0073_000026",
            "annotations": []
        },
        {
            "sentence": "이미지 및 CAD 도면은 원본과 메타데이터(촬영일, 담당자ID, 소스 시스템)를 함께 저장하여 추적 가능성을 확보합니다.",
            "id": "sample_065_0073_000027",
            "annotations": []
        },
        {
            "sentence": "검토 및 연락처(내부): 검토 담당자=진채윤 (접근제어: role=auditor), 검토기한은 2024-07-15입니다.",
            "id": "sample_065_0073_000028",
            "annotations": [
                {
                    "word": "진채윤",
                    "start": 21,
                    "end": 24,
                    "label": "개인정보"
                }
            ]
        },
        {
            "sentence": "규제 보고용 문서는 디지털 서명과 타임스탬프를 포함하고 원본을 장기 보관하여 감사에 대비합니다.",
            "id": "sample_065_0073_000029",
            "annotations": []
        },
        {
            "sentence": "행동 항목: 1) BOM 정규화 2) 소재 재생원료 검증 3) 텔레메트리 집계 정책 재검토 4) 내부 접근 권한 검증을 수행합니다.",
            "id": "sample_065_0073_000030",
            "annotations": []
        }
    ]
}