{
    "document_id": "065_0008",
    "document_title": "제품 순환경제 및 제품 수명주기 관리 - BOM·트레이서빌리티·LCA 통합보고서",
    "data": [
        {
            "sentence": "본 문서는 제품 순환경제 및 제품 수명주기 관리(BOM·트레이서빌리티·LCA) 통합보고서로서 감사 가능성을 위한 추적정보를 포함합니다.",
            "id": "sample_065_0008_000001",
            "annotations": []
        },
        {
            "sentence": "문서 ID는 065_0008이며 버전 관리는 설계·회수·재제조 시점별 Git-like 버전 태깅으로 수행됩니다.",
            "id": "sample_065_0008_000002",
            "annotations": []
        },
        {
            "sentence": "제품 식별자는 GTIN: 8801234567890 및 serial UUID: 550e8400-e29b-41d4-a716-446655440000으로 표준화되어 기록됩니다.",
            "id": "sample_065_0008_000003",
            "annotations": []
        },
        {
            "sentence": "BOM은 부품별 GTIN, UUID, eClass 코드 및 중량(kg)로 정규화되어 있으며 매핑 테이블을 별도 시트에 제공합니다.",
            "id": "sample_065_0008_000004",
            "annotations": []
        },
        {
            "sentence": "소재 명세서는 각 구성요소의 중량(kg), 화학성분, 재생원료 비율(%)을 SI단위로 기재하고 변환 로직을 문서화합니다.",
            "id": "sample_065_0008_000005",
            "annotations": []
        },
        {
            "sentence": "예를 들어 플라스틱 하우징은 0.350 kg이며 구성은 ABS 0.210 kg(60%), PVC 0.070 kg(20%), 재생 PE 0.070 kg(20%)로 표기됩니다.",
            "id": "sample_065_0008_000006",
            "annotations": []
        },
        {
            "sentence": "단위 변환 로직 예: g→kg는 값/1000, %→kg는 (총중량*비율/100)으로 계산되며 자동화 규칙에 포함됩니다.",
            "id": "sample_065_0008_000007",
            "annotations": []
        },
        {
            "sentence": "제조 이력에는 공장 코드, 배치번호, 제조일자, 검사결과, 타임스탬프 및 디지털서명이 포함되어 불변성을 보장합니다.",
            "id": "sample_065_0008_000008",
            "annotations": []
        },
        {
            "sentence": "샘플 제조 레코드: 공장 AK-3, 배치 LOT-20250115-A, 제조일자 2025-01-15T08:30:00Z, 서명 txid: 0x7f9a3b1c2d4e5f6a7b8c9d0e1f2a3b4c.",
            "id": "sample_065_0008_000009",
            "annotations": []
        },
        {
            "sentence": "회수 및 반품 로그는 고객 반품 사유, 처리방법, 수리비, 회수 위치 로그와 함께 저장되며 개인 정보는 별도 접근제어 필드로 마스킹합니다.",
            "id": "sample_065_0008_000010",
            "annotations": []
        },
        {
            "sentence": "담당자: 백지헌 (데이터 엔지니어, 접근권한: role:data_engineer)이 품질·트레이서빌리티 데이터의 소유자로 등록되어 있습니다.",
            "id": "sample_065_0008_000011",
            "annotations": [
                {
                    "word": "백지헌",
                    "start": 5,
                    "end": 8,
                    "label": "개인정보"
                }
            ]
        },
        {
            "sentence": "내부 결재선: 오영만 승인 (기밀), 결재 타임스탬프 2025-01-20T10:05:00Z.",
            "id": "sample_065_0008_000012",
            "annotations": [
                {
                    "word": "오영만",
                    "start": 8,
                    "end": 11,
                    "label": "개인정보"
                },
                {
                    "word": "내부 결재선: 오영만 승인",
                    "start": 0,
                    "end": 14,
                    "label": "기밀정보"
                }
            ]
        },
        {
            "sentence": "검사 담당 사번: 20230045는 내부 시스템에서 암호화 및 접근로그가 필요합니다.",
            "id": "sample_065_0008_000013",
            "annotations": [
                {
                    "word": "사번: 20230045",
                    "start": 6,
                    "end": 18,
                    "label": "개인정보"
                }
            ]
        },
        {
            "sentence": "재제조 품질보고서 담당 연락처: 진나연 이메일 jin.nayun[at]example.com (접근제한)으로 기록되며 원본은 접근제어 하에 보관됩니다.",
            "id": "sample_065_0008_000014",
            "annotations": [
                {
                    "word": "진나연",
                    "start": 18,
                    "end": 21,
                    "label": "개인정보"
                },
                {
                    "word": "jin.nayun[at]example.com",
                    "start": 26,
                    "end": 50,
                    "label": "개인정보"
                }
            ]
        },
        {
            "sentence": "반품 고객 연락처 원본: 010-1234-5678은 저장 시 마스킹되어 로그에 기록됩니다.",
            "id": "sample_065_0008_000015",
            "annotations": [
                {
                    "word": "010-1234-5678",
                    "start": 14,
                    "end": 27,
                    "label": "개인정보"
                }
            ]
        },
        {
            "sentence": "반품 레코드의 고객 준식별자 예: 생년월일 1985-06-15, 주소(시군구) 서울특별시 강남구는 분석시 익명화 규칙을 적용합니다.",
            "id": "sample_065_0008_000016",
            "annotations": [
                {
                    "word": "1985-06-15",
                    "start": 24,
                    "end": 34,
                    "label": "준식별자"
                },
                {
                    "word": "서울특별시 강남구",
                    "start": 44,
                    "end": 53,
                    "label": "준식별자"
                }
            ]
        },
        {
            "sentence": "대량 텔레메트리는 원시 1초 샘플을 수집하되 저장은 1분 평균 및 1시간 합계로 집계하고 보관 주기는 원시 7일, 집계 10년으로 정책화합니다.",
            "id": "sample_065_0008_000017",
            "annotations": []
        },
        {
            "sentence": "센서 이벤트 예: timestamp 2025-01-21T12:00:00Z, device_id UUID: 123e4567-e89b-12d3-a456-426614174000, 마모지수 0.03으로 로깅됩니다.",
            "id": "sample_065_0008_000018",
            "annotations": []
        },
        {
            "sentence": "LCA 데이터는 ecoinvent v3.8, database: ecoinvent 3.8, 합성수명주기 방법론 ReCiPe 2016 H/A를 메타데이터로 명시합니다.",
            "id": "sample_065_0008_000019",
            "annotations": []
        },
        {
            "sentence": "질량수지는 부품 중량 합계 ≒ 제품 총중량 허용오차 ±0.5% 규칙으로 자동화 검증하며 이상치 발생 시 알람을 트리거합니다.",
            "id": "sample_065_0008_000020",
            "annotations": []
        },
        {
            "sentence": "레거시 ERP/PLM 연동을 위한 필드 매핑 예: ERP.ItemCode→GTIN, ERP.MatWeight_g→BOM.weight_kg(변환: g/1000)을 문서화합니다.",
            "id": "sample_065_0008_000021",
            "annotations": []
        },
        {
            "sentence": "GTIN-UUID 매핑 테이블 예시: {GTIN:8801234567890 ↔ UUID:550e8400-e29b-41d4-a716-446655440000}은 동기화 규칙에 의해 업데이트됩니다.",
            "id": "sample_065_0008_000022",
            "annotations": []
        },
        {
            "sentence": "재활용 처리보고서에는 처리 방식(기계적·화학적), 회수수율(%), 잔류물 무게(kg) 및 처리장 로트번호가 포함됩니다.",
            "id": "sample_065_0008_000023",
            "annotations": []
        },
        {
            "sentence": "2025-01-22 처리: 기계적 재활용, 투입 100.0 kg → 재생원료 72.4 kg(72.4%), 비활성 잔류물 27.6 kg, 처리 로트 RLOT-20250122-01.",
            "id": "sample_065_0008_000024",
            "annotations": []
        },
        {
            "sentence": "공급자 계약서에는 가격·납기·비밀유지조항이 포함되며 문서명 '계약서: [기밀] 주식회사 엘지화학'로 파일서버에 보관됩니다.",
            "id": "sample_065_0008_000025",
            "annotations": [
                {
                    "word": "주식회사 엘지화학",
                    "start": 44,
                    "end": 53,
                    "label": "기밀정보"
                }
            ]
        },
        {
            "sentence": "회수 비용 정산을 위한 계좌정보 예시(기밀): 계좌번호 123-456-789012, 은행 코드 004은 별도 암호화 저장소에 보관합니다.",
            "id": "sample_065_0008_000026",
            "annotations": [
                {
                    "word": "계좌번호 123-456-789012",
                    "start": 26,
                    "end": 45,
                    "label": "기밀정보"
                }
            ]
        },
        {
            "sentence": "내부 파일경로 및 시스템 정보는 기밀로 간주됩니다. 예: 파일 /srv/plm/secret_design.pdf, 서버 IP 10.0.0.15.",
            "id": "sample_065_0008_000027",
            "annotations": [
                {
                    "word": "/srv/plm/secret_design.pdf",
                    "start": 35,
                    "end": 61,
                    "label": "기밀정보"
                },
                {
                    "word": "10.0.0.15",
                    "start": 69,
                    "end": 78,
                    "label": "기밀정보"
                }
            ]
        },
        {
            "sentence": "모든 레코드는 소스(author), 타임스탬프, UUID, 그리고 디지털 서명 또는 불변 원장(txid) 참조로 추적 가능해야 합니다.",
            "id": "sample_065_0008_000028",
            "annotations": []
        },
        {
            "sentence": "권장 조치: 개인정보 항목은 저장 시 암호화·마스킹하고 접근 로그와 권한 테이블을 구현하십시오.",
            "id": "sample_065_0008_000029",
            "annotations": []
        },
        {
            "sentence": "본 문서는 감사용 원본을 보존하고 디지털 서명과 버전 이력을 통해 규제보고(EPR) 요구사항을 충족하도록 설계되었습니다.",
            "id": "sample_065_0008_000030",
            "annotations": []
        }
    ]
}