{
    "document_id": "065_0078",
    "document_title": "순환경제 및 제품 수명주기 관리 통합 데이터 표준 및 운영 지침",
    "data": [
        {
            "sentence": "본 문서는 순환경제 및 제품 수명주기 관리를 위한 통합 데이터 표준과 운영 지침을 기술합니다.",
            "id": "sample_065_0078_000001",
            "annotations": []
        },
        {
            "sentence": "적용 범위는 제품 설계, 제조, 유통, 사용, 수리·재제조, 재활용 및 규제 보고에 이릅니다.",
            "id": "sample_065_0078_000002",
            "annotations": []
        },
        {
            "sentence": "다루는 데이터 유형은 정적 문서(CAD, PDF), 반정형 BOM(JSON/XML), 시계열 텔레메트리(CSV/TSDB), 이미지 및 블록체인 증빙입니다.",
            "id": "sample_065_0078_000003",
            "annotations": []
        },
        {
            "sentence": "제품·부품 식별자는 GTIN과 UUID를 우선 사용하여 시스템 간 일관성을 유지하도록 규정합니다.",
            "id": "sample_065_0078_000004",
            "annotations": []
        },
        {
            "sentence": "샘플 매핑: GTIN 00850700012345 → UUID e7b1f3a2-9c4b-4d2a-ae12-3f9c0b5d6a77; 이 테이블은 ERP/PLM 연동 시 참조됩니다.",
            "id": "sample_065_0078_000005",
            "annotations": []
        },
        {
            "sentence": "제품_BOM은 부품ID(GTIN), 부품명, 수량, 개별 중량(g)를 포함하며 중량 단위는 SI로 정규화합니다.",
            "id": "sample_065_0078_000006",
            "annotations": []
        },
        {
            "sentence": "소재_명세서에는 각 소재의 중량(g), 화학성분(%), 재생원료 비율(%)을 기록하고 백분율 합계 검증을 수행합니다.",
            "id": "sample_065_0078_000007",
            "annotations": []
        },
        {
            "sentence": "단위 변환 로직 예시: g에서 kg은 value_kg = value_g / 1000으로 자동 변환되며 변환 소수점은 0.001kg 단위로 반올림합니다.",
            "id": "sample_065_0078_000008",
            "annotations": []
        },
        {
            "sentence": "질량수지 검증 규칙은 제품 중량 ≒ 부품 중량 합계 ±0.5%를 기준으로 하며 이상치는 자동경보를 트리거합니다.",
            "id": "sample_065_0078_000009",
            "annotations": []
        },
        {
            "sentence": "LCA·탄소 데이터는 데이터베이스(e.g., ecoinvent v3.8) 및 사용한 방법론(CML 2001 또는 ISO 14040/44)을 메타데이터로 기록합니다.",
            "id": "sample_065_0078_000010",
            "annotations": []
        },
        {
            "sentence": "제조_배치_이력은 공장코드, 라인, 배치번호, 제조일자와 타임스탬프(예: 2025-01-15T08:30:00Z)를 포함하여 불변성을 보장합니다.",
            "id": "sample_065_0078_000011",
            "annotations": []
        },
        {
            "sentence": "대량 텔레메트리는 원시 1초 단위 수집 후 저장은 1분 및 1시간 단위로 집계하며 원본은 30일 보관 정책을 적용합니다.",
            "id": "sample_065_0078_000012",
            "annotations": []
        },
        {
            "sentence": "집계 보관 주기는 1분집계는 1년, 1시간집계는 7년으로 설정하여 장기분석과 규제증빙을 지원합니다.",
            "id": "sample_065_0078_000013",
            "annotations": []
        },
        {
            "sentence": "공급망 계약정보는 접근제어 대상이며 예시 계약번호는 CNTR-2024-0456으로 기록되어 기밀로 취급합니다.",
            "id": "sample_065_0078_000014",
            "annotations": [
                {
                    "word": "CNTR-2024-0456",
                    "start": 29,
                    "end": 43,
                    "label": "기밀정보"
                }
            ]
        },
        {
            "sentence": "프로젝트 담당자: 문조안; 내부 연락 이메일은 moonj@example.com이며 개인식별정보는 접근제한과 마스킹 정책이 적용됩니다.",
            "id": "sample_065_0078_000015",
            "annotations": [
                {
                    "word": "문조안",
                    "start": 10,
                    "end": 13,
                    "label": "개인정보"
                },
                {
                    "word": "moonj@example.com",
                    "start": 26,
                    "end": 43,
                    "label": "개인정보"
                }
            ]
        },
        {
            "sentence": "현장 책임자: 이하진, 사번 EMP-000345로 레코드에 저장되며 사번은 개인정보로 분류되어 암호화됩니다.",
            "id": "sample_065_0078_000016",
            "annotations": [
                {
                    "word": "이하진",
                    "start": 8,
                    "end": 11,
                    "label": "개인정보"
                },
                {
                    "word": "EMP-000345",
                    "start": 16,
                    "end": 26,
                    "label": "개인정보"
                }
            ]
        },
        {
            "sentence": "반품 주소 예시(테스트 데이터): 서울특별시 강남구 테헤란로 5, 반품 라벨에는 상세주소를 마스킹하고 접근 권한을 엄격히 제어합니다.",
            "id": "sample_065_0078_000017",
            "annotations": [
                {
                    "word": "서울특별시 강남구 테헤란로 5",
                    "start": 19,
                    "end": 35,
                    "label": "개인정보"
                }
            ]
        },
        {
            "sentence": "수리 로그 샘플에는 고객 생년월일 1985-05-12 및 성별 여성이 준식별자로 기록되어 통계적 익명화가 필요합니다.",
            "id": "sample_065_0078_000018",
            "annotations": [
                {
                    "word": "1985-05-12",
                    "start": 19,
                    "end": 29,
                    "label": "준식별자"
                },
                {
                    "word": "여성",
                    "start": 35,
                    "end": 37,
                    "label": "준식별자"
                }
            ]
        },
        {
            "sentence": "공급자 지급 정보는 재무기밀이며 예시 계좌번호 123-456-789012는 기밀정보로 분류되어 접근 통제가 필요합니다.",
            "id": "sample_065_0078_000019",
            "annotations": [
                {
                    "word": "123-456-789012",
                    "start": 26,
                    "end": 40,
                    "label": "기밀정보"
                }
            ]
        },
        {
            "sentence": "시스템 통합에는 레거시 서버 IP 10.0.3.45와 파일 경로가 포함되며 이러한 기술정보는 기밀정보로 관리해야 합니다.",
            "id": "sample_065_0078_000020",
            "annotations": [
                {
                    "word": "10.0.3.45",
                    "start": 19,
                    "end": 28,
                    "label": "기밀정보"
                }
            ]
        },
        {
            "sentence": "레거시 ERP→신규 PLM 필드 매핑 표는 legacy_part_code→part.gtin, legacy_weight_g→part.weight_g 등의 규칙과 변환 스크립트를 포함합니다.",
            "id": "sample_065_0078_000021",
            "annotations": []
        },
        {
            "sentence": "BOM과 제조 이력은 버전관리 시스템에 체크인하여 설계 변경, 회수 및 재제조 시점별 스냅샷을 유지합니다.",
            "id": "sample_065_0078_000022",
            "annotations": []
        },
        {
            "sentence": "재제조 검사 보고서에는 작업지침, 테스트 기록, 검사자 서명, 디지털 서명 또는 블록체인 트랜잭션ID를 포함하여 감사 가능하도록 저장합니다.",
            "id": "sample_065_0078_000023",
            "annotations": []
        },
        {
            "sentence": "재활용 처리 보고서에는 처리방식, 수율(예: 금속 92.5%), 잔류물(불용물 kg) 및 관련 사진과 CAD 스냅샷이 포함됩니다.",
            "id": "sample_065_0078_000024",
            "annotations": []
        },
        {
            "sentence": "주요 KPI는 재사용률, 회수비용, 회수율, 처리 단가이며 모든 KPI는 소스와 계산식을 메타데이터로 보존합니다.",
            "id": "sample_065_0078_000025",
            "annotations": []
        },
        {
            "sentence": "데이터 품질 검증 자동화는 무게 합계 검증, 질량수지 오류 및 텔레메트리 이상치를 탐지하면 운영자에게 이메일 알림을 보냅니다.",
            "id": "sample_065_0078_000026",
            "annotations": []
        },
        {
            "sentence": "이미지 및 CAD 도면은 접근 제어 정책을 적용하며 민감한 설계정보는 기밀로 라벨링하고 다운로드 로그를 기록합니다.",
            "id": "sample_065_0078_000027",
            "annotations": []
        },
        {
            "sentence": "문서 소유 및 최종 책임자: 주하빈; 소유자 정보는 변경이력과 함께 버전별로 기록됩니다.",
            "id": "sample_065_0078_000028",
            "annotations": [
                {
                    "word": "주하빈",
                    "start": 16,
                    "end": 19,
                    "label": "개인정보"
                }
            ]
        },
        {
            "sentence": "각 레코드는 원본 파일, 소스 시스템, 타임스탬프, 생성자ID 및 디지털 서명을 포함하여 추적 가능(provenance)하게 관리됩니다.",
            "id": "sample_065_0078_000029",
            "annotations": []
        },
        {
            "sentence": "행동 항목: 1) GTIN-UUID 매핑 테이블 검증, 2) 개인식별정보 마스킹 정책 시행, 3) 기밀계약 항목의 접근 제어 강화, 4) LCA 데이터베이스 매핑 검토.",
            "id": "sample_065_0078_000030",
            "annotations": []
        }
    ]
}