{
    "document_id": "083_0092",
    "document_title": "제품규격서 및 배치보고서: 봄정원(Spring Garden) 오드퍼퓸",
    "data": [
        {
            "sentence": "본 문서는 향료·향수 산업용 제품의 규격, 분석결과, 관능·안정성 평가 및 규제적합성 검토를 위해 작성된 배치보고서입니다.",
            "id": "sample_083_0092_000001",
            "annotations": []
        },
        {
            "sentence": "제품 식별자는 Product ID: FRG-2026-001이며 포뮬레이션 식별자는 Formulation ID: FML-0092로 내부 추적에 사용됩니다.",
            "id": "sample_083_0092_000002",
            "annotations": [
                {
                    "word": "FRG-2026-001",
                    "start": 20,
                    "end": 32,
                    "label": "기밀정보"
                },
                {
                    "word": "FML-0092",
                    "start": 62,
                    "end": 70,
                    "label": "기밀정보"
                }
            ]
        },
        {
            "sentence": "향명은 한국어 '봄정원'과 영어 'Spring Garden'으로 표기되며 제품군은 Eau de Parfum(약 20% parfum concentrate)입니다.",
            "id": "sample_083_0092_000003",
            "annotations": []
        },
        {
            "sentence": "배치번호는 BATCH-20260115-07이며 본 배치의 제조일은 2026-01-15로 기록되어 있습니다.",
            "id": "sample_083_0092_000004",
            "annotations": [
                {
                    "word": "BATCH-20260115-07",
                    "start": 6,
                    "end": 23,
                    "label": "기밀정보"
                },
                {
                    "word": "2026",
                    "start": 12,
                    "end": 16,
                    "label": "준식별자"
                },
                {
                    "word": "2026",
                    "start": 37,
                    "end": 41,
                    "label": "준식별자"
                },
                {
                    "word": "01",
                    "start": 16,
                    "end": 18,
                    "label": "준식별자"
                },
                {
                    "word": "01",
                    "start": 42,
                    "end": 44,
                    "label": "준식별자"
                },
                {
                    "word": "15",
                    "start": 18,
                    "end": 20,
                    "label": "준식별자"
                },
                {
                    "word": "15",
                    "start": 45,
                    "end": 47,
                    "label": "준식별자"
                }
            ]
        },
        {
            "sentence": "유통기한은 제조일로부터 36개월로 설정하였고 보관조건은 실온(15-25°C), 직사광선 차단, 건조한 장소를 권장합니다.",
            "id": "sample_083_0092_000005",
            "annotations": []
        },
        {
            "sentence": "다음은 본 제품의 원료목록 개요이며 각 항목에 CAS 번호, 역할, 비율(표준단위)을 표기합니다; 핵심 상업비밀은 마스킹 표기합니다.",
            "id": "sample_083_0092_000006",
            "annotations": []
        },
        {
            "sentence": "Ethanol denat. (CAS 64-17-5): 역할 = 용매/캐리어, 비율 = 70.0 % v/v(완제품 기준), 위험성: 인화성(H225) 및 눈 자극 관련 주의사항 표기.",
            "id": "sample_083_0092_000007",
            "annotations": []
        },
        {
            "sentence": "Perfume concentrate (향료콘센트레이트): 원료명/CAS/역할/비율을 기록하되 핵심 배합비는 기밀로 마스킹하여 기재합니다(상세비율 비공개).",
            "id": "sample_083_0092_000008",
            "annotations": [
                {
                    "word": "기밀",
                    "start": 60,
                    "end": 62,
                    "label": "기밀정보"
                }
            ]
        },
        {
            "sentence": "Linalool (CAS 78-70-6): 역할 = 향료성분(플로럴-우디 보조), 비율 = 약 4.0 % (콘센트레이트 기준), IFRA·EU 알레르겐 표시에 반영됨.",
            "id": "sample_083_0092_000009",
            "annotations": []
        },
        {
            "sentence": "Limonene (CAS 5989-27-5): 역할 = 탑노트 시트러스, 비율 = 약 3.5 % (콘센트레이트 기준), 산화에 의한 알레르기 유발 가능성 표기 필요.",
            "id": "sample_083_0092_000010",
            "annotations": []
        },
        {
            "sentence": "Linalyl acetate (CAS 115-95-7): 역할 = 프루티·라벤더 계열 보조, 비율 = 약 2.0 % (콘센트레이트 기준), 산화 안정성 관리 권고.",
            "id": "sample_083_0092_000011",
            "annotations": []
        },
        {
            "sentence": "Geraniol (CAS 106-24-1): 역할 = 로즈·그린 계열 향료, 비율 = 약 1.5 % (콘센트레이트 기준), IFRA 제한량 검토 완료.",
            "id": "sample_083_0092_000012",
            "annotations": []
        },
        {
            "sentence": "Coumarin (CAS 91-64-5): 역할 = 향베이스 조화, 비율 = 0.20 % (콘센트레이트 기준), EU 규제 및 라벨 표기 대상 알레르겐으로 관리.",
            "id": "sample_083_0092_000013",
            "annotations": []
        },
        {
            "sentence": "Hydroxycitronellal (CAS 107-75-5): 역할 = 플로럴 부스트, 비율 = 0.01 % (콘센트레이트 기준), IFRA 및 EU 제한값을 초과하지 않도록 설계됨.",
            "id": "sample_083_0092_000014",
            "annotations": []
        },
        {
            "sentence": "Proprietary Aroma Blend (기밀, 상세비율 비공개): 핵심 조성은 상업적 비밀로 마스킹 처리되어 내부 품질관리 시에만 확인 가능합니다.",
            "id": "sample_083_0092_000015",
            "annotations": [
                {
                    "word": "Proprietary Aroma Blend",
                    "start": 0,
                    "end": 23,
                    "label": "기밀정보"
                }
            ]
        },
        {
            "sentence": "GC-MS 요약: 분석장비 = Agilent 7890B GC + 5977B MSD, 컬럼 = DB-5ms 30m×0.25mm×0.25µm, 주입모드 = split 50:1, 온도프로그램 = 40°C(2min) → 280°C@5°C/min.",
            "id": "sample_083_0092_000016",
            "annotations": []
        },
        {
            "sentence": "GC-MS 주요 피크(상대면적): Linalool RI 1098, 18.2%; Limonene RI 1031, 14.5%; Linalyl acetate RI 1250, 8.7%; 기타 미검출 임계값은 0.01% 이하로 보고됨.",
            "id": "sample_083_0092_000017",
            "annotations": []
        },
        {
            "sentence": "SDS 요약: 연료성 액체(에탄올 포함)로 H225 인화성, H319 눈 자극, 취급 시 환기·화기엄금·보호장갑 권고; 전체 SDS 최신판 링크는 내부 포털에 보관되어 있습니다.",
            "id": "sample_083_0092_000018",
            "annotations": []
        },
        {
            "sentence": "IFRA 적합성: 본 포뮬레이션은 IFRA 50th amendment 기준으로 검토하였으며, 현재 조성으로는 '적합(status: 적합)' 판정되었습니다; 근거는 개별 알레르겐 함량과 제품 접촉유형 비교입니다.",
            "id": "sample_083_0092_000019",
            "annotations": []
        },
        {
            "sentence": "알레르겐 함량(완제품 기준, 예시값): Linalool 0.28% w/w, Limonene 0.25% w/w, Geraniol 0.11% w/w, Coumarin 0.015% w/w; 표시는 IFRA·EU 규정에 따라 수행됩니다.",
            "id": "sample_083_0092_000020",
            "annotations": []
        },
        {
            "sentence": "관능평가 요약: 판넬 수 n=12, 주관적 묘사 = '라이트 플로럴-녹색, 프루티 톤', 강도(mean±SD) = 6.2±0.8/10, 지속성(mean±SD) = 4.1±0.9/10로 기록되었습니다.",
            "id": "sample_083_0092_000021",
            "annotations": []
        },
        {
            "sentence": "안정성(가속): 40°C 3개월 가속시험에서 색차 ΔE<2, 침전·혼탁 없음, 향 프로파일 변화는 GC-MS 상 최대 성분별 변화 ±8% 범위 내로 확인되었습니다.",
            "id": "sample_083_0092_000022",
            "annotations": []
        },
        {
            "sentence": "안정성(장기): 25°C 장기 24개월 예측시험 결과 색상 및 물리적 안정성 양호, 권장 유통기간 36개월과 일치하는 결과로 판단됩니다.",
            "id": "sample_083_0092_000023",
            "annotations": []
        },
        {
            "sentence": "배치 기록 및 QC 시트는 내부 문서로 보관되며 파일 경로는 \\\\corp\\\\recipes\\\\FML-0092\\\\batch_07.pdf에 저장되어 있고 접근은 권한자에 한해 허용됩니다.",
            "id": "sample_083_0092_000024",
            "annotations": [
                {
                    "word": "\\\\corp\\\\recipes\\\\FML-0092\\\\batch_07.pdf",
                    "start": 34,
                    "end": 73,
                    "label": "기밀정보"
                },
                {
                    "word": "FML-0092",
                    "start": 51,
                    "end": 59,
                    "label": "기밀정보"
                }
            ]
        },
        {
            "sentence": "문서 작성자: 강병주, 검토자: 이진숙; 작성·검토 이력은 배치 기록에 서명된 내부 로그로 보관됩니다.",
            "id": "sample_083_0092_000025",
            "annotations": [
                {
                    "word": "강병주",
                    "start": 8,
                    "end": 11,
                    "label": "개인정보"
                },
                {
                    "word": "이진숙",
                    "start": 18,
                    "end": 21,
                    "label": "개인정보"
                }
            ]
        },
        {
            "sentence": "공급자 정보(요약): AromaPure Inc. 공급, 공급자 로트는 LOT-AP-202511A로 내부 추적되며 로트별 품질편차 관리를 수행하였습니다(로트 상세값은 기밀관리).",
            "id": "sample_083_0092_000026",
            "annotations": [
                {
                    "word": "AromaPure Inc.",
                    "start": 12,
                    "end": 26,
                    "label": "준식별자"
                },
                {
                    "word": "LOT-AP-202511A",
                    "start": 39,
                    "end": 53,
                    "label": "기밀정보"
                }
            ]
        },
        {
            "sentence": "규제·라벨링 노트: 완제품 라벨에는 알레르겐 성분 표기와 연관 위해문구가 포함되어야 하며 EU CLP·IFRA 라벨링 가이드라인을 준수합니다.",
            "id": "sample_083_0092_000027",
            "annotations": []
        },
        {
            "sentence": "품질담당 연락처 및 후속조치: 품질담당자 권시훈이 책임자로 지정되어 있으며 추가 분석 또는 재검토가 필요할 경우 내부 요청 프로세스를 통해 샘플을 회수합니다.",
            "id": "sample_083_0092_000028",
            "annotations": [
                {
                    "word": "권시훈",
                    "start": 23,
                    "end": 26,
                    "label": "개인정보"
                }
            ]
        }
    ]
}