{
    "document_id": "083_0066",
    "document_title": "그린 시트 포뮬레이션 및 시험보고서 (Green Sheet) 083-0066",
    "data": [
        {
            "sentence": "본 문서는 그린 시트(Green Sheet) 제품의 포뮬레이션, 분석, 관능 및 안정성 결과를 종합한 내부 시험보고서입니다.",
            "id": "sample_083_0066_000001",
            "annotations": []
        },
        {
            "sentence": "제품ID는 PROD-083-0066이며 포뮬레이션ID는 FORM-083-0066-01로 내부 추적에 사용됩니다.",
            "id": "sample_083_0066_000002",
            "annotations": [
                {
                    "word": "PROD-083-0066",
                    "start": 6,
                    "end": 19,
                    "label": "기밀정보"
                },
                {
                    "word": "FORM-083-0066-01",
                    "start": 31,
                    "end": 47,
                    "label": "기밀정보"
                }
            ]
        },
        {
            "sentence": "향명: 그린 시트 2025 에디션(Green Sheet 2025 Edition).",
            "id": "sample_083_0066_000003",
            "annotations": []
        },
        {
            "sentence": "배치번호 BATCH-20250115-083, 제조일 2025-01-15에 생산된 샘플을 분석 대상으로 지정했습니다.",
            "id": "sample_083_0066_000004",
            "annotations": [
                {
                    "word": "BATCH-20250115-083",
                    "start": 5,
                    "end": 23,
                    "label": "기밀정보"
                },
                {
                    "word": "2025",
                    "start": 11,
                    "end": 15,
                    "label": "준식별자"
                },
                {
                    "word": "2025",
                    "start": 29,
                    "end": 33,
                    "label": "준식별자"
                },
                {
                    "word": "01",
                    "start": 15,
                    "end": 17,
                    "label": "준식별자"
                },
                {
                    "word": "01",
                    "start": 34,
                    "end": 36,
                    "label": "준식별자"
                },
                {
                    "word": "15",
                    "start": 17,
                    "end": 19,
                    "label": "준식별자"
                },
                {
                    "word": "15",
                    "start": 37,
                    "end": 39,
                    "label": "준식별자"
                }
            ]
        },
        {
            "sentence": "원료목록은 아래와 같으며 모든 비율 단위는 w/w(%)로 표기합니다.",
            "id": "sample_083_0066_000005",
            "annotations": []
        },
        {
            "sentence": "Linalool, CAS 78-70-6, 역할: 중간향료, 비율: 2.1% (w/w).",
            "id": "sample_083_0066_000006",
            "annotations": []
        },
        {
            "sentence": "Limonene, CAS 5989-27-5, 역할: 탑노트 증강, 비율: 1.4% (w/w).",
            "id": "sample_083_0066_000007",
            "annotations": []
        },
        {
            "sentence": "Citral (neral/geranial), CAS 5392-40-5, 역할: 싱그러운 톤 부여, 비율: 0.05% (w/w), EU 알레르겐 표기 대상.",
            "id": "sample_083_0066_000008",
            "annotations": []
        },
        {
            "sentence": "Coumarin, CAS 91-64-5, 역할: 베이스 보강, 비율: 0.02% (w/w), IFRA/유럽 규제 주의 대상 성분.",
            "id": "sample_083_0066_000009",
            "annotations": []
        },
        {
            "sentence": "Alpha-Isomethyl Ionone, CAS 127-51-5, 역할: 플로럴 베이스, 비율: 0.5% (w/w).",
            "id": "sample_083_0066_000010",
            "annotations": []
        },
        {
            "sentence": "Proprietary Accord A, 역할: 중간/베이스 아코드, 비율: <10% (w/w, trade secret), 성분 상세는 상업비밀로 마스킹합니다.",
            "id": "sample_083_0066_000011",
            "annotations": [
                {
                    "word": "Proprietary Accord A",
                    "start": 0,
                    "end": 20,
                    "label": "기밀정보"
                }
            ]
        },
        {
            "sentence": "Solvent: Ethanol denat., CAS 64-17-5, 역할: 용매, 비율: 82.73% (w/w), 보관: 실온(15-25°C) 권장.",
            "id": "sample_083_0066_000012",
            "annotations": []
        },
        {
            "sentence": "GC-MS 분석 요약 및 조건을 아래에 기술합니다.",
            "id": "sample_083_0066_000013",
            "annotations": []
        },
        {
            "sentence": "분석조건: 컬럼 DB-5MS 30m×0.25mm×0.25µm, 주입분할 50:1, 운반가스 He 1.0 mL/min, 주입온도 250°C.",
            "id": "sample_083_0066_000014",
            "annotations": []
        },
        {
            "sentence": "온도프로그램: 40°C(2min) → 10°C/min → 250°C(5min), 이온화: EI 70 eV, 검출기: MSD, 분석일 2025-01-18.",
            "id": "sample_083_0066_000015",
            "annotations": [
                {
                    "word": "2025",
                    "start": 74,
                    "end": 78,
                    "label": "준식별자"
                },
                {
                    "word": "01",
                    "start": 79,
                    "end": 81,
                    "label": "준식별자"
                },
                {
                    "word": "18",
                    "start": 82,
                    "end": 84,
                    "label": "준식별자"
                }
            ]
        },
        {
            "sentence": "RI(상대지수, DB-5 기준) 참조: Linalool RI 1093, Limonene RI 1028, Alpha-Isomethyl Ionone RI 1950.",
            "id": "sample_083_0066_000016",
            "annotations": []
        },
        {
            "sentence": "주요 피크 및 상대농도(분석결과 요약): Linalool 2.0% (RI1093), Limonene 1.3% (RI1028), Alpha-Isomethyl Ionone 0.48%.",
            "id": "sample_083_0066_000017",
            "annotations": []
        },
        {
            "sentence": "GC-MS 주석: Proprietary Accord A 구성 일부는 기업 기밀로 인해 피크 매칭의 전체 스펙트럼은 비공개 처리합니다.",
            "id": "sample_083_0066_000018",
            "annotations": [
                {
                    "word": "Proprietary Accord A",
                    "start": 10,
                    "end": 30,
                    "label": "기밀정보"
                }
            ]
        },
        {
            "sentence": "SDS 요약: 인화성(H225, ethanol 포함), 피부 자극 가능성(H315), 눈 자극(H319) 참고, 응급조치 및 PPE 권장.",
            "id": "sample_083_0066_000019",
            "annotations": []
        },
        {
            "sentence": "공개 SDS 링크: https://public-sds.example.org/Fragrance0830066.pdf (최신 업데이트: 2025-01-10).",
            "id": "sample_083_0066_000020",
            "annotations": [
                {
                    "word": "2025",
                    "start": 73,
                    "end": 77,
                    "label": "준식별자"
                },
                {
                    "word": "01",
                    "start": 78,
                    "end": 80,
                    "label": "준식별자"
                },
                {
                    "word": "10",
                    "start": 81,
                    "end": 83,
                    "label": "준식별자"
                }
            ]
        },
        {
            "sentence": "IFRA 적합성: 본 포뮬레이션은 IFRA 가이드라인에 따른 Class II 제품으로 평가되며, 제안 사용농도 3%에서 적합으로 판단됩니다.",
            "id": "sample_083_0066_000021",
            "annotations": []
        },
        {
            "sentence": "알레르겐 함량(성분별 w/w%): Linalool 2.1%, Limonene 1.4%, Citral 0.05%, Coumarin 0.02%.",
            "id": "sample_083_0066_000022",
            "annotations": []
        },
        {
            "sentence": "관능평가: 패널 12명, 평가일 2025-01-20, 평균 강도(Intensity) 6.2 ±0.8, 지속성(Longevity) 5.1 ±1.0, 확산력(Sillage) 5.6 ±0.9.",
            "id": "sample_083_0066_000023",
            "annotations": [
                {
                    "word": "2025",
                    "start": 18,
                    "end": 22,
                    "label": "준식별자"
                },
                {
                    "word": "01",
                    "start": 23,
                    "end": 25,
                    "label": "준식별자"
                },
                {
                    "word": "20",
                    "start": 18,
                    "end": 20,
                    "label": "준식별자"
                },
                {
                    "word": "20",
                    "start": 26,
                    "end": 28,
                    "label": "준식별자"
                }
            ]
        },
        {
            "sentence": "안정성(가속): 40°C 4주 가속시험 결과 색도 변화 ΔE < 1.5, 침전 및 분리 관찰되지 않음, 향 분해 지수 3/10.",
            "id": "sample_083_0066_000024",
            "annotations": []
        },
        {
            "sentence": "장기안정성 예측: 25°C 조건에서 12개월 추적 결과 실측값과 유사하여 권장 유통기한은 24개월로 설정합니다.",
            "id": "sample_083_0066_000025",
            "annotations": []
        },
        {
            "sentence": "제조일 2025-01-15, 권장 유통기한 만료일 2027-01-14(24개월)로 표기하며 배치별 검증을 권장합니다.",
            "id": "sample_083_0066_000026",
            "annotations": [
                {
                    "word": "2025",
                    "start": 4,
                    "end": 8,
                    "label": "준식별자"
                },
                {
                    "word": "01",
                    "start": 9,
                    "end": 11,
                    "label": "준식별자"
                },
                {
                    "word": "01",
                    "start": 33,
                    "end": 35,
                    "label": "준식별자"
                },
                {
                    "word": "15",
                    "start": 12,
                    "end": 14,
                    "label": "준식별자"
                },
                {
                    "word": "2027",
                    "start": 28,
                    "end": 32,
                    "label": "준식별자"
                },
                {
                    "word": "14",
                    "start": 36,
                    "end": 38,
                    "label": "준식별자"
                }
            ]
        },
        {
            "sentence": "저장조건: 직사광선 회피, 실온 15-25°C, 밀봉 상태로 보관하십시오.",
            "id": "sample_083_0066_000027",
            "annotations": []
        },
        {
            "sentence": "공급자: 향료코리아(가명), 공급로트 LOT-AX9-2024-11, 원료 로트별 변동성 및 소싱 문서를 별도 보관합니다.",
            "id": "sample_083_0066_000028",
            "annotations": [
                {
                    "word": "향료코리아(가명)",
                    "start": 5,
                    "end": 14,
                    "label": "기밀정보"
                },
                {
                    "word": "LOT-AX9-2024-11",
                    "start": 21,
                    "end": 36,
                    "label": "기밀정보"
                }
            ]
        },
        {
            "sentence": "QC 승인자: 문승곤, 개발 담당자: 백아현, 본 문서의 상세 레시피 접근은 권한 보유자에 한해 제한됩니다.",
            "id": "sample_083_0066_000029",
            "annotations": [
                {
                    "word": "문승곤",
                    "start": 8,
                    "end": 11,
                    "label": "개인정보"
                },
                {
                    "word": "백아현",
                    "start": 21,
                    "end": 24,
                    "label": "개인정보"
                }
            ]
        },
        {
            "sentence": "권장조치: IFRA 제한 성분 대체 검토, 장기 모니터링 계획 수립, 상업비밀 레시피 접근 권한 최소화를 권고합니다.",
            "id": "sample_083_0066_000030",
            "annotations": []
        }
    ]
}