{
    "document_id": "083_0016",
    "document_title": "PF-083-0016 향수 제품 규격서 및 안정성/관능평가 보고서",
    "data": [
        {
            "sentence": "본 문서는 PF-083-0016 제품에 대한 포뮬레이션, 분석, 관능, 안정성 및 규제준수 정보를 종합한 기술·품질 문서입니다.",
            "id": "sample_083_0016_000001",
            "annotations": []
        },
        {
            "sentence": "제품ID: PF-083-0016, 포뮬레이션ID: FML-0016-A로 내부 추적체계에 등록되어 있습니다.",
            "id": "sample_083_0016_000002",
            "annotations": []
        },
        {
            "sentence": "향명(한국어): 라이트 시트러스 블룸, Fragrance name (EN): Light Citrus Bloom.",
            "id": "sample_083_0016_000003",
            "annotations": []
        },
        {
            "sentence": "배치번호: BATCH-083-20250115로 제조 라인 및 생산기록과 연계되어 있습니다.",
            "id": "sample_083_0016_000004",
            "annotations": [
                {
                    "word": "BATCH-083-20250115",
                    "start": 6,
                    "end": 24,
                    "label": "기밀정보"
                }
            ]
        },
        {
            "sentence": "제조일: 2025-01-15에 생산되었으며, 제조 장비 및 조건은 배치기록에 상세기재되어 있습니다.",
            "id": "sample_083_0016_000005",
            "annotations": [
                {
                    "word": "2025",
                    "start": 5,
                    "end": 9,
                    "label": "준식별자"
                },
                {
                    "word": "01",
                    "start": 10,
                    "end": 12,
                    "label": "준식별자"
                },
                {
                    "word": "15",
                    "start": 13,
                    "end": 15,
                    "label": "준식별자"
                }
            ]
        },
        {
            "sentence": "유통기한: 2027-01-14(일반 보관조건 기준, 개봉 전 권장 보관기간)로 표기합니다.",
            "id": "sample_083_0016_000006",
            "annotations": [
                {
                    "word": "2027",
                    "start": 6,
                    "end": 10,
                    "label": "준식별자"
                },
                {
                    "word": "01",
                    "start": 11,
                    "end": 13,
                    "label": "준식별자"
                },
                {
                    "word": "14",
                    "start": 14,
                    "end": 16,
                    "label": "준식별자"
                }
            ]
        },
        {
            "sentence": "저장조건: 직사광선 회피, 15~25°C 건냉소에 보관, 고온·동결 회피를 권장합니다.",
            "id": "sample_083_0016_000007",
            "annotations": []
        },
        {
            "sentence": "원료목록(주요 성분, CAS, 역할, 질량%): Linalool (CAS 78-70-6) — 주요 톱노트 보조제 2.30% w/w; Limonene (CAS 5989-27-5) — 시트러스 코어 1.80% w/w; Citral (CAS 5392-40-5) — 향명 강화 0.50% w/w; Coumarin (CAS 91-64-5) — 베이스 노트 조정 0.12% w/w; Ethanol denat. — 용매 75.00% v/v; 향료 보조제 등 기타 19.28% w/w(총합 표준화).",
            "id": "sample_083_0016_000008",
            "annotations": []
        },
        {
            "sentence": "기밀 레시피 항목(상업비밀): [REDACTED: TRADE_SECRET_FORMULA_083]로 내부 원본 문서에만 완전배합이 보관됩니다.",
            "id": "sample_083_0016_000009",
            "annotations": [
                {
                    "word": "[REDACTED: TRADE_SECRET_FORMULA_083]",
                    "start": 17,
                    "end": 53,
                    "label": "기밀정보"
                }
            ]
        },
        {
            "sentence": "주요 공급자: AromaCo Ltd. (로트: AROM-2024-09-15-Lot23), NaturalEssence Korea (로트: NEK-2024-08-Lot08)로 원료 로트관리 및 COA가 연동됩니다.",
            "id": "sample_083_0016_000010",
            "annotations": [
                {
                    "word": "AromaCo Ltd.",
                    "start": 8,
                    "end": 20,
                    "label": "기밀정보"
                },
                {
                    "word": "AROM-2024-09-15-Lot23",
                    "start": 26,
                    "end": 47,
                    "label": "기밀정보"
                },
                {
                    "word": "2024",
                    "start": 31,
                    "end": 35,
                    "label": "준식별자"
                },
                {
                    "word": "2024",
                    "start": 80,
                    "end": 84,
                    "label": "준식별자"
                },
                {
                    "word": "09",
                    "start": 36,
                    "end": 38,
                    "label": "준식별자"
                },
                {
                    "word": "15",
                    "start": 39,
                    "end": 41,
                    "label": "준식별자"
                },
                {
                    "word": "NaturalEssence Korea",
                    "start": 50,
                    "end": 70,
                    "label": "기밀정보"
                },
                {
                    "word": "NEK-2024-08-Lot08",
                    "start": 76,
                    "end": 93,
                    "label": "기밀정보"
                },
                {
                    "word": "08",
                    "start": 85,
                    "end": 87,
                    "label": "준식별자"
                },
                {
                    "word": "08",
                    "start": 91,
                    "end": 93,
                    "label": "준식별자"
                }
            ]
        },
        {
            "sentence": "GC-MS 분석(요약 메타데이터): 장비 Agilent 7890B/5977B, 컬럼 DB-5ms 30m×0.25mm×0.25µm, 주입모드 split 50:1, 운반가스 He 1.0 mL/min, 온도프로그램 40°C(2min)→10°C/min→280°C(5min), RI 참조자료: C7–C40 n-alkane.",
            "id": "sample_083_0016_000011",
            "annotations": []
        },
        {
            "sentence": "GC-MS 주요 피크(상대면적, RI): Limonene RI 1032 — 18.4% area; Linalool RI 1097 — 12.5% area; Citral RI 1256 — 3.8% area; Coumarin RI 1260 — 0.9% area. 스펙트럼 원본과 메타데이터는 LIMS에 저장됨.",
            "id": "sample_083_0016_000012",
            "annotations": []
        },
        {
            "sentence": "SDS 요약 및 링크: 안전데이터시트는 일반위해성, 응급처치, 취급·보관, 노출통제 섹션 포함; 상세 SDS 온라인 접근: https://sds.example.com/FR0830016(내부 접근권한 필요).",
            "id": "sample_083_0016_000013",
            "annotations": []
        },
        {
            "sentence": "IFRA 적합성: 본 제형은 IFRA 최신 가이드라인을 기준으로 평가하였으며, Fine Fragrance(범주 1) 한도 내로 적합(status: compliant) 판정되었습니다; 근거는 성분별 제한값과 혼합물 농도 비교입니다.",
            "id": "sample_083_0016_000014",
            "annotations": []
        },
        {
            "sentence": "알레르겐 개별 함량(표준 단위 % w/w): Linalool 2.30%; Limonene 1.80%; Citral 0.50%; Coumarin 0.12%; 기타 규제 성분 미감지 또는 불검출한계 이하 보고.",
            "id": "sample_083_0016_000015",
            "annotations": []
        },
        {
            "sentence": "알레르겐 총량 및 라벨링 권고: EU 알레르겐 규정 기준으로 상기 성분은 INCI표시에 표기해야 하며, linalool, limonene 등은 소비자 라벨에 명시하도록 권고합니다.",
            "id": "sample_083_0016_000016",
            "annotations": []
        },
        {
            "sentence": "관능검사(패널): 전문 패널 12명 참여(블라인드, n=12), 향 강도(mean ± SD) 6.8 ± 0.6(1-10점), 지속성(mean ± SD) 5.4 ± 0.8, 시알리지(mean ± SD) 4.9 ± 0.7로 표준화된 점수 체계로 기록되었습니다.",
            "id": "sample_083_0016_000017",
            "annotations": []
        },
        {
            "sentence": "관능 서술: 톱노트는 밝은 시트러스, 미들노트는 화이트 플로럴, 베이스는 가벼운 머스크-우디 계열로 평가되었으며 패널 자유서술 요약본은 별첨에 보관합니다.",
            "id": "sample_083_0016_000018",
            "annotations": []
        },
        {
            "sentence": "가속 안정성(가속시험): 40°C ±2°C에서 6주간 보관 후 외관, 색상, 향 변화율 측정결과, 색도 ΔE < 1.5, 침전·혼탁 없음, 향 강도 변화 +/−10% 이내로 허용기준 충족.",
            "id": "sample_083_0016_000019",
            "annotations": []
        },
        {
            "sentence": "장기 안정성: 25°C ±2°C, 상대습도 60% 조건에서 12개월 관찰 결과, 색상 안정성 양호, Linalool 산화에 따른 미세한 향 프로파일 변화 감지(정량변화 < 5%).",
            "id": "sample_083_0016_000020",
            "annotations": []
        },
        {
            "sentence": "QC 시트 요약: 규격항목(비중, 굴절률, GC-MS 주요피크, 알레르겐 한도 등)을 모두 확인하였고 최종 검수자 QC 승인자: 서송연.",
            "id": "sample_083_0016_000021",
            "annotations": [
                {
                    "word": "서송연",
                    "start": 72,
                    "end": 75,
                    "label": "개인정보"
                }
            ]
        },
        {
            "sentence": "배치 기록 확인 담당자 서명: 담당자: 손한서(품질관리) — 전수검사 항목 및 COA 대조 완료 표기는 내부 문서에 보관됩니다.",
            "id": "sample_083_0016_000022",
            "annotations": [
                {
                    "word": "손한서",
                    "start": 22,
                    "end": 25,
                    "label": "개인정보"
                }
            ]
        },
        {
            "sentence": "라벨링·규제 노트: 제품에는 INCI 성분표 및 EU 알레르겐 의무 고지를 준수하여 표기하며, 국가별 규제 목록(FDA, EU Cosmetics Regulation 등)과의 교차검토 결과 별도 제한성 없음.",
            "id": "sample_083_0016_000023",
            "annotations": []
        },
        {
            "sentence": "안전경고 예시: Coumarin (CAS 91-64-5)은 민감자에서 알레르기 반응을 유발할 수 있으므로 소비자 라벨에 경고 문구 권장 및 SDS 참조 안내를 포함합니다.",
            "id": "sample_083_0016_000024",
            "annotations": []
        },
        {
            "sentence": "공급가 및 상업적 정보는 내부 정책상 비공개로 처리하며, 공개 불가 항목으로 표기: 공급가: [MASKED: 가격정보].",
            "id": "sample_083_0016_000025",
            "annotations": [
                {
                    "word": "[MASKED: 가격정보]",
                    "start": 52,
                    "end": 66,
                    "label": "기밀정보"
                }
            ]
        },
        {
            "sentence": "레시피 권리 및 IP: 본 제품의 배합비 및 제조공정은 상업비밀(Trade secret)로 분류되며 상세 배합은 내부 보안 문서로 관리됩니다.",
            "id": "sample_083_0016_000026",
            "annotations": []
        },
        {
            "sentence": "최종 승인일자(내부 문서): 승인일: 2025-01-20, 문서 버전 관리는 전자서명 로그와 연동합니다.",
            "id": "sample_083_0016_000027",
            "annotations": [
                {
                    "word": "2025",
                    "start": 21,
                    "end": 25,
                    "label": "준식별자"
                },
                {
                    "word": "01",
                    "start": 26,
                    "end": 28,
                    "label": "준식별자"
                },
                {
                    "word": "20",
                    "start": 21,
                    "end": 23,
                    "label": "준식별자"
                },
                {
                    "word": "20",
                    "start": 29,
                    "end": 31,
                    "label": "준식별자"
                }
            ]
        },
        {
            "sentence": "후속조치: 신원료 출처 변경 시 GC-MS 재분석 및 관능 재검토 시행, 공급자 로트 변경 시 추적성 보고서 제출 요구.",
            "id": "sample_083_0016_000028",
            "annotations": []
        },
        {
            "sentence": "추적메타데이터: 분석 기기 시리얼 및 장비 ID는 내부 추적을 위해 기록됨 — GC-MS 시리얼번호: GCMS-DS-99124(시험보고서 연결).",
            "id": "sample_083_0016_000029",
            "annotations": [
                {
                    "word": "GCMS-DS-99124",
                    "start": 57,
                    "end": 70,
                    "label": "기밀정보"
                }
            ]
        },
        {
            "sentence": "문서 관리: 해당 문서는 제조사/브랜드의 공식 배치기록 및 QC 시트와 연동되며 문서 소유자: 백아준이 책임자입니다.",
            "id": "sample_083_0016_000030",
            "annotations": [
                {
                    "word": "백아준",
                    "start": 53,
                    "end": 56,
                    "label": "개인정보"
                }
            ]
        }
    ]
}