{
    "document_id": "083_0020",
    "document_title": "향료/퍼퓸 포뮬레이션 및 규격·검증 보고서",
    "data": [
        {
            "sentence": "문서 요약: 본 문서는 향료·향수 제품의 포뮬레이션 스펙, 분석데이터, 관능평가, 안정성시험 및 규제 적합성을 기록한 기술보고서입니다.",
            "id": "sample_083_0020_000001",
            "annotations": []
        },
        {
            "sentence": "제품 기본정보: 제품ID PRD-2026-083, 포뮬레이션ID FORM-083-0001, 향명: 모던 시트러스(Modern Citrus).",
            "id": "sample_083_0020_000002",
            "annotations": [
                {
                    "word": "PRD-2026-083",
                    "start": 14,
                    "end": 26,
                    "label": "기밀정보"
                },
                {
                    "word": "FORM-083-0001",
                    "start": 36,
                    "end": 49,
                    "label": "기밀정보"
                }
            ]
        },
        {
            "sentence": "배치관리: 배치번호 BATCH-210406-07이 부여되었으며, 제조사는 향기원(주)이며 내부 배치기록과 연동하여 추적관리가 가능합니다.",
            "id": "sample_083_0020_000003",
            "annotations": [
                {
                    "word": "BATCH-210406-07",
                    "start": 11,
                    "end": 26,
                    "label": "기밀정보"
                },
                {
                    "word": "향기원(주)",
                    "start": 41,
                    "end": 47,
                    "label": "기밀정보"
                }
            ]
        },
        {
            "sentence": "포뮬레이션 요약: 본 레시피는 상업적 비밀(Trade secret) 보호 대상이며, 아래 원료 목록은 규제 준수를 위한 핵심 구성만 공개합니다.",
            "id": "sample_083_0020_000004",
            "annotations": []
        },
        {
            "sentence": "주요원료(표준단위: w/w): Limonene (CAS 5989-27-5) 12.50% w/w, Linalool (CAS 78-70-6) 8.20% w/w, Geraniol (CAS 106-24-1) 2.00% w/w, Ethyl maltol (CAS 4940-11-8) 0.50% w/w.",
            "id": "sample_083_0020_000005",
            "annotations": [
                {
                    "word": "Limonene (CAS 5989-27-5)",
                    "start": 17,
                    "end": 41,
                    "label": "일반정보"
                },
                {
                    "word": "Linalool (CAS 78-70-6)",
                    "start": 54,
                    "end": 76,
                    "label": "일반정보"
                }
            ]
        },
        {
            "sentence": "보조성분(총합계 표기): 기능성 솔벤트와 안정제 76.80% w/w로 표기하며, 상세 배분은 레시피 보호 사유로 마스킹합니다.",
            "id": "sample_083_0020_000006",
            "annotations": []
        },
        {
            "sentence": "GC-MS 분석조건 메타데이터: 컬럼 DB-5MS (30 m x 0.25 mm x 0.25 μm), 주입모드 split 50:1, 시료 1 μL, 운반기체 He 1.0 mL/min, 온도프로그램 40°C(3 min)→10°C/min→280°C(5 min), RI 기준 C7-C40.",
            "id": "sample_083_0020_000007",
            "annotations": []
        },
        {
            "sentence": "GC-MS 요약 결과: 주요 피크로 Limonene(RI 1026) 12.1% 상대농도, Linalool(RI 1100) 8.0% 상대농도, Geraniol(RI 1245) 1.9% 상대농도가 확인되었습니다.",
            "id": "sample_083_0020_000008",
            "annotations": []
        },
        {
            "sentence": "유해성 경고: Citral(CAS 5392-40-5, 알데하이드류)이 검출될 경우 피부감작성 우려가 있으므로 사용농도 및 라벨링 주의가 필요합니다.",
            "id": "sample_083_0020_000009",
            "annotations": []
        },
        {
            "sentence": "SDS 요약 및 링크: 최신 SDS는 내부관리번호로 관리하며 요약은 화재·건강·환경 위험표시가 포함됩니다; 외부 접근용 예시링크 https://example.com/sds/prd-083.",
            "id": "sample_083_0020_000010",
            "annotations": []
        },
        {
            "sentence": "IFRA 및 지역 규제 적합성: 본 포뮬레이션은 IFRA 최신 가이드라인을 기준으로 검토하였으며, 현재 상태: 적합(status)으로 판정되었습니다.",
            "id": "sample_083_0020_000011",
            "annotations": []
        },
        {
            "sentence": "알레르겐 함량(성분별, 단위: % w/w): Linalool 8.20%, Limonene 12.50%, Geraniol 2.00%, Citral 미검출(<0.01%로 정량한계 이하).",
            "id": "sample_083_0020_000012",
            "annotations": []
        },
        {
            "sentence": "관능평가 요약: 패널 수 12명, 평가항목: 향 묘사(시트러스·플로럴), 강도 평균 6.2(표준편차 0.8)/10, 지속성 평균 4.1(표준편차 0.9)/10.",
            "id": "sample_083_0020_000013",
            "annotations": []
        },
        {
            "sentence": "패널장: 박아현이 관능검사를 총괄하였으며, 개별 점수는 내부 관능시트에 기록되어 추적 가능합니다.",
            "id": "sample_083_0020_000014",
            "annotations": [
                {
                    "word": "박아현",
                    "start": 5,
                    "end": 8,
                    "label": "개인정보"
                }
            ]
        },
        {
            "sentence": "가속안정성(40°C, 4주) 결과: 색상변화 없음, 침전물 없음, GC-MS 상 주요 피크 비율 변화 <5%로 판정되었습니다.",
            "id": "sample_083_0020_000015",
            "annotations": []
        },
        {
            "sentence": "제조일: 2025-11-12, 저장조건: 실온(15~25°C), 직사광선 차단, 권장 보관용기: 갈색 유리.",
            "id": "sample_083_0020_000016",
            "annotations": [
                {
                    "word": "제조일: 2025-11-12",
                    "start": 0,
                    "end": 15,
                    "label": "준식별자"
                }
            ]
        },
        {
            "sentence": "유통기한: 2027-11-11(제조일로부터 24개월), 개봉 후 권장 사용기간 12개월로 표기하십시오.",
            "id": "sample_083_0020_000017",
            "annotations": [
                {
                    "word": "유통기한: 2027-11-11",
                    "start": 0,
                    "end": 16,
                    "label": "준식별자"
                }
            ]
        },
        {
            "sentence": "공급자 및 로트정보: 원료 공급자 아로마서플라이(주), 공급로트 AS-2025-0039(순도·불순물 분석서 내부 보관).",
            "id": "sample_083_0020_000018",
            "annotations": [
                {
                    "word": "아로마서플라이(주)",
                    "start": 19,
                    "end": 29,
                    "label": "기밀정보"
                },
                {
                    "word": "AS-2025-0039",
                    "start": 36,
                    "end": 48,
                    "label": "기밀정보"
                }
            ]
        },
        {
            "sentence": "품질문서 연계: 배치기록 ID BR-083-9901은 내부 전자시스템에 보관되며, QC 승인자 권현겸의 서명이 포함되어 있습니다.",
            "id": "sample_083_0020_000019",
            "annotations": [
                {
                    "word": "BR-083-9901",
                    "start": 17,
                    "end": 28,
                    "label": "기밀정보"
                },
                {
                    "word": "권현겸",
                    "start": 53,
                    "end": 56,
                    "label": "개인정보"
                }
            ]
        },
        {
            "sentence": "라벨링·규제노트: EU 화장품 규정 및 IFRA 알레르겐 고시 목록을 근거로 알레르겐 성분 및 사용상 주의사항을 라벨에 표기해야 합니다.",
            "id": "sample_083_0020_000020",
            "annotations": []
        },
        {
            "sentence": "생산관리: 생산책임자 양서현이 최종 생산승인을 담당하며, 생산공정 변경 시 재평가 프로세스를 가동해야 합니다.",
            "id": "sample_083_0020_000021",
            "annotations": [
                {
                    "word": "양서현",
                    "start": 12,
                    "end": 15,
                    "label": "개인정보"
                }
            ]
        },
        {
            "sentence": "공급망 리스크: 공급자 가격정보는 기밀로 관리되며 내부 코드 SPC-083로 분류된 자료는 별도 승인 없이 공개 불가합니다.",
            "id": "sample_083_0020_000022",
            "annotations": [
                {
                    "word": "SPC-083",
                    "start": 34,
                    "end": 41,
                    "label": "기밀정보"
                }
            ]
        },
        {
            "sentence": "추적성 메모: 출고시 추적바코드 T-TRACK-083-5541로 이력관리되며, 이 값은 물류·반품 처리에 필수입니다.",
            "id": "sample_083_0020_000023",
            "annotations": [
                {
                    "word": "T-TRACK-083-5541",
                    "start": 18,
                    "end": 34,
                    "label": "기밀정보"
                }
            ]
        },
        {
            "sentence": "개선권고: Linalool의 변동성(원료 로트별)을 고려하여 보존제 유형을 재검토하고, 표준화된 공급로트 관리 기준을 수립할 것을 권장합니다.",
            "id": "sample_083_0020_000024",
            "annotations": []
        },
        {
            "sentence": "결론 및 실행항목: QC팀은 2주 내에 가속안정성 결과를 재검증하고, 제품 라벨 초안을 규제팀에 제출하십시오; 담당 QC 담당: 손석빈.",
            "id": "sample_083_0020_000025",
            "annotations": [
                {
                    "word": "손석빈",
                    "start": 72,
                    "end": 75,
                    "label": "개인정보"
                }
            ]
        },
        {
            "sentence": "최종 확인 서명: 조향사 서명 양서현(전자서명 기록은 내부시스템에 보관됨).",
            "id": "sample_083_0020_000026",
            "annotations": [
                {
                    "word": "양서현",
                    "start": 17,
                    "end": 20,
                    "label": "개인정보"
                }
            ]
        },
        {
            "sentence": "데이터 파일 위치(내부 참조): GC-MS 원시데이터 경로 /internal/data/083_0020/raw 및 분석보고서 PDF는 내부서버에 보관됩니다.",
            "id": "sample_083_0020_000027",
            "annotations": [
                {
                    "word": "/internal/data/083_0020/raw",
                    "start": 33,
                    "end": 60,
                    "label": "기밀정보"
                }
            ]
        },
        {
            "sentence": "패널 참여자(예시): 조수미, 전성윤, 오용빈 등 12인으로 구성되어 있으며, 개별 성적표는 내부 관능시트에 암호화 보관됩니다.",
            "id": "sample_083_0020_000028",
            "annotations": [
                {
                    "word": "조수미",
                    "start": 12,
                    "end": 15,
                    "label": "개인정보"
                },
                {
                    "word": "전성윤",
                    "start": 17,
                    "end": 20,
                    "label": "개인정보"
                },
                {
                    "word": "오용빈",
                    "start": 22,
                    "end": 25,
                    "label": "개인정보"
                }
            ]
        }
    ]
}