{
    "document_id": "083_0012",
    "document_title": "오로라 우즈(Aurora Woods) 향료 배치 리포트",
    "data": [
        {
            "sentence": "본 문서는 향료·향수 산업용 신제품 'Aurora Woods' 포뮬레이션의 규제·품질·관능 평가 결과를 종합적으로 기록한 배치 리포트입니다.",
            "id": "sample_083_0012_000001",
            "annotations": []
        },
        {
            "sentence": "document_id 및 포뮬레이션 ID는 각각 '083_0012'와 'FORM_083_0012_A01'로 내부 추적에 사용됩니다.",
            "id": "sample_083_0012_000002",
            "annotations": []
        },
        {
            "sentence": "제품명(한국어/영문): 오로라 우즈 / Aurora Woods이며, 배치번호는 BATCH-083-20250115-01로 표기되어 있습니다.",
            "id": "sample_083_0012_000003",
            "annotations": [
                {
                    "word": "BATCH-083-20250115-01",
                    "start": 44,
                    "end": 65,
                    "label": "기밀정보"
                }
            ]
        },
        {
            "sentence": "제조일은 2025-01-15이며, 권장 유통기한은 제조일로부터 24개월(보관조건: 실온, 15-25°C, 직사광선 차단)으로 설정했습니다.",
            "id": "sample_083_0012_000004",
            "annotations": [
                {
                    "word": "2025-01-15",
                    "start": 5,
                    "end": 15,
                    "label": "준식별자"
                }
            ]
        },
        {
            "sentence": "원료 목록은 아래와 같으며, 비율 표기는 w/w 기준으로 기재되었습니다.",
            "id": "sample_083_0012_000005",
            "annotations": []
        },
        {
            "sentence": "원료 1: 라일라놀(Linalool) CAS 78-70-6, 역할: 대미향제 및 중간향, 비율: 1.20% w/w, 알레르겐 관련 경고를 포함합니다.",
            "id": "sample_083_0012_000006",
            "annotations": []
        },
        {
            "sentence": "원료 2: 리모넨(Limonene) CAS 5989-27-5, 역할: 탑노트 리프/시트러스, 비율: 0.85% w/w, 산화 시 알레르기 유발 가능성 있음.",
            "id": "sample_083_0012_000007",
            "annotations": []
        },
        {
            "sentence": "원료 3: 이소암일 아세테이트(Isamyl acetate) CAS 628-75-1, 역할: 프루티 보조, 비율: 0.40% w/w, 사용 농도는 IFRA 가이드라인 참조 중입니다.",
            "id": "sample_083_0012_000008",
            "annotations": []
        },
        {
            "sentence": "원료 4: 합성 우디노트(원료 코드: WOODY-SYN-01), CAS: N/A, 역할: 베이스노트, 비율: 5.50% w/w, 핵심 조성은 상업비밀로 부분 마스킹 처리했습니다.",
            "id": "sample_083_0012_000009",
            "annotations": [
                {
                    "word": "WOODY-SYN-01",
                    "start": 21,
                    "end": 33,
                    "label": "기밀정보"
                }
            ]
        },
        {
            "sentence": "핵심 레시피(상업비밀) [REDACTED] 항목은 Trade secret으로 지정되어 세부 배합비는 내부 전용 문서에만 존재합니다.",
            "id": "sample_083_0012_000010",
            "annotations": [
                {
                    "word": "핵심 레시피(상업비밀)",
                    "start": 0,
                    "end": 12,
                    "label": "기밀정보"
                }
            ]
        },
        {
            "sentence": "공급자 정보(가명): 파인아로마 코퍼레이션, 로트: PA-2024-11-07, 제공 원료는 로트별 분석증명서(CoA)를 통해 검증했습니다.",
            "id": "sample_083_0012_000011",
            "annotations": [
                {
                    "word": "파인아로마 코퍼레이션",
                    "start": 12,
                    "end": 23,
                    "label": "기밀정보"
                },
                {
                    "word": "PA-2024-11-07",
                    "start": 29,
                    "end": 42,
                    "label": "기밀정보"
                }
            ]
        },
        {
            "sentence": "위 공급자 이름 및 로트 정보는 계약상 비공개 항목으로 취급되므로 기밀정보로 분류됩니다.",
            "id": "sample_083_0012_000012",
            "annotations": []
        },
        {
            "sentence": "GC-MS 요약: 분석 컬럼 DB-5MS (30 m x 0.25 mm x 0.25 µm), 주입모드: split 50:1, 주입온도 250°C.",
            "id": "sample_083_0012_000013",
            "annotations": []
        },
        {
            "sentence": "GC 온도프로그램: 40°C 2분 유지, 5°C/min으로 280°C까지 승온, 최종 5분 유지 조건으로 분석했습니다.",
            "id": "sample_083_0012_000014",
            "annotations": []
        },
        {
            "sentence": "RI 참조는 C7-C30 n-alkane을 사용했고, 주요 피크와 상대 면적(% area)로 정량화하였습니다.",
            "id": "sample_083_0012_000015",
            "annotations": []
        },
        {
            "sentence": "GC-MS 주요 피크: Linalool RI 1097, 상대면적 34.2% area; Limonene RI 1030, 상대면적 18.5% area; Woody-Syn-01(비표준) 27.3% area.",
            "id": "sample_083_0012_000016",
            "annotations": []
        },
        {
            "sentence": "분석 한계는 정량한계(LOD) 0.5 ppm, 검출한계(LOQ) 1.5 ppm으로 보고했으며 해당 값은 분석기교정일자와 함께 QC 시트에 기록됩니다.",
            "id": "sample_083_0012_000017",
            "annotations": []
        },
        {
            "sentence": "SDS 요약: 주요 유해성정보는 피부 자극 및 감작성 가능성, 권장 PPE는 장갑 및 보호안경이며, 완전한 SDS는 내부 URL 또는 요청 시 제공됩니다.",
            "id": "sample_083_0012_000018",
            "annotations": []
        },
        {
            "sentence": "IFRA 적합성: 현재 포뮬레이션은 IFRA 현재 가이드라인(예시: Fragrance Class II)에 따라 적합(status: 적합)으로 평가되었으며 근거는 원료별 제한치 비교입니다.",
            "id": "sample_083_0012_000019",
            "annotations": []
        },
        {
            "sentence": "알레르겐 함량 요약: Linalool 1.20% w/w, Limonene 0.85% w/w, 해당 수치는 EU 알레르겐 표시에 따른 임계값을 기준으로 계산되었습니다.",
            "id": "sample_083_0012_000020",
            "annotations": []
        },
        {
            "sentence": "관능평가: 패널 크기 N=12, 평가항목은 향 묘사, 강도(0-10), 지속성(0-10), 평균 강도 6.8, 표준편차 0.9로 보고됩니다.",
            "id": "sample_083_0012_000021",
            "annotations": []
        },
        {
            "sentence": "관능 주관적 묘사는 '따뜻한 우디-라이트 라벤더 톤'으로 표기했으며, 정량 점수로 보완하여 재현성을 확보했습니다.",
            "id": "sample_083_0012_000022",
            "annotations": []
        },
        {
            "sentence": "안정성 시험: 가속(40°C, 3개월) 및 장기(25°C, 12개월) 조건에서 색변화, 침전 및 향 감소를 모니터링했으며 초기대비 향 감소율은 최대 12%입니다.",
            "id": "sample_083_0012_000023",
            "annotations": []
        },
        {
            "sentence": "품질관리 항목: 순도, 불순물 한계(예: Linalool 순도 ≥ 98.0% w/w), 비중, 굴절률 및 외관을 배치별로 확인했습니다.",
            "id": "sample_083_0012_000024",
            "annotations": []
        },
        {
            "sentence": "배치 기록 요약: 생산량 50 kg, 제조설비 ID 및 운영 파라미터는 내부 QC 시트에 기록되어 있으며 외부공개는 제한됩니다.",
            "id": "sample_083_0012_000025",
            "annotations": []
        },
        {
            "sentence": "품질 승인 담당자 서명란에 조향 책임자 엄동민이 최종 검토 및 승인하였음을 본 문서에 기재합니다.",
            "id": "sample_083_0012_000026",
            "annotations": [
                {
                    "word": "엄동민",
                    "start": 22,
                    "end": 25,
                    "label": "개인정보"
                }
            ]
        },
        {
            "sentence": "규제·라벨링 노트: 제품 라벨에는 알레르겐 성분을 INCI 명칭에 따라 표기하며 소비자 안전 문구를 추가합니다.",
            "id": "sample_083_0012_000027",
            "annotations": []
        },
        {
            "sentence": "행동 항목: 상업출시 전 최종 안정성 레포트와 IFRA 갱신 확인, 공급자 로트변동성 모니터링 계획 수립을 권고합니다.",
            "id": "sample_083_0012_000028",
            "annotations": []
        }
    ]
}