{
    "document_id": "083_0051",
    "document_title": "제품 규격서 및 IFRA 안전성 분석 리포트 - 새벽녘 오렌지 블룸 (PRD-AR-1023)",
    "data": [
        {
            "sentence": "문서 개요: 본 문서는 향료·향수 산업 상업적 검토와 규제 준수를 위한 제품 규격서 및 시험보고서 요약을 포함합니다.",
            "id": "sample_083_0051_000001",
            "annotations": []
        },
        {
            "sentence": "제품ID: PRD-AR-1023, 포뮬레이션ID: FORM-AR-2025-01로 내부 추적성과 배치관리 기준에 따라 표기합니다.",
            "id": "sample_083_0051_000002",
            "annotations": []
        },
        {
            "sentence": "향명(한국어/영문): 새벽녘 오렌지 블룸 / Dawn Orange Bloom, 제품 카테고리: 퍼퓸 코롱 타입(EDC 유사).",
            "id": "sample_083_0051_000003",
            "annotations": []
        },
        {
            "sentence": "배치번호: BATCH-20250110-08 (내부 추적용 고유번호)이며 배치 관련 상세기록은 QC 시트에 보관합니다.",
            "id": "sample_083_0051_000004",
            "annotations": [
                {
                    "word": "BATCH-20250110-08",
                    "start": 6,
                    "end": 23,
                    "label": "기밀정보"
                }
            ]
        },
        {
            "sentence": "제조사/브랜드: 아로마웍스(주) / 브랜드명: AromaWorks, 제조시설은 GMP 유사 품질관리 체계를 적용합니다.",
            "id": "sample_083_0051_000005",
            "annotations": [
                {
                    "word": "아로마웍스(주)",
                    "start": 9,
                    "end": 17,
                    "label": "준식별자"
                }
            ]
        },
        {
            "sentence": "제조책임자: 고영태 (생산관리)로 배치출하 전 최종 승인절차에 서명합니다.",
            "id": "sample_083_0051_000006",
            "annotations": [
                {
                    "word": "고영태",
                    "start": 7,
                    "end": 10,
                    "label": "개인정보"
                }
            ]
        },
        {
            "sentence": "제조일: 2025년 01월 10일.",
            "id": "sample_083_0051_000007",
            "annotations": [
                {
                    "word": "2025년",
                    "start": 5,
                    "end": 10,
                    "label": "준식별자"
                },
                {
                    "word": "01월",
                    "start": 11,
                    "end": 14,
                    "label": "준식별자"
                },
                {
                    "word": "10일",
                    "start": 15,
                    "end": 18,
                    "label": "준식별자"
                }
            ]
        },
        {
            "sentence": "유통기한(권장): 2027년 01월 09일까지, 단 저장조건 준수 시 권장기한입니다.",
            "id": "sample_083_0051_000008",
            "annotations": [
                {
                    "word": "2027년",
                    "start": 10,
                    "end": 15,
                    "label": "준식별자"
                },
                {
                    "word": "01월",
                    "start": 16,
                    "end": 19,
                    "label": "준식별자"
                },
                {
                    "word": "09일",
                    "start": 20,
                    "end": 23,
                    "label": "준식별자"
                }
            ]
        },
        {
            "sentence": "저장조건: 실온(15-25°C), 직사광선 차단, 건조 보관, 용기 밀봉 유지 권장.",
            "id": "sample_083_0051_000009",
            "annotations": []
        },
        {
            "sentence": "원료목록 개요(대표성분 중심, w/w 기준): 아래 항목은 규제·안전·분석 추적성을 위해 표기합니다.",
            "id": "sample_083_0051_000010",
            "annotations": []
        },
        {
            "sentence": "Limonene (CAS 5989-27-5) - 역할: top note, 농도: 5.00% w/w, 규제표기: limonene 5.00% (알레르겐 표기 대상).",
            "id": "sample_083_0051_000011",
            "annotations": []
        },
        {
            "sentence": "Linalool (CAS 78-70-6) - 역할: middle/top, 농도: 1.20% w/w, 규제표기: linalool 1.20% (IFRA/EU 알레르겐 준수 표기).",
            "id": "sample_083_0051_000012",
            "annotations": []
        },
        {
            "sentence": "Geraniol (CAS 106-24-1) - 역할: middle note, 농도: 0.30% w/w, 규제표기: geraniol 0.30%.",
            "id": "sample_083_0051_000013",
            "annotations": []
        },
        {
            "sentence": "Benzyl acetate (CAS 140-11-4) - 역할: heart note, 농도: 0.15% w/w, 휘발성 및 안정성 검토 포함.",
            "id": "sample_083_0051_000014",
            "annotations": []
        },
        {
            "sentence": "Ethyl maltol (CAS 4940-11-8) - 역할: fixative/sweetener, 농도: 0.05% w/w, 고농도 시 변색 가능성 안내.",
            "id": "sample_083_0051_000015",
            "annotations": []
        },
        {
            "sentence": "프래그런스 블렌드(상업비밀): 구성 및 개별 배합비는 공개 불가로 표기하며 상세값은 레시피 참조표 대신 레시피 키로 보관합니다: [RECIPE_MASKED_7A3F] (기밀).",
            "id": "sample_083_0051_000016",
            "annotations": [
                {
                    "word": "[RECIPE_MASKED_7A3F]",
                    "start": 72,
                    "end": 92,
                    "label": "기밀정보"
                }
            ]
        },
        {
            "sentence": "주요 원료 공급자: 프래그런스서플라이(주), 공급사 로트: LOT-AX12-2025, 공급서류 및 COA는 구매팀 보관 항목입니다.",
            "id": "sample_083_0051_000017",
            "annotations": [
                {
                    "word": "프래그런스서플라이(주)",
                    "start": 11,
                    "end": 23,
                    "label": "준식별자"
                },
                {
                    "word": "LOT-AX12-2025",
                    "start": 33,
                    "end": 46,
                    "label": "기밀정보"
                }
            ]
        },
        {
            "sentence": "천연 오렌지 오일 원료 로트 정보 예시: 로트번호 RM-758-042, 품질변동성은 로트별 COA로 비교 검토합니다.",
            "id": "sample_083_0051_000018",
            "annotations": [
                {
                    "word": "RM-758-042",
                    "start": 28,
                    "end": 38,
                    "label": "기밀정보"
                }
            ]
        },
        {
            "sentence": "원료 단가 및 구매조건은 상업적 민감정보로 내부기밀 처리합니다: 원료 단가: [PRICE_MASKED] (구매팀 전용).",
            "id": "sample_083_0051_000019",
            "annotations": [
                {
                    "word": "[PRICE_MASKED]",
                    "start": 43,
                    "end": 57,
                    "label": "기밀정보"
                }
            ]
        },
        {
            "sentence": "GC-MS 분석 요약: 장비 Agilent 7890 GC-MS 사용, 샘플 준비: 1% w/v in ethanol, 분석 목적은 성분 정성·정량 및 불순물 감지입니다.",
            "id": "sample_083_0051_000020",
            "annotations": []
        },
        {
            "sentence": "분석조건 세부: 컬럼 DB-5MS 30m×0.25mm×0.25µm, 주입 1µL, 분할 50:1, 오븐 온도 40°C(2min)→10°C/min→280°C(5min), RI 산출은 C7-C30 n-alkane 기준.",
            "id": "sample_083_0051_000021",
            "annotations": []
        },
        {
            "sentence": "GC-MS 주요 피크(상대면적): Limonene RI~1030 42.5%, Linalool RI~1098 10.2%, Geraniol RI~1220 2.4%, 불순물 기준 검출한계 <0.05%로 표기.",
            "id": "sample_083_0051_000022",
            "annotations": []
        },
        {
            "sentence": "SDS 링크 및 요약: 물리·화학적 성상, 화재·누출 대응, 개인보호구 권고 등은 SDS에 상세 기재되어 있으며 전체 문서는 https://sds.example.com/PRD-AR-1023_SDS.pdf 에 보관합니다.",
            "id": "sample_083_0051_000023",
            "annotations": []
        },
        {
            "sentence": "IFRA 적합성 평가: IFRA 50th amendment 기준 검토 결과 지정 사용범위 내 '적합(status: 적합)' 판정, 특정 제품용 희석 기준 및 적용부위 준수 필요.",
            "id": "sample_083_0051_000024",
            "annotations": []
        },
        {
            "sentence": "알레르겐 검토 요약: 규제표기 대상 성분별 함량은 limonene 5.00%, linalool 1.20%, geraniol 0.30%로 IFRA/EU 알레르겐 한계 이내로 표기됨을 확인했습니다.",
            "id": "sample_083_0051_000025",
            "annotations": []
        },
        {
            "sentence": "관능평가 결과: 패널 n=12, 평가방법: 무작위 블라인드 테스트, 평균 강도 6.8 (SD 0.9), 평균 지속성 5.1 (SD 1.2) on 10-point scale, 주요 묘사: 상큼·플로럴·클린.",
            "id": "sample_083_0051_000026",
            "annotations": []
        },
        {
            "sentence": "안정성 시험 결과: 가속(40°C, 4주)에서 색도 변화 ΔE<2 및 침전 없음, 장기(25°C, 12개월)에서 향강도 감소 약 8% 이내로 판단됩니다.",
            "id": "sample_083_0051_000027",
            "annotations": []
        },
        {
            "sentence": "배치기록 및 QC 시트는 제조사 내부 문서로 보관되며 참조담당자 QA: 채우준이 내부검토 및 배포 승인 권한을 가집니다.",
            "id": "sample_083_0051_000028",
            "annotations": [
                {
                    "word": "채우준",
                    "start": 40,
                    "end": 43,
                    "label": "개인정보"
                }
            ]
        }
    ]
}