{
    "document_id": "083_0067",
    "document_title": "향료 제품 FRG-083-0067 품질·규제·관능평가 종합보고서",
    "data": [
        {
            "sentence": "문서 개요: 본 문서는 향료 제품 FRG-083-0067의 개발, 품질관리, 규제 준수 및 관능평가 결과를 종합적으로 기록한 기술·관리 보고서입니다.",
            "id": "sample_083_0067_000001",
            "annotations": []
        },
        {
            "sentence": "제품ID: FRG-083-0067, 포뮬레이션ID: FORM-0067-2025을 기준으로 작성되었습니다.",
            "id": "sample_083_0067_000002",
            "annotations": []
        },
        {
            "sentence": "향명(국문): 가을수채화, English name: Autumn Watercolor로 제품 표기가 권장됩니다.",
            "id": "sample_083_0067_000003",
            "annotations": []
        },
        {
            "sentence": "배치번호는 BATCH-20251015-01로 표기되며, 내부 추적·출하관리를 위해 고유 코드로 사용됩니다.",
            "id": "sample_083_0067_000004",
            "annotations": [
                {
                    "word": "BATCH-20251015-01",
                    "start": 6,
                    "end": 23,
                    "label": "기밀정보"
                }
            ]
        },
        {
            "sentence": "포뮬레이션 주요원료(표준 단위, w/w): 에틸알코올(64-17-5, solvent) 45.00%, 리날룰(78-70-6, fragrance) 1.20%, 리모넨(138-86-3, fragrance) 0.80%, 하이드로제네이티드캐스터오일 2.00%.",
            "id": "sample_083_0067_000005",
            "annotations": []
        },
        {
            "sentence": "원료별 CAS 번호는 합리적 정확도를 유지하여 기입했으며, 위험물 표기는 별도 경고문으로 명시하였습니다.",
            "id": "sample_083_0067_000006",
            "annotations": []
        },
        {
            "sentence": "GC-MS 요약: 주요 피크—RT 8.3min(리날룰, RI 1120, 상대면적 38.5%), RT 10.2min(리모넨, RI 1020, 상대면적 12.4%), RT 14.6min(페닐에틸알코올, RI 1320, 상대면적 4.1%).",
            "id": "sample_083_0067_000007",
            "annotations": []
        },
        {
            "sentence": "분석조건 메타데이터: GC 컬럼 DB-WAX, 30 m × 0.25 mm × 0.25 µm; 주입분할 50:1; 오븐 프로그램 40°C(3min) → 5°C/min → 230°C(10min); MS EI 70 eV; RI는 C7-C40 n-alkane 기준입니다.",
            "id": "sample_083_0067_000008",
            "annotations": []
        },
        {
            "sentence": "SDS 요약: 인화성(EtOH), 눈 접촉 시 자극 가능성; SDS 원문은 내부 파일로 보관하고 공개 요약본을 참조하십시오.",
            "id": "sample_083_0067_000009",
            "annotations": []
        },
        {
            "sentence": "SDS 링크(요약 참조): 공용 요약본 https://sds.example.com/FRG-083-0067-summary.pdf, 원문은 내부 관리 파일로 보관됩니다.",
            "id": "sample_083_0067_000010",
            "annotations": []
        },
        {
            "sentence": "IFRA 적합성: 본 포뮬레이션은 IFRA 49th 프린시플에 따라 제한물질 농도를 산정하였으며, 적합성(status): 적합(조건부)입니다.",
            "id": "sample_083_0067_000011",
            "annotations": []
        },
        {
            "sentence": "알레르겐 개별함량(원료별, %(w/w)): 리날룰 1.20%, 리모넨 0.80%, 하이드록시시트로넬랄 0.02% 등 총 합계 2.02%로 계산되어 라벨표기 대상입니다.",
            "id": "sample_083_0067_000012",
            "annotations": []
        },
        {
            "sentence": "관능평가: 패널 수 n=12, 평가항목은 향의 묘사, 강도(0-10), 지속성(0-10); 강도 평균 6.3 표준편차 0.9, 지속성 평균 5.1 표준편차 1.2로 보고됩니다.",
            "id": "sample_083_0067_000013",
            "annotations": []
        },
        {
            "sentence": "가속 안정성(40°C, 3주): 변색 없음, 침전 없음, GC-MS 상대면적 변화 최대 6% 이내로 판정되어 임상적 의미는 제한적입니다.",
            "id": "sample_083_0067_000014",
            "annotations": []
        },
        {
            "sentence": "제조일은 2025-10-15이며, 유통기한(최종사용기한)은 2027-10-14로 설정되어 있습니다.",
            "id": "sample_083_0067_000015",
            "annotations": [
                {
                    "word": "2025",
                    "start": 5,
                    "end": 9,
                    "label": "준식별자"
                },
                {
                    "word": "10",
                    "start": 10,
                    "end": 12,
                    "label": "준식별자"
                },
                {
                    "word": "10",
                    "start": 38,
                    "end": 40,
                    "label": "준식별자"
                },
                {
                    "word": "15",
                    "start": 13,
                    "end": 15,
                    "label": "준식별자"
                },
                {
                    "word": "2027",
                    "start": 33,
                    "end": 37,
                    "label": "준식별자"
                },
                {
                    "word": "14",
                    "start": 41,
                    "end": 43,
                    "label": "준식별자"
                }
            ]
        },
        {
            "sentence": "저장조건: 직사광선 차단, 실온보관(15-25°C), 상대습도 40-60% 권장입니다.",
            "id": "sample_083_0067_000016",
            "annotations": []
        },
        {
            "sentence": "공급자 정보(요약, 민감항목 일부 기재): 공급사명 오로라에센셜(가명), 공급로트 LOT:A-2025123, 공급가 12,300원/kg(내부 기밀로 관리).",
            "id": "sample_083_0067_000017",
            "annotations": [
                {
                    "word": "오로라에센셜(가명)",
                    "start": 29,
                    "end": 39,
                    "label": "기밀정보"
                },
                {
                    "word": "LOT:A-2025123",
                    "start": 46,
                    "end": 59,
                    "label": "기밀정보"
                },
                {
                    "word": "12,300원/kg",
                    "start": 65,
                    "end": 75,
                    "label": "기밀정보"
                }
            ]
        },
        {
            "sentence": "제조사/브랜드: 향료디자인주식회사(제조자 표기 용도), 제조시설은 내부 품질관리 하에 운영됩니다.",
            "id": "sample_083_0067_000018",
            "annotations": [
                {
                    "word": "향료디자인주식회사",
                    "start": 9,
                    "end": 18,
                    "label": "준식별자"
                }
            ]
        },
        {
            "sentence": "담당자 연락처: 담당자 차서정, 이메일 chajseojung@fragrance.co.kr, 전화 010-1234-5678, 문의 및 규제검토 담당으로 지정되어 있습니다.",
            "id": "sample_083_0067_000019",
            "annotations": [
                {
                    "word": "차서정",
                    "start": 13,
                    "end": 16,
                    "label": "개인정보"
                },
                {
                    "word": "chajseojung@fragrance.co.kr",
                    "start": 22,
                    "end": 49,
                    "label": "개인정보"
                },
                {
                    "word": "010-1234-5678",
                    "start": 54,
                    "end": 67,
                    "label": "개인정보"
                }
            ]
        },
        {
            "sentence": "배치 기록 상의 승인자: 원창덕가 승인 도장 및 전자서명으로 배치기록을 최종확인하였습니다.",
            "id": "sample_083_0067_000020",
            "annotations": [
                {
                    "word": "원창덕",
                    "start": 14,
                    "end": 17,
                    "label": "개인정보"
                }
            ]
        },
        {
            "sentence": "QC 시트 및 내부보고 URL: 내부 전용 https://internal.corp.local/qa/083_0067/qc_sheet.pdf에 보관되어 있으며 외부열람은 제한됩니다.",
            "id": "sample_083_0067_000021",
            "annotations": [
                {
                    "word": "https://internal.corp.local/qa/083_0067/qc_sheet.pdf",
                    "start": 24,
                    "end": 76,
                    "label": "기밀정보"
                }
            ]
        },
        {
            "sentence": "레시피 관리: 본 포뮬레이션의 상세 배합비는 영업비밀로 분류되며, 레시피 코드 TS-2026-07-001로 내부관리 됩니다.",
            "id": "sample_083_0067_000022",
            "annotations": [
                {
                    "word": "TS-2026-07-001",
                    "start": 44,
                    "end": 58,
                    "label": "기밀정보"
                }
            ]
        },
        {
            "sentence": "원료의 계절성 변동에 따른 혼합비 보정 내역은 로트별 분석 결과와 함께 배치기록에 연동되어 기록됩니다.",
            "id": "sample_083_0067_000023",
            "annotations": []
        },
        {
            "sentence": "GC-MS 간 비교시 RI 및 컬럼 차이로 인한 결과 편차가 발생할 수 있음을 메타데이터로 명시하여 비교 가능성을 확보했습니다.",
            "id": "sample_083_0067_000024",
            "annotations": []
        },
        {
            "sentence": "규제 리스크: 알레르겐 규제, VOC 규제, 화학물질관리법 상의 규제물질 지정 여부를 지속 모니터링하고 있습니다.",
            "id": "sample_083_0067_000025",
            "annotations": []
        },
        {
            "sentence": "라벨링 노트: IFRA 한계 및 EU Regulation (EU) No 1223/2009에 따른 알레르겐 표기 필요 항목은 제품라벨과 SDS에 명시합니다.",
            "id": "sample_083_0067_000026",
            "annotations": []
        },
        {
            "sentence": "안전권고: 제품은 알코올류 혼합물로 인화성 경고 및 보관주의 문구를 라벨에 포함하고 사용설명서에 안전수칙을 기재합니다.",
            "id": "sample_083_0067_000027",
            "annotations": []
        },
        {
            "sentence": "생산·출하 로그 경로(내부파일): smb://server/QA/batch/083_0067/record.pdf에 배치기록 원본이 저장되어 있습니다.",
            "id": "sample_083_0067_000028",
            "annotations": [
                {
                    "word": "smb://server/QA/batch/083_0067/record.pdf",
                    "start": 19,
                    "end": 60,
                    "label": "기밀정보"
                }
            ]
        },
        {
            "sentence": "공급자 담당자(점검): 허무결이 품질점검 책임자로 지정되어 있으며, 공급자 연락명단에 등재되어 있습니다.",
            "id": "sample_083_0067_000029",
            "annotations": [
                {
                    "word": "허무결",
                    "start": 13,
                    "end": 16,
                    "label": "개인정보"
                }
            ]
        },
        {
            "sentence": "결론 및 조치사항: 규제 준수 상태는 조건부 적합으로 판정되었으며, 다음 배치 전 VOC 재측정과 IFRA 한계 재검토를 권고합니다.",
            "id": "sample_083_0067_000030",
            "annotations": []
        }
    ]
}