﻿word,document,sentence,label
BATCH-20250115-AX,083_0001,sample_083_0001_000003,기밀정보
2025-01-15,083_0001,sample_083_0001_000004,준식별자
2027-01-14,083_0001,sample_083_0001_000004,준식별자
Proprietary Accord A,083_0001,sample_083_0001_000010,기밀정보
오로라아로마(주),083_0001,sample_083_0001_000012,기밀정보
LOT-ORA-2024-77,083_0001,sample_083_0001_000012,기밀정보
2024-12-01,083_0001,sample_083_0001_000014,준식별자
BR-083-20250115,083_0001,sample_083_0001_000027,기밀정보
QC-083-01,083_0001,sample_083_0001_000027,기밀정보
강이루,083_0001,sample_083_0001_000028,개인정보
FRG-083-0002,083_0002,sample_083_0002_000002,기밀정보
FORM-083-A1,083_0002,sample_083_0002_000002,기밀정보
BATCH-083-20250301,083_0002,sample_083_0002_000004,기밀정보
2025-03-15,083_0002,sample_083_0002_000005,준식별자
2027-03-14,083_0002,sample_083_0002_000006,준식별자
홍정재,083_0002,sample_083_0002_000026,개인정보
"Aromatech Co., Ltd.",083_0002,sample_083_0002_000027,기밀정보
LOT-AT-20250218,083_0002,sample_083_0002_000027,기밀정보
오로마하우스,083_0002,sample_083_0002_000026,기밀정보
BATCH-20250312-07,083_0003,sample_083_0003_000003,기밀정보
[TRADE_SECRET_MASKED],083_0003,sample_083_0003_000006,기밀정보
Linalool,083_0003,sample_083_0003_000004,일반정보
Limonene,083_0003,sample_083_0003_000004,일반정보
Hexyl cinnamic aldehyde,083_0003,sample_083_0003_000005,일반정보
Galaxolide,083_0003,sample_083_0003_000005,일반정보
/secure/batch/083_0003/BR_20250312.pdf,083_0003,sample_083_0003_000022,기밀정보
QC_FRG_083_20250312.xlsx,083_0003,sample_083_0003_000022,기밀정보
류은선,083_0003,sample_083_0003_000023,개인정보
나영록,083_0003,sample_083_0003_000023,개인정보
2025-03-12,083_0003,sample_083_0003_000019,준식별자
2027-03-11,083_0003,sample_083_0003_000019,준식별자
AmberCo Ltd.,083_0003,sample_083_0003_000020,기밀정보
A23-045,083_0003,sample_083_0003_000020,기밀정보
[TRADE_SECRET_MASKED],083_0003,sample_083_0003_000028,기밀정보
2025-09-12,083_0003,sample_083_0003_000028,준식별자
박채원,083_0004,sample_083_0004_000021,개인정보
방루다,083_0004,sample_083_0004_000022,개인정보
지루아,083_0004,sample_083_0004_000028,개인정보
2025년 01월 15일,083_0004,sample_083_0004_000005,준식별자
2030년 01월 14일,083_0004,sample_083_0004_000006,준식별자
BATCH-083-0004-20250115,083_0004,sample_083_0004_000004,기밀정보
밀레니엄에센셜,083_0004,sample_083_0004_000023,기밀정보
LOT: MILE-2025-01,083_0004,sample_083_0004_000023,기밀정보
향료코리아 주식회사 (LOT: HK-202501),083_0004,sample_083_0004_000024,기밀정보
Proprietary Accord X [TRADE_SECRET:masked],083_0004,sample_083_0004_000025,기밀정보
FS-2024-07,083_0005,sample_083_0005_000006,기밀정보
https://internal-sds.company.kr/083_0005_SDS.pdf,083_0005,sample_083_0005_000011,기밀정보
2025,083_0005,sample_083_0005_000008,준식별자
01,083_0005,sample_083_0005_000008,준식별자
20,083_0005,sample_083_0005_000008,준식별자
2025,083_0005,sample_083_0005_000014,준식별자
01,083_0005,sample_083_0005_000014,준식별자
22,083_0005,sample_083_0005_000014,준식별자
2025,083_0005,sample_083_0005_000018,준식별자
01,083_0005,sample_083_0005_000018,준식별자
15,083_0005,sample_083_0005_000018,준식별자
2027,083_0005,sample_083_0005_000018,준식별자
01,083_0005,sample_083_0005_000018,준식별자
14,083_0005,sample_083_0005_000018,준식별자
"AromaSupply Co., Ltd.",083_0005,sample_083_0005_000019,준식별자
LOT-AR-20240123-099,083_0005,sample_083_0005_000019,기밀정보
"￦120,000/kg",083_0005,sample_083_0005_000020,기밀정보
송보규,083_0005,sample_083_0005_000026,개인정보
정인희,083_0005,sample_083_0005_000026,개인정보
song.bokgyu@internal.example.kr,083_0005,sample_083_0005_000027,개인정보
SAMP-083-20250120,083_0005,sample_083_0005_000029,기밀정보
2025,083_0005,sample_083_0005_000030,준식별자
07,083_0005,sample_083_0005_000030,준식별자
01,083_0005,sample_083_0005_000030,준식별자
BATCH-083-20250210,083_0006,sample_083_0006_000004,기밀정보
미라노퍼퓸(가명),083_0006,sample_083_0006_000004,준식별자
2025-02-10,083_0006,sample_083_0006_000005,준식별자
2027-02-09,083_0006,sample_083_0006_000006,준식별자
TS_RECIPE_083,083_0006,sample_083_0006_000015,기밀정보
MASKED_RECIPE_A,083_0006,sample_083_0006_000015,기밀정보
SDS_FRG_083_0006.pdf,083_0006,sample_083_0006_000019,기밀정보
BR-083-0006,083_0006,sample_083_0006_000027,기밀정보
QC_FRG_083_0006,083_0006,sample_083_0006_000027,기밀정보
에센스코리아(가명),083_0006,sample_083_0006_000028,준식별자
LOT-A202502,083_0006,sample_083_0006_000028,기밀정보
프래그런스서플라이(가명),083_0006,sample_083_0006_000028,준식별자
LOT-B202501,083_0006,sample_083_0006_000028,기밀정보
우소영,083_0006,sample_083_0006_000029,개인정보
서봉학,083_0006,sample_083_0006_000029,개인정보
BATCH NO: FRG-20240115-A,083_0007,sample_083_0007_000003,기밀정보
2024,083_0007,sample_083_0007_000004,준식별자
01,083_0007,sample_083_0007_000004,준식별자
15,083_0007,sample_083_0007_000004,준식별자
2026,083_0007,sample_083_0007_000004,준식별자
01,083_0007,sample_083_0007_000004,준식별자
14,083_0007,sample_083_0007_000004,준식별자
"Proprietary Floral Accord (구성 비율: [MASKED], Trade secret)",083_0007,sample_083_0007_000012,기밀정보
박성은,083_0007,sample_083_0007_000027,개인정보
정태은,083_0007,sample_083_0007_000028,개인정보
(주)세나프레그란스,083_0007,sample_083_0007_000029,기밀정보
SENA-LOT-20240401,083_0007,sample_083_0007_000029,기밀정보
공급가: [MASKED],083_0007,sample_083_0007_000029,기밀정보
BATCH-20250115-083,083_0008,sample_083_0008_000004,기밀정보
2025-01-15,083_0008,sample_083_0008_000005,준식별자
2027-01-15,083_0008,sample_083_0008_000006,준식별자
[기밀: 레시피_요약만 공개],083_0008,sample_083_0008_000008,기밀정보
공급사_알파,083_0008,sample_083_0008_000010,기밀정보
LOT-ALPHA-2024-09,083_0008,sample_083_0008_000010,기밀정보
https://internal.sds.perfumelab/083_0008,083_0008,sample_083_0008_000012,기밀정보
BATCH-20250115-083,083_0008,sample_083_0008_000025,기밀정보
차지호,083_0008,sample_083_0008_000026,개인정보
BR-083-2025-0009,083_0009,sample_083_0009_000004,기밀정보
2025-01-15,083_0009,sample_083_0009_000005,준식별자
2027-01-14,083_0009,sample_083_0009_000005,준식별자
[TRADE_SECRET_MASKED],083_0009,sample_083_0009_000010,기밀정보
[공급사_A_MASKED],083_0009,sample_083_0009_000011,기밀정보
LOT-2025-0001,083_0009,sample_083_0009_000011,기밀정보
2025-01-10,083_0009,sample_083_0009_000016,준식별자
2025-02-05,083_0009,sample_083_0009_000019,준식별자
BR-083-2025-0009,083_0009,sample_083_0009_000023,기밀정보
류아란,083_0009,sample_083_0009_000024,개인정보
강혜수,083_0009,sample_083_0009_000025,개인정보
BATCH-2025-083-045,083_0010,sample_083_0010_000003,기밀정보
2025,083_0010,sample_083_0010_000004,준식별자
01,083_0010,sample_083_0010_000004,준식별자
15,083_0010,sample_083_0010_000004,준식별자
2026,083_0010,sample_083_0010_000004,준식별자
01,083_0010,sample_083_0010_000004,준식별자
14,083_0010,sample_083_0010_000004,준식별자
서울특별시,083_0010,sample_083_0010_000005,준식별자
강남구,083_0010,sample_083_0010_000005,준식별자
아로마마스터(주),083_0010,sample_083_0010_000006,기밀정보
남현제,083_0010,sample_083_0010_000006,개인정보
장유주,083_0010,sample_083_0010_000007,개인정보
전오현,083_0010,sample_083_0010_000007,개인정보
아로마텍스(주),083_0010,sample_083_0010_000008,기밀정보
AS-2024-07-091,083_0010,sample_083_0010_000008,기밀정보
[MASKED_RECIPE],083_0010,sample_083_0010_000009,기밀정보
SDS_083_0010_v2.pdf,083_0010,sample_083_0010_000020,기밀정보
[MASKED_CONTRACT],083_0010,sample_083_0010_000027,기밀정보
BATCH-083-0011-20250315,083_0011,sample_083_0011_000003,기밀정보
2025,083_0011,sample_083_0011_000004,준식별자
03,083_0011,sample_083_0011_000004,준식별자
15,083_0011,sample_083_0011_000004,준식별자
서울특별시,083_0011,sample_083_0011_000019,준식별자
강남구,083_0011,sample_083_0011_000019,준식별자
[공급사A_기밀],083_0011,sample_083_0011_000020,기밀정보
S-LOT-20241234,083_0011,sample_083_0011_000020,기밀정보
E-LOT-240701,083_0011,sample_083_0011_000020,기밀정보
[기밀-마스킹],083_0011,sample_083_0011_000021,기밀정보
류명주,083_0011,sample_083_0011_000022,개인정보
2025,083_0011,sample_083_0011_000022,준식별자
03,083_0011,sample_083_0011_000022,준식별자
16,083_0011,sample_083_0011_000022,준식별자
안지민,083_0011,sample_083_0011_000023,개인정보
Q-083-11-CRT,083_0011,sample_083_0011_000023,기밀정보
신세혁,083_0011,sample_083_0011_000024,개인정보
[레시피_기밀_마스킹],083_0011,sample_083_0011_000012,기밀정보
[레시피_기밀_마스킹],083_0011,sample_083_0011_000025,기밀정보
BATCH-083-20250115-01,083_0012,sample_083_0012_000003,기밀정보
2025-01-15,083_0012,sample_083_0012_000004,준식별자
핵심 레시피(상업비밀),083_0012,sample_083_0012_000010,기밀정보
파인아로마 코퍼레이션,083_0012,sample_083_0012_000011,기밀정보
PA-2024-11-07,083_0012,sample_083_0012_000011,기밀정보
WOODY-SYN-01,083_0012,sample_083_0012_000009,기밀정보
엄동민,083_0012,sample_083_0012_000026,개인정보
BATCH-20250115-07,083_0013,sample_083_0013_000003,기밀정보
2025,083_0013,sample_083_0013_000003,준식별자
01,083_0013,sample_083_0013_000003,준식별자
15,083_0013,sample_083_0013_000003,준식별자
2027,083_0013,sample_083_0013_000003,준식별자
01,083_0013,sample_083_0013_000003,준식별자
14,083_0013,sample_083_0013_000003,준식별자
가명원료사A,083_0013,sample_083_0013_000025,기밀정보
L2025-089,083_0013,sample_083_0013_000025,기밀정보
[TRADE_SECRET_001],083_0013,sample_083_0013_000026,기밀정보
배라온,083_0013,sample_083_0013_000020,개인정보
백선준,083_0013,sample_083_0013_000021,개인정보
윤종혁,083_0014,sample_083_0014_000003,개인정보
yjhong@fragranceco.kr,083_0014,sample_083_0014_000003,개인정보
서울특별시 강남구 역삼동 9-9,083_0014,sample_083_0014_000004,개인정보
LOT-AK-2309-57,083_0014,sample_083_0014_000005,기밀정보
[TRADE_SECRET_MASKED],083_0014,sample_083_0014_000006,기밀정보
[가격_비공개],083_0014,sample_083_0014_000007,기밀정보
2025년,083_0014,sample_083_0014_000012,준식별자
01월,083_0014,sample_083_0014_000012,준식별자
15일,083_0014,sample_083_0014_000012,준식별자
2027년,083_0014,sample_083_0014_000012,준식별자
01월,083_0014,sample_083_0014_000012,준식별자
14일,083_0014,sample_083_0014_000012,준식별자
문루하,083_0014,sample_083_0014_000027,개인정보
전용석,083_0014,sample_083_0014_000027,개인정보
서울특별시 강남구,083_0015,sample_083_0015_000005,준식별자
SUPP-LOT-4872,083_0015,sample_083_0015_000022,기밀정보
[기밀],083_0015,sample_083_0015_000022,기밀정보
공급단가: [기밀],083_0015,sample_083_0015_000023,기밀정보
상업비밀 레시피,083_0015,sample_083_0015_000024,기밀정보
상세조성: [REDACTED],083_0015,sample_083_0015_000024,기밀정보
방채인,083_0015,sample_083_0015_000028,개인정보
조향팀장,083_0015,sample_083_0015_000028,준식별자
BATCH-083-20250115,083_0016,sample_083_0016_000004,기밀정보
2025,083_0016,sample_083_0016_000005,준식별자
01,083_0016,sample_083_0016_000005,준식별자
15,083_0016,sample_083_0016_000005,준식별자
2027,083_0016,sample_083_0016_000006,준식별자
01,083_0016,sample_083_0016_000006,준식별자
14,083_0016,sample_083_0016_000006,준식별자
[REDACTED: TRADE_SECRET_FORMULA_083],083_0016,sample_083_0016_000009,기밀정보
AromaCo Ltd.,083_0016,sample_083_0016_000010,기밀정보
AROM-2024-09-15-Lot23,083_0016,sample_083_0016_000010,기밀정보
2024,083_0016,sample_083_0016_000010,준식별자
09,083_0016,sample_083_0016_000010,준식별자
15,083_0016,sample_083_0016_000010,준식별자
NaturalEssence Korea,083_0016,sample_083_0016_000010,기밀정보
NEK-2024-08-Lot08,083_0016,sample_083_0016_000010,기밀정보
08,083_0016,sample_083_0016_000010,준식별자
서송연,083_0016,sample_083_0016_000021,개인정보
손한서,083_0016,sample_083_0016_000022,개인정보
[MASKED: 가격정보],083_0016,sample_083_0016_000025,기밀정보
2025,083_0016,sample_083_0016_000027,준식별자
01,083_0016,sample_083_0016_000027,준식별자
20,083_0016,sample_083_0016_000027,준식별자
GCMS-DS-99124,083_0016,sample_083_0016_000029,기밀정보
백아준,083_0016,sample_083_0016_000030,개인정보
BATCH-083-20250612,083_0017,sample_083_0017_000004,기밀정보
2025,083_0017,sample_083_0017_000005,준식별자
06,083_0017,sample_083_0017_000005,준식별자
12,083_0017,sample_083_0017_000005,준식별자
2027,083_0017,sample_083_0017_000005,준식별자
06,083_0017,sample_083_0017_000005,준식별자
11,083_0017,sample_083_0017_000005,준식별자
BR-083-20250612,083_0017,sample_083_0017_000023,기밀정보
공레이나,083_0017,sample_083_0017_000025,개인정보
Aromaco Ltd.,083_0017,sample_083_0017_000026,기밀정보
AR-LOT-4509,083_0017,sample_083_0017_000026,기밀정보
NaturEssence,083_0017,sample_083_0017_000026,기밀정보
NE-2024-77,083_0017,sample_083_0017_000026,기밀정보
PRD-230401,083_0018,sample_083_0018_000001,기밀정보
PRD-230401,083_0018,sample_083_0018_000002,기밀정보
FORM-4502,083_0018,sample_083_0018_000002,기밀정보
BATCH-20240115-001,083_0018,sample_083_0018_000003,기밀정보
2025-01-15,083_0018,sample_083_0018_000003,준식별자
2027-01-14,083_0018,sample_083_0018_000003,준식별자
[기밀: 비공개],083_0018,sample_083_0018_000006,기밀정보
ProBase-A,083_0018,sample_083_0018_000006,기밀정보
ProSupply Co.,083_0018,sample_083_0018_000023,기밀정보
LOT-A-2024-07,083_0018,sample_083_0018_000023,기밀정보
한윤,083_0018,sample_083_0018_000024,개인정보
2025-01-20,083_0018,sample_083_0018_000024,준식별자
[기밀: 비공개],083_0018,sample_083_0018_000028,기밀정보
ProBase-A,083_0018,sample_083_0018_000028,기밀정보
BATCH-20240115-001,083_0018,sample_083_0018_000028,기밀정보
ProSupply Co.,083_0018,sample_083_0018_000028,기밀정보
LOT-A-2024-07,083_0018,sample_083_0018_000028,기밀정보
배재용,083_0019,sample_083_0019_000005,개인정보
배재용,083_0019,sample_083_0019_000027,개인정보
BATCH-20250115-01,083_0019,sample_083_0019_000003,기밀정보
TS-01,083_0019,sample_083_0019_000006,기밀정보
[비공개_URL_TS-01],083_0019,sample_083_0019_000011,기밀정보
2025-01-15,083_0019,sample_083_0019_000020,준식별자
2027-01-14,083_0019,sample_083_0019_000021,준식별자
공급사 A,083_0019,sample_083_0019_000024,기밀정보
LOT-2357,083_0019,sample_083_0019_000024,기밀정보
[배치기록_마스킹],083_0019,sample_083_0019_000023,기밀정보
PRD-2026-083,083_0020,sample_083_0020_000002,기밀정보
FORM-083-0001,083_0020,sample_083_0020_000002,기밀정보
BATCH-210406-07,083_0020,sample_083_0020_000003,기밀정보
향기원(주),083_0020,sample_083_0020_000003,기밀정보
Limonene (CAS 5989-27-5),083_0020,sample_083_0020_000005,일반정보
Linalool (CAS 78-70-6),083_0020,sample_083_0020_000005,일반정보
제조일: 2025-11-12,083_0020,sample_083_0020_000016,준식별자
유통기한: 2027-11-11,083_0020,sample_083_0020_000017,준식별자
아로마서플라이(주),083_0020,sample_083_0020_000018,기밀정보
AS-2025-0039,083_0020,sample_083_0020_000018,기밀정보
BR-083-9901,083_0020,sample_083_0020_000019,기밀정보
권현겸,083_0020,sample_083_0020_000019,개인정보
양서현,083_0020,sample_083_0020_000021,개인정보
SPC-083,083_0020,sample_083_0020_000022,기밀정보
T-TRACK-083-5541,083_0020,sample_083_0020_000023,기밀정보
손석빈,083_0020,sample_083_0020_000025,개인정보
양서현,083_0020,sample_083_0020_000026,개인정보
/internal/data/083_0020/raw,083_0020,sample_083_0020_000027,기밀정보
박아현,083_0020,sample_083_0020_000014,개인정보
조수미,083_0020,sample_083_0020_000028,개인정보
전성윤,083_0020,sample_083_0020_000028,개인정보
오용빈,083_0020,sample_083_0020_000028,개인정보
BATCH-20250315-07,083_0021,sample_083_0021_000005,기밀정보
AromaSupply Co.(LOT: AS-24045),083_0021,sample_083_0021_000006,기밀정보
2025-03-15,083_0021,sample_083_0021_000010,준식별자
2027-03-14,083_0021,sample_083_0021_000011,준식별자
[TRADE_SECRET_RECIPE_01],083_0021,sample_083_0021_000020,기밀정보
전아엘,083_0021,sample_083_0021_000027,개인정보
우연,083_0021,sample_083_0021_000028,개인정보
남래인,083_0022,sample_083_0022_000007,개인정보
김민혁,083_0022,sample_083_0022_000026,개인정보
아로멧주식회사(가명),083_0022,sample_083_0022_000020,기밀정보
LOT: AM-2025-110,083_0022,sample_083_0022_000020,기밀정보
BATCH-20250115-015,083_0022,sample_083_0022_000003,기밀정보
[FORMULA_REDACTED],083_0022,sample_083_0022_000010,기밀정보
/internal/QC/083_0022/batch_records/BR_083_0022_015.pdf,083_0022,sample_083_0022_000028,기밀정보
[PRICE_REDACTED],083_0022,sample_083_0022_000021,기밀정보
BATCH-250115,083_0023,sample_083_0023_000004,기밀정보
2025-01-15,083_0023,sample_083_0023_000004,준식별자
향연향료(주),083_0023,sample_083_0023_000005,준식별자
[기밀-마스킹],083_0023,sample_083_0023_000010,기밀정보
TS-98765,083_0023,sample_083_0023_000010,기밀정보
AK-LOT-2024-78,083_0023,sample_083_0023_000024,기밀정보
아로마코리아(주),083_0023,sample_083_0023_000024,준식별자
[기밀-마스킹],083_0023,sample_083_0023_000024,기밀정보
/internal/records/BATCH-250115.pdf,083_0023,sample_083_0023_000026,기밀정보
임유희,083_0023,sample_083_0023_000028,개인정보
010-5555-0123,083_0023,sample_083_0023_000029,개인정보
contact@hyangeon.co.kr,083_0023,sample_083_0023_000029,개인정보
CN-2024-334,083_0023,sample_083_0023_000034,기밀정보
PRD-083-4512,083_0024,sample_083_0024_000002,기밀정보
FORM-083-8801,083_0024,sample_083_0024_000002,기밀정보
BATCH-20260115-A,083_0024,sample_083_0024_000002,기밀정보
2026-01-15,083_0024,sample_083_0024_000004,준식별자
2028-01-14,083_0024,sample_083_0024_000004,준식별자
프롭라이어터리 블렌드,083_0024,sample_083_0024_000008,기밀정보
Proprietary Accord A,083_0024,sample_083_0024_000008,기밀정보
[기밀_레시피],083_0024,sample_083_0024_000008,기밀정보
프로프라이어터리 피크,083_0024,sample_083_0024_000012,기밀정보
2025-12-01,083_0024,sample_083_0024_000014,준식별자
손하음,083_0024,sample_083_0024_000016,개인정보
Aromatique Ltd.,083_0024,sample_083_0024_000019,기밀정보
LOT-AQ-2045,083_0024,sample_083_0024_000019,기밀정보
BR-083-20260115-01,083_0024,sample_083_0024_000021,기밀정보
QC-083-0123,083_0024,sample_083_0024_000021,기밀정보
2026-01-16,083_0024,sample_083_0024_000022,준식별자
QA-07,083_0024,sample_083_0024_000022,기밀정보
백시운,083_0024,sample_083_0024_000026,개인정보
최유겸,083_0024,sample_083_0024_000026,개인정보
2026-01-18,083_0024,sample_083_0024_000026,준식별자
[기밀_레시피],083_0024,sample_083_0024_000027,기밀정보
BATCH-083-20250115,083_0025,sample_083_0025_000002,기밀정보
Serenity Labs,083_0025,sample_083_0025_000003,기밀정보
2025-01-15,083_0025,sample_083_0025_000003,준식별자
2027-01-14,083_0025,sample_083_0025_000003,준식별자
[MASKED_RECIPE],083_0025,sample_083_0025_000008,기밀정보
한향원(주),083_0025,sample_083_0025_000022,기밀정보
HYW-LOT-2407-3321,083_0025,sample_083_0025_000022,기밀정보
INV-2024-PA-778,083_0025,sample_083_0025_000023,기밀정보
/srv/internal/batch/083/BATCH-083-20250115.pdf,083_0025,sample_083_0025_000024,기밀정보
신영희,083_0025,sample_083_0025_000028,개인정보
2025-01-16,083_0025,sample_083_0025_000028,준식별자
하보관,083_0026,sample_083_0026_000006,개인정보
010-1234-5678,083_0026,sample_083_0026_000006,개인정보
h.bo@generic-aroma.kr,083_0026,sample_083_0026_000006,개인정보
LOT-2025-04578,083_0026,sample_083_0026_000005,기밀정보
경기도 성남시,083_0026,sample_083_0026_000005,준식별자
[레시피_기밀_마스킹],083_0026,sample_083_0026_000004,기밀정보
[레시피_기밀_마스킹],083_0026,sample_083_0026_000024,기밀정보
internal/records/083_0026_BATCH_20250115.pdf,083_0026,sample_083_0026_000018,기밀정보
[공급가_기밀],083_0026,sample_083_0026_000019,기밀정보
2025-01-15,083_0026,sample_083_0026_000017,준식별자
2027-01-14,083_0026,sample_083_0026_000017,준식별자
홍리온,083_0026,sample_083_0026_000023,개인정보
h.legal@fragrancecorp.kr,083_0026,sample_083_0026_000023,개인정보
배현솔,083_0026,sample_083_0026_000025,개인정보
B-083-20250115,083_0026,sample_083_0026_000003,기밀정보
FRG-2025-083,083_0027,sample_083_0027_000001,기밀정보
FORM-083-0027,083_0027,sample_083_0027_000001,기밀정보
BATCH-20250115-083,083_0027,sample_083_0027_000002,기밀정보
BLR-083-0027-20250115,083_0027,sample_083_0027_000002,기밀정보
2025-01-15,083_0027,sample_083_0027_000003,준식별자
2027-01-14,083_0027,sample_083_0027_000003,준식별자
https://example-sds.brandco.kr/083_0027_SDS.pdf,083_0027,sample_083_0027_000011,기밀정보
BLR-083-0027-20250115,083_0027,sample_083_0027_000018,기밀정보
QC_083_0027_20250115.xlsx,083_0027,sample_083_0027_000018,기밀정보
COA-083_20250115.pdf,083_0027,sample_083_0027_000018,기밀정보
LOT-SUPP-ALPHA-202407-A1,083_0027,sample_083_0027_000019,기밀정보
L-2025-07-AZ,083_0027,sample_083_0027_000019,기밀정보
송영준,083_0027,sample_083_0027_000020,개인정보
song.yj@brandco.kr,083_0027,sample_083_0027_000020,개인정보
010-9876-5432,083_0027,sample_083_0027_000020,개인정보
COST-ALPHA-83,083_0027,sample_083_0027_000024,기밀정보
COC-083-2025-01,083_0027,sample_083_0027_000025,기밀정보
2024-12-01,083_0027,sample_083_0027_000026,준식별자
서울특별시 강남구 테헤란로 10-7,083_0027,sample_083_0027_000027,준식별자
송영준,083_0027,sample_083_0027_000028,개인정보
BATCH-20250115-007,083_0028,sample_083_0028_000003,기밀정보
2025-01-15,083_0028,sample_083_0028_000004,준식별자
2027-01-14,083_0028,sample_083_0028_000004,준식별자
문현건,083_0028,sample_083_0028_000005,개인정보
2025-01-20,083_0028,sample_083_0028_000005,준식별자
남용찬,083_0028,sample_083_0028_000006,개인정보
장바울,083_0028,sample_083_0028_000007,개인정보
[기밀: 레시피 마스킹],083_0028,sample_083_0028_000007,기밀정보
아로마코리아 주식회사,083_0028,sample_083_0028_000026,기밀정보
AK-2024-11-A12345,083_0028,sample_083_0028_000026,기밀정보
[기밀: 단가 마스킹],083_0028,sample_083_0028_000027,기밀정보
BATCH-20250115-007,083_0028,sample_083_0028_000029,기밀정보
BATCH-LT-083-4521,083_0029,sample_083_0029_000004,기밀정보
2025-04-12,083_0029,sample_083_0029_000005,준식별자
2027-04-11,083_0029,sample_083_0029_000005,준식별자
PRD-AR-2025-011,083_0029,sample_083_0029_000002,기밀정보
"Proprietary Blend (성분 비공개, Trade Secret)",083_0029,sample_083_0029_000011,기밀정보
https://intranet.cosmeco.kr/sds/PRD-AR-2025-011.pdf,083_0029,sample_083_0029_000019,기밀정보
2025-03-20,083_0029,sample_083_0029_000019,준식별자
신영수,083_0029,sample_083_0029_000025,개인정보
SUP-LOT-9901,083_0029,sample_083_0029_000026,기밀정보
supplier_contact@fragrancesupply.co.kr,083_0029,sample_083_0029_000026,개인정보
"27,500원/kg",083_0029,sample_083_0029_000027,기밀정보
유현담,083_0030,sample_083_0030_000002,개인정보
박연서,083_0030,sample_083_0030_000003,개인정보
지영만,083_0030,sample_083_0030_000004,개인정보
BATCH-2025-0007,083_0030,sample_083_0030_000005,기밀정보
F-083-0030-07,083_0030,sample_083_0030_000006,기밀정보
아로마센트(주),083_0030,sample_083_0030_000007,기밀정보
AS-LOT-8421,083_0030,sample_083_0030_000007,기밀정보
[기밀: BLEND_001 마스킹],083_0030,sample_083_0030_000013,기밀정보
https://intra.example.company/sds/PRD-083-0030.pdf,083_0030,sample_083_0030_000020,기밀정보
BR-083-00012,083_0030,sample_083_0030_000029,기밀정보
2025,083_0030,sample_083_0030_000028,준식별자
01,083_0030,sample_083_0030_000028,준식별자
15,083_0030,sample_083_0030_000028,준식별자
2028,083_0030,sample_083_0030_000028,준식별자
01,083_0030,sample_083_0030_000028,준식별자
15,083_0030,sample_083_0030_000028,준식별자
BATCH-2025-001,083_0031,sample_083_0031_000001,기밀정보
Top Blend A,083_0031,sample_083_0031_000004,기밀정보
AromaCo,083_0031,sample_083_0031_000006,기밀정보
LOT-AX92,083_0031,sample_083_0031_000006,기밀정보
"KRW 12,000/kg",083_0031,sample_083_0031_000006,기밀정보
2024-12-01,083_0031,sample_083_0031_000007,준식별자
1096,083_0031,sample_083_0031_000009,일반정보
2025-01-10,083_0031,sample_083_0031_000014,준식별자
서울시,083_0031,sample_083_0031_000014,준식별자
강남구,083_0031,sample_083_0031_000014,준식별자
역삼동,083_0031,sample_083_0031_000014,준식별자
민경완,083_0031,sample_083_0031_000017,개인정보
박시환,083_0031,sample_083_0031_000018,개인정보
BR_083_0031_BATCH-2025-001.pdf,083_0031,sample_083_0031_000023,기밀정보
"KRW 12,000/kg",083_0031,sample_083_0031_000024,기밀정보
곽태린,083_0031,sample_083_0031_000026,개인정보
2025-01-15,083_0031,sample_083_0031_000027,준식별자
BATCH-20250115-01,083_0032,sample_083_0032_000003,기밀정보
2025,083_0032,sample_083_0032_000004,준식별자
01,083_0032,sample_083_0032_000004,준식별자
15,083_0032,sample_083_0032_000004,준식별자
2027,083_0032,sample_083_0032_000004,준식별자
01,083_0032,sample_083_0032_000004,준식별자
14,083_0032,sample_083_0032_000004,준식별자
서울특별시,083_0032,sample_083_0032_000005,준식별자
강남구,083_0032,sample_083_0032_000005,준식별자
주식회사 향원,083_0032,sample_083_0032_000006,기밀정보
SUP-LT-9001,083_0032,sample_083_0032_000006,기밀정보
우효선,083_0032,sample_083_0032_000022,개인정보
김경남,083_0032,sample_083_0032_000022,개인정보
BATCH-20250115-01,083_0032,sample_083_0032_000023,기밀정보
PRD-083-2025,083_0033,sample_083_0033_000002,기밀정보
FORM-083-0033-A,083_0033,sample_083_0033_000002,기밀정보
BATCH-083-20250115-01,083_0033,sample_083_0033_000003,기밀정보
아로마서플라이,083_0033,sample_083_0033_000011,기밀정보
LOT-2025A-001,083_0033,sample_083_0033_000011,기밀정보
2025-01-15,083_0033,sample_083_0033_000025,준식별자
2027-01-14,083_0033,sample_083_0033_000025,준식별자
민규탁,083_0033,sample_083_0033_000029,개인정보
노마드 향료랩,083_0033,sample_083_0033_000028,기밀정보
BATCH-083-240712,083_0034,sample_083_0034_000003,기밀정보
하엘라,083_0034,sample_083_0034_000004,개인정보
2024,083_0034,sample_083_0034_000005,준식별자
07,083_0034,sample_083_0034_000005,준식별자
12,083_0034,sample_083_0034_000005,준식별자
2026,083_0034,sample_083_0034_000005,준식별자
07,083_0034,sample_083_0034_000005,준식별자
11,083_0034,sample_083_0034_000005,준식별자
서울특별시,083_0034,sample_083_0034_000005,준식별자
강남구,083_0034,sample_083_0034_000005,준식별자
PROPRIETARY_ACCORD_A,083_0034,sample_083_0034_000009,기밀정보
BR-820-Alpha,083_0034,sample_083_0034_000021,기밀정보
LOT-2024-07-A1,083_0034,sample_083_0034_000022,기밀정보
하엘라,083_0034,sample_083_0034_000023,개인정보
PROPRIETARY_ACCORD_A,083_0034,sample_083_0034_000024,기밀정보
하엘라,083_0034,sample_083_0034_000026,개인정보
TRACE-083/20240712,083_0034,sample_083_0034_000027,기밀정보
2025,083_0034,sample_083_0034_000028,준식별자
01,083_0034,sample_083_0034_000028,준식별자
15,083_0034,sample_083_0034_000028,준식별자
BATCH-20250315-01,083_0035,sample_083_0035_000004,기밀정보
경기도,083_0035,sample_083_0035_000025,준식별자
성남시,083_0035,sample_083_0035_000025,준식별자
분당구,083_0035,sample_083_0035_000025,준식별자
2025년,083_0035,sample_083_0035_000026,준식별자
03월,083_0035,sample_083_0035_000026,준식별자
15일,083_0035,sample_083_0035_000026,준식별자
AromaNova Co.,083_0035,sample_083_0035_000027,기밀정보
AN-LOT-5567,083_0035,sample_083_0035_000027,기밀정보
[PRICE_REDACTED],083_0035,sample_083_0035_000028,기밀정보
[TRADE_SECRET_REDACTED],083_0035,sample_083_0035_000029,기밀정보
황희은,083_0035,sample_083_0035_000031,개인정보
hheun@syntheticperfume.co.kr,083_0035,sample_083_0035_000031,개인정보
BATCH-083-20250115-A,083_0036,sample_083_0036_000004,기밀정보
2025년 01월 15일,083_0036,sample_083_0036_000005,준식별자
2027년 01월 14일,083_0036,sample_083_0036_000006,준식별자
[REDACTED_RECIPE],083_0036,sample_083_0036_000008,기밀정보
향원주식회사(가명),083_0036,sample_083_0036_000009,기밀정보
LOT-AR-202412,083_0036,sample_083_0036_000009,기밀정보
"1,200,000원",083_0036,sample_083_0036_000009,기밀정보
[REDACTED_RECIPE],083_0036,sample_083_0036_000011,기밀정보
intranet://sds/083_0036,083_0036,sample_083_0036_000012,기밀정보
2024년 12월 01일,083_0036,sample_083_0036_000012,준식별자
임승천,083_0036,sample_083_0036_000016,개인정보
seungcheon.labs@fragrance.example,083_0036,sample_083_0036_000016,개인정보
010-5555-1234,083_0036,sample_083_0036_000016,개인정보
권제이,083_0036,sample_083_0036_000017,개인정보
BR_083_0036_BATCH.pdf,083_0036,sample_083_0036_000022,기밀정보
STD-202407,083_0036,sample_083_0036_000026,기밀정보
2026년 07월 01일,083_0036,sample_083_0036_000026,준식별자
서울특별시,083_0036,sample_083_0036_000028,준식별자
강남구,083_0036,sample_083_0036_000028,준식별자
역삼동,083_0036,sample_083_0036_000028,준식별자
A-12,083_0036,sample_083_0036_000028,기밀정보
한혜선,083_0036,sample_083_0036_000029,개인정보
BATCH-083-0037-20250115,083_0037,sample_083_0037_000001,기밀정보
Proprietary Blend A,083_0037,sample_083_0037_000003,기밀정보
LOT-202501-A1,083_0037,sample_083_0037_000024,기밀정보
고용화,083_0037,sample_083_0037_000025,개인정보
백세빈,083_0037,sample_083_0037_000025,개인정보
2025,083_0037,sample_083_0037_000022,준식별자
01,083_0037,sample_083_0037_000022,준식별자
15,083_0037,sample_083_0037_000022,준식별자
BATCH-20250115-01,083_0038,sample_083_0038_000003,기밀정보
2025,083_0038,sample_083_0038_000003,준식별자
01,083_0038,sample_083_0038_000003,준식별자
15,083_0038,sample_083_0038_000003,준식별자
백유하,083_0038,sample_083_0038_000004,개인정보
조향팀,083_0038,sample_083_0038_000004,준식별자
Proprietary Blend A,083_0038,sample_083_0038_000005,기밀정보
QC_083_0038_202501,083_0038,sample_083_0038_000019,기밀정보
\\internal\\batch\\083_0038\\BATCH-20250115-01.pdf,083_0038,sample_083_0038_000019,기밀정보
BATCH-20250115-01,083_0038,sample_083_0038_000019,기밀정보
TRS-083-38,083_0038,sample_083_0038_000020,기밀정보
아로마소스주식회사,083_0038,sample_083_0038_000021,기밀정보
AS-2309-07,083_0038,sample_083_0038_000021,기밀정보
2025,083_0038,sample_083_0038_000026,준식별자
01,083_0038,sample_083_0038_000026,준식별자
20,083_0038,sample_083_0038_000026,준식별자
조향팀장,083_0038,sample_083_0038_000029,준식별자
허재백,083_0039,sample_083_0039_000028,개인정보
원정필,083_0039,sample_083_0039_000029,개인정보
문창희,083_0039,sample_083_0039_000030,개인정보
서울특별시,083_0039,sample_083_0039_000027,준식별자
강남구,083_0039,sample_083_0039_000027,준식별자
A-202501-77,083_0039,sample_083_0039_000027,기밀정보
"￦12,000/kg",083_0039,sample_083_0039_000027,기밀정보
BR-2026-09-001,083_0039,sample_083_0039_000026,기밀정보
QC-083-2026-01,083_0039,sample_083_0039_000026,기밀정보
PRD-2024-045,083_0040,sample_083_0040_000002,기밀정보
FORM-0040,083_0040,sample_083_0040_000002,기밀정보
BATCH-20240115-XY,083_0040,sample_083_0040_000003,기밀정보
2025-01-15,083_0040,sample_083_0040_000003,준식별자
2027-01-14,083_0040,sample_083_0040_000003,준식별자
"프래그런스 블렌드 A (기밀, 비공개, 비율: 12.5% w/w, 구성세부사항: [TRADE_SECRET_01])",083_0040,sample_083_0040_000005,기밀정보
향연제조주식회사,083_0040,sample_083_0040_000014,기밀정보
양리우,083_0040,sample_083_0040_000015,개인정보
노환희,083_0040,sample_083_0040_000015,개인정보
qa_team@aroma-example.com,083_0040,sample_083_0040_000016,개인정보
010-1234-5678,083_0040,sample_083_0040_000016,개인정보
아로마코 인터내셔널,083_0040,sample_083_0040_000017,기밀정보
AC-LOT-2311,083_0040,sample_083_0040_000017,기밀정보
"￦1,200/kg",083_0040,sample_083_0040_000018,기밀정보
GCMS_PRD-2024-045_BATCH-BATCH-20240115-XY.raw,083_0040,sample_083_0040_000020,기밀정보
경기도 성남시 분당구 대왕판교로 123,083_0040,sample_083_0040_000023,개인정보
BATCH-20240115-XY,083_0040,sample_083_0040_000020,기밀정보
PRD-2024-045,083_0040,sample_083_0040_000020,기밀정보
노환희,083_0040,sample_083_0040_000027,개인정보
FORM-83-041-A,083_0041,sample_083_0041_000002,기밀정보
BATCH-20250115-009,083_0041,sample_083_0041_000004,기밀정보
2025,083_0041,sample_083_0041_000005,준식별자
01,083_0041,sample_083_0041_000005,준식별자
15,083_0041,sample_083_0041_000005,준식별자
2027,083_0041,sample_083_0041_000006,준식별자
01,083_0041,sample_083_0041_000006,준식별자
14,083_0041,sample_083_0041_000006,준식별자
SUP-A-LOT-7789,083_0041,sample_083_0041_000027,기밀정보
류수성,083_0041,sample_083_0041_000030,개인정보
백부승,083_0042,sample_083_0042_000003,개인정보
010-1111-2222,083_0042,sample_083_0042_000003,개인정보
bseung@fragranceco.kr,083_0042,sample_083_0042_000003,개인정보
사번 20240012,083_0042,sample_083_0042_000003,개인정보
2025,083_0042,sample_083_0042_000004,준식별자
01,083_0042,sample_083_0042_000004,준식별자
15,083_0042,sample_083_0042_000004,준식별자
2027,083_0042,sample_083_0042_000004,준식별자
01,083_0042,sample_083_0042_000004,준식별자
14,083_0042,sample_083_0042_000004,준식별자
TR-2025-004,083_0042,sample_083_0042_000006,기밀정보
ScentSource Ltd.,083_0042,sample_083_0042_000007,기밀정보
SS-2024-889,083_0042,sample_083_0042_000007,기밀정보
"KRW 12,300/kg",083_0042,sample_083_0042_000007,기밀정보
천도이,083_0042,sample_083_0042_000014,개인정보
/data/batches/083/TR-2025-004/BR-004,083_0042,sample_083_0042_000015,기밀정보
천호산,083_0043,sample_083_0043_000023,개인정보
2025-00987,083_0043,sample_083_0043_000023,개인정보
이민선,083_0043,sample_083_0043_000024,개인정보
2025-09-17,083_0043,sample_083_0043_000003,준식별자
경기도 용인시 기흥구,083_0043,sample_083_0043_000004,준식별자
BATCH-0043-20250917,083_0043,sample_083_0043_000003,기밀정보
[REDACTED_RECIPE_BATCH_0043],083_0043,sample_083_0043_000009,기밀정보
AR-987654321,083_0043,sample_083_0043_000010,기밀정보
SUPP-042-SECRET,083_0043,sample_083_0043_000010,기밀정보
[BATCH_0830044_001],083_0044,sample_083_0044_000004,기밀정보
2025,083_0044,sample_083_0044_000006,준식별자
01,083_0044,sample_083_0044_000006,준식별자
15,083_0044,sample_083_0044_000006,준식별자
[TRADE_SECRET:TOP_NOTE_BLEND],083_0044,sample_083_0044_000011,기밀정보
[SDS_URL_MASKED],083_0044,sample_083_0044_000018,기밀정보
오석헌,083_0044,sample_083_0044_000026,개인정보
[MANUFACTURER_MASKED],083_0044,sample_083_0044_000027,기밀정보
[SUPPLIER_A_01],083_0044,sample_083_0044_000028,기밀정보
[LOT_A_2025-01],083_0044,sample_083_0044_000028,기밀정보
[RAWLOT_RM03],083_0044,sample_083_0044_000029,기밀정보
상업비밀,083_0045,sample_083_0045_000010,기밀정보
REC-083-45-MASK,083_0045,sample_083_0045_000011,기밀정보
"Linalool, CAS 78-70-6",083_0045,sample_083_0045_000006,일반정보
"Limonene, CAS 5989-27-5",083_0045,sample_083_0045_000007,일반정보
2024-04-15,083_0045,sample_083_0045_000025,준식별자
2026-04-14,083_0045,sample_083_0045_000025,준식별자
공급사A(마스킹),083_0045,sample_083_0045_000026,기밀정보
LOT-2024-0421(MSK),083_0045,sample_083_0045_000026,기밀정보
나예연,083_0045,sample_083_0045_000028,개인정보
공정환,083_0045,sample_083_0045_000029,개인정보
상업비밀,083_0045,sample_083_0045_000011,기밀정보
REC-083-45-MASK,083_0045,sample_083_0045_000030,기밀정보
2025년 01월 15일,083_0046,sample_083_0046_000005,준식별자
2027년 01월 14일,083_0046,sample_083_0046_000005,준식별자
2025-01-18,083_0046,sample_083_0046_000013,준식별자
TRS-2026-██,083_0046,sample_083_0046_000009,기밀정보
[기밀],083_0046,sample_083_0046_000009,기밀정보
https://intra.example.com/sds/PRD-083-0046,083_0046,sample_083_0046_000017,기밀정보
MFR-046-KR,083_0046,sample_083_0046_000022,기밀정보
PureAroma Ltd.,083_0046,sample_083_0046_000023,기밀정보
PA-LOT-2025-017,083_0046,sample_083_0046_000023,기밀정보
BATCH-20250115-046,083_0046,sample_083_0046_000004,기밀정보
BATCH-20250115-046,083_0046,sample_083_0046_000026,기밀정보
전서인,083_0046,sample_083_0046_000026,개인정보
BATCH-20250115-47,083_0047,sample_083_0047_000004,기밀정보
2025-01-15,083_0047,sample_083_0047_000005,준식별자
2027-01-14,083_0047,sample_083_0047_000006,준식별자
"향료 블렌드 A (기밀, 비공개, 함량 마스킹)",083_0047,sample_083_0047_000013,기밀정보
원은오,083_0047,sample_083_0047_000027,개인정보
안태기,083_0047,sample_083_0047_000027,개인정보
LOT-A-2024-07,083_0047,sample_083_0047_000028,기밀정보
BATCH-20240715-01,083_0048,sample_083_0048_000004,기밀정보
2024-07-15,083_0048,sample_083_0048_000005,준식별자
2026-07-14,083_0048,sample_083_0048_000006,준식별자
TRS-083-0048,083_0048,sample_083_0048_000009,기밀정보
LOT-SUP-0456,083_0048,sample_083_0048_000010,기밀정보
서울특별시 강남구,083_0048,sample_083_0048_000010,준식별자
010-5555-0101,083_0048,sample_083_0048_000010,개인정보
[기밀: 마스킹],083_0048,sample_083_0048_000011,기밀정보
권엘라,083_0048,sample_083_0048_000023,개인정보
노성윤,083_0048,sample_083_0048_000024,개인정보
010-5555-0101,083_0048,sample_083_0048_000024,개인정보
[기밀: 마스킹],083_0048,sample_083_0048_000025,기밀정보
정하원,083_0048,sample_083_0048_000027,개인정보
곽상규,083_0048,sample_083_0048_000028,개인정보
FRG-2025-0830049,083_0049,sample_083_0049_000002,기밀정보
FORM-083_0049-01,083_0049,sample_083_0049_000002,기밀정보
BATCH-083-0049-20250115,083_0049,sample_083_0049_000004,기밀정보
2025-01-15,083_0049,sample_083_0049_000005,준식별자
2027-01-14,083_0049,sample_083_0049_000005,준식별자
TS-49382,083_0049,sample_083_0049_000010,기밀정보
서울특별시 강남구 삼성동 123-45,083_0049,sample_083_0049_000024,개인정보
Supplier A,083_0049,sample_083_0049_000025,기밀정보
S-2025-004,083_0049,sample_083_0049_000025,기밀정보
Supplier B,083_0049,sample_083_0049_000025,기밀정보
S-2024-112,083_0049,sample_083_0049_000025,기밀정보
"₩12,300/kg",083_0049,sample_083_0049_000026,기밀정보
\internal\batch\083_0049\S-2025-004.pdf,083_0049,sample_083_0049_000027,기밀정보
노지영,083_0049,sample_083_0049_000028,개인정보
원백현,083_0049,sample_083_0049_000029,개인정보
wbhyun@fragrances.example.com,083_0049,sample_083_0049_000029,개인정보
010-1234-5678,083_0049,sample_083_0049_000029,개인정보
BATCH-20250115-001,083_0050,sample_083_0050_000003,기밀정보
안은,083_0050,sample_083_0050_000004,개인정보
aneun.ahn@company.local,083_0050,sample_083_0050_000004,개인정보
2025,083_0050,sample_083_0050_000005,준식별자
01,083_0050,sample_083_0050_000005,준식별자
15,083_0050,sample_083_0050_000005,준식별자
2027,083_0050,sample_083_0050_000005,준식별자
01,083_0050,sample_083_0050_000005,준식별자
14,083_0050,sample_083_0050_000005,준식별자
성남시,083_0050,sample_083_0050_000006,준식별자
수정구,083_0050,sample_083_0050_000006,준식별자
AromaSynth,083_0050,sample_083_0050_000007,기밀정보
LOT-XY-2024A,083_0050,sample_083_0050_000007,기밀정보
[TRADE_SECRET_FORMULA_MASKED],083_0050,sample_083_0050_000008,기밀정보
원현이,083_0050,sample_083_0050_000010,개인정보
진재근,083_0050,sample_083_0050_000028,개인정보
안은,083_0050,sample_083_0050_000030,개인정보
BATCH-20250110-08,083_0051,sample_083_0051_000004,기밀정보
아로마웍스(주),083_0051,sample_083_0051_000005,준식별자
고영태,083_0051,sample_083_0051_000006,개인정보
2025년,083_0051,sample_083_0051_000007,준식별자
01월,083_0051,sample_083_0051_000007,준식별자
10일,083_0051,sample_083_0051_000007,준식별자
2027년,083_0051,sample_083_0051_000008,준식별자
01월,083_0051,sample_083_0051_000008,준식별자
09일,083_0051,sample_083_0051_000008,준식별자
[RECIPE_MASKED_7A3F],083_0051,sample_083_0051_000016,기밀정보
프래그런스서플라이(주),083_0051,sample_083_0051_000017,준식별자
LOT-AX12-2025,083_0051,sample_083_0051_000017,기밀정보
RM-758-042,083_0051,sample_083_0051_000018,기밀정보
[PRICE_MASKED],083_0051,sample_083_0051_000019,기밀정보
채우준,083_0051,sample_083_0051_000028,개인정보
FORM-PR-089,083_0052,sample_083_0052_000002,기밀정보
[TRADE_SECRET_FORMULA_MASKED],083_0052,sample_083_0052_000006,기밀정보
Acme Aroma Co.,083_0052,sample_083_0052_000023,기밀정보
ARO-2109-XY,083_0052,sample_083_0052_000023,기밀정보
GreenBotanica Ltd.,083_0052,sample_083_0052_000024,기밀정보
GB-LOT-338,083_0052,sample_083_0052_000024,기밀정보
정문철,083_0052,sample_083_0052_000026,개인정보
조정희,083_0052,sample_083_0052_000027,개인정보
2025-01-10,083_0052,sample_083_0052_000028,준식별자
2027-01-09,083_0052,sample_083_0052_000028,준식별자
BATCH-2025-0812-01,083_0053,sample_083_0053_000004,기밀정보
미르아로마(주),083_0053,sample_083_0053_000005,기밀정보
[TRADE_SECRET_MASKED],083_0053,sample_083_0053_000006,기밀정보
2024,083_0053,sample_083_0053_000013,준식별자
11,083_0053,sample_083_0053_000013,준식별자
05,083_0053,sample_083_0053_000013,준식별자
2025,083_0053,sample_083_0053_000020,준식별자
01,083_0053,sample_083_0053_000020,준식별자
15,083_0053,sample_083_0053_000020,준식별자
2027,083_0053,sample_083_0053_000020,준식별자
01,083_0053,sample_083_0053_000020,준식별자
14,083_0053,sample_083_0053_000020,준식별자
MIR-2025-0812,083_0053,sample_083_0053_000021,기밀정보
"3,500,000 KRW",083_0053,sample_083_0053_000021,기밀정보
미르아로마(주),083_0053,sample_083_0053_000021,기밀정보
QC-REF-8901,083_0053,sample_083_0053_000022,기밀정보
박나온,083_0053,sample_083_0053_000026,개인정보
park.naon@miraroma.example,083_0053,sample_083_0053_000026,개인정보
20231234,083_0053,sample_083_0053_000026,개인정보
BATCH-20250123-XY,083_0054,sample_083_0054_000004,기밀정보
PROD-083-0054-0001,083_0054,sample_083_0054_000004,기밀정보
2025-01-23,083_0054,sample_083_0054_000005,준식별자
2027-01-22,083_0054,sample_083_0054_000005,준식별자
서울특별시 강서구 마곡동 123-45,083_0054,sample_083_0054_000007,개인정보
에코아로마(주),083_0054,sample_083_0054_000008,기밀정보
EA-LOT-4512,083_0054,sample_083_0054_000008,기밀정보
그린테라(유),083_0054,sample_083_0054_000009,기밀정보
GT-LOT-9908,083_0054,sample_083_0054_000009,기밀정보
조동재,083_0054,sample_083_0054_000024,개인정보
2025-01-24,083_0054,sample_083_0054_000024,준식별자
신윤제,083_0054,sample_083_0054_000025,개인정보
안채영,083_0054,sample_083_0054_000025,개인정보
BATCH-2024-00055,083_0055,sample_083_0055_000004,기밀정보
2025-01-15,083_0055,sample_083_0055_000005,준식별자
2027-01-14,083_0055,sample_083_0055_000005,준식별자
서울특별시 강남구 테헤란로 123,083_0055,sample_083_0055_000007,개인정보
아로마소스(주),083_0055,sample_083_0055_000008,기밀정보
AS-2024-078,083_0055,sample_083_0055_000008,기밀정보
https://intra.aurorafragrances.local/SDS/PRD-083-0055.pdf,083_0055,sample_083_0055_000017,기밀정보
황원찬,083_0055,sample_083_0055_000025,개인정보
RN-QC-083-2024,083_0055,sample_083_0055_000026,기밀정보
FORM-PI-9988,083_0056,sample_083_0056_000002,기밀정보
BATCH-00012345,083_0056,sample_083_0056_000004,기밀정보
2025-09-17,083_0056,sample_083_0056_000004,준식별자
배인찬,083_0056,sample_083_0056_000005,개인정보
상업비밀,083_0056,sample_083_0056_000012,기밀정보
LOT-2025-0917-XYZ,083_0056,sample_083_0056_000023,기밀정보
[기밀],083_0056,sample_083_0056_000024,기밀정보
상업비밀,083_0056,sample_083_0056_000026,기밀정보
서이서,083_0056,sample_083_0056_000029,개인정보
2025-10-15,083_0056,sample_083_0056_000030,준식별자
진상효,083_0056,sample_083_0056_000031,개인정보
2027-09-16,083_0056,sample_083_0056_000022,준식별자
김성우,083_0057,sample_083_0057_000021,개인정보
천지원,083_0057,sample_083_0057_000021,개인정보
블렌드 A,083_0057,sample_083_0057_000006,기밀정보
가명 A원료주식회사,083_0057,sample_083_0057_000022,기밀정보
ALOT-202501,083_0057,sample_083_0057_000022,기밀정보
ALOT-202501,083_0057,sample_083_0057_000028,기밀정보
BR-083-0057_20250115,083_0057,sample_083_0057_000020,기밀정보
SDS_083_0057,083_0057,sample_083_0057_000012,기밀정보
BATCH-20250115-058,083_0058,sample_083_0058_000004,기밀정보
2025,083_0058,sample_083_0058_000005,준식별자
01,083_0058,sample_083_0058_000005,준식별자
15,083_0058,sample_083_0058_000005,준식별자
2027,083_0058,sample_083_0058_000006,준식별자
01,083_0058,sample_083_0058_000006,준식별자
14,083_0058,sample_083_0058_000006,준식별자
향연유통주식회사,083_0058,sample_083_0058_000008,기밀정보
SC-LOT-2025-019,083_0058,sample_083_0058_000008,기밀정보
"KRW 45,000/kg",083_0058,sample_083_0058_000008,기밀정보
FORMULA_MASKED_v1,083_0058,sample_083_0058_000009,기밀정보
오선민,083_0058,sample_083_0058_000022,개인정보
010-1234-5678,083_0058,sample_083_0058_000022,개인정보
oseonmin@company.kr,083_0058,sample_083_0058_000022,개인정보
EMP-0457,083_0058,sample_083_0058_000022,개인정보
배성호,083_0058,sample_083_0058_000023,개인정보
02-987-6543,083_0058,sample_083_0058_000023,개인정보
주사랑,083_0058,sample_083_0058_000030,개인정보
PRD-083-2025-0001,083_0059,sample_083_0059_000002,기밀정보
FORM-083-0059-A,083_0059,sample_083_0059_000002,기밀정보
BATCH-2025-0098,083_0059,sample_083_0059_000002,기밀정보
2025,083_0059,sample_083_0059_000004,준식별자
01,083_0059,sample_083_0059_000004,준식별자
10,083_0059,sample_083_0059_000004,준식별자
2027,083_0059,sample_083_0059_000004,준식별자
01,083_0059,sample_083_0059_000004,준식별자
09,083_0059,sample_083_0059_000004,준식별자
AromaSource Ltd.,083_0059,sample_083_0059_000017,기밀정보
AS-LT-2024-3345,083_0059,sample_083_0059_000017,기밀정보
[TRADE-SECRET: HeartBlend],083_0059,sample_083_0059_000012,기밀정보
임조은,083_0059,sample_083_0059_000020,개인정보
FRM-2025-045,083_0059,sample_083_0059_000022,기밀정보
2025,083_0059,sample_083_0059_000028,준식별자
01,083_0059,sample_083_0059_000028,준식별자
15,083_0059,sample_083_0059_000028,준식별자
2025-01-15,083_0060,sample_083_0060_000004,준식별자
2027-01-14,083_0060,sample_083_0060_000004,준식별자
B-202502014,083_0060,sample_083_0060_000004,기밀정보
[TRADE_SECRET_001],083_0060,sample_083_0060_000010,기밀정보
[공급사_A],083_0060,sample_083_0060_000011,기밀정보
[MASKED_LOT_AC_01],083_0060,sample_083_0060_000011,기밀정보
https://intranet.company/sds/FRG-AT-2025-001.pdf,083_0060,sample_083_0060_000017,기밀정보
[BATCH_LOG_202502014],083_0060,sample_083_0060_000026,기밀정보
[제조사_X],083_0060,sample_083_0060_000028,기밀정보
성솔미,083_0060,sample_083_0060_000028,개인정보
PROD-083-0061,083_0061,sample_083_0061_000002,기밀정보
FORM-083-0061-A,083_0061,sample_083_0061_000002,기밀정보
BATCH-20250115-007,083_0061,sample_083_0061_000004,기밀정보
2025,083_0061,sample_083_0061_000005,준식별자
01,083_0061,sample_083_0061_000005,준식별자
15,083_0061,sample_083_0061_000005,준식별자
2027,083_0061,sample_083_0061_000005,준식별자
01,083_0061,sample_083_0061_000005,준식별자
14,083_0061,sample_083_0061_000005,준식별자
[상업비밀_마스킹_1],083_0061,sample_083_0061_000011,기밀정보
GC_083_0061_20250120.raw,083_0061,sample_083_0061_000015,기밀정보
성하선,083_0061,sample_083_0061_000020,개인정보
류민소,083_0061,sample_083_0061_000021,개인정보
[마스킹_직원ID],083_0061,sample_083_0061_000021,기밀정보
AromaNova Co.,083_0061,sample_083_0061_000022,기밀정보
LC-2307-99,083_0061,sample_083_0061_000022,기밀정보
㈜유니센트,083_0061,sample_083_0061_000024,준식별자
서울,083_0061,sample_083_0061_000024,준식별자
QC-UR-450,083_0061,sample_083_0061_000025,기밀정보
안준성,083_0061,sample_083_0061_000031,개인정보
한은수,083_0062,sample_083_0062_000004,개인정보
010-1234-5678,083_0062,sample_083_0062_000004,개인정보
han.eunsoo@aromaco.kr,083_0062,sample_083_0062_000004,개인정보
향연코퍼레이션,083_0062,sample_083_0062_000005,준식별자
2025-01-15,083_0062,sample_083_0062_000006,준식별자
2027-01-14,083_0062,sample_083_0062_000006,준식별자
서울특별시 서초구,083_0062,sample_083_0062_000007,준식별자
아로마소스(주),083_0062,sample_083_0062_000008,준식별자
LOT: AS-2024-07-B,083_0062,sample_083_0062_000008,기밀정보
[CONFIDENTIAL],083_0062,sample_083_0062_000008,기밀정보
BATCH-08362-20250115,083_0062,sample_083_0062_000009,기밀정보
[TRADE_SECRET_01],083_0062,sample_083_0062_000010,기밀정보
20231234,083_0062,sample_083_0062_000011,개인정보
김라엘,083_0062,sample_083_0062_000012,개인정보
혼합온도·전단속도,083_0062,sample_083_0062_000024,기밀정보
대체계획 문서,083_0062,sample_083_0062_000027,기밀정보
한은수,083_0062,sample_083_0062_000029,개인정보
2025-01-16,083_0062,sample_083_0062_000029,준식별자
성기연,083_0063,sample_083_0063_000025,개인정보
seong.kiyeon@aromaco.example.com,083_0063,sample_083_0063_000025,개인정보
정시영,083_0063,sample_083_0063_000029,개인정보
2025,083_0063,sample_083_0063_000020,준식별자
01,083_0063,sample_083_0063_000020,준식별자
15,083_0063,sample_083_0063_000020,준식별자
2027,083_0063,sample_083_0063_000021,준식별자
01,083_0063,sample_083_0063_000021,준식별자
14,083_0063,sample_083_0063_000021,준식별자
SUPP-LOT-AXN-20250105,083_0063,sample_083_0063_000023,기밀정보
[레시피_기밀_마스킹],083_0063,sample_083_0063_000007,기밀정보
[기밀: 원가내역_마스킹],083_0063,sample_083_0063_000028,기밀정보
BATCH-20250115-001,083_0064,sample_083_0064_000004,기밀정보
2025,083_0064,sample_083_0064_000005,준식별자
01,083_0064,sample_083_0064_000005,준식별자
15,083_0064,sample_083_0064_000005,준식별자
2027,083_0064,sample_083_0064_000005,준식별자
01,083_0064,sample_083_0064_000005,준식별자
14,083_0064,sample_083_0064_000005,준식별자
[기밀: FORM_BLD_*****],083_0064,sample_083_0064_000007,기밀정보
INTERNAL_URL_*****,083_0064,sample_083_0064_000011,기밀정보
하연숙,083_0064,sample_083_0064_000014,개인정보
INTERNAL_PATH_*****,083_0064,sample_083_0064_000019,기밀정보
허준식,083_0064,sample_083_0064_000020,개인정보
SUPP_001,083_0064,sample_083_0064_000023,기밀정보
SUPPLOT-202412-09,083_0064,sample_083_0064_000023,기밀정보
공급가격: 기밀(마스킹),083_0064,sample_083_0064_000024,기밀정보
레시피 상세(상업비밀) 마스킹,083_0064,sample_083_0064_000025,기밀정보
BATCH-20250115-001,083_0064,sample_083_0064_000026,기밀정보
최하율,083_0064,sample_083_0064_000026,개인정보
임태화,083_0064,sample_083_0064_000028,개인정보
원새빛,083_0065,sample_083_0065_000002,개인정보
BATCH-2025-0047,083_0065,sample_083_0065_000003,기밀정보
2025,083_0065,sample_083_0065_000004,준식별자
01,083_0065,sample_083_0065_000004,준식별자
15,083_0065,sample_083_0065_000004,준식별자
2027,083_0065,sample_083_0065_000005,준식별자
01,083_0065,sample_083_0065_000005,준식별자
14,083_0065,sample_083_0065_000005,준식별자
채시호,083_0065,sample_083_0065_000024,개인정보
SUPP-01,083_0065,sample_083_0065_000025,기밀정보
LOT-SUPP01-8823,083_0065,sample_083_0065_000025,기밀정보
방용재,083_0065,sample_083_0065_000029,개인정보
PROD-083-0066,083_0066,sample_083_0066_000002,기밀정보
FORM-083-0066-01,083_0066,sample_083_0066_000002,기밀정보
BATCH-20250115-083,083_0066,sample_083_0066_000004,기밀정보
2025,083_0066,sample_083_0066_000004,준식별자
01,083_0066,sample_083_0066_000004,준식별자
15,083_0066,sample_083_0066_000004,준식별자
2025,083_0066,sample_083_0066_000015,준식별자
01,083_0066,sample_083_0066_000015,준식별자
18,083_0066,sample_083_0066_000015,준식별자
2025,083_0066,sample_083_0066_000020,준식별자
01,083_0066,sample_083_0066_000020,준식별자
10,083_0066,sample_083_0066_000020,준식별자
2025,083_0066,sample_083_0066_000023,준식별자
01,083_0066,sample_083_0066_000023,준식별자
20,083_0066,sample_083_0066_000023,준식별자
2025,083_0066,sample_083_0066_000026,준식별자
01,083_0066,sample_083_0066_000026,준식별자
15,083_0066,sample_083_0066_000026,준식별자
2027,083_0066,sample_083_0066_000026,준식별자
01,083_0066,sample_083_0066_000026,준식별자
14,083_0066,sample_083_0066_000026,준식별자
Proprietary Accord A,083_0066,sample_083_0066_000011,기밀정보
Proprietary Accord A,083_0066,sample_083_0066_000018,기밀정보
향료코리아(가명),083_0066,sample_083_0066_000028,기밀정보
LOT-AX9-2024-11,083_0066,sample_083_0066_000028,기밀정보
문승곤,083_0066,sample_083_0066_000029,개인정보
백아현,083_0066,sample_083_0066_000029,개인정보
BATCH-20251015-01,083_0067,sample_083_0067_000004,기밀정보
2025,083_0067,sample_083_0067_000015,준식별자
10,083_0067,sample_083_0067_000015,준식별자
15,083_0067,sample_083_0067_000015,준식별자
2027,083_0067,sample_083_0067_000015,준식별자
10,083_0067,sample_083_0067_000015,준식별자
14,083_0067,sample_083_0067_000015,준식별자
오로라에센셜(가명),083_0067,sample_083_0067_000017,기밀정보
LOT:A-2025123,083_0067,sample_083_0067_000017,기밀정보
"12,300원/kg",083_0067,sample_083_0067_000017,기밀정보
향료디자인주식회사,083_0067,sample_083_0067_000018,준식별자
차서정,083_0067,sample_083_0067_000019,개인정보
chajseojung@fragrance.co.kr,083_0067,sample_083_0067_000019,개인정보
010-1234-5678,083_0067,sample_083_0067_000019,개인정보
원창덕,083_0067,sample_083_0067_000020,개인정보
https://internal.corp.local/qa/083_0067/qc_sheet.pdf,083_0067,sample_083_0067_000021,기밀정보
TS-2026-07-001,083_0067,sample_083_0067_000022,기밀정보
smb://server/QA/batch/083_0067/record.pdf,083_0067,sample_083_0067_000028,기밀정보
허무결,083_0067,sample_083_0067_000029,개인정보
PROD-083-0068,083_0068,sample_083_0068_000002,기밀정보
FORM-083-0068,083_0068,sample_083_0068_000002,기밀정보
김은교,083_0068,sample_083_0068_000003,개인정보
kim.eunkyoh@fleafragrance.kr,083_0068,sample_083_0068_000003,개인정보
010-1234-5678,083_0068,sample_083_0068_000003,개인정보
사번 2023-045,083_0068,sample_083_0068_000003,개인정보
신예련,083_0068,sample_083_0068_000004,개인정보
BATCH-20250115-68,083_0068,sample_083_0068_000005,기밀정보
제조일: 2025-01-15,083_0068,sample_083_0068_000005,준식별자
유통기한: 2027-01-14,083_0068,sample_083_0068_000005,준식별자
[기밀: 레시피 마스킹],083_0068,sample_083_0068_000008,기밀정보
internal://SDS/PROD-083-0068,083_0068,sample_083_0068_000013,기밀정보
프래그런스코리아,083_0068,sample_083_0068_000015,기밀정보
로트 A-2024-11,083_0068,sample_083_0068_000015,기밀정보
"￦***,***",083_0068,sample_083_0068_000016,기밀정보
배치기록 경로 /secure/batches/083_0068,083_0068,sample_083_0068_000023,기밀정보
BATCH-20250115-69,083_0069,sample_083_0069_000005,기밀정보
2025,083_0069,sample_083_0069_000006,준식별자
01,083_0069,sample_083_0069_000006,준식별자
15,083_0069,sample_083_0069_000006,준식별자
2027,083_0069,sample_083_0069_000006,준식별자
01,083_0069,sample_083_0069_000006,준식별자
14,083_0069,sample_083_0069_000006,준식별자
서울특별시,083_0069,sample_083_0069_000007,준식별자
강남구,083_0069,sample_083_0069_000007,준식별자
세곡동,083_0069,sample_083_0069_000007,준식별자
진영서,083_0069,sample_083_0069_000008,개인정보
010-1234-5678,083_0069,sample_083_0069_000008,개인정보
jin.youngseo@krperfume.example,083_0069,sample_083_0069_000008,개인정보
L-2024-08-511,083_0069,sample_083_0069_000009,기밀정보
L-2024-08-511,083_0069,sample_083_0069_000027,기밀정보
BR-083-0070-20250115-01,083_0070,sample_083_0070_000005,기밀정보
2025-01-15,083_0070,sample_083_0070_000006,준식별자
2027-01-14,083_0070,sample_083_0070_000006,준식별자
NAT-20241201,083_0070,sample_083_0070_000011,기밀정보
[MASKED],083_0070,sample_083_0070_000012,기밀정보
[REDACTED],083_0070,sample_083_0070_000013,기밀정보
AromaWorks Ltd.,083_0070,sample_083_0070_000014,준식별자
AW-LOT-20250112,083_0070,sample_083_0070_000014,기밀정보
BR-083-0070-20250115-01,083_0070,sample_083_0070_000025,기밀정보
AW-LOT-20250112,083_0070,sample_083_0070_000028,기밀정보
배수비,083_0070,sample_083_0070_000029,개인정보
권효선,083_0070,sample_083_0070_000029,개인정보
이재수,083_0070,sample_083_0070_000029,개인정보
전은구,083_0071,sample_083_0071_000020,개인정보
전은구,083_0071,sample_083_0071_000021,개인정보
jeon.eg@aurora-fragrance.example,083_0071,sample_083_0071_000021,개인정보
010-1234-5678,083_0071,sample_083_0071_000021,개인정보
박준상,083_0071,sample_083_0071_000028,개인정보
손은효,083_0071,sample_083_0071_000029,개인정보
2025,083_0071,sample_083_0071_000005,준식별자
11,083_0071,sample_083_0071_000005,준식별자
20,083_0071,sample_083_0071_000005,준식별자
2027,083_0071,sample_083_0071_000006,준식별자
11,083_0071,sample_083_0071_000006,준식별자
19,083_0071,sample_083_0071_000006,준식별자
2025,083_0071,sample_083_0071_000028,준식별자
11,083_0071,sample_083_0071_000028,준식별자
21,083_0071,sample_083_0071_000028,준식별자
BATCH-0007123,083_0071,sample_083_0071_000004,기밀정보
프라이빗 블렌드 A,083_0071,sample_083_0071_000010,기밀정보
QC-083-071,083_0071,sample_083_0071_000011,기밀정보
SDS-2024-071,083_0071,sample_083_0071_000014,기밀정보
AromaSource Ltd.,083_0071,sample_083_0071_000022,기밀정보
AS-2024,083_0071,sample_083_0071_000022,기밀정보
LOT-AB12345,083_0071,sample_083_0071_000022,기밀정보
LOT-AB12345,083_0071,sample_083_0071_000024,기밀정보
LOT-MX2024-88,083_0071,sample_083_0071_000024,기밀정보
BATCH-0007123,083_0071,sample_083_0071_000024,기밀정보
BR-083-0007123,083_0071,sample_083_0071_000027,기밀정보
B-2025-0457-XY,083_0072,sample_083_0072_000003,기밀정보
2025-01-15,083_0072,sample_083_0072_000003,준식별자
2027-01-14,083_0072,sample_083_0072_000004,준식별자
우승협,083_0072,sample_083_0072_000005,개인정보
나영옥,083_0072,sample_083_0072_000006,개인정보
<REDACTED>,083_0072,sample_083_0072_000010,기밀정보
아로마서플라이(주),083_0072,sample_083_0072_000011,기밀정보
AS-2024-331,083_0072,sample_083_0072_000011,기밀정보
서울특별시 강남구,083_0072,sample_083_0072_000024,준식별자
QC-2025-0009,083_0072,sample_083_0072_000025,기밀정보
우승협,083_0072,sample_083_0072_000028,개인정보
나영옥,083_0072,sample_083_0072_000028,개인정보
노진유,083_0073,sample_083_0073_000021,개인정보
전현동,083_0073,sample_083_0073_000021,개인정보
박무근,083_0073,sample_083_0073_000022,개인정보
서준성,083_0073,sample_083_0073_000028,개인정보
BATCH-083-0073-0001,083_0073,sample_083_0073_000006,기밀정보
AS-LT-2025-00123,083_0073,sample_083_0073_000008,기밀정보
주식회사 아로마서플라이,083_0073,sample_083_0073_000008,기밀정보
2025,083_0073,sample_083_0073_000006,준식별자
01,083_0073,sample_083_0073_000006,준식별자
15,083_0073,sample_083_0073_000006,준식별자
2027,083_0073,sample_083_0073_000006,준식별자
01,083_0073,sample_083_0073_000006,준식별자
14,083_0073,sample_083_0073_000006,준식별자
서울특별시,083_0073,sample_083_0073_000007,준식별자
강남구,083_0073,sample_083_0073_000007,준식별자
BATCH-2025-0007,083_0074,sample_083_0074_000003,기밀정보
"Aurora Accord (Proprietary, 비공개 배합)",083_0074,sample_083_0074_000006,기밀정보
2025-01-15,083_0074,sample_083_0074_000021,준식별자
2027-01-14,083_0074,sample_083_0074_000022,준식별자
향료코리아주식회사,083_0074,sample_083_0074_000023,준식별자
SUP-2024-8812,083_0074,sample_083_0074_000023,기밀정보
CS-2109,083_0074,sample_083_0074_000024,기밀정보
민명희,083_0074,sample_083_0074_000025,개인정보
BR-083-0074-BATCH-2025-0007,083_0074,sample_083_0074_000027,기밀정보
민명희,083_0074,sample_083_0074_000028,개인정보
이한희,083_0075,sample_083_0075_000019,개인정보
lee.hanhee@fragcorp.kr,083_0075,sample_083_0075_000020,개인정보
010-1234-5678,083_0075,sample_083_0075_000020,개인정보
곽해승,083_0075,sample_083_0075_000023,개인정보
2025,083_0075,sample_083_0075_000017,준식별자
01,083_0075,sample_083_0075_000017,준식별자
15,083_0075,sample_083_0075_000017,준식별자
서울특별시,083_0075,sample_083_0075_000021,준식별자
강남구,083_0075,sample_083_0075_000021,준식별자
테헤란로 123,083_0075,sample_083_0075_000021,개인정보
Aurora Oils Ltd.,083_0075,sample_083_0075_000018,기밀정보
LOT-20241231,083_0075,sample_083_0075_000018,기밀정보
QC_083_0075_20250120.xlsx,083_0075,sample_083_0075_000022,기밀정보
"KRW 1,250,000",083_0075,sample_083_0075_000024,기밀정보
엄대성,083_0076,sample_083_0076_000017,개인정보
배우림,083_0076,sample_083_0076_000017,개인정보
baerim@aromaexample.com,083_0076,sample_083_0076_000017,개인정보
010-5555-1234,083_0076,sample_083_0076_000017,개인정보
2026-01-15,083_0076,sample_083_0076_000003,준식별자
2028-01-15,083_0076,sample_083_0076_000003,준식별자
아로마텍(가명),083_0076,sample_083_0076_000016,기밀정보
LOT-A12345,083_0076,sample_083_0076_000016,기밀정보
LOT-RO1-2025-09,083_0076,sample_083_0076_000016,기밀정보
[PRICE_MASKED],083_0076,sample_083_0076_000016,기밀정보
[TRADE_SECRET_MASKED],083_0076,sample_083_0076_000004,기밀정보
/internal/batch/083_0076/BATCH-20260115-01.pdf,083_0076,sample_083_0076_000024,기밀정보
손석훈,083_0076,sample_083_0076_000021,개인정보
FORM-PRV-009,083_0077,sample_083_0077_000002,기밀정보
BATCH-20260115-07,083_0077,sample_083_0077_000004,기밀정보
서울특별시 강남구,083_0077,sample_083_0077_000023,준식별자
아로마텍,083_0077,sample_083_0077_000024,기밀정보
LOT-SPL-9987,083_0077,sample_083_0077_000024,기밀정보
문규은,083_0077,sample_083_0077_000025,개인정보
문규은@aromaprod.kr,083_0077,sample_083_0077_000026,개인정보
FORM-PRV-009,083_0077,sample_083_0077_000027,기밀정보
BATCH-20250115-078A,083_0078,sample_083_0078_000004,기밀정보
2025,083_0078,sample_083_0078_000005,준식별자
01,083_0078,sample_083_0078_000005,준식별자
15,083_0078,sample_083_0078_000005,준식별자
2027,083_0078,sample_083_0078_000005,준식별자
01,083_0078,sample_083_0078_000005,준식별자
14,083_0078,sample_083_0078_000005,준식별자
2025,083_0078,sample_083_0078_000013,준식별자
01,083_0078,sample_083_0078_000013,준식별자
17,083_0078,sample_083_0078_000013,준식별자
류준영,083_0078,sample_083_0078_000013,개인정보
QA-AP-178,083_0078,sample_083_0078_000013,기밀정보
https://sds.aromaproject.local/FRG-2025-078,083_0078,sample_083_0078_000015,기밀정보
[TRADE_SECRET_MASKED],083_0078,sample_083_0078_000008,기밀정보
성남시,083_0078,sample_083_0078_000022,준식별자
분당구,083_0078,sample_083_0078_000022,준식별자
라벤더코리아,083_0078,sample_083_0078_000023,기밀정보
LV-2024-09A,083_0078,sample_083_0078_000023,기밀정보
안다엘,083_0078,sample_083_0078_000029,개인정보
BATCH-20250115-A1,083_0079,sample_083_0079_000004,기밀정보
2025,083_0079,sample_083_0079_000005,준식별자
01,083_0079,sample_083_0079_000005,준식별자
15,083_0079,sample_083_0079_000005,준식별자
2027,083_0079,sample_083_0079_000005,준식별자
01,083_0079,sample_083_0079_000005,준식별자
14,083_0079,sample_083_0079_000005,준식별자
LOT-SUP-4521,083_0079,sample_083_0079_000020,기밀정보
아로마솔루션 주식회사,083_0079,sample_083_0079_000020,준식별자
[PRICE_MASKED],083_0079,sample_083_0079_000021,기밀정보
[RECIPE_MASKED],083_0079,sample_083_0079_000022,기밀정보
박영훈,083_0079,sample_083_0079_000024,개인정보
서울특별시,083_0079,sample_083_0079_000019,준식별자
강서구,083_0079,sample_083_0079_000019,준식별자
2025,083_0079,sample_083_0079_000027,준식별자
02,083_0079,sample_083_0079_000027,준식별자
10,083_0079,sample_083_0079_000027,준식별자
S-017,083_0079,sample_083_0079_000027,기밀정보
FORM-TRD-0080,083_0080,sample_083_0080_000003,기밀정보
BATCH-083-20250115-0001,083_0080,sample_083_0080_000005,기밀정보
2025,083_0080,sample_083_0080_000006,준식별자
01,083_0080,sample_083_0080_000006,준식별자
15,083_0080,sample_083_0080_000006,준식별자
2027,083_0080,sample_083_0080_000007,준식별자
01,083_0080,sample_083_0080_000007,준식별자
14,083_0080,sample_083_0080_000007,준식별자
\\internal-sds\\083_0080_MSDS.pdf,083_0080,sample_083_0080_000014,기밀정보
2025,083_0080,sample_083_0080_000017,준식별자
02,083_0080,sample_083_0080_000017,준식별자
01,083_0080,sample_083_0080_000017,준식별자
https://internal.company.local/batch/083_0080,083_0080,sample_083_0080_000019,기밀정보
Aurora Naturals Ltd.,083_0080,sample_083_0080_000020,기밀정보
AN-LOT-5421,083_0080,sample_083_0080_000020,기밀정보
Verde Essences GmbH,083_0080,sample_083_0080_000020,기밀정보
VE-LOT-981,083_0080,sample_083_0080_000020,기밀정보
고혜진,083_0080,sample_083_0080_000023,개인정보
엄열음,083_0080,sample_083_0080_000024,개인정보
quality@fragranceco.kr,083_0080,sample_083_0080_000025,개인정보
010-1234-5678,083_0080,sample_083_0080_000025,개인정보
SUP-Lot-AX12,083_0080,sample_083_0080_000027,기밀정보
D:\\Archive\\Batches\\083_0080,083_0080,sample_083_0080_000028,기밀정보
차민재,083_0080,sample_083_0080_000030,개인정보
FRG-202501-001,083_0081,sample_083_0081_000004,기밀정보
2025,083_0081,sample_083_0081_000005,준식별자
01,083_0081,sample_083_0081_000005,준식별자
15,083_0081,sample_083_0081_000005,준식별자
서울,083_0081,sample_083_0081_000005,준식별자
2027,083_0081,sample_083_0081_000006,준식별자
01,083_0081,sample_083_0081_000006,준식별자
14,083_0081,sample_083_0081_000006,준식별자
[MASKED: TRADE SECRET],083_0081,sample_083_0081_000008,기밀정보
AS-LOT-202411-045,083_0081,sample_083_0081_000022,기밀정보
BATCH_FRG-202501-001_REC.pdf,083_0081,sample_083_0081_000025,기밀정보
FRG-202501-001,083_0081,sample_083_0081_000025,기밀정보
엄명길,083_0081,sample_083_0081_000026,개인정보
권채원,083_0081,sample_083_0081_000026,개인정보
하서한,083_0081,sample_083_0081_000026,개인정보
[MASKED: TRADE SECRET],083_0081,sample_083_0081_000027,기밀정보
BATCH-20250115-A01,083_0082,sample_083_0082_000003,기밀정보
[REDACTED_FORMULA_A],083_0082,sample_083_0082_000009,기밀정보
2024,083_0082,sample_083_0082_000016,준식별자
11,083_0082,sample_083_0082_000016,준식별자
10,083_0082,sample_083_0082_000016,준식별자
2025,083_0082,sample_083_0082_000023,준식별자
01,083_0082,sample_083_0082_000023,준식별자
15,083_0082,sample_083_0082_000023,준식별자
2027,083_0082,sample_083_0082_000023,준식별자
01,083_0082,sample_083_0082_000023,준식별자
14,083_0082,sample_083_0082_000023,준식별자
(주)향연,083_0082,sample_083_0082_000024,준식별자
LOT-HY-2024-09,083_0082,sample_083_0082_000024,기밀정보
민길후,083_0082,sample_083_0082_000025,개인정보
아로마테크 코리아,083_0082,sample_083_0082_000026,준식별자
우태은,083_0082,sample_083_0082_000028,개인정보
2025,083_0082,sample_083_0082_000028,준식별자
01,083_0082,sample_083_0082_000028,준식별자
16,083_0082,sample_083_0082_000028,준식별자
박정재,083_0082,sample_083_0082_000029,개인정보
[REDACTED_PRICE],083_0082,sample_083_0082_000032,기밀정보
[MASKED_INTERNAL_PATH],083_0082,sample_083_0082_000033,기밀정보
BATCH-20250123-009,083_0083,sample_083_0083_000003,기밀정보
2025-01-15,083_0083,sample_083_0083_000004,준식별자
2027-01-15,083_0083,sample_083_0083_000004,준식별자
상업비밀(레시피 일부 마스킹됨),083_0083,sample_083_0083_000012,기밀정보
혼합속도 및 온도는 상업비밀로 마스킹됨,083_0083,sample_083_0083_000023,기밀정보
아로마텍스코리아,083_0083,sample_083_0083_000026,기밀정보
ATK-S-2309,083_0083,sample_083_0083_000026,기밀정보
노블아로마(주),083_0083,sample_083_0083_000027,기밀정보
정하림,083_0083,sample_083_0083_000028,개인정보
BATCH-2024-0042,083_0084,sample_083_0084_000004,기밀정보
2025-11-20,083_0084,sample_083_0084_000005,준식별자
2027-11-19,083_0084,sample_083_0084_000005,준식별자
아로마텍스(가명),083_0084,sample_083_0084_000009,기밀정보
AT-LT-241117,083_0084,sample_083_0084_000009,기밀정보
아로마소스(가명),083_0084,sample_083_0084_000010,기밀정보
[INT_SDS_LINK/PROD-083-0084],083_0084,sample_083_0084_000015,기밀정보
안진주,083_0084,sample_083_0084_000024,개인정보
신진,083_0084,sample_083_0084_000024,개인정보
서울특별시 강남구,083_0084,sample_083_0084_000026,준식별자
아로마텍스,083_0084,sample_083_0084_000027,기밀정보
AT-LT-241117,083_0084,sample_083_0084_000027,기밀정보
허래나,083_0084,sample_083_0084_000028,개인정보
BATCH-083-20250115-A,083_0085,sample_083_0085_000004,기밀정보
2025년 01월 15일,083_0085,sample_083_0085_000005,준식별자
서울특별시,083_0085,sample_083_0085_000005,준식별자
백서주,083_0085,sample_083_0085_000006,개인정보
[REDACTED_레시피_1],083_0085,sample_083_0085_000008,기밀정보
라벤더원료(유),083_0085,sample_083_0085_000019,기밀정보
LOT-SUP-2024-07A,083_0085,sample_083_0085_000019,기밀정보
류도담,083_0085,sample_083_0085_000025,개인정보
2025년 07월 15일,083_0085,sample_083_0085_000026,준식별자
손보은,083_0085,sample_083_0085_000029,개인정보
BATCH-20260115-009,083_0086,sample_083_0086_000003,기밀정보
[RECIPE_TRADESECRET_MASKED],083_0086,sample_083_0086_000004,기밀정보
LOT: SPLY-2025-07,083_0086,sample_083_0086_000017,기밀정보
[공급사_A(비공개)],083_0086,sample_083_0086_000017,기밀정보
TRS-98765,083_0086,sample_083_0086_000019,기밀정보
[공급가_비공개],083_0086,sample_083_0086_000023,기밀정보
QC_FRG_083_0086_v02,083_0086,sample_083_0086_000025,기밀정보
[공급사_B(비공개)],083_0086,sample_083_0086_000026,기밀정보
2026,083_0086,sample_083_0086_000014,준식별자
01,083_0086,sample_083_0086_000014,준식별자
15,083_0086,sample_083_0086_000014,준식별자
2028,083_0086,sample_083_0086_000015,준식별자
01,083_0086,sample_083_0086_000015,준식별자
14,083_0086,sample_083_0086_000015,준식별자
서울특별시,083_0086,sample_083_0086_000016,준식별자
강남구,083_0086,sample_083_0086_000016,준식별자
문채윤,083_0086,sample_083_0086_000018,개인정보
mcyoon@example.com,083_0086,sample_083_0086_000018,개인정보
010-5555-1234,083_0086,sample_083_0086_000018,개인정보
TRS-98765,083_0086,sample_083_0086_000019,기밀정보
문채윤,083_0086,sample_083_0086_000028,개인정보
송찬형,083_0086,sample_083_0086_000029,개인정보
허재율,083_0087,sample_083_0087_000025,개인정보
서울특별시 강남구,083_0087,sample_083_0087_000007,준식별자
2025-01-15,083_0087,sample_083_0087_000005,준식별자
2027-01-14,083_0087,sample_083_0087_000006,준식별자
BATCH-083-0087-20250115-001,083_0087,sample_083_0087_000004,기밀정보
AromaSource Co.,083_0087,sample_083_0087_000022,기밀정보
LOT-AR-20250115-A1,083_0087,sample_083_0087_000022,기밀정보
[REDACTED_FORMULATION_DETAIL],083_0087,sample_083_0087_000011,기밀정보
BATCH-08388-0001,083_0088,sample_083_0088_000004,기밀정보
2025-03-15,083_0088,sample_083_0088_000005,준식별자
2027-03-14,083_0088,sample_083_0088_000006,준식별자
녹향원료(주),083_0088,sample_083_0088_000018,기밀정보
LOT-202403-A1,083_0088,sample_083_0088_000018,기밀정보
백용진,083_0088,sample_083_0088_000025,개인정보
류희정,083_0088,sample_083_0088_000026,개인정보
안병진,083_0089,sample_083_0089_000024,개인정보
류윤재,083_0089,sample_083_0089_000023,개인정보
안지희,083_0089,sample_083_0089_000029,개인정보
2025,083_0089,sample_083_0089_000005,준식별자
01,083_0089,sample_083_0089_000005,준식별자
15,083_0089,sample_083_0089_000005,준식별자
2027,083_0089,sample_083_0089_000005,준식별자
01,083_0089,sample_083_0089_000005,준식별자
14,083_0089,sample_083_0089_000005,준식별자
2025,083_0089,sample_083_0089_000023,준식별자
01,083_0089,sample_083_0089_000023,준식별자
16,083_0089,sample_083_0089_000023,준식별자
BATCH-089-20250115,083_0089,sample_083_0089_000004,기밀정보
에코아로마(가명),083_0089,sample_083_0089_000020,기밀정보
ECA-2024-07,083_0089,sample_083_0089_000020,기밀정보
아로마인더스트리(가명),083_0089,sample_083_0089_000021,기밀정보
"12,500원/kg",083_0089,sample_083_0089_000022,기밀정보
Proprietary base accord [기밀 마스킹],083_0089,sample_083_0089_000006,기밀정보
상세 생산 파라미터,083_0089,sample_083_0089_000025,기밀정보
내부서버/AROMA/QC/083_0089/BATCH-089,083_0089,sample_083_0089_000030,기밀정보
https://internal.example.com/sds/083_0089,083_0089,sample_083_0089_000030,기밀정보
PRD-2025-083-001,083_0090,sample_083_0090_000002,기밀정보
FORM-083-090-A,083_0090,sample_083_0090_000002,기밀정보
BATCH-083-20250701-A1,083_0090,sample_083_0090_000003,기밀정보
2025-07-01,083_0090,sample_083_0090_000004,준식별자
2027-06-30,083_0090,sample_083_0090_000004,준식별자
서울특별시,083_0090,sample_083_0090_000004,준식별자
강남구,083_0090,sample_083_0090_000004,준식별자
[MASKED_RECIPE_1],083_0090,sample_083_0090_000006,기밀정보
[공급사A],083_0090,sample_083_0090_000008,기밀정보
LOT-SS-20250615,083_0090,sample_083_0090_000008,기밀정보
internal://sds/PRD-2025-083-001,083_0090,sample_083_0090_000009,기밀정보
2025-06-20,083_0090,sample_083_0090_000011,준식별자
프로프라이어터리 성분,083_0090,sample_083_0090_000012,기밀정보
노준호,083_0090,sample_083_0090_000022,개인정보
[MASKED_RECIPE_2],083_0090,sample_083_0090_000026,기밀정보
[MASKED_RECIPE_1],083_0090,sample_083_0090_000026,기밀정보
SAMPLE-083-090-20250620,083_0090,sample_083_0090_000027,기밀정보
송성문,083_0090,sample_083_0090_000028,개인정보
PRD-083-0091,083_0091,sample_083_0091_000002,기밀정보
FORM-083-0091-01,083_0091,sample_083_0091_000002,기밀정보
BATCH-083-0091-0003,083_0091,sample_083_0091_000004,기밀정보
2025,083_0091,sample_083_0091_000005,준식별자
01,083_0091,sample_083_0091_000005,준식별자
15,083_0091,sample_083_0091_000005,준식별자
2027,083_0091,sample_083_0091_000005,준식별자
01,083_0091,sample_083_0091_000005,준식별자
14,083_0091,sample_083_0091_000005,준식별자
[TRADE_SECRET_FORMULA_01],083_0091,sample_083_0091_000007,기밀정보
[SPECTRUM_FILE_083_0091],083_0091,sample_083_0091_000012,기밀정보
[SDS_LINK_INTERNAL],083_0091,sample_083_0091_000013,기밀정보
허이빈,083_0091,sample_083_0091_000018,개인정보
장세종,083_0091,sample_083_0091_000028,개인정보
Aromaco,083_0091,sample_083_0091_000021,기밀정보
AC-2024-0917,083_0091,sample_083_0091_000021,기밀정보
AC-2024-0917,083_0091,sample_083_0091_000022,기밀정보
FRG-2026-001,083_0092,sample_083_0092_000002,기밀정보
FML-0092,083_0092,sample_083_0092_000002,기밀정보
BATCH-20260115-07,083_0092,sample_083_0092_000004,기밀정보
2026,083_0092,sample_083_0092_000004,준식별자
01,083_0092,sample_083_0092_000004,준식별자
15,083_0092,sample_083_0092_000004,준식별자
기밀,083_0092,sample_083_0092_000008,기밀정보
Proprietary Aroma Blend,083_0092,sample_083_0092_000015,기밀정보
\\corp\\recipes\\FML-0092\\batch_07.pdf,083_0092,sample_083_0092_000024,기밀정보
강병주,083_0092,sample_083_0092_000025,개인정보
이진숙,083_0092,sample_083_0092_000025,개인정보
AromaPure Inc.,083_0092,sample_083_0092_000026,준식별자
LOT-AP-202511A,083_0092,sample_083_0092_000026,기밀정보
권시훈,083_0092,sample_083_0092_000028,개인정보
FML-0092,083_0092,sample_083_0092_000024,기밀정보
BATCH-20250115-01,083_0093,sample_083_0093_000003,기밀정보
BR-2025-0007,083_0093,sample_083_0093_000003,기밀정보
2025-01-15,083_0093,sample_083_0093_000004,준식별자
2027-01-14,083_0093,sample_083_0093_000004,준식별자
조선우,083_0093,sample_083_0093_000005,개인정보
[TRADE_SECRET],083_0093,sample_083_0093_000007,기밀정보
AeroChem Co.,083_0093,sample_083_0093_000024,기밀정보
AC-LOT-20241230,083_0093,sample_083_0093_000024,기밀정보
[MASKED],083_0093,sample_083_0093_000025,기밀정보
[TRADE_SECRET],083_0093,sample_083_0093_000026,기밀정보
성미자,083_0093,sample_083_0093_000028,개인정보
성미자,083_0093,sample_083_0093_000029,개인정보
PRD-083-0094,083_0094,sample_083_0094_000001,기밀정보
FORM-083-0094,083_0094,sample_083_0094_000002,기밀정보
BATCH-083-0094-20250115,083_0094,sample_083_0094_000004,기밀정보
"비율: [기밀: 마스킹, w/w 약 12-15%]",083_0094,sample_083_0094_000010,기밀정보
AS-LOT-2025-089,083_0094,sample_083_0094_000026,기밀정보
홍민오,083_0094,sample_083_0094_000029,개인정보
지철현,083_0094,sample_083_0094_000022,개인정보
AromaSynth Co.,083_0094,sample_083_0094_000026,준식별자
향기연구소주식회사,083_0094,sample_083_0094_000027,준식별자
2025-01-15,083_0094,sample_083_0094_000025,준식별자
2027-01-14,083_0094,sample_083_0094_000025,준식별자
PRD-083-0094,083_0094,sample_083_0094_000019,기밀정보
FRG-2025-095,083_0095,sample_083_0095_000002,기밀정보
FML-095-A,083_0095,sample_083_0095_000002,기밀정보
BCH-20250115-095,083_0095,sample_083_0095_000004,기밀정보
Proprietary Fixative Blend [MASKED],083_0095,sample_083_0095_000009,기밀정보
공급사-알파,083_0095,sample_083_0095_000027,기밀정보
LOT:AC-20240123,083_0095,sample_083_0095_000027,기밀정보
공급사-베타,083_0095,sample_083_0095_000027,기밀정보
LOT:BT-20241201,083_0095,sample_083_0095_000027,기밀정보
2025-01-15,083_0095,sample_083_0095_000025,준식별자
2027-01-14,083_0095,sample_083_0095_000025,준식별자
류연후,083_0095,sample_083_0095_000029,개인정보
문아미,083_0095,sample_083_0095_000030,개인정보
BATCH-083-0096-20250115,083_0096,sample_083_0096_000002,기밀정보
2025-01-15,083_0096,sample_083_0096_000003,준식별자
2026-01-14,083_0096,sample_083_0096_000004,준식별자
[MASKED_RECIPE_01],083_0096,sample_083_0096_000007,기밀정보
서울특별시 서초구 강남대로 123,083_0096,sample_083_0096_000017,준식별자
차주오,083_0096,sample_083_0096_000018,개인정보
최리유,083_0096,sample_083_0096_000019,개인정보
BR-083-0096-0001,083_0096,sample_083_0096_000020,기밀정보
(가명)아로마벨트,083_0096,sample_083_0096_000021,기밀정보
AB-LOT-2301,083_0096,sample_083_0096_000021,기밀정보
"45,000 KRW/kg",083_0096,sample_083_0096_000022,기밀정보
차주오,083_0096,sample_083_0096_000024,개인정보
최다솔,083_0096,sample_083_0096_000031,개인정보
2025,083_0097,sample_083_0097_000018,준식별자
01,083_0097,sample_083_0097_000018,준식별자
15,083_0097,sample_083_0097_000018,준식별자
2027,083_0097,sample_083_0097_000018,준식별자
01,083_0097,sample_083_0097_000018,준식별자
14,083_0097,sample_083_0097_000018,준식별자
서울특별시,083_0097,sample_083_0097_000025,준식별자
강남구,083_0097,sample_083_0097_000025,준식별자
류해율,083_0097,sample_083_0097_000019,개인정보
백상,083_0097,sample_083_0097_000019,개인정보
차미혜,083_0097,sample_083_0097_000023,개인정보
방치원,083_0097,sample_083_0097_000027,개인정보
010-1234-5678,083_0097,sample_083_0097_000019,개인정보
ryu.h@masked.co.kr,083_0097,sample_083_0097_000019,개인정보
[공급사_마스킹],083_0097,sample_083_0097_000009,기밀정보
LOT-20250115-A1,083_0097,sample_083_0097_000009,기밀정보
[TRADE_SECRET_MASKED],083_0097,sample_083_0097_000010,기밀정보
https://intranet.company/sds/FRG-2025-09A.pdf,083_0097,sample_083_0097_000013,기밀정보
[S1_Masked],083_0097,sample_083_0097_000022,기밀정보
S1-LOT-20241230,083_0097,sample_083_0097_000022,기밀정보
KR2025-XXXXXX,083_0097,sample_083_0097_000024,기밀정보
BATCH-20250915-A1,083_0098,sample_083_0098_000004,기밀정보
2025,083_0098,sample_083_0098_000005,준식별자
09,083_0098,sample_083_0098_000005,준식별자
15,083_0098,sample_083_0098_000005,준식별자
LOT-2025-09-A123,083_0098,sample_083_0098_000020,기밀정보
원지음,083_0098,sample_083_0098_000021,개인정보
wons@syntheticlab.co.kr,083_0098,sample_083_0098_000021,개인정보
010-1234-5678,083_0098,sample_083_0098_000021,개인정보
원운,083_0098,sample_083_0098_000022,개인정보
상업적 비밀로 마스킹되어,083_0098,sample_083_0098_000023,기밀정보
진종무,083_0098,sample_083_0098_000026,개인정보
우윤솔,083_0098,sample_083_0098_000028,개인정보
[RECIPE_MASKED],083_0098,sample_083_0098_000009,기밀정보
장대우,083_0099,sample_083_0099_000005,개인정보
20230456,083_0099,sample_083_0099_000005,개인정보
jang.daewoo@fictitiousco.co.kr,083_0099,sample_083_0099_000005,개인정보
2025-03-15,083_0099,sample_083_0099_000006,준식별자
2027-03-14,083_0099,sample_083_0099_000006,준식별자
경기도 용인시 처인구 모현읍,083_0099,sample_083_0099_000007,준식별자
[TRADE_SECRET: FORMULA_PROPRIETARY],083_0099,sample_083_0099_000011,기밀정보
[CONFIDENTIAL_PRICE],083_0099,sample_083_0099_000016,기밀정보
AS-LOT-202503,083_0099,sample_083_0099_000016,기밀정보
FORM-2024-PT01,083_0100,sample_083_0100_000002,기밀정보
PROD-2024-BH01,083_0100,sample_083_0100_000002,기밀정보
BATCH-20250516-009,083_0100,sample_083_0100_000004,기밀정보
2025,083_0100,sample_083_0100_000005,준식별자
05,083_0100,sample_083_0100_000005,준식별자
16,083_0100,sample_083_0100_000005,준식별자
2027,083_0100,sample_083_0100_000006,준식별자
05,083_0100,sample_083_0100_000006,준식별자
15,083_0100,sample_083_0100_000006,준식별자
하수현,083_0100,sample_083_0100_000005,개인정보
https://intra.example.com/sds/PROD-2024-BH01.pdf,083_0100,sample_083_0100_000020,기밀정보
향료코리아,083_0100,sample_083_0100_000028,기밀정보
SUP-045,083_0100,sample_083_0100_000028,기밀정보
LOT-A1234,083_0100,sample_083_0100_000028,기밀정보
양진재,083_0100,sample_083_0100_000030,개인정보
방승용,083_0100,sample_083_0100_000030,개인정보
