{
    "document_id": "026_0048",
    "document_title": "블록체인 및 암호화폐 온·오프체인 데이터 감사보고서",
    "data": [
        {
            "sentence": "본 문서는 블록체인 및 암호화폐 온체인·오프체인 데이터 감사 보고서입니다.",
            "id": "sample_026_0048_000001",
            "annotations": []
        },
        {
            "sentence": "보고서 ID는 026_0048이며, 작성 책임자는 감사팀의 구선유입니다.",
            "id": "sample_026_0048_000002",
            "annotations": [
                {
                    "word": "구선유",
                    "start": 33,
                    "end": 36,
                    "label": "개인정보"
                }
            ]
        },
        {
            "sentence": "구선유의 프로필은 생년월일 1985-06-15, 주소 서울특별시 강남구, 직업 블록체인 엔지니어로 내부 인력 레퍼런스에 등록되어 있습니다.",
            "id": "sample_026_0048_000003",
            "annotations": [
                {
                    "word": "1985-06-15",
                    "start": 15,
                    "end": 25,
                    "label": "준식별자"
                },
                {
                    "word": "서울특별시 강남구",
                    "start": 30,
                    "end": 39,
                    "label": "준식별자"
                },
                {
                    "word": "블록체인 엔지니어",
                    "start": 44,
                    "end": 53,
                    "label": "준식별자"
                }
            ]
        },
        {
            "sentence": "감사 대상 네트워크는 테스트넷(chain_id: 1337)으로 표기되어 있습니다.",
            "id": "sample_026_0048_000004",
            "annotations": []
        },
        {
            "sentence": "검토된 트랜잭션 예시는 transaction_id: t0xtest_tx_000000000000000000000000000000000000000000000000000000000000abcd 형식으로 기록되었습니다.",
            "id": "sample_026_0048_000005",
            "annotations": []
        },
        {
            "sentence": "해당 트랜잭션은 block_number 100024, block_hash: 0xtest_blockhash_abcdef1234567890, timestamp: 2025-11-12T08:23:45Z로 블록에 포함되었습니다.",
            "id": "sample_026_0048_000006",
            "annotations": []
        },
        {
            "sentence": "from_address는 0xtestFrom00000000000000000000000000000000000000000000000000000000000a이며, to_address는 0xtestTo0000000000000000000000000000000000000000000000000000000000000b입니다.",
            "id": "sample_026_0048_000007",
            "annotations": []
        },
        {
            "sentence": "value는 1250000000000000000 wei(1.25 ETH 상당)로 기록되었고, token_standard는 ERC-20으로 조회되었습니다.",
            "id": "sample_026_0048_000008",
            "annotations": []
        },
        {
            "sentence": "스마트 컨트랙트 주소는 0xtestContract000000000000000000000000000000000000000000000000000000c이며, method_signature는 transfer(address,uint256)로 파싱됐습니다.",
            "id": "sample_026_0048_000009",
            "annotations": []
        },
        {
            "sentence": "input_data는 ABI encoding 규격을 준수하여 to(주소)와 amount(값)가 포함되었고, output_data는 boolean true를 반환했습니다.",
            "id": "sample_026_0048_000010",
            "annotations": []
        },
        {
            "sentence": "gas_used는 21000, gas_price는 50 gwei, fee는 0.00105 ETH로 계산되어 트랜잭션 수수료 일관성이 확인되었습니다.",
            "id": "sample_026_0048_000011",
            "annotations": []
        },
        {
            "sentence": "nonce는 계정별로 선형 증가하며 본 사례에서는 nonce: 42로 확인됩니다.",
            "id": "sample_026_0048_000012",
            "annotations": []
        },
        {
            "sentence": "status는 성공(success)으로, receipt_status 또한 1로 표기되어 트랜잭션 성공이 확정되었습니다.",
            "id": "sample_026_0048_000013",
            "annotations": []
        },
        {
            "sentence": "이벤트 로그에는 Transfer 이벤트가 포함되었고, logs[0].name: Transfer, indexed args: from(주소), to(주소), value(수량) 형식으로 기록되었습니다.",
            "id": "sample_026_0048_000014",
            "annotations": []
        },
        {
            "sentence": "노드 메타데이터는 node_id: node-12, validator_id: val-07, consensus_round: 548로 수집되었습니다.",
            "id": "sample_026_0048_000015",
            "annotations": []
        },
        {
            "sentence": "제안서 관련 필드에는 proposal_id: prop-2025-11-01-33가 포함되어 거버넌스 변경 이력이 연동되어 있습니다.",
            "id": "sample_026_0048_000016",
            "annotations": []
        },
        {
            "sentence": "오라클 피드는 oracle_source: pricefeed.testnet.example, price_feed: {asset: ETH, price: 3125.45, timestamp: 2025-11-12T08:22:00Z, signature: SIG_TEST_123}로 수집되어 신뢰도 메타데이터가 포함되었습니다.",
            "id": "sample_026_0048_000017",
            "annotations": []
        },
        {
            "sentence": "오프체인 참조로 IPFS URI ipfs://QmTestHash026_0048/metadata.json이 명시되어 대용량 메타데이터의 온체인 부담을 줄였습니다.",
            "id": "sample_026_0048_000018",
            "annotations": []
        },
        {
            "sentence": "거래소 연동 필드에는 exchange_trade_id: EX-025-20251112-3345와 order_book_snapshot(중첩된 매도/매수 호가 스냅샷)이 첨부되어 있었습니다.",
            "id": "sample_026_0048_000019",
            "annotations": []
        },
        {
            "sentence": "KYC 결과는 내부식별자 KYC-ANON-0048로 익명화되어 저장되었으며, sanction_flags는 false로 표기되어 제재 스크리닝 결과가 음성임을 나타냅니다.",
            "id": "sample_026_0048_000020",
            "annotations": [
                {
                    "word": "KYC-ANON-0048",
                    "start": 14,
                    "end": 27,
                    "label": "기밀정보"
                }
            ]
        },
        {
            "sentence": "세무 관련 필드에는 tax_id: TAX-XXXX-0048(익명화) 및 과세 관련 계산 로그가 포함되어 있습니다.",
            "id": "sample_026_0048_000021",
            "annotations": [
                {
                    "word": "TAX-XXXX-0048",
                    "start": 19,
                    "end": 32,
                    "label": "기밀정보"
                }
            ]
        },
        {
            "sentence": "감사 담당자 연락처는 이메일 gseon.yu@example.com과 내선 010-0000-0001로 제공되었으며, 추가 문의는 담당자를 통해 진행합니다.",
            "id": "sample_026_0048_000022",
            "annotations": [
                {
                    "word": "gseon.yu@example.com",
                    "start": 16,
                    "end": 36,
                    "label": "개인정보"
                },
                {
                    "word": "010-0000-0001",
                    "start": 41,
                    "end": 54,
                    "label": "개인정보"
                }
            ]
        },
        {
            "sentence": "피감사 계정의 지갑 공개키는 0xtestpub00000000000000000000000000000000000000000000000000000000d으로 표기되었고, wallet_metadata에는 label: 'custody_test', custodian: 'TestCustody'가 포함됩니다.",
            "id": "sample_026_0048_000023",
            "annotations": []
        },
        {
            "sentence": "시스템 로그에서 내부 IP 10.0.12.34와 파일 경로 /srv/internal/keys/ledger.db가 발견되어 운영 기밀항목으로 분류되었습니다.",
            "id": "sample_026_0048_000024",
            "annotations": [
                {
                    "word": "10.0.12.34",
                    "start": 15,
                    "end": 25,
                    "label": "기밀정보"
                },
                {
                    "word": "/srv/internal/keys/ledger.db",
                    "start": 33,
                    "end": 61,
                    "label": "기밀정보"
                }
            ]
        },
        {
            "sentence": "감사 보고서 요약은 audit_report_summary: '트랜잭션 일관성 확인, 논리적 재현성 확보, KYC 익명화 적용'로 기술되어 있습니다.",
            "id": "sample_026_0048_000025",
            "annotations": []
        },
        {
            "sentence": "계속적인 모니터링 권고사항으로는 온체인 오라클 서명 검증 자동화와 노드 접근 제어 강화가 포함됩니다.",
            "id": "sample_026_0048_000026",
            "annotations": []
        },
        {
            "sentence": "문서 검토 서명란에는 구선유(감사책임자) 서명이 기재되며, 검토 보완 요구는 오호영(네트워크 운영자)에게 전달됩니다.",
            "id": "sample_026_0048_000027",
            "annotations": [
                {
                    "word": "구선유",
                    "start": 12,
                    "end": 15,
                    "label": "개인정보"
                },
                {
                    "word": "오호영",
                    "start": 43,
                    "end": 46,
                    "label": "개인정보"
                }
            ]
        },
        {
            "sentence": "보고서의 재현 가능성 확보를 위해 랜덤 시드 seed: 20251112-026-0048을 기록하였고, 데이터 생성 시드를 내부 감사 로그에 보관합니다.",
            "id": "sample_026_0048_000028",
            "annotations": []
        },
        {
            "sentence": "결론으로 본 감사는 메인 리스크 영역으로 오프체인 KYC 연결부, 내부 노드 접근기록, 오라클 신뢰성 등을 식별했으며, 후속 조치 일정이 제안됩니다.",
            "id": "sample_026_0048_000029",
            "annotations": []
        }
    ]
}