{
    "document_id": "026_0004",
    "document_title": "블록체인 트랜잭션 및 규제 준수 통합 감사 보고서",
    "data": [
        {
            "sentence": "서론: 본 감사 보고서는 블록체인 트랜잭션 레코드와 오프체인 규제 준수 결과를 통합 분석합니다.",
            "id": "sample_026_0004_000001",
            "annotations": []
        },
        {
            "sentence": "문서 식별자 document_id는 026_0004이며 본 문서는 네트워크 모니터링과 KYC 검토를 포함합니다.",
            "id": "sample_026_0004_000002",
            "annotations": []
        },
        {
            "sentence": "감사 대상 블록은 block_number 1452000이며 해당 블록의 block_hash는 0xtestblockhash1452000abcdef입니다.",
            "id": "sample_026_0004_000003",
            "annotations": []
        },
        {
            "sentence": "블록 타임스탬프는 2025-11-03T12:34:56Z로 기록되어 있으며 모든 포함 트랜잭션은 동일한 타임스탬프를 공유합니다.",
            "id": "sample_026_0004_000004",
            "annotations": []
        },
        {
            "sentence": "검토된 첫 번째 트랜잭션의 tx_hash는 0xtesttxhash0001afefd이며 from_address는 0xtestFrom0xAaBbCcDd로 표기합니다.",
            "id": "sample_026_0004_000005",
            "annotations": []
        },
        {
            "sentence": "해당 트랜잭션의 nonce는 42로 표기되며 동일한 계정의 다음 트랜잭션 nonce는 43으로 선형 증가합니다.",
            "id": "sample_026_0004_000006",
            "annotations": []
        },
        {
            "sentence": "가스 사용량(gas_used)은 21000, gas_price는 1000000000 wei이며 수수료(fee)는 문서 내 계산값으로 기재됩니다.",
            "id": "sample_026_0004_000007",
            "annotations": []
        },
        {
            "sentence": "송금된 value는 1000000000000000000 wei(1 ETH)이며 잔액 변화는 송금 전후로 연속성이 검증되었습니다.",
            "id": "sample_026_0004_000008",
            "annotations": []
        },
        {
            "sentence": "스마트 컨트랙트 호출은 ERC-20 표준의 transfer(address,uint256)이며 input_data는 목적지 주소값과 wei 단위의 금액으로 구성됩니다.",
            "id": "sample_026_0004_000009",
            "annotations": []
        },
        {
            "sentence": "대상 컨트랙트 주소는 0xtestContract1234567890abcdef이고 ABI 요약은 contract_abi 필드에 JSON 형식으로 첨부되어 있습니다.",
            "id": "sample_026_0004_000010",
            "annotations": []
        },
        {
            "sentence": "컨트랙트 이벤트 로그에는 Transfer 이벤트가 포함되어 있으며 indexed topic은 수신자 주소의 해시값을 포함합니다.",
            "id": "sample_026_0004_000011",
            "annotations": []
        },
        {
            "sentence": "오라클 소스는 oracle.example.test이며 price_feed는 asset 'ETH' price 3350.25 timestamp 2025-11-03T12:34:50Z, signature 0xtestsignatureabc를 포함합니다.",
            "id": "sample_026_0004_000012",
            "annotations": []
        },
        {
            "sentence": "오라클 신뢰도 메타데이터는 서명 유효성(true), 소스체인(chain_id 1), 제출자 node_id node-09-prod를 포함합니다.",
            "id": "sample_026_0004_000013",
            "annotations": [
                {
                    "word": "node-09-prod",
                    "start": 59,
                    "end": 71,
                    "label": "기밀정보"
                }
            ]
        },
        {
            "sentence": "거래 영수증(receipt)에서는 status 성공, receipt_status 1, gas_used 21000, logs_count 2로 표기됩니다.",
            "id": "sample_026_0004_000014",
            "annotations": []
        },
        {
            "sentence": "오프체인 KYC 레코드에는 KYC_id KYC-2025-0007와 검토자 정보가 포함되어 있습니다.",
            "id": "sample_026_0004_000015",
            "annotations": [
                {
                    "word": "KYC-2025-0007",
                    "start": 22,
                    "end": 35,
                    "label": "개인정보"
                }
            ]
        },
        {
            "sentence": "KYC 검토 담당자는 유시완이며 1차 승인자는 허채인으로 기록되어 있습니다.",
            "id": "sample_026_0004_000016",
            "annotations": [
                {
                    "word": "유시완",
                    "start": 12,
                    "end": 15,
                    "label": "개인정보"
                },
                {
                    "word": "허채인",
                    "start": 26,
                    "end": 29,
                    "label": "개인정보"
                }
            ]
        },
        {
            "sentence": "사용자 준식별자 정보에는 생년월일 1990년 05월 12일, 성별 남성이 포함되어 있으며 내부 분석에 사용되었습니다.",
            "id": "sample_026_0004_000017",
            "annotations": [
                {
                    "word": "1990",
                    "start": 19,
                    "end": 23,
                    "label": "준식별자"
                },
                {
                    "word": "05",
                    "start": 25,
                    "end": 27,
                    "label": "준식별자"
                },
                {
                    "word": "12",
                    "start": 29,
                    "end": 31,
                    "label": "준식별자"
                },
                {
                    "word": "남성",
                    "start": 37,
                    "end": 39,
                    "label": "준식별자"
                }
            ]
        },
        {
            "sentence": "주소는 서울특별시 강남구 역삼동으로 기록되었으며 주소 성분은 시, 군/구, 동 단위로 분리 보관됩니다.",
            "id": "sample_026_0004_000018",
            "annotations": [
                {
                    "word": "서울특별시",
                    "start": 4,
                    "end": 9,
                    "label": "준식별자"
                },
                {
                    "word": "강남구",
                    "start": 10,
                    "end": 13,
                    "label": "준식별자"
                },
                {
                    "word": "역삼동",
                    "start": 14,
                    "end": 17,
                    "label": "준식별자"
                }
            ]
        },
        {
            "sentence": "거래소 트레이드 ID exchange_trade_id EX-20251103-0009와 주문장 스냅샷 order_book_snapshot은 감사용으로 보관됩니다.",
            "id": "sample_026_0004_000019",
            "annotations": []
        },
        {
            "sentence": "지갑 메타데이터에는 wallet_public_key 0xtestpubkeyabcdef, label 'Custody-KR-01', custodian 'SecureCustodyLtd'가 포함됩니다.",
            "id": "sample_026_0004_000020",
            "annotations": []
        },
        {
            "sentence": "내부 운영 기밀로 분류된 서버 IP는 10.240.12.45이며 내부 로그 경로는 /opt/internal/secrets/keys.log로 지정되어 있습니다.",
            "id": "sample_026_0004_000021",
            "annotations": [
                {
                    "word": "10.240.12.45",
                    "start": 21,
                    "end": 33,
                    "label": "기밀정보"
                },
                {
                    "word": "/opt/internal/secrets/keys.log",
                    "start": 46,
                    "end": 76,
                    "label": "기밀정보"
                }
            ]
        },
        {
            "sentence": "감사 요약에는 취약점 등급 medium과 권고사항으로 컨트랙트 소유자 다중서명 적용이 제안됩니다.",
            "id": "sample_026_0004_000022",
            "annotations": []
        },
        {
            "sentence": "제재 선별 결과(sanction_flags)는 교육 목적의 시뮬레이션으로 'simulated_flag_01'이 부여되었으며 실제 제재 목록과의 일치성은 의도적으로 배제되었습니다.",
            "id": "sample_026_0004_000023",
            "annotations": []
        },
        {
            "sentence": "세금 관련 필드는 anonymized_tax_id TAX-ANON-009로 표기되며 지역별 세법 적용 여부는 별도 검토됩니다.",
            "id": "sample_026_0004_000024",
            "annotations": []
        },
        {
            "sentence": "감사 담당자(내부 검토)는 전문경이며 최종 보고서 서명자는 강서진으로 기재됩니다.",
            "id": "sample_026_0004_000025",
            "annotations": [
                {
                    "word": "전문경",
                    "start": 15,
                    "end": 18,
                    "label": "개인정보"
                },
                {
                    "word": "강서진",
                    "start": 33,
                    "end": 36,
                    "label": "개인정보"
                }
            ]
        },
        {
            "sentence": "거버넌스 제안 proposal_id GOV-2025-55는 온체인 투표 결과와 함께 IPFS URI ipfs://QmTestDummyHash1234567890abcdef에 저장되어 있습니다.",
            "id": "sample_026_0004_000026",
            "annotations": []
        },
        {
            "sentence": "스마트 컨트랙트 실행의 입력/출력은 결정론적이며 동일한 입력에 대해 동일한 출력이 재현 가능함을 보장합니다.",
            "id": "sample_026_0004_000027",
            "annotations": []
        },
        {
            "sentence": "권고사항: 내부 기밀 서버의 접근 권한 검토 및 KYC 식별자 암호화 정책 적용을 실행할 것을 권고합니다.",
            "id": "sample_026_0004_000028",
            "annotations": []
        }
    ]
}