{
    "document_id": "026_0073",
    "document_title": "테스트넷 블록 및 규제준수 종합보고서",
    "data": [
        {
            "sentence": "본 문서는 테스트넷에서 수집된 블록, 트랜잭션, 스마트 컨트랙트 호출, 오라클 피드 및 규제준수 메타데이터를 통합한 종합보고서입니다.",
            "id": "sample_026_0073_000001",
            "annotations": []
        },
        {
            "sentence": "문서는 온체인 불변성, 시간적 순서성, ABI 규격 준수 및 KYC/AML 감사 추적성을 중심으로 구성되어 있습니다.",
            "id": "sample_026_0073_000002",
            "annotations": []
        },
        {
            "sentence": "체인 식별은 테스트환경임을 명시하기 위해 chain_id=1337(testnet)으로 표기하였고 모든 주소와 해시는 테스트 접두사를 사용합니다.",
            "id": "sample_026_0073_000003",
            "annotations": []
        },
        {
            "sentence": "블록 프로포저와 검증자 메타데이터 예시로 validator_id에 김규선 노드가 기록되어 있으며 이는 운영 감사 레코드에 반영됩니다.",
            "id": "sample_026_0073_000004",
            "annotations": [
                {
                    "word": "김규선",
                    "start": 37,
                    "end": 40,
                    "label": "개인정보"
                }
            ]
        },
        {
            "sentence": "분석 대상 블록 헤더는 block_number=1456789, block_hash=0xtestBlockHash1456789abcdef000000000000000000000000000000000000000000, timestamp=2025-07-18T09:12:34Z입니다.",
            "id": "sample_026_0073_000005",
            "annotations": []
        },
        {
            "sentence": "해당 블록에는 두 건의 연속 전송이 포함되어 있으며 첫 번째 송신자 지갑은 label='유이삭_wallet'로 메타데이터에 기록되어 KYC 연계가 가능합니다.",
            "id": "sample_026_0073_000006",
            "annotations": [
                {
                    "word": "유이삭",
                    "start": 49,
                    "end": 52,
                    "label": "개인정보"
                }
            ]
        },
        {
            "sentence": "KYC 레코드는 익명화 표기를 적용하여 KYC_id=KYC-2025-0001으로 참조하고 연계 세무 식별자 tax_id=TAX-880101-0001을 내부 감사용으로 보관합니다.",
            "id": "sample_026_0073_000007",
            "annotations": [
                {
                    "word": "KYC-2025-0001",
                    "start": 29,
                    "end": 42,
                    "label": "개인정보"
                },
                {
                    "word": "TAX-880101-0001",
                    "start": 67,
                    "end": 82,
                    "label": "개인정보"
                }
            ]
        },
        {
            "sentence": "대응 연락처와 이메일은 내부 저장 시 마스킹 정책을 적용하여 yuisak@example.com 및 전화 010-****-1234로 요약 표기됩니다.",
            "id": "sample_026_0073_000008",
            "annotations": [
                {
                    "word": "yuisak@example.com",
                    "start": 34,
                    "end": 52,
                    "label": "개인정보"
                },
                {
                    "word": "010-****-1234",
                    "start": 58,
                    "end": 71,
                    "label": "개인정보"
                }
            ]
        },
        {
            "sentence": "첫 트랜잭션은 tx_hash=0xtestTxHash000000000000000000000000000000000000000000000000000000000001로 기록되어 block_hash 및 타임스탬프와 일치합니다.",
            "id": "sample_026_0073_000009",
            "annotations": []
        },
        {
            "sentence": "첫 트랜잭션의 from_address=0xtestAaBbCcDdEeFf00112233445566778899aAbB, to_address=0xtestCcDdEeFf00112233445566778899aAbB0011이며 nonce=12로 표시됩니다.",
            "id": "sample_026_0073_000010",
            "annotations": []
        },
        {
            "sentence": "해당 전송은 ERC-20 토큰 전송으로 token_standard=ERC-20, smart_contract_address=0xtestTokenAddr000000000000000000000000000000001을 포함합니다.",
            "id": "sample_026_0073_000011",
            "annotations": []
        },
        {
            "sentence": "메소드 시그니처는 transfer(address,uint256)로 명시되고 input_data는 디코딩된 형태로 {to: '0xtestCcDdEeFf00112233445566778899aAbB0011', value: '1000'}로 저장됩니다.",
            "id": "sample_026_0073_000012",
            "annotations": []
        },
        {
            "sentence": "첫 트랜잭션의 gas_used=21000, gas_price=1000000000(wei), fee=0.000021 ETH(시뮬레이션 단위)로 계산되어 영수증에 기록됩니다.",
            "id": "sample_026_0073_000013",
            "annotations": []
        },
        {
            "sentence": "두 번째 트랜잭션은 동일 블록 내 tx_hash=0xtestTxHash000000000000000000000000000000000000000000000000000000000002이며 from_address 동일, nonce=13으로 연속성이 유지됩니다.",
            "id": "sample_026_0073_000014",
            "annotations": []
        },
        {
            "sentence": "오프체인 KYC/주소 정보는 시/군/구 단위로 익명화 표준을 적용하여 발신자의 등록 지역을 서울특별시로 표기하였고 상세 주소는 저장하지 않았습니다.",
            "id": "sample_026_0073_000015",
            "annotations": [
                {
                    "word": "서울특별시",
                    "start": 51,
                    "end": 56,
                    "label": "준식별자"
                }
            ]
        },
        {
            "sentence": "스마트 컨트랙트 실행 결과 output_data는 ABI 규격에 따라 정상 디코드되며 상태 변경은 이벤트 로그와 일치합니다.",
            "id": "sample_026_0073_000016",
            "annotations": []
        },
        {
            "sentence": "예시 이벤트로 Transfer(name='Transfer', indexed args=[from,to], data='0x00000000000000000000000000000000000000000000000000000000000003e8')가 기록되었습니다.",
            "id": "sample_026_0073_000017",
            "annotations": []
        },
        {
            "sentence": "토큰 표준별로 ERC-721 및 ERC-1155 트랜잭션도 별도 섹션에 분리되어 있으며 수량, 토큰ID, 수신자 정보가 감사 로그와 동기화됩니다.",
            "id": "sample_026_0073_000018",
            "annotations": []
        },
        {
            "sentence": "오라클 피드는 ChainLink-Testnet을 통해 수집되었고 oracle_source='chainlink-testnet', price_feed={asset:'BTC/USD', price:42000.12, timestamp:'2025-07-18T09:12:30Z', confidence:0.98, signature:'0xtestOracleSig'}로 메타를 보관합니다.",
            "id": "sample_026_0073_000019",
            "annotations": []
        },
        {
            "sentence": "운영 노드 및 내부 파일 경로는 기밀로 분류되어 node_ip=10.0.7.15 및 경로 '/etc/prod/keys.conf'는 내부 보안 로그에만 보관됩니다.",
            "id": "sample_026_0073_000020",
            "annotations": [
                {
                    "word": "10.0.7.15",
                    "start": 35,
                    "end": 44,
                    "label": "기밀정보"
                },
                {
                    "word": "/etc/prod/keys.conf",
                    "start": 51,
                    "end": 70,
                    "label": "기밀정보"
                }
            ]
        },
        {
            "sentence": "거래소 연동 예시는 exchange_trade_id=EX-TEST-00012345, 주문장 스냅샷은 order_book_snapshot 해시와 ipfs_ref로 오프체인 저장 정책을 따릅니다.",
            "id": "sample_026_0073_000021",
            "annotations": []
        },
        {
            "sentence": "대용량 메타데이터는 온체인 비용을 고려하여 ipfs_uri=ipfs://QmTestHash1234567890abcdef로 저장하고 해시는 트랜잭션 메타에 참조만 기록합니다.",
            "id": "sample_026_0073_000022",
            "annotations": []
        },
        {
            "sentence": "스마트 컨트랙트 ABI는 최소권한 원칙을 반영한 함수 목록으로 contract_abi=['function transfer(address,uint256)','event Transfer(address indexed from,address indexed to,uint256 value)'] 형태로 첨부합니다.",
            "id": "sample_026_0073_000023",
            "annotations": []
        },
        {
            "sentence": "외부 감사 요약에서 책임자는 장윤태로 표기되었고 감사는 코드 취약점, 권한 경계, 오라클 신뢰도 검증을 중심으로 수행되었습니다.",
            "id": "sample_026_0073_000024",
            "annotations": [
                {
                    "word": "장윤태",
                    "start": 16,
                    "end": 19,
                    "label": "개인정보"
                }
            ]
        },
        {
            "sentence": "감사 결과 심각도 중간 이상의 취약점은 발견되지 않았고 권고사항으로는 모니터링 강화, 서명 키 분리, 오라클 타임스탬프 검증 강화가 제시되었습니다.",
            "id": "sample_026_0073_000025",
            "annotations": []
        },
        {
            "sentence": "규제 대응 섹션에서는 제재 스크리닝 결과 sanction_flags='none'로 보고되었고 의심거래 발생 시 즉시 내부보고 및 차단 절차를 수행하도록 명시합니다.",
            "id": "sample_026_0073_000026",
            "annotations": []
        },
        {
            "sentence": "권고되는 액션 아이템으로는 KYC 재검증, 거래 모니터링 룰 업데이트, 컨트랙트 안전성 재검토 및 오라클 다중화가 포함됩니다.",
            "id": "sample_026_0073_000027",
            "annotations": []
        },
        {
            "sentence": "마지막으로 본 테스트넷 보고서는 교육·감사 목적으로만 사용되며 실제 메인넷 식별자나 개인 비밀키, 니모닉 등은 일체 포함하지 않았음을 재확인합니다.",
            "id": "sample_026_0073_000028",
            "annotations": []
        }
    ]
}