{
    "document_id": "026_0084",
    "document_title": "테스트넷 트랜잭션 및 규정준수 감사 보고서",
    "data": [
        {
            "sentence": "본 문서는 테스트넷 상의 트랜잭션 로그와 오프체인 규정준수 메타데이터를 통합한 감사 보고서입니다.",
            "id": "sample_026_0084_000001",
            "annotations": []
        },
        {
            "sentence": "감사 대상 범위는 블록, 트랜잭션 영수증, 스마트 컨트랙트 ABI, 오라클 피드, KYC 요약 및 운영 노드 로그입니다.",
            "id": "sample_026_0084_000002",
            "annotations": []
        },
        {
            "sentence": "검토한 블록 요약: block_number 1254321, block_hash 0xtestBlockHash0000000000000000000001, timestamp 2026-01-08T09:12:34Z 입니다.",
            "id": "sample_026_0084_000003",
            "annotations": []
        },
        {
            "sentence": "대표 트랜잭션: transaction_id 0xtestTxHash00000000000000000000000000000001, receipt_status 1, status success 로 기록되어 있습니다.",
            "id": "sample_026_0084_000004",
            "annotations": []
        },
        {
            "sentence": "트랜잭션 입력/출력 요약: from_address 0xtestFromAddr0000000000000000000000000001, to_address 0xtestToAddr0000000000000000000000000002, value 12.34 ETHtest.",
            "id": "sample_026_0084_000005",
            "annotations": []
        },
        {
            "sentence": "토큰 표준은 ERC-20으로 표기되며 smart_contract_address 0xtestContract0001000000000000000000000003 가 연관되어 있습니다.",
            "id": "sample_026_0084_000006",
            "annotations": []
        },
        {
            "sentence": "메서드 호출은 method_signature transfer(address,uint256) 형태이며 input_data 0xtestInput000100000000000000000000000000 의 포맷을 따릅니다.",
            "id": "sample_026_0084_000007",
            "annotations": []
        },
        {
            "sentence": "실행 결과 output_data 0x, gas_used 21000, gas_price 50 gwei, 계산된 fee 0.00105 ETHtest 로 영수증에 기록됩니다.",
            "id": "sample_026_0084_000008",
            "annotations": []
        },
        {
            "sentence": "계정 nonce는 논리적 일관성을 검증했으며 해당 계정의 최근 nonce는 7 로 선형 증가가 유지되었습니다.",
            "id": "sample_026_0084_000009",
            "annotations": []
        },
        {
            "sentence": "이벤트 로그 예시: Transfer(address indexed from, address indexed to, uint256 value) 형태의 로그가 3건 탐지되었고 topics 길이와 indexed 필드 규격을 만족합니다.",
            "id": "sample_026_0084_000010",
            "annotations": []
        },
        {
            "sentence": "지갑 메타데이터: wallet_public_key 0xTESTPUBKEY00000000000000000000000000000000, wallet_metadata {label: 'custody-test', custodian: 'CustodyCorp'} 로 기록되어 있습니다.",
            "id": "sample_026_0084_000011",
            "annotations": []
        },
        {
            "sentence": "노드 및 합의 정보: node_id node-04-validatorA, validator_id val-218, consensus_round 12, proposal_id prop-20260108-09 이 로그에 포함됩니다.",
            "id": "sample_026_0084_000012",
            "annotations": [
                {
                    "word": "node-04-validatorA",
                    "start": 20,
                    "end": 38,
                    "label": "기밀정보"
                },
                {
                    "word": "val-218",
                    "start": 53,
                    "end": 60,
                    "label": "기밀정보"
                }
            ]
        },
        {
            "sentence": "오라클 피드: oracle_source PriceOracleA, price_feed {asset: BTC, price: 42000.12, timestamp: 2026-01-08T09:11:00Z, signature: 0xtestOracleSig0001} 형태로 서명과 타임스탬프가 첨부됩니다.",
            "id": "sample_026_0084_000013",
            "annotations": []
        },
        {
            "sentence": "대용량 메타데이터는 IPFS에 저장되었으며 ipfs_hash QmTestIPFSHash0000000000000000000000 로 참조됩니다.",
            "id": "sample_026_0084_000014",
            "annotations": []
        },
        {
            "sentence": "스마트 컨트랙트 ABI는 오프체인 JSON로 관리되며 contract_abi 참조는 IPFS URI를 통해 간접 참조하도록 설계되어 있습니다.",
            "id": "sample_026_0084_000015",
            "annotations": []
        },
        {
            "sentence": "감사 요약: audit_report_summary 에 따르면 주요 취약점은 발견되지 않았고 medium 등급의 권고사항 2건이 제시되었습니다.",
            "id": "sample_026_0084_000016",
            "annotations": []
        },
        {
            "sentence": "거래소 연동 및 규정 항목: exchange_trade_id EX-TST-20260108-0001, order_book_snapshot 은 스냅샷 타임스탬프와 함께 저장되었습니다.",
            "id": "sample_026_0084_000017",
            "annotations": []
        },
        {
            "sentence": "온체인-오프체인 일관성 점검: nonce 및 잔액 변화가 트랜잭션 순서에 따라 선형적으로 적용되어 이중 소비는 탐지되지 않았습니다.",
            "id": "sample_026_0084_000018",
            "annotations": []
        },
        {
            "sentence": "규제 준수 요약: KYC_id KYC-ANON-000123 은 익명화된 식별자로 저장되며 연관 사용자 서하빈, birthdate 1990-05-12, gender 남성, 주소 서울특별시 강남구, 직업 블록체인 엔지니어 로 요약됩니다.",
            "id": "sample_026_0084_000019",
            "annotations": [
                {
                    "word": "서하빈",
                    "start": 57,
                    "end": 60,
                    "label": "개인정보"
                },
                {
                    "word": "KYC-ANON-000123",
                    "start": 17,
                    "end": 32,
                    "label": "개인정보"
                },
                {
                    "word": "1990",
                    "start": 72,
                    "end": 76,
                    "label": "준식별자"
                },
                {
                    "word": "05",
                    "start": 77,
                    "end": 79,
                    "label": "준식별자"
                },
                {
                    "word": "12",
                    "start": 29,
                    "end": 31,
                    "label": "준식별자"
                },
                {
                    "word": "12",
                    "start": 80,
                    "end": 82,
                    "label": "준식별자"
                },
                {
                    "word": "남성",
                    "start": 91,
                    "end": 93,
                    "label": "준식별자"
                },
                {
                    "word": "서울특별시",
                    "start": 98,
                    "end": 103,
                    "label": "준식별자"
                },
                {
                    "word": "강남구",
                    "start": 104,
                    "end": 107,
                    "label": "준식별자"
                },
                {
                    "word": "블록체인 엔지니어",
                    "start": 112,
                    "end": 121,
                    "label": "준식별자"
                }
            ]
        },
        {
            "sentence": "제재 스크리닝 결과(sanction_flags) 는 교육 목적의 테스트 데이터로 '잠재적 이슈 없음' 으로 표기되었고 실제 제재 목록과의 일치는 의도적으로 피했습니다.",
            "id": "sample_026_0084_000020",
            "annotations": []
        },
        {
            "sentence": "운영상 기밀 메타데이터 예시: admin 계정 admin_node01, 내부 DB 경로 /srv/prod/db, 내부 노드 IP 10.8.0.21 은 로그 접근 권한이 제한됩니다.",
            "id": "sample_026_0084_000021",
            "annotations": [
                {
                    "word": "admin_node01",
                    "start": 26,
                    "end": 38,
                    "label": "기밀정보"
                },
                {
                    "word": "/srv/prod/db",
                    "start": 49,
                    "end": 61,
                    "label": "기밀정보"
                },
                {
                    "word": "10.8.0.21",
                    "start": 72,
                    "end": 81,
                    "label": "기밀정보"
                }
            ]
        },
        {
            "sentence": "거버넌스 제안 사례: proposal prop-20260108-09 의 제안자는 최관호 로 등록되었으며 투표 내역과 제안 텍스트는 IPFS 참조로 보관됩니다.",
            "id": "sample_026_0084_000022",
            "annotations": [
                {
                    "word": "최관호",
                    "start": 45,
                    "end": 48,
                    "label": "개인정보"
                }
            ]
        },
        {
            "sentence": "오라클 및 브리지 리스크 항목은 신뢰도 메타데이터(서명, 발행자, TTL) 기준으로 분류되어 모니터링 룰에 포함됩니다.",
            "id": "sample_026_0084_000023",
            "annotations": []
        },
        {
            "sentence": "권장 조치: 모든 운영 계정에 다중요소 인증을 적용하고 내부 경로 및 IP 접근을 제로트러스트 원칙으로 재설계할 것을 권장합니다.",
            "id": "sample_026_0084_000024",
            "annotations": []
        },
        {
            "sentence": "후속 작업 및 연락처: 감사팀 담당 오강희, 운영 책임자 문유호 가 후속 조치와 로그 접근 승인을 주관하도록 지정합니다.",
            "id": "sample_026_0084_000025",
            "annotations": [
                {
                    "word": "오강희",
                    "start": 20,
                    "end": 23,
                    "label": "개인정보"
                },
                {
                    "word": "문유호",
                    "start": 32,
                    "end": 35,
                    "label": "개인정보"
                }
            ]
        },
        {
            "sentence": "본 보고서는 테스트넷 데이터와 익명화된 오프체인 정보를 기반으로 작성되었으며 실제 개인식별정보나 프라이빗 키는 포함하지 않습니다.",
            "id": "sample_026_0084_000026",
            "annotations": []
        }
    ]
}