{
    "document_id": "026_0100",
    "document_title": "테스트넷 온체인 트랜잭션 및 규정준수 보고서",
    "data": [
        {
            "sentence": "본 문서는 테스트넷 환경에서 생성된 온체인 트랜잭션과 오프체인 규정준수(KYC/AML) 메타데이터를 통합 검토하기 위해 작성되었습니다.",
            "id": "sample_026_0100_000001",
            "annotations": []
        },
        {
            "sentence": "문서는 블록, 트랜잭션, 스마트 컨트랙트 호출, 오라클 피드, IPFS 메타데이터 및 규제 관련 검증 결과를 포함합니다.",
            "id": "sample_026_0100_000002",
            "annotations": []
        },
        {
            "sentence": "분석 범위는 체인 식별자(chain_id=1337, testnet)와 블록 높이(block_number=1254300)를 기준으로 하며, 동일 블록 내 항목의 일관성을 유지합니다.",
            "id": "sample_026_0100_000003",
            "annotations": []
        },
        {
            "sentence": "블록 메타데이터는 block_number=1254300, block_hash=0xtestblockhash000000000000000000000000000000000000000000000000001234, timestamp=2025-01-18T09:22:33Z로 기록됩니다.",
            "id": "sample_026_0100_000004",
            "annotations": []
        },
        {
            "sentence": "트랜잭션(tx_hash=0xtesttx0001a1b2c3d4e5f6)은 같은 block_hash와 timestamp를 공유하며 from=0xtestfrom000000000000000000000000000000000001, to=0xtestto0000000000000000000000000000000000a1로 전송되었습니다.",
            "id": "sample_026_0100_000005",
            "annotations": []
        },
        {
            "sentence": "해당 트랜잭션은 nonce=12, value=1.25 ETH, gas_used=21000, gas_price=50 gwei, fee=0.00105 ETH, status=success, receipt_status=1로 처리되었습니다.",
            "id": "sample_026_0100_000006",
            "annotations": []
        },
        {
            "sentence": "같은 블록의 두 번째 트랜잭션(tx_hash=0xtesttx0002b2c3d4e5f6a7)은 from=0xtestfrom000000000000000000000000000000000001의 nonce=13로 ERC-20 전송을 수행했습니다.",
            "id": "sample_026_0100_000007",
            "annotations": []
        },
        {
            "sentence": "트랜잭션 입력은 method_signature=a9059cbb (transfer(address,uint256))와 input_data=0xa9059cbb0000000000000000000000000xtestto00000000000000000000000000000000000000000000000000000000000003e8 형태로 ABI 규격을 따릅니다.",
            "id": "sample_026_0100_000008",
            "annotations": []
        },
        {
            "sentence": "세 번째 트랜잭션(tx_hash=0xtesttx0003c3d4e5f6a7b8)은 스마트 컨트랙트 호출로 토큰 승인과 스왑 라우팅을 연속으로 실행하였고 nonce=14로 처리되었습니다.",
            "id": "sample_026_0100_000009",
            "annotations": []
        },
        {
            "sentence": "블록 1254300 내 모든 트랜잭션은 block_hash=0xtestblockhash000000000000000000000000000000000000000000000000001234 및 timestamp=2025-01-18T09:22:33Z를 일치시켜 기록했습니다.",
            "id": "sample_026_0100_000010",
            "annotations": []
        },
        {
            "sentence": "지갑 메타데이터 예시는 wallet_public_key=tb1qtestpubkey04abcd..., label=\"Operational Hot Wallet\", custodian=\"CustodyTest Inc.\", owner_name=김아란으로 표시됩니다.",
            "id": "sample_026_0100_000011",
            "annotations": [
                {
                    "word": "김아란",
                    "start": 129,
                    "end": 132,
                    "label": "개인정보"
                }
            ]
        },
        {
            "sentence": "KYC 레코드 예시는 KYC_id=KYC-2025-0001, subject=전재화, phone=010-1234-5678, email=jeonjh.test@example.test, 생년월일=1988-05-12, 주소=서울특별시 강남구 역삼동, 사번=EMP-2021-3344 형태로 익명화된 필드를 포함합니다.",
            "id": "sample_026_0100_000012",
            "annotations": [
                {
                    "word": "전재화",
                    "start": 42,
                    "end": 45,
                    "label": "개인정보"
                },
                {
                    "word": "010-1234-5678",
                    "start": 53,
                    "end": 66,
                    "label": "개인정보"
                },
                {
                    "word": "jeonjh.test@example.test",
                    "start": 74,
                    "end": 98,
                    "label": "개인정보"
                },
                {
                    "word": "EMP-2021-3344",
                    "start": 138,
                    "end": 151,
                    "label": "개인정보"
                },
                {
                    "word": "KYC-2025-0001",
                    "start": 19,
                    "end": 32,
                    "label": "개인정보"
                },
                {
                    "word": "1988",
                    "start": 105,
                    "end": 109,
                    "label": "준식별자"
                },
                {
                    "word": "05",
                    "start": 110,
                    "end": 112,
                    "label": "준식별자"
                },
                {
                    "word": "12",
                    "start": 57,
                    "end": 59,
                    "label": "준식별자"
                },
                {
                    "word": "12",
                    "start": 113,
                    "end": 115,
                    "label": "준식별자"
                },
                {
                    "word": "서울특별시",
                    "start": 120,
                    "end": 125,
                    "label": "준식별자"
                },
                {
                    "word": "강남구",
                    "start": 126,
                    "end": 129,
                    "label": "준식별자"
                },
                {
                    "word": "역삼동",
                    "start": 130,
                    "end": 133,
                    "label": "준식별자"
                }
            ]
        },
        {
            "sentence": "해당 KYC 레코드는 검사결과(verification_status=verified)와 sanction_flags=false를 포함하며, 실제 제재목록과의 일치성은 교육 목적의 시뮬레이션임을 명시합니다.",
            "id": "sample_026_0100_000013",
            "annotations": []
        },
        {
            "sentence": "컨트랙트 감사 요약(audit_report_summary)은 심각도 중간의 발견사항 2건, 권고사항 5건을 포함하며 상세보고서는 IPFS에 저장되어 ipfs://QmTestHash1234567890로 참조됩니다.",
            "id": "sample_026_0100_000014",
            "annotations": []
        },
        {
            "sentence": "계약 ABI(contract_abi)는 ERC-20 표준을 준수하며 transfer, approve, allowance, decimals, name, symbol 등의 함수 시그니처를 포함한다고 기술되어 있습니다.",
            "id": "sample_026_0100_000015",
            "annotations": []
        },
        {
            "sentence": "오라클 피드는 oracle_source=ChainOracle-Test, price_feed(asset=ETH/USD)=2350.45, price_timestamp=2025-01-18T09:21:55Z, signature=0xtestoraclesigabcdef, confidence=0.98의 메타데이터를 포함합니다.",
            "id": "sample_026_0100_000016",
            "annotations": []
        },
        {
            "sentence": "교환 연계 기록은 exchange_trade_id=EX-9001-202501, 양측 주문장 스냅샷(order_book_snapshot)은 매도최우선/매수최우선 가격과 호가 잔량을 캡처합니다.",
            "id": "sample_026_0100_000017",
            "annotations": []
        },
        {
            "sentence": "노드 및 합의 관련 메타데이터는 node_id=node-cc-07, validator_id=val-0034, consensus_round=1789, proposal_id=prop-20250118-01로 표기되어 운영 로그와 매핑됩니다.",
            "id": "sample_026_0100_000018",
            "annotations": []
        },
        {
            "sentence": "거버넌스 제안(proposal_id=prop-20250118-01)은 토큰 매개변수 조정과 가스 상한 가이드라인 변경을 포함하며 투표 결과는 블록체인에 기록됩니다.",
            "id": "sample_026_0100_000019",
            "annotations": []
        },
        {
            "sentence": "운영상 민감정보 예시는 내부 노드 IP=10.0.0.45와 내부 파일 경로=/srv/node/keys/keystore이며 이러한 항목은 기밀정보로 분류됩니다.",
            "id": "sample_026_0100_000020",
            "annotations": [
                {
                    "word": "10.0.0.45",
                    "start": 22,
                    "end": 31,
                    "label": "기밀정보"
                },
                {
                    "word": "/srv/node/keys/keystore",
                    "start": 42,
                    "end": 65,
                    "label": "기밀정보"
                }
            ]
        },
        {
            "sentence": "피아트 정산 계좌 정보 예시는 계좌번호=123-456-789012이며 이는 재무/자산 기밀정보로서 접근 통제 대상입니다.",
            "id": "sample_026_0100_000021",
            "annotations": [
                {
                    "word": "123-456-789012",
                    "start": 22,
                    "end": 36,
                    "label": "기밀정보"
                }
            ]
        },
        {
            "sentence": "본 문서에서는 절대 실제 개인의 프라이빗 키나 니모닉을 포함하지 않으며, 키 관련 민감정보는 테스트넷 또는 더미 표기법으로만 표시합니다.",
            "id": "sample_026_0100_000022",
            "annotations": []
        },
        {
            "sentence": "트랜잭션 시퀀스 무결성을 위해 nonce는 선형 증가를 유지하였고, 잔액 변화는 전송액과 수수료를 연쇄적으로 반영하여 더블스펜딩 방지를 검증했습니다.",
            "id": "sample_026_0100_000023",
            "annotations": []
        },
        {
            "sentence": "이벤트 로그의 형식은 indexed topic과 non-indexed data를 구분하며 Transfer 이벤트는 indexed args=from,to 형태와 32바이트 값으로 기록됩니다.",
            "id": "sample_026_0100_000024",
            "annotations": []
        },
        {
            "sentence": "스마트 컨트랙트 바이트코드는 보안상 보고서에는 포함하지 않았고, 필요한 경우 감사팀과의 안전한 채널을 통해 제공하도록 권고합니다.",
            "id": "sample_026_0100_000025",
            "annotations": []
        },
        {
            "sentence": "권고 조치로는 KYC 데이터의 최소수집, 내부 기밀정보에 대한 역할기반 접근제어, 오라클 신뢰도 모니터링 강화가 포함됩니다.",
            "id": "sample_026_0100_000026",
            "annotations": []
        },
        {
            "sentence": "이 문서의 합성 데이터 재현성을 위해 시드(seed)=42를 기록하였으며, 모든 식별자는 테스트넷용 더미 표기법을 사용했습니다.",
            "id": "sample_026_0100_000027",
            "annotations": []
        },
        {
            "sentence": "규제 준수 관점에서 GDPR 및 지역별 금융규제 준수를 위해 PII는 최소화하고 로그 보존기간 및 접근로그를 명확히 하도록 권고합니다.",
            "id": "sample_026_0100_000028",
            "annotations": []
        },
        {
            "sentence": "감사 및 운영 관련 후속 조치를 위해 명시된 이슈에 대한 담당자 회신을 요청합니다.",
            "id": "sample_026_0100_000029",
            "annotations": []
        },
        {
            "sentence": "담당자: 손혜린, 직책: 블록체인 엔지니어 및 규정준수 담당.",
            "id": "sample_026_0100_000030",
            "annotations": [
                {
                    "word": "손혜린",
                    "start": 5,
                    "end": 8,
                    "label": "개인정보"
                }
            ]
        }
    ]
}