{
    "document_id": "026_0006",
    "document_title": "테스트넷 트랜잭션 및 규정준수 감사 보고서",
    "data": [
        {
            "sentence": "본 보고서는 블록체인 상의 테스트넷 트랜잭션 기록과 오프체인 규정준수 검토 결과를 종합적으로 기술합니다.",
            "id": "sample_026_0006_000001",
            "annotations": []
        },
        {
            "sentence": "문서 범위는 트랜잭션 메타데이터, 스마트 컨트랙트 로그, 오라클 피드 신뢰도, KYC 익명화 상태 및 감사 요약을 포함합니다.",
            "id": "sample_026_0006_000002",
            "annotations": []
        },
        {
            "sentence": "검토된 블록 메타데이터는 block_number 14389205, block_hash 0xtest_block_9f8a7b, timestamp 2026-01-08T10:12:34Z로 기록되어 있습니다.",
            "id": "sample_026_0006_000003",
            "annotations": []
        },
        {
            "sentence": "대표 트랜잭션 tx_hash 0xtest_tx_3a5f7c4e, from 0xtest_from_1a2b3c, to 0xtest_to_4d5e6f, value 1.2500 ETH, nonce 12, gas_price 50 gwei으로 전파되었습니다.",
            "id": "sample_026_0006_000004",
            "annotations": []
        },
        {
            "sentence": "해당 트랜잭션의 gas_used 21000, fee 0.00105 ETH, status success, receipt_status 1로 영수증에 기록되어 동일 블록 내 타 거래와 시간 동기화가 확인됩니다.",
            "id": "sample_026_0006_000005",
            "annotations": []
        },
        {
            "sentence": "온체인 이벤트로 Transfer(address indexed from, address indexed to, uint256 value) 로그가 생성되었고 topics 및 indexed 필드는 ABI 규격에 부합합니다.",
            "id": "sample_026_0006_000006",
            "annotations": []
        },
        {
            "sentence": "스마트 컨트랙트 호출은 smart_contract_address 0xtest_contract_a1b2c3, method_signature transfer(address,uint256), input_data 0xtest_input_abcdef, output_data 0x로 실행되었습니다.",
            "id": "sample_026_0006_000007",
            "annotations": []
        },
        {
            "sentence": "제공된 contract_abi의 일부는 [{\"name\":\"transfer\",\"type\":\"function\",\"inputs\":[{\"name\":\"to\",\"type\":\"address\"},{\"name\":\"amount\",\"type\":\"uint256\"}],\"stateMutability\":\"nonpayable\"}] 형태로 기술되어 있습니다.",
            "id": "sample_026_0006_000008",
            "annotations": []
        },
        {
            "sentence": "대용량 메타데이터는 온체인 저장을 최소화하기 위해 ipfs_uri ipfs://QmTestHash1234567890abcdef에 분리 보관하고 해시가 컨트랙트 로그에 참조되어 있습니다.",
            "id": "sample_026_0006_000009",
            "annotations": []
        },
        {
            "sentence": "오라클(price_feed) 소스 oracle_source ChainLink-Test, asset BTC, price 46800.25 USD, timestamp 2026-01-08T10:10:00Z, signature sig_test_abcdef, trust_score 0.93로 기록됩니다.",
            "id": "sample_026_0006_000010",
            "annotations": []
        },
        {
            "sentence": "프로토콜 운영 관점에서 node_id node-priv-01, 내부 IP 10.0.4.55, validator_id val-042, consensus_round 7, proposal_id prop-2026-001이 로그에 포함되어 있습니다.",
            "id": "sample_026_0006_000011",
            "annotations": [
                {
                    "word": "node-priv-01",
                    "start": 21,
                    "end": 33,
                    "label": "기밀정보"
                },
                {
                    "word": "10.0.4.55",
                    "start": 41,
                    "end": 50,
                    "label": "기밀정보"
                }
            ]
        },
        {
            "sentence": "지갑 메타데이터는 wallet_public_key 0x04testpubkeyabc123, wallet_metadata.label '시드관리KMS 테스트', custodian 'CustodyCorp Test'로 식별됩니다.",
            "id": "sample_026_0006_000012",
            "annotations": []
        },
        {
            "sentence": "KYC 요약: KYC_id KYC-ANON-0001 소유주는 이름 민한서, 생년월일 1990-05-12, 성별 남성, 주소 서울특별시 강남구로 입력되어 익명화 및 최소화 정책에 따라 저장됩니다.",
            "id": "sample_026_0006_000013",
            "annotations": [
                {
                    "word": "민한서",
                    "start": 37,
                    "end": 40,
                    "label": "개인정보"
                },
                {
                    "word": "1990",
                    "start": 47,
                    "end": 51,
                    "label": "준식별자"
                },
                {
                    "word": "05",
                    "start": 52,
                    "end": 54,
                    "label": "준식별자"
                },
                {
                    "word": "12",
                    "start": 55,
                    "end": 57,
                    "label": "준식별자"
                },
                {
                    "word": "남성",
                    "start": 62,
                    "end": 64,
                    "label": "준식별자"
                },
                {
                    "word": "서울특별시",
                    "start": 69,
                    "end": 74,
                    "label": "준식별자"
                },
                {
                    "word": "강남구",
                    "start": 75,
                    "end": 78,
                    "label": "준식별자"
                },
                {
                    "word": "KYC-ANON-0001",
                    "start": 15,
                    "end": 28,
                    "label": "준식별자"
                }
            ]
        },
        {
            "sentence": "문서 검토는 컴플라이언스 담당자 한서빈이 수행했으며 검증 로그와 감사 타임스탬프가 레코드에 포함되어 있습니다.",
            "id": "sample_026_0006_000014",
            "annotations": [
                {
                    "word": "한서빈",
                    "start": 18,
                    "end": 21,
                    "label": "개인정보"
                }
            ]
        },
        {
            "sentence": "제재 스크리닝 결과 sanction_flags false로 표기되었으며, 교육용 시나리오로 실제 제재 목록과는 일치하지 않음을 명시합니다.",
            "id": "sample_026_0006_000015",
            "annotations": []
        },
        {
            "sentence": "거래소 연동 기록에는 exchange_trade_id EX-tst-20260108-0007과 해당 시점의 order_book_snapshot이 포함되어 시장 깊이 분석이 가능하도록 보관됩니다.",
            "id": "sample_026_0006_000016",
            "annotations": []
        },
        {
            "sentence": "계정별 트랜잭션 시퀀스는 nonces가 선형 증가하도록 설계되어 예시 계정 0xtest_from_1a2b3c에서는 10, 11, 12로 연속성이 유지됩니다.",
            "id": "sample_026_0006_000017",
            "annotations": []
        },
        {
            "sentence": "오라클 서명 검증 절차는 공개키 검증, 타임스탬프 일치성 확인, signature sig_test_abcdef의 재연산을 포함하며 결정론적 재생이 가능합니다.",
            "id": "sample_026_0006_000018",
            "annotations": []
        },
        {
            "sentence": "감사 보고서 요약(audit_report_summary)에는 저·중·고위험 항목별 권고와 2건의 저위험 가스 최적화 권고, 보조 모듈에서 탐지된 중간 위험 재진입 패턴이 기재되어 있습니다.",
            "id": "sample_026_0006_000019",
            "annotations": []
        },
        {
            "sentence": "컨트랙트 업그레이드 주석: proxy 패턴을 사용하며 실제 구현 주소는 0xtest_impl_9c8b7a이며 스토리지 레이아웃은 오프체인 IPFS 참조로 관리됩니다.",
            "id": "sample_026_0006_000020",
            "annotations": []
        },
        {
            "sentence": "수수료 계산 예시: gas_price 50 gwei, gas_used 21000, 계산된 fee 0.00105 ETH이며 회계용 필드에 적재됩니다.",
            "id": "sample_026_0006_000021",
            "annotations": []
        },
        {
            "sentence": "거버넌스 스냅샷: proposal_id prop-2026-001에 대해 찬성 10234, 반대 120, 기권 15로 정족수가 충족되어 제안이 통과된 것으로 집계됩니다.",
            "id": "sample_026_0006_000022",
            "annotations": []
        },
        {
            "sentence": "KYC 원본 및 민감 데이터는 별도 암호화 금고에 보관되며 경로는 '/var/internal/secrets/config.json'으로 기술되어 접근 제어 및 교체 주기가 명시됩니다.",
            "id": "sample_026_0006_000023",
            "annotations": [
                {
                    "word": "/var/internal/secrets/config.json",
                    "start": 38,
                    "end": 71,
                    "label": "기밀정보"
                }
            ]
        },
        {
            "sentence": "사건 대응 할당: 담당자 황상후에게 IRT-2026-004 작업이 배정되었고 로그 추적과 후속 보고가 요구됩니다.",
            "id": "sample_026_0006_000024",
            "annotations": [
                {
                    "word": "황상후",
                    "start": 14,
                    "end": 17,
                    "label": "개인정보"
                }
            ]
        },
        {
            "sentence": "세무 신고용 익명화 식별자 tax_id TAX-ANON-00042가 보고서에 사용되며 실계좌 및 식별자는 내부 감사 시 별도 조회로 제한됩니다.",
            "id": "sample_026_0006_000025",
            "annotations": [
                {
                    "word": "TAX-ANON-00042",
                    "start": 22,
                    "end": 36,
                    "label": "기밀정보"
                }
            ]
        },
        {
            "sentence": "결론 및 조치 항목: 추가 재현 테스트, 오라클 신뢰도 정기 검증, 회계 데이터 연동 검토를 수행하며 후속 연락처는 허지언으로 지정합니다.",
            "id": "sample_026_0006_000026",
            "annotations": [
                {
                    "word": "허지언",
                    "start": 65,
                    "end": 68,
                    "label": "개인정보"
                }
            ]
        }
    ]
}