{
    "document_id": "026_0090",
    "document_title": "테스트넷 온체인 트랜잭션 및 준법 검토 보고서",
    "data": [
        {
            "sentence": "이 보고서는 테스트넷 기반의 온체인 트랜잭션 로그와 준법(compliance) 검토 결과를 종합하여 정리한 문서입니다.",
            "id": "sample_026_0090_000001",
            "annotations": []
        },
        {
            "sentence": "문서 작성 책임자는 준법감시 담당자 손태경이며 감사 범위와 절차는 본 문서에 상세히 기술됩니다.",
            "id": "sample_026_0090_000002",
            "annotations": [
                {
                    "word": "손태경",
                    "start": 20,
                    "end": 23,
                    "label": "개인정보"
                }
            ]
        },
        {
            "sentence": "검토팀에는 기술검증 담당 강건도와 온체인 데이터 설계 전문가 진호정이 참여하여 온체인 무결성 점검을 수행했습니다.",
            "id": "sample_026_0090_000003",
            "annotations": [
                {
                    "word": "강건도",
                    "start": 14,
                    "end": 17,
                    "label": "개인정보"
                },
                {
                    "word": "진호정",
                    "start": 34,
                    "end": 37,
                    "label": "개인정보"
                }
            ]
        },
        {
            "sentence": "외부 문의 및 감사 관련 연락처는 compliance-test@example.test 로 표기되어 있으며 사내 채널을 통해서만 추가 제공됩니다.",
            "id": "sample_026_0090_000004",
            "annotations": [
                {
                    "word": "compliance-test@example.test",
                    "start": 19,
                    "end": 47,
                    "label": "개인정보"
                }
            ]
        },
        {
            "sentence": "검토 대상 블록은 테스트넷 블록 높이 105432로 특정되며 블록 식별값은 0xtestblock000000000000000000000000000000000000000000000000000001 입니다.",
            "id": "sample_026_0090_000005",
            "annotations": []
        },
        {
            "sentence": "해당 블록의 타임스탬프는 2025-11-10T12:34:56Z 로 기록되었으며 블록 내 모든 트랜잭션의 block_hash 및 timestamp는 일관되게 적용되었습니다.",
            "id": "sample_026_0090_000006",
            "annotations": []
        },
        {
            "sentence": "트랜잭션 tx_hash 0xtesttx0000000000000000000000000000000000000000000000000000a1 은 블록 105432에 포함되어 block_hash 및 timestamp가 블록과 일치합니다.",
            "id": "sample_026_0090_000007",
            "annotations": []
        },
        {
            "sentence": "해당 트랜잭션의 from_address 는 테스트 전용 표현 0xtestFromA0000000000000000000000000000000000000000000000000001 로 기록되며 nonce 는 12 입니다.",
            "id": "sample_026_0090_000008",
            "annotations": []
        },
        {
            "sentence": "동일한 블록의 두 번째 트랜잭션 tx_hash 0xtesttx0000000000000000000000000000000000000000000000000000a2 는 동일 from_address 0xtestFromA0000000000000000000000000000000000000000000000000001 의 nonce 13 으로 연속성(선형증가)을 유지합니다.",
            "id": "sample_026_0090_000009",
            "annotations": []
        },
        {
            "sentence": "수신처 to_address 는 스마트컨트랙트 0xtestContractAbC00000000000000000000000000000000000000000000000001 로 지정되었고 토큰 표준은 ERC-20 으로 확인되었습니다.",
            "id": "sample_026_0090_000010",
            "annotations": []
        },
        {
            "sentence": "스마트컨트랙트 호출의 method_signature 는 'transfer(address,uint256)' 이며 input_data 예시는 '0xa9059cbb0000000000000000000000000000000000000000000000000000000005f5e100' 로 ABI 규격에 부합합니다.",
            "id": "sample_026_0090_000011",
            "annotations": []
        },
        {
            "sentence": "해당 트랜잭션의 gas_used 는 21000, gas_price 는 50 gwei 로 기록되어 수수료(fee) 산출값은 약 0.00105 ETH 상응량으로 계산되었습니다.",
            "id": "sample_026_0090_000012",
            "annotations": []
        },
        {
            "sentence": "트랜잭션 status 는 success 로 표기되어 있으며 receipt_status 는 1 로서 성공 완료를 나타냅니다.",
            "id": "sample_026_0090_000013",
            "annotations": []
        },
        {
            "sentence": "이벤트 로그에는 표준 Transfer 이벤트가 포함되어 있고 indexed topic 은 총 세 개, data 필드는 32바이트 정렬 형식으로 저장되어 있습니다.",
            "id": "sample_026_0090_000014",
            "annotations": []
        },
        {
            "sentence": "스마트컨트랙트의 ABI 는 표준 JSON 배열로 첨부되어 있으며 주요 함수명으로 name(), symbol(), transfer() 등이 정의되어 있습니다.",
            "id": "sample_026_0090_000015",
            "annotations": []
        },
        {
            "sentence": "감사 보고서 요약(audit_report_summary)에서는 중간 수준의 위험으로 오버플로우 검증 미비를 지적하였으나 치명적 취약점은 발견되지 않았습니다.",
            "id": "sample_026_0090_000016",
            "annotations": []
        },
        {
            "sentence": "오라클 피드 oracle_source 'oracle_node_03' 에서 제출된 price_feed 는 asset ETH, price 2100.45, timestamp 2025-11-10T12:34:50Z 및 signature 0xtestSig000000000000000000000000000000 로 제공되었습니다.",
            "id": "sample_026_0090_000017",
            "annotations": []
        },
        {
            "sentence": "오라클 메타데이터에 trust_score 0.92 와 signed_nonce 98765 가 포함되어 오프체인 데이터의 신뢰도를 보강하도록 설계되어 있습니다.",
            "id": "sample_026_0090_000018",
            "annotations": []
        },
        {
            "sentence": "KYC 결과는 익명화된 식별자 KYC-ANON-0001 로 저장되어 있으며 스크리닝 결과는 'cleared' 로 표기되어 규제 준수 여부를 문서화했습니다.",
            "id": "sample_026_0090_000019",
            "annotations": [
                {
                    "word": "KYC-ANON-0001",
                    "start": 17,
                    "end": 30,
                    "label": "개인정보"
                }
            ]
        },
        {
            "sentence": "고객의 준식별자 기록에는 생년월일 1985-07-12 및 거주지 서울특별시 가 포함되어 감사 로그에 참고용으로 보관되어 있습니다.",
            "id": "sample_026_0090_000020",
            "annotations": [
                {
                    "word": "1985-07-12",
                    "start": 19,
                    "end": 29,
                    "label": "준식별자"
                },
                {
                    "word": "서울특별시",
                    "start": 36,
                    "end": 41,
                    "label": "준식별자"
                }
            ]
        },
        {
            "sentence": "고객 프로파일의 직업 항목에는 '블록체인 엔지니어' 로 표기되어 있으며 이는 준식별자 그룹으로 분류됩니다.",
            "id": "sample_026_0090_000021",
            "annotations": [
                {
                    "word": "블록체인 엔지니어",
                    "start": 18,
                    "end": 27,
                    "label": "준식별자"
                }
            ]
        },
        {
            "sentence": "제재 관련 필드 sanction_flags 는 교육용 시나리오로 'SUSPICIOUS_ENTITY' 로 표기되었으며 실제 제재 명단과의 일치성은 의도적으로 배제했습니다.",
            "id": "sample_026_0090_000022",
            "annotations": []
        },
        {
            "sentence": "교차검증을 위해 교환소 교환기록 exchange_trade_id EX-TEST-20251110-0009 와 오더북 스냅샷(order_book_snapshot) 이 참조되었습니다.",
            "id": "sample_026_0090_000023",
            "annotations": []
        },
        {
            "sentence": "감사 로그에는 내부 저장 경로 s3://internal/audit/2025/report.pdf 와 관리 노드 IP 10.200.10.5 가 포함되어 있어 해당 항목은 기밀정보로 분류됩니다.",
            "id": "sample_026_0090_000024",
            "annotations": [
                {
                    "word": "s3://internal/audit/2025/report.pdf",
                    "start": 17,
                    "end": 52,
                    "label": "기밀정보"
                },
                {
                    "word": "10.200.10.5",
                    "start": 64,
                    "end": 75,
                    "label": "기밀정보"
                }
            ]
        },
        {
            "sentence": "네트워크 운영 관련 node_id node-validators-17 및 validator_id tb1testvaloper0000000000000000000000 도 본 문서에 기록되어 있습니다.",
            "id": "sample_026_0090_000025",
            "annotations": []
        },
        {
            "sentence": "권고사항으로는 KYC 데이터 추가 익명화, 오라클 신뢰도 모니터링 강화, 내부 기밀 자산 접근 로그의 암호화 적용을 권고합니다.",
            "id": "sample_026_0090_000026",
            "annotations": []
        }
    ]
}