{
    "document_id": "026_0072",
    "document_title": "블록체인 트랜잭션 및 규제 준수 감사보고서",
    "data": [
        {
            "sentence": "본 문서는 스마트컨트랙트 배포와 트랜잭션 흐름에 대한 정밀 감사와 규제준수 평가를 목적으로 작성되었습니다.",
            "id": "sample_026_0072_000001",
            "annotations": []
        },
        {
            "sentence": "문서 범위에는 온체인 트랜잭션 레코드, 스마트컨트랙트 ABI 요약, 오라클 피드 분석 및 KYC·제재 스크리닝 결과가 포함됩니다.",
            "id": "sample_026_0072_000002",
            "annotations": []
        },
        {
            "sentence": "감사 대상: 스마트컨트랙트 배포 및 트랜잭션 흐름 검토를 위해 원윤호 엔지니어가 담당했습니다.",
            "id": "sample_026_0072_000003",
            "annotations": [
                {
                    "word": "원윤호",
                    "start": 35,
                    "end": 38,
                    "label": "개인정보"
                }
            ]
        },
        {
            "sentence": "담당자 연락처(email): wnh.test@example.com 으로 프로젝트 관련 통지가 이루어졌습니다.",
            "id": "sample_026_0072_000004",
            "annotations": [
                {
                    "word": "wnh.test@example.com",
                    "start": 16,
                    "end": 36,
                    "label": "개인정보"
                }
            ]
        },
        {
            "sentence": "담당자 휴대폰: 010-1234-5678 (업무전용)로 KYC 서류 관련 통화 기록이 남아있습니다.",
            "id": "sample_026_0072_000005",
            "annotations": [
                {
                    "word": "010-1234-5678",
                    "start": 9,
                    "end": 22,
                    "label": "개인정보"
                }
            ]
        },
        {
            "sentence": "검토 대상 사용자 프로파일에 표기된 생년월일은 1985년 07월 23일로 등록되어 있습니다.",
            "id": "sample_026_0072_000006",
            "annotations": [
                {
                    "word": "1985",
                    "start": 26,
                    "end": 30,
                    "label": "준식별자"
                },
                {
                    "word": "07",
                    "start": 32,
                    "end": 34,
                    "label": "준식별자"
                },
                {
                    "word": "23",
                    "start": 36,
                    "end": 38,
                    "label": "준식별자"
                }
            ]
        },
        {
            "sentence": "사용자 주소(행정구역): 서울특별시 강남구로 기록되어 지역 특성 매핑을 수행했습니다.",
            "id": "sample_026_0072_000007",
            "annotations": [
                {
                    "word": "서울특별시",
                    "start": 14,
                    "end": 19,
                    "label": "준식별자"
                },
                {
                    "word": "강남구",
                    "start": 20,
                    "end": 23,
                    "label": "준식별자"
                }
            ]
        },
        {
            "sentence": "직장명은 블록체인랩스(직무: 연구개발)로 표기되어 직장·직업 관련 준식별자 기준에 해당합니다.",
            "id": "sample_026_0072_000008",
            "annotations": [
                {
                    "word": "블록체인랩스",
                    "start": 5,
                    "end": 11,
                    "label": "준식별자"
                }
            ]
        },
        {
            "sentence": "온체인 트랜잭션 레코드 예시: tx_hash=0xtestTx0000000000000000000000000000000000000000000000000000072, block_number=120072, block_hash=0xtestBlock000000000000000000000000000000000000000000000000000072.",
            "id": "sample_026_0072_000009",
            "annotations": []
        },
        {
            "sentence": "해당 블록 timestamp은 2025-11-12T10:23:45Z 로 모든 포함 트랜잭션에 일관되게 적용되어 있습니다.",
            "id": "sample_026_0072_000010",
            "annotations": []
        },
        {
            "sentence": "트랜잭션 from_address=0xtestFrom00000000000000000000000000000000072 와 to_address=0xtestTo00000000000000000000000000000000072 는 테스트넷 형식으로 무작위 생성되었습니다.",
            "id": "sample_026_0072_000011",
            "annotations": []
        },
        {
            "sentence": "Nonce는 발신 계정 기준으로 5에서 6으로 선형 증가하여 이중 소비가 발생하지 않음을 확인했습니다.",
            "id": "sample_026_0072_000012",
            "annotations": []
        },
        {
            "sentence": "스마트컨트랙트 주소는 0xtestContract0000000000000000000000000000000072 로 ERC-721 표준을 따릅니다.",
            "id": "sample_026_0072_000013",
            "annotations": []
        },
        {
            "sentence": "ABI 요약: function safeTransferFrom(address from,address to,uint256 tokenId) external; 이벤트 Transfer(address indexed from,address indexed to,uint256 indexed tokenId);",
            "id": "sample_026_0072_000014",
            "annotations": []
        },
        {
            "sentence": "컨트랙트 호출의 input_data 및 output_data 는 ABI 스펙에 맞춰 인코딩되었고 동일 입력에 대해 재현 가능한 결과를 산출합니다.",
            "id": "sample_026_0072_000015",
            "annotations": []
        },
        {
            "sentence": "오라클(price_feed) 메타데이터: source=chainlink-testnet, asset=ETH, price=1850.25, timestamp=2025-11-12T10:22:59Z, confidence=0.0003, signature=0xtestOracleSig000000000000000000000000000072.",
            "id": "sample_026_0072_000016",
            "annotations": []
        },
        {
            "sentence": "오프체인 참조 IPFS URI: ipfs://QmTestHash00000000000000000000000000000000000072 에 토큰 메타데이터가 저장되어 있습니다.",
            "id": "sample_026_0072_000017",
            "annotations": []
        },
        {
            "sentence": "노드 식별자(node_id)는 validator-03-prod 이며 내부 운영 IP는 10.0.12.34 로 라우팅 로그에 남아 있습니다.",
            "id": "sample_026_0072_000018",
            "annotations": [
                {
                    "word": "validator-03-prod",
                    "start": 17,
                    "end": 34,
                    "label": "기밀정보"
                },
                {
                    "word": "10.0.12.34",
                    "start": 48,
                    "end": 58,
                    "label": "기밀정보"
                }
            ]
        },
        {
            "sentence": "내부 파일 경로 및 접근권한 기록: /srv/prod/internal/keys/secret.store 는 접근 제어 대상으로 분류됩니다.",
            "id": "sample_026_0072_000019",
            "annotations": [
                {
                    "word": "/srv/prod/internal/keys/secret.store",
                    "start": 20,
                    "end": 56,
                    "label": "기밀정보"
                }
            ]
        },
        {
            "sentence": "KYC 요약: KYC_id=KYC-ANON-00072, 상태=verified, 검증자=우창환, 국가별 세금 식별자는 익명화 처리했습니다.",
            "id": "sample_026_0072_000020",
            "annotations": [
                {
                    "word": "KYC-ANON-00072",
                    "start": 15,
                    "end": 29,
                    "label": "준식별자"
                },
                {
                    "word": "우창환",
                    "start": 48,
                    "end": 51,
                    "label": "개인정보"
                }
            ]
        },
        {
            "sentence": "제재 스크리닝 결과(sanction_flags): false 이며 교육 목적의 시나리오로 일부 플래그가 테스트되었습니다.",
            "id": "sample_026_0072_000021",
            "annotations": []
        },
        {
            "sentence": "교환소 거래 기록 예시: exchange_trade_id=EX-20251112-00072, order_book_snapshot: bids[0]={price:1849.5,qty:2.5}.",
            "id": "sample_026_0072_000022",
            "annotations": []
        },
        {
            "sentence": "감사 보고서 요약: 스마트컨트랙트 함수 접근 제어에 소규모 권한 상승 이슈가 발견되었으며 권고사항을 포함해 수정이 필요합니다.",
            "id": "sample_026_0072_000023",
            "annotations": []
        },
        {
            "sentence": "권고사항: KYC 데이터는 최소한의 준식별자만 보관하고, 생년월일·시군구 수준의 주소는 암호화 저장을 권장합니다.",
            "id": "sample_026_0072_000024",
            "annotations": []
        },
        {
            "sentence": "규정 준수 체크리스트: 세무 관련 필드는 현지 세법에 따라 신고되며, 계좌번호는 마스킹 후 기록해야 합니다.",
            "id": "sample_026_0072_000025",
            "annotations": []
        },
        {
            "sentence": "예시 계좌 기록(마스킹): 계좌번호=****-****-1234, 은행명=금융테스트은행 로 내부 재무 항목에 포함되어 있습니다.",
            "id": "sample_026_0072_000026",
            "annotations": [
                {
                    "word": "****-****-1234",
                    "start": 20,
                    "end": 34,
                    "label": "기밀정보"
                }
            ]
        },
        {
            "sentence": "거버넌스 제안서 참고: proposal_id=PR-2025-072, 제안자=안경환, 투표 결과는 IPFS에 저장되며 해시가 레퍼런스로 첨부됩니다.",
            "id": "sample_026_0072_000027",
            "annotations": [
                {
                    "word": "안경환",
                    "start": 42,
                    "end": 45,
                    "label": "개인정보"
                }
            ]
        },
        {
            "sentence": "노드 검증 로그: validator_id=val-72, consensus_round=4682, 담당자 확인(승인)=심우경 으로 기록되어 있습니다.",
            "id": "sample_026_0072_000028",
            "annotations": [
                {
                    "word": "심우경",
                    "start": 64,
                    "end": 67,
                    "label": "개인정보"
                },
                {
                    "word": "val-72",
                    "start": 23,
                    "end": 29,
                    "label": "기밀정보"
                }
            ]
        },
        {
            "sentence": "세무 관련 항목: tax_id는 익명화되어 TAX-ANON-0072 로 기재되며 지역별 보고 목적에 한해 복호화 권한을 부여합니다.",
            "id": "sample_026_0072_000029",
            "annotations": [
                {
                    "word": "TAX-ANON-0072",
                    "start": 24,
                    "end": 37,
                    "label": "준식별자"
                }
            ]
        },
        {
            "sentence": "결론 및 액션 아이템: 내부 경로 접근 제어 강화, KYC 마스킹·암호화 의무화, 오라클 서명 검증 절차의 정기 감사를 수행하도록 권고합니다.",
            "id": "sample_026_0072_000030",
            "annotations": []
        }
    ]
}