{
    "document_id": "026_0077",
    "document_title": "블록체인 거래 레코드 및 규제 준수 샘플 보고서",
    "data": [
        {
            "sentence": "이 문서는 블록체인 및 암호화폐 도메인의 온체인·오프체인 데이터 샘플과 규제 준수 항목을 통합한 기술·운영 보고서입니다.",
            "id": "sample_026_0077_000001",
            "annotations": []
        },
        {
            "sentence": "샘플 데이터는 테스트넷 및 더미 접두사를 사용하여 생성되었으며 민감한 실제 키나 니모닉은 포함하지 않습니다.",
            "id": "sample_026_0077_000002",
            "annotations": []
        },
        {
            "sentence": "블록 예시: block_number=1254321, block_hash=0xtestblockhash0000000000000000000000000000000000000000000000000001, timestamp=2025-11-05T14:32:10Z.",
            "id": "sample_026_0077_000003",
            "annotations": []
        },
        {
            "sentence": "트랜잭션 예시: tx_hash=0xtestTxHash0000000000000000000000000000000000000000000000000001, from=0xtestFromAbC1234567890abcdef1234567890ab, to=0xtestToDef4567890abcdef1234567890cd, value=3.25 ETH.",
            "id": "sample_026_0077_000004",
            "annotations": []
        },
        {
            "sentence": "지갑 메타데이터에는 wallet_public_key=pubkey-test-04ab12cdef, label='custody-test-01', custodian='TestCustody'가 포함되어 있습니다.",
            "id": "sample_026_0077_000005",
            "annotations": [
                {
                    "word": "pubkey-test-04ab12cdef",
                    "start": 29,
                    "end": 51,
                    "label": "준식별자"
                }
            ]
        },
        {
            "sentence": "KYC 담당자 검토 로그에는 담당자 이름이 기록되었으며 예시로 나마루가 검토를 승인한 스탬프가 남아 있습니다.",
            "id": "sample_026_0077_000006",
            "annotations": [
                {
                    "word": "나마루",
                    "start": 35,
                    "end": 38,
                    "label": "개인정보"
                }
            ]
        },
        {
            "sentence": "월렛 소유자 레코드 샘플에는 고객명 주민영이 온체인 트랜잭션과 연결되어 있는 것으로 표기되어 있습니다.",
            "id": "sample_026_0077_000007",
            "annotations": [
                {
                    "word": "주민영",
                    "start": 20,
                    "end": 23,
                    "label": "개인정보"
                }
            ]
        },
        {
            "sentence": "고객의 생년월일은 내부 KYC 필드로 생년월일: 1988-07-14 형태로 저장되어 있으며 연·월·일은 규정대로 분리하여 처리합니다.",
            "id": "sample_026_0077_000008",
            "annotations": [
                {
                    "word": "1988",
                    "start": 27,
                    "end": 31,
                    "label": "준식별자"
                },
                {
                    "word": "07",
                    "start": 32,
                    "end": 34,
                    "label": "준식별자"
                },
                {
                    "word": "14",
                    "start": 35,
                    "end": 37,
                    "label": "준식별자"
                }
            ]
        },
        {
            "sentence": "성별 필드는 준식별자 범주로 남성 또는 여성으로 저장되며 본 문서 예시에서는 남성으로 표기합니다.",
            "id": "sample_026_0077_000009",
            "annotations": [
                {
                    "word": "남성",
                    "start": 16,
                    "end": 18,
                    "label": "준식별자"
                },
                {
                    "word": "남성",
                    "start": 43,
                    "end": 45,
                    "label": "준식별자"
                }
            ]
        },
        {
            "sentence": "주소 레코드는 시/구/동 단위로 분리되어 보관하며 예시 주소는 서울특별시 강남구 역삼동 로컬 표준으로 익명화되어 저장됩니다.",
            "id": "sample_026_0077_000010",
            "annotations": [
                {
                    "word": "서울특별시",
                    "start": 35,
                    "end": 40,
                    "label": "준식별자"
                },
                {
                    "word": "강남구",
                    "start": 41,
                    "end": 44,
                    "label": "준식별자"
                },
                {
                    "word": "역삼동",
                    "start": 45,
                    "end": 48,
                    "label": "준식별자"
                }
            ]
        },
        {
            "sentence": "KYC 식별자 예시는 KYC-2026-0077 로 표현되며 내부 감사 목적의 기밀 식별자 항목으로 분류됩니다.",
            "id": "sample_026_0077_000011",
            "annotations": [
                {
                    "word": "KYC-2026-0077",
                    "start": 12,
                    "end": 25,
                    "label": "기밀정보"
                }
            ]
        },
        {
            "sentence": "세무 식별자는 마스킹 처리되어 TAX-990101-1234 형식의 예시값으로 기록되며 세무 제출 전 별도 암호화가 적용됩니다.",
            "id": "sample_026_0077_000012",
            "annotations": [
                {
                    "word": "TAX-990101-1234",
                    "start": 17,
                    "end": 32,
                    "label": "개인정보"
                }
            ]
        },
        {
            "sentence": "운영 로그 예시에는 백엔드 접속 지점 IP: 10.123.45.67 이 기입되어 있으며 해당 항목은 기밀정보로 분류됩니다.",
            "id": "sample_026_0077_000013",
            "annotations": [
                {
                    "word": "10.123.45.67",
                    "start": 25,
                    "end": 37,
                    "label": "기밀정보"
                }
            ]
        },
        {
            "sentence": "테스트용 지갑 주소 예시는 0xtestAbC1234567890abcdef1234567890ab 로 표기되며 체인 규격 포맷을 모사하되 실제 주소와 충돌하지 않습니다.",
            "id": "sample_026_0077_000014",
            "annotations": [
                {
                    "word": "0xtestAbC1234567890abcdef1234567890ab",
                    "start": 15,
                    "end": 52,
                    "label": "준식별자"
                }
            ]
        },
        {
            "sentence": "스마트 컨트랙트 호출 예시는 contract_address=0xtestContractDeF1234567890abcdef12345678, method_signature=transfer(address,uint256), input_data=0xtest... 형식을 따릅니다.",
            "id": "sample_026_0077_000015",
            "annotations": []
        },
        {
            "sentence": "트랜잭션 영수증에는 gas_used=21000, gas_price=50 gwei, fee=0.00105 ETH, nonce 필드는 계정별로 선형 증가하는 값으로 예시화되어 있습니다.",
            "id": "sample_026_0077_000016",
            "annotations": []
        },
        {
            "sentence": "오라클 피드 예시는 oracle_source='PriceOracle-Test', asset=BTC/USD, price=57321.45, timestamp=2025-11-05T14:31:50Z, signature=0xtestSig... 형식을 가집니다.",
            "id": "sample_026_0077_000017",
            "annotations": []
        },
        {
            "sentence": "제재 스크리닝 필드(sanction_flags)는 교육용 시나리오로 none 상태를 사용하며 실제 제재 리스트와의 일치성은 의도적으로 피합니다.",
            "id": "sample_026_0077_000018",
            "annotations": []
        },
        {
            "sentence": "밸리데이터 및 노드 관련 메타데이터는 validator_id=validator-03, node_id=node-7a, consensus_round=412 같은 식별자를 사용합니다.",
            "id": "sample_026_0077_000019",
            "annotations": []
        },
        {
            "sentence": "거래소 연동 예시는 exchange_trade_id=EX-20251234, order_book_snapshot 해시=0xtestOrderBookHash0000000000000000000000000000001 로 표기됩니다.",
            "id": "sample_026_0077_000020",
            "annotations": []
        },
        {
            "sentence": "거버넌스 투표 예시는 proposal_id=GOV-445 및 투표자 목록에 최강한이 제안서 찬성으로 기입된 로그 예시를 포함합니다.",
            "id": "sample_026_0077_000021",
            "annotations": [
                {
                    "word": "최강한",
                    "start": 42,
                    "end": 45,
                    "label": "개인정보"
                }
            ]
        },
        {
            "sentence": "운영 계정 예시로 운영 서버 접속 계정: admin_ops 가 감사 로그에 남아 있으며 해당 항목은 내부 기밀로 간주합니다.",
            "id": "sample_026_0077_000022",
            "annotations": [
                {
                    "word": "admin_ops",
                    "start": 23,
                    "end": 32,
                    "label": "기밀정보"
                }
            ]
        },
        {
            "sentence": "IPFS 메타데이터 참조 예시는 ipfs_uri=ipfs://QmTestIpfsHash1234567890abcdef 로 대용량 메타데이터를 오프체인에 저장한 사례를 보여줍니다.",
            "id": "sample_026_0077_000023",
            "annotations": []
        },
        {
            "sentence": "컨트랙트 ABI 예시는 배열 형태의 JSON 스키마로 제공되며 함수명·입력형·출력형이 표준 ERC 규격을 준수합니다.",
            "id": "sample_026_0077_000024",
            "annotations": []
        },
        {
            "sentence": "감사 요약에는 audit_report_summary가 포함되어 취약점 수준과 권고사항, 수정 일정이 기술되어 있습니다.",
            "id": "sample_026_0077_000025",
            "annotations": []
        },
        {
            "sentence": "결론 및 행동 항목으로는 데이터 익명화 정책 강화, KYC 필드 암호화, 오라클 서명 검증 자동화 등이 권고됩니다.",
            "id": "sample_026_0077_000026",
            "annotations": []
        }
    ]
}