{
    "document_id": "026_0027",
    "document_title": "테스트넷 거래 및 규제 준수 통합 로그 보고서",
    "data": [
        {
            "sentence": "문서 목적: 본 보고서는 테스트넷 상의 거래 로그와 규제 준수 메타데이터를 통합하여 온체인/오프체인 교차검증을 목적으로 작성되었습니다.",
            "id": "sample_026_0027_000001",
            "annotations": []
        },
        {
            "sentence": "범위: 본 문서는 블록 데이터, 트랜잭션 영수증, 스마트 컨트랙트 ABI, 오라클 피드, KYC 결과 및 감사 요약을 포함합니다.",
            "id": "sample_026_0027_000002",
            "annotations": []
        },
        {
            "sentence": "요약: 예시 데이터는 메인넷과 유사한 형식을 따르되 테스트넷 식별자 및 익명화를 적용했습니다.",
            "id": "sample_026_0027_000003",
            "annotations": []
        },
        {
            "sentence": "블록 정보: block_number=1502000, block_hash=0xtestblockhash1502000abcdef, timestamp=2025-12-15T09:12:34Z, chain_id=3.",
            "id": "sample_026_0027_000004",
            "annotations": []
        },
        {
            "sentence": "트랜잭션 A: tx_hash=0xtesttxhash0001abcdef, from=0xtestFromAddr00000000000000000001, to=0xtestContract00000000000000000002, value=5.0 ETH, nonce=10, gas_used=21000, gas_price=50 Gwei.",
            "id": "sample_026_0027_000005",
            "annotations": []
        },
        {
            "sentence": "규제 담당자 리뷰: 담당자 명은 류철우이며 검토 요청에 대한 연락 이메일은 ryu.cheolwoo@anon-example.test로 기록되었습니다.",
            "id": "sample_026_0027_000006",
            "annotations": [
                {
                    "word": "류철우",
                    "start": 18,
                    "end": 21,
                    "label": "개인정보"
                },
                {
                    "word": "ryu.cheolwoo@anon-example.test",
                    "start": 42,
                    "end": 72,
                    "label": "개인정보"
                }
            ]
        },
        {
            "sentence": "사용자 신고: 이용자 전나혜가 거래 불일치 신고를 접수하였으며 연락처는 010-0000-0002로 KYC 대응팀에 전달되었습니다.",
            "id": "sample_026_0027_000007",
            "annotations": [
                {
                    "word": "전나혜",
                    "start": 12,
                    "end": 15,
                    "label": "개인정보"
                },
                {
                    "word": "010-0000-0002",
                    "start": 40,
                    "end": 53,
                    "label": "개인정보"
                }
            ]
        },
        {
            "sentence": "KYC 엔티티: KYC_id=KYC-2027-0001는 내부 식별자로 할당되었으며 관련 계정은 레이블 'custody: SAFT'로 분류되어 있습니다; 사용자 예시는 홍나우입니다.",
            "id": "sample_026_0027_000008",
            "annotations": [
                {
                    "word": "KYC-2027-0001",
                    "start": 16,
                    "end": 29,
                    "label": "개인정보"
                },
                {
                    "word": "홍나우",
                    "start": 93,
                    "end": 96,
                    "label": "개인정보"
                }
            ]
        },
        {
            "sentence": "주소 정보(익명화 전 예시): 서울특별시 강남구 역삼동 123-45는 오프체인 주소 필드의 예시로 제공되며 보고 목적상 마스킹 전 상태를 기록합니다.",
            "id": "sample_026_0027_000009",
            "annotations": [
                {
                    "word": "서울특별시 강남구 역삼동 123-45",
                    "start": 17,
                    "end": 37,
                    "label": "개인정보"
                }
            ]
        },
        {
            "sentence": "세무 식별자(익명화): tax_id=TAX-ANON-0099는 세무 보고용 내부 식별자이며 실제 세무 번호는 별도 보관소에 암호화되어 있습니다.",
            "id": "sample_026_0027_000010",
            "annotations": [
                {
                    "word": "TAX-ANON-0099",
                    "start": 20,
                    "end": 33,
                    "label": "기밀정보"
                }
            ]
        },
        {
            "sentence": "트랜잭션 A 영수증: receipt_status=1, status=success, fee=0.00105 ETH, logs=[{name:'Transfer', indexed:[0xtestFromAddr00000000000000000001,0xtestToAddr00000000000000000003], data:'0x00000000000000000000000000000000000000000000000000000000000003e8'}].",
            "id": "sample_026_0027_000011",
            "annotations": []
        },
        {
            "sentence": "스마트 컨트랙트: smart_contract_address=0xtestContract00000000000000000002, method_signature='transfer(address,uint256)', input_data=0xa9059cbb00000000000000000000000000000000000000000000000000000000000003e8.",
            "id": "sample_026_0027_000012",
            "annotations": []
        },
        {
            "sentence": "입출력 일관성: 동일한 input_data에 대해 해당 컨트랙트는 deterministically output_data='0x' 혹은 에러코드를 반환하며 테스트에서 재현 가능합니다.",
            "id": "sample_026_0027_000013",
            "annotations": []
        },
        {
            "sentence": "이벤트 로그는 indexed topic 수 3을 준수하며 topic별 길이와 데이터 타입이 ABI와 일치하도록 설계되었습니다.",
            "id": "sample_026_0027_000014",
            "annotations": []
        },
        {
            "sentence": "오라클 피드: oracle_source='TestPriceOracle', price_feed={asset:'ETH/USD', price:2468.72, timestamp:2025-12-15T09:12:30Z}, signature='0xtestoracleSigabcdef'.",
            "id": "sample_026_0027_000015",
            "annotations": []
        },
        {
            "sentence": "오라클 메타: 해당 피드는 aggregator 서명과 TTL 30초, 신뢰도 점수 0.92(0~1)를 포함하며 레코드는 IPFS에 저장된 원본(URI=ipfs://QmTestOracleMeta)으로 참조됩니다.",
            "id": "sample_026_0027_000016",
            "annotations": []
        },
        {
            "sentence": "거래소 매칭: exchange_trade_id=EXCH-TST-000123, order_book_snapshot 참조값은 ipfs://QmOrderBookSnap0001입니다.",
            "id": "sample_026_0027_000017",
            "annotations": []
        },
        {
            "sentence": "컨센서스 메타: node_id=node-test-001, validator_id=val-test-07, consensus_round=184, proposal_id=prop-20251215-07.",
            "id": "sample_026_0027_000018",
            "annotations": []
        },
        {
            "sentence": "계정 상태 변화: 0xtestFromAddr00000000000000000001의 nonce는 9에서 10으로 선형 증가하였고 잔액은 10.0 ETH에서 5.0 ETH로 체인상 변화가 반영되었습니다.",
            "id": "sample_026_0027_000019",
            "annotations": []
        },
        {
            "sentence": "이중 소비 방지: 모든 전송은 nonce 및 잔액 체크를 통해 재입력 차단이 검증되었으며 불일치 시 경보를 발행하도록 설정되어 있습니다.",
            "id": "sample_026_0027_000020",
            "annotations": []
        },
        {
            "sentence": "감사 요약: 외부 감사 결과 주요 취약점은 발견되지 않았으며 세부 내용은 감사 보고서 요약에 포함되어 있습니다.",
            "id": "sample_026_0027_000021",
            "annotations": []
        },
        {
            "sentence": "감사 보고서 요약: critical 0, high 1(권장 패치), medium 2, low 5 항목이 보고되었고 패치 일정은 30일 내로 제안됩니다.",
            "id": "sample_026_0027_000022",
            "annotations": []
        },
        {
            "sentence": "제재 스크리닝: sanction_flags는 모든 관련 엔티티에 대해 false로 표기되었으며 시뮬레이션은 교육 목적이며 실제 제재 목록과 일치하지 않습니다.",
            "id": "sample_026_0027_000023",
            "annotations": []
        },
        {
            "sentence": "지갑 메타데이터: wallet_public_key=0xtestPubKey0000000000000000000000000000001, wallet_metadata={label:'custody-01', custodian:'ExampleCustody'}로 기록됩니다.",
            "id": "sample_026_0027_000024",
            "annotations": []
        },
        {
            "sentence": "IPFS 메타: ipfs_hash=QmTestContentHash000000000000000000000000000으로 대용량 토큰 메타데이터를 온체인 참조로 연결합니다.",
            "id": "sample_026_0027_000025",
            "annotations": []
        },
        {
            "sentence": "스마트 컨트랙트 ABI 샘플은 ERC-20 표준의 Transfer 이벤트 및 approve/transfer 메소드를 포함하며 ABI 포맷은 JSON 구조로 부호화되어 있습니다.",
            "id": "sample_026_0027_000026",
            "annotations": []
        },
        {
            "sentence": "로그 보존 및 개인정보 보호: PII 데이터는 최소 수집 원칙을 따르며 본 문서의 PII 항목은 익명화 및 접근 제어 대상입니다.",
            "id": "sample_026_0027_000027",
            "annotations": []
        },
        {
            "sentence": "결론 및 권고: 데이터 체계화, 오라클 신뢰성 개선, 정기적 KYC 갱신과 감사 추적을 실행 항목으로 권고합니다.",
            "id": "sample_026_0027_000028",
            "annotations": []
        }
    ]
}