{
    "document_id": "026_0069",
    "document_title": "테스트넷 블록체인 거래 및 규제준수 통합 보고서",
    "data": [
        {
            "sentence": "문서 목적: 본 파일은 테스트넷 기반 블록 및 트랜잭션 레코드 예시와 규제준수 항목을 통합한 블록체인 거래 및 감사 레포트입니다.",
            "id": "sample_026_0069_000001",
            "annotations": []
        },
        {
            "sentence": "요약: 샘플 블록 1234567은 블록해시 0xtestblockhash9abcdef1234567890과 타임스탬프 2025-11-30T14:22:10Z를 가집니다.",
            "id": "sample_026_0069_000002",
            "annotations": []
        },
        {
            "sentence": "블록 1234567에는 총 3건의 트랜잭션이 포함되며, 모든 트랜잭션은 동일한 block_hash 0xtestblockhash9abcdef1234567890과 timestamp 2025-11-30T14:22:10Z를 공유합니다.",
            "id": "sample_026_0069_000003",
            "annotations": []
        },
        {
            "sentence": "트랜잭션 tx1의 tx_hash는 0xtesttxhasha1b2c3d4e5f6이며 from 0xtestFromA00000000000000000000000000000001에서 to 0xtestToB00000000000000000000000000000002로 100.0 DAI(토큰표준: ERC-20)가 전송되었습니다.",
            "id": "sample_026_0069_000004",
            "annotations": []
        },
        {
            "sentence": "tx1의 block_number는 1234567, nonce는 12, gas_used 21000, gas_price 50 gwei, fee 0.00105 ETH, status success, receipt_status 1입니다.",
            "id": "sample_026_0069_000005",
            "annotations": []
        },
        {
            "sentence": "tx2의 tx_hash는 0xtesttxhashb1b2c3d4e5f7이며 동일한 블록에 포함되었고 from 0xtestFromA00000000000000000000000000000001의 nonce는 연속으로 13으로 증가했습니다.",
            "id": "sample_026_0069_000006",
            "annotations": []
        },
        {
            "sentence": "tx2는 스마트컨트랙트 0xtestContract000000000000000000000000000003에 대한 호출이고 method_signature 'transfer(address,uint256)'로 input_data는 (0xtestToC00000000000000000000000000000003, 250000000000000000000) 형태입니다.",
            "id": "sample_026_0069_000007",
            "annotations": []
        },
        {
            "sentence": "tx2의 output_data는 0x01이며 gas_used 65000, gas_price 60 gwei, fee 0.0039 ETH, status success입니다.",
            "id": "sample_026_0069_000008",
            "annotations": []
        },
        {
            "sentence": "스마트컨트랙트 0xtestContract000000000000000000000000000003의 ABI에는 transfer와 Approval 이벤트가 정의되어 있으며, ABI 요약은 function transfer(address,uint256) public returns (bool) 형태입니다.",
            "id": "sample_026_0069_000009",
            "annotations": []
        },
        {
            "sentence": "이벤트 로그 중 Transfer 이벤트는 indexed args로 from(0xtestFromA00000000000000000000000000000001), to(0xtestToC00000000000000000000000000000003)를 포함하고 token 값은 250000000000000000000(토큰-단위)입니다.",
            "id": "sample_026_0069_000010",
            "annotations": []
        },
        {
            "sentence": "tx3의 tx_hash는 0xtesttxhashc1b2c3d4e5f8이며 from 0xtestExchangeHot0000000000000000000000000004에서 exchange 스마트컨트랙트로 교환 주문이 제출되었습니다.",
            "id": "sample_026_0069_000011",
            "annotations": []
        },
        {
            "sentence": "exchange_trade_id EXCH-TST-00098765는 주문서 캡처를 위한 내부 식별자이며 매칭 가격은 42000 USDT, 거래수량 0.25 BTC입니다.",
            "id": "sample_026_0069_000012",
            "annotations": [
                {
                    "word": "EXCH-TST-00098765",
                    "start": 18,
                    "end": 35,
                    "label": "기밀정보"
                }
            ]
        },
        {
            "sentence": "주문서 스냅샷(order_book_snapshot)에는 best_bid 41950(0.5 BTC), best_ask 42010(0.4 BTC)이 기록되어 있습니다.",
            "id": "sample_026_0069_000013",
            "annotations": []
        },
        {
            "sentence": "지갑 메타데이터: wallet_public_key 0x04testpubkeyabcdef000000000000000000000000000000000000000000000000000000과 label '운영_핫월렛', custodian 'CustodyCo-Test'로 등록되어 있습니다.",
            "id": "sample_026_0069_000014",
            "annotations": []
        },
        {
            "sentence": "운영담당자 이름은 조보석이며 감사 로그에는 담당자 연락처 jobo-seok@example.test가 기재되어 있습니다.",
            "id": "sample_026_0069_000015",
            "annotations": [
                {
                    "word": "조보석",
                    "start": 10,
                    "end": 13,
                    "label": "개인정보"
                },
                {
                    "word": "jobo-seok@example.test",
                    "start": 32,
                    "end": 54,
                    "label": "개인정보"
                }
            ]
        },
        {
            "sentence": "AML 담당자 허민서가 KYC 검토를 수행하였고 KYC_id KYC-ANON-0001로 익명화된 식별자가 저장되어 있습니다.",
            "id": "sample_026_0069_000016",
            "annotations": [
                {
                    "word": "허민서",
                    "start": 8,
                    "end": 11,
                    "label": "개인정보"
                },
                {
                    "word": "KYC-ANON-0001",
                    "start": 34,
                    "end": 47,
                    "label": "개인정보"
                }
            ]
        },
        {
            "sentence": "KYC 결과에 따라 sanction_flags는 'none'으로 표기되었으며, 의심거래표시(SAR)는 없음으로 처리되었습니다.",
            "id": "sample_026_0069_000017",
            "annotations": []
        },
        {
            "sentence": "노드 및 검증자 메타데이터: node_id node-priv-07, node_internal_ip 10.0.12.34, validator_id val-021, consensus_round 1453입니다.",
            "id": "sample_026_0069_000018",
            "annotations": [
                {
                    "word": "node-priv-07",
                    "start": 24,
                    "end": 36,
                    "label": "기밀정보"
                },
                {
                    "word": "10.0.12.34",
                    "start": 55,
                    "end": 65,
                    "label": "기밀정보"
                }
            ]
        },
        {
            "sentence": "프로포절 기록: proposal_id GOV-2025-42는 온체인 거버넌스 제안으로 제출되었고 투표 라운드는 3회로 집계되었습니다.",
            "id": "sample_026_0069_000019",
            "annotations": []
        },
        {
            "sentence": "오라클 피드: oracle_source 'Chainlink-Test'의 price_feed에는 BTC/USD 42000.12, timestamp 2025-11-30T14:21:50Z, signatures ['0x04testsig...'] 및 신뢰도(score 0.98)가 포함됩니다.",
            "id": "sample_026_0069_000020",
            "annotations": []
        },
        {
            "sentence": "IPFS 메타데이터는 ipfs://QmTestCIDabcdef1234567890으로 저장되며, 온체인에는 해당 URI만 참조됩니다.",
            "id": "sample_026_0069_000021",
            "annotations": []
        },
        {
            "sentence": "감사요약: 외부 감사를 수행한 테스트감사기관의 audit_report_summary는 중위험 항목 2건, 저위험 항목 7건으로 요약됩니다.",
            "id": "sample_026_0069_000022",
            "annotations": []
        },
        {
            "sentence": "재무/자산 항목으로는 custody_account ACC-9876543210과 관련된 풀의 잠금액 15000 DAI가 보고되었습니다.",
            "id": "sample_026_0069_000023",
            "annotations": [
                {
                    "word": "ACC-9876543210",
                    "start": 28,
                    "end": 42,
                    "label": "기밀정보"
                }
            ]
        },
        {
            "sentence": "세금 신고용 필드에는 tax_id ANON-TAX-2025-045(익명화됨)과 과세 대상 소득 1250.50 USDT가 포함됩니다.",
            "id": "sample_026_0069_000024",
            "annotations": [
                {
                    "word": "ANON-TAX-2025-045",
                    "start": 19,
                    "end": 36,
                    "label": "기밀정보"
                }
            ]
        },
        {
            "sentence": "로그무결성: 블록 및 트랜잭션 해시는 ECDSA 서명 및 체크섬 규격을 충족하도록 더미 접두사 '0xtest'와 함께 생성되었으며 변경 불가능성을 보존합니다.",
            "id": "sample_026_0069_000025",
            "annotations": []
        },
        {
            "sentence": "데이터 생성 시드: seed=20251130-testseed-0001로 재현 가능하며, 테스트넷 표기와 익명화를 통해 실제 개인/계좌와 충돌하지 않음을 보장합니다.",
            "id": "sample_026_0069_000026",
            "annotations": []
        },
        {
            "sentence": "사용자 프로필 섹션에는 준식별자 원자료로 서울특별시, 강남구, 역삼동 및 생년월일 1990-05-15(연·월·일 분리 저장)이 레코딩되어 익명화 절차 대상입니다.",
            "id": "sample_026_0069_000027",
            "annotations": [
                {
                    "word": "서울특별시",
                    "start": 23,
                    "end": 28,
                    "label": "준식별자"
                },
                {
                    "word": "강남구",
                    "start": 30,
                    "end": 33,
                    "label": "준식별자"
                },
                {
                    "word": "역삼동",
                    "start": 35,
                    "end": 38,
                    "label": "준식별자"
                },
                {
                    "word": "1990",
                    "start": 46,
                    "end": 50,
                    "label": "준식별자"
                },
                {
                    "word": "05",
                    "start": 51,
                    "end": 53,
                    "label": "준식별자"
                },
                {
                    "word": "15",
                    "start": 54,
                    "end": 56,
                    "label": "준식별자"
                }
            ]
        }
    ]
}