﻿word,document,sentence,label
신의현,026_0001,sample_026_0001_000002,개인정보
sin@walletlab.test,026_0001,sample_026_0001_000003,개인정보
010-5555-1212,026_0001,sample_026_0001_000004,개인정보
사번 2025-3344,026_0001,sample_026_0001_000005,개인정보
1990년,026_0001,sample_026_0001_000006,준식별자
05월,026_0001,sample_026_0001_000006,준식별자
21일,026_0001,sample_026_0001_000006,준식별자
서울특별시,026_0001,sample_026_0001_000007,준식별자
강남구,026_0001,sample_026_0001_000007,준식별자
KYC-2025-0007,026_0001,sample_026_0001_000008,개인정보
P-TEST-000001,026_0001,sample_026_0001_000009,개인정보
TAX-2025-XYZ,026_0001,sample_026_0001_000010,개인정보
node-priv-07,026_0001,sample_026_0001_000015,기밀정보
10.240.5.12,026_0001,sample_026_0001_000015,기밀정보
계좌번호 1111-2222-3333,026_0001,sample_026_0001_000023,기밀정보
https://internal.nodes.example.local,026_0001,sample_026_0001_000024,기밀정보
오진우,026_0001,sample_026_0001_000025,개인정보
양성균,026_0001,sample_026_0001_000026,개인정보
오희원,026_0002,sample_026_0002_000010,개인정보
KYC-ANON-0002,026_0002,sample_026_0002_000011,개인정보
서울특별시,026_0002,sample_026_0002_000012,준식별자
강남구,026_0002,sample_026_0002_000013,준식별자
역삼동,026_0002,sample_026_0002_000014,준식별자
010-1234-5678,026_0002,sample_026_0002_000015,개인정보
oh_test@example.com,026_0002,sample_026_0002_000016,개인정보
1987,026_0002,sample_026_0002_000017,준식별자
05,026_0002,sample_026_0002_000018,준식별자
14,026_0002,sample_026_0002_000019,준식별자
node-gn-04,026_0002,sample_026_0002_000021,기밀정보
val-07A,026_0002,sample_026_0002_000021,기밀정보
proposal-2026-01-08-11,026_0002,sample_026_0002_000021,기밀정보
나기쁨,026_0002,sample_026_0002_000029,개인정보
백온유,026_0002,sample_026_0002_000030,개인정보
천경운,026_0003,sample_026_0003_000011,개인정보
오하진,026_0003,sample_026_0003_000010,개인정보
안형석,026_0003,sample_026_0003_000028,개인정보
권해령,026_0003,sample_026_0003_000029,개인정보
kyc_support@test.invalid,026_0003,sample_026_0003_000011,개인정보
KYC-2026-0001,026_0003,sample_026_0003_000011,기밀정보
10.0.0.5,026_0003,sample_026_0003_000023,기밀정보
1985,026_0003,sample_026_0003_000011,준식별자
5,026_0003,sample_026_0003_000011,준식별자
12,026_0003,sample_026_0003_000011,준식별자
남성,026_0003,sample_026_0003_000011,준식별자
서울특별시,026_0003,sample_026_0003_000011,준식별자
강남구,026_0003,sample_026_0003_000011,준식별자
KYC-2025-0007,026_0004,sample_026_0004_000015,개인정보
유시완,026_0004,sample_026_0004_000016,개인정보
허채인,026_0004,sample_026_0004_000016,개인정보
전문경,026_0004,sample_026_0004_000025,개인정보
강서진,026_0004,sample_026_0004_000025,개인정보
1990,026_0004,sample_026_0004_000017,준식별자
05,026_0004,sample_026_0004_000017,준식별자
12,026_0004,sample_026_0004_000017,준식별자
남성,026_0004,sample_026_0004_000017,준식별자
서울특별시,026_0004,sample_026_0004_000018,준식별자
강남구,026_0004,sample_026_0004_000018,준식별자
역삼동,026_0004,sample_026_0004_000018,준식별자
node-09-prod,026_0004,sample_026_0004_000013,기밀정보
10.240.12.45,026_0004,sample_026_0004_000021,기밀정보
/opt/internal/secrets/keys.log,026_0004,sample_026_0004_000021,기밀정보
0xtestA1b2c3a4b5c6d7e8f9a0b1c2d3e4f5a6b7c8,026_0005,sample_026_0005_000004,준식별자
0xtestD4e5f6d7c8b9a0b1c2d3e4f5a6b7c8d9e0f1,026_0005,sample_026_0005_000004,준식별자
0xtestTxHash1a2b3c4d5e6f7a8b9c0,026_0005,sample_026_0005_000004,준식별자
0xtestTxHash2b3c4d5e6f7a8b9c1,026_0005,sample_026_0005_000005,준식별자
0xtestContract01a2b3c4d5e6f7,026_0005,sample_026_0005_000007,준식별자
ipfs://QmTestHashBridge12345,026_0005,sample_026_0005_000008,일반정보
PUBKEY-TEST-04a1b2c3d4e5f6,026_0005,sample_026_0005_000011,준식별자
NODE-TEST-09,026_0005,sample_026_0005_000010,기밀정보
VAL-TEST-0009,026_0005,sample_026_0005_000010,기밀정보
10.0.4.12,026_0005,sample_026_0005_000010,기밀정보
KYC-TEST-2026-0001,026_0005,sample_026_0005_000012,개인정보
윤희은,026_0005,sample_026_0005_000012,개인정보
1985-07-23,026_0005,sample_026_0005_000012,준식별자
서울특별시,026_0005,sample_026_0005_000012,준식별자
watchlist_test,026_0005,sample_026_0005_000012,기밀정보
강에릭,026_0005,sample_026_0005_000013,개인정보
EXCH-TR-20260108-9981,026_0005,sample_026_0005_000014,기밀정보
AR-TEST-004,026_0005,sample_026_0005_000016,기밀정보
/var/lib/node/data,026_0005,sample_026_0005_000023,기밀정보
권혜준,026_0005,sample_026_0005_000024,개인정보
0xtestA1b2c3a4b5c6d7e8f9a0b1c2d3e4f5a6b7c8,026_0005,sample_026_0005_000015,준식별자
KYC-TEST-2026-0001,026_0005,sample_026_0005_000025,개인정보
민한서,026_0006,sample_026_0006_000013,개인정보
한서빈,026_0006,sample_026_0006_000014,개인정보
황상후,026_0006,sample_026_0006_000024,개인정보
허지언,026_0006,sample_026_0006_000026,개인정보
1990,026_0006,sample_026_0006_000013,준식별자
05,026_0006,sample_026_0006_000013,준식별자
12,026_0006,sample_026_0006_000013,준식별자
남성,026_0006,sample_026_0006_000013,준식별자
서울특별시,026_0006,sample_026_0006_000013,준식별자
강남구,026_0006,sample_026_0006_000013,준식별자
KYC-ANON-0001,026_0006,sample_026_0006_000013,준식별자
node-priv-01,026_0006,sample_026_0006_000011,기밀정보
10.0.4.55,026_0006,sample_026_0006_000011,기밀정보
/var/internal/secrets/config.json,026_0006,sample_026_0006_000023,기밀정보
TAX-ANON-00042,026_0006,sample_026_0006_000025,기밀정보
채유선,026_0007,sample_026_0007_000003,개인정보
1985,026_0007,sample_026_0007_000004,준식별자
07,026_0007,sample_026_0007_000004,준식별자
12,026_0007,sample_026_0007_000004,준식별자
KYC-ANON-0007,026_0007,sample_026_0007_000005,기밀정보
TAX-ANON-9001,026_0007,sample_026_0007_000006,기밀정보
서울특별시,026_0007,sample_026_0007_000009,준식별자
강남구,026_0007,sample_026_0007_000009,준식별자
node-07-seoul,026_0007,sample_026_0007_000025,기밀정보
val-gy-003,026_0007,sample_026_0007_000025,기밀정보
아크메커스터디,026_0007,sample_026_0007_000028,기밀정보
강윤규,026_0007,sample_026_0007_000032,개인정보
양나단,026_0007,sample_026_0007_000033,개인정보
류다호,026_0008,sample_026_0008_000016,개인정보
KYC-TEST-0001,026_0008,sample_026_0008_000016,개인정보
000-111-222,026_0008,sample_026_0008_000017,기밀정보
192.0.2.45,026_0008,sample_026_0008_000018,기밀정보
나이설,026_0008,sample_026_0008_000019,개인정보
1988-05-12,026_0008,sample_026_0008_000019,준식별자
남성,026_0008,sample_026_0008_000019,준식별자
블록체인 엔지니어,026_0008,sample_026_0008_000019,준식별자
손혜령,026_0008,sample_026_0008_000020,개인정보
채주헌,026_0008,sample_026_0008_000025,개인정보
지시은,026_0009,sample_026_0009_000017,개인정보
KYC-TEST-0009,026_0009,sample_026_0009_000017,개인정보
1985,026_0009,sample_026_0009_000017,준식별자
07,026_0009,sample_026_0009_000017,준식별자
12,026_0009,sample_026_0009_000017,준식별자
서울특별시,026_0009,sample_026_0009_000017,준식별자
강남구,026_0009,sample_026_0009_000017,준식별자
0xPUBTESTabcdef1234567890,026_0009,sample_026_0009_000008,준식별자
node-test-01,026_0009,sample_026_0009_000004,기밀정보
validator-09,026_0009,sample_026_0009_000020,기밀정보
0xtestFromAbc1234567890,026_0009,sample_026_0009_000006,준식별자
0xtestToDef0987654321,026_0009,sample_026_0009_000006,준식별자
0xtestContract1234abcd5678,026_0009,sample_026_0009_000007,준식별자
송상현,026_0009,sample_026_0009_000027,개인정보
차승제,026_0010,sample_026_0010_000002,개인정보
손소혜,026_0010,sample_026_0010_000003,개인정보
sonsohye@example.com,026_0010,sample_026_0010_000003,개인정보
010-5555-1234,026_0010,sample_026_0010_000003,개인정보
900101-*******,026_0010,sample_026_0010_000003,개인정보
M1234567,026_0010,sample_026_0010_000003,개인정보
서울특별시 강남구 삼성동 123-45,026_0010,sample_026_0010_000003,개인정보
KYC-ANON-0001,026_0010,sample_026_0010_000004,개인정보
문루아,026_0010,sample_026_0010_000014,개인정보
node-01.internal,026_0010,sample_026_0010_000015,기밀정보
10.0.0.5,026_0010,sample_026_0010_000015,기밀정보
/etc/secure/keys,026_0010,sample_026_0010_000015,기밀정보
review_simulated,026_0010,sample_026_0010_000019,기밀정보
1990,026_0010,sample_026_0010_000020,준식별자
01,026_0010,sample_026_0010_000020,준식별자
01,026_0010,sample_026_0010_000020,준식별자
서울특별시,026_0010,sample_026_0010_000021,준식별자
강남구,026_0010,sample_026_0010_000021,준식별자
블록체인 엔지니어,026_0010,sample_026_0010_000022,준식별자
ACC-9876543210,026_0010,sample_026_0010_000023,기밀정보
/var/internal/audit/notes.txt,026_0010,sample_026_0010_000024,기밀정보
02-123-4567,026_0010,sample_026_0010_000025,개인정보
손소혜,026_0010,sample_026_0010_000026,개인정보
TAX-2025-0009,026_0010,sample_026_0010_000030,기밀정보
박도아,026_0011,sample_026_0011_000015,개인정보
KYC-2025-0007,026_0011,sample_026_0011_000015,개인정보
1985,026_0011,sample_026_0011_000015,준식별자
06,026_0011,sample_026_0011_000015,준식별자
12,026_0011,sample_026_0011_000015,준식별자
user@example.test,026_0011,sample_026_0011_000015,개인정보
010-0000-0001,026_0011,sample_026_0011_000015,개인정보
서울특별시 강남구 역삼동 123-45,026_0011,sample_026_0011_000015,개인정보
서울특별시,026_0011,sample_026_0011_000015,준식별자
강남구,026_0011,sample_026_0011_000015,준식별자
역삼동,026_0011,sample_026_0011_000015,준식별자
계좌번호 XXXX-XX-678901,026_0011,sample_026_0011_000015,기밀정보
한빛캐스티오(HanbitCustody),026_0011,sample_026_0011_000013,준식별자
watchlist_suspected,026_0011,sample_026_0011_000016,기밀정보
EX-TR-000333,026_0011,sample_026_0011_000017,기밀정보
TAX-ANON-9876,026_0011,sample_026_0011_000018,개인정보
node-chi-07,026_0011,sample_026_0011_000023,기밀정보
10.0.43.21,026_0011,sample_026_0011_000023,기밀정보
노민결,026_0011,sample_026_0011_000027,개인정보
문전진,026_0011,sample_026_0011_000029,개인정보
양연화,026_0012,sample_026_0012_000021,개인정보
KYC-IMN-2024-0007,026_0012,sample_026_0012_000022,개인정보
TAX-****-9999,026_0012,sample_026_0012_000024,개인정보
임희민,026_0012,sample_026_0012_000027,개인정보
김재형,026_0012,sample_026_0012_000027,개인정보
10.0.5.12,026_0012,sample_026_0012_000016,기밀정보
/var/keys/node-nyc-03.sock,026_0012,sample_026_0012_000016,기밀정보
validator-0x9f8e7d,026_0012,sample_026_0012_000015,기밀정보
node-nyc-03,026_0012,sample_026_0012_000015,기밀정보
sanction_flags: pending-review,026_0012,sample_026_0012_000023,기밀정보
채홍기,026_0013,sample_026_0013_000006,개인정보
KYC-20260013,026_0013,sample_026_0013_000006,개인정보
chh@example.test,026_0013,sample_026_0013_000006,개인정보
010-0000-0001,026_0013,sample_026_0013_000006,개인정보
1990-05-17,026_0013,sample_026_0013_000006,준식별자
서울특별시 강남구,026_0013,sample_026_0013_000006,준식별자
블록체인 엔지니어,026_0013,sample_026_0013_000006,준식별자
10.8.0.21,026_0013,sample_026_0013_000012,기밀정보
ACC-2026-0999,026_0013,sample_026_0013_000012,기밀정보
TAX-ANON-0004,026_0013,sample_026_0013_000013,기밀정보
KYC-ANON-00014,026_0014,sample_026_0014_000016,기밀정보
송민규,026_0014,sample_026_0014_000017,개인정보
1990,026_0014,sample_026_0014_000017,준식별자
05,026_0014,sample_026_0014_000017,준식별자
21,026_0014,sample_026_0014_000017,준식별자
서울특별시,026_0014,sample_026_0014_000017,준식별자
강남구,026_0014,sample_026_0014_000017,준식별자
역삼동,026_0014,sample_026_0014_000017,준식별자
smk.test@example.test,026_0014,sample_026_0014_000017,개인정보
서희온,026_0014,sample_026_0014_000018,개인정보
sehoon.test@example.test,026_0014,sample_026_0014_000018,개인정보
KYC-ANON-00015,026_0014,sample_026_0014_000018,기밀정보
TAX-ANON-2026-14,026_0014,sample_026_0014_000020,기밀정보
10.254.0.12,026_0014,sample_026_0014_000021,기밀정보
/var/validators/val-03/keystore.json,026_0014,sample_026_0014_000021,기밀정보
공서윤,026_0014,sample_026_0014_000022,개인정보
엄하원,026_0014,sample_026_0014_000027,개인정보
양재윤,026_0014,sample_026_0014_000027,개인정보
원장미,026_0014,sample_026_0014_000027,개인정보
임세은,026_0015,sample_026_0015_000006,개인정보
KYC_anon_0001,026_0015,sample_026_0015_000007,준식별자
pubkey_test_04a3b2c,026_0015,sample_026_0015_000009,준식별자
0xtest_from_0001,026_0015,sample_026_0015_000010,준식별자
0xtest_to_0002,026_0015,sample_026_0015_000010,준식별자
0xtest_contract_00A,026_0015,sample_026_0015_000010,준식별자
ACC-987654321,026_0015,sample_026_0015_000014,기밀정보
https://internal-node.local,026_0015,sample_026_0015_000018,기밀정보
성선후,026_0016,sample_026_0016_000022,개인정보
na_gyhyun@example.test,026_0016,sample_026_0016_000023,개인정보
010-1234-5678,026_0016,sample_026_0016_000023,개인정보
나기현,026_0016,sample_026_0016_000024,개인정보
남성,026_0016,sample_026_0016_000024,준식별자
1985,026_0016,sample_026_0016_000024,준식별자
07,026_0016,sample_026_0016_000024,준식별자
12,026_0016,sample_026_0016_000024,준식별자
서울특별시,026_0016,sample_026_0016_000024,준식별자
강남구,026_0016,sample_026_0016_000024,준식별자
엔지니어,026_0016,sample_026_0016_000025,준식별자
10.0.12.5,026_0016,sample_026_0016_000026,기밀정보
/srv/ledger/private/backup.db,026_0016,sample_026_0016_000026,기밀정보
000-123456-789,026_0016,sample_026_0016_000027,기밀정보
한태진,026_0017,sample_026_0017_000002,개인정보
010-****-5678,026_0017,sample_026_0017_000002,개인정보
han.taejin@oruminfra.test,026_0017,sample_026_0017_000003,개인정보
1986년,026_0017,sample_026_0017_000004,준식별자
07월,026_0017,sample_026_0017_000005,준식별자
15일,026_0017,sample_026_0017_000006,준식별자
서울특별시,026_0017,sample_026_0017_000007,준식별자
강남구,026_0017,sample_026_0017_000007,준식별자
역삼동,026_0017,sample_026_0017_000007,준식별자
오름테크,026_0017,sample_026_0017_000008,준식별자
KYC-2023-0007,026_0017,sample_026_0017_000009,개인정보
10.120.0.7,026_0017,sample_026_0017_000010,기밀정보
node-ops-07,026_0017,sample_026_0017_000011,기밀정보
오름자산운용,026_0017,sample_026_0017_000025,준식별자
방대환,026_0018,sample_026_0018_000002,개인정보
서울특별시 강남구,026_0018,sample_026_0018_000002,준식별자
1985-06-15,026_0018,sample_026_0018_000002,준식별자
0xtest_tx_000000000000000000000000000000000000000000000000000000000001,026_0018,sample_026_0018_000005,준식별자
0xtestA1b2c3d4e5f6a7b8c9d0e1f2a3b4c5d6e7f8a9b,026_0018,sample_026_0018_000005,준식별자
0xtestB1b2c3d4e5f6a7b8c9d0e1f2a3b4c5d6e7f8b2c,026_0018,sample_026_0018_000005,준식별자
0xtest_tx_000000000000000000000000000000000000000000000000000000000002,026_0018,sample_026_0018_000007,준식별자
0xtestA1b2c3d4e5f6a7b8c9d0e1f2a3b4c5d6e7f8a9b,026_0018,sample_026_0018_000007,준식별자
0xtest_tx_000000000000000000000000000000000000000000000000000000000003,026_0018,sample_026_0018_000009,준식별자
KYC-ANON-0001,026_0018,sample_026_0018_000014,개인정보
TAX-REDACTED-0001,026_0018,sample_026_0018_000015,개인정보
node-priv-07,026_0018,sample_026_0018_000017,기밀정보
10.100.5.23,026_0018,sample_026_0018_000017,기밀정보
val-203,026_0018,sample_026_0018_000018,기밀정보
EXCH-TRADE-20260107-0007,026_0018,sample_026_0018_000023,기밀정보
진세민,026_0019,sample_026_0019_000002,개인정보
진세민,026_0019,sample_026_0019_000026,개인정보
손문구,026_0019,sample_026_0019_000016,개인정보
2021-0042,026_0019,sample_026_0019_000016,개인정보
1990,026_0019,sample_026_0019_000017,준식별자
05,026_0019,sample_026_0019_000017,준식별자
14,026_0019,sample_026_0019_000017,준식별자
서울특별시,026_0019,sample_026_0019_000018,준식별자
강남구,026_0019,sample_026_0019_000018,준식별자
역삼동,026_0019,sample_026_0019_000018,준식별자
10.8.16.32,026_0019,sample_026_0019_000019,기밀정보
계좌번호 ****-****-1234,026_0019,sample_026_0019_000020,기밀정보
val-03,026_0019,sample_026_0019_000011,기밀정보
황아리아,026_0020,sample_026_0020_000015,개인정보
여성,026_0020,sample_026_0020_000015,준식별자
1985년,026_0020,sample_026_0020_000015,준식별자
03월,026_0020,sample_026_0020_000015,준식별자
12일,026_0020,sample_026_0020_000015,준식별자
서울특별시,026_0020,sample_026_0020_000015,준식별자
강남구,026_0020,sample_026_0020_000015,준식별자
역삼동,026_0020,sample_026_0020_000015,준식별자
소프트웨어 엔지니어,026_0020,sample_026_0020_000015,준식별자
서승민,026_0020,sample_026_0020_000016,개인정보
조원철,026_0020,sample_026_0020_000021,개인정보
10.0.0.5,026_0020,sample_026_0020_000018,기밀정보
ssh://node.internal.corp/var/keys,026_0020,sample_026_0020_000018,기밀정보
ACCT-XXXX-0001,026_0020,sample_026_0020_000024,기밀정보
윤우림,026_0021,sample_026_0021_000003,개인정보
1990,026_0021,sample_026_0021_000004,준식별자
06,026_0021,sample_026_0021_000005,준식별자
15,026_0021,sample_026_0021_000006,준식별자
여성,026_0021,sample_026_0021_000007,준식별자
서울특별시,026_0021,sample_026_0021_000008,준식별자
강남구,026_0021,sample_026_0021_000009,준식별자
소프트웨어 엔지니어,026_0021,sample_026_0021_000010,준식별자
010-0000-0001,026_0021,sample_026_0021_000011,개인정보
ywr.test@example.com,026_0021,sample_026_0021_000012,개인정보
P00001234,026_0021,sample_026_0021_000013,개인정보
admin@infra,026_0021,sample_026_0021_000028,기밀정보
10.10.10.5,026_0021,sample_026_0021_000028,기밀정보
CA-987654321,026_0021,sample_026_0021_000029,기밀정보
node-prod-03,026_0021,sample_026_0021_000030,기밀정보
val-09,026_0021,sample_026_0021_000030,기밀정보
구재인,026_0022,sample_026_0022_000007,개인정보
KYC-ANON-0001,026_0022,sample_026_0022_000007,준식별자
1985,026_0022,sample_026_0022_000008,준식별자
07,026_0022,sample_026_0022_000008,준식별자
12,026_0022,sample_026_0022_000008,준식별자
여성,026_0022,sample_026_0022_000008,준식별자
서울특별시,026_0022,sample_026_0022_000008,준식별자
강남구,026_0022,sample_026_0022_000008,준식별자
연구원,026_0022,sample_026_0022_000008,준식별자
node-01,026_0022,sample_026_0022_000009,기밀정보
엄세빈,026_0022,sample_026_0022_000013,개인정보
EX-TRADE-20250123-0007,026_0022,sample_026_0022_000015,기밀정보
한대권,026_0022,sample_026_0022_000016,개인정보
TAX-ANON-9876,026_0022,sample_026_0022_000017,준식별자
10.0.0.42,026_0022,sample_026_0022_000018,기밀정보
ACCT-00012345,026_0022,sample_026_0022_000018,기밀정보
/etc/secure/keys,026_0022,sample_026_0022_000018,기밀정보
김리안,026_0022,sample_026_0022_000019,개인정보
허시하,026_0022,sample_026_0022_000022,개인정보
엄영화,026_0022,sample_026_0022_000025,개인정보
2025-02-15,026_0022,sample_026_0022_000025,준식별자
성윤규,026_0023,sample_026_0023_000006,개인정보
KYC-2024-987654,026_0023,sample_026_0023_000007,개인정보
1985,026_0023,sample_026_0023_000008,준식별자
07,026_0023,sample_026_0023_000008,준식별자
12,026_0023,sample_026_0023_000008,준식별자
서울특별시,026_0023,sample_026_0023_000009,준식별자
강남구,026_0023,sample_026_0023_000009,준식별자
남성,026_0023,sample_026_0023_000010,준식별자
규제 준수 담당자,026_0023,sample_026_0023_000010,준식별자
10.4.22.11,026_0023,sample_026_0023_000013,기밀정보
ACCT-00012345,026_0023,sample_026_0023_000014,기밀정보
송미옥,026_0023,sample_026_0023_000020,개인정보
차지윤,026_0024,sample_026_0024_000003,개인정보
KYC-ANON-0001,026_0024,sample_026_0024_000003,준식별자
node-internal-06,026_0024,sample_026_0024_000015,기밀정보
val-0xtestval001,026_0024,sample_026_0024_000016,기밀정보
한보담,026_0024,sample_026_0024_000022,개인정보
TAX-ANON-2024,026_0024,sample_026_0024_000024,준식별자
전범규,026_0024,sample_026_0024_000028,개인정보
홍교현,026_0025,sample_026_0025_000014,개인정보
KYC-2025-0001,026_0025,sample_026_0025_000014,개인정보
010-1234-5678,026_0025,sample_026_0025_000015,개인정보
hong.test@example.com,026_0025,sample_026_0025_000015,개인정보
P-TEST-0001234,026_0025,sample_026_0025_000016,개인정보
1990년,026_0025,sample_026_0025_000017,준식별자
05월,026_0025,sample_026_0025_000017,준식별자
21일,026_0025,sample_026_0025_000017,준식별자
서울특별시,026_0025,sample_026_0025_000018,준식별자
강남구,026_0025,sample_026_0025_000018,준식별자
블록체인 엔지니어,026_0025,sample_026_0025_000019,준식별자
FinTech TestCo,026_0025,sample_026_0025_000019,준식별자
0xtest_pubkey_abcdef1234567890,026_0025,sample_026_0025_000011,기밀정보
node-test-1729,026_0025,sample_026_0025_000012,기밀정보
val-test-0042,026_0025,sample_026_0025_000012,기밀정보
TAX-TEST-9876,026_0025,sample_026_0025_000020,기밀정보
000-TEST-12345678,026_0025,sample_026_0025_000024,기밀정보
박수훈,026_0026,sample_026_0026_000003,개인정보
노드 운영자,026_0026,sample_026_0026_000003,준식별자
1990-05-14,026_0026,sample_026_0026_000007,준식별자
서울특별시,026_0026,sample_026_0026_000008,준식별자
KYC-ANON-00026,026_0026,sample_026_0026_000009,기밀정보
review_pending,026_0026,sample_026_0026_000009,기밀정보
10.0.4.21,026_0026,sample_026_0026_000018,기밀정보
node-priv-07,026_0026,sample_026_0026_000018,기밀정보
val-0093,026_0026,sample_026_0026_000018,기밀정보
s3://internal-audit/reports/026.pdf,026_0026,sample_026_0026_000014,기밀정보
EX-20260126-0099,026_0026,sample_026_0026_000020,기밀정보
문슬비,026_0026,sample_026_0026_000026,개인정보
류철우,026_0027,sample_026_0027_000006,개인정보
ryu.cheolwoo@anon-example.test,026_0027,sample_026_0027_000006,개인정보
전나혜,026_0027,sample_026_0027_000007,개인정보
010-0000-0002,026_0027,sample_026_0027_000007,개인정보
KYC-2027-0001,026_0027,sample_026_0027_000008,개인정보
홍나우,026_0027,sample_026_0027_000008,개인정보
서울특별시 강남구 역삼동 123-45,026_0027,sample_026_0027_000009,개인정보
TAX-ANON-0099,026_0027,sample_026_0027_000010,기밀정보
KYC-2025-0007,026_0028,sample_026_0028_000014,개인정보
김반석,026_0028,sample_026_0028_000015,개인정보
1990,026_0028,sample_026_0028_000015,준식별자
05,026_0028,sample_026_0028_000015,준식별자
12,026_0028,sample_026_0028_000015,준식별자
010-0000-0001,026_0028,sample_026_0028_000015,개인정보
kim.bansek@example.test,026_0028,sample_026_0028_000015,개인정보
서울특별시,026_0028,sample_026_0028_000015,준식별자
강남구,026_0028,sample_026_0028_000015,준식별자
대치동,026_0028,sample_026_0028_000015,준식별자
진명우,026_0028,sample_026_0028_000017,개인정보
NODE-ALPHA-003,026_0028,sample_026_0028_000018,기밀정보
10.19.5.21,026_0028,sample_026_0028_000018,기밀정보
진주원,026_0028,sample_026_0028_000024,개인정보
seed-20250115-test,026_0028,sample_026_0028_000027,기밀정보
구영제,026_0029,sample_026_0029_000017,개인정보
KYC-ANON-0001,026_0029,sample_026_0029_000018,기밀정보
TAX-XX-000,026_0029,sample_026_0029_000018,기밀정보
EXCH-TR-20241201-009,026_0029,sample_026_0029_000018,기밀정보
node-038,026_0029,sample_026_0029_000012,기밀정보
하새나,026_0029,sample_026_0029_000023,개인정보
정하희,026_0029,sample_026_0029_000024,개인정보
jeong.hahee@example.test,026_0029,sample_026_0029_000024,개인정보
010-1234-5678,026_0029,sample_026_0029_000024,개인정보
1985,026_0029,sample_026_0029_000025,준식별자
07,026_0029,sample_026_0029_000025,준식별자
14,026_0029,sample_026_0029_000025,준식별자
서울특별시,026_0029,sample_026_0029_000025,준식별자
강남구,026_0029,sample_026_0029_000025,준식별자
장주빈,026_0030,sample_026_0030_000017,개인정보
KYC-TEST-0001,026_0030,sample_026_0030_000017,개인정보
진리안,026_0030,sample_026_0030_000018,개인정보
KYC-TEST-0002,026_0030,sample_026_0030_000018,개인정보
0xtestFromA1b2C3,026_0030,sample_026_0030_000006,개인정보
0xtestToD4e5F6,026_0030,sample_026_0030_000006,개인정보
pubkey_test_04ABCD1234EF,026_0030,sample_026_0030_000011,개인정보
node-01,026_0030,sample_026_0030_000012,기밀정보
val-0xtestVal09,026_0030,sample_026_0030_000012,기밀정보
TAX-ANON-550,026_0030,sample_026_0030_000020,준식별자
0xtestContractC1D2,026_0030,sample_026_0030_000008,기밀정보
EX-TR-2025-000321,026_0030,sample_026_0030_000019,기밀정보
류인우,026_0031,sample_026_0031_000003,개인정보
KYC-2025-ANON-00001,026_0031,sample_026_0031_000003,개인정보
ryu.test+kyc@example.test,026_0031,sample_026_0031_000003,개인정보
010-5555-1234,026_0031,sample_026_0031_000003,개인정보
서울특별시 강남구 테스트로 1-1,026_0031,sample_026_0031_000003,개인정보
대한민국,026_0031,sample_026_0031_000003,준식별자
블록체인 개발자,026_0031,sample_026_0031_000003,준식별자
하재하,026_0031,sample_026_0031_000004,개인정보
2025-009,026_0031,sample_026_0031_000004,개인정보
192.168.10.45,026_0031,sample_026_0031_000005,기밀정보
/var/vault/secret-config,026_0031,sample_026_0031_000005,기밀정보
TAX-ANON-000,026_0031,sample_026_0031_000021,개인정보
강선민,026_0031,sample_026_0031_000027,개인정보
compliance+report@example.test,026_0031,sample_026_0031_000027,개인정보
02-2000-0000,026_0031,sample_026_0031_000027,개인정보
주원욱,026_0032,sample_026_0032_000014,개인정보
KYC-ANON-0001,026_0032,sample_026_0032_000015,기밀정보
최제윤,026_0032,sample_026_0032_000016,개인정보
1990-03-15,026_0032,sample_026_0032_000016,준식별자
서울특별시 강남구,026_0032,sample_026_0032_000016,준식별자
010-1234-5678,026_0032,sample_026_0032_000016,개인정보
choi.jy@example.test,026_0032,sample_026_0032_000016,개인정보
TAX-REDACT-0001,026_0032,sample_026_0032_000017,기밀정보
허형기,026_0032,sample_026_0032_000018,개인정보
10.0.4.22,026_0032,sample_026_0032_000019,기밀정보
/var/lib/node/keystore,026_0032,sample_026_0032_000019,기밀정보
110-123-456789,026_0032,sample_026_0032_000022,기밀정보
민예훈,026_0032,sample_026_0032_000024,개인정보
방동권,026_0032,sample_026_0032_000025,개인정보
박정원,026_0033,sample_026_0033_000011,개인정보
KYC-ANON-0001,026_0033,sample_026_0033_000011,준식별자
서울특별시 강남구,026_0033,sample_026_0033_000012,준식별자
1988,026_0033,sample_026_0033_000013,준식별자
11,026_0033,sample_026_0033_000013,준식별자
23,026_0033,sample_026_0033_000013,준식별자
010-1234-5678,026_0033,sample_026_0033_000014,개인정보
parkjw@example.com,026_0033,sample_026_0033_000014,개인정보
신아미,026_0033,sample_026_0033_000015,개인정보
KYC-ANON-0002,026_0033,sample_026_0033_000015,준식별자
블록체인 엔지니어,026_0033,sample_026_0033_000015,준식별자
node-nyc-val-07,026_0033,sample_026_0033_000020,기밀정보
10.10.128.45,026_0033,sample_026_0033_000020,기밀정보
주예율,026_0033,sample_026_0033_000020,개인정보
val-07,026_0033,sample_026_0033_000021,기밀정보
KYC-ANON-0001,026_0034,sample_026_0034_000002,개인정보
TAX-ANON-9999,026_0034,sample_026_0034_000003,개인정보
송성연,026_0034,sample_026_0034_000004,개인정보
node-internal-07,026_0034,sample_026_0034_000005,기밀정보
vpn.internal.corp,026_0034,sample_026_0034_000005,기밀정보
10.0.7.12,026_0034,sample_026_0034_000005,기밀정보
validator-SEOUL-03,026_0034,sample_026_0034_000006,기밀정보
송연주,026_0034,sample_026_0034_000007,개인정보
서다훈,026_0034,sample_026_0034_000009,개인정보
vpn.internal.corp,026_0034,sample_026_0034_000022,기밀정보
node-internal-07,026_0034,sample_026_0034_000022,기밀정보
민해성,026_0034,sample_026_0034_000025,개인정보
손승유,026_0034,sample_026_0034_000028,개인정보
조태희,026_0035,sample_026_0035_000003,개인정보
KYC-XXXX-1234,026_0035,sample_026_0035_000020,개인정보
구채원,026_0035,sample_026_0035_000021,개인정보
블록체인운영팀,026_0035,sample_026_0035_000022,준식별자
1990,026_0035,sample_026_0035_000022,준식별자
05,026_0035,sample_026_0035_000022,준식별자
21,026_0035,sample_026_0035_000022,준식별자
KYC-2026-0091,026_0036,sample_026_0036_000009,개인정보
류현주,026_0036,sample_026_0036_000009,개인정보
ryu.hy@wallet-test.example,026_0036,sample_026_0036_000009,개인정보
+82-10-1234-5678,026_0036,sample_026_0036_000009,개인정보
1987-05-14,026_0036,sample_026_0036_000009,준식별자
서울특별시,026_0036,sample_026_0036_000009,준식별자
Corp Custody,026_0036,sample_026_0036_000008,준식별자
TokenEx Custody,026_0036,sample_026_0036_000008,준식별자
조소진,026_0036,sample_026_0036_000011,개인정보
조소진,026_0036,sample_026_0036_000021,개인정보
admin@node.internal,026_0036,sample_026_0036_000016,기밀정보
10.254.0.12,026_0036,sample_026_0036_000016,기밀정보
/var/keys/keystore/secure.json,026_0036,sample_026_0036_000016,기밀정보
류라현,026_0036,sample_026_0036_000017,개인정보
T-XXXX-9999,026_0036,sample_026_0036_000023,기밀정보
고영철,026_0036,sample_026_0036_000025,개인정보
원지효,026_0036,sample_026_0036_000026,개인정보
한지선,026_0037,sample_026_0037_000002,개인정보
node-internal-42,026_0037,sample_026_0037_000003,기밀정보
validator-07,026_0037,sample_026_0037_000004,기밀정보
2025,026_0037,sample_026_0037_000006,준식별자
11,026_0037,sample_026_0037_000006,준식별자
15,026_0037,sample_026_0037_000006,준식별자
서민엽,026_0037,sample_026_0037_000012,개인정보
KYC-ANON-00017,026_0037,sample_026_0037_000013,개인정보
서울특별시,026_0037,sample_026_0037_000013,준식별자
강남구,026_0037,sample_026_0037_000013,준식별자
역삼동,026_0037,sample_026_0037_000013,준식별자
SANCT_TEST1,026_0037,sample_026_0037_000014,기밀정보
EXCH-TX-20251115-00042,026_0037,sample_026_0037_000015,기밀정보
2025,026_0037,sample_026_0037_000017,준식별자
11,026_0037,sample_026_0037_000017,준식별자
15,026_0037,sample_026_0037_000017,준식별자
유영서,026_0037,sample_026_0037_000024,개인정보
진주오,026_0037,sample_026_0037_000025,개인정보
한지선,026_0037,sample_026_0037_000027,개인정보
홍유안,026_0038,sample_026_0038_000007,개인정보
류정인,026_0038,sample_026_0038_000008,개인정보
KYC-XXXX-0001,026_0038,sample_026_0038_000008,개인정보
우진태,026_0038,sample_026_0038_000017,개인정보
서울특별시,026_0038,sample_026_0038_000019,준식별자
강남구,026_0038,sample_026_0038_000019,준식별자
대한민국,026_0038,sample_026_0038_000019,준식별자
https://vault.internal.corp/backup/keys,026_0038,sample_026_0038_000013,기밀정보
/etc/blockchain/secrets.conf,026_0038,sample_026_0038_000013,기밀정보
10.10.10.5,026_0038,sample_026_0038_000013,기밀정보
KYC-2025-0007,026_0039,sample_026_0039_000018,개인정보
고정수,026_0039,sample_026_0039_000018,개인정보
1990,026_0039,sample_026_0039_000019,준식별자
05,026_0039,sample_026_0039_000019,준식별자
14,026_0039,sample_026_0039_000019,준식별자
010-5555-1234,026_0039,sample_026_0039_000019,개인정보
gjs.test@example.com,026_0039,sample_026_0039_000019,개인정보
서울특별시,026_0039,sample_026_0039_000019,준식별자
강남구,026_0039,sample_026_0039_000019,준식별자
역삼동,026_0039,sample_026_0039_000019,준식별자
10.32.45.7,026_0039,sample_026_0039_000023,기밀정보
/var/lib/node/keystore,026_0039,sample_026_0039_000023,기밀정보
지보라,026_0039,sample_026_0039_000024,개인정보
주영주,026_0039,sample_026_0039_000025,개인정보
윤재민,026_0039,sample_026_0039_000028,개인정보
010-7777-8888,026_0039,sample_026_0039_000028,개인정보
compliance@test.example.com,026_0039,sample_026_0039_000028,개인정보
권문재,026_0040,sample_026_0040_000013,개인정보
010-1234-5678,026_0040,sample_026_0040_000013,개인정보
kmj@anon.example,026_0040,sample_026_0040_000013,개인정보
KYC-ANON-0001,026_0040,sample_026_0040_000012,개인정보
오민겸,026_0040,sample_026_0040_000014,개인정보
서울특별시,026_0040,sample_026_0040_000019,준식별자
강남구,026_0040,sample_026_0040_000019,준식별자
1985,026_0040,sample_026_0040_000020,준식별자
06,026_0040,sample_026_0040_000020,준식별자
15,026_0040,sample_026_0040_000020,준식별자
남성,026_0040,sample_026_0040_000020,준식별자
블록체인랩,026_0040,sample_026_0040_000020,준식별자
000-000-000,026_0040,sample_026_0040_000016,기밀정보
10.0.0.5,026_0040,sample_026_0040_000017,기밀정보
node-priv-01.internal.svc,026_0040,sample_026_0040_000018,기밀정보
임현규,026_0041,sample_026_0041_000020,개인정보
KYC-2025-0041-0001,026_0041,sample_026_0041_000021,개인정보
서울특별시 강남구,026_0041,sample_026_0041_000022,준식별자
1990-05-14,026_0041,sample_026_0041_000023,준식별자
권수하,026_0041,sample_026_0041_000024,개인정보
유지은,026_0041,sample_026_0041_000025,개인정보
flagged_sim_test,026_0041,sample_026_0041_000026,기밀정보
0xPUBTEST00000000000000000000000000000001,026_0041,sample_026_0041_000027,준식별자
TAX-99123456,026_0041,sample_026_0041_000029,개인정보
10.0.0.17,026_0041,sample_026_0041_000031,기밀정보
KYC-ANON-2025-0001,026_0042,sample_026_0042_000011,개인정보
Male,026_0042,sample_026_0042_000012,준식별자
1990-04-12,026_0042,sample_026_0042_000012,준식별자
서울특별시,026_0042,sample_026_0042_000012,준식별자
강남구,026_0042,sample_026_0042_000012,준식별자
역삼동,026_0042,sample_026_0042_000012,준식별자
진윤모,026_0042,sample_026_0042_000013,개인정보
TAX-XXXX-2025-0099,026_0042,sample_026_0042_000015,개인정보
node-priv-07,026_0042,sample_026_0042_000019,기밀정보
validator-sec-12,026_0042,sample_026_0042_000019,기밀정보
10.140.22.11,026_0042,sample_026_0042_000020,기밀정보
/srv/internal/keys/config.yaml,026_0042,sample_026_0042_000020,기밀정보
권나린,026_0042,sample_026_0042_000024,개인정보
KYC-ANON-0098,026_0043,sample_026_0043_000013,개인정보
TAX-ANON-2026,026_0043,sample_026_0043_000015,개인정보
TAX-ANON-2026-REV,026_0043,sample_026_0043_000026,개인정보
심성진,026_0043,sample_026_0043_000020,개인정보
프로젝트 승인자 심성진,026_0043,sample_026_0043_000020,기밀정보
노정준,026_0043,sample_026_0043_000023,개인정보
서일규,026_0043,sample_026_0043_000027,개인정보
Female,026_0043,sample_026_0043_000022,준식별자
1985-07-12,026_0043,sample_026_0043_000022,준식별자
서울특별시,026_0043,sample_026_0043_000022,준식별자
강남구,026_0043,sample_026_0043_000022,준식별자
vpn.internal.corp,026_0043,sample_026_0043_000019,기밀정보
10.0.45.12,026_0043,sample_026_0043_000019,기밀정보
유백산,026_0044,sample_026_0044_000003,개인정보
KYC-2025-0001,026_0044,sample_026_0044_000005,준식별자
남현선,026_0044,sample_026_0044_000006,개인정보
백규민,026_0044,sample_026_0044_000009,개인정보
ACCT-00012345,026_0044,sample_026_0044_000016,기밀정보
TAX-ANON-7890,026_0044,sample_026_0044_000024,기밀정보
전본우,026_0044,sample_026_0044_000029,개인정보
류태림,026_0045,sample_026_0045_000006,개인정보
ryu.taerim@example.invalid,026_0045,sample_026_0045_000007,개인정보
010-0000-0001,026_0045,sample_026_0045_000007,개인정보
1990-05-12,026_0045,sample_026_0045_000008,준식별자
서울특별시 마포구,026_0045,sample_026_0045_000008,준식별자
https://internal.node.local,026_0045,sample_026_0045_000012,기밀정보
10.1.4.12,026_0045,sample_026_0045_000012,기밀정보
EX-ACC-987654321,026_0045,sample_026_0045_000015,기밀정보
원기홍,026_0046,sample_026_0046_000002,개인정보
임준연,026_0046,sample_026_0046_000004,개인정보
이소울,026_0046,sample_026_0046_000006,개인정보
민길우,026_0046,sample_026_0046_000008,개인정보
류세은,026_0046,sample_026_0046_000010,개인정보
0xtesta1b2c3d4e5f678901234567890abcdefabcd,026_0046,sample_026_0046_000005,준식별자
0xtestb1c2d3e4f5a678901234567890abcdefabcd,026_0046,sample_026_0046_000005,준식별자
0xtestc1d2e3f4a5b678901234567890abcdefabcd,026_0046,sample_026_0046_000007,준식별자
pk_test_04a3b6c9d8ef,026_0046,sample_026_0046_000009,준식별자
10.0.5.12,026_0046,sample_026_0046_000012,기밀정보
서울특별시 강남구,026_0046,sample_026_0046_000014,준식별자
KYC-ANON-0001,026_0046,sample_026_0046_000015,준식별자
TAX-REDACT-000,026_0046,sample_026_0046_000016,개인정보
/var/keystore/secret.json,026_0046,sample_026_0046_000018,기밀정보
이동관,026_0047,sample_026_0047_000003,개인정보
지다겸,026_0047,sample_026_0047_000005,개인정보
서윤겸,026_0047,sample_026_0047_000009,개인정보
KYC-2026-0047-0001,026_0047,sample_026_0047_000006,개인정보
yoon_test@example.test,026_0047,sample_026_0047_000009,개인정보
1985-07-12,026_0047,sample_026_0047_000006,준식별자
서울특별시,026_0047,sample_026_0047_000004,준식별자
강남구,026_0047,sample_026_0047_000004,준식별자
프로젝트 매니저,026_0047,sample_026_0047_000003,준식별자
구선유,026_0048,sample_026_0048_000002,개인정보
구선유,026_0048,sample_026_0048_000027,개인정보
오호영,026_0048,sample_026_0048_000027,개인정보
gseon.yu@example.com,026_0048,sample_026_0048_000022,개인정보
010-0000-0001,026_0048,sample_026_0048_000022,개인정보
1985-06-15,026_0048,sample_026_0048_000003,준식별자
서울특별시 강남구,026_0048,sample_026_0048_000003,준식별자
블록체인 엔지니어,026_0048,sample_026_0048_000003,준식별자
KYC-ANON-0048,026_0048,sample_026_0048_000020,기밀정보
TAX-XXXX-0048,026_0048,sample_026_0048_000021,기밀정보
10.0.12.34,026_0048,sample_026_0048_000024,기밀정보
/srv/internal/keys/ledger.db,026_0048,sample_026_0048_000024,기밀정보
2025,026_0049,sample_026_0049_000004,준식별자
01,026_0049,sample_026_0049_000004,준식별자
05,026_0049,sample_026_0049_000004,준식별자
2025,026_0049,sample_026_0049_000017,준식별자
01,026_0049,sample_026_0049_000017,준식별자
05,026_0049,sample_026_0049_000017,준식별자
1990,026_0049,sample_026_0049_000029,준식별자
04,026_0049,sample_026_0049_000029,준식별자
12,026_0049,sample_026_0049_000029,준식별자
서울특별시,026_0049,sample_026_0049_000029,준식별자
강남구,026_0049,sample_026_0049_000029,준식별자
10.10.0.5,026_0049,sample_026_0049_000015,기밀정보
internal/keystore/slot-09,026_0049,sample_026_0049_000030,기밀정보
백예련,026_0049,sample_026_0049_000021,개인정보
KYC-XXXX-0049,026_0049,sample_026_0049_000021,개인정보
원한율,026_0049,sample_026_0049_000024,개인정보
노하린,026_0050,sample_026_0050_000013,개인정보
KYC-2024-0007,026_0050,sample_026_0050_000014,기밀정보
900101-1234567,026_0050,sample_026_0050_000016,개인정보
n.harin@testnet.local,026_0050,sample_026_0050_000017,개인정보
010-9999-0001,026_0050,sample_026_0050_000017,개인정보
1989-07-23,026_0050,sample_026_0050_000018,준식별자
여,026_0050,sample_026_0050_000018,준식별자
블록체인 엔지니어,026_0050,sample_026_0050_000018,준식별자
서울특별시 강남구,026_0050,sample_026_0050_000019,준식별자
역삼동 123-45,026_0050,sample_026_0050_000019,개인정보
사업자등록번호: 123-45-67890,026_0050,sample_026_0050_000020,기밀정보
https://internal.node.local/admin,026_0050,sample_026_0050_000025,기밀정보
10.0.5.12,026_0050,sample_026_0050_000025,기밀정보
차연아,026_0051,sample_026_0051_000012,개인정보
KYC-026-0001-차연아,026_0051,sample_026_0051_000013,개인정보
1990,026_0051,sample_026_0051_000014,준식별자
04,026_0051,sample_026_0051_000014,준식별자
15,026_0051,sample_026_0051_000014,준식별자
서울특별시,026_0051,sample_026_0051_000015,준식별자
내부검토대상,026_0051,sample_026_0051_000016,기밀정보
오지온,026_0051,sample_026_0051_000022,개인정보
TAX-19900415-001,026_0051,sample_026_0051_000024,개인정보
윤시형,026_0051,sample_026_0051_000026,개인정보
성수훈,026_0052,sample_026_0052_000004,개인정보
KYC-ANON-0001,026_0052,sample_026_0052_000005,개인정보
KYC-ANON-0023,026_0052,sample_026_0052_000006,개인정보
방민균,026_0052,sample_026_0052_000006,개인정보
0xtest_from_1a2b3c4d,026_0052,sample_026_0052_000009,준식별자
0xtest_to_7e8f9a0b,026_0052,sample_026_0052_000009,준식별자
0xtest_contract_c3d4e5,026_0052,sample_026_0052_000011,준식별자
0xtest_pub_abcdef1234567890,026_0052,sample_026_0052_000017,준식별자
VIP-Account-42,026_0052,sample_026_0052_000018,기밀정보
SafeCustody Ltd.,026_0052,sample_026_0052_000018,기밀정보
node-priv-07,026_0052,sample_026_0052_000019,기밀정보
validator-internal-03,026_0052,sample_026_0052_000019,기밀정보
중대한 권한 오남용,026_0052,sample_026_0052_000025,기밀정보
방영신,026_0052,sample_026_0052_000026,개인정보
screened_positive_synthetic,026_0052,sample_026_0052_000027,기밀정보
EXCH-TRD-2026-00045,026_0052,sample_026_0052_000028,기밀정보
송세훈,026_0053,sample_026_0053_000012,개인정보
KYC-2025-0001,026_0053,sample_026_0053_000012,개인정보
song.test@example.com,026_0053,sample_026_0053_000012,개인정보
010-0000-0042,026_0053,sample_026_0053_000012,개인정보
서울특별시 강남구 테헤란로 123-45 (역삼동) 10층 1001호,026_0053,sample_026_0053_000013,개인정보
1990-01-15,026_0053,sample_026_0053_000013,준식별자
남성,026_0053,sample_026_0053_000013,준식별자
블록체인 엔지니어,026_0053,sample_026_0053_000013,준식별자
10.8.15.21,026_0053,sample_026_0053_000019,기밀정보
node-07,026_0053,sample_026_0053_000019,기밀정보
https://internal.corp.local/secure/report/2025,026_0053,sample_026_0053_000021,기밀정보
123-456-789012,026_0053,sample_026_0053_000021,기밀정보
TAX-9876-000,026_0053,sample_026_0053_000022,기밀정보
홍원호,026_0053,sample_026_0053_000023,개인정보
hong.wh@example.com,026_0053,sample_026_0053_000023,개인정보
손아란,026_0053,sample_026_0053_000024,개인정보
부산광역시,026_0053,sample_026_0053_000024,준식별자
해운대구,026_0053,sample_026_0053_000024,준식별자
권남규,026_0053,sample_026_0053_000027,개인정보
차랑,026_0054,sample_026_0054_000002,개인정보
1988-05-14,026_0054,sample_026_0054_000002,준식별자
chalang@example.com,026_0054,sample_026_0054_000002,개인정보
010-1234-5678,026_0054,sample_026_0054_000002,개인정보
KYC-00054,026_0054,sample_026_0054_000002,기밀정보
서울특별시 강남구,026_0054,sample_026_0054_000005,준식별자
IBK-1234567890,026_0054,sample_026_0054_000008,기밀정보
10.4.0.12,026_0054,sample_026_0054_000010,기밀정보
/opt/internal/secrets/config.yaml,026_0054,sample_026_0054_000010,기밀정보
P1234567,026_0054,sample_026_0054_000012,개인정보
공상규,026_0054,sample_026_0054_000015,개인정보
황이헌,026_0054,sample_026_0054_000019,개인정보
EXCH-20250123-0001,026_0054,sample_026_0054_000020,기밀정보
박수향,026_0055,sample_026_0055_000010,개인정보
KYC-2025-0001,026_0055,sample_026_0055_000010,개인정보
suhyang.test@example.test,026_0055,sample_026_0055_000010,개인정보
여성,026_0055,sample_026_0055_000010,준식별자
1985,026_0055,sample_026_0055_000010,준식별자
07,026_0055,sample_026_0055_000010,준식별자
12,026_0055,sample_026_0055_000010,준식별자
서울특별시,026_0055,sample_026_0055_000010,준식별자
강남구,026_0055,sample_026_0055_000010,준식별자
전장수,026_0055,sample_026_0055_000013,개인정보
flagged_synthetic_2025,026_0055,sample_026_0055_000013,기밀정보
node-ops-14,026_0055,sample_026_0055_000014,기밀정보
10.255.0.12,026_0055,sample_026_0055_000015,기밀정보
admin_ops,026_0055,sample_026_0055_000015,기밀정보
황선예,026_0055,sample_026_0055_000021,개인정보
KYC-2025-0042,026_0055,sample_026_0055_000021,개인정보
hseonye.test@example.test,026_0055,sample_026_0055_000021,개인정보
TAX-XXXX-9999,026_0055,sample_026_0055_000021,개인정보
1990,026_0055,sample_026_0055_000021,준식별자
03,026_0055,sample_026_0055_000021,준식별자
05,026_0055,sample_026_0055_000021,준식별자
부산광역시,026_0055,sample_026_0055_000021,준식별자
해운대구,026_0055,sample_026_0055_000021,준식별자
안희지,026_0055,sample_026_0055_000024,개인정보
구혜승,026_0055,sample_026_0055_000026,개인정보
배승윤,026_0055,sample_026_0055_000026,개인정보
https://internal-api.local,026_0055,sample_026_0055_000027,기밀정보
2025-01-07 12:34:56Z,026_0056,sample_026_0056_000001,준식별자
황무경,026_0056,sample_026_0056_000003,개인정보
박연아,026_0056,sample_026_0056_000003,개인정보
0xtesttxaa11bb22cc33dd44ee55ff66aa77bb88cc99ddeeff001122334455667788,026_0056,sample_026_0056_000004,준식별자
0xtestbhaa1122bb3344cc5566dd7788ee9900aabbccddeeff1122334455667788,026_0056,sample_026_0056_000005,준식별자
2025-01-07T12:34:56Z,026_0056,sample_026_0056_000005,준식별자
0xtestFromA1b2c3d4e5f6a7b8c9d0e1f2a3b4c5d6e7f8a9,026_0056,sample_026_0056_000006,준식별자
0xtestToFfEeddccbbaa99887766554433221100aa11bb,026_0056,sample_026_0056_000006,준식별자
0xtestSCaa11bb22cc33dd44ee55ff66aa77bb88cc,026_0056,sample_026_0056_000007,준식별자
0xa9059cbb0000000000000000000000000xtestToFfEedd...,026_0056,sample_026_0056_000007,준식별자
0xtestFromA1b2c3d4e5...,026_0056,sample_026_0056_000008,준식별자
PUBTEST_A1B2C3D4E5F6A7B8C9,026_0056,sample_026_0056_000009,기밀정보
KYC-TEST-0007,026_0056,sample_026_0056_000015,개인정보
2025-01-07T12:34:50Z,026_0056,sample_026_0056_000011,준식별자
SUSPECTED,026_0056,sample_026_0056_000016,기밀정보
EXCH-20250107-7788,026_0056,sample_026_0056_000017,기밀정보
0xtestFromA1b2c3d4e5f6a7b8c9d0e1f2a3b4c5d6e7f8a9,026_0056,sample_026_0056_000020,준식별자
0xtestFromA1b2c3d4e5f6a7b8c9d0e1f2a3b4c5d6e7f8a9,026_0056,sample_026_0056_000021,준식별자
AT-20250107-001,026_0056,sample_026_0056_000026,기밀정보
황무경,026_0056,sample_026_0056_000026,개인정보
SEED-TEST-20250107,026_0056,sample_026_0056_000028,기밀정보
송시후,026_0057,sample_026_0057_000013,개인정보
1985년,026_0057,sample_026_0057_000013,준식별자
07월,026_0057,sample_026_0057_000013,준식별자
13일,026_0057,sample_026_0057_000013,준식별자
서울특별시,026_0057,sample_026_0057_000013,준식별자
강남구,026_0057,sample_026_0057_000013,준식별자
남성,026_0057,sample_026_0057_000013,준식별자
블록체인랩,026_0057,sample_026_0057_000013,준식별자
KYC-2025-057,026_0057,sample_026_0057_000013,준식별자
song.sihu@example.test,026_0057,sample_026_0057_000013,개인정보
김다빈,026_0057,sample_026_0057_000023,개인정보
kim.dabin@example.test,026_0057,sample_026_0057_000023,개인정보
한형욱,026_0057,sample_026_0057_000018,개인정보
임샤론,026_0057,sample_026_0057_000027,개인정보
1992년,026_0057,sample_026_0057_000027,준식별자
03월,026_0057,sample_026_0057_000027,준식별자
09일,026_0057,sample_026_0057_000027,준식별자
부산광역시,026_0057,sample_026_0057_000027,준식별자
해운대구,026_0057,sample_026_0057_000027,준식별자
여성,026_0057,sample_026_0057_000027,준식별자
im.sharon@example.test,026_0057,sample_026_0057_000028,개인정보
우건웅,026_0057,sample_026_0057_000029,개인정보
010-9999-0000,026_0057,sample_026_0057_000022,개인정보
10.200.30.45,026_0057,sample_026_0057_000020,기밀정보
op_team,026_0057,sample_026_0057_000020,기밀정보
/srv/prod/keystore/config.yml,026_0057,sample_026_0057_000020,기밀정보
000-123456-78,026_0057,sample_026_0057_000021,기밀정보
domestic_watchlist,026_0057,sample_026_0057_000026,기밀정보
구채미,026_0058,sample_026_0058_000005,개인정보
서울특별시,026_0058,sample_026_0058_000006,준식별자
강남구,026_0058,sample_026_0058_000006,준식별자
0xtest_from_1a2b3c4d5e6f7a8b9c0d0000000000000000,026_0058,sample_026_0058_000008,준식별자
KYC-ANON-0001,026_0058,sample_026_0058_000020,준식별자
TAX-ANON-000,026_0058,sample_026_0058_000021,기밀정보
10.0.0.42,026_0058,sample_026_0058_000022,기밀정보
validator-07,026_0058,sample_026_0058_000019,기밀정보
node-13,026_0058,sample_026_0058_000019,기밀정보
노강우,026_0059,sample_026_0059_000002,개인정보
+82-10-1234-5678,026_0059,sample_026_0059_000002,개인정보
nogangwoo@testmail.example.com,026_0059,sample_026_0059_000002,개인정보
KYC-2025-00059,026_0059,sample_026_0059_000003,개인정보
채수인,026_0059,sample_026_0059_000004,개인정보
1985-07-19,026_0059,sample_026_0059_000004,준식별자
여성,026_0059,sample_026_0059_000004,준식별자
서울특별시 강남구,026_0059,sample_026_0059_000004,준식별자
스마트컨트랙트 엔지니어,026_0059,sample_026_0059_000004,준식별자
P-34567890,026_0059,sample_026_0059_000005,개인정보
node-priv-04,026_0059,sample_026_0059_000006,기밀정보
10.10.10.5,026_0059,sample_026_0059_000007,기밀정보
ACCT-99-559,026_0059,sample_026_0059_000007,기밀정보
val-archive-07,026_0059,sample_026_0059_000008,기밀정보
TAX-2025-059,026_0059,sample_026_0059_000008,기밀정보
차여경,026_0059,sample_026_0059_000012,개인정보
김신우,026_0059,sample_026_0059_000016,개인정보
TEST-SANCT-01,026_0059,sample_026_0059_000017,기밀정보
양화영,026_0060,sample_026_0060_000006,개인정보
서울특별시 강남구,026_0060,sample_026_0060_000006,준식별자
/srv/internal/reports/audit-2025,026_0060,sample_026_0060_000022,기밀정보
공다원,026_0061,sample_026_0061_000005,개인정보
지단,026_0061,sample_026_0061_000006,개인정보
0xtestFrom00000000000000000000000000000001,026_0061,sample_026_0061_000008,준식별자
0xtestTo00000000000000000000000000000002,026_0061,sample_026_0061_000009,준식별자
0xtestPubKey000000000000000000000000000003,026_0061,sample_026_0061_000010,준식별자
node-ops-17.internal,026_0061,sample_026_0061_000012,기밀정보
val-9001,026_0061,sample_026_0061_000013,기밀정보
/srv/vault/keystore/anon,026_0061,sample_026_0061_000014,기밀정보
KYC-ANON-0001,026_0062,sample_026_0062_000014,개인정보
TAX-2026-0001,026_0062,sample_026_0062_000015,기밀정보
천기광,026_0062,sample_026_0062_000016,개인정보
010-0000-0001,026_0062,sample_026_0062_000017,개인정보
chg_test@example.com,026_0062,sample_026_0062_000017,개인정보
서울특별시 강남구 테헤란로 100-1,026_0062,sample_026_0062_000018,개인정보
주민등록번호: 900101-3*****,026_0062,sample_026_0062_000019,개인정보
1989-07-15,026_0062,sample_026_0062_000020,준식별자
성별: 남성,026_0062,sample_026_0062_000020,준식별자
직업: 스마트컨트랙트 개발자,026_0062,sample_026_0062_000020,준식별자
부산광역시 해운대구,026_0062,sample_026_0062_000020,준식별자
10.10.0.5,026_0062,sample_026_0062_000021,기밀정보
/opt/internal/keys/keystore.json,026_0062,sample_026_0062_000021,기밀정보
계좌번호(가명): 110-123-*****,026_0062,sample_026_0062_000022,기밀정보
박은태,026_0062,sample_026_0062_000024,개인정보
천기광,026_0062,sample_026_0062_000026,개인정보
박은태,026_0062,sample_026_0062_000026,개인정보
나지유,026_0063,sample_026_0063_000018,개인정보
고정주,026_0063,sample_026_0063_000028,개인정보
임채원,026_0063,sample_026_0063_000028,개인정보
KYC-ANON-0001,026_0063,sample_026_0063_000018,개인정보
TAX-ANON-9988,026_0063,sample_026_0063_000018,개인정보
서울특별시,026_0063,sample_026_0063_000018,준식별자
강남구,026_0063,sample_026_0063_000018,준식별자
역삼동,026_0063,sample_026_0063_000018,준식별자
대한민국,026_0063,sample_026_0063_000018,준식별자
1990,026_0063,sample_026_0063_000018,준식별자
05,026_0063,sample_026_0063_000018,준식별자
12,026_0063,sample_026_0063_000018,준식별자
2025,026_0063,sample_026_0063_000004,준식별자
01,026_0063,sample_026_0063_000004,준식별자
15,026_0063,sample_026_0063_000004,준식별자
2025,026_0063,sample_026_0063_000015,준식별자
01,026_0063,sample_026_0063_000015,준식별자
15,026_0063,sample_026_0063_000015,준식별자
주봉기,026_0064,sample_026_0064_000016,개인정보
KYC-ANON-0064,026_0064,sample_026_0064_000016,개인정보
1986-05-23,026_0064,sample_026_0064_000017,준식별자
남성,026_0064,sample_026_0064_000018,준식별자
서울특별시,026_0064,sample_026_0064_000018,준식별자
ju.bongki@redacted.example,026_0064,sample_026_0064_000019,개인정보
TAX-XXXX-1024,026_0064,sample_026_0064_000020,개인정보
최준수,026_0064,sample_026_0064_000021,개인정보
KYC-ANON-0102,026_0064,sample_026_0064_000021,개인정보
1990-11-08,026_0064,sample_026_0064_000021,준식별자
여성,026_0064,sample_026_0064_000021,준식별자
부산광역시,026_0064,sample_026_0064_000021,준식별자
개발자,026_0064,sample_026_0064_000021,준식별자
주봉기,026_0064,sample_026_0064_000022,개인정보
최준수,026_0064,sample_026_0064_000022,개인정보
10.0.4.22,026_0064,sample_026_0064_000023,기밀정보
/srv/node/keystore/secure.json,026_0064,sample_026_0064_000023,기밀정보
000-123456-78,026_0064,sample_026_0064_000024,기밀정보
구대용,026_0065,sample_026_0065_000018,개인정보
KYC-ANON-0001,026_0065,sample_026_0065_000018,개인정보
PTEST-00012345,026_0065,sample_026_0065_000018,개인정보
gdym_test@example.com,026_0065,sample_026_0065_000018,개인정보
010-1234-5678,026_0065,sample_026_0065_000018,개인정보
서울특별시 중구 을지로5가,026_0065,sample_026_0065_000018,준식별자
서하주,026_0065,sample_026_0065_000019,개인정보
KYC-ANON-0002,026_0065,sample_026_0065_000019,개인정보
TAX-ANON-2025-01-000,026_0065,sample_026_0065_000019,기밀정보
suspected_test_list,026_0065,sample_026_0065_000020,기밀정보
한세연,026_0065,sample_026_0065_000030,개인정보
조정주,026_0065,sample_026_0065_000031,개인정보
KYC-2025-00012,026_0066,sample_026_0066_000020,기밀정보
성섬결,026_0066,sample_026_0066_000021,개인정보
seongseom@example.test,026_0066,sample_026_0066_000022,개인정보
010-0000-0001,026_0066,sample_026_0066_000022,개인정보
1988-05-12,026_0066,sample_026_0066_000023,준식별자
서울특별시 강남구,026_0066,sample_026_0066_000023,준식별자
블록체인랩,026_0066,sample_026_0066_000023,준식별자
10.254.0.12,026_0066,sample_026_0066_000025,기밀정보
/opt/deploy/scripts/deploy_v1.sh,026_0066,sample_026_0066_000025,기밀정보
000-000-000000,026_0066,sample_026_0066_000025,기밀정보
고서혁,026_0066,sample_026_0066_000026,개인정보
송규아,026_0066,sample_026_0066_000027,개인정보
KYC-ANON-0067,026_0067,sample_026_0067_000015,준식별자
0xtestFromA1b2c3d4e5f6,026_0067,sample_026_0067_000006,준식별자
0xtestToAa11bb22cc33,026_0067,sample_026_0067_000006,준식별자
0xtest_pub_04a3b5c6d7e8f9a,026_0067,sample_026_0067_000020,준식별자
민인희,026_0067,sample_026_0067_000016,개인정보
손예련,026_0067,sample_026_0067_000017,개인정보
천윤민,026_0067,sample_026_0067_000028,개인정보
domestic_review_needed,026_0067,sample_026_0067_000015,기밀정보
TestCustodyLtd,026_0067,sample_026_0067_000020,기밀정보
node-tentest-17,026_0067,sample_026_0067_000018,기밀정보
val-0xtest-val-9,026_0067,sample_026_0067_000018,기밀정보
EX-TEST-20250617-7890,026_0067,sample_026_0067_000019,기밀정보
구한음,026_0068,sample_026_0068_000020,개인정보
임호승,026_0068,sample_026_0068_000028,개인정보
류태리,026_0068,sample_026_0068_000028,개인정보
0xtestAa1b2c3d4e5f6,026_0068,sample_026_0068_000003,준식별자
0xtestAa1b2c3d4e5f6,026_0068,sample_026_0068_000029,준식별자
0xtestBb6f5e4d3c2b1a,026_0068,sample_026_0068_000003,준식별자
KYC-ANON-2026-0001,026_0068,sample_026_0068_000020,준식별자
0x04TestWalletPubKeyABCDEF1234567890,026_0068,sample_026_0068_000011,기밀정보
hot_wallet_1,026_0068,sample_026_0068_000012,기밀정보
node-az-03,026_0068,sample_026_0068_000013,기밀정보
val-0xTestVal1,026_0068,sample_026_0068_000013,기밀정보
prop-2026-07-01-001,026_0068,sample_026_0068_000014,기밀정보
prop-2026-07-01-001,026_0068,sample_026_0068_000027,기밀정보
EX-TEST-00012345,026_0068,sample_026_0068_000022,기밀정보
m/44'/1/0/0,026_0068,sample_026_0068_000024,기밀정보
tb1qtestaddress00000000000000000000000,026_0068,sample_026_0068_000029,준식별자
조보석,026_0069,sample_026_0069_000015,개인정보
jobo-seok@example.test,026_0069,sample_026_0069_000015,개인정보
허민서,026_0069,sample_026_0069_000016,개인정보
KYC-ANON-0001,026_0069,sample_026_0069_000016,개인정보
node-priv-07,026_0069,sample_026_0069_000018,기밀정보
10.0.12.34,026_0069,sample_026_0069_000018,기밀정보
ACC-9876543210,026_0069,sample_026_0069_000023,기밀정보
ANON-TAX-2025-045,026_0069,sample_026_0069_000024,기밀정보
EXCH-TST-00098765,026_0069,sample_026_0069_000012,기밀정보
서울특별시,026_0069,sample_026_0069_000027,준식별자
강남구,026_0069,sample_026_0069_000027,준식별자
역삼동,026_0069,sample_026_0069_000027,준식별자
1990,026_0069,sample_026_0069_000027,준식별자
05,026_0069,sample_026_0069_000027,준식별자
15,026_0069,sample_026_0069_000027,준식별자
공준성,026_0070,sample_026_0070_000021,개인정보
EMP-1024,026_0070,sample_026_0070_000021,개인정보
KYC-2025-0007,026_0070,sample_026_0070_000021,준식별자
gongjunseong@example.test,026_0070,sample_026_0070_000022,개인정보
조근우,026_0070,sample_026_0070_000019,개인정보
10.0.0.12,026_0070,sample_026_0070_000015,기밀정보
simulated_sanction_A,026_0070,sample_026_0070_000023,기밀정보
채태관,026_0071,sample_026_0071_000026,개인정보
사번: 20231234,026_0071,sample_026_0071_000026,개인정보
민시영,026_0071,sample_026_0071_000027,개인정보
1986년 4월 12일,026_0071,sample_026_0071_000027,준식별자
서울시 강남구,026_0071,sample_026_0071_000027,준식별자
KYC-ANON-0001,026_0071,sample_026_0071_000022,기밀정보
node-int-07,026_0071,sample_026_0071_000018,기밀정보
10.10.240.5,026_0071,sample_026_0071_000028,기밀정보
/opt/internal/audit/audit_internal.md,026_0071,sample_026_0071_000028,기밀정보
차레이나,026_0071,sample_026_0071_000030,개인정보
원윤호,026_0072,sample_026_0072_000003,개인정보
wnh.test@example.com,026_0072,sample_026_0072_000004,개인정보
010-1234-5678,026_0072,sample_026_0072_000005,개인정보
1985,026_0072,sample_026_0072_000006,준식별자
07,026_0072,sample_026_0072_000006,준식별자
23,026_0072,sample_026_0072_000006,준식별자
서울특별시,026_0072,sample_026_0072_000007,준식별자
강남구,026_0072,sample_026_0072_000007,준식별자
블록체인랩스,026_0072,sample_026_0072_000008,준식별자
validator-03-prod,026_0072,sample_026_0072_000018,기밀정보
10.0.12.34,026_0072,sample_026_0072_000018,기밀정보
/srv/prod/internal/keys/secret.store,026_0072,sample_026_0072_000019,기밀정보
KYC-ANON-00072,026_0072,sample_026_0072_000020,준식별자
우창환,026_0072,sample_026_0072_000020,개인정보
sanction_flags: false,026_0072,sample_026_0072_000021,기밀정보
****-****-1234,026_0072,sample_026_0072_000026,기밀정보
안경환,026_0072,sample_026_0072_000027,개인정보
심우경,026_0072,sample_026_0072_000028,개인정보
val-72,026_0072,sample_026_0072_000028,기밀정보
TAX-ANON-0072,026_0072,sample_026_0072_000029,준식별자
김규선,026_0073,sample_026_0073_000004,개인정보
유이삭,026_0073,sample_026_0073_000006,개인정보
KYC-2025-0001,026_0073,sample_026_0073_000007,개인정보
TAX-880101-0001,026_0073,sample_026_0073_000007,개인정보
yuisak@example.com,026_0073,sample_026_0073_000008,개인정보
010-****-1234,026_0073,sample_026_0073_000008,개인정보
서울특별시,026_0073,sample_026_0073_000015,준식별자
10.0.7.15,026_0073,sample_026_0073_000020,기밀정보
/etc/prod/keys.conf,026_0073,sample_026_0073_000020,기밀정보
장윤태,026_0073,sample_026_0073_000024,개인정보
안희원,026_0074,sample_026_0074_000013,개인정보
서울특별시,026_0074,sample_026_0074_000013,준식별자
강남구,026_0074,sample_026_0074_000013,준식별자
1985,026_0074,sample_026_0074_000013,준식별자
6,026_0074,sample_026_0074_000013,준식별자
21,026_0074,sample_026_0074_000013,준식별자
채세원,026_0074,sample_026_0074_000017,개인정보
10.240.12.55,026_0074,sample_026_0074_000019,기밀정보
/internal/procedures/keys.md,026_0074,sample_026_0074_000019,기밀정보
김민수,026_0074,sample_026_0074_000026,개인정보
성윤택,026_0074,sample_026_0074_000028,개인정보
심혜지,026_0075,sample_026_0075_000002,개인정보
서울특별시 강남구 테헤란로 123,026_0075,sample_026_0075_000003,개인정보
서울특별시,026_0075,sample_026_0075_000003,준식별자
강남구,026_0075,sample_026_0075_000003,준식별자
1990년,026_0075,sample_026_0075_000004,준식별자
5월,026_0075,sample_026_0075_000004,준식별자
14일,026_0075,sample_026_0075_000004,준식별자
최동은,026_0075,sample_026_0075_000005,개인정보
장민섭,026_0075,sample_026_0075_000006,개인정보
2023-042,026_0075,sample_026_0075_000006,개인정보
블록체인 엔지니어,026_0075,sample_026_0075_000006,준식별자
10.3.45.22,026_0075,sample_026_0075_000011,기밀정보
s3://internal/audit/026-0075.log,026_0075,sample_026_0075_000012,기밀정보
val-0723,026_0075,sample_026_0075_000013,기밀정보
나정철,026_0075,sample_026_0075_000024,개인정보
곽신후,026_0075,sample_026_0075_000026,개인정보
배세벽,026_0075,sample_026_0075_000028,개인정보
천용운,026_0076,sample_026_0076_000003,개인정보
사번: 2026-0172,026_0076,sample_026_0076_000003,개인정보
"서울특별시 강남구 테헤란로 123, 10층 1002호",026_0076,sample_026_0076_000004,개인정보
서울특별시,026_0076,sample_026_0076_000004,준식별자
강남구,026_0076,sample_026_0076_000004,준식별자
민올리비아,026_0076,sample_026_0076_000005,개인정보
1986,026_0076,sample_026_0076_000005,준식별자
04,026_0076,sample_026_0076_000005,준식별자
12,026_0076,sample_026_0076_000005,준식별자
스타트체인랩스,026_0076,sample_026_0076_000006,준식별자
KYC_ID: ANON-2026-0007,026_0076,sample_026_0076_000007,개인정보
10.254.33.21,026_0076,sample_026_0076_000012,기밀정보
/opt/node/data/keystore/validator-config.json,026_0076,sample_026_0076_000012,기밀정보
계좌번호: XXXX-XXXX-1234,026_0076,sample_026_0076_000013,기밀정보
채미숙,026_0076,sample_026_0076_000020,개인정보
나마루,026_0077,sample_026_0077_000006,개인정보
주민영,026_0077,sample_026_0077_000007,개인정보
1988,026_0077,sample_026_0077_000008,준식별자
07,026_0077,sample_026_0077_000008,준식별자
14,026_0077,sample_026_0077_000008,준식별자
남성,026_0077,sample_026_0077_000009,준식별자
서울특별시,026_0077,sample_026_0077_000010,준식별자
강남구,026_0077,sample_026_0077_000010,준식별자
역삼동,026_0077,sample_026_0077_000010,준식별자
KYC-2026-0077,026_0077,sample_026_0077_000011,기밀정보
TAX-990101-1234,026_0077,sample_026_0077_000012,개인정보
10.123.45.67,026_0077,sample_026_0077_000013,기밀정보
0xtestAbC1234567890abcdef1234567890ab,026_0077,sample_026_0077_000014,준식별자
pubkey-test-04ab12cdef,026_0077,sample_026_0077_000005,준식별자
최강한,026_0077,sample_026_0077_000021,개인정보
admin_ops,026_0077,sample_026_0077_000022,기밀정보
KYC-ANON-0001,026_0078,sample_026_0078_000015,개인정보
한선미,026_0078,sample_026_0078_000015,개인정보
1985-07-23,026_0078,sample_026_0078_000015,준식별자
여성,026_0078,sample_026_0078_000015,준식별자
+82-10-0000-0001,026_0078,sample_026_0078_000016,개인정보
han.seonmi@example.testnet,026_0078,sample_026_0078_000016,개인정보
서울특별시 강남구 역삼동,026_0078,sample_026_0078_000016,준식별자
TAX-ANON-992,026_0078,sample_026_0078_000017,개인정보
TEST_FLAGGED,026_0078,sample_026_0078_000018,기밀정보
10.254.12.5,026_0078,sample_026_0078_000019,기밀정보
https://internal-node.localnet,026_0078,sample_026_0078_000019,기밀정보
/var/secure/validator_keystore/keystore.json,026_0078,sample_026_0078_000020,기밀정보
CustodyTestLtd,026_0078,sample_026_0078_000014,준식별자
조태후,026_0078,sample_026_0078_000026,개인정보
배수연,026_0079,sample_026_0079_000002,개인정보
security+026@example.test,026_0079,sample_026_0079_000003,개인정보
KYC-ANON-026-0079,026_0079,sample_026_0079_000004,개인정보
TAX-REDACT-0001,026_0079,sample_026_0079_000005,개인정보
정해민,026_0079,sample_026_0079_000024,개인정보
홍은솔,026_0079,sample_026_0079_000028,개인정보
안혜영,026_0080,sample_026_0080_000027,개인정보
ahyoun g.test@example.com,026_0080,sample_026_0080_000028,개인정보
ahyoun g.test@example.com,026_0080,sample_026_0080_000028,개인정보
ahyoun g.test@example.com,026_0080,sample_026_0080_000028,개인정보
ahyoun g.test@example.com,026_0080,sample_026_0080_000028,개인정보
010-1234-5678,026_0080,sample_026_0080_000028,개인정보
1990-05-15,026_0080,sample_026_0080_000027,준식별자
여성,026_0080,sample_026_0080_000027,준식별자
서울특별시 강남구,026_0080,sample_026_0080_000027,준식별자
10.200.30.45,026_0080,sample_026_0080_000025,기밀정보
node_admin,026_0080,sample_026_0080_000025,기밀정보
vpn.internal.corp,026_0080,sample_026_0080_000026,기밀정보
KYC-ANON-0001,026_0080,sample_026_0080_000022,기밀정보
TAX-ANON-009,026_0080,sample_026_0080_000029,기밀정보
XXXXXX6789,026_0080,sample_026_0080_000030,기밀정보
나현,026_0081,sample_026_0081_000016,개인정보
KYC-2025-0007,026_0081,sample_026_0081_000016,개인정보
nahyun@example.test,026_0081,sample_026_0081_000017,개인정보
010-0000-1234,026_0081,sample_026_0081_000018,개인정보
1990-05-14,026_0081,sample_026_0081_000019,준식별자
서울특별시 강남구,026_0081,sample_026_0081_000020,준식별자
10.0.12.5,026_0081,sample_026_0081_000024,기밀정보
000-111-222,026_0081,sample_026_0081_000025,기밀정보
엄조셉,026_0082,sample_026_0082_000005,개인정보
KYC-0001-TEST,026_0082,sample_026_0082_000005,개인정보
joseph.test@onchain-example.invalid,026_0082,sample_026_0082_000006,개인정보
010-0000-0001,026_0082,sample_026_0082_000007,개인정보
1986-07-12,026_0082,sample_026_0082_000008,준식별자
남성,026_0082,sample_026_0082_000008,준식별자
서울특별시 강남구,026_0082,sample_026_0082_000008,준식별자
블록체인 엔지니어,026_0082,sample_026_0082_000009,준식별자
tb1qtestpubkey0000000000000000000000000000,026_0082,sample_026_0082_000017,개인정보
node-34-prod,026_0082,sample_026_0082_000019,기밀정보
validator-09,026_0082,sample_026_0082_000019,기밀정보
test_sanction_flag,026_0082,sample_026_0082_000025,기밀정보
신제환,026_0082,sample_026_0082_000024,개인정보
MASK-PASSPORT-000,026_0082,sample_026_0082_000027,개인정보
0xtest_from_000000000000000001,026_0083,sample_026_0083_000006,준식별자
0xtest_to_0000000000000000a1,026_0083,sample_026_0083_000006,준식별자
0xtest_from_000000000000000001,026_0083,sample_026_0083_000012,준식별자
0xtest_to_0000000000000000a1,026_0083,sample_026_0083_000012,준식별자
0xtest_contract_000000000000000c,026_0083,sample_026_0083_000009,준식별자
PUBTEST04BFC9A7D8E0F,026_0083,sample_026_0083_000013,준식별자
임예현,026_0083,sample_026_0083_000014,개인정보
KYC-2025-0001,026_0083,sample_026_0083_000014,개인정보
임예현,026_0083,sample_026_0083_000015,개인정보
1988,026_0083,sample_026_0083_000015,준식별자
05,026_0083,sample_026_0083_000015,준식별자
21,026_0083,sample_026_0083_000015,준식별자
서울특별시,026_0083,sample_026_0083_000016,준식별자
강남구,026_0083,sample_026_0083_000016,준식별자
역삼동,026_0083,sample_026_0083_000016,준식별자
TAX-XXXX-6789,026_0083,sample_026_0083_000017,개인정보
NODE-VAL-33,026_0083,sample_026_0083_000019,기밀정보
VAL-00033,026_0083,sample_026_0083_000019,기밀정보
GOV-2025-089,026_0083,sample_026_0083_000020,기밀정보
EX-TRD-20250123-0009,026_0083,sample_026_0083_000022,기밀정보
공태성,026_0083,sample_026_0083_000028,개인정보
서하빈,026_0084,sample_026_0084_000019,개인정보
KYC-ANON-000123,026_0084,sample_026_0084_000019,개인정보
1990,026_0084,sample_026_0084_000019,준식별자
05,026_0084,sample_026_0084_000019,준식별자
12,026_0084,sample_026_0084_000019,준식별자
남성,026_0084,sample_026_0084_000019,준식별자
서울특별시,026_0084,sample_026_0084_000019,준식별자
강남구,026_0084,sample_026_0084_000019,준식별자
블록체인 엔지니어,026_0084,sample_026_0084_000019,준식별자
admin_node01,026_0084,sample_026_0084_000021,기밀정보
/srv/prod/db,026_0084,sample_026_0084_000021,기밀정보
10.8.0.21,026_0084,sample_026_0084_000021,기밀정보
node-04-validatorA,026_0084,sample_026_0084_000012,기밀정보
val-218,026_0084,sample_026_0084_000012,기밀정보
최관호,026_0084,sample_026_0084_000022,개인정보
오강희,026_0084,sample_026_0084_000025,개인정보
문유호,026_0084,sample_026_0084_000025,개인정보
문수안,026_0085,sample_026_0085_000002,개인정보
류현상,026_0085,sample_026_0085_000003,개인정보
성희온,026_0085,sample_026_0085_000004,개인정보
노용식,026_0085,sample_026_0085_000005,개인정보
안수비,026_0085,sample_026_0085_000006,개인정보
서울특별시,026_0085,sample_026_0085_000007,준식별자
강남구,026_0085,sample_026_0085_000008,준식별자
역삼동,026_0085,sample_026_0085_000009,준식별자
1988,026_0085,sample_026_0085_000010,준식별자
05,026_0085,sample_026_0085_000011,준식별자
21,026_0085,sample_026_0085_000012,준식별자
sanc_test_A,026_0085,sample_026_0085_000013,기밀정보
node-priv-003,026_0085,sample_026_0085_000014,기밀정보
TAX-REDACT-0001,026_0085,sample_026_0085_000015,기밀정보
KYC-ANON-00086,026_0086,sample_026_0086_000023,개인정보
성수미,026_0086,sample_026_0086_000025,개인정보
1987년 05월 23일,026_0086,sample_026_0086_000026,준식별자
node-009-priv,026_0086,sample_026_0086_000015,기밀정보
ACC-REDACTED-1234,026_0086,sample_026_0086_000027,기밀정보
AcmeCustody(테스트),026_0086,sample_026_0086_000014,기밀정보
한기율,026_0087,sample_026_0087_000012,개인정보
hangiyul@test.example,026_0087,sample_026_0087_000012,개인정보
KYC-00087,026_0087,sample_026_0087_000012,개인정보
서울특별시,026_0087,sample_026_0087_000012,준식별자
강남구,026_0087,sample_026_0087_000012,준식별자
역삼동,026_0087,sample_026_0087_000012,준식별자
성별: 남,026_0087,sample_026_0087_000012,준식별자
1990년,026_0087,sample_026_0087_000012,준식별자
05월,026_0087,sample_026_0087_000012,준식별자
14일,026_0087,sample_026_0087_000012,준식별자
admin@infra.internal,026_0087,sample_026_0087_000022,기밀정보
/srv/node/keystore/db,026_0087,sample_026_0087_000022,기밀정보
10.10.200.5,026_0087,sample_026_0087_000018,기밀정보
문태규,026_0087,sample_026_0087_000030,개인정보
0xtest11223344556677889900aabbccddeeff001122,026_0088,sample_026_0088_000004,준식별자
0xtest223344556677889900aabbccddeeff00113344,026_0088,sample_026_0088_000004,준식별자
0xtestdeadbeef0000000000000000000000deadbeef,026_0088,sample_026_0088_000005,준식별자
0xtest11223344556677889900aabbccddeeff001122,026_0088,sample_026_0088_000008,준식별자
0xtest223344556677889900aabbccddeeff00113344,026_0088,sample_026_0088_000008,준식별자
0xtestPUBKEY00112233445566778899AABBCCDDEEFF,026_0088,sample_026_0088_000009,준식별자
KYC-ANON-0001,026_0088,sample_026_0088_000010,개인정보
김대헌,026_0088,sample_026_0088_000010,개인정보
1988-06-15,026_0088,sample_026_0088_000010,준식별자
서울특별시,026_0088,sample_026_0088_000010,준식별자
강남구,026_0088,sample_026_0088_000010,준식별자
user.kim.daehun@example.test,026_0088,sample_026_0088_000010,개인정보
TAX-ANON-5500,026_0088,sample_026_0088_000012,개인정보
0xtest11223344556677889900aabbccddeeff001122,026_0088,sample_026_0088_000014,준식별자
0xtest11223344556677889900aabbccddeeff001122,026_0088,sample_026_0088_000015,준식별자
10.4.23.17,026_0088,sample_026_0088_000018,기밀정보
나선영,026_0088,sample_026_0088_000024,개인정보
tb1qtestaddress0qqqqqqqqqqqqqqqqqqqqqqqqqqqqq,026_0088,sample_026_0088_000027,준식별자
한희온,026_0088,sample_026_0088_000028,개인정보
천지용,026_0089,sample_026_0089_000003,개인정보
홍민솔,026_0089,sample_026_0089_000003,개인정보
tj.yong@example.com,026_0089,sample_026_0089_000004,개인정보
KYC-2025-0007,026_0089,sample_026_0089_000029,개인정보
10.0.254.12,026_0089,sample_026_0089_000023,기밀정보
/etc/keeper/keys.conf,026_0089,sample_026_0089_000031,기밀정보
TAX-ANON-0007,026_0089,sample_026_0089_000032,기밀정보
sanction_screen_positive_dummy,026_0089,sample_026_0089_000030,기밀정보
손태경,026_0090,sample_026_0090_000002,개인정보
강건도,026_0090,sample_026_0090_000003,개인정보
진호정,026_0090,sample_026_0090_000003,개인정보
compliance-test@example.test,026_0090,sample_026_0090_000004,개인정보
KYC-ANON-0001,026_0090,sample_026_0090_000019,개인정보
1985-07-12,026_0090,sample_026_0090_000020,준식별자
서울특별시,026_0090,sample_026_0090_000020,준식별자
블록체인 엔지니어,026_0090,sample_026_0090_000021,준식별자
s3://internal/audit/2025/report.pdf,026_0090,sample_026_0090_000024,기밀정보
10.200.10.5,026_0090,sample_026_0090_000024,기밀정보
acct-000123456789,026_0091,sample_026_0091_000007,기밀정보
KYC-026-0001,026_0091,sample_026_0091_000016,개인정보
배호준,026_0091,sample_026_0091_000017,개인정보
1985-05-23,026_0091,sample_026_0091_000017,준식별자
010-1234-5678,026_0091,sample_026_0091_000017,개인정보
bahojun@example.test,026_0091,sample_026_0091_000017,개인정보
서울특별시 강남구,026_0091,sample_026_0091_000017,준식별자
한국,026_0091,sample_026_0091_000017,준식별자
KYC-026-0002,026_0091,sample_026_0091_000018,개인정보
구예진,026_0091,sample_026_0091_000018,개인정보
TAX-XXXX-6789,026_0091,sample_026_0091_000018,개인정보
node-nyc-01,026_0091,sample_026_0091_000019,기밀정보
10.4.12.8,026_0091,sample_026_0091_000019,기밀정보
validator-KR-07,026_0091,sample_026_0091_000019,기밀정보
손건휘,026_0092,sample_026_0092_000010,개인정보
서울특별시 서초구 반포대로 12길 8 201호,026_0092,sample_026_0092_000010,개인정보
1990-05-21,026_0092,sample_026_0092_000010,준식별자
남성,026_0092,sample_026_0092_000010,준식별자
node-10-prod,026_0092,sample_026_0092_000011,기밀정보
192.168.100.23,026_0092,sample_026_0092_000011,기밀정보
/var/lib/node/data,026_0092,sample_026_0092_000011,기밀정보
validator-03,026_0092,sample_026_0092_000012,기밀정보
ACC-INT-00456,026_0092,sample_026_0092_000022,기밀정보
주태균,026_0092,sample_026_0092_000021,개인정보
엄미경,026_0092,sample_026_0092_000026,개인정보
KYC-ANON-0007,026_0092,sample_026_0092_000009,준식별자
류윤하,026_0093,sample_026_0093_000016,개인정보
KYC-ANON-0093,026_0093,sample_026_0093_000016,개인정보
1990,026_0093,sample_026_0093_000016,준식별자
05,026_0093,sample_026_0093_000016,준식별자
12,026_0093,sample_026_0093_000016,준식별자
서울특별시,026_0093,sample_026_0093_000017,준식별자
강남구,026_0093,sample_026_0093_000017,준식별자
ryu.yoonha@example.test,026_0093,sample_026_0093_000018,개인정보
+82-10-0000-0000,026_0093,sample_026_0093_000018,개인정보
NODE-TEST-nyc-01,026_0093,sample_026_0093_000013,기밀정보
val-test-0A3,026_0093,sample_026_0093_000013,기밀정보
10.1.32.45,026_0093,sample_026_0093_000013,기밀정보
CustodyCorp-Test,026_0093,sample_026_0093_000012,기밀정보
exchange_hot_wallet,026_0093,sample_026_0093_000012,기밀정보
ADMIN-OPS,026_0093,sample_026_0093_000012,기밀정보
KYC-ANON-0001,026_0094,sample_026_0094_000011,개인정보
채기윤,026_0094,sample_026_0094_000012,개인정보
채기윤@example.com,026_0094,sample_026_0094_000012,개인정보
1986,026_0094,sample_026_0094_000013,준식별자
07,026_0094,sample_026_0094_000013,준식별자
15,026_0094,sample_026_0094_000013,준식별자
서울특별시,026_0094,sample_026_0094_000014,준식별자
강남구,026_0094,sample_026_0094_000014,준식별자
역삼동,026_0094,sample_026_0094_000014,준식별자
블록체인랩 주식회사,026_0094,sample_026_0094_000015,준식별자
TAX-ANON-2025-0001,026_0094,sample_026_0094_000015,개인정보
10.0.0.42,026_0094,sample_026_0094_000025,기밀정보
vault:/internal/keys/policy-2025,026_0094,sample_026_0094_000026,기밀정보
권형재,026_0095,sample_026_0095_000002,개인정보
010-5555-0101,026_0095,sample_026_0095_000002,개인정보
kwon.hj@testmail.test,026_0095,sample_026_0095_000002,개인정보
1988,026_0095,sample_026_0095_000003,준식별자
03,026_0095,sample_026_0095_000003,준식별자
15,026_0095,sample_026_0095_000003,준식별자
서울특별시,026_0095,sample_026_0095_000003,준식별자
강남구,026_0095,sample_026_0095_000003,준식별자
프로토콜 엔지니어,026_0095,sample_026_0095_000002,준식별자
10.254.10.12,026_0095,sample_026_0095_000021,기밀정보
ACCT-2026-0001,026_0095,sample_026_0095_000022,기밀정보
/var/internal/ops.conf,026_0095,sample_026_0095_000023,기밀정보
KYC-XXXX-0007,026_0095,sample_026_0095_000024,기밀정보
안하담,026_0096,sample_026_0096_000010,개인정보
KYC-ANON-00047,026_0096,sample_026_0096_000010,개인정보
남성,026_0096,sample_026_0096_000010,준식별자
1990,026_0096,sample_026_0096_000010,준식별자
01,026_0096,sample_026_0096_000010,준식별자
23,026_0096,sample_026_0096_000010,준식별자
서울특별시,026_0096,sample_026_0096_000010,준식별자
강남구,026_0096,sample_026_0096_000010,준식별자
역삼동,026_0096,sample_026_0096_000010,준식별자
블록체인 엔지니어,026_0096,sample_026_0096_000010,준식별자
MZ00001234,026_0096,sample_026_0096_000011,개인정보
900101-1******,026_0096,sample_026_0096_000011,개인정보
/opt/audit/internal/audit_2025_confidential.pdf,026_0096,sample_026_0096_000013,기밀정보
백명후,026_0096,sample_026_0096_000014,개인정보
EMP-0099,026_0096,sample_026_0096_000014,개인정보
http://internal.node.local:8545,026_0096,sample_026_0096_000023,기밀정보
10.0.4.22,026_0096,sample_026_0096_000023,기밀정보
ACCT-55001-SECRET,026_0096,sample_026_0096_000024,기밀정보
이현희,026_0096,sample_026_0096_000028,개인정보
안수환,026_0097,sample_026_0097_000003,개인정보
KYC-2026-0097,026_0097,sample_026_0097_000015,개인정보
서의진,026_0097,sample_026_0097_000015,개인정보
TAX-0097-001,026_0097,sample_026_0097_000015,개인정보
1987-05-23,026_0097,sample_026_0097_000016,준식별자
서울특별시 강남구,026_0097,sample_026_0097_000016,준식별자
블록체인 엔지니어,026_0097,sample_026_0097_000016,준식별자
강근후,026_0097,sample_026_0097_000017,개인정보
010-5555-0197,026_0097,sample_026_0097_000017,개인정보
kang.test@example.com,026_0097,sample_026_0097_000017,개인정보
node-0097,026_0097,sample_026_0097_000022,기밀정보
validator-23,026_0097,sample_026_0097_000022,기밀정보
10.10.97.13,026_0097,sample_026_0097_000022,기밀정보
s3://internal/keys/dev,026_0097,sample_026_0097_000022,기밀정보
custodian_acct_0097,026_0097,sample_026_0097_000022,기밀정보
강근후,026_0097,sample_026_0097_000029,개인정보
kang.test@example.com,026_0097,sample_026_0097_000029,개인정보
황별하,026_0098,sample_026_0098_000003,개인정보
KYC-ANON-0001,026_0098,sample_026_0098_000005,개인정보
TAX-ANON-009,026_0098,sample_026_0098_000005,개인정보
서울특별시,026_0098,sample_026_0098_000005,준식별자
류태이,026_0098,sample_026_0098_000007,개인정보
FLAGGED_TEST,026_0098,sample_026_0098_000013,기밀정보
권지웅,026_0099,sample_026_0099_000005,개인정보
권지웅,026_0099,sample_026_0099_000008,개인정보
사용자_권지웅_테스트,026_0099,sample_026_0099_000008,개인정보
1985-06-15,026_0099,sample_026_0099_000005,준식별자
남성,026_0099,sample_026_0099_000005,준식별자
서울특별시 강남구,026_0099,sample_026_0099_000005,준식별자
엔지니어,026_0099,sample_026_0099_000005,준식별자
TAX-RED-2025-99,026_0099,sample_026_0099_000006,기밀정보
node-az-09,026_0099,sample_026_0099_000015,기밀정보
ACCT-00012345,026_0099,sample_026_0099_000026,기밀정보
김아란,026_0100,sample_026_0100_000011,개인정보
전재화,026_0100,sample_026_0100_000012,개인정보
손혜린,026_0100,sample_026_0100_000030,개인정보
010-1234-5678,026_0100,sample_026_0100_000012,개인정보
jeonjh.test@example.test,026_0100,sample_026_0100_000012,개인정보
EMP-2021-3344,026_0100,sample_026_0100_000012,개인정보
KYC-2025-0001,026_0100,sample_026_0100_000012,개인정보
1988,026_0100,sample_026_0100_000012,준식별자
05,026_0100,sample_026_0100_000012,준식별자
12,026_0100,sample_026_0100_000012,준식별자
서울특별시,026_0100,sample_026_0100_000012,준식별자
강남구,026_0100,sample_026_0100_000012,준식별자
역삼동,026_0100,sample_026_0100_000012,준식별자
10.0.0.45,026_0100,sample_026_0100_000020,기밀정보
/srv/node/keys/keystore,026_0100,sample_026_0100_000020,기밀정보
123-456-789012,026_0100,sample_026_0100_000021,기밀정보
