{
    "document_id": "025_0098",
    "document_title": "2026-01-07 강남구 역삼동 의료응급 출동보고서 (INC-20260107-0001)",
    "data": [
        {
            "sentence": "문서 식별: 본 문서는 응급출동 현장보고용으로 생성되었으며 문서 ID는 025_0098입니다.",
            "id": "sample_025_0098_000001",
            "annotations": []
        },
        {
            "sentence": "사건 고유식별자(incident_id): INC-20260107-0001, 생성일시(ISO8601): 2026-01-07T05:14:32Z, 타임존 메타데이터: Asia/Seoul.",
            "id": "sample_025_0098_000002",
            "annotations": []
        },
        {
            "sentence": "incident_type: 의료응급(의식소실), priority_level: P1(즉시출동), 초기 분류 코드는 NEMSIS 표준 코드에 매핑되어 기록됨.",
            "id": "sample_025_0098_000003",
            "annotations": []
        },
        {
            "sentence": "위치 좌표: latitude=37.499287, longitude=127.036383, 좌표계: WGS84, 위치 허용오차(CEP): 5m로 기록됨.",
            "id": "sample_025_0098_000004",
            "annotations": []
        },
        {
            "sentence": "주소(표준화): 서울특별시, 강남구, 역삼동 (상세 번지 및 호수는 개인정보 보호를 위해 생략됨).",
            "id": "sample_025_0098_000005",
            "annotations": [
                {
                    "word": "서울특별시",
                    "start": 9,
                    "end": 14,
                    "label": "준식별자"
                },
                {
                    "word": "강남구",
                    "start": 16,
                    "end": 19,
                    "label": "준식별자"
                },
                {
                    "word": "역삼동",
                    "start": 21,
                    "end": 24,
                    "label": "준식별자"
                }
            ]
        },
        {
            "sentence": "관할(jurisdiction): 서울강남소방서 관할 구역으로 자동 매칭되어 디스패치 권한이 할당되었습니다.",
            "id": "sample_025_0098_000006",
            "annotations": []
        },
        {
            "sentence": "보고자(reporting_party): 이름 엄태주, 연락처 010-1234-5678, 익명화_flag: false(원본수집), 수집 목적·보관기간 명시됨.",
            "id": "sample_025_0098_000007",
            "annotations": [
                {
                    "word": "엄태주",
                    "start": 25,
                    "end": 28,
                    "label": "개인정보"
                },
                {
                    "word": "010-1234-5678",
                    "start": 34,
                    "end": 47,
                    "label": "개인정보"
                }
            ]
        },
        {
            "sentence": "통화 기록(call_record): audio_url=https://evidence.storage.gov/locked/INC-20260107-0001/audio1.wav, transcript 요약: '신고자가 의식이 없다며 즉각 출동 요청'.",
            "id": "sample_025_0098_000008",
            "annotations": [
                {
                    "word": "https://evidence.storage.gov/locked/INC-20260107-0001/audio1.wav",
                    "start": 30,
                    "end": 94,
                    "label": "기밀정보"
                }
            ]
        },
        {
            "sentence": "디스패처 정보: 디스패처 ID D-2026-0007, 시스템 기록상 디스패처 이름 허윤건으로 로그에 남아 있음(내부 감사 목적).",
            "id": "sample_025_0098_000009",
            "annotations": [
                {
                    "word": "허윤건",
                    "start": 46,
                    "end": 49,
                    "label": "개인정보"
                }
            ]
        },
        {
            "sentence": "지령 및 출동(dispatched_units): 배정된 유닛 목록은 UNIT-119-105, UNIT-119-201이며 배차 시각은 2026-01-07T05:14:40Z로 기록됨.",
            "id": "sample_025_0098_000010",
            "annotations": []
        },
        {
            "sentence": "유닛 상태 업데이트(unit_status_updates): UNIT-119-105 - 2026-01-07T05:14:41Z(출동), 2026-01-07T05:19:02Z(현장도착), 상태는 실시간으로 버전별 로그에 보존됨.",
            "id": "sample_025_0098_000011",
            "annotations": []
        },
        {
            "sentence": "현장 도착 시간(arrival_time): 첫 유닛 도착 2026-01-07T05:19:02Z, 현장 상황 안정화 후 추가 유닛 도착 2026-01-07T05:22:30Z.",
            "id": "sample_025_0098_000012",
            "annotations": []
        },
        {
            "sentence": "현장 평가(scene_assessment): 현장 내부 거실에서 성인 남성 의식 소실, 기도 확보 및 호흡 확인 중으로 판단됨.",
            "id": "sample_025_0098_000013",
            "annotations": []
        },
        {
            "sentence": "조치사항(actions_taken): 기도유지, 산소공급(15L/min), 심폐소생술(CPR) 시작, 정맥로 확보 시도 및 약물 투여 준비를 실행함.",
            "id": "sample_025_0098_000014",
            "annotations": []
        },
        {
            "sentence": "환자 정보: patient_count 1명, 환자 트리아지(patient_triage_levels): 레벨 1(치명적)으로 분류되어 이송 우선순위 지정됨.",
            "id": "sample_025_0098_000015",
            "annotations": []
        },
        {
            "sentence": "병원 목적지(hospital_destination): 서울중앙병원 응급의료센터로 통보 및 이송동의 확보, 병원 접수 시간 2026-01-07T05:33:10Z로 기록됨.",
            "id": "sample_025_0098_000016",
            "annotations": []
        },
        {
            "sentence": "자원 배분(resource_allocation): 자동심장충격기(AED) 1대, 응급구급약품킷(EPK) 1세트, 인력 2명(응급구조사 포함)으로 할당됨.",
            "id": "sample_025_0098_000017",
            "annotations": []
        },
        {
            "sentence": "첨부자료(attachments): 현장 사진 및 영상 파일 URL - https://evidence.storage.gov/locked/INC-20260107-0001/photo1.jpg, https://evidence.storage.gov/locked/INC-20260107-0001/video1.mp4, 접근 및 무결성 로그 포함.",
            "id": "sample_025_0098_000018",
            "annotations": [
                {
                    "word": "https://evidence.storage.gov/locked/INC-20260107-0001/photo1.jpg",
                    "start": 39,
                    "end": 103,
                    "label": "기밀정보"
                },
                {
                    "word": "https://evidence.storage.gov/locked/INC-20260107-0001/video1.mp4",
                    "start": 105,
                    "end": 169,
                    "label": "기밀정보"
                }
            ]
        },
        {
            "sentence": "GIS 경계(gis_boundary): GeoJSON 형식으로 저장됨 - {\"type\":\"Polygon\",\"coordinates\":[[[127.0359,37.4991],[127.0368,37.4991],[127.0368,37.4996],[127.0359,37.4996],[127.0359,37.4991]]]}",
            "id": "sample_025_0098_000019",
            "annotations": []
        },
        {
            "sentence": "기상 정보(weather_conditions): 관측시각 2026-01-07T05:10:00Z 기준, 맑음, 기온 2°C, 풍속 1.5 m/s로 현장 영향 없음으로 기록됨.",
            "id": "sample_025_0098_000020",
            "annotations": []
        },
        {
            "sentence": "유해물질 정보(hazardous_materials_info): 현장 내 화학물질 노출 징후 없음, 가스 탐지기 판독 결과 정상 범위로 기록됨.",
            "id": "sample_025_0098_000021",
            "annotations": []
        },
        {
            "sentence": "증거 보존(evidence): 오디오 및 영상 파일의 SHA256 해시를 수집하여 변경 불가 WORM 스토리지에 보관하고 접근 로그를 별도 보존함.",
            "id": "sample_025_0098_000022",
            "annotations": []
        },
        {
            "sentence": "체인오브커스토디(chain_of_custody): 증거 접근·승인 로그에 담당자 허춘선, 접근시각 2026-01-07T06:00:00Z, 접근 권한 레벨 및 사유를 상세 기록.",
            "id": "sample_025_0098_000023",
            "annotations": [
                {
                    "word": "허춘선",
                    "start": 45,
                    "end": 48,
                    "label": "개인정보"
                }
            ]
        },
        {
            "sentence": "실시간 업데이트 필드: 레코드 버전 v1.2, 상태코드 active(출동중), 각 업데이트는 타임스탬프와 사용자 ID를 포함해 불변 로그에 저장됨.",
            "id": "sample_025_0098_000024",
            "annotations": []
        },
        {
            "sentence": "사후조치(AAR): 초기 통보 지연 8초, 위치정확도 허용오차 5m, 권고사항으로 GPS 보정 및 디스패처 추가 트레이닝을 권고함.",
            "id": "sample_025_0098_000025",
            "annotations": []
        },
        {
            "sentence": "데이터 품질 이슈: 통화 오디오 일부 2초간 손실(우측 채널), 영상 일부 프레임 누락, 로그 중복 항목 1건이 발견되어 데이터거버넌스 태그 부여됨.",
            "id": "sample_025_0098_000026",
            "annotations": []
        },
        {
            "sentence": "보안 및 법적 고지: 모든 전송은 TLS1.3으로 암호화되며 저장 시 AES-256 암호화를 적용, 민감정보의 외부공개는 법적 절차(영장) 또는 내부 승인 필요.",
            "id": "sample_025_0098_000027",
            "annotations": []
        },
        {
            "sentence": "보고서 작성자 및 제출: AAR 제출자 류은비, 작성일시 2026-01-07T08:00:00Z, 문서 버전과 서명 메타데이터가 함께 저장됨.",
            "id": "sample_025_0098_000028",
            "annotations": [
                {
                    "word": "류은비",
                    "start": 22,
                    "end": 25,
                    "label": "개인정보"
                }
            ]
        }
    ]
}