{
    "document_id": "025_0090",
    "document_title": "2026-01-06 서울 중구 건물화재 출동 종합 보고서 (INC-20260106-0001)",
    "data": [
        {
            "sentence": "본 문서는 2026-01-06T03:14:07Z에 기록된 incident_id 'INC-20260106-0001'의 종합 사건 기록입니다.",
            "id": "sample_025_0090_000001",
            "annotations": []
        },
        {
            "sentence": "사건 유형은 건물화재로 분류되었고 우선순위(priority_level)는 NFIRS 코드 기반 P1으로 표기되었습니다.",
            "id": "sample_025_0090_000002",
            "annotations": []
        },
        {
            "sentence": "위치 좌표는 위도 37.5665, 경도 126.9780(좌표계: WGS84, 허용오차: ±5m, 타임존: Asia/Seoul, UTC 포함)로 표준화되어 있습니다.",
            "id": "sample_025_0090_000003",
            "annotations": []
        },
        {
            "sentence": "표준 주소는 서울특별시 중구 을지로1가로 기록되었으며 관할 관서는 서울중부소방서입니다.",
            "id": "sample_025_0090_000004",
            "annotations": [
                {
                    "word": "서울특별시",
                    "start": 7,
                    "end": 12,
                    "label": "준식별자"
                },
                {
                    "word": "중구",
                    "start": 13,
                    "end": 15,
                    "label": "준식별자"
                },
                {
                    "word": "을지로1가",
                    "start": 16,
                    "end": 21,
                    "label": "준식별자"
                }
            ]
        },
        {
            "sentence": "신고자 정보는 reporting_party로 기록되며 이름은 신하담, 연락처는 010-1234-5678, anon_flag:true로 저장되었습니다.",
            "id": "sample_025_0090_000005",
            "annotations": [
                {
                    "word": "신하담",
                    "start": 34,
                    "end": 37,
                    "label": "개인정보"
                },
                {
                    "word": "010-1234-5678",
                    "start": 44,
                    "end": 57,
                    "label": "개인정보"
                }
            ]
        },
        {
            "sentence": "신고자 신하담은 남성, 생년월일 1987-05-12(년:1987,월:05,일:12)로 보조 기록되어 있습니다.",
            "id": "sample_025_0090_000006",
            "annotations": [
                {
                    "word": "1987",
                    "start": 18,
                    "end": 22,
                    "label": "준식별자"
                },
                {
                    "word": "1987",
                    "start": 31,
                    "end": 35,
                    "label": "준식별자"
                },
                {
                    "word": "05",
                    "start": 23,
                    "end": 25,
                    "label": "준식별자"
                },
                {
                    "word": "05",
                    "start": 38,
                    "end": 40,
                    "label": "준식별자"
                },
                {
                    "word": "12",
                    "start": 26,
                    "end": 28,
                    "label": "준식별자"
                },
                {
                    "word": "12",
                    "start": 43,
                    "end": 45,
                    "label": "준식별자"
                },
                {
                    "word": "남성",
                    "start": 9,
                    "end": 11,
                    "label": "준식별자"
                }
            ]
        },
        {
            "sentence": "신고 통화는 녹음 및 자동 전사로 보관되며 오디오 URL은 https://evidence.example.gov/audio/INC-20260106-0001.wav 입니다.",
            "id": "sample_025_0090_000007",
            "annotations": [
                {
                    "word": "https://evidence.example.gov/audio/INC-20260106-0001.wav",
                    "start": 33,
                    "end": 89,
                    "label": "기밀정보"
                }
            ]
        },
        {
            "sentence": "자동 전사 요약: 발화자(신고자)는 건물 내부에서 연기와 화염을 목격하였고 인명 발생 우려를 표명했습니다.",
            "id": "sample_025_0090_000008",
            "annotations": []
        },
        {
            "sentence": "디스패처 ID는 D-4501이며 출동 지령은 EDXL-DE 메시지로 발행되었습니다.",
            "id": "sample_025_0090_000009",
            "annotations": [
                {
                    "word": "D-4501",
                    "start": 9,
                    "end": 15,
                    "label": "개인정보"
                }
            ]
        },
        {
            "sentence": "출동 단위로 소방차 ENG-12, 사다리차 LAD-4, 앰뷸런스 AMB-07이 투입되었고 각 unit_id가 기록되었습니다.",
            "id": "sample_025_0090_000010",
            "annotations": []
        },
        {
            "sentence": "단위 상태 업데이트는 타임스탬프(UTC 포함)와 상태 코드로 이력 관리되며 예: 2026-01-06T03:16:12Z status: enroute, 2026-01-06T03:20:05Z status: onscene.",
            "id": "sample_025_0090_000011",
            "annotations": []
        },
        {
            "sentence": "초도 도착 시간(arrival_time)은 2026-01-06T03:22:45Z로 기록되었습니다.",
            "id": "sample_025_0090_000012",
            "annotations": []
        },
        {
            "sentence": "현장 평가(scene_assessment): 4층 상업건물 1층 발화, 연기 확산, 인명 대피 진행으로 위험도 HAZ-3로 분류했습니다.",
            "id": "sample_025_0090_000013",
            "annotations": []
        },
        {
            "sentence": "행동 조치(actions_taken): 초기 진압, 다중 인명 수색, 응급 처치 및 도로통제, 전력 차단이 시행되었습니다.",
            "id": "sample_025_0090_000014",
            "annotations": []
        },
        {
            "sentence": "환자 수(patient_count)는 3명이며 트리아지(patient_triage_levels)는 Red 1명, Yellow 2명으로 기록되었습니다.",
            "id": "sample_025_0090_000015",
            "annotations": []
        },
        {
            "sentence": "병원 이송 목적지(hospital_destination)는 서울중앙병원 응급의료센터로 지정되었습니다.",
            "id": "sample_025_0090_000016",
            "annotations": []
        },
        {
            "sentence": "자원 배분(resource_allocation): 산소통 2개, 제세동기 1대, 방독면 5개가 현장에 배치되었습니다.",
            "id": "sample_025_0090_000017",
            "annotations": []
        },
        {
            "sentence": "첨부자료(attachments)에는 현장 사진과 블랙박스 영상이 포함되며 사진 URL은 https://evidence.example.gov/photo/INC-20260106-0001_01.jpg 입니다.",
            "id": "sample_025_0090_000018",
            "annotations": [
                {
                    "word": "https://evidence.example.gov/photo/INC-20260106-0001_01.jpg",
                    "start": 49,
                    "end": 108,
                    "label": "기밀정보"
                }
            ]
        },
        {
            "sentence": "GIS 경계(gis_boundary)는 사건 중심 좌표 기준 반경 100m의 GeoJSON으로 저장되었습니다: {\"type\":\"Polygon\",\"coordinates\":[[[126.9775,37.5660],[126.9785,37.5660],[126.9785,37.5670],[126.9775,37.5670],[126.9775,37.5660]]]}.",
            "id": "sample_025_0090_000019",
            "annotations": []
        },
        {
            "sentence": "기상 조건(weather_conditions): 북동풍 3m/s, 시정 10km, 기온 2°C로 현장 운영에 큰 제약은 없었습니다.",
            "id": "sample_025_0090_000020",
            "annotations": []
        },
        {
            "sentence": "위험물 정보(hazardous_materials_info): 인근에 가연성 화학물질 저장소는 없으며 NFIRS Hazard code로 검증했습니다.",
            "id": "sample_025_0090_000021",
            "annotations": []
        },
        {
            "sentence": "증거 해시 및 체인오브커스토디 메타데이터는 sha256:a3f5c9b2d4e6f7c8b9e0a1c2d3e4f5a6b7c8d9e0f1a2b3c4d5e6f7a8b9c0d1e2 및 보관 경로 /var/evidence/collection/INC-20260106-0001로 기록되어 있습니다.",
            "id": "sample_025_0090_000022",
            "annotations": [
                {
                    "word": "sha256:a3f5c9b2d4e6f7c8b9e0a1c2d3e4f5a6b7c8d9e0f1a2b3c4d5e6f7a8b9c0d1e2",
                    "start": 24,
                    "end": 95,
                    "label": "기밀정보"
                },
                {
                    "word": "/var/evidence/collection/INC-20260106-0001",
                    "start": 104,
                    "end": 146,
                    "label": "기밀정보"
                }
            ]
        },
        {
            "sentence": "증거 보존은 WORM 스토리지와 접근 감사 로그로 관리되며 접근 권한은 역할 기반 접근제어(RBAC)로 제한됩니다.",
            "id": "sample_025_0090_000023",
            "annotations": []
        },
        {
            "sentence": "실시간 업데이트 필드는 version:2026-01-06T03:16:12Z:v1, 상태코드(status_code):200으로 이력(버전) 관리됩니다.",
            "id": "sample_025_0090_000024",
            "annotations": []
        },
        {
            "sentence": "센서 및 영상 메타데이터에는 CCTV device_id CAM-334, 타임스탬프 2026-01-06T03:15:08Z, 신뢰도 0.87이 포함됩니다.",
            "id": "sample_025_0090_000025",
            "annotations": [
                {
                    "word": "CAM-334",
                    "start": 31,
                    "end": 38,
                    "label": "기밀정보"
                }
            ]
        },
        {
            "sentence": "데이터 품질 이슈: GPS 신호 누락(가용도 92%), 통화 전사 지연 14초, 중복 출동 2건이 감지되어 정합성 검토가 필요합니다.",
            "id": "sample_025_0090_000026",
            "annotations": []
        },
        {
            "sentence": "사후 분석 및 AAR: 통신 프로토콜 개선, 사건 분류 알고리즘 재학습, 교차 훈련 권고 사항이 포함되었습니다.",
            "id": "sample_025_0090_000027",
            "annotations": []
        },
        {
            "sentence": "보안 및 규정 준수: 모든 전송과 저장은 TLS 및 AES-256 암호화 적용, 감사 로그 보존 정책은 90일입니다.",
            "id": "sample_025_0090_000028",
            "annotations": []
        },
        {
            "sentence": "법적·윤리적 고지: 개인정보 공개는 법적 요청 또는 영장 근거가 있을 때만 허용되며 문서 내 일부 PII는 익명화되어 있습니다.",
            "id": "sample_025_0090_000029",
            "annotations": []
        }
    ]
}