{
    "document_id": "025_0026",
    "document_title": "서울남부소방서 긴급출동 및 현장조치 보고서 - INC-20260107-0001 (합성데이터)",
    "data": [
        {
            "sentence": "문서 제목: 서울남부소방서 긴급출동 및 현장조치 보고서(합성데이터).",
            "id": "sample_025_0026_000001",
            "annotations": []
        },
        {
            "sentence": "문서 식별자: incident_id=INC-20260107-0001, 생성일시=2026-01-07T14:32:15Z.",
            "id": "sample_025_0026_000002",
            "annotations": []
        },
        {
            "sentence": "사건 유형: 교통사고(다중차량 충돌), 우선순위: P1(즉시출동).",
            "id": "sample_025_0026_000003",
            "annotations": []
        },
        {
            "sentence": "발생 위치 좌표: 37.5665,126.9780; 좌표계: WGS84; 위치오차: ±3m.",
            "id": "sample_025_0026_000004",
            "annotations": []
        },
        {
            "sentence": "도로명 주소(상세): 서울특별시 중구 을지로 12길 5, 4층(합성주소).",
            "id": "sample_025_0026_000005",
            "annotations": [
                {
                    "word": "서울특별시 중구 을지로 12길 5, 4층(합성주소)",
                    "start": 12,
                    "end": 40,
                    "label": "개인정보"
                },
                {
                    "word": "서울특별시",
                    "start": 12,
                    "end": 17,
                    "label": "준식별자"
                },
                {
                    "word": "중구",
                    "start": 18,
                    "end": 20,
                    "label": "준식별자"
                }
            ]
        },
        {
            "sentence": "관할: 서울남부소방서(관할구역 포함).",
            "id": "sample_025_0026_000006",
            "annotations": []
        },
        {
            "sentence": "신고자 정보: 이름=류미란, 연락처=010-9876-5432, 익명처리=False, 신고경위 요약 포함.",
            "id": "sample_025_0026_000007",
            "annotations": [
                {
                    "word": "류미란",
                    "start": 11,
                    "end": 14,
                    "label": "개인정보"
                },
                {
                    "word": "010-9876-5432",
                    "start": 20,
                    "end": 33,
                    "label": "개인정보"
                }
            ]
        },
        {
            "sentence": "신고 접수 통화 기록: 녹음URL=https://evidence.storage.safecity.local/audio/rec_inc0001.wav, 해시=sha256:3a1f... (합성).",
            "id": "sample_025_0026_000008",
            "annotations": [
                {
                    "word": "https://evidence.storage.safecity.local/audio/rec_inc0001.wav",
                    "start": 19,
                    "end": 80,
                    "label": "기밀정보"
                }
            ]
        },
        {
            "sentence": "통화 전사: '운전 중 충돌 후 차량 화재 발생, 승객 고립 가능' 전체 문장 요약 포함.",
            "id": "sample_025_0026_000009",
            "annotations": []
        },
        {
            "sentence": "디스패처 ID: DISP-224, 교신 로그 ID: LOG-20260107-14-32.",
            "id": "sample_025_0026_000010",
            "annotations": []
        },
        {
            "sentence": "출동 유닛: UNIT-EMS-12, UNIT-FIRE-3, UNIT-POL-7(출동리스트 및 예상도착시간 포함).",
            "id": "sample_025_0026_000011",
            "annotations": []
        },
        {
            "sentence": "유닛 상태 업데이트: 2026-01-07T14:33:10Z UNIT-FIRE-3 enroute, 2026-01-07T14:36:05Z UNIT-EMS-12 on-scene.",
            "id": "sample_025_0026_000012",
            "annotations": []
        },
        {
            "sentence": "현장 도착 시간: UNIT-FIRE-3 2026-01-07T14:36:05Z, UNIT-EMS-12 2026-01-07T14:37:20Z.",
            "id": "sample_025_0026_000013",
            "annotations": []
        },
        {
            "sentence": "현장 평가: 3대 연쇄 충돌, 1대 전소, 연기·유해가스 관측, 구조 필요 인원 4명 추정.",
            "id": "sample_025_0026_000014",
            "annotations": []
        },
        {
            "sentence": "현장 조치: 화재 진압(폴리머 폼 사용), 인명 구조, 응급처치 및 환자 분류 실시.",
            "id": "sample_025_0026_000015",
            "annotations": []
        },
        {
            "sentence": "환자 수: 4명, 주요 환자: 조도은(가명 표기), 의식상태: 의식저하, 호흡곤란 호소.",
            "id": "sample_025_0026_000016",
            "annotations": [
                {
                    "word": "조도은",
                    "start": 17,
                    "end": 20,
                    "label": "개인정보"
                }
            ]
        },
        {
            "sentence": "환자 분류(예비): 1번 환자 생년월일=1990-04-12, 성별=여, 트리아지=RED(즉시처치).",
            "id": "sample_025_0026_000017",
            "annotations": [
                {
                    "word": "1990-04-12",
                    "start": 22,
                    "end": 32,
                    "label": "준식별자"
                },
                {
                    "word": "여",
                    "start": 37,
                    "end": 38,
                    "label": "준식별자"
                }
            ]
        },
        {
            "sentence": "병원 이송 결정: 서울중앙병원 응급실로 1차 이송, 이송차량 UNIT-EMS-12에 환자 탑승.",
            "id": "sample_025_0026_000018",
            "annotations": []
        },
        {
            "sentence": "자원 배치: 제세동기, 산소마스크, 인하우스 폼 2개, 인력 총 8명 배치.",
            "id": "sample_025_0026_000019",
            "annotations": []
        },
        {
            "sentence": "첨부 사진/영상: https://evidence.storage.safecity.local/photos/inc0001_img1.jpg, https://cdn.public.images/inc0001_drone.mp4(메타데이터 포함).",
            "id": "sample_025_0026_000020",
            "annotations": [
                {
                    "word": "https://evidence.storage.safecity.local/photos/inc0001_img1.jpg",
                    "start": 10,
                    "end": 73,
                    "label": "기밀정보"
                }
            ]
        },
        {
            "sentence": "증거 불변성: 영상 해시=sha256:9b8c..., 보관소=WORM, 체인오브커스토디 로그 포함.",
            "id": "sample_025_0026_000021",
            "annotations": []
        },
        {
            "sentence": "증거 인계자: 권태민(증거관리자), 인계시간=2026-01-07T15:20:00Z, 인계서명ID=EVID-2026-0001.",
            "id": "sample_025_0026_000022",
            "annotations": [
                {
                    "word": "권태민",
                    "start": 8,
                    "end": 11,
                    "label": "개인정보"
                }
            ]
        },
        {
            "sentence": "품질·지연 이슈: CCTV 스트림 지연 4.2초, 신고자 통화 녹음 일부 손실(메타데이터 상태코드=PARTIAL).",
            "id": "sample_025_0026_000023",
            "annotations": []
        },
        {
            "sentence": "위험물 정보: 적재 차량에 LPG통이 확인되었으며, 위험물 코드 HOT-4 적용.",
            "id": "sample_025_0026_000024",
            "annotations": []
        },
        {
            "sentence": "기상 조건: 풍속 7.3m/s, 기온 -1.8°C, 가시거리 제한.",
            "id": "sample_025_0026_000025",
            "annotations": []
        },
        {
            "sentence": "GIS 경계(GeoJSON): { 'type':'Polygon', 'coordinates':[[[126.9779,37.5664],[126.9781,37.5664],[126.9781,37.5666],[126.9779,37.5666],[126.9779,37.5664]]] }.",
            "id": "sample_025_0026_000026",
            "annotations": []
        },
        {
            "sentence": "내부 시스템 로그 참조: 증거관리 서버 IP=10.0.5.12, 파일경로=/var/evidence/inc0001/chain.log(기밀정보).",
            "id": "sample_025_0026_000027",
            "annotations": [
                {
                    "word": "10.0.5.12",
                    "start": 25,
                    "end": 34,
                    "label": "기밀정보"
                },
                {
                    "word": "/var/evidence/inc0001/chain.log",
                    "start": 41,
                    "end": 72,
                    "label": "기밀정보"
                }
            ]
        },
        {
            "sentence": "사후보고서 요약: 대응 적시성 양호하나 감시카메라 연동 지연 개선 권고.",
            "id": "sample_025_0026_000028",
            "annotations": []
        },
        {
            "sentence": "담당자 및 연락처(내부): 담당자=하이현, 사번=2023-045, 내부연락=042-555-0101(내선)(보안등급:비공개).",
            "id": "sample_025_0026_000029",
            "annotations": [
                {
                    "word": "하이현",
                    "start": 19,
                    "end": 22,
                    "label": "개인정보"
                },
                {
                    "word": "2023-045",
                    "start": 27,
                    "end": 35,
                    "label": "개인정보"
                },
                {
                    "word": "042-555-0101",
                    "start": 42,
                    "end": 54,
                    "label": "개인정보"
                }
            ]
        },
        {
            "sentence": "추후조치 항목: 장비 보강, 교차훈련 실시, 데이터 연계 시 익명화·접근통제 강화 계획 수립.",
            "id": "sample_025_0026_000030",
            "annotations": []
        }
    ]
}