{
    "document_id": "025_0032",
    "document_title": "화재 출동 사건 보고서 및 증거관리 기록",
    "data": [
        {
            "sentence": "문서 개요: 본 보고서는 2026년 1월 7일 발생한 화재 출동 사례에 대한 공공안전 및 재난·응급 서비스 표준 사건 기록입니다.",
            "id": "sample_025_0032_000001",
            "annotations": []
        },
        {
            "sentence": "incident_id는 INC-20260107-00032로 할당되었으며 기본 타임스탬프는 2026-01-07T13:45:22.123Z(UTC)로 기록됩니다.",
            "id": "sample_025_0032_000002",
            "annotations": []
        },
        {
            "sentence": "사건유형은 '화재(Fire)'로 분류되었고 우선순위는 'P1(긴급)'으로 지정되었습니다.",
            "id": "sample_025_0032_000003",
            "annotations": []
        },
        {
            "sentence": "현장 위치 좌표는 위도 37.5665, 경도 126.9780이며 좌표계는 WGS84이고 측정 허용오차는 약 5m입니다.",
            "id": "sample_025_0032_000004",
            "annotations": []
        },
        {
            "sentence": "현장 표준화 주소는 서울특별시 중구 세종대로 110으로 기록되었고 주소 정규화 규칙에 따라 저장되었습니다.",
            "id": "sample_025_0032_000005",
            "annotations": [
                {
                    "word": "서울특별시 중구 세종대로 110",
                    "start": 11,
                    "end": 28,
                    "label": "개인정보"
                },
                {
                    "word": "서울특별시",
                    "start": 11,
                    "end": 16,
                    "label": "준식별자"
                },
                {
                    "word": "중구",
                    "start": 17,
                    "end": 19,
                    "label": "준식별자"
                },
                {
                    "word": "세종대로 110",
                    "start": 20,
                    "end": 28,
                    "label": "개인정보"
                }
            ]
        },
        {
            "sentence": "관할 기관은 서울중부소방서(관할구역 코드: KR-SJ-02)로 식별되며 상호운용성 표준(E DX L, NFIRS) 메타데이터를 포함합니다.",
            "id": "sample_025_0032_000006",
            "annotations": []
        },
        {
            "sentence": "신고자 표기: 보고자는 익명표기 원칙에 따라 표기되었으나 신고자 식별명으로 구다겸이 내부 레코드에 합성 식별자로 기입되어 있습니다.",
            "id": "sample_025_0032_000007",
            "annotations": [
                {
                    "word": "구다겸",
                    "start": 42,
                    "end": 45,
                    "label": "개인정보"
                }
            ]
        },
        {
            "sentence": "신고자 연락처(익명화 표기): 010-1234-5678가 사건 접수 로그에 합성 연락처로 기록되었으며 익명화 플래그가 설정되었습니다.",
            "id": "sample_025_0032_000008",
            "annotations": [
                {
                    "word": "010-1234-5678",
                    "start": 17,
                    "end": 30,
                    "label": "개인정보"
                }
            ]
        },
        {
            "sentence": "신고 전화 녹음은 음성파일(오디오 URL)로 보관되며 요약 대사에는 \"현장에서 연기와 화염이 관찰된다\"는 신고자 진술이 포함되어 있습니다.",
            "id": "sample_025_0032_000009",
            "annotations": []
        },
        {
            "sentence": "디스패처 식별자는 D-007이며 배정된 담당 디스패처 이름은 우혜윤으로 내부 로그에 기록되어 있습니다.",
            "id": "sample_025_0032_000010",
            "annotations": [
                {
                    "word": "우혜윤",
                    "start": 34,
                    "end": 37,
                    "label": "개인정보"
                },
                {
                    "word": "D-007",
                    "start": 10,
                    "end": 15,
                    "label": "개인정보"
                }
            ]
        },
        {
            "sentence": "출동 유닛은 소방대 E-12, 구조대 P-03, 구급차 A-07으로 목록화되었고 유닛 고유 ID가 교차참조되었습니다.",
            "id": "sample_025_0032_000011",
            "annotations": []
        },
        {
            "sentence": "유닛 상태 업데이트는 밀리초 정밀 타임스탬프로 버전화되며 예: 2026-01-07T13:46:05.001Z - E-12: 출동중, 2026-01-07T13:50:20.250Z - A-07: 현장대기 등으로 기록됩니다.",
            "id": "sample_025_0032_000012",
            "annotations": []
        },
        {
            "sentence": "현장 도착 시각은 2026-01-07T13:52:10.500Z(UTC)로 표준화되어 타임존 메타데이터와 함께 저장됩니다.",
            "id": "sample_025_0032_000013",
            "annotations": []
        },
        {
            "sentence": "현장 평가: 건물 1층에서 화점과 연기 다발이 확인되었으며 인명 대피는 진행 중으로 주변 전기 공급 차단이 권고되었습니다.",
            "id": "sample_025_0032_000014",
            "annotations": []
        },
        {
            "sentence": "조치사항: 초기 진압 시 질식 위험 방지를 위해 호흡보호구 착용, 전기 차단, 유출 방지 조치 및 현장 통제선을 설정했습니다.",
            "id": "sample_025_0032_000015",
            "annotations": []
        },
        {
            "sentence": "환자 수는 1명으로 보고되었고 환자 관련 준식별자 정보로 성별은 여성, 생년월일은 1990-01-15로 사건 초기 평가서에 요약 기재되었습니다.",
            "id": "sample_025_0032_000016",
            "annotations": [
                {
                    "word": "여성",
                    "start": 36,
                    "end": 38,
                    "label": "준식별자"
                },
                {
                    "word": "1990-01-15",
                    "start": 46,
                    "end": 56,
                    "label": "준식별자"
                }
            ]
        },
        {
            "sentence": "의료이송 목적지는 중앙종합병원 응급실로 지정되었고 병원 수신 확인 및 ETA는 EMS 시스템에 기록됩니다.",
            "id": "sample_025_0032_000017",
            "annotations": []
        },
        {
            "sentence": "자원 할당: 산소실린더 2개, 소화기 3개, 절연 담요 5장, 현장 응급약품 키트 1개가 배치되었습니다.",
            "id": "sample_025_0032_000018",
            "annotations": []
        },
        {
            "sentence": "증거 및 첨부파일 항목에는 현장 사진, CCTV 클립, 신고 통화 녹음이 포함되며 각 파일에는 SHA-256 해시와 체인오브커스토디 메타데이터가 첨부되어 있습니다.",
            "id": "sample_025_0032_000019",
            "annotations": []
        },
        {
            "sentence": "오디오 파일 저장 경로 및 증거성 파일 참조는 WORM 스토리지에 보관되며 예: /evidence/2026/INC-20260107-00032/audio_01.wav(해시: e3b0c442...)로 기록됩니다.",
            "id": "sample_025_0032_000020",
            "annotations": [
                {
                    "word": "/evidence/2026/INC-20260107-00032/audio_01.wav",
                    "start": 45,
                    "end": 91,
                    "label": "기밀정보"
                }
            ]
        },
        {
            "sentence": "GIS 경계는 GeoJSON 형식으로 첨부되어 있으며 폴리곤 좌표와 관련 메타데이터가 사건 기록에 포함되어 있습니다.",
            "id": "sample_025_0032_000021",
            "annotations": []
        },
        {
            "sentence": "현장 기상조건은 맑음, 풍속 2.1 m/s, 기온 3°C로 기록되었고 기상 센서 메타데이터(타임스탬프, 센서ID, 신뢰도)와 함께 보관됩니다.",
            "id": "sample_025_0032_000022",
            "annotations": []
        },
        {
            "sentence": "위험물 정보는 현장에 가연성 액체가 소량 존재할 가능성이 있으나 구체적 성상은 확인 중으로 'N/A'로 예비 표기했습니다.",
            "id": "sample_025_0032_000023",
            "annotations": []
        },
        {
            "sentence": "사후조치 보고서(AAR) 초안에는 대응 타이밍, 자원 제약, 권고 개선안 및 차기 훈련안이 포함되어 있으며 문서 버전 관리가 적용됩니다.",
            "id": "sample_025_0032_000024",
            "annotations": []
        },
        {
            "sentence": "데이터 품질 이슈로 일부 CCTV 프레임 지연과 드론 영상 전송 지연이 확인되어 지연 코드(DLY-02)와 원인 분석 메모를 남겼습니다.",
            "id": "sample_025_0032_000025",
            "annotations": []
        },
        {
            "sentence": "보안 및 접근 제어 메모: 디스패치 서버 내부 IP는 10.10.0.5로 등록되어 있으며 내부 계정 admin_dispatch에 대해 역할 기반 접근제어가 적용됩니다.",
            "id": "sample_025_0032_000026",
            "annotations": [
                {
                    "word": "10.10.0.5",
                    "start": 30,
                    "end": 39,
                    "label": "기밀정보"
                },
                {
                    "word": "admin_dispatch",
                    "start": 56,
                    "end": 70,
                    "label": "기밀정보"
                }
            ]
        },
        {
            "sentence": "증거 변경 불가능성 보장을 위해 모든 파일은 암호화 전송 및 저장이 이루어지며 접근 로그와 감사 항목이 분리 보관됩니다.",
            "id": "sample_025_0032_000027",
            "annotations": []
        },
        {
            "sentence": "내부 운영 문서 및 보안 절차 예시는 비공개로 분류되어 내부 파일 경로 /etc/secure/dispatch.conf와 같은 항목은 기밀로 관리됩니다.",
            "id": "sample_025_0032_000028",
            "annotations": [
                {
                    "word": "/etc/secure/dispatch.conf",
                    "start": 40,
                    "end": 65,
                    "label": "기밀정보"
                }
            ]
        }
    ]
}