{
    "document_id": "025_0088",
    "document_title": "도심 다중추돌 인명사고 응급출동·현장조치 및 증거보존 종합보고서(합성샘플)",
    "data": [
        {
            "sentence": "본 문서는 도심 다중추돌 사고에 대한 신고·디스패치·현장활동·증거보존 및 AAR(After Action Report)을 종합한 합성 샘플 문서입니다.",
            "id": "sample_025_0088_000001",
            "annotations": []
        },
        {
            "sentence": "문서는 표준 코드셋(NEMSIS/NFIRS/EDXL/CAP)을 우선 적용하며 현장 데이터의 상호운용성과 증거성 요건을 명시합니다.",
            "id": "sample_025_0088_000002",
            "annotations": []
        },
        {
            "sentence": "incident_id: INC-20260108-00047, reported_time: 2026-01-08T13:45:12Z(UTC) 형태의 유니크 식별자와 ISO8601 타임스탬프를 모든 이벤트에 포함했습니다.",
            "id": "sample_025_0088_000003",
            "annotations": []
        },
        {
            "sentence": "incident_type은 '교통사고(다중추돌)'로 분류되며 priority_level은 P1(생명 위협)으로 지정되어 즉시 최우선 출동을 요구합니다.",
            "id": "sample_025_0088_000004",
            "annotations": []
        },
        {
            "sentence": "location_coordinates는 WGS84 기준으로 {lat:37.504321, lng:127.008765, accuracy_m:5}로 기록되어 시공간 상관관계 확보가 가능합니다.",
            "id": "sample_025_0088_000005",
            "annotations": []
        },
        {
            "sentence": "상세 주소는 서울특별시 서초구 반포대로30길 7-101(지번 포함)로 기재되어 있으며 위경도 데이터와 일치하는지 교차검증되었습니다.",
            "id": "sample_025_0088_000006",
            "annotations": [
                {
                    "word": "서울특별시 서초구 반포대로30길 7-101(지번 포함)",
                    "start": 7,
                    "end": 37,
                    "label": "개인정보"
                },
                {
                    "word": "서초구",
                    "start": 13,
                    "end": 16,
                    "label": "준식별자"
                }
            ]
        },
        {
            "sentence": "관할은 서울특별시 소방재난본부로 지정되었고 동일 권역의 가용 자원 현황과 관제 연동 상태가 함께 기록되었습니다.",
            "id": "sample_025_0088_000007",
            "annotations": []
        },
        {
            "sentence": "reporting_party는 익명 처리되어 reporting_party: {name: '익명', phone: null, anon_flag: true}로 표기되며 PII는 최소수집·비식별화 원칙을 준수했습니다.",
            "id": "sample_025_0088_000008",
            "annotations": []
        },
        {
            "sentence": "디스패처 ID는 D-0091이며 현장지휘관으로 '남태언'이 지명되어 현장 지휘를 수행하고 있습니다.",
            "id": "sample_025_0088_000009",
            "annotations": [
                {
                    "word": "남태언",
                    "start": 27,
                    "end": 30,
                    "label": "개인정보"
                }
            ]
        },
        {
            "sentence": "해당 지휘관의 내부 사번은 2025-1789(인사 연동 메타)로 임시 메타데이터에 기록되었으며 법규에 따른 접근 통제를 적용합니다.",
            "id": "sample_025_0088_000010",
            "annotations": [
                {
                    "word": "2025-1789",
                    "start": 15,
                    "end": 24,
                    "label": "개인정보"
                }
            ]
        },
        {
            "sentence": "dispatched_units에는 ENG-21(소방), AMB-12(구급), POL-3(경찰) 등이 포함되며 각 유닛의 장비·인력 목록과 가용성 상태를 동기화했습니다.",
            "id": "sample_025_0088_000011",
            "annotations": []
        },
        {
            "sentence": "unit_status_updates 예: ENG-21: 2026-01-08T13:46:05Z(출동), 2026-01-08T13:53:22Z(현장접근), 2026-01-08T14:02:07Z(작업완료) 형태로 버전·상태 코드와 함께 기록됩니다.",
            "id": "sample_025_0088_000012",
            "annotations": []
        },
        {
            "sentence": "arrival_time: ENG-21 2026-01-08T13:53:22Z로 현장 도착 후 현장 의료책임자(구급대원) '채인혜'가 초기 환자평가를 수행했습니다.",
            "id": "sample_025_0088_000013",
            "annotations": [
                {
                    "word": "채인혜",
                    "start": 67,
                    "end": 70,
                    "label": "개인정보"
                }
            ]
        },
        {
            "sentence": "scene_assessment: 다수 차량 전복 및 국소 화염, 가연성 물질 노출 의심 구간 존재, 안전대기선 설정 및 도로전면통제 필요 판단입니다.",
            "id": "sample_025_0088_000014",
            "annotations": []
        },
        {
            "sentence": "actions_taken: 긴급출동, 유류 유출 차단 예비조치, 중증환자 트리아지·우선후송, 교통차단 및 우회로 안내를 즉시 시행했습니다.",
            "id": "sample_025_0088_000015",
            "annotations": []
        },
        {
            "sentence": "patient_count은 총 8명으로 초기 patient_triage_levels는 RED:2, YELLOW:4, GREEN:2로 분류되어 후속 이송 우선순위를 적용했습니다.",
            "id": "sample_025_0088_000016",
            "annotations": []
        },
        {
            "sentence": "hospital_destination: 중증 2명은 서울중앙병원 응급실로 분류되어 AMB-12가 이송 중이며 병원 수용능력과 ETA를 지속 추적합니다.",
            "id": "sample_025_0088_000017",
            "annotations": []
        },
        {
            "sentence": "attachments에는 현장 사진, 차량 블랙박스 영상, 관제 CCTV 원본 링크와 원본 메타데이터(device_id, timestamp, trust_score, hash)를 명시했습니다.",
            "id": "sample_025_0088_000018",
            "annotations": []
        },
        {
            "sentence": "원본 CCTV 원격 획득에 사용된 내부 서버 IP는 192.168.88.5로 기록되며 접근은 RBAC 및 상세 감사로그로 제한됩니다.",
            "id": "sample_025_0088_000019",
            "annotations": [
                {
                    "word": "192.168.88.5",
                    "start": 29,
                    "end": 41,
                    "label": "기밀정보"
                }
            ]
        },
        {
            "sentence": "증거 파일은 변경 불가능 저장(WORM)으로 보존되며 경로는 \\\\intranet\\evidence\\case_0088로 체인오브커스토디 로그와 함께 기록되어 접근 이력이 남습니다.",
            "id": "sample_025_0088_000020",
            "annotations": [
                {
                    "word": "\\\\intranet\\evidence\\case_0088",
                    "start": 34,
                    "end": 63,
                    "label": "기밀정보"
                }
            ]
        },
        {
            "sentence": "gis_boundary: 사고 영향 범위는 GeoJSON 폴리곤으로 제공되며 좌표계(WGS84)와 위치 허용오차(±5m)를 메타데이터에 포함했습니다.",
            "id": "sample_025_0088_000021",
            "annotations": []
        },
        {
            "sentence": "weather_conditions: 기온 3.2°C, 풍속 3.1m/s, 가시거리 2.5km로 기상 영향이 현장 작업과 이송에 미치는 영향을 기록했습니다.",
            "id": "sample_025_0088_000022",
            "annotations": []
        },
        {
            "sentence": "hazardous_materials_info: 연료 누출 가능성이 있어 MSDS 연동 및 안전거리 권고(반경 30m 이상)를 현장에 통보했습니다.",
            "id": "sample_025_0088_000023",
            "annotations": []
        },
        {
            "sentence": "after_action_report 요약: 현장 통제 속도와 장비 재배치 절차에서 병목 발생, 라인 오프닝 개선 및 추가 장비 배치 권고를 포함했습니다.",
            "id": "sample_025_0088_000024",
            "annotations": []
        },
        {
            "sentence": "데이터 품질 이슈: 일부 CCTV 메타데이터 누락과 GPS 전송 지연 약 7초가 보고되었으며 NFIRS/NEMSIS 매핑 오류 로그를 별도 표준 형식으로 기록했습니다.",
            "id": "sample_025_0088_000025",
            "annotations": []
        },
        {
            "sentence": "보안 및 거버넌스: 전송·저장 모두 TLS 1.3과 AES-256으로 암호화되며 접근은 역할기반(RBAC)으로 제어하고 모든 증거 접근은 감사로그에 기록됩니다.",
            "id": "sample_025_0088_000026",
            "annotations": []
        },
        {
            "sentence": "후속조치 항목: 내부 AAR 회의 일정, 증거 접근 감사 실행, 장비보강 예산 요청 및 지역 커뮤니케이션 계획 수립을 권고합니다.",
            "id": "sample_025_0088_000027",
            "annotations": []
        },
        {
            "sentence": "문서 작성자(역할): 데이터엔지니어 한강윤, 산출물 버전 v1.0, 생성시간: 2026-01-08T15:30:00Z(UTC)로 메타에 기록됩니다.",
            "id": "sample_025_0088_000028",
            "annotations": [
                {
                    "word": "한강윤",
                    "start": 20,
                    "end": 23,
                    "label": "개인정보"
                }
            ]
        }
    ]
}