{
    "document_id": "025_0071",
    "document_title": "중구 을지로 다중 추돌 및 화재 복합사고 현장보고서",
    "data": [
        {
            "sentence": "incident_id INC-20260107-00071은 2026-01-07T08:14:32.123Z(UTC)로 최초 접수된 다중 추돌 및 소규모 화재 복합사건입니다.",
            "id": "sample_025_0071_000001",
            "annotations": []
        },
        {
            "sentence": "사건 유형은 교통사고(다중 충돌) 및 부수적 화재로 분류되며 표준 코드셋은 NFIRS 및 CAP 매핑을 병행하여 기록했습니다.",
            "id": "sample_025_0071_000002",
            "annotations": []
        },
        {
            "sentence": "우선순위는 고(Priority Level: 1, EDXL-Distribution Priority 적용)로 설정되었으며 대응 목표 지연은 2초 단위로 로그에 남습니다.",
            "id": "sample_025_0071_000003",
            "annotations": []
        },
        {
            "sentence": "현장 좌표는 위도 37.566500, 경도 126.978000(WGS84)이며 위치 정확도 허용 오차는 5m로 명시되어 있습니다.",
            "id": "sample_025_0071_000004",
            "annotations": []
        },
        {
            "sentence": "현장 주소는 서울특별시 중구 을지로 12-3이며 추가적인 위치 식별을 위해 빌딩명과 출입구 좌표를 별도 필드에 보관합니다.",
            "id": "sample_025_0071_000005",
            "annotations": [
                {
                    "word": "서울특별시",
                    "start": 7,
                    "end": 12,
                    "label": "준식별자"
                },
                {
                    "word": "중구",
                    "start": 13,
                    "end": 15,
                    "label": "준식별자"
                },
                {
                    "word": "을지로 12-3",
                    "start": 16,
                    "end": 24,
                    "label": "개인정보"
                }
            ]
        },
        {
            "sentence": "관할 관서: 서울특별시 중부소방서 관할이며 관할 코드와 ICS 지휘 노드가 연동되어 자동 지령이 발행되었습니다.",
            "id": "sample_025_0071_000006",
            "annotations": []
        },
        {
            "sentence": "신고자는 조유마(익명화 표기: 신고자 A)이며 신고 접수 시 익명화 정책에 따라 최소식별 정보만 수집했습니다.",
            "id": "sample_025_0071_000007",
            "annotations": [
                {
                    "word": "조유마",
                    "start": 5,
                    "end": 8,
                    "label": "개인정보"
                }
            ]
        },
        {
            "sentence": "신고자 연락처는 010-2345-6789로 접수되었으며 통화 녹취 및 지리정보는 익명화 해시와 연계 보관됩니다.",
            "id": "sample_025_0071_000008",
            "annotations": [
                {
                    "word": "010-2345-6789",
                    "start": 9,
                    "end": 22,
                    "label": "개인정보"
                }
            ]
        },
        {
            "sentence": "접수된 통화의 오디오 원본은 암호화된 WORM 저장소에 저장되었고 접근 로그는 체인오브커스토디 메타데이터로 보존됩니다.",
            "id": "sample_025_0071_000009",
            "annotations": []
        },
        {
            "sentence": "통화 녹음 파일 URL(내부참조)은 https://evidence.internal.local/records/7f9c2a이며 해당 URL은 접근 통제로 보호됩니다.",
            "id": "sample_025_0071_000010",
            "annotations": [
                {
                    "word": "https://evidence.internal.local/records/7f9c2a",
                    "start": 20,
                    "end": 66,
                    "label": "기밀정보"
                }
            ]
        },
        {
            "sentence": "디스패처 ID는 DISP-009이며 해당 계정으로 출동 지시가 발령되었고 모든 명령 기록은 EDXL-RTF 메시지로 아카이빙되었습니다.",
            "id": "sample_025_0071_000011",
            "annotations": [
                {
                    "word": "DISP-009",
                    "start": 9,
                    "end": 17,
                    "label": "개인정보"
                }
            ]
        },
        {
            "sentence": "배치된 유닛은 UNIT-FD-01(소방차), UNIT-EMS-03(구급차), UNIT-RESC-02(구조차)로 식별되며 각 유닛 ID는 지역 표준 코드맵과 매핑되어 있습니다.",
            "id": "sample_025_0071_000012",
            "annotations": []
        },
        {
            "sentence": "유닛 상태 업데이트는 타임스탬프와 상태코드로 기록되며 예: 2026-01-07T08:15:05.200Z 상태=ENROUTE, 2026-01-07T08:20:41.550Z 상태=ONSCENE.",
            "id": "sample_025_0071_000013",
            "annotations": []
        },
        {
            "sentence": "도착 시간은 UNIT-FD-01이 2026-01-07T08:20:41.550Z에 도착했고 현장 초기 평가가 즉시 진행되었습니다.",
            "id": "sample_025_0071_000014",
            "annotations": []
        },
        {
            "sentence": "현장 평가: 전방 3대 추돌, 연료 누유로 인한 소형 화염 발생, 유해가스 검출값은 NO2 0.12ppm, CO 7ppm으로 위험도 중-고로 판단했습니다.",
            "id": "sample_025_0071_000015",
            "annotations": []
        },
        {
            "sentence": "조치사항으로 소화기 사용(Portable extinguisher), 차단 밸브 잠금, 전기차 안전 차단, 도로 차단 및 우회 안내를 병행했습니다.",
            "id": "sample_025_0071_000016",
            "annotations": []
        },
        {
            "sentence": "환자 수는 총 3명으로 의료처치 우선순위에 따라 트리아지하였으며 트리아지 등급은 1명 BLS(경증), 2명 ALS(중증)로 기록되었습니다.",
            "id": "sample_025_0071_000017",
            "annotations": []
        },
        {
            "sentence": "환자(익명화: 환자 A)의 생년월일은 1985-07-14이고 성별은 여로 기록되었으며 민감정보는 최소화 처리되었습니다.",
            "id": "sample_025_0071_000018",
            "annotations": [
                {
                    "word": "1985",
                    "start": 21,
                    "end": 25,
                    "label": "준식별자"
                },
                {
                    "word": "07",
                    "start": 26,
                    "end": 28,
                    "label": "준식별자"
                },
                {
                    "word": "14",
                    "start": 29,
                    "end": 31,
                    "label": "준식별자"
                },
                {
                    "word": "여",
                    "start": 38,
                    "end": 39,
                    "label": "준식별자"
                }
            ]
        },
        {
            "sentence": "현장에서 최초 처치를 담당한 응급구조사 ID는 EMT-4312이며 처치 로그와 약물 투여 기록은 NEMSIS 포맷으로 저장되었습니다.",
            "id": "sample_025_0071_000019",
            "annotations": [
                {
                    "word": "EMT-4312",
                    "start": 26,
                    "end": 34,
                    "label": "개인정보"
                }
            ]
        },
        {
            "sentence": "병원 이송처는 중앙응급의료센터로 결정되었으며 환자 이송 시 병원 전송 보고(EHR 연동)는 안전한 메시지 채널을 통해 수행되었습니다.",
            "id": "sample_025_0071_000020",
            "annotations": []
        },
        {
            "sentence": "자원 배분: 소방펌프 1대, 고정식 제독장비 1대, 산소실린더 3개, 인력 총 12명이 투입되었으며 장비 상태는 출동 전 점검 완료입니다.",
            "id": "sample_025_0071_000021",
            "annotations": []
        },
        {
            "sentence": "첨부자료로 현장 사진 12장, 차량 블랙박스 영상 2건, 드론 항공 촬영 영상 1건이 있으며 각 파일의 원본 메타데이터(타임스탬프, 장치ID, 신뢰도)를 연계 보관합니다.",
            "id": "sample_025_0071_000022",
            "annotations": []
        },
        {
            "sentence": "GIS 경계는 GeoJSON으로 저장되었으며 속성에는 좌표계(EPSG:4326)와 경계 허용오차 5m가 포함되어 있습니다.",
            "id": "sample_025_0071_000023",
            "annotations": []
        },
        {
            "sentence": "기상 조건은 맑음, 기온 -2.4°C, 풍속 3.2m/s로 기록되었고 기상 센서 데이터는 외부 기상 API와 교차검증되었습니다.",
            "id": "sample_025_0071_000024",
            "annotations": []
        },
        {
            "sentence": "유해물질 정보: 차량 연료 누유로 인한 가솔린 존재 가능성, 위험물 UN 코드 및 대응 매뉴얼은 현장 SDS와 매칭하여 적용했습니다.",
            "id": "sample_025_0071_000025",
            "annotations": []
        },
        {
            "sentence": "증거 보존: 오디오 및 영상 파일은 해시(SHA-256: 7f9c2a...생략)와 함께 WORM 저장소에 보관되며 접근 로그(서버 IP 10.0.5.12 포함)는 체인오브커스토디에 기록됩니다.",
            "id": "sample_025_0071_000026",
            "annotations": [
                {
                    "word": "10.0.5.12",
                    "start": 76,
                    "end": 85,
                    "label": "기밀정보"
                }
            ]
        },
        {
            "sentence": "사후 분석 및 AAR 항목은 사고 원인 분석, 통신 지연 로그, 장비 성능 지표, 개선 권고안을 포함하며 표준 템플릿(NFIRS AAR format)을 사용합니다.",
            "id": "sample_025_0071_000027",
            "annotations": []
        },
        {
            "sentence": "데이터 품질 이슈: 일부 유닛의 상태 업데이트 지연(최대 12초), 드론 영상의 메타데이터 누락(타임스탬프 1건) 및 통화 패킷 손실 0.2%를 보고합니다.",
            "id": "sample_025_0071_000028",
            "annotations": []
        },
        {
            "sentence": "보안 및 컴플라이언스: 모든 전송은 TLS 적용, 저장은 AES-256 암호화, 접근은 RBAC 기반으로 제한하며 법적 요청 없이 민감정보는 공유하지 않습니다.",
            "id": "sample_025_0071_000029",
            "annotations": []
        },
        {
            "sentence": "다음 조치 항목: 1) AAR 완료 후 7일 내 개선안 배포, 2) 드론 메타데이터 복구 시도, 3) 통신 지연 원인 조사 및 NOC와 합동 대응.",
            "id": "sample_025_0071_000030",
            "annotations": []
        }
    ]
}