{
    "document_id": "025_0076",
    "document_title": "현장출동 및 증거관리 보고서 — 2026년 1월 7일 화재·응급 복합사건",
    "data": [
        {
            "sentence": "본 문서는 2026-01-07T14:23:12Z에 접수된 단일 사건에 대한 출동·현장평가·증거관리·사후조치 기록을 통합한 공식 보고서입니다.",
            "id": "sample_025_0076_000001",
            "annotations": []
        },
        {
            "sentence": "incident_id는 INC-2026-00012345로 할당되었으며 모든 이벤트 타임스탬프는 UTC 기준 ISO8601 포맷으로 표준화되어 저장됩니다.",
            "id": "sample_025_0076_000002",
            "annotations": []
        },
        {
            "sentence": "사건 유형은 '건물화재(혼합응급)'로 분류되었고 우선순위(priority_level)는 'P1'로 지정되었습니다.",
            "id": "sample_025_0076_000003",
            "annotations": []
        },
        {
            "sentence": "현장 좌표는 위도 37.499123, 경도 127.036543 (WGS84), 허용 오차 ±5.0m로 기록되었고 표준화된 현장 주소는 서울특별시 강남구 테헤란로12길 34, 5층입니다.",
            "id": "sample_025_0076_000004",
            "annotations": [
                {
                    "word": "서울특별시 강남구 테헤란로12길 34, 5층",
                    "start": 75,
                    "end": 99,
                    "label": "개인정보"
                }
            ]
        },
        {
            "sentence": "해당 사건은 서울특별시 강남구청 관할이며 초기 신고자는 신고자명 송연정, 연락처 010-5500-1234, 익명_flag:false로 접수되었습니다.",
            "id": "sample_025_0076_000005",
            "annotations": [
                {
                    "word": "송연정",
                    "start": 36,
                    "end": 39,
                    "label": "개인정보"
                },
                {
                    "word": "010-5500-1234",
                    "start": 45,
                    "end": 58,
                    "label": "개인정보"
                }
            ]
        },
        {
            "sentence": "통화기록은 원본 오디오 URL(s3://secure-audio/INC-2026-00012345/call_20260107_142312.wav)과 자동전사 요약('피해자 의식 저하, 연기 흡입 의심')으로 보관되었습니다.",
            "id": "sample_025_0076_000006",
            "annotations": []
        },
        {
            "sentence": "초기 디스패처 식별자 dispatcher_id:D-4921이 출동 명령을 승인하였으며 디스패치 로그(E DX L 형식)는 타임스탬프별 이력으로 기록됩니다.",
            "id": "sample_025_0076_000007",
            "annotations": []
        },
        {
            "sentence": "출동 유닛은 소방차 FD-45, 앰뷸런스 ALS-12, 현장지휘차 CMD-3로 지정되었고 각 유닛의 장비 목록과 인원은 출동명세에 포함됩니다.",
            "id": "sample_025_0076_000008",
            "annotations": []
        },
        {
            "sentence": "유닛 상태 업데이트는 밀리초 단위 타임스탬프와 상태코드로 기록되며 예시: 2026-01-07T14:23:45Z FD-45 상태=ENROUTE, 2026-01-07T14:27:02Z ALS-12 상태=ONSCENE.",
            "id": "sample_025_0076_000009",
            "annotations": []
        },
        {
            "sentence": "현장 도착 시간은 최초 유닛 FD-45 기준 2026-01-07T14:27:02Z로 기록되었고 도착시 기상·가시성 상황을 별도 로그에 남겼습니다.",
            "id": "sample_025_0076_000010",
            "annotations": []
        },
        {
            "sentence": "현장 평가(scene_assessment): 5층 내부에서 연기와 열원 흔적이 관찰되었고 구조대는 연기 차단 및 초기 연소 진압을 우선 조치했습니다.",
            "id": "sample_025_0076_000011",
            "annotations": []
        },
        {
            "sentence": "현장 조치(actions_taken): 초기 소화작업, 실내 환기, 환자 응급처치(산소투여, 기도유지), 인명탐색 및 현장 안전 확보 작업이 기록되었습니다.",
            "id": "sample_025_0076_000012",
            "annotations": []
        },
        {
            "sentence": "현장에서 확인된 환자 1명은 환자ID P-01(익명 표기)이며 성명 나희우, 생년월일 1985-06-15, 성별 남성, 환자 등록지 경기도 수원시 장안구로 현장기록에 표기되었습니다.",
            "id": "sample_025_0076_000013",
            "annotations": [
                {
                    "word": "나희우",
                    "start": 38,
                    "end": 41,
                    "label": "개인정보"
                },
                {
                    "word": "1985-06-15",
                    "start": 48,
                    "end": 58,
                    "label": "준식별자"
                },
                {
                    "word": "남성",
                    "start": 63,
                    "end": 65,
                    "label": "준식별자"
                },
                {
                    "word": "경기도 수원시 장안구",
                    "start": 74,
                    "end": 85,
                    "label": "준식별자"
                }
            ]
        },
        {
            "sentence": "환자의 분류(triage)는 '중등도(2)'로 판정되어 산소투여 및 응급처치 후 중앙응급의료센터행(hospital_destination: 중앙응급의료센터)이 결정되었습니다.",
            "id": "sample_025_0076_000014",
            "annotations": []
        },
        {
            "sentence": "자원할당(resource_allocation)에는 소화기 6개, 산소공급장치 2대, 응급구조키트(ALS) 1세트가 포함되었으며 장비별 소진·가용 상태가 별도 필드로 관리됩니다.",
            "id": "sample_025_0076_000015",
            "annotations": []
        },
        {
            "sentence": "첨부자료는 현장 사진(photo_urls: s3://secure-photo/INC-2026-00012345/scene_0001.jpg), 현장 영상(video_urls: s3://secure-video/INC-2026-00012345/vid_0001.mp4)으로 원본 메타데이터와 함께 저장됩니다.",
            "id": "sample_025_0076_000016",
            "annotations": []
        },
        {
            "sentence": "증거물 증빙은 불변해시(sha256:f2c3e8b6a7d9c4f1b3e2d1c0a9f8e7d6c5b4a3f2e1d0c9b8a7f6e5d4c3b2a1f0)와 체인오브커스토디 로그(접근자,시각,행동)를 포함해 WORM 스토리지에 보관합니다.",
            "id": "sample_025_0076_000017",
            "annotations": []
        },
        {
            "sentence": "GIS 경계(gis_boundary)는 GeoJSON으로 저장되었으며 예시: {\"type\":\"Polygon\",\"coordinates\":[[[127.0360,37.4988],[127.0370,37.4988],[127.0370,37.4996],[127.0360,37.4996],[127.0360,37.4988]]]}로 현장 경계를 표기합니다.",
            "id": "sample_025_0076_000018",
            "annotations": []
        },
        {
            "sentence": "현장 기상정보(weather_conditions): 기온 5°C, 풍향 북동, 풍속 3.4m/s, 가시거리 양호, 연기 확산 가능성에 따른 추가 모니터링 권고가 포함됩니다.",
            "id": "sample_025_0076_000019",
            "annotations": []
        },
        {
            "sentence": "위험물 정보(hazardous_materials_info)는 2차 확인 결과 부식성 물질 노출 징후는 없었으나 전기계통 발화 가능성 표기를 권고합니다.",
            "id": "sample_025_0076_000020",
            "annotations": []
        },
        {
            "sentence": "사후 평가 및 권고(after_action_report): 통신 지연 최소화, 검증된 CCTV 타임싱크 확보, 소방·의료 간 이송 루트 최적화 등 개선 권고가 포함됩니다.",
            "id": "sample_025_0076_000021",
            "annotations": []
        },
        {
            "sentence": "표준 코드셋 적용: NEMSIS event_type=22(Structure Fire), NFIRS incident_type=100, CAP/EDXL 교환형식으로 상호운용 가능한 메타데이터 매핑을 수행했습니다.",
            "id": "sample_025_0076_000022",
            "annotations": []
        },
        {
            "sentence": "실시간 업데이트 필드는 버전(version)=v1.3 및 상태코드(history_status) 배열로 보관되며 예: [{\"ts\":\"2026-01-07T14:23:12Z\",\"status\":\"RECEIVED\"},{\"ts\":\"2026-01-07T14:27:02Z\",\"status\":\"ONSCENE\"}].",
            "id": "sample_025_0076_000023",
            "annotations": []
        },
        {
            "sentence": "센서·영상·오디오 원본 메타데이터는 장치ID(device_id:CAM-07), 타임스탬프(UTC), 신뢰도(trust_score:0.92) 등을 포함해 원본 출처 추적이 가능하도록 보관합니다.",
            "id": "sample_025_0076_000024",
            "annotations": []
        },
        {
            "sentence": "보안 관점에서 내부 시스템 접근 정보 일부는 기밀로 분류되며 예시로 내부 서버 IP: 10.10.10.10과 접속계정 dispatch_admin은 내부 기밀정보로 별도 관리됩니다.",
            "id": "sample_025_0076_000025",
            "annotations": [
                {
                    "word": "10.10.10.10",
                    "start": 48,
                    "end": 59,
                    "label": "기밀정보"
                },
                {
                    "word": "dispatch_admin",
                    "start": 66,
                    "end": 80,
                    "label": "기밀정보"
                }
            ]
        },
        {
            "sentence": "데이터 품질 이슈: 특정 CCTV 스트림은 수신 지연(12분)이 발생했고 일부 유닛의 상태 보고가 중복으로 들어와 충돌 해소 절차가 필요하다는 점을 명시합니다.",
            "id": "sample_025_0076_000026",
            "annotations": []
        },
        {
            "sentence": "법적·윤리적 제약: 신고자·피해자 개인정보는 최소 공개 원칙에 따라 권한 기반 접근과 감사 로그가 필수이며 법적 요청(영장)시만 추가 공유가 가능합니다.",
            "id": "sample_025_0076_000027",
            "annotations": []
        },
        {
            "sentence": "향후 조치 및 담당자 지정: 후속 AAR 작성과 개선안 반영 담당자는 현장지휘관 조세건으로 지정되었으며 관련 문서는 RBAC에 따라 접근 제어됩니다.",
            "id": "sample_025_0076_000028",
            "annotations": [
                {
                    "word": "조세건",
                    "start": 45,
                    "end": 48,
                    "label": "개인정보"
                }
            ]
        }
    ]
}