{
    "document_id": "025_0050",
    "document_title": "강남구 삼성동 다중추돌 교통사고 초동현장보고서(공공안전·재난응급)",
    "data": [
        {
            "sentence": "문서 식별자 INC-20260107-0003은 본 사고의 유니크 incident_id이며 기준 타임스탬프는 2026-01-07T14:32:10Z(UTC)입니다.",
            "id": "sample_025_0050_000001",
            "annotations": []
        },
        {
            "sentence": "사건 유형은 교통사고(다중 추돌)이고 우선순위는 P1(즉각 출동 대상)으로 분류되었습니다.",
            "id": "sample_025_0050_000002",
            "annotations": []
        },
        {
            "sentence": "관할은 서울특별시 강남소방서이며 지리적 관할 표시에는 타임존 메타데이터(KST/UTC 변환)가 포함됩니다.",
            "id": "sample_025_0050_000003",
            "annotations": []
        },
        {
            "sentence": "현장위치는 WGS84 좌표계로 latitude=37.508912, longitude=127.066642, 허용오차 ±5.2m이며 주소는 서울특별시 강남구 삼성로85길 47 3층(삼성동)입니다.",
            "id": "sample_025_0050_000004",
            "annotations": [
                {
                    "word": "서울특별시 강남구 삼성로85길 47 3층(삼성동)",
                    "start": 76,
                    "end": 103,
                    "label": "개인정보"
                },
                {
                    "word": "서울특별시",
                    "start": 76,
                    "end": 81,
                    "label": "준식별자"
                },
                {
                    "word": "강남구",
                    "start": 82,
                    "end": 85,
                    "label": "준식별자"
                },
                {
                    "word": "삼성동",
                    "start": 99,
                    "end": 102,
                    "label": "준식별자"
                }
            ]
        },
        {
            "sentence": "신고자는 이무성이며 신고자 연락처는 010-5555-1234, anon_flag=false로 기록되어 최초 접수데이터에 포함되었습니다.",
            "id": "sample_025_0050_000005",
            "annotations": [
                {
                    "word": "이무성",
                    "start": 5,
                    "end": 8,
                    "label": "개인정보"
                },
                {
                    "word": "010-5555-1234",
                    "start": 20,
                    "end": 33,
                    "label": "개인정보"
                }
            ]
        },
        {
            "sentence": "통화 녹음은 WORM 스토리지에 저장(https://evidence.worm.example/INC-20260107-0003/audio1.wav)되었고 요약전사에는 '신고자는 남성, 1978-04-12 출생으로 현장에 동행자 2명'이라고 기록되어 있습니다.",
            "id": "sample_025_0050_000006",
            "annotations": [
                {
                    "word": "남성",
                    "start": 97,
                    "end": 99,
                    "label": "준식별자"
                },
                {
                    "word": "1978-04-12",
                    "start": 101,
                    "end": 111,
                    "label": "준식별자"
                }
            ]
        },
        {
            "sentence": "디스패처는 DISP-0091로 표기되며 초동지휘체계에 따라 표준 코드셋(NFIRS/NEMSIS)을 사용해 지령을 내렸습니다.",
            "id": "sample_025_0050_000007",
            "annotations": []
        },
        {
            "sentence": "출동 유닛은 ENG-71(엔진), AMB-12(구급차), PD-32(경찰순찰대)로 목록화되어 실시간 배치관리 시스템에 반영되었습니다.",
            "id": "sample_025_0050_000008",
            "annotations": []
        },
        {
            "sentence": "유닛 상태 업데이트는 타임스탬프와 상태코드로 기록되며 예: ENG-71 2026-01-07T14:33:05Z status=enroute, AMB-12 2026-01-07T14:34:10Z status=enroute.",
            "id": "sample_025_0050_000009",
            "annotations": []
        },
        {
            "sentence": "첫 출동대의 현장 도착 시간은 ENG-71 2026-01-07T14:38:42Z로 로그에 기록되어 응급의료 연계 타이밍 산정에 사용되었습니다.",
            "id": "sample_025_0050_000010",
            "annotations": []
        },
        {
            "sentence": "현장 평가(scene_assessment)는 전방 차량 간 충돌로 인한 중형 화재와 연기, 도로 일부분 파손이 관찰되었다고 요약됩니다.",
            "id": "sample_025_0050_000011",
            "annotations": []
        },
        {
            "sentence": "현장에서 수행한 조치(actions_taken)는 소화진압, 위험구역 차단, 응급처치 및 트리아지, 유해물질 1차 차단 순으로 기록되었습니다.",
            "id": "sample_025_0050_000012",
            "annotations": []
        },
        {
            "sentence": "환자수는 총 4명이며 트리아지 결과 patient_1=Red(patient_id_001), patient_2=Yellow(patient_id_002), patient_3=Green, patient_4=Yellow로 분류되었습니다.",
            "id": "sample_025_0050_000013",
            "annotations": []
        },
        {
            "sentence": "병원 이송 목적지는 서울중앙병원 응급의료센터로 지시되었고 AMB-12은 ETA 2026-01-07T14:55:20Z로 전송되었습니다.",
            "id": "sample_025_0050_000014",
            "annotations": []
        },
        {
            "sentence": "자원배분(resource_allocation)에는 HAZMAT 킷 1세트, 공기호흡기 4대, 이동식제세동기(MAED) 1대, 소방호스 2본이 포함되었습니다.",
            "id": "sample_025_0050_000015",
            "annotations": []
        },
        {
            "sentence": "첨부자료는 사진과 영상이며 예: photo_url=https://evidence.worm.example/INC-20260107-0003/photo_01.jpg sha256=3a7d2f... device_id=CAM-2026-0007 capture_ts=2026-01-07T14:36:11Z로 메타데이터가 동봉됩니다.",
            "id": "sample_025_0050_000016",
            "annotations": []
        },
        {
            "sentence": "증거성 자료의 체인오브커스토디는 저장 경로 /srv/internal/evidence/025_INC-20260107-0003 및 evidence_server_ip=10.4.22.19와 함께 접근 로그를 포함합니다.",
            "id": "sample_025_0050_000017",
            "annotations": [
                {
                    "word": "/srv/internal/evidence/025_INC-20260107-0003",
                    "start": 24,
                    "end": 68,
                    "label": "기밀정보"
                },
                {
                    "word": "10.4.22.19",
                    "start": 90,
                    "end": 100,
                    "label": "기밀정보"
                }
            ]
        },
        {
            "sentence": "접근 로그 예시: 2026-01-07T15:10:00Z 사용자 김한솔 action=download reason='AAR 작성'로 기록되었고 접근은 RBAC 기반으로 통제됩니다.",
            "id": "sample_025_0050_000018",
            "annotations": [
                {
                    "word": "김한솔",
                    "start": 35,
                    "end": 38,
                    "label": "개인정보"
                }
            ]
        },
        {
            "sentence": "체인오브커스토디 추가 로그: 2026-01-08T09:05:22Z 사용자 윤순희 action=seal evidence_id=025_INC-20260107-0003으로 증거 봉인 절차가 완료되었습니다.",
            "id": "sample_025_0050_000019",
            "annotations": [
                {
                    "word": "윤순희",
                    "start": 41,
                    "end": 44,
                    "label": "개인정보"
                }
            ]
        },
        {
            "sentence": "GIS 경계는 GeoJSON으로 저장되며 예시 폴리곤은 {\"type\":\"Polygon\",\"coordinates\":[[[127.0665,37.5088],[127.0670,37.5088],[127.0670,37.5092],[127.0665,37.5092],[127.0665,37.5088]]]}로 기록됩니다.",
            "id": "sample_025_0050_000020",
            "annotations": []
        },
        {
            "sentence": "현장 기상조건은 기온 2°C, 풍속 5m/s 북동풍, 가시거리 3km, 강수 없음으로 보고되어 소방진압 전략에 반영되었습니다.",
            "id": "sample_025_0050_000021",
            "annotations": []
        },
        {
            "sentence": "현장에 보고된 위험물은 차량 연료 및 에틸렌 글리콜 일부 누출 의심으로 HAZMAT 절차에 따라 1차 차단 및 오염물질 격리가 수행되었습니다.",
            "id": "sample_025_0050_000022",
            "annotations": []
        },
        {
            "sentence": "시스템 연동 및 상호운용성은 NEMSIS, NFIRS, CAP, EDXL 표준을 우선 적용하며 로컬 코드맵은 주석으로 연계해 해석을 보장합니다.",
            "id": "sample_025_0050_000023",
            "annotations": []
        },
        {
            "sentence": "실시간 업데이트 필드는 version=3, status_code=live, history=[{ts:2026-01-07T14:33:05Z,code:enroute},{ts:2026-01-07T14:38:42Z,code:onscene}]로 이력 관리됩니다.",
            "id": "sample_025_0050_000024",
            "annotations": []
        },
        {
            "sentence": "데이터 품질 이슈로 CCTV 스트림 일부가 18초 지연되어 'delayed_stream' 코드가 부여되었으며 지연·결손에 대한 거버넌스 레코드가 유지됩니다.",
            "id": "sample_025_0050_000025",
            "annotations": []
        },
        {
            "sentence": "보안 조치는 저장 중 AES-256 암호화, 전송 중 TLS 1.3, 접근은 RBAC로 제한하며 모든 감사 로그은 무결성 검증을 위해 서명됩니다.",
            "id": "sample_025_0050_000026",
            "annotations": []
        },
        {
            "sentence": "사후분석(AAR) 요약: 초동대응은 신속했으나 교통우회 및 추가 인력 배치에서 병목 발생이 관찰되어 개선 권고가 포함됩니다.",
            "id": "sample_025_0050_000027",
            "annotations": []
        },
        {
            "sentence": "법적·윤리적 제약에 따라 PII 및 민감자료의 외부공유는 영장 또는 명시적 정책 승인 시에만 허용된다는 점을 명시합니다.",
            "id": "sample_025_0050_000028",
            "annotations": []
        },
        {
            "sentence": "후속협의 담당자는 엄도혁으로 지정되어 담당 연락 및 내부 검토를 조정하도록 지시되었습니다.",
            "id": "sample_025_0050_000029",
            "annotations": [
                {
                    "word": "엄도혁",
                    "start": 10,
                    "end": 13,
                    "label": "개인정보"
                }
            ]
        },
        {
            "sentence": "문서 버전은 1.2이며 본 파일은 시스템에 의해 2026-01-07T16:00:00Z에 생성되었고 다음 점검일은 2026-01-14로 계획되어 있습니다.",
            "id": "sample_025_0050_000030",
            "annotations": []
        }
    ]
}