{
    "document_id": "043_0045",
    "document_title": "웨어러블 바이오센서 데이터 사양서 및 임상·비임상 데이터 관리 지침",
    "data": [
        {
            "sentence": "문서 개요: 본 문서는 웨어러블 기술 및 개인 건강 기기에서 생성되는 원시 센서 데이터와 메타데이터의 생성, 저장, 전송, 검증 절차를 기술합니다.",
            "id": "sample_043_0045_000001",
            "annotations": []
        },
        {
            "sentence": "문서 메타데이터: 작성자 정보는 가명화 정책에 따라 표기하며 작성자 예시로 작성자: 김선미(팀내 연락처 비공개, 내부 식별자 사용)를 사용합니다.",
            "id": "sample_043_0045_000002",
            "annotations": [
                {
                    "word": "김선미",
                    "start": 47,
                    "end": 50,
                    "label": "개인정보"
                }
            ]
        },
        {
            "sentence": "기기 식별자 예시: device_id는 조직 내 고유키로 기록되며 본 예시에서는 device_id: DEV-043-AB12(가명 식별자)로 표기합니다.",
            "id": "sample_043_0045_000003",
            "annotations": [
                {
                    "word": "DEV-043-AB12",
                    "start": 56,
                    "end": 68,
                    "label": "개인정보"
                }
            ]
        },
        {
            "sentence": "사용자 식별자 예시: user_id는 익명화된 토큰으로 제공되어야 하며 예시값으로 user_id: UID_043_0001을 사용합니다.",
            "id": "sample_043_0045_000004",
            "annotations": [
                {
                    "word": "UID_043_0001",
                    "start": 55,
                    "end": 67,
                    "label": "개인정보"
                }
            ]
        },
        {
            "sentence": "타임스탬프 표기: 모든 시계열 항목은 ISO8601/UTC 타임스탬프와 타임존을 포함하며 예시로 timestamp: 2024-11-12T08:23:00Z를 사용합니다.",
            "id": "sample_043_0045_000005",
            "annotations": [
                {
                    "word": "2024-11-12T08:23:00Z",
                    "start": 65,
                    "end": 85,
                    "label": "준식별자"
                }
            ]
        },
        {
            "sentence": "위치메타데이터: GPS는 소수점 6자리로 기록하며 gps_latitude: 37.532100, gps_longitude: 127.024600 형태로 저장합니다(위치는 개인식별 가능성 고려 후 접근 통제).",
            "id": "sample_043_0045_000006",
            "annotations": [
                {
                    "word": "37.532100",
                    "start": 42,
                    "end": 51,
                    "label": "준식별자"
                },
                {
                    "word": "127.024600",
                    "start": 68,
                    "end": 78,
                    "label": "준식별자"
                }
            ]
        },
        {
            "sentence": "센서 사양: ECG는 sensor_type: ECG, sampling_rate: 250 Hz, unit: mV로 기록하고 PPG는 sampling_rate: 64 Hz, unit: a.u.로 표기합니다.",
            "id": "sample_043_0045_000007",
            "annotations": []
        },
        {
            "sentence": "데이터 페이로드: 대용량 시계열은 압축 또는 바이너리 인코딩(base64) 옵션으로 전송하며 예시형식 data_payload: base64(<zlib-compressed-ecg-block>)로 명세합니다.",
            "id": "sample_043_0045_000008",
            "annotations": []
        },
        {
            "sentence": "노이즈·결손 시뮬레이션: 센서별 잡음 특성, 드롭아웃 패턴 및 벤더 오프셋을 메타데이터로 기록하며 예시로 battery_level: 78%와 transient dropout 비율 2.3%를 포함합니다.",
            "id": "sample_043_0045_000009",
            "annotations": []
        },
        {
            "sentence": "펌웨어·버전관리: 각 레코드에 firmware_version: fw_v3.2.1과 processing_pipeline_version: 1.4.0을 포함하여 재현성을 보장합니다.",
            "id": "sample_043_0045_000010",
            "annotations": []
        },
        {
            "sentence": "캘리브레이션 기록: calibration_date 필드는 ISO8601 형식으로 보관하며 예시값 calibration_date: 2024-11-01을 기재합니다.",
            "id": "sample_043_0045_000011",
            "annotations": [
                {
                    "word": "2024-11-01",
                    "start": 72,
                    "end": 82,
                    "label": "준식별자"
                }
            ]
        },
        {
            "sentence": "동의 및 보존정책: consent_status와 data_retention_policy를 각 사용자 레코드에 연결하며 동의 철회 시 로그와 삭제 경로를 즉시 실행합니다.",
            "id": "sample_043_0045_000012",
            "annotations": []
        },
        {
            "sentence": "데이터 품질지표: data_quality_score는 0-100 스케일이며 노이즈·아티팩트 비율, 결손율을 종합하여 계산합니다(예: 87.5).",
            "id": "sample_043_0045_000013",
            "annotations": []
        },
        {
            "sentence": "임상·비임상 표기: 임상검증 데이터는 clinical_context: true로 명시하고 비임상 실사용 데이터는 clinical_context: false로 분리하여 관리합니다.",
            "id": "sample_043_0045_000014",
            "annotations": []
        },
        {
            "sentence": "상호운용성: BLE LE 연결 메타데이터와 FHIR 매핑 정보를 포함하며 예를 들어 FHIR Observation 리소스 맵핑을 제공해야 합니다.",
            "id": "sample_043_0045_000015",
            "annotations": []
        },
        {
            "sentence": "프로세싱 버전: processing_pipeline_version: 1.4.0은 파싱·필터링·아티팩트 제거 알고리즘 버전을 명확히 합니다.",
            "id": "sample_043_0045_000016",
            "annotations": []
        },
        {
            "sentence": "보안·전송: 데이터 전송은 TLS1.3 기반 암호화를 권장하고 키 관리, 무결성 검증 절차를 메타데이터로 기록합니다.",
            "id": "sample_043_0045_000017",
            "annotations": []
        },
        {
            "sentence": "상호연결 표준: BLE, ANT+, IEEE 11073 지원 여부를 명시하여 EHR 연계 시 표준 준수를 확인합니다.",
            "id": "sample_043_0045_000018",
            "annotations": []
        },
        {
            "sentence": "라벨링 프로세스: 활동 라벨은 activity_label로 표기하고 라벨 불균형 문제 해결을 위한 샘플링·어노테이션 QA 절차를 기술합니다.",
            "id": "sample_043_0045_000019",
            "annotations": []
        },
        {
            "sentence": "샘플링·전송 정책: 배터리 제약에 따른 적응형 샘플링, 배치 업로드 스케줄, 전송 우선순위 정책을 명세합니다.",
            "id": "sample_043_0045_000020",
            "annotations": []
        },
        {
            "sentence": "수면·활동 지표: sleep_stage는 Wake/N1/N2/N3/REM로 표기하고 activity_label은 walking/running/sedentary 등 표준 레이블을 사용합니다.",
            "id": "sample_043_0045_000021",
            "annotations": []
        },
        {
            "sentence": "이벤트 검출: event_type 필드는 fall, arrhythmia 등이고 이벤트 발생 로그에는 이벤트 타임스탬프 및 관련 센서 스니펫을 포함합니다.",
            "id": "sample_043_0045_000022",
            "annotations": []
        },
        {
            "sentence": "하드웨어 상태 이벤트 예시: 배터리 급감 이벤트는 timestamp: 2024-10-15T12:00:00Z와 함께 기록되어 장애 원인 분석에 사용됩니다.",
            "id": "sample_043_0045_000023",
            "annotations": [
                {
                    "word": "2024-10-15T12:00:00Z",
                    "start": 39,
                    "end": 59,
                    "label": "준식별자"
                }
            ]
        },
        {
            "sentence": "캘리브레이션 히스토리 예시: 히스토리에는 2024-10-20T00:00:00Z 교정값 및 2024-11-01T09:00:00Z 재교정 항목이 포함되어 추적 가능합니다.",
            "id": "sample_043_0045_000024",
            "annotations": [
                {
                    "word": "2024-10-20T00:00:00Z",
                    "start": 23,
                    "end": 43,
                    "label": "준식별자"
                },
                {
                    "word": "2024-11-01T09:00:00Z",
                    "start": 50,
                    "end": 70,
                    "label": "준식별자"
                }
            ]
        },
        {
            "sentence": "제조사 문서: manufacturer_document은 공개 URL 또는 내부 접근 통제 URL로 제공하며 예시로 https://manufacturer.example.com/043_datasheet.pdf를 표기합니다.",
            "id": "sample_043_0045_000025",
            "annotations": []
        },
        {
            "sentence": "임상검증 보고서: clinical_validation_report는 규제 제출용 문서로 링크 예시 https://clinical.example.org/reports/043_validation.pdf를 기재합니다.",
            "id": "sample_043_0045_000026",
            "annotations": []
        },
        {
            "sentence": "데이터 접근과 동의 철회 시나리오: consent_status 변경 시 접근 로그를 남기고 data_retention_policy에 따라 삭제 작업 및 검증 로그를 생성합니다.",
            "id": "sample_043_0045_000027",
            "annotations": []
        },
        {
            "sentence": "삭제 경로 및 로그: 사용자의 동의 철회는 삭제요청 ID로 추적되며 삭제 완료 후 audit_log에 삭제 사유와 타임스탬프를 기록합니다.",
            "id": "sample_043_0045_000028",
            "annotations": []
        },
        {
            "sentence": "보안 감사: 데이터 접근권한, 키 회전, 전송·저장 암호화 정책 및 정기 보안 리뷰 절차를 문서화합니다.",
            "id": "sample_043_0045_000029",
            "annotations": []
        },
        {
            "sentence": "결론 및 액션아이템: 문서에 명시된 표준을 따라 구현·검증하며 임상검증 필요 항목은 규제 제출 전 별도 리뷰를 수행합니다.",
            "id": "sample_043_0045_000030",
            "annotations": []
        }
    ]
}