{
    "document_id": "043_0073",
    "document_title": "웨어러블 기기 통합 데이터 사양서 및 임상연계 메타데이터",
    "data": [
        {
            "sentence": "본 문서는 손목형 웨어러블과 패치형 개인건강기기에서 생성되는 원시센서 및 파생지표의 통합 사양과 메타데이터를 정의합니다.",
            "id": "sample_043_0073_000001",
            "annotations": []
        },
        {
            "sentence": "문서는 데이터 캡처, 전처리, 품질지표, 캘리브레이션 히스토리 및 규제·보안 준수 요건을 포함하여 총괄적으로 기술합니다.",
            "id": "sample_043_0073_000002",
            "annotations": []
        },
        {
            "sentence": "장치 식별자는 익명화된 해시로 기록되며 예시 형식으로 device_id: hsh_a1b2c3d4e5f6 로 표기됩니다.",
            "id": "sample_043_0073_000003",
            "annotations": [
                {
                    "word": "hsh_a1b2c3d4e5f6",
                    "start": 41,
                    "end": 57,
                    "label": "개인정보"
                }
            ]
        },
        {
            "sentence": "사용자 식별자는 가명화된 토큰으로 관리하며 예시 형식으로 user_id: uid_9f8e7d6c 를 사용해 로그와 메타데이터를 연계합니다.",
            "id": "sample_043_0073_000004",
            "annotations": [
                {
                    "word": "uid_9f8e7d6c",
                    "start": 41,
                    "end": 53,
                    "label": "개인정보"
                }
            ]
        },
        {
            "sentence": "동의 기반으로 수집되는 사용자 인구통계 예시는 성별: 남성 과 같은 준식별자 항목을 포함할 수 있습니다.",
            "id": "sample_043_0073_000005",
            "annotations": [
                {
                    "word": "남성",
                    "start": 30,
                    "end": 32,
                    "label": "준식별자"
                }
            ]
        },
        {
            "sentence": "연령대 표기는 우선권으로 권장되나 특정 연구 필요시 출생연도(예: 출생연도: 1985)만 가명화·분해하여 저장합니다.",
            "id": "sample_043_0073_000006",
            "annotations": [
                {
                    "word": "1985",
                    "start": 43,
                    "end": 47,
                    "label": "준식별자"
                }
            ]
        },
        {
            "sentence": "위치 정보는 해상도 제어를 적용하며 샘플 예시는 gps_latitude: 37.5665, gps_longitude: 126.9780 로 메타데이터에 기록됩니다.",
            "id": "sample_043_0073_000007",
            "annotations": [
                {
                    "word": "37.5665",
                    "start": 41,
                    "end": 48,
                    "label": "준식별자"
                },
                {
                    "word": "126.9780",
                    "start": 65,
                    "end": 73,
                    "label": "준식별자"
                }
            ]
        },
        {
            "sentence": "펌웨어 정보는 firmware_version: 3.2.1 형식으로 기재하며, 기기-펌웨어 매핑은 변경 이력과 함께 저장합니다.",
            "id": "sample_043_0073_000008",
            "annotations": []
        },
        {
            "sentence": "센서별 샘플링레이트는 센서명과 함께 표기하며 예시는 ECG 250 Hz, PPG 64 Hz, ACC 50 Hz, GYRO 50 Hz 로 기록합니다.",
            "id": "sample_043_0073_000009",
            "annotations": []
        },
        {
            "sentence": "각 시계열 항목에는 단위(unit), 샘플링레이트, ISO8601/UTC 타임스탬프와 타임존 정보가 필수적으로 포함됩니다.",
            "id": "sample_043_0073_000010",
            "annotations": []
        },
        {
            "sentence": "데이터 페이로드는 대용량 시계열의 경우 압축 또는 base64 인코딩으로 전송되며 data_payload: (base64) 형태로 메타데이터에 링크됩니다.",
            "id": "sample_043_0073_000011",
            "annotations": []
        },
        {
            "sentence": "센서별 잡음 특성은 주파수대별 SNR, vendor_offset, drift 계수로 기술되어 모델 학습 시 보정 파라미터로 사용합니다.",
            "id": "sample_043_0073_000012",
            "annotations": []
        },
        {
            "sentence": "데이터 결손은 드롭아웃 패턴과 결손 비율로 시뮬레이션하며 예시로 드롭아웃율 0.8% 와 지터 5 ms 분포를 명시합니다.",
            "id": "sample_043_0073_000013",
            "annotations": []
        },
        {
            "sentence": "데이터 품질 스코어는 센서별 알고리즘으로 산출하며 예시로 data_quality_score: 0.87(0.0-1.0) 형태로 저장합니다.",
            "id": "sample_043_0073_000014",
            "annotations": []
        },
        {
            "sentence": "캘리브레이션 이력은 calibration_date: 2024-11-15 와 보정계수, 담당 절차서를 연계하여 불일치 추적을 가능하게 합니다.",
            "id": "sample_043_0073_000015",
            "annotations": []
        },
        {
            "sentence": "동의 상태와 보존정책은 consent_status: consented 및 data_retention_policy: 5 years 와 같이 규정별로 명시합니다.",
            "id": "sample_043_0073_000016",
            "annotations": []
        },
        {
            "sentence": "임상 데이터와 비임상(현장) 데이터는 source_context 필드로 구분하며 임상검증 데이터는 별도 접근제어를 적용합니다.",
            "id": "sample_043_0073_000017",
            "annotations": []
        },
        {
            "sentence": "상호운용성 메타데이터는 Bluetooth LE 프로파일, ANT+, 그리고 FHIR 매핑 정보(예: Observation 프로필)를 포함합니다.",
            "id": "sample_043_0073_000018",
            "annotations": []
        },
        {
            "sentence": "처리 파이프라인 버전과 펌웨어 버전은 processing_pipeline_version: 2025.01 및 firmware_version: 3.2.1 로 일치시켜 기록합니다.",
            "id": "sample_043_0073_000019",
            "annotations": []
        },
        {
            "sentence": "배터리 상태는 battery_level: 78% 와 배터리 사이클 수, 충전 히스토리를 함께 저장하여 전송 정책에 반영합니다.",
            "id": "sample_043_0073_000020",
            "annotations": []
        },
        {
            "sentence": "이벤트 라벨은 activity_label, sleep_stage, event_type 필드를 사용하며 예시로 event_type: arrhythmia, fall 이 명시됩니다.",
            "id": "sample_043_0073_000021",
            "annotations": []
        },
        {
            "sentence": "제조사 문서는 manufacturer_document: https://www.example-manufacturer.com/manual.pdf 형태의 공개 URL을 우선 연결합니다.",
            "id": "sample_043_0073_000022",
            "annotations": []
        },
        {
            "sentence": "임상검증보고서는 clinical_validation_report: https://clinical.example.com/report_v1.pdf 로 버전과 검증 상태를 메타데이터에 명시합니다.",
            "id": "sample_043_0073_000023",
            "annotations": []
        },
        {
            "sentence": "데이터 수집 인게스트 엔드포인트는 내부망과 외부망으로 구분되며 내부 예시로 ingest_endpoint: https://ingest.internal.corp 를 사용합니다.",
            "id": "sample_043_0073_000024",
            "annotations": [
                {
                    "word": "https://ingest.internal.corp",
                    "start": 59,
                    "end": 87,
                    "label": "기밀정보"
                }
            ]
        },
        {
            "sentence": "보안 관련 기밀 정보는 별도 암호화 및 접근제어 대상이며 내부 서버 주소 예시로 내부 서버 IP: 10.0.8.23 가 로그에 남습니다.",
            "id": "sample_043_0073_000025",
            "annotations": [
                {
                    "word": "10.0.8.23",
                    "start": 55,
                    "end": 64,
                    "label": "기밀정보"
                }
            ]
        },
        {
            "sentence": "운영상 필요시 VPN 엔드포인트는 vpn.internal.corp 와 같이 비공개 네임스페이스에 기록되어 내부 기밀로 취급합니다.",
            "id": "sample_043_0073_000026",
            "annotations": [
                {
                    "word": "vpn.internal.corp",
                    "start": 19,
                    "end": 36,
                    "label": "기밀정보"
                }
            ]
        },
        {
            "sentence": "API 키나 시크릿은 평문 저장을 금지하며 예시로 api_key: REDACTED_ABC123_INTERNAL 처럼 마스킹하여 기밀로 처리합니다.",
            "id": "sample_043_0073_000027",
            "annotations": [
                {
                    "word": "REDACTED_ABC123_INTERNAL",
                    "start": 37,
                    "end": 61,
                    "label": "기밀정보"
                }
            ]
        },
        {
            "sentence": "데이터 접근·삭제 로그는 consent 철회 시 자동으로 트리거되며 삭제 경로와 감사로그 보존정책을 함께 기술합니다.",
            "id": "sample_043_0073_000028",
            "annotations": []
        },
        {
            "sentence": "문서와 데이터셋 간 연계는 출처, 버전, 검증 상태로 항상 명시하며 규제 제출용 문서와의 매핑을 유지합니다.",
            "id": "sample_043_0073_000029",
            "annotations": []
        },
        {
            "sentence": "행동요청 항목으로는 개인정보 비식별화 정책 검토, 캘리브레이션 주기표 업데이트, 임상검증 리포트의 버전 확인을 권장합니다.",
            "id": "sample_043_0073_000030",
            "annotations": []
        }
    ]
}