{
    "document_id": "043_0058",
    "document_title": "웨어러블 센서 데이터 사양서 및 임상검증 연계 문서",
    "data": [
        {
            "sentence": "본 문서는 웨어러블 기술 및 개인 건강 기기에서 생성되는 원시 센서 데이터, 파생 지표, 메타데이터 및 검증 문서를 통합하여 서술한다.",
            "id": "sample_043_0058_000001",
            "annotations": []
        },
        {
            "sentence": "문서는 장치 사양, 샘플링 정책, 노이즈 모델, 캘리브레이션 이력, 데이터 품질 지표, 보안·규제 준수 항목을 포함한다.",
            "id": "sample_043_0058_000002",
            "annotations": []
        },
        {
            "sentence": "예시 레코드의 핵심 식별자는 가명화 처리되어 있으며 device_id 및 user_id는 역식별 불가능한 해시 또는 접두사 형태로 제공한다.",
            "id": "sample_043_0058_000003",
            "annotations": []
        },
        {
            "sentence": "샘플 레코드: device_id: dev_043_0001 (pseudonymized), user_id: usr_e3f45b9a (pseudonymized), 처리파이프라인 버전 processing_pipeline_version: v2.4.1.",
            "id": "sample_043_0058_000004",
            "annotations": []
        },
        {
            "sentence": "각 시계열 항목은 ISO8601 기준 UTC 타임스탬프를 포함하며 예: 2025-11-05T13:45:30Z, timezone: UTC로 동기화 및 드리프트 보정 절차를 명시한다.",
            "id": "sample_043_0058_000005",
            "annotations": []
        },
        {
            "sentence": "센서 메타: sensor_type: ECG, sampling_rate: 250 Hz, unit: mV, data_payload: base64로 인코딩된 바이너리 또는 압축된 JSON 배열 옵션을 제공한다.",
            "id": "sample_043_0058_000006",
            "annotations": []
        },
        {
            "sentence": "PPG 센서 예: sensor_type: PPG, sampling_rate: 100 Hz, unit: arbitrary units, 노이즈 특성으로 저주파 드리프트와 심박주기별 미세아티팩트를 시뮬레이션한다.",
            "id": "sample_043_0058_000007",
            "annotations": []
        },
        {
            "sentence": "IMU 예: ACC 3축 sampling_rate: 50 Hz, unit: m/s^2, GYRO sampling_rate: 50 Hz, unit: deg/s, 축별 바이어스와 시간상 드리프트를 포함한 현실적 잡음을 추가한다.",
            "id": "sample_043_0058_000008",
            "annotations": []
        },
        {
            "sentence": "타임스탬프 정합성 보장을 위해 NTP 기반 동기화 로그와 타임스탬프 오프셋 보정값을 각 레코드에 포함시킨다.",
            "id": "sample_043_0058_000009",
            "annotations": []
        },
        {
            "sentence": "배터리 및 하드웨어 상태는 battery_level: 82%, firmware_version: fw_3.1.0, hw_revision: r1를 포함하여 전송 정책과 연동된 전력 관리 로그를 제공한다.",
            "id": "sample_043_0058_000010",
            "annotations": []
        },
        {
            "sentence": "GPS 위치는 샘플에 따라 배치 업로드 시점에 기록되며 gps_latitude: 37.498, gps_longitude: 127.027 같은 형식으로 저장하되 민감도에 따라 공간 해상도를 저하시킬 수 있다.",
            "id": "sample_043_0058_000011",
            "annotations": []
        },
        {
            "sentence": "활동 레이블은 activity_label: walking, running, stationary 등으로 표기하며 라벨링 신뢰도와 라벨링 비용·불균형을 고려한 품질보증 절차를 포함한다.",
            "id": "sample_043_0058_000012",
            "annotations": []
        },
        {
            "sentence": "수면 관련 파생지표는 sleep_stage: N1/N2/N3/REM/awake를 포함하며 임상검증 데이터와 비임상 필드데이터를 분리 표기한다.",
            "id": "sample_043_0058_000013",
            "annotations": []
        },
        {
            "sentence": "이벤트 검출 예: event_type: fall, arrhythmia, detection_confidence: 0.92, 이벤트 발생 타임스탬프 및 전후 윈도우 데이터를 함께 저장한다.",
            "id": "sample_043_0058_000014",
            "annotations": []
        },
        {
            "sentence": "데이터 품질 지표로 data_quality_score은 0~1 스케일이며 결손율, 노이즈 비율, 아티팩트 비율을 가중합하여 계산한 값을 포함한다.",
            "id": "sample_043_0058_000015",
            "annotations": []
        },
        {
            "sentence": "캘리브레이션 이력은 calibration_date: 2025-03-10 및 보정계수 목록을 기록하고, 벤더별 오프셋과 보정 적용 버전 이력을 유지한다.",
            "id": "sample_043_0058_000016",
            "annotations": []
        },
        {
            "sentence": "보안·규제 메타데이터: consent_status: consent_given (scope: data_sharing: analytics, clinical_validation), data_retention_policy: 5 years or user-requested deletion.",
            "id": "sample_043_0058_000017",
            "annotations": []
        },
        {
            "sentence": "데이터 전송 및 저장은 TLS 1.3 및 AES-256 암호화를 권장하며 무결성 검증을 위한 서명 필드(signature)와 키관리 절차를 명시한다.",
            "id": "sample_043_0058_000018",
            "annotations": []
        },
        {
            "sentence": "상호운용성 항목으로 Bluetooth LE GATT 프로파일, FHIR 매핑(Observation, Device, Patient 리소스 매핑 지침) 및 SDK 버전 정보를 포함한다.",
            "id": "sample_043_0058_000019",
            "annotations": []
        },
        {
            "sentence": "임상·비임상 구분은 clinical_validation_report: https://example.org/reports/clinval_v1.pdf 및 field_dataset: field_v2 메타를 통해 명확히 표시된다.",
            "id": "sample_043_0058_000020",
            "annotations": []
        },
        {
            "sentence": "전송 정책은 실시간 스트리밍과 배치 업로드의 대역폭 제약을 고려하여 샘플링레이트 우선순위, 압축 스킴, 델타 인코딩을 지정한다.",
            "id": "sample_043_0058_000021",
            "annotations": []
        },
        {
            "sentence": "노이즈 시뮬레이션은 센서별 Gaussian 바이어스, 랜덤 드롭아웃(예: 0.5%~3%), 모션 아티팩트 주기성을 포함하여 현실적인 모델로 구성한다.",
            "id": "sample_043_0058_000022",
            "annotations": []
        },
        {
            "sentence": "모델 학습용 샘플은 임상적 오도 가능성을 최소화하기 위해 라벨링 설명서, 데이터 증강 규칙, 합성 노이즈 파라미터를 함께 제공한다.",
            "id": "sample_043_0058_000023",
            "annotations": []
        },
        {
            "sentence": "데이터 접근 권한은 역할기반 접근제어(RBAC)를 적용하며, 동의 철회 시 로그 기록과 실데이터 삭제 경로(delete_request_id, deletion_timestamp)를 명시한다.",
            "id": "sample_043_0058_000024",
            "annotations": []
        },
        {
            "sentence": "문서와 데이터셋 간 연계는 manufacturer_document: https://example.org/docs/device_spec_v1.pdf, clinical_validation_report: https://example.org/reports/clinval_v1.pdf으로 관리된다.",
            "id": "sample_043_0058_000025",
            "annotations": []
        },
        {
            "sentence": "현장 운영을 위한 인프라 예시: server_ip: 10.8.0.42, API 엔드포인트 및 내부 네트워크 구성은 기밀정보로 분류되어 접근권한을 제한한다.",
            "id": "sample_043_0058_000026",
            "annotations": [
                {
                    "word": "server_ip: 10.8.0.42",
                    "start": 18,
                    "end": 38,
                    "label": "기밀정보"
                }
            ]
        },
        {
            "sentence": "시험 데이터 예시 레코드에는 ECG 시계열(250 Hz, unit: mV), 타임스탬프 2025-11-05T13:45:30Z, data_payload는 base64 압축 형식으로 첨부된다.",
            "id": "sample_043_0058_000027",
            "annotations": []
        },
        {
            "sentence": "사용자 메타는 동의 기반으로 최소한의 준식별자만 수집하며 예: 성별: 남성, 생년월일: 1985-06-12, 시/군/구: 서울특별시 강남구 등은 연구 목적에 따라 가명화 또는 집계 처리된다.",
            "id": "sample_043_0058_000028",
            "annotations": [
                {
                    "word": "성별: 남성",
                    "start": 35,
                    "end": 41,
                    "label": "준식별자"
                },
                {
                    "word": "생년월일: 1985-06-12",
                    "start": 43,
                    "end": 59,
                    "label": "준식별자"
                },
                {
                    "word": "시/군/구: 서울특별시 강남구",
                    "start": 61,
                    "end": 77,
                    "label": "준식별자"
                }
            ]
        },
        {
            "sentence": "데이터 버전관리 및 재현성을 위해 processing_pipeline_version: v2.4.1, firmware_version: fw_3.1.0, 모델 버전 및 학습 데이터셋 버전을 명시한다.",
            "id": "sample_043_0058_000029",
            "annotations": []
        },
        {
            "sentence": "결론 및 권고: 규제 준수(HIPAA/GDPR), 임상검증 문서 연계, 강력한 암호화 및 접근제어, 캘리브레이션·품질지표의 지속적 모니터링을 권장한다.",
            "id": "sample_043_0058_000030",
            "annotations": []
        }
    ]
}