{
    "document_id": "043_0056",
    "document_title": "웨어러블 기기 데이터 스펙 및 보안·임상검증 가이드",
    "data": [
        {
            "sentence": "본 문서는 웨어러블 기술 및 개인 건강 기기에서 생성되는 시계열 데이터와 메타데이터의 스펙, 보안, 검증 절차를 기술합니다.",
            "id": "sample_043_0056_000001",
            "annotations": []
        },
        {
            "sentence": "문서는 장치 사양, 센서별 샘플링 정책, 데이터 파이프라인 버전관리, 규제 준수 요구사항을 포괄적으로 설명합니다.",
            "id": "sample_043_0056_000002",
            "annotations": []
        },
        {
            "sentence": "해당 파일은 내부 식별자 document_id: 043_0056로 관리되며 버전 이력과 연결된 메타데이터가 포함되어 있습니다.",
            "id": "sample_043_0056_000003",
            "annotations": []
        },
        {
            "sentence": "기기 식별자(device_id)는 dev_ae3f4b21로 표기되며 모든 전송 로그는 이 식별자와 연동됩니다.",
            "id": "sample_043_0056_000004",
            "annotations": [
                {
                    "word": "dev_ae3f4b21",
                    "start": 19,
                    "end": 31,
                    "label": "개인정보"
                }
            ]
        },
        {
            "sentence": "사용자 식별자(user_id)는 가명 처리된 usr_9f8b7c6a로 표기되며 원본 매핑은 안전한 키관리 시스템에 보관됩니다.",
            "id": "sample_043_0056_000005",
            "annotations": [
                {
                    "word": "usr_9f8b7c6a",
                    "start": 25,
                    "end": 37,
                    "label": "개인정보"
                }
            ]
        },
        {
            "sentence": "기기 일련번호(SN)는 SN:12345678로 기록되며, 제조 보증 및 교체 이력 조회에 사용됩니다.",
            "id": "sample_043_0056_000006",
            "annotations": [
                {
                    "word": "SN:12345678",
                    "start": 13,
                    "end": 24,
                    "label": "개인정보"
                }
            ]
        },
        {
            "sentence": "샘플 타임스탬프 예시는 2025-01-07T12:34:56Z(ISO8601/UTC)이며 모든 시계열은 시간대 정보와 함께 동기화됩니다.",
            "id": "sample_043_0056_000007",
            "annotations": [
                {
                    "word": "2025-01-07T12:34:56Z",
                    "start": 13,
                    "end": 33,
                    "label": "준식별자"
                }
            ]
        },
        {
            "sentence": "사용자 기본정보로 성별(sex): female과 출생연도(birth_year): 1985가 동의 기반으로 수집될 수 있습니다.",
            "id": "sample_043_0056_000008",
            "annotations": [
                {
                    "word": "female",
                    "start": 19,
                    "end": 25,
                    "label": "준식별자"
                }
            ]
        },
        {
            "sentence": "GPS 좌표 예시는 gps_latitude: 37.5665, gps_longitude: 126.9780로 표기되며 위치 민감도에 따라 샘플링을 마스킹할 수 있습니다.",
            "id": "sample_043_0056_000009",
            "annotations": [
                {
                    "word": "gps_latitude: 37.5665, gps_longitude: 126.9780",
                    "start": 11,
                    "end": 57,
                    "label": "준식별자"
                }
            ]
        },
        {
            "sentence": "ECG 센서(ECG) 샘플링레이트는 250 Hz, 단위는 mV이며 data_payload는 대용량이라 base64로 압축 표기됩니다.",
            "id": "sample_043_0056_000010",
            "annotations": []
        },
        {
            "sentence": "PPG 센서(PPG)는 64 Hz, 단위는 %IR이며 vendor_offset: +0.012와 센서별 노이즈 스펙이 문서화되어 있습니다.",
            "id": "sample_043_0056_000011",
            "annotations": []
        },
        {
            "sentence": "가속도계(ACC)와 자이로(GYRO)는 각각 50 Hz 및 50 Hz로 샘플링되며 단위는 m/s^2와 deg/s로 표기됩니다.",
            "id": "sample_043_0056_000012",
            "annotations": []
        },
        {
            "sentence": "데이터 페이로드 예시는 base64로 인코딩된 바이너리 스트림이며 압축 메타데이터(compression: 'zstd', chunk_size: 32KB)를 포함합니다.",
            "id": "sample_043_0056_000013",
            "annotations": []
        },
        {
            "sentence": "펌웨어 버전 firmware_version: 3.2.1과 processing_pipeline_version: v2.7.0이 로그에 함께 남습니다.",
            "id": "sample_043_0056_000014",
            "annotations": []
        },
        {
            "sentence": "배터리 상태 battery_level: 78%와 하드웨어 온도 sensor_temp: 36.1°C는 전송 시 우선순위와 압축 정책에 따라 다르게 처리됩니다.",
            "id": "sample_043_0056_000015",
            "annotations": []
        },
        {
            "sentence": "데이터 품질 스코어 data_quality_score는 0.91로 표기되며 결측률과 잡음비율이 별도 필드로 저장됩니다.",
            "id": "sample_043_0056_000016",
            "annotations": []
        },
        {
            "sentence": "캘리브레이션 히스토리에는 calibration_date: 2024-12-15, technician_id: tech_4bda로 기록되어 있습니다.",
            "id": "sample_043_0056_000017",
            "annotations": [
                {
                    "word": "2024-12-15",
                    "start": 32,
                    "end": 42,
                    "label": "준식별자"
                },
                {
                    "word": "tech_4bda",
                    "start": 59,
                    "end": 68,
                    "label": "개인정보"
                }
            ]
        },
        {
            "sentence": "임상검증보고서(clinical_validation_report)는 https://clinical.example.com/reports/valid_v1.pdf에 공개되어 있으며 검증 상태는 'non-significant' 표기입니다.",
            "id": "sample_043_0056_000018",
            "annotations": []
        },
        {
            "sentence": "제조사 문서(manufacturer_document)는 공개 문서 https://manufacturer.example.com/docs/manual_v2.pdf와 내부 문서 https://internal-api.corp/private/keys로 구분됩니다.",
            "id": "sample_043_0056_000019",
            "annotations": [
                {
                    "word": "https://internal-api.corp/private/keys",
                    "start": 96,
                    "end": 134,
                    "label": "기밀정보"
                }
            ]
        },
        {
            "sentence": "보안 요건으로 전송 시 TLS1.3과 AES-256-GCM 암호화를 적용하며 키 관리 관련 내부 엔드포인트는 별도 접근 제어가 필요합니다.",
            "id": "sample_043_0056_000020",
            "annotations": []
        },
        {
            "sentence": "상호운용성 표준으로 Bluetooth LE와 FHIR 매핑을 제공하며 FHIR 리소스 매핑 예시는 Observation: device and component 구성을 포함합니다.",
            "id": "sample_043_0056_000021",
            "annotations": []
        },
        {
            "sentence": "이벤트 로그에는 fall_detected와 arrhythmia_event 유형이 포함되며 각 이벤트는 UTC 타임스탬프와 confidence 점수를 가집니다.",
            "id": "sample_043_0056_000022",
            "annotations": []
        },
        {
            "sentence": "데이터 보존 정책 data_retention_policy는 조정 가능하며 기본값은 3650일(10년)로 설정되어 있습니다.",
            "id": "sample_043_0056_000023",
            "annotations": []
        },
        {
            "sentence": "동의 상태(consent_status)는 'consented' 또는 'withdrawn'으로 표기되며 철회 시 로그 기록과 데이터 삭제 경로가 자동 실행됩니다.",
            "id": "sample_043_0056_000024",
            "annotations": []
        },
        {
            "sentence": "동의 철회 시 삭제 경로는 삭제요청 -> 검증 -> 복제본 영구삭제 -> 감사로그 생성 순서이며 관련 로그는 encrypted-logs 저장소에 남습니다.",
            "id": "sample_043_0056_000025",
            "annotations": []
        },
        {
            "sentence": "임상 데이터와 비임상 데이터를 구분하여 context: 'clinical' 또는 'field'로 라벨링하며 검증 등급과 사용 제한을 메타데이터로 명시합니다.",
            "id": "sample_043_0056_000026",
            "annotations": []
        },
        {
            "sentence": "라벨링 품질 보증은 이중 검토와 샘플링 기반 재현성 테스트를 포함하며 OCR/manual annotation 절차를 문서화했습니다.",
            "id": "sample_043_0056_000027",
            "annotations": []
        },
        {
            "sentence": "데이터 접근 권한은 최소 권한 원칙에 따라 role-based access control을 적용하며 접근 로그와 삭제 요청은 180일 보관됩니다.",
            "id": "sample_043_0056_000028",
            "annotations": []
        }
    ]
}