{
    "document_id": "043_0097",
    "document_title": "웨어러블 개인건강 기기 데이터 사양서 및 임상검증 연계 문서",
    "data": [
        {
            "sentence": "이 문서는 웨어러블 기술 및 개인 건강 기기 데이터 사양서와 연계 문서를 종합적으로 기술한다.",
            "id": "sample_043_0097_000001",
            "annotations": []
        },
        {
            "sentence": "목적은 장치 원시 센서, 파생 지표, 캘리브레이션 이력 및 규제 문서의 상호 연계를 명확히 하는 것이다.",
            "id": "sample_043_0097_000002",
            "annotations": []
        },
        {
            "sentence": "범위는 손목밴드, 패치형 센서, 스마트워치 및 BLE 기반 데이터 파이프라인을 포함한다.",
            "id": "sample_043_0097_000003",
            "annotations": []
        },
        {
            "sentence": "데이터 항목 예시는 device_id, user_id, timestamp, sensor_type, sampling_rate, data_payload, unit 등이다.",
            "id": "sample_043_0097_000004",
            "annotations": []
        },
        {
            "sentence": "모든 사용자 식별자는 사전 익명화 처리를 거치며 예시로 user_id: usr_9f8e7d6가 가명화 표기된다.",
            "id": "sample_043_0097_000005",
            "annotations": [
                {
                    "word": "usr_9f8e7d6",
                    "start": 40,
                    "end": 51,
                    "label": "준식별자"
                }
            ]
        },
        {
            "sentence": "장치 식별자는 해시 또는 가명화 형식으로 기록되며 예시 device_id: dev_a3f1b2c4가 사용된다.",
            "id": "sample_043_0097_000006",
            "annotations": [
                {
                    "word": "dev_a3f1b2c4",
                    "start": 42,
                    "end": 54,
                    "label": "준식별자"
                }
            ]
        },
        {
            "sentence": "각 시계열 항목은 ISO8601 형식의 timestamp 예시 2025-03-01T10:15:00Z와 함께 타임존(UTC)을 표기한다.",
            "id": "sample_043_0097_000007",
            "annotations": [
                {
                    "word": "2025-03-01T10:15:00Z",
                    "start": 35,
                    "end": 55,
                    "label": "준식별자"
                }
            ]
        },
        {
            "sentence": "샘플링레이트는 센서별로 명시하며 예: ECG 250 Hz, PPG 100 Hz, ACC/GYRO 50 Hz로 설계된다.",
            "id": "sample_043_0097_000008",
            "annotations": []
        },
        {
            "sentence": "데이터 페이로드는 압축 또는 base64 인코딩 옵션으로 전송 가능하며 페이로드 예시는 base64: SGVsbG8...로 표시한다.",
            "id": "sample_043_0097_000009",
            "annotations": []
        },
        {
            "sentence": "GPS 좌표는 프라이버시 보호를 위해 필요한 경우 소수점 셋째자리로 반올림하거나 가공하며 예시 gps_latitude: 37.501234, gps_longitude: 127.039876가 기록된다.",
            "id": "sample_043_0097_000010",
            "annotations": [
                {
                    "word": "37.501234",
                    "start": 67,
                    "end": 76,
                    "label": "준식별자"
                },
                {
                    "word": "127.039876",
                    "start": 93,
                    "end": 103,
                    "label": "준식별자"
                }
            ]
        },
        {
            "sentence": "장치 배터리 및 하드웨어 상태는 battery_level(%)과 battery_serial 예시 BAT-00012345를 같이 기록한다.",
            "id": "sample_043_0097_000011",
            "annotations": [
                {
                    "word": "BAT-00012345",
                    "start": 54,
                    "end": 66,
                    "label": "기밀정보"
                }
            ]
        },
        {
            "sentence": "펌웨어 및 프로세싱 파이프라인 버전은 firmware_version 3.2.1과 processing_pipeline_version 2024-11-01-v2로 관리된다.",
            "id": "sample_043_0097_000012",
            "annotations": [
                {
                    "word": "2024-11-01",
                    "start": 73,
                    "end": 83,
                    "label": "준식별자"
                }
            ]
        },
        {
            "sentence": "캘리브레이션 히스토리는 calibration_date 2024-05-20 및 교정계수와 함께 유지된다.",
            "id": "sample_043_0097_000013",
            "annotations": [
                {
                    "word": "2024-05-20",
                    "start": 30,
                    "end": 40,
                    "label": "준식별자"
                }
            ]
        },
        {
            "sentence": "데이터 품질 스코어는 각 세그먼트별로 0.0~1.0 범위로 제공되며 결손율·아티팩트 비율을 별도 필드로 표기한다.",
            "id": "sample_043_0097_000014",
            "annotations": []
        },
        {
            "sentence": "임상 데이터와 비임상 데이터는 source_context 필드를 통해 'clinical' 또는 'nonclinical'로 구분된다.",
            "id": "sample_043_0097_000015",
            "annotations": []
        },
        {
            "sentence": "임상검증보고서 링크는 clinical_validation_report: https://public.example.org/reports/validation_v1.pdf로 참조된다.",
            "id": "sample_043_0097_000016",
            "annotations": []
        },
        {
            "sentence": "제조사 문서는 manufacturer_document: https://public.example.org/docs/device_spec_v2.pdf에 공개 버전을 제공한다.",
            "id": "sample_043_0097_000017",
            "annotations": []
        },
        {
            "sentence": "보안 및 전송은 TLS 1.3과 BLE 5.2 pairing을 사용하며 키 관리는 별도 보안 운영절차를 따른다.",
            "id": "sample_043_0097_000018",
            "annotations": []
        },
        {
            "sentence": "내부 수집 엔드포인트의 예시는 internal_ingest_url: https://internal-api.prod.example.local/ingest/v1이며 이는 기밀로 분류된다.",
            "id": "sample_043_0097_000019",
            "annotations": [
                {
                    "word": "https://internal-api.prod.example.local/ingest/v1",
                    "start": 38,
                    "end": 87,
                    "label": "기밀정보"
                }
            ]
        },
        {
            "sentence": "수집 서버 IP 예시는 ingest_server_ip: 10.0.12.5로 기밀 네트워크 주소에 해당한다.",
            "id": "sample_043_0097_000020",
            "annotations": [
                {
                    "word": "10.0.12.5",
                    "start": 31,
                    "end": 40,
                    "label": "기밀정보"
                }
            ]
        },
        {
            "sentence": "민감정보 처리는 consent_status 필드로 제어되며 예시 consent_status: granted 및 consent_date: 2024-11-15가 기록된다.",
            "id": "sample_043_0097_000021",
            "annotations": [
                {
                    "word": "2024-11-15",
                    "start": 76,
                    "end": 86,
                    "label": "준식별자"
                }
            ]
        },
        {
            "sentence": "데이터 보존 정책은 data_retention_policy: 5년(임상 데이터는 규정에 따라 별도 보관)으로 명시된다.",
            "id": "sample_043_0097_000022",
            "annotations": []
        },
        {
            "sentence": "동의 철회 시 로그·삭제 경로는 audit_log 및 삭제 API를 통해 처리하며 삭제 요청의 추적 ID는 추적용으로만 보관된다.",
            "id": "sample_043_0097_000023",
            "annotations": []
        },
        {
            "sentence": "파일 시스템 경로 예시는 /srv/secrets/firmware_signing_key.pem이며 이는 내부 기밀자산으로 접근이 엄격히 통제된다.",
            "id": "sample_043_0097_000024",
            "annotations": [
                {
                    "word": "/srv/secrets/firmware_signing_key.pem",
                    "start": 14,
                    "end": 51,
                    "label": "기밀정보"
                }
            ]
        },
        {
            "sentence": "상호운용성은 Bluetooth LE GATT 프로파일과 FHIR 매핑(Observation 리소스)으로 정의되며 매핑 문서는 FHIR 프로파일 버전 r4에 준한다.",
            "id": "sample_043_0097_000025",
            "annotations": []
        },
        {
            "sentence": "라벨링 절차와 품질보증은 라벨링 가이드와 이중 검수로 운영하며 라벨 불균형 문제는 샘플 가중치로 보정한다.",
            "id": "sample_043_0097_000026",
            "annotations": []
        },
        {
            "sentence": "타임스탬프 동기화는 NTP 기반 드리프트 보정과 장치별 RTC 캘리브레이션 이력을 반영한다.",
            "id": "sample_043_0097_000027",
            "annotations": []
        },
        {
            "sentence": "문서와 데이터셋 연계는 document_id 및 버전으로 추적하며 예시 document_id: 043_0097과 clinical_validation_report 버전이 매핑된다.",
            "id": "sample_043_0097_000028",
            "annotations": []
        }
    ]
}