{
    "document_id": "043_0072",
    "document_title": "웨어러블 기기 데이터 사양서 및 임상·규제 연계 메타데이터 가이드라인",
    "data": [
        {
            "sentence": "본 문서는 웨어러블 기술 및 개인 건강 기기에서 생성되는 시계열 데이터와 메타데이터의 표준화·보안·검증 요구사항을 정리한 기술 문서입니다.",
            "id": "sample_043_0072_000001",
            "annotations": []
        },
        {
            "sentence": "개인식별정보(PII) 관점에서 원칙적으로 '이름' 등 직접 식별자는 수집하지 않으며 익명화·가명화 정책을 적용합니다.",
            "id": "sample_043_0072_000002",
            "annotations": [
                {
                    "word": "이름",
                    "start": 24,
                    "end": 26,
                    "label": "개인정보"
                }
            ]
        },
        {
            "sentence": "연락 수단은 '이메일 주소'나 개인 전화번호 대신 엔터프라이즈 연락처 토큰을 사용하고, 원시 연락처는 저장하지 않습니다.",
            "id": "sample_043_0072_000003",
            "annotations": [
                {
                    "word": "이메일 주소",
                    "start": 8,
                    "end": 14,
                    "label": "개인정보"
                }
            ]
        },
        {
            "sentence": "법정 고유식별자 예시로 '주민등록번호'는 원천적으로 수집하지 않으며, 연구·임상 필요시 엄격한 IRB·법적 검토와 암호화된 보관만 허용합니다.",
            "id": "sample_043_0072_000004",
            "annotations": [
                {
                    "word": "주민등록번호",
                    "start": 14,
                    "end": 20,
                    "label": "개인정보"
                }
            ]
        },
        {
            "sentence": "사용자 속성 필드(예: 성별, 생년월일, 직업, 키, 몸무게)는 준식별자로 분류하며 가능한 범주화·대략화·가명처리를 권장합니다.",
            "id": "sample_043_0072_000005",
            "annotations": [
                {
                    "word": "성별",
                    "start": 13,
                    "end": 15,
                    "label": "준식별자"
                },
                {
                    "word": "생년월일",
                    "start": 17,
                    "end": 21,
                    "label": "준식별자"
                },
                {
                    "word": "직업",
                    "start": 23,
                    "end": 25,
                    "label": "준식별자"
                },
                {
                    "word": "키",
                    "start": 27,
                    "end": 28,
                    "label": "준식별자"
                },
                {
                    "word": "몸무게",
                    "start": 30,
                    "end": 33,
                    "label": "준식별자"
                }
            ]
        },
        {
            "sentence": "타임스탬프는 ISO8601 표준(예: 2025-03-12T08:45:00Z)으로 UTC 기준으로 저장하고 타임존 메타데이터를 별도로 기록합니다.",
            "id": "sample_043_0072_000006",
            "annotations": []
        },
        {
            "sentence": "센서 타입은 ECG, PPG, ACC, GYRO 등으로 표기하며 각 항목의 단위와 샘플링레이트를 명시합니다.",
            "id": "sample_043_0072_000007",
            "annotations": []
        },
        {
            "sentence": "샘플링레이트는 Hz 단위로 기록하며 스트리밍(예: 250Hz ECG)과 배치 업로드(예: 50Hz PPG 요약)의 전송 정책을 분리합니다.",
            "id": "sample_043_0072_000008",
            "annotations": []
        },
        {
            "sentence": "대용량 시계열은 압축 또는 바이너리 인코딩(base64) 옵션을 명시하고, 전송 시점의 대역폭과 배터리 상태를 고려한 전송 우선순위를 정의합니다.",
            "id": "sample_043_0072_000009",
            "annotations": []
        },
        {
            "sentence": "데이터 페이로드(data_payload)는 타임스탬프-값 쌍의 배열로 저장하고, 페이로드 내 단위(unit)를 메타데이터로 중복 표기합니다.",
            "id": "sample_043_0072_000010",
            "annotations": []
        },
        {
            "sentence": "펌웨어 정보(firmware_version)와 처리 파이프라인 버전(processing_pipeline_version)은 모든 업로드 레코드에 포함되어 후속 재현성과 감사가 가능해야 합니다.",
            "id": "sample_043_0072_000011",
            "annotations": []
        },
        {
            "sentence": "배터리 상태(battery_level)는 퍼센트로 기록하고, 배터리 수준에 따른 샘플링 조정 정책을 메타데이터로 함께 저장합니다.",
            "id": "sample_043_0072_000012",
            "annotations": []
        },
        {
            "sentence": "위치 메타데이터(gps_latitude, gps_longitude)는 수집 시 범위 최소화 원칙을 적용하며, 세부 주소 대신 공간 해상도를 낮춘 값이나 집계 좌표를 권장합니다.",
            "id": "sample_043_0072_000013",
            "annotations": [
                {
                    "word": "gps_latitude",
                    "start": 9,
                    "end": 21,
                    "label": "일반정보"
                },
                {
                    "word": "gps_longitude",
                    "start": 23,
                    "end": 36,
                    "label": "일반정보"
                }
            ]
        },
        {
            "sentence": "사용자 행동 라벨(activity_label), 수면 단계(sleep_stage), 이벤트 유형(event_type: fall, arrhythmia 등)은 라벨링 메타데이터로 명확히 표준화해야 합니다.",
            "id": "sample_043_0072_000014",
            "annotations": []
        },
        {
            "sentence": "데이터 품질 지표(data_quality_score)는 누락율, 잡음·아티팩트 비율, 드롭아웃 빈도 등으로 구성하고 주기적 재계산 로그를 보관합니다.",
            "id": "sample_043_0072_000015",
            "annotations": []
        },
        {
            "sentence": "캘리브레이션 이력(calibration_date)은 장치별로 유지하며 벤더별 보정계수와 적용 시점을 명시하여 편향 추적을 가능케 합니다.",
            "id": "sample_043_0072_000016",
            "annotations": []
        },
        {
            "sentence": "제조사 문서(manufacturer_document)는 PDF 또는 접근 가능한 URL로 연결하고, 문서 버전과 검증 상태를 메타데이터에 포함합니다.",
            "id": "sample_043_0072_000017",
            "annotations": []
        },
        {
            "sentence": "임상검증보고서(clinical_validation_report)는 검증 버전, ISO/IEC 임상 절차 요약, 그리고 임상·비임상 데이터의 구분을 명확히 링크해야 합니다.",
            "id": "sample_043_0072_000018",
            "annotations": []
        },
        {
            "sentence": "규제·보안 요구사항 준수를 위해 HIPAA 및 GDPR 관련 준수 상태와 consent_status, data_retention_policy를 각 레코드에 함께 저장합니다.",
            "id": "sample_043_0072_000019",
            "annotations": []
        },
        {
            "sentence": "사용자 동의 철회 시나리오에는 접근 로그, 보관 중인 백업의 삭제 경로, 그리고 삭제 확인 로그를 포함한 감사 가능 경로를 설계합니다.",
            "id": "sample_043_0072_000020",
            "annotations": []
        },
        {
            "sentence": "Bluetooth LE 및 표준화된 FHIR 매핑을 통하여 상호운용성을 확보하고, FHIR 프로파일과 매핑된 필드명을 메타데이터에 명시합니다.",
            "id": "sample_043_0072_000021",
            "annotations": []
        },
        {
            "sentence": "센서별 잡음 특성, 드롭아웃 패턴, 벤더별 오프셋 정보는 시뮬레이션 레벨로 문서화하고 데이터 증강·정제 파이프라인에서 보정합니다.",
            "id": "sample_043_0072_000022",
            "annotations": []
        },
        {
            "sentence": "임상 데이터셋과 현장(비임상) 데이터를 구분하여 라벨링하고, 임상 검증에 사용된 모델·절차는 별도의 검증 리포트로 연계합니다.",
            "id": "sample_043_0072_000023",
            "annotations": []
        },
        {
            "sentence": "전송·저장 시 TLS 기반 암호화와 키 관리 절차를 적용하며 공개 노출을 방지하기 위해 서버 IP 등의 민감 정보는 문서화 시 마스킹합니다.",
            "id": "sample_043_0072_000024",
            "annotations": [
                {
                    "word": "서버 IP",
                    "start": 49,
                    "end": 54,
                    "label": "기밀정보"
                }
            ]
        },
        {
            "sentence": "내부 접근 제어는 시스템 접속 계정 관리, 비공개 URL 접근 제한, VPN 주소 기반의 위치 제어 정책을 포함해 구성합니다.",
            "id": "sample_043_0072_000025",
            "annotations": [
                {
                    "word": "시스템 접속 계정",
                    "start": 10,
                    "end": 19,
                    "label": "기밀정보"
                },
                {
                    "word": "비공개 URL",
                    "start": 24,
                    "end": 31,
                    "label": "기밀정보"
                },
                {
                    "word": "VPN 주소",
                    "start": 39,
                    "end": 45,
                    "label": "기밀정보"
                }
            ]
        },
        {
            "sentence": "버전 관리 정책은 device_id 변화, firmware_version 업데이트, processing_pipeline_version 변경 사항을 모두 추적하도록 설계합니다.",
            "id": "sample_043_0072_000026",
            "annotations": []
        },
        {
            "sentence": "타임스탬프 동기화는 NTP 기반 기준과 드리프트 보정 로그를 포함하며, 지역별 타임존 영향은 별도 필드로 표기합니다.",
            "id": "sample_043_0072_000027",
            "annotations": []
        },
        {
            "sentence": "라벨링 비용과 레이블 불균형 문제를 고려해 반자동 라벨링 워크플로우와 품질보증 절차를 정의하고, 레이블 신뢰도 점수를 함께 보관합니다.",
            "id": "sample_043_0072_000028",
            "annotations": []
        },
        {
            "sentence": "데이터 보존 정책은 보관 기간, 익명화 시점, 삭제 의무를 명시하고 사용자 요청에 따른 삭제·복구 로그 경로를 운영 절차에 포함합니다.",
            "id": "sample_043_0072_000029",
            "annotations": []
        },
        {
            "sentence": "요약으로서 본 가이드라인은 보안·프라이버시·상호운용성·임상검증 요구사항을 균형 있게 반영하며, 문서·메타데이터와 데이터셋 간의 명시적 연계를 유지합니다.",
            "id": "sample_043_0072_000030",
            "annotations": []
        }
    ]
}