{
    "document_id": "043_0029",
    "document_title": "웨어러블 헬스 데이터 수집·처리·검증 메타데이터 사양서",
    "data": [
        {
            "sentence": "소개: 본 문서는 웨어러블 기술 및 개인 건강 기기에서 생성되는 원시 센서 시계열과 메타데이터의 수집·처리·보관·검증 절차를 기술합니다.",
            "id": "sample_043_0029_000001",
            "annotations": []
        },
        {
            "sentence": "목적: 본 사양서는 임상·비임상 환경에서의 데이터 품질 확보와 규제 준수를 위한 표준 필드, 단위, 샘플링레이트, 타임스탬프 포맷 및 전송정책을 정의합니다.",
            "id": "sample_043_0029_000002",
            "annotations": []
        },
        {
            "sentence": "범위: 손목밴드·스마트워치·패치형 센서·이어센서 등에서 측정되는 ECG, PPG, 3축 가속도계(ACC), 자이로스코프(GYRO), 온도, 배터리 상태를 포함합니다.",
            "id": "sample_043_0029_000003",
            "annotations": []
        },
        {
            "sentence": "규제·보안 원칙: 모든 데이터 파이프라인은 HIPAA 및 GDPR 요구사항을 준수하며 전송·저장 시 암호화와 무결성 검증을 적용합니다.",
            "id": "sample_043_0029_000004",
            "annotations": []
        },
        {
            "sentence": "식별자 정책: 사용자 및 기기 식별자는 익명화·가명화 처리되어 저장됩니다; 예시 필드: user_id: user_0abf12a3_hash, device_id: dev_9f8a4c1b_hash, 성별: 남성, birth_year: 1985.",
            "id": "sample_043_0029_000005",
            "annotations": [
                {
                    "word": "user_0abf12a3_hash",
                    "start": 58,
                    "end": 76,
                    "label": "개인정보"
                },
                {
                    "word": "dev_9f8a4c1b_hash",
                    "start": 89,
                    "end": 106,
                    "label": "개인정보"
                },
                {
                    "word": "남성",
                    "start": 112,
                    "end": 114,
                    "label": "준식별자"
                },
                {
                    "word": "1985",
                    "start": 128,
                    "end": 132,
                    "label": "준식별자"
                }
            ]
        },
        {
            "sentence": "타임스탬프 표기법: 모든 시계열 샘플은 ISO8601/UTC 형식으로 기록되며 예시: 2025-10-15T08:23:12Z, 타임존은 UTC로 동기화됩니다.",
            "id": "sample_043_0029_000006",
            "annotations": []
        },
        {
            "sentence": "센서별 샘플링레이트 표준: ECG 250 Hz, PPG 100 Hz, ACC 52 Hz, GYRO 52 Hz로 권장하되 전력·대역폭 고려시 적응형 샘플링을 적용할 수 있습니다.",
            "id": "sample_043_0029_000007",
            "annotations": []
        },
        {
            "sentence": "데이터 페이로드 형식: 대용량 시계열은 압축 또는 바이너리 인코딩(base64)로 전송 가능하며 예시 data_payload는 base64로 인코딩된 블록으로 저장됩니다.",
            "id": "sample_043_0029_000008",
            "annotations": []
        },
        {
            "sentence": "단위(Unit) 명시: ECG는 mV, PPG는 a.u.(arbitrary units) 또는 %로 표기, ACC는 g, GYRO는 deg/s, 온도는 ℃로 표기합니다.",
            "id": "sample_043_0029_000009",
            "annotations": []
        },
        {
            "sentence": "노이즈·편향 모델: ECG 벤더 오프셋 예시 +0.015 mV, ACC 바이어스 0.02 g, 랜덤 가우시안 잡음과 샘플 드롭아웃(평균 2%·최대 10%)을 시뮬레이션합니다.",
            "id": "sample_043_0029_000010",
            "annotations": []
        },
        {
            "sentence": "데이터 품질 및 캘리브레이션: 각 세션마다 data_quality_score을 산출하고 캘리브레이션 이력에 calibration_date: 2025-09-01를 기록해 추적합니다.",
            "id": "sample_043_0029_000011",
            "annotations": []
        },
        {
            "sentence": "버전 관리: 기기 펌웨어 예시 firmware_version: FW-3.2.1, 처리 파이프라인 예시 processing_pipeline_version: pipeline_v5.0.2를 메타데이터로 저장합니다.",
            "id": "sample_043_0029_000012",
            "annotations": []
        },
        {
            "sentence": "전원·위치 정보: battery_level은 백분율로 기록하며 예시 battery_level: 82%, 위치는 위도/경도로 기록하고 예시 gps_latitude: 37.4219999, gps_longitude: -122.0840575로 샘플링합니다.",
            "id": "sample_043_0029_000013",
            "annotations": [
                {
                    "word": "37.4219999",
                    "start": 91,
                    "end": 101,
                    "label": "준식별자"
                },
                {
                    "word": "-122.0840575",
                    "start": 118,
                    "end": 130,
                    "label": "준식별자"
                }
            ]
        },
        {
            "sentence": "행동·이벤트 라벨링: activity_label은 walking/running/sedentary 등으로 표기하며 sleep_stage는 Wake/N1/N2/N3/REM으로 표기, event_type 예시: arrhythmia_detected 또는 fall_detected를 포함합니다.",
            "id": "sample_043_0029_000014",
            "annotations": []
        },
        {
            "sentence": "임상·비임상 구분: 각 레코드에 clinical_flag를 포함하여 clinical:true 또는 false로 구분하고 임상 데이터는 추가 검증·재현성 문서를 연동합니다.",
            "id": "sample_043_0029_000015",
            "annotations": []
        },
        {
            "sentence": "동의 및 보존 정책: consent_status 필드로 consented/withdrawn을 기록하고 data_retention_policy: '5 years'를 메타데이터로 명시합니다.",
            "id": "sample_043_0029_000016",
            "annotations": []
        },
        {
            "sentence": "동의 철회 시나리오: 사용자가 동의 철회 시점에 대한 로그를 남기고 해당 사용자와 연관된 가명화 식별자에 대해 삭제·비식별화 절차를 시작합니다.",
            "id": "sample_043_0029_000017",
            "annotations": []
        },
        {
            "sentence": "보안·암호화: 전송 계층은 TLS1.3을 사용하고 저장 시 AES-256 암호화를 적용하며 키 관리는 중앙 KMS로 수행합니다.",
            "id": "sample_043_0029_000018",
            "annotations": []
        },
        {
            "sentence": "상호운용성: 기기는 Bluetooth LE 프로파일을 지원하며 FHIR 매핑을 위해 Observation 리소스 프로파일로 변환하는 매핑 규칙을 제공합니다.",
            "id": "sample_043_0029_000019",
            "annotations": []
        },
        {
            "sentence": "문서 연계: manufacturer_document: https://manufacturer.example.com/docs/device_specs_v1.pdf 및 clinical_validation_report: https://clinical.example.com/reports/validation_v1.pdf를 메타데이터로 연결합니다.",
            "id": "sample_043_0029_000020",
            "annotations": []
        },
        {
            "sentence": "타임스탬프 동기화: 디바이스-서버 시간 드리프트 보정은 NTP 기반 보정과 주기적 타임스탬프 오프셋 보정으로 수행합니다.",
            "id": "sample_043_0029_000021",
            "annotations": []
        },
        {
            "sentence": "전송·압축 정책: 실시간 스트리밍은 샘플링레이트 우선, 배치 업로드는 압축 기준(예: 샘플당 10초 미만 인 경우 압축 안함)을 적용하며 base64 옵션을 명시합니다.",
            "id": "sample_043_0029_000022",
            "annotations": []
        },
        {
            "sentence": "내부 시스템·접근 통제: 로그 서버는 사내 전용 네트워크에 위치하며 예시 내부 IP는 10.0.0.5이고 내부 검증 문서 위치는 /internal/validation/plan_v2.docx로 관리합니다.",
            "id": "sample_043_0029_000023",
            "annotations": [
                {
                    "word": "10.0.0.5",
                    "start": 48,
                    "end": 56,
                    "label": "기밀정보"
                },
                {
                    "word": "/internal/validation/plan_v2.docx",
                    "start": 72,
                    "end": 105,
                    "label": "기밀정보"
                }
            ]
        },
        {
            "sentence": "라벨링·검증 프로세스: 이벤트 라벨링은 다중 애너테이터 가중치와 품질 검수(QA)를 통해 불균형을 보정하고 라벨 신뢰도 점수를 부여합니다.",
            "id": "sample_043_0029_000024",
            "annotations": []
        },
        {
            "sentence": "변경관리: schema 변경·파이프라인 업데이트 시 버전 이력과 마이그레이션 스크립트를 기록하며 변경 전후의 검증 보고서를 보존합니다.",
            "id": "sample_043_0029_000025",
            "annotations": []
        },
        {
            "sentence": "비식별화 방법: 원본 식별자는 SHA-256 해시와 솔트 처리로 가명화하며, 복원 불가능한 일방향 처리 정책을 데이터 계약에 명시합니다.",
            "id": "sample_043_0029_000026",
            "annotations": []
        },
        {
            "sentence": "합성 데이터 설계 지침: 분석·모델 학습용 샘플은 실제 환자 데이터와 임상적 오도 가능성이 없도록 통계적 특성은 유지하되 개별 시나리오를 변형해 생성합니다.",
            "id": "sample_043_0029_000027",
            "annotations": []
        },
        {
            "sentence": "운영·행동 지침 및 액션 아이템: 데이터 접근 요청은 최소 권한 원칙으로 처리하고 동의 철회·삭제 요청에 대해 30일 이내 조치 및 로그 보존 절차를 실행합니다.",
            "id": "sample_043_0029_000028",
            "annotations": []
        }
    ]
}