﻿word,document,sentence,label
hsh_9f3a1b2c,043_0001,sample_043_0001_000002,개인정보
dev_043_a1b2,043_0001,sample_043_0001_000002,준식별자
남성,043_0001,sample_043_0001_000024,준식별자
1985,043_0001,sample_043_0001_000024,준식별자
서울특별시,043_0001,sample_043_0001_000024,준식별자
강남구,043_0001,sample_043_0001_000024,준식별자
175cm,043_0001,sample_043_0001_000024,준식별자
72kg,043_0001,sample_043_0001_000024,준식별자
2024-07-15T10:00:00Z,043_0001,sample_043_0001_000013,준식별자
https://internal.corp.local/firmware_v1.2.pdf,043_0001,sample_043_0001_000010,기밀정보
192.168.100.12,043_0001,sample_043_0001_000025,기밀정보
/srv/internal/keys,043_0001,sample_043_0001_000025,기밀정보
성별: 여성,043_0002,sample_043_0002_000006,준식별자
생년월일(년): 1985,043_0002,sample_043_0002_000007,준식별자
생년월일(월): 04,043_0002,sample_043_0002_000008,준식별자
생년월일(일): 12,043_0002,sample_043_0002_000009,준식별자
시: 서울,043_0002,sample_043_0002_000010,준식별자
군/구: 강남구,043_0002,sample_043_0002_000010,준식별자
내부 서버 IP: 10.10.10.5,043_0002,sample_043_0002_000019,기밀정보
비공개 URL: https://vault.internal.company.local/api,043_0002,sample_043_0002_000020,기밀정보
서버 접속 계정: admin_wear,043_0002,sample_043_0002_000021,기밀정보
user_hash_a4d1e9,043_0003,sample_043_0003_000002,개인정보
dev_043_9f2b7c,043_0003,sample_043_0003_000002,개인정보
female,043_0003,sample_043_0003_000005,준식별자
1985,043_0003,sample_043_0003_000005,준식별자
서울특별시,043_0003,sample_043_0003_000005,준식별자
"37.5512,126.9882",043_0003,sample_043_0003_000005,준식별자
https://intranet.manufacturer.local/docs/firmware_spec_v2.pdf,043_0003,sample_043_0003_000009,기밀정보
s3://internal-manufacturer/firmware/firmware_v2.bin,043_0003,sample_043_0003_000012,기밀정보
성찬원,043_0004,sample_043_0004_000012,개인정보
박범주,043_0004,sample_043_0004_000013,개인정보
남성,043_0004,sample_043_0004_000014,준식별자
1987,043_0004,sample_043_0004_000015,준식별자
서울특별시,043_0004,sample_043_0004_000016,준식별자
10.0.0.5,043_0004,sample_043_0004_000024,기밀정보
/srv/wearable/prod/,043_0004,sample_043_0004_000024,기밀정보
dev_hash_a1b2c3d4,043_0005,sample_043_0005_000002,개인정보
uid_hash_9f8e7d,043_0005,sample_043_0005_000003,개인정보
birth_year: 1985,043_0005,sample_043_0005_000005,준식별자
성별: 남성,043_0005,sample_043_0005_000006,준식별자
gps_latitude: 37.5665,043_0005,sample_043_0005_000009,준식별자
gps_longitude: 126.9780,043_0005,sample_043_0005_000009,준식별자
시timezone: Asia/Seoul,043_0005,sample_043_0005_000009,준식별자
https://api.internal.corp/v1/keys,043_0005,sample_043_0005_000029,기밀정보
https://intranet.corp.internal/validation/cert_2024.pdf,043_0005,sample_043_0005_000030,기밀정보
dev_043_0006_0a7f,043_0006,sample_043_0006_000003,준식별자
user_pseud_9b8c,043_0006,sample_043_0006_000003,준식별자
2025-10-15T08:30:00Z,043_0006,sample_043_0006_000004,준식별자
"37.7749,-122.4194",043_0006,sample_043_0006_000006,준식별자
2025-06-01,043_0006,sample_043_0006_000008,준식별자
female,043_0006,sample_043_0006_000010,준식별자
device_id: dev-043-a1b2f9,043_0007,sample_043_0007_000003,개인정보
user_id: sha256:4f2c2b7e9d6a1b8c9e0f3a7b6c5d4e2f8a1b3c4d5e6f7a8b9c0d1e2f3a4b5c6,043_0007,sample_043_0007_000003,개인정보
gps_latitude: 37.541234,043_0007,sample_043_0007_000015,준식별자
gps_longitude: 127.123456,043_0007,sample_043_0007_000015,준식별자
gender: male,043_0007,sample_043_0007_000029,준식별자
birth_year: 1985,043_0007,sample_043_0007_000029,준식별자
hsm_key_label: escrow_key_2024,043_0007,sample_043_0007_000020,기밀정보
internal_api_url: https://api.internal.corp/ingest,043_0007,sample_043_0007_000021,기밀정보
server_ip: 10.8.3.12,043_0007,sample_043_0007_000022,기밀정보
cohort_user_id: sha256:9b3e1f2a4c5d6e7f8a9b0c1d2e3f4a5b,043_0007,sample_043_0007_000029,개인정보
남성,043_0008,sample_043_0008_000007,준식별자
1985,043_0008,sample_043_0008_000007,준식별자
서울특별시,043_0008,sample_043_0008_000007,준식별자
"37.5665,126.9780",043_0008,sample_043_0008_000007,준식별자
2025,043_0008,sample_043_0008_000007,준식별자
10,043_0008,sample_043_0008_000007,준식별자
15,043_0008,sample_043_0008_000007,준식별자
2025,043_0008,sample_043_0008_000012,준식별자
09,043_0008,sample_043_0008_000012,준식별자
01,043_0008,sample_043_0008_000012,준식별자
device_id: dev_a93f4b2,043_0009,sample_043_0009_000002,개인정보
user_id: uid_7b1c9f2a,043_0009,sample_043_0009_000003,개인정보
성별: 남성,043_0009,sample_043_0009_000004,준식별자
생년월일: 1985-07-13,043_0009,sample_043_0009_000005,준식별자
시군구: 서울특별시 강남구,043_0009,sample_043_0009_000006,준식별자
gps_latitude: 37.4979,043_0009,sample_043_0009_000007,준식별자
gps_longitude: 127.0276,043_0009,sample_043_0009_000007,준식별자
internal_upload_endpoint: https://internal.prod.corp/upload,043_0009,sample_043_0009_000008,기밀정보
private_key_path: /srv/keys/prod.key,043_0009,sample_043_0009_000009,기밀정보
server_ip: 10.0.0.5,043_0009,sample_043_0009_000010,기밀정보
clinical_validation_report: https://internal.prod.corp/clinical/validation_v1.pdf,043_0009,sample_043_0009_000011,기밀정보
DVC-2025-0001,043_0010,sample_043_0010_000003,개인정보
user_hash_6f2a9b3c,043_0010,sample_043_0010_000003,개인정보
37.5665,043_0010,sample_043_0010_000010,준식별자
126.9780,043_0010,sample_043_0010_000010,준식별자
서울특별시,043_0010,sample_043_0010_000010,준식별자
중구,043_0010,sample_043_0010_000010,준식별자
남성,043_0010,sample_043_0010_000011,준식별자
1985,043_0010,sample_043_0010_000011,준식별자
06,043_0010,sample_043_0010_000011,준식별자
12,043_0010,sample_043_0010_000011,준식별자
https://internal.corp.local/validation/clinical_report_v2.pdf,043_0010,sample_043_0010_000018,기밀정보
10.0.0.12,043_0010,sample_043_0010_000019,기밀정보
/srv/internal/config/secret.yaml,043_0010,sample_043_0010_000019,기밀정보
api.internal.company,043_0010,sample_043_0010_000019,기밀정보
/audit/consent_logs/,043_0010,sample_043_0010_000021,기밀정보
user_hash_6f2a9b3c,043_0010,sample_043_0010_000027,개인정보
user_id: uid-hash-7f3b,043_0011,sample_043_0011_000003,개인정보
성별: 남성,043_0011,sample_043_0011_000004,준식별자
생년월일: 1985-06-12,043_0011,sample_043_0011_000004,준식별자
gps_latitude: 37.5665,043_0011,sample_043_0011_000005,준식별자
gps_longitude: 126.9780,043_0011,sample_043_0011_000005,준식별자
user_p_7c9f3a,043_0012,sample_043_0012_000004,개인정보
dev_hash_a1b2c3d4,043_0012,sample_043_0012_000005,개인정보
2024-01-08T12:00:00Z,043_0012,sample_043_0012_000006,일반정보
SN-000-ABC,043_0012,sample_043_0012_000022,개인정보
female,043_0012,sample_043_0012_000023,준식별자
1975,043_0012,sample_043_0012_000023,준식별자
2020-05-15,043_0012,sample_043_0012_000024,준식별자
37.5665,043_0012,sample_043_0012_000025,준식별자
126.9780,043_0012,sample_043_0012_000025,준식별자
https://internal-api.company.local/v1/upload,043_0012,sample_043_0012_000028,기밀정보
10.0.4.12,043_0012,sample_043_0012_000029,기밀정보
장수민,043_0012,sample_043_0012_000030,개인정보
안연승,043_0012,sample_043_0012_000030,개인정보
dev_hash_a1b2c3,043_0013,sample_043_0013_000003,개인정보
uid_hash_9f8e7d,043_0013,sample_043_0013_000003,개인정보
송수찬,043_0013,sample_043_0013_000004,개인정보
birth_year:1985,043_0013,sample_043_0013_000005,준식별자
birth_month:07,043_0013,sample_043_0013_000005,준식별자
birth_day:12,043_0013,sample_043_0013_000005,준식별자
성별: 남,043_0013,sample_043_0013_000006,준식별자
서울특별시,043_0013,sample_043_0013_000007,준식별자
강남구,043_0013,sample_043_0013_000007,준식별자
gps_latitude:37.4979,043_0013,sample_043_0013_000008,준식별자
gps_longitude:127.0276,043_0013,sample_043_0013_000008,준식별자
2024-01-15T08:23:00Z,043_0013,sample_043_0013_000009,준식별자
calibration_date: 2023-11-02,043_0013,sample_043_0013_000018,준식별자
s3://private-firmware-bucket/clinical/validation_report_v2.pdf,043_0013,sample_043_0013_000021,기밀정보
https://api.internal.corp,043_0013,sample_043_0013_000022,기밀정보
s3://private-firmware-bucket/firmware_v1.2.bin,043_0013,sample_043_0013_000022,기밀정보
10.0.0.12,043_0013,sample_043_0013_000023,기밀정보
성별: 남성,043_0014,sample_043_0014_000006,준식별자
생년월일: 1988-03-12,043_0014,sample_043_0014_000006,준식별자
키: 172 cm,043_0014,sample_043_0014_000006,준식별자
체중: 68 kg,043_0014,sample_043_0014_000006,준식별자
timestamp: 2025-01-02T08:15:30Z,043_0014,sample_043_0014_000005,준식별자
gps_latitude: 37.566535,043_0014,sample_043_0014_000010,준식별자
gps_longitude: 126.977969,043_0014,sample_043_0014_000010,준식별자
calibration_date: 2024-05-21,043_0014,sample_043_0014_000015,준식별자
device_9a1b,043_0015,sample_043_0015_000002,준식별자
pseudonym_u_8b3f,043_0015,sample_043_0015_000003,준식별자
여성,043_0015,sample_043_0015_000003,준식별자
1985,043_0015,sample_043_0015_000003,준식별자
06,043_0015,sample_043_0015_000003,준식별자
15,043_0015,sample_043_0015_000003,준식별자
172 cm,043_0015,sample_043_0015_000004,준식별자
68 kg,043_0015,sample_043_0015_000004,준식별자
2025,043_0015,sample_043_0015_000006,준식별자
11,043_0015,sample_043_0015_000006,준식별자
05,043_0015,sample_043_0015_000006,준식별자
2025,043_0015,sample_043_0015_000008,준식별자
11,043_0015,sample_043_0015_000008,준식별자
05,043_0015,sample_043_0015_000008,준식별자
37.4979,043_0015,sample_043_0015_000008,준식별자
127.0276,043_0015,sample_043_0015_000008,준식별자
2025,043_0015,sample_043_0015_000011,준식별자
10,043_0015,sample_043_0015_000011,준식별자
20,043_0015,sample_043_0015_000011,준식별자
2025,043_0015,sample_043_0015_000014,준식별자
11,043_0015,sample_043_0015_000014,준식별자
05,043_0015,sample_043_0015_000014,준식별자
2025,043_0015,sample_043_0015_000017,준식별자
09,043_0015,sample_043_0015_000017,준식별자
01,043_0015,sample_043_0015_000017,준식별자
2025,043_0015,sample_043_0015_000023,준식별자
11,043_0015,sample_043_0015_000023,준식별자
06,043_0015,sample_043_0015_000023,준식별자
device_id: DEV_9f8e7d6c,043_0016,sample_043_0016_000004,개인정보
user_id: HSH_3f9a1b8c,043_0016,sample_043_0016_000004,개인정보
성별: 남성,043_0016,sample_043_0016_000011,준식별자
생년월일: 1985-06-15,043_0016,sample_043_0016_000011,준식별자
server_ip: 192.168.100.5,043_0016,sample_043_0016_000027,기밀정보
VPN_ADDR: vpn.internal.corp,043_0016,sample_043_0016_000027,기밀정보
internal_file_path: /srv/secure/data,043_0016,sample_043_0016_000027,기밀정보
API_KEY: sk_test_XXXXXXXX,043_0016,sample_043_0016_000028,기밀정보
device_id: dev_0xA1B2,043_0017,sample_043_0017_000004,준식별자
user_id: pseudonym_0xA7F3,043_0017,sample_043_0017_000004,준식별자
gps_latitude: 37.56,043_0017,sample_043_0017_000008,준식별자
gps_longitude: 126.98,043_0017,sample_043_0017_000008,준식별자
성별: 남성,043_0017,sample_043_0017_000009,준식별자
birth_year: 1985,043_0017,sample_043_0017_000009,준식별자
시: 서울특별시,043_0017,sample_043_0017_000009,준식별자
직업: 연구원,043_0017,sample_043_0017_000009,준식별자
키: 175 cm,043_0017,sample_043_0017_000010,준식별자
체중: 72 kg,043_0017,sample_043_0017_000010,준식별자
internal_api_endpoint: https://internal-api.wearhealth.local,043_0017,sample_043_0017_000015,기밀정보
server_path: /srv/wearable/data,043_0017,sample_043_0017_000016,기밀정보
device_id: dev-043-0018-01,043_0018,sample_043_0018_000003,개인정보
user_id: sha256:3f6a9c8b9d2e4f1a7b6c5d4e3f2a1b0c9d8e7f6a5b4c3d2e1f0a1b2c3d4e5f6,043_0018,sample_043_0018_000004,개인정보
출생연도(연): 1985,043_0018,sample_043_0018_000005,준식별자
성별: 남성,043_0018,sample_043_0018_000006,준식별자
"gps_latitude: 37.5512, gps_longitude: 126.9882",043_0018,sample_043_0018_000007,준식별자
https://intranet.corp.local/secure/validation_report.pdf,043_0018,sample_043_0018_000010,기밀정보
10.8.0.5,043_0018,sample_043_0018_000011,기밀정보
/srv/secure/keys/firmware_signing_key.pem,043_0018,sample_043_0018_000012,기밀정보
1988,043_0019,sample_043_0019_000005,준식별자
05,043_0019,sample_043_0019_000005,준식별자
14,043_0019,sample_043_0019_000005,준식별자
남성,043_0019,sample_043_0019_000005,준식별자
178 cm,043_0019,sample_043_0019_000005,준식별자
72 kg,043_0019,sample_043_0019_000005,준식별자
서울특별시,043_0019,sample_043_0019_000006,준식별자
강남구,043_0019,sample_043_0019_000006,준식별자
10.0.0.5,043_0019,sample_043_0019_000012,기밀정보
https://internal-api.corp.local,043_0019,sample_043_0019_000012,기밀정보
device_id=dev_043_5f2a9b3c,043_0020,sample_043_0020_000003,개인정보
user_id=user_9f8b7c1a,043_0020,sample_043_0020_000003,개인정보
hw_serial_hash=sr_7a6b3d,043_0020,sample_043_0020_000012,개인정보
gps_latitude=37.5665,043_0020,sample_043_0020_000013,준식별자
gps_longitude=126.9780,043_0020,sample_043_0020_000013,준식별자
consent_timestamp=2025-02-20T10:00:00Z,043_0020,sample_043_0020_000017,준식별자
연령대=30-39,043_0020,sample_043_0020_000027,준식별자
성별=남성,043_0020,sample_043_0020_000027,준식별자
consent_withdrawal_log_id=log_2025_0007,043_0020,sample_043_0020_000021,기밀정보
deletion_job_path=/data/delete/jobs/log_2025_0007,043_0020,sample_043_0020_000021,기밀정보
internal_api_endpoint=https://internal.company.local/api/v1/upload,043_0020,sample_043_0020_000023,기밀정보
server_ip=10.0.4.12,043_0020,sample_043_0020_000023,기밀정보
최다연,043_0021,sample_043_0021_000005,개인정보
user_id: hash:fa3b1c9e,043_0021,sample_043_0021_000006,개인정보
DEV-AB12-0001,043_0021,sample_043_0021_000007,기밀정보
gps_latitude: 37.5665,043_0021,sample_043_0021_000008,준식별자
gps_longitude: 126.9780,043_0021,sample_043_0021_000008,준식별자
서울시 종로구,043_0021,sample_043_0021_000008,준식별자
1988-03-05,043_0021,sample_043_0021_000009,준식별자
여성,043_0021,sample_043_0021_000009,준식별자
https://intranet.medtech.local/docs/manufacturer_spec_v1.pdf,043_0021,sample_043_0021_000011,기밀정보
10.0.12.5,043_0021,sample_043_0021_000013,기밀정보
권일형,043_0021,sample_043_0021_000014,개인정보
SN-XY99-8877,043_0021,sample_043_0021_000015,기밀정보
measurement_date_year: 2025,043_0022,sample_043_0022_000008,준식별자
measurement_date_month: 01,043_0022,sample_043_0022_000008,준식별자
measurement_date_day: 15,043_0022,sample_043_0022_000008,준식별자
calibration_date_year: 2024,043_0022,sample_043_0022_000015,준식별자
calibration_date_month: 03,043_0022,sample_043_0022_000015,준식별자
calibration_date_day: 15,043_0022,sample_043_0022_000015,준식별자
연령대: 50-59,043_0022,sample_043_0022_000016,준식별자
성별: female,043_0022,sample_043_0022_000016,준식별자
신장_cm: 172,043_0022,sample_043_0022_000016,준식별자
체중_kg: 78,043_0022,sample_043_0022_000016,준식별자
gps_latitude: 37.5012,043_0022,sample_043_0022_000018,준식별자
gps_longitude: 127.0396,043_0022,sample_043_0022_000018,준식별자
https://api.internal.wearablecorp.local/ingest,043_0022,sample_043_0022_000021,기밀정보
10.0.4.12,043_0022,sample_043_0022_000021,기밀정보
성별: 여성,043_0023,sample_043_0023_000016,준식별자
birth_year: 1985,043_0023,sample_043_0023_000017,준식별자
시군구: 강남구,043_0023,sample_043_0023_000018,준식별자
gps_latitude: 37.4979,043_0023,sample_043_0023_000011,준식별자
gps_longitude: 127.0276,043_0023,sample_043_0023_000011,준식별자
calibration_date: 2023-10-15,043_0023,sample_043_0023_000020,준식별자
internal_update_url: https://updates.internal.example.com/secure,043_0023,sample_043_0023_000029,기밀정보
server_ip: 10.0.8.23,043_0023,sample_043_0023_000029,기밀정보
dev_9f2b7c1a3d4e5f01,043_0024,sample_043_0024_000002,개인정보
usr_7b3c2a9f4e6d1c0a,043_0024,sample_043_0024_000002,개인정보
2025,043_0024,sample_043_0024_000002,준식별자
12,043_0024,sample_043_0024_000002,준식별자
01,043_0024,sample_043_0024_000002,준식별자
2025,043_0024,sample_043_0024_000004,준식별자
12,043_0024,sample_043_0024_000004,준식별자
01,043_0024,sample_043_0024_000004,준식별자
2024,043_0024,sample_043_0024_000008,준식별자
06,043_0024,sample_043_0024_000008,준식별자
15,043_0024,sample_043_0024_000008,준식별자
37.566535,043_0024,sample_043_0024_000010,준식별자
126.977969,043_0024,sample_043_0024_000010,준식별자
dev_hash_9a1b2c3d4e,043_0025,sample_043_0025_000002,개인정보
usr_hash_b7c8d9e0,043_0025,sample_043_0025_000003,개인정보
성별: 남성,043_0025,sample_043_0025_000004,준식별자
연령대: 40대,043_0025,sample_043_0025_000004,준식별자
2024-01-15T08:23:45Z,043_0025,sample_043_0025_000006,준식별자
gps_latitude: 37.566,043_0025,sample_043_0025_000007,준식별자
gps_longitude: 126.978,043_0025,sample_043_0025_000007,준식별자
서울특별시,043_0025,sample_043_0025_000007,준식별자
https://internal.corp.example/upload,043_0025,sample_043_0025_000025,기밀정보
2025-01-15T08:30:00Z,043_0026,sample_043_0026_000002,준식별자
"37.7749, -122.4194",043_0026,sample_043_0026_000006,준식별자
2025-01-15T08:30:05Z,043_0026,sample_043_0026_000006,준식별자
2024-12-01,043_0026,sample_043_0026_000010,준식별자
https://internal.company.local/api/v1,043_0026,sample_043_0026_000014,기밀정보
10.0.8.32,043_0026,sample_043_0026_000014,기밀정보
2025-01-15T08:30:00Z,043_0026,sample_043_0026_000021,준식별자
2024-10-20,043_0026,sample_043_0026_000025,준식별자
2025-01-15T08:35:12Z,043_0026,sample_043_0026_000027,준식별자
여성,043_0026,sample_043_0026_000031,준식별자
1988-11-05,043_0026,sample_043_0026_000031,준식별자
dev_5f4dcc3b5aa765d61d8327deb882cf99,043_0027,sample_043_0027_000003,개인정보
usr_9f86d081884c7d659a2feaa0c55ad015,043_0027,sample_043_0027_000003,개인정보
생년월일: 1985-07-12,043_0027,sample_043_0027_000003,준식별자
성별: 남성,043_0027,sample_043_0027_000003,준식별자
시/군/구: 서울특별시,043_0027,sample_043_0027_000003,준식별자
gps_latitude: 37.5,043_0027,sample_043_0027_000003,준식별자
gps_longitude: 127.0,043_0027,sample_043_0027_000003,준식별자
https://intranet.internal/acme-policy,043_0027,sample_043_0027_000018,기밀정보
접속계정: admin_wearable,043_0027,sample_043_0027_000019,기밀정보
10.0.0.45,043_0027,sample_043_0027_000019,기밀정보
/srv/data/wearables/patient_raw,043_0027,sample_043_0027_000019,기밀정보
손지완,043_0027,sample_043_0027_000028,개인정보
dev-043-0028-7b9f,043_0028,sample_043_0028_000004,개인정보
user_sha256:9f8b7c6d5e4f3a2b,043_0028,sample_043_0028_000005,개인정보
2025-07-21T13:45:30Z,043_0028,sample_043_0028_000006,준식별자
2025-07-21T13:45:30.123Z,043_0028,sample_043_0028_000007,준식별자
2025-06-01,043_0028,sample_043_0028_000013,준식별자
37.566535,043_0028,sample_043_0028_000025,준식별자
126.977969,043_0028,sample_043_0028_000025,준식별자
user_0abf12a3_hash,043_0029,sample_043_0029_000005,개인정보
dev_9f8a4c1b_hash,043_0029,sample_043_0029_000005,개인정보
남성,043_0029,sample_043_0029_000005,준식별자
1985,043_0029,sample_043_0029_000005,준식별자
37.4219999,043_0029,sample_043_0029_000013,준식별자
-122.0840575,043_0029,sample_043_0029_000013,준식별자
10.0.0.5,043_0029,sample_043_0029_000023,기밀정보
/internal/validation/plan_v2.docx,043_0029,sample_043_0029_000023,기밀정보
dev_78b1c2,043_0030,sample_043_0030_000002,개인정보
SN-00012345,043_0030,sample_043_0030_000002,개인정보
hash_9f3a2b4c,043_0030,sample_043_0030_000003,개인정보
성별: 여성,043_0030,sample_043_0030_000003,준식별자
gps_latitude: 37.4219983,043_0030,sample_043_0030_000008,준식별자
gps_longitude: -122.084,043_0030,sample_043_0030_000008,준식별자
https://internal.corp/secure/manual.pdf,043_0030,sample_043_0030_000013,기밀정보
192.168.1.10,043_0030,sample_043_0030_000014,기밀정보
/var/logs/data_deletion.log,043_0030,sample_043_0030_000020,기밀정보
안윤,043_0030,sample_043_0030_000021,개인정보
계좌번호 123-456789-01,043_0030,sample_043_0030_000022,기밀정보
SN-00012345,043_0030,sample_043_0030_000026,개인정보
여성,043_0032,sample_043_0032_000004,준식별자
1978,043_0032,sample_043_0032_000004,준식별자
04,043_0032,sample_043_0032_000004,준식별자
15,043_0032,sample_043_0032_000004,준식별자
user_hash_4a3f2b1c,043_0033,sample_043_0033_000004,개인정보
남,043_0033,sample_043_0033_000027,준식별자
1985,043_0033,sample_043_0033_000027,준식별자
07,043_0033,sample_043_0033_000027,준식별자
21,043_0033,sample_043_0033_000027,준식별자
서울특별시,043_0033,sample_043_0033_000027,준식별자
강남구,043_0033,sample_043_0033_000027,준식별자
sha256:9f4b2a7d8c1e4f0a6d9b2c3e4f6a7b8c,043_0034,sample_043_0034_000005,개인정보
2025-11-03T08:15:30Z,043_0034,sample_043_0034_000007,준식별자
37.5512,043_0034,sample_043_0034_000015,준식별자
126.9882,043_0034,sample_043_0034_000015,준식별자
2024-08-15,043_0034,sample_043_0034_000018,준식별자
https://internal.meddevices.local/validation/VR_2024_v1.pdf,043_0034,sample_043_0034_000023,기밀정보
male,043_0034,sample_043_0034_000028,준식별자
1986,043_0034,sample_043_0034_000028,준식별자
device_id: dev_043_0001,043_0035,sample_043_0035_000006,개인정보
user_id: user_pseudonym_9f8a,043_0035,sample_043_0035_000006,개인정보
2024-05-15T08:30:00Z,043_0035,sample_043_0035_000005,준식별자
2024-05-15T08:30:00Z,043_0035,sample_043_0035_000007,준식별자
gps_latitude: 37.5665,043_0035,sample_043_0035_000008,준식별자
gps_longitude: 126.9780,043_0035,sample_043_0035_000008,준식별자
calibration_date: 2024-05-01,043_0035,sample_043_0035_000014,준식별자
dev_043_9a7f,043_0036,sample_043_0036_000003,개인정보
uid_7f3b,043_0036,sample_043_0036_000004,개인정보
2025-08-15T08:30:00Z,043_0036,sample_043_0036_000005,준식별자
2025-07-01,043_0036,sample_043_0036_000011,준식별자
gps_latitude: 37.5665,043_0036,sample_043_0036_000014,준식별자
gps_longitude: 126.9780,043_0036,sample_043_0036_000014,준식별자
https://intranet.meddevice.local/reports/clinval_v2.pdf,043_0036,sample_043_0036_000017,기밀정보
10.8.0.12,043_0036,sample_043_0036_000019,기밀정보
정미화,043_0036,sample_043_0036_000025,개인정보
성별: 남성,043_0037,sample_043_0037_000006,준식별자
생년월일: 1985-06-15,043_0037,sample_043_0037_000006,준식별자
2025-01-07T12:34:56Z,043_0037,sample_043_0037_000007,준식별자
calibration_date: 2024-11-20,043_0037,sample_043_0037_000012,준식별자
gps_latitude: 37.5665,043_0037,sample_043_0037_000014,준식별자
gps_longitude: 126.9780,043_0037,sample_043_0037_000014,준식별자
calibration_date: 2024-11-20,043_0037,sample_043_0037_000028,준식별자
device_server_ip: 10.0.0.42,043_0037,sample_043_0037_000029,기밀정보
vpn.internal.corp,043_0037,sample_043_0037_000029,기밀정보
device_id: dev_043_0001,043_0038,sample_043_0038_000003,준식별자
user_id: uid_hash_5f2e8a2b,043_0038,sample_043_0038_000004,준식별자
2025-01-05T08:23:00Z,043_0038,sample_043_0038_000005,준식별자
2025-01-05T08:23:00.123Z,043_0038,sample_043_0038_000006,준식별자
gps_latitude: 37.5665,043_0038,sample_043_0038_000007,준식별자
gps_longitude: 126.9780,043_0038,sample_043_0038_000007,준식별자
calibration_date: 2024-11-15,043_0038,sample_043_0038_000008,준식별자
retain_until=2027-01-01,043_0038,sample_043_0038_000020,준식별자
device_id: dev_043_0039_9f3a2b1c,043_0039,sample_043_0039_000003,개인정보
timestamp: 2025-07-15T08:23:45Z,043_0039,sample_043_0039_000006,준식별자
user_id: usr_043_5d41402abc4b2a76b9719d911017c592,043_0039,sample_043_0039_000007,개인정보
"gps_latitude: 37.566535, gps_longitude: 126.977969",043_0039,sample_043_0039_000008,준식별자
calibration_date: 2025-06-01,043_0039,sample_043_0039_000012,준식별자
dev-043-0041,043_0041,sample_043_0041_000001,개인정보
user_3f2a9b7e,043_0041,sample_043_0041_000002,개인정보
2025-06-01T12:00:00Z,043_0041,sample_043_0041_000003,준식별자
37.497912,043_0041,sample_043_0041_000013,준식별자
127.027610,043_0041,sample_043_0041_000013,준식별자
2025-03-15T09:30:00Z,043_0041,sample_043_0041_000017,준식별자
https://internal.manuf.local/docs/calibration_v2.pdf,043_0041,sample_043_0041_000018,기밀정보
여성,043_0041,sample_043_0041_000027,준식별자
키:172cm,043_0041,sample_043_0041_000028,준식별자
체중:68kg,043_0041,sample_043_0041_000028,준식별자
성별: 남성,043_0042,sample_043_0042_000005,준식별자
birth_year: 1988,043_0042,sample_043_0042_000005,준식별자
timestamp: 2025-03-15T08:23:45Z,043_0042,sample_043_0042_000006,준식별자
gps_latitude: 37.57,043_0042,sample_043_0042_000009,준식별자
gps_longitude: 126.98,043_0042,sample_043_0042_000009,준식별자
calibration_date: 2024-11-01,043_0042,sample_043_0042_000011,준식별자
2025_03_16,043_0042,sample_043_0042_000014,준식별자
server_ip: 10.0.0.5,043_0042,sample_043_0042_000015,기밀정보
vpn_address: vpn.corp.internal,043_0042,sample_043_0042_000015,기밀정보
key_path: /secure/keys/prod.key,043_0042,sample_043_0042_000015,기밀정보
시: 서울특별시,043_0042,sample_043_0042_000023,준식별자
구: 종로구,043_0042,sample_043_0042_000023,준식별자
키_cm: 175,043_0042,sample_043_0042_000024,준식별자
체중_kg: 72,043_0042,sample_043_0042_000024,준식별자
연령대: 30-39,043_0042,sample_043_0042_000025,준식별자
event_timestamp: 2025-03-15T23:55:00Z,043_0042,sample_043_0042_000026,준식별자
남성,043_0043,sample_043_0043_000005,준식별자
1985,043_0043,sample_043_0043_000006,준식별자
서울특별시 강남구,043_0043,sample_043_0043_000007,준식별자
175 cm,043_0043,sample_043_0043_000008,준식별자
78 kg,043_0043,sample_043_0043_000008,준식별자
gps_latitude: 37.50,043_0043,sample_043_0043_000009,준식별자
gps_longitude: 127.03,043_0043,sample_043_0043_000009,준식별자
device_0xC4D9,043_0044,sample_043_0044_000002,개인정보
user_hash_9f8e7d,043_0044,sample_043_0044_000003,개인정보
2025,043_0044,sample_043_0044_000004,준식별자
06,043_0044,sample_043_0044_000004,준식별자
15,043_0044,sample_043_0044_000004,준식별자
37.55,043_0044,sample_043_0044_000008,준식별자
126.98,043_0044,sample_043_0044_000008,준식별자
2024,043_0044,sample_043_0044_000009,준식별자
11,043_0044,sample_043_0044_000009,준식별자
20,043_0044,sample_043_0044_000009,준식별자
user_hash_9f8e7d,043_0044,sample_043_0044_000019,개인정보
김선미,043_0045,sample_043_0045_000002,개인정보
DEV-043-AB12,043_0045,sample_043_0045_000003,개인정보
UID_043_0001,043_0045,sample_043_0045_000004,개인정보
2024-11-12T08:23:00Z,043_0045,sample_043_0045_000005,준식별자
37.532100,043_0045,sample_043_0045_000006,준식별자
127.024600,043_0045,sample_043_0045_000006,준식별자
2024-11-01,043_0045,sample_043_0045_000011,준식별자
여성,043_0045,sample_043_0045_000010,준식별자
2024-10-15T12:00:00Z,043_0045,sample_043_0045_000023,준식별자
2024-10-20T00:00:00Z,043_0045,sample_043_0045_000024,준식별자
2024-11-01T09:00:00Z,043_0045,sample_043_0045_000024,준식별자
user_id: anon_043_0001,043_0046,sample_043_0046_000003,개인정보
device_id: dev_043_0046_hash:b1946ac3f2,043_0046,sample_043_0046_000004,개인정보
gps_latitude: 37.498,043_0046,sample_043_0046_000011,준식별자
gps_longitude: 127.027,043_0046,sample_043_0046_000011,준식별자
성별: 여성,043_0046,sample_043_0046_000021,준식별자
birth_year: 1985,043_0046,sample_043_0046_000021,준식별자
birth_month: 06,043_0046,sample_043_0046_000021,준식별자
birth_day: 15,043_0046,sample_043_0046_000021,준식별자
키: 172 cm,043_0046,sample_043_0046_000022,준식별자
체중: 68 kg,043_0046,sample_043_0046_000022,준식별자
internal_api_url: https://internal.api.company.local/v1,043_0046,sample_043_0046_000023,기밀정보
server_ip: 10.0.4.12,043_0046,sample_043_0046_000023,기밀정보
/audit/delete_requests/,043_0046,sample_043_0046_000024,기밀정보
<device_id:dev_4b2a9f>,043_0048,sample_043_0048_000003,개인정보
<user_id:anon_9f3b1c>,043_0048,sample_043_0048_000003,개인정보
<device_id:dev_4b2a9f>,043_0048,sample_043_0048_000030,개인정보
<user_id:anon_9f3b1c>,043_0048,sample_043_0048_000030,개인정보
dev_9a8b7c6d,043_0049,sample_043_0049_000005,개인정보
hash_6f1a9b2c,043_0049,sample_043_0049_000006,개인정보
2025-11-12T08:23:45Z,043_0049,sample_043_0049_000007,준식별자
gps_latitude:37.5665,043_0049,sample_043_0049_000014,준식별자
gps_longitude:126.9780,043_0049,sample_043_0049_000014,준식별자
https://intranet.meddevices/043_0049/manual_v2.pdf,043_0049,sample_043_0049_000024,기밀정보
https://intranet.meddevices/043_0049/clinical_report_v1.pdf,043_0049,sample_043_0049_000024,기밀정보
dev_7a3f9c1b,043_0050,sample_043_0050_000004,개인정보
user_hashed_2b1f9a7c,043_0050,sample_043_0050_000005,개인정보
37.5665,043_0050,sample_043_0050_000013,준식별자
126.9780,043_0050,sample_043_0050_000013,준식별자
male,043_0050,sample_043_0050_000029,준식별자
1985,043_0050,sample_043_0050_000029,준식별자
software_engineer,043_0050,sample_043_0050_000029,준식별자
서울특별시,043_0050,sample_043_0050_000029,준식별자
10.10.0.5,043_0050,sample_043_0050_000022,기밀정보
dev_043_0051_a1b2c3,043_0051,sample_043_0051_000002,개인정보
user_hash_8d6f,043_0051,sample_043_0051_000002,개인정보
남성,043_0051,sample_043_0051_000003,준식별자
1985,043_0051,sample_043_0051_000003,준식별자
강남구,043_0051,sample_043_0051_000003,준식별자
2025-07-21T14:35:22Z,043_0051,sample_043_0051_000005,준식별자
device_id: device_hash_b9a1c4e2,043_0052,sample_043_0052_000002,개인정보
user_id: user_hash_3f2b7c9a,043_0052,sample_043_0052_000002,개인정보
gps_latitude: 37.5665,043_0052,sample_043_0052_000013,준식별자
gps_longitude: 126.9780,043_0052,sample_043_0052_000013,준식별자
https://internal-api.corp.local/ingest,043_0052,sample_043_0052_000020,기밀정보
/etc/keys/device_key.pem,043_0052,sample_043_0052_000021,기밀정보
10.8.0.1,043_0052,sample_043_0052_000022,기밀정보
성별: 여성,043_0052,sample_043_0052_000023,준식별자
birth_year: 1989,043_0052,sample_043_0052_000024,준식별자
birth_month: 06,043_0052,sample_043_0052_000025,준식별자
birth_day: 15,043_0052,sample_043_0052_000026,준식별자
sha256:3f2a9b7c4e5f6a1b9c0dbe3f7a8c9d1e2f3a4b5c6d7e8f9a0b1c2d3e4f5a6b7,043_0053,sample_043_0053_000005,개인정보
성별: 남성,043_0053,sample_043_0053_000006,준식별자
생년월일: 1985-07-23,043_0053,sample_043_0053_000006,준식별자
시군구: 강남구,043_0053,sample_043_0053_000006,준식별자
https://private.internal.corp/api/v1,043_0053,sample_043_0053_000012,기밀정보
10.0.0.5,043_0053,sample_043_0053_000012,기밀정보
vpn.corp.internal,043_0053,sample_043_0053_000028,기밀정보
usr_9b2d1f4a,043_0054,sample_043_0054_000004,개인정보
dev_a3f5c9b2,043_0054,sample_043_0054_000004,개인정보
2025-01-07T15:22:30Z,043_0054,sample_043_0054_000005,준식별자
2024-07-15,043_0054,sample_043_0054_000012,준식별자
37.123456,043_0054,sample_043_0054_000019,준식별자
127.123456,043_0054,sample_043_0054_000019,준식별자
1985,043_0054,sample_043_0054_000020,준식별자
male,043_0054,sample_043_0054_000020,준식별자
SN-2024-09-AB12,043_0054,sample_043_0054_000027,기밀정보
/srv/prod/secrets/config.yaml,043_0054,sample_043_0054_000028,기밀정보
10.0.0.5,043_0054,sample_043_0054_000028,기밀정보
/audit/consent_withdrawals/,043_0054,sample_043_0054_000014,기밀정보
/audit/access_logs/,043_0054,sample_043_0054_000026,기밀정보
device_043_0055_A1,043_0055,sample_043_0055_000002,준식별자
uid_hash_4f3a9b7c,043_0055,sample_043_0055_000002,준식별자
2025-01-05T12:00:00Z,043_0055,sample_043_0055_000003,준식별자
gps_latitude=37.5665,043_0055,sample_043_0055_000008,준식별자
gps_longitude=126.9780,043_0055,sample_043_0055_000008,준식별자
2024-06-15T09:00:00Z,043_0055,sample_043_0055_000013,준식별자
vpn.internal.company,043_0055,sample_043_0055_000026,기밀정보
/internal/calib/procedure_v2.pdf,043_0055,sample_043_0055_000026,기밀정보
dev_ae3f4b21,043_0056,sample_043_0056_000004,개인정보
usr_9f8b7c6a,043_0056,sample_043_0056_000005,개인정보
SN:12345678,043_0056,sample_043_0056_000006,개인정보
2025-01-07T12:34:56Z,043_0056,sample_043_0056_000007,준식별자
female,043_0056,sample_043_0056_000008,준식별자
birth_year: 1985,043_0056,sample_043_0056_000008,준식별자
"gps_latitude: 37.5665, gps_longitude: 126.9780",043_0056,sample_043_0056_000009,준식별자
2024-12-15,043_0056,sample_043_0056_000017,준식별자
tech_4bda,043_0056,sample_043_0056_000017,개인정보
https://internal-api.corp/private/keys,043_0056,sample_043_0056_000019,기밀정보
성별: 여성,043_0057,sample_043_0057_000006,준식별자
생년월일: 1980-05-12,043_0057,sample_043_0057_000006,준식별자
서울특별시 강남구,043_0057,sample_043_0057_000017,준식별자
https://intranet.med-device.local/secure-manual.pdf,043_0057,sample_043_0057_000022,기밀정보
10.0.0.5,043_0057,sample_043_0057_000026,기밀정보
성별: 남성,043_0058,sample_043_0058_000028,준식별자
생년월일: 1985-06-12,043_0058,sample_043_0058_000028,준식별자
시/군/구: 서울특별시 강남구,043_0058,sample_043_0058_000028,준식별자
server_ip: 10.8.0.42,043_0058,sample_043_0058_000026,기밀정보
심정우,043_0059,sample_043_0059_000002,개인정보
user_hash_9f2b1a,043_0059,sample_043_0059_000004,개인정보
dev_hash_7c4e2b,043_0059,sample_043_0059_000005,기밀정보
2025-01-08T12:34:56Z,043_0059,sample_043_0059_000006,준식별자
"37.551, -122.987",043_0059,sample_043_0059_000007,준식별자
2024-12-15,043_0059,sample_043_0059_000010,준식별자
sha256:9f86d081884c7d659a2feaa0c55ad015a3bf4f1b2b0b822cd15d6c15b0f00a08,043_0060,sample_043_0060_000002,개인정보
pseudonym_user_0001,043_0060,sample_043_0060_000003,준식별자
2025-07-21T14:23:45.123Z,043_0060,sample_043_0060_000004,일반정보
"37.5665, 126.9780",043_0060,sample_043_0060_000013,준식별자
consent_date: 2024-05-10T09:00:00Z,043_0060,sample_043_0060_000018,준식별자
firmware_version: fw_3.4.2,043_0060,sample_043_0060_000011,일반정보
processing_pipeline_version: pipeline_2025_06_01,043_0060,sample_043_0060_000011,기밀정보
battery_level: 78%,043_0060,sample_043_0060_000012,일반정보
calibration_date: 2024-10-15,043_0060,sample_043_0060_000009,일반정보
https://docs.example.com/manufacturer_doc_v1.pdf,043_0060,sample_043_0060_000022,일반정보
https://docs.example.com/clinical_validation_v1.pdf,043_0060,sample_043_0060_000022,일반정보
성별: 여성,043_0060,sample_043_0060_000025,준식별자
1985,043_0060,sample_043_0060_000025,준식별자
06,043_0060,sample_043_0060_000025,준식별자
12,043_0060,sample_043_0060_000025,준식별자
키 172 cm,043_0060,sample_043_0060_000025,준식별자
체중 68 kg,043_0060,sample_043_0060_000025,준식별자
서울특별시,043_0060,sample_043_0060_000026,준식별자
종로구,043_0060,sample_043_0060_000026,준식별자
internal_api_endpoint: https://vpn.internal.corp.local/api/upload,043_0060,sample_043_0060_000027,기밀정보
server_ip: 10.0.0.5,043_0060,sample_043_0060_000027,기밀정보
device_9c4e1d0f,043_0061,sample_043_0061_000003,개인정보
user_6f9b3a2b,043_0061,sample_043_0061_000004,개인정보
/srv/secure/clinical/validation_v2.pdf,043_0061,sample_043_0061_000015,기밀정보
https://internal.manufacturer.local/firmware/MD-2024.bin,043_0061,sample_043_0061_000016,기밀정보
10.0.4.12,043_0061,sample_043_0061_000016,기밀정보
지찬희,043_0061,sample_043_0061_000017,개인정보
성정하,043_0061,sample_043_0061_000018,개인정보
연:1985,043_0061,sample_043_0061_000019,준식별자
월:06,043_0061,sample_043_0061_000019,준식별자
일:12,043_0061,sample_043_0061_000019,준식별자
성별: 남,043_0061,sample_043_0061_000019,준식별자
키: 175 cm,043_0061,sample_043_0061_000020,준식별자
몸무게: 72 kg,043_0061,sample_043_0061_000020,준식별자
dev-043-6a1f2b3c,043_0062,sample_043_0062_000002,개인정보
sha256:4f7a9b8c9d0e1f2a3b4c5d6e7f8a9b0c,043_0062,sample_043_0062_000003,개인정보
2025-03-12T08:23:45Z,043_0062,sample_043_0062_000003,준식별자
2024-11-05,043_0062,sample_043_0062_000005,준식별자
"37.5665, 126.9780",043_0062,sample_043_0062_000010,준식별자
https://api.internal.company.local/v1/consent/withdraw,043_0062,sample_043_0062_000015,기밀정보
/srv/private/keys/device_key.pem,043_0062,sample_043_0062_000016,기밀정보
2024-12-15,043_0062,sample_043_0062_000020,준식별자
https://secure.internal-device.local/docs/validation_2024.pdf,043_0062,sample_043_0062_000020,기밀정보
device_id: dev-043-0063-9f1a,043_0063,sample_043_0063_000004,기밀정보
user_id: uid_pseudo_043_0063_ab12,043_0063,sample_043_0063_000005,개인정보
sex: male,043_0063,sample_043_0063_000006,준식별자
birth_year: 1985,043_0063,sample_043_0063_000007,준식별자
city: Seoul,043_0063,sample_043_0063_000008,준식별자
height_cm: 178,043_0063,sample_043_0063_000009,준식별자
weight_kg: 74,043_0063,sample_043_0063_000010,준식별자
gps_latitude: 37.5665,043_0063,sample_043_0063_000011,준식별자
gps_longitude: 126.9780,043_0063,sample_043_0063_000011,준식별자
calibration_date: 2025-08-15T09:30:00Z,043_0063,sample_043_0063_000012,준식별자
timestamp: 2025-08-20T12:00:00Z,043_0063,sample_043_0063_000013,준식별자
server_ip: 10.8.0.5,043_0063,sample_043_0063_000020,기밀정보
internal_api_endpoint: https://internal-api.company.local/v1/upload,043_0063,sample_043_0063_000021,기밀정보
private_key_store: vault://creds/enc-key-7,043_0063,sample_043_0063_000022,기밀정보
consent_withdrawal_log_path: /audit/withdrawals/043_0063/uid_pseudo_043_0063_ab12,043_0063,sample_043_0063_000026,기밀정보
문한신,043_0064,sample_043_0064_000002,개인정보
조예승,043_0064,sample_043_0064_000003,개인정보
홍채환,043_0064,sample_043_0064_000003,개인정보
dev-43-00064-0001,043_0064,sample_043_0064_000005,개인정보
hash_5f4dcc3b5aa765d61d8327deb882cf99,043_0064,sample_043_0064_000006,개인정보
성별 여성,043_0064,sample_043_0064_000007,준식별자
생년 1989,043_0064,sample_043_0064_000007,준식별자
시군구 강남구,043_0064,sample_043_0064_000007,준식별자
키 175 cm,043_0064,sample_043_0064_000007,준식별자
체중 72 kg,043_0064,sample_043_0064_000007,준식별자
2025-01-08T07:45:00Z,043_0064,sample_043_0064_000008,준식별자
calibration_date 2025-03-15T10:00:00Z,043_0064,sample_043_0064_000017,준식별자
조지민,043_0064,sample_043_0064_000017,개인정보
gps_latitude 37.4979,043_0064,sample_043_0064_000018,준식별자
gps_longitude 127.0276,043_0064,sample_043_0064_000018,준식별자
문성후,043_0064,sample_043_0064_000023,개인정보
2025-01-15,043_0064,sample_043_0064_000023,준식별자
10.10.32.5,043_0064,sample_043_0064_000025,기밀정보
https://svc-internal.corp.local/upload,043_0064,sample_043_0064_000025,기밀정보
/srv/prod/keys,043_0064,sample_043_0064_000025,기밀정보
dev_043_0065_a1b2,043_0065,sample_043_0065_000003,개인정보
usr_pseudo_9f3c,043_0065,sample_043_0065_000003,개인정보
dev_5f8d2a4b,043_0066,sample_043_0066_000002,준식별자
uid_9a7b3f2c,043_0066,sample_043_0066_000002,준식별자
2024,043_0066,sample_043_0066_000004,준식별자
05,043_0066,sample_043_0066_000004,준식별자
20,043_0066,sample_043_0066_000004,준식별자
2024,043_0066,sample_043_0066_000008,준식별자
03,043_0066,sample_043_0066_000008,준식별자
15,043_0066,sample_043_0066_000008,준식별자
37.5665,043_0066,sample_043_0066_000009,준식별자
126.9780,043_0066,sample_043_0066_000009,준식별자
https://internal.manufacturer.local/specs/0430066.pdf,043_0066,sample_043_0066_000013,기밀정보
https://publisher.org/clinval/0430066.pdf,043_0066,sample_043_0066_000014,일반정보
v3.2.1,043_0066,sample_043_0066_000015,일반정보
v1.4.0,043_0066,sample_043_0066_000015,일반정보
2025,043_0066,sample_043_0066_000016,준식별자
11,043_0066,sample_043_0066_000016,준식별자
02,043_0066,sample_043_0066_000016,준식별자
/srv/data/user_uploads/0430066/,043_0066,sample_043_0066_000017,기밀정보
2023,043_0066,sample_043_0066_000020,준식별자
12,043_0066,sample_043_0066_000020,준식별자
01,043_0066,sample_043_0066_000020,준식별자
device_id: sha256:81f7a3e9b2c4d6f8,043_0067,sample_043_0067_000005,개인정보
user_id: pseudonym:u_7f4a3b,043_0067,sample_043_0067_000006,개인정보
"gps_latitude: 37.5665, gps_longitude: 126.9780",043_0067,sample_043_0067_000010,준식별자
2025,043_0068,sample_043_0068_000007,준식별자
01,043_0068,sample_043_0068_000007,준식별자
08,043_0068,sample_043_0068_000007,준식별자
2024,043_0068,sample_043_0068_000012,준식별자
11,043_0068,sample_043_0068_000012,준식별자
15,043_0068,sample_043_0068_000012,준식별자
성별: 여성,043_0068,sample_043_0068_000013,준식별자
연령대: 40대,043_0068,sample_043_0068_000013,준식별자
시=서울,043_0068,sample_043_0068_000014,준식별자
구=종로구,043_0068,sample_043_0068_000014,준식별자
device_id: hashed_043a9f7b,043_0069,sample_043_0069_000002,개인정보
user_id: hashed_user_7c2d1a,043_0069,sample_043_0069_000002,개인정보
"gps_latitude: 37.5665, gps_longitude: 126.9780",043_0069,sample_043_0069_000011,준식별자
성별: 남성,043_0069,sample_043_0069_000022,준식별자
출생연도: 1985,043_0069,sample_043_0069_000022,준식별자
https://internal.api.corp.local/validate,043_0069,sample_043_0069_000020,기밀정보
10.0.0.5,043_0069,sample_043_0069_000021,기밀정보
s3://internal-bucket/manufacturer_spec_v2.pdf,043_0069,sample_043_0069_000019,기밀정보
user_id: usr_7f4a3c,043_0070,sample_043_0070_000003,준식별자
device_id: dev_9a1b,043_0070,sample_043_0070_000004,준식별자
성별: 여성,043_0070,sample_043_0070_000005,준식별자
생년: 1988,043_0070,sample_043_0070_000006,준식별자
gps_latitude: 37.56,043_0070,sample_043_0070_000007,준식별자
gps_longitude: 126.98,043_0070,sample_043_0070_000007,준식별자
height_cm: 172,043_0070,sample_043_0070_000008,준식별자
weight_kg: 68,043_0070,sample_043_0070_000008,준식별자
calibration_date: 2024-11-15T09:00:00Z,043_0070,sample_043_0070_000009,준식별자
timestamp: 2025-03-12T08:15:30Z,043_0070,sample_043_0070_000010,준식별자
device_id: dev_9a1b,043_0071,sample_043_0071_000002,개인정보
user_id: pseudonym_user_5f4dcc3b,043_0071,sample_043_0071_000002,개인정보
gps_latitude: 37.498123,043_0071,sample_043_0071_000007,준식별자
gps_longitude: 127.027580,043_0071,sample_043_0071_000007,준식별자
address_city: 강남구,043_0071,sample_043_0071_000007,준식별자
birth_date: 1985-06-12,043_0071,sample_043_0071_000008,준식별자
gender: female,043_0071,sample_043_0071_000008,준식별자
height_cm: 172,043_0071,sample_043_0071_000008,준식별자
weight_kg: 68,043_0071,sample_043_0071_000008,준식별자
manufacturer_document: https://intra.company.local/docs/device_specs_v2.pdf,043_0071,sample_043_0071_000015,기밀정보
clinical_validation_report: https://intra.company.local/clinical/validation_report_v3.pdf,043_0071,sample_043_0071_000016,기밀정보
enc_key_id: sk-prod-01,043_0071,sample_043_0071_000017,기밀정보
server_ip: 10.10.10.5,043_0071,sample_043_0071_000018,기밀정보
이름,043_0072,sample_043_0072_000002,개인정보
이메일 주소,043_0072,sample_043_0072_000003,개인정보
주민등록번호,043_0072,sample_043_0072_000004,개인정보
성별,043_0072,sample_043_0072_000005,준식별자
생년월일,043_0072,sample_043_0072_000005,준식별자
직업,043_0072,sample_043_0072_000005,준식별자
키,043_0072,sample_043_0072_000005,준식별자
몸무게,043_0072,sample_043_0072_000005,준식별자
gps_latitude,043_0072,sample_043_0072_000013,일반정보
gps_longitude,043_0072,sample_043_0072_000013,일반정보
시/군/구,043_0072,sample_043_0072_000013,준식별자
서버 IP,043_0072,sample_043_0072_000024,기밀정보
시스템 접속 계정,043_0072,sample_043_0072_000025,기밀정보
비공개 URL,043_0072,sample_043_0072_000025,기밀정보
VPN 주소,043_0072,sample_043_0072_000025,기밀정보
hsh_a1b2c3d4e5f6,043_0073,sample_043_0073_000003,개인정보
uid_9f8e7d6c,043_0073,sample_043_0073_000004,개인정보
남성,043_0073,sample_043_0073_000005,준식별자
1985,043_0073,sample_043_0073_000006,준식별자
37.5665,043_0073,sample_043_0073_000007,준식별자
126.9780,043_0073,sample_043_0073_000007,준식별자
https://ingest.internal.corp,043_0073,sample_043_0073_000024,기밀정보
10.0.8.23,043_0073,sample_043_0073_000025,기밀정보
vpn.internal.corp,043_0073,sample_043_0073_000026,기밀정보
REDACTED_ABC123_INTERNAL,043_0073,sample_043_0073_000027,기밀정보
dev-7f3a2b9e,043_0074,sample_043_0074_000002,개인정보
hsh_9f8c4a2b3e1d,043_0074,sample_043_0074_000003,개인정보
37.5665,043_0074,sample_043_0074_000014,준식별자
126.9780,043_0074,sample_043_0074_000014,준식별자
https://intranet.manufacturer.local/docs/device_spec_private_v1.pdf,043_0074,sample_043_0074_000021,기밀정보
dev_043_7a8f3b,043_0075,sample_043_0075_000005,개인정보
sha256:3a7f9c1b8e9d4f2a6c0b5d1e7f8a2c9b3d4e5f6a7b8c9d0e1f2a3b4c5d6e7f8,043_0075,sample_043_0075_000006,개인정보
남성,043_0075,sample_043_0075_000007,준식별자
1985,043_0075,sample_043_0075_000007,준식별자
서울특별시,043_0075,sample_043_0075_000008,준식별자
강남구,043_0075,sample_043_0075_000008,준식별자
https://internal-api.corp.local/v1/upload,043_0075,sample_043_0075_000013,기밀정보
10.0.0.42,043_0075,sample_043_0075_000014,기밀정보
/srv/data/wearable/raw/043_0075/,043_0075,sample_043_0075_000015,기밀정보
user_id: sha256:3f79bb7b435b05321651daefd374cd21b4e7a2c3d5f6a7b8c9d0e1f2a3b4c5d6,043_0076,sample_043_0076_000005,개인정보
성별: female,043_0076,sample_043_0076_000006,준식별자
birth_year: 1985,043_0076,sample_043_0076_000007,준식별자
height_cm: 175,043_0076,sample_043_0076_000008,준식별자
weight_kg: 72,043_0076,sample_043_0076_000008,준식별자
gps_latitude: 37.5665,043_0076,sample_043_0076_000010,준식별자
gps_longitude: 126.9780,043_0076,sample_043_0076_000010,준식별자
https://internal.corp.example.com/ingest,043_0076,sample_043_0076_000020,기밀정보
dev-77a3,043_0077,sample_043_0077_000007,개인정보
hashed_0xA1B2C3,043_0077,sample_043_0077_000008,개인정보
남성,043_0077,sample_043_0077_000008,준식별자
1985-06-23,043_0077,sample_043_0077_000008,준식별자
서울특별시,043_0077,sample_043_0077_000008,준식별자
강남구,043_0077,sample_043_0077_000008,준식별자
10.0.0.5,043_0077,sample_043_0077_000018,기밀정보
https://internal.api.local,043_0077,sample_043_0077_000018,기밀정보
"gps_latitude: 37.5665, gps_longitude: 126.9780",043_0077,sample_043_0077_000024,준식별자
성별=남,043_0078,sample_043_0078_000004,준식별자
시/군/구=강남구,043_0078,sample_043_0078_000004,준식별자
calibration_date=2024-11-03,043_0078,sample_043_0078_000017,준식별자
manufacturer_document=https://storage.corp/manufacturer/wearable_v2_spec.pdf,043_0078,sample_043_0078_000018,기밀정보
clinical_validation_report=https://clinical.docs/wearable_v2_phase2_report.pdf,043_0078,sample_043_0078_000019,기밀정보
internal_api_endpoint=https://internal.api.wearablecorp.local/upload,043_0078,sample_043_0078_000025,기밀정보
vpn_endpoint=vpn-wearable.internal:1194,043_0078,sample_043_0078_000026,기밀정보
server_ip=10.8.0.5,043_0078,sample_043_0078_000026,기밀정보
user_id: sha256:abcdef0123456789abcdef0123456789abcdef0123456789abcdef0123456789,043_0079,sample_043_0079_000003,개인정보
device_id: dev-6b1e4f2a,043_0079,sample_043_0079_000003,준식별자
sex: male,043_0079,sample_043_0079_000004,준식별자
birth_year: 1985,043_0079,sample_043_0079_000004,준식별자
gps_latitude: 37.4219999,043_0079,sample_043_0079_000011,준식별자
gps_longitude: -122.0840575,043_0079,sample_043_0079_000011,준식별자
https://internal.manufacturer.local/specs/firmware_v2.1.pdf,043_0079,sample_043_0079_000020,기밀정보
10.10.23.45,043_0079,sample_043_0079_000021,기밀정보
/opt/firmware/private_keys.pem,043_0079,sample_043_0079_000021,기밀정보
2025-06-15T08:23:45.123Z,043_0080,sample_043_0080_000008,준식별자
gps_latitude: 37.4979,043_0080,sample_043_0080_000013,준식별자
gps_longitude: 127.0276,043_0080,sample_043_0080_000013,준식별자
시군구: 서울특별시 강남구,043_0080,sample_043_0080_000013,준식별자
consent_status: consent_given,043_0080,sample_043_0080_000014,일반정보
성별: 여성,043_0080,sample_043_0080_000015,준식별자
생년월일: 1985-07-23,043_0080,sample_043_0080_000015,준식별자
키: 175 cm,043_0080,sample_043_0080_000015,준식별자
몸무게: 72 kg,043_0080,sample_043_0080_000015,준식별자
calibration_date: 2025-01-10,043_0080,sample_043_0080_000016,준식별자
서버 IP: 10.0.0.5 (내부 네트워크),043_0080,sample_043_0080_000022,기밀정보
internal_api_endpoint: https://internal-api.company.local/upload,043_0080,sample_043_0080_000022,기밀정보
VPN 주소: vpn.internal.company,043_0080,sample_043_0080_000022,기밀정보
시스템 접속 계정: clinician_admin,043_0080,sample_043_0080_000022,기밀정보
timestamp: 2025-06-15T08:23:45.123Z (ISO8601/UTC),043_0080,sample_043_0080_000008,준식별자
manufacturer_document: https://example.com/manufacturer_doc_v1.pdf,043_0080,sample_043_0080_000026,일반정보
clinical_validation_report: https://example.com/clinical_report_v1.pdf,043_0080,sample_043_0080_000026,일반정보
device_id: device_043_a1b2,043_0081,sample_043_0081_000004,준식별자
user_id: pseudonym_0001,043_0081,sample_043_0081_000005,준식별자
생년: 1985,043_0081,sample_043_0081_000006,준식별자
성별: 남성,043_0081,sample_043_0081_000006,준식별자
시: 서울특별시,043_0081,sample_043_0081_000007,준식별자
gps_latitude: 37.5665,043_0081,sample_043_0081_000008,준식별자
gps_longitude: 126.9780,043_0081,sample_043_0081_000008,준식별자
api_key: API-SECRET-01,043_0081,sample_043_0081_000011,기밀정보
internal_api_url: https://intranet.wearablecorp.internal/api,043_0081,sample_043_0081_000012,기밀정보
server_ip: 10.10.0.12,043_0081,sample_043_0081_000013,기밀정보
vpn_address: vpn.wearable.local,043_0081,sample_043_0081_000014,기밀정보
clinical_validation_report: https://internal-docs.wearablecorp.local/clinical_validation_v2.pdf,043_0081,sample_043_0081_000014,기밀정보
file_path: /srv/data/wearables/2025/participant_data,043_0081,sample_043_0081_000016,기밀정보
device_9b7c4a1e,043_0082,sample_043_0082_000004,준식별자
pseudouser_6f1e2a3b,043_0082,sample_043_0082_000005,준식별자
"gps_latitude: 37.57, gps_longitude: 126.98",043_0082,sample_043_0082_000015,준식별자
device_id=sha256:3a7f9c1b6d4e9b8f2c1a0e7d6f5c4b3a,043_0083,sample_043_0083_000006,개인정보
user_id=sha256:ae34b9c5d7f1e2c3b4a5f6e7d8c9b0a1,043_0083,sample_043_0083_000006,개인정보
성별: 남성,043_0083,sample_043_0083_000008,준식별자
birth_year:1985,043_0083,sample_043_0083_000008,준식별자
height_cm:175,043_0083,sample_043_0083_000008,준식별자
weight_kg:72,043_0083,sample_043_0083_000008,준식별자
gps_latitude:37.5665,043_0083,sample_043_0083_000013,준식별자
gps_longitude:126.9780,043_0083,sample_043_0083_000013,준식별자
https://internal.corp.local/docs/secure_guideline.pdf,043_0083,sample_043_0083_000019,기밀정보
server_ip:10.0.0.5,043_0083,sample_043_0083_000019,기밀정보
043-DEV-8A1B,043_0084,sample_043_0084_000004,준식별자
UID_8F3A2B9C,043_0084,sample_043_0084_000005,준식별자
2025-01-07T13:45:30Z,043_0084,sample_043_0084_000007,준식별자
37.55,043_0084,sample_043_0084_000013,준식별자
126.99,043_0084,sample_043_0084_000013,준식별자
https://internal-api.corp.private/upload,043_0084,sample_043_0084_000028,기밀정보
10.8.0.12,043_0084,sample_043_0084_000028,기밀정보
pid_9f8b6a2c,043_0085,sample_043_0085_000005,준식별자
dev_3a7c1e,043_0085,sample_043_0085_000006,준식별자
여성,043_0085,sample_043_0085_000007,준식별자
1988,043_0085,sample_043_0085_000008,준식별자
37.5665,043_0085,sample_043_0085_000009,준식별자
126.9780,043_0085,sample_043_0085_000009,준식별자
https://internal.api.company.local,043_0085,sample_043_0085_000021,기밀정보
10.0.0.12,043_0085,sample_043_0085_000022,기밀정보
dev_8f14e45fceea167a5a36dedd4bea2543,043_0086,sample_043_0086_000001,개인정보
usr_5f4dcc3b5aa765d61d8327deb882cf99,043_0086,sample_043_0086_000002,개인정보
2025,043_0086,sample_043_0086_000004,준식별자
01,043_0086,sample_043_0086_000004,준식별자
06,043_0086,sample_043_0086_000004,준식별자
여성,043_0086,sample_043_0086_000006,준식별자
1985,043_0086,sample_043_0086_000006,준식별자
37.5500,043_0086,sample_043_0086_000008,준식별자
127.0000,043_0086,sample_043_0086_000008,준식별자
2024,043_0086,sample_043_0086_000013,준식별자
11,043_0086,sample_043_0086_000013,준식별자
15,043_0086,sample_043_0086_000013,준식별자
user_hash_3f8a9b7f,043_0088,sample_043_0088_000005,개인정보
1987,043_0088,sample_043_0088_000007,준식별자
08,043_0088,sample_043_0088_000007,준식별자
15,043_0088,sample_043_0088_000007,준식별자
남성,043_0088,sample_043_0088_000007,준식별자
72kg,043_0088,sample_043_0088_000007,준식별자
178cm,043_0088,sample_043_0088_000007,준식별자
서울특별시,043_0088,sample_043_0088_000007,준식별자
종로구,043_0088,sample_043_0088_000007,준식별자
37.5665,043_0088,sample_043_0088_000008,준식별자
126.9780,043_0088,sample_043_0088_000008,준식별자
https://internal.corp/secure/firmware,043_0088,sample_043_0088_000018,기밀정보
/srv/internal/firmware/v1.2.0/release.pdf,043_0088,sample_043_0088_000019,기밀정보
10.0.0.12,043_0088,sample_043_0088_000020,기밀정보
홍성,043_0088,sample_043_0088_000021,개인정보
허혜민,043_0088,sample_043_0088_000021,개인정보
노봉기,043_0088,sample_043_0088_000022,개인정보
/api/v1/data/delete,043_0088,sample_043_0088_000026,기밀정보
원현승,043_0088,sample_043_0088_000030,개인정보
2025-06-15T08:30:00Z,043_0089,sample_043_0089_000004,준식별자
dev_9b8c7d4f,043_0089,sample_043_0089_000005,개인정보
user_a3f5e9,043_0089,sample_043_0089_000005,개인정보
2025-06-15T08:30:00Z,043_0089,sample_043_0089_000005,준식별자
2025-05-10,043_0089,sample_043_0089_000012,준식별자
2025-04-20T07:00:00Z,043_0089,sample_043_0089_000017,준식별자
gps_latitude=37.56,043_0089,sample_043_0089_000018,준식별자
gps_longitude=126.97,043_0089,sample_043_0089_000018,준식별자
서울특별시,043_0089,sample_043_0089_000018,준식별자
s3://prod-device-data/ingest/2025/06/15/,043_0089,sample_043_0089_000023,기밀정보
https://internal.devicecorp.local/api/upload,043_0089,sample_043_0089_000026,기밀정보
10.0.0.12,043_0089,sample_043_0089_000026,기밀정보
dev_sha256_3f2a9b6e,043_0090,sample_043_0090_000003,준식별자
uid_8a7f6c2e,043_0090,sample_043_0090_000004,준식별자
gps_latitude 37.56,043_0090,sample_043_0090_000011,준식별자
gps_longitude 126.97,043_0090,sample_043_0090_000011,준식별자
2024-03-15,043_0090,sample_043_0090_000015,준식별자
서울특별시,043_0090,sample_043_0090_000024,준식별자
https://internal-api.company.local,043_0090,sample_043_0090_000025,기밀정보
10.10.0.5,043_0090,sample_043_0090_000025,기밀정보
dev_043_0091_a1b2,043_0091,sample_043_0091_000003,개인정보
pseudonym_user_0001,043_0091,sample_043_0091_000004,개인정보
남성,043_0091,sample_043_0091_000005,준식별자
1985,043_0091,sample_043_0091_000006,준식별자
강남구,043_0091,sample_043_0091_000007,준식별자
37.4979,043_0091,sample_043_0091_000008,준식별자
127.0276,043_0091,sample_043_0091_000009,준식별자
2025-11-01T08:15:30Z,043_0091,sample_043_0091_000010,준식별자
backend_server_ip,043_0091,sample_043_0091_000012,기밀정보
https://internal.example.local/policy,043_0091,sample_043_0091_000013,기밀정보
internal_key_mgmt,043_0091,sample_043_0091_000014,기밀정보
/internal/logs/deletions,043_0091,sample_043_0091_000025,기밀정보
dev_043_a1b2c3f9,043_0092,sample_043_0092_000002,개인정보
uid_hash_7f9c1d2e,043_0092,sample_043_0092_000003,개인정보
2025-01-07T14:12:03Z,043_0092,sample_043_0092_000004,준식별자
37.5665,043_0092,sample_043_0092_000012,준식별자
126.9780,043_0092,sample_043_0092_000012,준식별자
2024-11-15,043_0092,sample_043_0092_000017,준식별자
https://intranet.corp.local/reports/clinical_validation_043_0092.pdf,043_0092,sample_043_0092_000025,기밀정보
/var/logs/data_access/043_0092.log,043_0092,sample_043_0092_000026,기밀정보
delete_job_0009,043_0092,sample_043_0092_000027,기밀정보
user_hash: 3f5b8c9a7d2e4f1b,043_0093,sample_043_0093_000003,준식별자
device_id: dev-9a7b4c2d,043_0093,sample_043_0093_000004,준식별자
timestamp: 2025-11-01T08:15:30Z,043_0093,sample_043_0093_000005,준식별자
gps_latitude: 37.5601,043_0093,sample_043_0093_000017,준식별자
gps_longitude: 126.9769,043_0093,sample_043_0093_000017,준식별자
age: 45,043_0093,sample_043_0093_000027,준식별자
dev-8f3a-9912,043_0094,sample_043_0094_000002,기밀정보
hashed_user_3f5e2a9b,043_0094,sample_043_0094_000003,개인정보
2025-03-15T08:23:45Z,043_0094,sample_043_0094_000004,준식별자
2025,043_0094,sample_043_0094_000004,준식별자
03,043_0094,sample_043_0094_000004,준식별자
15,043_0094,sample_043_0094_000004,준식별자
37.5665,043_0094,sample_043_0094_000011,준식별자
126.9780,043_0094,sample_043_0094_000011,준식별자
consent_9b7a,043_0094,sample_043_0094_000016,개인정보
2024-11-07,043_0094,sample_043_0094_000017,준식별자
VEND_A_1001,043_0094,sample_043_0094_000023,기밀정보
ST-2024-07,043_0094,sample_043_0094_000024,기밀정보
방인화,043_0094,sample_043_0094_000026,개인정보
SN-00123,043_0094,sample_043_0094_000027,기밀정보
1985,043_0094,sample_043_0094_000028,준식별자
dev_0a3f,043_0095,sample_043_0095_000003,개인정보
user_9a8b7c,043_0095,sample_043_0095_000003,개인정보
천루희,043_0095,sample_043_0095_000005,개인정보
성별: 여성,043_0095,sample_043_0095_000006,준식별자
출생연도: 1987,043_0095,sample_043_0095_000006,준식별자
gps_latitude: 37.5012,043_0095,sample_043_0095_000008,준식별자
gps_longitude: 127.0396,043_0095,sample_043_0095_000008,준식별자
10.3.4.129,043_0095,sample_043_0095_000010,기밀정보
device_6f1a3b9c,043_0096,sample_043_0096_000003,개인정보
user_a7c4e2d1,043_0096,sample_043_0096_000004,개인정보
2025,043_0096,sample_043_0096_000006,준식별자
03,043_0096,sample_043_0096_000006,준식별자
15,043_0096,sample_043_0096_000006,준식별자
2025,043_0096,sample_043_0096_000007,준식별자
03,043_0096,sample_043_0096_000007,준식별자
20,043_0096,sample_043_0096_000007,준식별자
37.5665,043_0096,sample_043_0096_000008,준식별자
126.9780,043_0096,sample_043_0096_000008,준식별자
2025,043_0096,sample_043_0096_000010,준식별자
03,043_0096,sample_043_0096_000010,준식별자
20,043_0096,sample_043_0096_000010,준식별자
https://private.example.com/docs/043_0096_manual_v1.2.pdf,043_0096,sample_043_0096_000012,기밀정보
https://private.example.com/clinical/043_0096_validation_v2.0.pdf,043_0096,sample_043_0096_000013,기밀정보
usr_9f8e7d6,043_0097,sample_043_0097_000005,준식별자
dev_a3f1b2c4,043_0097,sample_043_0097_000006,준식별자
2025-03-01T10:15:00Z,043_0097,sample_043_0097_000007,준식별자
37.501234,043_0097,sample_043_0097_000010,준식별자
127.039876,043_0097,sample_043_0097_000010,준식별자
BAT-00012345,043_0097,sample_043_0097_000011,기밀정보
2024-11-01,043_0097,sample_043_0097_000012,준식별자
2024-05-20,043_0097,sample_043_0097_000013,준식별자
https://internal-api.prod.example.local/ingest/v1,043_0097,sample_043_0097_000019,기밀정보
10.0.12.5,043_0097,sample_043_0097_000020,기밀정보
2024-11-15,043_0097,sample_043_0097_000021,준식별자
/srv/secrets/firmware_signing_key.pem,043_0097,sample_043_0097_000024,기밀정보
성별: 여성,043_0098,sample_043_0098_000024,준식별자
출생연도: 1985,043_0098,sample_043_0098_000024,준식별자
시/군/구: 강남구,043_0098,sample_043_0098_000024,준식별자
키: 175 cm,043_0098,sample_043_0098_000024,준식별자
체중: 72 kg,043_0098,sample_043_0098_000024,준식별자
device_id: dev_9f1a3b2c,043_0099,sample_043_0099_000002,개인정보
user_id: a3f5c9e1b7d2,043_0099,sample_043_0099_000003,개인정보
성별: 여성,043_0099,sample_043_0099_000004,준식별자
생년월일(연): 1978,043_0099,sample_043_0099_000005,준식별자
거주시: 서울특별시,043_0099,sample_043_0099_000006,준식별자
키: 168 cm,043_0099,sample_043_0099_000007,준식별자
몸무게: 72 kg,043_0099,sample_043_0099_000007,준식별자
2025-10-15T08:23:45Z,043_0099,sample_043_0099_000008,준식별자
calibration_date: 2025-10-01,043_0099,sample_043_0099_000009,준식별자
"gps_latitude: 37.5665, gps_longitude: 126.9780",043_0099,sample_043_0099_000014,준식별자
/srv/internal/consent/withdrawals.log,043_0099,sample_043_0099_000018,기밀정보
10.0.0.5,043_0099,sample_043_0099_000022,기밀정보
https://internal-api.corp.local/device,043_0099,sample_043_0099_000022,기밀정보
/srv/internal/delete_requests/delreq_00012345.log,043_0099,sample_043_0099_000028,기밀정보
device_id=sha256:3f7a2c9e8b1d4a6f9c0e2b3d4a5f6c7e8d9a0b1c2d3e4f5a6b7c8d9e0f1a2b3c,043_0100,sample_043_0100_000002,개인정보
user_id=sha256:9f8e7d6c5b4a3a2b1c0d9e8f7a6b5c4d3e2f1a0b9c8d7e6f5a4b3c2d1e0f9a8,043_0100,sample_043_0100_000003,개인정보
gps_latitude=37.541234,043_0100,sample_043_0100_000010,준식별자
gps_longitude=127.010456,043_0100,sample_043_0100_000010,준식별자
