{
    "document_id": "045_0006",
    "document_title": "나노입자 합성 및 공정검증 보고서 (실험실-파일럿 분리 기록 포함)",
    "data": [
        {
            "sentence": "본 문서는 나노기술 및 나노제조 영역의 합성·특성·품질관리·메타데이터 규격을 종합적으로 기록하기 위해 작성되었습니다.",
            "id": "sample_045_0006_000001",
            "annotations": []
        },
        {
            "sentence": "문서는 샘플 추적성(sample_id, batch_id), 합성프로토콜, 공정파라미터, 측정 원시파일 참조 및 체크섬을 포함합니다.",
            "id": "sample_045_0006_000002",
            "annotations": []
        },
        {
            "sentence": "합성 프로토콜 요약: 전구체 A 100 mol·m^-3 ±2 mol·m^-3, 전구체 B 50 mol·m^-3 ±1 mol·m^-3, 반응용매 900 kg·m^-3 ±5 kg·m^-3, 반응부피 0.010 m^3 ±0.0001 m^3.",
            "id": "sample_045_0006_000003",
            "annotations": []
        },
        {
            "sentence": "반응조건: 교반속도 20 s^-1 ±0.5 s^-1, 반응온도 298.15 K ±0.5 K, 반응압력 101325 Pa ±500 Pa, 반응시간 3600 s ±60 s로 표준화하였습니다.",
            "id": "sample_045_0006_000004",
            "annotations": []
        },
        {
            "sentence": "시행자 식별 및 접근기록: 시행자 이름은 안하경이며 시행자 고유식별자(operator_id)는 OP-2024-015로 기록되어 보안 로그에 연계됩니다.",
            "id": "sample_045_0006_000005",
            "annotations": [
                {
                    "word": "안하경",
                    "start": 23,
                    "end": 26,
                    "label": "개인정보"
                },
                {
                    "word": "OP-2024-015",
                    "start": 53,
                    "end": 64,
                    "label": "개인정보"
                }
            ]
        },
        {
            "sentence": "품질검토 책임자(승인자)는 홍호재로 명시되어 있으며 검증 절차와 승인 타임스탬프가 전자로그에 저장됩니다.",
            "id": "sample_045_0006_000006",
            "annotations": [
                {
                    "word": "홍호재",
                    "start": 15,
                    "end": 18,
                    "label": "개인정보"
                }
            ]
        },
        {
            "sentence": "클린룸 환경: 작업구역 클린룸 등급 ISO 5(유입 입자수 평균 5.0×10^3 개·m^-3 ±1.0×10^3 개·m^-3, 측정기기 CAL 상태 포함).",
            "id": "sample_045_0006_000007",
            "annotations": []
        },
        {
            "sentence": "생산일자(생산일, 배치기록): 2024-07-15에 실험실 규모 합성(batch_id: LAB-045-B01)이 수행되었습니다.",
            "id": "sample_045_0006_000008",
            "annotations": [
                {
                    "word": "2024",
                    "start": 17,
                    "end": 21,
                    "label": "준식별자"
                },
                {
                    "word": "07",
                    "start": 22,
                    "end": 24,
                    "label": "준식별자"
                },
                {
                    "word": "15",
                    "start": 25,
                    "end": 27,
                    "label": "준식별자"
                }
            ]
        },
        {
            "sentence": "측정타임스탬프 예시: TEM 관찰 및 PSD 측정은 2024-07-16T10:15:30Z에 수행되었으며 각 측정에는 개별 불확실성 값이 기록됩니다.",
            "id": "sample_045_0006_000009",
            "annotations": [
                {
                    "word": "2024-07-16T10:15:30Z",
                    "start": 29,
                    "end": 49,
                    "label": "준식별자"
                }
            ]
        },
        {
            "sentence": "원료추적성(raw_materials): 전구체 A 공급자, 배치정보, 성분분석서와 COA가 원자료로 첨부되며 공급자 인증 및 유통기록을 포함합니다.",
            "id": "sample_045_0006_000010",
            "annotations": []
        },
        {
            "sentence": "입도분포(particle_size_distribution): 평균 직경 85.0 nm ±4.2 nm, 표준편차 12.4 nm ±1.1 nm, PDI 0.12 ±0.02로 DLS 및 TEM 통합값으로 보고합니다.",
            "id": "sample_045_0006_000011",
            "annotations": []
        },
        {
            "sentence": "공급자 및 로트 정보(예시): 공급자 폴리텍나노, 로트번호 PTN-LT-2024-07은 원료의 추적과 계약상 비공개 대상입니다.",
            "id": "sample_045_0006_000012",
            "annotations": [
                {
                    "word": "폴리텍나노",
                    "start": 21,
                    "end": 26,
                    "label": "기밀정보"
                },
                {
                    "word": "PTN-LT-2024-07",
                    "start": 33,
                    "end": 47,
                    "label": "기밀정보"
                }
            ]
        },
        {
            "sentence": "표면화학(surface_chemistry): 기능기 -COOH 표면밀도 1.2×10^-6 mol·m^-2 ±0.1×10^-6 mol·m^-2, XPS 결합에너지 C1s 284.8 eV ±0.2 eV로 측정됩니다.",
            "id": "sample_045_0006_000013",
            "annotations": []
        },
        {
            "sentence": "원시파일 참조: TEM/SEM 이미지는 HDF5/TIFF 권장 포맷으로 저장하며 예시 파일 경로는 /srv/data/nano/exp_045_0006.h5이고 체크섬과 메타데이터가 연계됩니다.",
            "id": "sample_045_0006_000014",
            "annotations": [
                {
                    "word": "/srv/data/nano/exp_045_0006.h5",
                    "start": 55,
                    "end": 85,
                    "label": "기밀정보"
                }
            ]
        },
        {
            "sentence": "측정장비 및 시리얼번호: SEM_SN: SEM-AX200-3345(캘리브레이션 증명서 포함), TEM_SN: TEM-ZR100-2211 등 장비별 고유식별자를 기재합니다.",
            "id": "sample_045_0006_000015",
            "annotations": [
                {
                    "word": "SEM-AX200-3345",
                    "start": 22,
                    "end": 36,
                    "label": "기밀정보"
                }
            ]
        },
        {
            "sentence": "접속/관리계정 메타데이터: 데이터 소유권 및 접근관리 계정 예시로 접속계정 admin_nano가 로그에 남아 있으며 접근권한 제어가 적용됩니다.",
            "id": "sample_045_0006_000016",
            "annotations": [
                {
                    "word": "admin_nano",
                    "start": 42,
                    "end": 52,
                    "label": "기밀정보"
                }
            ]
        },
        {
            "sentence": "특허 전 단계 또는 영업비밀 관련 항목은 기밀로 처리하며 예로 비공개 공정 레시피 RCP-045는 권한이 있는 사용자만 조회 가능합니다.",
            "id": "sample_045_0006_000017",
            "annotations": [
                {
                    "word": "RCP-045",
                    "start": 46,
                    "end": 53,
                    "label": "기밀정보"
                }
            ]
        },
        {
            "sentence": "연구책임자 및 승인: 연구책임자(PI)는 박형식이며 최종 승인과 데이터 보존 책임을 집니다.",
            "id": "sample_045_0006_000018",
            "annotations": [
                {
                    "word": "박형식",
                    "start": 23,
                    "end": 26,
                    "label": "개인정보"
                }
            ]
        },
        {
            "sentence": "기계적 물성: 인장강도 120.0 MPa ±5.0 MPa, 탄성률 2.5 GPa ±0.1 GPa는 표준시험기 및 캘리브레이션 상태를 명시하여 보고합니다.",
            "id": "sample_045_0006_000019",
            "annotations": []
        },
        {
            "sentence": "열적 특성: 유리전이온도 Tg 343.15 K ±1.0 K, 융점 Tm 450.0 K ±2.0 K, 열분해 온도 550.0 K ±5.0 K로 열분석(DTA/TGA) 결과를 통합합니다.",
            "id": "sample_045_0006_000020",
            "annotations": []
        },
        {
            "sentence": "스펙트로스코피 요약: FTIR 스펙트럼 원시파일(exp_045_ftir.csv SHA256: d41d8cd98f00b204e9800998ecf8427e)과 XPS 스펙트럼 원본을 참조합니다.",
            "id": "sample_045_0006_000021",
            "annotations": []
        },
        {
            "sentence": "독성·환경평가: in vitro 세포독성 IC50 25.0 mg·L^-1 ±3.0 mg·L^-1, in vivo 단회투여 결과는 요약표와 원자료를 병기합니다.",
            "id": "sample_045_0006_000022",
            "annotations": []
        },
        {
            "sentence": "안전자료(SDS): 관련 SDS 링크 및 문서 버전(예: SDS_v2.1.pdf)과 유해물질 규제분류(EXPORT CONTROL 포함)를 메타데이터에 연결합니다.",
            "id": "sample_045_0006_000023",
            "annotations": []
        },
        {
            "sentence": "품질관리 지표: 수율(yield_percentage) 78.5% ±2.0%이며 QC 플래그(적합/주의/불합격)를 배치별로 표기합니다.",
            "id": "sample_045_0006_000024",
            "annotations": []
        },
        {
            "sentence": "메타데이터·프로비넌스: 측정장비 모델, 캘리브레이션 날짜, 소프트웨어 버전(예: NanoLab v3.4.2)을 포함한 provenance 기록을 필수로 남깁니다.",
            "id": "sample_045_0006_000025",
            "annotations": []
        },
        {
            "sentence": "스케일업 구분: 본 보고서는 연구실 규모(LAB) 데이터와 파일럿(PILOT) 규모 데이터를 명시적으로 분리하여 해석 오도를 방지합니다.",
            "id": "sample_045_0006_000026",
            "annotations": []
        },
        {
            "sentence": "데이터 스키마 변경 시에는 버전관리와 마이그레이션 로그를 보관하며 변경사유, 변경자, 변경일자를 기록합니다.",
            "id": "sample_045_0006_000027",
            "annotations": []
        },
        {
            "sentence": "표준 온톨로지 및 레지스트리 준수: 나노물질 레지스트리 및 MIBBI 형식을 우선 적용하고 내부 확장필드는 호환성을 유지하여 추가합니다.",
            "id": "sample_045_0006_000028",
            "annotations": []
        },
        {
            "sentence": "안전·윤리·규제 리스크: 무기화 가능성 또는 규제회피를 조언하는 요청은 거부하며 관련 데이터 생성 및 변환은 합법적·안전한 범위로 제한됩니다.",
            "id": "sample_045_0006_000029",
            "annotations": []
        },
        {
            "sentence": "결론 및 권고: 민감 IP·영업비밀 항목은 접근권한으로 보호하고 개인식별정보는 익명화하며 내부관리계획에 따라 보존기간을 설정하십시오.",
            "id": "sample_045_0006_000030",
            "annotations": []
        }
    ]
}