{
    "document_id": "045_0050",
    "document_title": "나노입자 합성 및 특성분석 표준 운영절차(배치 리포트)",
    "data": [
        {
            "sentence": "문서 개요: 본 문서는 나노입자 합성, 특성분석, 원시데이터 관리 및 안전·규제 정보를 포함한 표준 운영절차와 배치별 리포트를 기술한다.",
            "id": "sample_045_0050_000001",
            "annotations": []
        },
        {
            "sentence": "문서 식별자 및 버전: document_id 045_0050, 버전 1.2, 변경이력은 문서 하단의 버전관리 로그에 기록된다.",
            "id": "sample_045_0050_000002",
            "annotations": []
        },
        {
            "sentence": "샘플 식별 및 배치 정보: sample_id SMP-2025-0001, batch_id BATCH-45-A, 원본 ELN 링크와 연결된 참조를 유지한다.",
            "id": "sample_045_0050_000003",
            "annotations": []
        },
        {
            "sentence": "production_date: 2025년 03월 15일.",
            "id": "sample_045_0050_000004",
            "annotations": [
                {
                    "word": "2025",
                    "start": 17,
                    "end": 21,
                    "label": "준식별자"
                },
                {
                    "word": "03",
                    "start": 23,
                    "end": 25,
                    "label": "준식별자"
                },
                {
                    "word": "15",
                    "start": 27,
                    "end": 29,
                    "label": "준식별자"
                }
            ]
        },
        {
            "sentence": "operator_id: 오수윤, 역할: 합성 및 1차 특성분석 담당, 접근권한은 역할기반으로 제한된다.",
            "id": "sample_045_0050_000005",
            "annotations": [
                {
                    "word": "오수윤",
                    "start": 13,
                    "end": 16,
                    "label": "개인정보"
                }
            ]
        },
        {
            "sentence": "승인 정보: 프로토콜 변경은 내부 결재로 승인되었으며 승인자는 문문현이다.",
            "id": "sample_045_0050_000006",
            "annotations": [
                {
                    "word": "문문현",
                    "start": 35,
                    "end": 38,
                    "label": "개인정보"
                }
            ]
        },
        {
            "sentence": "클린룸 등급 및 소재지: cleanroom_class ISO 5, 소재지: 서울특별시 강남구 역삼동, 접근기록은 접속로그에 저장된다.",
            "id": "sample_045_0050_000007",
            "annotations": [
                {
                    "word": "서울특별시",
                    "start": 42,
                    "end": 47,
                    "label": "준식별자"
                },
                {
                    "word": "강남구",
                    "start": 48,
                    "end": 51,
                    "label": "준식별자"
                },
                {
                    "word": "역삼동",
                    "start": 52,
                    "end": 55,
                    "label": "준식별자"
                }
            ]
        },
        {
            "sentence": "원료 추적성: TiO2 전구체 순도 99.9% (공급자 표기), 로트번호 LOT-Ti-202503A, 입고검수 기록 및 공급자 문서가 연결된다.",
            "id": "sample_045_0050_000008",
            "annotations": []
        },
        {
            "sentence": "합성 프로토콜(요약): 전구체 0.100 ± 0.002 mol, 용매 50.0 ± 0.5 mL, 반응온도 80.0 ± 0.5 °C, 반응시간 4.00 ± 0.05 h, 교반속도 500 ± 5 rpm.",
            "id": "sample_045_0050_000009",
            "annotations": []
        },
        {
            "sentence": "공정 파라미터: 연속주입 유량 2.00 ± 0.01 mL·min^-1, 반응기 내부압력 101325 ± 50 Pa, 프로세스 제어는 PID 루프를 사용한다.",
            "id": "sample_045_0050_000010",
            "annotations": []
        },
        {
            "sentence": "스케일업 구분: 본 리포트의 데이터는 연구실 규모 배치 데이터로서 파일럿·상용 스케일 데이터와 별도 표기하여 해석한다.",
            "id": "sample_045_0050_000011",
            "annotations": []
        },
        {
            "sentence": "원시파일 저장정책: TEM/SEM 원시이미지는 비손실 TIFF, 스펙트럼 및 로우테이블은 HDF5 또는 CSV(무압축) 형식으로 보관한다.",
            "id": "sample_045_0050_000012",
            "annotations": []
        },
        {
            "sentence": "파일 참조 및 체크섬 예시: microscopy_045_0050_0001.tiff, spectroscopy_045_0050_0001.h5, SHA256 체크섬 예시 a3b1c2d3e4f5a6b7c8d9e0f1234567890abcdef1234567890abcdef123456f7.",
            "id": "sample_045_0050_000013",
            "annotations": []
        },
        {
            "sentence": "원시파일 경로(내부): /srv/data/nano/2025/secret_protocol_v3.docx, 해당 경로는 접근권한 통제 및 감사로그 기록 대상이다.",
            "id": "sample_045_0050_000014",
            "annotations": [
                {
                    "word": "/srv/data/nano/2025/secret_protocol_v3.docx",
                    "start": 13,
                    "end": 56,
                    "label": "기밀정보"
                }
            ]
        },
        {
            "sentence": "서버 접속 정보(내부): 연구 데이터 저장서버 서버 IP: 10.10.0.5, 외부 접근은 VPN 및 다중인증을 요구한다.",
            "id": "sample_045_0050_000015",
            "annotations": [
                {
                    "word": "10.10.0.5",
                    "start": 33,
                    "end": 42,
                    "label": "기밀정보"
                }
            ]
        },
        {
            "sentence": "측정 장비 캘리브레이션: TEM 기기 ID TEM-AX-500, 캘리브레이션 날짜 2024년 12월, 캘리브레이션 표준물질 NIST SRM-1976 사용, 관련 로그 포함.",
            "id": "sample_045_0050_000016",
            "annotations": [
                {
                    "word": "2024",
                    "start": 46,
                    "end": 50,
                    "label": "준식별자"
                },
                {
                    "word": "12",
                    "start": 52,
                    "end": 54,
                    "label": "준식별자"
                }
            ]
        },
        {
            "sentence": "측정 불확실성 표기 지침: 모든 물리·화학 측정값은 표준오차 또는 검정된 불확실성(±값)과 신뢰수준을 함께 보고한다.",
            "id": "sample_045_0050_000017",
            "annotations": []
        },
        {
            "sentence": "입도분포(나노입자): 평균 입도 42.5 ± 1.2 nm, 표준편차 8.4 ± 0.6 nm, PDI 0.12 ± 0.01, 측정기기 및 샘플 준비법 메타데이터 포함.",
            "id": "sample_045_0050_000018",
            "annotations": []
        },
        {
            "sentence": "표면화학 분석: 표면 기능기 -OH 및 -COOH 확인, XPS 결합에너지 C1s 284.8 ± 0.2 eV, O1s 531.2 ± 0.3 eV, 스펙트럼 원시파일 참조.",
            "id": "sample_045_0050_000019",
            "annotations": []
        },
        {
            "sentence": "결정구조(XRD 요약): 주요 피크는 2θ = 0.4419 ± 0.0009 rad 및 0.6597 ± 0.0009 rad로 관찰되며 결정립 크기 추정은 18.0 ± 1.5 nm로 계산되었다.",
            "id": "sample_045_0050_000020",
            "annotations": []
        },
        {
            "sentence": "현미경 파일 참조: TEM 파일 microscopy_045_0050_TEM1.tiff 및 관련 HDF5 메타데이터 파일이 보관되며 체크섬 SHA256 d4e5f6...9a가 기록된다.",
            "id": "sample_045_0050_000021",
            "annotations": []
        },
        {
            "sentence": "열적 성질: 유리전이온도 Tg 358.15 ± 0.50 K, 융점 Tm 685.15 ± 1.00 K, 열분해 개시온도 793.15 ± 5.00 K로 TGA/DSC 결과에서 보고되었다.",
            "id": "sample_045_0050_000022",
            "annotations": []
        },
        {
            "sentence": "기계적 성질: 인장강도 210 ± 5 MPa, 탄성률 3.0 ± 0.1 GPa, 시편 치수 및 시험속도는 메타데이터에 명시되어 있다.",
            "id": "sample_045_0050_000023",
            "annotations": []
        },
        {
            "sentence": "전기적 성질: 전기전도도 1.2 ± 0.1 ×10^2 S·m^-1, 전기저항률과 온도 의존성 데이터는 원시 측정파일로 저장된다.",
            "id": "sample_045_0050_000024",
            "annotations": []
        },
        {
            "sentence": "독성평가(요약): in vitro RAW 264.7 세포에서 IC50 0.045 ± 0.0035 kg·m^-3으로 관찰되었으며, in vivo 생체분포 및 독성 프로필은 별도 보고서에 자세히 기록한다.",
            "id": "sample_045_0050_000025",
            "annotations": []
        },
        {
            "sentence": "안전자료 및 규제: 물질안전보건자료(SDS)는 레지스트리에 링크되어 있으며 EU CLP 분류 및 수출통제 여부를 메타데이터로 포함한다.",
            "id": "sample_045_0050_000026",
            "annotations": []
        },
        {
            "sentence": "품질관리 및 수율: 배치 수율 72.5 ± 2.0 %, QC 플래그는 외관검사·입도·XRD 적합성 기준으로 산출되어 배치리포트에 기록된다.",
            "id": "sample_045_0050_000027",
            "annotations": []
        },
        {
            "sentence": "데이터 거버넌스: 모든 원시파일은 HDF5/TIFF/CSV 형식으로 저장하고 체크섬·장비 캘리브레이션·소프트웨어 버전·측정 파라미터를 메타데이터로 포함하여 재현성을 확보한다.",
            "id": "sample_045_0050_000028",
            "annotations": []
        }
    ]
}