{
    "document_id": "045_0069",
    "document_title": "나노입자 합성 및 특성평가 보고서 (Batch 0069)",
    "data": [
        {
            "sentence": "문서 개요: 본 보고서는 나노입자 합성 및 분석에 대한 재현성·안전성·규제 준수를 목적으로 작성되었다.",
            "id": "sample_045_0069_000001",
            "annotations": []
        },
        {
            "sentence": "본 보고서는 샘플 식별자 및 배치 정보를 포함하며 실험 재현성 확보를 위해 모든 파라미터와 원시파일을 참조한다.",
            "id": "sample_045_0069_000002",
            "annotations": []
        },
        {
            "sentence": "sample_id: NANO-045-0069-A, batch_id: BATCH-0069-20250115 형식으로 표준화하여 기록하였다.",
            "id": "sample_045_0069_000003",
            "annotations": []
        },
        {
            "sentence": "operator_id: 손동섭, 사번: 20214567, 소속기관: 나노랩주식회사, 직위: 선임연구원으로 실험을 수행하였다.",
            "id": "sample_045_0069_000004",
            "annotations": [
                {
                    "word": "손동섭",
                    "start": 13,
                    "end": 16,
                    "label": "개인정보"
                },
                {
                    "word": "20214567",
                    "start": 22,
                    "end": 30,
                    "label": "개인정보"
                },
                {
                    "word": "나노랩주식회사",
                    "start": 38,
                    "end": 45,
                    "label": "준식별자"
                }
            ]
        },
        {
            "sentence": "cleanroom_class: ISO 7, 제조공장 소재지: 서울특별시 강서구, 클린룸 공기교환율 및 입자수 측정값은 메타데이터에 포함한다.",
            "id": "sample_045_0069_000005",
            "annotations": [
                {
                    "word": "서울특별시 강서구",
                    "start": 34,
                    "end": 43,
                    "label": "준식별자"
                }
            ]
        },
        {
            "sentence": "raw_materials: Cu(NO3)2·3H2O 0.100 ±0.002 mol·L^-1, 공급자: ChemSupply Co., Lot: CS-2024-0045, 순도 99.9 ±0.1 %로 입고·검수하였다.",
            "id": "sample_045_0069_000006",
            "annotations": [
                {
                    "word": "ChemSupply Co.",
                    "start": 57,
                    "end": 71,
                    "label": "기밀정보"
                },
                {
                    "word": "CS-2024-0045",
                    "start": 78,
                    "end": 90,
                    "label": "기밀정보"
                }
            ]
        },
        {
            "sentence": "synthesis_protocol: 전구체 용액 1.00e-4 ±5.00e-7 m^3, 반응온도 353.15 ±0.50 K, 반응시간 3600 ±30 s로 제어하였다.",
            "id": "sample_045_0069_000007",
            "annotations": []
        },
        {
            "sentence": "process_parameters: 교반속도 10.0 ±0.17 s^-1, 유량 5.00e-6 ±1.00e-7 m^3·s^-1, 반응압력 101325 ±50 Pa로 설정하였고 로그를 남겼다.",
            "id": "sample_045_0069_000008",
            "annotations": []
        },
        {
            "sentence": "장비 및 캘리브레이션: 반응기 모델 NanoReact-2000 v2.3, 장비ID NR2000_SN_001234, 캘리브레이션일 2024-12-20, 캘리브레이션 절차 및 인증서 참조.",
            "id": "sample_045_0069_000009",
            "annotations": []
        },
        {
            "sentence": "측정장비 및 소프트웨어 버전은 TEM UltraTEM-5 펌웨어 v4.1.2, 분석 소프트웨어 NanoCalc v3.5.1 (파라미터 파일 2024-11-v2)로 표준화하였다.",
            "id": "sample_045_0069_000010",
            "annotations": []
        },
        {
            "sentence": "particle_size_distribution: 평균지름 45.2 ±2.1 nm, 표준편차 12.4 ±0.5 nm, PDI 0.12 ±0.01, 측정법 DLS(광산란 각도 173°) 적용 및 불확실성 보고.",
            "id": "sample_045_0069_000011",
            "annotations": []
        },
        {
            "sentence": "surface_chemistry: XPS에서 S 2p 결합에너지 163.8 ±0.3 eV, C 1s 기준 정량화와 표면치환율(%)은 분석 스크립트와 함께 보관한다.",
            "id": "sample_045_0069_000012",
            "annotations": []
        },
        {
            "sentence": "crystallography: XRD 주요 피크(2θ) 43.3 ±0.1°, 50.1 ±0.1° 등으로 결정상을 식별하였고 원시 스펙트럼은 CSV로 저장하였다.",
            "id": "sample_045_0069_000013",
            "annotations": []
        },
        {
            "sentence": "microscopy_files: TEM 및 SEM 원시파일은 HDF5/TIFF 형식으로 저장하였으며 파일 위치는 /srv/internal/nanolab/project045/raw/TEM_045_0069.h5, SHA256: 3f8bab6d9a7c4e2b1a9f5c6d4e2b3c1a9d7e6f5c4b3a2d1e0f9c8b7a6d5e4c3b 이다.",
            "id": "sample_045_0069_000014",
            "annotations": [
                {
                    "word": "/srv/internal/nanolab/project045/raw/TEM_045_0069.h5",
                    "start": 63,
                    "end": 115,
                    "label": "기밀정보"
                }
            ]
        },
        {
            "sentence": "spectroscopy_data: XPS와 Raman 원시데이터는 HDF5 컨테이너로 보존하고 각 파일에 대해 체크섬 및 원시메타데이터를 제공한다.",
            "id": "sample_045_0069_000015",
            "annotations": []
        },
        {
            "sentence": "데이터 인프라: 원시데이터는 내부서버 10.10.23.5에 저장되며 캘리브레이션 인증서 경로는 /srv/internal/nanolab/certs/cal_cert_2024_v2.pdf 로 연결된다.",
            "id": "sample_045_0069_000016",
            "annotations": [
                {
                    "word": "10.10.23.5",
                    "start": 21,
                    "end": 31,
                    "label": "기밀정보"
                },
                {
                    "word": "/srv/internal/nanolab/certs/cal_cert_2024_v2.pdf",
                    "start": 53,
                    "end": 101,
                    "label": "기밀정보"
                }
            ]
        },
        {
            "sentence": "열적 특성: Tg 423.15 ±2.0 K, Tm 873.15 ±3.0 K, 열분해 시작온도 623.15 ±5.0 K (TGA 5 % 질량손실 기준)로 보고하였다.",
            "id": "sample_045_0069_000017",
            "annotations": []
        },
        {
            "sentence": "기계적 특성: 인장강도 7.50 ±0.30 ×10^7 Pa, 탄성률 3.20 ±0.10 ×10^9 Pa, 시험편 치수와 시험속도는 부속메타데이터에 상세 기재되어 있다.",
            "id": "sample_045_0069_000018",
            "annotations": []
        },
        {
            "sentence": "전기적 특성: 전기전도도 3.5 ±0.2 S·m^-1, 표면저항 4.2 ±0.1 ×10^2 Ω로 측정하였으며 불확실성은 95 % 신뢰구간으로 제시하였다.",
            "id": "sample_045_0069_000019",
            "annotations": []
        },
        {
            "sentence": "독성평가: in vitro IC50 12.4 ±1.1 mg·L^-1 (48 h, 세포주 A549), in vivo 예비시험은 제한된 접근권으로 관리하며 실험조건을 상세 기재하였다.",
            "id": "sample_045_0069_000020",
            "annotations": []
        },
        {
            "sentence": "안전자료: SDS(공개) https://sds.example.com/CuNP_SDS.pdf, 유해물질 분류 GHS Category 3 및 관련 규제문서를 메타데이터에 연결하였다.",
            "id": "sample_045_0069_000021",
            "annotations": []
        },
        {
            "sentence": "규제 및 수출통제: 규제분류 HS code 8105.20, 수출통제 대상 여부는 성분·용도에 따라 다르며 허가·신고 정보는 별도 보관한다.",
            "id": "sample_045_0069_000022",
            "annotations": []
        },
        {
            "sentence": "품질관리: 수율 yield_percentage 72.3 ±1.5 %, QC 플래그 PASS, 불량 원인 분석은 통계적 검정과 FMEA를 병행하여 수행하였다.",
            "id": "sample_045_0069_000023",
            "annotations": []
        },
        {
            "sentence": "metadata_provenance: 데이터 소유권 및 책임자: 진문희 (책임연구원), 데이터 버전 1.2, 변경이력과 마이그레이션 로그는 Git 기반으로 관리한다.",
            "id": "sample_045_0069_000024",
            "annotations": [
                {
                    "word": "진문희",
                    "start": 36,
                    "end": 39,
                    "label": "개인정보"
                }
            ]
        },
        {
            "sentence": "접근통제 및 IP: 민감한 지적재산은 암호화하여 저장하고 접근권한 로그 및 감사기록을 보관하며 내부정책에 따라 권한을 분리한다.",
            "id": "sample_045_0069_000025",
            "annotations": []
        },
        {
            "sentence": "결재 및 배포: 문서 검토자 나렌, 최석빈이 검토하였으며 제3자 제공 시 NDA 및 규제준수 확인을 필수로 한다.",
            "id": "sample_045_0069_000026",
            "annotations": [
                {
                    "word": "나렌",
                    "start": 16,
                    "end": 18,
                    "label": "개인정보"
                },
                {
                    "word": "최석빈",
                    "start": 20,
                    "end": 23,
                    "label": "개인정보"
                }
            ]
        }
    ]
}