{
    "document_id": "045_0092",
    "document_title": "나노입자 합성 및 제조 공정·특성보고서 (실험 045_0092)",
    "data": [
        {
            "sentence": "본 문서는 나노입자 합성 및 제조공정의 재현성 확보를 목표로 작성된 기술보고서이며 샘플 및 배치 메타데이터를 포함한다.",
            "id": "sample_045_0092_000001",
            "annotations": []
        },
        {
            "sentence": "문서 식별자: 045_0092이며 내부 추적용 레코드 코드 sample_045_0092가 할당되어 버전관리 및 변경이력이 연결된다.",
            "id": "sample_045_0092_000002",
            "annotations": []
        },
        {
            "sentence": "샘플 정보: sample_id=NP-045-0092-01, batch_id=BATCH-20231201-01로 등록되었으며 각 값은 내부 추적 및 접근통제 대상이다.",
            "id": "sample_045_0092_000003",
            "annotations": [
                {
                    "word": "NP-045-0092-01",
                    "start": 17,
                    "end": 31,
                    "label": "기밀정보"
                },
                {
                    "word": "BATCH-20231201-01",
                    "start": 42,
                    "end": 59,
                    "label": "기밀정보"
                }
            ]
        },
        {
            "sentence": "합성 프로토콜 요약: 전구체 FeCl3·6H2O 0.150 ± 0.005 mol·m^-3, 환원제 NaBH4 0.300 ± 0.010 mol·m^-3을 사용하여 반응을 개시하였다.",
            "id": "sample_045_0092_000004",
            "annotations": []
        },
        {
            "sentence": "반응조건: 초기온도 298.15 ± 0.50 K, 반응온도 유지 323.15 ± 0.50 K, 반응시간 1800 ± 30 s로 제어하였다.",
            "id": "sample_045_0092_000005",
            "annotations": []
        },
        {
            "sentence": "공정 파라미터: 교반전단율 600 ± 5 s^-1, 유량 1.00e-06 ± 1.00e-08 m^3·s^-1, 반응압력 101325 ± 100 Pa로 기록하였다.",
            "id": "sample_045_0092_000006",
            "annotations": []
        },
        {
            "sentence": "원료 추적성: 전구체 공급자 나노켐 주식회사(로트 No. NC-202311-007), 부재료 공급자 켐서플라이 유한회사(로트 No. CS-202311-112)가 명시되었다.",
            "id": "sample_045_0092_000007",
            "annotations": [
                {
                    "word": "나노켐 주식회사",
                    "start": 16,
                    "end": 24,
                    "label": "기밀정보"
                },
                {
                    "word": "켐서플라이 유한회사",
                    "start": 56,
                    "end": 66,
                    "label": "기밀정보"
                }
            ]
        },
        {
            "sentence": "원료 로트 및 수령일: NC-202311-007 수령일 2023-11-15(연:2023,월:11,일:15)로 기록되어 로트별 성능변동성을 평가할 수 있도록 하였다.",
            "id": "sample_045_0092_000008",
            "annotations": []
        },
        {
            "sentence": "특성분석 요약: 입도분포는 DLS 및 TEM 병행으로 평가하였으며 평균지름 85.0 ± 3.5 nm, 표준편차 12.0 ± 0.8 nm, PDI 0.12 ± 0.02로 보고한다.",
            "id": "sample_045_0092_000009",
            "annotations": []
        },
        {
            "sentence": "표면화학: XPS 결과 Fe 2p 결합에너지는 (1.139 ± 0.003)×10^-16 J, O 1s 결합에너지는 (8.493 ± 0.005)×10^-17 J로 변환하여 SI 단위를 사용하였다.",
            "id": "sample_045_0092_000010",
            "annotations": []
        },
        {
            "sentence": "결정구조: XRD 요약에서 주요 회절각 2θ는 0.6217 ± 0.0017 rad(=35.6° ± 0.1° 대비 변환값), 단위격자상수 a=0.286 ± 0.001 nm로 산출되었다.",
            "id": "sample_045_0092_000011",
            "annotations": []
        },
        {
            "sentence": "주요 미세구조 관찰: TEM 원시파일은 HDF5 형식으로 저장되며 파일경로 /data/045/0092/TEM_NP_01.h5, SHA256 체크섬 3a7f1d2c9b4e5f6a7b8c9d0e1f2a3b4c5d6e7f8a9b0c1d2e3f4a5b6c7d8e9f0로 보관한다.",
            "id": "sample_045_0092_000012",
            "annotations": [
                {
                    "word": "/data/045/0092/TEM_NP_01.h5",
                    "start": 42,
                    "end": 69,
                    "label": "기밀정보"
                },
                {
                    "word": "3a7f1d2c9b4e5f6a7b8c9d0e1f2a3b4c5d6e7f8a9b0c1d2e3f4a5b6c7d8e9f0",
                    "start": 82,
                    "end": 145,
                    "label": "기밀정보"
                }
            ]
        },
        {
            "sentence": "SEM 원시이미지는 TIFF 무손실로 저장되며 파일경로 /data/045/0092/SEM_NP_01.tif, SHA256 체크섬 b1c2d3e4f5a6b7c8d9e0f1a2b3c4d5e6f7a8b9c0d1e2f3a4b5c6d7e8f9a0b1c2로 관리한다.",
            "id": "sample_045_0092_000013",
            "annotations": [
                {
                    "word": "/data/045/0092/SEM_NP_01.tif",
                    "start": 31,
                    "end": 59,
                    "label": "기밀정보"
                },
                {
                    "word": "b1c2d3e4f5a6b7c8d9e0f1a2b3c4d5e6f7a8b9c0d1e2f3a4b5c6d7e8f9a0b1c2",
                    "start": 72,
                    "end": 136,
                    "label": "기밀정보"
                }
            ]
        },
        {
            "sentence": "AFM 스캔 데이터는 HDF5로 보존하며 메타데이터에 캘리브레이션 표준(NIST SRM-1234)과 캘리브레이션 일자 2023-12-10을 포함하였다.",
            "id": "sample_045_0092_000014",
            "annotations": []
        },
        {
            "sentence": "측정장비 및 캘리브레이션: TEM 모델 ThermoFisher Titan2020, 장비 ID INST-2023-07, 최근 캘리브레이션 2023-11-20, 캘리브레이션 절차 및 기준을 메타데이터에 포함했다.",
            "id": "sample_045_0092_000015",
            "annotations": [
                {
                    "word": "INST-2023-07",
                    "start": 52,
                    "end": 64,
                    "label": "기밀정보"
                }
            ]
        },
        {
            "sentence": "장비 소프트웨어 및 분석파이프라인: TEM 제어 소프트웨어 TitanControl v5.4.2, 이미지처리 NanoProc v2.1.0, 분석 스크립트 리비전 해시 a9c3e4b2f6d8e1c3b4a5d6e7f8a9b0c1가 기록되었다.",
            "id": "sample_045_0092_000016",
            "annotations": [
                {
                    "word": "a9c3e4b2f6d8e1c3b4a5d6e7f8a9b0c1",
                    "start": 92,
                    "end": 124,
                    "label": "기밀정보"
                }
            ]
        },
        {
            "sentence": "열물성: 유리전이온도 Tg=350 ± 2 K, 융점 Tm=620 ± 3 K, 열분해온도 Tonset=760 ± 5 K(가열속도 0.1667 ± 0.005 K·s^-1 기준)로 측정하였다.",
            "id": "sample_045_0092_000017",
            "annotations": []
        },
        {
            "sentence": "기계적 성질: 인장강도 220 ± 5 MPa, 탄성률 85.0 ± 1.5 GPa로 표준 ASTM 유사 조건에서 측정하였으며 시편치수·캘리브레이션 데이터를 동봉하였다.",
            "id": "sample_045_0092_000018",
            "annotations": []
        },
        {
            "sentence": "전기적 특성: 전기전도도 1.20×10^5 ± 0.05×10^5 S·m^-1, 4포인트 프로브 측정이며 측정온도 298.15 ± 0.50 K에서 수행하였다.",
            "id": "sample_045_0092_000019",
            "annotations": []
        },
        {
            "sentence": "독성평가 요약: in_vitro MTT IC50 = (5.0 ± 0.4)×10^-6 kg·m^-3, in_vivo NOAEL은 (5.0 ± 0.5)×10^-5 kg·kg^-1·day^-1로 예비보고하였다.",
            "id": "sample_045_0092_000020",
            "annotations": []
        },
        {
            "sentence": "안전자료: SDS 파일은 내부 저장소 https://internal-sds.company.local/045_0092_SDS.pdf에 보관하며 규제분류은 EU REACH 검토 결과 금지물질 해당 없음으로 예비판정되었다.",
            "id": "sample_045_0092_000021",
            "annotations": [
                {
                    "word": "https://internal-sds.company.local/045_0092_SDS.pdf",
                    "start": 21,
                    "end": 72,
                    "label": "기밀정보"
                }
            ]
        },
        {
            "sentence": "수출통제 및 허가: ECCN 관련 검토가 필요하며 관련 허가번호 EX-2023-NT-09를 메타데이터에 포함하고 수출통제 담당자 승인을 요구한다.",
            "id": "sample_045_0092_000022",
            "annotations": [
                {
                    "word": "EX-2023-NT-09",
                    "start": 36,
                    "end": 49,
                    "label": "기밀정보"
                }
            ]
        },
        {
            "sentence": "품질관리: 수율 yield_percentage 78.5 ± 2.0 %, QC 플래그는 'minor impurities'이며 불량원인은 응집(agglomeration)으로 분석되었다.",
            "id": "sample_045_0092_000023",
            "annotations": []
        },
        {
            "sentence": "원시파일 보존정책: 모든 원시파일은 HDF5/TIFF/CSV 등 무손실 포맷으로 저장하고 각 파일의 SHA256 체크섬과 원본 ELN 경로를 메타데이터에 포함한다.",
            "id": "sample_045_0092_000024",
            "annotations": []
        },
        {
            "sentence": "전자랩노트(ELN) 참조 경로는 /elab/045/0092/entry_0001로 기록되어 있으며 ELN 경로는 내부 접근통제 대상이다.",
            "id": "sample_045_0092_000025",
            "annotations": [
                {
                    "word": "/elab/045/0092/entry_0001",
                    "start": 18,
                    "end": 43,
                    "label": "기밀정보"
                }
            ]
        },
        {
            "sentence": "데이터 거버넌스: 메타데이터는 측정타임스탬프, 장비 캘리브레이션 로그, 소프트웨어 버전, 데이터 소유권, 접근권한 정책을 포함하여 재현성을 확보한다.",
            "id": "sample_045_0092_000026",
            "annotations": []
        },
        {
            "sentence": "접근통제 및 IP 보호: 특허 출원중인 합성조건 및 공정 최적화 변수는 내부기밀로 분류하며 접근은 권한부여자만 가능하도록 설정하였다.",
            "id": "sample_045_0092_000027",
            "annotations": []
        },
        {
            "sentence": "담당자 및 운영자 기록: operator_id는 전무건(사번:20230012)로 등록되었으며 해당 항목은 개인정보로 분류되어 접근제한 및 감사로그를 적용한다.",
            "id": "sample_045_0092_000028",
            "annotations": [
                {
                    "word": "전무건",
                    "start": 27,
                    "end": 30,
                    "label": "개인정보"
                },
                {
                    "word": "20230012",
                    "start": 34,
                    "end": 42,
                    "label": "개인정보"
                }
            ]
        },
        {
            "sentence": "데이터 스키마 및 버전관리: 스키마 버전 nano_registry_v1.3을 적용하고 변경이력과 마이그레이션 로그를 별도 섹션에 보관한다.",
            "id": "sample_045_0092_000029",
            "annotations": []
        },
        {
            "sentence": "스케일업 구분: 본 데이터는 Lab-scale로 표기하였고 파일럿 및 상용 스케일 데이터는 별도 태그로 구분하여 해석상의 혼동을 방지한다.",
            "id": "sample_045_0092_000030",
            "annotations": []
        },
        {
            "sentence": "결론 및 권고사항: 캘리브레이션 메타데이터가 미비한 장비의 데이터는 사용을 제한하고, 스케일업 전 공정파라미터의 비선형성에 대해 추가 검증을 권고한다.",
            "id": "sample_045_0092_000031",
            "annotations": []
        },
        {
            "sentence": "첨부자료 목록: 원시 TEM/SEM/AFM 파일 참조 목록, SDS 사본, 캘리브레이션 증빙 스캔본 및 규제·수출통제 관련 평가보고서를 포함한다.",
            "id": "sample_045_0092_000032",
            "annotations": []
        }
    ]
}