{
    "document_id": "004_0058",
    "document_title": "자동차사고 접수 및 손해사정서(2025년 3월 접수)",
    "data": [
        {
            "sentence": "사고 접수 번호는 2025-00321로 부여되었으며 접수담당은 손민범입니다.",
            "id": "sample_004_0058_000001",
            "annotations": [
                {
                    "word": "손민범",
                    "start": 35,
                    "end": 38,
                    "label": "개인정보"
                }
            ]
        },
        {
            "sentence": "보험계약자(피보험자)는 진한영이며 본 문서에서는 피보험자 정보를 중심으로 보상심사를 진행합니다.",
            "id": "sample_004_0058_000002",
            "annotations": [
                {
                    "word": "진한영",
                    "start": 13,
                    "end": 16,
                    "label": "개인정보"
                }
            ]
        },
        {
            "sentence": "피보험자의 주민등록번호는 850512-1234567로 제출되었으며 본 문서에서는 원본을 내부 시스템에서 확인하였습니다.",
            "id": "sample_004_0058_000003",
            "annotations": [
                {
                    "word": "850512-1234567",
                    "start": 14,
                    "end": 28,
                    "label": "개인정보"
                }
            ]
        },
        {
            "sentence": "피보험자의 생년월일은 1985년 05월 12일로 기록되어 있으며 성별은 남성으로 등록되어 있습니다.",
            "id": "sample_004_0058_000004",
            "annotations": [
                {
                    "word": "1985년",
                    "start": 12,
                    "end": 17,
                    "label": "준식별자"
                },
                {
                    "word": "05월",
                    "start": 18,
                    "end": 21,
                    "label": "준식별자"
                },
                {
                    "word": "12일",
                    "start": 22,
                    "end": 25,
                    "label": "준식별자"
                },
                {
                    "word": "남성",
                    "start": 40,
                    "end": 42,
                    "label": "준식별자"
                }
            ]
        },
        {
            "sentence": "주소는 서울특별시 강남구 역삼동 123-45 번지로 기재되어 있으나 개인정보 보호를 위해 실제 상세주소는 내부기록으로만 관리합니다.",
            "id": "sample_004_0058_000005",
            "annotations": [
                {
                    "word": "서울특별시",
                    "start": 4,
                    "end": 9,
                    "label": "준식별자"
                },
                {
                    "word": "강남구",
                    "start": 10,
                    "end": 13,
                    "label": "준식별자"
                },
                {
                    "word": "역삼동",
                    "start": 14,
                    "end": 17,
                    "label": "준식별자"
                },
                {
                    "word": "역삼동 123-45 번지",
                    "start": 14,
                    "end": 27,
                    "label": "개인정보"
                }
            ]
        },
        {
            "sentence": "연락처는 010-9876-5432로 접수되었으며 긴급연락처는 강지연으로 등록되어 있습니다.",
            "id": "sample_004_0058_000006",
            "annotations": [
                {
                    "word": "010-9876-5432",
                    "start": 5,
                    "end": 18,
                    "label": "개인정보"
                },
                {
                    "word": "강지연",
                    "start": 34,
                    "end": 37,
                    "label": "개인정보"
                }
            ]
        },
        {
            "sentence": "사고발생일은 2025년 03월 10일로 기재되어 있으며 사고접수일 및 청구일은 아래와 같이 기록됩니다.",
            "id": "sample_004_0058_000007",
            "annotations": [
                {
                    "word": "2025년",
                    "start": 7,
                    "end": 12,
                    "label": "준식별자"
                },
                {
                    "word": "03월",
                    "start": 13,
                    "end": 16,
                    "label": "준식별자"
                },
                {
                    "word": "10일",
                    "start": 17,
                    "end": 20,
                    "label": "준식별자"
                }
            ]
        },
        {
            "sentence": "청구일은 2025년 03월 15일로 접수되어 사고일이 청구일보다 이전임을 확인하였습니다.",
            "id": "sample_004_0058_000008",
            "annotations": [
                {
                    "word": "2025년",
                    "start": 5,
                    "end": 10,
                    "label": "준식별자"
                },
                {
                    "word": "03월",
                    "start": 11,
                    "end": 14,
                    "label": "준식별자"
                },
                {
                    "word": "15일",
                    "start": 15,
                    "end": 18,
                    "label": "준식별자"
                }
            ]
        },
        {
            "sentence": "사고 유형은 차량 대 차량 충돌로 분류되며 사고 장소는 서울특별시 서초구 양재대로 인근입니다.",
            "id": "sample_004_0058_000009",
            "annotations": [
                {
                    "word": "서울특별시",
                    "start": 31,
                    "end": 36,
                    "label": "준식별자"
                },
                {
                    "word": "서초구",
                    "start": 37,
                    "end": 40,
                    "label": "준식별자"
                }
            ]
        },
        {
            "sentence": "사고 개요: 2025년 03월 10일 09시경, 피보험자 차량이 신호대기 중인 타차량과 후측방 충돌하였음.",
            "id": "sample_004_0058_000010",
            "annotations": [
                {
                    "word": "2025년",
                    "start": 7,
                    "end": 12,
                    "label": "준식별자"
                },
                {
                    "word": "03월",
                    "start": 13,
                    "end": 16,
                    "label": "준식별자"
                },
                {
                    "word": "10일",
                    "start": 17,
                    "end": 20,
                    "label": "준식별자"
                }
            ]
        },
        {
            "sentence": "현장 사진 및 CCTV 확인 결과 상대 차량의 교통법규 위반 가능성이 높아 인과관계는 피보험자에게 일부 책임이 없는 것으로 판단됩니다.",
            "id": "sample_004_0058_000011",
            "annotations": []
        },
        {
            "sentence": "피해 차량의 차량등록번호는 12가3456이며 운전자는 운전면허번호 D-98-7654321을 제출하였습니다.",
            "id": "sample_004_0058_000012",
            "annotations": [
                {
                    "word": "D-98-7654321",
                    "start": 37,
                    "end": 49,
                    "label": "개인정보"
                }
            ]
        },
        {
            "sentence": "손해사정 결과 총 수리비는 4,200,000원으로 산정되었고 대체차량 비용 및 기타 비용은 별도 계산하였습니다.",
            "id": "sample_004_0058_000013",
            "annotations": []
        },
        {
            "sentence": "보험약관에 의거하여 해당 손해는 자동차종합보험의 대물 및 자기차량손해 담보로 처리 가능합니다.",
            "id": "sample_004_0058_000014",
            "annotations": []
        },
        {
            "sentence": "해당 계약의 보험한도는 자기차량수리비 한도로 5,000,000원으로 설정되어 있습니다.",
            "id": "sample_004_0058_000015",
            "annotations": []
        },
        {
            "sentence": "본 심사에서는 보상액 4,200,000원이 보험한도 5,000,000원을 초과하지 않음을 확인하였습니다.",
            "id": "sample_004_0058_000016",
            "annotations": []
        },
        {
            "sentence": "공제금액(면책금)은 200,000원으로 약관 제12조에 근거하여 공제 적용 후 지급액을 계산합니다.",
            "id": "sample_004_0058_000017",
            "annotations": []
        },
        {
            "sentence": "지급예상액은 수리비에서 공제금을 차감한 4,000,000원으로 산출되며 지급가능성은 높음으로 결론냅니다.",
            "id": "sample_004_0058_000018",
            "annotations": []
        },
        {
            "sentence": "피보험자 본인 명의 계좌번호는 123-456-78-901234이며 본 지급은 해당 계좌로 이체 예정입니다.",
            "id": "sample_004_0058_000019",
            "annotations": [
                {
                    "word": "123-456-78-901234",
                    "start": 17,
                    "end": 34,
                    "label": "기밀정보"
                }
            ]
        },
        {
            "sentence": "내부 지급결재는 보상팀 결재 라인에 따라 진행되며 관련 전자결재 문서는 내부 전산망 경로 \\\\intranet\\\\claims\\\\004_0058에 저장되어 있습니다.",
            "id": "sample_004_0058_000020",
            "annotations": [
                {
                    "word": "\\\\intranet\\\\claims\\\\004_0058",
                    "start": 50,
                    "end": 78,
                    "label": "기밀정보"
                }
            ]
        },
        {
            "sentence": "담당 손해사정사는 백상훈이며 추가 조회 사항은 담당자를 통해 회신하도록 지시하였습니다.",
            "id": "sample_004_0058_000021",
            "annotations": [
                {
                    "word": "백상훈",
                    "start": 10,
                    "end": 13,
                    "label": "개인정보"
                }
            ]
        },
        {
            "sentence": "첨부서류: 견적서, 정비내역서, 현장사진, CCTV 파일, 운전면허 사본(운전면허번호 D-98-7654321 포함) 등.",
            "id": "sample_004_0058_000022",
            "annotations": [
                {
                    "word": "D-98-7654321",
                    "start": 48,
                    "end": 60,
                    "label": "개인정보"
                }
            ]
        },
        {
            "sentence": "청구서 수령일 및 처리기한은 접수일로부터 30일 이내로 규정되어 있으며 기한 내 처리하였습니다.",
            "id": "sample_004_0058_000023",
            "annotations": []
        },
        {
            "sentence": "본 건에 대한 법적분쟁 가능성은 낮으나 상대차량 보험사와 분담비율 협의가 필요합니다.",
            "id": "sample_004_0058_000024",
            "annotations": []
        },
        {
            "sentence": "결론 및 권고: 지급예상액 4,000,000원을 기준으로 상대사와 분담비율 협의 후 최종지급을 권고합니다.",
            "id": "sample_004_0058_000025",
            "annotations": []
        },
        {
            "sentence": "해당 사례의 사고원인과 손해액 산정 논리는 본 문서의 계산식 및 사진 자료에서 재현 가능하므로 보상심사 기록으로 보관합니다.",
            "id": "sample_004_0058_000026",
            "annotations": []
        },
        {
            "sentence": "담당자 연락처는 내부망에 등록된 02-1234-5678(대표내선)이며 외부 공개는 제한합니다.",
            "id": "sample_004_0058_000027",
            "annotations": [
                {
                    "word": "02-1234-5678",
                    "start": 18,
                    "end": 30,
                    "label": "개인정보"
                }
            ]
        },
        {
            "sentence": "문서 최종검토자: 한현규, 검토일자: 2025년 03월 20일.",
            "id": "sample_004_0058_000028",
            "annotations": [
                {
                    "word": "한현규",
                    "start": 10,
                    "end": 13,
                    "label": "개인정보"
                },
                {
                    "word": "2025년",
                    "start": 21,
                    "end": 26,
                    "label": "준식별자"
                },
                {
                    "word": "03월",
                    "start": 27,
                    "end": 30,
                    "label": "준식별자"
                },
                {
                    "word": "20일",
                    "start": 31,
                    "end": 34,
                    "label": "준식별자"
                }
            ]
        },
        {
            "sentence": "보관서류 위치는 물리문서함 C-12 보상팀 섹션에 보존 중이며 접근은 권한자에 한합니다.",
            "id": "sample_004_0058_000029",
            "annotations": []
        },
        {
            "sentence": "본 문서는 손해사정 규정과 개인정보 보호정책에 따라 필요 범위 내에서만 열람하도록 제한합니다.",
            "id": "sample_004_0058_000030",
            "annotations": []
        }
    ]
}