{
    "document_id": "004_0007",
    "document_title": "손해사정 접수 및 보상결정서 (사건번호 004_0007)",
    "data": [
        {
            "sentence": "접수일시와 기본정보를 포함한 손해사정 접수서를 작성하였다.",
            "id": "sample_004_0007_000001",
            "annotations": []
        },
        {
            "sentence": "보험가입자 성명은 황규빈으로 접수서상에 기재되어 있다.",
            "id": "sample_004_0007_000002",
            "annotations": [
                {
                    "word": "황규빈",
                    "start": 10,
                    "end": 13,
                    "label": "개인정보"
                }
            ]
        },
        {
            "sentence": "연락처는 010-1234-5678로 접수 담당자가 확인하였다.",
            "id": "sample_004_0007_000003",
            "annotations": [
                {
                    "word": "010-1234-5678",
                    "start": 5,
                    "end": 18,
                    "label": "개인정보"
                }
            ]
        },
        {
            "sentence": "주민등록번호는 850312-1234567로 신원확인이 이루어졌다.",
            "id": "sample_004_0007_000004",
            "annotations": [
                {
                    "word": "850312-1234567",
                    "start": 8,
                    "end": 22,
                    "label": "개인정보"
                }
            ]
        },
        {
            "sentence": "주소는 서울특별시 강남구 역삼동 123-45으로 기재되어 있다.",
            "id": "sample_004_0007_000005",
            "annotations": [
                {
                    "word": "서울특별시 강남구 역삼동 123-45",
                    "start": 4,
                    "end": 24,
                    "label": "개인정보"
                }
            ]
        },
        {
            "sentence": "성별은 남성으로 표기되며, 생년월일은 1985-03-12로 기록되었다.",
            "id": "sample_004_0007_000006",
            "annotations": [
                {
                    "word": "남성",
                    "start": 4,
                    "end": 6,
                    "label": "준식별자"
                },
                {
                    "word": "1985-03-12",
                    "start": 21,
                    "end": 31,
                    "label": "준식별자"
                }
            ]
        },
        {
            "sentence": "사고일은 2025-05-20으로 보고되었으며 사고 장소 및 상황이 별첨되었다.",
            "id": "sample_004_0007_000007",
            "annotations": [
                {
                    "word": "2025-05-20",
                    "start": 5,
                    "end": 15,
                    "label": "준식별자"
                }
            ]
        },
        {
            "sentence": "청구일은 2025-06-15로 접수 기록과 대조하여 유효성을 확인하였다.",
            "id": "sample_004_0007_000008",
            "annotations": [
                {
                    "word": "2025-06-15",
                    "start": 5,
                    "end": 15,
                    "label": "준식별자"
                }
            ]
        },
        {
            "sentence": "보상심사 담당자 명단에 김주엘이 배정되어 현장조사 및 협의가 진행되었다.",
            "id": "sample_004_0007_000009",
            "annotations": [
                {
                    "word": "김주엘",
                    "start": 13,
                    "end": 16,
                    "label": "개인정보"
                }
            ]
        },
        {
            "sentence": "보험증권 번호는 POL-2023-00987로 내부 식별이 가능하다.",
            "id": "sample_004_0007_000010",
            "annotations": [
                {
                    "word": "POL-2023-00987",
                    "start": 9,
                    "end": 23,
                    "label": "기밀정보"
                }
            ]
        },
        {
            "sentence": "지급을 위한 계좌는 계좌번호 110-123456-01-001로 청구서에 기재되었다.",
            "id": "sample_004_0007_000011",
            "annotations": [
                {
                    "word": "110-123456-01-001",
                    "start": 16,
                    "end": 33,
                    "label": "기밀정보"
                }
            ]
        },
        {
            "sentence": "청구금액은 8,500,000원으로 제출되었으며 영수증이 첨부되었다.",
            "id": "sample_004_0007_000012",
            "annotations": [
                {
                    "word": "8,500,000원",
                    "start": 6,
                    "end": 16,
                    "label": "기밀정보"
                }
            ]
        },
        {
            "sentence": "보험한도는 10,000,000원으로 약관상 최대 지급한도로 명시되어 있다.",
            "id": "sample_004_0007_000013",
            "annotations": [
                {
                    "word": "10,000,000원",
                    "start": 6,
                    "end": 17,
                    "label": "기밀정보"
                }
            ]
        },
        {
            "sentence": "심사 결과 최종 보상액은 8,200,000원으로 산정되어 보험한도 내에 있다.",
            "id": "sample_004_0007_000014",
            "annotations": [
                {
                    "word": "8,200,000원",
                    "start": 14,
                    "end": 24,
                    "label": "기밀정보"
                }
            ]
        },
        {
            "sentence": "신청인의 운전면허번호는 12-34-567890-00로 차량 운행 관련 사실 확인에 활용되었다.",
            "id": "sample_004_0007_000015",
            "annotations": [
                {
                    "word": "12-34-567890-00",
                    "start": 13,
                    "end": 28,
                    "label": "개인정보"
                }
            ]
        },
        {
            "sentence": "피해 차량 번호판은 서울 12가 3456으로 사고기록에 등재되었다.",
            "id": "sample_004_0007_000016",
            "annotations": [
                {
                    "word": "서울 12가 3456",
                    "start": 11,
                    "end": 22,
                    "label": "개인정보"
                }
            ]
        },
        {
            "sentence": "직장명은 (주)대명테크로 직업 정보가 접수서에 명기되었다.",
            "id": "sample_004_0007_000017",
            "annotations": [
                {
                    "word": "(주)대명테크",
                    "start": 5,
                    "end": 12,
                    "label": "준식별자"
                }
            ]
        },
        {
            "sentence": "의무기록상 좌측 손목 골절(S52.5) 진단 소견이 접수되었고 치료비명세가 첨부되었다.",
            "id": "sample_004_0007_000018",
            "annotations": []
        },
        {
            "sentence": "사고 유형은 작업 중 추락으로 분류되었으며 인과관계는 업무상 재해로 판단하였다.",
            "id": "sample_004_0007_000019",
            "annotations": []
        },
        {
            "sentence": "증빙사진은 내부 서버 경로 \\\\fileserver\\\\claims\\\\004_0007\\\\images에 저장되었다.",
            "id": "sample_004_0007_000020",
            "annotations": [
                {
                    "word": "\\\\fileserver\\\\claims\\\\004_0007\\\\images",
                    "start": 15,
                    "end": 53,
                    "label": "기밀정보"
                }
            ]
        },
        {
            "sentence": "결재선에는 팀장 채세림, 부장 방나은이 포함되어 있으며 승인을 대기 중이다.",
            "id": "sample_004_0007_000021",
            "annotations": [
                {
                    "word": "채세림",
                    "start": 9,
                    "end": 12,
                    "label": "개인정보"
                },
                {
                    "word": "방나은",
                    "start": 17,
                    "end": 20,
                    "label": "개인정보"
                }
            ]
        },
        {
            "sentence": "보고서 파일명은 claim_004_0007_report.docx로 기록되어 관리되고 있다.",
            "id": "sample_004_0007_000022",
            "annotations": [
                {
                    "word": "claim_004_0007_report.docx",
                    "start": 9,
                    "end": 35,
                    "label": "기밀정보"
                }
            ]
        },
        {
            "sentence": "발생장소 소재지는 서울특별시 강남구로 표기되어 있다.",
            "id": "sample_004_0007_000023",
            "annotations": [
                {
                    "word": "서울특별시 강남구",
                    "start": 10,
                    "end": 19,
                    "label": "준식별자"
                }
            ]
        },
        {
            "sentence": "담당자 이메일은 kimjuel@insurecorp.co.kr로 연락체계에 등록되어 있다.",
            "id": "sample_004_0007_000024",
            "annotations": [
                {
                    "word": "kimjuel@insurecorp.co.kr",
                    "start": 9,
                    "end": 33,
                    "label": "개인정보"
                }
            ]
        },
        {
            "sentence": "담당자 사번은 2020-0456으로 내부 인사 시스템과 연계되어 있다.",
            "id": "sample_004_0007_000025",
            "annotations": [
                {
                    "word": "2020-0456",
                    "start": 8,
                    "end": 17,
                    "label": "개인정보"
                }
            ]
        },
        {
            "sentence": "의무기록 및 청구서를 토대로 산출한 지급예정일은 2025-06-20로 설정하였다.",
            "id": "sample_004_0007_000026",
            "annotations": [
                {
                    "word": "2025-06-20",
                    "start": 27,
                    "end": 37,
                    "label": "준식별자"
                }
            ]
        },
        {
            "sentence": "현장조사 결과 파손부위 및 수리비 산출 근거를 별도의 손해사정서에 기술하였다.",
            "id": "sample_004_0007_000027",
            "annotations": []
        },
        {
            "sentence": "보상 산정은 약관 조항 제12조(손해보상 산정기준)에 따라 공제 및 자기부담을 반영하였다.",
            "id": "sample_004_0007_000028",
            "annotations": []
        },
        {
            "sentence": "최종 권고사항은 보상지급 승인과 고객 통지로, 지급 후 파일을 비공개 보관할 것을 명시하였다.",
            "id": "sample_004_0007_000029",
            "annotations": []
        },
        {
            "sentence": "본 건은 사고일(2025-05-20)과 청구일(2025-06-15)의 시간적 연속성 및 보상액(8,200,000원)이 보험한도(10,000,000원) 조건을 충족함을 확인한다.",
            "id": "sample_004_0007_000030",
            "annotations": []
        }
    ]
}