{
    "document_id": "004_0041",
    "document_title": "자동차사고 손해사정서 및 보상청구서",
    "data": [
        {
            "sentence": "본 손해사정서는 2025년 11월 20일 접수된 자동차사고 보상청구 건에 대해 작성되었습니다.",
            "id": "sample_004_0041_000001",
            "annotations": [
                {
                    "word": "2025",
                    "start": 9,
                    "end": 13,
                    "label": "준식별자"
                },
                {
                    "word": "11",
                    "start": 15,
                    "end": 17,
                    "label": "준식별자"
                },
                {
                    "word": "20",
                    "start": 9,
                    "end": 11,
                    "label": "준식별자"
                },
                {
                    "word": "20",
                    "start": 19,
                    "end": 21,
                    "label": "준식별자"
                }
            ]
        },
        {
            "sentence": "서류 구성은 사고 접수 내역, 손해사정서, 보상 청구서 및 첨부자료로 구성됩니다.",
            "id": "sample_004_0041_000002",
            "annotations": []
        },
        {
            "sentence": "피보험자이자 청구인은 정우연으로 접수되었습니다.",
            "id": "sample_004_0041_000003",
            "annotations": [
                {
                    "word": "정우연",
                    "start": 12,
                    "end": 15,
                    "label": "개인정보"
                }
            ]
        },
        {
            "sentence": "주민등록번호: 850712-1234567, 생년월일: 1985-07-12로 접수서에 기재되어 있습니다.",
            "id": "sample_004_0041_000004",
            "annotations": [
                {
                    "word": "850712-1234567",
                    "start": 8,
                    "end": 22,
                    "label": "개인정보"
                },
                {
                    "word": "1985",
                    "start": 30,
                    "end": 34,
                    "label": "준식별자"
                },
                {
                    "word": "07",
                    "start": 10,
                    "end": 12,
                    "label": "준식별자"
                },
                {
                    "word": "07",
                    "start": 35,
                    "end": 37,
                    "label": "준식별자"
                },
                {
                    "word": "12",
                    "start": 12,
                    "end": 14,
                    "label": "준식별자"
                },
                {
                    "word": "12",
                    "start": 15,
                    "end": 17,
                    "label": "준식별자"
                },
                {
                    "word": "12",
                    "start": 38,
                    "end": 40,
                    "label": "준식별자"
                }
            ]
        },
        {
            "sentence": "연락처는 010-1234-5678이며 제출된 전자우편은 juyeon.jeong@example.com 입니다.",
            "id": "sample_004_0041_000005",
            "annotations": [
                {
                    "word": "010-1234-5678",
                    "start": 5,
                    "end": 18,
                    "label": "개인정보"
                },
                {
                    "word": "juyeon.jeong@example.com",
                    "start": 31,
                    "end": 55,
                    "label": "개인정보"
                }
            ]
        },
        {
            "sentence": "청구인 주소는 서울특별시 강남구 역삼동 123-45 101동 502호로 접수되어 상세 주소까지 확인되었습니다.",
            "id": "sample_004_0041_000006",
            "annotations": [
                {
                    "word": "서울특별시 강남구 역삼동 123-45 101동 502호",
                    "start": 8,
                    "end": 38,
                    "label": "개인정보"
                },
                {
                    "word": "서울특별시",
                    "start": 8,
                    "end": 13,
                    "label": "준식별자"
                },
                {
                    "word": "강남구",
                    "start": 14,
                    "end": 17,
                    "label": "준식별자"
                },
                {
                    "word": "역삼동",
                    "start": 18,
                    "end": 21,
                    "label": "준식별자"
                }
            ]
        },
        {
            "sentence": "사고 접수 번호는 CLM-2025-0041이며 내부 문서 파일은 \\\\fileserver\\\\claims\\\\004_0041\\\\report.docx에 저장되어 있습니다.",
            "id": "sample_004_0041_000007",
            "annotations": [
                {
                    "word": "\\\\fileserver\\\\claims\\\\004_0041\\\\report.docx",
                    "start": 36,
                    "end": 79,
                    "label": "기밀정보"
                }
            ]
        },
        {
            "sentence": "사고일시는 2025년 11월 15일 14시 30분으로 접수되어 사고 발생 시간이 명확히 기록되었습니다.",
            "id": "sample_004_0041_000008",
            "annotations": [
                {
                    "word": "2025",
                    "start": 6,
                    "end": 10,
                    "label": "준식별자"
                },
                {
                    "word": "11",
                    "start": 12,
                    "end": 14,
                    "label": "준식별자"
                },
                {
                    "word": "15",
                    "start": 16,
                    "end": 18,
                    "label": "준식별자"
                }
            ]
        },
        {
            "sentence": "사고개요: 청구인 차량이 교차로에서 우회전하던 중 상대 차량과 충돌하여 전방 범퍼 및 좌측 전면부에 손상이 발생하였습니다.",
            "id": "sample_004_0041_000009",
            "annotations": []
        },
        {
            "sentence": "현장 사진 12매와 사고 위치 도면이 첨부되었으며 첨부파일의 파일명과 수신일은 기록하였습니다.",
            "id": "sample_004_0041_000010",
            "annotations": []
        },
        {
            "sentence": "초기 손해액 산정은 수리비 5,200,000원, 대체교통비 150,000원, 치료비 800,000원으로 구성되었습니다.",
            "id": "sample_004_0041_000011",
            "annotations": []
        },
        {
            "sentence": "현장 및 부품 가용성에 따른 감가상각 적용 후 수리비 조정액은 4,900,000원으로 확인되었습니다.",
            "id": "sample_004_0041_000012",
            "annotations": []
        },
        {
            "sentence": "총 청구 손해액 합계는 5,850,000원으로 계산되어 약관 산정 근거에 따라 추가 검토되었음이 명시됩니다.",
            "id": "sample_004_0041_000013",
            "annotations": []
        },
        {
            "sentence": "보험가입 내역 확인 결과 해당 보장 한도는 금 10,000,000원으로 확인되었습니다.",
            "id": "sample_004_0041_000014",
            "annotations": []
        },
        {
            "sentence": "약관상 면책 및 자기부담 규정 적용 결과 책임비율을 90%로 설정하고 자기부담금 10%를 반영하였습니다.",
            "id": "sample_004_0041_000015",
            "annotations": []
        },
        {
            "sentence": "계산식 적용에 따라 보상지급 전 최종 지급예정액은 5,265,000원으로 확정하였습니다.",
            "id": "sample_004_0041_000016",
            "annotations": []
        },
        {
            "sentence": "추가 진료비 또는 합의금 발생 시 별도 심사를 통해 보장한도를 초과하지 않는 범위 내에서 처리할 예정입니다.",
            "id": "sample_004_0041_000017",
            "annotations": []
        },
        {
            "sentence": "본 건의 내부 결재선은 손유원(담당), 임태곤(팀장), 백차은(본부장)으로 지정되어 있습니다.",
            "id": "sample_004_0041_000018",
            "annotations": [
                {
                    "word": "손유원",
                    "start": 13,
                    "end": 16,
                    "label": "기밀정보"
                },
                {
                    "word": "임태곤",
                    "start": 22,
                    "end": 25,
                    "label": "기밀정보"
                },
                {
                    "word": "백차은",
                    "start": 31,
                    "end": 34,
                    "label": "기밀정보"
                }
            ]
        },
        {
            "sentence": "결재를 위한 사내 사번은 20213456이며 결재권한 및 접근권한을 확인했습니다.",
            "id": "sample_004_0041_000019",
            "annotations": [
                {
                    "word": "20213456",
                    "start": 14,
                    "end": 22,
                    "label": "개인정보"
                }
            ]
        },
        {
            "sentence": "재무지급을 위한 지급계좌는 110-123-456789(비공개)로 기재되어 있으며 외부 유출을 금지합니다.",
            "id": "sample_004_0041_000020",
            "annotations": [
                {
                    "word": "110-123-456789",
                    "start": 15,
                    "end": 29,
                    "label": "기밀정보"
                }
            ]
        },
        {
            "sentence": "지급 예정일은 결재 완료 후 7영업일 이내로 내부 규정에 따라 일정이 확정됩니다.",
            "id": "sample_004_0041_000021",
            "annotations": []
        },
        {
            "sentence": "본 손해사정서는 약관 제15조의 손해배상 산출 방식을 기준으로 산출 근거를 상세히 기재하였습니다.",
            "id": "sample_004_0041_000022",
            "annotations": []
        },
        {
            "sentence": "사진 원본 및 진단서 원본은 원본 대조 후 반환 또는 보관 처리되며 보관 기간은 내부 규정에 따릅니다.",
            "id": "sample_004_0041_000023",
            "annotations": []
        },
        {
            "sentence": "피해자 및 상대방 진술은 조사보고서에 포함되며 필요 시 경찰 조사 자료를 추가 확보하였습니다.",
            "id": "sample_004_0041_000024",
            "annotations": []
        },
        {
            "sentence": "최종 권고안으로 본 건의 보상지급액 5,265,000원을 고객 계좌로 지급할 것을 권고합니다.",
            "id": "sample_004_0041_000025",
            "annotations": []
        },
        {
            "sentence": "청구일과 사고일을 재확인하였으며 사고일 2025-11-15이 청구일 2025-11-20보다 이전임을 확인했습니다.",
            "id": "sample_004_0041_000026",
            "annotations": []
        },
        {
            "sentence": "보고서 작성자는 주겸재이며 보고서 작성일은 2025년 11월 21일로 명기합니다.",
            "id": "sample_004_0041_000027",
            "annotations": [
                {
                    "word": "주겸재",
                    "start": 9,
                    "end": 12,
                    "label": "개인정보"
                },
                {
                    "word": "2025",
                    "start": 24,
                    "end": 28,
                    "label": "준식별자"
                },
                {
                    "word": "11",
                    "start": 30,
                    "end": 32,
                    "label": "준식별자"
                },
                {
                    "word": "21",
                    "start": 34,
                    "end": 36,
                    "label": "준식별자"
                }
            ]
        },
        {
            "sentence": "보고서 관련 문의는 손주연 손해사정팀으로 연락 주시기 바랍니다.",
            "id": "sample_004_0041_000028",
            "annotations": [
                {
                    "word": "손주연",
                    "start": 11,
                    "end": 14,
                    "label": "개인정보"
                }
            ]
        },
        {
            "sentence": "첨부 목록에는 사고 현장 사진, 수리 견적서, 진단서, 내부 손해평가서가 포함되어 있습니다.",
            "id": "sample_004_0041_000029",
            "annotations": []
        },
        {
            "sentence": "본 문서는 회사 내부관리 문서로 외부 유출 시 법적 제재가 있을 수 있으니 취급에 유의하시기 바랍니다.",
            "id": "sample_004_0041_000030",
            "annotations": []
        }
    ]
}