{
    "document_id": "035_0079",
    "document_title": "국립박물관 문화유산 보존·디지털화 통합 레코드 및 절차 문서",
    "data": [
        {
            "sentence": "문서 개요: 본 문서는 CIDOC-CRM 기준에 우선 매핑된 문화유산 및 박물관 과학 통합 레코드로서 보존, 소장, 전시, 디지털화 관련 문서들을 일괄 관리합니다.",
            "id": "sample_035_0079_000001",
            "annotations": []
        },
        {
            "sentence": "레코드 식별자와 버전관리는 artifact_id: ART-035-0079-v1, document_id: 035_0079, version: 2024-12-01T09:30:00Z 로 표준화되어 있습니다.",
            "id": "sample_035_0079_000002",
            "annotations": []
        },
        {
            "sentence": "모든 레코드는 책임자, 타임스탬프, 변경 이력과 서명 정보를 포함하며 불변성 보장을 위해 감사 로그와 블록체인 형태의 변경 이력 링크를 연동합니다.",
            "id": "sample_035_0079_000003",
            "annotations": []
        },
        {
            "sentence": "소장품 기본 카탈로그(artifact_catalogue_record)는 명칭(원어·영문 병기), 제작연대 범위 및 신뢰도, 재료·기술, 치수(mm, g) 등을 포함합니다.",
            "id": "sample_035_0079_000004",
            "annotations": []
        },
        {
            "sentence": "출처(provenance_document)은 소유권 이력과 계약서 사본, 기증자·중개인 기록, 법적 문서 링크를 포함하고 불변 이력으로 저장됩니다.",
            "id": "sample_035_0079_000005",
            "annotations": []
        },
        {
            "sentence": "보존·복원 보고서(conservation_report)는 시간순 버전관리와 각 버전의 근거·승인자를 명시하며 승인자는 결재선에 등록됩니다.",
            "id": "sample_035_0079_000006",
            "annotations": []
        },
        {
            "sentence": "상태 점검 체크리스트(condition_checklist)는 표준 측정치와 사진, 상태 등급을 포함하고 각 점검은 센서 로그와 연계되어 기록됩니다.",
            "id": "sample_035_0079_000007",
            "annotations": []
        },
        {
            "sentence": "고해상도 이미지(high_resolution_image)는 TIFF 비손실 포맷을 권장하며 파일 경로와 SHA256 체크섬을 메타데이터에 포함합니다.",
            "id": "sample_035_0079_000008",
            "annotations": []
        },
        {
            "sentence": "3D 스캔 모델(three_d_scan_model)은 OBJ 또는 glTF 보존용 마스터 및 라이트급 파생본을 구분하여 저장하고 저장소 위치를 명시합니다.",
            "id": "sample_035_0079_000009",
            "annotations": []
        },
        {
            "sentence": "재료 분석(material_analysis_report)은 XRF, FTIR 결과의 스펙트럼 파일 위치, 해석자 및 신뢰도 지수를 포함합니다.",
            "id": "sample_035_0079_000010",
            "annotations": []
        },
        {
            "sentence": "전시 이력(exhibition_history_record)과 대여기록(loan_agreement)은 기간, 기관명, 보증·보험 조건을 명시하고 접근 제한이나 환수 이슈를 표기합니다.",
            "id": "sample_035_0079_000011",
            "annotations": []
        },
        {
            "sentence": "접수기록(accession_record)에는 accession number, 취득일자(범위·불확실성 표기), 취득경로 및 관련 법적 문서 링크가 포함됩니다.",
            "id": "sample_035_0079_000012",
            "annotations": []
        },
        {
            "sentence": "디지털화 로그(digitization_log)는 촬영 기기, 해상도, 색상관리 프로파일, 작업자 및 시간 기록을 포함하고 TMS 상호운용성 표준을 따릅니다.",
            "id": "sample_035_0079_000013",
            "annotations": []
        },
        {
            "sentence": "환경 센서 로그(environmental_sensor_log)은 온도(°C), 상대습도(%)·조도(lx)·진동값과 임계치 이탈 시 알람 기록을 보관합니다.",
            "id": "sample_035_0079_000014",
            "annotations": []
        },
        {
            "sentence": "환수 관련 사례 파일(repatriation_case_file)은 커뮤니티 동의 여부, 연계 문서, 법적 근거, 그리고 커뮤니티 연락기록을 포함하며 접근 제한 태그를 부착합니다.",
            "id": "sample_035_0079_000015",
            "annotations": []
        },
        {
            "sentence": "권리 및 접근 제한(rights_and_restrictions_statement)은 저작권, 사용허가, 민감정보 공개 금지 여부 및 커뮤니티 동의 상태를 표기로 명확화합니다.",
            "id": "sample_035_0079_000016",
            "annotations": []
        },
        {
            "sentence": "큐레이터 노트(curator_notes)는 유물의 해석, 비교 연구, 권고 보존처치 및 향후 연구 우선순위를 기술합니다.",
            "id": "sample_035_0079_000017",
            "annotations": []
        },
        {
            "sentence": "방문자 상호작용 로그(visitor_interaction_log)는 익명화 원칙 아래 세션 로그와 상호작용 메타데이터를 저장합니다.",
            "id": "sample_035_0079_000018",
            "annotations": []
        },
        {
            "sentence": "담당 보존담당자: 천유노, 사번: 201234, 성별: 여성, 생년월일: 1980-05-12, 연락처: 010-1234-5678, 이메일: chenyu@museum.or.kr.",
            "id": "sample_035_0079_000019",
            "annotations": [
                {
                    "word": "천유노",
                    "start": 10,
                    "end": 13,
                    "label": "개인정보"
                },
                {
                    "word": "201234",
                    "start": 19,
                    "end": 25,
                    "label": "개인정보"
                },
                {
                    "word": "여성",
                    "start": 31,
                    "end": 33,
                    "label": "준식별자"
                },
                {
                    "word": "1980-05-12",
                    "start": 41,
                    "end": 51,
                    "label": "준식별자"
                },
                {
                    "word": "010-1234-5678",
                    "start": 58,
                    "end": 71,
                    "label": "개인정보"
                },
                {
                    "word": "chenyu@museum.or.kr",
                    "start": 78,
                    "end": 97,
                    "label": "개인정보"
                }
            ]
        },
        {
            "sentence": "보존처치 초안 승인자: 류균호, 최종 승인일: 2025-01-15T14:20:00Z, 결재선 기록은 내부 감사 로그에 암호화 저장됩니다.",
            "id": "sample_035_0079_000020",
            "annotations": [
                {
                    "word": "류균호",
                    "start": 13,
                    "end": 16,
                    "label": "개인정보"
                }
            ]
        },
        {
            "sentence": "예산 및 재무 관련 메타데이터는 공개 범위를 제한하며 예산 계정 및 집행 상세는 기밀로 처리됩니다; 계좌번호: 110-234-567890, 예산 항목: 보존예산 50,000,000원.",
            "id": "sample_035_0079_000021",
            "annotations": [
                {
                    "word": "110-234-567890",
                    "start": 62,
                    "end": 76,
                    "label": "기밀정보"
                },
                {
                    "word": "보존예산 50,000,000원",
                    "start": 85,
                    "end": 101,
                    "label": "기밀정보"
                }
            ]
        },
        {
            "sentence": "시스템 보안 및 파일 저장소 정보는 제한 접근이며 내부 서버 IP: 10.4.12.7, 파일 경로: /srv/museum/private/035_0079/master.tif 로 표기됩니다.",
            "id": "sample_035_0079_000022",
            "annotations": [
                {
                    "word": "10.4.12.7",
                    "start": 38,
                    "end": 47,
                    "label": "기밀정보"
                },
                {
                    "word": "/srv/museum/private/035_0079/master.tif",
                    "start": 56,
                    "end": 95,
                    "label": "기밀정보"
                }
            ]
        },
        {
            "sentence": "민감 문화정보(원주민 의례·신성물)는 공개 금지 또는 접근 제한 태그를 부여하고 커뮤니티 동의 여부와 연락기록을 근거로 접근 권한을 부여합니다.",
            "id": "sample_035_0079_000023",
            "annotations": []
        },
        {
            "sentence": "이미지 및 3D 파일 보존 정책은 비손실 포맷(TIFF, DNG, XYZ), 정기적 마이그레이션 기록과 체크섬(SHA256: e3b0c44298fc1c149afbf4c8996fb924) 포함을 규정합니다.",
            "id": "sample_035_0079_000024",
            "annotations": []
        },
        {
            "sentence": "다국어 표기는 원어 표기(현지문자)와 영어 병기를 병기하며 전통문자 표기와 전사 규칙을 메타데이터에 포함합니다.",
            "id": "sample_035_0079_000025",
            "annotations": []
        },
        {
            "sentence": "출처 체인은 CIDOC-CRM의 E8 Acquisition, P9i was carried out by 등의 모델로 매핑하고, 법적 문서 링크 및 계약서 스캔본을 불변 이력으로 연결합니다.",
            "id": "sample_035_0079_000026",
            "annotations": []
        },
        {
            "sentence": "수탁·대여 계약서 예시: 대여기관 오도연, 보관조건 명시, 반입·반출 기록과 보험서류를 계약서 메타데이터로 첨부합니다.",
            "id": "sample_035_0079_000027",
            "annotations": [
                {
                    "word": "오도연",
                    "start": 19,
                    "end": 22,
                    "label": "개인정보"
                }
            ]
        },
        {
            "sentence": "행동 지침: 민감 항목 접근 요청 시에는 '커뮤니티 승인 필요' 또는 기관 내부 보안 승인 문서가 선행되어야 하며 자동 응답은 권한 없음으로 처리됩니다.",
            "id": "sample_035_0079_000028",
            "annotations": []
        }
    ]
}