{
    "document_id": "035_0031",
    "document_title": "청동 장식판(035_0031) 통합 보존·출처·디지털화 기록서",
    "data": [
        {
            "sentence": "본 문서는 CIDOC-CRM 우선 매핑을 기반으로 한 청동 장식판(035_0031)의 통합 보존 및 출처 기록서이다.",
            "id": "sample_035_0031_000001",
            "annotations": []
        },
        {
            "sentence": "문서는 Dublin Core 및 IIIF 호환성 요구사항을 반영하고 METS 및 PREMIS 연계를 고려하여 설계되었다.",
            "id": "sample_035_0031_000002",
            "annotations": []
        },
        {
            "sentence": "기본 카탈로그 메타데이터에는 식별자, 명칭, 제작연대, 제작자·문화권, 재료·기술, 치수(mm, g) 등 표준화된 항목이 포함된다.",
            "id": "sample_035_0031_000003",
            "annotations": []
        },
        {
            "sentence": "출처(provenance)는 불변의 이력으로 기록하며 각 변경에는 타임스탬프·버전·책임자·근거를 명시한다.",
            "id": "sample_035_0031_000004",
            "annotations": []
        },
        {
            "sentence": "책임자: 김보라, 사번 20245, 연락용 이메일 kbora@museum.kr을 메타데이터의 승인자 필드에 영구 기록한다.",
            "id": "sample_035_0031_000005",
            "annotations": [
                {
                    "word": "김보라",
                    "start": 5,
                    "end": 8,
                    "label": "개인정보"
                },
                {
                    "word": "20245",
                    "start": 13,
                    "end": 18,
                    "label": "개인정보"
                },
                {
                    "word": "kbora@museum.kr",
                    "start": 28,
                    "end": 43,
                    "label": "개인정보"
                }
            ]
        },
        {
            "sentence": "검토자 및 승인자 정보는 버전별 서명으로 관리하며 초기 승인 서명은 오재이가 검토하였고 최종승인은 김범수가 서명하였다.",
            "id": "sample_035_0031_000006",
            "annotations": [
                {
                    "word": "오재이",
                    "start": 38,
                    "end": 41,
                    "label": "개인정보"
                },
                {
                    "word": "김범수",
                    "start": 55,
                    "end": 58,
                    "label": "개인정보"
                }
            ]
        },
        {
            "sentence": "기증자 기록: 서민형이 2010년 기증하였으며 기증서 원본은 디지털 보관소에 보관되었다; 기증자 주소는 서울특별시 종로구 세종로 1-1로 기록한다.",
            "id": "sample_035_0031_000007",
            "annotations": [
                {
                    "word": "서민형",
                    "start": 8,
                    "end": 11,
                    "label": "개인정보"
                },
                {
                    "word": "서울특별시 종로구 세종로 1-1",
                    "start": 58,
                    "end": 75,
                    "label": "개인정보"
                }
            ]
        },
        {
            "sentence": "현지 및 담당자 연락처는 접근 통제 목록에 등록되며 긴급연락처 예시는 +82-10-1234-5678로 기록되어 있다.",
            "id": "sample_035_0031_000008",
            "annotations": [
                {
                    "word": "+82-10-1234-5678",
                    "start": 39,
                    "end": 55,
                    "label": "개인정보"
                }
            ]
        },
        {
            "sentence": "책임자 개인정보 중 생년월일은 필요시 접근제한 메타데이터로서 1978-05-12 형식으로 분리하여 관리하며 성별 필드는 여성으로 표기된다.",
            "id": "sample_035_0031_000009",
            "annotations": [
                {
                    "word": "1978-05-12",
                    "start": 34,
                    "end": 44,
                    "label": "준식별자"
                },
                {
                    "word": "여성",
                    "start": 67,
                    "end": 69,
                    "label": "준식별자"
                }
            ]
        },
        {
            "sentence": "현장 출처 및 발굴지 표기는 다국어로 병기하며 행정구역 수준의 표기는 예: 부산광역시 해운대구 등으로 표준화한다.",
            "id": "sample_035_0031_000010",
            "annotations": [
                {
                    "word": "부산광역시 해운대구",
                    "start": 42,
                    "end": 52,
                    "label": "준식별자"
                }
            ]
        },
        {
            "sentence": "시스템 내부 정보는 기밀로 분류되며 예시로 서버 IP 10.0.4.12 및 내부 네트워크 경로는 접근 통제 하에 기록한다.",
            "id": "sample_035_0031_000011",
            "annotations": [
                {
                    "word": "10.0.4.12",
                    "start": 30,
                    "end": 39,
                    "label": "기밀정보"
                }
            ]
        },
        {
            "sentence": "내부 파일 경로 예시 /srv/museum/data/035/0031 은 기밀정보로 분류하고 저장소 접근 로그와 연동하여 감사 가능하게 한다.",
            "id": "sample_035_0031_000012",
            "annotations": [
                {
                    "word": "/srv/museum/data/035/0031",
                    "start": 12,
                    "end": 37,
                    "label": "기밀정보"
                }
            ]
        },
        {
            "sentence": "구매·기증 관련 금융정보는 기밀로 처리하며 계좌번호 예시 계좌번호 123-456-789012 같은 항목은 제한된 접근만 허용한다.",
            "id": "sample_035_0031_000013",
            "annotations": [
                {
                    "word": "123-456-789012",
                    "start": 37,
                    "end": 51,
                    "label": "기밀정보"
                }
            ]
        },
        {
            "sentence": "비공개 스토리지 경로 예: s3://private-museum-bucket/035_0031.tif 은 기밀 등급으로 표시하고 외부 공유 시 별도 심사를 거친다.",
            "id": "sample_035_0031_000014",
            "annotations": [
                {
                    "word": "s3://private-museum-bucket/035_0031.tif",
                    "start": 15,
                    "end": 54,
                    "label": "기밀정보"
                }
            ]
        },
        {
            "sentence": "보존·복원 보고서는 시계열 버전으로 관리하며 각 버전에 책임자 서명, 승인자, 변경 근거, 관련 이미지를 연결한다.",
            "id": "sample_035_0031_000015",
            "annotations": []
        },
        {
            "sentence": "상태 점검 체크리스트(condition_checklist)는 온도·습도·물리적 결함 항목을 포함하고 정기 점검 주기를 메타데이터화 한다.",
            "id": "sample_035_0031_000016",
            "annotations": []
        },
        {
            "sentence": "고해상도 이미지(high_resolution_image)는 비손실 TIFF(48-bit)로 권장하며 파일별 SHA256 체크섬과 저장 위치를 메타데이터에 기록한다.",
            "id": "sample_035_0031_000017",
            "annotations": []
        },
        {
            "sentence": "3D 스캔 모델(three_d_scan_model)은 PLY 또는 OBJ 포맷을 추천하되 비손실 압축을 사용하고 파일 체크섬을 포함한다.",
            "id": "sample_035_0031_000018",
            "annotations": []
        },
        {
            "sentence": "재료 분석(material_analysis_report)은 XRF, FTIR 결과를 포함하고 분석 시료·위치·기기 설정을 정밀 기록한다.",
            "id": "sample_035_0031_000019",
            "annotations": []
        },
        {
            "sentence": "전시 이력(exhibition_history_record)과 대여 계약(loan_agreement)은 CIDOC-CRM의 E5 이벤트로 매핑하여 시간순 이력을 유지한다.",
            "id": "sample_035_0031_000020",
            "annotations": []
        },
        {
            "sentence": "소장등록(accession_record)에는 고유식별자, 취득일자, 취득경위, 권리관계 및 관련 법적 문서를 연결한다.",
            "id": "sample_035_0031_000021",
            "annotations": []
        },
        {
            "sentence": "디지털화 로그(digitization_log)는 촬영장비, 해상도, 색보정 프로파일, 작업자 및 워크플로 단계를 시간순으로 기록한다.",
            "id": "sample_035_0031_000022",
            "annotations": []
        },
        {
            "sentence": "환경 센서 로그(environmental_sensor_log)는 온도(°C), 상대습도(%RH), 조도(lx), 진동 레벨을 정기적으로 캡처하여 PREMIS 이벤트로 연결한다.",
            "id": "sample_035_0031_000023",
            "annotations": []
        },
        {
            "sentence": "환수 관련 사례파일(repatriation_case_file)은 법적·윤리적 문서와 커뮤니티 동의 여부, 연락 기록을 불변 이력으로 보관한다.",
            "id": "sample_035_0031_000024",
            "annotations": []
        },
        {
            "sentence": "권리 및 접근 제한(rights_and_restrictions_statement)은 저작권, 전시권, 민감 문화정보(원주민 의례 관련)은 공개 금지 또는 접근 제한 태그를 명시한다.",
            "id": "sample_035_0031_000025",
            "annotations": []
        },
        {
            "sentence": "큐레이터 메모(curator_notes)는 근거 자료와 추론을 명시하며 가설적 해석은 별도 레이어로 표시한다.",
            "id": "sample_035_0031_000026",
            "annotations": []
        },
        {
            "sentence": "방문자 상호작용 로그(visitor_interaction_log)는 익명화 원칙을 적용하되 준식별자(예: 연령대·성별 집계)는 연구 목적으로 제한적으로 사용한다.",
            "id": "sample_035_0031_000027",
            "annotations": []
        },
        {
            "sentence": "통제 어휘(Getty AAT, TGN, ISO subject headings)는 항목 표준화를 위해 사용하며 원어·영문 병기를 기본으로 한다.",
            "id": "sample_035_0031_000028",
            "annotations": []
        },
        {
            "sentence": "보존 우선순위는 예산·자원 제약을 고려한 샘플링 전략으로 수립하되 고위험 표본은 우선 디지털화한다.",
            "id": "sample_035_0031_000029",
            "annotations": []
        },
        {
            "sentence": "문서 말미의 액션 아이템에는 버전관리 정책·정기 마이그레이션 계획·커뮤니티 동의 재검토 일정이 포함된다.",
            "id": "sample_035_0031_000030",
            "annotations": []
        }
    ]
}