{
    "document_id": "035_0036",
    "document_title": "035_0036: 조선시대 도자기 컬렉션 통합 메타데이터·보존·출처 기록서",
    "data": [
        {
            "sentence": "본 문서는 CIDOC-CRM을 우선 매핑하고 Dublin Core 및 IIIF 호환성을 보장하는 문화유산 통합 기록서입니다.",
            "id": "sample_035_0036_000001",
            "annotations": []
        },
        {
            "sentence": "해당 유물 고유 식별자 035_0036_A1, 버전 1.2, 타임스탬프 2025-11-18T10:23:45Z, 책임자 오다인, 연락 odain@museum.or.kr, 010-1234-5678.",
            "id": "sample_035_0036_000002",
            "annotations": [
                {
                    "word": "오다인",
                    "start": 66,
                    "end": 69,
                    "label": "개인정보"
                },
                {
                    "word": "odain@museum.or.kr",
                    "start": 74,
                    "end": 92,
                    "label": "개인정보"
                },
                {
                    "word": "010-1234-5678",
                    "start": 94,
                    "end": 107,
                    "label": "개인정보"
                }
            ]
        },
        {
            "sentence": "artifact_catalogue_record는 다국어 명칭(원어·영문), 전사·음역 규칙, 제작연대와 불확실도(범위·신뢰도)를 포함하여 기록합니다.",
            "id": "sample_035_0036_000003",
            "annotations": []
        },
        {
            "sentence": "CIDOC-CRM 엔터티 매핑을 우선하고, Dublin Core 필드와 IIIF manifest 필드 간 상호매핑 규칙을 본 문서에 명시합니다.",
            "id": "sample_035_0036_000004",
            "annotations": []
        },
        {
            "sentence": "provenance_document는 불변성 보장을 위해 블록체인 유사 감사 로그와 함께 저장되며 최종 승인자는 박성미로 기록되어 있습니다.",
            "id": "sample_035_0036_000005",
            "annotations": [
                {
                    "word": "박성미",
                    "start": 63,
                    "end": 66,
                    "label": "개인정보"
                }
            ]
        },
        {
            "sentence": "민감 문화정보(원주민 의례 관련)는 접근 제한 태그와 함께 '커뮤니티 승인 필요' 상태로 표기하고 커뮤니티 연락 및 동의 기록을 보존합니다; 관련 연락자 예: 송초아.",
            "id": "sample_035_0036_000006",
            "annotations": [
                {
                    "word": "송초아",
                    "start": 89,
                    "end": 92,
                    "label": "개인정보"
                }
            ]
        },
        {
            "sentence": "high_resolution_image 파일은 비손실 TIFF 권장이며 체크섬과 저장경로를 메타데이터에 포함합니다; 예시 내부 경로 /srv/museum/collections/035/0036/master.tif.",
            "id": "sample_035_0036_000007",
            "annotations": [
                {
                    "word": "/srv/museum/collections/035/0036/master.tif",
                    "start": 74,
                    "end": 117,
                    "label": "기밀정보"
                }
            ]
        },
        {
            "sentence": "three_d_scan_model은 비손실 포맷(예: PLY 무압축)으로 보관하고 SHA-256 체크섬과 보관 URI를 IIIF와 연동하여 기술합니다.",
            "id": "sample_035_0036_000008",
            "annotations": []
        },
        {
            "sentence": "material_analysis_report는 XRF·FTIR 스펙트럼 파일과 정량값(단위: g, mm)을 포함하고 분석 기기·프로토콜을 표준화하여 기록합니다.",
            "id": "sample_035_0036_000009",
            "annotations": []
        },
        {
            "sentence": "conservation_report는 시계열 버전으로 관리되며 각 버전에는 변경 근거, 보존처치 목록, 담당 보수자 및 승인자 사인이 포함됩니다; 현재 보수자 임익현.",
            "id": "sample_035_0036_000010",
            "annotations": []
        },
        {
            "sentence": "condition_checklist와 상태 점검 로그는 정기 점검일, 측정값, 사진 첨부 및 책임자 서명을 포함하여 METS/PREMIS 호환 형식으로 저장합니다.",
            "id": "sample_035_0036_000011",
            "annotations": []
        },
        {
            "sentence": "접수·기증 관련 accession_record에는 기증자 정보 및 법적 문건을 포함하며, 기증자: 송초아, 생년월일 1978-05-12, 성별 여성, 직업 교사, 주소 서울특별시 종로구 삼청로 10-5.",
            "id": "sample_035_0036_000012",
            "annotations": [
                {
                    "word": "1978-05-12",
                    "start": 65,
                    "end": 75,
                    "label": "준식별자"
                },
                {
                    "word": "여성",
                    "start": 80,
                    "end": 82,
                    "label": "준식별자"
                },
                {
                    "word": "교사",
                    "start": 87,
                    "end": 89,
                    "label": "준식별자"
                },
                {
                    "word": "서울특별시 종로구 삼청로 10-5",
                    "start": 94,
                    "end": 112,
                    "label": "개인정보"
                }
            ]
        },
        {
            "sentence": "repatriation_case_file에는 반환 청구 이력, 법적 자문 기록, 관련 국가 및 권리 주장 근거를 시간순으로 불변 기록합니다.",
            "id": "sample_035_0036_000013",
            "annotations": []
        },
        {
            "sentence": "digitization_log은 촬영 일시, 장비 모델, 해상도, 파일 포맷, IIIF manifest URI와 생성자 정보를 표준화하여 보존합니다.",
            "id": "sample_035_0036_000014",
            "annotations": []
        },
        {
            "sentence": "environmental_sensor_log는 온도(℃), 상대습도(%), 광도(lx), 진동값을 ISO 표준과 호환되는 단위로 기록하고 이상치 경보를 설정합니다.",
            "id": "sample_035_0036_000015",
            "annotations": []
        },
        {
            "sentence": "rights_and_restrictions_statement는 저작권, 전시·촬영 허가서, 모델 동의서, 접근 제약 사유와 링크를 명확히 표기합니다.",
            "id": "sample_035_0036_000016",
            "annotations": []
        },
        {
            "sentence": "curator_notes는 CIDOC-CRM E5 Event 등으로 매핑 가능한 주석을 포함하며 최근 의견 기재 책임자 임래인으로 기록합니다.",
            "id": "sample_035_0036_000017",
            "annotations": []
        },
        {
            "sentence": "visitor_interaction_log는 익명화 원칙을 우선으로 하며, 개인식별이 가능한 데이터는 저장하지 않거나 별도 접근 통제를 적용합니다.",
            "id": "sample_035_0036_000018",
            "annotations": []
        },
        {
            "sentence": "material_analysis_report의 분류는 Getty AAT와 TGN을 활용하고 용어는 영어·한국어 병기하여 표준화된 색인어를 부여합니다.",
            "id": "sample_035_0036_000019",
            "annotations": []
        },
        {
            "sentence": "장기 보존 정책은 비손실 포맷·정기적 마이그레이션·체크섬 검증 주기를 명시하며 마이그레이션 로그를 PREMIS 형식으로 관리합니다.",
            "id": "sample_035_0036_000020",
            "annotations": []
        },
        {
            "sentence": "provenance_chain에는 소유자 이력과 이전 거래 증빙을 불변으로 기록하며 개인 소장자 정보 예: 한명보를 포함합니다.",
            "id": "sample_035_0036_000021",
            "annotations": [
                {
                    "word": "한명보",
                    "start": 60,
                    "end": 63,
                    "label": "개인정보"
                }
            ]
        },
        {
            "sentence": "repatriation_case_file에는 반환 비용 처리 관련 내부 문서 ID DOC-7890과 계좌번호 111-222-333 등 재무 항목이 기록될 수 있으므로 기밀로 분류합니다.",
            "id": "sample_035_0036_000022",
            "annotations": [
                {
                    "word": "DOC-7890",
                    "start": 46,
                    "end": 54,
                    "label": "기밀정보"
                },
                {
                    "word": "계좌번호 111-222-333",
                    "start": 56,
                    "end": 72,
                    "label": "기밀정보"
                }
            ]
        },
        {
            "sentence": "시스템 보안 상 내부 서버 IP 10.0.0.12 및 내부 URL은 공개 금지 항목으로 보안 절차 문서에 별도 저장합니다.",
            "id": "sample_035_0036_000023",
            "annotations": [
                {
                    "word": "10.0.0.12",
                    "start": 18,
                    "end": 27,
                    "label": "기밀정보"
                }
            ]
        },
        {
            "sentence": "커뮤니티 협의 및 동의 기록에는 통화·이메일 로그가 포함되며, 예외적으로 전화 010-9876-5432 같은 개인 연락처는 접근 통제 대상입니다.",
            "id": "sample_035_0036_000024",
            "annotations": [
                {
                    "word": "010-9876-5432",
                    "start": 44,
                    "end": 57,
                    "label": "개인정보"
                }
            ]
        },
        {
            "sentence": "메타데이터 작성 시 Getty AAT, TGN, ISO subject headings 등의 controlled vocabulary를 우선 사용하고 용어 식별자를 명기합니다.",
            "id": "sample_035_0036_000025",
            "annotations": []
        },
        {
            "sentence": "백업 및 재해복구는 암호화된 오브젝트 스토리지에 보관하며 내부 S3 버킷 예시 s3://museum-prod-collections/035/0036 은 기밀로 관리합니다.",
            "id": "sample_035_0036_000026",
            "annotations": [
                {
                    "word": "s3://museum-prod-collections/035/0036",
                    "start": 44,
                    "end": 81,
                    "label": "기밀정보"
                }
            ]
        },
        {
            "sentence": "보존·복원 보고서 최종 승인자는 송혜영으로 서명되었으며 버전 관리와 전자서명 로그를 함께 보관합니다.",
            "id": "sample_035_0036_000027",
            "annotations": [
                {
                    "word": "송혜영",
                    "start": 18,
                    "end": 21,
                    "label": "개인정보"
                }
            ]
        },
        {
            "sentence": "정기 상태 점검 담당자 지무승이 점검 기록에 서명하였고 상태 변화는 버전별로 비교 가능한 형태로 기록합니다.",
            "id": "sample_035_0036_000028",
            "annotations": [
                {
                    "word": "지무승",
                    "start": 13,
                    "end": 16,
                    "label": "개인정보"
                }
            ]
        },
        {
            "sentence": "향후 작업 지시사항은 천나현과 임규보에게 할당되었으며 각 작업의 책임자와 완료기한을 메타데이터에 연결합니다.",
            "id": "sample_035_0036_000029",
            "annotations": [
                {
                    "word": "천나현",
                    "start": 12,
                    "end": 15,
                    "label": "개인정보"
                },
                {
                    "word": "임규보",
                    "start": 17,
                    "end": 20,
                    "label": "개인정보"
                }
            ]
        },
        {
            "sentence": "결론적으로 민감 문화정보 접근은 '권한 없음'을 기본으로 하고 커뮤니티 승인 필요 항목에 대해서는 승인 증빙 없이는 제공 불가합니다.",
            "id": "sample_035_0036_000030",
            "annotations": []
        }
    ]
}