{
    "document_id": "035_0041",
    "document_title": "고려청자 단지: 통합 소장품 레코드 및 보존관리 계획",
    "data": [
        {
            "sentence": "이 문서는 문화유산 및 박물관 과학 분야의 통합 기록으로서 CIDOC-CRM 우선 매핑 정책을 준수합니다.",
            "id": "sample_035_0041_000001",
            "annotations": []
        },
        {
            "sentence": "문서 식별자: domain_id 035, document_id 0041, 기록 버전 v1.2, 생성일자 2025-03-12T14:23:00Z, 책임자: 차도윤.",
            "id": "sample_035_0041_000002",
            "annotations": [
                {
                    "word": "차도윤",
                    "start": 85,
                    "end": 88,
                    "label": "개인정보"
                },
                {
                    "word": "2025-03-12T14:23:00Z",
                    "start": 58,
                    "end": 78,
                    "label": "준식별자"
                }
            ]
        },
        {
            "sentence": "문서 제목은 '고려청자 단지: 소장품 통합 레코드 및 보존관리 계획'으로 내부·외부 배포용 메타데이터를 분리 관리합니다.",
            "id": "sample_035_0041_000003",
            "annotations": []
        },
        {
            "sentence": "본 기록은 artifact_catalogue_record를 포함하며 각 유물 항목은 CIDOC-CRM 엔터티에 매핑되는 고유 식별자(CRM:E22_035_0041_0001 등)를 부여합니다.",
            "id": "sample_035_0041_000004",
            "annotations": []
        },
        {
            "sentence": "기초 카탈로그 메타데이터는 제작연대, 제작자·문화권, 재료·기술, 치수(mm), 질량(g)을 포함하고 Getty AAT와 TGN 제어어휘를 사용하여 표준화합니다.",
            "id": "sample_035_0041_000005",
            "annotations": []
        },
        {
            "sentence": "출처(provenance_document)은 불변 체인으로 관리하며 모든 변경은 감사로그에 기록되고 변경사유와 증빙문서를 첨부합니다.",
            "id": "sample_035_0041_000006",
            "annotations": []
        },
        {
            "sentence": "초기 취득 기록 accession: ACC-035-2024-001은 2024-12-01T09:00:00Z에 생성되어 보존관 남현식의 승인을 받았습니다.",
            "id": "sample_035_0041_000007",
            "annotations": [
                {
                    "word": "2024-12-01T09:00:00Z",
                    "start": 38,
                    "end": 58,
                    "label": "준식별자"
                },
                {
                    "word": "남현식",
                    "start": 69,
                    "end": 72,
                    "label": "기밀정보"
                }
            ]
        },
        {
            "sentence": "보존·복원 보고서(conservation_report)는 시계열 버전 관리로 작성되며 각 버전은 v1.0, v1.1, v1.2 형태로 기록하고 근거 자료를 첨부합니다.",
            "id": "sample_035_0041_000008",
            "annotations": []
        },
        {
            "sentence": "보존 보고서 v1.2의 승인자 및 서명란에는 '승인자: 차도윤'로 기재되어 있으며 서명 이미지는 IIIF 매니페스트에 비손실 포맷으로 링크됩니다.",
            "id": "sample_035_0041_000009",
            "annotations": [
                {
                    "word": "차도윤",
                    "start": 31,
                    "end": 34,
                    "label": "기밀정보"
                }
            ]
        },
        {
            "sentence": "상태 점검 체크리스트(condition_checklist)는 3개월 단위로 작성되며 가장 최근 점검일은 2025-01-15입니다.",
            "id": "sample_035_0041_000010",
            "annotations": [
                {
                    "word": "2025-01-15",
                    "start": 58,
                    "end": 68,
                    "label": "준식별자"
                }
            ]
        },
        {
            "sentence": "고해상도 이미지(high_resolution_image)는 TIFF(비손실) 권장, 체크섬(SHA256: e3b0c442...)과 저장 위치(s3://museum/archive/035/0041/images)를 메타데이터에 명시합니다.",
            "id": "sample_035_0041_000011",
            "annotations": [
                {
                    "word": "s3://museum/archive/035/0041/images",
                    "start": 79,
                    "end": 114,
                    "label": "기밀정보"
                }
            ]
        },
        {
            "sentence": "3D 스캔(three_d_scan_model)은 PLY/OBJ 원본과 압축본을 별도 보관하며 체크섬과 메타데이터에는 스캔 해상도와 좌표계 정보가 포함됩니다.",
            "id": "sample_035_0041_000012",
            "annotations": []
        },
        {
            "sentence": "물질 분석(material_analysis_report)은 XRF 및 FTIR 결과, 시료 채취 위치, 분석일 2024-11-20, 분석자: 원승효 기록을 포함합니다.",
            "id": "sample_035_0041_000013",
            "annotations": [
                {
                    "word": "2024-11-20",
                    "start": 62,
                    "end": 72,
                    "label": "준식별자"
                },
                {
                    "word": "원승효",
                    "start": 79,
                    "end": 82,
                    "label": "개인정보"
                }
            ]
        },
        {
            "sentence": "전시 이력(exhibition_history_record)에는 전시기간(2019-05~2019-09), 전시장소(TGN:tgn12345), 대여기관 및 전시설명 문서가 포함됩니다.",
            "id": "sample_035_0041_000014",
            "annotations": []
        },
        {
            "sentence": "대여 계약서(loan_agreement)는 대여 시작일 2025-02-01과 반환예정일 2025-08-01을 명시하며 보증인 및 보험조건을 첨부합니다.",
            "id": "sample_035_0041_000015",
            "annotations": [
                {
                    "word": "2025-02-01",
                    "start": 31,
                    "end": 41,
                    "label": "준식별자"
                },
                {
                    "word": "2025-08-01",
                    "start": 49,
                    "end": 59,
                    "label": "준식별자"
                }
            ]
        },
        {
            "sentence": "취득기록(accession_record)은 법적 소유권을 증빙하는 문서와 기증자 동의서, 법적 검토 담당자의 서명란을 포함합니다.",
            "id": "sample_035_0041_000016",
            "annotations": []
        },
        {
            "sentence": "디지털화 로그(digitization_log)에는 촬영 작업자 식별은 최소화하고 원파일 이름, 촬영일시 2024-12-15T10:30:00Z, 장비 모델, 저작권·동의서 여부를 기록합니다.",
            "id": "sample_035_0041_000017",
            "annotations": [
                {
                    "word": "2024-12-15T10:30:00Z",
                    "start": 58,
                    "end": 78,
                    "label": "준식별자"
                }
            ]
        },
        {
            "sentence": "환경 센서 로그(environmental_sensor_log)는 온도·습도·조명·진동을 분 단위로 기록하며 PREMIS 호환 메타데이터로 아카이브합니다.",
            "id": "sample_035_0041_000018",
            "annotations": []
        },
        {
            "sentence": "환수 사례(repatriation_case_file)에는 관련 법률 문서, 커뮤니티 동의 여부, 연락기록, 접근제한 태그 및 관련 회의록을 포함합니다.",
            "id": "sample_035_0041_000019",
            "annotations": []
        },
        {
            "sentence": "권리 및 제한(rights_and_restrictions_statement)은 저작권, 재사용 조건, 민감문화정보의 공개금지 여부('공개금지' 또는 '제한열람')를 명시합니다.",
            "id": "sample_035_0041_000020",
            "annotations": []
        },
        {
            "sentence": "큐레이터 메모(curator_notes)에는 보존 우선순위, 샘플링 전략, 예산 제약 및 권장 작업일정이 구체적으로 기술됩니다.",
            "id": "sample_035_0041_000021",
            "annotations": []
        },
        {
            "sentence": "방문자 상호작용 로그(visitor_interaction_log)는 익명화된 세션 ID와 행동 로그만 저장하며 개인정보 최소화를 준수합니다.",
            "id": "sample_035_0041_000022",
            "annotations": []
        },
        {
            "sentence": "보존 정책은 파일 포맷 마이그레이션 주기(5년), 정기 체크섬 검증주기(6개월), 비상복구 절차를 포함하여 장기 보존성을 보장합니다.",
            "id": "sample_035_0041_000023",
            "annotations": []
        },
        {
            "sentence": "출처와 소유권 체인은 블록체인 기반 불변 로그로 저장하며 변경 시 감사 로그에 변경사유와 변경자ID를 기록합니다.",
            "id": "sample_035_0041_000024",
            "annotations": []
        },
        {
            "sentence": "민감한 문화정보는 '접근제한' 태그가 부착되며 관련 커뮤니티의 서면 동의서와 연락기록(담당자: 권소라)이 첨부됩니다.",
            "id": "sample_035_0041_000025",
            "annotations": [
                {
                    "word": "권소라",
                    "start": 53,
                    "end": 56,
                    "label": "개인정보"
                }
            ]
        },
        {
            "sentence": "모든 이미지 및 3D 파일은 IIIF 매니페스트와 함께 메타데이터상에 파일 경로, 체크섬, 권한 레벨을 포함하며 비손실 원본을 원칙으로 합니다.",
            "id": "sample_035_0041_000026",
            "annotations": []
        },
        {
            "sentence": "법적·윤리적 이슈(환수, 저작권, 민감정보)는 시스템 경고로 표시되고 관련 문서 원본은 링크와 함께 아카이브됩니다.",
            "id": "sample_035_0041_000027",
            "annotations": []
        },
        {
            "sentence": "시스템 책임자 및 복원 승인자는 버전별 감사로그에 기록되며 초기 책임자 명단에 남현식, 방은겸이 포함되어 있습니다.",
            "id": "sample_035_0041_000028",
            "annotations": [
                {
                    "word": "남현식",
                    "start": 44,
                    "end": 47,
                    "label": "개인정보"
                },
                {
                    "word": "방은겸",
                    "start": 49,
                    "end": 52,
                    "label": "개인정보"
                }
            ]
        },
        {
            "sentence": "디지털 접근시스템은 역할기반 접근제어(RBAC)를 사용하여 '공개', '제한열람', '비공개' 세 단계로 권한을 관리합니다.",
            "id": "sample_035_0041_000029",
            "annotations": []
        },
        {
            "sentence": "향후 액션 아이템: 커뮤니티 동의서 디지털화, IIIF 매니페스트 검증, 보존 우선순위 재평가, 다음 버전(v1.3) 승인 회의를 2025-04-10T10:00:00Z에 개최합니다.",
            "id": "sample_035_0041_000030",
            "annotations": [
                {
                    "word": "2025-04-10T10:00:00Z",
                    "start": 73,
                    "end": 93,
                    "label": "준식별자"
                }
            ]
        }
    ]
}