{
    "document_id": "035_0042",
    "document_title": "문화유산 출처·보존·복원 및 디지털화 통합기록서",
    "data": [
        {
            "sentence": "문서 개요: 본 기록서는 문화유산 및 박물관 소장품의 보존, 출처, 디지털화 과정을 CIDOC-CRM 기반으로 표준화하여 기록하기 위한 기술·관리 문서입니다.",
            "id": "sample_035_0042_000001",
            "annotations": []
        },
        {
            "sentence": "문서 목적: 소장품의 식별, 보존처, 출처이력, 전시 및 대여 기록, 복원 이력 등 핵심 메타데이터를 통합 관리하는 것을 목표로 합니다.",
            "id": "sample_035_0042_000002",
            "annotations": []
        },
        {
            "sentence": "메타데이터 매핑: 주요 엔티티는 CIDOC-CRM(E22, E39 등)로 우선 매핑하며, Dublin Core 및 IIIF 호환성을 확보합니다.",
            "id": "sample_035_0042_000003",
            "annotations": []
        },
        {
            "sentence": "식별자 정책: 각 레코드는 고유 식별자(CRM:E22-0001234-v1)와 버전 표기, 타임스탬프(ISO 8601), 책임자 정보를 포함합니다.",
            "id": "sample_035_0042_000004",
            "annotations": []
        },
        {
            "sentence": "담당 큐레이터는 엄민재이며, 공식 연락 이메일은 eumminjae@museum.kr, 내부 사번은 20230012로 시스템에 등록되어 있습니다.",
            "id": "sample_035_0042_000005",
            "annotations": [
                {
                    "word": "엄민재",
                    "start": 9,
                    "end": 12,
                    "label": "개인정보"
                },
                {
                    "word": "eumminjae@museum.kr",
                    "start": 27,
                    "end": 46,
                    "label": "개인정보"
                },
                {
                    "word": "20230012",
                    "start": 55,
                    "end": 63,
                    "label": "개인정보"
                }
            ]
        },
        {
            "sentence": "보존책임자는 진효겸이며, 기록상 생년월일은 1985-07-12로 표기되어 있고, 비상연락처는 010-1234-5678입니다.",
            "id": "sample_035_0042_000006",
            "annotations": [
                {
                    "word": "진효겸",
                    "start": 7,
                    "end": 10,
                    "label": "개인정보"
                },
                {
                    "word": "1985-07-12",
                    "start": 24,
                    "end": 34,
                    "label": "준식별자"
                },
                {
                    "word": "010-1234-5678",
                    "start": 52,
                    "end": 65,
                    "label": "개인정보"
                }
            ]
        },
        {
            "sentence": "소장관리자는 주한서로 표기되어 있으며, 소속은 국립중앙박물관입니다.",
            "id": "sample_035_0042_000007",
            "annotations": [
                {
                    "word": "주한서",
                    "start": 7,
                    "end": 10,
                    "label": "개인정보"
                }
            ]
        },
        {
            "sentence": "출처 및 소유권 체인은 불변의 감사 로그로 저장되며, 변경은 블록체인 유사 해시와 타임스탬프를 통해 추적됩니다.",
            "id": "sample_035_0042_000008",
            "annotations": []
        },
        {
            "sentence": "원주민 관련 민감 정보는 '공개 금지' 또는 '접근 제한' 태그를 부착하고, 커뮤니티 동의 여부와 연락기록을 반드시 기록합니다.",
            "id": "sample_035_0042_000009",
            "annotations": []
        },
        {
            "sentence": "커뮤니티 연락 기록에는 접촉지명 수준으로 서울특별시 종로구가 표기되어 있으며, 상세 주소는 비공개로 처리합니다.",
            "id": "sample_035_0042_000010",
            "annotations": [
                {
                    "word": "서울특별시 종로구",
                    "start": 23,
                    "end": 32,
                    "label": "준식별자"
                }
            ]
        },
        {
            "sentence": "이미지 및 3D 파일은 비손실 포맷(TIFF, PNG, PLY)으로 권장하며, 각 파일에 대해 SHA256 체크섬을 생성합니다.",
            "id": "sample_035_0042_000011",
            "annotations": []
        },
        {
            "sentence": "원자료의 저장 위치는 내부 경로 '/data/museum/hires/CRM_E22_0001234_v1.tiff'로 기록되고, 접근 제어 로그도 함께 보관됩니다.",
            "id": "sample_035_0042_000012",
            "annotations": [
                {
                    "word": "/data/museum/hires/CRM_E22_0001234_v1.tiff",
                    "start": 19,
                    "end": 61,
                    "label": "기밀정보"
                }
            ]
        },
        {
            "sentence": "3D 스캔 모델의 파일은 PLY 형식으로 저장되며 체크섬 SHA256:fa2b3c4d5e6f7a8b9c0d 기록이 메타데이터에 포함됩니다.",
            "id": "sample_035_0042_000013",
            "annotations": []
        },
        {
            "sentence": "IIIF 매니페스트는 내부 테스트 URL https://internal.museum.local/iiif/manifest/0001에 저장되어 있으며, 공개 전까지 비공개로 유지합니다.",
            "id": "sample_035_0042_000014",
            "annotations": [
                {
                    "word": "https://internal.museum.local/iiif/manifest/0001",
                    "start": 23,
                    "end": 71,
                    "label": "기밀정보"
                }
            ]
        },
        {
            "sentence": "보존 이력은 시간순 버전관리로 관리되며, 각 버전에는 복원 근거와 승인자를 명시해야 합니다.",
            "id": "sample_035_0042_000015",
            "annotations": []
        },
        {
            "sentence": "복원 버전 v1은 신희로가 검토·승인하였고, v2는 오세영의 검토 및 서명이 포함되어 있습니다.",
            "id": "sample_035_0042_000016",
            "annotations": [
                {
                    "word": "신희로",
                    "start": 10,
                    "end": 13,
                    "label": "개인정보"
                },
                {
                    "word": "오세영",
                    "start": 29,
                    "end": 32,
                    "label": "개인정보"
                }
            ]
        },
        {
            "sentence": "서명 이미지는 보안 폴더 '/secure/signatures/oseyoung.sig'에 보관되어 있으며 접근 로그는 관리자만 열람 가능합니다.",
            "id": "sample_035_0042_000017",
            "annotations": [
                {
                    "word": "/secure/signatures/oseyoung.sig",
                    "start": 15,
                    "end": 46,
                    "label": "기밀정보"
                }
            ]
        },
        {
            "sentence": "실험·재료 분석 보고서(XRF, FTIR)는 표준화된 측정 단위(mm, g)을 사용하여 기록하며, 원문과 영어 번역을 병기합니다.",
            "id": "sample_035_0042_000018",
            "annotations": []
        },
        {
            "sentence": "재원 및 예산 항목 일부는 기밀로 분류되며, 예를 들어 후원 계좌번호 111-222-333은 내부 문서에만 기재됩니다.",
            "id": "sample_035_0042_000019",
            "annotations": [
                {
                    "word": "111-222-333",
                    "start": 39,
                    "end": 50,
                    "label": "기밀정보"
                }
            ]
        },
        {
            "sentence": "법적·윤리적 문제(환수, 저작권 등)는 시스템 경고로 표기하며 관련 문서 링크는 내부 문서 저장소 https://intranet.museum.local/legal/repatriation/CASE123로 연결됩니다.",
            "id": "sample_035_0042_000020",
            "annotations": [
                {
                    "word": "https://intranet.museum.local/legal/repatriation/CASE123",
                    "start": 55,
                    "end": 111,
                    "label": "기밀정보"
                }
            ]
        },
        {
            "sentence": "환경 모니터링 로그는 센서별로 분리 저장되며, 데이터는 시간대별로 보존되어 온도·습도·조명 변화 추이를 제공합니다.",
            "id": "sample_035_0042_000021",
            "annotations": []
        },
        {
            "sentence": "방문자 상호작용 로그는 익명화 과정을 거치지만, 원본 수집 시 서버 IP 203.0.113.45가 로깅됩니다.",
            "id": "sample_035_0042_000022",
            "annotations": [
                {
                    "word": "203.0.113.45",
                    "start": 41,
                    "end": 53,
                    "label": "기밀정보"
                }
            ]
        },
        {
            "sentence": "디지털화 우선순위는 보존 등급, 위험도, 예산을 고려하여 샘플링 전략을 수립합니다.",
            "id": "sample_035_0042_000023",
            "annotations": []
        },
        {
            "sentence": "파일 포맷 정책은 정기적 마이그레이션 로드맵을 포함하며, 장기 보존 가능한 비손실 포맷을 우선합니다.",
            "id": "sample_035_0042_000024",
            "annotations": []
        },
        {
            "sentence": "메타데이터 내부 필드 매핑은 Getty AAT와 TGN의 권장 용어를 우선 적용하며, ISO subject headings와 매핑을 검토합니다.",
            "id": "sample_035_0042_000025",
            "annotations": []
        },
        {
            "sentence": "컬렉션 관리시스템 연동은 TMS와 KE EMu와의 상호운용성 테스트 문서가 참조됩니다.",
            "id": "sample_035_0042_000026",
            "annotations": []
        },
        {
            "sentence": "감사 로그 및 변경이력 증명은 불변 해시값으로 관리되며, 증빙 파일의 해시 기록이 데이터베이스에 보관됩니다.",
            "id": "sample_035_0042_000027",
            "annotations": []
        },
        {
            "sentence": "검토자 곽유주가 최종 검토를 완료하였으며, 커뮤니티 승인 필요 항목은 별도 트래킹을 통해 처리됩니다.",
            "id": "sample_035_0042_000028",
            "annotations": [
                {
                    "word": "곽유주",
                    "start": 4,
                    "end": 7,
                    "label": "개인정보"
                }
            ]
        },
        {
            "sentence": "접근 요청이 있을 경우 '권한 없음' 또는 '커뮤니티 승인 필요' 방침을 우선 적용하며, 자동 생성 설명에는 추론 근거와 출처를 명기합니다.",
            "id": "sample_035_0042_000029",
            "annotations": []
        },
        {
            "sentence": "결론 및 실행 항목: 민감 정보의 접근 통제, 정기적 백업, 다국어 표기 일관성 검토, 그리고 연간 보존·마이그레이션 계획을 이행합니다.",
            "id": "sample_035_0042_000030",
            "annotations": []
        }
    ]
}