{
    "document_id": "035_0097",
    "document_title": "서울박물관 소장품 통합 카탈로그 및 보존·복원 통합보고서",
    "data": [
        {
            "sentence": "문서 개요: 본 문서는 문화유산 소장품의 통합 카탈로그와 보존·복원 기록을 포함하는 공식 기록이다.",
            "id": "sample_035_0097_000001",
            "annotations": []
        },
        {
            "sentence": "메타데이터 표준 준수 항목으로 CIDOC-CRM을 우선 매핑하고 Dublin Core 및 IIIF, METS, PREMIS와의 호환성을 명시한다.",
            "id": "sample_035_0097_000002",
            "annotations": []
        },
        {
            "sentence": "각 레코드는 고유 식별자(CRM:E42 식별자 매핑 포함)와 버전, ISO 8601 타임스탬프, 책임자 정보를 포함하여 기록한다.",
            "id": "sample_035_0097_000003",
            "annotations": []
        },
        {
            "sentence": "대상 유물(artifact_catalogue_record)은 식별자 'ACR-2023-00097'으로 표기되고 명칭·제작연대(범위 및 신뢰도 표기 포함)·제작자 정보를 병기한다.",
            "id": "sample_035_0097_000004",
            "annotations": []
        },
        {
            "sentence": "출처 문서(provenance_document)는 불변의 체인으로 블록체인 유사 불변 로그를 적용하고 각 변경에는 변경사유와 감사 로그를 연결한다.",
            "id": "sample_035_0097_000005",
            "annotations": []
        },
        {
            "sentence": "보존·복원 보고서(conservation_report)는 시계열 버전 관리로 운영되며 각 버전에는 변경 근거와 승인자 서명, 책임자 명시가 필수이다.",
            "id": "sample_035_0097_000006",
            "annotations": []
        },
        {
            "sentence": "보존담당 책임자: 윤현승, 서명 파일 및 사번: 2023-045, 이메일: yhs@museum.kr로 메타데이터에 기재한다.",
            "id": "sample_035_0097_000007",
            "annotations": [
                {
                    "word": "윤현승",
                    "start": 10,
                    "end": 13,
                    "label": "개인정보"
                },
                {
                    "word": "사번: 2023-045",
                    "start": 23,
                    "end": 35,
                    "label": "개인정보"
                },
                {
                    "word": "yhs@museum.kr",
                    "start": 42,
                    "end": 55,
                    "label": "개인정보"
                }
            ]
        },
        {
            "sentence": "복원 최종 승인자: 한희준, 승인일: 2024-11-15T09:30:00Z, 권한 레벨 및 내부 결재선은 감사 로그에 암호화되어 기록된다.",
            "id": "sample_035_0097_000008",
            "annotations": [
                {
                    "word": "한희준",
                    "start": 11,
                    "end": 14,
                    "label": "개인정보"
                }
            ]
        },
        {
            "sentence": "민감 문화정보(원주민 의례 관련)는 '접근 제한: 커뮤니티 승인 필요'로 태그하며 관련 커뮤니티 동의 여부와 연락기록을 반드시 기록한다.",
            "id": "sample_035_0097_000009",
            "annotations": []
        },
        {
            "sentence": "커뮤니티 대표 연락 및 동의 기록: 양민슬(대표)과의 서신 교환이 기록되어 있으며 동의서 원본은 봉인 보관한다.",
            "id": "sample_035_0097_000010",
            "annotations": [
                {
                    "word": "양민슬",
                    "start": 20,
                    "end": 23,
                    "label": "개인정보"
                }
            ]
        },
        {
            "sentence": "이미지 및 3D 파일은 비손실 포맷(TIFF, PNG, OBJ/PLY)으로 권장하며 파일 체크섬(SHA256)과 저장 위치 및 접근 제어를 메타데이터에 포함한다.",
            "id": "sample_035_0097_000011",
            "annotations": []
        },
        {
            "sentence": "예시 파일 경로 및 체크섬: /srv/emuseum/private/scans/ACR-2023-00097.obj, SHA256: abcd1234...이며 저장소는 내부 격리 클러스터에 위치한다.",
            "id": "sample_035_0097_000012",
            "annotations": [
                {
                    "word": "/srv/emuseum/private/scans/ACR-2023-00097.obj",
                    "start": 16,
                    "end": 61,
                    "label": "기밀정보"
                }
            ]
        },
        {
            "sentence": "내부 저장소 접근 관련 기술 사항: 서버 IP: 10.0.0.5 및 접근 권한 목록은 보안 상 기밀로 분류된다.",
            "id": "sample_035_0097_000013",
            "annotations": [
                {
                    "word": "서버 IP: 10.0.0.5",
                    "start": 20,
                    "end": 35,
                    "label": "기밀정보"
                }
            ]
        },
        {
            "sentence": "측정 단위는 국제 표준을 따르며 치수는 mm, 무게는 g로 표기하고 Getty AAT 및 TGN 통제어휘로 표준화한다.",
            "id": "sample_035_0097_000014",
            "annotations": []
        },
        {
            "sentence": "제작연대 표기는 불확실성 범위를 병기(예: 1820–1850, 신뢰도 0.7)하고 현지어 명칭과 영문 표기를 병기한다.",
            "id": "sample_035_0097_000015",
            "annotations": []
        },
        {
            "sentence": "재료 분석(material_analysis_report)은 XRF·FTIR 데이터와 샘플 채취 위치, 샘플 질량(g) 및 실험자 기록을 포함하되 개인식별 정보는 최소화한다.",
            "id": "sample_035_0097_000016",
            "annotations": []
        },
        {
            "sentence": "보존 상태 점검(condition_checklist)은 시계열 로그로 보관되며 점검자 기록과 시점별 사진을 연동하고 변경 근거를 명확히 한다.",
            "id": "sample_035_0097_000017",
            "annotations": []
        },
        {
            "sentence": "전시 이력(exhibition_history_record)에는 대여·반출 요청서와 계약서(loan_agreement), 반입·반출 일시 및 승인자를 연결하여 추적 가능하게 한다.",
            "id": "sample_035_0097_000018",
            "annotations": []
        },
        {
            "sentence": "대여 계약 예시: 대여기관은 기관명과 연락 담당자를 제공하되 개인정보는 최소화하여 기록하고 접근 권한을 제한한다.",
            "id": "sample_035_0097_000019",
            "annotations": []
        },
        {
            "sentence": "수탁금·후원금 내역은 재무 기밀로 분류되며 본 문서에서는 후원금: ￦50,000,000(프로젝트 예산)으로 요약 기재한다.",
            "id": "sample_035_0097_000020",
            "annotations": [
                {
                    "word": "후원금: ￦50,000,000",
                    "start": 32,
                    "end": 48,
                    "label": "기밀정보"
                }
            ]
        },
        {
            "sentence": "재개발·환수 관련 서류(repatriation_case_file)는 법적 쟁점 및 관련 문서 링크를 포함하고 시스템에 '경고' 플래그를 표시한다.",
            "id": "sample_035_0097_000021",
            "annotations": []
        },
        {
            "sentence": "환수 절차 기록에는 계좌정보 및 법적 대응 문서가 포함될 수 있어 접근 권한을 제한하며 계좌번호: 111-222-333333은 별도 암호화 저장한다.",
            "id": "sample_035_0097_000022",
            "annotations": [
                {
                    "word": "계좌번호: 111-222-333333",
                    "start": 49,
                    "end": 69,
                    "label": "기밀정보"
                }
            ]
        },
        {
            "sentence": "디지털화 작업 로그(digitization_log)는 촬영시간·장비·ISO·노출값과 함께 촬영자 이름을 기록하되 공개 가능 여부를 표기한다.",
            "id": "sample_035_0097_000023",
            "annotations": []
        },
        {
            "sentence": "환경 모니터링 로그(environmental_sensor_log)는 온도(℃), 상대습도(%RH), 조도(lx), 진동 데이터의 시계열로 저장하고 보존 임계값을 설정한다.",
            "id": "sample_035_0097_000024",
            "annotations": []
        },
        {
            "sentence": "큐레이터 메모(curator_notes): 본 유물의 보존 우선순위는 샘플링 전략과 예산 제약을 고려하여 결정되며 근거 문헌을 첨부한다.",
            "id": "sample_035_0097_000025",
            "annotations": []
        },
        {
            "sentence": "방문자 상호작용 로그(visitor_interaction_log)은 개인 식별 가능 정보를 제거한 익명화 데이터로 수집하되 특정 이벤트는 준식별자 값으로 보관될 수 있다.",
            "id": "sample_035_0097_000026",
            "annotations": []
        },
        {
            "sentence": "책임자 서명 샘플: 안관영(보존과장), 서명일: 2025-01-10T14:22:00Z, 생년월일: 1985-07-20, 성별: 여성, 주소: 서울특별시 종로구",
            "id": "sample_035_0097_000027",
            "annotations": [
                {
                    "word": "안관영",
                    "start": 11,
                    "end": 14,
                    "label": "개인정보"
                },
                {
                    "word": "생년월일: 1985-07-20",
                    "start": 49,
                    "end": 65,
                    "label": "준식별자"
                },
                {
                    "word": "성별: 여성",
                    "start": 67,
                    "end": 73,
                    "label": "준식별자"
                },
                {
                    "word": "주소: 서울특별시 종로구",
                    "start": 75,
                    "end": 88,
                    "label": "준식별자"
                }
            ]
        },
        {
            "sentence": "문서 결론 및 권고: 민감 정보 접근은 '권한 없음' 또는 '커뮤니티 승인 필요' 규칙을 우선 적용하고 자동 생성 설명에는 추론과 근거 자료를 명시하라.",
            "id": "sample_035_0097_000028",
            "annotations": []
        }
    ]
}