{
    "document_id": "035_0048",
    "document_title": "소장품 035_0048 보존·출처 및 디지털 기록서",
    "data": [
        {
            "sentence": "본 문서는 소장품 035_0048의 보존·복원·출처 및 디지털 아카이브 관리를 위한 종합 기록서입니다.",
            "id": "sample_035_0048_000001",
            "annotations": []
        },
        {
            "sentence": "레코드는 CIDOC-CRM을 우선 매핑하고 Dublin Core 및 IIIF와의 상호운용성을 고려하여 설계되었습니다.",
            "id": "sample_035_0048_000002",
            "annotations": []
        },
        {
            "sentence": "책임자: 남서은, 성별: 여성, 생년월일: 1985년 7월 12일, 연락처: 010-1234-5678, 이메일: namseoeun@example.org.",
            "id": "sample_035_0048_000003",
            "annotations": [
                {
                    "word": "남서은",
                    "start": 5,
                    "end": 8,
                    "label": "개인정보"
                },
                {
                    "word": "여성",
                    "start": 14,
                    "end": 16,
                    "label": "준식별자"
                },
                {
                    "word": "1985년 7월 12일",
                    "start": 24,
                    "end": 36,
                    "label": "준식별자"
                },
                {
                    "word": "010-1234-5678",
                    "start": 43,
                    "end": 56,
                    "label": "개인정보"
                },
                {
                    "word": "namseoeun@example.org",
                    "start": 63,
                    "end": 84,
                    "label": "개인정보"
                }
            ]
        },
        {
            "sentence": "유물 고유식별자: artifact_035_0048_A01, 버전: 1.0, 타임스탬프: 2021-11-15T14:32:00Z, 책임자ID 참조 포함.",
            "id": "sample_035_0048_000004",
            "annotations": []
        },
        {
            "sentence": "출처 기록: 기부자 채동건, 거주지: 서울특별시 종로구, 직업: 교수, 기부일: 2010년 05월 20일, 증빙 문서가 첨부되어 있습니다.",
            "id": "sample_035_0048_000005",
            "annotations": [
                {
                    "word": "채동건",
                    "start": 11,
                    "end": 14,
                    "label": "개인정보"
                },
                {
                    "word": "서울특별시 종로구",
                    "start": 21,
                    "end": 30,
                    "label": "준식별자"
                },
                {
                    "word": "교수",
                    "start": 36,
                    "end": 38,
                    "label": "준식별자"
                }
            ]
        },
        {
            "sentence": "소유권 이전 기록에는 수령인 나현종(여권번호 M12345678)이 명시되어 있으며 발굴 연대는 2001년으로 표기되어 있습니다.",
            "id": "sample_035_0048_000006",
            "annotations": [
                {
                    "word": "나현종",
                    "start": 16,
                    "end": 19,
                    "label": "개인정보"
                },
                {
                    "word": "M12345678",
                    "start": 25,
                    "end": 34,
                    "label": "개인정보"
                }
            ]
        },
        {
            "sentence": "보존·복원 보고서 1.2는 주영미의 검사와 서명이 포함되어 있으며 기록은 시간순 버전으로 관리됩니다.",
            "id": "sample_035_0048_000007",
            "annotations": [
                {
                    "word": "주영미",
                    "start": 15,
                    "end": 18,
                    "label": "개인정보"
                }
            ]
        },
        {
            "sentence": "민감 문화정보: 원주민 의례 관련 자료는 공개 금지 또는 접근 제한으로 태그되어 있으며 커뮤니티 승인 필요 절차가 기록됩니다.",
            "id": "sample_035_0048_000008",
            "annotations": []
        },
        {
            "sentence": "원본 이미지 파일은 비손실 TIFF로 보관되며 저장 위치는 /srv/archive/035_0048/image.tif이고 체크섬은 SHA256:abcd1234...로 기록됩니다.",
            "id": "sample_035_0048_000009",
            "annotations": [
                {
                    "word": "/srv/archive/035_0048/image.tif",
                    "start": 33,
                    "end": 64,
                    "label": "기밀정보"
                }
            ]
        },
        {
            "sentence": "3D 스캔 모델(PLY)은 내부 서버에 저장되며 접근을 위한 서버 IP는 10.0.0.5로 지정되어 있습니다.",
            "id": "sample_035_0048_000010",
            "annotations": [
                {
                    "word": "10.0.0.5",
                    "start": 41,
                    "end": 49,
                    "label": "기밀정보"
                }
            ]
        },
        {
            "sentence": "환경 모니터링 로그에 온도 센서 ID: S-9876가 포함되며 온도·습도 기록은 시계열로 보관됩니다.",
            "id": "sample_035_0048_000011",
            "annotations": [
                {
                    "word": "S-9876",
                    "start": 22,
                    "end": 28,
                    "label": "기밀정보"
                }
            ]
        },
        {
            "sentence": "재료 분석 보고서(XRF, FTIR)는 표준화된 단위와 제어된 어휘(Getty AAT 등)로 표기되어 있습니다.",
            "id": "sample_035_0048_000012",
            "annotations": []
        },
        {
            "sentence": "전시 이력과 대여 기록은 METS 및 PREMIS 호환 메타데이터로 보존되어 상호운용성을 보장합니다.",
            "id": "sample_035_0048_000013",
            "annotations": []
        },
        {
            "sentence": "디지털화 로그에는 작업자 나승리, 촬영일: 2019년 04월 03일, 촬영 장비 및 해상도 세부사항이 포함되어 있습니다.",
            "id": "sample_035_0048_000014",
            "annotations": [
                {
                    "word": "나승리",
                    "start": 14,
                    "end": 17,
                    "label": "개인정보"
                },
                {
                    "word": "2019년 04월 03일",
                    "start": 24,
                    "end": 37,
                    "label": "준식별자"
                }
            ]
        },
        {
            "sentence": "취득 관련 법적 문서에는 기재된 기부 계좌번호 123-456-789 및 관련 계약서가 첨부되어 있습니다.",
            "id": "sample_035_0048_000015",
            "annotations": [
                {
                    "word": "123-456-789",
                    "start": 26,
                    "end": 37,
                    "label": "기밀정보"
                }
            ]
        },
        {
            "sentence": "환수·반환 사례 파일에는 관계국 및 커뮤니티 표기가 있으며 관련 연락처로 홍가현과의 협의 기록이 있습니다; 대상 국가 표기는 한국입니다.",
            "id": "sample_035_0048_000016",
            "annotations": [
                {
                    "word": "홍가현",
                    "start": 41,
                    "end": 44,
                    "label": "개인정보"
                },
                {
                    "word": "한국",
                    "start": 70,
                    "end": 72,
                    "label": "준식별자"
                }
            ]
        },
        {
            "sentence": "저작권 및 권리제한 성명은 소장 기관의 정책에 근거하여 표기되며 공개 가능한 항목과 제한 항목을 구분합니다.",
            "id": "sample_035_0048_000017",
            "annotations": []
        },
        {
            "sentence": "큐레이터 노트: 문나민(큐레이터)이 관찰한 표면 침식과 권장 복원 방법이 상세히 기재되어 있습니다.",
            "id": "sample_035_0048_000018",
            "annotations": [
                {
                    "word": "문나민",
                    "start": 9,
                    "end": 12,
                    "label": "개인정보"
                },
                {
                    "word": "큐레이터",
                    "start": 0,
                    "end": 4,
                    "label": "준식별자"
                },
                {
                    "word": "큐레이터",
                    "start": 13,
                    "end": 17,
                    "label": "준식별자"
                }
            ]
        },
        {
            "sentence": "상태 점검 체크리스트는 치수(mm), 중량(g) 등 표준 단위를 적용하여 기록됩니다.",
            "id": "sample_035_0048_000019",
            "annotations": []
        },
        {
            "sentence": "보존·복원 기록은 버전 2.1로 갱신되었으며 갱신일 2021년 11월 15일 14:32에 변경 사유와 증빙이 첨부됩니다.",
            "id": "sample_035_0048_000020",
            "annotations": []
        },
        {
            "sentence": "복원 승인 절차에는 승인자 서명으로 남서은이 기재되어 있으며 승인 이력은 불변 감사 로그로 저장됩니다.",
            "id": "sample_035_0048_000021",
            "annotations": [
                {
                    "word": "남서은",
                    "start": 20,
                    "end": 23,
                    "label": "개인정보"
                }
            ]
        },
        {
            "sentence": "대여·반출 계약서의 내부 문서 링크와 계약서 번호 LA-2020-48은 참조용으로 관리되며 필요시 검토됩니다.",
            "id": "sample_035_0048_000022",
            "annotations": [
                {
                    "word": "LA-2020-48",
                    "start": 28,
                    "end": 38,
                    "label": "기밀정보"
                }
            ]
        },
        {
            "sentence": "디지털 파일의 장기 보존을 위해 정기 마이그레이션 경로가 설정되어 있으며 원본은 /mnt/tms/collection/035_0048에 보관됩니다.",
            "id": "sample_035_0048_000023",
            "annotations": [
                {
                    "word": "/mnt/tms/collection/035_0048",
                    "start": 45,
                    "end": 73,
                    "label": "기밀정보"
                }
            ]
        },
        {
            "sentence": "외부 학술 협력 문의 담당은 오연석, 연락 이메일: ohyeonseok@museum.org로 기록되어 있습니다.",
            "id": "sample_035_0048_000024",
            "annotations": [
                {
                    "word": "오연석",
                    "start": 16,
                    "end": 19,
                    "label": "개인정보"
                },
                {
                    "word": "ohyeonseok@museum.org",
                    "start": 29,
                    "end": 50,
                    "label": "개인정보"
                }
            ]
        },
        {
            "sentence": "디지털화 우선순위는 예산 및 자원 제약을 고려하여 결정되며 예산 집행 항목으로 프로젝트 예산 50,000,000원이 명시되어 있습니다.",
            "id": "sample_035_0048_000025",
            "annotations": [
                {
                    "word": "50,000,000원",
                    "start": 52,
                    "end": 63,
                    "label": "기밀정보"
                }
            ]
        },
        {
            "sentence": "출처 체인은 불변의 이력으로 분리 저장되며 변경 시 각 변경 항목에 근거와 승인자를 명시합니다.",
            "id": "sample_035_0048_000026",
            "annotations": []
        },
        {
            "sentence": "커뮤니티 동의 기록에는 구세준과의 서면 동의가 보관되어 있으며 동의일은 2020-06-10로 표기되어 있습니다.",
            "id": "sample_035_0048_000027",
            "annotations": [
                {
                    "word": "구세준",
                    "start": 13,
                    "end": 16,
                    "label": "개인정보"
                },
                {
                    "word": "2020-06-10",
                    "start": 40,
                    "end": 50,
                    "label": "준식별자"
                }
            ]
        },
        {
            "sentence": "운영 인력 기록에는 최루이 사번 2021-0048이 포함되며 내부 권한 레벨에 따라 접근 제어가 적용됩니다.",
            "id": "sample_035_0048_000028",
            "annotations": [
                {
                    "word": "최루이",
                    "start": 11,
                    "end": 14,
                    "label": "개인정보"
                },
                {
                    "word": "2021-0048",
                    "start": 18,
                    "end": 27,
                    "label": "개인정보"
                }
            ]
        },
        {
            "sentence": "메타데이터 필드는 현지어 원문과 영문 병기를 기본으로 하며 전통문자와 전사 규칙을 병기합니다.",
            "id": "sample_035_0048_000029",
            "annotations": []
        },
        {
            "sentence": "결론 및 실행 항목: 접근 제한 태그 검토, 커뮤니티 동의 재확인, 민감정보 접근 로그의 정기 감사 일정을 수립합니다.",
            "id": "sample_035_0048_000030",
            "annotations": []
        }
    ]
}