{
    "document_id": "035_0084",
    "document_title": "소장품 통합 기록서: 035_0084 목제 옻칠 병풍 보존·출처·디지털화 보고서",
    "data": [
        {
            "sentence": "이 문서는 035_0084 소장품에 대한 종합 기록으로 CIDOC-CRM 기반 매핑과 IIIF 호환 메타데이터 요구사항을 준수합니다.",
            "id": "sample_035_0084_000001",
            "annotations": []
        },
        {
            "sentence": "문서 고유 식별자(document_id)는 035_0084이며, 각 레코드는 고유 식별자, 버전, 타임스탬프, 책임자 필드를 포함합니다.",
            "id": "sample_035_0084_000002",
            "annotations": []
        },
        {
            "sentence": "첫 번째 섹션은 artifact_catalogue_record를 포함하며, 소장품 고유번호 object_035_0084, 명칭, 제작연도 범위 및 신뢰도 점수를 명시합니다.",
            "id": "sample_035_0084_000003",
            "annotations": []
        },
        {
            "sentence": "제작연대는 1650–1675 CE(약 1650–1675, 신뢰도 0.7)로 표기하였고 원어명과 영문명을 병기했습니다.",
            "id": "sample_035_0084_000004",
            "annotations": [
                {
                    "word": "1650–1675 CE",
                    "start": 6,
                    "end": 18,
                    "label": "준식별자"
                }
            ]
        },
        {
            "sentence": "재료·기술 항목은 Getty AAT를 사용하여 목재(softwood), 옻칠(lacquer), 천연안료 등으로 표준화했습니다.",
            "id": "sample_035_0084_000005",
            "annotations": []
        },
        {
            "sentence": "출처·소유권(provenance)은 불변 체인으로 기록되며, 각 이전 소유자와 이전 날짜, 근거 문서의 식별자를 포함한 감사 로그를 유지합니다.",
            "id": "sample_035_0084_000006",
            "annotations": []
        },
        {
            "sentence": "최근 소유권 이전 기록은 2020-06-15(검증문서 ID: PROV-20200615-0350084)에 따라 등록되었습니다.",
            "id": "sample_035_0084_000007",
            "annotations": [
                {
                    "word": "2020-06-15",
                    "start": 14,
                    "end": 24,
                    "label": "준식별자"
                }
            ]
        },
        {
            "sentence": "담당 큐레이터: 진채훈, 보존책임자: 성인수, 복원 담당자 및 승인자 목록에 오해율이 포함됩니다.",
            "id": "sample_035_0084_000008",
            "annotations": [
                {
                    "word": "진채훈",
                    "start": 9,
                    "end": 12,
                    "label": "개인정보"
                },
                {
                    "word": "성인수",
                    "start": 21,
                    "end": 24,
                    "label": "개인정보"
                },
                {
                    "word": "오해율",
                    "start": 43,
                    "end": 46,
                    "label": "개인정보"
                }
            ]
        },
        {
            "sentence": "책임자 필드는 TMS와 연동되며, 서명 및 승인 메타데이터에는 담당자 이름과 소속, 서명 일시가 포함됩니다.",
            "id": "sample_035_0084_000009",
            "annotations": []
        },
        {
            "sentence": "서명 일시는 2024-11-03T14:20:00Z로 기록되었으며, 버전 관리 시스템에 의해 변경 불가능한 로그로 보존됩니다.",
            "id": "sample_035_0084_000010",
            "annotations": [
                {
                    "word": "2024-11-03T14:20:00Z",
                    "start": 7,
                    "end": 27,
                    "label": "준식별자"
                }
            ]
        },
        {
            "sentence": "보존·복원 보고서는 시계열 버전으로 저장되며 각 버전에는 변경 근거와 승인자, 승인 날짜가 필수로 기록됩니다.",
            "id": "sample_035_0084_000011",
            "annotations": []
        },
        {
            "sentence": "가장 최근 복원 보고서(V2)는 2025-01-12에 보존책임자 서명과 함께 발행되었으며, 복원 전후의 상태사진과 절차를 상세히 기술합니다.",
            "id": "sample_035_0084_000012",
            "annotations": [
                {
                    "word": "2025-01-12",
                    "start": 18,
                    "end": 28,
                    "label": "준식별자"
                }
            ]
        },
        {
            "sentence": "이미지 파일은 비손실 TIFF 형식을 권장하며 파일명 object_035_0084_v2.tif, 체크섬 sha256:3a7f...를 메타데이터에 포함합니다.",
            "id": "sample_035_0084_000013",
            "annotations": []
        },
        {
            "sentence": "이미지 원본은 내부 저장소 경로 /var/museum/archive/035/0084/object_035_0084_v2.tif에 보관되어 있으며 접근 제어가 적용됩니다.",
            "id": "sample_035_0084_000014",
            "annotations": [
                {
                    "word": "/var/museum/archive/035/0084/object_035_0084_v2.tif",
                    "start": 18,
                    "end": 69,
                    "label": "기밀정보"
                }
            ]
        },
        {
            "sentence": "3D 스캔 모델은 OBJ 및 PLY 비손실 형식으로 보존하며, 파일 크기와 전송 대역폭 제약을 고려한 샘플링 전략을 문서화했습니다.",
            "id": "sample_035_0084_000015",
            "annotations": []
        },
        {
            "sentence": "환경 모니터링 로그는 온도(°C), 습도(%RH), 조도(lux) 단위로 표준화되어 있으며, 저장소 B-2 선반 3 위치의 장치 로그를 연속 수집합니다.",
            "id": "sample_035_0084_000016",
            "annotations": []
        },
        {
            "sentence": "장비 로그의 최근 측정치는 2024-12-01 09:00 기준으로 온도 18.5°C, 습도 52%RH로 기록되어 있습니다.",
            "id": "sample_035_0084_000017",
            "annotations": [
                {
                    "word": "2024-12-01",
                    "start": 15,
                    "end": 25,
                    "label": "준식별자"
                }
            ]
        },
        {
            "sentence": "재료 분석 보고서(XRF, FTIR)는 샘플링 지점, 분석일자, 분석자 및 원자료 파일의 체크섬을 포함합니다.",
            "id": "sample_035_0084_000018",
            "annotations": []
        },
        {
            "sentence": "분석일자는 2023-06-20로 기재되어 있으며, 원자료 파일은 분석실 내부 네트워크에 저장되어 접근 로그가 남습니다.",
            "id": "sample_035_0084_000019",
            "annotations": [
                {
                    "word": "2023-06-20",
                    "start": 6,
                    "end": 16,
                    "label": "준식별자"
                }
            ]
        },
        {
            "sentence": "대여·반출 기록과 loan_agreement는 계약서 번호와 계약 시작·종료일, 상대기관 연락 담당자 명단을 포함하며 윤리 검토 기록을 첨부합니다.",
            "id": "sample_035_0084_000020",
            "annotations": []
        },
        {
            "sentence": "전시 이력 기록에는 전시명, 기간, 큐레이터 및 대여기관 정보가 포함되며, 전시 기간 중의 이동 이력과 보안 조치도 기록합니다.",
            "id": "sample_035_0084_000021",
            "annotations": []
        },
        {
            "sentence": "환수·재관 리 케이스 파일(repatriation_case_file)은 민감한 문화정보가 연루될 경우 '공개 금지' 또는 '커뮤니티 승인 필요' 태그를 자동부여합니다.",
            "id": "sample_035_0084_000022",
            "annotations": []
        },
        {
            "sentence": "민감 문화정보(원주민 의례·신성물 관련 세부사항)는 접근 제한되며 관련 커뮤니티의 동의 여부와 연락기록을 불변 이력으로 보관합니다.",
            "id": "sample_035_0084_000023",
            "annotations": []
        },
        {
            "sentence": "커뮤니티 연락 기록에는 협의 일시와 담당자 이름이 기록되며, 최근 협의는 2024-07-15에 이루어졌습니다.",
            "id": "sample_035_0084_000024",
            "annotations": [
                {
                    "word": "2024-07-15",
                    "start": 41,
                    "end": 51,
                    "label": "준식별자"
                }
            ]
        },
        {
            "sentence": "저작권 및 소유권 이슈는 rights_and_restrictions_statement로 문서화하며 법적 검토문서 링크와 내부 검토자 명단을 첨부합니다.",
            "id": "sample_035_0084_000025",
            "annotations": []
        },
        {
            "sentence": "내부 저장서버 정보는 보안상 기밀로 분류되어 있으며 예시로 저장서버 주소 10.10.48.12와 내부 경로가 기록될 수 있습니다.",
            "id": "sample_035_0084_000026",
            "annotations": [
                {
                    "word": "10.10.48.12",
                    "start": 41,
                    "end": 52,
                    "label": "기밀정보"
                }
            ]
        },
        {
            "sentence": "디지털화 우선순위는 예산과 자원 제약을 고려한 샘플링 전략에 따라 수립되며 우선순위 목록은 관리자 승인을 거칩니다.",
            "id": "sample_035_0084_000027",
            "annotations": []
        },
        {
            "sentence": "검토 및 승인자는 배은철과 홍영미가 포함되어 있으며, 모든 승인행위는 감사 로그에 의해 불변으로 보존됩니다.",
            "id": "sample_035_0084_000028",
            "annotations": [
                {
                    "word": "배은철",
                    "start": 10,
                    "end": 13,
                    "label": "개인정보"
                },
                {
                    "word": "홍영미",
                    "start": 15,
                    "end": 18,
                    "label": "개인정보"
                }
            ]
        },
        {
            "sentence": "결론 및 실행 항목에는 접근 통제 강화, 정기적 포맷 마이그레이션, 커뮤니티 협의 문서화, 그리고 외부 공유 시 민감정보 가공 지침 준수가 포함됩니다.",
            "id": "sample_035_0084_000029",
            "annotations": []
        },
        {
            "sentence": "참고자료로 CIDOC-CRM 매핑 도면, IIIF 이미지 서비스 설명서, 그리고 법적·윤리적 지침 링크를 부록으로 첨부합니다.",
            "id": "sample_035_0084_000030",
            "annotations": []
        }
    ]
}