{
    "document_id": "035_0080",
    "document_title": "국립박물관 소장품 통합관리 및 보존·복원 보고서(035_0080)",
    "data": [
        {
            "sentence": "본 문서는 CIDOC-CRM 우선 매핑 원칙에 따라 문화유산 및 박물관 과학 도메인의 메타데이터와 보존·복원 기록을 통합 관리하기 위해 작성되었다.",
            "id": "sample_035_0080_000001",
            "annotations": []
        },
        {
            "sentence": "문서는 Dublin Core, IIIF, METS, PREMIS와의 호환성을 확보하고 Getty AAT 및 TGN 등 통제어휘를 참조하도록 설계되었다.",
            "id": "sample_035_0080_000002",
            "annotations": []
        },
        {
            "sentence": "포함되는 항목은 artifact_catalogue_record, provenance_document, conservation_report, condition_checklist, high_resolution_image, three_d_scan_model 등이다.",
            "id": "sample_035_0080_000003",
            "annotations": []
        },
        {
            "sentence": "모든 레코드에는 고유 식별자, 버전, UTC 타임스탬프, 책임자 및 승인자가 포함되며 예시로 담당자: 신현자; 승인자: 송상엽을 명기한다.",
            "id": "sample_035_0080_000004",
            "annotations": [
                {
                    "word": "신현자",
                    "start": 57,
                    "end": 60,
                    "label": "개인정보"
                },
                {
                    "word": "송상엽",
                    "start": 67,
                    "end": 70,
                    "label": "개인정보"
                }
            ]
        },
        {
            "sentence": "출처·소유권 체인은 불변 이력으로 기록하며 변경 시 감사 로그와 근거 문서를 링크하고 암호화된 해시로 무결성을 검증한다.",
            "id": "sample_035_0080_000005",
            "annotations": []
        },
        {
            "sentence": "소장품 등록 예시: accession_id ART-2021-00087, 버전 1.2, 등록일 2024-11-15T10:23:45Z, 책임자: 양아인.",
            "id": "sample_035_0080_000006",
            "annotations": [
                {
                    "word": "양아인",
                    "start": 79,
                    "end": 82,
                    "label": "개인정보"
                }
            ]
        },
        {
            "sentence": "큐레이터 연락처는 메타데이터에 기록하되 접근 제어를 적용하며 예시 연락처는 신현자 이메일: shinhy@museum.kr, 휴대폰: 010-1234-5678이다.",
            "id": "sample_035_0080_000007",
            "annotations": [
                {
                    "word": "shinhy@museum.kr",
                    "start": 51,
                    "end": 67,
                    "label": "개인정보"
                },
                {
                    "word": "010-1234-5678",
                    "start": 74,
                    "end": 87,
                    "label": "개인정보"
                }
            ]
        },
        {
            "sentence": "내부 인사·권한 관리는 사번을 통해 추적하며 예시 사번: E2021-045 (담당자: 송상엽)로 버전 관리한다.",
            "id": "sample_035_0080_000008",
            "annotations": [
                {
                    "word": "E2021-045",
                    "start": 32,
                    "end": 41,
                    "label": "개인정보"
                },
                {
                    "word": "송상엽",
                    "start": 48,
                    "end": 51,
                    "label": "개인정보"
                }
            ]
        },
        {
            "sentence": "기증자 기록은 동의 기록과 함께 보관하며 예시 기증자: 양아인, 생년월일: 1978-05-12, 성별: 남성, 주소: 경상북도 안동시로 표시한다.",
            "id": "sample_035_0080_000009",
            "annotations": [
                {
                    "word": "양아인",
                    "start": 31,
                    "end": 34,
                    "label": "개인정보"
                },
                {
                    "word": "1978-05-12",
                    "start": 42,
                    "end": 52,
                    "label": "준식별자"
                },
                {
                    "word": "남성",
                    "start": 58,
                    "end": 60,
                    "label": "준식별자"
                },
                {
                    "word": "경상북도 안동시",
                    "start": 66,
                    "end": 74,
                    "label": "준식별자"
                }
            ]
        },
        {
            "sentence": "재정 관련 세부항목은 기밀로 처리하며 예시 입금계좌: 123-456-789012는 내부 기밀정보로 분류한다.",
            "id": "sample_035_0080_000010",
            "annotations": [
                {
                    "word": "123-456-789012",
                    "start": 30,
                    "end": 44,
                    "label": "기밀정보"
                }
            ]
        },
        {
            "sentence": "고해상도 마스터 파일의 저장 경로는 내부 인프라 정보로 분류되며 예시 경로: /srv/prod/collection/035/0080/master.tif는 기밀정보로 취급한다.",
            "id": "sample_035_0080_000011",
            "annotations": [
                {
                    "word": "/srv/prod/collection/035/0080/master.tif",
                    "start": 43,
                    "end": 83,
                    "label": "기밀정보"
                }
            ]
        },
        {
            "sentence": "보존·복원 보고서는 시계열 버전으로 관리하며 각 변경에는 근거, 처리방법, 승인자 서명이 포함되고 예시 승인자: 권리진으로 기록된다.",
            "id": "sample_035_0080_000012",
            "annotations": [
                {
                    "word": "권리진",
                    "start": 63,
                    "end": 66,
                    "label": "개인정보"
                }
            ]
        },
        {
            "sentence": "민감 문화정보(원주민 의례·신성물 등)는 공개 금지 또는 접근 제한 태그를 달고 커뮤니티 동의 여부와 연락기록을 필수로 기록하며 예시 연락자: 민연주, 이메일: miny@community.org, 휴대폰: 010-9876-5432이다.",
            "id": "sample_035_0080_000013",
            "annotations": [
                {
                    "word": "민연주",
                    "start": 80,
                    "end": 83,
                    "label": "개인정보"
                },
                {
                    "word": "miny@community.org",
                    "start": 90,
                    "end": 108,
                    "label": "개인정보"
                },
                {
                    "word": "010-9876-5432",
                    "start": 115,
                    "end": 128,
                    "label": "개인정보"
                }
            ]
        },
        {
            "sentence": "3D 스캔 및 고해상도 이미지는 비손실 포맷을 권장하고 파일별 체크섬(예: SHA256 e3b0c44298fc1c149afbf4c8996fb924...)을 메타데이터에 포함한다.",
            "id": "sample_035_0080_000014",
            "annotations": []
        },
        {
            "sentence": "재료·화학분석 보고서(XRF, FTIR)는 샘플 ID, 분석자, 분석일을 포함하며 예시 분석자: 유은구가 검사 책임을 진다.",
            "id": "sample_035_0080_000015",
            "annotations": [
                {
                    "word": "유은구",
                    "start": 54,
                    "end": 57,
                    "label": "개인정보"
                }
            ]
        },
        {
            "sentence": "전시 이력에는 대여자 및 연락처를 기록하되 공개 제한이 필요한 경우 익명화하며 예시 대여자: 남혁기, 이메일: namh@loan.org, 휴대폰: 010-5555-1212를 참조한다.",
            "id": "sample_035_0080_000016",
            "annotations": [
                {
                    "word": "남혁기",
                    "start": 52,
                    "end": 55,
                    "label": "개인정보"
                },
                {
                    "word": "namh@loan.org",
                    "start": 62,
                    "end": 75,
                    "label": "개인정보"
                },
                {
                    "word": "010-5555-1212",
                    "start": 82,
                    "end": 95,
                    "label": "개인정보"
                }
            ]
        },
        {
            "sentence": "대여·반출 관련 예산·계약 세부는 기밀로 분류하며 예시 계약 관련 예산 계좌번호: 987-654-321000은 내부 기밀 정보로 처리한다.",
            "id": "sample_035_0080_000017",
            "annotations": [
                {
                    "word": "987-654-321000",
                    "start": 46,
                    "end": 60,
                    "label": "기밀정보"
                }
            ]
        },
        {
            "sentence": "디지털화 로그는 촬영기기, 해상도, 촬영자, 작업시간을 기록하고 IIIF 매니페스트와 연계해 접근 제어를 설정한다.",
            "id": "sample_035_0080_000018",
            "annotations": []
        },
        {
            "sentence": "환경 모니터링 로그는 장소별 온습도·조명·진동을 시계열로 저장하며 장기 보존을 위한 임계값 초과 시 알림을 트리거한다.",
            "id": "sample_035_0080_000019",
            "annotations": []
        },
        {
            "sentence": "환수·재배치 관련 사례 파일에는 커뮤니티 대리인 정보를 기록하며 예시 대표자: 고홍태, 이메일: gohong@rep.org, 휴대폰: 010-2222-3333를 참조한다.",
            "id": "sample_035_0080_000020",
            "annotations": [
                {
                    "word": "고홍태",
                    "start": 44,
                    "end": 47,
                    "label": "개인정보"
                },
                {
                    "word": "gohong@rep.org",
                    "start": 54,
                    "end": 68,
                    "label": "개인정보"
                },
                {
                    "word": "010-2222-3333",
                    "start": 75,
                    "end": 88,
                    "label": "개인정보"
                }
            ]
        },
        {
            "sentence": "저작권·이용제한 명세서는 소유권자 및 권리범위를 명확히 하고 필요한 법적 문서를 링크하며 국립박물관 소유 표기를 사용한다.",
            "id": "sample_035_0080_000021",
            "annotations": []
        },
        {
            "sentence": "큐레이터 노트와 현장 관찰은 책임자 서명과 함께 버전 관리하며 예시 서명자 목록에 심예현 및 진시형이 포함된다.",
            "id": "sample_035_0080_000022",
            "annotations": [
                {
                    "word": "심예현",
                    "start": 46,
                    "end": 49,
                    "label": "개인정보"
                },
                {
                    "word": "진시형",
                    "start": 52,
                    "end": 55,
                    "label": "개인정보"
                }
            ]
        },
        {
            "sentence": "방문자 상호작용 로그는 개인식별이 불가능한 익명화된 포맷으로 저장하고 원본 세부사항은 접근 통제 하에 별도 보관한다.",
            "id": "sample_035_0080_000023",
            "annotations": []
        },
        {
            "sentence": "보존 정책에는 파일 포맷 마이그레이션 주기, 체크섬 재검증 주기, 복원·복제 전략이 포함되어 장기 보존성을 보장한다.",
            "id": "sample_035_0080_000024",
            "annotations": []
        },
        {
            "sentence": "저장소 정책은 TIFF 및 PDF/A 같은 비손실 포맷 우선, 정기적 마이그레이션과 백업 지침, 그리고 메타데이터 동기화를 요구한다.",
            "id": "sample_035_0080_000025",
            "annotations": []
        },
        {
            "sentence": "법적·윤리적 문서에는 법률 담당자 연락처를 기재하며 예시 법률 담당자: 홍이진, 이메일: hong@legal.org, 휴대폰: 010-4444-6666을 포함한다.",
            "id": "sample_035_0080_000026",
            "annotations": [
                {
                    "word": "홍이진",
                    "start": 40,
                    "end": 43,
                    "label": "개인정보"
                },
                {
                    "word": "hong@legal.org",
                    "start": 50,
                    "end": 64,
                    "label": "개인정보"
                },
                {
                    "word": "010-4444-6666",
                    "start": 71,
                    "end": 84,
                    "label": "개인정보"
                }
            ]
        },
        {
            "sentence": "우선순위 및 샘플링 전략은 예산·자원 제약을 고려하여 디지털화 우선순위를 정하고 커뮤니티 승인 필요 항목은 우선적으로 처리한다.",
            "id": "sample_035_0080_000027",
            "annotations": []
        },
        {
            "sentence": "결론 및 실행 항목에는 승인 절차, 책임자 서명, 커뮤니티 협의 일정이 포함되며 최종 책임자 서명은 류라경으로 기록한다.",
            "id": "sample_035_0080_000028",
            "annotations": [
                {
                    "word": "류라경",
                    "start": 56,
                    "end": 59,
                    "label": "개인정보"
                }
            ]
        }
    ]
}