{
    "document_id": "035_0037",
    "document_title": "문화유산 소장품 035_0037 종합 기록 및 보존·디지털화 보고서",
    "data": [
        {
            "sentence": "소개: 본 문서는 문화유산 관리와 박물관 과학의 통합적 데이터 관리 표준 및 운영 절차를 기술한다.",
            "id": "sample_035_0037_000001",
            "annotations": []
        },
        {
            "sentence": "문서 목적: CIDOC-CRM 우선 매핑을 기준으로 메타데이터의 상호운용성과 장기 보존성 확보를 목표로 한다.",
            "id": "sample_035_0037_000002",
            "annotations": []
        },
        {
            "sentence": "범위: 본 보고서는 소장품 카탈로그, 출처 기록, 보존·복원 리포트, 디지털화 자료 및 전시·대여 이력을 포함한다.",
            "id": "sample_035_0037_000003",
            "annotations": []
        },
        {
            "sentence": "책임자 정보는 고유 식별자, 버전, 타임스탬프와 함께 불변의 이력으로 기록되며, 현재 책임자: 장세현.",
            "id": "sample_035_0037_000004",
            "annotations": [
                {
                    "word": "장세현",
                    "start": 53,
                    "end": 56,
                    "label": "개인정보"
                }
            ]
        },
        {
            "sentence": "작성자 및 초기 입력자는 책임 추적성을 위해 기록되며, 기록자: 문예연.",
            "id": "sample_035_0037_000005",
            "annotations": [
                {
                    "word": "문예연",
                    "start": 36,
                    "end": 39,
                    "label": "개인정보"
                }
            ]
        },
        {
            "sentence": "모든 레코드는 CIDOC-CRM 항목으로 매핑하고 Dublin Core 및 IIIF 메니페스트와의 연계를 명시한다.",
            "id": "sample_035_0037_000006",
            "annotations": []
        },
        {
            "sentence": "메타데이터 필드에는 고유 식별자(PID), 버전, 생성·수정 타임스탬프(ISO 8601), 책임자 정보가 포함되어야 한다.",
            "id": "sample_035_0037_000007",
            "annotations": []
        },
        {
            "sentence": "보존·복원 기록(conservation_report)은 시계열 버전으로 관리하며 각 버전의 승인자는 명시하고, 보존 승인: 채용화.",
            "id": "sample_035_0037_000008",
            "annotations": [
                {
                    "word": "채용화",
                    "start": 69,
                    "end": 72,
                    "label": "개인정보"
                }
            ]
        },
        {
            "sentence": "condition_checklist는 측정 단위를 mm, g 등 표준 단위로 기록하고 상태 변화에 대한 수치적 로그를 포함한다.",
            "id": "sample_035_0037_000009",
            "annotations": []
        },
        {
            "sentence": "high_resolution_image 메타데이터는 비손실 포맷(TIFF/PNG), 해상도, 색공간, 파일 크기, SHA256 체크섬을 명시한다.",
            "id": "sample_035_0037_000010",
            "annotations": []
        },
        {
            "sentence": "three_d_scan_model은 비손실 3D 포맷(PLY/OBJ+MTL 권장)과 포인트/메시 세부사항, 메쉬 해상도 및 체크섬을 포함한다.",
            "id": "sample_035_0037_000011",
            "annotations": []
        },
        {
            "sentence": "디지털화 담당 및 워크플로 로그(digitization_log)는 장비, 촬영 파라미터, 운영자 정보를 포함하며 디지털화 담당: 유재완.",
            "id": "sample_035_0037_000012",
            "annotations": [
                {
                    "word": "유재완",
                    "start": 72,
                    "end": 75,
                    "label": "개인정보"
                }
            ]
        },
        {
            "sentence": "material_analysis_report는 XRF, FTIR, Raman 등 분석 기법과 측정값, 샘플링 위치 좌표 및 해석의 신뢰도를 기술한다.",
            "id": "sample_035_0037_000013",
            "annotations": []
        },
        {
            "sentence": "provenance_document는 소유권 체인과 변경 이력, 증빙 문서의 DOI 또는 파일식별자(PID)를 포함하여 불변의 감사 로그로 저장한다.",
            "id": "sample_035_0037_000014",
            "annotations": []
        },
        {
            "sentence": "accession_record와 exhibition_history_record는 취득일, 기록자, 전시기간의 범위를 기록하되 연대 불확실성은 범위로 표기한다.",
            "id": "sample_035_0037_000015",
            "annotations": []
        },
        {
            "sentence": "원본 고해상도 이미지 저장경로 및 서버 정보를 메타데이터에 포함한다: 경로 /srv/archives/collections/035_0037/master/035_0037_master.tif, 서버 10.0.0.12:/mnt/archival.",
            "id": "sample_035_0037_000016",
            "annotations": [
                {
                    "word": "/srv/archives/collections/035_0037/master/035_0037_master.tif",
                    "start": 42,
                    "end": 103,
                    "label": "기밀정보"
                },
                {
                    "word": "10.0.0.12:/mnt/archival",
                    "start": 108,
                    "end": 131,
                    "label": "기밀정보"
                }
            ]
        },
        {
            "sentence": "파일 접근은 권한 기반으로 제어하고 민감 문화정보에는 '공개 금지' 또는 '접근 제한' 태그를 적용한다.",
            "id": "sample_035_0037_000017",
            "annotations": []
        },
        {
            "sentence": "민감한 문화정보(원주민 의례·신성물 등)는 커뮤니티 동의 여부와 연락기록을 필수로 기록하고 접근 로그를 분리 보관한다.",
            "id": "sample_035_0037_000018",
            "annotations": []
        },
        {
            "sentence": "repatriation_case_file은 환수 관련 법적 문서, 커뮤니티 요청서, 협의 기록 및 시스템 경고를 포함한다.",
            "id": "sample_035_0037_000019",
            "annotations": []
        },
        {
            "sentence": "rights_and_restrictions_statement는 저작권, 사용허가, 모델 동의서, 대여 조건 및 접근 제한을 명시한다.",
            "id": "sample_035_0037_000020",
            "annotations": []
        },
        {
            "sentence": "loan_agreement는 계약서 버전, 서명자 목록, 기간, 보험 및 운송 조건을 포함하고, 원본 계약서는 이력으로 보존한다.",
            "id": "sample_035_0037_000021",
            "annotations": []
        },
        {
            "sentence": "environmental_sensor_log는 온도·습도·조명·진동 센서의 시간열 데이터를 ISO 8601 타임스탬프와 함께 저장한다.",
            "id": "sample_035_0037_000022",
            "annotations": []
        },
        {
            "sentence": "visitor_interaction_log 및 전시 관련 메타데이터는 익명화 원칙을 준수하여 개인정보가 식별되지 않도록 수집·처리한다.",
            "id": "sample_035_0037_000023",
            "annotations": []
        },
        {
            "sentence": "curator_notes는 연구 근거, 해석적 판단 및 추가 분석 권고를 CIDOC-CRM의 E31 Document로 연결한다.",
            "id": "sample_035_0037_000024",
            "annotations": []
        },
        {
            "sentence": "보존·복원 작업의 변경에는 근거 자료, 사용 약품 목록, 비용 및 승인자의 서명이 서면으로 첨부되어야 한다.",
            "id": "sample_035_0037_000025",
            "annotations": []
        },
        {
            "sentence": "데이터 포맷 정책은 정기적 마이그레이션 계획을 포함하며, 장기 보존을 위해 비손실 포맷과 복수 백업을 권장한다.",
            "id": "sample_035_0037_000026",
            "annotations": []
        },
        {
            "sentence": "운영·보안 관련 내부 경로 또는 서버 정보와 같은 기밀 항목은 시스템 경고로 표기하고 최종 승인자: 박동찬.",
            "id": "sample_035_0037_000027",
            "annotations": [
                {
                    "word": "박동찬",
                    "start": 56,
                    "end": 59,
                    "label": "개인정보"
                }
            ]
        },
        {
            "sentence": "결론 및 향후 조치: 커뮤니티 승인 절차 강화, 디지털화 우선순위 재정의, 표준화 지속 적용 및 정기 감사 일정을 권고한다.",
            "id": "sample_035_0037_000028",
            "annotations": []
        }
    ]
}