{
    "document_id": "062_0018",
    "document_title": "2026 강남 하이브리드 콘서트 운영 및 안전 계획서",
    "data": [
        {
            "sentence": "본 문서는 2026 강남 하이브리드 콘서트의 전체 운영·안전 계획을 정리한 공식 문서입니다.",
            "id": "sample_062_0018_000001",
            "annotations": []
        },
        {
            "sentence": "문서는 이벤트 메타데이터, 장소·좌석 정보, 티켓팅·결제 흐름, 인력·계약·안전 계획, 실시간 모니터링과 사후 정산을 포함합니다.",
            "id": "sample_062_0018_000002",
            "annotations": []
        },
        {
            "sentence": "이벤트 식별자(event_id)는 EVT-062-0018이며 주최 담당자는 우태혁(organizer_id: ORG-1001)이 총괄합니다.",
            "id": "sample_062_0018_000003",
            "annotations": [
                {
                    "word": "우태혁",
                    "start": 42,
                    "end": 45,
                    "label": "개인정보"
                }
            ]
        },
        {
            "sentence": "기술 총괄 및 프로덕션 매니저는 문아정이 담당하며 프로덕션 스케줄과 무대 플롯 승인 권한을 보유합니다.",
            "id": "sample_062_0018_000004",
            "annotations": [
                {
                    "word": "문아정",
                    "start": 18,
                    "end": 21,
                    "label": "개인정보"
                }
            ]
        },
        {
            "sentence": "보안팀 책임자는 박명석으로 현장 출입 통제와 응급대응 루틴을 최종 점검합니다.",
            "id": "sample_062_0018_000005",
            "annotations": [
                {
                    "word": "박명석",
                    "start": 9,
                    "end": 12,
                    "label": "개인정보"
                }
            ]
        },
        {
            "sentence": "사전 등록된 샘플 참가자 연락처는 010-0000-0001로 내부 테스트용 가상번호를 사용해 처리됩니다.",
            "id": "sample_062_0018_000006",
            "annotations": [
                {
                    "word": "010-0000-0001",
                    "start": 19,
                    "end": 32,
                    "label": "개인정보"
                }
            ]
        },
        {
            "sentence": "주최 조직 연락 이메일은 wt_organizer@example.com 로 표기하며 외부 통신은 암호화 채널로 전달됩니다.",
            "id": "sample_062_0018_000007",
            "annotations": [
                {
                    "word": "wt_organizer@example.com",
                    "start": 14,
                    "end": 38,
                    "label": "개인정보"
                }
            ]
        },
        {
            "sentence": "스태프 식별용 사번 예시는 사번: S-2026-015 형태로 내부 접근 제어와 매핑되어 관리됩니다.",
            "id": "sample_062_0018_000008",
            "annotations": [
                {
                    "word": "S-2026-015",
                    "start": 19,
                    "end": 29,
                    "label": "개인정보"
                }
            ]
        },
        {
            "sentence": "참가자 준식별자 예시로 생년월일(연)을 별도 필드로 보관하며 예시는 1990으로 표기합니다.",
            "id": "sample_062_0018_000009",
            "annotations": [
                {
                    "word": "1990",
                    "start": 38,
                    "end": 42,
                    "label": "준식별자"
                }
            ]
        },
        {
            "sentence": "생년월일(월) 예시는 05로 분리 저장하여 익명화 및 재식별 위험을 낮춥니다.",
            "id": "sample_062_0018_000010",
            "annotations": [
                {
                    "word": "05",
                    "start": 12,
                    "end": 14,
                    "label": "준식별자"
                }
            ]
        },
        {
            "sentence": "생년월일(일) 예시는 12로 표기하며 날짜 구성 요소는 별도 컬럼으로 관리합니다.",
            "id": "sample_062_0018_000011",
            "annotations": [
                {
                    "word": "12",
                    "start": 12,
                    "end": 14,
                    "label": "준식별자"
                }
            ]
        },
        {
            "sentence": "참가자 주소의 시 정보 예시는 서울특별시로 저장되며 지역별 법규 검증에 사용합니다.",
            "id": "sample_062_0018_000012",
            "annotations": [
                {
                    "word": "서울특별시",
                    "start": 17,
                    "end": 22,
                    "label": "준식별자"
                }
            ]
        },
        {
            "sentence": "참가자 주소의 군/구 정보 예시는 강남구로 기입하여 장소 허용 인원 및 소음 규제 매핑에 활용합니다.",
            "id": "sample_062_0018_000013",
            "annotations": [
                {
                    "word": "강남구",
                    "start": 19,
                    "end": 22,
                    "label": "준식별자"
                }
            ]
        },
        {
            "sentence": "참가자 주소의 동/읍/면 정보 예시는 역삼동으로 세부 지역 리스크 분석에 연결합니다.",
            "id": "sample_062_0018_000014",
            "annotations": [
                {
                    "word": "역삼동",
                    "start": 21,
                    "end": 24,
                    "label": "준식별자"
                }
            ]
        },
        {
            "sentence": "준식별자 항목으로 성별은 여성/남성으로 구분하여 통계적 집계에 활용합니다.",
            "id": "sample_062_0018_000015",
            "annotations": [
                {
                    "word": "여성",
                    "start": 14,
                    "end": 16,
                    "label": "준식별자"
                }
            ]
        },
        {
            "sentence": "참가자·출연자 직업 정보 예시는 프로듀서 같은 직업 분류를 준식별자 필드로 처리합니다.",
            "id": "sample_062_0018_000016",
            "annotations": [
                {
                    "word": "프로듀서",
                    "start": 18,
                    "end": 22,
                    "label": "준식별자"
                }
            ]
        },
        {
            "sentence": "재무 비밀은 토큰화된 계좌 식별자를 사용하며 예시는 계좌_토큰: [ACCOUNT_TOKEN_0001] 로 표기합니다.",
            "id": "sample_062_0018_000017",
            "annotations": [
                {
                    "word": "[ACCOUNT_TOKEN_0001]",
                    "start": 36,
                    "end": 56,
                    "label": "기밀정보"
                }
            ]
        },
        {
            "sentence": "결제는 PCI 규격에 맞게 결제 토큰화만 저장하며 예시 토큰은 payment_token: tok_pay_0001 입니다.",
            "id": "sample_062_0018_000018",
            "annotations": [
                {
                    "word": "tok_pay_0001",
                    "start": 50,
                    "end": 62,
                    "label": "기밀정보"
                }
            ]
        },
        {
            "sentence": "시스템 레퍼런스 및 내부 네트워크 정보는 비공개로 분류하며 예시 내부서버 IP: 10.10.32.5 를 문서화합니다.",
            "id": "sample_062_0018_000019",
            "annotations": [
                {
                    "word": "10.10.32.5",
                    "start": 45,
                    "end": 55,
                    "label": "기밀정보"
                }
            ]
        },
        {
            "sentence": "예산 총액은 통화코드와 소수점 단위를 포함해 기록하며 예시는 budget_total: 125000.00 USD 로 명시합니다.",
            "id": "sample_062_0018_000020",
            "annotations": [
                {
                    "word": "125000.00 USD",
                    "start": 48,
                    "end": 61,
                    "label": "기밀정보"
                }
            ]
        },
        {
            "sentence": "공급업체 계약 식별자는 vendor_contract_id: VC-2026-77 로 관리하며 계약서 버전·서명자를 연계합니다.",
            "id": "sample_062_0018_000021",
            "annotations": [
                {
                    "word": "VC-2026-77",
                    "start": 33,
                    "end": 43,
                    "label": "기밀정보"
                }
            ]
        },
        {
            "sentence": "보험증권 식별자는 insurance_policy_id: INS-2026-9001 로 기록하고 보상 한도 및 유효기간을 메타로 저장합니다.",
            "id": "sample_062_0018_000022",
            "annotations": [
                {
                    "word": "INS-2026-9001",
                    "start": 31,
                    "end": 44,
                    "label": "기밀정보"
                }
            ]
        },
        {
            "sentence": "비공개 문서 URL 및 내부 스토리지는 예시 s3://private-bucket/event/062_0018/contract_v1.pdf 로 버전관리합니다.",
            "id": "sample_062_0018_000023",
            "annotations": [
                {
                    "word": "s3://private-bucket/event/062_0018/contract_v1.pdf",
                    "start": 25,
                    "end": 75,
                    "label": "기밀정보"
                }
            ]
        },
        {
            "sentence": "내부 결재선과 보안 절차는 기밀로 분류하며 예시 비공개 결재선: 예산승인_레벨3 로 표기합니다.",
            "id": "sample_062_0018_000024",
            "annotations": [
                {
                    "word": "예산승인_레벨3",
                    "start": 36,
                    "end": 44,
                    "label": "기밀정보"
                }
            ]
        },
        {
            "sentence": "티켓 카테고리는 VIP, GA 등으로 구분하고 티켓 재고는 원자적 업데이트가 필요해 ticket_stock: VIP=50, GA=1200 으로 관리합니다.",
            "id": "sample_062_0018_000025",
            "annotations": []
        },
        {
            "sentence": "현장 운영 주요 인력으로 현장 운영 책임자: 채요한, 백스테이지 매니저: 공유선, 무대감독: 지하담 를 지정합니다.",
            "id": "sample_062_0018_000026",
            "annotations": [
                {
                    "word": "채요한",
                    "start": 25,
                    "end": 28,
                    "label": "개인정보"
                },
                {
                    "word": "공유선",
                    "start": 41,
                    "end": 44,
                    "label": "개인정보"
                },
                {
                    "word": "지하담",
                    "start": 52,
                    "end": 55,
                    "label": "개인정보"
                }
            ]
        },
        {
            "sentence": "실시간 센서·카메라 피드는 원본 스트림과 분 단위 요약을 모두 저장하고 개인정보 보호를 위해 얼굴 블러링을 적용합니다.",
            "id": "sample_062_0018_000027",
            "annotations": []
        },
        {
            "sentence": "행사 종료 후 정산 및 안전 점검은 조경철에게 위임하고 자료 제출은 채은솔이 담당하는 것으로 액션 아이템을 배정합니다.",
            "id": "sample_062_0018_000028",
            "annotations": [
                {
                    "word": "조경철",
                    "start": 20,
                    "end": 23,
                    "label": "개인정보"
                },
                {
                    "word": "채은솔",
                    "start": 38,
                    "end": 41,
                    "label": "개인정보"
                }
            ]
        }
    ]
}