{
    "document_id": "062_0100",
    "document_title": "서울 라이브 페스티벌 2026 운영·기획 종합 문서",
    "data": [
        {
            "sentence": "본 문서는 2026년 봄 서울 일대에서 개최되는 '서울 라이브 페스티벌 2026'의 종합 기획·운영 문서입니다.",
            "id": "sample_062_0100_000001",
            "annotations": []
        },
        {
            "sentence": "event_id는 EVT-2026-001로 설정되어 있으며 내부 추적 및 로그 수집에 사용됩니다.",
            "id": "sample_062_0100_000002",
            "annotations": []
        },
        {
            "sentence": "event_name: 서울 라이브 페스티벌 2026, event_type: 콘서트/페스티벌로 분류하여 카테고리와 일정 템플릿을 적용합니다.",
            "id": "sample_062_0100_000003",
            "annotations": []
        },
        {
            "sentence": "행사 일정은 start_datetime: 2026-05-15T18:00:00+09:00, end_datetime: 2026-05-16T23:00:00+09:00로 표기되며 timezone은 Asia/Seoul입니다.",
            "id": "sample_062_0100_000004",
            "annotations": []
        },
        {
            "sentence": "주최자(organizer_id: ORG-045, organizer_name: 장영후)가 총괄 책임을 맡아 운영 및 외부 협의를 조정합니다.",
            "id": "sample_062_0100_000005",
            "annotations": [
                {
                    "word": "장영후",
                    "start": 43,
                    "end": 46,
                    "label": "개인정보"
                }
            ]
        },
        {
            "sentence": "장소(venue_id: VEN-110, venue_name: 한강공원 야외무대)는 venue_capacity: 25000명을 수용하도록 허가받았으며 안전 통로를 확보했습니다.",
            "id": "sample_062_0100_000006",
            "annotations": []
        },
        {
            "sentence": "주소는 서울특별시 강남구 역삼동으로 등록되었으며(시: 서울특별시, 군/구: 강남구, 동: 역삼동) 안전 통로와 수용 인원 기준에 따라 검증합니다.",
            "id": "sample_062_0100_000007",
            "annotations": [
                {
                    "word": "서울특별시",
                    "start": 4,
                    "end": 9,
                    "label": "준식별자"
                },
                {
                    "word": "서울특별시",
                    "start": 30,
                    "end": 35,
                    "label": "준식별자"
                },
                {
                    "word": "강남구",
                    "start": 10,
                    "end": 13,
                    "label": "준식별자"
                },
                {
                    "word": "강남구",
                    "start": 42,
                    "end": 45,
                    "label": "준식별자"
                },
                {
                    "word": "역삼동",
                    "start": 14,
                    "end": 17,
                    "label": "준식별자"
                },
                {
                    "word": "역삼동",
                    "start": 50,
                    "end": 53,
                    "label": "준식별자"
                }
            ]
        },
        {
            "sentence": "seating_chart_url: https://public-assets.example.com/seating/ev_2026_map.svg는 접근 권한과 버전 관리를 적용해 저장합니다.",
            "id": "sample_062_0100_000008",
            "annotations": []
        },
        {
            "sentence": "ticketing_provider: TixCorp, ticket_categories: [General, VIP, Press], ticket_price_currency: KRW, ticket_stock: General=20000, VIP=3000, Press=100으로 관리합니다.",
            "id": "sample_062_0100_000009",
            "annotations": []
        },
        {
            "sentence": "티켓 결제는 결제 토큰(payment_token: pay_tok_9a8b7c)을 사용하며 실제 카드번호는 저장하지 않고 PCI 규격에 따른 토큰화만 기록합니다.",
            "id": "sample_062_0100_000010",
            "annotations": [
                {
                    "word": "pay_tok_9a8b7c",
                    "start": 28,
                    "end": 42,
                    "label": "기밀정보"
                }
            ]
        },
        {
            "sentence": "동시성 고려를 위해 ticket_stock 업데이트는 원자적 트랜잭션과 낙관적 잠금으로 처리하며 이벤트 소싱 로그를 병행 저장합니다.",
            "id": "sample_062_0100_000011",
            "annotations": []
        },
        {
            "sentence": "최근 거래 예시(transaction_id: TX-20260515-00077)는 환불 처리 이력과 매핑되어 보존되며 감사 로그에 포함됩니다.",
            "id": "sample_062_0100_000012",
            "annotations": [
                {
                    "word": "TX-20260515-00077",
                    "start": 25,
                    "end": 42,
                    "label": "기밀정보"
                }
            ]
        },
        {
            "sentence": "참가자(attendee_id: ATT-2026-0001, attendee_name: 김현수)는 연락처 attendee_contact: PHONE_TOKEN_PT-0001 및 이메일 attendee_email: EMAIL_TOKEN_ET-0001로 익명화되어 기록됩니다.",
            "id": "sample_062_0100_000013",
            "annotations": [
                {
                    "word": "ATT-2026-0001",
                    "start": 17,
                    "end": 30,
                    "label": "개인정보"
                },
                {
                    "word": "김현수",
                    "start": 47,
                    "end": 50,
                    "label": "개인정보"
                },
                {
                    "word": "PHONE_TOKEN_PT-0001",
                    "start": 75,
                    "end": 94,
                    "label": "개인정보"
                },
                {
                    "word": "EMAIL_TOKEN_ET-0001",
                    "start": 117,
                    "end": 136,
                    "label": "개인정보"
                }
            ]
        },
        {
            "sentence": "출생일은 1990-05-12로 수집되어 연도/월/일(1990, 05, 12) 단위로 준식별자 처리를 수행합니다.",
            "id": "sample_062_0100_000014",
            "annotations": [
                {
                    "word": "1990",
                    "start": 5,
                    "end": 9,
                    "label": "준식별자"
                },
                {
                    "word": "1990",
                    "start": 29,
                    "end": 33,
                    "label": "준식별자"
                },
                {
                    "word": "05",
                    "start": 10,
                    "end": 12,
                    "label": "준식별자"
                },
                {
                    "word": "05",
                    "start": 35,
                    "end": 37,
                    "label": "준식별자"
                },
                {
                    "word": "12",
                    "start": 13,
                    "end": 15,
                    "label": "준식별자"
                },
                {
                    "word": "12",
                    "start": 39,
                    "end": 41,
                    "label": "준식별자"
                }
            ]
        },
        {
            "sentence": "스태프(staff_id: STF-009, 이름: 백해정, 역할: 무대감독)는 출입 통제와 운영 지시에 따라 배치되며 권한 기반 접근 제어가 적용됩니다.",
            "id": "sample_062_0100_000015",
            "annotations": [
                {
                    "word": "STF-009",
                    "start": 14,
                    "end": 21,
                    "label": "개인정보"
                },
                {
                    "word": "백해정",
                    "start": 27,
                    "end": 30,
                    "label": "개인정보"
                }
            ]
        },
        {
            "sentence": "벤더(vendor_id: VND-77, vendor_contract_id: VC-2025-078)는 장비 렌탈과 관련된 계약서를 포함하고 기밀로 분류하며 계약서는 버전관리됩니다.",
            "id": "sample_062_0100_000016",
            "annotations": [
                {
                    "word": "VND-77",
                    "start": 14,
                    "end": 20,
                    "label": "기밀정보"
                },
                {
                    "word": "VC-2025-078",
                    "start": 42,
                    "end": 53,
                    "label": "기밀정보"
                }
            ]
        },
        {
            "sentence": "기술 문서(stage_plot_file: https://internal.acme.local/stage_plot_v2.pdf)는 내부망에 저장되며 접근 로그 및 감사 트레일을 통해 변경 이력을 관리합니다.",
            "id": "sample_062_0100_000017",
            "annotations": [
                {
                    "word": "https://internal.acme.local/stage_plot_v2.pdf",
                    "start": 23,
                    "end": 68,
                    "label": "기밀정보"
                }
            ]
        },
        {
            "sentence": "사운드체크 일정(soundcheck_schedule)은 2026-05-15T10:00:00+09:00에 잡혀 있으며 production_schedule과 run_of_show는 내부 링크로 연결됩니다.",
            "id": "sample_062_0100_000018",
            "annotations": []
        },
        {
            "sentence": "안전 계획(safety_plan_document: https://internal.acme.local/safety_plan_v1.pdf)은 소방·의료 대응과 집회 허가 조건을 반영하여 버전별로 보관합니다.",
            "id": "sample_062_0100_000019",
            "annotations": [
                {
                    "word": "https://internal.acme.local/safety_plan_v1.pdf",
                    "start": 28,
                    "end": 74,
                    "label": "기밀정보"
                }
            ]
        },
        {
            "sentence": "보험 정보(insurance_policy_id: INS-2025-990)는 행사 전 보험사와 협의해 최종 확정하며 보험증권을 스캔해 보관합니다.",
            "id": "sample_062_0100_000020",
            "annotations": [
                {
                    "word": "INS-2025-990",
                    "start": 27,
                    "end": 39,
                    "label": "기밀정보"
                }
            ]
        },
        {
            "sentence": "허가서 목록(permit_ids): [P-2025-077, P-2025-078]은 관련 기관 승인 번호로 내부 기록에 포함되어 법적 요건 검증에 사용됩니다.",
            "id": "sample_062_0100_000021",
            "annotations": [
                {
                    "word": "P-2025-077",
                    "start": 21,
                    "end": 31,
                    "label": "기밀정보"
                },
                {
                    "word": "P-2025-078",
                    "start": 33,
                    "end": 43,
                    "label": "기밀정보"
                }
            ]
        },
        {
            "sentence": "예산 총액(budget_total): KRW 25,000,000.00으로 산정되었고 세부 expense_items에는 장비임대, 인건비, 보안비가 포함됩니다.",
            "id": "sample_062_0100_000022",
            "annotations": [
                {
                    "word": "KRW 25,000,000.00",
                    "start": 21,
                    "end": 38,
                    "label": "기밀정보"
                }
            ]
        },
        {
            "sentence": "후원사 목록(sponsor_list): [ACME Corp, NovaMedia]과 sponsor_deliverables는 협약서에 근거해 정리되며 공개·비공개 항목을 구분합니다.",
            "id": "sample_062_0100_000023",
            "annotations": []
        },
        {
            "sentence": "주차 및 교통 계획(parking_plan, transport_plan)은 인근 도로 통제와 셔틀 운영을 포함하며 접근성 요구사항(accessibility_requirements)은 별도 표준을 따릅니다.",
            "id": "sample_062_0100_000024",
            "annotations": []
        },
        {
            "sentence": "라이브 스트림(live_stream_url)은 CDN용 공개 주소와 내부 모니터링용 sensor_telemetry_feed: rtmp://stream.internal/venue1으로 이원화해 저장됩니다.",
            "id": "sample_062_0100_000025",
            "annotations": [
                {
                    "word": "rtmp://stream.internal/venue1",
                    "start": 70,
                    "end": 99,
                    "label": "기밀정보"
                }
            ]
        },
        {
            "sentence": "실시간 센서 및 카메라 데이터는 원본 스트림과 분 단위 집계(summary_minute_metrics)를 모두 보관하되, 개인정보 보호를 위해 얼굴은 블러 처리합니다.",
            "id": "sample_062_0100_000026",
            "annotations": []
        },
        {
            "sentence": "인시던트 보고서(incident_report_id: IR-20260515-03)는 안전팀이 조사 후 버전 관리와 함께 보관하며 접근 권한을 제한합니다.",
            "id": "sample_062_0100_000027",
            "annotations": [
                {
                    "word": "IR-20260515-03",
                    "start": 29,
                    "end": 43,
                    "label": "기밀정보"
                }
            ]
        },
        {
            "sentence": "정산 보고서(financial_settlement_report)는 event_id와 매칭되어 감사 기록으로 보존되며 post_event_survey_link는 익명 응답으로 처리됩니다.",
            "id": "sample_062_0100_000028",
            "annotations": []
        },
        {
            "sentence": "내부 모니터링 대상 서버의 내부 IP 주소(10.8.12.34)는 네트워크 접근 제어 및 모니터링 정책에 따라 관리됩니다.",
            "id": "sample_062_0100_000029",
            "annotations": [
                {
                    "word": "10.8.12.34",
                    "start": 24,
                    "end": 34,
                    "label": "기밀정보"
                }
            ]
        }
    ]
}