{
    "document_id": "062_0043",
    "document_title": "라이브 페스티벌 운영 및 안전관리 종합계획서",
    "data": [
        {
            "sentence": "본 문서는 대형 라이브 페스티벌의 기획, 운영, 안전관리 및 재무정산 절차를 총괄하는 종합계획서입니다.",
            "id": "sample_062_0043_000001",
            "annotations": []
        },
        {
            "sentence": "적용 범위는 콘서트, 페스티벌, 기업 이벤트 등 오프라인 및 하이브리드 라이브 이벤트 전 과정입니다.",
            "id": "sample_062_0043_000002",
            "annotations": []
        },
        {
            "sentence": "기본 메타데이터: event_id EVT-2026-045, event_name 2026 썸머 나이트 페스티벌, organizer_name 엄재민.",
            "id": "sample_062_0043_000003",
            "annotations": [
                {
                    "word": "엄재민",
                    "start": 77,
                    "end": 80,
                    "label": "개인정보"
                }
            ]
        },
        {
            "sentence": "주최자 연락처는 운영상 필요로 하며 내부 기록에는 암·복호화된 형태로 보관하며 예시 연락처 010-1234-5678는 문서 참조용으로만 표기합니다.",
            "id": "sample_062_0043_000004",
            "annotations": [
                {
                    "word": "010-1234-5678",
                    "start": 51,
                    "end": 64,
                    "label": "개인정보"
                }
            ]
        },
        {
            "sentence": "일정은 start_datetime 2026-05-14T18:00:00+09:00 (KST), end_datetime 2026-05-15T23:00:00+09:00 (KST)로 표준 ISO8601·타임존을 함께 기재합니다.",
            "id": "sample_062_0043_000005",
            "annotations": []
        },
        {
            "sentence": "장소 정보: venue_id VEN-122, venue_name 그랜드 아레나, venue_address 서울시 강남구 테헤란로 123, venue_capacity 25,000명으로 기록합니다.",
            "id": "sample_062_0043_000006",
            "annotations": [
                {
                    "word": "서울시 강남구 테헤란로 123",
                    "start": 59,
                    "end": 75,
                    "label": "준식별자"
                }
            ]
        },
        {
            "sentence": "좌석 배치 및 안전 동선은 seating_chart_url https://cdn.vendor.com/seating/evt2026_plan.svg에 버전과 검수일을 포함해 저장합니다.",
            "id": "sample_062_0043_000007",
            "annotations": []
        },
        {
            "sentence": "티켓팅은 ticketing_provider FastTix를 사용하며 ticket_categories 스탠딩, 지정석, VIP로 구분하고 예시 attendee_name 박하운은 지정석 구매자로 기재됩니다.",
            "id": "sample_062_0043_000008",
            "annotations": [
                {
                    "word": "박하운",
                    "start": 93,
                    "end": 96,
                    "label": "개인정보"
                }
            ]
        },
        {
            "sentence": "참가자 연락처는 PII로 분류되어 암호화 저장합니다; 예시 attendee_contact parkhaun@example.com은 샘플 데이터 표기입니다.",
            "id": "sample_062_0043_000009",
            "annotations": [
                {
                    "word": "parkhaun@example.com",
                    "start": 50,
                    "end": 70,
                    "label": "개인정보"
                }
            ]
        },
        {
            "sentence": "스태프 정보 예: staff_id ST-204, staff_name 최윤주, role 무대감독으로 계약서와 서명일자 메타데이터를 함께 보관합니다.",
            "id": "sample_062_0043_000010",
            "annotations": [
                {
                    "word": "최윤주",
                    "start": 38,
                    "end": 41,
                    "label": "개인정보"
                }
            ]
        },
        {
            "sentence": "협력업체는 vendor_id VEND-88로 관리하고 장비 렌탈, 케이터링, 보안 등 공급업체별 계약을 참조무결성으로 연결합니다.",
            "id": "sample_062_0043_000011",
            "annotations": []
        },
        {
            "sentence": "결제 트랜잭션 예시로 transaction_id TXN-9F8B-3C를 로그에 남기며 결제 토큰과 PCI-DSS 준수 포맷으로 모델링합니다.",
            "id": "sample_062_0043_000012",
            "annotations": [
                {
                    "word": "TXN-9F8B-3C",
                    "start": 27,
                    "end": 38,
                    "label": "기밀정보"
                }
            ]
        },
        {
            "sentence": "티켓 단가와 통화는 ticket_price_currency KRW로 표준화하고 가격, 할인, 환불 규칙과 세금 메타를 연동합니다.",
            "id": "sample_062_0043_000013",
            "annotations": []
        },
        {
            "sentence": "티켓 재고 ticket_stock은 원자적 업데이트와 낙관적 잠금으로 동시성 충돌을 방지하며 스파이크 트래픽 시 이벤트 소싱으로 보상 처리합니다.",
            "id": "sample_062_0043_000014",
            "annotations": []
        },
        {
            "sentence": "공급업체 계약서는 vendor_contract_id VC-2025-0009로 버전관리와 서명자, 발급일자를 메타로 보관합니다.",
            "id": "sample_062_0043_000015",
            "annotations": [
                {
                    "word": "VC-2025-0009",
                    "start": 29,
                    "end": 41,
                    "label": "기밀정보"
                }
            ]
        },
        {
            "sentence": "보험 문서는 insurance_policy_id INS-78A-2025로 식별하고 보험증권 사본과 유효기간을 감사추적(audit trail) 합니다.",
            "id": "sample_062_0043_000016",
            "annotations": [
                {
                    "word": "INS-78A-2025",
                    "start": 27,
                    "end": 39,
                    "label": "기밀정보"
                }
            ]
        },
        {
            "sentence": "허가 관련 문서 permit_ids PERMIT-2025-045 등은 발급기관, 발급일자, 만료일을 포함해 중앙 리포지토리에서 관리합니다.",
            "id": "sample_062_0043_000017",
            "annotations": [
                {
                    "word": "PERMIT-2025-045",
                    "start": 20,
                    "end": 35,
                    "label": "기밀정보"
                }
            ]
        },
        {
            "sentence": "안전 계획은 safety_plan_document 파일과 소방, 의료, 대피로 시나리오를 포함하며 최대 수용 인원과 안전 통로 우선 검증을 규칙으로 둡니다.",
            "id": "sample_062_0043_000018",
            "annotations": []
        },
        {
            "sentence": "무대 문서(stage_plot_file), 기술 라이더, 라이트 및 사운드 라우팅은 파일 버전과 변경 이력을 함께 저장합니다.",
            "id": "sample_062_0043_000019",
            "annotations": []
        },
        {
            "sentence": "예산과 정산: budget_total KRW 350000000.00, 주요 expense_items 장비임대, 인건비, 보안비용, 결제 정산을 위해 계좌정보를 회계 시스템에 암호화 보관합니다; 예시 계좌번호 101-234567-01.",
            "id": "sample_062_0043_000020",
            "annotations": [
                {
                    "word": "101-234567-01",
                    "start": 116,
                    "end": 129,
                    "label": "기밀정보"
                }
            ]
        },
        {
            "sentence": "스폰서 목록 sponsor_list 및 sponsor_deliverables는 계약 이행 상태와 납품 일자를 추적하도록 모델링합니다.",
            "id": "sample_062_0043_000021",
            "annotations": []
        },
        {
            "sentence": "실시간 모니터링은 sensor_telemetry_feed 원본 스트림과 분 단위 집계 요약을 병행 저장하며 내부 스트림 예시 rtmp://10.0.0.5/live/stream1은 보안 URL로 분류합니다.",
            "id": "sample_062_0043_000022",
            "annotations": [
                {
                    "word": "rtmp://10.0.0.5/live/stream1",
                    "start": 70,
                    "end": 98,
                    "label": "기밀정보"
                }
            ]
        },
        {
            "sentence": "라이브 중계용 public live_stream_url은 https://youtube.com/watch?v=live12345로 별도 접근정책을 적용해 외부 공개용과 내부 원본을 분리합니다.",
            "id": "sample_062_0043_000023",
            "annotations": []
        },
        {
            "sentence": "운영 로그와 인시던트는 incident_report_id IR-2026-004로 식별하여 조사 기록과 증거 데이터를 장기 보존합니다.",
            "id": "sample_062_0043_000024",
            "annotations": [
                {
                    "word": "IR-2026-004",
                    "start": 32,
                    "end": 43,
                    "label": "기밀정보"
                }
            ]
        },
        {
            "sentence": "행사 후 설문 및 정성 분석은 post_event_survey_link https://survey.company.com/evt2026와 재무 정산 리포트 financial_settlement_report을 연결합니다.",
            "id": "sample_062_0043_000025",
            "annotations": []
        },
        {
            "sentence": "문서 및 계약의 변경은 변경 이력과 버전관리, 서명자 로그를 유지하며 접근권한은 최소권한 원칙으로 통제합니다.",
            "id": "sample_062_0043_000026",
            "annotations": []
        },
        {
            "sentence": "교통·주차 계획 parking_plan과 transport_plan은 셔틀 운영, 도로 통제, 인근 대중교통 안내를 포함해 리스크 테이블과 연동해 자동 알림을 제공합니다.",
            "id": "sample_062_0043_000027",
            "annotations": []
        },
        {
            "sentence": "결론 및 액션: 운영책임자 전지영은 본 계획의 실행과 안전 점검을 총괄하며 후속 감사와 개선안을 제출합니다.",
            "id": "sample_062_0043_000028",
            "annotations": [
                {
                    "word": "전지영",
                    "start": 15,
                    "end": 18,
                    "label": "개인정보"
                }
            ]
        }
    ]
}