{
    "document_id": "062_0070",
    "document_title": "한류 뮤직 페스타 2026 운영 및 안전관리 매뉴얼",
    "data": [
        {
            "sentence": "본 문서는 2026-06-12에 개최되는 '한류 뮤직 페스타 2026'의 이벤트 기획 및 라이브 운영 매뉴얼입니다.",
            "id": "sample_062_0070_000001",
            "annotations": []
        },
        {
            "sentence": "이벤트 기본 식별자는 EVT-062-0070이며, 전체 일정은 2026-06-12T18:00:00+09:00부터 2026-06-12T23:30:00+09:00까지이며 timezone은 Asia/Seoul로 표기합니다.",
            "id": "sample_062_0070_000002",
            "annotations": []
        },
        {
            "sentence": "주최자 정보는 organizer_id ORG-0042, organizer_name 허의진, 연락처 010-1111-2222, 이메일 heojin@example.com으로 기록되어 있으며 연락처와 이메일은 접근제어 대상입니다.",
            "id": "sample_062_0070_000003",
            "annotations": [
                {
                    "word": "허의진",
                    "start": 46,
                    "end": 49,
                    "label": "개인정보"
                },
                {
                    "word": "010-1111-2222",
                    "start": 55,
                    "end": 68,
                    "label": "개인정보"
                },
                {
                    "word": "heojin@example.com",
                    "start": 74,
                    "end": 92,
                    "label": "개인정보"
                }
            ]
        },
        {
            "sentence": "장소는 venue_id VNU-062, venue_name '마포 라이브파크', 수용인원 venue_capacity 12000명, 주소(시) 서울특별시, 주소(구) 마포구로 등록되어 있고 좌석 배치도는 https://internal-storage.company/seating/062_0070_v1.png에 보관합니다.",
            "id": "sample_062_0070_000004",
            "annotations": [
                {
                    "word": "서울특별시",
                    "start": 79,
                    "end": 84,
                    "label": "준식별자"
                },
                {
                    "word": "마포구",
                    "start": 92,
                    "end": 95,
                    "label": "준식별자"
                },
                {
                    "word": "https://internal-storage.company/seating/062_0070_v1.png",
                    "start": 113,
                    "end": 169,
                    "label": "기밀정보"
                }
            ]
        },
        {
            "sentence": "티켓팅은 ticketing_provider 'TicketFlow'에서 운영하며 티켓 카테고리 ticket_categories는 VIP, R석, S석, 일반이고 ticket_price_currency는 KRW입니다.",
            "id": "sample_062_0070_000005",
            "annotations": []
        },
        {
            "sentence": "티켓 재고는 카테고리별로 ticket_stock을 분리 관리하며 예시 트랜잭션 transaction_id TXN-20260612-0001은 결제토큰 payment_token paytok_0001로 처리되어 실제 카드번호는 저장하지 않습니다.",
            "id": "sample_062_0070_000006",
            "annotations": [
                {
                    "word": "TXN-20260612-0001",
                    "start": 59,
                    "end": 76,
                    "label": "기밀정보"
                },
                {
                    "word": "paytok_0001",
                    "start": 97,
                    "end": 108,
                    "label": "기밀정보"
                }
            ]
        },
        {
            "sentence": "참가자 정보 예시는 attendee_id ATT-0001, attendee_name 류소미, 연락처 010-9876-5432, 이메일 ryusomi@example.com, 성별 여성으로 저장되며 PII는 암호화하여 보관합니다.",
            "id": "sample_062_0070_000007",
            "annotations": [
                {
                    "word": "ATT-0001",
                    "start": 23,
                    "end": 31,
                    "label": "개인정보"
                },
                {
                    "word": "류소미",
                    "start": 47,
                    "end": 50,
                    "label": "개인정보"
                },
                {
                    "word": "010-9876-5432",
                    "start": 56,
                    "end": 69,
                    "label": "개인정보"
                },
                {
                    "word": "ryusomi@example.com",
                    "start": 75,
                    "end": 94,
                    "label": "개인정보"
                },
                {
                    "word": "여성",
                    "start": 99,
                    "end": 101,
                    "label": "준식별자"
                }
            ]
        },
        {
            "sentence": "스태프 배정에는 staff_id STF-003, staff_name 신정빈, role 무대감독, 연락처 010-2222-3333을 기본 필드로 두며 접근 권한은 역할 기반으로 제어합니다.",
            "id": "sample_062_0070_000008",
            "annotations": [
                {
                    "word": "STF-003",
                    "start": 18,
                    "end": 25,
                    "label": "개인정보"
                },
                {
                    "word": "신정빈",
                    "start": 38,
                    "end": 41,
                    "label": "개인정보"
                },
                {
                    "word": "010-2222-3333",
                    "start": 58,
                    "end": 71,
                    "label": "개인정보"
                }
            ]
        },
        {
            "sentence": "공급업체 정보는 vendor_id VEND-77, vendor_name 'StageTech Korea', 담당자 채명희, 연락처 010-4444-5555로 기록되며 계약서는 vendor_contract_id VEND-CON-2026-045로 버전관리합니다.",
            "id": "sample_062_0070_000009",
            "annotations": [
                {
                    "word": "채명희",
                    "start": 63,
                    "end": 66,
                    "label": "개인정보"
                },
                {
                    "word": "010-4444-5555",
                    "start": 72,
                    "end": 85,
                    "label": "개인정보"
                },
                {
                    "word": "VEND-CON-2026-045",
                    "start": 116,
                    "end": 133,
                    "label": "기밀정보"
                }
            ]
        },
        {
            "sentence": "공급업체 관련 라이더는 rider_document_url https://internal-storage.company/docs/rider/VEND-CON-2026-045.pdf에 저장하고 변경 시 audit trail을 남깁니다.",
            "id": "sample_062_0070_000010",
            "annotations": [
                {
                    "word": "https://internal-storage.company/docs/rider/VEND-CON-2026-045.pdf",
                    "start": 32,
                    "end": 97,
                    "label": "기밀정보"
                }
            ]
        },
        {
            "sentence": "무대 도면은 stage_plot_file https://internal-storage.company/stage/062_0070_stageplot_v1.dwg에 보관하며 사운드체크 일정은 soundcheck_schedule에 ISO8601·타임존 포함 형식으로 기록합니다.",
            "id": "sample_062_0070_000011",
            "annotations": [
                {
                    "word": "https://internal-storage.company/stage/062_0070_stageplot_v1.dwg",
                    "start": 23,
                    "end": 87,
                    "label": "기밀정보"
                }
            ]
        },
        {
            "sentence": "안전대책 문서는 safety_plan_document https://internal-storage.company/safety/SafetyPlan_062_0070_v2.pdf이며 보험은 insurance_policy_id POL-2026-88로 참조합니다.",
            "id": "sample_062_0070_000012",
            "annotations": [
                {
                    "word": "https://internal-storage.company/safety/SafetyPlan_062_0070_v2.pdf",
                    "start": 30,
                    "end": 96,
                    "label": "기밀정보"
                },
                {
                    "word": "POL-2026-88",
                    "start": 123,
                    "end": 134,
                    "label": "기밀정보"
                }
            ]
        },
        {
            "sentence": "필요 허가는 permit_ids 목록 PERMIT-SEOUL-2026-01로 관리하며 허가 문서 메타데이터와 발급일을 함께 저장합니다.",
            "id": "sample_062_0070_000013",
            "annotations": [
                {
                    "word": "PERMIT-SEOUL-2026-01",
                    "start": 21,
                    "end": 41,
                    "label": "기밀정보"
                }
            ]
        },
        {
            "sentence": "예산은 budget_total 350000000.00 KRW로 책정되었고 expense_items는 스태프 인건비, 장비 렌탈, 무대설치, 보안비용 등으로 상세 계정이 존재합니다.",
            "id": "sample_062_0070_000014",
            "annotations": []
        },
        {
            "sentence": "스폰서 리스트 sponsor_list에는 Galaxy Foods와 BlueWave Media가 포함되며 sponsor_deliverables는 브랜딩, 부스, 광고 송출 등으로 관리합니다.",
            "id": "sample_062_0070_000015",
            "annotations": []
        },
        {
            "sentence": "주차 계획 parking_plan과 교통 통제 transport_plan은 입출차 동선과 셔틀 버스 스케줄을 포함하며 현장 교통 관제와 연동됩니다.",
            "id": "sample_062_0070_000016",
            "annotations": []
        },
        {
            "sentence": "접근성 요구사항 accessibility_requirements는 휠체어 전용구역 30석, 보청 보조기구 지원, 수어(ASL) 통역 서비스 제공을 명시합니다.",
            "id": "sample_062_0070_000017",
            "annotations": []
        },
        {
            "sentence": "라이브 스트리밍은 내부 스트리밍 채널 live_stream_url https://internal-stream.company/062_0070로 송출하며 접근 제어와 로그를 유지합니다.",
            "id": "sample_062_0070_000018",
            "annotations": [
                {
                    "word": "https://internal-stream.company/062_0070",
                    "start": 37,
                    "end": 77,
                    "label": "기밀정보"
                }
            ]
        },
        {
            "sentence": "현장 센서와 카메라 원본은 sensor_telemetry_feed rtmp://sensors.internal/062_0070로 수집하고 분 단위 집계 요약은 별도 엔드포인트에 저장합니다.",
            "id": "sample_062_0070_000019",
            "annotations": [
                {
                    "word": "rtmp://sensors.internal/062_0070",
                    "start": 37,
                    "end": 69,
                    "label": "기밀정보"
                }
            ]
        },
        {
            "sentence": "인시던트는 incident_report_id IR-20260612-01로 등록하여 장비 고장과 대응 로그를 연결하고 후속 보고서를 생성합니다.",
            "id": "sample_062_0070_000020",
            "annotations": [
                {
                    "word": "IR-20260612-01",
                    "start": 25,
                    "end": 39,
                    "label": "기밀정보"
                }
            ]
        },
        {
            "sentence": "행사 종료 후에는 post_event_survey_link https://survey.company/062_0070와 financial_settlement_report https://internal-finance.company/reports/062_0070_settlement.xlsx를 통해 분석 및 정산을 수행합니다.",
            "id": "sample_062_0070_000021",
            "annotations": [
                {
                    "word": "https://internal-finance.company/reports/062_0070_settlement.xlsx",
                    "start": 94,
                    "end": 159,
                    "label": "기밀정보"
                }
            ]
        },
        {
            "sentence": "티켓 동시성 제약을 고려하여 ticket_stock은 원자적 업데이트를 적용하고 낙관적 잠금 또는 이벤트 소싱으로 스파이크 트래픽을 처리하도록 설계합니다.",
            "id": "sample_062_0070_000022",
            "annotations": []
        },
        {
            "sentence": "결제와 관련된 데이터는 PCI-DSS 규격에 따라 결제 토큰만 저장하며 개인정보는 암호화하고 접근권한을 최소화합니다.",
            "id": "sample_062_0070_000023",
            "annotations": []
        },
        {
            "sentence": "문서 메타데이터는 버전 1.2로 기록되어 있고 last_modified 2026-05-20T09:15:00+09:00에 업데이트되었으며 작성자는 홍주오입니다.",
            "id": "sample_062_0070_000024",
            "annotations": [
                {
                    "word": "홍주오",
                    "start": 81,
                    "end": 84,
                    "label": "개인정보"
                }
            ]
        },
        {
            "sentence": "모든 계약·배치도·스케줄 변경은 감사 로그에 남기며 변경 사유와 승인자를 포함해 버전 관리를 수행합니다.",
            "id": "sample_062_0070_000025",
            "annotations": []
        },
        {
            "sentence": "보존 정책은 사고 조사 및 회계 근거를 위해 로그와 문서를 최소 7년간 보관하는 것으로 규정합니다.",
            "id": "sample_062_0070_000026",
            "annotations": []
        },
        {
            "sentence": "외부 리스크는 기상 알림, 교통 지연, 공급업체 장애로 분리된 리스크 테이블에 모델링하고 자동 알림·대응 로직을 연결합니다.",
            "id": "sample_062_0070_000027",
            "annotations": []
        },
        {
            "sentence": "다음 액션 아이템으로는 보안 접근 제어 강화, 결제 토큰 회수 절차 점검, 스태프 연락망 재검증을 지정하고 담당자에게 할당합니다.",
            "id": "sample_062_0070_000028",
            "annotations": []
        }
    ]
}