{
    "document_id": "062_0030",
    "document_title": "서머나이트 뮤직 페스티벌 2026 운영계획서",
    "data": [
        {
            "sentence": "문서 목적: '062_0030 라이브 페스티벌 총괄 운영계획'은 행사 전반의 기획·운영·안전·정산 절차를 명시한다.",
            "id": "sample_062_0030_000001",
            "annotations": []
        },
        {
            "sentence": "event_id는 062_0030이고 event_name은 '서머나이트 뮤직 페스티벌 2026'이며 event_type은 콘서트/페스티벌로 분류된다.",
            "id": "sample_062_0030_000002",
            "annotations": []
        },
        {
            "sentence": "행사 시작일시는 2026-06-12T18:00:00+09:00 (KST)이고 종료일시는 2026-06-13T23:00:00+09:00로 로컬 타임존을 명시한다.",
            "id": "sample_062_0030_000003",
            "annotations": []
        },
        {
            "sentence": "organizer_id는 ORG-1045이며 organizer_name은 '안주성'으로 등록되어 있고 공식 연락처는 ajuseong@example.com이다.",
            "id": "sample_062_0030_000004",
            "annotations": [
                {
                    "word": "안주성",
                    "start": 42,
                    "end": 45,
                    "label": "개인정보"
                },
                {
                    "word": "ajuseong@example.com",
                    "start": 65,
                    "end": 85,
                    "label": "개인정보"
                }
            ]
        },
        {
            "sentence": "venue_id는 V-220이고 venue_name은 '한강 야외무대', venue_capacity는 15000명이며 seating_chart_url을 참고한다.",
            "id": "sample_062_0030_000005",
            "annotations": []
        },
        {
            "sentence": "ticketing_provider는 'TicketPro'이며 ticket_categories는 VIP, General, Standing으로 구성된다.",
            "id": "sample_062_0030_000006",
            "annotations": []
        },
        {
            "sentence": "ticket_price_currency는 KRW이며 VIP 50000.00, General 12000.00, Standing 8000.00으로 표준화하고 ticket_stock을 각 카테고리별로 관리한다.",
            "id": "sample_062_0030_000007",
            "annotations": []
        },
        {
            "sentence": "거래 예시 transaction_id TXN-20260612-0001와 결제 토큰 PCI_TOKEN_abc123을 사용하여 PCI-DSS 규격에 맞춰 로그를 남긴다.",
            "id": "sample_062_0030_000008",
            "annotations": [
                {
                    "word": "TXN-20260612-0001",
                    "start": 21,
                    "end": 38,
                    "label": "기밀정보"
                },
                {
                    "word": "PCI_TOKEN_abc123",
                    "start": 46,
                    "end": 62,
                    "label": "기밀정보"
                }
            ]
        },
        {
            "sentence": "attendee_id ATT-0001, attendee_name '송제연', attendee_contact 휴대전화 010-1234-5678은 응급연락 및 티켓팅 확인을 위해 동의 하에 수집한다.",
            "id": "sample_062_0030_000009",
            "annotations": [
                {
                    "word": "ATT-0001",
                    "start": 12,
                    "end": 20,
                    "label": "개인정보"
                },
                {
                    "word": "송제연",
                    "start": 37,
                    "end": 40,
                    "label": "개인정보"
                },
                {
                    "word": "010-1234-5678",
                    "start": 65,
                    "end": 78,
                    "label": "개인정보"
                }
            ]
        },
        {
            "sentence": "staff_id S-3001, role 무대감독, staff_name '김대영', staff_contact kim.daeyoung@events.example.com로 스태프 명단을 관리한다.",
            "id": "sample_062_0030_000010",
            "annotations": [
                {
                    "word": "S-3001",
                    "start": 9,
                    "end": 15,
                    "label": "개인정보"
                },
                {
                    "word": "김대영",
                    "start": 40,
                    "end": 43,
                    "label": "개인정보"
                },
                {
                    "word": "kim.daeyoung@events.example.com",
                    "start": 60,
                    "end": 91,
                    "label": "개인정보"
                }
            ]
        },
        {
            "sentence": "vendor_id VEND-88, vendor_contract_id VC-2026-088, 계약서는 s3://prod-private-bucket/contracts/VC-2026-088.pdf에 보관한다.",
            "id": "sample_062_0030_000011",
            "annotations": [
                {
                    "word": "VC-2026-088",
                    "start": 38,
                    "end": 49,
                    "label": "기밀정보"
                },
                {
                    "word": "VC-2026-088",
                    "start": 91,
                    "end": 102,
                    "label": "기밀정보"
                },
                {
                    "word": "s3://prod-private-bucket/contracts/VC-2026-088.pdf",
                    "start": 56,
                    "end": 106,
                    "label": "기밀정보"
                }
            ]
        },
        {
            "sentence": "rider_document_url https://assets.example.com/riders/artist_rider_v3.pdf와 stage_plot_file s3://prod-private-bucket/events/062_0030/stage_plot_v2.pdf를 함께 저장한다.",
            "id": "sample_062_0030_000012",
            "annotations": [
                {
                    "word": "s3://prod-private-bucket/events/062_0030/stage_plot_v2.pdf",
                    "start": 90,
                    "end": 148,
                    "label": "기밀정보"
                }
            ]
        },
        {
            "sentence": "soundcheck_schedule은 2026-06-12T10:00:00+09:00 (KST)에 시작하며 production_schedule과 run_of_show는 분 단위로 버전 관리한다.",
            "id": "sample_062_0030_000013",
            "annotations": []
        },
        {
            "sentence": "safety_plan_document는 https://public-assets.example.com/safety/safety_plan_v1.pdf이며 insurance_policy_id INS-2026-5512가 해당 행사에 적용된다.",
            "id": "sample_062_0030_000014",
            "annotations": [
                {
                    "word": "INS-2026-5512",
                    "start": 104,
                    "end": 117,
                    "label": "기밀정보"
                }
            ]
        },
        {
            "sentence": "permit_ids는 [PERMIT-ENV-2026-01, PERMIT-NOISE-2026-05, PERMIT-GATHER-2026-09]로 관리하고 만료 전 재발급을 수행한다.",
            "id": "sample_062_0030_000015",
            "annotations": []
        },
        {
            "sentence": "budget_total은 0000000.00 KRW로 기재되어 있으며 expense_items에는 무대임대 12000000.00, 보안용역 3500000.00, 케이터링 2200000.00가 포함된다.",
            "id": "sample_062_0030_000016",
            "annotations": [
                {
                    "word": "0000000.00",
                    "start": 14,
                    "end": 24,
                    "label": "기밀정보"
                },
                {
                    "word": "12000000.00",
                    "start": 60,
                    "end": 71,
                    "label": "기밀정보"
                },
                {
                    "word": "3500000.00",
                    "start": 78,
                    "end": 88,
                    "label": "기밀정보"
                },
                {
                    "word": "2200000.00",
                    "start": 95,
                    "end": 105,
                    "label": "기밀정보"
                }
            ]
        },
        {
            "sentence": "sponsor_list에는 '하트브랜즈'와 '글로벌IT'가 포함되고 sponsor_deliverables는 브랜드 노출, VIP 라운지 운영, 스폰서 부스이다.",
            "id": "sample_062_0030_000017",
            "annotations": []
        },
        {
            "sentence": "parking_plan은 주차 1200대 수용으로 설계되고 transport_plan은 셔틀버스 10대 운영 및 주요 도로 통제를 포함한다.",
            "id": "sample_062_0030_000018",
            "annotations": []
        },
        {
            "sentence": "accessibility_requirements에는 휠체어 접근로 확보, 수어 통역대 배치, 청각보조장비 대여가 포함되어 법적 의무를 준수한다.",
            "id": "sample_062_0030_000019",
            "annotations": []
        },
        {
            "sentence": "live_stream_url은 https://streaming.example.com/events/062_0030/hd이며 sensor_telemetry_feed는 kafka://telemetry.prod.cluster/events/062_0030로 원본과 요약을 저장한다.",
            "id": "sample_062_0030_000020",
            "annotations": [
                {
                    "word": "kafka://telemetry.prod.cluster/events/062_0030",
                    "start": 91,
                    "end": 137,
                    "label": "기밀정보"
                }
            ]
        },
        {
            "sentence": "incident_report_id IR-20260612-01는 장비 고장 인시던트를 기록한 식별자이며 상세 로그는 내부 조사용으로 보관한다.",
            "id": "sample_062_0030_000021",
            "annotations": [
                {
                    "word": "IR-20260612-01",
                    "start": 19,
                    "end": 33,
                    "label": "기밀정보"
                }
            ]
        },
        {
            "sentence": "post_event_survey_link https://survey.example.com/s/062_0030_NPS는 참가자 설문과 NPS 수집을 위해 사용된다.",
            "id": "sample_062_0030_000022",
            "annotations": []
        },
        {
            "sentence": "financial_settlement_report 경로 s3://prod-private-bucket/finance/settlement_062_0030.xlsx는 회계 정산과 감사를 위해 보존한다.",
            "id": "sample_062_0030_000023",
            "annotations": [
                {
                    "word": "s3://prod-private-bucket/finance/settlement_062_0030.xlsx",
                    "start": 31,
                    "end": 88,
                    "label": "기밀정보"
                }
            ]
        },
        {
            "sentence": "개인정보 처리방침 요약: 모든 개인 식별정보(이름, 연락처, 이메일)는 암호화된 저장소에 보관하고 접근 제어를 시행한다.",
            "id": "sample_062_0030_000024",
            "annotations": []
        },
        {
            "sentence": "티켓 재고와 입장 카운터는 원자적 트랜잭션과 낙관적 잠금 또는 이벤트 소싱 방식으로 동시성 문제를 방지하도록 설계한다.",
            "id": "sample_062_0030_000025",
            "annotations": []
        },
        {
            "sentence": "장소 수용인원 15000명과 안전 통로 너비 기준은 모든 배치도와 안전 계획에서 최우선 검증 항목이다.",
            "id": "sample_062_0030_000026",
            "annotations": []
        },
        {
            "sentence": "카메라 스트리밍 원본과 분 단위 요약을 모두 저장하되 얼굴 식별 가능 정보는 실시간 블러 처리 후 보관한다.",
            "id": "sample_062_0030_000027",
            "annotations": []
        },
        {
            "sentence": "결론 및 액션 아이템: 계약서 버전관리, 보험 보장 범위 확인, 기상알림 연동, 결제 토큰 보안 검증 및 사전 시운전 체크리스트 수행.",
            "id": "sample_062_0030_000028",
            "annotations": []
        },
        {
            "sentence": "참가자 준식별자 예시로 생년월일 [1988], [05], [12]이 내부 테스트 데이터로 사용된다.",
            "id": "sample_062_0030_000029",
            "annotations": [
                {
                    "word": "1988",
                    "start": 19,
                    "end": 23,
                    "label": "준식별자"
                },
                {
                    "word": "05",
                    "start": 27,
                    "end": 29,
                    "label": "준식별자"
                },
                {
                    "word": "12",
                    "start": 33,
                    "end": 35,
                    "label": "준식별자"
                }
            ]
        }
    ]
}