{
    "document_id": "010_0013",
    "document_title": "프리미엄 체크인 카드 및 룸서비스·VIP 로그 기록",
    "data": [
        {
            "sentence": "본 문서는 호텔 운영팀에서 관리하는 체크인 카드, 룸서비스 영수증 및 VIP 로그를 통합한 서비스 기록 파일입니다.",
            "id": "sample_010_0013_000001",
            "annotations": []
        },
        {
            "sentence": "문서 목적은 투숙 경험의 일관성 유지와 멤버십 선호도 업데이트를 위한 내부 참조입니다.",
            "id": "sample_010_0013_000002",
            "annotations": []
        },
        {
            "sentence": "체크인 카드: 투숙객 정보가 아래와 같이 등록되었습니다.",
            "id": "sample_010_0013_000003",
            "annotations": []
        },
        {
            "sentence": "성명: 최기안",
            "id": "sample_010_0013_000004",
            "annotations": [
                {
                    "word": "최기안",
                    "start": 4,
                    "end": 7,
                    "label": "개인정보"
                }
            ]
        },
        {
            "sentence": "전화: 010-1234-5678",
            "id": "sample_010_0013_000005",
            "annotations": [
                {
                    "word": "010-1234-5678",
                    "start": 4,
                    "end": 17,
                    "label": "개인정보"
                }
            ]
        },
        {
            "sentence": "이메일: kian.choi@example.com",
            "id": "sample_010_0013_000006",
            "annotations": [
                {
                    "word": "kian.choi@example.com",
                    "start": 5,
                    "end": 26,
                    "label": "개인정보"
                }
            ]
        },
        {
            "sentence": "주소: 서울특별시 중구 을지로 12-3 101호",
            "id": "sample_010_0013_000007",
            "annotations": [
                {
                    "word": "서울특별시 중구 을지로 12-3 101호",
                    "start": 4,
                    "end": 26,
                    "label": "개인정보"
                }
            ]
        },
        {
            "sentence": "여권번호: M12345678",
            "id": "sample_010_0013_000008",
            "annotations": [
                {
                    "word": "M12345678",
                    "start": 6,
                    "end": 15,
                    "label": "개인정보"
                }
            ]
        },
        {
            "sentence": "생년월일: 1985년 07월 15일",
            "id": "sample_010_0013_000009",
            "annotations": [
                {
                    "word": "1985년 07월 15일",
                    "start": 6,
                    "end": 19,
                    "label": "준식별자"
                }
            ]
        },
        {
            "sentence": "성별: 남성",
            "id": "sample_010_0013_000010",
            "annotations": [
                {
                    "word": "남성",
                    "start": 4,
                    "end": 6,
                    "label": "준식별자"
                }
            ]
        },
        {
            "sentence": "멤버십 번호: VIP-20251234 (플래티넘 등급)",
            "id": "sample_010_0013_000011",
            "annotations": [
                {
                    "word": "VIP-20251234",
                    "start": 8,
                    "end": 20,
                    "label": "개인정보"
                }
            ]
        },
        {
            "sentence": "객실 배정: 12층 03호 객실(1203), 체크인 2025-12-20, 체크아웃 2025-12-24",
            "id": "sample_010_0013_000012",
            "annotations": [
                {
                    "word": "12층 03호 객실(1203)",
                    "start": 7,
                    "end": 23,
                    "label": "개인정보"
                },
                {
                    "word": "2025-12-20",
                    "start": 29,
                    "end": 39,
                    "label": "준식별자"
                },
                {
                    "word": "2025-12-24",
                    "start": 46,
                    "end": 56,
                    "label": "준식별자"
                }
            ]
        },
        {
            "sentence": "특이 요청: 무향 룸 프레그런스 요청 및 고층 배정 선호가 기록되었습니다.",
            "id": "sample_010_0013_000013",
            "annotations": []
        },
        {
            "sentence": "룸서비스 영수증: 객실 1203, 주문자: 최기안",
            "id": "sample_010_0013_000014",
            "annotations": [
                {
                    "word": "1203",
                    "start": 13,
                    "end": 17,
                    "label": "개인정보"
                },
                {
                    "word": "최기안",
                    "start": 24,
                    "end": 27,
                    "label": "개인정보"
                }
            ]
        },
        {
            "sentence": "주문 내역: 비프 스테이크 1개, 시저 샐러드 1개, 레드 와인 1병",
            "id": "sample_010_0013_000015",
            "annotations": []
        },
        {
            "sentence": "합계 금액: KRW 98,000, 부가세 포함 표기",
            "id": "sample_010_0013_000016",
            "annotations": []
        },
        {
            "sentence": "결제 방식: 신용카드(체크아웃 시 일괄청구), 승인번호 987654",
            "id": "sample_010_0013_000017",
            "annotations": [
                {
                    "word": "승인번호 987654",
                    "start": 26,
                    "end": 37,
                    "label": "기밀정보"
                }
            ]
        },
        {
            "sentence": "거래 계좌/카드 정보(내부기록): 계좌번호 123-456-7890",
            "id": "sample_010_0013_000018",
            "annotations": [
                {
                    "word": "계좌번호 123-456-7890",
                    "start": 19,
                    "end": 36,
                    "label": "기밀정보"
                }
            ]
        },
        {
            "sentence": "영수증 발행 전표 번호: 20251220001 (회계용)",
            "id": "sample_010_0013_000019",
            "annotations": [
                {
                    "word": "20251220001",
                    "start": 14,
                    "end": 25,
                    "label": "기밀정보"
                }
            ]
        },
        {
            "sentence": "VIP 로그: 멤버십 등급 및 과거 투숙 이력을 아래에 기록합니다.",
            "id": "sample_010_0013_000020",
            "annotations": []
        },
        {
            "sentence": "1) 최기안 님 - 등급: 플래티넘, 선호: 고층 객실, 무향 요청",
            "id": "sample_010_0013_000021",
            "annotations": [
                {
                    "word": "최기안",
                    "start": 3,
                    "end": 6,
                    "label": "개인정보"
                }
            ]
        },
        {
            "sentence": "2) 손지석 님 - 등급: 골드, 알레르기: 견과류 표기",
            "id": "sample_010_0013_000022",
            "annotations": [
                {
                    "word": "손지석",
                    "start": 3,
                    "end": 6,
                    "label": "개인정보"
                }
            ]
        },
        {
            "sentence": "특별 요청 처리 내역: 공항 픽업 연계 여부 확인 및 조식 시간 07:00로 고정 요청",
            "id": "sample_010_0013_000023",
            "annotations": []
        },
        {
            "sentence": "담당 매니저 기록: 권동진 (운영팀장) - 현장 대응 및 고객 컴플레인 처리 담당",
            "id": "sample_010_0013_000024",
            "annotations": [
                {
                    "word": "권동진",
                    "start": 11,
                    "end": 14,
                    "label": "개인정보"
                }
            ]
        },
        {
            "sentence": "내부 결재선: 총지배인 권동진 서명 확인, 기밀유지 대상으로 분류됨",
            "id": "sample_010_0013_000025",
            "annotations": [
                {
                    "word": "총지배인 권동진 서명 확인",
                    "start": 8,
                    "end": 22,
                    "label": "기밀정보"
                }
            ]
        },
        {
            "sentence": "내부 메모: 고객 선호 데이터는 CRM 시스템에 암호화되어 저장되며 접근 권한은 제한됩니다.",
            "id": "sample_010_0013_000026",
            "annotations": [
                {
                    "word": "CRM 시스템",
                    "start": 18,
                    "end": 25,
                    "label": "기밀정보"
                }
            ]
        },
        {
            "sentence": "회계 처리 요청: 계좌번호 123-456-7890로 환불 처리 지시를 내렸습니다.",
            "id": "sample_010_0013_000027",
            "annotations": [
                {
                    "word": "계좌번호 123-456-7890",
                    "start": 10,
                    "end": 27,
                    "label": "기밀정보"
                }
            ]
        },
        {
            "sentence": "체크아웃 후 객실 점검 및 미청구 항목은 48시간 내 정산 처리 예정입니다.",
            "id": "sample_010_0013_000028",
            "annotations": []
        },
        {
            "sentence": "액션 아이템: 고객 후속 연락 책임자 방규은 지정, 후속 설문 발송 예정",
            "id": "sample_010_0013_000029",
            "annotations": [
                {
                    "word": "방규은",
                    "start": 21,
                    "end": 24,
                    "label": "개인정보"
                }
            ]
        },
        {
            "sentence": "문서 작성자: 안대연, 작성일자: 2025년 12월 21일",
            "id": "sample_010_0013_000030",
            "annotations": [
                {
                    "word": "안대연",
                    "start": 8,
                    "end": 11,
                    "label": "개인정보"
                },
                {
                    "word": "2025년 12월 21일",
                    "start": 19,
                    "end": 32,
                    "label": "준식별자"
                }
            ]
        }
    ]
}