{
    "document_id": "010_0024",
    "document_title": "고객 체크인 카드·룸서비스 영수증·VIP 로그 통합 기록",
    "data": [
        {
            "sentence": "문서 개요: 본 파일은 5성급 호텔의 체크인 카드, 룸서비스 영수증 및 VIP 로그를 통합 기록한 서비스 관리 문서입니다.",
            "id": "sample_010_0024_000001",
            "annotations": []
        },
        {
            "sentence": "작성자: 총지배인 신성욱이 세심하게 확인하고 보고합니다.",
            "id": "sample_010_0024_000002",
            "annotations": [
                {
                    "word": "신성욱",
                    "start": 10,
                    "end": 13,
                    "label": "개인정보"
                }
            ]
        },
        {
            "sentence": "체크인 카드: 고객 성함은 민해니로 기록되어 있으며 체크인 시점에 고객 확인을 마쳤습니다.",
            "id": "sample_010_0024_000003",
            "annotations": [
                {
                    "word": "민해니",
                    "start": 15,
                    "end": 18,
                    "label": "개인정보"
                }
            ]
        },
        {
            "sentence": "고객 생년월일은 1986년 05월 14일로 접수되었고 신원 확인을 위한 문서가 제출되었습니다.",
            "id": "sample_010_0024_000004",
            "annotations": [
                {
                    "word": "1986",
                    "start": 9,
                    "end": 13,
                    "label": "준식별자"
                },
                {
                    "word": "05",
                    "start": 15,
                    "end": 17,
                    "label": "준식별자"
                },
                {
                    "word": "14",
                    "start": 19,
                    "end": 21,
                    "label": "준식별자"
                }
            ]
        },
        {
            "sentence": "체크인 날짜는 2025년 08월 12일, 체크아웃 날짜는 2025년 08월 15일로 예약 시스템에 기록되어 있습니다.",
            "id": "sample_010_0024_000005",
            "annotations": [
                {
                    "word": "2025",
                    "start": 8,
                    "end": 12,
                    "label": "준식별자"
                },
                {
                    "word": "2025",
                    "start": 32,
                    "end": 36,
                    "label": "준식별자"
                },
                {
                    "word": "08",
                    "start": 14,
                    "end": 16,
                    "label": "준식별자"
                },
                {
                    "word": "08",
                    "start": 38,
                    "end": 40,
                    "label": "준식별자"
                },
                {
                    "word": "12",
                    "start": 18,
                    "end": 20,
                    "label": "준식별자"
                },
                {
                    "word": "15",
                    "start": 42,
                    "end": 44,
                    "label": "준식별자"
                }
            ]
        },
        {
            "sentence": "고객 연락처로 기입된 휴대폰 번호는 010-1234-5678이며 비상연락처로 동일 번호를 사용하기로 동의하였습니다.",
            "id": "sample_010_0024_000006",
            "annotations": [
                {
                    "word": "010-1234-5678",
                    "start": 20,
                    "end": 33,
                    "label": "개인정보"
                }
            ]
        },
        {
            "sentence": "주소는 서울특별시 강남구 역삼동 123-45, 101동 1203호로 등록되어 있으며 상세 주소는 안전하게 보관합니다.",
            "id": "sample_010_0024_000007",
            "annotations": [
                {
                    "word": "서울특별시 강남구 역삼동 123-45, 101동 1203호",
                    "start": 4,
                    "end": 36,
                    "label": "개인정보"
                },
                {
                    "word": "서울특별시",
                    "start": 4,
                    "end": 9,
                    "label": "준식별자"
                },
                {
                    "word": "강남구",
                    "start": 10,
                    "end": 13,
                    "label": "준식별자"
                },
                {
                    "word": "역삼동",
                    "start": 14,
                    "end": 17,
                    "label": "준식별자"
                }
            ]
        },
        {
            "sentence": "국적은 대한민국으로 확인되었고 성별은 여성으로 분류되어 서비스에 반영됩니다.",
            "id": "sample_010_0024_000008",
            "annotations": [
                {
                    "word": "대한민국",
                    "start": 4,
                    "end": 8,
                    "label": "준식별자"
                },
                {
                    "word": "여성",
                    "start": 21,
                    "end": 23,
                    "label": "준식별자"
                }
            ]
        },
        {
            "sentence": "멤버십 정보: VIP 회원번호 VIP-000128로 등록되어 있으며 등급은 '플래티넘'입니다.",
            "id": "sample_010_0024_000009",
            "annotations": [
                {
                    "word": "VIP-000128",
                    "start": 17,
                    "end": 27,
                    "label": "개인정보"
                }
            ]
        },
        {
            "sentence": "여권 정보: 여권번호 M12345678가 체크인 시 제시되어 신분 확인 절차를 완료했습니다.",
            "id": "sample_010_0024_000010",
            "annotations": [
                {
                    "word": "M12345678",
                    "start": 12,
                    "end": 21,
                    "label": "개인정보"
                }
            ]
        },
        {
            "sentence": "결제 정보: 신용카드 승인번호 9876543210로 룸서비스 결제가 승인되었습니다.",
            "id": "sample_010_0024_000011",
            "annotations": [
                {
                    "word": "9876543210",
                    "start": 17,
                    "end": 27,
                    "label": "기밀정보"
                }
            ]
        },
        {
            "sentence": "계좌 이체가 필요한 경우 내부 계좌번호 101-234567-01(재무팀 전용)을 통해 처리하도록 지시합니다.",
            "id": "sample_010_0024_000012",
            "annotations": [
                {
                    "word": "101-234567-01",
                    "start": 22,
                    "end": 35,
                    "label": "기밀정보"
                }
            ]
        },
        {
            "sentence": "룸서비스 영수증: 객실 1501에서 주문한 메뉴는 오마카세 2인 세트와 프렌치 와인 한 병입니다.",
            "id": "sample_010_0024_000013",
            "annotations": []
        },
        {
            "sentence": "영수증 합계는 298,000원이며 결제는 체크아웃 시 결제된 것으로 처리되었습니다.",
            "id": "sample_010_0024_000014",
            "annotations": []
        },
        {
            "sentence": "룸서비스 담당 직원은 승인 코드 svc-ops-17로 작업을 등록했고 내부 로그에 저장되었습니다.",
            "id": "sample_010_0024_000015",
            "annotations": [
                {
                    "word": "svc-ops-17",
                    "start": 18,
                    "end": 28,
                    "label": "기밀정보"
                }
            ]
        },
        {
            "sentence": "VIP 로그: 당일 VIP 라운지 이용 기록은 송석훈 님이 08:30에 입장하여 11:20에 퇴장한 것으로 기록되어 있습니다.",
            "id": "sample_010_0024_000016",
            "annotations": [
                {
                    "word": "송석훈",
                    "start": 26,
                    "end": 29,
                    "label": "개인정보"
                }
            ]
        },
        {
            "sentence": "VIP 요청사항으로 개인 전용 미니바 보충과 향수 알레르기 표기가 요청되었습니다.",
            "id": "sample_010_0024_000017",
            "annotations": []
        },
        {
            "sentence": "스태프 승인: 허슬우 총무가 룸 업그레이드 요청을 승인하였고 내부 결재선에 따라 처리되었습니다.",
            "id": "sample_010_0024_000018",
            "annotations": [
                {
                    "word": "허슬우",
                    "start": 8,
                    "end": 11,
                    "label": "개인정보"
                }
            ]
        },
        {
            "sentence": "고객 요청 메모: 조식 알레르기(알레르겐: 견과류)로 대체 메뉴 안내를 제공했습니다.",
            "id": "sample_010_0024_000019",
            "annotations": []
        },
        {
            "sentence": "보안 알림: 내부 서버 접속 IP 10.10.20.5에서 비정상 접근 시도가 탐지되어 보안팀에 통보하였습니다.",
            "id": "sample_010_0024_000020",
            "annotations": [
                {
                    "word": "10.10.20.5",
                    "start": 19,
                    "end": 29,
                    "label": "기밀정보"
                }
            ]
        },
        {
            "sentence": "시스템 계정 관리자 ID는 admin_hotel_vpn으로 기록되어 있으며 접근 권한은 제한됩니다.",
            "id": "sample_010_0024_000021",
            "annotations": [
                {
                    "word": "admin_hotel_vpn",
                    "start": 15,
                    "end": 30,
                    "label": "기밀정보"
                }
            ]
        },
        {
            "sentence": "체크아웃 처리: 객실 1501의 최종 청구서는 민해니 명의로 발행되었고 영수증은 프론트에 보관됩니다.",
            "id": "sample_010_0024_000022",
            "annotations": []
        },
        {
            "sentence": "긴급 연락처: 여행 동반자 손찬원(연락처 010-2345-6789)은 비상 상황 시 우선 연락 대상으로 기재되어 있습니다.",
            "id": "sample_010_0024_000023",
            "annotations": [
                {
                    "word": "손찬원",
                    "start": 15,
                    "end": 18,
                    "label": "개인정보"
                },
                {
                    "word": "010-2345-6789",
                    "start": 23,
                    "end": 36,
                    "label": "개인정보"
                }
            ]
        },
        {
            "sentence": "고객 직업은 마케팅 매니저(직장: LUXE 코퍼레이션)로 등록되어 있어 비서 요청에 따라 VIP 혜택이 적용되었습니다.",
            "id": "sample_010_0024_000024",
            "annotations": [
                {
                    "word": "마케팅 매니저",
                    "start": 7,
                    "end": 14,
                    "label": "준식별자"
                },
                {
                    "word": "LUXE 코퍼레이션",
                    "start": 19,
                    "end": 29,
                    "label": "준식별자"
                }
            ]
        },
        {
            "sentence": "문서 보관 및 폐기: 개인정보는 내부 규정에 따라 암호화되어 보관되며, 보관기한 경과 시 안전하게 파기합니다.",
            "id": "sample_010_0024_000025",
            "annotations": []
        },
        {
            "sentence": "추가 조치: 허아란 고객의 향후 예약 우대 처리를 위해 멤버십 프로필을 업데이트했습니다.",
            "id": "sample_010_0024_000026",
            "annotations": [
                {
                    "word": "허아란",
                    "start": 7,
                    "end": 10,
                    "label": "개인정보"
                }
            ]
        },
        {
            "sentence": "기록 검토자: 감사부 공의진이 최종 점검을 수행했음을 확인합니다.",
            "id": "sample_010_0024_000027",
            "annotations": [
                {
                    "word": "공의진",
                    "start": 12,
                    "end": 15,
                    "label": "개인정보"
                }
            ]
        }
    ]
}