{
    "document_id": "010_0060",
    "document_title": "체크인 카드 및 룸서비스·VIP 로그 종합 기록",
    "data": [
        {
            "sentence": "그랜드웨이브 호텔 체크인 카드 및 서비스 기록 파일입니다.",
            "id": "sample_010_0060_000001",
            "annotations": []
        },
        {
            "sentence": "본 문서는 프론트 매니저 원무경의 정중한 안내와 내부 기록을 위한 공식 기록물입니다.",
            "id": "sample_010_0060_000002",
            "annotations": [
                {
                    "word": "원무경",
                    "start": 14,
                    "end": 17,
                    "label": "개인정보"
                }
            ]
        },
        {
            "sentence": "첫 섹션은 체크인 카드 원본으로 투숙객 기본 정보를 포함합니다.",
            "id": "sample_010_0060_000003",
            "annotations": []
        },
        {
            "sentence": "투숙객 성함: 원신후 님, 배정 객실: 1203호, 멤버십 등급: Platinum입니다.",
            "id": "sample_010_0060_000004",
            "annotations": [
                {
                    "word": "원신후",
                    "start": 8,
                    "end": 11,
                    "label": "개인정보"
                }
            ]
        },
        {
            "sentence": "연락처(휴대폰): 010-9123-4567로 비상연락을 등록하였습니다.",
            "id": "sample_010_0060_000005",
            "annotations": [
                {
                    "word": "010-9123-4567",
                    "start": 10,
                    "end": 23,
                    "label": "개인정보"
                }
            ]
        },
        {
            "sentence": "이메일 연락처: won.sinhhu@example.com으로 예약 확인서를 발송하였습니다.",
            "id": "sample_010_0060_000006",
            "annotations": [
                {
                    "word": "won.sinhhu@example.com",
                    "start": 9,
                    "end": 31,
                    "label": "개인정보"
                }
            ]
        },
        {
            "sentence": "생년월일: 1984년 06월 15일, 성별: 남성으로 멤버십 DB에 표기되어 있습니다.",
            "id": "sample_010_0060_000007",
            "annotations": [
                {
                    "word": "1984년 06월 15일",
                    "start": 6,
                    "end": 19,
                    "label": "준식별자"
                },
                {
                    "word": "남성",
                    "start": 25,
                    "end": 27,
                    "label": "준식별자"
                }
            ]
        },
        {
            "sentence": "주소(도시/구): 서울특별시, 강남구로 표기되어 있으며 세부 주소는 개인 정보 보호를 위해 내부에만 보관합니다.",
            "id": "sample_010_0060_000008",
            "annotations": [
                {
                    "word": "서울특별시",
                    "start": 10,
                    "end": 15,
                    "label": "준식별자"
                },
                {
                    "word": "강남구",
                    "start": 17,
                    "end": 20,
                    "label": "준식별자"
                }
            ]
        },
        {
            "sentence": "여권번호: M12345678이 체크인 시 확인되었으며 본인 확인 절차에 사용되었습니다.",
            "id": "sample_010_0060_000009",
            "annotations": [
                {
                    "word": "M12345678",
                    "start": 6,
                    "end": 15,
                    "label": "개인정보"
                }
            ]
        },
        {
            "sentence": "체크인 일자: 2025년 12월 20일, 체크아웃 일자: 2025년 12월 25일로 확인하였습니다.",
            "id": "sample_010_0060_000010",
            "annotations": [
                {
                    "word": "2025년 12월 20일",
                    "start": 8,
                    "end": 21,
                    "label": "준식별자"
                },
                {
                    "word": "2025년 12월 25일",
                    "start": 32,
                    "end": 45,
                    "label": "준식별자"
                }
            ]
        },
        {
            "sentence": "결제 수단은 신용카드 사전 승인으로 처리되었으며 영수증은 전자파일로 보관됩니다.",
            "id": "sample_010_0060_000011",
            "annotations": []
        },
        {
            "sentence": "다음 섹션은 룸서비스 영수증이며 주문 내역과 비용 정산을 포함합니다.",
            "id": "sample_010_0060_000012",
            "annotations": []
        },
        {
            "sentence": "룸서비스 주문자: 원신후 님, 요청 시간: 2025년 12월 21일 19시 40분, 배달 객실: 1203호입니다.",
            "id": "sample_010_0060_000013",
            "annotations": [
                {
                    "word": "원신후",
                    "start": 10,
                    "end": 13,
                    "label": "개인정보"
                },
                {
                    "word": "2025년 12월 21일",
                    "start": 24,
                    "end": 37,
                    "label": "준식별자"
                }
            ]
        },
        {
            "sentence": "주문 내역: 샐러드 25,000원, 해산물 파스타 42,000원, 와인 1병 110,000원으로 총액 177,000원입니다.",
            "id": "sample_010_0060_000014",
            "annotations": []
        },
        {
            "sentence": "환불 및 환급용 계좌번호(고객 제공): 1002-345-678901로 기재되어 있으며 내부 재무 처리 전용입니다.",
            "id": "sample_010_0060_000015",
            "annotations": [
                {
                    "word": "1002-345-678901",
                    "start": 22,
                    "end": 37,
                    "label": "기밀정보"
                }
            ]
        },
        {
            "sentence": "룸서비스 접수 담당자: 최은겸 직원이 배정되어 주문 확인 및 전달을 완료했습니다.",
            "id": "sample_010_0060_000016",
            "annotations": [
                {
                    "word": "최은겸",
                    "start": 13,
                    "end": 16,
                    "label": "개인정보"
                }
            ]
        },
        {
            "sentence": "배달 완료 시간은 2025년 12월 21일 20시 00분으로 운영 로그에 기록되어 있습니다.",
            "id": "sample_010_0060_000017",
            "annotations": [
                {
                    "word": "2025년 12월 21일",
                    "start": 10,
                    "end": 23,
                    "label": "준식별자"
                }
            ]
        },
        {
            "sentence": "영수증 발행 방식은 전자 및 인쇄본 동시 보관으로 기록되며 서명란은 고객 요청 시 제공됩니다.",
            "id": "sample_010_0060_000018",
            "annotations": []
        },
        {
            "sentence": "VIP 로그 섹션은 고액 고객의 선호와 최근 방문 이력을 기록합니다.",
            "id": "sample_010_0060_000019",
            "annotations": []
        },
        {
            "sentence": "VIP 등급 표기는 Diamond로 내부 우대 혜택이 적용됩니다.",
            "id": "sample_010_0060_000020",
            "annotations": []
        },
        {
            "sentence": "최근 숙박 이력 예시: 장세온 님, 2025년 11월 05일 체크인, 2025년 11월 08일 체크아웃, 객실 1501호입니다.",
            "id": "sample_010_0060_000021",
            "annotations": [
                {
                    "word": "장세온",
                    "start": 13,
                    "end": 16,
                    "label": "개인정보"
                },
                {
                    "word": "2025년 11월 05일",
                    "start": 20,
                    "end": 33,
                    "label": "준식별자"
                },
                {
                    "word": "2025년 11월 08일",
                    "start": 39,
                    "end": 52,
                    "label": "준식별자"
                }
            ]
        },
        {
            "sentence": "선호 메모: 안대식 님은 낮 시간 에어컨 강도 2단계 선호 및 무알콜 미니바 요청으로 표기되어 있습니다.",
            "id": "sample_010_0060_000022",
            "annotations": [
                {
                    "word": "안대식",
                    "start": 7,
                    "end": 10,
                    "label": "개인정보"
                }
            ]
        },
        {
            "sentence": "환불 및 예외 승인 기록: 승인자 우재준, 내부 결재 코드 RECV-APPR-2025가 기재되어 있습니다.",
            "id": "sample_010_0060_000023",
            "annotations": [
                {
                    "word": "우재준",
                    "start": 19,
                    "end": 22,
                    "label": "개인정보"
                },
                {
                    "word": "RECV-APPR-2025",
                    "start": 33,
                    "end": 47,
                    "label": "기밀정보"
                }
            ]
        },
        {
            "sentence": "시스템 접근 기록: 접근 계정 admin_reception이 해당 로그에 남아 있으며 접근 권한은 제한됩니다.",
            "id": "sample_010_0060_000024",
            "annotations": [
                {
                    "word": "admin_reception",
                    "start": 17,
                    "end": 32,
                    "label": "기밀정보"
                }
            ]
        },
        {
            "sentence": "보안 및 개인정보 처리 지침은 내부 보안문서에 따라 보관되며 외부 공유 금지입니다.",
            "id": "sample_010_0060_000025",
            "annotations": []
        },
        {
            "sentence": "추가 요청 사항 발생 시 담당 매니저 원무경에게 통보해 주시기 바랍니다.",
            "id": "sample_010_0060_000026",
            "annotations": [
                {
                    "word": "원무경",
                    "start": 21,
                    "end": 24,
                    "label": "개인정보"
                }
            ]
        },
        {
            "sentence": "담당자 연락처: 원무경 010-3456-7890로 긴급 문의를 받습니다.",
            "id": "sample_010_0060_000027",
            "annotations": [
                {
                    "word": "원무경",
                    "start": 9,
                    "end": 12,
                    "label": "개인정보"
                },
                {
                    "word": "010-3456-7890",
                    "start": 13,
                    "end": 26,
                    "label": "개인정보"
                }
            ]
        },
        {
            "sentence": "작성일: 2025년 12월 26일, 작성자: 원무경, 문서 검토 후 서명 처리 예정입니다.",
            "id": "sample_010_0060_000028",
            "annotations": [
                {
                    "word": "2025년 12월 26일",
                    "start": 5,
                    "end": 18,
                    "label": "준식별자"
                },
                {
                    "word": "원무경",
                    "start": 25,
                    "end": 28,
                    "label": "개인정보"
                }
            ]
        }
    ]
}