{
    "document_id": "010_0018",
    "document_title": "그랜드헤븐 호텔 체크인카드 및 서비스 기록",
    "data": [
        {
            "sentence": "그랜드헤븐 호텔 체크인 카드 및 서비스 기록입니다.",
            "id": "sample_010_0018_000001",
            "annotations": []
        },
        {
            "sentence": "작성일은 2025-12-20이며, 호텔 매니저 정경희가 문서를 작성하였습니다.",
            "id": "sample_010_0018_000002",
            "annotations": [
                {
                    "word": "2025-12-20",
                    "start": 5,
                    "end": 15,
                    "label": "준식별자"
                },
                {
                    "word": "정경희",
                    "start": 26,
                    "end": 29,
                    "label": "개인정보"
                }
            ]
        },
        {
            "sentence": "체크인 카드: 투숙객 성명 하무현이 전자 서명을 완료하였습니다.",
            "id": "sample_010_0018_000003",
            "annotations": [
                {
                    "word": "하무현",
                    "start": 15,
                    "end": 18,
                    "label": "개인정보"
                }
            ]
        },
        {
            "sentence": "투숙객 하무현의 성별은 남성으로 기재되어 있습니다.",
            "id": "sample_010_0018_000004",
            "annotations": [
                {
                    "word": "하무현",
                    "start": 4,
                    "end": 7,
                    "label": "개인정보"
                },
                {
                    "word": "남성",
                    "start": 13,
                    "end": 15,
                    "label": "준식별자"
                }
            ]
        },
        {
            "sentence": "생년월일은 1985-07-15로 기록되어 있으며, 생년월일은 고객관리 DB와 일치합니다.",
            "id": "sample_010_0018_000005",
            "annotations": [
                {
                    "word": "1985-07-15",
                    "start": 6,
                    "end": 16,
                    "label": "준식별자"
                }
            ]
        },
        {
            "sentence": "국적은 대한민국으로 표기되어 있습니다.",
            "id": "sample_010_0018_000006",
            "annotations": [
                {
                    "word": "대한민국",
                    "start": 4,
                    "end": 8,
                    "label": "준식별자"
                }
            ]
        },
        {
            "sentence": "연락처는 010-1234-5678, 이메일은 hamuhyun@example.com으로 등록되어 있습니다.",
            "id": "sample_010_0018_000007",
            "annotations": [
                {
                    "word": "010-1234-5678",
                    "start": 5,
                    "end": 18,
                    "label": "개인정보"
                },
                {
                    "word": "hamuhyun@example.com",
                    "start": 25,
                    "end": 45,
                    "label": "개인정보"
                }
            ]
        },
        {
            "sentence": "여권번호는 K12345678로 확인되며, 출입국 확인을 위해 복사본을 보관합니다.",
            "id": "sample_010_0018_000008",
            "annotations": [
                {
                    "word": "K12345678",
                    "start": 6,
                    "end": 15,
                    "label": "개인정보"
                }
            ]
        },
        {
            "sentence": "주소는 서울특별시 강남구 테헤란로 10, 101호로 청구서에 표기되어 있습니다.",
            "id": "sample_010_0018_000009",
            "annotations": [
                {
                    "word": "서울특별시",
                    "start": 4,
                    "end": 9,
                    "label": "준식별자"
                },
                {
                    "word": "강남구",
                    "start": 10,
                    "end": 13,
                    "label": "준식별자"
                },
                {
                    "word": "테헤란로 10, 101호",
                    "start": 14,
                    "end": 27,
                    "label": "개인정보"
                }
            ]
        },
        {
            "sentence": "예약 정보: 체크인 2025-12-20, 체크아웃 2025-12-25로 예약이 확정되었습니다.",
            "id": "sample_010_0018_000010",
            "annotations": [
                {
                    "word": "2025-12-20",
                    "start": 11,
                    "end": 21,
                    "label": "준식별자"
                },
                {
                    "word": "2025-12-25",
                    "start": 28,
                    "end": 38,
                    "label": "준식별자"
                }
            ]
        },
        {
            "sentence": "객실 배정은 12층 스위트룸 1201호로 이루어졌으며, 키카드는 1201-A가 발급되었습니다.",
            "id": "sample_010_0018_000011",
            "annotations": []
        },
        {
            "sentence": "멤버십 등급: Diamond, 멤버십 ID는 V-20251234로 등록되어 있습니다.",
            "id": "sample_010_0018_000012",
            "annotations": [
                {
                    "word": "V-20251234",
                    "start": 25,
                    "end": 35,
                    "label": "개인정보"
                }
            ]
        },
        {
            "sentence": "직업은 변호사로, 소속은 법무법인 한결로 기재되어 있습니다.",
            "id": "sample_010_0018_000013",
            "annotations": [
                {
                    "word": "변호사",
                    "start": 4,
                    "end": 7,
                    "label": "준식별자"
                },
                {
                    "word": "법무법인 한결",
                    "start": 14,
                    "end": 21,
                    "label": "준식별자"
                }
            ]
        },
        {
            "sentence": "룸서비스 영수증: 주문자 하무현, 객실 1201, 주문시간 2025-12-21 19:12, 품목: 스테이크, 와인 한 병, 합계 192,000원.",
            "id": "sample_010_0018_000014",
            "annotations": [
                {
                    "word": "하무현",
                    "start": 14,
                    "end": 17,
                    "label": "개인정보"
                },
                {
                    "word": "2025-12-21 19:12",
                    "start": 33,
                    "end": 49,
                    "label": "준식별자"
                }
            ]
        },
        {
            "sentence": "결제수단: 신용카드 결제, 카드 승인번호 459812, 카드사 승인으로 처리되었습니다.",
            "id": "sample_010_0018_000015",
            "annotations": [
                {
                    "word": "459812",
                    "start": 23,
                    "end": 29,
                    "label": "기밀정보"
                }
            ]
        },
        {
            "sentence": "청구서에는 마지막 네 자리 1234로 표기되었으며, 전체 카드번호는 보관하지 않습니다.",
            "id": "sample_010_0018_000016",
            "annotations": []
        },
        {
            "sentence": "VIP 로그: 정기 VIP 투숙객 하무현으로 등록, 방문 횟수 15회, 최근 방문일 2025-11-30으로 기록되어 있습니다.",
            "id": "sample_010_0018_000017",
            "annotations": [
                {
                    "word": "하무현",
                    "start": 19,
                    "end": 22,
                    "label": "개인정보"
                },
                {
                    "word": "2025-11-30",
                    "start": 47,
                    "end": 57,
                    "label": "준식별자"
                }
            ]
        },
        {
            "sentence": "특이 요청 사항: 알레르기(조개류) 표기, 베개 추가 2개, 저녁 8시 셔틀 예약 요청이 접수되었습니다.",
            "id": "sample_010_0018_000018",
            "annotations": []
        },
        {
            "sentence": "하우스키핑 지시: 담당자 정다경이 2025-12-21 오전 09:00에 특실 청소를 완료하였음을 확인하였습니다.",
            "id": "sample_010_0018_000019",
            "annotations": [
                {
                    "word": "정다경",
                    "start": 14,
                    "end": 17,
                    "label": "개인정보"
                },
                {
                    "word": "2025-12-21 오전 09:00",
                    "start": 19,
                    "end": 38,
                    "label": "준식별자"
                }
            ]
        },
        {
            "sentence": "보안 기록: 객실 금고 접근 기록에 따라 금고코드 4729가 입력된 로그가 생성되었습니다.",
            "id": "sample_010_0018_000020",
            "annotations": [
                {
                    "word": "4729",
                    "start": 28,
                    "end": 32,
                    "label": "기밀정보"
                }
            ]
        },
        {
            "sentence": "재무 기록: 법인 계좌번호 110-123-456789로 환불 처리 요청이 접수되어 결제팀에 전달되었습니다.",
            "id": "sample_010_0018_000021",
            "annotations": [
                {
                    "word": "110-123-456789",
                    "start": 15,
                    "end": 29,
                    "label": "기밀정보"
                }
            ]
        },
        {
            "sentence": "내부 승인: 총지배인 정경희가 2025-12-22에 VIP 혜택 20% 적용을 승인하였습니다.",
            "id": "sample_010_0018_000022",
            "annotations": [
                {
                    "word": "정경희",
                    "start": 12,
                    "end": 15,
                    "label": "개인정보"
                },
                {
                    "word": "2025-12-22",
                    "start": 17,
                    "end": 27,
                    "label": "준식별자"
                },
                {
                    "word": "VIP 혜택 20% 적용",
                    "start": 29,
                    "end": 42,
                    "label": "기밀정보"
                }
            ]
        },
        {
            "sentence": "직원 메모: 프론트 직원 박동률이 체크아웃 전 전화 통화로 010-9876-5432로 보증금을 확인하였음.",
            "id": "sample_010_0018_000023",
            "annotations": [
                {
                    "word": "박동률",
                    "start": 14,
                    "end": 17,
                    "label": "개인정보"
                },
                {
                    "word": "010-9876-5432",
                    "start": 33,
                    "end": 46,
                    "label": "개인정보"
                }
            ]
        },
        {
            "sentence": "고객 만족도: 투숙객 하무현은 객실 청결에 대해 매우 만족한다는 평가를 남겼습니다.",
            "id": "sample_010_0018_000024",
            "annotations": [
                {
                    "word": "하무현",
                    "start": 12,
                    "end": 15,
                    "label": "개인정보"
                }
            ]
        },
        {
            "sentence": "후속 조치: 체크아웃 후 수하물 보관 요청으로 2025-12-25 14:00에 수하물 보관을 완료 예정입니다.",
            "id": "sample_010_0018_000025",
            "annotations": [
                {
                    "word": "2025-12-25 14:00",
                    "start": 26,
                    "end": 42,
                    "label": "준식별자"
                }
            ]
        },
        {
            "sentence": "프라이버시 안내: 고객 데이터는 내부 정책에 따라 비공개로 관리되며 접근 권한은 운영팀으로 제한됩니다.",
            "id": "sample_010_0018_000026",
            "annotations": []
        },
        {
            "sentence": "기타: 멤버십 포인트 적립 내역은 내부 DB V-20251234 기준으로 조회 가능합니다.",
            "id": "sample_010_0018_000027",
            "annotations": [
                {
                    "word": "V-20251234",
                    "start": 25,
                    "end": 35,
                    "label": "개인정보"
                }
            ]
        },
        {
            "sentence": "결론 및 권고: 청구서 사본 발송, 계좌 이체 확인, 금고코드 보안 재검토를 실행할 것을 권고합니다.",
            "id": "sample_010_0018_000028",
            "annotations": []
        }
    ]
}