{
    "document_id": "010_0002",
    "document_title": "체크인 카드·룸서비스 영수증 및 VIP 로그 통합 기록",
    "data": [
        {
            "sentence": "그랜드뷰 호텔 체크인 카드 및 서비스 기록 파일입니다.",
            "id": "sample_010_0002_000001",
            "annotations": []
        },
        {
            "sentence": "본 문서는 투숙객 체크인 카드, 룸서비스 영수증, 그리고 VIP 로그를 통합한 내부 기록입니다.",
            "id": "sample_010_0002_000002",
            "annotations": []
        },
        {
            "sentence": "작성자는 5성급 호텔 매니저로서 정중한 어조로 고객 응대와 서비스 이력을 상세히 기록합니다.",
            "id": "sample_010_0002_000003",
            "annotations": []
        },
        {
            "sentence": "문서 구성은 소개, 상세 본문(체크인 카드·룸서비스·VIP 로그), 결론 및 후속 조치로 논리적으로 정리되어 있습니다.",
            "id": "sample_010_0002_000004",
            "annotations": []
        },
        {
            "sentence": "체크인 카드는 고객 신원 확인과 멤버십 적용을 위해 사용되며, 투숙객 성함: 차진용 고객님으로 등록되어 있습니다.",
            "id": "sample_010_0002_000005",
            "annotations": [
                {
                    "word": "차진용",
                    "start": 43,
                    "end": 46,
                    "label": "개인정보"
                }
            ]
        },
        {
            "sentence": "성별: 남성, 생년월일: 1990년 5월 12일로 확인되어 수기 및 전자 기록에 동기화했습니다.",
            "id": "sample_010_0002_000006",
            "annotations": [
                {
                    "word": "남성",
                    "start": 4,
                    "end": 6,
                    "label": "준식별자"
                },
                {
                    "word": "1990년",
                    "start": 14,
                    "end": 19,
                    "label": "준식별자"
                },
                {
                    "word": "5월",
                    "start": 20,
                    "end": 22,
                    "label": "준식별자"
                },
                {
                    "word": "12일",
                    "start": 23,
                    "end": 26,
                    "label": "준식별자"
                }
            ]
        },
        {
            "sentence": "연락처(휴대전화): 010-1234-5678로 비상 연락처가 기재되어 있으며 긴급 안내 시 우선 연락 수단으로 사용됩니다.",
            "id": "sample_010_0002_000007",
            "annotations": [
                {
                    "word": "010-1234-5678",
                    "start": 11,
                    "end": 24,
                    "label": "개인정보"
                }
            ]
        },
        {
            "sentence": "이메일 주소: chajin@example.com로 멤버십과 예약 확인 이메일을 발송하였습니다.",
            "id": "sample_010_0002_000008",
            "annotations": [
                {
                    "word": "chajin@example.com",
                    "start": 8,
                    "end": 26,
                    "label": "개인정보"
                }
            ]
        },
        {
            "sentence": "자택 주소: 대한민국 서울특별시 강남구 논현동 12-3호, 3층으로 기재되어 있어 배송 및 청구서 수령지가 명시되어 있습니다.",
            "id": "sample_010_0002_000009",
            "annotations": [
                {
                    "word": "대한민국 서울특별시 강남구 논현동 12-3호, 3층",
                    "start": 7,
                    "end": 35,
                    "label": "개인정보"
                },
                {
                    "word": "서울특별시",
                    "start": 12,
                    "end": 17,
                    "label": "준식별자"
                },
                {
                    "word": "강남구",
                    "start": 18,
                    "end": 21,
                    "label": "준식별자"
                },
                {
                    "word": "논현동",
                    "start": 22,
                    "end": 25,
                    "label": "준식별자"
                }
            ]
        },
        {
            "sentence": "여권번호: M12345678이 체크인 시 해외여행자 확인을 위하여 제시되었고 복사본이 임시 보관되었습니다.",
            "id": "sample_010_0002_000010",
            "annotations": [
                {
                    "word": "M12345678",
                    "start": 6,
                    "end": 15,
                    "label": "개인정보"
                }
            ]
        },
        {
            "sentence": "멤버십 등급은 Diamond로 확인되며 멤버십 번호: VIP-2023-0456이 결제 및 우대 적용을 위해 연동되어 있습니다.",
            "id": "sample_010_0002_000011",
            "annotations": [
                {
                    "word": "VIP-2023-0456",
                    "start": 30,
                    "end": 43,
                    "label": "개인정보"
                }
            ]
        },
        {
            "sentence": "직업/직장명: 삼성전자 근무로 기재되어 있으며, 필요 시 직장 확인 절차가 안내될 수 있습니다.",
            "id": "sample_010_0002_000012",
            "annotations": [
                {
                    "word": "삼성전자",
                    "start": 8,
                    "end": 12,
                    "label": "준식별자"
                }
            ]
        },
        {
            "sentence": "국적: 대한민국으로 등록되어 있으며 필요 서류 및 통관 안내를 사전에 제공했습니다.",
            "id": "sample_010_0002_000013",
            "annotations": [
                {
                    "word": "대한민국",
                    "start": 4,
                    "end": 8,
                    "label": "준식별자"
                }
            ]
        },
        {
            "sentence": "체크인 날짜: 2025년 12월 20일, 체크아웃 날짜: 2025년 12월 24일로 예약이 확정되어 객실 일정이 배정되어 있습니다.",
            "id": "sample_010_0002_000014",
            "annotations": [
                {
                    "word": "2025년",
                    "start": 8,
                    "end": 13,
                    "label": "준식별자"
                },
                {
                    "word": "2025년",
                    "start": 32,
                    "end": 37,
                    "label": "준식별자"
                },
                {
                    "word": "12월",
                    "start": 14,
                    "end": 17,
                    "label": "준식별자"
                },
                {
                    "word": "12월",
                    "start": 38,
                    "end": 41,
                    "label": "준식별자"
                },
                {
                    "word": "20일",
                    "start": 18,
                    "end": 21,
                    "label": "준식별자"
                },
                {
                    "word": "24일",
                    "start": 42,
                    "end": 45,
                    "label": "준식별자"
                }
            ]
        },
        {
            "sentence": "객실 배정은 12층 1203호로 완료되었으며, 고객 요청에 따라 고층 배정이 반영되었습니다.",
            "id": "sample_010_0002_000015",
            "annotations": []
        },
        {
            "sentence": "체크인 시 결제카드의 청구지 주소와 연락처가 일치함을 프런트에서 확인하고 기록하였습니다.",
            "id": "sample_010_0002_000016",
            "annotations": []
        },
        {
            "sentence": "룸서비스 주문 내역은 객실 서비스 품질 관리와 정산을 위해 상세히 기록됩니다.",
            "id": "sample_010_0002_000017",
            "annotations": []
        },
        {
            "sentence": "주문자: 차진용, 객실: 1203, 주문시간: 2025년 12월 21일 19시 32분, 품목: 그릴드 연어 및 샤또 블랑 와인 1병으로 접수되었습니다.",
            "id": "sample_010_0002_000018",
            "annotations": [
                {
                    "word": "차진용",
                    "start": 5,
                    "end": 8,
                    "label": "개인정보"
                },
                {
                    "word": "2025년",
                    "start": 26,
                    "end": 31,
                    "label": "준식별자"
                },
                {
                    "word": "12월",
                    "start": 32,
                    "end": 35,
                    "label": "준식별자"
                },
                {
                    "word": "21일",
                    "start": 36,
                    "end": 39,
                    "label": "준식별자"
                }
            ]
        },
        {
            "sentence": "금액 합계는 78,500원으로 서비스 요금 및 세금이 포함되었으며 결제 형태는 객실 청구로 처리되었습니다.",
            "id": "sample_010_0002_000019",
            "annotations": []
        },
        {
            "sentence": "영수증 처리 담당자: 임영애 프런트 데스크가 영수증을 발행하고 기록을 완료하였습니다.",
            "id": "sample_010_0002_000020",
            "annotations": [
                {
                    "word": "임영애",
                    "start": 12,
                    "end": 15,
                    "label": "개인정보"
                }
            ]
        },
        {
            "sentence": "VIP 로그에는 Diamond 등급 차진용 고객의 추가 요청 사항과 우대 내용, 서비스 반응이 상세히 기록되어 있습니다.",
            "id": "sample_010_0002_000021",
            "annotations": [
                {
                    "word": "차진용",
                    "start": 20,
                    "end": 23,
                    "label": "개인정보"
                }
            ]
        },
        {
            "sentence": "우대사항 메모에는 조기 체크인(오전 10시) 요청과 룸 업그레이드 가능성 메모가 포함되어 담당팀에 전달되었습니다.",
            "id": "sample_010_0002_000022",
            "annotations": []
        },
        {
            "sentence": "내부 승인: 운영팀장 심홍진이 룸 업그레이드 요청을 검토하고 조건부 승인을 전달하였음을 기록합니다.",
            "id": "sample_010_0002_000023",
            "annotations": [
                {
                    "word": "심홍진",
                    "start": 12,
                    "end": 15,
                    "label": "개인정보"
                }
            ]
        },
        {
            "sentence": "승인일시: 2025년 12월 20일 14시 05분으로 내부 감사 로그에 남아 있으며 접근 권한이 제한됩니다.",
            "id": "sample_010_0002_000024",
            "annotations": [
                {
                    "word": "2025년",
                    "start": 6,
                    "end": 11,
                    "label": "준식별자"
                },
                {
                    "word": "12월",
                    "start": 12,
                    "end": 15,
                    "label": "준식별자"
                },
                {
                    "word": "20일",
                    "start": 16,
                    "end": 19,
                    "label": "준식별자"
                }
            ]
        },
        {
            "sentence": "고객 특이사항으로 음식 알레르기(견과류)와 침구 추가 요청, 출발 시 공항 셔틀 예약 요청이 기재되어 있습니다.",
            "id": "sample_010_0002_000025",
            "annotations": []
        },
        {
            "sentence": "퇴실 시 멤버십 포인트 3,200포인트가 적립되어 적립 및 차감 내역이 명확히 표기되었습니다.",
            "id": "sample_010_0002_000026",
            "annotations": []
        },
        {
            "sentence": "보안 메모: 객실 출입 기록 및 카드키 발급 로그는 내부 규정에 따라 기밀 처리되며 접근 권한이 통제됩니다.",
            "id": "sample_010_0002_000027",
            "annotations": []
        },
        {
            "sentence": "담당 매니저 서명: 원예섬, 연락처: 010-9876-5432로 내부 연락망에 등록되어 있으며 긴급연락 시 사용됩니다.",
            "id": "sample_010_0002_000028",
            "annotations": [
                {
                    "word": "원예섬",
                    "start": 11,
                    "end": 14,
                    "label": "개인정보"
                },
                {
                    "word": "010-9876-5432",
                    "start": 21,
                    "end": 34,
                    "label": "개인정보"
                }
            ]
        },
        {
            "sentence": "추가 조치로 체크아웃 후 48시간 내 VIP 만족도 전화를 통해 서비스 피드백을 수집할 예정입니다.",
            "id": "sample_010_0002_000029",
            "annotations": []
        },
        {
            "sentence": "문서 보관 안내: 개인정보 및 기밀 정보는 관련 법규와 호텔 내부 정책에 따라 별도 보관 및 접근 통제 대상입니다.",
            "id": "sample_010_0002_000030",
            "annotations": []
        }
    ]
}