{
    "document_id": "096_0066",
    "document_title": "임원 경호 운영 및 위협 평가 보고서",
    "data": [
        {
            "sentence": "문서 개요: 본 보고서는 임원 경호 및 개인 보안 서비스의 운영 지침과 위협 평가 결과를 종합하여 기술합니다.",
            "id": "sample_096_0066_000001",
            "annotations": []
        },
        {
            "sentence": "목적: 보호대상자의 안전 확보, 실시간 대응 체계 규정, 증거 보존 절차 및 규정 준수 요구사항을 명확히 하기 위함입니다.",
            "id": "sample_096_0066_000002",
            "annotations": []
        },
        {
            "sentence": "범위: 본 문서는 고객 프로필, 위협 평가, 보호 작전 계획, 실시간 텔레메트리, 영상 메타, 통신 로그, 사건 보고 및 법적 문서를 포함합니다.",
            "id": "sample_096_0066_000003",
            "annotations": []
        },
        {
            "sentence": "고객 프로필: 보호대상자는 가명 '진준형'으로 표기하며 내부 고유식별자 client_id는 550e8400-e29b-41d4-a716-446655440000 입니다.",
            "id": "sample_096_0066_000004",
            "annotations": [
                {
                    "word": "진준형",
                    "start": 19,
                    "end": 22,
                    "label": "개인정보"
                },
                {
                    "word": "550e8400-e29b-41d4-a716-446655440000",
                    "start": 51,
                    "end": 87,
                    "label": "개인정보"
                }
            ]
        },
        {
            "sentence": "연락 메타: 이메일은 jin.junhyung+ep@example.invalid, 비상연락처(가명)는 +82-10-0000-0001 로 기록됩니다.",
            "id": "sample_096_0066_000005",
            "annotations": [
                {
                    "word": "jin.junhyung+ep@example.invalid",
                    "start": 12,
                    "end": 43,
                    "label": "개인정보"
                },
                {
                    "word": "+82-10-0000-0001",
                    "start": 56,
                    "end": 72,
                    "label": "개인정보"
                }
            ]
        },
        {
            "sentence": "기본 준식별자: 생년월일은 1982-05-12, 성별은 남성, 혈액형은 O형으로 표기합니다.",
            "id": "sample_096_0066_000006",
            "annotations": [
                {
                    "word": "1982-05-12",
                    "start": 15,
                    "end": 25,
                    "label": "준식별자"
                },
                {
                    "word": "남성",
                    "start": 31,
                    "end": 33,
                    "label": "준식별자"
                },
                {
                    "word": "O형",
                    "start": 40,
                    "end": 42,
                    "label": "준식별자"
                }
            ]
        },
        {
            "sentence": "직업 및 소속: 보호대상의 직장명은 ABCD Holdings이며 관할 시군구는 서울특별시 중구로 기록됩니다.",
            "id": "sample_096_0066_000007",
            "annotations": [
                {
                    "word": "ABCD Holdings",
                    "start": 20,
                    "end": 33,
                    "label": "준식별자"
                },
                {
                    "word": "서울특별시 중구",
                    "start": 44,
                    "end": 52,
                    "label": "준식별자"
                }
            ]
        },
        {
            "sentence": "위협 평가 개요: 현 ThreatLevel은 HIGH로 설정되며 평가 근거와 가중치는 부록 위험평가 매트릭에 따릅니다.",
            "id": "sample_096_0066_000008",
            "annotations": []
        },
        {
            "sentence": "위협 행위자 분석에는 공개 SNS 모니터링, 전술적 위치 기반 위협 모델링 및 과거 사건 유사도 점검이 포함됩니다.",
            "id": "sample_096_0066_000009",
            "annotations": []
        },
        {
            "sentence": "작전 계획 요약: 모터케이드 루트 및 차량 편성, 서브팀 배치, 긴급 우회로와 통제 지점이 상호 연동되도록 설계됩니다.",
            "id": "sample_096_0066_000010",
            "annotations": []
        },
        {
            "sentence": "예정 이동 경로 샘플: 2026-01-23T14:00:00Z 출발, 경유지 좌표 37.566536,126.977966 를 기준으로 속도 제한 및 교통망 제약을 반영합니다.",
            "id": "sample_096_0066_000011",
            "annotations": [
                {
                    "word": "37.566536,126.977966",
                    "start": 45,
                    "end": 65,
                    "label": "준식별자"
                }
            ]
        },
        {
            "sentence": "차량 텔레메트리 예시: 2026-01-23T14:05:00Z 시점 차량속도 32km/h, 위도경도 37.566700,126.978200, 로그는 스트리밍과 동시에 암호화되어 저장됩니다.",
            "id": "sample_096_0066_000012",
            "annotations": [
                {
                    "word": "37.566700,126.978200",
                    "start": 55,
                    "end": 75,
                    "label": "준식별자"
                }
            ]
        },
        {
            "sentence": "CCTV 및 바디캠 메타: 원본 영상은 저장 대신 sha256:fa3b1d9c8e6f4a2b7c8d9e0f1a2b3c4d5e6f7a8b9c0d1e2f3a4b5c6d7e8f9a0 로 해시되어 보관됩니다.",
            "id": "sample_096_0066_000013",
            "annotations": [
                {
                    "word": "sha256:fa3b1d9c8e6f4a2b7c8d9e0f1a2b3c4d5e6f7a8b9c0d1e2f3a4b5c6d7e8f9a0",
                    "start": 28,
                    "end": 98,
                    "label": "기밀정보"
                }
            ]
        },
        {
            "sentence": "체인오브커스터디 기록: 증거ID COC-20260123-0001, 수집자 노출 최소화 조건, 보관위치는 보안금고로 지정됩니다.",
            "id": "sample_096_0066_000014",
            "annotations": [
                {
                    "word": "COC-20260123-0001",
                    "start": 18,
                    "end": 35,
                    "label": "기밀정보"
                }
            ]
        },
        {
            "sentence": "통신 로그 개요: 무전 채널은 455.125 MHz 대역을 사용하며, 데이터는 종단간 암호화(E2EE)로 처리됩니다.",
            "id": "sample_096_0066_000015",
            "annotations": [
                {
                    "word": "455.125 MHz",
                    "start": 17,
                    "end": 28,
                    "label": "기밀정보"
                }
            ]
        },
        {
            "sentence": "네트워크 보안 메타: 운영용 VPN 엔드포인트는 10.10.10.10 으로 표기되며 접속 로그는 제한된 조회 권한으로만 열람 가능합니다.",
            "id": "sample_096_0066_000016",
            "annotations": [
                {
                    "word": "10.10.10.10",
                    "start": 27,
                    "end": 38,
                    "label": "기밀정보"
                }
            ]
        },
        {
            "sentence": "사건 보고서 요약: 2026-01-23T14:12:00Z 경 경호원 남보담이 현장 초기 대응을 수행하였으며 관련 사번은 EMP-0007 로 기재됩니다.",
            "id": "sample_096_0066_000017",
            "annotations": [
                {
                    "word": "남보담",
                    "start": 38,
                    "end": 41,
                    "label": "개인정보"
                },
                {
                    "word": "EMP-0007",
                    "start": 67,
                    "end": 75,
                    "label": "개인정보"
                }
            ]
        },
        {
            "sentence": "사건 식별자 및 계약 메타: 사건ID EVT-20260123-001, 관련 서비스 계약번호는 SVC-2026-EP-009 로 참조됩니다.",
            "id": "sample_096_0066_000018",
            "annotations": [
                {
                    "word": "EVT-20260123-001",
                    "start": 21,
                    "end": 37,
                    "label": "기밀정보"
                },
                {
                    "word": "SVC-2026-EP-009",
                    "start": 52,
                    "end": 67,
                    "label": "기밀정보"
                }
            ]
        },
        {
            "sentence": "배경조사 요지: 공개 소스 기반 검토 결과 과거 민·형사 기록은 확인되지 않았고 추가 심층조사는 법무팀과 협의하여 진행합니다.",
            "id": "sample_096_0066_000019",
            "annotations": []
        },
        {
            "sentence": "근무자 배치표 샘플: 팀리더 황찬우(사번 EMP-0010), 수석요원 김별하(사번 EMP-0012) 등 교대 및 연락 맵이 첨부됩니다.",
            "id": "sample_096_0066_000020",
            "annotations": [
                {
                    "word": "황찬우",
                    "start": 16,
                    "end": 19,
                    "label": "개인정보"
                },
                {
                    "word": "EMP-0010",
                    "start": 23,
                    "end": 31,
                    "label": "개인정보"
                },
                {
                    "word": "김별하",
                    "start": 39,
                    "end": 42,
                    "label": "개인정보"
                },
                {
                    "word": "EMP-0012",
                    "start": 46,
                    "end": 54,
                    "label": "개인정보"
                }
            ]
        },
        {
            "sentence": "자격증 및 교육기록: 김별하의 고급전술훈련 인증번호 CERT-2024-045 는 내부 검증용으로 암호화 저장됩니다.",
            "id": "sample_096_0066_000021",
            "annotations": [
                {
                    "word": "CERT-2024-045",
                    "start": 29,
                    "end": 42,
                    "label": "기밀정보"
                }
            ]
        },
        {
            "sentence": "의료 응급대응 메타: 알레르기 정보(개인 연계시 비식별화 필요)와 기본 혈액형은 운영상 필수로 메타에 포함됩니다.",
            "id": "sample_096_0066_000022",
            "annotations": []
        },
        {
            "sentence": "장비 정비 로그 예시: 정비ID MNT-20260102-88, 최종점검자 주동인, 다음점검 예정일은 2026-02-02 로 기록됩니다.",
            "id": "sample_096_0066_000023",
            "annotations": [
                {
                    "word": "MNT-20260102-88",
                    "start": 18,
                    "end": 33,
                    "label": "기밀정보"
                },
                {
                    "word": "주동인",
                    "start": 41,
                    "end": 44,
                    "label": "개인정보"
                }
            ]
        },
        {
            "sentence": "법적문서 및 NDA: 서비스 제공 계약서 SVC-2026-EP-009 과 비밀유지협약 NDA-2026-001 은 접근권한 제한 대상 기밀문서로 분류됩니다.",
            "id": "sample_096_0066_000024",
            "annotations": [
                {
                    "word": "NDA-2026-001",
                    "start": 48,
                    "end": 60,
                    "label": "기밀정보"
                }
            ]
        },
        {
            "sentence": "규정 준수 및 감사 로그: 모든 변경사항은 append-only 로그에 기록되며, 로그의 무결성은 해시 기반 체인으로 검증됩니다.",
            "id": "sample_096_0066_000025",
            "annotations": []
        },
        {
            "sentence": "데이터 보존 정책: 영상 원본은 비용과 프라이버시 이슈로 제한 보관하며, 증거 보존 예외 시 법적 보존절차를 따릅니다.",
            "id": "sample_096_0066_000026",
            "annotations": []
        },
        {
            "sentence": "데이터 공유 원칙: 최소 권한 원칙과 익명화 규칙을 준수하며 테스트 데이터는 항상 비식별화 상태로 유지됩니다.",
            "id": "sample_096_0066_000027",
            "annotations": []
        },
        {
            "sentence": "권고 및 액션 항목: 법무, 규정준수, 인텔리전스, 운영 팀이 검토 후 48시간 SLA 내에 의사결정을 완료하도록 에스컬레이션 플로우를 정의합니다.",
            "id": "sample_096_0066_000028",
            "annotations": []
        },
        {
            "sentence": "경호원 연락 메타: 남보담의 업무용 이메일 nbodam.guard@example.invalid 은 내부 통신용으로 암호화 저장됩니다.",
            "id": "sample_096_0066_000029",
            "annotations": [
                {
                    "word": "nbodam.guard@example.invalid",
                    "start": 24,
                    "end": 52,
                    "label": "개인정보"
                }
            ]
        }
    ]
}