{
    "document_id": "096_0048",
    "document_title": "임원 경호 및 개인 보안 종합 운영계획서",
    "data": [
        {
            "sentence": "문서 소개: 본 문서는 임원 경호 및 개인 보안 서비스의 운영, 감사, 증거보존 요구사항을 기술한다.",
            "id": "sample_096_0048_000001",
            "annotations": []
        },
        {
            "sentence": "보호대상자: 조연 (가명) 프로파일이 포함되며 고객 식별자는 client_uuid: 3f8a9c2b-1a2b-4c6d-8e9f-000000000001로 표기된다.",
            "id": "sample_096_0048_000002",
            "annotations": [
                {
                    "word": "조연",
                    "start": 7,
                    "end": 9,
                    "label": "개인정보"
                },
                {
                    "word": "3f8a9c2b-1a2b-4c6d-8e9f-000000000001",
                    "start": 47,
                    "end": 83,
                    "label": "개인정보"
                }
            ]
        },
        {
            "sentence": "연락처 메타는 토큰화되어 참조값 contact_ref: c0ffee-0000-4242-8a7b로 관리되며 원본 번호는 별도 암호화 저장소에 저장된다.",
            "id": "sample_096_0048_000003",
            "annotations": [
                {
                    "word": "c0ffee-0000-4242-8a7b",
                    "start": 31,
                    "end": 52,
                    "label": "개인정보"
                }
            ]
        },
        {
            "sentence": "생년월일은 [년]:1978, [월]:05, [일]:12로 분리 기재되어 준식별자 규칙을 따른다.",
            "id": "sample_096_0048_000004",
            "annotations": [
                {
                    "word": "1978",
                    "start": 10,
                    "end": 14,
                    "label": "준식별자"
                },
                {
                    "word": "05",
                    "start": 20,
                    "end": 22,
                    "label": "준식별자"
                },
                {
                    "word": "12",
                    "start": 28,
                    "end": 30,
                    "label": "준식별자"
                }
            ]
        },
        {
            "sentence": "성별: 남, 시군구 주소: 서울특별시 강남구로 준식별자 항목에 포함된다.",
            "id": "sample_096_0048_000005",
            "annotations": [
                {
                    "word": "남",
                    "start": 4,
                    "end": 5,
                    "label": "준식별자"
                },
                {
                    "word": "남",
                    "start": 22,
                    "end": 23,
                    "label": "준식별자"
                },
                {
                    "word": "서울특별시 강남구",
                    "start": 15,
                    "end": 24,
                    "label": "준식별자"
                }
            ]
        },
        {
            "sentence": "직장명: 가명테크(가명) 및 직위: 대표이사 메타가 프로파일에 기록되어 준식별자 규칙에 따라 처리된다.",
            "id": "sample_096_0048_000006",
            "annotations": [
                {
                    "word": "가명테크(가명)",
                    "start": 5,
                    "end": 13,
                    "label": "준식별자"
                }
            ]
        },
        {
            "sentence": "위협평가 요약: 현재 위협레벨은 enum으로 'MEDIUM'으로 표기되며 등급 변경 시 SLA와 에스컬레이션 흐름이 자동 연동된다.",
            "id": "sample_096_0048_000007",
            "annotations": []
        },
        {
            "sentence": "위협 인텔리전스는 내부 분석 코드와 위험지표로 관리되며 민감 항목은 기밀 분류 후 접근제한이 적용된다.",
            "id": "sample_096_0048_000008",
            "annotations": []
        },
        {
            "sentence": "보호 작전 계획서에는 일정, 이동 경로, 모터케이드 구성과 위치별 보안 배치가 포함된다.",
            "id": "sample_096_0048_000009",
            "annotations": []
        },
        {
            "sentence": "예시 경로 A-1 좌표: 37.497912,127.027610에서 37.503300,127.025000까지 도로망 및 속도 제약을 고려해 생성되었다.",
            "id": "sample_096_0048_000010",
            "annotations": []
        },
        {
            "sentence": "모터케이드 구성: 리더 차량(보안차량 ID: VEH-9f1e2d7a), 스윕팀 2대, 후위 2대로 표기되며 차량 ID는 운영상 기밀로 관리된다.",
            "id": "sample_096_0048_000011",
            "annotations": [
                {
                    "word": "VEH-9f1e2d7a",
                    "start": 25,
                    "end": 37,
                    "label": "기밀정보"
                }
            ]
        },
        {
            "sentence": "실시간 텔레메트리 로그 예: timestamp:2026-01-24T08:15:00Z, lat:37.498100, lon:127.027900, speed_kmh:32, gps_hdop:0.9.",
            "id": "sample_096_0048_000012",
            "annotations": []
        },
        {
            "sentence": "장비·차량 점검 로그에는 정비기록 ID EV-2025-0001과 정비자 staff_id: f47ac10b-58cc-4372-a567-0e02b2c3d479가 포함된다.",
            "id": "sample_096_0048_000013",
            "annotations": [
                {
                    "word": "EV-2025-0001",
                    "start": 22,
                    "end": 34,
                    "label": "기밀정보"
                },
                {
                    "word": "f47ac10b-58cc-4372-a567-0e02b2c3d479",
                    "start": 50,
                    "end": 86,
                    "label": "개인정보"
                }
            ]
        },
        {
            "sentence": "CCTV/바디캠 메타데이터: cam_id: CAM-0007, 녹화시작:2026-01-24T07:50:00Z, 원본영상 저장은 제한되며 메타데이터로 대체하여 관리한다.",
            "id": "sample_096_0048_000014",
            "annotations": [
                {
                    "word": "CAM-0007",
                    "start": 24,
                    "end": 32,
                    "label": "기밀정보"
                }
            ]
        },
        {
            "sentence": "체인 오브 커스터디: 증거ID EV-2025-0001은 암호화되고 접근 권한은 법무·규정팀으로 제한된다.",
            "id": "sample_096_0048_000015",
            "annotations": [
                {
                    "word": "EV-2025-0001",
                    "start": 17,
                    "end": 29,
                    "label": "기밀정보"
                }
            ]
        },
        {
            "sentence": "통신 로그 예: 무전채널: SEC_RADIO_03, 암호화: AES256, 로그ID: LOG-8a9b-20260124는 불변 로그로 append-only 저장소에 보관된다.",
            "id": "sample_096_0048_000016",
            "annotations": [
                {
                    "word": "SEC_RADIO_03",
                    "start": 15,
                    "end": 27,
                    "label": "기밀정보"
                },
                {
                    "word": "LOG-8a9b-20260124",
                    "start": 48,
                    "end": 65,
                    "label": "기밀정보"
                }
            ]
        },
        {
            "sentence": "사건 보고서 요약: 2026-01-23 22:40에 주변 경호원이 비인가 접근 의심을 인지하여 즉시 경고 및 근접 경호 보강이 시행되었다.",
            "id": "sample_096_0048_000017",
            "annotations": []
        },
        {
            "sentence": "조사 기록에는 배경조사 ID bgcheck_00012와 조사 담당자 엄은결(인명은 가명 또는 내부 코드로만 표기)을 포함한다.",
            "id": "sample_096_0048_000018",
            "annotations": [
                {
                    "word": "bgcheck_00012",
                    "start": 16,
                    "end": 29,
                    "label": "기밀정보"
                },
                {
                    "word": "엄은결",
                    "start": 38,
                    "end": 41,
                    "label": "개인정보"
                }
            ]
        },
        {
            "sentence": "근무자 배치표는 교대표와 staff_id 리스트를 포함하며 근무자 이름은 사내 가명 규칙에 따라 지정된다.",
            "id": "sample_096_0048_000019",
            "annotations": []
        },
        {
            "sentence": "교육 및 자격증 기록에는 응급구조사 자격증 번호는 마스킹 처리되며 발급기관 메타만 보관된다.",
            "id": "sample_096_0048_000020",
            "annotations": []
        },
        {
            "sentence": "의료 응급대응 기록 메타에는 알레르기 유무, 복용약 목록(비식별화), 응급연락자 토큰이 포함된다.",
            "id": "sample_096_0048_000021",
            "annotations": []
        },
        {
            "sentence": "장비·차량 유지보수 로그는 정비 이력, 부품 교체, 정비자 식별자를 포함하며 보존기간 및 삭제 정책이 적용된다.",
            "id": "sample_096_0048_000022",
            "annotations": []
        },
        {
            "sentence": "법적·계약 문서: 서비스 계약서 및 비밀유지협약(NDA)은 버전관리와 서명자 해시를 포함하여 보관된다.",
            "id": "sample_096_0048_000023",
            "annotations": []
        },
        {
            "sentence": "규정 준수 감사 로그는 변경 불가능성, 타임스탬프, 조치자 해시, 감사 해시체인을 포함하며 접근은 최소권한 원칙으로 제한된다.",
            "id": "sample_096_0048_000024",
            "annotations": []
        },
        {
            "sentence": "데이터 공유 정책: GDPR 및 관할법을 고려하여 최소권한, 익명화, 목적제한 원칙을 적용한다.",
            "id": "sample_096_0048_000025",
            "annotations": []
        },
        {
            "sentence": "익명화 규칙: 테스트 데이터는 항상 비식별화 상태로 유지되며 실 운영 샘플과는 분리 저장한다.",
            "id": "sample_096_0048_000026",
            "annotations": []
        },
        {
            "sentence": "영상 원본은 메타데이터로 대체 가능하며 원본 제공은 법적 요청 또는 증거 보존 목적에 한해 체인오브커스터디 절차를 따른다.",
            "id": "sample_096_0048_000027",
            "annotations": []
        },
        {
            "sentence": "접근 통제 메타: 암호화 알고리즘:AES-256-GCM, 키관리:HSM, 접근권한 레벨 enum:[OPS, INTEL, LEGAL, COMPLIANCE]로 정의된다.",
            "id": "sample_096_0048_000028",
            "annotations": []
        },
        {
            "sentence": "감사 항목: 모든 변경은 append-only 로그로 기록되며 로그ID 예시: LOG-8a9b-20260124가 증빙으로 남는다.",
            "id": "sample_096_0048_000029",
            "annotations": [
                {
                    "word": "LOG-8a9b-20260124",
                    "start": 44,
                    "end": 61,
                    "label": "기밀정보"
                }
            ]
        },
        {
            "sentence": "결론 및 실행 항목: 운영팀, 인텔리전스, 법무, 규정준수 담당자는 본 문서 필수 필드를 검토하고 상호 검증을 수행한다.",
            "id": "sample_096_0048_000030",
            "annotations": []
        }
    ]
}