{
    "document_id": "096_0022",
    "document_title": "임원 경호 및 개인 보안 운영계획서(가명 클라이언트)",
    "data": [
        {
            "sentence": "본 문서는 임원 경호 및 개인 보안 서비스 운영을 위한 기술적·운영적 지침과 샘플 데이터를 포함합니다.",
            "id": "sample_096_0022_000001",
            "annotations": []
        },
        {
            "sentence": "목적은 보호대상 안전 확보와 증거보존, 접근통제, 감사 추적을 통해 법적·운영적 책임을 명확히 하는 데 있습니다.",
            "id": "sample_096_0022_000002",
            "annotations": []
        },
        {
            "sentence": "보호대상 프로필(가명)은 시스템 식별키로 가명화된 client_uuid: 9f1e4a2b-8c3d-4a4b-9a2f-1d2b3c4e5f6a 로 관리됩니다.",
            "id": "sample_096_0022_000003",
            "annotations": [
                {
                    "word": "9f1e4a2b-8c3d-4a4b-9a2f-1d2b3c4e5f6a",
                    "start": 41,
                    "end": 77,
                    "label": "개인정보"
                }
            ]
        },
        {
            "sentence": "보호대상 기본정보는 가명과 준식별자 분리를 적용하여 기재하며, 표시 예시는 이름 백도이, 생년월일 [연]:1975, [월]:08, [일]:12, 주소(시군구): 서울특별시 강남구 입니다.",
            "id": "sample_096_0022_000004",
            "annotations": [
                {
                    "word": "백도이",
                    "start": 45,
                    "end": 48,
                    "label": "개인정보"
                },
                {
                    "word": "1975",
                    "start": 59,
                    "end": 63,
                    "label": "준식별자"
                },
                {
                    "word": "08",
                    "start": 69,
                    "end": 71,
                    "label": "준식별자"
                },
                {
                    "word": "12",
                    "start": 77,
                    "end": 79,
                    "label": "준식별자"
                },
                {
                    "word": "서울특별시 강남구",
                    "start": 90,
                    "end": 99,
                    "label": "준식별자"
                }
            ]
        },
        {
            "sentence": "건강 취약점은 의료기록 원본을 포함하지 않고 메타데이터만 기록하며 응급대응 절차에 따라 비식별 처리합니다.",
            "id": "sample_096_0022_000005",
            "annotations": []
        },
        {
            "sentence": "위협평가는 외부 위협 행위자, 소셜 미디어 모니터링, 물리·사이버 시나리오로 구분하여 등급화된 enum 위협레벨로 표준화합니다.",
            "id": "sample_096_0022_000006",
            "annotations": []
        },
        {
            "sentence": "모터케이드 일정 샘플은 타임스탬프와 좌표를 포함하며 예시로 출발 2026-01-24T09:15:00Z 위치 37.4979,127.0276 도착 예상 2026-01-24T09:22:30Z 위치 37.5031,127.0245 로 표기합니다.",
            "id": "sample_096_0022_000007",
            "annotations": [
                {
                    "word": "2026-01-24T09:15:00Z",
                    "start": 36,
                    "end": 56,
                    "label": "준식별자"
                },
                {
                    "word": "37.4979,127.0276",
                    "start": 60,
                    "end": 76,
                    "label": "준식별자"
                },
                {
                    "word": "2026-01-24T09:22:30Z",
                    "start": 83,
                    "end": 103,
                    "label": "준식별자"
                },
                {
                    "word": "37.5031,127.0245",
                    "start": 107,
                    "end": 123,
                    "label": "준식별자"
                }
            ]
        },
        {
            "sentence": "실시간 텔레메트리는 ISO8601 UTC 타임스탬프, 위도·경도, 속도(km/h), 차량 상태 코드를 함께 전송하며 도로망 제약을 반영합니다.",
            "id": "sample_096_0022_000008",
            "annotations": []
        },
        {
            "sentence": "CCTV 메타데이터는 카메라 ID cam-9a3b7f, 녹화 타임스탬프, 해상도, 보관위치, 체인오브커스터디 참조만 저장하며 원본 영상은 별도 증거 보존 프로세스로 관리합니다.",
            "id": "sample_096_0022_000009",
            "annotations": [
                {
                    "word": "cam-9a3b7f",
                    "start": 19,
                    "end": 29,
                    "label": "기밀정보"
                }
            ]
        },
        {
            "sentence": "바디캠 메타데이터는 장비 식별자 bodycam-4d2f, 촬영 시작·종료 타임스탬프, 파일 체크섬, 저장 위치 메타로 대체합니다.",
            "id": "sample_096_0022_000010",
            "annotations": [
                {
                    "word": "bodycam-4d2f",
                    "start": 18,
                    "end": 30,
                    "label": "기밀정보"
                }
            ]
        },
        {
            "sentence": "증거 보존 기록은 증거ID ev-20260124-001 와 체인오브커스터디 로그를 포함하며 서명자는 사례별로 기록합니다; 서명 예시 전건아 가 검토 및 서명하였습니다.",
            "id": "sample_096_0022_000011",
            "annotations": [
                {
                    "word": "ev-20260124-001",
                    "start": 15,
                    "end": 30,
                    "label": "기밀정보"
                },
                {
                    "word": "전건아",
                    "start": 74,
                    "end": 77,
                    "label": "개인정보"
                }
            ]
        },
        {
            "sentence": "통신 기록에는 암호화 여부와 키관리 메타를 포함하며 내부 VPN 및 로그 식별자로 예시 10.8.0.5 와 KMS 키 ID kms-key-01 을 참조합니다.",
            "id": "sample_096_0022_000012",
            "annotations": [
                {
                    "word": "10.8.0.5",
                    "start": 49,
                    "end": 57,
                    "label": "기밀정보"
                },
                {
                    "word": "kms-key-01",
                    "start": 69,
                    "end": 79,
                    "label": "기밀정보"
                }
            ]
        },
        {
            "sentence": "사건보고서는 사건 요약, 증거 목록, 초기 대응사, 후속 조치 및 SLA 위반 여부를 기술하며 관련 시스템 로그를 연결합니다.",
            "id": "sample_096_0022_000013",
            "annotations": []
        },
        {
            "sentence": "배경조사 섹션은 조사자 식별과 조사ID를 포함하며 예시 조사자 차지범 와 조사번호 bg-8873 를 내부 참조로 기록합니다.",
            "id": "sample_096_0022_000014",
            "annotations": [
                {
                    "word": "차지범",
                    "start": 35,
                    "end": 38,
                    "label": "개인정보"
                },
                {
                    "word": "bg-8873",
                    "start": 46,
                    "end": 53,
                    "label": "기밀정보"
                }
            ]
        },
        {
            "sentence": "근무자 배치표 예시는 팀 리더 차지범(근무ID: a1b2c3d4-1111-4444-5555-a1b2c3d4e5f6), 부팀장 안우재(근무ID: b2c3d4e5-2222-5555-6666-b2c3d4e5f6a7),",
            "id": "sample_096_0022_000015",
            "annotations": [
                {
                    "word": "차지범",
                    "start": 17,
                    "end": 20,
                    "label": "개인정보"
                },
                {
                    "word": "a1b2c3d4-1111-4444-5555-a1b2c3d4e5f6",
                    "start": 27,
                    "end": 63,
                    "label": "개인정보"
                },
                {
                    "word": "안우재",
                    "start": 70,
                    "end": 73,
                    "label": "개인정보"
                },
                {
                    "word": "b2c3d4e5-2222-5555-6666-b2c3d4e5f6a7",
                    "start": 80,
                    "end": 116,
                    "label": "개인정보"
                }
            ]
        },
        {
            "sentence": "계속: 경호원 강선희(근무ID: c3d4e5f6-3333-6666-7777-c3d4e5f6a7b8), 보조 김은수(근무ID: d4e5f6a7-4444-7777-8888-d4e5f6a7b8c9),",
            "id": "sample_096_0022_000016",
            "annotations": [
                {
                    "word": "강선희",
                    "start": 8,
                    "end": 11,
                    "label": "개인정보"
                },
                {
                    "word": "c3d4e5f6-3333-6666-7777-c3d4e5f6a7b8",
                    "start": 18,
                    "end": 54,
                    "label": "개인정보"
                },
                {
                    "word": "김은수",
                    "start": 60,
                    "end": 63,
                    "label": "개인정보"
                },
                {
                    "word": "d4e5f6a7-4444-7777-8888-d4e5f6a7b8c9",
                    "start": 70,
                    "end": 106,
                    "label": "개인정보"
                }
            ]
        },
        {
            "sentence": "계속: 의료 담당 손희자(근무ID: e5f6a7b8-5555-8888-9999-e5f6a7b8c9d0), 장비 담당 손정필(근무ID: f6a7b8c9-6666-9999-0000-f6a7b8c9d0e1) 으로 표기합니다.",
            "id": "sample_096_0022_000017",
            "annotations": [
                {
                    "word": "손희자",
                    "start": 10,
                    "end": 13,
                    "label": "개인정보"
                },
                {
                    "word": "e5f6a7b8-5555-8888-9999-e5f6a7b8c9d0",
                    "start": 20,
                    "end": 56,
                    "label": "개인정보"
                },
                {
                    "word": "손정필",
                    "start": 65,
                    "end": 68,
                    "label": "개인정보"
                },
                {
                    "word": "f6a7b8c9-6666-9999-0000-f6a7b8c9d0e1",
                    "start": 75,
                    "end": 111,
                    "label": "개인정보"
                }
            ]
        },
        {
            "sentence": "교육 및 자격증 기록은 인증서 ID cert-2025-334 와 만료일을 포함하고, 검증 가능한 해시와 발급기관 메타로 보관합니다.",
            "id": "sample_096_0022_000018",
            "annotations": [
                {
                    "word": "cert-2025-334",
                    "start": 20,
                    "end": 33,
                    "label": "기밀정보"
                }
            ]
        },
        {
            "sentence": "응급의료 절차는 환자 개인식별정보를 제외하고 응급처치 흐름과 외부구급차 연계 메타를 기록합니다.",
            "id": "sample_096_0022_000019",
            "annotations": []
        },
        {
            "sentence": "장비 및 차량 정비 로그는 정비티켓 maint-555 및 차량 식별 veh-77a3 를 사용해 체계적으로 추적하며 정비 이력과 부품 교체 내역을 보관합니다.",
            "id": "sample_096_0022_000020",
            "annotations": [
                {
                    "word": "veh-77a3",
                    "start": 38,
                    "end": 46,
                    "label": "기밀정보"
                },
                {
                    "word": "maint-555",
                    "start": 20,
                    "end": 29,
                    "label": "기밀정보"
                }
            ]
        },
        {
            "sentence": "법적 문서 섹션에는 계약서 및 비밀유지협약 참조로 NDA-2025-LL 을 명시하고 관련 접근 권한과 보관기간을 명확히 합니다.",
            "id": "sample_096_0022_000021",
            "annotations": [
                {
                    "word": "NDA-2025-LL",
                    "start": 28,
                    "end": 39,
                    "label": "기밀정보"
                }
            ]
        },
        {
            "sentence": "규정준수 및 감사 로그는 변경 불가능성 요구를 반영하여 append-only 로 ledger-9 에 저장하고 감사 추적을 유지합니다.",
            "id": "sample_096_0022_000022",
            "annotations": [
                {
                    "word": "ledger-9",
                    "start": 45,
                    "end": 53,
                    "label": "기밀정보"
                }
            ]
        },
        {
            "sentence": "SLA 및 에스컬레이션 플로우는 위협레벨 enum 에 따라 자동 알림과 권한변동을 적용하며 기본 응답시간 Triage SLA: 15 minutes 로 정의합니다.",
            "id": "sample_096_0022_000023",
            "annotations": []
        },
        {
            "sentence": "데이터 수명주기 정책은 수집, 보존, 비식별화, 삭제 순으로 정의하며 보존기간은 일반 문서는 7년, 증거는 보존 예외 규정에 따릅니다.",
            "id": "sample_096_0022_000024",
            "annotations": []
        },
        {
            "sentence": "익명화·가명화 규칙은 GDPR 및 지역법을 고려해 설계하며 테스트 데이터는 항상 비식별화 상태로 유지됩니다.",
            "id": "sample_096_0022_000025",
            "annotations": []
        },
        {
            "sentence": "필수 검토자는 ops, 인텔리전스, 법무, 규정준수 담당자로 지정하고 접근 권한은 최소 권한 원칙으로 관리합니다.",
            "id": "sample_096_0022_000026",
            "annotations": []
        },
        {
            "sentence": "감사 로그와 이벤트는 위변조 방지를 위해 WORM 스토리지에 보관하고 모든 변경은 append-only 형태로 기록합니다.",
            "id": "sample_096_0022_000027",
            "annotations": []
        },
        {
            "sentence": "비상연락 체크리스트는 토큰화된 연락 정보로 대체하며 예시 contact_token_6f1a 가 내부 통신 식별자로 사용됩니다.",
            "id": "sample_096_0022_000028",
            "annotations": [
                {
                    "word": "contact_token_6f1a",
                    "start": 32,
                    "end": 50,
                    "label": "기밀정보"
                }
            ]
        },
        {
            "sentence": "증거 보존 예외는 고도의 조사 필요시 원본 영상 보관을 허용하되 보관기간 30일과 접근 로그를 엄격히 제한합니다.",
            "id": "sample_096_0022_000029",
            "annotations": []
        },
        {
            "sentence": "문서 최종 검토자는 주경애 가 명시되어 있으며 정기 검토 주기는 분기별로 설정됩니다.",
            "id": "sample_096_0022_000030",
            "annotations": [
                {
                    "word": "주경애",
                    "start": 11,
                    "end": 14,
                    "label": "개인정보"
                }
            ]
        }
    ]
}