{
    "document_id": "027_0033",
    "document_title": "2026 F/W 리니어 레더 재킷 메타데이터 통합 레코드",
    "data": [
        {
            "sentence": "패션 상품 메타데이터 통합 레코드: 2026 F/W 컬렉션에 대한 상세 제품 및 운영 메타데이터를 문서화합니다.",
            "id": "sample_027_0033_000001",
            "annotations": []
        },
        {
            "sentence": "제품 SKU: FAS-2026-000123; 제품명: '리니어 레더 재킷'; 카테고리: 의류; 서브카테고리: 재킷.",
            "id": "sample_027_0033_000002",
            "annotations": []
        },
        {
            "sentence": "브랜드: NOVA&CO; 시즌: 2026 F/W; 출시일: 2026-09-15; 원산지(제조국): 베트남(VN).",
            "id": "sample_027_0033_000003",
            "annotations": []
        },
        {
            "sentence": "컬러 표준화: 본 아이템 메인컬러는 'Brick Red'이며 Pantone 코드 Pantone 19-1664 TCX와 내부 컬러코드 NV-RED-03로 정규화되었습니다.",
            "id": "sample_027_0033_000004",
            "annotations": []
        },
        {
            "sentence": "사이즈 표준 매핑: EU(S/M/L)→ASIA(KR) 변환표준 포함, 예시 S(EU 36)=KR 85(가슴둘레) 등; 모든 사이즈 수치는 cm/inch로 병기합니다.",
            "id": "sample_027_0033_000005",
            "annotations": []
        },
        {
            "sentence": "권장 신체 치수(사이즈 차트): S(가슴 88cm/34.6inch, 허리 72cm/28.3inch), M(가슴 94cm/37.0inch), L(가슴 100cm/39.4inch); 단위: cm/inch.",
            "id": "sample_027_0033_000006",
            "annotations": []
        },
        {
            "sentence": "소재 및 혼용률: 겉감 Genuine Leather 100%; 안감 Polyester 60% / Cotton 40%; 트리밍 Metal 100% 니켈 프리 표기.",
            "id": "sample_027_0033_000007",
            "annotations": []
        },
        {
            "sentence": "케어 라벨: 손세탁 권장, 중성세제 사용, 비틀기 금지, 드라이클리닝 가능(P) 표기; 모든 세탁 지침은 ISO 3758 표준을 준수합니다.",
            "id": "sample_027_0033_000008",
            "annotations": []
        },
        {
            "sentence": "제품 이미지: https://cdn.nova.co/products/FAS-2026-000123_1.jpg, https://cdn.nova.co/products/FAS-2026-000123_2.jpg; 저작권자: NOVA Studio; 사용권한: 상업적 사용 허가; 모델 릴리스: 있음(모델: 장선빈); 해상도: 4000x6000px; 포맷: JPEG; EXIF 포함.",
            "id": "sample_027_0033_000009",
            "annotations": [
                {
                    "word": "장선빈",
                    "start": 163,
                    "end": 166,
                    "label": "개인정보"
                }
            ]
        },
        {
            "sentence": "룩북 이미지 및 촬영 정보: lookbook URL https://lookbook.nova.co/2026FW/linear_jacket; 촬영자: 원규보(포토그래퍼); 사용권한: 에이전시 계약 기반; 해상도: 6000x9000px; 포맷: TIFF.",
            "id": "sample_027_0033_000010",
            "annotations": [
                {
                    "word": "원규보",
                    "start": 81,
                    "end": 84,
                    "label": "개인정보"
                }
            ]
        },
        {
            "sentence": "가격 이력: 정가 ￦298,000(기준통화 KRW) 2026-09-01T09:00:00Z, 세일가 ￦238,400(20% off) 적용 2026-10-01T00:00:00Z; USD 환산과 환율 변동 기록 보존.",
            "id": "sample_027_0033_000011",
            "annotations": []
        },
        {
            "sentence": "재고: 중앙창고(WHS-01)=120개, 매장A(WHS-02)=15개; 중앙창고 주소: 서울특별시 강남구 테헤란로 123, 5층 A호; 재고 타임스탬프: 2026-10-01T08:30:00Z.",
            "id": "sample_027_0033_000012",
            "annotations": [
                {
                    "word": "서울특별시 강남구 테헤란로 123, 5층 A호",
                    "start": 49,
                    "end": 74,
                    "label": "개인정보"
                }
            ]
        },
        {
            "sentence": "공급자 ID: SUP-00987; 공급자 법인명: Nova Leather Co., Ltd.; 계약 시작일: 2025-01-15; 공급자 기본사업자등록증 사본 보관.",
            "id": "sample_027_0033_000013",
            "annotations": []
        },
        {
            "sentence": "공급자 담당자: 민하슬, 연락처: 010-1234-5678, 이메일: min.haseul@example.com; 담당 업무: 공급망 커뮤니케이션 및 긴급 오더 조정.",
            "id": "sample_027_0033_000014",
            "annotations": [
                {
                    "word": "민하슬",
                    "start": 9,
                    "end": 12,
                    "label": "개인정보"
                },
                {
                    "word": "010-1234-5678",
                    "start": 19,
                    "end": 32,
                    "label": "개인정보"
                },
                {
                    "word": "min.haseul@example.com",
                    "start": 39,
                    "end": 61,
                    "label": "개인정보"
                }
            ]
        },
        {
            "sentence": "생산 배치/로트: LOT-202609-A3, 생산일자: 2026-08-20, 제조공장: VN-Factory-05(하노이지역), 생산수량: 500개; 배치별 라벨링과 추적코드 포함.",
            "id": "sample_027_0033_000015",
            "annotations": []
        },
        {
            "sentence": "품질검사 리포트: 검사결과 합격(PASS); 검사기관: Q-Lab Korea; 검사자: 안영희; 검사일자: 2026-08-25; 리포트 URL: https://qa.nova.co/reports/LOT-202609-A3.pdf.",
            "id": "sample_027_0033_000016",
            "annotations": [
                {
                    "word": "안영희",
                    "start": 49,
                    "end": 52,
                    "label": "개인정보"
                }
            ]
        },
        {
            "sentence": "인증서: OEKO-TEX Standard 100 발행자: OEKO-TEX Association, 발행일: 2026-01-10, 유효기간: 2027-01-09, 문서원본 URL: https://certs.oeko-tex.org/OEKO-2026-00045.pdf.",
            "id": "sample_027_0033_000017",
            "annotations": []
        },
        {
            "sentence": "반품/교환 이력(최근 12개월): 총 반품 27건, 교환 9건; 주요 사유 코드: R01(사이즈불일치) 56%, R03(제품하자) 18%; 집계기간: 2025-10-01~2026-09-30; 샘플수 N=4,150.",
            "id": "sample_027_0033_000018",
            "annotations": []
        },
        {
            "sentence": "고객 사이즈 피드백(익명화·표준화): 표본 집계 결과 평소 착용사이즈 M 사용자는 본 제품 M을 '타이트'로 보고하였고, 평균 보정치로 +2cm를 권장합니다; 개인식별정보는 제거됨.",
            "id": "sample_027_0033_000019",
            "annotations": []
        },
        {
            "sentence": "트렌드 메타: 해시태그 #linearjacket #2026FW 집계, 소스: Instagram API 및 Twitter public stream, 집계기간: 2026-07-01~2026-09-30, 총 샘플수: 12,450; 노이즈 제거 정책 적용.",
            "id": "sample_027_0033_000020",
            "annotations": []
        },
        {
            "sentence": "탄소발자국: 제품당 3.45 kgCO2e(원료채굴→최종생산 포함), 산출방법 GHG Protocol 기준, 산출일: 2026-02-15; 검증기관: GreenMetrics 발행 및 보고서 보관.",
            "id": "sample_027_0033_000021",
            "annotations": []
        },
        {
            "sentence": "REACH 시험 결과: 중금속 불검출; 시험기관: EuroTest Labs; 리포트 URL: https://compliance.nova.co/reach/LOT-202609-A3.pdf; 성분검증 및 문서 보관 의무 준수.",
            "id": "sample_027_0033_000022",
            "annotations": []
        },
        {
            "sentence": "사이즈 분포(판매량 기반): S 18%, M 56%, L 26%; 반품률(전체): 6.4%이며 계절성에 따른 변동을 반영한 통계입니다.",
            "id": "sample_027_0033_000023",
            "annotations": []
        },
        {
            "sentence": "다국어 리스팅: title_ko='리니어 레더 재킷', title_en='Linear Leather Jacket', description_ko 및 description_en 별도 필드 유지, 자동 번역만 의존하지 않음.",
            "id": "sample_027_0033_000024",
            "annotations": []
        },
        {
            "sentence": "추가 이미지 메타: EXIF 카메라모델 Canon EOS R5, 렌즈 RF24-70mm, 촬영자 송형석, 모델 릴리스 보관: PDF 스캔본(저장소 참조), 사용권 유형: 전세계 독점 사용(계약서 포함).",
            "id": "sample_027_0033_000025",
            "annotations": [
                {
                    "word": "송형석",
                    "start": 54,
                    "end": 57,
                    "label": "개인정보"
                }
            ]
        },
        {
            "sentence": "내부 메모(기밀): 내부 저장소 경로 intranet://prod/images/027_FAS/000123, 회계용 은행계좌번호(검증용) 110-2233-4455, 내부 단가(비공개): KRW 120,000.",
            "id": "sample_027_0033_000026",
            "annotations": [
                {
                    "word": "intranet://prod/images/027_FAS/000123",
                    "start": 21,
                    "end": 58,
                    "label": "기밀정보"
                },
                {
                    "word": "110-2233-4455",
                    "start": 76,
                    "end": 89,
                    "label": "기밀정보"
                }
            ]
        },
        {
            "sentence": "재고 동기화 및 승인 로그: 2026-10-01T09:12:00Z에 재고 병합 실행, 담당자 배성연 승인, 충돌 해결 방식: 서버 측 롤백 우선 정책.",
            "id": "sample_027_0033_000027",
            "annotations": [
                {
                    "word": "배성연",
                    "start": 52,
                    "end": 55,
                    "label": "기밀정보"
                }
            ]
        },
        {
            "sentence": "규제·인증 스캔본 저장소: https://vault.nova.co/certs/027_000123.zip(접속제한); 문서 메타에 발행자, 유효기간, 원본 URL을 명시하여 검증 가능하도록 관리합니다.",
            "id": "sample_027_0033_000028",
            "annotations": [
                {
                    "word": "https://vault.nova.co/certs/027_000123.zip",
                    "start": 15,
                    "end": 57,
                    "label": "기밀정보"
                }
            ]
        },
        {
            "sentence": "액션 아이템: 사이즈 보정 +2cm 권장 적용, 제품 상세페이지에 권장 착장 사진 추가, 룩북 촬영시 모델 릴리스 일련번호 검증 절차 강화.",
            "id": "sample_027_0033_000029",
            "annotations": []
        },
        {
            "sentence": "문서 버전 및 변경이력: 버전 1.3, 작성자 공인철, 최종수정 2026-10-02T17:45:00Z; 다음 검토일: 2026-12-01.",
            "id": "sample_027_0033_000030",
            "annotations": [
                {
                    "word": "공인철",
                    "start": 26,
                    "end": 29,
                    "label": "개인정보"
                }
            ]
        }
    ]
}