{
    "document_id": "027_0064",
    "document_title": "2025 F/W 여성 니트 자켓 상품 메타데이터 및 컴플라이언스 리포트",
    "data": [
        {
            "sentence": "문서 개요: 본 문서는 2025 F/W 여성 니트 자켓(제품군)의 상품 메타데이터, 컴플라이언스, 이미지 및 트렌드 인사이트를 통합적으로 기록합니다.",
            "id": "sample_027_0064_000001",
            "annotations": []
        },
        {
            "sentence": "제품 기본정보: 제품 SKU: 027-0064-0001, 제품명: '아델라 울 블렌드 니트 자켓', 브랜드: HEMERA, 카탈로그 버전: v1.3.",
            "id": "sample_027_0064_000002",
            "annotations": []
        },
        {
            "sentence": "카테고리 및 서브카테고리: 카테고리 '의류', 서브카테고리 '여성 아우터(니트/가디건)', 상품 등급: Premium Ready-to-Wear.",
            "id": "sample_027_0064_000003",
            "annotations": []
        },
        {
            "sentence": "컬러 표준화: 제공 컬러는 Dark Charcoal(Pantone 432 C) 및 Oatmeal(Pantone 7527 C)로 정규화되어 내부 컬러코드와 매핑됩니다.",
            "id": "sample_027_0064_000004",
            "annotations": []
        },
        {
            "sentence": "사이즈 매핑: KR(95/100/105) / US(S/M/L) / EU(38/40/42), 표준 단위는 신체(cm) 및 제품(cm) 병기하며 inch 병기를 병기합니다.",
            "id": "sample_027_0064_000005",
            "annotations": []
        },
        {
            "sentence": "사이즈 차트(신체 치수 매핑): KR95=가슴 88cm 허리 70cm 소매길이 58cm; 치수 표기는 cm 및 inch 병기(1inch=2.54cm)로 제공합니다.",
            "id": "sample_027_0064_000006",
            "annotations": []
        },
        {
            "sentence": "소재 및 혼용률: 48% Merino Wool / 30% Acrylic / 15% Nylon / 7% Elastane로 명시하며 국제 표준 명칭과 혼용률(%)을 사용합니다.",
            "id": "sample_027_0064_000007",
            "annotations": []
        },
        {
            "sentence": "원산지 및 케어 라벨: 제조국 중국(Guangxi 제조공장), 케어 라벨: 손세탁 30°C 권장, 표백제 사용 금지, 드라이클리닝 가능으로 표기합니다.",
            "id": "sample_027_0064_000008",
            "annotations": []
        },
        {
            "sentence": "제품 이미지 메타데이터: 이미지 URL(다중) https://cdn.brand.co/images/027_0064_front.jpg 등 4종, 저작권: HEMERA, 사용권한: Commercial Royalty-Free, 해상도: 4000x6000px, 포맷: JPEG, EXIF 포함.",
            "id": "sample_027_0064_000009",
            "annotations": []
        },
        {
            "sentence": "룩북/모델 이미지: 모델 류시원 관련 모델 릴리스 동의서 보관(발행자: HEMERA Creative), 사용권: 글로벌 상업적 사용 허가로 문서화되었습니다.",
            "id": "sample_027_0064_000010",
            "annotations": [
                {
                    "word": "류시원",
                    "start": 14,
                    "end": 17,
                    "label": "개인정보"
                }
            ]
        },
        {
            "sentence": "가격(정가/할인가/통화): 정가 269,000 KRW, 할인가 199,000 KRW, 통화 지원: KRW, USD, EUR, 할인 적용 타임스탬프: 2025-09-10T09:15:00+09:00.",
            "id": "sample_027_0064_000011",
            "annotations": []
        },
        {
            "sentence": "가격 이력 및 환율 기록: 2025-08-01T00:00:00+09:00 269000 KRW → 2025-09-10T09:15:00+09:00 199000 KRW, 환율 스냅샷 2025-09-10T09:00:00Z (1 USD = 1190 KRW) 저장.",
            "id": "sample_027_0064_000012",
            "annotations": []
        },
        {
            "sentence": "재고 및 창고별 수량(타임스탬프 포함): W-HQ(서울) 120개(2025-09-15T10:00:00+09:00), W-EU(네덜란드) 40개(2025-09-15T02:00:00Z), 실시간 동기화 정책 적용.",
            "id": "sample_027_0064_000013",
            "annotations": []
        },
        {
            "sentence": "공급자 정보: 공급자 ID SUPP-0042, 공급자명 FabricCo Ltd., 담당자: 배성희, 연락처: 010-1234-5678, 이메일: baeseong@fabricco.kr, 계약서 원본 URL 보관.",
            "id": "sample_027_0064_000014",
            "annotations": [
                {
                    "word": "배성희",
                    "start": 51,
                    "end": 54,
                    "label": "개인정보"
                },
                {
                    "word": "010-1234-5678",
                    "start": 61,
                    "end": 74,
                    "label": "개인정보"
                },
                {
                    "word": "baeseong@fabricco.kr",
                    "start": 81,
                    "end": 101,
                    "label": "개인정보"
                }
            ]
        },
        {
            "sentence": "생산 배치 및 로트: LOT-202509-A27, 생산일자: 2025-08-20, 포장별 로트 추적 태깅이 가능하도록 바코드/QR 매핑을 적용했습니다.",
            "id": "sample_027_0064_000015",
            "annotations": []
        },
        {
            "sentence": "품질검사 리포트: 검사결과 합격(PASS), 검사기관 QC Labs Co., 검사일 2025-08-25, 리포트 원본 URL: https://qc.example/reports/LOT-202509-A27.pdf.",
            "id": "sample_027_0064_000016",
            "annotations": []
        },
        {
            "sentence": "인증서 기록: GOTS 인증(인증번호 GTC-2024-334), 발행자 Global Textile Cert, 유효기간 2026-08-31, 문서 원본 URL 및 스캔본 보관으로 검증 가능하게 했습니다.",
            "id": "sample_027_0064_000017",
            "annotations": []
        },
        {
            "sentence": "반품/교환 이력: 최근 12개월 반품률 4.2%, 표준 반품 코드 세트(RC01 사이즈 불만, RC05 색상 불만 등)를 사용하여 제품 개선 이슈와 연동합니다.",
            "id": "sample_027_0064_000018",
            "annotations": []
        },
        {
            "sentence": "고객 사이즈 피드백(익명화 및 표준화): 익명ID user_2093, 생년월일: 1990-05-15, 성별: 여성, 키: 165cm, 몸무게: 58kg, 코멘트: 'M 사이즈가 타이트하지만 착용 가능'.",
            "id": "sample_027_0064_000019",
            "annotations": [
                {
                    "word": "user_2093",
                    "start": 28,
                    "end": 37,
                    "label": "개인정보"
                },
                {
                    "word": "1990-05-15",
                    "start": 45,
                    "end": 55,
                    "label": "준식별자"
                },
                {
                    "word": "여성",
                    "start": 61,
                    "end": 63,
                    "label": "준식별자"
                },
                {
                    "word": "165cm",
                    "start": 68,
                    "end": 73,
                    "label": "준식별자"
                },
                {
                    "word": "58kg",
                    "start": 80,
                    "end": 84,
                    "label": "준식별자"
                }
            ]
        },
        {
            "sentence": "트렌드 메타: 해시태그 #cozyknit #sustainable 수집 출처: Instagram, 집계 기간 2025-06-01~2025-09-01, 샘플 수 12,432(노이즈 제거 기준 최소 500 이상 충족).",
            "id": "sample_027_0064_000020",
            "annotations": []
        },
        {
            "sentence": "지속가능성 지표: 제품 단위 탄소발자국 6.2 kgCO2e(scope1-3 합산), 산출 방법론은 GHG Protocol을 준용하며 계산일자 2025-09-01 표기.",
            "id": "sample_027_0064_000021",
            "annotations": []
        },
        {
            "sentence": "화학물질 검사(REACH): 검사기관 ChemSafe, 결과 PAHs 불검출, 테스트 리포트 URL: https://lab.example/reach/027_0064_report.pdf, 발행일 2025-08-28.",
            "id": "sample_027_0064_000022",
            "annotations": []
        },
        {
            "sentence": "규제 준수(CPSIA 등): 발행자 SafeKids Institute, 검증 문서 및 스캔본 포함, 유효기간 2026-01-31, 미국 시장 진출 시 제출 서류로 보관합니다.",
            "id": "sample_027_0064_000023",
            "annotations": []
        },
        {
            "sentence": "내부 시스템 비공개 URL: 내부 재고/주문 시스템(비공개) https://internal.corp/stock/027_0064, 접근 권한은 운영팀 전용으로 제한되어 있습니다.",
            "id": "sample_027_0064_000024",
            "annotations": [
                {
                    "word": "https://internal.corp/stock/027_0064",
                    "start": 34,
                    "end": 70,
                    "label": "기밀정보"
                }
            ]
        },
        {
            "sentence": "공급자 결제 정보(기밀): 은행 기업은행, 계좌번호: 123-456-789012, 계좌명 FabricCo Ltd., 결제 조건 및 송금 히스토리 문서 보관을 명시합니다.",
            "id": "sample_027_0064_000025",
            "annotations": [
                {
                    "word": "123-456-789012",
                    "start": 30,
                    "end": 44,
                    "label": "기밀정보"
                }
            ]
        },
        {
            "sentence": "내부 결재선 및 승인 로그: 결재자 허태호(프로덕트 매니저) 승인 기록 보관, 결재일자 및 감사 로그를 연계하여 이력 추적합니다.",
            "id": "sample_027_0064_000026",
            "annotations": [
                {
                    "word": "허태호",
                    "start": 20,
                    "end": 23,
                    "label": "개인정보"
                }
            ]
        },
        {
            "sentence": "다중 통화 및 환율 관리 정책: 환율 출처는 Bank of Korea API로 명시하며 환율 변동 스냅샷을 타임스탬프와 함께 보관합니다.",
            "id": "sample_027_0064_000027",
            "annotations": []
        },
        {
            "sentence": "시즌성 반영 및 반품 상관관계: F/W 시즌 판매 피크는 9월~11월, 평균 반품률 4.2%이며 사이즈별 반품 상관관계 분석 결과를 포함합니다.",
            "id": "sample_027_0064_000028",
            "annotations": []
        },
        {
            "sentence": "사이즈 표준화 지침: 국가별 표준 매핑을 따르며 단위는 cm 및 inch 병기, 예시 KR100 = US M = EU 40으로 내부 매핑 테이블에 등록되어 있습니다.",
            "id": "sample_027_0064_000029",
            "annotations": []
        },
        {
            "sentence": "결론 및 액션 아이템: 인증 원본 검증, 이미지 EXIF 검토, 리콜 리스크 분석; 문의 담당자: 최시윤, 이메일: cs_team@brand.co.kr, 전화: 02-555-0100.",
            "id": "sample_027_0064_000030",
            "annotations": [
                {
                    "word": "최시윤",
                    "start": 55,
                    "end": 58,
                    "label": "개인정보"
                },
                {
                    "word": "cs_team@brand.co.kr",
                    "start": 65,
                    "end": 84,
                    "label": "개인정보"
                },
                {
                    "word": "02-555-0100",
                    "start": 90,
                    "end": 101,
                    "label": "개인정보"
                }
            ]
        }
    ]
}