{
    "document_id": "027_0015",
    "document_title": "URBAN MODULAR 2025 S/S 제품 메타데이터 및 컴플라이언스 리포트",
    "data": [
        {
            "sentence": "제품 카탈로그 문서로 본 파일은 2025 S/S 'Urban Modular' 컬렉션의 상품 메타데이터와 검증문서를 포함합니다.",
            "id": "sample_027_0015_000001",
            "annotations": []
        },
        {
            "sentence": "본 문서는 패션 및 의류 범주에 해당하는 우먼스 코트와 액세서리의 설계·제조·유통 관련 메타데이터를 체계화합니다.",
            "id": "sample_027_0015_000002",
            "annotations": []
        },
        {
            "sentence": "제품 식별은 SKU 기반으로 수행되며 예시 SKU는 URB-COAT-0001로 내부 카탈로그와 매칭되어 저장됩니다.",
            "id": "sample_027_0015_000003",
            "annotations": []
        },
        {
            "sentence": "제품명은 'URBAN MODULAR 울 블렌드 더블 브레스티드 코트'이며 다국어 리스팅은 ko, en, ja 각각의 필드를 수동 검수하여 제공합니다.",
            "id": "sample_027_0015_000004",
            "annotations": []
        },
        {
            "sentence": "브랜드는 MODO이며 공급자 ID는 SUP-2048로 관리되고 해당 ID를 통해 공급망 문서가 연동됩니다.",
            "id": "sample_027_0015_000005",
            "annotations": []
        },
        {
            "sentence": "컬러는 내부 컬러코드 MODO-431과 국제표준 Pantone 19-4007 TCX로 정규화되어 카탈로그에 기록됩니다.",
            "id": "sample_027_0015_000006",
            "annotations": []
        },
        {
            "sentence": "사이즈는 국가별 표준 매핑을 준수하여 KR, US, UK, EU 사이즈를 포함하며 단위는 cm 및 inch를 병기합니다.",
            "id": "sample_027_0015_000007",
            "annotations": []
        },
        {
            "sentence": "예시 사이즈 차트: KR 90(가슴 84 cm·허리 76 cm), KR 95(가슴 88 cm·허리 80 cm)으로 신체 치수 매핑을 제공합니다.",
            "id": "sample_027_0015_000008",
            "annotations": []
        },
        {
            "sentence": "소재 표기는 Wool 60%, Polyester 30%, Nylon 10%로 국제 통용 명칭과 혼용률을 퍼센트로 명확히 표기합니다.",
            "id": "sample_027_0015_000009",
            "annotations": []
        },
        {
            "sentence": "원산지는 대한민국(KR)으로 표기하고 케어 라벨은 '드라이클리닝 권장, 표백제 사용 금지'로 표준화합니다.",
            "id": "sample_027_0015_000010",
            "annotations": []
        },
        {
            "sentence": "제품 이미지 URL은 CDN 링크(https://cdn.modo.com/027/URB-COAT-0001_1.jpg)로 다수 제공되며 해상도 4000x6000px, 포맷 JPEG, EXIF 메타데이터를 포함합니다.",
            "id": "sample_027_0015_000011",
            "annotations": []
        },
        {
            "sentence": "이미지 저작권자는 MODO Creative Studio이며 사용 권한은 'Royalty-free for e-commerce and marketing'으로 명시되어 모델 릴리스가 첨부됩니다.",
            "id": "sample_027_0015_000012",
            "annotations": []
        },
        {
            "sentence": "룩북 및 모델 이미지 원본 파일은 내부 경로 /srv/prod/assets/027/lookbook_URB-COAT.psd에 보관되어 있으며 접근 권한 로그가 기록됩니다.",
            "id": "sample_027_0015_000013",
            "annotations": [
                {
                    "word": "/srv/prod/assets/027/lookbook_URB-COAT.psd",
                    "start": 25,
                    "end": 67,
                    "label": "기밀정보"
                }
            ]
        },
        {
            "sentence": "가격은 권장소비자가격(MSRP) 349,000 KRW이며 현재 할인가 279,200 KRW로 다중 통화를 지원합니다.",
            "id": "sample_027_0015_000014",
            "annotations": []
        },
        {
            "sentence": "가격 이력은 타임스탬프와 환율 변동 로그를 함께 보관하여 예시로 2025-01-03T09:00:00Z 기준 환율 데이터를 유지합니다.",
            "id": "sample_027_0015_000015",
            "annotations": []
        },
        {
            "sentence": "재고는 창고별로 동기화되며 창고A(서울) 재고 120개, 창고B(부산) 재고 45개에 대해 2025-01-05T08:30:00Z 타임스탬프를 기록합니다.",
            "id": "sample_027_0015_000016",
            "annotations": []
        },
        {
            "sentence": "공급자 연락처는 검증문서에 기반해 등록되며 담당자 배남수의 업무용 이메일 bns@modo-supp.kr 및 내선번호 02-555-2310이 문서에 기재되어 있습니다.",
            "id": "sample_027_0015_000017",
            "annotations": [
                {
                    "word": "배남수",
                    "start": 28,
                    "end": 31,
                    "label": "개인정보"
                },
                {
                    "word": "bns@modo-supp.kr",
                    "start": 41,
                    "end": 57,
                    "label": "개인정보"
                },
                {
                    "word": "02-555-2310",
                    "start": 65,
                    "end": 76,
                    "label": "개인정보"
                }
            ]
        },
        {
            "sentence": "공급자 본사 상세 주소는 서울특별시 강남구 테헤란로 88, 9층 (우편번호 06100)으로 계약서에 표기되어 있습니다.",
            "id": "sample_027_0015_000018",
            "annotations": [
                {
                    "word": "서울특별시 강남구 테헤란로 88, 9층 (우편번호 06100)",
                    "start": 14,
                    "end": 48,
                    "label": "개인정보"
                }
            ]
        },
        {
            "sentence": "공급자 결제 정보에는 내부 결제용 계좌번호 110-234567-89-01(우리은행)이 등록되어 있으며 결제 로그와 연동됩니다.",
            "id": "sample_027_0015_000019",
            "annotations": [
                {
                    "word": "110-234567-89-01",
                    "start": 24,
                    "end": 40,
                    "label": "기밀정보"
                }
            ]
        },
        {
            "sentence": "생산 배치는 LOT-202412A로 표기되고 생산일은 2024-12-15이며 로트별 추적을 위해 검사 리포트와 연계됩니다.",
            "id": "sample_027_0015_000020",
            "annotations": []
        },
        {
            "sentence": "품질검사 리포트는 항목별 합격으로 기록되고 검사원은 내부 익명화 코드로 표기되나 최종 승인 담당자 오지은의 서명이 PDF 스캔본에 포함됩니다.",
            "id": "sample_027_0015_000021",
            "annotations": [
                {
                    "word": "오지은",
                    "start": 55,
                    "end": 58,
                    "label": "개인정보"
                }
            ]
        },
        {
            "sentence": "품질검사 담당자 오지은의 직원정보에는 생년월일 1987-04-21 및 성별 여성으로 내부 HR 코드와 연동되어 기록됩니다.",
            "id": "sample_027_0015_000022",
            "annotations": [
                {
                    "word": "오지은",
                    "start": 9,
                    "end": 12,
                    "label": "개인정보"
                },
                {
                    "word": "1987-04-21",
                    "start": 26,
                    "end": 36,
                    "label": "준식별자"
                },
                {
                    "word": "여성",
                    "start": 42,
                    "end": 44,
                    "label": "준식별자"
                }
            ]
        },
        {
            "sentence": "인증서 정보: 친환경 섬유 인증(GOTS) 발행자 GlobalTextile, 인증번호 GOTS-2048, 유효기간 2026-11-30, 원본 URL https://certs.globaltextile.org/GOTS-2048.pdf.",
            "id": "sample_027_0015_000023",
            "annotations": []
        },
        {
            "sentence": "규제 준수 문서로 REACH 시험성적서 및 성분분석 결과를 보관하며 발행기관과 시험일자가 함께 표기되어 검증 가능하게 유지합니다.",
            "id": "sample_027_0015_000024",
            "annotations": []
        },
        {
            "sentence": "반품 이력 메트릭은 2024 Q4 반품률 6.8%이며 표준화된 반품사유 코드(R01:사이즈, R02:불량, R03:개인취향)를 사용합니다.",
            "id": "sample_027_0015_000025",
            "annotations": []
        },
        {
            "sentence": "고객 피드백은 익명화·표준화되어 저장되며 예시로 '키 170cm, 평소 95 사이즈 착용시 슬림한 핏'과 같이 신체 정보는 집계 템플릿으로 처리합니다.",
            "id": "sample_027_0015_000026",
            "annotations": [
                {
                    "word": "키 170cm",
                    "start": 28,
                    "end": 35,
                    "label": "준식별자"
                },
                {
                    "word": "95 사이즈",
                    "start": 40,
                    "end": 46,
                    "label": "준식별자"
                }
            ]
        },
        {
            "sentence": "트렌드 메타데이터는 해시태그 #UrbanMod, #MODOTrend를 2024-10-01~2025-01-05 기간 동안 Twitter·Instagram·Naver에서 집계하며 최소 샘플수 500건을 기준으로 노이즈 제거를 수행합니다.",
            "id": "sample_027_0015_000027",
            "annotations": []
        },
        {
            "sentence": "탄소발자국 지표는 제품 단위당 12.4 kgCO2e로 기록되며 계산방법과 배출계수 참조 문서를 메타데이터로 연결합니다.",
            "id": "sample_027_0015_000028",
            "annotations": []
        },
        {
            "sentence": "반송 라벨에 포함되는 고객 반품주소는 민감정보로 간주되어 암호화된 스토리지 및 접근통제 로그로 관리됩니다.",
            "id": "sample_027_0015_000029",
            "annotations": []
        },
        {
            "sentence": "생산 담당자의 내부 사번은 2025-ENG-0087로 인사시스템에 연동되어 있으며 사번은 최소 권한 원칙으로 접근 제어됩니다.",
            "id": "sample_027_0015_000030",
            "annotations": [
                {
                    "word": "2025-ENG-0087",
                    "start": 15,
                    "end": 28,
                    "label": "개인정보"
                }
            ]
        }
    ]
}