{
    "document_id": "027_0010",
    "document_title": "2026 봄/여름 여성용 코튼 블렌드 재킷 제품 메타데이터 및 컴플라이언스 리포트",
    "data": [
        {
            "sentence": "문서 개요: 본 문서는 패션·의류 도메인의 제품 메타데이터와 컴플라이언스, 이미지 자산, 재고 및 트렌드 분석을 통합한 레퍼런스 파일입니다.",
            "id": "sample_027_0010_000001",
            "annotations": []
        },
        {
            "sentence": "제품 기본: SKU FAS-2026-0001, 제품명(ko) \"아틀리에 코튼 블렌드 재킷\", 제품명(en) \"Atelier Cotton Blend Jacket\".",
            "id": "sample_027_0010_000002",
            "annotations": []
        },
        {
            "sentence": "분류: 카테고리 \"의류(Apparel)\", 서브카테고리 \"여성 재킷(Women's Jackets)\", 브랜드 \"Lumière Studio\".",
            "id": "sample_027_0010_000003",
            "annotations": []
        },
        {
            "sentence": "컬러 표준화: 메인 컬러 PANTONE 19-4052 Classic Blue, 내부 컬러코드 C1001, 보조 컬러 PANTONE 11-0602 Brilliant White.",
            "id": "sample_027_0010_000004",
            "annotations": []
        },
        {
            "sentence": "사이즈 매핑: 한국(KR) S/M/L, 미국(US) XS/S/M, 유럽(EU) 36/38/40으로 매핑되며 치수는 아래 사이즈 차트의 단위로 표기합니다.",
            "id": "sample_027_0010_000005",
            "annotations": []
        },
        {
            "sentence": "사이즈 차트(신체 치수 매핑): KR M 기준 가슴둘레 92 cm (36.2 inch), 허리 74 cm (29.1 inch), 소매길이 60 cm (23.6 inch).",
            "id": "sample_027_0010_000006",
            "annotations": []
        },
        {
            "sentence": "원단 및 혼용률: 겉감 Cotton 60%, Polyester 40%; 안감 Polyester 100%; 모든 소재 표기는 국제 통용 명칭으로 백분율 표기입니다.",
            "id": "sample_027_0010_000007",
            "annotations": []
        },
        {
            "sentence": "원산지 및 생산지: 제조국 대한민국(REPUBLIC OF KOREA), 공장 소재지 도/시 레벨 표기 예시 경기도 화성시, 상세 공장 주소는 컴플라이언스 레코드에 별도 기록합니다.",
            "id": "sample_027_0010_000008",
            "annotations": [
                {
                    "word": "경기도 화성시",
                    "start": 60,
                    "end": 67,
                    "label": "준식별자"
                }
            ]
        },
        {
            "sentence": "공급자 정보: 공급자 ID SUP-34021, 담당자: 천정준, 직책: 구매담당자.",
            "id": "sample_027_0010_000009",
            "annotations": [
                {
                    "word": "천정준",
                    "start": 31,
                    "end": 34,
                    "label": "개인정보"
                }
            ]
        },
        {
            "sentence": "공급자 연락처: 담당자 전화 010-1234-5678, 이메일 jun.cheon@vendor.co.kr; 연락처는 내부 승인 절차에 따라 접근 제어됩니다.",
            "id": "sample_027_0010_000010",
            "annotations": [
                {
                    "word": "010-1234-5678",
                    "start": 16,
                    "end": 29,
                    "label": "개인정보"
                },
                {
                    "word": "jun.cheon@vendor.co.kr",
                    "start": 35,
                    "end": 57,
                    "label": "개인정보"
                }
            ]
        },
        {
            "sentence": "공장 상세 주소: 서울특별시 강남구 테헤란로 12, 5층(세부주소 포함)은 품질검사 및 물류 라벨링에 사용됩니다.",
            "id": "sample_027_0010_000011",
            "annotations": [
                {
                    "word": "서울특별시 강남구 테헤란로 12, 5층(세부주소 포함)",
                    "start": 10,
                    "end": 40,
                    "label": "개인정보"
                }
            ]
        },
        {
            "sentence": "관리자 내부식별: 관리자 사번 20231234(내부 식별자) 및 접근 권한 이력은 별도 기밀 로그에 보관합니다.",
            "id": "sample_027_0010_000012",
            "annotations": [
                {
                    "word": "20231234",
                    "start": 17,
                    "end": 25,
                    "label": "개인정보"
                }
            ]
        },
        {
            "sentence": "생산 배치/로트: 배치 LOT-26A-045, 생산일자 2026-02-10, 총 생산수량 3,200장으로 로트별 추적이 가능하게 기록합니다.",
            "id": "sample_027_0010_000013",
            "annotations": []
        },
        {
            "sentence": "품질검사 리포트: LOT-26A-045 검사 결과 합격(Pass), 검사자 코드 QI-77, 검사일자 2026-02-12, 검사 항목별 체크리스트 포함.",
            "id": "sample_027_0010_000014",
            "annotations": []
        },
        {
            "sentence": "제품 이미지 메타데이터: 제품 컷 3장, URL https://cdn.lumiere.co.kr/products/FAS-2026-0001/01.jpg, 포맷 JPEG, 해상도 4000x6000px, EXIF 포함.",
            "id": "sample_027_0010_000015",
            "annotations": []
        },
        {
            "sentence": "이미지 저작권 및 사용권: 저작권자(Photographer) 오광희, 사용권 Creative Commons (CC BY-NC-ND 4.0) 및 상업적 사용은 별도 라이선스 계약 필요.",
            "id": "sample_027_0010_000016",
            "annotations": [
                {
                    "word": "오광희",
                    "start": 34,
                    "end": 37,
                    "label": "개인정보"
                }
            ]
        },
        {
            "sentence": "룩북/모델 이미지: 룩북 PDF URL https://assets.lumiere.co.kr/lookbook/S2026_lkbk.pdf, 모델 이미지 포맷 WEBP, 모델 릴리스 확인서 보관.",
            "id": "sample_027_0010_000017",
            "annotations": []
        },
        {
            "sentence": "케어 라벨(세탁 지침): 세탁 기계 세탁 30°C 약세, 표백제 사용 금지, 중간 온도 다림질, 드라이클리닝 가능(P), 모든 라벨은 국제 ISO 3758 규격을 준수합니다.",
            "id": "sample_027_0010_000018",
            "annotations": []
        },
        {
            "sentence": "가격 및 통화 이력: 정가 KRW 179,000, 할인가 KRW 149,000(2026-03-01 09:00 KST 적용), 환율기록 USD/KRW 1,200.50(타임스탬프 2026-03-01T08:55:00Z) 보존.",
            "id": "sample_027_0010_000019",
            "annotations": []
        },
        {
            "sentence": "재고 현황(창고별, 타임스탬프): 물류센터 A(서울) 1,120장(2026-03-02T10:00:00Z), 물류센터 B(부산) 680장(2026-03-02T10:05:00Z), 실시간 동기화 로그 포함.",
            "id": "sample_027_0010_000020",
            "annotations": []
        },
        {
            "sentence": "출시일/시즌: 출시일 2026-03-15, 시즌 Spring/Summer 2026, 컬렉션 코드 S/S26-ATELIER.",
            "id": "sample_027_0010_000021",
            "annotations": []
        },
        {
            "sentence": "인증서: 친환경 섬유 인증 EcoTextile Issuer \"Global Textile Cert Co.\", 인증번호 ETC-2025-998, 유효기간 2025-06-01 ~ 2028-05-31, 원본 URL https://certs.globaltextile.org/ETC-2025-998.pdf.",
            "id": "sample_027_0010_000022",
            "annotations": []
        },
        {
            "sentence": "REACH 및 유해물질 검사: 테스트 기관 ToxLab Korea 리포트 ID TLK-5601, 시험항목 결과 모두 기준치 이하로 합격 처리되었습니다.",
            "id": "sample_027_0010_000023",
            "annotations": []
        },
        {
            "sentence": "반품/교환 이력(표준화 코드): 반품율 4.8%(최근 12주), 주요 반품 코드 R01(사이즈 불일치) 58%, R03(불량) 12%, 리턴 로그는 로트단위로 연동됩니다.",
            "id": "sample_027_0010_000024",
            "annotations": []
        },
        {
            "sentence": "고객 사이즈 피드백: 익명화된 피드백 샘플(표준화) 예시 - '키 165 cm, 평소 KR M 착용, 팔 길이 짧음'으로 개인식별자는 제거하고 성별·이름은 삭제합니다.",
            "id": "sample_027_0010_000025",
            "annotations": []
        },
        {
            "sentence": "트렌드 메타: 해시태그 #atelierjacket #SS26 집계 출처 Instagram, Twitter, 집계기간 2025-12-01~2026-02-28, 샘플 수 12,400건(노이즈 제거 후 8,750건 사용).",
            "id": "sample_027_0010_000026",
            "annotations": []
        },
        {
            "sentence": "탄소발자국: 제품 단위 탄소배출량 6.4 kgCO2e per item(평균), 계산 방법론은 GHG 프로토콜 Scope 1-3 기준을 사용했습니다.",
            "id": "sample_027_0010_000027",
            "annotations": []
        },
        {
            "sentence": "결론 및 액션 아이템: 품질 합격 확인, 인증서 원본 링크 검증 완료, 마케팅팀은 룩북 이미지 사용권 확인 후 2026-03-10까지 캠페인 승인 요청해주세요.",
            "id": "sample_027_0010_000028",
            "annotations": []
        }
    ]
}