{
    "document_id": "027_0023",
    "document_title": "2026 S/S 모던라인 재킷 메타데이터 및 컴플라이언스 통합 레포트",
    "data": [
        {
            "sentence": "소개: 본 문서는 2026 S/S '모던라인' 남성 재킷 제품의 메타데이터와 컴플라이언스, 이미지 권한, 재고 이력 등을 통합한 레포트입니다.",
            "id": "sample_027_0023_000001",
            "annotations": []
        },
        {
            "sentence": "문서에는 SKU, 제품명, 카테고리, 서브카테고리, 브랜드, 컬러 코드, 사이즈 매핑이 포함되어 있습니다.",
            "id": "sample_027_0023_000002",
            "annotations": []
        },
        {
            "sentence": "제품 SKU는 FK-2026-ML-001이며 내부 시스템과 외부 채널 간 동기화를 위해 동일 식별자를 사용합니다.",
            "id": "sample_027_0023_000003",
            "annotations": []
        },
        {
            "sentence": "컬러는 내부 PNT 코드 PNT-032B로 표준화했으며 Pantone 매핑(Pantone 19-4052 TCX)을 병기했습니다.",
            "id": "sample_027_0023_000004",
            "annotations": []
        },
        {
            "sentence": "사이즈는 국가별 표준 매핑을 포함하여 KR(한국), US, EU 표준으로 정규화하고 단위를 cm/inch로 명시합니다.",
            "id": "sample_027_0023_000005",
            "annotations": []
        },
        {
            "sentence": "원산지 표기는 대한민국, 경기도, 성남시, 분당구, 판교동의 공장 기준이며 각 행정구역은 시/군/구/동 단위로 분리 저장됩니다.",
            "id": "sample_027_0023_000006",
            "annotations": [
                {
                    "word": "대한민국",
                    "start": 8,
                    "end": 12,
                    "label": "준식별자"
                },
                {
                    "word": "경기도",
                    "start": 14,
                    "end": 17,
                    "label": "준식별자"
                },
                {
                    "word": "성남시",
                    "start": 19,
                    "end": 22,
                    "label": "준식별자"
                },
                {
                    "word": "분당구",
                    "start": 24,
                    "end": 27,
                    "label": "준식별자"
                },
                {
                    "word": "판교동",
                    "start": 29,
                    "end": 32,
                    "label": "준식별자"
                }
            ]
        },
        {
            "sentence": "사이즈 차트는 신체 치수(가슴둘레·허리·엉덩이)를 cm로 제공하며, 변환 표시는 inch까지 포함합니다.",
            "id": "sample_027_0023_000007",
            "annotations": []
        },
        {
            "sentence": "이미지 메타에는 촬영일·해상도·포맷·EXIF가 포함되고 모델 촬영 릴리스는 모델 문성하가 서명했으며 공개 생년월일 표기(연):1993, (월):05, (일):14가 기록되어 있습니다.",
            "id": "sample_027_0023_000008",
            "annotations": [
                {
                    "word": "문성하",
                    "start": 45,
                    "end": 48,
                    "label": "개인정보"
                },
                {
                    "word": "1993",
                    "start": 70,
                    "end": 74,
                    "label": "준식별자"
                },
                {
                    "word": "05",
                    "start": 80,
                    "end": 82,
                    "label": "준식별자"
                },
                {
                    "word": "14",
                    "start": 88,
                    "end": 90,
                    "label": "준식별자"
                }
            ]
        },
        {
            "sentence": "촬영 및 저작권 관련 연락처는 공급담당자 류본영, 사번 EMP-00987이며 연락처 010-1234-5678과 이메일 supplier@fastmode.co.kr이 등록되어 있습니다.",
            "id": "sample_027_0023_000009",
            "annotations": [
                {
                    "word": "류본영",
                    "start": 23,
                    "end": 26,
                    "label": "개인정보"
                },
                {
                    "word": "EMP-00987",
                    "start": 31,
                    "end": 40,
                    "label": "개인정보"
                },
                {
                    "word": "010-1234-5678",
                    "start": 47,
                    "end": 60,
                    "label": "개인정보"
                },
                {
                    "word": "supplier@fastmode.co.kr",
                    "start": 66,
                    "end": 89,
                    "label": "개인정보"
                }
            ]
        },
        {
            "sentence": "공급자 결제 정보는 계좌번호 110-123-456789로 기록되며 내부 QA 리포트 링크(비공개): https://internal.company/qa/report123 및 내부 서버 192.168.10.5, 내부 재고 임계값: 50개가 기밀로 관리됩니다.",
            "id": "sample_027_0023_000010",
            "annotations": [
                {
                    "word": "110-123-456789",
                    "start": 16,
                    "end": 30,
                    "label": "기밀정보"
                },
                {
                    "word": "https://internal.company/qa/report123",
                    "start": 56,
                    "end": 93,
                    "label": "기밀정보"
                },
                {
                    "word": "192.168.10.5",
                    "start": 102,
                    "end": 114,
                    "label": "기밀정보"
                },
                {
                    "word": "내부 재고 임계값: 50개",
                    "start": 116,
                    "end": 130,
                    "label": "기밀정보"
                }
            ]
        },
        {
            "sentence": "생산 배치는 BATCH-20260415-A로 표기되어 있으며 제조일·포장일·검품일 타임스탬프가 연동되어 추적 가능합니다.",
            "id": "sample_027_0023_000011",
            "annotations": []
        },
        {
            "sentence": "품질검사 리포트에는 검사결과 합격, 검사자 손예인 서명, 검사일 및 샘플ID가 포함되어 기록됩니다.",
            "id": "sample_027_0023_000012",
            "annotations": [
                {
                    "word": "손예인",
                    "start": 24,
                    "end": 27,
                    "label": "개인정보"
                }
            ]
        },
        {
            "sentence": "친환경 인증서(Green Label) 발행자 GreenCert, 유효기간 2026-04-01까지이며 원본 URL은 https://certs.greenlabel.org/cert123입니다.",
            "id": "sample_027_0023_000013",
            "annotations": []
        },
        {
            "sentence": "가격 정보는 권장소비자가격과 실판매가를 다중 통화(USD/KRW/EUR)로 기록하고 환율·타임스탬프 히스토리를 보관합니다.",
            "id": "sample_027_0023_000014",
            "annotations": []
        },
        {
            "sentence": "재고는 창고별(W-HQ-SEOUL, W-DC-BUSAN) 수량과 입출고 로그를 실시간 동기화하여 재고 충돌을 방지합니다.",
            "id": "sample_027_0023_000015",
            "annotations": []
        },
        {
            "sentence": "반품/교환 이력은 표준화된 반품 코드 세트(RC01 사이즈불만, RC02 불량 등)로 집계하여 제품 개선과 연동합니다.",
            "id": "sample_027_0023_000016",
            "annotations": []
        },
        {
            "sentence": "고객 사이즈 피드백은 익명화되어 '평균 착용감: 타이트-키:172cm-체중:68kg'과 같이 준식별자 제거된 표준화 포맷으로 저장됩니다.",
            "id": "sample_027_0023_000017",
            "annotations": [
                {
                    "word": "172cm",
                    "start": 33,
                    "end": 38,
                    "label": "준식별자"
                },
                {
                    "word": "68kg",
                    "start": 42,
                    "end": 46,
                    "label": "준식별자"
                }
            ]
        },
        {
            "sentence": "트렌드 메타는 해시태그(#modernjacket, #2026SS)와 소스(Instagram, BrandWatch), 집계 기간(2025-12-01~2026-03-31) 및 최소 샘플 수 500을 명기합니다.",
            "id": "sample_027_0023_000018",
            "annotations": []
        },
        {
            "sentence": "이미지 파일은 저작권자 FastMode Inc. 소유이며 사용 권한은 'e-commerce' 상업용 라이선스입니다; 해상도 6000x4000px, 포맷 RAW/ JPEG로 표기합니다.",
            "id": "sample_027_0023_000019",
            "annotations": []
        },
        {
            "sentence": "소재 표기는 국제 명칭으로 Wool 70%, Polyester 30% 및 원료 원산지 표기를 포함하며 화학물질 검사는 REACH 기준을 따릅니다.",
            "id": "sample_027_0023_000020",
            "annotations": []
        },
        {
            "sentence": "규제·검사 리포트는 발행자, 발행일, 유효기간, 원문 URL을 포함하여 보관하며 REACH·CPSIA 테스트 결과 스캔본을 첨부합니다.",
            "id": "sample_027_0023_000021",
            "annotations": []
        },
        {
            "sentence": "가격·재고 변경은 각 이벤트별 타임스탬프를 남겨 상태를 추적하며 환율 변동 기록을 보존합니다.",
            "id": "sample_027_0023_000022",
            "annotations": []
        },
        {
            "sentence": "데이터 거버넌스는 GDPR 및 국내 개인정보법을 준수하며 고객 리뷰와 착용 데이터의 식별자는 익명화됩니다.",
            "id": "sample_027_0023_000023",
            "annotations": []
        },
        {
            "sentence": "트렌드 리포트는 소스별 노이즈 제거를 위해 최소 샘플 수를 적용하고 계절성 보정을 수행하여 컬렉션 제안에 반영합니다.",
            "id": "sample_027_0023_000024",
            "annotations": []
        },
        {
            "sentence": "탄소발자국 수치는 제품단위 CO2e 6.2kg이며 산출근거와 계산모델, 발행자 및 검증서 링크를 함께 기록합니다.",
            "id": "sample_027_0023_000025",
            "annotations": []
        },
        {
            "sentence": "권장 조치로는 이미지 EXIF 표준화, 제품 라벨링 개선, 재고 임계값 재검토, 공급자 결제정보 보안 강화가 포함됩니다.",
            "id": "sample_027_0023_000026",
            "annotations": []
        },
        {
            "sentence": "담당자 연락처(내부 문의)는 제품매니저 하민솔이며 부서메일 pm_team@fastmode.co.kr을 통해 요청받습니다.",
            "id": "sample_027_0023_000027",
            "annotations": [
                {
                    "word": "하민솔",
                    "start": 22,
                    "end": 25,
                    "label": "개인정보"
                },
                {
                    "word": "pm_team@fastmode.co.kr",
                    "start": 33,
                    "end": 55,
                    "label": "개인정보"
                }
            ]
        },
        {
            "sentence": "결론: 본 문서는 메타데이터 품질 향상과 컴플라이언스 검증을 위해 주기적 업데이트가 필요하며 다음 회의에서 검토 예정입니다.",
            "id": "sample_027_0023_000028",
            "annotations": []
        }
    ]
}