{
    "document_id": "027_0022",
    "document_title": "2026 S/S 스트럭처드 재킷 제품 메타데이터 및 검증 리포트",
    "data": [
        {
            "sentence": "본 문서는 2026년 봄/여름 시즌 스트럭처드 재킷(FKJ-2026-SJ001)에 대한 제품 메타데이터, 품질검증, 이미지 및 규제 정보와 운영사항을 통합 보고합니다.",
            "id": "sample_027_0022_000001",
            "annotations": []
        },
        {
            "sentence": "제품 기본 식별자는 SKU FKJ-2026-SJ001, 제품명 '스트럭처드 테일러 재킷', 카테고리: Outer > Jacket, 서브카테고리: Tailored입니다.",
            "id": "sample_027_0022_000002",
            "annotations": []
        },
        {
            "sentence": "브랜드는 Atelier F.K., 출시 시즌은 2026 S/S, 공식 출시일은 2026-03-15로 기록되어 있습니다.",
            "id": "sample_027_0022_000003",
            "annotations": []
        },
        {
            "sentence": "컬러 표준화는 Pantone 및 내부 코드 병행으로 관리하며 대표 컬러는 챠콜(PANTONE 432 C / 내부코드 C-432)과 라이트베이지(PANTONE 7500 C / 내부코드 C-7500)입니다.",
            "id": "sample_027_0022_000004",
            "annotations": []
        },
        {
            "sentence": "사이즈는 국가별 표준 매핑을 포함하여 표준화하며 예: S(한국 90 / EU 44 / US 4), M(한국 95 / EU 46 / US 6), L(한국 100 / EU 48 / US 8)으로 표기하고 치수 단위는 cm/inch 병기합니다.",
            "id": "sample_027_0022_000005",
            "annotations": []
        },
        {
            "sentence": "사이즈 차트는 신체 치수 매핑을 포함하며 예: S 가슴둘레 90cm (35.4inch), 허리 76cm (29.9inch); M 가슴 94cm (37.0inch), 허리 80cm (31.5inch); L 가슴 98cm (38.6inch)로 표준화했습니다.",
            "id": "sample_027_0022_000006",
            "annotations": []
        },
        {
            "sentence": "주요 소재는 표준 명칭과 혼용률로 기록되어 있으며 겉감: Cotton 60%, Polyester 30%, Elastane 10% (국제 표준명 기재)입니다.",
            "id": "sample_027_0022_000007",
            "annotations": []
        },
        {
            "sentence": "원산지 표기는 제조국 Korea, 제조공장 코드: MFG-KR-021이며 케어 라벨 지침은 손세탁 30°C 약한 모드, 비틀기 금지, 저온 다림질 표기입니다.",
            "id": "sample_027_0022_000008",
            "annotations": []
        },
        {
            "sentence": "제품 이미지 메타데이터는 다중 URL로 제공되며 예: https://cdn.brand.example.com/products/FKJ-2026-SJ001/shot1.jpg (JPEG, 4000x6000px, photographer: 김사진, 저작권: Atelier F.K., 사용권: e‑commerce/marketing 전용), 모델 릴리스 동의서: 서명자 류석희.",
            "id": "sample_027_0022_000009",
            "annotations": [
                {
                    "word": "류석희",
                    "start": 199,
                    "end": 202,
                    "label": "개인정보"
                }
            ]
        },
        {
            "sentence": "공급자 정보는 공급사ID SUP-2026-001, 담당자명 오강희, 연락처 010-1234-5678, 이메일 okanghee@suppliers.example.com, 공급사 주소: 서울특별시 강남구 테헤란로 12, 4층으로 등록되어 있습니다.",
            "id": "sample_027_0022_000010",
            "annotations": [
                {
                    "word": "오강희",
                    "start": 33,
                    "end": 36,
                    "label": "개인정보"
                },
                {
                    "word": "010-1234-5678",
                    "start": 42,
                    "end": 55,
                    "label": "개인정보"
                },
                {
                    "word": "okanghee@suppliers.example.com",
                    "start": 61,
                    "end": 91,
                    "label": "개인정보"
                },
                {
                    "word": "서울특별시",
                    "start": 101,
                    "end": 106,
                    "label": "준식별자"
                },
                {
                    "word": "강남구",
                    "start": 107,
                    "end": 110,
                    "label": "준식별자"
                }
            ]
        },
        {
            "sentence": "재고 및 창고별 수량은 실시간 동기화되며 예시로 물류센터 A(WH-A) 재고 320개, 물류센터 B(WH-B) 재고 120개, 재고 상태는 2026-03-20T09:15:00Z 타임스탬프와 함께 기록됩니다.",
            "id": "sample_027_0022_000011",
            "annotations": []
        },
        {
            "sentence": "생산 배치 정보는 BATCH-20260315-01, 생산일자 2026-03-10, 품질검사 담당자 신승민이 검사 수행, 사번 EMP-0987로 검수 완료 보고가 제출되었습니다.",
            "id": "sample_027_0022_000012",
            "annotations": [
                {
                    "word": "신승민",
                    "start": 55,
                    "end": 58,
                    "label": "개인정보"
                },
                {
                    "word": "EMP-0987",
                    "start": 70,
                    "end": 78,
                    "label": "개인정보"
                }
            ]
        },
        {
            "sentence": "품질검사 리포트는 합격으로 표시되며 세부 리포트 원본은 내부 저장소(https://internal.corp.example.com/qc/reports/BATCH-20260315-01.pdf)에 보관되어 접근 권한 관리 대상입니다.",
            "id": "sample_027_0022_000013",
            "annotations": [
                {
                    "word": "https://internal.corp.example.com/qc/reports/BATCH-20260315-01.pdf",
                    "start": 38,
                    "end": 104,
                    "label": "기밀정보"
                }
            ]
        },
        {
            "sentence": "지속가능성 및 인증 정보 예시는 OEKO-TEX 발행자: OEKO-TEX Association, 인증번호 OET-2026-12345, 유효기간 2026-12-31, 원본 URL: https://certs.example.org/oeko/2026/oeo-12345.pdf로 검증 가능합니다.",
            "id": "sample_027_0022_000014",
            "annotations": []
        },
        {
            "sentence": "가격 이력은 다중 통화로 관리되며 기준가 KRW 298,000, 할인가는 USD 225(환율 2026-03-20: 1 USD = 1,325 KRW)로 표기하고 환율 변동 기록은 타임스탬프와 함께 보존합니다.",
            "id": "sample_027_0022_000015",
            "annotations": []
        },
        {
            "sentence": "창고별 재고 파악은 동기화 로그와 타임스탬프를 포함하여 기록되며 예: WH-A 2026-03-20T09:15:00Z 재고 320, WH-B 2026-03-20T09:20:00Z 재고 120으로 충돌 방지 정책이 적용됩니다.",
            "id": "sample_027_0022_000016",
            "annotations": []
        },
        {
            "sentence": "반품·교환 이력은 표준화된 반품 코드 세트(R01: 사이즈미스, R02: 불량, R03: 컬러불만 등)를 사용해 집계하며 최근 6개월 반품률은 5.8%로 시즌성 요인을 반영했습니다.",
            "id": "sample_027_0022_000017",
            "annotations": []
        },
        {
            "sentence": "고객 사이즈 피드백은 익명화 기준을 적용해 저장하며 예시 레코드: 고객ID CUST-001 (익명화), 키 168cm, 체중 58kg, 성별 여성, 피팅 의견: 정사이즈로 제작 권장입니다.",
            "id": "sample_027_0022_000018",
            "annotations": [
                {
                    "word": "CUST-001",
                    "start": 42,
                    "end": 50,
                    "label": "개인정보"
                },
                {
                    "word": "168cm",
                    "start": 60,
                    "end": 65,
                    "label": "준식별자"
                },
                {
                    "word": "58kg",
                    "start": 70,
                    "end": 74,
                    "label": "준식별자"
                },
                {
                    "word": "여성",
                    "start": 79,
                    "end": 81,
                    "label": "준식별자"
                }
            ]
        },
        {
            "sentence": "트렌드 메타는 해시태그(#structuredjacket #SS26), 수집 소스(Instagram, BrandSite, 3rdPartyTrendAPI), 집계 기간 2026-01-01~2026-03-15, 최소 샘플 수 500 이상을 기준으로 노이즈 제거 후 보고합니다.",
            "id": "sample_027_0022_000019",
            "annotations": []
        },
        {
            "sentence": "탄소발자국 수치는 제품 단위 5.6kgCO2e로 산정했으며 산정법은 GHG Protocol 기준을 따르고 제3자 검증서(발행자: CarbonVerify, 유효기간: 2027-03-15, 원본 URL 제공)를 첨부합니다.",
            "id": "sample_027_0022_000020",
            "annotations": []
        },
        {
            "sentence": "규제·화학물질 관련 검사는 REACH 규정에 따른 성분 분석을 수행했고 보고서 ID REACH-2026-7788으로 결과 원본과 샘플 테스트 로그를 보관합니다.",
            "id": "sample_027_0022_000021",
            "annotations": []
        },
        {
            "sentence": "재무 관련 민감 자산 관리는 별도 접근 통제로 보호되며 예시로 회사 지급 계좌번호 111-222-333333은 내부 기록으로 기밀 취급합니다.",
            "id": "sample_027_0022_000022",
            "annotations": [
                {
                    "word": "111-222-333333",
                    "start": 46,
                    "end": 60,
                    "label": "기밀정보"
                }
            ]
        },
        {
            "sentence": "내부 문서 및 비공개 리소스는 접근 제어 대상이며 예시 내부 URL https://internal.corp.example.com/prd/027은 외부 유출 금지 항목입니다.",
            "id": "sample_027_0022_000023",
            "annotations": [
                {
                    "word": "https://internal.corp.example.com/prd/027",
                    "start": 38,
                    "end": 79,
                    "label": "기밀정보"
                }
            ]
        },
        {
            "sentence": "내부 결재선 기록 예시는 '내부 결재선: 품질팀장 최은혜 승인'과 같이 담당자 승인 로그가 포함되므로 공개 범위 제한 및 감사 로그 보존 대상입니다.",
            "id": "sample_027_0022_000024",
            "annotations": [
                {
                    "word": "최은혜",
                    "start": 28,
                    "end": 31,
                    "label": "개인정보"
                }
            ]
        },
        {
            "sentence": "개인정보 보호 준수 항목으로 GDPR 및 국내 개인정보보호법을 준수하며 고객 리뷰와 피팅 데이터는 식별자 제거 및 가명처리, 익명집계 방식으로 저장합니다.",
            "id": "sample_027_0022_000025",
            "annotations": []
        },
        {
            "sentence": "권장 조치로 사이즈차트 업데이트(가슴+2cm 표준 보정), 반품 코드 분석 심화, 이미지 EXIF 표준화 업데이트를 2주 내 적용하도록 지정합니다.",
            "id": "sample_027_0022_000026",
            "annotations": []
        },
        {
            "sentence": "후속 연락처는 운영담당 채준범, 사번 EMP-0456, 이메일 cjb@brand.example.com, 연락처 010-8765-4321로 지정하며 내부 담당자 권한 부여 절차를 따릅니다.",
            "id": "sample_027_0022_000027",
            "annotations": [
                {
                    "word": "채준범",
                    "start": 13,
                    "end": 16,
                    "label": "개인정보"
                },
                {
                    "word": "EMP-0456",
                    "start": 21,
                    "end": 29,
                    "label": "개인정보"
                },
                {
                    "word": "cjb@brand.example.com",
                    "start": 35,
                    "end": 56,
                    "label": "개인정보"
                },
                {
                    "word": "010-8765-4321",
                    "start": 62,
                    "end": 75,
                    "label": "개인정보"
                }
            ]
        },
        {
            "sentence": "요약으로 본 문서는 제품 메타데이터의 표준화, 이미지 및 인증 검증, 재고·가격 동기화, 개인정보 및 기밀정보 관리 방안을 포함하여 운영 개선을 목표로 합니다.",
            "id": "sample_027_0022_000028",
            "annotations": []
        }
    ]
}