{
    "document_id": "027_0085",
    "document_title": "2025 S/S GreenFashion 제품 메타데이터 및 컴플라이언스 리포트",
    "data": [
        {
            "sentence": "제품 메타데이터 리포트: 2025 S/S GreenFashion 컬렉션의 의류 SKU 정합성 및 컴플라이언스 검토 문서입니다.",
            "id": "sample_027_0085_000001",
            "annotations": []
        },
        {
            "sentence": "본 문서는 SKU, 제품명, 카테고리, 서브카테고리, 출시시즌, 출시일을 표준화된 템플릿으로 제공하며 전자상거래 연동을 목적으로 합니다.",
            "id": "sample_027_0085_000002",
            "annotations": []
        },
        {
            "sentence": "대표 SKU는 GF-SS25-0001이며, 제품명은 '에코 라이트 재킷', 카테고리는 아우터, 서브카테고리는 레귤러핏 재킷으로 등록되어 있습니다.",
            "id": "sample_027_0085_000003",
            "annotations": []
        },
        {
            "sentence": "본사 및 청구서 발송 주소는 서울특별시 강남구 테헤란로 10길 5, 302호로 표기되어 있으며 라벨링과 물류송장에 동일하게 반영됩니다.",
            "id": "sample_027_0085_000004",
            "annotations": [
                {
                    "word": "서울특별시 강남구 테헤란로 10길 5, 302호",
                    "start": 16,
                    "end": 42,
                    "label": "개인정보"
                }
            ]
        },
        {
            "sentence": "컬러는 Pantone 기준으로 정규화하여 PANTONE 14-0852 TPX(마스타드)의 내부코드 GF-CL-010으로 맵핑했습니다.",
            "id": "sample_027_0085_000005",
            "annotations": []
        },
        {
            "sentence": "사이즈는 국가별 표준을 모두 매핑했으며 EU, UK, US, KR 기준을 병기하고 단위는 cm/inch로 병기합니다.",
            "id": "sample_027_0085_000006",
            "annotations": []
        },
        {
            "sentence": "사이즈 차트는 가슴둘레, 허리둘레, 소매길이 등 신체치수와 제품 치수를 매칭하여 KR(센티미터) 표준을 기본으로 제공합니다.",
            "id": "sample_027_0085_000007",
            "annotations": []
        },
        {
            "sentence": "소재는 국제 통용 명칭과 혼용률을 표기하여 예: Polyester 60%, Cotton 35%, Elastane 5%로 기록했습니다.",
            "id": "sample_027_0085_000008",
            "annotations": []
        },
        {
            "sentence": "제품 룩북 및 모델 이미지 사용 권한은 모델 릴리스 문서로 관리하며 모델 릴리스: 문우민이 서명한 자료를 보관 중입니다.",
            "id": "sample_027_0085_000009",
            "annotations": [
                {
                    "word": "문우민",
                    "start": 46,
                    "end": 49,
                    "label": "개인정보"
                }
            ]
        },
        {
            "sentence": "이미지 메타데이터는 Copyright 소유자, 사용권 유형(Royalty-free/Editorial/Commercial), 해상도(4000x6000px) 및 포맷(JPEG/PNG)으로 인덱싱합니다.",
            "id": "sample_027_0085_000010",
            "annotations": []
        },
        {
            "sentence": "가격은 정가와 할인가를 타임스탬프와 통화표기로 기록하며 내부 비공개 가격 정책(MAP)은 별도 문서로 관리합니다.",
            "id": "sample_027_0085_000011",
            "annotations": [
                {
                    "word": "비공개 가격 정책(MAP)",
                    "start": 34,
                    "end": 48,
                    "label": "기밀정보"
                }
            ]
        },
        {
            "sentence": "환율 이력과 적용 환율은 각 가격 레코드에 스냅샷으로 보존하며 예시로 2025-01-15T09:00:00Z에 USD->KRW 1,180.50이 적용되었습니다.",
            "id": "sample_027_0085_000012",
            "annotations": []
        },
        {
            "sentence": "공급자 정보: 공급자ID SUP-00987, 담당자: 공은효, 휴대폰: 010-9876-5432, 이메일: gong.eh@vendor-example.kr, 계좌번호: 110-123456-789(지불정보, 기밀).",
            "id": "sample_027_0085_000013",
            "annotations": [
                {
                    "word": "공은효",
                    "start": 30,
                    "end": 33,
                    "label": "개인정보"
                },
                {
                    "word": "010-9876-5432",
                    "start": 40,
                    "end": 53,
                    "label": "개인정보"
                },
                {
                    "word": "gong.eh@vendor-example.kr",
                    "start": 60,
                    "end": 85,
                    "label": "개인정보"
                },
                {
                    "word": "110-123456-789",
                    "start": 93,
                    "end": 107,
                    "label": "기밀정보"
                }
            ]
        },
        {
            "sentence": "생산 배치 정보는 로트번호 LOT-20250115-A, 생산일자 2025-01-10, 공장코드 FAC-033으로 기록되어 추적 가능합니다.",
            "id": "sample_027_0085_000014",
            "annotations": []
        },
        {
            "sentence": "품질검사 결과: 합격(PASS), 검수 담당: 지서주, 내부 사번: 2021-0456, 검사 리포트는 PDF 스캔본을 아카이브했습니다.",
            "id": "sample_027_0085_000015",
            "annotations": [
                {
                    "word": "지서주",
                    "start": 26,
                    "end": 29,
                    "label": "개인정보"
                },
                {
                    "word": "사번: 2021-0456",
                    "start": 34,
                    "end": 47,
                    "label": "개인정보"
                }
            ]
        },
        {
            "sentence": "인증서: ECO-Trust 친환경 인증, 발행자: ECO-Trust, 유효기간: 2026-03-31, 원문 URL: https://certs.eco-trust.org/green-12345로 검증 가능합니다.",
            "id": "sample_027_0085_000016",
            "annotations": []
        },
        {
            "sentence": "반품 히스토리는 표준 반품코드(R02: 사이즈 불일치)를 사용하고 익명화된 피드백 샘플로 성별: 여성, 생년월일: 1990-05-20, 시: 서울특별시, 구: 강남구, 동: 역삼동, 키: 172 cm, 체중: 64 kg를 표기했습니다.",
            "id": "sample_027_0085_000017",
            "annotations": [
                {
                    "word": "여성",
                    "start": 54,
                    "end": 56,
                    "label": "준식별자"
                },
                {
                    "word": "1990-05-20",
                    "start": 64,
                    "end": 74,
                    "label": "준식별자"
                },
                {
                    "word": "서울특별시",
                    "start": 79,
                    "end": 84,
                    "label": "준식별자"
                },
                {
                    "word": "강남구",
                    "start": 89,
                    "end": 92,
                    "label": "준식별자"
                },
                {
                    "word": "역삼동",
                    "start": 97,
                    "end": 100,
                    "label": "준식별자"
                },
                {
                    "word": "172 cm",
                    "start": 105,
                    "end": 111,
                    "label": "준식별자"
                },
                {
                    "word": "64 kg",
                    "start": 117,
                    "end": 122,
                    "label": "준식별자"
                }
            ]
        },
        {
            "sentence": "피트 모델 피드백과 고객 사이즈 데이터는 사용자 식별자를 마스킹하고 표준 사이즈 피드백 코드로 정규화하여 알고리즘 입력으로 사용합니다.",
            "id": "sample_027_0085_000018",
            "annotations": []
        },
        {
            "sentence": "트렌드 메타는 소셜 해시태그(#eco_outer #GF_SS25)를 수집했으며 수집 소스는 Instagram, Twitter이고 집계 기간은 2024-11-01부터 2025-02-28까지입니다.",
            "id": "sample_027_0085_000019",
            "annotations": []
        },
        {
            "sentence": "소셜 데이터의 노이즈 제거를 위해 최소 샘플 수 50건 이상을 기준으로 필터링했으며 이상치 제거 결과와 샘플 수를 메타로 보관합니다.",
            "id": "sample_027_0085_000020",
            "annotations": []
        },
        {
            "sentence": "규제 시험 리포트 원문 중 내부 연결은 내부 API로 관리되며 예시 URL은 https://internal.api.company/stock(비공개 엔드포인트)로 표기되어 있습니다.",
            "id": "sample_027_0085_000021",
            "annotations": [
                {
                    "word": "https://internal.api.company/stock",
                    "start": 43,
                    "end": 77,
                    "label": "기밀정보"
                }
            ]
        },
        {
            "sentence": "화학물질 규격(REACH, CPSIA) 검사는 합격으로 표기하며 해당 성분의 시험성적서는 시스템에 스캔본으로 저장합니다.",
            "id": "sample_027_0085_000022",
            "annotations": []
        },
        {
            "sentence": "액션 아이템: 출시 전 최종검토 담당자: 오형균, 연락처: 010-1234-5678, 이메일: oh.h@brand-example.com, 소속: 주식회사그린패션(상품기획팀장)으로 지정했습니다.",
            "id": "sample_027_0085_000023",
            "annotations": [
                {
                    "word": "오형균",
                    "start": 23,
                    "end": 26,
                    "label": "개인정보"
                },
                {
                    "word": "010-1234-5678",
                    "start": 33,
                    "end": 46,
                    "label": "개인정보"
                },
                {
                    "word": "oh.h@brand-example.com",
                    "start": 53,
                    "end": 75,
                    "label": "개인정보"
                },
                {
                    "word": "주식회사그린패션",
                    "start": 81,
                    "end": 89,
                    "label": "준식별자"
                }
            ]
        },
        {
            "sentence": "데이터 보존 정책은 컴플라이언스 기준에 따라 이미지 5년, 거래기록 10년을 기본주기으로 하며 다음 검토일은 2026-01-15로 설정했습니다.",
            "id": "sample_027_0085_000024",
            "annotations": []
        },
        {
            "sentence": "결론 및 권장조치: 공급자 계좌·API·내부 정책 문서는 기밀로 분류하여 접근제한을 적용하며 최종 검토자는 홍유빈으로 서명합니다.",
            "id": "sample_027_0085_000025",
            "annotations": [
                {
                    "word": "홍유빈",
                    "start": 60,
                    "end": 63,
                    "label": "개인정보"
                }
            ]
        }
    ]
}