{
    "document_id": "099_0082",
    "document_title": "환자 맞춤 의수·의족 설계·제조 통합 리포트 (사례 099_0082)",
    "data": [
        {
            "sentence": "문서 개요: 본 문서는 보철 및 보조기(의수·의족) 환자 맞춤 설계와 제조 기록을 종합한 임상·생산 통합 리포트입니다.",
            "id": "sample_099_0082_000001",
            "annotations": []
        },
        {
            "sentence": "목적: 본 리포트는 임상 평가, 3D 스캔/CAD 설계, 제조·검사 이력, 재활 성과를 통합하여 품질관리와 규제 제출을 지원합니다.",
            "id": "sample_099_0082_000002",
            "annotations": []
        },
        {
            "sentence": "환자 식별은 가명화 정책에 따라 처리되었으며 consent_status는 consent_obtained로 시스템에 기록됩니다.",
            "id": "sample_099_0082_000003",
            "annotations": []
        },
        {
            "sentence": "patient_id: PT-0082-0001 (가명) 로 내부 추적이 이루어졌습니다.",
            "id": "sample_099_0082_000004",
            "annotations": [
                {
                    "word": "PT-0082-0001",
                    "start": 12,
                    "end": 24,
                    "label": "개인정보"
                }
            ]
        },
        {
            "sentence": "환자 기본정보: 환자명 배미주(가명), 성별 여, 생년월일 1985-07-23으로 전자차트에 입력되어 있습니다.",
            "id": "sample_099_0082_000005",
            "annotations": [
                {
                    "word": "배미주",
                    "start": 13,
                    "end": 16,
                    "label": "개인정보"
                },
                {
                    "word": "여",
                    "start": 25,
                    "end": 26,
                    "label": "준식별자"
                },
                {
                    "word": "1985",
                    "start": 33,
                    "end": 37,
                    "label": "준식별자"
                },
                {
                    "word": "07",
                    "start": 38,
                    "end": 40,
                    "label": "준식별자"
                },
                {
                    "word": "23",
                    "start": 41,
                    "end": 43,
                    "label": "준식별자"
                }
            ]
        },
        {
            "sentence": "주소는 서울특별시, 강남구 단위로 저장되며 상세 주소와 건물번호는 익명화되어 연구 DB로 적재됩니다.",
            "id": "sample_099_0082_000006",
            "annotations": [
                {
                    "word": "서울특별시",
                    "start": 4,
                    "end": 9,
                    "label": "준식별자"
                },
                {
                    "word": "강남구",
                    "start": 11,
                    "end": 14,
                    "label": "준식별자"
                }
            ]
        },
        {
            "sentence": "연락처는 010-5555-1234로 암호화 저장되며 접근은 최소권한 원칙으로 제어됩니다.",
            "id": "sample_099_0082_000007",
            "annotations": [
                {
                    "word": "010-5555-1234",
                    "start": 5,
                    "end": 18,
                    "label": "개인정보"
                }
            ]
        },
        {
            "sentence": "신체계측: 신장 1650 mm, 체중 60.5 kg, 고관절 대 하지 비율 및 상대 사지 길이 비율은 표준 참조범위를 따릅니다.",
            "id": "sample_099_0082_000008",
            "annotations": [
                {
                    "word": "1650 mm",
                    "start": 9,
                    "end": 16,
                    "label": "준식별자"
                },
                {
                    "word": "60.5 kg",
                    "start": 21,
                    "end": 28,
                    "label": "준식별자"
                }
            ]
        },
        {
            "sentence": "임상진단 개요: 우측 경강부 절단(Right transtibial amputation), 기존 보철 사용 경험과 피부 상태가 환자 파일에 요약되어 있습니다.",
            "id": "sample_099_0082_000009",
            "annotations": []
        },
        {
            "sentence": "3D 스캔 파일은 scan_099_0082_20240115.stl로 원본 보관되며 파일포맷은 STL, 생성툴 Artec Studio v14, SHA256 체크섬이 기록됩니다.",
            "id": "sample_099_0082_000010",
            "annotations": []
        },
        {
            "sentence": "영상 데이터는 DICOM 아카이브로 보관되며 타임스탬프는 ISO 8601(예: 2024-01-15T09:32:10+09:00)로 정렬됩니다.",
            "id": "sample_099_0082_000011",
            "annotations": []
        },
        {
            "sentence": "CAD 설계는 patient_socket_099.step(STEP AP242 호환, 버전 2.03)로 보존되며 변환 로그와 버전 히스토리를 포함합니다.",
            "id": "sample_099_0082_000012",
            "annotations": []
        },
        {
            "sentence": "소켓 압력 맵은 CSV(좌표,압력[kPa],시간[ISO 8601])와 PNG 이미지로 제공되며 최대 압력은 55.3 kPa로 보고되었습니다.",
            "id": "sample_099_0082_000013",
            "annotations": []
        },
        {
            "sentence": "보행 분석 데이터는 포스플레이트(샘플레이트 1000 Hz)와 IMU(샘플레이트 200 Hz)를 동기화하여 처리했습니다.",
            "id": "sample_099_0082_000014",
            "annotations": []
        },
        {
            "sentence": "EMG 신호는 WAV(16-bit, 2 kHz)와 CSV(채널별 시간, 전압[mV])로 저장되어 근전도 분석에 사용됩니다.",
            "id": "sample_099_0082_000015",
            "annotations": []
        },
        {
            "sentence": "장치 추적성 항목: device_serial_number SN-PL-20240123-0007, udi_code 04920000012345ABC, 제조 LOT LOT-202312-A12로 연결됩니다.",
            "id": "sample_099_0082_000016",
            "annotations": [
                {
                    "word": "SN-PL-20240123-0007",
                    "start": 32,
                    "end": 51,
                    "label": "기밀정보"
                },
                {
                    "word": "04920000012345ABC",
                    "start": 62,
                    "end": 79,
                    "label": "기밀정보"
                },
                {
                    "word": "LOT-202312-A12",
                    "start": 88,
                    "end": 102,
                    "label": "기밀정보"
                }
            ]
        },
        {
            "sentence": "자재 이력은 BOM과 연동되어 MATERIAL_LOT MAT-4579-B가 해당 부품의 배치로 기록됩니다.",
            "id": "sample_099_0082_000017",
            "annotations": [
                {
                    "word": "MAT-4579-B",
                    "start": 30,
                    "end": 40,
                    "label": "기밀정보"
                }
            ]
        },
        {
            "sentence": "펌웨어 히스토리: firmware_version v2.1.4, 원격 업데이트 로그와 해시 무결성 검증이 문서화되어 있습니다.",
            "id": "sample_099_0082_000018",
            "annotations": []
        },
        {
            "sentence": "제조 작업지시서 및 검사보고서는 manufacturing_work_order_099_0082.json 및 quality_report_099_0082.pdf 원본으로 보관됩니다.",
            "id": "sample_099_0082_000019",
            "annotations": []
        },
        {
            "sentence": "품질검사 요약: 피로시험, 토크 시험, 정적 하중 시험 데이터와 함께 각 시험기의 캘리브레이션 이력이 첨부되어 있습니다.",
            "id": "sample_099_0082_000020",
            "annotations": []
        },
        {
            "sentence": "규제 제출 문서: FDA 510(k) 제출자료 버전 3.2는 변경 이력과 승인자 장태구의 전자서명을 포함합니다.",
            "id": "sample_099_0082_000021",
            "annotations": [
                {
                    "word": "장태구",
                    "start": 45,
                    "end": 48,
                    "label": "개인정보"
                }
            ]
        },
        {
            "sentence": "내부 운영 정보로서 서버 경로 /srv/prosthetics/data 및 내부 IP 10.10.8.5는 접근 통제 하에 관리됩니다.",
            "id": "sample_099_0082_000022",
            "annotations": [
                {
                    "word": "/srv/prosthetics/data",
                    "start": 17,
                    "end": 38,
                    "label": "기밀정보"
                },
                {
                    "word": "10.10.8.5",
                    "start": 47,
                    "end": 56,
                    "label": "기밀정보"
                }
            ]
        },
        {
            "sentence": "유지보수 로그에는 검사자 배미주(가명)의 서명 포인트와 타임스탬프 2024-02-01T11:20:00+09:00가 기록되어 있습니다.",
            "id": "sample_099_0082_000023",
            "annotations": [
                {
                    "word": "배미주",
                    "start": 14,
                    "end": 17,
                    "label": "개인정보"
                }
            ]
        },
        {
            "sentence": "보험 청구 메타데이터는 insurance_claim INS-2024-0099 번호, 청구서류 스캔본 링크와 보험사 코드로 참조됩니다.",
            "id": "sample_099_0082_000024",
            "annotations": [
                {
                    "word": "INS-2024-0099",
                    "start": 29,
                    "end": 42,
                    "label": "개인정보"
                }
            ]
        },
        {
            "sentence": "임상 성과: PROMS(EQ-5D VAS) 72점, TUG 수행 시간 11.5 s, 환자 보고 합병증과 만족도는 별도 표로 요약됩니다.",
            "id": "sample_099_0082_000025",
            "annotations": []
        },
        {
            "sentence": "데이터 상호운용성: STL/STEP/DICOM 변환 로그와 파일별 체크섬이 저장되며 변환 시 단위 일관성 검증이 수행됩니다.",
            "id": "sample_099_0082_000026",
            "annotations": []
        },
        {
            "sentence": "보안 정책: 환자 개인정보는 AES-256으로 암호화되어 저장되며 접근은 역할 기반 권한과 감사 로그로 제어합니다.",
            "id": "sample_099_0082_000027",
            "annotations": []
        },
        {
            "sentence": "결론 및 권고: 변경 이력 검토, 캘리브레이션 일정 준수, UDI·시리얼→LOT 추적성 검증을 우선 수행할 것을 권고합니다.",
            "id": "sample_099_0082_000028",
            "annotations": []
        }
    ]
}