{
    "document_id": "099_0072",
    "document_title": "보철·보조기(의수·의족) 통합 설계·제조·피팅 및 품질검사 리포트",
    "data": [
        {
            "sentence": "문서 목적: 본 리포트는 의수·의족 환자 맞춤 설계부터 제조, 피팅, 품질검사 및 규제 준수 이력까지 통합적으로 기록하기 위한 기술문서입니다.",
            "id": "sample_099_0072_000001",
            "annotations": []
        },
        {
            "sentence": "환자 식별정보(가명화): patient_id는 PATIENT_0001로 등록되어 있으며 전자 동의(consent_status)는 확인되어 보안 저장 대상입니다.",
            "id": "sample_099_0072_000002",
            "annotations": [
                {
                    "word": "PATIENT_0001",
                    "start": 26,
                    "end": 38,
                    "label": "개인정보"
                }
            ]
        },
        {
            "sentence": "동의 및 접근통제: 환자 관련 모든 파일은 HIPAA/GDPR 수준의 암호화(전송·저장) 하에 있으며 접근 권한은 최소화되어 Audit log에 기록됩니다.",
            "id": "sample_099_0072_000003",
            "annotations": []
        },
        {
            "sentence": "기초인적사항: 생년월일은 1985년 06월 12일로 기록하였고 이는 익명화 처리 전 표준 분리(연/월/일)로 보관되었습니다.",
            "id": "sample_099_0072_000004",
            "annotations": [
                {
                    "word": "1985년",
                    "start": 14,
                    "end": 19,
                    "label": "준식별자"
                },
                {
                    "word": "06월",
                    "start": 20,
                    "end": 23,
                    "label": "준식별자"
                },
                {
                    "word": "12일",
                    "start": 24,
                    "end": 27,
                    "label": "준식별자"
                }
            ]
        },
        {
            "sentence": "체형정보(준식별자): 성별은 남성이며, 신체치수는 신장 176 cm, 체중 78 kg으로 임상 피팅 파라미터에 반영했습니다.",
            "id": "sample_099_0072_000005",
            "annotations": [
                {
                    "word": "남성",
                    "start": 16,
                    "end": 18,
                    "label": "준식별자"
                },
                {
                    "word": "176 cm",
                    "start": 31,
                    "end": 37,
                    "label": "준식별자"
                },
                {
                    "word": "78 kg",
                    "start": 42,
                    "end": 47,
                    "label": "준식별자"
                }
            ]
        },
        {
            "sentence": "거주지(지역단위): 환자 거주지는 서울특별시 강남구로 지역 기반 사회력 조사를 위해 시/구 단위로 분리 저장합니다.",
            "id": "sample_099_0072_000006",
            "annotations": [
                {
                    "word": "서울특별시",
                    "start": 19,
                    "end": 24,
                    "label": "준식별자"
                },
                {
                    "word": "강남구",
                    "start": 25,
                    "end": 28,
                    "label": "준식별자"
                }
            ]
        },
        {
            "sentence": "3D 스캔 파일: 보관용 원본은 lossless STL 포맷이며 파일명은 scan_PATIENT_0001_Leg.stl, 체크섬은 sha256:3f2a...로 아카이빙되어 있습니다.",
            "id": "sample_099_0072_000007",
            "annotations": [
                {
                    "word": "PATIENT_0001",
                    "start": 46,
                    "end": 58,
                    "label": "개인정보"
                },
                {
                    "word": "scan_PATIENT_0001_Leg.stl",
                    "start": 41,
                    "end": 66,
                    "label": "개인정보"
                }
            ]
        },
        {
            "sentence": "영상의학 데이터: CT/DICOM 원본의 PatientID 태그는 DICOM_PatientID:PATIENT_0001로 보존되며 메타데이터(모델, 소프트웨어 버전)는 별도 레코드로 관리합니다.",
            "id": "sample_099_0072_000008",
            "annotations": [
                {
                    "word": "DICOM_PatientID:PATIENT_0001",
                    "start": 37,
                    "end": 65,
                    "label": "개인정보"
                }
            ]
        },
        {
            "sentence": "CAD/CAM 설계: 소켓 설계 원본은 STEP 포맷(CAD_TOOL: SolidEdge v2021)으로 저장되어 있으며 변환 로그와 버전 이력이 포함됩니다.",
            "id": "sample_099_0072_000009",
            "annotations": []
        },
        {
            "sentence": "소켓 압력지도는 32×32 센서 매트 CSV와 PNG 이미지로 보관되며 단위는 kPa이고 캘리브레이션 타임스탬프를 메타데이터에 기록합니다.",
            "id": "sample_099_0072_000010",
            "annotations": []
        },
        {
            "sentence": "보행분석 데이터는 포스플레이트(Hz), IMU(가속도 m/s2·각속도 deg/s) 시계열 CSV로 표준화하여 타임존과 ISO 8601 타임스탬프를 포함합니다.",
            "id": "sample_099_0072_000011",
            "annotations": []
        },
        {
            "sentence": "근전도(EMG)는 샘플레이트(metadata)에 따라 2 kHz로 레코딩된 WAV 파일과 CSV 파형 요약이 함께 저장되어 있습니다.",
            "id": "sample_099_0072_000012",
            "annotations": []
        },
        {
            "sentence": "내장 센서 텔레메트리: 사용패턴 로그는 epoch 기반 타임스탬프(ISO 8601)로 저장되며 배터리 상태와 펌웨어 버전(v1.4.3)이 함께 기록됩니다.",
            "id": "sample_099_0072_000013",
            "annotations": []
        },
        {
            "sentence": "자재명세서(BOM): 주요 소재는 티타늄 합금(Grade 5), 고강도 폴리머(PEEK) 등으로 JSON 형식의 BOM과 자재 LOT 연결정보를 포함합니다.",
            "id": "sample_099_0072_000014",
            "annotations": []
        },
        {
            "sentence": "제조 지시서: 제조 워크오더는 JSON으로 기록되며 UDI/시리얼→LOT→자재 LOT 간 추적성이 보장되도록 링크 필드를 포함합니다.",
            "id": "sample_099_0072_000015",
            "annotations": []
        },
        {
            "sentence": "품질검사 결과: 기계적 피로시험과 토크·강도 시험 결과는 PDF 리포트와 JSON 요약으로 저장되며 검증자 서명, 버전, 타임스탬프가 포함됩니다.",
            "id": "sample_099_0072_000016",
            "annotations": []
        },
        {
            "sentence": "장치 추적성 정보: device_serial_number는 SN-AB12345678이며 UDI 코드는 00123456789012로 제조·검사·유지보수 로그와 연결되어 있습니다.",
            "id": "sample_099_0072_000017",
            "annotations": [
                {
                    "word": "SN-AB12345678",
                    "start": 33,
                    "end": 46,
                    "label": "기밀정보"
                },
                {
                    "word": "00123456789012",
                    "start": 57,
                    "end": 71,
                    "label": "기밀정보"
                }
            ]
        },
        {
            "sentence": "제조 LOT 정보: 제조 LOT은 LOT-MFG-202311-A로 기록되어 자재 LOT와의 매핑 및 변경 이력 추적이 가능합니다.",
            "id": "sample_099_0072_000018",
            "annotations": [
                {
                    "word": "LOT-MFG-202311-A",
                    "start": 19,
                    "end": 35,
                    "label": "기밀정보"
                }
            ]
        },
        {
            "sentence": "유지보수 및 보증: 유지보수 로그와 보증기록은 JSON으로 관리되며 장비 시리얼과 LOT, 유지보수 담당자 서명과 타임스탬프를 포함합니다.",
            "id": "sample_099_0072_000019",
            "annotations": []
        },
        {
            "sentence": "규제·인허가 문서: FDA 510(k) 제출자료와 ISO 13485 인증 문서는 변경 이력(v1.0→v1.2)과 승인자(검토자)의 메타데이터를 포함합니다.",
            "id": "sample_099_0072_000020",
            "annotations": []
        },
        {
            "sentence": "담당 보철사: 피팅 담당 보철사는 임효성으로 기록되어 보철사 자격증과 감사 로그와 연계 관리됩니다.",
            "id": "sample_099_0072_000021",
            "annotations": [
                {
                    "word": "임효성",
                    "start": 19,
                    "end": 22,
                    "label": "개인정보"
                }
            ]
        },
        {
            "sentence": "피팅 세션 노트: 초기 피팅 시 관찰된 소켓 압통 포인트, 압력 재분포 요구사항 및 추후 조정 예정사항을 상세 기술했습니다.",
            "id": "sample_099_0072_000022",
            "annotations": []
        },
        {
            "sentence": "임상진단 및 수술기록: 절단 레벨은 슬관절 이하(transtibial)이며 수술기록의 수술일자는 2023년 11월 05일로 문서화되어 있습니다.",
            "id": "sample_099_0072_000023",
            "annotations": [
                {
                    "word": "2023년",
                    "start": 54,
                    "end": 59,
                    "label": "준식별자"
                },
                {
                    "word": "11월",
                    "start": 60,
                    "end": 63,
                    "label": "준식별자"
                },
                {
                    "word": "05일",
                    "start": 64,
                    "end": 67,
                    "label": "준식별자"
                }
            ]
        },
        {
            "sentence": "재활성과 및 환자보고결과(PROMS): TUG, ODI 등 표준화 지표를 사용하여 사전·사후 비교를 CSV로 제공했습니다.",
            "id": "sample_099_0072_000024",
            "annotations": []
        },
        {
            "sentence": "보험청구: 제출된 보험청구서에는 보험정책번호 INS-2024-998877이 기록되어 있으며 청구금액과 심사결과 로그를 포함합니다.",
            "id": "sample_099_0072_000025",
            "annotations": [
                {
                    "word": "INS-2024-998877",
                    "start": 25,
                    "end": 40,
                    "label": "개인정보"
                }
            ]
        },
        {
            "sentence": "데이터 품질검사(QC): 범위체크, 단위검증, 체크섬 무결성검사 결과는 QC 리포트로 보관되며 실패 항목은 별도 이슈 트래킹으로 연동됩니다.",
            "id": "sample_099_0072_000026",
            "annotations": []
        },
        {
            "sentence": "원본 보관 정책: 모든 원본(STL/STEP/DICOM/WAV/PDF)은 lossless 포맷으로 아카이빙되며 포맷 변환 시 변환 로그와 검증 체크섬을 기록합니다.",
            "id": "sample_099_0072_000027",
            "annotations": []
        },
        {
            "sentence": "원격 펌웨어 업데이트: 펌웨어 배포는 코드서명 및 무결성 검증을 거쳐 진행하며 펌웨어 버전과 배포 타임스탬프를 유지합니다.",
            "id": "sample_099_0072_000028",
            "annotations": []
        },
        {
            "sentence": "행동지침(액션 아이템): 보철사 검토, 재피팅 예약, 제조 LOT 재검토, 규제 문서 버전 확인 등의 후속 조치를 우선으로 권고합니다.",
            "id": "sample_099_0072_000029",
            "annotations": []
        },
        {
            "sentence": "결론: 본 리포트는 개인 민감정보를 암호화하여 보관하고 장치 추적성 및 규제 준수를 위한 전체 이력을 연결 가능한 형식으로 제공함을 명시합니다.",
            "id": "sample_099_0072_000030",
            "annotations": []
        }
    ]
}