{
    "document_id": "099_0093",
    "document_title": "맞춤형 좌측 전완 의수 설계 및 임상·제조 통합 보고서",
    "data": [
        {
            "sentence": "문서 식별자 099_0093, 환자 ID: PAT-099-0093, consent_status: signed로 본 프로젝트의 데이터 접근 권한이 기록됩니다.",
            "id": "sample_099_0093_000001",
            "annotations": [
                {
                    "word": "PAT-099-0093",
                    "start": 24,
                    "end": 36,
                    "label": "개인정보"
                }
            ]
        },
        {
            "sentence": "본 문서는 보철 및 보조기(의수·의족) 분야의 임상, 제조, 품질, 재활 데이터를 통합하여 저장하는 목적로 작성되었습니다.",
            "id": "sample_099_0093_000002",
            "annotations": []
        },
        {
            "sentence": "데이터는 HIPAA/GDPR 수준의 암호화와 최소 권한 접근 제어가 적용되어 보관됩니다.",
            "id": "sample_099_0093_000003",
            "annotations": []
        },
        {
            "sentence": "성별: 남성.",
            "id": "sample_099_0093_000004",
            "annotations": [
                {
                    "word": "남성",
                    "start": 4,
                    "end": 6,
                    "label": "준식별자"
                }
            ]
        },
        {
            "sentence": "출생연도: 1968.",
            "id": "sample_099_0093_000005",
            "annotations": [
                {
                    "word": "1968",
                    "start": 6,
                    "end": 10,
                    "label": "준식별자"
                }
            ]
        },
        {
            "sentence": "주소(시/군/구): 서울특별시 강남구.",
            "id": "sample_099_0093_000006",
            "annotations": [
                {
                    "word": "서울특별시 강남구",
                    "start": 11,
                    "end": 20,
                    "label": "준식별자"
                }
            ]
        },
        {
            "sentence": "신체 계측: 신장 1750 mm, 체중 72.5 kg, 상지 길이(L) 620 mm로 치수는 밀리미터와 kg 단위를 명시하여 저장합니다.",
            "id": "sample_099_0093_000007",
            "annotations": [
                {
                    "word": "1750 mm",
                    "start": 10,
                    "end": 17,
                    "label": "준식별자"
                },
                {
                    "word": "72.5 kg",
                    "start": 22,
                    "end": 29,
                    "label": "준식별자"
                },
                {
                    "word": "620 mm",
                    "start": 40,
                    "end": 46,
                    "label": "준식별자"
                }
            ]
        },
        {
            "sentence": "임상 진단: 좌측 전완(transradial) 절단, 외상성 기원, 말초 신경통 증상 및 피부 상태 관찰 기록이 포함됩니다.",
            "id": "sample_099_0093_000008",
            "annotations": []
        },
        {
            "sentence": "측정 파일: 3D 스캔(scan_PAT-099-0093_v1.stl) 및 메타데이터(stl format v1.2, created_by: Artec Studio 16, sha256:abcd1234)가 원본 형태로 아카이빙됩니다.",
            "id": "sample_099_0093_000009",
            "annotations": [
                {
                    "word": "PAT-099-0093",
                    "start": 18,
                    "end": 30,
                    "label": "개인정보"
                }
            ]
        },
        {
            "sentence": "영상 파일: CT_CH_PAT-099-0093.dcm (DICOM v3.0, modality: CT, timezone: Asia/Seoul)이며 원본 DICOM 메타데이터를 유지합니다.",
            "id": "sample_099_0093_000010",
            "annotations": [
                {
                    "word": "PAT-099-0093",
                    "start": 13,
                    "end": 25,
                    "label": "개인정보"
                }
            ]
        },
        {
            "sentence": "CAD 파일: socket_PAT-099-0093_v2.step (STEP AP242, generated_by: SolidWorks 2021, checksum: efgh5678)으로 형상 및 버전 기록을 보존합니다.",
            "id": "sample_099_0093_000011",
            "annotations": [
                {
                    "word": "PAT-099-0093",
                    "start": 15,
                    "end": 27,
                    "label": "개인정보"
                }
            ]
        },
        {
            "sentence": "소켓 압력 지도와 미리보기: pressure_map_PAT-099-0093.csv 및 pressure_map_PAT-099-0093.png가 피팅 리포트와 함께 저장됩니다.",
            "id": "sample_099_0093_000012",
            "annotations": [
                {
                    "word": "PAT-099-0093",
                    "start": 29,
                    "end": 41,
                    "label": "개인정보"
                },
                {
                    "word": "PAT-099-0093",
                    "start": 61,
                    "end": 73,
                    "label": "개인정보"
                }
            ]
        },
        {
            "sentence": "보행 시계열 데이터: gait_PAT-099-0093.csv은 포스플레이트(1000 Hz)와 IMU(200 Hz)의 동기화 메타데이터를 포함합니다.",
            "id": "sample_099_0093_000013",
            "annotations": [
                {
                    "word": "PAT-099-0093",
                    "start": 17,
                    "end": 29,
                    "label": "개인정보"
                }
            ]
        },
        {
            "sentence": "근전도 데이터: emg_PAT-099-0093.wav (sampling: 2000 Hz, format: WAV)과 보조 CSV 파일이 함께 저장됩니다.",
            "id": "sample_099_0093_000014",
            "annotations": [
                {
                    "word": "PAT-099-0093",
                    "start": 13,
                    "end": 25,
                    "label": "개인정보"
                }
            ]
        },
        {
            "sentence": "IMU 로그: imu_PAT-099-0093.csv는 가속도(accel m/s^2)와 각속도(gyro deg/s)를 포함하고 ISO 8601 타임스탬프를 적용합니다.",
            "id": "sample_099_0093_000015",
            "annotations": [
                {
                    "word": "PAT-099-0093",
                    "start": 12,
                    "end": 24,
                    "label": "개인정보"
                }
            ]
        },
        {
            "sentence": "자재 명세 및 BOM: materials_spec_v3.pdf와 bom_PAT-099-0093.json이 자재 LOT 및 제조 LOT와 연결되어 아카이브됩니다.",
            "id": "sample_099_0093_000016",
            "annotations": [
                {
                    "word": "PAT-099-0093",
                    "start": 40,
                    "end": 52,
                    "label": "개인정보"
                }
            ]
        },
        {
            "sentence": "장치 추적성 항목: device_serial_number: SN-A123456789, udi_code: UDI:12345678901234, 제조 LOT: LOT-2025-01, 자재 LOT: MAT-998로 연관 관계가 기록됩니다.",
            "id": "sample_099_0093_000017",
            "annotations": [
                {
                    "word": "SN-A123456789",
                    "start": 33,
                    "end": 46,
                    "label": "기밀정보"
                },
                {
                    "word": "UDI:12345678901234",
                    "start": 58,
                    "end": 76,
                    "label": "기밀정보"
                }
            ]
        },
        {
            "sentence": "펌웨어 및 텔레메트리: firmware_version: FW v2.3.1, 배터리 평균 전압 3.7 V, 로그 주기 및 재전송 정책이 명시됩니다.",
            "id": "sample_099_0093_000018",
            "annotations": []
        },
        {
            "sentence": "제조 작업지시: WO-2025-00093.json에는 작업 단계, 검사 체크리스트, 서명 기록(서명자 ID, 타임스탬프, 서명 버전)이 포함됩니다.",
            "id": "sample_099_0093_000019",
            "annotations": [
                {
                    "word": "WO-2025-00093",
                    "start": 9,
                    "end": 22,
                    "label": "기밀정보"
                }
            ]
        },
        {
            "sentence": "품질 검사 보고서: inspection_report_v2.pdf, 최종 승인자: 고형빈, 승인 버전: v2.0 및 변경 이력이 기록됩니다.",
            "id": "sample_099_0093_000020",
            "annotations": [
                {
                    "word": "고형빈",
                    "start": 45,
                    "end": 48,
                    "label": "개인정보"
                }
            ]
        },
        {
            "sentence": "유지보수 로그: maintenance_PROS-099-001_2025.json에는 교정 일정, 교정자 서명, 최종 점검자: 정준형의 확인 기록이 포함됩니다.",
            "id": "sample_099_0093_000021",
            "annotations": [
                {
                    "word": "정준형",
                    "start": 69,
                    "end": 72,
                    "label": "개인정보"
                },
                {
                    "word": "PROS-099-001",
                    "start": 21,
                    "end": 33,
                    "label": "개인정보"
                }
            ]
        },
        {
            "sentence": "보증 및 청구 연동: warranty_CLM-2025-00093.json과 보험 청구 번호가 제품 이력과 매핑되어 보관됩니다.",
            "id": "sample_099_0093_000022",
            "annotations": [
                {
                    "word": "CLM-2025-00093",
                    "start": 21,
                    "end": 35,
                    "label": "기밀정보"
                }
            ]
        },
        {
            "sentence": "규제 제출물: FDA 510(k) 제출번호 K123456 및 CE 기술문서(ISO 13485 준수) 버전 관리와 승인자 로그가 포함됩니다.",
            "id": "sample_099_0093_000023",
            "annotations": []
        },
        {
            "sentence": "담당 보철사: 지섬근, 보철사 ID: PROS-099-001이며 피팅 세션과 제조 커뮤니케이션이 연결되어 있습니다.",
            "id": "sample_099_0093_000024",
            "annotations": [
                {
                    "word": "지섬근",
                    "start": 8,
                    "end": 11,
                    "label": "개인정보"
                },
                {
                    "word": "PROS-099-001",
                    "start": 21,
                    "end": 33,
                    "label": "개인정보"
                }
            ]
        },
        {
            "sentence": "피팅 세션 메모: 환자 PAT-099-0093의 첫 피팅에서 압점 수정 3회, 패드 재배치 2회가 기록되었습니다.",
            "id": "sample_099_0093_000025",
            "annotations": [
                {
                    "word": "PAT-099-0093",
                    "start": 13,
                    "end": 25,
                    "label": "개인정보"
                }
            ]
        },
        {
            "sentence": "임상 결과 요약: PROMs 총점 67, TUG 14.2 s, 환자 주관적 만족도 및 재활 계획이 기술됩니다.",
            "id": "sample_099_0093_000026",
            "annotations": []
        },
        {
            "sentence": "보험 청구 양식: claim_number CLM-2025-00093, 제출 상태: submitted 및 관련 문서 번들링 정보가 포함됩니다.",
            "id": "sample_099_0093_000027",
            "annotations": [
                {
                    "word": "CLM-2025-00093",
                    "start": 23,
                    "end": 37,
                    "label": "기밀정보"
                }
            ]
        },
        {
            "sentence": "보고서 작성자: 유선경, 검토자: 나보정, 문서 버전: 1.2 및 최종 수정 서명 기록이 감사 로그에 보관됩니다.",
            "id": "sample_099_0093_000028",
            "annotations": [
                {
                    "word": "유선경",
                    "start": 9,
                    "end": 12,
                    "label": "개인정보"
                },
                {
                    "word": "나보정",
                    "start": 19,
                    "end": 22,
                    "label": "개인정보"
                }
            ]
        }
    ]
}