{
    "document_id": "099_0033",
    "document_title": "의수·의족 통합 설계·제조·임상평가 종합 기록",
    "data": [
        {
            "sentence": "문서 개요: 본 보고서는 보철 및 보조기(의수·의족) 설계·제조·임상평가 통합 기록을 목적으로 작성되었습니다.",
            "id": "sample_099_0033_000001",
            "annotations": []
        },
        {
            "sentence": "환자 식별: patient_id: PAT-0990033-0001, 환자명: 공남수, consent_status: obtained(서명 포함).",
            "id": "sample_099_0033_000002",
            "annotations": [
                {
                    "word": "PAT-0990033-0001",
                    "start": 19,
                    "end": 35,
                    "label": "개인정보"
                },
                {
                    "word": "공남수",
                    "start": 42,
                    "end": 45,
                    "label": "개인정보"
                }
            ]
        },
        {
            "sentence": "연락처 및 이메일: 연락처: 010-1234-5678, 이메일: patient099@example.com.",
            "id": "sample_099_0033_000003",
            "annotations": [
                {
                    "word": "010-1234-5678",
                    "start": 16,
                    "end": 29,
                    "label": "개인정보"
                },
                {
                    "word": "patient099@example.com",
                    "start": 36,
                    "end": 58,
                    "label": "개인정보"
                }
            ]
        },
        {
            "sentence": "주소: 서울특별시 강남구 역삼동 123-45 (원문 아카이브에 원본 주소 포함).",
            "id": "sample_099_0033_000004",
            "annotations": [
                {
                    "word": "서울특별시 강남구 역삼동 123-45",
                    "start": 4,
                    "end": 24,
                    "label": "개인정보"
                },
                {
                    "word": "서울특별시",
                    "start": 4,
                    "end": 9,
                    "label": "준식별자"
                },
                {
                    "word": "강남구",
                    "start": 10,
                    "end": 13,
                    "label": "준식별자"
                }
            ]
        },
        {
            "sentence": "생년월일: 1979-04-15, 성별: 남성.",
            "id": "sample_099_0033_000005",
            "annotations": [
                {
                    "word": "1979",
                    "start": 6,
                    "end": 10,
                    "label": "준식별자"
                },
                {
                    "word": "04",
                    "start": 11,
                    "end": 13,
                    "label": "준식별자"
                },
                {
                    "word": "15",
                    "start": 14,
                    "end": 16,
                    "label": "준식별자"
                },
                {
                    "word": "남성",
                    "start": 22,
                    "end": 24,
                    "label": "준식별자"
                }
            ]
        },
        {
            "sentence": "신체 정보: 신장: 1780 mm, 체중: 75.0 kg, 절단측: Right (우측), 절단레벨: Transfemoral.",
            "id": "sample_099_0033_000006",
            "annotations": [
                {
                    "word": "1780 mm",
                    "start": 11,
                    "end": 18,
                    "label": "준식별자"
                },
                {
                    "word": "75.0 kg",
                    "start": 24,
                    "end": 31,
                    "label": "준식별자"
                }
            ]
        },
        {
            "sentence": "임상진단: 우측 대퇴부 절단, 기존 보철 사용력 3년, 통증점수 VAS 4/10.",
            "id": "sample_099_0033_000007",
            "annotations": []
        },
        {
            "sentence": "3D 스캔 파일: prosthesis_scan_099_0033.stl; format: STL; tool: ArtecStudio15; version: 15.0.0; checksum: sha256:abcd1234efgh5678ijkl9012mnop3456qrst7890uvwx1234yzab5678cdef9012.",
            "id": "sample_099_0033_000008",
            "annotations": []
        },
        {
            "sentence": "DICOM 이미지: study_id: STU-099-0033; modality: CT; acquisition_date: 2024-12-05T09:30:00+09:00; PatientID: PAT-0990033-0001; SOPInstanceUID: 1.2.840.113619.2.55.3.2831164357.123.",
            "id": "sample_099_0033_000009",
            "annotations": [
                {
                    "word": "PAT-0990033-0001",
                    "start": 105,
                    "end": 121,
                    "label": "개인정보"
                }
            ]
        },
        {
            "sentence": "CAD 설계 파일: socket_design_099_0033.step; format: STEP; created_with: SiemensNX12; model_version: v2.1; checksum: sha256:dcba9876fedc5432abcd9876fedc5432abcd9876fedc5432abcd9876fedc5432.",
            "id": "sample_099_0033_000010",
            "annotations": []
        },
        {
            "sentence": "소켓 압력 맵: socket_pressure_099_0033.csv (단위 kPa), 피팅 리포트 PNG: socket_pressure_map_099_0033.png.",
            "id": "sample_099_0033_000011",
            "annotations": []
        },
        {
            "sentence": "보행 분석 시계열: gait_time_series_099_0033.csv; sample_rate: 200 Hz; timezone: Asia/Seoul; timestamps ISO8601으로 정렬됨.",
            "id": "sample_099_0033_000012",
            "annotations": []
        },
        {
            "sentence": "EMG 신호 수집: emg_099_0033.wav; 채널수: 8; 샘플링: 2048 Hz; 필터: 20-450 Hz.",
            "id": "sample_099_0033_000013",
            "annotations": []
        },
        {
            "sentence": "IMU 로그: imu_099_0033.csv; accelerometer: ±16 g; gyroscope: ±2000 dps; sample_rate: 200 Hz; timezone: Asia/Seoul.",
            "id": "sample_099_0033_000014",
            "annotations": []
        },
        {
            "sentence": "자재 사양 및 BOM: materials_spec_099_0033.json, bill_of_materials_099_0033.json; UDI: 12345678901234; device_serial_number: SN-099-7788.",
            "id": "sample_099_0033_000015",
            "annotations": []
        },
        {
            "sentence": "제조 작업지시서: work_order_099_0033.json; 제조LOT: LOT-MFG-20241201; 자재LOT 연동 확인 완료.",
            "id": "sample_099_0033_000016",
            "annotations": []
        },
        {
            "sentence": "품질검사 보고서: quality_report_099_0033.pdf; 최종승인자: 황설하; 승인일: 2024-12-15T14:20:00+09:00; 버전: v1.2.",
            "id": "sample_099_0033_000017",
            "annotations": [
                {
                    "word": "황설하",
                    "start": 46,
                    "end": 49,
                    "label": "기밀정보"
                }
            ]
        },
        {
            "sentence": "규제 제출자료: FDA 510(k) 제출 참조 문서 포함; 규제승인자: 노이린; 변경이력 및 승인자 메타데이터 저장됨.",
            "id": "sample_099_0033_000018",
            "annotations": [
                {
                    "word": "노이린",
                    "start": 40,
                    "end": 43,
                    "label": "기밀정보"
                }
            ]
        },
        {
            "sentence": "프로스세티스트(담당기사) ID: 박진후; 피팅 세션 노트 파일: fitting_notes_099_0033.txt.",
            "id": "sample_099_0033_000019",
            "annotations": [
                {
                    "word": "박진후",
                    "start": 18,
                    "end": 21,
                    "label": "기밀정보"
                }
            ]
        },
        {
            "sentence": "펌웨어 및 텔레메트리: firmware_version: fw_3.2.1; 배터리 로그 및 원격 업데이트 서명 확인 필요.",
            "id": "sample_099_0033_000020",
            "annotations": []
        },
        {
            "sentence": "유지보수 로그: maintenance_log_099_0033.json; 마지막정비일: 2025-01-05T10:00:00+09:00; 정비자: 황명화.",
            "id": "sample_099_0033_000021",
            "annotations": [
                {
                    "word": "황명화",
                    "start": 80,
                    "end": 83,
                    "label": "기밀정보"
                }
            ]
        },
        {
            "sentence": "보증 기록: warranty_record_099_0033.pdf; 보증번호: WTY-2025-099-01; 보험 청구 양식: insurance_claim_099_0033.pdf.",
            "id": "sample_099_0033_000022",
            "annotations": []
        },
        {
            "sentence": "보험 정보: 보험사명: 국민보장보험; 보험증권번호: INS-2025-7788; 청구상태: 제출완료.",
            "id": "sample_099_0033_000023",
            "annotations": [
                {
                    "word": "INS-2025-7788",
                    "start": 29,
                    "end": 42,
                    "label": "기밀정보"
                }
            ]
        },
        {
            "sentence": "환자 보고 결과(PROMS): ODI 점수 28, TUG: 12.3 s, 만족도 설문서에 서명: 공남수, 서명일: 2025-01-10.",
            "id": "sample_099_0033_000024",
            "annotations": [
                {
                    "word": "공남수",
                    "start": 54,
                    "end": 57,
                    "label": "개인정보"
                },
                {
                    "word": "2025",
                    "start": 64,
                    "end": 68,
                    "label": "준식별자"
                },
                {
                    "word": "01",
                    "start": 69,
                    "end": 71,
                    "label": "준식별자"
                },
                {
                    "word": "10",
                    "start": 72,
                    "end": 74,
                    "label": "준식별자"
                }
            ]
        },
        {
            "sentence": "시계열 데이터 QC: 범위체크, 단위검증, 체크섬 무결성 점검 완료 및 실패 항목 별도 리포트에 기록됨.",
            "id": "sample_099_0033_000025",
            "annotations": []
        },
        {
            "sentence": "캘리브레이션 이력: 센서 교정 일정 및 교정보고서 보관, 교정자 서명 필드에 엄리세 기록.",
            "id": "sample_099_0033_000026",
            "annotations": [
                {
                    "word": "엄리세",
                    "start": 43,
                    "end": 46,
                    "label": "기밀정보"
                }
            ]
        },
        {
            "sentence": "데이터 보안 및 접근: 모든 의료데이터는 AES-256으로 암호화 저장되며 접근은 최소권한 정책으로 제어되고 감사로그가 유지됩니다.",
            "id": "sample_099_0033_000027",
            "annotations": []
        },
        {
            "sentence": "권고사항: 환자 식별정보는 별도 암호화 아카이브에 보관하고, 외부 제출 시에는 준식별화 및 동의 확인을 재검증하십시오.",
            "id": "sample_099_0033_000028",
            "annotations": []
        }
    ]
}