{
    "document_id": "099_0066",
    "document_title": "의수·의족 맞춤형 제조·피팅·검사 종합 레코드",
    "data": [
        {
            "sentence": "본 문서는 보철 및 보조기(의수·의족) 환자 맞춤형 제조·피팅·검사 이력의 종합 레코드입니다.",
            "id": "sample_099_0066_000001",
            "annotations": []
        },
        {
            "sentence": "patient_id: PID-099-0066 로 가명화된 환자 레퍼런스를 사용하여 모든 파일을 연계합니다.",
            "id": "sample_099_0066_000002",
            "annotations": [
                {
                    "word": "PID-099-0066",
                    "start": 12,
                    "end": 24,
                    "label": "개인정보"
                }
            ]
        },
        {
            "sentence": "환자명(가명): 박승율 로 내부 참조 레이블을 부여하고 실제 식별자는 분리 보관합니다.",
            "id": "sample_099_0066_000003",
            "annotations": [
                {
                    "word": "박승율",
                    "start": 9,
                    "end": 12,
                    "label": "개인정보"
                }
            ]
        },
        {
            "sentence": "생년월일(연-월-일): 1980-05-12, 성별: 남성 으로 준식별자 필드를 기록합니다.",
            "id": "sample_099_0066_000004",
            "annotations": [
                {
                    "word": "1980-05-12",
                    "start": 13,
                    "end": 23,
                    "label": "준식별자"
                },
                {
                    "word": "남성",
                    "start": 29,
                    "end": 31,
                    "label": "준식별자"
                }
            ]
        },
        {
            "sentence": "주소(시/군/구/동): 서울특별시, 강서구, 화곡동 단위로 분리하여 준식별자 필드에 저장합니다.",
            "id": "sample_099_0066_000005",
            "annotations": [
                {
                    "word": "서울특별시",
                    "start": 13,
                    "end": 18,
                    "label": "준식별자"
                },
                {
                    "word": "강서구",
                    "start": 20,
                    "end": 23,
                    "label": "준식별자"
                },
                {
                    "word": "화곡동",
                    "start": 25,
                    "end": 28,
                    "label": "준식별자"
                }
            ]
        },
        {
            "sentence": "연락처(가명): 010-1234-5678 은 접근 제어된 암호화 저장소에만 보관합니다.",
            "id": "sample_099_0066_000006",
            "annotations": [
                {
                    "word": "010-1234-5678",
                    "start": 9,
                    "end": 22,
                    "label": "개인정보"
                }
            ]
        },
        {
            "sentence": "보험 청구 참조: 청구번호 INS-2026-5566 은 청구 처리용 메타데이터로 기록됩니다.",
            "id": "sample_099_0066_000007",
            "annotations": [
                {
                    "word": "INS-2026-5566",
                    "start": 15,
                    "end": 28,
                    "label": "개인정보"
                }
            ]
        },
        {
            "sentence": "임상진단: 좌측 아래무릎 절단(Transtibial amputation) 및 잔존 신경통 소견으로 등록합니다.",
            "id": "sample_099_0066_000008",
            "annotations": []
        },
        {
            "sentence": "side: left, amputation_level: transtibial 로 수술 레벨과 측면 정보를 표준 코딩으로 유지합니다.",
            "id": "sample_099_0066_000009",
            "annotations": []
        },
        {
            "sentence": "3D 스캔 파일: scan_PID-099-0066_2026-01-10.stl; format: STL; tool: Artec Studio 17; checksum: sha256:abcd1234로 원본 보관합니다.",
            "id": "sample_099_0066_000010",
            "annotations": [
                {
                    "word": "scan_PID-099-0066_2026-01-10.stl",
                    "start": 10,
                    "end": 42,
                    "label": "개인정보"
                }
            ]
        },
        {
            "sentence": "Imaging DICOM: study_0099_0066_2026-01-09; modality: CT; timezone: Asia/Seoul; timestamp: 2026-01-09T10:15:30+09:00 로 표준화합니다.",
            "id": "sample_099_0066_000011",
            "annotations": []
        },
        {
            "sentence": "CAD 파일: socket_design_PID-099-0066.step; format: STEP AP214; created_by: SolidWorks 2023; checksum: sha256:efgh5678 로 아카이빙합니다.",
            "id": "sample_099_0066_000012",
            "annotations": [
                {
                    "word": "socket_design_PID-099-0066.step",
                    "start": 8,
                    "end": 39,
                    "label": "개인정보"
                }
            ]
        },
        {
            "sentence": "소켓 압력 분포 데이터: pressure_map.csv (units: kPa); peak pressure: 42.5 kPa; sampling_grid: 64x64; heatmap: pressure_map.png 로 제시합니다.",
            "id": "sample_099_0066_000013",
            "annotations": []
        },
        {
            "sentence": "보행 분석 시계열: gait_timeseries.csv; sampling_rate: 200 Hz; duration: 12.4 s; timestamps: ISO 8601 기준으로 정렬합니다.",
            "id": "sample_099_0066_000014",
            "annotations": []
        },
        {
            "sentence": "EMG 녹음 파일: emg_PID-099-0066.wav; channels: 8; sampling_rate: 2000 Hz; calibration_date: 2025-12-01 로 기록합니다.",
            "id": "sample_099_0066_000015",
            "annotations": [
                {
                    "word": "emg_PID-099-0066.wav",
                    "start": 11,
                    "end": 31,
                    "label": "개인정보"
                }
            ]
        },
        {
            "sentence": "IMU 로그: imu_log.csv; accel_unit: m/s^2; gyro_unit: deg/s; sample_rate: 100 Hz; timestamp 표준: 2026-01-10T09:00:00+09:00 입니다.",
            "id": "sample_099_0066_000016",
            "annotations": []
        },
        {
            "sentence": "자재 사양서: materials_spec.json / materials_spec.pdf; BOM: bom_PID-099-0066.json 로 자재 추적성을 보장합니다.",
            "id": "sample_099_0066_000017",
            "annotations": [
                {
                    "word": "bom_PID-099-0066.json",
                    "start": 55,
                    "end": 76,
                    "label": "개인정보"
                }
            ]
        },
        {
            "sentence": "제조작업지시서: workorder_2026-01-11.json; device_serial_number: PRO-2026-000123; udi_code: (01)09501123456789(10)LOT12345 로 UDI→시리얼→LOT 매핑을 유지합니다.",
            "id": "sample_099_0066_000018",
            "annotations": [
                {
                    "word": "PRO-2026-000123",
                    "start": 58,
                    "end": 73,
                    "label": "기밀정보"
                },
                {
                    "word": "(01)09501123456789(10)LOT12345",
                    "start": 85,
                    "end": 115,
                    "label": "기밀정보"
                }
            ]
        },
        {
            "sentence": "firmware_version: v3.2.1; firmware_update_signed_by: 엄태정; update_timestamp: 2026-01-12T14:05:00+09:00 로 서명·타임스탬프를 기록합니다.",
            "id": "sample_099_0066_000019",
            "annotations": [
                {
                    "word": "엄태정",
                    "start": 53,
                    "end": 56,
                    "label": "개인정보"
                }
            ]
        },
        {
            "sentence": "유지보수 이력: maintenance_log.json; last_maintenance: 2026-01-15T09:30:00+09:00; performed_by: 안은유(프로스트헤티스트) 로 등록합니다.",
            "id": "sample_099_0066_000020",
            "annotations": [
                {
                    "word": "안은유",
                    "start": 90,
                    "end": 93,
                    "label": "개인정보"
                }
            ]
        },
        {
            "sentence": "보증기록: warranty_record_id: WR-0066-2026, 보증기간: 24 months from manufacturing_date 2026-01-11 로 보관합니다.",
            "id": "sample_099_0066_000021",
            "annotations": []
        },
        {
            "sentence": "규제제출 기록: FDA 510(k) 참조번호 K2026-006; ISO13485 인증서 버전 v2.0; 승인자: 방미건; 승인일: 2026-01-16T11:00:00+09:00 로 변경이력을 관리합니다.",
            "id": "sample_099_0066_000022",
            "annotations": [
                {
                    "word": "K2026-006",
                    "start": 25,
                    "end": 34,
                    "label": "기밀정보"
                },
                {
                    "word": "방미건",
                    "start": 63,
                    "end": 66,
                    "label": "개인정보"
                }
            ]
        },
        {
            "sentence": "품질검사 리포트: inspection_report_PID-099-0066.pdf; mechanical_fatigue_test: 1e6 cycles passed; torque: 45 N·m; 검사일: 2026-01-13 입니다.",
            "id": "sample_099_0066_000023",
            "annotations": [
                {
                    "word": "inspection_report_PID-099-0066.pdf",
                    "start": 10,
                    "end": 44,
                    "label": "개인정보"
                }
            ]
        },
        {
            "sentence": "prosthetist_id: PR-042; 담당 보철사: 류승주 로 작업자 식별 및 감사 로그를 연결합니다.",
            "id": "sample_099_0066_000024",
            "annotations": [
                {
                    "word": "PR-042",
                    "start": 16,
                    "end": 22,
                    "label": "개인정보"
                },
                {
                    "word": "류승주",
                    "start": 32,
                    "end": 35,
                    "label": "개인정보"
                }
            ]
        },
        {
            "sentence": "피팅 세션 노트: session_2026-01-14; 세부사항: 소켓 내측 medial trimming 2 mm, 압력 핫스팟 감소 12.3 kPa 로 기술합니다.",
            "id": "sample_099_0066_000025",
            "annotations": []
        },
        {
            "sentence": "환자 보고 결과(PROMS): TUG 12.4 s; ODI 18%; 주관적 만족도 4/5 로 후속 평가에 반영합니다.",
            "id": "sample_099_0066_000026",
            "annotations": []
        },
        {
            "sentence": "의료 이미지 저장경로: rsync://internal-storage/prosthetics/099/0066/dicom 은 내부 전용 스토리지로 접근을 제한합니다.",
            "id": "sample_099_0066_000027",
            "annotations": [
                {
                    "word": "rsync://internal-storage/prosthetics/099/0066/dicom",
                    "start": 13,
                    "end": 64,
                    "label": "기밀정보"
                }
            ]
        },
        {
            "sentence": "민감 데이터 암호화 정책: AES-256 전송중 및 저장중 암호화, 액세스 제어: RBAC 및 최소 권한 원칙을 적용합니다.",
            "id": "sample_099_0066_000028",
            "annotations": []
        },
        {
            "sentence": "감사로그 정책: 모든 파일 변형은 사용자 ID, 서명, 타임스탬프를 기록하며 무결성 체크섬을 유지합니다.",
            "id": "sample_099_0066_000029",
            "annotations": []
        },
        {
            "sentence": "액션 아이템: 보철 체결 후 2주 내 피드백 수집, 펌웨어 v3.2.1 패치 검증, 다음 유지보수 예약일 2026-07-15 로 일정화합니다.",
            "id": "sample_099_0066_000030",
            "annotations": []
        }
    ]
}