{
    "document_id": "099_0028",
    "document_title": "보철 및 보조기(의수·의족) 환자 맞춤 설계·제조·추적성 레코드",
    "data": [
        {
            "sentence": "문서 개요: 본 레코드는 보철 및 보조기(의수·의족) 환자의 맞춤 설계, 제조, 품질검사 및 유지보수 이력을 통합하여 기록합니다.",
            "id": "sample_099_0028_000001",
            "annotations": []
        },
        {
            "sentence": "환자 식별(가명처리): patient_id: P001-2025-0001로 내부 식별자가 부여되었으며 가명화 정책과 접근 제어가 적용됩니다.",
            "id": "sample_099_0028_000002",
            "annotations": [
                {
                    "word": "P001-2025-0001",
                    "start": 25,
                    "end": 39,
                    "label": "개인정보"
                }
            ]
        },
        {
            "sentence": "환자 기초정보: 성별: 남성, 생년월일: 1985-06-15, 신장: 175 cm, 체중: 72 kg으로 초기 평가가 기록되었습니다.",
            "id": "sample_099_0028_000003",
            "annotations": [
                {
                    "word": "남성",
                    "start": 13,
                    "end": 15,
                    "label": "준식별자"
                },
                {
                    "word": "1985-06-15",
                    "start": 23,
                    "end": 33,
                    "label": "준식별자"
                },
                {
                    "word": "175 cm",
                    "start": 39,
                    "end": 45,
                    "label": "준식별자"
                },
                {
                    "word": "72 kg",
                    "start": 51,
                    "end": 56,
                    "label": "준식별자"
                }
            ]
        },
        {
            "sentence": "주소(지역 단위): 시/도: 서울특별시, 구: 강남구 수준의 주소 정보만 임시 표기되며 상세 주소는 비식별화 아카이브에 보관됩니다.",
            "id": "sample_099_0028_000004",
            "annotations": [
                {
                    "word": "서울특별시",
                    "start": 16,
                    "end": 21,
                    "label": "준식별자"
                },
                {
                    "word": "강남구",
                    "start": 26,
                    "end": 29,
                    "label": "준식별자"
                }
            ]
        },
        {
            "sentence": "임상 진단: 좌측 경위사지 절단(Transradial) 및 만성 신경병증성 통증으로 보철 적합 및 재활 계획이 수립되었습니다.",
            "id": "sample_099_0028_000005",
            "annotations": []
        },
        {
            "sentence": "측면 및 절단레벨: 측면: left, 절단 레벨: Transradial로 설계 파라미터에 반영되었습니다.",
            "id": "sample_099_0028_000006",
            "annotations": []
        },
        {
            "sentence": "동의 상태: consent_status: true로 동의가 확인되었으며 동의 문서의 전자서명자는 오레이나가 담당했습니다.",
            "id": "sample_099_0028_000007",
            "annotations": [
                {
                    "word": "오레이나",
                    "start": 54,
                    "end": 58,
                    "label": "개인정보"
                }
            ]
        },
        {
            "sentence": "3D 스캔 아카이브: 3D 스캔 파일명 P001_scan_v1.stl, 포맷: STL, 생성툴: ArtecStudio 16.1, 체크섬: sha256:abcd1234ef5678로 원본 메타데이터를 보존합니다.",
            "id": "sample_099_0028_000008",
            "annotations": [
                {
                    "word": "P001_scan_v1.stl",
                    "start": 22,
                    "end": 38,
                    "label": "개인정보"
                }
            ]
        },
        {
            "sentence": "의료영상 경로: DICOM/P001_CT/series001.dcm에 CT 영상이 저장되어 있으며 DICOM 메타데이터와 촬영일시 2025-08-10T09:45:00+09:00가 기록됩니다.",
            "id": "sample_099_0028_000009",
            "annotations": [
                {
                    "word": "DICOM/P001_CT/series001.dcm",
                    "start": 9,
                    "end": 36,
                    "label": "개인정보"
                }
            ]
        },
        {
            "sentence": "CAD 설계 저장: CAD 파일 P001_socket_v2.step(STEP 214)로 버전관리되며 설계자 서재근의 검토 서명이 포함됩니다.",
            "id": "sample_099_0028_000010",
            "annotations": [
                {
                    "word": "P001_socket_v2.step",
                    "start": 18,
                    "end": 37,
                    "label": "개인정보"
                },
                {
                    "word": "서재근",
                    "start": 60,
                    "end": 63,
                    "label": "개인정보"
                }
            ]
        },
        {
            "sentence": "소켓 피팅 리포트: 압력 맵 CSV P001_pressure_2025-08-12.csv와 시각화 PNG P001_pressure_map.png가 피팅 세션에 첨부되었습니다.",
            "id": "sample_099_0028_000011",
            "annotations": [
                {
                    "word": "P001_pressure_2025-08-12.csv",
                    "start": 20,
                    "end": 48,
                    "label": "개인정보"
                },
                {
                    "word": "P001_pressure_map.png",
                    "start": 58,
                    "end": 79,
                    "label": "개인정보"
                }
            ]
        },
        {
            "sentence": "보행 분석 로그: 보행 시간 시리즈 P001_gait_2025-08-12.csv(포스플레이트 200Hz) 및 관성센서 IMU 로그 P001_imu_200Hz.csv를 포함합니다.",
            "id": "sample_099_0028_000012",
            "annotations": [
                {
                    "word": "P001_gait_2025-08-12.csv",
                    "start": 20,
                    "end": 44,
                    "label": "개인정보"
                },
                {
                    "word": "P001_imu_200Hz.csv",
                    "start": 73,
                    "end": 91,
                    "label": "개인정보"
                }
            ]
        },
        {
            "sentence": "근전도 데이터: EMG 파일 P001_emg_2025-08-12.wav는 샘플레이트 2048 Hz, 채널 8로 수집되어 원본 WAV와 CSV 변환본을 보관합니다.",
            "id": "sample_099_0028_000013",
            "annotations": [
                {
                    "word": "P001_emg_2025-08-12.wav",
                    "start": 16,
                    "end": 39,
                    "label": "개인정보"
                }
            ]
        },
        {
            "sentence": "자재·BOM·제조지시서: materials_spec_P001.pdf, bom_P001.json, mwo_P001.json이 제품별로 연결되어 자재 추적성이 보장됩니다.",
            "id": "sample_099_0028_000014",
            "annotations": [
                {
                    "word": "materials_spec_P001.pdf",
                    "start": 14,
                    "end": 37,
                    "label": "개인정보"
                },
                {
                    "word": "bom_P001.json",
                    "start": 39,
                    "end": 52,
                    "label": "개인정보"
                },
                {
                    "word": "mwo_P001.json",
                    "start": 54,
                    "end": 67,
                    "label": "개인정보"
                }
            ]
        },
        {
            "sentence": "장치 추적성 레코드: UDI: (01)01234567890123(21)SN-AB12345678, Serial: SN-AB12345678, 제조 LOT: LOT-2025-0056, 자재 LOT: MATLOT-3344로 연계 저장됩니다.",
            "id": "sample_099_0028_000015",
            "annotations": [
                {
                    "word": "(01)01234567890123(21)SN-AB12345678",
                    "start": 17,
                    "end": 52,
                    "label": "기밀정보"
                },
                {
                    "word": "SN-AB12345678",
                    "start": 39,
                    "end": 52,
                    "label": "기밀정보"
                },
                {
                    "word": "SN-AB12345678",
                    "start": 62,
                    "end": 75,
                    "label": "기밀정보"
                },
                {
                    "word": "LOT-2025-0056",
                    "start": 85,
                    "end": 98,
                    "label": "기밀정보"
                },
                {
                    "word": "MATLOT-3344",
                    "start": 108,
                    "end": 119,
                    "label": "기밀정보"
                }
            ]
        },
        {
            "sentence": "펌웨어 관리: 펌웨어 버전 FW-3.2.1이 장치 메타데이터에 기록되며 OTA 업데이트 로그와 서명 검증을 포함합니다.",
            "id": "sample_099_0028_000016",
            "annotations": []
        },
        {
            "sentence": "제조 이력 상세: 제조 작업지시 mwo_P001.json에는 제조일시 2025-08-11T07:20:00Z와 작업자 조윤슬의 전자서명이 포함되어 있습니다.",
            "id": "sample_099_0028_000017",
            "annotations": [
                {
                    "word": "mwo_P001.json",
                    "start": 18,
                    "end": 31,
                    "label": "개인정보"
                },
                {
                    "word": "조윤슬",
                    "start": 65,
                    "end": 68,
                    "label": "개인정보"
                }
            ]
        },
        {
            "sentence": "품질 검사 결과: inspection_P001_v2.pdf로 검사 리포트가 보관되며 보고서 ID QI-2025-889과 변경 이력 로그가 첨부됩니다.",
            "id": "sample_099_0028_000018",
            "annotations": [
                {
                    "word": "inspection_P001_v2.pdf",
                    "start": 10,
                    "end": 32,
                    "label": "개인정보"
                },
                {
                    "word": "QI-2025-889",
                    "start": 54,
                    "end": 65,
                    "label": "기밀정보"
                }
            ]
        },
        {
            "sentence": "유지보수 이력: 유지보수 로그 파일 maintenance_SN-AB12345678.json, 최근 정비일 2025-12-01T10:00:00Z, 정비자 곽카일의 서명이 포함됩니다.",
            "id": "sample_099_0028_000019",
            "annotations": [
                {
                    "word": "maintenance_SN-AB12345678.json",
                    "start": 20,
                    "end": 50,
                    "label": "기밀정보"
                },
                {
                    "word": "곽카일",
                    "start": 85,
                    "end": 88,
                    "label": "개인정보"
                }
            ]
        },
        {
            "sentence": "보증 문서: warranty_SN-AB12345678.pdf에 보증 시작일 2025-08-12와 보증기간 24 months가 명시되어 보증 추적이 가능합니다.",
            "id": "sample_099_0028_000020",
            "annotations": [
                {
                    "word": "warranty_SN-AB12345678.pdf",
                    "start": 7,
                    "end": 33,
                    "label": "기밀정보"
                }
            ]
        },
        {
            "sentence": "규제 제출기록: FDA 510(k) 제출번호 K123456 및 CE 클래스 IIa 문서에 대해 버전관리와 승인자 메타데이터를 보관합니다.",
            "id": "sample_099_0028_000021",
            "annotations": [
                {
                    "word": "K123456",
                    "start": 25,
                    "end": 32,
                    "label": "기밀정보"
                }
            ]
        },
        {
            "sentence": "보험 청구: 보험 청구서 insurance_claim_CLM-2025-778899.pdf 및 청구번호 CLM-2025-778899가 기록되며 보험계좌 123-456-789012는 결제 목적의 기밀 필드로 분류됩니다.",
            "id": "sample_099_0028_000022",
            "annotations": [
                {
                    "word": "insurance_claim_CLM-2025-778899.pdf",
                    "start": 14,
                    "end": 49,
                    "label": "기밀정보"
                },
                {
                    "word": "CLM-2025-778899",
                    "start": 30,
                    "end": 45,
                    "label": "기밀정보"
                },
                {
                    "word": "CLM-2025-778899",
                    "start": 57,
                    "end": 72,
                    "label": "기밀정보"
                },
                {
                    "word": "123-456-789012",
                    "start": 84,
                    "end": 98,
                    "label": "기밀정보"
                }
            ]
        },
        {
            "sentence": "피팅 세션 노트: 세션ID FS-2025-1001, 보철사 오레이나의 소견으로 소켓 압력 재조정이 필요하다는 메모가 기록되어 있습니다.",
            "id": "sample_099_0028_000023",
            "annotations": [
                {
                    "word": "FS-2025-1001",
                    "start": 15,
                    "end": 27,
                    "label": "기밀정보"
                },
                {
                    "word": "오레이나",
                    "start": 33,
                    "end": 37,
                    "label": "개인정보"
                }
            ]
        },
        {
            "sentence": "임상 결과 지표: 환자보고 결과 PROMs VAS pain 3/10, TUG 9.2 s, ODI 12%로 초기 및 추적 평가가 비교되었습니다.",
            "id": "sample_099_0028_000024",
            "annotations": []
        },
        {
            "sentence": "계측기 교정 이력: 센서 캘리브레이션 이력에 IMU 교정 2025-07-01, 교정번호 CAL-778 및 교정자 서장한의 서명이 포함되어 있습니다.",
            "id": "sample_099_0028_000025",
            "annotations": [
                {
                    "word": "CAL-778",
                    "start": 49,
                    "end": 56,
                    "label": "기밀정보"
                },
                {
                    "word": "서장한",
                    "start": 63,
                    "end": 66,
                    "label": "개인정보"
                }
            ]
        },
        {
            "sentence": "데이터 보안 정책: 모든 환자 개인정보 및 의료데이터는 AES-256 암호화로 저장되며 접근 제어와 감사 로그가 적용됩니다.",
            "id": "sample_099_0028_000026",
            "annotations": []
        },
        {
            "sentence": "파일 상호운용성: 원본은 무손실 포맷(STL/STEP/DICOM)으로 보존하며 변환 시 변환 로그와 체크섬을 기록합니다.",
            "id": "sample_099_0028_000027",
            "annotations": []
        },
        {
            "sentence": "결론 및 액션 아이템: 추적성 보고서 제출, 유지보수 예약일 조정, 환자 추후 평가 및 재피팅 일정을 4주 내 확정하도록 지시합니다.",
            "id": "sample_099_0028_000028",
            "annotations": []
        }
    ]
}