{
    "document_id": "099_0099",
    "document_title": "좌측 대퇴부 보철 설계·제조·임상 통합 리포트",
    "data": [
        {
            "sentence": "문서 개요: 본 리포트는 보철 및 보조기(의수·의족) 설계, 제조, 임상 평가 및 유지보수 데이터를 통합한 기술·임상 기록입니다.",
            "id": "sample_099_0099_000001",
            "annotations": []
        },
        {
            "sentence": "본 문서는 가명화·접근제어·감사로그 기준 하에 저장되었으며 HIPAA/GDPR 수준의 보호조치가 적용되었음을 명시합니다.",
            "id": "sample_099_0099_000002",
            "annotations": []
        },
        {
            "sentence": "patient_id: P-0001는 프로젝트 내부 키로 사용되며 원본 식별자는 분리된 보안 금고에 보관됩니다.",
            "id": "sample_099_0099_000003",
            "annotations": [
                {
                    "word": "P-0001",
                    "start": 12,
                    "end": 18,
                    "label": "개인정보"
                }
            ]
        },
        {
            "sentence": "환자명(가명): 민진유는 좌측 대퇴부 절단 환자로 분류되어 임상기록 및 재활 계획에 참조됩니다.",
            "id": "sample_099_0099_000004",
            "annotations": [
                {
                    "word": "민진유",
                    "start": 9,
                    "end": 12,
                    "label": "개인정보"
                }
            ]
        },
        {
            "sentence": "생년월일 메타데이터는 분리 저장되며 birth_year: 1980, birth_month: 01, birth_day: 01로 기록되어 있습니다.",
            "id": "sample_099_0099_000005",
            "annotations": [
                {
                    "word": "birth_year: 1980",
                    "start": 20,
                    "end": 36,
                    "label": "준식별자"
                },
                {
                    "word": "birth_month: 01",
                    "start": 38,
                    "end": 53,
                    "label": "준식별자"
                },
                {
                    "word": "birth_day: 01",
                    "start": 55,
                    "end": 68,
                    "label": "준식별자"
                }
            ]
        },
        {
            "sentence": "성별: female, 거주지: 서울특별시 강남구로 입력되어 있으며 해당 항목은 준식별자로 분류됩니다.",
            "id": "sample_099_0099_000006",
            "annotations": [
                {
                    "word": "성별: female",
                    "start": 0,
                    "end": 10,
                    "label": "준식별자"
                },
                {
                    "word": "서울특별시 강남구",
                    "start": 17,
                    "end": 26,
                    "label": "준식별자"
                }
            ]
        },
        {
            "sentence": "상세 주소: 강남구 역삼동 12-34 5층은 환자 동의 하에 내부 기록에만 보관됩니다.",
            "id": "sample_099_0099_000007",
            "annotations": [
                {
                    "word": "상세 주소: 강남구 역삼동 12-34 5층",
                    "start": 0,
                    "end": 23,
                    "label": "개인정보"
                }
            ]
        },
        {
            "sentence": "신체 기초치수로 height: 1690 mm, weight: 68 kg, 혈액형 blood_type: A+가 환자 메타데이터에 포함됩니다.",
            "id": "sample_099_0099_000008",
            "annotations": [
                {
                    "word": "height: 1690 mm",
                    "start": 9,
                    "end": 24,
                    "label": "준식별자"
                },
                {
                    "word": "weight: 68 kg",
                    "start": 26,
                    "end": 39,
                    "label": "준식별자"
                },
                {
                    "word": "blood_type: A+",
                    "start": 45,
                    "end": 59,
                    "label": "준식별자"
                }
            ]
        },
        {
            "sentence": "임상 진단: 좌측 대퇴부 절단이며 수술일자는 surgery_year: 2025, surgery_month: 11, surgery_day: 15로 분리 기록됩니다.",
            "id": "sample_099_0099_000009",
            "annotations": [
                {
                    "word": "surgery_year: 2025",
                    "start": 25,
                    "end": 43,
                    "label": "준식별자"
                },
                {
                    "word": "surgery_month: 11",
                    "start": 45,
                    "end": 62,
                    "label": "준식별자"
                },
                {
                    "word": "surgery_day: 15",
                    "start": 64,
                    "end": 79,
                    "label": "준식별자"
                }
            ]
        },
        {
            "sentence": "측정치 예시: 잔존절단단에서 관절까지 길이 340 mm, 소켓 내경 평균 98.5 mm, 소켓 압력 최대값 45.2 kPa로 측정되었습니다.",
            "id": "sample_099_0099_000010",
            "annotations": []
        },
        {
            "sentence": "3D 스캔 파일: 파일명 scan_P-0001_20260120.stl, 포맷: STL, 버전: 1.2, 생성툴: Artec Studio 16, SHA256: a3b1...f9c4로 원본을 보존합니다.",
            "id": "sample_099_0099_000011",
            "annotations": [
                {
                    "word": "P-0001",
                    "start": 19,
                    "end": 25,
                    "label": "개인정보"
                }
            ]
        },
        {
            "sentence": "의료영상 DICOM 메타: study_date: 2026-01-19T14:22:00+09:00, modality: CT, 파일 series_01.dcm, PatientName: 민진유(가명)로 저장됩니다.",
            "id": "sample_099_0099_000012",
            "annotations": [
                {
                    "word": "민진유",
                    "start": 99,
                    "end": 102,
                    "label": "개인정보"
                }
            ]
        },
        {
            "sentence": "CAD 설계는 STEP 형식(socket_P-0001.step), 설계툴 SolidWorks 2021, 체크섬 SHA1: d4e5...9a2b로 원본 아카이빙됩니다.",
            "id": "sample_099_0099_000013",
            "annotations": [
                {
                    "word": "P-0001",
                    "start": 23,
                    "end": 29,
                    "label": "개인정보"
                }
            ]
        },
        {
            "sentence": "소켓 압력분포 CSV는 압력 단위 kPa로 표기되고 샘플레이트는 200 Hz, 타임스탬프는 ISO 8601 표준을 따릅니다.",
            "id": "sample_099_0099_000014",
            "annotations": []
        },
        {
            "sentence": "보행 분석 파일(gait_time_series.csv)은 포스플레이트 수직 최대 900 N, 보행속도 1.12 m/s, 샘플 주파수 및 동기화 정보를 포함합니다.",
            "id": "sample_099_0099_000015",
            "annotations": []
        },
        {
            "sentence": "EMG 신호는 emg_P-0001.wav에 저장되며 샘플레이트 2000 Hz, 채널 8, 캘리브레이션 로그를 함께 보관합니다.",
            "id": "sample_099_0099_000016",
            "annotations": [
                {
                    "word": "P-0001",
                    "start": 12,
                    "end": 18,
                    "label": "개인정보"
                }
            ]
        },
        {
            "sentence": "IMU 로그는 가속도 ±16 g, 각속도 ±2000 deg/s 범위, 샘플레이트 100 Hz, 시작타임 2026-01-20T09:30:00+09:00으로 정렬됩니다.",
            "id": "sample_099_0099_000017",
            "annotations": []
        },
        {
            "sentence": "자재 명세서(materials_spec.json)에는 BOM LOT: LOT-MAT-0001, 소재명: 탄소섬유 복합재, 배치번호: BATCH-58가 기재되어 있습니다.",
            "id": "sample_099_0099_000018",
            "annotations": [
                {
                    "word": "LOT-MAT-0001",
                    "start": 39,
                    "end": 51,
                    "label": "기밀정보"
                },
                {
                    "word": "BATCH-58",
                    "start": 74,
                    "end": 82,
                    "label": "기밀정보"
                }
            ]
        },
        {
            "sentence": "구성품 목록(bill_of_materials.json)은 각 부품의 UDI: 01-12345678901234 및 시리얼 device_serial: SN-2026-000123과 LOT 연결을 명세합니다.",
            "id": "sample_099_0099_000019",
            "annotations": [
                {
                    "word": "UDI: 01-12345678901234",
                    "start": 38,
                    "end": 60,
                    "label": "기밀정보"
                },
                {
                    "word": "device_serial: SN-2026-000123",
                    "start": 67,
                    "end": 96,
                    "label": "기밀정보"
                }
            ]
        },
        {
            "sentence": "제조 작업지시(manufacturing_work_order.json): WO: WO-2026-045, 제조 LOT: MLOT-2026-11, 담당 기술자 prosthetist_id: 나단으로 기록됩니다.",
            "id": "sample_099_0099_000020",
            "annotations": [
                {
                    "word": "나단",
                    "start": 102,
                    "end": 104,
                    "label": "개인정보"
                },
                {
                    "word": "WO-2026-045",
                    "start": 44,
                    "end": 55,
                    "label": "기밀정보"
                },
                {
                    "word": "MLOT-2026-11",
                    "start": 65,
                    "end": 77,
                    "label": "기밀정보"
                }
            ]
        },
        {
            "sentence": "품질 검사 리포트(quality_inspection_report.pdf)는 ISO 13485 준수 문서와 변경 이력(version 1.4, 승인자: 홍문규, 승인일 2026-01-21T10:02:00+09:00)을 포함합니다.",
            "id": "sample_099_0099_000021",
            "annotations": [
                {
                    "word": "홍문규",
                    "start": 83,
                    "end": 86,
                    "label": "개인정보"
                }
            ]
        },
        {
            "sentence": "장치 추적성 예시: UDI 연결체계는 UDI: 01-12345678901234 → serial: SN-2026-000123 → manufacturing_lot: MLOT-2026-11로 구성되어 있습니다.",
            "id": "sample_099_0099_000022",
            "annotations": [
                {
                    "word": "UDI: 01-12345678901234",
                    "start": 21,
                    "end": 43,
                    "label": "기밀정보"
                },
                {
                    "word": "serial: SN-2026-000123",
                    "start": 46,
                    "end": 68,
                    "label": "기밀정보"
                }
            ]
        },
        {
            "sentence": "펌웨어 정보: firmware_version: v2.3.7, 업데이트 해시 SHA256: f0a1...e7b2, 다음 업데이트 예정일 2026-02-05T02:00:00+09:00로 명시합니다.",
            "id": "sample_099_0099_000023",
            "annotations": []
        },
        {
            "sentence": "유지보수 로그(maintenance_log.json)에는 마지막 점검자 엄현준, 점검일 2026-01-10T15:45:00+09:00, 교정 일정 next_calibration: 2027-01-10가 포함됩니다.",
            "id": "sample_099_0099_000024",
            "annotations": [
                {
                    "word": "엄현준",
                    "start": 40,
                    "end": 43,
                    "label": "개인정보"
                }
            ]
        },
        {
            "sentence": "보증 기록(warranty_record)에는 보증번호: WR-2026-778, 보증 시작일 2026-01-22, 보험청구번호: IC-2026-5501이 등록되어 있습니다.",
            "id": "sample_099_0099_000025",
            "annotations": [
                {
                    "word": "보증번호: WR-2026-778",
                    "start": 25,
                    "end": 42,
                    "label": "기밀정보"
                },
                {
                    "word": "보험청구번호: IC-2026-5501",
                    "start": 63,
                    "end": 83,
                    "label": "기밀정보"
                }
            ]
        },
        {
            "sentence": "규제 제출자료는 FDA 510(k) 제출 초안과 CE 기술문서를 포함하며 문서별 변경 이력과 승인자 메타데이터를 연결 보관합니다.",
            "id": "sample_099_0099_000026",
            "annotations": []
        },
        {
            "sentence": "시스템 기밀 항목으로 내부 서버 IP 10.0.0.5와 내부 파일 경로 /opt/internal/bochol/report_v2.docx가 내부 참조에 명시되어 있습니다.",
            "id": "sample_099_0099_000027",
            "annotations": [
                {
                    "word": "/opt/internal/bochol/report_v2.docx",
                    "start": 40,
                    "end": 75,
                    "label": "기밀정보"
                }
            ]
        },
        {
            "sentence": "재무 항목 메모에는 계좌번호 account 123-456-789가 표기되어 있으며 해당 값은 암호화 저장소에 보관됩니다.",
            "id": "sample_099_0099_000028",
            "annotations": [
                {
                    "word": "account 123-456-789",
                    "start": 16,
                    "end": 35,
                    "label": "기밀정보"
                }
            ]
        },
        {
            "sentence": "피팅 세션 노트(fitting_session_notes)에는 피치 각도 조정 +3.5 deg, 소켓 압축 보정 -2.1 mm 등의 조정값이 상세 기재되어 있습니다.",
            "id": "sample_099_0099_000029",
            "annotations": []
        },
        {
            "sentence": "결론 및 권고: 환자별 재활 계획, 원격 모니터링 주기, 데이터 접근권한 최소화 및 후속 점검 일정(ISO 기반)을 제시합니다.",
            "id": "sample_099_0099_000030",
            "annotations": []
        }
    ]
}