{
    "document_id": "099_0024",
    "document_title": "의수·의족 통합 임상·제조 데이터 패키지 레코드",
    "data": [
        {
            "sentence": "본 문서는 보철 및 보조기(의수·의족) 임상과 제조 데이터를 통합하여 기록한 공식 레코드입니다.",
            "id": "sample_099_0024_000001",
            "annotations": []
        },
        {
            "sentence": "문서는 환자 계측, 3D 스캔, CAD 설계, 제조 이력, 품질검사, 규제 제출서류 및 재활 성과를 포함합니다.",
            "id": "sample_099_0024_000002",
            "annotations": []
        },
        {
            "sentence": "데이터 생성과 저장은 HIPAA 및 GDPR 수준의 암호화와 접근제어, 감사로그를 기준으로 수행되었음을 명시합니다.",
            "id": "sample_099_0024_000003",
            "annotations": []
        },
        {
            "sentence": "patient_id: PAT-099-0001 (가명화된 환자 식별자, 원본 매핑은 보안 데이터베이스에 별도 보관됨).",
            "id": "sample_099_0024_000004",
            "annotations": [
                {
                    "word": "PAT-099-0001",
                    "start": 12,
                    "end": 24,
                    "label": "개인정보"
                }
            ]
        },
        {
            "sentence": "consent_status: 동의(서명 생년: 2024, 생월: 01, 생일: 10)로 기록되었고 동의서는 암호화 보관합니다.",
            "id": "sample_099_0024_000005",
            "annotations": [
                {
                    "word": "2024",
                    "start": 26,
                    "end": 30,
                    "label": "준식별자"
                },
                {
                    "word": "01",
                    "start": 36,
                    "end": 38,
                    "label": "준식별자"
                },
                {
                    "word": "10",
                    "start": 44,
                    "end": 46,
                    "label": "준식별자"
                }
            ]
        },
        {
            "sentence": "기초 인구학: 성별: 남성, 생년: 1982, 생월: 05, 생일: 12, 주소(시): 서울특별시, 주소(구): 강남구로 기록됩니다.",
            "id": "sample_099_0024_000006",
            "annotations": [
                {
                    "word": "남성",
                    "start": 12,
                    "end": 14,
                    "label": "준식별자"
                },
                {
                    "word": "1982",
                    "start": 20,
                    "end": 24,
                    "label": "준식별자"
                },
                {
                    "word": "05",
                    "start": 30,
                    "end": 32,
                    "label": "준식별자"
                },
                {
                    "word": "12",
                    "start": 38,
                    "end": 40,
                    "label": "준식별자"
                },
                {
                    "word": "서울특별시",
                    "start": 49,
                    "end": 54,
                    "label": "준식별자"
                },
                {
                    "word": "강남구",
                    "start": 63,
                    "end": 66,
                    "label": "준식별자"
                }
            ]
        },
        {
            "sentence": "신체계측: 전완 길이(절단측) 310 mm, 잔존지 길이 130 mm, 신장: 172 cm, 체중: 68 kg 등 정밀 치수가 포함됩니다.",
            "id": "sample_099_0024_000007",
            "annotations": [
                {
                    "word": "172 cm",
                    "start": 44,
                    "end": 50,
                    "label": "준식별자"
                },
                {
                    "word": "68 kg",
                    "start": 56,
                    "end": 61,
                    "label": "준식별자"
                }
            ]
        },
        {
            "sentence": "임상정보: 측측(side): 우측(right), 절단레벨(amputation_level): 하퇴부(transtibial), 진단코드 및 수술일은 내역에 기록됩니다.",
            "id": "sample_099_0024_000008",
            "annotations": []
        },
        {
            "sentence": "3D 스캔 파일: PAT-099-0001_scan_v1.stl; format: STL; tool: Artec Studio 18; checksum: sha256:abc123def4567890abcdef.",
            "id": "sample_099_0024_000009",
            "annotations": [
                {
                    "word": "PAT-099-0001_scan_v1.stl",
                    "start": 10,
                    "end": 34,
                    "label": "개인정보"
                }
            ]
        },
        {
            "sentence": "영상(DICOM): CT 스터디가 포함되며 StudyInstanceUID 및 시퀀스 메타데이터는 DICOM 표준에 따라 원본 보관됩니다.",
            "id": "sample_099_0024_000010",
            "annotations": []
        },
        {
            "sentence": "CAD 설계 파일: socket_design_v2.step (STEP AP242); 생성툴: Siemens NX 2206; 버전과 변환 로그가 첨부됩니다.",
            "id": "sample_099_0024_000011",
            "annotations": []
        },
        {
            "sentence": "원본 아카이빙 경로 예시: /srv/prosthetics/designs/PAT-099-0001/socket_v1.step; 접근은 권한 기반으로 제한됩니다.",
            "id": "sample_099_0024_000012",
            "annotations": [
                {
                    "word": "/srv/prosthetics/designs/PAT-099-0001/socket_v1.step",
                    "start": 15,
                    "end": 67,
                    "label": "개인정보"
                }
            ]
        },
        {
            "sentence": "소켓 압력 지도는 CSV(압력[kPa] 단위)와 PNG 히트맵으로 보관되며 캘리브레이션 메타데이터를 동봉합니다.",
            "id": "sample_099_0024_000013",
            "annotations": []
        },
        {
            "sentence": "장치 추적성: device_serial_number: SN-A100-20240123, udi_code: 04012345678901, firmware_version: FW-3.2.1로 기록됩니다.",
            "id": "sample_099_0024_000014",
            "annotations": [
                {
                    "word": "SN-A100-20240123",
                    "start": 30,
                    "end": 46,
                    "label": "기밀정보"
                },
                {
                    "word": "04012345678901",
                    "start": 58,
                    "end": 72,
                    "label": "기밀정보"
                }
            ]
        },
        {
            "sentence": "보행 시계열 데이터는 포스플레이트와 IMU로 수집되며 gait_time_series.csv는 샘플링레이트 200 Hz와 ISO 8601 타임스탬프를 포함합니다.",
            "id": "sample_099_0024_000015",
            "annotations": []
        },
        {
            "sentence": "근전도(EMG) 신호는 WAV 및 CSV 포맷으로 저장되며 채널수, 샘플링주파수 2000 Hz 및 필터 이력이 메타데이터에 명시됩니다.",
            "id": "sample_099_0024_000016",
            "annotations": []
        },
        {
            "sentence": "자재 규격: materials_spec.pdf 및 materials_spec.json에는 공급사, 재료 LOT, 바이오적합성 테스트 결과가 포함됩니다.",
            "id": "sample_099_0024_000017",
            "annotations": []
        },
        {
            "sentence": "제조 지시서(manufacturing_work_order.json)는 공정 단계, 기기 할당, 담당 보철사(prosthetist_id): 임재석을 기록합니다.",
            "id": "sample_099_0024_000018",
            "annotations": [
                {
                    "word": "임재석",
                    "start": 77,
                    "end": 80,
                    "label": "개인정보"
                }
            ]
        },
        {
            "sentence": "검사 리포트(quality_inspection_report.pdf/json)는 피로시험, 토크시험 결과와 버전·승인자 메타데이터를 포함합니다.",
            "id": "sample_099_0024_000019",
            "annotations": []
        },
        {
            "sentence": "규제 제출: FDA 510(k) 제출번호: K123456; 변경 이력과 승인자 유우찬의 서명 및 타임스탬프가 기재되어 있습니다.",
            "id": "sample_099_0024_000020",
            "annotations": [
                {
                    "word": "K123456",
                    "start": 24,
                    "end": 31,
                    "label": "기밀정보"
                },
                {
                    "word": "유우찬",
                    "start": 44,
                    "end": 47,
                    "label": "개인정보"
                }
            ]
        },
        {
            "sentence": "유지보수 이력(maintenance_log.json)은 교정 일정, 펌웨어 업데이트 로그, 마지막 점검 서명자: 강윤조를 포함합니다.",
            "id": "sample_099_0024_000021",
            "annotations": [
                {
                    "word": "강윤조",
                    "start": 63,
                    "end": 66,
                    "label": "개인정보"
                }
            ]
        },
        {
            "sentence": "보증 이력과 보증서(warranty_record)는 보증ID, 시작일, 종료일 및 보증 대상 항목을 명시하여 보관됩니다.",
            "id": "sample_099_0024_000022",
            "annotations": []
        },
        {
            "sentence": "피팅 세션 노트(fitting_session_notes)에는 착용감 평가, 소켓 조정사항, 세션 타임스탬프(예: 2024-01-15T10:30:00+09:00)가 기록됩니다.",
            "id": "sample_099_0024_000023",
            "annotations": []
        },
        {
            "sentence": "보험 청구 양식(insurance_claim_form)에는 보험사 코드와 보험증권번호 INS-2024-778899, 청구금액 및 승인 상태가 포함됩니다.",
            "id": "sample_099_0024_000024",
            "annotations": [
                {
                    "word": "INS-2024-778899",
                    "start": 48,
                    "end": 63,
                    "label": "기밀정보"
                }
            ]
        },
        {
            "sentence": "환자가 보고한 결과(PROMS), 기능지표(ODI) 및 TUG 검사 결과(초 단위)로 재활 성과를 정량화하여 전자레코드에 보관합니다.",
            "id": "sample_099_0024_000025",
            "annotations": []
        },
        {
            "sentence": "데이터 보안 및 거버넌스 필드는 암호화 알고리즘, 접근 제어 목록, 감사 로그 위치와 키 관리 정책을 상세히 기록합니다.",
            "id": "sample_099_0024_000026",
            "annotations": []
        },
        {
            "sentence": "추적성 매핑은 UDI → serial(SN-A100-20240123) → 제조 LOT(LOT1234) → 자재 LOT(MAT-5678) 형태로 연결되어 있습니다.",
            "id": "sample_099_0024_000027",
            "annotations": [
                {
                    "word": "LOT1234",
                    "start": 48,
                    "end": 55,
                    "label": "기밀정보"
                },
                {
                    "word": "MAT-5678",
                    "start": 66,
                    "end": 74,
                    "label": "기밀정보"
                }
            ]
        },
        {
            "sentence": "결론 및 액션 항목: 데이터 무결성 체크섬 확인, 단위 검증, ISO 13485·ISO 14971 관련 변경 이력 검토, 다음 피팅 예약을 권고합니다.",
            "id": "sample_099_0024_000028",
            "annotations": []
        }
    ]
}