{
    "document_id": "034_0002",
    "document_title": "웨이퍼 공정 인라인 계측 및 불량 분석 보고서",
    "data": [
        {
            "sentence": "문서 개요: 본 보고서는 반도체 웨이퍼 공정의 인라인 계측 및 불량 분석을 요약합니다.",
            "id": "sample_034_0002_000001",
            "annotations": []
        },
        {
            "sentence": "대상은 fab_id 'FAB_Seoul_12'에서 처리된 샘플로, 공정 노드(process_node)는 7 nm급으로 표기하되 세부 레시피는 비공개합니다.",
            "id": "sample_034_0002_000002",
            "annotations": [
                {
                    "word": "FAB_Seoul_12",
                    "start": 12,
                    "end": 24,
                    "label": "기밀정보"
                },
                {
                    "word": "7 nm급",
                    "start": 58,
                    "end": 63,
                    "label": "기밀정보"
                }
            ]
        },
        {
            "sentence": "검사 대상 wafer_id는 'WFR-20260105-17A'이며 로트 식별자는 'LOT-20260105-A3'으로 기록했습니다.",
            "id": "sample_034_0002_000003",
            "annotations": [
                {
                    "word": "WFR-20260105-17A",
                    "start": 17,
                    "end": 33,
                    "label": "기밀정보"
                },
                {
                    "word": "LOT-20260105-A3",
                    "start": 46,
                    "end": 61,
                    "label": "기밀정보"
                }
            ]
        },
        {
            "sentence": "mask_set 참조는 'MASK-SET-7nm_03'으로 표기하였으며 마스크 자체의 GDS 레이아웃은 내부 규정상 제공하지 않습니다.",
            "id": "sample_034_0002_000004",
            "annotations": [
                {
                    "word": "MASK-SET-7nm_03",
                    "start": 14,
                    "end": 29,
                    "label": "기밀정보"
                }
            ]
        },
        {
            "sentence": "마스크 레이아웃 파일은 내부 검증용 해시값 'f0a9c3e7b2d4'로 대체하여 기밀성을 유지합니다.",
            "id": "sample_034_0002_000005",
            "annotations": [
                {
                    "word": "f0a9c3e7b2d4",
                    "start": 25,
                    "end": 37,
                    "label": "기밀정보"
                }
            ]
        },
        {
            "sentence": "공정 단계(step_name)는 패터닝(etch) 이후 CMP 검사로 정의하였고, 세부 recipe 버전은 'v3.2.1-RESTRICTED'로 표기합니다.",
            "id": "sample_034_0002_000006",
            "annotations": [
                {
                    "word": "v3.2.1-RESTRICTED",
                    "start": 61,
                    "end": 78,
                    "label": "기밀정보"
                }
            ]
        },
        {
            "sentence": "장비 정보는 equipment_id 'EQP-PLASMA-07'과 챔버 식별자 chamber_id 'CH-12A'로 동기화해 기록했습니다.",
            "id": "sample_034_0002_000007",
            "annotations": [
                {
                    "word": "EQP-PLASMA-07",
                    "start": 21,
                    "end": 34,
                    "label": "기밀정보"
                },
                {
                    "word": "CH-12A",
                    "start": 56,
                    "end": 62,
                    "label": "기밀정보"
                }
            ]
        },
        {
            "sentence": "작업자(operator_id)는 현장 기록상 양연경으로 표기되어 있으며 접근 권한은 최소 권한 원칙을 적용했습니다.",
            "id": "sample_034_0002_000008",
            "annotations": [
                {
                    "word": "양연경",
                    "start": 25,
                    "end": 28,
                    "label": "개인정보"
                }
            ]
        },
        {
            "sentence": "추가 담당자(contact)는 박기용으로 보고에 기재되어 있으나 연락처는 보안상 생략합니다.",
            "id": "sample_034_0002_000009",
            "annotations": [
                {
                    "word": "박기용",
                    "start": 17,
                    "end": 20,
                    "label": "개인정보"
                }
            ]
        },
        {
            "sentence": "타임스탬프는 모두 ISO 8601 형식으로 표준화하였고 예시로 2026-01-05T08:23:12Z이 사용되었습니다.",
            "id": "sample_034_0002_000010",
            "annotations": []
        },
        {
            "sentence": "CD 계측 결과(CD-SEM)는 평균 CD 22.40 nm, 표준편차 0.80 nm(95% CI ±1.56 nm)로 보정된 값을 보고합니다.",
            "id": "sample_034_0002_000011",
            "annotations": []
        },
        {
            "sentence": "박막 두께(ellipsometry)는 평균 12.35 nm, 측정 오차 ±0.05 nm로 캘리브레이션 로그와 함께 기록되었습니다.",
            "id": "sample_034_0002_000012",
            "annotations": []
        },
        {
            "sentence": "전기 테스트 I-V 측정에서 누설 전류는 V=1.0 V에서 평균 2.3e-9 A(2.3 nA)로 관측되었습니다.",
            "id": "sample_034_0002_000013",
            "annotations": []
        },
        {
            "sentence": "C-V 특성은 Vfb=-0.42 V, Cmax=0.48 pF 단위로 표기하고 캘리브레이션 이력과 함께 저장했습니다.",
            "id": "sample_034_0002_000014",
            "annotations": []
        },
        {
            "sentence": "Parametric test 결과로는 Vth 평균 0.23 V, σ=0.012 V이며 통계적 보정은 배치별 보정 계수를 적용했습니다.",
            "id": "sample_034_0002_000015",
            "annotations": []
        },
        {
            "sentence": "결함 밀도는 검사 면적당 12 PPM/cm2로 보고하였으며 희귀 결함 발생 빈도는 로그 스케일로 별도 첨부표에 기재했습니다.",
            "id": "sample_034_0002_000016",
            "annotations": []
        },
        {
            "sentence": "수율 지표는 전체 수율(overall_yield) 92.5%이며 웨이퍼별 die_yield는 첨부된 CSV 요약에서 확인할 수 있습니다.",
            "id": "sample_034_0002_000017",
            "annotations": []
        },
        {
            "sentence": "마스크 파일의 원본 GDS는 IP로 간주되어 제공하지 않으나 참조용 메타데이터와 해시값은 내부 링크에 보관합니다.",
            "id": "sample_034_0002_000018",
            "annotations": []
        },
        {
            "sentence": "참고용 SEM 이미지 URL은 내부 자원 경로 https://internal.images.corp/sem/wfr/WFR-20260105-17A/SEM_001.jpg로 표기했습니다.",
            "id": "sample_034_0002_000019",
            "annotations": [
                {
                    "word": "https://internal.images.corp/sem/wfr/WFR-20260105-17A/SEM_001.jpg",
                    "start": 26,
                    "end": 91,
                    "label": "기밀정보"
                },
                {
                    "word": "WFR-20260105-17A",
                    "start": 63,
                    "end": 79,
                    "label": "기밀정보"
                }
            ]
        },
        {
            "sentence": "장비 유지보수 기록(maintenance_logs)은 서버 경로 /internal/logs/maint_2025-11-02.log에 보관되어 있으며 접근 제어가 설정되어 있습니다.",
            "id": "sample_034_0002_000020",
            "annotations": [
                {
                    "word": "/internal/logs/maint_2025-11-02.log",
                    "start": 36,
                    "end": 71,
                    "label": "기밀정보"
                }
            ]
        },
        {
            "sentence": "캘리브레이션 레코드(calibration_records)는 CD-SEM SN: CS-99823와 프로브 스테이션 SN: PRB-44321을 포함합니다.",
            "id": "sample_034_0002_000021",
            "annotations": [
                {
                    "word": "CS-99823",
                    "start": 44,
                    "end": 52,
                    "label": "기밀정보"
                },
                {
                    "word": "PRB-44321",
                    "start": 67,
                    "end": 76,
                    "label": "기밀정보"
                }
            ]
        },
        {
            "sentence": "실시간 센서 스트림(inline_sensor_streams)은 plasma_power 평균 1200 W, 노이즈 σ 5.2 W, 유량(flow) 35.0 sccm으로 1초 간격으로 수집됩니다.",
            "id": "sample_034_0002_000022",
            "annotations": []
        },
        {
            "sentence": "장비 로그의 타임동기화는 NTP 기준으로 이루어졌으며 모든 로그는 UTC로 표기됩니다.",
            "id": "sample_034_0002_000023",
            "annotations": []
        },
        {
            "sentence": "고장 분석(failure_analysis_report) 요약은 금속 패턴 분리 현상으로 판정되었고 상세 분석은 FA 레포트 파일 fa_report_20260106.pdf에 보관합니다.",
            "id": "sample_034_0002_000024",
            "annotations": [
                {
                    "word": "fa_report_20260106.pdf",
                    "start": 72,
                    "end": 94,
                    "label": "기밀정보"
                }
            ]
        },
        {
            "sentence": "안전 및 규제 주의: 7 nm 이하 공정 데이터는 지역별 수출통제 대상이 될 수 있으므로 공유 시 추가 검토가 필요합니다.",
            "id": "sample_034_0002_000025",
            "annotations": [
                {
                    "word": "7 nm 이하",
                    "start": 12,
                    "end": 19,
                    "label": "기밀정보"
                }
            ]
        },
        {
            "sentence": "데이터 보관 형식은 메타데이터 포함 CSV 및 JSON 표준을 우선으로 하며 이미지 파일은 TIFF 16-bit로 보존합니다.",
            "id": "sample_034_0002_000026",
            "annotations": []
        },
        {
            "sentence": "이 문서의 변경 이력은 document_id '034_0002' 하에서 버전 관리되며 변경일과 담당자를 기록합니다.",
            "id": "sample_034_0002_000027",
            "annotations": []
        },
        {
            "sentence": "추천 조치: 민감 기밀 항목(레시피, GDS, 내부 경로)은 별도 보안 저장소로 이동하고 외부 제공 전 법무 및 수출통제 검토를 수행하십시오.",
            "id": "sample_034_0002_000028",
            "annotations": []
        }
    ]
}