{
    "document_id": "034_0012",
    "document_title": "FAB-01 웨이퍼 공정·계측 통합 리포트",
    "data": [
        {
            "sentence": "문서명: FAB-01 웨이퍼 공정·계측 통합 리포트.",
            "id": "sample_034_0012_000001",
            "annotations": [
                {
                    "word": "FAB-01",
                    "start": 5,
                    "end": 11,
                    "label": "기밀정보"
                }
            ]
        },
        {
            "sentence": "본 리포트는 2026-01-08T09:30:00Z 기준으로 수집된 공정, 계측, 전기시험 데이터를 통합 제공합니다.",
            "id": "sample_034_0012_000002",
            "annotations": []
        },
        {
            "sentence": "적용 범위는 front-end 웨이퍼 제조 단계와 inline metrology 모니터링 결과입니다.",
            "id": "sample_034_0012_000003",
            "annotations": []
        },
        {
            "sentence": "요약: lot_id LOT-AB1234에 대한 wafer_id WFR-20260108-0001의 공정 성능 및 수율 분석을 포함합니다.",
            "id": "sample_034_0012_000004",
            "annotations": [
                {
                    "word": "LOT-AB1234",
                    "start": 11,
                    "end": 21,
                    "label": "기밀정보"
                },
                {
                    "word": "WFR-20260108-0001",
                    "start": 35,
                    "end": 52,
                    "label": "기밀정보"
                }
            ]
        },
        {
            "sentence": "프로세스 노드: 7nm로 표기하였으며, 규제 준수 여부는 지역별 수출통제 정책에 따라 별도 검토 대상입니다.",
            "id": "sample_034_0012_000005",
            "annotations": []
        },
        {
            "sentence": "mask_set은 mask_alpha_v2로 식별되며 마스크 레이아웃 파일은 sha256:3f8a7b9c4d5e6f7a8b9c0d1e2f3a4b5c6d7e8f9a0b1c2d3e4f5a6b7c8d9e0f1으로 등록되었습니다.",
            "id": "sample_034_0012_000006",
            "annotations": [
                {
                    "word": "mask_alpha_v2",
                    "start": 10,
                    "end": 23,
                    "label": "기밀정보"
                },
                {
                    "word": "sha256:3f8a7b9c4d5e6f7a8b9c0d1e2f3a4b5c6d7e8f9a0b1c2d3e4f5a6b7c8d9e0f1",
                    "start": 43,
                    "end": 113,
                    "label": "기밀정보"
                }
            ]
        },
        {
            "sentence": "mask 레이아웃 자체는 지적재산(IP)에 해당하므로 레이아웃 상세는 본 문서에서 공개하지 않습니다.",
            "id": "sample_034_0012_000007",
            "annotations": []
        },
        {
            "sentence": "공정 단계(step_name): STI 이식 후 PR 패턴 형성 및 Etch 검증 단계를 포함하며 상세 레시피는 비공개입니다.",
            "id": "sample_034_0012_000008",
            "annotations": []
        },
        {
            "sentence": "장비 식별: equipment_id EQP-FFC-9001, chamber_id CHM-03이 사용되었으며 장비 로그는 시간 동기화되어 저장되었습니다.",
            "id": "sample_034_0012_000009",
            "annotations": [
                {
                    "word": "EQP-FFC-9001",
                    "start": 20,
                    "end": 32,
                    "label": "기밀정보"
                },
                {
                    "word": "CHM-03",
                    "start": 45,
                    "end": 51,
                    "label": "기밀정보"
                }
            ]
        },
        {
            "sentence": "타임스탬프는 모두 ISO 8601 형식으로 표준화하였고 예시 시간은 2026-01-08T09:15:42Z, 2026-01-08T09:16:10Z 입니다.",
            "id": "sample_034_0012_000010",
            "annotations": []
        },
        {
            "sentence": "작업자(operator_id): 손도민, 소속: 반도체제조본부 FAB-1, 직책: 공정엔지니어로 기록되어 있습니다.",
            "id": "sample_034_0012_000011",
            "annotations": [
                {
                    "word": "손도민",
                    "start": 18,
                    "end": 21,
                    "label": "개인정보"
                },
                {
                    "word": "FAB-1",
                    "start": 35,
                    "end": 40,
                    "label": "준식별자"
                },
                {
                    "word": "공정엔지니어",
                    "start": 46,
                    "end": 52,
                    "label": "준식별자"
                }
            ]
        },
        {
            "sentence": "작업자 사번은 20234567로 로그에 기록되어 있으며 접근 권한 이력과 연결되어 있습니다.",
            "id": "sample_034_0012_000012",
            "annotations": [
                {
                    "word": "20234567",
                    "start": 8,
                    "end": 16,
                    "label": "개인정보"
                }
            ]
        },
        {
            "sentence": "작업자 이메일 son.domin@fabcorp.example.com이 연락처 필드에 기입되어 있으나 내부 전송만 허용됩니다.",
            "id": "sample_034_0012_000013",
            "annotations": [
                {
                    "word": "son.domin@fabcorp.example.com",
                    "start": 8,
                    "end": 37,
                    "label": "개인정보"
                }
            ]
        },
        {
            "sentence": "캘리브레이션 기록: CD-SEM 캘리브레이션은 2026-01-07T22:00:00Z에 수행되었으며 담당자: 이석우, 장비 교정 결과 offset -0.6 nm ±0.2 nm입니다.",
            "id": "sample_034_0012_000014",
            "annotations": [
                {
                    "word": "이석우",
                    "start": 60,
                    "end": 63,
                    "label": "개인정보"
                }
            ]
        },
        {
            "sentence": "캘리브레이션 파일 경로: /srv/fab/calib/CDSEM/2026/recipe_v4.7.2/calib_report.json에 기록되어 있습니다.",
            "id": "sample_034_0012_000015",
            "annotations": [
                {
                    "word": "/srv/fab/calib/CDSEM/2026/recipe_v4.7.2/calib_report.json",
                    "start": 14,
                    "end": 71,
                    "label": "기밀정보"
                }
            ]
        },
        {
            "sentence": "공정 레시피 버전(process_recipe_version) recipe_v4.7.2-private가 로그에 메타데이터로 병기되어 있으나 레시피 본문은 접근제한 대상입니다.",
            "id": "sample_034_0012_000016",
            "annotations": [
                {
                    "word": "recipe_v4.7.2-private",
                    "start": 34,
                    "end": 55,
                    "label": "기밀정보"
                }
            ]
        },
        {
            "sentence": "메트롤로지 결과: CD 평균 22.45 nm ±0.18 nm(n=120), 두께 측정 thickness 7.12 nm ±0.05 nm로 보고되었습니다.",
            "id": "sample_034_0012_000017",
            "annotations": []
        },
        {
            "sentence": "CD 분포는 정규성 가정을 기반으로 하였으며 배치 효과(batch effect)는 ANOVA p=0.032로 유의미한 차이를 보였습니다.",
            "id": "sample_034_0012_000018",
            "annotations": []
        },
        {
            "sentence": "전기 시험: I-V curve 측정에서 Vth 평균 0.82 V ±0.03 V, 누설 전류 Ioff median 4.2 nA(95% CI 3.8–4.6 nA)로 기록되었습니다.",
            "id": "sample_034_0012_000019",
            "annotations": []
        },
        {
            "sentence": "파라메트릭 테스터 로그는 equipment_id EQP-PT-2211에 저장되어 있으며 캘리브레이션 이력과 연동되어 분석되었습니다.",
            "id": "sample_034_0012_000020",
            "annotations": [
                {
                    "word": "EQP-PT-2211",
                    "start": 27,
                    "end": 38,
                    "label": "기밀정보"
                }
            ]
        },
        {
            "sentence": "결함 밀도는 PPM 단위로 환산하여 defect_density 12 PPM/cm2(95% CI 9–15 PPM/cm2)로 보고하였고 드론식 결함 분포는 로그 스케일로 시각화하였습니다.",
            "id": "sample_034_0012_000021",
            "annotations": []
        },
        {
            "sentence": "수율 지표: overall_yield 84.7%, die_yield 분포는 wafer별로 75.3%–92.1% 범위를 보였습니다.",
            "id": "sample_034_0012_000022",
            "annotations": []
        },
        {
            "sentence": "GDS 파일은 내부 보안 저장소에 저장되어 있으며 GDS 해시 gds_sha256:9b7c6a5d4e3f2a1b0c9d8e7f6a5b4c3d2e1f0a9b8c7d6e5f4a3b2c1d0e9f8a7로 참조됩니다.",
            "id": "sample_034_0012_000023",
            "annotations": [
                {
                    "word": "gds_sha256:9b7c6a5d4e3f2a1b0c9d8e7f6a5b4c3d2e1f0a9b8c7d6e5f4a3b2c1d0e9f8a7",
                    "start": 35,
                    "end": 109,
                    "label": "기밀정보"
                }
            ]
        },
        {
            "sentence": "SEM 이미지 파일은 sem_img_sha1:5d2fa3b7e9c8d1f0a6b3c4d2e1f0a9b8c7d6e5로 메타데이터화되어 있으며 URL은 내부망에서만 접근 가능합니다.",
            "id": "sample_034_0012_000024",
            "annotations": [
                {
                    "word": "sem_img_sha1:5d2fa3b7e9c8d1f0a6b3c4d2e1f0a9b8c7d6e5",
                    "start": 12,
                    "end": 63,
                    "label": "기밀정보"
                }
            ]
        },
        {
            "sentence": "유지보수 로그: 2026-01-06T03:12:00Z에 수행된 펌웨어 패치 후 내부 URL http://intranet.fab.local/files/LOT-AB1234/maintenance/report_20260106.html에 결과가 업로드되었습니다.",
            "id": "sample_034_0012_000025",
            "annotations": [
                {
                    "word": "http://intranet.fab.local/files/LOT-AB1234/maintenance/report_20260106.html",
                    "start": 51,
                    "end": 126,
                    "label": "기밀정보"
                },
                {
                    "word": "LOT-AB1234",
                    "start": 83,
                    "end": 93,
                    "label": "기밀정보"
                }
            ]
        },
        {
            "sentence": "유지보수 담당자는 진현빈으로 등록되어 있으며 행위 로그와 서명은 변경 이력에 보관됩니다.",
            "id": "sample_034_0012_000026",
            "annotations": [
                {
                    "word": "진현빈",
                    "start": 10,
                    "end": 13,
                    "label": "개인정보"
                }
            ]
        },
        {
            "sentence": "고장분석(Failure Analysis) 보고서 핵심: 패턴 스텔러링에 따른 마스크-웨이퍼 정렬 오차 가능성, 추가 샘플링 및 CD-SEM 재스캔 권고.",
            "id": "sample_034_0012_000027",
            "annotations": []
        },
        {
            "sentence": "권고사항: 민감 IP(레이아웃, 레시피)는 암호화 저장 및 접근 제어를 강화하고, 다음 재현성 시험은 2026-01-12T08:00:00Z에 계획합니다.",
            "id": "sample_034_0012_000028",
            "annotations": []
        }
    ]
}