{
    "document_id": "034_0004",
    "document_title": "14nm 전공정 측정 및 수율 리포트 (LOT-AB1234)",
    "data": [
        {
            "sentence": "본 문서는 반도체 전공정(14nm) 공정 모니터링과 계측 결과를 집계한 내부 기술 보고서입니다.",
            "id": "sample_034_0004_000001",
            "annotations": []
        },
        {
            "sentence": "대상 식별자: wafer_id=WAFER-20260108-0007, lot_id=LOT-AB1234, fab_id=FAB-SK1, process_node=14nm.",
            "id": "sample_034_0004_000002",
            "annotations": [
                {
                    "word": "WAFER-20260108-0007",
                    "start": 17,
                    "end": 36,
                    "label": "기밀정보"
                },
                {
                    "word": "LOT-AB1234",
                    "start": 45,
                    "end": 55,
                    "label": "기밀정보"
                },
                {
                    "word": "FAB-SK1",
                    "start": 64,
                    "end": 71,
                    "label": "기밀정보"
                }
            ]
        },
        {
            "sentence": "데이터 수집 기간: 시작 timestamp_ISO8601=2026-01-08T07:45:30Z, 종료 timestamp_ISO8601=2026-01-08T09:12:05Z.",
            "id": "sample_034_0004_000003",
            "annotations": [
                {
                    "word": "2026-01-08T07:45:30Z",
                    "start": 32,
                    "end": 52,
                    "label": "준식별자"
                },
                {
                    "word": "2026-01-08T09:12:05Z",
                    "start": 75,
                    "end": 95,
                    "label": "준식별자"
                }
            ]
        },
        {
            "sentence": "운영 책임자 operator_id=남리사, QA 연락처 QA_contact=원한빛으로 등록되어 있으며 접근 로그에 기록됩니다.",
            "id": "sample_034_0004_000004",
            "annotations": [
                {
                    "word": "남리사",
                    "start": 19,
                    "end": 22,
                    "label": "개인정보"
                },
                {
                    "word": "원한빛",
                    "start": 42,
                    "end": 45,
                    "label": "개인정보"
                }
            ]
        },
        {
            "sentence": "현장 엔지니어 및 검사 담당: 엄채범(검증 담당), 엄리오(SEM 운영)이며 교대표는 내부 시스템으로 관리됩니다.",
            "id": "sample_034_0004_000005",
            "annotations": [
                {
                    "word": "엄채범",
                    "start": 17,
                    "end": 20,
                    "label": "개인정보"
                },
                {
                    "word": "엄리오",
                    "start": 29,
                    "end": 32,
                    "label": "개인정보"
                }
            ]
        },
        {
            "sentence": "process_recipe_version=recipe_v3.2.1로 표기하였고, 세부 레시피(가스 흐름·파라미터)는 보안상 요약만 제공합니다.",
            "id": "sample_034_0004_000006",
            "annotations": [
                {
                    "word": "recipe_v3.2.1",
                    "start": 23,
                    "end": 36,
                    "label": "기밀정보"
                }
            ]
        },
        {
            "sentence": "mask_set=MASKSET-XY07, mask_layout_file_hash=sha256:4f2b9e3c9a1b4d6e (접근 제한, IP 보호).",
            "id": "sample_034_0004_000007",
            "annotations": [
                {
                    "word": "MASKSET-XY07",
                    "start": 9,
                    "end": 21,
                    "label": "기밀정보"
                },
                {
                    "word": "sha256:4f2b9e3c9a1b4d6e",
                    "start": 45,
                    "end": 68,
                    "label": "기밀정보"
                }
            ]
        },
        {
            "sentence": "장비 식별: equipment_id=EQP-CHAMBER17, chamber_id=CH-4의 센서와 로그를 동기화하여 분석했습니다.",
            "id": "sample_034_0004_000008",
            "annotations": [
                {
                    "word": "EQP-CHAMBER17",
                    "start": 20,
                    "end": 33,
                    "label": "기밀정보"
                },
                {
                    "word": "CH-4",
                    "start": 46,
                    "end": 50,
                    "label": "기밀정보"
                }
            ]
        },
        {
            "sentence": "inline_sensor_streams은 1 kHz 샘플링으로 수집되었으며 타임스탬프는 ISO8601로 표준화되어 있습니다.",
            "id": "sample_034_0004_000009",
            "annotations": []
        },
        {
            "sentence": "계측 결과: CD 평균 28.45 nm ±0.8 nm(95% CI), thickness 150.2 nm ±2.1 nm(95% CI), 캘리브레이션 일자=2025-12-15, 캘리브레이션 장비 SN=SN-4521-AX.",
            "id": "sample_034_0004_000010",
            "annotations": [
                {
                    "word": "2025-12-15",
                    "start": 85,
                    "end": 95,
                    "label": "준식별자"
                },
                {
                    "word": "SN-4521-AX",
                    "start": 110,
                    "end": 120,
                    "label": "기밀정보"
                }
            ]
        },
        {
            "sentence": "전기시험(I-V) 요약: 누설전류 3.2 nA @ 1.2 V, 불확실도 ±0.4 nA, 측정 환경 및 보정 이력 포함 표준화.",
            "id": "sample_034_0004_000011",
            "annotations": []
        },
        {
            "sentence": "Parametric 테스트는 통계적 분석으로 처리되며 관련 파라미터는 데이터베이스 ID PARAMDB-7782에 기록되어 있습니다.",
            "id": "sample_034_0004_000012",
            "annotations": [
                {
                    "word": "PARAMDB-7782",
                    "start": 49,
                    "end": 61,
                    "label": "기밀정보"
                }
            ]
        },
        {
            "sentence": "결함 밀도(defect_density)는 12 PPM/1 cm^2로 계산되었으며 배치 간 분산은 0.6 PPM로 관찰되었습니다.",
            "id": "sample_034_0004_000013",
            "annotations": []
        },
        {
            "sentence": "수율(yield_metrics): overall_yield=92.5%, die_yield 평균=98.3%, 불량분포는 층별·칩별로 분리 분석했습니다.",
            "id": "sample_034_0004_000014",
            "annotations": []
        },
        {
            "sentence": "maintenance_logs 참조: 정비 티켓 ID=MT-2025-1109, 주요 수리 항목은 RF 패드 교체이며 로그 타임스탬프=2025-11-09T02:30:00Z.",
            "id": "sample_034_0004_000015",
            "annotations": [
                {
                    "word": "MT-2025-1109",
                    "start": 30,
                    "end": 42,
                    "label": "기밀정보"
                },
                {
                    "word": "2025-11-09T02:30:00Z",
                    "start": 74,
                    "end": 94,
                    "label": "준식별자"
                }
            ]
        },
        {
            "sentence": "calibration_records: 장비 SN=SN-4521-AX의 캘리브레이션 주기=180일, 마지막 캘리브레이션 타임스탬프=2025-12-15T10:00:00Z.",
            "id": "sample_034_0004_000016",
            "annotations": [
                {
                    "word": "2025-12-15T10:00:00Z",
                    "start": 72,
                    "end": 92,
                    "label": "준식별자"
                },
                {
                    "word": "SN-4521-AX",
                    "start": 27,
                    "end": 37,
                    "label": "기밀정보"
                }
            ]
        },
        {
            "sentence": "failure_analysis_report 요약: FA_ID=FA-2026-0007, 소수 다이에서 gate oxide 핀홀 추정, 추가 전기적 및 TEM 분석 예정.",
            "id": "sample_034_0004_000017",
            "annotations": [
                {
                    "word": "FA-2026-0007",
                    "start": 34,
                    "end": 46,
                    "label": "기밀정보"
                }
            ]
        },
        {
            "sentence": "관련 SEM_images_hash=sha256:ef12b3c4d5e6f7a8 및 파일명 sem_20260108_001.tif은 내부 저장소에 보관되어 접근 제어됩니다.",
            "id": "sample_034_0004_000018",
            "annotations": [
                {
                    "word": "sha256:ef12b3c4d5e6f7a8",
                    "start": 19,
                    "end": 42,
                    "label": "기밀정보"
                },
                {
                    "word": "sem_20260108_001.tif",
                    "start": 49,
                    "end": 69,
                    "label": "기밀정보"
                }
            ]
        },
        {
            "sentence": "플라즈마 전류 센서 노이즈 분포는 정규분포로 모델링되며 σ=0.12 A를 기준으로 보정 계수를 적용했습니다.",
            "id": "sample_034_0004_000019",
            "annotations": []
        },
        {
            "sentence": "데이터는 GDS/OASIS(메타 포함), CSV 로그, TIFF 이미지 형식으로 표준화하여 장비별 메타데이터와 함께 저장합니다.",
            "id": "sample_034_0004_000020",
            "annotations": []
        },
        {
            "sentence": "lot history 및 recipe revisions는 변경 이력으로 보관되며 역할기반(RBAC) 접근 정책으로 관리합니다.",
            "id": "sample_034_0004_000021",
            "annotations": []
        },
        {
            "sentence": "현 공정 노드 14nm는 규제 위험이 낮으나, 7nm 이하 공정은 수출통제 대상 가능성이 있어 별도 검토가 필요합니다.",
            "id": "sample_034_0004_000022",
            "annotations": []
        },
        {
            "sentence": "희귀 결함 이벤트는 로그 스케일로 시각화하여 1e-6 수준까지 로그 확률로 분석했습니다.",
            "id": "sample_034_0004_000023",
            "annotations": []
        },
        {
            "sentence": "측정 불확실성은 95% 신뢰구간으로 표기하며 이상치는 Tukey 방법으로 식별하고 보고서에 명시합니다.",
            "id": "sample_034_0004_000024",
            "annotations": []
        },
        {
            "sentence": "조치 항목: 추가 캘리브레이션 필요(장비 SN=SN-4521-AX), FA_ID=FA-2026-0007의 심층분석 예정이며 결과는 내부 포털에 등록됩니다.",
            "id": "sample_034_0004_000025",
            "annotations": [
                {
                    "word": "SN-4521-AX",
                    "start": 26,
                    "end": 36,
                    "label": "기밀정보"
                },
                {
                    "word": "FA-2026-0007",
                    "start": 45,
                    "end": 57,
                    "label": "기밀정보"
                }
            ]
        },
        {
            "sentence": "문서 승인자: 방유마, 배포 범위는 연구개발팀 및 품질보증팀으로 제한합니다.",
            "id": "sample_034_0004_000026",
            "annotations": [
                {
                    "word": "방유마",
                    "start": 8,
                    "end": 11,
                    "label": "개인정보"
                }
            ]
        }
    ]
}