{
    "document_id": "034_0003",
    "document_title": "웨이퍼 LOT-AX7 공정 이력 및 계측 보고서",
    "data": [
        {
            "sentence": "본 문서는 반도체 제조 공정의 LOT 추적, 계측 결과, 유지보수 및 FA 요약을 포함한 내부 기술 보고서입니다.",
            "id": "sample_034_0003_000001",
            "annotations": []
        },
        {
            "sentence": "목적은 wafer-level traceability 확보와 metrology·electrical test 데이터의 표준화된 기록을 제공하는 것입니다.",
            "id": "sample_034_0003_000002",
            "annotations": []
        },
        {
            "sentence": "대상 배치 식별자는 lot_id: LOT-AX7-202501이며 대표 wafer_id: WFR-202501-001이 본 보고서의 기준입니다.",
            "id": "sample_034_0003_000003",
            "annotations": [
                {
                    "word": "LOT-AX7-202501",
                    "start": 19,
                    "end": 33,
                    "label": "기밀정보"
                },
                {
                    "word": "WFR-202501-001",
                    "start": 49,
                    "end": 63,
                    "label": "기밀정보"
                }
            ]
        },
        {
            "sentence": "생산 FAB은 fab_id: SEOUL_FAB_3로 등록되어 있으며 시설 위치는 서울특별시 내 지정 팹 구역입니다.",
            "id": "sample_034_0003_000004",
            "annotations": [
                {
                    "word": "SEOUL_FAB_3",
                    "start": 16,
                    "end": 27,
                    "label": "기밀정보"
                },
                {
                    "word": "서울특별시",
                    "start": 45,
                    "end": 50,
                    "label": "준식별자"
                }
            ]
        },
        {
            "sentence": "공정 담당 operator_id: 나준휘가 초기 로드 및 장비 인터락 확인을 수행했습니다.",
            "id": "sample_034_0003_000005",
            "annotations": [
                {
                    "word": "나준휘",
                    "start": 19,
                    "end": 22,
                    "label": "개인정보"
                }
            ]
        },
        {
            "sentence": "담당자 사번: 20231234가 운영 로그에 서명하였으며 로그 접근 권한은 내부 등급으로 제한됩니다.",
            "id": "sample_034_0003_000006",
            "annotations": [
                {
                    "word": "사번: 20231234",
                    "start": 4,
                    "end": 16,
                    "label": "개인정보"
                }
            ]
        },
        {
            "sentence": "참조된 process_recipe_version은 PRV_3.2.1로 표기되며 상세 레시피 값은 문서에서 생략 및 관리됩니다.",
            "id": "sample_034_0003_000007",
            "annotations": [
                {
                    "word": "PRV_3.2.1",
                    "start": 28,
                    "end": 37,
                    "label": "기밀정보"
                }
            ]
        },
        {
            "sentence": "사용된 mask_set은 MASK_A14_01로 라벨링 되었으나 마스크 레이아웃의 상세는 IP 보호를 위해 제공하지 않습니다.",
            "id": "sample_034_0003_000008",
            "annotations": [
                {
                    "word": "MASK_A14_01",
                    "start": 14,
                    "end": 25,
                    "label": "기밀정보"
                }
            ]
        },
        {
            "sentence": "mask_layout_file은 내부 저장소 경로 /srv/internal/gds/MASK_A14_01.gds 및 sha256: a3f5e9c4d2b7e6f8c9d0a1b2c3d4e5f6a7b8c9d0e1f2a3b4c5d6e7f8a9b0c1d2로 참조합니다.",
            "id": "sample_034_0003_000009",
            "annotations": [
                {
                    "word": "/srv/internal/gds/MASK_A14_01.gds",
                    "start": 28,
                    "end": 61,
                    "label": "기밀정보"
                },
                {
                    "word": "a3f5e9c4d2b7e6f8c9d0a1b2c3d4e5f6a7b8c9d0e1f2a3b4c5d6e7f8a9b0c1d2",
                    "start": 72,
                    "end": 136,
                    "label": "기밀정보"
                }
            ]
        },
        {
            "sentence": "주 장비 식별자는 equipment_id: KLA-PSM-AX-12345이며 chamber_id는 C3로 표기되어 장비·챔버 수준의 이력 동기화가 가능합니다.",
            "id": "sample_034_0003_000010",
            "annotations": [
                {
                    "word": "KLA-PSM-AX-12345",
                    "start": 24,
                    "end": 40,
                    "label": "기밀정보"
                }
            ]
        },
        {
            "sentence": "공정 시작 타임스탬프는 2025-01-15T09:12:34Z(ISO8601, UTC)로 기록되어 장비 로그와 동기화되었습니다.",
            "id": "sample_034_0003_000011",
            "annotations": [
                {
                    "word": "2025-01-15T09:12:34Z",
                    "start": 13,
                    "end": 33,
                    "label": "준식별자"
                }
            ]
        },
        {
            "sentence": "공정 종료 타임스탬프는 2025-01-15T09:18:00Z(ISO8601, UTC)로 기록되어 총 처리 시간 계산에 사용되었습니다.",
            "id": "sample_034_0003_000012",
            "annotations": [
                {
                    "word": "2025-01-15T09:18:00Z",
                    "start": 13,
                    "end": 33,
                    "label": "준식별자"
                }
            ]
        },
        {
            "sentence": "CD 계측 결과는 평균 CD = 45.12 nm ±1.20 nm(standard deviation), thickness = 85.30 nm ±0.80 nm로 보고됩니다.",
            "id": "sample_034_0003_000013",
            "annotations": []
        },
        {
            "sentence": "계측 데이터는 캘리브레이션 이력 calibration: CAL_20240112_07(마지막 캘리브레이션 2024-01-12T03:00:00Z) 보정값을 적용하여 제공됩니다.",
            "id": "sample_034_0003_000014",
            "annotations": [
                {
                    "word": "CAL_20240112_07",
                    "start": 31,
                    "end": 46,
                    "label": "기밀정보"
                },
                {
                    "word": "2024-01-12T03:00:00Z",
                    "start": 58,
                    "end": 78,
                    "label": "준식별자"
                }
            ]
        },
        {
            "sentence": "전기적 특성은 I-V sweep에서 Vbias 범위 0.0→1.2 V, 대표 leakage 전류 Ioff = 12.3 nA(측정 불확실도 ±1.1 nA)로 수집되었습니다.",
            "id": "sample_034_0003_000015",
            "annotations": []
        },
        {
            "sentence": "Parametric test 결과는 drive current Id = 120.5 μA @ Vg=1.0 V(오차범위 ±3.2 μA)로 레코딩 되었고 테스트 장비는 정기 캘리브레이션 대상입니다.",
            "id": "sample_034_0003_000016",
            "annotations": []
        },
        {
            "sentence": "결함 밀도는 defect_density = 45 ppm/cm2이며 이상치 분포는 로그 스케일로도 분석되어 희귀 결함은 0.02% 수준으로 보고됩니다.",
            "id": "sample_034_0003_000017",
            "annotations": []
        },
        {
            "sentence": "수율 지표는 overall_yield = 92.5% 및 die_yield = 98.2%로 집계되었으며 배치별 편차는 통계적 유의성을 검토했습니다.",
            "id": "sample_034_0003_000018",
            "annotations": []
        },
        {
            "sentence": "최근 유지보수 로그는 /var/logs/maintenance/EQP_KLA-PSM-AX-12345_2025-01-10.log에 저장되어 있으며 접근은 보안 인증으로 통제됩니다.",
            "id": "sample_034_0003_000019",
            "annotations": [
                {
                    "word": "/var/logs/maintenance/EQP_KLA-PSM-AX-12345_2025-01-10.log",
                    "start": 12,
                    "end": 69,
                    "label": "기밀정보"
                }
            ]
        },
        {
            "sentence": "FA 요약은 주요 결함 유형과 위치, 권고 조치로 구성되며 담당 분석가 최로아가 1차 검토를 완료했습니다(세부 FA 보고서는 첨부 참조).",
            "id": "sample_034_0003_000020",
            "annotations": [
                {
                    "word": "최로아",
                    "start": 40,
                    "end": 43,
                    "label": "개인정보"
                }
            ]
        },
        {
            "sentence": "FA 보고서 참조코드는 FA-2025-001이며 주요 불량 원인 추정과 시료 이미지 참조가 포함되어 있습니다.",
            "id": "sample_034_0003_000021",
            "annotations": [
                {
                    "word": "FA-2025-001",
                    "start": 13,
                    "end": 24,
                    "label": "기밀정보"
                }
            ]
        },
        {
            "sentence": "inline sensor streams는 kafka://intrastream/fab/SEOUL_FAB_3/stream_42로 토픽화되어 실시간 모니터링 및 이상 감지에 활용됩니다.",
            "id": "sample_034_0003_000022",
            "annotations": [
                {
                    "word": "kafka://intrastream/fab/SEOUL_FAB_3/stream_42",
                    "start": 23,
                    "end": 68,
                    "label": "기밀정보"
                }
            ]
        },
        {
            "sentence": "SEM 이미지 파일은 내부 저장소 https://intra.fab.local/sem/sem_WFR-202501-001_20250115.png 및 sha256: b7c9e5f1a2b3c4d5e6f7a8b9c0d1e2f3a4b5c6d7e8f9a0b1c2d3e4f5a6b7c8d9로 참조됩니다.",
            "id": "sample_034_0003_000023",
            "annotations": [
                {
                    "word": "https://intra.fab.local/sem/sem_WFR-202501-001_20250115.png",
                    "start": 19,
                    "end": 78,
                    "label": "기밀정보"
                },
                {
                    "word": "b7c9e5f1a2b3c4d5e6f7a8b9c0d1e2f3a4b5c6d7e8f9a0b1c2d3e4f5a6b7c8d9",
                    "start": 89,
                    "end": 153,
                    "label": "기밀정보"
                }
            ]
        },
        {
            "sentence": "모든 타임스탬프는 ISO8601(UTC) 형식을 사용하였으며 장비별 로그와의 시간 동기화를 검증하였습니다.",
            "id": "sample_034_0003_000024",
            "annotations": []
        },
        {
            "sentence": "공정 레시피의 상세 변수(세부 가스 플로우, 온도 프로파일 등)는 지적재산 보호를 위해 본 문서에서 삭제되었습니다.",
            "id": "sample_034_0003_000025",
            "annotations": []
        },
        {
            "sentence": "문의 및 추가 검토 요청은 검토자 엄봉기에게 제출해 주시고 연락 이메일은 eumbonggi@fab.internal로 접수해 주시기 바랍니다.",
            "id": "sample_034_0003_000026",
            "annotations": [
                {
                    "word": "엄봉기",
                    "start": 19,
                    "end": 22,
                    "label": "개인정보"
                },
                {
                    "word": "eumbonggi@fab.internal",
                    "start": 41,
                    "end": 63,
                    "label": "개인정보"
                }
            ]
        }
    ]
}