{
    "document_id": "034_0074",
    "document_title": "7nm 공정 중간 검사 및 계측 종합 보고서",
    "data": [
        {
            "sentence": "문서 개요: 본 보고서는 반도체 제조 공정의 중간 검사, 계측 및 전기적 검증 결과를 종합하여 기록한 합성 보고서입니다.",
            "id": "sample_034_0074_000001",
            "annotations": []
        },
        {
            "sentence": "문서는 공정 모니터링, 장비 로그, 계측 결과, 유지보수·캘리브레이션 이력 및 F/A(실패분석) 요약을 포함합니다.",
            "id": "sample_034_0074_000002",
            "annotations": []
        },
        {
            "sentence": "대상 wafer_id는 WAFER-019283이고 lot_id는 LOT-7N-20251234입니다.",
            "id": "sample_034_0074_000003",
            "annotations": [
                {
                    "word": "WAFER-019283",
                    "start": 13,
                    "end": 25,
                    "label": "기밀정보"
                },
                {
                    "word": "LOT-7N-20251234",
                    "start": 36,
                    "end": 51,
                    "label": "기밀정보"
                }
            ]
        },
        {
            "sentence": "해당 생산은 fab_id FAB_SUCH-3에서 수행되었으며 process_node는 7nm로 표기됩니다.",
            "id": "sample_034_0074_000004",
            "annotations": [
                {
                    "word": "FAB_SUCH-3",
                    "start": 14,
                    "end": 24,
                    "label": "기밀정보"
                },
                {
                    "word": "7nm",
                    "start": 48,
                    "end": 51,
                    "label": "기밀정보"
                }
            ]
        },
        {
            "sentence": "mask_set은 7nm_VISIBLE_MASK_v2로 식별되며 구체적 레이아웃과 레이어 정보는 IP 보호를 위해 축약 표기합니다.",
            "id": "sample_034_0074_000005",
            "annotations": [
                {
                    "word": "7nm_VISIBLE_MASK_v2",
                    "start": 10,
                    "end": 29,
                    "label": "기밀정보"
                }
            ]
        },
        {
            "sentence": "mask_layout_file은 내부 GDS 해시 gds_sha256:a3b1f5c9d4e7b2a8e9f0c1d2e3f4a5b6c7d8e9f0a1b2c3d4e5f6a7b8c9d0e1f2로 참조됩니다.",
            "id": "sample_034_0074_000006",
            "annotations": [
                {
                    "word": "gds_sha256:a3b1f5c9d4e7b2a8e9f0c1d2e3f4a5b6c7d8e9f0a1b2c3d4e5f6a7b8c9d0e1f2",
                    "start": 28,
                    "end": 103,
                    "label": "기밀정보"
                }
            ]
        },
        {
            "sentence": "관련 내부 링크는 https://internal.fab.example/gds/034_0074 (접근제어)로 보관되어 있습니다.",
            "id": "sample_034_0074_000007",
            "annotations": [
                {
                    "word": "https://internal.fab.example/gds/034_0074",
                    "start": 10,
                    "end": 51,
                    "label": "기밀정보"
                }
            ]
        },
        {
            "sentence": "공정 단계(step_name)는 Hard Mask Deposition이며 equipment_id는 EQP-CVD-17, chamber_id는 C17-A로 레코드에 기록됩니다.",
            "id": "sample_034_0074_000008",
            "annotations": [
                {
                    "word": "EQP-CVD-17",
                    "start": 55,
                    "end": 65,
                    "label": "기밀정보"
                },
                {
                    "word": "C17-A",
                    "start": 79,
                    "end": 84,
                    "label": "기밀정보"
                }
            ]
        },
        {
            "sentence": "공정 레시피 버전(process_recipe_version)은 RX-7.4.12로 표기되며 상세 파라미터는 내부 보안정책에 따라 비공개입니다.",
            "id": "sample_034_0074_000009",
            "annotations": [
                {
                    "word": "RX-7.4.12",
                    "start": 35,
                    "end": 44,
                    "label": "기밀정보"
                }
            ]
        },
        {
            "sentence": "공정 수행일시 timestamp_ISO8601는 2025-11-15T08:42:17Z로 표준화되어 저장됩니다.",
            "id": "sample_034_0074_000010",
            "annotations": []
        },
        {
            "sentence": "운영자(operator_id)는 유은석이며 operator_emp_id는 20204567로 레코드에 포함되어 있습니다.",
            "id": "sample_034_0074_000011",
            "annotations": [
                {
                    "word": "유은석",
                    "start": 18,
                    "end": 21,
                    "label": "개인정보"
                },
                {
                    "word": "20204567",
                    "start": 41,
                    "end": 49,
                    "label": "개인정보"
                }
            ]
        },
        {
            "sentence": "운영자 역할은 공정엔지니어이며 작업 지시는 SOP-DEP-2025-11 매뉴얼에 따릅니다.",
            "id": "sample_034_0074_000012",
            "annotations": [
                {
                    "word": "SOP-DEP-2025-11",
                    "start": 24,
                    "end": 39,
                    "label": "기밀정보"
                }
            ]
        },
        {
            "sentence": "장비의 inline_sensor_streams는 초당 10Hz로 플라즈마 전력, 챔버 압력, 가스 유량 등을 실시간 수집합니다.",
            "id": "sample_034_0074_000013",
            "annotations": []
        },
        {
            "sentence": "플라즈마 전력은 평균 450.5 W (±3.2 W, sensor_calibrated_at 2025-10-01T02:15:00Z)로 기록되었습니다.",
            "id": "sample_034_0074_000014",
            "annotations": []
        },
        {
            "sentence": "챔버 압력은 2.35 mTorr (±0.05 mTorr)이며 가스 유량은 12.50 sccm로 표기됩니다.",
            "id": "sample_034_0074_000015",
            "annotations": []
        },
        {
            "sentence": "계측 결과 metrology_results: CD는 14.52 nm (±0.20 nm, n=48), 두께(thickness)는 120.4 nm (±1.3 nm, n=8)로 보고합니다.",
            "id": "sample_034_0074_000016",
            "annotations": []
        },
        {
            "sentence": "모든 계측치는 장비별 calibration_records 및 캘리브레이션 이력(calibrated_by: 조윤오, date: 2025-10-01T02:15:00Z)을 포함합니다.",
            "id": "sample_034_0074_000017",
            "annotations": [
                {
                    "word": "조윤오",
                    "start": 59,
                    "end": 62,
                    "label": "개인정보"
                }
            ]
        },
        {
            "sentence": "전기적 테스트 electrical_tests: I-V curve는 V sweep -1.0 V ~ 1.0 V에서 누설전류 5.2 nA @ 0 V로 측정되었습니다.",
            "id": "sample_034_0074_000018",
            "annotations": []
        },
        {
            "sentence": "C-V 테스트는 1 MHz에서 C=12.4 fF (±0.3 fF)로 기록되었고 parametric test 데이터는 CSV 형식으로 저장됩니다.",
            "id": "sample_034_0074_000019",
            "annotations": []
        },
        {
            "sentence": "결함 밀도 defect_density는 120 PPM/Die area(1 cm2 기준)이며 희귀 결함 빈도는 로그 스케일로 표시됩니다.",
            "id": "sample_034_0074_000020",
            "annotations": []
        },
        {
            "sentence": "수율 지표 yield_metrics: overall_yield 78.5% (신뢰구간 95%: ±2.1%), die_yield 평균 0.785 (std 0.12)로 요약됩니다.",
            "id": "sample_034_0074_000021",
            "annotations": []
        },
        {
            "sentence": "마스크와 공정 관련 규제: 7nm 이하 기술 수준은 지역별 수출통제 대상일 수 있으므로 관련 법규를 확인해야 합니다.",
            "id": "sample_034_0074_000022",
            "annotations": []
        },
        {
            "sentence": "유지보수 기록 maintenance_logs: 2025-11-01T03:00:00Z에 EQP-CVD-17의 RF 매칭 네트워크 교체가 수행되었고 담당자는 안찬진으로 기재되어 있습니다.",
            "id": "sample_034_0074_000023",
            "annotations": [
                {
                    "word": "EQP-CVD-17",
                    "start": 48,
                    "end": 58,
                    "label": "기밀정보"
                },
                {
                    "word": "안찬진",
                    "start": 86,
                    "end": 89,
                    "label": "개인정보"
                }
            ]
        },
        {
            "sentence": "고장 분석 failure_analysis_report: 특정 패턴의 CD 편차가 포인트 결함으로 이어졌으며 F/A 리포트는 내부 결재 문서로 분류됩니다.",
            "id": "sample_034_0074_000024",
            "annotations": []
        },
        {
            "sentence": "SEM_images는 내부 서버에 저장되며 예시 해시 SEM_SHA256:c5d2e6fa9b3c4d5e6f7a8b9c0d1e2f3a4b5c6d7e8f9a0b1c2d3e4f5a6b7c8d9 및 접근 권한 로그가 함께 첨부됩니다.",
            "id": "sample_034_0074_000025",
            "annotations": [
                {
                    "word": "SEM_SHA256:c5d2e6fa9b3c4d5e6f7a8b9c0d1e2f3a4b5c6d7e8f9a0b1c2d3e4f5a6b7c8d9",
                    "start": 30,
                    "end": 104,
                    "label": "기밀정보"
                }
            ]
        },
        {
            "sentence": "유사한 배치 간 상관관계 분석은 배치별 평균 CD 차이 0.8 nm와 센서 노이즈(정규분포, σ=0.18 nm)를 반영합니다.",
            "id": "sample_034_0074_000026",
            "annotations": []
        },
        {
            "sentence": "이상치·결함은 로그 스케일로 그래프화하고 희귀 이벤트 빈도(0.02%)와 신뢰구간을 명시하여 보고합니다.",
            "id": "sample_034_0074_000027",
            "annotations": []
        },
        {
            "sentence": "권장 액션 items: 민감한 mask/GDS 관련 파일은 접근제어를 강화하고 외부 공유 시 익명화 또는 샘플화 하십시오.",
            "id": "sample_034_0074_000028",
            "annotations": []
        },
        {
            "sentence": "문서 최종 작성자 및 검토자는 유나율, 하연정으로 표기되어 있으니 내부 검토용으로만 사용하시기 바랍니다.",
            "id": "sample_034_0074_000029",
            "annotations": [
                {
                    "word": "유나율",
                    "start": 17,
                    "end": 20,
                    "label": "개인정보"
                },
                {
                    "word": "하연정",
                    "start": 22,
                    "end": 25,
                    "label": "개인정보"
                }
            ]
        },
        {
            "sentence": "문서 버전은 v1.2이고 생성일은 2025-11-16T09:12:00Z로 기록되어 있습니다.",
            "id": "sample_034_0074_000030",
            "annotations": []
        }
    ]
}