{
    "document_id": "034_0072",
    "document_title": "FAB-02 웨이퍼 인라인 메트롤로지 및 공정 분석 보고서",
    "data": [
        {
            "sentence": "본 보고서는 LOT-7890-AB 배치의 인라인 메트롤로지와 후속 분석 결과를 요약합니다.",
            "id": "sample_034_0072_000001",
            "annotations": [
                {
                    "word": "LOT-7890-AB",
                    "start": 7,
                    "end": 18,
                    "label": "기밀정보"
                }
            ]
        },
        {
            "sentence": "검사 대상 웨이퍼는 WFR-20251234 (200 mm)로 기록되어 있으며 추적을 위해 lot/wafer 스탬프가 포함됩니다.",
            "id": "sample_034_0072_000002",
            "annotations": [
                {
                    "word": "WFR-20251234",
                    "start": 11,
                    "end": 23,
                    "label": "기밀정보"
                }
            ]
        },
        {
            "sentence": "해당 공정의 현장 운영 담당자는 노광현 엔지니어가 개시·검토를 수행하였음을 기록합니다.",
            "id": "sample_034_0072_000003",
            "annotations": [
                {
                    "word": "노광현",
                    "start": 18,
                    "end": 21,
                    "label": "개인정보"
                }
            ]
        },
        {
            "sentence": "공정 노드 정보는 28 nm로 표기하였고 사용된 mask set은 MASKSET_A7(접근제어 적용)으로 표기합니다.",
            "id": "sample_034_0072_000004",
            "annotations": [
                {
                    "word": "MASKSET_A7",
                    "start": 37,
                    "end": 47,
                    "label": "기밀정보"
                }
            ]
        },
        {
            "sentence": "마스크 레이아웃 파일은 GDS/OASIS 포맷으로 보관되며 참조용 해시는 sha256:3f7a9b1c2d4e5f67890123456789abcdef0123456789abcdef0123456789abcd로 표기합니다.",
            "id": "sample_034_0072_000005",
            "annotations": [
                {
                    "word": "sha256:3f7a9b1c2d4e5f67890123456789abcdef0123456789abcdef0123456789abcd",
                    "start": 41,
                    "end": 112,
                    "label": "기밀정보"
                }
            ]
        },
        {
            "sentence": "에칭 장비 식별자는 ETCH-3000#C2로 표기되며 챔버별 동기화와 로그 수집은 별도 메타데이터로 관리됩니다.",
            "id": "sample_034_0072_000006",
            "annotations": [
                {
                    "word": "ETCH-3000#C2",
                    "start": 11,
                    "end": 23,
                    "label": "기밀정보"
                }
            ]
        },
        {
            "sentence": "CD 측정을 수행한 장비는 CD-SEM-100이며 측정 캘리브레이션 이력은 데이터베이스에 연동되어 있습니다.",
            "id": "sample_034_0072_000007",
            "annotations": [
                {
                    "word": "CD-SEM-100",
                    "start": 15,
                    "end": 25,
                    "label": "기밀정보"
                }
            ]
        },
        {
            "sentence": "프로세스 레시피 버전은 PR_v2.14로 기록되었으나 세부 매개변수는 IP 보호를 위해 본 문서에 포함하지 않습니다.",
            "id": "sample_034_0072_000008",
            "annotations": [
                {
                    "word": "PR_v2.14",
                    "start": 13,
                    "end": 21,
                    "label": "기밀정보"
                }
            ]
        },
        {
            "sentence": "대응 챔버 식별자는 CHM-4로 표기하고 챔버별 온도·압력 보정값을 별도 표준문서로 참조합니다.",
            "id": "sample_034_0072_000009",
            "annotations": [
                {
                    "word": "CHM-4",
                    "start": 11,
                    "end": 16,
                    "label": "기밀정보"
                }
            ]
        },
        {
            "sentence": "최근 실시된 정기 유지보수 기록은 항목 ID ML-2025-11-02-001로 저장되어 있으며 주요 조치와 교체 부품 목록이 포함됩니다.",
            "id": "sample_034_0072_000010",
            "annotations": [
                {
                    "word": "ML-2025-11-02-001",
                    "start": 25,
                    "end": 42,
                    "label": "기밀정보"
                }
            ]
        },
        {
            "sentence": "캘리브레이션 레코드는 CAL-2025-10-28_v1로 식별되며 각 계측기의 오프셋 보정값과 적용 시점(ISO8601)은 데이터베이스에 명시되어 있습니다.",
            "id": "sample_034_0072_000011",
            "annotations": [
                {
                    "word": "CAL-2025-10-28_v1",
                    "start": 12,
                    "end": 29,
                    "label": "기밀정보"
                }
            ]
        },
        {
            "sentence": "SEM 이미지 원본은 내부 저장소 해시 sha256:9b1f4e6a7b8c9d0e1f2030405060708090a0b0c0d0e0f10111213141516171819로 참조됩니다.",
            "id": "sample_034_0072_000012",
            "annotations": [
                {
                    "word": "sha256:9b1f4e6a7b8c9d0e1f2030405060708090a0b0c0d0e0f10111213141516171819",
                    "start": 22,
                    "end": 94,
                    "label": "기밀정보"
                }
            ]
        },
        {
            "sentence": "타임스탬프는 모든 로그에서 ISO8601 형식(UTC)으로 표준화되어 있으며 예시 기록은 2025-11-03T08:15:30Z 입니다.",
            "id": "sample_034_0072_000013",
            "annotations": [
                {
                    "word": "2025-11-03T08:15:30Z",
                    "start": 50,
                    "end": 70,
                    "label": "일반정보"
                }
            ]
        },
        {
            "sentence": "인라인 센서 스트림에는 플라즈마 전력(평균 250.0 W ± 2.5 W), 챔버 압력(5.2 mTorr ± 0.1 mTorr), 기판 온도(25.0 °C ± 0.5 °C)가 포함됩니다.",
            "id": "sample_034_0072_000014",
            "annotations": []
        },
        {
            "sentence": "CD(critical dimension) 메트롤로지 결과: 패턴 A 평균 45.23 nm (표준편차 1.12 nm, n=120), 패턴 B 평균 67.80 nm (표준편차 1.75 nm, n=120).",
            "id": "sample_034_0072_000015",
            "annotations": []
        },
        {
            "sentence": "박막 두께 측정(ellipsometry) 결과: 산화막 평균 두께 12.34 nm (±0.08 nm, 95% CI), 스핀코팅 균일도 0.9%로 보고합니다.",
            "id": "sample_034_0072_000016",
            "annotations": []
        },
        {
            "sentence": "전기 특성 I-V 측정 요약: V sweep 0→2.5 V, 누설 전류 I_leak(0.5 V) = 1.2e-9 A (1.2 nA), 측정 불확실도 ±0.2 nA로 보정값 적용 후 기록됩니다.",
            "id": "sample_034_0072_000017",
            "annotations": []
        },
        {
            "sentence": "C-V 측정에서 C(0 V) = 3.45 pF, 주파수 1 MHz 기준이며 캘리브레이션 보정 후 결과가 제공됩니다.",
            "id": "sample_034_0072_000018",
            "annotations": []
        },
        {
            "sentence": "파라메트릭 테스트 결과는 드레인-소스 저항 R_ds(on) 평균 12.3 Ω, 분산계수 4.1%로 집계되었으며 이상치는 별도 로그로 분리하였습니다.",
            "id": "sample_034_0072_000019",
            "annotations": []
        },
        {
            "sentence": "결함 밀도는 샘플링 면적당 12 PPM/cm^2로 계산되었으며 희귀 결함 빈도는 로그 스케일로 추가 보고에 포함됩니다.",
            "id": "sample_034_0072_000020",
            "annotations": [
                {
                    "word": "12 PPM/cm^2",
                    "start": 15,
                    "end": 26,
                    "label": "일반정보"
                }
            ]
        },
        {
            "sentence": "수율 메트릭: overall_yield 92.4% (95% CI ±0.7%), die_yield 평균 98.7%로 판정되었고 배치별 편차는 통계적 보정을 거쳤습니다.",
            "id": "sample_034_0072_000021",
            "annotations": [
                {
                    "word": "overall_yield 92.4%",
                    "start": 8,
                    "end": 27,
                    "label": "일반정보"
                },
                {
                    "word": "die_yield 평균 98.7%",
                    "start": 44,
                    "end": 62,
                    "label": "일반정보"
                }
            ]
        },
        {
            "sentence": "마스크 접근과 GDS 파일 열람은 제한되어 있으며 파일 해시와 접근권한 로그만 본 보고서에 포함합니다.",
            "id": "sample_034_0072_000022",
            "annotations": []
        },
        {
            "sentence": "유지보수 요약에는 교체된 주요 부품과 작업 시간, 책임자 요약만을 공개하고 작업 상세 레시피나 내부 절차는 비공개로 처리했습니다.",
            "id": "sample_034_0072_000023",
            "annotations": []
        },
        {
            "sentence": "고장 분석(failure analysis) 요약: 결함 유형은 이물 혼입으로 추정되며 원인으로는 챔버 정전기 이슈 가능성이 제기되었지만 추가 TEM 분석이 필요합니다.",
            "id": "sample_034_0072_000024",
            "annotations": []
        },
        {
            "sentence": "추적성 확보를 위해 모든 장비 로그는 장비별 시리얼과 타임스탬프(ISO8601)를 포함한 형태로 장기 보존 규정에 따라 아카이브합니다.",
            "id": "sample_034_0072_000025",
            "annotations": []
        },
        {
            "sentence": "데이터 포맷은 CSV/JSON을 기본으로 하며 대용량 이미지와 GDS/OASIS 파일은 별도 스토리지와 연동해 메타데이터를 제공합니다.",
            "id": "sample_034_0072_000026",
            "annotations": []
        },
        {
            "sentence": "규제 관련 메모: 본 데이터셋은 7 nm 이하 민감 공정 정보를 포함하지 않으며 지역별 수출통제 준수를 확인한 상태입니다.",
            "id": "sample_034_0072_000027",
            "annotations": []
        },
        {
            "sentence": "권장 조치: CHM-4 챔버에 대한 정밀 청소와 ETCH-3000#C2 장비의 플라즈마 파라미터 재캘리브레이션을 권고합니다.",
            "id": "sample_034_0072_000028",
            "annotations": []
        },
        {
            "sentence": "후속 작업으로 SEM 원본(sha256:9b1f4e6a7b8c9d0e1f2030405060708090a0b0c0d0e0f10111213141516171819)과 TEM 분석을 연계해 결함 원인 규명을 진행합니다.",
            "id": "sample_034_0072_000029",
            "annotations": []
        },
        {
            "sentence": "보고서 최종 승인 및 기록 일시는 2025-11-04T14:30:00Z 로 표준화되어 있으며 관련 변경 이력은 CAL-2025-10-28_v1 및 ML-2025-11-02-001 항목에 연동됩니다.",
            "id": "sample_034_0072_000030",
            "annotations": [
                {
                    "word": "2025-11-04T14:30:00Z",
                    "start": 19,
                    "end": 39,
                    "label": "일반정보"
                }
            ]
        }
    ]
}