{
    "document_id": "064_0010",
    "document_title": "바이오뱅크 및 생체시료 관리 운영·데이터 사양서",
    "data": [
        {
            "sentence": "문서 개요: 본 문서는 바이오뱅크 및 생체시료 관리의 전 주기 운영, 데이터 스키마, 감사 기록, 보관·배포 절차 및 규정 준수 요구사항을 기술한다.",
            "id": "sample_064_0010_000001",
            "annotations": []
        },
        {
            "sentence": "적용 범위: 인간 유래 혈액, 조직, 세포, DNA/RNA 추출물, 배지 및 타액 등 모든 시료의 수집·처리·보관·배포·폐기 활동을 포함한다.",
            "id": "sample_064_0010_000002",
            "annotations": []
        },
        {
            "sentence": "필수 파일 목록: sample_manifest.csv, consent_form.pdf(메타데이터 포함), SOP_document.pdf, chain_of_custody_log.csv, temperature_log.csv, QC_report.json, material_transfer_agreement.pdf 등이 포함된다.",
            "id": "sample_064_0010_000003",
            "annotations": []
        },
        {
            "sentence": "샘플 인벤토리 필드 예시: participant_id는 해시화된 식별자 형식(예: participant_id: sha256$ID0001_3f7a9d6b)을 사용하며 원본 식별자는 별도 안전저장소에 보관한다.",
            "id": "sample_064_0010_000004",
            "annotations": [
                {
                    "word": "sha256$ID0001_3f7a9d6b",
                    "start": 62,
                    "end": 84,
                    "label": "개인정보"
                }
            ]
        },
        {
            "sentence": "샘플 레코드 예시 1: participant_id: sha256$ID0001_3f7a9d6b, 성별: 여성, 출생연도: 1985, 채혈일시: 2024-05-12T09:30:00Z, 수집장소: 서울, sample_barcode: sha256$BC0001_d1e2f3a4.",
            "id": "sample_064_0010_000005",
            "annotations": [
                {
                    "word": "sha256$ID0001_3f7a9d6b",
                    "start": 29,
                    "end": 51,
                    "label": "개인정보"
                },
                {
                    "word": "여성",
                    "start": 57,
                    "end": 59,
                    "label": "준식별자"
                },
                {
                    "word": "1985",
                    "start": 67,
                    "end": 71,
                    "label": "준식별자"
                },
                {
                    "word": "2024-05-12T09:30:00Z",
                    "start": 79,
                    "end": 99,
                    "label": "준식별자"
                },
                {
                    "word": "서울",
                    "start": 107,
                    "end": 109,
                    "label": "준식별자"
                },
                {
                    "word": "sha256$BC0001_d1e2f3a4",
                    "start": 127,
                    "end": 149,
                    "label": "개인정보"
                }
            ]
        },
        {
            "sentence": "샘플 레코드 예시 2: participant_id: sha256$ID0002_b4c3d2e1, 성별: 남성, 출생연도: 1978, 채취일시: 2023-11-03T14:20:00Z, 수집장소: 부산, sample_barcode: sha256$BC0002_e5f6a7b8.",
            "id": "sample_064_0010_000006",
            "annotations": [
                {
                    "word": "sha256$ID0002_b4c3d2e1",
                    "start": 29,
                    "end": 51,
                    "label": "개인정보"
                },
                {
                    "word": "남성",
                    "start": 57,
                    "end": 59,
                    "label": "준식별자"
                },
                {
                    "word": "1978",
                    "start": 67,
                    "end": 71,
                    "label": "준식별자"
                },
                {
                    "word": "2023-11-03T14:20:00Z",
                    "start": 79,
                    "end": 99,
                    "label": "준식별자"
                },
                {
                    "word": "부산",
                    "start": 107,
                    "end": 109,
                    "label": "준식별자"
                },
                {
                    "word": "sha256$BC0002_e5f6a7b8",
                    "start": 127,
                    "end": 149,
                    "label": "개인정보"
                }
            ]
        },
        {
            "sentence": "샘플 레코드 예시 3: participant_id: sha256$ID0003_9a8b7c6d, 성별: 여성, 출생연도: 1992, 채취일시: 2024-01-20T08:45:00Z, 수집장소: 인천, sample_barcode: sha256$BC0003_c9d0e1f2.",
            "id": "sample_064_0010_000007",
            "annotations": [
                {
                    "word": "sha256$ID0003_9a8b7c6d",
                    "start": 29,
                    "end": 51,
                    "label": "개인정보"
                },
                {
                    "word": "여성",
                    "start": 57,
                    "end": 59,
                    "label": "준식별자"
                },
                {
                    "word": "1992",
                    "start": 67,
                    "end": 71,
                    "label": "준식별자"
                },
                {
                    "word": "2024-01-20T08:45:00Z",
                    "start": 79,
                    "end": 99,
                    "label": "준식별자"
                },
                {
                    "word": "인천",
                    "start": 107,
                    "end": 109,
                    "label": "준식별자"
                },
                {
                    "word": "sha256$BC0003_c9d0e1f2",
                    "start": 127,
                    "end": 149,
                    "label": "개인정보"
                }
            ]
        },
        {
            "sentence": "동의서 항목: consent_scope는 재사용 가능 범위(예: 연구목적 한정, 상업적 이용 불가), 동의_만료일은 ISO8601 일자(예: 2030-12-31)로 표기한다.",
            "id": "sample_064_0010_000008",
            "annotations": [
                {
                    "word": "2030-12-31",
                    "start": 79,
                    "end": 89,
                    "label": "준식별자"
                }
            ]
        },
        {
            "sentence": "MTA(물질이전계약) 메타데이터: MTA_id는 기밀 식별자(예: mta_sha256$MTA0001_abc123ef)로 관리하고 MTA 조건(수출통제, CITES, 상업적 이용 제한 등)을 명시한다.",
            "id": "sample_064_0010_000009",
            "annotations": [
                {
                    "word": "mta_sha256$MTA0001_abc123ef",
                    "start": 37,
                    "end": 64,
                    "label": "기밀정보"
                }
            ]
        },
        {
            "sentence": "SOP 관리: 모든 전처리·추출·동결·해동 프로토콜은 SOP_document.pdf에 버전별(v2.1 등)로 보관하며 호환성 표기와 변경이력 링크를 포함한다.",
            "id": "sample_064_0010_000010",
            "annotations": []
        },
        {
            "sentence": "체인오브커스터디 예시: 수령 이벤트 - action: RECEIVED, timestamp: 2024-05-12T10:05:00Z, handler_id: sha256$HND0001_f0e1d2c3, location: Freezer_A1/rack03/box12.",
            "id": "sample_064_0010_000011",
            "annotations": [
                {
                    "word": "sha256$HND0001_f0e1d2c3",
                    "start": 85,
                    "end": 108,
                    "label": "개인정보"
                }
            ]
        },
        {
            "sentence": "체인오브커스터디 변경 불가 원칙: 레코드 수정 시 이전 값과 modified_by(예: sha256$HND0002_a1b2c3d4) 및 수정 타임스탬프를 보존하여 불변 감사 레코드를 생성한다.",
            "id": "sample_064_0010_000012",
            "annotations": [
                {
                    "word": "sha256$HND0002_a1b2c3d4",
                    "start": 49,
                    "end": 72,
                    "label": "개인정보"
                }
            ]
        },
        {
            "sentence": "온도 모니터링 요약: 고주기 로그는 원본 아카이브로 이관하고, 운영 DB에는 이상 이벤트만 요약하여 저장하는 정책을 적용한다.",
            "id": "sample_064_0010_000013",
            "annotations": []
        },
        {
            "sentence": "온도 이상 이벤트 예: 2024-06-01T02:15:00Z에 Freezer_A1의 측정값이 -75.2°C로 임계값을 초과하여 격리 및 알림 프로세스가 자동화되었다.",
            "id": "sample_064_0010_000014",
            "annotations": []
        },
        {
            "sentence": "QC 보고서 예시: sample_barcode: sha256$BC0001_d1e2f3a4의 RIN: 7.8, concentration: 45.2 ng/µL, QC_status: PASS, 관련 파일은 QC_report.json에 연결된다.",
            "id": "sample_064_0010_000015",
            "annotations": [
                {
                    "word": "sha256$BC0001_d1e2f3a4",
                    "start": 27,
                    "end": 49,
                    "label": "개인정보"
                }
            ]
        },
        {
            "sentence": "무결성 검증: QC_report.json의 체크섬 예시 sha256$qc_9f8e7d 를 메타데이터에 저장하고 레코드 버전 관리를 적용한다.",
            "id": "sample_064_0010_000016",
            "annotations": []
        },
        {
            "sentence": "배포 요청서 예시: requester_id: sha256$REQ0001_b1c2d3e4, project_code: PRJ-2024-09, 요청일시: 2024-09-10T10:00:00Z, 요청된 샘플 목록 및 consent 범위 검토 포함.",
            "id": "sample_064_0010_000017",
            "annotations": [
                {
                    "word": "sha256$REQ0001_b1c2d3e4",
                    "start": 25,
                    "end": 48,
                    "label": "개인정보"
                },
                {
                    "word": "PRJ-2024-09",
                    "start": 64,
                    "end": 75,
                    "label": "기밀정보"
                }
            ]
        },
        {
            "sentence": "배포 승인 기록 예: approval_by: sha256$REV0001_c1d2e3f4, approval_time: 2024-09-12T15:30:00Z, 배포시 MTA 조건과 수출 규정 준수 여부를 재확인한다.",
            "id": "sample_064_0010_000018",
            "annotations": [
                {
                    "word": "sha256$REV0001_c1d2e3f4",
                    "start": 25,
                    "end": 48,
                    "label": "개인정보"
                }
            ]
        },
        {
            "sentence": "저장 맵 예시: storage_map.xls에는 Freezer_A1, rack03, box12, position07과 같은 물리위치 매핑이 포함되며 바코드와 DB 동기화를 검증한다.",
            "id": "sample_064_0010_000019",
            "annotations": []
        },
        {
            "sentence": "비식별화 맵: deidentification_map.json은 해시화된 식별자와 내부 인덱스 매핑을 포함하지만 원본 식별자는 별도 보안 금고(예: vault.biobank.internal, 백업서버 IP: 10.10.33.5)에만 보관된다.",
            "id": "sample_064_0010_000020",
            "annotations": [
                {
                    "word": "vault.biobank.internal",
                    "start": 82,
                    "end": 104,
                    "label": "기밀정보"
                },
                {
                    "word": "10.10.33.5",
                    "start": 115,
                    "end": 125,
                    "label": "기밀정보"
                }
            ]
        },
        {
            "sentence": "접근 통제: 데이터 접근 요청은 contact_id: sha256$CNT0001_d4e5f6a7로 접수되며 프로젝트·목적별 권한 심사를 통해 최소 권한 원칙을 적용한다.",
            "id": "sample_064_0010_000021",
            "annotations": [
                {
                    "word": "sha256$CNT0001_d4e5f6a7",
                    "start": 30,
                    "end": 53,
                    "label": "개인정보"
                }
            ]
        },
        {
            "sentence": "보존·폐기 정책: 법적 보관기간은 샘플 유형별로 명시(예: 임상 관련 시료 15년)하며 보존기간 경과 시 폐기 절차가 자동 트리거된다.",
            "id": "sample_064_0010_000022",
            "annotations": []
        },
        {
            "sentence": "폐기 절차: 폐기 전 재사용 가능성, IRB 및 MTA 조건을 재검토하고 생물안전 규정에 따라 분류·멸균·폐기 로그를 보관한다.",
            "id": "sample_064_0010_000023",
            "annotations": []
        },
        {
            "sentence": "감사 로그 원칙: 모든 레코드 변경은 이전값, 변경자(해시화된 식별자), 변경시각, 버전번호(v1.3 등)를 보존하여 체인오브커스터디 무결성을 보장한다.",
            "id": "sample_064_0010_000024",
            "annotations": []
        },
        {
            "sentence": "파일 무결성: sample_manifest.csv의 체크섬(예: sha256$manifest_a1b2)과 파일 버전 정보를 메타데이터에 저장하여 무결성 검증을 수행한다.",
            "id": "sample_064_0010_000025",
            "annotations": []
        },
        {
            "sentence": "규정 준수: 본 시스템은 GDPR 및 HIPAA 원칙을 반영하며 윤리위원회 승인 참조번호 IRB-2024-07을 기록하고 관련 요구사항을 적용한다.",
            "id": "sample_064_0010_000026",
            "annotations": [
                {
                    "word": "IRB-2024-07",
                    "start": 50,
                    "end": 61,
                    "label": "기밀정보"
                }
            ]
        },
        {
            "sentence": "보안·사고 대응: 보안 사고 발생 시 격리 절차와 에스컬레이션 라인을 시행하며 관련 연락처는 해시화된 식별자와 내부 연동으로 관리한다.",
            "id": "sample_064_0010_000027",
            "annotations": []
        },
        {
            "sentence": "결론 및 조치항목: 데이터 접근 정책 검토, 아카이빙 비용 최적화, SOP 교육 실시, MTA 조건 이행 점검을 차기 운영회의 의제로 상정한다.",
            "id": "sample_064_0010_000028",
            "annotations": []
        }
    ]
}