{
    "document_id": "064_0021",
    "document_title": "바이오뱅크 전주기 시료관리 및 운영 매뉴얼(운영현황 포함)",
    "data": [
        {
            "sentence": "본 문서는 바이오뱅크 및 생체시료 관리의 운영 체계와 관련 파일 목록, 규정 준수 현황을 종합하여 기술한다.",
            "id": "sample_064_0021_000001",
            "annotations": []
        },
        {
            "sentence": "문서 식별자는 064_0021로 고정하며 내부 버전관리는 v2.4로 표기한다.",
            "id": "sample_064_0021_000002",
            "annotations": []
        },
        {
            "sentence": "필수 포함 파일 목록에는 sample_manifest.csv, consent_form.pdf, SOP_document.pdf, chain_of_custody_log.csv, temperature_log.csv 등이 명시되어 있다.",
            "id": "sample_064_0021_000003",
            "annotations": []
        },
        {
            "sentence": "각 시료의 기증자 식별은 원본 PII를 출력하지 않고 익명화된 제공자 식별자(participant_id)만 사용하며 예시 형식은 pid_sha256$salty$7f3a9c 이다.",
            "id": "sample_064_0021_000004",
            "annotations": [
                {
                    "word": "pid_sha256$salty$7f3a9c",
                    "start": 72,
                    "end": 95,
                    "label": "개인정보"
                }
            ]
        },
        {
            "sentence": "데이터 스키마는 준식별자 필드로 성별, 출생일, 행정구역(시/군/구) 등을 포함하도록 설계되었다.",
            "id": "sample_064_0021_000005",
            "annotations": []
        },
        {
            "sentence": "샘플 메타데이터 예시에는 sex: Female 및 birth_date: 1978-03-22 가 합성 규칙에 따라 포함된다.",
            "id": "sample_064_0021_000006",
            "annotations": [
                {
                    "word": "Female",
                    "start": 19,
                    "end": 25,
                    "label": "준식별자"
                },
                {
                    "word": "1978-03-22",
                    "start": 40,
                    "end": 50,
                    "label": "준식별자"
                }
            ]
        },
        {
            "sentence": "거주지는 행정구역 단위로 분리하여 기록하며 예시로 서울특별시, 종로구 가 사용된다.",
            "id": "sample_064_0021_000007",
            "annotations": [
                {
                    "word": "서울특별시",
                    "start": 28,
                    "end": 33,
                    "label": "준식별자"
                },
                {
                    "word": "종로구",
                    "start": 35,
                    "end": 38,
                    "label": "준식별자"
                }
            ]
        },
        {
            "sentence": "물리적 라벨과 바코드는 직접 식별 가능하므로 원본 바코드는 해시로 대체하며 예시: barcode_sha256$4a1f6b 로 표기한다.",
            "id": "sample_064_0021_000008",
            "annotations": [
                {
                    "word": "barcode_sha256$4a1f6b",
                    "start": 46,
                    "end": 67,
                    "label": "개인정보"
                }
            ]
        },
        {
            "sentence": "체인오브커스터디 로그는 변경 불가(audit trail)로 저장하며 레코드 수정 시 이전값과 수정자, 타임스탬프를 반드시 보존한다.",
            "id": "sample_064_0021_000009",
            "annotations": []
        },
        {
            "sentence": "체인오브커스터디 로그 예시는 custody_record_id: cid_sha256$9b2d01 형식의 익명화 식별자와 서명 메타데이터를 포함한다.",
            "id": "sample_064_0021_000010",
            "annotations": [
                {
                    "word": "cid_sha256$9b2d01",
                    "start": 35,
                    "end": 52,
                    "label": "개인정보"
                }
            ]
        },
        {
            "sentence": "온도 모니터링은 ISO8601 타임스탬프와 °C 단위를 사용하며 시계열은 누락 없이 순서대로 기록한다.",
            "id": "sample_064_0021_000011",
            "annotations": []
        },
        {
            "sentence": "온도 로그 샘플 항목으로 2025-01-15T03:15:00Z, -80°C; 2025-01-15T03:30:00Z, -79.5°C 와 같이 표기한다.",
            "id": "sample_064_0021_000012",
            "annotations": [
                {
                    "word": "2025-01-15T03:15:00Z",
                    "start": 14,
                    "end": 34,
                    "label": "준식별자"
                },
                {
                    "word": "2025-01-15T03:30:00Z",
                    "start": 43,
                    "end": 63,
                    "label": "준식별자"
                }
            ]
        },
        {
            "sentence": "고주기 원시 온도·위치 로그는 비용 최적화를 위해 이상 이벤트만 요약 저장하고 원본은 오프사이트 아카이브 정책에 따라 보존한다.",
            "id": "sample_064_0021_000013",
            "annotations": []
        },
        {
            "sentence": "동의서(consent_form.pdf) 메타데이터에는 재사용 범위, 상업적 이용 가능 여부, 동의 기한 등을 구조화 필드로 명시한다.",
            "id": "sample_064_0021_000014",
            "annotations": []
        },
        {
            "sentence": "동의 메타데이터 예시로 consent_scope: research_only, commercial_use: false, consent_expiry: 2030-12-31 를 포함한다.",
            "id": "sample_064_0021_000015",
            "annotations": [
                {
                    "word": "2030-12-31",
                    "start": 82,
                    "end": 92,
                    "label": "준식별자"
                }
            ]
        },
        {
            "sentence": "물질이전계약(MTA) 메타데이터는 수신기관, 사용제한, 반환조건 및 수출통제 표시를 기록하며 예시로 수신기관: UnivBio 를 명시할 수 있다.",
            "id": "sample_064_0021_000016",
            "annotations": [
                {
                    "word": "UnivBio",
                    "start": 62,
                    "end": 69,
                    "label": "기밀정보"
                }
            ]
        },
        {
            "sentence": "distribution_request_form.json에는 요청자ID, 프로젝트 목적, 사용기간, 요청날짜 등이 포함되어 접근 권한과 매핑된다.",
            "id": "sample_064_0021_000017",
            "annotations": []
        },
        {
            "sentence": "요청자 식별자는 실제 이메일·전화 대신 pseudonym_user$ac12 같은 의사식별자(pseudonym)를 사용하여 내부 매핑과 연동한다.",
            "id": "sample_064_0021_000018",
            "annotations": [
                {
                    "word": "pseudonym_user$ac12",
                    "start": 22,
                    "end": 41,
                    "label": "개인정보"
                }
            ]
        },
        {
            "sentence": "storage_map.xls 은 냉동고 ID, 랙, 셸프 좌표를 포함하며 냉동고 예시는 FRIDGE-01, 랙 R-A12 등으로 표기된다.",
            "id": "sample_064_0021_000019",
            "annotations": []
        },
        {
            "sentence": "QC_report.json 은 RNA integrity(RIN), 오염도, 측정값의 단위 및 각 파일의 체크섬을 포함하도록 규격화되어 있다.",
            "id": "sample_064_0021_000020",
            "annotations": []
        },
        {
            "sentence": "체크섬 예시는 sha256:3a7e8d5f879b8a2b4c1c 형식으로 모든 데이터 파일과 연동하여 무결성 검증에 사용한다.",
            "id": "sample_064_0021_000021",
            "annotations": []
        },
        {
            "sentence": "접근 로그는 연구자별·프로젝트별로 분리 저장하며 누가 언제 어떤 레코드를 접근했는지 감사 가능하게 기록한다.",
            "id": "sample_064_0021_000022",
            "annotations": []
        },
        {
            "sentence": "접근 로그 샘플 항목으로 user_account: svc_biobank, access_time: 2025-01-16T09:22:10Z, record_id: sample_064_0021_000045 등이 포함된다.",
            "id": "sample_064_0021_000023",
            "annotations": [
                {
                    "word": "svc_biobank",
                    "start": 28,
                    "end": 39,
                    "label": "기밀정보"
                },
                {
                    "word": "2025-01-16T09:22:10Z",
                    "start": 54,
                    "end": 74,
                    "label": "준식별자"
                },
                {
                    "word": "sample_064_0021_000045",
                    "start": 87,
                    "end": 109,
                    "label": "개인정보"
                }
            ]
        },
        {
            "sentence": "SOP_document.pdf 는 프로토콜 버전관리와 호환성 지침을 포함하며 현재 적용 버전은 v1.3.2, 개정일은 2024-11-20 이다.",
            "id": "sample_064_0021_000024",
            "annotations": [
                {
                    "word": "2024-11-20",
                    "start": 66,
                    "end": 76,
                    "label": "준식별자"
                }
            ]
        },
        {
            "sentence": "시료 유효기간 관리는 법적 보관기간을 반영하여 expiry_date 필드로 관리하고 폐기 절차는 자동화된 승인 플로우를 따른다.",
            "id": "sample_064_0021_000025",
            "annotations": []
        },
        {
            "sentence": "폐기 예시 항목으로 sample_expiry: 2029-05-31 를 기록하며 폐기 시점과 처리자 정보는 불변 로그에 저장한다.",
            "id": "sample_064_0021_000026",
            "annotations": [
                {
                    "word": "2029-05-31",
                    "start": 26,
                    "end": 36,
                    "label": "준식별자"
                }
            ]
        },
        {
            "sentence": "고주기 로그의 장기보존 정책은 1년치 원본을 아카이브로 이동한 후 요약 로그만 온라인에 유지하여 저장비용을 최적화한다.",
            "id": "sample_064_0021_000027",
            "annotations": []
        },
        {
            "sentence": "보안 및 규정 준수 항목은 GDPR, HIPAA 및 국내법을 반영하며 윤리심의 승인번호 예시는 ERB-2024-045 로 표기한다.",
            "id": "sample_064_0021_000028",
            "annotations": [
                {
                    "word": "ERB-2024-045",
                    "start": 53,
                    "end": 65,
                    "label": "기밀정보"
                }
            ]
        },
        {
            "sentence": "데이터 무결성 검증을 위해 모든 결과 파일에 SHA256 체크섬을 기록하고 레코드별 버전 관리와 변경 이력을 보존한다.",
            "id": "sample_064_0021_000029",
            "annotations": []
        },
        {
            "sentence": "deidentification_map.json 은 해시 매핑 정책, 솔트 관리 규정 및 접근 제어 정책을 포함하되 원본 매핑은 엄격히 제한된 권한 하에 보관한다.",
            "id": "sample_064_0021_000030",
            "annotations": []
        }
    ]
}