{
    "document_id": "064_0091",
    "document_title": "바이오뱅크 시료관리·체인오브커스터디 및 규정 문서",
    "data": [
        {
            "sentence": "본 문서는 바이오뱅크의 시료 수집·처리·보관·배포·폐기 전 주기 관리를 위한 통합 운영 매뉴얼 및 레지스트리 요약본입니다.",
            "id": "sample_064_0091_000001",
            "annotations": []
        },
        {
            "sentence": "문서 패키지는 sample_manifest.csv, consent_form.pdf(메타데이터 포함), SOP_document.pdf, chain_of_custody_log.csv, temperature_log.csv, QC_report.json, material_transfer_agreement.pdf, distribution_request_form.json, storage_map.xls, deidentification_map.json으로 구성됩니다.",
            "id": "sample_064_0091_000002",
            "annotations": []
        },
        {
            "sentence": "sample_manifest.csv 항목에는 sample_id, participant_id(hashed), sample_barcode, matrix(혈액/조직/세포 등), aliquot 정보, 채혈일시 및 채혈장소가 포함됩니다.",
            "id": "sample_064_0091_000003",
            "annotations": [
                {
                    "word": "채혈일시",
                    "start": 108,
                    "end": 112,
                    "label": "준식별자"
                }
            ]
        },
        {
            "sentence": "예시 데이터: participant_id: sha256$pepper$3f8a9b7c6d5e4f2a1b0c9d8e7f6a5b4c3d2e1f0a4b6c8d9e0f1a2b3c4d5e6f7, sample_barcode: BC-20250110-0001.",
            "id": "sample_064_0091_000004",
            "annotations": [
                {
                    "word": "sha256$pepper$3f8a9b7c6d5e4f2a1b0c9d8e7f6a5b4c3d2e1f0a4b6c8d9e0f1a2b3c4d5e6f7",
                    "start": 24,
                    "end": 101,
                    "label": "개인정보"
                },
                {
                    "word": "BC-20250110-0001",
                    "start": 119,
                    "end": 135,
                    "label": "개인정보"
                },
                {
                    "word": "participant_id: sha256$pepper$3f8a9b7c6d5e4f2a1b0c9d8e7f6a5b4c3d2e1f0a4b6c8d9e0f1a2b3c4d5e6f7",
                    "start": 8,
                    "end": 101,
                    "label": "개인정보"
                }
            ]
        },
        {
            "sentence": "채혈일시 및 처리일시는 ISO8601 표준으로 기록하며 예: 2025-01-10T09:30:00+09:00 형식을 사용해 연속성 및 시계열 무결성을 보장합니다.",
            "id": "sample_064_0091_000005",
            "annotations": [
                {
                    "word": "2025-01-10T09:30:00+09:00",
                    "start": 34,
                    "end": 59,
                    "label": "준식별자"
                }
            ]
        },
        {
            "sentence": "채혈장소는 시·군/구 레벨로 표기하며 예시로 '성남시 분당구'와 같이 지역 단위를 구분해 준식별자 관리 규정을 준수합니다.",
            "id": "sample_064_0091_000006",
            "annotations": [
                {
                    "word": "성남시",
                    "start": 26,
                    "end": 29,
                    "label": "준식별자"
                },
                {
                    "word": "분당구",
                    "start": 30,
                    "end": 33,
                    "label": "준식별자"
                }
            ]
        },
        {
            "sentence": "체인오브커스터디 로그(chain_of_custody_log.csv)는 불변성(audit trail)을 유지하며 각 행은 타임스탬프, 이전값, 변경자_id(hashed), 조치사유를 보존합니다.",
            "id": "sample_064_0091_000007",
            "annotations": []
        },
        {
            "sentence": "체인오브커스터디 변경자 예시: handler_id: sha256$pepper$9d7c8b6a5f4e3d2c1b0a9e8d7c6b5a4f3e2d1c0b8a7f6e5d4c3b2a1e0f9d8c7.",
            "id": "sample_064_0091_000008",
            "annotations": [
                {
                    "word": "sha256$pepper$9d7c8b6a5f4e3d2c1b0a9e8d7c6b5a4f3e2d1c0b8a7f6e5d4c3b2a1e0f9d8c7",
                    "start": 29,
                    "end": 106,
                    "label": "개인정보"
                },
                {
                    "word": "handler_id: sha256$pepper$9d7c8b6a5f4e3d2c1b0a9e8d7c6b5a4f3e2d1c0b8a7f6e5d4c3b2a1e0f9d8c7",
                    "start": 17,
                    "end": 106,
                    "label": "개인정보"
                }
            ]
        },
        {
            "sentence": "온도모니터링은 고주기(초단위) 원본을 내부 아카이브에 저장하고, 운영 DB에는 이상 이벤트만 요약해 저장하는 압축·요약 정책을 적용합니다.",
            "id": "sample_064_0091_000009",
            "annotations": []
        },
        {
            "sentence": "temperature_log.csv 예시(연속 시계열 요약): 2025-01-10T08:00:00+09:00,-80°C; 2025-01-10T12:00:00+09:00,-80°C; 2025-01-10T16:30:12+09:00,-60°C(이상).",
            "id": "sample_064_0091_000010",
            "annotations": [
                {
                    "word": "2025-01-10T08:00:00+09:00",
                    "start": 35,
                    "end": 60,
                    "label": "준식별자"
                },
                {
                    "word": "2025-01-10T12:00:00+09:00",
                    "start": 68,
                    "end": 93,
                    "label": "준식별자"
                },
                {
                    "word": "2025-01-10T16:30:12+09:00",
                    "start": 101,
                    "end": 126,
                    "label": "준식별자"
                },
                {
                    "word": "-80°C",
                    "start": 61,
                    "end": 66,
                    "label": "일반정보"
                },
                {
                    "word": "-80°C",
                    "start": 94,
                    "end": 99,
                    "label": "일반정보"
                },
                {
                    "word": "-60°C",
                    "start": 127,
                    "end": 132,
                    "label": "일반정보"
                }
            ]
        },
        {
            "sentence": "온도 이탈 이벤트 발생 시 해당 시료는 자동으로 격리(Quarantine) 처리되며 관련 체인오브커스터디와 격리 해제 로그를 연동해 기록합니다.",
            "id": "sample_064_0091_000011",
            "annotations": []
        },
        {
            "sentence": "QC_report.json은 RIN, purity(A260/A280), fragment size 분포, 오염도 지표 등 표준화된 품질지표를 포함하며 각 항목은 측정법과 로트번호를 명시합니다.",
            "id": "sample_064_0091_000012",
            "annotations": []
        },
        {
            "sentence": "QC 예시값(합성): RIN:7.8, A260/A280:1.85, fragment_median: 320nt, assay_version: LOINC-2023-v1으로 표준 코드를 함께 기재합니다.",
            "id": "sample_064_0091_000013",
            "annotations": [
                {
                    "word": "RIN:7.8",
                    "start": 12,
                    "end": 19,
                    "label": "일반정보"
                }
            ]
        },
        {
            "sentence": "material_transfer_agreement.pdf 메타데이터에는 MTA_ID, 허용된 재사용 범위, 상업적 이용 허용 여부, 반환 또는 폐기 조건, 수출통제 및 생물안전성 제한 조항이 포함됩니다.",
            "id": "sample_064_0091_000014",
            "annotations": []
        },
        {
            "sentence": "배포요청(distribution_request_form.json)에는 요청자_id(hashed), 소속(기관 코드), 프로젝트 코드, 목적별 승인범위 및 관련 MTA_ID가 포함되며 승인은 목적기반 접근 제어로 처리됩니다.",
            "id": "sample_064_0091_000015",
            "annotations": []
        },
        {
            "sentence": "배포요청 예시에서 요청자_id: sha256$pepper$4a3b2c1d0e9f8a7b6c5d4e3f2a1b0c9d8e7f6a5b4c3d2e1f0a9b8c7d6e5f4a3.",
            "id": "sample_064_0091_000016",
            "annotations": [
                {
                    "word": "sha256$pepper$4a3b2c1d0e9f8a7b6c5d4e3f2a1b0c9d8e7f6a5b4c3d2e1f0a9b8c7d6e5f4a3",
                    "start": 18,
                    "end": 95,
                    "label": "개인정보"
                }
            ]
        },
        {
            "sentence": "storage_map.xls은 Freezer, Rack, Shelf, Box, Position 좌표를 표준화된 고유 코드로 관리하며 예: FZ-01/S3/B12/P05 형식을 사용합니다.",
            "id": "sample_064_0091_000017",
            "annotations": [
                {
                    "word": "FZ-01/S3/B12/P05",
                    "start": 77,
                    "end": 93,
                    "label": "일반정보"
                }
            ]
        },
        {
            "sentence": "deidentification_map.json은 원식별자와 해시값 매핑을 보관하나 원식별자는 문서에 직접 포함하지 않으며, 매핑 접근은 KMS 기반의 권한이 있어야만 가능합니다.",
            "id": "sample_064_0091_000018",
            "annotations": [
                {
                    "word": "deidentification_map.json",
                    "start": 0,
                    "end": 25,
                    "label": "기밀정보"
                }
            ]
        },
        {
            "sentence": "무결성 검증을 위해 각 레코드에 SHA256 checksum과 레코드 버전(version: v1,v2...)을 포함하며 변경 시 이전값과 변경자, 변경시간을 보존합니다.",
            "id": "sample_064_0091_000019",
            "annotations": []
        },
        {
            "sentence": "접근로그는 연구자별·프로젝트별·목적별로 분리 보관되며 감사(audit) 목적의 쿼리 로그와 승인 히스토리를 7년 이상 보존합니다.",
            "id": "sample_064_0091_000020",
            "annotations": []
        },
        {
            "sentence": "법적 보존기간과 폐기절차는 관련 법령(GDPR/HIPAA/국내법 포함)에 따라 샘플 유형별로 보존기간을 명시하고 폐기 시점과 방법을 자동화해 기록합니다.",
            "id": "sample_064_0091_000021",
            "annotations": []
        },
        {
            "sentence": "표준용어집 매핑은 SNOMED CT, LOINC, ICD-10을 우선 적용하며 내부 코드와 병행 사용 시 매핑테이블을 함께 배포합니다.",
            "id": "sample_064_0091_000022",
            "annotations": []
        },
        {
            "sentence": "바코드·QR 기반 물리 추적은 스캐너 이벤트와 DB 동기화를 실시간으로 검증하며 불일치 이벤트는 자동으로 체인오브커스터디 검증 요청을 생성합니다.",
            "id": "sample_064_0091_000023",
            "annotations": []
        },
        {
            "sentence": "시료 메타데이터 예시: aliquot_volume: 500µL, matrix: EDTA plasma, storage_coord: FZ-01/S3/B12/P05, sex: 남성, age_group: 50-59.",
            "id": "sample_064_0091_000024",
            "annotations": [
                {
                    "word": "sex: 남성",
                    "start": 90,
                    "end": 97,
                    "label": "준식별자"
                }
            ]
        },
        {
            "sentence": "데이터베이스 및 내부 시스템 관련 기밀정보는 별도 분류로 관리하며 예시 경로는 /srv/biobank/internal/db(접근통제 필요)와 같이 문서화합니다.",
            "id": "sample_064_0091_000025",
            "annotations": [
                {
                    "word": "/srv/biobank/internal/db",
                    "start": 44,
                    "end": 68,
                    "label": "기밀정보"
                }
            ]
        },
        {
            "sentence": "변경 불가 로그(immutable ledger)는 레코드 수정 시 이전값을 보존하고 변경자_id(hashed) 및 변경타임스탬프를 함께 기록함으로써 진위 검증을 지원합니다.",
            "id": "sample_064_0091_000026",
            "annotations": []
        },
        {
            "sentence": "비식별화 절차는 솔트(salt)를 사용한 해싱을 적용하며 솔트는 안전한 KMS에 보관되므로 문서에는 솔트 원문을 포함하지 않습니다.",
            "id": "sample_064_0091_000027",
            "annotations": []
        },
        {
            "sentence": "데이터 접근은 역할기반 접근제어(RBAC)로 운용하며 승인자 승인 히스토리는 감사용으로 저장됩니다(승인자_id는 hashed 형태로 표기).",
            "id": "sample_064_0091_000028",
            "annotations": []
        },
        {
            "sentence": "SOP 버전 관리 규칙: major.minor.patch 형식을 사용하며 프로토콜 변경 시 호환성 주석과 이전 버전의 적용 범위를 명시합니다.",
            "id": "sample_064_0091_000029",
            "annotations": []
        },
        {
            "sentence": "실무적 조치 항목: 1) deidentification_map 접근권한 검토, 2) 온도 이탈 경보 정책 점검, 3) MTA 재검토 및 수출통제 항목 업데이트, 4) 연례 감사를 위한 접근로그 백업.",
            "id": "sample_064_0091_000030",
            "annotations": []
        }
    ]
}