{
    "document_id": "064_0017",
    "document_title": "바이오뱅크 및 생체시료 관리 운영 지침서",
    "data": [
        {
            "sentence": "바이오뱅크 운영 문서: '바이오뱅크 및 생체시료 관리 운영 지침' (문서ID: 064_0017).",
            "id": "sample_064_0017_000001",
            "annotations": []
        },
        {
            "sentence": "소개: 본 문서는 인간 유래 시료의 수집부터 폐기까지 전 주기 관리 정책과 관련 파일을 설명합니다.",
            "id": "sample_064_0017_000002",
            "annotations": []
        },
        {
            "sentence": "포함 파일 목록: sample_manifest.csv, consent_form.pdf, SOP_document.pdf, chain_of_custody_log.csv, temperature_log.csv, QC_report.json, material_transfer_agreement.pdf, distribution_request_form.json, storage_map.xls, deidentification_map.json.",
            "id": "sample_064_0017_000003",
            "annotations": []
        },
        {
            "sentence": "데이터 보안 원칙: 모든 개인식별정보는 해시(salt 포함) 형태로 저장되며 원본 값은 제거됩니다.",
            "id": "sample_064_0017_000004",
            "annotations": []
        },
        {
            "sentence": "샘플 인벤토리 샘플 레코드는 다음 필드를 포함합니다: sample_id_hash, donor_id_hash, sample_barcode_hash, sex, birth_year, birth_month, birth_day, city, height_cm, weight_kg, blood_type.",
            "id": "sample_064_0017_000005",
            "annotations": []
        },
        {
            "sentence": "예시 레코드: sample_id_hash: sha256$1a2b3c4d5e6f7a8b9c0d1e2f3a4b5c6d7e8f9a0b1c2d3e4f5a6b7c8d9e0f1a2 donor_id_hash: sha256$0f1e2d3c4b5a69788766554433221100 sample_barcode_hash: sha256$a1b2c3d4e5f60718293a4b5c6d7e8f90.",
            "id": "sample_064_0017_000006",
            "annotations": [
                {
                    "word": "sample_id_hash: sha256$1a2b3c4d5e6f7a8b9c0d1e2f3a4b5c6d7e8f9a0b1c2d3e4f5a6b7c8d9e0f1a2",
                    "start": 8,
                    "end": 94,
                    "label": "개인정보"
                },
                {
                    "word": "donor_id_hash: sha256$0f1e2d3c4b5a69788766554433221100",
                    "start": 95,
                    "end": 149,
                    "label": "개인정보"
                },
                {
                    "word": "sample_barcode_hash: sha256$a1b2c3d4e5f60718293a4b5c6d7e8f90",
                    "start": 150,
                    "end": 210,
                    "label": "개인정보"
                }
            ]
        },
        {
            "sentence": "예시 레코드(연속): sex: M, birth_year: 1983, birth_month: 05, birth_day: 12, city: 서울특별시, height_cm: 175, weight_kg: 72, blood_type: A+.",
            "id": "sample_064_0017_000007",
            "annotations": [
                {
                    "word": "sex: M",
                    "start": 12,
                    "end": 18,
                    "label": "준식별자"
                },
                {
                    "word": "birth_year: 1983",
                    "start": 20,
                    "end": 36,
                    "label": "준식별자"
                },
                {
                    "word": "birth_month: 05",
                    "start": 38,
                    "end": 53,
                    "label": "준식별자"
                },
                {
                    "word": "birth_day: 12",
                    "start": 55,
                    "end": 68,
                    "label": "준식별자"
                },
                {
                    "word": "city: 서울특별시",
                    "start": 70,
                    "end": 81,
                    "label": "준식별자"
                },
                {
                    "word": "height_cm: 175",
                    "start": 83,
                    "end": 97,
                    "label": "준식별자"
                },
                {
                    "word": "weight_kg: 72",
                    "start": 99,
                    "end": 112,
                    "label": "준식별자"
                },
                {
                    "word": "blood_type: A+",
                    "start": 114,
                    "end": 128,
                    "label": "준식별자"
                }
            ]
        },
        {
            "sentence": "온도·시간 기록은 ISO8601 형식과 섭씨 단위를 사용합니다.",
            "id": "sample_064_0017_000008",
            "annotations": []
        },
        {
            "sentence": "온도 로그 예시: 2025-01-15T02:15:00Z, -80°C; 2025-01-15T02:20:00Z, -80°C; 이상 이벤트: 2025-01-16T14:10:00Z, -52°C.",
            "id": "sample_064_0017_000009",
            "annotations": []
        },
        {
            "sentence": "SOP 문서 메타데이터: SOP_ID: SOP_v2.3, 작성일: 2024-10-01, 승인문서 경로는 내부 아카이브에 보관됩니다.",
            "id": "sample_064_0017_000010",
            "annotations": []
        },
        {
            "sentence": "체인오브커스터디 로그 항목 예시: event_id, timestamp, location_code, handler_id, action, previous_checksum, new_checksum.",
            "id": "sample_064_0017_000011",
            "annotations": []
        },
        {
            "sentence": "체인오브커스터디 예시 레코드: event_id: ev_000123, timestamp: 2025-02-10T09:30:00Z, location_code: FZ-1A, handler_id_hash: sha256$fedcba9876543210, action: transfer.",
            "id": "sample_064_0017_000012",
            "annotations": [
                {
                    "word": "handler_id_hash: sha256$fedcba9876543210",
                    "start": 93,
                    "end": 133,
                    "label": "개인정보"
                }
            ]
        },
        {
            "sentence": "체인오브커스터디 변경 불가 정책: 모든 변경은 버전으로 보존되며 이전 값과 수정자, 타임스탬프는 이력에 남습니다.",
            "id": "sample_064_0017_000013",
            "annotations": []
        },
        {
            "sentence": "접근 통제 예시: project_access: {project_id: PRJ-2024-01, researcher_role: '분석자', access_level: read_only, granted_by: admin_01}.",
            "id": "sample_064_0017_000014",
            "annotations": [
                {
                    "word": "granted_by: admin_01",
                    "start": 101,
                    "end": 121,
                    "label": "기밀정보"
                }
            ]
        },
        {
            "sentence": "시스템 보안 메타: internal_server: 10.0.0.5, vault_path: /srv/biobank/prod, backup_schedule: weekly.",
            "id": "sample_064_0017_000015",
            "annotations": [
                {
                    "word": "internal_server: 10.0.0.5",
                    "start": 11,
                    "end": 36,
                    "label": "기밀정보"
                },
                {
                    "word": "vault_path: /srv/biobank/prod",
                    "start": 38,
                    "end": 67,
                    "label": "기밀정보"
                }
            ]
        },
        {
            "sentence": "MTA 메타데이터: MTA_ID: MTA-2024-09, reuse_allowed: false, commercial_use: prohibited, export_control: true.",
            "id": "sample_064_0017_000016",
            "annotations": []
        },
        {
            "sentence": "동의서 메타: consent_scope: '연구비경제적 보상 없음', consent_valid_until: 2034-12-31, recontact_allowed: false.",
            "id": "sample_064_0017_000017",
            "annotations": []
        },
        {
            "sentence": "품질관리 예시: RNA_integrity_number (RIN): 8.2, DNA_yield_ng: 425, contamination_metric: 0.02.",
            "id": "sample_064_0017_000018",
            "annotations": []
        },
        {
            "sentence": "보관 위치 맵핑 예시: storage_unit: LN2_SectionB, rack: R12, box: BX-045, position: A03, legal_retention_period: 15 years.",
            "id": "sample_064_0017_000019",
            "annotations": []
        },
        {
            "sentence": "고주기 로그 정책: 원본 고주기 온도/위치 데이터는 아카이브로 이관하며 요약본만 운영 DB에 저장합니다.",
            "id": "sample_064_0017_000020",
            "annotations": []
        },
        {
            "sentence": "데이터 무결성: 각 레코드는 SHA256 기반 체크섬을 포함하며 record_version과 audit_log를 보관합니다.",
            "id": "sample_064_0017_000021",
            "annotations": []
        },
        {
            "sentence": "폐기 정책: 법적 보관기간 만료 시 폐기 요청을 생성하며 폐기 이벤트는 chain_of_custody_log에 기록됩니다.",
            "id": "sample_064_0017_000022",
            "annotations": []
        },
        {
            "sentence": "분배 요청 예시: distribution_request_id: DR-000987, requester_id_hash: sha256$1234abcd5678ef90, project_id: PRJ-2024-01, purpose: 비상업적 기초연구.",
            "id": "sample_064_0017_000023",
            "annotations": [
                {
                    "word": "requester_id_hash: sha256$1234abcd5678ef90",
                    "start": 46,
                    "end": 88,
                    "label": "개인정보"
                }
            ]
        },
        {
            "sentence": "배포 승인 이력 예시: approved_by: admin_01, approved_at: 2025-02-15T11:00:00Z, MTA_reference: MTA-2024-09.",
            "id": "sample_064_0017_000024",
            "annotations": [
                {
                    "word": "approved_by: admin_01",
                    "start": 13,
                    "end": 34,
                    "label": "기밀정보"
                }
            ]
        },
        {
            "sentence": "익명화 맵 매핑 파일: deidentification_map.json에는 sample_id_hash와 매핑된 원본 대체자(원본은 삭제 또는 암호화)가 기록됩니다.",
            "id": "sample_064_0017_000025",
            "annotations": []
        },
        {
            "sentence": "로그 접근 기록 예시: access_event_id: ae_20250216_0001, user_id_hash: sha256$9f8e7d6c5b4a3210, action: download, object: sample_manifest.csv.",
            "id": "sample_064_0017_000026",
            "annotations": [
                {
                    "word": "user_id_hash: sha256$9f8e7d6c5b4a3210",
                    "start": 48,
                    "end": 85,
                    "label": "개인정보"
                }
            ]
        },
        {
            "sentence": "감사 및 법규 준수: GDPR, HIPAA 및 국내법 기준을 반영하며 윤리심의위원회 승인서와 보존·폐기 증빙을 보관합니다.",
            "id": "sample_064_0017_000027",
            "annotations": []
        },
        {
            "sentence": "결론 및 실행 항목: 제공된 파일과 메타데이터로 시스템 구현을 검증하고, 접근권한과 아카이빙 정책을 즉시 적용하십시오.",
            "id": "sample_064_0017_000028",
            "annotations": []
        }
    ]
}