{
    "document_id": "064_0081",
    "document_title": "바이오뱅크 운영 및 시료관리 절차서(합성 테스트용)",
    "data": [
        {
            "sentence": "이 문서는 바이오뱅크 운영 및 시료관리 절차서의 합성 테스트용 문서이며, 실제 개인 정보는 해시된 식별자만 사용합니다.",
            "id": "sample_064_0081_000001",
            "annotations": []
        },
        {
            "sentence": "목적은 시료의 수집·처리·보관·배포·폐기 전 주기 관리 절차를 표준화하고 감사 가능성을 보장하는 것입니다.",
            "id": "sample_064_0081_000002",
            "annotations": []
        },
        {
            "sentence": "범위는 혈액, 조직, 세포, DNA/RNA 추출물, 배지, 타액 등 인간 유래 시료 전체이며, 동물 유래 시료는 별도 부록을 따릅니다.",
            "id": "sample_064_0081_000003",
            "annotations": []
        },
        {
            "sentence": "개인식별정보는 원본을 제외하며 고유성 유지는 유지하되 salt 포함 해시 식별자만 레코드에 사용합니다.",
            "id": "sample_064_0081_000004",
            "annotations": []
        },
        {
            "sentence": "기증자 레코드 예시: donor_hash: sha256$salt1$A1B2C3 는 영구 식별키 역할을 하되 원본명과 분리됩니다.",
            "id": "sample_064_0081_000005",
            "annotations": [
                {
                    "word": "sha256$salt1$A1B2C3",
                    "start": 24,
                    "end": 43,
                    "label": "개인정보"
                }
            ]
        },
        {
            "sentence": "해당 기증자 메타데이터 예시에는 성별: F 가 합성값으로 표기되어 있습니다.",
            "id": "sample_064_0081_000006",
            "annotations": [
                {
                    "word": "성별: F",
                    "start": 18,
                    "end": 23,
                    "label": "준식별자"
                }
            ]
        },
        {
            "sentence": "동일 레코드의 준식별자 예시로 출생연도: 1984 가 관리필드에 기재됩니다.",
            "id": "sample_064_0081_000007",
            "annotations": [
                {
                    "word": "출생연도: 1984",
                    "start": 17,
                    "end": 27,
                    "label": "준식별자"
                }
            ]
        },
        {
            "sentence": "채혈일시(ISO8601) 예시: 2024-02-10T08:30:00Z 로 시계열 무결성을 확보합니다.",
            "id": "sample_064_0081_000008",
            "annotations": [
                {
                    "word": "2024-02-10T08:30:00Z",
                    "start": 18,
                    "end": 38,
                    "label": "준식별자"
                }
            ]
        },
        {
            "sentence": "채취장소 정보는 행정단위 수준으로 기록합니다; 채취장소: 서울특별시 로 합성 표기합니다.",
            "id": "sample_064_0081_000009",
            "annotations": [
                {
                    "word": "서울특별시",
                    "start": 32,
                    "end": 37,
                    "label": "준식별자"
                }
            ]
        },
        {
            "sentence": "샘플 식별은 바코드 기반으로 수행하며 샘플 바코드: BC-00012345 는 데이터베이스 키로 사용됩니다.",
            "id": "sample_064_0081_000010",
            "annotations": [
                {
                    "word": "BC-00012345",
                    "start": 29,
                    "end": 40,
                    "label": "준식별자"
                }
            ]
        },
        {
            "sentence": "전처리·추출 프로토콜은 SOP_v2.3으로 관리되며 프로토콜 버전과 변경이력은 각 시료에 연결됩니다.",
            "id": "sample_064_0081_000011",
            "annotations": []
        },
        {
            "sentence": "품질관리 기준은 표준화된 LOINC/SNOMED 항목을 우선 사용하며 RIN, 농도, 오염도 등 항목을 포함합니다.",
            "id": "sample_064_0081_000012",
            "annotations": []
        },
        {
            "sentence": "체인오브커스터디 기록에는 operator_hash: sha256$salt_op$Ff12 와 작업자 권한, 서명 해시, 타임스탬프가 포함됩니다.",
            "id": "sample_064_0081_000013",
            "annotations": [
                {
                    "word": "sha256$salt_op$Ff12",
                    "start": 29,
                    "end": 48,
                    "label": "개인정보"
                }
            ]
        },
        {
            "sentence": "체인오브커스터디 수정 시 이전값(previous_owner: sha256$salt_op_prev$9a8)과 수정자 해시, 수정일시를 변경 불가 로그로 보존합니다.",
            "id": "sample_064_0081_000014",
            "annotations": [
                {
                    "word": "sha256$salt_op_prev$9a8",
                    "start": 34,
                    "end": 57,
                    "label": "개인정보"
                }
            ]
        },
        {
            "sentence": "온도·환경 모니터링은 ISO8601 타임스탬프와 °C 단위를 사용하며 시계열은 누락 없이 순차 저장 정책을 따릅니다.",
            "id": "sample_064_0081_000015",
            "annotations": []
        },
        {
            "sentence": "이벤트 예시: 2024-03-01T03:14:00Z 온도 -86.5°C 에서 자동격리 및 이상 이벤트 요약본이 생성되었습니다.",
            "id": "sample_064_0081_000016",
            "annotations": [
                {
                    "word": "2024-03-01T03:14:00Z",
                    "start": 8,
                    "end": 28,
                    "label": "준식별자"
                }
            ]
        },
        {
            "sentence": "장비 자산 식별 예시로 냉동고 일련번호 FREEZER-SN-009 는 내부 자산관리 항목으로 분류됩니다.",
            "id": "sample_064_0081_000017",
            "annotations": [
                {
                    "word": "FREEZER-SN-009",
                    "start": 22,
                    "end": 36,
                    "label": "기밀정보"
                }
            ]
        },
        {
            "sentence": "시스템 연동은 inventory-db 내부 데이터베이스와 동기화하며 접속 서버 server_ip: 10.254.37.12 는 제한 접근 항목입니다.",
            "id": "sample_064_0081_000018",
            "annotations": [
                {
                    "word": "10.254.37.12",
                    "start": 55,
                    "end": 67,
                    "label": "기밀정보"
                }
            ]
        },
        {
            "sentence": "윤리위원회 승인번호: IRB-2024-78 은 시료배포 전 필수 확인 문서로 참조됩니다.",
            "id": "sample_064_0081_000019",
            "annotations": [
                {
                    "word": "IRB-2024-78",
                    "start": 12,
                    "end": 23,
                    "label": "기밀정보"
                }
            ]
        },
        {
            "sentence": "물질이전계약 메타데이터 예시에는 MTA_ID=mta_2025_001 와 재사용·상업적 이용 조건이 명시되어 있습니다.",
            "id": "sample_064_0081_000020",
            "annotations": [
                {
                    "word": "mta_2025_001",
                    "start": 25,
                    "end": 37,
                    "label": "기밀정보"
                }
            ]
        },
        {
            "sentence": "배포 요청 양식 예시에는 연구자 계정 식별자 approver_hash: sha256$salt_ap$bb99 와 프로젝트 목적이 기재됩니다.",
            "id": "sample_064_0081_000021",
            "annotations": [
                {
                    "word": "sha256$salt_ap$bb99",
                    "start": 40,
                    "end": 59,
                    "label": "개인정보"
                }
            ]
        },
        {
            "sentence": "법적 보존기간은 레코드별로 명시되며 예시로 본 시스템은 보존기간 10년 정책을 적용합니다.",
            "id": "sample_064_0081_000022",
            "annotations": []
        },
        {
            "sentence": "접근 제어는 프로젝트별·연구자별·목적별로 세분화되며 모든 접근은 감사 로그로 보존되어 재현성을 보장합니다.",
            "id": "sample_064_0081_000023",
            "annotations": []
        },
        {
            "sentence": "데이터 무결성 검증을 위해 레코드별 체크섬(checksum: sha256$chk$abc123)과 버전 관리 정보를 함께 저장합니다.",
            "id": "sample_064_0081_000024",
            "annotations": [
                {
                    "word": "sha256$chk$abc123",
                    "start": 34,
                    "end": 51,
                    "label": "기밀정보"
                }
            ]
        },
        {
            "sentence": "고주기 원본 온도 로그는 장기간 저장 비용을 고려해 요약본만 운영 DB에 보관하고 원본은 오프사이트 아카이브 정책으로 보존합니다.",
            "id": "sample_064_0081_000025",
            "annotations": []
        },
        {
            "sentence": "본 시스템은 GDPR, HIPAA 및 국내법을 준수하며 개인식별정보·의료정보는 익명화·비식별화 규칙으로 처리됩니다.",
            "id": "sample_064_0081_000026",
            "annotations": []
        }
    ]
}