{
    "document_id": "064_0034",
    "document_title": "바이오뱅크 및 생체시료 관리 운영·감사 문서",
    "data": [
        {
            "sentence": "본 문서는 바이오뱅크 내 시료 수집·처리·보관·배포 및 폐기 전주기 관리의 운영 지침과 감사 증적을 기술한 내부 문서입니다.",
            "id": "sample_064_0034_000001",
            "annotations": []
        },
        {
            "sentence": "본 파일 묶음에는 sample_manifest.csv, consent_form.pdf, SOP_document.pdf, chain_of_custody_log.csv, temperature_log.csv, QC_report.json, material_transfer_agreement.pdf가 포함되어 있습니다.",
            "id": "sample_064_0034_000002",
            "annotations": []
        },
        {
            "sentence": "기증자 식별자는 원본값을 절대 저장하지 않으며, pseudonymization 규칙에 따라 salted SHA256 해시로 저장합니다; 예시 donor_id: sha256$salt01$3f2a1b4c5d6e7f8890abcdef12345678.",
            "id": "sample_064_0034_000003",
            "annotations": [
                {
                    "word": "donor_id: sha256$salt01$3f2a1b4c5d6e7f8890abcdef12345678",
                    "start": 79,
                    "end": 135,
                    "label": "개인정보"
                }
            ]
        },
        {
            "sentence": "시료 메타데이터에는 준식별자 항목이 포함되며 예로 생년월일은 birth_date: 1982-07-15, 성별은 성별: 여성, 주소는 주소_시: 서울특별시 및 주소_구: 중구 형식으로 분리해 기록합니다.",
            "id": "sample_064_0034_000004",
            "annotations": [
                {
                    "word": "birth_date: 1982-07-15",
                    "start": 34,
                    "end": 56,
                    "label": "준식별자"
                },
                {
                    "word": "성별: 여성",
                    "start": 62,
                    "end": 68,
                    "label": "준식별자"
                },
                {
                    "word": "주소_시: 서울특별시",
                    "start": 74,
                    "end": 85,
                    "label": "준식별자"
                },
                {
                    "word": "주소_구: 중구",
                    "start": 88,
                    "end": 96,
                    "label": "준식별자"
                }
            ]
        },
        {
            "sentence": "임상성별·신체정보와 같은 준식별자는 혈액형: O+, 신장_cm: 172, 체중_kg: 68 등 표준 필드로 저장되며 재식별 위험을 완화하기 위한 통계적 익명화가 적용됩니다.",
            "id": "sample_064_0034_000005",
            "annotations": [
                {
                    "word": "혈액형: O+",
                    "start": 20,
                    "end": 27,
                    "label": "준식별자"
                },
                {
                    "word": "신장_cm: 172",
                    "start": 29,
                    "end": 39,
                    "label": "준식별자"
                },
                {
                    "word": "체중_kg: 68",
                    "start": 41,
                    "end": 50,
                    "label": "준식별자"
                }
            ]
        },
        {
            "sentence": "시료 바코드 및 시료 식별자는 개인 재식별을 방지하기 위해 sample_barcode: sha256$salt01$9c3e7a1b2d4f6e8a0b1c2d3e4f5a6b7c 처럼 해시 기반 식별자로 관리합니다.",
            "id": "sample_064_0034_000006",
            "annotations": [
                {
                    "word": "sample_barcode: sha256$salt01$9c3e7a1b2d4f6e8a0b1c2d3e4f5a6b7c",
                    "start": 33,
                    "end": 95,
                    "label": "개인정보"
                }
            ]
        },
        {
            "sentence": "체인오브커스터디 로그는 불가변(audit-only)으로 저장되며, 취급자 항목은 실명 대신 handler_id: sha256$salt02$a1b2c3d4e5f60718293a4b5c6d7e8f90 같은 해시값으로 기재됩니다.",
            "id": "sample_064_0034_000007",
            "annotations": [
                {
                    "word": "handler_id: sha256$salt02$a1b2c3d4e5f60718293a4b5c6d7e8f90",
                    "start": 51,
                    "end": 109,
                    "label": "개인정보"
                }
            ]
        },
        {
            "sentence": "SOP 문서는 SOP_document.pdf로 버전관리하며 예시로 SOP_v2.4를 기본으로 삼고, 버전 간 차이는 문서 내 호환성 표기와 맵핑 테이블로 기술합니다.",
            "id": "sample_064_0034_000008",
            "annotations": []
        },
        {
            "sentence": "온도 로그는 ISO8601 타임스탬프와 ℃ 표기를 준수하며 예시 항목은 2025-01-15T03:12:00Z: -80.0°C, 온도 이상 이벤트는 temperature_alert: 2025-01-15T03:14:05Z -78.3°C로 기록됩니다.",
            "id": "sample_064_0034_000009",
            "annotations": []
        },
        {
            "sentence": "고주기 온도 및 위치 로그는 장기 저장 비용을 절감하기 위해 요약·압축된 이벤트 로그만 활성 데이터베이스에 보관하고, 원본 시계열은 아카이브 정책에 따라 계층 저장소에 유지합니다.",
            "id": "sample_064_0034_000010",
            "annotations": []
        },
        {
            "sentence": "품질관리 리포트는 QC_report.json으로 RIN, 농도, 오염도 등 지표를 포함하며 예시로 RIN: 8.1, A260/280: 1.90 등의 정량 지표를 표준 필드로 제시합니다.",
            "id": "sample_064_0034_000011",
            "annotations": []
        },
        {
            "sentence": "동의서 메타데이터는 consent_form.pdf에 포함되며 동의범위(consent_scope), 동의일자(consent_date: 2020-06-12), 동의만료(consent_expiry: 2030-12-31)를 명시합니다.",
            "id": "sample_064_0034_000012",
            "annotations": [
                {
                    "word": "consent_date: 2020-06-12",
                    "start": 60,
                    "end": 84,
                    "label": "준식별자"
                },
                {
                    "word": "consent_expiry: 2030-12-31",
                    "start": 92,
                    "end": 118,
                    "label": "준식별자"
                }
            ]
        },
        {
            "sentence": "물질이전계약(MTA) 메타데이터는 material_transfer_agreement.pdf에 포함하며 반환조건, 상업적사용 여부, 수출규제(CITES, 수출통제)를 별도 필드로 표기합니다.",
            "id": "sample_064_0034_000013",
            "annotations": []
        },
        {
            "sentence": "분배 요청 서식 distribution_request_form.json에는 요청자 식별자를 해시로 기록하며 예시 requester_id: sha256$salt03$d4e5f6a7b8c90123456789abcdef0123가 사용됩니다.",
            "id": "sample_064_0034_000014",
            "annotations": [
                {
                    "word": "requester_id: sha256$salt03$d4e5f6a7b8c90123456789abcdef0123",
                    "start": 63,
                    "end": 123,
                    "label": "개인정보"
                }
            ]
        },
        {
            "sentence": "storage_map.xls는 냉동고·랙·위치 좌표를 매핑하며 바코드와 실물 위치 동기화 상태를 주기적으로 확인하는 절차를 포함합니다.",
            "id": "sample_064_0034_000015",
            "annotations": []
        },
        {
            "sentence": "익명화 맵은 deidentification_map.json으로 별도 오프라인 키스토어에 보관하고 접근은 엄격히 통제되며, 매핑 테이블 자체는 감사 로그로 기록됩니다.",
            "id": "sample_064_0034_000016",
            "annotations": []
        },
        {
            "sentence": "파일 무결성 검증을 위해 모든 주요 산출물에 대해 체크섬을 생성하며 예시 file_checksum: sha256:5f4dcc3b5aa765d61d8327deb882cf99를 메타데이터로 첨부합니다.",
            "id": "sample_064_0034_000017",
            "annotations": [
                {
                    "word": "file_checksum: sha256:5f4dcc3b5aa765d61d8327deb882cf99",
                    "start": 41,
                    "end": 95,
                    "label": "일반정보"
                }
            ]
        },
        {
            "sentence": "접근 로그는 변경 불가 로그로 보관되며 접근자는 accessor_id: sha256$salt02$a1b2c3d4e5f60718293a4b5c6d7e8f90, 접근일시 2025-01-16T09:30:00Z 형태로 저장됩니다.",
            "id": "sample_064_0034_000018",
            "annotations": [
                {
                    "word": "accessor_id: sha256$salt02$a1b2c3d4e5f60718293a4b5c6d7e8f90",
                    "start": 27,
                    "end": 86,
                    "label": "개인정보"
                }
            ]
        },
        {
            "sentence": "시스템 관련 정보 중 일부는 내부 기밀로 분류되며 예시로 server_ip: 10.0.12.34 및 file_path: /srv/bio_bank/private/manifest.csv 같은 항목은 기밀정보로 취급합니다.",
            "id": "sample_064_0034_000019",
            "annotations": [
                {
                    "word": "server_ip: 10.0.12.34",
                    "start": 32,
                    "end": 53,
                    "label": "기밀정보"
                },
                {
                    "word": "file_path: /srv/bio_bank/private/manifest.csv",
                    "start": 56,
                    "end": 101,
                    "label": "기밀정보"
                }
            ]
        },
        {
            "sentence": "재무·운영 관련 식별자는 기밀로 관리하며 예시 budget_account: ACCT-2024-045와 같은 계정 코드는 권한이 있는 담당자만 조회할 수 있습니다.",
            "id": "sample_064_0034_000020",
            "annotations": [
                {
                    "word": "budget_account: ACCT-2024-045",
                    "start": 26,
                    "end": 55,
                    "label": "기밀정보"
                }
            ]
        },
        {
            "sentence": "윤리심의 승인 정보는 내부 운영정보로 취급하여 IRB_approval: IRB-2023-07-21-001 형식으로 관리하고 승인서 원본은 감사 보관소에 저장됩니다.",
            "id": "sample_064_0034_000021",
            "annotations": [
                {
                    "word": "IRB_approval: IRB-2023-07-21-001",
                    "start": 26,
                    "end": 58,
                    "label": "기밀정보"
                }
            ]
        },
        {
            "sentence": "법적 보존기간과 폐기절차는 retention_period: 10 years 등으로 스키마화되어 있으며 자동 폐기 작업은 SOP에 따라 트리거됩니다.",
            "id": "sample_064_0034_000022",
            "annotations": []
        },
        {
            "sentence": "접근 권한은 역할·프로젝트·목적 기반으로 세분화되며 모든 권한 변경은 감사 로그와 함께 기록되어 추적 가능합니다.",
            "id": "sample_064_0034_000023",
            "annotations": []
        },
        {
            "sentence": "시료 배포 시 동의범위를 자동 대조하여 배포 가능 여부를 판정하고, 상업적 사용 금지나 반환 조건 등 MTA 제약을 분배 프로세스에 적용합니다.",
            "id": "sample_064_0034_000024",
            "annotations": []
        },
        {
            "sentence": "레코드 수정 시에는 이전 값과 수정자 정보가 보존되며 modified_by: sha256$salt02$c7d9e0a1b2c3d4e5f60718293a4b5c6d 및 수정일시를 불변 로그로 남깁니다.",
            "id": "sample_064_0034_000025",
            "annotations": [
                {
                    "word": "modified_by: sha256$salt02$c7d9e0a1b2c3d4e5f60718293a4b5c6d",
                    "start": 30,
                    "end": 89,
                    "label": "개인정보"
                }
            ]
        },
        {
            "sentence": "연구자 식별자는 실명 대신 researcher_id: sha256$salt04$f0e1d2c3b4a5968776655443322110ff 같은 해시를 사용하며, 소속·프로젝트 매핑은 내부 테이블로 관리합니다.",
            "id": "sample_064_0034_000026",
            "annotations": [
                {
                    "word": "researcher_id: sha256$salt04$f0e1d2c3b4a5968776655443322110ff",
                    "start": 15,
                    "end": 76,
                    "label": "개인정보"
                }
            ]
        },
        {
            "sentence": "생년월일 표기는 법적·윤리적 요구에 따라 [년],[월],[일] 단위로 분리 가능하게 저장하되 외부 공개 데이터셋에는 연령대 수준으로 마스킹합니다.",
            "id": "sample_064_0034_000027",
            "annotations": []
        },
        {
            "sentence": "MTA에 반환요구가 없는 시료는 '재사용 허용'으로 표기하고, 반환요구가 있을 경우 배포 기록에 반영되어 물리적 회수 절차를 수행합니다.",
            "id": "sample_064_0034_000028",
            "annotations": []
        },
        {
            "sentence": "기증자 연락처는 원본을 저장하지 않으며 연락처 트래킹은 contact_id: sha256$salt01$f8e7d6c5b4a39281726354433211eeaa 같은 토큰으로만 처리합니다.",
            "id": "sample_064_0034_000029",
            "annotations": [
                {
                    "word": "contact_id: sha256$salt01$f8e7d6c5b4a39281726354433211eeaa",
                    "start": 31,
                    "end": 89,
                    "label": "개인정보"
                }
            ]
        },
        {
            "sentence": "결론적으로 본 시스템은 GDPR·HIPAA·국내 현행법 및 윤리심의 요구사항을 준수하며, 모든 변경은 감사 가능하도록 설계되어 있습니다.",
            "id": "sample_064_0034_000030",
            "annotations": []
        }
    ]
}