{
    "document_id": "064_0035",
    "document_title": "바이오뱅크 및 생체시료 관리 운영 문서 및 로그 요약",
    "data": [
        {
            "sentence": "본 문서는 바이오뱅크의 시료 수집·처리·보관·배포 및 폐기 전 주기 관리를 기술한 운영 문서의 요약본입니다.",
            "id": "sample_064_0035_000001",
            "annotations": []
        },
        {
            "sentence": "문서는 GDPR, HIPAA 및 국내 관련 법규 준수 요구사항과 윤리심의 승인 요건을 우선 반영하도록 설계되었습니다.",
            "id": "sample_064_0035_000002",
            "annotations": []
        },
        {
            "sentence": "본 요약은 sample_manifest.csv, consent_form.pdf, SOP_document.pdf, chain_of_custody_log.csv, temperature_log.csv 등을 포함한 아티팩트 목록을 참조합니다.",
            "id": "sample_064_0035_000003",
            "annotations": []
        },
        {
            "sentence": "모든 개인 식별자는 원문으로 저장하거나 출력하지 않으며 기증자 식별자(해시, salt 포함) 예시로 donor_3f1a9b2e 형태의 고유식별자만 사용합니다.",
            "id": "sample_064_0035_000004",
            "annotations": [
                {
                    "word": "donor_3f1a9b2e",
                    "start": 56,
                    "end": 70,
                    "label": "개인정보"
                }
            ]
        },
        {
            "sentence": "deidentification_map.json 파일에는 익명화 규칙과 해시화된 식별자 매핑 메타데이터가 기록되어 있으며 원본값은 별도 보관 정책에 따라 접근이 통제됩니다.",
            "id": "sample_064_0035_000005",
            "annotations": []
        },
        {
            "sentence": "시료 인벤토리 예시 행에는 sample_barcode: bc_a7c4e2, 샘플유형: 혈청, 컬렉션 타임스탬프: 2025-11-12T08:30:00Z, 수집장소: 서울특별시, 종로구, 초기보관온도: -80°C가 포함됩니다.",
            "id": "sample_064_0035_000006",
            "annotations": [
                {
                    "word": "bc_a7c4e2",
                    "start": 31,
                    "end": 40,
                    "label": "개인정보"
                },
                {
                    "word": "2025-11-12T08:30:00Z",
                    "start": 63,
                    "end": 83,
                    "label": "준식별자"
                },
                {
                    "word": "서울특별시",
                    "start": 91,
                    "end": 96,
                    "label": "준식별자"
                },
                {
                    "word": "종로구",
                    "start": 98,
                    "end": 101,
                    "label": "준식별자"
                }
            ]
        },
        {
            "sentence": "기증자 메타데이터는 성별: 여, 출생일: 1978-05-12, 혈액형: A처럼 준식별자 수준으로만 기재되고 원본 식별자와는 분리 저장됩니다.",
            "id": "sample_064_0035_000007",
            "annotations": [
                {
                    "word": "성별: 여",
                    "start": 11,
                    "end": 16,
                    "label": "준식별자"
                },
                {
                    "word": "1978-05-12",
                    "start": 23,
                    "end": 33,
                    "label": "준식별자"
                },
                {
                    "word": "혈액형: A",
                    "start": 35,
                    "end": 41,
                    "label": "준식별자"
                }
            ]
        },
        {
            "sentence": "동의서 메타데이터에는 동의범위: 재사용 가능·상업적 이용 불가, 동의유효기간: 2030-12-31, 철회 절차 및 통지 방법이 명시됩니다.",
            "id": "sample_064_0035_000008",
            "annotations": [
                {
                    "word": "2030-12-31",
                    "start": 44,
                    "end": 54,
                    "label": "준식별자"
                }
            ]
        },
        {
            "sentence": "물질이전계약(MTA) 메타데이터는 MTA ID: MTA-2024-07-001로 관리되며 수출통제·생물안전성 조건과 반환·폐기 조항이 포함됩니다.",
            "id": "sample_064_0035_000009",
            "annotations": [
                {
                    "word": "MTA-2024-07-001",
                    "start": 27,
                    "end": 42,
                    "label": "기밀정보"
                }
            ]
        },
        {
            "sentence": "체인오브커스터디 로그 예시는 previous_owner: handler_a9d4f1 -> current_owner: staff_b7c9e3 형태의 처리자 고유식별자 기록과 타임스탬프 보존을 포함합니다.",
            "id": "sample_064_0035_000010",
            "annotations": [
                {
                    "word": "handler_a9d4f1",
                    "start": 32,
                    "end": 46,
                    "label": "개인정보"
                },
                {
                    "word": "staff_b7c9e3",
                    "start": 65,
                    "end": 77,
                    "label": "개인정보"
                }
            ]
        },
        {
            "sentence": "접근 통제 항목에는 시스템 계정 및 권한 정보가 포함되며 예시로 접근계정: biobank_admin과 세분화된 프로젝트별 권한 매트릭스가 존재합니다.",
            "id": "sample_064_0035_000011",
            "annotations": [
                {
                    "word": "biobank_admin",
                    "start": 42,
                    "end": 55,
                    "label": "기밀정보"
                }
            ]
        },
        {
            "sentence": "데이터 무결성을 위해 모든 파일 및 레코드에는 체크섬과 레코드 버전 관리가 적용되며 변경 시 이전값, 변경자, 변경시간을 불변 로그에 기록합니다.",
            "id": "sample_064_0035_000012",
            "annotations": []
        },
        {
            "sentence": "온도모니터링 요약에는 이상 이벤트만 압축하여 보관하며 예시 이벤트로 이상 이벤트: 2025-11-12T08:30:00Z, -86.5°C가 기록됩니다.",
            "id": "sample_064_0035_000013",
            "annotations": [
                {
                    "word": "2025-11-12T08:30:00Z",
                    "start": 46,
                    "end": 66,
                    "label": "준식별자"
                }
            ]
        },
        {
            "sentence": "SOP 버전 관리는 SOP v2.3.1로 표기하며 SOP 문서는 SOP_document.pdf에 저장하고 내부 파일 경로 예시 internal_server_path: /srv/biobank/sop/v2.3.1을 메타데이터로 연결합니다.",
            "id": "sample_064_0035_000014",
            "annotations": [
                {
                    "word": "/srv/biobank/sop/v2.3.1",
                    "start": 93,
                    "end": 116,
                    "label": "기밀정보"
                }
            ]
        },
        {
            "sentence": "QC 리포트(JSON)에는 RIN, 순도, 오염도 등 표준화된 지표가 포함되며 QC_report.json 파일에 기계판독 결과 형식으로 저장됩니다.",
            "id": "sample_064_0035_000015",
            "annotations": []
        },
        {
            "sentence": "저장 위치 매핑은 storage_map.xls로 관리하며 냉동고 ID: freezer_12, 물리적 위치: 서울특별시, 강남구와 같이 시/군/구 단위로 표기합니다.",
            "id": "sample_064_0035_000016",
            "annotations": [
                {
                    "word": "서울특별시",
                    "start": 60,
                    "end": 65,
                    "label": "준식별자"
                },
                {
                    "word": "강남구",
                    "start": 67,
                    "end": 70,
                    "label": "준식별자"
                }
            ]
        },
        {
            "sentence": "분배 요청은 distribution_request_form.json으로 접수되며 요청자 식별자는 requester: staff_c8d2a7와 프로젝트 ID로 권한 검증을 수행합니다.",
            "id": "sample_064_0035_000017",
            "annotations": [
                {
                    "word": "staff_c8d2a7",
                    "start": 65,
                    "end": 77,
                    "label": "개인정보"
                }
            ]
        },
        {
            "sentence": "비식별화 매핑 파일 예시는 donor_alias: donor_0001 -> donor_hash: donor_3f1a9b2e와 같이 원본값 없이 해시만 연결되도록 설계됩니다.",
            "id": "sample_064_0035_000018",
            "annotations": [
                {
                    "word": "donor_3f1a9b2e",
                    "start": 54,
                    "end": 68,
                    "label": "개인정보"
                }
            ]
        },
        {
            "sentence": "법적 보존기간은 관련 규정에 따라 기본 10년으로 설정되고 예시 폐기일자: 2035-11-12를 스케줄에 반영합니다.",
            "id": "sample_064_0035_000019",
            "annotations": [
                {
                    "word": "2035-11-12",
                    "start": 42,
                    "end": 52,
                    "label": "준식별자"
                }
            ]
        },
        {
            "sentence": "연구 및 배포에 대한 수출통제 검토는 각 MTA 단위로 수행되며 CITES 관련 품목과 위험물 목록을 사전 점검합니다.",
            "id": "sample_064_0035_000020",
            "annotations": []
        },
        {
            "sentence": "원격 접속 보안 로그는 VPN 호스트: vpn.internal.biobank.local과 내부IP: 10.0.5.12 등 네트워크 정보와 함께 접근 로그로 보관됩니다.",
            "id": "sample_064_0035_000021",
            "annotations": [
                {
                    "word": "vpn.internal.biobank.local",
                    "start": 22,
                    "end": 48,
                    "label": "기밀정보"
                },
                {
                    "word": "10.0.5.12",
                    "start": 56,
                    "end": 65,
                    "label": "기밀정보"
                }
            ]
        },
        {
            "sentence": "운영비 청구·결제 관련 메타데이터에는 청구계좌: ****9876과 같은 마스킹된 계좌 식별자를 포함하되 원본 계좌번호는 별도 암호화 보관합니다.",
            "id": "sample_064_0035_000022",
            "annotations": [
                {
                    "word": "****9876",
                    "start": 27,
                    "end": 35,
                    "label": "기밀정보"
                }
            ]
        },
        {
            "sentence": "동의 철회 기록 예시는 donor_3f1a9b2e, 철회일시: 2026-01-15T09:00:00Z, 동의ID: consent_9944와 같이 해시 식별자와 타임스탬프를 함께 보관합니다.",
            "id": "sample_064_0035_000023",
            "annotations": [
                {
                    "word": "donor_3f1a9b2e",
                    "start": 13,
                    "end": 27,
                    "label": "개인정보"
                },
                {
                    "word": "2026-01-15T09:00:00Z",
                    "start": 35,
                    "end": 55,
                    "label": "준식별자"
                },
                {
                    "word": "consent_9944",
                    "start": 63,
                    "end": 75,
                    "label": "기밀정보"
                }
            ]
        },
        {
            "sentence": "시료 처리 타임라인은 ISO8601 타임스탬프 기준으로 처리 시작: 2025-11-12T09:15:00Z, 처리 종료: 2025-11-12T12:45:00Z 형태로 누락 없이 기록합니다.",
            "id": "sample_064_0035_000024",
            "annotations": [
                {
                    "word": "2025-11-12T09:15:00Z",
                    "start": 38,
                    "end": 58,
                    "label": "준식별자"
                },
                {
                    "word": "2025-11-12T12:45:00Z",
                    "start": 67,
                    "end": 87,
                    "label": "준식별자"
                }
            ]
        },
        {
            "sentence": "체인오브커스터디 수정 이력은 수정자 식별자와 이전값을 보존해야 하며 예시로 수정자: staff_a9d4f1, 수정일시: 2025-11-13T14:22:10Z 항목을 기록합니다.",
            "id": "sample_064_0035_000025",
            "annotations": [
                {
                    "word": "staff_a9d4f1",
                    "start": 47,
                    "end": 59,
                    "label": "개인정보"
                },
                {
                    "word": "2025-11-13T14:22:10Z",
                    "start": 67,
                    "end": 87,
                    "label": "준식별자"
                }
            ]
        },
        {
            "sentence": "데이터 접근은 프로젝트·목적·연구자별로 세분화하며 project_045와 같이 프로젝트 ID 기반으로 권한을 제한합니다.",
            "id": "sample_064_0035_000026",
            "annotations": []
        },
        {
            "sentence": "표준 용어 매핑은 가능한 SNOMED CT, LOINC, ICD 코드를 우선 사용하며 내부 코드 사용 시 매핑테이블을 별도 제공하여 상호운용성을 확보합니다.",
            "id": "sample_064_0035_000027",
            "annotations": []
        },
        {
            "sentence": "고주기 원본 로그는 비용 절감을 위해 이상 이벤트만 요약 보존하고 고해상도 원본은 원본 아카이브 위치 /archive/temperature/raw에 장기 보관 정책에 따라 보존합니다.",
            "id": "sample_064_0035_000028",
            "annotations": [
                {
                    "word": "/archive/temperature/raw",
                    "start": 57,
                    "end": 81,
                    "label": "기밀정보"
                }
            ]
        },
        {
            "sentence": "규정 준수 및 감사 관련 문의는 compliance_officer: officer_d4b6e1로 내부 식별자를 통해 접수하며 실제 연락처는 접근권한 있는 사용자만 조회할 수 있습니다.",
            "id": "sample_064_0035_000029",
            "annotations": [
                {
                    "word": "officer_d4b6e1",
                    "start": 38,
                    "end": 52,
                    "label": "개인정보"
                }
            ]
        },
        {
            "sentence": "요약 결론으로 본 바이오뱅크 운영은 익명화·무결성·표준화·감사 가능성 원칙을 중심으로 구현되며 즉시 실행 가능한 개선 항목을 별첨으로 관리합니다.",
            "id": "sample_064_0035_000030",
            "annotations": []
        }
    ]
}