{
    "document_id": "064_0038",
    "document_title": "바이오뱅크 시료 관리 및 감사 규정(운영 매뉴얼)",
    "data": [
        {
            "sentence": "본 문서는 바이오뱅크의 시료 수집부터 폐기까지 전 주기 관리를 위한 운영 규정과 감사 준비 지침을 설명합니다.",
            "id": "sample_064_0038_000001",
            "annotations": []
        },
        {
            "sentence": "문서의 목적은 시료의 추적성, 무결성, 규정 준수 및 재현성을 보장하는 실무 절차를 제공하는 것입니다.",
            "id": "sample_064_0038_000002",
            "annotations": []
        },
        {
            "sentence": "포함된 파일 목록은 sample_manifest.csv, consent_form.pdf, SOP_document.pdf, chain_of_custody_log.csv, temperature_log.csv, QC_report.json, material_transfer_agreement.pdf, distribution_request_form.json, storage_map.xls, deidentification_map.json 입니다.",
            "id": "sample_064_0038_000003",
            "annotations": []
        },
        {
            "sentence": "각 시료 레코드는 고유 비식별자(donor_id: dnr_3f5c2a1b_sha256)로만 표기되며 원본 이름이나 실제 연락처는 시스템에 저장하지 않습니다.",
            "id": "sample_064_0038_000004",
            "annotations": [
                {
                    "word": "dnr_3f5c2a1b_sha256",
                    "start": 28,
                    "end": 47,
                    "label": "개인정보"
                }
            ]
        },
        {
            "sentence": "시료 인벤토리 행에는 barcode: BC-00011223344와 aliquot_id: AQT-2024-0001이 포함되어 물리적 위치와 연결됩니다.",
            "id": "sample_064_0038_000005",
            "annotations": [
                {
                    "word": "BC-00011223344",
                    "start": 21,
                    "end": 35,
                    "label": "개인정보"
                },
                {
                    "word": "AQT-2024-0001",
                    "start": 49,
                    "end": 62,
                    "label": "개인정보"
                }
            ]
        },
        {
            "sentence": "채혈 일시 및 위치는 ISO8601 형식으로 기록됩니다(채혈일시: 2024-01-15T08:30:00+09:00, 채취장소: 서울특별시 강서구)이며 수집환경 메타데이터와 연계됩니다.",
            "id": "sample_064_0038_000006",
            "annotations": [
                {
                    "word": "2024-01-15T08:30:00+09:00",
                    "start": 37,
                    "end": 62,
                    "label": "준식별자"
                },
                {
                    "word": "서울특별시",
                    "start": 70,
                    "end": 75,
                    "label": "준식별자"
                },
                {
                    "word": "강서구",
                    "start": 76,
                    "end": 79,
                    "label": "준식별자"
                }
            ]
        },
        {
            "sentence": "기증자 준식별자는 성별: 여성, 생년월일: 1987-05-12, 국적: 대한민국 등으로 관리되며 통계적 익명화 절차를 거칩니다.",
            "id": "sample_064_0038_000007",
            "annotations": [
                {
                    "word": "여성",
                    "start": 14,
                    "end": 16,
                    "label": "준식별자"
                },
                {
                    "word": "1987-05-12",
                    "start": 24,
                    "end": 34,
                    "label": "준식별자"
                },
                {
                    "word": "대한민국",
                    "start": 40,
                    "end": 44,
                    "label": "준식별자"
                }
            ]
        },
        {
            "sentence": "동의서 메타데이터에는 동의범위: 연구용 비상업적 재사용 허용, 기한: 2030-12-31이 명시되어 재사용 가능성과 제한사항을 판단합니다.",
            "id": "sample_064_0038_000008",
            "annotations": [
                {
                    "word": "2030-12-31",
                    "start": 39,
                    "end": 49,
                    "label": "준식별자"
                }
            ]
        },
        {
            "sentence": "체인오브커스터디 로그는 변경 불가 형식으로 저장되며 취급자ID: usr_a9f4c2_hash, 처리시각: 2024-01-15T09:05:00+09:00, 서명검증: sig_0f3b에 대한 체크섬을 포함합니다.",
            "id": "sample_064_0038_000009",
            "annotations": [
                {
                    "word": "usr_a9f4c2_hash",
                    "start": 36,
                    "end": 51,
                    "label": "개인정보"
                },
                {
                    "word": "2024-01-15T09:05:00+09:00",
                    "start": 59,
                    "end": 84,
                    "label": "준식별자"
                },
                {
                    "word": "sig_0f3b",
                    "start": 92,
                    "end": 100,
                    "label": "개인정보"
                }
            ]
        },
        {
            "sentence": "체인오브커스터디의 모든 수정은 이전값과 변경자ID 및 변경시각을 보존하는 버전 관리로 기록됩니다.",
            "id": "sample_064_0038_000010",
            "annotations": []
        },
        {
            "sentence": "온도 모니터링 요약 예시: 2024-01-15T08:30:00+09:00 -80.0°C, 2024-01-15T10:00:00+09:00 -78.2°C(이탈 경보), 보관장소: FZR-12-A3에 대해 이상 이벤트만 메인 DB에 보존합니다.",
            "id": "sample_064_0038_000011",
            "annotations": [
                {
                    "word": "2024-01-15T08:30:00+09:00",
                    "start": 15,
                    "end": 40,
                    "label": "준식별자"
                },
                {
                    "word": "2024-01-15T10:00:00+09:00",
                    "start": 50,
                    "end": 75,
                    "label": "준식별자"
                },
                {
                    "word": "FZR-12-A3",
                    "start": 98,
                    "end": 107,
                    "label": "기밀정보"
                }
            ]
        },
        {
            "sentence": "고주기 원본 로그는 비용 관리를 위해 암호화된 아카이브로 오프사이트 보관하고, 요약본은 운영 데이터베이스에 유지됩니다.",
            "id": "sample_064_0038_000012",
            "annotations": []
        },
        {
            "sentence": "품질관리 결과 예시는 QC_report.json에 RIN 7.8, 농도 42.3 ng/µL, 오염도 없음 등의 표준 필드를 포함합니다.",
            "id": "sample_064_0038_000013",
            "annotations": []
        },
        {
            "sentence": "MTA 메타데이터는 MTA 번호: MTA-2024-045, 수신국가 제한: 미국수출통제, CITES 해당 여부: 해당 없음 등의 항목을 포함하여 배포 제약을 기록합니다.",
            "id": "sample_064_0038_000014",
            "annotations": [
                {
                    "word": "MTA-2024-045",
                    "start": 19,
                    "end": 31,
                    "label": "기밀정보"
                }
            ]
        },
        {
            "sentence": "배포 요청 양식에는 요청자 프로젝트 코드: PRJ-73-ALPHA, 목적: 유전자 발현 분석(상업적 사용 불가)이 기재되어 검토 프로세스를 거칩니다.",
            "id": "sample_064_0038_000015",
            "annotations": [
                {
                    "word": "PRJ-73-ALPHA",
                    "start": 24,
                    "end": 36,
                    "label": "기밀정보"
                }
            ]
        },
        {
            "sentence": "저장 맵 예시에는 냉동고 위치 매핑과 셀 좌표가 포함되며 FZR-12-A3 Rack A Column 3과 같은 위치 식별자가 사용됩니다.",
            "id": "sample_064_0038_000016",
            "annotations": [
                {
                    "word": "FZR-12-A3 Rack A Column 3",
                    "start": 32,
                    "end": 57,
                    "label": "기밀정보"
                }
            ]
        },
        {
            "sentence": "SOP 버전 관리는 SOP 문서의 버전 필드와 적용일 및 변경이력 링크를 포함하여 v2.3.1과 같은 표기를 통해 추적성을 제공합니다.",
            "id": "sample_064_0038_000017",
            "annotations": []
        },
        {
            "sentence": "접근 권한과 감사 로그는 연구자별·프로젝트별로 분리되고 접근 이력에는 user_id: usr_5b2d_hash와 접근시각이 기록됩니다.",
            "id": "sample_064_0038_000018",
            "annotations": [
                {
                    "word": "usr_5b2d_hash",
                    "start": 48,
                    "end": 61,
                    "label": "개인정보"
                }
            ]
        },
        {
            "sentence": "무결성 검증을 위해 각 레코드에는 checksum 필드(예: sha256:9f2b... 축약 표기)와 version 정보가 포함됩니다.",
            "id": "sample_064_0038_000019",
            "annotations": []
        },
        {
            "sentence": "폐기 정책은 법적 보관기간 및 기관별 규정에 따라 자동 알림과 불가역 폐기 로그를 생성하는 워크플로로 설계됩니다.",
            "id": "sample_064_0038_000020",
            "annotations": []
        },
        {
            "sentence": "규정 준수 항목에는 GDPR, 현지 개인정보보호법 준수 및 윤리심의위원회(IRB) 승인번호: IRB-2023-0021과 같은 증빙 정보가 포함됩니다.",
            "id": "sample_064_0038_000021",
            "annotations": [
                {
                    "word": "IRB-2023-0021",
                    "start": 52,
                    "end": 65,
                    "label": "기밀정보"
                }
            ]
        },
        {
            "sentence": "배포 시에는 MTA 조건 확인, 수출통제 준수 여부 확인, 연구자 자격 검증(기관 승인번호 확인)을 거쳐 배포 권한을 부여합니다.",
            "id": "sample_064_0038_000022",
            "annotations": []
        },
        {
            "sentence": "고주기 이벤트와 운영 로그의 장기 보관은 압축·요약 정책과 원본 아카이브 보존 기간 정책을 명시하여 저장 비용을 최적화합니다.",
            "id": "sample_064_0038_000023",
            "annotations": []
        },
        {
            "sentence": "모든 개인정보는 저장 시 암호화를 적용하고 재식별 키는 별도 키관리서버에 보관하며 접근은 엄격히 통제됩니다.",
            "id": "sample_064_0038_000024",
            "annotations": []
        },
        {
            "sentence": "문서와 시스템은 감사 준비를 위해 레코드 버전, 접근 로그, 체인오브커스터디 무결성 검증 절차를 포함한 체크리스트를 제공합니다.",
            "id": "sample_064_0038_000025",
            "annotations": []
        },
        {
            "sentence": "연락 담당자 메타데이터는 관리자ID: adm_f3e2a1_hash(내부용)으로 표기하고 공개 연락처는 별도 채널을 통해 공지합니다.",
            "id": "sample_064_0038_000026",
            "annotations": [
                {
                    "word": "adm_f3e2a1_hash",
                    "start": 21,
                    "end": 36,
                    "label": "개인정보"
                }
            ]
        },
        {
            "sentence": "레코드 수정 시 이전값과 수정자ID 및 수정시각을 함께 보존하는 불변 로그가 생성되어 후속 감사를 지원합니다.",
            "id": "sample_064_0038_000027",
            "annotations": []
        },
        {
            "sentence": "권장 행동항목: 1) 동의서 만료일 자동화 점검, 2) 온도 이상 이벤트 알림 정책 재검토, 3) MTA 조건별 배포 권한 매핑 점검을 수행합니다.",
            "id": "sample_064_0038_000028",
            "annotations": []
        }
    ]
}