{
    "document_id": "064_0058",
    "document_title": "생체시료 관리 및 체인오브커스터디 운영 지침서",
    "data": [
        {
            "sentence": "본 문서는 바이오뱅크의 시료 수집, 처리, 보관, 배포 및 폐기 전주기 관리 절차를 기술하며 준법·윤리·품질 요구사항을 반영합니다.",
            "id": "sample_064_0058_000001",
            "annotations": []
        },
        {
            "sentence": "문서의 목적은 시료 추적성 확보, 체인오브커스터디 무결성 보장, 온도·환경 모니터링 정책 및 데이터 접근 통제의 명확화를 위함입니다.",
            "id": "sample_064_0058_000002",
            "annotations": []
        },
        {
            "sentence": "본 파일셋에는 sample_manifest.csv, consent_form.pdf(메타데이터), SOP_document.pdf, chain_of_custody_log.csv, temperature_log.csv, QC_report.json, material_transfer_agreement.pdf 등이 포함됩니다.",
            "id": "sample_064_0058_000003",
            "annotations": []
        },
        {
            "sentence": "샘플 인벤토리 예시 레코드: donor_id: sha256$SALT$8f14e45fceea167a5a36dedd4bea2543; sex: 여성; birth_date: 1982-07-15; collection_datetime: 2024-01-15T09:30:00+09:00; sample_barcode: BC-2024-0001; sample_type: 혈장.",
            "id": "sample_064_0058_000004",
            "annotations": [
                {
                    "word": "sha256$SALT$8f14e45fceea167a5a36dedd4bea2543",
                    "start": 26,
                    "end": 70,
                    "label": "개인정보"
                },
                {
                    "word": "여성",
                    "start": 77,
                    "end": 79,
                    "label": "준식별자"
                },
                {
                    "word": "1982",
                    "start": 93,
                    "end": 97,
                    "label": "준식별자"
                },
                {
                    "word": "07",
                    "start": 98,
                    "end": 100,
                    "label": "준식별자"
                },
                {
                    "word": "15",
                    "start": 101,
                    "end": 103,
                    "label": "준식별자"
                },
                {
                    "word": "15",
                    "start": 134,
                    "end": 136,
                    "label": "준식별자"
                },
                {
                    "word": "2024",
                    "start": 126,
                    "end": 130,
                    "label": "준식별자"
                },
                {
                    "word": "2024",
                    "start": 172,
                    "end": 176,
                    "label": "준식별자"
                },
                {
                    "word": "01",
                    "start": 131,
                    "end": 133,
                    "label": "준식별자"
                },
                {
                    "word": "01",
                    "start": 179,
                    "end": 181,
                    "label": "준식별자"
                }
            ]
        },
        {
            "sentence": "모든 식별자(기증자ID, 동의서ID, 담당자ID)는 원본 식별정보를 포함하지 않으며, 고유성 유지 목적으로 salt를 포함한 해시식별자만 저장합니다.",
            "id": "sample_064_0058_000005",
            "annotations": []
        },
        {
            "sentence": "체인오브커스터디 로그 예: transfer_time: 2024-01-16T14:12:00+09:00; from: freezer_A01; to: freezer_B03; handler_id: sha256$SALT$c9f0f895fb98ab9159f51fd0297e236d; note: 물리적 확인 완료.",
            "id": "sample_064_0058_000006",
            "annotations": [
                {
                    "word": "sha256$SALT$c9f0f895fb98ab9159f51fd0297e236d",
                    "start": 105,
                    "end": 149,
                    "label": "개인정보"
                }
            ]
        },
        {
            "sentence": "다른 취급 로그 예: transfer_time: 2024-02-02T08:05:00+09:00; carrier: 내부수송상자_17; handler_id: sha256$SALT$45c48cce2e2d7fbdea1afc51c7c6ad26; chain_status: sealed.",
            "id": "sample_064_0058_000007",
            "annotations": [
                {
                    "word": "sha256$SALT$45c48cce2e2d7fbdea1afc51c7c6ad26",
                    "start": 86,
                    "end": 130,
                    "label": "개인정보"
                }
            ]
        },
        {
            "sentence": "온도 로그 요약(이상 이벤트만): 2024-03-10T02:15:00+09:00, freezer_B03, temp: -68.2°C, event: setpoint 이탈, 격리조치 필요.",
            "id": "sample_064_0058_000008",
            "annotations": []
        },
        {
            "sentence": "QC_report.json에는 합성 데이터로서 RIN: 8.2, 오염도(OD260/280): 1.89, 농도: 45.3 ng/µL 등의 메타정보와 측정 장비 버전이 포함됩니다.",
            "id": "sample_064_0058_000009",
            "annotations": []
        },
        {
            "sentence": "SOP 문서에는 시료 전처리 프로토콜 버전 표기(SOP_v2.3), 적용일자 및 버전간 호환성 표가 포함되어 있으며 변경이력은 버전관리 시스템으로 추적됩니다.",
            "id": "sample_064_0058_000010",
            "annotations": []
        },
        {
            "sentence": "동의서 메타데이터 예시: consent_id: sha256$SALT$b6d81b360a5672d80c27430f39153e2c; scope: 연구용(비상업적); recontact: 불가; retention_limit: 10년.",
            "id": "sample_064_0058_000011",
            "annotations": [
                {
                    "word": "sha256$SALT$b6d81b360a5672d80c27430f39153e2c",
                    "start": 26,
                    "end": 70,
                    "label": "개인정보"
                }
            ]
        },
        {
            "sentence": "deidentification_map.json은 원본식별자와 해시식별자 매핑을 내부 보안 아카이브에 저장하며 접근은 최소권한 원칙과 감사로 기록됩니다.",
            "id": "sample_064_0058_000012",
            "annotations": []
        },
        {
            "sentence": "접근 통제 로그 예: timestamp: 2024-04-01T11:22:33+09:00; resource: sample_manifest.csv; action: read; staff_id: sha256$SALT$c20ad4d76fe97759aa27a0c99bff6710; purpose: 프로젝트_A.",
            "id": "sample_064_0058_000013",
            "annotations": [
                {
                    "word": "sha256$SALT$c20ad4d76fe97759aa27a0c99bff6710",
                    "start": 105,
                    "end": 149,
                    "label": "개인정보"
                }
            ]
        },
        {
            "sentence": "데이터 보존 정책에는 법적 보존기간 및 폐기 절차가 명시되어 있으며, 폐기 시점과 방법은 폐기로그에 불변으로 기록됩니다.",
            "id": "sample_064_0058_000014",
            "annotations": []
        },
        {
            "sentence": "원본 고주기 온도 로그는 비용 관리를 위해 실시간 요약과 이상 이벤트만 온프레미스 DB에 유지하고 원본은 암호화 아카이브로 이전합니다.",
            "id": "sample_064_0058_000015",
            "annotations": []
        },
        {
            "sentence": "체외수송 및 수령절차는 바코드 기반 동기화로 기록되며, 물리 추적 불일치 발생 시 자동 알림과 격리 절차가 실행됩니다.",
            "id": "sample_064_0058_000016",
            "annotations": []
        },
        {
            "sentence": "체크섬 및 레코드 버전관리 예: sample_manifest.csv.sha256: e3b0c44298fc1c149afbf4c8996fb924; record_version: v2024-04-05T10:00:00Z; 무결성 검증 절차 명시.",
            "id": "sample_064_0058_000017",
            "annotations": []
        },
        {
            "sentence": "보관 지도(storage_map.xls)에는 냉동고 좌표 체계와 각 좌표에 할당된 바코드 범위가 기록되어 있으며 좌표 변경은 이력으로 남습니다.",
            "id": "sample_064_0058_000018",
            "annotations": []
        },
        {
            "sentence": "시료 분배 및 MTA 관련 메타데이터는 material_transfer_agreement.pdf에 포함되며, 수출통제 및 CITES 대상 여부가 배포 전 확인됩니다.",
            "id": "sample_064_0058_000019",
            "annotations": []
        },
        {
            "sentence": "온도 이상 발생 시 격리절차 예: sample_barcode: BC-2024-0001 격리상태 지정 후 배포 요청 보류 및 품질팀 추가 검사 요청.",
            "id": "sample_064_0058_000020",
            "annotations": []
        },
        {
            "sentence": "배포요청 메타데이터 예: request_id: REQ-2024-0821-01; approver_id: sha256$SALT$d3d9446802a44259755d38e6d163e820; approval_time: 2024-04-10T16:45:00+09:00; permitted_use: 비상업적 연구.",
            "id": "sample_064_0058_000021",
            "annotations": [
                {
                    "word": "sha256$SALT$d3d9446802a44259755d38e6d163e820",
                    "start": 57,
                    "end": 101,
                    "label": "개인정보"
                }
            ]
        },
        {
            "sentence": "코드셋은 우선 SNOMED CT, LOINC, ICD 표준코드를 사용하고 조직내 임시코드 사용 시에는 매핑테이블을 함께 제공하도록 규정했습니다.",
            "id": "sample_064_0058_000022",
            "annotations": []
        },
        {
            "sentence": "고주기 로그의 장기저장은 압축·요약 정책을 적용하고 원본 아카이브의 암호화·보존주기·비용정책을 storage_policy.md에 명시합니다.",
            "id": "sample_064_0058_000023",
            "annotations": []
        },
        {
            "sentence": "윤리위원회 승인번호는 내부 기밀로 관리됩니다: IRB-2023-045; 관련 문서는 접근제어 대상이며 공개는 허용되지 않습니다.",
            "id": "sample_064_0058_000024",
            "annotations": [
                {
                    "word": "IRB-2023-045",
                    "start": 26,
                    "end": 38,
                    "label": "기밀정보"
                }
            ]
        },
        {
            "sentence": "보안상 민감한 내부 경로 예: /srv/biobank/archive/secure/credentials 은 관리형 비공개 자원으로서 접근 로그와 함께 보호됩니다.",
            "id": "sample_064_0058_000025",
            "annotations": [
                {
                    "word": "/srv/biobank/archive/secure/credentials",
                    "start": 17,
                    "end": 56,
                    "label": "기밀정보"
                }
            ]
        },
        {
            "sentence": "문의 담당자 표기는 실제 연락처 대신 담당자 해시로 표기합니다: contact_owner_id: sha256$SALT$6512bd43d9caa6e02c990b0a82652dca; 문의는 권한심사를 통해 처리합니다.",
            "id": "sample_064_0058_000026",
            "annotations": [
                {
                    "word": "sha256$SALT$6512bd43d9caa6e02c990b0a82652dca",
                    "start": 54,
                    "end": 98,
                    "label": "개인정보"
                }
            ]
        },
        {
            "sentence": "레코드 수정 예시: field: consent_scope; previous_value: 연구용(비상업적); new_value: 연구용+재분배허용; modified_by: sha256$SALT$6512bd43d9caa6e02c990b0a82652dca; modified_at: 2024-04-15T09:05:00+09:00.",
            "id": "sample_064_0058_000027",
            "annotations": [
                {
                    "word": "sha256$SALT$6512bd43d9caa6e02c990b0a82652dca",
                    "start": 95,
                    "end": 139,
                    "label": "개인정보"
                }
            ]
        },
        {
            "sentence": "본 지침은 GDPR, HIPAA 및 국내 개인정보 보호법 준수를 전제로 하며, 데이터 처리 책임자와 내부심사 절차를 분명히 명시합니다.",
            "id": "sample_064_0058_000028",
            "annotations": []
        }
    ]
}