{
    "document_id": "008_0005",
    "document_title": "여행/항공 통합 예약 확인서 및 e-티켓·호텔 바우처",
    "data": [
        {
            "sentence": "여행 일정 및 예약 확인서: 2025년 05월 10일 발행, 여행사 운영용 e-티켓 및 호텔 바우처 통합 문서입니다.",
            "id": "sample_008_0005_000001",
            "annotations": []
        },
        {
            "sentence": "문서 ID: 008_0005, 도메인: 여행/항공(항공권·호텔) — 내부 검토용으로 작성되었습니다.",
            "id": "sample_008_0005_000002",
            "annotations": []
        },
        {
            "sentence": "여행자: 최영택, 성별: 남성, 생년월일: 1985년 06월 15일, 국적: 대한민국.",
            "id": "sample_008_0005_000003",
            "annotations": [
                {
                    "word": "최영택",
                    "start": 5,
                    "end": 8,
                    "label": "개인정보"
                },
                {
                    "word": "남성",
                    "start": 14,
                    "end": 16,
                    "label": "준식별자"
                },
                {
                    "word": "1985년 06월 15일",
                    "start": 24,
                    "end": 37,
                    "label": "준식별자"
                },
                {
                    "word": "대한민국",
                    "start": 43,
                    "end": 47,
                    "label": "준식별자"
                }
            ]
        },
        {
            "sentence": "대체 연락처 및 예약 대표 이메일: youngtaek.choi@example.com, 연락처: +82-10-1234-5678.",
            "id": "sample_008_0005_000004",
            "annotations": [
                {
                    "word": "youngtaek.choi@example.com",
                    "start": 20,
                    "end": 46,
                    "label": "개인정보"
                },
                {
                    "word": "+82-10-1234-5678",
                    "start": 53,
                    "end": 69,
                    "label": "개인정보"
                }
            ]
        },
        {
            "sentence": "여권 정보: 여권번호 M12345678, 발급기관: 대한민국 외교부, 만료일: 2035년 04월 30일(UTC 기준).",
            "id": "sample_008_0005_000005",
            "annotations": [
                {
                    "word": "M12345678",
                    "start": 12,
                    "end": 21,
                    "label": "개인정보"
                },
                {
                    "word": "2035년 04월 30일",
                    "start": 44,
                    "end": 57,
                    "label": "준식별자"
                }
            ]
        },
        {
            "sentence": "예약 PNR: ABC123, 항공사 기록(RLOC): KE2X9P, 예약 클래스: Y, 승객 유형: 성인.",
            "id": "sample_008_0005_000006",
            "annotations": [
                {
                    "word": "ABC123",
                    "start": 8,
                    "end": 14,
                    "label": "기밀정보"
                },
                {
                    "word": "KE2X9P",
                    "start": 30,
                    "end": 36,
                    "label": "기밀정보"
                }
            ]
        },
        {
            "sentence": "항공편 1: 대한항공(KE) 082, 출발: ICN(인천) 2025-06-01 09:30 UTC+9 -> 도착: NRT(나리타) 2025-06-01 11:05 UTC+9, 비행시간 2시간 35분.",
            "id": "sample_008_0005_000007",
            "annotations": []
        },
        {
            "sentence": "항공편 2: 대한항공(KE) 025, 출발: NRT(나리타) 2025-06-01 13:20 UTC+9 -> 도착: LAX(로스앤젤레스) 2025-06-01 07:10 UTC-7, 연결편 정보 포함.",
            "id": "sample_008_0005_000008",
            "annotations": []
        },
        {
            "sentence": "전자항공권 번호(ETKT): 988-9876543210, 운임 조건: 환불 불가, 변경 수수료 적용.",
            "id": "sample_008_0005_000009",
            "annotations": [
                {
                    "word": "988-9876543210",
                    "start": 16,
                    "end": 30,
                    "label": "개인정보"
                }
            ]
        },
        {
            "sentence": "좌석 배정: KE082 좌석 14A(창측), 특별서비스: 없음.",
            "id": "sample_008_0005_000010",
            "annotations": []
        },
        {
            "sentence": "체크인 마감 시간: 출발 2025-06-01 07:30 UTC+9, 수속 카운터: 33번, 탑승권 바코드 및 모바일 체크인 안내 포함.",
            "id": "sample_008_0005_000011",
            "annotations": []
        },
        {
            "sentence": "결제 정보: 예약 총액 KRW 2,450,000, 결제 승인번호 AUTH98765, 결제카드: **** **** **** 4242(유효기간 12/25).",
            "id": "sample_008_0005_000012",
            "annotations": [
                {
                    "word": "AUTH98765",
                    "start": 36,
                    "end": 45,
                    "label": "기밀정보"
                },
                {
                    "word": "**** **** **** 4242",
                    "start": 53,
                    "end": 72,
                    "label": "기밀정보"
                }
            ]
        },
        {
            "sentence": "호텔 바우처: 호텔명 '파크뷰 인터내셔널', 주소: 123 Ocean Ave, Santa Monica, CA, 90401, USA, 체크인: 2025-06-01 18:00 UTC-7.",
            "id": "sample_008_0005_000013",
            "annotations": []
        },
        {
            "sentence": "호텔 예약번호: HTL-20250601-5591, 예약자: 최영택, 객실: 디럭스 퀸 1실, 조식 포함.",
            "id": "sample_008_0005_000014",
            "annotations": [
                {
                    "word": "HTL-20250601-5591",
                    "start": 9,
                    "end": 26,
                    "label": "기밀정보"
                },
                {
                    "word": "최영택",
                    "start": 33,
                    "end": 36,
                    "label": "개인정보"
                }
            ]
        },
        {
            "sentence": "현지 긴급 연락처: 여행사 담당자 허승후, 직통: +82-10-9876-5432, 사무실: +82-2-345-6789.",
            "id": "sample_008_0005_000015",
            "annotations": [
                {
                    "word": "허승후",
                    "start": 19,
                    "end": 22,
                    "label": "개인정보"
                },
                {
                    "word": "+82-10-9876-5432",
                    "start": 28,
                    "end": 44,
                    "label": "개인정보"
                },
                {
                    "word": "+82-2-345-6789",
                    "start": 51,
                    "end": 65,
                    "label": "개인정보"
                }
            ]
        },
        {
            "sentence": "비상 연락 절차: 긴급 상황 시 여행사 긴급연락처로 연결한 후 손님의 여권 및 PNR 확인을 요청합니다.",
            "id": "sample_008_0005_000016",
            "annotations": []
        },
        {
            "sentence": "수하물 규정: 기내수화물 1개, 위탁수하물 1개(23kg 이하) 기본 제공, 초과 시 추가요금 적용.",
            "id": "sample_008_0005_000017",
            "annotations": []
        },
        {
            "sentence": "항공사 및 호텔의 코딩 규격 문서(내부): 접속계정 ops_admin, 접속 IP: 10.0.5.12, 내부 URL: https://intra.travelcorp.internal/booking.",
            "id": "sample_008_0005_000018",
            "annotations": [
                {
                    "word": "ops_admin",
                    "start": 29,
                    "end": 38,
                    "label": "기밀정보"
                },
                {
                    "word": "10.0.5.12",
                    "start": 47,
                    "end": 56,
                    "label": "기밀정보"
                },
                {
                    "word": "https://intra.travelcorp.internal/booking",
                    "start": 66,
                    "end": 107,
                    "label": "기밀정보"
                }
            ]
        },
        {
            "sentence": "여행자 보험: 보험사 'GlobalCare', 보장기간 2025-06-01 ~ 2025-06-10, 보험증권번호: GC-55443321.",
            "id": "sample_008_0005_000019",
            "annotations": [
                {
                    "word": "GC-55443321",
                    "start": 64,
                    "end": 75,
                    "label": "기밀정보"
                }
            ]
        },
        {
            "sentence": "현지 이동 교통편: 공항 픽업 서비스 예약 완료, 차량: 세단, 기사명: 문민결(운전면허번호 D123456789).",
            "id": "sample_008_0005_000020",
            "annotations": [
                {
                    "word": "문민결",
                    "start": 41,
                    "end": 44,
                    "label": "개인정보"
                },
                {
                    "word": "D123456789",
                    "start": 52,
                    "end": 62,
                    "label": "개인정보"
                }
            ]
        },
        {
            "sentence": "비자 안내: 미국 입국 전 ESTA 또는 비자 면제 승인 상태 확인 필요, 지원 링크 및 절차 안내를 첨부합니다.",
            "id": "sample_008_0005_000021",
            "annotations": []
        },
        {
            "sentence": "특별 요청: 알레르기(없음), 식사유형: 일반식, 추가 요청사항: 침대 추가 불필요.",
            "id": "sample_008_0005_000022",
            "annotations": []
        },
        {
            "sentence": "클레임 및 환불 정책: 항공권은 운임 규정에 따르며, 환불청구는 예약일로부터 90일 내 접수해야 합니다.",
            "id": "sample_008_0005_000023",
            "annotations": []
        },
        {
            "sentence": "문서 승인: 담당자 서명 최영택(여행주관자), 승인일 2025년 05월 12일, 내부 결재선에 기록됨.",
            "id": "sample_008_0005_000024",
            "annotations": [
                {
                    "word": "최영택",
                    "start": 14,
                    "end": 17,
                    "label": "개인정보"
                }
            ]
        },
        {
            "sentence": "데이터 보호 권고: 개인식별정보는 암호화 저장, PII 접근 로그는 보안 책임자 승인 후 제공하도록 규정합니다.",
            "id": "sample_008_0005_000025",
            "annotations": []
        },
        {
            "sentence": "비고: 본 문서는 예약 변동에 따라 업데이트되며, 최종 변경사항은 여행사 시스템에서 확인하시기 바랍니다.",
            "id": "sample_008_0005_000026",
            "annotations": []
        },
        {
            "sentence": "추가 연락처: 대체 담당자 이민범, 이메일: iminbeom.ops@travelcorp.co.kr, 내선: 301.",
            "id": "sample_008_0005_000027",
            "annotations": [
                {
                    "word": "이민범",
                    "start": 15,
                    "end": 18,
                    "label": "개인정보"
                },
                {
                    "word": "iminbeom.ops@travelcorp.co.kr",
                    "start": 25,
                    "end": 54,
                    "label": "개인정보"
                }
            ]
        },
        {
            "sentence": "출발 체크리스트: 여권 원본 소지, 전자항공권 프린트, 호텔 바우처 원본 지참을 권고합니다.",
            "id": "sample_008_0005_000028",
            "annotations": []
        }
    ]
}