{
    "document_id": "008_0098",
    "document_title": "항공·숙박 통합 예약 확인서",
    "data": [
        {
            "sentence": "여행 예약 확인서: 본 문서는 항공권과 호텔 바우처를 포함한 전체 여행 여정 기록입니다.",
            "id": "sample_008_0098_000001",
            "annotations": []
        },
        {
            "sentence": "문서 목적: 항공 및 숙박 예약의 상세 정보를 기록하여 고객과 내부 담당자 간의 운영 절차를 표준화합니다.",
            "id": "sample_008_0098_000002",
            "annotations": []
        },
        {
            "sentence": "예약 관리 번호(PNR): ABCD12는 본 행정 기록의 참조용 코드이며 항공사 시스템과 연동되어 있습니다.",
            "id": "sample_008_0098_000003",
            "annotations": []
        },
        {
            "sentence": "여행자 요약: 1명의 성인 승객이 포함된 패키지이며, 항공편과 호텔이 1건씩 예약되어 있습니다.",
            "id": "sample_008_0098_000004",
            "annotations": []
        },
        {
            "sentence": "탑승자명: 나동진 (여권상 표기)은 본 예약의 공식 여행객입니다.",
            "id": "sample_008_0098_000005",
            "annotations": [
                {
                    "word": "나동진",
                    "start": 6,
                    "end": 9,
                    "label": "개인정보"
                }
            ]
        },
        {
            "sentence": "여권정보: 여권번호 M12345678, 발급국가 대한민국, 여권 유효기간 2029-03-15 UTC입니다.",
            "id": "sample_008_0098_000006",
            "annotations": [
                {
                    "word": "M12345678",
                    "start": 11,
                    "end": 20,
                    "label": "개인정보"
                },
                {
                    "word": "대한민국",
                    "start": 27,
                    "end": 31,
                    "label": "준식별자"
                },
                {
                    "word": "2029",
                    "start": 41,
                    "end": 45,
                    "label": "준식별자"
                },
                {
                    "word": "03",
                    "start": 46,
                    "end": 48,
                    "label": "준식별자"
                },
                {
                    "word": "15",
                    "start": 49,
                    "end": 51,
                    "label": "준식별자"
                }
            ]
        },
        {
            "sentence": "연락처: 휴대폰 +82-10-9876-5432, 대체 연락처 없으며 이메일 주소 dongjin.na@example.com으로 모든 전자 바우처가 발송됩니다.",
            "id": "sample_008_0098_000007",
            "annotations": [
                {
                    "word": "+82-10-9876-5432",
                    "start": 9,
                    "end": 25,
                    "label": "개인정보"
                },
                {
                    "word": "dongjin.na@example.com",
                    "start": 45,
                    "end": 67,
                    "label": "개인정보"
                }
            ]
        },
        {
            "sentence": "송부 주소: 서울특별자치도 중구 을지로5가 15-4, 1203호, 우편번호 04564.",
            "id": "sample_008_0098_000008",
            "annotations": [
                {
                    "word": "서울특별자치도 중구 을지로5가 15-4, 1203호",
                    "start": 7,
                    "end": 35,
                    "label": "개인정보"
                },
                {
                    "word": "서울특별자치도",
                    "start": 7,
                    "end": 14,
                    "label": "준식별자"
                },
                {
                    "word": "중구",
                    "start": 15,
                    "end": 17,
                    "label": "준식별자"
                },
                {
                    "word": "을지로5가",
                    "start": 18,
                    "end": 23,
                    "label": "준식별자"
                }
            ]
        },
        {
            "sentence": "생년월일: 1985-07-12 (1985년 7월 12일), 성별: 남성, 국적: 대한민국으로 여권 및 탑승권에 표기됩니다.",
            "id": "sample_008_0098_000009",
            "annotations": [
                {
                    "word": "1985",
                    "start": 6,
                    "end": 10,
                    "label": "준식별자"
                },
                {
                    "word": "1985",
                    "start": 18,
                    "end": 22,
                    "label": "준식별자"
                },
                {
                    "word": "07",
                    "start": 11,
                    "end": 13,
                    "label": "준식별자"
                },
                {
                    "word": "12",
                    "start": 14,
                    "end": 16,
                    "label": "준식별자"
                },
                {
                    "word": "12",
                    "start": 27,
                    "end": 29,
                    "label": "준식별자"
                },
                {
                    "word": "남성",
                    "start": 37,
                    "end": 39,
                    "label": "준식별자"
                },
                {
                    "word": "대한민국",
                    "start": 45,
                    "end": 49,
                    "label": "준식별자"
                }
            ]
        },
        {
            "sentence": "항공권 e-Ticket 번호: ETKT-220-9876543210, 발권 항공사: KAL(대한항공) 코드쉐어 없음.",
            "id": "sample_008_0098_000010",
            "annotations": []
        },
        {
            "sentence": "항공편 세부: KE123 편, 출발 인천공항 ICN(인천, IATA: ICN) 2026-04-15 02:30 UTC 출발, 도착 카트만두 KTM 2026-04-15 08:10 UTC.",
            "id": "sample_008_0098_000011",
            "annotations": []
        },
        {
            "sentence": "예약 클래스: Y (이코노미), 좌석배정: 28A, 수하물 허용: 1PC 23kg, 환승시간 및 연결편 안내 포함.",
            "id": "sample_008_0098_000012",
            "annotations": []
        },
        {
            "sentence": "티켓 환불 규정: 환불 불가(비환불 운임)이나 일정 변경 시 소정의 수수료가 적용됩니다.",
            "id": "sample_008_0098_000013",
            "annotations": []
        },
        {
            "sentence": "호텔 바우처 참조: H-VCHR-556677, 호텔명: 제주 라마다 플라자, 체크인 2026-04-15 15:00 UTC, 체크아웃 2026-04-18 11:00 UTC.",
            "id": "sample_008_0098_000014",
            "annotations": []
        },
        {
            "sentence": "호텔 주소: 제주특별자치도 제주시 연동 274-3, 전화 064-712-3456.",
            "id": "sample_008_0098_000015",
            "annotations": [
                {
                    "word": "제주특별자치도",
                    "start": 7,
                    "end": 14,
                    "label": "준식별자"
                },
                {
                    "word": "제주시",
                    "start": 15,
                    "end": 18,
                    "label": "준식별자"
                },
                {
                    "word": "연동",
                    "start": 19,
                    "end": 21,
                    "label": "준식별자"
                }
            ]
        },
        {
            "sentence": "예약자 요청사항: 조기 체크인 요청(가능 시 13:00 체크인), 침대는 더블 베드 요청으로 처리되었습니다.",
            "id": "sample_008_0098_000016",
            "annotations": []
        },
        {
            "sentence": "지불 내역: 총 결제금액 KRW 1,350,000, 결제수단: 법인 카드 사용, 거래 승인번호 AUTH-998877.",
            "id": "sample_008_0098_000017",
            "annotations": []
        },
        {
            "sentence": "내부 메모: 담당자 코드 조동기(에이전트 ID: AGT-ROW-445)를 통해 발권 완료.",
            "id": "sample_008_0098_000018",
            "annotations": [
                {
                    "word": "조동기",
                    "start": 14,
                    "end": 17,
                    "label": "개인정보"
                },
                {
                    "word": "AGT-ROW-445",
                    "start": 27,
                    "end": 38,
                    "label": "기밀정보"
                }
            ]
        },
        {
            "sentence": "시스템 관련 기밀: 내부 결재 코드 INT-ACCT-7782, 정산 계좌번호 404-55-123456(법인), 서버 접속 IP 192.168.10.45는 외부 유출 금지입니다.",
            "id": "sample_008_0098_000019",
            "annotations": [
                {
                    "word": "INT-ACCT-7782",
                    "start": 20,
                    "end": 33,
                    "label": "기밀정보"
                },
                {
                    "word": "404-55-123456",
                    "start": 43,
                    "end": 56,
                    "label": "기밀정보"
                },
                {
                    "word": "192.168.10.45",
                    "start": 71,
                    "end": 84,
                    "label": "기밀정보"
                }
            ]
        },
        {
            "sentence": "여정 변경 절차: 일정 변경 요청은 영업일 기준 48시간 이전에 서면 요청 필요, 변경 승인 시 새로운 e-티켓이 발행됩니다.",
            "id": "sample_008_0098_000020",
            "annotations": []
        },
        {
            "sentence": "비상연락처 및 의료 정보: 일반 여행자 보험 가입 권장, 개인 의료정보는 본 문서에 포함되지 않습니다.",
            "id": "sample_008_0098_000021",
            "annotations": []
        },
        {
            "sentence": "공항 이동 안내: 인천공항 ICN 출국장 3층 체크인 카운터 C12에서 항공사 카운터를 이용해 주십시오.",
            "id": "sample_008_0098_000022",
            "annotations": []
        },
        {
            "sentence": "보안 및 수속: 항공사는 탑승 전 여권 및 탑승권 확인을 요구하며, 모든 시간은 해당 항공사 표준 UTC 기준으로 표시됩니다.",
            "id": "sample_008_0098_000023",
            "annotations": []
        },
        {
            "sentence": "결론 및 조치: 예약 변경이나 취소 요청은 예약관리팀으로 연락 주시고, 바우처 재발급은 이메일로 처리됩니다.",
            "id": "sample_008_0098_000024",
            "annotations": []
        },
        {
            "sentence": "담당자 연락: 예약관리팀 조문석이 1차 책임자이며 후속 확인은 최나원에게 위임됩니다.",
            "id": "sample_008_0098_000025",
            "annotations": [
                {
                    "word": "조문석",
                    "start": 14,
                    "end": 17,
                    "label": "개인정보"
                },
                {
                    "word": "최나원",
                    "start": 35,
                    "end": 38,
                    "label": "개인정보"
                }
            ]
        },
        {
            "sentence": "문서 보관: 본 문서는 내부 기록 보존정책에 따라 3년간 보관되며 이후 안전하게 폐기됩니다.",
            "id": "sample_008_0098_000026",
            "annotations": []
        },
        {
            "sentence": "서명: 여행사 운영자 서창용(직책: 운영팀장) 확인 완료.",
            "id": "sample_008_0098_000027",
            "annotations": [
                {
                    "word": "서창용",
                    "start": 12,
                    "end": 15,
                    "label": "개인정보"
                }
            ]
        }
    ]
}