{
    "document_id": "008_0004",
    "document_title": "항공·숙박 예약 및 바우처 통합 여정표",
    "data": [
        {
            "sentence": "문서 소개: 본 문서는 항공권 e-티켓, 호텔 바우처, 여행 일정 및 내부 결재 기록을 통합한 공식 여행 예약 문서입니다.",
            "id": "sample_008_0004_000001",
            "annotations": []
        },
        {
            "sentence": "여행자 정보: 여행자명 구설연이 본 일정의 주 예약자입니다.",
            "id": "sample_008_0004_000002",
            "annotations": [
                {
                    "word": "구설연",
                    "start": 13,
                    "end": 16,
                    "label": "개인정보"
                }
            ]
        },
        {
            "sentence": "여권 정보: 여권번호 M12345678(여권 소지자 표기)로 항공사와 호텔 체크인에 사용됩니다.",
            "id": "sample_008_0004_000003",
            "annotations": [
                {
                    "word": "M12345678",
                    "start": 12,
                    "end": 21,
                    "label": "개인정보"
                }
            ]
        },
        {
            "sentence": "생년월일: 1985년 07월 23일, 데이터는 항공사 체크인 대조 정보로 기재되어 있습니다.",
            "id": "sample_008_0004_000004",
            "annotations": [
                {
                    "word": "1985년 07월 23일",
                    "start": 6,
                    "end": 19,
                    "label": "준식별자"
                }
            ]
        },
        {
            "sentence": "성별: 여성으로 승객 프로파일에 반영되어 있습니다.",
            "id": "sample_008_0004_000005",
            "annotations": [
                {
                    "word": "여성",
                    "start": 4,
                    "end": 6,
                    "label": "준식별자"
                }
            ]
        },
        {
            "sentence": "국적: 대한민국으로 비자 및 입국 심사 참조용으로 기재됩니다.",
            "id": "sample_008_0004_000006",
            "annotations": [
                {
                    "word": "대한민국",
                    "start": 4,
                    "end": 8,
                    "label": "준식별자"
                }
            ]
        },
        {
            "sentence": "항공편 세부: OZ221 ICN-LAX, 출발 2026-03-10 10:30 UTC+09:00, 도착 2026-03-10 03:20 UTC-07:00, IATA 코드 사용으로 표준화하였습니다.",
            "id": "sample_008_0004_000007",
            "annotations": []
        },
        {
            "sentence": "예약 식별: PNR(예약번호) AB12CD는 항공사와의 예약 조회용 코드입니다.",
            "id": "sample_008_0004_000008",
            "annotations": []
        },
        {
            "sentence": "전자항공권: e-Ticket 번호 016-1234567890으로 발권되었으며 체크인 시 제시해야 합니다.",
            "id": "sample_008_0004_000009",
            "annotations": [
                {
                    "word": "016-1234567890",
                    "start": 19,
                    "end": 33,
                    "label": "개인정보"
                }
            ]
        },
        {
            "sentence": "좌석 및 클래스: 좌석 12A, 클래스 Economy로 항공사 좌석배정이 완료되었습니다.",
            "id": "sample_008_0004_000010",
            "annotations": []
        },
        {
            "sentence": "연락처(여행자): 휴대폰 +82-10-1234-5678로 긴급 연락 및 출발 안내가 전송됩니다.",
            "id": "sample_008_0004_000011",
            "annotations": [
                {
                    "word": "+82-10-1234-5678",
                    "start": 14,
                    "end": 30,
                    "label": "개인정보"
                }
            ]
        },
        {
            "sentence": "이메일(여행자): gsy_travel@example.com로 전자티켓과 바우처 PDF가 발송되었습니다.",
            "id": "sample_008_0004_000012",
            "annotations": [
                {
                    "word": "gsy_travel@example.com",
                    "start": 10,
                    "end": 32,
                    "label": "개인정보"
                }
            ]
        },
        {
            "sentence": "호텔 바우처 요약: Grand Seoul Hotel, 예약번호 H-998877, 체크인 2026-03-10 15:00 UTC+09:00로 확정되었습니다.",
            "id": "sample_008_0004_000013",
            "annotations": []
        },
        {
            "sentence": "호텔 주소 및 상세: 서울특별시 강남구 테헤란로 10길 5, 101호, 우편번호 06134에 위치하며 바우처에 표기된 주소를 확인하시기 바랍니다.",
            "id": "sample_008_0004_000014",
            "annotations": [
                {
                    "word": "서울특별시 강남구 테헤란로 10길 5, 101호",
                    "start": 12,
                    "end": 38,
                    "label": "개인정보"
                }
            ]
        },
        {
            "sentence": "객실 및 요금: Deluxe Suite, 바우처 금액 KRW 420,000(조식 포함), 숙박 세부조건은 바우처 조건에 따릅니다.",
            "id": "sample_008_0004_000015",
            "annotations": []
        },
        {
            "sentence": "결제 정보(기업): 결제 담당 계좌번호 123-456789-01(은행 OO은행)으로 업체 청구가 진행됩니다.",
            "id": "sample_008_0004_000016",
            "annotations": [
                {
                    "word": "123-456789-01",
                    "start": 22,
                    "end": 35,
                    "label": "기밀정보"
                }
            ]
        },
        {
            "sentence": "예약 담당자 정보: 예약담당자 차로은이 본 건의 기본 연락 창구로 지정되어 있습니다.",
            "id": "sample_008_0004_000017",
            "annotations": [
                {
                    "word": "차로은",
                    "start": 17,
                    "end": 20,
                    "label": "개인정보"
                }
            ]
        },
        {
            "sentence": "내부 담당 부서 및 직책: 담당 부서 예약팀, 직책 예약팀장으로 처리 및 내부결재 라인이 표기되어 있습니다.",
            "id": "sample_008_0004_000018",
            "annotations": [
                {
                    "word": "예약팀",
                    "start": 21,
                    "end": 24,
                    "label": "준식별자"
                },
                {
                    "word": "예약팀",
                    "start": 29,
                    "end": 32,
                    "label": "준식별자"
                },
                {
                    "word": "예약팀장",
                    "start": 29,
                    "end": 33,
                    "label": "준식별자"
                }
            ]
        },
        {
            "sentence": "시스템 보안 관련: 예약관리 시스템 접속 URL https://internal.booking.corp/login은 내부 전용이며 외부 공개 금지입니다.",
            "id": "sample_008_0004_000019",
            "annotations": [
                {
                    "word": "https://internal.booking.corp/login",
                    "start": 27,
                    "end": 62,
                    "label": "기밀정보"
                }
            ]
        },
        {
            "sentence": "시스템 계정 및 서버: 시스템 관리자 계정 admin_booking과 접속 서버 IP 10.20.30.40은 내부 기술팀 전용 정보입니다.",
            "id": "sample_008_0004_000020",
            "annotations": [
                {
                    "word": "admin_booking",
                    "start": 24,
                    "end": 37,
                    "label": "기밀정보"
                },
                {
                    "word": "10.20.30.40",
                    "start": 48,
                    "end": 59,
                    "label": "기밀정보"
                }
            ]
        },
        {
            "sentence": "결재 라인: 결재 승인자 윤병훈이 최종 승인자이며 승인일자 및 결재 코멘트가 결재선에 기재되어 있습니다.",
            "id": "sample_008_0004_000021",
            "annotations": [
                {
                    "word": "윤병훈",
                    "start": 14,
                    "end": 17,
                    "label": "개인정보"
                }
            ]
        },
        {
            "sentence": "체크아웃 예정: 호텔 체크아웃 예정일은 2026-03-15 11:00 UTC+09:00로 예약 정보와 일치합니다.",
            "id": "sample_008_0004_000022",
            "annotations": []
        },
        {
            "sentence": "동행자 정보: 추가 참가자 성이서, 생년월일 1990년 03월 15일, 성별 남성으로 동반자 프로파일에 등록되었습니다.",
            "id": "sample_008_0004_000023",
            "annotations": [
                {
                    "word": "성이서",
                    "start": 15,
                    "end": 18,
                    "label": "개인정보"
                },
                {
                    "word": "1990년 03월 15일",
                    "start": 25,
                    "end": 38,
                    "label": "준식별자"
                },
                {
                    "word": "남성",
                    "start": 43,
                    "end": 45,
                    "label": "준식별자"
                }
            ]
        },
        {
            "sentence": "보안 메모: 바우처 및 전자티켓 원본은 회사 내부 공유서버에 보관하며 외부 공유는 엄격히 금지합니다.",
            "id": "sample_008_0004_000024",
            "annotations": []
        },
        {
            "sentence": "내부 파일 경로: 내부 공유서버 경로 \\\\corp-share\\travel\\bookings\\008_0004에 예약 관련 문서가 보관됩니다.",
            "id": "sample_008_0004_000025",
            "annotations": [
                {
                    "word": "\\\\corp-share\\travel\\bookings\\008_0004",
                    "start": 21,
                    "end": 58,
                    "label": "기밀정보"
                }
            ]
        },
        {
            "sentence": "항공사 고객센터: Asiana Airlines 고객센터 +82-2-2669-8000으로 운영 문의가 가능합니다.",
            "id": "sample_008_0004_000026",
            "annotations": []
        },
        {
            "sentence": "긴급 연락처(여행사): 여행사 현장 담당 우태하, 휴대폰 +82-10-9876-5432로 긴급 상황 시 즉시 연락 바랍니다.",
            "id": "sample_008_0004_000027",
            "annotations": [
                {
                    "word": "우태하",
                    "start": 23,
                    "end": 26,
                    "label": "개인정보"
                },
                {
                    "word": "+82-10-9876-5432",
                    "start": 32,
                    "end": 48,
                    "label": "개인정보"
                }
            ]
        },
        {
            "sentence": "결론 및 안내: 출발 전 여권과 전자항공권을 지참하시고, 바우처 조건을 재확인한 뒤 문의는 담당자 또는 이메일로 연락해 주십시오.",
            "id": "sample_008_0004_000028",
            "annotations": []
        }
    ]
}