{
    "document_id": "008_0030",
    "document_title": "국제 항공권 및 숙박 통합 예약 확인서",
    "data": [
        {
            "sentence": "여행사 예약 확인서: 국내외 항공 및 숙박 통합 문서입니다.",
            "id": "sample_008_0030_000001",
            "annotations": []
        },
        {
            "sentence": "문서 ID: 008_0030, 작성일: 2025-11-20 09:00 UTC+09:00.",
            "id": "sample_008_0030_000002",
            "annotations": []
        },
        {
            "sentence": "예약자 성명은 이수아로 기재되어 있으며 여권 정보와 연락처가 첨부되어 있습니다.",
            "id": "sample_008_0030_000003",
            "annotations": [
                {
                    "word": "이수아",
                    "start": 8,
                    "end": 11,
                    "label": "개인정보"
                }
            ]
        },
        {
            "sentence": "탑승자 동반자는 손리라로 확인됩니다.",
            "id": "sample_008_0030_000004",
            "annotations": [
                {
                    "word": "손리라",
                    "start": 9,
                    "end": 12,
                    "label": "개인정보"
                }
            ]
        },
        {
            "sentence": "PNR(예약번호)은 QWX9RT이며 전자티켓 발행 상태로 표기됩니다.",
            "id": "sample_008_0030_000005",
            "annotations": []
        },
        {
            "sentence": "전자항공권 e-Ticket 번호는 220-1234567890이며 항공사 기록에 저장됩니다.",
            "id": "sample_008_0030_000006",
            "annotations": []
        },
        {
            "sentence": "항공편 구간: ICN-LAX KE002; 출발: 2026-01-15 14:30 UTC+09:00; 도착: 2026-01-15 08:00 UTC-08:00.",
            "id": "sample_008_0030_000007",
            "annotations": []
        },
        {
            "sentence": "항공편 구간: LAX-JFK KE102; 출발: 2026-01-20 10:00 UTC-08:00; 도착: 2026-01-20 18:30 UTC-05:00.",
            "id": "sample_008_0030_000008",
            "annotations": []
        },
        {
            "sentence": "항공사: Korean Air; 예약 등급: Y; 좌석: 22A; 수하물 허용: 2PC.",
            "id": "sample_008_0030_000009",
            "annotations": []
        },
        {
            "sentence": "승객 이수아 여권번호는 M12345678이며 유효기간은 2028-05-30입니다.",
            "id": "sample_008_0030_000010",
            "annotations": [
                {
                    "word": "M12345678",
                    "start": 13,
                    "end": 22,
                    "label": "개인정보"
                },
                {
                    "word": "이수아",
                    "start": 3,
                    "end": 6,
                    "label": "개인정보"
                }
            ]
        },
        {
            "sentence": "동반자 손리라 여권번호는 N87654321이며 유효기간은 2029-03-12입니다.",
            "id": "sample_008_0030_000011",
            "annotations": [
                {
                    "word": "N87654321",
                    "start": 14,
                    "end": 23,
                    "label": "개인정보"
                },
                {
                    "word": "손리라",
                    "start": 4,
                    "end": 7,
                    "label": "개인정보"
                }
            ]
        },
        {
            "sentence": "이수아 생년월일은 1988년 07월 14일로 기록되어 있습니다.",
            "id": "sample_008_0030_000012",
            "annotations": [
                {
                    "word": "이수아",
                    "start": 0,
                    "end": 3,
                    "label": "개인정보"
                },
                {
                    "word": "1988년 07월 14일",
                    "start": 10,
                    "end": 23,
                    "label": "준식별자"
                }
            ]
        },
        {
            "sentence": "국적: 이수아는 대한민국 국적입니다.",
            "id": "sample_008_0030_000013",
            "annotations": [
                {
                    "word": "대한민국",
                    "start": 9,
                    "end": 13,
                    "label": "준식별자"
                }
            ]
        },
        {
            "sentence": "손리라 성별은 여성으로 입력되어 있습니다.",
            "id": "sample_008_0030_000014",
            "annotations": [
                {
                    "word": "여성",
                    "start": 8,
                    "end": 10,
                    "label": "준식별자"
                }
            ]
        },
        {
            "sentence": "청구서 수신 주소: 서울특별시 강남구 테헤란로 123, 12층 1203호로 명시되어 있습니다.",
            "id": "sample_008_0030_000015",
            "annotations": [
                {
                    "word": "서울특별시 강남구 테헤란로 123, 12층 1203호",
                    "start": 11,
                    "end": 40,
                    "label": "개인정보"
                }
            ]
        },
        {
            "sentence": "연락처: 이수아 휴대폰 +82-10-1234-5678, 이메일 isua.travel@example.com.",
            "id": "sample_008_0030_000016",
            "annotations": [
                {
                    "word": "+82-10-1234-5678",
                    "start": 13,
                    "end": 29,
                    "label": "개인정보"
                },
                {
                    "word": "isua.travel@example.com",
                    "start": 35,
                    "end": 58,
                    "label": "개인정보"
                },
                {
                    "word": "이수아",
                    "start": 5,
                    "end": 8,
                    "label": "개인정보"
                }
            ]
        },
        {
            "sentence": "긴급 연락처: 구성용 +82-10-9876-5432로 호텔 체크인 시 대체 연락처로 사용됩니다.",
            "id": "sample_008_0030_000017",
            "annotations": [
                {
                    "word": "구성용",
                    "start": 8,
                    "end": 11,
                    "label": "개인정보"
                },
                {
                    "word": "+82-10-9876-5432",
                    "start": 12,
                    "end": 28,
                    "label": "개인정보"
                }
            ]
        },
        {
            "sentence": "숙박 바우처: 호텔명 Grand Pacific Hotel, 체크인 2026-01-16 15:00 UTC-08:00, 체크아웃 2026-01-20 11:00 UTC-05:00.",
            "id": "sample_008_0030_000018",
            "annotations": []
        },
        {
            "sentence": "바우처 예약번호 HVO-556677, 객실타입: Deluxe King, 조식 포함, 취소 정책: 도착 48시간 전 취소 가능.",
            "id": "sample_008_0030_000019",
            "annotations": []
        },
        {
            "sentence": "호텔 요청사항: 알레르기 표기 및 조식 글루텐 프리 요청은 예약 메모에 반영되었습니다.",
            "id": "sample_008_0030_000020",
            "annotations": []
        },
        {
            "sentence": "청구 및 결제 정보: 결제 담당자 송지용, 회사 계좌번호 123-456-789012로 전액 입금 요청.",
            "id": "sample_008_0030_000021",
            "annotations": [
                {
                    "word": "송지용",
                    "start": 19,
                    "end": 22,
                    "label": "개인정보"
                },
                {
                    "word": "123-456-789012",
                    "start": 32,
                    "end": 46,
                    "label": "기밀정보"
                }
            ]
        },
        {
            "sentence": "결제 담당자 송지용 소속회사명은 Alpha Travel Co.이며 내부 결재 라인에서 승인 처리되었습니다.",
            "id": "sample_008_0030_000022",
            "annotations": [
                {
                    "word": "송지용",
                    "start": 7,
                    "end": 10,
                    "label": "개인정보"
                },
                {
                    "word": "Alpha Travel Co.",
                    "start": 18,
                    "end": 34,
                    "label": "준식별자"
                }
            ]
        },
        {
            "sentence": "내부 결재 라인 참조 코드 INT-ACC-77은 결제 승인 기록에 포함됩니다.",
            "id": "sample_008_0030_000023",
            "annotations": [
                {
                    "word": "INT-ACC-77",
                    "start": 15,
                    "end": 25,
                    "label": "기밀정보"
                }
            ]
        },
        {
            "sentence": "예약 관리 시스템 접속 URL과 서버는 내부 전용이며 접속 IP 192.0.2.45와 VPN vpn.corp.example.local로 제한됩니다.",
            "id": "sample_008_0030_000024",
            "annotations": [
                {
                    "word": "192.0.2.45",
                    "start": 36,
                    "end": 46,
                    "label": "기밀정보"
                },
                {
                    "word": "vpn.corp.example.local",
                    "start": 52,
                    "end": 74,
                    "label": "기밀정보"
                }
            ]
        },
        {
            "sentence": "탑승 수속 안내: 출발 3시간 전 공항 도착 권장, 온라인 체크인 24시간 전부터 가능합니다.",
            "id": "sample_008_0030_000025",
            "annotations": []
        },
        {
            "sentence": "여권 및 비자 안내: 미국은 ESTA 또는 유효한 비자 필요, 여권 잔여기간 6개월 이상 권장.",
            "id": "sample_008_0030_000026",
            "annotations": []
        },
        {
            "sentence": "특별 요청: 유아용 카시트 미사용, 휠체어 서비스는 사전 요청으로 준비됩니다.",
            "id": "sample_008_0030_000027",
            "annotations": []
        },
        {
            "sentence": "여행자 보험 가입 권장: 보장 내역 및 연락창구는 여행사에서 별도 안내 예정입니다.",
            "id": "sample_008_0030_000028",
            "annotations": []
        },
        {
            "sentence": "문서 하단에는 접수 담당자 홍현자 연락 이메일 hong.travel@agency.example.com과 내부 메모가 포함됩니다.",
            "id": "sample_008_0030_000029",
            "annotations": [
                {
                    "word": "hong.travel@agency.example.com",
                    "start": 26,
                    "end": 56,
                    "label": "개인정보"
                },
                {
                    "word": "홍현자",
                    "start": 15,
                    "end": 18,
                    "label": "개인정보"
                }
            ]
        },
        {
            "sentence": "여행 종료 후 고객 만족도 설문은 구성용 연락처를 통해 발송될 예정입니다.",
            "id": "sample_008_0030_000030",
            "annotations": [
                {
                    "word": "구성용",
                    "start": 19,
                    "end": 22,
                    "label": "개인정보"
                }
            ]
        }
    ]
}