{
    "document_id": "008_0093",
    "document_title": "국제선 e-티켓 및 호텔 바우처 통합 일정표",
    "data": [
        {
            "sentence": "여행·항공 기록은 e-티켓, 호텔 바우처 및 세부 일정표를 통합한 공식 문서입니다.",
            "id": "sample_008_0093_000001",
            "annotations": []
        },
        {
            "sentence": "예약 담당자: 서혜율 여행사 운영팀이 전체 일정을 관리합니다.",
            "id": "sample_008_0093_000002",
            "annotations": [
                {
                    "word": "서혜율",
                    "start": 8,
                    "end": 11,
                    "label": "개인정보"
                }
            ]
        },
        {
            "sentence": "여행자명(영문 표기): Kwon Jiwoo / 권지우로 항공권에 표기됩니다.",
            "id": "sample_008_0093_000003",
            "annotations": [
                {
                    "word": "권지우",
                    "start": 26,
                    "end": 29,
                    "label": "개인정보"
                }
            ]
        },
        {
            "sentence": "PNR(예약번호): AB12CD, 국제항공운송협회 표준에 따라 예약 관리 시스템에 등록되어 있습니다.",
            "id": "sample_008_0093_000004",
            "annotations": [
                {
                    "word": "AB12CD",
                    "start": 11,
                    "end": 17,
                    "label": "개인정보"
                }
            ]
        },
        {
            "sentence": "연락처: 010-1234-5678, 긴급연락용으로 항공사와 호텔에 제공되었습니다.",
            "id": "sample_008_0093_000005",
            "annotations": [
                {
                    "word": "010-1234-5678",
                    "start": 5,
                    "end": 18,
                    "label": "개인정보"
                }
            ]
        },
        {
            "sentence": "이메일: seohyeul.agent@travelcorp.com은 예약 확인과 바우처 송부에 사용됩니다.",
            "id": "sample_008_0093_000006",
            "annotations": [
                {
                    "word": "seohyeul.agent@travelcorp.com",
                    "start": 5,
                    "end": 34,
                    "label": "개인정보"
                }
            ]
        },
        {
            "sentence": "여권번호: M12345678, 여권 만료일 2030-05-15로 출국 전 유효기간을 반드시 확인하십시오.",
            "id": "sample_008_0093_000007",
            "annotations": [
                {
                    "word": "M12345678",
                    "start": 6,
                    "end": 15,
                    "label": "개인정보"
                },
                {
                    "word": "2030",
                    "start": 24,
                    "end": 28,
                    "label": "준식별자"
                },
                {
                    "word": "05",
                    "start": 29,
                    "end": 31,
                    "label": "준식별자"
                },
                {
                    "word": "15",
                    "start": 32,
                    "end": 34,
                    "label": "준식별자"
                }
            ]
        },
        {
            "sentence": "성별: 여성, 생년월일: 1985-07-23(여권상 표기)이며 탑승자 신원 확인에 사용됩니다.",
            "id": "sample_008_0093_000008",
            "annotations": [
                {
                    "word": "여성",
                    "start": 4,
                    "end": 6,
                    "label": "준식별자"
                },
                {
                    "word": "1985",
                    "start": 14,
                    "end": 18,
                    "label": "준식별자"
                },
                {
                    "word": "07",
                    "start": 19,
                    "end": 21,
                    "label": "준식별자"
                },
                {
                    "word": "23",
                    "start": 22,
                    "end": 24,
                    "label": "준식별자"
                }
            ]
        },
        {
            "sentence": "국적: 대한민국, 출입국 심사 및 비자 확인 시 표기됩니다.",
            "id": "sample_008_0093_000009",
            "annotations": [
                {
                    "word": "대한민국",
                    "start": 4,
                    "end": 8,
                    "label": "준식별자"
                }
            ]
        },
        {
            "sentence": "출발편: ICN->LAX, 항공편 KE012, 출발 2025-04-01 09:30 (UTC+09:00), 도착 2025-04-01 16:45 (UTC-07:00).",
            "id": "sample_008_0093_000010",
            "annotations": []
        },
        {
            "sentence": "귀국편: LAX->ICN, 항공편 KE011, 출발 2025-04-10 22:00 (UTC-07:00), 도착 2025-04-11 05:20 (UTC+09:00).",
            "id": "sample_008_0093_000011",
            "annotations": []
        },
        {
            "sentence": "발권 e-티켓 번호: 075-1234567890, 전자티켓은 모바일 또는 출력본으로 탑승 시 제시해야 합니다.",
            "id": "sample_008_0093_000012",
            "annotations": [
                {
                    "word": "075-1234567890",
                    "start": 12,
                    "end": 26,
                    "label": "개인정보"
                }
            ]
        },
        {
            "sentence": "좌석: 출발편 12A, 귀국편 14C, 좌석 배정은 예약 시 요청사항을 반영하여 확정했습니다.",
            "id": "sample_008_0093_000013",
            "annotations": []
        },
        {
            "sentence": "호텔 바우처 번호: HTL-998877, 체크인 2025-04-01 15:00 (UTC-07:00), 체크아웃 2025-04-10 12:00 (UTC-07:00).",
            "id": "sample_008_0093_000014",
            "annotations": [
                {
                    "word": "HTL-998877",
                    "start": 11,
                    "end": 21,
                    "label": "개인정보"
                }
            ]
        },
        {
            "sentence": "숙박객명: 조은택, 예약 객실은 디럭스 킹베드 1실이며 조식 포함입니다.",
            "id": "sample_008_0093_000015",
            "annotations": [
                {
                    "word": "조은택",
                    "start": 6,
                    "end": 9,
                    "label": "개인정보"
                }
            ]
        },
        {
            "sentence": "호텔명: Pacific Grand Hotel, 주소: 123 Ocean Ave, Santa Monica, CA 90401, USA로 바우처에 기재되어 있습니다.",
            "id": "sample_008_0093_000016",
            "annotations": []
        },
        {
            "sentence": "호텔 체크인 시 신분증 확인이 요구되며 예약내역은 바우처와 PNR로 대조됩니다.",
            "id": "sample_008_0093_000017",
            "annotations": []
        },
        {
            "sentence": "현지 교통 및 공항 픽업: 사설 차량 예약 완료, 드라이버 연락처는 현지 전용번호 +1-310-555-0123입니다.",
            "id": "sample_008_0093_000018",
            "annotations": [
                {
                    "word": "+1-310-555-0123",
                    "start": 46,
                    "end": 61,
                    "label": "개인정보"
                }
            ]
        },
        {
            "sentence": "회사 내부 메모: VIP 고객 특별 요청 사항은 기내 좌석 앞쪽으로 배정 요청 처리되었습니다.",
            "id": "sample_008_0093_000019",
            "annotations": []
        },
        {
            "sentence": "시스템 기밀: 예약관리서버 IP 10.8.0.5 및 내부 접속 계정 admin_book은 운영진 전용으로 제한됩니다.",
            "id": "sample_008_0093_000020",
            "annotations": [
                {
                    "word": "10.8.0.5",
                    "start": 18,
                    "end": 26,
                    "label": "기밀정보"
                },
                {
                    "word": "admin_book",
                    "start": 38,
                    "end": 48,
                    "label": "기밀정보"
                }
            ]
        },
        {
            "sentence": "재무 정보: 예약 관련 선결제 계좌번호 123-45-678901(우리은행)은 정산 전용으로 등록되어 있습니다.",
            "id": "sample_008_0093_000021",
            "annotations": [
                {
                    "word": "123-45-678901",
                    "start": 22,
                    "end": 35,
                    "label": "기밀정보"
                }
            ]
        },
        {
            "sentence": "담당자 승인: 공재찬 지점장이 최종 승인하였으며 내부 결재 로그에 승인 기록이 남아 있습니다.",
            "id": "sample_008_0093_000022",
            "annotations": [
                {
                    "word": "공재찬",
                    "start": 8,
                    "end": 11,
                    "label": "개인정보"
                }
            ]
        },
        {
            "sentence": "여행 일정 상세: 2025-04-01 오전 출국, 2025-04-10 현지 출발이며 실제 항공권 시간 기준으로 운영됩니다.",
            "id": "sample_008_0093_000023",
            "annotations": []
        },
        {
            "sentence": "예약 주의사항: 여권 잔여 유효기간이 6개월 이상인지 출발 전 재확인 바랍니다.",
            "id": "sample_008_0093_000024",
            "annotations": []
        },
        {
            "sentence": "에이전트 연락: 서상제(업무번호 02-3456-7890)로 일정 변경 및 긴급 지원을 요청하십시오.",
            "id": "sample_008_0093_000025",
            "annotations": [
                {
                    "word": "서상제",
                    "start": 9,
                    "end": 12,
                    "label": "개인정보"
                },
                {
                    "word": "02-3456-7890",
                    "start": 18,
                    "end": 30,
                    "label": "개인정보"
                }
            ]
        },
        {
            "sentence": "클라이언트 주소: 서울특별시 강남구 역삼동 테헤란로 123, 12층 1201호로 송부된 서류가 접수되어 있습니다.",
            "id": "sample_008_0093_000026",
            "annotations": [
                {
                    "word": "서울특별시",
                    "start": 10,
                    "end": 15,
                    "label": "준식별자"
                },
                {
                    "word": "강남구",
                    "start": 16,
                    "end": 19,
                    "label": "준식별자"
                },
                {
                    "word": "역삼동",
                    "start": 20,
                    "end": 23,
                    "label": "준식별자"
                },
                {
                    "word": "12층 1201호",
                    "start": 34,
                    "end": 43,
                    "label": "개인정보"
                }
            ]
        },
        {
            "sentence": "보안 메모: 내부 VPN URL vpn.travelcorp.local 및 비공개 API 키 SK-ABCD-9999는 외부 유출 금지 항목입니다.",
            "id": "sample_008_0093_000027",
            "annotations": [
                {
                    "word": "vpn.travelcorp.local",
                    "start": 18,
                    "end": 38,
                    "label": "기밀정보"
                },
                {
                    "word": "SK-ABCD-9999",
                    "start": 51,
                    "end": 63,
                    "label": "기밀정보"
                }
            ]
        },
        {
            "sentence": "여권용 사진 및 신분 확인 문서는 원본으로 보관되며 스캔본은 암호화 저장 절차를 적용합니다.",
            "id": "sample_008_0093_000028",
            "annotations": []
        },
        {
            "sentence": "추가 동행 인원: 박건무 동반 1인으로 좌석 예약 및 수하물 추가 내역이 반영되었습니다.",
            "id": "sample_008_0093_000029",
            "annotations": [
                {
                    "word": "박건무",
                    "start": 10,
                    "end": 13,
                    "label": "개인정보"
                }
            ]
        },
        {
            "sentence": "문서 결론: 예약 확인서와 바우처는 출력본 및 전자본을 모두 보관하며 출발 24시간 전 최종 확인을 권장합니다.",
            "id": "sample_008_0093_000030",
            "annotations": []
        }
    ]
}