{
    "document_id": "008_0019",
    "document_title": "국제 항공권 및 호텔 바우처 예약 기록서",
    "data": [
        {
            "sentence": "문서 개요: 본 파일은 고객의 이-티켓, 호텔 바우처 및 상세 여행 일정표를 통합한 예약 기록입니다.",
            "id": "sample_008_0019_000001",
            "annotations": []
        },
        {
            "sentence": "문서 메타: 문서 ID 008_0019, 작성일시 2025-12-29 08:00 UTC, 제작 여행사 내부 배포용입니다.",
            "id": "sample_008_0019_000002",
            "annotations": []
        },
        {
            "sentence": "PNR(예약번호): XZ9HJQ은 3인 동반 예약의 참조 코드로 본 여정 전체를 대표합니다.",
            "id": "sample_008_0019_000003",
            "annotations": [
                {
                    "word": "XZ9HJQ",
                    "start": 11,
                    "end": 17,
                    "label": "개인정보"
                }
            ]
        },
        {
            "sentence": "승객 1 정보: 남세린, 여권번호 M12345678, 생년월일 1987년 05월 14일, 성별 여성, 국적 대한민국.",
            "id": "sample_008_0019_000004",
            "annotations": [
                {
                    "word": "남세린",
                    "start": 9,
                    "end": 12,
                    "label": "개인정보"
                },
                {
                    "word": "M12345678",
                    "start": 19,
                    "end": 28,
                    "label": "개인정보"
                },
                {
                    "word": "1987년 05월 14일",
                    "start": 35,
                    "end": 48,
                    "label": "준식별자"
                },
                {
                    "word": "여성",
                    "start": 53,
                    "end": 55,
                    "label": "준식별자"
                },
                {
                    "word": "대한민국",
                    "start": 60,
                    "end": 64,
                    "label": "준식별자"
                }
            ]
        },
        {
            "sentence": "승객 1 연락처: 휴대폰 +82-10-1234-5678, 이메일 serin.nam@example.com으로 긴급연락 및 안내 예정입니다.",
            "id": "sample_008_0019_000005",
            "annotations": [
                {
                    "word": "+82-10-1234-5678",
                    "start": 14,
                    "end": 30,
                    "label": "개인정보"
                },
                {
                    "word": "serin.nam@example.com",
                    "start": 36,
                    "end": 57,
                    "label": "개인정보"
                }
            ]
        },
        {
            "sentence": "항공편 세부: 항공사 KE, 편명 KE0123, 출발 ICN(인천) 2026-01-05 09:30 UTC, 도착 LAX(로스앤젤레스) 2026-01-05 02:45 UTC.",
            "id": "sample_008_0019_000006",
            "annotations": []
        },
        {
            "sentence": "이-티켓: 발권 번호 220-1234567890는 승객 1의 항공권 고유 식별자입니다.",
            "id": "sample_008_0019_000007",
            "annotations": [
                {
                    "word": "220-1234567890",
                    "start": 12,
                    "end": 26,
                    "label": "개인정보"
                }
            ]
        },
        {
            "sentence": "승객 2 정보: 권채희, 여권번호 P98765432, 생년월일 1992년 11월 03일, 성별 여성, 국적 대한민국.",
            "id": "sample_008_0019_000008",
            "annotations": [
                {
                    "word": "권채희",
                    "start": 9,
                    "end": 12,
                    "label": "개인정보"
                },
                {
                    "word": "P98765432",
                    "start": 19,
                    "end": 28,
                    "label": "개인정보"
                },
                {
                    "word": "1992년 11월 03일",
                    "start": 35,
                    "end": 48,
                    "label": "준식별자"
                },
                {
                    "word": "여성",
                    "start": 53,
                    "end": 55,
                    "label": "준식별자"
                },
                {
                    "word": "대한민국",
                    "start": 60,
                    "end": 64,
                    "label": "준식별자"
                }
            ]
        },
        {
            "sentence": "승객 2 연락처: 휴대폰 +82-10-8765-4321, 이메일 chaehee.kwon@example.net로 연락 체계에 등록되어 있습니다.",
            "id": "sample_008_0019_000009",
            "annotations": [
                {
                    "word": "+82-10-8765-4321",
                    "start": 14,
                    "end": 30,
                    "label": "개인정보"
                },
                {
                    "word": "chaehee.kwon@example.net",
                    "start": 36,
                    "end": 60,
                    "label": "개인정보"
                }
            ]
        },
        {
            "sentence": "항공편 복귀: 항공사 DL, 편명 DL0456, 출발 JFK(뉴욕) 2026-01-12 17:00 UTC, 도착 ICN(인천) 2026-01-13 08:25 UTC.",
            "id": "sample_008_0019_000010",
            "annotations": []
        },
        {
            "sentence": "이-티켓: 발권 번호 235-0987654321은 승객 2의 발권 식별 정보입니다.",
            "id": "sample_008_0019_000011",
            "annotations": [
                {
                    "word": "235-0987654321",
                    "start": 12,
                    "end": 26,
                    "label": "개인정보"
                }
            ]
        },
        {
            "sentence": "승객 3 정보: 백하루, 여권번호 H76543210, 생년월일 1978년 03월 22일, 성별 남성, 국적 대한민국.",
            "id": "sample_008_0019_000012",
            "annotations": [
                {
                    "word": "백하루",
                    "start": 9,
                    "end": 12,
                    "label": "개인정보"
                },
                {
                    "word": "H76543210",
                    "start": 19,
                    "end": 28,
                    "label": "개인정보"
                },
                {
                    "word": "1978년 03월 22일",
                    "start": 35,
                    "end": 48,
                    "label": "준식별자"
                },
                {
                    "word": "남성",
                    "start": 53,
                    "end": 55,
                    "label": "준식별자"
                },
                {
                    "word": "대한민국",
                    "start": 60,
                    "end": 64,
                    "label": "준식별자"
                }
            ]
        },
        {
            "sentence": "승객 3 연락처 및 주소: 휴대폰 +82-10-5555-0001, 이메일 haru.baek@example.org, 상세주소 서울특별시 강남구 테헤란로 123, 10층 1002호.",
            "id": "sample_008_0019_000013",
            "annotations": [
                {
                    "word": "+82-10-5555-0001",
                    "start": 19,
                    "end": 35,
                    "label": "개인정보"
                },
                {
                    "word": "haru.baek@example.org",
                    "start": 41,
                    "end": 62,
                    "label": "개인정보"
                },
                {
                    "word": "서울특별시 강남구 테헤란로 123, 10층 1002호",
                    "start": 69,
                    "end": 98,
                    "label": "개인정보"
                }
            ]
        },
        {
            "sentence": "연결편 예시: ICN->NRT(나리타) KE076, 출발 2026-01-06 13:20 UTC, 도착 2026-01-06 15:00 UTC로 스케줄링 되어 있습니다.",
            "id": "sample_008_0019_000014",
            "annotations": []
        },
        {
            "sentence": "호텔 바우처: Grand Pacific Seoul, 확인번호 HVC-778899, 체크인 2026년 01월 05일 15:00 UTC, 체크아웃 2026년 01월 09일 11:00 UTC.",
            "id": "sample_008_0019_000015",
            "annotations": [
                {
                    "word": "HVC-778899",
                    "start": 34,
                    "end": 44,
                    "label": "개인정보"
                }
            ]
        },
        {
            "sentence": "예약자 표기: 해당 바우처에는 남세린, 권채희, 백하루가 예약자 명의로 등재되어 있습니다.",
            "id": "sample_008_0019_000016",
            "annotations": [
                {
                    "word": "남세린",
                    "start": 17,
                    "end": 20,
                    "label": "개인정보"
                },
                {
                    "word": "권채희",
                    "start": 22,
                    "end": 25,
                    "label": "개인정보"
                },
                {
                    "word": "백하루",
                    "start": 27,
                    "end": 30,
                    "label": "개인정보"
                }
            ]
        },
        {
            "sentence": "호텔 연락처 및 위치: 호텔 주소 서울특별시 중구 소공로 45, 객실 1003, 대표전화 +82-2-7000-1234로 표기되어 있습니다.",
            "id": "sample_008_0019_000017",
            "annotations": []
        },
        {
            "sentence": "바우처 조건: 조식 포함, 예약 변경 및 취소 규정은 바우처에 명시된 바와 같이 도착 72시간 전까지 무료입니다.",
            "id": "sample_008_0019_000018",
            "annotations": []
        },
        {
            "sentence": "결제 보증: 보증용 카드의 마지막 4자리 4242로 사전 승인 처리가 완료되었습니다.",
            "id": "sample_008_0019_000019",
            "annotations": []
        },
        {
            "sentence": "픽업 안내: 인천공항(ICN) 도착 후 호텔 리무진 셔틀 픽업은 2026-01-05 12:30 UTC에 예정되어 있습니다.",
            "id": "sample_008_0019_000020",
            "annotations": []
        },
        {
            "sentence": "여행사 비상연락: 담당자 권채희, 내선 504로 모든 긴급 통보 및 현장 연락이 연결됩니다.",
            "id": "sample_008_0019_000021",
            "annotations": [
                {
                    "word": "권채희",
                    "start": 14,
                    "end": 17,
                    "label": "개인정보"
                }
            ]
        },
        {
            "sentence": "내부 기밀: GDS 접속계정 agent_fin_08, VPN 호스트 vpn.corp.example.com 및 API 키 AGT-9f4b-11aa-zz77는 내부 기밀 정보입니다.",
            "id": "sample_008_0019_000022",
            "annotations": [
                {
                    "word": "agent_fin_08",
                    "start": 16,
                    "end": 28,
                    "label": "기밀정보"
                },
                {
                    "word": "vpn.corp.example.com",
                    "start": 38,
                    "end": 58,
                    "label": "기밀정보"
                },
                {
                    "word": "AGT-9f4b-11aa-zz77",
                    "start": 67,
                    "end": 85,
                    "label": "기밀정보"
                }
            ]
        },
        {
            "sentence": "결재 및 승인: 예약 승인자 나중원 매니저가 승인하였으며 승인 일시 2025년 12월 28일 16:20 UTC로 기록되어 있습니다.",
            "id": "sample_008_0019_000023",
            "annotations": [
                {
                    "word": "나중원",
                    "start": 16,
                    "end": 19,
                    "label": "개인정보"
                },
                {
                    "word": "2025년 12월 28일 16:20 UTC",
                    "start": 38,
                    "end": 61,
                    "label": "준식별자"
                }
            ]
        },
        {
            "sentence": "일정 개요: 1일차 ICN->LAX 이동, 2일차 로스앤젤레스 시내 투어, 3일차 LAX->JFK 환승 및 귀국 일정으로 구성되어 있습니다.",
            "id": "sample_008_0019_000024",
            "annotations": []
        },
        {
            "sentence": "좌석 변경 요청: 승객 백하루는 이코노미에서 프리미엄 이코노미로 업그레이드 요청이 접수되어 좌석 대기 중입니다.",
            "id": "sample_008_0019_000025",
            "annotations": [
                {
                    "word": "백하루",
                    "start": 13,
                    "end": 16,
                    "label": "개인정보"
                }
            ]
        },
        {
            "sentence": "특별 서비스 요청: 남세린은 채식 식단을 요청하였고 권채희는 장애 보조 서비스 요청을 등록하였습니다.",
            "id": "sample_008_0019_000026",
            "annotations": [
                {
                    "word": "남세린",
                    "start": 11,
                    "end": 14,
                    "label": "개인정보"
                },
                {
                    "word": "권채희",
                    "start": 29,
                    "end": 32,
                    "label": "개인정보"
                }
            ]
        },
        {
            "sentence": "여행자 보험: 현지 보험 가입 번호 INS-334455는 보험사 계약 식별자로 여행 중 보상 처리 시 사용됩니다.",
            "id": "sample_008_0019_000027",
            "annotations": [
                {
                    "word": "INS-334455",
                    "start": 20,
                    "end": 30,
                    "label": "기밀정보"
                }
            ]
        },
        {
            "sentence": "후속 조치: 출발 48시간 전 예약 확인 전화를 모든 참여자에게 실시하며 결과는 예약 레코드에 업데이트합니다.",
            "id": "sample_008_0019_000028",
            "annotations": []
        }
    ]
}