{
    "document_id": "087_0011",
    "document_title": "정밀 광업 및 지구금속학 프로젝트 보고서 - 경상북도 봉화군 PMG-2024-001",
    "data": [
        {
            "sentence": "프로젝트 개요: 정밀 광업 및 지구금속학 PMG-2024-001은 경상북도 봉화군 광구의 자원평가와 공정성능 최적화를 목표로 합니다.",
            "id": "sample_087_0011_000001",
            "annotations": [
                {
                    "word": "경상북도 봉화군",
                    "start": 37,
                    "end": 45,
                    "label": "준식별자"
                }
            ]
        },
        {
            "sentence": "프로젝트_ID는 PMG-2024-001로 내부 추적용이며 보고서 버전은 v1.3입니다.",
            "id": "sample_087_0011_000002",
            "annotations": []
        },
        {
            "sentence": "샘플링 설계는 표본 바이어스 최소화를 위해 계통적 스트라이핑(striping)과 랜덤 보강을 병행하도록 설계되었습니다.",
            "id": "sample_087_0011_000003",
            "annotations": []
        },
        {
            "sentence": "위치 데이터 표기법: 위도/경도 36.87456N, 129.12345E (CRS: EPSG:4326, 단위: degrees), 고도 425.3 m (단위: m)로 표준화합니다.",
            "id": "sample_087_0011_000004",
            "annotations": []
        },
        {
            "sentence": "현장 좌표는 블록모델 연계를 위해 UTM-K 재투영(EPSG:5179, 단위: m)으로 저장하며 좌표계 메타데이터를 명시합니다.",
            "id": "sample_087_0011_000005",
            "annotations": []
        },
        {
            "sentence": "시추공_ID는 BH-001에서 BH-128까지 고유키로 관리되며 각 시추에는 블록모델 연결키(block_id: BM_0001 등)가 포함됩니다.",
            "id": "sample_087_0011_000006",
            "annotations": []
        },
        {
            "sentence": "시추심도는 최대 850 m이며 코어_구간은 from/to 방식으로 기록(예: from 12.00 m to 24.00 m)하고 중복·갭 검사를 자동화하여 이상치를 식별합니다.",
            "id": "sample_087_0011_000007",
            "annotations": []
        },
        {
            "sentence": "시료 체인오브커스터디 ID는 COC-20240915-0001 형식으로 샘플 채취·운송·분석 단계의 무결성을 추적합니다.",
            "id": "sample_087_0011_000008",
            "annotations": []
        },
        {
            "sentence": "분석실_ID: LAB-KR-07에서 ICP-MS를 활용해 51원소를 정량화했으며 모든 결과는 원소별 단위(ppm 또는 %)로 표기했습니다.",
            "id": "sample_087_0011_000009",
            "annotations": []
        },
        {
            "sentence": "분석법 상세: ICP-MS, XRF, SEM-EDS, 고해상도 CT 스캔을 병행하고 원소별 검출한계(DL)를 메타데이터로 기록합니다.",
            "id": "sample_087_0011_000010",
            "annotations": []
        },
        {
            "sentence": "검출한계 예시: Pb DL 0.1 ppm, Au DL 0.005 ppm으로 보고서에 표준화된 표 형식으로 포함되어 있습니다.",
            "id": "sample_087_0011_000011",
            "annotations": []
        },
        {
            "sentence": "분석 불확실성은 원소별 표준편차 또는 분석오차(±)로 표시하고 결측치는 결측코드와 대체전략을 메타데이터에 명시합니다.",
            "id": "sample_087_0011_000012",
            "annotations": []
        },
        {
            "sentence": "QA/QC 프로토콜: 표준물질(FLAG: STD), 중복샘플(FLAG: DUP), 블랭크(FLAG: BLK) 정보를 샘플 레코드에 기재하고 결과를 검증합니다.",
            "id": "sample_087_0011_000013",
            "annotations": []
        },
        {
            "sentence": "블록모델 메타데이터는 셀크기(cell_size) 10 m x 10 m x 5 m, 좌표원점(origin) X=490000 Y=407000 Z=0 (CRS: EPSG:5179, 단위: m)을 포함합니다.",
            "id": "sample_087_0011_000014",
            "annotations": []
        },
        {
            "sentence": "지오스태티스틱스 파라미터는 variogram 모델(예: exponential), range, nugget, sill을 문서화하고 교차검증 RMSE를 제시합니다.",
            "id": "sample_087_0011_000015",
            "annotations": []
        },
        {
            "sentence": "시료기술에는 암상(예: 리쏙, 셰일, 섬록암), 광물조성(질량%), 금속등급(Cu %, Au ppm) 및 회수율(%)을 표준화된 필드로 포함합니다.",
            "id": "sample_087_0011_000016",
            "annotations": []
        },
        {
            "sentence": "입도분포는 D10/D50/D90(µm)으로 보고하고 습윤도(%)는 시료 전·후 측정값을 별도 필드에 기록하여 보정합니다.",
            "id": "sample_087_0011_000017",
            "annotations": []
        },
        {
            "sentence": "환경모니터링: 침출수와 대기 배출농도는 규제기준과 비교하여 준수여부를 표기하고 고감도 항목은 민감도로 마킹합니다.",
            "id": "sample_087_0011_000018",
            "annotations": []
        },
        {
            "sentence": "현장 센서 로그는 ISO 8601 타임스탬프, 장비ID, 캘리브레이션 로그와 함께 로컬 큐잉을 통해 네트워크 지연을 완화합니다.",
            "id": "sample_087_0011_000019",
            "annotations": []
        },
        {
            "sentence": "프로세스 플로우스텝은 원광 전처리-분쇄-분급-플로테이션-농축으로 구분하고 단계별 처리수율(%)을 운영 데이터와 연결합니다.",
            "id": "sample_087_0011_000020",
            "annotations": []
        },
        {
            "sentence": "안전사고 로그 항목에는 사건ID, 시간, 경위, 조치 및 관련자(익명화 가능)를 포함하며 인명·PII 데이터 취급 규정을 준수합니다.",
            "id": "sample_087_0011_000021",
            "annotations": []
        },
        {
            "sentence": "운영비용은 항목별 USD로 집계하며 장비 작업시간(h)과 유지보수 이력을 결합해 장비별 단위비용을 산출합니다.",
            "id": "sample_087_0011_000022",
            "annotations": []
        },
        {
            "sentence": "데이터 보안 메타데이터 문서에는 민감한 상업정보는 접근제어 및 암호화 대상임을 명시하고 로그·권한 관리를 요구합니다.",
            "id": "sample_087_0011_000023",
            "annotations": []
        },
        {
            "sentence": "내부 추정 매장량 수치와 재무지표는 비공개로 분류되며 예컨대 내부 예측 NPV: USD 85,000,000은 기밀로 관리되어야 합니다.",
            "id": "sample_087_0011_000024",
            "annotations": [
                {
                    "word": "USD 85,000,000",
                    "start": 45,
                    "end": 59,
                    "label": "기밀정보"
                }
            ]
        },
        {
            "sentence": "시료채취일자: 2024-09-15 및 분석완료일: 2024-10-02와 같이 날짜는 연/월/일 단위로 분리하여 메타데이터에 저장합니다.",
            "id": "sample_087_0011_000025",
            "annotations": [
                {
                    "word": "2024-09-15",
                    "start": 8,
                    "end": 18,
                    "label": "준식별자"
                },
                {
                    "word": "2024-10-02",
                    "start": 28,
                    "end": 38,
                    "label": "준식별자"
                }
            ]
        },
        {
            "sentence": "프로젝트 책임자: 이태서(내선 302, 이메일 itaseo@minedata.co.kr)는 데이터 최종검토와 승인 권한을 가집니다.",
            "id": "sample_087_0011_000026",
            "annotations": [
                {
                    "word": "이태서",
                    "start": 10,
                    "end": 13,
                    "label": "개인정보"
                },
                {
                    "word": "itaseo@minedata.co.kr",
                    "start": 26,
                    "end": 47,
                    "label": "개인정보"
                }
            ]
        },
        {
            "sentence": "품질관리 담당자 사번 EMP-2023-045는 내부 로그에서 추적 가능하며 외부 공개는 제한됩니다.",
            "id": "sample_087_0011_000027",
            "annotations": [
                {
                    "word": "EMP-2023-045",
                    "start": 12,
                    "end": 24,
                    "label": "개인정보"
                }
            ]
        },
        {
            "sentence": "시추 예시: BH-034의 BLK(블랭크) 결과에서 Pb 0.7 ppm, Au 0.003 ppm로 검출한계 이내였고 QAQC 플래그는 BLK로 표기되었습니다.",
            "id": "sample_087_0011_000028",
            "annotations": []
        },
        {
            "sentence": "샘플링 대표성 한계와 코어 회수율(%)은 블록모델 불확실성의 주요 원인으로 회귀분석 및 민감도 분석 결과를 메타데이터에 포함합니다.",
            "id": "sample_087_0011_000029",
            "annotations": []
        },
        {
            "sentence": "네트워크 및 서버 보안 관련 문서에는 내부 VPN 접속경로 및 관리 IP(예: 10.8.0.5)가 내부관리 정보로서 접근이 통제됨을 명시합니다.",
            "id": "sample_087_0011_000030",
            "annotations": [
                {
                    "word": "10.8.0.5",
                    "start": 44,
                    "end": 52,
                    "label": "기밀정보"
                }
            ]
        },
        {
            "sentence": "결론 및 권고: 모든 민감 데이터는 암호화·접근제한·로깅 정책을 적용하고 규제보고는 별도 승인 절차로 공개하도록 권고합니다.",
            "id": "sample_087_0011_000031",
            "annotations": []
        }
    ]
}