{
    "document_id": "087_0027",
    "document_title": "포항 정밀 탐사 및 지구금속학 통합 데이터 보고서",
    "data": [
        {
            "sentence": "본 문서는 정밀 광업 및 지구금속학 프로젝트의 데이터 표준화, QA/QC, 보안 요구사항과 운영 권고안을 종합적으로 기술한다.",
            "id": "sample_087_0027_000001",
            "annotations": []
        },
        {
            "sentence": "프로젝트 식별자는 Project_ID: PRJ-POH-2024-01로 내부 관리 및 블록 모델 연결키에 사용된다.",
            "id": "sample_087_0027_000002",
            "annotations": []
        },
        {
            "sentence": "현장 위치는 시: 경상북도, 시군구: 포항시 남구, 동: 지곡동이며 좌표(위도,경도): (36.123456, 129.345678), CRS: EPSG:4326, 단위: degree이다.",
            "id": "sample_087_0027_000003",
            "annotations": [
                {
                    "word": "경상북도",
                    "start": 10,
                    "end": 14,
                    "label": "준식별자"
                },
                {
                    "word": "포항시 남구",
                    "start": 21,
                    "end": 27,
                    "label": "준식별자"
                },
                {
                    "word": "지곡동",
                    "start": 32,
                    "end": 35,
                    "label": "준식별자"
                }
            ]
        },
        {
            "sentence": "시추공_ID는 DH-001로 표기되며 시추심도 총 650.0 m, 코어 회수율과 from/to 구간은 분할 저장해 간극 및 중복 검사를 수행한다.",
            "id": "sample_087_0027_000004",
            "annotations": []
        },
        {
            "sentence": "대표 코어 구간 예시는 core_interval_from: 120.50 m, core_interval_to: 122.75 m로 저장하고 중복·갭 검증 로직을 적용한다.",
            "id": "sample_087_0027_000005",
            "annotations": []
        },
        {
            "sentence": "샘플 메타데이터에는 Sample_ID: S-POH-000123, COC_ID: COC-20240615-0009, 시료채취일자 및 회수율(recovery)을 포함한다.",
            "id": "sample_087_0027_000006",
            "annotations": []
        },
        {
            "sentence": "분석실_ID는 포항지질분석센터로 기록되며 분석법(ICP-MS, XRF 등), 장비 캘리브레이션 로그와 불확실성(표준편차)을 함께 저장한다.",
            "id": "sample_087_0027_000007",
            "annotations": [
                {
                    "word": "포항지질분석센터",
                    "start": 8,
                    "end": 16,
                    "label": "준식별자"
                }
            ]
        },
        {
            "sentence": "현장 및 실험실 담당자 정보 예시는 분석 담당자: 엄지후, 사번: 2024-0456, 연락처: 010-5555-1234, 이메일: eumjh@miningcorp.kr로 체계화하여 체인오브커스터디에 연계한다.",
            "id": "sample_087_0027_000008",
            "annotations": [
                {
                    "word": "엄지후",
                    "start": 28,
                    "end": 31,
                    "label": "개인정보"
                },
                {
                    "word": "사번: 2024-0456",
                    "start": 33,
                    "end": 46,
                    "label": "개인정보"
                },
                {
                    "word": "010-5555-1234",
                    "start": 53,
                    "end": 66,
                    "label": "개인정보"
                },
                {
                    "word": "eumjh@miningcorp.kr",
                    "start": 73,
                    "end": 92,
                    "label": "개인정보"
                }
            ]
        },
        {
            "sentence": "현장 감독자는 양정욱이며 긴급연락용 이메일 yangjw@miningcorp.kr을 참조하고 권한 기반 접근제어를 설정한다.",
            "id": "sample_087_0027_000009",
            "annotations": [
                {
                    "word": "양정욱",
                    "start": 8,
                    "end": 11,
                    "label": "개인정보"
                },
                {
                    "word": "yangjw@miningcorp.kr",
                    "start": 24,
                    "end": 44,
                    "label": "개인정보"
                }
            ]
        },
        {
            "sentence": "안전사고 로그 예시는 사고보고: 2025-07-12, 피해자: 김리예(경미한 절단 상처), 응급조치 및 보고서 참조로 기록 보관한다.",
            "id": "sample_087_0027_000010",
            "annotations": [
                {
                    "word": "김리예",
                    "start": 35,
                    "end": 38,
                    "label": "개인정보"
                },
                {
                    "word": "2025-07-12",
                    "start": 18,
                    "end": 28,
                    "label": "준식별자"
                }
            ]
        },
        {
            "sentence": "시료 채취일 예시는 2024-11-15로 표준화하여 연-월-일 단위로 분리 저장하고 시간대는 UTC로 통합한다.",
            "id": "sample_087_0027_000011",
            "annotations": [
                {
                    "word": "2024-11-15",
                    "start": 11,
                    "end": 21,
                    "label": "준식별자"
                }
            ]
        },
        {
            "sentence": "랩 분석 결과는 원소별 단위(ppm 또는 %), 검출한계(detection limit) 및 측정오차(표준편차)를 포함하여 테이블로 저장한다.",
            "id": "sample_087_0027_000012",
            "annotations": []
        },
        {
            "sentence": "시료별 광물조성 예시는 석영 34.2%, 휘석 18.5% 등 원소 비율과 금속_등급 예로 Au 2.3 g/t, Cu 1450 ppm을 명시하고 검출한계를 병기한다.",
            "id": "sample_087_0027_000013",
            "annotations": [
                {
                    "word": "Au 2.3 g/t",
                    "start": 50,
                    "end": 60,
                    "label": "기밀정보"
                }
            ]
        },
        {
            "sentence": "매장량 관련 핵심 수치는 기밀로 취급하며 매장량 추정: 12.5Mt, 평균 금 등급 2.3 g/t은 접근제어 및 암호화가 필요하다.",
            "id": "sample_087_0027_000014",
            "annotations": [
                {
                    "word": "매장량 추정: 12.5Mt",
                    "start": 23,
                    "end": 37,
                    "label": "기밀정보"
                },
                {
                    "word": "평균 금 등급 2.3 g/t",
                    "start": 39,
                    "end": 54,
                    "label": "기밀정보"
                }
            ]
        },
        {
            "sentence": "내부 블록 모델 파일 경로는 /srv/internal/models/block_v2.gpkg로 기록되며 내부 서버 IP 10.8.0.5 및 규제 문서 파일 permit_2024_signed.pdf는 기밀 등급으로 분류한다.",
            "id": "sample_087_0027_000015",
            "annotations": [
                {
                    "word": "/srv/internal/models/block_v2.gpkg",
                    "start": 16,
                    "end": 50,
                    "label": "기밀정보"
                },
                {
                    "word": "10.8.0.5",
                    "start": 66,
                    "end": 74,
                    "label": "기밀정보"
                },
                {
                    "word": "permit_2024_signed.pdf",
                    "start": 86,
                    "end": 108,
                    "label": "기밀정보"
                }
            ]
        },
        {
            "sentence": "프로젝트 운영비용 항목은 재무 기밀로 운영비용(USD): 4,200,000을 예시로 내부 예산 보고서에 포함한다.",
            "id": "sample_087_0027_000016",
            "annotations": [
                {
                    "word": "운영비용(USD): 4,200,000",
                    "start": 21,
                    "end": 41,
                    "label": "기밀정보"
                }
            ]
        },
        {
            "sentence": "QA/QC 항목은 표준물질, 중복, 블랭크 플래그를 포함하며 표준값과 허용편차를 메타데이터로 저장한다.",
            "id": "sample_087_0027_000017",
            "annotations": []
        },
        {
            "sentence": "블록 모델 메타데이터에는 셀크기(cell_size): 10 m, 좌표원점(origin): (36.000000, 129.000000) EPSG:4326, 해상도 및 셀 정렬 정보를 포함한다.",
            "id": "sample_087_0027_000018",
            "annotations": []
        },
        {
            "sentence": "지오스태티스틱스 파라미터는 변동함수(variogram) 유형과 범위(range): 250 m, 틱(tik) 및 nugget 값을 명시하여 불확실성 모델링에 반영한다.",
            "id": "sample_087_0027_000019",
            "annotations": []
        },
        {
            "sentence": "현장 센서 데이터는 타임스탬프(예: 2024-11-15T08:15:00Z)와 장비 캘리브레이션 로그를 포함하며 로컬 큐잉과 엣지 스토리지를 권장한다.",
            "id": "sample_087_0027_000020",
            "annotations": [
                {
                    "word": "2024-11-15T08:15:00Z",
                    "start": 20,
                    "end": 40,
                    "label": "준식별자"
                }
            ]
        },
        {
            "sentence": "시추 및 샘플링 바이어스 평가는 시추 간격, 코어 회수율, 샘플 대표성으로 수행하고 블록 모델 불확실성에 가중치를 적용한다.",
            "id": "sample_087_0027_000021",
            "annotations": []
        },
        {
            "sentence": "프로세스 플로우스텝과 처리수율 데이터는 원광 처리 성능 분석에 필요하며 처리수율(%), 입도분포(µm), 습윤도(%)를 시간별로 기록한다.",
            "id": "sample_087_0027_000022",
            "annotations": []
        },
        {
            "sentence": "환경·안전 관련 수치(침출수 유해물질 농도, 먼지, 소음, 진동)는 규제 준수 관점에서 민감도로 마킹하고 공개 보고서와 내부 기밀 버전을 구분한다.",
            "id": "sample_087_0027_000023",
            "annotations": []
        },
        {
            "sentence": "데이터 보안 권고로서 민감한 상업정보는 접근제어, 전송 중 암호화, 저장 시 암호화를 의무화하며 감사로그를 유지한다.",
            "id": "sample_087_0027_000024",
            "annotations": []
        },
        {
            "sentence": "결론 및 행동 항목으로 데이터 표준 템플릿 적용, QA/QC 강화, 기밀 데이터 암호화 우선 적용, 담당자 박필재에 의한 주간 검토를 지시한다.",
            "id": "sample_087_0027_000025",
            "annotations": [
                {
                    "word": "박필재",
                    "start": 60,
                    "end": 63,
                    "label": "개인정보"
                }
            ]
        },
        {
            "sentence": "추가로 실시간 의사결정을 위한 랩-운영 데이터 레이턴시 단축과 엣지 기반 로컬 큐 설계를 2단계 로드맵으로 제안한다.",
            "id": "sample_087_0027_000026",
            "annotations": []
        }
    ]
}