{
    "document_id": "087_0094",
    "document_title": "정밀 광업 및 지구금속학 현장조사 및 블록모델 보고서",
    "data": [
        {
            "sentence": "문서 개요: 본 보고서는 정밀 광업 및 지구금속학 프로젝트의 시추·분석·블록모델링 및 환경안전 검토 결과를 종합적으로 기록합니다.",
            "id": "sample_087_0094_000001",
            "annotations": []
        },
        {
            "sentence": "프로젝트 지역(위치): 경상북도 포항시 북구; 좌표계: WGS84 (EPSG:4326), 단위:도(위도/경도), 고도 단위:m.",
            "id": "sample_087_0094_000002",
            "annotations": [
                {
                    "word": "포항시 북구",
                    "start": 18,
                    "end": 24,
                    "label": "준식별자"
                }
            ]
        },
        {
            "sentence": "기준 좌표 및 고도는 EPSG:4326으로 표기했으며, 모든 GIS 레이어는 동일 CRS로 리프로젝션 검토를 완료했습니다.",
            "id": "sample_087_0094_000003",
            "annotations": []
        },
        {
            "sentence": "시추공 ID DH-012은 시추심도 0.0–512.5 m로 기록되었고, 코어 구간은 from/to 형태로 표준화되어 중복 및 갭 검사를 수행했습니다.",
            "id": "sample_087_0094_000004",
            "annotations": []
        },
        {
            "sentence": "시료 채취일자(현장): 2024-06-15, 샘플링 방법: PQ 코어 연속 채취, 코어 회수율과 로깅 메타데이터를 함께 기록했습니다.",
            "id": "sample_087_0094_000005",
            "annotations": []
        },
        {
            "sentence": "분석 담당: 하다솜, 사번 20231234, 연락처 이메일 hada.som@company.co.kr; 분석 책임자 정보는 체인오브커스터디 문서와 연계됩니다.",
            "id": "sample_087_0094_000006",
            "annotations": [
                {
                    "word": "하다솜",
                    "start": 7,
                    "end": 10,
                    "label": "개인정보"
                },
                {
                    "word": "사번 20231234",
                    "start": 12,
                    "end": 23,
                    "label": "개인정보"
                },
                {
                    "word": "hada.som@company.co.kr",
                    "start": 33,
                    "end": 55,
                    "label": "개인정보"
                }
            ]
        },
        {
            "sentence": "분석실 ID: LAB-POHANG-01, 분석법: ICP-MS(Au,Ag,Cu,Zn), XRF(major elements), SEM-EDS(광물조성 검증), 각 방법의 검출한계를 메타데이터에 기재했습니다.",
            "id": "sample_087_0094_000007",
            "annotations": []
        },
        {
            "sentence": "잠정 경제성 평가: 추정 매장량 2,450,000 t, 평균 Cu 1.85%; 매장량·등급 수치는 기업의 전략자산으로 접근제어 및 암호화가 필요합니다.",
            "id": "sample_087_0094_000008",
            "annotations": [
                {
                    "word": "추정 매장량 2,450,000 t",
                    "start": 11,
                    "end": 29,
                    "label": "기밀정보"
                },
                {
                    "word": "평균 Cu 1.85%",
                    "start": 31,
                    "end": 42,
                    "label": "기밀정보"
                }
            ]
        },
        {
            "sentence": "랩 분석 결과의 단위는 원소별로 명확히 구분했으며(예: Cu: %, Au: g/t), 검출한계(LOD)와 각 분석의 표준편차를 결과 테이블에 포함했습니다.",
            "id": "sample_087_0094_000009",
            "annotations": []
        },
        {
            "sentence": "블록모델 메타데이터: 셀크기(cell size) 10x10x5 m, 좌표 원점(origin) EPSG:5179 유닛 m, 해상도 및 셀 정렬 정보가 포함되어 있습니다.",
            "id": "sample_087_0094_000010",
            "annotations": []
        },
        {
            "sentence": "지오스태티스틱스 파라미터는 실험적 변함함수(variogram)로 제공되며, 범위(range), 누적량(sill), 나선각(anisotropy)이 명시되어 있습니다.",
            "id": "sample_087_0094_000011",
            "annotations": []
        },
        {
            "sentence": "시추 로그와 블록모델 연결 키는 DH-012와 BM-087-10으로 표준화했으며, 원시 시추 데이터의 불확실성 정보(표준편차)를 함께 연결합니다.",
            "id": "sample_087_0094_000012",
            "annotations": []
        },
        {
            "sentence": "프로세스 플로우 스텝: 파쇄→분쇄→선별→부유선광 순으로 정의했고, 각 단계의 처리수율과 물질수지(material balance)는 별첨 테이블에 수록했습니다.",
            "id": "sample_087_0094_000013",
            "annotations": []
        },
        {
            "sentence": "환경 측정(현장): 침출수 As 농도 15 ppm, 처리시설 방출기준과의 비교 및 규제 준수 여부를 별도로 검토했고 해당 수치는 민감도로 분류합니다.",
            "id": "sample_087_0094_000014",
            "annotations": [
                {
                    "word": "As 농도 15 ppm",
                    "start": 15,
                    "end": 27,
                    "label": "기밀정보"
                }
            ]
        },
        {
            "sentence": "안전사고 로그: 2024-05-12 근로자 경미 낙반 발생, 현장 응급조치 후 재발방지 대책 수립, 사고 담당자 강민우가 초기 보고를 수행했습니다.",
            "id": "sample_087_0094_000015",
            "annotations": [
                {
                    "word": "강민우",
                    "start": 63,
                    "end": 66,
                    "label": "개인정보"
                }
            ]
        },
        {
            "sentence": "장비 운영 및 유지보수: 장비별 작업시간과 유지보수 이력, 담당자 문지영의 정기 점검 로그가 CMMS에 기록되어 있습니다.",
            "id": "sample_087_0094_000016",
            "annotations": [
                {
                    "word": "문지영",
                    "start": 37,
                    "end": 40,
                    "label": "개인정보"
                }
            ]
        },
        {
            "sentence": "체인오브커스터디 ID(COC): COC-2024-0001부터 시작하며, 각 샘플의 취급 이력은 해시 서명과 타임스탬프를 통해 검증 가능합니다.",
            "id": "sample_087_0094_000017",
            "annotations": []
        },
        {
            "sentence": "데이터 인프라 관련 보안 자료: 원격서버 접속 주소 10.10.10.5 및 내부 경로는 비공개로 관리하고 접근제어 로그를 보관합니다.",
            "id": "sample_087_0094_000018",
            "annotations": [
                {
                    "word": "10.10.10.5",
                    "start": 29,
                    "end": 39,
                    "label": "기밀정보"
                }
            ]
        },
        {
            "sentence": "내부 파일 경로 예시: /srv/data/projects/087/blockmodel.bcm; 내부 파일명과 경로는 기밀로 분류되어 암호화 저장 대상입니다.",
            "id": "sample_087_0094_000019",
            "annotations": [
                {
                    "word": "/srv/data/projects/087/blockmodel.bcm",
                    "start": 13,
                    "end": 50,
                    "label": "기밀정보"
                }
            ]
        },
        {
            "sentence": "시료표본 ID 예: SAMPLE-087-000512; 각 샘플은 고유 ID로 관리되며 블록모델과의 매핑 키를 메타데이터로 포함합니다.",
            "id": "sample_087_0094_000020",
            "annotations": []
        },
        {
            "sentence": "랩 결과 예시: Au 1.2 g/t (LOD 0.01 g/t, 측정표준편차 0.05 g/t); 금속 등급과 불확실성은 경제성 모델에 반영되어야 합니다.",
            "id": "sample_087_0094_000021",
            "annotations": [
                {
                    "word": "Au 1.2 g/t",
                    "start": 9,
                    "end": 19,
                    "label": "기밀정보"
                }
            ]
        },
        {
            "sentence": "시료 회수율: 구간 평균 회수율 92%로 기록되었으며, 낮은 회수율 구간은 블록모델 불확실성 가중치로 처리합니다.",
            "id": "sample_087_0094_000022",
            "annotations": []
        },
        {
            "sentence": "좌표계 보정: 지표 및 지하 로그는 EPSG:5179(UTM-K) 기준으로 동기화했고, 단위는 모든 레이어에서 메타데이터로 명시했습니다.",
            "id": "sample_087_0094_000023",
            "annotations": []
        },
        {
            "sentence": "시추공 메타: DH-012 위치는 위도/경도와 높이를 포함해 기록되며, 좌표 변환 시 발생 가능한 단위 미스매치를 주기적으로 점검합니다.",
            "id": "sample_087_0094_000024",
            "annotations": []
        },
        {
            "sentence": "데이터 보안 권고: 매장량·등급·블록모델 등의 상업적 민감자료는 접근제어와 암호화, 역할기반 접근(RBAC) 적용을 권장합니다.",
            "id": "sample_087_0094_000025",
            "annotations": []
        },
        {
            "sentence": "현장 연락처(데이터 담당자): 민영민, 이메일 minym@corp.local, 전화 010-5555-6666; 운영상 필요한 연락처는 최소 권한 원칙으로 관리합니다.",
            "id": "sample_087_0094_000026",
            "annotations": [
                {
                    "word": "민영민",
                    "start": 17,
                    "end": 20,
                    "label": "개인정보"
                },
                {
                    "word": "minym@corp.local",
                    "start": 26,
                    "end": 42,
                    "label": "개인정보"
                },
                {
                    "word": "010-5555-6666",
                    "start": 47,
                    "end": 60,
                    "label": "개인정보"
                }
            ]
        },
        {
            "sentence": "규제 준수 점검: 배출허용기준 및 토지복구 요건과 대조해 침출수 및 대기배출 데이터를 정기보고서로 제출하도록 프로세스를 정의했습니다.",
            "id": "sample_087_0094_000027",
            "annotations": []
        },
        {
            "sentence": "샘플링 바이어스 및 대표성: 시추 간격, 코어 회수율, 지질구조 변동성을 고려해 표본 대표성 평가 및 보정 절차를 문서화했습니다.",
            "id": "sample_087_0094_000028",
            "annotations": []
        },
        {
            "sentence": "블록모델 상세: 셀크기 10x10x5 m, 좌표원점 EPSG:5179, 블록 정렬 및 셀 중심 좌표는 모델 메타데이터에 기재되어 있습니다.",
            "id": "sample_087_0094_000029",
            "annotations": []
        },
        {
            "sentence": "결론 및 액션아이템: 민감 상업정보는 즉시 암호화하고 접근제어 정책을 강화하며, QA/QC 재검증과 환경기준 모니터링을 주기적으로 수행하십시오.",
            "id": "sample_087_0094_000030",
            "annotations": []
        }
    ]
}