{
    "document_id": "087_0066",
    "document_title": "정밀 광업 및 지구금속학 프로젝트 종합 운영·분석 보고서(초안)",
    "data": [
        {
            "sentence": "본 문서는 정밀 광업 및 지구금속학 분야의 탐사·시추·처리·환경 모니터링을 아우르는 종합 보고서 초안이다.",
            "id": "sample_087_0066_000001",
            "annotations": []
        },
        {
            "sentence": "프로젝트_ID: PRJ-2025-MX01; 문서 목적은 자원 추정, 블록 모델 연동, 환경·안전 준수 검토 및 운영 최적화를 지원하는 것이다.",
            "id": "sample_087_0066_000002",
            "annotations": [
                {
                    "word": "PRJ-2025-MX01",
                    "start": 9,
                    "end": 22,
                    "label": "기밀정보"
                }
            ]
        },
        {
            "sentence": "프로젝트 책임자: 윤라윤, 연락처: 010-1234-5678, 이메일: yoon.ry@minex.co.kr, 사번: EMP-0456; 연락 및 승인 체계는 체계화되어 있다.",
            "id": "sample_087_0066_000003",
            "annotations": [
                {
                    "word": "윤라윤",
                    "start": 10,
                    "end": 13,
                    "label": "개인정보"
                },
                {
                    "word": "010-1234-5678",
                    "start": 20,
                    "end": 33,
                    "label": "개인정보"
                },
                {
                    "word": "yoon.ry@minex.co.kr",
                    "start": 40,
                    "end": 59,
                    "label": "개인정보"
                },
                {
                    "word": "EMP-0456",
                    "start": 65,
                    "end": 73,
                    "label": "개인정보"
                }
            ]
        },
        {
            "sentence": "현장 매니저: 백승민, 사번: EMP-0789, 현장 주소(시군구): 경상북도 울진군; 현장 접근과 장비 반입 절차를 별도 규정한다.",
            "id": "sample_087_0066_000004",
            "annotations": [
                {
                    "word": "백승민",
                    "start": 8,
                    "end": 11,
                    "label": "개인정보"
                },
                {
                    "word": "EMP-0789",
                    "start": 17,
                    "end": 25,
                    "label": "개인정보"
                },
                {
                    "word": "경상북도 울진군",
                    "start": 39,
                    "end": 47,
                    "label": "준식별자"
                }
            ]
        },
        {
            "sentence": "블록 모델 연결 키: BM_KEY_BLK_000175는 원시 시추 데이터와 블록 모델을 매핑하는 내부 식별자이며 접근제어 대상이다.",
            "id": "sample_087_0066_000005",
            "annotations": [
                {
                    "word": "BM_KEY_BLK_000175",
                    "start": 12,
                    "end": 29,
                    "label": "기밀정보"
                }
            ]
        },
        {
            "sentence": "시추공_ID은 DHC-21-005이고 시추심도는 0–720 m로 기록되며, 코어_구간은 from 120.00 m to 132.50 m로 분할하여 중복·갭을 검사하였다.",
            "id": "sample_087_0066_000006",
            "annotations": []
        },
        {
            "sentence": "시추 위치 좌표는 위도 37.120123°N, 경도 129.413210°E, 고도 312.5 m이며 좌표계는 EPSG:5179(단위: m)로 통일하였다.",
            "id": "sample_087_0066_000007",
            "annotations": []
        },
        {
            "sentence": "시료 채취일자: 2025-03-05 (년:2025, 월:03, 일:05), 샘플_ID: SAMP-000987, 체인오브커스터디_ID: COC-2025-00012; 체인은 샘플링→운송→랩 접수까지 연속 추적된다.",
            "id": "sample_087_0066_000008",
            "annotations": [
                {
                    "word": "2025-03-05",
                    "start": 9,
                    "end": 19,
                    "label": "준식별자"
                },
                {
                    "word": "COC-2025-00012",
                    "start": 75,
                    "end": 89,
                    "label": "기밀정보"
                }
            ]
        },
        {
            "sentence": "분석실_ID: LAB-KR-11, 분석법: ICP-MS, XRF; 검출한계(LOD) 및 단위는 요소별로 표기하여 Au LOD 0.005 ppm, Pb LOD 0.02 ppm으로 기록하였다.",
            "id": "sample_087_0066_000009",
            "annotations": []
        },
        {
            "sentence": "시료 물리·광물학적 특성: 암상 기술은 리쏙·셰일·섬록암 등으로 표준화하였으며 광물조성 예시: 석영 34.2%, 섬록암 성분 18.7%, 탄산염 12.1%로 기록하였다.",
            "id": "sample_087_0066_000010",
            "annotations": []
        },
        {
            "sentence": "금속_등급(예시): Au 2.45 g/t, Ag 12.8 g/t, Cu 0.15%로 표기하며 원소 단위(ppm 또는 %, g/t)를 엄수하고 불확실성(표준편차)을 병기한다.",
            "id": "sample_087_0066_000011",
            "annotations": [
                {
                    "word": "Au 2.45 g/t",
                    "start": 11,
                    "end": 22,
                    "label": "기밀정보"
                }
            ]
        },
        {
            "sentence": "추정 매장량(기밀정보로 마킹): 12,500,000 t, 평균 등급 Au 2.45 g/t; 매장량·등급 수치는 상업적 민감정보로 접근제어·암호화 대상임을 명시한다.",
            "id": "sample_087_0066_000012",
            "annotations": [
                {
                    "word": "Au 2.45 g/t",
                    "start": 38,
                    "end": 49,
                    "label": "기밀정보"
                },
                {
                    "word": "12,500,000 t",
                    "start": 18,
                    "end": 30,
                    "label": "기밀정보"
                }
            ]
        },
        {
            "sentence": "QA/QC 섹션: 표준물질 STD-CRM-123(표준값 Au 2.50 g/t), 중복 표본 DUP-21, 블랭크 BLK-03 및 QAQC_플래그(표준물질/중복/블랭크)를 함께 제공한다.",
            "id": "sample_087_0066_000013",
            "annotations": []
        },
        {
            "sentence": "입도분포는 D50=125 µm, 분포범위 1–500 µm로 기록하고 습윤도는 3.5%로 표준화하여 공정 처리 파라미터 입력값으로 사용한다.",
            "id": "sample_087_0066_000014",
            "annotations": []
        },
        {
            "sentence": "시추 코어 CT 이미지 파일명: CORE_CT_DHC21_120-132.dcm(바이너리); CT 파일은 대용량 바이너리로 저장하며 파일 권한과 암호화가 필요하다.",
            "id": "sample_087_0066_000015",
            "annotations": [
                {
                    "word": "CORE_CT_DHC21_120-132.dcm",
                    "start": 18,
                    "end": 43,
                    "label": "기밀정보"
                }
            ]
        },
        {
            "sentence": "블록모델 메타데이터: 셀크기 10x10x5 m, 좌표원점 EPSG:5179 기준, 모델 해상도 10 m, 블록 모델과 원시 시추 데이터의 연결 키를 명시한다.",
            "id": "sample_087_0066_000016",
            "annotations": []
        },
        {
            "sentence": "지오스태티스틱스_파라미터(예시): 범위(range) 500 m, nugget 0.12, sill 1.02, 모델은 anisotropic exponential을 사용하였음을 기록한다.",
            "id": "sample_087_0066_000017",
            "annotations": []
        },
        {
            "sentence": "프로세스 플로우스텝은 선광→중간선택→정련으로 정의하고 처리수율 예시 86.4%를 기록하며 단계별 손실과 회수율 불확실성을 명시한다.",
            "id": "sample_087_0066_000018",
            "annotations": []
        },
        {
            "sentence": "환경측정: 침출수 Pb 0.12 mg/L를 관찰하였으며 환경부 규제한계는 0.05 mg/L로, 해당 배출농도는 규제 준수 관점에서 민감도로 마킹한다.",
            "id": "sample_087_0066_000019",
            "annotations": [
                {
                    "word": "Pb 0.12 mg/L",
                    "start": 10,
                    "end": 22,
                    "label": "기밀정보"
                }
            ]
        },
        {
            "sentence": "안전사고 로그 요약: 2025-03-12 14:32 현장에서 유출사고가 보고되었고 관련 보고서 번호는 R-2025-0312이며 인명 피해는 보고되지 않았다.",
            "id": "sample_087_0066_000020",
            "annotations": [
                {
                    "word": "2025-03-12 14:32",
                    "start": 12,
                    "end": 28,
                    "label": "준식별자"
                },
                {
                    "word": "R-2025-0312",
                    "start": 57,
                    "end": 68,
                    "label": "기밀정보"
                }
            ]
        },
        {
            "sentence": "장비 운영시간 및 캘리브레이션: HDD-Drill-01 누적작업시간 4,200 h, 장비 캘리브레이션 로그 ID CAL-2024-11-05로 기록되며 캘리브레이션 결과는 양호로 표기되었다.",
            "id": "sample_087_0066_000021",
            "annotations": [
                {
                    "word": "CAL-2024-11-05",
                    "start": 63,
                    "end": 77,
                    "label": "기밀정보"
                }
            ]
        },
        {
            "sentence": "운영비용(예상): 연간 OPEX USD 5,200,000, CAPEX USD 12,000,000, 결제계좌번호: 123-456-789012(금융정보는 기밀로 취급)로 예산안을 제시한다.",
            "id": "sample_087_0066_000022",
            "annotations": [
                {
                    "word": "123-456-789012",
                    "start": 63,
                    "end": 77,
                    "label": "기밀정보"
                }
            ]
        },
        {
            "sentence": "데이터 매핑 키 예시: sample_to_block_key=BLKLINK_98765; 원시 데이터와 블록 모델 매핑 정보는 내부 기밀 식별자이다.",
            "id": "sample_087_0066_000023",
            "annotations": [
                {
                    "word": "BLKLINK_98765",
                    "start": 33,
                    "end": 46,
                    "label": "기밀정보"
                }
            ]
        },
        {
            "sentence": "샘플링 바이어스 검토: 시추 간격 불균형과 코어 회수율 편차(평균 89±5%)는 블록 모델의 불확실성에 중요한 영향을 미친다.",
            "id": "sample_087_0066_000024",
            "annotations": []
        },
        {
            "sentence": "결측 처리 전략 및 불확실성 보고: 기본은 LOCF, 보간은 kriging with external drift, 불확실성은 부트스트랩 표준편차로 제시한다.",
            "id": "sample_087_0066_000025",
            "annotations": []
        },
        {
            "sentence": "규제준수문서: 허가증 번호 PERMIT-KR-2024-88이 발급되어 있으며 제출된 서류와 허가 정보는 암호화 저장 및 접근제어 대상이다.",
            "id": "sample_087_0066_000026",
            "annotations": [
                {
                    "word": "PERMIT-KR-2024-88",
                    "start": 15,
                    "end": 32,
                    "label": "기밀정보"
                }
            ]
        },
        {
            "sentence": "민감한 상업정보는 암호화 및 역할기반 접근제어(RBAC)를 통해 보호하고 데이터 접근 로그를 감사 가능한 형태로 유지해야 한다.",
            "id": "sample_087_0066_000027",
            "annotations": []
        },
        {
            "sentence": "담당 검토자: 배근태(검토자 ID: REV-301)이며 최종 승인은 내부 결재 절차에 따라 진행될 예정이다.",
            "id": "sample_087_0066_000028",
            "annotations": [
                {
                    "word": "배근태",
                    "start": 8,
                    "end": 11,
                    "label": "개인정보"
                },
                {
                    "word": "REV-301",
                    "start": 20,
                    "end": 27,
                    "label": "개인정보"
                }
            ]
        }
    ]
}