{
    "document_id": "087_0024",
    "document_title": "정밀 광업 및 지구금속학: 창원 3구역 시추·분석 종합보고서",
    "data": [
        {
            "sentence": "본 문서는 정밀 광업 및 지구금속학 관점에서 창원 3구역의 시추, 분석, 블록모델 및 환경·안전 데이터를 통합한 종합보고서입니다.",
            "id": "sample_087_0024_000001",
            "annotations": []
        },
        {
            "sentence": "프로젝트 담당자 및 체인오브커스터디 담당자는 백성용이며 사번은 EMP-2024-089이고 이메일은 seongyong.baek@company.co.kr이며 연락처는 010-1234-5678로 등록되어 있습니다.",
            "id": "sample_087_0024_000002",
            "annotations": [
                {
                    "word": "백성용",
                    "start": 25,
                    "end": 28,
                    "label": "개인정보"
                },
                {
                    "word": "EMP-2024-089",
                    "start": 35,
                    "end": 47,
                    "label": "개인정보"
                },
                {
                    "word": "seongyong.baek@company.co.kr",
                    "start": 55,
                    "end": 83,
                    "label": "개인정보"
                },
                {
                    "word": "010-1234-5678",
                    "start": 91,
                    "end": 104,
                    "label": "개인정보"
                }
            ]
        },
        {
            "sentence": "프로젝트_ID는 PRJ-087-0024로 표기하였고 본 보고서는 탐사→시추→분석→블록모델링까지 전 생애주기 데이터를 포함합니다.",
            "id": "sample_087_0024_000003",
            "annotations": []
        },
        {
            "sentence": "현장 주소(상세): 경상남도 창원시 성산구 가음정동 123-4에 위치하며 접근 좌표와 허가문서는 별도 보안서버에 저장됩니다.",
            "id": "sample_087_0024_000004",
            "annotations": [
                {
                    "word": "경상남도 창원시 성산구 가음정동 123-4",
                    "start": 11,
                    "end": 34,
                    "label": "개인정보"
                }
            ]
        },
        {
            "sentence": "위치(시군구) 메타데이터는 경상남도, 창원시, 성산구로 구분하여 EPSG:4326 기준 위경도와 함께 저장합니다.",
            "id": "sample_087_0024_000005",
            "annotations": [
                {
                    "word": "경상남도, 창원시, 성산구",
                    "start": 15,
                    "end": 29,
                    "label": "준식별자"
                }
            ]
        },
        {
            "sentence": "샘플채취일자: 2025-06-15로 기록되었으며 모든 날짜는 연-월-일 형식으로 분리 저장합니다.",
            "id": "sample_087_0024_000006",
            "annotations": [
                {
                    "word": "2025-06-15",
                    "start": 8,
                    "end": 18,
                    "label": "준식별자"
                }
            ]
        },
        {
            "sentence": "체인오브커스터디 ID는 COC-2024-0034로 할당되었으며 수거→이송→분석의 로그가 암호화되어 보관됩니다.",
            "id": "sample_087_0024_000007",
            "annotations": [
                {
                    "word": "COC-2024-0034",
                    "start": 13,
                    "end": 26,
                    "label": "기밀정보"
                }
            ]
        },
        {
            "sentence": "매장량(추정): 12,450,000 t으로 내부 자원 추정 값이 포함되어 있으므로 해당 수치는 기밀로 분류됩니다.",
            "id": "sample_087_0024_000008",
            "annotations": [
                {
                    "word": "매장량(추정): 12,450,000 t",
                    "start": 0,
                    "end": 21,
                    "label": "기밀정보"
                }
            ]
        },
        {
            "sentence": "내부 인프라 관련 정보로서 내부 서버 IP: 10.0.0.12는 운영 보안상 비공개 처리 대상입니다.",
            "id": "sample_087_0024_000009",
            "annotations": [
                {
                    "word": "10.0.0.12",
                    "start": 25,
                    "end": 34,
                    "label": "기밀정보"
                }
            ]
        },
        {
            "sentence": "환경측정 예시로 침출수 중 아세트산 농도는 0.45 mg/L(검출한계 0.01 mg/L)로 기록되었고 규제한계 0.5 mg/L와 비교분석했습니다.",
            "id": "sample_087_0024_000010",
            "annotations": [
                {
                    "word": "침출수 중 아세트산 농도는 0.45 mg/L",
                    "start": 9,
                    "end": 33,
                    "label": "기밀정보"
                }
            ]
        },
        {
            "sentence": "안전사고 로그에는 2024-05-12 장비전도 사고(부상자 없음)와 조사ID INV-2024-58이 포함되어 있으며 해당 로그는 규제 준수 관점에서 민감도로 분류됩니다.",
            "id": "sample_087_0024_000011",
            "annotations": [
                {
                    "word": "2024-05-12 장비전도 사고",
                    "start": 10,
                    "end": 28,
                    "label": "기밀정보"
                },
                {
                    "word": "INV-2024-58",
                    "start": 43,
                    "end": 54,
                    "label": "기밀정보"
                }
            ]
        },
        {
            "sentence": "시추공_ID는 DRS-CLN-003이며 시추심도는 312.5 m로 기록되었고 코어_구간_from_to는 0.0-312.5 m로 전체 심도가 분할 기입되어 있습니다.",
            "id": "sample_087_0024_000012",
            "annotations": []
        },
        {
            "sentence": "코어 구간 별로 from/to로 분할하고 예: 78.0-85.5 m, 85.5-91.0 m 등으로 표준화하여 중복·갭 검사를 수행하였고 이상 없음이 확인되었습니다.",
            "id": "sample_087_0024_000013",
            "annotations": []
        },
        {
            "sentence": "샘플 위치 좌표는 위도 35.230145 N, 경도 128.681234 E, 고도 124.5 m(EPSG:4326, 단위:°/m)로 기록되어 GIS 레이어와 정합됩니다.",
            "id": "sample_087_0024_000014",
            "annotations": []
        },
        {
            "sentence": "샘플_ID SAMP-087-000452와 체인오브커스터디 COC-2024-0034가 매핑되었고 대표 회수율은 96.2%로 보고되었습니다; 채취방법은 HQ 코어입니다.",
            "id": "sample_087_0024_000015",
            "annotations": [
                {
                    "word": "COC-2024-0034",
                    "start": 32,
                    "end": 45,
                    "label": "기밀정보"
                }
            ]
        },
        {
            "sentence": "분석실_ID는 LAB-KR-09이며 분석법은 ICP-MS(원소별 ppm), XRF(광물 %), SEM(미세조직), CT(3D 코어 이미지)로 표준화되어 있습니다.",
            "id": "sample_087_0024_000016",
            "annotations": []
        },
        {
            "sentence": "분석값 예시로 Au 1.25 g/t, Cu 1.85%(±0.05% 표준편차), S 0.45%로 기록했고 각 원소별 검출한계는 분석법 별로 명시했습니다.",
            "id": "sample_087_0024_000017",
            "annotations": []
        },
        {
            "sentence": "QA/QC 플래그는 표준물질 STD-01 회수율 98±2%, 중복(DUP) RPD 3.5%, 블랭크(BLK) 비검출 등으로 라벨링되어 분석결과에 연결되어 있습니다.",
            "id": "sample_087_0024_000018",
            "annotations": []
        },
        {
            "sentence": "입도분포(대표시료)는 D10=12 µm, D50=65 µm, D90=210 µm으로 보고되며 습윤도는 4.8%로 표기했습니다(단위 µm/% 명기).",
            "id": "sample_087_0024_000019",
            "annotations": []
        },
        {
            "sentence": "블록모델_접근키 BM_KEY_087_2024_001이 블록모델과 원시시추 데이터를 연결하며 셀크기 10×10×5 m, 좌표원점은 EPSG:5179(단위 m)로 정의했습니다.",
            "id": "sample_087_0024_000020",
            "annotations": [
                {
                    "word": "BM_KEY_087_2024_001",
                    "start": 9,
                    "end": 28,
                    "label": "기밀정보"
                }
            ]
        },
        {
            "sentence": "지오스태티스틱스_파라미터는 범위 X=120 m, Y=85 m, Z=12 m, nugget=0.12, sill=1.25로 설정하고 교차검증을 수행했습니다.",
            "id": "sample_087_0024_000021",
            "annotations": []
        },
        {
            "sentence": "불확실성 메타데이터에는 원소별 표준편차, 분석오차, 공간적 불확실성 지표가 포함되며 결측처리는 다중대체(MICE) 및 지오스태티스틱스 보간으로 처리합니다.",
            "id": "sample_087_0024_000022",
            "annotations": []
        },
        {
            "sentence": "프로세스_플로우스텝은 분쇄→선별→부유선별→농축→정광회수로 정의되어 있으며 처리수율은 실험값 기준 68.5%±2.1%로 표기했습니다.",
            "id": "sample_087_0024_000023",
            "annotations": []
        },
        {
            "sentence": "환경관리 권고로 배출수 연속모니터링(타임스탬프 포함)과 현장 센서 캘리브레이션 로그, 장비 ID 기록을 의무화하도록 명시했습니다.",
            "id": "sample_087_0024_000024",
            "annotations": []
        },
        {
            "sentence": "현장 센서 데이터 예시는 pH 7.8 @2024-11-12T08:45:00Z, 전도도 1.2 mS/cm이며 캘리브레이션 레퍼런스는 CLB-2024-11-01로 기록되었습니다.",
            "id": "sample_087_0024_000025",
            "annotations": []
        },
        {
            "sentence": "샘플링 바이어스 검토에서는 시추 간격과 코어 회수율(평균 96.2%)에 따른 대표성 한계를 분석하고 가중치 보정을 적용하였습니다.",
            "id": "sample_087_0024_000026",
            "annotations": []
        },
        {
            "sentence": "운영비용 및 장비 관련 메타데이터로 장비_작업시간 총 18,450 h, 운영비용(USD) 총합 5,230,000 USD가 산출되었으며 세부내역은 접근제어 대상입니다.",
            "id": "sample_087_0024_000027",
            "annotations": [
                {
                    "word": "운영비용(USD) 총합 5,230,000 USD",
                    "start": 40,
                    "end": 66,
                    "label": "기밀정보"
                }
            ]
        },
        {
            "sentence": "규제준수문서(폐수배출허가서, 토지복구계획 등)는 첨부되어 있고 민감 정보는 암호화 저장 및 접근권한 로그 기록이 요구됩니다.",
            "id": "sample_087_0024_000028",
            "annotations": []
        },
        {
            "sentence": "데이터 연결 예시: 원시 시추 데이터와 블록 모델의 연결키는 BM_KEY_087_2024_001과 SAMP-087-000452로 매핑되어 있으며 매핑 로그를 보관합니다.",
            "id": "sample_087_0024_000029",
            "annotations": []
        },
        {
            "sentence": "결론 및 권고사항으로 민감한 상업정보(매장량, 비용 등)는 암호화와 역할기반 접근제어(RBAC)로 관리하고 환경·안전 수치는 별도 보안등급으로 처리할 것을 권고합니다.",
            "id": "sample_087_0024_000030",
            "annotations": []
        }
    ]
}