{
    "document_id": "087_0061",
    "document_title": "정밀 광업 및 지구금속학: 원주 광구 정밀 조사 및 블록모델 통합 보고서",
    "data": [
        {
            "sentence": "본 보고서는 정밀 광업 및 지구금속학 관점에서 채굴 계획 최적화와 블록모델 정합성 검토를 목적으로 작성되었다.",
            "id": "sample_087_0061_000001",
            "annotations": []
        },
        {
            "sentence": "프로젝트 관리자(프로젝트 책임): 권재준, 내부 식별자(사번): EMP-2023-045가 프로젝트 운영을 총괄한다.",
            "id": "sample_087_0061_000002",
            "annotations": [
                {
                    "word": "권재준",
                    "start": 19,
                    "end": 22,
                    "label": "개인정보"
                },
                {
                    "word": "EMP-2023-045",
                    "start": 36,
                    "end": 48,
                    "label": "개인정보"
                }
            ]
        },
        {
            "sentence": "조사 대상지는 위도 37.123456 N, 경도 127.654321 E, 고도 520.5 m에 위치하며 좌표계는 EPSG:4326(단위: 도/미터), 행정구역: 강원도 원주시로 보고한다.",
            "id": "sample_087_0061_000003",
            "annotations": [
                {
                    "word": "원주시",
                    "start": 94,
                    "end": 97,
                    "label": "준식별자"
                }
            ]
        },
        {
            "sentence": "프로젝트_ID는 PJT-2025-001로 표기하며 본 문서의 데이터 식별 및 버전 관리는 해당 ID를 기준으로 한다.",
            "id": "sample_087_0061_000004",
            "annotations": []
        },
        {
            "sentence": "기초 시추정보: 시추공_ID DH-001, 시추심도 총 852.5 m, 대표 코어 COC 식별자 및 체인오브커스터디는 COC-20250315-0001로 기록되어 있다.",
            "id": "sample_087_0061_000005",
            "annotations": [
                {
                    "word": "COC-20250315-0001",
                    "start": 66,
                    "end": 83,
                    "label": "기밀정보"
                }
            ]
        },
        {
            "sentence": "코어_구간은 깊이 기준으로 from/to로 분할 기록되며 예시로 120.50 m부터 125.75 m까지가 하나의 절편으로 표기되고 코어 회수율은 섹션별로 92.5%로 평가되었다.",
            "id": "sample_087_0061_000006",
            "annotations": []
        },
        {
            "sentence": "암상은 규암, 셰일, 섬록암 및 화강암 띠로 층서화되며 각 지질도층별_두께는 1.2 m에서 25.3 m 범위로 매핑되었다.",
            "id": "sample_087_0061_000007",
            "annotations": []
        },
        {
            "sentence": "시료의 광물조성 표기는 질량비(%)로 제출되었고 금속_등급은 Au 평균 3.5 g/t(약 3.5 ppm)로 보고되었다; 원소별 단위와 검출한계는 각 분석표에 명시한다.",
            "id": "sample_087_0061_000008",
            "annotations": []
        },
        {
            "sentence": "내부 추정치는 기밀로 분류되며 예비 수치로서 추정 매장량은 1,250,000 t, 예상 운영비용(USD)은 4,250,000로 내부 결재 전까지 비공개로 유지해야 한다; 자금계좌정보 예: 계좌번호 987-654-3210, 내부 서버 IP 10.10.10.5는 민감정보로 취급한다.",
            "id": "sample_087_0061_000009",
            "annotations": [
                {
                    "word": "1,250,000 t",
                    "start": 33,
                    "end": 44,
                    "label": "기밀정보"
                },
                {
                    "word": "계좌번호 987-654-3210",
                    "start": 105,
                    "end": 122,
                    "label": "기밀정보"
                },
                {
                    "word": "10.10.10.5",
                    "start": 133,
                    "end": 143,
                    "label": "기밀정보"
                }
            ]
        },
        {
            "sentence": "시료별 분석은 ICP-MS 및 XRF를 주된 방법으로 사용하였으며 각 원소별 검출한계(detection limit)와 표준편차(측정오차)를 결과표에 병기하였다.",
            "id": "sample_087_0061_000010",
            "annotations": []
        },
        {
            "sentence": "시료채취일자와 시간은 체계적으로 기록되어 있으며 예시 시료의 시료채취일자: 2025-03-15로 메타데이터에 분리(년/월/일) 형태로 저장된다.",
            "id": "sample_087_0061_000011",
            "annotations": [
                {
                    "word": "2025-03-15",
                    "start": 42,
                    "end": 52,
                    "label": "준식별자"
                }
            ]
        },
        {
            "sentence": "분석실 및 연락처: 분석실_ID LAB-EN-07, 분석 책임자 손경아가 QA/QC 절차와 데이터 승인 권한을 보유한다.",
            "id": "sample_087_0061_000012",
            "annotations": [
                {
                    "word": "손경아",
                    "start": 36,
                    "end": 39,
                    "label": "개인정보"
                }
            ]
        },
        {
            "sentence": "랩 분석값은 원소별 단위(ppm 또는 %)로 표기하며 검출한계, 표준물질 결과(표준값), 중복 및 블랭크에 대한 QAQC_표준값을 병기한다.",
            "id": "sample_087_0061_000013",
            "annotations": []
        },
        {
            "sentence": "블록모델 메타데이터: 블록모델_셀크기 20x20x5 m, 좌표원점(X0,Y0,Z0)은 EPSG:4326 기준으로 명시하며 해상도 및 셀정렬 정보를 포함한다.",
            "id": "sample_087_0061_000014",
            "annotations": []
        },
        {
            "sentence": "지오스태티스틱스_파라미터로는 변이함수 유형(구형), 범위(range) X=250 m Y=150 m Z=50 m, sill과 nugget값을 문서화하였다.",
            "id": "sample_087_0061_000015",
            "annotations": []
        },
        {
            "sentence": "프로세스_플로우스텝과 처리수율은 원광 수집→분쇄→선광→정련의 단계로 명세하며 각 단계별 처리수율(%)을 성능지표로 관리한다.",
            "id": "sample_087_0061_000016",
            "annotations": []
        },
        {
            "sentence": "환경측정 데이터는 침출수 중 As, Pb, Cd 농도 등 규제 한계치 비교표를 포함하며 모니터링 지점의 시계열을 기록한다.",
            "id": "sample_087_0061_000017",
            "annotations": []
        },
        {
            "sentence": "안전사고 로그 예시: 사고일자 2024-11-12, 사고유형 경미한 추락, 현장 보고자 및 담당자 최규식이 초기조치와 보고를 담당하였다.",
            "id": "sample_087_0061_000018",
            "annotations": [
                {
                    "word": "2024-11-12",
                    "start": 17,
                    "end": 27,
                    "label": "준식별자"
                },
                {
                    "word": "최규식",
                    "start": 55,
                    "end": 58,
                    "label": "개인정보"
                }
            ]
        },
        {
            "sentence": "장비 운영시간 및 정비이력은 설비별 누적 가동시간(h)과 캘리브레이션 로그를 포함하며 예비 부품 교체 이력도 함께 기록한다.",
            "id": "sample_087_0061_000019",
            "annotations": []
        },
        {
            "sentence": "체인오브커스터디 절차는 샘플 수거에서 랩 분석까지 COC ID를 통해 추적가능해야 하며, 관련 문서는 내부 저장소에 보관한다.",
            "id": "sample_087_0061_000020",
            "annotations": []
        },
        {
            "sentence": "민감 상업정보는 접근제어와 암호화 필요성이 기술되어 있으며 규제·운영 문서는 내부 파일 경로 \\\\internal\\docs\\reg\\report.pdf에 보관되어 있다.",
            "id": "sample_087_0061_000021",
            "annotations": [
                {
                    "word": "\\\\internal\\docs\\reg\\report.pdf",
                    "start": 52,
                    "end": 82,
                    "label": "기밀정보"
                }
            ]
        },
        {
            "sentence": "샘플링 바이어스와 대표성 문제는 시추 간격, 코어 회수율 및 표본 밀도에 기초해 평가하고 블록 모델 불확실성에 반영하는 절차를 기술하였다.",
            "id": "sample_087_0061_000022",
            "annotations": []
        },
        {
            "sentence": "현장 센서 데이터는 타임스탬프(ISO 8601), 장비 ID, 캘리브레이션 로그를 포함하며 네트워크 불안정에 대비한 로컬 큐잉 전략을 권고한다.",
            "id": "sample_087_0061_000023",
            "annotations": []
        },
        {
            "sentence": "결측치 처리 전략과 불확실성 표시는 표준편차, 측정오차, 결측 유형(MCAR, MAR, MNAR)에 따라 메타데이터로 문서화하였다.",
            "id": "sample_087_0061_000024",
            "annotations": []
        },
        {
            "sentence": "권고 사항: 매장량 및 재무 수치는 최소 권한 원칙으로 접근 통제하고 암호화 저장을 의무화하며 내부 검토 전 외부 공유를 엄격히 금지한다.",
            "id": "sample_087_0061_000025",
            "annotations": []
        },
        {
            "sentence": "연락 및 추가자료 요청 담당자는 나세한으로 지정되며 자료 접근 권한 요청은 공식 승인 절차를 통해야 한다.",
            "id": "sample_087_0061_000026",
            "annotations": [
                {
                    "word": "나세한",
                    "start": 18,
                    "end": 21,
                    "label": "개인정보"
                }
            ]
        },
        {
            "sentence": "블록 모델과 원시 시추 데이터의 연결키 예시: link_key=BM_DH_LINK_0001로 표준화하여 데이터 매칭을 지원한다.",
            "id": "sample_087_0061_000027",
            "annotations": []
        },
        {
            "sentence": "문서 일부는 내부기밀(Confidential)로 분류되어 외부 공개 금지 및 로그 기반 접근감사를 적용한다.",
            "id": "sample_087_0061_000028",
            "annotations": []
        },
        {
            "sentence": "향후 작업 항목으로는 추가 시추 설계, 블록모델 재실행, 공정 최적화 시뮬레이션 및 규제 준수 갭 분석을 제안한다.",
            "id": "sample_087_0061_000029",
            "annotations": []
        },
        {
            "sentence": "보고서 승인자: 정강혁, 승인은 내부 권한체계에 따라 전자서명으로 처리되며 승인 이력은 감사 로그에 보존된다.",
            "id": "sample_087_0061_000030",
            "annotations": [
                {
                    "word": "정강혁",
                    "start": 9,
                    "end": 12,
                    "label": "개인정보"
                }
            ]
        }
    ]
}