{
    "document_id": "095_0018",
    "document_title": "크라우드펀딩 캠페인 095_0018 정산 및 컴플라이언스 종합보고서",
    "data": [
        {
            "sentence": "본 문서는 크라우드펀딩 플랫폼의 캠페인 운영과 결제·규정준수 리스크 관리를 위한 합성 보고서입니다.",
            "id": "sample_095_0018_000001",
            "annotations": []
        },
        {
            "sentence": "해당 레코드는 캠페인 식별자 campaign_id: CAMP_095_0018을 기준으로 생성되었으며 추적가능한 메타데이터를 포함합니다.",
            "id": "sample_095_0018_000002",
            "annotations": []
        },
        {
            "sentence": "campaign_title: 도심형 친환경 정원 키트 개발 캠페인의 목적, 일정, 리스크 및 재무 흐름을 정리합니다.",
            "id": "sample_095_0018_000003",
            "annotations": []
        },
        {
            "sentence": "creator_id: CRT_00018, creator_name: 권하주가 캠페인 메인 크리에이터로 등록되어 있으며 KYC 토큰과 매칭됩니다.",
            "id": "sample_095_0018_000004",
            "annotations": [
                {
                    "word": "권하주",
                    "start": 37,
                    "end": 40,
                    "label": "개인정보"
                },
                {
                    "word": "CRT_00018",
                    "start": 12,
                    "end": 21,
                    "label": "개인정보"
                }
            ]
        },
        {
            "sentence": "project_description에는 제품 컨셉, 제조계획, 리워드 스펙과 예상 배송일이 포함되어 캠페인 리스크 평가에 사용됩니다.",
            "id": "sample_095_0018_000005",
            "annotations": []
        },
        {
            "sentence": "category: Product, funding_goal_currency: KRW, funding_goal_amount: 15,000,000 KRW로 목표 설정과 통화 단위를 명시합니다.",
            "id": "sample_095_0018_000006",
            "annotations": []
        },
        {
            "sentence": "현재 pledged_amount: 12,450,500 KRW, backer_count: 312으로 집계되어 있으며 실시간 집계 로그가 트리거됩니다.",
            "id": "sample_095_0018_000007",
            "annotations": []
        },
        {
            "sentence": "캠페인 기간은 start_date: 2025-03-01부터 end_date: 2025-04-30까지이며 funding_model: all_or_nothing으로 설정되어 있습니다.",
            "id": "sample_095_0018_000008",
            "annotations": []
        },
        {
            "sentence": "reward_tiers: tier_01|amount:30,000 KRW|description:Early Bird|limit:100, tier_02|amount:50,000 KRW|description:Standard로 구성됩니다.",
            "id": "sample_095_0018_000009",
            "annotations": []
        },
        {
            "sentence": "updates 항목은 update_001|timestamp:2025-03-05T10:12:00Z|content:프로덕션 시작 안내로 기록되어 커뮤니케이션 이력을 형성합니다.",
            "id": "sample_095_0018_000010",
            "annotations": []
        },
        {
            "sentence": "comments: cmt_0001|backer_id:BKR_0045|backer_name:원세현|content:기대됩니다|timestamp:2025-03-06T08:05:00Z로 후원자 피드백이 저장됩니다.",
            "id": "sample_095_0018_000011",
            "annotations": [
                {
                    "word": "원세현",
                    "start": 50,
                    "end": 53,
                    "label": "개인정보"
                },
                {
                    "word": "BKR_0045",
                    "start": 29,
                    "end": 37,
                    "label": "개인정보"
                }
            ]
        },
        {
            "sentence": "payment_transactions: txn_tok_1001|backer_id:BKR_0045|amount:30,000|currency:KRW|status:settled|gateway:pg_payco 형태로 결제 로그가 남습니다.",
            "id": "sample_095_0018_000012",
            "annotations": [
                {
                    "word": "BKR_0045",
                    "start": 45,
                    "end": 53,
                    "label": "개인정보"
                }
            ]
        },
        {
            "sentence": "payment_transactions: txn_tok_1002|backer_id:BKR_0078|amount:50,000|currency:USD|fx_rate:1 USD = 1250.50 KRW|fx_timestamp:2025-03-07T07:00:00Z|status:refunded|gateway:stripe로 환율을 기록합니다.",
            "id": "sample_095_0018_000013",
            "annotations": [
                {
                    "word": "BKR_0078",
                    "start": 45,
                    "end": 53,
                    "label": "개인정보"
                }
            ]
        },
        {
            "sentence": "payouts: payout_0003|amount:11,200,000 KRW|date:2025-04-05|status:completed|includes_txns:[txn_tok_1001]는 settled 거래만 정산 대상임을 반영합니다.",
            "id": "sample_095_0018_000014",
            "annotations": []
        },
        {
            "sentence": "refunds: refund_0001|txn_id:txn_tok_1002|amount:50,000 USD|reason:배송불가|status:completed으로 환불과 회계 조정이 수행되었음을 표시합니다.",
            "id": "sample_095_0018_000015",
            "annotations": []
        },
        {
            "sentence": "chargebacks: cb_0001|txn_id:txn_tok_1003|amount:75,000 KRW|status:disputed|result:reversed 항목은 정산 취소와 재무조정을 자동으로 촉발합니다.",
            "id": "sample_095_0018_000016",
            "annotations": []
        },
        {
            "sentence": "KYC_documents: doc_7001|type:passport_scan|status:verified|metadata:{country:'KR',redacted:true}로 원본은 외부 안전 저장소에 보관되고 메타데이터만 시스템에 노출됩니다.",
            "id": "sample_095_0018_000017",
            "annotations": []
        },
        {
            "sentence": "investor_compliance: campaign classified as securities_potential; accredited_required:true; accredited_record: acc_rec_009|verifier: 심수민|verified:true로 투자형 캠페인 요건을 기록합니다.",
            "id": "sample_095_0018_000018",
            "annotations": [
                {
                    "word": "심수민",
                    "start": 133,
                    "end": 136,
                    "label": "개인정보"
                }
            ]
        },
        {
            "sentence": "platform_fees는 fee_rate:0.05와 fixed_fee:300 KRW로 분리 기록되며 환율 적용과 반올림 규칙을 별도 로그로 남깁니다.",
            "id": "sample_095_0018_000019",
            "annotations": []
        },
        {
            "sentence": "tax_withholdings: vat_rate:0.10|withheld_amount:1,245,050 KRW|jurisdiction:KR로 세금 원천징수 내역을 분리 보관합니다.",
            "id": "sample_095_0018_000020",
            "annotations": []
        },
        {
            "sentence": "shipping_orders: order_9001|backer_id:BKR_0045|reward_tier:tier_01|status:shipped|carrier:CJ대한통운|tracking:KR000123456789|address_redaction:true로 배송 주소는 마스킹 처리합니다.",
            "id": "sample_095_0018_000021",
            "annotations": [
                {
                    "word": "BKR_0045",
                    "start": 38,
                    "end": 46,
                    "label": "개인정보"
                }
            ]
        },
        {
            "sentence": "fulfillment_privacy 정책에 따라 배송 주소는 암호화되어 물류 파트너에는 토큰만 전달되며 최소 권한 원칙을 적용합니다.",
            "id": "sample_095_0018_000022",
            "annotations": []
        },
        {
            "sentence": "audit_logs: log_0001|actor:원용기|action:approve_payout|timestamp:2025-04-05T09:12:34Z 형식으로 누가 언제 어떤 변경을 했는지 추적합니다.",
            "id": "sample_095_0018_000023",
            "annotations": [
                {
                    "word": "원용기",
                    "start": 27,
                    "end": 30,
                    "label": "개인정보"
                }
            ]
        },
        {
            "sentence": "audit_logs: log_0002|actor:진별하|action:update_reward|timestamp:2025-03-10T14:22:01Z로 리워드 수정 내역과 담당자를 보존합니다.",
            "id": "sample_095_0018_000024",
            "annotations": [
                {
                    "word": "진별하",
                    "start": 27,
                    "end": 30,
                    "label": "개인정보"
                }
            ]
        },
        {
            "sentence": "security_artifacts: internal_ip:10.0.0.5|config_file:/var/internal/escrow_rules_v2.json은 접근제어가 적용된 기밀 저장소에 보관됩니다.",
            "id": "sample_095_0018_000025",
            "annotations": [
                {
                    "word": "10.0.0.5",
                    "start": 32,
                    "end": 40,
                    "label": "기밀정보"
                },
                {
                    "word": "/var/internal/escrow_rules_v2.json",
                    "start": 53,
                    "end": 87,
                    "label": "기밀정보"
                }
            ]
        },
        {
            "sentence": "bank_account_reference: acct_tok_0001|bank_name:토큰은행|note:실제 계좌는 금고에 보관되며 플랫폼은 토큰으로 매칭하여 회계 연결합니다.",
            "id": "sample_095_0018_000026",
            "annotations": [
                {
                    "word": "acct_tok_0001",
                    "start": 24,
                    "end": 37,
                    "label": "기밀정보"
                }
            ]
        },
        {
            "sentence": "userdata_example: KYC 생년:1990|생월:03|생일:15|성별:여성|주소(시):서울특별시|주소(구):강남구|contact_email:backer_0045@platform.example|phone:+82-10-0000-0001로 준식별자와 연락처 샘플을 제시합니다.",
            "id": "sample_095_0018_000027",
            "annotations": [
                {
                    "word": "1990",
                    "start": 25,
                    "end": 29,
                    "label": "준식별자"
                },
                {
                    "word": "03",
                    "start": 33,
                    "end": 35,
                    "label": "준식별자"
                },
                {
                    "word": "15",
                    "start": 39,
                    "end": 41,
                    "label": "준식별자"
                },
                {
                    "word": "여성",
                    "start": 45,
                    "end": 47,
                    "label": "준식별자"
                },
                {
                    "word": "서울특별시",
                    "start": 54,
                    "end": 59,
                    "label": "준식별자"
                },
                {
                    "word": "강남구",
                    "start": 66,
                    "end": 69,
                    "label": "준식별자"
                },
                {
                    "word": "backer_0045@platform.example",
                    "start": 84,
                    "end": 112,
                    "label": "개인정보"
                },
                {
                    "word": "+82-10-0000-0001",
                    "start": 119,
                    "end": 135,
                    "label": "개인정보"
                }
            ]
        },
        {
            "sentence": "compliance_notes: GDPR 삭제 요청 처리 가능(request_id:del_req_321)과 마스킹 워크플로우가 감사추적에 반영되어 있습니다.",
            "id": "sample_095_0018_000028",
            "annotations": []
        }
    ]
}