{
    "document_id": "095_0039",
    "document_title": "크라우드펀딩 캠페인 운영·결제·정산 및 규정준수 종합 감사보고서",
    "data": [
        {
            "sentence": "문서 개요: 본 보고서는 크라우드펀딩 캠페인 운영, 결제·정산 및 규정준수 항목을 종합 점검합니다.",
            "id": "sample_095_0039_000001",
            "annotations": []
        },
        {
            "sentence": "대상 캠페인 ID는 cmp_095_0001이며 캠페인 제목은 '친환경 모듈러 가구 프로젝트'입니다.",
            "id": "sample_095_0039_000002",
            "annotations": []
        },
        {
            "sentence": "크리에이터는 토큰화된 식별자 creator_tok_300이며 담당자 명의는 이윤승으로 표기된 합성 이름을 사용합니다.",
            "id": "sample_095_0039_000003",
            "annotations": [
                {
                    "word": "이윤승",
                    "start": 42,
                    "end": 45,
                    "label": "개인정보"
                }
            ]
        },
        {
            "sentence": "프로젝트 설명에는 재활용 소재 기반 가구 생산 계획과 목표 시장 분석이 포함됩니다.",
            "id": "sample_095_0039_000004",
            "annotations": []
        },
        {
            "sentence": "카테고리는 '제품'이며 funding_goal_currency는 USD, funding_goal_amount는 150000.00으로 설정되어 있습니다.",
            "id": "sample_095_0039_000005",
            "annotations": []
        },
        {
            "sentence": "현재 pledged_amount는 103250.75 USD이며 backer_count는 1,234로 집계되어 있습니다.",
            "id": "sample_095_0039_000006",
            "annotations": []
        },
        {
            "sentence": "캠페인 기간은 start_date 2025-01-10와 end_date 2025-03-31로 명확히 정의되어 있습니다.",
            "id": "sample_095_0039_000007",
            "annotations": [
                {
                    "word": "2025-01-10",
                    "start": 19,
                    "end": 29,
                    "label": "준식별자"
                },
                {
                    "word": "2025-03-31",
                    "start": 40,
                    "end": 50,
                    "label": "준식별자"
                }
            ]
        },
        {
            "sentence": "funding_model은 all_or_nothing이며 성공 기준은 목표금액 달성 시 결제 청구 후 에스크로 해제입니다.",
            "id": "sample_095_0039_000008",
            "annotations": []
        },
        {
            "sentence": "리워드 티어 예시: tier_01|25.00|소형 책상 선착순 500개, tier_02|75.00|대형 책상 선착순 200개로 구성됩니다.",
            "id": "sample_095_0039_000009",
            "annotations": []
        },
        {
            "sentence": "업데이트 예시 update_0001은 2025-01-15에 '생산 라인 계약 체결' 공지가 게시되었습니다.",
            "id": "sample_095_0039_000010",
            "annotations": [
                {
                    "word": "2025-01-15",
                    "start": 21,
                    "end": 31,
                    "label": "준식별자"
                }
            ]
        },
        {
            "sentence": "댓글 예시 comment_1001에는 backer_id backer_0001이 '배송 관련 문의'를 남겼습니다.",
            "id": "sample_095_0039_000011",
            "annotations": [
                {
                    "word": "backer_0001",
                    "start": 31,
                    "end": 42,
                    "label": "개인정보"
                }
            ]
        },
        {
            "sentence": "결제 트랜잭션 txn_20250112_0005는 backer_id backer_0001이 75.00 USD를 결제했고 상태는 settled입니다.",
            "id": "sample_095_0039_000012",
            "annotations": [
                {
                    "word": "backer_0001",
                    "start": 37,
                    "end": 48,
                    "label": "개인정보"
                }
            ]
        },
        {
            "sentence": "페이먼트 게이트웨이는 Stripe로 기록되며 카드 토큰은 card_tok_7b9f로 PCI-DSS 준수 하에 저장됩니다.",
            "id": "sample_095_0039_000013",
            "annotations": [
                {
                    "word": "card_tok_7b9f",
                    "start": 32,
                    "end": 45,
                    "label": "기밀정보"
                }
            ]
        },
        {
            "sentence": "환율 레코드: USD→KRW rate 1310.45 at 2025-01-12T09:00:00Z 출처 ECB로 기록되어 계산의 재현성을 보장합니다.",
            "id": "sample_095_0039_000014",
            "annotations": []
        },
        {
            "sentence": "정산 대상은 settled 상태의 트랜잭션만 포함되며 payout_id po_20250205_01로 매칭됩니다.",
            "id": "sample_095_0039_000015",
            "annotations": []
        },
        {
            "sentence": "해당 payout 금액은 95,000.00 USD이며 상태는 paid_to_creator로 표시됩니다.",
            "id": "sample_095_0039_000016",
            "annotations": []
        },
        {
            "sentence": "정산을 위해 연결된 플랫폼 운영 계좌 토큰은 bank_account_token:BANK-TKN-7a3f로 내부 참조에 사용됩니다.",
            "id": "sample_095_0039_000017",
            "annotations": [
                {
                    "word": "bank_account_token:BANK-TKN-7a3f",
                    "start": 25,
                    "end": 57,
                    "label": "기밀정보"
                }
            ]
        },
        {
            "sentence": "환불 예시 refund_9001는 txn_20250112_0005에 대해 75.00 USD 환불이 진행되었고 상태는 refunded입니다.",
            "id": "sample_095_0039_000018",
            "annotations": []
        },
        {
            "sentence": "차지백 사례 cb_5001는 원인 '중복결제'로 접수되어 상태는 disputed이며 회계상 정산 취소가 필요합니다.",
            "id": "sample_095_0039_000019",
            "annotations": []
        },
        {
            "sentence": "KYC 문서 메타데이터 doc_kyc_1001은 type:passport, status:verified, redacted:true로 원본은 외부 안전 저장소에 보관합니다.",
            "id": "sample_095_0039_000020",
            "annotations": []
        },
        {
            "sentence": "투자형 캠페인 여부 평가 결과 현재는 투자 제안 기능을 미사용으로 처리하였으며 규제문서 보유 여부를 별도 기록합니다.",
            "id": "sample_095_0039_000021",
            "annotations": []
        },
        {
            "sentence": "만약 증권성으로 판단될 경우 accredited_investor 플래그와 투자자 KYC 파일 보유 여부를 별도 레코드로 관리합니다.",
            "id": "sample_095_0039_000022",
            "annotations": []
        },
        {
            "sentence": "배송 주문 order_5001는 backer_id backer_0002가 tier_02 리워드를 선택했고 상태는 shipped이며 트래킹 번호는 TRK123456789입니다.",
            "id": "sample_095_0039_000023",
            "annotations": [
                {
                    "word": "backer_0002",
                    "start": 28,
                    "end": 39,
                    "label": "개인정보"
                }
            ]
        },
        {
            "sentence": "지역 정보는 배송 라벨에 서울특별시 강남구로 표기되며 주소 전체는 최소 권한 원칙에 따라 암호화 저장됩니다.",
            "id": "sample_095_0039_000024",
            "annotations": [
                {
                    "word": "서울특별시",
                    "start": 14,
                    "end": 19,
                    "label": "준식별자"
                },
                {
                    "word": "강남구",
                    "start": 20,
                    "end": 23,
                    "label": "준식별자"
                }
            ]
        },
        {
            "sentence": "세금 원천징수 tax_withholding 5.0%와 플랫폼 수수료 fee_percent 5.5, fixed_fee 0.30 USD로 수수료 계산식이 분리 기록됩니다.",
            "id": "sample_095_0039_000025",
            "annotations": []
        },
        {
            "sentence": "복수 통화 정산 시 fixed_fee는 기준통화(USD)로 고정 후 환율 적용하며 소수점 오차는 반올림 정책으로 처리합니다.",
            "id": "sample_095_0039_000026",
            "annotations": []
        },
        {
            "sentence": "감사 로그 예시: audit_0001에서 운영자 정나율이 2025-01-20T14:32:10Z에 payout_status를 'paid_to_creator'로 변경하였습니다.",
            "id": "sample_095_0039_000027",
            "annotations": [
                {
                    "word": "정나율",
                    "start": 27,
                    "end": 30,
                    "label": "개인정보"
                }
            ]
        },
        {
            "sentence": "추가 감사 로그: audit_0002에서 보안팀 우예경이 파일 finance_report_2025_Q1_internal.draft에 접근하였고 해당 파일은 내부 기밀로 분류됩니다.",
            "id": "sample_095_0039_000028",
            "annotations": [
                {
                    "word": "우예경",
                    "start": 27,
                    "end": 30,
                    "label": "개인정보"
                },
                {
                    "word": "finance_report_2025_Q1_internal.draft",
                    "start": 35,
                    "end": 72,
                    "label": "기밀정보"
                }
            ]
        },
        {
            "sentence": "시스템 메타 정보로서 마지막 서버 접속 IP는 10.0.4.12이며 로그 보관 규칙 상 내부 네트워크로 분류되어 접근 제어가 적용됩니다.",
            "id": "sample_095_0039_000029",
            "annotations": [
                {
                    "word": "10.0.4.12",
                    "start": 26,
                    "end": 35,
                    "label": "기밀정보"
                }
            ]
        },
        {
            "sentence": "결론 및 조치: KYC 미완료 사용자 차단과 에스크로 규칙 재검토, 환불·차지백 프로세스 개선을 권고합니다.",
            "id": "sample_095_0039_000030",
            "annotations": []
        }
    ]
}