{
    "document_id": "095_0061",
    "document_title": "크라우드펀딩 캠페인 운영·결제 및 규정준수 기술 문서",
    "data": [
        {
            "sentence": "문서 개요: 크라우드펀딩 플랫폼 '펀드플러스'의 캠페인 운영 및 결제·정산 절차를 기술한다.",
            "id": "sample_095_0061_000001",
            "annotations": []
        },
        {
            "sentence": "캠페인 ID는 095_0061로 내부 추적용 토큰화 식별자를 사용한다.",
            "id": "sample_095_0061_000002",
            "annotations": []
        },
        {
            "sentence": "캠페인 제목은 '친환경 스마트 워터 보틀'이며 카테고리는 '제품'으로 분류되어 메타데이터가 생성된다.",
            "id": "sample_095_0061_000003",
            "annotations": []
        },
        {
            "sentence": "창작자(creator) 정보에는 creator_id: creator_tok_0001과 창작자명 전영신이 기록되어 있다.",
            "id": "sample_095_0061_000004",
            "annotations": [
                {
                    "word": "creator_tok_0001",
                    "start": 30,
                    "end": 46,
                    "label": "개인정보"
                },
                {
                    "word": "전영신",
                    "start": 53,
                    "end": 56,
                    "label": "개인정보"
                }
            ]
        },
        {
            "sentence": "창작자 연락처는 이메일 creator_0001@token.example.com과 휴대전화 토큰 [PHONE_TOKEN_0001]로 표시된다.",
            "id": "sample_095_0061_000005",
            "annotations": [
                {
                    "word": "creator_0001@token.example.com",
                    "start": 13,
                    "end": 43,
                    "label": "개인정보"
                },
                {
                    "word": "[PHONE_TOKEN_0001]",
                    "start": 53,
                    "end": 71,
                    "label": "개인정보"
                }
            ]
        },
        {
            "sentence": "창작자의 주소는 서울특별시 강남구 역삼동으로 지역 단위는 시/군/구/동으로 분리되어 저장된다.",
            "id": "sample_095_0061_000006",
            "annotations": [
                {
                    "word": "서울특별시",
                    "start": 9,
                    "end": 14,
                    "label": "준식별자"
                },
                {
                    "word": "강남구",
                    "start": 15,
                    "end": 18,
                    "label": "준식별자"
                },
                {
                    "word": "역삼동",
                    "start": 19,
                    "end": 22,
                    "label": "준식별자"
                }
            ]
        },
        {
            "sentence": "창작자 생년월일은 생년월일(연): 1985, (월): 05, (일): 21로 연·월·일 단위로 분리해 저장한다.",
            "id": "sample_095_0061_000007",
            "annotations": [
                {
                    "word": "1985",
                    "start": 19,
                    "end": 23,
                    "label": "준식별자"
                },
                {
                    "word": "05",
                    "start": 30,
                    "end": 32,
                    "label": "준식별자"
                },
                {
                    "word": "21",
                    "start": 39,
                    "end": 41,
                    "label": "준식별자"
                }
            ]
        },
        {
            "sentence": "창작자 성별은 남성으로 표기되며 이는 준식별자 분류에 해당한다.",
            "id": "sample_095_0061_000008",
            "annotations": [
                {
                    "word": "남성",
                    "start": 8,
                    "end": 10,
                    "label": "준식별자"
                }
            ]
        },
        {
            "sentence": "직업은 '제품개발자'로 기록되어 있으며 이는 준식별자 메타데이터로 처리된다.",
            "id": "sample_095_0061_000009",
            "annotations": [
                {
                    "word": "제품개발자",
                    "start": 5,
                    "end": 10,
                    "label": "준식별자"
                }
            ]
        },
        {
            "sentence": "해당 캠페인은 펀딩 목표금액 50,000 EUR로 설정되었고 목표 통화는 ISO 4217 코드 EUR이다.",
            "id": "sample_095_0061_000010",
            "annotations": []
        },
        {
            "sentence": "총 모금액 pledged_amount는 37,450 EUR이고 백커 수 backer_count는 312명으로 집계된다.",
            "id": "sample_095_0061_000011",
            "annotations": []
        },
        {
            "sentence": "결제 트랜잭션 txn_id: txn_tok_000123은 backer_id: backer_tok_0101가 2025-03-12T14:23:00Z에 120 EUR를 결제하고 status는 settled로 기록되었다.",
            "id": "sample_095_0061_000012",
            "annotations": [
                {
                    "word": "backer_tok_0101",
                    "start": 43,
                    "end": 58,
                    "label": "개인정보"
                },
                {
                    "word": "txn_tok_000123",
                    "start": 16,
                    "end": 30,
                    "label": "기밀정보"
                }
            ]
        },
        {
            "sentence": "결제 게이트웨이에는 Stripe와 PayGate가 사용되며 환불·차지백 로그는 audit_logs에서 추적된다.",
            "id": "sample_095_0061_000013",
            "annotations": []
        },
        {
            "sentence": "환율은 EUR→KRW 1408.75, 소스는 ECB이며 환율 타임스탬프는 2025-03-12T14:20:00Z로 기록된다.",
            "id": "sample_095_0061_000014",
            "annotations": []
        },
        {
            "sentence": "정산(payout) 레코드 payout_id: payout_tok_9001는 amount: 28,500 EUR, status: pending에서 settled로 전이되어 은행 전송 준비 중이다.",
            "id": "sample_095_0061_000015",
            "annotations": [
                {
                    "word": "payout_tok_9001",
                    "start": 26,
                    "end": 41,
                    "label": "기밀정보"
                }
            ]
        },
        {
            "sentence": "정산 대기 계좌는 은행 계좌 토큰 [BANK_ACCT_TOKEN_0001]로 저장되며 실제 계좌번호는 암호화 및 외부 HSM에 보관된다.",
            "id": "sample_095_0061_000016",
            "annotations": [
                {
                    "word": "[BANK_ACCT_TOKEN_0001]",
                    "start": 19,
                    "end": 41,
                    "label": "기밀정보"
                }
            ]
        },
        {
            "sentence": "과금 내역에는 플랫폼 수수료율의 변수 fee_rate: 0.05(5%)와 fixed_fee: 0.30 EUR가 분리되어 기록된다.",
            "id": "sample_095_0061_000017",
            "annotations": []
        },
        {
            "sentence": "세금 원천징수는 지역 규정에 따라 계산되며 VAT 10%가 적용된 항목과 소수점 반올림 규칙을 명시한다.",
            "id": "sample_095_0061_000018",
            "annotations": []
        },
        {
            "sentence": "환불 refund_id: refund_tok_450은 원래 txn_id: txn_tok_000123과 연계되어 amount: 120 EUR가 initiated 상태로 표시된다.",
            "id": "sample_095_0061_000019",
            "annotations": [
                {
                    "word": "txn_tok_000123",
                    "start": 41,
                    "end": 55,
                    "label": "기밀정보"
                },
                {
                    "word": "refund_tok_450",
                    "start": 14,
                    "end": 28,
                    "label": "기밀정보"
                }
            ]
        },
        {
            "sentence": "차지백 chargeback_id: cb_tok_77은 disputed 상태로 표시되며 회계상 정산 취소 및 수수료 보정 절차가 트리거된다.",
            "id": "sample_095_0061_000020",
            "annotations": [
                {
                    "word": "cb_tok_77",
                    "start": 19,
                    "end": 28,
                    "label": "기밀정보"
                }
            ]
        },
        {
            "sentence": "KYC 문서 메타데이터는 doc_id: doc_tok_1001, type: passport, status: verified, redaction: true로 저장되며 원본은 외부 안전 저장소로 참조한다.",
            "id": "sample_095_0061_000021",
            "annotations": [
                {
                    "word": "doc_tok_1001",
                    "start": 22,
                    "end": 34,
                    "label": "기밀정보"
                }
            ]
        },
        {
            "sentence": "투자형 캠페인 여부는 securities_flag: false로 표시되나 투자형일 경우 accredited 체크와 투자 단위, 증권발행 레코드를 별도로 관리한다.",
            "id": "sample_095_0061_000022",
            "annotations": []
        },
        {
            "sentence": "댓글 예시: comment_id c_0001에 서재익 백커가 '제품 기대됩니다'라고 2025-03-13T09:12:00Z에 남겼다.",
            "id": "sample_095_0061_000023",
            "annotations": [
                {
                    "word": "서재익",
                    "start": 26,
                    "end": 29,
                    "label": "개인정보"
                }
            ]
        },
        {
            "sentence": "주문 및 배송 order_id o_2301은 backer_id backer_tok_0101과 reward_tier tier_02를 연결하며 추적번호는 logistics tracking_tok_770으로 토큰화된다.",
            "id": "sample_095_0061_000024",
            "annotations": [
                {
                    "word": "backer_tok_0101",
                    "start": 35,
                    "end": 50,
                    "label": "개인정보"
                },
                {
                    "word": "tracking_tok_770",
                    "start": 94,
                    "end": 110,
                    "label": "기밀정보"
                }
            ]
        },
        {
            "sentence": "배송지 주소는 최소 권한 원칙에 따라 암호화되어 저장되며 실제 주소는 배송 파트너와의 안전 채널로 전달된다.",
            "id": "sample_095_0061_000025",
            "annotations": []
        },
        {
            "sentence": "내부 감사 로그 audit_logs에는 변경자 user_id: EMP_0001, action: update_status, timestamp: 2025-03-14T11:05:00Z가 기록된다.",
            "id": "sample_095_0061_000026",
            "annotations": [
                {
                    "word": "EMP_0001",
                    "start": 35,
                    "end": 43,
                    "label": "개인정보"
                }
            ]
        },
        {
            "sentence": "플랫폼 내부 API 키 internal_api_key: [REDACTED_API_KEY_abc]는 기밀정보로 분류되어 접근제어가 필요하다.",
            "id": "sample_095_0061_000027",
            "annotations": [
                {
                    "word": "[REDACTED_API_KEY_abc]",
                    "start": 31,
                    "end": 53,
                    "label": "기밀정보"
                }
            ]
        },
        {
            "sentence": "의심스러운 활동 탐지에 의해 노지완 계정에서 동일 IP로 다중 결제가 탐지되어 리스크 플래그가 부여되었다.",
            "id": "sample_095_0061_000028",
            "annotations": [
                {
                    "word": "노지완",
                    "start": 16,
                    "end": 19,
                    "label": "개인정보"
                }
            ]
        },
        {
            "sentence": "규제준수 항목으로 GDPR 삭제 요청은 request_id r_del_501로 추적되며 data_retention_policy에 따라 마스킹 또는 삭제 처리된다.",
            "id": "sample_095_0061_000029",
            "annotations": []
        },
        {
            "sentence": "결론 및 권장사항: 민감데이터 토큰화, KMS 암호화, 엄격한 접근제어, 감사 가능성 보장 및 지역별 규정 반영을 권고한다.",
            "id": "sample_095_0061_000030",
            "annotations": []
        }
    ]
}