{
    "document_id": "095_0031",
    "document_title": "크라우드펀딩 캠페인 운영 및 결제·컴플라이언스 보고서",
    "data": [
        {
            "sentence": "본 문서는 플랫폼 내 캠페인 운영, 결제 흐름, 규정 준수 상태 및 회계 검증 결과를 종합 보고하기 위해 작성되었습니다.",
            "id": "sample_095_0031_000001",
            "annotations": []
        },
        {
            "sentence": "대상 캠페인 식별자는 CF-2026-0031이며, 캠페인 제목은 '친환경 모듈러 조명 개발'입니다.",
            "id": "sample_095_0031_000002",
            "annotations": []
        },
        {
            "sentence": "크리에이터는 엄대균이며 내부 식별자(creator_id)는 creator_tok_01로 토큰화되어 저장됩니다.",
            "id": "sample_095_0031_000003",
            "annotations": [
                {
                    "word": "엄대균",
                    "start": 7,
                    "end": 10,
                    "label": "개인정보"
                },
                {
                    "word": "creator_tok_01",
                    "start": 33,
                    "end": 47,
                    "label": "기밀정보"
                }
            ]
        },
        {
            "sentence": "프로젝트 설명은 모듈형 조명 설계, 시제품 제작 일정, 생산 리드타임 및 리워드 이행 계획을 포함합니다.",
            "id": "sample_095_0031_000004",
            "annotations": []
        },
        {
            "sentence": "카테고리는 '하드웨어'이며 funding_goal_currency는 USD, funding_goal_amount는 150000.00입니다.",
            "id": "sample_095_0031_000005",
            "annotations": []
        },
        {
            "sentence": "현재 pledged_amount는 98,450.50 USD이고 backer_count는 1,243명으로 집계되어 있습니다.",
            "id": "sample_095_0031_000006",
            "annotations": []
        },
        {
            "sentence": "캠페인 시작일은 2026년 01월 10일이며 종료일은 2026년 02월 28일로 설정되어 있습니다.",
            "id": "sample_095_0031_000007",
            "annotations": [
                {
                    "word": "2026년",
                    "start": 9,
                    "end": 14,
                    "label": "준식별자"
                },
                {
                    "word": "2026년",
                    "start": 30,
                    "end": 35,
                    "label": "준식별자"
                },
                {
                    "word": "01월",
                    "start": 15,
                    "end": 18,
                    "label": "준식별자"
                },
                {
                    "word": "10일",
                    "start": 19,
                    "end": 22,
                    "label": "준식별자"
                },
                {
                    "word": "02월",
                    "start": 36,
                    "end": 39,
                    "label": "준식별자"
                },
                {
                    "word": "28일",
                    "start": 40,
                    "end": 43,
                    "label": "준식별자"
                }
            ]
        },
        {
            "sentence": "해당 캠페인은 funding_model으로 all_or_nothing을 적용하여 목표 미달성 시 결제 취소 조건을 따릅니다.",
            "id": "sample_095_0031_000008",
            "annotations": []
        },
        {
            "sentence": "리워드 티어는 tier_01|49.00|초기 얼리버드|200, tier_02|79.00|표준 패키지|무제한 형태로 구성되어 있습니다.",
            "id": "sample_095_0031_000009",
            "annotations": []
        },
        {
            "sentence": "캠페인 업데이트 로그에는 진미라가 2026-01-18에 프로토타입 제작 현황을 업로드한 기록이 포함되어 있습니다.",
            "id": "sample_095_0031_000010",
            "annotations": [
                {
                    "word": "진미라",
                    "start": 14,
                    "end": 17,
                    "label": "개인정보"
                }
            ]
        },
        {
            "sentence": "댓글 기록 중에는 후원자 유상엽의 피드백이 있으며 해당 후원자의 내부 id는 backer_tok_100으로 토큰화되어 있습니다.",
            "id": "sample_095_0031_000011",
            "annotations": [
                {
                    "word": "유상엽",
                    "start": 14,
                    "end": 17,
                    "label": "개인정보"
                },
                {
                    "word": "backer_tok_100",
                    "start": 43,
                    "end": 57,
                    "label": "기밀정보"
                }
            ]
        },
        {
            "sentence": "결제 트랜잭션 샘플: txn_20260115_0001, backer_id backer_tok_100, 49.00 USD, status settled, gateway stripe, card_token card_tok_4f3a(토큰화), 환율정보 별도 기록.",
            "id": "sample_095_0031_000012",
            "annotations": [
                {
                    "word": "txn_20260115_0001",
                    "start": 12,
                    "end": 29,
                    "label": "기밀정보"
                },
                {
                    "word": "card_tok_4f3a",
                    "start": 111,
                    "end": 124,
                    "label": "기밀정보"
                }
            ]
        },
        {
            "sentence": "추가 트랜잭션에는 후원자 윤우림이 참여했으며 결제는 KRW로 처리된 레코드가 감사 대상에 포함됩니다.",
            "id": "sample_095_0031_000013",
            "annotations": [
                {
                    "word": "윤우림",
                    "start": 14,
                    "end": 17,
                    "label": "개인정보"
                }
            ]
        },
        {
            "sentence": "정산(payout)은 settled 상태의 트랜잭션만 대상이며 예시로 payout_0007가 스케줄되어 있고 수취 계좌는 bank_acct_token_7f9d로 토큰화입니다.",
            "id": "sample_095_0031_000014",
            "annotations": [
                {
                    "word": "payout_0007",
                    "start": 39,
                    "end": 50,
                    "label": "기밀정보"
                },
                {
                    "word": "bank_acct_token_7f9d",
                    "start": 68,
                    "end": 88,
                    "label": "기밀정보"
                }
            ]
        },
        {
            "sentence": "환불 이벤트 예시는 refund_3001로, 해당 refund는 txn_20260115_0001과 연관되어 상태 completed로 표기됩니다.",
            "id": "sample_095_0031_000015",
            "annotations": [
                {
                    "word": "refund_3001",
                    "start": 11,
                    "end": 22,
                    "label": "기밀정보"
                }
            ]
        },
        {
            "sentence": "차지백 사례는 chargeback_7001로 로깅되어 차지백 발생 시 정산 취소 및 회계조정이 자동 트리거됩니다.",
            "id": "sample_095_0031_000016",
            "annotations": [
                {
                    "word": "chargeback_7001",
                    "start": 8,
                    "end": 23,
                    "label": "기밀정보"
                }
            ]
        },
        {
            "sentence": "KYC 문서 메타데이터는 doc_kyc_0001|type:passport|status:verified|redaction:true로 저장되며 원본은 안전 저장소로 참조됩니다.",
            "id": "sample_095_0031_000017",
            "annotations": [
                {
                    "word": "doc_kyc_0001",
                    "start": 14,
                    "end": 26,
                    "label": "기밀정보"
                }
            ]
        },
        {
            "sentence": "해당 KYC 항목의 생년월일은 1985년 07월 12일로 기록되어 있으며 국적은 대한민국으로 표기됩니다.",
            "id": "sample_095_0031_000018",
            "annotations": [
                {
                    "word": "1985년",
                    "start": 17,
                    "end": 22,
                    "label": "준식별자"
                },
                {
                    "word": "07월",
                    "start": 23,
                    "end": 26,
                    "label": "준식별자"
                },
                {
                    "word": "12일",
                    "start": 27,
                    "end": 30,
                    "label": "준식별자"
                },
                {
                    "word": "대한민국",
                    "start": 45,
                    "end": 49,
                    "label": "준식별자"
                }
            ]
        },
        {
            "sentence": "투자형 캠페인 여부를 점검한 결과 본 캠페인은 일부 리워드에 증권성이 있을 수 있어 accredited 여부를 backer별로 관리합니다; 예: backer_tok_101은 accredited:true로 표시됩니다.",
            "id": "sample_095_0031_000019",
            "annotations": [
                {
                    "word": "backer_tok_101",
                    "start": 81,
                    "end": 95,
                    "label": "기밀정보"
                }
            ]
        },
        {
            "sentence": "물리적 리워드 배송 예시는 order_9001로, 수령인 서명화, 배송지: 서울특별시 강남구 삼성동, 트래킹 토큰 trk_tok_ab12가 연결되어 있습니다.",
            "id": "sample_095_0031_000020",
            "annotations": [
                {
                    "word": "서명화",
                    "start": 32,
                    "end": 35,
                    "label": "개인정보"
                },
                {
                    "word": "서울특별시",
                    "start": 42,
                    "end": 47,
                    "label": "준식별자"
                },
                {
                    "word": "강남구",
                    "start": 48,
                    "end": 51,
                    "label": "준식별자"
                },
                {
                    "word": "삼성동",
                    "start": 52,
                    "end": 55,
                    "label": "준식별자"
                },
                {
                    "word": "trk_tok_ab12",
                    "start": 64,
                    "end": 76,
                    "label": "기밀정보"
                }
            ]
        },
        {
            "sentence": "플랫폼 수수료 계산은 fee_rate 0.05 및 fixed_fee 0.30(통화별 분리)로 수행되며 환전 시 환율 소스와 타임스탬프를 함께 기록합니다.",
            "id": "sample_095_0031_000021",
            "annotations": []
        },
        {
            "sentence": "예시 환율 레코드는 1 USD = 1,100.00 KRW, source:OpenRates, timestamp:2026-01-20T15:00:00Z으로 회계 재현성을 보장합니다.",
            "id": "sample_095_0031_000022",
            "annotations": []
        },
        {
            "sentence": "감사 로그에는 공치호가 2026-01-21T09:12:00Z에 payout_0007를 승인한 항목(audit_1001)이 남아 있으며 변경 전후 상태가 기록되어 있습니다.",
            "id": "sample_095_0031_000023",
            "annotations": [
                {
                    "word": "공치호",
                    "start": 8,
                    "end": 11,
                    "label": "개인정보"
                },
                {
                    "word": "audit_1001",
                    "start": 55,
                    "end": 65,
                    "label": "기밀정보"
                }
            ]
        },
        {
            "sentence": "GDPR 삭제 요청 사례로 backer_tok_100에 대해 2026-01-22에 삭제 요청이 접수되었으며 데이터 마스킹 및 복구 불가 처리 절차가 시작되었습니다.",
            "id": "sample_095_0031_000024",
            "annotations": [
                {
                    "word": "backer_tok_100",
                    "start": 15,
                    "end": 29,
                    "label": "기밀정보"
                }
            ]
        },
        {
            "sentence": "이상거래 탐지 룰에서 잠재적 봇 활동으로 backer_tok_777가 플래그되었으며 동일 IP 반복 접속은 별도 리텐션 로그에 redacted 표기 후 저장됩니다.",
            "id": "sample_095_0031_000025",
            "annotations": [
                {
                    "word": "backer_tok_777",
                    "start": 23,
                    "end": 37,
                    "label": "기밀정보"
                }
            ]
        },
        {
            "sentence": "에스크로 로직은 상태기계로 모델링되어 있으며 settled 트랜잭션만 에스크로 해제 대상이 되고 그 외 상태는 후속 검사 대상입니다.",
            "id": "sample_095_0031_000026",
            "annotations": []
        },
        {
            "sentence": "회계적 재조정은 환율 반올림 오차를 소수점 2자리로 처리하고 마이크로 센트 정합성은 별도 조정 라인으로 기록합니다.",
            "id": "sample_095_0031_000027",
            "annotations": []
        },
        {
            "sentence": "결론 및 조치 항목으로는 리워드 재고 동기화, KYC 문서 재검토, 권루다에게 리포트 제출을 할당하며 각각 기한과 담당자를 지정합니다.",
            "id": "sample_095_0031_000028",
            "annotations": [
                {
                    "word": "권루다",
                    "start": 38,
                    "end": 41,
                    "label": "개인정보"
                }
            ]
        }
    ]
}