{
    "document_id": "095_0087",
    "document_title": "크라우드펀딩 플랫폼 캠페인 운영·결제·준수 종합 보고서",
    "data": [
        {
            "sentence": "캠페인 개요: campaign_id: CMP_202501_0007, 캠페인명: '친환경 텀블러 프로젝트', 크리에이터: 주승재 (creator_id: CREATOR_0001)로 등록되어 있습니다.",
            "id": "sample_095_0087_000001",
            "annotations": [
                {
                    "word": "주승재",
                    "start": 67,
                    "end": 70,
                    "label": "개인정보"
                },
                {
                    "word": "CREATOR_0001",
                    "start": 84,
                    "end": 96,
                    "label": "개인정보"
                }
            ]
        },
        {
            "sentence": "프로젝트 설명은 제품 설계와 지속가능성 목표를 포함하며 카테고리는 '제품(지속가능 소비재)'로 분류됩니다.",
            "id": "sample_095_0087_000002",
            "annotations": []
        },
        {
            "sentence": "펀딩 목표는 funding_goal_currency: KRW, funding_goal_amount: 15000000이며, 시작일(start_date): 2025-01-10, 종료일(end_date): 2025-02-28로 설정되었습니다.",
            "id": "sample_095_0087_000003",
            "annotations": [
                {
                    "word": "2025-01-10",
                    "start": 85,
                    "end": 95,
                    "label": "준식별자"
                },
                {
                    "word": "2025-02-28",
                    "start": 112,
                    "end": 122,
                    "label": "준식별자"
                }
            ]
        },
        {
            "sentence": "펀딩 모델은 flexible이며 리워드 티어는 tier_id: TIER_01|amount:30000|description:초기 얼리버드|limit:200 등으로 구성되어 있습니다.",
            "id": "sample_095_0087_000004",
            "annotations": []
        },
        {
            "sentence": "현재 집계된 pledged_amount는 6,420,000 KRW이며 backer_count는 184명으로 리얼타임 집계와 회계 원장이 일치하도록 설계되어 있습니다.",
            "id": "sample_095_0087_000005",
            "annotations": []
        },
        {
            "sentence": "후원자 목록 샘플: backer_name: 김정아, backer_id: BACKER_4521, contact_email: kim.ja+cf123@example.com이 첫 번째 결제자로 등록되었습니다.",
            "id": "sample_095_0087_000006",
            "annotations": [
                {
                    "word": "김정아",
                    "start": 24,
                    "end": 27,
                    "label": "개인정보"
                },
                {
                    "word": "BACKER_4521",
                    "start": 40,
                    "end": 51,
                    "label": "개인정보"
                },
                {
                    "word": "kim.ja+cf123@example.com",
                    "start": 68,
                    "end": 92,
                    "label": "개인정보"
                }
            ]
        },
        {
            "sentence": "후원자 예시 추가: backer_name: 홍나혜, backer_id: BACKER_4570, contact_email: hnhae+token@example.org로 리워드 선택과 배송 주소 확인이 진행중입니다.",
            "id": "sample_095_0087_000007",
            "annotations": [
                {
                    "word": "홍나혜",
                    "start": 24,
                    "end": 27,
                    "label": "개인정보"
                },
                {
                    "word": "BACKER_4570",
                    "start": 40,
                    "end": 51,
                    "label": "개인정보"
                },
                {
                    "word": "hnhae+token@example.org",
                    "start": 68,
                    "end": 91,
                    "label": "개인정보"
                }
            ]
        },
        {
            "sentence": "결제 트랜잭션 예: txn_id: TXN_20250111_0001, backer_id: BACKER_4521, amount:50000 KRW, currency:KRW, status:settled, gateway:PG-Partner로 정산 대상입니다.",
            "id": "sample_095_0087_000008",
            "annotations": [
                {
                    "word": "TXN_20250111_0001",
                    "start": 19,
                    "end": 36,
                    "label": "기밀정보"
                },
                {
                    "word": "BACKER_4521",
                    "start": 49,
                    "end": 60,
                    "label": "개인정보"
                }
            ]
        },
        {
            "sentence": "추가 결제 예: txn_id: TXN_20250112_0002, backer_id: BACKER_4570, amount:5000 KRW, currency:KRW, status:settled, 메타데이터에는 환율 및 수수료 정보가 포함됩니다.",
            "id": "sample_095_0087_000009",
            "annotations": [
                {
                    "word": "TXN_20250112_0002",
                    "start": 17,
                    "end": 34,
                    "label": "기밀정보"
                },
                {
                    "word": "BACKER_4570",
                    "start": 47,
                    "end": 58,
                    "label": "개인정보"
                }
            ]
        },
        {
            "sentence": "환불 레코드: refund_id: RFD_0003, 원래_txn_id: TXN_20250112_0002, amount:5000 KRW, reason:중복결제, status:completed로 회계 조정이 완료되었습니다.",
            "id": "sample_095_0087_000010",
            "annotations": [
                {
                    "word": "RFD_0003",
                    "start": 19,
                    "end": 27,
                    "label": "기밀정보"
                },
                {
                    "word": "TXN_20250112_0002",
                    "start": 40,
                    "end": 57,
                    "label": "기밀정보"
                }
            ]
        },
        {
            "sentence": "차지백 이벤트: chargeback_id: CBK_0001, disputed_txn: TXN_20250111_0001, amount:50000 KRW, status:disputed로 분쟁 워크플로가 트리거되었습니다.",
            "id": "sample_095_0087_000011",
            "annotations": [
                {
                    "word": "CBK_0001",
                    "start": 24,
                    "end": 32,
                    "label": "기밀정보"
                },
                {
                    "word": "TXN_20250111_0001",
                    "start": 48,
                    "end": 65,
                    "label": "기밀정보"
                }
            ]
        },
        {
            "sentence": "정산 스냅샷: payout_id: PAYOUT_1001, amount_gross:50000 KRW, platform_fee_deducted:1500 KRW, payout_amount:48500 KRW, scheduled_date: 2025-02-01, status:pending이며 대상 계좌는 bank_account_token: ACCT_TKN_78A9 (계좌_last4:1234)입니다.",
            "id": "sample_095_0087_000012",
            "annotations": [
                {
                    "word": "PAYOUT_1001",
                    "start": 19,
                    "end": 30,
                    "label": "기밀정보"
                },
                {
                    "word": "ACCT_TKN_78A9",
                    "start": 185,
                    "end": 198,
                    "label": "기밀정보"
                },
                {
                    "word": "1234",
                    "start": 209,
                    "end": 213,
                    "label": "기밀정보"
                },
                {
                    "word": "2025-02-01",
                    "start": 129,
                    "end": 139,
                    "label": "준식별자"
                }
            ]
        },
        {
            "sentence": "플랫폼 수수료 계산은 fee_rate(%)와 fixed_fee(고정수수료)을 분리하여 적용하며 소수점 반올림 오차는 은행 소수점 규칙에 따라 처리합니다.",
            "id": "sample_095_0087_000013",
            "annotations": []
        },
        {
            "sentence": "세금 원천징수와 VAT 처리는 캠페인 지역과 리워드 유형에 따라 다르며 세액 계산 근거와 영수증 발행 로그를 보관합니다.",
            "id": "sample_095_0087_000014",
            "annotations": []
        },
        {
            "sentence": "KYC 문서 메타데이터 예시: doc_id: DOC_KYC_0003, type:passport, status:verified, redaction:true로 스캔 원본은 안전 저장소로 분리 보관합니다.",
            "id": "sample_095_0087_000015",
            "annotations": [
                {
                    "word": "DOC_KYC_0003",
                    "start": 25,
                    "end": 37,
                    "label": "기밀정보"
                }
            ]
        },
        {
            "sentence": "투자형 캠페인의 경우 투자자 적격성 필드(KYC/Accredited)와 증권 발행 레코드를 별도 엔티티로 관리해야 합니다.",
            "id": "sample_095_0087_000016",
            "annotations": []
        },
        {
            "sentence": "배송 주문 샘플: order_id: ORD_9001, backer_id: BACKER_4521, reward_tier:TIER_02, status:shipping, tracking_id: TRACK_5577, destination_city: 서울시 강남구로 물류 우선순위를 지정했습니다.",
            "id": "sample_095_0087_000017",
            "annotations": [
                {
                    "word": "ORD_9001",
                    "start": 20,
                    "end": 28,
                    "label": "기밀정보"
                },
                {
                    "word": "BACKER_4521",
                    "start": 41,
                    "end": 52,
                    "label": "개인정보"
                },
                {
                    "word": "TRACK_5577",
                    "start": 105,
                    "end": 115,
                    "label": "기밀정보"
                },
                {
                    "word": "서울시 강남구",
                    "start": 135,
                    "end": 142,
                    "label": "준식별자"
                }
            ]
        },
        {
            "sentence": "캠페인 업데이트 예시: update_id: UPD_2101, timestamp: 2025-01-20, content: '프로덕션 샘플 출하 일정 연기 안내'가 게시되었습니다.",
            "id": "sample_095_0087_000018",
            "annotations": [
                {
                    "word": "2025-01-20",
                    "start": 45,
                    "end": 55,
                    "label": "준식별자"
                }
            ]
        },
        {
            "sentence": "댓글 예시: comment_id: CMT_3201, backer_id: BACKER_4570, content: '배송 관련 문의드립니다.', timestamp: 2025-01-22T14:03:00Z로 처리되었습니다.",
            "id": "sample_095_0087_000019",
            "annotations": [
                {
                    "word": "BACKER_4570",
                    "start": 40,
                    "end": 51,
                    "label": "개인정보"
                }
            ]
        },
        {
            "sentence": "감사 로그: 변경자: 오은혁, action_id: AUD_0007, 변경사항: campaign_status를 'active'로 변경, timestamp: 2025-01-10T09:12:33Z가 기록되어 있습니다.",
            "id": "sample_095_0087_000020",
            "annotations": [
                {
                    "word": "오은혁",
                    "start": 12,
                    "end": 15,
                    "label": "개인정보"
                },
                {
                    "word": "AUD_0007",
                    "start": 28,
                    "end": 36,
                    "label": "기밀정보"
                },
                {
                    "word": "2025-01-10T09:12:33Z",
                    "start": 86,
                    "end": 106,
                    "label": "준식별자"
                }
            ]
        },
        {
            "sentence": "데이터 삭제 요청: requester_name: 김정아, request_id: REQ_DEL_77, type:GDPR_ERASURE, status:processed로 관련 데이터의 마스킹 및 로그 보관이 완료되었습니다.",
            "id": "sample_095_0087_000021",
            "annotations": [
                {
                    "word": "김정아",
                    "start": 27,
                    "end": 30,
                    "label": "개인정보"
                },
                {
                    "word": "REQ_DEL_77",
                    "start": 44,
                    "end": 54,
                    "label": "기밀정보"
                }
            ]
        },
        {
            "sentence": "환율 레코드: rate_source: ECB, pair: USD/KRW, rate:1160.25, rate_timestamp: 2025-01-09T00:00:00Z로 회계 재현성을 확보했습니다.",
            "id": "sample_095_0087_000022",
            "annotations": []
        },
        {
            "sentence": "회계 조정: chargeback 발생으로 payout_id: PAYOUT_1001의 지급 취소와 관련 분개 reversing_entry를 생성하여 잔액 정합성을 확보했습니다.",
            "id": "sample_095_0087_000023",
            "annotations": [
                {
                    "word": "PAYOUT_1001",
                    "start": 34,
                    "end": 45,
                    "label": "기밀정보"
                }
            ]
        },
        {
            "sentence": "이상거래 탐지 예: suspicious_backer_id: BACKER_9999, ip_hash: IPHASH_a7b3c9f0, 탐지_reason: 다중계정 의심 패턴으로 자동 플래그가 세워졌습니다.",
            "id": "sample_095_0087_000024",
            "annotations": [
                {
                    "word": "BACKER_9999",
                    "start": 33,
                    "end": 44,
                    "label": "개인정보"
                },
                {
                    "word": "IPHASH_a7b3c9f0",
                    "start": 55,
                    "end": 70,
                    "label": "기밀정보"
                }
            ]
        },
        {
            "sentence": "물류 파트너 정보: partner_code: LP_43, 담당자: 전주율과의 SLA는 배송대응 48시간 내로 정의되어 있으며 접점은 전담 API를 통해 제한 접근합니다.",
            "id": "sample_095_0087_000025",
            "annotations": [
                {
                    "word": "LP_43",
                    "start": 25,
                    "end": 30,
                    "label": "기밀정보"
                },
                {
                    "word": "전주율",
                    "start": 37,
                    "end": 40,
                    "label": "개인정보"
                }
            ]
        },
        {
            "sentence": "데이터 보존 정책: 금융거래와 회계자료는 법정보존기간 5년 보관되며 삭제요청이 있을 경우 마스킹 및 관련 감사로그만 보존합니다.",
            "id": "sample_095_0087_000026",
            "annotations": []
        },
        {
            "sentence": "실행 항목: 후속 조치로 고객지원팀에 TASK_210을 생성하고 담당자로 권건욱을 지정하여 환불 및 배송 이슈를 추적합니다.",
            "id": "sample_095_0087_000027",
            "annotations": [
                {
                    "word": "권건욱",
                    "start": 41,
                    "end": 44,
                    "label": "개인정보"
                }
            ]
        },
        {
            "sentence": "문서 최종 검토 및 서명: 규정 준수 책임자: 노연승, 검토일: 2025-01-25로 내부 승인라인과 배포 로깅이 완료되었습니다.",
            "id": "sample_095_0087_000028",
            "annotations": [
                {
                    "word": "노연승",
                    "start": 26,
                    "end": 29,
                    "label": "개인정보"
                }
            ]
        }
    ]
}