{
    "document_id": "095_0085",
    "document_title": "크라우드펀딩 플랫폼 캠페인 운영·결제·준수 종합 레코드",
    "data": [
        {
            "sentence": "본 문서는 크라우드펀딩 플랫폼의 캠페인 운영과 결제·정산·규정준수 관련 종합 레코드를 기술한 내부 보고서입니다.",
            "id": "sample_095_0085_000001",
            "annotations": []
        },
        {
            "sentence": "캠페인 식별자는 campaign_id: CMP-2025-00085로 내부 트래킹 룰에 따라 발급되었습니다.",
            "id": "sample_095_0085_000002",
            "annotations": []
        },
        {
            "sentence": "캠페인 명은 '친환경 모듈형 정원 키트 개발 프로젝트'이며, project_description에는 제품 개요, 생산·배송 일정, 리스크 공지가 포함됩니다.",
            "id": "sample_095_0085_000003",
            "annotations": []
        },
        {
            "sentence": "creator_id는 creator_tok_095_0001으로 토큰화되어 저장되며, 창업자 명시는 송은별으로 레코드에 기재되어 있습니다.",
            "id": "sample_095_0085_000004",
            "annotations": [
                {
                    "word": "송은별",
                    "start": 55,
                    "end": 58,
                    "label": "개인정보"
                }
            ]
        },
        {
            "sentence": "창업자 메타데이터에는 생년월일: 1985-07-23, 거주지(행정구): 서울특별시 강남구, 직업: 하드웨어 개발자로 요약되어 있습니다.",
            "id": "sample_095_0085_000005",
            "annotations": [
                {
                    "word": "1985-07-23",
                    "start": 18,
                    "end": 28,
                    "label": "준식별자"
                },
                {
                    "word": "서울특별시",
                    "start": 40,
                    "end": 45,
                    "label": "준식별자"
                },
                {
                    "word": "강남구",
                    "start": 46,
                    "end": 49,
                    "label": "준식별자"
                }
            ]
        },
        {
            "sentence": "campaign category는 'Product / Hardware'로 분류되었고, funding_model은 all_or_nothing으로 설정되어 있습니다.",
            "id": "sample_095_0085_000006",
            "annotations": []
        },
        {
            "sentence": "funding_goal_currency는 USD이며 funding_goal_amount는 100000.00 USD로 기준화 되어 있습니다.",
            "id": "sample_095_0085_000007",
            "annotations": []
        },
        {
            "sentence": "동일 목표의 KRW 환산값은 132000000.00 KRW로 환율(USD/KRW 1.32)과 환율_timestamp: 2025-01-15T09:00:00Z가 함께 기록되어 있습니다.",
            "id": "sample_095_0085_000008",
            "annotations": []
        },
        {
            "sentence": "현재 pledged_amount는 103450.50 USD이며 backer_count는 1,248명으로 집계되어 있습니다.",
            "id": "sample_095_0085_000009",
            "annotations": []
        },
        {
            "sentence": "캠페인 기간은 start_date: 2025-01-10T00:00:00Z, end_date: 2025-02-28T23:59:59Z로 기록되어 있으며 기간 기반 리포팅 규칙이 적용됩니다.",
            "id": "sample_095_0085_000010",
            "annotations": []
        },
        {
            "sentence": "reward_tiers는 tier_id:T1|amount:25.00 USD|description:'초도판 키트'|limit:500, tier_id:T2|amount:60.00 USD|description:'확장 팩'|limit:1200 등으로 구성되어 있습니다.",
            "id": "sample_095_0085_000011",
            "annotations": []
        },
        {
            "sentence": "업데이트 항목으로 update_id:U-0001|timestamp:2025-01-12T11:20:00Z|content:'프로토타입 생산 완료 보고'가 현재 공개되어 있습니다.",
            "id": "sample_095_0085_000012",
            "annotations": []
        },
        {
            "sentence": "댓글 샘플은 comment_id:C-1023|backer_id:backer_tok_009|backer_name:심상범|content:'제품 소재에 대한 문의'|timestamp:2025-01-13T08:45:00Z로 저장됩니다.",
            "id": "sample_095_0085_000013",
            "annotations": [
                {
                    "word": "심상범",
                    "start": 62,
                    "end": 65,
                    "label": "개인정보"
                }
            ]
        },
        {
            "sentence": "결제 트랜잭션 샘플은 txn_id:TXN-20250115-001|backer_id:backer_tok_042|backer_name:구범주|amount:60.00|currency:USD|status:settled|gateway:PayGateX로 기록되어 있습니다.",
            "id": "sample_095_0085_000014",
            "annotations": [
                {
                    "word": "구범주",
                    "start": 73,
                    "end": 76,
                    "label": "개인정보"
                }
            ]
        },
        {
            "sentence": "정산(payout)은 payout_id:P-20250120-01|amount:51230.25 USD|date:2025-01-20T15:00:00Z|status:paid로 집계되었고, 해당 금액은 settled 트랜잭션만을 포함합니다.",
            "id": "sample_095_0085_000015",
            "annotations": []
        },
        {
            "sentence": "환불 기록으로 refund_id:R-20250122-05|txn_id:TXN-20250115-001|amount:60.00|reason:'배송지 변경 요청'|status:completed가 포함되어 있으며 정산 취소 로직이 수행되었습니다.",
            "id": "sample_095_0085_000016",
            "annotations": []
        },
        {
            "sentence": "차지백 이벤트는 chargeback_id:CB-20250125-02|txn_id:TXN-20250118-007|amount:120.00|status:under_review로 접수되었고, 회계상 예치금 조정 항목이 생성되었습니다.",
            "id": "sample_095_0085_000017",
            "annotations": []
        },
        {
            "sentence": "KYC_documents 항목에는 doc_id:doc_tok_0001|type:'Passport (metadata only)'|status:verified|redaction:true로 스캔 원본은 외부 안전 저장소에 보관됩니다.",
            "id": "sample_095_0085_000018",
            "annotations": []
        },
        {
            "sentence": "컴플라이언스 플래그로는 compliance_flags:['high_risk_country_match','unusual_pledge_pattern']가 설정되어 있으며 추가 검토 절차가 트리거되었습니다.",
            "id": "sample_095_0085_000019",
            "annotations": []
        },
        {
            "sentence": "물류·배송 주문은 order_id:SO-20250119-210|backer_id:backer_tok_042|backer_name:구범주|reward_tier:T2|status:shipped|tracking:KR-TRK-****1234로 등록되어 있습니다.",
            "id": "sample_095_0085_000020",
            "annotations": [
                {
                    "word": "KR-TRK-****1234",
                    "start": 115,
                    "end": 130,
                    "label": "개인정보"
                }
            ]
        },
        {
            "sentence": "배송지 메타데이터는 시군구 단위로 서울특별시 강남구 역삼동으로 기재되며 상세 주소는 암호화 되어 최소권한 원칙으로 처리됩니다.",
            "id": "sample_095_0085_000021",
            "annotations": [
                {
                    "word": "역삼동",
                    "start": 29,
                    "end": 32,
                    "label": "준식별자"
                }
            ]
        },
        {
            "sentence": "플랫폼 수수료는 percentage_fee:5.5%와 fixed_fee:0.30 USD로 분리 기록되며 수수료 계산식은 소수점 반올림 규칙과 환율 적용 시점에 따라 결과가 달라질 수 있음을 명시합니다.",
            "id": "sample_095_0085_000022",
            "annotations": []
        },
        {
            "sentence": "세금 원천징수는 tax_withholdings: VAT 10% 적용 사례가 존재하며, 지역별 규정에 따라 캠페인 단위로 별도 회계처리가 이루어집니다.",
            "id": "sample_095_0085_000023",
            "annotations": []
        },
        {
            "sentence": "로케일과 언어는 locale:ko_KR, language:Korean으로 설정되어 UI와 이메일 템플릿이 이에 맞게 적용됩니다.",
            "id": "sample_095_0085_000024",
            "annotations": []
        },
        {
            "sentence": "캠페인 상태는 campaign_status:active이며 목표 달성 시 all_or_nothing 규칙에 따라 펀딩 성공으로 전환됩니다.",
            "id": "sample_095_0085_000025",
            "annotations": []
        },
        {
            "sentence": "감사 로그(audit_logs)는 변경자:권계순|action:'approve_payout'|timestamp:2025-01-20T15:05:12Z 형태로 모든 주요 변경을 추적합니다.",
            "id": "sample_095_0085_000026",
            "annotations": [
                {
                    "word": "권계순",
                    "start": 23,
                    "end": 26,
                    "label": "개인정보"
                }
            ]
        },
        {
            "sentence": "보안·운영 관련 기밀 정보는 internal_api: https://internal.api.crowdfunding.local 및 내부 배포 스크립트 경로가 별도 기밀 등급으로 관리됩니다.",
            "id": "sample_095_0085_000027",
            "annotations": [
                {
                    "word": "https://internal.api.crowdfunding.local",
                    "start": 30,
                    "end": 69,
                    "label": "기밀정보"
                }
            ]
        },
        {
            "sentence": "정산 수취 계좌는 외부 전달용으로 계좌 마스킹 bank_account: ****7890 형태로 기록되며 원본 계좌 정보는 암호화 저장소에 보관됩니다.",
            "id": "sample_095_0085_000028",
            "annotations": [
                {
                    "word": "****7890",
                    "start": 40,
                    "end": 48,
                    "label": "기밀정보"
                }
            ]
        },
        {
            "sentence": "에스크로 로직은 트랜잭션 상태 머신에 따라 구현되어 있으며 settled 상태가 아닌 금액은 payout 대상에서 제외됩니다.",
            "id": "sample_095_0085_000029",
            "annotations": []
        },
        {
            "sentence": "결론적으로 운영팀은 차지백 대응, KYC 추가검증, 배송지 암호화 여부 확인을 우선 실행 항목으로 두고 후속 보고를 예정합니다.",
            "id": "sample_095_0085_000030",
            "annotations": []
        }
    ]
}