{
    "document_id": "095_0030",
    "document_title": "크라우드펀딩 플랫폼 캠페인·결제·컴플라이언스 통합 합성 레코드",
    "data": [
        {
            "sentence": "문서 개요: 이 문서는 크라우드펀딩 플랫폼의 캠페인 생성, 펀딩 진행, 결제·정산, KYC·AML 및 컴플라이언스 로그를 합성하여 기술한 레코드입니다.",
            "id": "sample_095_0030_000001",
            "annotations": []
        },
        {
            "sentence": "요약 식별자: campaign_id=CMP-2025-0001, campaign_title=\"친환경 텀블러 제작 캠페인\", locale=ko_KR, language=Korean.",
            "id": "sample_095_0030_000002",
            "annotations": []
        },
        {
            "sentence": "크리에이터 정보(토큰화): creator_id=creator_tok_0001, display_name=최다올, profile_summary=스타트업 대표로 제품 디자인을 총괄합니다.",
            "id": "sample_095_0030_000003",
            "annotations": [
                {
                    "word": "최다올",
                    "start": 57,
                    "end": 60,
                    "label": "개인정보"
                }
            ]
        },
        {
            "sentence": "프로젝트 설명: 재활용 소재 기반 텀블러 대량생산을 위한 초기 자금 모집이며, 제조 파트너와 배송 로직을 포함합니다.",
            "id": "sample_095_0030_000004",
            "annotations": []
        },
        {
            "sentence": "카테고리: 제품·디자인, funding_goal_currency=USD, funding_goal_amount=50000.00, funding_model=all_or_nothing.",
            "id": "sample_095_0030_000005",
            "annotations": []
        },
        {
            "sentence": "펀딩 현황: pledged_amount=51234.50 USD, backer_count=842, 실시간 집계는 결제 게이트웨이 상태와 동기화됩니다.",
            "id": "sample_095_0030_000006",
            "annotations": []
        },
        {
            "sentence": "운영 일정: start_date=2025-01-01, end_date=2025-02-28, 모든 날짜 표기는 ISO 8601 형식을 따릅니다.",
            "id": "sample_095_0030_000007",
            "annotations": []
        },
        {
            "sentence": "리워드 모델: reward_tiers는 tier_id=T01|amount=25.00|description=기본 텀블러|limit=100 등으로 구성되어 있습니다.",
            "id": "sample_095_0030_000008",
            "annotations": []
        },
        {
            "sentence": "업데이트 기록 샘플: update_id=U-00012|timestamp=2025-01-15T09:30:00Z|content=생산 지연 안내 및 배송 예비 일정 공지.",
            "id": "sample_095_0030_000009",
            "annotations": []
        },
        {
            "sentence": "댓글 샘플: comment_id=CMT-0842|backer_id=backer_tok_542|backer_display=전태연|content=제품 색상 문의|timestamp=2025-01-18T12:05:00Z.",
            "id": "sample_095_0030_000010",
            "annotations": [
                {
                    "word": "전태연",
                    "start": 67,
                    "end": 70,
                    "label": "개인정보"
                }
            ]
        },
        {
            "sentence": "결제 트랜잭션 예: txn_id=TXN-20250120-0001|backer_id=backer_tok_542|amount=25.00|currency=USD|status=settled|gateway=Stripe.",
            "id": "sample_095_0030_000011",
            "annotations": []
        },
        {
            "sentence": "추가 트랜잭션: txn_id=TXN-20250121-0015|backer_id=backer_tok_114|amount=100.00|currency=USD|status=refunded|gateway=PG_A.",
            "id": "sample_095_0030_000012",
            "annotations": []
        },
        {
            "sentence": "정산(payouts) 예: payout_id=P-00078|amount=KRW 45,320.00|date=2025-02-05|status=paid|note=정산은 settled 거래만 대상입니다.",
            "id": "sample_095_0030_000013",
            "annotations": []
        },
        {
            "sentence": "환불 기록: refund_id=R-20250121-0015|txn_id=TXN-20250121-0015|amount=100.00 USD|reason=중복결제|status=completed.",
            "id": "sample_095_0030_000014",
            "annotations": []
        },
        {
            "sentence": "KYC 문서 메타데이터: doc_id=KYC-0009|type=ID_CARD|status=VERIFIED|redaction=true|stored_reference=secure-vault://kyc/KYC-0009; reviewer=송종준.",
            "id": "sample_095_0030_000015",
            "annotations": [
                {
                    "word": "송종준",
                    "start": 129,
                    "end": 132,
                    "label": "개인정보"
                }
            ]
        },
        {
            "sentence": "컴플라이언스 플래그: compliance_flags={security_candidate:true, accredited_required:true, regional_limit:KR}, accredited_verification_list=[홍예인].",
            "id": "sample_095_0030_000016",
            "annotations": [
                {
                    "word": "홍예인",
                    "start": 131,
                    "end": 134,
                    "label": "개인정보"
                }
            ]
        },
        {
            "sentence": "차지백 사례: chargeback_id=CB-3301|txn_id=TXN-20250120-0009|amount=50.00 USD|status=under_review|settlement_reversal=true.",
            "id": "sample_095_0030_000017",
            "annotations": []
        },
        {
            "sentence": "배송 주문 샘플: order_id=ORD-5501|backer_id=backer_tok_771|backer_display=전강인|reward_tier=T01|status=shipped|tracking=KA123456789|ship_city=서울특별시 강남구.",
            "id": "sample_095_0030_000018",
            "annotations": [
                {
                    "word": "전강인",
                    "start": 68,
                    "end": 71,
                    "label": "개인정보"
                },
                {
                    "word": "서울특별시 강남구",
                    "start": 134,
                    "end": 143,
                    "label": "준식별자"
                }
            ]
        },
        {
            "sentence": "배송 주문 샘플2: order_id=ORD-5502|backer_id=backer_tok_772|backer_display=나인선|reward_tier=T02|status=preparing|tracking=null|ship_city=부산광역시 해운대구.",
            "id": "sample_095_0030_000019",
            "annotations": [
                {
                    "word": "나인선",
                    "start": 69,
                    "end": 72,
                    "label": "개인정보"
                },
                {
                    "word": "부산광역시 해운대구",
                    "start": 130,
                    "end": 140,
                    "label": "준식별자"
                }
            ]
        },
        {
            "sentence": "플랫폼 수수료 계산: platform_percentage_fee=5.0 (%), fixed_fee=KRW 300.00, 수수료는 currency conversion 후 소수점 둘째 자리에서 반올림 처리합니다.",
            "id": "sample_095_0030_000020",
            "annotations": []
        },
        {
            "sentence": "내부 정책 메모(기밀): 수수료 우대율 0.75% (내부정책) 적용은 특정 프로모션과 운영 승인 하에서만 허용됩니다.",
            "id": "sample_095_0030_000021",
            "annotations": [
                {
                    "word": "수수료 우대율 0.75% (내부정책)",
                    "start": 14,
                    "end": 34,
                    "label": "기밀정보"
                }
            ]
        },
        {
            "sentence": "세금 원천징수 예: tax_withholdings={KR: 10% VAT on goods, US: sales_tax_variable}, tax_reporting_required=true, 담당자=곽동근.",
            "id": "sample_095_0030_000022",
            "annotations": [
                {
                    "word": "곽동근",
                    "start": 109,
                    "end": 112,
                    "label": "개인정보"
                }
            ]
        },
        {
            "sentence": "다중 통화 및 환율: stored_rates=[{pair:USD/KRW, rate:1198.50, source:BankAPI, timestamp:2025-01-10T10:00:00Z}].",
            "id": "sample_095_0030_000023",
            "annotations": []
        },
        {
            "sentence": "에스크로 및 정산 로직: 에스크로 해제는 캠페인 성공 및 관련 트랜잭션의 settled 상태 확인 후 자동으로 수행됩니다.",
            "id": "sample_095_0030_000024",
            "annotations": []
        },
        {
            "sentence": "감사 로그 샘플: audit_id=AUD-9001|actor=안보겸|action=campaign_withdrawal_approved|timestamp=2025-02-06T14:22:00Z.",
            "id": "sample_095_0030_000025",
            "annotations": [
                {
                    "word": "안보겸",
                    "start": 34,
                    "end": 37,
                    "label": "개인정보"
                }
            ]
        },
        {
            "sentence": "감사 로그 샘플2: audit_id=AUD-9002|actor=황소연|action=refund_processed|timestamp=2025-01-22T08:11:00Z.",
            "id": "sample_095_0030_000026",
            "annotations": [
                {
                    "word": "황소연",
                    "start": 35,
                    "end": 38,
                    "label": "개인정보"
                }
            ]
        },
        {
            "sentence": "GDPR 및 데이터 삭제: 개인 데이터 삭제 요청은 기록되며, 삭제 후에는 로그상에 'erased' 메타태그로 대체되어 추적 가능합니다.",
            "id": "sample_095_0030_000027",
            "annotations": []
        },
        {
            "sentence": "이상거래 탐지: 가짜 후원자 및 다계정 탐지를 위해 행동기반 모델을 적용하며, 탐지 담당자는 성레아가 지정되어 있습니다.",
            "id": "sample_095_0030_000028",
            "annotations": [
                {
                    "word": "성레아",
                    "start": 52,
                    "end": 55,
                    "label": "개인정보"
                }
            ]
        },
        {
            "sentence": "외부 연동: 결제 게이트웨이·물류·회계 시스템의 webhook은 idempotency 키와 재시도 로직을 포함해 안전하게 처리됩니다.",
            "id": "sample_095_0030_000029",
            "annotations": []
        },
        {
            "sentence": "결론 및 실행 항목: 캠페인 클로징 준비, 세금보고 자료 제출, 물류 미수령자 확인 등 작업을 서대용에게 할당했습니다.",
            "id": "sample_095_0030_000030",
            "annotations": [
                {
                    "word": "서대용",
                    "start": 53,
                    "end": 56,
                    "label": "개인정보"
                }
            ]
        }
    ]
}