{
    "document_id": "095_0022",
    "document_title": "크라우드펀딩 플랫폼 캠페인 및 결제·정산·규정준수 운영 문서",
    "data": [
        {
            "sentence": "문서 개요: 본 문서는 크라우드펀딩 플랫폼의 캠페인 및 결제·정산·규정준수 데이터 모델과 운영 절차를 기술합니다.",
            "id": "sample_095_0022_000001",
            "annotations": []
        },
        {
            "sentence": "캠페인 기본정보: campaign_id=cmp_095_0022_0001, campaign_title='스마트가전 프로토타입', creator_id=crt_tok_0007, creator_name=한하희, category='테크', locale='ko_KR'.",
            "id": "sample_095_0022_000002",
            "annotations": [
                {
                    "word": "한하희",
                    "start": 109,
                    "end": 112,
                    "label": "개인정보"
                }
            ]
        },
        {
            "sentence": "프로젝트 설명은 제품 설명과 리스크 고지, 예산 분배를 포함하며, 한하희의 생년월일은 1985-07-12(연/월/일)로 내부 KYC 레코드에 토큰화되어 저장됩니다.",
            "id": "sample_095_0022_000003",
            "annotations": [
                {
                    "word": "1985-07-12",
                    "start": 48,
                    "end": 58,
                    "label": "준식별자"
                }
            ]
        },
        {
            "sentence": "목표 금액과 통화는 funding_goal_currency=KRW, funding_goal_amount=10000000으로 설정되어 있습니다.",
            "id": "sample_095_0022_000004",
            "annotations": []
        },
        {
            "sentence": "현재 모금액 pledged_amount=6450000, backer_count=324, start_date=2025-11-01, end_date=2025-12-31, funding_model=all_or_nothing으로 기록됩니다.",
            "id": "sample_095_0022_000005",
            "annotations": []
        },
        {
            "sentence": "리워드 티어 예시는 tier_01|amount=5000|description='감사용 스티커'|limit=500, tier_02|amount=75000|description='얼리버드 제품'|limit=50 형식으로 저장됩니다.",
            "id": "sample_095_0022_000006",
            "annotations": []
        },
        {
            "sentence": "업데이트 기록은 update_id=upd_0003|timestamp=2025-11-15T09:12:00Z|content='프로토타입 영상 추가'로 감사 가능하게 보존합니다.",
            "id": "sample_095_0022_000007",
            "annotations": []
        },
        {
            "sentence": "댓글 예시는 comment_id=cm_0123|backer_id=backer_tok_045|backer_name=박정연|content='배송은 언제 시작하나요?'|timestamp=2025-11-16T14:03:00Z 형태로 저장됩니다.",
            "id": "sample_095_0022_000008",
            "annotations": [
                {
                    "word": "박정연",
                    "start": 63,
                    "end": 66,
                    "label": "개인정보"
                }
            ]
        },
        {
            "sentence": "결제 트랜잭션은 txn_id=txn_20251116_0001|backer_id=backer_tok_078|backer_name=천래인|amount=75000|currency=KRW|status=settled|gateway='KPay'로 기록됩니다.",
            "id": "sample_095_0022_000009",
            "annotations": [
                {
                    "word": "천래인",
                    "start": 71,
                    "end": 74,
                    "label": "개인정보"
                }
            ]
        },
        {
            "sentence": "정산(payout)은 payout_id=payout_0009|amount=6120750|currency=KRW|date=2026-01-05|status=pending|settlement_account=SETTLE-ACCT-77 로 상태와 계좌 메타데이터를 보관합니다.",
            "id": "sample_095_0022_000010",
            "annotations": [
                {
                    "word": "SETTLE-ACCT-77",
                    "start": 112,
                    "end": 126,
                    "label": "기밀정보"
                }
            ]
        },
        {
            "sentence": "환불은 refund_id=ref_0045|txn_id=txn_20251120_0007|amount=5000|reason='중복결제'|status=processed로 처리되며 회계조정이 자동화됩니다.",
            "id": "sample_095_0022_000011",
            "annotations": []
        },
        {
            "sentence": "차지백 사건은 cb_0012 발생 시 관련 settled 거래를 취소하고 정산 역추적 및 세무 조정을 트리거합니다.",
            "id": "sample_095_0022_000012",
            "annotations": []
        },
        {
            "sentence": "KYC 문서는 doc_id=KYC_DOC_0001|type='passport_scan'|status='redacted_verified'|redaction=true 형태로 메타데이터만 플랫폼에 보관합니다.",
            "id": "sample_095_0022_000013",
            "annotations": []
        },
        {
            "sentence": "해당 KYC 문서는 제출자 우길현의 인증 상태와 검증 타임스탬프를 참조하지만 원본 이미지는 외부 안전저장소에 보관됩니다.",
            "id": "sample_095_0022_000014",
            "annotations": [
                {
                    "word": "우길현",
                    "start": 15,
                    "end": 18,
                    "label": "개인정보"
                }
            ]
        },
        {
            "sentence": "컴플라이언스 플래그에는 securities_risk=true가 포함되며 투자형 캠페인으로 분류되므로 accredited 투자자 요건을 적용합니다.",
            "id": "sample_095_0022_000015",
            "annotations": []
        },
        {
            "sentence": "투자자 자격 기록은 accredited_list=['윤소정' (verified), '백환' (pending)] 형태로 관리하며 증권 발행 기록을 별도 ledger에 저장합니다.",
            "id": "sample_095_0022_000016",
            "annotations": [
                {
                    "word": "윤소정",
                    "start": 29,
                    "end": 32,
                    "label": "개인정보"
                },
                {
                    "word": "백환",
                    "start": 47,
                    "end": 49,
                    "label": "개인정보"
                }
            ]
        },
        {
            "sentence": "배송 주문은 order_id=ord_9001|backer_id=backer_tok_091|reward_tier=tier_02|status=shipped|tracking=TRACK-0001|ship_address='서울특별시 강남구 역삼동'으로 최소 권한 원칙에 따라 암호화되어 전달됩니다.",
            "id": "sample_095_0022_000017",
            "annotations": [
                {
                    "word": "서울특별시 강남구 역삼동",
                    "start": 119,
                    "end": 132,
                    "label": "준식별자"
                }
            ]
        },
        {
            "sentence": "플랫폼 수수료는 rate=0.05(5%)와 fixed_fee=300 KRW로 분리해 기록하며 소수점 반올림 규칙과 환율 적용 로그를 명시합니다.",
            "id": "sample_095_0022_000018",
            "annotations": []
        },
        {
            "sentence": "다중 통화 레코드는 원화-유로 변환을 위한 환율(source='ECB')과 timestamp=2026-01-10T10:00:00Z를 포함해 계산의 재현성을 보장합니다.",
            "id": "sample_095_0022_000019",
            "annotations": []
        },
        {
            "sentence": "에스크로 로직은 트랜잭션 상태 머신으로 구현되어 settled 상태인 거래만 payout 대상이 되며 chargeback이나 refund 발생 시 적절한 회계 reversal을 수행합니다.",
            "id": "sample_095_0022_000020",
            "annotations": []
        },
        {
            "sentence": "감사 로그 예시는 audit_id=audit_0001|actor=윤두산|action='payout_approve'|timestamp=2026-01-05T11:22:00Z로 누가 언제 어떤 변경을 했는지 추적 가능해야 합니다.",
            "id": "sample_095_0022_000021",
            "annotations": [
                {
                    "word": "윤두산",
                    "start": 36,
                    "end": 39,
                    "label": "개인정보"
                }
            ]
        },
        {
            "sentence": "이상거래 탐지 시스템은 행동 분석을 통해 진미서라는 가명 계정에서 다수의 의심 결제를 탐지하고 리스크 스코어를 업데이트했습니다.",
            "id": "sample_095_0022_000022",
            "annotations": [
                {
                    "word": "진미서",
                    "start": 23,
                    "end": 26,
                    "label": "개인정보"
                }
            ]
        },
        {
            "sentence": "지역별 규제 대응으로 GDPR 삭제 요청은 request_id=del_20260112|subject=공세영|scope='profile,analytics'|status=fulfilled로 처리 가능해야 합니다.",
            "id": "sample_095_0022_000023",
            "annotations": [
                {
                    "word": "공세영",
                    "start": 56,
                    "end": 59,
                    "label": "개인정보"
                }
            ]
        },
        {
            "sentence": "회계상 비밀정보는 은행계좌 형태로 처리되며 예: 지급 계좌는 ACCT-XXXX-1234로 마스킹되어 기밀로 분류하고 접근 제어 로그만 기록합니다.",
            "id": "sample_095_0022_000024",
            "annotations": [
                {
                    "word": "ACCT-XXXX-1234",
                    "start": 34,
                    "end": 48,
                    "label": "기밀정보"
                }
            ]
        },
        {
            "sentence": "환불 및 차지백에 따른 정산 역조정은 플랫폼 수수료와 결제수수료의 비율차를 반영해 분개하며, 소수점 오차는 반올림 규칙으로 명시합니다.",
            "id": "sample_095_0022_000025",
            "annotations": []
        },
        {
            "sentence": "물리적 리워드의 배송 개인정보는 암호화되어 최소 권한 원칙으로 물류 파트너와 연동되며 배송 상태만 로그에 남깁니다.",
            "id": "sample_095_0022_000026",
            "annotations": []
        },
        {
            "sentence": "투자형 캠페인의 발행 기록은 issuance_id=iss_20251201_01, 투자단위(unit)=100주, accredited 투자자 기록과 KYC 증빙을 연결해 규제 보고서를 생성합니다.",
            "id": "sample_095_0022_000027",
            "annotations": []
        },
        {
            "sentence": "실행 항목으로는 권예나(운영팀)와 오어진(회계팀)이 수수료·환율·정산 정책 검토를 2026-02-01까지 완료하는 것이 배정되었습니다.",
            "id": "sample_095_0022_000028",
            "annotations": [
                {
                    "word": "권예나",
                    "start": 9,
                    "end": 12,
                    "label": "개인정보"
                },
                {
                    "word": "오어진",
                    "start": 19,
                    "end": 22,
                    "label": "개인정보"
                }
            ]
        }
    ]
}