{
    "document_id": "067_0011",
    "document_title": "자기주권 신원(SSI) 및 개인 데이터 월렛 운영·보안 가이드라인",
    "data": [
        {
            "sentence": "이 문서는 자기주권 신원(SSI) 및 개인 데이터 월렛의 운영, 보안, 프라이버시 준수를 위한 종합 가이드라인을 제시한다.",
            "id": "sample_067_0011_000001",
            "annotations": []
        },
        {
            "sentence": "문서는 DID, Verifiable Credential(VC), Verifiable Presentation(VP), 키 수명주기, 동의 관리 및 감사 로그의 표준 적용 방안을 다룬다.",
            "id": "sample_067_0011_000002",
            "annotations": []
        },
        {
            "sentence": "예시 데이터는 테스트 네임스페이스를 사용하며 DID 예시로 did:example:issuer-001, did:example:holder-12345, did:key:z6M-example 등을 사용한다.",
            "id": "sample_067_0011_000003",
            "annotations": []
        },
        {
            "sentence": "issuer_did 필드는 발급자 식별자로 did:example:issuer-001 같은 테스트 DID를 사용해 표준 준수를 보장한다.",
            "id": "sample_067_0011_000004",
            "annotations": []
        },
        {
            "sentence": "holder_did 필드는 보유자 식별자를 위해 did:example:holder-12345 같은 테스트 DID 참조를 사용한다.",
            "id": "sample_067_0011_000005",
            "annotations": []
        },
        {
            "sentence": "verifiable_credential_type은 예: ['VerifiableCredential','KYCAMLCredential']와 같이 W3C VC 타입 확장 규격을 따른다.",
            "id": "sample_067_0011_000006",
            "annotations": []
        },
        {
            "sentence": "credential_subject는 최소 공개 원칙을 적용해 필요한 속성만 포함하고, 불필요한 PII 전송을 엄격히 금지한다.",
            "id": "sample_067_0011_000007",
            "annotations": []
        },
        {
            "sentence": "예시 credential_subject: { 'id': 'did:example:holder-12345', 'name': '양다솜', 'birthDate': '1985-07-15', 'gender': '여성', 'address': '서울특별시 강남구' }.",
            "id": "sample_067_0011_000008",
            "annotations": [
                {
                    "word": "양다솜",
                    "start": 68,
                    "end": 71,
                    "label": "개인정보"
                },
                {
                    "word": "1985-07-15",
                    "start": 88,
                    "end": 98,
                    "label": "준식별자"
                },
                {
                    "word": "여성",
                    "start": 112,
                    "end": 114,
                    "label": "준식별자"
                },
                {
                    "word": "서울특별시 강남구",
                    "start": 129,
                    "end": 138,
                    "label": "준식별자"
                }
            ]
        },
        {
            "sentence": "issuance_date는 ISO8601 형식으로 기록하며 예: 2025-01-15T09:00:00Z와 같이 표준화한다.",
            "id": "sample_067_0011_000009",
            "annotations": []
        },
        {
            "sentence": "expiration_date는 만료 검증을 위해 명시하며 예: 2026-01-15T09:00:00Z로 설정할 것을 권장한다.",
            "id": "sample_067_0011_000010",
            "annotations": []
        },
        {
            "sentence": "proof.type은 Ed25519Signature2020, RsaSignature2018 등 상호운용 가능한 표준 타입을 사용하도록 정의한다.",
            "id": "sample_067_0011_000011",
            "annotations": []
        },
        {
            "sentence": "proof.created는 서명 생성 시각을 ISO8601으로 기록하고 proof.creator는 발급자 DID로 표기한다.",
            "id": "sample_067_0011_000012",
            "annotations": []
        },
        {
            "sentence": "proof.signatureValue는 서명 검증에 필요한 값으로 포함하되, 예시에서는 테스트 서명 값만 사용한다.",
            "id": "sample_067_0011_000013",
            "annotations": []
        },
        {
            "sentence": "verifiable_presentation_id 예시로 vp:example:0001을 사용하며 presentation_submission은 OIDC4VP 매핑 규격을 따른다.",
            "id": "sample_067_0011_000014",
            "annotations": []
        },
        {
            "sentence": "revocation_status는 상태(status), 갱신시각(updated_at), 참조 리스팅(revocation_list) 등을 포함해 실시간 근접 조회를 지원한다.",
            "id": "sample_067_0011_000015",
            "annotations": []
        },
        {
            "sentence": "예시 revocation_status: { 'status': 'active', 'updated_at': '2025-02-01T12:00:00Z', 'revocation_list': 'did:example:revocationList-1' }.",
            "id": "sample_067_0011_000016",
            "annotations": []
        },
        {
            "sentence": "consent_id는 consent-20250115-0001과 같이 고유 식별자를 사용하고 consent_granted_at은 2025-01-15T09:01:00Z로 기록한다.",
            "id": "sample_067_0011_000017",
            "annotations": []
        },
        {
            "sentence": "consent_scope은 최소 권한 원칙에 따라 예: ['profile.read','transactions.export'] 등으로 정의한다.",
            "id": "sample_067_0011_000018",
            "annotations": []
        },
        {
            "sentence": "key_id는 key-202501-01 같은 참조식 식별자를 사용하고 public_key_base58에는 공개키를 안전하게 표기한다.",
            "id": "sample_067_0011_000019",
            "annotations": []
        },
        {
            "sentence": "private_key_encrypted 필드는 암호화된 바이트 스트림 또는 키 참조 토큰을 가리키며 평문 키나 시드는 절대 노출하지 않는다.",
            "id": "sample_067_0011_000020",
            "annotations": []
        },
        {
            "sentence": "key_rotation_policy는 주기, 자동화 트리거, 이전 키 무효화 절차 및 다중서명 백업을 포함해 문서화해야 한다.",
            "id": "sample_067_0011_000021",
            "annotations": []
        },
        {
            "sentence": "audit_log_entry는 타임스탬프, 주체 DID, 행위 유형, 요약 해시를 포함해 변경 불가능한 로그로 보존한다.",
            "id": "sample_067_0011_000022",
            "annotations": []
        },
        {
            "sentence": "anchoring_tx_hash 예시: tx:example:anchor-0001 및 anchor_blockchain 예: 'example-ledger'를 사용해 온체인 앵커링을 최소화한다.",
            "id": "sample_067_0011_000023",
            "annotations": []
        },
        {
            "sentence": "policy_id는 policy-ssi-2025처럼 내부 준수 정책을 식별하고 compliance_documents에 GDPR, eIDAS 요건 요약을 첨부한다.",
            "id": "sample_067_0011_000024",
            "annotations": []
        },
        {
            "sentence": "데이터 최소공개 원칙에 따라 credential 발급 시 이름과 생년월일, 주소 등 민감 항목은 필요 시에만 분리 제공한다.",
            "id": "sample_067_0011_000025",
            "annotations": []
        },
        {
            "sentence": "오프라인 검증 지원을 위해 증명 메타데이터와 서명값을 로컬에 안전히 캐시하되 접근 제어를 엄격히 적용한다.",
            "id": "sample_067_0011_000026",
            "annotations": []
        },
        {
            "sentence": "키 복구 및 백업 정책은 다중장치 복구, 암호화된 백업 포맷, 법적 요청 처리 절차 및 테스트 절차를 포함해 상세화해야 한다.",
            "id": "sample_067_0011_000027",
            "annotations": []
        },
        {
            "sentence": "운영상 기밀 정보 예시로 내부 KMS 엔드포인트 kms.internal.test 및 운영자 계정 op-identifier-01은 기밀 취급 규정을 적용한다.",
            "id": "sample_067_0011_000028",
            "annotations": [
                {
                    "word": "kms.internal.test",
                    "start": 27,
                    "end": 44,
                    "label": "기밀정보"
                },
                {
                    "word": "op-identifier-01",
                    "start": 54,
                    "end": 70,
                    "label": "기밀정보"
                }
            ]
        },
        {
            "sentence": "사용자 경험(UX) 관점에서 동의 관리는 단계적 공개와 명확한 범위 설명, 정책 변경 시 자동 알림으로 설계해야 한다.",
            "id": "sample_067_0011_000029",
            "annotations": []
        },
        {
            "sentence": "검증자는 온라인 여부와 상관없이 proof.signatureValue, proof.created를 이용한 검증이 가능해야 하며 필요한 JSON-LD context는 최소화한다.",
            "id": "sample_067_0011_000030",
            "annotations": []
        },
        {
            "sentence": "본 문서의 예시는 테스트 네임스페이스와 가명 데이터를 사용해 구성되었으며 실제 개인식별정보의 유출을 방지하도록 설계되었다.",
            "id": "sample_067_0011_000031",
            "annotations": []
        }
    ]
}