{
    "document_id": "067_0020",
    "document_title": "자기주권 신원(SSI) 및 개인 데이터 월렛 구현 지침서(샘플)",
    "data": [
        {
            "sentence": "본 문서는 자기주권 신원(SSI)과 개인 데이터 월렛의 설계 원칙, 보안·프라이버시 요구사항 및 운영 절차를 종합적으로 안내하기 위해 작성되었습니다.",
            "id": "sample_067_0020_000001",
            "annotations": []
        },
        {
            "sentence": "문서는 상호운용성, 최소정보공개, 오프라인 검증, 분산키관리 및 법규 준수를 균형있게 다루는 것을 목표로 합니다.",
            "id": "sample_067_0020_000002",
            "annotations": []
        },
        {
            "sentence": "아키텍처 개요에서는 월렛 클라이언트, 로컬 키 저장소, 검증자(Verifier), 발급자(Issuer), 및 선택적 온체인 anchoring 컴포넌트를 포함합니다.",
            "id": "sample_067_0020_000003",
            "annotations": []
        },
        {
            "sentence": "지원되는 DID 메서드는 did:example:와 테스트 네임스페이스 기반의 did:example:wallet123 같은 예시 형태를 우선 사용하며, production에서는 DID 레지스트리 별 검증 절차를 권고합니다.",
            "id": "sample_067_0020_000004",
            "annotations": []
        },
        {
            "sentence": "샘플 Verifiable Credential의 credential_subject 예시는 이름: 이혜정, 생년월일: 1985년 06월 15일, 성별: 여성 등 최소한의 속성으로 표현되어야 합니다.",
            "id": "sample_067_0020_000005",
            "annotations": [
                {
                    "word": "이혜정",
                    "start": 53,
                    "end": 56,
                    "label": "개인정보"
                },
                {
                    "word": "1985년",
                    "start": 64,
                    "end": 69,
                    "label": "준식별자"
                },
                {
                    "word": "06월",
                    "start": 70,
                    "end": 73,
                    "label": "준식별자"
                },
                {
                    "word": "15일",
                    "start": 74,
                    "end": 77,
                    "label": "준식별자"
                },
                {
                    "word": "여성",
                    "start": 83,
                    "end": 85,
                    "label": "준식별자"
                }
            ]
        },
        {
            "sentence": "동일 샘플 내 다른 준식별자 예로 주소 단위는 서울특별시, 종로구 수준으로 요약하고, 직장 정보는 예시금융주식회사 같이 범주화한 표현을 권장합니다.",
            "id": "sample_067_0020_000006",
            "annotations": [
                {
                    "word": "서울특별시",
                    "start": 26,
                    "end": 31,
                    "label": "준식별자"
                },
                {
                    "word": "종로구",
                    "start": 33,
                    "end": 36,
                    "label": "준식별자"
                },
                {
                    "word": "예시금융주식회사",
                    "start": 55,
                    "end": 63,
                    "label": "준식별자"
                }
            ]
        },
        {
            "sentence": "Verifiable Credential 메타데이터에는 did, issuer_did, holder_did, verifiable_credential_type, issuance_date 및 expiration_date가 명확히 포함되어야 합니다.",
            "id": "sample_067_0020_000007",
            "annotations": []
        },
        {
            "sentence": "샘플 proof 구조는 proof.type, proof.created, proof.creator 및 proof.signatureValue 필드를 포함하되 서명값은 테스트 네임스페이스 형태(sig:example:...)로 표기하십시오.",
            "id": "sample_067_0020_000008",
            "annotations": []
        },
        {
            "sentence": "Verifiable Presentation에는 verifiable_presentation_id와 presentation_submission 매핑을 포함하여 제출된 credential 항목과 제출 규격을 분명히 해야 합니다.",
            "id": "sample_067_0020_000009",
            "annotations": []
        },
        {
            "sentence": "폐기·철회 관련 필드는 revocation_status와 revocation_timestamp를 포함하여 상태(active/revoked/pending)와 타임스탬프를 제공해야 실시간 검증이 가능합니다.",
            "id": "sample_067_0020_000010",
            "annotations": []
        },
        {
            "sentence": "동의 기록은 consent_id, consent_granted_at, consent_scope 및 법적 근거(예: GDPR 처리 근거 조항)를 명시해 추후 규정 준수 증빙에 사용하도록 설계해야 합니다.",
            "id": "sample_067_0020_000011",
            "annotations": []
        },
        {
            "sentence": "키 메타데이터는 key_id, public_key_base58, private_key_encrypted 표기(평문 비공개키나 시드 출력 금지)를 포함하고 키 형식과 DID 연동 정보를 기록해야 합니다.",
            "id": "sample_067_0020_000012",
            "annotations": []
        },
        {
            "sentence": "키 복구·백업 정책은 암호화된 오프라인 백업과 멀티 파티 복구(MPC 또는 분할 보관) 옵션을 제공하고, private_key_encrypted 참조 방식으로 복구 절차를 문서화해야 합니다.",
            "id": "sample_067_0020_000013",
            "annotations": []
        },
        {
            "sentence": "키 교체 정책(key_rotation_policy)은 주기, 트리거(의심스러운 접근, 컴플라이언스 변경), 롤백 절차 및 사용자 통지 방법을 포함해야 하며 자동화된 교체와 수동 검토를 병행하는 것을 권장합니다.",
            "id": "sample_067_0020_000014",
            "annotations": []
        },
        {
            "sentence": "운영 보안 항목에는 기밀 인프라 식별(예: 내부 서버 IP: 10.10.10.10) 및 관리자 계정 예시(admin_wallet)과 같은 민감한 운영 자산을 별도 보안 문서로 관리해야 합니다.",
            "id": "sample_067_0020_000015",
            "annotations": [
                {
                    "word": "10.10.10.10",
                    "start": 34,
                    "end": 45,
                    "label": "기밀정보"
                },
                {
                    "word": "admin_wallet",
                    "start": 59,
                    "end": 71,
                    "label": "기밀정보"
                }
            ]
        },
        {
            "sentence": "발급·교환 로그는 issuance receipts, audit_log_entry 및 거래 영수증을 포함해 불변 로그로 보관하며 접근 제어와 암호화로 기록 무결성을 보장해야 합니다.",
            "id": "sample_067_0020_000016",
            "annotations": []
        },
        {
            "sentence": "온체인 anchoring 메타데이터는 anchoring_tx_hash를 최소화된 형태로 기록하고 anchor_blockchain은 테스트 네트워크 표기(testnet:examplechain)처럼 네임스페이스를 구분하십시오.",
            "id": "sample_067_0020_000017",
            "annotations": []
        },
        {
            "sentence": "정책 식별을 위해 policy_id를 포함하고 compliance_documents에는 GDPR 및 eIDAS 준수 체크리스트와 처리 기록 보존 기간을 첨부해야 합니다.",
            "id": "sample_067_0020_000018",
            "annotations": []
        },
        {
            "sentence": "상호운용성 고려사항으로 서로 다른 DID method, 키 포맷, JOSE/JWK 지원 범위를 매핑하고 변환 계층을 통해 검증자의 요구를 충족해야 합니다.",
            "id": "sample_067_0020_000019",
            "annotations": []
        },
        {
            "sentence": "제로지식증명(ZKP) 활용 시 최소 공개 데이터 집합과 파라미터, 검증 시간 및 재사용 가능성 제한을 명시하여 개인정보 노출을 최소화하십시오.",
            "id": "sample_067_0020_000020",
            "annotations": []
        },
        {
            "sentence": "오프라인 검증 시에는 로컬에 저장된 검증용 메타데이터와 revocation_status를 결합해 네트워크 연결 없이도 신뢰성을 평가할 수 있도록 설계해야 합니다.",
            "id": "sample_067_0020_000021",
            "annotations": []
        },
        {
            "sentence": "사용자 경험 관점에서는 복잡한 키·동의 관리를 안내형 UI와 단계별 백업 도우미로 단순화하고, 사용자가 복구 시드나 평문 키를 직접 노출하지 않도록 보호해야 합니다.",
            "id": "sample_067_0020_000022",
            "annotations": []
        },
        {
            "sentence": "키 수명주기 관리 절차에는 생성, 등록, 백업, 교체, 폐기 과정과 각 단계에서의 암호화·감사 요구사항을 명문화해야 합니다.",
            "id": "sample_067_0020_000023",
            "annotations": []
        },
        {
            "sentence": "침해 사고 대응 절차는 audit_log_entry 기반의 트리거 탐지, 영향 범위 분석, 관련 당사자 통지 및 복구 조치를 포함해야 하며 규제보고 의무를 준수해야 합니다.",
            "id": "sample_067_0020_000024",
            "annotations": []
        },
        {
            "sentence": "데이터 최소화 원칙을 기술 정책에 반영해 검증자에게 송신하는 속성을 필터링하고 동의 범위(consent_scope) 외의 데이터 전송을 차단해야 합니다.",
            "id": "sample_067_0020_000025",
            "annotations": []
        },
        {
            "sentence": "실무자 실행 항목으로는 정책 검토, 키 롤아웃 테스트, 폐기·철회 절차 검증, 및 규정 준수 문서화가 있으며 담당 책임자 지정이 필요합니다.",
            "id": "sample_067_0020_000026",
            "annotations": []
        },
        {
            "sentence": "결론적으로 본 가이드는 검증가능성, 프라이버시 보호, 키 관리, 법적 준수의 균형을 목표로 하며 구현 전 단계의 위기 시나리오를 사전 점검할 것을 권고합니다.",
            "id": "sample_067_0020_000027",
            "annotations": []
        },
        {
            "sentence": "부록 예시로 간단화된 JSON-LD context, 샘플 policy_id 및 연락 담당자 권남주를 포함한 운영 연락처 정보를 참조용으로 기재합니다.",
            "id": "sample_067_0020_000028",
            "annotations": [
                {
                    "word": "권남주",
                    "start": 51,
                    "end": 54,
                    "label": "개인정보"
                }
            ]
        }
    ]
}