{
    "document_id": "067_0072",
    "document_title": "자기주권 신원(SSI) 및 개인 데이터 월렛 운영·보안 가이드라인",
    "data": [
        {
            "sentence": "자기주권 신원 및 개인 데이터 월렛의 설계와 운영을 위한 기술·보안·프라이버시 가이드 문서입니다.",
            "id": "sample_067_0072_000001",
            "annotations": []
        },
        {
            "sentence": "이 문서는 W3C DID/VC 표준, JSON-LD 표현 및 OIDC4VP 연동 관행을 준수하도록 작성되었습니다.",
            "id": "sample_067_0072_000002",
            "annotations": []
        },
        {
            "sentence": "샘플 DID는 테스트 네임스페이스를 사용하며 예시로 did:example:holder123 및 did:example:issuer456 형식을 사용합니다.",
            "id": "sample_067_0072_000003",
            "annotations": []
        },
        {
            "sentence": "발급자(issuer_did)는 did:example:issuer456으로 표기되며 발급 로그에는 issuer_id와 발급자 메타데이터가 포함됩니다.",
            "id": "sample_067_0072_000004",
            "annotations": []
        },
        {
            "sentence": "소유자(holder_did)는 did:example:holder123으로 표기되고 월렛 상태와 연동된 키 식별자(key_id)를 참조합니다.",
            "id": "sample_067_0072_000005",
            "annotations": []
        },
        {
            "sentence": "예시 VerifiableCredential 타입(verifiable_credential_type)은 ['IdentityCredential','AgeOverThresholdCredential']로 정의됩니다.",
            "id": "sample_067_0072_000006",
            "annotations": []
        },
        {
            "sentence": "credential_subject 항목에는 최소 공개 원칙을 적용하여 필요한 속성만 포함합니다.",
            "id": "sample_067_0072_000007",
            "annotations": []
        },
        {
            "sentence": "샘플 credential_subject.name은 가명 '서다비'로 표기하여 실제 인물 사용을 회피합니다.",
            "id": "sample_067_0072_000008",
            "annotations": [
                {
                    "word": "서다비",
                    "start": 32,
                    "end": 35,
                    "label": "개인정보"
                }
            ]
        },
        {
            "sentence": "동일한 credential_subject에는 준식별자 수준의 생년월일 구성요소를 분리하여 year:1990, month:05, day:15로 저장합니다.",
            "id": "sample_067_0072_000009",
            "annotations": [
                {
                    "word": "1990",
                    "start": 55,
                    "end": 59,
                    "label": "준식별자"
                },
                {
                    "word": "05",
                    "start": 67,
                    "end": 69,
                    "label": "준식별자"
                },
                {
                    "word": "15",
                    "start": 75,
                    "end": 77,
                    "label": "준식별자"
                }
            ]
        },
        {
            "sentence": "주소는 시와 군/구 단위로 분리하여 '서울특별시' 및 '강남구'만 포함하며 상세주소는 제외합니다.",
            "id": "sample_067_0072_000010",
            "annotations": [
                {
                    "word": "서울특별시",
                    "start": 21,
                    "end": 26,
                    "label": "준식별자"
                },
                {
                    "word": "강남구",
                    "start": 31,
                    "end": 34,
                    "label": "준식별자"
                }
            ]
        },
        {
            "sentence": "직업은 '연구원'으로 명시하여 증명 목적상 필요 최소한의 정보만 제공됩니다.",
            "id": "sample_067_0072_000011",
            "annotations": [
                {
                    "word": "연구원",
                    "start": 5,
                    "end": 8,
                    "label": "준식별자"
                }
            ]
        },
        {
            "sentence": "연락처 항목은 최소화 원칙에 따라 대체 연락수단으로 seodabi@example.test 이메일만 사용하며 자세한 통신 로그는 별도 보관합니다.",
            "id": "sample_067_0072_000012",
            "annotations": [
                {
                    "word": "seodabi@example.test",
                    "start": 29,
                    "end": 49,
                    "label": "개인정보"
                }
            ]
        },
        {
            "sentence": "필수 메타데이터에는 issuance_date와 expiration_date가 포함되며 예시로 issuance_date:2024-01-15, expiration_date:2026-01-15로 표기됩니다.",
            "id": "sample_067_0072_000013",
            "annotations": []
        },
        {
            "sentence": "VC의 proof에는 proof.type='EdDSA', proof.created='2024-01-15T10:00:00Z', proof.creator='did:example:issuer456#keys-1' 및 proof.signatureValue='sig:example:abc123'를 사용합니다.",
            "id": "sample_067_0072_000014",
            "annotations": []
        },
        {
            "sentence": "proof.signatureValue는 테스트 네임스페이스 서명 플레이스홀더이며 실제 서명값이나 개인키는 포함하지 않습니다.",
            "id": "sample_067_0072_000015",
            "annotations": []
        },
        {
            "sentence": "키 관련 메타데이터로 key_id='key-abc-001', public_key_base58='H3C2...exampleBase58' 및 private_key_encrypted='enc:example:privatekeyref'로 표기합니다.",
            "id": "sample_067_0072_000016",
            "annotations": []
        },
        {
            "sentence": "키 교체 정책(key_rotation_policy)은 90일 주기 권장, 자동 알림 및 다중 백업 검증 절차를 포함하도록 권고합니다.",
            "id": "sample_067_0072_000017",
            "annotations": []
        },
        {
            "sentence": "백업 경로 및 내부 보관 위치 예시는 vault.internal.company/keys/backup 및 10.0.0.5:8200 같은 내부 리소스 주소를 문서화하되 외부 배포 시 제거해야 합니다.",
            "id": "sample_067_0072_000018",
            "annotations": [
                {
                    "word": "vault.internal.company/keys/backup",
                    "start": 21,
                    "end": 55,
                    "label": "기밀정보"
                },
                {
                    "word": "10.0.0.5",
                    "start": 58,
                    "end": 66,
                    "label": "기밀정보"
                }
            ]
        },
        {
            "sentence": "감사로그(audit_log_entry)는 발급, 검증, 키회전, 폐기 이벤트를 포함하며 타임스탬프와 담당자 식별을 기록합니다.",
            "id": "sample_067_0072_000019",
            "annotations": []
        },
        {
            "sentence": "샘플 감사 로그 항목에는 'issued by 박진오 at 2024-01-15T10:01:00Z'와 같은 형식이 예시로 포함됩니다.",
            "id": "sample_067_0072_000020",
            "annotations": [
                {
                    "word": "박진오",
                    "start": 25,
                    "end": 28,
                    "label": "개인정보"
                }
            ]
        },
        {
            "sentence": "revocation_status는 {state:'active'|'revoked', revoked_at:timestamp, revocation_list_id:'rl-2024-01'} 형태로 실시간 상태를 제공합니다.",
            "id": "sample_067_0072_000021",
            "annotations": []
        },
        {
            "sentence": "예시 revocation 상태는 revoked_at='2024-06-01T12:00:00Z', state:'revoked'로 표기되어 오프체인 증명이 가능하도록 anchoring 정보를 포함합니다.",
            "id": "sample_067_0072_000022",
            "annotations": []
        },
        {
            "sentence": "온체인 anchoring 메타데이터로 anchoring_tx_hash='tx:example:anchoring0001' 및 anchor_blockchain='testnet.examplechain'을 포함하되 과도한 온체인 데이터는 배제합니다.",
            "id": "sample_067_0072_000023",
            "annotations": []
        },
        {
            "sentence": "프레젠테이션(verifiable_presentation_id)은 vp:example:vp12345 형식을 사용하며 presentation_submission에는 descriptor_map과 제출증거를 간략화해 포함합니다.",
            "id": "sample_067_0072_000024",
            "annotations": []
        },
        {
            "sentence": "동의(consent)는 consent_id='consent-0001', consent_granted_at='2024-01-15T09:55:00Z', consent_scope=['identity','email'] 및 GDPR 처리근거와 eIDAS 관련 메타데이터를 포함합니다.",
            "id": "sample_067_0072_000025",
            "annotations": []
        },
        {
            "sentence": "compliance_documents 목록에는 GDPR_Article6_LegalBasis.pdf 및 eIDAS_TrustFramework_Summary.txt 같은 문서 식별자가 첨부됩니다.",
            "id": "sample_067_0072_000026",
            "annotations": []
        },
        {
            "sentence": "서비스 정책(policy_id='policy-wallet-2024')은 최소 데이터 전송 원칙, 상호운용성 요구사항, KYC/AML 연동 가이드라인을 포함합니다.",
            "id": "sample_067_0072_000027",
            "annotations": []
        },
        {
            "sentence": "결론 및 운영 권고: 사용자 경험을 고려한 키 복구·백업 정책 문서화를 의무화하고 정기적인 보안·프라이버시 심사를 권고합니다.",
            "id": "sample_067_0072_000028",
            "annotations": []
        }
    ]
}