{
    "document_id": "067_0087",
    "document_title": "자기주권 신원(SSI) 및 개인 데이터 월렛 운영 지침서",
    "data": [
        {
            "sentence": "이 문서는 자기주권 신원 및 개인 데이터 월렛(SSI) 운영을 위한 기술적·규제적 지침과 실행 템플릿을 제공합니다.",
            "id": "sample_067_0087_000001",
            "annotations": []
        },
        {
            "sentence": "문서 식별자는 067_0087이며, 본 문서는 지갑 발급·검증·폐기 프로세스와 관련된 실행 항목을 포함합니다.",
            "id": "sample_067_0087_000002",
            "annotations": []
        },
        {
            "sentence": "예시 DID 문서에서 did는 'did:example:wallet-abcdef-001' 형태로 표기되며, 테스트 네임스페이스 사용을 권장합니다.",
            "id": "sample_067_0087_000003",
            "annotations": []
        },
        {
            "sentence": "발급자 DID(issuer_did)는 테스트 네임스페이스 'did:example:issuer-001'로 명시되어 있습니다.",
            "id": "sample_067_0087_000004",
            "annotations": []
        },
        {
            "sentence": "홀더 DID(holder_did)는 'did:example:holder-12345'로 샘플 표기하며, 운영 시 DID method 상호운용성을 검토해야 합니다.",
            "id": "sample_067_0087_000005",
            "annotations": []
        },
        {
            "sentence": "Verifiable Credential 타입(verifiable_credential_type)은 ['VerifiableCredential','IdentityCredential']로 예시화합니다.",
            "id": "sample_067_0087_000006",
            "annotations": []
        },
        {
            "sentence": "credential_subject는 최소 공개 원칙에 따라 이름과 준식별자 일부만 포함하되, 불필요한 PII 전송을 금지합니다.",
            "id": "sample_067_0087_000007",
            "annotations": []
        },
        {
            "sentence": "샘플 credential_subject 예: { 'id':'did:example:holder-12345', 'name':'류승주', '생년월일':'1987-09-21', '성별':'여성', '주소':'서울특별시 강남구', '직업':'대학 연구원' }.",
            "id": "sample_067_0087_000008",
            "annotations": [
                {
                    "word": "류승주",
                    "start": 68,
                    "end": 71,
                    "label": "개인정보"
                },
                {
                    "word": "1987-09-21",
                    "start": 82,
                    "end": 92,
                    "label": "준식별자"
                },
                {
                    "word": "여성",
                    "start": 101,
                    "end": 103,
                    "label": "준식별자"
                },
                {
                    "word": "서울특별시 강남구",
                    "start": 112,
                    "end": 121,
                    "label": "준식별자"
                },
                {
                    "word": "대학 연구원",
                    "start": 130,
                    "end": 136,
                    "label": "준식별자"
                }
            ]
        },
        {
            "sentence": "발급일(issuance_date)은 2026-01-15T09:00:00Z, 만료일(expiration_date)은 2028-01-15T09:00:00Z로 표기합니다.",
            "id": "sample_067_0087_000009",
            "annotations": []
        },
        {
            "sentence": "증명(proof)은 proof.type='EcdsaSecp256k1Signature2019', proof.created='2026-01-15T09:00:01Z', proof.creator='did:example:issuer-001#keys-1', proof.signatureValue='sig_placeholder_ABC123'로 예시합니다.",
            "id": "sample_067_0087_000010",
            "annotations": []
        },
        {
            "sentence": "verifiable_presentation_id는 'vp:example:vp-0001'으로 표시하고 presentation_submission에는 OIDC4VP 호환 필드 매핑을 포함합니다.",
            "id": "sample_067_0087_000011",
            "annotations": []
        },
        {
            "sentence": "revocation_status는 { 'status':'active','last_checked':'2026-01-20T10:00:00Z','revocation_list_credential':'did:example:revocation-list-1' }로 최신 상태를 반영합니다.",
            "id": "sample_067_0087_000012",
            "annotations": []
        },
        {
            "sentence": "consent_id는 'consent-2026-0456'이며 consent_granted_at은 '2026-01-14T14:30:00Z'로 기록됩니다.",
            "id": "sample_067_0087_000013",
            "annotations": []
        },
        {
            "sentence": "consent_scope는 ['identity.verification','age_over_18']로 명시하고, GDPR 처리근거와 eIDAS 적합성 메타데이터를 동반합니다.",
            "id": "sample_067_0087_000014",
            "annotations": []
        },
        {
            "sentence": "키 관련 메타데이터는 key_id='key-2026-001', public_key_base58='GfH3...base58_placeholder', private_key_encrypted='ENC:AES256:placeholder', 및 key_rotation_policy를 포함합니다.",
            "id": "sample_067_0087_000015",
            "annotations": [
                {
                    "word": "key-2026-001",
                    "start": 20,
                    "end": 32,
                    "label": "기밀정보"
                },
                {
                    "word": "ENC:AES256:placeholder",
                    "start": 105,
                    "end": 127,
                    "label": "기밀정보"
                }
            ]
        },
        {
            "sentence": "키 수명주기 정책(key_rotation_policy)은 생성·백업·교체·폐기 절차를 명시하고 복구 옵션과 다중 키 보관 권장사항을 제시합니다.",
            "id": "sample_067_0087_000016",
            "annotations": []
        },
        {
            "sentence": "백업·복구 정책에는 사용자가 키 복구 시 복구 시드 노출을 피하도록 하며, 복구는 암호화된 시드 참조만 허용합니다.",
            "id": "sample_067_0087_000017",
            "annotations": []
        },
        {
            "sentence": "감사 로그(audit_log_entry)는 발급,제출,검증,폐기 이벤트를 ISO8601 타임스탬프로 기록하며 오프체인 저장과 해시 앵커링 정책을 병행합니다.",
            "id": "sample_067_0087_000018",
            "annotations": []
        },
        {
            "sentence": "anchoring_tx_hash는 'anchor_tx_placeholder'로 표기하고 anchor_blockchain은 'testnet:examplechain'으로 샘플화합니다.",
            "id": "sample_067_0087_000019",
            "annotations": []
        },
        {
            "sentence": "발급 영수증과 교환 거래 기록에는 issuance_receipt와 교환 상대방의 DID를 포함하며 검증자가 오프라인 검증 가능하도록 설계합니다.",
            "id": "sample_067_0087_000020",
            "annotations": []
        },
        {
            "sentence": "정책 식별자(policy_id)는 'policy-ssi-2026-01'이며, compliance_documents로 GDPR·eIDAS 적합성 보고서 요약을 첨부합니다.",
            "id": "sample_067_0087_000021",
            "annotations": []
        },
        {
            "sentence": "시스템 운영상 기밀로 분류되는 정보 예시는 시스템 접속 계정: 'wallet-admin'과 내부 서버 IP: '10.0.0.5' 및 VPN 접속 경로: 'vpn-internal.example.local'입니다.",
            "id": "sample_067_0087_000022",
            "annotations": [
                {
                    "word": "wallet-admin",
                    "start": 36,
                    "end": 48,
                    "label": "기밀정보"
                },
                {
                    "word": "10.0.0.5",
                    "start": 62,
                    "end": 70,
                    "label": "기밀정보"
                },
                {
                    "word": "vpn-internal.example.local",
                    "start": 86,
                    "end": 112,
                    "label": "기밀정보"
                }
            ]
        },
        {
            "sentence": "암호학적 키의 평문 출력은 엄격히 금지되며, 로그에는 private_key_encrypted로만 참조하도록 구현해야 합니다.",
            "id": "sample_067_0087_000023",
            "annotations": []
        },
        {
            "sentence": "감사 및 모니터링은 최소권한 원칙과 동의 기반 로깅을 결합하고, 조작 방지를 위해 로그 무결성 해시를 포함합니다.",
            "id": "sample_067_0087_000024",
            "annotations": []
        },
        {
            "sentence": "운영자는 내부 감사 시 담당자 이름과 역할을 최소한으로 표기하며 예시 담당자: 박인태(규정 검토자), 원현수(보안 담당)로 명기할 수 있습니다.",
            "id": "sample_067_0087_000025",
            "annotations": [
                {
                    "word": "박인태",
                    "start": 44,
                    "end": 47,
                    "label": "개인정보"
                },
                {
                    "word": "원현수",
                    "start": 57,
                    "end": 60,
                    "label": "개인정보"
                }
            ]
        },
        {
            "sentence": "추진 과제로는 사용자 UX 개선, 상호운용성 테스트, 키 복구 시나리오 실습, 실시간 폐기 조회 성능 개선 등을 제시합니다.",
            "id": "sample_067_0087_000026",
            "annotations": []
        }
    ]
}