{
    "document_id": "067_0010",
    "document_title": "자기주권 신원(SSI) 및 개인 데이터 월렛 운영·보안·컴플라이언스 설계문서",
    "data": [
        {
            "sentence": "본 문서는 자기주권 신원(SSI)과 개인 데이터 월렛의 설계 원칙, 키 수명주기, 발급·검증 프로세스 및 규정 준수 요구사항을 종합적으로 기술합니다.",
            "id": "sample_067_0010_000001",
            "annotations": []
        },
        {
            "sentence": "목적은 사용자가 자신의 식별자와 증명서를 직접 소유·관리할 수 있도록 안전한 데이터 모델과 운영 절차를 제공하는 것입니다.",
            "id": "sample_067_0010_000002",
            "annotations": []
        },
        {
            "sentence": "범위는 DID 문서, Verifiable Credential(VC), Presentation, 키 메타데이터, 발급·감사 로그, 폐기·동의 레코드 및 온체인 앵커링 메타데이터를 포함합니다.",
            "id": "sample_067_0010_000003",
            "annotations": []
        },
        {
            "sentence": "문서는 W3C DID/VC 표준과 JSON-LD 표현을 우선 적용하며, OIDC4VP/OP 및 SIOP 연동 가이드를 참조합니다.",
            "id": "sample_067_0010_000004",
            "annotations": []
        },
        {
            "sentence": "프라이버시 by design 원칙을 따르며 최소 공개 원칙으로 불필요한 PII 전송을 금지하고, 제로지식증명(ZKP) 활용을 권장합니다.",
            "id": "sample_067_0010_000005",
            "annotations": []
        },
        {
            "sentence": "예시 VC의 credential_subject.name은 권서원(가명)이며, 실제 식별자는 사용자의 동의 하에 최소한만 제공되어야 합니다.",
            "id": "sample_067_0010_000006",
            "annotations": [
                {
                    "word": "권서원",
                    "start": 32,
                    "end": 35,
                    "label": "개인정보"
                }
            ]
        },
        {
            "sentence": "credential_subject.birthYear: 1990는 준식별자이며, 연도는 별도 보관·처리 지침에 따라 보호되어야 합니다.",
            "id": "sample_067_0010_000007",
            "annotations": [
                {
                    "word": "1990",
                    "start": 30,
                    "end": 34,
                    "label": "준식별자"
                }
            ]
        },
        {
            "sentence": "credential_subject.birthMonth: 05는 준식별자이며, 익명화 처리 시 월 단위 보관 여부를 정책으로 정해야 합니다.",
            "id": "sample_067_0010_000008",
            "annotations": [
                {
                    "word": "05",
                    "start": 31,
                    "end": 33,
                    "label": "준식별자"
                }
            ]
        },
        {
            "sentence": "credential_subject.birthDay: 12는 준식별자이며, 날짜 단위는 추가 식별 위험을 고려해 최소 공개 원칙을 적용합니다.",
            "id": "sample_067_0010_000009",
            "annotations": [
                {
                    "word": "12",
                    "start": 29,
                    "end": 31,
                    "label": "준식별자"
                }
            ]
        },
        {
            "sentence": "credential_subject.address.city: 서울특별시는 준식별자 범주에 해당하므로 시·군·구·동 단위 분리 저장 및 접근 통제가 필요합니다.",
            "id": "sample_067_0010_000010",
            "annotations": [
                {
                    "word": "서울특별시",
                    "start": 33,
                    "end": 38,
                    "label": "준식별자"
                }
            ]
        },
        {
            "sentence": "credential_subject.address.district: 강남구는 준식별자이며, 주소는 시/군/구/동 단위로 분리 보관해야 재식별 위험을 줄일 수 있습니다.",
            "id": "sample_067_0010_000011",
            "annotations": [
                {
                    "word": "강남구",
                    "start": 37,
                    "end": 40,
                    "label": "준식별자"
                }
            ]
        },
        {
            "sentence": "credential_subject.address.subDistrict: 역삼동은 준식별자이며, 상세 호수는 포함하지 않습니다.",
            "id": "sample_067_0010_000012",
            "annotations": [
                {
                    "word": "역삼동",
                    "start": 40,
                    "end": 43,
                    "label": "준식별자"
                }
            ]
        },
        {
            "sentence": "credential_subject.employer: 예시테크는 직장명으로 준식별자에 해당하므로 외부 제공 시 최소화해야 합니다.",
            "id": "sample_067_0010_000013",
            "annotations": [
                {
                    "word": "예시테크",
                    "start": 29,
                    "end": 33,
                    "label": "준식별자"
                }
            ]
        },
        {
            "sentence": "운영상 기밀로 분류되는 시스템 접속 계정은 svc_wallet_admin과 같이 내부 명명 규칙을 사용하되 외부 문서 노출을 금지합니다.",
            "id": "sample_067_0010_000014",
            "annotations": [
                {
                    "word": "svc_wallet_admin",
                    "start": 24,
                    "end": 40,
                    "label": "기밀정보"
                }
            ]
        },
        {
            "sentence": "내부 접속용 VPN 주소 vpn.internal.example는 기밀정보로 취급하며 외부 앵커링·감사 로그에 노출하지 않습니다.",
            "id": "sample_067_0010_000015",
            "annotations": [
                {
                    "word": "vpn.internal.example",
                    "start": 14,
                    "end": 34,
                    "label": "기밀정보"
                }
            ]
        },
        {
            "sentence": "정책 식별자 policy_id: policy_wallet_2026는 내부 정책 고유값으로 기밀 범주로 관리할 것을 권고합니다.",
            "id": "sample_067_0010_000016",
            "annotations": [
                {
                    "word": "policy_wallet_2026",
                    "start": 18,
                    "end": 36,
                    "label": "기밀정보"
                }
            ]
        },
        {
            "sentence": "DID 샘플은 did:example:wallet-067 및 다중 DID method 예시 did:web:example.com:user-067을 모두 지원하도록 설계합니다.",
            "id": "sample_067_0010_000017",
            "annotations": []
        },
        {
            "sentence": "issuer_did: did:example:issuer-001, holder_did: did:example:wallet-067, verifiable_credential_type: [\"VerifiableCredential\",\"ProofOfAgeCredential\"]로 표기합니다.",
            "id": "sample_067_0010_000018",
            "annotations": []
        },
        {
            "sentence": "issuance_date: 2024-11-01T10:00:00Z, expiration_date: 2026-11-01T10:00:00Z 형태의 ISO8601 타임스탬프를 사용합니다.",
            "id": "sample_067_0010_000019",
            "annotations": []
        },
        {
            "sentence": "proof.type: Ed25519Signature2020, proof.created: 2024-11-01T10:00:05Z, proof.creator: did:example:issuer-001#key-1, proof.signatureValue: sig:example:abcd1234를 예시로 둡니다.",
            "id": "sample_067_0010_000020",
            "annotations": []
        },
        {
            "sentence": "verifiable_presentation_id: vp:example:0001 및 presentation_submission: {descriptor_map:[{id:'age','path':'$.verifiableCredential[0]'}]} 형식을 권장합니다.",
            "id": "sample_067_0010_000021",
            "annotations": []
        },
        {
            "sentence": "revocation_status: {state:'active', updated_at:'2025-01-15T09:30:00Z'} 또는 {state:'revoked', updated_at:'2025-02-01T12:00:00Z'}로 실시간 상태를 제공해야 합니다.",
            "id": "sample_067_0010_000022",
            "annotations": []
        },
        {
            "sentence": "consent_id: consent-067-0001, consent_granted_at: 2024-10-20T14:45:00Z, consent_scope: ['vc.issue','vc.share']와 같은 구조로 동의 레코드를 표준화합니다.",
            "id": "sample_067_0010_000023",
            "annotations": []
        },
        {
            "sentence": "키 메타데이터는 key_id: key-067-2024, public_key_base58: HmVxExampleBase58Key, private_key_encrypted: <encrypted_blob_reference> 형태로 로그에 평문 비밀을 남기지 않습니다.",
            "id": "sample_067_0010_000024",
            "annotations": []
        },
        {
            "sentence": "key_rotation_policy는 주기, 키 교체 절차, 다중 서명 백업, 복구용 키쉐어링(문서화된 키 복구 절차)을 포함해 사용자 안내를 제공합니다.",
            "id": "sample_067_0010_000025",
            "annotations": []
        },
        {
            "sentence": "audit_log_entry 예: {event:'credential.issue', actor:did:example:issuer-001, ts:'2024-11-01T10:00:05Z', tx_ref:'tx:example:anchor0001'}를 감사 기록으로 보관합니다.",
            "id": "sample_067_0010_000026",
            "annotations": []
        },
        {
            "sentence": "anchoring_tx_hash: tx:example:anchor0001, anchor_blockchain: testnet.example.chain는 오프체인 메타데이터 최소화 원칙을 반영합니다.",
            "id": "sample_067_0010_000027",
            "annotations": []
        },
        {
            "sentence": "컴플라이언스 문서(compliance_documents)에는 GDPR 처리근거, eIDAS 적합성 메모, KYC/AML 연동 요구사항 및 사용자 동의 갱신 정책을 포함합니다.",
            "id": "sample_067_0010_000028",
            "annotations": []
        }
    ]
}