{
    "document_id": "067_0038",
    "document_title": "자기주권 신원(SSI) 및 개인 데이터 월렛 운영·보안 설계서",
    "data": [
        {
            "sentence": "본 문서는 자기주권 신원(SSI) 및 개인 데이터 월렛의 운영 원칙과 보안·프라이버시 설계 지침을 기술하기 위해 작성되었습니다.",
            "id": "sample_067_0038_000001",
            "annotations": []
        },
        {
            "sentence": "문서는 W3C DID/VC 표준, JSON-LD 표현, OIDC4VP/OP 연동 모델과 GDPR·eIDAS 준수 요건을 반영합니다.",
            "id": "sample_067_0038_000002",
            "annotations": []
        },
        {
            "sentence": "Privacy by Design 원칙에 따라 최소 공개(minimal disclosure)를 기본 정책으로 설정하고 데이터 전송 시 필요한 속성만 포함하도록 정의합니다.",
            "id": "sample_067_0038_000003",
            "annotations": []
        },
        {
            "sentence": "문서 범위에는 DID Document, Verifiable Credential(VC), Verifiable Presentation(VP), 키 메타데이터, 동의(consent) 기록, 감사 로그(audit trail) 및 온체인 anchoring 메타데이터가 포함됩니다.",
            "id": "sample_067_0038_000004",
            "annotations": []
        },
        {
            "sentence": "샘플 DID는 테스트 네임스페이스로 표기하며 예시값으로 did:example:issuer-0001와 did:example:holder-0001을 사용합니다.",
            "id": "sample_067_0038_000005",
            "annotations": []
        },
        {
            "sentence": "예시 Verifiable Credential은 issuer_did: did:example:issuer-0001가 holder subject로 발급하며 credential_subject.name에는 최소 공개 원칙에 따라 가명 '손은봄'을 사용합니다.",
            "id": "sample_067_0038_000006",
            "annotations": [
                {
                    "word": "손은봄",
                    "start": 127,
                    "end": 130,
                    "label": "개인정보"
                }
            ]
        },
        {
            "sentence": "credential_subject에는 불필요한 PII 제외를 원칙으로 하되 내부 식별을 위해 제한된 식별자 예시로 사번: 00012345를 암호화된 저장소 참조로 처리합니다.",
            "id": "sample_067_0038_000007",
            "annotations": [
                {
                    "word": "00012345",
                    "start": 68,
                    "end": 76,
                    "label": "개인정보"
                }
            ]
        },
        {
            "sentence": "주소 정보는 시군구 단위 축소를 권장하며 예시로 시 레벨 준식별자 '서울특별시'를 사용해 지역 기반 검증을 설명합니다.",
            "id": "sample_067_0038_000008",
            "annotations": [
                {
                    "word": "서울특별시",
                    "start": 38,
                    "end": 43,
                    "label": "준식별자"
                }
            ]
        },
        {
            "sentence": "생년월일 표기는 준식별자 분해 원칙을 따르며 예시로 연도만 별도 필드에 기록하는 형식을 권장하며 예시 연도는 1990입니다.",
            "id": "sample_067_0038_000009",
            "annotations": [
                {
                    "word": "1990",
                    "start": 61,
                    "end": 65,
                    "label": "준식별자"
                }
            ]
        },
        {
            "sentence": "생년월일의 월 구성 요소는 별도 필드로 기록 가능하며 예시 월 값은 05로 표기해 검증 및 최소공개 전략을 설명합니다.",
            "id": "sample_067_0038_000010",
            "annotations": [
                {
                    "word": "05",
                    "start": 38,
                    "end": 40,
                    "label": "준식별자"
                }
            ]
        },
        {
            "sentence": "생년월일의 일 구성 요소는 고유 식별 가능성을 높일 수 있으므로 필요시 별도 동의 하에 처리하며 예시 일 값은 20으로 표기합니다.",
            "id": "sample_067_0038_000011",
            "annotations": [
                {
                    "word": "20",
                    "start": 62,
                    "end": 64,
                    "label": "준식별자"
                }
            ]
        },
        {
            "sentence": "VC의 issuance_date는 ISO 8601 형식(예: 2025-06-15T12:00:00Z), expiration_date는 만료 정책을 반영해 설정합니다.",
            "id": "sample_067_0038_000012",
            "annotations": []
        },
        {
            "sentence": "proof에는 type: Ed25519Signature2018, proof.created: 2025-06-15T12:00:00Z, proof.creator: did:example:issuer-0001#key-1, proof.signatureValue: sig:TEST_SIGNATURE_VALUE와 같은 예시 메타데이터를 포함합니다.",
            "id": "sample_067_0038_000013",
            "annotations": []
        },
        {
            "sentence": "Verifiable Presentation 예시는 verifiable_presentation_id: vp:example:0001과 presentation_submission 구조를 포함해 OIDC4VP 호환 제출 양식을 설명합니다.",
            "id": "sample_067_0038_000014",
            "annotations": []
        },
        {
            "sentence": "동의 기록에는 consent_id: consent-20250615-0001, consent_granted_at: 2025-06-15T11:50:00Z, consent_scope: ['identity.name:minimal','age_over_18:bool']와 함께 내부 승인자 권한 예시로 '안혜주'가 참조될 수 있음을 명시합니다.",
            "id": "sample_067_0038_000015",
            "annotations": [
                {
                    "word": "안혜주",
                    "start": 164,
                    "end": 167,
                    "label": "개인정보"
                }
            ]
        },
        {
            "sentence": "revocation_status는 실시간 상태를 반영하며 예시로 status: active, last_checked: 2025-06-15T12:05:00Z, revocation_list_credential 및 온라인 OCSP 유사 조회 메커니즘을 병행합니다.",
            "id": "sample_067_0038_000016",
            "annotations": []
        },
        {
            "sentence": "키 메타데이터 예시는 key_id: key-rot-2025-01, public_key_base58: 6tYxExamplePubKeyBase58..., private_key_encrypted: enc:vault:001 형식으로 평문 비밀정보는 문서에 포함하지 않습니다.",
            "id": "sample_067_0038_000017",
            "annotations": []
        },
        {
            "sentence": "key_rotation_policy는 정기 교체 주기(예: 12개월), 키 백업의 암호화 저장, 복구 절차와 다단계 인증 기반 키 복구 워크플로우를 권장합니다.",
            "id": "sample_067_0038_000018",
            "annotations": []
        },
        {
            "sentence": "감사 로그 예시는 audit_log_entry: {event: 'issue', actor: 'did:example:issuer-0001#key-1', ts: '2025-06-15T12:00:05Z', note: 'credential issued'} 형식으로 불변 로그를 유지합니다.",
            "id": "sample_067_0038_000019",
            "annotations": []
        },
        {
            "sentence": "온체인 anchoring은 최소화 원칙을 적용하며 anchoring_tx_hash: tx:example:anch-0001, anchor_blockchain: testnet-example 같은 테스트 네임스페이스 메타데이터를 기록합니다.",
            "id": "sample_067_0038_000020",
            "annotations": []
        },
        {
            "sentence": "정책 식별자는 policy_id: policy-ssi-2025 및 compliance_documents로 GDPR 및 eIDAS 준수 템플릿, 데이터 처리 목록(DPIA) 링크를 포함해 규제 준수 근거를 명시합니다.",
            "id": "sample_067_0038_000021",
            "annotations": []
        },
        {
            "sentence": "상호운용성 관점에서 다양한 DID method와 키 포맷을 고려하고 SIOP/OIDC4VP 연동을 위한 매핑 규칙과 JSON-LD context 축약본을 제시합니다.",
            "id": "sample_067_0038_000022",
            "annotations": []
        },
        {
            "sentence": "오프라인 검증을 지원하기 위해 최소한의 증빙(credential hash, proof.signatureValue, context 축약본)만으로 검증이 가능하도록 설계합니다.",
            "id": "sample_067_0038_000023",
            "annotations": []
        },
        {
            "sentence": "사용자 경험(UX)을 고려해 키 복구·백업 정책은 단계별 가이드와 복구 토큰 관리, hardware-backed key 및 클라우드 KMS 대안 등을 문서화하도록 권장합니다.",
            "id": "sample_067_0038_000024",
            "annotations": []
        },
        {
            "sentence": "비밀정보는 HSM 또는 KMS에 저장하고 데이터 전송은 TLS와 추가적인 메시지 레벨 암호화를 적용하며 민감 속성은 private_key_encrypted 참조만 포함합니다.",
            "id": "sample_067_0038_000025",
            "annotations": []
        },
        {
            "sentence": "인프라 구성 관련 민감 항목 예시로 내부 서버 IP 10.0.0.5와 같은 값은 기밀정보로 분류하고 외부 문서에 노출하지 않습니다.",
            "id": "sample_067_0038_000026",
            "annotations": [
                {
                    "word": "10.0.0.5",
                    "start": 29,
                    "end": 37,
                    "label": "기밀정보"
                }
            ]
        },
        {
            "sentence": "데이터 최소화와 동의 기반 보유 기간 정책을 통해 로그 보관 기간을 설정하고 삭제 정책 및 개인정보 처리 기록을 유지합니다.",
            "id": "sample_067_0038_000027",
            "annotations": []
        },
        {
            "sentence": "결론적으로 기술적·조직적 보호조치를 병행하고, 액션 아이템으로 정책 적용 일정 수립과 정기 보안·프라이버시 점검을 권고합니다.",
            "id": "sample_067_0038_000028",
            "annotations": []
        }
    ]
}