{
    "document_id": "067_0076",
    "document_title": "자기주권 신원(SSI) 및 개인 데이터 월렛 운영·보안 가이드라인",
    "data": [
        {
            "sentence": "본 문서는 자기주권 신원(SSI) 및 개인 데이터 월렛의 설계, 운영, 검증 절차를 기술한 기술·컴플라이언스 문서입니다.",
            "id": "sample_067_0076_000001",
            "annotations": []
        },
        {
            "sentence": "문서는 W3C DID/VC 기반으로 설계되며 JSON-LD 표현과 OIDC4VP 연동 가이드를 포함합니다.",
            "id": "sample_067_0076_000002",
            "annotations": []
        },
        {
            "sentence": "목표는 개인정보 최소화와 상호운용성을 유지하면서 검증가능성과 사용성(UX)을 확보하는 것입니다.",
            "id": "sample_067_0076_000003",
            "annotations": []
        },
        {
            "sentence": "이 문서는 도메인 식별자 did:example:wallet-456 및 관련 메타데이터 샘플을 포함합니다.",
            "id": "sample_067_0076_000004",
            "annotations": [
                {
                    "word": "did:example:wallet-456",
                    "start": 14,
                    "end": 36,
                    "label": "개인정보"
                }
            ]
        },
        {
            "sentence": "발급자 DID는 issuer_did: did:example:issuer-789, 소지자 DID는 holder_did: did:example:holder-123로 표기합니다.",
            "id": "sample_067_0076_000005",
            "annotations": [
                {
                    "word": "did:example:issuer-789",
                    "start": 21,
                    "end": 43,
                    "label": "개인정보"
                },
                {
                    "word": "did:example:holder-123",
                    "start": 66,
                    "end": 88,
                    "label": "개인정보"
                }
            ]
        },
        {
            "sentence": "예시 Verifiable Credential의 verifiable_credential_type은 'ProofOfAgeCredential'와 같은 사용자 연령 증명 타입으로 표기합니다.",
            "id": "sample_067_0076_000006",
            "annotations": []
        },
        {
            "sentence": "credential_subject에는 최소 공개 원칙에 따라 이름과 생년월일 일부만 기재하며 본 예시에서는 이름 강윤주와 생년월일 1990-05-21을 포함합니다.",
            "id": "sample_067_0076_000007",
            "annotations": [
                {
                    "word": "강윤주",
                    "start": 63,
                    "end": 66,
                    "label": "개인정보"
                },
                {
                    "word": "1990-05-21",
                    "start": 73,
                    "end": 83,
                    "label": "준식별자"
                }
            ]
        },
        {
            "sentence": "issuance_date는 2025-01-15T10:00:00Z, expiration_date는 2026-01-15T10:00:00Z로 예시화를 제공합니다.",
            "id": "sample_067_0076_000008",
            "annotations": [
                {
                    "word": "2025-01-15T10:00:00Z",
                    "start": 15,
                    "end": 35,
                    "label": "준식별자"
                },
                {
                    "word": "2026-01-15T10:00:00Z",
                    "start": 54,
                    "end": 74,
                    "label": "준식별자"
                }
            ]
        },
        {
            "sentence": "proof.type은 'Ed25519Signature2020'로 가정하고 proof.created는 2025-01-15T10:01:00Z 형태로 기록됩니다.",
            "id": "sample_067_0076_000009",
            "annotations": [
                {
                    "word": "2025-01-15T10:01:00Z",
                    "start": 56,
                    "end": 76,
                    "label": "준식별자"
                }
            ]
        },
        {
            "sentence": "proof.creator는 key_id: key-2025-01으로 지정하고 proof.signatureValue는 예시 서명 문자열로 표기합니다.",
            "id": "sample_067_0076_000010",
            "annotations": []
        },
        {
            "sentence": "키 메타데이터에는 key_id, public_key_base58, 그리고 암호화된 개인키(private_key_encrypted)를 포함하되 평문 private key는 절대 기재하지 않습니다.",
            "id": "sample_067_0076_000011",
            "annotations": []
        },
        {
            "sentence": "예시 public_key_base58는 H3C2nZfJyTestPublicKeyBase58 형식의 테스트 값으로 제공하며 복구는 키 복구·백업 정책에 따라 수행합니다.",
            "id": "sample_067_0076_000012",
            "annotations": []
        },
        {
            "sentence": "private_key_encrypted는 enc:example:abc123xyz와 같은 참조형 암호문으로 예시하며 실제 복호화 키는 안전한 HSM에 보관되어야 합니다.",
            "id": "sample_067_0076_000013",
            "annotations": [
                {
                    "word": "enc:example:abc123xyz",
                    "start": 23,
                    "end": 44,
                    "label": "기밀정보"
                }
            ]
        },
        {
            "sentence": "key_rotation_policy는 주기적 교체(예: 1년), 사전 통지 및 다중 서명 기반 롤오버를 권장합니다.",
            "id": "sample_067_0076_000014",
            "annotations": []
        },
        {
            "sentence": "revocation_status는 상태값 및 타임스탬프를 포함하며 예시로 revoked at 2025-03-01T12:00:00Z로 기록됩니다.",
            "id": "sample_067_0076_000015",
            "annotations": [
                {
                    "word": "2025-03-01T12:00:00Z",
                    "start": 52,
                    "end": 72,
                    "label": "준식별자"
                }
            ]
        },
        {
            "sentence": "발급 로그(issuance receipts)와 audit_log_entry는 검증자가 오프라인에서도 확인할 수 있도록 서명된 타임스탬프와 해시를 포함합니다.",
            "id": "sample_067_0076_000016",
            "annotations": []
        },
        {
            "sentence": "예시 anchoring_tx_hash는 tx:example:0000abcd로 표현하고 anchor_blockchain은 'testnet-example'로 지정합니다.",
            "id": "sample_067_0076_000017",
            "annotations": []
        },
        {
            "sentence": "presentation_submission 및 verifiable_presentation_id는 OIDC4VP 연동을 위해 호환 가능한 폼으로 정의됩니다.",
            "id": "sample_067_0076_000018",
            "annotations": []
        },
        {
            "sentence": "consent_id는 consent-0001로 표기하고 consent_granted_at은 2025-01-10T09:30:00Z이며 consent_scope에는 데이터 최소화 동의 범위를 명시합니다.",
            "id": "sample_067_0076_000019",
            "annotations": [
                {
                    "word": "2025-01-10T09:30:00Z",
                    "start": 51,
                    "end": 71,
                    "label": "준식별자"
                }
            ]
        },
        {
            "sentence": "compliance_documents에는 GDPR 및 eIDAS 준수 근거 문서와 처리목적, 법적 근거를 첨부합니다.",
            "id": "sample_067_0076_000020",
            "annotations": []
        },
        {
            "sentence": "policy_id는 wallet-policy-2025로 식별되며 정책에는 데이터 보존 기간, 삭제 절차, 개인정보 영향평가가 포함됩니다.",
            "id": "sample_067_0076_000021",
            "annotations": []
        },
        {
            "sentence": "키 복구·백업 정책은 사용자가 쉽게 이해할 수 있도록 복구 옵션별 UX 플로우와 위험·비용 요소를 표준화해 제시해야 합니다.",
            "id": "sample_067_0076_000022",
            "annotations": []
        },
        {
            "sentence": "상호운용성 관점에서 DID method와 키 포맷을 분리하여 다양한 검증자와 발급자 간 교환 호환성을 유지합니다.",
            "id": "sample_067_0076_000023",
            "annotations": []
        },
        {
            "sentence": "오프체인 anchoring을 권장하되 증명 가능성 보장을 위해 메타데이터 해시만 온체인에 기록하도록 설계합니다.",
            "id": "sample_067_0076_000024",
            "annotations": []
        },
        {
            "sentence": "폐기·철회 메커니즘은 실시간 조회 API와 오프라인 검증을 위한 폐기 증명(revocation proof)을 모두 지원해야 합니다.",
            "id": "sample_067_0076_000025",
            "annotations": []
        },
        {
            "sentence": "감사 추적(audit_log_entry)에는 행위자, 행위, 타임스탬프가 포함되고 행위자는 최소한 계정 식별자 수준으로 기록합니다.",
            "id": "sample_067_0076_000026",
            "annotations": []
        },
        {
            "sentence": "운영 책임자로 남대식을 지정하는 절차와 승인 로그는 내부 운영 규정에 따르며 최소권한 원칙을 준수합니다.",
            "id": "sample_067_0076_000027",
            "annotations": [
                {
                    "word": "남대식",
                    "start": 8,
                    "end": 11,
                    "label": "개인정보"
                }
            ]
        },
        {
            "sentence": "결론적으로, 문서에 제시한 구성요소와 정책은 사용자 프라이버시 보호와 법적 준수를 동시에 만족하도록 설계되어야 합니다.",
            "id": "sample_067_0076_000028",
            "annotations": []
        }
    ]
}