﻿word,document,sentence,label
공형우,067_0001,sample_067_0001_000007,개인정보
지환석,067_0001,sample_067_0001_000014,개인정보
천두현,067_0001,sample_067_0001_000021,개인정보
정시온,067_0002,sample_067_0002_000005,개인정보
P0000000,067_0002,sample_067_0002_000005,개인정보
1990,067_0002,sample_067_0002_000006,준식별자
05,067_0002,sample_067_0002_000006,준식별자
15,067_0002,sample_067_0002_000006,준식별자
여성,067_0002,sample_067_0002_000006,준식별자
서울특별시,067_0002,sample_067_0002_000007,준식별자
중구,067_0002,sample_067_0002_000007,준식별자
jsion@example.com,067_0002,sample_067_0002_000008,개인정보
010-0000-0000,067_0002,sample_067_0002_000008,개인정보
서민종,067_0002,sample_067_0002_000019,개인정보
vpn.internal.example,067_0002,sample_067_0002_000028,기밀정보
10.0.0.5,067_0002,sample_067_0002_000028,기밀정보
admin_wallet_mgr,067_0002,sample_067_0002_000028,기밀정보
유현근,067_0003,sample_067_0003_000006,개인정보
1990,067_0003,sample_067_0003_000006,준식별자
05,067_0003,sample_067_0003_000006,준식별자
12,067_0003,sample_067_0003_000006,준식별자
남성,067_0003,sample_067_0003_000006,준식별자
서울특별시,067_0003,sample_067_0003_000006,준식별자
서초구,067_0003,sample_067_0003_000006,준식별자
연구원,067_0003,sample_067_0003_000006,준식별자
민옥,067_0003,sample_067_0003_000010,개인정보
https://internal.wallet.corp.local,067_0003,sample_067_0003_000020,기밀정보
10.10.0.5,067_0003,sample_067_0003_000020,기밀정보
slot-A3,067_0003,sample_067_0003_000021,기밀정보
vault://backup/keyslotA,067_0003,sample_067_0003_000022,기밀정보
http://10.10.0.9:8545,067_0003,sample_067_0003_000023,기밀정보
권우재,067_0003,sample_067_0003_000029,개인정보
나혜랑,067_0004,sample_067_0004_000008,개인정보
1987-05-23,067_0004,sample_067_0004_000008,준식별자
여성,067_0004,sample_067_0004_000008,준식별자
서울특별시,067_0004,sample_067_0004_000008,준식별자
2024-12-01T09:00:00Z,067_0004,sample_067_0004_000012,준식별자
2024-01-15T10:30:00Z,067_0004,sample_067_0004_000014,준식별자
2024-01-20T14:22:10Z,067_0004,sample_067_0004_000019,준식별자
민찬욱,067_0004,sample_067_0004_000026,개인정보
배혜은,067_0004,sample_067_0004_000026,개인정보
공사랑,067_0005,sample_067_0005_000004,개인정보
1990-03-15,067_0005,sample_067_0005_000005,준식별자
여성,067_0005,sample_067_0005_000005,준식별자
서울특별시 강남구,067_0005,sample_067_0005_000006,준식별자
2024-11-01T10:00:00Z,067_0005,sample_067_0005_000009,준식별자
2025-11-01T10:00:00Z,067_0005,sample_067_0005_000009,준식별자
2024-11-01T10:00:01Z,067_0005,sample_067_0005_000010,준식별자
2025-01-20T12:00:00Z,067_0005,sample_067_0005_000013,준식별자
2024-10-15T09:30:00Z,067_0005,sample_067_0005_000014,준식별자
encrypted_key_ref:vault:/internal/vaults/si-wallet/backup-2026,067_0005,sample_067_0005_000016,기밀정보
구상민,067_0005,sample_067_0005_000018,개인정보
10.0.0.5,067_0005,sample_067_0005_000025,기밀정보
오정안,067_0006,sample_067_0006_000007,개인정보
2024-05-20,067_0006,sample_067_0006_000008,준식별자
2026-05-19,067_0006,sample_067_0006_000008,준식별자
2024-05-20T10:15:00Z,067_0006,sample_067_0006_000009,준식별자
2024-05-20T10:00:00Z,067_0006,sample_067_0006_000018,준식별자
consent-20240520-0001,067_0006,sample_067_0006_000018,준식별자
svc_issuer_admin,067_0006,sample_067_0006_000021,기밀정보
vault-prod-1,067_0006,sample_067_0006_000022,기밀정보
10.18.5.4,067_0006,sample_067_0006_000022,기밀정보
신예람,067_0007,sample_067_0007_000007,개인정보
천종혁,067_0007,sample_067_0007_000014,개인정보
천종혁@example.com,067_0007,sample_067_0007_000014,개인정보
1985,067_0007,sample_067_0007_000015,준식별자
07,067_0007,sample_067_0007_000015,준식별자
14,067_0007,sample_067_0007_000015,준식별자
서울특별시,067_0007,sample_067_0007_000016,준식별자
강남구,067_0007,sample_067_0007_000016,준식별자
예시테크,067_0007,sample_067_0007_000017,준식별자
did:example:wallet-067-0008-holder,067_0008,sample_067_0008_000004,개인정보
did:example:wallet-067-0008-issuer,067_0008,sample_067_0008_000004,개인정보
did:example:issuer_0008,067_0008,sample_067_0008_000005,개인정보
did:example:holder_0008,067_0008,sample_067_0008_000006,개인정보
남진환,067_0008,sample_067_0008_000009,개인정보
1985-01-01,067_0008,sample_067_0008_000010,준식별자
남성,067_0008,sample_067_0008_000010,준식별자
서울특별시,067_0008,sample_067_0008_000010,준식별자
강남구,067_0008,sample_067_0008_000010,준식별자
2025-06-15T10:00:00Z,067_0008,sample_067_0008_000011,준식별자
2026-06-15T10:00:00Z,067_0008,sample_067_0008_000012,준식별자
2025-06-15T10:01:00Z,067_0008,sample_067_0008_000014,준식별자
2025-06-15T11:00:00Z,067_0008,sample_067_0008_000017,준식별자
2025-06-15T09:55:00Z,067_0008,sample_067_0008_000018,준식별자
2025-06-15T10:00:00Z,067_0008,sample_067_0008_000030,준식별자
류레아,067_0009,sample_067_0009_000008,개인정보
did:example:issuer-0009,067_0009,sample_067_0009_000004,개인정보
did:example:holder-0009,067_0009,sample_067_0009_000004,개인정보
1985,067_0009,sample_067_0009_000009,준식별자
07,067_0009,sample_067_0009_000009,준식별자
15,067_0009,sample_067_0009_000009,준식별자
서울특별시,067_0009,sample_067_0009_000010,준식별자
연구원,067_0009,sample_067_0009_000011,준식별자
vpn.internal.example,067_0009,sample_067_0009_000028,기밀정보
권서원,067_0010,sample_067_0010_000006,개인정보
1990,067_0010,sample_067_0010_000007,준식별자
05,067_0010,sample_067_0010_000008,준식별자
12,067_0010,sample_067_0010_000009,준식별자
서울특별시,067_0010,sample_067_0010_000010,준식별자
강남구,067_0010,sample_067_0010_000011,준식별자
역삼동,067_0010,sample_067_0010_000012,준식별자
예시테크,067_0010,sample_067_0010_000013,준식별자
svc_wallet_admin,067_0010,sample_067_0010_000014,기밀정보
vpn.internal.example,067_0010,sample_067_0010_000015,기밀정보
policy_wallet_2026,067_0010,sample_067_0010_000016,기밀정보
양다솜,067_0011,sample_067_0011_000008,개인정보
1985-07-15,067_0011,sample_067_0011_000008,준식별자
여성,067_0011,sample_067_0011_000008,준식별자
서울특별시 강남구,067_0011,sample_067_0011_000008,준식별자
kms.internal.test,067_0011,sample_067_0011_000028,기밀정보
op-identifier-01,067_0011,sample_067_0011_000028,기밀정보
심우리,067_0012,sample_067_0012_000005,개인정보
simuri.wallet@example.org,067_0012,sample_067_0012_000006,개인정보
did:example:holder-001,067_0012,sample_067_0012_000007,개인정보
did:example:issuer-001,067_0012,sample_067_0012_000008,개인정보
1988,067_0012,sample_067_0012_000009,준식별자
ENCRYPTED(key_ref_1),067_0012,sample_067_0012_000012,기밀정보
구용호,067_0013,sample_067_0013_000006,개인정보
1990-05-12,067_0013,sample_067_0013_000007,준식별자
서울특별시,067_0013,sample_067_0013_000008,준식별자
예시대학교,067_0013,sample_067_0013_000009,준식별자
원가람,067_0014,sample_067_0014_000006,개인정보
1990,067_0014,sample_067_0014_000006,준식별자
5,067_0014,sample_067_0014_000006,준식별자
14,067_0014,sample_067_0014_000006,준식별자
여성,067_0014,sample_067_0014_000006,준식별자
서울특별시,067_0014,sample_067_0014_000006,준식별자
강남구,067_0014,sample_067_0014_000006,준식별자
삼성동,067_0014,sample_067_0014_000006,준식별자
연구원,067_0014,sample_067_0014_000006,준식별자
지무근,067_0014,sample_067_0014_000010,개인정보
박결,067_0014,sample_067_0014_000025,개인정보
did:example:issuer-001,067_0015,sample_067_0015_000005,개인정보
허서준,067_0015,sample_067_0015_000005,개인정보
did:example:holder-001,067_0015,sample_067_0015_000006,개인정보
오태석,067_0015,sample_067_0015_000006,개인정보
1985,067_0015,sample_067_0015_000006,준식별자
05,067_0015,sample_067_0015_000006,준식별자
20,067_0015,sample_067_0015_000006,준식별자
남,067_0015,sample_067_0015_000006,준식별자
서울특별시,067_0015,sample_067_0015_000006,준식별자
임가현,067_0016,sample_067_0016_000007,개인정보
1985-07-21,067_0016,sample_067_0016_000007,준식별자
여성,067_0016,sample_067_0016_000007,준식별자
서울특별시,067_0016,sample_067_0016_000007,준식별자
강남구,067_0016,sample_067_0016_000007,준식별자
2024-12-15T10:00:00Z,067_0016,sample_067_0016_000008,준식별자
2025-12-15T10:00:00Z,067_0016,sample_067_0016_000009,준식별자
민용하,067_0016,sample_067_0016_000013,개인정보
2025-01-15T09:22:00Z,067_0016,sample_067_0016_000013,준식별자
minyongha@example.com,067_0016,sample_067_0016_000014,개인정보
010-5555-1212,067_0016,sample_067_0016_000014,개인정보
권채하,067_0016,sample_067_0016_000016,개인정보
공원희,067_0016,sample_067_0016_000020,개인정보
사번: 'W-2024-0012',067_0016,sample_067_0016_000021,개인정보
192.0.2.45,067_0016,sample_067_0016_000022,기밀정보
https://vc-wallet.internal.company,067_0016,sample_067_0016_000022,기밀정보
민레,067_0016,sample_067_0016_000023,개인정보
양리윤,067_0016,sample_067_0016_000024,개인정보
지우종,067_0016,sample_067_0016_000024,개인정보
학번: 'S-2023-3321',067_0016,sample_067_0016_000025,개인정보
남시연,067_0016,sample_067_0016_000027,개인정보
곽이나,067_0017,sample_067_0017_000006,개인정보
1990-05-20,067_0017,sample_067_0017_000006,준식별자
서울특별시 강남구,067_0017,sample_067_0017_000006,준식별자
gina.kwak@example.test,067_0017,sample_067_0017_000006,개인정보
010-1234-5678,067_0017,sample_067_0017_000006,개인정보
윤철현,067_0017,sample_067_0017_000017,개인정보
10.0.0.5,067_0017,sample_067_0017_000024,기밀정보
/secure/keys/backup,067_0017,sample_067_0017_000024,기밀정보
배지빈,067_0017,sample_067_0017_000028,개인정보
dpo.jin@example.test,067_0017,sample_067_0017_000028,개인정보
/secure/keys/backup,067_0017,sample_067_0017_000029,기밀정보
우한별,067_0018,sample_067_0018_000007,개인정보
wuhanbyeol+ssi@example.com,067_0018,sample_067_0018_000024,개인정보
010-1234-5678,067_0018,sample_067_0018_000024,개인정보
1990,067_0018,sample_067_0018_000026,준식별자
05,067_0018,sample_067_0018_000026,준식별자
20,067_0018,sample_067_0018_000026,준식별자
여성,067_0018,sample_067_0018_000026,준식별자
서울특별시,067_0018,sample_067_0018_000026,준식별자
종로구,067_0018,sample_067_0018_000026,준식별자
/internal/keys/2026,067_0018,sample_067_0018_000027,기밀정보
vpn.corp.internal,067_0018,sample_067_0018_000027,기밀정보
오희찬,067_0018,sample_067_0018_000027,개인정보
우유비,067_0019,sample_067_0019_000003,개인정보
문은채,067_0019,sample_067_0019_000004,개인정보
문은채,067_0019,sample_067_0019_000016,개인정보
배대경,067_0019,sample_067_0019_000020,개인정보
여성,067_0019,sample_067_0019_000006,준식별자
1990-05-12,067_0019,sample_067_0019_000006,준식별자
서울특별시,067_0019,sample_067_0019_000006,준식별자
데이터엔지니어,067_0019,sample_067_0019_000006,준식별자
이혜정,067_0020,sample_067_0020_000005,개인정보
1985년,067_0020,sample_067_0020_000005,준식별자
06월,067_0020,sample_067_0020_000005,준식별자
15일,067_0020,sample_067_0020_000005,준식별자
여성,067_0020,sample_067_0020_000005,준식별자
서울특별시,067_0020,sample_067_0020_000006,준식별자
종로구,067_0020,sample_067_0020_000006,준식별자
예시금융주식회사,067_0020,sample_067_0020_000006,준식별자
10.10.10.10,067_0020,sample_067_0020_000015,기밀정보
admin_wallet,067_0020,sample_067_0020_000015,기밀정보
권남주,067_0020,sample_067_0020_000028,개인정보
민유은,067_0021,sample_067_0021_000005,개인정보
minyueun.wallet@example.com,067_0021,sample_067_0021_000006,개인정보
1990-05-12,067_0021,sample_067_0021_000007,준식별자
여성,067_0021,sample_067_0021_000007,준식별자
서울특별시,067_0021,sample_067_0021_000007,준식별자
예시회사,067_0021,sample_067_0021_000008,준식별자
key-2026-01-wallet-01,067_0021,sample_067_0021_000010,기밀정보
vault-ref-enc-001,067_0021,sample_067_0021_000010,기밀정보
민유은,067_0021,sample_067_0021_000014,개인정보
1990-05-12,067_0021,sample_067_0021_000014,준식별자
did:example:key-2026-01-wallet-01,067_0021,sample_067_0021_000016,기밀정보
https://internal.wallet.example.local/api,067_0021,sample_067_0021_000023,기밀정보
민민후,067_0022,sample_067_0022_000004,개인정보
민민후,067_0022,sample_067_0022_000007,개인정보
1985-07-14,067_0022,sample_067_0022_000007,준식별자
남성,067_0022,sample_067_0022_000007,준식별자
백경은,067_0022,sample_067_0022_000022,개인정보
10.0.0.42,067_0022,sample_067_0022_000026,기밀정보
/srv/wallet/config.yml,067_0022,sample_067_0022_000026,기밀정보
svc_wallet_admin,067_0022,sample_067_0022_000027,기밀정보
김선혜,067_0023,sample_067_0023_000006,개인정보
kim.s@example.org,067_0023,sample_067_0023_000009,개인정보
오현국,067_0023,sample_067_0023_000035,개인정보
1990,067_0023,sample_067_0023_000027,준식별자
05,067_0023,sample_067_0023_000028,준식별자
12,067_0023,sample_067_0023_000029,준식별자
여성,067_0023,sample_067_0023_000030,준식별자
서울특별시,067_0023,sample_067_0023_000032,준식별자
강남구,067_0023,sample_067_0023_000033,준식별자
역삼동,067_0023,sample_067_0023_000034,준식별자
enc:vault:wallet1:xyz123,067_0023,sample_067_0023_000019,기밀정보
https://internal.wallet.example.local/backup,067_0023,sample_067_0023_000024,기밀정보
10.0.0.5,067_0023,sample_067_0023_000025,기밀정보
노하륜,067_0024,sample_067_0024_000008,개인정보
1990-05-12,067_0024,sample_067_0024_000008,준식별자
남성,067_0024,sample_067_0024_000008,준식별자
서울특별시,067_0024,sample_067_0024_000008,준식별자
vault.internal.corp,067_0024,sample_067_0024_000021,기밀정보
정다나,067_0025,sample_067_0025_000008,개인정보
dana.jung@example.com,067_0025,sample_067_0025_000008,개인정보
1990,067_0025,sample_067_0025_000009,준식별자
05,067_0025,sample_067_0025_000009,준식별자
12,067_0025,sample_067_0025_000009,준식별자
여성,067_0025,sample_067_0025_000010,준식별자
서울특별시,067_0025,sample_067_0025_000011,준식별자
종로구,067_0025,sample_067_0025_000011,준식별자
SSI Labs,067_0025,sample_067_0025_000012,준식별자
ENC_VAULT_REF_0001,067_0025,sample_067_0025_000014,기밀정보
key-2025-ssi-01,067_0025,sample_067_0025_000014,기밀정보
/internal/vaults/wallet/backup_v1,067_0025,sample_067_0025_000016,기밀정보
10.10.10.5,067_0025,sample_067_0025_000017,기밀정보
강선우,067_0026,sample_067_0026_000009,개인정보
ksw@example.com,067_0026,sample_067_0026_000010,개인정보
1990,067_0026,sample_067_0026_000011,준식별자
05,067_0026,sample_067_0026_000011,준식별자
21,067_0026,sample_067_0026_000011,준식별자
여성,067_0026,sample_067_0026_000012,준식별자
강남구,067_0026,sample_067_0026_000013,준식별자
교수,067_0026,sample_067_0026_000014,준식별자
https://vault-internal.example.local,067_0026,sample_067_0026_000032,기밀정보
10.0.0.5,067_0026,sample_067_0026_000032,기밀정보
홍태혁,067_0027,sample_067_0027_000008,개인정보
1988,067_0027,sample_067_0027_000008,준식별자
7,067_0027,sample_067_0027_000008,준식별자
15,067_0027,sample_067_0027_000008,준식별자
남성,067_0027,sample_067_0027_000008,준식별자
연구원,067_0027,sample_067_0027_000008,준식별자
서울특별시,067_0027,sample_067_0027_000008,준식별자
강남구,067_0027,sample_067_0027_000008,준식별자
AES256:ENCRYPTED_VAULT_01,067_0027,sample_067_0027_000014,기밀정보
구하나,067_0028,sample_067_0028_000007,개인정보
1985,067_0028,sample_067_0028_000007,준식별자
06,067_0028,sample_067_0028_000007,준식별자
15,067_0028,sample_067_0028_000007,준식별자
여성,067_0028,sample_067_0028_000007,준식별자
종로구,067_0028,sample_067_0028_000007,준식별자
10.10.10.10,067_0028,sample_067_0028_000026,기밀정보
vpn.internal.example,067_0028,sample_067_0028_000026,기밀정보
백지운,067_0028,sample_067_0028_000027,개인정보
곽도하,067_0029,sample_067_0029_000007,개인정보
doha.kwak@example.com,067_0029,sample_067_0029_000007,개인정보
1990,067_0029,sample_067_0029_000008,준식별자
05,067_0029,sample_067_0029_000008,준식별자
21,067_0029,sample_067_0029_000008,준식별자
여성,067_0029,sample_067_0029_000008,준식별자
서울특별시,067_0029,sample_067_0029_000009,준식별자
강남구,067_0029,sample_067_0029_000009,준식별자
에코월렛 주식회사,067_0029,sample_067_0029_000010,준식별자
유호근,067_0029,sample_067_0029_000018,개인정보
admin,067_0029,sample_067_0029_000018,기밀정보
10.10.10.10,067_0029,sample_067_0029_000018,기밀정보
https://internal-api.example.local/revocation,067_0029,sample_067_0029_000025,기밀정보
에코월렛 주식회사,067_0029,sample_067_0029_000026,준식별자
신희경,067_0029,sample_067_0029_000027,개인정보
고수빈,067_0030,sample_067_0030_000006,개인정보
여성,067_0030,sample_067_0030_000007,준식별자
1985-07-21,067_0030,sample_067_0030_000007,준식별자
서울특별시 강남구,067_0030,sample_067_0030_000007,준식별자
연구원,067_0030,sample_067_0030_000007,준식별자
test.user+wallet@example.com,067_0030,sample_067_0030_000012,개인정보
10.0.0.12,067_0030,sample_067_0030_000018,기밀정보
svc_wallet_admin,067_0030,sample_067_0030_000018,기밀정보
/internal/wallet/admin,067_0030,sample_067_0030_000018,기밀정보
HR-2026-0003,067_0030,sample_067_0030_000023,개인정보
이수형,067_0030,sample_067_0030_000023,개인정보
구현애,067_0031,sample_067_0031_000003,개인정보
user.test@example.com,067_0031,sample_067_0031_000004,개인정보
010-0000-0001,067_0031,sample_067_0031_000005,개인정보
1990-05-15,067_0031,sample_067_0031_000006,준식별자
여성,067_0031,sample_067_0031_000006,준식별자
서울특별시,067_0031,sample_067_0031_000007,준식별자
강남구,067_0031,sample_067_0031_000007,준식별자
역삼동,067_0031,sample_067_0031_000007,준식별자
연구원,067_0031,sample_067_0031_000008,준식별자
s3://internal-backup/ssi,067_0031,sample_067_0031_000021,기밀정보
10.0.0.12,067_0031,sample_067_0031_000022,기밀정보
주예솔,067_0031,sample_067_0031_000028,개인정보
방채우,067_0032,sample_067_0032_000004,개인정보
임환희,067_0032,sample_067_0032_000015,개인정보
EMP-000123,067_0032,sample_067_0032_000029,개인정보
1990,067_0032,sample_067_0032_000023,준식별자
07,067_0032,sample_067_0032_000024,준식별자
15,067_0032,sample_067_0032_000025,준식별자
여성,067_0032,sample_067_0032_000026,준식별자
서울특별시,067_0032,sample_067_0032_000027,준식별자
강남구,067_0032,sample_067_0032_000028,준식별자
역삼동,067_0032,sample_067_0032_000028,준식별자
/confidential/ssi/ops,067_0032,sample_067_0032_000030,기밀정보
10.10.0.5,067_0032,sample_067_0032_000031,기밀정보
vpn.internal.example,067_0032,sample_067_0032_000031,기밀정보
이채진,067_0033,sample_067_0033_000007,개인정보
1990,067_0033,sample_067_0033_000007,준식별자
05,067_0033,sample_067_0033_000007,준식별자
14,067_0033,sample_067_0033_000007,준식별자
여성,067_0033,sample_067_0033_000008,준식별자
서울특별시,067_0033,sample_067_0033_000009,준식별자
ACME Labs,067_0033,sample_067_0033_000010,준식별자
/secure/vault/wallet-067,067_0033,sample_067_0033_000020,기밀정보
10.0.0.5,067_0033,sample_067_0033_000021,기밀정보
류재웅,067_0033,sample_067_0033_000022,개인정보
문재백,067_0033,sample_067_0033_000023,개인정보
천담솔,067_0034,sample_067_0034_000007,개인정보
1990,067_0034,sample_067_0034_000008,준식별자
06,067_0034,sample_067_0034_000009,준식별자
15,067_0034,sample_067_0034_000009,준식별자
여성,067_0034,sample_067_0034_000010,준식별자
서울특별시,067_0034,sample_067_0034_000010,준식별자
강남구,067_0034,sample_067_0034_000011,준식별자
데이터엔지니어,067_0034,sample_067_0034_000012,준식별자
대한민국,067_0034,sample_067_0034_000012,준식별자
10.0.0.5,067_0034,sample_067_0034_000028,기밀정보
https://internal.example.local,067_0034,sample_067_0034_000028,기밀정보
배찬우,067_0035,sample_067_0035_000009,개인정보
1990-05-14,067_0035,sample_067_0035_000009,준식별자
서울특별시,067_0035,sample_067_0035_000009,준식별자
강남구,067_0035,sample_067_0035_000009,준식별자
엄남수,067_0036,sample_067_0036_000004,개인정보
엄남수,067_0036,sample_067_0036_000011,개인정보
지려원,067_0036,sample_067_0036_000009,개인정보
jrywon@example.com,067_0036,sample_067_0036_000009,개인정보
010-1234-5678,067_0036,sample_067_0036_000009,개인정보
김하음,067_0036,sample_067_0036_000022,개인정보
kimhaeum@example.com,067_0036,sample_067_0036_000022,개인정보
010-0000-0001,067_0036,sample_067_0036_000022,개인정보
EMP-2024-0001,067_0036,sample_067_0036_000023,개인정보
1987,067_0036,sample_067_0036_000020,준식별자
05,067_0036,sample_067_0036_000020,준식별자
14,067_0036,sample_067_0036_000020,준식별자
여,067_0036,sample_067_0036_000020,준식별자
연구원,067_0036,sample_067_0036_000020,준식별자
서울특별시,067_0036,sample_067_0036_000021,준식별자
강남구,067_0036,sample_067_0036_000021,준식별자
역삼동,067_0036,sample_067_0036_000021,준식별자
000-111-222,067_0036,sample_067_0036_000024,기밀정보
10.10.10.5,067_0036,sample_067_0036_000024,기밀정보
vpn.internal.corp,067_0036,sample_067_0036_000024,기밀정보
노지혜,067_0037,sample_067_0037_000005,개인정보
did:example:holder-12345,067_0037,sample_067_0037_000006,개인정보
did:example:issuer-0001,067_0037,sample_067_0037_000007,개인정보
2024-11-01T10:00:00Z,067_0037,sample_067_0037_000010,준식별자
2025-11-01T10:00:00Z,067_0037,sample_067_0037_000011,준식별자
2024-11-01T10:05:00Z,067_0037,sample_067_0037_000013,준식별자
vp:example:pres-0001,067_0037,sample_067_0037_000016,개인정보
2024-11-02T12:00:00Z,067_0037,sample_067_0037_000019,준식별자
consent-0001,067_0037,sample_067_0037_000020,개인정보
2025-01-15T09:30:00Z,067_0037,sample_067_0037_000021,준식별자
enc_AesGcm_v1_Base64_Example_AbCdEf12345,067_0037,sample_067_0037_000024,기밀정보
2024-11-01T10:06:00Z,067_0037,sample_067_0037_000026,준식별자
vc:example:cred-0001,067_0037,sample_067_0037_000026,개인정보
did:example:issuer-0001,067_0037,sample_067_0037_000026,개인정보
손은봄,067_0038,sample_067_0038_000006,개인정보
00012345,067_0038,sample_067_0038_000007,개인정보
서울특별시,067_0038,sample_067_0038_000008,준식별자
1990,067_0038,sample_067_0038_000009,준식별자
05,067_0038,sample_067_0038_000010,준식별자
20,067_0038,sample_067_0038_000011,준식별자
안혜주,067_0038,sample_067_0038_000015,개인정보
10.0.0.5,067_0038,sample_067_0038_000026,기밀정보
did:example:issuer-9z8y7x,067_0039,sample_067_0039_000005,개인정보
did:example:holder-0a1b2c3d,067_0039,sample_067_0039_000005,개인정보
did:example:issuer-9z8y7x,067_0039,sample_067_0039_000006,개인정보
did:example:holder-0a1b2c3d,067_0039,sample_067_0039_000006,개인정보
이난영,067_0039,sample_067_0039_000009,개인정보
1985-07-15,067_0039,sample_067_0039_000010,준식별자
2025-11-01T09:00:00Z,067_0039,sample_067_0039_000011,준식별자
2026-11-01T09:00:00Z,067_0039,sample_067_0039_000011,준식별자
2025-11-01T09:00:05Z,067_0039,sample_067_0039_000013,준식별자
2025-12-01T12:00:00Z,067_0039,sample_067_0039_000016,준식별자
2025-11-20T10:15:30Z,067_0039,sample_067_0039_000018,준식별자
enc:example:pkref-1234,067_0039,sample_067_0039_000021,기밀정보
2025-11-01T09:00:10Z,067_0039,sample_067_0039_000024,준식별자
우희석,067_0039,sample_067_0039_000024,개인정보
곽민경,067_0040,sample_067_0040_000003,개인정보
user@example.com,067_0040,sample_067_0040_000003,개인정보
여성,067_0040,sample_067_0040_000003,준식별자
1990,067_0040,sample_067_0040_000003,준식별자
05,067_0040,sample_067_0040_000003,준식별자
12,067_0040,sample_067_0040_000003,준식별자
서울특별시,067_0040,sample_067_0040_000003,준식별자
강남구,067_0040,sample_067_0040_000003,준식별자
역삼동,067_0040,sample_067_0040_000003,준식별자
소프트웨어 엔지니어,067_0040,sample_067_0040_000003,준식별자
백지태,067_0040,sample_067_0040_000004,개인정보
ENC[AES256]:MjAyNS1lbmNyeXB0ZWRfZHVtbXk=,067_0040,sample_067_0040_000006,기밀정보
kms.internal.wallet:443,067_0040,sample_067_0040_000007,기밀정보
admin_wallet,067_0040,sample_067_0040_000007,기밀정보
10.0.0.5,067_0040,sample_067_0040_000007,기밀정보
우무룡,067_0040,sample_067_0040_000015,개인정보
노해강,067_0040,sample_067_0040_000016,개인정보
남영윤,067_0041,sample_067_0041_000007,개인정보
1985,067_0041,sample_067_0041_000008,준식별자
07,067_0041,sample_067_0041_000009,준식별자
20,067_0041,sample_067_0041_000009,준식별자
남,067_0041,sample_067_0041_000010,준식별자
서울특별시,067_0041,sample_067_0041_000011,준식별자
강남구,067_0041,sample_067_0041_000011,준식별자
+82-10-0000-0001,067_0041,sample_067_0041_000012,개인정보
namy.test@example.com,067_0041,sample_067_0041_000013,개인정보
keyref:enc:001,067_0041,sample_067_0041_000019,기밀정보
원영진,067_0041,sample_067_0041_000021,개인정보
/opt/wallet/keystore,067_0041,sample_067_0041_000023,기밀정보
wallet_admin,067_0041,sample_067_0041_000023,기밀정보
민해민,067_0042,sample_067_0042_000002,개인정보
배효원,067_0042,sample_067_0042_000003,개인정보
성별: 남성,067_0042,sample_067_0042_000004,준식별자
1990년,067_0042,sample_067_0042_000005,준식별자
07월,067_0042,sample_067_0042_000005,준식별자
15일,067_0042,sample_067_0042_000005,준식별자
서울특별시,067_0042,sample_067_0042_000006,준식별자
강남구,067_0042,sample_067_0042_000006,준식별자
연구원,067_0042,sample_067_0042_000007,준식별자
support@wallet-example.test,067_0042,sample_067_0042_000008,개인정보
10.0.0.42,067_0042,sample_067_0042_000009,기밀정보
https://internal.wallet.local/secret-config,067_0042,sample_067_0042_000010,기밀정보
대한민국,067_0042,sample_067_0042_000011,준식별자
이아영,067_0043,sample_067_0043_000007,개인정보
1990,067_0043,sample_067_0043_000008,준식별자
05,067_0043,sample_067_0043_000009,준식별자
15,067_0043,sample_067_0043_000010,준식별자
여성,067_0043,sample_067_0043_000011,준식별자
서울특별시,067_0043,sample_067_0043_000012,준식별자
강남구,067_0043,sample_067_0043_000012,준식별자
연구원,067_0043,sample_067_0043_000013,준식별자
내부 결재선,067_0043,sample_067_0043_000031,기밀정보
시스템 접속 계정,067_0043,sample_067_0043_000031,기밀정보
VPN 주소,067_0043,sample_067_0043_000031,기밀정보
지유나,067_0044,sample_067_0044_000006,개인정보
1990-05-20,067_0044,sample_067_0044_000006,준식별자
서울특별시,067_0044,sample_067_0044_000006,준식별자
강남구,067_0044,sample_067_0044_000006,준식별자
2026-01-20T10:00:00Z,067_0044,sample_067_0044_000007,준식별자
2027-01-20T10:00:00Z,067_0044,sample_067_0044_000008,준식별자
2026-01-20T10:01:00Z,067_0044,sample_067_0044_000009,준식별자
2026-01-21T12:00:00Z,067_0044,sample_067_0044_000011,준식별자
2026-01-20T10:05:00Z,067_0044,sample_067_0044_000012,준식별자
ENC_v1_0001,067_0044,sample_067_0044_000013,기밀정보
주영빈,067_0044,sample_067_0044_000016,개인정보
하주석,067_0044,sample_067_0044_000022,개인정보
조유이,067_0044,sample_067_0044_000026,개인정보
안예희,067_0044,sample_067_0044_000028,개인정보
2026-01-22,067_0044,sample_067_0044_000028,준식별자
윤주원,067_0045,sample_067_0045_000003,개인정보
1990-05-15,067_0045,sample_067_0045_000003,준식별자
남,067_0045,sample_067_0045_000003,준식별자
서울특별시,067_0045,sample_067_0045_000004,준식별자
enc:keyref:001,067_0045,sample_067_0045_000007,기밀정보
AL-20260101-0001,067_0045,sample_067_0045_000013,기밀정보
엄지우,067_0046,sample_067_0046_000006,개인정보
연구원,067_0046,sample_067_0046_000006,준식별자
1990,067_0046,sample_067_0046_000008,준식별자
05,067_0046,sample_067_0046_000008,준식별자
14,067_0046,sample_067_0046_000008,준식별자
여성,067_0046,sample_067_0046_000009,준식별자
서울특별시,067_0046,sample_067_0046_000010,준식별자
강남구,067_0046,sample_067_0046_000010,준식별자
역삼동,067_0046,sample_067_0046_000010,준식별자
ENC[AES256]:sample-encrypted-value,067_0046,sample_067_0046_000016,기밀정보
/srv/secure/backups/wallet/2026-01-01.enc,067_0046,sample_067_0046_000026,기밀정보
https://node.internal.example,067_0046,sample_067_0046_000026,기밀정보
민금재,067_0047,sample_067_0047_000006,개인정보
1990,067_0047,sample_067_0047_000006,준식별자
05,067_0047,sample_067_0047_000006,준식별자
15,067_0047,sample_067_0047_000006,준식별자
연구원,067_0047,sample_067_0047_000006,준식별자
서울특별시,067_0047,sample_067_0047_000006,준식별자
구태형,067_0047,sample_067_0047_000012,개인정보
구태형,067_0047,sample_067_0047_000018,개인정보
vault://backup/key-ref-001,067_0047,sample_067_0047_000016,기밀정보
internal-admin-42,067_0047,sample_067_0047_000027,기밀정보
최규미,067_0048,sample_067_0048_000002,개인정보
did:example:holder-abc123,067_0048,sample_067_0048_000003,개인정보
did:example:issuer-xyz789,067_0048,sample_067_0048_000004,개인정보
1985-07-21,067_0048,sample_067_0048_000005,준식별자
여성,067_0048,sample_067_0048_000005,준식별자
서울특별시,067_0048,sample_067_0048_000006,준식별자
보건의료기관 관리자,067_0048,sample_067_0048_000006,준식별자
내부 결재선,067_0048,sample_067_0048_000008,기밀정보
vpn.internal.example,067_0048,sample_067_0048_000008,기밀정보
전재연,067_0048,sample_067_0048_000020,개인정보
고태랑,067_0049,sample_067_0049_000005,개인정보
1985-06-15,067_0049,sample_067_0049_000005,준식별자
남성,067_0049,sample_067_0049_000005,준식별자
서울특별시,067_0049,sample_067_0049_000005,준식별자
강남구,067_0049,sample_067_0049_000005,준식별자
천진명,067_0049,sample_067_0049_000014,개인정보
kms.internal.example,067_0049,sample_067_0049_000023,기밀정보
10.0.0.5,067_0049,sample_067_0049_000023,기밀정보
admin_ssi,067_0049,sample_067_0049_000024,기밀정보
천준구,067_0050,sample_067_0050_000005,개인정보
did:example:holder123,067_0050,sample_067_0050_000006,개인정보
did:example:issuer456,067_0050,sample_067_0050_000006,개인정보
user:067:0001,067_0050,sample_067_0050_000008,개인정보
1990년,067_0050,sample_067_0050_000009,준식별자
5월,067_0050,sample_067_0050_000009,준식별자
12일,067_0050,sample_067_0050_000009,준식별자
남성,067_0050,sample_067_0050_000009,준식별자
서울특별시,067_0050,sample_067_0050_000009,준식별자
강남구,067_0050,sample_067_0050_000009,준식별자
did:example:issuer456#key-1,067_0050,sample_067_0050_000011,개인정보
did:example:issuer456#key-1,067_0050,sample_067_0050_000016,개인정보
did:example:issuer456,067_0050,sample_067_0050_000018,개인정보
did:web:example.com:holder789,067_0050,sample_067_0050_000020,개인정보
10.0.0.5,067_0050,sample_067_0050_000024,기밀정보
vpn.internal.example,067_0050,sample_067_0050_000024,기밀정보
하제연,067_0050,sample_067_0050_000027,개인정보
김지온,067_0050,sample_067_0050_000028,개인정보
홍리사,067_0051,sample_067_0051_000006,개인정보
홍리사,067_0051,sample_067_0051_000008,개인정보
1990,067_0051,sample_067_0051_000008,준식별자
데이터엔지니어,067_0051,sample_067_0051_000008,준식별자
서울특별시,067_0051,sample_067_0051_000008,준식별자
임소아,067_0052,sample_067_0052_000004,개인정보
양율리,067_0052,sample_067_0052_000004,개인정보
양율리,067_0052,sample_067_0052_000006,개인정보
1990,067_0052,sample_067_0052_000006,준식별자
05,067_0052,sample_067_0052_000006,준식별자
20,067_0052,sample_067_0052_000006,준식별자
여,067_0052,sample_067_0052_000006,준식별자
서울특별시,067_0052,sample_067_0052_000006,준식별자
종로구,067_0052,sample_067_0052_000006,준식별자
연구원,067_0052,sample_067_0052_000006,준식별자
임소아,067_0052,sample_067_0052_000007,개인정보
2025-03-15,067_0052,sample_067_0052_000007,준식별자
2026-03-15,067_0052,sample_067_0052_000007,준식별자
임소아,067_0052,sample_067_0052_000021,개인정보
s3://internal-backups/wallet/backup-001,067_0052,sample_067_0052_000024,기밀정보
10.0.0.5,067_0052,sample_067_0052_000024,기밀정보
주유원,067_0053,sample_067_0053_000008,개인정보
EMP-0001,067_0053,sample_067_0053_000008,개인정보
연구원,067_0053,sample_067_0053_000008,준식별자
192.168.100.5,067_0053,sample_067_0053_000020,기밀정보
svc_wallet_admin,067_0053,sample_067_0053_000020,기밀정보
juwon.wallet@example.test,067_0053,sample_067_0053_000021,개인정보
1985,067_0053,sample_067_0053_000022,준식별자
07,067_0053,sample_067_0053_000023,준식별자
14,067_0053,sample_067_0053_000024,준식별자
여성,067_0053,sample_067_0053_000025,준식별자
서울특별시,067_0053,sample_067_0053_000026,준식별자
강남구,067_0053,sample_067_0053_000026,준식별자
한선,067_0053,sample_067_0053_000027,개인정보
손김,067_0053,sample_067_0053_000029,개인정보
허규란,067_0054,sample_067_0054_000004,개인정보
허규란@example.com,067_0054,sample_067_0054_000004,개인정보
010-0000-0000,067_0054,sample_067_0054_000005,개인정보
1990-05-15,067_0054,sample_067_0054_000006,준식별자
여성,067_0054,sample_067_0054_000007,준식별자
서울특별시 강남구,067_0054,sample_067_0054_000008,준식별자
엔지니어,067_0054,sample_067_0054_000009,준식별자
서원섭,067_0054,sample_067_0054_000021,개인정보
10.0.0.5,067_0054,sample_067_0054_000022,기밀정보
https://kms.internal.local/secret,067_0054,sample_067_0054_000022,기밀정보
did:example:issuer456,067_0055,sample_067_0055_000005,개인정보
나곤,067_0055,sample_067_0055_000005,개인정보
did:example:holder123,067_0055,sample_067_0055_000006,개인정보
송서유,067_0055,sample_067_0055_000006,개인정보
did:example:holder123,067_0055,sample_067_0055_000008,개인정보
송서유,067_0055,sample_067_0055_000008,개인정보
1990,067_0055,sample_067_0055_000008,준식별자
05,067_0055,sample_067_0055_000008,준식별자
20,067_0055,sample_067_0055_000008,준식별자
서울특별시,067_0055,sample_067_0055_000008,준식별자
강남구,067_0055,sample_067_0055_000008,준식별자
did:example:issuer456#key-1,067_0055,sample_067_0055_000010,개인정보
did:example:issuer456,067_0055,sample_067_0055_000018,개인정보
https://internal-vault.example.local,067_0055,sample_067_0055_000027,기밀정보
admin_wallet,067_0055,sample_067_0055_000027,기밀정보
10.0.0.5,067_0055,sample_067_0055_000027,기밀정보
오태인,067_0056,sample_067_0056_000004,개인정보
심보라,067_0056,sample_067_0056_000005,개인정보
1985,067_0056,sample_067_0056_000008,준식별자
07,067_0056,sample_067_0056_000008,준식별자
23,067_0056,sample_067_0056_000008,준식별자
여성,067_0056,sample_067_0056_000008,준식별자
서울특별시,067_0056,sample_067_0056_000009,준식별자
강남구,067_0056,sample_067_0056_000009,준식별자
대학 연구원,067_0056,sample_067_0056_000010,준식별자
ENC_A1B2C3,067_0056,sample_067_0056_000015,기밀정보
/srv/vault/backup_2026.enc,067_0056,sample_067_0056_000017,기밀정보
오태인,067_0056,sample_067_0056_000023,개인정보
wallet_admin,067_0056,sample_067_0056_000024,기밀정보
고승표,067_0057,sample_067_0057_000007,개인정보
gosp@example.org,067_0057,sample_067_0057_000007,개인정보
010-1234-5678,067_0057,sample_067_0057_000007,개인정보
1990,067_0057,sample_067_0057_000007,준식별자
05,067_0057,sample_067_0057_000007,준식별자
15,067_0057,sample_067_0057_000007,준식별자
서울특별시,067_0057,sample_067_0057_000007,준식별자
강남구,067_0057,sample_067_0057_000007,준식별자
모의연구소,067_0057,sample_067_0057_000007,준식별자
장현태,067_0057,sample_067_0057_000017,개인정보
홍지승,067_0057,sample_067_0057_000026,개인정보
10.0.0.5,067_0057,sample_067_0057_000027,기밀정보
vpn.internal.local,067_0057,sample_067_0057_000027,기밀정보
enc_key_ref_001,067_0057,sample_067_0057_000014,기밀정보
심유영,067_0058,sample_067_0058_000006,개인정보
1985,067_0058,sample_067_0058_000007,준식별자
06,067_0058,sample_067_0058_000007,준식별자
15,067_0058,sample_067_0058_000007,준식별자
여성,067_0058,sample_067_0058_000008,준식별자
서울특별시,067_0058,sample_067_0058_000009,준식별자
엔지니어,067_0058,sample_067_0058_000010,준식별자
원승인,067_0058,sample_067_0058_000020,개인정보
윤영우,067_0059,sample_067_0059_000004,개인정보
1990-05-20,067_0059,sample_067_0059_000005,준식별자
서울특별시,067_0059,sample_067_0059_000006,준식별자
vault.internal.example,067_0059,sample_067_0059_000028,기밀정보
김주언,067_0060,sample_067_0060_000004,개인정보
우유한,067_0060,sample_067_0060_000014,개인정보
우유한,067_0060,sample_067_0060_000015,개인정보
1990,067_0060,sample_067_0060_000006,준식별자
05,067_0060,sample_067_0060_000006,준식별자
21,067_0060,sample_067_0060_000006,준식별자
남성,067_0060,sample_067_0060_000006,준식별자
서울특별시,067_0060,sample_067_0060_000006,준식별자
강남구,067_0060,sample_067_0060_000006,준식별자
엔지니어,067_0060,sample_067_0060_000006,준식별자
담당자 우유한 승인,067_0060,sample_067_0060_000015,기밀정보
https://internal.wallet.local/api/v1,067_0060,sample_067_0060_000016,기밀정보
10.0.0.5,067_0060,sample_067_0060_000016,기밀정보
심선하,067_0061,sample_067_0061_000008,개인정보
유영덕,067_0061,sample_067_0061_000018,개인정보
여성,067_0061,sample_067_0061_000008,준식별자
1990,067_0061,sample_067_0061_000008,준식별자
05,067_0061,sample_067_0061_000008,준식별자
21,067_0061,sample_067_0061_000008,준식별자
서울특별시,067_0061,sample_067_0061_000008,준식별자
강남구,067_0061,sample_067_0061_000008,준식별자
vault_ref:key-067-01-encrypted,067_0061,sample_067_0061_000015,기밀정보
/internal/vault/wallets/067_0061,067_0061,sample_067_0061_000022,기밀정보
https://api.internal.example.local,067_0061,sample_067_0061_000022,기밀정보
policy_internal_wallet_067,067_0061,sample_067_0061_000021,기밀정보
원려경,067_0062,sample_067_0062_000004,개인정보
황형재,067_0062,sample_067_0062_000005,개인정보
권호진,067_0062,sample_067_0062_000005,개인정보
1990,067_0062,sample_067_0062_000006,준식별자
05,067_0062,sample_067_0062_000006,준식별자
21,067_0062,sample_067_0062_000006,준식별자
1985,067_0062,sample_067_0062_000007,준식별자
11,067_0062,sample_067_0062_000007,준식별자
03,067_0062,sample_067_0062_000007,준식별자
여성,067_0062,sample_067_0062_000008,준식별자
서울특별시,067_0062,sample_067_0062_000009,준식별자
강남구,067_0062,sample_067_0062_000009,준식별자
부산광역시,067_0062,sample_067_0062_000010,준식별자
해운대구,067_0062,sample_067_0062_000010,준식별자
데이터 엔지니어,067_0062,sample_067_0062_000011,준식별자
10.0.0.10,067_0062,sample_067_0062_000017,기밀정보
https://intranet.internal.example.local,067_0062,sample_067_0062_000017,기밀정보
000-123456-00,067_0062,sample_067_0062_000018,기밀정보
권도,067_0062,sample_067_0062_000023,개인정보
원윤한,067_0063,sample_067_0063_000022,개인정보
won.yunhan@example.com,067_0063,sample_067_0063_000023,개인정보
EMP-2026-0001,067_0063,sample_067_0063_000024,개인정보
생년:1990,067_0063,sample_067_0063_000025,준식별자
성별:남성,067_0063,sample_067_0063_000025,준식별자
서울특별시,067_0063,sample_067_0063_000025,준식별자
강남구,067_0063,sample_067_0063_000025,준식별자
vpn.internal.example.local,067_0063,sample_067_0063_000026,기밀정보
10.0.0.42,067_0063,sample_067_0063_000026,기밀정보
/etc/ssi/config/keys,067_0063,sample_067_0063_000026,기밀정보
고시열,067_0064,sample_067_0064_000001,개인정보
고시열,067_0064,sample_067_0064_000004,개인정보
1985-07-21,067_0064,sample_067_0064_000004,준식별자
남성,067_0064,sample_067_0064_000004,준식별자
서울특별시 강남구,067_0064,sample_067_0064_000004,준식별자
주윤겸,067_0064,sample_067_0064_000015,개인정보
contact@wallet.example,067_0064,sample_067_0064_000017,개인정보
+82-10-1234-5678,067_0064,sample_067_0064_000017,개인정보
2025-0001,067_0064,sample_067_0064_000018,개인정보
admin_wallet_service,067_0064,sample_067_0064_000023,기밀정보
10.0.0.5,067_0064,sample_067_0064_000024,기밀정보
https://internal.example/wallet-admin,067_0064,sample_067_0064_000025,기밀정보
권새봄,067_0064,sample_067_0064_000026,개인정보
오소명,067_0065,sample_067_0065_000006,개인정보
1990-05-14,067_0065,sample_067_0065_000006,준식별자
남성,067_0065,sample_067_0065_000006,준식별자
서울특별시,067_0065,sample_067_0065_000006,준식별자
2025-10-20T08:15:30Z,067_0065,sample_067_0065_000008,준식별자
2026-10-20T08:15:30Z,067_0065,sample_067_0065_000008,준식별자
2025-11-01T09:30:00Z,067_0065,sample_067_0065_000013,준식별자
2026-01-10T12:00:00Z,067_0065,sample_067_0065_000015,준식별자
유석현,067_0065,sample_067_0065_000020,개인정보
admin_wallet,067_0065,sample_067_0065_000022,기밀정보
https://vault.internal.example,067_0065,sample_067_0065_000022,기밀정보
/secrets/keys/wallet-backup-2026,067_0065,sample_067_0065_000022,기밀정보
진영남,067_0066,sample_067_0066_000008,개인정보
jinyoung.test@example.com,067_0066,sample_067_0066_000009,개인정보
010-1234-5678,067_0066,sample_067_0066_000010,개인정보
1990,067_0066,sample_067_0066_000011,준식별자
05,067_0066,sample_067_0066_000011,준식별자
12,067_0066,sample_067_0066_000011,준식별자
남,067_0066,sample_067_0066_000012,준식별자
서울특별시,067_0066,sample_067_0066_000013,준식별자
강남구,067_0066,sample_067_0066_000013,준식별자
개발자,067_0066,sample_067_0066_000014,준식별자
internal-vault.company.local,067_0066,sample_067_0066_000028,기밀정보
admin-system,067_0066,sample_067_0066_000028,기밀정보
HSM-UUID-0001,067_0066,sample_067_0066_000028,기밀정보
전한민,067_0067,sample_067_0067_000007,개인정보
1985,067_0067,sample_067_0067_000007,준식별자
06,067_0067,sample_067_0067_000007,준식별자
15,067_0067,sample_067_0067_000007,준식별자
남,067_0067,sample_067_0067_000007,준식별자
서울특별시,067_0067,sample_067_0067_000007,준식별자
강남구,067_0067,sample_067_0067_000007,준식별자
예시금융주식회사,067_0067,sample_067_0067_000007,준식별자
ssi-admin,067_0067,sample_067_0067_000021,기밀정보
10.0.0.42,067_0067,sample_067_0067_000021,기밀정보
/var/ssi/keys/backup,067_0067,sample_067_0067_000021,기밀정보
vpn.ssi.internal,067_0067,sample_067_0067_000021,기밀정보
이민주,067_0067,sample_067_0067_000022,개인정보
안선빈,067_0067,sample_067_0067_000026,개인정보
조재인,067_0067,sample_067_0067_000027,개인정보
권지운,067_0067,sample_067_0067_000027,개인정보
심철현,067_0068,sample_067_0068_000008,개인정보
1985,067_0068,sample_067_0068_000009,준식별자
06,067_0068,sample_067_0068_000009,준식별자
15,067_0068,sample_067_0068_000009,준식별자
서울특별시,067_0068,sample_067_0068_000010,준식별자
종로구,067_0068,sample_067_0068_000010,준식별자
user1@example.com,067_0068,sample_067_0068_000011,개인정보
010-1234-5678,067_0068,sample_067_0068_000011,개인정보
공명현,067_0068,sample_067_0068_000022,개인정보
admin_wallet,067_0068,sample_067_0068_000023,기밀정보
10.0.0.5,067_0068,sample_067_0068_000023,기밀정보
윤예솔,067_0068,sample_067_0068_000027,개인정보
하선영,067_0069,sample_067_0069_000007,개인정보
1990,067_0069,sample_067_0069_000007,준식별자
05,067_0069,sample_067_0069_000007,준식별자
12,067_0069,sample_067_0069_000007,준식별자
여성,067_0069,sample_067_0069_000007,준식별자
윤호담,067_0070,sample_067_0070_000006,개인정보
20230045,067_0070,sample_067_0070_000006,개인정보
1985년,067_0070,sample_067_0070_000006,준식별자
07월,067_0070,sample_067_0070_000006,준식별자
13일,067_0070,sample_067_0070_000006,준식별자
서울특별시,067_0070,sample_067_0070_000006,준식별자
강남구,067_0070,sample_067_0070_000006,준식별자
보안엔지니어,067_0070,sample_067_0070_000006,준식별자
ops_admin,067_0070,sample_067_0070_000012,기밀정보
한민석,067_0070,sample_067_0070_000028,개인정보
허지유,067_0071,sample_067_0071_000002,개인정보
황희석,067_0071,sample_067_0071_000002,개인정보
황희석,067_0071,sample_067_0071_000006,개인정보
1990,067_0071,sample_067_0071_000006,준식별자
05,067_0071,sample_067_0071_000006,준식별자
12,067_0071,sample_067_0071_000006,준식별자
남성,067_0071,sample_067_0071_000006,준식별자
서울특별시,067_0071,sample_067_0071_000006,준식별자
강남구,067_0071,sample_067_0071_000006,준식별자
20230045,067_0071,sample_067_0071_000006,개인정보
svc_admin,067_0071,sample_067_0071_000015,기밀정보
10.0.0.5,067_0071,sample_067_0071_000015,기밀정보
임가람,067_0071,sample_067_0071_000021,개인정보
천승오,067_0071,sample_067_0071_000021,개인정보
서다비,067_0072,sample_067_0072_000008,개인정보
1990,067_0072,sample_067_0072_000009,준식별자
05,067_0072,sample_067_0072_000009,준식별자
15,067_0072,sample_067_0072_000009,준식별자
서울특별시,067_0072,sample_067_0072_000010,준식별자
강남구,067_0072,sample_067_0072_000010,준식별자
연구원,067_0072,sample_067_0072_000011,준식별자
seodabi@example.test,067_0072,sample_067_0072_000012,개인정보
vault.internal.company/keys/backup,067_0072,sample_067_0072_000018,기밀정보
10.0.0.5,067_0072,sample_067_0072_000018,기밀정보
박진오,067_0072,sample_067_0072_000020,개인정보
주서린,067_0073,sample_067_0073_000005,개인정보
1990,067_0073,sample_067_0073_000005,준식별자
05,067_0073,sample_067_0073_000005,준식별자
12,067_0073,sample_067_0073_000005,준식별자
서울특별시,067_0073,sample_067_0073_000005,준식별자
강남구,067_0073,sample_067_0073_000005,준식별자
2024,067_0073,sample_067_0073_000006,준식별자
06,067_0073,sample_067_0073_000006,준식별자
01,067_0073,sample_067_0073_000006,준식별자
2025,067_0073,sample_067_0073_000007,준식별자
06,067_0073,sample_067_0073_000007,준식별자
01,067_0073,sample_067_0073_000007,준식별자
2024,067_0073,sample_067_0073_000015,준식별자
11,067_0073,sample_067_0073_000015,준식별자
20,067_0073,sample_067_0073_000015,준식별자
류윤아,067_0073,sample_067_0073_000012,개인정보
did:example:issuer-5678,067_0074,sample_067_0074_000006,개인정보
did:example:issuer-5678,067_0074,sample_067_0074_000023,개인정보
did:example:holder-1234,067_0074,sample_067_0074_000007,개인정보
신태인,067_0074,sample_067_0074_000007,개인정보
shintaein.wallet@example.org,067_0074,sample_067_0074_000008,개인정보
010-1234-5678,067_0074,sample_067_0074_000009,개인정보
1985-05-12,067_0074,sample_067_0074_000010,준식별자
서울특별시,067_0074,sample_067_0074_000011,준식별자
강남구,067_0074,sample_067_0074_000011,준식별자
논현동,067_0074,sample_067_0074_000011,준식별자
채데이비드,067_0074,sample_067_0074_000025,개인정보
고성환,067_0074,sample_067_0074_000025,개인정보
/var/secure/keys,067_0074,sample_067_0074_000026,기밀정보
10.0.0.5,067_0074,sample_067_0074_000027,기밀정보
허성자,067_0075,sample_067_0075_000005,개인정보
성별: 여성,067_0075,sample_067_0075_000006,준식별자
생년월일: 1990-01-01,067_0075,sample_067_0075_000006,준식별자
최지예,067_0075,sample_067_0075_000028,개인정보
did:example:wallet-456,067_0076,sample_067_0076_000004,개인정보
did:example:issuer-789,067_0076,sample_067_0076_000005,개인정보
did:example:holder-123,067_0076,sample_067_0076_000005,개인정보
강윤주,067_0076,sample_067_0076_000007,개인정보
1990-05-21,067_0076,sample_067_0076_000007,준식별자
2025-01-15T10:00:00Z,067_0076,sample_067_0076_000008,준식별자
2026-01-15T10:00:00Z,067_0076,sample_067_0076_000008,준식별자
2025-01-15T10:01:00Z,067_0076,sample_067_0076_000009,준식별자
enc:example:abc123xyz,067_0076,sample_067_0076_000013,기밀정보
2025-03-01T12:00:00Z,067_0076,sample_067_0076_000015,준식별자
2025-01-10T09:30:00Z,067_0076,sample_067_0076_000019,준식별자
남대식,067_0076,sample_067_0076_000027,개인정보
지도예,067_0077,sample_067_0077_000002,개인정보
2025-11-01,067_0077,sample_067_0077_000002,준식별자
문광훈,067_0077,sample_067_0077_000005,개인정보
1990-05-12,067_0077,sample_067_0077_000005,준식별자
2025-11-15T10:00:00Z,067_0077,sample_067_0077_000006,준식별자
2028-11-15T10:00:00Z,067_0077,sample_067_0077_000006,준식별자
2025-11-15T10:00:05Z,067_0077,sample_067_0077_000007,준식별자
2025-11-20T12:00:00Z,067_0077,sample_067_0077_000009,준식별자
2025-11-10T09:30:00Z,067_0077,sample_067_0077_000010,준식별자
onina@example.net,067_0077,sample_067_0077_000017,개인정보
010-1234-5678,067_0077,sample_067_0077_000018,개인정보
서울특별시,067_0077,sample_067_0077_000019,준식별자
강남구,067_0077,sample_067_0077_000019,준식별자
손정빈,067_0077,sample_067_0077_000024,개인정보
/srv/internal/wallet/keys,067_0077,sample_067_0077_000025,기밀정보
vpn.internal.example,067_0077,sample_067_0077_000025,기밀정보
엔지니어,067_0077,sample_067_0077_000023,준식별자
대한민국,067_0077,sample_067_0077_000023,준식별자
김동권,067_0078,sample_067_0078_000006,개인정보
1990-05-12,067_0078,sample_067_0078_000006,준식별자
남,067_0078,sample_067_0078_000006,준식별자
서울특별시 강남구,067_0078,sample_067_0078_000007,준식별자
"private_key_encrypted: ""enc_v1:AAAABBBBCCCC""",067_0078,sample_067_0078_000014,기밀정보
박시온,067_0078,sample_067_0078_000028,개인정보
구대석,067_0079,sample_067_0079_000007,개인정보
1985,067_0079,sample_067_0079_000007,준식별자
07,067_0079,sample_067_0079_000007,준식별자
23,067_0079,sample_067_0079_000007,준식별자
남성,067_0079,sample_067_0079_000007,준식별자
서울특별시,067_0079,sample_067_0079_000007,준식별자
강남구,067_0079,sample_067_0079_000007,준식별자
민나은,067_0080,sample_067_0080_000006,개인정보
유건욱,067_0080,sample_067_0080_000005,개인정보
1990,067_0080,sample_067_0080_000006,준식별자
05,067_0080,sample_067_0080_000006,준식별자
12,067_0080,sample_067_0080_000006,준식별자
서울특별시,067_0080,sample_067_0080_000006,준식별자
강남구,067_0080,sample_067_0080_000006,준식별자
2024,067_0080,sample_067_0080_000007,준식별자
11,067_0080,sample_067_0080_000007,준식별자
01,067_0080,sample_067_0080_000007,준식별자
2026,067_0080,sample_067_0080_000008,준식별자
11,067_0080,sample_067_0080_000008,준식별자
01,067_0080,sample_067_0080_000008,준식별자
2024,067_0080,sample_067_0080_000010,준식별자
11,067_0080,sample_067_0080_000010,준식별자
01,067_0080,sample_067_0080_000010,준식별자
2025,067_0080,sample_067_0080_000016,준식별자
01,067_0080,sample_067_0080_000016,준식별자
15,067_0080,sample_067_0080_000016,준식별자
enc:vault:001:ab12cd34ef,067_0080,sample_067_0080_000018,기밀정보
원호재,067_0081,sample_067_0081_000006,개인정보
1990,067_0081,sample_067_0081_000006,준식별자
05,067_0081,sample_067_0081_000006,준식별자
20,067_0081,sample_067_0081_000006,준식별자
남성,067_0081,sample_067_0081_000006,준식별자
서울특별시,067_0081,sample_067_0081_000007,준식별자
강남구,067_0081,sample_067_0081_000007,준식별자
엔지니어,067_0081,sample_067_0081_000007,준식별자
wonhojae@example.com,067_0081,sample_067_0081_000008,개인정보
010-1234-5678,067_0081,sample_067_0081_000008,개인정보
enc:example:001a,067_0081,sample_067_0081_000016,기밀정보
원호재,067_0081,sample_067_0081_000019,개인정보
윤진오,067_0081,sample_067_0081_000028,개인정보
김유진,067_0082,sample_067_0082_000007,개인정보
여성,067_0082,sample_067_0082_000008,준식별자
1990,067_0082,sample_067_0082_000008,준식별자
05,067_0082,sample_067_0082_000008,준식별자
12,067_0082,sample_067_0082_000008,준식별자
서울특별시,067_0082,sample_067_0082_000009,준식별자
강남구,067_0082,sample_067_0082_000009,준식별자
엔지니어,067_0082,sample_067_0082_000010,준식별자
wallet-key-2026-prod,067_0082,sample_067_0082_000013,기밀정보
svc_wallet_admin,067_0082,sample_067_0082_000025,기밀정보
10.10.0.5,067_0082,sample_067_0082_000025,기밀정보
internal://backup/keys,067_0082,sample_067_0082_000025,기밀정보
박광철,067_0083,sample_067_0083_000008,개인정보
1985,067_0083,sample_067_0083_000009,준식별자
06,067_0083,sample_067_0083_000010,준식별자
21,067_0083,sample_067_0083_000011,준식별자
서울특별시,067_0083,sample_067_0083_000012,준식별자
강남구,067_0083,sample_067_0083_000013,준식별자
남두진,067_0083,sample_067_0083_000022,개인정보
internal-api.ssi.local,067_0083,sample_067_0083_000025,기밀정보
vpn.internal.example,067_0083,sample_067_0083_000025,기밀정보
10.0.0.5,067_0083,sample_067_0083_000025,기밀정보
박가빈,067_0084,sample_067_0084_000006,개인정보
1990-05-15,067_0084,sample_067_0084_000006,준식별자
여성,067_0084,sample_067_0084_000006,준식별자
서울특별시,067_0084,sample_067_0084_000030,준식별자
강남구,067_0084,sample_067_0084_000030,준식별자
10.0.0.5,067_0084,sample_067_0084_000024,기밀정보
https://internal-wallet.example.local,067_0084,sample_067_0084_000024,기밀정보
/srv/backup/wallets,067_0084,sample_067_0084_000025,기밀정보
/admin/ssi,067_0084,sample_067_0084_000025,기밀정보
주정,067_0085,sample_067_0085_000004,개인정보
주정,067_0085,sample_067_0085_000005,개인정보
1990-05-20,067_0085,sample_067_0085_000005,준식별자
여성,067_0085,sample_067_0085_000005,준식별자
서울특별시,067_0085,sample_067_0085_000005,준식별자
강남구,067_0085,sample_067_0085_000005,준식별자
전찬희,067_0086,sample_067_0086_000007,개인정보
2025,067_0086,sample_067_0086_000008,준식별자
06,067_0086,sample_067_0086_000008,준식별자
01,067_0086,sample_067_0086_000008,준식별자
2024,067_0086,sample_067_0086_000012,준식별자
09,067_0086,sample_067_0086_000012,준식별자
15,067_0086,sample_067_0086_000012,준식별자
2024,067_0086,sample_067_0086_000014,준식별자
12,067_0086,sample_067_0086_000014,준식별자
01,067_0086,sample_067_0086_000014,준식별자
민미승,067_0086,sample_067_0086_000018,개인정보
박형재,067_0086,sample_067_0086_000023,개인정보
2024001,067_0086,sample_067_0086_000023,개인정보
서울특별시,067_0086,sample_067_0086_000024,준식별자
강남구,067_0086,sample_067_0086_000024,준식별자
역삼동,067_0086,sample_067_0086_000024,준식별자
test.user@example.com,067_0086,sample_067_0086_000025,개인정보
/internal/wallet/secrets,067_0086,sample_067_0086_000026,기밀정보
vpn.internal.corp,067_0086,sample_067_0086_000026,기밀정보
admin_wallet,067_0086,sample_067_0086_000026,기밀정보
이래윤,067_0086,sample_067_0086_000027,개인정보
2024,067_0086,sample_067_0086_000027,준식별자
11,067_0086,sample_067_0086_000027,준식별자
05,067_0086,sample_067_0086_000027,준식별자
류승주,067_0087,sample_067_0087_000008,개인정보
1987-09-21,067_0087,sample_067_0087_000008,준식별자
여성,067_0087,sample_067_0087_000008,준식별자
서울특별시 강남구,067_0087,sample_067_0087_000008,준식별자
대학 연구원,067_0087,sample_067_0087_000008,준식별자
key-2026-001,067_0087,sample_067_0087_000015,기밀정보
ENC:AES256:placeholder,067_0087,sample_067_0087_000015,기밀정보
wallet-admin,067_0087,sample_067_0087_000022,기밀정보
10.0.0.5,067_0087,sample_067_0087_000022,기밀정보
vpn-internal.example.local,067_0087,sample_067_0087_000022,기밀정보
박인태,067_0087,sample_067_0087_000025,개인정보
원현수,067_0087,sample_067_0087_000025,개인정보
진주언,067_0088,sample_067_0088_000009,개인정보
EMP-0001,067_0088,sample_067_0088_000009,개인정보
1990-05-14,067_0088,sample_067_0088_000009,준식별자
서울특별시,067_0088,sample_067_0088_000009,준식별자
강남구,067_0088,sample_067_0088_000009,준식별자
test@example.com,067_0088,sample_067_0088_000016,개인정보
박승인,067_0088,sample_067_0088_000020,개인정보
원려은,067_0089,sample_067_0089_000006,개인정보
1990,067_0089,sample_067_0089_000006,준식별자
05,067_0089,sample_067_0089_000006,준식별자
15,067_0089,sample_067_0089_000006,준식별자
서울특별시,067_0089,sample_067_0089_000007,준식별자
강남구,067_0089,sample_067_0089_000007,준식별자
역삼동,067_0089,sample_067_0089_000007,준식별자
연구원,067_0089,sample_067_0089_000008,준식별자
010-0000-0000,067_0089,sample_067_0089_000009,개인정보
wonryeun@example.com,067_0089,sample_067_0089_000009,개인정보
오윤영,067_0089,sample_067_0089_000018,개인정보
곽원철,067_0089,sample_067_0089_000027,개인정보
/var/secure/keystore,067_0089,sample_067_0089_000027,기밀정보
10.0.0.1,067_0089,sample_067_0089_000027,기밀정보
admin_ssi,067_0089,sample_067_0089_000027,기밀정보
하세경,067_0089,sample_067_0089_000028,개인정보
정기명,067_0090,sample_067_0090_000001,개인정보
jkmin@example.org,067_0090,sample_067_0090_000017,개인정보
010-0000-0001,067_0090,sample_067_0090_000018,개인정보
EMP-2023-0001,067_0090,sample_067_0090_000019,개인정보
1990-01-01,067_0090,sample_067_0090_000020,준식별자
남,067_0090,sample_067_0090_000021,준식별자
서울특별시,067_0090,sample_067_0090_000022,준식별자
강남구,067_0090,sample_067_0090_000023,준식별자
10.0.0.5,067_0090,sample_067_0090_000024,기밀정보
vpn.corp.internal,067_0090,sample_067_0090_000025,기밀정보
admin_user,067_0090,sample_067_0090_000026,기밀정보
/srv/keystore/wallet1,067_0090,sample_067_0090_000027,기밀정보
장지은,067_0091,sample_067_0091_000009,개인정보
1990-01-01,067_0091,sample_067_0091_000010,준식별자
여성,067_0091,sample_067_0091_000011,준식별자
김채환,067_0091,sample_067_0091_000022,개인정보
10.0.0.5,067_0091,sample_067_0091_000026,기밀정보
우민희,067_0092,sample_067_0092_000003,개인정보
wminhee@example.com,067_0092,sample_067_0092_000003,개인정보
1985,067_0092,sample_067_0092_000003,준식별자
07,067_0092,sample_067_0092_000003,준식별자
15,067_0092,sample_067_0092_000003,준식별자
여성,067_0092,sample_067_0092_000003,준식별자
서울특별시,067_0092,sample_067_0092_000003,준식별자
강남구,067_0092,sample_067_0092_000003,준식별자
https://internal.wallet.local/keys,067_0092,sample_067_0092_000011,기밀정보
enc:AAABBBCCCDDDEEE,067_0092,sample_067_0092_000011,기밀정보
우민희,067_0092,sample_067_0092_000013,개인정보
10.0.0.42,067_0092,sample_067_0092_000013,기밀정보
문현국,067_0093,sample_067_0093_000003,개인정보
진하온,067_0093,sample_067_0093_000004,개인정보
mhhk-user@example.com,067_0093,sample_067_0093_000005,개인정보
1985-07-23,067_0093,sample_067_0093_000006,준식별자
서울특별시,067_0093,sample_067_0093_000007,준식별자
연구원,067_0093,sample_067_0093_000008,준식별자
2023001,067_0093,sample_067_0093_000009,개인정보
192.0.2.1,067_0093,sample_067_0093_000014,기밀정보
주진영,067_0093,sample_067_0093_000029,개인정보
하찬원,067_0094,sample_067_0094_000018,개인정보
1990,067_0094,sample_067_0094_000018,준식별자
05,067_0094,sample_067_0094_000018,준식별자
21,067_0094,sample_067_0094_000018,준식별자
male,067_0094,sample_067_0094_000018,준식별자
서울특별시,067_0094,sample_067_0094_000018,준식별자
hcw@example.com,067_0094,sample_067_0094_000019,개인정보
010-1234-5678,067_0094,sample_067_0094_000019,개인정보
10.0.0.5,067_0094,sample_067_0094_000022,기밀정보
https://internal.example.local,067_0094,sample_067_0094_000022,기밀정보
한선유,067_0095,sample_067_0095_000005,개인정보
유현유,067_0095,sample_067_0095_000006,개인정보
EMP-2024-0095,067_0095,sample_067_0095_000007,개인정보
1987-05-21,067_0095,sample_067_0095_000008,준식별자
여,067_0095,sample_067_0095_000008,준식별자
서울특별시 강남구,067_0095,sample_067_0095_000009,준식별자
소프트웨어 엔지니어,067_0095,sample_067_0095_000009,준식별자
KM_SERVER_KEYSTORE,067_0095,sample_067_0095_000014,기밀정보
192.0.2.10,067_0095,sample_067_0095_000014,기밀정보
https://internal.wallet.local,067_0095,sample_067_0095_000014,기밀정보
서동호,067_0096,sample_067_0096_000004,개인정보
서동호,067_0096,sample_067_0096_000006,개인정보
1990-05-20,067_0096,sample_067_0096_000006,준식별자
남성,067_0096,sample_067_0096_000006,준식별자
서울특별시,067_0096,sample_067_0096_000006,준식별자
10.1.4.12,067_0096,sample_067_0096_000022,기밀정보
/srv/wallet/keys,067_0096,sample_067_0096_000022,기밀정보
vpn.internal.local,067_0096,sample_067_0096_000022,기밀정보
did:example:wallet-1234,067_0097,sample_067_0097_000004,개인정보
did:example:issuer-5678,067_0097,sample_067_0097_000005,개인정보
did:example:holder-9012,067_0097,sample_067_0097_000005,개인정보
노희성,067_0097,sample_067_0097_000008,개인정보
nhs.test@example.com,067_0097,sample_067_0097_000009,개인정보
1990년,067_0097,sample_067_0097_000010,준식별자
05월,067_0097,sample_067_0097_000010,준식별자
12일,067_0097,sample_067_0097_000010,준식별자
남성,067_0097,sample_067_0097_000011,준식별자
서울특별시,067_0097,sample_067_0097_000012,준식별자
강남구,067_0097,sample_067_0097_000012,준식별자
EMP-2024-0001,067_0097,sample_067_0097_000013,개인정보
did:example:issuer-5678,067_0097,sample_067_0097_000016,개인정보
did:example:issuer-5678,067_0097,sample_067_0097_000021,개인정보
노희성,067_0097,sample_067_0097_000026,개인정보
임소명,067_0098,sample_067_0098_000004,개인정보
1990-06-15,067_0098,sample_067_0098_000004,준식별자
여,067_0098,sample_067_0098_000004,준식별자
서울특별시,067_0098,sample_067_0098_000004,준식별자
강남구,067_0098,sample_067_0098_000004,준식별자
소프트웨어엔지니어,067_0098,sample_067_0098_000004,준식별자
류근아,067_0098,sample_067_0098_000012,개인정보
/var/secure/wallet/backups/v1,067_0098,sample_067_0098_000017,기밀정보
ops@example.internal,067_0098,sample_067_0098_000017,기밀정보
10.0.0.5,067_0098,sample_067_0098_000018,기밀정보
장선민,067_0098,sample_067_0098_000025,개인정보
노한솔,067_0099,sample_067_0099_000004,개인정보
노한솔,067_0099,sample_067_0099_000006,개인정보
1990-06-15,067_0099,sample_067_0099_000006,준식별자
여성,067_0099,sample_067_0099_000006,준식별자
서울,067_0099,sample_067_0099_000006,준식별자
전시은,067_0099,sample_067_0099_000016,개인정보
svc_wallet_admin,067_0099,sample_067_0099_000027,기밀정보
문다은,067_0099,sample_067_0099_000028,개인정보
박경태,067_0100,sample_067_0100_000006,개인정보
1990,067_0100,sample_067_0100_000008,준식별자
07,067_0100,sample_067_0100_000008,준식별자
15,067_0100,sample_067_0100_000008,준식별자
남,067_0100,sample_067_0100_000008,준식별자
강남구,067_0100,sample_067_0100_000008,준식별자
연구원,067_0100,sample_067_0100_000008,준식별자
/internal/revocation/registry,067_0100,sample_067_0100_000022,기밀정보
/internal/wallet/keys,067_0100,sample_067_0100_000023,기밀정보
hsm.internal.local,067_0100,sample_067_0100_000023,기밀정보
vpn-secure.example.local,067_0100,sample_067_0100_000023,기밀정보
docs/internal/key_management.md,067_0100,sample_067_0100_000024,기밀정보
