{
    "document_id": "075_0025",
    "document_title": "지속 가능한 포장재 소재 기술·시험·인증 종합보고서",
    "data": [
        {
            "sentence": "본 문서는 지속 가능한 포장 및 소재 분야의 소재 기술·시험·인증 자료를 배치 단위로 정리한 종합보고서입니다.",
            "id": "sample_075_0025_000001",
            "annotations": []
        },
        {
            "sentence": "material_id는 MAT-2025-001이며 material_name은 'EcoPET Barrier Film'으로 표기합니다.",
            "id": "sample_075_0025_000002",
            "annotations": []
        },
        {
            "sentence": "supplier_id는 SUP-0891이고 supplier_name은 EcoPack Co., Ltd., country_of_origin은 South Korea로 기록합니다.",
            "id": "sample_075_0025_000003",
            "annotations": []
        },
        {
            "sentence": "composition_percentages는 PET:70%, rPET:25%, 가교성층(adhesive/등):5%로 상세 표기하며 각 성분의 분석 근거를 배치별 시험보고서에 연계합니다.",
            "id": "sample_075_0025_000004",
            "annotations": []
        },
        {
            "sentence": "average_unit_weight_g는 12.5 g/롤(단위: g)이며 dimensions_mm는 폭 500 mm × 길이 20000 mm(롤당)로 표준화하여 기입합니다.",
            "id": "sample_075_0025_000005",
            "annotations": []
        },
        {
            "sentence": "mechanical_properties는 tensile_strength_MPa: 120 MPa, elongation_%: 85% (시험방법: ASTM D882, 단위: MPa 및 %로 표기)로 기록합니다.",
            "id": "sample_075_0025_000006",
            "annotations": []
        },
        {
            "sentence": "barrier_properties는 OTR: 5 cc/m2·day (조건: 23°C, 0% RH, 시험방법: ASTM D3985) 및 WVTR: 0.8 g/m2·day (조건: 38°C, 90% RH, 시험방법: ASTM F1249)입니다.",
            "id": "sample_075_0025_000007",
            "annotations": []
        },
        {
            "sentence": "recyclability_code는 Resin Identification Code RIC 1이며 지역별 재활용 분류는 국내·EU 기준 상이할 수 있음을 표기합니다.",
            "id": "sample_075_0025_000008",
            "annotations": []
        },
        {
            "sentence": "biodegradability_standard_compliance는 EN13432:false로 표기하며 해당 판단 근거와 시험결과는 별도 '퇴비화 적합성 보고서'에서 확인하도록 합니다.",
            "id": "sample_075_0025_000009",
            "annotations": []
        },
        {
            "sentence": "food_contact_compliance 항목은 FDA:needs_verification, EC(EC No. 1935/2004):needs_verification, KS(대한민국 식품용 기구·조리기구 규정):needs_verification로 표기합니다.",
            "id": "sample_075_0025_000010",
            "annotations": []
        },
        {
            "sentence": "LCA_global_warming_potential_kgCO2e_per_kg는 2.35 kgCO2e/kg으로 산정하였으며 사용한 방법론은 PCR 기반, 참고 표준은 ISO 14044 및 GHG Protocol의 지침을 병기합니다.",
            "id": "sample_075_0025_000011",
            "annotations": []
        },
        {
            "sentence": "life_cycle_assessment_method는 PCR: 'Packaging PCR v1.2' 및 ISO 14044:2006를 병용하였고, 범위는 cradle-to-gate(범위: Scope 1/2 포함, Scope 3 항목 명시)로 정의합니다.",
            "id": "sample_075_0025_000012",
            "annotations": []
        },
        {
            "sentence": "test_reports 첫번째: report_id TR-LAB-2024-015, date 2024-11-20, lab KOTITI Testing & Research Institute, method ASTM D882, result_summary: 인장강도 및 신장율은 규격 내.",
            "id": "sample_075_0025_000013",
            "annotations": [
                {
                    "word": "2024",
                    "start": 35,
                    "end": 39,
                    "label": "준식별자"
                },
                {
                    "word": "2024",
                    "start": 50,
                    "end": 54,
                    "label": "준식별자"
                },
                {
                    "word": "11",
                    "start": 55,
                    "end": 57,
                    "label": "준식별자"
                },
                {
                    "word": "20",
                    "start": 35,
                    "end": 37,
                    "label": "준식별자"
                },
                {
                    "word": "20",
                    "start": 50,
                    "end": 52,
                    "label": "준식별자"
                },
                {
                    "word": "20",
                    "start": 58,
                    "end": 60,
                    "label": "준식별자"
                }
            ]
        },
        {
            "sentence": "test_reports 두번째: report_id BR-SGS-2025-001, date 2025-01-10, lab SGS Korea, method ASTM D3985/ASTM F1249, result_summary: OTR 및 WVTR 시험 결과 표준 범위 내로 보고됨.",
            "id": "sample_075_0025_000014",
            "annotations": [
                {
                    "word": "2025",
                    "start": 35,
                    "end": 39,
                    "label": "준식별자"
                },
                {
                    "word": "2025",
                    "start": 50,
                    "end": 54,
                    "label": "준식별자"
                },
                {
                    "word": "01",
                    "start": 41,
                    "end": 43,
                    "label": "준식별자"
                },
                {
                    "word": "01",
                    "start": 55,
                    "end": 57,
                    "label": "준식별자"
                },
                {
                    "word": "10",
                    "start": 58,
                    "end": 60,
                    "label": "준식별자"
                }
            ]
        },
        {
            "sentence": "certifications 항목: OK Compost Industrial 인증서(문서: OKC-2024-089, issue_date 2024-06-01, expiry_date 2027-06-01, 발행기관: TÜV Austria), 해당 스캔본을 증빙자료로 보관합니다.",
            "id": "sample_075_0025_000015",
            "annotations": [
                {
                    "word": "2024",
                    "start": 53,
                    "end": 57,
                    "label": "준식별자"
                },
                {
                    "word": "2024",
                    "start": 74,
                    "end": 78,
                    "label": "준식별자"
                },
                {
                    "word": "06",
                    "start": 79,
                    "end": 81,
                    "label": "준식별자"
                },
                {
                    "word": "06",
                    "start": 103,
                    "end": 105,
                    "label": "준식별자"
                },
                {
                    "word": "01",
                    "start": 82,
                    "end": 84,
                    "label": "준식별자"
                },
                {
                    "word": "01",
                    "start": 106,
                    "end": 108,
                    "label": "준식별자"
                },
                {
                    "word": "2027",
                    "start": 98,
                    "end": 102,
                    "label": "준식별자"
                }
            ]
        },
        {
            "sentence": "certifications 추가: FSC CoC 인증서(문서: FSC-COC-2023-442, issue_date 2023-09-15, expiry_date 2026-09-15, 발행기관: FSC International) 스캔파일을 연계합니다.",
            "id": "sample_075_0025_000016",
            "annotations": [
                {
                    "word": "2023",
                    "start": 43,
                    "end": 47,
                    "label": "준식별자"
                },
                {
                    "word": "2023",
                    "start": 64,
                    "end": 68,
                    "label": "준식별자"
                },
                {
                    "word": "09",
                    "start": 69,
                    "end": 71,
                    "label": "준식별자"
                },
                {
                    "word": "09",
                    "start": 93,
                    "end": 95,
                    "label": "준식별자"
                },
                {
                    "word": "15",
                    "start": 72,
                    "end": 74,
                    "label": "준식별자"
                },
                {
                    "word": "15",
                    "start": 96,
                    "end": 98,
                    "label": "준식별자"
                },
                {
                    "word": "2026",
                    "start": 88,
                    "end": 92,
                    "label": "준식별자"
                }
            ]
        },
        {
            "sentence": "SDS_reference는 파일명 SDS_EcoPET_2024_v2.pdf, SDS_revision_date 2024-08-05, 제공처: EcoPack 품질안전팀, 해당 파일을 문서관리시스템에 보존합니다.",
            "id": "sample_075_0025_000017",
            "annotations": [
                {
                    "word": "2024",
                    "start": 30,
                    "end": 34,
                    "label": "준식별자"
                },
                {
                    "word": "2024",
                    "start": 61,
                    "end": 65,
                    "label": "준식별자"
                },
                {
                    "word": "08",
                    "start": 66,
                    "end": 68,
                    "label": "준식별자"
                },
                {
                    "word": "05",
                    "start": 69,
                    "end": 71,
                    "label": "준식별자"
                }
            ]
        },
        {
            "sentence": "hazardous_substances_list에는 REACH SVHC 목록 점검 결과 특정 SVHC는 미검출로 보고되었으나 일부 잔류모노머는 'needs_verification' 상태로 표기합니다.",
            "id": "sample_075_0025_000018",
            "annotations": []
        },
        {
            "sentence": "batch_number는 LOT-EP-20250315-0001이며 production_date는 2025-03-15, inventory_quantity_units는 1,200 롤로 기록되어 배치 단위로 추적 가능합니다.",
            "id": "sample_075_0025_000019",
            "annotations": [
                {
                    "word": "2025",
                    "start": 21,
                    "end": 25,
                    "label": "준식별자"
                },
                {
                    "word": "2025",
                    "start": 54,
                    "end": 58,
                    "label": "준식별자"
                },
                {
                    "word": "03",
                    "start": 25,
                    "end": 27,
                    "label": "준식별자"
                },
                {
                    "word": "03",
                    "start": 59,
                    "end": 61,
                    "label": "준식별자"
                },
                {
                    "word": "15",
                    "start": 27,
                    "end": 29,
                    "label": "준식별자"
                },
                {
                    "word": "15",
                    "start": 62,
                    "end": 64,
                    "label": "준식별자"
                }
            ]
        },
        {
            "sentence": "expiry_or_degradation_estimate는 가속노화시험 근거로 2028-03-15까지 물리적 특성 보존을 예상하되 실제 사용조건에 따라 차이가 발생할 수 있음을 명시합니다.",
            "id": "sample_075_0025_000020",
            "annotations": [
                {
                    "word": "2028",
                    "start": 43,
                    "end": 47,
                    "label": "준식별자"
                },
                {
                    "word": "03",
                    "start": 48,
                    "end": 50,
                    "label": "준식별자"
                },
                {
                    "word": "15",
                    "start": 51,
                    "end": 53,
                    "label": "준식별자"
                }
            ]
        },
        {
            "sentence": "CAD_file_reference는 CAD_EcoPET_v2.dxf(스케일 1:1, dieline 포함)로 PLM에 저장되어 ERP의 internal_part_number와 매핑 가능합니다.",
            "id": "sample_075_0025_000021",
            "annotations": []
        },
        {
            "sentence": "recycling_instructions는 소비자용 분리배출 안내와 기술문서용 지침을 구분하여 제공하며, RIC 1 기준과 지역별 폐기 규정 링크를 함께 표기합니다.",
            "id": "sample_075_0025_000022",
            "annotations": []
        },
        {
            "sentence": "EPR_fee_region은 EU-DE(독일) 기준으로 분류하고 EPR_fee_rate는 0.12 EUR/제품으로 초기 추정치를 기재하며 실제 요율은 지역별 고시를 확인하도록 안내합니다.",
            "id": "sample_075_0025_000023",
            "annotations": []
        },
        {
            "sentence": "cost_per_unit_USD는 0.85 USD/롤로 계산되었으며 환율 및 원자재 변동에 따른 회계 반영 방법을 별도 문서로 명시합니다.",
            "id": "sample_075_0025_000024",
            "annotations": []
        },
        {
            "sentence": "traceability_qr_code는 QR: 'GTIN:00891234567890|LOT:LOT-EP-20250315-0001|ID:TX-00089' 형식으로 디지털 인증서와 연결됩니다.",
            "id": "sample_075_0025_000025",
            "annotations": []
        },
        {
            "sentence": "chain_of_custody_documents는 COC-2025-01.pdf 등 문서식별자와 디지털 서명본을 포함하며 공급망 각 노드별 문서가 배치와 연결되어야 합니다.",
            "id": "sample_075_0025_000026",
            "annotations": []
        },
        {
            "sentence": "sustainability_claims_validated는 false로 초기 표기하며 검증 필요 항목과 책임기관, 검증 일정은 별도 액션 아이템으로 관리합니다.",
            "id": "sample_075_0025_000027",
            "annotations": []
        },
        {
            "sentence": "식별자 매핑 항목은 SKU: EP-FILM-500-12, GTIN:00891234567890, internal_part_number: IPN-EP-500-2025로 ERP/PLM과 연동 가능합니다.",
            "id": "sample_075_0025_000028",
            "annotations": []
        },
        {
            "sentence": "소비자용 지침과 기술·규제 데이터는 분리 제공하며 소비자용은 분리배출 및 사용·보관 안내만 포함하도록 표준화합니다.",
            "id": "sample_075_0025_000029",
            "annotations": []
        },
        {
            "sentence": "시험 간격·샘플수·유효기간은 각 시험보고서에 명기하고 배치별 샘플 ID와 연계하여 재생산 가능성을 확보합니다.",
            "id": "sample_075_0025_000030",
            "annotations": []
        }
    ]
}