{
    "document_id": "075_0091",
    "document_title": "rPET 혼합 시트 소재 지속가능성·시험보고서 및 배치 추적 문서",
    "data": [
        {
            "sentence": "본 문서는 rPET 혼합 시트(MAT-2024-075-0091)의 지속가능성·규격·시험결과·추적정보를 배치 단위로 정리한 기술·규제 문서입니다.",
            "id": "sample_075_0091_000001",
            "annotations": []
        },
        {
            "sentence": "문서 목적은 제품 설계, 품질보증, 규제준수 검토 및 ERP/PLM 매핑을 위한 구조화된 배치 기록을 제공하는 것입니다.",
            "id": "sample_075_0091_000002",
            "annotations": []
        },
        {
            "sentence": "material_id: MAT-2024-075-0091이며, material_name은 'rPET 기반 바리어 코팅 시트'로 표기됩니다.",
            "id": "sample_075_0091_000003",
            "annotations": []
        },
        {
            "sentence": "supplier_id: SUP-0472, supplier_name: GreenPack Co., Ltd., country_of_origin: KR, 연락담당자: 양진효 (품질책임)로 등록되어 있습니다.",
            "id": "sample_075_0091_000004",
            "annotations": [
                {
                    "word": "양진효",
                    "start": 89,
                    "end": 92,
                    "label": "개인정보"
                }
            ]
        },
        {
            "sentence": "composition_percentages는 PET 70.0%, rPET 30.0%로 배합비를 명시하며, 모든 백분율은 질량 기준으로 표기됩니다.",
            "id": "sample_075_0091_000005",
            "annotations": []
        },
        {
            "sentence": "average_unit_weight_g은 12.5 g/unit이며, 해당 값은 3회 측정의 평균값으로 표준편차 0.2 g를 포함해 기록됩니다.",
            "id": "sample_075_0091_000006",
            "annotations": []
        },
        {
            "sentence": "dimensions_mm는 150 x 100 x 0.35 mm로 CAD 파일과 일치하도록 표준화되어 있습니다.",
            "id": "sample_075_0091_000007",
            "annotations": []
        },
        {
            "sentence": "mechanical_properties(인장강도·신율)는 tensile_strength_MPa: 58.0 MPa, elongation_percentage: 6.5%로 ISO 527 시험에 의해 산출되었습니다.",
            "id": "sample_075_0091_000008",
            "annotations": []
        },
        {
            "sentence": "barrier_properties는 OTR: 12.0 cc/m2·day(기준: ASTM D3985), WVTR: 4.5 g/m2·day(기준: ASTM F1249)로 측정되었습니다.",
            "id": "sample_075_0091_000009",
            "annotations": []
        },
        {
            "sentence": "recyclability_code는 Resin Identification Code(RIC): 1 (PET)으로 표기하며, 지역별 분류 차이를 문서에 명기합니다.",
            "id": "sample_075_0091_000010",
            "annotations": []
        },
        {
            "sentence": "biodegradability_standard_compliance는 EN13432 준수 여부를 검토한 결과 본 소재는 EN13432: false로 표기됩니다; 상세 근거는 물질 조성상 비분해성 폴리머 포함 때문입니다.",
            "id": "sample_075_0091_000011",
            "annotations": []
        },
        {
            "sentence": "food_contact_compliance는 FDA 및 EU 10/2011 규정 준수를 검토 중이며, 현재 상태는 needs_verification로 표기됩니다.",
            "id": "sample_075_0091_000012",
            "annotations": []
        },
        {
            "sentence": "LCA_global_warming_potential_kgCO2e_per_kg는 2.35 kgCO2e/kg으로 산출되었으며, life_cycle_assessment_method는 ISO 14044 및 GHG Protocol을 병기하고 cradle-to-gate 범위를 적용했습니다.",
            "id": "sample_075_0091_000013",
            "annotations": []
        },
        {
            "sentence": "시험보고서 예: KOTITI Testing & Research Institute, report_id: KOTITI-TR-2024-0945, date: 2024-08-15, method: ISO 527-1/2(인장시험), result_summary: 인장강도 58.0 MPa, elongation 6.5%.",
            "id": "sample_075_0091_000014",
            "annotations": []
        },
        {
            "sentence": "추가 시험: Intertek, report_id: INT-2024-1102, date: 2024-08-20, method: ASTM F1249(WVTR), result_summary: WVTR 4.5 g/m2·day, 조건: 23°C, 50% RH.",
            "id": "sample_075_0091_000015",
            "annotations": []
        },
        {
            "sentence": "certifications 항목은 현재 상태를 명시하며, chain_of_custody_documents: COC-2024-0887(issued: 2024-07-01, expiry: 2026-06-30) 문서는 스캔본이 저장되어 있습니다.",
            "id": "sample_075_0091_000016",
            "annotations": []
        },
        {
            "sentence": "SDS_reference는 SDS-2024-005, 발행일 2024-07-05으로 등록되어 있으며, 물질안전보건자료 링크와 PDF 스캔본이 보존됩니다.",
            "id": "sample_075_0091_000017",
            "annotations": []
        },
        {
            "sentence": "hazardous_substances_list 항목은 SVHC 목록 검사 결과로 Bis(2-ethylhexyl) phthalate(BPA 유사물질) 검출량은 <0.01 mg/kg, Antimony(Sb) 잔류는 0.15 mg/kg으로 보고되었습니다.",
            "id": "sample_075_0091_000018",
            "annotations": []
        },
        {
            "sentence": "배치 추적성은 batch_number: BATCH-A1, production_date: 2024-08-10, expiry_or_degradation_estimate: 소비조건에 따라 18개월(예측)로 기록됩니다.",
            "id": "sample_075_0091_000019",
            "annotations": []
        },
        {
            "sentence": "CAD_file_reference 및 내부 저장경로는 파일명 MAT-075-0091-v2.dxf, 저장경로 /srv/erp/cad/MAT-075-0091.dxf로 ERP와 연동되어 있습니다.",
            "id": "sample_075_0091_000020",
            "annotations": [
                {
                    "word": "/srv/erp/cad/MAT-075-0091.dxf",
                    "start": 60,
                    "end": 89,
                    "label": "기밀정보"
                }
            ]
        },
        {
            "sentence": "재활용 지침은 소비자용 라벨과 기술문서로 구분되어 있으며, 소비자용: RIC 1로 분리배출 및 재활용 가능 표기, 기술용: 세척·분쇄 후 재가공 권장 명시입니다.",
            "id": "sample_075_0091_000021",
            "annotations": []
        },
        {
            "sentence": "EPR_fee_region은 지역별로 표기되어 있으며 예시로 Korea(EPR): 0.015 USD/unit, EU 회원국은 지역 규정에 따라 별도 산출됩니다.",
            "id": "sample_075_0091_000022",
            "annotations": []
        },
        {
            "sentence": "cost_per_unit_USD: 0.032 USD/unit으로 내부 가격 데이터베이스에 등록되어 있으며, 가격 정보는 계약 기반으로 변동될 수 있습니다.",
            "id": "sample_075_0091_000023",
            "annotations": [
                {
                    "word": "cost_per_unit_USD: 0.032 USD/unit",
                    "start": 0,
                    "end": 33,
                    "label": "기밀정보"
                }
            ]
        },
        {
            "sentence": "공급업체 계약 관련 항목으로 계약번호: CONF-2024-001 및 internal_part_number: IPN-4759-A가 ERP 매핑용으로 사용됩니다.",
            "id": "sample_075_0091_000024",
            "annotations": [
                {
                    "word": "계약번호: CONF-2024-001",
                    "start": 16,
                    "end": 35,
                    "label": "기밀정보"
                },
                {
                    "word": "internal_part_number: IPN-4759-A",
                    "start": 38,
                    "end": 70,
                    "label": "기밀정보"
                }
            ]
        },
        {
            "sentence": "inventory_quantity_units는 창고별 재고 표준화로 SKU 매핑되어 있으며, 예시 배치의 가용수량은 12,500 units으로 기록됩니다.",
            "id": "sample_075_0091_000025",
            "annotations": []
        },
        {
            "sentence": "traceability_qr_code는 QR-075-0091-BATCH-A1로 생성되어 제품 포장 및 디지털 레지스트리와 연동됩니다.",
            "id": "sample_075_0091_000026",
            "annotations": []
        },
        {
            "sentence": "chain_of_custody_documents는 디지털 서명본과 스캔본을 포함하며, 문서 ID와 발행·만료일을 메타데이터로 저장합니다.",
            "id": "sample_075_0091_000027",
            "annotations": []
        },
        {
            "sentence": "결론 및 실행항목: 지속가능성 주장 검증은 현재 미검증 상태(sustainability_claims_validated: false)이며, 추가 시험·제3자 검증을 통해 claims 검증을 권고합니다.",
            "id": "sample_075_0091_000028",
            "annotations": []
        }
    ]
}