{
    "document_id": "075_0097",
    "document_title": "rPET 강화 복합필름 배치 기술·규제·환경 종합보고서",
    "data": [
        {
            "sentence": "문서 개요: 본 문서는 지속 가능한 포장 및 소재 영역의 재활용 PET 복합필름(Material ID: MAT-2025-PTF-001)에 대한 배치별 기술·규제·환경 평가 자료를 포함합니다.",
            "id": "sample_075_0097_000001",
            "annotations": []
        },
        {
            "sentence": "Material_id는 MAT-2025-PTF-001로 지정되며, document version 1.0과 타임스탬프 2025-01-15T09:30:00Z가 포함됩니다.",
            "id": "sample_075_0097_000002",
            "annotations": []
        },
        {
            "sentence": "담당자 연락처: 허창용, 사번 A12345, 이메일 hcchang@example.com, 휴대폰 010-1234-5678; 이 정보는 내부 접근 제어 대상입니다.",
            "id": "sample_075_0097_000003",
            "annotations": [
                {
                    "word": "허창용",
                    "start": 9,
                    "end": 12,
                    "label": "개인정보"
                },
                {
                    "word": "사번 A12345",
                    "start": 14,
                    "end": 23,
                    "label": "개인정보"
                },
                {
                    "word": "hcchang@example.com",
                    "start": 29,
                    "end": 48,
                    "label": "개인정보"
                },
                {
                    "word": "010-1234-5678",
                    "start": 54,
                    "end": 67,
                    "label": "개인정보"
                }
            ]
        },
        {
            "sentence": "담당자 기본정보에 등록된 생년월일: 1980-05-10은 준식별자에 해당하며 내부 데이터베이스에서 제한적으로 보관됩니다.",
            "id": "sample_075_0097_000004",
            "annotations": [
                {
                    "word": "1980-05-10",
                    "start": 20,
                    "end": 30,
                    "label": "준식별자"
                }
            ]
        },
        {
            "sentence": "공급업체 주소: 서울특별시 중구 을지로3가 123(공장동)으로 기록되어 있으나 세부 호수는 비공개 처리됩니다.",
            "id": "sample_075_0097_000005",
            "annotations": [
                {
                    "word": "서울특별시 중구 을지로3가 123(공장동)",
                    "start": 9,
                    "end": 32,
                    "label": "개인정보"
                }
            ]
        },
        {
            "sentence": "회계 처리용 참고: 계좌번호 110-234-567890은 내부 결제 전용 계좌로 기밀정보로 분류되어 접근 제어 대상입니다.",
            "id": "sample_075_0097_000006",
            "annotations": [
                {
                    "word": "계좌번호 110-234-567890",
                    "start": 11,
                    "end": 30,
                    "label": "기밀정보"
                }
            ]
        },
        {
            "sentence": "내부 시스템 참조 경로: internal/path/erp/credentials.csv 및 서버 IP 10.0.0.5는 보안상 기밀정보이며 외부 미공개입니다.",
            "id": "sample_075_0097_000007",
            "annotations": [
                {
                    "word": "internal/path/erp/credentials.csv",
                    "start": 14,
                    "end": 47,
                    "label": "기밀정보"
                },
                {
                    "word": "10.0.0.5",
                    "start": 56,
                    "end": 64,
                    "label": "기밀정보"
                }
            ]
        },
        {
            "sentence": "제품명: 지속형 rPET 강화 복합필름(Material name: rPET-PET Laminated Film, SKU: SKU-RPET-001, GTIN: 8801234567890).",
            "id": "sample_075_0097_000008",
            "annotations": []
        },
        {
            "sentence": "조성: PET 70%, rPET 30%로 명시하며 구성 비율은 중량 기준이며 단위는 %로 표기합니다.",
            "id": "sample_075_0097_000009",
            "annotations": []
        },
        {
            "sentence": "평균 단위 중량은 12.5 g/roll(롤 당 평균 중량), 치수는 500 mm x 200 m(폭 x 길이)로 표기합니다.",
            "id": "sample_075_0097_000010",
            "annotations": []
        },
        {
            "sentence": "기계적 특성: 인장강도 55.0 MPa, 연신율 120%를 ASTM D882에 따라 측정하였습니다.",
            "id": "sample_075_0097_000011",
            "annotations": []
        },
        {
            "sentence": "장벽성능: 산소 투과도 OTR 0.18 cc/m2·day(23°C, 0%RH, ASTM D3985) 및 수분 투과도 WVTR 1.2 g/m2·day(38°C, 90%RH, ASTM F1249)입니다.",
            "id": "sample_075_0097_000012",
            "annotations": []
        },
        {
            "sentence": "재활용 분류: Resin Identification Code RIC 1(PET)으로 표기하며 지역별 분리배출 표준에 따라 차이가 있습니다.",
            "id": "sample_075_0097_000013",
            "annotations": []
        },
        {
            "sentence": "퇴비화 적합성: EN 13432 준수 여부는 false로 표기하며 퇴비화 불가로 명시합니다.",
            "id": "sample_075_0097_000014",
            "annotations": []
        },
        {
            "sentence": "식품접촉 적합성: EU 10/2011 및 FDA 21 CFR Part 177 적용성은 'needs_verification'으로 표기합니다.",
            "id": "sample_075_0097_000015",
            "annotations": []
        },
        {
            "sentence": "LCA: GWP(Global warming potential)는 1.85 kgCO2e/kg이며 적용 방법론은 ISO 14044 및 PCR(Plastics PCR v3.0)을 병기합니다.",
            "id": "sample_075_0097_000016",
            "annotations": []
        },
        {
            "sentence": "LCA 범위: Scope 1,2,3을 포함한 cradle-to-gate 결과이며 결과 단위는 kgCO2e/kg입니다.",
            "id": "sample_075_0097_000017",
            "annotations": []
        },
        {
            "sentence": "시험보고서: REPORT-2024-PTF-089, 발행일 2024-11-20, 시험기관: 한국포장시험연구원(Korea Packaging Test Lab), 방법 ASTM D882, 요약: 인장강도 55.0 MPa.",
            "id": "sample_075_0097_000018",
            "annotations": []
        },
        {
            "sentence": "추가 시험보고서: REPORT-2024-OTR-012, 발행일 2024-11-22, 시험기관: 국제바리어테스트랩(International Barrier Test Lab), 방법 ASTM D3985, 요약: OTR 0.18 cc/m2·day.",
            "id": "sample_075_0097_000019",
            "annotations": []
        },
        {
            "sentence": "인증서: FSC는 해당되지 않으며 OK Compost는 해당되지 않음, Cradle to Cradle 여부는 unknown으로 표기합니다.",
            "id": "sample_075_0097_000020",
            "annotations": []
        },
        {
            "sentence": "SDS 참조: SDS 파일은 SDS-MAT-2025-PTF-001.pdf로 저장되어 있으며 유해물질 목록은 SVHC 대상 물질은 확인된 항목이 없습니다.",
            "id": "sample_075_0097_000021",
            "annotations": []
        },
        {
            "sentence": "유해물질·REACH 관련: 등록된 SVHC 리스트는 없음이나 일부 모노머 잔류는 시험 중이며 결과는 'needs_verification'으로 표기합니다.",
            "id": "sample_075_0097_000022",
            "annotations": []
        },
        {
            "sentence": "배치 정보: LOT-20250115-XL, 생산일 2025-01-15, 유효기간(분해 추정)은 제조 후 5년으로 문서화됩니다.",
            "id": "sample_075_0097_000023",
            "annotations": [
                {
                    "word": "LOT-20250115-XL",
                    "start": 7,
                    "end": 22,
                    "label": "기밀정보"
                }
            ]
        },
        {
            "sentence": "CAD 파일 참조: dieline_CAD_v2.3.dxf 및 내부 CAD 경로는 PLM 시스템에 연결되어 있습니다.",
            "id": "sample_075_0097_000024",
            "annotations": []
        },
        {
            "sentence": "재활용 지침: 지역별 분리배출 라벨은 RIC 1을 사용하고 대한민국 분리배출 지침에 따라 세척 후 재활용 처리 권고합니다.",
            "id": "sample_075_0097_000025",
            "annotations": []
        },
        {
            "sentence": "EPR 요율: 대한민국(Seoul) 기준 EPR 수수료는 0.035 USD/단위로 예측치이며 지역별 변동 가능성을 명시합니다.",
            "id": "sample_075_0097_000026",
            "annotations": []
        },
        {
            "sentence": "원가: 단가 cost_per_unit_USD는 0.45 USD/unit이며 재고 수량 inventory_quantity_units는 12,500 units로 ERP에 매핑됩니다.",
            "id": "sample_075_0097_000027",
            "annotations": []
        },
        {
            "sentence": "추적성: 각 단위는 QR 코드(예: trace:QR:GTIN:8801234567890:LOT-20250115-XL)로 추적되며 Chain of Custody 문서는 보관됩니다.",
            "id": "sample_075_0097_000028",
            "annotations": []
        }
    ]
}