{
    "document_id": "075_0033",
    "document_title": "rPET 강화 PET 필름 기술·환경·추적성 종합보고서",
    "data": [
        {
            "sentence": "본 문서는 지속 가능한 포장 소재 'rPET 강화 PET 필름'의 기술적·환경적·규제적 데이터와 배치 단위 추적성 정보를 종합적으로 기록한 기술 문서입니다.",
            "id": "sample_075_0033_000001",
            "annotations": []
        },
        {
            "sentence": "품질 담당자 정보는 내부 검토용으로 기재되며 담당자는 진윤정, 사번: 20240123으로 등록되어 있습니다.",
            "id": "sample_075_0033_000002",
            "annotations": [
                {
                    "word": "진윤정",
                    "start": 30,
                    "end": 33,
                    "label": "개인정보"
                },
                {
                    "word": "사번: 20240123",
                    "start": 35,
                    "end": 47,
                    "label": "개인정보"
                }
            ]
        },
        {
            "sentence": "문서 식별자는 material_id: MAT-075-202401, document_version: 1.0, 생성일: 2024-01-18이며 각 레코드는 타임스탬프와 버전으로 배치별 추적됩니다.",
            "id": "sample_075_0033_000003",
            "annotations": []
        },
        {
            "sentence": "material_name: rPET 강화 PET 필름, supplier_id: SUP-099, supplier_name: 에코패키징코리아, country_of_origin: 대한민국으로 표기합니다.",
            "id": "sample_075_0033_000004",
            "annotations": [
                {
                    "word": "에코패키징코리아",
                    "start": 68,
                    "end": 76,
                    "label": "준식별자"
                }
            ]
        },
        {
            "sentence": "구성 비율은 PET:70%, rPET(재활용):30%로 구성되며 각 성분의 중량 비율은 배치 분석 보고서에 근거하여 기록됩니다.",
            "id": "sample_075_0033_000005",
            "annotations": []
        },
        {
            "sentence": "생산 공장 소재지: 경기도 화성시, 배치번호: LOT-20240118-A, 생산일: 2024-01-18, 보관권장온도: 20±5 °C로 표기했습니다.",
            "id": "sample_075_0033_000006",
            "annotations": [
                {
                    "word": "경기도 화성시",
                    "start": 11,
                    "end": 18,
                    "label": "준식별자"
                }
            ]
        },
        {
            "sentence": "평균 단위 중량은 average_unit_weight_g: 12.5 g이며 치수는 dimensions_mm: 300×220×0.12 mm로 CAD 파일에 명확히 명시되어 있습니다.",
            "id": "sample_075_0033_000007",
            "annotations": []
        },
        {
            "sentence": "기계적 특성은 tensile_strength_MPa: 45.3 MPa, elongation_percent: 120%이며 측정은 ASTM D882 시험방법으로 수행했습니다.",
            "id": "sample_075_0033_000008",
            "annotations": []
        },
        {
            "sentence": "장벽 특성은 OTR: 0.5 cc/m2·day, WVTR: 3.2 g/m2·day로 측정되었고 물류 창고 소재는 부산광역시 해운대구로 등록되어 있습니다.",
            "id": "sample_075_0033_000009",
            "annotations": [
                {
                    "word": "부산광역시 해운대구",
                    "start": 63,
                    "end": 73,
                    "label": "준식별자"
                }
            ]
        },
        {
            "sentence": "재활용성 코드는 RIC:1(PET)로 표기하며 지역별 분류 차이를 별도 표준 매핑 문서로 연결하여 제공합니다.",
            "id": "sample_075_0033_000010",
            "annotations": []
        },
        {
            "sentence": "퇴비화 관련 표준 준수 여부는 EN13432: false로 표기하며 본 소재는 합성 폴리머로 산업용 퇴비화 대상이 아닙니다.",
            "id": "sample_075_0033_000011",
            "annotations": []
        },
        {
            "sentence": "식품접촉 적합성은 KS: 적합(시험보고서 KR-FC-2023-078, 기관: 한국식품검사원, 발행일: 2023-11-30), FDA 및 EU 규정(EC 1935/2004)은 needs_verification로 표기합니다.",
            "id": "sample_075_0033_000012",
            "annotations": []
        },
        {
            "sentence": "LCA 전과정 온실가스 배출량은 LCA_global_warming_potential_kgCO2e_per_kg: 2.35 kgCO2e/kg이며 평가방법은 GHG Protocol 및 ISO 14044에 준해 수행했습니다.",
            "id": "sample_075_0033_000013",
            "annotations": []
        },
        {
            "sentence": "시험보고서 예시는 report_id: KR-LAB-2023-0456, date: 2023-11-15, lab: 한국산업시험연구원, method: ASTM D882, result_summary: 인장강도 45.3 MPa, 연신율 120%입니다.",
            "id": "sample_075_0033_000014",
            "annotations": []
        },
        {
            "sentence": "추가 시험으로 SVHCs screening report_id: KTR-REACH-2023-112, date: 2023-12-02, lab: 한국화학융합시험연구원, method: REACH screening, result_summary: 검출 없음이 보고되었습니다.",
            "id": "sample_075_0033_000015",
            "annotations": []
        },
        {
            "sentence": "안전보건자료(SDS) 참조는 SDS_MAT-075_2024.pdf이며 유해물질 목록과 취급주의 사항은 SDS에 상세 기재되어 있습니다.",
            "id": "sample_075_0033_000016",
            "annotations": []
        },
        {
            "sentence": "CAD 파일 참조는 CAD_file_reference: \\\\corp-server\\internal\\design\\pack_v4.dwg이며 PLM 연동 링크는 내부 권한으로 접근 가능합니다.",
            "id": "sample_075_0033_000017",
            "annotations": [
                {
                    "word": "\\\\corp-server\\internal\\design\\pack_v4.dwg",
                    "start": 31,
                    "end": 72,
                    "label": "기밀정보"
                }
            ]
        },
        {
            "sentence": "추적성 QR 코드는 traceability_qr_code: GS1:0123456789012로 생성되었으며 GTIN 및 SKU 매핑 정보를 포함합니다.",
            "id": "sample_075_0033_000018",
            "annotations": []
        },
        {
            "sentence": "체계적 원산지 증빙은 chain_of_custody_documents: CoC-2023-09_signed.pdf(디지털 서명 포함)로 전자보관되어 있습니다.",
            "id": "sample_075_0033_000019",
            "annotations": []
        },
        {
            "sentence": "폐기 경로별 지침은 소비자용: 재활용(분리배출, RIC 1), 산업용: 기계적 재활용 및 열회수 권장으로 구분하여 제공합니다.",
            "id": "sample_075_0033_000020",
            "annotations": []
        },
        {
            "sentence": "EPR 요율 예시는 EPR_fee_region: 대한민국(서울특별시) 기준 0.12 USD/kg이며 지역별 상이성을 계약서에 명시합니다.",
            "id": "sample_075_0033_000021",
            "annotations": []
        },
        {
            "sentence": "단가 및 재고는 cost_per_unit_USD: 0.045 USD/unit, inventory_quantity_units: 150000 units(창고 재고 기록 기준)로 ERP에 연동됩니다.",
            "id": "sample_075_0033_000022",
            "annotations": []
        },
        {
            "sentence": "공급망·원재료 가용성은 공급업체의 월별 제공량과 연동되며 예측은 ERP과 매핑된 SKU: SKU-075-01을 사용합니다.",
            "id": "sample_075_0033_000023",
            "annotations": []
        },
        {
            "sentence": "규제·인증 문서는 스캔본으로 저장하며 예: FSC: needs_verification, PEFC: unknown, OK Compost: not_applicable로 표기합니다.",
            "id": "sample_075_0033_000024",
            "annotations": []
        },
        {
            "sentence": "환경 주장 검증 여부는 sustainability_claims_validated: false로 표기하며 검증을 거친 경우에만 소비자용 라벨에 지속가능성 문구를 사용합니다.",
            "id": "sample_075_0033_000025",
            "annotations": []
        },
        {
            "sentence": "회계·결재 자료는 내부 문서로 분류되며 예시 계좌번호: 123-456-789012는 접근 제어 대상으로 기재되어 있습니다.",
            "id": "sample_075_0033_000026",
            "annotations": [
                {
                    "word": "계좌번호: 123-456-789012",
                    "start": 25,
                    "end": 45,
                    "label": "기밀정보"
                }
            ]
        },
        {
            "sentence": "시스템 보안 정보는 기밀로 분류되며 내부 서버 IP 예시 10.0.0.12 및 파일 경로는 보안 분류상 비공개입니다.",
            "id": "sample_075_0033_000027",
            "annotations": [
                {
                    "word": "10.0.0.12",
                    "start": 32,
                    "end": 41,
                    "label": "기밀정보"
                }
            ]
        },
        {
            "sentence": "품질 정책 및 내부 승인자는 문서화되어 있으며 승인자: 나상빈(직책: 품질이사)이 최종 검토를 수행했습니다.",
            "id": "sample_075_0033_000028",
            "annotations": [
                {
                    "word": "나상빈",
                    "start": 31,
                    "end": 34,
                    "label": "개인정보"
                }
            ]
        },
        {
            "sentence": "유효기간 및 분해 추정치는 expiry_or_degradation_estimate: 실사용 환경에서 약 3년(비분해성)으로 표기하였고 지역별 처리조건에 따라 다를 수 있습니다.",
            "id": "sample_075_0033_000029",
            "annotations": []
        },
        {
            "sentence": "액션 아이템으로는 시험결과 스캔파일 업로드, 인증서 갱신 필요 여부 확인, 소비자용 라벨 디자인 CAD 업데이트를 담당자와 협의하는 사항을 명시합니다.",
            "id": "sample_075_0033_000030",
            "annotations": []
        }
    ]
}