{
    "document_id": "075_0001",
    "document_title": "지속 가능한 포장 소재 기술사양서 및 시험보고서 (075_0001)",
    "data": [
        {
            "sentence": "문서 개요: 본 문서는 지속 가능한 포장 및 소재 관련 기술 사양, 시험보고서 및 추적성 자료를 통합한 공식 파일입니다.",
            "id": "sample_075_0001_000001",
            "annotations": []
        },
        {
            "sentence": "적용 범위: 본 문서는 국내외 식품 접촉 포장재 설계, 시험, 인증, 물질 조성, LCA 산출 및 회수 경로를 포함합니다.",
            "id": "sample_075_0001_000002",
            "annotations": []
        },
        {
            "sentence": "물질 식별: material_id=MAT-075-0001, material_name=Post-Consumer rPET Blend, supplier_name=에코패키징코리아, supplier_id=SUP-075-100.",
            "id": "sample_075_0001_000003",
            "annotations": [
                {
                    "word": "에코패키징코리아",
                    "start": 87,
                    "end": 95,
                    "label": "준식별자"
                }
            ]
        },
        {
            "sentence": "조성: PET:70%, rPET:30% (중량비), average_unit_weight_g=12.5 g, 단위 정밀도 ±0.1 g로 ERP 매핑 가능합니다.",
            "id": "sample_075_0001_000004",
            "annotations": []
        },
        {
            "sentence": "치수: dimensions_mm=포장 외형 150 mm × 100 mm × 20 mm, 재단오차 허용범위 ±0.5 mm, CAD 및 dieline 참조.",
            "id": "sample_075_0001_000005",
            "annotations": []
        },
        {
            "sentence": "기계적 특성: 인장강도 tensile_strength_MPa=55.2 MPa, 신율 elongation_%=120 %, 시험 조건 및 평균은 아래 시험보고서 참조.",
            "id": "sample_075_0001_000006",
            "annotations": []
        },
        {
            "sentence": "차단성: 산소투과성 OTR=2.8 cc/m2·day (23 °C, 0% RH), 수분투과율 WVTR=3.4 g/m2·day (38 °C, 90 % RH)으로 표준화된 조건에서 측정.",
            "id": "sample_075_0001_000007",
            "annotations": []
        },
        {
            "sentence": "재활용성 코드: Resin Identification Code RIC=1 (PET)으로 표기하며, 지역별 분리배출 규격 차이는 별도 표에 명시합니다.",
            "id": "sample_075_0001_000008",
            "annotations": []
        },
        {
            "sentence": "퇴비화 준수 항목: EN 13432 준수 여부는 needs_verification로 표기하며, 추가 산업규격 시험이 필요합니다.",
            "id": "sample_075_0001_000009",
            "annotations": []
        },
        {
            "sentence": "식품접촉 적합성: FDA: unknown, EU(EC) 규정: needs_verification, K-Food contact(국내 규격): needs_verification로 관리합니다.",
            "id": "sample_075_0001_000010",
            "annotations": []
        },
        {
            "sentence": "LCA 요약: LCA_global_warming_potential_kgCO2e_per_kg=1.15 kgCO2e/kg, life_cycle_assessment_method=ISO 14044 기반 및 PCR-075-2024 참조, 범위 Scope 1/2/3 포함.",
            "id": "sample_075_0001_000011",
            "annotations": []
        },
        {
            "sentence": "시험보고서: report_id=KPT-2024-1105-045, date=2024-11-05, lab=한국포장시험연구원, method=ISO 1133, result_summary=용융지수 MFR 23.4 g/10min.",
            "id": "sample_075_0001_000012",
            "annotations": [
                {
                    "word": "2024",
                    "start": 21,
                    "end": 25,
                    "label": "준식별자"
                },
                {
                    "word": "2024",
                    "start": 41,
                    "end": 45,
                    "label": "준식별자"
                },
                {
                    "word": "11",
                    "start": 26,
                    "end": 28,
                    "label": "준식별자"
                },
                {
                    "word": "11",
                    "start": 46,
                    "end": 48,
                    "label": "준식별자"
                },
                {
                    "word": "11",
                    "start": 79,
                    "end": 81,
                    "label": "준식별자"
                },
                {
                    "word": "05",
                    "start": 28,
                    "end": 30,
                    "label": "준식별자"
                },
                {
                    "word": "05",
                    "start": 49,
                    "end": 51,
                    "label": "준식별자"
                }
            ]
        },
        {
            "sentence": "인증서 목록: FSC(문서 참조, 발행일 2023-09-12, 만료일 2026-09-11), OK Compost(문서 스캔 연결, 발행일 2024-04-01, 만료일 2027-03-31).",
            "id": "sample_075_0001_000013",
            "annotations": []
        },
        {
            "sentence": "SDS 참조: SDS_reference=SDS-075-0001.pdf, hazardous_substances_list=Bisphenol A 0.12 mg/kg, DEHP 미검출(검출한계 0.01 mg/kg).",
            "id": "sample_075_0001_000014",
            "annotations": []
        },
        {
            "sentence": "배치 정보: batch_number=LOT-20241105-A3, production_date=2024-11-05, 제조공정 라인 코드=line-C3로 LOT 단위 추적 가능합니다.",
            "id": "sample_075_0001_000015",
            "annotations": [
                {
                    "word": "2024",
                    "start": 24,
                    "end": 28,
                    "label": "준식별자"
                },
                {
                    "word": "2024",
                    "start": 53,
                    "end": 57,
                    "label": "준식별자"
                },
                {
                    "word": "11",
                    "start": 28,
                    "end": 30,
                    "label": "준식별자"
                },
                {
                    "word": "11",
                    "start": 58,
                    "end": 60,
                    "label": "준식별자"
                },
                {
                    "word": "05",
                    "start": 30,
                    "end": 32,
                    "label": "준식별자"
                },
                {
                    "word": "05",
                    "start": 61,
                    "end": 63,
                    "label": "준식별자"
                }
            ]
        },
        {
            "sentence": "유통기한 및 분해 추정: expiry_or_degradation_estimate=2026-11-05 (예상 퇴비화 기간 약 24개월), 상태는 needs_verification로 표기됩니다.",
            "id": "sample_075_0001_000016",
            "annotations": [
                {
                    "word": "2026",
                    "start": 45,
                    "end": 49,
                    "label": "준식별자"
                },
                {
                    "word": "11",
                    "start": 50,
                    "end": 52,
                    "label": "준식별자"
                },
                {
                    "word": "05",
                    "start": 53,
                    "end": 55,
                    "label": "준식별자"
                }
            ]
        },
        {
            "sentence": "CAD 파일: CAD_file_reference=\\\\corpserver\\CAD\\075_0001\\rev2.dwg (내부 파일 경로, 접근제어 대상 및 문서 연결 필요).",
            "id": "sample_075_0001_000017",
            "annotations": [
                {
                    "word": "\\\\corpserver\\CAD\\075_0001\\rev2.dwg",
                    "start": 27,
                    "end": 61,
                    "label": "기밀정보"
                }
            ]
        },
        {
            "sentence": "추적성 태그: traceability_qr_code=urn:epc:id:sgtin:075.0001.0000001, 바코드 및 QR은 배치 및 SKU 레벨로 연동되어 PLM에 매핑됩니다.",
            "id": "sample_075_0001_000018",
            "annotations": []
        },
        {
            "sentence": "담당자 정보: 담당자=방정훈, 직책=품질관리팀장, 사번: 20231234, 소속 회사=에코패키징코리아, 연락처는 내부 DB 참조.",
            "id": "sample_075_0001_000019",
            "annotations": [
                {
                    "word": "방정훈",
                    "start": 12,
                    "end": 15,
                    "label": "개인정보"
                },
                {
                    "word": "사번: 20231234",
                    "start": 28,
                    "end": 40,
                    "label": "개인정보"
                },
                {
                    "word": "품질관리팀장",
                    "start": 20,
                    "end": 26,
                    "label": "준식별자"
                },
                {
                    "word": "에코패키징코리아",
                    "start": 48,
                    "end": 56,
                    "label": "준식별자"
                }
            ]
        },
        {
            "sentence": "공급계약 및 원산지 정보: country_of_origin=Republic of Korea, 계약번호 SUP-CON-075-2024에 계약서 스캔본이 연결되어야 합니다.",
            "id": "sample_075_0001_000020",
            "annotations": []
        },
        {
            "sentence": "공장 소재지: 경기도 성남시 분당구, 생산설비 ID=PLT-09, 로트별 생산량 및 원료 공급처 연동으로 추적 가능합니다.",
            "id": "sample_075_0001_000021",
            "annotations": [
                {
                    "word": "성남시",
                    "start": 12,
                    "end": 15,
                    "label": "준식별자"
                },
                {
                    "word": "분당구",
                    "start": 16,
                    "end": 19,
                    "label": "준식별자"
                }
            ]
        },
        {
            "sentence": "EPR 및 지역 규정: EPR_fee_region=대한민국(지역별 세율 상이), 관련 규정 문서는 지역별 표준과 대조하여 업데이트해야 합니다.",
            "id": "sample_075_0001_000022",
            "annotations": []
        },
        {
            "sentence": "원가 및 재고: cost_per_unit_USD=0.043 USD/unit, inventory_quantity_units=125000 units, 재고 위치 WARE-09와 ERP 연동되어 있습니다.",
            "id": "sample_075_0001_000023",
            "annotations": []
        },
        {
            "sentence": "재활용 지침(소비자용): 플라스틱 분리배출은 RIC 1로 표기하고, 라벨에 '플라스틱(PET) 배출' 문구와 분리배출 아이콘을 삽입합니다.",
            "id": "sample_075_0001_000024",
            "annotations": []
        },
        {
            "sentence": "소유권 및 문서 보관: chain_of_custody_documents=/srv/docs/coc/075_0001_CoC.pdf (내부 파일 시스템, 접근 권한 필요 및 로그 기록 필수).",
            "id": "sample_075_0001_000025",
            "annotations": [
                {
                    "word": "/srv/docs/coc/075_0001_CoC.pdf",
                    "start": 40,
                    "end": 70,
                    "label": "기밀정보"
                }
            ]
        },
        {
            "sentence": "지속가능성 주장 검증 상태: sustainability_claims_validated=false이며, 검증을 위한 추가 시험과 문서화가 요구됩니다.",
            "id": "sample_075_0001_000026",
            "annotations": []
        },
        {
            "sentence": "검증 책임자 및 일정: 검증 책임자=주수진이 검증 절차를 관리하며, 검증 완료 시 보고서와 메타데이터를 버전관리 시스템에 업로드합니다.",
            "id": "sample_075_0001_000027",
            "annotations": [
                {
                    "word": "주수진",
                    "start": 20,
                    "end": 23,
                    "label": "개인정보"
                }
            ]
        },
        {
            "sentence": "요약 및 조치 요청: 본 문서는 ERP/PLM 매핑용 SKU, GTIN 및 internal_part_number 정보를 포함하며 다음 단계는 시험추적 및 인증 스캔본 업로드입니다.",
            "id": "sample_075_0001_000028",
            "annotations": []
        }
    ]
}