{
    "document_id": "075_0095",
    "document_title": "지속가능 포장소재 배치 시험 및 인증 보고서",
    "data": [
        {
            "sentence": "본 문서는 지속 가능한 포장 및 소재 도메인에서 생산된 단일 배치의 물성·시험·인증 및 추적성 정보를 종합적으로 기록한 배치 보고서입니다.",
            "id": "sample_075_0095_000001",
            "annotations": []
        },
        {
            "sentence": "목적은 제품의 재료구성, 시험결과, LCA 수치, 규제 준수 상태 및 소비자·재활용 지침을 배치 단위로 투명하게 제공하는 것입니다.",
            "id": "sample_075_0095_000002",
            "annotations": []
        },
        {
            "sentence": "material_id는 MAT-PL-075-0095로 식별되며 material_name은 'rPET 강화 멀티레이어 필름'으로 정의합니다.",
            "id": "sample_075_0095_000003",
            "annotations": []
        },
        {
            "sentence": "공급업체 정보: supplier_id SUP-0456, supplier_name 에코패키지 주식회사, 본사 소재지: 서울특별시, country_of_origin: 대한민국.",
            "id": "sample_075_0095_000004",
            "annotations": [
                {
                    "word": "서울특별시",
                    "start": 65,
                    "end": 70,
                    "label": "준식별자"
                },
                {
                    "word": "대한민국",
                    "start": 91,
                    "end": 95,
                    "label": "준식별자"
                }
            ]
        },
        {
            "sentence": "composition_percentages는 PET 70%, rPET 30%로 표기하며 각 성분의 중량 비율은 배치 분석 결과를 기준으로 합니다.",
            "id": "sample_075_0095_000005",
            "annotations": []
        },
        {
            "sentence": "average_unit_weight_g는 필름 롤 기준 1,250 g/롤로 측정되었고 측정 오차범위는 ±2 g입니다.",
            "id": "sample_075_0095_000006",
            "annotations": []
        },
        {
            "sentence": "dimensions_mm는 폭 500 mm, 두께 35 µm로 기술하고 치수는 ISO 527-1에 따른 측정 기준을 따릅니다.",
            "id": "sample_075_0095_000007",
            "annotations": []
        },
        {
            "sentence": "mechanical_properties는 인장강도(tensile_strength_MPa) 48 MPa, 신장률(elongation_%) 120%로 표기하며 평균값과 표준편차를 함께 기록합니다.",
            "id": "sample_075_0095_000008",
            "annotations": []
        },
        {
            "sentence": "barrier_properties는 OTR 2.5 cc/m2·day (ASTM D3985), WVTR 3.2 g/m2·day (ASTM F1249)로 시험하였습니다.",
            "id": "sample_075_0095_000009",
            "annotations": []
        },
        {
            "sentence": "배치 식별: batch_number BATCH-20250315-A1, 생산일자: 2025-03-15, 추적가능성 태그: QR-075-0095-A1이 각 제품에 부착됩니다.",
            "id": "sample_075_0095_000010",
            "annotations": [
                {
                    "word": "2025-03-15",
                    "start": 45,
                    "end": 55,
                    "label": "준식별자"
                }
            ]
        },
        {
            "sentence": "traceability_qr_code는 QR-075-0095-A1로 ERP/PLM 매핑 시 GTIN 및 internal_part_number와 연계되어 조회 가능합니다.",
            "id": "sample_075_0095_000011",
            "annotations": []
        },
        {
            "sentence": "LCA_global_warming_potential_kgCO2e_per_kg는 1.85 kgCO2e/kg으로 계산되었고 life_cycle_assessment_method는 ISO 14044에 따라 수행했습니다.",
            "id": "sample_075_0095_000012",
            "annotations": []
        },
        {
            "sentence": "추가 LCA 전제는 Packaging PCR v1.2 적용, 시스템경계는 cradle-to-gate 기반이며 Scope 1, 2 및 주요 Scope 3 배출원을 포함했습니다.",
            "id": "sample_075_0095_000013",
            "annotations": []
        },
        {
            "sentence": "시험보고서: 인장시험은 ASTM D882 방법으로 한국화학융합시험연구원(KTR)에서 수행하였고 report_id KTR-2024-0457, 발행일 2024-11-12에 결과를 제출했습니다.",
            "id": "sample_075_0095_000014",
            "annotations": []
        },
        {
            "sentence": "산소투과시험은 ASTM D3985 방법으로 같은 시험기관이 수행하였고 report_id KTR-2024-0458, 발행일 2024-11-14로 OTR 결과가 보고되었습니다.",
            "id": "sample_075_0095_000015",
            "annotations": []
        },
        {
            "sentence": "식품접촉 적합성은 EU 10/2011 규정에 대해 needs_verification, FDA 규정은 unknown로 표기하며 추가 시험 및 문서가 필요합니다.",
            "id": "sample_075_0095_000016",
            "annotations": []
        },
        {
            "sentence": "인증서 개요: OK Compost Industrial 관련 문서가 제출되었으나 디지털 스캔본의 정합성은 needs_verification로 표기합니다.",
            "id": "sample_075_0095_000017",
            "annotations": []
        },
        {
            "sentence": "SDS_reference: SDS 문서 ID SDS_075_0095_v1.pdf는 중앙문서저장소에 보관되어 있으며 접근 권한 로그를 통해 열람 이력이 추적됩니다.",
            "id": "sample_075_0095_000018",
            "annotations": []
        },
        {
            "sentence": "hazardous_substances_list에는 REACH SVHC 중 DEHP가 검출되었으며 검출량은 <100 ppm으로 시험보고서에 상세값을 기재합니다.",
            "id": "sample_075_0095_000019",
            "annotations": []
        },
        {
            "sentence": "ERP/PLM 매핑 항목: internal_part_number INT-PL-000123, SKU SKU-075-0095, GTIN 0080750095001로 시스템 간 연계 식별자를 제공합니다.",
            "id": "sample_075_0095_000020",
            "annotations": [
                {
                    "word": "INT-PL-000123",
                    "start": 36,
                    "end": 49,
                    "label": "기밀정보"
                }
            ]
        },
        {
            "sentence": "cost_per_unit_USD는 0.85 USD/unit으로 계산되었고 inventory_quantity_units은 현재 12,450 롤로 재고 시스템에 반영되어 있습니다.",
            "id": "sample_075_0095_000021",
            "annotations": []
        },
        {
            "sentence": "chain_of_custody_documents는 intranet://coc/075/0095.pdf에 디지털 스캔본이 저장되어 있으며 서명 해시는 SHA256: abcd1234...로 기록됩니다.",
            "id": "sample_075_0095_000022",
            "annotations": [
                {
                    "word": "intranet://coc/075/0095.pdf",
                    "start": 28,
                    "end": 55,
                    "label": "기밀정보"
                }
            ]
        },
        {
            "sentence": "recyclability_code는 Resin Identification Code RIC 1 (PET)으로 표기하고 EN13432 준수 여부는 false로 명시합니다.",
            "id": "sample_075_0095_000023",
            "annotations": []
        },
        {
            "sentence": "폐기 및 회수 경로는 분리배출 후 재활용, 소각 및 매립 옵션을 병기하며 지역별 EPR 요율은 EPR_fee_region KR-서울 기준 0.012 USD/kg으로 적용합니다.",
            "id": "sample_075_0095_000024",
            "annotations": []
        },
        {
            "sentence": "expiry_or_degradation_estimate는 보관 조건 20°C 기준 제조일로부터 24개월로 산정하며 보관 온도 변화에 따라 조정이 필요합니다.",
            "id": "sample_075_0095_000025",
            "annotations": []
        },
        {
            "sentence": "CAD_file_reference는 PLM 경로 /plm/CAD/075_0095.dxf 및 dieline 파일이 연결되어 있으며 버전관리를 통해 수정이력 추적이 가능합니다.",
            "id": "sample_075_0095_000026",
            "annotations": []
        },
        {
            "sentence": "품질담당자 연락처: 품질담당자 성성운, 직급 선임엔지니어, 내부연락처는 접근 제어 대상으로 needs_verification로 표기합니다.",
            "id": "sample_075_0095_000027",
            "annotations": [
                {
                    "word": "성성운",
                    "start": 17,
                    "end": 20,
                    "label": "개인정보"
                }
            ]
        },
        {
            "sentence": "결론 및 조치사항: 제출된 시험보고서·LCA·추적문서를 검증 후 제품 라벨링 및 고객용 지속가능성 선언문을 확정하며 검증 완료 전까지 소비자 주장 사용을 금지합니다.",
            "id": "sample_075_0095_000028",
            "annotations": []
        }
    ]
}