{
    "document_id": "075_0030",
    "document_title": "GreenPET Barrier 파우치 제품 사양 및 규제·시험 보고서",
    "data": [
        {
            "sentence": "문서 개요: 본 문서는 지속 가능한 포장 및 소재 분야의 제품 사양과 시험·인증·추적성 정보를 배치 단위로 기록합니다.",
            "id": "sample_075_0030_000001",
            "annotations": []
        },
        {
            "sentence": "본 파일은 포장재의 투명성·추적성 확보를 위해 material_id, 배치정보, 시험결과, 인증서 및 CAD 파일 참조를 포함합니다.",
            "id": "sample_075_0030_000002",
            "annotations": []
        },
        {
            "sentence": "material_id는 MAT-2026-0001이며, ERP/PLM 매핑을 위한 SKU는 SKU-075-3001, GTIN은 00812345678905로 표기되어 있습니다.",
            "id": "sample_075_0030_000003",
            "annotations": []
        },
        {
            "sentence": "material_name은 'GreenPET Barrier Pouch 120x80x35'이며, supplier_id는 SID-4509, supplier_name은 GreenPack Co., Ltd.로 기록됩니다.",
            "id": "sample_075_0030_000004",
            "annotations": []
        },
        {
            "sentence": "country_of_origin은 대한민국이며, composition_percentages는 PET 70.0%와 rPET 30.0%로 상세 구성비가 명시되어 있습니다.",
            "id": "sample_075_0030_000005",
            "annotations": []
        },
        {
            "sentence": "평균 단위 중량(average_unit_weight_g)은 12.5 g이며, 외형 치수(dimensions_mm)는 120 mm × 80 mm × 35 mm로 설계되었습니다.",
            "id": "sample_075_0030_000006",
            "annotations": []
        },
        {
            "sentence": "기계적 물성(mechanical_properties)은 인장강도(tensile_strength_MPa) 45 MPa 및 신장율(elongation_pct) 50%로 보고되었으며, 시험방법은 ASTM D882입니다.",
            "id": "sample_075_0030_000007",
            "annotations": []
        },
        {
            "sentence": "장벽 특성(barrier_properties)은 산소투과율(OTR) 5.0 cc/m2·day(ISO 15105-2), 수증기투과율(WVTR) 2.1 g/m2·day(ASTM F1249)로 측정되었습니다.",
            "id": "sample_075_0030_000008",
            "annotations": []
        },
        {
            "sentence": "재활용성 코드(recyclability_code)는 RIC 1(PET)로 표기되며, EN13432 등 퇴비화 기준에 따른 biodegradability_standard_compliance는 false로 명시되어 있습니다.",
            "id": "sample_075_0030_000009",
            "annotations": []
        },
        {
            "sentence": "식품접촉 적합성(food_contact_compliance)은 EU 10/2011 및 FDA 21 CFR Part 175에 대해 내부 검토 중이며, 현재 상태는 needs_verification으로 기록됩니다.",
            "id": "sample_075_300_000010",
            "annotations": []
        },
        {
            "sentence": "LCA 결과는 global_warming_potential 2.45 kgCO2e/kg으로 보고되며, 사용된 방법론은 PCR v1.0 및 ISO 14044, 범위는 Scope 1/2/3 포함으로 계산되었습니다.",
            "id": "sample_075_0030_000011",
            "annotations": []
        },
        {
            "sentence": "시험보고서: report_id TR-2025-0897, 발행일 2025-02-15, 기관 KOTITI 시험연구원, 방법 ASTM D882 및 ISO 527, 결과 요약: 인장강도 평균 45 MPa, 신장율 평균 50%.",
            "id": "sample_075_0030_000012",
            "annotations": []
        },
        {
            "sentence": "화학시험 보고서: report_id CH-2025-0112, 발행일 2025-02-20, 기관 한국화학시험연구원, 방법 EN 14338, 결과 요약: Bisphenol A 검출량 <0.05 mg/kg로 보고되었습니다.",
            "id": "sample_075_0030_000013",
            "annotations": []
        },
        {
            "sentence": "SDS_reference는 SDS_ID SDS-GP-2025-01이며, 저장위치는 s3://corp-docs/sds/SDS-GP-2025-01.pdf로 명시되었습니다.",
            "id": "sample_075_0030_000014",
            "annotations": []
        },
        {
            "sentence": "배치 정보(batch_number)는 LOT-20250123-A이며, production_date는 2025-01-23, 권장 보관기한(shelf_life)은 60 months로 표기되어 있습니다.",
            "id": "sample_075_0030_000015",
            "annotations": []
        },
        {
            "sentence": "CAD_file_reference는 CAD/GreenPET_Pouch_120x80x35_v2.dwg이며, 저장경로는 s3://corp-designs/CAD/GreenPET_Pouch_120x80x35_v2.dwg로 기록됩니다.",
            "id": "sample_075_0030_000016",
            "annotations": []
        },
        {
            "sentence": "재활용 지침은 RIC 1 기반으로 대한민국 지역 분리배출 규정에 따르고, 소각 또는 퇴비화 경로는 적용되지 않음으로 표기되어 있습니다.",
            "id": "sample_075_0030_000017",
            "annotations": []
        },
        {
            "sentence": "EPR_fee_region: 대한민국 기준 0.05 USD/pcs(표기: needs_verification), cost_per_unit_USD는 0.032 USD, inventory_quantity_units는 120000 units입니다.",
            "id": "sample_075_0030_000018",
            "annotations": []
        },
        {
            "sentence": "추적성 정보: GTIN 00812345678905, traceability_qr_code 링크 https://trace.example.com/trace/MAT-2026-0001/LOT-20250123-A 및 chain_of_custody_documents 경로가 포함됩니다.",
            "id": "sample_075_0030_000019",
            "annotations": []
        },
        {
            "sentence": "sustainability_claims_validated는 false로 기록되어 있으며, 외부 공개 전 제3자 검증 절차가 필요함을 명시합니다.",
            "id": "sample_075_0030_000020",
            "annotations": []
        },
        {
            "sentence": "인증서 목록(certifications): FSC 문서 참조 cert_FSC_2025_signed.pdf(발행일 2025-03-10, 만료 2028-03-09), 문서 보관 위치는 s3://corp-certificates/입니다.",
            "id": "sample_075_0030_000021",
            "annotations": []
        },
        {
            "sentence": "품질담당자 연락처: 담당자 임경민, 사번 2025-019, 연락처 010-9876-5432, 이메일 kim.contact@example.com, 근무지 주소 서울특별시 강서구 화곡동 123-45 A동 101호로 기록됩니다.",
            "id": "sample_075_0030_000022",
            "annotations": [
                {
                    "word": "임경민",
                    "start": 15,
                    "end": 18,
                    "label": "개인정보"
                },
                {
                    "word": "2025-019",
                    "start": 23,
                    "end": 31,
                    "label": "개인정보"
                },
                {
                    "word": "010-9876-5432",
                    "start": 37,
                    "end": 50,
                    "label": "개인정보"
                },
                {
                    "word": "kim.contact@example.com",
                    "start": 56,
                    "end": 79,
                    "label": "개인정보"
                },
                {
                    "word": "서울특별시 강서구 화곡동 123-45 A동 101호",
                    "start": 88,
                    "end": 116,
                    "label": "개인정보"
                },
                {
                    "word": "서울특별시",
                    "start": 88,
                    "end": 93,
                    "label": "준식별자"
                },
                {
                    "word": "강서구",
                    "start": 94,
                    "end": 97,
                    "label": "준식별자"
                },
                {
                    "word": "화곡동",
                    "start": 98,
                    "end": 101,
                    "label": "준식별자"
                }
            ]
        },
        {
            "sentence": "참고 기록(개인정보 준식별자): 생년월일 1985-08-15가 내부 인사 데이터로 참조되어 있습니다.",
            "id": "sample_075_0030_000023",
            "annotations": [
                {
                    "word": "1985-08-15",
                    "start": 23,
                    "end": 33,
                    "label": "준식별자"
                },
                {
                    "word": "1985",
                    "start": 23,
                    "end": 27,
                    "label": "준식별자"
                },
                {
                    "word": "08",
                    "start": 28,
                    "end": 30,
                    "label": "준식별자"
                },
                {
                    "word": "15",
                    "start": 31,
                    "end": 33,
                    "label": "준식별자"
                }
            ]
        },
        {
            "sentence": "내부 기밀 문서 경로는 s3://corp-internal/erp/MAT-2026-0001/specs.dwg 및 내부 URL https://intranet.company.local/docs/trace/MAT-2026-0001로 보관되어 접근 권한이 제한됩니다.",
            "id": "sample_075_0030_000024",
            "annotations": [
                {
                    "word": "s3://corp-internal/erp/MAT-2026-0001/specs.dwg",
                    "start": 13,
                    "end": 59,
                    "label": "기밀정보"
                },
                {
                    "word": "https://intranet.company.local/docs/trace/MAT-2026-0001",
                    "start": 69,
                    "end": 124,
                    "label": "기밀정보"
                }
            ]
        },
        {
            "sentence": "내부 결제 연동용 계좌정보(기밀): 계좌번호 110-223-3344(기업은행)로 내부기록에 포함되어 있으며 외부 공개 금지입니다.",
            "id": "sample_075_0030_000025",
            "annotations": [
                {
                    "word": "110-223-3344",
                    "start": 25,
                    "end": 37,
                    "label": "기밀정보"
                }
            ]
        },
        {
            "sentence": "ERP 연동 및 내부 매핑: internal_part_number IPN-075-3001, 내부 파일경로 \\erpserver\\items\\MAT-2026-0001\\specs.xlsx는 기밀로 분류됩니다.",
            "id": "sample_075_0030_000026",
            "annotations": []
        },
        {
            "sentence": "시험보고서, 인증서, 규제문서는 스캔본 또는 디지털 서명본으로 보관되며 각 문서에는 발행일과 유효기간을 메타데이터로 포함합니다.",
            "id": "sample_075_0030_000027",
            "annotations": []
        },
        {
            "sentence": "결론 및 조치: 외부 공개 시 개인정보는 비식별화, 기밀문서는 접근 제어 적용, 미검증 지속가능성 주장은 needs_verification 표기 및 배치별 추적성 검증을 권고합니다.",
            "id": "sample_075_0030_000028",
            "annotations": []
        }
    ]
}