{
    "document_id": "075_0056",
    "document_title": "rPET 복합필름(자동포장용) 규격·시험·추적성 통합 문서",
    "data": [
        {
            "sentence": "본 문서는 지속 가능한 포장 소재 'rPET 복합필름'의 제품 규격과 시험보고서, 인증 및 배치 추적 정보를 통합 제공하는 기술 문서입니다.",
            "id": "sample_075_0056_000001",
            "annotations": []
        },
        {
            "sentence": "문서는 제조·품질·환경·규제 준수 관점에서 ERP/PLM 연계가 가능한 식별자와 증빙 링크를 포함하여 구성되어 있습니다.",
            "id": "sample_075_0056_000002",
            "annotations": []
        },
        {
            "sentence": "material_id는 MAT-075-0056이며 material_name은 'rPET Barrier Composite Film 70/30'로 정의되어 있습니다.",
            "id": "sample_075_0056_000003",
            "annotations": []
        },
        {
            "sentence": "supplier_id는 SUP-0098이며 supplier_name은 그린패키징(주), country_of_origin은 대한민국이고 본사 주소는 서울특별시 강남구 테헤란로 123로 등록되어 있습니다.",
            "id": "sample_075_0056_000004",
            "annotations": [
                {
                    "word": "서울특별시",
                    "start": 82,
                    "end": 87,
                    "label": "준식별자"
                },
                {
                    "word": "강남구",
                    "start": 88,
                    "end": 91,
                    "label": "준식별자"
                },
                {
                    "word": "테헤란로 123",
                    "start": 92,
                    "end": 100,
                    "label": "개인정보"
                },
                {
                    "word": "그린패키징(주)",
                    "start": 39,
                    "end": 47,
                    "label": "준식별자"
                }
            ]
        },
        {
            "sentence": "공급사 담당자 정보: 담당자명 김지오, 연락처 +82-2-3456-7890, 이메일 kjo@supplier.co.kr이며 납품·COC 협의 창구로 표기합니다.",
            "id": "sample_075_0056_000005",
            "annotations": [
                {
                    "word": "김지오",
                    "start": 17,
                    "end": 20,
                    "label": "개인정보"
                },
                {
                    "word": "+82-2-3456-7890",
                    "start": 26,
                    "end": 41,
                    "label": "개인정보"
                },
                {
                    "word": "kjo@supplier.co.kr",
                    "start": 47,
                    "end": 65,
                    "label": "개인정보"
                }
            ]
        },
        {
            "sentence": "제조업체 내부 연락처: 담당자 허지후, 사번 HJH-2024-01, 소속 PackIng Solutions Co., 연락처 +82-10-1234-5678, 이메일 hjh@packingsol.kr로 기록되어 있습니다.",
            "id": "sample_075_0056_000006",
            "annotations": [
                {
                    "word": "허지후",
                    "start": 17,
                    "end": 20,
                    "label": "개인정보"
                },
                {
                    "word": "HJH-2024-01",
                    "start": 25,
                    "end": 36,
                    "label": "개인정보"
                },
                {
                    "word": "hjh@packingsol.kr",
                    "start": 90,
                    "end": 107,
                    "label": "개인정보"
                },
                {
                    "word": "+82-10-1234-5678",
                    "start": 68,
                    "end": 84,
                    "label": "개인정보"
                },
                {
                    "word": "PackIng Solutions Co.",
                    "start": 41,
                    "end": 62,
                    "label": "준식별자"
                }
            ]
        },
        {
            "sentence": "구성비(composition_percentages)는 PET 70% (virgin PET 40% / rPET 30%), EVOH 10%, 접착층 및 첨가제 20%로 명기합니다.",
            "id": "sample_075_0056_000007",
            "annotations": []
        },
        {
            "sentence": "average_unit_weight_g는 5.4 g per pouch 단위로 측정되었고, 단위 오차 허용범위는 ±0.1 g으로 규정되어 있습니다.",
            "id": "sample_075_0056_000008",
            "annotations": []
        },
        {
            "sentence": "dimensions_mm는 120 mm x 90 mm x 0.045 mm(길이 x 너비 x 총층두께)로 CAD 및 dieline 파일이 CAD_file_reference에 연결됩니다.",
            "id": "sample_075_0056_000009",
            "annotations": []
        },
        {
            "sentence": "mechanical_properties는 인장강도(tensile_strength_MPa) MD 60 MPa, TD 55 MPa이며 elongation은 MD 120% TD 150%로 시험 결과가 기록되었습니다.",
            "id": "sample_075_0056_000010",
            "annotations": []
        },
        {
            "sentence": "barrier_properties는 OTR 0.8 cc/m2·day(23°C, 0% RH 기준), WVTR 0.9 g/m2·day(38°C, 90% RH 기준)로 시험되었습니다.",
            "id": "sample_075_0056_000011",
            "annotations": []
        },
        {
            "sentence": "recyclability_code는 RIC 1(PET)로 표기하되, rPET 비율과 지역별 수거 환경 차이를 함께 명시합니다.",
            "id": "sample_075_0056_000012",
            "annotations": []
        },
        {
            "sentence": "biodegradability_standard_compliance는 EN13432:false로 기재하며, 본 제품은 산업용 퇴비화 기준을 충족하지 않습니다.",
            "id": "sample_075_0056_000013",
            "annotations": []
        },
        {
            "sentence": "food_contact_compliance는 EU Reg. 10/2011 및 FDA 21 CFR 파트 177 적용 대상의 적합성 검토가 필요하며 최종 적합성은 materials-by-article 검증 필요로 표기합니다.",
            "id": "sample_075_0056_000014",
            "annotations": []
        },
        {
            "sentence": "LCA_global_warming_potential_kgCO2e_per_kg는 2.45 kgCO2e/kg이며 life_cycle_assessment_method는 ISO 14044 기반 cradle-to-gate로 보고서에 명시했습니다.",
            "id": "sample_075_0056_000015",
            "annotations": []
        },
        {
            "sentence": "시험보고서(test_reports) 예: KTR 보고서 ID KTR-2024-0789, 발행일 2024-03-12, 기관 KTR, 방법 EN ISO 15105-1(OTR), 요약: OTR 0.8 cc/m2·day.",
            "id": "sample_075_0056_000016",
            "annotations": []
        },
        {
            "sentence": "추가 기계적 시험: SGS Korea 보고서 SGS-KR-2345, 발행일 2024-02-20, 방법 ASTM D882(필름 인장시험), 요약: MD 60 MPa, elongation 120%.",
            "id": "sample_075_0056_000017",
            "annotations": []
        },
        {
            "sentence": "certifications 항목: FSC(연결문서 포함, 발행일 2023-05-10, 만료일 2026-05-09), PEFC: needs_verification, OK Compost: 해당없음으로 기록합니다.",
            "id": "sample_075_0056_000018",
            "annotations": []
        },
        {
            "sentence": "SDS_reference는 SDS-MAT-075-0056-2024.pdf로 링크되며 hazardous_substances_list에는 REACH SVHC 후보물질 모니터링 항목이 포함됩니다.",
            "id": "sample_075_0056_000019",
            "annotations": []
        },
        {
            "sentence": "위해성 물질 예시: Bisphenol A 검출한계 미만, 잔류모노머 분석 결과 및 정량값은 시험보고서에 첨부되어 있습니다.",
            "id": "sample_075_0056_000020",
            "annotations": []
        },
        {
            "sentence": "batch_number는 LOT-2024-00056으로 표기되고 production_date는 2024-01-15이며, 각 배치는 ERP 매핑을 위한 고유 LOT 식별자를 갖습니다.",
            "id": "sample_075_0056_000021",
            "annotations": []
        },
        {
            "sentence": "expiry_or_degradation_estimate는 개별 포장의 권장 보관기간 12개월(상온, 직사광선 회피)로 계산되어 레이블에 명시됩니다.",
            "id": "sample_075_0056_000022",
            "annotations": []
        },
        {
            "sentence": "CAD_file_reference는 내부 CAD 라이브러리 경로로 연결되며 파일명 /internal/cad/075_0056.dxf 및 저장 서버 10.0.0.45에 보관되어 있습니다.",
            "id": "sample_075_0056_000023",
            "annotations": [
                {
                    "word": "/internal/cad/075_0056.dxf",
                    "start": 46,
                    "end": 72,
                    "label": "기밀정보"
                },
                {
                    "word": "10.0.0.45",
                    "start": 81,
                    "end": 90,
                    "label": "기밀정보"
                }
            ]
        },
        {
            "sentence": "recycling_instructions는 지역 수거 규격에 따라 분리배출 안내문을 포함하고 Resin Identification Code 및 지역별 회수 지침을 병기합니다.",
            "id": "sample_075_0056_000024",
            "annotations": []
        },
        {
            "sentence": "EPR_fee_region은 대한민국(서울특별시 기준) 적용 요율을 참조하되 상세 계산식 및 증빙은 지역 규정에 따릅니다.",
            "id": "sample_075_0056_000025",
            "annotations": []
        },
        {
            "sentence": "cost_per_unit_USD는 단가 0.045 USD/개(대량구매 조건 적용)로 기재되며 inventory_quantity_units는 SKU 단위 재고 수량과 연결됩니다.",
            "id": "sample_075_0056_000026",
            "annotations": []
        },
        {
            "sentence": "traceability_qr_code는 QR: https://trace.example.com/075/0056 형태로 배치별 추적 URL을 제공하며 QR 스캔 시 생산 정보가 조회됩니다.",
            "id": "sample_075_0056_000027",
            "annotations": []
        },
        {
            "sentence": "chain_of_custody_documents 원본은 내부 문서저장소에 /internal/chain_of_custody/075-0056.pdf로 보관되어 있으며 접근 제어 대상입니다.",
            "id": "sample_075_0056_000028",
            "annotations": [
                {
                    "word": "/internal/chain_of_custody/075-0056.pdf",
                    "start": 41,
                    "end": 80,
                    "label": "기밀정보"
                }
            ]
        },
        {
            "sentence": "sustainability_claims_validated 값은 false로 표기하고, 비공개 검증자료가 없는 항목은 needs_verification으로 명시합니다.",
            "id": "sample_075_0056_000029",
            "annotations": []
        },
        {
            "sentence": "재무 및 내부 연계 정보 예: 계좌번호 123-456-789012, 내부 ERP 경로 /erp/data/lot/075/0056을 통해 배치별 결제·정산과 연동합니다.",
            "id": "sample_075_0056_000030",
            "annotations": [
                {
                    "word": "123-456-789012",
                    "start": 22,
                    "end": 36,
                    "label": "기밀정보"
                },
                {
                    "word": "/erp/data/lot/075/0056",
                    "start": 48,
                    "end": 70,
                    "label": "기밀정보"
                }
            ]
        },
        {
            "sentence": "생산책임자 정보 예시: 송성문, 생년월일 1985-07-12, 성별 남성이며 배치별 책임자 확인용으로 내부 기록에 보존됩니다.",
            "id": "sample_075_0056_000031",
            "annotations": [
                {
                    "word": "송성문",
                    "start": 13,
                    "end": 16,
                    "label": "개인정보"
                },
                {
                    "word": "1985",
                    "start": 23,
                    "end": 27,
                    "label": "준식별자"
                },
                {
                    "word": "07",
                    "start": 28,
                    "end": 30,
                    "label": "준식별자"
                },
                {
                    "word": "12",
                    "start": 31,
                    "end": 33,
                    "label": "준식별자"
                },
                {
                    "word": "남성",
                    "start": 38,
                    "end": 40,
                    "label": "준식별자"
                }
            ]
        },
        {
            "sentence": "본 문서의 기술 데이터는 ERP/PLM 매핑용 SKU·GTIN·internal_part_number로 연동되며 증빙 파일(스캔본 또는 디지털 서명본)을 링크합니다.",
            "id": "sample_075_0056_000032",
            "annotations": []
        },
        {
            "sentence": "결론 및 조치 항목: 식품접촉 적합성 추가 시험, PEFC 인증 유효성 재확인, 그리고 소비자용 분리배출 라벨의 지역별 맞춤화가 권고됩니다.",
            "id": "sample_075_0056_000033",
            "annotations": []
        }
    ]
}