{
    "document_id": "075_0089",
    "document_title": "GreenPET 배치별 지속가능성·시험·추적성 기술문서",
    "data": [
        {
            "sentence": "본 문서는 지속 가능한 포장 소재의 배치별 기술·환경·규제 데이터를 통합 저장하기 위한 기술·검증용 파일입니다.",
            "id": "sample_075_0089_000001",
            "annotations": []
        },
        {
            "sentence": "대상 자재는 material_id MTL-2025-0001로 식별되는 폴리에스터 기반 복합필름입니다.",
            "id": "sample_075_0089_000002",
            "annotations": [
                {
                    "word": "MTL-2025-0001",
                    "start": 19,
                    "end": 32,
                    "label": "기밀정보"
                }
            ]
        },
        {
            "sentence": "material_name은 'GreenPET Barrier Film'으로 표기하며, supplier_id SUP-0456, supplier_name 'EcoPack Co., Ltd.'로 기록합니다.",
            "id": "sample_075_0089_000003",
            "annotations": [
                {
                    "word": "SUP-0456",
                    "start": 59,
                    "end": 67,
                    "label": "기밀정보"
                }
            ]
        },
        {
            "sentence": "country_of_origin은 대한민국, city는 서울특별시로 표기되어 있으며 원산지 수준의 추적이 가능합니다.",
            "id": "sample_075_0089_000004",
            "annotations": [
                {
                    "word": "서울특별시",
                    "start": 31,
                    "end": 36,
                    "label": "준식별자"
                }
            ]
        },
        {
            "sentence": "조성은 PET:70%, rPET:30%로 구성되어 있으며, 각 성분의 중량 비율은 배치 분석서와 연결되어 있습니다.",
            "id": "sample_075_0089_000005",
            "annotations": []
        },
        {
            "sentence": "average_unit_weight_g은 1,250 g per roll로 기재하며, 치수는 폭 1,200 mm, 길이 1,000 m로 표준화합니다.",
            "id": "sample_075_0089_000006",
            "annotations": []
        },
        {
            "sentence": "기계적 특성: 인장강도(tensile_strength) 55 MPa, 연신율(elongation) 120%로 ASTM D882에 따라 측정되었습니다.",
            "id": "sample_075_0089_000007",
            "annotations": []
        },
        {
            "sentence": "장벽성능: OTR는 2.5 cm3/m2·day·atm (ASTM D3985), WVTR는 3.4 g/m2·day (ASTM F1249)로 보고되었습니다.",
            "id": "sample_075_0089_000008",
            "annotations": []
        },
        {
            "sentence": "재활용성 분류: Resin Identification Code(RIC) 1(PET)으로 표기하고, 지역별 회수 가능성은 한국 기준과 EU 기준의 차이를 함께 기재합니다.",
            "id": "sample_075_0089_000009",
            "annotations": []
        },
        {
            "sentence": "퇴비화 적합성: EN 13432 준수 여부는 'false'로 표기하며, 상업적 퇴비화 불가로 명시합니다.",
            "id": "sample_075_0089_000010",
            "annotations": []
        },
        {
            "sentence": "식품접촉 적합성: FDA 21 CFR 177, EU Regulation No 10/2011 및 국내 KS 기준 검토 결과는 needs_verification으로 표시합니다.",
            "id": "sample_075_0089_000011",
            "annotations": []
        },
        {
            "sentence": "LCA 전 지구온난화수치(GWP)는 2.15 kgCO2e/kg로 보고되며, 사용한 방법론은 ISO 14044 및 GHG Protocol을 병기합니다.",
            "id": "sample_075_0089_000012",
            "annotations": []
        },
        {
            "sentence": "LCA 범위는 cradle-to-gate(원료 채굴부터 공장 출하)로 Scope 1·2 포함, Scope 3는 partial로 구분하여 보고합니다.",
            "id": "sample_075_0089_000013",
            "annotations": []
        },
        {
            "sentence": "시험보고서 예: report_id KTR-2025-0456, 발행일 2025-03-12, 기관 KTR(한국화학융합시험연구원), 방법 ASTM D882 요약: 인장강도 55 MPa.",
            "id": "sample_075_0089_000014",
            "annotations": [
                {
                    "word": "KTR-2025-0456",
                    "start": 19,
                    "end": 32,
                    "label": "기밀정보"
                },
                {
                    "word": "2025-03-12",
                    "start": 38,
                    "end": 48,
                    "label": "준식별자"
                }
            ]
        },
        {
            "sentence": "추가시험보고서: report_id KOTITI-2025-078, 발행일 2025-03-15, 기관 KOTITI, 방법 ASTM D3985/ASTM F1249 요약: OTR 2.5 cm3/m2·day·atm, WVTR 3.4 g/m2·day.",
            "id": "sample_075_0089_000015",
            "annotations": [
                {
                    "word": "KOTITI-2025-078",
                    "start": 19,
                    "end": 34,
                    "label": "기밀정보"
                },
                {
                    "word": "2025-03-15",
                    "start": 40,
                    "end": 50,
                    "label": "준식별자"
                }
            ]
        },
        {
            "sentence": "인증사항: FSC Mix certificate_id FSC-2024-998, 발행일 2024-09-01, 만료일 2025-09-01, 증빙문서 연결 'FSC_FSC-2024-998_signed.pdf', 검증상태 needs_verification.",
            "id": "sample_075_0089_000016",
            "annotations": [
                {
                    "word": "FSC-2024-998",
                    "start": 29,
                    "end": 41,
                    "label": "기밀정보"
                },
                {
                    "word": "FSC-2024-998",
                    "start": 88,
                    "end": 100,
                    "label": "기밀정보"
                },
                {
                    "word": "2024-09-01",
                    "start": 47,
                    "end": 57,
                    "label": "준식별자"
                },
                {
                    "word": "2025-09-01",
                    "start": 63,
                    "end": 73,
                    "label": "준식별자"
                },
                {
                    "word": "FSC_FSC-2024-998_signed.pdf",
                    "start": 84,
                    "end": 111,
                    "label": "기밀정보"
                }
            ]
        },
        {
            "sentence": "SDS_reference: SDS-EPF-2025 v1.2, 파일 'SDS_Sheet_EPFFilm_v1.2.pdf', 유해물질 목록은 REACH SVHC 목록 기준으로 스캔본 연결.",
            "id": "sample_075_0089_000017",
            "annotations": [
                {
                    "word": "SDS-EPF-2025 v1.2",
                    "start": 15,
                    "end": 32,
                    "label": "기밀정보"
                },
                {
                    "word": "SDS_Sheet_EPFFilm_v1.2.pdf",
                    "start": 38,
                    "end": 64,
                    "label": "기밀정보"
                }
            ]
        },
        {
            "sentence": "유해물질 목록: 등록물질 중 SVHC list에 해당 물질 없음으로 보고되나, REACH 조항별 원문 검토는 needs_verification합니다.",
            "id": "sample_075_0089_000018",
            "annotations": []
        },
        {
            "sentence": "배치 번호(batch_number)는 LOT-20251234로 배치 단위 추적이 가능하며, 생산일(production_date)은 2025-05-08입니다.",
            "id": "sample_075_0089_000019",
            "annotations": [
                {
                    "word": "LOT-20251234",
                    "start": 21,
                    "end": 33,
                    "label": "기밀정보"
                },
                {
                    "word": "2025-05-08",
                    "start": 73,
                    "end": 83,
                    "label": "준식별자"
                }
            ]
        },
        {
            "sentence": "유통기한 또는 분해 추정은 제조일로부터 24개월로 표기하며, 열화 예측은 보관 온도 23°C, 상대습도 50% 기준입니다.",
            "id": "sample_075_0089_000020",
            "annotations": []
        },
        {
            "sentence": "CAD 파일 참조: 파일명 'GT_LINE_1200x1000.dxf', 버전 v2.1, 객체 레이어 및 치수 주석 포함.",
            "id": "sample_075_0089_000021",
            "annotations": []
        },
        {
            "sentence": "재활용 지침: 폐기 시 RIC 1 분류로 지역 수거센터로 회수, 소각 지침은 해당 지자체 규정에 따름을 명시합니다.",
            "id": "sample_075_0089_000022",
            "annotations": []
        },
        {
            "sentence": "확장생산자책임(EPR) 요율: 대한민국 서울특별시 기준 kg당 0.15 USD/kg 적용으로 명시합니다.",
            "id": "sample_075_0089_000023",
            "annotations": [
                {
                    "word": "서울특별시",
                    "start": 22,
                    "end": 27,
                    "label": "준식별자"
                }
            ]
        },
        {
            "sentence": "비용 단가(cost_per_unit_USD)는 12.40 USD per roll로 표기하며, 재고 수량(inventory_quantity_units)는 1,200 rolls입니다.",
            "id": "sample_075_0089_000024",
            "annotations": []
        },
        {
            "sentence": "재고 및 ERP 매핑: SKU 'GPF-1200-1000', GTIN '00851234001234', internal_part_number 'INT-PRT-00078'로 PLM/ERP에 매핑합니다.",
            "id": "sample_075_0089_000025",
            "annotations": [
                {
                    "word": "GPF-1200-1000",
                    "start": 18,
                    "end": 31,
                    "label": "기밀정보"
                },
                {
                    "word": "INT-PRT-00078",
                    "start": 79,
                    "end": 92,
                    "label": "기밀정보"
                }
            ]
        },
        {
            "sentence": "추적성 QR 코드: QR코드 문자열 'QR1234567890'가 각 롤에 부착되어 배치 및 검사보고서와 연동됩니다.",
            "id": "sample_075_0089_000026",
            "annotations": [
                {
                    "word": "QR1234567890",
                    "start": 21,
                    "end": 33,
                    "label": "기밀정보"
                }
            ]
        },
        {
            "sentence": "소유권·공급망 문서(chain_of_custody_documents)는 'COC_2025_signed.pdf'로 저장되며 접근권한은 제한됩니다.",
            "id": "sample_075_0089_000027",
            "annotations": [
                {
                    "word": "COC_2025_signed.pdf",
                    "start": 41,
                    "end": 60,
                    "label": "기밀정보"
                }
            ]
        },
        {
            "sentence": "품질담당자 연락처 대신 QA 책임자 이름만 기재: 공루다, 최종검토자: 윤주혜로 기록합니다.",
            "id": "sample_075_0089_000028",
            "annotations": [
                {
                    "word": "공루다",
                    "start": 28,
                    "end": 31,
                    "label": "개인정보"
                },
                {
                    "word": "윤주혜",
                    "start": 40,
                    "end": 43,
                    "label": "개인정보"
                }
            ]
        },
        {
            "sentence": "지속가능성 주장의 검증 여부(sustainability_claims_validated)는 false로 표기하며, 외부검증 필요사항을 별도 액션으로 명시합니다.",
            "id": "sample_075_0089_000029",
            "annotations": []
        },
        {
            "sentence": "결론 및 조치: 문서의 모든 파일은 버전(version) 1.0, 생성일 2025-05-20로 기록하고 접근 제어 로그를 보관합니다.",
            "id": "sample_075_0089_000030",
            "annotations": [
                {
                    "word": "2025-05-20",
                    "start": 41,
                    "end": 51,
                    "label": "준식별자"
                }
            ]
        }
    ]
}