{
    "document_id": "075_0043",
    "document_title": "rPET/PLA 복합필름 지속가능성 및 규격평가 보고서",
    "data": [
        {
            "sentence": "본 문서는 지속 가능한 포장 및 소재 평가보고서이며 자재의 물성, 시험결과 및 배치 단위 추적성 정보를 포함합니다.",
            "id": "sample_075_0043_000001",
            "annotations": []
        },
        {
            "sentence": "material_id: MAT-075-0043-0001, material_name: rPET/PLA 복합필름, supplier_id: SUP-0102, supplier_name: 에코패키징코리아, country_of_origin: 대한민국.",
            "id": "sample_075_0043_000002",
            "annotations": []
        },
        {
            "sentence": "composition_percentages: PET 70.0% (virgin), rPET 30.0% (recycled)로 구성되어 있으며 각 성분의 원산지 및 재활용 인증 증빙을 연결 보관합니다.",
            "id": "sample_075_0043_000003",
            "annotations": []
        },
        {
            "sentence": "average_unit_weight_g: 12.5 g/롤(평균), dimensions_mm: 1200 mm(폭) × 0.125 mm(두께), 제조 허용오차 ±0.005 mm로 규격화했습니다.",
            "id": "sample_075_0043_000004",
            "annotations": []
        },
        {
            "sentence": "mechanical_properties: tensile_strength_MPa 45.2 MPa, elongation_% 120.0%(평균), 시험방법: ASTM D882, 시험기관: KTR, 보고서 ID: KTR-RPT-2025-058, 발행일: 2025-03-15.",
            "id": "sample_075_0043_000005",
            "annotations": []
        },
        {
            "sentence": "barrier_properties: OTR 2.5 cc/m2·day(23°C, 0%RH), WVTR 5.8 g/m2·day(38°C, 90%RH), 시험방법: ASTM F1927 및 ISO 15106-1, 시험기관: SGS, 보고서 ID: SGS-FB-2025-112, 발행일: 2025-04-02.",
            "id": "sample_075_0043_000006",
            "annotations": []
        },
        {
            "sentence": "recyclability_code: Resin Identification Code RIC 1(PET) 적용, 지역별 분리배출 규격 차이는 문서 내 별도 표로 정리하였습니다.",
            "id": "sample_075_0043_000007",
            "annotations": []
        },
        {
            "sentence": "biodegradability_standard_compliance: EN13432: false, 추가 퇴비화 시험 필요, ASTM D6400: needs_verification로 표기하였습니다.",
            "id": "sample_075_0043_000008",
            "annotations": []
        },
        {
            "sentence": "food_contact_compliance: EU 규정(EU) 10/2011 기준 원재료 적합성 검토 완료, FDA 적합성은 needs_verification, KS 기준은 unknown으로 표기했습니다.",
            "id": "sample_075_0043_000009",
            "annotations": []
        },
        {
            "sentence": "LCA_global_warming_potential_kgCO2e_per_kg: 1.45 kgCO2e/kg(게이트투게이트), life_cycle_assessment_method: PCR 기준 및 ISO 14044 준용, 범위: Scope 1 및 Scope 2 포함 수치입니다.",
            "id": "sample_075_0043_000010",
            "annotations": []
        },
        {
            "sentence": "test_reports: {report_id: KTR-RPT-2025-058, date: 2025-03-15, lab: KTR, method: ASTM D882, result_summary: 인장강도 45.2 MPa 평균}, 관련 스캔본을 문서관리시스템에 보관합니다.",
            "id": "sample_075_0043_000011",
            "annotations": []
        },
        {
            "sentence": "certifications: FSC: unknown(증빙 필요), PEFC: needs_verification, OK Compost: false, Cradle to Cradle: needs_verification, 모든 인증 스캔본 및 유효기간을 연계 저장합니다.",
            "id": "sample_075_0043_000012",
            "annotations": []
        },
        {
            "sentence": "SDS_reference: SDS-ECOFILM-2025-01.pdf, hazardous_substances_list: REACH SVHC 중 Bisphenol A 미검출, Styrene 검출량 0.002 mg/kg(시험방법: EN 14389)으로 기록했습니다.",
            "id": "sample_075_0043_000013",
            "annotations": []
        },
        {
            "sentence": "batch_number: LOT-20250315-A12, production_date: 2025-03-15, expiry_or_degradation_estimate: 품질보증기간 24 months(23°C 보관 기준)으로 산정하였습니다.",
            "id": "sample_075_0043_000014",
            "annotations": []
        },
        {
            "sentence": "CAD_file_reference: CAD/MAT-075-0043-0001.dxf(버전 3.2), dieline 및 라벨 사양 포함, ERP 매핑 정보: SKU-075-0043-01, GTIN: 8801234567890.",
            "id": "sample_075_0043_000015",
            "annotations": []
        },
        {
            "sentence": "recycling_instructions: 가정 분리배출 시 플라스틱(투명한 PET)으로 분리 표기, RIC 코드 및 지역별 수거방법을 제품 라벨에 병기합니다.",
            "id": "sample_075_0043_000016",
            "annotations": []
        },
        {
            "sentence": "EPR_fee_region: 대한민국(서울특별시 강남구) 기준 EPR 요율 0.12 USD/kg 적용, 지역별 규정은 별도 매핑 테이블을 참조하십시오.",
            "id": "sample_075_0043_000017",
            "annotations": [
                {
                    "word": "서울특별시 강남구",
                    "start": 21,
                    "end": 30,
                    "label": "준식별자"
                }
            ]
        },
        {
            "sentence": "cost_per_unit_USD: 0.045 USD/개(평균 단가), inventory_quantity_units: 12,500 롤, traceability_qr_code: QR-LOT-20250315-A12, 디지털 배치 태그 포함 저장됩니다.",
            "id": "sample_075_0043_000018",
            "annotations": []
        },
        {
            "sentence": "chain_of_custody_documents: CoC-2025-03-15.pdf, 공급망 원산지 증빙 및 운송서류(스캔본)를 시스템에 연동하여 보관합니다.",
            "id": "sample_075_0043_000019",
            "annotations": []
        },
        {
            "sentence": "sustainability_claims_validated: false, 검증 불가 항목은 needs_verification로 표기하여 소비자용 주장과 기술문서를 분리 관리합니다.",
            "id": "sample_075_0043_000020",
            "annotations": []
        },
        {
            "sentence": "consumer_instructions: 소비자용 라벨에는 분리배출 방법, 보관 온도 및 주의사항을 별도 표기하고 기술·규제 데이터는 기술문서로 분리 제공합니다.",
            "id": "sample_075_0043_000021",
            "annotations": []
        },
        {
            "sentence": "추적성 예시: LOT-20250315-A12은 공급자 SUP-0102의 생산라인(라인ID: L-07)에서 제조되었고 검사보고서 KTR-RPT-2025-058과 전자적으로 연결됩니다.",
            "id": "sample_075_0043_000022",
            "annotations": []
        },
        {
            "sentence": "검토 및 승인: 문서 검토자 공재연, 소속: 품질관리부, 이메일: gong.jy@example.com, 연락처: 010-1234-5678.",
            "id": "sample_075_0043_000023",
            "annotations": [
                {
                    "word": "공재연",
                    "start": 16,
                    "end": 19,
                    "label": "개인정보"
                },
                {
                    "word": "gong.jy@example.com",
                    "start": 37,
                    "end": 56,
                    "label": "개인정보"
                },
                {
                    "word": "010-1234-5678",
                    "start": 63,
                    "end": 76,
                    "label": "개인정보"
                },
                {
                    "word": "품질관리부",
                    "start": 25,
                    "end": 30,
                    "label": "준식별자"
                }
            ]
        },
        {
            "sentence": "내부결재선: 최종 승인자 차희승(개인 사번: 20230045)은 제품 출고 전 최종검토를 수행하며 내부 결재 문서는 비공개로 분류합니다.",
            "id": "sample_075_0043_000024",
            "annotations": [
                {
                    "word": "차희승",
                    "start": 14,
                    "end": 17,
                    "label": "개인정보"
                },
                {
                    "word": "20230045",
                    "start": 25,
                    "end": 33,
                    "label": "개인정보"
                }
            ]
        },
        {
            "sentence": "재무 관련(기밀): 계좌번호(수납용) 101-234567-89는 기밀정보로 분류되어 외부 공개 및 시스템 일반 사용자 접근이 제한됩니다.",
            "id": "sample_075_0043_000025",
            "annotations": [
                {
                    "word": "101-234567-89",
                    "start": 21,
                    "end": 34,
                    "label": "기밀정보"
                }
            ]
        },
        {
            "sentence": "규제 준수 체크리스트: REACH, K-REACH, TSCA 항목별 점검을 수행하였으며 미확인 항목은 needs_verification로 표시하고 후속시험을 권고합니다.",
            "id": "sample_075_0043_000026",
            "annotations": []
        },
        {
            "sentence": "시험 간격 및 유효기간: 주요 물성 시험은 분기별(3개월)로 수행하며 시험보고서 유효기간은 발행일로부터 24개월로 설정하여 관리합니다.",
            "id": "sample_075_0043_000027",
            "annotations": []
        },
        {
            "sentence": "결론 및 권고: 제출된 자료는 ERP, PLM과 매핑 가능한 식별자(SKU, GTIN, material_id)를 포함하며 민감정보는 접근제어 대상으로 분류하여 관리합니다.",
            "id": "sample_075_0043_000028",
            "annotations": []
        }
    ]
}