{
    "document_id": "075_0061",
    "document_title": "지속 가능한 포장재 및 소재 배치별 품질·규제·LCA 통합보고서",
    "data": [
        {
            "sentence": "본 문서는 지속 가능한 포장 및 소재의 배치 단위 추적성과 규제·시험·LCA 데이터를 통합하여 기록한 기술 문서입니다.",
            "id": "sample_075_0061_000001",
            "annotations": []
        },
        {
            "sentence": "대상 소재의 material_id는 MAT-PAK-2025-01이며 문서 버전은 v1.2, 타임스탬프는 2025-06-16T09:00:00Z입니다.",
            "id": "sample_075_0061_000002",
            "annotations": []
        },
        {
            "sentence": "material_name은 'Recycled PET Barrier Film 70/30'로 PET:70%, rPET(체인오브커스터디 확인):30% 구성비를 가집니다.",
            "id": "sample_075_0061_000003",
            "annotations": []
        },
        {
            "sentence": "supplier_id는 SUP-GP-001, supplier_name은 그린팩 주식회사이며 공급국가는 대한민국으로 표기합니다.",
            "id": "sample_075_0061_000004",
            "annotations": [
                {
                    "word": "대한민국",
                    "start": 57,
                    "end": 61,
                    "label": "준식별자"
                }
            ]
        },
        {
            "sentence": "평균 단위중량 average_unit_weight_g는 4.5 g ±0.05 g(샘플 평균, n=10)로 측정되었습니다.",
            "id": "sample_075_0061_000005",
            "annotations": []
        },
        {
            "sentence": "치수 dimensions_mm는 가로 120.0 mm × 세로 150.0 mm ±1.0 mm로 CAD 도면(dieline) 참조 파일이 연동되어 있습니다.",
            "id": "sample_075_0061_000006",
            "annotations": []
        },
        {
            "sentence": "기계적 특성 mechanical_properties: 인장강도(tensile_strength) 55.0 MPa, 신장률(elongation) 210%로 시험결과가 보고되었습니다.",
            "id": "sample_075_0061_000007",
            "annotations": []
        },
        {
            "sentence": "배리어 특성 barrier_properties는 OTR 2.5 cc/m2·day(23°C, 0%RH, 시험방법 ISO 15106-1) 및 WVTR 1.8 g/m2·day(23°C, 85%RH, 시험방법 ASTM F1249)입니다.",
            "id": "sample_075_0061_000008",
            "annotations": []
        },
        {
            "sentence": "재활용성 코드는 Resin Identification Code(RIC) #1(PET)로 표기하며 지역별 분류 차이는 문서 내 표준 매핑표에 명시되어 있습니다.",
            "id": "sample_075_0061_000009",
            "annotations": []
        },
        {
            "sentence": "퇴비화 적합성 biodegradability_standard_compliance는 EN13432 준수 여부: false로 기입되어 있으며 별도 퇴비화 불가 안내가 필요합니다.",
            "id": "sample_075_0061_000010",
            "annotations": []
        },
        {
            "sentence": "식품접촉 적합성 food_contact_compliance는 EU 식품접촉재료 규정(EC) No 1935/2004 관련 시험 필요 사항과 FDA 기준 검토 결과를 함께 제시합니다.",
            "id": "sample_075_0061_000011",
            "annotations": []
        },
        {
            "sentence": "LCA 결과: Global Warming Potential(GWP) 1.35 kgCO2e/kg, 산출 방법론은 PCR 기반 EPD 매뉴얼 및 ISO 14044 규격을 병기하여 산출하였습니다.",
            "id": "sample_075_0061_000012",
            "annotations": []
        },
        {
            "sentence": "LCA 적용 범위는 Scope 1·2·3을 포함한 전 단계(A1-A3 cradle-to-gate)로 정의하였고 단위는 kgCO2e/kg로 표기합니다.",
            "id": "sample_075_0061_000013",
            "annotations": []
        },
        {
            "sentence": "시험보고서 test_reports 예: 보고서 ID KCL-2024-EXP-0912, 발행일 2024-11-20, 시험기관 한국화학시험원(KCL), 방법 ISO 15106-1, 결과 요약: OTR 2.5 cc/m2·day.",
            "id": "sample_075_0061_000014",
            "annotations": [
                {
                    "word": "2024-11-20",
                    "start": 52,
                    "end": 62,
                    "label": "준식별자"
                }
            ]
        },
        {
            "sentence": "추가 시험: WVTR 보고서 ID SGS-KR-2024-0784, 발행일 2024-12-05, 시험기관 SGS Korea, 방법 ASTM F1249, 결과 요약: WVTR 1.8 g/m2·day.",
            "id": "sample_075_0061_000015",
            "annotations": []
        },
        {
            "sentence": "인증 certification 항목: FSC(해당 없음), PEFC(해당 없음), OK Compost(해당 없음), Cradle to Cradle(인증 필요 여부: needs_verification)로 표기합니다.",
            "id": "sample_075_0061_000016",
            "annotations": []
        },
        {
            "sentence": "SDS_reference는 SDS-MAT-2025-01.pdf로 연결되며 화학물질 위험 목록 hazardous_substances_list에는 SVHC 목록 점검 결과가 포함되어 있습니다.",
            "id": "sample_075_0061_000017",
            "annotations": []
        },
        {
            "sentence": "배치 정보 batch_number는 LOT-20250615-A1이며 생산일 production_date는 2025-06-15, 추적 가능한 유통기한 또는 분해 추정치는 제조 후 36개월로 표기합니다.",
            "id": "sample_075_0061_000018",
            "annotations": [
                {
                    "word": "2025-06-15",
                    "start": 59,
                    "end": 69,
                    "label": "준식별자"
                },
                {
                    "word": "LOT-20250615-A1",
                    "start": 20,
                    "end": 35,
                    "label": "기밀정보"
                }
            ]
        },
        {
            "sentence": "CAD_file_reference는 CAD/MAT-PAK-2025-01.dxf로 ERP 연동을 위한 internal_part_number는 INT-PN-000345로 매핑되어 있습니다.",
            "id": "sample_075_0061_000019",
            "annotations": [
                {
                    "word": "INT-PN-000345",
                    "start": 78,
                    "end": 91,
                    "label": "기밀정보"
                }
            ]
        },
        {
            "sentence": "재활용 지침 recycling_instructions는 지역별 수거 프로세스와 Resin Identification Code 기준을 근거로 소비자용 안내문과 기술용 분리지침을 분리하여 제공합니다.",
            "id": "sample_075_0061_000020",
            "annotations": []
        },
        {
            "sentence": "확장생산자책임 EPR_fee_region은 대한민국(서울특별시 기준) 적용 요율 표를 문서 하단에 연결하였으며 요율은 지역별로 변동됩니다.",
            "id": "sample_075_0061_000021",
            "annotations": []
        },
        {
            "sentence": "원가 cost_per_unit_USD는 0.035 USD/unit(원자재·가공비 포함, 환율 기준 명시)이며 재고 수량 inventory_quantity_units는 12,450 units입니다.",
            "id": "sample_075_0061_000022",
            "annotations": []
        },
        {
            "sentence": "추적성 traceability_qr_code는 QR 파일(assets/qr/MAT-PAK-2025-01_LOT-20250615.png)로 배치별 스캔 시 생산 정보와 시험보고서 PDF에 접근 가능합니다.",
            "id": "sample_075_0061_000023",
            "annotations": []
        },
        {
            "sentence": "체인오브커스터디 chain_of_custody_documents는 디지털 서명된 송장과 운송문서가 포함되며 스캔본은 내부 문서서버에 보관됩니다.",
            "id": "sample_075_0061_000024",
            "annotations": []
        },
        {
            "sentence": "지속가능성 주장 sustainability_claims_validated는 현재 false로 표기하며 외부 검증이 완료된 경우에만 true로 변경하도록 프로세스를 규정합니다.",
            "id": "sample_075_0061_000025",
            "annotations": []
        },
        {
            "sentence": "소비자용 지침과 기술·규제 데이터는 분리 제공되며 소비자용 라벨은 영어·한국어 표기를 병기하고 기술 데이터는 별도 기술보고서에 수록합니다.",
            "id": "sample_075_0061_000026",
            "annotations": []
        },
        {
            "sentence": "품질 담당자 연락 및 내부 검토 기록은 접근 제어 대상이며 품질 담당자: 손라희(내부 연락처 비공개)로 문서화되어 있습니다.",
            "id": "sample_075_0061_000027",
            "annotations": [
                {
                    "word": "손라희",
                    "start": 41,
                    "end": 44,
                    "label": "개인정보"
                }
            ]
        },
        {
            "sentence": "운영 문서의 저장 경로 예시(내부 전용): /srv/erp/private/packaging/LOT_20250615.pdf이며 접근 권한은 내부 운영팀에 제한됩니다.",
            "id": "sample_075_0061_000028",
            "annotations": [
                {
                    "word": "/srv/erp/private/packaging/LOT_20250615.pdf",
                    "start": 24,
                    "end": 67,
                    "label": "기밀정보"
                }
            ]
        }
    ]
}