{
    "document_id": "075_0096",
    "document_title": "Recycled PET 필름 지속가능성·규제·추적성 통합보고서",
    "data": [
        {
            "sentence": "본 문서는 지속 가능한 포장 및 소재(Material ID: MAT-075-0096)의 품질, 규제, 추적성 데이터를 통합하여 기록합니다.",
            "id": "sample_075_0096_000001",
            "annotations": []
        },
        {
            "sentence": "문서는 ERP/PLM 매핑을 위한 SKU: SKU-075-0096 및 GTIN: 8801234567890 식별자를 포함합니다.",
            "id": "sample_075_0096_000002",
            "annotations": []
        },
        {
            "sentence": "소재명: Recycled PET Film (rPET blend), 조성: PET 70%, rPET 30%로 표기하며 배치별 조성 편차를 기록합니다.",
            "id": "sample_075_0096_000003",
            "annotations": []
        },
        {
            "sentence": "평균 단위 중량: 12.5 g, 표준 치수: 300 mm x 200 mm x 0.05 mm로 정의하고 허용오차를 ±0.2 mm로 설정합니다.",
            "id": "sample_075_0096_000004",
            "annotations": []
        },
        {
            "sentence": "기계적 특성: 인장강도 85 MPa(평균), 연신율 120%(평균), 시험방법: ISO 527-3:2018에 따라 평가했습니다.",
            "id": "sample_075_0096_000005",
            "annotations": []
        },
        {
            "sentence": "가스·수분 차단성: OTR 2.5 cc/m2·day(ISO 15105-2:2007), WVTR 3.2 g/m2·day(ASTM F1249)로 보고합니다.",
            "id": "sample_075_0096_000006",
            "annotations": []
        },
        {
            "sentence": "LCA 지표: 지구온난화잠재력(GWP) 1.85 kgCO2e/kg이며 방법론은 ISO 14044 및 GHG Protocol을 따릅니다.",
            "id": "sample_075_0096_000007",
            "annotations": []
        },
        {
            "sentence": "LCA 비교용 PCR 참조: PCR-ID: PCR-EP-PACK-2024를 사용했고 Scope 1,2,3을 명시적으로 포함했습니다.",
            "id": "sample_075_0096_000008",
            "annotations": []
        },
        {
            "sentence": "시험보고서: 보고서 ID TR-2025-031, 발행일 2025-06-20, 시험기관: 한국포장시험연구원, 시험방법: ASTM D882, 요약: 인장강도 평균 85 MPa.",
            "id": "sample_075_0096_000009",
            "annotations": []
        },
        {
            "sentence": "식품접촉 적합성 상태는 FDA 21 CFR 177 준수 여부를 현재 'unknown'으로 표기하며 추가 검증이 필요합니다.",
            "id": "sample_075_0096_000010",
            "annotations": []
        },
        {
            "sentence": "REACH 관련 SVHC 스크리닝 결과: bisphenol A 미검출(<0.1 mg/kg)로 보고되었으나 공식 확인은 needs_verification로 표기합니다.",
            "id": "sample_075_0096_000011",
            "annotations": []
        },
        {
            "sentence": "재활용 분류: Resin Identification Code RIC 1(PET), EN 13432 퇴비화 준수 여부는 false로 표기합니다.",
            "id": "sample_075_0096_000012",
            "annotations": []
        },
        {
            "sentence": "인증서 현황: FSC 및 OK Compost 스캔본을 문서관리시스템에 링크했으며 OK Compost 발행일 2024-11-01, 만료일 2026-11-01로 기록합니다.",
            "id": "sample_075_0096_000013",
            "annotations": []
        },
        {
            "sentence": "배치 추적성: Batch LOT: LOT-20250615-A, 생산일자: 2025-06-15, 유통기한 추정은 보관조건에 따라 24개월로 산정합니다.",
            "id": "sample_075_0096_000014",
            "annotations": []
        },
        {
            "sentence": "추적용 QR 코드: traceability_qr_code: QR-LOT-20250615-A는 배치 이력, 시험보고서, 공급자 정보를 ERP와 연계합니다.",
            "id": "sample_075_0096_000015",
            "annotations": []
        },
        {
            "sentence": "공급업체: supplier_id SUP-0456, supplier_name: 에코패키지코리아, country_of_origin: 대한민국으로 표기되어 있습니다.",
            "id": "sample_075_0096_000016",
            "annotations": []
        },
        {
            "sentence": "비용 및 재고: 단가 0.045 USD/개, 재고수량 12,500 units, 내부부품번호 internal_part_number: IPN-075-0096로 매핑됩니다.",
            "id": "sample_075_0096_000017",
            "annotations": []
        },
        {
            "sentence": "CAD 파일 참조: CAD_REPFILM_075_0096.dxf는 PDM에 버전 v1.4로 보관되며 변경이력과 디지털 서명이 포함됩니다.",
            "id": "sample_075_0096_000018",
            "annotations": []
        },
        {
            "sentence": "SDS 참조번호 SDS-REPET-2025-A에 따라 화학물질 안전자료가 연결되어 있으며, SVHC 항목은 별도 표로 관리됩니다.",
            "id": "sample_075_0096_000019",
            "annotations": []
        },
        {
            "sentence": "회수 및 폐기 경로는 지역별 RIC 기준을 따르며, EPR 요율(대한민국)은 0.12 USD/kg로 산정되어 있습니다.",
            "id": "sample_075_0096_000020",
            "annotations": []
        },
        {
            "sentence": "소비자용 라벨 지침은 RIC 1 아이콘과 색상별 분리배출 안내를 포함하여 제품 패키지에 적용합니다.",
            "id": "sample_075_0096_000021",
            "annotations": []
        },
        {
            "sentence": "품질담당자: 우명완, 연락처: +82-10-0000-0000, 이메일: umw@eco-pack.kr, 사번: 20234789가 배치별 QA 담당자로 명시됩니다.",
            "id": "sample_075_0096_000022",
            "annotations": [
                {
                    "word": "우명완",
                    "start": 7,
                    "end": 10,
                    "label": "개인정보"
                },
                {
                    "word": "+82-10-0000-0000",
                    "start": 17,
                    "end": 33,
                    "label": "개인정보"
                },
                {
                    "word": "umw@eco-pack.kr",
                    "start": 40,
                    "end": 55,
                    "label": "개인정보"
                },
                {
                    "word": "20234789",
                    "start": 61,
                    "end": 69,
                    "label": "개인정보"
                }
            ]
        },
        {
            "sentence": "공장 소재지는 서울특별시 강서구로 표기하며 상세 현장 주소는 보안상 비공개로 내부 관리합니다.",
            "id": "sample_075_0096_000023",
            "annotations": [
                {
                    "word": "서울특별시 강서구",
                    "start": 8,
                    "end": 17,
                    "label": "준식별자"
                }
            ]
        },
        {
            "sentence": "내부시스템 연결 경로 file://fileserver/projects/REPFILM/CAD_v1.4는 접근 제어 대상이며 비공개 내부 경로로 분류됩니다.",
            "id": "sample_075_0096_000024",
            "annotations": [
                {
                    "word": "file://fileserver/projects/REPFILM/CAD_v1.4",
                    "start": 12,
                    "end": 55,
                    "label": "기밀정보"
                }
            ]
        },
        {
            "sentence": "재무 관련 참고: 법인계좌번호 111-222-333444는 재무팀 내부 문서에 기록되어 기밀로 분류됩니다.",
            "id": "sample_075_0096_000025",
            "annotations": [
                {
                    "word": "111-222-333444",
                    "start": 17,
                    "end": 31,
                    "label": "기밀정보"
                }
            ]
        },
        {
            "sentence": "협력사 승인 관련으로 협력사 담당자 전민오의 승인 메일 전민오@partners.eco가 내부결재 참조로 첨부되어 있습니다.",
            "id": "sample_075_0096_000026",
            "annotations": [
                {
                    "word": "전민오",
                    "start": 20,
                    "end": 23,
                    "label": "개인정보"
                },
                {
                    "word": "전민오",
                    "start": 31,
                    "end": 34,
                    "label": "개인정보"
                },
                {
                    "word": "전민오@partners.eco",
                    "start": 31,
                    "end": 47,
                    "label": "개인정보"
                }
            ]
        },
        {
            "sentence": "제품 스펙과 시험결과는 공급자별 LOT에 매핑되어 ERP에 실시간 동기화되며 배치별 보고서를 생성합니다.",
            "id": "sample_075_0096_000027",
            "annotations": []
        },
        {
            "sentence": "환경 관련 주장은 반드시 인증서와 제3자 시험보고서로 근거를 제시하며 미검증 주장은 사용 금지 또는 '미검증'으로 표기합니다.",
            "id": "sample_075_0096_000028",
            "annotations": []
        },
        {
            "sentence": "문서 버전 v2.1, 타임스탬프 2025-07-01T09:30:00Z, 변경자: 문지유(역할: QA 담당)로 변경이력이 기록되어 있습니다.",
            "id": "sample_075_0096_000029",
            "annotations": [
                {
                    "word": "문지유",
                    "start": 45,
                    "end": 48,
                    "label": "개인정보"
                }
            ]
        },
        {
            "sentence": "권장 조치: 개인정보 및 기밀정보는 접근 제어 정책과 암호화 저장, 로그 감사를 통해 보안 관리할 것을 권고합니다.",
            "id": "sample_075_0096_000030",
            "annotations": []
        }
    ]
}