﻿word,document,sentence,label
에코패키징코리아,075_0001,sample_075_0001_000003,준식별자
2024,075_0001,sample_075_0001_000012,준식별자
11,075_0001,sample_075_0001_000012,준식별자
05,075_0001,sample_075_0001_000012,준식별자
2024,075_0001,sample_075_0001_000015,준식별자
11,075_0001,sample_075_0001_000015,준식별자
05,075_0001,sample_075_0001_000015,준식별자
2026,075_0001,sample_075_0001_000016,준식별자
11,075_0001,sample_075_0001_000016,준식별자
05,075_0001,sample_075_0001_000016,준식별자
\\corpserver\CAD\075_0001\rev2.dwg,075_0001,sample_075_0001_000017,기밀정보
방정훈,075_0001,sample_075_0001_000019,개인정보
사번: 20231234,075_0001,sample_075_0001_000019,개인정보
품질관리팀장,075_0001,sample_075_0001_000019,준식별자
에코패키징코리아,075_0001,sample_075_0001_000019,준식별자
성남시,075_0001,sample_075_0001_000021,준식별자
분당구,075_0001,sample_075_0001_000021,준식별자
/srv/docs/coc/075_0001_CoC.pdf,075_0001,sample_075_0001_000025,기밀정보
주수진,075_0001,sample_075_0001_000027,개인정보
백헌,075_0002,sample_075_0002_000024,개인정보
대한민국 서울특별시 강남구,075_0002,sample_075_0002_000025,준식별자
PROJ-ALPHA-974,075_0002,sample_075_0002_000026,기밀정보
2024-11-30,075_0003,sample_075_0003_000006,준식별자
2024-11-30,075_0003,sample_075_0003_000011,준식별자
2025-01-15,075_0003,sample_075_0003_000015,준식별자
/plm/cad/075/MSP-075_dieline_v2.dxf,075_0003,sample_075_0003_000016,기밀정보
0.12 USD,075_0003,sample_075_0003_000019,기밀정보
전찬형,075_0003,sample_075_0003_000024,개인정보
010-1234-5678,075_0003,sample_075_0003_000024,개인정보
jeon.ch@packco.kr,075_0003,sample_075_0003_000024,개인정보
20251234,075_0003,sample_075_0003_000024,개인정보
강가연,075_0003,sample_075_0003_000025,개인정보
2024-12-05,075_0003,sample_075_0003_000025,준식별자
123-456-789012,075_0003,sample_075_0003_000026,기밀정보
/srv/plm/private/packaging/075/2025/LOT-20250115-075A,075_0003,sample_075_0003_000027,기밀정보
김채우,075_0004,sample_075_0004_000028,개인정보
안영광,075_0004,sample_075_0004_000029,개인정보
황채린,075_0005,sample_075_0005_000003,개인정보
20230456,075_0005,sample_075_0005_000003,개인정보
hcr_pack@packco.kr,075_0005,sample_075_0005_000003,개인정보
010-2345-6789,075_0005,sample_075_0005_000003,개인정보
경기도 화성시 팔탄면 정남로 77,075_0005,sample_075_0005_000005,준식별자
하대용,075_0005,sample_075_0005_000007,개인정보
/internal/confidential/pack_design_v3.dxf,075_0005,sample_075_0005_000029,기밀정보
pack_admin,075_0005,sample_075_0005_000029,기밀정보
내부 마진율: 12.5%,075_0005,sample_075_0005_000029,기밀정보
CoC_DOC_2024_5599.pdf,075_0005,sample_075_0005_000023,기밀정보
CoC_DOC_2024_5599.pdf,075_0005,sample_075_0005_000029,기밀정보
황채린,075_0005,sample_075_0005_000030,개인정보
하대용,075_0005,sample_075_0005_000030,개인정보
안미선,075_0006,sample_075_0006_000004,개인정보
contact@eco-pack.kr,075_0006,sample_075_0006_000004,개인정보
010-1234-5678,075_0006,sample_075_0006_000004,개인정보
E-2025-045,075_0006,sample_075_0006_000004,개인정보
서울특별시 강남구,075_0006,sample_075_0006_000005,준식별자
경기도 화성시,075_0006,sample_075_0006_000029,준식별자
s3://company-cad/ecopack_mat_MAT-2026-0001.dxf,075_0006,sample_075_0006_000022,기밀정보
CoC-2025-001.pdf,075_0006,sample_075_0006_000027,기밀정보
123-456-789012,075_0006,sample_075_0006_000030,기밀정보
10.0.0.12,075_0006,sample_075_0006_000030,기밀정보
에코팩 주식회사,075_0007,sample_075_0007_000004,준식별자
부산광역시 해운대구 우동,075_0007,sample_075_0007_000005,준식별자
/srv/internal/docs/pack_spec_v3,075_0007,sample_075_0007_000027,기밀정보
123-456-789012,075_0007,sample_075_0007_000028,기밀정보
한희은,075_0007,sample_075_0007_000029,개인정보
강현정,075_0007,sample_075_0007_000030,개인정보
부산광역시,075_0008,sample_075_0008_000005,준식별자
2025-06-15,075_0008,sample_075_0008_000007,준식별자
전도언,075_0008,sample_075_0008_000021,개인정보
20245,075_0008,sample_075_0008_000021,개인정보
\\internal\\erp\\LOT_0750008,075_0008,sample_075_0008_000025,기밀정보
우로하,075_0008,sample_075_0008_000026,개인정보
서울특별시 강남구 테헤란로 00,075_0009,sample_075_0009_000002,준식별자
2025-04-10,075_0009,sample_075_0009_000010,준식별자
2025-05-22,075_0009,sample_075_0009_000011,준식별자
2025-03-15,075_0009,sample_075_0009_000014,준식별자
2028-03-14,075_0009,sample_075_0009_000014,준식별자
Seoul,075_0009,sample_075_0009_000017,준식별자
2025-03-20,075_0009,sample_075_0009_000024,준식별자
2025-02-20,075_0009,sample_075_0009_000028,준식별자
문아영,075_0009,sample_075_0009_000023,개인정보
김기령,075_0009,sample_075_0009_000024,개인정보
류민조,075_0009,sample_075_0009_000027,개인정보
/srv/erp/secret/packaging_specs.pdf,075_0009,sample_075_0009_000015,기밀정보
INT-ACCT-007,075_0009,sample_075_0009_000025,기밀정보
/erp/parts/INT-ACCT-007,075_0009,sample_075_0009_000025,기밀정보
110-123-456789,075_0009,sample_075_0009_000026,기밀정보
/confidential/minutes/2025-02-20_minutes.docx,075_0009,sample_075_0009_000028,기밀정보
백다민,075_0010,sample_075_0010_000028,개인정보
bdamin@sampleco.kr,075_0010,sample_075_0010_000028,개인정보
010-1234-5678,075_0010,sample_075_0010_000028,개인정보
S-2024-001,075_0010,sample_075_0010_000028,개인정보
서울특별시 강남구 역삼동 123-45,075_0010,sample_075_0010_000028,개인정보
SampleCo Packaging,075_0010,sample_075_0010_000028,준식별자
대한민국,075_0010,sample_075_0010_000028,준식별자
///internal/files/packaging_specs/075/010.dwg,075_0010,sample_075_0010_000021,기밀정보
cad/pack/075_0010_v1.dwg,075_0010,sample_075_0010_000029,기밀정보
https://trace.sampleco.kr/trace/LOT-20240315-01,075_0010,sample_075_0010_000025,기밀정보
기업계좌 123-456-789012-34,075_0010,sample_075_0010_000029,기밀정보
10.8.22.5,075_0010,sample_075_0010_000029,기밀정보
CoC-075-001_signed.pdf,075_0010,sample_075_0010_000026,기밀정보
경기도,075_0011,sample_075_0011_000003,준식별자
성남시,075_0011,sample_075_0011_000003,준식별자
분당구,075_0011,sample_075_0011_000003,준식별자
고승주,075_0011,sample_075_0011_000004,개인정보
2025,075_0011,sample_075_0011_000005,준식별자
03,075_0011,sample_075_0011_000005,준식별자
15,075_0011,sample_075_0011_000005,준식별자
2027,075_0011,sample_075_0011_000005,준식별자
03,075_0011,sample_075_0011_000005,준식별자
15,075_0011,sample_075_0011_000005,준식별자
2024,075_0011,sample_075_0011_000008,준식별자
11,075_0011,sample_075_0011_000008,준식별자
20,075_0011,sample_075_0011_000008,준식별자
허하율,075_0011,sample_075_0011_000009,개인정보
2024,075_0011,sample_075_0011_000012,준식별자
12,075_0011,sample_075_0011_000012,준식별자
05,075_0011,sample_075_0011_000012,준식별자
2024,075_0011,sample_075_0011_000015,준식별자
06,075_0011,sample_075_0011_000015,준식별자
01,075_0011,sample_075_0011_000015,준식별자
2026,075_0011,sample_075_0011_000015,준식별자
06,075_0011,sample_075_0011_000015,준식별자
01,075_0011,sample_075_0011_000015,준식별자
2024,075_0011,sample_075_0011_000016,준식별자
11,075_0011,sample_075_0011_000016,준식별자
20,075_0011,sample_075_0011_000016,준식별자
2024,075_0011,sample_075_0011_000016,준식별자
11,075_0011,sample_075_0011_000016,준식별자
22,075_0011,sample_075_0011_000016,준식별자
2025,075_0011,sample_075_0011_000018,준식별자
02,075_0011,sample_075_0011_000018,준식별자
10,075_0011,sample_075_0011_000018,준식별자
한보윤,075_0012,sample_075_0012_000025,개인정보
심창규,075_0012,sample_075_0012_000028,개인정보
서울특별시,075_0012,sample_075_0012_000026,준식별자
강남구,075_0012,sample_075_0012_000026,준식별자
품질관리팀장,075_0012,sample_075_0012_000025,준식별자
2025,075_0012,sample_075_0012_000017,준식별자
01,075_0012,sample_075_0012_000017,준식별자
23,075_0012,sample_075_0012_000017,준식별자
LOT-20250123-AZ-459,075_0012,sample_075_0012_000017,기밀정보
LOT-20250123-AZ-459,075_0012,sample_075_0012_000022,기밀정보
2025,075_0012,sample_075_0012_000022,준식별자
01,075_0012,sample_075_0012_000022,준식별자
23,075_0012,sample_075_0012_000022,준식별자
/projects/packaging/MAT-075/,075_0012,sample_075_0012_000018,기밀정보
CAD/MAT-075-2025-001.dxf,075_0012,sample_075_0012_000018,기밀정보
Contract_Supplier_7789_confidential.pdf,075_0012,sample_075_0012_000023,기밀정보
0.045 USD,075_0012,sample_075_0012_000021,기밀정보
IPN-089-21,075_0012,sample_075_0012_000027,기밀정보
SKU-075-0012,075_0012,sample_075_0012_000027,기밀정보
공재석,075_0013,sample_075_0013_000028,개인정보
사번: 20231234,075_0013,sample_075_0013_000028,개인정보
윤호경,075_0013,sample_075_0013_000029,개인정보
\\intra\\design\\pack_v2.dwg,075_0013,sample_075_0013_000017,기밀정보
cost_per_unit_USD: 0.045 USD,075_0013,sample_075_0013_000020,기밀정보
"inventory_quantity_units: 재고 120,000 units",075_0013,sample_075_0013_000021,기밀정보
내부계좌번호: 123-456-789012,075_0013,sample_075_0013_000029,기밀정보
문미,075_0014,sample_075_0014_000005,개인정보
사번: KOR-EMP-00123,075_0014,sample_075_0014_000005,개인정보
munmi@packco.kr,075_0014,sample_075_0014_000005,개인정보
서울특별시 강남구 역삼동 678-12,075_0014,sample_075_0014_000006,개인정보
1985-03-21,075_0014,sample_075_0014_000000,준식별자
여성,075_0014,sample_075_0014_000000,준식별자
/srv/private/packaging/dieline/CAD_v3.dwg,075_0014,sample_075_0014_000021,기밀정보
admin_pack,075_0014,sample_075_0014_000030,기밀정보
CONTRACT-7890,075_0014,sample_075_0014_000030,기밀정보
계좌번호: 110-123-456789,075_0014,sample_075_0014_000030,기밀정보
2025-01-10T09:30:00Z,075_0015,sample_075_0015_000003,준식별자
그린팩 코퍼레이션,075_0015,sample_075_0015_000005,준식별자
서울특별시 강남구,075_0015,sample_075_0015_000005,준식별자
2024-11-20,075_0015,sample_075_0015_000016,준식별자
2024-12-05,075_0015,sample_075_0015_000017,준식별자
2023-06-30,075_0015,sample_075_0015_000018,준식별자
2026-06-29,075_0015,sample_075_0015_000018,준식별자
https://intranet.corp.local/docs/SDS_075_0015_v1.pdf,075_0015,sample_075_0015_000019,기밀정보
2025-01-15,075_0015,sample_075_0015_000021,준식별자
2028-01-15,075_0015,sample_075_0015_000021,준식별자
S:\Projects\PACK\specs\075_0015\CAD_v2.dxf,075_0015,sample_075_0015_000022,기밀정보
고유상,075_0015,sample_075_0015_000026,개인정보
문만수,075_0015,sample_075_0015_000028,개인정보
20231234,075_0015,sample_075_0015_000028,개인정보
품질팀장,075_0015,sample_075_0015_000028,준식별자
2025-01-10T09:30:00Z,075_0015,sample_075_0015_000028,준식별자
안도현,075_0016,sample_075_0016_000027,개인정보
이예담,075_0016,sample_075_0016_000027,개인정보
경기도 성남시 분당구,075_0016,sample_075_0016_000005,준식별자
/internal/supply_chain/LOT_20241105A/recipe_v3.xlsx,075_0016,sample_075_0016_000028,기밀정보
erp_admin,075_0016,sample_075_0016_000028,기밀정보
2024-08-12,075_0017,sample_075_0017_000011,준식별자
2024-07-25,075_0017,sample_075_0017_000012,준식별자
2024-06-15,075_0017,sample_075_0017_000013,준식별자
2024-09-30,075_0017,sample_075_0017_000014,준식별자
2024-10-05,075_0017,sample_075_0017_000015,준식별자
2025-01-15,075_0017,sample_075_0017_000016,준식별자
2027-01-15,075_0017,sample_075_0017_000016,준식별자
/plm/projects/pack/075/CAD_EP_POUCH_V2.dxf,075_0017,sample_075_0017_000017,기밀정보
https://trace.ecopack.kr/trace/LOT-2025-000321,075_0017,sample_075_0017_000021,기밀정보
2024-09-15,075_0017,sample_075_0017_000022,준식별자
임현기,075_0017,sample_075_0017_000025,개인정보
2024-12-31,075_0017,sample_075_0017_000027,준식별자
2025-01-20T09:30:00Z,075_0017,sample_075_0017_000028,준식별자
류태라,075_0018,sample_075_0018_000028,개인정보
윤종율,075_0018,sample_075_0018_000028,개인정보
C:\ERP\PLM\parts\075_0018.dxf,075_0018,sample_075_0018_000022,기밀정보
https://internal.company.local/doc/chain_of_custody/075_0018,075_0018,sample_075_0018_000027,기밀정보
최승혜,075_0019,sample_075_0019_000026,개인정보
사번 S-20231234,075_0019,sample_075_0019_000026,개인정보
choi.sh@ecolab.co.kr,075_0019,sample_075_0019_000026,개인정보
010-1234-5678,075_0019,sample_075_0019_000026,개인정보
에코랩(주),075_0019,sample_075_0019_000004,준식별자
대한민국,075_0019,sample_075_0019_000004,일반정보
서울특별시,075_0019,sample_075_0019_000004,준식별자
강서구,075_0019,sample_075_0019_000004,준식별자
INT-SKU-000123,075_0019,sample_075_0019_000027,기밀정보
/srv/plm/internal/INT-PLM-00045/specs.pdf,075_0019,sample_075_0019_000027,기밀정보
계좌번호: 110-223-334455,075_0019,sample_075_0019_000027,기밀정보
cost_per_unit_USD=0.045 USD/개,075_0019,sample_075_0019_000023,기밀정보
inventory_quantity_units=120000 개,075_0019,sample_075_0019_000023,기밀정보
LOT-202401-EC01,075_0019,sample_075_0019_000019,일반정보
CAD_Files/MAT-ECO-2024-001/dieline_v1.dxf,075_0019,sample_075_0019_000020,기밀정보
마진 12%,075_0019,sample_075_0019_000028,기밀정보
류이헌,075_0020,sample_075_0020_000005,개인정보
010-1111-2222,075_0020,sample_075_0020_000005,개인정보
ryu.lee@example.com,075_0020,sample_075_0020_000005,개인정보
사번: 20245,075_0020,sample_075_0020_000005,개인정보
1985-03-12,075_0020,sample_075_0020_000005,준식별자
서울특별시 강서구,075_0020,sample_075_0020_000005,준식별자
천아영,075_0020,sample_075_0020_000016,개인정보
\\server\\files\\proj\\packaging\\specs\\internal_spec_v2.docx,075_0020,sample_075_0020_000018,기밀정보
계좌번호 123-456-789012,075_0020,sample_075_0020_000018,기밀정보
류이헌,075_0020,sample_075_0020_000028,개인정보
에코팩코리아,075_0021,sample_075_0021_000004,준식별자
2024-11-20,075_0021,sample_075_0021_000014,준식별자
TR-20241120-EP,075_0021,sample_075_0021_000014,기밀정보
2024-12-05,075_0021,sample_075_0021_000015,준식별자
TR-20241205-MB,075_0021,sample_075_0021_000015,기밀정보
SDS_REF_2025_001,075_0021,sample_075_0021_000017,기밀정보
2025-01-10,075_0021,sample_075_0021_000017,준식별자
Bisphenol A (BPA),075_0021,sample_075_0021_000018,일반정보
LOT-20250115-AX12,075_0021,sample_075_0021_000019,기밀정보
2025-01-15,075_0021,sample_075_0021_000019,준식별자
dieline_MAT-PAK-001_v2.dxf,075_0021,sample_075_0021_000021,기밀정보
SKU-MAT-000123,075_0021,sample_075_0021_000024,기밀정보
TRC-075-0021-20250115,075_0021,sample_075_0021_000025,기밀정보
CoC_internal_2025_v3.docx,075_0021,sample_075_0021_000026,기밀정보
안영식,075_0021,sample_075_0021_000029,개인정보
류은채,075_0022,sample_075_0022_000025,개인정보
A12345,075_0022,sample_075_0022_000025,개인정보
010-1234-5678,075_0022,sample_075_0022_000025,개인정보
eunchae.ryu@example.com,075_0022,sample_075_0022_000025,개인정보
"서울특별시 강남구 테헤란로 123, 8층 802호",075_0022,sample_075_0022_000025,개인정보
부산광역시 해운대구,075_0022,sample_075_0022_000026,준식별자
1985-07-12,075_0022,sample_075_0022_000027,준식별자
남성,075_0022,sample_075_0022_000027,준식별자
/srv/internal/packaging_spec_v3.dwg,075_0022,sample_075_0022_000019,기밀정보
123-456-789,075_0022,sample_075_0022_000028,기밀정보
CNT-2024-009,075_0022,sample_075_0022_000028,기밀정보
백성욱,075_0022,sample_075_0022_000029,개인정보
서울특별시 강서구,075_0023,sample_075_0023_000003,준식별자
2024-09-01,075_0023,sample_075_0023_000014,준식별자
2024-08-25,075_0023,sample_075_0023_000015,준식별자
LOT-B20240815-XY12,075_0023,sample_075_0023_000019,기밀정보
2024-08-15,075_0023,sample_075_0023_000019,준식별자
2027-08-15,075_0023,sample_075_0023_000019,준식별자
https://trace.ecopack.kr/trace/075/LOT-B20240815-XY12,075_0023,sample_075_0023_000024,기밀정보
COC_2024_075_signed.pdf,075_0023,sample_075_0023_000025,기밀정보
dieline_rPET_075_v2.dwg,075_0023,sample_075_0023_000020,기밀정보
SDS_KR_07523_signed.pdf,075_0023,sample_075_0023_000018,기밀정보
권우남,075_0023,sample_075_0023_000013,개인정보
민서혁,075_0023,sample_075_0023_000015,개인정보
최설민,075_0023,sample_075_0023_000027,개인정보
2024-09-05,075_0023,sample_075_0023_000027,준식별자
서울특별시,075_0023,sample_075_0023_000022,준식별자
안태욱,075_0024,sample_075_0024_000002,개인정보
010-1234-5678,075_0024,sample_075_0024_000002,개인정보
antaeuk@example.com,075_0024,sample_075_0024_000002,개인정보
서울특별시 강남구 테헤란로 10길 12,075_0024,sample_075_0024_000005,준식별자
2025-01-15,075_0024,sample_075_0024_000006,준식별자
2027-01-15,075_0024,sample_075_0024_000006,준식별자
123-45-678901-00,075_0024,sample_075_0024_000010,기밀정보
https://intranet.example.com/trace/LOT-20241234,075_0024,sample_075_0024_000024,기밀정보
\\fileserver\projects\sustainability\CoC_MAT-2024-075_signed.pdf,075_0024,sample_075_0024_000026,기밀정보
임정범,075_0024,sample_075_0024_000028,개인정보
20245,075_0024,sample_075_0024_000028,개인정보
2024,075_0025,sample_075_0025_000013,준식별자
11,075_0025,sample_075_0025_000013,준식별자
20,075_0025,sample_075_0025_000013,준식별자
2025,075_0025,sample_075_0025_000014,준식별자
01,075_0025,sample_075_0025_000014,준식별자
10,075_0025,sample_075_0025_000014,준식별자
2024,075_0025,sample_075_0025_000015,준식별자
06,075_0025,sample_075_0025_000015,준식별자
01,075_0025,sample_075_0025_000015,준식별자
2027,075_0025,sample_075_0025_000015,준식별자
06,075_0025,sample_075_0025_000015,준식별자
01,075_0025,sample_075_0025_000015,준식별자
2023,075_0025,sample_075_0025_000016,준식별자
09,075_0025,sample_075_0025_000016,준식별자
15,075_0025,sample_075_0025_000016,준식별자
2026,075_0025,sample_075_0025_000016,준식별자
09,075_0025,sample_075_0025_000016,준식별자
15,075_0025,sample_075_0025_000016,준식별자
2024,075_0025,sample_075_0025_000017,준식별자
08,075_0025,sample_075_0025_000017,준식별자
05,075_0025,sample_075_0025_000017,준식별자
2025,075_0025,sample_075_0025_000019,준식별자
03,075_0025,sample_075_0025_000019,준식별자
15,075_0025,sample_075_0025_000019,준식별자
2028,075_0025,sample_075_0025_000020,준식별자
03,075_0025,sample_075_0025_000020,준식별자
15,075_0025,sample_075_0025_000020,준식별자
손효연,075_0026,sample_075_0026_000031,개인정보
사번: 20240078,075_0026,sample_075_0026_000031,개인정보
우지음,075_0026,sample_075_0026_000031,개인정보
2025-03-15,075_0026,sample_075_0026_000022,준식별자
2027-03-15,075_0026,sample_075_0026_000023,준식별자
2024-11-02,075_0026,sample_075_0026_000016,준식별자
2025-03-15,075_0026,sample_075_0026_000021,준식별자
2023-09-30,075_0026,sample_075_0026_000018,준식별자
2025-09-29,075_0026,sample_075_0026_000018,준식별자
부산광역시,075_0026,sample_075_0026_000005,준식별자
해운대구,075_0026,sample_075_0026_000005,준식별자
ERP:/files/CAD/pack_045.dxf,075_0026,sample_075_0026_000024,기밀정보
internal_part_number: IPN-2024-00123,075_0026,sample_075_0026_000032,기밀정보
계좌번호: 123-456-789012,075_0026,sample_075_0026_000032,기밀정보
CoC_signed_2024_11_02.pdf,075_0026,sample_075_0026_000029,기밀정보
2024-11-15,075_0026,sample_075_0026_000034,준식별자
노세완,075_0027,sample_075_0027_000023,개인정보
사번: 2020456,075_0027,sample_075_0027_000023,개인정보
010-1234-5678,075_0027,sample_075_0027_000023,개인정보
nosewan@example.com,075_0027,sample_075_0027_000023,개인정보
"서울특별시 강남구 테헤란로 123, 6층",075_0027,sample_075_0027_000023,개인정보
권태언,075_0027,sample_075_0027_000024,개인정보
kwon.taeeon@greenpack.kr,075_0027,sample_075_0027_000024,개인정보
02-3456-7890,075_0027,sample_075_0027_000024,개인정보
은행 계좌번호 123-456-789012,075_0027,sample_075_0027_000025,기밀정보
\\intranet\\cad\\MAT-075-0027_v1.2.dwg,075_0027,sample_075_0027_000017,기밀정보
cost_per_unit_USD: 0.85 USD/unit,075_0027,sample_075_0027_000021,기밀정보
\\fileserver\\prod\\specs\\MAT-075-0027.pdf,075_0027,sample_075_0027_000026,기밀정보
https://intranet.corp/packaging/specs/MAT-075-0027,075_0027,sample_075_0027_000026,기밀정보
192.168.10.5,075_0027,sample_075_0027_000026,기밀정보
전세민,075_0028,sample_075_0028_000026,개인정보
010-1234-5678,075_0028,sample_075_0028_000026,개인정보
sejin@example.com,075_0028,sample_075_0028_000026,개인정보
2025001,075_0028,sample_075_0028_000026,개인정보
1985-07-21,075_0028,sample_075_0028_000026,준식별자
"서울특별시 강남구 테헤란로 123, 5층",075_0028,sample_075_0028_000027,개인정보
/srv/plm/CAD/pack_075_0028_v01.dxf,075_0028,sample_075_0028_000018,기밀정보
CN-2025-0456,075_0028,sample_075_0028_000028,기밀정보
110-123-456789,075_0028,sample_075_0028_000028,기밀정보
IPN-CK-001-2025,075_0028,sample_075_0028_000028,기밀정보
손은효,075_0029,sample_075_0029_000005,개인정보
seunhyo@example.com,075_0029,sample_075_0029_000005,개인정보
010-1234-5678,075_0029,sample_075_0029_000005,개인정보
20245,075_0029,sample_075_0029_000005,개인정보
1985-07-14,075_0029,sample_075_0029_000006,준식별자
서울특별시 강남구,075_0029,sample_075_0029_000004,준식별자
110-123-456789,075_0029,sample_075_0029_000012,기밀정보
\\internal\\CAD\\EcoPET_tray_v2.dwg,075_0029,sample_075_0029_000015,기밀정보
USD 0.12,075_0029,sample_075_0029_000020,기밀정보
C:\\projects\\chain\\coc_signed.pdf,075_0029,sample_075_0029_000022,기밀정보
임경민,075_0030,sample_075_0030_000022,개인정보
2025-019,075_0030,sample_075_0030_000022,개인정보
010-9876-5432,075_0030,sample_075_0030_000022,개인정보
kim.contact@example.com,075_0030,sample_075_0030_000022,개인정보
서울특별시 강서구 화곡동 123-45 A동 101호,075_0030,sample_075_0030_000022,개인정보
서울특별시,075_0030,sample_075_0030_000022,준식별자
강서구,075_0030,sample_075_0030_000022,준식별자
화곡동,075_0030,sample_075_0030_000022,준식별자
1985-08-15,075_0030,sample_075_0030_000023,준식별자
1985,075_0030,sample_075_0030_000023,준식별자
08,075_0030,sample_075_0030_000023,준식별자
15,075_0030,sample_075_0030_000023,준식별자
s3://corp-internal/erp/MAT-2026-0001/specs.dwg,075_0030,sample_075_0030_000024,기밀정보
https://intranet.company.local/docs/trace/MAT-2026-0001,075_0030,sample_075_0030_000024,기밀정보
110-223-3344,075_0030,sample_075_0030_000025,기밀정보
\\erpserver\\items\\MAT-2026-0001\\specs.xlsx,075_0030,sample_075_0030_000026,기밀정보
"EcoPack Co., Ltd.",075_0031,sample_075_0031_000003,준식별자
화성시,075_0031,sample_075_0031_000003,준식별자
SUP-9001,075_0031,sample_075_0031_000003,기밀정보
2025-03-16,075_0031,sample_075_0031_000012,준식별자
2025-03-20,075_0031,sample_075_0031_000013,준식별자
BATCH-20250315-A1,075_0031,sample_075_0031_000017,기밀정보
2025-03-15,075_0031,sample_075_0031_000017,준식별자
https://trace.example.com/qr/BATCH-20250315-A1,075_0031,sample_075_0031_000023,기밀정보
COC-2025-03-18-signed.pdf,075_0031,sample_075_0031_000024,기밀정보
2025-03-18,075_0031,sample_075_0031_000024,준식별자
강윤재,075_0031,sample_075_0031_000024,개인정보
IPN-4821,075_0031,sample_075_0031_000025,기밀정보
MAT-075-0032,075_0032,sample_075_0032_000002,기밀정보
SUPP-INT-00987,075_0032,sample_075_0032_000005,기밀정보
SDS_075_0032_rev2.pdf,075_0032,sample_075_0032_000020,기밀정보
LOT-20250123-01,075_0032,sample_075_0032_000022,기밀정보
CAD/MAT-075-0032_v1.dxf,075_0032,sample_075_0032_000023,기밀정보
IPN-PPB-00456,075_0032,sample_075_0032_000026,기밀정보
QRCODE:0750032A1B2C3,075_0032,sample_075_0032_000027,기밀정보
CoC_075_0032_signed.pdf,075_0032,sample_075_0032_000027,기밀정보
진윤정,075_0033,sample_075_0033_000002,개인정보
사번: 20240123,075_0033,sample_075_0033_000002,개인정보
에코패키징코리아,075_0033,sample_075_0033_000004,준식별자
경기도 화성시,075_0033,sample_075_0033_000006,준식별자
부산광역시 해운대구,075_0033,sample_075_0033_000009,준식별자
\\corp-server\internal\design\pack_v4.dwg,075_0033,sample_075_0033_000017,기밀정보
계좌번호: 123-456-789012,075_0033,sample_075_0033_000026,기밀정보
10.0.0.12,075_0033,sample_075_0033_000027,기밀정보
나상빈,075_0033,sample_075_0033_000028,개인정보
MAT-075-0034,075_0034,sample_075_0034_000002,기밀정보
부산광역시 해운대구,075_0034,sample_075_0034_000005,준식별자
TR-2025-0115-001,075_0034,sample_075_0034_000016,기밀정보
2025-01-15,075_0034,sample_075_0034_000016,준식별자
BR-2024-11-20-007,075_0034,sample_075_0034_000018,기밀정보
2024-11-20,075_0034,sample_075_0034_000018,준식별자
SDS-MAT-075-0034.pdf,075_0034,sample_075_0034_000020,기밀정보
LOT20241112A,075_0034,sample_075_0034_000022,기밀정보
2024-11-12,075_0034,sample_075_0034_000022,준식별자
CAD/MAT-075-0034.dxf,075_0034,sample_075_0034_000024,기밀정보
0.145 USD,075_0034,sample_075_0034_000027,기밀정보
"12,450 units",075_0034,sample_075_0034_000028,기밀정보
QR:URN:075-0034-LOT20241112A,075_0034,sample_075_0034_000029,기밀정보
권윤석,075_0034,sample_075_0034_000030,개인정보
EMP-2023-045,075_0034,sample_075_0034_000030,개인정보
임가윤,075_0035,sample_075_0035_000004,개인정보
2023-0456,075_0035,sample_075_0035_000004,개인정보
010-9876-5432,075_0035,sample_075_0035_000004,개인정보
ygim@supplyco.kr,075_0035,sample_075_0035_000004,개인정보
1985,075_0035,sample_075_0035_000004,준식별자
07,075_0035,sample_075_0035_000004,준식별자
23,075_0035,sample_075_0035_000004,준식별자
서울특별시,075_0035,sample_075_0035_000004,준식별자
강남구,075_0035,sample_075_0035_000004,준식별자
123-456-789012,075_0035,sample_075_0035_000005,기밀정보
/srv/internal/docs/EPD/075_0035/secret.docx,075_0035,sample_075_0035_000005,기밀정보
INT-PART-00987,075_0036,sample_075_0036_000007,기밀정보
internal/docs/CAD/075-0036_v1.dxf,075_0036,sample_075_0036_000016,기밀정보
최노은,075_0036,sample_075_0036_000020,개인정보
박정한,075_0036,sample_075_0036_000021,개인정보
SUP-4587,075_0037,sample_075_0037_000002,기밀정보
RPT-EN-2025-0042,075_0037,sample_075_0037_000012,기밀정보
RPT-OTR-2024-118,075_0037,sample_075_0037_000013,기밀정보
CERT-OKC-2024-021,075_0037,sample_075_0037_000015,기밀정보
SDS-EP-2024-11,075_0037,sample_075_0037_000016,기밀정보
LOT-20250115-AX12,075_0037,sample_075_0037_000018,기밀정보
/cad/projects/pack123_v2.dwg,075_0037,sample_075_0037_000019,기밀정보
QR:000123456789,075_0037,sample_075_0037_000023,기밀정보
CoC-2024-09-77.pdf,075_0037,sample_075_0037_000024,기밀정보
INT-PN-9001,075_0037,sample_075_0037_000025,기밀정보
EP-SKU-001,075_0037,sample_075_0037_000025,기밀정보
2024-10-12,075_0038,sample_075_0038_000011,준식별자
2024-10-15,075_0038,sample_075_0038_000012,준식별자
2024-08-01,075_0038,sample_075_0038_000013,준식별자
2026-07-31,075_0038,sample_075_0038_000013,준식별자
2024-10-12,075_0038,sample_075_0038_000014,준식별자
2024-10-12,075_0038,sample_075_0038_000015,준식별자
2024년 10월 15일,075_0038,sample_075_0038_000025,준식별자
/srv/procurement/075/0038/specs.dwg,075_0038,sample_075_0038_000017,기밀정보
INT-PT-2024-045,075_0038,sample_075_0038_000020,기밀정보
허서휘,075_0038,sample_075_0038_000023,개인정보
서울특별시 강서구,075_0038,sample_075_0038_000024,준식별자
/lot/LOT-20241012-A3/meta.json,075_0038,sample_075_0038_000026,기밀정보
SK-MAT-075-0038-01,075_0038,sample_075_0038_000026,기밀정보
류하울,075_0039,sample_075_0039_000004,개인정보
ryu.h@example.com,075_0039,sample_075_0039_000004,개인정보
010-1234-5678,075_0039,sample_075_0039_000004,개인정보
"서울특별시 강남구 테헤란로 123, 10층",075_0039,sample_075_0039_000005,개인정보
SUP-1987-A,075_0039,sample_075_0039_000004,기밀정보
/docs/SDS/MAT-2025-001_SDS.pdf,075_0039,sample_075_0039_000016,기밀정보
KPTR-2024-0789,075_0039,sample_075_0039_000013,기밀정보
2024-12-20,075_0039,sample_075_0039_000013,준식별자
KPTR-2024-0790,075_0039,sample_075_0039_000014,기밀정보
2024-12-22,075_0039,sample_075_0039_000014,준식별자
OC-34567,075_0039,sample_075_0039_000015,기밀정보
2024-11-01,075_0039,sample_075_0039_000015,준식별자
2027-11-01,075_0039,sample_075_0039_000015,준식별자
Bis(2-ethylhexyl) phthalate (DEHP),075_0039,sample_075_0039_000017,일반정보
LOT2025A0007,075_0039,sample_075_0039_000018,기밀정보
2025-01-15,075_0039,sample_075_0039_000018,준식별자
2028-01-15,075_0039,sample_075_0039_000018,준식별자
SLD_MAT2025_001.dwg,075_0039,sample_075_0039_000019,기밀정보
/plm/CAD/SLD_MAT2025_001.dwg,075_0039,sample_075_0039_000019,기밀정보
COC-2024-112,075_0039,sample_075_0039_000021,기밀정보
2024-10-10,075_0039,sample_075_0039_000021,준식별자
2026-10-09,075_0039,sample_075_0039_000021,준식별자
https://trace.example.com/track/LOT2025A0007,075_0039,sample_075_0039_000022,기밀정보
INT-PN-4521,075_0039,sample_075_0039_000023,기밀정보
8801234567890,075_0039,sample_075_0039_000023,기밀정보
123-45-678901,075_0039,sample_075_0039_000027,기밀정보
곽우솔,075_0039,sample_075_0039_000028,개인정보
SUPP-00123,075_0040,sample_075_0040_000002,기밀정보
/srv/prod/pack/specs/alpha_v1.dxf,075_0040,sample_075_0040_000005,기밀정보
2025-03-15,075_0040,sample_075_0040_000012,준식별자
2024-11-30,075_0040,sample_075_0040_000013,준식별자
2024-10-01,075_0040,sample_075_0040_000015,준식별자
2024-11-30,075_0040,sample_075_0040_000016,준식별자
LOT-20241130-A3,075_0040,sample_075_0040_000016,기밀정보
https://trace.greenpack.example/lot/LOT-20241130-A3,075_0040,sample_075_0040_000017,기밀정보
COC-2024-789,075_0040,sample_075_0040_000018,기밀정보
IPN-075-400,075_0040,sample_075_0040_000019,기밀정보
USD 0.045,075_0040,sample_075_0040_000023,기밀정보
"152,400 units",075_0040,sample_075_0040_000024,기밀정보
SKU-075-0040-01,075_0040,sample_075_0040_000024,기밀정보
안무영,075_0040,sample_075_0040_000025,개인정보
엄수희,075_0040,sample_075_0040_000026,개인정보
내부 결재선,075_0040,sample_075_0040_000026,기밀정보
경기도 성남시 분당구,075_0040,sample_075_0040_000027,준식별자
SDS-GP-2024-01,075_0040,sample_075_0040_000015,기밀정보
우세화,075_0041,sample_075_0041_000023,개인정보
품질관리팀,075_0041,sample_075_0041_000023,준식별자
조재하,075_0041,sample_075_0041_000024,개인정보
jjaeha@example.com,075_0041,sample_075_0041_000024,개인정보
010-1234-5678,075_0041,sample_075_0041_000024,개인정보
유규연,075_0041,sample_075_0041_000025,개인정보
1980-05-14,075_0041,sample_075_0041_000025,준식별자
서울특별시,075_0041,sample_075_0041_000025,준식별자
강남구,075_0041,sample_075_0041_000025,준식별자
internal/docs/specs/pack_v2.dwg,075_0041,sample_075_0041_000026,기밀정보
110-123456-78,075_0041,sample_075_0041_000027,기밀정보
2024-0042,075_0041,sample_075_0041_000028,개인정보
원태환,075_0041,sample_075_0041_000028,개인정보
제조팀,075_0041,sample_075_0041_000028,준식별자
정문걸,075_0042,sample_075_0042_000003,개인정보
010-1234-5678,075_0042,sample_075_0042_000003,개인정보
jungmg@example.com,075_0042,sample_075_0042_000003,개인정보
서울특별시,075_0042,sample_075_0042_000004,준식별자
종로구,075_0042,sample_075_0042_000004,준식별자
2025,075_0042,sample_075_0042_000010,준식별자
03,075_0042,sample_075_0042_000010,준식별자
15,075_0042,sample_075_0042_000010,준식별자
INT-PN-8901,075_0042,sample_075_0042_000002,기밀정보
//intranet/project/packaging/specs/PS-2025.dwg,075_0042,sample_075_0042_000027,기밀정보
123-45-678901,075_0042,sample_075_0042_000028,기밀정보
공재연,075_0043,sample_075_0043_000023,개인정보
gong.jy@example.com,075_0043,sample_075_0043_000023,개인정보
010-1234-5678,075_0043,sample_075_0043_000023,개인정보
품질관리부,075_0043,sample_075_0043_000023,준식별자
서울특별시 강남구,075_0043,sample_075_0043_000017,준식별자
차희승,075_0043,sample_075_0043_000024,개인정보
20230045,075_0043,sample_075_0043_000024,개인정보
101-234567-89,075_0043,sample_075_0043_000025,기밀정보
고승혜,075_0045,sample_075_0045_000002,개인정보
윤지용,075_0045,sample_075_0045_000028,개인정보
LOT-2025-03-045,075_0045,sample_075_0045_000019,기밀정보
CoC-2025-7789,075_0045,sample_075_0045_000025,기밀정보
SDS-2025-PL12345.pdf,075_0045,sample_075_0045_000017,기밀정보
SKU-GP-4501,075_0045,sample_075_0045_000027,기밀정보
IPN-075-0045-01,075_0045,sample_075_0045_000027,기밀정보
서울특별시,075_0046,sample_075_0046_000004,준식별자
강남구,075_0046,sample_075_0046_000004,준식별자
"테헤란로 123, 5층",075_0046,sample_075_0046_000004,개인정보
안소울,075_0046,sample_075_0046_000005,개인정보
010-1234-5678,075_0046,sample_075_0046_000005,개인정보
ansool@packco.kr,075_0046,sample_075_0046_000005,개인정보
20245,075_0046,sample_075_0046_000005,개인정보
2025,075_0046,sample_075_0046_000008,준식별자
03,075_0046,sample_075_0046_000008,준식별자
20,075_0046,sample_075_0046_000008,준식별자
2025,075_0046,sample_075_0046_000009,준식별자
03,075_0046,sample_075_0046_000009,준식별자
22,075_0046,sample_075_0046_000009,준식별자
2025,075_0046,sample_075_0046_000010,준식별자
03,075_0046,sample_075_0046_000010,준식별자
22,075_0046,sample_075_0046_000010,준식별자
2025,075_0046,sample_075_0046_000013,준식별자
03,075_0046,sample_075_0046_000013,준식별자
25,075_0046,sample_075_0046_000013,준식별자
2025,075_0046,sample_075_0046_000014,준식별자
03,075_0046,sample_075_0046_000014,준식별자
19,075_0046,sample_075_0046_000014,준식별자
2025,075_0046,sample_075_0046_000015,준식별자
03,075_0046,sample_075_0046_000015,준식별자
15,075_0046,sample_075_0046_000015,준식별자
\\intranet\\cad\\projects\\075_0046\\pack_v2.dxf,075_0046,sample_075_0046_000016,기밀정보
2025,075_0046,sample_075_0046_000016,준식별자
03,075_0046,sample_075_0046_000016,준식별자
16,075_0046,sample_075_0046_000016,준식별자
CoC_075_0046_signed.pdf,075_0046,sample_075_0046_000017,기밀정보
PLM:/documents/075/0046,075_0046,sample_075_0046_000017,기밀정보
110-123456-789,075_0046,sample_075_0046_000024,기밀정보
https://intranet.packco.local/docs/075_0046,075_0046,sample_075_0046_000024,기밀정보
이상록,075_0046,sample_075_0046_000025,개인정보
2025,075_0046,sample_075_0046_000025,준식별자
03,075_0046,sample_075_0046_000025,준식별자
28,075_0046,sample_075_0046_000025,준식별자
차하늘,075_0046,sample_075_0046_000026,개인정보
30012,075_0046,sample_075_0046_000026,개인정보
2025,075_0046,sample_075_0046_000026,준식별자
03,075_0046,sample_075_0046_000026,준식별자
30,075_0046,sample_075_0046_000026,준식별자
백도준,075_0046,sample_075_0046_000027,개인정보
2025,075_0046,sample_075_0046_000028,준식별자
03,075_0046,sample_075_0046_000028,준식별자
30,075_0046,sample_075_0046_000028,준식별자
배승리,075_0046,sample_075_0046_000029,개인정보
010-9876-5432,075_0046,sample_075_0046_000029,개인정보
needs_verification@packco.kr,075_0046,sample_075_0046_000029,개인정보
PLM:/documents/075/0046/CoC_075_0046_signed.pdf,075_0046,sample_075_0046_000030,기밀정보
경기도 성남시 분당구,075_0047,sample_075_0047_000004,준식별자
/srv/plm/private/pack_047.dxf,075_0047,sample_075_0047_000021,기밀정보
INT-PN-2024-0098,075_0047,sample_075_0047_000021,기밀정보
지정민,075_0047,sample_075_0047_000028,개인정보
송영호,075_0048,sample_075_0048_000027,개인정보
사번 20210456,075_0048,sample_075_0048_000027,개인정보
서울특별시 강남구,075_0048,sample_075_0048_000027,준식별자
배효성,075_0048,sample_075_0048_000028,개인정보
1990년 05월 12일,075_0048,sample_075_0048_000028,준식별자
남성,075_0048,sample_075_0048_000028,준식별자
\\corp\\secret\\packaging_strategy_v2,075_0048,sample_075_0048_000029,기밀정보
110-123-456789,075_0048,sample_075_0048_000029,기밀정보
서울특별시,075_0049,sample_075_0049_000003,준식별자
강서구,075_0049,sample_075_0049_000003,준식별자
김유연,075_0049,sample_075_0049_000004,개인정보
사번:20231234,075_0049,sample_075_0049_000005,개인정보
certs/FSC-C123456.pdf,075_0049,sample_075_0049_000017,기밀정보
/internal/sds/pack_A_v3.pdf,075_0049,sample_075_0049_000018,기밀정보
certs/CoC-2023-789.pdf,075_0049,sample_075_0049_000026,기밀정보
INT-PRC-0001,075_0049,sample_075_0049_000028,기밀정보
계좌번호: 123-456-789,075_0049,sample_075_0049_000028,기밀정보
https://intranet.company.local/docs/packA/075_0049_v03,075_0049,sample_075_0049_000029,기밀정보
배현웅,075_0049,sample_075_0049_000030,개인정보
박봄이,075_0050,sample_075_0050_000005,개인정보
사번 E12345,075_0050,sample_075_0050_000005,개인정보
010-1234-5678,075_0050,sample_075_0050_000005,개인정보
bom.park@example.com,075_0050,sample_075_0050_000005,개인정보
서울특별시,075_0050,sample_075_0050_000027,준식별자
강남구,075_0050,sample_075_0050_000027,준식별자
계좌번호 110-123456-789,075_0050,sample_075_0050_000028,기밀정보
/internal/secure/costs/075/ledger.xlsx,075_0050,sample_075_0050_000028,기밀정보
AP-998,075_0050,sample_075_0050_000028,기밀정보
손민주,075_0050,sample_075_0050_000029,개인정보
남제훈,075_0051,sample_075_0051_000028,개인정보
환경안전팀,075_0051,sample_075_0051_000028,준식별자
장시율,075_0051,sample_075_0051_000029,개인정보
서울특별시,075_0051,sample_075_0051_000029,준식별자
강남구,075_0051,sample_075_0051_000029,준식별자
부산광역시,075_0051,sample_075_0051_000030,준식별자
해운대구,075_0051,sample_075_0051_000030,준식별자
INT-PN-00012345,075_0051,sample_075_0051_000031,기밀정보
/erp/internal/part/INT-PN-000123,075_0051,sample_075_0051_000031,기밀정보
internal_share/CoC/075_0051_CoC.pdf,075_0051,sample_075_0051_000032,기밀정보
SOP/confidential/CoC_075_0051.pdf,075_0051,sample_075_0051_000032,기밀정보
배기호,075_0051,sample_075_0051_000033,개인정보
생산관리부,075_0051,sample_075_0051_000033,준식별자
유병관,075_0052,sample_075_0052_000025,개인정보
노예림,075_0052,sample_075_0052_000025,개인정보
010-1234-5678,075_0052,sample_075_0052_000025,개인정보
yub@eco-film.co.kr,075_0052,sample_075_0052_000025,개인정보
배기량,075_0052,sample_075_0052_000030,개인정보
2024-02-10,075_0052,sample_075_0052_000006,준식별자
2024-02-10,075_0052,sample_075_0052_000007,준식별자
2024-02-10,075_0052,sample_075_0052_000013,준식별자
2024-01-15,075_0052,sample_075_0052_000016,준식별자
2024-02-15,075_0052,sample_075_0052_000030,준식별자
경기도 화성시,075_0052,sample_075_0052_000027,준식별자
110-234-567890,075_0052,sample_075_0052_000026,기밀정보
PRD-2024-0456,075_0052,sample_075_0052_000026,기밀정보
\\intranet\\designs\\packA.dxf,075_0052,sample_075_0052_000017,기밀정보
코어솔루션즈,075_0052,sample_075_0052_000026,기밀정보
임미애,075_0053,sample_075_0053_000003,개인정보
EMP-2024-015,075_0053,sample_075_0053_000003,개인정보
010-1234-5678,075_0053,sample_075_0053_000003,개인정보
immi.ae@supplier.co.kr,075_0053,sample_075_0053_000003,개인정보
경기도 고양시 덕양구,075_0053,sample_075_0053_000005,준식별자
2025-06-15,075_0053,sample_075_0053_000010,준식별자
INT-PN-000789,075_0053,sample_075_0053_000002,기밀정보
\\internal\docs\packaging\specs\part_000123.dwg,075_0053,sample_075_0053_000013,기밀정보
123-456-789012,075_0053,sample_075_0053_000025,기밀정보
에코팩 주식회사,075_0054,sample_075_0054_000003,준식별자
전기찬,075_0054,sample_075_0054_000026,개인정보
2023-0456,075_0054,sample_075_0054_000026,개인정보
/srv/plm/private/075_0054/spec_v1.pdf,075_0054,sample_075_0054_000027,기밀정보
CONF-2024-099,075_0054,sample_075_0054_000027,기밀정보
에코패키지(주),075_0055,sample_075_0055_000004,준식별자
대한민국,075_0055,sample_075_0055_000004,준식별자
서울특별시 강남구 삼성동,075_0055,sample_075_0055_000004,준식별자
홍명우,075_0055,sample_075_0055_000004,개인정보
사번: 000457,075_0055,sample_075_0055_000004,개인정보
2024-02-20,075_0055,sample_075_0055_000013,준식별자
2024-01-30,075_0055,sample_075_0055_000014,준식별자
김서환,075_0055,sample_075_0055_000015,개인정보
2024-02-05,075_0055,sample_075_0055_000015,준식별자
2023-06-15,075_0055,sample_075_0055_000016,준식별자
2025-06-30,075_0055,sample_075_0055_000016,준식별자
LOT-BX-20240115-023,075_0055,sample_075_0055_000018,기밀정보
2024-01-15,075_0055,sample_075_0055_000018,준식별자
2026-01-15,075_0055,sample_075_0055_000019,준식별자
INT-PRT-2024-001,075_0055,sample_075_0055_000027,기밀정보
2024-02-25T10:30:00Z,075_0055,sample_075_0055_000027,준식별자
C:\ERP\projects\sustainability\plans\secret_spec_v2.xlsx,075_0055,sample_075_0055_000028,기밀정보
서울특별시,075_0056,sample_075_0056_000004,준식별자
강남구,075_0056,sample_075_0056_000004,준식별자
테헤란로 123,075_0056,sample_075_0056_000004,개인정보
그린패키징(주),075_0056,sample_075_0056_000004,준식별자
김지오,075_0056,sample_075_0056_000005,개인정보
+82-2-3456-7890,075_0056,sample_075_0056_000005,개인정보
kjo@supplier.co.kr,075_0056,sample_075_0056_000005,개인정보
허지후,075_0056,sample_075_0056_000006,개인정보
HJH-2024-01,075_0056,sample_075_0056_000006,개인정보
hjh@packingsol.kr,075_0056,sample_075_0056_000006,개인정보
+82-10-1234-5678,075_0056,sample_075_0056_000006,개인정보
PackIng Solutions Co.,075_0056,sample_075_0056_000006,준식별자
/internal/cad/075_0056.dxf,075_0056,sample_075_0056_000023,기밀정보
10.0.0.45,075_0056,sample_075_0056_000023,기밀정보
/internal/chain_of_custody/075-0056.pdf,075_0056,sample_075_0056_000028,기밀정보
123-456-789012,075_0056,sample_075_0056_000030,기밀정보
/erp/data/lot/075/0056,075_0056,sample_075_0056_000030,기밀정보
송성문,075_0056,sample_075_0056_000031,개인정보
1985,075_0056,sample_075_0056_000031,준식별자
07,075_0056,sample_075_0056_000031,준식별자
12,075_0056,sample_075_0056_000031,준식별자
남성,075_0056,sample_075_0056_000031,준식별자
류서찬,075_0057,sample_075_0057_000004,개인정보
정준수,075_0057,sample_075_0057_000005,개인정보
2025-06-15,075_0057,sample_075_0057_000016,준식별자
BATCH-2025-000123,075_0057,sample_075_0057_000016,기밀정보
BATCH-2025-000123,075_0057,sample_075_0057_000017,기밀정보
SKU-EPK-0456,075_0057,sample_075_0057_000018,기밀정보
IPN-7890,075_0057,sample_075_0057_000019,기밀정보
QR-3A5B-9C7D,075_0057,sample_075_0057_000024,기밀정보
허지음,075_0058,sample_075_0058_000028,개인정보
박태훈,075_0058,sample_075_0058_000029,개인정보
서울특별시 종로구,075_0058,sample_075_0058_000030,준식별자
\\srv\\prod\\cad\\pack_v15.dxf,075_0058,sample_075_0058_000020,기밀정보
/internal/docs/specs/packaging_v2.pdf,075_0058,sample_075_0058_000026,기밀정보
고선빈,075_0059,sample_075_0059_000003,개인정보
써스테인팩 주식회사,075_0059,sample_075_0059_000003,준식별자
서울특별시,075_0059,sample_075_0059_000003,준식별자
강남구,075_0059,sample_075_0059_000003,준식별자
역삼동,075_0059,sample_075_0059_000003,준식별자
INT-BATCH-2025-045,075_0059,sample_075_0059_000015,기밀정보
\\erp\\files\\packaging\\secret_spec_v3.xlsx,075_0059,sample_075_0059_000027,기밀정보
\internal\\meetings\\minutes\\novel_material_review.docx,075_0059,sample_075_0059_000027,기밀정보
우규범,075_0059,sample_075_0059_000026,개인정보
허해솔,075_0059,sample_075_0059_000026,개인정보
그린리싸이클(주),075_0059,sample_075_0059_000021,준식별자
민시안,075_0060,sample_075_0060_000003,개인정보
최다경,075_0060,sample_075_0060_000004,개인정보
서울특별시,075_0060,sample_075_0060_000024,준식별자
공정 레시피,075_0060,sample_075_0060_000028,기밀정보
손라희,075_0061,sample_075_0061_000027,개인정보
2025-06-15,075_0061,sample_075_0061_000018,준식별자
2024-11-20,075_0061,sample_075_0061_000014,준식별자
대한민국,075_0061,sample_075_0061_000004,준식별자
/srv/erp/private/packaging/LOT_20250615.pdf,075_0061,sample_075_0061_000028,기밀정보
INT-PN-000345,075_0061,sample_075_0061_000019,기밀정보
LOT-20250615-A1,075_0061,sample_075_0061_000018,기밀정보
배한아,075_0062,sample_075_0062_000005,개인정보
010-1234-5678,075_0062,sample_075_0062_000005,개인정보
hana.bae@supplier.co.kr,075_0062,sample_075_0062_000005,개인정보
EMP-20241,075_0062,sample_075_0062_000005,개인정보
"서울특별시 강남구 테헤란로 123, 5층, 우편번호 06134",075_0062,sample_075_0062_000006,개인정보
천근후,075_0062,sample_075_0062_000027,개인정보
품질관리팀,075_0062,sample_075_0062_000027,준식별자
100-2345-678901,075_0062,sample_075_0062_000028,기밀정보
/srv/internal/packaging_project/financials,075_0062,sample_075_0062_000028,기밀정보
배한아,075_0062,sample_075_0062_000030,개인정보
최나운,075_0063,sample_075_0063_000005,개인정보
사번 2023-005,075_0063,sample_075_0063_000005,개인정보
1985,075_0063,sample_075_0063_000005,준식별자
07,075_0063,sample_075_0063_000005,준식별자
20,075_0063,sample_075_0063_000005,준식별자
서울특별시,075_0063,sample_075_0063_000006,준식별자
강남구,075_0063,sample_075_0063_000006,준식별자
역삼동,075_0063,sample_075_0063_000006,준식별자
110-123-456789,075_0063,sample_075_0063_000024,기밀정보
ERP_ACCT_00987,075_0063,sample_075_0063_000024,기밀정보
10.10.0.5,075_0063,sample_075_0063_000026,기밀정보
/srv/prod/secrets,075_0063,sample_075_0063_000026,기밀정보
SUP-ACME-4092,075_0064,sample_075_0064_000004,기밀정보
최규한,075_0064,sample_075_0064_000006,개인정보
docs/internal/PROJ/pack_spec_v3.pdf,075_0064,sample_075_0064_000013,기밀정보
INT-PN-00123,075_0064,sample_075_0064_000025,기밀정보
110-123-456789,075_0064,sample_075_0064_000030,기밀정보
/secure/sds/SDS-075-0065_v2.pdf,075_0065,sample_075_0065_000015,기밀정보
/plm/drawings/MAT-PAK-07565.dwg,075_0065,sample_075_0065_000018,기밀정보
/plm/coc/coc_075_0065_signed.pdf,075_0065,sample_075_0065_000023,기밀정보
양찬웅,075_0065,sample_075_0065_000025,개인정보
ycw@example.com,075_0065,sample_075_0065_000025,개인정보
010-1234-5678,075_0065,sample_075_0065_000025,개인정보
A12345,075_0065,sample_075_0065_000026,개인정보
1985-07-23,075_0065,sample_075_0065_000026,준식별자
서울특별시 강남구 역삼동 678-45,075_0065,sample_075_0065_000026,개인정보
강앤드류,075_0065,sample_075_0065_000027,개인정보
/internal/approvals/075_0065_approval.pdf,075_0065,sample_075_0065_000027,기밀정보
110-123-456789,075_0065,sample_075_0065_000028,기밀정보
https://internal.company.local/plm/075_0065,075_0065,sample_075_0065_000029,기밀정보
192.168.10.11,075_0065,sample_075_0065_000029,기밀정보
/srv/plm/docs/pack_spec_v3.dwg,075_0065,sample_075_0065_000029,기밀정보
경기도 화성시,075_0066,sample_075_0066_000004,준식별자
서울특별시 강남구,075_0066,sample_075_0066_000027,준식별자
허창진,075_0066,sample_075_0066_000028,개인정보
hcjang@hangang.co.kr,075_0066,sample_075_0066_000028,개인정보
010-1234-5678,075_0066,sample_075_0066_000028,개인정보
사번: 2023-045,075_0066,sample_075_0066_000028,개인정보
INT-PN-000987,075_0066,sample_075_0066_000003,기밀정보
/internal/erp/packaging/specs/075_0066.dxf,075_0066,sample_075_0066_000020,기밀정보
계좌번호: 123-456-789012,075_0066,sample_075_0066_000029,기밀정보
erp://files/INT-PN-000987,075_0066,sample_075_0066_000029,기밀정보
10.0.0.42,075_0066,sample_075_0066_000029,기밀정보
부산광역시 해운대구,075_0067,sample_075_0067_000004,준식별자
CONF-2024-AX12,075_0067,sample_075_0067_000010,기밀정보
/internal/secure/coc/075_0067/coc_signed.pdf,075_0067,sample_075_0067_000028,기밀정보
http://intranet.corp.internal/doc/075_0067,075_0067,sample_075_0067_000029,기밀정보
원신영,075_0067,sample_075_0067_000030,개인정보
사번: 202301,075_0067,sample_075_0067_000030,개인정보
서울특별시 강남구,075_0068,sample_075_0068_000004,준식별자
2025-01-15,075_0068,sample_075_0068_000013,준식별자
2025-02-10,075_0068,sample_075_0068_000014,준식별자
2024-06-01,075_0068,sample_075_0068_000015,준식별자
2027-05-31,075_0068,sample_075_0068_000015,준식별자
2025-01-10,075_0068,sample_075_0068_000016,준식별자
2025-01-20,075_0068,sample_075_0068_000017,준식별자
2025-02-10,075_0068,sample_075_0068_000018,준식별자
2025-01-05,075_0068,sample_075_0068_000019,준식별자
0.045 USD/개,075_0068,sample_075_0068_000022,기밀정보
CoC_SUP-024_2025-02-12.pdf,075_0068,sample_075_0068_000023,기밀정보
IPN-EPF-4500,075_0068,sample_075_0068_000026,기밀정보
지재익,075_0068,sample_075_0068_000027,개인정보
1980-05-12,075_0068,sample_075_0068_000027,준식별자
최이환,075_0068,sample_075_0068_000028,개인정보
오경림,075_0068,sample_075_0068_000028,개인정보
2025-02-15,075_0068,sample_075_0068_000028,준식별자
110-234-567890,075_0068,sample_075_0068_000029,기밀정보
10.0.0.15,075_0068,sample_075_0068_000029,기밀정보
/internal/approvals/epf_approval.pdf,075_0068,sample_075_0068_000029,기밀정보
나명환,075_0069,sample_075_0069_000005,개인정보
20211234,075_0069,sample_075_0069_000005,개인정보
010-1234-5678,075_0069,sample_075_0069_000005,개인정보
na.myeonghwan@company.local,075_0069,sample_075_0069_000005,개인정보
우효정,075_0069,sample_075_0069_000006,개인정보
1985-07-12,075_0069,sample_075_0069_000006,준식별자
여성,075_0069,sample_075_0069_000006,준식별자
서울특별시 강서구 공항대로 88-3 호실 502,075_0069,sample_075_0069_000007,개인정보
\\intserver\proj\packaging\specs\revA\dieline_v2.dxf,075_0069,sample_075_0069_000008,기밀정보
10.0.0.42,075_0069,sample_075_0069_000008,기밀정보
123-456-789012,075_0069,sample_075_0069_000009,기밀정보
장세라,075_0069,sample_075_0069_000027,개인정보
CONFIDENTIAL-2026-Q1,075_0069,sample_075_0069_000028,기밀정보
서울특별시 강남구 테헤란로 10,075_0071,sample_075_0071_000005,개인정보
손태혁,075_0071,sample_075_0071_000006,개인정보
EMP-00123,075_0071,sample_075_0071_000006,개인정보
010-1234-5678,075_0071,sample_075_0071_000007,개인정보
son.t@example.com,075_0071,sample_075_0071_000008,개인정보
2024-01-15,075_0071,sample_075_0071_000009,준식별자
대한민국,075_0071,sample_075_0071_000004,준식별자
https://internal.company.local/erp,075_0071,sample_075_0071_000028,기밀정보
192.168.0.10,075_0071,sample_075_0071_000029,기밀정보
111-222-3333,075_0071,sample_075_0071_000030,기밀정보
엄인화,075_0072,sample_075_0072_000027,개인정보
송경진,075_0072,sample_075_0072_000027,개인정보
류선유,075_0072,sample_075_0072_000028,개인정보
성남시,075_0072,sample_075_0072_000004,준식별자
분당구,075_0072,sample_075_0072_000004,준식별자
/srv/erp/production/pack_075_0072.dwg,075_0072,sample_075_0072_000019,기밀정보
INT-APPR-2025-45,075_0072,sample_075_0072_000028,기밀정보
ERP_ACCT_00987,075_0072,sample_075_0072_000028,기밀정보
"GreenPack Co., Ltd.",075_0073,sample_075_0073_000003,준식별자
서울특별시 강남구,075_0073,sample_075_0073_000004,준식별자
지현담,075_0073,sample_075_0073_000027,개인정보
송은후,075_0073,sample_075_0073_000028,개인정보
/internal/erp/pack_spec/LOT_20251015.pdf,075_0073,sample_075_0073_000019,기밀정보
https://internal.greenpack.local/qr/LOT_20251015,075_0073,sample_075_0073_000020,기밀정보
erp_admin,075_0073,sample_075_0073_000029,기밀정보
류승엽,075_0074,sample_075_0074_000025,개인정보
20230567,075_0074,sample_075_0074_000025,개인정보
010-1234-5678,075_0074,sample_075_0074_000025,개인정보
110-227-3345,075_0074,sample_075_0074_000026,기밀정보
/srv/erp/files/pack_075_0074.dwg,075_0074,sample_075_0074_000027,기밀정보
에코포장(주),075_0074,sample_075_0074_000004,준식별자
대전광역시 유성구,075_0074,sample_075_0074_000024,준식별자
2025-06-15,075_0074,sample_075_0074_000016,준식별자
2025-01-20,075_0074,sample_075_0074_000012,준식별자
한국포장시험연구원,075_0074,sample_075_0074_000012,준식별자
2025,075_0075,sample_075_0075_000016,준식별자
03,075_0075,sample_075_0075_000016,준식별자
10,075_0075,sample_075_0075_000016,준식별자
2025,075_0075,sample_075_0075_000017,준식별자
01,075_0075,sample_075_0075_000017,준식별자
20,075_0075,sample_075_0075_000017,준식별자
2024,075_0075,sample_075_0075_000019,준식별자
12,075_0075,sample_075_0075_000019,준식별자
01,075_0075,sample_075_0075_000019,준식별자
2027,075_0075,sample_075_0075_000019,준식별자
11,075_0075,sample_075_0075_000019,준식별자
30,075_0075,sample_075_0075_000019,준식별자
2025,075_0075,sample_075_0075_000021,준식별자
06,075_0075,sample_075_0075_000021,준식별자
15,075_0075,sample_075_0075_000021,준식별자
2025,075_0075,sample_075_0075_000031,준식별자
06,075_0075,sample_075_0075_000031,준식별자
16,075_0075,sample_075_0075_000031,준식별자
안경덕,075_0076,sample_075_0076_000003,개인정보
김소희,075_0076,sample_075_0076_000004,개인정보
사번: 2021007,075_0076,sample_075_0076_000005,개인정보
생년월일: 1985-07-12,075_0076,sample_075_0076_000006,준식별자
성별: 여성,075_0076,sample_075_0076_000006,준식별자
서울특별시 강남구 테헤란로 100,075_0076,sample_075_0076_000007,개인정보
kshee@example.com,075_0076,sample_075_0076_000008,개인정보
010-1234-5678,075_0076,sample_075_0076_000009,개인정보
계좌번호: 123-456-789,075_0076,sample_075_0076_000010,기밀정보
계약번호: CN-2025-0042,075_0076,sample_075_0076_000011,기밀정보
192.168.0.10,075_0076,sample_075_0076_000012,기밀정보
/srv/data/prod/secrets.xlsx,075_0076,sample_075_0076_000013,기밀정보
내부 마진율: 12.5%,075_0076,sample_075_0076_000014,기밀정보
공장 코드 PLANT-09,075_0076,sample_075_0076_000015,기밀정보
최진석,075_0077,sample_075_0077_000026,개인정보
010-1234-5678,075_0077,sample_075_0077_000026,개인정보
choi.jinseok@greenpack.kr,075_0077,sample_075_0077_000026,개인정보
EMP-2024-017,075_0077,sample_075_0077_000026,개인정보
서울특별시,075_0077,sample_075_0077_000027,준식별자
강남구,075_0077,sample_075_0077_000027,준식별자
테헤란로 152,075_0077,sample_075_0077_000027,개인정보
\\internal\files\cad\design_v3.dwg,075_0077,sample_075_0077_000019,기밀정보
100-123456-00,075_0077,sample_075_0077_000028,기밀정보
http://intranet.greenpack.local,075_0077,sample_075_0077_000028,기밀정보
장민규,075_0078,sample_075_0078_000024,개인정보
사번: 20240078,075_0078,sample_075_0078_000024,개인정보
jm.kang@example.com,075_0078,sample_075_0078_000024,개인정보
02-1234-5678,075_0078,sample_075_0078_000024,개인정보
주시원,075_0078,sample_075_0078_000025,개인정보
대한민국,075_0078,sample_075_0078_000004,준식별자
2024-06-20,075_0078,sample_075_0078_000013,준식별자
2024-07-05,075_0078,sample_075_0078_000014,준식별자
2024-08-15,075_0078,sample_075_0078_000017,준식별자
\\srv-plm\projects\pack_075\drawings\dieline_v2.dwg,075_0078,sample_075_0078_000018,기밀정보
\\srv-plm\approvals\pack_075\approval_v1.pdf,075_0078,sample_075_0078_000026,기밀정보
제조원가 USD 0.45/unit,075_0078,sample_075_0078_000022,기밀정보
110-000-000000,075_0078,sample_075_0078_000027,기밀정보
고희,075_0079,sample_075_0079_000005,개인정보
/plm/internal/075/pack_spec_v2.dwg,075_0079,sample_075_0079_000020,기밀정보
차이주,075_0080,sample_075_0080_000025,개인정보
chaijoo@company.co.kr,075_0080,sample_075_0080_000025,개인정보
010-1234-5678,075_0080,sample_075_0080_000025,개인정보
류진환,075_0080,sample_075_0080_000025,개인정보
경기도,075_0080,sample_075_0080_000003,준식별자
시흥시,075_0080,sample_075_0080_000003,준식별자
정왕동,075_0080,sample_075_0080_000003,준식별자
PLT-2201,075_0080,sample_075_0080_000003,기밀정보
2025,075_0080,sample_075_0080_000013,준식별자
05,075_0080,sample_075_0080_000013,준식별자
20,075_0080,sample_075_0080_000013,준식별자
2025,075_0080,sample_075_0080_000014,준식별자
04,075_0080,sample_075_0080_000014,준식별자
10,075_0080,sample_075_0080_000014,준식별자
2024,075_0080,sample_075_0080_000015,준식별자
11,075_0080,sample_075_0080_000015,준식별자
01,075_0080,sample_075_0080_000015,준식별자
2027,075_0080,sample_075_0080_000015,준식별자
11,075_0080,sample_075_0080_000015,준식별자
01,075_0080,sample_075_0080_000015,준식별자
2025,075_0080,sample_075_0080_000016,준식별자
01,075_0080,sample_075_0080_000016,준식별자
10,075_0080,sample_075_0080_000016,준식별자
LOT20250615-001,075_0080,sample_075_0080_000018,기밀정보
2025,075_0080,sample_075_0080_000018,준식별자
06,075_0080,sample_075_0080_000018,준식별자
15,075_0080,sample_075_0080_000018,준식별자
2027,075_0080,sample_075_0080_000018,준식별자
06,075_0080,sample_075_0080_000018,준식별자
15,075_0080,sample_075_0080_000018,준식별자
/projects/packaging/CAD/PACK-075-0080.dxf,075_0080,sample_075_0080_000019,기밀정보
서울특별시,075_0080,sample_075_0080_000021,준식별자
강남구,075_0080,sample_075_0080_000021,준식별자
IPN-00987,075_0080,sample_075_0080_000022,기밀정보
CONF-2024-0456,075_0080,sample_075_0080_000026,기밀정보
2025,075_0080,sample_075_0080_000027,준식별자
06,075_0080,sample_075_0080_000027,준식별자
20,075_0080,sample_075_0080_000027,준식별자
천승혜,075_0081,sample_075_0081_000022,개인정보
구윤슬,075_0081,sample_075_0081_000023,개인정보
2024-09-15,075_0081,sample_075_0081_000005,준식별자
부산광역시 해운대구,075_0081,sample_075_0081_000006,준식별자
\\internal-server\\docs\\LOT-20240915\\specs.pdf,075_0081,sample_075_0081_000024,기밀정보
공서윤,075_0082,sample_075_0082_000028,개인정보
S-2024-009,075_0082,sample_075_0082_000028,개인정보
seo.yoon@example.com,075_0082,sample_075_0082_000028,개인정보
010-0000-0000,075_0082,sample_075_0082_000028,개인정보
1985-06-15,075_0082,sample_075_0082_000028,준식별자
경기도 화성시,075_0082,sample_075_0082_000029,준식별자
/internal/contracts/confidential/contract_supplierABC_v2.pdf,075_0082,sample_075_0082_000030,기밀정보
123-45-678901,075_0082,sample_075_0082_000030,기밀정보
10.0.0.5,075_0082,sample_075_0082_000030,기밀정보
PROD_SEC_2024,075_0082,sample_075_0082_000030,기밀정보
TR-2024-1071,075_0083,sample_075_0083_000013,기밀정보
2024-11-20,075_0083,sample_075_0083_000013,준식별자
TR-2024-1103,075_0083,sample_075_0083_000014,기밀정보
2024-12-05,075_0083,sample_075_0083_000014,준식별자
BATCH-7A3K-202506,075_0083,sample_075_0083_000017,기밀정보
2025-06-15,075_0083,sample_075_0083_000017,준식별자
https://tracking.internal/trace/BATCH-7A3K-202506,075_0083,sample_075_0083_000022,기밀정보
CoC-2024-09-17-001,075_0083,sample_075_0083_000023,기밀정보
오인학,075_0083,sample_075_0083_000025,개인정보
구성,075_0083,sample_075_0083_000025,개인정보
사번: 2023-0456,075_0083,sample_075_0083_000025,개인정보
2025-01-10,075_0083,sample_075_0083_000025,준식별자
DOC-SUP-045-2024-12,075_0083,sample_075_0083_000026,기밀정보
SDS-MAT-PAK-0102_v2,075_0083,sample_075_0083_000016,기밀정보
2025-07-01,075_0083,sample_075_0083_000030,준식별자
김주은,075_0084,sample_075_0084_000017,개인정보
허우석,075_0084,sample_075_0084_000031,개인정보
부산광역시 해운대구,075_0084,sample_075_0084_000003,준식별자
INT-4521,075_0084,sample_075_0084_000030,기밀정보
/cad/dielines/M-2026-PL-PET_v1.dxf,075_0084,sample_075_0084_000020,기밀정보
/srv/finance/costs/packaging_costs.xlsx,075_0084,sample_075_0084_000030,기밀정보
경기도 성남시 중원구 은행동,075_0085,sample_075_0085_000002,준식별자
천강희,075_0085,sample_075_0085_000020,개인정보
20231234,075_0085,sample_075_0085_000020,개인정보
010-9876-5432,075_0085,sample_075_0085_000020,개인정보
cheon@example.com,075_0085,sample_075_0085_000020,개인정보
1985-07-12,075_0085,sample_075_0085_000020,준식별자
/erp/cad/pack_075_0085_v1.dwg,075_0085,sample_075_0085_000015,기밀정보
https://track.example.com/075/LOT-20250115-A,075_0085,sample_075_0085_000018,기밀정보
C:\ERP\files\chain_of_custody\075_0085.pdf,075_0085,sample_075_0085_000019,기밀정보
110-123-456789,075_0085,sample_075_0085_000028,기밀정보
원가마진 12.5%,075_0085,sample_075_0085_000028,기밀정보
"GreenPack Co., Ltd.",075_0086,sample_075_0086_000002,준식별자
원다호,075_0086,sample_075_0086_000003,개인정보
wondaho@greenpack.co.kr,075_0086,sample_075_0086_000004,개인정보
천동희,075_0086,sample_075_0086_000005,개인정보
서울특별시 강남구,075_0086,sample_075_0086_000006,준식별자
방태구,075_0086,sample_075_0086_000007,개인정보
BATCH-20250315-AX12,075_0086,sample_075_0086_000013,기밀정보
GP-PK-075-0086-01,075_0086,sample_075_0086_000014,기밀정보
8801234000086,075_0086,sample_075_0086_000014,기밀정보
files/internal/075_0086/dieline_v2.dxf,075_0086,sample_075_0086_000021,기밀정보
qr://trace/075/20250315/BATCH-20250315-AX12,075_0086,sample_075_0086_000026,기밀정보
엄세은,075_0086,sample_075_0086_000027,개인정보
주도아,075_0086,sample_075_0086_000027,개인정보
에코팩텍(주),075_0087,sample_075_0087_000002,준식별자
양준표,075_0087,sample_075_0087_000003,개인정보
유은아,075_0087,sample_075_0087_000004,개인정보
20234,075_0087,sample_075_0087_000005,개인정보
서울특별시,075_0087,sample_075_0087_000006,준식별자
강남구,075_0087,sample_075_0087_000006,준식별자
역삼동,075_0087,sample_075_0087_000006,준식별자
2025,075_0087,sample_075_0087_000007,준식별자
03,075_0087,sample_075_0087_000007,준식별자
15,075_0087,sample_075_0087_000007,준식별자
110-123-456789,075_0087,sample_075_0087_000008,기밀정보
S:/internal/recipes/pack_075/recipe_v3.dxf,075_0087,sample_075_0087_000009,기밀정보
2025,075_0087,sample_075_0087_000023,준식별자
03,075_0087,sample_075_0087_000023,준식별자
15,075_0087,sample_075_0087_000023,준식별자
정윤혁,075_0088,sample_075_0088_000006,개인정보
jeong.yh@greenpack.co.kr,075_0088,sample_075_0088_000006,개인정보
010-1234-5678,075_0088,sample_075_0088_000007,개인정보
서울특별시,075_0088,sample_075_0088_000005,준식별자
강서구,075_0088,sample_075_0088_000005,준식별자
마곡동,075_0088,sample_075_0088_000005,준식별자
IPN-075-0088-01,075_0088,sample_075_0088_000002,기밀정보
/internal/erp/docs/COC_075_0088.pdf,075_0088,sample_075_0088_000021,기밀정보
/internal/lab/RPT-2025-045.pdf,075_0088,sample_075_0088_000021,기밀정보
SDS-EB-PET-2025_v1.pdf,075_0088,sample_075_0088_000022,기밀정보
BN-20250115-075,075_0088,sample_075_0088_000024,기밀정보
EcoBlend_PET_Film_v2.dxf,075_0088,sample_075_0088_000025,기밀정보
LOT-RPET-VM-202412,075_0088,sample_075_0088_000028,기밀정보
QR:TG-075-0088-BN-20250115,075_0088,sample_075_0088_000030,기밀정보
서울특별시,075_0089,sample_075_0089_000004,준식별자
MTL-2025-0001,075_0089,sample_075_0089_000002,기밀정보
SUP-0456,075_0089,sample_075_0089_000003,기밀정보
KTR-2025-0456,075_0089,sample_075_0089_000014,기밀정보
2025-03-12,075_0089,sample_075_0089_000014,준식별자
KOTITI-2025-078,075_0089,sample_075_0089_000015,기밀정보
2025-03-15,075_0089,sample_075_0089_000015,준식별자
FSC-2024-998,075_0089,sample_075_0089_000016,기밀정보
2024-09-01,075_0089,sample_075_0089_000016,준식별자
2025-09-01,075_0089,sample_075_0089_000016,준식별자
FSC_FSC-2024-998_signed.pdf,075_0089,sample_075_0089_000016,기밀정보
SDS-EPF-2025 v1.2,075_0089,sample_075_0089_000017,기밀정보
SDS_Sheet_EPFFilm_v1.2.pdf,075_0089,sample_075_0089_000017,기밀정보
LOT-20251234,075_0089,sample_075_0089_000019,기밀정보
2025-05-08,075_0089,sample_075_0089_000019,준식별자
서울특별시,075_0089,sample_075_0089_000023,준식별자
GPF-1200-1000,075_0089,sample_075_0089_000025,기밀정보
INT-PRT-00078,075_0089,sample_075_0089_000025,기밀정보
QR1234567890,075_0089,sample_075_0089_000026,기밀정보
COC_2025_signed.pdf,075_0089,sample_075_0089_000027,기밀정보
공루다,075_0089,sample_075_0089_000028,개인정보
윤주혜,075_0089,sample_075_0089_000028,개인정보
2025-05-20,075_0089,sample_075_0089_000030,준식별자
양진효,075_0091,sample_075_0091_000004,개인정보
우지빈,075_0091,sample_075_0091_000014,개인정보
cost_per_unit_USD: 0.032 USD/unit,075_0091,sample_075_0091_000023,기밀정보
계약번호: CONF-2024-001,075_0091,sample_075_0091_000024,기밀정보
internal_part_number: IPN-4759-A,075_0091,sample_075_0091_000024,기밀정보
/srv/erp/cad/MAT-075-0091.dxf,075_0091,sample_075_0091_000020,기밀정보
구기호,075_0092,sample_075_0092_000024,개인정보
E-1009,075_0092,sample_075_0092_000024,개인정보
qa@gpack.co.kr,075_0092,sample_075_0092_000024,개인정보
+82-10-1234-5678,075_0092,sample_075_0092_000024,개인정보
채명보,075_0092,sample_075_0092_000025,개인정보
1980-05-15,075_0092,sample_075_0092_000025,준식별자
서울특별시 강남구 테헤란로 1길 10,075_0092,sample_075_0092_000026,준식별자
06134,075_0092,sample_075_0092_000026,준식별자
Internal:/projects/packaging/specs/secret_design_v2.dxf,075_0092,sample_075_0092_000027,기밀정보
ACC-00012345,075_0092,sample_075_0092_000027,기밀정보
공래오,075_0093,sample_075_0093_000022,개인정보
사번: 20210045,075_0093,sample_075_0093_000022,개인정보
백솔민,075_0093,sample_075_0093_000023,개인정보
화성시,075_0093,sample_075_0093_000024,준식별자
반송동,075_0093,sample_075_0093_000024,준식별자
내부 계좌번호: 110-234567-89,075_0093,sample_075_0093_000025,기밀정보
내부 파일 경로: /internal/contracts/supplier_agreement_SUP-078_v3.pdf,075_0093,sample_075_0093_000026,기밀정보
협상단가: USD 0.32/kg,075_0093,sample_075_0093_000027,기밀정보
남윤건,075_0094,sample_075_0094_000003,개인정보
조효린,075_0094,sample_075_0094_000006,개인정보
부산광역시 해운대구,075_0094,sample_075_0094_000005,준식별자
경기도 성남시 분당구,075_0094,sample_075_0094_000007,준식별자
/srv/erp/secret/prj_A/pack_spec_v2.dwg,075_0094,sample_075_0094_000029,기밀정보
CoC_2026_045_signed.pdf,075_0094,sample_075_0094_000014,기밀정보
계좌번호: 789-XX-0001,075_0094,sample_075_0094_000030,기밀정보
서울특별시,075_0095,sample_075_0095_000004,준식별자
대한민국,075_0095,sample_075_0095_000004,준식별자
2025-03-15,075_0095,sample_075_0095_000010,준식별자
INT-PL-000123,075_0095,sample_075_0095_000020,기밀정보
intranet://coc/075/0095.pdf,075_0095,sample_075_0095_000022,기밀정보
성성운,075_0095,sample_075_0095_000027,개인정보
우명완,075_0096,sample_075_0096_000022,개인정보
+82-10-0000-0000,075_0096,sample_075_0096_000022,개인정보
umw@eco-pack.kr,075_0096,sample_075_0096_000022,개인정보
20234789,075_0096,sample_075_0096_000022,개인정보
서울특별시 강서구,075_0096,sample_075_0096_000023,준식별자
file://fileserver/projects/REPFILM/CAD_v1.4,075_0096,sample_075_0096_000024,기밀정보
111-222-333444,075_0096,sample_075_0096_000025,기밀정보
전민오,075_0096,sample_075_0096_000026,개인정보
전민오@partners.eco,075_0096,sample_075_0096_000026,개인정보
문지유,075_0096,sample_075_0096_000029,개인정보
허창용,075_0097,sample_075_0097_000003,개인정보
사번 A12345,075_0097,sample_075_0097_000003,개인정보
hcchang@example.com,075_0097,sample_075_0097_000003,개인정보
010-1234-5678,075_0097,sample_075_0097_000003,개인정보
1980-05-10,075_0097,sample_075_0097_000004,준식별자
서울특별시 중구 을지로3가 123(공장동),075_0097,sample_075_0097_000005,개인정보
계좌번호 110-234-567890,075_0097,sample_075_0097_000006,기밀정보
internal/path/erp/credentials.csv,075_0097,sample_075_0097_000007,기밀정보
10.0.0.5,075_0097,sample_075_0097_000007,기밀정보
LOT-20250115-XL,075_0097,sample_075_0097_000023,기밀정보
INT-PLM-2026-045,075_0098,sample_075_0098_000002,기밀정보
GreenPack Co.,075_0098,sample_075_0098_000004,준식별자
배민제,075_0098,sample_075_0098_000028,개인정보
방두현,075_0098,sample_075_0098_000028,개인정보
\\internal\\specs\\package\\spec_075_0098.pdf,075_0098,sample_075_0098_000023,기밀정보
부산광역시,075_0098,sample_075_0098_000029,준식별자
백훤,075_0099,sample_075_0099_000028,개인정보
사번: 20231234,075_0099,sample_075_0099_000028,개인정보
hyun.white@example.com,075_0099,sample_075_0099_000028,개인정보
RCP-AX42,075_0099,sample_075_0099_000029,기밀정보
/rd-server/projects/RCP/AX42,075_0099,sample_075_0099_000029,기밀정보
송로하,075_0100,sample_075_0100_000004,개인정보
010-1234-5678,075_0100,sample_075_0100_000005,개인정보
song@example.com,075_0100,sample_075_0100_000006,개인정보
A100234,075_0100,sample_075_0100_000007,개인정보
1985-07-12,075_0100,sample_075_0100_000008,준식별자
서울특별시 강남구 테헤란로 100,075_0100,sample_075_0100_000009,준식별자
110-1234-5678,075_0100,sample_075_0100_000010,기밀정보
S:\\projects\\packaging\\designs\\confidential\\spec_v2.dwg,075_0100,sample_075_0100_000011,기밀정보
