{
    "document_id": "088_0025",
    "document_title": "마이크로모빌리티 운영 데이터 및 규정 샘플 보고서",
    "data": [
        {
            "sentence": "문서 개요: 본 파일은 공유형 마이크로모빌리티 및 전동 킥보드 운영 데이터 샘플과 운영 지침을 포함합니다.",
            "id": "sample_088_0025_000001",
            "annotations": []
        },
        {
            "sentence": "운영 책임자 권교연은 데이터 익명화 정책과 보관기간 준수를 최종 승인했습니다.",
            "id": "sample_088_0025_000002",
            "annotations": [
                {
                    "word": "권교연",
                    "start": 7,
                    "end": 10,
                    "label": "개인정보"
                }
            ]
        },
        {
            "sentence": "샘플 트립은 user_id=user_00012345로 연동되며 로그 보관은 정책에 따라 30일로 설정됩니다.",
            "id": "sample_088_0025_000003",
            "annotations": [
                {
                    "word": "user_00012345",
                    "start": 15,
                    "end": 28,
                    "label": "개인정보"
                }
            ]
        },
        {
            "sentence": "해당 차량 식별자는 VEH-2025-0007이며 기기의 IMEI는 355022084123456으로 기록됩니다.",
            "id": "sample_088_0025_000004",
            "annotations": [
                {
                    "word": "VEH-2025-0007",
                    "start": 11,
                    "end": 24,
                    "label": "기밀정보"
                },
                {
                    "word": "355022084123456",
                    "start": 37,
                    "end": 52,
                    "label": "기밀정보"
                }
            ]
        },
        {
            "sentence": "하드웨어 시리얼번호는 SN-A1B2C3-0007로 표기되어 자산 추적에 사용됩니다.",
            "id": "sample_088_0025_000005",
            "annotations": [
                {
                    "word": "SN-A1B2C3-0007",
                    "start": 12,
                    "end": 26,
                    "label": "기밀정보"
                }
            ]
        },
        {
            "sentence": "트립 고유식별자는 TRIP-20250123-7890이며 시작·종료 타임스탬프와 연동됩니다.",
            "id": "sample_088_0025_000006",
            "annotations": [
                {
                    "word": "TRIP-20250123-7890",
                    "start": 10,
                    "end": 28,
                    "label": "기밀정보"
                }
            ]
        },
        {
            "sentence": "GPS 샘플 트레이스는 37.5665,126.9780,2025-01-23T08:15:30Z 형태로 WGS84 및 ISO8601 규격으로 저장됩니다.",
            "id": "sample_088_0025_000007",
            "annotations": [
                {
                    "word": "37.5665,126.9780,2025-01-23T08:15:30Z",
                    "start": 13,
                    "end": 50,
                    "label": "준식별자"
                }
            ]
        },
        {
            "sentence": "주요 텔레메트리는 속도, 가속도, 자이로 값을 포함하며 물리적 한계치(최대 속도 25km/h 등)를 준수합니다.",
            "id": "sample_088_0025_000008",
            "annotations": []
        },
        {
            "sentence": "배터리 상태는 SOC 18%, 전압 36.4V, 온도 34.2°C로 기록되어 예측정비 모델에 입력됩니다.",
            "id": "sample_088_0025_000009",
            "annotations": []
        },
        {
            "sentence": "충전사이클 누적은 412회이며 셀 밸런싱 및 열이력은 별도 로그로 보관합니다.",
            "id": "sample_088_0025_000010",
            "annotations": []
        },
        {
            "sentence": "진단 코드 예시로 F_ABORT01, BATT_THERMAL, SENSOR_GYRO_ERR가 발생했으며 우선도에 따라 분류됩니다.",
            "id": "sample_088_0025_000011",
            "annotations": []
        },
        {
            "sentence": "최근 정비 레코드 식별자 MNT-2024-1122는 2024-11-22 점검, 브레이크 패드 교체, 비용 KRW 48,500로 기재됩니다.",
            "id": "sample_088_0025_000012",
            "annotations": [
                {
                    "word": "MNT-2024-1122",
                    "start": 14,
                    "end": 27,
                    "label": "기밀정보"
                }
            ]
        },
        {
            "sentence": "펌웨어 버전 v3.4.1과 OTA 업데이트 기록에는 무결성 체크 SHA256:3f2a7b9c...와 서명 메타데이터가 포함됩니다.",
            "id": "sample_088_0025_000013",
            "annotations": [
                {
                    "word": "SHA256:3f2a7b9c...",
                    "start": 36,
                    "end": 54,
                    "label": "기밀정보"
                }
            ]
        },
        {
            "sentence": "지오펜스 이벤트 예: 침범(ZONE-ROOFTOP-09) 발생 시 서브초 지연 내 알림 발송이 필요합니다.",
            "id": "sample_088_0025_000014",
            "annotations": [
                {
                    "word": "ZONE-ROOFTOP-09",
                    "start": 15,
                    "end": 30,
                    "label": "기밀정보"
                }
            ]
        },
        {
            "sentence": "주차 위반 기록은 사진 메타데이터(위치 37.5651,126.9899,2025-01-23T09:02:10Z)를 포함해 규제 신고용으로 저장됩니다.",
            "id": "sample_088_0025_000015",
            "annotations": [
                {
                    "word": "37.5651,126.9899,2025-01-23T09:02:10Z",
                    "start": 22,
                    "end": 59,
                    "label": "준식별자"
                }
            ]
        },
        {
            "sentence": "사고 보고서 INC-20250123-100에는 현장 사진, 목격자 진술 요약, 타임스탬프가 첨부됩니다.",
            "id": "sample_088_0025_000016",
            "annotations": [
                {
                    "word": "INC-20250123-100",
                    "start": 7,
                    "end": 23,
                    "label": "기밀정보"
                }
            ]
        },
        {
            "sentence": "결제 트랜잭션 TXN-20250123-9999는 요금 KRW 1,500로 처리되며 결제수단은 토큰화해 별도 DB로 보관합니다.",
            "id": "sample_088_0025_000017",
            "annotations": [
                {
                    "word": "TXN-20250123-9999",
                    "start": 8,
                    "end": 25,
                    "label": "기밀정보"
                }
            ]
        },
        {
            "sentence": "충전 인프라는 충전소 식별자 CS-045에 의해 관리되며 도킹 상태와 전력 공급 로그를 포함합니다.",
            "id": "sample_088_0025_000018",
            "annotations": [
                {
                    "word": "CS-045",
                    "start": 16,
                    "end": 22,
                    "label": "기밀정보"
                }
            ]
        },
        {
            "sentence": "규제 문서 REG-2024-045(운행허가)은 만료일 2026-04-30으로 등록되고 감사용 복사본은 제한된 접근권만 허용됩니다.",
            "id": "sample_088_0025_000019",
            "annotations": [
                {
                    "word": "REG-2024-045",
                    "start": 6,
                    "end": 18,
                    "label": "기밀정보"
                }
            ]
        },
        {
            "sentence": "개인정보 및 위치데이터는 지역법(GDPR, PIPA)을 준수해 익명화·암호화되며 보관기간을 명시합니다.",
            "id": "sample_088_0025_000020",
            "annotations": []
        },
        {
            "sentence": "오프라인 환경에서는 디바이스 로컬 큐에 이벤트를 저장하고 연결 복구 후 타임스탬프 보정을 수행합니다.",
            "id": "sample_088_0025_000021",
            "annotations": []
        },
        {
            "sentence": "OTA 실패 시 서명검증 실패 로그와 롤백 트리거가 자동으로 실행되며 복구 기록을 별도 보관합니다.",
            "id": "sample_088_0025_000022",
            "annotations": []
        },
        {
            "sentence": "과거 배터리 발화 사례 INC-20240711-012는 조사보고와 열화학 로그를 포함하며 재발방지 대책이 수립되었습니다.",
            "id": "sample_088_0025_000023",
            "annotations": [
                {
                    "word": "INC-20240711-012",
                    "start": 13,
                    "end": 29,
                    "label": "기밀정보"
                }
            ]
        },
        {
            "sentence": "현장 정비 담당자 문민슬은 정비 이력 검토와 안전 점검을 담당합니다.",
            "id": "sample_088_0025_000024",
            "annotations": [
                {
                    "word": "문민슬",
                    "start": 10,
                    "end": 13,
                    "label": "개인정보"
                }
            ]
        },
        {
            "sentence": "장치 식별자는 주기적 회전과 암호화를 통해 프라이버시 위험을 저감하도록 설계되었습니다.",
            "id": "sample_088_0025_000025",
            "annotations": []
        },
        {
            "sentence": "운영 메타데이터에는 수집 소스(sensor_module, cloud_ingest), 신뢰도 점수(0.0–1.0), synthetic=true 플래그가 포함됩니다.",
            "id": "sample_088_0025_000026",
            "annotations": []
        },
        {
            "sentence": "시뮬레이션 재현을 위해 RNG 시드 20250123과 분포 파라미터(Normal μ=0,σ=1)를 문서화합니다.",
            "id": "sample_088_0025_000027",
            "annotations": []
        },
        {
            "sentence": "사진 및 비디오 증빙은 촬영시간, 촬영장소 메타데이터와 법적 증빙 적합성 확인서를 포함해 저장합니다.",
            "id": "sample_088_0025_000028",
            "annotations": []
        },
        {
            "sentence": "데이터는 모니터링, 예측정비, 안전사고 조사, 규제보고 목적에 맞게 분류·인덱싱되어 접근 통제가 적용됩니다.",
            "id": "sample_088_0025_000029",
            "annotations": []
        },
        {
            "sentence": "결론: 민감정보는 최소화·익명화하고 기밀 식별자와 로그는 암호화된 저장소에 보관하며 정기 감사를 통해 준수 여부를 확인합니다.",
            "id": "sample_088_0025_000030",
            "annotations": []
        }
    ]
}