{
    "document_id": "088_0089",
    "document_title": "전동킥보드 운영·텔레메트리 합성 운영보고서 (synthetic)",
    "data": [
        {
            "sentence": "본 문서는 공유형 마이크로모빌리티(전동 킥보드) 운영을 위한 합성 운영보고서이며 모니터링·예측정비·규제준수 목적의 데이터 샘플을 포함합니다.",
            "id": "sample_088_0089_000001",
            "annotations": []
        },
        {
            "sentence": "자산 인벤토리 샘플 레코드: vehicle_id: VEH-00089-1023, imei: 359876054321098, serial_number: SN-2025-000123, 등록일자와 배치정보가 메타데이터에 포함됩니다.",
            "id": "sample_088_0089_000002",
            "annotations": [
                {
                    "word": "VEH-00089-1023",
                    "start": 28,
                    "end": 42,
                    "label": "기밀정보"
                },
                {
                    "word": "359876054321098",
                    "start": 50,
                    "end": 65,
                    "label": "기밀정보"
                },
                {
                    "word": "SN-2025-000123",
                    "start": 82,
                    "end": 96,
                    "label": "기밀정보"
                }
            ]
        },
        {
            "sentence": "주행 트립 레코드 예시: trip_id: TRIP-20260115-0001, user_id: user_00012345(익명화 그룹), 운영담당자 로그 참조: 고성제가 초기 승인하였습니다.",
            "id": "sample_088_0089_000003",
            "annotations": [
                {
                    "word": "TRIP-20260115-0001",
                    "start": 23,
                    "end": 41,
                    "label": "기밀정보"
                },
                {
                    "word": "user_00012345",
                    "start": 52,
                    "end": 65,
                    "label": "개인정보"
                },
                {
                    "word": "고성제",
                    "start": 88,
                    "end": 91,
                    "label": "개인정보"
                }
            ]
        },
        {
            "sentence": "해당 트립의 시작/종료 시간은 ISO8601 표준으로 기록되며 예시로 trip_start_time: 2026-01-15T08:11:58Z, trip_end_time: 2026-01-15T08:27:44Z로 보정되었습니다.",
            "id": "sample_088_0089_000004",
            "annotations": []
        },
        {
            "sentence": "텔레메트리 GPS 샘플 포인트: lat=37.5665, lon=126.9780, timestamp=2026-01-15T08:12:03Z(UTC), 수신 신뢰도 및 HDOP 값은 메타데이터에 기록됩니다.",
            "id": "sample_088_0089_000005",
            "annotations": []
        },
        {
            "sentence": "고빈도 텔레메트리에는 속도(km/h), 가속도(m/s2), 자이로 데이터가 포함되며 물리적 한계(최대속도 제한, 급가속 필터)가 적용됩니다.",
            "id": "sample_088_0089_000006",
            "annotations": []
        },
        {
            "sentence": "GPS 오차와 오프라인 버퍼링 발생 시 타임스탬프 보정 루틴이 작동하며, 보정 전후의 타임라인도 audit trail로 보관합니다.",
            "id": "sample_088_0089_000007",
            "annotations": []
        },
        {
            "sentence": "배터리 상태 예시: battery_level_percent: 42, battery_voltage_V: 36.8, battery_temperature_C: 29.4, charge_cycles: 182, 해당 값은 배터리 모델별 방전 곡선에 따라 시뮬레이션됩니다.",
            "id": "sample_088_0089_000008",
            "annotations": []
        },
        {
            "sentence": "운영 알람 규칙 예: 60초 내 SOC 급락 > 20% 포인트 발생 시 실시간 경보를 트리거하며 처리 지연은 서브초~수초 수준으로 설계됩니다.",
            "id": "sample_088_0089_000009",
            "annotations": []
        },
        {
            "sentence": "충전 인프라 및 도킹 상태 샘플: charging_station_id: CS-1007, docking_status: undocked->docked, 충전 시작/종료 타임스탬프와 전력 프로파일을 기록합니다.",
            "id": "sample_088_0089_000010",
            "annotations": []
        },
        {
            "sentence": "결제 트랜잭션 샘플: payment_transaction_id: TXN-20251234, fare_amount: 2500 KRW, 결제 수단 및 합산 요금 정책은 메타데이터로 연동됩니다.",
            "id": "sample_088_0089_000011",
            "annotations": [
                {
                    "word": "TXN-20251234",
                    "start": 36,
                    "end": 48,
                    "label": "기밀정보"
                }
            ]
        },
        {
            "sentence": "주차 위반 로그 예시: parking_violation(record)에는 위반 유형, 위치(구역 ID), 사진 첨부 여부 및 과태료 고지 상태가 포함됩니다.",
            "id": "sample_088_0089_000012",
            "annotations": []
        },
        {
            "sentence": "지오펜스 이벤트 예시: geofence_event(type: enter, zone_id: ZN-05, timestamp: 2026-01-15T08:13:02Z)로 규제구역 진입 시 즉시 차단 로직을 실행합니다.",
            "id": "sample_088_0089_000013",
            "annotations": []
        },
        {
            "sentence": "OTA 업데이트 기록(무결성 포함) 예: firmware_version: fw_v1.2.5, ota_signature: ota_sig_abcdef123456, checksum: sha256:9f86d081884c7d659a2feaa0c55ad015, 서명 검증 실패 시 롤백됩니다.",
            "id": "sample_088_0089_000014",
            "annotations": [
                {
                    "word": "ota_sig_abcdef123456",
                    "start": 67,
                    "end": 87,
                    "label": "기밀정보"
                },
                {
                    "word": "sha256:9f86d081884c7d659a2feaa0c55ad015",
                    "start": 99,
                    "end": 138,
                    "label": "기밀정보"
                }
            ]
        },
        {
            "sentence": "OTA 배포 정책에는 서명 검증, 단계적 배포, 실패율 임계값 및 자동 롤백 절차가 포함되어 펌웨어 무결성을 보장합니다.",
            "id": "sample_088_0089_000015",
            "annotations": []
        },
        {
            "sentence": "정비 이력 샘플: maintenance_record(id: MNT-20260120-045, date: 2026-01-20, action: 브레이크 패드 교체, cost: 42,500 KRW), 담당 엔지니어: 전인우가 작업보고서를 제출했습니다.",
            "id": "sample_088_0089_000016",
            "annotations": [
                {
                    "word": "전인우",
                    "start": 117,
                    "end": 120,
                    "label": "개인정보"
                }
            ]
        },
        {
            "sentence": "장치 오류/진단 코드 예시: fault_codes: [F01_BMS_OVERVOLTAGE, S12_GPS_LOST], 각 코드에 대한 설명과 추천 조치가 연결됩니다.",
            "id": "sample_088_0089_000017",
            "annotations": []
        },
        {
            "sentence": "사고·이상 이벤트 리포트 예시: incident_report(id: INC-20260115-99, timestamp: 2026-01-15T08:20:10Z, attachments: [IMG_20260115_081205.jpg]), 사진 메타데이터는 촬영시간과 촬영장소를 포함합니다.",
            "id": "sample_088_0089_000018",
            "annotations": [
                {
                    "word": "IMG_20260115_081205.jpg",
                    "start": 102,
                    "end": 125,
                    "label": "기밀정보"
                }
            ]
        },
        {
            "sentence": "첨부사진 메타데이터 예시: IMG_20260115_081205.jpg 촬영시간=2026-01-15T08:12:05Z, 촬영장소(lat,lon)=37.5665,126.9780, 촬영기기 모델 및 해시값을 보관합니다.",
            "id": "sample_088_0089_000019",
            "annotations": []
        },
        {
            "sentence": "규제 문서 샘플: regulatory_document(id: REG-2025-07-01-88, type: 지역운행허가, expiry_date: 2027-07-01)과 보험증빙은 중앙 레포지토리에 암호화 저장합니다.",
            "id": "sample_088_0089_000020",
            "annotations": []
        },
        {
            "sentence": "데이터 수집 메타데이터에는 수집 소스(source: device_telemetry, operator_report), 신뢰도 점수(trust_score: 0.92), synthetic=true, seed=42 및 분포 정보가 명시되어 있습니다.",
            "id": "sample_088_0089_000021",
            "annotations": []
        },
        {
            "sentence": "통신 불안정 환경에서는 로컬 큐잉 후 재전송을 수행하며 타임스탬프 정합성 확보를 위해 서버 기반 보정 절차가 적용됩니다.",
            "id": "sample_088_0089_000022",
            "annotations": []
        },
        {
            "sentence": "보안 운영 정책 예시: 단말 식별자 암호화 및 주기적 회전, 접근 로그 감사, OTA 서명 검증 절차와 키관리 정책을 포함합니다.",
            "id": "sample_088_0089_000023",
            "annotations": []
        },
        {
            "sentence": "시스템 확장성 고려사항: 대규모 동시 접속 및 고빈도 시계열 처리를 위한 스케일아웃 구조, 파티셔닝 전략 및 백프레셔 대응 방안을 명시합니다.",
            "id": "sample_088_0089_000024",
            "annotations": []
        },
        {
            "sentence": "배터리 안전 규정 준수: 리튬 이차전지 운송·충전 규칙을 적용하며 온도·압력 이상 시 자동 절연 및 알림을 수행합니다.",
            "id": "sample_088_0089_000025",
            "annotations": []
        },
        {
            "sentence": "드문 이상사례 보관: 충돌(Collision) 및 화재(Containment) 사례는 조사용 로그, 사진, 센서데이터를 포함하되 과장 없이 사실 기반으로 기록합니다.",
            "id": "sample_088_0089_000026",
            "annotations": []
        },
        {
            "sentence": "데이터 보존 및 익명화 정책: 위치·신원정보는 지역별 법규에 따라 보관기간을 설정하고 익명화·마스킹 또는 해시 처리 후 보관합니다.",
            "id": "sample_088_0089_000027",
            "annotations": []
        },
        {
            "sentence": "운영상 우선 조치 항목: 실시간 지오펜스 모니터링, 배터리 예측정비 모델 배포, OTA 무결성 점검 주기 단축을 권고합니다.",
            "id": "sample_088_0089_000028",
            "annotations": []
        },
        {
            "sentence": "추가 권고사항: 규제 리포트 자동화, 사고 조사 템플릿 표준화, 운영 담당자 교육(비상절차·데이터보호) 수행을 일정화합니다.",
            "id": "sample_088_0089_000029",
            "annotations": []
        },
        {
            "sentence": "본 합성 데이터는 테스트·시뮬레이션 용도로만 사용되며 실제 배포 데이터와 분명히 구분되도록 synthetic=true 플래그와 재현 가능한 시드 정보를 포함하고 있습니다.",
            "id": "sample_088_0089_000030",
            "annotations": []
        }
    ]
}