{
    "document_id": "088_0055",
    "document_title": "마이크로모빌리티 운영 종합 로그 및 규제 준수 보고서 (Synthetic)",
    "data": [
        {
            "sentence": "본 문서는 공유형 마이크로모빌리티(전동 킥보드) 운영의 실시간 텔레메트리, 정비이력, 사고보고 및 규제증빙을 통합한 종합 로그 및 분석 보고서입니다.",
            "id": "sample_088_0055_000001",
            "annotations": []
        },
        {
            "sentence": "문서의 목적은 운영 모니터링, 예측정비, 안전사고 조사 및 규제보고를 위한 표준화된 데이터 샘플과 처리 절차를 제시하는 것입니다.",
            "id": "sample_088_0055_000002",
            "annotations": []
        },
        {
            "sentence": "본 보고서는 텔레메트리, 트립로그, 배터리 상태, 펌웨어·OTA 기록, 정비·교체 이력, 결제로그, 규제문서 및 사고첨부파일 메타데이터를 포함합니다.",
            "id": "sample_088_0055_000003",
            "annotations": []
        },
        {
            "sentence": "이 데이터셋은 테스트·시뮬레이션용 합성 데이터이며 synthetic=true 플래그를 포함하고 재현 가능한 시드(seed=20250123)와 분포를 문서화합니다.",
            "id": "sample_088_0055_000004",
            "annotations": []
        },
        {
            "sentence": "운영책임자 정보: 담당자 심영국, 연락처 010-1234-5678, 이메일 simy@mobility.example (연락처 및 이메일은 내부 연락용이며 접근제한 대상입니다).",
            "id": "sample_088_0055_000005",
            "annotations": [
                {
                    "word": "심영국",
                    "start": 14,
                    "end": 17,
                    "label": "개인정보"
                },
                {
                    "word": "010-1234-5678",
                    "start": 23,
                    "end": 36,
                    "label": "개인정보"
                },
                {
                    "word": "simy@mobility.example",
                    "start": 42,
                    "end": 63,
                    "label": "개인정보"
                }
            ]
        },
        {
            "sentence": "장비 식별자 예시: vehicle_id=VEH-2024-000123, imei=359762098765432, serial_number=SN-A1B2C3-0009; 단말 식별자는 주기적 회전 및 암호화 대상입니다.",
            "id": "sample_088_0055_000006",
            "annotations": [
                {
                    "word": "VEH-2024-000123",
                    "start": 22,
                    "end": 37,
                    "label": "기밀정보"
                },
                {
                    "word": "359762098765432",
                    "start": 44,
                    "end": 59,
                    "label": "기밀정보"
                },
                {
                    "word": "SN-A1B2C3-0009",
                    "start": 75,
                    "end": 89,
                    "label": "기밀정보"
                }
            ]
        },
        {
            "sentence": "트립 기본 정보: trip_id=TRIP-20250123-98765, user_id=user_20250123_0001, 사용자 생년월일=1990-05-12, 성별=남성; 신원 관련 필드는 익명화 정책 적용 대상입니다.",
            "id": "sample_088_0055_000007",
            "annotations": [
                {
                    "word": "TRIP-20250123-98765",
                    "start": 18,
                    "end": 37,
                    "label": "개인정보"
                },
                {
                    "word": "user_20250123_0001",
                    "start": 47,
                    "end": 65,
                    "label": "개인정보"
                },
                {
                    "word": "1990-05-12",
                    "start": 76,
                    "end": 86,
                    "label": "준식별자"
                },
                {
                    "word": "남성",
                    "start": 91,
                    "end": 93,
                    "label": "준식별자"
                }
            ]
        },
        {
            "sentence": "텔레메트리 예시(GPS/타임스탬프): [{lat:37.497942, lon:127.027621, timestamp:2025-01-23T08:15:12Z}, {lat:37.498210, lon:127.027900, timestamp:2025-01-23T08:18:04Z}].",
            "id": "sample_088_0055_000008",
            "annotations": []
        },
        {
            "sentence": "트립 시간: trip_start_time=2025-01-23T08:15:12Z, trip_end_time=2025-01-23T08:42:03Z; 타임스탬프는 ISO8601 포맷과 타임존 표기를 준수합니다.",
            "id": "sample_088_0055_000009",
            "annotations": []
        },
        {
            "sentence": "배터리 상태 샘플: battery_level_percent=64, battery_voltage_V=48.3, battery_temperature_C=32.1, charge_cycles=154; SOC·전압·온도는 안전 임계치를 기반으로 모니터링됩니다.",
            "id": "sample_088_0055_000010",
            "annotations": []
        },
        {
            "sentence": "진단 및 오류코드 예시: fault_codes=[PWR_OVR, GPS_FIX_FAIL, BATT_OVERVOLT]; 각 코드에 대해 신뢰도 점수 및 센서 소스가 메타데이터에 기록됩니다.",
            "id": "sample_088_0055_000011",
            "annotations": []
        },
        {
            "sentence": "정비 이력 예시: maintenance_record id=MR-20240712-004, date=2024-07-12, action='전원부 교체', cost=KRW 45,000, vendor_account=101-234567-89; 비용계정 정보는 재무 보호대상입니다.",
            "id": "sample_088_0055_000012",
            "annotations": [
                {
                    "word": "MR-20240712-004",
                    "start": 32,
                    "end": 47,
                    "label": "기밀정보"
                },
                {
                    "word": "101-234567-89",
                    "start": 115,
                    "end": 128,
                    "label": "기밀정보"
                }
            ]
        },
        {
            "sentence": "펌웨어/OTA 기록: firmware_version=fw_3.2.1, ota_update_record={version=fw_3.2.2, timestamp=2025-01-10T02:12:03Z, checksum=sha256:3a5f1c9b8d4e2f0a9c1d, signature=SIG-AF34B2, signer=OTA-SIGN-001}; 서명·무결성 검증 로그 포함.",
            "id": "sample_088_0055_000013",
            "annotations": [
                {
                    "word": "sha256:3a5f1c9b8d4e2f0a9c1d",
                    "start": 117,
                    "end": 144,
                    "label": "기밀정보"
                },
                {
                    "word": "SIG-AF34B2",
                    "start": 156,
                    "end": 166,
                    "label": "기밀정보"
                },
                {
                    "word": "OTA-SIGN-001",
                    "start": 175,
                    "end": 187,
                    "label": "기밀정보"
                }
            ]
        },
        {
            "sentence": "지오펜스 이벤트 예시: geofence_event(type=breach, zone_id=ZONE-GANGNAM-01, timestamp=2025-01-23T08:31:25Z)로 실시간 경보 처리는 서브초~수초 지연 내 수행합니다.",
            "id": "sample_088_0055_000014",
            "annotations": []
        },
        {
            "sentence": "주차위반 기록: parking_violation record_id=PV-20250123-0008, location=서울특별시 강남구 삼성동, fine=KRW 15,000, capture_time=2025-01-23T08:29:10Z, photo=img_pv_0008.jpg.",
            "id": "sample_088_0055_000015",
            "annotations": [
                {
                    "word": "서울특별시",
                    "start": 64,
                    "end": 69,
                    "label": "준식별자"
                },
                {
                    "word": "강남구",
                    "start": 70,
                    "end": 73,
                    "label": "준식별자"
                },
                {
                    "word": "삼성동",
                    "start": 74,
                    "end": 77,
                    "label": "준식별자"
                }
            ]
        },
        {
            "sentence": "사고보고서 예시: incident_report id=INC-20250123-55, timestamp=2025-01-23T08:32:01Z, reporter=안한우, attachments=[img_20250123_0815.jpg], photo_metadata={shot_time=2025-01-23T08:15:20Z, lat:37.498500, lon:127.028100}.",
            "id": "sample_088_0055_000016",
            "annotations": [
                {
                    "word": "INC-20250123-55",
                    "start": 29,
                    "end": 44,
                    "label": "기밀정보"
                },
                {
                    "word": "안한우",
                    "start": 87,
                    "end": 90,
                    "label": "개인정보"
                }
            ]
        },
        {
            "sentence": "결제내역: payment_transaction_id=PAY-20250123-550001, fare_amount=KRW 2,300, payment_method=card; 결제 트랜잭션 식별자는 재무·보안 정책 적용 대상입니다.",
            "id": "sample_088_0055_000017",
            "annotations": [
                {
                    "word": "PAY-20250123-550001",
                    "start": 29,
                    "end": 48,
                    "label": "기밀정보"
                }
            ]
        },
        {
            "sentence": "충전·도킹 정보: charging_station_id=CHG-STA-07, docking_status=docked, last_charged_at=2025-01-22T23:40:00Z; 충전기 상태는 인프라 모니터링 대시보드에 집계됩니다.",
            "id": "sample_088_0055_000018",
            "annotations": []
        },
        {
            "sentence": "규제문서 샘플: regulatory_document id=REG-2024-045, type='운행허가', expiry_date=2026-12-31, 제출서류에는 발급기관·유효기간 메타데이터가 포함됩니다.",
            "id": "sample_088_0055_000019",
            "annotations": []
        },
        {
            "sentence": "통신 단절 및 오프라인 큐잉: offline_buffer queued_events=34, last_send_attempt=2025-01-23T08:45:12Z, retry_strategy=exponential_backoff; 오프라인 재전송은 일관성 보장을 위해 순서 유지됩니다.",
            "id": "sample_088_0055_000020",
            "annotations": []
        },
        {
            "sentence": "이상징후 사례: 급격한 SOC 저하 이벤트가 trip 중 발생하여 64%에서 22%로 3초 내 급감한 로그가 기록되었으며 추가 센서데이터로 상관분석이 필요합니다.",
            "id": "sample_088_0055_000021",
            "annotations": []
        },
        {
            "sentence": "배터리 안전 관련: 한 케이스에서 배터리 온도가 85°C까지 상승했고 온도센서 및 BMS 경고로 화재 위험으로 판단되어 즉시 격리·충전중지 조치가 시행되었습니다.",
            "id": "sample_088_0055_000022",
            "annotations": []
        },
        {
            "sentence": "재현성 및 시뮬레이션 정보: synthetic=true, seed=20250123, GPS jitter distribution=N(0,σ=3m), 속도·가속도 제약은 현실물리한계에 맞추어 모델링했습니다.",
            "id": "sample_088_0055_000023",
            "annotations": []
        },
        {
            "sentence": "개인정보 및 보관정책: 사용자 식별자 및 정밀 위치데이터는 PIPA·GDPR에 따라 기본 보관기간 30일 적용 후 익명화 또는 삭제됩니다.",
            "id": "sample_088_0055_000024",
            "annotations": []
        },
        {
            "sentence": "보안 절차: OTA signing key는 HSM 내에 저장되며 경로 예시 /secure/ota/keys/OTA-SIGN-001 에 보관됩니다; 키 접근은 최소권한 원칙을 따릅니다.",
            "id": "sample_088_0055_000025",
            "annotations": [
                {
                    "word": "OTA-SIGN-001",
                    "start": 59,
                    "end": 71,
                    "label": "기밀정보"
                },
                {
                    "word": "/secure/ota/keys/OTA-SIGN-001",
                    "start": 42,
                    "end": 71,
                    "label": "기밀정보"
                }
            ]
        },
        {
            "sentence": "인프라 정보(내부): 내부 API 엔드포인트 예시 https://api.internal.mobility.local/v1/telemetry 는 외부 접근이 차단된 네트워크에서 운영됩니다.",
            "id": "sample_088_0055_000026",
            "annotations": [
                {
                    "word": "https://api.internal.mobility.local/v1/telemetry",
                    "start": 28,
                    "end": 76,
                    "label": "기밀정보"
                }
            ]
        },
        {
            "sentence": "사고조사 담당자: 초기 조사 및 증거보존 담당자는 양찬희이며 관련 진술·녹취는 증빙메타데이터와 함께 보관됩니다.",
            "id": "sample_088_0055_000027",
            "annotations": [
                {
                    "word": "양찬희",
                    "start": 28,
                    "end": 31,
                    "label": "개인정보"
                }
            ]
        },
        {
            "sentence": "결론 및 조치사항: 즉시 실행할 액션으로는 1) 관련 트립의 익명화 처리, 2) OTA 서명 검증 로그 재점검, 3) 화재 위험 대상 배터리 회수이며 운영로그 파일 ops 기록은 /var/log/mobility/ops_20250123.log 에 보관됩니다.",
            "id": "sample_088_0055_000028",
            "annotations": [
                {
                    "word": "/var/log/mobility/ops_20250123.log",
                    "start": 100,
                    "end": 134,
                    "label": "기밀정보"
                }
            ]
        }
    ]
}