{
    "document_id": "088_0035",
    "document_title": "전동킥보드 운영·정비·사고 조사 합성 로그 레포트",
    "data": [
        {
            "sentence": "본 문서는 공유형 마이크로모빌리티(전동킥보드) 운영, 정비, 사고조사 목적으로 생성된 합성 보고서입니다.",
            "id": "sample_088_0035_000001",
            "annotations": []
        },
        {
            "sentence": "레포트는 테스트·시뮬레이션용 합성 데이터임을 명시하며 synthetic=true, seed=42로 재현성이 보장됩니다.",
            "id": "sample_088_0035_000002",
            "annotations": []
        },
        {
            "sentence": "자산 식별자(vehicle_id: VHC-2025-0098)는 내부 자산 관리용으로 기록됩니다.",
            "id": "sample_088_0035_000003",
            "annotations": [
                {
                    "word": "VHC-2025-0098",
                    "start": 19,
                    "end": 32,
                    "label": "기밀정보"
                }
            ]
        },
        {
            "sentence": "단말 IMEI: 357159085123456은 디바이스 무결성 검증을 위해 해시 및 회전 정책과 함께 로그됩니다.",
            "id": "sample_088_0035_000004",
            "annotations": [
                {
                    "word": "357159085123456",
                    "start": 9,
                    "end": 24,
                    "label": "기밀정보"
                }
            ]
        },
        {
            "sentence": "하드웨어 시리얼(Serial: SN-A9B7-202501)은 제조 및 교체 이력 추적에 사용됩니다.",
            "id": "sample_088_0035_000005",
            "annotations": [
                {
                    "word": "SN-A9B7-202501",
                    "start": 17,
                    "end": 31,
                    "label": "기밀정보"
                }
            ]
        },
        {
            "sentence": "트립 식별자(trip_id: TRIP-20250123-0007)와 사용자 식별자(user_id: U-20250123-007)는 규정에 따라 익명화 후 보관기간(최대 13개월)으로 관리됩니다.",
            "id": "sample_088_0035_000006",
            "annotations": [
                {
                    "word": "TRIP-20250123-0007",
                    "start": 16,
                    "end": 34,
                    "label": "기밀정보"
                },
                {
                    "word": "U-20250123-007",
                    "start": 54,
                    "end": 68,
                    "label": "개인정보"
                }
            ]
        },
        {
            "sentence": "탑승자 신고는 현장 직원 명단 중 한명(접수자: 나예섬)이 담당하였으며 보고서에는 최소한의 인적정보만 기재했습니다.",
            "id": "sample_088_0035_000007",
            "annotations": [
                {
                    "word": "나예섬",
                    "start": 27,
                    "end": 30,
                    "label": "개인정보"
                }
            ]
        },
        {
            "sentence": "GPS 트레이스 예시(gps_trace): [(37.566535,126.977969,'2025-01-23T08:12:05Z'), (37.565980,126.977400,'2025-01-23T08:17:10Z'), (37.565100,126.976800,'2025-01-23T08:24:30Z')].",
            "id": "sample_088_0035_000008",
            "annotations": [
                {
                    "word": "37.566535,126.977969",
                    "start": 26,
                    "end": 46,
                    "label": "준식별자"
                },
                {
                    "word": "2025-01-23T08:12:05Z",
                    "start": 48,
                    "end": 68,
                    "label": "준식별자"
                },
                {
                    "word": "37.565980,126.977400",
                    "start": 73,
                    "end": 93,
                    "label": "준식별자"
                },
                {
                    "word": "2025-01-23T08:17:10Z",
                    "start": 95,
                    "end": 115,
                    "label": "준식별자"
                },
                {
                    "word": "37.565100,126.976800",
                    "start": 120,
                    "end": 140,
                    "label": "준식별자"
                },
                {
                    "word": "2025-01-23T08:24:30Z",
                    "start": 142,
                    "end": 162,
                    "label": "준식별자"
                }
            ]
        },
        {
            "sentence": "트립 시작시간(trip_start_time): 2025-01-23T08:12:05Z, 종료시간(trip_end_time): 2025-01-23T08:25:40Z로 기록되었습니다.",
            "id": "sample_088_0035_000009",
            "annotations": [
                {
                    "word": "2025-01-23T08:12:05Z",
                    "start": 26,
                    "end": 46,
                    "label": "준식별자"
                },
                {
                    "word": "2025-01-23T08:25:40Z",
                    "start": 69,
                    "end": 89,
                    "label": "준식별자"
                }
            ]
        },
        {
            "sentence": "배터리 상태는 SOC 58%, 전압 48.2V, 온도 29.3°C, 누적 충전 사이클 312으로 보고되어 예측정비 모델의 입력으로 사용됩니다.",
            "id": "sample_088_0035_000010",
            "annotations": []
        },
        {
            "sentence": "진단 코드(fault_codes): ['F03_OVERTEMP','C12_BMS_COMM']가 로그되었고 해당 코드는 기술팀 내부 프로토콜에 따라 보안 레벨로 분류됩니다.",
            "id": "sample_088_0035_000011",
            "annotations": [
                {
                    "word": "F03_OVERTEMP",
                    "start": 22,
                    "end": 34,
                    "label": "기밀정보"
                },
                {
                    "word": "C12_BMS_COMM",
                    "start": 37,
                    "end": 49,
                    "label": "기밀정보"
                }
            ]
        },
        {
            "sentence": "정비 기록(maintenance_record): id=MNT-20241210-004, date=2024-12-10, action='배터리 모듈 교체', cost=KRW 120000가 비용 및 재고 시스템에 등록되었습니다.",
            "id": "sample_088_0035_000012",
            "annotations": [
                {
                    "word": "MNT-20241210-004",
                    "start": 30,
                    "end": 46,
                    "label": "기밀정보"
                },
                {
                    "word": "2024-12-10",
                    "start": 53,
                    "end": 63,
                    "label": "준식별자"
                },
                {
                    "word": "KRW 120000",
                    "start": 90,
                    "end": 100,
                    "label": "기밀정보"
                }
            ]
        },
        {
            "sentence": "펌웨어 버전(firmware_version): v3.2.1-rc이며 OTA 업데이트(ota_update_record)는 version=v3.2.2, applied=2025-01-10T02:00:00Z, checksum=sha256:9f2a7e1b3a8f5d2c9b1e4f6a7c8d9e0f, signature=SIG-RSA-2048로 기록되어 무결성 검증이 가능합니다.",
            "id": "sample_088_0035_000013",
            "annotations": [
                {
                    "word": "v3.2.2",
                    "start": 75,
                    "end": 81,
                    "label": "기밀정보"
                },
                {
                    "word": "2025-01-10T02:00:00Z",
                    "start": 91,
                    "end": 111,
                    "label": "준식별자"
                },
                {
                    "word": "sha256:9f2a7e1b3a8f5d2c9b1e4f6a7c8d9e0f",
                    "start": 122,
                    "end": 161,
                    "label": "기밀정보"
                },
                {
                    "word": "SIG-RSA-2048",
                    "start": 173,
                    "end": 185,
                    "label": "기밀정보"
                }
            ]
        },
        {
            "sentence": "지오펜스 이벤트(geofence_event): type=enter, zone_id=ZONE-SL-CORE-12, zone_label='서울특별시 중구', timestamp=2025-01-23T08:20:15Z가 서브초 단위로 알람 처리되었습니다.",
            "id": "sample_088_0035_000014",
            "annotations": [
                {
                    "word": "ZONE-SL-CORE-12",
                    "start": 46,
                    "end": 61,
                    "label": "기밀정보"
                },
                {
                    "word": "서울특별시 중구",
                    "start": 75,
                    "end": 83,
                    "label": "준식별자"
                },
                {
                    "word": "2025-01-23T08:20:15Z",
                    "start": 96,
                    "end": 116,
                    "label": "준식별자"
                }
            ]
        },
        {
            "sentence": "주차위반(parking_violation): record_id=PV-00077, location=(37.565100,126.976800), timestamp=2025-01-23T08:24:35Z으로 신고되어 사진과 함께 저장되었습니다.",
            "id": "sample_088_0035_000015",
            "annotations": [
                {
                    "word": "PV-00077",
                    "start": 35,
                    "end": 43,
                    "label": "기밀정보"
                },
                {
                    "word": "37.565100,126.976800",
                    "start": 55,
                    "end": 75,
                    "label": "준식별자"
                },
                {
                    "word": "2025-01-23T08:24:35Z",
                    "start": 88,
                    "end": 108,
                    "label": "준식별자"
                }
            ]
        },
        {
            "sentence": "사고 리포트(incident_report): id=INC-20250123-91, timestamp=2025-01-23T08:25:00Z, attachments=[photo_INC-20250123-91_001.jpg(2025-01-23T08:25:05Z, 37.5651,126.9768)]가 조사관 허택훈에 의해 접수되었습니다.",
            "id": "sample_088_0035_000016",
            "annotations": [
                {
                    "word": "INC-20250123-91",
                    "start": 28,
                    "end": 43,
                    "label": "기밀정보"
                },
                {
                    "word": "INC-20250123-91",
                    "start": 96,
                    "end": 111,
                    "label": "기밀정보"
                },
                {
                    "word": "2025-01-23T08:25:00Z",
                    "start": 55,
                    "end": 75,
                    "label": "준식별자"
                },
                {
                    "word": "photo_INC-20250123-91_001.jpg",
                    "start": 90,
                    "end": 119,
                    "label": "기밀정보"
                },
                {
                    "word": "2025-01-23T08:25:05Z",
                    "start": 120,
                    "end": 140,
                    "label": "준식별자"
                },
                {
                    "word": "37.5651,126.9768",
                    "start": 142,
                    "end": 158,
                    "label": "준식별자"
                },
                {
                    "word": "허택훈",
                    "start": 166,
                    "end": 169,
                    "label": "개인정보"
                }
            ]
        },
        {
            "sentence": "결제 트랜잭션(payment_transaction_id: TXN-20250123-5511)은 운임(fare_amount: KRW 1,500)과 함께 회계 시스템으로 전송되었으며 민감정보 암호화 기준을 준수합니다.",
            "id": "sample_088_0035_000017",
            "annotations": [
                {
                    "word": "TXN-20250123-5511",
                    "start": 32,
                    "end": 49,
                    "label": "기밀정보"
                },
                {
                    "word": "KRW 1,500",
                    "start": 68,
                    "end": 77,
                    "label": "기밀정보"
                }
            ]
        },
        {
            "sentence": "충전소 식별자(charging_station_id: CS-CHG-09-B)는 운영 스케줄 및 충전 예약 시스템에서 내부 식별값으로 활용됩니다.",
            "id": "sample_088_0035_000018",
            "annotations": [
                {
                    "word": "CS-CHG-09-B",
                    "start": 29,
                    "end": 40,
                    "label": "기밀정보"
                }
            ]
        },
        {
            "sentence": "도킹 상태(docking_status): undocked로 기록되어 회수 대상 스케줄에 우선 반영되었습니다.",
            "id": "sample_088_0035_000019",
            "annotations": []
        },
        {
            "sentence": "규제 문서(regulatory_document): id=REG-2024-045, type='운영허가', expiry_date=2026-06-30가 중앙 레지스트리에 등록되어 만료 90일 전 알람을 설정했습니다.",
            "id": "sample_088_0035_000020",
            "annotations": [
                {
                    "word": "REG-2024-045",
                    "start": 31,
                    "end": 43,
                    "label": "기밀정보"
                },
                {
                    "word": "2026-06-30",
                    "start": 70,
                    "end": 80,
                    "label": "준식별자"
                }
            ]
        },
        {
            "sentence": "오프라인 환경 처리: 디바이스는 35건의 이벤트를 로컬 버퍼에 저장하고 2025-01-23T08:26:12Z에 서버로 동기화하여 타임스탬프 보정을 수행하였습니다.",
            "id": "sample_088_0035_000021",
            "annotations": [
                {
                    "word": "2025-01-23T08:26:12Z",
                    "start": 40,
                    "end": 60,
                    "label": "준식별자"
                }
            ]
        },
        {
            "sentence": "텔레메트리 유효성: 측정된 최대속도 24.6km/h, 가속도 피크 2.3m/s², GPS 오차 RMS 4.5m 범위를 벗어나지 않아 물리법칙을 준수합니다.",
            "id": "sample_088_0035_000022",
            "annotations": [
                {
                    "word": "24.6km/h",
                    "start": 20,
                    "end": 28,
                    "label": "일반정보"
                }
            ]
        },
        {
            "sentence": "배터리 급감 이벤트: trip_id TRIP-20250123-0007에서 2025-01-23T08:18:30Z에 SOC가 58%에서 35%로 45초 내에 하락하여 'BAT_DROPRATE' 이상으로 분류되었습니다.",
            "id": "sample_088_0035_000023",
            "annotations": [
                {
                    "word": "TRIP-20250123-0007",
                    "start": 20,
                    "end": 38,
                    "label": "기밀정보"
                },
                {
                    "word": "2025-01-23T08:18:30Z",
                    "start": 41,
                    "end": 61,
                    "label": "준식별자"
                }
            ]
        },
        {
            "sentence": "보안 정책: 단말 고유 식별자는 주기적 해시 처리 및 회전 정책을 적용하며 IMEI 원문은 암호화된 로그로만 보관합니다.",
            "id": "sample_088_0035_000024",
            "annotations": []
        },
        {
            "sentence": "대규모 동시 접속 대응: 이벤트 버스트 시점에 신뢰도 점수(confidence_score)를 계산하여 0.93 이상의 데이터만 실시간 모니터링에 사용합니다.",
            "id": "sample_088_0035_000025",
            "annotations": []
        },
        {
            "sentence": "증빙 사진·비디오의 메타데이터는 촬영시간과 촬영장소를 포함하여 합법적 수집 근거와 함께 보존됩니다.",
            "id": "sample_088_0035_000026",
            "annotations": []
        },
        {
            "sentence": "권고사항: 개인정보는 최소화, GPS 로그는 집계 수준으로 보관, OTA 서명 검증 로그는 5년간 보존 후 안전 삭제를 권고합니다.",
            "id": "sample_088_0035_000027",
            "annotations": []
        },
        {
            "sentence": "운영 연락담당자: 안재경(내부), 처리 권한은 RBAC로 제한되며 외부에는 익명화된 연락경로만 공개합니다.",
            "id": "sample_088_0035_000028",
            "annotations": [
                {
                    "word": "안재경",
                    "start": 10,
                    "end": 13,
                    "label": "개인정보"
                }
            ]
        },
        {
            "sentence": "메타데이터: 수집 소스=device_telemetry, server_aggregator, confidence_score 및 synthetic=true 플래그가 각 레코드에 포함됩니다.",
            "id": "sample_088_0035_000029",
            "annotations": []
        },
        {
            "sentence": "재현성: 시드(seed)=42, 위치분포는 서울 중심부(평균 37.566,126.978, 표준편차 0.004)로 설정되어 시뮬레이션을 재생할 수 있습니다.",
            "id": "sample_088_0035_000030",
            "annotations": [
                {
                    "word": "37.566,126.978",
                    "start": 34,
                    "end": 48,
                    "label": "준식별자"
                }
            ]
        }
    ]
}