{
    "document_id": "088_0086",
    "document_title": "마이크로모빌리티 전동킥보드 운영·안전·정비 통합 보고서",
    "data": [
        {
            "sentence": "본 문서는 공유형 마이크로모빌리티(전동킥보드) 운영에서 생성되는 텔레메트리, 정비, 결제 및 사고기록을 통합하여 기술한 운영·안전·정비 레포트입니다.",
            "id": "sample_088_0086_000001",
            "annotations": []
        },
        {
            "sentence": "핵심 자산 식별 정보 예시는 vehicle_id: VCL-000578, imei: 356789012345678, serial_number: SN-EKS-2021-00045 형식으로 내부 자산 관리 DB에 등록되어 있습니다.",
            "id": "sample_088_0086_000002",
            "annotations": [
                {
                    "word": "VCL-000578",
                    "start": 28,
                    "end": 38,
                    "label": "기밀정보"
                },
                {
                    "word": "356789012345678",
                    "start": 46,
                    "end": 61,
                    "label": "기밀정보"
                },
                {
                    "word": "SN-EKS-2021-00045",
                    "start": 78,
                    "end": 95,
                    "label": "기밀정보"
                }
            ]
        },
        {
            "sentence": "주요 주행 레코드는 trip_id: TRIP-20250115-0042, user_id: user_000123(익명화 표기)로 연결되며, 사용자 식별자는 법적 보관기간 6개월 후 완전 삭제 또는 역익명화 불가능한 처리로 전환됩니다.",
            "id": "sample_088_0086_000003",
            "annotations": [
                {
                    "word": "TRIP-20250115-0042",
                    "start": 20,
                    "end": 38,
                    "label": "기밀정보"
                },
                {
                    "word": "user_000123",
                    "start": 49,
                    "end": 60,
                    "label": "개인정보"
                }
            ]
        },
        {
            "sentence": "대표 GPS 트레이스 예시는 (lat,lon,timestamp) 세트로 표기되어 37.565100,126.989550 @2025-01-15T08:12:03Z, 37.566500,126.978320 @2025-01-15T08:12:15Z, 37.567000,126.976800 @2025-01-15T08:12:40Z 로 수집되었습니다.",
            "id": "sample_088_0086_000004",
            "annotations": [
                {
                    "word": "37.565100,126.989550",
                    "start": 45,
                    "end": 65,
                    "label": "준식별자"
                },
                {
                    "word": "2025-01-15T08:12:03Z",
                    "start": 67,
                    "end": 87,
                    "label": "준식별자"
                },
                {
                    "word": "37.566500,126.978320",
                    "start": 89,
                    "end": 109,
                    "label": "준식별자"
                },
                {
                    "word": "2025-01-15T08:12:15Z",
                    "start": 111,
                    "end": 131,
                    "label": "준식별자"
                },
                {
                    "word": "37.567000,126.976800",
                    "start": 133,
                    "end": 153,
                    "label": "준식별자"
                },
                {
                    "word": "2025-01-15T08:12:40Z",
                    "start": 155,
                    "end": 175,
                    "label": "준식별자"
                }
            ]
        },
        {
            "sentence": "해당 트립의 trip_start_time은 2025-01-15T08:12:00Z, trip_end_time은 2025-01-15T08:25:30Z으로 타임스탬프 일관성을 유지하며 보정 정보는 오프라인 버퍼링 시점과 동기화 로그로 보관합니다.",
            "id": "sample_088_0086_000005",
            "annotations": [
                {
                    "word": "2025-01-15T08:12:00Z",
                    "start": 24,
                    "end": 44,
                    "label": "준식별자"
                },
                {
                    "word": "2025-01-15T08:25:30Z",
                    "start": 61,
                    "end": 81,
                    "label": "준식별자"
                }
            ]
        },
        {
            "sentence": "배터리 상태는 battery_level_percent 76%, battery_voltage_V 36.8V, battery_temperature_C 29.4°C, charge_cycles 142로 표준화되어 수집됩니다.",
            "id": "sample_088_0086_000006",
            "annotations": []
        },
        {
            "sentence": "진단코드 및 오류는 fault_codes: [PWR-LOW, BATT_TMP_HIGH, GPS_DRIFT] 형태로 표기되며 이상 징후는 운영 경보로 실시간 전송합니다.",
            "id": "sample_088_0086_000007",
            "annotations": []
        },
        {
            "sentence": "최근 정비 이력 예시는 maintenance_record(id: maint_00077, date: 2025-01-10, action: 배터리 교체, cost: KRW 45,000)로 기록되어 있으며 비용·증빙은 결재 문서와 연결 보관합니다.",
            "id": "sample_088_0086_000008",
            "annotations": [
                {
                    "word": "maint_00077",
                    "start": 36,
                    "end": 47,
                    "label": "기밀정보"
                }
            ]
        },
        {
            "sentence": "펌웨어는 firmware_version v3.2.1으로 운영되며 OTA 업데이트 레코드는 ota_update_record(checksum: sha256:9b3f1c2a4d6e8f7b9c0d1e2f3a4b5c6d7e8f9a0b1c2d3e4f5a6b7c8d9e0f1a2, signature: sig:rsa2048:ABCD1234)으로 무결성 검증 정보를 포함합니다.",
            "id": "sample_088_0086_000009",
            "annotations": [
                {
                    "word": "sha256:9b3f1c2a4d6e8f7b9c0d1e2f3a4b5c6d7e8f9a0b1c2d3e4f5a6b7c8d9e0f1a2",
                    "start": 78,
                    "end": 148,
                    "label": "기밀정보"
                },
                {
                    "word": "sig:rsa2048:ABCD1234",
                    "start": 161,
                    "end": 181,
                    "label": "기밀정보"
                }
            ]
        },
        {
            "sentence": "지오펜스 이벤트는 geofence_event(type: enter, zone_id: ZONE-SCHOOL-01, timestamp: 2025-01-15T08:13:05Z) 형태로 즉시 알람이 발생하며 서브초~수초 수준으로 처리됩니다.",
            "id": "sample_088_0086_000010",
            "annotations": [
                {
                    "word": "ZONE-SCHOOL-01",
                    "start": 47,
                    "end": 61,
                    "label": "기밀정보"
                },
                {
                    "word": "2025-01-15T08:13:05Z",
                    "start": 74,
                    "end": 94,
                    "label": "준식별자"
                }
            ]
        },
        {
            "sentence": "주차위반 로그 예시는 parking_violation(record_id: PV-20250115-21, photo_meta: {lat:37.567200, lon:126.976200, timestamp:2025-01-15T08:26:10Z})로 저장되어 증빙 메타데이터를 함께 보관합니다.",
            "id": "sample_088_0086_000011",
            "annotations": [
                {
                    "word": "PV-20250115-21",
                    "start": 41,
                    "end": 55,
                    "label": "기밀정보"
                },
                {
                    "word": "2025-01-15T08:26:10Z",
                    "start": 111,
                    "end": 131,
                    "label": "준식별자"
                }
            ]
        },
        {
            "sentence": "사고 리포트는 incident_report(id: inc_20250203_12, timestamp: 2025-02-03T19:42:07Z, attachments: ['photo1.jpg' {lat:37.580000, lon:126.990000, timestamp:2025-02-03T19:41:59Z}]) 형태로 조사 메타데이터를 포함합니다.",
            "id": "sample_088_0086_000012",
            "annotations": [
                {
                    "word": "inc_20250203_12",
                    "start": 28,
                    "end": 43,
                    "label": "기밀정보"
                },
                {
                    "word": "2025-02-03T19:42:07Z",
                    "start": 56,
                    "end": 76,
                    "label": "준식별자"
                }
            ]
        },
        {
            "sentence": "결제 레코드는 payment_transaction_id: txn_20250115_00098765, fare_amount: EUR 2.75(유료 통화코드 표기)로 정산 시스템과 연동됩니다.",
            "id": "sample_088_0086_000013",
            "annotations": [
                {
                    "word": "txn_20250115_00098765",
                    "start": 32,
                    "end": 53,
                    "label": "기밀정보"
                }
            ]
        },
        {
            "sentence": "충전 인프라 연계 정보는 charging_station_id: CS-SEOUL-37, docking_status: undocked/parked 형식으로 운영 대시보드에 시각화 됩니다.",
            "id": "sample_088_0086_000014",
            "annotations": [
                {
                    "word": "CS-SEOUL-37",
                    "start": 35,
                    "end": 46,
                    "label": "기밀정보"
                }
            ]
        },
        {
            "sentence": "규제 문서 예시는 regulatory_document(id: regdoc_2024_045, type: 운영허가, expiry_date: 2026-12-31)로 분류되어 만료 전 갱신 알림 체계가 작동합니다.",
            "id": "sample_088_0086_000015",
            "annotations": [
                {
                    "word": "regdoc_2024_045",
                    "start": 34,
                    "end": 49,
                    "label": "기밀정보"
                },
                {
                    "word": "2026-12-31",
                    "start": 76,
                    "end": 86,
                    "label": "준식별자"
                }
            ]
        },
        {
            "sentence": "사용자 식별자와 위치정보는 GDPR 및 한국 PIPA 준수에 따라 익명화·가림 처리를 거치며, 예시로 내부적으로는 user_id를 해시 처리한 후 6개월 보관 후 삭제합니다.",
            "id": "sample_088_0086_000016",
            "annotations": []
        },
        {
            "sentence": "운영·정비 담당자는 운영담당: 우리환, 정비담당: 홍태은 등 지정된 인력이 관리하며, 인력명은 내부 연락·권한 관리 목적에 한해 최소화하여 저장합니다.",
            "id": "sample_088_0086_000017",
            "annotations": [
                {
                    "word": "우리환",
                    "start": 17,
                    "end": 20,
                    "label": "개인정보"
                },
                {
                    "word": "홍태은",
                    "start": 28,
                    "end": 31,
                    "label": "개인정보"
                }
            ]
        },
        {
            "sentence": "네트워크 불안정 환경에서는 단말이 이벤트를 로컬 큐에 저장하고 재연결 시 서버 타임스탬프와 오프셋 보정 정보를 동기화하여 타임라인 일관성을 유지합니다.",
            "id": "sample_088_0086_000018",
            "annotations": []
        },
        {
            "sentence": "드문 이상사례로 배터리 안전 이슈가 감지된 케이스는 incident_id: inc_20250203_15로 기록되었고 SOC가 76%에서 12%로 급락한 로그가 8초 내에 수집되어 안전대응이 이루어졌습니다.",
            "id": "sample_088_0086_000019",
            "annotations": [
                {
                    "word": "inc_20250203_15",
                    "start": 42,
                    "end": 57,
                    "label": "기밀정보"
                }
            ]
        },
        {
            "sentence": "충돌 사고 레코드 inc_20250120_07은 현장 사진과 센서 타임라인을 포함하며 위치 메타데이터 37.550000,126.990000 및 타임스탬프 2025-01-20T14:05:22Z가 조사에 활용되었습니다.",
            "id": "sample_088_0086_000020",
            "annotations": [
                {
                    "word": "inc_20250120_07",
                    "start": 10,
                    "end": 25,
                    "label": "기밀정보"
                },
                {
                    "word": "37.550000,126.990000",
                    "start": 57,
                    "end": 77,
                    "label": "준식별자"
                },
                {
                    "word": "2025-01-20T14:05:22Z",
                    "start": 86,
                    "end": 106,
                    "label": "준식별자"
                }
            ]
        },
        {
            "sentence": "OTA 실패 시 롤백 전략은 서명 검증 실패 또는 체크섬 불일치(예: sha256:aaafff11223344556677889900aabbccddeeff00112233445566778899aabbcc) 확인 시 자동 복구가 우선 적용됩니다.",
            "id": "sample_088_0086_000021",
            "annotations": [
                {
                    "word": "sha256:aaafff11223344556677889900aabbccddeeff00112233445566778899aabbcc",
                    "start": 39,
                    "end": 110,
                    "label": "기밀정보"
                }
            ]
        },
        {
            "sentence": "대규모 동시 접속 시 스케일 아웃 정책과 메시지 큐로 블로킹을 방지하며, 실시간 경보는 우선순위 큐로 분류됩니다.",
            "id": "sample_088_0086_000022",
            "annotations": []
        },
        {
            "sentence": "리튬 배터리 운송 및 충전은 관련 소방·환경 규정에 준하며, 배터리 온도·전압 임계값 초과시 충전 제한이 적용됩니다.",
            "id": "sample_088_0086_000023",
            "annotations": []
        },
        {
            "sentence": "이 합성 데이터 세트는 synthetic=true 플래그를 포함하며 재현 가능한 시드 seed=42와 트립·배터리 분포(속도 정규분포 평균 12km/h, 배터리 SOC 베타분포)를 문서화합니다.",
            "id": "sample_088_0086_000024",
            "annotations": []
        },
        {
            "sentence": "데이터 보관 정책은 사용자 식별정보 6개월, 운행로그 익명화 후 24개월, 규제 증빙 문서는 규정에 따라 최소 36개월 보관으로 명확히 정의되어 있습니다.",
            "id": "sample_088_0086_000025",
            "annotations": []
        },
        {
            "sentence": "수집 메타데이터는 source: ['telemetry', 'payment', 'camera'], trust_score: 0.92(0~1) 등으로 표기하여 예측정비와 규제보고에 적합하도록 활용합니다.",
            "id": "sample_088_0086_000026",
            "annotations": []
        },
        {
            "sentence": "단위·포맷은 ISO8601 시간표기, WGS84 위경도, 통화코드(예: KRW, EUR)를 일관되게 적용합니다.",
            "id": "sample_088_0086_000027",
            "annotations": []
        },
        {
            "sentence": "보안 원칙으로 단말 고유 식별자는 주기적 회전 및 암호화를 적용하고 접근 로그와 권한 관리는 최소권한 원칙으로 운영합니다.",
            "id": "sample_088_0086_000028",
            "annotations": []
        },
        {
            "sentence": "테스트·시뮬레이션 데이터는 실제 배포 데이터와 구분되며 synthetic=true 플래그와 함께 시드·분포 문서가 포함되어 분석 시 혼용을 방지합니다.",
            "id": "sample_088_0086_000029",
            "annotations": []
        },
        {
            "sentence": "결론 및 권고: 개인정보 익명화 정책 준수, OTA 무결성 강화, 배터리 안전 모니터링 강화, 규제 문서 갱신 절차 자동화 등을 즉시 실행하도록 권고합니다.",
            "id": "sample_088_0086_000030",
            "annotations": []
        }
    ]
}