{
    "document_id": "088_0090",
    "document_title": "마이크로모빌리티 운영 로그 및 규제보고서(샘플 합성데이터)",
    "data": [
        {
            "sentence": "본 문서는 마이크로모빌리티 전동 킥보드 운영에 관한 합성 운영 로그 및 규제보고 예시입니다.",
            "id": "sample_088_0090_000001",
            "annotations": []
        },
        {
            "sentence": "대상 자산 식별자 예: vehicle_id=veh_88_9001, IMEI=356938035643809, serial_number=SCK-2025-000123으로 자산을 추적합니다.",
            "id": "sample_088_0090_000002",
            "annotations": [
                {
                    "word": "veh_88_9001",
                    "start": 24,
                    "end": 35,
                    "label": "기밀정보"
                },
                {
                    "word": "356938035643809",
                    "start": 42,
                    "end": 57,
                    "label": "기밀정보"
                },
                {
                    "word": "SCK-2025-000123",
                    "start": 73,
                    "end": 88,
                    "label": "기밀정보"
                }
            ]
        },
        {
            "sentence": "해당 트립 기록은 trip_id=trip_20250123_0456 및 user_id=user_20250123_0001로 인덱싱되어 저장되며 synthetic=true 플래그가 포함됩니다.",
            "id": "sample_088_0090_000003",
            "annotations": [
                {
                    "word": "trip_20250123_0456",
                    "start": 18,
                    "end": 36,
                    "label": "준식별자"
                },
                {
                    "word": "user_20250123_0001",
                    "start": 47,
                    "end": 65,
                    "label": "개인정보"
                }
            ]
        },
        {
            "sentence": "트립의 시작 및 종료 시간은 ISO8601 포맷으로 trip_start_time=2025-01-23T08:12:02Z, trip_end_time=2025-01-23T08:27:45Z에 기록됩니다.",
            "id": "sample_088_0090_000004",
            "annotations": [
                {
                    "word": "2025-01-23T08:12:02Z",
                    "start": 45,
                    "end": 65,
                    "label": "준식별자"
                },
                {
                    "word": "2025-01-23T08:27:45Z",
                    "start": 81,
                    "end": 101,
                    "label": "준식별자"
                }
            ]
        },
        {
            "sentence": "운영자 초기 리포트에는 사건 최초 신고자가 정무겸(운영팀)으로 기재되어 초기 대응 로그에 반영되었습니다.",
            "id": "sample_088_0090_000005",
            "annotations": [
                {
                    "word": "정무겸",
                    "start": 24,
                    "end": 27,
                    "label": "개인정보"
                }
            ]
        },
        {
            "sentence": "GPS 트레이스 예시는 WGS84 포맷으로 세 개의 점을 포함합니다: [37.5665,126.9780,2025-01-23T08:12:05Z], [37.5670,126.9790,2025-01-23T08:18:10Z], [37.5680,126.9805,2025-01-23T08:27:40Z].",
            "id": "sample_088_0090_000006",
            "annotations": [
                {
                    "word": "[37.5665,126.9780,2025-01-23T08:12:05Z]",
                    "start": 39,
                    "end": 78,
                    "label": "준식별자"
                },
                {
                    "word": "[37.5670,126.9790,2025-01-23T08:18:10Z]",
                    "start": 80,
                    "end": 119,
                    "label": "준식별자"
                },
                {
                    "word": "[37.5680,126.9805,2025-01-23T08:27:40Z]",
                    "start": 121,
                    "end": 160,
                    "label": "준식별자"
                }
            ]
        },
        {
            "sentence": "속도 및 가속도 센서는 물리적 제약을 반영하여 최고속도 25.2km/h, 평균가속도 0.6m/s2, GPS 오차 평균 4.2m로 로그에 표기됩니다.",
            "id": "sample_088_0090_000007",
            "annotations": []
        },
        {
            "sentence": "배터리 상태 스냅샷은 battery_level_percent=42.5%, battery_voltage_V=36.8V, battery_temperature_C=28.4C, charge_cycles=154로 저장됩니다.",
            "id": "sample_088_0090_000008",
            "annotations": []
        },
        {
            "sentence": "주행 중 검출된 배터리 이상은 코드 F01-BATT_OVERTEMP로 표기되며 SOC 급락은 5초 내에 경보 처리됩니다.",
            "id": "sample_088_0090_000009",
            "annotations": []
        },
        {
            "sentence": "정비 이력 예시는 maintenance_record id=maint_00077, date=2024-12-18, action=배터리 모듈 교체, cost=KRW 120000으로 기록됩니다.",
            "id": "sample_088_0090_000010",
            "annotations": [
                {
                    "word": "maint_00077",
                    "start": 32,
                    "end": 43,
                    "label": "기밀정보"
                },
                {
                    "word": "KRW 120000",
                    "start": 85,
                    "end": 95,
                    "label": "기밀정보"
                }
            ]
        },
        {
            "sentence": "펌웨어 정보는 firmware_version=FW_3.2.1이며 OTA 업데이트 기록은 ota_update(id=ota_20250110_01, status=success, checksum=sha256:3a7f1b9c8d4e5f6a7b8c9d0e1f2a3b4c5d6e7f8a9b0c1d2e3f4a5b6c7d8e9f0)를 포함합니다.",
            "id": "sample_088_0090_000011",
            "annotations": [
                {
                    "word": "ota_20250110_01",
                    "start": 63,
                    "end": 78,
                    "label": "기밀정보"
                },
                {
                    "word": "sha256:3a7f1b9c8d4e5f6a7b8c9d0e1f2a3b4c5d6e7f8a9b0c1d2e3f4a5b6c7d8e9f0",
                    "start": 105,
                    "end": 175,
                    "label": "기밀정보"
                }
            ]
        },
        {
            "sentence": "OTA 실패 시 서명 불일치가 발생하면 자동 롤백이 수행되고 무결성 서명 방식(ecdsa:rsa-2048) 및 검증결과가 로그에 보관됩니다.",
            "id": "sample_088_0090_000012",
            "annotations": []
        },
        {
            "sentence": "지오펜스 이벤트 예: type=enter, zone_id=Z_SEOUL_DOWNTOWN_01, timestamp=2025-01-23T08:15:22Z로 불법 진입 알람이 생성되었습니다.",
            "id": "sample_088_0090_000013",
            "annotations": []
        },
        {
            "sentence": "주차 위반 기록 예: parking_violation(record_id=PV_20250123_009, location=[37.5689,126.9812], photo=PV_009_20250123.jpg, fine_assessed=KRW 20000)로 규제 제출용 로그가 생성됩니다.",
            "id": "sample_088_0090_000014",
            "annotations": [
                {
                    "word": "PV_20250123_009",
                    "start": 40,
                    "end": 55,
                    "label": "기밀정보"
                },
                {
                    "word": "[37.5689,126.9812]",
                    "start": 66,
                    "end": 84,
                    "label": "준식별자"
                },
                {
                    "word": "KRW 20000",
                    "start": 127,
                    "end": 136,
                    "label": "기밀정보"
                }
            ]
        },
        {
            "sentence": "사고 보고서는 incident_report id=INC_20250123_0003, timestamp=2025-01-23T08:20:10Z, 첨부파일 img_INC_0003_01.jpg, 초기 목격자 고은우의 진술 요약을 포함합니다.",
            "id": "sample_088_0090_000015",
            "annotations": [
                {
                    "word": "INC_20250123_0003",
                    "start": 27,
                    "end": 44,
                    "label": "기밀정보"
                },
                {
                    "word": "2025-01-23T08:20:10Z",
                    "start": 56,
                    "end": 76,
                    "label": "준식별자"
                },
                {
                    "word": "고은우",
                    "start": 111,
                    "end": 114,
                    "label": "개인정보"
                }
            ]
        },
        {
            "sentence": "결제 관련 항목은 payment_transaction_id=TXN-2025-890123, fare_amount=KRW 1700으로 트랜잭션 로그에 저장됩니다.",
            "id": "sample_088_0090_000016",
            "annotations": [
                {
                    "word": "TXN-2025-890123",
                    "start": 33,
                    "end": 48,
                    "label": "기밀정보"
                },
                {
                    "word": "KRW 1700",
                    "start": 62,
                    "end": 70,
                    "label": "기밀정보"
                }
            ]
        },
        {
            "sentence": "충전 인프라 및 도킹 상태 예: charging_station_id=CS-SEOUL-032, docking_status=undocked(운행중)로 표기됩니다.",
            "id": "sample_088_0090_000017",
            "annotations": []
        },
        {
            "sentence": "규제 문서 예시는 regulatory_document(id=REG-AP-0034, type=운행허가, expiry_date=2026-06-30) 형식으로 첨부되어 있습니다.",
            "id": "sample_088_0090_000018",
            "annotations": [
                {
                    "word": "REG-AP-0034",
                    "start": 33,
                    "end": 44,
                    "label": "기밀정보"
                },
                {
                    "word": "2026-06-30",
                    "start": 69,
                    "end": 79,
                    "label": "준식별자"
                }
            ]
        },
        {
            "sentence": "센서 오류 및 진단 기록은 fault_codes=[F01,B02,GPS_ERR]와 confidence=0.92 신뢰도 점수를 함께 저장합니다.",
            "id": "sample_088_0090_000019",
            "annotations": []
        },
        {
            "sentence": "통신 불안정 환경에서는 디바이스 측 오프라인 큐잉과 타임스탬프 보정(replay_offset)으로 데이터 일관성을 확보합니다.",
            "id": "sample_088_0090_000020",
            "annotations": []
        },
        {
            "sentence": "개인정보 보관 정책은 지역별 법규에 따르며 개인식별정보는 익명화 또는 보관기간(한국 PIPA 기준 6개월)을 적용합니다.",
            "id": "sample_088_0090_000021",
            "annotations": []
        },
        {
            "sentence": "모든 합성 데이터는 synthetic=true 플래그와 재현 가능 시드(seed=42), 생성 분포 설명을 메타데이터로 포함하여 구분합니다.",
            "id": "sample_088_0090_000022",
            "annotations": []
        },
        {
            "sentence": "메타데이터 항목에는 수집 소스(device_telemetry, backend_ingest), 신뢰도 점수, 샘플링 간격이 포함되어 운영·예측정비 용도로 적합하게 설계합니다.",
            "id": "sample_088_0090_000023",
            "annotations": []
        },
        {
            "sentence": "정비 및 안전 권고사항에는 배터리 온도 임계치(60C)를 초과할 경우 즉시 격리 및 소방당국 통보 절차가 명시되어 있습니다.",
            "id": "sample_088_0090_000024",
            "annotations": []
        },
        {
            "sentence": "데이터 접근 통제 및 감사 로그에는 승인 기록과 담당자 명단이 포함되며 내부 보안 정책에 따라 접근이 제한됩니다.",
            "id": "sample_088_0090_000025",
            "annotations": []
        },
        {
            "sentence": "규제 보고용 사진·영상 증빙은 촬영시간과 촬영장소 메타데이터를 포함하여 법적 적법성을 확보한 상태로 보관합니다.",
            "id": "sample_088_0090_000026",
            "annotations": []
        },
        {
            "sentence": "인프라 확장성 항목으로는 동시접속 백엔드 노드 수, 큐 용량, 재전송 대기시간 임계치 등이 명시되어 있습니다.",
            "id": "sample_088_0090_000027",
            "annotations": []
        },
        {
            "sentence": "결론 및 권고: 식별된 이상에 대해 우선순위별 유지보수 및 OTA 정책 검토를 수행하고 규제 제출용 요약 보고서를 작성할 것을 권고합니다.",
            "id": "sample_088_0090_000028",
            "annotations": []
        }
    ]
}