{
    "document_id": "057_0055",
    "document_title": "입소자 종합케어 기록 및 사건보고서",
    "data": [
        {
            "sentence": "본 문서는 노인요양·보조생활 환경에서 생성된 입소자 종합케어 기록과 사건보고서를 규제·감사 목적에 맞게 정리한 문서입니다.",
            "id": "sample_057_0055_000001",
            "annotations": []
        },
        {
            "sentence": "대상 입소자 고유식별자(resident_id)는 RES-057-0055로 내부 추적용 가명 식별자가 할당되어 있습니다.",
            "id": "sample_057_0055_000002",
            "annotations": [
                {
                    "word": "RES-057-0055",
                    "start": 27,
                    "end": 39,
                    "label": "개인정보"
                }
            ]
        },
        {
            "sentence": "입소자 성명(name)은 가명 레이블로 신시환으로 기재되어 있으며, 원문 기록에는 익명화·접근제어가 적용됩니다.",
            "id": "sample_057_0055_000003",
            "annotations": [
                {
                    "word": "신시환",
                    "start": 22,
                    "end": 25,
                    "label": "개인정보"
                }
            ]
        },
        {
            "sentence": "생년월일(date_of_birth)은 1938-04-12로 ISO8601 형식으로 표기되어 있으며 성별(gender)은 남성으로 기록되어 있습니다.",
            "id": "sample_057_0055_000004",
            "annotations": [
                {
                    "word": "1938-04-12",
                    "start": 21,
                    "end": 31,
                    "label": "준식별자"
                },
                {
                    "word": "남성",
                    "start": 67,
                    "end": 69,
                    "label": "준식별자"
                }
            ]
        },
        {
            "sentence": "시설 식별자(facility_id)는 FAC-057이며, 시설 내부 관리번호로 접근 권한에 따라 조회가 제한됩니다.",
            "id": "sample_057_0055_000005",
            "annotations": [
                {
                    "word": "FAC-057",
                    "start": 21,
                    "end": 28,
                    "label": "기밀정보"
                }
            ]
        },
        {
            "sentence": "시설 위치(google_maps_address)는 서울특별시 강남구 테헤란로 12-3으로 표기했으며 실제 공개 시 상세 호수는 비공개 처리합니다.",
            "id": "sample_057_0055_000006",
            "annotations": [
                {
                    "word": "서울특별시 강남구 테헤란로 12-3",
                    "start": 28,
                    "end": 47,
                    "label": "개인정보"
                }
            ]
        },
        {
            "sentence": "입소일(admission_date)은 2024-09-15T10:00:00Z로 기록되어 있으며 시간대는 UTC 기준 ISO8601을 사용합니다.",
            "id": "sample_057_0055_000007",
            "annotations": [
                {
                    "word": "2024-09-15T10:00:00Z",
                    "start": 21,
                    "end": 41,
                    "label": "준식별자"
                }
            ]
        },
        {
            "sentence": "주진단(primary_diagnosis)은 I50.9 (Heart failure, unspecified, ICD-10)으로 기록되어 있고 동반 질환은 HTN, T2DM 등입니다.",
            "id": "sample_057_0055_000008",
            "annotations": []
        },
        {
            "sentence": "케어플랜(care_plan)은 심부전 악화 예방, 체액관리, 일상생활지원, 약물 복약관리 및 물리치료 연계를 포함하도록 작성되었습니다.",
            "id": "sample_057_0055_000009",
            "annotations": []
        },
        {
            "sentence": "투약목록(medication_list)은 Furosemide 40 mg PO qd, Metoprolol 50 mg PO bid, Aspirin 100 mg PO qd 등으로 명시되어 있습니다.",
            "id": "sample_057_0055_000010",
            "annotations": []
        },
        {
            "sentence": "투약관리기록(MAR)은 2025-11-12T08:00:00Z 투약 시점과 투약 전 알레르기 여부 확인, 투약 후 30분 관찰 결과를 포함하고 있습니다.",
            "id": "sample_057_0055_000011",
            "annotations": []
        },
        {
            "sentence": "활력징후 타임시리즈(vital_signs_timeseries)는 2025-11-12T08:14:23Z 심박 78 bpm, 혈압 132/78 mmHg, 체온 36.6°C로 기록되었고 quality_flag와 battery_status가 포함되어 있습니다.",
            "id": "sample_057_0055_000012",
            "annotations": []
        },
        {
            "sentence": "낙상사건(fall_incident_report)은 2025-11-12T07:58:10Z 발생, 발견자 양유태 간호사, 초기조치(기초소생술 미필요, 통증·외상 관찰, 응급의료 연계 판정) 및 결과를 시퀀스로 기술합니다.",
            "id": "sample_057_0055_000013",
            "annotations": [
                {
                    "word": "양유태",
                    "start": 57,
                    "end": 60,
                    "label": "개인정보"
                }
            ]
        },
        {
            "sentence": "욕창 위험 평가(pressure_ulcer_risk_score)는 Norton score 12점으로 저위험에서 중등도 위험으로 분류되어 예방 조치가 계획되어 있습니다.",
            "id": "sample_057_0055_000014",
            "annotations": []
        },
        {
            "sentence": "ADL(activities_of_daily_living) 평가 결과는 식사 2점, 욕창보호·이동 3점 등 항목별 점수로 기록되어 케어레벨 산정에 반영됩니다.",
            "id": "sample_057_0055_000015",
            "annotations": []
        },
        {
            "sentence": "물리치료 기록(physical_therapy_notes)은 2025-10-20에 시작된 보행 보조 훈련으로 전현구 물리치료사가 관찰 소견과 진척도를 기록했습니다.",
            "id": "sample_057_0055_000016",
            "annotations": [
                {
                    "word": "전현구",
                    "start": 60,
                    "end": 63,
                    "label": "개인정보"
                }
            ]
        },
        {
            "sentence": "식이제한(dietary_restrictions)은 저염식(저나트륨)으로 표기되어 약물 상호작용과 혈압관리 목표에 맞게 조정됩니다.",
            "id": "sample_057_0055_000017",
            "annotations": []
        },
        {
            "sentence": "동의서(consent_forms) 항목에는 개인정보 처리 동의, 진료·간호 동의 및 촬영 동의가 포함되며 법적대리인(legal_guardian)은 허민영으로 지정되어 있습니다.",
            "id": "sample_057_0055_000018",
            "annotations": [
                {
                    "word": "허민영",
                    "start": 82,
                    "end": 85,
                    "label": "개인정보"
                }
            ]
        },
        {
            "sentence": "사전의료의향서(advance_directives)는 적극적 연명치료 거부로 요약되어 관련 법적 서식과 함께 보관합니다.",
            "id": "sample_057_0055_000019",
            "annotations": []
        },
        {
            "sentence": "스태프 배치(staff_assignments)는 주간 양유태·유해림 간호사가 담당이며 야간 근무는 류채환 간호사가 교대하도록 기록되어 있습니다.",
            "id": "sample_057_0055_000020",
            "annotations": [
                {
                    "word": "유해림",
                    "start": 34,
                    "end": 37,
                    "label": "개인정보"
                }
            ]
        },
        {
            "sentence": "시프트 노트(shift_notes)에는 투약 확인, 식이 섭취량, 배뇨·배변 관찰 및 특이사항이 시간순으로 기록되어 교대 시 전달됩니다.",
            "id": "sample_057_0055_000021",
            "annotations": []
        },
        {
            "sentence": "센서 이벤트(sensor_events)는 응급버튼 누름, 침상 이탈(bed_exit) 알람, 센서 오프라인·재시작 이벤트와 quality_flag, battery_status를 포함해 로깅됩니다.",
            "id": "sample_057_0055_000022",
            "annotations": []
        },
        {
            "sentence": "청구기록(billing_record)에는 항목별 비용과 결제정보가 포함되며 계좌번호: 123-45-678901은 내부 결제정보로 분류되어 접근제어가 적용됩니다.",
            "id": "sample_057_0055_000023",
            "annotations": [
                {
                    "word": "계좌번호: 123-45-678901",
                    "start": 42,
                    "end": 61,
                    "label": "기밀정보"
                }
            ]
        },
        {
            "sentence": "보험청구번호(insurance_claim_id)는 CLAIM-2025-000789로 연계 청구 시 사용되었고, 보험자와의 연계 로그를 보존합니다.",
            "id": "sample_057_0055_000024",
            "annotations": [
                {
                    "word": "CLAIM-2025-000789",
                    "start": 28,
                    "end": 45,
                    "label": "개인정보"
                }
            ]
        },
        {
            "sentence": "퇴소요약(discharge_summary)은 상태변화, 약물조정, 지역사회 연계 서비스 안내를 포함해 요약문으로 제공됩니다.",
            "id": "sample_057_0055_000025",
            "annotations": []
        },
        {
            "sentence": "가족 연락처(family_contact)는 비상연락처 윤현찬으로 기록되어 있으며 연락처 번호는 010-1111-2222로 기입되어 있습니다.",
            "id": "sample_057_0055_000026",
            "annotations": [
                {
                    "word": "윤현찬",
                    "start": 30,
                    "end": 33,
                    "label": "개인정보"
                },
                {
                    "word": "010-1111-2222",
                    "start": 53,
                    "end": 66,
                    "label": "개인정보"
                }
            ]
        },
        {
            "sentence": "시설 내부 운영 연락처 및 시스템 이메일은 admin@facility.local로 등록되어 있고 접근 권한은 역할 기반으로 제어됩니다.",
            "id": "sample_057_0055_000027",
            "annotations": [
                {
                    "word": "admin@facility.local",
                    "start": 24,
                    "end": 44,
                    "label": "기밀정보"
                }
            ]
        },
        {
            "sentence": "변경 이력(provenance)과 감사로그(audit trail)은 EMR/system/prov/057_0055.log에 저장되며 변경자 계정과 타임스탬프가 함께 기록됩니다.",
            "id": "sample_057_0055_000028",
            "annotations": [
                {
                    "word": "EMR/system/prov/057_0055.log",
                    "start": 38,
                    "end": 66,
                    "label": "기밀정보"
                }
            ]
        },
        {
            "sentence": "시스템 계정 및 내부 운영 권한 예시로 nurse_station_admin 계정이 감사 목록에 기재되어 있으며 비밀번호·접근권한은 별도 관리 대상입니다.",
            "id": "sample_057_0055_000029",
            "annotations": [
                {
                    "word": "nurse_station_admin",
                    "start": 22,
                    "end": 41,
                    "label": "기밀정보"
                }
            ]
        },
        {
            "sentence": "데이터 보존 및 삭제 정책은 법정 보관기간 준수와 함께 개인의 삭제 요청 시 절차에 따라 로그 보관 범위를 최소화하도록 정의되어 있습니다.",
            "id": "sample_057_0055_000030",
            "annotations": []
        }
    ]
}