{
    "document_id": "057_0050",
    "document_title": "요양시설 종합 케어 및 사건보고서 샘플",
    "data": [
        {
            "sentence": "본 문서는 노인요양 및 보조생활(assisted living) 환경에서 생성된 종합 임상·운영 기록의 예시 문서입니다.",
            "id": "sample_057_0050_000001",
            "annotations": []
        },
        {
            "sentence": "피보험자(Resident) 명칭은 우나리이며, 본 문서는 가명으로 생성되었습니다.",
            "id": "sample_057_0050_000002",
            "annotations": [
                {
                    "word": "우나리",
                    "start": 19,
                    "end": 22,
                    "label": "개인정보"
                }
            ]
        },
        {
            "sentence": "Resident ID: R-0050-0001 (pseudonymized identifier)로 내부 추적용입니다.",
            "id": "sample_057_0050_000003",
            "annotations": [
                {
                    "word": "R-0050-0001",
                    "start": 13,
                    "end": 24,
                    "label": "개인정보"
                }
            ]
        },
        {
            "sentence": "입소 시설 식별자는 F-057-00이며, 시설 코드와 관련된 접근 제어가 적용됩니다.",
            "id": "sample_057_0050_000004",
            "annotations": [
                {
                    "word": "F-057-00",
                    "start": 11,
                    "end": 19,
                    "label": "기밀정보"
                }
            ]
        },
        {
            "sentence": "생년월일(ISO8601 기준): 1938-07-12이며, 연속적 타임스탬프와 연계하여 임상 이력을 정렬합니다.",
            "id": "sample_057_0050_000005",
            "annotations": [
                {
                    "word": "1938-07-12",
                    "start": 18,
                    "end": 28,
                    "label": "준식별자"
                }
            ]
        },
        {
            "sentence": "성별: 여성(female)으로 ADL·약물 반응 분석에 사용되는 준식별자입니다.",
            "id": "sample_057_0050_000006",
            "annotations": [
                {
                    "word": "여성",
                    "start": 4,
                    "end": 6,
                    "label": "준식별자"
                }
            ]
        },
        {
            "sentence": "입소일(admission_date, ISO8601): 2023-09-15T10:30:00Z에 긴급 의뢰로 입소하였습니다.",
            "id": "sample_057_0050_000007",
            "annotations": [
                {
                    "word": "2023-09-15T10:30:00Z",
                    "start": 30,
                    "end": 50,
                    "label": "준식별자"
                }
            ]
        },
        {
            "sentence": "시설 위치(예시): 서울특별시 용산구 이태원로 00-00 3층 A호로 표기되며, 상세 주소는 익명화가 필요합니다.",
            "id": "sample_057_0050_000008",
            "annotations": [
                {
                    "word": "서울특별시 용산구 이태원로 00-00 3층 A호",
                    "start": 11,
                    "end": 37,
                    "label": "개인정보"
                }
            ]
        },
        {
            "sentence": "긴급 연락처는 배동일(아들)이며, 연락처는 010-0000-0000로 기록되어 있고 동의 범위에 따라 접근 권한이 부여됩니다.",
            "id": "sample_057_0050_000009",
            "annotations": [
                {
                    "word": "배동일",
                    "start": 8,
                    "end": 11,
                    "label": "개인정보"
                },
                {
                    "word": "010-0000-0000",
                    "start": 24,
                    "end": 37,
                    "label": "개인정보"
                }
            ]
        },
        {
            "sentence": "주진단(primary_diagnosis): I50.9(심부전, heart failure unspecified)와 M81.0(골다공증)으로 ICD-10 코드를 병기합니다.",
            "id": "sample_057_0050_000010",
            "annotations": []
        },
        {
            "sentence": "보험청구번호(insurance_claim_id): IC-2024-00987로 청구 기록과 연결되어 있습니다.",
            "id": "sample_057_0050_000011",
            "annotations": [
                {
                    "word": "IC-2024-00987",
                    "start": 28,
                    "end": 41,
                    "label": "개인정보"
                }
            ]
        },
        {
            "sentence": "청구 결제 관련 계좌번호는 예시로 계좌번호: ****-****-1234로 마스킹하여 보관합니다.",
            "id": "sample_057_0050_000012",
            "annotations": [
                {
                    "word": "****-****-1234",
                    "start": 25,
                    "end": 39,
                    "label": "기밀정보"
                }
            ]
        },
        {
            "sentence": "담당 간호사는 전태평(S-204)이며, 교대 근무표와 역할 설명이 shift_notes에 포함됩니다.",
            "id": "sample_057_0050_000013",
            "annotations": [
                {
                    "word": "전태평",
                    "start": 8,
                    "end": 11,
                    "label": "개인정보"
                },
                {
                    "word": "S-204",
                    "start": 12,
                    "end": 17,
                    "label": "개인정보"
                }
            ]
        },
        {
            "sentence": "케어플랜은 주간 활동(운동, 식이, 약물관리)과 위험관리(낙상·욕창) 목표로 구성됩니다.",
            "id": "sample_057_0050_000014",
            "annotations": []
        },
        {
            "sentence": "약물 리스트에는 도네페질 5 mg, 로사르탄 50 mg, 아스피린 75 mg 등이 명시되며 투약 단위는 mg로 일관화됩니다.",
            "id": "sample_057_0050_000015",
            "annotations": []
        },
        {
            "sentence": "MAR 기록에는 2024-01-03T08:00:00Z 투약 완료, 2024-01-04T08:00:00Z 투약 누락(환자 거부) 사유와 이상반응(rash, 피부발진) 관찰이 포함됩니다.",
            "id": "sample_057_0050_000016",
            "annotations": []
        },
        {
            "sentence": "낙상 사고 보고서는 2024-02-18T14:12:30Z 발생, 발견자 허재호가 보고하였고 초기처치는 기본 응급처치 및 관찰 기록입니다.",
            "id": "sample_057_0050_000017",
            "annotations": [
                {
                    "word": "허재호",
                    "start": 40,
                    "end": 43,
                    "label": "개인정보"
                }
            ]
        },
        {
            "sentence": "욕창 위험도 점수(Norton scale): 12점으로 고위험군에 해당하며 주기적 재평가가 명시됩니다.",
            "id": "sample_057_0050_000018",
            "annotations": []
        },
        {
            "sentence": "ADL 점수는 식사 2/6, 이동 3/6, 개인위생 2/6으로 일별 관찰 및 추세 그래프에 반영됩니다.",
            "id": "sample_057_0050_000019",
            "annotations": []
        },
        {
            "sentence": "침상 센서(device_57_bed) 스트림은 호흡·심박·자리이탈 신호를 포함하고 quality_flag, battery_status, offline 이벤트를 기록합니다.",
            "id": "sample_057_0050_000020",
            "annotations": [
                {
                    "word": "device_57_bed",
                    "start": 6,
                    "end": 19,
                    "label": "기밀정보"
                }
            ]
        },
        {
            "sentence": "감사 로그(provenance)는 2024-02-20T09:00:00Z에 staff_user_009가 접근하여 변경 이력을 남겼습니다.",
            "id": "sample_057_0050_000021",
            "annotations": [
                {
                    "word": "staff_user_009",
                    "start": 41,
                    "end": 55,
                    "label": "개인정보"
                }
            ]
        },
        {
            "sentence": "동의서 상태(consent scope)는 '간호·응급처치 허용'으로 표시되어 있고 법적대리인은 곽희승으로 지정되어 있습니다.",
            "id": "sample_057_0050_000022",
            "annotations": [
                {
                    "word": "곽희승",
                    "start": 53,
                    "end": 56,
                    "label": "개인정보"
                }
            ]
        },
        {
            "sentence": "사전의료계획(advance directive)은 연명치료 제한(DNR 일부) 항목을 포함하며 문서화되어 있습니다.",
            "id": "sample_057_0050_000023",
            "annotations": []
        },
        {
            "sentence": "물리치료 기록에는 보행훈련(3세션), 근력 강화를 위한 저항운동 및 종료 시점의 피드백이 기술되어 있습니다.",
            "id": "sample_057_0050_000024",
            "annotations": []
        },
        {
            "sentence": "식이제한은 저염식(low sodium)·연하곤란(dysphagia) 대비 농도 조절 식단으로 표시됩니다.",
            "id": "sample_057_0050_000025",
            "annotations": []
        },
        {
            "sentence": "퇴소요약서는 퇴원일, 상태, 후속의료권장사항 및 가족 통보 기록을 포함하여 ISO 타임스탬프와 함께 보관합니다.",
            "id": "sample_057_0050_000026",
            "annotations": []
        },
        {
            "sentence": "장치 점검 기록에는 센서 교체, 배터리 교체 주기 및 장치 시리얼번호(마스킹) 및 유지보수 로그가 포함됩니다.",
            "id": "sample_057_0050_000027",
            "annotations": []
        },
        {
            "sentence": "문서 끝에는 액션 아이템(재평가 일정, 투약 재조정 권고, 동의서 갱신 요청)을 명시하여 규제·감사 목적의 변경 이력과 연계합니다.",
            "id": "sample_057_0050_000028",
            "annotations": []
        }
    ]
}