{
    "document_id": "057_0028",
    "document_title": "입소자 종합 케어 기록서(노인요양·보조생활)",
    "data": [
        {
            "sentence": "문서 개요: 본 문서는 노인요양·보조생활 환경에서의 입소자 종합 케어 기록(Comprehensive Care Record)을 목적으로 작성되었습니다.",
            "id": "sample_057_0028_000001",
            "annotations": []
        },
        {
            "sentence": "대상 입소자 기본정보: resident_id RES-057-0028-0001으로 식별되는 케이스 파일입니다.",
            "id": "sample_057_0028_000002",
            "annotations": [
                {
                    "word": "RES-057-0028-0001",
                    "start": 25,
                    "end": 42,
                    "label": "개인정보"
                }
            ]
        },
        {
            "sentence": "입소자 가명: 허수호(patient alias)로 표기하였고 실제 이름은 익명화 처리되어 있습니다.",
            "id": "sample_057_0028_000003",
            "annotations": [
                {
                    "word": "허수호",
                    "start": 8,
                    "end": 11,
                    "label": "개인정보"
                }
            ]
        },
        {
            "sentence": "생년월일(DOB): 1938-05-12 (ISO8601: 1938-05-12)이며 성별은 남성(Male)으로 기록됩니다.",
            "id": "sample_057_0028_000004",
            "annotations": [
                {
                    "word": "1938",
                    "start": 11,
                    "end": 15,
                    "label": "준식별자"
                },
                {
                    "word": "1938",
                    "start": 32,
                    "end": 36,
                    "label": "준식별자"
                },
                {
                    "word": "05",
                    "start": 16,
                    "end": 18,
                    "label": "준식별자"
                },
                {
                    "word": "05",
                    "start": 37,
                    "end": 39,
                    "label": "준식별자"
                },
                {
                    "word": "12",
                    "start": 19,
                    "end": 21,
                    "label": "준식별자"
                },
                {
                    "word": "12",
                    "start": 40,
                    "end": 42,
                    "label": "준식별자"
                },
                {
                    "word": "남성",
                    "start": 50,
                    "end": 52,
                    "label": "준식별자"
                }
            ]
        },
        {
            "sentence": "시설 정보: facility_id FAC-057-1001, 운영명 '행복한케어센터(HappyCare)'에 2023-09-01T10:30:00Z에 입소했습니다.",
            "id": "sample_057_0028_000005",
            "annotations": [
                {
                    "word": "FAC-057-1001",
                    "start": 19,
                    "end": 31,
                    "label": "기밀정보"
                },
                {
                    "word": "2023",
                    "start": 59,
                    "end": 63,
                    "label": "준식별자"
                },
                {
                    "word": "09",
                    "start": 64,
                    "end": 66,
                    "label": "준식별자"
                },
                {
                    "word": "01",
                    "start": 29,
                    "end": 31,
                    "label": "준식별자"
                },
                {
                    "word": "01",
                    "start": 67,
                    "end": 69,
                    "label": "준식별자"
                },
                {
                    "word": "행복한케어센터",
                    "start": 38,
                    "end": 45,
                    "label": "준식별자"
                }
            ]
        },
        {
            "sentence": "주요진단: I50.9 (Heart failure, unspecified) 및 F03.90 (Unspecified dementia) 등 복수 진단이 병기되어 있습니다.",
            "id": "sample_057_0028_000006",
            "annotations": []
        },
        {
            "sentence": "알레르기: 페니실린(Penicillin) 과거 반응 없음으로 기록되어 있습니다.",
            "id": "sample_057_0028_000007",
            "annotations": []
        },
        {
            "sentence": "동의서 및 법적 대리인: 동의 범위(consent_scope)는 '의료·일상케어 포함', 법적대리인(legal_guardian)은 정예일로 등록되어 있으며 동의서 파일은 전자서명 보관됩니다.",
            "id": "sample_057_0028_000008",
            "annotations": [
                {
                    "word": "정예일",
                    "start": 73,
                    "end": 76,
                    "label": "개인정보"
                }
            ]
        },
        {
            "sentence": "가족 연락처(Family contact): 배우자 배나겸, 휴대폰 010-1234-5678, 관계: 배우자(Spouse).",
            "id": "sample_057_0028_000009",
            "annotations": [
                {
                    "word": "배나겸",
                    "start": 28,
                    "end": 31,
                    "label": "개인정보"
                },
                {
                    "word": "010-1234-5678",
                    "start": 37,
                    "end": 50,
                    "label": "개인정보"
                }
            ]
        },
        {
            "sentence": "주소(Google Maps): 서울특별시 강동구 천호동 123-45, '행복한케어센터' 근처로 기록되어 있습니다.",
            "id": "sample_057_0028_000010",
            "annotations": [
                {
                    "word": "서울특별시",
                    "start": 17,
                    "end": 22,
                    "label": "준식별자"
                },
                {
                    "word": "강동구",
                    "start": 23,
                    "end": 26,
                    "label": "준식별자"
                },
                {
                    "word": "천호동",
                    "start": 27,
                    "end": 30,
                    "label": "준식별자"
                },
                {
                    "word": "123-45",
                    "start": 31,
                    "end": 37,
                    "label": "개인정보"
                }
            ]
        },
        {
            "sentence": "케어플랜 요약: 목표는 통증관리, 낙상예방, 영양상태 개선이며 관련 중재는 주간 물리치료 및 식이조절입니다.",
            "id": "sample_057_0028_000011",
            "annotations": []
        },
        {
            "sentence": "투약 목록(Medication List): 아세트아미노펜 325 mg PO q6h PRN, furosemide 20 mg PO qd, donepezil 5 mg PO qhs - 약물 코드는 RxNorm 병기 가능.",
            "id": "sample_057_0028_000012",
            "annotations": []
        },
        {
            "sentence": "MAR(투약관리): 2024-01-14T08:00:00Z에 아세트아미노펜 325 mg 투약 완료, 투약 후 구토 등의 이상반응은 없었음으로 기록.",
            "id": "sample_057_0028_000013",
            "annotations": [
                {
                    "word": "2024",
                    "start": 11,
                    "end": 15,
                    "label": "준식별자"
                },
                {
                    "word": "01",
                    "start": 16,
                    "end": 18,
                    "label": "준식별자"
                },
                {
                    "word": "14",
                    "start": 19,
                    "end": 21,
                    "label": "준식별자"
                }
            ]
        },
        {
            "sentence": "MAR 누락: 2024-01-15T08:00:00Z 아세트아미노펜 투약 누락, 사유: 환자 식사 중이었음으로 보충투약 09:00에 수행됨.",
            "id": "sample_057_0028_000014",
            "annotations": [
                {
                    "word": "2024",
                    "start": 8,
                    "end": 12,
                    "label": "준식별자"
                },
                {
                    "word": "01",
                    "start": 13,
                    "end": 15,
                    "label": "준식별자"
                },
                {
                    "word": "15",
                    "start": 16,
                    "end": 18,
                    "label": "준식별자"
                }
            ]
        },
        {
            "sentence": "활력징후 타임시리즈: 2024-01-15T07:00:00Z부터 2024-01-15T09:00:00Z까지의 심박수(HR), 혈압(BP), SpO2 시계열을 센서 기반으로 수집했습니다.",
            "id": "sample_057_0028_000015",
            "annotations": []
        },
        {
            "sentence": "웨어러블 센서 메타데이터: device_id DEV-AC-1001, battery_status 78%, quality_flag GOOD, 오프라인 이벤트 2024-01-10T23:15:00Z, 재시작 2024-01-11T00:02:05Z 기록.",
            "id": "sample_057_0028_000016",
            "annotations": [
                {
                    "word": "DEV-AC-1001",
                    "start": 25,
                    "end": 36,
                    "label": "기밀정보"
                }
            ]
        },
        {
            "sentence": "낙상 사고 보고서(Fall incident): 2024-01-15T07:22:35Z에 침대에서 낙상 발생, 발견자 이률이 최초 발견 및 신고, 초기조치: 기도확인·출혈 없음·간단 소독 및 통증관리 실시.",
            "id": "sample_057_0028_000017",
            "annotations": [
                {
                    "word": "2024",
                    "start": 26,
                    "end": 30,
                    "label": "준식별자"
                },
                {
                    "word": "01",
                    "start": 31,
                    "end": 33,
                    "label": "준식별자"
                },
                {
                    "word": "15",
                    "start": 34,
                    "end": 36,
                    "label": "준식별자"
                },
                {
                    "word": "이률",
                    "start": 64,
                    "end": 66,
                    "label": "개인정보"
                }
            ]
        },
        {
            "sentence": "응급조치 결과: 부상은 경미하여 병원 이송 없이 시설 내 관찰 후 2024-01-15T10:00:00Z에 정상 상태로 회복되어 기록함.",
            "id": "sample_057_0028_000018",
            "annotations": [
                {
                    "word": "2024",
                    "start": 37,
                    "end": 41,
                    "label": "준식별자"
                },
                {
                    "word": "01",
                    "start": 42,
                    "end": 44,
                    "label": "준식별자"
                },
                {
                    "word": "15",
                    "start": 45,
                    "end": 47,
                    "label": "준식별자"
                }
            ]
        },
        {
            "sentence": "욕창 위험도(Pressure Ulcer Risk, Braden score): 총점 14점으로 중등도 위험으로 간주되어 2시간 간격 체위변경 계획이 수립됨.",
            "id": "sample_057_0028_000019",
            "annotations": []
        },
        {
            "sentence": "ADL(Activities of Daily Living) 점수: 식사 2, 이동 3, 위생 2 등으로 기능저하가 관찰되어 보조 필요 항목이 명시됨.",
            "id": "sample_057_0028_000020",
            "annotations": []
        },
        {
            "sentence": "물리치료 노트: 물리치료사 한대광이 주 2회 관여하며 SNOMED CT 코드 414545006(physical therapy procedure)와 함께 운동 처방을 기록했습니다.",
            "id": "sample_057_0028_000021",
            "annotations": [
                {
                    "word": "한대광",
                    "start": 15,
                    "end": 18,
                    "label": "개인정보"
                }
            ]
        },
        {
            "sentence": "식이 제한: 저염식(2 g Na/day) 및 연하곤란 관련 미세연화식(Texture-modified diet)으로 영양 팀과 연계 관리합니다.",
            "id": "sample_057_0028_000022",
            "annotations": []
        },
        {
            "sentence": "청구 및 보험: 청구번호 IC-2024-0077이 생성되었으며 보험사 청구 상태는 '심사중'으로 표기됩니다.",
            "id": "sample_057_0028_000023",
            "annotations": [
                {
                    "word": "IC-2024-0077",
                    "start": 14,
                    "end": 26,
                    "label": "개인정보"
                }
            ]
        },
        {
            "sentence": "결제 및 계좌정보: 기관 계좌번호 111-222333-44는 내부 회계 처리용으로 기밀 분류됩니다.",
            "id": "sample_057_0028_000024",
            "annotations": [
                {
                    "word": "111-222333-44",
                    "start": 19,
                    "end": 32,
                    "label": "기밀정보"
                }
            ]
        },
        {
            "sentence": "스태프 근무배치: 2024-01-15 07:00-15:00 교대에 정예일(간호사), 장주오(요양보호사)가 배치되어 근무하였습니다.",
            "id": "sample_057_0028_000025",
            "annotations": [
                {
                    "word": "정예일",
                    "start": 37,
                    "end": 40,
                    "label": "개인정보"
                },
                {
                    "word": "장주오",
                    "start": 47,
                    "end": 50,
                    "label": "개인정보"
                },
                {
                    "word": "2024",
                    "start": 10,
                    "end": 14,
                    "label": "준식별자"
                },
                {
                    "word": "01",
                    "start": 15,
                    "end": 17,
                    "label": "준식별자"
                },
                {
                    "word": "15",
                    "start": 18,
                    "end": 20,
                    "label": "준식별자"
                },
                {
                    "word": "15",
                    "start": 27,
                    "end": 29,
                    "label": "준식별자"
                }
            ]
        },
        {
            "sentence": "근무 기록(Shift notes): 정예일이 낙상 상황을 최초 보고하였고 장주오가 초기 응급조치를 보조하였음을 기록합니다.",
            "id": "sample_057_0028_000026",
            "annotations": [
                {
                    "word": "정예일",
                    "start": 20,
                    "end": 23,
                    "label": "개인정보"
                },
                {
                    "word": "장주오",
                    "start": 41,
                    "end": 44,
                    "label": "개인정보"
                }
            ]
        },
        {
            "sentence": "프로비넌스 및 감사 로그: 모든 변경 이력은 audit_id AUD-2024-9001로 추적되며 변경자 및 타임스탬프가 함께 보관됩니다.",
            "id": "sample_057_0028_000027",
            "annotations": [
                {
                    "word": "AUD-2024-9001",
                    "start": 34,
                    "end": 47,
                    "label": "기밀정보"
                }
            ]
        },
        {
            "sentence": "보안 및 접근 제어: 데이터 접근은 동의서 및 법적대리인 상태에 따라 RBAC로 제어되며 접근내역은 별도 로그로 보존됩니다.",
            "id": "sample_057_0028_000028",
            "annotations": []
        },
        {
            "sentence": "퇴소 요약(Discharge summary): 상태 호전으로 2024-03-01T10:00:00Z에 퇴소 예정이며 가족과의 통지 및 후속케어 플랜이 수립되었습니다.",
            "id": "sample_057_0028_000029",
            "annotations": [
                {
                    "word": "2024",
                    "start": 34,
                    "end": 38,
                    "label": "준식별자"
                },
                {
                    "word": "03",
                    "start": 39,
                    "end": 41,
                    "label": "준식별자"
                },
                {
                    "word": "01",
                    "start": 42,
                    "end": 44,
                    "label": "준식별자"
                }
            ]
        },
        {
            "sentence": "행동지침 및 권고사항: 가족 면담, 낙상 예방 교육, 약물 재검토를 권고하며 관련 책임자는 시설 관리자에게 통보되었습니다.",
            "id": "sample_057_0028_000030",
            "annotations": []
        }
    ]
}