{
    "document_id": "057_0054",
    "document_title": "노인요양 입소자 사례보고서(성래원) — 케어플랜 및 사건·감사 기록",
    "data": [
        {
            "sentence": "문서: 노인요양 입소자 사례보고서 — 성래원(R-057-0054)님 대상.",
            "id": "sample_057_0054_000001",
            "annotations": [
                {
                    "word": "성래원",
                    "start": 21,
                    "end": 24,
                    "label": "개인정보"
                },
                {
                    "word": "R-057-0054",
                    "start": 25,
                    "end": 35,
                    "label": "개인정보"
                }
            ]
        },
        {
            "sentence": "소속 시설: F-0021 (시설 코드), 시설명: 서울동부케어센터는 내부 식별번호를 사용합니다.",
            "id": "sample_057_0054_000002",
            "annotations": [
                {
                    "word": "F-0021",
                    "start": 7,
                    "end": 13,
                    "label": "기밀정보"
                }
            ]
        },
        {
            "sentence": "입소자 기본정보: 이름 성래원, 생년월일 1938-06-15, 성별 남성.",
            "id": "sample_057_0054_000003",
            "annotations": [
                {
                    "word": "성래원",
                    "start": 13,
                    "end": 16,
                    "label": "개인정보"
                },
                {
                    "word": "1938-06-15",
                    "start": 23,
                    "end": 33,
                    "label": "준식별자"
                },
                {
                    "word": "남성",
                    "start": 38,
                    "end": 40,
                    "label": "준식별자"
                }
            ]
        },
        {
            "sentence": "입소일(admission_date): 2022-09-12T10:30:00Z, 입소 경위는 지역사회 의료연계에 의한 전원입니다.",
            "id": "sample_057_0054_000004",
            "annotations": [
                {
                    "word": "2022-09-12T10:30:00Z",
                    "start": 21,
                    "end": 41,
                    "label": "준식별자"
                }
            ]
        },
        {
            "sentence": "주진단(primary_diagnosis): I50.9 (Heart failure, chronic congestive heart failure)로 일상보조가 필요한 상태입니다.",
            "id": "sample_057_0054_000005",
            "annotations": []
        },
        {
            "sentence": "케어플랜(care_plan): 낙상예방(fall prevention), 약물관리(medication reconciliation), 주 3회 물리치료(PT) 연계로 맞춤형 계획이 수립되었습니다.",
            "id": "sample_057_0054_000006",
            "annotations": []
        },
        {
            "sentence": "약물목록(medication_list): Furosemide 40 mg PO qd, Amlodipine 5 mg PO qd, Aspirin 81 mg PO qd로 처방되어 단위는 mg로 통일 관리합니다.",
            "id": "sample_057_0054_000007",
            "annotations": []
        },
        {
            "sentence": "MAR(투약기록): 2024-01-09T08:00:00Z Furosemide 40 mg administered by nurse 임연경; 사전 혈압 142/86 mmHg, 투약 후 1hr BP 130/78 mmHg.",
            "id": "sample_057_0054_000008",
            "annotations": [
                {
                    "word": "임연경",
                    "start": 71,
                    "end": 74,
                    "label": "개인정보"
                }
            ]
        },
        {
            "sentence": "MAR 이상반응 기록: 2024-01-09T08:30:00Z 경미한 어지러움 보고, 투약과의 연관성 여부 모니터링 및 담당의에 보고하였음.",
            "id": "sample_057_0054_000009",
            "annotations": []
        },
        {
            "sentence": "활력징후 시계열(vital_signs_timeseries): 2024-01-09T07:00:00Z HR 78 bpm; 2024-01-09T08:00:00Z HR 82 bpm; 각 레코드는 quality_flag와 device_battery를 포함합니다.",
            "id": "sample_057_0054_000010",
            "annotations": []
        },
        {
            "sentence": "낙상 사고 보고서(fall_incident_report): 발생 2024-01-05T07:18:50Z, 발견자 간호사 정현준, 초기조치로 체위 안정화 및 통증선별 후 추가 영상검사 필요성 평가를 진행하였습니다.",
            "id": "sample_057_0054_000011",
            "annotations": [
                {
                    "word": "정현준",
                    "start": 66,
                    "end": 69,
                    "label": "개인정보"
                }
            ]
        },
        {
            "sentence": "낙상 결과 및 조치: 골절 소견 없음, 신체기능 저하 일부 관찰되어 물리치료(PT) 세션 증원 및 환경 리스크 평가 시행 예정입니다.",
            "id": "sample_057_0054_000012",
            "annotations": []
        },
        {
            "sentence": "욕창 위험도(Braden scale): 15점으로 중간 위험군에 해당되어 피부 상태 모니터링 및 체위변경 스케줄을 적용하였습니다.",
            "id": "sample_057_0054_000013",
            "annotations": []
        },
        {
            "sentence": "ADL 점수(Activities of Daily Living): 식사 2/3, 화장실 이용 1/3, 보행 보조 필요로 총점 45이며 일상 보조가 권고됩니다.",
            "id": "sample_057_0054_000014",
            "annotations": []
        },
        {
            "sentence": "물리치료 노트(physical_therapy_notes): 2024-01-10T10:00:00Z 균형훈련 및 하체 근력강화 30분 시행, 통증 VAS 2/10로 관찰되어 운동 강도는 점진적으로 증가 예정입니다.",
            "id": "sample_057_0054_000015",
            "annotations": []
        },
        {
            "sentence": "식이 제한(dietary_restrictions): 저염식 및 부드러운 질감(soft diet)으로 조정, 나트륨 섭취량 목표는 하루 1500 mg 미만으로 설정하였습니다.",
            "id": "sample_057_0054_000016",
            "annotations": []
        },
        {
            "sentence": "동의서(consent_forms): 전반적 의료정보 공유 및 응급이송 동의서 상태 확인됨, 법적대리인(legal_guardian): 차영채가 서면 동의함.",
            "id": "sample_057_0054_000017",
            "annotations": [
                {
                    "word": "차영채",
                    "start": 74,
                    "end": 77,
                    "label": "개인정보"
                }
            ]
        },
        {
            "sentence": "사전의료지시(advance_directives): CPR 비시행(Do Not Resuscitate) 조건이 명시된 문서가 보관되어 있고 법적 검토 후 전자기록에 연계하였습니다.",
            "id": "sample_057_0054_000018",
            "annotations": []
        },
        {
            "sentence": "스태프 배정(staff_assignments): 주간 책임간호사 원다훈, 야간 담당 간호사 최도규, 물리치료사 정준빈이 지속적으로 사례를 담당합니다.",
            "id": "sample_057_0054_000019",
            "annotations": [
                {
                    "word": "원다훈",
                    "start": 36,
                    "end": 39,
                    "label": "개인정보"
                },
                {
                    "word": "최도규",
                    "start": 51,
                    "end": 54,
                    "label": "개인정보"
                },
                {
                    "word": "정준빈",
                    "start": 62,
                    "end": 65,
                    "label": "개인정보"
                }
            ]
        },
        {
            "sentence": "교대노트(shift_notes): 2024-01-10T07:00:00Z 교대 시 전일 대비 배뇨 빈도 증가 및 약물 복용 확인을 기록하였고 추가 모니터링 지시를 남겼습니다.",
            "id": "sample_057_0054_000020",
            "annotations": []
        },
        {
            "sentence": "센서 이벤트(sensor_events): emergency_button 눌림 2024-01-05T07:18:55Z, bed_exit 센서 2024-01-05T07:17:40Z, device battery_status 62%, offline event 2024-01-04T23:12:00Z 재시작 2024-01-04T23:14:05Z로 기록되었습니다.",
            "id": "sample_057_0054_000021",
            "annotations": []
        },
        {
            "sentence": "결제 및 청구(billing_record): 청구번호 BIL-20230098로 장기요양료 청구 처리되었으며 보험청구ID(insurance_claim_id): IC-88-333-77이 생성되었습니다.",
            "id": "sample_057_0054_000022",
            "annotations": [
                {
                    "word": "BIL-20230098",
                    "start": 30,
                    "end": 42,
                    "label": "기밀정보"
                },
                {
                    "word": "IC-88-333-77",
                    "start": 88,
                    "end": 100,
                    "label": "기밀정보"
                }
            ]
        },
        {
            "sentence": "퇴소요약(discharge_summary): 2024-02-28T15:00:00Z 퇴원 예정으로 재활의뢰 및 지역사회케어 연계 방안을 가족과 협의하였습니다.",
            "id": "sample_057_0054_000023",
            "annotations": [
                {
                    "word": "2024-02-28T15:00:00Z",
                    "start": 25,
                    "end": 45,
                    "label": "준식별자"
                }
            ]
        },
        {
            "sentence": "가족 연락처(family_contact): 차영채(자녀), 연락처는 개인정보보호를 위해 내부 시스템에 암호화 저장되어 있으며 공개하지 않습니다.",
            "id": "sample_057_0054_000024",
            "annotations": [
                {
                    "word": "차영채",
                    "start": 24,
                    "end": 27,
                    "label": "개인정보"
                }
            ]
        },
        {
            "sentence": "구글맵 주소(google_maps_address): 서울특별시, 강동구 중심부 인근으로 응급차량 접근성 및 도로 여건을 평가하였습니다.",
            "id": "sample_057_0054_000025",
            "annotations": [
                {
                    "word": "서울특별시",
                    "start": 29,
                    "end": 34,
                    "label": "준식별자"
                },
                {
                    "word": "강동구",
                    "start": 36,
                    "end": 39,
                    "label": "준식별자"
                }
            ]
        },
        {
            "sentence": "변경 이력(provenance): 문서 생성 2024-01-11T09:30:00Z, 수정 2024-01-12T14:22:10Z, 최종 편집자 정준빈이 변경사유를 기록했습니다.",
            "id": "sample_057_0054_000026",
            "annotations": [
                {
                    "word": "정준빈",
                    "start": 79,
                    "end": 82,
                    "label": "개인정보"
                }
            ]
        },
        {
            "sentence": "감사 로그(audit_trail): 접근자 로그에 user:staff_021(임시식별자) 기록되어 있으며 접근 권한은 동의서 및 법적대리인 검증에 따라 제한됩니다.",
            "id": "sample_057_0054_000027",
            "annotations": [
                {
                    "word": "user:staff_021",
                    "start": 28,
                    "end": 42,
                    "label": "기밀정보"
                }
            ]
        },
        {
            "sentence": "보존 및 삭제 정책: 법적 보관 기간 최소 5년 준수, 개인정보 삭제 요청 시 감사 로그와 변경 이력을 통해 처리 내역을 기록합니다.",
            "id": "sample_057_0054_000028",
            "annotations": []
        }
    ]
}