{
    "document_id": "057_0030",
    "document_title": "입소자 임상·운영 종합기록 (노인요양 및 보조생활)",
    "data": [
        {
            "sentence": "문서 목적 및 요약: 본 문서는 노인요양시설 입소자 임상·운영 기록을 규제 및 감사용으로 종합 정리한 의료행정 문서입니다.",
            "id": "sample_057_0030_000001",
            "annotations": []
        },
        {
            "sentence": "시설 식별자(Facility ID): FAC-0102로 내부 트래킹되며 데이터 접근은 동의 기반으로 제한됩니다.",
            "id": "sample_057_0030_000002",
            "annotations": [
                {
                    "word": "FAC-0102",
                    "start": 21,
                    "end": 29,
                    "label": "기밀정보"
                }
            ]
        },
        {
            "sentence": "입소자 식별자(Resident ID): RES-0001, 기록은 익명화된 인덱스로 저장되며 원본 식별자는 감사용으로 분리 보관합니다.",
            "id": "sample_057_0030_000003",
            "annotations": [
                {
                    "word": "RES-0001",
                    "start": 22,
                    "end": 30,
                    "label": "개인정보"
                }
            ]
        },
        {
            "sentence": "입소자 이름(가명 표기): 진문영님, 문서 열람은 동의 범위 및 법적대리인 상태에 따라 제어됩니다.",
            "id": "sample_057_0030_000004",
            "annotations": [
                {
                    "word": "진문영",
                    "start": 15,
                    "end": 18,
                    "label": "개인정보"
                }
            ]
        },
        {
            "sentence": "생년월일(DOB): 1938-05-12, 성별: 여(Female), 해당 정보는 준식별자 처리 규칙에 따라 연·월·일 단위로 관리됩니다.",
            "id": "sample_057_0030_000005",
            "annotations": [
                {
                    "word": "1938-05-12",
                    "start": 11,
                    "end": 21,
                    "label": "준식별자"
                },
                {
                    "word": "1938",
                    "start": 11,
                    "end": 15,
                    "label": "준식별자"
                },
                {
                    "word": "05",
                    "start": 16,
                    "end": 18,
                    "label": "준식별자"
                },
                {
                    "word": "12",
                    "start": 19,
                    "end": 21,
                    "label": "준식별자"
                },
                {
                    "word": "여",
                    "start": 27,
                    "end": 28,
                    "label": "준식별자"
                }
            ]
        },
        {
            "sentence": "입소일(Admission Date): 2023-09-15T10:30:00Z, 초기 평가 및 배치 기준 시점으로 타임스탬프는 ISO8601(UTC)로 기록됩니다.",
            "id": "sample_057_0030_000006",
            "annotations": [
                {
                    "word": "2023-09-15T10:30:00Z",
                    "start": 21,
                    "end": 41,
                    "label": "준식별자"
                }
            ]
        },
        {
            "sentence": "주요진단(Primary diagnosis): I50.9 (Heart failure, unspecified) 및 I10 고혈압 동반으로 심혈관계 집중 관리 계획이 수립되었습니다.",
            "id": "sample_057_0030_000007",
            "annotations": []
        },
        {
            "sentence": "케어플랜 요약: 심혈관계 안정화, 체중·수분관리, 일상생활지원(ADL) 목표 설정, 물리치료(PT) 연계 및 낙상 예방을 포함합니다.",
            "id": "sample_057_0030_000008",
            "annotations": []
        },
        {
            "sentence": "약물 목록(Medication list): Furosemide 40 mg PO qAM, Amlodipine 5 mg PO qHS, Aspirin 81 mg PO daily로 단위 및 경로가 명시됩니다.",
            "id": "sample_057_0030_000009",
            "annotations": []
        },
        {
            "sentence": "투약관리(MAR) 샘플: 2025-01-12T08:00:00Z에 Furosemide 40 mg 투여 완료; 투약 후 현기증(어지러움) 보고로 간호 모니터링 후 증상 호전 기록.",
            "id": "sample_057_0030_000010",
            "annotations": [
                {
                    "word": "2025-01-12T08:00:00Z",
                    "start": 14,
                    "end": 34,
                    "label": "준식별자"
                }
            ]
        },
        {
            "sentence": "미투약 사례 기록: 2025-01-13T08:00:00Z Furosemide 미투여(구토로 인한 연기), 미투약 사유와 대체 관리 방안이 MAR에 명시되었습니다.",
            "id": "sample_057_0030_000011",
            "annotations": [
                {
                    "word": "2025-01-13T08:00:00Z",
                    "start": 11,
                    "end": 31,
                    "label": "준식별자"
                }
            ]
        },
        {
            "sentence": "활력징후 타임시리즈 샘플: 2025-01-12T07:50:00Z HR 88 bpm, BP 142/84 mmHg, SpO2 96%로 LOINC 코드 매핑 가능성을 명기합니다.",
            "id": "sample_057_0030_000012",
            "annotations": [
                {
                    "word": "2025-01-12T07:50:00Z",
                    "start": 15,
                    "end": 35,
                    "label": "준식별자"
                }
            ]
        },
        {
            "sentence": "낙상사건 보고서: 2025-02-03T14:22:10Z에 사건 발생, 발견자: 정소이(staff), 장소: 침상 측면, 초기조치: ABC 확인·활력징후 측정·응급 호출, 결과: 경미 타박상.",
            "id": "sample_057_0030_000013",
            "annotations": [
                {
                    "word": "2025-02-03T14:22:10Z",
                    "start": 10,
                    "end": 30,
                    "label": "준식별자"
                },
                {
                    "word": "정소이",
                    "start": 44,
                    "end": 47,
                    "label": "개인정보"
                }
            ]
        },
        {
            "sentence": "욕창 위험 평가(Braden scale): 총점 14점으로 중등도 위험 판정, 예방패드 적용과 2시간 간격 체위변경 계획을 포함합니다.",
            "id": "sample_057_0030_000014",
            "annotations": []
        },
        {
            "sentence": "ADL(Activities of Daily Living) 점수: 식사 2/5, 세면 3/5, 이동보조 2/5, 총점 7/15로 일상 활동에 대한 보조 필요성이 명시됩니다.",
            "id": "sample_057_0030_000015",
            "annotations": []
        },
        {
            "sentence": "물리치료 노트(Physical therapy): 2025-01-20 세션에서 근력강화와 균형훈련 제공, 치료사: 하동구, 운동 반응 및 다음 방문 계획을 기재했습니다.",
            "id": "sample_057_0030_000016",
            "annotations": [
                {
                    "word": "하동구",
                    "start": 63,
                    "end": 66,
                    "label": "개인정보"
                }
            ]
        },
        {
            "sentence": "식이제한(Dietary restrictions): 저염식으로 분쇄식 제공, 질식 위험을 고려한 식사 감독과 체중모니터링을 병행합니다.",
            "id": "sample_057_0030_000017",
            "annotations": []
        },
        {
            "sentence": "동의서(consent_forms): 기본 정보 제공 동의 및 데이터 열람 동의서를 보유하고, 동의 범위(consent_scope)는 임상·품질개선 목적에 한정합니다.",
            "id": "sample_057_0030_000018",
            "annotations": []
        },
        {
            "sentence": "법적대리인(legal_guardian): 우로윤(대리인) 동의서 제출, 연락처: 010-****-2345로 시설은 민감 연락처를 마스킹하여 보관합니다.",
            "id": "sample_057_0030_000019",
            "annotations": [
                {
                    "word": "우로윤",
                    "start": 23,
                    "end": 26,
                    "label": "개인정보"
                },
                {
                    "word": "010-****-2345",
                    "start": 45,
                    "end": 58,
                    "label": "개인정보"
                }
            ]
        },
        {
            "sentence": "사전의료지시(advance directives): 생명유지치료 중단에 관한 거부 의사 표기가 있으며, 상세 내용은 별첨 문서에 보관됩니다.",
            "id": "sample_057_0030_000020",
            "annotations": []
        },
        {
            "sentence": "스태프 배치 및 교대표(staff assignments): 주간 간호사 정소이, 물리치료사 하동구, 간병인 박세이 등으로 정기 배치되어 있습니다.",
            "id": "sample_057_0030_000021",
            "annotations": [
                {
                    "word": "정소이",
                    "start": 40,
                    "end": 43,
                    "label": "개인정보"
                },
                {
                    "word": "하동구",
                    "start": 51,
                    "end": 54,
                    "label": "개인정보"
                },
                {
                    "word": "박세이",
                    "start": 60,
                    "end": 63,
                    "label": "개인정보"
                }
            ]
        },
        {
            "sentence": "시프트 노트(shift notes): 2025-01-12T08:30:00Z 교대 노트에 식사섭취량 80% 기록, 배뇨 2회, 활동 제한 요청 없음으로 기록되었습니다.",
            "id": "sample_057_0030_000022",
            "annotations": []
        },
        {
            "sentence": "센서 이벤트(sensor_events): 응급버튼(event_type: emergency_button) 2025-02-03T14:21:58Z 눌림, 베드이탈 센서(dev-ACU-09) 2025-02-03T14:21:50Z 오프라인 후 재시작, battery_status 78%.",
            "id": "sample_057_0030_000023",
            "annotations": [
                {
                    "word": "dev-ACU-09",
                    "start": 91,
                    "end": 101,
                    "label": "기밀정보"
                }
            ]
        },
        {
            "sentence": "청구기록(billing_record): 청구번호 BILL-2025-078, 비용 산정 근거 및 내부 결재 흐름은 별도 기밀 보관됩니다.",
            "id": "sample_057_0030_000024",
            "annotations": [
                {
                    "word": "BILL-2025-078",
                    "start": 27,
                    "end": 40,
                    "label": "기밀정보"
                }
            ]
        },
        {
            "sentence": "보험청구(insurance_claim_id): CLAIM-2025-0007로 시스템에 연동되어 암호화 저장 및 감사 로그와 연계됩니다.",
            "id": "sample_057_0030_000025",
            "annotations": [
                {
                    "word": "CLAIM-2025-0007",
                    "start": 26,
                    "end": 41,
                    "label": "기밀정보"
                }
            ]
        },
        {
            "sentence": "퇴원요약(discharge_summary): 예정 퇴원일 2025-03-01, 외래 심장검사 예약 및 지역사회 연계 서비스 지시를 포함합니다.",
            "id": "sample_057_0030_000026",
            "annotations": [
                {
                    "word": "2025-03-01",
                    "start": 32,
                    "end": 42,
                    "label": "준식별자"
                }
            ]
        },
        {
            "sentence": "가족연락처(family_contact): 주진유(자녀) 연락처 010-****-7890, 통신 기록과 방문기록은 접근권한에 따라 제한 열람됩니다.",
            "id": "sample_057_0030_000027",
            "annotations": [
                {
                    "word": "주진유",
                    "start": 23,
                    "end": 26,
                    "label": "개인정보"
                },
                {
                    "word": "010-****-7890",
                    "start": 35,
                    "end": 48,
                    "label": "개인정보"
                }
            ]
        },
        {
            "sentence": "주소(google_maps_address): 서울특별시 강남구 역삼동, 시설 위치 표기는 시·구·동 단위로 저장되어 지도 연동 시 준식별자 처리를 적용합니다.",
            "id": "sample_057_0030_000028",
            "annotations": [
                {
                    "word": "서울특별시",
                    "start": 25,
                    "end": 30,
                    "label": "준식별자"
                },
                {
                    "word": "강남구",
                    "start": 31,
                    "end": 34,
                    "label": "준식별자"
                },
                {
                    "word": "역삼동",
                    "start": 35,
                    "end": 38,
                    "label": "준식별자"
                }
            ]
        },
        {
            "sentence": "변경이력(provenance) 및 감사로그(audit trail): 모든 수정은 타임스탬프, 사용자ID, 변경사유와 함께 기록되어 규제·감사 요구를 충족합니다.",
            "id": "sample_057_0030_000029",
            "annotations": []
        },
        {
            "sentence": "보안·컴플라이언스: 데이터 접근 제어는 동의 및 법적 대리인 상태 기반 ACL로 관리되며 보존기간과 삭제 요청 절차를 명시했습니다.",
            "id": "sample_057_0030_000030",
            "annotations": []
        }
    ]
}