{
    "document_id": "057_0089",
    "document_title": "입소자 케어 및 센서통합 기록 요약 (노인요양·보조생활)",
    "data": [
        {
            "sentence": "문서 개요: 본 파일은 노인요양·보조생활 환경에서 생성된 임상기록, 센서타임시리즈, 법적동의 및 운영감사 내역을 통합한 요약 자료입니다.",
            "id": "sample_057_0089_000001",
            "annotations": []
        },
        {
            "sentence": "resident_id: RES-057-0089, facility_id: FCL-057, 입소자 이름: 이은구.",
            "id": "sample_057_0089_000002",
            "annotations": [
                {
                    "word": "RES-057-0089",
                    "start": 13,
                    "end": 25,
                    "label": "개인정보"
                },
                {
                    "word": "FCL-057",
                    "start": 40,
                    "end": 47,
                    "label": "기밀정보"
                },
                {
                    "word": "이은구",
                    "start": 57,
                    "end": 60,
                    "label": "개인정보"
                }
            ]
        },
        {
            "sentence": "생년월일(ISO8601): 1938-07-14T00:00:00Z (연도: 1938, 월: 07, 일: 14).",
            "id": "sample_057_0089_000003",
            "annotations": [
                {
                    "word": "1938",
                    "start": 15,
                    "end": 19,
                    "label": "준식별자"
                },
                {
                    "word": "1938",
                    "start": 41,
                    "end": 45,
                    "label": "준식별자"
                },
                {
                    "word": "07",
                    "start": 20,
                    "end": 22,
                    "label": "준식별자"
                },
                {
                    "word": "07",
                    "start": 50,
                    "end": 52,
                    "label": "준식별자"
                },
                {
                    "word": "14",
                    "start": 23,
                    "end": 25,
                    "label": "준식별자"
                },
                {
                    "word": "14",
                    "start": 57,
                    "end": 59,
                    "label": "준식별자"
                }
            ]
        },
        {
            "sentence": "성별: 여(female). 입소일(ISO8601): 2021-06-15T10:30:00Z (연도: 2021, 월: 06, 일: 15).",
            "id": "sample_057_0089_000004",
            "annotations": [
                {
                    "word": "여",
                    "start": 4,
                    "end": 5,
                    "label": "준식별자"
                },
                {
                    "word": "2021",
                    "start": 29,
                    "end": 33,
                    "label": "준식별자"
                },
                {
                    "word": "2021",
                    "start": 55,
                    "end": 59,
                    "label": "준식별자"
                },
                {
                    "word": "06",
                    "start": 34,
                    "end": 36,
                    "label": "준식별자"
                },
                {
                    "word": "06",
                    "start": 64,
                    "end": 66,
                    "label": "준식별자"
                },
                {
                    "word": "15",
                    "start": 37,
                    "end": 39,
                    "label": "준식별자"
                },
                {
                    "word": "15",
                    "start": 71,
                    "end": 73,
                    "label": "준식별자"
                }
            ]
        },
        {
            "sentence": "거주지(google_maps_address): 서울특별시 중구 세종대로 123, 4층.",
            "id": "sample_057_0089_000005",
            "annotations": [
                {
                    "word": "서울특별시 중구 세종대로 123, 4층",
                    "start": 26,
                    "end": 47,
                    "label": "개인정보"
                }
            ]
        },
        {
            "sentence": "주진단(primary_diagnosis): I69.4 (ischemic stroke sequelae) 및 E11.9 (type 2 diabetes mellitus)로 기록되어 있습니다.",
            "id": "sample_057_0089_000006",
            "annotations": []
        },
        {
            "sentence": "케어플랜(care_plan): 일상생활지원, 낙상예방, 투약관리, 물리치료 주3회, 영양관리(저염·당조절)로 구성되어 있습니다.",
            "id": "sample_057_0089_000007",
            "annotations": []
        },
        {
            "sentence": "투약목록(medication_list): aspirin 100 mg qd, losartan 50 mg qd, metformin 500 mg bid 등이 처방되어 있습니다.",
            "id": "sample_057_0089_000008",
            "annotations": []
        },
        {
            "sentence": "MAR 예시: 2025-01-10T08:00:00Z aspirin 100mg 투약 완료; 2025-01-11T08:00:00Z metformin 미투약(reason: 구토)으로 표기되었습니다.",
            "id": "sample_057_0089_000009",
            "annotations": []
        },
        {
            "sentence": "활력징후 타임시리즈(vital_signs): 2025-01-10T07:58:00Z HR 72 bpm, BP 128/76 mmHg, SpO2 97% 등의 연속값이 기록되었습니다.",
            "id": "sample_057_0089_000010",
            "annotations": []
        },
        {
            "sentence": "낙상사건 보고서: 2024-11-20T14:12:30Z, 위치: 방호실 201호, 발견자: 스태프 유재승, 초기조치: 즉시 평판·응급버튼 누름, 결과: 경미한 타박상.",
            "id": "sample_057_0089_000011",
            "annotations": [
                {
                    "word": "201호",
                    "start": 40,
                    "end": 44,
                    "label": "개인정보"
                },
                {
                    "word": "유재승",
                    "start": 55,
                    "end": 58,
                    "label": "개인정보"
                }
            ]
        },
        {
            "sentence": "욕창위험점수(Braden scale): 14점으로 중등도 위험으로 판정되었으며 피부관리 계획을 적용 중입니다.",
            "id": "sample_057_0089_000012",
            "annotations": []
        },
        {
            "sentence": "ADL 점수 평가: 식사 2/3, 목욕 1/3, 이동 1/3(총합 4/9)으로 보조가 필요합니다.",
            "id": "sample_057_0089_000013",
            "annotations": []
        },
        {
            "sentence": "물리치료 노트(physical therapy): 2024-12-01 10:00 물리치료사 배도진 주도로 보행훈련 20분 시행, 보행보조기 사용으로 안정성 확보.",
            "id": "sample_057_0089_000014",
            "annotations": [
                {
                    "word": "배도진",
                    "start": 50,
                    "end": 53,
                    "label": "개인정보"
                }
            ]
        },
        {
            "sentence": "식이제한 및 알레르기: 저염식·당조절 식단 적용, 알레르기 없음으로 기록.",
            "id": "sample_057_0089_000015",
            "annotations": []
        },
        {
            "sentence": "동의서(consent_forms): 법적대리인 배도진의 서면동의(동의범위: 의료 및 돌봄 전반, legal_guardian: 배도진) 보관 사실을 명시합니다.",
            "id": "sample_057_0089_000016",
            "annotations": [
                {
                    "word": "배도진",
                    "start": 26,
                    "end": 29,
                    "label": "개인정보"
                },
                {
                    "word": "배도진",
                    "start": 70,
                    "end": 73,
                    "label": "개인정보"
                }
            ]
        },
        {
            "sentence": "사전의료의향서(advance_directives): 연명의료 제한 일부 동의가 기재되어 있으며 전자문서로 보관됩니다.",
            "id": "sample_057_0089_000017",
            "annotations": []
        },
        {
            "sentence": "스태프 배치(staff_assignments): RN 유재승(주간), CNA 황승민(야간), 담당간호사 백재준으로 배정되어 있습니다.",
            "id": "sample_057_0089_000018",
            "annotations": [
                {
                    "word": "유재승",
                    "start": 30,
                    "end": 33,
                    "label": "개인정보"
                },
                {
                    "word": "황승민",
                    "start": 43,
                    "end": 46,
                    "label": "개인정보"
                },
                {
                    "word": "백재준",
                    "start": 58,
                    "end": 61,
                    "label": "개인정보"
                }
            ]
        },
        {
            "sentence": "교대노트(shift_notes): 2025-01-12T07:00Z 교대 시 특이사항 전달, 약물 알람 및 센서 재설정 내역 포함.",
            "id": "sample_057_0089_000019",
            "annotations": []
        },
        {
            "sentence": "센서이벤트(sensor_events): bed_exit sensor id: bed_201, quality_flag: OK, battery_status: 78%, offline_events: 2024-12-20T02:10Z 재시작 기록.",
            "id": "sample_057_0089_000020",
            "annotations": [
                {
                    "word": "bed_201",
                    "start": 42,
                    "end": 49,
                    "label": "기밀정보"
                }
            ]
        },
        {
            "sentence": "응급버튼 이벤트: 2024-11-20T14:13:05Z, 호출자: 해당 방(201호) 센서, 응답시간: 00:01:15, EMS 연계 프로토콜 적용.",
            "id": "sample_057_0089_000021",
            "annotations": [
                {
                    "word": "201호",
                    "start": 42,
                    "end": 46,
                    "label": "개인정보"
                }
            ]
        },
        {
            "sentence": "청구기록(billing_record): billing_id BILL-2024-0089, 총금액 KRW 1,250,000, 보험청구 insurance_claim_id INS-890123로 제출되었습니다.",
            "id": "sample_057_0089_000022",
            "annotations": [
                {
                    "word": "BILL-2024-0089",
                    "start": 33,
                    "end": 47,
                    "label": "기밀정보"
                },
                {
                    "word": "INS-890123",
                    "start": 92,
                    "end": 102,
                    "label": "기밀정보"
                }
            ]
        },
        {
            "sentence": "보험정보: 보험사 국민건강보험공단(NHI), 보험번호 내부식별자 NHI-2024-57-0089(참고용 내부색인)로 기재되어 있습니다.",
            "id": "sample_057_0089_000023",
            "annotations": [
                {
                    "word": "NHI-2024-57-0089",
                    "start": 36,
                    "end": 52,
                    "label": "개인정보"
                }
            ]
        },
        {
            "sentence": "퇴소요약(discharge_summary): 예정 퇴소일 2025-02-28, 퇴소시 권고사항 및 가정돌봄 연계 권고 포함.",
            "id": "sample_057_0089_000024",
            "annotations": []
        },
        {
            "sentence": "가족연락처(family_contact): 배우자 홍여정, 연락처 010-0000-2222, 관계: 배우자로 기록되어 있습니다.",
            "id": "sample_057_0089_000025",
            "annotations": [
                {
                    "word": "홍여정",
                    "start": 27,
                    "end": 30,
                    "label": "개인정보"
                },
                {
                    "word": "010-0000-2222",
                    "start": 36,
                    "end": 49,
                    "label": "개인정보"
                }
            ]
        },
        {
            "sentence": "변경이력(provenance) 및 감사로그(audit trail): 2025-01-12T07:02:15Z 작성자 RES-SYS, 수정내역: ADL 점수 조정, audit_log ref: AUD-00089.",
            "id": "sample_057_0089_000026",
            "annotations": [
                {
                    "word": "RES-SYS",
                    "start": 63,
                    "end": 70,
                    "label": "기밀정보"
                },
                {
                    "word": "AUD-00089",
                    "start": 104,
                    "end": 113,
                    "label": "기밀정보"
                }
            ]
        },
        {
            "sentence": "데이터 보존 및 삭제정책: 법정보관기간 10년 준수, 삭제요청 시 익명화 또는 완전삭제 절차 수행 예정입니다.",
            "id": "sample_057_0089_000027",
            "annotations": []
        },
        {
            "sentence": "운영기밀 및 보안메타: 내부서버 IP 10.0.0.5, 접속계정 admin_fcl057는 내부기밀로 취급됩니다.",
            "id": "sample_057_0089_000028",
            "annotations": [
                {
                    "word": "10.0.0.5",
                    "start": 21,
                    "end": 29,
                    "label": "기밀정보"
                },
                {
                    "word": "admin_fcl057",
                    "start": 36,
                    "end": 48,
                    "label": "기밀정보"
                }
            ]
        },
        {
            "sentence": "재무정보: 입금계좌(사업자) 111-222-333333, 결제상세 및 세부내역은 기밀관리 대상으로 기록됩니다.",
            "id": "sample_057_0089_000029",
            "annotations": [
                {
                    "word": "111-222-333333",
                    "start": 16,
                    "end": 30,
                    "label": "기밀정보"
                }
            ]
        },
        {
            "sentence": "결론 및 권고사항: 낙상 위험 집중 모니터링 권장, 법적대리인과 정기 커뮤니케이션, 데이터 접근은 동의범위와 역할기반 접근제어로 제한하십시오.",
            "id": "sample_057_0089_000030",
            "annotations": []
        }
    ]
}