{
    "document_id": "057_0080",
    "document_title": "입소자 종합케어 기록지 (노인요양 및 보조생활)",
    "data": [
        {
            "sentence": "문서 개요: 본 기록지는 노인요양 및 보조생활 환경에서 생성된 종합 임상·운영 자료를 통합한 Resident Care Record이다.",
            "id": "sample_057_0080_000001",
            "annotations": []
        },
        {
            "sentence": "Resident 기본정보: resident_id RES-057-0080, 이름(가명) 노세람, 생년월일 1938-05-14, 성별 여성.",
            "id": "sample_057_0080_000002",
            "annotations": [
                {
                    "word": "RES-057-0080",
                    "start": 27,
                    "end": 39,
                    "label": "개인정보"
                },
                {
                    "word": "노세람",
                    "start": 48,
                    "end": 51,
                    "label": "개인정보"
                },
                {
                    "word": "1938-05-14",
                    "start": 58,
                    "end": 68,
                    "label": "준식별자"
                },
                {
                    "word": "여성",
                    "start": 73,
                    "end": 75,
                    "label": "준식별자"
                }
            ]
        },
        {
            "sentence": "입소정보: admission_date 2024-09-02T10:30:00Z, 담당 시설 facility_id FAC-0123, 시설명(가명): 한마음데이케어.",
            "id": "sample_057_0080_000003",
            "annotations": [
                {
                    "word": "2024-09-02T10:30:00Z",
                    "start": 21,
                    "end": 41,
                    "label": "준식별자"
                },
                {
                    "word": "FAC-0123",
                    "start": 61,
                    "end": 69,
                    "label": "기밀정보"
                }
            ]
        },
        {
            "sentence": "주소(google_maps_address, 대략): 서울특별시 강동구 천호동 인근으로 표기하며 상세 호수는 내부기록으로 비공개 처리한다.",
            "id": "sample_057_0080_000004",
            "annotations": [
                {
                    "word": "서울특별시 강동구 천호동",
                    "start": 29,
                    "end": 42,
                    "label": "준식별자"
                }
            ]
        },
        {
            "sentence": "법적대리인 및 연락처: legal_guardian 류선교(가명), 가족 연락처 010-****-1234, 이메일 family_redacted@example.com(마스킹 표기).",
            "id": "sample_057_0080_000005",
            "annotations": [
                {
                    "word": "류선교",
                    "start": 28,
                    "end": 31,
                    "label": "개인정보"
                },
                {
                    "word": "010-****-1234",
                    "start": 44,
                    "end": 57,
                    "label": "개인정보"
                },
                {
                    "word": "family_redacted@example.com",
                    "start": 63,
                    "end": 90,
                    "label": "개인정보"
                }
            ]
        },
        {
            "sentence": "주요진단(primary_diagnosis): 치매(Alzheimer's disease) ICD-10: F00.9, SNOMED CT: 26929004, 동반진단 고혈압 I10으로 기록됨.",
            "id": "sample_057_0080_000006",
            "annotations": []
        },
        {
            "sentence": "케어플랜(care_plan)은 인지재활, 낙상예방, 피부관리 중심이며 HL7 FHIR 참조 CarePlan/RES-057-0080(가명)로 연계되어 있다.",
            "id": "sample_057_0080_000007",
            "annotations": [
                {
                    "word": "CarePlan/RES-057-0080",
                    "start": 51,
                    "end": 72,
                    "label": "개인정보"
                }
            ]
        },
        {
            "sentence": "약물목록(medication_list): Acetaminophen 500 mg PO prn q6h, Amlodipine 5 mg qd, Warfarin 2 mg qd 등이며 단위는 mg로 일관된다.",
            "id": "sample_057_0080_000008",
            "annotations": []
        },
        {
            "sentence": "MAR 예시: 2025-01-15T08:00:00Z Acetaminophen 500 mg PO 투여 완료, 투약 전 통증 4/10, 투약 후 통증 2/10, 이상반응 없음으로 기록됨.",
            "id": "sample_057_0080_000009",
            "annotations": [
                {
                    "word": "2025-01-15T08:00:00Z",
                    "start": 8,
                    "end": 28,
                    "label": "준식별자"
                }
            ]
        },
        {
            "sentence": "MAR 예시: 2025-01-15T20:00:00Z Warfarin 2 mg 미투여(누락)로 표기됨, 누락사유: 검사 지연으로 환자 식사 준비 중 불가.",
            "id": "sample_057_0080_000010",
            "annotations": [
                {
                    "word": "2025-01-15T20:00:00Z",
                    "start": 8,
                    "end": 28,
                    "label": "준식별자"
                }
            ]
        },
        {
            "sentence": "투약 이상반응 기록: 2025-01-16T09:12:00Z 혈압강하(BP 88/56 mmHg) 발생, 초기조치 Supine position 및 O2 2 L/min 시행, 관찰자 간호사 이정연.",
            "id": "sample_057_0080_000011",
            "annotations": [
                {
                    "word": "2025-01-16T09:12:00Z",
                    "start": 12,
                    "end": 32,
                    "label": "준식별자"
                },
                {
                    "word": "이정연",
                    "start": 103,
                    "end": 106,
                    "label": "개인정보"
                }
            ]
        },
        {
            "sentence": "활력징후 시계열(vital_signs_timeseries)은 LOINC 매핑으로 HR, BP, SpO2를 포함하며 샘플 타임스탬프는 2025-01-15T07:58:30Z, 2025-01-15T08:00:00Z, 2025-01-15T12:30:00Z이다.",
            "id": "sample_057_0080_000012",
            "annotations": [
                {
                    "word": "2025-01-15T07:58:30Z",
                    "start": 74,
                    "end": 94,
                    "label": "준식별자"
                },
                {
                    "word": "2025-01-15T08:00:00Z",
                    "start": 96,
                    "end": 116,
                    "label": "준식별자"
                },
                {
                    "word": "2025-01-15T12:30:00Z",
                    "start": 118,
                    "end": 138,
                    "label": "준식별자"
                }
            ]
        },
        {
            "sentence": "낙상 사건 보고(fall_incident_report): 사건발생 2025-01-20T14:42:10Z, 침대이탈 감지 2025-01-20T14:41:50Z, 응급버튼 감지 2025-01-20T14:42:05Z로 센서 로그에 기록됨.",
            "id": "sample_057_0080_000013",
            "annotations": [
                {
                    "word": "2025-01-20T14:42:10Z",
                    "start": 37,
                    "end": 57,
                    "label": "준식별자"
                },
                {
                    "word": "2025-01-20T14:41:50Z",
                    "start": 67,
                    "end": 87,
                    "label": "준식별자"
                },
                {
                    "word": "2025-01-20T14:42:05Z",
                    "start": 97,
                    "end": 117,
                    "label": "준식별자"
                }
            ]
        },
        {
            "sentence": "발견자 보고: 2025-01-20T14:44:00Z에 야간보호사 송규미가 현장도착 후 의식·통증 여부 확인 및 초기처치를 시작하였다.",
            "id": "sample_057_0080_000014",
            "annotations": [
                {
                    "word": "송규미",
                    "start": 36,
                    "end": 39,
                    "label": "개인정보"
                },
                {
                    "word": "2025-01-20T14:44:00Z",
                    "start": 8,
                    "end": 28,
                    "label": "준식별자"
                }
            ]
        },
        {
            "sentence": "초기조치 시퀀스: 2025-01-20T14:46:00Z 부목 고정 및 Ice 적용, 병원이송 여부는 2025-01-20T15:05:00Z 의사회의로 결정되었다.",
            "id": "sample_057_0080_000015",
            "annotations": [
                {
                    "word": "2025-01-20T14:46:00Z",
                    "start": 10,
                    "end": 30,
                    "label": "준식별자"
                },
                {
                    "word": "2025-01-20T15:05:00Z",
                    "start": 56,
                    "end": 76,
                    "label": "준식별자"
                }
            ]
        },
        {
            "sentence": "사후 분석을 위한 로그조회는 시스템 계정 ST-1024로 2025-01-20T15:00:00Z에 수행되었으며 접근 이력은 모두 감사로그로 남는다.",
            "id": "sample_057_0080_000016",
            "annotations": [
                {
                    "word": "ST-1024",
                    "start": 23,
                    "end": 30,
                    "label": "기밀정보"
                },
                {
                    "word": "2025-01-20T15:00:00Z",
                    "start": 32,
                    "end": 52,
                    "label": "준식별자"
                }
            ]
        },
        {
            "sentence": "센서 스트림 예시(sensor_events): bed_exit 이벤트 @2025-01-20T14:41:50Z quality_flag=OK battery_status=78%로 기록되어 자동 알림이 발송되었다.",
            "id": "sample_057_0080_000017",
            "annotations": [
                {
                    "word": "2025-01-20T14:41:50Z",
                    "start": 40,
                    "end": 60,
                    "label": "준식별자"
                }
            ]
        },
        {
            "sentence": "장치 운영이력: emergency_button 이벤트 2025-01-20T14:42:05Z 수신, device_id DEV-9001은 2025-01-19T23:05:00Z에 offline 후 2025-01-20T06:12:00Z에 재시작 기록이 있다.",
            "id": "sample_057_0080_000018",
            "annotations": [
                {
                    "word": "2025-01-20T14:42:05Z",
                    "start": 30,
                    "end": 50,
                    "label": "준식별자"
                },
                {
                    "word": "DEV-9001",
                    "start": 65,
                    "end": 73,
                    "label": "기밀정보"
                },
                {
                    "word": "2025-01-19T23:05:00Z",
                    "start": 75,
                    "end": 95,
                    "label": "준식별자"
                },
                {
                    "word": "2025-01-20T06:12:00Z",
                    "start": 107,
                    "end": 127,
                    "label": "준식별자"
                }
            ]
        },
        {
            "sentence": "압력궤양 위험도(Braden score) 평가: 총점 14, 평가일시 2025-01-18T10:00:00Z로 입력되었다.",
            "id": "sample_057_0080_000019",
            "annotations": [
                {
                    "word": "2025-01-18T10:00:00Z",
                    "start": 39,
                    "end": 59,
                    "label": "준식별자"
                }
            ]
        },
        {
            "sentence": "ADL 평가: 식사 3/5, 이동 2/5, 개인위생 2/5로 기록되었고 평가자 물리치료사 김효재가 점검하였다.",
            "id": "sample_057_0080_000020",
            "annotations": [
                {
                    "word": "김효재",
                    "start": 50,
                    "end": 53,
                    "label": "개인정보"
                }
            ]
        },
        {
            "sentence": "물리치료 노트(physical_therapy_notes): 2025-01-17T11:30:00Z 보행훈련 15분 수행, ROM 및 보행보조기 사용 권고를 포함한다.",
            "id": "sample_057_0080_000021",
            "annotations": [
                {
                    "word": "2025-01-17T11:30:00Z",
                    "start": 33,
                    "end": 53,
                    "label": "준식별자"
                }
            ]
        },
        {
            "sentence": "식이관리: 저염식, 와파린 복용 환자이므로 비타민K 고함유 식품 제한 및 식단표가 케어플랜에 포함되어 있다.",
            "id": "sample_057_0080_000022",
            "annotations": []
        },
        {
            "sentence": "동의서 상태(consent_forms): 포괄적 치료 동의서 서명 완료, 동의자 류선교(법적대리인), consent_scope=진료·투약·센서데이터 활용으로 표기됨.",
            "id": "sample_057_0080_000023",
            "annotations": [
                {
                    "word": "류선교",
                    "start": 45,
                    "end": 48,
                    "label": "개인정보"
                }
            ]
        },
        {
            "sentence": "접근 제어(access_control) 정책: legal_guardian flag=true로 가족 접근 권한을 부여하며 staff_access는 role 기반으로 제한하고 audit으로 추적한다.",
            "id": "sample_057_0080_000024",
            "annotations": []
        },
        {
            "sentence": "청구 및 보험 기록(billing_record): 보험청구 ID INS-2025-9901, 결제상태 승인대기, 청구서 생성일 2025-01-21T09:10:00Z로 시스템에 반영됨.",
            "id": "sample_057_0080_000025",
            "annotations": [
                {
                    "word": "INS-2025-9901",
                    "start": 36,
                    "end": 49,
                    "label": "기밀정보"
                },
                {
                    "word": "2025-01-21T09:10:00Z",
                    "start": 70,
                    "end": 90,
                    "label": "준식별자"
                }
            ]
        },
        {
            "sentence": "프로비넌스 및 감사로그(provenance/audit_trail): 변경자 민경란, 변경사유 기재 및 타임스탬프 예시 2025-01-21T10:00:00Z 포함, 불변 로그로 저장된다.",
            "id": "sample_057_0080_000026",
            "annotations": [
                {
                    "word": "민경란",
                    "start": 42,
                    "end": 45,
                    "label": "개인정보"
                },
                {
                    "word": "2025-01-21T10:00:00Z",
                    "start": 66,
                    "end": 86,
                    "label": "준식별자"
                }
            ]
        },
        {
            "sentence": "운영 기밀 항목: 내부 서버 접속 IP 10.0.0.12 및 파일 경로 /srv/caredata/RES-057-0080/audit.log는 기밀정보로 분류되어 접근이 제한된다.",
            "id": "sample_057_0080_000027",
            "annotations": [
                {
                    "word": "10.0.0.12",
                    "start": 22,
                    "end": 31,
                    "label": "기밀정보"
                },
                {
                    "word": "/srv/caredata/RES-057-0080/audit.log",
                    "start": 40,
                    "end": 76,
                    "label": "기밀정보"
                },
                {
                    "word": "RES-057-0080",
                    "start": 54,
                    "end": 66,
                    "label": "개인정보"
                }
            ]
        },
        {
            "sentence": "퇴소 및 후속계획(discharge_summary): 예상 퇴소일 2025-02-15T11:00:00Z, 가족교육 및 지역사회 연계 서비스 안내가 권고되었다.",
            "id": "sample_057_0080_000028",
            "annotations": [
                {
                    "word": "2025-02-15T11:00:00Z",
                    "start": 37,
                    "end": 57,
                    "label": "준식별자"
                }
            ]
        }
    ]
}