{
    "document_id": "057_0065",
    "document_title": "입소자 케어 통합 기록 및 사건보고서",
    "data": [
        {
            "sentence": "문서 개요: 본 문서는 노인요양·보조생활 환경에서 수집된 입소자 모니터링, 간호기록, 센서로그 및 사건보고서를 통합한 기록입니다.",
            "id": "sample_057_0065_000001",
            "annotations": []
        },
        {
            "sentence": "입소자 기본정보: resident_id R-0065, name 진소현, date_of_birth 1938-07-14, gender 여성, admission_date 2023-09-04T10:15:00Z으로 등록되어 있습니다.",
            "id": "sample_057_0065_000002",
            "annotations": [
                {
                    "word": "R-0065",
                    "start": 22,
                    "end": 28,
                    "label": "개인정보"
                },
                {
                    "word": "진소현",
                    "start": 35,
                    "end": 38,
                    "label": "개인정보"
                },
                {
                    "word": "1938-07-14",
                    "start": 54,
                    "end": 64,
                    "label": "준식별자"
                },
                {
                    "word": "여성",
                    "start": 73,
                    "end": 75,
                    "label": "준식별자"
                },
                {
                    "word": "2023-09-04T10:15:00Z",
                    "start": 92,
                    "end": 112,
                    "label": "준식별자"
                }
            ]
        },
        {
            "sentence": "시설정보 및 위치: facility_id F-0123이 관리하며 google_maps_address는 서울특별시 강동구 성내동 인근으로 표기되어 있습니다(상세호수는 비공개 처리).",
            "id": "sample_057_0065_000003",
            "annotations": [
                {
                    "word": "F-0123",
                    "start": 23,
                    "end": 29,
                    "label": "기밀정보"
                },
                {
                    "word": "서울특별시",
                    "start": 57,
                    "end": 62,
                    "label": "준식별자"
                },
                {
                    "word": "강동구",
                    "start": 63,
                    "end": 66,
                    "label": "준식별자"
                }
            ]
        },
        {
            "sentence": "동의서: 법적대리인(legal_guardian) 전루다가 2023-08-30에 포괄적 간호·모니터링 동의(consent scope: fullcare, data_sharing: 제한적)를 서명하였습니다.",
            "id": "sample_057_0065_000004",
            "annotations": [
                {
                    "word": "전루다",
                    "start": 27,
                    "end": 30,
                    "label": "개인정보"
                },
                {
                    "word": "2023-08-30",
                    "start": 32,
                    "end": 42,
                    "label": "준식별자"
                }
            ]
        },
        {
            "sentence": "가족연락처: 우선연락처 박하람(son/daughter 지정), 연락처 010-****-5678로 기록되어 있으며, 커뮤니케이션 로그는 접근제어에 따라 열람됩니다.",
            "id": "sample_057_0065_000005",
            "annotations": [
                {
                    "word": "박하람",
                    "start": 13,
                    "end": 16,
                    "label": "개인정보"
                },
                {
                    "word": "010-****-5678",
                    "start": 39,
                    "end": 52,
                    "label": "개인정보"
                }
            ]
        },
        {
            "sentence": "스태프 배치: 주간 간호담당 간호사 조윤조, 물리치료사 강수석이 주당 케어계획을 담당하며 교대표에 따라 접근권한이 부여됩니다.",
            "id": "sample_057_0065_000006",
            "annotations": [
                {
                    "word": "조윤조",
                    "start": 20,
                    "end": 23,
                    "label": "개인정보"
                },
                {
                    "word": "강수석",
                    "start": 31,
                    "end": 34,
                    "label": "개인정보"
                }
            ]
        },
        {
            "sentence": "주진단(primary_diagnosis): I69.3 (뇌졸중 후유증, stroke sequela) 및 동반된 고혈압(hypertension, ICD-10: I10)을 기반으로 재활·낙상 예방 계획을 수립했습니다.",
            "id": "sample_057_0065_000007",
            "annotations": []
        },
        {
            "sentence": "케어플랜 요약(care_plan): 일일 ADL 지원, 물리치료 3회/주, 식사보조 및 약물관리, 낙상 위험도는 중간으로 간주하여 2인 케어 필요 시 알림이 나오도록 설정했습니다.",
            "id": "sample_057_0065_000008",
            "annotations": []
        },
        {
            "sentence": "약물목록(medication_list): Aspirin 100 mg qd(심혈관 예방), Metformin 500 mg bid(혈당조절), Lisinopril 10 mg qd(항고혈압)를 처방하였습니다.",
            "id": "sample_057_0065_000009",
            "annotations": []
        },
        {
            "sentence": "투약기록(MAR): 2024-01-15T08:00:00Z에 Aspirin 100 mg이 투여되었고 투약 전 혈압 132/78mmHg, 투약 후 이상반응 없음으로 기록되었습니다.",
            "id": "sample_057_0065_000010",
            "annotations": [
                {
                    "word": "2024-01-15T08:00:00Z",
                    "start": 11,
                    "end": 31,
                    "label": "준식별자"
                }
            ]
        },
        {
            "sentence": "사건보고(fall incident): 2024-01-20T14:23:45Z에 2층 라운지에서 낙상 발생 보고가 접수되었으며 발견자는 간호사 조윤조로 초기응급처치 및 신체검진을 시행하였습니다.",
            "id": "sample_057_0065_000011",
            "annotations": [
                {
                    "word": "2024-01-20T14:23:45Z",
                    "start": 21,
                    "end": 41,
                    "label": "준식별자"
                }
            ]
        },
        {
            "sentence": "센서 동시로그: 착용형 심박수 센서에서 2024-01-20T14:22:30Z에 HR 상승(95→122 bpm)과 급격한 활동 증가가 감지되어 낙상 경보와 연동되었습니다.",
            "id": "sample_057_0065_000012",
            "annotations": [
                {
                    "word": "2024-01-20T14:22:30Z",
                    "start": 22,
                    "end": 42,
                    "label": "준식별자"
                }
            ]
        },
        {
            "sentence": "청구 및 결제: billing_record에 insurance_claim_id IC-2023-009876이 연결되어 있으며 보험사 제출용 요약이 포함되어 있습니다.",
            "id": "sample_057_0065_000013",
            "annotations": [
                {
                    "word": "IC-2023-009876",
                    "start": 44,
                    "end": 58,
                    "label": "기밀정보"
                }
            ]
        },
        {
            "sentence": "감사로그 및 변경이력(provenance): AUDIT-2024-03-15-01로 식별되는 감사항목이 존재하며 최종검토 담당자는 지철한입니다.",
            "id": "sample_057_0065_000014",
            "annotations": [
                {
                    "word": "AUDIT-2024-03-15-01",
                    "start": 25,
                    "end": 44,
                    "label": "기밀정보"
                },
                {
                    "word": "지철한",
                    "start": 72,
                    "end": 75,
                    "label": "개인정보"
                }
            ]
        },
        {
            "sentence": "퇴소요약(discharge_summary): 현재 상태로는 퇴소 예정 없음으로 표기되어 있으며 향후 변동 시 표준 템플릿에 따라 기록합니다.",
            "id": "sample_057_0065_000015",
            "annotations": []
        },
        {
            "sentence": "사전의향서(advance_directives): advance_directive 없음으로 등록되어 법적 제한 없이 표준치료를 적용합니다.",
            "id": "sample_057_0065_000016",
            "annotations": []
        },
        {
            "sentence": "욕창 위험도(pressure_ulcer_risk_score): Braden score 14점으로 중간 위험군에 해당하며 예방 처치 계획을 수립했습니다.",
            "id": "sample_057_0065_000017",
            "annotations": []
        },
        {
            "sentence": "ADL 점수: 일상생활동작(Activities of Daily Living) 총점은 3/6로 보조가 필요하며 세부항목은 식사 2, 이동 1, 위생 2으로 기록되었습니다.",
            "id": "sample_057_0065_000018",
            "annotations": []
        },
        {
            "sentence": "물리치료 노트: 2024-01-18에 수행된 세션에서 물리치료사 강수석이 보행훈련과 균형운동을 진행했고 진행도는 '점진적 개선'으로 기재했습니다.",
            "id": "sample_057_0065_000019",
            "annotations": []
        },
        {
            "sentence": "식이제한: 저염식(저염도 기준 1일 Na 1500mg 이하)으로 표준화되었고 식이 알레르기 기록은 없음으로 표기됩니다.",
            "id": "sample_057_0065_000020",
            "annotations": []
        },
        {
            "sentence": "장치 운영상태: bed_exit 센서 sensor_bed_01가 2024-01-21T03:12:00Z에 오프라인 전환되었고 2024-01-21T03:15:10Z에 재시작되었으며 quality_flag와 battery_status가 함께 로깅되었습니다.",
            "id": "sample_057_0065_000021",
            "annotations": [
                {
                    "word": "2024-01-21T03:12:00Z",
                    "start": 36,
                    "end": 56,
                    "label": "준식별자"
                }
            ]
        },
        {
            "sentence": "변경이력 항목: 2024-02-01T09:00:00Z에 케어플랜 수정이 이루어졌고 수정자는 서희라로 기록되어 승인 프로세스가 시작되었습니다.",
            "id": "sample_057_0065_000022",
            "annotations": [
                {
                    "word": "서희라",
                    "start": 51,
                    "end": 54,
                    "label": "개인정보"
                },
                {
                    "word": "2024-02-01T09:00:00Z",
                    "start": 9,
                    "end": 29,
                    "label": "준식별자"
                }
            ]
        },
        {
            "sentence": "비상버튼 이벤트: emergency_button 활성화가 원진효 직원에 의해 확인되었고 확인 시간 및 초기조치가 로그에 기록되었습니다.",
            "id": "sample_057_0065_000023",
            "annotations": [
                {
                    "word": "원진효",
                    "start": 32,
                    "end": 35,
                    "label": "개인정보"
                }
            ]
        },
        {
            "sentence": "교대노트(shift_notes): 야간 교대에서 수집된 임상관찰 및 투약 누락 사유, 가족 회의 요청 사항 등이 항목별로 요약되어 있습니다.",
            "id": "sample_057_0065_000024",
            "annotations": []
        },
        {
            "sentence": "가족 커뮤니케이션 로그: 보호자 박하람과의 통화 기록 및 방문 일정 요청이 시스템에 저장되어 접근 권한에 따라 열람됩니다.",
            "id": "sample_057_0065_000025",
            "annotations": []
        },
        {
            "sentence": "보존 및 삭제 정책: 법적 보관 기간 및 개인의 삭제 요청(right to erasure)에 따라 2024-03-01T12:00:00Z까지 관련 데이터 처리 상태가 기록됩니다.",
            "id": "sample_057_0065_000026",
            "annotations": [
                {
                    "word": "2024-03-01T12:00:00Z",
                    "start": 55,
                    "end": 75,
                    "label": "준식별자"
                }
            ]
        },
        {
            "sentence": "시스템 계정 및 내부식별자: 내부 운영 계정 FAC_ACCOUNT_77이 로그연계 및 접근제어 모듈에 사용되고 있어 기밀로 분류됩니다.",
            "id": "sample_057_0065_000027",
            "annotations": [
                {
                    "word": "FAC_ACCOUNT_77",
                    "start": 25,
                    "end": 39,
                    "label": "기밀정보"
                }
            ]
        },
        {
            "sentence": "결론 및 조치사항: 위험관리팀은 낙상 재발방지를 위해 보행보조기 추가 배치, 센서 임계치 조정, 책임자 허루호 지정 등 실행계획을 승인했습니다.",
            "id": "sample_057_0065_000028",
            "annotations": [
                {
                    "word": "허루호",
                    "start": 58,
                    "end": 61,
                    "label": "개인정보"
                }
            ]
        }
    ]
}