{
    "document_id": "049_0097",
    "document_title": "도심 항공 모빌리티(드론 배달) 운항 및 사고 대응 미션 로그 049-0097",
    "data": [
        {
            "sentence": "본 문서는 도심 항공 모빌리티 및 드론 배달 운항의 운영기록, 텔레메트리 요약, 정비현황 및 사건보고를 통합하여 보관하기 위한 공식 미션 로그 문서입니다.",
            "id": "sample_049_0097_000001",
            "annotations": []
        },
        {
            "sentence": "문서는 운항 책임자 및 정비 담당자 간의 기술적 판단과 규제 준수 이력을 명시하고, 보관 및 검증을 위한 해시·서명 필드를 포함합니다.",
            "id": "sample_049_0097_000002",
            "annotations": []
        },
        {
            "sentence": "기록 범위는 미션 플래닝, 실시간 텔레메트리 요약, 배터리 SOC 변화, 기상 영향 분석, 정비 이력, 사고 타임라인 및 조치사항을 포함합니다.",
            "id": "sample_049_0097_000003",
            "annotations": []
        },
        {
            "sentence": "미션 기본정보: mission_id=M-20260115-0930-049, flight_id=F-00078, operator_id=EMP-4572, 운영자=권이룸, drone_id=DR-AX4-19으로 기록되며 모든 항목은 타임스탬프와 연동 보존합니다.",
            "id": "sample_049_0097_000004",
            "annotations": [
                {
                    "word": "권이룸",
                    "start": 86,
                    "end": 89,
                    "label": "개인정보"
                },
                {
                    "word": "EMP-4572",
                    "start": 72,
                    "end": 80,
                    "label": "개인정보"
                },
                {
                    "word": "mission_id=M-20260115-0930-049",
                    "start": 9,
                    "end": 39,
                    "label": "기밀정보"
                },
                {
                    "word": "flight_id=F-00078",
                    "start": 41,
                    "end": 58,
                    "label": "기밀정보"
                },
                {
                    "word": "drone_id=DR-AX4-19",
                    "start": 91,
                    "end": 109,
                    "label": "기밀정보"
                }
            ]
        },
        {
            "sentence": "미션형태: delivery(pickup/delivery 구분), 페이로드 중량(payload_weight_kg)=1.80 kg, payload_type=의약품(냉장제 포함)으로 취급 제한과 온도관리 이력이 적용되었습니다.",
            "id": "sample_049_0097_000005",
            "annotations": []
        },
        {
            "sentence": "출발지: WGS84 lat=37.497580, lon=127.027610, departure_alt_m=12 m, 출발지 주소(행정구): 서울특별시 강남구 역삼동, 출발시간=2026-01-15T09:30:00Z.",
            "id": "sample_049_0097_000006",
            "annotations": [
                {
                    "word": "서울특별시",
                    "start": 77,
                    "end": 82,
                    "label": "준식별자"
                },
                {
                    "word": "강남구",
                    "start": 83,
                    "end": 86,
                    "label": "준식별자"
                },
                {
                    "word": "역삼동",
                    "start": 87,
                    "end": 90,
                    "label": "준식별자"
                }
            ]
        },
        {
            "sentence": "도착지: WGS84 lat=37.379577, lon=127.124982, arrival_alt_m=10 m, 도착예정시간=2026-01-15T09:46:30Z, 실제도착시간=2026-01-15T09:47:12Z, 도착지 주소: 성남시 분당구 정자동.",
            "id": "sample_049_0097_000007",
            "annotations": [
                {
                    "word": "성남시",
                    "start": 128,
                    "end": 131,
                    "label": "준식별자"
                },
                {
                    "word": "분당구",
                    "start": 132,
                    "end": 135,
                    "label": "준식별자"
                },
                {
                    "word": "정자동",
                    "start": 136,
                    "end": 139,
                    "label": "준식별자"
                }
            ]
        },
        {
            "sentence": "배터리 상태: battery_start_percent=100 %, mission 종료 시 battery_end_percent=28 %로 기록되었고, 비행 중 SOC 곡선은 페이로드 및 측정된 풍속을 반영하여 보정되었습니다.",
            "id": "sample_049_0097_000008",
            "annotations": []
        },
        {
            "sentence": "기상요약: weather_summary=맑음, wind_speed_m_s=6.2 m/s, wind_direction_deg=285 deg, temperature_c=3.4 °C로 보고되었으며 자동운항 허용 임계값 내였습니다.",
            "id": "sample_049_0097_000009",
            "annotations": []
        },
        {
            "sentence": "공역/지오펜스: airspace_class=D, geofence_id=GF-202601-091, BVLOS 승인 여부=bvlos_authorization_boolean=true이며 BVLOS 운영 프로파일이 적용되었습니다.",
            "id": "sample_049_0097_000010",
            "annotations": [
                {
                    "word": "GF-202601-091",
                    "start": 39,
                    "end": 52,
                    "label": "기밀정보"
                }
            ]
        },
        {
            "sentence": "위험평가: risk_assessment_score=7.2(0-10 스케일)로 산정되었고, 고위험 구간 진입 시 고정속도 하강 및 RTK fallback 절차가 우선 적용됩니다.",
            "id": "sample_049_0097_000011",
            "annotations": []
        },
        {
            "sentence": "텔레메트리 샘플링: telemetry_sample_rate_hz=1 Hz로 설정하였으며, 지연 최소화를 위해 로컬 RT-Pub/Sub 중계와 암호화 전송을 병행하였습니다.",
            "id": "sample_049_0097_000012",
            "annotations": []
        },
        {
            "sentence": "텔레메트리 대표 샘플(시작/중간/종료): [2026-01-15T09:30:00Z,37.497580,127.027610,75 m,5.2 m/s,0.0 m/s,100 %,-68 dBm], [2026-01-15T09:38:00Z,37.438120,127.066890,80 m,6.0 m/s,0.2 m/s,62 %,-70 dBm], [2026-01-15T09:47:12Z,37.379577,127.124982,10 m,0.5 m/s,-0.4 m/s,28 %,-65 dBm].",
            "id": "sample_049_0097_000013",
            "annotations": []
        },
        {
            "sentence": "정비현황(운항전): maintenance_status=운항 전 점검 완료(배터리 셀 밸런스 정상, 프로펠러 손상 없음), 최종정비일=2026-01-10T11:15:00Z, 정비담당자=조용성.",
            "id": "sample_049_0097_000014",
            "annotations": [
                {
                    "word": "조용성",
                    "start": 102,
                    "end": 105,
                    "label": "개인정보"
                }
            ]
        },
        {
            "sentence": "펌웨어 및 무결성: firmware_version=FW-3.2.14-BCD, firmware_hash=b1946ac92492d2347c6235b4d2611184b1946ac92492d2347c6235b4d2611184, 펌웨어 서명 필드 포함되어 무결성 검증 가능합니다.",
            "id": "sample_049_0097_000015",
            "annotations": [
                {
                    "word": "FW-3.2.14-BCD",
                    "start": 28,
                    "end": 41,
                    "label": "기밀정보"
                },
                {
                    "word": "b1946ac92492d2347c6235b4d2611184b1946ac92492d2347c6235b4d2611184",
                    "start": 57,
                    "end": 121,
                    "label": "기밀정보"
                }
            ]
        },
        {
            "sentence": "사건보고: incident_report_id=IR-000983가 생성되었으며 사건 요약은 미션 중 일시적 GPS 결함으로 인한 RTK fallback 발생 및 원격 조종 개입이었습니다.",
            "id": "sample_049_0097_000016",
            "annotations": [
                {
                    "word": "IR-000983",
                    "start": 25,
                    "end": 34,
                    "label": "기밀정보"
                }
            ]
        },
        {
            "sentence": "사건 타임라인 및 원인: 09:36:12Z GPS NMEA 신호 불안정 감지, 09:36:18Z 자동 RTK fallback 전환, 09:36:45Z 원격수동원격조종으로 전환되어 문은우가 우회비행을 조작하였습니다.",
            "id": "sample_049_0097_000017",
            "annotations": [
                {
                    "word": "문은우",
                    "start": 100,
                    "end": 103,
                    "label": "개인정보"
                }
            ]
        },
        {
            "sentence": "조치사항: 자동항법 복구 후 우회착륙 절차 수행, 대체 착륙패드 LP-12로 착륙 유도, 탑재물 상태 확인 및 예비배터리 마진 확보 후 운영 정상 복귀 처리하였습니다.",
            "id": "sample_049_0097_000018",
            "annotations": []
        },
        {
            "sentence": "비디오 및 증적: video_recording_hash=a3f5e6b1c29d4f0a7e8b9c3d5f6a1b2c3d4e5f6a7b8c9d0e1f2a3b4c5d6e7f8로 저장되며 영상은 프라이버시 보호를 위해 얼굴 블러 처리와 익명화 지침을 적용했습니다.",
            "id": "sample_049_0097_000019",
            "annotations": [
                {
                    "word": "a3f5e6b1c29d4f0a7e8b9c3d5f6a1b2c3d4e5f6a7b8c9d0e1f2a3b4c5d6e7f8",
                    "start": 31,
                    "end": 94,
                    "label": "기밀정보"
                }
            ]
        },
        {
            "sentence": "보험 및 계약: insurance_policy_id=INS-2025-AC-0789, 보험사=도심항공보험주식회사와 체결된 상업 보험으로 사고·손해 보상 조건과 보관 의무가 명시되어 있습니다.",
            "id": "sample_049_0097_000020",
            "annotations": [
                {
                    "word": "INS-2025-AC-0789",
                    "start": 29,
                    "end": 45,
                    "label": "기밀정보"
                }
            ]
        },
        {
            "sentence": "명령·로그 무결성: cmd_log_hash=d4c3a1b2e5f6a7b8c9d0e1f2a3b4c5d6e7f8a9b0c1d2e3f4a5b6c7d8e9f0a1b, signature=3045022100a1b2c3...로 서명되어 저장됩니다.",
            "id": "sample_049_0097_000021",
            "annotations": [
                {
                    "word": "d4c3a1b2e5f6a7b8c9d0e1f2a3b4c5d6e7f8a9b0c1d2e3f4a5b6c7d8e9f0a1b",
                    "start": 24,
                    "end": 87,
                    "label": "기밀정보"
                }
            ]
        },
        {
            "sentence": "규제준수: BVLOS 승인 문서 참조 BVLOS-A-2025-01이 적용되었으며, 승인 조건과 시간대별 제한은 운항계획서에 첨부되어 있습니다.",
            "id": "sample_049_0097_000022",
            "annotations": [
                {
                    "word": "BVLOS-A-2025-01",
                    "start": 21,
                    "end": 36,
                    "label": "기밀정보"
                }
            ]
        },
        {
            "sentence": "상호운용성: UTM 연동 로그는 표준 메시지 형식으로 송수신되었고 NOTAM 연계, 관제용 트래픽 우선권 정책이 적용된 상태였습니다.",
            "id": "sample_049_0097_000023",
            "annotations": []
        },
        {
            "sentence": "안전여유 분석: 페이로드 1.8 kg과 현재 배터리 특성에서 예상 항속시간은 22분이며, 실제 비행시간 16분 12초는 예측 범위 내이고 예비마진은 6분으로 규정 준수합니다.",
            "id": "sample_049_0097_000024",
            "annotations": []
        },
        {
            "sentence": "아카이브 및 보존: 모든 로그, 비디오 해시, 서명은 규제 보존기간(최소 3년)에 따라 암호화 저장소에 보관되며 감사 추적을 위해 접근 로그를 별도 보관합니다.",
            "id": "sample_049_0097_000025",
            "annotations": []
        },
        {
            "sentence": "후속조치: 정비 담당자 조용성은 2026-01-20T09:00:00Z에 RTK 모듈과 GPS 안테나 점검을 예약하였고 점검 결과는 별도 정비레포트에 첨부됩니다.",
            "id": "sample_049_0097_000026",
            "annotations": []
        },
        {
            "sentence": "프라이버시 고지: 탑재 카메라 영상은 공공장소 촬영으로 PII 포함 가능성이 있으므로 얼굴·번호판 블러 처리를 적용했으며 보관기간 경과 후 안전삭제 절차를 따릅니다.",
            "id": "sample_049_0097_000027",
            "annotations": []
        },
        {
            "sentence": "문서 최종 서명: 운항책임자 권이룸이 본 로그를 검토·확인하였으며 서명 시각은 2026-01-15T11:00:00Z입니다.",
            "id": "sample_049_0097_000028",
            "annotations": []
        }
    ]
}