{
    "document_id": "049_0044",
    "document_title": "도심 항공모빌리티 배송 미션 운영·안전·정비 통합보고서",
    "data": [
        {
            "sentence": "문서 소개: 본 문서는 도심 항공 모빌리티(드론 배달 및 BVLOS 운영) 미션의 운영, 안전, 정비 및 규제 준수 데이터를 통합 보고하기 위해 작성되었습니다.",
            "id": "sample_049_0044_000001",
            "annotations": []
        },
        {
            "sentence": "문서 집계 기준일은 2026-01-08T08:00:00Z이며, 모든 타임스탬프는 ISO8601(UTC) 표준으로 기록되었습니다.",
            "id": "sample_049_0044_000002",
            "annotations": []
        },
        {
            "sentence": "미션 기본 식별자: mission_id M-20260108-0007, flight_id F-00077, operator_id OP-21, drone_id DR-AX12가 본 파일에서 사용되었습니다.",
            "id": "sample_049_0044_000003",
            "annotations": []
        },
        {
            "sentence": "운영자 담당자: 채다호 수석운영자가 미션 운영 및 비상연락 창구를 담당했습니다.",
            "id": "sample_049_0044_000004",
            "annotations": [
                {
                    "word": "채다호",
                    "start": 9,
                    "end": 12,
                    "label": "개인정보"
                }
            ]
        },
        {
            "sentence": "담당자 연락처는 +82-10-1234-5678이며 이메일은 chd@urban-uav.co.kr로 등록되어 있습니다.",
            "id": "sample_049_0044_000005",
            "annotations": [
                {
                    "word": "+82-10-1234-5678",
                    "start": 9,
                    "end": 25,
                    "label": "개인정보"
                },
                {
                    "word": "chd@urban-uav.co.kr",
                    "start": 33,
                    "end": 52,
                    "label": "개인정보"
                }
            ]
        },
        {
            "sentence": "운영 법인 주소는 서울특별시 강남구 역삼동 12-3층 (상세 주소 포함)으로 등록되어 있으며 내부 접근 통제와 연동됩니다.",
            "id": "sample_049_0044_000006",
            "annotations": [
                {
                    "word": "서울특별시 강남구 역삼동 12-3층",
                    "start": 10,
                    "end": 29,
                    "label": "개인정보"
                }
            ]
        },
        {
            "sentence": "미션 유형: pickup/delivery (의약품 긴급배송, medical)로 분류되었으며 페이로드 무게 payload_weight_kg은 1.8 kg입니다.",
            "id": "sample_049_0044_000007",
            "annotations": []
        },
        {
            "sentence": "출발지 좌표 departure_lat/departure_lon/departure_alt_m는 37.499283, 127.036243, 12.0 m(WGS84)로 설정되었습니다.",
            "id": "sample_049_0044_000008",
            "annotations": []
        },
        {
            "sentence": "도착지 좌표 arrival_lat/arrival_lon/arrival_alt_m는 37.502100, 127.041800, 10.0 m(WGS84)로 설정되었습니다.",
            "id": "sample_049_0044_000009",
            "annotations": []
        },
        {
            "sentence": "출발시각 departure_time_ISO8601는 2026-01-08T07:45:00Z, 예정도착 estimated_arrival_time_ISO8601는 2026-01-08T07:58:30Z, 실제도착 actual_arrival_time_ISO8601는 2026-01-08T07:57:54Z입니다.",
            "id": "sample_049_0044_000010",
            "annotations": []
        },
        {
            "sentence": "배터리 상태: battery_start_percent 100%에서 운항 종료 시 battery_end_percent 24%로 기록되었으며 페이로드와 풍속 영향이 로그에 반영되었습니다.",
            "id": "sample_049_0044_000011",
            "annotations": []
        },
        {
            "sentence": "기상 요약 weather_summary: 낮은 구름층, temperature_c 2.5°C, wind_speed_m_s 6.2 m/s, wind_direction_deg 210°로 자동 운영 허용 임계값 내였습니다.",
            "id": "sample_049_0044_000012",
            "annotations": []
        },
        {
            "sentence": "공역 및 규제: airspace_class C, geofence_id GF-0032이며 BVLOS 승인 bvlos_authorization_boolean은 true로 확인되었습니다.",
            "id": "sample_049_0044_000013",
            "annotations": []
        },
        {
            "sentence": "리스크 평가 risk_assessment_score는 3.7(척도 1~5)로 산정되었고, 장애 시 안전 착륙 및 예비 배터리 20% 마진 절차가 적용됩니다.",
            "id": "sample_049_0044_000014",
            "annotations": []
        },
        {
            "sentence": "텔레메트리 샘플링 telemetry_sample_rate_hz는 5 Hz로 설정되어 저지연 제어와 기록 동기화 요구를 충족했습니다.",
            "id": "sample_049_0044_000015",
            "annotations": []
        },
        {
            "sentence": "텔레메트리 예시: [timestamp:2026-01-08T07:45:15Z, lat:37.49935, lon:127.03630, alt_m:15.0, ground_speed_m_s:8.2, vertical_speed_m_s:0.0, battery_pct:99, signal_strength:-67dBm].",
            "id": "sample_049_0044_000016",
            "annotations": []
        },
        {
            "sentence": "텔레메트리 예시: [timestamp:2026-01-08T07:51:30Z, lat:37.50090, lon:127.03920, alt_m:30.0, ground_speed_m_s:11.5, vertical_speed_m_s:0.5, battery_pct:68, signal_strength:-70dBm].",
            "id": "sample_049_0044_000017",
            "annotations": []
        },
        {
            "sentence": "텔레메트리 예시: [timestamp:2026-01-08T07:57:40Z, lat:37.50205, lon:127.04178, alt_m:12.0, ground_speed_m_s:6.0, vertical_speed_m_s:-0.8, battery_pct:25, signal_strength:-65dBm].",
            "id": "sample_049_0044_000018",
            "annotations": []
        },
        {
            "sentence": "정비 현황 maintenance_status: 최근 A-Check(2026-01-05) 완료, 프로펠러 및 전원계통 점검 합격, 배터리 충전 사이클 312회로 성능 모니터링 대상입니다.",
            "id": "sample_049_0044_000019",
            "annotations": []
        },
        {
            "sentence": "펌웨어 정보 firmware_version은 v3.14.2-release이며, 명령 로그와 펌웨어 무결성 추적용 해시 signature는 sha256:9f8b7c6a5d4e3f2a1b0c입니다.",
            "id": "sample_049_0044_000020",
            "annotations": []
        },
        {
            "sentence": "무결성 보존: 펌웨어 서명과 명령 로그 해시는 전자서명 방식으로 저장되며 운영자 키와 연동되어 감사 추적이 가능합니다.",
            "id": "sample_049_0044_000021",
            "annotations": []
        },
        {
            "sentence": "사내 관제 서버 IP(내부) 10.22.56.101 및 API 엔드포인트 https://internal-api.urban-uav.local/v1/mission은 접근 통제 대상이며 기밀정보로 분류됩니다.",
            "id": "sample_049_0044_000022",
            "annotations": [
                {
                    "word": "10.22.56.101",
                    "start": 16,
                    "end": 28,
                    "label": "기밀정보"
                },
                {
                    "word": "https://internal-api.urban-uav.local/v1/mission",
                    "start": 41,
                    "end": 88,
                    "label": "기밀정보"
                }
            ]
        },
        {
            "sentence": "보험 정보 insurance_policy_id: INS-2026-55678로 등록되어 있으며, 보험 계약 세부사항은 운영상 기밀로 취급됩니다.",
            "id": "sample_049_0044_000023",
            "annotations": [
                {
                    "word": "INS-2026-55678",
                    "start": 27,
                    "end": 41,
                    "label": "기밀정보"
                }
            ]
        },
        {
            "sentence": "사건 보고서 incident_report_id IR-2026-0009에 따르면 본 미션에서 심각한 충돌은 없었으나 07:51:35Z에 GPS 편차 이벤트가 기록되어 원인 분석 중입니다.",
            "id": "sample_049_0044_000024",
            "annotations": []
        },
        {
            "sentence": "영상 녹화물 video_recording_hash: sha256:3a1b2c4d5e6f7g8h9i0jklmnopqrstuvwx는 개인정보 비노출을 위해 마스킹 및 암호화 보관 조치가 적용되었습니다.",
            "id": "sample_049_0044_000025",
            "annotations": []
        },
        {
            "sentence": "운항자 직원 사번은 E-0321이고, 담당자 생년월일은 1990년 05월 21일이며 성별은 남성으로 인사 데이터에 기록되어 있습니다.",
            "id": "sample_049_0044_000026",
            "annotations": [
                {
                    "word": "E-0321",
                    "start": 11,
                    "end": 17,
                    "label": "개인정보"
                },
                {
                    "word": "1990",
                    "start": 31,
                    "end": 35,
                    "label": "준식별자"
                },
                {
                    "word": "05",
                    "start": 37,
                    "end": 39,
                    "label": "준식별자"
                },
                {
                    "word": "21",
                    "start": 15,
                    "end": 17,
                    "label": "준식별자"
                },
                {
                    "word": "21",
                    "start": 41,
                    "end": 43,
                    "label": "준식별자"
                },
                {
                    "word": "남성",
                    "start": 51,
                    "end": 53,
                    "label": "준식별자"
                }
            ]
        },
        {
            "sentence": "운영 절차 및 권한: 비상상황 시 방유환 승인 권한으로 UTM NOTAM 발행 및 지상 통제 절차를 수행하도록 권한 체계가 설정되어 있습니다.",
            "id": "sample_049_0044_000027",
            "annotations": [
                {
                    "word": "방유환",
                    "start": 19,
                    "end": 22,
                    "label": "개인정보"
                }
            ]
        },
        {
            "sentence": "결론 및 권고: 로그 무결성 보존 강화, BVLOS 절차 재검증, 배터리 열화 정기 분석, 개인정보 접근 권한 최소화 및 내부 기밀정보 취급 절차 강화를 권고합니다.",
            "id": "sample_049_0044_000028",
            "annotations": []
        }
    ]
}