{
    "document_id": "049_0093",
    "document_title": "도심 항공 모빌리티 운영 미션 레코드 및 안전분석 보고서 - 미션 049_0093",
    "data": [
        {
            "sentence": "개요: 본 문서는 드론 배달 및 도심 항공 모빌리티 운영 미션의 기록과 안전 분석, 무결성 로그 및 향후 조치사항을 종합한 공식 보고서입니다.",
            "id": "sample_049_0093_000001",
            "annotations": []
        },
        {
            "sentence": "mission_id: MISSION-049-0093; 본 문서의 고유 식별자이며 보존·감사 대상입니다.",
            "id": "sample_049_0093_000002",
            "annotations": []
        },
        {
            "sentence": "flight_id: FLIGHT-20250108-0001; 이 비행의 운영·텔레메트리 묶음 식별자로 사용됩니다.",
            "id": "sample_049_0093_000003",
            "annotations": []
        },
        {
            "sentence": "operator_id: OP-049-ACME; 운영사 내부 식별자이며 UTM 연동 시 참조됩니다.",
            "id": "sample_049_0093_000004",
            "annotations": []
        },
        {
            "sentence": "운영 담당자: 이윤채(연락처 010-1234-5678, 이메일 yoonchae.operator@example.com)로서 미션 계획과 BVLOS 승인 관리를 담당했습니다.",
            "id": "sample_049_0093_000005",
            "annotations": [
                {
                    "word": "이윤채",
                    "start": 8,
                    "end": 11,
                    "label": "개인정보"
                },
                {
                    "word": "010-1234-5678",
                    "start": 16,
                    "end": 29,
                    "label": "개인정보"
                },
                {
                    "word": "yoonchae.operator@example.com",
                    "start": 35,
                    "end": 64,
                    "label": "개인정보"
                }
            ]
        },
        {
            "sentence": "운영자 주소: 서울특별시 강남구 테헤란로 123-45 12층 1203호; 운영사 법적 고지 및 서류 송달 대상지로 기록됩니다.",
            "id": "sample_049_0093_000006",
            "annotations": [
                {
                    "word": "서울특별시 강남구 테헤란로 123-45 12층 1203호",
                    "start": 8,
                    "end": 39,
                    "label": "개인정보"
                }
            ]
        },
        {
            "sentence": "원격 조종·감독 담당자: 박병길, 사번 EMP-2024-0093; 실시간 의사결정 및 사건 승인 권한을 보유합니다.",
            "id": "sample_049_0093_000007",
            "annotations": [
                {
                    "word": "박병길",
                    "start": 14,
                    "end": 17,
                    "label": "개인정보"
                },
                {
                    "word": "EMP-2024-0093",
                    "start": 22,
                    "end": 35,
                    "label": "개인정보"
                }
            ]
        },
        {
            "sentence": "운영자 프로필(요약): 생년월일 1990-01-01, 성별 여성, 주소(시/군/구) 강남구; 감사·익명화 시 준식별자 관리 대상입니다.",
            "id": "sample_049_0093_000008",
            "annotations": [
                {
                    "word": "1990-01-01",
                    "start": 18,
                    "end": 28,
                    "label": "준식별자"
                },
                {
                    "word": "여성",
                    "start": 33,
                    "end": 35,
                    "label": "준식별자"
                },
                {
                    "word": "강남구",
                    "start": 47,
                    "end": 50,
                    "label": "준식별자"
                }
            ]
        },
        {
            "sentence": "drone_id: DRN-ACME-X2-0093, vehicle_type: multicopter, firmware_version: v4.2.1; UAV 구성 정보는 정비·인증 로그와 연동됩니다.",
            "id": "sample_049_0093_000009",
            "annotations": []
        },
        {
            "sentence": "mission_type: delivery; payload_weight_kg: 1.8 kg; payload_type: 소형의약품(저온 취급, 냉장 패키지).",
            "id": "sample_049_0093_000010",
            "annotations": []
        },
        {
            "sentence": "departure_lat: 37.498576, departure_lon: 127.027583, departure_alt_m: 15 m(지표 기준); 출발 지점 WGS84 좌표 표준 사용.",
            "id": "sample_049_0093_000011",
            "annotations": []
        },
        {
            "sentence": "arrival_lat: 37.512345, arrival_lon: 127.033210, arrival_alt_m: 12 m(지표 기준); 착륙패드 좌표 및 허가 정보와 대조 완료.",
            "id": "sample_049_0093_000012",
            "annotations": []
        },
        {
            "sentence": "departure_time_ISO8601: 2025-01-08T08:45:00Z, estimated_arrival_time_ISO8601: 2025-01-08T09:02:00Z, actual_arrival_time_ISO8601: 2025-01-08T09:05:30Z.",
            "id": "sample_049_0093_000013",
            "annotations": []
        },
        {
            "sentence": "battery_start_percent: 100%, battery_end_percent: 23%; 배터리 소비는 페이로드 및 기상 영향을 반영하여 방전 곡선으로 기록됨.",
            "id": "sample_049_0093_000014",
            "annotations": []
        },
        {
            "sentence": "weather_summary: 약한 강설 및 기온 하강으로 자동 운영 임계치 근접, wind_speed_m_s: 6.5 m/s, wind_direction_deg: 210, temperature_c: -1.5°C.",
            "id": "sample_049_0093_000015",
            "annotations": []
        },
        {
            "sentence": "airspace_class: G, geofence_id: GF-049-02, bvlos_authorization_boolean: true; BVLOS 승인 문서와 연계된 운영 조건으로 운행됨.",
            "id": "sample_049_0093_000016",
            "annotations": []
        },
        {
            "sentence": "risk_assessment_score: 4.2/10; telemetry_sample_rate_hz: 2 Hz로 설정되어 저지연 모니터링 및 보존 요건을 충족합니다.",
            "id": "sample_049_0093_000017",
            "annotations": []
        },
        {
            "sentence": "telemetry: [{\"timestamp\":\"2025-01-08T08:45:10Z\",\"lat\":37.498600,\"lon\":127.027600,\"alt_m\":15,\"ground_speed_m_s\":10.2,\"vertical_speed_m_s\":0.0,\"battery_pct\":99,\"signal_strength\":-62}, {\"timestamp\":\"2025-01-08T08:52:00Z\",\"lat\":37.503200,\"lon\":127.029800,\"alt_m\":60,\"ground_speed_m_s\":12.1,\"vertical_speed_m_s\":1.8,\"battery_pct\":85,\"signal_strength\":-58}, {\"timestamp\":\"2025-01-08T08:58:30Z\",\"lat\":37.508900,\"lon\":127.031500,\"alt_m\":45,\"ground_speed_m_s\":11.0,\"vertical_speed_m_s\":-0.5,\"battery_pct\":50,\"signal_strength\":-64}, {\"timestamp\":\"2025-01-08T09:02:00Z\",\"lat\":37.511100,\"lon\":127.033000,\"alt_m\":30,\"ground_speed_m_s\":8.4,\"vertical_speed_m_s\":-2.1,\"battery_pct\":30,\"signal_strength\":-60}, {\"timestamp\":\"2025-01-08T09:05:28Z\",\"lat\":37.512340,\"lon\":127.033205,\"alt_m\":12,\"ground_speed_m_s\":0.5,\"vertical_speed_m_s\":-1.8,\"battery_pct\":23,\"signal_strength\":-55}].",
            "id": "sample_049_0093_000018",
            "annotations": []
        },
        {
            "sentence": "maintenance_status: 정상(최근 정비: 2025-01-02T08:30:00Z), 다음 예정점검: 2025-02-01T09:00:00Z; 정비 로그와 일치합니다.",
            "id": "sample_049_0093_000019",
            "annotations": []
        },
        {
            "sentence": "firmware_signature_hash: SIG:AB12CD34EF56A1B2C3D4E5F67890ABCDEF1234567890ABCDEF; 펌웨어 무결성 추적을 위한 서명 필드입니다.",
            "id": "sample_049_0093_000020",
            "annotations": [
                {
                    "word": "SIG:AB12CD34EF56A1B2C3D4E5F67890ABCDEF1234567890ABCDEF",
                    "start": 25,
                    "end": 79,
                    "label": "기밀정보"
                }
            ]
        },
        {
            "sentence": "video_recording_hash: 3f5c9e8a1b2d4c6e7f8a9b0c1d2e3f4a; insurance_policy_id: INS-ACME-2024-77; 영상은 익명화 원칙으로 저장됩니다.",
            "id": "sample_049_0093_000021",
            "annotations": []
        },
        {
            "sentence": "incident_report_id: INC-20250108-0003; 보고 요약: 도심 열섬 영향으로 상승 경로 재설정, 착륙 지연 3분, 페일세이프 정상 작동으로 안전 착륙 완료.",
            "id": "sample_049_0093_000022",
            "annotations": []
        },
        {
            "sentence": "사건 타임라인: 2025-01-08T09:02:00Z 이상감지 → 2025-01-08T09:03:10Z 관제 재경로 지시 → 2025-01-08T09:05:30Z 임무 완료; 원인·조치·소요시간 기록 보존됨.",
            "id": "sample_049_0093_000023",
            "annotations": []
        },
        {
            "sentence": "승인자: 장영은; 사건 처리 및 최종 보고 승인 권한자로서 감사 기록에 이름으로 기재되었습니다.",
            "id": "sample_049_0093_000024",
            "annotations": [
                {
                    "word": "장영은",
                    "start": 5,
                    "end": 8,
                    "label": "개인정보"
                }
            ]
        },
        {
            "sentence": "UTM 접속 로그: source_ip 10.8.0.5 → /srv/utm/flightplans/049_0093.plan 접근 기록, 내부 URL https://internal.utm.acme.local 접속 이력이 남아 있습니다.",
            "id": "sample_049_0093_000025",
            "annotations": [
                {
                    "word": "10.8.0.5",
                    "start": 21,
                    "end": 29,
                    "label": "기밀정보"
                },
                {
                    "word": "/srv/utm/flightplans/049_0093.plan",
                    "start": 32,
                    "end": 66,
                    "label": "기밀정보"
                },
                {
                    "word": "https://internal.utm.acme.local",
                    "start": 81,
                    "end": 112,
                    "label": "기밀정보"
                }
            ]
        },
        {
            "sentence": "비행 제약: 도심 주거지역 상공 50 m 이하 비행 금지, 야간 자동 운항 제한, 예비 배터리 마진 최소 20% 보유 규정 적용.",
            "id": "sample_049_0093_000026",
            "annotations": []
        },
        {
            "sentence": "운영 메모: 배터리 열화 반영 결과 페이로드 1.8 kg과 풍속 6.5 m/s 환경에서 항속거리가 설계치 대비 약 12% 감소함을 확인했습니다.",
            "id": "sample_049_0093_000027",
            "annotations": []
        },
        {
            "sentence": "로그 무결성 보존: 모든 텔레메트리는 ISO8601 타임스탬프와 SHA256 해시로 보호되며 서명 필드와 함께 규정 기간 동안 보관됩니다.",
            "id": "sample_049_0093_000028",
            "annotations": []
        },
        {
            "sentence": "결론 및 조치사항: 경로 최적화 및 열섬 영향을 반영한 운항 프로파일 재설계 권고, 문의 및 후속조치 담당자 신성현(운영팀)에 접수하도록 지시합니다.",
            "id": "sample_049_0093_000029",
            "annotations": [
                {
                    "word": "신성현",
                    "start": 61,
                    "end": 64,
                    "label": "개인정보"
                }
            ]
        }
    ]
}