{
    "document_id": "049_0012",
    "document_title": "도심 항공 모빌리티·드론 배달 운항 미션 레코드 및 안전분석 보고서",
    "data": [
        {
            "sentence": "본 문서는 도심 항공 모빌리티 및 드론 배달 운항에 관한 미션 레코드와 안전분석 결과를 기록하기 위해 작성되었습니다.",
            "id": "sample_049_0012_000001",
            "annotations": []
        },
        {
            "sentence": "문서는 운영 메타데이터, 텔레메트리 요약, 정비 이력, 사고 보고서, 규제 준수 정보 및 권장 조치 항목으로 구성되어 있습니다.",
            "id": "sample_049_0012_000002",
            "annotations": []
        },
        {
            "sentence": "본 보고서는 미션 무결성 보존을 위해 각 로그에 타임스탬프와 해시를 포함하고 전자서명 필드를 참조합니다.",
            "id": "sample_049_0012_000003",
            "annotations": []
        },
        {
            "sentence": "미션 식별자는 mission_id=MISSION-049-0012-0001로 기록되었고 관련 비행 식별자는 flight_id=FLIGHT-049-0007입니다.",
            "id": "sample_049_0012_000004",
            "annotations": []
        },
        {
            "sentence": "운영자(operator_id)는 OP-2024-045이며 기체 식별(drone_id)은 DRN-AX7-34이고 조종자 인증 및 BVLOS 허가 상태가 연계되어 있습니다.",
            "id": "sample_049_0012_000005",
            "annotations": []
        },
        {
            "sentence": "미션 유형은 delivery이며 페이로드 중량은 payload_weight_kg=1.8 kg, payload_type=소형 의약품(냉온 보존 필요)로 분류되었습니다.",
            "id": "sample_049_0012_000006",
            "annotations": []
        },
        {
            "sentence": "출발 지점은 위도 37.4981, 경도 127.0276, 출발 고도 departure_alt_m=12 m이며 도착 지점은 위도 37.5015, 경도 127.0352, 도착 고도 arrival_alt_m=8 m입니다.",
            "id": "sample_049_0012_000007",
            "annotations": []
        },
        {
            "sentence": "출발 시간 departure_time_ISO8601=2025-03-18T09:12:00Z, 예정 도착 estimated_arrival_time_ISO8601=2025-03-18T09:28:35Z, 실제 도착 actual_arrival_time_ISO8601=2025-03-18T09:27:50Z로 기록되었습니다.",
            "id": "sample_049_0012_000008",
            "annotations": [
                {
                    "word": "2025-03-18T09:12:00Z",
                    "start": 29,
                    "end": 49,
                    "label": "준식별자"
                },
                {
                    "word": "2025-03-18T09:28:35Z",
                    "start": 88,
                    "end": 108,
                    "label": "준식별자"
                },
                {
                    "word": "2025-03-18T09:27:50Z",
                    "start": 144,
                    "end": 164,
                    "label": "준식별자"
                }
            ]
        },
        {
            "sentence": "배터리 시작 배터리_start_percent=100%에서 종료 배터리_end_percent=24%로 귀환하였고 지오펜스 geofence_id=GF-049-22 내 BVLOS 허가 여부 bvlos_authorization_boolean=true가 적용되었습니다.",
            "id": "sample_049_0012_000009",
            "annotations": []
        },
        {
            "sentence": "BVLOS 승인 코드 및 내부 승인문서는 BVLOS-AUTH-2024-09-47로 참조되며 관련 접근 제어 로그에서 기밀로 분류됩니다.",
            "id": "sample_049_0012_000010",
            "annotations": [
                {
                    "word": "BVLOS-AUTH-2024-09-47",
                    "start": 23,
                    "end": 44,
                    "label": "기밀정보"
                }
            ]
        },
        {
            "sentence": "기상 요약은 weather_summary=맑음, wind_speed_m_s=4.2 m/s, wind_direction_deg=210 deg, temperature_c=12.4 C이며 공역 분류는 airspace_class=Class-C, 위험평가 risk_assessment_score=3.2입니다.",
            "id": "sample_049_0012_000011",
            "annotations": []
        },
        {
            "sentence": "텔레메트리 샘플링 주기 telemetry_sample_rate_hz=1 Hz로 설정되었으며 이하 선택된 텔레메트리 포인트 6개를 예시로 포함합니다.",
            "id": "sample_049_0012_000012",
            "annotations": []
        },
        {
            "sentence": "telemetry sample: {timestamp:2025-03-18T09:12:05Z, lat:37.49815, lon:127.02762, alt_m:12, ground_speed_m_s:0.0, vertical_speed_m_s:0.0, battery_pct:99, signal_strength:5}.",
            "id": "sample_049_0012_000013",
            "annotations": [
                {
                    "word": "2025-03-18T09:12:05Z",
                    "start": 29,
                    "end": 49,
                    "label": "준식별자"
                }
            ]
        },
        {
            "sentence": "telemetry sample: {timestamp:2025-03-18T09:15:20Z, lat:37.49980, lon:127.03010, alt_m:60, ground_speed_m_s:8.4, vertical_speed_m_s:1.2, battery_pct:92, signal_strength:5}.",
            "id": "sample_049_0012_000014",
            "annotations": [
                {
                    "word": "2025-03-18T09:15:20Z",
                    "start": 29,
                    "end": 49,
                    "label": "준식별자"
                }
            ]
        },
        {
            "sentence": "telemetry sample: {timestamp:2025-03-18T09:20:10Z, lat:37.50090, lon:127.03220, alt_m:80, ground_speed_m_s:10.2, vertical_speed_m_s:0.8, battery_pct:84, signal_strength:4}.",
            "id": "sample_049_0012_000015",
            "annotations": [
                {
                    "word": "2025-03-18T09:20:10Z",
                    "start": 29,
                    "end": 49,
                    "label": "준식별자"
                }
            ]
        },
        {
            "sentence": "telemetry sample: {timestamp:2025-03-18T09:24:00Z, lat:37.50110, lon:127.03350, alt_m:45, ground_speed_m_s:6.0, vertical_speed_m_s:-1.0, battery_pct:62, signal_strength:4}.",
            "id": "sample_049_0012_000016",
            "annotations": [
                {
                    "word": "2025-03-18T09:24:00Z",
                    "start": 29,
                    "end": 49,
                    "label": "준식별자"
                }
            ]
        },
        {
            "sentence": "telemetry sample: {timestamp:2025-03-18T09:26:50Z, lat:37.50140, lon:127.03480, alt_m:20, ground_speed_m_s:4.5, vertical_speed_m_s:-2.3, battery_pct:35, signal_strength:3}.",
            "id": "sample_049_0012_000017",
            "annotations": [
                {
                    "word": "2025-03-18T09:26:50Z",
                    "start": 29,
                    "end": 49,
                    "label": "준식별자"
                }
            ]
        },
        {
            "sentence": "telemetry sample: {timestamp:2025-03-18T09:27:45Z, lat:37.50150, lon:127.03515, alt_m:10, ground_speed_m_s:1.6, vertical_speed_m_s:-1.2, battery_pct:26, signal_strength:3}.",
            "id": "sample_049_0012_000018",
            "annotations": [
                {
                    "word": "2025-03-18T09:27:45Z",
                    "start": 29,
                    "end": 49,
                    "label": "준식별자"
                }
            ]
        },
        {
            "sentence": "정비 상태 maintenance_status=정상이나 예정된 소프트웨어 패치가 존재하며 관련 정비 로그는 경로 /srv/maintenance/logs/049_0012/maint_20250317.log에 저장되어 있습니다.",
            "id": "sample_049_0012_000019",
            "annotations": [
                {
                    "word": "/srv/maintenance/logs/049_0012/maint_20250317.log",
                    "start": 62,
                    "end": 111,
                    "label": "기밀정보"
                }
            ]
        },
        {
            "sentence": "펌웨어 버전 firmware_version=fw_v3.2.1+sha256:3fa4b8c9e1d2f4a5b6c7d8e9f0a1b2c3d4e5f6a7b8c9d0e1f2a3b4c5d6e7f8a와 통신 명령 서명 cmd_sig=MEUCIQDq1xA7zKYn...가 무결성 필드로 기록되었습니다.",
            "id": "sample_049_0012_000020",
            "annotations": [
                {
                    "word": "fw_v3.2.1+sha256:3fa4b8c9e1d2f4a5b6c7d8e9f0a1b2c3d4e5f6a7b8c9d0e1f2a3b4c5d6e7f8a",
                    "start": 24,
                    "end": 104,
                    "label": "기밀정보"
                },
                {
                    "word": "cmd_sig=MEUCIQDq1xA7zKYn...",
                    "start": 115,
                    "end": 142,
                    "label": "기밀정보"
                }
            ]
        },
        {
            "sentence": "운영 및 UTM 연동 서버 접근은 내부 IP 10.8.15.22를 통해 로그되었으며 해당 IP와 접근 로그는 보안 관점에서 기밀로 분류됩니다.",
            "id": "sample_049_0012_000021",
            "annotations": [
                {
                    "word": "10.8.15.22",
                    "start": 25,
                    "end": 35,
                    "label": "기밀정보"
                }
            ]
        },
        {
            "sentence": "사건보고서 incident_report_id=INC-2025-0003이 생성되었고 경미한 배터리 과열 이벤트가 발생하였으며 조치로는 즉시 복귀, 배터리 격리 및 정밀검사로 기록되었습니다.",
            "id": "sample_049_0012_000022",
            "annotations": [
                {
                    "word": "INC-2025-0003",
                    "start": 25,
                    "end": 38,
                    "label": "기밀정보"
                }
            ]
        },
        {
            "sentence": "해당 사건 발생 시 조종자 응답 및 통제는 조종자 강태윤이 수행하였고 원인 분석은 내부 절차에 따라 실시되어 기록되었습니다.",
            "id": "sample_049_0012_000023",
            "annotations": [
                {
                    "word": "강태윤",
                    "start": 28,
                    "end": 31,
                    "label": "개인정보"
                }
            ]
        },
        {
            "sentence": "비디오 녹화물은 얼굴 등 PII를 익명화 처리하여 저장하였고 저장된 해시 video_recording_hash=sha256:9f8b3c6d5a7e9c0b1d2e3f4a5b6c7d8e9f0a1b2c3d4e5f6a7b8c9d0e1f2a3b4c가 보전됩니다.",
            "id": "sample_049_0012_000024",
            "annotations": [
                {
                    "word": "sha256:9f8b3c6d5a7e9c0b1d2e3f4a5b6c7d8e9f0a1b2c3d4e5f6a7b8c9d0e1f2a3b4c",
                    "start": 62,
                    "end": 133,
                    "label": "기밀정보"
                }
            ]
        },
        {
            "sentence": "보험 정보는 insurance_policy_id=INS-PL-2024-77891234로 연계되어 있으며 보험 약관 및 적용 범위는 회사 내부 문서로 관리됩니다.",
            "id": "sample_049_0012_000025",
            "annotations": [
                {
                    "word": "INS-PL-2024-77891234",
                    "start": 27,
                    "end": 47,
                    "label": "기밀정보"
                }
            ]
        },
        {
            "sentence": "운영 연락처는 운영책임자 손대용, 연락처 010-1234-5678, 이메일 son.daeyong@dronelogistics.kr로 비상 대응 시 참조하도록 기록되었습니다.",
            "id": "sample_049_0012_000026",
            "annotations": [
                {
                    "word": "손대용",
                    "start": 14,
                    "end": 17,
                    "label": "개인정보"
                },
                {
                    "word": "010-1234-5678",
                    "start": 23,
                    "end": 36,
                    "label": "개인정보"
                },
                {
                    "word": "son.daeyong@dronelogistics.kr",
                    "start": 42,
                    "end": 71,
                    "label": "개인정보"
                }
            ]
        },
        {
            "sentence": "수취인은 배시안으로 기록되었고 배송지 세부주소는 서울특별시 강남구 테헤란로12길 34, 5층 502호로 명시되어 배달 확인 절차에 사용되었습니다.",
            "id": "sample_049_0012_000027",
            "annotations": [
                {
                    "word": "배시안",
                    "start": 5,
                    "end": 8,
                    "label": "개인정보"
                },
                {
                    "word": "서울특별시 강남구 테헤란로12길 34, 5층 502호",
                    "start": 27,
                    "end": 56,
                    "label": "개인정보"
                }
            ]
        },
        {
            "sentence": "행정구역 단위로는 시=서울특별시, 군/구=강남구로 분리 기록되며 이는 준식별자 기준으로 보존 정책이 적용됩니다.",
            "id": "sample_049_0012_000028",
            "annotations": [
                {
                    "word": "서울특별시",
                    "start": 12,
                    "end": 17,
                    "label": "준식별자"
                },
                {
                    "word": "강남구",
                    "start": 23,
                    "end": 26,
                    "label": "준식별자"
                }
            ]
        },
        {
            "sentence": "규제 준수 사항으로는 야간 비행 제한 시간, 인구 밀집지역 고도 제한 및 BVLOS 조건을 만족하는 예비 배터리 마진 유지가 포함됩니다.",
            "id": "sample_049_0012_000029",
            "annotations": []
        },
        {
            "sentence": "권장 조치로는 fw_v3.2.1 패치 적용, 배터리 제조사 권장 열화 검사 시행, 그리고 정비 로그 무결성 검증을 위한 추가 전자서명 적용이 제안됩니다.",
            "id": "sample_049_0012_000030",
            "annotations": []
        },
        {
            "sentence": "본 보고서는 감사 기록 보존을 위해 생성일자와 함께 내부 감사인 엄새영에 의해 검토되었으며 추가 문의는 운영팀을 통해 처리됩니다.",
            "id": "sample_049_0012_000031",
            "annotations": [
                {
                    "word": "엄새영",
                    "start": 36,
                    "end": 39,
                    "label": "개인정보"
                }
            ]
        }
    ]
}