{
    "document_id": "049_0031",
    "document_title": "도심 항공 모빌리티 미션 레코드 및 안전분석 보고서",
    "data": [
        {
            "sentence": "본 문서는 도심 항공 모빌리티(드론 배달 및 도심 항공 서비스) 운영 미션 레코드와 안전분석 결과를 종합하여 기술한 공식 보고서입니다.",
            "id": "sample_049_0031_000001",
            "annotations": []
        },
        {
            "sentence": "운항 책임자와 연락처: 운항 책임자 노원재, 연락처 +82-10-1234-5678, 이메일 nowonjae@example.com, 사번 EMP-2024-089.",
            "id": "sample_049_0031_000002",
            "annotations": [
                {
                    "word": "노원재",
                    "start": 20,
                    "end": 23,
                    "label": "개인정보"
                },
                {
                    "word": "+82-10-1234-5678",
                    "start": 29,
                    "end": 45,
                    "label": "개인정보"
                },
                {
                    "word": "nowonjae@example.com",
                    "start": 51,
                    "end": 71,
                    "label": "개인정보"
                },
                {
                    "word": "EMP-2024-089",
                    "start": 76,
                    "end": 88,
                    "label": "개인정보"
                }
            ]
        },
        {
            "sentence": "운영기지는 서울특별시 노원구에 위치하며 도심 내 BVLOS 상호운용 실험 및 상시 모니터링을 수행한 기록을 포함합니다.",
            "id": "sample_049_0031_000003",
            "annotations": [
                {
                    "word": "서울특별시 노원구",
                    "start": 6,
                    "end": 15,
                    "label": "준식별자"
                }
            ]
        },
        {
            "sentence": "운영기지 상세주소는 서울특별시 노원구 동일로 123-45 3층으로 기록되어 있으며 지상 관제 장비와 충전스테이션이 동 위치에 배치되어 있습니다.",
            "id": "sample_049_0031_000004",
            "annotations": [
                {
                    "word": "서울특별시 노원구 동일로 123-45 3층",
                    "start": 11,
                    "end": 34,
                    "label": "개인정보"
                }
            ]
        },
        {
            "sentence": "문서 식별자는 mission_id=MIS-20240721-049, flight_id=FL-049-0031, operator_id=OP-049-NW, drone_id=DR-ACM-07로 표기합니다.",
            "id": "sample_049_0031_000005",
            "annotations": []
        },
        {
            "sentence": "조종자 정보: 조종자 김시무, 조종자 자격번호 LIC-2024-77, BVLOS 운영 교육이 2024-06-10에 완료되었음을 확인했습니다.",
            "id": "sample_049_0031_000006",
            "annotations": [
                {
                    "word": "김시무",
                    "start": 12,
                    "end": 15,
                    "label": "개인정보"
                },
                {
                    "word": "LIC-2024-77",
                    "start": 26,
                    "end": 37,
                    "label": "개인정보"
                }
            ]
        },
        {
            "sentence": "미션 유형은 medical(의약품 긴급배송)이며 페이로드는 payload_weight_kg=1.25 kg, payload_type=의약품(온도제어)로 적재되었습니다.",
            "id": "sample_049_0031_000007",
            "annotations": []
        },
        {
            "sentence": "출발지와 도착지 좌표는 WGS84 위도로 기록되었으며 출발 latitude=37.612345, longitude=127.090123, departure_alt_m=12 m입니다.",
            "id": "sample_049_0031_000008",
            "annotations": []
        },
        {
            "sentence": "도착지는 latitude=37.498765, longitude=127.031234, arrival_alt_m=8 m으로 계획되었고 예상 이동 거리는 약 11.8 km입니다.",
            "id": "sample_049_0031_000009",
            "annotations": []
        },
        {
            "sentence": "운항 시간은 departure_time_ISO8601=2024-07-21T01:30:00Z, estimated_arrival_time_ISO8601=2024-07-21T01:44:30Z, actual_arrival_time_ISO8601=2024-07-21T01:44:12Z로 기록됩니다.",
            "id": "sample_049_0031_000010",
            "annotations": []
        },
        {
            "sentence": "배터리 상태는 battery_start_percent=100 %, battery_end_percent=42 %로 실제 전력소모는 페이로드 중량과 기상(바람) 영향을 반영하여 모델링되었습니다.",
            "id": "sample_049_0031_000011",
            "annotations": []
        },
        {
            "sentence": "정비현황: maintenance_status=정상 운항, 배터리 사용 사이클 1,150회, 소모도량 기반으로 50사이클 후 교체 권고, 정비담당 류근휘가 점검 서명함.",
            "id": "sample_049_0031_000012",
            "annotations": [
                {
                    "word": "류근휘",
                    "start": 81,
                    "end": 84,
                    "label": "개인정보"
                }
            ]
        },
        {
            "sentence": "펌웨어 및 무결성: firmware_version=FW-ACM-2.14.7, firmware_hash=sha256:3a7b1f9e8c..., command_log_signature=SIG:3045022100...를 포함하여 무결성 추적을 수행합니다.",
            "id": "sample_049_0031_000013",
            "annotations": []
        },
        {
            "sentence": "기상요약: weather_summary=구름 3/8, wind_speed_m_s=6.2 m/s, wind_direction_deg=210 deg, temperature_c=22.4 C로 자동비행 허용 임계값 이내였습니다.",
            "id": "sample_049_0031_000014",
            "annotations": []
        },
        {
            "sentence": "공역 및 지오펜스 정보: airspace_class=C, geofence_id=GF-049-NW, 지정 공역 경계는 비행 전 UTM에 로드 및 검증되었습니다.",
            "id": "sample_049_0031_000015",
            "annotations": []
        },
        {
            "sentence": "BVLOS 승인 여부: bvlos_authorization_boolean=true로 기록되었으며 관련 BVLOS 승인 문서는 전자서명 형태로 내부 보관 중입니다.",
            "id": "sample_049_0031_000016",
            "annotations": []
        },
        {
            "sentence": "위험평가 결과: risk_assessment_score=3.8(5점 만점)로 특정 저고도 인구밀집 구간의 노출 리스크가 주요 점검 항목으로 식별되었습니다.",
            "id": "sample_049_0031_000017",
            "annotations": []
        },
        {
            "sentence": "텔레메트리 샘플링: telemetry_sample_rate_hz=1 Hz로 설정되었으며 아래는 발췌된 연속 샘플입니다.",
            "id": "sample_049_0031_000018",
            "annotations": []
        },
        {
            "sentence": "telemetry:[{timestamp:'2024-07-21T01:30:00Z',lat:37.612345,lon:127.090123,alt_m:12,ground_speed_m_s:0.0,vertical_speed_m_s:0.0,battery_pct:100.00,signal_strength:100},{timestamp:'2024-07-21T01:30:01Z',lat:37.612450,lon:127.090200,alt_m:20,ground_speed_m_s:11.2,vertical_speed_m_s:0.8,battery_pct:99.98,signal_strength:99},{timestamp:'2024-07-21T01:30:02Z',lat:37.612890,lon:127.090800,alt_m:45,ground_speed_m_s:12.0,vertical_speed_m_s:2.5,battery_pct:99.95,signal_strength:98},{timestamp:'2024-07-21T01:30:03Z',lat:37.613500,lon:127.091500,alt_m:60,ground_speed_m_s:12.5,vertical_speed_m_s:2.8,battery_pct:99.92,signal_strength:97},{timestamp:'2024-07-21T01:30:04Z',lat:37.615000,lon:127.093000,alt_m:80,ground_speed_m_s:13.0,vertical_speed_m_s:3.0,battery_pct:99.88,signal_strength:96},{timestamp:'2024-07-21T01:30:05Z',lat:37.616500,lon:127.094500,alt_m:100,ground_speed_m_s:13.2,vertical_speed_m_s:4.0,battery_pct:99.83,signal_strength:95}]",
            "id": "sample_049_0031_000019",
            "annotations": []
        },
        {
            "sentence": "샘플 텔레메트리는 시간순으로 정렬되었으며 지상 속도와 수직 속도 변화는 설계된 가속도 한계 내에 있어 비행역학적 정합성을 만족합니다.",
            "id": "sample_049_0031_000020",
            "annotations": []
        },
        {
            "sentence": "비상 절차 및 낙하완화: 실시간 페일오버, 우선 안전착륙, 패러슈트(해당 기종의 경우) 및 페이로드 자동 잠금 등 절차가 운항 매뉴얼에 포함되어 있습니다.",
            "id": "sample_049_0031_000021",
            "annotations": []
        },
        {
            "sentence": "사고 및 사건 보고: incident_report_id=INC-20240721-0001, 발생 시각 2024-07-21T01:32:40Z, 보고자 배연준, 사건요약: 저고도 GPS 드리프트로 인한 일시적 경로 수정이 수행됨.",
            "id": "sample_049_0031_000022",
            "annotations": [
                {
                    "word": "배연준",
                    "start": 82,
                    "end": 85,
                    "label": "개인정보"
                }
            ]
        },
        {
            "sentence": "사건 원인 분석 및 조치: GPS multipath와 도심 빌딩 반사로 인한 위치 오차가 주원인으로 확인되어 다중센서(GNSS+IMU+Vision) 융합 강화와 지오펜스 재검토를 권고합니다.",
            "id": "sample_049_0031_000023",
            "annotations": []
        },
        {
            "sentence": "증거 보존 절차: 비행 중 촬영 영상은 개인식별정보(얼굴 등)를 자동 익명화 처리한 뒤 영상 SHA256 해시로 보존하며 video_recording_hash=sha256:9f8d7c6b...로 등록했습니다.",
            "id": "sample_049_0031_000024",
            "annotations": []
        },
        {
            "sentence": "보험 및 상업조건: insurance_policy_id=INS-DR-2024-556, 보험 약관에 따라 로그 및 영상의 보존기간과 배상한계가 명시되어 있습니다.",
            "id": "sample_049_0031_000025",
            "annotations": []
        },
        {
            "sentence": "상호운용 로그와 감사: UTM 연동 로그, NOTAM 발행 로그, API 인증 로그가 포함되며 접근 통제 및 감사 로그는 규정에 따라 보존됩니다.",
            "id": "sample_049_0031_000026",
            "annotations": []
        },
        {
            "sentence": "운영상 기밀항목으로 내부 UTM 서버 IP 10.45.23.11 및 승인 문서 URL https://internal.utm.local/bvlos/approval/2024-07-21은 내부 기밀로 분류되어 접근 권한이 제한됩니다.",
            "id": "sample_049_0031_000027",
            "annotations": [
                {
                    "word": "10.45.23.11",
                    "start": 24,
                    "end": 35,
                    "label": "기밀정보"
                },
                {
                    "word": "https://internal.utm.local/bvlos/approval/2024-07-21",
                    "start": 48,
                    "end": 100,
                    "label": "기밀정보"
                }
            ]
        },
        {
            "sentence": "권고사항 및 실행 항목: 센서 융합 보강, 배터리 교체 일정 준수, 지오펜스 경계 재정의, BVLOS 절차 문서화 및 내부 URL 접근 권한 재검토를 즉시 시행할 것을 권고합니다.",
            "id": "sample_049_0031_000028",
            "annotations": []
        }
    ]
}