{
    "document_id": "049_0074",
    "document_title": "의약품 긴급 드론 배송 임무 보고서 - 2025-01-15",
    "data": [
        {
            "sentence": "문서 개요: 본 보고서는 2025-01-15에 수행된 도심 항공 모빌리티 기반 의약품 긴급 배송 미션의 운영·안전 기록을 정리한 것입니다.",
            "id": "sample_049_0074_000001",
            "annotations": []
        },
        {
            "sentence": "미션 식별자(mission_id)는 M-20250115-0007이며 본 비행의 flight_id는 F-20250115-0034로 기록되었습니다.",
            "id": "sample_049_0074_000002",
            "annotations": []
        },
        {
            "sentence": "운영조직 식별자(operator_id)는 OP-4521이며 담당 운영자 이름은 정서빈이고 연락처는 010-9876-5432로 등록되어 있습니다.",
            "id": "sample_049_0074_000003",
            "annotations": [
                {
                    "word": "정서빈",
                    "start": 44,
                    "end": 47,
                    "label": "개인정보"
                },
                {
                    "word": "010-9876-5432",
                    "start": 55,
                    "end": 68,
                    "label": "개인정보"
                }
            ]
        },
        {
            "sentence": "원격조종사(licensed pilot)는 백연아이며 사번 2025-00987, 생년월일 1990-05-12, 성별 남성으로 운용자격이 확인되었습니다.",
            "id": "sample_049_0074_000004",
            "annotations": [
                {
                    "word": "백연아",
                    "start": 23,
                    "end": 26,
                    "label": "개인정보"
                },
                {
                    "word": "2025-00987",
                    "start": 32,
                    "end": 42,
                    "label": "개인정보"
                },
                {
                    "word": "1990-05-12",
                    "start": 49,
                    "end": 59,
                    "label": "준식별자"
                },
                {
                    "word": "남성",
                    "start": 64,
                    "end": 66,
                    "label": "준식별자"
                }
            ]
        },
        {
            "sentence": "드론 식별자(drone_id)는 DR-AX7-09이며 펌웨어 버전은 v2.3.14, firmware_hash=sha256:3a7bce9f4d9e8f6a1b2c3d4e5f678901234567890abcdef1234567890abcdef 으로 저장되었습니다.",
            "id": "sample_049_0074_000005",
            "annotations": [
                {
                    "word": "sha256:3a7bce9f4d9e8f6a1b2c3d4e5f678901234567890abcdef1234567890abcdef",
                    "start": 61,
                    "end": 131,
                    "label": "기밀정보"
                }
            ]
        },
        {
            "sentence": "출발 지점은 위도 37.498095, 경도 127.027610, 고도 5 m(지상 기준)이며 departure_time은 2025-01-15T08:30:00Z로 타임스탬프가 표준화되어 있습니다.",
            "id": "sample_049_0074_000006",
            "annotations": []
        },
        {
            "sentence": "도착 지점은 위도 37.566535, 경도 126.977969, 고도 10 m이며 estimated_arrival_time은 2025-01-15T08:45:30Z로 계획되었습니다.",
            "id": "sample_049_0074_000007",
            "annotations": []
        },
        {
            "sentence": "실제 도착(actual_arrival_time)은 2025-01-15T08:46:10Z로 기록되었고 모든 로그는 UTC ISO8601로 정합성이 유지되었습니다.",
            "id": "sample_049_0074_000008",
            "annotations": []
        },
        {
            "sentence": "배터리 관련: battery_start_percent는 100%였고 battery_end_percent는 22%로 보고되었으며 페이로드 및 기상 영향을 반영한 방전곡선을 따릅니다.",
            "id": "sample_049_0074_000009",
            "annotations": []
        },
        {
            "sentence": "페이로드 무게는 payload_weight_kg 1.8 kg이며 payload_type은 의약품(냉장)으로 취급 제한과 온도제어 로그가 적용되었습니다.",
            "id": "sample_049_0074_000010",
            "annotations": []
        },
        {
            "sentence": "기상요약: 맑음, wind_speed_m_s 6.5 m/s, wind_direction_deg 220, temperature_c 3.5°C, 공역_class C, geofence_id GF-2025-09가 임무에 적용되었습니다.",
            "id": "sample_049_0074_000011",
            "annotations": []
        },
        {
            "sentence": "본 비행은 BVLOS_authorization_boolean true로 BVLOS 승인을 받은 상태였으며 BVLOS 승인번호는 BVLOS-2025-009입니다.",
            "id": "sample_049_0074_000012",
            "annotations": [
                {
                    "word": "BVLOS-2025-009",
                    "start": 71,
                    "end": 85,
                    "label": "기밀정보"
                }
            ]
        },
        {
            "sentence": "리스크 평가 수치(risk_assessment_score)는 0.18로 낮음 범주에 해당하며 예비 배터리 마진은 20%로 설정되어 자동 귀환 조건이 정의되어 있습니다.",
            "id": "sample_049_0074_000013",
            "annotations": []
        },
        {
            "sentence": "텔레메트리 샘플링: telemetry_sample_rate_hz는 1 Hz이며, 샘플 주기는 지연 최소화를 위해 동기화되어 기록됩니다.",
            "id": "sample_049_0074_000014",
            "annotations": []
        },
        {
            "sentence": "telemetry sample 1: {timestamp:2025-01-15T08:30:01Z, lat:37.498120, lon:127.027645, alt_m:6, ground_speed_m_s:0.0, vertical_speed_m_s:0.0, battery_pct:99, signal_strength:98}.",
            "id": "sample_049_0074_000015",
            "annotations": []
        },
        {
            "sentence": "telemetry sample 2: {timestamp:2025-01-15T08:37:20Z, lat:37.530000, lon:127.000000, alt_m:80, ground_speed_m_s:12.3, vertical_speed_m_s:0.2, battery_pct:48, signal_strength:76}.",
            "id": "sample_049_0074_000016",
            "annotations": []
        },
        {
            "sentence": "telemetry sample 3: {timestamp:2025-01-15T08:46:09Z, lat:37.566520, lon:126.977950, alt_m:12, ground_speed_m_s:3.1, vertical_speed_m_s:-0.5, battery_pct:22, signal_strength:92}.",
            "id": "sample_049_0074_000017",
            "annotations": []
        },
        {
            "sentence": "통신·명령 무결성: 모든 명령 로그에 전자서명(signature) 및 해시 필드가 포함되며 명령 로그 서명값 예시 sig:MEQCIHq1a2b3c4d5e6f이 기록됩니다.",
            "id": "sample_049_0074_000018",
            "annotations": [
                {
                    "word": "sig:MEQCIHq1a2b3c4d5e6f",
                    "start": 64,
                    "end": 87,
                    "label": "기밀정보"
                }
            ]
        },
        {
            "sentence": "영상기록은 개인정보 보호를 위해 익명화 처리되었으며 video_recording_hash는 sha256:ab12cd34ef56ab78cd90ef12ab34cd56ef78ab90cd12ef34ab56cd78ef90ab12 로 저장되었습니다.",
            "id": "sample_049_0074_000019",
            "annotations": [
                {
                    "word": "sha256:ab12cd34ef56ab78cd90ef12ab34cd56ef78ab90cd12ef34ab56cd78ef90ab12",
                    "start": 51,
                    "end": 122,
                    "label": "기밀정보"
                }
            ]
        },
        {
            "sentence": "보험정보: insurance_policy_id INS-2025-777-002가 본 임무에 적용되었으며 보험계약상 세부 조항은 내부 비밀로 관리됩니다.",
            "id": "sample_049_0074_000020",
            "annotations": [
                {
                    "word": "INS-2025-777-002",
                    "start": 26,
                    "end": 42,
                    "label": "기밀정보"
                }
            ]
        },
        {
            "sentence": "정비 상태(maintenance_status)는 출발 전 점검 완료로 표기되었고 최근 정비이력에는 배터리 교체(2024-12-01)와 모터 점검(2025-01-10)이 포함되어 있습니다.",
            "id": "sample_049_0074_000021",
            "annotations": []
        },
        {
            "sentence": "정비 로그는 교체 부품, 작업 시간, 정비자 주석을 포함하며 무결성을 위해 전자서명과 타임스탬프를 함께 보존합니다.",
            "id": "sample_049_0074_000022",
            "annotations": []
        },
        {
            "sentence": "사건보고서 incident_report_id는 IR-20250115-11로 발행되었고 본 임무 중에는 착륙 직전의 경미한 GPS 일시불안정이 보고되었습니다.",
            "id": "sample_049_0074_000023",
            "annotations": []
        },
        {
            "sentence": "원인 분석 결과는 도시 열섬에 따른 멀티패스와 인근 고층건물 반사로 판단되며, 조치로 자동 재유도 및 안전 착륙을 수행했습니다.",
            "id": "sample_049_0074_000024",
            "annotations": []
        },
        {
            "sentence": "수취인 정보는 최소화 원칙을 따르나 필수 기록으로 수취인 성함 김용하와 상세 주소 서울특별시 강남구 테헤란로 12-3 101호가 임시 보관되었습니다.",
            "id": "sample_049_0074_000025",
            "annotations": [
                {
                    "word": "김용하",
                    "start": 35,
                    "end": 38,
                    "label": "개인정보"
                },
                {
                    "word": "서울특별시 강남구 테헤란로 12-3 101호",
                    "start": 46,
                    "end": 70,
                    "label": "개인정보"
                }
            ]
        },
        {
            "sentence": "수취인 개인정보와 주소는 보존기간 만료 후 암호화 삭제되며 접근은 역할기반 접근제어(RBAC)·감사로그로 추적합니다.",
            "id": "sample_049_0074_000026",
            "annotations": []
        },
        {
            "sentence": "시스템 연동 키 및 UTM 승인코드 중 일부는 운영상 기밀로 CONF-UTM-2025와 같이 내부 관리되며 외부 공개는 금지되어 있습니다.",
            "id": "sample_049_0074_000027",
            "annotations": [
                {
                    "word": "CONF-UTM-2025",
                    "start": 34,
                    "end": 47,
                    "label": "기밀정보"
                }
            ]
        },
        {
            "sentence": "결론 및 권고: BVLOS 절차 강화, 리스크 모니터링 고도화, 배터리 예비마진 상향 검토, 정기 GPS 보정 및 지오펜스 정책 재검토를 권고합니다.",
            "id": "sample_049_0074_000028",
            "annotations": []
        }
    ]
}