{
    "document_id": "049_0018",
    "document_title": "도심 항공 모빌리티 및 드론 배달 운항보고서",
    "data": [
        {
            "sentence": "본 문서는 도심 항공 모빌리티 및 드론 배달 운영의 미션 레코드와 안전분석을 위해 작성된 운항보고서입니다.",
            "id": "sample_049_0018_000001",
            "annotations": []
        },
        {
            "sentence": "문서 식별자(document_id)는 049_0018이며, 관련 전자기록은 규정에 따라 무결성 해시와 전자서명을 포함하여 보존됩니다.",
            "id": "sample_049_0018_000002",
            "annotations": []
        },
        {
            "sentence": "미션 요약: mission_id: M-20260108-0001, flight_id: F-20260108-004, operator_id: OP-SEA-0007, drone_id: DR-XY-7A12.",
            "id": "sample_049_0018_000003",
            "annotations": [
                {
                    "word": "OP-SEA-0007",
                    "start": 76,
                    "end": 87,
                    "label": "기밀정보"
                }
            ]
        },
        {
            "sentence": "운영자 연락처 담당자: 민승유, 연락처: 010-8745-9932, 이메일: mhseon@example.com, 소속 기관 내부사번:10023.",
            "id": "sample_049_0018_000004",
            "annotations": [
                {
                    "word": "민승유",
                    "start": 13,
                    "end": 16,
                    "label": "개인정보"
                },
                {
                    "word": "010-8745-9932",
                    "start": 23,
                    "end": 36,
                    "label": "개인정보"
                },
                {
                    "word": "mhseon@example.com",
                    "start": 43,
                    "end": 61,
                    "label": "개인정보"
                },
                {
                    "word": "10023",
                    "start": 74,
                    "end": 79,
                    "label": "개인정보"
                }
            ]
        },
        {
            "sentence": "조종자 정보: 권주혁(조종자 자격증 번호: PIL-2025001234), 성별: 남, 생년월일: 1985-07-12.",
            "id": "sample_049_0018_000005",
            "annotations": [
                {
                    "word": "권주혁",
                    "start": 8,
                    "end": 11,
                    "label": "개인정보"
                },
                {
                    "word": "PIL-2025001234",
                    "start": 24,
                    "end": 38,
                    "label": "개인정보"
                },
                {
                    "word": "남",
                    "start": 45,
                    "end": 46,
                    "label": "준식별자"
                }
            ]
        },
        {
            "sentence": "출발지: departure_lat: 37.497942, departure_lon: 127.027621, departure_alt_m: 30 m.",
            "id": "sample_049_0018_000006",
            "annotations": []
        },
        {
            "sentence": "도착지: arrival_lat: 37.565020, arrival_lon: 126.975710, arrival_alt_m: 10 m.",
            "id": "sample_049_0018_000007",
            "annotations": []
        },
        {
            "sentence": "출발시간: 2026-01-08T03:00:00Z, 예상도착시간: 2026-01-08T03:22:00Z, 실제도착시간: 2026-01-08T03:25:30Z.",
            "id": "sample_049_0018_000008",
            "annotations": []
        },
        {
            "sentence": "배터리 시작 SOC: 100%, 배터리 종료 SOC: 18%, 탑재 페이로드 중량: 2.3 kg, 페이로드 유형: 소형의약품(응급).",
            "id": "sample_049_0018_000009",
            "annotations": []
        },
        {
            "sentence": "기상요약: 맑음에서 부분적 구름, 풍속 평균 5.2 m/s, 풍향 210 deg, 기온 2.5 °C, 도시 열섬 및 난류 영향이 반영되었습니다.",
            "id": "sample_049_0018_000010",
            "annotations": []
        },
        {
            "sentence": "공역 정보: airspace_class: C, geofence_id: GF-SEO-113, BVLOS 승인 여부: true, BVLOS 승인서 ID: BVLOS-APP-2025-042.",
            "id": "sample_049_0018_000011",
            "annotations": [
                {
                    "word": "BVLOS-APP-2025-042",
                    "start": 84,
                    "end": 102,
                    "label": "기밀정보"
                }
            ]
        },
        {
            "sentence": "리스크 평가 점수(risk_assessment_score): 6.2/10으로 주변 인구밀집도와 착륙 지형 리스크가 가중되었습니다.",
            "id": "sample_049_0018_000012",
            "annotations": []
        },
        {
            "sentence": "텔레메트리 샘플링 속도: telemetry_sample_rate_hz: 0.1 (1 샘플/10초).",
            "id": "sample_049_0018_000013",
            "annotations": []
        },
        {
            "sentence": "telemetry: [{timestamp:2026-01-08T03:00:10Z,lat:37.498500,lon:127.027900,alt_m:120,ground_speed_m_s:12.5,vertical_speed_m_s:-0.1,battery_pct:99,signal_strength:4},{timestamp:2026-01-08T03:00:20Z,lat:37.499300,lon:127.028700,alt_m:125,ground_speed_m_s:13.0,vertical_speed_m_s:0.4,battery_pct:98,signal_strength:4},{timestamp:2026-01-08T03:00:30Z,lat:37.500100,lon:127.029500,alt_m:130,ground_speed_m_s:13.5,vertical_speed_m_s:0.5,battery_pct:97,signal_strength:4}].",
            "id": "sample_049_0018_000014",
            "annotations": []
        },
        {
            "sentence": "정비상태: maintenance_status: 수거점점검 완료(전기계통·모터 이상무), 최근 정비이력 참조 파일 경로: /srv/uav/logs/flight_049_0018.log.",
            "id": "sample_049_0018_000015",
            "annotations": [
                {
                    "word": "/srv/uav/logs/flight_049_0018.log",
                    "start": 67,
                    "end": 100,
                    "label": "기밀정보"
                }
            ]
        },
        {
            "sentence": "펌웨어 버전: firmware_version: v3.4.1, 펌웨어 서명: sha256:3f7a9b5c2e4d6f8a1b2c3d4e5f6a7b8c9d0e1f2a3b4c5d6e7f8a9b0c1d2e3f4.",
            "id": "sample_049_0018_000016",
            "annotations": [
                {
                    "word": "sha256:3f7a9b5c2e4d6f8a1b2c3d4e5f6a7b8c9d0e1f2a3b4c5d6e7f8a9b0c1d2e3f4",
                    "start": 42,
                    "end": 112,
                    "label": "기밀정보"
                }
            ]
        },
        {
            "sentence": "명령로그 무결성 서명: command_log_signature: sha256:9a1b2c3d4e5f6a7b8c9d0e1f2a3b4c5d6e7f8a9b0c1d2e3f4b5c6d7e8f9a0b1.",
            "id": "sample_049_0018_000017",
            "annotations": [
                {
                    "word": "sha256:9a1b2c3d4e5f6a7b8c9d0e1f2a3b4c5d6e7f8a9b0c1d2e3f4b5c6d7e8f9a0b1",
                    "start": 36,
                    "end": 106,
                    "label": "기밀정보"
                }
            ]
        },
        {
            "sentence": "비디오 녹화 파일 해시(video_recording_hash): sha256:55aabbccddeeff00112233445566778899aabbccddeeff001122334455667788.",
            "id": "sample_049_0018_000018",
            "annotations": [
                {
                    "word": "sha256:55aabbccddeeff00112233445566778899aabbccddeeff001122334455667788",
                    "start": 36,
                    "end": 107,
                    "label": "기밀정보"
                }
            ]
        },
        {
            "sentence": "보험정보: insurance_policy_id: INS-2025-778899, 보험사 계약번호는 상업적 기밀로 분류되어 암호화 보관됩니다.",
            "id": "sample_049_0018_000019",
            "annotations": [
                {
                    "word": "INS-2025-778899",
                    "start": 27,
                    "end": 42,
                    "label": "기밀정보"
                }
            ]
        },
        {
            "sentence": "통신 품질: 지상국 신호강도 평균 4/5, 링크 지연 120 ms, 통신 암호화 및 인증은 TLS 기반으로 수행되었습니다.",
            "id": "sample_049_0018_000020",
            "annotations": []
        },
        {
            "sentence": "사건 보고: incident_report_id: IR-00014, 사건 개요는 착륙예정지 주변 저고도 돌발 장애물로 인해 회피기동 수행, 조사·보존 대상입니다.",
            "id": "sample_049_0018_000021",
            "annotations": [
                {
                    "word": "IR-00014",
                    "start": 27,
                    "end": 35,
                    "label": "기밀정보"
                }
            ]
        },
        {
            "sentence": "조치 및 타임라인: 03:01:15Z 회피기동 시작, 03:01:42Z 안정화, 03:25:30Z 귀환착륙 완료, 로그는 전자서명되어 저장되었습니다.",
            "id": "sample_049_0018_000022",
            "annotations": []
        },
        {
            "sentence": "에너지 모델링: 페이로드 2.3 kg 및 평균 풍속 5.2 m/s 조건에서 배터리 방전곡선은 표준 모델 대비 약 6% 증가된 소비를 보였습니다.",
            "id": "sample_049_0018_000023",
            "annotations": []
        },
        {
            "sentence": "안전절차: 비상착륙 포인트 네 곳을 사전 지정하고 예비 배터리 마진 20%를 보유하도록 설정했습니다.",
            "id": "sample_049_0018_000024",
            "annotations": []
        },
        {
            "sentence": "운영 규정 준수: 공역 제한시간(야간금지시간 미해당) 및 촬영 규제(주민 식별 영상 비저장)를 준수했습니다.",
            "id": "sample_049_0018_000025",
            "annotations": []
        },
        {
            "sentence": "UTM 연동 로그: UTM 트랜잭션 ID TX-20260108-5587은 외부 교환 API에 송신되었고 접근 기록은 감사 로그로 보관됩니다.",
            "id": "sample_049_0018_000026",
            "annotations": [
                {
                    "word": "TX-20260108-5587",
                    "start": 23,
                    "end": 39,
                    "label": "기밀정보"
                }
            ]
        },
        {
            "sentence": "내부 보안항목: 컨트롤서버 IP 10.8.12.5 및 VPN 호스트 vpn.internal.ops.local는 운영상 기밀로 분류됩니다.",
            "id": "sample_049_0018_000027",
            "annotations": [
                {
                    "word": "10.8.12.5",
                    "start": 18,
                    "end": 27,
                    "label": "기밀정보"
                },
                {
                    "word": "vpn.internal.ops.local",
                    "start": 38,
                    "end": 60,
                    "label": "기밀정보"
                }
            ]
        },
        {
            "sentence": "운영자 주소(시/구): 서울특별시, 강남구, 추가 상세 주소는 내부 문서로 분리 보관합니다.",
            "id": "sample_049_0018_000028",
            "annotations": [
                {
                    "word": "서울특별시",
                    "start": 13,
                    "end": 18,
                    "label": "준식별자"
                },
                {
                    "word": "강남구",
                    "start": 20,
                    "end": 23,
                    "label": "준식별자"
                }
            ]
        },
        {
            "sentence": "비상연락망: 지역보건소 및 응급대응팀 연락은 익명화 표기로 보관되며, 수취인 개인정보는 법정 보존기간 이후 파기 예정입니다.",
            "id": "sample_049_0018_000029",
            "annotations": []
        },
        {
            "sentence": "결론 및 권고: BVLOS 운영 확대 전 고정 노선에 대한 추가 리스크 평가와 펌웨어 서명 키의 정기 교체를 권고합니다.",
            "id": "sample_049_0018_000030",
            "annotations": []
        },
        {
            "sentence": "생년: 1985.",
            "id": "sample_049_0018_000031",
            "annotations": [
                {
                    "word": "1985",
                    "start": 4,
                    "end": 8,
                    "label": "준식별자"
                }
            ]
        },
        {
            "sentence": "월: 07.",
            "id": "sample_049_0018_000032",
            "annotations": [
                {
                    "word": "07",
                    "start": 3,
                    "end": 5,
                    "label": "준식별자"
                }
            ]
        },
        {
            "sentence": "일: 12.",
            "id": "sample_049_0018_000033",
            "annotations": [
                {
                    "word": "12",
                    "start": 3,
                    "end": 5,
                    "label": "준식별자"
                }
            ]
        }
    ]
}