{
    "document_id": "049_0077",
    "document_title": "도심 항공 모빌리티 및 드론 배달 운영 미션 레코드 및 안전분석 보고서",
    "data": [
        {
            "sentence": "본 문서는 드론 배달 및 도심 항공 모빌리티 운영 기록과 안전분석 보고서를 통합한 파일입니다.",
            "id": "sample_049_0077_000001",
            "annotations": []
        },
        {
            "sentence": "문서에는 2025-06-30 기준으로 수집된 미션 메타데이터, 텔레메트리, 정비 로그, 규제 승인 정보가 포함되어 있습니다.",
            "id": "sample_049_0077_000002",
            "annotations": []
        },
        {
            "sentence": "미션 식별자는 mission_id: M-20250630-045이며, 단일 비행 식별자는 flight_id: F-20250630-77로 기록되어 있습니다.",
            "id": "sample_049_0077_000003",
            "annotations": []
        },
        {
            "sentence": "운영자 정보는 operator_id: OP-77 및 담당자 장전으로 등록되어 있으며, 담당자 연락처는 010-1234-5678로 보관됩니다.",
            "id": "sample_049_0077_000004",
            "annotations": [
                {
                    "word": "장전",
                    "start": 33,
                    "end": 35,
                    "label": "개인정보"
                },
                {
                    "word": "010-1234-5678",
                    "start": 57,
                    "end": 70,
                    "label": "개인정보"
                }
            ]
        },
        {
            "sentence": "담당자 이메일은 jangjeon@example.com으로 기록되어 있고, 사번은 사번: 20210345로 관리됩니다.",
            "id": "sample_049_0077_000005",
            "annotations": [
                {
                    "word": "jangjeon@example.com",
                    "start": 9,
                    "end": 29,
                    "label": "개인정보"
                },
                {
                    "word": "사번: 20210345",
                    "start": 45,
                    "end": 57,
                    "label": "개인정보"
                }
            ]
        },
        {
            "sentence": "드론 식별자는 drone_id: DRN-UAM-009이며, 기체 중량과 배터리 특성은 정비 로그에 명시되어 있습니다.",
            "id": "sample_049_0077_000006",
            "annotations": []
        },
        {
            "sentence": "미션 유형은 mission_type: pickup/delivery/medical 혼합으로 분류되었고 본 문서는 배달 미션 사례를 중점 분석합니다.",
            "id": "sample_049_0077_000007",
            "annotations": []
        },
        {
            "sentence": "출발지 좌표는 departure_lat: 37.501234, departure_lon: 127.039567, departure_alt_m: 15로 WGS84 기준 기록되었습니다.",
            "id": "sample_049_0077_000008",
            "annotations": []
        },
        {
            "sentence": "도착지 좌표는 arrival_lat: 37.511111, arrival_lon: 127.028888, arrival_alt_m: 10이며, 배송지 상세 주소는 서울특별시 강남구 테헤란로 12길 34, 502호로 기재되었습니다.",
            "id": "sample_049_0077_000009",
            "annotations": [
                {
                    "word": "서울특별시 강남구 테헤란로 12길 34, 502호",
                    "start": 89,
                    "end": 116,
                    "label": "개인정보"
                }
            ]
        },
        {
            "sentence": "출발 시간은 departure_time_ISO8601: 2025-06-30T08:12:30Z로, 예정 도착시간은 estimated_arrival_time_ISO8601: 2025-06-30T08:28:00Z로 표기되어 있습니다.",
            "id": "sample_049_0077_000010",
            "annotations": []
        },
        {
            "sentence": "실제 도착시간 actual_arrival_time_ISO8601: 2025-06-30T08:29:12Z으로, GPS 고도 보정 및 착륙 지연으로 72초 지연이 발생했습니다.",
            "id": "sample_049_0077_000011",
            "annotations": []
        },
        {
            "sentence": "배터리 시작 SOC는 battery_start_percent: 100%였고, 착륙 후 배터리 잔량 battery_end_percent: 35%로 기록되었습니다.",
            "id": "sample_049_0077_000012",
            "annotations": []
        },
        {
            "sentence": "페이로드 중량 payload_weight_kg: 2.3 kg, 페이로드 유형 payload_type: 소형 의약품(상온)로 표기되어 있습니다.",
            "id": "sample_049_0077_000013",
            "annotations": []
        },
        {
            "sentence": "기상요약 weather_summary: 부분적 맑음, wind_speed_m_s: 5.4 m/s, wind_direction_deg: 210 deg, temperature_c: 21.5°C를 기준으로 자동운항 허용 한계를 확인했습니다.",
            "id": "sample_049_0077_000014",
            "annotations": []
        },
        {
            "sentence": "공역 등급은 airspace_class: C로 표기되었으며, 지정 지오펜스 ID는 geofence_id: GF-77-UAM-02입니다.",
            "id": "sample_049_0077_000015",
            "annotations": []
        },
        {
            "sentence": "해당 비행은 BVLOS 승인 여부 bvlos_authorization_boolean: true로 등록되었으며, 승인 코드 BVLOS-AUTH-4501이 내부 기록에 연결되어 있습니다.",
            "id": "sample_049_0077_000016",
            "annotations": [
                {
                    "word": "BVLOS-AUTH-4501",
                    "start": 68,
                    "end": 83,
                    "label": "기밀정보"
                }
            ]
        },
        {
            "sentence": "위험평가 점수 risk_assessment_score: 3.2(최대5.0)으로 중간위험으로 분류되었고 완충 배터리 마진 및 우회경로가 계획되었습니다.",
            "id": "sample_049_0077_000017",
            "annotations": []
        },
        {
            "sentence": "텔레메트리 샘플링 주파수 telemetry_sample_rate_hz: 10 Hz이며, 저장 포맷은 시간순 인덱스 기반으로 압축 보관됩니다.",
            "id": "sample_049_0077_000018",
            "annotations": []
        },
        {
            "sentence": "예시 텔레메트리 레코드는 timestamp: 2025-06-30T08:12:45Z, lat: 37.501890, lon: 127.039000, alt_m: 48, ground_speed_m_s: 12.3, vertical_speed_m_s: -0.2, battery_pct: 96, signal_strength: -67 dBm 등으로 기록됩니다.",
            "id": "sample_049_0077_000019",
            "annotations": []
        },
        {
            "sentence": "정비 상태 maintenance_status: 가동전점검 완료, 소프트웨어 업데이트 필요(firmware_version: v3.2.1)로 표기되어 있습니다.",
            "id": "sample_049_0077_000020",
            "annotations": []
        },
        {
            "sentence": "펌웨어 서명과 무결성 추적을 위해 firmware_signature_hash: a3f5d2c9b8e7d4f1c3a9b6e2c1f4a7d9e8f3b2a1c6d7e8f9a1b2c3d4e5f6a7b를 로그에 포함했습니다.",
            "id": "sample_049_0077_000021",
            "annotations": [
                {
                    "word": "a3f5d2c9b8e7d4f1c3a9b6e2c1f4a7d9e8f3b2a1c6d7e8f9a1b2c3d4e5f6a7b",
                    "start": 44,
                    "end": 107,
                    "label": "기밀정보"
                }
            ]
        },
        {
            "sentence": "명령 로그에는 서명 필드 cmd_signature: e3b0c44298fc1c149afbf4c8996fb92427ae41e4649b934ca495991b7852b855가 포함되어 있으며 무결성 검증에 사용됩니다.",
            "id": "sample_049_0077_000022",
            "annotations": [
                {
                    "word": "e3b0c44298fc1c149afbf4c8996fb92427ae41e4649b934ca495991b7852b855",
                    "start": 29,
                    "end": 93,
                    "label": "기밀정보"
                }
            ]
        },
        {
            "sentence": "내부 운영 서버 접근 지점은 vpn.uam.internal 및 관리 계정 operator_admin로 제한되어 있어 접근 로그를 보관 중입니다.",
            "id": "sample_049_0077_000023",
            "annotations": [
                {
                    "word": "vpn.uam.internal",
                    "start": 16,
                    "end": 32,
                    "label": "기밀정보"
                },
                {
                    "word": "operator_admin",
                    "start": 41,
                    "end": 55,
                    "label": "기밀정보"
                }
            ]
        },
        {
            "sentence": "네트워크 관리용 내부 IP는 10.8.45.12로 할당되어 있으며 패치 및 접근제어 정책이 적용되어 있습니다.",
            "id": "sample_049_0077_000024",
            "annotations": [
                {
                    "word": "10.8.45.12",
                    "start": 16,
                    "end": 26,
                    "label": "기밀정보"
                }
            ]
        },
        {
            "sentence": "보험 정보 insurance_policy_id: INS-2021-77-889가 연결되어 있고 보험 적용 범위와 면책 조항은 별첨 파일에 기재되어 있습니다.",
            "id": "sample_049_0077_000025",
            "annotations": [
                {
                    "word": "INS-2021-77-889",
                    "start": 27,
                    "end": 42,
                    "label": "기밀정보"
                }
            ]
        },
        {
            "sentence": "사고 및 사건 보고서 incident_report_id: IR-20250630-001은 기체의 프로펠러 결빙 의심에 따른 긴급 착륙 사례로 등록되었습니다.",
            "id": "sample_049_0077_000026",
            "annotations": []
        },
        {
            "sentence": "보고서에는 원인 분석, 시간대별 조치, 책임자 권고안이 포함되어 있으며, 담당 책임자 고윤이 처치 계획을 승인했습니다.",
            "id": "sample_049_0077_000027",
            "annotations": [
                {
                    "word": "고윤",
                    "start": 48,
                    "end": 50,
                    "label": "개인정보"
                }
            ]
        },
        {
            "sentence": "데이터 보존 정책에 따라 텔레메트리와 동영상의 무결성은 해시 및 전자서명으로 보장되며, 영상의 PII는 마스킹 처리 후 보존됩니다.",
            "id": "sample_049_0077_000028",
            "annotations": []
        },
        {
            "sentence": "운영자 인적사항에는 생년월일 1985-07-14 및 성별 남이 등록되어 있어 인구통계 기반 위험분석에 활용됩니다.",
            "id": "sample_049_0077_000029",
            "annotations": [
                {
                    "word": "1985-07-14",
                    "start": 16,
                    "end": 26,
                    "label": "준식별자"
                },
                {
                    "word": "남",
                    "start": 32,
                    "end": 33,
                    "label": "준식별자"
                }
            ]
        },
        {
            "sentence": "운수팀 본사 소재지는 서울특별시 강남구로 표기되어 있으며 지역 기반 규제 준수가 검토됩니다.",
            "id": "sample_049_0077_000030",
            "annotations": [
                {
                    "word": "서울특별시 강남구",
                    "start": 12,
                    "end": 21,
                    "label": "준식별자"
                }
            ]
        }
    ]
}