{
    "document_id": "049_0058",
    "document_title": "도심 항공 모빌리티 임무 운영 및 안전 분석 보고서",
    "data": [
        {
            "sentence": "문서 개요: 본 보고서는 도심 항공 모빌리티 및 드론 배달 운영 중 수집된 임무 기록과 안전 분석 결과를 정리한 기술 문서입니다.",
            "id": "sample_049_0058_000001",
            "annotations": []
        },
        {
            "sentence": "요약: 본 문서는 M-20250105-78 임무(F-ID F-20250105-78-01)와 연관된 로그, 텔레메트리, 정비 이력 및 규제 준수 여부를 포함합니다.",
            "id": "sample_049_0058_000002",
            "annotations": []
        },
        {
            "sentence": "운영자 식별: operator_id OP-55672가 본 임무의 운영 책임자이며 드론 식별자는 DR-AX5-09입니다.",
            "id": "sample_049_0058_000003",
            "annotations": []
        },
        {
            "sentence": "임무 유형: mission_type은 medical(응급의약품 배송)으로 지정되었으며 우선순위와 보안절차가 적용되었습니다.",
            "id": "sample_049_0058_000004",
            "annotations": []
        },
        {
            "sentence": "출발지 좌표: departure_lat 37.498120, departure_lon 127.027450, departure_alt_m 10.0로 기록되었습니다; 도착지 상세 주소는 서울특별시 강남구 테헤란로12길 34-5, 201호입니다.",
            "id": "sample_049_0058_000005",
            "annotations": [
                {
                    "word": "서울특별시 강남구 테헤란로12길 34-5, 201호",
                    "start": 101,
                    "end": 129,
                    "label": "개인정보"
                }
            ]
        },
        {
            "sentence": "시간정보: departure_time_ISO8601 2025-01-05T08:30:00Z, estimated_arrival_time_ISO8601 2025-01-05T08:43:00Z, actual_arrival_time_ISO8601 2025-01-05T08:43:12Z로 타임스탬프가 정합합니다.",
            "id": "sample_049_0058_000006",
            "annotations": []
        },
        {
            "sentence": "배터리 및 페이로드: battery_start_percent 98%, battery_end_percent 24%, payload_weight_kg 1.2 kg, payload_type 응급의약품으로 페이로드가 방전 곡선에 반영되었습니다.",
            "id": "sample_049_0058_000007",
            "annotations": []
        },
        {
            "sentence": "기상 및 환경: weather_summary 맑음, wind_speed_m_s 6.5 m/s, wind_direction_deg 220 deg, temperature_c 4.2°C, 해당 조건은 자동운항 허용 범위 내입니다.",
            "id": "sample_049_0058_000008",
            "annotations": []
        },
        {
            "sentence": "공역 및 승인: airspace_class C, geofence_id GF-2025-77 적용, bvlos_authorization_boolean true로 BVLOS 승인서가 적용된 상태입니다.",
            "id": "sample_049_0058_000009",
            "annotations": []
        },
        {
            "sentence": "위험평가 및 샘플링: risk_assessment_score 3.6(위험중간), telemetry_sample_rate_hz 1로 텔레메트리 수집이 설정되었습니다.",
            "id": "sample_049_0058_000010",
            "annotations": []
        },
        {
            "sentence": "텔레메트리 샘플(요약): [{timestamp:2025-01-05T08:30:00Z,lat:37.498120,lon:127.027450,alt_m:10.0,ground_speed_m_s:0.0,vertical_speed_m_s:0.0,battery_pct:98,signal_strength:100},{timestamp:2025-01-05T08:35:00Z,lat:37.529000,lon:127.010000,alt_m:65.0,ground_speed_m_s:10.5,vertical_speed_m_s:1.2,battery_pct:68,signal_strength:95},{timestamp:2025-01-05T08:40:00Z,lat:37.555000,lon:126.990000,alt_m:60.0,ground_speed_m_s:11.0,vertical_speed_m_s:-0.5,battery_pct:34,signal_strength:92},{timestamp:2025-01-05T08:43:12Z,lat:37.560100,lon:126.977120,alt_m:5.0,ground_speed_m_s:3.2,vertical_speed_m_s:-2.5,battery_pct:24,signal_strength:88}].",
            "id": "sample_049_0058_000011",
            "annotations": []
        },
        {
            "sentence": "정비 및 펌웨어: maintenance_status 정상, firmware_version v3.14.7, 펌웨어 서명 해시 sha256:ab12cdef3456f7890a1b2c3d4e5f67890abcdef1234567890abcdef1234567890이 기록되었습니다.",
            "id": "sample_049_0058_000012",
            "annotations": [
                {
                    "word": "sha256:ab12cdef3456f7890a1b2c3d4e5f67890abcdef1234567890abcdef1234567890",
                    "start": 69,
                    "end": 141,
                    "label": "기밀정보"
                }
            ]
        },
        {
            "sentence": "사고보고 식별: incident_report_id IR-20250105-03이 생성되었으며 사건의 경중과 타임라인은 본문 후술입니다.",
            "id": "sample_049_0058_000013",
            "annotations": []
        },
        {
            "sentence": "영상 무결성: video_recording_hash sha256:cd34efab5678901234abcd5678ef901234abcd567890abcdef1234567890abcd가 로그와 함께 저장되었습니다.",
            "id": "sample_049_0058_000014",
            "annotations": [
                {
                    "word": "sha256:cd34efab5678901234abcd5678ef901234abcd567890abcdef1234567890abcd",
                    "start": 29,
                    "end": 100,
                    "label": "기밀정보"
                }
            ]
        },
        {
            "sentence": "보험정보: insurance_policy_id POL-2025-00987이 적용되어 있으며 보험 적용 범위와 보상 절차는 별첨 문서로 관리됩니다.",
            "id": "sample_049_0058_000015",
            "annotations": [
                {
                    "word": "POL-2025-00987",
                    "start": 26,
                    "end": 40,
                    "label": "기밀정보"
                }
            ]
        },
        {
            "sentence": "운영 담당자 연락처: 운영매니저 유혜온 연락처 010-1234-5678, 이메일 yho@example.com으로 비상 연락망에 등록되어 있습니다.",
            "id": "sample_049_0058_000016",
            "annotations": [
                {
                    "word": "010-1234-5678",
                    "start": 26,
                    "end": 39,
                    "label": "개인정보"
                },
                {
                    "word": "yho@example.com",
                    "start": 45,
                    "end": 60,
                    "label": "개인정보"
                },
                {
                    "word": "유혜온",
                    "start": 18,
                    "end": 21,
                    "label": "개인정보"
                }
            ]
        },
        {
            "sentence": "파일럿 정보: 조희민(사번 20234567), 성별 남성, 생년월일 1988-06-15(년:1988,월:06,일:15)로 자격증 및 교육 이력이 확인되었습니다.",
            "id": "sample_049_0058_000017",
            "annotations": [
                {
                    "word": "조희민",
                    "start": 8,
                    "end": 11,
                    "label": "개인정보"
                },
                {
                    "word": "20234567",
                    "start": 15,
                    "end": 23,
                    "label": "개인정보"
                },
                {
                    "word": "1988",
                    "start": 38,
                    "end": 42,
                    "label": "준식별자"
                },
                {
                    "word": "1988",
                    "start": 51,
                    "end": 55,
                    "label": "준식별자"
                },
                {
                    "word": "06",
                    "start": 43,
                    "end": 45,
                    "label": "준식별자"
                },
                {
                    "word": "06",
                    "start": 58,
                    "end": 60,
                    "label": "준식별자"
                },
                {
                    "word": "15",
                    "start": 46,
                    "end": 48,
                    "label": "준식별자"
                },
                {
                    "word": "15",
                    "start": 63,
                    "end": 65,
                    "label": "준식별자"
                },
                {
                    "word": "남성",
                    "start": 29,
                    "end": 31,
                    "label": "준식별자"
                }
            ]
        },
        {
            "sentence": "운영본부 소재지: 본사 주소는 서울특별시 강남구이며 지역 기반 인프라와 연계된 착륙패드가 등록되어 있습니다.",
            "id": "sample_049_0058_000018",
            "annotations": [
                {
                    "word": "서울특별시 강남구",
                    "start": 17,
                    "end": 26,
                    "label": "준식별자"
                }
            ]
        },
        {
            "sentence": "BVLOS 승인 담당자는 안인석으로 내부 결재에 이름이 등재되어 있으며 승인이력은 감사 로그로 보존됩니다.",
            "id": "sample_049_0058_000019",
            "annotations": [
                {
                    "word": "안인석",
                    "start": 14,
                    "end": 17,
                    "label": "개인정보"
                },
                {
                    "word": "안인석",
                    "start": 14,
                    "end": 17,
                    "label": "기밀정보"
                }
            ]
        },
        {
            "sentence": "시스템·통신 정보: UTM 접속 서버 IP 172.16.254.1, 포트 443으로 설정되어 있으며 연결 상태 및 라우팅 테이블이 백업되었습니다.",
            "id": "sample_049_0058_000020",
            "annotations": [
                {
                    "word": "172.16.254.1",
                    "start": 24,
                    "end": 36,
                    "label": "기밀정보"
                }
            ]
        },
        {
            "sentence": "네트워크 인프라: 내부 VPN 주소 vpn.corp.internal를 통해 제어망이 분리되었으며 접근 제어 정책이 적용됩니다.",
            "id": "sample_049_0058_000021",
            "annotations": [
                {
                    "word": "vpn.corp.internal",
                    "start": 20,
                    "end": 37,
                    "label": "기밀정보"
                }
            ]
        },
        {
            "sentence": "보안 키 정보: 통신 암호화에 사용된 key_fingerprint AB:CD:EF:12:34:56:78:90가 장치 등록 및 무결성 검증에 사용됩니다.",
            "id": "sample_049_0058_000022",
            "annotations": []
        },
        {
            "sentence": "정비 로그 요약: 마지막 점검자는 정우솔이며 항목은 배터리 교체(부품번호 BAT-1865), 모터 점검, 프로펠러 균형조정으로 기록되었습니다.",
            "id": "sample_049_0058_000023",
            "annotations": [
                {
                    "word": "정우솔",
                    "start": 19,
                    "end": 22,
                    "label": "개인정보"
                }
            ]
        },
        {
            "sentence": "사건 개요: 임무 중 2025-01-05T08:39:18Z에 GPS 글리치가 발생하여 자동 페일세이프가 작동하였고 조희민이 수동으로 관제 회복을 수행하여 안전 착륙을 완료했습니다.",
            "id": "sample_049_0058_000024",
            "annotations": [
                {
                    "word": "조희민",
                    "start": 64,
                    "end": 67,
                    "label": "개인정보"
                }
            ]
        },
        {
            "sentence": "조치 및 시정: 글리치 원인은 GNSS 신호 다중경로로 추정되며 소프트웨어 필터 개선과 지상 안테나 교체를 권고합니다; 조치 타임라인과 담당자는 본문 참조.",
            "id": "sample_049_0058_000025",
            "annotations": []
        },
        {
            "sentence": "보존정책: 텔레메트리 원본 및 인증 해시, 동영상은 규정에 따라 5년 이상 보존되며 접근 로그는 별도 암호화 저장소에 보관됩니다.",
            "id": "sample_049_0058_000026",
            "annotations": []
        },
        {
            "sentence": "감사 및 전자서명: 감사 로그는 전자서명 sig:deadbeefcafebabe1234567890abcdef로 무결성이 검증되며 서명 타임스탬프가 포함됩니다.",
            "id": "sample_049_0058_000027",
            "annotations": [
                {
                    "word": "sig:deadbeefcafebabe1234567890abcdef",
                    "start": 23,
                    "end": 59,
                    "label": "기밀정보"
                }
            ]
        },
        {
            "sentence": "결론 및 후속조치: 다음 정비 예정일은 2025-04-05이며 운영매니저 유혜온이 실행 책임자입니다; 관련 규정과 절차를 재확인합니다.",
            "id": "sample_049_0058_000028",
            "annotations": [
                {
                    "word": "유혜온",
                    "start": 41,
                    "end": 44,
                    "label": "개인정보"
                }
            ]
        }
    ]
}