{
    "document_id": "049_0086",
    "document_title": "도심 항공 모빌리티 배송 미션 기록 및 안전 분석 보고서",
    "data": [
        {
            "sentence": "본 문서는 도심 항공 모빌리티 배송 미션의 기록과 안전 분석을 목적으로 작성되었습니다.",
            "id": "sample_049_0086_000001",
            "annotations": []
        },
        {
            "sentence": "문서에 포함된 메타데이터는 mission_id, flight_id, operator_id, drone_id, 페이로드, 텔레메트리 및 안전 보고서를 망라합니다.",
            "id": "sample_049_0086_000002",
            "annotations": []
        },
        {
            "sentence": "mission_id는 M20240115-0092로 지정되어 있으며 flight_id는 F-20240115-09입니다.",
            "id": "sample_049_0086_000003",
            "annotations": []
        },
        {
            "sentence": "operator_id는 OP-2024-037로 내부 운영 추적용 고유 식별자이며 접근 통제 로그와 연동되어 있습니다.",
            "id": "sample_049_0086_000004",
            "annotations": [
                {
                    "word": "OP-2024-037",
                    "start": 13,
                    "end": 24,
                    "label": "기밀정보"
                }
            ]
        },
        {
            "sentence": "drone_id는 DRN-HAWK-09로 플랫폼 내 자산 식별용으로 기록되어 있으며 정비·펌웨어 이력과 연결됩니다.",
            "id": "sample_049_0086_000005",
            "annotations": [
                {
                    "word": "DRN-HAWK-09",
                    "start": 10,
                    "end": 21,
                    "label": "기밀정보"
                }
            ]
        },
        {
            "sentence": "담당자(운영팀): 안강빈이 본 미션의 계획 승인과 최종 검수를 담당하였습니다.",
            "id": "sample_049_0086_000006",
            "annotations": [
                {
                    "word": "안강빈",
                    "start": 10,
                    "end": 13,
                    "label": "개인정보"
                }
            ]
        },
        {
            "sentence": "원격조종사(원격 조종 담당자): 양나령이 BVLOS 절차를 이행하며 비행을 감독했습니다.",
            "id": "sample_049_0086_000007",
            "annotations": [
                {
                    "word": "양나령",
                    "start": 18,
                    "end": 21,
                    "label": "개인정보"
                }
            ]
        },
        {
            "sentence": "착륙 패드 위치는 서울특별시 마포구 상암동 162-4 3층으로 지정되어 있으며 접근 제어 및 지오펜스 규정이 적용됩니다.",
            "id": "sample_049_0086_000008",
            "annotations": [
                {
                    "word": "서울특별시 마포구 상암동 162-4 3층",
                    "start": 10,
                    "end": 32,
                    "label": "개인정보"
                }
            ]
        },
        {
            "sentence": "수취인 주소(도착지): 서울특별시 강남구 테헤란로 123, 5층 502호로 페이로드 인계가 예정되었습니다.",
            "id": "sample_049_0086_000009",
            "annotations": [
                {
                    "word": "서울특별시 강남구 테헤란로 123, 5층 502호",
                    "start": 13,
                    "end": 40,
                    "label": "개인정보"
                }
            ]
        },
        {
            "sentence": "수취인 연락처: 010-1234-5678로 인수 시 통신 확인 절차가 수립되어 있습니다.",
            "id": "sample_049_0086_000010",
            "annotations": [
                {
                    "word": "010-1234-5678",
                    "start": 9,
                    "end": 22,
                    "label": "개인정보"
                }
            ]
        },
        {
            "sentence": "수취인 이메일: ybpark@example.com로 배송 완료 통보 및 전자서명 전송이 예약되어 있습니다.",
            "id": "sample_049_0086_000011",
            "annotations": [
                {
                    "word": "ybpark@example.com",
                    "start": 9,
                    "end": 27,
                    "label": "개인정보"
                }
            ]
        },
        {
            "sentence": "원격조종사 생년월일: 1987-03-05로 기록되어 조종사 자격 검증에 사용되었습니다.",
            "id": "sample_049_0086_000012",
            "annotations": [
                {
                    "word": "1987-03-05",
                    "start": 12,
                    "end": 22,
                    "label": "준식별자"
                }
            ]
        },
        {
            "sentence": "미션 유형은 delivery이며 페이로드는 medical 샘플(무게 2.4 kg)로 취급 제한 및 온도 관리 지침이 적용됩니다.",
            "id": "sample_049_0086_000013",
            "annotations": []
        },
        {
            "sentence": "출발 지점 좌표는 37.495200,127.037800이며 출발 고도는 5 m로 설정되어 지상 이륙 준비가 완료되었습니다.",
            "id": "sample_049_0086_000014",
            "annotations": []
        },
        {
            "sentence": "도착 지점 좌표는 37.503500,127.050000이며 도착 고도는 10 m로 착륙 허브의 UTM 승인 좌표와 일치합니다.",
            "id": "sample_049_0086_000015",
            "annotations": []
        },
        {
            "sentence": "출발 시간(ISO8601): 2024-01-15T08:14:00Z, 예정 도착: 2024-01-15T08:17:30Z, 실제 도착: 2024-01-15T08:17:45Z로 기록되었습니다.",
            "id": "sample_049_0086_000016",
            "annotations": []
        },
        {
            "sentence": "배터리 시작 SOC는 100%였으며 운항 후 도착 시 SOC는 68%로 예비 마진 기준을 충족했습니다.",
            "id": "sample_049_0086_000017",
            "annotations": []
        },
        {
            "sentence": "기상 요약: 맑음, 온도 3°C, 평균 풍속 5.6 m/s, 풍향 210°로 자동 운영 허용 임계값 내였습니다.",
            "id": "sample_049_0086_000018",
            "annotations": []
        },
        {
            "sentence": "공역 등급은 Class D이며 해당 시간대 NOTAM과 지오펜스 규칙을 모두 확인하고 운영했습니다.",
            "id": "sample_049_0086_000019",
            "annotations": []
        },
        {
            "sentence": "geofence_id는 GF-2024-MP01로 해당 구역 진입·이탈 이벤트는 자동 로깅 및 UTM 통신에 의해 동기화됩니다.",
            "id": "sample_049_0086_000020",
            "annotations": []
        },
        {
            "sentence": "BVLOS 승인 여부: true이며 승인 문서 식별번호는 BVLOS-APP-2024-11로 내부 보관 중입니다.",
            "id": "sample_049_0086_000021",
            "annotations": [
                {
                    "word": "BVLOS-APP-2024-11",
                    "start": 32,
                    "end": 49,
                    "label": "기밀정보"
                }
            ]
        },
        {
            "sentence": "운항 리스크 평가 점수는 4.2/10으로 중간 수준이며 저고도 인구밀집 회피 및 이탈 프로파일이 적용되었습니다.",
            "id": "sample_049_0086_000022",
            "annotations": []
        },
        {
            "sentence": "텔레메트리 샘플링 주파수는 1 Hz로 설정되었으며 샘플은 아래 포맷으로 수집되었습니다.",
            "id": "sample_049_0086_000023",
            "annotations": []
        },
        {
            "sentence": "telemetry:[{timestamp:2024-01-15T08:14:05Z,lat:37.495560,lon:127.038200,alt_m:30,ground_speed_m_s:10.5,vertical_speed_m_s:0.5,battery_pct:98,signal_strength:-67},{timestamp:2024-01-15T08:14:06Z,lat:37.496800,lon:127.040500,alt_m:90,ground_speed_m_s:12.3,vertical_speed_m_s:1.0,battery_pct:95,signal_strength:-65},{timestamp:2024-01-15T08:14:07Z,lat:37.498400,lon:127.043200,alt_m:110,ground_speed_m_s:12.7,vertical_speed_m_s:0.8,battery_pct:92,signal_strength:-64}]",
            "id": "sample_049_0086_000024",
            "annotations": []
        },
        {
            "sentence": "정비 상태는 '활동 전점검 완료(Pre-flight OK)'로 기록되었으며 최근 배터리 사이클은 312회입니다.",
            "id": "sample_049_0086_000025",
            "annotations": []
        },
        {
            "sentence": "펌웨어 버전은 v3.2.1이며 무결성 추적을 위한 해시값(firmware_hash)은 ab12cd34ef56로 기록되어 있습니다.",
            "id": "sample_049_0086_000026",
            "annotations": [
                {
                    "word": "ab12cd34ef56",
                    "start": 48,
                    "end": 60,
                    "label": "기밀정보"
                }
            ]
        },
        {
            "sentence": "사고·이벤트 보고서 아이디는 IR-20240115-01이며 해당 보고서에는 원인, 조치, 타임라인이 상세 기재되어 있습니다.",
            "id": "sample_049_0086_000027",
            "annotations": []
        },
        {
            "sentence": "영상 녹화 무결성 해시(video_recording_hash)는 sha256:9f86d081884c7d659a2feaa0c55ad015a3bf4f1b2b0b822cd15d6c15b0f00a08로 보존되었습니다.",
            "id": "sample_049_0086_000028",
            "annotations": [
                {
                    "word": "sha256:9f86d081884c7d659a2feaa0c55ad015a3bf4f1b2b0b822cd15d6c15b0f00a08",
                    "start": 36,
                    "end": 107,
                    "label": "기밀정보"
                }
            ]
        },
        {
            "sentence": "보험 증권 식별자(insurance_policy_id)는 INS-POL-77-2024로 손상·보상 처리 로그와 연계 보관됩니다.",
            "id": "sample_049_0086_000029",
            "annotations": [
                {
                    "word": "INS-POL-77-2024",
                    "start": 32,
                    "end": 47,
                    "label": "기밀정보"
                }
            ]
        },
        {
            "sentence": "운영 서버 접속 로그 및 UTM 연동을 위한 내부 IP는 10.8.4.12로 감사 대상에 포함되어 있습니다.",
            "id": "sample_049_0086_000030",
            "annotations": [
                {
                    "word": "10.8.4.12",
                    "start": 32,
                    "end": 41,
                    "label": "기밀정보"
                }
            ]
        },
        {
            "sentence": "결론 및 조치: 도출된 리스크 항목은 운영 절차 업데이트, 지오펜스 재검토, 배터리 열화 모니터링 강화로 대응하기로 결정했습니다.",
            "id": "sample_049_0086_000031",
            "annotations": []
        }
    ]
}