{
    "document_id": "056_0079",
    "document_title": "2024년 상반기 지정기금 및 그랜트 집행·모니터링 보고서",
    "data": [
        {
            "sentence": "본 문서는 2024년 상반기 동안 집행된 지정기금과 그랜트의 설계·집행·모니터링 결과를 요약한 내부 보고서입니다.",
            "id": "sample_056_0079_000001",
            "annotations": []
        },
        {
            "sentence": "주요 기부자는 식별자 DONOR-0001로 등록되어 있으며 기부자명(가명)은 남성수로 표기되어 있습니다.",
            "id": "sample_056_0079_000002",
            "annotations": [
                {
                    "word": "DONOR-0001",
                    "start": 12,
                    "end": 22,
                    "label": "개인정보"
                },
                {
                    "word": "남성수",
                    "start": 43,
                    "end": 46,
                    "label": "개인정보"
                }
            ]
        },
        {
            "sentence": "해당 기부는 약정형(pledge)으로 USD 100,000를 약정하였고 환산 정보는 문서 하단 재무표에 보존합니다.",
            "id": "sample_056_0079_000003",
            "annotations": []
        },
        {
            "sentence": "기부일은 2024-03-15로 기록되어 있으며 환산시점 환율(USD/KRW 1350.25, 환산시점 2024-03-15)을 함께 저장합니다.",
            "id": "sample_056_0079_000004",
            "annotations": [
                {
                    "word": "2024-03-15",
                    "start": 5,
                    "end": 15,
                    "label": "준식별자"
                },
                {
                    "word": "2024-03-15",
                    "start": 56,
                    "end": 66,
                    "label": "준식별자"
                }
            ]
        },
        {
            "sentence": "대상 그랜트 식별번호는 GRANT-2024-045로 내부 분류되며 지원사업명은 '지역교육지원 프로그램'입니다.",
            "id": "sample_056_0079_000005",
            "annotations": [
                {
                    "word": "GRANT-2024-045",
                    "start": 13,
                    "end": 27,
                    "label": "기밀정보"
                }
            ]
        },
        {
            "sentence": "신청기관은 희망상생재단이며 신청담당자(가명)는 곽예안으로 신청자 연락 및 내부검증 이력에 연결되어 있습니다.",
            "id": "sample_056_0079_000006",
            "annotations": [
                {
                    "word": "곽예안",
                    "start": 26,
                    "end": 29,
                    "label": "개인정보"
                }
            ]
        },
        {
            "sentence": "프로젝트 시작일은 2024-04-01이며 종료예정일은 2025-03-31로 M&E 스케줄에 따라 베이스라인·중간·종결 측정이 계획되어 있습니다.",
            "id": "sample_056_0079_000007",
            "annotations": [
                {
                    "word": "2024-04-01",
                    "start": 10,
                    "end": 20,
                    "label": "준식별자"
                },
                {
                    "word": "2025-03-31",
                    "start": 30,
                    "end": 40,
                    "label": "준식별자"
                }
            ]
        },
        {
            "sentence": "예산 항목(budget_line_items)은 인건비 KRW 30,000,000, 운영비 KRW 20,000,000, 물품비 KRW 10,000,000 등으로 상세 분류되어 있습니다.",
            "id": "sample_056_0079_000008",
            "annotations": []
        },
        {
            "sentence": "본 그랜트는 지정기금(restricted_flag: true)으로 사용 목적 제약(restriction_description)은 '초중등 교육지원 전용'으로 태깅됩니다.",
            "id": "sample_056_0079_000009",
            "annotations": []
        },
        {
            "sentence": "지급 스케줄(payment_schedule)은 1차 30%, 2차 40%, 3차 30% 구조이며 1차 지급 예정일은 2024-05-15입니다.",
            "id": "sample_056_0079_000010",
            "annotations": [
                {
                    "word": "2024-05-15",
                    "start": 65,
                    "end": 75,
                    "label": "준식별자"
                }
            ]
        },
        {
            "sentence": "지급 이력(disbursement_records)은 송장 참조 INV-2024-558와 연계되어 회계 시스템에 등록되었습니다.",
            "id": "sample_056_0079_000011",
            "annotations": [
                {
                    "word": "INV-2024-558",
                    "start": 35,
                    "end": 47,
                    "label": "기밀정보"
                }
            ]
        },
        {
            "sentence": "주요 비용 카테고리(expense_category)는 교육교재, 강사비, 운영관리비로 분류되며 영수증·세금계산서와 매칭됩니다.",
            "id": "sample_056_0079_000012",
            "annotations": []
        },
        {
            "sentence": "마일스톤은 1차(개발완료, 상태: 완료), 2차(시범운영, 상태: 예정), 3차(확산, 상태: 예정)로 정의되어 있습니다.",
            "id": "sample_056_0079_000013",
            "annotations": []
        },
        {
            "sentence": "모니터링 보고서에서는 베이스라인 측정일 2024-04-10, 중간평가 2024-10-10, 종료평가 2025-03-20의 결과가 비교 제시됩니다.",
            "id": "sample_056_0079_000014",
            "annotations": [
                {
                    "word": "2024-04-10",
                    "start": 22,
                    "end": 32,
                    "label": "준식별자"
                },
                {
                    "word": "2024-10-10",
                    "start": 39,
                    "end": 49,
                    "label": "준식별자"
                },
                {
                    "word": "2025-03-20",
                    "start": 56,
                    "end": 66,
                    "label": "준식별자"
                }
            ]
        },
        {
            "sentence": "임팩트 메트릭(impact_metrics)은 측정방법, 도구, 샘플사이즈와 함께 제공되며 KPI 예시는 '수혜자수: 1,200명'입니다.",
            "id": "sample_056_0079_000015",
            "annotations": []
        },
        {
            "sentence": "수혜자 식별자는 BEN-1001로 시스템에 등록되어 있으며 서면동의(beneficiary_consent)는 수집·보관되었습니다.",
            "id": "sample_056_0079_000016",
            "annotations": [
                {
                    "word": "BEN-1001",
                    "start": 9,
                    "end": 17,
                    "label": "개인정보"
                }
            ]
        },
        {
            "sentence": "수혜자 담당자(가명)는 이세윤으로 프로젝트 연락창구에 지정되어 관련 문서와 연동됩니다.",
            "id": "sample_056_0079_000017",
            "annotations": [
                {
                    "word": "이세윤",
                    "start": 13,
                    "end": 16,
                    "label": "개인정보"
                }
            ]
        },
        {
            "sentence": "준수문서(compliance_documents)는 MOU, 계약서, 감사보고서 등이며 MOU 문서번호는 MOU-2024-33, 감사보고서는 AUD-2024-12로 메타데이터를 보관합니다.",
            "id": "sample_056_0079_000018",
            "annotations": [
                {
                    "word": "MOU-2024-33",
                    "start": 58,
                    "end": 69,
                    "label": "기밀정보"
                },
                {
                    "word": "AUD-2024-12",
                    "start": 78,
                    "end": 89,
                    "label": "기밀정보"
                }
            ]
        },
        {
            "sentence": "세무 증빙으로 발행된 영수증 번호는 TR-2024-000123이며 캠페인 식별자는 CMP-2024-07로 회계·세무 이력에 연결됩니다.",
            "id": "sample_056_0079_000019",
            "annotations": [
                {
                    "word": "TR-2024-000123",
                    "start": 20,
                    "end": 34,
                    "label": "기밀정보"
                }
            ]
        },
        {
            "sentence": "자금세탁방지(AML/KYC) 문서 식별번호 KYC-2024-89는 검증 완료 후 규정에 따라 별도 보관됩니다.",
            "id": "sample_056_0079_000020",
            "annotations": [
                {
                    "word": "KYC-2024-89",
                    "start": 24,
                    "end": 35,
                    "label": "기밀정보"
                }
            ]
        },
        {
            "sentence": "지급을 위한 은행정보는 마스킹 저장되며 계좌번호 예시로는 '계좌번호: ****6789' 형태가 사용됩니다.",
            "id": "sample_056_0079_000021",
            "annotations": [
                {
                    "word": "계좌번호: ****6789",
                    "start": 33,
                    "end": 47,
                    "label": "기밀정보"
                }
            ]
        },
        {
            "sentence": "감사 추적(audit_trail)은 불변 타임스탬프 기반으로 저장되며 예시 항목은 {entry_timestamp: 2024-03-16T09:12:00Z, user_id: 방용찬, action: 승인}입니다.",
            "id": "sample_056_0079_000022",
            "annotations": [
                {
                    "word": "2024-03-16T09:12:00Z",
                    "start": 64,
                    "end": 84,
                    "label": "준식별자"
                },
                {
                    "word": "방용찬",
                    "start": 95,
                    "end": 98,
                    "label": "개인정보"
                }
            ]
        },
        {
            "sentence": "버전 히스토리는 타임스탬프와 사용자로 관리되며 마지막 수정 예시는 2024-03-15T08:00:00Z에 권재훈이 업데이트한 기록입니다.",
            "id": "sample_056_0079_000023",
            "annotations": [
                {
                    "word": "2024-03-15T08:00:00Z",
                    "start": 37,
                    "end": 57,
                    "label": "준식별자"
                },
                {
                    "word": "권재훈",
                    "start": 59,
                    "end": 62,
                    "label": "개인정보"
                }
            ]
        },
        {
            "sentence": "환율 정보(currency_exchange_rate)는 원본 통화와 표기 통화, 환산시점이 보존되며 원본 예시는 USD/KRW 1350.25 (시점 2024-03-15)입니다.",
            "id": "sample_056_0079_000024",
            "annotations": []
        },
        {
            "sentence": "재무 정합성 검증 결과 배분 총합은 원천 기금 총액을 초과하지 않으며 복식부기 정책에 따라 차변·대변이 균형을 이룹니다.",
            "id": "sample_056_0079_000025",
            "annotations": []
        },
        {
            "sentence": "보고 주기와 포맷은 기부자 계약과 규제 요건에 따라 월간·분기·연간으로 자동 변환 규칙을 적용합니다.",
            "id": "sample_056_0079_000026",
            "annotations": []
        },
        {
            "sentence": "데이터 최소수집 원칙에 따라 개인식별정보는 가명처리 후 암호화 저장되며 이메일·전화번호는 본 보고서에 포함하지 않았습니다.",
            "id": "sample_056_0079_000027",
            "annotations": []
        },
        {
            "sentence": "프로젝트 수행지역은 서울특별시 내 3개 권역으로 설정되어 있으며 지역 레벨 분석을 위한 지리 태그를 사용합니다.",
            "id": "sample_056_0079_000028",
            "annotations": [
                {
                    "word": "서울특별시",
                    "start": 11,
                    "end": 16,
                    "label": "준식별자"
                }
            ]
        },
        {
            "sentence": "신청자 내부식별자 예시로 APP-556가 시스템에 존재하며 신청담당자 곽예안과 매핑되어 내부 감사에 사용됩니다.",
            "id": "sample_056_0079_000029",
            "annotations": [
                {
                    "word": "APP-556",
                    "start": 14,
                    "end": 21,
                    "label": "개인정보"
                }
            ]
        },
        {
            "sentence": "승인 체계의 최종 결재자는 안이정이며 결재 이력은 불변 감사로그로 저장됩니다.",
            "id": "sample_056_0079_000030",
            "annotations": [
                {
                    "word": "안이정",
                    "start": 15,
                    "end": 18,
                    "label": "개인정보"
                }
            ]
        },
        {
            "sentence": "문서 종결 및 후속 조치로는 종결보고서 제출과 내부 아카이빙이 있으며 서명(가명)으로 민무영이 검토자를 지정했습니다.",
            "id": "sample_056_0079_000031",
            "annotations": [
                {
                    "word": "민무영",
                    "start": 48,
                    "end": 51,
                    "label": "개인정보"
                }
            ]
        }
    ]
}