{
    "document_id": "056_0031",
    "document_title": "2025년 지정기금 배분 및 모니터링 보고서",
    "data": [
        {
            "sentence": "본 문서는 2025년 지정기금 배분 및 모니터링 보고서의 요약본으로서 기관 내부 검토용으로 생성되었습니다.",
            "id": "sample_056_0031_000001",
            "annotations": []
        },
        {
            "sentence": "기부자 프로파일: donor_id=PROXY-0001, donor_name=윤성근, donor_type=개인으로 분류되어 가명화 처리되었습니다.",
            "id": "sample_056_0031_000002",
            "annotations": [
                {
                    "word": "윤성근",
                    "start": 42,
                    "end": 45,
                    "label": "개인정보"
                }
            ]
        },
        {
            "sentence": "해당 기부의 원천 금액은 KRW 150,000,000이며 통화코드(KRW)와 원본 금액이 보존되어 있습니다.",
            "id": "sample_056_0031_000003",
            "annotations": [
                {
                    "word": "KRW 150,000,000",
                    "start": 14,
                    "end": 29,
                    "label": "기밀정보"
                }
            ]
        },
        {
            "sentence": "기부일(donation_date)은 2024-11-15로 기록되었으며 날짜는 추적을 위해 년-월-일 단위로 저장됩니다.",
            "id": "sample_056_0031_000004",
            "annotations": [
                {
                    "word": "2024-11-15",
                    "start": 20,
                    "end": 30,
                    "label": "준식별자"
                }
            ]
        },
        {
            "sentence": "기부유형은 일시 기부(one-time)로 표시되고 약정정보와 연속기부 여부는 별도 필드에 명시됩니다.",
            "id": "sample_056_0031_000005",
            "annotations": []
        },
        {
            "sentence": "추가 기부로 기업 스폰서로부터 USD 50,000가 수령되었고 원본 통화와 환율(USD→KRW 환율 1,250, 환산일 2024-11-16)을 함께 기록했습니다.",
            "id": "sample_056_0031_000006",
            "annotations": [
                {
                    "word": "2024-11-16",
                    "start": 67,
                    "end": 77,
                    "label": "준식별자"
                },
                {
                    "word": "USD 50,000",
                    "start": 17,
                    "end": 27,
                    "label": "기밀정보"
                }
            ]
        },
        {
            "sentence": "지정기금(restricted_flag=true)과 비지정기금 구분이 명확히 태깅되어 있으며, 본 항목은 지정목적 '아동교육 지원'으로 설정되었습니다.",
            "id": "sample_056_0031_000007",
            "annotations": []
        },
        {
            "sentence": "신청기관(applicant_org)은 사회복지연구소로 표기되며 신청자 연락처는 가명화되어 applicant_contact=손담로 기록되었습니다.",
            "id": "sample_056_0031_000008",
            "annotations": [
                {
                    "word": "손담",
                    "start": 68,
                    "end": 70,
                    "label": "개인정보"
                }
            ]
        },
        {
            "sentence": "프로젝트 일정은 project_start_date=2025-01-01, project_end_date=2025-12-31로 설정되어 있으며 일정 검증 규칙이 적용됩니다.",
            "id": "sample_056_0031_000009",
            "annotations": [
                {
                    "word": "2025-01-01",
                    "start": 28,
                    "end": 38,
                    "label": "준식별자"
                },
                {
                    "word": "2025-12-31",
                    "start": 57,
                    "end": 67,
                    "label": "준식별자"
                }
            ]
        },
        {
            "sentence": "예산 명세서는 budget_line_items 항목에 세부적으로 분류되며 총합은 원천 기금 총액을 초과하지 않도록 배분 검증을 통과했습니다.",
            "id": "sample_056_0031_000010",
            "annotations": []
        },
        {
            "sentence": "지급 스케줄(payment_schedule)은 3회 분할로 설계되었고 첫 회차는 KRW 60,000,000, 두 번째는 KRW 40,000,000, 세 번째는 KRW 20,000,000으로 고정되어 있습니다.",
            "id": "sample_056_0031_000011",
            "annotations": [
                {
                    "word": "KRW 60,000,000",
                    "start": 45,
                    "end": 59,
                    "label": "기밀정보"
                },
                {
                    "word": "KRW 40,000,000",
                    "start": 67,
                    "end": 81,
                    "label": "기밀정보"
                },
                {
                    "word": "KRW 20,000,000",
                    "start": 89,
                    "end": 103,
                    "label": "기밀정보"
                }
            ]
        },
        {
            "sentence": "총 집행 합계 KRW 120,000,000이며 남은 fund_balance는 KRW 30,000,000으로 계산되어 회계정책과 일치합니다.",
            "id": "sample_056_0031_000012",
            "annotations": [
                {
                    "word": "KRW 120,000,000",
                    "start": 8,
                    "end": 23,
                    "label": "기밀정보"
                },
                {
                    "word": "KRW 30,000,000",
                    "start": 43,
                    "end": 57,
                    "label": "기밀정보"
                }
            ]
        },
        {
            "sentence": "지급내역(disbursement_records)에는 각 지급에 대한 invoice_reference 및 expense_category가 포함되어 있으며 세부 내역은 비공개로 기밀 취급됩니다.",
            "id": "sample_056_0031_000013",
            "annotations": []
        },
        {
            "sentence": "세금영수증 번호(tax_receipt_number)는 TR-2025-0001로 발행되었으며 발행일과 발행기관 메타데이터를 함께 보존합니다.",
            "id": "sample_056_0031_000014",
            "annotations": [
                {
                    "word": "TR-2025-0001",
                    "start": 30,
                    "end": 42,
                    "label": "기밀정보"
                }
            ]
        },
        {
            "sentence": "AML/KYC 검토는 대규모 기부 건에 대해 수행되었고 관련 문서(compliance_documents)에 증빙 메타데이터가 첨부되어 있습니다.",
            "id": "sample_056_0031_000015",
            "annotations": []
        },
        {
            "sentence": "MOU 및 Grant Agreement의 메타데이터에는 발행일, 발행자, 식별번호가 포함되어 버전관리와 법적 증빙 기준을 충족합니다.",
            "id": "sample_056_0031_000016",
            "annotations": []
        },
        {
            "sentence": "모니터링 보고서(monitoring_report)는 베이스라인 측정일 2024-12-01, 중간평가 2025-06-30, 종료평가 2025-12-31의 시점별 데이터로 구성되어 있습니다.",
            "id": "sample_056_0031_000017",
            "annotations": [
                {
                    "word": "2024-12-01",
                    "start": 39,
                    "end": 49,
                    "label": "준식별자"
                },
                {
                    "word": "2025-06-30",
                    "start": 56,
                    "end": 66,
                    "label": "준식별자"
                },
                {
                    "word": "2025-12-31",
                    "start": 73,
                    "end": 83,
                    "label": "준식별자"
                }
            ]
        },
        {
            "sentence": "임팩트 메트릭에는 KPI_name: '취학률 증가'와 KPI_value: '베이스라인 72% → 종료 85%'의 변화가 측정방법과 함께 명시되어 있습니다.",
            "id": "sample_056_0031_000018",
            "annotations": []
        },
        {
            "sentence": "수혜자 식별자는 beneficiary_id=BEN-0005로 가명 처리되었고 beneficiary_consent는 서면동의(True)로 보관됩니다.",
            "id": "sample_056_0031_000019",
            "annotations": []
        },
        {
            "sentence": "계약 담당자 확인 서명란에는 승인자 이름으로 이교빈이 기재되었으나 본 문서에는 가명 목록의 이름만 사용했습니다.",
            "id": "sample_056_0031_000020",
            "annotations": [
                {
                    "word": "이교빈",
                    "start": 25,
                    "end": 28,
                    "label": "개인정보"
                }
            ]
        },
        {
            "sentence": "감사기록(audit_trail)은 불변의 타임스탬프로 저장되며 entry_timestamp=2025-01-15T09:23:00Z, user_id=김은서, action='승인'으로 기록되어 있습니다.",
            "id": "sample_056_0031_000021",
            "annotations": [
                {
                    "word": "김은서",
                    "start": 81,
                    "end": 84,
                    "label": "개인정보"
                },
                {
                    "word": "2025-01-15T09:23:00Z",
                    "start": 51,
                    "end": 71,
                    "label": "준식별자"
                }
            ]
        },
        {
            "sentence": "버전 히스토리는 v1.0 → v1.1 → v2.0으로 명시되어 변경 사유와 변경시간이 연결되어 보존됩니다.",
            "id": "sample_056_0031_000022",
            "annotations": []
        },
        {
            "sentence": "재무데이터는 원본 통화와 환산 시점, 적용 환율 정보를 모두 포함하여 회계감사(traceability)를 확보합니다.",
            "id": "sample_056_0031_000023",
            "annotations": []
        },
        {
            "sentence": "보고 주기는 분기별로 자동화되어 있으며 기부자별 계약 조건에 따라 맞춤형 포맷을 생성합니다.",
            "id": "sample_056_0031_000024",
            "annotations": []
        },
        {
            "sentence": "데이터 익명화 정책에 따라 개인식별자는 최소화되었으며 역식별화 방지를 위한 샘플링과 난수화가 적용됩니다.",
            "id": "sample_056_0031_000025",
            "annotations": []
        },
        {
            "sentence": "무결성 검사 결과: 필수 필드 존재, 금액 합계 검증, 날짜 순서의 검사를 통과하였으며 이상 징후는 발견되지 않았습니다.",
            "id": "sample_056_0031_000026",
            "annotations": []
        },
        {
            "sentence": "보안 및 기밀관리 지침에 따라 계좌번호, 실제 연락처, 상세주소 등은 문서에서 제거 또는 마스킹 처리되었습니다.",
            "id": "sample_056_0031_000027",
            "annotations": []
        },
        {
            "sentence": "차기 조치로는 중간보고서 제출(마감 2025-07-15) 및 최종보고서 제출(마감 2026-01-31) 일정이 설정되어 있습니다.",
            "id": "sample_056_0031_000028",
            "annotations": [
                {
                    "word": "2025-07-15",
                    "start": 20,
                    "end": 30,
                    "label": "준식별자"
                },
                {
                    "word": "2026-01-31",
                    "start": 46,
                    "end": 56,
                    "label": "준식별자"
                }
            ]
        }
    ]
}