{
    "document_id": "056_0013",
    "document_title": "기부금 및 그랜트 집행·모니터링 보고서(초안)",
    "data": [
        {
            "sentence": "문서 개요: 본 보고서는 자선 및 그랜트 관리 프로세스의 집행·모니터링·회계·임팩트 보고를 위한 초안 문서입니다.",
            "id": "sample_056_0013_000001",
            "annotations": []
        },
        {
            "sentence": "기부자 기본정보(요약): donor_id DONOR-0001, donor_name 김도하, donor_type 재단, donation_amount 100,000,000 KRW, donation_date 2023-03-15.",
            "id": "sample_056_0013_000002",
            "annotations": [
                {
                    "word": "DONOR-0001",
                    "start": 23,
                    "end": 33,
                    "label": "개인정보"
                },
                {
                    "word": "김도하",
                    "start": 46,
                    "end": 49,
                    "label": "개인정보"
                },
                {
                    "word": "100,000,000 KRW",
                    "start": 82,
                    "end": 97,
                    "label": "기밀정보"
                },
                {
                    "word": "2023-03-15",
                    "start": 113,
                    "end": 123,
                    "label": "준식별자"
                }
            ]
        },
        {
            "sentence": "환율 및 환산: 환산 시점 2023-03-15 기준 1 KRW = 0.00077 USD, 원본 100,000,000 KRW 환산액 77,000 USD로 회계장부에 보존합니다.",
            "id": "sample_056_0013_000003",
            "annotations": [
                {
                    "word": "2023-03-15",
                    "start": 15,
                    "end": 25,
                    "label": "준식별자"
                },
                {
                    "word": "77,000 USD",
                    "start": 73,
                    "end": 83,
                    "label": "기밀정보"
                }
            ]
        },
        {
            "sentence": "기부 유형 및 약정: donation_type 약정(pledge), pledge_schedule은 2023-03-15부터 2025-03-15까지 분할지급으로 설정되어 있습니다.",
            "id": "sample_056_0013_000004",
            "annotations": [
                {
                    "word": "2023-03-15",
                    "start": 55,
                    "end": 65,
                    "label": "준식별자"
                },
                {
                    "word": "2025-03-15",
                    "start": 68,
                    "end": 78,
                    "label": "준식별자"
                }
            ]
        },
        {
            "sentence": "그랜트 배정: grant_id GRANT-2023-001, grant_title '지역아동 교육지원 프로그램'로 프로젝트 목적이 정의되었습니다.",
            "id": "sample_056_0013_000005",
            "annotations": []
        },
        {
            "sentence": "신청기관 및 연락처: applicant_org 행복교육재단, applicant_contact 담당자 주부승(가명 표기)으로 내부 연락처가 등록되어 있습니다.",
            "id": "sample_056_0013_000006",
            "annotations": [
                {
                    "word": "주부승",
                    "start": 56,
                    "end": 59,
                    "label": "개인정보"
                }
            ]
        },
        {
            "sentence": "프로젝트 기간: project_start_date 2023-04-01, project_end_date 2024-03-31로 계획되어 있으며 단계별 마일스톤이 배치되어 있습니다.",
            "id": "sample_056_0013_000007",
            "annotations": [
                {
                    "word": "2023-04-01",
                    "start": 28,
                    "end": 38,
                    "label": "준식별자"
                },
                {
                    "word": "2024-03-31",
                    "start": 57,
                    "end": 67,
                    "label": "준식별자"
                }
            ]
        },
        {
            "sentence": "예산 항목(budget_line_items) 요약: 교육비 50,000,000 KRW, 운영비 20,000,000 KRW, 평가 및 모니터링 10,000,000 KRW, 예비비 20,000,000 KRW로 총합 100,000,000 KRW입니다.",
            "id": "sample_056_0013_000008",
            "annotations": [
                {
                    "word": "50,000,000 KRW",
                    "start": 33,
                    "end": 47,
                    "label": "기밀정보"
                },
                {
                    "word": "20,000,000 KRW",
                    "start": 53,
                    "end": 67,
                    "label": "기밀정보"
                },
                {
                    "word": "20,000,000 KRW",
                    "start": 99,
                    "end": 113,
                    "label": "기밀정보"
                },
                {
                    "word": "10,000,000 KRW",
                    "start": 79,
                    "end": 93,
                    "label": "기밀정보"
                }
            ]
        },
        {
            "sentence": "지정 여부: restricted_flag True, restriction_description '지역아동 교육목적으로 지정된 기금'으로 모든 집행내역에 태깅됩니다.",
            "id": "sample_056_0013_000009",
            "annotations": []
        },
        {
            "sentence": "지급 일정(payment_schedule): 2023-05-01 40,000,000 KRW, 2023-11-01 40,000,000 KRW, 2024-02-01 20,000,000 KRW로 명시되어 있습니다.",
            "id": "sample_056_0013_000010",
            "annotations": [
                {
                    "word": "2023-05-01",
                    "start": 25,
                    "end": 35,
                    "label": "준식별자"
                },
                {
                    "word": "40,000,000 KRW",
                    "start": 36,
                    "end": 50,
                    "label": "기밀정보"
                },
                {
                    "word": "40,000,000 KRW",
                    "start": 63,
                    "end": 77,
                    "label": "기밀정보"
                },
                {
                    "word": "2023-11-01",
                    "start": 52,
                    "end": 62,
                    "label": "준식별자"
                },
                {
                    "word": "2024-02-01",
                    "start": 79,
                    "end": 89,
                    "label": "준식별자"
                },
                {
                    "word": "20,000,000 KRW",
                    "start": 90,
                    "end": 104,
                    "label": "기밀정보"
                }
            ]
        },
        {
            "sentence": "집행(지급) 기록(disbursement_records): 2023-05-01 지급 40,000,000 KRW, 2023-11-01 지급 40,000,000 KRW으로 현재까지 총 disbursed_total은 80,000,000 KRW입니다.",
            "id": "sample_056_0013_000011",
            "annotations": [
                {
                    "word": "2023-05-01",
                    "start": 33,
                    "end": 43,
                    "label": "준식별자"
                },
                {
                    "word": "40,000,000 KRW",
                    "start": 47,
                    "end": 61,
                    "label": "기밀정보"
                },
                {
                    "word": "40,000,000 KRW",
                    "start": 77,
                    "end": 91,
                    "label": "기밀정보"
                },
                {
                    "word": "2023-11-01",
                    "start": 63,
                    "end": 73,
                    "label": "준식별자"
                },
                {
                    "word": "80,000,000 KRW",
                    "start": 118,
                    "end": 132,
                    "label": "기밀정보"
                }
            ]
        },
        {
            "sentence": "청구 및 계좌: invoice_reference INV-2023-001234, 지급계좌 ACCT-1234567890(내부 기재용)로 인보이스와 계좌지시가 연결되어 있습니다.",
            "id": "sample_056_0013_000012",
            "annotations": [
                {
                    "word": "INV-2023-001234",
                    "start": 27,
                    "end": 42,
                    "label": "기밀정보"
                },
                {
                    "word": "ACCT-1234567890",
                    "start": 49,
                    "end": 64,
                    "label": "기밀정보"
                }
            ]
        },
        {
            "sentence": "마일스톤 및 상태: milestone '교재배포'는 milestone_status 완료로 보고되었고 관련 수행일자는 2023-06-15입니다.",
            "id": "sample_056_0013_000013",
            "annotations": [
                {
                    "word": "2023-06-15",
                    "start": 65,
                    "end": 75,
                    "label": "준식별자"
                }
            ]
        },
        {
            "sentence": "모니터링 보고서(monitoring_report) 요약: 현장점검 결과 수혜자 참여도 양호, 일정 지연 요인은 지역행사와 중복 발생으로 판정되었습니다.",
            "id": "sample_056_0013_000014",
            "annotations": []
        },
        {
            "sentence": "임팩트 및 KPI(impact_metrics): KPI_name '수혜아동 수', KPI_value 500명, 측정방법은 설문조사 및 출석기록 검증입니다.",
            "id": "sample_056_0013_000015",
            "annotations": []
        },
        {
            "sentence": "수혜자 식별(익명화 기준): beneficiary_id BEN-2023-45(가명화된 식별자), beneficiary_consent 동의 여부를 기록합니다.",
            "id": "sample_056_0013_000016",
            "annotations": [
                {
                    "word": "BEN-2023-45",
                    "start": 31,
                    "end": 42,
                    "label": "개인정보"
                }
            ]
        },
        {
            "sentence": "준수 문서(compliance_documents): MOU 파일(MOU-2023-01), MOU 발행일 2023-04-10, 계약서 및 내부 감사보고서가 첨부되어 있습니다.",
            "id": "sample_056_0013_000017",
            "annotations": [
                {
                    "word": "2023-04-10",
                    "start": 58,
                    "end": 68,
                    "label": "준식별자"
                }
            ]
        },
        {
            "sentence": "세무증빙: tax_receipt_number TR-2023-00987이 발행되었으며 발행일 및 발행기관 메타데이터를 함께 보관합니다.",
            "id": "sample_056_0013_000018",
            "annotations": [
                {
                    "word": "TR-2023-00987",
                    "start": 25,
                    "end": 38,
                    "label": "기밀정보"
                }
            ]
        },
        {
            "sentence": "캠페인 및 잔액: campaign_id CMP-2023-03에 귀속된 기금의 현재 fund_balance는 20,000,000 KRW로 회계시스템에 반영되어 있습니다.",
            "id": "sample_056_0013_000019",
            "annotations": [
                {
                    "word": "20,000,000 KRW",
                    "start": 60,
                    "end": 74,
                    "label": "기밀정보"
                }
            ]
        },
        {
            "sentence": "감사추적(audit_trail): entry_timestamp 2023-11-02T09:15:00Z, user_id 이태근, action '승인'이 불변 타임스탬프와 함께 기록됩니다.",
            "id": "sample_056_0013_000020",
            "annotations": [
                {
                    "word": "2023-11-02T09:15:00Z",
                    "start": 35,
                    "end": 55,
                    "label": "준식별자"
                },
                {
                    "word": "이태근",
                    "start": 65,
                    "end": 68,
                    "label": "개인정보"
                }
            ]
        },
        {
            "sentence": "버전관리: v1.0 생성일 2023-03-16, v1.1 수정일 2023-11-02로 변경이력과 변경사유가 메타데이터로 저장됩니다.",
            "id": "sample_056_0013_000021",
            "annotations": [
                {
                    "word": "2023-03-16",
                    "start": 15,
                    "end": 25,
                    "label": "준식별자"
                },
                {
                    "word": "2023-11-02",
                    "start": 36,
                    "end": 46,
                    "label": "준식별자"
                }
            ]
        },
        {
            "sentence": "AML/KYC 준수: 대규모 기부에 대해 AML 점검 및 KYC 문서 검증을 완료했고 관련 증빙은 암호화 보관 원칙을 적용합니다.",
            "id": "sample_056_0013_000022",
            "annotations": []
        },
        {
            "sentence": "다중통화 원본보존: 모든 다중통화 거래는 원본 통화 및 환산 시점, 환율을 함께 보존하여 회계·감사 시점별 비교가 가능합니다.",
            "id": "sample_056_0013_000023",
            "annotations": []
        },
        {
            "sentence": "무결성 검사 결과: 회계 합계 검증 수행 결과 disbursed_total 80,000,000 KRW가 donation_amount 100,000,000 KRW를 초과하지 않음을 확인했습니다.",
            "id": "sample_056_0013_000024",
            "annotations": [
                {
                    "word": "80,000,000 KRW",
                    "start": 42,
                    "end": 56,
                    "label": "기밀정보"
                },
                {
                    "word": "100,000,000 KRW",
                    "start": 74,
                    "end": 89,
                    "label": "기밀정보"
                }
            ]
        },
        {
            "sentence": "사전·사후 검사 알림: 기본 무결성 검사(필수 필드, 금액 합계, 날짜 순서)를 실행했으며 현재 이상 징후는 발견되지 않아 경고 없음으로 표기합니다.",
            "id": "sample_056_0013_000025",
            "annotations": []
        },
        {
            "sentence": "데이터 보호 및 가명화 정책: 기부자 김도하 및 수혜자 식별자는 가명화되어 보고서에 표기되며 원본 식별자는 암호화된 비밀저장소에 보관됩니다.",
            "id": "sample_056_0013_000026",
            "annotations": [
                {
                    "word": "김도하",
                    "start": 21,
                    "end": 24,
                    "label": "개인정보"
                }
            ]
        },
        {
            "sentence": "임팩트 측정 방법론 명시: 베이스라인 측정일 2023-04-01, 중간 측정 및 종료 측정 시점을 기준으로 동일 도구(설문·출석검증)를 사용합니다.",
            "id": "sample_056_0013_000027",
            "annotations": [
                {
                    "word": "2023-04-01",
                    "start": 25,
                    "end": 35,
                    "label": "준식별자"
                }
            ]
        },
        {
            "sentence": "보고 일정 및 형식: 기부자 요청에 따라 분기별 보고서를 표준 템플릿으로 제출하며 다음 제출 예정일은 2024-03-31입니다.",
            "id": "sample_056_0013_000028",
            "annotations": [
                {
                    "word": "2024-03-31",
                    "start": 57,
                    "end": 67,
                    "label": "준식별자"
                }
            ]
        },
        {
            "sentence": "향후 조치 항목: 승인된 최종 지급은 2024-02-01에 예정되어 있으며 집행 담당자 주부승이 지급 준비를 담당합니다.",
            "id": "sample_056_0013_000029",
            "annotations": [
                {
                    "word": "2024-02-01",
                    "start": 21,
                    "end": 31,
                    "label": "준식별자"
                },
                {
                    "word": "주부승",
                    "start": 49,
                    "end": 52,
                    "label": "개인정보"
                }
            ]
        },
        {
            "sentence": "문서 종료 및 책임자: 본 초안 문서의 작성자는 심은율이며 모든 감사기록은 불변 로그로 보존됩니다.",
            "id": "sample_056_0013_000030",
            "annotations": [
                {
                    "word": "심은율",
                    "start": 27,
                    "end": 30,
                    "label": "개인정보"
                }
            ]
        }
    ]
}