{
    "document_id": "056_0063",
    "document_title": "2025년 제1분기 지정기금 관리 및 배분 보고서",
    "data": [
        {
            "sentence": "이 문서는 2025년 1분기 자선 및 기금(그랜트) 관리 보고서로서 기금의 수령, 배분, 모니터링 절차를 기록합니다.",
            "id": "sample_056_0063_000001",
            "annotations": []
        },
        {
            "sentence": "보고서는 지정기금(restricted funds)과 비지정기금(unrestricted funds)의 분리 원칙과 집행 추적성(auditability) 보장을 핵심 목표로 삼습니다.",
            "id": "sample_056_0063_000002",
            "annotations": []
        },
        {
            "sentence": "기부자 식별 정보는 가명화하여 저장하며 본 문서의 기부자 ID는 DN-0001(가명)으로 표기됩니다.",
            "id": "sample_056_0063_000003",
            "annotations": [
                {
                    "word": "DN-0001",
                    "start": 36,
                    "end": 43,
                    "label": "개인정보"
                }
            ]
        },
        {
            "sentence": "해당 기부자의 가명 기부자명은 심인철로 표기되며 내부 식별용 가명 처리임을 명시합니다.",
            "id": "sample_056_0063_000004",
            "annotations": [
                {
                    "word": "심인철",
                    "start": 17,
                    "end": 20,
                    "label": "개인정보"
                }
            ]
        },
        {
            "sentence": "기부자 유형은 개인(individual)으로 분류되며 기부 방식은 일시(donation_type: 일시)로 등록되어 있습니다.",
            "id": "sample_056_0063_000005",
            "annotations": []
        },
        {
            "sentence": "원천 기금 총액은 USD 150,000.00이며 기부일(donation_date)은 2025-01-15로 기록되어 있습니다.",
            "id": "sample_056_0063_000006",
            "annotations": [
                {
                    "word": "USD 150,000.00",
                    "start": 10,
                    "end": 24,
                    "label": "기밀정보"
                },
                {
                    "word": "2025-01-15",
                    "start": 47,
                    "end": 57,
                    "label": "준식별자"
                }
            ]
        },
        {
            "sentence": "환율 정보는 1 USD = 1,200 KRW(환산 시점: 2025-01-15)로 보존되며 원본 통화와 환산 금액을 모두 저장합니다.",
            "id": "sample_056_0063_000007",
            "annotations": [
                {
                    "word": "2025-01-15",
                    "start": 32,
                    "end": 42,
                    "label": "준식별자"
                }
            ]
        },
        {
            "sentence": "이 기금은 지정기금(restricted_flag: true)으로 태깅되어 청년고용지원이라는 제한목적(restriction_description)을 가집니다.",
            "id": "sample_056_0063_000008",
            "annotations": []
        },
        {
            "sentence": "지정기금 내 배분 합계는 KRW 150,000,000.00으로 계산되었으며 원천 기금 총액을 초과하지 않도록 자동 검증되었습니다.",
            "id": "sample_056_0063_000009",
            "annotations": [
                {
                    "word": "KRW 150,000,000.00",
                    "start": 14,
                    "end": 32,
                    "label": "기밀정보"
                }
            ]
        },
        {
            "sentence": "예정된 지급 스케줄(payment_schedule)은 2025-02-01, 2025-05-01, 2025-09-01 세 차례로 명시되어 있습니다.",
            "id": "sample_056_0063_000010",
            "annotations": [
                {
                    "word": "2025-02-01",
                    "start": 30,
                    "end": 40,
                    "label": "준식별자"
                },
                {
                    "word": "2025-05-01",
                    "start": 42,
                    "end": 52,
                    "label": "준식별자"
                },
                {
                    "word": "2025-09-01",
                    "start": 54,
                    "end": 64,
                    "label": "준식별자"
                }
            ]
        },
        {
            "sentence": "첫 번째 지급은 계약 전 AML/KYC 검증을 완료한 후 지정 계좌로 송금하는 절차를 따릅니다.",
            "id": "sample_056_0063_000011",
            "annotations": []
        },
        {
            "sentence": "수혜자 가명 ID는 BEN-2025-009로 표기되며 수혜자 동의(beneficiary_consent): 동의(서면, 2025-01-30) 문서를 보관합니다.",
            "id": "sample_056_0063_000012",
            "annotations": [
                {
                    "word": "BEN-2025-009",
                    "start": 11,
                    "end": 23,
                    "label": "개인정보"
                },
                {
                    "word": "2025-01-30",
                    "start": 66,
                    "end": 76,
                    "label": "준식별자"
                }
            ]
        },
        {
            "sentence": "수혜자 지역은 서울특별시 강남구로 기록되었으며 해당 주소 정보는 [시],[구] 단위의 준식별자 처리를 적용합니다.",
            "id": "sample_056_0063_000013",
            "annotations": [
                {
                    "word": "서울특별시",
                    "start": 8,
                    "end": 13,
                    "label": "준식별자"
                },
                {
                    "word": "강남구",
                    "start": 14,
                    "end": 17,
                    "label": "준식별자"
                }
            ]
        },
        {
            "sentence": "수혜자 연령대 및 민감 정보는 익명화·가명화 규칙에 따라 집계 수준으로만 보고에 포함됩니다.",
            "id": "sample_056_0063_000014",
            "annotations": []
        },
        {
            "sentence": "신청단체(applicant_org)는 해피커넥트재단(가명)이며 신청 담당자는 박에릭(가명)으로 표기됩니다.",
            "id": "sample_056_0063_000015",
            "annotations": [
                {
                    "word": "박에릭",
                    "start": 43,
                    "end": 46,
                    "label": "개인정보"
                }
            ]
        },
        {
            "sentence": "신청 연락처(applicant_contact)는 내부 규정에 따라 비공개로 표시하고 실제 연락처는 암호화하여 별도 저장합니다.",
            "id": "sample_056_0063_000016",
            "annotations": []
        },
        {
            "sentence": "계약서(MOU) 식별번호는 MOU-2025-03이며 메타데이터에는 발행일 2025-01-20과 발행자 정보가 포함됩니다.",
            "id": "sample_056_0063_000017",
            "annotations": [
                {
                    "word": "MOU-2025-03",
                    "start": 15,
                    "end": 26,
                    "label": "기밀정보"
                },
                {
                    "word": "2025-01-20",
                    "start": 41,
                    "end": 51,
                    "label": "준식별자"
                }
            ]
        },
        {
            "sentence": "회계 항목별 예산 명세(budget_line_items)는 인건비 KRW 50,000,000, 운영비 KRW 30,000,000, 교육비 KRW 70,000,000으로 합계가 일치합니다.",
            "id": "sample_056_0063_000018",
            "annotations": [
                {
                    "word": "KRW 50,000,000",
                    "start": 37,
                    "end": 51,
                    "label": "기밀정보"
                },
                {
                    "word": "KRW 30,000,000",
                    "start": 57,
                    "end": 71,
                    "label": "기밀정보"
                },
                {
                    "word": "KRW 70,000,000",
                    "start": 77,
                    "end": 91,
                    "label": "기밀정보"
                }
            ]
        },
        {
            "sentence": "지급기록(disbursement_records)에는 첫 지급 영수증 참조번호 invoice_ref: INV-2025-1001와 관련 문서가 첨부됩니다.",
            "id": "sample_056_0063_000019",
            "annotations": [
                {
                    "word": "INV-2025-1001",
                    "start": 56,
                    "end": 69,
                    "label": "기밀정보"
                }
            ]
        },
        {
            "sentence": "지급이 이행된 계좌는 계좌번호 110-123456-000(가명)으로 기록되며 해당 정보는 내부 기밀정보로 분류됩니다.",
            "id": "sample_056_0063_000020",
            "annotations": [
                {
                    "word": "110-123456-000",
                    "start": 17,
                    "end": 31,
                    "label": "기밀정보"
                }
            ]
        },
        {
            "sentence": "세금계산서 및 기부금영수증 번호는 TR-2025-4578로 기록되며 세무 증빙 메타데이터가 함께 보관됩니다.",
            "id": "sample_056_0063_000021",
            "annotations": [
                {
                    "word": "TR-2025-4578",
                    "start": 19,
                    "end": 31,
                    "label": "기밀정보"
                }
            ]
        },
        {
            "sentence": "모든 문서 변경 및 상태 전이는 불변의 타임스탬프 기반 감사기록(audit_trail)에 저장되며 버전 히스토리가 유지됩니다.",
            "id": "sample_056_0063_000022",
            "annotations": []
        },
        {
            "sentence": "감사 트레일의 최근 항목은 entry_timestamp: 2025-01-16T10:15:00Z, user_id: 심인철, action: '기부확인'으로 기록되어 있습니다.",
            "id": "sample_056_0063_000023",
            "annotations": [
                {
                    "word": "2025-01-16T10:15:00Z",
                    "start": 32,
                    "end": 52,
                    "label": "준식별자"
                },
                {
                    "word": "심인철",
                    "start": 63,
                    "end": 66,
                    "label": "개인정보"
                }
            ]
        },
        {
            "sentence": "내부 승인자는 차수아(프로그램 매니저)와 전두진(감사 담당)으로 명시되어 있으며 결재선이 문서에 기록됩니다.",
            "id": "sample_056_0063_000024",
            "annotations": [
                {
                    "word": "차수아",
                    "start": 8,
                    "end": 11,
                    "label": "개인정보"
                },
                {
                    "word": "전두진",
                    "start": 23,
                    "end": 26,
                    "label": "개인정보"
                }
            ]
        },
        {
            "sentence": "프로젝트 기간은 2025-02-01부터 2025-12-31까지이며 주요 마일스톤은 분기별 성과보고 제출입니다.",
            "id": "sample_056_0063_000025",
            "annotations": [
                {
                    "word": "2025-02-01",
                    "start": 9,
                    "end": 19,
                    "label": "준식별자"
                },
                {
                    "word": "2025-12-31",
                    "start": 22,
                    "end": 32,
                    "label": "준식별자"
                }
            ]
        },
        {
            "sentence": "임팩트 메트릭은 베이스라인(2025-01), 중간(2025-07), 종료(2025-12) 시점별로 수집되며 측정방법과 표본설계가 명시됩니다.",
            "id": "sample_056_0063_000026",
            "annotations": [
                {
                    "word": "2025-01",
                    "start": 15,
                    "end": 22,
                    "label": "준식별자"
                },
                {
                    "word": "2025-07",
                    "start": 28,
                    "end": 35,
                    "label": "준식별자"
                },
                {
                    "word": "2025-12",
                    "start": 41,
                    "end": 48,
                    "label": "준식별자"
                }
            ]
        },
        {
            "sentence": "KPI 예시로 취업연계 수혜자 수(KPI_Employment): 120명(베이스라인 0명, 목표 100명)을 보고합니다.",
            "id": "sample_056_0063_000027",
            "annotations": []
        },
        {
            "sentence": "기본 무결성 검사 결과, 필수 필드 존재 확인, 금액 합계 검증, 날짜 순서 검증을 모두 통과하였으며 이상 징후는 발견되지 않았습니다.",
            "id": "sample_056_0063_000028",
            "annotations": []
        }
    ]
}