{
    "document_id": "056_0074",
    "document_title": "지정기금 관리 및 집행현황 보고서(교육지원_2025)",
    "data": [
        {
            "sentence": "본 문서는 자선 및 그랜트(Grant) 관리 관점에서 2025 회계연도 교육지원 지정기금의 조성·배분·집행·모니터링 결과를 종합 보고하기 위해 작성되었습니다.",
            "id": "sample_056_0074_000001",
            "annotations": []
        },
        {
            "sentence": "문서는 목적 및 범위, 기부자 프로파일, 기금 구조, 예산 내역, 지급(Disbursement) 기록, 모니터링·평가(M&E), 준법감시(Compliance) 항목, 감사(audit_trail) 이력을 포함합니다.",
            "id": "sample_056_0074_000002",
            "annotations": []
        },
        {
            "sentence": "기부자 정보 요약: donor_id DNR-2025-0001, donor_name 황유재(가명), donor_type 개인, donation_amount KRW 50,000,000, currency KRW, donation_date 2025-03-01, donation_type 약정(일시지급 예정 포함).",
            "id": "sample_056_0074_000003",
            "annotations": [
                {
                    "word": "황유재",
                    "start": 46,
                    "end": 49,
                    "label": "개인정보"
                },
                {
                    "word": "2025",
                    "start": 24,
                    "end": 28,
                    "label": "준식별자"
                },
                {
                    "word": "2025",
                    "start": 130,
                    "end": 134,
                    "label": "준식별자"
                },
                {
                    "word": "03",
                    "start": 135,
                    "end": 137,
                    "label": "준식별자"
                },
                {
                    "word": "01",
                    "start": 31,
                    "end": 33,
                    "label": "준식별자"
                },
                {
                    "word": "01",
                    "start": 138,
                    "end": 140,
                    "label": "준식별자"
                },
                {
                    "word": "KRW 50,000,000",
                    "start": 86,
                    "end": 100,
                    "label": "기밀정보"
                }
            ]
        },
        {
            "sentence": "기부자 연락처 및 KYC 메타: 연락처 010-1234-5678(가명), 이메일 donor01@example.org(가명), KYC 문서 일련번호 AML-DO-2025-009은 내부 보관 및 검증 대상입니다.",
            "id": "sample_056_0074_000004",
            "annotations": [
                {
                    "word": "010-1234-5678",
                    "start": 22,
                    "end": 35,
                    "label": "개인정보"
                },
                {
                    "word": "donor01@example.org",
                    "start": 45,
                    "end": 64,
                    "label": "개인정보"
                }
            ]
        },
        {
            "sentence": "신청기관(applicant_org)은 희망교육재단으로 기재되며, 기관 연락 담당자(applicant_contact)는 조은태(가명)입니다.",
            "id": "sample_056_0074_000005",
            "annotations": [
                {
                    "word": "조은태",
                    "start": 66,
                    "end": 69,
                    "label": "개인정보"
                }
            ]
        },
        {
            "sentence": "신청기관 담당자 연락처는 010-9876-5432(가명)로 등록되어 있고, 제출된 MOU 및 계약서에는 발행일과 발행자, 문서번호가 메타데이터로 명시되어 있습니다.",
            "id": "sample_056_0074_000006",
            "annotations": [
                {
                    "word": "010-9876-5432",
                    "start": 14,
                    "end": 27,
                    "label": "개인정보"
                }
            ]
        },
        {
            "sentence": "프로젝트 기간은 project_start_date 2025-04-01에서 project_end_date 2026-03-31까지로 설정되었으며, 일정 준수 여부는 마일스톤 모니터링으로 검증합니다.",
            "id": "sample_056_0074_000007",
            "annotations": [
                {
                    "word": "2025",
                    "start": 28,
                    "end": 32,
                    "label": "준식별자"
                },
                {
                    "word": "04",
                    "start": 33,
                    "end": 35,
                    "label": "준식별자"
                },
                {
                    "word": "01",
                    "start": 36,
                    "end": 38,
                    "label": "준식별자"
                },
                {
                    "word": "2026",
                    "start": 58,
                    "end": 62,
                    "label": "준식별자"
                },
                {
                    "word": "03",
                    "start": 63,
                    "end": 65,
                    "label": "준식별자"
                },
                {
                    "word": "31",
                    "start": 66,
                    "end": 68,
                    "label": "준식별자"
                }
            ]
        },
        {
            "sentence": "프로젝트 시작일(2025-04-01)과 종료일(2026-03-31)은 베이스라인·중간·종결 시점의 비교분석을 위해 날짜 단위로 버전관리됩니다.",
            "id": "sample_056_0074_000008",
            "annotations": []
        },
        {
            "sentence": "예산(budget_line_items) 상세는 다음과 같으며 합계는 원천 기금 총액을 초과하지 않습니다: 인건비 KRW 15,000,000, 교육운영비 KRW 10,000,000, 교재·물품비 KRW 5,000,000, M&E KRW 5,000,000, 행정비 KRW 5,000,000, 예비비 KRW 10,000,000.",
            "id": "sample_056_0074_000009",
            "annotations": [
                {
                    "word": "KRW 15,000,000",
                    "start": 63,
                    "end": 77,
                    "label": "기밀정보"
                },
                {
                    "word": "KRW 10,000,000",
                    "start": 85,
                    "end": 99,
                    "label": "기밀정보"
                },
                {
                    "word": "KRW 10,000,000",
                    "start": 165,
                    "end": 179,
                    "label": "기밀정보"
                },
                {
                    "word": "KRW 5,000,000",
                    "start": 108,
                    "end": 121,
                    "label": "기밀정보"
                },
                {
                    "word": "KRW 5,000,000",
                    "start": 127,
                    "end": 140,
                    "label": "기밀정보"
                },
                {
                    "word": "KRW 5,000,000",
                    "start": 146,
                    "end": 159,
                    "label": "기밀정보"
                }
            ]
        },
        {
            "sentence": "예산 합계 검증 결과 인건비 포함 총계는 KRW 50,000,000으로 원천 기금 KRW 50,000,000과 정합합니다.",
            "id": "sample_056_0074_000010",
            "annotations": [
                {
                    "word": "KRW 50,000,000",
                    "start": 23,
                    "end": 37,
                    "label": "기밀정보"
                },
                {
                    "word": "KRW 50,000,000",
                    "start": 46,
                    "end": 60,
                    "label": "기밀정보"
                }
            ]
        },
        {
            "sentence": "지정기금 여부: restricted_flag true(지정금 30,000,000 KRW), restriction_description '초·중등 대상 교육 프로그램 운영 전용'.",
            "id": "sample_056_0074_000011",
            "annotations": [
                {
                    "word": "30,000,000 KRW",
                    "start": 34,
                    "end": 48,
                    "label": "기밀정보"
                }
            ]
        },
        {
            "sentence": "비지정(unrestricted) 자금은 KRW 20,000,000으로 운영·관리 및 긴급지원 용도로 관리됩니다.",
            "id": "sample_056_0074_000012",
            "annotations": [
                {
                    "word": "KRW 20,000,000",
                    "start": 22,
                    "end": 36,
                    "label": "기밀정보"
                }
            ]
        },
        {
            "sentence": "지급 스케줄(payment_schedule)은 2025-04-30, 2025-06-15, 2025-09-01 세 차례로 계획되며 각 지급은 인보이스 및 집행증빙을 통해 검증됩니다.",
            "id": "sample_056_0074_000013",
            "annotations": [
                {
                    "word": "2025-04-30",
                    "start": 26,
                    "end": 36,
                    "label": "준식별자"
                },
                {
                    "word": "2025-06-15",
                    "start": 38,
                    "end": 48,
                    "label": "준식별자"
                },
                {
                    "word": "2025-09-01",
                    "start": 50,
                    "end": 60,
                    "label": "준식별자"
                }
            ]
        },
        {
            "sentence": "집행 내역(disbursement_records): 1차 지급 KRW 15,000,000(인보이스 INV-2025-0456), 2차 지급 KRW 10,000,000(인보이스 INV-2025-0512), 3차 지급 KRW 25,000,000(인보이스 INV-2025-0660).",
            "id": "sample_056_0074_000014",
            "annotations": [
                {
                    "word": "KRW 15,000,000",
                    "start": 35,
                    "end": 49,
                    "label": "기밀정보"
                },
                {
                    "word": "KRW 10,000,000",
                    "start": 77,
                    "end": 91,
                    "label": "기밀정보"
                },
                {
                    "word": "KRW 25,000,000",
                    "start": 119,
                    "end": 133,
                    "label": "기밀정보"
                }
            ]
        },
        {
            "sentence": "각 지급 금액은 해당 예산 항목과 매핑되었고, 총 집행액은 KRW 50,000,000으로 배분 합계는 원천 기금 총액을 초과하지 않습니다.",
            "id": "sample_056_0074_000015",
            "annotations": []
        },
        {
            "sentence": "지급에 따른 송금 정보는 내부 보안 정책에 따라 일부 마스킹 저장되며, 참조 계좌번호(예시) 110-123-456789은 재무 결재 문서에 별도 암호화 저장됩니다.",
            "id": "sample_056_0074_000016",
            "annotations": [
                {
                    "word": "110-123-456789",
                    "start": 52,
                    "end": 66,
                    "label": "기밀정보"
                }
            ]
        },
        {
            "sentence": "수혜자(beneficiary) 메타: beneficiary_id BEN-0001, beneficiary_contact_name 노예지(가명), beneficiary_consent 동의(서명일 2025-03-20), 수혜자 소재지는 서울특별시 강남구로 등록되어 있습니다.",
            "id": "sample_056_0074_000017",
            "annotations": [
                {
                    "word": "BEN-0001",
                    "start": 36,
                    "end": 44,
                    "label": "기밀정보"
                },
                {
                    "word": "노예지",
                    "start": 71,
                    "end": 74,
                    "label": "개인정보"
                },
                {
                    "word": "서울특별시",
                    "start": 129,
                    "end": 134,
                    "label": "준식별자"
                },
                {
                    "word": "강남구",
                    "start": 135,
                    "end": 138,
                    "label": "준식별자"
                }
            ]
        },
        {
            "sentence": "준수문서(compliance_documents)는 MOU 및 Grant Agreement 사본, 내부 감사보고서(audit_report), 세무증빙을 포함하며 각 문서는 발행일과 발행기관 및 문서번호를 메타데이터로 유지합니다.",
            "id": "sample_056_0074_000018",
            "annotations": []
        },
        {
            "sentence": "세금계산 및 기부금영수증 관련: tax_receipt_number TR-2025-00077는 발행되었고 수혜자·기부자 관련 서류는 세무·법적 요건에 따라 보관됩니다.",
            "id": "sample_056_0074_000019",
            "annotations": [
                {
                    "word": "TR-2025-00077",
                    "start": 37,
                    "end": 50,
                    "label": "기밀정보"
                }
            ]
        },
        {
            "sentence": "임팩트 지표(impact_metrics)는 베이스라인 대비 변화량을 명시합니다; KPI '참여학생수' baseline 0, 중간측정 120명, 종료측정 250명으로 정의되어 비교가능하게 기록됩니다.",
            "id": "sample_056_0074_000020",
            "annotations": [
                {
                    "word": "120",
                    "start": 74,
                    "end": 77,
                    "label": "일반정보"
                },
                {
                    "word": "250",
                    "start": 85,
                    "end": 88,
                    "label": "일반정보"
                }
            ]
        },
        {
            "sentence": "모니터링 리포트(monitoring_report)는 활동별 마일스톤 상태(milestone_status)를 포함하며 현재 '교재배포' 마일스톤은 완료, '교사역량강화'는 진행중으로 등록되어 있습니다.",
            "id": "sample_056_0074_000021",
            "annotations": []
        },
        {
            "sentence": "환율 및 환산정보(currency_exchange_rate): 기준일 2025-03-01, KRW→USD 환율 0.00078이 적용되어 원본 KRW 50,000,000은 환산 시점 기준으로 USD 39,000으로 기록됩니다.",
            "id": "sample_056_0074_000022",
            "annotations": [
                {
                    "word": "USD 39,000",
                    "start": 106,
                    "end": 116,
                    "label": "기밀정보"
                }
            ]
        },
        {
            "sentence": "기금 잔액(fund_balance) 현황은 집행 후 잔액 KRW 0으로 반영되며, 잔액 및 집행내역은 감사가능한 형태로 보관됩니다.",
            "id": "sample_056_0074_000023",
            "annotations": [
                {
                    "word": "KRW 0",
                    "start": 32,
                    "end": 37,
                    "label": "기밀정보"
                }
            ]
        },
        {
            "sentence": "감사기록(audit_trail)은 불변 타임스탬프 기반으로 기록되며 주요 항목은 entry_timestamp 2025-03-01T10:15:00Z, user_id 권무혁, action '기부금 접수 등록'이 있습니다.",
            "id": "sample_056_0074_000024",
            "annotations": [
                {
                    "word": "2025-03-01T10:15:00Z",
                    "start": 61,
                    "end": 81,
                    "label": "준식별자"
                },
                {
                    "word": "권무혁",
                    "start": 91,
                    "end": 94,
                    "label": "개인정보"
                }
            ]
        },
        {
            "sentence": "추가 변경 이력 항목에는 entry_timestamp 2025-04-02T09:22:00Z, user_id 공유진, action '예산 배분 승인'이 기록되어 있으며 버전 히스토리로 보관됩니다.",
            "id": "sample_056_0074_000025",
            "annotations": [
                {
                    "word": "2025-04-02T09:22:00Z",
                    "start": 30,
                    "end": 50,
                    "label": "준식별자"
                },
                {
                    "word": "공유진",
                    "start": 60,
                    "end": 63,
                    "label": "개인정보"
                }
            ]
        },
        {
            "sentence": "AML/KYC 절차 결과 요약: 고액 기부 평가 및 국제송금 관련 검토는 완료되었으며, 최종 검증자는 심민재(가명)로 검증일 2025-03-05가 기록되어 있습니다.",
            "id": "sample_056_0074_000026",
            "annotations": [
                {
                    "word": "심민재",
                    "start": 57,
                    "end": 60,
                    "label": "개인정보"
                },
                {
                    "word": "2025-03-05",
                    "start": 70,
                    "end": 80,
                    "label": "준식별자"
                }
            ]
        },
        {
            "sentence": "리스크 및 권고사항: 문서화된 자금 추적성 보장, 지정기금의 목적 일치성 지속 검토, M&E 데이터 품질 개선을 위한 추가 표준화 권고가 포함됩니다.",
            "id": "sample_056_0074_000027",
            "annotations": []
        },
        {
            "sentence": "다음 조치(Action Items): 1) 지급증빙 스캔본 전자보관 완료, 2) 중간보고서 제출(2025-09-30), 3) 후속 감사 준비(내부·외부) 및 결과 공유 예정입니다.",
            "id": "sample_056_0074_000028",
            "annotations": []
        }
    ]
}