{
    "document_id": "056_0098",
    "document_title": "2025 상반기 지정기금 및 그랜트 집행기록 보고서",
    "data": [
        {
            "sentence": "문서 목적: 본 보고서는 2025년 상반기 수령된 지정기금 및 관련 그랜트 집행의 투명성, 추적성(auditability) 및 감사가능성(audit trail)을 확보하기 위해 작성되었습니다.",
            "id": "sample_056_0098_000001",
            "annotations": []
        },
        {
            "sentence": "문서 범위: 기부 등록, 기금 배분, 지급 기록, 모니터링·평가(M&E), 규정 준수 문서 및 버전·타임스탬프 기반의 변경 이력을 포함합니다.",
            "id": "sample_056_0098_000002",
            "annotations": []
        },
        {
            "sentence": "원천 기부자 식별값은 내부 규정에 따라 가명화되어 표시됩니다: donor_id DNR-1001, donor_name '개인_양서우(가명)'.",
            "id": "sample_056_0098_000003",
            "annotations": [
                {
                    "word": "개인_양서우(가명)",
                    "start": 66,
                    "end": 76,
                    "label": "개인정보"
                }
            ]
        },
        {
            "sentence": "기부액(donation_amount)은 USD 100000.00이며, 통화(currency)는 USD입니다; 환율(currency_exchange_rate) 1,200.00 KRW/USD, 환산시점 2025-03-15T10:00:00Z로 원본·환산 금액이 보존됩니다.",
            "id": "sample_056_0098_000004",
            "annotations": [
                {
                    "word": "2025-03-15T10:00:00Z",
                    "start": 111,
                    "end": 131,
                    "label": "준식별자"
                }
            ]
        },
        {
            "sentence": "기부일(donation_date)은 2025-03-15로 기록되며, 저장 시 (년:2025, 월:03, 일:15) 단위로 분리하여 준식별자 처리를 적용합니다.",
            "id": "sample_056_0098_000005",
            "annotations": [
                {
                    "word": "2025-03-15",
                    "start": 20,
                    "end": 30,
                    "label": "준식별자"
                }
            ]
        },
        {
            "sentence": "기부유형(donation_type)은 '일시'이며, 해당 기금은 지정기금(restricted_flag: true)으로 태깅되어 restriction_description에는 '아동 교육 장학'으로 명시됩니다.",
            "id": "sample_056_0098_000006",
            "annotations": []
        },
        {
            "sentence": "약정(pledge_schedule)은 없음으로 표기되었고, 본 기부는 캠페인 campaign_id CMP-2025-SPRING에 귀속됩니다.",
            "id": "sample_056_0098_000007",
            "annotations": []
        },
        {
            "sentence": "원천 기금 총액 USD 100000.00에서 집행 예정 항목은 본 보고서 하단의 그랜트별 예산과 지급 스케줄로 명확히 트레이스됩니다.",
            "id": "sample_056_0098_000008",
            "annotations": []
        },
        {
            "sentence": "Grant GNT-2025-001: grant_title '아동학습지원 프로그램', 지원금액 USD 60000.00, 신청자 applicant_org '한국아동재단(가명)', 담당자 applicant_contact 신규상(가명).",
            "id": "sample_056_0098_000009",
            "annotations": [
                {
                    "word": "신규상(가명)",
                    "start": 120,
                    "end": 127,
                    "label": "개인정보"
                }
            ]
        },
        {
            "sentence": "동 프로젝트 기간은 project_start_date 2025-04-01부터 project_end_date 2026-03-31까지로 명시되며, 일정은 마일스톤 기반으로 관리됩니다.",
            "id": "sample_056_0098_000010",
            "annotations": [
                {
                    "word": "2025-04-01",
                    "start": 30,
                    "end": 40,
                    "label": "준식별자"
                },
                {
                    "word": "2026-03-31",
                    "start": 60,
                    "end": 70,
                    "label": "준식별자"
                }
            ]
        },
        {
            "sentence": "GNT-2025-001 예산(budget_line_items): 인건비 USD 25000.00, 교육비 USD 20000.00, 교육자료 USD 5000.00, 모니터링·평가(M&E) USD 5000.00, 운영비 USD 5000.00(총합 USD 60000.00).",
            "id": "sample_056_0098_000011",
            "annotations": []
        },
        {
            "sentence": "해당 그랜트는 restricted_flag: true로 계약상 '아동 교육 장학' 목적이 명시되어 restriction_description 검증 절차를 거칩니다.",
            "id": "sample_056_0098_000012",
            "annotations": []
        },
        {
            "sentence": "GNT-2025-001 지급스케줄(payment_schedule): 1차 USD 30000.00 지급일 2025-04-15, 2차 USD 30000.00 지급일 2025-10-15로 분할 지급됩니다.",
            "id": "sample_056_0098_000013",
            "annotations": [
                {
                    "word": "2025-04-15",
                    "start": 58,
                    "end": 68,
                    "label": "준식별자"
                },
                {
                    "word": "2025-10-15",
                    "start": 90,
                    "end": 100,
                    "label": "준식별자"
                }
            ]
        },
        {
            "sentence": "disbursement_records: 1차 지급 2025-04-16 USD 30000.00 집행, beneficiary_id BEN-3002, 수령계좌 계좌번호 123-456-7890123, invoice_reference INV-2025-0456로 원장에 등록되어 있습니다.",
            "id": "sample_056_0098_000014",
            "annotations": [
                {
                    "word": "2025-04-16",
                    "start": 28,
                    "end": 38,
                    "label": "준식별자"
                },
                {
                    "word": "123-456-7890123",
                    "start": 91,
                    "end": 106,
                    "label": "기밀정보"
                },
                {
                    "word": "INV-2025-0456",
                    "start": 126,
                    "end": 139,
                    "label": "기밀정보"
                },
                {
                    "word": "BEN-3002",
                    "start": 71,
                    "end": 79,
                    "label": "개인정보"
                }
            ]
        },
        {
            "sentence": "Grant GNT-2025-002: grant_title '지역사회 역량강화', 지원금액 USD 20000.00, 신청자 applicant_org '지역사회희망센터(가명)', 담당자 applicant_contact 허초아(가명).",
            "id": "sample_056_0098_000015",
            "annotations": [
                {
                    "word": "허초아(가명)",
                    "start": 120,
                    "end": 127,
                    "label": "개인정보"
                }
            ]
        },
        {
            "sentence": "GNT-2025-002 예산(budget_line_items): 교육비 USD 12000.00, 운영비 USD 4000.00, 평가 USD 2000.00, 비상금 USD 2000.00(총합 USD 20000.00).",
            "id": "sample_056_0098_000016",
            "annotations": []
        },
        {
            "sentence": "GNT-2025-002 지급스케줄: 단일 지급 2025-05-01 USD 20000.00로 설정되어 있습니다.",
            "id": "sample_056_0098_000017",
            "annotations": [
                {
                    "word": "2025-05-01",
                    "start": 26,
                    "end": 36,
                    "label": "준식별자"
                }
            ]
        },
        {
            "sentence": "disbursement_records: GNT-2025-002 지급 2025-05-02 USD 20000.00 집행, 수령계좌 계좌번호 987-654-3210987, invoice_reference INV-2025-0470로 등록되어 있습니다.",
            "id": "sample_056_0098_000018",
            "annotations": [
                {
                    "word": "2025-05-02",
                    "start": 38,
                    "end": 48,
                    "label": "준식별자"
                },
                {
                    "word": "987-654-3210987",
                    "start": 76,
                    "end": 91,
                    "label": "기밀정보"
                },
                {
                    "word": "INV-2025-0470",
                    "start": 111,
                    "end": 124,
                    "label": "기밀정보"
                }
            ]
        },
        {
            "sentence": "관리운영비 및 수수료: 행정비용으로 USD 5000.00을 책정하였으며 내부계정 ACC-ADM-0001에 보관하고 세금영수증 tax_receipt_number TR-2025-0007을 발급하였습니다.",
            "id": "sample_056_0098_000019",
            "annotations": [
                {
                    "word": "ACC-ADM-0001",
                    "start": 45,
                    "end": 57,
                    "label": "기밀정보"
                },
                {
                    "word": "TR-2025-0007",
                    "start": 89,
                    "end": 101,
                    "label": "기밀정보"
                }
            ]
        },
        {
            "sentence": "잔액 계산: 원천 USD 100000.00 - GNT-2025-001 USD 60000.00 - GNT-2025-002 USD 20000.00 - 행정비 USD 5000.00 = 잔액(fund_balance) USD 15000.00(= KRW 18,000,000 환산 기준 표기).",
            "id": "sample_056_0098_000020",
            "annotations": []
        },
        {
            "sentence": "규정준수 문서(compliance_documents): MOU/contract는 메타데이터(발행일 2025-03-20, 발행자 '재단 내부팀', 식별번호 MOU-2025-100)를 포함하여 관리됩니다.",
            "id": "sample_056_0098_000021",
            "annotations": [
                {
                    "word": "2025-03-20",
                    "start": 55,
                    "end": 65,
                    "label": "준식별자"
                },
                {
                    "word": "MOU-2025-100",
                    "start": 86,
                    "end": 98,
                    "label": "기밀정보"
                }
            ]
        },
        {
            "sentence": "AML/KYC 증빙: KYC 식별 KYC-2025-88은 2025-03-14에 완료되었으며 수행자 오유한(가명)의 검증 기록을 포함합니다.",
            "id": "sample_056_0098_000022",
            "annotations": [
                {
                    "word": "KYC-2025-88",
                    "start": 19,
                    "end": 30,
                    "label": "기밀정보"
                },
                {
                    "word": "오유한(가명)",
                    "start": 55,
                    "end": 62,
                    "label": "개인정보"
                },
                {
                    "word": "2025-03-14",
                    "start": 32,
                    "end": 42,
                    "label": "준식별자"
                }
            ]
        },
        {
            "sentence": "모니터링 보고서(monitoring_report): 중간보고서 작성일 2025-10-30, 작성자 성전진(가명), 보고서 버전과 첨부자료는 M&E 템플릿을 기준으로 저장됩니다.",
            "id": "sample_056_0098_000023",
            "annotations": [
                {
                    "word": "2025-10-30",
                    "start": 39,
                    "end": 49,
                    "label": "준식별자"
                },
                {
                    "word": "성전진(가명)",
                    "start": 55,
                    "end": 62,
                    "label": "개인정보"
                }
            ]
        },
        {
            "sentence": "임팩트 메트릭(impact_metrics): 기준선(baseline_date) 2025-04-01 vs 중간(midline_date) 2025-10-01 측정치 비교, KPI 예시 '참여아동 수' baseline 120 → midline 122로 변화가 기록됩니다.",
            "id": "sample_056_0098_000024",
            "annotations": [
                {
                    "word": "2025-04-01",
                    "start": 44,
                    "end": 54,
                    "label": "준식별자"
                },
                {
                    "word": "2025-10-01",
                    "start": 75,
                    "end": 85,
                    "label": "준식별자"
                }
            ]
        },
        {
            "sentence": "감사기록(audit_trail): 2025-03-15T11:00:00Z user_id 양서우 action '기부 등록'; 2025-04-16T09:12:34Z user_id 오유한 action '1차 지급 승인'; 2025-05-02T10:00:00Z user_id 성전진 action '2차 지급 완료'가 불변 로그로 저장됩니다.",
            "id": "sample_056_0098_000025",
            "annotations": [
                {
                    "word": "2025-03-15T11:00:00Z",
                    "start": 19,
                    "end": 39,
                    "label": "준식별자"
                },
                {
                    "word": "양서우",
                    "start": 48,
                    "end": 51,
                    "label": "개인정보"
                },
                {
                    "word": "2025-04-16T09:12:34Z",
                    "start": 68,
                    "end": 88,
                    "label": "준식별자"
                },
                {
                    "word": "오유한",
                    "start": 97,
                    "end": 100,
                    "label": "개인정보"
                },
                {
                    "word": "2025-05-02T10:00:00Z",
                    "start": 120,
                    "end": 140,
                    "label": "준식별자"
                },
                {
                    "word": "성전진",
                    "start": 149,
                    "end": 152,
                    "label": "개인정보"
                }
            ]
        },
        {
            "sentence": "기본 무결성 검사: 필수 필드 존재 여부, 금액 합계 검증(총합 불일치 여부), 날짜 순서 검증을 수행하였고 현재 보고서 기준 이상징후는 발견되지 않았음을 명시합니다.",
            "id": "sample_056_0098_000026",
            "annotations": []
        },
        {
            "sentence": "버전 히스토리: v1.0 작성일 2025-03-16(초안), v1.1 수정일 2025-05-03(지급확인 반영)으로 변경사항과 작성자를 메타데이터로 기록합니다.",
            "id": "sample_056_0098_000027",
            "annotations": [
                {
                    "word": "2025-03-16",
                    "start": 18,
                    "end": 28,
                    "label": "준식별자"
                },
                {
                    "word": "2025-05-03",
                    "start": 43,
                    "end": 53,
                    "label": "준식별자"
                }
            ]
        },
        {
            "sentence": "결론 및 후속조치: 잔액 USD 15000.00에 대한 집행계획 제출을 요청하며, 다음 종합보고는 2025-11-30까지 제출되어야 합니다.",
            "id": "sample_056_0098_000028",
            "annotations": [
                {
                    "word": "2025-11-30",
                    "start": 55,
                    "end": 65,
                    "label": "준식별자"
                }
            ]
        }
    ]
}