{
    "document_id": "056_0038",
    "document_title": "2024년 상반기 지정기금 및 그랜트 집행 보고서",
    "data": [
        {
            "sentence": "문서 개요: 2024년 상반기 지정기금 및 그랜트 집행 보고서입니다.",
            "id": "sample_056_0038_000001",
            "annotations": [
                {
                    "word": "2024년",
                    "start": 7,
                    "end": 12,
                    "label": "준식별자"
                }
            ]
        },
        {
            "sentence": "원천 기금 요약: 총 모금액은 USD 100,000.00이며, 통화 환산 시점의 환율은 1 USD = 1,200 KRW입니다.",
            "id": "sample_056_0038_000002",
            "annotations": [
                {
                    "word": "USD 100,000.00",
                    "start": 17,
                    "end": 31,
                    "label": "기밀정보"
                }
            ]
        },
        {
            "sentence": "기부자 정보: donor_id DNR-2024-038, 공개명칭은 '익명_기부자_01'(가명)로 표기하였으며 donor_type은 기업으로 분류했습니다.",
            "id": "sample_056_0038_000003",
            "annotations": [
                {
                    "word": "DNR-2024-038",
                    "start": 17,
                    "end": 29,
                    "label": "기밀정보"
                }
            ]
        },
        {
            "sentence": "기부일자는 2024-05-15로 기록되었으며, 이는 수령 및 환산 시점과 일치합니다.",
            "id": "sample_056_0038_000004",
            "annotations": [
                {
                    "word": "2024-05-15",
                    "start": 6,
                    "end": 16,
                    "label": "준식별자"
                }
            ]
        },
        {
            "sentence": "기부유형은 일시기부(one-time)이며, 지정기금(restricted_flag: true)으로 60%가 특정 프로그램에 배분됩니다.",
            "id": "sample_056_0038_000005",
            "annotations": []
        },
        {
            "sentence": "지정 목적 설명: '아동 교육 지원 프로그램'으로 restriction_description이 계약서(GA-2024-005)에 명시되어 있습니다.",
            "id": "sample_056_0038_000006",
            "annotations": [
                {
                    "word": "GA-2024-005",
                    "start": 57,
                    "end": 68,
                    "label": "기밀정보"
                }
            ]
        },
        {
            "sentence": "기금 배분 계획: Grant A(grant_id GA-A-001)로 USD 60,000.00을 배정하였고, Grant B(grant_id GA-B-002)로 USD 30,000.00을 배정하여 총 배정액은 USD 90,000.00입니다.",
            "id": "sample_056_0038_000007",
            "annotations": [
                {
                    "word": "GA-A-001",
                    "start": 27,
                    "end": 35,
                    "label": "기밀정보"
                },
                {
                    "word": "USD 60,000.00",
                    "start": 38,
                    "end": 51,
                    "label": "기밀정보"
                },
                {
                    "word": "GA-B-002",
                    "start": 77,
                    "end": 85,
                    "label": "기밀정보"
                },
                {
                    "word": "USD 30,000.00",
                    "start": 88,
                    "end": 101,
                    "label": "기밀정보"
                },
                {
                    "word": "USD 90,000.00",
                    "start": 115,
                    "end": 128,
                    "label": "기밀정보"
                }
            ]
        },
        {
            "sentence": "배분 총합은 원천 기금 USD 100,000.00을 초과하지 않도록 검증 규칙이 적용되었습니다.",
            "id": "sample_056_0038_000008",
            "annotations": [
                {
                    "word": "USD 100,000.00",
                    "start": 13,
                    "end": 27,
                    "label": "기밀정보"
                }
            ]
        },
        {
            "sentence": "환산 내역: Grant A는 USD 60,000.00(또는 KRW 72,000,000)으로 기록되었고 환율은 2024-05-16에 적용되었습니다.",
            "id": "sample_056_0038_000009",
            "annotations": [
                {
                    "word": "USD 60,000.00",
                    "start": 16,
                    "end": 29,
                    "label": "기밀정보"
                },
                {
                    "word": "2024-05-16",
                    "start": 61,
                    "end": 71,
                    "label": "준식별자"
                }
            ]
        },
        {
            "sentence": "신청기관(applicant_org): 사회공헌재단 A(가명), 소재지는 서울특별시 중구로 표기하였습니다.",
            "id": "sample_056_0038_000010",
            "annotations": [
                {
                    "word": "사회공헌재단 A",
                    "start": 21,
                    "end": 29,
                    "label": "준식별자"
                },
                {
                    "word": "서울특별시 중구",
                    "start": 40,
                    "end": 48,
                    "label": "준식별자"
                }
            ]
        },
        {
            "sentence": "신청 담당자(applicant_contact): 한주미(프로젝트 매니저, 내부연락은 기관 전용 채널로 제한)라는 가명명을 사용하였습니다.",
            "id": "sample_056_0038_000011",
            "annotations": [
                {
                    "word": "한주미",
                    "start": 27,
                    "end": 30,
                    "label": "개인정보"
                }
            ]
        },
        {
            "sentence": "사업기간은 project_start_date 2024-06-01부터 project_end_date 2025-05-31까지로 설정되어 있습니다.",
            "id": "sample_056_0038_000012",
            "annotations": [
                {
                    "word": "2024-06-01",
                    "start": 25,
                    "end": 35,
                    "label": "준식별자"
                },
                {
                    "word": "2025-05-31",
                    "start": 55,
                    "end": 65,
                    "label": "준식별자"
                }
            ]
        },
        {
            "sentence": "예산 내역(budget_line_items): 교육비 USD 40,000.00, 운영비 USD 15,000.00, 관리비 USD 5,000.00으로 총 USD 60,000.00입니다.",
            "id": "sample_056_0038_000013",
            "annotations": [
                {
                    "word": "USD 40,000.00",
                    "start": 30,
                    "end": 43,
                    "label": "기밀정보"
                },
                {
                    "word": "USD 15,000.00",
                    "start": 49,
                    "end": 62,
                    "label": "기밀정보"
                },
                {
                    "word": "USD 5,000.00",
                    "start": 68,
                    "end": 80,
                    "label": "기밀정보"
                },
                {
                    "word": "USD 60,000.00",
                    "start": 85,
                    "end": 98,
                    "label": "기밀정보"
                }
            ]
        },
        {
            "sentence": "지급 스케줄(payment_schedule)은 2024-07-01에 선지급 50% 및 성과기반 50%로 분할하도록 정의되었습니다.",
            "id": "sample_056_0038_000014",
            "annotations": [
                {
                    "word": "2024-07-01",
                    "start": 26,
                    "end": 36,
                    "label": "준식별자"
                }
            ]
        },
        {
            "sentence": "집행 기록(disbursement_records): 1차 지급 INV-2024-1001 참조로 USD 30,000.00가 2024-07-02에 이체되었습니다.",
            "id": "sample_056_0038_000015",
            "annotations": [
                {
                    "word": "INV-2024-1001",
                    "start": 35,
                    "end": 48,
                    "label": "기밀정보"
                },
                {
                    "word": "USD 30,000.00",
                    "start": 53,
                    "end": 66,
                    "label": "기밀정보"
                },
                {
                    "word": "2024-07-02",
                    "start": 68,
                    "end": 78,
                    "label": "준식별자"
                }
            ]
        },
        {
            "sentence": "세금계산서 및 영수증: tax_receipt_number TR-2024-0038가 발급되었고, 세무처리 메모를 포함하여 보관합니다.",
            "id": "sample_056_0038_000016",
            "annotations": [
                {
                    "word": "TR-2024-0038",
                    "start": 32,
                    "end": 44,
                    "label": "기밀정보"
                }
            ]
        },
        {
            "sentence": "수혜자 식별(beneficiary_id)은 BEN-001(가명)으로 표기하였으며, beneficiary_consent는 서면동의 보관으로 확인됩니다.",
            "id": "sample_056_0038_000017",
            "annotations": [
                {
                    "word": "BEN-001",
                    "start": 24,
                    "end": 31,
                    "label": "개인정보"
                }
            ]
        },
        {
            "sentence": "모니터링 보고서(monitoring_report)는 중간보고(2024-12-01)와 최종보고(2025-06-15)를 포함하며, 각 보고서의 버전이 기록됩니다.",
            "id": "sample_056_0038_000018",
            "annotations": [
                {
                    "word": "2024-12-01",
                    "start": 34,
                    "end": 44,
                    "label": "준식별자"
                },
                {
                    "word": "2025-06-15",
                    "start": 52,
                    "end": 62,
                    "label": "준식별자"
                }
            ]
        },
        {
            "sentence": "임팩트 메트릭(impact_metrics): 참여아동 수 KPI_enrollment:KPI_value 1,200명을 베이스라인 2024-06-01 대비 측정합니다.",
            "id": "sample_056_0038_000019",
            "annotations": [
                {
                    "word": "2024-06-01",
                    "start": 71,
                    "end": 81,
                    "label": "준식별자"
                }
            ]
        },
        {
            "sentence": "규제 문서(compliance_documents): 계약서 GA-2024-005, MOU MOU-2024-011, 내부감사보고서 Audit-2024-Q2가 메타데이터와 함께 보관됩니다.",
            "id": "sample_056_0038_000020",
            "annotations": [
                {
                    "word": "GA-2024-005",
                    "start": 33,
                    "end": 44,
                    "label": "기밀정보"
                },
                {
                    "word": "MOU-2024-011",
                    "start": 50,
                    "end": 62,
                    "label": "기밀정보"
                },
                {
                    "word": "Audit-2024-Q2",
                    "start": 72,
                    "end": 85,
                    "label": "기밀정보"
                }
            ]
        },
        {
            "sentence": "AML/KYC 검토 결과는 대규모 기부자에 대해 민보성이 최종 승인하였음을 감사기록으로 남겼습니다.",
            "id": "sample_056_0038_000021",
            "annotations": [
                {
                    "word": "민보성",
                    "start": 27,
                    "end": 30,
                    "label": "개인정보"
                }
            ]
        },
        {
            "sentence": "감사 추적(audit_trail): entry_timestamp 2024-05-20T09:15:00Z, user_id 민보성, action 'KYC 승인'으로 기록되었습니다.",
            "id": "sample_056_0038_000022",
            "annotations": [
                {
                    "word": "2024-05-20T09:15:00Z",
                    "start": 36,
                    "end": 56,
                    "label": "준식별자"
                },
                {
                    "word": "민보성",
                    "start": 66,
                    "end": 69,
                    "label": "개인정보"
                }
            ]
        },
        {
            "sentence": "추가 추적: entry_timestamp 2024-06-10T14:30:00Z, user_id 양제인, action '지급 완료' 항목이 버전 히스토리에 추가되었습니다.",
            "id": "sample_056_0038_000023",
            "annotations": [
                {
                    "word": "2024-06-10T14:30:00Z",
                    "start": 23,
                    "end": 43,
                    "label": "준식별자"
                },
                {
                    "word": "양제인",
                    "start": 53,
                    "end": 56,
                    "label": "개인정보"
                }
            ]
        },
        {
            "sentence": "보고 및 버전관리 규칙: 모든 문서 변경은 불변 타임스탬프와 버전번호(v1.0→v1.1)를 포함하여 기록됩니다.",
            "id": "sample_056_0038_000024",
            "annotations": []
        },
        {
            "sentence": "리스크 및 이상징후: 배분 총합과 집행 내역을 비교하여 정합성 검사 결과 이상 없음으로 판정되었습니다.",
            "id": "sample_056_0038_000025",
            "annotations": []
        },
        {
            "sentence": "결론: 현재 잔액 fund_balance은 USD 10,000.00이며, 향후 집행계획에 따라 재할당될 예정입니다.",
            "id": "sample_056_0038_000026",
            "annotations": [
                {
                    "word": "USD 10,000.00",
                    "start": 24,
                    "end": 37,
                    "label": "기밀정보"
                }
            ]
        },
        {
            "sentence": "권고 및 액션 아이템: 2024-07-15까지 중간보고 제출, AML 추가 검토 및 환율 변동 리스크 분석을 수행하십시오.",
            "id": "sample_056_0038_000027",
            "annotations": [
                {
                    "word": "2024-07-15",
                    "start": 13,
                    "end": 23,
                    "label": "준식별자"
                }
            ]
        },
        {
            "sentence": "참조 연락처: 내부담당 우진서(가명)를 지정하였으나 외부 공개 연락처는 별도 절차로 관리합니다.",
            "id": "sample_056_0038_000028",
            "annotations": [
                {
                    "word": "우진서",
                    "start": 13,
                    "end": 16,
                    "label": "개인정보"
                }
            ]
        }
    ]
}