{
    "document_id": "056_0070",
    "document_title": "기부 수령 및 그랜트 집행 보고서 - 청소년 역량강화 사업",
    "data": [
        {
            "sentence": "본 문서는 유럽 기부 수령 및 국내 집행을 위한 자선 및 그랜트 관리(Grant Management) 기록입니다.",
            "id": "sample_056_0070_000001",
            "annotations": []
        },
        {
            "sentence": "기부자는 고유 donor_id 'DON_0001'로 등록되어 있으며, 기부자 명칭은 임지민(가명)으로 기록되어 있습니다.",
            "id": "sample_056_0070_000002",
            "annotations": [
                {
                    "word": "DON_0001",
                    "start": 18,
                    "end": 26,
                    "label": "개인정보"
                },
                {
                    "word": "임지민",
                    "start": 47,
                    "end": 50,
                    "label": "개인정보"
                }
            ]
        },
        {
            "sentence": "기부자 유형(donor_type)은 개인(Individual)으로 분류되었습니다.",
            "id": "sample_056_0070_000003",
            "annotations": []
        },
        {
            "sentence": "기부 금액(donation_amount)은 50,000 EUR이며 원본 통화와 환산 통화를 모두 보존합니다.",
            "id": "sample_056_0070_000004",
            "annotations": []
        },
        {
            "sentence": "환산 정보는 환율(currency_exchange_rate) 1 EUR = 1350 KRW(환산시점: 2024-11-21)로 기록되어 환산액은 67,500,000 KRW입니다.",
            "id": "sample_056_0070_000005",
            "annotations": [
                {
                    "word": "2024-11-21",
                    "start": 57,
                    "end": 67,
                    "label": "준식별자"
                }
            ]
        },
        {
            "sentence": "기부 유형(donation_type)은 일시(lump-sum)이며, 약정(pledge_schedule)은 없습니다.",
            "id": "sample_056_0070_000006",
            "annotations": []
        },
        {
            "sentence": "관련 캠페인(campaign_id)은 CAMP_2024_FALL로 태깅되어 캠페인별 계절성 데이터를 보존합니다.",
            "id": "sample_056_0070_000007",
            "annotations": []
        },
        {
            "sentence": "해당 기부금은 지정기금(restricted_flag: true)으로 분류되어 사용 목적이 제한됩니다.",
            "id": "sample_056_0070_000008",
            "annotations": []
        },
        {
            "sentence": "지정 목적 설명(restriction_description)은 '청소년 직업훈련 프로그램'이며 계약상 사용처 확인이 요구됩니다.",
            "id": "sample_056_0070_000009",
            "annotations": []
        },
        {
            "sentence": "그랜트 기록은 grant_id 'GR_2024_010'로 생성되었고, 제목(grant_title)은 '청소년 역량강화 사업'입니다.",
            "id": "sample_056_0070_000010",
            "annotations": []
        },
        {
            "sentence": "신청기관(applicant_org)은 희망재단(가칭)으로 표기되었고, 담당 연락처(applicant_contact)로 조무경(가명)이 지정되었습니다.",
            "id": "sample_056_0070_000011",
            "annotations": [
                {
                    "word": "조무경",
                    "start": 66,
                    "end": 69,
                    "label": "개인정보"
                }
            ]
        },
        {
            "sentence": "프로젝트 시작일(project_start_date)은 2025-01-15이고 종료일(project_end_date)은 2025-12-31로 설정되었습니다.",
            "id": "sample_056_0070_000012",
            "annotations": [
                {
                    "word": "2025-01-15",
                    "start": 30,
                    "end": 40,
                    "label": "준식별자"
                },
                {
                    "word": "2025-12-31",
                    "start": 66,
                    "end": 76,
                    "label": "준식별자"
                }
            ]
        },
        {
            "sentence": "예산 항목(budget_line_items)은 교육비 25,000 EUR, 운영비 15,000 EUR, 관리비 10,000 EUR로 총합은 50,000 EUR입니다.",
            "id": "sample_056_0070_000013",
            "annotations": []
        },
        {
            "sentence": "지급 일정(payment_schedule)은 1차 30% 선지급, 2차 40% 중간보고 후, 3차 30% 종료보고 후로 설계되어 있습니다.",
            "id": "sample_056_0070_000014",
            "annotations": []
        },
        {
            "sentence": "집행 기록(disbursement_records)은 2025-02-01에 15,000 EUR, 2025-06-30에 20,000 EUR, 2025-12-15에 15,000 EUR로 등록되어 있습니다.",
            "id": "sample_056_0070_000015",
            "annotations": [
                {
                    "word": "2025-02-01",
                    "start": 29,
                    "end": 39,
                    "label": "준식별자"
                },
                {
                    "word": "2025-06-30",
                    "start": 53,
                    "end": 63,
                    "label": "준식별자"
                },
                {
                    "word": "2025-12-15",
                    "start": 77,
                    "end": 87,
                    "label": "준식별자"
                }
            ]
        },
        {
            "sentence": "각 지급의 인보이스(invoice_reference)는 INV-GR-010-001 등으로 연결되어 관련 장부에 보관됩니다.",
            "id": "sample_056_0070_000016",
            "annotations": []
        },
        {
            "sentence": "지출 분류(expense_category)은 교육비, 운영비, 관리비로 세분화되어 회계 항목에 매핑됩니다.",
            "id": "sample_056_0070_000017",
            "annotations": []
        },
        {
            "sentence": "중간 마일스톤(milestone)은 '중간보고서 제출'이며 상태(milestone_status)는 '완료'로 표시됩니다.",
            "id": "sample_056_0070_000018",
            "annotations": []
        },
        {
            "sentence": "모니터링 보고서(monitoring_report)는 중간보고와 종료보고로 구성되며, 자료는 M&E 템플릿에 따라 표준화됩니다.",
            "id": "sample_056_0070_000019",
            "annotations": []
        },
        {
            "sentence": "임팩트 메트릭(impact_metrics)은 참가자 수, 취업률 상승 등의 KPI로 정의되며 측정방법·베이스라인을 명시합니다.",
            "id": "sample_056_0070_000020",
            "annotations": []
        },
        {
            "sentence": "예를 들어 KPI '참가자수'는 베이스라인 800명 대비 중간 1,000명(측정시점: 2025-06-30)으로 기록되었습니다.",
            "id": "sample_056_0070_000021",
            "annotations": [
                {
                    "word": "2025-06-30",
                    "start": 48,
                    "end": 58,
                    "label": "준식별자"
                }
            ]
        },
        {
            "sentence": "수혜자(beneficiary_id)는 BEN_0001로 익명화되어 있으며, beneficiary_consent는 서면 동의서가 확보되어 있습니다.",
            "id": "sample_056_0070_000022",
            "annotations": []
        },
        {
            "sentence": "규정 준수 문서(compliance_documents)로는 MOU_ID MOU_2024_010, Grant Agreement GA_2024_010, 감사보고서(audit_report)가 첨부되어 있습니다.",
            "id": "sample_056_0070_000023",
            "annotations": []
        },
        {
            "sentence": "세금영수증 번호(tax_receipt_number)는 TR-2024-0070으로 발급되었으며 세무 신고 메타데이터에 저장됩니다.",
            "id": "sample_056_0070_000024",
            "annotations": []
        },
        {
            "sentence": "기금 잔액(fund_balance)은 원화 환산기준 0 EUR(0 KRW)로 집계되어 배분 총합이 원천 기금 총액을 초과하지 않음을 검증했습니다.",
            "id": "sample_056_0070_000025",
            "annotations": []
        },
        {
            "sentence": "감사 추적(audit_trail)에는 entry_timestamp 2024-11-21T09:15:00Z, user_id 엄장수, action '기부 등록'이 불변 레코드로 저장되어 있습니다.",
            "id": "sample_056_0070_000026",
            "annotations": [
                {
                    "word": "2024-11-21T09:15:00Z",
                    "start": 37,
                    "end": 57,
                    "label": "준식별자"
                },
                {
                    "word": "엄장수",
                    "start": 67,
                    "end": 70,
                    "label": "개인정보"
                }
            ]
        },
        {
            "sentence": "추가 감사 항목으로 2024-11-22T14:02:00Z에 user_id 권대성에 의해 action '지급 승인'이 기록되어 버전 히스토리가 유지됩니다.",
            "id": "sample_056_0070_000027",
            "annotations": [
                {
                    "word": "2024-11-22T14:02:00Z",
                    "start": 11,
                    "end": 31,
                    "label": "준식별자"
                },
                {
                    "word": "권대성",
                    "start": 41,
                    "end": 44,
                    "label": "개인정보"
                }
            ]
        },
        {
            "sentence": "재무 무결성 검증은 필수 필드 존재, 금액 합계, 날짜 순서를 확인했고 이상 징후는 발견되지 않았음을 보고합니다.",
            "id": "sample_056_0070_000028",
            "annotations": []
        },
        {
            "sentence": "지급을 위한 계좌정보 및 후원금 세부 내역은 기밀로 분류되어 별도 보안 저장소에 암호화되어 있습니다.",
            "id": "sample_056_0070_000029",
            "annotations": [
                {
                    "word": "계좌정보",
                    "start": 7,
                    "end": 11,
                    "label": "기밀정보"
                },
                {
                    "word": "후원금 세부 내역",
                    "start": 14,
                    "end": 23,
                    "label": "기밀정보"
                }
            ]
        },
        {
            "sentence": "문서 버전(version) 1.2는 변경 사유와 함께 모든 수정에 대해 타임스탬프와 사용자를 포함한 로그를 보관합니다.",
            "id": "sample_056_0070_000030",
            "annotations": []
        }
    ]
}