{
    "document_id": "056_0095",
    "document_title": "지정기금(청소년 교육프로그램) 관리 및 집행·감사 보고서",
    "data": [
        {
            "sentence": "문서 개요: 본 문서는 지정기금 '청소년 교육프로그램'의 기금관리, 집행, 모니터링 및 보고 절차를 기술한다.",
            "id": "sample_056_0095_000001",
            "annotations": []
        },
        {
            "sentence": "목적: 기부자의 의도(stewardship)를 준수하고 회계 투명성 및 감사가능성(auditability)을 확보하기 위한 내부 프로세스를 명시한다.",
            "id": "sample_056_0095_000002",
            "annotations": []
        },
        {
            "sentence": "적용범위: 본 문서는 모든 관련 기부, 그랜트 신청, 지급기록, 중간 및 종결 보고서, 그리고 AML/KYC 절차에 적용된다.",
            "id": "sample_056_0095_000003",
            "annotations": []
        },
        {
            "sentence": "기부자 요약: donor_id DONOR_0001, donor_name 하인선(가명), donor_type 개인.",
            "id": "sample_056_0095_000004",
            "annotations": [
                {
                    "word": "DONOR_0001",
                    "start": 17,
                    "end": 27,
                    "label": "개인정보"
                },
                {
                    "word": "하인선(가명)",
                    "start": 40,
                    "end": 47,
                    "label": "개인정보"
                }
            ]
        },
        {
            "sentence": "기부 내역: donation_amount 100,000,000 KRW, currency KRW, donation_date 2024-03-15, donation_type 일시.",
            "id": "sample_056_0095_000005",
            "annotations": [
                {
                    "word": "100,000,000 KRW",
                    "start": 23,
                    "end": 38,
                    "label": "기밀정보"
                },
                {
                    "word": "2024-03-15",
                    "start": 68,
                    "end": 78,
                    "label": "준식별자"
                }
            ]
        },
        {
            "sentence": "약정 및 지급계획: pledge_schedule 없음, restricted_flag true로 태깅되어 집행 목적이 제한된다.",
            "id": "sample_056_0095_000006",
            "annotations": []
        },
        {
            "sentence": "제한 설명: restriction_description '청소년 교육프로그램(서울특별시)'로 서울특별시 내 프로그램만 지원하도록 규정한다.",
            "id": "sample_056_0095_000007",
            "annotations": [
                {
                    "word": "서울특별시",
                    "start": 43,
                    "end": 48,
                    "label": "준식별자"
                },
                {
                    "word": "서울특별시",
                    "start": 52,
                    "end": 57,
                    "label": "준식별자"
                }
            ]
        },
        {
            "sentence": "그랜트 개요: grant_id GRANT_2024_001, grant_title '청소년 역량강화 프로젝트', applicant_org 청소년미래재단.",
            "id": "sample_056_0095_000008",
            "annotations": []
        },
        {
            "sentence": "신청기관 연락처: applicant_contact 담당자 한서율(가명), 역할 프로그램 매니저.",
            "id": "sample_056_0095_000009",
            "annotations": [
                {
                    "word": "한서율(가명)",
                    "start": 32,
                    "end": 39,
                    "label": "개인정보"
                }
            ]
        },
        {
            "sentence": "프로젝트 기간: project_start_date 2024-06-01, project_end_date 2025-05-31로 일정이 설정되었다.",
            "id": "sample_056_0095_000010",
            "annotations": [
                {
                    "word": "2024-06-01",
                    "start": 28,
                    "end": 38,
                    "label": "준식별자"
                },
                {
                    "word": "2025-05-31",
                    "start": 57,
                    "end": 67,
                    "label": "준식별자"
                }
            ]
        },
        {
            "sentence": "예산 항목: budget_line_items 인건비 20,000,000 KRW, 물품비 30,000,000 KRW, 교육운영비 40,000,000 KRW, 관리비 10,000,000 KRW, 총합 100,000,000 KRW.",
            "id": "sample_056_0095_000011",
            "annotations": [
                {
                    "word": "20,000,000 KRW",
                    "start": 29,
                    "end": 43,
                    "label": "기밀정보"
                },
                {
                    "word": "30,000,000 KRW",
                    "start": 49,
                    "end": 63,
                    "label": "기밀정보"
                },
                {
                    "word": "40,000,000 KRW",
                    "start": 71,
                    "end": 85,
                    "label": "기밀정보"
                },
                {
                    "word": "10,000,000 KRW",
                    "start": 91,
                    "end": 105,
                    "label": "기밀정보"
                },
                {
                    "word": "100,000,000 KRW",
                    "start": 110,
                    "end": 125,
                    "label": "기밀정보"
                }
            ]
        },
        {
            "sentence": "지급 스케줄: payment_schedule 1차 2024-06-15 25,000,000 KRW, 2차 2024-09-15 25,000,000 KRW, 3차 2024-12-15 25,000,000 KRW, 4차 2025-03-15 25,000,000 KRW.",
            "id": "sample_056_0095_000012",
            "annotations": [
                {
                    "word": "2024-06-15",
                    "start": 28,
                    "end": 38,
                    "label": "준식별자"
                },
                {
                    "word": "2024-09-15",
                    "start": 58,
                    "end": 68,
                    "label": "준식별자"
                },
                {
                    "word": "2024-12-15",
                    "start": 88,
                    "end": 98,
                    "label": "준식별자"
                },
                {
                    "word": "2025-03-15",
                    "start": 118,
                    "end": 128,
                    "label": "준식별자"
                },
                {
                    "word": "25,000,000 KRW",
                    "start": 39,
                    "end": 53,
                    "label": "기밀정보"
                },
                {
                    "word": "25,000,000 KRW",
                    "start": 69,
                    "end": 83,
                    "label": "기밀정보"
                },
                {
                    "word": "25,000,000 KRW",
                    "start": 99,
                    "end": 113,
                    "label": "기밀정보"
                },
                {
                    "word": "25,000,000 KRW",
                    "start": 129,
                    "end": 143,
                    "label": "기밀정보"
                }
            ]
        },
        {
            "sentence": "집행 기록: disbursement_records에는 지급일, 금액, 수령기관, 송금참조(invoice_reference)가 포함된다; 예: INV-2024-00045.",
            "id": "sample_056_0095_000013",
            "annotations": []
        },
        {
            "sentence": "지출 분류: expense_category는 인건비, 물품비, 교육운영비, 관리비로 표준화되어 있으며 회계코드 매핑이 적용된다.",
            "id": "sample_056_0095_000014",
            "annotations": []
        },
        {
            "sentence": "마일스톤: 기초조사 완료(milestone 1) 2024-07-01 완료로 상태 milestone_status '완료'로 표기되었다.",
            "id": "sample_056_0095_000015",
            "annotations": [
                {
                    "word": "2024-07-01",
                    "start": 27,
                    "end": 37,
                    "label": "준식별자"
                }
            ]
        },
        {
            "sentence": "모니터링 보고서: monitoring_report 중간보고서는 2024-11-30에 제출되어 KPI 및 활동로그가 포함되었다.",
            "id": "sample_056_0095_000016",
            "annotations": [
                {
                    "word": "2024-11-30",
                    "start": 35,
                    "end": 45,
                    "label": "준식별자"
                }
            ]
        },
        {
            "sentence": "임팩트 메트릭: baseline 성취율 65% (측정일 2024-06-01), 종료 성취율 82% (측정일 2025-05-31)로 비교 가능하도록 측정방법과 시점을 기록한다.",
            "id": "sample_056_0095_000017",
            "annotations": [
                {
                    "word": "2024-06-01",
                    "start": 31,
                    "end": 41,
                    "label": "준식별자"
                },
                {
                    "word": "2025-05-31",
                    "start": 60,
                    "end": 70,
                    "label": "준식별자"
                }
            ]
        },
        {
            "sentence": "수혜자 정보: beneficiary_id BEN_0101(가명), beneficiary_consent true, 민감정보는 익명화하여 저장한다.",
            "id": "sample_056_0095_000018",
            "annotations": [
                {
                    "word": "BEN_0101(가명)",
                    "start": 23,
                    "end": 35,
                    "label": "개인정보"
                }
            ]
        },
        {
            "sentence": "규정·준수 문서: MOU 발행일 2024-04-01, 발행자 청소년미래재단, 식별번호 MOU-2024-07으로 메타데이터를 보존한다; 서명자 진찬후.",
            "id": "sample_056_0095_000019",
            "annotations": [
                {
                    "word": "2024-04-01",
                    "start": 18,
                    "end": 28,
                    "label": "준식별자"
                },
                {
                    "word": "진찬후",
                    "start": 79,
                    "end": 82,
                    "label": "개인정보"
                }
            ]
        },
        {
            "sentence": "세무·영수증: tax_receipt_number TR-2024-0950는 세무 증빙으로 보관하며 발행일 및 발행기관을 기록한다.",
            "id": "sample_056_0095_000020",
            "annotations": []
        },
        {
            "sentence": "캠페인 연동: campaign_id CAMPAIGN_SPRING_2024을 통해 계절성·캠페인별 분포를 반영한 데이터 샘플링을 수행한다.",
            "id": "sample_056_0095_000021",
            "annotations": []
        },
        {
            "sentence": "기금 잔액: fund_balance 초기 100,000,000 KRW에서 1차 지급 후 잔액 75,000,000 KRW로 대차대조가 기록된다.",
            "id": "sample_056_0095_000022",
            "annotations": [
                {
                    "word": "75,000,000 KRW",
                    "start": 52,
                    "end": 66,
                    "label": "기밀정보"
                },
                {
                    "word": "100,000,000 KRW",
                    "start": 23,
                    "end": 38,
                    "label": "기밀정보"
                }
            ]
        },
        {
            "sentence": "감사 추적(audit_trail): entry_timestamp 2024-03-15T10:23:45Z, user_id 진찬후, action '기부 등록'이 생성되었다.",
            "id": "sample_056_0095_000023",
            "annotations": [
                {
                    "word": "2024-03-15T10:23:45Z",
                    "start": 36,
                    "end": 56,
                    "label": "준식별자"
                },
                {
                    "word": "진찬후",
                    "start": 66,
                    "end": 69,
                    "label": "개인정보"
                }
            ]
        },
        {
            "sentence": "감사 추적: entry_timestamp 2024-06-01T09:00:00Z, user_id 손수홍, action '1차 지급 승인'이 기록되었다.",
            "id": "sample_056_0095_000024",
            "annotations": [
                {
                    "word": "2024-06-01T09:00:00Z",
                    "start": 23,
                    "end": 43,
                    "label": "준식별자"
                },
                {
                    "word": "손수홍",
                    "start": 53,
                    "end": 56,
                    "label": "개인정보"
                }
            ]
        },
        {
            "sentence": "환율 정보: currency_exchange_rate 환율 1 USD = 1,200 KRW, 환산 시점 2024-03-15로 원본 및 환산액을 모두 보존한다.",
            "id": "sample_056_0095_000025",
            "annotations": [
                {
                    "word": "2024-03-15",
                    "start": 58,
                    "end": 68,
                    "label": "준식별자"
                }
            ]
        },
        {
            "sentence": "버전 히스토리: version 1.0 생성일 2024-03-15 작성자 하인선(가명), 변경사항 로그는 불변의 타임스탬프 기반으로 보관된다.",
            "id": "sample_056_0095_000026",
            "annotations": [
                {
                    "word": "2024-03-15",
                    "start": 25,
                    "end": 35,
                    "label": "준식별자"
                },
                {
                    "word": "하인선(가명)",
                    "start": 40,
                    "end": 47,
                    "label": "개인정보"
                }
            ]
        }
    ]
}