{
    "document_id": "056_0027",
    "document_title": "지정기금 운영 및 지급 기록 보고서",
    "data": [
        {
            "sentence": "본 문서는 지정기금 운영·지급·모니터링을 위한 내부 더미 보고서로, 기관 템플릿을 모사하여 생성되었습니다.",
            "id": "sample_056_0027_000001",
            "annotations": []
        },
        {
            "sentence": "기부자 요약: donor_id DNR-20250115-0001, donor_name 지가호(가명), donor_type: 개인으로 등록되어 있습니다.",
            "id": "sample_056_0027_000002",
            "annotations": [
                {
                    "word": "DNR-20250115-0001",
                    "start": 17,
                    "end": 34,
                    "label": "개인정보"
                },
                {
                    "word": "지가호",
                    "start": 47,
                    "end": 50,
                    "label": "개인정보"
                }
            ]
        },
        {
            "sentence": "기부금 총액은 USD 150,000.00(원화 환산: KRW 165,000,000, 환율 1,100.00 적용, 환산 시점 2025년 01월 15일)입니다.",
            "id": "sample_056_0027_000003",
            "annotations": [
                {
                    "word": "USD 150,000.00",
                    "start": 8,
                    "end": 22,
                    "label": "기밀정보"
                },
                {
                    "word": "KRW 165,000,000",
                    "start": 30,
                    "end": 45,
                    "label": "기밀정보"
                },
                {
                    "word": "환율 1,100.00",
                    "start": 47,
                    "end": 58,
                    "label": "기밀정보"
                },
                {
                    "word": "2025년",
                    "start": 69,
                    "end": 74,
                    "label": "준식별자"
                },
                {
                    "word": "01월",
                    "start": 75,
                    "end": 78,
                    "label": "준식별자"
                },
                {
                    "word": "15일",
                    "start": 79,
                    "end": 82,
                    "label": "준식별자"
                }
            ]
        },
        {
            "sentence": "기부 유형은 일시 기부(one-time)로 표기되며 정기 약정은 존재하지 않습니다.",
            "id": "sample_056_0027_000004",
            "annotations": []
        },
        {
            "sentence": "약정 스케줄(pledge_schedule)은 해당 건에 적용되지 않으나 시스템에는 빈 스케줄 레코드가 보존됩니다.",
            "id": "sample_056_0027_000005",
            "annotations": []
        },
        {
            "sentence": "본 기탁금은 지정기금(restricted)으로 태깅되었으며 사용 목적은 교육지원 프로그램으로 한정됩니다.",
            "id": "sample_056_0027_000006",
            "annotations": []
        },
        {
            "sentence": "그랜트 정보: grant_id GR-2025-003, grant_title '청년학습지원 프로그램 운영'로 등록되어 있습니다.",
            "id": "sample_056_0027_000007",
            "annotations": [
                {
                    "word": "GR-2025-003",
                    "start": 17,
                    "end": 28,
                    "label": "기밀정보"
                }
            ]
        },
        {
            "sentence": "신청기관은 수혜기관-익명화001이며 신청자 담당자는 임태우(가명)로 연락처는 내부 암호화 필드로 저장됩니다.",
            "id": "sample_056_0027_000008",
            "annotations": [
                {
                    "word": "임태우",
                    "start": 29,
                    "end": 32,
                    "label": "개인정보"
                }
            ]
        },
        {
            "sentence": "신청자 연락처는 외부 노출 금지로 암호화 처리되며, AML/KYC 데이터는 별도 안전영역에 저장됩니다.",
            "id": "sample_056_0027_000009",
            "annotations": []
        },
        {
            "sentence": "프로젝트 기간은 프로젝트 시작일 2025년 03월 01일, 프로젝트 종료일 2026년 02월 28일로 설정되어 있습니다.",
            "id": "sample_056_0027_000010",
            "annotations": [
                {
                    "word": "2025년",
                    "start": 18,
                    "end": 23,
                    "label": "준식별자"
                },
                {
                    "word": "03월",
                    "start": 24,
                    "end": 27,
                    "label": "준식별자"
                },
                {
                    "word": "01일",
                    "start": 28,
                    "end": 31,
                    "label": "준식별자"
                },
                {
                    "word": "2026년",
                    "start": 42,
                    "end": 47,
                    "label": "준식별자"
                },
                {
                    "word": "02월",
                    "start": 48,
                    "end": 51,
                    "label": "준식별자"
                },
                {
                    "word": "28일",
                    "start": 52,
                    "end": 55,
                    "label": "준식별자"
                }
            ]
        },
        {
            "sentence": "예산 명세서 주요 항목: 인건비 USD 60,000.00, 운영비 USD 40,000.00, 프로그램비 USD 50,000.00, 총합 USD 150,000.00입니다.",
            "id": "sample_056_0027_000011",
            "annotations": [
                {
                    "word": "USD 60,000.00",
                    "start": 18,
                    "end": 31,
                    "label": "기밀정보"
                },
                {
                    "word": "USD 40,000.00",
                    "start": 37,
                    "end": 50,
                    "label": "기밀정보"
                },
                {
                    "word": "USD 50,000.00",
                    "start": 58,
                    "end": 71,
                    "label": "기밀정보"
                },
                {
                    "word": "USD 150,000.00",
                    "start": 76,
                    "end": 90,
                    "label": "기밀정보"
                }
            ]
        },
        {
            "sentence": "restricted_flag: true; restriction_description: 장학금 및 워크숍 운영비 전용으로 계약상 사용목적이 명시되어 있습니다.",
            "id": "sample_056_0027_000012",
            "annotations": []
        },
        {
            "sentence": "지급 스케줄(payment_schedule)은 1차 2025년 03월 15일 USD 80,000.00, 2차 2025년 07월 10일 USD 70,000.00로 계획되었습니다.",
            "id": "sample_056_0027_000013",
            "annotations": [
                {
                    "word": "2025년",
                    "start": 29,
                    "end": 34,
                    "label": "준식별자"
                },
                {
                    "word": "2025년",
                    "start": 61,
                    "end": 66,
                    "label": "준식별자"
                },
                {
                    "word": "03월",
                    "start": 35,
                    "end": 38,
                    "label": "준식별자"
                },
                {
                    "word": "15일",
                    "start": 39,
                    "end": 42,
                    "label": "준식별자"
                },
                {
                    "word": "07월",
                    "start": 67,
                    "end": 70,
                    "label": "준식별자"
                },
                {
                    "word": "10일",
                    "start": 71,
                    "end": 74,
                    "label": "준식별자"
                },
                {
                    "word": "USD 80,000.00",
                    "start": 43,
                    "end": 56,
                    "label": "기밀정보"
                },
                {
                    "word": "USD 70,000.00",
                    "start": 75,
                    "end": 88,
                    "label": "기밀정보"
                }
            ]
        },
        {
            "sentence": "disbursement_records에는 2025년 03월 15일 지급완료(트랜잭션 TRX-20250315-045)와 2025년 07월 10일 지급완료(TRX-20250710-088)가 기록되어 있습니다.",
            "id": "sample_056_0027_000014",
            "annotations": [
                {
                    "word": "2025년",
                    "start": 23,
                    "end": 28,
                    "label": "준식별자"
                },
                {
                    "word": "2025년",
                    "start": 66,
                    "end": 71,
                    "label": "준식별자"
                },
                {
                    "word": "03월",
                    "start": 29,
                    "end": 32,
                    "label": "준식별자"
                },
                {
                    "word": "15일",
                    "start": 33,
                    "end": 36,
                    "label": "준식별자"
                },
                {
                    "word": "TRX-20250315-045",
                    "start": 47,
                    "end": 63,
                    "label": "기밀정보"
                },
                {
                    "word": "07월",
                    "start": 72,
                    "end": 75,
                    "label": "준식별자"
                },
                {
                    "word": "10일",
                    "start": 76,
                    "end": 79,
                    "label": "준식별자"
                },
                {
                    "word": "TRX-20250710-088",
                    "start": 85,
                    "end": 101,
                    "label": "기밀정보"
                }
            ]
        },
        {
            "sentence": "청구서 및 회계참조: invoice_reference INV-20250710-77; tax_receipt_number TR-2025-00089가 회계에 등록되었습니다.",
            "id": "sample_056_0027_000015",
            "annotations": [
                {
                    "word": "INV-20250710-77",
                    "start": 30,
                    "end": 45,
                    "label": "기밀정보"
                },
                {
                    "word": "TR-2025-00089",
                    "start": 66,
                    "end": 79,
                    "label": "기밀정보"
                }
            ]
        },
        {
            "sentence": "지출 카테고리는 교육비와 행정비로 분류되며, 각 라인아이템은 재무 코드와 매핑되어 이중 기록(double-entry) 원칙을 따릅니다.",
            "id": "sample_056_0027_000016",
            "annotations": []
        },
        {
            "sentence": "마일스톤 정의: M1 입학자 선발(상태: 완료), M2 중간보고(상태: 예정), 각 마일스톤은 KPI 연동으로 상태가 업데이트됩니다.",
            "id": "sample_056_0027_000017",
            "annotations": []
        },
        {
            "sentence": "중간 모니터링 리포트는 M&E 지표와 정성적 서술을 포함하고, 데이터 수집 도구와 베이스라인을 명시합니다.",
            "id": "sample_056_0027_000018",
            "annotations": []
        },
        {
            "sentence": "임팩트 메트릭 예시: KPI '참가자 취업률'은 베이스라인 12개월 45%에서 24개월 62%로 측정되어 시점별 개선이 보고되었습니다.",
            "id": "sample_056_0027_000019",
            "annotations": []
        },
        {
            "sentence": "수혜자 정보: beneficiary_id BEN-0003(익명화된 식별자)이며 수혜자 동의 문서는 서면으로 확보되어 있습니다.",
            "id": "sample_056_0027_000020",
            "annotations": [
                {
                    "word": "BEN-0003",
                    "start": 23,
                    "end": 31,
                    "label": "개인정보"
                }
            ]
        },
        {
            "sentence": "규정·계약서 첨부: MOU-2025-004(발행일 2025년 01월 20일, 발행자 한윤검), Grant Agreement GA-2025-004가 포함되어 있습니다.",
            "id": "sample_056_0027_000021",
            "annotations": [
                {
                    "word": "MOU-2025-004",
                    "start": 11,
                    "end": 23,
                    "label": "기밀정보"
                },
                {
                    "word": "2025년",
                    "start": 28,
                    "end": 33,
                    "label": "준식별자"
                },
                {
                    "word": "01월",
                    "start": 34,
                    "end": 37,
                    "label": "준식별자"
                },
                {
                    "word": "20일",
                    "start": 38,
                    "end": 41,
                    "label": "준식별자"
                },
                {
                    "word": "한윤검",
                    "start": 47,
                    "end": 50,
                    "label": "개인정보"
                },
                {
                    "word": "GA-2025-004",
                    "start": 69,
                    "end": 80,
                    "label": "기밀정보"
                }
            ]
        },
        {
            "sentence": "AML/KYC 및 세무 증빙은 대규모 기부에 대해 필수이며 관련 문서는 안전한 감사 저장소에 보관됩니다.",
            "id": "sample_056_0027_000022",
            "annotations": []
        },
        {
            "sentence": "감사기록(audit_trail)은 불변 타임스탬프 기반으로 저장되며 예시: 2025년 01월 16일T09:12:00Z에 사용자 류용준이 '승인'을 수행했습니다.",
            "id": "sample_056_0027_000023",
            "annotations": [
                {
                    "word": "2025년",
                    "start": 42,
                    "end": 47,
                    "label": "준식별자"
                },
                {
                    "word": "01월",
                    "start": 48,
                    "end": 51,
                    "label": "준식별자"
                },
                {
                    "word": "16일",
                    "start": 52,
                    "end": 55,
                    "label": "준식별자"
                },
                {
                    "word": "류용준",
                    "start": 71,
                    "end": 74,
                    "label": "개인정보"
                }
            ]
        },
        {
            "sentence": "버전 히스토리: v1.0 초기(2025년 01월 16일), v1.1 감수(2025년 01월 18일)로 기록되어 변경 이력이 보존됩니다.",
            "id": "sample_056_0027_000024",
            "annotations": [
                {
                    "word": "2025년",
                    "start": 17,
                    "end": 22,
                    "label": "준식별자"
                },
                {
                    "word": "2025년",
                    "start": 41,
                    "end": 46,
                    "label": "준식별자"
                },
                {
                    "word": "01월",
                    "start": 23,
                    "end": 26,
                    "label": "준식별자"
                },
                {
                    "word": "01월",
                    "start": 47,
                    "end": 50,
                    "label": "준식별자"
                },
                {
                    "word": "16일",
                    "start": 27,
                    "end": 30,
                    "label": "준식별자"
                },
                {
                    "word": "18일",
                    "start": 51,
                    "end": 54,
                    "label": "준식별자"
                }
            ]
        },
        {
            "sentence": "무결성 검사 결과: 필수 필드 존재 확인, 기금 총합과 배분 총합 일치(USD 150,000.00) 확인, 날짜 순서 및 환산 시점 일치 확인이 완료되었습니다.",
            "id": "sample_056_0027_000025",
            "annotations": [
                {
                    "word": "USD 150,000.00",
                    "start": 40,
                    "end": 54,
                    "label": "기밀정보"
                }
            ]
        },
        {
            "sentence": "향후 조치: 지급 완료 후 영수증 발급, 세무보고 제출, 중간보고 검토 후 최종지급 및 종결보고서를 생성합니다.",
            "id": "sample_056_0027_000026",
            "annotations": []
        },
        {
            "sentence": "개인정보 처리 고지: 기부자·수혜자 개인정보는 가명처리·암호화되어 저장되며 분석용 샘플은 역식별 불가능하게 익명화됩니다.",
            "id": "sample_056_0027_000027",
            "annotations": []
        },
        {
            "sentence": "문서 메타데이터: document_id 056_0027, 생성일 2025년 01월 16일, 작성자 송한별(내부 검토자)로 표기되어 있습니다.",
            "id": "sample_056_0027_000028",
            "annotations": []
        },
        {
            "sentence": "본 문서는 내부 검토·샘플 생성 목적의 더미 데이터이며 실제 계좌번호, 이메일 주소 등 민감정보는 포함하지 않았음을 재확인합니다.",
            "id": "sample_056_0027_000029",
            "annotations": []
        }
    ]
}