{
    "document_id": "056_0081",
    "document_title": "2024년 지역학생 학습환경 개선 기금 집행 및 모니터링 보고서",
    "data": [
        {
            "sentence": "문서 개요: 본 보고서는 2024 회계연도 자선 및 그랜트(Grant) 관리 실행보고서입니다.",
            "id": "sample_056_0081_000001",
            "annotations": []
        },
        {
            "sentence": "보고서 목적은 기금의 모금, 배분, 집행, 모니터링, 보고 및 감사(audit) 절차의 준수 여부를 기록하는 것입니다.",
            "id": "sample_056_0081_000002",
            "annotations": []
        },
        {
            "sentence": "기부자 프로파일: donor_id는 DONOR-2024-0001(가명)으로 등록되어 있으며 내부 식별자 목적입니다.",
            "id": "sample_056_0081_000003",
            "annotations": [
                {
                    "word": "DONOR-2024-0001",
                    "start": 20,
                    "end": 35,
                    "label": "개인정보"
                }
            ]
        },
        {
            "sentence": "기부자명은 구재희(가명)이며, donor_type은 개인(individual)로 분류되어 기탁 의도와 세무처리 요구사항이 연결됩니다.",
            "id": "sample_056_0081_000004",
            "annotations": [
                {
                    "word": "구재희",
                    "start": 6,
                    "end": 9,
                    "label": "개인정보"
                }
            ]
        },
        {
            "sentence": "기부 약정: donation_amount는 원화 100,000,000 KRW로 약정되었고, donation_date는 2024-03-15로 기록되어 있습니다.",
            "id": "sample_056_0081_000005",
            "annotations": []
        },
        {
            "sentence": "donation_type은 약정(pledge)이며, pledge_schedule은 분기별 지급(4회)으로 명시되어 있습니다.",
            "id": "sample_056_0081_000006",
            "annotations": []
        },
        {
            "sentence": "지정기금 여부: restricted_flag는 true로 설정되었고 restriction_description은 '학교 시설 개선 목적'으로 태깅되었습니다.",
            "id": "sample_056_0081_000007",
            "annotations": []
        },
        {
            "sentence": "그랜트 식별자 grant_id는 GRANT-2024-045로 할당되었으며, grant_title은 '지역학생 학습환경 개선'입니다.",
            "id": "sample_056_0081_000008",
            "annotations": [
                {
                    "word": "GRANT-2024-045",
                    "start": 18,
                    "end": 32,
                    "label": "기밀정보"
                }
            ]
        },
        {
            "sentence": "신청기관(applicant_org)은 서초지역교육협의회(가명)이며 applicant_contact는 조직 내 담당직책으로만 표기되고 상세 연락처는 수집하지 않았습니다.",
            "id": "sample_056_0081_000009",
            "annotations": []
        },
        {
            "sentence": "프로젝트 기간: project_start_date는 2024-04-01, project_end_date는 2025-03-31로 계획되어 있습니다.",
            "id": "sample_056_0081_000010",
            "annotations": []
        },
        {
            "sentence": "예산 항목(budget_line_items)은 운영비 20,000,000 KRW, 설비비 50,000,000 KRW, 기타 10,000,000 KRW로 합계 80,000,000 KRW입니다.",
            "id": "sample_056_0081_000011",
            "annotations": []
        },
        {
            "sentence": "지급 스케줄(payment_schedule)은 1차 선지급 30% 및 성과연동 2회의 분할지급 구조로 설계되었습니다.",
            "id": "sample_056_0081_000012",
            "annotations": []
        },
        {
            "sentence": "집행기록(disbursement_records)은 2024-05-10 1차지급 30,000,000 KRW, 2024-10-15 2차지급 25,000,000 KRW로 시스템 원장에 기록되어 있습니다.",
            "id": "sample_056_0081_000013",
            "annotations": []
        },
        {
            "sentence": "청구서(invoice_reference)는 INV-2024-158(수령처: 서초지역교육협의회)로 연계되어 있으며 관련 영수증은 내부 문서로 보관됩니다.",
            "id": "sample_056_0081_000014",
            "annotations": [
                {
                    "word": "INV-2024-158",
                    "start": 24,
                    "end": 36,
                    "label": "기밀정보"
                }
            ]
        },
        {
            "sentence": "지출 항목(expense_category)은 설비구입, 인건비, 교육자재로 카테고리화되어 회계정책에 따라 분개 처리가 이루어집니다.",
            "id": "sample_056_0081_000015",
            "annotations": []
        },
        {
            "sentence": "마일스톤(milestone)은 '교실 리모델링 완료' 및 '교사 연수 실시'로 설정되었고 현재 milestone_status는 중간보고(진행중)입니다.",
            "id": "sample_056_0081_000016",
            "annotations": []
        },
        {
            "sentence": "모니터링 보고서(monitoring_report)는 중간보고서 2024-11-01 발행으로 주요 활동내역과 사진 메타데이터를 포함합니다.",
            "id": "sample_056_0081_000017",
            "annotations": []
        },
        {
            "sentence": "임팩트 지표(impact_metrics)는 학생별 좌석 개선 수, 수업 만족도 변화 등으로 정의되며 KPI '교실당 좌석수 증가':KPI_value는 12->25(베이스라인->중간)로 기록되었습니다.",
            "id": "sample_056_0081_000018",
            "annotations": []
        },
        {
            "sentence": "측정방법은 현장 방문, 서베이(standardized questionnaire), 사진 기반 검증이며 베이스라인 측정 시점은 2024-03-01로 명시되어 비교가능성이 확보됩니다.",
            "id": "sample_056_0081_000019",
            "annotations": []
        },
        {
            "sentence": "수혜자 식별자 beneficiary_id는 BEN-2024-09(가명)로 등록되었고 beneficiary_consent는 서면동의 확보로 표기되어 있습니다.",
            "id": "sample_056_0081_000020",
            "annotations": [
                {
                    "word": "BEN-2024-09",
                    "start": 24,
                    "end": 35,
                    "label": "개인정보"
                }
            ]
        },
        {
            "sentence": "준법감시 문서(compliance_documents)는 MOU(문서번호 MOU-2024-33), Grant Agreement(문서번호 GA-2024-33), 외부감사보고서(audit_report)를 포함합니다.",
            "id": "sample_056_0081_000021",
            "annotations": [
                {
                    "word": "MOU-2024-33",
                    "start": 40,
                    "end": 51,
                    "label": "기밀정보"
                },
                {
                    "word": "GA-2024-33",
                    "start": 75,
                    "end": 85,
                    "label": "기밀정보"
                }
            ]
        },
        {
            "sentence": "세금증빙: tax_receipt_number TR-2024-7789가 발행되었으며 발행일은 2024-03-20로 기재되어 있습니다.",
            "id": "sample_056_0081_000022",
            "annotations": [
                {
                    "word": "TR-2024-7789",
                    "start": 25,
                    "end": 37,
                    "label": "기밀정보"
                }
            ]
        },
        {
            "sentence": "환율 정보(currency_exchange_rate)는 2024-03-15 기준 1 USD = 1,200 KRW로 보존되며 원본 통화와 환산 결과가 모두 기록됩니다.",
            "id": "sample_056_0081_000023",
            "annotations": []
        },
        {
            "sentence": "원본 기부 중 일부는 USD 80,000으로 접수되었으며 환산액은 96,000,000 KRW로 기록되어 총액과 일치 여부를 검증합니다.",
            "id": "sample_056_0081_000024",
            "annotations": []
        },
        {
            "sentence": "감사추적(audit_trail)은 entry_timestamp 및 user_id를 포함하여 불변 로그로 남으며 예시로 entry_timestamp 2024-04-02T10:15:00Z, user_id ryu_admin, action '승인'이 기록되었습니다.",
            "id": "sample_056_0081_000025",
            "annotations": [
                {
                    "word": "ryu_admin",
                    "start": 112,
                    "end": 121,
                    "label": "기밀정보"
                }
            ]
        },
        {
            "sentence": "버전관리: 문서의 버전 히스토리는 v1.0(초안), v1.1(수정), v2.0(승인) 순으로 저장되며 변경내역은 불변 타임스탬프와 함께 보존됩니다.",
            "id": "sample_056_0081_000026",
            "annotations": []
        },
        {
            "sentence": "기본 무결성 검사 결과: 기부총액 100,000,000 KRW 대비 예산합계 80,000,000 KRW, 지급합계 55,000,000 KRW로 정합성이 확보되었습니다.",
            "id": "sample_056_0081_000027",
            "annotations": []
        },
        {
            "sentence": "이상징후 경고: 동일 donor_id로 다중 계좌 입금 기록이 탐지되었으나 AML/KYC 검토에서 문제없음으로 판단되어 메모가 남겨졌습니다.",
            "id": "sample_056_0081_000028",
            "annotations": []
        },
        {
            "sentence": "보안 및 개인정보 보호: 기부자와 수혜자 개인정보는 가명화되어 저장되며 역식별 불가능성 검증 결과가 첨부됩니다.",
            "id": "sample_056_0081_000029",
            "annotations": []
        },
        {
            "sentence": "결론 및 조치: 다음 보고서 전까지 남은 예산 25,000,000 KRW을 집행대기 상태로 유지하고 M&E 팀의 후속 현장조사를 지시합니다.",
            "id": "sample_056_0081_000030",
            "annotations": []
        }
    ]
}