{
    "document_id": "056_0012",
    "document_title": "그랜트 집행 및 모니터링 보고서 - 희망교육사업(2025)",
    "data": [
        {
            "sentence": "본 문서는 2025 회계연도의 희망교육사업(Grant ID: GRANT-2025-001) 집행 및 모니터링 내용을 종합 보고합니다.",
            "id": "sample_056_0012_000001",
            "annotations": []
        },
        {
            "sentence": "문서에는 기부자, 신청기관, 예산명세, 지급기록, 모니터링보고, 감사기록(audit_trail)이 포함되어 있습니다.",
            "id": "sample_056_0012_000002",
            "annotations": []
        },
        {
            "sentence": "기부자 ID는 DONOR-0001이며 기부자명은 곽병훈(가명)으로 가명화되어 저장됩니다.",
            "id": "sample_056_0012_000003",
            "annotations": [
                {
                    "word": "곽병훈(가명)",
                    "start": 27,
                    "end": 34,
                    "label": "개인정보"
                }
            ]
        },
        {
            "sentence": "기부자 유형은 개인이며 기부 총액은 후원금 총액: USD 50,000으로 원화 환산 전 금액이 기준입니다.",
            "id": "sample_056_0012_000004",
            "annotations": [
                {
                    "word": "후원금 총액: USD 50,000",
                    "start": 20,
                    "end": 38,
                    "label": "기밀정보"
                }
            ]
        },
        {
            "sentence": "지정기금(Restricted): USD 30,000과 비지정기금(Unrestricted): USD 20,000으로 자금이 분리되어 태깅됩니다.",
            "id": "sample_056_0012_000005",
            "annotations": [
                {
                    "word": "비지정기금(Unrestricted): USD 20,000",
                    "start": 30,
                    "end": 61,
                    "label": "기밀정보"
                }
            ]
        },
        {
            "sentence": "신청 기관은 희망교육재단(가명)이며 담당자 연락처 대신 조직 담당자: 조아인(가명)으로 기입되어 있습니다.",
            "id": "sample_056_0012_000006",
            "annotations": [
                {
                    "word": "조아인(가명)",
                    "start": 39,
                    "end": 46,
                    "label": "개인정보"
                }
            ]
        },
        {
            "sentence": "신청 기관의 법적 주소는 시군구 단위로 기록되어 있으며 시: 서울특별시, 군/구: 강남구로 표기되어 있습니다.",
            "id": "sample_056_0012_000007",
            "annotations": [
                {
                    "word": "서울특별시",
                    "start": 34,
                    "end": 39,
                    "label": "준식별자"
                },
                {
                    "word": "강남구",
                    "start": 46,
                    "end": 49,
                    "label": "준식별자"
                }
            ]
        },
        {
            "sentence": "프로젝트 기간은 프로젝트 시작일: 2025-04-01, 프로젝트 종료일: 2026-03-31로 계약서에 명시되어 있습니다.",
            "id": "sample_056_0012_000008",
            "annotations": []
        },
        {
            "sentence": "예산 항목(budget_line_items)은 장학금, 교사연수, 운영비, 홍보비 및 예비비로 분류되어 세부 금액이 첨부됩니다.",
            "id": "sample_056_0012_000009",
            "annotations": []
        },
        {
            "sentence": "수혜자 지급을 위한 계좌정보는 내부 보안 정책에 따라 마스킹되어 계좌번호: XXXX-1234로 표기됩니다.",
            "id": "sample_056_0012_000010",
            "annotations": [
                {
                    "word": "계좌번호: XXXX-1234",
                    "start": 36,
                    "end": 51,
                    "label": "기밀정보"
                }
            ]
        },
        {
            "sentence": "예산 코드 예시로 내부예산코드: BUDG-EDU-01이 사용되며 회계 처리시 해당 코드로 분개됩니다.",
            "id": "sample_056_0012_000011",
            "annotations": [
                {
                    "word": "BUDG-EDU-01",
                    "start": 18,
                    "end": 29,
                    "label": "기밀정보"
                }
            ]
        },
        {
            "sentence": "지급 관련 문서 참조 번호로 INV-2025-078(인보이스) 및 관련 영수증이 프로젝트 파일에 보관됩니다.",
            "id": "sample_056_0012_000012",
            "annotations": [
                {
                    "word": "INV-2025-078",
                    "start": 16,
                    "end": 28,
                    "label": "기밀정보"
                }
            ]
        },
        {
            "sentence": "세무 증빙은 tax_receipt_number: TR-2025-0009로 발급되었으며 발급일과 발행기관 메타데이터가 기록되어 있습니다.",
            "id": "sample_056_0012_000013",
            "annotations": [
                {
                    "word": "TR-2025-0009",
                    "start": 27,
                    "end": 39,
                    "label": "기밀정보"
                }
            ]
        },
        {
            "sentence": "지급 스케줄(payment_schedule)은 2025-04-15, 2025-07-15, 2025-10-15의 3회 분할지급으로 설정되어 있습니다.",
            "id": "sample_056_0012_000014",
            "annotations": []
        },
        {
            "sentence": "집행 내역(disbursement_records)은 1차 USD 15,000(운영비), 2차 USD 20,000(장학금), 3차 USD 10,000(교사연수), 예비비 USD 5,000로 기록됩니다.",
            "id": "sample_056_0012_000015",
            "annotations": []
        },
        {
            "sentence": "상기 집행 합계는 USD 50,000으로 후원금 총액을 초과하지 않으며 분배 규칙에 따라 지정기금 내 집행은 법적 제한을 준수합니다.",
            "id": "sample_056_0012_000016",
            "annotations": []
        },
        {
            "sentence": "환율 정보는 currency_exchange_rate로 저장되며 1 USD = 1,200 KRW(환산시점: 2025-03-16T10:00:00Z)로 명시됩니다.",
            "id": "sample_056_0012_000017",
            "annotations": []
        },
        {
            "sentence": "원본 통화 및 환산 통화가 모두 보존되어 예: USD 30,000 = KRW 36,000,000(환산시점 표기) 형식으로 기록됩니다.",
            "id": "sample_056_0012_000018",
            "annotations": []
        },
        {
            "sentence": "프로젝트 마일스톤은 1단계: 준비완료(상태: 완료), 2단계: 중간보고(상태: 진행), 3단계: 최종보고(상태: 예정)로 관리됩니다.",
            "id": "sample_056_0012_000019",
            "annotations": []
        },
        {
            "sentence": "마일스톤 기반 성과연동지급 조건이 있어 각 마일스톤 달성 여부에 따라 지급액 일부가 조건부로 집행됩니다.",
            "id": "sample_056_0012_000020",
            "annotations": []
        },
        {
            "sentence": "모니터링 리포트(monitoring_report)는 베이스라인, 중간, 종료 시점의 정량·정성 데이터를 포함해 제출됩니다.",
            "id": "sample_056_0012_000021",
            "annotations": []
        },
        {
            "sentence": "임팩트 메트릭은 KPI_name: 수혜학생_학업성취도, KPI_value: 중간측정 58%→종결측정 72%로 측정방법과 측정시점을 명시합니다.",
            "id": "sample_056_0012_000022",
            "annotations": []
        },
        {
            "sentence": "수혜자 ID는 BEN-1001로 가명화되어 저장되며 수혜자 동의(beneficiary_consent)는 동의서 가명화 사본으로 보관됩니다.",
            "id": "sample_056_0012_000023",
            "annotations": []
        },
        {
            "sentence": "규제·법적 문서(compliance_documents)로 MOU, Grant Agreement, AML/KYC 서류가 메타데이터(발행일, 발행자, 문서ID)를 포함해 첨부됩니다.",
            "id": "sample_056_0012_000024",
            "annotations": []
        },
        {
            "sentence": "문서 버전 관리(version history)와 불변의 타임스탬프가 적용되며 변경 이력은 audit_trail에 보존됩니다.",
            "id": "sample_056_0012_000025",
            "annotations": []
        },
        {
            "sentence": "예: audit_trail 엔트리(entry_timestamp: 2025-03-16T11:00:00Z, user_id: 우유정(가명, 사번:EMP-010), action: 기금 승인)가 기록되어 있습니다.",
            "id": "sample_056_0012_000026",
            "annotations": [
                {
                    "word": "우유정(가명, 사번:EMP-010)",
                    "start": 67,
                    "end": 86,
                    "label": "개인정보"
                }
            ]
        },
        {
            "sentence": "또 다른 audit_trail 엔트리로 2025-04-15T09:30:00Z, user_id: 손희진(가명, 사번:EMP-023), action: 1차 지급 실행이 남아 있습니다.",
            "id": "sample_056_0012_000027",
            "annotations": [
                {
                    "word": "손희진(가명, 사번:EMP-023)",
                    "start": 53,
                    "end": 72,
                    "label": "개인정보"
                }
            ]
        },
        {
            "sentence": "내부 감사 및 회계 검토를 위해 후원금 사용 세부내역과 송금 근거 문서가 기밀로 관리됩니다.",
            "id": "sample_056_0012_000028",
            "annotations": []
        },
        {
            "sentence": "리스크 관리 항목에는 AML 검토 여부, 국제송금의 외환 규제 준수, 대규모 기부자 KYC 결과 요약이 포함됩니다.",
            "id": "sample_056_0012_000029",
            "annotations": []
        },
        {
            "sentence": "결론 및 권고사항에는 지정기금 집행의 정확한 태깅 강화, 감사추적성 강화, M&E 주기 단축이 포함되어 후속 조치가 권고됩니다.",
            "id": "sample_056_0012_000030",
            "annotations": []
        }
    ]
}