{
    "document_id": "078_0065",
    "document_title": "에너지 절약 넛지 개입의 실험 설계 및 분석 보고서",
    "data": [
        {
            "sentence": "본 문서는 행동과학 및 넛지 기술을 활용한 에너지 절약 개입 실험의 설계·수행·분석 절차를 기술한다.",
            "id": "sample_078_0065_000001",
            "annotations": []
        },
        {
            "sentence": "보고서는 무작위화 대조군 설계, 시계열 측정, 교차문화 표본 비교 및 윤리적 모니터링 체계를 포함한다.",
            "id": "sample_078_0065_000002",
            "annotations": []
        },
        {
            "sentence": "연구 운영 및 참여자 문의 담당자는 가명 연구조정자 장서진이 담당하며 접근 권한과 접촉 절차가 문서화되어 있다.",
            "id": "sample_078_0065_000003",
            "annotations": [
                {
                    "word": "장서진",
                    "start": 29,
                    "end": 32,
                    "label": "개인정보"
                }
            ]
        },
        {
            "sentence": "윤리심사 프로토콜은 IRB 프로토콜 ID: IRB-2024-045로 등록되어 있으며 승인 이력과 감사 로그를 포함한다.",
            "id": "sample_078_0065_000004",
            "annotations": [
                {
                    "word": "IRB-2024-045",
                    "start": 24,
                    "end": 36,
                    "label": "기밀정보"
                }
            ]
        },
        {
            "sentence": "예시 참여자 식별자는 participant_id: P-0001으로 표기하였고 모든 식별자는 가명화 처리되었다.",
            "id": "sample_078_0065_000005",
            "annotations": [
                {
                    "word": "P-0001",
                    "start": 28,
                    "end": 34,
                    "label": "개인정보"
                }
            ]
        },
        {
            "sentence": "표본의 지리적 분포는 시: 서울특별시, 구: 강남구, 동: 역삼동 단위로 수집·익명화됨을 명시한다.",
            "id": "sample_078_0065_000006",
            "annotations": [
                {
                    "word": "서울특별시",
                    "start": 15,
                    "end": 20,
                    "label": "준식별자"
                },
                {
                    "word": "강남구",
                    "start": 25,
                    "end": 28,
                    "label": "준식별자"
                },
                {
                    "word": "역삼동",
                    "start": 33,
                    "end": 36,
                    "label": "준식별자"
                }
            ]
        },
        {
            "sentence": "참여자 준식별자 예시로 생년: 1985, 생월: 06, 생일: 15가 메타데이터에 분리 기록되어 있다.",
            "id": "sample_078_0065_000007",
            "annotations": [
                {
                    "word": "1985",
                    "start": 17,
                    "end": 21,
                    "label": "준식별자"
                },
                {
                    "word": "06",
                    "start": 27,
                    "end": 29,
                    "label": "준식별자"
                },
                {
                    "word": "15",
                    "start": 35,
                    "end": 37,
                    "label": "준식별자"
                }
            ]
        },
        {
            "sentence": "기본 인구통계 변수로 성별: 여성을 포함하였고 성별표기는 분석에서 가중치 보정에 사용된다.",
            "id": "sample_078_0065_000008",
            "annotations": [
                {
                    "word": "여성",
                    "start": 16,
                    "end": 18,
                    "label": "준식별자"
                }
            ]
        },
        {
            "sentence": "조직 내부 식별 연동 예시로 사번: 2024-0001은 가명화 규칙에 따라 마스킹되어 보관된다.",
            "id": "sample_078_0065_000009",
            "annotations": [
                {
                    "word": "2024-0001",
                    "start": 20,
                    "end": 29,
                    "label": "개인정보"
                }
            ]
        },
        {
            "sentence": "내부 데이터 저장 위치 및 접근 제어는 기밀로 관리되며 예시 경로는 /srv/experiment/078_0065/data 로 표기되어 있다.",
            "id": "sample_078_0065_000010",
            "annotations": [
                {
                    "word": "/srv/experiment/078_0065/data",
                    "start": 38,
                    "end": 67,
                    "label": "기밀정보"
                }
            ]
        },
        {
            "sentence": "동의 메타데이터는 consent_status 및 consent_년: 2024, consent_월: 03, consent_일: 15로 분리 기록되어 동의 원본 추적이 가능하다.",
            "id": "sample_078_0065_000011",
            "annotations": [
                {
                    "word": "2024",
                    "start": 38,
                    "end": 42,
                    "label": "준식별자"
                },
                {
                    "word": "03",
                    "start": 55,
                    "end": 57,
                    "label": "준식별자"
                },
                {
                    "word": "15",
                    "start": 70,
                    "end": 72,
                    "label": "준식별자"
                }
            ]
        },
        {
            "sentence": "주연구책임자(PI)는 가명으로 표기된 지재범이며 IRB 승인서 및 책임자 연락 체계가 연동되어 있다.",
            "id": "sample_078_0065_000012",
            "annotations": [
                {
                    "word": "지재범",
                    "start": 21,
                    "end": 24,
                    "label": "개인정보"
                }
            ]
        },
        {
            "sentence": "무작위화 무결성 보장을 위해 randomization_seed: 2718281828이 실험 설정에 포함되어 재현 가능하게 기록되었다.",
            "id": "sample_078_0065_000013",
            "annotations": []
        },
        {
            "sentence": "할당 비율과 그룹 정의는 assignment_group: treatment / control로 명시되며 treatment_id: TREAT-01가 개입을 구분한다.",
            "id": "sample_078_0065_000014",
            "annotations": []
        },
        {
            "sentence": "처치 시점은 treatment_timestamp_년: 2024, treatment_timestamp_월: 04, treatment_timestamp_일: 10으로 일자 단위로 분리 저장된다.",
            "id": "sample_078_0065_000015",
            "annotations": [
                {
                    "word": "2024",
                    "start": 30,
                    "end": 34,
                    "label": "준식별자"
                },
                {
                    "word": "04",
                    "start": 59,
                    "end": 61,
                    "label": "준식별자"
                },
                {
                    "word": "10",
                    "start": 86,
                    "end": 88,
                    "label": "준식별자"
                }
            ]
        },
        {
            "sentence": "개입 노출 전달 기록은 exposure_channel: mobile_push 및 exposure_payload: '절전 알림(친근한 문구 포함)'으로 표준화되어 있다.",
            "id": "sample_078_0065_000016",
            "annotations": []
        },
        {
            "sentence": "이벤트 로그는 event_type: exposure_click 및 event_timestamp_년: 2024, event_timestamp_월: 04, event_timestamp_일: 10과 같이 분리 기록된다.",
            "id": "sample_078_0065_000017",
            "annotations": [
                {
                    "word": "2024",
                    "start": 56,
                    "end": 60,
                    "label": "준식별자"
                },
                {
                    "word": "04",
                    "start": 81,
                    "end": 83,
                    "label": "준식별자"
                },
                {
                    "word": "10",
                    "start": 104,
                    "end": 106,
                    "label": "준식별자"
                }
            ]
        },
        {
            "sentence": "주요 결과 변수(primary_outcome)는 평균 주간 전력 사용량 감소(%)로 정의되며 통계적 검정 계획이 사전 등록되었다.",
            "id": "sample_078_0065_000018",
            "annotations": []
        },
        {
            "sentence": "부차적 결과(secondary_outcomes)에는 자가보고 행동 의도, 클릭률, 장기 유지율 등이 포함되어 다변량 분석에 활용된다.",
            "id": "sample_078_0065_000019",
            "annotations": []
        },
        {
            "sentence": "사전·사후 심리척도는 pre_survey_scores: [3.2, 4.1, 2.9] 및 post_survey_scores: [4.0, 4.5, 3.7] 형태로 수집되어 신뢰도와 분산구조를 보존한다.",
            "id": "sample_078_0065_000020",
            "annotations": []
        },
        {
            "sentence": "이탈 및 순응성 정보는 dropout_flag: false, compliance_score: 0.92 로 표기하며 비순응은 추가 변수로 보정한다.",
            "id": "sample_078_0065_000021",
            "annotations": []
        },
        {
            "sentence": "디바이스 및 세션 메타데이터는 device_type: Android, session_id: S-0001 형태로 저장되며 지리적·기기 편향을 보정한다.",
            "id": "sample_078_0065_000022",
            "annotations": []
        },
        {
            "sentence": "locale_region: KR-SEOUL 표기는 교차문화 비교를 위한 표준 지표로 사용되며 지역별 표본 가중치가 계산된다.",
            "id": "sample_078_0065_000023",
            "annotations": []
        },
        {
            "sentence": "메타데이터 문서(metadata_documentation)는 데이터 샘플링·보존·삭제 정책과 규정 준수 로그를 포함하여 버전 관리된다.",
            "id": "sample_078_0065_000024",
            "annotations": []
        },
        {
            "sentence": "표본 대표성 부족에 대해서는 가중치 산출 방법과 보정 절차가 기술되어 있으며 관련 수식과 검정 결과를 첨부한다.",
            "id": "sample_078_0065_000025",
            "annotations": []
        },
        {
            "sentence": "시계열 특성 재현을 위해 계절성·드리프트를 모사하고 인위적 이탈률 및 비순응을 주입하여 견고성 검증을 수행한다.",
            "id": "sample_078_0065_000026",
            "annotations": []
        },
        {
            "sentence": "데이터 보존 정책 예시는 보존 기간: 5년, 삭제 정책: 요청 접수 후 30일 이내 영구 삭제로 규정되어 있다.",
            "id": "sample_078_0065_000027",
            "annotations": []
        },
        {
            "sentence": "잠재적 편향이나 해악이 발견될 경우 자동 경고 메타데이터를 첨부하고 즉시 중단 및 보정 절차를 실행한다.",
            "id": "sample_078_0065_000028",
            "annotations": []
        },
        {
            "sentence": "분석 재현성을 위해 randomization_seed와 무작위화 로그를 공개하되, 개인정보는 마스킹된 전용 뷰로 제공한다.",
            "id": "sample_078_0065_000029",
            "annotations": []
        },
        {
            "sentence": "결론 및 권고사항으로는 교차문화 검증 확대, 장기 추적 설계, IRB·동의 추적 강화 및 데이터 수명주기 관리 체계화가 포함된다.",
            "id": "sample_078_0065_000030",
            "annotations": []
        }
    ]
}