{
    "document_id": "078_0074",
    "document_title": "행동과학 및 넛지 개입 실험 로그·데이터 관리 문서 (합성 데이터)",
    "data": [
        {
            "sentence": "본 문서는 행동과학 및 넛지 기술 분야의 합성 실험 설계와 데이터 로그 관리 방안을 기술한다.",
            "id": "sample_078_0074_000001",
            "annotations": []
        },
        {
            "sentence": "문서는 무작위대조시험(RCT) 설계, 실시간 노출 로그, 심리측정지표 및 윤리·동의 메타데이터를 포함한다.",
            "id": "sample_078_0074_000002",
            "annotations": []
        },
        {
            "sentence": "본 실험은 IRB 승인 하에 진행되었으며 IRB 프로토콜 ID는 IRB-2024-045로 문서화되어 있다.",
            "id": "sample_078_0074_000003",
            "annotations": [
                {
                    "word": "IRB-2024-045",
                    "start": 36,
                    "end": 48,
                    "label": "기밀정보"
                }
            ]
        },
        {
            "sentence": "실험 버전은 v2.1이며 무작위화 무결성 보존을 위해 randomization_seed=8675309가 기록되었다.",
            "id": "sample_078_0074_000004",
            "annotations": []
        },
        {
            "sentence": "참가자 식별자는 합성된 가명으로 처리되었으며 예시값 participant_id=P_078_0001이 메타데이터에 포함되었다.",
            "id": "sample_078_0074_000005",
            "annotations": [
                {
                    "word": "participant_id=P_078_0001",
                    "start": 29,
                    "end": 54,
                    "label": "개인정보"
                }
            ]
        },
        {
            "sentence": "할당 그룹(assignment_group)은 처리군과 대조군으로 1:1 배정이 유지되었으며 누적 배정 로그가 보관된다.",
            "id": "sample_078_0074_000006",
            "annotations": []
        },
        {
            "sentence": "처리 식별자(treatment_id)는 TR-2024-NG01이며 처리 노출 시각(treatment_timestamp)=2024-09-15T09:12:34Z로 기록되었다.",
            "id": "sample_078_0074_000007",
            "annotations": [
                {
                    "word": "2024-09-15T09:12:34Z",
                    "start": 67,
                    "end": 87,
                    "label": "준식별자"
                }
            ]
        },
        {
            "sentence": "노출 채널(exposure_channel)은 모바일앱 푸시로 표기되었고 노출 페이로드(exposure_payload)는 {message_template:'save_energy_v1'}이다.",
            "id": "sample_078_0074_000008",
            "annotations": []
        },
        {
            "sentence": "이벤트 타입(event_type)은 'reminder_clicked'이며 이벤트 타임스탬프(event_timestamp)=2024-09-15T09:12:40Z로 기록되었다.",
            "id": "sample_078_0074_000009",
            "annotations": [
                {
                    "word": "2024-09-15T09:12:40Z",
                    "start": 68,
                    "end": 88,
                    "label": "준식별자"
                }
            ]
        },
        {
            "sentence": "주요 결과(primary_outcome)는 행동 전환률이며 보조 결과(secondary_outcomes)로 재참여율, 만족도, 유지율을 포함한다.",
            "id": "sample_078_0074_000010",
            "annotations": []
        },
        {
            "sentence": "사전·사후 설문(pre_survey_scores, post_survey_scores)은 5점 리커트 척도로 수집되었고 신뢰도 검증(크론바흐 알파)을 수행하였다.",
            "id": "sample_078_0074_000011",
            "annotations": []
        },
        {
            "sentence": "동의 상태(consent_status)는 'consented' 또는 'withdrawn'으로 표기되며 동의 시각(consent_timestamp)=2024-09-14T18:02:10Z가 포함된다.",
            "id": "sample_078_0074_000012",
            "annotations": [
                {
                    "word": "2024-09-14T18:02:10Z",
                    "start": 82,
                    "end": 102,
                    "label": "준식별자"
                }
            ]
        },
        {
            "sentence": "탈락 플래그(dropout_flag)는 0/1로 기록되며 탈락 시점과 익명화된 사유를 코호트 메모에 저장한다.",
            "id": "sample_078_0074_000013",
            "annotations": []
        },
        {
            "sentence": "준수도(compliance_score)는 0~100 스케일로 측정되며 비순응 사례는 로그로 표기되어 후속 보정에 사용된다.",
            "id": "sample_078_0074_000014",
            "annotations": []
        },
        {
            "sentence": "디바이스 유형(device_type)은 Android 또는 iOS로 기록되며 세션 ID(session_id)=sess_20240915_000012이 각 세션에 부여되었다.",
            "id": "sample_078_0074_000015",
            "annotations": [
                {
                    "word": "sess_20240915_000012",
                    "start": 61,
                    "end": 81,
                    "label": "준식별자"
                }
            ]
        },
        {
            "sentence": "로케일(locale_region)은 서울특별시 강남구를 3단계 코딩으로 기록하고 교차문화 표본은 추가 지역 코드로 분류된다.",
            "id": "sample_078_0074_000016",
            "annotations": [
                {
                    "word": "서울특별시 강남구",
                    "start": 20,
                    "end": 29,
                    "label": "준식별자"
                }
            ]
        },
        {
            "sentence": "메타데이터 문서(metadata_documentation)는 샘플링, 보존·삭제 정책과 규정 준수 로그를 포함하며 보존기간은 3년으로 명시되어 있다.",
            "id": "sample_078_0074_000017",
            "annotations": []
        },
        {
            "sentence": "동의 철회 규칙은 참가자가 언제든지 'withdraw'를 통해 자신의 데이터 삭제를 요청할 수 있도록 설계되었다.",
            "id": "sample_078_0074_000018",
            "annotations": []
        },
        {
            "sentence": "무작위화 무결성 모니터링 로그와 처리 누수(treatment leakage) 점검표가 주기적으로 생성되어 검토된다.",
            "id": "sample_078_0074_000019",
            "annotations": []
        },
        {
            "sentence": "표본 불균형을 보정하기 위해 층화 샘플링과 사전 정의된 가중치(stratification weights)를 적용하였다.",
            "id": "sample_078_0074_000020",
            "annotations": []
        },
        {
            "sentence": "시간 의존성·계절성·드리프트 재현을 위해 시계열 모의와 이탈률(dropout) 시나리오를 삽입하였다.",
            "id": "sample_078_0074_000021",
            "annotations": []
        },
        {
            "sentence": "이탈률과 비순응(non-compliance) 비율은 그룹별로 5~12%로 설정되어 불균형 보정 절차가 포함되었다.",
            "id": "sample_078_0074_000022",
            "annotations": []
        },
        {
            "sentence": "프로토콜 기밀 항목으로 내부 결재선 '연구책임자 승인'과 실험 데이터 저장 위치 S3 버킷명 prod-nudge-data가 명시되었다.",
            "id": "sample_078_0074_000023",
            "annotations": [
                {
                    "word": "prod-nudge-data",
                    "start": 52,
                    "end": 67,
                    "label": "기밀정보"
                }
            ]
        },
        {
            "sentence": "연구책임자 지지섭은 데이터 접근 권한 로그를 정기적으로 검토하며 접근 사유를 기록한다.",
            "id": "sample_078_0074_000024",
            "annotations": [
                {
                    "word": "지지섭",
                    "start": 6,
                    "end": 9,
                    "label": "개인정보"
                }
            ]
        },
        {
            "sentence": "데이터 보존·삭제 정책은 GDPR 및 국내 개인정보보호법 요구사항을 반영하여 설계되었고 규정 준수 로그가 보관된다.",
            "id": "sample_078_0074_000025",
            "annotations": []
        },
        {
            "sentence": "샘플 데이터는 합성화(syntheticization)를 거쳐 제공되며 원본 식별자는 별도 보안 저장소에 격리 보관한다.",
            "id": "sample_078_0074_000026",
            "annotations": []
        },
        {
            "sentence": "연구진 명단에는 합성 가명으로 배혜경, 한민호, 신동열이 기재되어 있으며 각자의 역할과 접근 권한이 명시되었다.",
            "id": "sample_078_0074_000027",
            "annotations": [
                {
                    "word": "배혜경",
                    "start": 17,
                    "end": 20,
                    "label": "개인정보"
                },
                {
                    "word": "한민호",
                    "start": 22,
                    "end": 25,
                    "label": "개인정보"
                },
                {
                    "word": "신동열",
                    "start": 27,
                    "end": 30,
                    "label": "개인정보"
                }
            ]
        },
        {
            "sentence": "편향 보정 절차, 가중치 산출 로그, IRB 결정문 사본 및 동의 추적(consent provenance) 로그가 메타데이터로 포함된다.",
            "id": "sample_078_0074_000028",
            "annotations": []
        }
    ]
}