{
    "document_id": "078_0013",
    "document_title": "행동과학 기반 넛지 개입 실험 설계 및 데이터 관리 프로토콜",
    "data": [
        {
            "sentence": "본 문서는 행동과학 및 넛지 기술 분야의 무작위대조실험(RCT) 설계와 데이터 거버넌스 절차를 기술한다.",
            "id": "sample_078_0013_000001",
            "annotations": []
        },
        {
            "sentence": "연구 책임자는 가명으로 기재하며 본 실험의 책임연구자 표기는 '조민주'로 표기된 연락·역할자 명세로 사용한다.",
            "id": "sample_078_0013_000002",
            "annotations": [
                {
                    "word": "조민주",
                    "start": 35,
                    "end": 38,
                    "label": "개인정보"
                }
            ]
        },
        {
            "sentence": "프로토콜 상 연구코디네이터는 '한두산'으로 표기된 내부 접촉창구이며 역할·승인 로그는 별도 보관한다.",
            "id": "sample_078_0013_000003",
            "annotations": [
                {
                    "word": "한두산",
                    "start": 17,
                    "end": 20,
                    "label": "개인정보"
                }
            ]
        },
        {
            "sentence": "서론에서는 연구 목적, 가설, 주요 결과지표(primary_outcome)와 보조지표(secondary_outcomes)를 명확히 정의한다.",
            "id": "sample_078_0013_000004",
            "annotations": []
        },
        {
            "sentence": "데이터 필드 예시는 participant_id(예: P_078_0013_0001), assignment_group, treatment_id, treatment_timestamp 등을 포함한다.",
            "id": "sample_078_0013_000005",
            "annotations": [
                {
                    "word": "P_078_0013_0001",
                    "start": 29,
                    "end": 44,
                    "label": "개인정보"
                }
            ]
        },
        {
            "sentence": "참가자 준식별 정보 예시는 성별 표기(예: 여성), 연령대, 지역구 단위 등이며 소스는 익명화 규칙을 거쳐 저장한다.",
            "id": "sample_078_0013_000006",
            "annotations": [
                {
                    "word": "여성",
                    "start": 24,
                    "end": 26,
                    "label": "준식별자"
                }
            ]
        },
        {
            "sentence": "참가자 생년 예시는 생년: 1985와 같은 범주형·연속형 혼합 표기로 저장하되 원본은 별도 키테이블에 암호화 보관한다.",
            "id": "sample_078_0013_000007",
            "annotations": [
                {
                    "word": "1985",
                    "start": 15,
                    "end": 19,
                    "label": "준식별자"
                }
            ]
        },
        {
            "sentence": "지역 단위는 시/군/구 수준으로 표기하며 예시로 시/군/구: 서울특별시 강남구와 같이 계층 변수를 유지한다.",
            "id": "sample_078_0013_000008",
            "annotations": [
                {
                    "word": "서울특별시",
                    "start": 34,
                    "end": 39,
                    "label": "준식별자"
                },
                {
                    "word": "강남구",
                    "start": 40,
                    "end": 43,
                    "label": "준식별자"
                }
            ]
        },
        {
            "sentence": "직업·직장명은 준식별자에 해당하므로 직업: 교사와 같은 값은 범주화와 가명화 절차를 적용한다.",
            "id": "sample_078_0013_000009",
            "annotations": [
                {
                    "word": "교사",
                    "start": 24,
                    "end": 26,
                    "label": "준식별자"
                }
            ]
        },
        {
            "sentence": "교차문화 샘플링 지침에는 국적 변수(예: 대한민국)를 포함하고 문화적 효과의 조절변수로 사용한다.",
            "id": "sample_078_0013_000010",
            "annotations": [
                {
                    "word": "대한민국",
                    "start": 23,
                    "end": 27,
                    "label": "준식별자"
                }
            ]
        },
        {
            "sentence": "데이터 수집은 이벤트 로그(event_type, event_timestamp), 세션(session_id), 디바이스(device_type) 정보를 포함한 스트리밍 파이프라인으로 처리한다.",
            "id": "sample_078_0013_000011",
            "annotations": []
        },
        {
            "sentence": "윤리심사 정보는 irb_protocol_id 항목으로 관리하며 예시 형식은 IRB-2024-0001과 같이 내부 식별자를 부여한다.",
            "id": "sample_078_0013_000012",
            "annotations": [
                {
                    "word": "IRB-2024-0001",
                    "start": 42,
                    "end": 55,
                    "label": "기밀정보"
                }
            ]
        },
        {
            "sentence": "실험 버전과 무작위화 무결성을 위해 experiment_version, randomization_seed를 로그에 기록하고 재현가능성을 확보한다.",
            "id": "sample_078_0013_000013",
            "annotations": []
        },
        {
            "sentence": "랜덤화 무결성 보장은 할당 비율 보정, 층화(stratification) 및 블록 랜덤화를 문서화하여 처리·대조군 균형을 유지한다.",
            "id": "sample_078_0013_000014",
            "annotations": []
        },
        {
            "sentence": "동의 메타데이터(consent_status, consent_timestamp)는 추적 가능하도록 ISO-8601 형식으로 기록하며 예시값은 2024-07-01T10:00:00Z로 표기한다.",
            "id": "sample_078_0013_000015",
            "annotations": [
                {
                    "word": "2024-07-01T10:00:00Z",
                    "start": 78,
                    "end": 98,
                    "label": "준식별자"
                }
            ]
        },
        {
            "sentence": "동의 철회 규칙(withdrawal)은 참가자 요청 시 즉시 데이터 접근 차단과 삭제 큐에 등록하도록 절차화한다.",
            "id": "sample_078_0013_000016",
            "annotations": []
        },
        {
            "sentence": "이탈률(dropout_flag)과 비순응(non-compliance) 표기는 타임스탬프와 사유코드를 함께 기록하여 결측 데이터 보정에 활용한다.",
            "id": "sample_078_0013_000017",
            "annotations": []
        },
        {
            "sentence": "데이터 품질·준수 감시를 위해 데이터 관리자 배혜정이 로그 모니터링을 수행하며 접근 기록은 감사로그로 남긴다.",
            "id": "sample_078_0013_000018",
            "annotations": [
                {
                    "word": "배혜정",
                    "start": 25,
                    "end": 28,
                    "label": "개인정보"
                }
            ]
        },
        {
            "sentence": "처리과정의 비식별화는 k-익명성 및 l-다양성 검토를 통해 수행하며, 보정 가중치는 편향 보정 항목으로 명시한다.",
            "id": "sample_078_0013_000019",
            "annotations": []
        },
        {
            "sentence": "실험 노출 기록에는 treatment_timestamp, exposure_channel, exposure_payload 등을 포함하고 전송 지연시간(latency)을 모니터링한다.",
            "id": "sample_078_0013_000020",
            "annotations": []
        },
        {
            "sentence": "랜덤화 시드(randomization_seed)는 재현을 위해 고정 로그에 저장하되 접근 권한을 최소화하고 변경 내역을 기록한다.",
            "id": "sample_078_0013_000021",
            "annotations": []
        },
        {
            "sentence": "주요 결과 변수(primary_outcome)는 사전 등록(pre-registration)에 따라 측정도구와 신뢰도 정보를 함께 제공해야 한다.",
            "id": "sample_078_0013_000022",
            "annotations": []
        },
        {
            "sentence": "사전·사후 설문(pre_survey_scores, post_survey_scores)은 평균·분산·척도별 상관을 보존하여 합성 데이터 생성 시에도 원분포를 재현한다.",
            "id": "sample_078_0013_000023",
            "annotations": []
        },
        {
            "sentence": "결과의 지속성·전이효과 평가를 위해 추적조사 세션을 설계하고, 시계열 특성·계절성·드리프트를 모델링한다.",
            "id": "sample_078_0013_000024",
            "annotations": []
        },
        {
            "sentence": "윤리적 위험 및 편향 모니터링 체계는 잠재적 해악 탐지시 자동 경고를 발동하며 위험등급과 대응절차를 문서화한다.",
            "id": "sample_078_0013_000025",
            "annotations": []
        },
        {
            "sentence": "데이터 보존·삭제 정책은 최소수집 원칙을 따르며 샘플링 보존기간, 암호화 기준, 삭제 절차와 규정 준수 로그를 포함한다.",
            "id": "sample_078_0013_000026",
            "annotations": []
        },
        {
            "sentence": "편향 표집에 대한 보정은 가중치 산출 및 재표본추출 절차를 통해 처리하며 관련 메타데이터를 함께 제공한다.",
            "id": "sample_078_0013_000027",
            "annotations": []
        },
        {
            "sentence": "실험 중단 기준과 사전 중단 규칙은 통계적 중재분석과 윤리적 승인을 조건으로 명시하고 IRB에 보고한다.",
            "id": "sample_078_0013_000028",
            "annotations": []
        },
        {
            "sentence": "데이터 접근 권한은 역할 기반 접근제어(RBAC)를 통해 관리하고, 모든 데이터 추출은 감사 로그와 함께 보존된다.",
            "id": "sample_078_0013_000029",
            "annotations": []
        },
        {
            "sentence": "샘플링, 보존, 삭제 정책과 관련된 규정 준수 로그는 매 분기 내부 점검을 통해 검증하며 보관 기간을 명시한다.",
            "id": "sample_078_0013_000030",
            "annotations": []
        },
        {
            "sentence": "문서의 부록에는 metadata_documentation 항목별 정의, 데이터 사전, 변환 로그, 가명화 키 관리 절차를 포함한다.",
            "id": "sample_078_0013_000031",
            "annotations": []
        },
        {
            "sentence": "결론적으로 본 프로토콜은 실험의 재현성, 무작위화 무결성, 윤리적 책임을 균형있게 확보하기 위한 운영적 지침을 제공한다.",
            "id": "sample_078_0013_000032",
            "annotations": []
        }
    ]
}