{
    "document_id": "078_0048",
    "document_title": "행동과학 기반 넛지 개입 실험 설계 및 데이터 관리 매뉴얼",
    "data": [
        {
            "sentence": "이 문서는 행동과학 및 넛지 기술을 활용한 개입 실험의 설계, 데이터 관리, 윤리 준수 절차를 상세히 기술한다.",
            "id": "sample_078_0048_000001",
            "annotations": []
        },
        {
            "sentence": "목적은 랜덤화 무결성과 외생성 평가를 보장하면서 지속 가능한 행동변화를 검증하는 데 있다.",
            "id": "sample_078_0048_000002",
            "annotations": []
        },
        {
            "sentence": "문서는 실험 메타데이터, 이벤트 로그, 설문·심리척도, 노출기록, 동의추적을 포함하여 재현성을 확보하도록 구성된다.",
            "id": "sample_078_0048_000003",
            "annotations": []
        },
        {
            "sentence": "데이터 생성과정에서는 모든 개인 데이터는 가명화 또는 익명화하고, 식별자 분리와 접근제어를 엄격히 적용한다.",
            "id": "sample_078_0048_000004",
            "annotations": []
        },
        {
            "sentence": "연구진 예시로 연구책임자: 정민수, 데이터 엔지니어: 배용기, 설계자: 원래현을 가명표기로 기재하였다.",
            "id": "sample_078_0048_000005",
            "annotations": [
                {
                    "word": "정민수",
                    "start": 15,
                    "end": 18,
                    "label": "개인정보"
                },
                {
                    "word": "배용기",
                    "start": 30,
                    "end": 33,
                    "label": "개인정보"
                },
                {
                    "word": "원래현",
                    "start": 40,
                    "end": 43,
                    "label": "개인정보"
                }
            ]
        },
        {
            "sentence": "참여자 레코드는 participant_id, assignment_group, treatment_id, treatment_timestamp 등 필수 필드를 표준 스키마로 저장한다.",
            "id": "sample_078_0048_000006",
            "annotations": []
        },
        {
            "sentence": "예시 레코드로 participant_id: P0001, session_id: S_20240915_0001, treatment_id: TREAT_A_01을 기록하였다.",
            "id": "sample_078_0048_000007",
            "annotations": [
                {
                    "word": "P0001",
                    "start": 24,
                    "end": 29,
                    "label": "개인정보"
                },
                {
                    "word": "S_20240915_0001",
                    "start": 43,
                    "end": 58,
                    "label": "개인정보"
                }
            ]
        },
        {
            "sentence": "treatment_timestamp: 2024-09-15T08:30:00Z, exposure_channel: app_push, exposure_payload: {message_type: 'timely_nudge'}로 표기했다.",
            "id": "sample_078_0048_000008",
            "annotations": [
                {
                    "word": "2024",
                    "start": 21,
                    "end": 25,
                    "label": "준식별자"
                },
                {
                    "word": "09",
                    "start": 26,
                    "end": 28,
                    "label": "준식별자"
                },
                {
                    "word": "15",
                    "start": 29,
                    "end": 31,
                    "label": "준식별자"
                }
            ]
        },
        {
            "sentence": "consent_status: consented, consent_timestamp: 2024-08-01T12:00:00Z으로 기록되어 있으며 철회 시 withdrawal_flag를 업데이트한다.",
            "id": "sample_078_0048_000009",
            "annotations": [
                {
                    "word": "2024",
                    "start": 46,
                    "end": 50,
                    "label": "준식별자"
                },
                {
                    "word": "08",
                    "start": 51,
                    "end": 53,
                    "label": "준식별자"
                },
                {
                    "word": "01",
                    "start": 54,
                    "end": 56,
                    "label": "준식별자"
                }
            ]
        },
        {
            "sentence": "IRB 승인번호는 IRB-2024-045이며 관련 원문과 승인서류는 기밀관리 대상으로 분류한다.",
            "id": "sample_078_0048_000010",
            "annotations": [
                {
                    "word": "IRB-2024-045",
                    "start": 10,
                    "end": 22,
                    "label": "기밀정보"
                }
            ]
        },
        {
            "sentence": "무작위 배정은 randomization_seed: 987654321로 고정하고, 할당 비율은 1:1을 유지하도록 로그를 남긴다.",
            "id": "sample_078_0048_000011",
            "annotations": []
        },
        {
            "sentence": "사전 및 사후 설문(pre_survey_scores, post_survey_scores)은 심리척도의 신뢰도를 보존하도록 평균·분산과 척도 간 상관을 유지하여 합성한다.",
            "id": "sample_078_0048_000012",
            "annotations": []
        },
        {
            "sentence": "사전 설문 항목에는 성별: 여성, 연령대: 30대, 생년월일: 1985-07-12 등이 포함되어 있으며 익명화 규칙을 적용한다.",
            "id": "sample_078_0048_000013",
            "annotations": [
                {
                    "word": "1985",
                    "start": 35,
                    "end": 39,
                    "label": "준식별자"
                },
                {
                    "word": "07",
                    "start": 40,
                    "end": 42,
                    "label": "준식별자"
                },
                {
                    "word": "12",
                    "start": 43,
                    "end": 45,
                    "label": "준식별자"
                },
                {
                    "word": "여성",
                    "start": 15,
                    "end": 17,
                    "label": "준식별자"
                }
            ]
        },
        {
            "sentence": "로케일 정보는 locale_region: 서울특별시 종로구로 레코드에 포함되어 있으며 교차문화 비교를 위해 부산·제주 표본도 함께 수집한다.",
            "id": "sample_078_0048_000014",
            "annotations": [
                {
                    "word": "서울특별시",
                    "start": 23,
                    "end": 28,
                    "label": "준식별자"
                },
                {
                    "word": "종로구",
                    "start": 29,
                    "end": 32,
                    "label": "준식별자"
                },
                {
                    "word": "부산",
                    "start": 60,
                    "end": 62,
                    "label": "준식별자"
                },
                {
                    "word": "제주",
                    "start": 63,
                    "end": 65,
                    "label": "준식별자"
                }
            ]
        },
        {
            "sentence": "기술적 로그에는 device_type, session_duration, event_type, event_timestamp가 포함되고 스트리밍 지연시간을 모니터링한다.",
            "id": "sample_078_0048_000015",
            "annotations": []
        },
        {
            "sentence": "예시 이벤트로 event_type: coupon_click, event_timestamp: 2024-09-15T08:32:10Z, primary_outcome: conversion_rate 상승을 기록했다.",
            "id": "sample_078_0048_000016",
            "annotations": [
                {
                    "word": "2024",
                    "start": 51,
                    "end": 55,
                    "label": "준식별자"
                },
                {
                    "word": "09",
                    "start": 56,
                    "end": 58,
                    "label": "준식별자"
                },
                {
                    "word": "15",
                    "start": 59,
                    "end": 61,
                    "label": "준식별자"
                }
            ]
        },
        {
            "sentence": "비순응을 평가하기 위한 compliance_score와 dropout_flag는 보정 모형에 포함되어 인과추정의 견고성을 확보한다.",
            "id": "sample_078_0048_000017",
            "annotations": []
        },
        {
            "sentence": "탈락 사례 예시로 participant_id: P0042가 중도이탈(dropout_flag: true)하여 이탈패턴을 따로 분석하였다.",
            "id": "sample_078_0048_000018",
            "annotations": [
                {
                    "word": "P0042",
                    "start": 26,
                    "end": 31,
                    "label": "개인정보"
                }
            ]
        },
        {
            "sentence": "데이터 익명화 절차는 k-익명성, l-다양성 및 t-근접성 규칙을 적용하며 제출 전 준식별자를 제거한다.",
            "id": "sample_078_0048_000019",
            "annotations": []
        },
        {
            "sentence": "준식별자 목록에는 성별, 생년월일(년/월/일), 시/군/구 단위 주소, 직업·학력 정보가 포함된다.",
            "id": "sample_078_0048_000020",
            "annotations": []
        },
        {
            "sentence": "데이터 보존 정책은 최소수집 원칙을 따르며 보존 기간과 접근 권한, 삭제 절차를 문서화한다.",
            "id": "sample_078_0048_000021",
            "annotations": []
        },
        {
            "sentence": "삭제 규칙은 참여자 동의 철회 시 즉시 개인식별자와 연결된 로그를 분리·삭제하도록 명시한다.",
            "id": "sample_078_0048_000022",
            "annotations": []
        },
        {
            "sentence": "모니터링 체계는 편향 지표(SMD 등)와 잠재적 해악(adverse events) 감시를 포함하여 주기적으로 리포팅한다.",
            "id": "sample_078_0048_000023",
            "annotations": []
        },
        {
            "sentence": "윤리적 위험이 발견되는 경우 연구책임자 정민수에게 즉시 보고하고 추가 안전 모니터링 및 개입을 시행한다.",
            "id": "sample_078_0048_000024",
            "annotations": [
                {
                    "word": "정민수",
                    "start": 22,
                    "end": 25,
                    "label": "개인정보"
                }
            ]
        },
        {
            "sentence": "데이터 접근 권한은 역할 기반(RBAC)으로 부여하며 내부 기밀정보(예: IRB 원문)는 별도 암호화 저장소에 보관한다.",
            "id": "sample_078_0048_000025",
            "annotations": []
        },
        {
            "sentence": "정책 준수 로그에는 샘플링 일시, 접근자 역할, 접근 목적과 조치 결과가 기록되어 감사 가능하도록 보관한다.",
            "id": "sample_078_0048_000026",
            "annotations": []
        },
        {
            "sentence": "접근 로그 예시로 access_time: 2024-09-16T09:15:00Z, accessor_role: analyst, action: read, resource: dataset_v1을 남긴다.",
            "id": "sample_078_0048_000027",
            "annotations": [
                {
                    "word": "2024",
                    "start": 23,
                    "end": 27,
                    "label": "준식별자"
                },
                {
                    "word": "09",
                    "start": 28,
                    "end": 30,
                    "label": "준식별자"
                },
                {
                    "word": "09",
                    "start": 34,
                    "end": 36,
                    "label": "준식별자"
                },
                {
                    "word": "16",
                    "start": 31,
                    "end": 33,
                    "label": "준식별자"
                }
            ]
        },
        {
            "sentence": "교차문화 검증을 위해 locale_region: 부산광역시 해운대구 표본의 노출 반응을 서울 표본과 비교하였다.",
            "id": "sample_078_0048_000028",
            "annotations": [
                {
                    "word": "부산광역시",
                    "start": 27,
                    "end": 32,
                    "label": "준식별자"
                },
                {
                    "word": "해운대구",
                    "start": 33,
                    "end": 37,
                    "label": "준식별자"
                }
            ]
        },
        {
            "sentence": "보고서 말미에는 실험 버전(experiment_version: v1.3), 랜덤화 무결성 로그, 및 규정 준수 서명이 포함되어 있다.",
            "id": "sample_078_0048_000029",
            "annotations": []
        },
        {
            "sentence": "결론과 향후 조치로는 편향 보정, 추가 파일럿, 그리고 데이터 보존·삭제 이력의 정기 점검을 권고한다.",
            "id": "sample_078_0048_000030",
            "annotations": []
        }
    ]
}