{
    "document_id": "097_0066",
    "document_title": "대마·헴프 통합 품질관리 및 추적성 보고서",
    "data": [
        {
            "sentence": "본 문서는 대마(칸나비스) 및 햄프 산업의 품질관리, 시험성적서(COA), 추적성 및 규정준수 절차를 통합적으로 설명하기 위해 작성되었습니다.",
            "id": "sample_097_0066_000001",
            "annotations": []
        },
        {
            "sentence": "문서는 재배·가공·시험·유통 단계별 이벤트 로그와 COA 무결성, 리콜·폐기 증빙을 포함하도록 설계되었습니다.",
            "id": "sample_097_0066_000002",
            "annotations": []
        },
        {
            "sentence": "관할구역 표기는 지역별 규정 버전 관리가 가능하도록 국가, 주/시, 로컬 규칙을 메타데이터로 포함합니다.",
            "id": "sample_097_0066_000003",
            "annotations": []
        },
        {
            "sentence": "재배 시작 기록: 2025-03-01T08:00:00+09:00, 온실 ID GH-07, 담당자: ENC(윤하솔), 사번: ENC(2025-0001)으로 감사로그에 보존합니다.",
            "id": "sample_097_0066_000004",
            "annotations": [
                {
                    "word": "윤하솔",
                    "start": 59,
                    "end": 62,
                    "label": "개인정보"
                },
                {
                    "word": "2025-0001",
                    "start": 73,
                    "end": 82,
                    "label": "개인정보"
                }
            ]
        },
        {
            "sentence": "수확 명세에는 배치번호 BATCH-2025-006, 수확량(건조 기준) 12.4 kg, 수확지 GPS 좌표(익명화)와 샘플링 프로토콜이 포함됩니다.",
            "id": "sample_097_0066_000005",
            "annotations": []
        },
        {
            "sentence": "배치 검수 기록(검수일 2025-04-08T10:15:00+09:00)은 검수자 손라현이 서명하고 샘플 ID SAMPLE-2025-00045를 연결합니다.",
            "id": "sample_097_0066_000006",
            "annotations": [
                {
                    "word": "손라현",
                    "start": 45,
                    "end": 48,
                    "label": "개인정보"
                }
            ]
        },
        {
            "sentence": "COA 요약: 샘플 ID SAMPLE-2025-00045, 채취일 2025-04-08T09:45:00+09:00, 분석자: ENC(손라현), 시험실 인증 정보가 명시됩니다.",
            "id": "sample_097_0066_000007",
            "annotations": [
                {
                    "word": "손라현",
                    "start": 73,
                    "end": 76,
                    "label": "개인정보"
                }
            ]
        },
        {
            "sentence": "원문 COA PDF 제공 시 무결성 표시: PDF URL(내부보관) 및 SHA256 해시(예: 3a7f1e...c9d1)와 함께 디지털 서명을 첨부합니다.",
            "id": "sample_097_0066_000008",
            "annotations": []
        },
        {
            "sentence": "시험결과 주요 항목: THC 0.32 % (w/w), CBD 12.5 mg/g, 중금속(납) 0.4 ppm, 잔류농약 불검출 검출한계 기준을 함께 제시합니다.",
            "id": "sample_097_0066_000009",
            "annotations": []
        },
        {
            "sentence": "관할구역 규정: 대한민국(서울특별시) THC 허용 한도 0.3 % 기준을 레코드에 포함하고, 초과시 compliance_flag를 기록합니다.",
            "id": "sample_097_0066_000010",
            "annotations": []
        },
        {
            "sentence": "체인오브커스터디 이벤트: 2025-04-08T11:00:00+09:00 샘플 전달, custody_id COC-2025-045, 수령자 operator_id: ENC(박아리)로 기록됩니다.",
            "id": "sample_097_0066_000011",
            "annotations": [
                {
                    "word": "박아리",
                    "start": 93,
                    "end": 96,
                    "label": "개인정보"
                }
            ]
        },
        {
            "sentence": "재고 이벤트 예시: 입고 created_at 2025-04-08T12:00:00+09:00, 배치 BATCH-2025-006 수량 12.4 kg, operator_id: ENC(윤하솔)으로 append-only 로그가 생성됩니다.",
            "id": "sample_097_0066_000012",
            "annotations": [
                {
                    "word": "윤하솔",
                    "start": 99,
                    "end": 102,
                    "label": "개인정보"
                }
            ]
        },
        {
            "sentence": "판매 영수증(거래ID TX-2025-0456)에는 구매자명(암호화): ENC(양예안)과 고객ID: ENC(2025-CUST-0001)이 기재되어 있습니다.",
            "id": "sample_097_0066_000013",
            "annotations": [
                {
                    "word": "양예안",
                    "start": 43,
                    "end": 46,
                    "label": "개인정보"
                },
                {
                    "word": "2025-CUST-0001",
                    "start": 59,
                    "end": 73,
                    "label": "개인정보"
                }
            ]
        },
        {
            "sentence": "구매자 연령·신분검증 로그에는 생년월일 1988-03-14T00:00:00+09:00와 휴대전화(암호화): ENC(010-1234-5678)이 기록되어 있습니다.",
            "id": "sample_097_0066_000014",
            "annotations": [
                {
                    "word": "1988-03-14T00:00:00+09:00",
                    "start": 22,
                    "end": 47,
                    "label": "준식별자"
                },
                {
                    "word": "010-1234-5678",
                    "start": 64,
                    "end": 77,
                    "label": "개인정보"
                }
            ]
        },
        {
            "sentence": "주소는 최소수집 원칙에 따라 시·군·구 단위로 분리 보관되며 본 건은 서울특별시, 강남구, 역삼동으로 표준화되어 저장됩니다.",
            "id": "sample_097_0066_000015",
            "annotations": [
                {
                    "word": "서울특별시",
                    "start": 39,
                    "end": 44,
                    "label": "준식별자"
                },
                {
                    "word": "강남구",
                    "start": 46,
                    "end": 49,
                    "label": "준식별자"
                },
                {
                    "word": "역삼동",
                    "start": 51,
                    "end": 54,
                    "label": "준식별자"
                }
            ]
        },
        {
            "sentence": "운송 로그에는 created_at 2025-04-11T08:45:00+09:00, 배송사 코드 DLV-77, 온도 프로파일 및 GPS 추적 ID가 연결됩니다.",
            "id": "sample_097_0066_000016",
            "annotations": []
        },
        {
            "sentence": "운송 온도 로그는 2025-04-11T09:00:00+09:00 부터 2025-04-11T15:00:00+09:00까지 4±2°C 범위로 기록되었고 GPS 추적 ID GPS-TRK-889가 포함됩니다.",
            "id": "sample_097_0066_000017",
            "annotations": []
        },
        {
            "sentence": "시험 불합격 배치(BATCH-2025-006) 발생 시 폐기 증빙으로 disposal_method: incineration, disposed_at: 2025-04-12T10:30:00+09:00, disposition_document_id DISP-2025-006-01를 포함합니다.",
            "id": "sample_097_0066_000018",
            "annotations": []
        },
        {
            "sentence": "리콜 프로세스는 POS 로그, 배송사 기록, 구매자ID를 통해 소비자·유통 경로를 완전 복원할 수 있도록 traceability_chain을 유지합니다.",
            "id": "sample_097_0066_000019",
            "annotations": []
        },
        {
            "sentence": "COA에는 샘플링 방법(복수 포인트 합산), 샘플 준비 SOP, 시험방법 SOP-THC-GC-MS v2.1 및 분석 조건이 명시됩니다.",
            "id": "sample_097_0066_000020",
            "annotations": []
        },
        {
            "sentence": "검사실 자격증명은 KOLAS ISO/IEC 17025:2017 등록번호 KOLAS-17025-0009로 명시되고 분석자는 내부 QR 서명으로 인증됩니다.",
            "id": "sample_097_0066_000021",
            "annotations": []
        },
        {
            "sentence": "원문 COA PDF 또는 URL 제공 시 무결성 검증을 위해 SHA256 해시(예: 3a7f1e...c9d1) 및 디지털 서명 SIGNER: ENC(손근휘)로 표기합니다.",
            "id": "sample_097_0066_000022",
            "annotations": [
                {
                    "word": "손근휘",
                    "start": 83,
                    "end": 86,
                    "label": "개인정보"
                }
            ]
        },
        {
            "sentence": "규제보고서 제출 주기는 분기별이며 제출 기한은 2025-06-30T23:59:00+09:00으로 스케줄링되어 있습니다.",
            "id": "sample_097_0066_000023",
            "annotations": []
        },
        {
            "sentence": "세금·면허 수수료 납부 내역에는 내부 결재선과 결제자 코드가 포함되며 내부 승인 코드 CONF-ALPHA-2025는 기밀로 분류됩니다.",
            "id": "sample_097_0066_000024",
            "annotations": [
                {
                    "word": "CONF-ALPHA-2025",
                    "start": 48,
                    "end": 63,
                    "label": "기밀정보"
                }
            ]
        },
        {
            "sentence": "재무 계좌 정보는 암호화 보관되며 예시 계좌번호(테스트): 123-456-789는 내부 기밀로 취급되어 별도 접근 제어를 둡니다.",
            "id": "sample_097_0066_000025",
            "annotations": [
                {
                    "word": "123-456-789",
                    "start": 33,
                    "end": 44,
                    "label": "기밀정보"
                }
            ]
        },
        {
            "sentence": "시스템 접속 로그에는 파일 경로와 서버 IP 10.0.0.5, 관리자 계정명이 남아 있으며 이는 기술·보안 측면의 기밀정보로 분류됩니다.",
            "id": "sample_097_0066_000026",
            "annotations": [
                {
                    "word": "10.0.0.5",
                    "start": 25,
                    "end": 33,
                    "label": "기밀정보"
                }
            ]
        },
        {
            "sentence": "품질관리 담당자 명단에는 박아리, 송태주, 윤종수 등 권한자 목록이 포함되어 있고 접근 권한은 역할기반 제어로 제한됩니다.",
            "id": "sample_097_0066_000027",
            "annotations": [
                {
                    "word": "박아리",
                    "start": 14,
                    "end": 17,
                    "label": "개인정보"
                },
                {
                    "word": "송태주",
                    "start": 19,
                    "end": 22,
                    "label": "개인정보"
                },
                {
                    "word": "윤종수",
                    "start": 24,
                    "end": 27,
                    "label": "개인정보"
                }
            ]
        },
        {
            "sentence": "외부 감사 시 모든 변경·삭제는 created_at, updated_at, operator_id 로그로 증적되며 예시 created_at 2025-04-09T08:00:00+09:00, operator_id: ENC(손라현)이 기록됩니다.",
            "id": "sample_097_0066_000028",
            "annotations": [
                {
                    "word": "손라현",
                    "start": 121,
                    "end": 124,
                    "label": "개인정보"
                }
            ]
        },
        {
            "sentence": "단위 표준화 규칙: 농도는 % 또는 mg/g로, 중금속은 ppm으로 명시하며 단위 누락 시 입력 거부 로직을 적용합니다.",
            "id": "sample_097_0066_000029",
            "annotations": []
        },
        {
            "sentence": "제품 라벨에는 권장 복용량, 알레르기 정보, 배치번호 BATCH-2025-006 및 규제 고지문을 명확히 기재하여 소비자 안전을 확보합니다.",
            "id": "sample_097_0066_000030",
            "annotations": []
        },
        {
            "sentence": "본 문서는 규정 준수 목적의 예시 데이터로서 실제 법적 또는 의료적 조언을 대체하지 않으며 개인정보는 암호화·익명화 원칙을 준수합니다.",
            "id": "sample_097_0066_000031",
            "annotations": []
        }
    ]
}