{
    "document_id": "097_0085",
    "document_title": "대마 및 햄프 종합 운영·품질관리 보고서",
    "data": [
        {
            "sentence": "문서 개요: 본 보고서는 재배, 가공, 시험, 유통, 규정준수 및 리콜 추적성 데이터를 통합한 대마(칸나비스) 및 햄프 운영·품질관리 문서입니다.",
            "id": "sample_097_0085_000001",
            "annotations": []
        },
        {
            "sentence": "목적: 이 문서는 배치 기반 추적성, COA(검사성적서) 연결, 재고 이벤트 로그, 규제보고서 스케줄링 및 감사증적을 표준화하기 위해 작성되었습니다.",
            "id": "sample_097_0085_000002",
            "annotations": []
        },
        {
            "sentence": "관할구역 및 규정 요약: 대한민국(서울특별시) 규정에서 CBD 제품의 THC 허용 한도는 0.3% (w/w)이며, 지역별 규정 버전은 '대한민국 서울특별시 규정 버전 2024.05'로 관리합니다.",
            "id": "sample_097_0085_000003",
            "annotations": []
        },
        {
            "sentence": "면허정보 요약: 사업자 면허 ID는 LIC-2023-XY-009로 등재되어 있으며 제출 서류와 갱신 내역은 면허 레코드에 전자서명과 타임스탬프를 포함하여 보관합니다.",
            "id": "sample_097_0085_000004",
            "annotations": []
        },
        {
            "sentence": "담당자 및 직원 기본정보(암호화 표기): 담당자명 곽지완, 연락처 010-1234-5678, 이메일 gw.kang@example.com, 사번: 20230456, 생년월일 1990-05-20T00:00:00+09:00(암호화/접근제어 적용).",
            "id": "sample_097_0085_000005",
            "annotations": [
                {
                    "word": "곽지완",
                    "start": 28,
                    "end": 31,
                    "label": "개인정보"
                },
                {
                    "word": "010-1234-5678",
                    "start": 37,
                    "end": 50,
                    "label": "개인정보"
                },
                {
                    "word": "gw.kang@example.com",
                    "start": 56,
                    "end": 75,
                    "label": "개인정보"
                },
                {
                    "word": "20230456",
                    "start": 81,
                    "end": 89,
                    "label": "개인정보"
                },
                {
                    "word": "1990-05-20T00:00:00+09:00",
                    "start": 96,
                    "end": 121,
                    "label": "준식별자"
                }
            ]
        },
        {
            "sentence": "회사 주소(상세): 서울특별시 강남구 역삼동 123-45에 위치한 온실의 운영 기록은 접근권한이 있는 감사자만 열람할 수 있도록 암호화 저장합니다.",
            "id": "sample_097_0085_000006",
            "annotations": [
                {
                    "word": "서울특별시 강남구 역삼동 123-45",
                    "start": 11,
                    "end": 31,
                    "label": "개인정보"
                },
                {
                    "word": "서울특별시",
                    "start": 11,
                    "end": 16,
                    "label": "준식별자"
                },
                {
                    "word": "강남구",
                    "start": 17,
                    "end": 20,
                    "label": "준식별자"
                },
                {
                    "word": "역삼동",
                    "start": 21,
                    "end": 24,
                    "label": "준식별자"
                }
            ]
        },
        {
            "sentence": "재배로그 샘플: 온실 A구역에서의 관수 이벤트 2024-06-15T08:00:00+09:00에 기록되었으며 토양 pH, 영양제 배합비, 조명 스케줄은 SOP-ENV-2023-01을 따랐습니다.",
            "id": "sample_097_0085_000007",
            "annotations": []
        },
        {
            "sentence": "수확명세: 배치 BATCH-20240615-001은 2024-06-15T14:30:00+09:00에 수확되었고 수확무게 125.34 kg로 로트 레이블에 연결되어 있습니다.",
            "id": "sample_097_0085_000008",
            "annotations": []
        },
        {
            "sentence": "배치 기록: BATCH-20240615-001의 초기 가공 단계는 건조·탈수로 지정되었으며 가공장 입고 시점과 출고 시점을 event-log로 append-only 방식으로 기록합니다.",
            "id": "sample_097_0085_000009",
            "annotations": []
        },
        {
            "sentence": "COA(검사성적서) 요약: 샘플 ID SMP-00089, 채취일 2024-06-16T10:15:00+09:00, 채취방법: 무작위층별 복합샘플링, 분석실: KOLAB Analytical Ltd., 인증: ISO/IEC 17025, 시험법: GC-MS SOP-COA-2023-07, 무결성 해시 sha256:2cf24dba5fb0a30e26e83b2ac5b9e29e1b161e5c1fa7425e73043362938b9824.",
            "id": "sample_097_0085_000010",
            "annotations": [
                {
                    "word": "sha256:2cf24dba5fb0a30e26e83b2ac5b9e29e1b161e5c1fa7425e73043362938b9824",
                    "start": 164,
                    "end": 235,
                    "label": "기밀정보"
                }
            ]
        },
        {
            "sentence": "COA 결과(칸나비노이드): THC 0.28% (w/w), CBD 12.5 mg/g; 시험불확도 및 시약배치 정보는 COA 원문에 메타데이터로 포함되어 있습니다.",
            "id": "sample_097_0085_000011",
            "annotations": []
        },
        {
            "sentence": "중금속 시험 결과(ICP-MS): Pb 0.2 ppm, As <0.10 ppm, Cd <0.05 ppm, Hg <0.05 ppm, 시험법: ICP-MS SOP-MET-2022-02, 실험실 인증 정보 연결 완료.",
            "id": "sample_097_0085_000012",
            "annotations": []
        },
        {
            "sentence": "잔류농약 및 미생물 결과: 전체 스크리닝에서 Chlorpyrifos 0.05 ppm 검출, 총호기성균수 <100 CFU/g, Salmonella: 음성, 시험법: LC-MS/MS SOP-PES-2021-11 및 MPN법 SOP-MIC-2020-03.",
            "id": "sample_097_0085_000013",
            "annotations": []
        },
        {
            "sentence": "불합격 배치 사례: BATCH-20240620-003에서 Chlorpyrifos 0.50 ppm이 검출되어 규정기준 0.10 ppm을 초과하므로 compliance_flag: true로 표기하며 즉시 리콜 절차를 개시합니다.",
            "id": "sample_097_0085_000014",
            "annotations": [
                {
                    "word": "BATCH-20240620-003",
                    "start": 11,
                    "end": 29,
                    "label": "일반정보"
                }
            ]
        },
        {
            "sentence": "리콜 추적성: BATCH-20240620-003의 traceability_chain은 생산→가공→창고입고→운송→소매점 단계의 이벤트 타임스탬프로 완전 복원 가능하며 운송사 기록에 운전기사 정보가 포함됩니다.",
            "id": "sample_097_0085_000015",
            "annotations": []
        },
        {
            "sentence": "운송 기록 예시: 2024-06-21T09:00:00+09:00에 한빛물류가 인수하여 출발하였고 운전기사 나무현이 운송을 담당하였으며 온도 로그는 차량 내부 센서로 초당 기록됩니다.",
            "id": "sample_097_0085_000016",
            "annotations": [
                {
                    "word": "나무현",
                    "start": 59,
                    "end": 62,
                    "label": "개인정보"
                }
            ]
        },
        {
            "sentence": "재고 원장(append-only 이벤트): 입고 이벤트 created_at 2024-06-15T15:00:00+09:00, updated_at 2024-06-16T09:00:00+09:00, operator_id: 권하랑로 감사로그가 유지됩니다.",
            "id": "sample_097_0085_000017",
            "annotations": [
                {
                    "word": "권하랑",
                    "start": 120,
                    "end": 123,
                    "label": "개인정보"
                }
            ]
        },
        {
            "sentence": "판매 영수증(POS) 예시: 거래일 2024-07-01T12:05:00+09:00, 고객명 진유빈, 신분확인 생년월일 1998-07-12T00:00:00+09:00, 성인확인 완료, 판매제품과 복용량 표기가 포함됩니다.",
            "id": "sample_097_0085_000018",
            "annotations": [
                {
                    "word": "진유빈",
                    "start": 51,
                    "end": 54,
                    "label": "개인정보"
                },
                {
                    "word": "1998-07-12T00:00:00+09:00",
                    "start": 66,
                    "end": 91,
                    "label": "준식별자"
                }
            ]
        },
        {
            "sentence": "세금 및 수수료 납부 기록: 2024-07-10T10:00:00+09:00에 납부금액 5,000,000 KRW가 계좌번호 110-123-456789로 이체되었으며 전자영수증과 서버 로그로 증빙됩니다.",
            "id": "sample_097_0085_000019",
            "annotations": [
                {
                    "word": "110-123-456789",
                    "start": 68,
                    "end": 82,
                    "label": "기밀정보"
                }
            ]
        },
        {
            "sentence": "운송 온도 및 환경 로그 예시: 2024-06-21T09:00:05+09:00 온도 4.2°C, 습도 45%, 센서 ID TS-VEH-09, 로그는 타임스탬프와 함께 서명된 이벤트로 기록됩니다.",
            "id": "sample_097_0085_000020",
            "annotations": []
        },
        {
            "sentence": "포장·라벨 사양: 제품 라벨에는 총칸나비노이드, THC %, 권장 복용량, 알레르기 정보(대두 성분 혼입 가능성), 보관조건 및 경고문구가 명시되어야 합니다.",
            "id": "sample_097_0085_000021",
            "annotations": []
        },
        {
            "sentence": "리콜 및 폐기 증빙: BATCH-20240620-003는 폐기 방식 incineration으로 처리되었고 disposed_at 2024-06-25T14:00:00+09:00, disposition_document_id DISP-2024-06-25-01로 증적을 남겼습니다.",
            "id": "sample_097_0085_000022",
            "annotations": []
        },
        {
            "sentence": "감사로그 예시: 변경 기록 created_at 2024-06-16T11:00:00+09:00, updated_at 2024-06-18T16:30:00+09:00, operator_id: 서진열, 변경내역과 디지털서명으로 무결성을 보장합니다.",
            "id": "sample_097_0085_000023",
            "annotations": [
                {
                    "word": "서진열",
                    "start": 104,
                    "end": 107,
                    "label": "개인정보"
                }
            ]
        },
        {
            "sentence": "실험실 체인오브커스터디 이벤트: 샘플 SMP-00089는 2024-06-16T10:15:00+09:00에 채취되어 이관기록과 서명된 COA 원본 PDF로 연결되며 원문 해시는 COA 메타데이터에 포함됩니다.",
            "id": "sample_097_0085_000024",
            "annotations": []
        },
        {
            "sentence": "규제보고 및 파일 포맷: 주기적 규제보고서는 XML/CSV 템플릿을 사용하여 스케줄링되며 제출 시점의 규정 버전을 메타데이터로 포함하는 버전관리 정책을 따릅니다.",
            "id": "sample_097_0085_000025",
            "annotations": []
        },
        {
            "sentence": "조치항목: 리콜 대상 배치의 소비자 통보, 소매 반품 회수, 폐기 증빙 PDF 업로드, 그리고 관련 규제기관에 24시간 내 보고를 윤희라에게 할당합니다.",
            "id": "sample_097_0085_000026",
            "annotations": [
                {
                    "word": "윤희라",
                    "start": 73,
                    "end": 76,
                    "label": "개인정보"
                }
            ]
        },
        {
            "sentence": "데이터 저장소 보안(기밀): 내부 서버 IP 10.0.0.5와 파일 경로 /srv/canna/data/coa_2024.pdf는 접근제어 목록에 따라 제한되며 민감문서는 암호화 상태로 저장됩니다.",
            "id": "sample_097_0085_000027",
            "annotations": [
                {
                    "word": "10.0.0.5",
                    "start": 25,
                    "end": 33,
                    "label": "기밀정보"
                },
                {
                    "word": "/srv/canna/data/coa_2024.pdf",
                    "start": 41,
                    "end": 69,
                    "label": "기밀정보"
                }
            ]
        },
        {
            "sentence": "면책: 본 문서에 포함된 예시 데이터는 교육 및 시스템 설계 목적의 합성 데이터이며 법적·의료적 조언을 제공하지 않습니다.",
            "id": "sample_097_0085_000028",
            "annotations": []
        }
    ]
}