{
    "document_id": "097_0006",
    "document_title": "대마(칸나비스) 및 햄프 생산·품질관리·시험성적서 통합운영보고서",
    "data": [
        {
            "sentence": "본 문서는 대마(칸나비스) 및 햄프의 재배·가공·시험·유통·규제준수를 통합 관리하기 위한 운영·감사 기록을 포함합니다.",
            "id": "sample_097_0006_000001",
            "annotations": []
        },
        {
            "sentence": "문서에는 면허정보, 재배로그, 수확명세, 배치 레코드, COA(시험성적서), 추적성 이벤트 및 리콜·폐기 증빙이 포함되어 있습니다.",
            "id": "sample_097_0006_000002",
            "annotations": []
        },
        {
            "sentence": "모든 날짜와 시간은 ISO 8601 형식과 타임존(+09:00)을 포함하여 기록되었습니다.",
            "id": "sample_097_0006_000003",
            "annotations": []
        },
        {
            "sentence": "운영시설 주소: 서울특별시 강남구 테헤란로 123-45, 7층(시설 대표 연락처 및 상세 주소는 내부 보안 정책에 따라 관리됨).",
            "id": "sample_097_0006_000004",
            "annotations": [
                {
                    "word": "서울특별시 강남구 테헤란로 123-45, 7층",
                    "start": 9,
                    "end": 34,
                    "label": "개인정보"
                },
                {
                    "word": "서울특별시",
                    "start": 9,
                    "end": 14,
                    "label": "준식별자"
                },
                {
                    "word": "강남구",
                    "start": 15,
                    "end": 18,
                    "label": "준식별자"
                }
            ]
        },
        {
            "sentence": "담당 부서 연락처(공용): 010-1234-5678, 내부 대표 이메일과 개인 연락처는 최소수집 원칙에 따라 암호화·제한 열람됩니다.",
            "id": "sample_097_0006_000005",
            "annotations": [
                {
                    "word": "010-1234-5678",
                    "start": 15,
                    "end": 28,
                    "label": "개인정보"
                }
            ]
        },
        {
            "sentence": "품질책임자: 한다율, 사번 EMP-009, 품질승인 및 COA 검토 권한을 보유합니다.",
            "id": "sample_097_0006_000006",
            "annotations": [
                {
                    "word": "한다율",
                    "start": 7,
                    "end": 10,
                    "label": "개인정보"
                },
                {
                    "word": "EMP-009",
                    "start": 15,
                    "end": 22,
                    "label": "개인정보"
                }
            ]
        },
        {
            "sentence": "현장 관리자 구도경은 재배·수확 작업을 총괄하며 성별: 남성, 생년월일: 1988-07-21T00:00:00+09:00 형식으로 인사기록에 등록되어 있습니다.",
            "id": "sample_097_0006_000007",
            "annotations": [
                {
                    "word": "구도경",
                    "start": 7,
                    "end": 10,
                    "label": "개인정보"
                },
                {
                    "word": "남성",
                    "start": 31,
                    "end": 33,
                    "label": "준식별자"
                },
                {
                    "word": "1988-07-21T00:00:00+09:00",
                    "start": 41,
                    "end": 66,
                    "label": "준식별자"
                }
            ]
        },
        {
            "sentence": "온실 A1의 파종일은 2024-03-05T09:00:00+09:00로 기록되었으며 파종방법과 비료·수분 로그는 별도 첨부 파일로 보관합니다.",
            "id": "sample_097_0006_000008",
            "annotations": [
                {
                    "word": "2024-03-05T09:00:00+09:00",
                    "start": 12,
                    "end": 37,
                    "label": "준식별자"
                }
            ]
        },
        {
            "sentence": "수확명세: 배치 BATCH-20240915-01이 2024-09-15T06:30:00+09:00에 수확되어 중량, 수분, 불순물 전수 검사가 진행되었습니다.",
            "id": "sample_097_0006_000009",
            "annotations": [
                {
                    "word": "2024-09-15T06:30:00+09:00",
                    "start": 28,
                    "end": 53,
                    "label": "준식별자"
                }
            ]
        },
        {
            "sentence": "배치 샘플 식별자 SMP-20250915-001은 1,250 g의 원료를 대표하며 샘플링 방법은 SOP-SAMP-01에 따랐습니다.",
            "id": "sample_097_0006_000010",
            "annotations": []
        },
        {
            "sentence": "COA 발행 연구소: 대한화학분석연구소, ISO/IEC 17025 인증번호 KOL-7788, 보고서 발행일 2025-09-16T14:30:00+09:00.",
            "id": "sample_097_0006_000011",
            "annotations": [
                {
                    "word": "2025-09-16T14:30:00+09:00",
                    "start": 60,
                    "end": 85,
                    "label": "준식별자"
                }
            ]
        },
        {
            "sentence": "성분분석 결과는 THC 0.25% (w/w), CBD 12.5% (w/w)로 HPLC-DAD 방법(SOP-COA-001)에 의해 정량되었습니다.",
            "id": "sample_097_0006_000012",
            "annotations": []
        },
        {
            "sentence": "중금속 분석 결과는 Pb 0.3 ppm, Cd <0.05 ppm, Hg <0.01 ppm으로 ICP-MS(SOP-IM-002) 분석법에 의해 보고되었습니다.",
            "id": "sample_097_0006_000013",
            "annotations": []
        },
        {
            "sentence": "잔류농약 스크리닝에서는 보고한 작물 관련 우려 농약이 검출되지 않았고, 검출한 성분 최고값은 0.02 mg/kg 이하였습니다.",
            "id": "sample_097_0006_000014",
            "annotations": []
        },
        {
            "sentence": "미생물시험에서는 E. coli 음성, 총호기성생균수 120 CFU/g로 SOP-MICRO-01에 따라 판정되었습니다.",
            "id": "sample_097_0006_000015",
            "annotations": []
        },
        {
            "sentence": "체인오브커스터디 이벤트: 샘플 수거 2025-09-15T08:45:00+09:00에 이루어졌으며 수거 담당 운송원은 주범입니다.",
            "id": "sample_097_0006_000016",
            "annotations": [
                {
                    "word": "2025-09-15T08:45:00+09:00",
                    "start": 20,
                    "end": 45,
                    "label": "준식별자"
                },
                {
                    "word": "주범",
                    "start": 65,
                    "end": 67,
                    "label": "개인정보"
                }
            ]
        },
        {
            "sentence": "해당 운송원의 연락처는 010-9876-5432로 운송서류 및 서명 기록과 함께 보관됩니다.",
            "id": "sample_097_0006_000017",
            "annotations": [
                {
                    "word": "010-9876-5432",
                    "start": 13,
                    "end": 26,
                    "label": "개인정보"
                }
            ]
        },
        {
            "sentence": "운송 중 온도 로깅 예: 2025-09-15T08:50:00+09:00에서 4.0°C를 유지, 로그는 무결성 검증을 위한 해시와 함께 저장됩니다.",
            "id": "sample_097_0006_000018",
            "annotations": []
        },
        {
            "sentence": "포장 라벨 사양에는 성분 함량, 권장 복용량, 알레르기 정보(대두 등) 및 보관 조건이 명시되어 있습니다.",
            "id": "sample_097_0006_000019",
            "annotations": []
        },
        {
            "sentence": "POS 트랜잭션 예시: 판매 시 연령 확인을 위해 생년월일 2002-05-10T00:00:00+09:00(만 23세) 기록이 남으며 개인 신원 정보는 익명화 정책에 따라 처리됩니다.",
            "id": "sample_097_0006_000020",
            "annotations": [
                {
                    "word": "2002-05-10T00:00:00+09:00",
                    "start": 33,
                    "end": 58,
                    "label": "준식별자"
                }
            ]
        },
        {
            "sentence": "재고 원장 이벤트(append-only): 2025-09-15T09:15:00+09:00에 장지명이 입고를 기록했으며 운영자 사번 EMP-022가 변경을 승인했습니다.",
            "id": "sample_097_0006_000021",
            "annotations": [
                {
                    "word": "장지명",
                    "start": 51,
                    "end": 54,
                    "label": "개인정보"
                },
                {
                    "word": "EMP-022",
                    "start": 73,
                    "end": 80,
                    "label": "개인정보"
                }
            ]
        },
        {
            "sentence": "리콜 기록: 배치 BATCH-20240915-01에 대해 2025-10-01T10:00:00+09:00에 리콜이 발령되었고 관련 배포처에 내부 공지 URL https://internal.company.local/recall/20251001로 통보되었습니다.",
            "id": "sample_097_0006_000022",
            "annotations": [
                {
                    "word": "https://internal.company.local/recall/20251001",
                    "start": 87,
                    "end": 133,
                    "label": "기밀정보"
                },
                {
                    "word": "2025-10-01T10:00:00+09:00",
                    "start": 32,
                    "end": 57,
                    "label": "준식별자"
                }
            ]
        },
        {
            "sentence": "불합격 배치의 폐기 증빙: disposal_method=incineration, disposed_at=2025-10-05T09:15:00+09:00, disposition_document_id=DIS-20251005-01, 폐기사찰자 류미숙 서명 포함.",
            "id": "sample_097_0006_000023",
            "annotations": [
                {
                    "word": "류미숙",
                    "start": 131,
                    "end": 134,
                    "label": "개인정보"
                },
                {
                    "word": "DIS-20251005-01",
                    "start": 108,
                    "end": 123,
                    "label": "기밀정보"
                }
            ]
        },
        {
            "sentence": "관할구역 규정: 대한민국(서울특별시) 기준 허용 THC 한도 0.3%로, 본 사례 배치의 THC 0.35%는 규정 초과로 compliance_flag: true로 표기됩니다.",
            "id": "sample_097_0006_000024",
            "annotations": []
        },
        {
            "sentence": "세무 및 면허 수수료 납부 기록에는 계좌번호 123-456-789012가 사용되었으며 납부일은 2025-01-15T12:00:00+09:00입니다.",
            "id": "sample_097_0006_000025",
            "annotations": [
                {
                    "word": "계좌번호 123-456-789012",
                    "start": 20,
                    "end": 39,
                    "label": "기밀정보"
                },
                {
                    "word": "2025-01-15T12:00:00+09:00",
                    "start": 53,
                    "end": 78,
                    "label": "준식별자"
                }
            ]
        },
        {
            "sentence": "감사로그는 모든 변경에 대해 created_at 및 updated_at 타임스탬프를 남기며 예시로 2025-09-17T11:00:00+09:00에 신영혜가 검토를 수행했습니다.",
            "id": "sample_097_0006_000026",
            "annotations": [
                {
                    "word": "신영혜",
                    "start": 82,
                    "end": 85,
                    "label": "개인정보"
                }
            ]
        },
        {
            "sentence": "실험실 COA 원본 PDF는 외부 접근용 URL과 함께 SHA256 해시 3a7bd3f4e9c2d1a5b6c7d8e9f0a1b2c3d4e5f6a7b8c9d0e1f2a3b4c5d6e7f8ab로 무결성이 확인됩니다.",
            "id": "sample_097_0006_000027",
            "annotations": []
        },
        {
            "sentence": "종결 및 조치 항목: 리콜 회수·폐기 완료보고서를 허이헌에게 할당하며 마감기한은 2025-11-01T17:00:00+09:00로 설정합니다.",
            "id": "sample_097_0006_000028",
            "annotations": [
                {
                    "word": "허이헌",
                    "start": 28,
                    "end": 31,
                    "label": "개인정보"
                },
                {
                    "word": "2025-11-01T17:00:00+09:00",
                    "start": 45,
                    "end": 70,
                    "label": "준식별자"
                }
            ]
        }
    ]
}