{
    "document_id": "097_0004",
    "document_title": "대마·햄프 품질관리 및 추적성 통합보고서",
    "data": [
        {
            "sentence": "문서 제목: 대마·햄프 품질관리 및 추적성 보고서.",
            "id": "sample_097_0004_000001",
            "annotations": []
        },
        {
            "sentence": "본 보고서는 재배, 가공, 품질시험, 유통 및 규제준수에 관한 운영기록을 표준화된 포맷으로 수집하기 위해 작성되었다.",
            "id": "sample_097_0004_000002",
            "annotations": []
        },
        {
            "sentence": "면허기록: 시설명 'GreenFields' 면허번호 LIC-2024-0456, 담당자 배종덕, 연락처 010-1234-5678, 이메일 baejd@example.com, 소재지 경기도 성남시 분당구, 발급일 2024-04-15T09:00:00+09:00.",
            "id": "sample_097_0004_000003",
            "annotations": [
                {
                    "word": "배종덕",
                    "start": 48,
                    "end": 51,
                    "label": "개인정보"
                },
                {
                    "word": "010-1234-5678",
                    "start": 57,
                    "end": 70,
                    "label": "개인정보"
                },
                {
                    "word": "baejd@example.com",
                    "start": 76,
                    "end": 93,
                    "label": "개인정보"
                },
                {
                    "word": "성남시",
                    "start": 103,
                    "end": 106,
                    "label": "준식별자"
                },
                {
                    "word": "분당구",
                    "start": 107,
                    "end": 110,
                    "label": "준식별자"
                }
            ]
        },
        {
            "sentence": "재배로그: 온실 GH-01에서 파종일 2024-05-01T08:00:00+09:00에 자동기록, 사용 품종 'HempX-07', 영양제 배합 3.5 mg/kg.",
            "id": "sample_097_0004_000004",
            "annotations": []
        },
        {
            "sentence": "수확명세: 배치 BATCH-2024-0001, 수확일 2024-10-12T06:30:00+09:00, 총중량 125.6 kg, 수분함량 9.2 %.",
            "id": "sample_097_0004_000005",
            "annotations": []
        },
        {
            "sentence": "배치기록에는 처리담당자 천무준, 건조 프로토콜 v1.3 적용 및 샘플링 ID SAMP-2024-129가 포함된다.",
            "id": "sample_097_0004_000006",
            "annotations": [
                {
                    "word": "천무준",
                    "start": 13,
                    "end": 16,
                    "label": "개인정보"
                }
            ]
        },
        {
            "sentence": "COA 요약: 샘플 SAMP-2024-129, 채취일 2024-10-12T07:15:00+09:00, 분석법 참조 SOP-CHEM-01, 실험실 KOLAS-1234 인증, 원문 PDF 해시 SHA256: d3b07384d113edec49eaa6238ad5ff00.",
            "id": "sample_097_0004_000007",
            "annotations": []
        },
        {
            "sentence": "성분결과(단위 표기 준수): THC 0.29 %, CBD 8.50 %, 중금속(납 Pb) 0.002 ppm, 잔류농약 0.01 ppm, 총미생물 150 CFU/g.",
            "id": "sample_097_0004_000008",
            "annotations": []
        },
        {
            "sentence": "관할구역 규정: 대한민국(서울) THC 허용 한도 0.3 % (버전 2024-01), 규정 위반 가능성은 COA와 비교해 자동 평가한다.",
            "id": "sample_097_0004_000009",
            "annotations": []
        },
        {
            "sentence": "불합격 배치 사례: BATCH-2024-0003의 COA에서 THC 0.78 %로 기준치 초과, compliance_flag: true, 폐기 예정.",
            "id": "sample_097_0004_000010",
            "annotations": []
        },
        {
            "sentence": "폐기 기록: BATCH-2024-0003는 폐기방법 incineration, disposed_at 2024-11-05T14:20:00+09:00, disposition_document_id DISP-2024-0009, 승인자 서예현.",
            "id": "sample_097_0004_000011",
            "annotations": [
                {
                    "word": "서예현",
                    "start": 126,
                    "end": 129,
                    "label": "개인정보"
                }
            ]
        },
        {
            "sentence": "추적성 이벤트: 수거->실험실 이송 at 2024-10-12T08:00:00+09:00, 운송담당자 이수헌가 인계, 중간보관 GPS: 37.1234,127.1234.",
            "id": "sample_097_0004_000012",
            "annotations": [
                {
                    "word": "이수헌",
                    "start": 56,
                    "end": 59,
                    "label": "개인정보"
                }
            ]
        },
        {
            "sentence": "추가 인도: 실험실->가공 공장으로 2024-10-13T09:30:00+09:00에 공승유가 서류 확인 후 인계했다.",
            "id": "sample_097_0004_000013",
            "annotations": [
                {
                    "word": "공승유",
                    "start": 47,
                    "end": 50,
                    "label": "개인정보"
                }
            ]
        },
        {
            "sentence": "운송 온도로그 예: 2024-10-12T08:15:00+09:00 - 4.2°C, 운송업체 연락처 010-9876-5432, 이벤트 기반 로그는 append-only 형식이다.",
            "id": "sample_097_0004_000014",
            "annotations": [
                {
                    "word": "010-9876-5432",
                    "start": 55,
                    "end": 68,
                    "label": "개인정보"
                }
            ]
        },
        {
            "sentence": "재고원장: 품목 BATCH-2024-0001 수량 1,234 g, 이벤트 생성 created_at 2024-10-12T10:00:00+09:00, 업데이트 updated_at 2024-10-13T11:05:00+09:00, operator 유주.",
            "id": "sample_097_0004_000015",
            "annotations": [
                {
                    "word": "유주",
                    "start": 134,
                    "end": 136,
                    "label": "개인정보"
                }
            ]
        },
        {
            "sentence": "판매영수증 예시: POS-2024-5521, 구매자 이름 류아림, 생년월일 1994-05-20, 연령 확인 30세, 판매일 2024-11-20T15:30:00+09:00.",
            "id": "sample_097_0004_000016",
            "annotations": [
                {
                    "word": "류아림",
                    "start": 32,
                    "end": 35,
                    "label": "개인정보"
                },
                {
                    "word": "1994",
                    "start": 42,
                    "end": 46,
                    "label": "준식별자"
                },
                {
                    "word": "05",
                    "start": 47,
                    "end": 49,
                    "label": "준식별자"
                },
                {
                    "word": "20",
                    "start": 14,
                    "end": 16,
                    "label": "준식별자"
                },
                {
                    "word": "20",
                    "start": 50,
                    "end": 52,
                    "label": "준식별자"
                },
                {
                    "word": "20",
                    "start": 69,
                    "end": 71,
                    "label": "준식별자"
                },
                {
                    "word": "20",
                    "start": 77,
                    "end": 79,
                    "label": "준식별자"
                }
            ]
        },
        {
            "sentence": "주소 확인 항목: 구매지 주소 표기 '서울특별시 강남구'는 지역별 규정 적용을 위해 기록된다.",
            "id": "sample_097_0004_000017",
            "annotations": [
                {
                    "word": "서울특별시",
                    "start": 21,
                    "end": 26,
                    "label": "준식별자"
                },
                {
                    "word": "강남구",
                    "start": 27,
                    "end": 30,
                    "label": "준식별자"
                }
            ]
        },
        {
            "sentence": "규제보고서 제출: 보고서 ID RPT-2024-077, 제출자 방재은, 제출일 2024-12-01T10:00:00+09:00, 세금납부 계좌 110-123-456789, 납부영수증 ID TAX-2024-990.",
            "id": "sample_097_0004_000018",
            "annotations": [
                {
                    "word": "방재은",
                    "start": 35,
                    "end": 38,
                    "label": "개인정보"
                },
                {
                    "word": "110-123-456789",
                    "start": 79,
                    "end": 93,
                    "label": "기밀정보"
                }
            ]
        },
        {
            "sentence": "내부기밀 문서 경로 예시: /srv/internal/sop/hexane-extraction_v2.pdf, 접근통제 및 버전관리 필요.",
            "id": "sample_097_0004_000019",
            "annotations": [
                {
                    "word": "/srv/internal/sop/hexane-extraction_v2.pdf",
                    "start": 15,
                    "end": 57,
                    "label": "기밀정보"
                }
            ]
        },
        {
            "sentence": "실험실 원자료 링크와 무결성: 원본 COA PDF SHA256 해시 및 디지털서명 present, 원문 무결성 검증을 위해 해시 보관.",
            "id": "sample_097_0004_000020",
            "annotations": []
        },
        {
            "sentence": "감사로그 예: created_at 2024-11-05T14:21:00+09:00, updated_at 2024-11-05T15:00:00+09:00, operator_id op_012, 담당자 심이룸가 변경 승인.",
            "id": "sample_097_0004_000021",
            "annotations": [
                {
                    "word": "op_012",
                    "start": 96,
                    "end": 102,
                    "label": "기밀정보"
                },
                {
                    "word": "심이룸",
                    "start": 108,
                    "end": 111,
                    "label": "개인정보"
                }
            ]
        },
        {
            "sentence": "리콜 절차: 불합격 배치 추적성으로 소비자와 유통경로 완전복원 가능, 통지 시점 및 회수물량을 이벤트로 기록한다.",
            "id": "sample_097_0004_000022",
            "annotations": []
        },
        {
            "sentence": "라벨 사양: 제품명, 권장 복용량(1회 25 mg CBD), 원재료, 알레르기 정보(대두 포함), 배치번호 및 제조일 표기.",
            "id": "sample_097_0004_000023",
            "annotations": []
        },
        {
            "sentence": "폐기 증빙: 폐기 사진, 소각증명서, disposition_document_id 연결, 감리자 서명 타임스탬프를 포함하여 기록을 불가변으로 유지한다.",
            "id": "sample_097_0004_000024",
            "annotations": []
        },
        {
            "sentence": "시스템 보안 권고: PII는 저장 시 암호화, 전송 시 TLS 적용, 분석 전 익명화 및 최소수집 원칙을 준수할 것.",
            "id": "sample_097_0004_000025",
            "annotations": []
        },
        {
            "sentence": "액션 아이템: 모든 로그는 ISO 8601 타임스탬프와 단위 표기를 준수하고, 규정 위반 항목은 즉시 compliance_flag로 표기하여 내부 감사에 보고한다.",
            "id": "sample_097_0004_000026",
            "annotations": []
        }
    ]
}