{
    "document_id": "097_0070",
    "document_title": "대마(칸나비스) 및 햄프 통합 운영·시험·추적성 기록 (COA 포함)",
    "data": [
        {
            "sentence": "문서 개요: 본 문서는 대마(칸나비스) 및 햄프 산업의 재배·가공·시험·유통 관련 운영 기록과 규정 준수 항목을 종합한 합성 전문 문서입니다.",
            "id": "sample_097_0070_000001",
            "annotations": []
        },
        {
            "sentence": "작성일: 2026-01-24T09:00:00+09:00에 생성되었으며, 모든 타임스탬프는 ISO 8601 형식과 타임존을 포함합니다.",
            "id": "sample_097_0070_000002",
            "annotations": []
        },
        {
            "sentence": "시설 면허: 운영시설의 면허번호는 LICENSE-ROK-2025-0456이며 해당 면허는 시설보안과 규제보고에 사용됩니다.",
            "id": "sample_097_0070_000003",
            "annotations": [
                {
                    "word": "LICENSE-ROK-2025-0456",
                    "start": 19,
                    "end": 40,
                    "label": "기밀정보"
                }
            ]
        },
        {
            "sentence": "관할구역 규정: 서울특별시(THC 허용한도 0.3%)와 경기도(THC 허용한도 0.2%)의 규정 버전을 명시하여 배치별 준수여부를 판단합니다.",
            "id": "sample_097_0070_000004",
            "annotations": [
                {
                    "word": "서울특별시",
                    "start": 9,
                    "end": 14,
                    "label": "준식별자"
                },
                {
                    "word": "경기도",
                    "start": 31,
                    "end": 34,
                    "label": "준식별자"
                }
            ]
        },
        {
            "sentence": "재배로그 예시: 하우스 A 구역에서 온실 온도 2026-01-20T06:00:00+09:00 기준 22.5°C, 습도 55%로 기록되었습니다.",
            "id": "sample_097_0070_000005",
            "annotations": []
        },
        {
            "sentence": "수확명세: 배치 BATCH-20260120-0001은 2026-01-20T08:30:00+09:00에 수확되어 배치ID와 원자재 출처를 명기하여 보관합니다.",
            "id": "sample_097_0070_000006",
            "annotations": []
        },
        {
            "sentence": "배치 기록: BATCH-20260120-0001의 총중량은 12.34 kg, 건조 후 4.56 kg이며 농도 측정치는 mg/g 및 % 단위를 준수했습니다.",
            "id": "sample_097_0070_000007",
            "annotations": []
        },
        {
            "sentence": "COA(시험성적서): 샘플 ID COA-00070은 2026-01-21T14:15:00+09:00에 채취되었고 시험방법은 SOP-LAB-HPLC v2.1를 따랐습니다.",
            "id": "sample_097_0070_000008",
            "annotations": []
        },
        {
            "sentence": "실험실 인증: 분석은 KOLAS 인증기관 '한강분석연구소'에서 수행되었고 랩 인증번호는 KOLAS-2023-0910입니다.",
            "id": "sample_097_0070_000009",
            "annotations": []
        },
        {
            "sentence": "COA 무결성: 원문 PDF는 /srv/cannabis/lab/results/2026/COA_00070.pdf 경로에 저장되었으며 SHA256 해시 3a7f9b8c9d4e5f6a7b8c9d0e1f2a3b4c5d6e7f8a9b0c1d2e3f4a5b6c7d8e12f 로 디지털 서명되었습니다.",
            "id": "sample_097_0070_000010",
            "annotations": [
                {
                    "word": "/srv/cannabis/lab/results/2026/COA_00070.pdf",
                    "start": 17,
                    "end": 61,
                    "label": "기밀정보"
                }
            ]
        },
        {
            "sentence": "시험결과 요약: 총칸나비노이드(Total cannabinoids) 중 CBD 18.5% (185 mg/g), THC 0.12% (1.2 mg/g)으로 관할구역 한도 내입니다.",
            "id": "sample_097_0070_000011",
            "annotations": []
        },
        {
            "sentence": "불순물 시험: 중금속 납(Pb) 0.2 ppm, 수은(Hg) 불검출, 잔류농약 0.01 ppm 미만으로 규정 기준과 비교했습니다.",
            "id": "sample_097_0070_000012",
            "annotations": []
        },
        {
            "sentence": "합격/불합격 플래그: 이 배치는 모든 항목에서 합격되었고 compliance_flag는 'OK'로 표시되었습니다.",
            "id": "sample_097_0070_000013",
            "annotations": []
        },
        {
            "sentence": "운송 로그: 운송 이벤트는 append-only로 기록되며 2026-01-22T09:00:00+09:00에 출하, 2026-01-22T12:30:00+09:00에 도착으로 기록되었습니다.",
            "id": "sample_097_0070_000014",
            "annotations": []
        },
        {
            "sentence": "온도 추적: 배송 중 평균온도는 4.5°C, 최대 6.2°C, 최소 2.1°C로 기록되었고 온도 센서 ID는 TS-9987입니다.",
            "id": "sample_097_0070_000015",
            "annotations": []
        },
        {
            "sentence": "재고 원장: 재고 이벤트는 이벤트 기반으로 sequence number와 함께 기록되며 created_at·updated_at과 operator_id를 포함합니다.",
            "id": "sample_097_0070_000016",
            "annotations": []
        },
        {
            "sentence": "감사로그 예시: 재고 수정은 2026-01-23T10:00:00+09:00에 수행되었고 operator_id는 EMP-2026-0001, operator_name은 백제연로 기록되었습니다.",
            "id": "sample_097_0070_000017",
            "annotations": [
                {
                    "word": "EMP-2026-0001",
                    "start": 62,
                    "end": 75,
                    "label": "개인정보"
                },
                {
                    "word": "백제연",
                    "start": 92,
                    "end": 95,
                    "label": "개인정보"
                }
            ]
        },
        {
            "sentence": "승인 이력: 최종 출하 승인자는 신동준이며 승인일시는 2026-01-23T10:05:00+09:00로 전자서명이 포함되어 있습니다.",
            "id": "sample_097_0070_000018",
            "annotations": [
                {
                    "word": "신동준",
                    "start": 18,
                    "end": 21,
                    "label": "개인정보"
                }
            ]
        },
        {
            "sentence": "폐기 기록: 만약 불합격 배치 발생 시 폐기 방법은 incineration, disposed_at, 폐기 문서 ID disposition_doc_00045를 포함하여 증빙합니다.",
            "id": "sample_097_0070_000019",
            "annotations": []
        },
        {
            "sentence": "폐기 증빙: 폐기 완료 문서는 디지털서명과 함께 저장되며 폐기 담당자 서명은 장채이로 기록됩니다.",
            "id": "sample_097_0070_000020",
            "annotations": [
                {
                    "word": "장채이",
                    "start": 43,
                    "end": 46,
                    "label": "개인정보"
                }
            ]
        },
        {
            "sentence": "추적성 체인: recall 발생 시 traceability_chain을 통해 소비자별 유통경로를 복원할 수 있도록 POS 거래ID와 배치ID, 운송 로그를 연계합니다.",
            "id": "sample_097_0070_000021",
            "annotations": []
        },
        {
            "sentence": "판매 영수증 예시: POS TX-20260124-0001은 2026-01-24T13:20:00+09:00에 기록되었고 연령검증은 1990-06-15T00:00:00+09:00 기준으로 수행되었습니다.",
            "id": "sample_097_0070_000022",
            "annotations": [
                {
                    "word": "1990-06-15T00:00:00+09:00",
                    "start": 72,
                    "end": 97,
                    "label": "준식별자"
                }
            ]
        },
        {
            "sentence": "연령·신분검증 로그: 생년월일과 신분 증빙은 최소수집 원칙에 따라 해시화되어 저장되며 원본은 즉시 파기됩니다.",
            "id": "sample_097_0070_000023",
            "annotations": []
        },
        {
            "sentence": "고객 준식별자 예시: 성별은 여성, 국적은 대한민국, 거주는 서울특별시 강남구 역삼동으로 기록되는 경우가 있습니다.",
            "id": "sample_097_0070_000024",
            "annotations": [
                {
                    "word": "여성",
                    "start": 16,
                    "end": 18,
                    "label": "준식별자"
                },
                {
                    "word": "대한민국",
                    "start": 24,
                    "end": 28,
                    "label": "준식별자"
                },
                {
                    "word": "서울특별시",
                    "start": 34,
                    "end": 39,
                    "label": "준식별자"
                },
                {
                    "word": "강남구",
                    "start": 40,
                    "end": 43,
                    "label": "준식별자"
                },
                {
                    "word": "역삼동",
                    "start": 44,
                    "end": 47,
                    "label": "준식별자"
                }
            ]
        },
        {
            "sentence": "세금 및 수수료: 납부 영수증은 XML 템플릿으로 저장되며 세금 ID는 TAX-2026-00987로 매월 신고됩니다.",
            "id": "sample_097_0070_000025",
            "annotations": []
        },
        {
            "sentence": "계좌 정보: 수수료 환불을 위해 등록된 은행 계좌번호 110-123-456789은 암호화 저장되며 접근 로그가 별도 기록됩니다.",
            "id": "sample_097_0070_000026",
            "annotations": [
                {
                    "word": "110-123-456789",
                    "start": 30,
                    "end": 44,
                    "label": "기밀정보"
                }
            ]
        },
        {
            "sentence": "보안·기술 정보: 내부 서버 경로, 접속 계정 및 VPN 주소는 기밀로 분류되며 접근시 마스터 로그에 기록됩니다.",
            "id": "sample_097_0070_000027",
            "annotations": []
        },
        {
            "sentence": "운영 기밀: 재배 프로토콜, SOP, 내부 비용 상세 등은 회사 기밀로서 접근 권한이 제한됩니다.",
            "id": "sample_097_0070_000028",
            "annotations": []
        },
        {
            "sentence": "담당자 연락처: 현장 안전담당자 연락처 010-1234-5678 및 이메일 bjy@example.com은 내부 통신용으로 암호화 표시되며 비공개 처리됩니다.",
            "id": "sample_097_0070_000029",
            "annotations": [
                {
                    "word": "010-1234-5678",
                    "start": 22,
                    "end": 35,
                    "label": "개인정보"
                },
                {
                    "word": "bjy@example.com",
                    "start": 42,
                    "end": 57,
                    "label": "개인정보"
                }
            ]
        },
        {
            "sentence": "결론 및 조치: 본 문서에 기재된 규정 위반 가능성은 compliance_flag 필드로 표기하고, 위반 발생 시 즉시 리콜·폐기 절차를 개시하도록 권고합니다.",
            "id": "sample_097_0070_000030",
            "annotations": []
        }
    ]
}