{
    "document_id": "024_0097",
    "document_title": "수출물류 선적 보고서 및 실시간 추적 레코드",
    "data": [
        {
            "sentence": "문서 개요: 본 문서는 2025년 6월 인천-도쿄 간 멀티모달 수출 선적의 선적·추적·통관·창고 기록을 통합하여 보고합니다.",
            "id": "sample_024_0097_000001",
            "annotations": []
        },
        {
            "sentence": "요약 메타데이터: shipment_id: SHP_024_0097_0001, order_id: PO_024_0097_001, bill_of_lading: BL_024_0097_01, packing_list: PL_024_0097_01, invoice: INV_024_0097_01.",
            "id": "sample_024_0097_000002",
            "annotations": []
        },
        {
            "sentence": "구매주문서는 purchase_order: PO_2025_0097 로 참조되며 manifest ID는 MAN_024_0097_01로 등록되어 있습니다.",
            "id": "sample_024_0097_000003",
            "annotations": []
        },
        {
            "sentence": "화물 요약: 총 중량 weight_kg: 4,250 kg, 총 부피 volume_m3: 12.8 m3, pallet_count: 34, container_id: CONT_24K_00097, mode_of_transport: sea+truck(멀티모달).",
            "id": "sample_024_0097_000004",
            "annotations": []
        },
        {
            "sentence": "현장 담당 운전사 및 연락처 정보는 운영 목적으로 가명 처리되어 기록되었습니다: 운전사: 류유노, 연락처: 010-0000-0000.",
            "id": "sample_024_0097_000005",
            "annotations": [
                {
                    "word": "류유노",
                    "start": 50,
                    "end": 53,
                    "label": "개인정보"
                },
                {
                    "word": "010-0000-0000",
                    "start": 60,
                    "end": 73,
                    "label": "개인정보"
                }
            ]
        },
        {
            "sentence": "수하인 정보: consignee: 원유라(회사 코드 CNE_024JK), 최종 인도지 항구: Tokyo Port, 통관 담당 국가: JP, 원산지: KR.",
            "id": "sample_024_0097_000006",
            "annotations": [
                {
                    "word": "원유라",
                    "start": 19,
                    "end": 22,
                    "label": "개인정보"
                }
            ]
        },
        {
            "sentence": "출발 스케줄: pickup_time: 2025-06-10T06:30:00+09:00, truck_departure_time(local_hub): 2025-06-10T08:10:00+09:00, vessel_loading_time: 2025-06-10T14:00:00+09:00.",
            "id": "sample_024_0097_000007",
            "annotations": []
        },
        {
            "sentence": "선박 출항 및 해상구간: vessel_departure_time: 2025-06-11T02:00:00+09:00, ETA Tokyo Port (예측): 2025-06-13T12:00:00+09:00, actual_arrival_time: 2025-06-13T16:45:00+09:00.",
            "id": "sample_024_0097_000008",
            "annotations": []
        },
        {
            "sentence": "SLA 및 지연: 계약상 ETA 대비 실제 도착은 4시간 45분 늦어 SLA_violation_flag: true 로 표기했으며 지연 원인은 항만 혼잡으로 기록합니다.",
            "id": "sample_024_0097_000009",
            "annotations": []
        },
        {
            "sentence": "운임 및 비용: invoice_amount: KRW 12,500,000, currency: KRW, payment_terms: Net30, 계약번호: CTR-2025-0097, 관련 요율표 참조: RATE_SHEET_INTERNAL_024(연료할증·계약할인 적용).",
            "id": "sample_024_0097_000010",
            "annotations": [
                {
                    "word": "CTR-2025-0097",
                    "start": 84,
                    "end": 97,
                    "label": "기밀정보"
                },
                {
                    "word": "RATE_SHEET_INTERNAL_024",
                    "start": 110,
                    "end": 133,
                    "label": "기밀정보"
                },
                {
                    "word": "KRW 12,500,000",
                    "start": 25,
                    "end": 39,
                    "label": "기밀정보"
                }
            ]
        },
        {
            "sentence": "결제 및 정산 정보는 내부 금융 규정에 따라 기밀로 처리되며 은행 계좌 정보는 다음과 같이 기록됩니다: 계좌번호: 1111-2222-333333.",
            "id": "sample_024_0097_000011",
            "annotations": [
                {
                    "word": "계좌번호: 1111-2222-333333",
                    "start": 58,
                    "end": 80,
                    "label": "기밀정보"
                }
            ]
        },
        {
            "sentence": "문서 첨부 목록: B/L 스캔(BL_024_0097_01.pdf), Packing List(PL_024_0097_01.xlsx), Commercial Invoice(INV_024_0097_01.pdf), Packing specification 및 원산지 증명서 포함.",
            "id": "sample_024_0097_000012",
            "annotations": []
        },
        {
            "sentence": "품목 상세: item_sku: SKU-EL-8471-001, item_description: 산업용 엑세서리(전자부품), quantity: 850 EA, unit_weight: 5.0 kg, 총중량과 수량 합계는 내부 검증을 통해 일치합니다.",
            "id": "sample_024_0097_000013",
            "annotations": []
        },
        {
            "sentence": "포장과 라벨링: 포장단위는 1 pallet = 25 EA로 정의되어 있으며 포장명세서(packing_list) 상의 라인 합계와 재고 DB가 일치함을 확인했습니다.",
            "id": "sample_024_0097_000014",
            "annotations": []
        },
        {
            "sentence": "통관 신고: customs_declaration id: CUS_024_0097, HS_code: 8471.30, 신고원산지: KR, 수출관세 없음, 수입국 요건에 따른 전자제품 안전검사 서류 제출 예정입니다.",
            "id": "sample_024_0097_000015",
            "annotations": []
        },
        {
            "sentence": "창고 입고/출고 기록: warehouse_receipt: WR_024_0097_01, 입고시간: 2025-06-10T09:20:00+09:00, 재고_level 확인 결과 SKU-EL-8471-001의 재고는 1,200 EA에서 출고 후 350 EA로 조정되었습니다.",
            "id": "sample_024_0097_000016",
            "annotations": []
        },
        {
            "sentence": "GPS 업데이트(초단위): 2025-06-10T08:15:12+09:00 -> 35.0971,129.0404; 2025-06-10T08:45:03+09:00 -> 35.1205,129.0652; 2025-06-11T02:10:05+09:00 -> null(터널 통과로 신호 단절).",
            "id": "sample_024_0097_000017",
            "annotations": []
        },
        {
            "sentence": "추가 GPS 로그: 2025-06-12T07:30:22+09:00 -> 34.5002,138.5001(해상 AIS 보정값), GPS 오차 허용범위 ±30m를 고려하여 위치 보간을 수행했습니다.",
            "id": "sample_024_0097_000018",
            "annotations": []
        },
        {
            "sentence": "온습도 센서 프로파일(컨테이너 기준): temperature_profile: [4.1, 4.0, 3.9, null, 12.5, 4.2] °C(중간 null 및 이상치 12.5°C 포함), humidity_profile: [65, 64, 63, 62, null, 61] %RH.",
            "id": "sample_024_0097_000019",
            "annotations": []
        },
        {
            "sentence": "충격 이벤트 로그: shock_events: [{ts:2025-06-10T14:12:10+09:00, g:0.15}, {ts:2025-06-12T03:45:18+09:00, g:2.6, note:'환적 중 충격감지'}], 2.6g 이벤트는 이상치 검토 대상입니다.",
            "id": "sample_024_0097_000020",
            "annotations": []
        },
        {
            "sentence": "배차 및 환적 이력: 육로 픽업(부산항 인근 허브) -> 환적 컨테이너 야드 적하 -> 선박 환적 -> 도쿄항 터미널 수취 순으로 멀티모달 연결이 이루어졌습니다.",
            "id": "sample_024_0097_000021",
            "annotations": []
        },
        {
            "sentence": "마스터 데이터 검증: 품목 마스터(MASTER_SKU_8471)와 거래처 마스터(CUST_CNE_024JK)는 중복 없이 고유 ID로 매핑되어 있습니다.",
            "id": "sample_024_0097_000022",
            "annotations": []
        },
        {
            "sentence": "시스템 연동 로그: 외부 EDI 수신 확인, API 콜 기록 및 CSV 파일 매핑 로그는 내부 추적용으로 저장되어 있으며 내부 엔드포인트는 internal_api_endpoint: https://intra-logi.internal/api/v1/shipments/024_0097 입니다.",
            "id": "sample_024_0097_000023",
            "annotations": [
                {
                    "word": "internal_api_endpoint: https://intra-logi.internal/api/v1/shipments/024_0097",
                    "start": 78,
                    "end": 154,
                    "label": "기밀정보"
                }
            ]
        },
        {
            "sentence": "위치 및 이벤트 데이터 지연 허용 정책: 실시간 추적이 필요한 구간은 초~분 단위 업데이트를 요구하며, 본 선적의 평균 위치 업데이트 지연은 45초였습니다.",
            "id": "sample_024_0097_000024",
            "annotations": []
        },
        {
            "sentence": "문제 및 권고 사항: 통관 서류 제출 지연과 항만 혼잡으로 SLA 위반이 발생했으므로 향후 동일 루트에 대해 대체 항만 옵션 사전협의 권고합니다.",
            "id": "sample_024_0097_000025",
            "annotations": []
        },
        {
            "sentence": "담당자 및 승인: 검토 담당자: 양예완(운송운영팀), 창고 확인자: 오수찬, 최종 승인: 김명주(물류본부장).",
            "id": "sample_024_0097_000026",
            "annotations": [
                {
                    "word": "양예완",
                    "start": 18,
                    "end": 21,
                    "label": "개인정보"
                },
                {
                    "word": "오수찬",
                    "start": 38,
                    "end": 41,
                    "label": "개인정보"
                },
                {
                    "word": "김명주",
                    "start": 50,
                    "end": 53,
                    "label": "개인정보"
                }
            ]
        },
        {
            "sentence": "결론 및 후속조치: 수취인 통지 및 대체 선박 재예약 여부를 24시간 내로 결정하고, 청구서 조정 및 크레임 가능성에 대해 회계와 협의하십시오.",
            "id": "sample_024_0097_000027",
            "annotations": []
        },
        {
            "sentence": "첨부 및 증빙: 서명 이미지(서명 대체파일명: signature_placeholder_024_0097.png), 창고입고증, 통관 확인서, 관련 계약서 사본을 내부 파일서버에 저장했습니다.",
            "id": "sample_024_0097_000028",
            "annotations": []
        }
    ]
}