{
    "document_id": "024_0023",
    "document_title": "선적 SHIP-20250110-024 통합 추적·통관·창고 리포트",
    "data": [
        {
            "sentence": "문서 개요: 본 리포트는 SHIP-20250110-024 선적에 대한 출하에서 최종 인도까지의 운송, 통관, 창고 및 배달 증빙을 통합하여 제공합니다.",
            "id": "sample_024_0023_000001",
            "annotations": []
        },
        {
            "sentence": "요약: 해당 선적은 주문번호 PO-20250109-4571에 기반하며 구매주문서(Purchase Order), 인보이스 INV-20250110-009 및 관련 견적서가 참조됩니다.",
            "id": "sample_024_0023_000002",
            "annotations": []
        },
        {
            "sentence": "문서 구성품: 선하증권(B/L) BOL-KR-20250110-88, 패킹리스트(Packing List), 상업송장 및 선적 매니페스트(Manifest)가 포함되어 있습니다.",
            "id": "sample_024_0023_000003",
            "annotations": []
        },
        {
            "sentence": "운송 계획: 멀티모달(항공→육로→해상 환적)로 운행되며 계약 캐리어는 K-LOGISTICS, 모드 표기는 TRUCK+SEA로 등록되어 있습니다.",
            "id": "sample_024_0023_000004",
            "annotations": []
        },
        {
            "sentence": "스케줄과 장비: 컨테이너 ID CONT-CL-549872가 할당되었고 팔레트 수는 총 12개로 집계되었습니다.",
            "id": "sample_024_0023_000005",
            "annotations": []
        },
        {
            "sentence": "품목 상세: SKU ITM-XL-1001, 품명 '고성능 컨트롤러', 수량 240EA, 단중량 2.5kg, 총중량 600kg, 총부피 1.92m3로 적재 단위가 일치합니다.",
            "id": "sample_024_0023_000006",
            "annotations": []
        },
        {
            "sentence": "온도 요구사항: 출발시 평균 4°C, 운송중 목표 2~6°C 구간 유지, 센서 기록의 통계적 평균은 5.1°C로 규격 범위 내에 있습니다.",
            "id": "sample_024_0023_000007",
            "annotations": []
        },
        {
            "sentence": "습도 프로파일: 운송중 45~60% 범위가 관찰되었고 일부 노드에서 간헐적 결측치(NaN)가 발생하여 보간 처리 필요성이 보고되었습니다.",
            "id": "sample_024_0023_000008",
            "annotations": []
        },
        {
            "sentence": "충격 로그: 총 3건의 충격 이벤트(값: 1.2g, 0.4g, 2.8g)가 기록되었으며 2.8g는 경계값 초과로 이상치로 태깅되었습니다.",
            "id": "sample_024_0023_000009",
            "annotations": []
        },
        {
            "sentence": "통관 요건: HS 코드 8471.80 적용, 원산지 표기 KOR, 수출신고서 및 상업송장으로 통관서류를 구성하였습니다.",
            "id": "sample_024_0023_000010",
            "annotations": []
        },
        {
            "sentence": "창고 입고: WMS 입고증 WR-20250111-301이 발행되었고 입고 시 재고장부 상 재고수량은 240EA로 일치하는 것을 확인했습니다.",
            "id": "sample_024_0023_000011",
            "annotations": []
        },
        {
            "sentence": "실시간 추적 이벤트 로그 예시는 다음과 같으며 인과관계를 반영합니다: 2025-01-10T07:00:00+09:00 출발, 2025-01-10T12:35:00+09:00 환적, 2025-01-12T09:20:00+09:00 도착.",
            "id": "sample_024_0023_000012",
            "annotations": [
                {
                    "word": "2025",
                    "start": 39,
                    "end": 43,
                    "label": "준식별자"
                },
                {
                    "word": "2025",
                    "start": 69,
                    "end": 73,
                    "label": "준식별자"
                },
                {
                    "word": "2025",
                    "start": 99,
                    "end": 103,
                    "label": "준식별자"
                },
                {
                    "word": "01",
                    "start": 44,
                    "end": 46,
                    "label": "준식별자"
                },
                {
                    "word": "01",
                    "start": 74,
                    "end": 76,
                    "label": "준식별자"
                },
                {
                    "word": "01",
                    "start": 104,
                    "end": 106,
                    "label": "준식별자"
                },
                {
                    "word": "10",
                    "start": 47,
                    "end": 49,
                    "label": "준식별자"
                },
                {
                    "word": "10",
                    "start": 77,
                    "end": 79,
                    "label": "준식별자"
                },
                {
                    "word": "12",
                    "start": 80,
                    "end": 82,
                    "label": "준식별자"
                },
                {
                    "word": "12",
                    "start": 107,
                    "end": 109,
                    "label": "준식별자"
                }
            ]
        },
        {
            "sentence": "GPS 업데이트: 위치는 평균 30초 주기로 전송되었고 마지막 알려진 위치는 위도 37.5535N, 경도 126.8340E로 기록되어 있습니다.",
            "id": "sample_024_0023_000013",
            "annotations": []
        },
        {
            "sentence": "ETA 및 실제도착: 예상도착 ETA는 2025-01-12T09:00:00+09:00로 산정되었으나 Actual Arrival은 2025-01-12T09:20:00+09:00로 지연이 발생했습니다.",
            "id": "sample_024_0023_000014",
            "annotations": [
                {
                    "word": "2025",
                    "start": 22,
                    "end": 26,
                    "label": "준식별자"
                },
                {
                    "word": "2025",
                    "start": 72,
                    "end": 76,
                    "label": "준식별자"
                },
                {
                    "word": "01",
                    "start": 27,
                    "end": 29,
                    "label": "준식별자"
                },
                {
                    "word": "01",
                    "start": 77,
                    "end": 79,
                    "label": "준식별자"
                },
                {
                    "word": "12",
                    "start": 30,
                    "end": 32,
                    "label": "준식별자"
                },
                {
                    "word": "12",
                    "start": 80,
                    "end": 82,
                    "label": "준식별자"
                }
            ]
        },
        {
            "sentence": "운임·결제: 청구 인보이스 금액은 3,450,000 KRW이며 결제조건은 CPT, 결제 기한은 송장 발행 후 30일 이내입니다.",
            "id": "sample_024_0023_000015",
            "annotations": []
        },
        {
            "sentence": "SLA 평가: 도착 지연으로 인해 SLA_violation_flag가 true로 설정되었고, 위약금 산정은 내부운임표 TIER_A 규정에 따른 계산 근거를 따릅니다.",
            "id": "sample_024_0023_000016",
            "annotations": [
                {
                    "word": "내부운임표 TIER_A",
                    "start": 60,
                    "end": 72,
                    "label": "기밀정보"
                }
            ]
        },
        {
            "sentence": "현장 운영: 현장 코디네이터 곽원재가 전체 운송 조정과 고객 커뮤니케이션을 담당하여 이벤트별 의사결정을 수행했습니다.",
            "id": "sample_024_0023_000017",
            "annotations": [
                {
                    "word": "곽원재",
                    "start": 16,
                    "end": 19,
                    "label": "개인정보"
                }
            ]
        },
        {
            "sentence": "배송 기사 정보: 지지안이 지정된 차량을 운전하였고 운전면허번호 DL-2025-0002가 내부 등록되어 있습니다.",
            "id": "sample_024_0023_000018",
            "annotations": [
                {
                    "word": "지지안",
                    "start": 10,
                    "end": 13,
                    "label": "개인정보"
                },
                {
                    "word": "DL-2025-0002",
                    "start": 36,
                    "end": 48,
                    "label": "개인정보"
                }
            ]
        },
        {
            "sentence": "기사 연락처(익명화 표기): 현장연락처는 010-0000-1234로 기재되어 있으며 외부 배포본에는 마스킹 규칙이 적용됩니다.",
            "id": "sample_024_0023_000019",
            "annotations": [
                {
                    "word": "010-0000-1234",
                    "start": 23,
                    "end": 36,
                    "label": "개인정보"
                }
            ]
        },
        {
            "sentence": "수취인과 주소: 수취인 회사명 A-IMPORTS, 수취인 주소는 서울특별시 강서구 마곡동이며 실제 수령인은 서보은으로 지정되어 있습니다.",
            "id": "sample_024_0023_000020",
            "annotations": [
                {
                    "word": "서보은",
                    "start": 60,
                    "end": 63,
                    "label": "개인정보"
                },
                {
                    "word": "서울특별시",
                    "start": 36,
                    "end": 41,
                    "label": "준식별자"
                },
                {
                    "word": "강서구",
                    "start": 42,
                    "end": 45,
                    "label": "준식별자"
                },
                {
                    "word": "마곡동",
                    "start": 46,
                    "end": 49,
                    "label": "준식별자"
                }
            ]
        },
        {
            "sentence": "배송 증빙: POD(Proof of Delivery)와 서명 이미지가 WMS에 저장되었으며 원본 서명은 익명화 후 내부 보관 중입니다.",
            "id": "sample_024_0023_000021",
            "annotations": []
        },
        {
            "sentence": "통관 추가사항: 일부 문서에는 여권번호가 기재되며 공개 버전에서는 여권번호 P20250001을 마스킹 처리하여 사용합니다.",
            "id": "sample_024_0023_000022",
            "annotations": [
                {
                    "word": "P20250001",
                    "start": 42,
                    "end": 51,
                    "label": "개인정보"
                }
            ]
        },
        {
            "sentence": "운임 산출 근거: 총중량 600kg에 기본요율 5.00 KRW/kg 적용, 환적수수료 150,000 KRW 및 세금·할증 반영 후 총액 3,450,000 KRW로 청구되었습니다.",
            "id": "sample_024_0023_000023",
            "annotations": []
        },
        {
            "sentence": "시스템 보안 메모: 관련 WMS 내부 경로 /opt/wms/secure/po_0240023.csv와 결제계좌 ACCT-00098765 정보는 내부 기밀정보로 분류하여 접근 통제 중입니다.",
            "id": "sample_024_0023_000024",
            "annotations": [
                {
                    "word": "/opt/wms/secure/po_0240023.csv",
                    "start": 24,
                    "end": 54,
                    "label": "기밀정보"
                },
                {
                    "word": "ACCT-00098765",
                    "start": 61,
                    "end": 74,
                    "label": "기밀정보"
                }
            ]
        },
        {
            "sentence": "센서 이상 시나리오: 온도센서 3번에서 단기간 99.9°C 이상치를 기록하고 1분간 결측치가 발생하여 보정필터와 리컨시더레이션이 필요했습니다.",
            "id": "sample_024_0023_000025",
            "annotations": []
        },
        {
            "sentence": "권고사항: 충격 2.8g가 관측된 구간에 대해 패키징 보강 및 완충재 적용을 권고하며 환적 시 취급 주의 항목으로 SOP 업데이트를 요청합니다.",
            "id": "sample_024_0023_000026",
            "annotations": []
        },
        {
            "sentence": "조치요청: 내부운임표 검토, WMS 접근권한 재평가, 고객 통지 및 보상 여부 판단을 포함한 액션 아이템을 3영업일 내 완료할 것을 요청합니다.",
            "id": "sample_024_0023_000027",
            "annotations": []
        },
        {
            "sentence": "첨부 파일 및 레퍼런스: 본 문서의 원본 패키지에는 패킹리스트, 인보이스 PDF, 선하증권 스캔본이 포함되며 관련 메타데이터는 전사적 로그에 보관됩니다.",
            "id": "sample_024_0023_000028",
            "annotations": []
        }
    ]
}