{
    "document_id": "024_0012",
    "document_title": "국제복합운송 선적 및 운송 보고서",
    "data": [
        {
            "sentence": "본 문서는 024_0012 선적의 출발부터 최종 인도까지의 통합 운송 및 창고 처리 내역을 기록한 기술·운영 보고서입니다.",
            "id": "sample_024_0012_000001",
            "annotations": []
        },
        {
            "sentence": "요약: shipment_id SHIP-024-000256, order_id ORD-2024-7789로 등록된 화물의 다중 모달 운송을 검증합니다.",
            "id": "sample_024_0012_000002",
            "annotations": []
        },
        {
            "sentence": "구매주문(purchase_order)은 PO-2024-551이며, 품목별 라인 아이템 매핑과 박스 단위 포장 규격은 본문 라인별에 상세 기재합니다.",
            "id": "sample_024_0012_000003",
            "annotations": []
        },
        {
            "sentence": "Bill of Lading 번호는 BOL-KR-2024-3345로 발행되었으며, 선적명세와 일치함을 확인했습니다.",
            "id": "sample_024_0012_000004",
            "annotations": []
        },
        {
            "sentence": "Packing list는 PL-2024-3345-01로, 총 팔레트수 12개와 라벨링 규격(SSCC 포함)을 기준으로 작성했습니다.",
            "id": "sample_024_0012_000005",
            "annotations": []
        },
        {
            "sentence": "Invoice는 INV-2024-8890로 발행되었고 인보이스 금액은 25,600.00 USD이며 통화는 USD(ISO 4217)로 표기됩니다.",
            "id": "sample_024_0012_000006",
            "annotations": []
        },
        {
            "sentence": "주운송사(carrier)는 K-LINK LOGISTICS이며 이동모드는 해상+트럭(multimodal: sea+road)으로 지정되어 있습니다.",
            "id": "sample_024_0012_000007",
            "annotations": []
        },
        {
            "sentence": "컨테이너 ID는 CNUU1234567이고, 총 팔레트 수량(pallet_count)은 12이며 컨테이너 적재율 확인을 완료했습니다.",
            "id": "sample_024_0012_000008",
            "annotations": []
        },
        {
            "sentence": "라인 아이템: item_sku SKU-EL-001, 설명 '산업용 제어기', quantity 600개(박스당 10개), 총 중량 weight_kg 1,800kg, 총 부피 volume_m3 4.32m3입니다.",
            "id": "sample_024_0012_000009",
            "annotations": []
        },
        {
            "sentence": "품목 온도 규격: 온도 허용범위 2°C~8°C로 설정하였고 운송중 냉각장치 온도 프로파일은 로그로 저장합니다.",
            "id": "sample_024_0012_000010",
            "annotations": []
        },
        {
            "sentence": "습도 규격: 상대습도 30%~60%로 표준화했으며 창고 인수 시 초기 습도값을 기준점으로 보정합니다.",
            "id": "sample_024_0012_000011",
            "annotations": []
        },
        {
            "sentence": "IoT 센서 스트림 샘플: 2025-03-10T07:50:00Z temp=6.1°C, hum=45%, 2025-03-10T08:30:00Z temp=null(통신결손), 2025-03-10T11:00:00Z temp=5.9°C 등입니다.",
            "id": "sample_024_0012_000012",
            "annotations": []
        },
        {
            "sentence": "충격 이벤트 기록: 2025-03-10T09:40:12Z 충격가속도 2.8g(임계 2.5g 초과) 발생, 로깅된 위치와 카메라 연동으로 원인 조사중입니다.",
            "id": "sample_024_0012_000013",
            "annotations": []
        },
        {
            "sentence": "추적 이벤트: 픽업 완료 2025-03-10T08:00:00Z, 출발 2025-03-10T09:15:00Z, 항로 환적(in-transit) 기록 이후 항구 적하 대기 상태로 전환되었습니다.",
            "id": "sample_024_0012_000014",
            "annotations": [
                {
                    "word": "2025-03-10T08:00:00Z",
                    "start": 14,
                    "end": 34,
                    "label": "준식별자"
                },
                {
                    "word": "2025-03-10T09:15:00Z",
                    "start": 39,
                    "end": 59,
                    "label": "준식별자"
                }
            ]
        },
        {
            "sentence": "해당 구간 트럭 운전자는 류정범이며 운전자 연락처로 현장 연계용 010-1234-0001을 운송문서에 기재했습니다.",
            "id": "sample_024_0012_000015",
            "annotations": [
                {
                    "word": "류정범",
                    "start": 14,
                    "end": 17,
                    "label": "개인정보"
                },
                {
                    "word": "010-1234-0001",
                    "start": 36,
                    "end": 49,
                    "label": "개인정보"
                }
            ]
        },
        {
            "sentence": "GPS 업데이트 예시: 2025-03-10T09:30:00Z 좌표 37.4563,126.7023(인천항 인근), 2025-03-12T14:20:00Z 좌표 35.0976,129.0361(부산항 인근)으로 기록되었습니다.",
            "id": "sample_024_0012_000016",
            "annotations": []
        },
        {
            "sentence": "예상 도착 ETA는 2025-03-12T16:00:00Z로 산정되었고 실제 도착시간 actual_arrival_time은 2025-03-12T15:40:00Z로 최종 확정되었습니다.",
            "id": "sample_024_0012_000017",
            "annotations": [
                {
                    "word": "2025-03-12T16:00:00Z",
                    "start": 11,
                    "end": 31,
                    "label": "준식별자"
                },
                {
                    "word": "2025-03-12T15:40:00Z",
                    "start": 68,
                    "end": 88,
                    "label": "준식별자"
                }
            ]
        },
        {
            "sentence": "통관 신고(customs_declaration): HS 코드 8471(컴퓨터 및 부품), 원산지 대한민국(KOR), 통관 브로커 담당자 임민구가 서류대행을 수행했습니다.",
            "id": "sample_024_0012_000018",
            "annotations": [
                {
                    "word": "임민구",
                    "start": 76,
                    "end": 79,
                    "label": "개인정보"
                }
            ]
        },
        {
            "sentence": "창고 접수(warehouse_receipt)는 WR-2024-3345로 발행되었고 접수담당 노석이 수령을 확인했으며 출발지 표기는 서울특별시 강서구 공항대로로 등록되어 있습니다.",
            "id": "sample_024_0012_000019",
            "annotations": [
                {
                    "word": "노석",
                    "start": 51,
                    "end": 53,
                    "label": "개인정보"
                },
                {
                    "word": "서울특별시 강서구 공항대로",
                    "start": 73,
                    "end": 87,
                    "label": "준식별자"
                }
            ]
        },
        {
            "sentence": "배송 증빙(delivery_proof)은 POD 이미지와 서명파일로 보관하며 서명 이미지 경로는 /secure/signatures/류정범_sig.png로 문서화되었습니다.",
            "id": "sample_024_0012_000020",
            "annotations": [
                {
                    "word": "/secure/signatures/류정범_sig.png",
                    "start": 54,
                    "end": 84,
                    "label": "기밀정보"
                },
                {
                    "word": "류정범",
                    "start": 73,
                    "end": 76,
                    "label": "개인정보"
                }
            ]
        },
        {
            "sentence": "운임 및 비용: 기본운임은 RATE-2024-Q3 표준 요율을 적용하고 연료할증 및 환적비를 합산하여 총비용을 산출했습니다; SLA 위반 여부는 false로 표기합니다.",
            "id": "sample_024_0012_000021",
            "annotations": []
        },
        {
            "sentence": "운송사 담당자 정보: 성강우 계약담당자 연락용 이메일 shg_contact@example.com으로 인보이스 및 이슈 알림을 수신합니다.",
            "id": "sample_024_0012_000022",
            "annotations": [
                {
                    "word": "성강우",
                    "start": 12,
                    "end": 15,
                    "label": "개인정보"
                },
                {
                    "word": "shg_contact@example.com",
                    "start": 30,
                    "end": 53,
                    "label": "개인정보"
                }
            ]
        },
        {
            "sentence": "청구서 결제 정보: 회사 지정 계좌번호 123-456-789012로 송금 요청을 하며 대외비 계좌로 취급합니다.",
            "id": "sample_024_0012_000023",
            "annotations": [
                {
                    "word": "123-456-789012",
                    "start": 22,
                    "end": 36,
                    "label": "기밀정보"
                }
            ]
        },
        {
            "sentence": "계약 정보: 해당 운송 계약번호는 CTR-2024-089이며 요율표와 연동된 내부 계약 조건에 의해 비용 정산이 수행됩니다.",
            "id": "sample_024_0012_000024",
            "annotations": [
                {
                    "word": "CTR-2024-089",
                    "start": 19,
                    "end": 31,
                    "label": "기밀정보"
                }
            ]
        },
        {
            "sentence": "시스템 연계: 본 문서는 EDI(EDIFACT), REST API, CSV 매핑 규격을 병행하여 제3자 시스템과의 데이터 동기화를 명세합니다.",
            "id": "sample_024_0012_000025",
            "annotations": []
        },
        {
            "sentence": "모니터링 요구사항: 실시간 GPS/이벤트는 초~분 단위 전송을 요구하며 센서 로그는 90일 보관, 이상치는 자동 알림으로 처리됩니다.",
            "id": "sample_024_0012_000026",
            "annotations": []
        },
        {
            "sentence": "액션아이템: 클레임 검토 담당 오범주, 재정 정산 담당 고서빈을 지정하며 각 담당자는 48시간 내 결과보고를 제출해야 합니다.",
            "id": "sample_024_0012_000027",
            "annotations": [
                {
                    "word": "오범주",
                    "start": 17,
                    "end": 20,
                    "label": "개인정보"
                },
                {
                    "word": "고서빈",
                    "start": 31,
                    "end": 34,
                    "label": "개인정보"
                }
            ]
        },
        {
            "sentence": "결론: 본 보고서는 운송 경로, 센서 로그, 통관·청구 내역 및 책임자 지정까지 포함한 운영 레퍼런스로 사용하며 민감 정보는 내부 보안정책에 따라 제한 공유합니다.",
            "id": "sample_024_0012_000028",
            "annotations": []
        }
    ]
}