{
    "document_id": "024_0066",
    "document_title": "복합운송 선적 및 통관 실사보고서 - SH0240066KR0001",
    "data": [
        {
            "sentence": "문서 개요: 본 보고서는 복합운송 선적 SH0240066KR0001의 출발부터 통관·창고 입고 및 최종 배달까지의 실무·이슈를 기록합니다.",
            "id": "sample_024_0066_000001",
            "annotations": []
        },
        {
            "sentence": "운송 담당자: 황송민, 연락처 010-5555-0101, 이메일 hsongmin@example.com, 운전면허번호 DL-2025-0001, 생년월일 1985-06-15, 성별 남, 국적 KOR.",
            "id": "sample_024_0066_000002",
            "annotations": [
                {
                    "word": "황송민",
                    "start": 8,
                    "end": 11,
                    "label": "개인정보"
                },
                {
                    "word": "010-5555-0101",
                    "start": 17,
                    "end": 30,
                    "label": "개인정보"
                },
                {
                    "word": "hsongmin@example.com",
                    "start": 36,
                    "end": 56,
                    "label": "개인정보"
                },
                {
                    "word": "DL-2025-0001",
                    "start": 65,
                    "end": 77,
                    "label": "개인정보"
                },
                {
                    "word": "1985",
                    "start": 84,
                    "end": 88,
                    "label": "준식별자"
                },
                {
                    "word": "06",
                    "start": 89,
                    "end": 91,
                    "label": "준식별자"
                },
                {
                    "word": "15",
                    "start": 92,
                    "end": 94,
                    "label": "준식별자"
                },
                {
                    "word": "남",
                    "start": 99,
                    "end": 100,
                    "label": "준식별자"
                },
                {
                    "word": "KOR",
                    "start": 105,
                    "end": 108,
                    "label": "준식별자"
                }
            ]
        },
        {
            "sentence": "픽업 장소(화주): 서울특별시 강남구 테헤란로 10-12 101호; 수취인: 신아빈; 수취인 연락처는 내부 DB로 관리되며 외부 표기는 마스킹 처리됩니다.",
            "id": "sample_024_0066_000003",
            "annotations": [
                {
                    "word": "서울특별시 강남구 테헤란로 10-12 101호",
                    "start": 11,
                    "end": 36,
                    "label": "개인정보"
                },
                {
                    "word": "서울특별시",
                    "start": 11,
                    "end": 16,
                    "label": "준식별자"
                },
                {
                    "word": "강남구",
                    "start": 17,
                    "end": 20,
                    "label": "준식별자"
                },
                {
                    "word": "신아빈",
                    "start": 43,
                    "end": 46,
                    "label": "개인정보"
                }
            ]
        },
        {
            "sentence": "연계된 주문: order_id PO-20260105-9923, purchase_order PO-20260105-9923-L1, 발행일 2026-01-05로 시스템에 기록되어 있습니다.",
            "id": "sample_024_0066_000004",
            "annotations": []
        },
        {
            "sentence": "Bill of Lading: BOL-024-0066-01, Packing List: PL-024-0066-01, Invoice: INV-20260105-0240066, 인보이스 금액 15,240.00 USD, 결제조건 Net30.",
            "id": "sample_024_0066_000005",
            "annotations": []
        },
        {
            "sentence": "Manifest 상의 컨테이너 ID는 CAXU1234567이며, 컨테이너 유형은 20'GP, 팔레트 수 pallet_count 24로 기재되어 있습니다.",
            "id": "sample_024_0066_000006",
            "annotations": []
        },
        {
            "sentence": "품목 라인: SKU-FT-1001, 품목명 '냉동 가공식품', 수량 1,200EA, 단위포장 20EA/박스, 박스수 60박스, 중량 합계 1,800.0 kg, 부피 합계 5.4 m3.",
            "id": "sample_024_0066_000007",
            "annotations": []
        },
        {
            "sentence": "온도 프로파일 요구사항: 선적 동안 2~8°C 유지, 허용치 편차 ±1°C, 샘플링 주기 5분으로 SLA에 명기되어 있습니다.",
            "id": "sample_024_0066_000008",
            "annotations": []
        },
        {
            "sentence": "IoT 온도 로그(간헐적 결측 포함): 2026-01-05T08:05:00+09:00 3.1°C, 2026-01-05T08:10:00+09:00 N/A, 2026-01-05T08:15:00+09:00 2.9°C, 이상치 2026-01-06T11:50:00+09:00 15.2°C.",
            "id": "sample_024_0066_000009",
            "annotations": []
        },
        {
            "sentence": "습도 로그 예: 2026-01-05T08:05:00+09:00 85%, 2026-01-05T08:10:00+09:00 83%, 2026-01-05T08:15:00+09:00 null, 센서 오차 ±3%로 보정됩니다.",
            "id": "sample_024_0066_000010",
            "annotations": []
        },
        {
            "sentence": "충격 이벤트 기록: 2026-01-06T09:20:00+09:00 충격값 3.2g, 2026-01-06T11:50:00 이상치 9.8g로 로그되어 현장 재확인이 필요합니다.",
            "id": "sample_024_0066_000011",
            "annotations": []
        },
        {
            "sentence": "픽업 완료 timestamp: 2026-01-05T08:30:00+09:00, 출발 departure_time 2026-01-05T09:00:00+09:00, 중간 환적 2026-01-06T12:00:00+09:00, ETA 2026-01-07T18:30:00+09:00.",
            "id": "sample_024_0066_000012",
            "annotations": []
        },
        {
            "sentence": "GPS 업데이트 예: 2026-01-05T09:10:00+09:00 37.4979,127.0276(서울 인근), 2026-01-06T11:45:00+09:00 35.1796,129.0756(부산 환적터미널); 오차 ±10m 내외.",
            "id": "sample_024_0066_000013",
            "annotations": []
        },
        {
            "sentence": "Last known location: 컨테이너 야드 코드 YD-BUS-03(35.1796,129.0756)에서 2026-01-06T11:50:00+09:00에 확인되었습니다.",
            "id": "sample_024_0066_000014",
            "annotations": []
        },
        {
            "sentence": "실제 도착 actual_arrival_time은 2026-01-07T18:22:00+09:00로 기록되어 ETA보다 8분 빠르게 처리되었습니다.",
            "id": "sample_024_0066_000015",
            "annotations": []
        },
        {
            "sentence": "운송사: 글로벌로지스틱스코리아(운송사 코드 GLK-05), 운송모드: 육상+철도(멀티모달), 환적 구간 및 장비 전환 내역은 manifest에 상세 기재되어 있습니다.",
            "id": "sample_024_0066_000016",
            "annotations": []
        },
        {
            "sentence": "통관신고: HS 코드 1604.20(가공어류), 원산지 KOR, 통관서류 CD-0240066-01.pdf가 첨부되어 있으며 검사 대상 여부가 표기되었습니다.",
            "id": "sample_024_0066_000017",
            "annotations": []
        },
        {
            "sentence": "창고 입고영수증: WR-20260107-0240066, 입고 수량 1,200EA, 현재 재고 inventory_level은 WH-SEO-01 600EA, WH-BUS-02 600EA로 분산 보관 중입니다.",
            "id": "sample_024_0066_000018",
            "annotations": []
        },
        {
            "sentence": "배송증빙: POD-024-0066-01에 서명 이미지(대체 텍스트: 서명_마스킹.png)가 첨부되어 있고 원본 서명은 마스킹 처리되어 보관됩니다.",
            "id": "sample_024_0066_000019",
            "annotations": []
        },
        {
            "sentence": "운임과 수수료: 기본운임 8,000 USD, 연료할증료 FFC 2%, 통관수수료 400 USD, 지불 계좌 301-012345-01(정산용), 총 합계 연료할증 적용 후 8,160 USD입니다.",
            "id": "sample_024_0066_000020",
            "annotations": [
                {
                    "word": "301-012345-01",
                    "start": 60,
                    "end": 73,
                    "label": "기밀정보"
                }
            ]
        },
        {
            "sentence": "SLA_violation_flag는 환적 지연 90분으로 인해 True로 표기되며, 계약상 환적 허용시간은 60분 이내로 정의되어 있습니다.",
            "id": "sample_024_0066_000021",
            "annotations": []
        },
        {
            "sentence": "요율표 참조: 계약번호 CTR-GLK-2025-09에 근거해 기본요율과 계절보정율이 적용되었으며 연료할증 산정 근거가 명시되어 있습니다.",
            "id": "sample_024_0066_000022",
            "annotations": [
                {
                    "word": "CTR-GLK-2025-09",
                    "start": 13,
                    "end": 28,
                    "label": "기밀정보"
                }
            ]
        },
        {
            "sentence": "이슈 로그: 중간 환적구간에서 팔레트 2개 파손 발생, 온도 이상치 및 충격 이벤트 연계로 내부 손해평가 및 보험 클레임 준비가 필요합니다.",
            "id": "sample_024_0066_000023",
            "annotations": []
        },
        {
            "sentence": "시스템 로그 참조: WMS 이벤트 ID wmsevt-00012456, ERP 전표 JE-20260107-458는 내부 추적용으로 기록되어 있으며 접근 통제가 적용됩니다.",
            "id": "sample_024_0066_000024",
            "annotations": [
                {
                    "word": "wmsevt-00012456",
                    "start": 22,
                    "end": 37,
                    "label": "기밀정보"
                },
                {
                    "word": "JE-20260107-458",
                    "start": 46,
                    "end": 61,
                    "label": "기밀정보"
                }
            ]
        },
        {
            "sentence": "시스템 접근 정보 예시: WMS 서버 IP 10.0.0.5 및 내부 파일 경로 /srv/wms/data/024-0066/가 관련 로그에 남아 있습니다.",
            "id": "sample_024_0066_000025",
            "annotations": [
                {
                    "word": "10.0.0.5",
                    "start": 24,
                    "end": 32,
                    "label": "기밀정보"
                },
                {
                    "word": "/srv/wms/data/024-0066/",
                    "start": 44,
                    "end": 67,
                    "label": "기밀정보"
                }
            ]
        },
        {
            "sentence": "관세 및 규제비용: 관세율 8.5%, 검사부담금 120 USD가 청구되었으며 통관 소요일 평균은 1.2일로 표준 운영시간에 부합합니다.",
            "id": "sample_024_0066_000026",
            "annotations": []
        },
        {
            "sentence": "조치사항 제안: 파손된 팔레트 2건에 대해 반품 또는 보상협의 진행, 운송사와의 손해배상 기준 적용 여부 검토를 권장합니다.",
            "id": "sample_024_0066_000027",
            "annotations": []
        },
        {
            "sentence": "승인 및 연락처: 물류 담당자 허건률(내선 102, 외부 연락은 보호됨), 고객 서비스 담당 문명기 요청사항을 접수하여 후속조치 예정입니다.",
            "id": "sample_024_0066_000028",
            "annotations": [
                {
                    "word": "허건률",
                    "start": 17,
                    "end": 20,
                    "label": "개인정보"
                },
                {
                    "word": "문명기",
                    "start": 52,
                    "end": 55,
                    "label": "개인정보"
                }
            ]
        },
        {
            "sentence": "문서 버전 및 배포기록: 문서버전 v1.2, 배포처는 화주·운송사·통관대행이며 내부 회람 시 기밀표시 및 접근권한 규정을 준수해야 합니다.",
            "id": "sample_024_0066_000029",
            "annotations": []
        },
        {
            "sentence": "요약: 본 선적은 전반적으로 규정 준수 상태이나 환적 지연과 충격·온도 이상치에 대한 추가조사가 필요하며 보고서 기반의 개선안을 실행합니다.",
            "id": "sample_024_0066_000030",
            "annotations": []
        }
    ]
}