{
    "document_id": "024_0088",
    "document_title": "혼합운송(Multimodal) 선적 운영 및 추적 보고서 - SHP20250115KOR0001",
    "data": [
        {
            "sentence": "본 문서는 국제 혼합운송(Multimodal) 선적 단위에 대한 운영·추적·정산 정보를 종합한 보고서입니다.",
            "id": "sample_024_0088_000001",
            "annotations": []
        },
        {
            "sentence": "요약 메타데이터로 shipment_id: SHP20250115KOR0001, order_id: PO20241230KOR0456를 문서 상단에 기록합니다.",
            "id": "sample_024_0088_000002",
            "annotations": []
        },
        {
            "sentence": "Bill of lading(B/L) 번호는 BOL-KR-20250115-0007로 선적 문서에 기재되어 있으며 운송단계 문서와 연동됩니다.",
            "id": "sample_024_0088_000003",
            "annotations": []
        },
        {
            "sentence": "Packing list는 패키지 단위 및 SKU별 라인 아이템을 포함하며 packing_list_id: PKL-20250115-09로 참조됩니다.",
            "id": "sample_024_0088_000004",
            "annotations": []
        },
        {
            "sentence": "Invoice 정보는 invoice_id: INV-20250115-3345, invoice_amount: 15234.50, currency: USD, payment_terms: NET30으로 명시되어 있습니다.",
            "id": "sample_024_0088_000005",
            "annotations": []
        },
        {
            "sentence": "Purchase order는 PO-CLIENT-99012로 연결되며 manifest는 manifest_id: MAN-20250115A에 포함되어 있습니다.",
            "id": "sample_024_0088_000006",
            "annotations": []
        },
        {
            "sentence": "Tracking events는 픽업(pickup), 적재(loaded), 환적(transhipment), 통관(customs_clearance), 배달(delivered) 등 상태 변화를 시간순으로 기록합니다.",
            "id": "sample_024_0088_000007",
            "annotations": []
        },
        {
            "sentence": "시간은 ISO8601 기준으로 pickup_time: 2025-01-15T08:30:00+09:00, in_transit_event: 2025-01-15T14:45:00+09:00, ETA: 2025-01-17T09:00:00+01:00, actual_arrival_time: 2025-01-17T08:43:00+01:00로 표기됩니다.",
            "id": "sample_024_0088_000008",
            "annotations": []
        },
        {
            "sentence": "Carrier는 GlobalLines Ltd.(carrier_id: CARRIER-GL-77)이며 mode_of_transport는 sea+road multimodal로 정의되어 있습니다.",
            "id": "sample_024_0088_000009",
            "annotations": []
        },
        {
            "sentence": "Container 정보는 container_id: CNLU1234567, pallet_count: 24, 총중량 weight_kg: 11240.0kg, 총부피 volume_m3: 45.6m3로 집계되어 있습니다.",
            "id": "sample_024_0088_000010",
            "annotations": []
        },
        {
            "sentence": "라인 아이템 예시로 item_sku: SKU-XL-5500, item_description: 냉동건조 식품, quantity: 1200, unit_weight_kg: 9.2로 명세되어 있으며 수량·중량 합계 검증을 거쳤습니다.",
            "id": "sample_024_0088_000011",
            "annotations": []
        },
        {
            "sentence": "단위 중량 9.2kg * 1200개 = 11040kg이며 포장·팔레트 중량을 포함해 컨테이너 총중량 11240.0kg으로 내부 계산 근거가 일치합니다.",
            "id": "sample_024_0088_000012",
            "annotations": []
        },
        {
            "sentence": "Temperature profile은 냉장(2°C~8°C) 조건으로 temperature_profile 샘플값은 [2025-01-15T09:00:00+09:00: 4.0°C, 2025-01-15T15:00:00+09:00: 3.8°C, 2025-01-16T06:00:00+01:00: 5.5°C]로 기록됩니다.",
            "id": "sample_024_0088_000013",
            "annotations": []
        },
        {
            "sentence": "Humidity_profile은 상대습도 기준 55%±5%를 목표로 하며 센서 샘플 [54.5, null, 58.1, 200.0, 56.0]에 결측치와 이상치가 포함되어 노이즈 처리 필요성을 명시합니다.",
            "id": "sample_024_0088_000014",
            "annotations": []
        },
        {
            "sentence": "Shock_events에는 peak_g 값이 포함되며 2025-01-16T02:20:15Z에 6.4g의 충격이 감지되어 알람 및 손상검사 트리거가 발생했습니다.",
            "id": "sample_024_0088_000015",
            "annotations": []
        },
        {
            "sentence": "GPS updates는 초~분 단위 스트리밍으로 제공되며 예시값은 {ts: '2025-01-15T08:35:00+09:00', lat: 37.2105, lon: 127.0132, hdop: 0.9} 형태입니다.",
            "id": "sample_024_0088_000016",
            "annotations": []
        },
        {
            "sentence": "Last_known_location은 허브 코드 WH-KR-SU1, 좌표 lat: 37.2098, lon: 127.0125로 표기되어 픽업 지점과 수백미터 이내로 일치합니다.",
            "id": "sample_024_0088_000017",
            "annotations": []
        },
        {
            "sentence": "Customs declaration은 HS_code: 190190, origin_country: KOR, 신고금액: USD 15,234.50로 통관서류가 준비되었습니다.",
            "id": "sample_024_0088_000018",
            "annotations": [
                {
                    "word": "KOR",
                    "start": 54,
                    "end": 57,
                    "label": "준식별자"
                }
            ]
        },
        {
            "sentence": "통관서류 참조로 customs_declaration_id: CUS-20250115-3345, 관세 예정액 tax_due: 412.35 USD, 원산지 증빙과 HS 코드 근거를 포함합니다.",
            "id": "sample_024_0088_000019",
            "annotations": []
        },
        {
            "sentence": "Warehouse receipt는 warehouse_receipt_id: WHR-20250116-002, warehouse_received_at: 2025-01-16T09:32:00+01:00로 기록되었고 inventory_level은 SKU-XL-5500 -> 1188로 입고 후 실재고가 표기됩니다.",
            "id": "sample_024_0088_000020",
            "annotations": []
        },
        {
            "sentence": "Delivery_proof는 POD 사진 메타데이터와 signature_image 식별자 signature_id: SIG-20250117-88A로 저장되어 배송증빙이 확보되어 있습니다.",
            "id": "sample_024_0088_000021",
            "annotations": []
        },
        {
            "sentence": "수취인 담당자 정보는 권하운(역할: 수령담당자)로 기재되며 연락처(가명): 010-0000-0000로 표기되어 수신확인 담당이 명시됩니다.",
            "id": "sample_024_0088_000022",
            "annotations": [
                {
                    "word": "권하운",
                    "start": 12,
                    "end": 15,
                    "label": "개인정보"
                },
                {
                    "word": "010-0000-0000",
                    "start": 42,
                    "end": 55,
                    "label": "개인정보"
                }
            ]
        },
        {
            "sentence": "운송담당 연락처는 민한별(운송매니저)로 등록되어 있으며 이메일은 mhanbyul@example.com(가명)으로 EDI 및 알림 연동에 사용됩니다.",
            "id": "sample_024_0088_000023",
            "annotations": [
                {
                    "word": "민한별",
                    "start": 10,
                    "end": 13,
                    "label": "개인정보"
                },
                {
                    "word": "mhanbyul@example.com",
                    "start": 36,
                    "end": 56,
                    "label": "개인정보"
                }
            ]
        },
        {
            "sentence": "운전자 신원은 가명으로 표기되며 운전자명: 박힘찬, 성별: 남, 생년월일: 1989-03-22, 운전면허번호: D-XXXX-2025-0001(가명)로 차량 운전자 기록에 포함됩니다.",
            "id": "sample_024_0088_000024",
            "annotations": [
                {
                    "word": "박힘찬",
                    "start": 24,
                    "end": 27,
                    "label": "개인정보"
                },
                {
                    "word": "남",
                    "start": 33,
                    "end": 34,
                    "label": "준식별자"
                },
                {
                    "word": "1989",
                    "start": 42,
                    "end": 46,
                    "label": "준식별자"
                },
                {
                    "word": "03",
                    "start": 47,
                    "end": 49,
                    "label": "준식별자"
                },
                {
                    "word": "22",
                    "start": 50,
                    "end": 52,
                    "label": "준식별자"
                },
                {
                    "word": "D-XXXX-2025-0001",
                    "start": 62,
                    "end": 78,
                    "label": "개인정보"
                }
            ]
        },
        {
            "sentence": "SLA 정보로 약정 운송시간은 48시간, 실제 소요는 47시간 13분으로 SLA_violation_flag: false가 계산되어 계약 조건을 충족하였습니다.",
            "id": "sample_024_0088_000025",
            "annotations": []
        },
        {
            "sentence": "요금 산출 근거는 기본운임 base_freight: 8,500.00 USD, 연료보정 FRC 3.5% 적용, 통관수수료 150 USD 등 요율표에 따른 계산 로직으로 구성되어 있습니다.",
            "id": "sample_024_0088_000026",
            "annotations": []
        },
        {
            "sentence": "기밀 항목으로 내부 결제 계좌 account_internal: 9876-5432-1100(가상, 내부용)과 WMS 서버 IP: 10.10.10.10(내부), 계약내역 코드: CONTRACT_RATE_2025_Q1가 문서에 포함됩니다.",
            "id": "sample_024_0088_000027",
            "annotations": [
                {
                    "word": "9876-5432-1100",
                    "start": 35,
                    "end": 49,
                    "label": "기밀정보"
                },
                {
                    "word": "10.10.10.10",
                    "start": 71,
                    "end": 82,
                    "label": "기밀정보"
                },
                {
                    "word": "CONTRACT_RATE_2025_Q1",
                    "start": 97,
                    "end": 118,
                    "label": "기밀정보"
                }
            ]
        },
        {
            "sentence": "멀티모달 환적 로그는 transhipment_hub: AES-VLC-01(스페인 환적센터), 환적시간: 2025-01-16T03:10:00+01:00, 장비 교체 및 적하 정보가 포함되어 있습니다.",
            "id": "sample_024_0088_000028",
            "annotations": []
        },
        {
            "sentence": "장비 상태 모니터링에서는 냉동기 세트포인트 4°C 유지, 센서 배터리 상태 88%, 일부 GPS 지점에서 hdop 4.5로 정확도 저하가 관측되었습니다.",
            "id": "sample_024_0088_000029",
            "annotations": []
        },
        {
            "sentence": "결론 및 조치사항: 본 선적은 도착시간 및 온도조건이 기준 내 완료되었으나 패키지 12건 손상으로 클레임 접수가 필요하며 담당자 권하운에게 후속 조치를 할당합니다.",
            "id": "sample_024_0088_000030",
            "annotations": [
                {
                    "word": "권하운",
                    "start": 72,
                    "end": 75,
                    "label": "개인정보"
                }
            ]
        }
    ]
}