{
    "document_id": "024_0005",
    "document_title": "수출입 멀티모달 선적 운영 보고서 및 트래킹 로그",
    "data": [
        {
            "sentence": "본 문서는 멀티모달 선적 024-0005 건의 출하·운송·창고·통관 로그와 비용 산출 근거를 종합 보고합니다.",
            "id": "sample_024_0005_000001",
            "annotations": []
        },
        {
            "sentence": "shipment_id는 SHP-20260105-024005로 지정되었으며 연결된 order_id는 ORD-20260102-7801입니다.",
            "id": "sample_024_0005_000002",
            "annotations": []
        },
        {
            "sentence": "Bill of Lading은 B/L-No: BL-024-0005-01로 발행되었고, 관련 packing_list와 invoice는 시스템에 첨부되어 있습니다.",
            "id": "sample_024_0005_000003",
            "annotations": []
        },
        {
            "sentence": "발주서(purchase_order)는 PO-550-2026-01이며 manifest에 등록된 컨테이너는 컨테이너ID CNT-VCU-00987입니다.",
            "id": "sample_024_0005_000004",
            "annotations": []
        },
        {
            "sentence": "운송사(carrier)는 HanTrans Logistics이며 mode_of_transport는 '트럭(육로)→항만 환적→해상'의 멀티모달 루트입니다.",
            "id": "sample_024_0005_000005",
            "annotations": []
        },
        {
            "sentence": "픽업은 2026-01-05T08:00:00+09:00에 출발지 창고에서 수행되었고 실시간 GPS 업데이트가 시작되었습니다.",
            "id": "sample_024_0005_000006",
            "annotations": []
        },
        {
            "sentence": "주요 tracking_events는 pickup(2026-01-05T08:00:00+09:00), in_transit(2026-01-05T12:30:00+09:00), handover_port(2026-01-05T18:45:00+09:00), arrival(2026-01-06T09:15:00+09:00)입니다.",
            "id": "sample_024_0005_000007",
            "annotations": []
        },
        {
            "sentence": "예상도착시간(estimated_time_of_arrival)은 2026-01-06T09:00:00+09:00로 산정되었으며 실제 도착(actual_arrival_time)은 2026-01-06T09:15:00+09:00으로 기록되었습니다.",
            "id": "sample_024_0005_000008",
            "annotations": []
        },
        {
            "sentence": "마스터 데이터: item_sku는 SKU-EM-1023, item_description은 '전자부품(PCB 어셈블리)', quantity 총합은 1,200개로 확인됩니다.",
            "id": "sample_024_0005_000009",
            "annotations": []
        },
        {
            "sentence": "총중량 weight_kg은 1,560.0 kg이며 총부피 volume_m3는 4.68 m3, pallet_count는 26 PALLETS로 집계되었습니다.",
            "id": "sample_024_0005_000010",
            "annotations": []
        },
        {
            "sentence": "온도 제어가 필요한 품목으로 temperature_profile은 출하시 5.5°C에서 시작해 운송 중 평균 6.2°C이며 간헐적 센서 결측과 스파이크가 존재합니다.",
            "id": "sample_024_0005_000011",
            "annotations": []
        },
        {
            "sentence": "humidity_profile은 평균 54% RH이며 센서 노이즈로 단기 72% 이상의 이상치가 2026-01-05T14:12:00에 기록되었습니다.",
            "id": "sample_024_0005_000012",
            "annotations": []
        },
        {
            "sentence": "충격 감지 로그(shock_events)는 2026-01-05T13:48:22에서 G-force 2.8g의 피크가 관찰되어 사진검수 후 경미한 포장손상으로 판정되었습니다.",
            "id": "sample_024_0005_000013",
            "annotations": []
        },
        {
            "sentence": "GPS 업데이트(gps_updates)는 초~분 단위로 스트리밍되었으며 마지막 확인된 last_known_location은 35.1796N,129.0756E(부산항 북쪽 접안구역)입니다.",
            "id": "sample_024_0005_000014",
            "annotations": []
        },
        {
            "sentence": "운송 경로의 주요 경유지와 환적 포인트는 인천항 환적터미널과 부산항이며 장비 전환 내역이 manifest에 명시되어 있습니다.",
            "id": "sample_024_0005_000015",
            "annotations": []
        },
        {
            "sentence": "통관 관련 customs_declaration은 HS Code 8536.50, 원산지 KR, 신고가액은 45,000 USD로 신고되었으며 관세율 및 수수료는 사전 검증되었습니다.",
            "id": "sample_024_0005_000016",
            "annotations": []
        },
        {
            "sentence": "창고 접수(warehouse_receipt)는 WR-20260105-331에 기록되었고 현재 창고별 inventory_level은 SKU-EM-1023: 1,200개로 일치합니다.",
            "id": "sample_024_0005_000017",
            "annotations": []
        },
        {
            "sentence": "배송 증빙(delivery_proof)은 POD 사진과 서명 이미지가 포함되며 서명 이미지는 pseudonymized_hash: sha256:abcd1234ef567890으로 참조됩니다.",
            "id": "sample_024_0005_000018",
            "annotations": [
                {
                    "word": "sha256:abcd1234ef567890",
                    "start": 72,
                    "end": 95,
                    "label": "기밀정보"
                }
            ]
        },
        {
            "sentence": "인보이스(invoice_amount)는 45,500.00, currency는 USD로 표기되었고 payment_terms는 DAP, 30일 후 지급 조건입니다.",
            "id": "sample_024_0005_000019",
            "annotations": []
        },
        {
            "sentence": "계약 기반 요율표에 따라 운임은 기본요율과 연료비 조정(FSC) 및 항만할증이 적용되어 최종 운임이 산출되었습니다.",
            "id": "sample_024_0005_000020",
            "annotations": []
        },
        {
            "sentence": "SLA 조건은 픽업 후 48시간 내 도착을 목표로 했으며 실제 소요시간이 초과되어 SLA_violation_flag는 true로 표시되었습니다.",
            "id": "sample_024_0005_000021",
            "annotations": []
        },
        {
            "sentence": "담당 선적 관리자(화주 담당)는 우현서이며 내부 추적용 코멘트와 리스크 평가를 문서에 기재했습니다.",
            "id": "sample_024_0005_000022",
            "annotations": [
                {
                    "word": "우현서",
                    "start": 18,
                    "end": 21,
                    "label": "개인정보"
                }
            ]
        },
        {
            "sentence": "운전기사 정보는 가명 처리되어 문이솔로 표기되며 운전자 휴대전화는 010-9999-0000, 운전면허번호는 D12345678로 시스템에 기록되어 있습니다.",
            "id": "sample_024_0005_000023",
            "annotations": [
                {
                    "word": "문이솔",
                    "start": 17,
                    "end": 20,
                    "label": "개인정보"
                },
                {
                    "word": "010-9999-0000",
                    "start": 37,
                    "end": 50,
                    "label": "개인정보"
                },
                {
                    "word": "D12345678",
                    "start": 60,
                    "end": 69,
                    "label": "개인정보"
                }
            ]
        },
        {
            "sentence": "최종 수취인은 김상민으로 수취 확인 절차와 인계서에 명시되어 있으며 수취 주소는 경기도 수원시 권선구 단위로 기록되어 있습니다.",
            "id": "sample_024_0005_000024",
            "annotations": [
                {
                    "word": "김상민",
                    "start": 8,
                    "end": 11,
                    "label": "개인정보"
                },
                {
                    "word": "경기도 수원시 권선구",
                    "start": 45,
                    "end": 56,
                    "label": "준식별자"
                }
            ]
        },
        {
            "sentence": "운임과 통관 수수료 계산의 근거로 내부 요율표 파일을 참조하였으며 파일 경로는 /srv/internal/rates/transport_rates_v2.3.xlsx로 표기됩니다.",
            "id": "sample_024_0005_000025",
            "annotations": [
                {
                    "word": "/srv/internal/rates/transport_rates_v2.3.xlsx",
                    "start": 44,
                    "end": 89,
                    "label": "기밀정보"
                }
            ]
        },
        {
            "sentence": "재무 정산을 위해 내부 계좌번호 200-12-345678(테스트용 가상계좌)이 임시로 기입되었고 결제 시스템과 매칭 검증이 필요합니다.",
            "id": "sample_024_0005_000026",
            "annotations": [
                {
                    "word": "200-12-345678",
                    "start": 18,
                    "end": 31,
                    "label": "기밀정보"
                }
            ]
        },
        {
            "sentence": "운영 보안 관련으로 VPN 내부 IP 10.8.0.5가 로그에 남아 있으며 이는 내부 접근 기록으로 관리됩니다.",
            "id": "sample_024_0005_000027",
            "annotations": [
                {
                    "word": "10.8.0.5",
                    "start": 21,
                    "end": 29,
                    "label": "기밀정보"
                }
            ]
        },
        {
            "sentence": "요약 결론: 물리적 손상은 경미하나 온습도 이상치 및 SLA 위반이 확인되어 개선 조치와 요율 재협상이 권고됩니다.",
            "id": "sample_024_0005_000028",
            "annotations": []
        }
    ]
}