{
    "document_id": "024_0029",
    "document_title": "혼합운송 선적 지시서 및 상태 리포트 (SHP-20250123-0001)",
    "data": [
        {
            "sentence": "본 문서는 2025년 1월 23일 출발한 혼합운송 선적 SHP-20250123-0001의 종합 상태 보고서입니다.",
            "id": "sample_024_0029_000001",
            "annotations": []
        },
        {
            "sentence": "문서는 출하에서 최종 입고까지의 이벤트, 센서 로그, 통관서류, 비용·SLA 산출 근거를 포함합니다.",
            "id": "sample_024_0029_000002",
            "annotations": []
        },
        {
            "sentence": "적용 범위는 국내 집하(트럭)에서 항해(해상) 후 북미 최종 창고(트럭) 인도까지의 멀티모달 흐름입니다.",
            "id": "sample_024_0029_000003",
            "annotations": []
        },
        {
            "sentence": "shipment_id는 SHP-20250123-0001으로 마스터 레코드와 연계되어 있습니다.",
            "id": "sample_024_0029_000004",
            "annotations": []
        },
        {
            "sentence": "관련 주문은 order_id PO-556-20250120으로 발주서 PO-556-20250120와 매핑되었습니다.",
            "id": "sample_024_0029_000005",
            "annotations": []
        },
        {
            "sentence": "해상운송 문서로서 bill_of_lading은 BL-KR-2025-0099로 발급되어 본 건에 첨부되어 있습니다.",
            "id": "sample_024_0029_000006",
            "annotations": []
        },
        {
            "sentence": "packing_list ID는 PL-2025-0099이며 포장명세서에는 pallet_count 24와 unit_per_pallet 20이 명시되어 있습니다.",
            "id": "sample_024_0029_000007",
            "annotations": []
        },
        {
            "sentence": "invoice INV-2025-0099의 invoice_amount는 85,600.00 USD이며 통화는 ISO 4217 기준 USD입니다.",
            "id": "sample_024_0029_000008",
            "annotations": []
        },
        {
            "sentence": "purchase_order 문서와 manifest는 시스템 간 EDI 및 CSV 매핑 규칙에 따라 동기화되었습니다.",
            "id": "sample_024_0029_000009",
            "annotations": []
        },
        {
            "sentence": "carrier는 K-TRANS Logistics, mode_of_transport는 Truck(집하)->Sea(항해)->Truck(배달)로 지정되었습니다.",
            "id": "sample_024_0029_000010",
            "annotations": []
        },
        {
            "sentence": "container_id CNT-20GP-IK-00045가 선적에 사용되었고 컨테이너 내부 온도 프로파일 모니터링이 적용되었습니다.",
            "id": "sample_024_0029_000011",
            "annotations": []
        },
        {
            "sentence": "첫 픽업 이벤트는 departure_time 2025-01-23T08:15:00+09:00로 기록되었고 집하 야드에 09:00에 적재가 완료되었습니다.",
            "id": "sample_024_0029_000012",
            "annotations": []
        },
        {
            "sentence": "중간 환적 및 선적 승선은 2025-01-24T10:00:00+09:00에 완료되었고 항해 중 위치 업데이트가 주기적으로 수집되었습니다.",
            "id": "sample_024_0029_000013",
            "annotations": []
        },
        {
            "sentence": "last_known_location은 2025-01-29T13:20:00-08:00에 LA항 인근 계류 구역(33.7360,-118.2710)으로 보고되었습니다.",
            "id": "sample_024_0029_000014",
            "annotations": []
        },
        {
            "sentence": "estimated_time_of_arrival(최종 창고)은 2025-01-30T10:00:00-08:00로 산출되었고 통관 대기 시간을 반영했습니다.",
            "id": "sample_024_0029_000015",
            "annotations": []
        },
        {
            "sentence": "실제 도착(actual_arrival_time)은 2025-01-30T11:20:00-08:00으로 기록되어 ETA 대비 지연이 발생했습니다.",
            "id": "sample_024_0029_000016",
            "annotations": []
        },
        {
            "sentence": "SLA_violation_flag는 true로 설정되었고, 연료할증 및 부두 혼잡으로 인한 1시간 20분 지연이 원인으로 파악되었습니다.",
            "id": "sample_024_0029_000017",
            "annotations": []
        },
        {
            "sentence": "item_sku ITEM-SKU-1001은 품명 'LCD Module, 15.6inch'로 라인 아이템에 등록되어 있으며 HS 코드 8542.31로 통관되었습니다.",
            "id": "sample_024_0029_000018",
            "annotations": []
        },
        {
            "sentence": "총 quantity 480개는 pallet_count 24와 unit_per_pallet 20의 포장 단위 논리에 따라 정합성을 만족합니다.",
            "id": "sample_024_0029_000019",
            "annotations": []
        },
        {
            "sentence": "총 weight_kg 4320.0kg은 개별 무게 9.0kg, 총 volume_m3 9.60m3은 팔레트당 평균 0.40m3로 계산되었습니다.",
            "id": "sample_024_0029_000020",
            "annotations": []
        },
        {
            "sentence": "temperature_profile은 선적 전체에서 목표 4°C, 허용범위 ±2°C로 설정되었고 온도 센서는 분단위 샘플링을 수행했습니다.",
            "id": "sample_024_0029_000021",
            "annotations": []
        },
        {
            "sentence": "humidity_profile은 45~55% RH로 기록되었고 일부 구간에서 센서 노이즈 및 간헐적 결측(2025-01-25T02:00:00+09:00) 로그가 관찰되었습니다.",
            "id": "sample_024_0029_000022",
            "annotations": []
        },
        {
            "sentence": "충격 로그(shock_events)에서는 2025-01-23T09:15:00+09:00에 2.8g 이벤트가 검출되었으며 이는 로딩 시 발생한 것으로 추정됩니다.",
            "id": "sample_024_0029_000023",
            "annotations": []
        },
        {
            "sentence": "customs_declaration에는 HS 8542.31, 원산지 KOR, 세액 산출 후 관세 납부 상태가 'PAID'로 표기되어 있습니다.",
            "id": "sample_024_0029_000024",
            "annotations": []
        },
        {
            "sentence": "warehouse_receipt WR-ICN-2025-221 발행 후 목적지 재고 inventory_level은 480개로 갱신되었습니다.",
            "id": "sample_024_0029_000025",
            "annotations": []
        },
        {
            "sentence": "delivery_proof에는 서명 이미지 참조 signature_image: sig_20250130_0001.png가 포함되어 있으나 이미지는 익명화된 스캔으로 저장됩니다.",
            "id": "sample_024_0029_000026",
            "annotations": []
        },
        {
            "sentence": "배달 담당 드라이버는 서민겸이며 연락처는 010-0000-0001, 수취인명은 구주빈, 성별: 남, 생년월일: 1985-07-12, 수취지 행정구역은 서울특별시 강서구로 기재되어 있습니다.",
            "id": "sample_024_0029_000027",
            "annotations": [
                {
                    "word": "서민겸",
                    "start": 12,
                    "end": 15,
                    "label": "개인정보"
                },
                {
                    "word": "010-0000-0001",
                    "start": 23,
                    "end": 36,
                    "label": "개인정보"
                },
                {
                    "word": "구주빈",
                    "start": 44,
                    "end": 47,
                    "label": "개인정보"
                },
                {
                    "word": "성별: 남",
                    "start": 49,
                    "end": 54,
                    "label": "준식별자"
                },
                {
                    "word": "1985-07-12",
                    "start": 62,
                    "end": 72,
                    "label": "준식별자"
                },
                {
                    "word": "서울특별시 강서구",
                    "start": 84,
                    "end": 93,
                    "label": "준식별자"
                }
            ]
        },
        {
            "sentence": "결제 관련 기밀정보로 계약번호 CTR-2025-009, 내부 요율표 코드 RATE-INT-03, 계좌번호: 111-222-333444 및 내부 포털 https://internal.supplychain.local이 참조되었습니다.",
            "id": "sample_024_0029_000028",
            "annotations": [
                {
                    "word": "CTR-2025-009",
                    "start": 17,
                    "end": 29,
                    "label": "기밀정보"
                },
                {
                    "word": "RATE-INT-03",
                    "start": 41,
                    "end": 52,
                    "label": "기밀정보"
                },
                {
                    "word": "계좌번호: 111-222-333444",
                    "start": 54,
                    "end": 74,
                    "label": "기밀정보"
                },
                {
                    "word": "https://internal.supplychain.local",
                    "start": 83,
                    "end": 117,
                    "label": "기밀정보"
                }
            ]
        },
        {
            "sentence": "운영 권고사항으로는 센서 재보정, IoT 결측 재수집 정책 적용, SLA 보상 산정 및 내부 요율 조정이 포함됩니다.",
            "id": "sample_024_0029_000029",
            "annotations": []
        },
        {
            "sentence": "후속 조치는 영업 및 운영팀 간 48시간 내 대응 계획 수립이며 책임 담당자(운영 리드)는 이태린에게 할당되었습니다.",
            "id": "sample_024_0029_000030",
            "annotations": [
                {
                    "word": "이태린",
                    "start": 51,
                    "end": 54,
                    "label": "개인정보"
                }
            ]
        }
    ]
}