{
    "document_id": "024_0069",
    "document_title": "국내 멀티모달 선적 보고서 및 통관·창고 연계 문서",
    "data": [
        {
            "sentence": "본 문서는 SHP-024-0069 선적의 종합 추적·정산·통관 상태를 보고하기 위해 작성되었습니다.",
            "id": "sample_024_0069_000001",
            "annotations": []
        },
        {
            "sentence": "해당 선적은 주문 PO-20250312-009에 따라 출발하였으며 Bill of Lading은 BOL-02469-01로 등록되어 있습니다.",
            "id": "sample_024_0069_000002",
            "annotations": []
        },
        {
            "sentence": "Packing List PL-02469-01과 Invoice INV-20250315-0009가 연계되어 있으며 구매오더는 PO-20250312-009입니다.",
            "id": "sample_024_0069_000003",
            "annotations": []
        },
        {
            "sentence": "Manifest MNFT-02469에는 컨테이너 CONT-XYZ1234567과 팔레트 수 pallet_count=24가 명시되어 있습니다.",
            "id": "sample_024_0069_000004",
            "annotations": []
        },
        {
            "sentence": "운송은 multimodal로 시작부는 트럭(트럭 번호 TRK-SEO-001), 환적은 철도, 최종 구간은 국내 트럭으로 수행되었습니다.",
            "id": "sample_024_0069_000005",
            "annotations": []
        },
        {
            "sentence": "출발 시간(departure_time)은 2025-03-12T08:30:00+09:00로 기록되어 있으며 이후 모든 이벤트는 해당 시점 이후에 발생했습니다.",
            "id": "sample_024_0069_000006",
            "annotations": [
                {
                    "word": "2025",
                    "start": 23,
                    "end": 27,
                    "label": "준식별자"
                },
                {
                    "word": "03",
                    "start": 28,
                    "end": 30,
                    "label": "준식별자"
                },
                {
                    "word": "12",
                    "start": 31,
                    "end": 33,
                    "label": "준식별자"
                }
            ]
        },
        {
            "sentence": "경유 및 인-트랜싯 이벤트는 2025-03-13T02:15:00+09:00(환적 도착), 2025-03-14T18:40:00+09:00(철도 하역) 순으로 인과관계가 유지됩니다.",
            "id": "sample_024_0069_000007",
            "annotations": []
        },
        {
            "sentence": "예상 도착 시간(ETA)은 2025-03-15T14:30:00+09:00이며 실제 도착(actual_arrival_time)은 2025-03-15T14:45:00+09:00로 최종 확정되었습니다.",
            "id": "sample_024_0069_000008",
            "annotations": [
                {
                    "word": "2025",
                    "start": 15,
                    "end": 19,
                    "label": "준식별자"
                },
                {
                    "word": "2025",
                    "start": 71,
                    "end": 75,
                    "label": "준식별자"
                },
                {
                    "word": "03",
                    "start": 20,
                    "end": 22,
                    "label": "준식별자"
                },
                {
                    "word": "03",
                    "start": 76,
                    "end": 78,
                    "label": "준식별자"
                },
                {
                    "word": "15",
                    "start": 23,
                    "end": 25,
                    "label": "준식별자"
                },
                {
                    "word": "15",
                    "start": 79,
                    "end": 81,
                    "label": "준식별자"
                }
            ]
        },
        {
            "sentence": "운송사는 ACME Logistics(운송사 코드 CAR-ACM-01)이며 모드(mode_of_transport)는 road/rail multimodal로 표기됩니다.",
            "id": "sample_024_0069_000009",
            "annotations": []
        },
        {
            "sentence": "최종 입고 창고는 서울물류센터(시설 코드 WH-SEO-GS-01)로 last_known_location은 서울특별시 강서구 등촌동 물류센터로 확인됩니다.",
            "id": "sample_024_0069_000010",
            "annotations": [
                {
                    "word": "서울특별시",
                    "start": 59,
                    "end": 64,
                    "label": "준식별자"
                },
                {
                    "word": "강서구",
                    "start": 65,
                    "end": 68,
                    "label": "준식별자"
                },
                {
                    "word": "등촌동",
                    "start": 69,
                    "end": 72,
                    "label": "준식별자"
                }
            ]
        },
        {
            "sentence": "위치(GPS) 업데이트 예: 2025-03-12T09:05:12+09:00 37.5612N,127.0004E(픽업), 2025-03-15T14:44:50+09:00 37.5689N,126.8347E(도착 근접).",
            "id": "sample_024_0069_000011",
            "annotations": []
        },
        {
            "sentence": "주요 라인 아이템: SKU ITM-APL-1001(사과), 수량 2,400EA, 단위중량 0.18kg, 총중량 weight_kg=432.0, 총부피 volume_m3=2.16로 장부와 일치합니다.",
            "id": "sample_024_0069_000012",
            "annotations": []
        },
        {
            "sentence": "추가 품목은 SKU ITM-BOX-2003(포장재) 수량 120EA, weight_kg=360.0 및 volume_m3=1.44로 적재 계획에 반영되었습니다.",
            "id": "sample_024_0069_000013",
            "annotations": []
        },
        {
            "sentence": "온도 프로파일(temperature_profile)은 트럭 구간 평균 4.2°C, 허용범위 2°C~6°C로 유지되었고 센서 간 노이즈로 일부 간헐 결측치가 발생했습니다.",
            "id": "sample_024_0069_000014",
            "annotations": []
        },
        {
            "sentence": "습도 프로파일(humidity_profile)은 평균 65%RH, 허용범위 50%RH~70%RH이며 2025-03-13T11:12:05+09:00 센서 결측으로 해당 구간 보간 처리가 수행되었습니다.",
            "id": "sample_024_0069_000015",
            "annotations": []
        },
        {
            "sentence": "충격 이벤트(shock_events)는 2025-03-14T18:43:22+09:00에 2.3g 단기 스파이크가 기록되었고 이상치 검출 알고리즘에 의해 플래그 처리되었습니다.",
            "id": "sample_024_0069_000016",
            "annotations": []
        },
        {
            "sentence": "통관 서류(customs_declaration)는 HS 코드 0808.10(사과) 및 원산지 KR로 작성되었으며 세관 접수번호 CUS-2025-00456이 부여되었습니다.",
            "id": "sample_024_0069_000017",
            "annotations": []
        },
        {
            "sentence": "통관 대행 담당자는 차렌이며 통관 절차는 정상종결로 보류 항목 없이 통관 수속이 완료되었습니다.",
            "id": "sample_024_0069_000018",
            "annotations": [
                {
                    "word": "차렌",
                    "start": 11,
                    "end": 13,
                    "label": "개인정보"
                }
            ]
        },
        {
            "sentence": "창고 입고(warehouse_receipt)는 WR-20250315-069로 발행되었고 입고 시 재고 수준(inventory_level)은 SKU ITM-APL-1001 18,400EA입니다.",
            "id": "sample_024_0069_000019",
            "annotations": []
        },
        {
            "sentence": "배송 증빙(delivery_proof)으로 POD 이미지 및 서명 데이터(signature_image sig_024_0069.png)가 보관되었으며 서명은 익명화 처리되어 원본은 시스템에 저장되지 않습니다.",
            "id": "sample_024_0069_000020",
            "annotations": []
        },
        {
            "sentence": "배송 담당 운전자는 권문규이며 차량 호출 및 이력 관리는 운송사 시스템에 연동되어 추적 가능합니다.",
            "id": "sample_024_0069_000021",
            "annotations": [
                {
                    "word": "권문규",
                    "start": 11,
                    "end": 14,
                    "label": "개인정보"
                }
            ]
        },
        {
            "sentence": "운전자 연락처(익명화 표기)는 010-9876-5432로 배포기록에 남아 있으며 실제 통신은 사내 게이트웨이를 통해 중계됩니다.",
            "id": "sample_024_0069_000022",
            "annotations": [
                {
                    "word": "010-9876-5432",
                    "start": 17,
                    "end": 30,
                    "label": "개인정보"
                }
            ]
        },
        {
            "sentence": "문서 결제 조건(payment_terms)은 발행일로부터 45일 이내이며 Invoice 금액(invoice_amount)은 2,450,000 KRW로 청구되었습니다.",
            "id": "sample_024_0069_000023",
            "annotations": []
        },
        {
            "sentence": "요율 계산은 요율표 RATE-C-2025를 기준으로 기본운임, 연료할증료 및 환적비를 적용해 산출되었으며 상세 내역은 내부 요율 파일에 기록됩니다.",
            "id": "sample_024_0069_000024",
            "annotations": [
                {
                    "word": "RATE-C-2025",
                    "start": 11,
                    "end": 22,
                    "label": "기밀정보"
                }
            ]
        },
        {
            "sentence": "계약서 참조번호 CNTR-2025-69에 따른 할인율과 연동되어 최종 청구 금액이 조정되었으며 관련 파일은 /secure/rates/RATE-C-2025.csv에 저장됩니다.",
            "id": "sample_024_0069_000025",
            "annotations": [
                {
                    "word": "CNTR-2025-69",
                    "start": 9,
                    "end": 21,
                    "label": "기밀정보"
                },
                {
                    "word": "/secure/rates/RATE-C-2025.csv",
                    "start": 60,
                    "end": 89,
                    "label": "기밀정보"
                }
            ]
        },
        {
            "sentence": "정산을 위한 결제계좌는 계좌번호 000-999-888777 로 등록되어 있으며 결제내역은 ERP에 전표 형태로 접수됩니다.",
            "id": "sample_024_0069_000026",
            "annotations": [
                {
                    "word": "000-999-888777",
                    "start": 18,
                    "end": 32,
                    "label": "기밀정보"
                }
            ]
        },
        {
            "sentence": "실시간 추적 요건에 따라 GPS 및 이벤트 업데이트는 초~분 단위로 전송되었고, 일부 구간의 네트워크 지연은 로컬 버퍼링으로 보완되었습니다.",
            "id": "sample_024_0069_000027",
            "annotations": []
        },
        {
            "sentence": "SLA 기준에 따라 문서 처리·통관·최종배달의 총 소요시간을 측정했으며 이번 선적은 SLA_violation_flag=false로 보고됩니다.",
            "id": "sample_024_0069_000028",
            "annotations": []
        },
        {
            "sentence": "운송 리스크 완화 조치로 충격 이벤트에 대한 샘플링 분석과 기간별 센서 캘리브레이션 로그가 기록되어 향후 보완 계획이 수립됩니다.",
            "id": "sample_024_0069_000029",
            "annotations": []
        },
        {
            "sentence": "문의 창구 담당자는 진윤소이며 추가 질의는 logistics@acme.example.com으로 접수해 주시기 바랍니다.",
            "id": "sample_024_0069_000030",
            "annotations": [
                {
                    "word": "logistics@acme.example.com",
                    "start": 24,
                    "end": 50,
                    "label": "개인정보"
                }
            ]
        },
        {
            "sentence": "본 보고서의 결론으로 재고 반납 스케줄 조정과 요율 테이블 검토를 권고하며 다음 행동 항목은 운영팀과 재무팀에 통보됩니다.",
            "id": "sample_024_0069_000031",
            "annotations": []
        }
    ]
}