{
    "document_id": "024_0021",
    "document_title": "국제 멀티모달 선적 운영 및 SLA 검증 보고서",
    "data": [
        {
            "sentence": "문서 개요: 본 보고서는 shipment_id 024-SHIP-20250105-0001에 대한 출하, 통관, 창고 및 최종 배송 프로세스의 운영 데이터와 SLA 검증 결과를 포함합니다.",
            "id": "sample_024_0021_000001",
            "annotations": []
        },
        {
            "sentence": "요약: 이 보고서는 주문(order_id: PO-20250105-8899), 상업송장(invoice INV-2025-00123), 선하증권 및 포장명세서의 교차검증 결과를 제시합니다.",
            "id": "sample_024_0021_000002",
            "annotations": []
        },
        {
            "sentence": "선하증권(bill_of_lading BL-024-20250105)은 수출자와 수입자 합의사항을 반영하며 운송 책임과 보험조건을 명시합니다.",
            "id": "sample_024_0021_000003",
            "annotations": []
        },
        {
            "sentence": "포장명세서(packing_list)에는 총 파렛트 20개, 총 중량 12,400.0 kg, 총 부피 48.5 m3가 기록되어 있으며 포장 단위 및 SKU 매핑을 확인했습니다.",
            "id": "sample_024_0021_000004",
            "annotations": []
        },
        {
            "sentence": "품목 라인: SKU SLP-AX1001, 품명 '전자부품 모듈', 단위포장 50개/박스, 라인 수량 2,000박스(총 100,000개)로 마스터 데이터와 정합합니다.",
            "id": "sample_024_0021_000005",
            "annotations": []
        },
        {
            "sentence": "온도 프로파일은 냉장(2~8°C)으로 설정되었고 IoT 로거는 60초(분 단위 집계) 간격으로 온도 및 습도를 기록했습니다.",
            "id": "sample_024_0021_000006",
            "annotations": []
        },
        {
            "sentence": "센서 노이즈 및 결측치는 허용 범위 내이나 일부 샘플에서 드롭아웃과 이상치가 관측되어 데이터 전처리 정책을 적용했습니다.",
            "id": "sample_024_0021_000007",
            "annotations": []
        },
        {
            "sentence": "출발지 공장은 코드 KR-ICN-FAC-07(위치 37.4725, 126.4500)이며 출발시간 departure_time 2025-01-05T08:30:00Z로 시스템에 등록되었습니다.",
            "id": "sample_024_0021_000008",
            "annotations": [
                {
                    "word": "2025-01-05T08:30:00Z",
                    "start": 69,
                    "end": 89,
                    "label": "준식별자"
                },
                {
                    "word": "2025",
                    "start": 69,
                    "end": 73,
                    "label": "준식별자"
                },
                {
                    "word": "01",
                    "start": 74,
                    "end": 76,
                    "label": "준식별자"
                },
                {
                    "word": "05",
                    "start": 77,
                    "end": 79,
                    "label": "준식별자"
                }
            ]
        },
        {
            "sentence": "경유지 환적(인천항)에서 컨테이너 ID CONT-024-SEA-00987로 환적 처리되었고 in_transit 이벤트는 2025-01-05T12:10:00Z에 발생했습니다.",
            "id": "sample_024_0021_000009",
            "annotations": [
                {
                    "word": "2025-01-05T12:10:00Z",
                    "start": 67,
                    "end": 87,
                    "label": "준식별자"
                },
                {
                    "word": "2025",
                    "start": 67,
                    "end": 71,
                    "label": "준식별자"
                },
                {
                    "word": "01",
                    "start": 72,
                    "end": 74,
                    "label": "준식별자"
                },
                {
                    "word": "05",
                    "start": 75,
                    "end": 77,
                    "label": "준식별자"
                }
            ]
        },
        {
            "sentence": "도착 예정시간 estimated_time_of_arrival은 2025-01-07T15:40:00Z로 산출되었고 실측 actual_arrival_time은 2025-01-07T15:22:00Z로 기록되어 SLA_violation_flag는 true로 판정되었습니다.",
            "id": "sample_024_0021_000010",
            "annotations": [
                {
                    "word": "2025-01-07T15:40:00Z",
                    "start": 35,
                    "end": 55,
                    "label": "준식별자"
                },
                {
                    "word": "2025-01-07T15:22:00Z",
                    "start": 87,
                    "end": 107,
                    "label": "준식별자"
                },
                {
                    "word": "2025",
                    "start": 35,
                    "end": 39,
                    "label": "준식별자"
                },
                {
                    "word": "2025",
                    "start": 87,
                    "end": 91,
                    "label": "준식별자"
                },
                {
                    "word": "01",
                    "start": 40,
                    "end": 42,
                    "label": "준식별자"
                },
                {
                    "word": "01",
                    "start": 92,
                    "end": 94,
                    "label": "준식별자"
                },
                {
                    "word": "07",
                    "start": 43,
                    "end": 45,
                    "label": "준식별자"
                },
                {
                    "word": "07",
                    "start": 95,
                    "end": 97,
                    "label": "준식별자"
                }
            ]
        },
        {
            "sentence": "운송수단은 육상(트럭)과 해상(컨테이너)의 멀티모달이며 최종 운송사(carrier)는 KOREA-EXPRESS-LOGISTICS입니다.",
            "id": "sample_024_0021_000011",
            "annotations": []
        },
        {
            "sentence": "운전자 정보는 운전자명 구오윤, 운전자 연락처 010-1234-5678(가명)로 픽업 신고서에 포함되어 있습니다.",
            "id": "sample_024_0021_000012",
            "annotations": [
                {
                    "word": "구오윤",
                    "start": 13,
                    "end": 16,
                    "label": "개인정보"
                },
                {
                    "word": "010-1234-5678",
                    "start": 26,
                    "end": 39,
                    "label": "개인정보"
                }
            ]
        },
        {
            "sentence": "수취인(recipient)은 박가온이며 수취인 상세 주소는 경기도 성남시 분당구 판교로 42번길 7-3 101동 502호로 명시되어 있습니다.",
            "id": "sample_024_0021_000013",
            "annotations": [
                {
                    "word": "박가온",
                    "start": 16,
                    "end": 19,
                    "label": "개인정보"
                },
                {
                    "word": "경기도 성남시 분당구 판교로 42번길 7-3 101동 502호",
                    "start": 33,
                    "end": 67,
                    "label": "개인정보"
                },
                {
                    "word": "경기도",
                    "start": 33,
                    "end": 36,
                    "label": "준식별자"
                },
                {
                    "word": "성남시",
                    "start": 37,
                    "end": 40,
                    "label": "준식별자"
                },
                {
                    "word": "분당구",
                    "start": 41,
                    "end": 44,
                    "label": "준식별자"
                }
            ]
        },
        {
            "sentence": "수취인 이메일 pgaon.recipient@example.com(가명)로 전자문서 수신 동의가 확인되었고 송장 전송 로그에 보관되어 있습니다.",
            "id": "sample_024_0021_000014",
            "annotations": [
                {
                    "word": "pgaon.recipient@example.com",
                    "start": 8,
                    "end": 35,
                    "label": "개인정보"
                }
            ]
        },
        {
            "sentence": "배송 증빙의 서명 이미지(signature_image)는 창고 인수증에 첨부되었고 파일명 sig_024_0021_507.png로 레퍼런스되었습니다.",
            "id": "sample_024_0021_000015",
            "annotations": [
                {
                    "word": "sig_024_0021_507.png",
                    "start": 50,
                    "end": 70,
                    "label": "개인정보"
                }
            ]
        },
        {
            "sentence": "배송 증빙(delivery_proof)은 사진, POD 및 전자서명으로 구성되며 물리적 영수증(warehouse_receipt WR-20250107-77)이 병기되어 있습니다.",
            "id": "sample_024_0021_000016",
            "annotations": []
        },
        {
            "sentence": "통관 신고서(customs_declaration)는 HS 코드 8542.31, 원산지 KOR, 선적서류 및 상업송장과 일치하도록 제출되었습니다.",
            "id": "sample_024_0021_000017",
            "annotations": []
        },
        {
            "sentence": "관세 및 통관 수수료는 요율표(rate_table v2)를 기반으로 계산되었으며 관세 2,340.00 KRW, 통관수수료 150.00 KRW이 청구되었습니다.",
            "id": "sample_024_0021_000018",
            "annotations": []
        },
        {
            "sentence": "충격 이벤트(shock_events)는 2025-01-05T11:58:45Z에 로거가 3.6g 이상의 충격을 감지하여 이벤트 로그로 남겼습니다.",
            "id": "sample_024_0021_000019",
            "annotations": [
                {
                    "word": "2025-01-05T11:58:45Z",
                    "start": 22,
                    "end": 42,
                    "label": "준식별자"
                },
                {
                    "word": "2025",
                    "start": 22,
                    "end": 26,
                    "label": "준식별자"
                },
                {
                    "word": "01",
                    "start": 27,
                    "end": 29,
                    "label": "준식별자"
                },
                {
                    "word": "05",
                    "start": 30,
                    "end": 32,
                    "label": "준식별자"
                }
            ]
        },
        {
            "sentence": "GPS 업데이트(gps_updates)는 분 단위로 집계되었으며 특정 구간에서 오차 15~35m, 드리프트가 관찰되었습니다.",
            "id": "sample_024_0021_000020",
            "annotations": []
        },
        {
            "sentence": "창고 재고 기록(inventory_level)에 따르면 SKU SLP-AX1001은 WH-KR-ICN-03 구역 A3 선반에 2,400박스가 입고되어 있습니다.",
            "id": "sample_024_0021_000021",
            "annotations": [
                {
                    "word": "WH-KR-ICN-03",
                    "start": 47,
                    "end": 59,
                    "label": "기밀정보"
                }
            ]
        },
        {
            "sentence": "비용 요약: invoice_amount 3,428,500.00 KRW, 통화는 KRW, 결제 조건(payment_terms)은 net60(60일 후 지급)으로 계약에 명시되어 있습니다.",
            "id": "sample_024_0021_000022",
            "annotations": []
        },
        {
            "sentence": "계약 및 결제 관련 기밀정보로 내부 계좌번호 account_no 2015-889900-XXXX(마스킹)과 내부 요율 코드 RATE-2025-PRIME이 참조되었습니다.",
            "id": "sample_024_0021_000023",
            "annotations": [
                {
                    "word": "2015-889900-XXXX",
                    "start": 36,
                    "end": 52,
                    "label": "기밀정보"
                },
                {
                    "word": "RATE-2025-PRIME",
                    "start": 68,
                    "end": 83,
                    "label": "기밀정보"
                }
            ]
        },
        {
            "sentence": "SLA 평가는 운송시간, 온도 유지율, 통관 처리 시간을 기준으로 수행되었고 통관 지연 구간으로 인해 SLA_violation_flag가 true로 기록되었습니다.",
            "id": "sample_024_0021_000024",
            "annotations": []
        },
        {
            "sentence": "감사 로그에는 승인 담당자로 주미르가 기록되어 있으며 관련 내부 메모는 접근 제어 대상(비공개)으로 분류됩니다.",
            "id": "sample_024_0021_000025",
            "annotations": [
                {
                    "word": "주미르",
                    "start": 16,
                    "end": 19,
                    "label": "개인정보"
                }
            ]
        },
        {
            "sentence": "운임 적용 로직: 기본요율 BasicRate 1,200.00 KRW/kg, 연료할증(FSC) 5%, 환적 수수료 45,000.00 KRW을 반영하여 총 운임을 산출했습니다.",
            "id": "sample_024_0021_000026",
            "annotations": []
        },
        {
            "sentence": "센서 데이터 품질평가 결과 일부 온도 로거에서 샘플링 간격 누락 및 이상치가 확인되어 결측치 보간(interpolation)과 이상치 필터링을 적용했습니다.",
            "id": "sample_024_0021_000027",
            "annotations": []
        },
        {
            "sentence": "조치사항: 통관 서류 재검토, 수취인 신분 확인 절차 강화, 운송 계약서의 연료할증 재검토를 권고하며 책임자는 송두산에게 할당했습니다.",
            "id": "sample_024_0021_000028",
            "annotations": [
                {
                    "word": "송두산",
                    "start": 62,
                    "end": 65,
                    "label": "개인정보"
                }
            ]
        }
    ]
}