{
    "document_id": "016_0041",
    "document_title": "제조1공장 라인A1 생산·품질·설비 이력 종합 보고서",
    "data": [
        {
            "sentence": "본 문서는 제조1공장 라인A1의 원자재 투입부터 출하까지의 생산, 품질, 설비 및 유지보수 이력을 종합적으로 기록한 운영 보고서입니다.",
            "id": "sample_016_0041_000001",
            "annotations": [
                {
                    "word": "제조1공장",
                    "start": 6,
                    "end": 11,
                    "label": "준식별자"
                }
            ]
        },
        {
            "sentence": "문서는 BOM, 작업지시서, 생산스케줄, 설비 센서 로그, 품질검사 결과, 유지보수 리포트, 재고·출하·계약 기록 및 감사(audit) 이력을 포함합니다.",
            "id": "sample_016_0041_000002",
            "annotations": []
        },
        {
            "sentence": "이번 교대의 현장 리더는 유예빈으로 지정되어 작업지시서와 교대인수인계를 통제하며 교대별 책임 범위를 관리합니다.",
            "id": "sample_016_0041_000003",
            "annotations": [
                {
                    "word": "유예빈",
                    "start": 14,
                    "end": 17,
                    "label": "개인정보"
                }
            ]
        },
        {
            "sentence": "BOM은 BOM-20251215-A1으로 참조되며 주요 원자재는 SKU-RM-001(강재), SKU-RM-042(나사류)로 기록되어 로트별 추적이 가능합니다.",
            "id": "sample_016_0041_000004",
            "annotations": []
        },
        {
            "sentence": "라인 작업자는 하기율이 배정되어 LINE_A1, MCH_07와 배치 BATCH_20251215_001의 생산 이벤트에 대해 직접 모니터링을 수행했습니다.",
            "id": "sample_016_0041_000005",
            "annotations": [
                {
                    "word": "하기율",
                    "start": 8,
                    "end": 11,
                    "label": "개인정보"
                }
            ]
        },
        {
            "sentence": "생산 스케줄은 WO-20251215-0901으로 2025-12-15T07:30:00+09:00에 시작되어 2025-12-15T15:30:00+09:00에 2차 교대가 교체되는 형식으로 설계되었습니다.",
            "id": "sample_016_0041_000006",
            "annotations": []
        },
        {
            "sentence": "배치 단위 추적성은 투입원자재LOT-RM-2101→BATCH_20251215_001→완제품LOT-FG-2101로 매핑되어 ERP와 MES 간의 일관성을 유지합니다.",
            "id": "sample_016_0041_000007",
            "annotations": []
        },
        {
            "sentence": "작업대와 설비 식별자는 workstation_A1-03, PLC 노드 MCH_07, SCADA 토픽 topic/lineA1/sensors 로 표준화하여 이기종 포맷 정규화를 지원합니다.",
            "id": "sample_016_0041_000008",
            "annotations": []
        },
        {
            "sentence": "온도 센서 S_T01는 2025-12-15T07:30:00.123+09:00에서 185.3°C를 기록했고 이후 1시간 동안 평균 184.8°C(노이즈 ±0.6°C, 드리프트 0.02°C/h)를 보였습니다.",
            "id": "sample_016_0041_000009",
            "annotations": []
        },
        {
            "sentence": "진동 센서 S_V02는 2025-12-15T07:30:00.250+09:00에 2.15 mm/s를 측정했으며 순간적 스파이크 5.8 mm/s가 2025-12-15T09:42:10.530+09:00에 기록되어 이상치로 플래그 처리했습니다.",
            "id": "sample_016_0041_000010",
            "annotations": []
        },
        {
            "sentence": "전력 측정 S_P03는 2025-12-15T07:30:01.000+09:00에 12.6 kW, 2025-12-15T10:00:00.000+09:00에 13.9 kW를 기록했으며 센서 정확도는 ±1.0%로 메타데이터에 명시되어 있습니다.",
            "id": "sample_016_0041_000011",
            "annotations": []
        },
        {
            "sentence": "품질검사 QI-20251215-01에서 검사관 류현민은 치수검사 결과 D003(치수편차)으로 판정하였고 측정값은 중심지름 24.02 mm(사양 24.00±0.05)로 기록했습니다.",
            "id": "sample_016_0041_000012",
            "annotations": [
                {
                    "word": "류현민",
                    "start": 26,
                    "end": 29,
                    "label": "개인정보"
                }
            ]
        },
        {
            "sentence": "불량 발생 시 즉시 라인 정지 후 조치가 취해졌고 2025-12-15T10:12:34+09:00에 공정 파라미터 재조정 및 재검사가 실시되어 조치 로그가 MES에 기록되었습니다.",
            "id": "sample_016_0041_000013",
            "annotations": []
        },
        {
            "sentence": "현장 유지보수 기록 MR-20251215-07에 따르면 2025-12-15T11:00:00+09:00에 센서 교정 및 벨트 텐션 조정 작업이 수행되었고 담당 기술자는 진세온으로 기록되었습니다.",
            "id": "sample_016_0041_000014",
            "annotations": [
                {
                    "word": "진세온",
                    "start": 93,
                    "end": 96,
                    "label": "개인정보"
                }
            ]
        },
        {
            "sentence": "진세온의 인력 메타데이터에는 생년월일 1987-05-14 및 성별 남이 샘플화된 형태로 기록되어 있으며 현장 응급연락처는 마스킹되어 보관됩니다.",
            "id": "sample_016_0041_000015",
            "annotations": [
                {
                    "word": "진세온",
                    "start": 0,
                    "end": 3,
                    "label": "개인정보"
                },
                {
                    "word": "1987-05-14",
                    "start": 21,
                    "end": 31,
                    "label": "준식별자"
                },
                {
                    "word": "남",
                    "start": 37,
                    "end": 38,
                    "label": "준식별자"
                }
            ]
        },
        {
            "sentence": "재고 레코드 INV-20251215에는 SKU-FG-100 수량 1,200개가 창고 LOC-WH-03에 적재되어 있고 로트별 유효기간과 입출고 타임스탬프가 포함됩니다.",
            "id": "sample_016_0041_000016",
            "annotations": []
        },
        {
            "sentence": "공급사 계약 CTR-2024-0571의 주요 조항에는 공급단가 단가 KRW 3,250/unit, 결제계좌 기업계좌 123-456-789012, 납기 조건 및 비밀유지 조항이 포함되어 기밀로 분류됩니다.",
            "id": "sample_016_0041_000017",
            "annotations": [
                {
                    "word": "CTR-2024-0571",
                    "start": 7,
                    "end": 20,
                    "label": "기밀정보"
                },
                {
                    "word": "KRW 3,250/unit",
                    "start": 38,
                    "end": 52,
                    "label": "기밀정보"
                },
                {
                    "word": "123-456-789012",
                    "start": 64,
                    "end": 78,
                    "label": "기밀정보"
                }
            ]
        },
        {
            "sentence": "출하 명세서 SM-20251215-331에는 추적번호 TRK-KR-000331, 배송지 경기도 용인시 수지구, 수량 1,000개가 기록되어 ERP 출하 모듈과 연계됩니다.",
            "id": "sample_016_0041_000018",
            "annotations": [
                {
                    "word": "경기도 용인시 수지구",
                    "start": 49,
                    "end": 60,
                    "label": "준식별자"
                }
            ]
        },
        {
            "sentence": "CAD 도면 참조 DRAW-REV-3은 파일명 DRAWING_A1_v3.dwg로 메타데이터에 저장되어 있으며 파일은 내부 서버 10.10.5.12의 스토리지에 위치합니다.",
            "id": "sample_016_0041_000019",
            "annotations": [
                {
                    "word": "10.10.5.12",
                    "start": 71,
                    "end": 81,
                    "label": "기밀정보"
                }
            ]
        },
        {
            "sentence": "레시피 파일 위치는 /opt/mfg/bin/recipes/lineA1_recipe_v3.2.yaml로 기록되어 있고 접근 권한과 해시값을 함께 감사 로그에 남깁니다.",
            "id": "sample_016_0041_000020",
            "annotations": [
                {
                    "word": "/opt/mfg/bin/recipes/lineA1_recipe_v3.2.yaml",
                    "start": 11,
                    "end": 55,
                    "label": "기밀정보"
                }
            ]
        },
        {
            "sentence": "작업 중 발생한 경미한 안전사고는 2025-12-15T08:45:00+09:00에 보고되었고 사고보고서에는 사고 경위와 영향을 받은 장비 목록, 관련자 기록이 포함됩니다.",
            "id": "sample_016_0041_000021",
            "annotations": []
        },
        {
            "sentence": "EHS 인시던트 조사에는 목격자 진술과 CCTV 타임라인, 장비 교정이력이 결합되어 근본원인 분석(RCA)을 수행하도록 설계되어 있습니다.",
            "id": "sample_016_0041_000022",
            "annotations": []
        },
        {
            "sentence": "감사 추적(audit trail)은 변경자, 변경시각, 변경전/후 값, 관련 문서 참조를 포함하며 2025-12-15T12:00:00+09:00에 변경자 곽이도가 최종 승인했습니다.",
            "id": "sample_016_0041_000023",
            "annotations": [
                {
                    "word": "곽이도",
                    "start": 86,
                    "end": 89,
                    "label": "개인정보"
                }
            ]
        },
        {
            "sentence": "데이터 통합 정책은 OPC-UA, CSV, XML 등 이기종 포맷을 정규화하고 결측·중복 데이터를 관리하는 전처리 규칙을 제공하여 분석 적합성을 보장합니다.",
            "id": "sample_016_0041_000024",
            "annotations": []
        },
        {
            "sentence": "센서 전처리 규칙에는 필터링(칼만/저역통과), 보간(선형/스플라인), 캘리브레이션 계수 적용이 포함되며 캘리브레이션 기록과 정확도(±%)가 메타데이터로 첨부됩니다.",
            "id": "sample_016_0041_000025",
            "annotations": []
        },
        {
            "sentence": "보안 및 컴플라이언스 항목으로 내부 파일과 서버(예: 10.10.5.12) 접근을 암호화하고 '/opt/mfg/bin/recipes/lineA1_recipe_v3.2.yaml' 같은 민감 파일은 권한 제한을 권고합니다.",
            "id": "sample_016_0041_000026",
            "annotations": [
                {
                    "word": "10.10.5.12",
                    "start": 30,
                    "end": 40,
                    "label": "기밀정보"
                }
            ]
        },
        {
            "sentence": "권고 조치로는 계약서(CTR-2024-0571) 및 은행정보(기업계좌 123-456-789012), 가격정보(KRW 3,250/unit)를 전사 기밀 분류로 재검토하고 접근 로그를 강화하는 것입니다.",
            "id": "sample_016_0041_000027",
            "annotations": []
        },
        {
            "sentence": "문서 최종 결재는 2025-12-15T13:30:00+09:00에 곽이도가 수행하였으며 감사 추적과 문서 참조(DRAW-REV-3, CTR-2024-0571, WO-20251215-0901)가 연결되어 있습니다.",
            "id": "sample_016_0041_000028",
            "annotations": [
                {
                    "word": "곽이도",
                    "start": 37,
                    "end": 40,
                    "label": "개인정보"
                }
            ]
        },
        {
            "sentence": "후속 액션 아이템으로는 민감정보 암호화, 내부 IP(10.10.5.12) 접근 제어 강화, 기술자 및 검사자의 개인정보(예: 진세온, 류현민, 하기율, 유예빈, 곽이도)에 대한 접근권한 최소화가 포함됩니다.",
            "id": "sample_016_0041_000029",
            "annotations": []
        },
        {
            "sentence": "보존 및 보안 정책에 따라 본 문서와 연계 데이터는 규제 요구 기간 동안 보관되며 모든 변경 이력과 문서 참조(document_refs)는 삭제 불가 정책으로 처리됩니다.",
            "id": "sample_016_0041_000030",
            "annotations": []
        }
    ]
}