{
    "document_id": "016_0061",
    "document_title": "생산공정 데이터 통합 및 감사보고서",
    "data": [
        {
            "sentence": "문서 개요: 본 보고서는 제조공정 데이터 통합, 품질검증 및 예측정비 요건을 종합적으로 정리합니다.",
            "id": "sample_016_0061_000001",
            "annotations": []
        },
        {
            "sentence": "목적: 원재료부터 출하까지의 트레이서빌리티 확보와 규제감사 로그 보관 정책을 명확히 정의합니다.",
            "id": "sample_016_0061_000002",
            "annotations": []
        },
        {
            "sentence": "BOM 요약: 제품 AX-100의 주요 자재는 스테인리스(SS304), 모터(MTR-220V), 베어링(BRG-6204)으로 구성됩니다.",
            "id": "sample_016_0061_000003",
            "annotations": []
        },
        {
            "sentence": "Work Order: WO-20250615-042는 라인A에서 2025-06-15 교대별로 실행되며 배치 LOT-20250615-A1과 연계됩니다.",
            "id": "sample_016_0061_000004",
            "annotations": []
        },
        {
            "sentence": "Production Schedule은 ISO8601 타임스탬프를 사용하여 교대 및 배치 경계를 명시하며 밀리초 단위 정합성을 보장합니다.",
            "id": "sample_016_0061_000005",
            "annotations": []
        },
        {
            "sentence": "작업장 구성: Line A는 작업스테이션 WS-A1, WS-A2로 구성되며 각 스테이션에 PLC/SCADA 로그를 연동합니다.",
            "id": "sample_016_0061_000006",
            "annotations": []
        },
        {
            "sentence": "교대조장: 성건영, 사번 S-00123, 내부 연락 이메일 sgeon@fab.local, 근무교대는 2025-06-15T06:00:00Z부터 2025-06-15T14:00:00Z입니다.",
            "id": "sample_016_0061_000007",
            "annotations": [
                {
                    "word": "성건영",
                    "start": 6,
                    "end": 9,
                    "label": "개인정보"
                },
                {
                    "word": "S-00123",
                    "start": 14,
                    "end": 21,
                    "label": "개인정보"
                },
                {
                    "word": "sgeon@fab.local",
                    "start": 33,
                    "end": 48,
                    "label": "개인정보"
                }
            ]
        },
        {
            "sentence": "Machine Log 예시: sensor_id TEMP_SENSOR_01, timestamp 2025-06-15T06:00:05.123Z, value 76.4 C, 상태코드 0x0A가 기록되었습니다.",
            "id": "sample_016_0061_000008",
            "annotations": []
        },
        {
            "sentence": "Sensor 시계열은 노이즈와 드리프트를 포함하며 칼만필터 기반 전처리 규칙과 결측치 보간 정책을 적용합니다.",
            "id": "sample_016_0061_000009",
            "annotations": []
        },
        {
            "sentence": "캘리브레이션 정보: TEMP_SENSOR_01의 캘리브레이터는 교정간격 90일, 허용오차 ±0.5°C, 최근 캘리브레이션 ID는 CAL-2024-11-09입니다.",
            "id": "sample_016_0061_000010",
            "annotations": []
        },
        {
            "sentence": "품질검사 결과: 검사항목 치수(축방향 길이), 결함코드 DEF-21, 허용범위 ±0.2mm, 샘플링은 배치당 5점입니다.",
            "id": "sample_016_0061_000011",
            "annotations": []
        },
        {
            "sentence": "검사 담당자: 최도현, 사번 EMP-203, 이메일 dchoi@fab.local, 검사 판정일은 2025-06-15로 기록됩니다.",
            "id": "sample_016_0061_000012",
            "annotations": [
                {
                    "word": "최도현",
                    "start": 8,
                    "end": 11,
                    "label": "개인정보"
                },
                {
                    "word": "EMP-203",
                    "start": 16,
                    "end": 23,
                    "label": "개인정보"
                },
                {
                    "word": "dchoi@fab.local",
                    "start": 29,
                    "end": 44,
                    "label": "개인정보"
                }
            ]
        },
        {
            "sentence": "정비 이력 샘플: 2025-06-15T09:45:00Z 점검 수행, 수행자 고광일(TECH-77), 연락 gkwang@fab.local, 교체부품 LOT-20250614-77이 사용되었습니다.",
            "id": "sample_016_0061_000013",
            "annotations": [
                {
                    "word": "고광일",
                    "start": 42,
                    "end": 45,
                    "label": "개인정보"
                },
                {
                    "word": "TECH-77",
                    "start": 46,
                    "end": 53,
                    "label": "개인정보"
                },
                {
                    "word": "gkwang@fab.local",
                    "start": 59,
                    "end": 75,
                    "label": "개인정보"
                }
            ]
        },
        {
            "sentence": "재고·입고 레코드: 입고 위치는 서울특별시 강서구 마곡동 창고A이며 SKU AX-100-01 수량 120이 기록됩니다.",
            "id": "sample_016_0061_000014",
            "annotations": [
                {
                    "word": "서울특별시",
                    "start": 18,
                    "end": 23,
                    "label": "준식별자"
                },
                {
                    "word": "강서구",
                    "start": 24,
                    "end": 27,
                    "label": "준식별자"
                },
                {
                    "word": "마곡동",
                    "start": 28,
                    "end": 31,
                    "label": "준식별자"
                }
            ]
        },
        {
            "sentence": "공급업체 계약: 공급사 한미정밀, 계약ID CONTRACT-2024-09-AB12, 단가 KRW 35,000, 결제조건 60일로 명시되어 있습니다.",
            "id": "sample_016_0061_000015",
            "annotations": [
                {
                    "word": "한미정밀",
                    "start": 13,
                    "end": 17,
                    "label": "준식별자"
                },
                {
                    "word": "CONTRACT-2024-09-AB12",
                    "start": 24,
                    "end": 45,
                    "label": "기밀정보"
                },
                {
                    "word": "KRW 35,000",
                    "start": 50,
                    "end": 60,
                    "label": "기밀정보"
                }
            ]
        },
        {
            "sentence": "출하명세: 출하전표 트래킹ID TRK-20250615-9001, 포장검사 결과 PASS, 운송사 정보는 별도 시스템에서 연계합니다.",
            "id": "sample_016_0061_000016",
            "annotations": []
        },
        {
            "sentence": "도면 및 파일 참조: 도면 DWG-AX-1234, 파일경로 /srv/mfg/docs/drawings/AX-1234.dwg, 파일 메타데이터 작성자 류조현으로 기록됩니다.",
            "id": "sample_016_0061_000017",
            "annotations": [
                {
                    "word": "DWG-AX-1234",
                    "start": 15,
                    "end": 26,
                    "label": "기밀정보"
                },
                {
                    "word": "/srv/mfg/docs/drawings/AX-1234.dwg",
                    "start": 33,
                    "end": 67,
                    "label": "기밀정보"
                },
                {
                    "word": "류조현",
                    "start": 82,
                    "end": 85,
                    "label": "개인정보"
                }
            ]
        },
        {
            "sentence": "EHS 인시던트: 2025-06-14 14:30 현장 미끄럼 사고 발생, 응급조치 및 보고는 권민슬이 수행했습니다.",
            "id": "sample_016_0061_000018",
            "annotations": [
                {
                    "word": "권민슬",
                    "start": 52,
                    "end": 55,
                    "label": "개인정보"
                }
            ]
        },
        {
            "sentence": "감사로그 발췌: 변경자 심규민, 변경사유 'PID 파라미터 조정', 변경시각 2025-06-15T10:05:00Z, 승인 사번 S-00456가 기록되었습니다.",
            "id": "sample_016_0061_000019",
            "annotations": [
                {
                    "word": "심규민",
                    "start": 13,
                    "end": 16,
                    "label": "개인정보"
                },
                {
                    "word": "S-00456",
                    "start": 71,
                    "end": 78,
                    "label": "개인정보"
                }
            ]
        },
        {
            "sentence": "레거시 시스템 연동: MES 접근 지점 IP 10.10.8.12, 데이터베이스 URI db://mes-primary.company.local:5432/production, 구성파일 /etc/mes/config.yaml을 참조합니다.",
            "id": "sample_016_0061_000020",
            "annotations": [
                {
                    "word": "10.10.8.12",
                    "start": 25,
                    "end": 35,
                    "label": "기밀정보"
                },
                {
                    "word": "db://mes-primary.company.local:5432/production",
                    "start": 48,
                    "end": 94,
                    "label": "기밀정보"
                },
                {
                    "word": "/etc/mes/config.yaml",
                    "start": 101,
                    "end": 121,
                    "label": "기밀정보"
                },
                {
                    "word": "mes-primary.company.local",
                    "start": 53,
                    "end": 78,
                    "label": "기밀정보"
                }
            ]
        },
        {
            "sentence": "데이터 정규화 정책: PLC/SCADA는 CSV/XML, IIoT 센서는 JSON 스트림으로 수집되며 변환 규칙은 문서화되어 있습니다.",
            "id": "sample_016_0061_000021",
            "annotations": []
        },
        {
            "sentence": "시계열 전처리 규칙에는 샘플링 주기, 결측치 보간 방법, 이상치 임계치 및 라벨링 지침이 포함됩니다.",
            "id": "sample_016_0061_000022",
            "annotations": []
        },
        {
            "sentence": "후속 정비 배정: 최광혁(TECH-91)이 베어링 상태를 확인하고 교체 필요 시 정비기록을 갱신합니다.",
            "id": "sample_016_0061_000023",
            "annotations": [
                {
                    "word": "최광혁",
                    "start": 10,
                    "end": 13,
                    "label": "개인정보"
                },
                {
                    "word": "TECH-91",
                    "start": 14,
                    "end": 21,
                    "label": "개인정보"
                }
            ]
        },
        {
            "sentence": "물류 이동 계획: 재고 추가 이동지 안양시 만안구 박달동 물류센터로 예정되어 있으며 출입 통제 정책을 적용합니다.",
            "id": "sample_016_0061_000024",
            "annotations": [
                {
                    "word": "안양시",
                    "start": 20,
                    "end": 23,
                    "label": "준식별자"
                },
                {
                    "word": "만안구",
                    "start": 24,
                    "end": 27,
                    "label": "준식별자"
                },
                {
                    "word": "박달동",
                    "start": 28,
                    "end": 31,
                    "label": "준식별자"
                }
            ]
        },
        {
            "sentence": "공급사 지급계좌(샘플): ACCT-998877 (은행: 국민은행), 실 운영에서는 계좌번호 암호화 및 접근제어가 필요합니다.",
            "id": "sample_016_0061_000025",
            "annotations": [
                {
                    "word": "ACCT-998877",
                    "start": 14,
                    "end": 25,
                    "label": "기밀정보"
                }
            ]
        },
        {
            "sentence": "네트워크·접근통제: VPN 포털 https://intranet.company.local/secure 및 호스트명 mes-primary.company.local은 보안 범주로 분류됩니다.",
            "id": "sample_016_0061_000026",
            "annotations": [
                {
                    "word": "https://intranet.company.local/secure",
                    "start": 18,
                    "end": 55,
                    "label": "기밀정보"
                },
                {
                    "word": "mes-primary.company.local",
                    "start": 63,
                    "end": 88,
                    "label": "기밀정보"
                }
            ]
        },
        {
            "sentence": "조치 항목: 예측정비 모델 검증 책임자 유재한, 사번 S-00999, 내부 연락 이메일 yjh@fab.local을 통해 결과를 제출합니다.",
            "id": "sample_016_0061_000027",
            "annotations": [
                {
                    "word": "유재한",
                    "start": 22,
                    "end": 25,
                    "label": "개인정보"
                },
                {
                    "word": "S-00999",
                    "start": 30,
                    "end": 37,
                    "label": "개인정보"
                },
                {
                    "word": "yjh@fab.local",
                    "start": 49,
                    "end": 62,
                    "label": "개인정보"
                }
            ]
        },
        {
            "sentence": "보존정책: 규제 준수를 위해 센서데이터 및 감사로그는 최소 7년간 보관되고 변경이력은 불변 로그로 아카이브합니다.",
            "id": "sample_016_0061_000028",
            "annotations": []
        },
        {
            "sentence": "출하 추적과 리콜 대비를 위해 트랜잭션 레벨에서 LOT 단위 추적성 및 문서 참조가 연계되어야 합니다.",
            "id": "sample_016_0061_000029",
            "annotations": []
        },
        {
            "sentence": "문서참조: DOC-REF-AX-2025, 최종검토자 류조현, 승인일 2025-06-16, 해당 문서는 감사용으로 버전관리됩니다.",
            "id": "sample_016_0061_000030",
            "annotations": [
                {
                    "word": "류조현",
                    "start": 29,
                    "end": 32,
                    "label": "개인정보"
                }
            ]
        }
    ]
}