{
    "document_id": "016_0013",
    "document_title": "라인1 자동차부품 제조 Lot 추적 및 운영통합 로그 보고서",
    "data": [
        {
            "sentence": "이 문서는 1호 라인(Line-01)의 제조공정 통합 로그와 품질·유지보수 기록을 포함한 실무 보고서입니다.",
            "id": "sample_016_0013_000001",
            "annotations": []
        },
        {
            "sentence": "문서 식별자(document_id)는 016_0013이며 변경 이력(audit trail)과 문서 참조(document_refs)가 하단에 포함되어 있습니다.",
            "id": "sample_016_0013_000002",
            "annotations": []
        },
        {
            "sentence": "BOM 항목에는 SKUs: SKU-AP-1001(외장케이스), SKU-AP-1002(내부브래킷), raw_materials: AL6061(20kg) 등이 명시되어 있습니다.",
            "id": "sample_016_0013_000003",
            "annotations": []
        },
        {
            "sentence": "작업지시서(work_order) WO-20251201-004는 배치(batch_id:BATCH-20251201-004)로 2025-12-01T06:00:00+09:00에 시작되어 2025-12-01T14:00:00+09:00에 종료되었습니다.",
            "id": "sample_016_0013_000004",
            "annotations": []
        },
        {
            "sentence": "생산스케줄은 3교대(06:00-14:00, 14:00-22:00, 22:00-06:00)로 운영되며 교대 경계에서는 센서 리샘플링과 배치 전 캘리브레이션을 수행합니다.",
            "id": "sample_016_0013_000005",
            "annotations": []
        },
        {
            "sentence": "작업자 교대 정보에는 당일 근무자로 문강산(조립), 우은서(검사), 남경호(포장)이 배치되어 있습니다.",
            "id": "sample_016_0013_000006",
            "annotations": [
                {
                    "word": "문강산",
                    "start": 20,
                    "end": 23,
                    "label": "개인정보"
                },
                {
                    "word": "우은서",
                    "start": 29,
                    "end": 32,
                    "label": "개인정보"
                },
                {
                    "word": "남경호",
                    "start": 38,
                    "end": 41,
                    "label": "개인정보"
                }
            ]
        },
        {
            "sentence": "검사 담당자 우은서의 사번은 E-2099로 내부 인력 DB에 기록되어 있습니다.",
            "id": "sample_016_0013_000007",
            "annotations": [
                {
                    "word": "우은서",
                    "start": 7,
                    "end": 10,
                    "label": "개인정보"
                },
                {
                    "word": "E-2099",
                    "start": 16,
                    "end": 22,
                    "label": "개인정보"
                }
            ]
        },
        {
            "sentence": "우은서의 인사기록에 등록된 생년월일은 1988-03-22로 익명화된 형태로 보존됩니다.",
            "id": "sample_016_0013_000008",
            "annotations": [
                {
                    "word": "우은서",
                    "start": 0,
                    "end": 3,
                    "label": "개인정보"
                },
                {
                    "word": "1988-03-22",
                    "start": 21,
                    "end": 31,
                    "label": "준식별자"
                }
            ]
        },
        {
            "sentence": "워크스테이션 정보는 WS-A1(조립), WS-Q3(전수검사), WS-P2(포장)으로 표준화되어 MES에 동기화됩니다.",
            "id": "sample_016_0013_000009",
            "annotations": []
        },
        {
            "sentence": "기계 및 센서 로그 예시: sensor_id: S-PT-01, timestamp: 2025-12-01T06:00:05.123Z, value: 12.4bar.",
            "id": "sample_016_0013_000010",
            "annotations": []
        },
        {
            "sentence": "또 다른 센서 로그: sensor_id: S-TEMP-12, timestamp: 2025-12-01T06:00:05.200Z, value: 78.9°C, drift:+0.8°C/주, 노이즈 표준편차 0.3°C.",
            "id": "sample_016_0013_000011",
            "annotations": []
        },
        {
            "sentence": "센서 타임시리즈는 초단위 샘플링(1Hz)으로 기록되며 일부 구간(2025-12-01T10:15:23Z~2025-12-01T10:16:05Z)에 결측(NaN)이 존재합니다.",
            "id": "sample_016_0013_000012",
            "annotations": []
        },
        {
            "sentence": "장비별 정상 범위는 온도 20~95°C, 압력 0~15bar, 진동 0~4mm/s로 설정되어 있고 이상치는 MES 경보로 표기됩니다.",
            "id": "sample_016_0013_000013",
            "annotations": []
        },
        {
            "sentence": "품질검사 결과(quality_report): lot=BATCH-20251201-004, defect_code: D-03(표면 흠집), 치수치료값: 길이 120.02±0.08mm, 두께 2.05±0.04mm.",
            "id": "sample_016_0013_000014",
            "annotations": []
        },
        {
            "sentence": "불량 12건 발생으로 불량률 0.8%를 기록하였고 불량 발생 시점 전후의 센서 로그와 유지보수 이벤트를 연계 분석했습니다.",
            "id": "sample_016_0013_000015",
            "annotations": []
        },
        {
            "sentence": "유지보수 보고서(maintenance_report): action: 베어링 교체, timestamp: 2025-12-01T10:20:00+09:00, technician: 문강산, technician_id: E-2031, 교체부품: BRG-6205, 소요시간 45분.",
            "id": "sample_016_0013_000016",
            "annotations": [
                {
                    "word": "문강산",
                    "start": 96,
                    "end": 99,
                    "label": "개인정보"
                },
                {
                    "word": "E-2031",
                    "start": 116,
                    "end": 122,
                    "label": "개인정보"
                }
            ]
        },
        {
            "sentence": "해당 유지보수는 불량 발생 이전의 진동스파이크(2025-12-01T10:14:58Z)를 완화하기 위한 보수 조치였습니다.",
            "id": "sample_016_0013_000017",
            "annotations": []
        },
        {
            "sentence": "재고 기록(inventory_record): SKU-AP-1001 수량 1,200개, 위치 LOC-WH-3층-A구역, 출고대기 200개.",
            "id": "sample_016_0013_000018",
            "annotations": []
        },
        {
            "sentence": "공급업체 계약(supplier_contract): contract_id SUP-7782, 공급사 주식회사 동원테크, 납품조건 EXW, 단가 KRW 125,000,000, 계약유효기간 2025-01-01~2025-12-31.",
            "id": "sample_016_0013_000019",
            "annotations": [
                {
                    "word": "SUP-7782",
                    "start": 40,
                    "end": 48,
                    "label": "기밀정보"
                },
                {
                    "word": "주식회사 동원테크",
                    "start": 54,
                    "end": 63,
                    "label": "기밀정보"
                },
                {
                    "word": "KRW 125,000,000",
                    "start": 78,
                    "end": 93,
                    "label": "기밀정보"
                }
            ]
        },
        {
            "sentence": "공급사 주소는 경기도 성남시 분당구에 등록되어 있으며 사업자등록번호 등 일부 항목은 내부 기밀로 분류되어 있습니다.",
            "id": "sample_016_0013_000020",
            "annotations": [
                {
                    "word": "경기도",
                    "start": 8,
                    "end": 11,
                    "label": "준식별자"
                },
                {
                    "word": "성남시",
                    "start": 12,
                    "end": 15,
                    "label": "준식별자"
                },
                {
                    "word": "분당구",
                    "start": 16,
                    "end": 19,
                    "label": "준식별자"
                }
            ]
        },
        {
            "sentence": "출하명세서(shipping_manifest): tracking_id TRK-20251201-77, 선적일 2025-12-02T09:30:00+09:00, 배송업체: K-Logistics, 포장단위: 박스(12개/박스).",
            "id": "sample_016_0013_000021",
            "annotations": []
        },
        {
            "sentence": "CAD 도면 참조(CAD_drawing_reference): /srv/mfg/cad/assembly_v3.dwg, version 3, 작성일 2025-11-10T08:12:00Z, file_metadata: size 4.2MB, md5: d41d8cd98f00b204e9800998ecf8427e.",
            "id": "sample_016_0013_000022",
            "annotations": [
                {
                    "word": "/srv/mfg/cad/assembly_v3.dwg",
                    "start": 34,
                    "end": 62,
                    "label": "기밀정보"
                }
            ]
        },
        {
            "sentence": "EHS 사고보고(EHS_incident_report): 2025-12-01T11:05:00+09:00에 WS-A1에서 미끄러짐 사고 발생, 가벼운 찰과상 1건, 즉시 안전교육 및 현장난간 보강 조치를 시행했음.",
            "id": "sample_016_0013_000023",
            "annotations": []
        },
        {
            "sentence": "레거시 로그 포맷 예시로 CSV와 XML이 혼재되어 있으며 일부 레코드는 타임스탬프가 '2025/12/01 06:00:05'와 같은 비표준 포맷으로 입력되어 있습니다.",
            "id": "sample_016_0013_000024",
            "annotations": []
        },
        {
            "sentence": "센터라이트(IIoT) 스트리밍 규칙: 초당 1~10건의 메시지 처리량을 목표로 하며 SLA는 지연 2초 이내, 처리량 500 msg/s입니다.",
            "id": "sample_016_0013_000025",
            "annotations": []
        },
        {
            "sentence": "캘리브레이션 메타데이터: S-TEMP-12의 교정주기 90일, 교정일 2025-10-03T09:00:00Z, 측정정밀도 ±0.2°C로 문서참조 CAL-2025-10-03에 링크되어 있습니다.",
            "id": "sample_016_0013_000026",
            "annotations": []
        },
        {
            "sentence": "감사로그(audit trail)는 모든 변경에 대해 사용자, 타임스탬프, 변경사유를 기록하며 변경 이력에는 작성자 우은서, 변경시간 2025-12-01T12:00:00Z가 포함되어 있습니다.",
            "id": "sample_016_0013_000027",
            "annotations": [
                {
                    "word": "우은서",
                    "start": 64,
                    "end": 67,
                    "label": "개인정보"
                }
            ]
        },
        {
            "sentence": "시스템 메타데이터에는 내부 서버 IP 10.32.15.4와 파일경로, 접속계정이 기록되며 접근 통제 로그가 별도 암호화 저장됩니다.",
            "id": "sample_016_0013_000028",
            "annotations": [
                {
                    "word": "10.32.15.4",
                    "start": 21,
                    "end": 31,
                    "label": "기밀정보"
                }
            ]
        },
        {
            "sentence": "품질 분석용 후속조치로 불량 원인 조사와 예측정비 모델 학습에 필요한 전처리 규칙(필터링, 보간, 드리프트 보정)을 문서화했습니다.",
            "id": "sample_016_0013_000029",
            "annotations": []
        },
        {
            "sentence": "결론 및 권고안: 캘리브레이션 주기 단축 검토, 예측정비 임계치 조정, 공급업체 가격 검토 및 계약 갱신 검토를 수행하도록 권고합니다.",
            "id": "sample_016_0013_000030",
            "annotations": []
        }
    ]
}