{
    "document_id": "016_0046",
    "document_title": "라인07 생산·품질 통합 레포트 및 추적성 문서",
    "data": [
        {
            "sentence": "본 문서는 원재료 투입부터 출하까지의 생산·품질·유지보수 이력을 통합하여 기록한 기술 운영 문서입니다.",
            "id": "sample_016_0046_000001",
            "annotations": []
        },
        {
            "sentence": "문서는 감사추적(audit trail)과 문서참조(document_refs)를 포함하며 변경이력은 로그화되어 보존됩니다.",
            "id": "sample_016_0046_000002",
            "annotations": []
        },
        {
            "sentence": "데이터 보존기간, SLA(지연시간 및 처리량), 접근제어 정책은 별도 섹션에 명시되어 규제 요구사항을 충족합니다.",
            "id": "sample_016_0046_000003",
            "annotations": []
        },
        {
            "sentence": "BOM에는 SKU-PT-1001, SKU-PT-1002, SKU-ASM-2001 등 부품 식별자가 배치 단위로 매핑되어 있습니다.",
            "id": "sample_016_0046_000004",
            "annotations": []
        },
        {
            "sentence": "작업지시서 WO-2025-0007에 따라 제품코드 PROD-XL7이 배치 BATCH-20250321-01로 생산되었음을 기록합니다.",
            "id": "sample_016_0046_000005",
            "annotations": []
        },
        {
            "sentence": "생산스케줄은 교대 및 배치 경계를 고려하여 ISO8601 타임스탬프(예: 2025-03-21T07:00:00Z)를 기준으로 조정됩니다.",
            "id": "sample_016_0046_000006",
            "annotations": []
        },
        {
            "sentence": "교대 정보: 교대1(07:00-15:00) 작업조는 방진석, 허율희가 주간 근무 인원으로 배정되어 교대 로그와 연계됩니다.",
            "id": "sample_016_0046_000007",
            "annotations": [
                {
                    "word": "방진석",
                    "start": 29,
                    "end": 32,
                    "label": "개인정보"
                },
                {
                    "word": "허율희",
                    "start": 34,
                    "end": 37,
                    "label": "개인정보"
                }
            ]
        },
        {
            "sentence": "작업대 정보: Work_Station WS-12는 조립공정과 치수검사가 통합된 다기능 스테이션으로 구성됩니다.",
            "id": "sample_016_0046_000008",
            "annotations": []
        },
        {
            "sentence": "설비 로그 예시: machine_log(sensor_id=SENS-PT-01, timestamp=2025-03-21T07:00:00Z, value=101.3 kPa) 형태로 수집됩니다.",
            "id": "sample_016_0046_000009",
            "annotations": []
        },
        {
            "sentence": "센서 시계열은 초~밀리초 단위 샘플링(예: 500ms)으로 수집되며 노이즈, 드리프트 및 결측에 대한 전처리 규칙을 포함합니다.",
            "id": "sample_016_0046_000010",
            "annotations": []
        },
        {
            "sentence": "품질보고서: 배치 BATCH-20250321-01에서 불량 코드 D-102가 발생했고 측정값은 길이 12.03mm, 허용오차 초과로 재작업을 지시하였으며 조치 담당은 천바울입니다.",
            "id": "sample_016_0046_000011",
            "annotations": [
                {
                    "word": "천바울",
                    "start": 93,
                    "end": 96,
                    "label": "개인정보"
                }
            ]
        },
        {
            "sentence": "유지보수 리포트: 2025-03-21T10:15:00Z에 진동센서 교체를 수행하였고 작업자 식별은 송태관으로 기록되어 교체 부품과 이력이 연계됩니다.",
            "id": "sample_016_0046_000012",
            "annotations": [
                {
                    "word": "송태관",
                    "start": 55,
                    "end": 58,
                    "label": "개인정보"
                }
            ]
        },
        {
            "sentence": "재고 레코드: SKU-PT-1001 수량 12,340개 보관 위치는 경기도 성남시 분당구 정자동 물류창고 A로 표기되어 로트 추적이 가능합니다.",
            "id": "sample_016_0046_000013",
            "annotations": [
                {
                    "word": "경기도",
                    "start": 38,
                    "end": 41,
                    "label": "준식별자"
                },
                {
                    "word": "성남시",
                    "start": 42,
                    "end": 45,
                    "label": "준식별자"
                },
                {
                    "word": "분당구",
                    "start": 46,
                    "end": 49,
                    "label": "준식별자"
                },
                {
                    "word": "정자동",
                    "start": 50,
                    "end": 53,
                    "label": "준식별자"
                }
            ]
        },
        {
            "sentence": "공급업체 계약 CTR-2024-011에는 단가 기준 단위당 18,500원, 납기 조건 및 비밀유지 조항이 포함되어 있으며 내부 검토용으로 분류됩니다.",
            "id": "sample_016_0046_000014",
            "annotations": [
                {
                    "word": "CTR-2024-011",
                    "start": 8,
                    "end": 20,
                    "label": "기밀정보"
                },
                {
                    "word": "18,500원",
                    "start": 33,
                    "end": 40,
                    "label": "기밀정보"
                }
            ]
        },
        {
            "sentence": "출하 명세서 예시: 트래킹 ID TRK-20250321-7782, 목적지 부산광역시 해운대구, 수송 시작시간 2025-03-21T18:30:00Z로 기록됩니다.",
            "id": "sample_016_0046_000015",
            "annotations": [
                {
                    "word": "부산광역시",
                    "start": 41,
                    "end": 46,
                    "label": "준식별자"
                },
                {
                    "word": "해운대구",
                    "start": 47,
                    "end": 51,
                    "label": "준식별자"
                }
            ]
        },
        {
            "sentence": "CAD 도면 참조: file_reference=\\\\internal\\\\cad\\\\widget_v12.dwg, 파일 버전 v1.2와 연계된 파일메타데이터를 문서로 보관합니다.",
            "id": "sample_016_0046_000016",
            "annotations": [
                {
                    "word": "\\\\internal\\\\cad\\\\widget_v12.dwg",
                    "start": 26,
                    "end": 57,
                    "label": "기밀정보"
                }
            ]
        },
        {
            "sentence": "파일 메타데이터에는 업로더와 검토자가 기록되며 본 건의 도면 업로더는 박주율로 기록되어 접근 이력이 남습니다.",
            "id": "sample_016_0046_000017",
            "annotations": [
                {
                    "word": "박주율",
                    "start": 39,
                    "end": 42,
                    "label": "개인정보"
                }
            ]
        },
        {
            "sentence": "EHS 사고보고서: 2025-03-20T14:22:00Z에 발생한 슬립 사고로 유슬빈이 경미한 타박상을 입어 응급처치 및 현장개선 조치가 시행되었습니다.",
            "id": "sample_016_0046_000018",
            "annotations": [
                {
                    "word": "유슬빈",
                    "start": 44,
                    "end": 47,
                    "label": "개인정보"
                }
            ]
        },
        {
            "sentence": "캘리브레이션 기록: 진동센서 SENS-VB-03의 최근 교정일은 2025-02-10이며 담당 기술자 하시하가 캘리브레이션 보고서에 서명했습니다.",
            "id": "sample_016_0046_000019",
            "annotations": [
                {
                    "word": "하시하",
                    "start": 56,
                    "end": 59,
                    "label": "개인정보"
                }
            ]
        },
        {
            "sentence": "센서 드리프트 예시: 온도센서 T-02는 72시간 동안 평균 0.8°C drift를 보였고 보정계수 적용 전후의 로그가 함께 저장됩니다.",
            "id": "sample_016_0046_000020",
            "annotations": []
        },
        {
            "sentence": "레거시 시스템 통합: PLC CSV 로그, OPC-UA 스트림, XML 기반 ERP 엑스포트의 포맷 불일치를 매핑 규칙으로 정규화하여 저장합니다.",
            "id": "sample_016_0046_000021",
            "annotations": []
        },
        {
            "sentence": "감사로그 예시: 2025-03-21T11:02:15Z에 품질결과 수정이 발생했으며 변경자 표시는 시스템 사용자 정가율로 남아 있습니다.",
            "id": "sample_016_0046_000022",
            "annotations": [
                {
                    "word": "정가율",
                    "start": 62,
                    "end": 65,
                    "label": "개인정보"
                }
            ]
        },
        {
            "sentence": "문서 참조 목록에는 MI-2025-04-01-REV2, CAD 참조, 캘리브레이션 리포트 및 감사 ID가 포함되어 추적 가능합니다.",
            "id": "sample_016_0046_000023",
            "annotations": []
        },
        {
            "sentence": "규정 준수를 위해 원자료, 전처리 규칙, 보정 내역 및 SLA는 보존기간 동안 암호화된 보관소에 저장됩니다.",
            "id": "sample_016_0046_000024",
            "annotations": []
        },
        {
            "sentence": "전처리 규칙에는 노이즈 필터링, 선형 보간, 이상치 제거 및 캘리브레이션 계수 적용 절차가 표준화되어 있습니다.",
            "id": "sample_016_0046_000025",
            "annotations": []
        },
        {
            "sentence": "원자재 추적 규칙: 원재료 RM-AL-01이 배치 BATCH-20250321-01로 투입된 시간·수량·LOT 매핑을 통해 로트 추적성을 보장합니다.",
            "id": "sample_016_0046_000026",
            "annotations": []
        },
        {
            "sentence": "민감정보 보호 정책에 따라 CAD 경로(예: \\\\internal\\\\cad\\\\widget_v12.dwg) 및 계약 단가는 접근 권한과 암호화 대상으로 명시됩니다.",
            "id": "sample_016_0046_000027",
            "annotations": [
                {
                    "word": "\\\\internal\\\\cad\\\\widget_v12.dwg",
                    "start": 25,
                    "end": 56,
                    "label": "기밀정보"
                }
            ]
        },
        {
            "sentence": "모니터링 SLA: 지연시간 2초 이내, 처리량 초당 5,000레코드를 목표로 하여 실시간 분석 파이프라인을 운영합니다.",
            "id": "sample_016_0046_000028",
            "annotations": []
        },
        {
            "sentence": "이상탐지 예시: 2025-03-21T09:40:12Z의 압력 급락 알람 발생 시 노강우가 현장 확인 및 임시 차단 조치를 수행한 기록이 남습니다.",
            "id": "sample_016_0046_000029",
            "annotations": [
                {
                    "word": "노강우",
                    "start": 45,
                    "end": 48,
                    "label": "개인정보"
                }
            ]
        },
        {
            "sentence": "요약 및 후속조치: 불량원인 분석, 예측정비 모델 재학습, 보정 주기 단축을 권고하며 담당자는 황민환으로 지정됩니다.",
            "id": "sample_016_0046_000030",
            "annotations": [
                {
                    "word": "황민환",
                    "start": 53,
                    "end": 56,
                    "label": "개인정보"
                }
            ]
        },
        {
            "sentence": "최종 승인: 본 문서는 2025-03-22T08:00:00Z에 이동욱이 검토 및 승인하여 배포용 PDF와 감사 로그가 생성됩니다.",
            "id": "sample_016_0046_000031",
            "annotations": [
                {
                    "word": "이동욱",
                    "start": 35,
                    "end": 38,
                    "label": "개인정보"
                }
            ]
        }
    ]
}