{
    "document_id": "016_0023",
    "document_title": "L1 생산라인 통합 데이터 및 감사추적 운영 매뉴얼",
    "data": [
        {
            "sentence": "문서 개요: 본 문서는 원자재 투입부터 출하까지의 데이터 통합, 감사추적(audit trail) 및 규제준수 증빙을 위한 운영 지침을 제공합니다.",
            "id": "sample_016_0023_000001",
            "annotations": []
        },
        {
            "sentence": "목적: 이 문서는 BOM, 작업지시서, 생산스케줄, 설비 로그, 센서 시계열, 품질검사, 유지보수이력, 재고, 공급계약, 출하명세, 도면참조 및 EHS 보고서를 포괄합니다.",
            "id": "sample_016_0023_000002",
            "annotations": []
        },
        {
            "sentence": "범위: L1 생산라인(조립·프레스·검사) 관련 모든 데이터 소스(MES,PLC,SCADA,ERP,IIoT)를 대상으로 하며 시스템 간 포맷 불일치에 대한 정상화 규칙을 포함합니다.",
            "id": "sample_016_0023_000003",
            "annotations": []
        },
        {
            "sentence": "BOM 요약: 주항목 SKU-AX-1001, 대체부품 SKU-AX-1001-R, 원자재 로트는 원재료→중간배치→완제품 단위로 추적 가능합니다.",
            "id": "sample_016_0023_000004",
            "annotations": []
        },
        {
            "sentence": "작업지시서 예시: work_order WO-20251201-001, 생산라인 L1, 배치 BATCH-00045, 작업자 지침 및 검사포인트 포함.",
            "id": "sample_016_0023_000005",
            "annotations": []
        },
        {
            "sentence": "생산스케줄: 라인 L1은 2025-12-01T00:00:00Z부터 2025-12-07T23:59:59Z까지 연속 생산 계획이 수립되어 있습니다.",
            "id": "sample_016_0023_000006",
            "annotations": [
                {
                    "word": "2025-12-01T00:00:00Z",
                    "start": 14,
                    "end": 34,
                    "label": "준식별자"
                },
                {
                    "word": "2025-12-07T23:59:59Z",
                    "start": 37,
                    "end": 57,
                    "label": "준식별자"
                }
            ]
        },
        {
            "sentence": "교대정보: Day shift 06:00-14:00, 담당자 손마루, 성별 남성, 생년월일 1985-05-12, 주소 경기도 성남시 분당구, 숙련도 5년.",
            "id": "sample_016_0023_000007",
            "annotations": [
                {
                    "word": "손마루",
                    "start": 33,
                    "end": 36,
                    "label": "개인정보"
                },
                {
                    "word": "남성",
                    "start": 41,
                    "end": 43,
                    "label": "준식별자"
                },
                {
                    "word": "1985-05-12",
                    "start": 50,
                    "end": 60,
                    "label": "준식별자"
                },
                {
                    "word": "경기도",
                    "start": 65,
                    "end": 68,
                    "label": "준식별자"
                },
                {
                    "word": "성남시",
                    "start": 69,
                    "end": 72,
                    "label": "준식별자"
                },
                {
                    "word": "분당구",
                    "start": 73,
                    "end": 76,
                    "label": "준식별자"
                }
            ]
        },
        {
            "sentence": "작업대(Work Station) 구성: WS-PR-01은 프레스 장비와 치공구를 포함하며 표준작업지시서(MI)와 연계된 검사포인트를 갖습니다.",
            "id": "sample_016_0023_000008",
            "annotations": []
        },
        {
            "sentence": "machine_log 예시: sensor_id TMP-01, timestamp 2025-12-01T06:00:00Z, value 75.3°C, unit=C, 상태 정상(노이즈 ±0.5°C 포함).",
            "id": "sample_016_0023_000009",
            "annotations": [
                {
                    "word": "2025-12-01T06:00:00Z",
                    "start": 44,
                    "end": 64,
                    "label": "준식별자"
                }
            ]
        },
        {
            "sentence": "센서시계열 설명: 온도·진동·전력 데이터는 1s 이하 샘플링을 허용하며 드리프트, 결측, 임펄스 노이즈를 시뮬레이션한 값이 저장됩니다.",
            "id": "sample_016_0023_000010",
            "annotations": []
        },
        {
            "sentence": "스트리밍 요건: 실시간 경보를 위해 p95 지연 5초 이내, 데이터 보정 시 필터링·보간·캘리브레이션 메타데이터를 함께 기록합니다.",
            "id": "sample_016_0023_000011",
            "annotations": []
        },
        {
            "sentence": "품질보고서: lot BATCH-00045, defect_code DEF-17, 측정값 길이 12.02mm, 검사원 공지니, 조치: 재검사 및 설비 셋팅 변경으로 재발방지 조치 완료.",
            "id": "sample_016_0023_000012",
            "annotations": [
                {
                    "word": "공지니",
                    "start": 64,
                    "end": 67,
                    "label": "개인정보"
                }
            ]
        },
        {
            "sentence": "유지보수보고: action 교체(베어링), timestamp 2025-12-01T14:25:00+09:00, 수행자 홍세찬, 교체부품 BRG-221, 교정 및 회귀시험 결과 정상 판정.",
            "id": "sample_016_0023_000013",
            "annotations": [
                {
                    "word": "홍세찬",
                    "start": 65,
                    "end": 68,
                    "label": "개인정보"
                },
                {
                    "word": "2025-12-01T14:25:00+09:00",
                    "start": 34,
                    "end": 59,
                    "label": "준식별자"
                }
            ]
        },
        {
            "sentence": "재고기록: SKU-AX-1001, 수량 1,200, 위치 창고 A (인천광역시), 입고일자 및 유통기한 메타데이터 포함.",
            "id": "sample_016_0023_000014",
            "annotations": [
                {
                    "word": "인천광역시",
                    "start": 38,
                    "end": 43,
                    "label": "준식별자"
                }
            ]
        },
        {
            "sentence": "공급계약 샘플: contract_id CTR-2024-0899, 공급사 A사, 단가 1,250,000원, 결제계좌 ***-****-1234, 납기 조건 30일 및 품질보증 조항 포함.",
            "id": "sample_016_0023_000015",
            "annotations": [
                {
                    "word": "CTR-2024-0899",
                    "start": 21,
                    "end": 34,
                    "label": "기밀정보"
                },
                {
                    "word": "1,250,000원",
                    "start": 47,
                    "end": 57,
                    "label": "기밀정보"
                },
                {
                    "word": "***-****-1234",
                    "start": 64,
                    "end": 77,
                    "label": "기밀정보"
                }
            ]
        },
        {
            "sentence": "출하명세서 예시: tracking_id TRK-20251202-00034, 발송일 2025-12-02T10:30:00Z, 수취인 B사, 운송사 CJ대한통운, 포장검사 체크리스트 포함.",
            "id": "sample_016_0023_000016",
            "annotations": [
                {
                    "word": "2025-12-02T10:30:00Z",
                    "start": 46,
                    "end": 66,
                    "label": "준식별자"
                }
            ]
        },
        {
            "sentence": "도면참조 및 파일메타: drawing DRW-EN-002, 파일경로 C:\\\\prod\\\\drawings\\\\engine_v2.dwg, 버전 v3.2, 문서해시 및 접근권한 로그 포함.",
            "id": "sample_016_0023_000017",
            "annotations": []
        },
        {
            "sentence": "EHS 사고보고: 2025-11-28T09:40:00Z에 발생한 낙상 사고, 관련자 공소아, 조치로 응급처치 및 사고조사 보고서를 제출하였음.",
            "id": "sample_016_0023_000018",
            "annotations": [
                {
                    "word": "공소아",
                    "start": 47,
                    "end": 50,
                    "label": "개인정보"
                },
                {
                    "word": "2025-11-28T09:40:00Z",
                    "start": 10,
                    "end": 30,
                    "label": "준식별자"
                }
            ]
        },
        {
            "sentence": "데이터 포맷 이질성: PLC 로그는 CSV, SCADA 알람은 XML, ERP 트랜잭션은 JSON 형식으로 유입되므로 수집 레이어에서 정규화 처리를 수행합니다.",
            "id": "sample_016_0023_000019",
            "annotations": []
        },
        {
            "sentence": "정합성 규칙: 원재료 로트ID→중간배치→완제품 단위의 traceability를 유지해야 하며 중복·결손 레코드는 보정 로그와 함께 보관합니다.",
            "id": "sample_016_0023_000020",
            "annotations": []
        },
        {
            "sentence": "캘리브레이션 메타데이터: sensor_id ACC-3, 정확도 ±0.5%, 측정주기 1s, 마지막 교정일 2025-11-15, 교정보고서 문서참조 포함.",
            "id": "sample_016_0023_000021",
            "annotations": [
                {
                    "word": "2025-11-15",
                    "start": 59,
                    "end": 69,
                    "label": "준식별자"
                }
            ]
        },
        {
            "sentence": "레거시 시스템은 필드 누락 및 포맷 불일치가 빈번하므로 동기화 로그와 매핑 테이블을 이용해 식별자 정합성을 보장합니다.",
            "id": "sample_016_0023_000022",
            "annotations": []
        },
        {
            "sentence": "이상감지 예시: 2025-12-01T06:00:00Z 근처 진동 급증이 품질 불량(DEF-17)과 상관관계가 있어 원인분석 및 주기적 모니터링 규칙을 추가했습니다.",
            "id": "sample_016_0023_000023",
            "annotations": []
        },
        {
            "sentence": "변경이력: 버전 ver2.1에서 ver2.2로 업데이트, 변경일 2025-12-02, 승인자 하로하, 변경사유 및 문서참조 DOC-2025-124을 기록합니다.",
            "id": "sample_016_0023_000024",
            "annotations": [
                {
                    "word": "2025-12-02",
                    "start": 36,
                    "end": 46,
                    "label": "준식별자"
                },
                {
                    "word": "하로하",
                    "start": 52,
                    "end": 55,
                    "label": "개인정보"
                }
            ]
        },
        {
            "sentence": "접근제어 및 보안: 내부서버 IP 10.0.12.45는 사내망 전용이며 VPN 주소 vpn.corp.internal을 통해서만 접근 가능하도록 정책을 설정합니다.",
            "id": "sample_016_0023_000025",
            "annotations": [
                {
                    "word": "10.0.12.45",
                    "start": 19,
                    "end": 29,
                    "label": "기밀정보"
                },
                {
                    "word": "vpn.corp.internal",
                    "start": 47,
                    "end": 64,
                    "label": "기밀정보"
                }
            ]
        },
        {
            "sentence": "운영 SLA: 데이터 지연(latency) p95 5초, 처리량(throughput) 10,000msg/s, 보존기간 7년을 기본으로 감사로그를 분리 보관합니다.",
            "id": "sample_016_0023_000026",
            "annotations": []
        },
        {
            "sentence": "규제 및 컴플라이언스: 환경·안전·제품인증 관련 데이터는 보존주기와 감사가능성을 만족하도록 암호화 및 접근제어를 적용합니다.",
            "id": "sample_016_0023_000027",
            "annotations": []
        },
        {
            "sentence": "권장조치: PdM을 위해 진동·온도 모델을 구축하고 불량 원인분석을 위해 설비 로그와 검사결과를 융합하여 루트코즈 분석을 수행하십시오.",
            "id": "sample_016_0023_000028",
            "annotations": []
        },
        {
            "sentence": "결론: 본 매뉴얼은 데이터 수집, 정규화, 캘리브레이션, 감사이력, 보안정책 및 분석활용을 통합 지원하도록 설계되었습니다.",
            "id": "sample_016_0023_000029",
            "annotations": []
        },
        {
            "sentence": "승인: 문서 최종 승인자 성라율, 승인일 2025-12-03T08:00:00Z, 변경이력 및 감사로그는 문서저장소에 보관됩니다.",
            "id": "sample_016_0023_000030",
            "annotations": [
                {
                    "word": "성라율",
                    "start": 14,
                    "end": 17,
                    "label": "개인정보"
                },
                {
                    "word": "2025-12-03T08:00:00Z",
                    "start": 23,
                    "end": 43,
                    "label": "준식별자"
                }
            ]
        }
    ]
}