{
    "document_id": "016_0058",
    "document_title": "LINE-01 생산 통합 데이터 레포트 (BOM·작업지시·품질·유지보수)",
    "data": [
        {
            "sentence": "문서 개요: 본 문서는 1호 라인(LINE-01)의 원자재 투입부터 출하까지의 생산·품질·유지보수 데이터를 통합한 합성 레코드 집합입니다.",
            "id": "sample_016_0058_000001",
            "annotations": []
        },
        {
            "sentence": "BOM: 제품 SKU P-AXIS-100의 원자재 목록은 MAT-001(베어링), MAT-002(스테이터), MAT-003(볼트)로 구성되며 로트 추적을 위해 lot_id BATCH-20251201-0001로 연결됩니다.",
            "id": "sample_016_0058_000002",
            "annotations": []
        },
        {
            "sentence": "Work Order: WO-2025-1201-07은 2025-12-01T06:00:00+09:00에 LINE-01에서 시작하여 2025-12-01T14:00:00+09:00에 완료 예정이며 생산 수량 target_qty 2,000개입니다.",
            "id": "sample_016_0058_000003",
            "annotations": []
        },
        {
            "sentence": "Production Schedule: 교대는 A조(06:00-14:00), B조(14:00-22:00), C조(22:00-06:00)로 정의되며 일별 배치 경계는 08:00, 16:00 기준으로 MES 스케줄과 동기화됩니다.",
            "id": "sample_016_0058_000004",
            "annotations": []
        },
        {
            "sentence": "Work Station: Station M-100은 LINE-01의 스핀들 프레스 장비로 설비 ID M-100, PLC 태그 집합 plc://line01/machine100/로 식별됩니다.",
            "id": "sample_016_0058_000005",
            "annotations": [
                {
                    "word": "plc://line01/machine100/",
                    "start": 73,
                    "end": 97,
                    "label": "기밀정보"
                }
            ]
        },
        {
            "sentence": "Machine Log 예시: sensor_id TEMP_1001 측정값 78.4°C, timestamp 2025-12-01T06:15:00+09:00, status OK, 캘리브레이션(cali_date) 2025-06-15; 노이즈±0.5°C 포함.",
            "id": "sample_016_0058_000006",
            "annotations": []
        },
        {
            "sentence": "Sensor Readings(시간열): TEMP_1001은 2025-12-01T06:00:00+09:00부터 2025-12-01T06:59:00+09:00까지 1분 간격으로 측정되었으며 일부 구간(06:25)에서 결측 NaN, 06:40~06:50에서 드리프트 +1.2°C가 관측되었습니다.",
            "id": "sample_016_0058_000007",
            "annotations": []
        },
        {
            "sentence": "Machine Log(진동): sensor_id VIB_2001 시계열은 단위 mm/s이며 정상범위 0.0-3.5, 이상치 12.8mm/s가 2025-12-01T07:12:03+09:00에 발생하였습니다.",
            "id": "sample_016_0058_000008",
            "annotations": []
        },
        {
            "sentence": "Quality Report: 배치 BATCH-20251201-0001에 대한 샘플 검사에서 defect_code D-FLA-02(표면 균열) 5건, 측정치 치수길이 L(mm) 평균 99.6, 표준편차 0.8으로 기록되었습니다.",
            "id": "sample_016_0058_000009",
            "annotations": []
        },
        {
            "sentence": "Supplier Contract: contract_id C-2024-789는 공급업체와의 비밀 조건을 포함하며 단가 unit_price KRW 12,000/unit, 납기조건 30일, 문서 원본은 http://intranet.corp.local/secure/contract/C-2024-789.pdf에 보존됩니다.",
            "id": "sample_016_0058_000010",
            "annotations": [
                {
                    "word": "C-2024-789",
                    "start": 31,
                    "end": 41,
                    "label": "기밀정보"
                },
                {
                    "word": "C-2024-789",
                    "start": 153,
                    "end": 163,
                    "label": "기밀정보"
                },
                {
                    "word": "KRW 12,000/unit",
                    "start": 76,
                    "end": 91,
                    "label": "기밀정보"
                },
                {
                    "word": "http://intranet.corp.local/secure/contract/C-2024-789.pdf",
                    "start": 110,
                    "end": 167,
                    "label": "기밀정보"
                }
            ]
        },
        {
            "sentence": "Maintenance Report: 2025-12-01T08:30:00+09:00에 M-100에서 예방정비가 수행되었고 조치사항으로 베어링 교체와 밸런스 조정을 수행했습니다.",
            "id": "sample_016_0058_000011",
            "annotations": []
        },
        {
            "sentence": "Maintenance 담당: 작업은 기술자 황세현이 수행했으며 점검서에 서명되어 audit_trail에 기록되었습니다.",
            "id": "sample_016_0058_000012",
            "annotations": [
                {
                    "word": "황세현",
                    "start": 24,
                    "end": 27,
                    "label": "개인정보"
                }
            ]
        },
        {
            "sentence": "Maintenance 세부: technician_id 사번: 2024-EMP-007, 점검 소요시간 45분, 교체 파트 MAT-001 로트 MATLOT-889, 점검결과 OK로 표기.",
            "id": "sample_016_0058_000013",
            "annotations": [
                {
                    "word": "2024-EMP-007",
                    "start": 34,
                    "end": 46,
                    "label": "개인정보"
                }
            ]
        },
        {
            "sentence": "Inventory Record: SKU P-AXIS-100의 재고수량 5,432개가 창고 LOC-WH-03에 기록되었고 FIFO 로직으로 로트별 위치 추적이 가능합니다.",
            "id": "sample_016_0058_000014",
            "annotations": []
        },
        {
            "sentence": "Shipping Manifest: tracking_id TRACK-PO-998877는 발송일 2025-12-02T09:00:00+09:00, 출하수량 1,200개, 운송사 표준 포맷에 맞춰 EDI 전송이 예정입니다.",
            "id": "sample_016_0058_000015",
            "annotations": []
        },
        {
            "sentence": "CAD Drawing Reference: 도면 참조 M-AXIS_2024.dwg은 내부 저장소 경로 \\\\fileserver\\\\cad\\\\M-AXIS_2024.dwg에 보관되며 버전 v1.3과 변경이력 document_refs: DOC-REV-13이 연결됩니다.",
            "id": "sample_016_0058_000016",
            "annotations": [
                {
                    "word": "\\\\fileserver\\\\cad\\\\M-AXIS_2024.dwg",
                    "start": 56,
                    "end": 90,
                    "label": "기밀정보"
                }
            ]
        },
        {
            "sentence": "File Metadata: M-AXIS_2024.dwg 용량 4.2MB, 작성자 키워드 '설계팀', 생성일 2024-11-10T10:12:00+09:00, checksum SHA256: ab12...ef34로 기록되어 있습니다.",
            "id": "sample_016_0058_000017",
            "annotations": []
        },
        {
            "sentence": "EHS Incident Report: 2025-12-01T09:45:00+09:00에 A조 작업 중 분진 흡입 사건이 발생하였고 관련자 나정도가 응급조치 후 의료센터 이송되었습니다; 사고 보고서가 작성 및 보관되었습니다.",
            "id": "sample_016_0058_000018",
            "annotations": [
                {
                    "word": "나정도",
                    "start": 76,
                    "end": 79,
                    "label": "개인정보"
                }
            ]
        },
        {
            "sentence": "EHS 후속조치: 응급조치 기록, 용해성 검사 결과 및 예방대책(마스크 강화, 공정 밀폐 개선)을 포함하며 안전교육 이수자 명단과 audit trail이 첨부됩니다.",
            "id": "sample_016_0058_000019",
            "annotations": []
        },
        {
            "sentence": "Legacy System Note: 일부 PLC 로그는 CSV와 XML 포맷이 혼재되어 타임스탬프 포맷 불일치(예: 2025-12-01 06:15 vs 2025-12-01T06:15:00+09:00)가 존재하며 정규화 규칙이 명시됩니다.",
            "id": "sample_016_0058_000020",
            "annotations": []
        },
        {
            "sentence": "Data Quality: 센서별 정확도(accuracy), 측정 주기(interval_seconds), 마지막 캘리브레이션 날짜(cali_date)와 결측 보정(interpolation_method=linear) 규칙을 메타데이터로 포함했습니다.",
            "id": "sample_016_0058_000021",
            "annotations": []
        },
        {
            "sentence": "수리 기록: 2025-12-01T10:20:00+09:00 장비 M-100의 긴급수리가 수행되었고 수리 담당자는 임기홍, 작업결과는 부분가동으로 표기되었습니다.",
            "id": "sample_016_0058_000022",
            "annotations": [
                {
                    "word": "임기홍",
                    "start": 63,
                    "end": 66,
                    "label": "개인정보"
                }
            ]
        },
        {
            "sentence": "불량조치: 불량품 5건은 격리(Quarantine) 후 원인분석을 위해 샘플로 보관되었고, 교정조치(CAPA) 및 작업지시서 수정이 이루어졌습니다.",
            "id": "sample_016_0058_000023",
            "annotations": []
        },
        {
            "sentence": "Audit Trail: 모든 변경사항은 변경자, 변경시간, 변경사유를 포함하는 감사로그에 기록되며 보존기간 7년 정책에 따라 저장됩니다.",
            "id": "sample_016_0058_000024",
            "annotations": []
        },
        {
            "sentence": "문서 참조: work_order WO-2025-1201-07, BOM DOC-BOM-AXIS-v2, CAD DOC-REV-13이 상호 참조되어 traceability가 유지됩니다.",
            "id": "sample_016_0058_000025",
            "annotations": []
        },
        {
            "sentence": "성능 모니터링: 전력센서 PWR_3001은 초당 1샘플로 스트리밍되며 드리프트 보정을 위해 기준전력 P0=220.0V를 사용하고 오류율(error_rate) 메타데이터를 제공합니다.",
            "id": "sample_016_0058_000026",
            "annotations": []
        },
        {
            "sentence": "규제 준수: 제품 출하 전 RoHS 및 안전성 검사 체크리스트가 자동으로 적용되며 검사결과는 품질보고서와 함께 보관됩니다.",
            "id": "sample_016_0058_000027",
            "annotations": []
        },
        {
            "sentence": "결론 및 권고사항: 데이터 정규화, 캘리브레이션 주기 단축, 예측정비 모델 적용을 권고하며 관련 책임자(엄하담)에게 변경계획 제출을 요청합니다.",
            "id": "sample_016_0058_000028",
            "annotations": [
                {
                    "word": "엄하담",
                    "start": 58,
                    "end": 61,
                    "label": "개인정보"
                }
            ]
        }
    ]
}