{
    "document_id": "016_0038",
    "document_title": "제1라인 생산통합 운영·감사 리포트",
    "data": [
        {
            "sentence": "본 문서는 제1라인(LINE-01)의 제조공정 데이터와 감사기록을 통합한 생산운영 리포트입니다.",
            "id": "sample_016_0038_000001",
            "annotations": []
        },
        {
            "sentence": "BOM: 제품 SKU P-AX100의 구성은 원자재 RM-A(50g), RM-B(20g), 부자재 FB-12(2개)로 정의되어 있습니다.",
            "id": "sample_016_0038_000002",
            "annotations": []
        },
        {
            "sentence": "Work Order WO-20251201-078가 2025-12-01T06:00:00Z에 생성되어 배치 BATCH-20251201-01에 할당되었습니다.",
            "id": "sample_016_0038_000003",
            "annotations": []
        },
        {
            "sentence": "생산 일정은 2025-12-01 교대(Shift A: 06:00-14:00)에서 시작해 2025-12-02 Shift B로 이행하도록 계획되었습니다.",
            "id": "sample_016_0038_000004",
            "annotations": []
        },
        {
            "sentence": "Shift A의 라인 책임자는 구예빈이며 사번 EMP-1001, 근무지: 서울특별시 강서구로 등록되어 있습니다.",
            "id": "sample_016_0038_000005",
            "annotations": [
                {
                    "word": "구예빈",
                    "start": 17,
                    "end": 20,
                    "label": "개인정보"
                },
                {
                    "word": "EMP-1001",
                    "start": 26,
                    "end": 34,
                    "label": "개인정보"
                },
                {
                    "word": "서울특별시",
                    "start": 41,
                    "end": 46,
                    "label": "준식별자"
                },
                {
                    "word": "강서구",
                    "start": 47,
                    "end": 50,
                    "label": "준식별자"
                }
            ]
        },
        {
            "sentence": "작업 스테이션은 STATION-07에 위치하며 PLC 주소는 10.0.0.12로 내부망에 연결되어 있습니다.",
            "id": "sample_016_0038_000006",
            "annotations": [
                {
                    "word": "10.0.0.12",
                    "start": 34,
                    "end": 43,
                    "label": "기밀정보"
                }
            ]
        },
        {
            "sentence": "M-342 머신의 센서(sensor_id: S-TEMP-342) 로그는 2025-12-01T06:00:00Z부터 2025-12-01T06:00:10Z까지 초당 1Hz로 기록되었습니다.",
            "id": "sample_016_0038_000007",
            "annotations": []
        },
        {
            "sentence": "온도(time_series): 74.8, 75.0, 75.2, 75.1, 80.6(스파이크), 75.0℃로 정상범위 70-78℃을 따르며 캘리브레이션 '2025-11-01' 기준, 정확도 ±0.5℃로 표기됩니다.",
            "id": "sample_016_0038_000008",
            "annotations": []
        },
        {
            "sentence": "진동(time_series S-VIB-342): 정상 RMS 1.2mm/s 평균에 대해 2025-12-01T09:12:43Z에 5.8mm/s로 이상치가 검출되어 자동 알람이 발생했습니다.",
            "id": "sample_016_0038_000009",
            "annotations": []
        },
        {
            "sentence": "이상치 발생 직후 유지보수 티켓 MT-20251201-009가 생성되었고 조치로 베어링 교체(파트 PN-BR-88)를 수행했습니다.",
            "id": "sample_016_0038_000010",
            "annotations": [
                {
                    "word": "MT-20251201-009",
                    "start": 18,
                    "end": 33,
                    "label": "기밀정보"
                }
            ]
        },
        {
            "sentence": "유지보수 리포트에는 수행자 박하은(사번 EMP-1002, 성별: 여, 생년월일: 1989-04-22)이 기록되어 있으며 작업시간은 2025-12-01T10:05:00Z로 등록되었습니다.",
            "id": "sample_016_0038_000011",
            "annotations": [
                {
                    "word": "박하은",
                    "start": 15,
                    "end": 18,
                    "label": "개인정보"
                },
                {
                    "word": "EMP-1002",
                    "start": 22,
                    "end": 30,
                    "label": "개인정보"
                },
                {
                    "word": "여",
                    "start": 36,
                    "end": 37,
                    "label": "준식별자"
                },
                {
                    "word": "1989",
                    "start": 45,
                    "end": 49,
                    "label": "준식별자"
                },
                {
                    "word": "04",
                    "start": 50,
                    "end": 52,
                    "label": "준식별자"
                },
                {
                    "word": "22",
                    "start": 53,
                    "end": 55,
                    "label": "준식별자"
                }
            ]
        },
        {
            "sentence": "품질검사 결과 QR-20251201-45에서 샘플 12개 중 1건의 치수불량(defect_code: D-102)이 발생하였고 불량치수는 12.03mm로 규격 12.00±0.05mm를 벗어났습니다.",
            "id": "sample_016_0038_000012",
            "annotations": []
        },
        {
            "sentence": "불량 발생 시에는 불량원인 분석 보고서와 함께 해당 배치에서 재검토 및 재작업을 수행하고 조치내역을 QR-REF-88 문서에 기록했습니다.",
            "id": "sample_016_0038_000013",
            "annotations": []
        },
        {
            "sentence": "재고 기록 SKUs: P-AX100 수량 1,250개가 창고 LOC-W1에 보관되어 있으며 입고표는 GR-20251130-221입니다.",
            "id": "sample_016_0038_000014",
            "annotations": []
        },
        {
            "sentence": "공급업체 계약서(contract_id: SC-2024-045)는 납품조건 NET30, 품질불량 시 반품조항, 가격비밀조항을 포함합니다.",
            "id": "sample_016_0038_000015",
            "annotations": [
                {
                    "word": "SC-2024-045",
                    "start": 22,
                    "end": 33,
                    "label": "기밀정보"
                }
            ]
        },
        {
            "sentence": "주요 담당자는 엄효섭이며 연락처는 내부목록에 암호화 저장되어 있습니다.",
            "id": "sample_016_0038_000016",
            "annotations": [
                {
                    "word": "엄효섭",
                    "start": 8,
                    "end": 11,
                    "label": "개인정보"
                }
            ]
        },
        {
            "sentence": "출하 명세서 트래킹ID TRK-95-20251202은 2025-12-02T15:30:00+09:00에 발송 처리되었습니다.",
            "id": "sample_016_0038_000017",
            "annotations": []
        },
        {
            "sentence": "CAD_drawing_reference: DRW-AXL-1203 파일은 문서관리시스템 경로 /vault/projects/axl/drw-1203.dxf에 저장되어 있으며 접근은 권한부여 필요합니다.",
            "id": "sample_016_0038_000018",
            "annotations": [
                {
                    "word": "DRW-AXL-1203",
                    "start": 23,
                    "end": 35,
                    "label": "기밀정보"
                },
                {
                    "word": "/vault/projects/axl/drw-1203.dxf",
                    "start": 51,
                    "end": 83,
                    "label": "기밀정보"
                }
            ]
        },
        {
            "sentence": "file_metadata: DRW-AXL-1203, 작성자 원지수, 버전 v2.1, 최종수정 2025-11-20T08:42:00Z, checksum sha256:abcd...로 기록되어 있습니다.",
            "id": "sample_016_0038_000019",
            "annotations": [
                {
                    "word": "DRW-AXL-1203",
                    "start": 15,
                    "end": 27,
                    "label": "기밀정보"
                },
                {
                    "word": "원지수",
                    "start": 33,
                    "end": 36,
                    "label": "개인정보"
                }
            ]
        },
        {
            "sentence": "EHS incident 보고서에는 2025-12-01T11:20:00Z에 경미한 화상사고가 기록되었고 관련자는 양애나로 표기되어 응급처치 후 귀가조치 되었습니다.",
            "id": "sample_016_0038_000020",
            "annotations": [
                {
                    "word": "양애나",
                    "start": 62,
                    "end": 65,
                    "label": "개인정보"
                }
            ]
        },
        {
            "sentence": "변경 이력(audit trail)은 각 레코드별로 변경자, 변경시각, 이전값을 포함하며 document_refs에 DRW-AXL-1203, QR-REF-88, WO-20251201-078를 연결합니다.",
            "id": "sample_016_0038_000021",
            "annotations": [
                {
                    "word": "DRW-AXL-1203",
                    "start": 64,
                    "end": 76,
                    "label": "기밀정보"
                },
                {
                    "word": "QR-REF-88",
                    "start": 78,
                    "end": 87,
                    "label": "기밀정보"
                },
                {
                    "word": "WO-20251201-078",
                    "start": 89,
                    "end": 104,
                    "label": "기밀정보"
                }
            ]
        },
        {
            "sentence": "레거시 시스템 CSV에서 일부 센서값이 소수점 표기 오류로 '75,1' 형태로 유입되어 정규화 단계에서 75.1로 보정되었습니다.",
            "id": "sample_016_0038_000022",
            "annotations": []
        },
        {
            "sentence": "센서 캘리브레이션 기록: S-TEMP-342는 2025-11-01에 교정되었고 교정자 김장우, 교정오차 ±0.3℃가 문서화되어 있습니다.",
            "id": "sample_016_0038_000023",
            "annotations": [
                {
                    "word": "김장우",
                    "start": 48,
                    "end": 51,
                    "label": "개인정보"
                }
            ]
        },
        {
            "sentence": "결측치는 선형 보간 또는 최근값 유지로 처리하며, 이상치는 IQR 기반 필터로 표시하고 운영팀 승인을 통해 삭제 여부를 결정합니다.",
            "id": "sample_016_0038_000024",
            "annotations": []
        },
        {
            "sentence": "데이터 보존정책은 규정에 따라 7년 보관이며 감사 로그는 변경마다 immutable 로그에 기록됩니다.",
            "id": "sample_016_0038_000025",
            "annotations": []
        },
        {
            "sentence": "제어 파라미터 PID(Kp=1.2, Ki=0.01, Kd=0.005)는 버전관리 되고 실장 변경 시 더블체크 서명이 필요합니다.",
            "id": "sample_016_0038_000026",
            "annotations": []
        },
        {
            "sentence": "접근제어 목록에는 내부 DNS와 서버 경로가 포함되며, 예시로 DB서버 호스트는 db-prod-01.internal이며 접속은 VPN으로 제한됩니다.",
            "id": "sample_016_0038_000027",
            "annotations": [
                {
                    "word": "db-prod-01.internal",
                    "start": 45,
                    "end": 64,
                    "label": "기밀정보"
                }
            ]
        },
        {
            "sentence": "조치항목: 1) 진동센서 추가 모니터링, 2) 캘리브레이션 주기 단축, 3) EHS 교육 보강, 담당자 엄효섭, 검토기한 2026-01-15로 지정합니다.",
            "id": "sample_016_0038_000028",
            "annotations": [
                {
                    "word": "엄효섭",
                    "start": 58,
                    "end": 61,
                    "label": "개인정보"
                }
            ]
        }
    ]
}