{
    "document_id": "016_0034",
    "document_title": "라인 L1 생산·공정 운영 및 품질보고서 (배치 B-20251201-01)",
    "data": [
        {
            "sentence": "본 문서는 라인 L1의 2025-12-01 배치 운영, 공정 파라미터, 품질검사 및 유지보수 이력을 통합하여 기록한 운영·품질 보고서입니다.",
            "id": "sample_016_0034_000001",
            "annotations": []
        },
        {
            "sentence": "문서 목적은 원재료 LOT→배치→완제품 단위의 추적성 유지와 예측정비 및 불량 원인 분석에 필요한 기초 데이터를 제공하는 것입니다.",
            "id": "sample_016_0034_000002",
            "annotations": []
        },
        {
            "sentence": "관련 문서 참조와 변경 이력은 document_refs에 DOC-2025-AUD-09를 포함하며 모든 변경은 ISO27001 준수 로그로 감사됩니다.",
            "id": "sample_016_0034_000003",
            "annotations": []
        },
        {
            "sentence": "BOM 요약: FG-2025-9001(완제품)은 BOM_ID BOM-AXL-001에 따라 PRT-452, PRT-453, RAW-MAT-101을 사용합니다.",
            "id": "sample_016_0034_000004",
            "annotations": []
        },
        {
            "sentence": "Work Order WO-2025-3301은 2025-12-01T06:00:00+09:00 시작으로 2025-12-01T18:00:00+09:00 종료를 목표로 하며 교대 및 배치 경계를 명시합니다.",
            "id": "sample_016_0034_000005",
            "annotations": []
        },
        {
            "sentence": "생산 스케줄은 3교대(06:00-14:00, 14:00-22:00, 22:00-06:00)로 설정되어 있으며 라인 L1의 머신 M-100, M-101이 배정되어 있습니다.",
            "id": "sample_016_0034_000006",
            "annotations": []
        },
        {
            "sentence": "교대정보: 2025-12-01 06:00 교대장(Shift Leader)은 전형섭이며 교대별 교체점검 체크리스트를 확인하도록 기록되었습니다.",
            "id": "sample_016_0034_000007",
            "annotations": [
                {
                    "word": "전형섭",
                    "start": 42,
                    "end": 45,
                    "label": "개인정보"
                }
            ]
        },
        {
            "sentence": "작업대(Work Station) 매핑: WS-01은 M-100(프레스), WS-02는 M-101(절단)으로 정의되어 있으며 각 장비는 고유 machine_id로 연계됩니다.",
            "id": "sample_016_0034_000008",
            "annotations": []
        },
        {
            "sentence": "머신 로그(예): sensor_id=S-1001, timestamp=2025-12-01T06:12:03.120Z, value=72.5°C; sensor_id=S-2001, timestamp=2025-12-01T06:12:03.130Z, value=1.12g.",
            "id": "sample_016_0034_000009",
            "annotations": []
        },
        {
            "sentence": "센서 타임시리즈 개요: 온도(S-1001)은 정상범위 65~85°C, 노이즈 표준편차 0.6°C, 드리프트 누적 ±0.8°C/주를 모사하여 저장합니다.",
            "id": "sample_016_0034_000010",
            "annotations": []
        },
        {
            "sentence": "유지보수 리포트: 2025-12-01T09:45:00Z에 예방정비 수행, 조치=베어링 교체 및 윤활, technician=구다니엘, technician_id=EMP-1001로 기록되어 캘리브레이션 태그가 첨부되었습니다.",
            "id": "sample_016_0034_000011",
            "annotations": [
                {
                    "word": "구다니엘",
                    "start": 68,
                    "end": 72,
                    "label": "개인정보"
                },
                {
                    "word": "EMP-1001",
                    "start": 88,
                    "end": 96,
                    "label": "개인정보"
                }
            ]
        },
        {
            "sentence": "품질검사 결과(요약): 검사ID Q-2025-1201, defect_code=DF-09(치수편차), 치수측정값은 78.4mm, 78.7mm, 79.1mm로 기록되며 불량률 0.8%입니다.",
            "id": "sample_016_0034_000012",
            "annotations": []
        },
        {
            "sentence": "인벤토리 레코드: SKU RAW-MAT-101, quantity=12,500, location=WH-A-02, 재고이력은 FIFO로 관리되고 로트 LOT-RM-20251130에 매핑됩니다.",
            "id": "sample_016_0034_000013",
            "annotations": []
        },
        {
            "sentence": "공급업체 계약: contract_id=CTR-2024-556, 공급사 ACME Components와의 단가 USD 12.50/개 조항 및 비공개 납기조건을 포함한 계약서가 연계되어 있습니다.",
            "id": "sample_016_0034_000014",
            "annotations": [
                {
                    "word": "CTR-2024-556",
                    "start": 21,
                    "end": 33,
                    "label": "기밀정보"
                },
                {
                    "word": "USD 12.50/개",
                    "start": 60,
                    "end": 71,
                    "label": "기밀정보"
                }
            ]
        },
        {
            "sentence": "출하명세서: shipping_manifest TRK-2025-7789에 배치 B-20251201-01의 FG-2025-9001 수량 3,200개가 기재되어 있으며 추적 링크가 MES에 저장됩니다.",
            "id": "sample_016_0034_000015",
            "annotations": []
        },
        {
            "sentence": "CAD 도면 참조: drawing_id=DRW-AXL-2102.dwg, 파일메타데이터(file_metadata)에는 파일경로 /srv/mes/drawings/DRW-AXL-2102.dwg 및 버전 v3이 포함됩니다.",
            "id": "sample_016_0034_000016",
            "annotations": [
                {
                    "word": "/srv/mes/drawings/DRW-AXL-2102.dwg",
                    "start": 70,
                    "end": 104,
                    "label": "기밀정보"
                },
                {
                    "word": "DRW-AXL-2102.dwg",
                    "start": 22,
                    "end": 38,
                    "label": "기밀정보"
                },
                {
                    "word": "DRW-AXL-2102.dwg",
                    "start": 88,
                    "end": 104,
                    "label": "기밀정보"
                }
            ]
        },
        {
            "sentence": "EHS 사고보고: 2025-12-01T07:22:10+09:00에 작업장 화학물질 소량 누출 발생, 보고자=곽채빈, 즉시 봉쇄 및 SDS 참조 후 청소조치가 수행되었습니다.",
            "id": "sample_016_0034_000017",
            "annotations": [
                {
                    "word": "곽채빈",
                    "start": 60,
                    "end": 63,
                    "label": "개인정보"
                }
            ]
        },
        {
            "sentence": "감사로그(audit trail)는 모든 보정, 수동수정, 권한승인 기록을 포함하며 변경사유와 변경자 ID, 타임스탬프를 보관합니다.",
            "id": "sample_016_0034_000018",
            "annotations": []
        },
        {
            "sentence": "센서 캘리브레이션 메타데이터: S-1001 정확도 ±0.5°C, 측정주기 1s, 최종캘리브레이션=2025-11-20T02:00:00Z, 보정로그는 별도 파일로 refer 처리됩니다.",
            "id": "sample_016_0034_000019",
            "annotations": []
        },
        {
            "sentence": "작업지침(MI) 및 검사절차는 MI-AXL-07로 버전 관리되어 MES에 연계되며 각 작업자는 작업지시서 확인 체크를 수행해야 합니다.",
            "id": "sample_016_0034_000020",
            "annotations": []
        },
        {
            "sentence": "레거시 데이터 연계 이슈: PLC 로그는 CSV, 외부 검사기 로그는 XML 포맷으로 수집되어 정규화 규칙이 적용되며 누락값은 보간정책으로 처리합니다.",
            "id": "sample_016_0034_000021",
            "annotations": []
        },
        {
            "sentence": "전력소비 이상패턴: 2025-12-01T10:00~10:30 사이 M-101의 전력 피크가 기준치 대비 18% 상승하여 원인분석용 고해상도 센서 데이터를 보관합니다.",
            "id": "sample_016_0034_000022",
            "annotations": []
        },
        {
            "sentence": "후속유지보수 조치로 PRT-452(베어링) 교체와 윤활 작업을 수행하였고 관련 부품 LOT와 교체시간은 정비이력에 기록됩니다.",
            "id": "sample_016_0034_000023",
            "annotations": []
        },
        {
            "sentence": "품질조치: 불량품은 재작업으로 전환하여 재작업 담당자 천영근이 치수 보정 및 재검사를 수행하였고 결과는 Q-2025-1201에 첨부되었습니다.",
            "id": "sample_016_0034_000024",
            "annotations": [
                {
                    "word": "천영근",
                    "start": 30,
                    "end": 33,
                    "label": "개인정보"
                }
            ]
        },
        {
            "sentence": "데이터 보존 및 SLA: 센서원시데이터는 최소 5년 보관, 실시간 스트리밍 레이턴시는 5초 이하, 처리량 및 알람 SLA는 운영계약에 명시됩니다.",
            "id": "sample_016_0034_000025",
            "annotations": []
        },
        {
            "sentence": "내·외부 보안: MES 접근은 권한기반으로 제한되며 내부 IP 10.0.4.12는 API 게이트웨이와 연계되어 있고 내부망 접근제어 로그에 기록됩니다.",
            "id": "sample_016_0034_000026",
            "annotations": [
                {
                    "word": "10.0.4.12",
                    "start": 35,
                    "end": 44,
                    "label": "기밀정보"
                }
            ]
        },
        {
            "sentence": "최종검토 및 서명: 품질관리팀장 오도아가 문서를 검토하였으며 승인일시 2025-12-01T12:30:00+09:00가 감사로그에 남습니다.",
            "id": "sample_016_0034_000027",
            "annotations": [
                {
                    "word": "오도아",
                    "start": 18,
                    "end": 21,
                    "label": "개인정보"
                }
            ]
        },
        {
            "sentence": "배치 추적성 요약: 원재료 LOT-RM-20251130 → 반제품 INP-20251201-07 → 완제품 FG-2025-9001(배치 B-20251201-01)로 매핑되어 출고 추적이 가능합니다.",
            "id": "sample_016_0034_000028",
            "annotations": []
        },
        {
            "sentence": "결론 및 권고: 캘리브레이션 주기 단축과 추가 진동센서 설치로 예측정비 정확도를 향상시키고 다음 보고서에 개선효과를 정량적으로 보고할 예정입니다.",
            "id": "sample_016_0034_000029",
            "annotations": []
        }
    ]
}