{
    "document_id": "069_0071",
    "document_title": "임업 모니터링 및 복원계획 보고서 — 시범 플롯 PLOT-069-00071",
    "data": [
        {
            "sentence": "본 문서는 임업 및 산림 관리의 현장·원격탐사 통합 모니터링 결과와 복원계획을 정리한 보고서입니다.",
            "id": "sample_069_0071_000001",
            "annotations": []
        },
        {
            "sentence": "문서 식별자: 069_0071, 작성 목적은 산림생태계 상태 평가, 탄소재고 추정 및 복원우선순위 도출입니다.",
            "id": "sample_069_0071_000002",
            "annotations": []
        },
        {
            "sentence": "연구 대상지는 소규모 시범지로 식별자 plot_id: PLOT-069-00071이며 공간좌표계는 EPSG:4326(WGS84)를 기본으로 사용했습니다.",
            "id": "sample_069_0071_000003",
            "annotations": []
        },
        {
            "sentence": "표고(elevation_m)는 135.4 m로 현장 GPS 및 1 m DEM 보정값 평균을 사용했고 불확실도는 ±5%로 산정했습니다.",
            "id": "sample_069_0071_000004",
            "annotations": []
        },
        {
            "sentence": "Stand 식별자는 stand_id: STAND-069-A이며 stand_age_years는 27년으로 나무링 및 역사자료로 보정했습니다.",
            "id": "sample_069_0071_000005",
            "annotations": []
        },
        {
            "sentence": "dominant_species는 Quercus mongolica(참나무류)로 보고되며 species_list에는 Pinus koraiensis, Betula costata 등이 포함됩니다.",
            "id": "sample_069_0071_000006",
            "annotations": []
        },
        {
            "sentence": "보호종 여부: 본 시범지에서 보호종 개체가 확인되었으나 보호종의 정확한 좌표는 공개하지 않고 행정구역 단위로만 집계하여 보고합니다.",
            "id": "sample_069_0071_000007",
            "annotations": []
        },
        {
            "sentence": "현장 플롯 정보: plot_id PLOT-069-00071에 대해 반경 15 m 고정 플롯을 사용했고 플롯 면적은 0.0707 ha로 표기했습니다.",
            "id": "sample_069_0071_000008",
            "annotations": []
        },
        {
            "sentence": "측정방법: DBH는 지표면에서 1.3 m 높이에서 측정(DBH 기준)하였고 수고는 총고 측정법을 적용했습니다.",
            "id": "sample_069_0071_000009",
            "annotations": []
        },
        {
            "sentence": "시료 표본: 각 플롯에서 임의 추출한 30본의 DBH(cm)와 수고(m)를 취합하여 평균 및 표준편차를 계산하였습니다.",
            "id": "sample_069_0071_000010",
            "annotations": []
        },
        {
            "sentence": "통계값: DBH 평균 24.6 cm(σ=6.4 cm), height 평균 12.8 m(σ=3.1 m), tree_count_per_plot 평균은 18그루입니다.",
            "id": "sample_069_0071_000011",
            "annotations": []
        },
        {
            "sentence": "Basal area는 28.3 m2·ha⁻1로 환산했으며 표준오차는 ±8%로 보고합니다.",
            "id": "sample_069_0071_000012",
            "annotations": []
        },
        {
            "sentence": "생체량 산정(biomass_estimate_t_ha)은 Chave et al. (2014) 계수를 지역 특성에 맞게 보정한 계수를 사용하여 123.4 t·ha⁻1(uncertainty ±12%)로 추정했습니다.",
            "id": "sample_069_0071_000013",
            "annotations": []
        },
        {
            "sentence": "Aboveground carbon은 생체량에 탄소함량 계수 0.47을 곱하여 58.0 t C·ha⁻1로 계산했으며 방법론은 VCS 지침을 준수했습니다.",
            "id": "sample_069_0071_000014",
            "annotations": []
        },
        {
            "sentence": "관측 일자(measurement_date)는 2024-07-15이며 현장조사는 건기(7월)에 수행되어 계절성 편향 가능성을 명시했습니다.",
            "id": "sample_069_0071_000015",
            "annotations": [
                {
                    "word": "2024",
                    "start": 25,
                    "end": 29,
                    "label": "준식별자"
                },
                {
                    "word": "07",
                    "start": 30,
                    "end": 32,
                    "label": "준식별자"
                },
                {
                    "word": "15",
                    "start": 33,
                    "end": 35,
                    "label": "준식별자"
                }
            ]
        },
        {
            "sentence": "관측자(observer_id)는 남빈이며 측정자 보정과 교차검증 로그가 현장 메타데이터에 포함되어 있습니다.",
            "id": "sample_069_0071_000016",
            "annotations": [
                {
                    "word": "남빈",
                    "start": 18,
                    "end": 20,
                    "label": "개인정보"
                }
            ]
        },
        {
            "sentence": "LiDAR 정보: 항공 LiDAR point_density_ppm은 12 p·m²(표기: 12 p/m²)이며 수집시기는 2023-10-21, 필터링 알고리즘은 Cloth Simulation 기반을 사용했습니다.",
            "id": "sample_069_0071_000017",
            "annotations": [
                {
                    "word": "2023",
                    "start": 67,
                    "end": 71,
                    "label": "준식별자"
                },
                {
                    "word": "10",
                    "start": 72,
                    "end": 74,
                    "label": "준식별자"
                },
                {
                    "word": "21",
                    "start": 75,
                    "end": 77,
                    "label": "준식별자"
                }
            ]
        },
        {
            "sentence": "원격탐사 입력은 satellite_image_id Sentinel-2_T33UUE를 사용하였고 cloud_cover_pct는 12%이며 해상도는 10 m입니다.",
            "id": "sample_069_0071_000018",
            "annotations": []
        },
        {
            "sentence": "토양 및 지형: soil_type은 산림사질토이며 slope_deg 평균 18.5°, aspect_deg 평균 230°로 배수성과 침식위험을 평가했습니다.",
            "id": "sample_069_0071_000019",
            "annotations": []
        },
        {
            "sentence": "land_use_class는 임지(자연림), ownership_type은 사유지(개인)로 표기하였고 owner_id는 홍보금으로 소유권 기록은 내부 감사용으로 보관합니다.",
            "id": "sample_069_0071_000020",
            "annotations": [
                {
                    "word": "홍보금",
                    "start": 66,
                    "end": 69,
                    "label": "개인정보"
                }
            ]
        },
        {
            "sentence": "harvest_permit_id는 HP-069-2023-00456로 기록되어 있으며 허가 문서는 규정에 따라 접근통제가 적용됩니다.",
            "id": "sample_069_0071_000021",
            "annotations": []
        },
        {
            "sentence": "certification_status는 FSC 인증 요구사항 준수로 표기하였고 carbon_project_id는 VCS-REG-2023-071로 등록번호를 기재했습니다.",
            "id": "sample_069_0071_000022",
            "annotations": []
        },
        {
            "sentence": "Wildfire risk index는 지역 모델 기반 계산으로 0.27(0~1 스케일)로 중간위험으로 분류하였습니다.",
            "id": "sample_069_0071_000023",
            "annotations": []
        },
        {
            "sentence": "해충 발생(pest_incident_report): 2022~2024 기간에 소규모 소나무재선충 의심 사례 3건이 보고되었고 대응조치와 추적관찰 기록이 마련되어 있습니다.",
            "id": "sample_069_0071_000024",
            "annotations": [
                {
                    "word": "2022",
                    "start": 29,
                    "end": 33,
                    "label": "준식별자"
                },
                {
                    "word": "2024",
                    "start": 34,
                    "end": 38,
                    "label": "준식별자"
                }
            ]
        },
        {
            "sentence": "restoration_action으로 침식방지 중심의 숲가꾸기 시행을 권고하며 대상면적 2.3 ha, 토종낙엽수 1,200본 식재를 계획하고 불확실도는 ±20%로 산정합니다.",
            "id": "sample_069_0071_000025",
            "annotations": []
        },
        {
            "sentence": "photo_url은 https://data.example.org/photos/069_0071_plotA.jpg로 현장메타데이터와 연계하여 보관합니다.",
            "id": "sample_069_0071_000026",
            "annotations": []
        },
        {
            "sentence": "boundary_geojson은 EPSG:4326으로 표기된 다각형(GeoJSON 형식)이며 예시 좌표는 [[ [127.5012,37.9876],[127.5030,37.9870],[127.5025,37.9860],[127.5012,37.9876] ]]입니다.",
            "id": "sample_069_0071_000027",
            "annotations": []
        },
        {
            "sentence": "메타데이터 표준은 ISO 19115를 따랐고 문서에는 사용된 표준식별자 및 버전 정보를 명시하였습니다.",
            "id": "sample_069_0071_000028",
            "annotations": []
        },
        {
            "sentence": "품질지표: 모니터링 데이터는 수집주기(연 1회) 및 관측 결측 여부를 표기하고 센서별 구름커버, LiDAR p·m², 공간해상도를 명시했습니다.",
            "id": "sample_069_0071_000029",
            "annotations": []
        },
        {
            "sentence": "권장 조치: 탄소검증을 위해 추가 시계열 LiDAR(3년 주기)와 계절별 표본조사를 권고하며 다음 단계 일정과 책임범위는 내부절차를 따릅니다.",
            "id": "sample_069_0071_000030",
            "annotations": []
        }
    ]
}