{
    "document_id": "069_0043",
    "document_title": "임업 현장조사 및 탄소계정 보고서: 춘천시 산림조사 단위",
    "data": [
        {
            "sentence": "본 문서는 임업 및 산림 관리(임업과학 기반) 관점에서 특정 조사 플롯의 현장측정과 원격탐사 기반 탄소계정을 종합 보고하기 위해 작성되었다.",
            "id": "sample_069_0043_000001",
            "annotations": []
        },
        {
            "sentence": "문서의 목적은 플롯 기반 생체량·탄소 스톡 산정, 산림건강(병해충·산불 위험), 인증·허가 관련 메타데이터를 제공하는 것이다.",
            "id": "sample_069_0043_000002",
            "annotations": []
        },
        {
            "sentence": "보고 대상 플롯 식별자는 plot_id=PLOT_CHN_0001로 표기하며, 공간좌표계는 WGS84(EPSG:4326)를 기본으로 사용한다.",
            "id": "sample_069_0043_000003",
            "annotations": []
        },
        {
            "sentence": "플롯 중심 좌표는 latitude=37.890123, longitude=127.123456, crs=EPSG:4326이며, 현장 고도는 elevation_m=420.5m로 측정되었다(측정기준기: GPS RTK, ±0.5m).",
            "id": "sample_069_0043_000004",
            "annotations": []
        },
        {
            "sentence": "측정일시(measurement_date)는 2024-05-18로 기록하며, 날짜 구성요소는 연도 2024, 월 05, 일 18로 분리해 보관한다.",
            "id": "sample_069_0043_000005",
            "annotations": [
                {
                    "word": "2024",
                    "start": 24,
                    "end": 28,
                    "label": "준식별자"
                },
                {
                    "word": "2024",
                    "start": 54,
                    "end": 58,
                    "label": "준식별자"
                },
                {
                    "word": "05",
                    "start": 29,
                    "end": 31,
                    "label": "준식별자"
                },
                {
                    "word": "05",
                    "start": 62,
                    "end": 64,
                    "label": "준식별자"
                },
                {
                    "word": "18",
                    "start": 32,
                    "end": 34,
                    "label": "준식별자"
                },
                {
                    "word": "18",
                    "start": 68,
                    "end": 70,
                    "label": "준식별자"
                }
            ]
        },
        {
            "sentence": "현장 관측자(observer_id)는 조익수이며, 기관 내부 사번은 20231234로 표기되었다(측정자 교정: 같은 팀 내 3인 교차검증 실시).",
            "id": "sample_069_0043_000006",
            "annotations": [
                {
                    "word": "조익수",
                    "start": 21,
                    "end": 24,
                    "label": "개인정보"
                },
                {
                    "word": "20231234",
                    "start": 38,
                    "end": 46,
                    "label": "개인정보"
                }
            ]
        },
        {
            "sentence": "스탠드 식별정보는 stand_id=ST_CHN_21, stand_age_years=38년(수종연분석·입목조사 기반 추정, 불확실도 ±10%)으로 보고한다.",
            "id": "sample_069_0043_000007",
            "annotations": []
        },
        {
            "sentence": "우점수종(dominant_species)은 소나무(Pinus densiflora)이며, species_list에는 소나무, 참나무류(Quercus spp.), 철쭉류가 포함되어 있다.",
            "id": "sample_069_0043_000008",
            "annotations": []
        },
        {
            "sentence": "직경(DBH)은 dbh_cm 중앙값 28.6cm, 수고는 height_m 평균 12.4m로 기록하였으며, DBH 측정 높이는 지표상 1.3m를 표준으로 하였다.",
            "id": "sample_069_0043_000009",
            "annotations": []
        },
        {
            "sentence": "플롯 기반 집계: tree_count_per_plot=25주, 표준 0.05ha 플롯 기준으로 환산한 basal_area_m2_ha=23.7m2/ha, biomass_estimate_t_ha=145.2t/ha(±12% 불확실도).",
            "id": "sample_069_0043_000010",
            "annotations": []
        },
        {
            "sentence": "지상부 탄소 저장량(aboveground_carbon_t_ha)은 70.1t/ha로 산정하였고, 생체량-탄소 전환계수는 0.47을 사용하였다(계수 출처: IPCC 2006 지역보정).",
            "id": "sample_069_0043_000011",
            "annotations": []
        },
        {
            "sentence": "플롯 조사는 표준 절차(inventory_method): 0.05ha 원형 플롯, DBH 측정 1.3m, 수고 측정은 하늘선형측정기(Laser rangefinder) 사용으로 수행했다.",
            "id": "sample_069_0043_000012",
            "annotations": []
        },
        {
            "sentence": "원격탐사 입력은 항공 LiDAR(lidar_point_density_ppm=8.4ppm), Sentinel-2 위성영상(satellite_image_id=S2A_MSIL2A_20240510), 구름덮개 cloud_cover_pct=12%를 사용했다.",
            "id": "sample_069_0043_000013",
            "annotations": []
        },
        {
            "sentence": "LiDAR 필터링 알고리즘은 Progressive Morphological Filter를 적용하였고, 점군 처리 시 지표·수관 분리를 위한 parameter 설정값을 메타에 포함했다.",
            "id": "sample_069_0043_000014",
            "annotations": []
        },
        {
            "sentence": "토양유형(soil_type)은 산림형 붉은 갈색 산림토로 분류되며, 경사 slope_deg=18°, 방위 aspect_deg=210°(남서향)으로 현장 수치경사계로 측정했다.",
            "id": "sample_069_0043_000015",
            "annotations": []
        },
        {
            "sentence": "토지이용(land_use_class)은 산림(상업용·관리림 혼합), 소유형태(ownership_type)는 private으로 표기하고 소유주 집계단위는 강원도 춘천시로 집계했다.",
            "id": "sample_069_0043_000016",
            "annotations": [
                {
                    "word": "춘천시",
                    "start": 89,
                    "end": 92,
                    "label": "준식별자"
                }
            ]
        },
        {
            "sentence": "해당 플롯은 사유지 경계와 인접하므로 소유자 세부정보는 행정구역 단위로 익명화하여 보고한다(소유자 집계: 춘천시).",
            "id": "sample_069_0043_000017",
            "annotations": []
        },
        {
            "sentence": "허가·인증 관련: harvest_permit_id=HP-2023-0042, certification_status=FSC 인증 대기(체인오브커스터디 검토 필요), carbon_project_id=VCS_CHN_0123로 표기한다.",
            "id": "sample_069_0043_000018",
            "annotations": []
        },
        {
            "sentence": "야생동물·보호종 위치는 공개밀점을 방지하기 위해 좌표를 행정구역 범위로 집계하였으며, 극민감종의 정확한 좌표는 비공개로 보관한다.",
            "id": "sample_069_0043_000019",
            "annotations": []
        },
        {
            "sentence": "산불 위험 평가는 wildfire_risk_index=0.62(0~1 척도), 기상인자·연료부하를 결합한 산불취약성 모델을 사용했다(불확실도 ±15%).",
            "id": "sample_069_0043_000020",
            "annotations": []
        },
        {
            "sentence": "해충 발생 기록(pest_incident_report)에는 2023년 봄 흰가루병 및 소나무재선충 유사 증상 관찰이 기재되어 있으며, 추가 정밀 진단이 권고된다.",
            "id": "sample_069_0043_000021",
            "annotations": []
        },
        {
            "sentence": "복원 조치(restoration_action)는 방풍림 구축 및 식재(혼효 수종 10% 비율)로 설계되었으며, 모니터링 주기는 연 1회로 설정했다.",
            "id": "sample_069_0043_000022",
            "annotations": []
        },
        {
            "sentence": "현장 사진(photo_url)은 https://example.org/photos/PLOT_CHN_0001_20240518.jpg로 저장되어 있으며, 메타데이터는 ISO 19115 규격을 준수한다.",
            "id": "sample_069_0043_000023",
            "annotations": []
        },
        {
            "sentence": "경계(boundary_geojson)는 GeoJSON 형식으로 저장되어 있으며 예시: {\"type\":\"Feature\",\"geometry\":{\"type\":\"Polygon\",\"coordinates\":[[[127.1229,37.8899],[127.1239,37.8899],[127.1239,37.8909],[127.1229,37.8909],[127.1229,37.8899]]]},\"properties\":{}}.",
            "id": "sample_069_0043_000024",
            "annotations": []
        },
        {
            "sentence": "메타데이터 표준은 ISO 19115를 따르며, 데이터셋에는 수집방법, 샘플링설계, 변환계수 및 버전 식별자(version=1.0)를 포함한다.",
            "id": "sample_069_0043_000025",
            "annotations": []
        },
        {
            "sentence": "생체량 추정식은 Chave et al. 계열의 지역보정식 적용(AGB = 0.0673 * (ρD2H)0.976)이며, 목질밀도(ρ)는 종별 문헌값을 사용했다.",
            "id": "sample_069_0043_000026",
            "annotations": []
        },
        {
            "sentence": "시계열 데이터: 2018~2024년 연간 관측치가 있으며, 결측(observation gaps)은 2020년 겨울 시즌 접근불가로 일부 존재한다(결측표시 포함).",
            "id": "sample_069_0043_000027",
            "annotations": []
        },
        {
            "sentence": "원격센서 품질지표로 Sentinel-2 해상도 10m, LiDAR 점밀도 8.4ppm, 구름덮개 12%, 관측수신각 보정값은 각 이미지 메타에 기록한다.",
            "id": "sample_069_0043_000028",
            "annotations": []
        },
        {
            "sentence": "규제·인증 적합성 검토 결과는 VCS 관련 계정 매핑과 FSC 체인오브커스터디 요구사항 확인이 필요하다고 권고한다.",
            "id": "sample_069_0043_000029",
            "annotations": []
        },
        {
            "sentence": "결론 및 권고: 연차모니터링 지속, 병해충 정밀진단, 복원식재 우선구역 설정 및 데이터의 ISO 19115 메타데이터 완비를 권장한다.",
            "id": "sample_069_0043_000030",
            "annotations": []
        }
    ]
}