{
    "document_id": "069_0073",
    "document_title": "홍천 권역 임분 성장 및 탄소저장량 평가 보고서",
    "data": [
        {
            "sentence": "본 보고서는 홍천권역 임분의 성장, 탄소저장량 및 복원행동을 평가하기 위해 작성되었으며, 관리·계획 결정 지원을 목적으로 한다.",
            "id": "sample_069_0073_000001",
            "annotations": []
        },
        {
            "sentence": "조사 대상지는 행정구역 기준으로 강원도 홍천군 북방면에 위치하며, 접근성 및 보호종 민감성을 고려해 소속 행정단위 단위로 정보가 제공된다.",
            "id": "sample_069_0073_000002",
            "annotations": [
                {
                    "word": "강원도",
                    "start": 18,
                    "end": 21,
                    "label": "준식별자"
                },
                {
                    "word": "홍천군",
                    "start": 22,
                    "end": 25,
                    "label": "준식별자"
                },
                {
                    "word": "북방면",
                    "start": 26,
                    "end": 29,
                    "label": "준식별자"
                }
            ]
        },
        {
            "sentence": "표준 플롯 식별자(plot_id)는 PLOT-069-0073-01이며, 중심점 좌표는 위도 37.737512, 경도 127.831245 (CRS: EPSG:4326)로 기록되었다.",
            "id": "sample_069_0073_000003",
            "annotations": []
        },
        {
            "sentence": "표고(elevation_m)는 412 m로 측정되었고, 임분 식별자(stand_id)는 ST-2023-09-05로 할당되었다.",
            "id": "sample_069_0073_000004",
            "annotations": []
        },
        {
            "sentence": "임분 연령(stand_age_years)은 현장 측정에 따른 42년으로 추정되며, 우점수종은 참나무(Quercus spp.)로 표기되었다; 수종목록(species_list)은 Quercus mongolica, Pinus koraiensis 등으로 구성된다.",
            "id": "sample_069_0073_000005",
            "annotations": []
        },
        {
            "sentence": "직경(dbh_cm)은 플롯 내 25목의 DBH 평균 28.6 cm(측정높이 1.3 m)이며, 측정 표준편차는 6.2 cm로 보고된다.",
            "id": "sample_069_0073_000006",
            "annotations": []
        },
        {
            "sentence": "수고(height_m) 평균은 14.8 m이며, 플롯당 수목수(tree_count_per_plot)는 25주, 단위면적 환산 기초면적(basal_area_m2_ha)은 28.5 m2·ha-1로 계산되었다.",
            "id": "sample_069_0073_000007",
            "annotations": []
        },
        {
            "sentence": "생체량 추정(biomass_estimate_t_ha)은 항공·현장 융합방법 결과 150.3 t·ha-1(불확실도 ±12%)이며, 지상부 탄소(aboveground_carbon_t_ha)는 69.6 t·ha-1로 환산하였다(탄소비율 0.46 적용).",
            "id": "sample_069_0073_000008",
            "annotations": []
        },
        {
            "sentence": "조사방법(inventory_method)은 체계적 표본법 및 0.05 ha 원형플롯(반지름 12.62 m)을 사용하였고, 측정일(measurement_date)은 2024년 5월 12일이며, 관측자(observer_id)는 문승민으로 기록되었다.",
            "id": "sample_069_0073_000009",
            "annotations": [
                {
                    "word": "2024년",
                    "start": 91,
                    "end": 96,
                    "label": "준식별자"
                },
                {
                    "word": "5월",
                    "start": 97,
                    "end": 99,
                    "label": "준식별자"
                },
                {
                    "word": "12일",
                    "start": 100,
                    "end": 103,
                    "label": "준식별자"
                },
                {
                    "word": "문승민",
                    "start": 125,
                    "end": 128,
                    "label": "개인정보"
                }
            ]
        },
        {
            "sentence": "LiDAR 관련 메타데이터로 포인트밀도(lidar_point_density_ppm)는 6.8 ppm이며, 전처리에는 Last returns 필터와 class별 noise removal을 적용하였다(알고리즘: LAStools v2.4 기반).",
            "id": "sample_069_0073_000010",
            "annotations": []
        },
        {
            "sentence": "원격센서 정보로 Sentinel-2 L2A 이미지(satellite_image_id: S2A_MSIL2A_20240510T041601_N0209_R021_T52SMK)를 사용하였고, 구름피복(cloud_cover_pct)은 7.4%였다.",
            "id": "sample_069_0073_000011",
            "annotations": []
        },
        {
            "sentence": "토양유형(soil_type)은 Loam-유기질이 풍부한 표토이며, 경사(slope_deg)는 평균 18.5°, 방위(aspect_deg)는 북동향 45°로 현장기록되었다.",
            "id": "sample_069_0073_000012",
            "annotations": []
        },
        {
            "sentence": "토지이용(land_use_class)은 산림으로 분류되며, 소유유형(ownership_type)은 사유지(private)로 표기되었고, 소유자 식별자(owner_id)는 내부식별자 OWN-009로 기록되어 있다.",
            "id": "sample_069_0073_000013",
            "annotations": [
                {
                    "word": "OWN-009",
                    "start": 101,
                    "end": 108,
                    "label": "기밀정보"
                }
            ]
        },
        {
            "sentence": "벌채허가번호(harvest_permit_id)는 HP-2023-0587로 등록되어 있으며, 본 허가정보는 규정상 내부공개 제한 대상이다.",
            "id": "sample_069_0073_000014",
            "annotations": [
                {
                    "word": "HP-2023-0587",
                    "start": 27,
                    "end": 39,
                    "label": "기밀정보"
                }
            ]
        },
        {
            "sentence": "본 필드 데이터는 탄소프로젝트(carbon_project_id: VCS-PRJ-0142) 모니터링 자료로도 사용되며, 프로젝트 식별자는 보안상 관리된다.",
            "id": "sample_069_0073_000015",
            "annotations": [
                {
                    "word": "VCS-PRJ-0142",
                    "start": 36,
                    "end": 48,
                    "label": "기밀정보"
                }
            ]
        },
        {
            "sentence": "산불위험지수(wildfire_risk_index)는 중간(3/5) 수준으로 평가되었고, 병해충 발생(pest_incident_report)은 최근 2년 내에 소형 바구미 피해(발생면적 0.4 ha)로 보고되었다.",
            "id": "sample_069_0073_000016",
            "annotations": []
        },
        {
            "sentence": "복원행동(restoration_action)으로는 굴취지 복원(심기: 참나무 조림 2,000주·ha-1 예정) 및 외래종 제거가 권고되며, 예상 수행기간은 2025–2027년으로 제시한다.",
            "id": "sample_069_0073_000017",
            "annotations": []
        },
        {
            "sentence": "현장사진(photo_url)은 https://data.forestry.example.org/photos/069_0073_plot01.jpg 에 저장되어 있으며, 메타데이터에는 촬영자, 촬영각도 및 촬영시간이 포함된다.",
            "id": "sample_069_0073_000018",
            "annotations": []
        },
        {
            "sentence": "경계(boundary_geojson)는 WGS84 좌표계로 제공되며, FeatureCollection 형식의 GeoJSON으로 경계폴리곤을 첨부한다.",
            "id": "sample_069_0073_000019",
            "annotations": []
        },
        {
            "sentence": "예시 경계 GeoJSON(feature): {\"type\":\"Feature\",\"geometry\":{\"type\":\"Polygon\",\"coordinates\":[[[127.8308,37.7371],[127.8320,37.7371],[127.8320,37.7380],[127.8308,37.7380],[127.8308,37.7371]]]}} (CRS: EPSG:4326).",
            "id": "sample_069_0073_000020",
            "annotations": []
        },
        {
            "sentence": "데이터 상호운용성 요구를 충족하기 위해 ISO 19115 메타데이터와 OGC WMS/WFS 엔드포인트, Cloud-Optimized GeoTIFF를 권장한다; 메타데이터 식별자 버전은 1.0.0이다.",
            "id": "sample_069_0073_000021",
            "annotations": []
        },
        {
            "sentence": "DBH 및 수고 측정방법은 측정높이 1.3 m, 플롯 반지름 12.62 m(0.05 ha)로 표준화하였고, 측정자 간 변이 최소화를 위해 교차보정(calibration)을 실시하였다.",
            "id": "sample_069_0073_000022",
            "annotations": []
        },
        {
            "sentence": "생체량 변환식은 Chave et al. (2014)의 보정 계수를 사용하여 AGB = 0.0673*(ρ·D2·H)^0.976 형태로 적용하였으며, 목질밀도 ρ는 수종별 문헌값을 사용했다.",
            "id": "sample_069_0073_000023",
            "annotations": []
        },
        {
            "sentence": "불확실도는 현장측정 ±10–15%, LiDAR 기반 추정 ±12–20% 범위를 보였으며, 총 불확실도는 결합오차 전파법을 통해 산출하였다.",
            "id": "sample_069_0073_000024",
            "annotations": []
        },
        {
            "sentence": "시계열 자료의 수집주기는 연 1회로 설정되었고, 구름으로 인한 위성관측 결측은 최근 3년간 총 2건(측정일 기준)으로 기록되었다.",
            "id": "sample_069_0073_000025",
            "annotations": []
        },
        {
            "sentence": "목재 유통에서는 체인오브커스터디(chain-of-custody) 추적을 요구하며, 산림인증 및 탄소회계 규격(VCS, FSC)의 요구사항을 충족해야 한다.",
            "id": "sample_069_0073_000026",
            "annotations": []
        },
        {
            "sentence": "권장 재측정 주기는 5년이며, 중간 모니터링은 2년 주기로 원격탐사와 현장조사를 병행하여 수행할 것을 제안한다.",
            "id": "sample_069_0073_000027",
            "annotations": []
        },
        {
            "sentence": "요약: 플롯 PLOT-069-0073-01의 평균 DBH 28.6 cm, AGB 150.3 t·ha-1, AGC 69.6 t·ha-1이며, 즉각적 복원행동과 5년 주기 재평가를 권고한다.",
            "id": "sample_069_0073_000028",
            "annotations": []
        }
    ]
}