{
    "document_id": "069_0013",
    "document_title": "봉화군 물야면 소나무림 인벤토리 및 복원계획 보고서",
    "data": [
        {
            "sentence": "본 보고서는 봉화군 물야면 일대의 산림현황, 생체량 및 복원계획 수립을 목적으로 작성되었습니다.",
            "id": "sample_069_0013_000001",
            "annotations": []
        },
        {
            "sentence": "사업지는 경상북도 봉화군 물야면에 소재하며 행정경계 단위로 집계되어 공개·비공개 기준에 따라 처리됩니다.",
            "id": "sample_069_0013_000002",
            "annotations": [
                {
                    "word": "경상북도",
                    "start": 5,
                    "end": 9,
                    "label": "준식별자"
                },
                {
                    "word": "봉화군",
                    "start": 10,
                    "end": 13,
                    "label": "준식별자"
                },
                {
                    "word": "물야면",
                    "start": 14,
                    "end": 17,
                    "label": "준식별자"
                }
            ]
        },
        {
            "sentence": "plot_id는 PLOT-069-0001이며 위치는 위도 36.995, 경도 128.741 (CRS: EPSG:4326)로 보고합니다.",
            "id": "sample_069_0013_000003",
            "annotations": []
        },
        {
            "sentence": "현장 지점의 표고 elevation_m은 540 m(측정 오차 ±2 m)로 기재하였고 기준은 GPS 보정값을 사용했습니다.",
            "id": "sample_069_0013_000004",
            "annotations": []
        },
        {
            "sentence": "stand_id는 ST-2023-069-A이며 stand_age_years는 현장표본 및 수목움직임 모형으로 42년(불확실도 ±10%)로 추정됩니다.",
            "id": "sample_069_0013_000005",
            "annotations": []
        },
        {
            "sentence": "dominant_species는 소나무(Pinus densiflora)로 확인되었고 species_list에는 소나무, 낙엽송, 참나무류가 포함됩니다.",
            "id": "sample_069_0013_000006",
            "annotations": []
        },
        {
            "sentence": "표본 플롯은 반지름 12.62 m(0.05 ha)로 설정하고 DBH 측정높이 1.3 m에서 측정했으며 dbh_cm 평균은 28.5 cm였습니다.",
            "id": "sample_069_0013_000007",
            "annotations": []
        },
        {
            "sentence": "평균 수고 height_m은 12.8 m이며 tree_count_per_plot은 22주로 집계되었고 이를 단위면적으로 환산하였습니다.",
            "id": "sample_069_0013_000008",
            "annotations": []
        },
        {
            "sentence": "현장측정 기반 basal_area_m2_ha는 28.6 m2·ha-1이며 biomass_estimate_t_ha는 현장·LiDAR 통합모델로 167.8 t·ha-1(±12%)로 보고합니다.",
            "id": "sample_069_0013_000009",
            "annotations": []
        },
        {
            "sentence": "inventory_method은 혼합(현장 표본+항공 LiDAR 보정)이며 measurement_date는 2024-05-14, 관측자 observer_id: 류태언이 현장기록을 담당했습니다.",
            "id": "sample_069_0013_000010",
            "annotations": [
                {
                    "word": "류태언",
                    "start": 89,
                    "end": 92,
                    "label": "개인정보"
                },
                {
                    "word": "2024",
                    "start": 60,
                    "end": 64,
                    "label": "준식별자"
                },
                {
                    "word": "05",
                    "start": 65,
                    "end": 67,
                    "label": "준식별자"
                },
                {
                    "word": "14",
                    "start": 68,
                    "end": 70,
                    "label": "준식별자"
                }
            ]
        },
        {
            "sentence": "LiDAR 포인트밀도 lidar_point_density_ppm는 8.6 ppm(필터링 알고리즘: Progressive TIN Densification 적용)이며 satellite_image_id는 SENTINEL2_L2A_20240428, cloud_cover_pct는 12%입니다.",
            "id": "sample_069_0013_000011",
            "annotations": []
        },
        {
            "sentence": "soil_type은 산림토(부식층 A/B 혼합)로 분류되며 slope_deg는 22°, aspect_deg는 135°(남동향)로 측정되었습니다.",
            "id": "sample_069_0013_000012",
            "annotations": []
        },
        {
            "sentence": "land_use_class는 산림(상업용·조림지 혼재)이며 ownership_type은 사유지로 파악되었고 소유자 소재지는 경상북도 / 봉화군 / 물야면, owner_id(명시): 김이솜로 등록되어 있습니다.",
            "id": "sample_069_0013_000013",
            "annotations": [
                {
                    "word": "김이솜",
                    "start": 101,
                    "end": 104,
                    "label": "개인정보"
                }
            ]
        },
        {
            "sentence": "harvest_permit_id는 BOS-HP-2023-0098(허가 문서 번호, 일부 항목은 내부 기밀로 분류됨)으로 기록되어 있습니다.",
            "id": "sample_069_0013_000014",
            "annotations": [
                {
                    "word": "BOS-HP-2023-0098",
                    "start": 19,
                    "end": 35,
                    "label": "기밀정보"
                }
            ]
        },
        {
            "sentence": "certification_status는 FSC 인증대상 아님(예비심사 대상)으로 표기하였고 메타데이터는 ISO 19115:2014 규격을 따릅니다.",
            "id": "sample_069_0013_000015",
            "annotations": []
        },
        {
            "sentence": "carbon_project_id는 VCS-CP-0142로 연계 관리하며 탄소회계 시나리오와 검증절차를 준비 중입니다.",
            "id": "sample_069_0013_000016",
            "annotations": []
        },
        {
            "sentence": "wildfire_risk_index는 지역화된 모델로 0.46(0~1 척도, 중간위험)으로 계산되었고 pest_incident_report에는 2022년 솔나방 발생으로 약 0.8 ha 피해가 보고되었습니다.",
            "id": "sample_069_0013_000017",
            "annotations": []
        },
        {
            "sentence": "restoration_action으로 피해지역 인공조림(토종 소나무 3,200주 예정, 2025년 시행)과 병해충 모니터링 강화 계획을 수립했습니다.",
            "id": "sample_069_0013_000018",
            "annotations": []
        },
        {
            "sentence": "현장사진은 photo_url: https://example.org/photos/069_0013_plot1.jpg에 저장되어 있으며 접근과 사용은 내부 승인 절차를 따릅니다.",
            "id": "sample_069_0013_000019",
            "annotations": []
        },
        {
            "sentence": "boundary_geojson: {\"type\":\"Feature\",\"geometry\":{\"type\":\"Polygon\",\"coordinates\":[[[128.738,36.993],[128.744,36.993],[128.744,36.997],[128.738,36.997],[128.738,36.993]]]},\"properties\":{\"plot_id\":\"PLOT-069-0001\"}}",
            "id": "sample_069_0013_000020",
            "annotations": []
        },
        {
            "sentence": "DBH 측정방법은 지상 1.3 m에서 테이프 사용, 플롯 반지름 12.62 m(0.05 ha) 기준이며 측정자 간 교차검증을 수행했습니다.",
            "id": "sample_069_0013_000021",
            "annotations": []
        },
        {
            "sentence": "생체량 변환식은 Chave et al. (2005) 지역계수를 참조하여 AGB 계산식을 적용했고 목종별 목밀도(ρ)는 문헌값을 사용했습니다.",
            "id": "sample_069_0013_000022",
            "annotations": []
        },
        {
            "sentence": "생체량 및 탄소 추정의 불확실도는 원격탐사 입력 및 표본수 한계로 ±12~18%를 적용하였고 불확실도 산정은 Monte Carlo 시뮬레이션 기반입니다.",
            "id": "sample_069_0013_000023",
            "annotations": []
        },
        {
            "sentence": "시계열 데이터 수집 주기는 연 1회(현장) 및 연 2회(위성 계절 관측)로 계획하였고 겨울철 접근 제한으로 일부 결측이 존재합니다.",
            "id": "sample_069_0013_000024",
            "annotations": []
        },
        {
            "sentence": "원격센서 품질지표로 LiDAR 수신각 평균 18°, 수평해상도 0.25 m, 위성자료의 클라우드 커버 비율은 cloud_cover_pct 필드로 문서화하였습니다.",
            "id": "sample_069_0013_000025",
            "annotations": []
        },
        {
            "sentence": "데이터 상호운용성 확보를 위해 메타데이터는 ISO 19115와 OGC 표준을 준수하고 GeoTIFF/COG 포맷으로 배포 계획을 수립했습니다.",
            "id": "sample_069_0013_000026",
            "annotations": []
        },
        {
            "sentence": "목재 유통의 chain-of-custody는 허가번호와 산출물 바코드로 연계 관리하며 관련 절차와 내부양식은 기밀로 분류합니다.",
            "id": "sample_069_0013_000027",
            "annotations": []
        },
        {
            "sentence": "권장 조치: 1) 과밀 소나무지 간벌, 2) 병해충 지속 모니터링, 3) 탄소프로젝트 검증요건(계측·검증 데이터 품질) 충족을 위한 추가 표본조사 실시입니다.",
            "id": "sample_069_0013_000028",
            "annotations": []
        },
        {
            "sentence": "보고서 버전관리와 변경이력은 기관 내부 규정에 따라 유지되며 원본 현장데이터는 안전한 저장소에 보관합니다.",
            "id": "sample_069_0013_000029",
            "annotations": []
        }
    ]
}