{
    "document_id": "069_0093",
    "document_title": "평창군 표준 대상지 임분 조사 및 탄소평가 보고서",
    "data": [
        {
            "sentence": "본 문서는 강원도 평창군 지역의 표준 임분(plot) 조사와 탄소저장량 추정을 위한 기술보고서이며 관리계획 수립을 목적으로 작성되었다.",
            "id": "sample_069_0093_000001",
            "annotations": []
        },
        {
            "sentence": "조사 대상 좌표계는 WGS84(EPSG:4326)를 기본으로 사용하였으며 모든 공간좌표와 GeoJSON 경계는 해당 CRS로 표기하였다.",
            "id": "sample_069_0093_000002",
            "annotations": []
        },
        {
            "sentence": "boundary_geojson: {\"type\":\"Polygon\",\"coordinates\":[[[128.1234,37.1234],[128.1240,37.1234],[128.1240,37.1228],[128.1234,37.1228],[128.1234,37.1234]]],\"crs\":\"EPSG:4326\"}.",
            "id": "sample_069_0093_000003",
            "annotations": []
        },
        {
            "sentence": "plot_id: PLOT_2024_045, latitude: 37.1234, longitude: 128.1234, crs: EPSG:4326, elevation_m: 845.",
            "id": "sample_069_0093_000004",
            "annotations": []
        },
        {
            "sentence": "stand_id: STND_09A, stand_age_years: 42, dominant_species: Pinus koraiensis(한국잣나무), species_list: [Pinus koraiensis, Quercus mongolica, Acer pictum].",
            "id": "sample_069_0093_000005",
            "annotations": []
        },
        {
            "sentence": "현장계측값: dbh_cm(평균): 28.3 ± 5%, height_m(평균): 14.7 ± 10%, tree_count_per_plot: 18개(표준 0.05 ha 기준), basal_area_m2_ha: 28.6 ± 12%.",
            "id": "sample_069_0093_000006",
            "annotations": []
        },
        {
            "sentence": "생체량·탄소 추정: biomass_estimate_t_ha: 185.2 ± 18% t/ha, aboveground_carbon_t_ha: 92.6 ± 18% tC/ha, 계산식: AGB = 0.0673 × (ρD2H)0.976 (출처: Chave et al., 2014 보정계수 적용).",
            "id": "sample_069_0093_000007",
            "annotations": []
        },
        {
            "sentence": "측정방법: DBH는 지면으로부터 1.3 m에서 측정하였으며 플롯 반지름은 12.62 m(0.05 ha), 샘플러 정렬 및 측정자 보정 절차를 ISO 권고안에 따라 시행하였다.",
            "id": "sample_069_0093_000008",
            "annotations": []
        },
        {
            "sentence": "measurement_date: 2024-09-15; observer_id: 하서안; observer_contact: 010-1234-5678; observer_email: owner.kim@example.org; 토지소유자(명칭): 김강혁.",
            "id": "sample_069_0093_000009",
            "annotations": [
                {
                    "word": "하서안",
                    "start": 43,
                    "end": 46,
                    "label": "개인정보"
                },
                {
                    "word": "010-1234-5678",
                    "start": 66,
                    "end": 79,
                    "label": "개인정보"
                },
                {
                    "word": "owner.kim@example.org",
                    "start": 97,
                    "end": 118,
                    "label": "개인정보"
                },
                {
                    "word": "김강혁",
                    "start": 131,
                    "end": 134,
                    "label": "개인정보"
                },
                {
                    "word": "2024",
                    "start": 18,
                    "end": 22,
                    "label": "준식별자"
                },
                {
                    "word": "09",
                    "start": 23,
                    "end": 25,
                    "label": "준식별자"
                },
                {
                    "word": "15",
                    "start": 26,
                    "end": 28,
                    "label": "준식별자"
                }
            ]
        },
        {
            "sentence": "LiDAR 정보: lidar_point_density_ppm: 6.8 ppm, 수집플랫폼: 항공 LiDAR, 필터링 알고리즘: Progressive TIN densification(v2), 포인트 분포 불확실도 ±15%.",
            "id": "sample_069_0093_000010",
            "annotations": []
        },
        {
            "sentence": "원격감시자료: satellite_image_id: S2A_MSIL2A_20240910T083601_N0209_R022_T52UWG, cloud_cover_pct: 12%, 센서 해상도: 10 m (밴드별), 수신각 및 시계열 간 정합성 검토 포함.",
            "id": "sample_069_0093_000011",
            "annotations": []
        },
        {
            "sentence": "토양 및 지형: soil_type: 점토-사질(Loam), slope_deg: 18°, aspect_deg: 135°(SE), 토양층 깊이와 유기물 함량은 현장 시료 기반 추정값을 병기하였다.",
            "id": "sample_069_0093_000012",
            "annotations": []
        },
        {
            "sentence": "land_use_class: 산림(혼효림), ownership_type: private(individual), owner_id: OWNER_0001, owner_address: 강원도 평창군 진부면 봉평리 123-4(익명화 전 기록).",
            "id": "sample_069_0093_000013",
            "annotations": [
                {
                    "word": "OWNER_0001",
                    "start": 72,
                    "end": 82,
                    "label": "개인정보"
                },
                {
                    "word": "강원도 평창군 진부면 봉평리 123-4",
                    "start": 99,
                    "end": 120,
                    "label": "개인정보"
                },
                {
                    "word": "평창군",
                    "start": 103,
                    "end": 106,
                    "label": "준식별자"
                },
                {
                    "word": "진부면",
                    "start": 107,
                    "end": 110,
                    "label": "준식별자"
                }
            ]
        },
        {
            "sentence": "harvest_permit_id: HP-2024-0789(유효성검증 필요), certification_status: FSC Controlled Wood 적용 검토중, carbon_project_id: VCS-REG-0056, 승인 담당자: 진환.",
            "id": "sample_069_0093_000014",
            "annotations": [
                {
                    "word": "HP-2024-0789",
                    "start": 19,
                    "end": 31,
                    "label": "기밀정보"
                },
                {
                    "word": "진환",
                    "start": 134,
                    "end": 136,
                    "label": "개인정보"
                }
            ]
        },
        {
            "sentence": "wildfire_risk_index: 3.7(범주: 중간), 과거 5년간 pest_incident_report: 소규모 잎마름병 2022년 기록, 발생면적 0.3 ha로 통제됨.",
            "id": "sample_069_0093_000015",
            "annotations": []
        },
        {
            "sentence": "restoration_action: 경사면 침식 방지용 완충대 조성(2 ha), 후속 인공식재 2025-2026 계획 포함; 관련 현장사진은 photo_url: https://example.org/photos/plot_PLOT_2024_045.jpg.",
            "id": "sample_069_0093_000016",
            "annotations": []
        },
        {
            "sentence": "목재 물류와 체인오브커스터디: 해당지 벌채 시 FSC/PEFC 기준에 따른 문서화와 체계적 추적을 의무화하며 로트ID와 운송기록을 유지한다.",
            "id": "sample_069_0093_000017",
            "annotations": []
        },
        {
            "sentence": "메타데이터는 ISO 19115 표준에 따라 작성하였으며 파일 식별자: MD_069_0093_v1.0, 작성일: 2024-10-01, 작성자 기관 코드 및 버전 정보를 포함한다.",
            "id": "sample_069_0093_000018",
            "annotations": []
        },
        {
            "sentence": "품질·검증: 현장조사 주기: 연 1회(계절: 가을), 결측 여부 및 보간방법을 문서화하였고 표본오차와 측정자 간 편차 보정을 보고서에 포함하였다.",
            "id": "sample_069_0093_000019",
            "annotations": []
        },
        {
            "sentence": "시계열 데이터: 2018-2024 연간 관측치 보유, LiDAR는 2019·2023년 2회 수집으로 수집주기에 따른 불확실도 차이를 표기하였다.",
            "id": "sample_069_0093_000020",
            "annotations": []
        },
        {
            "sentence": "생체량 모델 계수 및 계산식 출처: Chave et al. (2014) 기본식, 지역보정계수 A=0.0673, 목질밀도 ρ는 현장 표본의 평균값 사용(불확실도 ±12%).",
            "id": "sample_069_0093_000021",
            "annotations": []
        },
        {
            "sentence": "불확실도 전파: 부트스트랩과 Monte Carlo 시뮬레이션을 병행하여 ±표준오차를 산출하였으며 신뢰구간은 95%로 제시하였다.",
            "id": "sample_069_0093_000022",
            "annotations": []
        },
        {
            "sentence": "데이터 공유와 접근권한: 민감정보(소유자 상세주소, 연락처 등)는 익명화 또는 집계 제공하며 원시식별자는 내부 보관 후 접근 통제한다.",
            "id": "sample_069_0093_000023",
            "annotations": []
        },
        {
            "sentence": "실무적 권고사항: 추가 조사시 표준 플롯 10개 이상 증설, LiDAR 최소 8 ppm 확보, 산림인증 검토와 탄소프로젝트 등록 요건을 병행 검토할 것을 권고한다.",
            "id": "sample_069_0093_000024",
            "annotations": []
        },
        {
            "sentence": "요약 결론: 대상 임분은 중고령 혼효림으로 탄소저장 잠재력이 중간 수준이며, 제안된 모니터링 및 복원조치 이행을 통해 탄소 신용화 및 지속가능 관리가 가능하다.",
            "id": "sample_069_0093_000025",
            "annotations": []
        }
    ]
}