{
    "document_id": "069_0056",
    "document_title": "2024년 춘천 표본지 산림현장조사 보고서 (표본지 069_0056)",
    "data": [
        {
            "sentence": "문서 개요: 본 보고서는 임업 및 산림 관리 목적의 2024년 춘천 표본지 현장조사 결과를 요약합니다.",
            "id": "sample_069_0056_000001",
            "annotations": []
        },
        {
            "sentence": "조사대상 식별자(plot_id): PLOT-069-0056, 임단구분(stand_id): STAND-045로 표기되었습니다.",
            "id": "sample_069_0056_000002",
            "annotations": []
        },
        {
            "sentence": "위치 좌표는 위도(latitude) 37.881234 N, 경도(longitude) 127.723456 E로 기록되었고 CRS는 WGS84(EPSG:4326)입니다.",
            "id": "sample_069_0056_000003",
            "annotations": []
        },
        {
            "sentence": "고도(elevation_m)는 320 m로 측정되었으며 경계(boundary_geojson)는 GeoJSON으로 별도 첨부합니다.",
            "id": "sample_069_0056_000004",
            "annotations": []
        },
        {
            "sentence": "경계 GeoJSON 예시: {\"type\":\"Polygon\",\"coordinates\":[[[127.7229,37.8809],[127.7239,37.8809],[127.7239,37.8816],[127.7229,37.8816],[127.7229,37.8809]]]} .",
            "id": "sample_069_0056_000005",
            "annotations": []
        },
        {
            "sentence": "림령(stand_age_years)은 48년으로 기록되었고 해당 값은 현장조사 표본 및 수종별 성장식으로 교차검증되었습니다.",
            "id": "sample_069_0056_000006",
            "annotations": []
        },
        {
            "sentence": "우점수종(dominant_species)은 소나무(Pinus densiflora)이며 species_list에는 소나무 포함 총 6종이 보고되었습니다.",
            "id": "sample_069_0056_000007",
            "annotations": []
        },
        {
            "sentence": "평균 직경(dbh_cm)은 28.4 cm로 측정되었고 DBH 측정높이는 1.3 m로 표준화하였으며 불확실도는 ±6%입니다.",
            "id": "sample_069_0056_000008",
            "annotations": []
        },
        {
            "sentence": "평균 수고(height_m)은 12.8 m로 현장직접측정값이며 불확실도는 ±8%로 표기합니다.",
            "id": "sample_069_0056_000009",
            "annotations": []
        },
        {
            "sentence": "플롯당 수목수(tree_count_per_plot)는 24주이며 표준 플롯 반지름은 12.62 m(0.05 ha 원형 플롯)로 조사했습니다.",
            "id": "sample_069_0056_000010",
            "annotations": []
        },
        {
            "sentence": "근원면적(basal_area_m2_ha)은 18.6 m2·ha-1로 계산했으며 표준오차와 플롯간 변이를 포함하여 ±10%를 설정했습니다.",
            "id": "sample_069_0056_000011",
            "annotations": []
        },
        {
            "sentence": "생체량 추정(biomass_estimate_t_ha)은 120 t·ha-1로 보고되며 Chave et al. (2005) 계수와 한국 지역보정계수 0.96을 사용했습니다.",
            "id": "sample_069_0056_000012",
            "annotations": []
        },
        {
            "sentence": "지상 탄소량(aboveground_carbon_t_ha)은 생체량의 47% 전환비율을 적용하여 56.4 tC·ha-1(불확실도 ±12%)로 산정했습니다.",
            "id": "sample_069_0056_000013",
            "annotations": []
        },
        {
            "sentence": "측정방법(inventory_method)은 표준 플롯측정과 항공 LiDAR 보정을 혼합한 방법이며 관련 계수 및 공식은 메타데이터에 명기합니다.",
            "id": "sample_069_0056_000014",
            "annotations": []
        },
        {
            "sentence": "측정일(measurement_date)은 연도 2024, 월 07, 일 15로 분리 표기하여 메타데이터 규정에 맞추었습니다.",
            "id": "sample_069_0056_000015",
            "annotations": [
                {
                    "word": "2024",
                    "start": 26,
                    "end": 30,
                    "label": "준식별자"
                },
                {
                    "word": "07",
                    "start": 34,
                    "end": 36,
                    "label": "준식별자"
                },
                {
                    "word": "15",
                    "start": 40,
                    "end": 42,
                    "label": "준식별자"
                }
            ]
        },
        {
            "sentence": "측정자(observer_id)는 오희건이며 관측자 보정기록(member calibration) 및 자격증 정보는 별도 검증파일에 포함되어 있습니다.",
            "id": "sample_069_0056_000016",
            "annotations": [
                {
                    "word": "오희건",
                    "start": 18,
                    "end": 21,
                    "label": "개인정보"
                }
            ]
        },
        {
            "sentence": "LiDAR 포인트밀도(lidar_point_density_ppm)는 8 ppm이며 필터링 알고리즘은 lasground_v2, 후처리 보정 불확실도는 ±15%입니다.",
            "id": "sample_069_0056_000017",
            "annotations": []
        },
        {
            "sentence": "위성영상 식별자(satellite_image_id)는 SENTINEL2_L1C_20240712_MANUAL_045이고 구름덮임(cloud_cover_pct)은 12%입니다.",
            "id": "sample_069_0056_000018",
            "annotations": []
        },
        {
            "sentence": "토양형(soil_type)은 사질양토이고 경사(slope_deg)는 18도, 방위(aspect_deg)는 150도로 측정되었습니다.",
            "id": "sample_069_0056_000019",
            "annotations": []
        },
        {
            "sentence": "토지이용(land_use_class)은 성숙혼효림으로 분류하였고 소유권(ownership_type)은 사유지(private)로 표기했습니다.",
            "id": "sample_069_0056_000020",
            "annotations": []
        },
        {
            "sentence": "소유자 행정구역(owner_admin_unit)은 강원도 춘천시 단위로 집계하여 상세 주소를 공개하지 않았습니다.",
            "id": "sample_069_0056_000021",
            "annotations": [
                {
                    "word": "강원도 춘천시",
                    "start": 28,
                    "end": 35,
                    "label": "준식별자"
                }
            ]
        },
        {
            "sentence": "소유자 식별자(owner_id)는 전세벽으로 등록기록이 있으나 보고서 공개본에서는 행정구역 수준으로 집계하여 개인정보를 보호했습니다.",
            "id": "sample_069_0056_000022",
            "annotations": [
                {
                    "word": "전세벽",
                    "start": 19,
                    "end": 22,
                    "label": "개인정보"
                }
            ]
        },
        {
            "sentence": "벌채허가번호(harvest_permit_id)는 HP-2023-0456으로 기록되었고 해당 번호는 내부허가문서와 연계되어 있습니다.",
            "id": "sample_069_0056_000023",
            "annotations": [
                {
                    "word": "HP-2023-0456",
                    "start": 27,
                    "end": 39,
                    "label": "기밀정보"
                }
            ]
        },
        {
            "sentence": "산림인증(certification_status): 현재 해당 임지는 FSC 인증 미확인, PEFC 적용 미적용으로 표기되어 있으며 현장심사 예정입니다.",
            "id": "sample_069_0056_000024",
            "annotations": []
        },
        {
            "sentence": "탄소프로젝트(carbon_project_id)는 VCS-CP-98765이며 회계버전은 VCS v4.0을 사용했습니다.",
            "id": "sample_069_0056_000025",
            "annotations": []
        },
        {
            "sentence": "산불위험지수(wildfire_risk_index)는 0.42로 중간위험에 해당하며 감시 주기와 제한사항은 부속 보고서에 기재했습니다.",
            "id": "sample_069_0056_000026",
            "annotations": []
        },
        {
            "sentence": "해충발생보고(pest_incident_report): 2023-09에 소나무재선충 의심 사례가 접수되었으나 위치는 행정구역 단위로만 공개했습니다.",
            "id": "sample_069_0056_000027",
            "annotations": [
                {
                    "word": "2023-09",
                    "start": 30,
                    "end": 37,
                    "label": "준식별자"
                }
            ]
        },
        {
            "sentence": "복원조치(restoration_action): 발병목 제거 0.1 ha, 식재 0.5 ha 및 연간 모니터링 계획을 수립하였습니다.",
            "id": "sample_069_0056_000028",
            "annotations": []
        },
        {
            "sentence": "사진 보관(photo_url)은 내부저장소로 https://internal.server.local/photos/plot_069_0056.jpg 에 저장되어 있고 공개본에서는 비공개 처리했습니다.",
            "id": "sample_069_0056_000029",
            "annotations": [
                {
                    "word": "https://internal.server.local/photos/plot_069_0056.jpg",
                    "start": 25,
                    "end": 79,
                    "label": "기밀정보"
                }
            ]
        },
        {
            "sentence": "메타데이터 표준은 ISO 19115-1:2014를 준수하였고 파일 식별자 ISO-ID-069-0056과 CRS EPSG:4326을 명시했습니다.",
            "id": "sample_069_0056_000030",
            "annotations": []
        }
    ]
}