{
    "document_id": "070_0093",
    "document_title": "디지털 트윈 및 시뮬레이션 플랫폼: 빌딩 에너지·구조 연계 모델 카드 및 실행·검증 리포트",
    "data": [
        {
            "sentence": "문서 개요: 본 문서는 빌딩 디지털 트윈 모델의 설계, 실행, 검증, 배포 및 보안 지침을 기술하는 운영용 문서입니다.",
            "id": "sample_070_0093_000001",
            "annotations": []
        },
        {
            "sentence": "목적: 시뮬레이션 재현성 확보, 대용량 3D 데이터 처리 지침, 센서 데이터 표준화, 검증·보정 절차 및 운영 보안 요건을 명확히 합니다.",
            "id": "sample_070_0093_000002",
            "annotations": []
        },
        {
            "sentence": "모델 참조: entity_model은 BIM(IFC) 기반이며 primary_model_id는 model_id:twin_building_A_070_0093로 표기합니다.",
            "id": "sample_070_0093_000003",
            "annotations": [
                {
                    "word": "model_id:twin_building_A_070_0093",
                    "start": 53,
                    "end": 86,
                    "label": "기밀정보"
                }
            ]
        },
        {
            "sentence": "모델 버전: model_version은 semver 규칙을 따르며 현재 릴리스는 1.2.0입니다.",
            "id": "sample_070_0093_000004",
            "annotations": []
        },
        {
            "sentence": "책임자 및 연락처(관리자 정보는 접근 통제 하 보관): 담당자 명칭 원시 식별자 방효은 및 이메일 bang.hyoeun@twinops.example.com, 사번: 2023-0457은 내부 자격증명 DB에 암호화되어 저장됩니다.",
            "id": "sample_070_0093_000005",
            "annotations": [
                {
                    "word": "방효은",
                    "start": 45,
                    "end": 48,
                    "label": "개인정보"
                },
                {
                    "word": "bang.hyoeun@twinops.example.com",
                    "start": 55,
                    "end": 86,
                    "label": "개인정보"
                },
                {
                    "word": "사번: 2023-0457",
                    "start": 88,
                    "end": 101,
                    "label": "개인정보"
                },
                {
                    "word": "방효은",
                    "start": 45,
                    "end": 48,
                    "label": "기밀정보"
                },
                {
                    "word": "bang.hyoeun@twinops.example.com",
                    "start": 55,
                    "end": 86,
                    "label": "기밀정보"
                }
            ]
        },
        {
            "sentence": "인적 준식별자 예시: 생년월일(년): 1985, (월): 07, (일): 12, 성별: 여성 항목은 별도 익명화 파이프라인을 통해 처리됩니다.",
            "id": "sample_070_0093_000006",
            "annotations": [
                {
                    "word": "1985",
                    "start": 21,
                    "end": 25,
                    "label": "준식별자"
                },
                {
                    "word": "07",
                    "start": 32,
                    "end": 34,
                    "label": "준식별자"
                },
                {
                    "word": "12",
                    "start": 41,
                    "end": 43,
                    "label": "준식별자"
                },
                {
                    "word": "여성",
                    "start": 49,
                    "end": 51,
                    "label": "준식별자"
                }
            ]
        },
        {
            "sentence": "소속 및 주소(준식별자): 소속 기관 명칭은 TWINOPS이며 운영 부문 소재지는 서울특별시, 강남구 단위까지 메타데이터로 기록됩니다.",
            "id": "sample_070_0093_000007",
            "annotations": [
                {
                    "word": "TWINOPS",
                    "start": 25,
                    "end": 32,
                    "label": "준식별자"
                },
                {
                    "word": "서울특별시",
                    "start": 46,
                    "end": 51,
                    "label": "준식별자"
                },
                {
                    "word": "강남구",
                    "start": 53,
                    "end": 56,
                    "label": "준식별자"
                }
            ]
        },
        {
            "sentence": "보안 메모: OT 네트워크는 분리되어 있으며 원격 접속 시 VPN 및 MFA를 요구합니다.",
            "id": "sample_070_0093_000008",
            "annotations": []
        },
        {
            "sentence": "기하학 파일: geometry_files는 IFC 2x3, OBJ, STEP 포맷을 우선 지원하며 대표 파일 예시는 /srv/models/070_0093/main.ifc 형식으로 내부 저장소에 보관됩니다.",
            "id": "sample_070_0093_000009",
            "annotations": [
                {
                    "word": "/srv/models/070_0093/main.ifc",
                    "start": 65,
                    "end": 94,
                    "label": "기밀정보"
                }
            ]
        },
        {
            "sentence": "파일 접근 경로 및 내부 URL 예시: https://internal-storage.company.local/geometry/070_0093.ifc 및 vpn.twinops.internal은 내부 접근 통제 대상입니다.",
            "id": "sample_070_0093_000010",
            "annotations": [
                {
                    "word": "https://internal-storage.company.local/geometry/070_0093.ifc",
                    "start": 22,
                    "end": 82,
                    "label": "기밀정보"
                },
                {
                    "word": "vpn.twinops.internal",
                    "start": 85,
                    "end": 105,
                    "label": "기밀정보"
                }
            ]
        },
        {
            "sentence": "대용량 파일 처리: 3D 메쉬(예: building_mesh.obj, 12.4 GB)는 gzip 압축 후 4개 파트로 분할하여 제공하며 각 파트의 SHA256 체크섬을 메타데이터에 포함합니다.",
            "id": "sample_070_0093_000011",
            "annotations": []
        },
        {
            "sentence": "샘플 체크섬 표기 예: building_mesh.obj.part1.gz SHA256:d2f8b1a4... (풀체크섬은 내부 레지스트리에 보관).",
            "id": "sample_070_0093_000012",
            "annotations": [
                {
                    "word": "SHA256:d2f8b1a4...",
                    "start": 40,
                    "end": 58,
                    "label": "기밀정보"
                }
            ]
        },
        {
            "sentence": "메시 및 포인트클라우드: point_cloud.pcd(ASCII, 120M 포인트)와 mesh.stl(바이너리, 4M 삼각형)는 권장 처리 방법으로 스트리밍·청크 처리와 병렬 I/O를 권장합니다.",
            "id": "sample_070_0093_000013",
            "annotations": []
        },
        {
            "sentence": "물성치 표기: 재료 밀도 rho=7850 kg·m^-3, 열전도도 k=16.2 W·m^-1·K^-1, 탄성계수 E=210e9 Pa 등 모든 물성치는 SI 단위로 기입됩니다.",
            "id": "sample_070_0093_000014",
            "annotations": []
        },
        {
            "sentence": "메시 해상도 및 요소형: 구조해석용 mesh_resolution 평균 엘리먼트 길이 h=0.015 m, element_type은 2차 삼각형(QUAD/TET 지원)을 사용합니다.",
            "id": "sample_070_0093_000015",
            "annotations": []
        },
        {
            "sentence": "경계·초기조건: 경계조건은 압력 단위 Pa, 온도 단위 K로 명시하며 초기조건 초기온도 T0=293.15 K를 기본값으로 설정합니다.",
            "id": "sample_070_0093_000016",
            "annotations": []
        },
        {
            "sentence": "시뮬레이션 구성 템플릿: 시나리오 ID 및 실행 템플릿은 scenario_id: sb_energy_peak_v1으로 관리합니다.",
            "id": "sample_070_0093_000017",
            "annotations": []
        },
        {
            "sentence": "실행 메타데이터: run_id: run-20260123-0001, model_id:twin_building_A_070_0093, model_version:1.2.0, run_start:2026-01-23T09:00:00Z, run_end:2026-01-23T11:42:12Z로 기록합니다.",
            "id": "sample_070_0093_000018",
            "annotations": [
                {
                    "word": "run-20260123-0001",
                    "start": 18,
                    "end": 35,
                    "label": "기밀정보"
                }
            ]
        },
        {
            "sentence": "compute_environment: Ubuntu 22.04, Python 3.10.8, numpy 1.25.0, scipy 1.11.1, fenics 2019.1.0, paraview 5.10.1를 기본 스택으로 명시합니다.",
            "id": "sample_070_0093_000019",
            "annotations": []
        },
        {
            "sentence": "랜덤성 통제: random_seed는 42로 고정하며 재현성을 위해 시드값과 RNG 종류(MT19937)를 실행 메타데이터에 함께 저장합니다.",
            "id": "sample_070_0093_000020",
            "annotations": []
        },
        {
            "sentence": "해석기 설정: solver_settings는 비선형 Newton-Raphson, 선형 솔버: GMRES(ILU precond), 수렴기준 residual_norm < 1e-6 (L2), 시간적분법은 implicit backward Euler로 지정합니다.",
            "id": "sample_070_0093_000021",
            "annotations": []
        },
        {
            "sentence": "센서 정의 예시: 센서ID s_temp_001, 위치(좌표, 단위 m), 샘플링레이트 1.0 Hz, 정확도 accuracy ±0.2 K, quality_flag는 0 정상, 1 경고, 2 결함으로 표기합니다.",
            "id": "sample_070_0093_000022",
            "annotations": [
                {
                    "word": "s_temp_001",
                    "start": 15,
                    "end": 25,
                    "label": "기밀정보"
                }
            ]
        },
        {
            "sentence": "센서 타임스탬프 예시: 2026-01-23T09:00:00.000Z 형식(ISO8601)으로 저장하며 노이즈 특성은 Gaussian(μ=0, σ=0.15 K), SNR=40 dB로 메타데이터에 기재합니다.",
            "id": "sample_070_0093_000023",
            "annotations": []
        },
        {
            "sentence": "검증 및 교정: ground_truth는 현장 측정값으로 보정하며 calibration_report에 RMSE=0.45 K, MAE=0.32 K, R2=0.92의 validation_metrics를 포함합니다.",
            "id": "sample_070_0093_000024",
            "annotations": []
        },
        {
            "sentence": "프로비넌스 및 변경이력: change_log 항목에는 변경자, 변경일, 변경사유, 영향범위를 기록하며 예시 변경자 지은희, 변경일 2025-12-15을 참조합니다.",
            "id": "sample_070_0093_000025",
            "annotations": [
                {
                    "word": "지은희",
                    "start": 64,
                    "end": 67,
                    "label": "개인정보"
                }
            ]
        },
        {
            "sentence": "배포 매니페스트: 컨테이너 기반 배포 시 deployment_manifest에는 이미지명 twin-sim:1.2.0, 오케스트레이터는 Kubernetes v1.26을 권장합니다.",
            "id": "sample_070_0093_000026",
            "annotations": []
        },
        {
            "sentence": "운영 및 SLA: 실시간 동기화 요구사항은 최대 허용 레이턴시 500 ms이며 데이터 손실 허용률은 0.01% 미만으로 규정합니다.",
            "id": "sample_070_0093_000027",
            "annotations": []
        },
        {
            "sentence": "상호운용성: IFC, CityGML, STEP 포맷을 우선 사용하고 변환 시 손실 항목(재료 속성, 구조적 메타데이터)을 명시해야 합니다.",
            "id": "sample_070_0093_000028",
            "annotations": []
        },
        {
            "sentence": "운영 보안 예시(기밀): 내부 서비스 계정 sim_admin 및 자격증명 파일 경로 /opt/twin/deploy/credentials.key, 내부 DB 접속 문자열 jdbc:postgresql://db.internal:5432/twin은 접근 통제 대상입니다.",
            "id": "sample_070_0093_000029",
            "annotations": [
                {
                    "word": "/opt/twin/deploy/credentials.key",
                    "start": 47,
                    "end": 79,
                    "label": "기밀정보"
                },
                {
                    "word": "sim_admin",
                    "start": 24,
                    "end": 33,
                    "label": "기밀정보"
                },
                {
                    "word": "jdbc:postgresql://db.internal:5432/twin",
                    "start": 94,
                    "end": 133,
                    "label": "기밀정보"
                }
            ]
        },
        {
            "sentence": "부록: 예시로 사용된 내부 IP 10.10.0.5 및 추가 내부 IP 10.0.0.8은 테스트 환경 네트워크 범위에 속하며 외부 공개 금지 항목으로 분류합니다.",
            "id": "sample_070_0093_000030",
            "annotations": [
                {
                    "word": "10.10.0.5",
                    "start": 18,
                    "end": 27,
                    "label": "기밀정보"
                },
                {
                    "word": "10.0.0.8",
                    "start": 39,
                    "end": 47,
                    "label": "기밀정보"
                }
            ]
        }
    ]
}