{
    "document_id": "070_0025",
    "document_title": "디지털 트윈 및 시뮬레이션 플랫폼 모델 카드 및 실행 보고서",
    "data": [
        {
            "sentence": "본 문서는 건물 및 설비 대상 디지털 트윈의 모델 정의와 시뮬레이션 실행 결과, 재현성 메타데이터 및 운영 지침을 종합적으로 기술한다.",
            "id": "sample_070_0025_000001",
            "annotations": []
        },
        {
            "sentence": "대상 도메인은 CAD/BIM(또는 IFC), 3D 포인트클라우드, 재료물성치, 시계열 센서 텔레메트리를 포함한 정적·동적 데이터 통합 플랫폼이다.",
            "id": "sample_070_0025_000002",
            "annotations": []
        },
        {
            "sentence": "상호운용성은 우선 표준(IFC, CityGML, STEP, OPC-UA, MQTT)을 따르며 변환 시 손실 항목과 매핑 규칙을 명시한다.",
            "id": "sample_070_0025_000003",
            "annotations": []
        },
        {
            "sentence": "모델 메타데이터에는 고유 model_id, semver 기반 model_version, 그리고 각 실행에 대한 run_id를 반드시 포함한다.",
            "id": "sample_070_0025_000004",
            "annotations": []
        },
        {
            "sentence": "예시 메타: model_id=tw_model_070_0025, model_version=1.2.0, run_id=run_20260123_0001; 기하파일(OBJ) 다운로드: https://storage.internal.company/070_0025/primary_mesh.obj; SHA256=3a7f9b8e...; 압축=primary_mesh.tar.gz, 분할=3개(part1/part2/part3).",
            "id": "sample_070_0025_000005",
            "annotations": [
                {
                    "word": "https://storage.internal.company/070_0025/primary_mesh.obj",
                    "start": 98,
                    "end": 156,
                    "label": "기밀정보"
                }
            ]
        },
        {
            "sentence": "추가 기하 파일: building.ifc(파일URL=https://storage.internal.company/070_0025/building.ifc, 포맷=IFC4, 예상크기=1.4 GiB), 변환 시 IFC->STEP 매핑 누락 항목을 메모한다.",
            "id": "sample_070_0025_000006",
            "annotations": [
                {
                    "word": "https://storage.internal.company/070_0025/building.ifc",
                    "start": 29,
                    "end": 83,
                    "label": "기밀정보"
                }
            ]
        },
        {
            "sentence": "메시 및 포인트클라우드 정보는 포맷(STL/OBJ/PLY), 총 버텍스/엘리먼트 수, 평균 엣지 길이(단위=m), 메모리·디스크 요구량을 기록한다.",
            "id": "sample_070_0025_000007",
            "annotations": []
        },
        {
            "sentence": "재료물성은 밀도(kg/m3), 열전도도(W/(m·K)), 탄성계수(Pa) 등 SI 단위를 우선으로 표기하며 소스(문헌 혹은 실험값)를 명시한다.",
            "id": "sample_070_0025_000008",
            "annotations": []
        },
        {
            "sentence": "메시 해상도 및 요소 유형(mesh_resolution=0.005 m, element_type=tetrahedral, 평균요소크기=5 mm)을 기록하고 메시 품질 지표(Q-factor)를 제시한다.",
            "id": "sample_070_0025_000009",
            "annotations": []
        },
        {
            "sentence": "경계조건 및 초기조건은 변수명, 단위(SI), 공간적 범위, 시간적 적용범위를 명확히 하고 스크립트 예시로 재현 가능하게 제공한다.",
            "id": "sample_070_0025_000010",
            "annotations": []
        },
        {
            "sentence": "Solver 설정: solver=implicit_fem, 시간적분법=Newmark_beta(beta=0.25,gamma=0.5), 시간스텝=0.01 s, 수렴기준=잔류값 L2 < 1e-6, 최대반복=200.",
            "id": "sample_070_0025_000011",
            "annotations": []
        },
        {
            "sentence": "재현성 메타데이터: compute_environment=Docker image twin-sim:1.2.0, OS=ubuntu20.04, Python=3.10.9, numpy=1.25.0, scipy=1.11.0, random_seed=42로 고정한다.",
            "id": "sample_070_0025_000012",
            "annotations": []
        },
        {
            "sentence": "예시 센서(가속도계) 메타: 위치=SensorNode_A1(좌표: x=12.345 m,y=5.678 m,z=0.500 m), timestamp=2026-01-23T08:00:00Z, sampling_rate=500 Hz, accuracy=±0.02 m/s², quality_flag=OK.",
            "id": "sample_070_0025_000013",
            "annotations": []
        },
        {
            "sentence": "센서 노이즈 특성: 분포=Gaussian(mu=0, sigma=0.005 m/s²), SNR=40 dB; 샘플 데이터 위치 예: s3://public-bucket/070_0025/sensor_stream.csv(압축=gz, 체크섬=sha256:abc123...).",
            "id": "sample_070_0025_000014",
            "annotations": []
        },
        {
            "sentence": "프로비넌스 및 변경 이력 예시: 2026-01-20 모델 튜닝 및 메시 개선 - 작성: 남명찬(직원ID EID-2023-0456, 이메일 namchang@company.com), 검토: 엄보아, 승인: 민하영.",
            "id": "sample_070_0025_000015",
            "annotations": [
                {
                    "word": "namchang@company.com",
                    "start": 77,
                    "end": 97,
                    "label": "개인정보"
                },
                {
                    "word": "남명찬",
                    "start": 49,
                    "end": 52,
                    "label": "개인정보"
                },
                {
                    "word": "EID-2023-0456",
                    "start": 58,
                    "end": 71,
                    "label": "개인정보"
                },
                {
                    "word": "엄보아",
                    "start": 104,
                    "end": 107,
                    "label": "개인정보"
                },
                {
                    "word": "민하영",
                    "start": 113,
                    "end": 116,
                    "label": "개인정보"
                }
            ]
        },
        {
            "sentence": "프로젝트 재무·자산 정보(기밀): 예산총액=120,000,000원, 비용항목·지급조건 및 미공개 협력사 세부내역은 별도 접근 권한을 둔다.",
            "id": "sample_070_0025_000016",
            "annotations": [
                {
                    "word": "120,000,000원",
                    "start": 24,
                    "end": 36,
                    "label": "기밀정보"
                }
            ]
        },
        {
            "sentence": "인프라 접근 정보(기밀): 분산 스토리지 노드 IP=10.10.50.12, 모델 경로=/srv/private/models/070_0025/primary_mesh.obj, 접근은 최소권한 원칙을 적용한다.",
            "id": "sample_070_0025_000017",
            "annotations": [
                {
                    "word": "10.10.50.12",
                    "start": 29,
                    "end": 40,
                    "label": "기밀정보"
                },
                {
                    "word": "/srv/private/models/070_0025/primary_mesh.obj",
                    "start": 48,
                    "end": 93,
                    "label": "기밀정보"
                }
            ]
        },
        {
            "sentence": "원격 접근 정책: VPN 엔드포인트=vpn.company.internal을 통한 인증 및 네트워크 분리 규칙을 따르며 계정·세션 로그를 보관한다.",
            "id": "sample_070_0025_000018",
            "annotations": [
                {
                    "word": "vpn.company.internal",
                    "start": 20,
                    "end": 40,
                    "label": "기밀정보"
                }
            ]
        },
        {
            "sentence": "배포 매니페스트: container image registry.internal:5000/twin-sim:1.2.0, orchestrator=Kubernetes(edge-cluster-1), 리소스 요청 및 HPA 설정을 명시한다.",
            "id": "sample_070_0025_000019",
            "annotations": [
                {
                    "word": "registry.internal:5000/twin-sim:1.2.0",
                    "start": 26,
                    "end": 63,
                    "label": "기밀정보"
                }
            ]
        },
        {
            "sentence": "빌드 아티팩트(기밀): 내부 빌드서버 아티팩트 URL=http://internal-build-server.local:8080/artifacts/070_0025.tar.gz, 접근 제어와 로그 추적을 필수로 한다.",
            "id": "sample_070_0025_000020",
            "annotations": [
                {
                    "word": "http://internal-build-server.local:8080/artifacts/070_0025.tar.gz",
                    "start": 30,
                    "end": 95,
                    "label": "기밀정보"
                }
            ]
        },
        {
            "sentence": "대용량 파일 처리 권장: 스트리밍 API 사용, 권장 청크 크기=50 MiB, 병렬다운로드=4, 압축 해제 시 체크섬 검증(SHA256) 및 실패 시 재시도 정책을 적용한다.",
            "id": "sample_070_0025_000021",
            "annotations": []
        },
        {
            "sentence": "서비스 운영 중 결측값/오류 규칙: NaN은 선형 보간으로 처리하되 연속 결측시 플래그하고 엔지니어링 리뷰를 요구한다; 센서 드리프트는 매주 캘리브레이션 검사 수행.",
            "id": "sample_070_0025_000022",
            "annotations": []
        },
        {
            "sentence": "운영 연락처 및 위치(접근 제어 적용): 담당자=남명찬, 이메일=namchang@company.com, 휴대전화=+82-10-1234-5678, 사무실 주소=서울특별시 강남구 테헤란로 5길 10, 3층.",
            "id": "sample_070_0025_000023",
            "annotations": [
                {
                    "word": "namchang@company.com",
                    "start": 36,
                    "end": 56,
                    "label": "개인정보"
                },
                {
                    "word": "+82-10-1234-5678",
                    "start": 63,
                    "end": 79,
                    "label": "개인정보"
                },
                {
                    "word": "서울특별시 강남구 테헤란로 5길 10, 3층",
                    "start": 88,
                    "end": 112,
                    "label": "개인정보"
                }
            ]
        },
        {
            "sentence": "검증·보정 요약: validation_metrics(RMSE=0.015 m, MAE=0.008 m, R2=0.94)과 캘리브레이션 절차 및 사용한 기준계(단위, 불확도)를 기록한다.",
            "id": "sample_070_0025_000024",
            "annotations": []
        },
        {
            "sentence": "캘리브레이션 리포트에는 사용된 계측기 및 불확도, 측정 좌표계, 샘플링 기간(예: 2026-01-10T00:00:00Z~2026-01-20T23:59:59Z)을 포함한다.",
            "id": "sample_070_0025_000025",
            "annotations": []
        },
        {
            "sentence": "포맷 변환 시 손실 항목: IFC->STEP 변환 시 속성 테이블 일부(예: 사용자정의 속성) 손실 가능성을 명시하고 보완 매핑표를 제공한다.",
            "id": "sample_070_0025_000026",
            "annotations": []
        },
        {
            "sentence": "OT 보안 권고: 네트워크 분리, 강력한 인증, 최소 권한, 포트 제어 및 패치 관리 정책을 준수하고 변경 시 로그와 롤백 절차를 문서화한다.",
            "id": "sample_070_0025_000027",
            "annotations": []
        },
        {
            "sentence": "결론 및 실행 항목: 모델 버전 1.2.0의 검증 스케줄 조정, 메시 최적화 후 재실행(run_20260123_0002) 및 2주 내 내부 리뷰를 수행한다.",
            "id": "sample_070_0025_000028",
            "annotations": []
        }
    ]
}