{
    "document_id": "070_0042",
    "document_title": "디지털 트윈 및 시뮬레이션 플랫폼 통합 운영·검증 가이드",
    "data": [
        {
            "sentence": "본 문서는 디지털 트윈 및 시뮬레이션 플랫폼의 통합 운영·검증 절차와 재현성 확보 절차를 설명합니다.",
            "id": "sample_070_0042_000001",
            "annotations": []
        },
        {
            "sentence": "문서에 포함된 모든 모델과 실행에는 model_id, run_id 및 semver 기반 model_version을 표기합니다.",
            "id": "sample_070_0042_000002",
            "annotations": []
        },
        {
            "sentence": "예시 모델의 식별자는 model_id=DTB-2026-0001, model_version=1.2.0이며 시뮬레이션 실행 ID는 run_id=RUN-20260123-0007입니다.",
            "id": "sample_070_0042_000003",
            "annotations": []
        },
        {
            "sentence": "정적 지오메트리 파일은 IFC, STEP, OBJ 형식으로 보관하며 대용량 바이너리는 체크섬과 분할 압축으로 제공해야 합니다.",
            "id": "sample_070_0042_000004",
            "annotations": []
        },
        {
            "sentence": "대용량 메시 예시: buildingA_mesh_part1.tar.gz, size=12.4 GB, SHA256=3f7a2b9c4a5d6e8f9b0c1d2e3f4a5b6c7d8e9f0a1b2c3d4e5f6a7b8c9d0e1f2, 압축 분할 3개(part1/part2/part3).",
            "id": "sample_070_0042_000005",
            "annotations": []
        },
        {
            "sentence": "다운로드는 https://data.public.example.com/twins/buildingA_mesh_part1.tar.gz 또는 내부 저장소의 https://internal.repo.company.local/artifacts/DTB-2026-0001_mesh.tar.gz에서 접근 가능합니다.",
            "id": "sample_070_0042_000006",
            "annotations": [
                {
                    "word": "https://internal.repo.company.local/artifacts/DTB-2026-0001_mesh.tar.gz",
                    "start": 83,
                    "end": 154,
                    "label": "기밀정보"
                }
            ]
        },
        {
            "sentence": "로컬 온프레미스의 원본 파일 경로 예시는 /srv/data/twins/buildingA/mesh/part1.stl 이며 접근 권한은 최소 권한 원칙으로 제어해야 합니다.",
            "id": "sample_070_0042_000007",
            "annotations": [
                {
                    "word": "/srv/data/twins/buildingA/mesh/part1.stl",
                    "start": 23,
                    "end": 63,
                    "label": "기밀정보"
                }
            ]
        },
        {
            "sentence": "포인트클라우드 데이터는 LAS/LAZ 형식을 우선하며 파일 크기 예시는 buildingA_cloud.laz, size=45.2 GB, 권장 스트리밍 청크=50 MB입니다.",
            "id": "sample_070_0042_000008",
            "annotations": []
        },
        {
            "sentence": "재료 물성은 SI 단위를 사용합니다; 예: 밀도 rho=7850 kg·m-3, 열전도도 k=45 W·m-1·K-1, 탄성계수 E=2.1e11 Pa.",
            "id": "sample_070_0042_000009",
            "annotations": []
        },
        {
            "sentence": "메시 설정은 element_type=hexahedral, target_element_size=0.01 m, 품질 기준 최소 Jacobian>0.2로 정의합니다.",
            "id": "sample_070_0042_000010",
            "annotations": []
        },
        {
            "sentence": "경계조건 예시: 유입면 압력 p_in=101325 Pa, 온도 T_in=293.15 K, 고정면 변위 u=0 m로 설정합니다.",
            "id": "sample_070_0042_000011",
            "annotations": []
        },
        {
            "sentence": "초기조건은 온도 293.15 K, 정지 상태(velocity=0 m·s-1)로 고정하며 초기 난수 초기화는 random_seed=123456789로 고정합니다.",
            "id": "sample_070_0042_000012",
            "annotations": []
        },
        {
            "sentence": "해석기 설정은 solver=implicit, linear_solver=GMRES, preconditioner=ILU0, time_integration=BackwardEuler, 수렴기준 residual<1e-6로 명시합니다.",
            "id": "sample_070_0042_000013",
            "annotations": []
        },
        {
            "sentence": "compute_environment는 Ubuntu 20.04, Python 3.10.9, NumPy 1.24.2, SciPy 1.10.1, PyVista 0.36.1, OpenFOAM 10, ParaView 5.11.0으로 기록합니다.",
            "id": "sample_070_0042_000014",
            "annotations": []
        },
        {
            "sentence": "컨테이너 기반 배포 시 이미지는 registry.company.internal/twins/dtb:1.2.0로 태깅하고 manifest와 권한 관리를 함께 기록합니다.",
            "id": "sample_070_0042_000015",
            "annotations": [
                {
                    "word": "registry.company.internal/twins/dtb:1.2.0",
                    "start": 18,
                    "end": 59,
                    "label": "기밀정보"
                }
            ]
        },
        {
            "sentence": "실행 메타데이터 예시: run_id=RUN-20260123-0007, start_time=2026-01-23T08:00:00Z, end_time=2026-01-23T12:15:34Z, 노드수=8, vCPU=256, 메모리=1024 GB입니다.",
            "id": "sample_070_0042_000016",
            "annotations": []
        },
        {
            "sentence": "센서 메타데이터는 sensor_id, 설치위치 좌표(x,y,z, 단위 m), sampling_rate=50 Hz, accuracy=0.02 m, quality_flag=OK를 포함합니다.",
            "id": "sample_070_0042_000017",
            "annotations": []
        },
        {
            "sentence": "센서 시계열 예시: timestamp=2026-01-22T15:03:12Z, value=1.234 m, unit=m, quality_flag=OK, noise=Gaussian(mu=0, sigma=0.02 m), SNR=40 dB.",
            "id": "sample_070_0042_000018",
            "annotations": []
        },
        {
            "sentence": "검증용 그라운드 트루스는 레이저 스캐너 측정과 TLS 보정 데이터를 사용하며 validation_metrics는 RMSE=0.012 m, MAE=0.009 m, R2=0.987로 보고합니다.",
            "id": "sample_070_0042_000019",
            "annotations": []
        },
        {
            "sentence": "캘리브레이션 리포트에는 절차, 보정 계수, 사용된 기준값과 담당자 식별이 포함되며 예시 검증 담당자 정보가 아래와 같이 기록됩니다.",
            "id": "sample_070_0042_000020",
            "annotations": []
        },
        {
            "sentence": "검증 담당자: 임서인, 성별: 여, 생년월일: 1985-07-13, 주소: 서울특별시 강남구, 직장명: XYZ엔지니어링, 사번: 2023-0897, 이메일: im.sein@company.internal.",
            "id": "sample_070_0042_000021",
            "annotations": [
                {
                    "word": "임서인",
                    "start": 8,
                    "end": 11,
                    "label": "개인정보"
                },
                {
                    "word": "사번: 2023-0897",
                    "start": 68,
                    "end": 81,
                    "label": "개인정보"
                },
                {
                    "word": "im.sein@company.internal",
                    "start": 88,
                    "end": 112,
                    "label": "개인정보"
                },
                {
                    "word": "성별: 여",
                    "start": 13,
                    "end": 18,
                    "label": "준식별자"
                },
                {
                    "word": "생년월일: 1985-07-13",
                    "start": 20,
                    "end": 36,
                    "label": "준식별자"
                },
                {
                    "word": "주소: 서울특별시 강남구",
                    "start": 38,
                    "end": 51,
                    "label": "준식별자"
                },
                {
                    "word": "직장명: XYZ엔지니어링",
                    "start": 53,
                    "end": 66,
                    "label": "준식별자"
                }
            ]
        },
        {
            "sentence": "검증·보정 절차의 provenance는 변경이력(change_log), 입력 데이터 버전, 검증 시 사용된 스크립트 SHA256 해시를 포함하여 기록합니다.",
            "id": "sample_070_0042_000022",
            "annotations": []
        },
        {
            "sentence": "프로비넌스 예시 항목: 2026-01-10 모델 수정, 변경사항=메시 개선, 검토자=원찬솔, 승인: 원찬솔, 관련 커밋=ab12cd34ef56.",
            "id": "sample_070_0042_000023",
            "annotations": [
                {
                    "word": "원찬솔",
                    "start": 47,
                    "end": 50,
                    "label": "개인정보"
                },
                {
                    "word": "원찬솔",
                    "start": 56,
                    "end": 59,
                    "label": "개인정보"
                }
            ]
        },
        {
            "sentence": "상호운용성은 IFC, CityGML, STEP, OPC-UA를 우선 사용하며 변환 시 손실 항목과 매핑 테이블을 명시합니다.",
            "id": "sample_070_0042_000024",
            "annotations": []
        },
        {
            "sentence": "데이터 제공 시 파일 포맷, 크기, 권장 처리 방법(스트리밍 또는 청크 처리), 에러/결측값 처리 규칙을 README로 동봉합니다.",
            "id": "sample_070_0042_000025",
            "annotations": []
        },
        {
            "sentence": "보안 및 운영 리스크가 높은 자산은 OT 보안 가이드라인을 준수하고 네트워크 분리 및 인증, 최소 권한을 적용합니다.",
            "id": "sample_070_0042_000026",
            "annotations": []
        },
        {
            "sentence": "네트워크 예시: 내부 VPN 엔드포인트 vpn.company.internal 및 내부 서버 IP 10.0.3.12는 관리자 계정으로만 접근하도록 정책화합니다.",
            "id": "sample_070_0042_000027",
            "annotations": [
                {
                    "word": "vpn.company.internal",
                    "start": 22,
                    "end": 42,
                    "label": "기밀정보"
                },
                {
                    "word": "10.0.3.12",
                    "start": 54,
                    "end": 63,
                    "label": "기밀정보"
                }
            ]
        },
        {
            "sentence": "배포 매니페스트는 Kubernetes 오브젝트와 이미지 경로 registry.company.internal/twins/dtb:1.2.0, 권한 정책, 롤 기반 접근제어를 포함합니다.",
            "id": "sample_070_0042_000028",
            "annotations": [
                {
                    "word": "registry.company.internal/twins/dtb:1.2.0",
                    "start": 34,
                    "end": 75,
                    "label": "기밀정보"
                }
            ]
        },
        {
            "sentence": "운영 관련 문의 및 접근 요청은 ops@company.internal로 접수하며 요청 시 최소 권한 원칙에 따라 승인 절차를 거칩니다.",
            "id": "sample_070_0042_000029",
            "annotations": [
                {
                    "word": "ops@company.internal",
                    "start": 18,
                    "end": 38,
                    "label": "기밀정보"
                }
            ]
        },
        {
            "sentence": "최종 점검 항목: 모델 버전, 실행 환경, random_seed 고정, solver_settings 및 검증 리포트가 모두 문서화되었는지 확인합니다.",
            "id": "sample_070_0042_000030",
            "annotations": []
        },
        {
            "sentence": "검증 담당자 연락처는 내부 운영 기록에만 보관하며 공개 문서에는 접근 정책과 승인 절차만 명시합니다.",
            "id": "sample_070_0042_000031",
            "annotations": []
        },
        {
            "sentence": "검증 담당자: 임서인은 내부 감사 로그에서 변경 이력과 승인 내역을 추적할 책임이 있으며 접근 권한은 분리되어야 합니다.",
            "id": "sample_070_0042_000032",
            "annotations": [
                {
                    "word": "임서인",
                    "start": 8,
                    "end": 11,
                    "label": "개인정보"
                }
            ]
        },
        {
            "sentence": "문서의 배포는 감사 가능해야 하며 모든 파일은 SHA256 체크섬과 함께 저장소에 보관되어야 합니다.",
            "id": "sample_070_0042_000033",
            "annotations": []
        },
        {
            "sentence": "향후 과제는 실시간 동기화 지연 최소화와 엣지-클라우드 파티셔닝 전략의 자동화이며 우선순위를 지정하여 이행합니다.",
            "id": "sample_070_0042_000034",
            "annotations": []
        },
        {
            "sentence": "결론적으로 본 가이드는 재현성, 보안, 상호운용성, 검증의 4대 원칙을 중심으로 운영되어야 합니다.",
            "id": "sample_070_0042_000035",
            "annotations": []
        }
    ]
}