{
    "document_id": "070_0078",
    "document_title": "디지털 트윈 및 시뮬레이션 플랫폼 모델 운영·검증·보안 종합 보고서",
    "data": [
        {
            "sentence": "본 문서는 디지털 트윈 및 시뮬레이션 플랫폼의 모델 정의, 실행 환경, 센서 데이터, 검증 절차 및 보안 정책을 포괄적으로 기술합니다.",
            "id": "sample_070_0078_000001",
            "annotations": []
        },
        {
            "sentence": "문서는 도메인 표준(IFC, STEP, OPC-UA, CityGML) 준수와 변환 시 발생 가능한 정보 손실 항목을 명시하는 것을 원칙으로 합니다.",
            "id": "sample_070_0078_000002",
            "annotations": []
        },
        {
            "sentence": "문서 구조는 소개, 모델 메타데이터, 지오메트리·메시 관리, 시뮬레이션 설정, 센서·검증 데이터, 보안·배포 절차, 결론 및 실행 항목으로 구성됩니다.",
            "id": "sample_070_0078_000003",
            "annotations": []
        },
        {
            "sentence": "모델 메타데이터에는 반드시 고유 식별자(model_id), 실행 식별자(run_id) 및 semver 기반 model_version을 포함해야 합니다.",
            "id": "sample_070_0078_000004",
            "annotations": []
        },
        {
            "sentence": "예시 모델 식별자(model_id)는 'DT-PLATFORM-0001'이며 모델 버전(model_version)은 '1.2.0'입니다.",
            "id": "sample_070_0078_000005",
            "annotations": []
        },
        {
            "sentence": "대표 실행 식별자(run_id)는 'RUN-20251201-0001'이며 시작시간(start)은 2025-12-01T09:00:00Z로 기록합니다.",
            "id": "sample_070_0078_000006",
            "annotations": []
        },
        {
            "sentence": "실행 종료 시간(end)은 2025-12-01T11:30:00Z로 기록되며 재현성을 위해 random_seed는 42로 고정됩니다.",
            "id": "sample_070_0078_000007",
            "annotations": []
        },
        {
            "sentence": "compute_environment는 Ubuntu 20.04, Python 3.9.12, numpy 1.21.5, scipy 1.7.3, OpenFOAM 8, ParaView 5.10.0으로 명시됩니다.",
            "id": "sample_070_0078_000008",
            "annotations": []
        },
        {
            "sentence": "모델 변경 시 provenance와 change_log를 남기며 최근 변경 기록에는 검토자 '노광현'의 확인이 포함되어 있습니다.",
            "id": "sample_070_0078_000009",
            "annotations": [
                {
                    "word": "노광현",
                    "start": 52,
                    "end": 55,
                    "label": "개인정보"
                }
            ]
        },
        {
            "sentence": "solver_settings는 비선형 정적 해석용 Newton-Raphson, 상대 허용오차(rel_tol)=1e-6, 절대 허용오차(abs_tol)=1e-9, 시간적분법은 implicit Newmark로 설정합니다.",
            "id": "sample_070_0078_000010",
            "annotations": []
        },
        {
            "sentence": "수치해석의 수렴기준, 사전조건 스무딩, 반복 최대치(max_iter)를 명시하여 재현 가능한 실행을 보장합니다.",
            "id": "sample_070_0078_000011",
            "annotations": []
        },
        {
            "sentence": "검증 및 보정 절차는 현장 계측과의 비교를 통해 수행하며 validation_metrics로 RMSE, MAE, R2를 기록합니다.",
            "id": "sample_070_0078_000012",
            "annotations": []
        },
        {
            "sentence": "검증 결과 예시: RMSE = 0.035 m, MAE = 0.021 m, R2 = 0.92로 보고되었으며 관련 검증 리포트와 캘리브레이션 로그를 첨부합니다.",
            "id": "sample_070_0078_000013",
            "annotations": []
        },
        {
            "sentence": "정적 엔티티 모델(entity_model)은 IFC 포맷으로 관리되며 예시 파일명은 'building_01.ifc'입니다.",
            "id": "sample_070_0078_000014",
            "annotations": []
        },
        {
            "sentence": "도형 및 메시 파일은 형식(STL, OBJ, PLY, IFC)을 명시하고 다운로드 위치와 접근 방법을 문서화합니다.",
            "id": "sample_070_0078_000015",
            "annotations": []
        },
        {
            "sentence": "예: geometry_files 'building_01.stl' 다운로드: https://storage.example.com/twins/building_01.stl, SHA256: e3b0c44298fc..., 압축: gzip, 분할: 3개(각 약 1GiB).",
            "id": "sample_070_0078_000016",
            "annotations": []
        },
        {
            "sentence": "보안상 내부 자산은 사설 저장소에 보관되며 내부 URL 예시로 https://internal-twin.company.local 가 참조됩니다.",
            "id": "sample_070_0078_000017",
            "annotations": [
                {
                    "word": "https://internal-twin.company.local",
                    "start": 35,
                    "end": 70,
                    "label": "기밀정보"
                }
            ]
        },
        {
            "sentence": "서버 및 호스트 정보 예시: 관리서버 IP 10.0.0.12, 파일 경로 /srv/twins/secure/model_archive 는 엄격한 접근 제어 대상입니다.",
            "id": "sample_070_0078_000018",
            "annotations": [
                {
                    "word": "10.0.0.12",
                    "start": 24,
                    "end": 33,
                    "label": "기밀정보"
                },
                {
                    "word": "/srv/twins/secure/model_archive",
                    "start": 41,
                    "end": 72,
                    "label": "기밀정보"
                }
            ]
        },
        {
            "sentence": "대용량 메시와 포인트클라우드의 권장 처리 방법은 스트리밍과 청크 처리이며 예시로 1,000,000 포인트당 약 64 MiB 청크를 권장합니다.",
            "id": "sample_070_0078_000019",
            "annotations": []
        },
        {
            "sentence": "메시 해상도 및 요소 유형: 평균 엘리먼트 크기 0.005 m, element_type: tetrahedral, 총 요소 수 약 3,200,000개로 기록합니다.",
            "id": "sample_070_0078_000020",
            "annotations": []
        },
        {
            "sentence": "재료 물성(material_properties)은 밀도 7850 kg/m3, 열전도도 16.2 W/(m·K), 영률(Young's modulus) 2.1e11 Pa로 정의합니다.",
            "id": "sample_070_0078_000021",
            "annotations": []
        },
        {
            "sentence": "경계조건(boundary_conditions)은 표면 온도 293.15 K, 외부 압력 101325 Pa, 유속 1.2 m/s로 명시되어 있습니다.",
            "id": "sample_070_0078_000022",
            "annotations": []
        },
        {
            "sentence": "초기조건(initial_conditions)은 내부 온도 필드 295 K로 설정하였고 모든 단위는 SI 단위를 우선 표기합니다.",
            "id": "sample_070_0078_000023",
            "annotations": []
        },
        {
            "sentence": "센서 메타데이터는 위치(위도/경도), sampling_rate, accuracy, quality_flag 및 노이즈 특성(분포, SNR)을 포함해야 합니다.",
            "id": "sample_070_0078_000024",
            "annotations": []
        },
        {
            "sentence": "예제 센서 레코드: timestamp 2025-12-01T09:00:00Z, value 23.5, unit C, sampling_rate 1.0 Hz, accuracy ±0.2 K, quality_flag 'OK', noise: Gaussian, SNR 40 dB.",
            "id": "sample_070_0078_000025",
            "annotations": []
        },
        {
            "sentence": "센서 위치 표기는 익명화 정책을 적용하여 '서울특별시 강남구' 단위로만 공개하고 상세 주소는 마스킹합니다.",
            "id": "sample_070_0078_000026",
            "annotations": [
                {
                    "word": "서울특별시 강남구",
                    "start": 24,
                    "end": 33,
                    "label": "준식별자"
                }
            ]
        },
        {
            "sentence": "인적 식별자는 엄격히 통제되며 예시로 담당자 사번 2021045와 생년월일 1985-06-15은 내부 조회만 가능하도록 제한됩니다.",
            "id": "sample_070_0078_000027",
            "annotations": [
                {
                    "word": "사번 2021045",
                    "start": 25,
                    "end": 35,
                    "label": "개인정보"
                },
                {
                    "word": "1985-06-15",
                    "start": 42,
                    "end": 52,
                    "label": "준식별자"
                }
            ]
        },
        {
            "sentence": "개인정보 보호를 위해 민감 항목은 암호화와 역할기반 접근제어(RBAC)로 보호하고 원본은 안전한 키 볼트에 보관합니다.",
            "id": "sample_070_0078_000028",
            "annotations": []
        },
        {
            "sentence": "배포 매니페스트(deployment_manifest)는 컨테이너 이미지 태그, 오케스트레이터 설정, 서비스 계정 및 최소 권한 정책을 포함해야 합니다.",
            "id": "sample_070_0078_000029",
            "annotations": []
        },
        {
            "sentence": "로그 및 감사 추적은 run_id, 사용자 ID, 변경 내용, 타임스탬프를 기록하며 보존 기간과 접근 통제 정책을 명시합니다.",
            "id": "sample_070_0078_000030",
            "annotations": []
        },
        {
            "sentence": "보안 권고: OT 구간은 네트워크 분리, 다중인증, 최소 권한 원칙을 적용하고 VPN 접속은 중앙 인증 서버로 제어합니다.",
            "id": "sample_070_0078_000031",
            "annotations": []
        },
        {
            "sentence": "운영 리스크 완화를 위해 모델 버전 관리, 자동화된 테스트 파이프라인, 그리고 주기적 보안 감사를 수행할 것을 권고합니다.",
            "id": "sample_070_0078_000032",
            "annotations": []
        },
        {
            "sentence": "다음 단계: 모델 버전 1.2.1로 마이그레이션 계획 수립, 추가 센서 캘리브레이션, 보안 감사 및 사용자 교육 일정을 조율합니다.",
            "id": "sample_070_0078_000033",
            "annotations": []
        }
    ]
}