{
    "document_id": "070_0064",
    "document_title": "디지털 트윈 건물 열응답 및 유지보수 시뮬레이션 리포트",
    "data": [
        {
            "sentence": "본 문서는 디지털 트윈 및 시뮬레이션 플랫폼에서 수행한 건물 열응답 및 유지보수 시나리오의 상세 리포트입니다.",
            "id": "sample_070_0064_000001",
            "annotations": []
        },
        {
            "sentence": "문서에는 모델 메타데이터, 지오메트리, 메시, 센서 시계열, 실행 로그, 검증 리포트 및 배포 매니페스트가 포함됩니다.",
            "id": "sample_070_0064_000002",
            "annotations": []
        },
        {
            "sentence": "모든 모델과 실행에는 고유 식별자를 포함하며 재현성을 위해 model_id, run_id 및 semver 기반 model_version을 명시합니다.",
            "id": "sample_070_0064_000003",
            "annotations": []
        },
        {
            "sentence": "예시 메타데이터 항목: model_id: tw_00042, model_version: 1.2.0, run_id: run_20260115_001이 각 실행에 연동됩니다.",
            "id": "sample_070_0064_000004",
            "annotations": []
        },
        {
            "sentence": "지오메트리 파일은 IFC와 STL 포맷으로 제공되며 각 파일의 다운로드 위치와 체크섬이 문서화되어 있습니다.",
            "id": "sample_070_0064_000005",
            "annotations": []
        },
        {
            "sentence": "geometry_files 예: building_main.ifc (IFC, 24.3 MB), building_mesh.stl (STL, 1.2 GB, sha256: a3b1c2d3e4f5a6b7c8d9e0f1a2b3c4d5e6f7a8b9c0d1e2f3a4b5c6d7e8f9a0), mesh_parted.tar.gz(4개 파트, 각 300 MB).",
            "id": "sample_070_0064_000006",
            "annotations": []
        },
        {
            "sentence": "대용량 메시와 포인트클라우드는 파트별 압축, 스트리밍 및 청크 처리를 권장하며 각 파트의 체크섬과 압축 정보를 제공합니다.",
            "id": "sample_070_0064_000007",
            "annotations": []
        },
        {
            "sentence": "단위는 SI 단위를 우선 사용하며 모든 물성치, 경계조건, 결과 필드에 단위 표기를 명시했습니다.",
            "id": "sample_070_0064_000008",
            "annotations": []
        },
        {
            "sentence": "물성치 예시: 콘크리트 밀도 2400 kg·m^-3, 열전도도 1.7 W·m^-1·K^-1, 탄성계수 30 GPa로 입력하였습니다.",
            "id": "sample_070_0064_000009",
            "annotations": []
        },
        {
            "sentence": "메시 해상도와 요소 유형 정보: 평균 엘리먼트 치수 0.05 m, 요소유형 tetrahedral, 총 요소수 12,345,678으로 기록했습니다.",
            "id": "sample_070_0064_000010",
            "annotations": []
        },
        {
            "sentence": "경계조건과 초기조건은 시나리오별로 분리된 JSON과 YAML 파일로 제공되며 경계조건 단위와 참조 좌표계를 명시했습니다.",
            "id": "sample_070_0064_000011",
            "annotations": []
        },
        {
            "sentence": "Solver 설정 예: solver: OpenFOAM 10, time_integration: implicit, convergence_criteria: residual < 1e-6, max_iterations: 5000, 시간적분법: BDF2.",
            "id": "sample_070_0064_000012",
            "annotations": []
        },
        {
            "sentence": "재현성 확보를 위해 compute_environment에 사용된 소프트웨어 패키지와 정확한 버전 목록을 포함합니다.",
            "id": "sample_070_0064_000013",
            "annotations": []
        },
        {
            "sentence": "예시 compute_environment: Ubuntu 22.04, Python 3.10.8, numpy 1.25.0, scipy 1.11.0, OpenFOAM 10, Docker 24.0.1이 명시되어 있습니다.",
            "id": "sample_070_0064_000014",
            "annotations": []
        },
        {
            "sentence": "랜덤 시드(random_seed)는 20260115로 고정하여 확률적 요소가 포함된 계산의 재현성을 보장했습니다.",
            "id": "sample_070_0064_000015",
            "annotations": []
        },
        {
            "sentence": "센서 데이터는 timestamp(ISO8601), sampling_rate, accuracy, quality_flag와 노이즈 특성(분포, SNR)을 메타데이터로 제공합니다.",
            "id": "sample_070_0064_000016",
            "annotations": []
        },
        {
            "sentence": "예시 센서 메타데이터: 센서ID s_temp_001, 위치: 옥상, sampling_rate: 1 Hz, accuracy: ±0.5 K, quality_flag: GOOD, noise_distribution: Gaussian, SNR: 40 dB, units: K.",
            "id": "sample_070_0064_000017",
            "annotations": []
        },
        {
            "sentence": "타임스탬프 표기는 2026-01-15T08:00:00Z 형태의 ISO8601을 따르며 타임존 정보를 명시합니다.",
            "id": "sample_070_0064_000018",
            "annotations": []
        },
        {
            "sentence": "검증 및 보정 절차는 캘리브레이션 리포트와 함께 제공되며 validation_metrics로 RMSE, MAE, R2 등을 포함합니다.",
            "id": "sample_070_0064_000019",
            "annotations": []
        },
        {
            "sentence": "Validation 결과 예시: RMSE 0.42 K, MAE 0.31 K, R2 0.92이며 사용된 그라운드 트루스는 현장 센서 및 수동 측정치입니다.",
            "id": "sample_070_0064_000020",
            "annotations": []
        },
        {
            "sentence": "프로비넌스와 change_log는 model_id와 연동되어 각 버전의 변경사항, 수정자, 변경 이유, 관련 커밋 및 태그를 기록합니다.",
            "id": "sample_070_0064_000021",
            "annotations": []
        },
        {
            "sentence": "배포 매니페스트에는 컨테이너 이미지, 이미지 태그, 오케스트레이션 정보 및 권장 리소스 요청/제한을 포함합니다: image: twin-sim:1.2.0, orchestrator: Kubernetes.",
            "id": "sample_070_0064_000022",
            "annotations": []
        },
        {
            "sentence": "보안·운영 리스크가 높은 자산에 대해서는 OT 보안 가이드라인을 준수하고 네트워크 분리, 인증, 최소 권한 정책을 문서화했습니다.",
            "id": "sample_070_0064_000023",
            "annotations": []
        },
        {
            "sentence": "운영 담당자 및 승인자는 다음과 같습니다: 담당자: 공안나, 승인자: 이운호.",
            "id": "sample_070_0064_000024",
            "annotations": [
                {
                    "word": "공안나",
                    "start": 29,
                    "end": 32,
                    "label": "개인정보"
                },
                {
                    "word": "이운호",
                    "start": 39,
                    "end": 42,
                    "label": "개인정보"
                }
            ]
        },
        {
            "sentence": "담당자 사번: 20231234, 연락처: 010-1234-5678는 내부 연락망 및 긴급연락 절차에만 사용되며 접근 제어 대상입니다.",
            "id": "sample_070_0064_000025",
            "annotations": [
                {
                    "word": "20231234",
                    "start": 8,
                    "end": 16,
                    "label": "개인정보"
                },
                {
                    "word": "010-1234-5678",
                    "start": 23,
                    "end": 36,
                    "label": "개인정보"
                }
            ]
        },
        {
            "sentence": "검증 현장 주소: 서울특별시, 강남구, 역삼동; 현장 담당자 생년월일: 1985-07-23; 성별: 남성으로 준식별자 항목을 수집했습니다.",
            "id": "sample_070_0064_000026",
            "annotations": [
                {
                    "word": "서울특별시",
                    "start": 10,
                    "end": 15,
                    "label": "준식별자"
                },
                {
                    "word": "강남구",
                    "start": 17,
                    "end": 20,
                    "label": "준식별자"
                },
                {
                    "word": "역삼동",
                    "start": 22,
                    "end": 25,
                    "label": "준식별자"
                },
                {
                    "word": "1985",
                    "start": 40,
                    "end": 44,
                    "label": "준식별자"
                },
                {
                    "word": "07",
                    "start": 45,
                    "end": 47,
                    "label": "준식별자"
                },
                {
                    "word": "23",
                    "start": 48,
                    "end": 50,
                    "label": "준식별자"
                },
                {
                    "word": "남성",
                    "start": 56,
                    "end": 58,
                    "label": "준식별자"
                }
            ]
        },
        {
            "sentence": "기밀 시스템 정보는 별도 저장소에 보관합니다: 내부 서버 IP 192.168.10.12, VPN 주소 vpn.internal.company, 내부 경로 /opt/twin/models/asset_v1.ifc, 계좌번호 123-456-7890.",
            "id": "sample_070_0064_000027",
            "annotations": [
                {
                    "word": "192.168.10.12",
                    "start": 35,
                    "end": 48,
                    "label": "기밀정보"
                },
                {
                    "word": "vpn.internal.company",
                    "start": 57,
                    "end": 77,
                    "label": "기밀정보"
                },
                {
                    "word": "/opt/twin/models/asset_v1.ifc",
                    "start": 85,
                    "end": 114,
                    "label": "기밀정보"
                },
                {
                    "word": "123-456-7890",
                    "start": 121,
                    "end": 133,
                    "label": "기밀정보"
                }
            ]
        },
        {
            "sentence": "요약: 본 문서의 민감정보는 분류 및 접근 제어 정책에 따라 마스킹하거나 별도 저장소로 분리하여 관리하는 것을 권장합니다.",
            "id": "sample_070_0064_000028",
            "annotations": []
        }
    ]
}