{
    "document_id": "070_0086",
    "document_title": "디지털 트윈 및 시뮬레이션 플랫폼: 빌딩 HVAC·구조 통합 모델 운영 및 검증 매뉴얼",
    "data": [
        {
            "sentence": "문서 개요: 본 문서는 디지털 트윈 및 시뮬레이션 플랫폼에서 사용되는 빌딩 HVAC 및 구조 통합 모델의 설계, 운영 및 검증 절차를 기술합니다.",
            "id": "sample_070_0086_000001",
            "annotations": []
        },
        {
            "sentence": "프로젝트 식별 정보: model_id: DT-070-00086, run_id: run-00086-01, model_version: 1.0.3(semver)을 모든 모델과 실행에 명시합니다.",
            "id": "sample_070_0086_000002",
            "annotations": []
        },
        {
            "sentence": "엔티티 모델 구성: Revit 기반 BIM을 IFC로 익스포트하고, 중요 부품은 STEP 파트로 관리하며 시각화용 OBJ 메쉬를 병행 사용합니다.",
            "id": "sample_070_0086_000003",
            "annotations": []
        },
        {
            "sentence": "지오메트리 및 파일 목록 예시: building.ifc(3.2 GB, IFC), envelope.obj(650 MB, OBJ), hvac_mesh.stl(1.8 GB, STL); 다운로드: https://example.com/dt/070_0086/building.ifc.",
            "id": "sample_070_0086_000004",
            "annotations": []
        },
        {
            "sentence": "대용량 파일 처리 및 체크섬: 대형 메시(hvac_mesh.stl)는 256 MiB 단위로 압축·분할 전송을 권장하며 SHA256 체크섬은 e3b0c44298fc1c149afbf4c8996fb92427ae41e4649b934ca495991b7852b855로 기록합니다.",
            "id": "sample_070_0086_000005",
            "annotations": []
        },
        {
            "sentence": "메시 해상도 및 요소 유형: 구조 모델은 평균 엘리먼트 치수 0.002 m, 2nd-order tetrahedral elements로 메시를 생성합니다.",
            "id": "sample_070_0086_000006",
            "annotations": []
        },
        {
            "sentence": "재료 물성치(단위 표기): 콘크리트 밀도 2500 kg·m^-3, 열전도도 1.7 W·m^-1·K^-1, 탄성계수 3e10 Pa를 모델 메타데이터에 포함합니다.",
            "id": "sample_070_0086_000007",
            "annotations": []
        },
        {
            "sentence": "경계조건 및 초기조건 예시: 내부 압력 101325 Pa, 초기 온도 293.15 K, 외기 열유속 20 W·m^-2 경계조건을 시나리오별로 정의합니다.",
            "id": "sample_070_0086_000008",
            "annotations": []
        },
        {
            "sentence": "Solver 설정 요건: 비선형 정적 해석은 Newton-Raphson 사용, 수렴 기준 residual_norm < 1e-6, 최대 반복 100으로 설정합니다.",
            "id": "sample_070_0086_000009",
            "annotations": []
        },
        {
            "sentence": "시간적분법 및 수치 설정: 시간적분법은 implicit Newmark(beta=0.25, gamma=0.5) 사용을 표준으로 하며 비선형성에 대한 라인 서치 옵션을 권장합니다.",
            "id": "sample_070_0086_000010",
            "annotations": []
        },
        {
            "sentence": "compute_environment(재현성): Ubuntu 20.04, Python 3.9.12, NumPy 1.23.5, SciPy 1.9.3, FEniCS 2019.1, OpenFOAM 9, Docker 20.10.12으로 환경을 고정해 배포합니다.",
            "id": "sample_070_0086_000011",
            "annotations": []
        },
        {
            "sentence": "random_seed는 재현성을 위해 42로 고정하며 모든 배치 실행과 테스트 케이스에 동일 시드를 적용합니다.",
            "id": "sample_070_0086_000012",
            "annotations": []
        },
        {
            "sentence": "시나리오 템플릿은 정상운전, 피크부하, 장기피로 시험을 포함하며 각 템플릿은 경계조건, 초기조건, 입출력 경로를 명확히 정의합니다.",
            "id": "sample_070_0086_000013",
            "annotations": []
        },
        {
            "sentence": "센서 메타데이터 샘플: 센서ID S_TEMP_01, 위치: 층1 서쪽 벽, sampling_rate: 10 Hz, accuracy: ±0.05 K, quality_flag: GOOD로 기록합니다.",
            "id": "sample_070_0086_000014",
            "annotations": []
        },
        {
            "sentence": "센서 타임스탬프 규격: 모든 시계열 데이터는 ISO8601 형식 예시 2026-01-22T14:05:00Z로 기록하고 단위(예: 295.15 K)를 명시합니다.",
            "id": "sample_070_0086_000015",
            "annotations": []
        },
        {
            "sentence": "센서 노이즈 특성 메타데이터: Gaussian(정규분포) μ=0, σ=0.02 K, SNR=40 dB 형태로 분포 정보를 함께 저장합니다.",
            "id": "sample_070_0086_000016",
            "annotations": []
        },
        {
            "sentence": "검증 및 보정 절차: 현장 측정(ground_truth)과 시뮬레이션 결과를 비교해 calibration 보고서를 생성하고 정량적 지표를 산출합니다.",
            "id": "sample_070_0086_000017",
            "annotations": []
        },
        {
            "sentence": "validation_metrics 예시 보고: RMSE=0.45 K, MAE=0.31 K, R2=0.92를 검증 리포트에 포함하며 기준값을 문서화합니다.",
            "id": "sample_070_0086_000018",
            "annotations": []
        },
        {
            "sentence": "프로비넌스 및 change_log 정책: model_version 1.0.2에서 1.0.3으로 변경 시 변경 항목, 변경자, 변경일, 검증 결과를 단계별로 기록합니다.",
            "id": "sample_070_0086_000019",
            "annotations": []
        },
        {
            "sentence": "상호운용성 표준 준수: IFC, CityGML, STEP, OPC-UA를 우선 사용하고 변환 시 손실 항목을 변환 리포트에 명시합니다.",
            "id": "sample_070_0086_000020",
            "annotations": []
        },
        {
            "sentence": "파일 포맷·크기·처리 권장사항: 3D 포인트클라우드 및 메시 데이터는 스트리밍 처리, 64 MiB 청크, 병렬 I/O를 권장하며 결측값은 NaN 표기로 통일합니다.",
            "id": "sample_070_0086_000021",
            "annotations": []
        },
        {
            "sentence": "에러 및 결측값 처리 규칙: 센서 드롭아웃은 선형 보간 또는 전용 결측 보정 알고리즘으로 처리하고 로그에 보정 방법을 기록합니다.",
            "id": "sample_070_0086_000022",
            "annotations": []
        },
        {
            "sentence": "보안·운영 리스크 완화: 민감 데이터 암호화 저장, 최소 권한 원칙, 멀티팩터 인증, 네트워크 분리를 적용해 OT 보안 요구사항을 충족합니다.",
            "id": "sample_070_0086_000023",
            "annotations": []
        },
        {
            "sentence": "OT 보안 가이드라인: 제어망은 운영망과 물리적 및 논리적으로 분리하고 인증서 기반 연결과 세분화된 접근 제어를 적용합니다.",
            "id": "sample_070_0086_000024",
            "annotations": []
        },
        {
            "sentence": "운영 책임자 및 역할: 프로젝트 책임자 류세미, 데이터 관리자 장태원으로 역할, 권한 및 보고 루트를 본 문서에 명시합니다.",
            "id": "sample_070_0086_000025",
            "annotations": [
                {
                    "word": "류세미",
                    "start": 22,
                    "end": 25,
                    "label": "개인정보"
                },
                {
                    "word": "장태원",
                    "start": 35,
                    "end": 38,
                    "label": "개인정보"
                }
            ]
        },
        {
            "sentence": "직원 식별 정보 예시: 담당자 사번: 202345, 내부 승인자는 장태원(사번: 202346)로 기록되어 있으며 접근 제어 정책으로 별도 관리합니다.",
            "id": "sample_070_0086_000026",
            "annotations": [
                {
                    "word": "사번: 202345",
                    "start": 17,
                    "end": 27,
                    "label": "개인정보"
                },
                {
                    "word": "장태원",
                    "start": 37,
                    "end": 40,
                    "label": "개인정보"
                },
                {
                    "word": "사번: 202346",
                    "start": 41,
                    "end": 51,
                    "label": "개인정보"
                }
            ]
        },
        {
            "sentence": "기밀 인프라 항목 예시: 서버 IP: 10.8.0.12, 내부 파일 경로: /srv/twin/models/secret_model.ifc, 접속계정: admin_twin는 기밀로 분류합니다.",
            "id": "sample_070_0086_000027",
            "annotations": [
                {
                    "word": "10.8.0.12",
                    "start": 21,
                    "end": 30,
                    "label": "기밀정보"
                },
                {
                    "word": "/srv/twin/models/secret_model.ifc",
                    "start": 42,
                    "end": 75,
                    "label": "기밀정보"
                },
                {
                    "word": "admin_twin",
                    "start": 83,
                    "end": 93,
                    "label": "기밀정보"
                }
            ]
        },
        {
            "sentence": "배포 및 운영 매니페스트: Docker image 'twin-sim:1.0.3'과 Kubernetes manifest, 권장 리플리카 수 및 리소스 제한을 포함해 배포 절차를 문서화합니다.",
            "id": "sample_070_0086_000028",
            "annotations": []
        },
        {
            "sentence": "결론 및 권장 조치: 재현성 확보를 위한 환경 고정, 데이터 거버넌스 준수, 주기적 검증 및 OT 보안 심사를 권고합니다.",
            "id": "sample_070_0086_000029",
            "annotations": []
        }
    ]
}