{
    "document_id": "070_0016",
    "document_title": "디지털 트윈 및 시뮬레이션 플랫폼 - 모델 검증·배포·운영 리포트",
    "data": [
        {
            "sentence": "본 문서는 디지털 트윈 및 물리 기반 시뮬레이션 플랫폼의 모델 검증, 실행 로그, 배포 매니페스트 및 운영 지침을 기술한 공식 리포트입니다.",
            "id": "sample_070_0016_000001",
            "annotations": []
        },
        {
            "sentence": "문서 목적은 모델의 재현성 확보, 대용량 지오메트리 처리 권고, 센서 데이터 표준화, 검증·보정 절차 및 보안·운영 리스크 관리를 포함합니다.",
            "id": "sample_070_0016_000002",
            "annotations": []
        },
        {
            "sentence": "프로젝트 메타데이터는 model_id, model_version(semver), run_id를 모든 모델 정의와 실행 로그에 필수로 포함하도록 규정합니다; 예: model_id=DTM-2026-0001.",
            "id": "sample_070_0016_000003",
            "annotations": []
        },
        {
            "sentence": "검토자 정보를 포함할 경우 인가된 접근정책을 적용하며 본 리포트의 예시 검토자 표시는 검토자: 정광철로 표기하였습니다; 실제 배포 시 별도 접근 제어를 권장합니다.",
            "id": "sample_070_0016_000004",
            "annotations": [
                {
                    "word": "정광철",
                    "start": 53,
                    "end": 56,
                    "label": "개인정보"
                }
            ]
        },
        {
            "sentence": "대상 자산의 위치·운영구역 표기는 상호운용성 및 거버넌스 요구에 따라 시/군/구 단위로 관리하며 본 문서 예시는 성남시, 분당구를 참조합니다.",
            "id": "sample_070_0016_000005",
            "annotations": [
                {
                    "word": "성남시",
                    "start": 63,
                    "end": 66,
                    "label": "준식별자"
                },
                {
                    "word": "분당구",
                    "start": 68,
                    "end": 71,
                    "label": "준식별자"
                }
            ]
        },
        {
            "sentence": "정적 엔터티 모델(entity_model)은 IFC 및 STEP 표준을 우선 사용하고, 변환시 손실 항목을 명시하며 원본과 변환본의 체크섬을 기록합니다.",
            "id": "sample_070_0016_000006",
            "annotations": []
        },
        {
            "sentence": "지오메트리 파일 목록: geometry.ifc (IFC v4.2, 1.2 GB, SHA256=3a7f...9c2b), mesh_highres.obj (OBJ, 12.4 GB, SHA256=9f1b...4d7e, 압축: zip, 분할: 4개 파트).",
            "id": "sample_070_0016_000007",
            "annotations": []
        },
        {
            "sentence": "대용량 파일은 스트리밍 전송과 청크 처리 권고사항을 적용하며 권장 청크 크기는 64 MiB, 병렬 다운로드 최대 4개 세션으로 I/O 병목을 완화합니다.",
            "id": "sample_070_0016_000008",
            "annotations": []
        },
        {
            "sentence": "메시 상세: mesh_resolution=element_size 0.005 m(최소), element_type=tetrahedral, 평균 요소 수=18,432,000, 품질 지표: 최소 각도 12 deg, Jacobian 평균 0.87.",
            "id": "sample_070_0016_000009",
            "annotations": []
        },
        {
            "sentence": "재료 물성치(Material properties)는 SI 단위로 표기하며 예시로 밀도 7850 kg·m^-3, 열전도도 16.2 W·m^-1·K^-1, 탄성계수 210e9 Pa를 사용했습니다.",
            "id": "sample_070_0016_000010",
            "annotations": []
        },
        {
            "sentence": "경계조건 및 초기조건 템플릿은 온도(단위 K), 압력(단위 Pa), 속도(단위 m·s^-1)로 정리되어 있으며 시간적분법은 Newmark-beta(β=0.25, γ=0.5)로 기본 설정합니다.",
            "id": "sample_070_0016_000011",
            "annotations": []
        },
        {
            "sentence": "시나리오 정의는 시나리오 ID, 설명, 지속시간, 입력 신호 프로파일을 포함하며 재현성을 위해 random_seed=20260123를 실행 메타데이터에 고정합니다.",
            "id": "sample_070_0016_000012",
            "annotations": []
        },
        {
            "sentence": "실행 메타데이터 예시: run_id=run-20260123-0001, start_time=2026-01-23T09:12:00Z, end_time=2026-01-23T09:45:32Z, model_version=1.2.0.",
            "id": "sample_070_0016_000013",
            "annotations": []
        },
        {
            "sentence": "compute_environment는 OS와 주요 라이브러리·버전 표기로 기록합니다; 예: Ubuntu 22.04, Python 3.10.8, numpy 1.25.0, scipy 1.11.1, fenics 2023.1.0, docker 24.0.5.",
            "id": "sample_070_0016_000014",
            "annotations": []
        },
        {
            "sentence": "solver_settings는 solver_type=implicit_newton, linear_solver=GMRES, preconditioner=ILU, convergence_tol=1e-8(L2 norm), max_iter=200으로 명시합니다.",
            "id": "sample_070_0016_000015",
            "annotations": []
        },
        {
            "sentence": "센서 데이터 표준 예시는 가속도계(timestamp, 샘플링레이트, 단위, 정확도, quality_flag)로 제공됩니다; 샘플: 2026-01-23T09:12:15.123Z, 1000 Hz, m·s^-2, accuracy ±0.02 m·s^-2, quality_flag=OK.",
            "id": "sample_070_0016_000016",
            "annotations": []
        },
        {
            "sentence": "센서 노이즈 특성은 분포와 SNR로 명세하며 본 예시는 Gaussian(μ=0,σ=0.015 m·s^-2), SNR=40 dB로 메타데이터에 기록합니다.",
            "id": "sample_070_0016_000017",
            "annotations": []
        },
        {
            "sentence": "원격 모니터링 인터페이스는 OPC-UA 및 MQTT 표준을 우선 채택하며 변환 브리지 사용 시 데이터 손실 항목과 지연을 문서화해야 합니다.",
            "id": "sample_070_0016_000018",
            "annotations": []
        },
        {
            "sentence": "검증·보정 절차는 그라운드 트루스와의 비교, 교차 검증, 파라미터 최적화 단계로 구성하며 validation_metrics로 RMSE, MAE, R2를 산출합니다; 예시 RMSE=0.032 m·s^-2.",
            "id": "sample_070_0016_000019",
            "annotations": []
        },
        {
            "sentence": "캘리브레이션 보고서는 변경된 파라미터 목록과 유효 범위를 포함하고, 모든 변경에는 provenance와 change_log를 남겨서 법적·운영적 추적성을 보장합니다.",
            "id": "sample_070_0016_000020",
            "annotations": []
        },
        {
            "sentence": "시각화 자산은 텍스처 파일, 렌더링 설정, 뷰포인트 매니페스트를 포함하며 포맷과 권장 렌더링 파이프라인을 명시합니다; 예: PBR 텍스처, glTF 2.0 권장.",
            "id": "sample_070_0016_000021",
            "annotations": []
        },
        {
            "sentence": "배포 매니페스트는 컨테이너 이미지, 레지스트리, 오케스트레이터 설정을 포함합니다; 예: image=registry.corp/dtm/simulator:1.2.0, orchestrator=Kubernetes v1.27, replicas=3.",
            "id": "sample_070_0016_000022",
            "annotations": []
        },
        {
            "sentence": "보안·운영 정책은 OT 보안 가이드라인을 준수하며 네트워크 분리, 인증·권한 관리, 최소 권한 원칙 적용을 명시하고 정기 감사 절차를 권장합니다.",
            "id": "sample_070_0016_000023",
            "annotations": []
        },
        {
            "sentence": "민감 운영 데이터와 개인정보는 익명화 또는 마스킹을 원칙으로 하고, 접근 권한 없는 사용자에게 원시 값이 노출되지 않도록 로그 레벨을 제어합니다.",
            "id": "sample_070_0016_000024",
            "annotations": []
        },
        {
            "sentence": "운영용 내부 리포지토리 위치와 파일 경로는 기밀로 취급해야 하며 본 문서 내부 참조 예시는 /srv/models/digital_twin/070_0016/geometry.ifc 입니다; 실제 배포에서는 접근 제어를 적용하십시오.",
            "id": "sample_070_0016_000025",
            "annotations": [
                {
                    "word": "/srv/models/digital_twin/070_0016/geometry.ifc",
                    "start": 51,
                    "end": 97,
                    "label": "기밀정보"
                }
            ]
        },
        {
            "sentence": "내부 서비스 접근 주소 예시는 https://internal.corp.local/models/070_0016/geometry.ifc 이며, 외부 노출 방지를 위해 VPN과 내부 인증서를 통해서만 접근하도록 구성해야 합니다.",
            "id": "sample_070_0016_000026",
            "annotations": [
                {
                    "word": "https://internal.corp.local/models/070_0016/geometry.ifc",
                    "start": 17,
                    "end": 73,
                    "label": "기밀정보"
                }
            ]
        },
        {
            "sentence": "온프레미스 엣지 노드의 예시 관리 IP는 192.168.1.10으로 표기하였으며 이와 같은 내부 IP는 공개 문서에서 제거하거나 마스킹해야 합니다.",
            "id": "sample_070_0016_000027",
            "annotations": [
                {
                    "word": "192.168.1.10",
                    "start": 23,
                    "end": 35,
                    "label": "기밀정보"
                }
            ]
        },
        {
            "sentence": "에러·결측값 처리 규칙: 센서 결측 시 선형 보간 또는 마지막 유효값 유지(영향 범위 명시), 시계열 이상치 검출은 IQR 또는 MAD 기반으로 자동 플래그 처리합니다.",
            "id": "sample_070_0016_000028",
            "annotations": []
        },
        {
            "sentence": "운영 SLA 및 모니터링 지표는 가용성, 지연(latency), 처리량, 데이터 동기화 일관성으로 정의하며 경보 임계치는 지연 200 ms 초과 또는 데이터 누락률 0.1% 초과로 설정합니다.",
            "id": "sample_070_0016_000029",
            "annotations": []
        },
        {
            "sentence": "결론 및 권고사항으로는 표준 우선 채택(IFC/STEP/OPC-UA), 환경 고정(model_version, seed, compute_env), 대용량 처리 전략, OT 보안 강화 및 변경시 엄격한 프로비넌스 기록을 제시합니다.",
            "id": "sample_070_0016_000030",
            "annotations": []
        }
    ]
}