{
    "document_id": "070_0009",
    "document_title": "디지털 트윈 및 시뮬레이션 플랫폼 모델 정의 및 실행 리포트",
    "data": [
        {
            "sentence": "문서 제목과 개요: 본 문서는 디지털 트윈 및 시뮬레이션 플랫폼의 모델 정의, 실행 로그, 검증 보고서를 통합적으로 기술한 운영 문서입니다.",
            "id": "sample_070_0009_000001",
            "annotations": []
        },
        {
            "sentence": "작성자: 조희유 (사번: 20231234, 이메일: chohiyu@corp.internal)이며 문서 관리 및 배포 권한을 보유합니다.",
            "id": "sample_070_0009_000002",
            "annotations": [
                {
                    "word": "조희유",
                    "start": 5,
                    "end": 8,
                    "label": "개인정보"
                },
                {
                    "word": "사번: 20231234",
                    "start": 10,
                    "end": 22,
                    "label": "개인정보"
                },
                {
                    "word": "chohiyu@corp.internal",
                    "start": 29,
                    "end": 50,
                    "label": "개인정보"
                }
            ]
        },
        {
            "sentence": "검토자: 성어진 (이메일: seojin@corp.internal)이 기술 검토 및 밸리데이션 계획을 승인하였습니다.",
            "id": "sample_070_0009_000003",
            "annotations": [
                {
                    "word": "성어진",
                    "start": 5,
                    "end": 8,
                    "label": "개인정보"
                },
                {
                    "word": "seojin@corp.internal",
                    "start": 15,
                    "end": 35,
                    "label": "개인정보"
                }
            ]
        },
        {
            "sentence": "프로젝트 책임자: 이제인이며 운영 주소는 서울특별시 강남구 내 지정 구역을 기준으로 합니다.",
            "id": "sample_070_0009_000004",
            "annotations": [
                {
                    "word": "이제인",
                    "start": 10,
                    "end": 13,
                    "label": "개인정보"
                },
                {
                    "word": "서울특별시 강남구",
                    "start": 23,
                    "end": 32,
                    "label": "준식별자"
                }
            ]
        },
        {
            "sentence": "모델 식별자 및 버전: model_id='model_070_0009', model_version='1.2.3' (semver), run_id='run_20260123_0001' 형식을 사용합니다.",
            "id": "sample_070_0009_000005",
            "annotations": []
        },
        {
            "sentence": "지오메트리 파일은 IFC, STL, OBJ 포맷으로 제공되며 다운로드는 https://files.corp.internal/twins/070_0009/geometry.zip 경로를 통해 제어된 접근으로 가능합니다.",
            "id": "sample_070_0009_000006",
            "annotations": [
                {
                    "word": "https://files.corp.internal/twins/070_0009/geometry.zip",
                    "start": 40,
                    "end": 95,
                    "label": "기밀정보"
                }
            ]
        },
        {
            "sentence": "대용량 메시는 총 15 GB이며 압축 분할(split) 5개 파트로 제공됩니다; 각 파트의 SHA256 체크섬(64 hex)으로 전송 무결성을 보장합니다.",
            "id": "sample_070_0009_000007",
            "annotations": []
        },
        {
            "sentence": "서버 내부 저장 경로 예시: /srv/twins/private/model_070_0009/mesh_part_01.stl이며 파일 접근은 권한 제어 대상입니다.",
            "id": "sample_070_0009_000008",
            "annotations": [
                {
                    "word": "/srv/twins/private/model_070_0009/mesh_part_01.stl",
                    "start": 16,
                    "end": 66,
                    "label": "기밀정보"
                }
            ]
        },
        {
            "sentence": "컨테이너 이미지는 registry.internal.corp:5000/twins/model:1.2.3 레지스트리에 저장되며 접근은 내부 인증으로 제한됩니다.",
            "id": "sample_070_0009_000009",
            "annotations": [
                {
                    "word": "registry.internal.corp:5000/twins/model:1.2.3",
                    "start": 10,
                    "end": 55,
                    "label": "기밀정보"
                }
            ]
        },
        {
            "sentence": "연산 노드 접속 예시는 10.10.10.5:8080 이며 운영 환경 IP 주소는 내부 네트워크로 분리되어 있습니다.",
            "id": "sample_070_0009_000010",
            "annotations": [
                {
                    "word": "10.10.10.5:8080",
                    "start": 13,
                    "end": 28,
                    "label": "기밀정보"
                }
            ]
        },
        {
            "sentence": "compute_environment: Ubuntu 20.04, Docker 20.10.12, Python 3.9.12, FEniCS 2019.1.0, OpenFOAM 8, numpy 1.23.5 등 패키지 및 버전을 기록합니다.",
            "id": "sample_070_0009_000011",
            "annotations": []
        },
        {
            "sentence": "재현성을 위해 random_seed=123456789 를 고정하며 모든 실행에는 동일한 시드가 포함됩니다.",
            "id": "sample_070_0009_000012",
            "annotations": []
        },
        {
            "sentence": "solver_settings: solver_type='nonlinear_Newton', convergence_tol=1e-6, max_iter=500, time_integration='BDF2', time_step=0.01 s 등 수치 파라미터를 기록합니다.",
            "id": "sample_070_0009_000013",
            "annotations": []
        },
        {
            "sentence": "재료 물성치는 밀도 rho=7850 kg/m3, Youngs_modulus=210e9 Pa, thermal_conductivity=60 W/(m·K)로 SI 단위를 명시합니다.",
            "id": "sample_070_0009_000014",
            "annotations": []
        },
        {
            "sentence": "메시 해상도는 목표 요소 크기 element_size=0.005 m이며 요소 유형은 tetrahedral, 품질 기준(스키스값, 비정상각 등)을 포함합니다.",
            "id": "sample_070_0009_000015",
            "annotations": []
        },
        {
            "sentence": "경계 조건은 고정 지지 및 접촉면에서의 pressure=101325 Pa, 열유속 heat_flux=1000 W/m2 등이 설정됩니다.",
            "id": "sample_070_0009_000016",
            "annotations": []
        },
        {
            "sentence": "초기 조건은 온도 293.15 K, 속도 0 m/s로 설정되며 초기 필드의 단위도 명확히 표기합니다.",
            "id": "sample_070_0009_000017",
            "annotations": []
        },
        {
            "sentence": "시나리오는 정상 운전(normal), 과부하(overload), 안전 정지(shutdown)로 분류되며 각 템플릿은 입/경계 조건을 포함합니다.",
            "id": "sample_070_0009_000018",
            "annotations": []
        },
        {
            "sentence": "실행 메타데이터에는 run_id='run_20260123_0001', start='2026-01-23T09:00:00Z', end='2026-01-23T11:30:00Z' ISO8601 포맷으로 기록됩니다.",
            "id": "sample_070_0009_000019",
            "annotations": []
        },
        {
            "sentence": "센서 메타데이터 예: sensor_id='S-001', 위치(x,y,z)= (12.345 m, 6.789 m, 1.200 m), sampling_rate=100 Hz, accuracy=0.02 m/s, quality_flag='OK'.",
            "id": "sample_070_0009_000020",
            "annotations": []
        },
        {
            "sentence": "센서 시계열 샘플: timestamp='2026-01-23T09:00:00.010Z', value=0.123 m/s, unit='m/s'로 타임스탬프와 단위를 함께 저장합니다.",
            "id": "sample_070_0009_000021",
            "annotations": []
        },
        {
            "sentence": "그라운드 트루스: 라이다 포인트클라우드는 2026-01-22T14:00:00Z에 수집되었고 LAS 포맷, 파일 크기 12 GB, SHA256 체크섬이 기록되어 있습니다.",
            "id": "sample_070_0009_000022",
            "annotations": []
        },
        {
            "sentence": "캘리브레이션 리포트: 캘리브레이션은 진금조가 수행하였고 보정 파라미터 및 절차, 캘리브레이션 일자 2026-01-22를 포함합니다.",
            "id": "sample_070_0009_000023",
            "annotations": [
                {
                    "word": "진금조",
                    "start": 20,
                    "end": 23,
                    "label": "개인정보"
                }
            ]
        },
        {
            "sentence": "프로비넌스 및 변경 로그: 버전 1.2.3로의 변경은 메쉬 정밀도 개선 및 물성치 수정이며 공휘근이 2026-01-20에 커밋하였습니다.",
            "id": "sample_070_0009_000024",
            "annotations": [
                {
                    "word": "공휘근",
                    "start": 51,
                    "end": 54,
                    "label": "개인정보"
                }
            ]
        },
        {
            "sentence": "검증 메트릭은 RMSE=0.015 m, MAE=0.01 m, R2=0.98로 표기되며 검증 방법과 데이터셋을 명시합니다.",
            "id": "sample_070_0009_000025",
            "annotations": []
        },
        {
            "sentence": "배포 매니페스트는 Kubernetes 기반이며 이미지 registry.internal.corp/twins/model:1.2.3, replicas=3, 리소스 한계와 롤링 업데이트 정책을 포함합니다.",
            "id": "sample_070_0009_000026",
            "annotations": [
                {
                    "word": "registry.internal.corp/twins/model:1.2.3",
                    "start": 30,
                    "end": 70,
                    "label": "기밀정보"
                }
            ]
        },
        {
            "sentence": "운영 SLA 및 내부 문서는 내부 경로 /confidential/sla/070_0009_sla.pdf 에 보관되며 접근 제어 및 보존 정책이 적용됩니다.",
            "id": "sample_070_0009_000027",
            "annotations": [
                {
                    "word": "/confidential/sla/070_0009_sla.pdf",
                    "start": 22,
                    "end": 56,
                    "label": "기밀정보"
                }
            ]
        },
        {
            "sentence": "보안 정책: OT 보안 가이드라인에 따라 네트워크 분리, VPN 접속(vpn.corp.internal), 다중요소 인증(MFA), 최소 권한 원칙을 준수합니다.",
            "id": "sample_070_0009_000028",
            "annotations": [
                {
                    "word": "vpn.corp.internal",
                    "start": 39,
                    "end": 56,
                    "label": "기밀정보"
                }
            ]
        },
        {
            "sentence": "접근 요청 및 권한 변경은 ops@internal.corp 이메일로 제출하거나 담당자 성수리에게 서면 요청해야 하며 승인 로그를 남깁니다.",
            "id": "sample_070_0009_000029",
            "annotations": [
                {
                    "word": "ops@internal.corp",
                    "start": 15,
                    "end": 32,
                    "label": "개인정보"
                },
                {
                    "word": "성수리",
                    "start": 48,
                    "end": 51,
                    "label": "개인정보"
                }
            ]
        },
        {
            "sentence": "결론 및 조치 항목: 다음 캘리브레이션 일정을 예약하고 모델 아카이브 및 보존 기간을 적용하며 추적 가능한 변경 로그를 유지합니다.",
            "id": "sample_070_0009_000030",
            "annotations": []
        }
    ]
}