{
    "document_id": "070_0082",
    "document_title": "디지털 트윈 및 시뮬레이션 플랫폼 운영·검증 리포트",
    "data": [
        {
            "sentence": "본 문서는 디지털 트윈 및 수치 시뮬레이션 플랫폼의 모델 관리, 실행, 검증, 배포 및 보안 정책을 종합적으로 기록한 운영·검증 리포트입니다.",
            "id": "sample_070_0082_000001",
            "annotations": []
        },
        {
            "sentence": "문서는 엔티티 모델, 지오메트리 파일, 메쉬, 물성치, 경계조건, 솔버 설정, 센서 시계열, 캘리브레이션, 검증 메트릭, 배포 매니페스트 및 운영 지침을 포함합니다.",
            "id": "sample_070_0082_000002",
            "annotations": []
        },
        {
            "sentence": "모든 모델 및 실행은 고유 식별자를 포함하며 예시로 model_id=\"model_070_0001\", model_version=\"1.2.0\"(semver), run_id=\"run_070_20250115_001\"을 사용합니다.",
            "id": "sample_070_0082_000003",
            "annotations": []
        },
        {
            "sentence": "엔티티 모델은 CAD/BIM 표준을 우선 사용하며 본 사례는 IFC 2x3 및 STEP AP242 포맷을 기본 자료로 지정합니다.",
            "id": "sample_070_0082_000004",
            "annotations": []
        },
        {
            "sentence": "지오메트리 파일 예시는 building_3.ifc(IFC, 120 MB, https://downloads.example.com/twins/building_3.ifc, SHA256: a3f4...9b2c) 및 façade_mesh.obj(OBJ, 450 MB)입니다.",
            "id": "sample_070_0082_000005",
            "annotations": []
        },
        {
            "sentence": "대용량 메쉬는 압축 및 분할을 권장하며 예시로 façade_mesh.obj는 gzip 압축 후 3개 청크(150 MB each)로 분할 저장되며 전체 SHA256: f12a...c4d0로 검증합니다.",
            "id": "sample_070_0082_000006",
            "annotations": []
        },
        {
            "sentence": "모든 물리량은 SI 단위를 기본으로 표기하며 예: 길이[m], 시간[s], 질량[kg], 열전도도[W m-1 K-1], 탄성계수[Pa]로 명시합니다.",
            "id": "sample_070_0082_000007",
            "annotations": []
        },
        {
            "sentence": "재현성을 위해 compute_environment는 OpenFOAM 10, ParaView 5.11.0, Python 3.10.8, numpy 1.25.0, scipy 1.11.1, pandas 2.1.0 등 패키지와 버전을 기록합니다.",
            "id": "sample_070_0082_000008",
            "annotations": []
        },
        {
            "sentence": "랜덤성 통제를 위해 random_seed=42를 고정하며 모델 파라미터 초기화, 메시 처리, 몬테카를로 샘플링 등 모든 실행에 동일 시드를 적용합니다.",
            "id": "sample_070_0082_000009",
            "annotations": []
        },
        {
            "sentence": "솔버 설정은 예시로 solver_type=\"transient non-linear\", time_integration=\"implicit Euler\", timestep=0.001 s, 수렴 기준 residual < 1e-6(L2 norm)로 정의됩니다.",
            "id": "sample_070_0082_000010",
            "annotations": []
        },
        {
            "sentence": "메시 해상도 및 요소 타입은 mesh_resolution=0.01 m(평균 엘리먼트 크기), element_type=\"tetrahedral\"로 기록하며 품질 검사는 skewness<0.8 기준을 사용합니다.",
            "id": "sample_070_0082_000011",
            "annotations": []
        },
        {
            "sentence": "경계조건 및 초기조건은 온도[K], 압력[Pa], 속도[m s-1] 단위로 표기하며 예시 경계로 벽면 no-slip, 외부 대류 h=10 W m-2 K-1를 포함합니다.",
            "id": "sample_070_0082_000012",
            "annotations": []
        },
        {
            "sentence": "시나리오 템플릿은 정상상태 검증, 과도 응답, 장애 시나리오(예: 펌프 고장) 등으로 구성되며 각 템플릿은 입력 파라미터와 체크포인트를 명확히 정의합니다.",
            "id": "sample_070_0082_000013",
            "annotations": []
        },
        {
            "sentence": "실행 메타데이터 예시는 run_id=\"run_070_20250115_001\", start_time=\"2025-01-15T08:30:00Z\", end_time=\"2025-01-15T09:10:00Z\", 사용 노드 수와 CPU/GPU 사양을 포함합니다.",
            "id": "sample_070_0082_000014",
            "annotations": [
                {
                    "word": "2025-01-15T08:30:00Z",
                    "start": 56,
                    "end": 76,
                    "label": "준식별자"
                },
                {
                    "word": "2025-01-15T09:10:00Z",
                    "start": 89,
                    "end": 109,
                    "label": "준식별자"
                }
            ]
        },
        {
            "sentence": "센서 메타데이터는 위치·정밀도·샘플링율로 구성되며 예시로 위치는 서울특별시 종로구, sampling_rate=100 Hz, accuracy=±0.02 m, quality_flag=\"GOOD\"로 기재합니다.",
            "id": "sample_070_0082_000015",
            "annotations": [
                {
                    "word": "서울특별시 종로구",
                    "start": 36,
                    "end": 45,
                    "label": "준식별자"
                }
            ]
        },
        {
            "sentence": "센서 시계열 샘플은 timestamp=\"2025-01-15T08:30:05Z\", value=1.234 m, unit=\"m\", quality_flag=\"GOOD\"의 형식으로 ISO8601 타임스탬프와 단위 표기를 포함합니다.",
            "id": "sample_070_0082_000016",
            "annotations": [
                {
                    "word": "2025-01-15T08:30:05Z",
                    "start": 22,
                    "end": 42,
                    "label": "준식별자"
                }
            ]
        },
        {
            "sentence": "노이즈 특성은 분포와 SNR로 기술하며 예시로 분포=Gaussian(μ=0, σ=0.005 m), SNR=40 dB, 노이즈 모델은 센서 메타데이터에 링크하여 표준화합니다.",
            "id": "sample_070_0082_000017",
            "annotations": []
        },
        {
            "sentence": "그라운드 트루스 및 캘리브레이션 리포트는 캘리브레이션 절차, 보정 계수, 레퍼런스 장비 및 측정 불확도 분석을 포함하여 RMSE=0.012 m, MAE=0.009 m, R2=0.98을 보고합니다.",
            "id": "sample_070_0082_000018",
            "annotations": []
        },
        {
            "sentence": "프로비넌스는 모델 생성일, 작성자(역할), 소스 데이터 버전, change_log를 포함하며 예시 change_log 항목에는 \"2025-01-10: 메시 개선 및 경계조건 업데이트\"가 기록됩니다.",
            "id": "sample_070_0082_000019",
            "annotations": [
                {
                    "word": "2025-01-10",
                    "start": 72,
                    "end": 82,
                    "label": "준식별자"
                }
            ]
        },
        {
            "sentence": "검증 절차는 검증 데이터 분리, 교차 검증, 민감도 분석, 수치적 안정성 테스트를 포함하며 재현 가능한 입력 스크립트와 검증 스위트를 저장합니다.",
            "id": "sample_070_0082_000020",
            "annotations": []
        },
        {
            "sentence": "상호운용성은 IFC, CityGML, STEP, OPC-UA를 우선 사용하며 포맷 변환 시 손실 항목(예: 속성 메타데이터, 재료 매핑)을 명시하고 변환 로그를 보관합니다.",
            "id": "sample_070_0082_000021",
            "annotations": []
        },
        {
            "sentence": "파일 포맷·크기·권장 처리 방법을 문서화하며 대용량 포인트클라우드는 스트리밍(Range requests)과 청크 처리(권장 청크 크기=50 MB)를 권장합니다.",
            "id": "sample_070_0082_000022",
            "annotations": []
        },
        {
            "sentence": "배포 매니페스트는 컨테이너 이미지, 레지스트리, 오케스트레이터(kubernetes), 내부 서버 IP 예시 및 파일 경로를 포함하며 배포 예시는 server_ip=192.168.10.25, model_path=\"/opt/twins/models/secret_model.step\"입니다.",
            "id": "sample_070_0082_000023",
            "annotations": [
                {
                    "word": "192.168.10.25",
                    "start": 91,
                    "end": 104,
                    "label": "기밀정보"
                },
                {
                    "word": "/opt/twins/models/secret_model.step",
                    "start": 118,
                    "end": 153,
                    "label": "기밀정보"
                }
            ]
        },
        {
            "sentence": "SLA 및 운영 문서는 가용성 목표(예: 99.9%), 백업 주기, 로그 보존 정책을 포함하고 장애 복구 절차 및 롤백 체크포인트를 명시합니다.",
            "id": "sample_070_0082_000024",
            "annotations": []
        },
        {
            "sentence": "보안 및 접근 정책은 OT 보안 가이드라인을 준수하며 네트워크 분리, 다중요소 인증, 최소 권한 원칙, 접속 로그 기록 및 정기적 취약점 스캔을 규정합니다.",
            "id": "sample_070_0082_000025",
            "annotations": []
        },
        {
            "sentence": "운영기술(OT) 환경에서는 ICS 하드닝, 안전 인터락, 물리적 접근 제어, 긴급 정지 절차 및 권한 위임 체계를 명확히 정의합니다.",
            "id": "sample_070_0082_000026",
            "annotations": []
        },
        {
            "sentence": "재현성 체크리스트는 model_version, run_id, compute_environment, random_seed, solver_settings, 입력 데이터 해시를 포함하고 실행 재현성 테스트를 정기 수행합니다.",
            "id": "sample_070_0082_000027",
            "annotations": []
        },
        {
            "sentence": "권장 조치 항목에는 자동화된 CI 파이프라인, 일관된 테스트 벤치, 메트릭 모니터링, 변경관리(프로비넌스 기반) 및 주기적 검증을 포함합니다.",
            "id": "sample_070_0082_000028",
            "annotations": []
        },
        {
            "sentence": "부록에는 시각화 자산(텍스처, 렌더링 설정), 파일 포맷별 처리 권장 알고리듬, 압축 및 체크섬 목록을 첨부하며 각 항목의 파일 크기와 SHA256을 표기합니다.",
            "id": "sample_070_0082_000029",
            "annotations": []
        },
        {
            "sentence": "결론 및 접근: 민감 정보(개인정보, 내부 네트워크·경로 등)는 마스킹 또는 제한된 접근 정책으로 보호하며 접근은 별도 승인 절차를 통해 관리합니다.",
            "id": "sample_070_0082_000030",
            "annotations": []
        }
    ]
}