{
    "document_id": "070_0087",
    "document_title": "디지털 트윈 및 시뮬레이션 플랫폼 통합 모델 실행 리포트 및 운영 가이드",
    "data": [
        {
            "sentence": "본 문서는 디지털 트윈 및 수치 시뮬레이션 플랫폼의 모델·데이터·실행·배포 절차와 검증 리포트를 통합적으로 정리한 기술 문서입니다.",
            "id": "sample_070_0087_000001",
            "annotations": []
        },
        {
            "sentence": "모델 식별자는 model_id: model_070_0087_001 이며 실행 고유값은 run_id: run_20260123_0001 입니다.",
            "id": "sample_070_0087_000002",
            "annotations": []
        },
        {
            "sentence": "모델 버전은 semver 기준으로 model_version: 1.2.0 으로 표기하며 변경 시 상세한 change_log와 provenance를 남깁니다.",
            "id": "sample_070_0087_000003",
            "annotations": []
        },
        {
            "sentence": "정적 엔티티 모델에는 IFC 형식의 BIM 파일과 OBJ/STL 메쉬를 포함하며 예시 파일은 https://data.example.com/twins/buildingA.ifc 로 접근 가능합니다.",
            "id": "sample_070_0087_000004",
            "annotations": []
        },
        {
            "sentence": "대용량 지오메트리 파일은 ZIP 분할(각 파트 1GB)로 제공하며 파트별 SHA256 체크섬을 포함합니다; 예: buildingA_mesh_part1.zip SHA256: e3b0c44298fc1c149afbf4c8996fb924.",
            "id": "sample_070_0087_000005",
            "annotations": []
        },
        {
            "sentence": "모든 물성치는 SI 단위로 기술하며 예로 밀도 rho: 7850 kg m^-3, 탄성계수 E: 210e9 Pa, 열전도도 k: 45 W m^-1 K^-1 을 사용합니다.",
            "id": "sample_070_0087_000006",
            "annotations": []
        },
        {
            "sentence": "재현성을 위해 compute_environment를 기록합니다; 예: Ubuntu 20.04, Python 3.9.12, numpy 1.23.5, fenics 2019.1.0, mpi4py 3.1.4.",
            "id": "sample_070_0087_000007",
            "annotations": []
        },
        {
            "sentence": "무작위성 고정값으로 random_seed: 42 를 사용하여 랜덤 초기조건과 샘플링 시퀀스를 고정합니다.",
            "id": "sample_070_0087_000008",
            "annotations": []
        },
        {
            "sentence": "solver_settings은 FEA implicit solver, time_integrator: Newmark-beta(beta=0.25,gamma=0.5), convergence: L2_norm < 1e-6 또는 residual < 1e-8 로 설정합니다.",
            "id": "sample_070_0087_000009",
            "annotations": []
        },
        {
            "sentence": "메시 정보는 element_type: Tetrahedral, mesh_resolution: characteristic_length 0.01 m, 적절한 품질(최소 각도 > 10°)을 검증합니다.",
            "id": "sample_070_0087_000010",
            "annotations": []
        },
        {
            "sentence": "센서 데이터는 timestamp(ISO8601), sampling_rate(Hz), unit(SI), accuracy, quality_flag 및 노이즈 특성으로 분포와 SNR을 메타데이터로 제공합니다.",
            "id": "sample_070_0087_000011",
            "annotations": []
        },
        {
            "sentence": "예제 센서 레코드: sensor_id: sensor_001, timestamp: 2026-01-22T10:00:00Z, sampling_rate: 100 Hz, value: 1.234 m, accuracy: 0.02 m, quality_flag: OK.",
            "id": "sample_070_0087_000012",
            "annotations": []
        },
        {
            "sentence": "해당 센서의 노이즈 메타데이터는 분포: Gaussian(μ=0,σ=0.02 m), SNR: 40 dB 로 표기하고 로그와 raw 데이터는 원본과 보정본을 모두 보관합니다.",
            "id": "sample_070_0087_000013",
            "annotations": []
        },
        {
            "sentence": "경계조건 및 초기조건 템플릿은 각 실험 시나리오와 함께 YAML로 배포하며 변수명, 단위 및 권장 범위를 명시합니다.",
            "id": "sample_070_0087_000014",
            "annotations": []
        },
        {
            "sentence": "시나리오별 실행 템플릿에는 입력 파라미터 파일, 메시 경로, 초기 필드 및 출력 필드 목록을 포함하여 자동화 파이프라인에서 재현가능하도록 합니다.",
            "id": "sample_070_0087_000015",
            "annotations": []
        },
        {
            "sentence": "결과 데이터는 시간 이력 파일과 필드 분포를 병합하여 NetCDF 및 HDF5 포맷으로 보관하며 처리 권장 방법(청크, 스트리밍, 병렬 I/O)을 문서화합니다.",
            "id": "sample_070_0087_000016",
            "annotations": []
        },
        {
            "sentence": "프로젝트 리드: 손미승, 연락처: 010-1234-5678, 이메일: son.misung@company.com, 사번: 20230012.",
            "id": "sample_070_0087_000017",
            "annotations": [
                {
                    "word": "손미승",
                    "start": 9,
                    "end": 12,
                    "label": "개인정보"
                },
                {
                    "word": "010-1234-5678",
                    "start": 19,
                    "end": 32,
                    "label": "개인정보"
                },
                {
                    "word": "son.misung@company.com",
                    "start": 39,
                    "end": 61,
                    "label": "개인정보"
                },
                {
                    "word": "사번: 20230012",
                    "start": 63,
                    "end": 75,
                    "label": "개인정보"
                }
            ]
        },
        {
            "sentence": "검증 엔지니어: 신주아, 소속: ABC엔지니어링, 생년월일: 1990-05-12, 성별: 여성, 역할: 실험 검증 및 보정 책임.",
            "id": "sample_070_0087_000018",
            "annotations": [
                {
                    "word": "신주아",
                    "start": 9,
                    "end": 12,
                    "label": "개인정보"
                },
                {
                    "word": "1990-05-12",
                    "start": 34,
                    "end": 44,
                    "label": "준식별자"
                },
                {
                    "word": "성별: 여성",
                    "start": 46,
                    "end": 52,
                    "label": "준식별자"
                },
                {
                    "word": "ABC엔지니어링",
                    "start": 18,
                    "end": 26,
                    "label": "준식별자"
                }
            ]
        },
        {
            "sentence": "현장 주소(자산 위치): 서울특별시 강남구 테헤란로 123 번지, 접근 및 보안은 현장 OT 보안 절차에 따릅니다.",
            "id": "sample_070_0087_000019",
            "annotations": [
                {
                    "word": "서울특별시 강남구 테헤란로 123",
                    "start": 14,
                    "end": 32,
                    "label": "개인정보"
                }
            ]
        },
        {
            "sentence": "빌드 서버 IP: 10.0.4.12, 내부 레지스트리: registry.internal.corp:5000/twin-app:1.4.2, 이미지 서명 및 체크섬을 운영규정으로 요구합니다.",
            "id": "sample_070_0087_000020",
            "annotations": [
                {
                    "word": "10.0.4.12",
                    "start": 10,
                    "end": 19,
                    "label": "기밀정보"
                },
                {
                    "word": "registry.internal.corp:5000/twin-app:1.4.2",
                    "start": 31,
                    "end": 73,
                    "label": "기밀정보"
                }
            ]
        },
        {
            "sentence": "민감 파일 경로와 접근계정은 기밀로 분류합니다; 예시 경로: /srv/twins/secure/model.bin, 관리자 계정: admin_twin, VPN: https://vpn.internal.company.local.",
            "id": "sample_070_0087_000021",
            "annotations": [
                {
                    "word": "/srv/twins/secure/model.bin",
                    "start": 34,
                    "end": 61,
                    "label": "기밀정보"
                },
                {
                    "word": "admin_twin",
                    "start": 71,
                    "end": 81,
                    "label": "기밀정보"
                },
                {
                    "word": "https://vpn.internal.company.local",
                    "start": 88,
                    "end": 122,
                    "label": "기밀정보"
                }
            ]
        },
        {
            "sentence": "민감 정보는 저장 시 익명화·마스킹 처리를 원칙으로 하며 접근은 역할 기반 접근제어(RBAC)와 감사로그로 제한합니다.",
            "id": "sample_070_0087_000022",
            "annotations": []
        },
        {
            "sentence": "검증 리포트에는 calibration_report와 ground_truth_measurements를 포함하며 보정 절차와 사용된 데이터의 출처를 명시해야 합니다.",
            "id": "sample_070_0087_000023",
            "annotations": []
        },
        {
            "sentence": "검증 메트릭으로는 RMSE, MAE, R2를 기본으로 채택하며 샘플링 주기와 데이터 동기화 오차를 포함한 추가 지표를 권고합니다.",
            "id": "sample_070_0087_000024",
            "annotations": []
        },
        {
            "sentence": "메시 품질 문제로 인한 수치적 불안정성을 줄이기 위해 리파인먼트 전략과 요소 기준(최대 요소 길이, 왜곡도)을 실험 템플릿에 포함합니다.",
            "id": "sample_070_0087_000025",
            "annotations": []
        },
        {
            "sentence": "대용량 포인트클라우드와 필드 데이터는 스트리밍·청크 처리 권장을 하며 권장 청크 크기와 병렬 소비 방법을 운영 매뉴얼에 명시합니다.",
            "id": "sample_070_0087_000026",
            "annotations": []
        },
        {
            "sentence": "배포 매니페스트에는 container image, registry, kubernetes namespace, 리소스 요구량(CPU, 메모리) 및 롤백 절차를 포함합니다.",
            "id": "sample_070_0087_000027",
            "annotations": []
        },
        {
            "sentence": "시스템 모니터링과 실시간 동기화를 위해 OPC-UA 및 MQTT 브로커 표준을 우선 사용하되 변환 시 손실 항목을 문서화합니다.",
            "id": "sample_070_0087_000028",
            "annotations": []
        },
        {
            "sentence": "검증·보정 프로세스는 자동화 파이프라인으로 구현하며 각 단계의 입력·출력과 랜덤 시드, 환경을 로그에 포함하여 재현성을 보장합니다.",
            "id": "sample_070_0087_000029",
            "annotations": []
        },
        {
            "sentence": "최종 승인자: 권건형, 승인일시 및 승인 로그는 변경 관리 기록으로 보관하며 접근은 최소 권한 원칙에 따릅니다.",
            "id": "sample_070_0087_000030",
            "annotations": [
                {
                    "word": "권건형",
                    "start": 8,
                    "end": 11,
                    "label": "개인정보"
                }
            ]
        }
    ]
}