﻿word,document,sentence,label
https://files.corp.internal/dt/geometry/buildingA.ifc,070_0001,sample_070_0001_000005,기밀정보
/srv/twins/models/secret_model_v1.ifc,070_0001,sample_070_0001_000005,기밀정보
서울특별시 강남구,070_0001,sample_070_0001_000012,준식별자
손승표,070_0001,sample_070_0001_000013,개인정보
seungpyo.son@company.local,070_0001,sample_070_0001_000014,개인정보
010-1234-5678,070_0001,sample_070_0001_000014,개인정보
배정범,070_0001,sample_070_0001_000015,개인정보
사번: 20231234,070_0001,sample_070_0001_000015,개인정보
황유리,070_0001,sample_070_0001_000016,개인정보
1985-07-14,070_0001,sample_070_0001_000016,준식별자
vpn.corp.internal,070_0001,sample_070_0001_000017,기밀정보
192.168.100.12,070_0001,sample_070_0001_000018,기밀정보
registry.internal.corp:5000/dt-platform/model:1.2.0,070_0001,sample_070_0001_000019,기밀정보
jdbc:postgresql://db.prod.internal:5432/twins,070_0001,sample_070_0001_000020,기밀정보
계좌번호: 123-456-789,070_0001,sample_070_0001_000021,기밀정보
운영전략 회의,070_0001,sample_070_0001_000022,기밀정보
2025-01-15,070_0001,sample_070_0001_000022,준식별자
손태호,070_0001,sample_070_0001_000023,개인정보
배정범,070_0001,sample_070_0001_000023,개인정보
/etc/ot/security/policy.yaml,070_0001,sample_070_0001_000024,기밀정보
채준택,070_0001,sample_070_0001_000027,개인정보
ssh root@192.168.100.12,070_0001,sample_070_0001_000029,기밀정보
이나겸,070_0001,sample_070_0001_000030,개인정보
naji.eon@company.local,070_0001,sample_070_0001_000030,개인정보
10.0.0.42,070_0002,sample_070_0002_000006,기밀정보
vpn.internal.corp,070_0002,sample_070_0002_000008,기밀정보
/opt/models/prod/thermal_solver_v2,070_0002,sample_070_0002_000010,기밀정보
SN-7812-ABCD,070_0002,sample_070_0002_000011,기밀정보
서울특별시 강남구,070_0002,sample_070_0002_000014,준식별자
백창윤,070_0003,sample_070_0003_000020,개인정보
곽춘선,070_0003,sample_070_0003_000021,개인정보
심시운,070_0003,sample_070_0003_000022,개인정보
사번: 2023-015,070_0003,sample_070_0003_000023,개인정보
bc@company.local,070_0003,sample_070_0003_000024,개인정보
성별: 남성,070_0003,sample_070_0003_000025,준식별자
생년월일: 1985-07-12,070_0003,sample_070_0003_000025,준식별자
주소: 서울특별시 강남구,070_0003,sample_070_0003_000025,준식별자
직장명: A-Plant 연구소,070_0003,sample_070_0003_000025,준식별자
10.0.4.12,070_0003,sample_070_0003_000026,기밀정보
vpn.internal.company,070_0003,sample_070_0003_000026,기밀정보
/opt/twin/models/secret_config.json,070_0003,sample_070_0003_000027,기밀정보
https://internal.company/asset/12345,070_0003,sample_070_0003_000027,기밀정보
twin_admin,070_0003,sample_070_0003_000028,기밀정보
https://internal.example.com/download/070_0004/mesh_v1.stl?token=abcd1234,070_0004,sample_070_0004_000004,기밀정보
/srv/twins/models/070_0004/ifc_master.ifc,070_0004,sample_070_0004_000006,기밀정보
박호재,070_0004,sample_070_0004_000016,개인정보
서울특별시,070_0004,sample_070_0004_000018,준식별자
강남구,070_0004,sample_070_0004_000018,준식별자
1985-07-23,070_0004,sample_070_0004_000019,준식별자
성별: 남,070_0004,sample_070_0004_000019,준식별자
직업: 엔지니어,070_0004,sample_070_0004_000020,준식별자
10.0.12.34,070_0004,sample_070_0004_000021,기밀정보
/srv/twins/models/070_0004/mesh_v1.stl,070_0004,sample_070_0004_000022,기밀정보
vpn.internal.company.local,070_0004,sample_070_0004_000023,기밀정보
registry.internal.company.local/twins:1.2.0,070_0004,sample_070_0004_000025,기밀정보
문태랑,070_0005,sample_070_0005_000005,개인정보
010-1234-5678,070_0005,sample_070_0005_000005,개인정보
mtarang@example.com,070_0005,sample_070_0005_000005,개인정보
서울특별시,070_0005,sample_070_0005_000006,준식별자
강남구,070_0005,sample_070_0005_000006,준식별자
"테헤란로 123, 5층 502호",070_0005,sample_070_0005_000006,개인정보
원호천,070_0005,sample_070_0005_000007,개인정보
registry.internal:5000/twin:1.2.0,070_0005,sample_070_0005_000021,기밀정보
vpn.corp.internal,070_0005,sample_070_0005_000021,기밀정보
192.168.10.45,070_0005,sample_070_0005_000022,기밀정보
/srv/twin/models/070_0005/model_v1.2.0.h5,070_0005,sample_070_0005_000022,기밀정보
twin-runner,070_0005,sample_070_0005_000023,기밀정보
문정윤,070_0005,sample_070_0005_000027,개인정보
최효진,070_0005,sample_070_0005_000030,개인정보
성재휘,070_0005,sample_070_0005_000030,개인정보
20230456,070_0005,sample_070_0005_000031,개인정보
문태랑,070_0005,sample_070_0005_000031,개인정보
심루다,070_0006,sample_070_0006_000027,개인정보
성별: 여,070_0006,sample_070_0006_000027,준식별자
1985-07-21,070_0006,sample_070_0006_000027,준식별자
서울특별시 강남구 테헤란로 10,070_0006,sample_070_0006_000027,개인정보
010-1234-5678,070_0006,sample_070_0006_000027,개인정보
ruda.sim@company.com,070_0006,sample_070_0006_000027,개인정보
양인우,070_0006,sample_070_0006_000028,개인정보
S-2023-0042,070_0006,sample_070_0006_000028,개인정보
10.1.5.23,070_0006,sample_070_0006_000029,기밀정보
vpn.internal.corp.local,070_0006,sample_070_0006_000029,기밀정보
s3://corp-private/models/070_0006/,070_0006,sample_070_0006_000029,기밀정보
/srv/priv/models/070_0006/,070_0006,sample_070_0006_000029,기밀정보
svc_twin_admin,070_0006,sample_070_0006_000029,기밀정보
twinadmin,070_0006,sample_070_0006_000029,기밀정보
registry.internal.corp:5000/twin:1.0.0,070_0006,sample_070_0006_000020,기밀정보
홍이안,070_0007,sample_070_0007_000023,개인정보
010-1234-5678,070_0007,sample_070_0007_000023,개인정보
hongian@example.com,070_0007,sample_070_0007_000023,개인정보
2021007,070_0007,sample_070_0007_000023,개인정보
192.168.10.5,070_0007,sample_070_0007_000024,기밀정보
vpn.internal.example.com,070_0007,sample_070_0007_000024,기밀정보
/opt/twin/models/secret,070_0007,sample_070_0007_000024,기밀정보
"서울특별시 강남구 테헤란로30길 5, 101호",070_0007,sample_070_0007_000025,개인정보
강남구,070_0007,sample_070_0007_000025,준식별자
1982,070_0007,sample_070_0007_000026,준식별자
05,070_0007,sample_070_0007_000026,준식별자
12,070_0007,sample_070_0007_000026,준식별자
서울특별시,070_0008,sample_070_0008_000003,준식별자
강남구,070_0008,sample_070_0008_000003,준식별자
류가원,070_0008,sample_070_0008_000004,개인정보
2023-0456,070_0008,sample_070_0008_000004,개인정보
ryu.gawon@ktwin.local,070_0008,sample_070_0008_000004,개인정보
엄동렬,070_0008,sample_070_0008_000005,개인정보
010-2345-6789,070_0008,sample_070_0008_000005,개인정보
um.dongyeol@ktwin.local,070_0008,sample_070_0008_000005,개인정보
https://twin.internal.corp/downloads/mdl-2026-0001/mesh_part1.tar.gz,070_0008,sample_070_0008_000011,기밀정보
/srv/data/twins/mdl-2026-0001/,070_0008,sample_070_0008_000012,기밀정보
registry.internal.corp:5000/twin-sim:1.2.0,070_0008,sample_070_0008_000013,기밀정보
10.0.5.12,070_0008,sample_070_0008_000027,기밀정보
vpn.internal.company.local,070_0008,sample_070_0008_000028,기밀정보
구란,070_0008,sample_070_0008_000029,개인정보
1990,070_0008,sample_070_0008_000029,준식별자
05,070_0008,sample_070_0008_000029,준식별자
21,070_0008,sample_070_0008_000029,준식별자
K-Twin Labs,070_0008,sample_070_0008_000029,준식별자
하정민,070_0008,sample_070_0008_000030,개인정보
조희유,070_0009,sample_070_0009_000002,개인정보
사번: 20231234,070_0009,sample_070_0009_000002,개인정보
chohiyu@corp.internal,070_0009,sample_070_0009_000002,개인정보
성어진,070_0009,sample_070_0009_000003,개인정보
seojin@corp.internal,070_0009,sample_070_0009_000003,개인정보
이제인,070_0009,sample_070_0009_000004,개인정보
서울특별시 강남구,070_0009,sample_070_0009_000004,준식별자
https://files.corp.internal/twins/070_0009/geometry.zip,070_0009,sample_070_0009_000006,기밀정보
/srv/twins/private/model_070_0009/mesh_part_01.stl,070_0009,sample_070_0009_000008,기밀정보
registry.internal.corp:5000/twins/model:1.2.3,070_0009,sample_070_0009_000009,기밀정보
10.10.10.5:8080,070_0009,sample_070_0009_000010,기밀정보
진금조,070_0009,sample_070_0009_000023,개인정보
공휘근,070_0009,sample_070_0009_000024,개인정보
registry.internal.corp/twins/model:1.2.3,070_0009,sample_070_0009_000026,기밀정보
/confidential/sla/070_0009_sla.pdf,070_0009,sample_070_0009_000027,기밀정보
vpn.corp.internal,070_0009,sample_070_0009_000028,기밀정보
ops@internal.corp,070_0009,sample_070_0009_000029,개인정보
성수리,070_0009,sample_070_0009_000029,개인정보
https://internal-storage.corp/downloads/twin_plant.ifc,070_0010,sample_070_0010_000004,기밀정보
/opt/twins/models/secret_v1.ifc,070_0010,sample_070_0010_000006,기밀정보
문재구,070_0010,sample_070_0010_000014,개인정보
심영숙,070_0010,sample_070_0010_000015,개인정보
contact@twinops.internal,070_0010,sample_070_0010_000016,개인정보
02-555-0104,070_0010,sample_070_0010_000016,개인정보
공서원,070_0010,sample_070_0010_000017,개인정보
vpn.internal.corp,070_0010,sample_070_0010_000018,기밀정보
10.10.5.21,070_0010,sample_070_0010_000018,기밀정보
db.internal.local,070_0010,sample_070_0010_000018,기밀정보
서울특별시,070_0010,sample_070_0010_000020,준식별자
강남구,070_0010,sample_070_0010_000020,준식별자
역삼동,070_0010,sample_070_0010_000020,준식별자
registry.internal.corp/twins:1.2.0,070_0010,sample_070_0010_000023,기밀정보
한영운,070_0010,sample_070_0010_000025,개인정보
차은섭,070_0010,sample_070_0010_000027,개인정보
1985-07-12,070_0010,sample_070_0010_000029,준식별자
남성,070_0010,sample_070_0010_000029,준식별자
고건오,070_0011,sample_070_0011_000018,개인정보
송형식,070_0011,sample_070_0011_000018,개인정보
안준호,070_0011,sample_070_0011_000018,개인정보
gkuno@*****.com,070_0011,sample_070_0011_000019,개인정보
010-1234-****,070_0011,sample_070_0011_000019,개인정보
EID-2021-****,070_0011,sample_070_0011_000019,개인정보
10.0.12.45,070_0011,sample_070_0011_000020,기밀정보
vpn.internal.corp:1194,070_0011,sample_070_0011_000020,기밀정보
/srv/twin/models/secret_calib.cfg,070_0011,sample_070_0011_000021,기밀정보
registry.internal/cotwin/simulator:2.1.0,070_0011,sample_070_0011_000022,기밀정보
문재온,070_0011,sample_070_0011_000023,개인정보
123-456-******,070_0011,sample_070_0011_000024,기밀정보
s3://dtw-data/meshes/dtw-facility-0001/mesh_v1.stl,070_0011,sample_070_0011_000005,기밀정보
ground_truth_v1.csv,070_0011,sample_070_0011_000016,기밀정보
손시연,070_0011,sample_070_0011_000029,개인정보
1985-07-23,070_0011,sample_070_0011_000029,준식별자
서울특별시,070_0011,sample_070_0011_000029,준식별자
강남구,070_0011,sample_070_0011_000029,준식별자
s3://corp-dt/meshes/building_A_v1.stl,070_0012,sample_070_0012_000004,기밀정보
https://files.internal.corp/meshes/building_A_v1_part1.zip,070_0012,sample_070_0012_000005,기밀정보
/srv/data/models/mdl_00042/mesh.bin,070_0012,sample_070_0012_000005,기밀정보
s3://corp-dt/pointclouds/site_A_202601.las,070_0012,sample_070_0012_000006,기밀정보
서울특별시 강남구,070_0012,sample_070_0012_000011,준식별자
조은준,070_0012,sample_070_0012_000014,개인정보
2020-10234,070_0012,sample_070_0012_000014,개인정보
010-1234-5678,070_0012,sample_070_0012_000014,개인정보
joeun@example.com,070_0012,sample_070_0012_000014,개인정보
1985-07-23,070_0012,sample_070_0012_000014,준식별자
조장호,070_0012,sample_070_0012_000018,개인정보
registry.internal.corp/dtw/platform:1.3.0,070_0012,sample_070_0012_000019,기밀정보
10.0.5.12,070_0012,sample_070_0012_000019,기밀정보
ssh://deploy@10.0.5.12/home/deploy/.ssh/id_rsa,070_0012,sample_070_0012_000019,기밀정보
s3://corp-dt/assets/textures/building_A_diffuse.png,070_0012,sample_070_0012_000021,기밀정보
admin_dt,070_0012,sample_070_0012_000022,기밀정보
"서울특별시 강남구 테헤란로 123, 5층",070_0012,sample_070_0012_000020,개인정보
https://vpn.internal.corp/login,070_0012,sample_070_0012_000020,기밀정보
백도혁,070_0012,sample_070_0012_000029,개인정보
backup@internal.corp,070_0012,sample_070_0012_000030,기밀정보
/srv/internal/models/bc_scripts/,070_0013,sample_070_0013_000012,기밀정보
/srv/internal/models/twin_v1.ifc,070_0013,sample_070_0013_000013,기밀정보
/data/results/run_20260123_0001/,070_0013,sample_070_0013_000020,기밀정보
우*슬,070_0013,sample_070_0013_000024,개인정보
2021****,070_0013,sample_070_0013_000024,개인정보
wm****@example.com,070_0013,sample_070_0013_000024,개인정보
02-****-1234,070_0013,sample_070_0013_000024,개인정보
https://vpn.company.local,070_0013,sample_070_0013_000025,기밀정보
10.0.0.*,070_0013,sample_070_0013_000026,기밀정보
서울특별시,070_0013,sample_070_0013_000031,준식별자
강남구,070_0013,sample_070_0013_000031,준식별자
"서울특별시 강남구 테헤란로 123, 10층",070_0014,sample_070_0014_000012,개인정보
차민섭,070_0014,sample_070_0014_000016,개인정보
chaminseop@example.com,070_0014,sample_070_0014_000017,개인정보
+82-10-1234-5678,070_0014,sample_070_0014_000017,개인정보
사번 20230045,070_0014,sample_070_0014_000018,개인정보
10.0.0.5,070_0014,sample_070_0014_000019,기밀정보
/srv/twin/models/secret_model_v2.ifc,070_0014,sample_070_0014_000020,기밀정보
vpn.acme.internal,070_0014,sample_070_0014_000021,기밀정보
계좌번호 123-456-789012,070_0014,sample_070_0014_000022,기밀정보
ACME Industries,070_0014,sample_070_0014_000023,준식별자
서울특별시 강남구,070_0014,sample_070_0014_000024,준식별자
박진오,070_0014,sample_070_0014_000025,개인정보
차민섭,070_0014,sample_070_0014_000026,개인정보
registry.internal.acme:5000/twin:1.2.0,070_0014,sample_070_0014_000028,기밀정보
천세빈,070_0015,sample_070_0015_000005,개인정보
cheon.soobin@company.com,070_0015,sample_070_0015_000006,개인정보
010-1234-5678,070_0015,sample_070_0015_000007,개인정보
서울특별시 강남구 역삼동,070_0015,sample_070_0015_000008,준식별자
1985-07-15,070_0015,sample_070_0015_000009,준식별자
2026-01-20,070_0015,sample_070_0015_000020,준식별자
진성후,070_0015,sample_070_0015_000022,개인정보
registry.internal/twins/sim:1.2.0,070_0015,sample_070_0015_000023,기밀정보
10.10.20.5,070_0015,sample_070_0015_000024,기밀정보
/srv/twins/meshes/plant_v2.ifc,070_0015,sample_070_0015_000024,기밀정보
postgresql://admin:Passw0rd@10.10.20.5:5432/twins,070_0015,sample_070_0015_000025,기밀정보
vpn.corp.internal,070_0015,sample_070_0015_000026,기밀정보
svc_sim_exec,070_0015,sample_070_0015_000027,기밀정보
정광철,070_0016,sample_070_0016_000004,개인정보
성남시,070_0016,sample_070_0016_000005,준식별자
분당구,070_0016,sample_070_0016_000005,준식별자
/srv/models/digital_twin/070_0016/geometry.ifc,070_0016,sample_070_0016_000025,기밀정보
https://internal.corp.local/models/070_0016/geometry.ifc,070_0016,sample_070_0016_000026,기밀정보
192.168.1.10,070_0016,sample_070_0016_000027,기밀정보
황석헌,070_0017,sample_070_0017_000024,개인정보
스마트시티솔루션즈,070_0017,sample_070_0017_000025,준식별자
서울특별시,070_0017,sample_070_0017_000026,준식별자
C:\internal\twin\models\model_v1.2,070_0017,sample_070_0017_000027,기밀정보
admin@twin-platform,070_0017,sample_070_0017_000027,기밀정보
허원섭,070_0018,sample_070_0018_000006,개인정보
2024-0099,070_0018,sample_070_0018_000007,개인정보
문도,070_0018,sample_070_0018_000008,개인정보
성동준,070_0018,sample_070_0018_000009,개인정보
admin_twin,070_0018,sample_070_0018_000010,기밀정보
10.0.4.22,070_0018,sample_070_0018_000011,기밀정보
/srv/twin/models/vault/geometry.ifc,070_0018,sample_070_0018_000012,기밀정보
vpn.corp.internal,070_0018,sample_070_0018_000013,기밀정보
1985-07-12,070_0018,sample_070_0018_000014,준식별자
남성,070_0018,sample_070_0018_000014,준식별자
서울특별시 강남구,070_0018,sample_070_0018_000015,준식별자
신준율,070_0019,sample_070_0019_000015,개인정보
김서환,070_0019,sample_070_0019_000015,개인정보
서은빈,070_0019,sample_070_0019_000015,개인정보
신준율,070_0019,sample_070_0019_000016,개인정보
shin.junyul@company.com,070_0019,sample_070_0019_000016,개인정보
010-1234-5678,070_0019,sample_070_0019_000016,개인정보
2024-00123,070_0019,sample_070_0019_000016,개인정보
남성,070_0019,sample_070_0019_000017,준식별자
1985년 06월 15일,070_0019,sample_070_0019_000017,준식별자
서울특별시 강남구,070_0019,sample_070_0019_000017,준식별자
10.0.0.12,070_0019,sample_070_0019_000018,기밀정보
https://internal.corp.local/twins,070_0019,sample_070_0019_000018,기밀정보
vpn.corp.internal:1194,070_0019,sample_070_0019_000019,기밀정보
svc_sim,070_0019,sample_070_0019_000019,기밀정보
/srv/twins/models/secret_model_v1.ifc,070_0019,sample_070_0019_000020,기밀정보
신준율,070_0019,sample_070_0019_000030,개인정보
김서환,070_0019,sample_070_0019_000030,개인정보
주하원,070_0020,sample_070_0020_000023,개인정보
20240012,070_0020,sample_070_0020_000023,개인정보
010-1234-5678,070_0020,sample_070_0020_000023,개인정보
juhawon@acme.com,070_0020,sample_070_0020_000023,개인정보
"서울특별시 강남구 테헤란로 123, 4층",070_0020,sample_070_0020_000006,개인정보
1985-07-23,070_0020,sample_070_0020_000023,준식별자
남,070_0020,sample_070_0020_000023,준식별자
ACME Corp,070_0020,sample_070_0020_000023,준식별자
/srv/internal/models/asset_v2.ifc,070_0020,sample_070_0020_000006,기밀정보
10.0.12.45,070_0020,sample_070_0020_000024,기밀정보
vpn.acme.local:1194,070_0020,sample_070_0020_000024,기밀정보
http://internal.corp.local/config,070_0020,sample_070_0020_000024,기밀정보
ops_admin,070_0020,sample_070_0020_000024,기밀정보
registry.private.acme:5000/dt-models,070_0020,sample_070_0020_000021,기밀정보
백서영,070_0020,sample_070_0020_000028,개인정보
구도은,070_0021,sample_070_0021_000023,개인정보
20213456,070_0021,sample_070_0021_000023,개인정보
1985-07-12,070_0021,sample_070_0021_000024,준식별자
여성,070_0021,sample_070_0021_000024,준식별자
서울특별시 종로구,070_0021,sample_070_0021_000024,준식별자
서울에너지엔지니어링,070_0021,sample_070_0021_000023,준식별자
10.254.32.11,070_0021,sample_070_0021_000021,기밀정보
vpn.internal.example.com,070_0021,sample_070_0021_000021,기밀정보
/opt/twins/models/secure/model_v1,070_0021,sample_070_0021_000022,기밀정보
https://internal.example.com/downloads/model_v1.ifc,070_0021,sample_070_0021_000005,기밀정보
s3://internal-bucket/dt/meshes/buildingA.obj,070_0022,sample_070_0022_000005,기밀정보
buildingA.obj.sha256='9f86d081884c7d659a2feaa0c55ad015a3bf4f1b2b0b822cd15d6c15b0f00a08',070_0022,sample_070_0022_000006,일반정보
vpn.company.internal,070_0022,sample_070_0022_000018,기밀정보
/opt/internal/projects/dt/meshes/buildingA.ifc,070_0022,sample_070_0022_000019,기밀정보
남윤나,070_0022,sample_070_0022_000024,개인정보
사번: 20230012,070_0022,sample_070_0022_000024,개인정보
nam.yoonna@company.com,070_0022,sample_070_0022_000024,개인정보
서용태,070_0022,sample_070_0022_000024,개인정보
천정율,070_0022,sample_070_0022_000025,개인정보
생년월일: 1985-06-12,070_0022,sample_070_0022_000025,준식별자
성별: M,070_0022,sample_070_0022_000025,준식별자
서울특별시 강남구 역삼동 12-3,070_0022,sample_070_0022_000026,개인정보
계좌번호: 123-456-789012,070_0022,sample_070_0022_000027,기밀정보
10.0.4.12,070_0022,sample_070_0022_000027,기밀정보
https://intranet.company.local/mesh/1,070_0022,sample_070_0022_000028,기밀정보
registry.internal.corp/twin:1.2.0,070_0023,sample_070_0023_000019,기밀정보
/srv/models/twin_v3/config.yaml,070_0023,sample_070_0023_000020,기밀정보
https://vpn.internal.corp/login,070_0023,sample_070_0023_000021,기밀정보
곽희재,070_0023,sample_070_0023_000022,개인정보
010-1234-5678,070_0023,sample_070_0023_000022,개인정보
kwak.hj@example.com,070_0023,sample_070_0023_000022,개인정보
김유온,070_0023,sample_070_0023_000023,개인정보
서울특별시 강남구 테헤란로 12층 345호,070_0023,sample_070_0023_000023,개인정보
건설사업부,070_0023,sample_070_0023_000023,준식별자
2023-0456,070_0023,sample_070_0023_000024,개인정보
10.0.5.23,070_0023,sample_070_0023_000025,기밀정보
구대열,070_0024,sample_070_0024_000019,개인정보
이승,070_0024,sample_070_0024_000019,개인정보
사번: 20231234,070_0024,sample_070_0024_000020,개인정보
1985-07-23,070_0024,sample_070_0024_000021,준식별자
성별: 남,070_0024,sample_070_0024_000021,준식별자
서울특별시 강남구,070_0024,sample_070_0024_000022,준식별자
ABC제조소,070_0024,sample_070_0024_000022,준식별자
키: 180 cm,070_0024,sample_070_0024_000023,준식별자
몸무게: 75 kg,070_0024,sample_070_0024_000023,준식별자
192.168.10.5,070_0024,sample_070_0024_000024,기밀정보
/srv/twins/private/geom_master.ifc,070_0024,sample_070_0024_000024,기밀정보
https://vpn.corp.internal,070_0024,sample_070_0024_000024,기밀정보
계좌번호: 110-123456-78,070_0024,sample_070_0024_000024,기밀정보
https://storage.internal.company/070_0025/primary_mesh.obj,070_0025,sample_070_0025_000005,기밀정보
https://storage.internal.company/070_0025/building.ifc,070_0025,sample_070_0025_000006,기밀정보
namchang@company.com,070_0025,sample_070_0025_000015,개인정보
남명찬,070_0025,sample_070_0025_000015,개인정보
EID-2023-0456,070_0025,sample_070_0025_000015,개인정보
엄보아,070_0025,sample_070_0025_000015,개인정보
민하영,070_0025,sample_070_0025_000015,개인정보
"120,000,000원",070_0025,sample_070_0025_000016,기밀정보
10.10.50.12,070_0025,sample_070_0025_000017,기밀정보
/srv/private/models/070_0025/primary_mesh.obj,070_0025,sample_070_0025_000017,기밀정보
vpn.company.internal,070_0025,sample_070_0025_000018,기밀정보
registry.internal:5000/twin-sim:1.2.0,070_0025,sample_070_0025_000019,기밀정보
http://internal-build-server.local:8080/artifacts/070_0025.tar.gz,070_0025,sample_070_0025_000020,기밀정보
namchang@company.com,070_0025,sample_070_0025_000023,개인정보
+82-10-1234-5678,070_0025,sample_070_0025_000023,개인정보
"서울특별시 강남구 테헤란로 5길 10, 3층",070_0025,sample_070_0025_000023,개인정보
repo.internal.twin,070_0026,sample_070_0026_000004,기밀정보
/srv/twins/private/plant_v2.ifc,070_0026,sample_070_0026_000004,기밀정보
registry.internal:5000/twins/engine:2.4.1,070_0026,sample_070_0026_000010,기밀정보
서울특별시,070_0026,sample_070_0026_000012,준식별자
강남구,070_0026,sample_070_0026_000012,준식별자
노유겸,070_0026,sample_070_0026_000014,개인정보
황지인,070_0026,sample_070_0026_000016,개인정보
admin@10.0.5.12,070_0026,sample_070_0026_000017,기밀정보
10.0.5.12,070_0026,sample_070_0026_000017,기밀정보
vpn.internal.corp,070_0026,sample_070_0026_000017,기밀정보
/etc/twin/access_policies.yaml,070_0026,sample_070_0026_000018,기밀정보
intranet.company.local,070_0026,sample_070_0026_000020,기밀정보
E-10023,070_0026,sample_070_0026_000021,개인정보
n.yg@company.com,070_0026,sample_070_0026_000021,개인정보
1984-05-12,070_0026,sample_070_0026_000021,준식별자
남성,070_0026,sample_070_0026_000021,준식별자
A건설,070_0026,sample_070_0026_000022,준식별자
황지인,070_0026,sample_070_0026_000025,개인정보
노유겸,070_0026,sample_070_0026_000026,개인정보
고두현,070_0027,sample_070_0027_000018,개인정보
허혜찬,070_0027,sample_070_0027_000019,개인정보
백재원,070_0027,sample_070_0027_000019,개인정보
20230045,070_0027,sample_070_0027_000020,개인정보
gdh@twincorp.local,070_0027,sample_070_0027_000021,개인정보
svc_sim,070_0027,sample_070_0027_000022,기밀정보
https://internal.company.local/api/run,070_0027,sample_070_0027_000023,기밀정보
vpn.corp.internal,070_0027,sample_070_0027_000023,기밀정보
192.168.10.15,070_0027,sample_070_0027_000024,기밀정보
/opt/twin/models/secret_model_v2,070_0027,sample_070_0027_000024,기밀정보
나진희,070_0028,sample_070_0028_000015,개인정보
사번: 20210456,070_0028,sample_070_0028_000015,개인정보
najinhee@example.com,070_0028,sample_070_0028_000015,개인정보
신단율,070_0028,sample_070_0028_000017,개인정보
나진희,070_0028,sample_070_0028_000027,개인정보
010-1234-5678,070_0028,sample_070_0028_000021,개인정보
10.10.32.15,070_0028,sample_070_0028_000018,기밀정보
/srv/twins/prod/mesh/v3,070_0028,sample_070_0028_000018,기밀정보
vpn.internal.company.local,070_0028,sample_070_0028_000018,기밀정보
registry.internal:5000,070_0028,sample_070_0028_000018,기밀정보
s3://internal-bucket/gt_buildingA.csv,070_0028,sample_070_0028_000024,기밀정보
여성,070_0028,sample_070_0028_000028,준식별자
1985,070_0028,sample_070_0028_000028,준식별자
07,070_0028,sample_070_0028_000028,준식별자
12,070_0028,sample_070_0028_000028,준식별자
서울특별시,070_0028,sample_070_0028_000029,준식별자
강남구,070_0028,sample_070_0028_000029,준식별자
역삼동,070_0028,sample_070_0028_000029,준식별자
A-Twin Labs,070_0028,sample_070_0028_000030,준식별자
양준혁,070_0029,sample_070_0029_000005,개인정보
010-1234-5678,070_0029,sample_070_0029_000006,개인정보
yjh@example.com,070_0029,sample_070_0029_000006,개인정보
EMP-2024-0091,070_0029,sample_070_0029_000007,개인정보
10.0.0.42,070_0029,sample_070_0029_000008,기밀정보
/srv/twins/models/secretBIM.ifc,070_0029,sample_070_0029_000009,기밀정보
서울특별시 강남구 역삼동,070_0029,sample_070_0029_000010,준식별자
1985-07-15,070_0029,sample_070_0029_000011,준식별자
남,070_0029,sample_070_0029_000011,준식별자
ACME테크,070_0029,sample_070_0029_000012,준식별자
https://internal.example.com/downloads/models/buildingA.ifc,070_0029,sample_070_0029_000013,기밀정보
윤겸서,070_0030,sample_070_0030_000004,개인정보
사번: 2023-0456,070_0030,sample_070_0030_000004,개인정보
"서울특별시 강남구 테헤란로 123, 5층",070_0030,sample_070_0030_000005,개인정보
1985-06-15,070_0030,sample_070_0030_000006,준식별자
성별: 여성,070_0030,sample_070_0030_000007,준식별자
직업: 설비운영관리자,070_0030,sample_070_0030_000007,준식별자
강남구,070_0030,sample_070_0030_000008,준식별자
서버 IP: 10.10.4.12,070_0030,sample_070_0030_000009,기밀정보
VPN 주소: vpn.internal.corp.example.com,070_0030,sample_070_0030_000010,기밀정보
S3 경로: s3://private-bucket/twins/asset-42/mesh.stl,070_0030,sample_070_0030_000011,기밀정보
내부 문서 경로: /opt/secure/configs/asset42.yaml,070_0030,sample_070_0030_000012,기밀정보
접속 계정: operator_admin,070_0030,sample_070_0030_000013,기밀정보
내부 대시보드 URL: http://internal-dashboard.corp.local,070_0030,sample_070_0030_000014,기밀정보
홍남주,070_0031,sample_070_0031_000022,개인정보
고재경,070_0031,sample_070_0031_000024,개인정보
사번: 20231234,070_0031,sample_070_0031_000024,개인정보
ACME솔루션,070_0031,sample_070_0031_000024,준식별자
ground_truth_20260110.csv,070_0031,sample_070_0031_000020,기밀정보
10.10.0.5,070_0031,sample_070_0031_000026,기밀정보
/srv/twin/models/070_0031/model_v1.2.0.ifc,070_0031,sample_070_0031_000026,기밀정보
https://vpn.internal.example.com,070_0031,sample_070_0031_000026,기밀정보
노관우,070_0032,sample_070_0032_000005,개인정보
백소이,070_0032,sample_070_0032_000006,개인정보
bsoi@example.com,070_0032,sample_070_0032_000006,개인정보
010-8765-4321,070_0032,sample_070_0032_000006,개인정보
20230045,070_0032,sample_070_0032_000007,개인정보
최준우,070_0032,sample_070_0032_000007,개인정보
서울특별시 강남구 테헤란로 123호 10층,070_0032,sample_070_0032_000008,개인정보
성별: 남,070_0032,sample_070_0032_000009,준식별자
1985-07-12,070_0032,sample_070_0032_000009,준식별자
강남구,070_0032,sample_070_0032_000009,준식별자
https://internal.corp/files/geometry/building_070.ifc,070_0032,sample_070_0032_000011,기밀정보
registry.internal.corp:5000/twins/model:1.2.0,070_0032,sample_070_0032_000023,기밀정보
vpn.internal.corp,070_0032,sample_070_0032_000024,기밀정보
10.20.30.5,070_0032,sample_070_0032_000024,기밀정보
/srv/twins/credentials/admin.key,070_0032,sample_070_0032_000025,기밀정보
전라원,070_0032,sample_070_0032_000027,개인정보
우성빈,070_0032,sample_070_0032_000027,개인정보
권현숙,070_0033,sample_070_0033_000022,개인정보
권현숙@example.com,070_0033,sample_070_0033_000022,개인정보
안창식,070_0033,sample_070_0033_000022,개인정보
서울특별시 강남구,070_0033,sample_070_0033_000023,준식별자
여성,070_0033,sample_070_0033_000023,준식별자
scp://internal.corp.local/models/070_0033/model_v1.2.0.tar.gz,070_0033,sample_070_0033_000024,기밀정보
vpn.corp.local,070_0033,sample_070_0033_000024,기밀정보
admin.dtwin,070_0033,sample_070_0033_000024,기밀정보
한유연,070_0034,sample_070_0034_000002,개인정보
han.yuyeon@company.internal,070_0034,sample_070_0034_000002,개인정보
010-1234-5678,070_0034,sample_070_0034_000003,개인정보
사번: 2021-0456,070_0034,sample_070_0034_000003,개인정보
/srv/twins/projectX/model_v1.ifc,070_0034,sample_070_0034_000010,기밀정보
vpn.internal.company:1194,070_0034,sample_070_0034_000012,기밀정보
svc_twin,070_0034,sample_070_0034_000013,기밀정보
김의찬,070_0034,sample_070_0034_000020,개인정보
https://internal-dashboard.company.local/twins/070_0034,070_0034,sample_070_0034_000025,기밀정보
하나은,070_0035,sample_070_0035_000008,개인정보
20234567,070_0035,sample_070_0035_000009,개인정보
hanaeun@example.com,070_0035,sample_070_0035_000010,개인정보
010-1234-5678,070_0035,sample_070_0035_000011,개인정보
서울특별시,070_0035,sample_070_0035_000012,준식별자
강남구,070_0035,sample_070_0035_000012,준식별자
역삼동,070_0035,sample_070_0035_000012,준식별자
설계엔지니어,070_0035,sample_070_0035_000013,준식별자
1985,070_0035,sample_070_0035_000014,준식별자
06,070_0035,sample_070_0035_000014,준식별자
15,070_0035,sample_070_0035_000014,준식별자
192.168.10.5,070_0035,sample_070_0035_000015,기밀정보
/srv/twins/models/structural_v3.ifc,070_0035,sample_070_0035_000016,기밀정보
https://vpn.internal.company,070_0035,sample_070_0035_000017,기밀정보
registry.internal.company/private/twin:1.2.0,070_0035,sample_070_0035_000018,기밀정보
10.0.5.12,070_0035,sample_070_0035_000019,기밀정보
채민승,070_0036,sample_070_0036_000003,개인정보
/srv/models/070_0036/mesh_v1.ifc,070_0036,sample_070_0036_000005,기밀정보
https://internal-vpn.company.local/project/070_0036/mesh_v1.ifc,070_0036,sample_070_0036_000005,기밀정보
홍재문,070_0036,sample_070_0036_000012,개인정보
채민승,070_0036,sample_070_0036_000013,개인정보
1985,070_0036,sample_070_0036_000013,준식별자
06,070_0036,sample_070_0036_000013,준식별자
23,070_0036,sample_070_0036_000013,준식별자
c.minseung@company.kr,070_0036,sample_070_0036_000014,개인정보
010-1234-5678,070_0036,sample_070_0036_000014,개인정보
EID-2025-0042,070_0036,sample_070_0036_000015,개인정보
서울특별시,070_0036,sample_070_0036_000016,준식별자
강남구,070_0036,sample_070_0036_000016,준식별자
역삼동,070_0036,sample_070_0036_000016,준식별자
10.0.32.12,070_0036,sample_070_0036_000017,기밀정보
/srv/credentials/sim_admin.key,070_0036,sample_070_0036_000018,기밀정보
양민설,070_0036,sample_070_0036_000020,개인정보
registry.corp.internal/twin/sim:1.2.0,070_0036,sample_070_0036_000021,기밀정보
홍재문,070_0036,sample_070_0036_000029,개인정보
010-9876-5432,070_0036,sample_070_0036_000029,개인정보
성도경,070_0037,sample_070_0037_000014,개인정보
20204567,070_0037,sample_070_0037_000014,개인정보
1985-06-15,070_0037,sample_070_0037_000014,준식별자
여성,070_0037,sample_070_0037_000014,준식별자
서울특별시,070_0037,sample_070_0037_000014,준식별자
강남구,070_0037,sample_070_0037_000014,준식별자
"테헤란로 123, 6층",070_0037,sample_070_0037_000014,개인정보
010-1234-5678,070_0037,sample_070_0037_000014,개인정보
sdg@example.com,070_0037,sample_070_0037_000014,개인정보
/srv/data/models/070_0037/geometry.ifc,070_0037,sample_070_0037_000006,기밀정보
10.0.0.12,070_0037,sample_070_0037_000021,기밀정보
vpn.internal.corp,070_0037,sample_070_0037_000021,기밀정보
svc_sim,070_0037,sample_070_0037_000021,기밀정보
registry.internal.corp:5000/twin:1.4.2,070_0037,sample_070_0037_000020,기밀정보
10.0.0.5,070_0037,sample_070_0037_000029,기밀정보
윤인서,070_0037,sample_070_0037_000030,개인정보
d2f7e5a9...,070_0037,sample_070_0037_000006,기밀정보
곽소연,070_0038,sample_070_0038_000025,개인정보
정건효,070_0038,sample_070_0038_000026,개인정보
서울특별시 강남구,070_0038,sample_070_0038_000016,준식별자
서울특별시 강남구,070_0038,sample_070_0038_000027,준식별자
10.0.0.12,070_0038,sample_070_0038_000028,기밀정보
sftp://internal.corp.local/data/twin_mesh_v1.ifc,070_0038,sample_070_0038_000029,기밀정보
/opt/internal/models/twin_building_v1.ifc,070_0038,sample_070_0038_000030,기밀정보
오원종,070_0039,sample_070_0039_000010,개인정보
EMP-2023-009,070_0039,sample_070_0039_000010,개인정보
010-1234-5678,070_0039,sample_070_0039_000011,개인정보
owj@example.com,070_0039,sample_070_0039_000011,개인정보
1985-07-12,070_0039,sample_070_0039_000012,준식별자
남,070_0039,sample_070_0039_000012,준식별자
서울특별시 강남구 테헤란로 123,070_0039,sample_070_0039_000012,개인정보
ABC솔루션,070_0039,sample_070_0039_000013,준식별자
10.10.0.12,070_0039,sample_070_0039_000014,기밀정보
vpn.internal.abccorp.local,070_0039,sample_070_0039_000014,기밀정보
admin_rw,070_0039,sample_070_0039_000015,기밀정보
/srv/data/twins/mesh_v2.ifc,070_0039,sample_070_0039_000015,기밀정보
registry.private.abccorp.com/twins:1.2.0,070_0039,sample_070_0039_000016,기밀정보
공정필,070_0040,sample_070_0040_000006,개인정보
서울특별시 서초구,070_0040,sample_070_0040_000008,준식별자
남성,070_0040,sample_070_0040_000009,준식별자
1985,070_0040,sample_070_0040_000009,준식별자
/srv/twin/models/secret_model_v3.step,070_0040,sample_070_0040_000012,기밀정보
10.0.4.12,070_0040,sample_070_0040_000015,기밀정보
registry.internal.example.com/dt-sim:2.1.0,070_0040,sample_070_0040_000022,기밀정보
vpn.internal.example.com,070_0040,sample_070_0040_000023,기밀정보
구윤조,070_0041,sample_070_0041_000004,개인정보
남건도,070_0041,sample_070_0041_000005,개인정보
gu.yunjo@company.local,070_0041,sample_070_0041_000006,개인정보
EMP-2024-0007,070_0041,sample_070_0041_000007,개인정보
서울특별시 강남구,070_0041,sample_070_0041_000008,준식별자
https://storage.internal.corp/models/buildingA.ifc,070_0041,sample_070_0041_000011,기밀정보
/srv/twins/secret/model.ifc,070_0041,sample_070_0041_000014,기밀정보
3a7d1f2b5c6e8f1a2b3c4d5e6f7a8b9c0d1e2f3a4b5c6d7e8f9a0b1c2d3e4f5,070_0041,sample_070_0041_000013,기밀정보
강새롬,070_0041,sample_070_0041_000026,개인정보
10.0.5.12,070_0041,sample_070_0041_000029,기밀정보
vpn.corp.internal,070_0041,sample_070_0041_000029,기밀정보
https://internal.repo.company.local/artifacts/DTB-2026-0001_mesh.tar.gz,070_0042,sample_070_0042_000006,기밀정보
/srv/data/twins/buildingA/mesh/part1.stl,070_0042,sample_070_0042_000007,기밀정보
registry.company.internal/twins/dtb:1.2.0,070_0042,sample_070_0042_000015,기밀정보
임서인,070_0042,sample_070_0042_000021,개인정보
사번: 2023-0897,070_0042,sample_070_0042_000021,개인정보
im.sein@company.internal,070_0042,sample_070_0042_000021,개인정보
성별: 여,070_0042,sample_070_0042_000021,준식별자
생년월일: 1985-07-13,070_0042,sample_070_0042_000021,준식별자
주소: 서울특별시 강남구,070_0042,sample_070_0042_000021,준식별자
직장명: XYZ엔지니어링,070_0042,sample_070_0042_000021,준식별자
원찬솔,070_0042,sample_070_0042_000023,개인정보
vpn.company.internal,070_0042,sample_070_0042_000027,기밀정보
10.0.3.12,070_0042,sample_070_0042_000027,기밀정보
registry.company.internal/twins/dtb:1.2.0,070_0042,sample_070_0042_000028,기밀정보
ops@company.internal,070_0042,sample_070_0042_000029,기밀정보
임서인,070_0042,sample_070_0042_000032,개인정보
원찬솔,070_0042,sample_070_0042_000015,개인정보
/srv/dt/models/070_0043/model_v1.2.0.ifc,070_0043,sample_070_0043_000006,기밀정보
SHA256: 3f8a9b2c4d5e6f7a8b9c0d1e2f3a4b5c6d7e8f9a0b1c2d3e4f5a6b7c8d9e0f1,070_0043,sample_070_0043_000006,기밀정보
/srv/dt/models/070_0043/mesh_part_01.tar.gz,070_0043,sample_070_0043_000007,기밀정보
SHA256: 9b8c7d6e5f4a3b2c1d0e9f8a7b6c5d4e3f2a1b0c9d8e7f6a5b4c3d2e1f0a9b8,070_0043,sample_070_0043_000007,기밀정보
서울특별시 서초구,070_0043,sample_070_0043_000010,준식별자
10.10.5.23,070_0043,sample_070_0043_000011,기밀정보
admin_dt,070_0043,sample_070_0043_000011,기밀정보
https://internal.corp.local/docs/dt_security,070_0043,sample_070_0043_000011,기밀정보
vpn.corp.example.com,070_0043,sample_070_0043_000011,기밀정보
/var/log/dt/070_0043/run_0001.log,070_0043,sample_070_0043_000012,기밀정보
s3://secure-bucket/dt/070_0043/calibration_v2.json,070_0043,sample_070_0043_000015,기밀정보
ρ = 7850 kg·m^-3,070_0043,sample_070_0043_000016,일반정보
2024-01-15T08:12:30Z,070_0043,sample_070_0043_000023,준식별자
site_id: 070_0043,070_0043,sample_070_0043_000024,일반정보
장**,070_0043,sample_070_0043_000025,일반정보
ACME Corp,070_0043,sample_070_0043_000026,준식별자
생성일자: 2023-07-15,070_0043,sample_070_0043_000027,준식별자
양지유,070_0044,sample_070_0044_000003,개인정보
yang.jiyu@kdtlab.co.kr,070_0044,sample_070_0044_000003,개인정보
한국디지털트윈연구소,070_0044,sample_070_0044_000003,준식별자
서울특별시,070_0044,sample_070_0044_000004,준식별자
강남구,070_0044,sample_070_0044_000004,준식별자
대치동,070_0044,sample_070_0044_000004,준식별자
https://internal.kdtlab.local/models/070_0044/geometry.ifc,070_0044,sample_070_0044_000006,기밀정보
/srv/twins/models/070_0044/mesh/structure_mesh.vtk,070_0044,sample_070_0044_000007,기밀정보
registry.internal.kdtlab.local/twins/simulator:1.2.0,070_0044,sample_070_0044_000016,기밀정보
박근호,070_0044,sample_070_0044_000021,개인정보
10.100.5.23,070_0044,sample_070_0044_000022,기밀정보
svc_simulator,070_0044,sample_070_0044_000022,기밀정보
vpn.kdtlab.local,070_0044,sample_070_0044_000022,기밀정보
안대균,070_0044,sample_070_0044_000023,개인정보
홍다빈,070_0044,sample_070_0044_000028,개인정보
김선영,070_0045,sample_070_0045_000015,개인정보
조정용,070_0045,sample_070_0045_000016,개인정보
신유겸,070_0045,sample_070_0045_000017,개인정보
사번: 20201234,070_0045,sample_070_0045_000017,개인정보
syg@example.com,070_0045,sample_070_0045_000017,개인정보
주민등록번호: 800101-1******,070_0045,sample_070_0045_000018,개인정보
서울특별시 강남구 테헤란로 123-45,070_0045,sample_070_0045_000019,개인정보
성별: 남,070_0045,sample_070_0045_000020,준식별자
생년월일: 1985년 07월 23일,070_0045,sample_070_0045_000020,준식별자
A사 연구소,070_0045,sample_070_0045_000021,준식별자
서울특별시,070_0045,sample_070_0045_000022,준식별자
강남구,070_0045,sample_070_0045_000022,준식별자
10.10.10.5,070_0045,sample_070_0045_000023,기밀정보
vpn.internal.example.com,070_0045,sample_070_0045_000024,기밀정보
/srv/internal/models/assetA.ifc,070_0045,sample_070_0045_000025,기밀정보
DB 접속 문자열: dbuser:*****@10.10.10.8:5432/assetdb,070_0045,sample_070_0045_000026,기밀정보
전윤주,070_0045,sample_070_0045_000027,개인정보
https://internal.example.com/downloads/mesh,070_0045,sample_070_0045_000028,기밀정보
정루하,070_0046,sample_070_0046_000027,개인정보
천문구,070_0046,sample_070_0046_000027,개인정보
사번: 2019-0456,070_0046,sample_070_0046_000028,개인정보
생년월일: 1988-07-15,070_0046,sample_070_0046_000028,준식별자
성별: 여성,070_0046,sample_070_0046_000028,준식별자
주소: 서울특별시 강남구,070_0046,sample_070_0046_000028,준식별자
직장: ABC엔지니어링,070_0046,sample_070_0046_000028,준식별자
서버 IP: 10.0.0.5,070_0046,sample_070_0046_000023,기밀정보
/srv/twin/models/thermal_v1.ifc,070_0046,sample_070_0046_000006,기밀정보
vpn.acme.internal,070_0046,sample_070_0046_000024,기밀정보
https://intranet.acme/collab/123,070_0046,sample_070_0046_000024,기밀정보
admin 계정: admin_service,070_0046,sample_070_0046_000025,기밀정보
KMS 키 ID: arn:aws:kms:EXAMPLE,070_0046,sample_070_0046_000026,기밀정보
서도영,070_0047,sample_070_0047_000022,개인정보
20231234,070_0047,sample_070_0047_000022,개인정보
seo.doyoung@company.internal,070_0047,sample_070_0047_000022,개인정보
010-1234-5678,070_0047,sample_070_0047_000022,개인정보
"서울특별시 강남구 테헤란로 123, 5층",070_0047,sample_070_0047_000022,개인정보
1984-07-12,070_0047,sample_070_0047_000023,준식별자
남,070_0047,sample_070_0047_000023,준식별자
한국디지털트윈연구소,070_0047,sample_070_0047_000023,준식별자
강남구,070_0047,sample_070_0047_000023,준식별자
http://internal.company.local/download/070_0047/building.ifc,070_0047,sample_070_0047_000004,기밀정보
mesh.part01.zip,070_0047,sample_070_0047_000005,일반정보
SHA256=3f2a1e...,070_0047,sample_070_0047_000005,일반정보
10.0.0.12,070_0047,sample_070_0047_000024,기밀정보
/srv/twin/models/070_0047/model_v1.2.0,070_0047,sample_070_0047_000024,기밀정보
twin_admin,070_0047,sample_070_0047_000024,기밀정보
vpn.internal.company,070_0047,sample_070_0047_000024,기밀정보
방시호,070_0047,sample_070_0047_000025,개인정보
남혜연,070_0048,sample_070_0048_000005,개인정보
전유정,070_0048,sample_070_0048_000006,개인정보
노재관,070_0048,sample_070_0048_000007,개인정보
20213456,070_0048,sample_070_0048_000008,개인정보
1985-07-12,070_0048,sample_070_0048_000009,준식별자
여성,070_0048,sample_070_0048_000010,준식별자
서울특별시 강남구 역삼동,070_0048,sample_070_0048_000011,준식별자
한국제조주식회사,070_0048,sample_070_0048_000012,준식별자
10.0.4.22,070_0048,sample_070_0048_000013,기밀정보
/srv/dt/models/secret_model_v3.onnx,070_0048,sample_070_0048_000014,기밀정보
vpn.internal.kor,070_0048,sample_070_0048_000015,기밀정보
https://internal.company/sops,070_0048,sample_070_0048_000016,기밀정보
배중기,070_0049,sample_070_0049_000019,개인정보
남리원,070_0049,sample_070_0049_000019,개인정보
심민,070_0049,sample_070_0049_000029,개인정보
생년월일: 1985-07-12,070_0049,sample_070_0049_000028,준식별자
현장 시: 서울특별시,070_0049,sample_070_0049_000025,준식별자
현장 구: 강남구,070_0049,sample_070_0049_000026,준식별자
직장명: 엣지테크,070_0049,sample_070_0049_000027,준식별자
10.0.3.12,070_0049,sample_070_0049_000005,기밀정보
/srv/private/models/twin_v2.ifc,070_0049,sample_070_0049_000005,기밀정보
http://intranet.local/assets/download,070_0049,sample_070_0049_000005,기밀정보
배준한,070_0050,sample_070_0050_000003,개인정보
bae.joonhan@example.com,070_0050,sample_070_0050_000003,개인정보
010-1234-5678,070_0050,sample_070_0050_000003,개인정보
ACME에너지,070_0050,sample_070_0050_000003,준식별자
1983-01-01,070_0050,sample_070_0050_000003,준식별자
남,070_0050,sample_070_0050_000003,준식별자
천근환,070_0050,sample_070_0050_000004,개인정보
20201234,070_0050,sample_070_0050_000004,개인정보
서울특별시 강남구 테헤란로 123-45 101동 1203호,070_0050,sample_070_0050_000005,개인정보
/srv/twins/models/070_0050/mesh_v1.stl,070_0050,sample_070_0050_000010,기밀정보
https://internal.acme.corp/downloads/mesh_v1.stl,070_0050,sample_070_0050_000010,기밀정보
배에녹,070_0050,sample_070_0050_000023,개인정보
2026-01-10,070_0050,sample_070_0050_000023,준식별자
https://registry.internal.acme.corp/acme/dtwin:1.2.0,070_0050,sample_070_0050_000024,기밀정보
10.0.0.5,070_0050,sample_070_0050_000026,기밀정보
vpn.acme.internal,070_0050,sample_070_0050_000026,기밀정보
주하랑,070_0051,sample_070_0051_000004,개인정보
정제훈,070_0051,sample_070_0051_000005,개인정보
juharang@example.com,070_0051,sample_070_0051_000006,개인정보
사번: 20231234,070_0051,sample_070_0051_000007,개인정보
남성,070_0051,sample_070_0051_000008,준식별자
1985-07-23,070_0051,sample_070_0051_000008,준식별자
서울특별시 서초구,070_0051,sample_070_0051_000008,준식별자
현대건설,070_0051,sample_070_0051_000008,준식별자
sftp://ot-internal.company.local/models/buildingA.ifc,070_0051,sample_070_0051_000009,기밀정보
d2d2f3a8b9c4e5f6a7b8c9d0e1f2a3b4c5d6e7f8a9b0c1d2e3f4a5b6c7d8e9f0,070_0051,sample_070_0051_000010,기밀정보
/opt/simulations/run_2026/,070_0051,sample_070_0051_000026,기밀정보
vpn.company.local,070_0051,sample_070_0051_000025,기밀정보
192.168.10.45,070_0051,sample_070_0051_000026,기밀정보
홍유하,070_0051,sample_070_0051_000030,개인정보
/data/twins/plant/plant.ifc,070_0052,sample_070_0052_000004,기밀정보
https://intranet.***.local/downloads/plant_mesh.zip,070_0052,sample_070_0052_000005,기밀정보
plant_mesh.stl,070_0052,sample_070_0052_000007,기밀정보
성남시,070_0052,sample_070_0052_000021,준식별자
분당구,070_0052,sample_070_0052_000021,준식별자
engineer@****.com,070_0052,sample_070_0052_000022,개인정보
EMP-****123,070_0052,sample_070_0052_000022,개인정보
vpn.company.local,070_0052,sample_070_0052_000023,기밀정보
/srv/twin/models/model_v1.3/model.bin,070_0052,sample_070_0052_000024,기밀정보
intranet.***.local/documents/validation,070_0052,sample_070_0052_000030,기밀정보
구수안,070_0053,sample_070_0053_000005,개인정보
사번: 20245001,070_0053,sample_070_0053_000005,개인정보
gusu_an@example.com,070_0053,sample_070_0053_000005,개인정보
1984-05-12,070_0053,sample_070_0053_000005,준식별자
여성,070_0053,sample_070_0053_000005,준식별자
서울특별시 중구,070_0053,sample_070_0053_000006,준식별자
10.0.3.12,070_0053,sample_070_0053_000012,기밀정보
/srv/twins/projA/meshes/mesh_v1.stl,070_0053,sample_070_0053_000013,기밀정보
https://internal.example.local/download/mesh_v1.stl,070_0053,sample_070_0053_000014,기밀정보
엄진아,070_0054,sample_070_0054_000004,개인정보
사번=2021001,070_0054,sample_070_0054_000004,개인정보
연락처=010-1234-5678,070_0054,sample_070_0054_000004,개인정보
서울특별시 강남구,070_0054,sample_070_0054_000008,준식별자
1985-05-12,070_0054,sample_070_0054_000009,준식별자
유하진,070_0054,sample_070_0054_000020,개인정보
yuhajin@example.com,070_0054,sample_070_0054_000020,개인정보
vpn.corp.internal,070_0054,sample_070_0054_000022,기밀정보
admin@192.168.10.5,070_0054,sample_070_0054_000023,기밀정보
192.168.10.5,070_0054,sample_070_0054_000023,기밀정보
/srv/models/070_0054/thermal_v2.ifc,070_0054,sample_070_0054_000023,기밀정보
https://internal.company.local/models/070_0054,070_0054,sample_070_0054_000023,기밀정보
채현주,070_0055,sample_070_0055_000003,개인정보
010-1234-5678,070_0055,sample_070_0055_000003,개인정보
hy.joo.chae@example.com,070_0055,sample_070_0055_000003,개인정보
한국A기업,070_0055,sample_070_0055_000003,준식별자
생년월일: 1985-07-12,070_0055,sample_070_0055_000006,준식별자
서울특별시 강서구,070_0055,sample_070_0055_000007,준식별자
사번: 2024-0456,070_0055,sample_070_0055_000008,개인정보
10.10.20.5,070_0055,sample_070_0055_000009,기밀정보
/srv/twin/secrets/config.yaml,070_0055,sample_070_0055_000010,기밀정보
db://admin:Passw0rd@10.10.20.10:5432/twindb,070_0055,sample_070_0055_000011,기밀정보
vpn.company.internal,070_0055,sample_070_0055_000012,기밀정보
https://internal-dashboard.company.local,070_0055,sample_070_0055_000012,기밀정보
계좌번호: 123-456-789012,070_0055,sample_070_0055_000013,기밀정보
registry.internal.company/repo/twin:1.2.3,070_0055,sample_070_0055_000014,기밀정보
https://data.public.example/twin_building_v2.ifc,070_0055,sample_070_0055_000015,일반정보
a3f1...9b2c,070_0055,sample_070_0055_000015,일반정보
서울특별시 강서구 공항대로 123-45,070_0055,sample_070_0055_000016,개인정보
192.168.0.10,070_0055,sample_070_0055_000017,기밀정보
박서율,070_0055,sample_070_0055_000018,개인정보
S_TEMP_01,070_0055,sample_070_0055_000024,일반정보
2026-01-15T08:30:00Z,070_0055,sample_070_0055_000025,일반정보
신현주,070_0055,sample_070_0055_000030,개인정보
손지니,070_0056,sample_070_0056_000004,개인정보
1985-06-15,070_0056,sample_070_0056_000005,준식별자
서울특별시 강남구,070_0056,sample_070_0056_000006,준식별자
10.0.3.45,070_0056,sample_070_0056_000013,기밀정보
https://intranet.dtwin.company.local/secure,070_0056,sample_070_0056_000014,기밀정보
/srv/twins/private/model_files/dtwin_thermo_0001.ifc,070_0056,sample_070_0056_000015,기밀정보
10.10.200.15,070_0057,sample_070_0057_000024,기밀정보
https://vpn.internal.acme.local,070_0057,sample_070_0057_000024,기밀정보
/srv/sim/models/070_0057/mesh_v3.stl,070_0057,sample_070_0057_000024,기밀정보
svc_sim_user,070_0057,sample_070_0057_000024,기밀정보
원예빈,070_0057,sample_070_0057_000025,개인정보
1990년 05월 21일,070_0057,sample_070_0057_000025,준식별자
여성,070_0057,sample_070_0057_000025,준식별자
서울특별시 강남구 역삼동,070_0057,sample_070_0057_000025,준식별자
ACME 에너지솔루션,070_0057,sample_070_0057_000025,준식별자
20213456,070_0057,sample_070_0057_000025,개인정보
won.yebin@example.com,070_0057,sample_070_0057_000025,개인정보
+82-10-1234-5678,070_0057,sample_070_0057_000025,개인정보
123-456-789,070_0057,sample_070_0057_000026,기밀정보
남유원,070_0058,sample_070_0058_000019,개인정보
010-1234-5678,070_0058,sample_070_0058_000021,개인정보
nyw@example.com,070_0058,sample_070_0058_000022,개인정보
서울특별시 강남구,070_0058,sample_070_0058_000023,준식별자
1985-06-15,070_0058,sample_070_0058_000024,준식별자
https://storage.internal.corp/models/model_dt_0001.ifc,070_0058,sample_070_0058_000004,기밀정보
10.10.0.12,070_0058,sample_070_0058_000025,기밀정보
/srv/twins/secure/model_v1,070_0058,sample_070_0058_000025,기밀정보
vpn.digitaltwin.corp,070_0058,sample_070_0058_000026,기밀정보
120000000원,070_0058,sample_070_0058_000027,기밀정보
/internal/docs/sla/디지털트윈_SLA.pdf,070_0058,sample_070_0058_000030,기밀정보
장건,070_0059,sample_070_0059_000006,개인정보
1985-07-12,070_0059,sample_070_0059_000006,준식별자
최금재,070_0059,sample_070_0059_000006,개인정보
S-2025-009,070_0059,sample_070_0059_000007,개인정보
010-1234-5678,070_0059,sample_070_0059_000008,개인정보
jang.geon@example.com,070_0059,sample_070_0059_000008,개인정보
sftp://files.internal.corp/buildingA/mesh.part1.gz,070_0059,sample_070_0059_000011,기밀정보
https://git.internal.corp/twin/repo/buildingA.ifc,070_0059,sample_070_0059_000012,기밀정보
/opt/twins/calibration/reports/calib_20260115.pdf,070_0059,sample_070_0059_000023,기밀정보
최금재,070_0059,sample_070_0059_000025,개인정보
192.168.10.45,070_0059,sample_070_0059_000028,기밀정보
vpn.internal.corp:1194,070_0059,sample_070_0059_000028,기밀정보
서울특별시,070_0059,sample_070_0059_000029,준식별자
강남구,070_0059,sample_070_0059_000029,준식별자
"서울특별시 강남구 테헤란로 12길 34, 201호",070_0059,sample_070_0059_000029,개인정보
s3://twin-bucket.internal/070_0060/geometry/plant.ifc,070_0060,sample_070_0060_000004,기밀정보
/srv/twins/projects/070_0060/models/mesh_v1.stl,070_0060,sample_070_0060_000005,기밀정보
registry.internal.corp/twin/sim:1.0.0,070_0060,sample_070_0060_000012,기밀정보
천대호,070_0060,sample_070_0060_000020,개인정보
신예성,070_0060,sample_070_0060_000020,개인정보
vpn.internal.corp,070_0060,sample_070_0060_000022,기밀정보
10.0.3.45,070_0060,sample_070_0060_000022,기밀정보
svc_twin,070_0060,sample_070_0060_000023,기밀정보
cheon.dh@company.internal,070_0060,sample_070_0060_000028,개인정보
천대호,070_0060,sample_070_0060_000028,개인정보
노재신,070_0061,sample_070_0061_000005,개인정보
nojaeshin@company.internal,070_0061,sample_070_0061_000005,개인정보
서울특별시 강남구,070_0061,sample_070_0061_000016,준식별자
손유민,070_0061,sample_070_0061_000019,개인정보
20220045,070_0061,sample_070_0061_000019,개인정보
1985-06-15,070_0061,sample_070_0061_000019,준식별자
s3://internal-storage.company.local/dt/meshes/buildingA.ifc,070_0061,sample_070_0061_000008,기밀정보
SHA256=3a7d9f1b2e4c5d6f7e8a9b0c1d2e3f4a5b6c7d8e9f0a1b2c3d4e5f6a7b8c9d0,070_0061,sample_070_0061_000009,기밀정보
https://internal.company.local/twin,070_0061,sample_070_0061_000022,기밀정보
vpn.internal.company.local,070_0061,sample_070_0061_000022,기밀정보
admin_dtt,070_0061,sample_070_0061_000023,기밀정보
10.0.3.12,070_0061,sample_070_0061_000023,기밀정보
/srv/data/digital_twin/meshes/buildingA.ifc,070_0061,sample_070_0061_000008,기밀정보
sftp://internal.company.local/assets/model_070_0062.ifc,070_0062,sample_070_0062_000004,기밀정보
3b1f2e6a9c9d4f1a8e2b3c4d5f6a7b8c9d0e1f2a3b4c5d6e7f8a9b0c1d2e3f9a,070_0062,sample_070_0062_000005,일반정보
류세하,070_0062,sample_070_0062_000018,개인정보
차순희,070_0062,sample_070_0062_000019,개인정보
오명자,070_0062,sample_070_0062_000019,개인정보
10.10.55.12,070_0062,sample_070_0062_000021,기밀정보
vpn.company.local,070_0062,sample_070_0062_000021,기밀정보
/opt/twins/secrets/credentials.json,070_0062,sample_070_0062_000022,기밀정보
123-456-789012,070_0062,sample_070_0062_000022,기밀정보
A123456,070_0062,sample_070_0062_000023,개인정보
010-1234-5678,070_0062,sample_070_0062_000023,개인정보
seha@company.kr,070_0062,sample_070_0062_000023,개인정보
서울특별시 강남구 역삼동 123-45,070_0062,sample_070_0062_000024,개인정보
여성,070_0062,sample_070_0062_000026,준식별자
1985,070_0062,sample_070_0062_000026,준식별자
05,070_0062,sample_070_0062_000026,준식별자
12,070_0062,sample_070_0062_000026,준식별자
ABC엔지니어링,070_0062,sample_070_0062_000026,준식별자
류세하,070_0062,sample_070_0062_000030,개인정보
조준엽,070_0062,sample_070_0062_000030,개인정보
오정도,070_0063,sample_070_0063_000002,개인정보
ojeongdo@company.local,070_0063,sample_070_0063_000002,개인정보
010-1234-5678,070_0063,sample_070_0063_000002,개인정보
20210045,070_0063,sample_070_0063_000002,개인정보
1985-07-12,070_0063,sample_070_0063_000005,준식별자
남성,070_0063,sample_070_0063_000005,준식별자
서울특별시,070_0063,sample_070_0063_000005,준식별자
강남구,070_0063,sample_070_0063_000005,준식별자
역삼동,070_0063,sample_070_0063_000005,준식별자
/srv/models/070_0063/mesh_v1.stl,070_0063,sample_070_0063_000010,기밀정보
10.10.5.12,070_0063,sample_070_0063_000010,기밀정보
vpn.corp.internal,070_0063,sample_070_0063_000010,기밀정보
민해민,070_0063,sample_070_0063_000021,개인정보
공안나,070_0064,sample_070_0064_000024,개인정보
이운호,070_0064,sample_070_0064_000024,개인정보
20231234,070_0064,sample_070_0064_000025,개인정보
010-1234-5678,070_0064,sample_070_0064_000025,개인정보
서울특별시,070_0064,sample_070_0064_000026,준식별자
강남구,070_0064,sample_070_0064_000026,준식별자
역삼동,070_0064,sample_070_0064_000026,준식별자
1985,070_0064,sample_070_0064_000026,준식별자
07,070_0064,sample_070_0064_000026,준식별자
23,070_0064,sample_070_0064_000026,준식별자
남성,070_0064,sample_070_0064_000026,준식별자
192.168.10.12,070_0064,sample_070_0064_000027,기밀정보
vpn.internal.company,070_0064,sample_070_0064_000027,기밀정보
/opt/twin/models/asset_v1.ifc,070_0064,sample_070_0064_000027,기밀정보
123-456-7890,070_0064,sample_070_0064_000027,기밀정보
양보배,070_0065,sample_070_0065_000005,개인정보
최이,070_0065,sample_070_0065_000006,개인정보
최이@company.co.kr,070_0065,sample_070_0065_000006,개인정보
사번: 20230045,070_0065,sample_070_0065_000007,개인정보
서울특별시,070_0065,sample_070_0065_000008,준식별자
강남구,070_0065,sample_070_0065_000008,준식별자
한국전력공사,070_0065,sample_070_0065_000009,준식별자
10.0.5.12,070_0065,sample_070_0065_000010,기밀정보
https://internal.example.local/twin/mesh,070_0065,sample_070_0065_000011,기밀정보
C:\\projects\\twin\\mesh\\building_v1.ifc,070_0065,sample_070_0065_000012,기밀정보
vpn.internal.company.local,070_0065,sample_070_0065_000013,기밀정보
손민성,070_0066,sample_070_0066_000017,개인정보
son.minsung@company.local,070_0066,sample_070_0066_000021,개인정보
010-1234-5678,070_0066,sample_070_0066_000021,개인정보
2018-0456,070_0066,sample_070_0066_000021,개인정보
서울특별시 강남구 테헤란로 123동 45호,070_0066,sample_070_0066_000022,개인정보
1985-07-12,070_0066,sample_070_0066_000023,준식별자
남성,070_0066,sample_070_0066_000023,준식별자
엔지니어,070_0066,sample_070_0066_000023,준식별자
강남구,070_0066,sample_070_0066_000022,준식별자
https://internal.company.local/assets/building_01.ifc,070_0066,sample_070_0066_000004,기밀정보
/srv/twins/models/prod/model_v1.2.h5,070_0066,sample_070_0066_000018,기밀정보
10.0.0.12,070_0066,sample_070_0066_000019,기밀정보
jdbc:oracle:thin:@10.0.1.5:1521:ORCL,070_0066,sample_070_0066_000019,기밀정보
vpn.company.local,070_0066,sample_070_0066_000020,기밀정보
registry.internal.company.local/twins:1.2.0,070_0066,sample_070_0066_000013,기밀정보
registry.internal.company.local/twins:1.2.0,070_0066,sample_070_0066_000026,기밀정보
s3://internal-dtw/meshes/building_001.ifc,070_0067,sample_070_0067_000004,기밀정보
3a7bd9c3e2f4a1b5c6d7e8f90123456789abcdef0123456789abcdef01234567,070_0067,sample_070_0067_000005,일반정보
공아연,070_0067,sample_070_0067_000016,개인정보
양민관,070_0067,sample_070_0067_000016,개인정보
/srv/simulations/2026/run_00042/logs,070_0067,sample_070_0067_000017,기밀정보
192.168.10.12,070_0067,sample_070_0067_000025,기밀정보
ops_admin,070_0067,sample_070_0067_000025,기밀정보
양민관,070_0067,sample_070_0067_000026,개인정보
손문걸,070_0067,sample_070_0067_000026,개인정보
공아연,070_0067,sample_070_0067_000026,개인정보
김동권,070_0068,sample_070_0068_000011,개인정보
kimdk[at]company[dot]com,070_0068,sample_070_0068_000011,개인정보
사번: 2023-****,070_0068,sample_070_0068_000011,개인정보
서울특별시,070_0068,sample_070_0068_000012,준식별자
강남구,070_0068,sample_070_0068_000012,준식별자
1985-07-23,070_0068,sample_070_0068_000013,준식별자
남성,070_0068,sample_070_0068_000014,준식별자
10.10.0.XXX,070_0068,sample_070_0068_000015,기밀정보
https://git.internal.corp/****,070_0068,sample_070_0068_000016,기밀정보
/var/secure/db/***,070_0068,sample_070_0068_000017,기밀정보
vpn.corp.***,070_0068,sample_070_0068_000018,기밀정보
권진희,070_0068,sample_070_0068_000020,개인정보
opc.tcp://192.168.100.XXX:4840,070_0068,sample_070_0068_000023,기밀정보
SN: AX-9987-45,070_0068,sample_070_0068_000024,기밀정보
010-****-1234,070_0068,sample_070_0068_000025,개인정보
서태겸,070_0068,sample_070_0068_000026,개인정보
seotaegyeom[at]company[dot]com,070_0068,sample_070_0068_000026,개인정보
ProprietarySolverX,070_0068,sample_070_0068_000028,기밀정보
registry.internal.corp/twin/sim:1.2.0,070_0068,sample_070_0068_000029,기밀정보
우강희,070_0069,sample_070_0069_000010,개인정보
ug_h@company.com,070_0069,sample_070_0069_000010,개인정보
010-1234-5678,070_0069,sample_070_0069_000010,개인정보
사번:2024-0456,070_0069,sample_070_0069_000010,개인정보
1985-07-12,070_0069,sample_070_0069_000010,준식별자
남성,070_0069,sample_070_0069_000010,준식별자
서울특별시,070_0069,sample_070_0069_000010,준식별자
강남구,070_0069,sample_070_0069_000010,준식별자
대치동,070_0069,sample_070_0069_000010,준식별자
/srv/twin/models/secret_model_v1.ifc,070_0069,sample_070_0069_000012,기밀정보
10.0.3.12,070_0069,sample_070_0069_000012,기밀정보
http://internal-twin.local/api,070_0069,sample_070_0069_000013,기밀정보
vpn.company.local,070_0069,sample_070_0069_000013,기밀정보
조익현,070_0070,sample_070_0070_000005,개인정보
EMP-2023-045,070_0070,sample_070_0070_000005,개인정보
010-1234-5678,070_0070,sample_070_0070_000005,개인정보
choikhyun@company.internal,070_0070,sample_070_0070_000005,개인정보
최홍태,070_0070,sample_070_0070_000006,개인정보
유은진,070_0070,sample_070_0070_000007,개인정보
서울특별시 강남구,070_0070,sample_070_0070_000008,준식별자
1985-07-12,070_0070,sample_070_0070_000009,준식별자
10.10.0.15,070_0070,sample_070_0070_000012,기밀정보
/srv/twin/models/070_0070/plant.ifc,070_0070,sample_070_0070_000013,기밀정보
https://internal.repo.corp/twin/meshes/plant_v2.part01.zip,070_0070,sample_070_0070_000014,기밀정보
vpn.corp.internal,070_0070,sample_070_0070_000015,기밀정보
svc_twin,070_0070,sample_070_0070_000015,기밀정보
K-TwinLab,070_0070,sample_070_0070_000020,준식별자
남수윤,070_0070,sample_070_0070_000032,개인정보
황은상,070_0071,sample_070_0071_000025,개인정보
사번: 20231234,070_0071,sample_070_0071_000026,개인정보
시: 서울특별시,070_0071,sample_070_0071_000027,준식별자
군/구: 강남구,070_0071,sample_070_0071_000027,준식별자
생년: 1985,070_0071,sample_070_0071_000028,준식별자
생월: 07,070_0071,sample_070_0071_000028,준식별자
생일: 23,070_0071,sample_070_0071_000028,준식별자
10.0.0.12,070_0071,sample_070_0071_000029,기밀정보
/srv/twins/prod/secret_config.yaml,070_0071,sample_070_0071_000030,기밀정보
vpn.corp.internal,070_0071,sample_070_0071_000030,기밀정보
https://intranet.corp.local,070_0071,sample_070_0071_000030,기밀정보
차채운,070_0072,sample_070_0072_000006,개인정보
2023-0456,070_0072,sample_070_0072_000006,개인정보
chachaeun@example.com,070_0072,sample_070_0072_000006,개인정보
010-1234-5678,070_0072,sample_070_0072_000006,개인정보
"서울특별시 강남구 테헤란로 123, 45호",070_0072,sample_070_0072_000006,개인정보
1985-07-24,070_0072,sample_070_0072_000006,준식별자
여성,070_0072,sample_070_0072_000006,준식별자
172 cm,070_0072,sample_070_0072_000006,준식별자
https://storage.internal.company/twins/070_0072/geometry.ifc,070_0072,sample_070_0072_000008,기밀정보
registry.internal.company:5000/twin-sim:1.2.0,070_0072,sample_070_0072_000014,기밀정보
강남구,070_0072,sample_070_0072_000021,준식별자
10.0.3.12,070_0072,sample_070_0072_000023,기밀정보
/srv/internal/models/twin_v2/geometry.ifc,070_0072,sample_070_0072_000023,기밀정보
vpn.internal.company.local,070_0072,sample_070_0072_000023,기밀정보
admin_twin,070_0072,sample_070_0072_000023,기밀정보
123-45-678901,070_0072,sample_070_0072_000023,기밀정보
https://storage.example.com/dt/070_0073/meshes/building_v2.ifc,070_0073,sample_070_0073_000003,기밀정보
천효근,070_0073,sample_070_0073_000019,개인정보
cheon.hyogeun@example.com,070_0073,sample_070_0073_000019,개인정보
010-1234-5678,070_0073,sample_070_0073_000019,개인정보
사번: 20231234,070_0073,sample_070_0073_000019,개인정보
송선영,070_0073,sample_070_0073_000020,개인정보
1985-04-12,070_0073,sample_070_0073_000020,준식별자
성별: 남,070_0073,sample_070_0073_000020,준식별자
서울특별시 강남구,070_0073,sample_070_0073_000020,준식별자
디지털 트윈 연구팀,070_0073,sample_070_0073_000020,준식별자
192.168.10.12,070_0073,sample_070_0073_000021,기밀정보
/srv/data/meshes/building_v2.ifc,070_0073,sample_070_0073_000021,기밀정보
vpn.company.internal,070_0073,sample_070_0073_000021,기밀정보
svc_twin,070_0073,sample_070_0073_000021,기밀정보
https://intranet.company.internal/sla/070_0073.pdf,070_0073,sample_070_0073_000024,기밀정보
나도근,070_0074,sample_070_0074_000026,개인정보
우수민,070_0074,sample_070_0074_000034,개인정보
S-2023-0042,070_0074,sample_070_0074_000026,개인정보
1985,070_0074,sample_070_0074_000027,준식별자
07,070_0074,sample_070_0074_000028,준식별자
12,070_0074,sample_070_0074_000029,준식별자
서울특별시,070_0074,sample_070_0074_000030,준식별자
강남구,070_0074,sample_070_0074_000031,준식별자
역삼동,070_0074,sample_070_0074_000032,준식별자
남,070_0074,sample_070_0074_000033,준식별자
운영기술팀,070_0074,sample_070_0074_000026,준식별자
운영기술팀,070_0074,sample_070_0074_000034,준식별자
시뮬레이션팀,070_0074,sample_070_0074_000002,준식별자
10.0.0.45,070_0074,sample_070_0074_000022,기밀정보
/srv/twin/models/secret_v1.ifc,070_0074,sample_070_0074_000022,기밀정보
vpn.company.internal,070_0074,sample_070_0074_000023,기밀정보
admin_twin,070_0074,sample_070_0074_000023,기밀정보
manifests/deploy_v1.yaml,070_0074,sample_070_0074_000020,기밀정보
곽루리,070_0075,sample_070_0075_000003,개인정보
1990-05-21,070_0075,sample_070_0075_000003,준식별자
송치훈,070_0075,sample_070_0075_000004,개인정보
010-1234-5678,070_0075,sample_070_0075_000004,개인정보
g.luri@company.kr,070_0075,sample_070_0075_000004,개인정보
EMP-20245,070_0075,sample_070_0075_000004,개인정보
서울특별시 강남구 테헤란로 123,070_0075,sample_070_0075_000004,개인정보
https://internal.company.local/twins/070_0075/mesh,070_0075,sample_070_0075_000008,기밀정보
/srv/twin/meshes/plantA_v2.stl,070_0075,sample_070_0075_000012,기밀정보
/etc/twin/config.yaml,070_0075,sample_070_0075_000012,기밀정보
registry.internal.company.local/twins:1.4.2,070_0075,sample_070_0075_000026,기밀정보
admin_twin,070_0075,sample_070_0075_000027,기밀정보
10.0.5.12,070_0075,sample_070_0075_000028,기밀정보
C:\projects\twin\secrets,070_0075,sample_070_0075_000029,기밀정보
https://internal-dt.corp.local/models/plant_secure.ifc,070_0076,sample_070_0076_000005,기밀정보
registry.internal:5000/dt-sim:1.2.0,070_0076,sample_070_0076_000012,기밀정보
서울특별시 강남구 역삼동,070_0076,sample_070_0076_000013,준식별자
여성,070_0076,sample_070_0076_000014,준식별자
1985-07-23,070_0076,sample_070_0076_000014,준식별자
/internal/reports/calibration_report.pdf,070_0076,sample_070_0076_000018,기밀정보
민서이,070_0076,sample_070_0076_000020,개인정보
안어진,070_0076,sample_070_0076_000021,개인정보
minseo@company.com,070_0076,sample_070_0076_000022,개인정보
010-2222-3333,070_0076,sample_070_0076_000022,개인정보
123-456-789012,070_0076,sample_070_0076_000023,기밀정보
https://contracts.internal/corp/xyz,070_0076,sample_070_0076_000023,기밀정보
10.10.0.12,070_0076,sample_070_0076_000024,기밀정보
/var/data/dt/assets/textures/highres.png,070_0076,sample_070_0076_000025,기밀정보
엄준식,070_0076,sample_070_0076_000028,개인정보
20230012,070_0076,sample_070_0076_000028,개인정보
010-1234-5678,070_0076,sample_070_0076_000028,개인정보
신규선,070_0077,sample_070_0077_000002,개인정보
shinseon@corp.example.com,070_0077,sample_070_0077_000002,개인정보
010-1234-5678,070_0077,sample_070_0077_000002,개인정보
사번: 20210345,070_0077,sample_070_0077_000002,개인정보
1985-04-12,070_0077,sample_070_0077_000002,준식별자
남성,070_0077,sample_070_0077_000002,준식별자
https://internal.storage.corp.example.com/dtwin/building_complex.ifc,070_0077,sample_070_0077_000006,기밀정보
https://registry.corp.example.com/dtwin/dtwin-sim:1.2.0,070_0077,sample_070_0077_000022,기밀정보
svc_sim_admin,070_0077,sample_070_0077_000023,기밀정보
root,070_0077,sample_070_0077_000023,기밀정보
192.168.10.25,070_0077,sample_070_0077_000024,기밀정보
/opt/twins/models/prod/model_v1.tar.gz,070_0077,sample_070_0077_000025,기밀정보
987-654321-00,070_0077,sample_070_0077_000028,기밀정보
유성,070_0077,sample_070_0077_000029,개인정보
서울특별시 강남구,070_0077,sample_070_0077_000017,준식별자
노광현,070_0078,sample_070_0078_000009,개인정보
서울특별시 강남구,070_0078,sample_070_0078_000026,준식별자
사번 2021045,070_0078,sample_070_0078_000027,개인정보
1985-06-15,070_0078,sample_070_0078_000027,준식별자
https://internal-twin.company.local,070_0078,sample_070_0078_000017,기밀정보
10.0.0.12,070_0078,sample_070_0078_000018,기밀정보
/srv/twins/secure/model_archive,070_0078,sample_070_0078_000018,기밀정보
류민혜,070_0079,sample_070_0079_000020,개인정보
010-1234-5678,070_0079,sample_070_0079_000020,개인정보
오명길,070_0079,sample_070_0079_000021,개인정보
2019-1122,070_0079,sample_070_0079_000021,개인정보
omy@company.com,070_0079,sample_070_0079_000021,개인정보
2020-0456,070_0079,sample_070_0079_000022,개인정보
서울특별시,070_0079,sample_070_0079_000023,준식별자
강남구,070_0079,sample_070_0079_000023,준식별자
역삼동,070_0079,sample_070_0079_000023,준식별자
"서울특별시 강남구 역삼동 테헤란로 123, 5층 501호",070_0079,sample_070_0079_000023,개인정보
1985,070_0079,sample_070_0079_000024,준식별자
07,070_0079,sample_070_0079_000024,준식별자
23,070_0079,sample_070_0079_000024,준식별자
여성,070_0079,sample_070_0079_000024,준식별자
10.0.3.12,070_0079,sample_070_0079_000025,기밀정보
/srv/models/prod/model_v1.2.0.tar.gz,070_0079,sample_070_0079_000025,기밀정보
vpn.internal.corp:1194,070_0079,sample_070_0079_000026,기밀정보
registry.internal.corp/private/twin,070_0079,sample_070_0079_000026,기밀정보
123-456-789012,070_0079,sample_070_0079_000027,기밀정보
진은택,070_0080,sample_070_0080_000016,개인정보
사번: 2023-00123,070_0080,sample_070_0080_000017,개인정보
연락처: 010-****-5678,070_0080,sample_070_0080_000018,개인정보
생년월일 연:1985 월:06 일:15,070_0080,sample_070_0080_000019,준식별자
성별: 여성,070_0080,sample_070_0080_000019,준식별자
서울특별시 중구,070_0080,sample_070_0080_000020,준식별자
192.168.10.45,070_0080,sample_070_0080_000021,기밀정보
/srv/twin/models/prod/070_0080/model_v1.ifc,070_0080,sample_070_0080_000004,기밀정보
https://internal.corp.local/downloads/070_0080/model_v1.ifc,070_0080,sample_070_0080_000004,기밀정보
registry.corp.internal/twin:1.2.0,070_0080,sample_070_0080_000022,기밀정보
vpn.corp.internal,070_0080,sample_070_0080_000022,기밀정보
계좌번호: ****-**6789,070_0080,sample_070_0080_000023,기밀정보
/etc/k8s/manifests/twin-deploy.yaml,070_0080,sample_070_0080_000027,기밀정보
곽장수,070_0080,sample_070_0080_000025,개인정보
서울특별시 강남구,070_0081,sample_070_0081_000005,준식별자
2025-01-15T08:30:00Z,070_0081,sample_070_0081_000017,준식별자
2025-01-15,070_0081,sample_070_0081_000020,준식별자
https://internal-registry.corp.local/containers/dt-sim:1.2.0,070_0081,sample_070_0081_000015,기밀정보
internal-registry.corp.local/dt-sim:1.2.0,070_0081,sample_070_0081_000024,기밀정보
10.200.15.12,070_0081,sample_070_0081_000026,기밀정보
/srv/internal/models/070_0081/twin_v1.ifc,070_0081,sample_070_0081_000027,기밀정보
/srv/internal/models/070_0081/mesh_part_01.zip,070_0081,sample_070_0081_000027,기밀정보
PROJ-081,070_0081,sample_070_0081_000028,기밀정보
svc_sim_user,070_0081,sample_070_0081_000029,기밀정보
C:\projects\dtw\secret_config.yaml,070_0081,sample_070_0081_000030,기밀정보
mesh_part_01.zip SHA256: a3b1c9f2e4d5f6a7b8c9d0e1f2a3b4c5d6e7f8a9b0c1d2e3f4a5b6c7d8e9f0a1,070_0081,sample_070_0081_000008,기밀정보
vpn.corp.local,070_0081,sample_070_0081_000015,기밀정보
2025-01-15T08:30:00Z,070_0082,sample_070_0082_000014,준식별자
2025-01-15T09:10:00Z,070_0082,sample_070_0082_000014,준식별자
서울특별시 종로구,070_0082,sample_070_0082_000015,준식별자
2025-01-15T08:30:05Z,070_0082,sample_070_0082_000016,준식별자
2025-01-10,070_0082,sample_070_0082_000019,준식별자
192.168.10.25,070_0082,sample_070_0082_000023,기밀정보
/opt/twins/models/secret_model.step,070_0082,sample_070_0082_000023,기밀정보
허지영,070_0083,sample_070_0083_000020,개인정보
박민조,070_0083,sample_070_0083_000021,개인정보
사번: 2023412,070_0083,sample_070_0083_000021,개인정보
설계팀장,070_0083,sample_070_0083_000021,준식별자
서울특별시,070_0083,sample_070_0083_000022,준식별자
강남구,070_0083,sample_070_0083_000022,준식별자
/srv/twin/models/prod/geometry.ifc,070_0083,sample_070_0083_000006,기밀정보
registry.internal.company/twin-sim:1.2.0,070_0083,sample_070_0083_000023,기밀정보
https://internal.example.com/twin/123,070_0083,sample_070_0083_000024,기밀정보
/srv/twin/models/prod/geometry.ifc,070_0083,sample_070_0083_000024,기밀정보
vpn.corp.example.com,070_0083,sample_070_0083_000025,기밀정보
10.0.12.5,070_0083,sample_070_0083_000025,기밀정보
류정빈,070_0084,sample_070_0084_000005,개인정보
S-20245,070_0084,sample_070_0084_000005,개인정보
ryu.jeongbin@example.com,070_0084,sample_070_0084_000005,개인정보
백경호,070_0084,sample_070_0084_000006,개인정보
2025-01-15T08:30:00Z,070_0084,sample_070_0084_000018,준식별자
서울특별시 강남구,070_0084,sample_070_0084_000019,준식별자
데이터엔지니어,070_0084,sample_070_0084_000006,준식별자
10.0.0.5,070_0084,sample_070_0084_000025,기밀정보
vpn.internal.acme,070_0084,sample_070_0084_000025,기밀정보
https://files.acme.internal/models/plant.ifc,070_0084,sample_070_0084_000009,기밀정보
/srv/twins/models/private_model.ifc,070_0084,sample_070_0084_000025,기밀정보
db_admin,070_0084,sample_070_0084_000026,기밀정보
조아현,070_0085,sample_070_0085_000003,개인정보
유주빈,070_0085,sample_070_0085_000004,개인정보
방혜민,070_0085,sample_070_0085_000005,개인정보
1985-07-12,070_0085,sample_070_0085_000005,준식별자
서울특별시 송파구 올림픽로 88,070_0085,sample_070_0085_000006,개인정보
송파구,070_0085,sample_070_0085_000006,준식별자
s3://corp-internal/twins/buildingA/,070_0085,sample_070_0085_000007,기밀정보
10.10.24.5,070_0085,sample_070_0085_000008,기밀정보
git.internal.corp,070_0085,sample_070_0085_000009,기밀정보
vpn.corp.internal,070_0085,sample_070_0085_000010,기밀정보
/var/data/twins/db.sqlite,070_0085,sample_070_0085_000027,기밀정보
2023-0045,070_0085,sample_070_0085_000029,개인정보
10.0.12.5,070_0085,sample_070_0085_000030,기밀정보
류세미,070_0086,sample_070_0086_000025,개인정보
장태원,070_0086,sample_070_0086_000025,개인정보
사번: 202345,070_0086,sample_070_0086_000026,개인정보
장태원,070_0086,sample_070_0086_000026,개인정보
사번: 202346,070_0086,sample_070_0086_000026,개인정보
10.8.0.12,070_0086,sample_070_0086_000027,기밀정보
/srv/twin/models/secret_model.ifc,070_0086,sample_070_0086_000027,기밀정보
admin_twin,070_0086,sample_070_0086_000027,기밀정보
손미승,070_0087,sample_070_0087_000017,개인정보
010-1234-5678,070_0087,sample_070_0087_000017,개인정보
son.misung@company.com,070_0087,sample_070_0087_000017,개인정보
사번: 20230012,070_0087,sample_070_0087_000017,개인정보
신주아,070_0087,sample_070_0087_000018,개인정보
1990-05-12,070_0087,sample_070_0087_000018,준식별자
성별: 여성,070_0087,sample_070_0087_000018,준식별자
ABC엔지니어링,070_0087,sample_070_0087_000018,준식별자
서울특별시 강남구 테헤란로 123,070_0087,sample_070_0087_000019,개인정보
10.0.4.12,070_0087,sample_070_0087_000020,기밀정보
registry.internal.corp:5000/twin-app:1.4.2,070_0087,sample_070_0087_000020,기밀정보
/srv/twins/secure/model.bin,070_0087,sample_070_0087_000021,기밀정보
admin_twin,070_0087,sample_070_0087_000021,기밀정보
https://vpn.internal.company.local,070_0087,sample_070_0087_000021,기밀정보
권건형,070_0087,sample_070_0087_000030,개인정보
김한규,070_0088,sample_070_0088_000005,개인정보
kim.hankyoo@example.com,070_0088,sample_070_0088_000006,개인정보
주승한,070_0088,sample_070_0088_000007,개인정보
사번: 20210456,070_0088,sample_070_0088_000008,개인정보
1985-07-12,070_0088,sample_070_0088_000009,준식별자
성별: 남,070_0088,sample_070_0088_000009,준식별자
강남구,070_0088,sample_070_0088_000009,준식별자
registry.internal.corp.local/twins:1.0.0,070_0088,sample_070_0088_000024,기밀정보
vpn.internal.corp.local,070_0088,sample_070_0088_000025,기밀정보
10.10.5.12,070_0088,sample_070_0088_000025,기밀정보
/srv/secure/credentials/keys.pem,070_0088,sample_070_0088_000025,기밀정보
/srv/twins/model_repo/prod/model_v1.2/mesh.stl,070_0088,sample_070_0088_000025,기밀정보
정치영,070_0089,sample_070_0089_000009,개인정보
/srv/twin/models/model_070_0089/geometry.ifc,070_0089,sample_070_0089_000005,기밀정보
http://internal.corp.local/download/070_0089/mesh.part01.tar.gz,070_0089,sample_070_0089_000006,기밀정보
서울특별시,070_0089,sample_070_0089_000012,준식별자
강남구,070_0089,sample_070_0089_000012,준식별자
역삼동 135-12,070_0089,sample_070_0089_000012,개인정보
생년월일: 1985-07-12,070_0089,sample_070_0089_000013,준식별자
10.10.20.5,070_0089,sample_070_0089_000014,기밀정보
twin_admin,070_0089,sample_070_0089_000015,기밀정보
vpn.corp.internal,070_0089,sample_070_0089_000016,기밀정보
/var/secure/keys/master.key,070_0089,sample_070_0089_000017,기밀정보
류재석,070_0089,sample_070_0089_000018,개인정보
윤희창,070_0089,sample_070_0089_000020,개인정보
사번: 20234123,070_0089,sample_070_0089_000020,개인정보
이메일: yhc@company.com,070_0089,sample_070_0089_000020,개인정보
http://internal.corp.local/download/070_0089/mesh.part01.tar.gz,070_0089,sample_070_0089_000006,기밀정보
/var/log/twin/070_0089.log,070_0089,sample_070_0089_000016,기밀정보
김현근,070_0090,sample_070_0090_000012,개인정보
사번: 20230456,070_0090,sample_070_0090_000012,개인정보
유진명,070_0090,sample_070_0090_000013,개인정보
yujin@example.com,070_0090,sample_070_0090_000013,개인정보
성별: 남성,070_0090,sample_070_0090_000014,준식별자
생년월일: 1985-07-12,070_0090,sample_070_0090_000014,준식별자
시/군/구: 서울특별시,070_0090,sample_070_0090_000014,준식별자
10.128.56.12,070_0090,sample_070_0090_000018,기밀정보
vpn.corp.internal,070_0090,sample_070_0090_000019,기밀정보
http://internal-server.local/download/mesh,070_0090,sample_070_0090_000019,기밀정보
/srv/twins/models/production/main.ifc,070_0090,sample_070_0090_000020,기밀정보
twin_prod_db,070_0090,sample_070_0090_000021,기밀정보
최성호,070_0090,sample_070_0090_000022,개인정보
문상후,070_0090,sample_070_0090_000028,개인정보
류시언,070_0091,sample_070_0091_000023,개인정보
010-1234-5678,070_0091,sample_070_0091_000023,개인정보
ryu.s@example.com,070_0091,sample_070_0091_000023,개인정보
서울특별시 강남구 역삼동 123-45,070_0091,sample_070_0091_000024,개인정보
1985-06-12,070_0091,sample_070_0091_000025,준식별자
EMP-2026-007,070_0091,sample_070_0091_000026,개인정보
192.168.10.5,070_0091,sample_070_0091_000027,기밀정보
vpn.internal.example.com,070_0091,sample_070_0091_000028,기밀정보
/srv/twins/projectA/models/assetA.ifc,070_0091,sample_070_0091_000029,기밀정보
123-456-789012,070_0091,sample_070_0091_000030,기밀정보
장서형,070_0092,sample_070_0092_000023,개인정보
jang.seohyung@company.kr,070_0092,sample_070_0092_000023,개인정보
010-1234-5678,070_0092,sample_070_0092_000023,개인정보
"서울특별시 강남구 테헤란로 123, 5층",070_0092,sample_070_0092_000023,개인정보
20234567,070_0092,sample_070_0092_000023,개인정보
성별: 남성,070_0092,sample_070_0092_000024,준식별자
생년월일: 1985-07-21,070_0092,sample_070_0092_000024,준식별자
시/군/구: 강남구,070_0092,sample_070_0092_000024,준식별자
직업: 엔지니어,070_0092,sample_070_0092_000024,준식별자
10.10.100.45,070_0092,sample_070_0092_000025,기밀정보
http://10.10.100.45:8080/admin,070_0092,sample_070_0092_000025,기밀정보
/srv/models/070_0092/model_v1.2.0.h5,070_0092,sample_070_0092_000025,기밀정보
vpn.company.internal,070_0092,sample_070_0092_000025,기밀정보
s3://private-bucket/070_0092/mesh_part_01.zip.enc,070_0092,sample_070_0092_000025,기밀정보
박용진,070_0092,sample_070_0092_000026,개인정보
방효은,070_0093,sample_070_0093_000005,개인정보
bang.hyoeun@twinops.example.com,070_0093,sample_070_0093_000005,개인정보
사번: 2023-0457,070_0093,sample_070_0093_000005,개인정보
1985,070_0093,sample_070_0093_000006,준식별자
07,070_0093,sample_070_0093_000006,준식별자
12,070_0093,sample_070_0093_000006,준식별자
여성,070_0093,sample_070_0093_000006,준식별자
TWINOPS,070_0093,sample_070_0093_000007,준식별자
서울특별시,070_0093,sample_070_0093_000007,준식별자
강남구,070_0093,sample_070_0093_000007,준식별자
/srv/models/070_0093/main.ifc,070_0093,sample_070_0093_000009,기밀정보
https://internal-storage.company.local/geometry/070_0093.ifc,070_0093,sample_070_0093_000010,기밀정보
vpn.twinops.internal,070_0093,sample_070_0093_000010,기밀정보
building_mesh.obj.part1.gz,070_0093,sample_070_0093_000011,기밀정보
SHA256:d2f8b1a4...,070_0093,sample_070_0093_000012,기밀정보
s_temp_001,070_0093,sample_070_0093_000022,기밀정보
run-20260123-0001,070_0093,sample_070_0093_000018,기밀정보
model_id:twin_building_A_070_0093,070_0093,sample_070_0093_000003,기밀정보
방효은,070_0093,sample_070_0093_000005,기밀정보
지은희,070_0093,sample_070_0093_000025,개인정보
/opt/twin/deploy/credentials.key,070_0093,sample_070_0093_000029,기밀정보
sim_admin,070_0093,sample_070_0093_000029,기밀정보
jdbc:postgresql://db.internal:5432/twin,070_0093,sample_070_0093_000029,기밀정보
10.10.0.5,070_0093,sample_070_0093_000030,기밀정보
10.0.0.8,070_0093,sample_070_0093_000030,기밀정보
bang.hyoeun@twinops.example.com,070_0093,sample_070_0093_000005,기밀정보
류창대,070_0094,sample_070_0094_000006,개인정보
ryuchangdae@company.kr,070_0094,sample_070_0094_000006,개인정보
010-1234-5678,070_0094,sample_070_0094_000006,개인정보
20210012,070_0094,sample_070_0094_000006,개인정보
윤서율,070_0094,sample_070_0094_000007,개인정보
1985-06-15,070_0094,sample_070_0094_000007,준식별자
남,070_0094,sample_070_0094_000007,준식별자
시뮬레이션 팀장,070_0094,sample_070_0094_000007,준식별자
"서울특별시 강남구 테헤란로 123, 101호",070_0094,sample_070_0094_000008,개인정보
10.0.0.5,070_0094,sample_070_0094_000010,기밀정보
vpn.internal.company.local:443,070_0094,sample_070_0094_000010,기밀정보
svc_sim,070_0094,sample_070_0094_000011,기밀정보
/srv/data/twins/secret_model.ifc,070_0094,sample_070_0094_000011,기밀정보
123-456-7890,070_0094,sample_070_0094_000012,기밀정보
장동규,070_0094,sample_070_0094_000013,개인정보
user_2021_87,070_0094,sample_070_0094_000014,개인정보
서울특별시 강남구,070_0094,sample_070_0094_000015,준식별자
대한민국,070_0094,sample_070_0094_000016,준식별자
조수향,070_0094,sample_070_0094_000030,개인정보
jsuhyang@company.kr,070_0094,sample_070_0094_000030,개인정보
https://internal.company.local/download/asset_001.ifc,070_0095,sample_070_0095_000004,기밀정보
/srv/secure/models/asset_001.ifc,070_0095,sample_070_0095_000005,기밀정보
10.0.4.12,070_0095,sample_070_0095_000006,기밀정보
vpn.company.local:1194,070_0095,sample_070_0095_000007,기밀정보
남민슬,070_0095,sample_070_0095_000008,개인정보
nams@company.com,070_0095,sample_070_0095_000008,개인정보
010-1234-5678,070_0095,sample_070_0095_000008,개인정보
사번: 2024-0456,070_0095,sample_070_0095_000008,개인정보
서울특별시 종로구 세종로 1-1,070_0095,sample_070_0095_000009,개인정보
1985-06-15,070_0095,sample_070_0095_000010,준식별자
여성,070_0095,sample_070_0095_000010,준식별자
시뮬레이션 엔지니어,070_0095,sample_070_0095_000011,준식별자
1.70 m,070_0095,sample_070_0095_000012,준식별자
60 kg,070_0095,sample_070_0095_000012,준식별자
원영미,070_0095,sample_070_0095_000013,개인정보
방용호,070_0095,sample_070_0095_000014,기밀정보
gitlab.internal.company/repo,070_0095,sample_070_0095_000015,기밀정보
registry.internal:5000/dt-sim:1.2.0,070_0095,sample_070_0095_000025,기밀정보
010-8765-4321,070_0095,sample_070_0095_000027,개인정보
송나나,070_0095,sample_070_0095_000027,개인정보
/var/log/dt_sim/2026/01/22/run_00042.log,070_0095,sample_070_0095_000028,기밀정보
vpn.company.local:1194,070_0095,sample_070_0095_000024,기밀정보
남민슬,070_0095,sample_070_0095_000030,개인정보
한제이슨,070_0096,sample_070_0096_000023,개인정보
박준규,070_0096,sample_070_0096_000023,개인정보
/srv/twins/internal/model_v3.ifc,070_0096,sample_070_0096_000024,기밀정보
/etc/ot/config.yaml,070_0096,sample_070_0096_000024,기밀정보
10.0.3.12,070_0096,sample_070_0096_000025,기밀정보
S12345,070_0096,sample_070_0096_000026,개인정보
남진유,070_0096,sample_070_0096_000029,개인정보
s3://private-bucket/twin_mesh/building_01.ifc,070_0097,sample_070_0097_000004,기밀정보
registry.internal.redacted.local,070_0097,sample_070_0097_000019,기밀정보
문성열,070_0097,sample_070_0097_000022,개인정보
EMP-0042,070_0097,sample_070_0097_000022,개인정보
mseongyeol@redactedcompany.com,070_0097,sample_070_0097_000022,개인정보
010-1234-5678,070_0097,sample_070_0097_000022,개인정보
서울특별시,070_0097,sample_070_0097_000023,준식별자
강남구,070_0097,sample_070_0097_000023,준식별자
10.10.32.12,070_0097,sample_070_0097_000024,기밀정보
/srv/twin/meshes/building_01.ifc,070_0097,sample_070_0097_000024,기밀정보
vpn.internal.redacted:1194,070_0097,sample_070_0097_000024,기밀정보
/srv/twins/models/plant_v3.ifc,070_0098,sample_070_0098_000003,기밀정보
주희철,070_0098,sample_070_0098_000015,개인정보
주희철,070_0098,sample_070_0098_000016,개인정보
010-****-1234,070_0098,sample_070_0098_000016,개인정보
jho****@company.com,070_0098,sample_070_0098_000016,개인정보
vpn.company.internal,070_0098,sample_070_0098_000017,기밀정보
container_registry.company.local/repo/twin:1.2.0,070_0098,sample_070_0098_000017,기밀정보
10.0.0.12,070_0098,sample_070_0098_000017,기밀정보
/etc/twins/conf/credentials.yaml,070_0098,sample_070_0098_000018,기밀정보
container_registry.company.local/repo/twin:1.2.0,070_0098,sample_070_0098_000019,기밀정보
서울특별시 중구,070_0098,sample_070_0098_000023,준식별자
2025-12-10,070_0098,sample_070_0098_000023,준식별자
공정,070_0098,sample_070_0098_000023,개인정보
백영호,070_0098,sample_070_0098_000026,개인정보
2026-01-20,070_0098,sample_070_0098_000026,준식별자
admin_account,070_0098,sample_070_0098_000029,기밀정보
2026-01-23T10:15:30Z,070_0098,sample_070_0098_000010,준식별자
우지상,070_0099,sample_070_0099_000006,개인정보
010-5555-0001,070_0099,sample_070_0099_000007,개인정보
ujsang@company.internal,070_0099,sample_070_0099_000007,개인정보
2023-0042,070_0099,sample_070_0099_000007,개인정보
성남시,070_0099,sample_070_0099_000008,준식별자
수정구,070_0099,sample_070_0099_000008,준식별자
한솔테크,070_0099,sample_070_0099_000009,준식별자
s3://prod-mesh/plant_A/assetA.stl,070_0099,sample_070_0099_000011,기밀정보
https://internal.meshstore.company.local/assetA.stl,070_0099,sample_070_0099_000012,기밀정보
10.10.32.45,070_0099,sample_070_0099_000013,기밀정보
ssh://eng@10.10.32.45:/data/models,070_0099,sample_070_0099_000013,기밀정보
registry.company.internal/dtw-sim:1.4.0,070_0099,sample_070_0099_000022,기밀정보
손하엘,070_0100,sample_070_0100_000016,개인정보
민율찬,070_0100,sample_070_0100_000016,개인정보
minyul.chan@company.local,070_0100,sample_070_0100_000016,개인정보
서울특별시,070_0100,sample_070_0100_000027,준식별자
강남구,070_0100,sample_070_0100_000027,준식별자
남성,070_0100,sample_070_0100_000027,준식별자
1985,070_0100,sample_070_0100_000027,준식별자
06,070_0100,sample_070_0100_000027,준식별자
12,070_0100,sample_070_0100_000027,준식별자
s3://internal-bucket/models/model_070_0100_v1.2.0,070_0100,sample_070_0100_000004,기밀정보
mesh.part01,070_0100,sample_070_0100_000022,기밀정보
/opt/data/models/070_0100/mesh.part01,070_0100,sample_070_0100_000022,기밀정보
mqtt://broker.internal.local:1883,070_0100,sample_070_0100_000013,기밀정보
registry.internal.company/twin_sim:1.2.0,070_0100,sample_070_0100_000017,기밀정보
https://helm.internal.company/070_0100,070_0100,sample_070_0100_000017,기밀정보
svc_simulator,070_0100,sample_070_0100_000018,기밀정보
vpn.company.local,070_0100,sample_070_0100_000018,기밀정보
10.0.1.12,070_0100,sample_070_0100_000011,기밀정보
10.0.0.5,070_0100,sample_070_0100_000028,기밀정보
docs/internal/sla_070_0100.pdf,070_0100,sample_070_0100_000024,기밀정보
