{
    "document_id": "006_0076",
    "document_title": "부동산 매매·감정평가·임대 종합보고서",
    "data": [
        {
            "sentence": "본 문서는 서울 강남구 소재 상업용 건물의 매매, 감정 및 임대 현황을 종합적으로 기록한 보고서입니다.",
            "id": "sample_006_0076_000001",
            "annotations": []
        },
        {
            "sentence": "소재지(시군구 단위 표기): 서울특별시 강남구 역삼동에 위치하며 권리 및 임대관계 확인을 위해 표준 주소 체계를 사용합니다.",
            "id": "sample_006_0076_000002",
            "annotations": [
                {
                    "word": "서울특별시",
                    "start": 16,
                    "end": 21,
                    "label": "준식별자"
                },
                {
                    "word": "강남구",
                    "start": 22,
                    "end": 25,
                    "label": "준식별자"
                },
                {
                    "word": "역삼동",
                    "start": 26,
                    "end": 29,
                    "label": "준식별자"
                }
            ]
        },
        {
            "sentence": "상세주소(등기 표기): 서울특별시 강남구 역삼동 123-45번지 101동 201호로 등기부 상 기재된 주소를 본 문서의 기준 주소로 삼습니다.",
            "id": "sample_006_0076_000003",
            "annotations": [
                {
                    "word": "서울특별시 강남구 역삼동 123-45번지 101동 201호",
                    "start": 13,
                    "end": 45,
                    "label": "개인정보"
                }
            ]
        },
        {
            "sentence": "대지면적은 256.34㎡이며 연면적은 1,240.50㎡로 등재되어 있고 건축물대장과 일치함을 확인하였습니다.",
            "id": "sample_006_0076_000004",
            "annotations": []
        },
        {
            "sentence": "매도인(소유자): 주연호, 등기상 주소: 서울특별시 서초구 반포동 88-9 5층 502호이며 소유권 보유 및 권리 이전 절차를 진행합니다.",
            "id": "sample_006_0076_000005",
            "annotations": [
                {
                    "word": "주연호",
                    "start": 10,
                    "end": 13,
                    "label": "개인정보"
                },
                {
                    "word": "서울특별시 서초구 반포동 88-9 5층 502호",
                    "start": 23,
                    "end": 49,
                    "label": "개인정보"
                },
                {
                    "word": "서울특별시",
                    "start": 23,
                    "end": 28,
                    "label": "준식별자"
                },
                {
                    "word": "서초구",
                    "start": 29,
                    "end": 32,
                    "label": "준식별자"
                },
                {
                    "word": "반포동",
                    "start": 33,
                    "end": 36,
                    "label": "준식별자"
                }
            ]
        },
        {
            "sentence": "매도인 연락처는 010-9876-5432이며 이메일은 jh_ju@syntheticmail.com으로 계약서 송부 및 정산 안내에 사용됩니다.",
            "id": "sample_006_0076_000006",
            "annotations": [
                {
                    "word": "010-9876-5432",
                    "start": 9,
                    "end": 22,
                    "label": "개인정보"
                },
                {
                    "word": "jh_ju@syntheticmail.com",
                    "start": 30,
                    "end": 53,
                    "label": "개인정보"
                }
            ]
        },
        {
            "sentence": "매수인: 황재준, 주소(등기예정): 경기도 성남시 분당구 정자동 45-2 12동 1203호로 잔금지급 후 소유권 이전 등기 예정입니다.",
            "id": "sample_006_0076_000007",
            "annotations": [
                {
                    "word": "황재준",
                    "start": 5,
                    "end": 8,
                    "label": "개인정보"
                },
                {
                    "word": "경기도 성남시 분당구 정자동 45-2 12동 1203호",
                    "start": 20,
                    "end": 50,
                    "label": "개인정보"
                },
                {
                    "word": "성남시",
                    "start": 24,
                    "end": 27,
                    "label": "준식별자"
                },
                {
                    "word": "분당구",
                    "start": 28,
                    "end": 31,
                    "label": "준식별자"
                },
                {
                    "word": "정자동",
                    "start": 32,
                    "end": 35,
                    "label": "준식별자"
                }
            ]
        },
        {
            "sentence": "매수인 연락처는 010-2222-3333이며 직장명은 현대건설로 확인되어 거래 관련 직장 확인을 병행하였습니다.",
            "id": "sample_006_0076_000008",
            "annotations": [
                {
                    "word": "010-2222-3333",
                    "start": 9,
                    "end": 22,
                    "label": "개인정보"
                },
                {
                    "word": "현대건설",
                    "start": 30,
                    "end": 34,
                    "label": "준식별자"
                }
            ]
        },
        {
            "sentence": "본 계약은 2024년 11월 30일에 체결되었으며 잔금 지급일은 2025년 01월 15일로 당사자 간 합의하였습니다.",
            "id": "sample_006_0076_000009",
            "annotations": [
                {
                    "word": "2024",
                    "start": 6,
                    "end": 10,
                    "label": "준식별자"
                },
                {
                    "word": "11",
                    "start": 12,
                    "end": 14,
                    "label": "준식별자"
                },
                {
                    "word": "30",
                    "start": 16,
                    "end": 18,
                    "label": "준식별자"
                },
                {
                    "word": "2025",
                    "start": 36,
                    "end": 40,
                    "label": "준식별자"
                },
                {
                    "word": "01",
                    "start": 42,
                    "end": 44,
                    "label": "준식별자"
                },
                {
                    "word": "15",
                    "start": 46,
                    "end": 48,
                    "label": "준식별자"
                }
            ]
        },
        {
            "sentence": "매매대금은 총액 9,500,000,000원으로 합의하였고 계약금은 총액의 10%인 950,000,000원을 계약 시 지급하였습니다.",
            "id": "sample_006_0076_000010",
            "annotations": []
        },
        {
            "sentence": "중개사무소 담당자: 차성윤, 소속: 금강부동산중개법인, 연락처: 010-3333-4444이며 거래 중개 및 권리분석을 수행하였습니다.",
            "id": "sample_006_0076_000011",
            "annotations": [
                {
                    "word": "차성윤",
                    "start": 11,
                    "end": 14,
                    "label": "개인정보"
                },
                {
                    "word": "010-3333-4444",
                    "start": 36,
                    "end": 49,
                    "label": "개인정보"
                },
                {
                    "word": "금강부동산중개법인",
                    "start": 20,
                    "end": 29,
                    "label": "준식별자"
                }
            ]
        },
        {
            "sentence": "등기부 등본 검토 결과 해당 물건은 근저당 설정 내역이 존재하며 근저당자는 ㈜국민은행으로 표기되어 있습니다.",
            "id": "sample_006_0076_000012",
            "annotations": []
        },
        {
            "sentence": "근저당권 설정일은 2018년 05월 10일로 기재되어 있으며 채권최고액 및 설정 내역을 등기부로 확인하였습니다.",
            "id": "sample_006_0076_000013",
            "annotations": [
                {
                    "word": "2018",
                    "start": 10,
                    "end": 14,
                    "label": "준식별자"
                },
                {
                    "word": "05",
                    "start": 16,
                    "end": 18,
                    "label": "준식별자"
                },
                {
                    "word": "10",
                    "start": 20,
                    "end": 22,
                    "label": "준식별자"
                }
            ]
        },
        {
            "sentence": "잔금지급을 위한 매수인 지정 계좌(국민은행 계좌번호): 123-456789-01234로 이체하기로 약정하였고 이체 증빙을 확보합니다.",
            "id": "sample_006_0076_000014",
            "annotations": [
                {
                    "word": "123-456789-01234",
                    "start": 31,
                    "end": 47,
                    "label": "기밀정보"
                }
            ]
        },
        {
            "sentence": "감정평가서에 의하면 기준시가는 2024년 10월 01일 기준으로 9,800,000,000원으로 산정되었음을 기재합니다.",
            "id": "sample_006_0076_000015",
            "annotations": [
                {
                    "word": "2024",
                    "start": 17,
                    "end": 21,
                    "label": "준식별자"
                },
                {
                    "word": "10",
                    "start": 23,
                    "end": 25,
                    "label": "준식별자"
                },
                {
                    "word": "01",
                    "start": 27,
                    "end": 29,
                    "label": "준식별자"
                }
            ]
        },
        {
            "sentence": "감정평가 수행자는 백미숙 감정평가사이며 소속은 한국감정평가법인으로 전문 감정절차를 준수하여 평가를 진행하였습니다.",
            "id": "sample_006_0076_000016",
            "annotations": [
                {
                    "word": "백미숙",
                    "start": 10,
                    "end": 13,
                    "label": "개인정보"
                },
                {
                    "word": "한국감정평가법인",
                    "start": 26,
                    "end": 34,
                    "label": "준식별자"
                }
            ]
        },
        {
            "sentence": "감정방법은 비교사례법과 원가법 병행 적용이며 평가근거 및 조사자료는 내부보고서 제B-2024-11호에 수록되어 있습니다.",
            "id": "sample_006_0076_000017",
            "annotations": [
                {
                    "word": "내부보고서 제B-2024-11호",
                    "start": 38,
                    "end": 55,
                    "label": "기밀정보"
                }
            ]
        },
        {
            "sentence": "현재 일부 층은 임대 중이며 임차인은 송윤후 및 차미승으로 확인되어 임대차 계약서 원본을 별도 보관합니다.",
            "id": "sample_006_0076_000018",
            "annotations": [
                {
                    "word": "송윤후",
                    "start": 21,
                    "end": 24,
                    "label": "개인정보"
                },
                {
                    "word": "차미승",
                    "start": 27,
                    "end": 30,
                    "label": "개인정보"
                }
            ]
        },
        {
            "sentence": "임대조건은 월세 기반으로 월 임대료는 1,200만원, 보증금은 2억원으로 계약서상 명시되어 있습니다.",
            "id": "sample_006_0076_000019",
            "annotations": []
        },
        {
            "sentence": "임차인 송윤후 연락처: 010-4444-5555, 차미승 연락처: 010-6666-7777로 임대료 청구 및 공지 전달에 사용합니다.",
            "id": "sample_006_0076_000020",
            "annotations": [
                {
                    "word": "송윤후",
                    "start": 4,
                    "end": 7,
                    "label": "개인정보"
                },
                {
                    "word": "010-4444-5555",
                    "start": 13,
                    "end": 26,
                    "label": "개인정보"
                },
                {
                    "word": "차미승",
                    "start": 28,
                    "end": 31,
                    "label": "개인정보"
                },
                {
                    "word": "010-6666-7777",
                    "start": 37,
                    "end": 50,
                    "label": "개인정보"
                }
            ]
        },
        {
            "sentence": "관리비 정산은 매월 말일 기준으로 정산하며 유지보수 및 시설관리 내역은 관리사무소 장부에 기록합니다.",
            "id": "sample_006_0076_000021",
            "annotations": []
        },
        {
            "sentence": "매수인은 등기 이전까지 발생한 공과금 및 소유물 수선비에 대해 책임을 진다는 특약을 계약서에 명시하였습니다.",
            "id": "sample_006_0076_000022",
            "annotations": []
        },
        {
            "sentence": "본 물건에 관한 미지급 세금, 체납 또는 현재 진행 중인 소송은 실사 결과에서 발견되지 않았음을 보고합니다.",
            "id": "sample_006_0076_000023",
            "annotations": []
        },
        {
            "sentence": "실사에서는 일부 누수 흔적과 전기시설 교체 권고가 있었으며 보수비용 예비비로 30,000,000원을 책정할 것을 권고합니다.",
            "id": "sample_006_0076_000024",
            "annotations": []
        },
        {
            "sentence": "본 보고서는 자산관리팀장 성대권의 검토 및 결재를 거쳐 최종 확정되었으며 이행사항은 성하니가 담당합니다.",
            "id": "sample_006_0076_000025",
            "annotations": [
                {
                    "word": "성대권",
                    "start": 14,
                    "end": 17,
                    "label": "개인정보"
                },
                {
                    "word": "성대권",
                    "start": 14,
                    "end": 17,
                    "label": "기밀정보"
                },
                {
                    "word": "성하니",
                    "start": 47,
                    "end": 50,
                    "label": "개인정보"
                },
                {
                    "word": "성하니",
                    "start": 47,
                    "end": 50,
                    "label": "기밀정보"
                }
            ]
        },
        {
            "sentence": "매수인은 잔금지급 후 14일 이내에 소유권 이전 등기를 완료하여 등기부상 소유자 명의를 변경해야 합니다.",
            "id": "sample_006_0076_000026",
            "annotations": []
        },
        {
            "sentence": "원본 계약서와 감정평가서는 법무팀 및 자산관리팀에 각각 보관되며 전자문서 식별번호 EM-2024-1198로 기록됩니다.",
            "id": "sample_006_0076_000027",
            "annotations": [
                {
                    "word": "EM-2024-1198",
                    "start": 46,
                    "end": 58,
                    "label": "기밀정보"
                }
            ]
        },
        {
            "sentence": "본 문서는 매도인 주연호, 매수인 황재준, 중개인 차성윤의 서명 날인으로 효력이 발생하며 서명 원본을 기록 보관합니다.",
            "id": "sample_006_0076_000028",
            "annotations": [
                {
                    "word": "주연호",
                    "start": 10,
                    "end": 13,
                    "label": "개인정보"
                },
                {
                    "word": "황재준",
                    "start": 19,
                    "end": 22,
                    "label": "개인정보"
                },
                {
                    "word": "차성윤",
                    "start": 28,
                    "end": 31,
                    "label": "개인정보"
                }
            ]
        }
    ]
}