{
    "document_id": "006_0037",
    "document_title": "부동산 매매·감정평가 및 임대 내역 통합보고서",
    "data": [
        {
            "sentence": "문서명: 부동산 매매·감정·임대 통합 기록서.",
            "id": "sample_006_0037_000001",
            "annotations": []
        },
        {
            "sentence": "본 문서는 서울특별시 서초구 서초동 123-45에 소재한 주상복합건물의 거래와 권리관계를 기록한다.",
            "id": "sample_006_0037_000002",
            "annotations": [
                {
                    "word": "서울특별시 서초구 서초동 123-45",
                    "start": 6,
                    "end": 26,
                    "label": "개인정보"
                },
                {
                    "word": "서울특별시",
                    "start": 6,
                    "end": 11,
                    "label": "준식별자"
                },
                {
                    "word": "서초구",
                    "start": 12,
                    "end": 15,
                    "label": "준식별자"
                },
                {
                    "word": "서초동",
                    "start": 16,
                    "end": 19,
                    "label": "준식별자"
                }
            ]
        },
        {
            "sentence": "매도인(갑): 배혜영, 주민등록번호는 기재하지 않으며 연락처는 010-1234-5678로 표기한다.",
            "id": "sample_006_0037_000003",
            "annotations": [
                {
                    "word": "배혜영",
                    "start": 8,
                    "end": 11,
                    "label": "개인정보"
                },
                {
                    "word": "010-1234-5678",
                    "start": 35,
                    "end": 48,
                    "label": "개인정보"
                }
            ]
        },
        {
            "sentence": "매수인(을): 송준모, 주소는 경기도 성남시 분당구 정자동으로 기재하였다.",
            "id": "sample_006_0037_000004",
            "annotations": [
                {
                    "word": "송준모",
                    "start": 8,
                    "end": 11,
                    "label": "개인정보"
                },
                {
                    "word": "경기도",
                    "start": 17,
                    "end": 20,
                    "label": "준식별자"
                },
                {
                    "word": "성남시",
                    "start": 21,
                    "end": 24,
                    "label": "준식별자"
                },
                {
                    "word": "분당구",
                    "start": 25,
                    "end": 28,
                    "label": "준식별자"
                },
                {
                    "word": "정자동",
                    "start": 29,
                    "end": 32,
                    "label": "준식별자"
                }
            ]
        },
        {
            "sentence": "계약 체결일은 2025년 06월 15일이며 대금 지급일은 2025년 07월 01일로 합의하였다.",
            "id": "sample_006_0037_000005",
            "annotations": [
                {
                    "word": "2025",
                    "start": 8,
                    "end": 12,
                    "label": "준식별자"
                },
                {
                    "word": "2025",
                    "start": 32,
                    "end": 36,
                    "label": "준식별자"
                },
                {
                    "word": "06",
                    "start": 14,
                    "end": 16,
                    "label": "준식별자"
                },
                {
                    "word": "15",
                    "start": 18,
                    "end": 20,
                    "label": "준식별자"
                },
                {
                    "word": "07",
                    "start": 38,
                    "end": 40,
                    "label": "준식별자"
                },
                {
                    "word": "01",
                    "start": 42,
                    "end": 44,
                    "label": "준식별자"
                }
            ]
        },
        {
            "sentence": "매매대금은 금 일십이억 원(금 1,200,000,000원)으로 하며, 잔금은 지정계좌로 이체한다.",
            "id": "sample_006_0037_000006",
            "annotations": [
                {
                    "word": "금 1,200,000,000원",
                    "start": 15,
                    "end": 31,
                    "label": "기밀정보"
                }
            ]
        },
        {
            "sentence": "매수인은 잔금지급을 위해 국민은행 110-123-456789(계좌주: 배혜영) 계좌에 입금하기로 합의하였다.",
            "id": "sample_006_0037_000007",
            "annotations": [
                {
                    "word": "110-123-456789",
                    "start": 19,
                    "end": 33,
                    "label": "기밀정보"
                },
                {
                    "word": "배혜영",
                    "start": 39,
                    "end": 42,
                    "label": "기밀정보"
                }
            ]
        },
        {
            "sentence": "부동산의 표시: 토지 84.50㎡, 건물 전용면적 85.32㎡, 공급면적 110.47㎡로 등재되어 있다.",
            "id": "sample_006_0037_000008",
            "annotations": []
        },
        {
            "sentence": "등기사항 약식: 소유권은 등기부상 배혜영(갑) 명의이며, 근저당권 설정 여부 및 가압류는 확인되었다.",
            "id": "sample_006_0037_000009",
            "annotations": [
                {
                    "word": "배혜영",
                    "start": 19,
                    "end": 22,
                    "label": "개인정보"
                }
            ]
        },
        {
            "sentence": "현재 등기부상 설정된 근저당권은 강명희를 채권자로 하는 근저당권 1건이다.",
            "id": "sample_006_0037_000010",
            "annotations": [
                {
                    "word": "강명희",
                    "start": 18,
                    "end": 21,
                    "label": "개인정보"
                }
            ]
        },
        {
            "sentence": "감정평가서는 우정주 감정평가사가 작성하였고, 감정평가액은 금 1,150,000,000원으로 산정되었다.",
            "id": "sample_006_0037_000011",
            "annotations": [
                {
                    "word": "우정주",
                    "start": 7,
                    "end": 10,
                    "label": "개인정보"
                },
                {
                    "word": "금 1,150,000,000원",
                    "start": 32,
                    "end": 48,
                    "label": "기밀정보"
                }
            ]
        },
        {
            "sentence": "감정평가의 기초자료로 사용한 인근 거래사례 및 표준지가는 본 보고서 부록에 상세 기재하였다.",
            "id": "sample_006_0037_000012",
            "annotations": []
        },
        {
            "sentence": "임대 현황: 본 건은 현재 임대 중이며 임대차계약서는 별첨으로 보관한다.",
            "id": "sample_006_0037_000013",
            "annotations": []
        },
        {
            "sentence": "임차인: 허명진이며, 임대 시작일은 2024년 09월 01일, 종료일은 2025년 08월 31일이다.",
            "id": "sample_006_0037_000014",
            "annotations": [
                {
                    "word": "허명진",
                    "start": 5,
                    "end": 8,
                    "label": "개인정보"
                },
                {
                    "word": "2024",
                    "start": 20,
                    "end": 24,
                    "label": "준식별자"
                },
                {
                    "word": "09",
                    "start": 26,
                    "end": 28,
                    "label": "준식별자"
                },
                {
                    "word": "01",
                    "start": 30,
                    "end": 32,
                    "label": "준식별자"
                },
                {
                    "word": "2025",
                    "start": 40,
                    "end": 44,
                    "label": "준식별자"
                },
                {
                    "word": "08",
                    "start": 46,
                    "end": 48,
                    "label": "준식별자"
                },
                {
                    "word": "31",
                    "start": 50,
                    "end": 52,
                    "label": "준식별자"
                }
            ]
        },
        {
            "sentence": "임대보증금은 금 50,000,000원이며 월임대료는 월 1,200,000원으로 계약되어 있다.",
            "id": "sample_006_0037_000015",
            "annotations": [
                {
                    "word": "금 50,000,000원",
                    "start": 7,
                    "end": 20,
                    "label": "기밀정보"
                },
                {
                    "word": "월 1,200,000원",
                    "start": 29,
                    "end": 41,
                    "label": "기밀정보"
                }
            ]
        },
        {
            "sentence": "임차인의 연락처는 010-9876-5432로 기재되어 있으며 비상연락처는 포함되지 않았다.",
            "id": "sample_006_0037_000016",
            "annotations": [
                {
                    "word": "010-9876-5432",
                    "start": 10,
                    "end": 23,
                    "label": "개인정보"
                }
            ]
        },
        {
            "sentence": "임대 목적물의 상세 주소는 경기도 성남시 분당구 정자동 23-4로 표기되어 있다.",
            "id": "sample_006_0037_000017",
            "annotations": [
                {
                    "word": "경기도 성남시 분당구 정자동 23-4",
                    "start": 15,
                    "end": 35,
                    "label": "개인정보"
                },
                {
                    "word": "경기도",
                    "start": 15,
                    "end": 18,
                    "label": "준식별자"
                },
                {
                    "word": "성남시",
                    "start": 19,
                    "end": 22,
                    "label": "준식별자"
                },
                {
                    "word": "분당구",
                    "start": 23,
                    "end": 26,
                    "label": "준식별자"
                },
                {
                    "word": "정자동",
                    "start": 27,
                    "end": 30,
                    "label": "준식별자"
                }
            ]
        },
        {
            "sentence": "권리분석: 등기부상 근저당, 가압류, 가등기 등 기재사항을 검토하여 우선순위를 확인하였다.",
            "id": "sample_006_0037_000018",
            "annotations": []
        },
        {
            "sentence": "특약: 매도인은 잔금 지급 후 30일 이내에 소유권 이전에 필요한 협조를 제공한다.",
            "id": "sample_006_0037_000019",
            "annotations": []
        },
        {
            "sentence": "내부 결재선: 자산관리팀 담당자 배혜영이 최종 승인하였으나 결재권한은 비공개 문서로 처리되었다.",
            "id": "sample_006_0037_000020",
            "annotations": [
                {
                    "word": "배혜영",
                    "start": 18,
                    "end": 21,
                    "label": "기밀정보"
                }
            ]
        },
        {
            "sentence": "담당 감정평가사 연락처: 우정주, 전화 02-555-0123, 이메일 ujspa@valuation.co.kr.",
            "id": "sample_006_0037_000021",
            "annotations": [
                {
                    "word": "우정주",
                    "start": 14,
                    "end": 17,
                    "label": "개인정보"
                },
                {
                    "word": "02-555-0123",
                    "start": 22,
                    "end": 33,
                    "label": "개인정보"
                },
                {
                    "word": "ujspa@valuation.co.kr",
                    "start": 39,
                    "end": 60,
                    "label": "개인정보"
                }
            ]
        },
        {
            "sentence": "본 거래와 관련된 지급결의 및 회계처리는 내부 계좌 700-321-00123을 사용하며 외부 공개 금지로 지정되었다.",
            "id": "sample_006_0037_000022",
            "annotations": [
                {
                    "word": "700-321-00123",
                    "start": 29,
                    "end": 42,
                    "label": "기밀정보"
                }
            ]
        },
        {
            "sentence": "감정평가서 부속 서류에는 시공사 A사와의 계약서 요약이 포함되어 있으나 세부금액은 내부 기밀로 분류한다.",
            "id": "sample_006_0037_000023",
            "annotations": []
        },
        {
            "sentence": "현장조사 결과 실사용 면적은 약 82.40㎡로 측정되었고 공용면적 추가 포함 시 110.47㎡로 확인되었다.",
            "id": "sample_006_0037_000024",
            "annotations": []
        },
        {
            "sentence": "권리 제한 및 이전에 필요한 추가 서류로는 주민등록등본, 토지대장, 건물등기부등본 등이 명시되어 있다.",
            "id": "sample_006_0037_000025",
            "annotations": []
        },
        {
            "sentence": "임대내역 요약표에는 임차인 허명진의 보증금 납입일과 월별 납부 내역이 연도별로 기록되어 있다.",
            "id": "sample_006_0037_000026",
            "annotations": [
                {
                    "word": "허명진",
                    "start": 15,
                    "end": 18,
                    "label": "개인정보"
                }
            ]
        },
        {
            "sentence": "본 문서는 계약서, 감정평가서, 임대 내역을 통합 보관하며 필요한 경우 법률 자문을 추천한다.",
            "id": "sample_006_0037_000027",
            "annotations": []
        },
        {
            "sentence": "권리이전 시 우선 변제권 적용 여부 및 채권자 통지는 등기부 기재사항을 기준으로 진행한다.",
            "id": "sample_006_0037_000028",
            "annotations": []
        },
        {
            "sentence": "문서 보관 위치는 본사 자산관리실 내부 금고에 한하여 접근이 가능하다.",
            "id": "sample_006_0037_000029",
            "annotations": []
        },
        {
            "sentence": "작성자: 자산관리사 류세하, 작성일 2025년 06월 16일.",
            "id": "sample_006_0037_000030",
            "annotations": [
                {
                    "word": "류세하",
                    "start": 11,
                    "end": 14,
                    "label": "개인정보"
                },
                {
                    "word": "2025",
                    "start": 20,
                    "end": 24,
                    "label": "준식별자"
                },
                {
                    "word": "06",
                    "start": 26,
                    "end": 28,
                    "label": "준식별자"
                },
                {
                    "word": "16",
                    "start": 30,
                    "end": 32,
                    "label": "준식별자"
                }
            ]
        }
    ]
}