{
    "document_id": "006_0043",
    "document_title": "부동산 자산관리 및 권리분석 보고서",
    "data": [
        {
            "sentence": "문서 제목: 부동산 자산관리 및 권리분석 보고서.",
            "id": "sample_006_0043_000001",
            "annotations": []
        },
        {
            "sentence": "작성자: 자산관리사 문나희, 소속: ABC자산관리(주), 연락처 010-1234-5678, 이메일 mun.nahee@example.com.",
            "id": "sample_006_0043_000002",
            "annotations": [
                {
                    "word": "문나희",
                    "start": 11,
                    "end": 14,
                    "label": "개인정보"
                },
                {
                    "word": "ABC자산관리(주)",
                    "start": 20,
                    "end": 30,
                    "label": "준식별자"
                },
                {
                    "word": "010-1234-5678",
                    "start": 36,
                    "end": 49,
                    "label": "개인정보"
                },
                {
                    "word": "mun.nahee@example.com",
                    "start": 55,
                    "end": 76,
                    "label": "개인정보"
                }
            ]
        },
        {
            "sentence": "보고서는 대상 부동산의 권리관계, 임대 내역 및 감정평가 결과를 종합하여 작성되었습니다.",
            "id": "sample_006_0043_000003",
            "annotations": []
        },
        {
            "sentence": "대상물건 소재지(상세): 서울특별시 강남구 테헤란로 123, 12층 1203호.",
            "id": "sample_006_0043_000004",
            "annotations": [
                {
                    "word": "서울특별시 강남구 테헤란로 123, 12층 1203호",
                    "start": 14,
                    "end": 43,
                    "label": "개인정보"
                }
            ]
        },
        {
            "sentence": "대상물건 행정구역: 서울특별시, 강남구, 역삼동.",
            "id": "sample_006_0043_000005",
            "annotations": [
                {
                    "word": "서울특별시",
                    "start": 11,
                    "end": 16,
                    "label": "준식별자"
                },
                {
                    "word": "강남구",
                    "start": 18,
                    "end": 21,
                    "label": "준식별자"
                },
                {
                    "word": "역삼동",
                    "start": 23,
                    "end": 26,
                    "label": "준식별자"
                }
            ]
        },
        {
            "sentence": "전용면적은 85.43㎡이며 공급면적은 99.12㎡로 등기부상 표기와 비교하여 차이가 없습니다.",
            "id": "sample_006_0043_000006",
            "annotations": []
        },
        {
            "sentence": "등기상 소유자 및 권리관계 확인을 위해 소유자 정보를 아래에 기재합니다.",
            "id": "sample_006_0043_000007",
            "annotations": []
        },
        {
            "sentence": "등기상 소유자: 이남희, 주소: 서울특별시 강남구 테헤란로 123, 12층 1203호, 성별: 여성, 생년월일: 1978-03-22.",
            "id": "sample_006_0043_000008",
            "annotations": [
                {
                    "word": "이남희",
                    "start": 9,
                    "end": 12,
                    "label": "개인정보"
                },
                {
                    "word": "서울특별시 강남구 테헤란로 123, 12층 1203호",
                    "start": 18,
                    "end": 47,
                    "label": "개인정보"
                },
                {
                    "word": "여성",
                    "start": 53,
                    "end": 55,
                    "label": "준식별자"
                },
                {
                    "word": "1978",
                    "start": 63,
                    "end": 67,
                    "label": "준식별자"
                },
                {
                    "word": "03",
                    "start": 44,
                    "end": 46,
                    "label": "준식별자"
                },
                {
                    "word": "03",
                    "start": 68,
                    "end": 70,
                    "label": "준식별자"
                },
                {
                    "word": "22",
                    "start": 71,
                    "end": 73,
                    "label": "준식별자"
                }
            ]
        },
        {
            "sentence": "등록된 근저당 설정금액은 300,000,000원이며 채권최고액 관련 계좌 및 상세 정보는 내부 기밀로 관리합니다; 은행 계좌번호 예: 국민은행 123-45-678901.",
            "id": "sample_006_0043_000009",
            "annotations": [
                {
                    "word": "국민은행 123-45-678901",
                    "start": 75,
                    "end": 93,
                    "label": "기밀정보"
                }
            ]
        },
        {
            "sentence": "임대 내역: 1) 임차인 손하린, 연락처 010-2345-6789, 임대기간 2021-01-01부터 2024-12-31까지, 보증금 50,000,000원.",
            "id": "sample_006_0043_000010",
            "annotations": [
                {
                    "word": "손하린",
                    "start": 14,
                    "end": 17,
                    "label": "개인정보"
                },
                {
                    "word": "010-2345-6789",
                    "start": 23,
                    "end": 36,
                    "label": "개인정보"
                },
                {
                    "word": "2021",
                    "start": 43,
                    "end": 47,
                    "label": "준식별자"
                },
                {
                    "word": "01",
                    "start": 23,
                    "end": 25,
                    "label": "준식별자"
                },
                {
                    "word": "01",
                    "start": 48,
                    "end": 50,
                    "label": "준식별자"
                },
                {
                    "word": "01",
                    "start": 51,
                    "end": 53,
                    "label": "준식별자"
                },
                {
                    "word": "2024",
                    "start": 56,
                    "end": 60,
                    "label": "준식별자"
                },
                {
                    "word": "12",
                    "start": 61,
                    "end": 63,
                    "label": "준식별자"
                },
                {
                    "word": "31",
                    "start": 64,
                    "end": 66,
                    "label": "준식별자"
                }
            ]
        },
        {
            "sentence": "임대 내역: 2) 임차인 방승완(단기거주), 연락처 010-6789-0123로 등록되어 있으며 거주 이력은 내부 기록 참조.",
            "id": "sample_006_0043_000011",
            "annotations": [
                {
                    "word": "방승완",
                    "start": 14,
                    "end": 17,
                    "label": "개인정보"
                },
                {
                    "word": "010-6789-0123",
                    "start": 29,
                    "end": 42,
                    "label": "개인정보"
                }
            ]
        },
        {
            "sentence": "매매계약 관련 환불 및 보증금 정산을 위해 환불계좌로 농협 987-65-432109 계좌를 지정하였습니다.",
            "id": "sample_006_0043_000012",
            "annotations": [
                {
                    "word": "농협 987-65-432109",
                    "start": 30,
                    "end": 46,
                    "label": "기밀정보"
                }
            ]
        },
        {
            "sentence": "매도인: 강승한, 주민등록번호: 780322-1******, 매수인: 한범주, 주민등록번호: 850615-2******로 계약서에 기재되어 있습니다.",
            "id": "sample_006_0043_000013",
            "annotations": [
                {
                    "word": "강승한",
                    "start": 5,
                    "end": 8,
                    "label": "개인정보"
                },
                {
                    "word": "780322-1******",
                    "start": 18,
                    "end": 32,
                    "label": "개인정보"
                },
                {
                    "word": "한범주",
                    "start": 39,
                    "end": 42,
                    "label": "개인정보"
                },
                {
                    "word": "850615-2******",
                    "start": 52,
                    "end": 66,
                    "label": "개인정보"
                }
            ]
        },
        {
            "sentence": "매수인 연락처는 010-3456-7890, 이메일 kang@example.com이며 계약금은 계약 당일에 납부 완료되었습니다.",
            "id": "sample_006_0043_000014",
            "annotations": [
                {
                    "word": "010-3456-7890",
                    "start": 9,
                    "end": 22,
                    "label": "개인정보"
                },
                {
                    "word": "kang@example.com",
                    "start": 28,
                    "end": 44,
                    "label": "개인정보"
                }
            ]
        },
        {
            "sentence": "감정평가 요약: 감정평가액은 520,000,000원이며 감정일은 2025-05-20입니다.",
            "id": "sample_006_0043_000015",
            "annotations": [
                {
                    "word": "2025",
                    "start": 36,
                    "end": 40,
                    "label": "준식별자"
                },
                {
                    "word": "05",
                    "start": 41,
                    "end": 43,
                    "label": "준식별자"
                },
                {
                    "word": "20",
                    "start": 17,
                    "end": 19,
                    "label": "준식별자"
                },
                {
                    "word": "20",
                    "start": 36,
                    "end": 38,
                    "label": "준식별자"
                },
                {
                    "word": "20",
                    "start": 44,
                    "end": 46,
                    "label": "준식별자"
                }
            ]
        },
        {
            "sentence": "감정평가 담당자: 권강희, 소속: 한국감정원, 연락처 사무실 02-765-4321.",
            "id": "sample_006_0043_000016",
            "annotations": [
                {
                    "word": "권강희",
                    "start": 10,
                    "end": 13,
                    "label": "개인정보"
                },
                {
                    "word": "한국감정원",
                    "start": 19,
                    "end": 24,
                    "label": "준식별자"
                }
            ]
        },
        {
            "sentence": "내부 결재선 및 파일관리: 결재번호 INT-2025-006, 담당자 문나희 승인, 사내 파일 경로 C:\\intranet\\contracts\\006_0043.pdf.",
            "id": "sample_006_0043_000017",
            "annotations": [
                {
                    "word": "INT-2025-006",
                    "start": 20,
                    "end": 32,
                    "label": "기밀정보"
                },
                {
                    "word": "문나희",
                    "start": 38,
                    "end": 41,
                    "label": "개인정보"
                },
                {
                    "word": "C:\\intranet\\contracts\\006_0043.pdf",
                    "start": 55,
                    "end": 89,
                    "label": "기밀정보"
                }
            ]
        },
        {
            "sentence": "최근 수리이력: 2022-08-10 보일러 교체 및 2023-03-15 도배 교체 내역이 등본에 첨부되어 있습니다.",
            "id": "sample_006_0043_000018",
            "annotations": [
                {
                    "word": "2022",
                    "start": 9,
                    "end": 13,
                    "label": "준식별자"
                },
                {
                    "word": "08",
                    "start": 14,
                    "end": 16,
                    "label": "준식별자"
                },
                {
                    "word": "10",
                    "start": 17,
                    "end": 19,
                    "label": "준식별자"
                },
                {
                    "word": "2023",
                    "start": 29,
                    "end": 33,
                    "label": "준식별자"
                },
                {
                    "word": "03",
                    "start": 34,
                    "end": 36,
                    "label": "준식별자"
                },
                {
                    "word": "15",
                    "start": 37,
                    "end": 39,
                    "label": "준식별자"
                }
            ]
        },
        {
            "sentence": "세입자 관리 기록 및 정산 내역은 별첨 엑셀 파일에 상세 기재되어 있으며 주요 금액은 내부 보안 대상으로 분류됩니다.",
            "id": "sample_006_0043_000019",
            "annotations": []
        },
        {
            "sentence": "재무정보: 관리비 정산계좌 및 미수금 내역은 내부 회계 시스템에 등록되어 있으며 외부 유출 금지 표기가 되어 있습니다.",
            "id": "sample_006_0043_000020",
            "annotations": []
        },
        {
            "sentence": "임대차계약서 사본에는 월임대료 1,200,000원, 관리비 150,000원, 계약서 서명일이 표시되어 있습니다.",
            "id": "sample_006_0043_000021",
            "annotations": []
        },
        {
            "sentence": "관련 사진 및 자료는 내부 자산관리 서버에 업로드 되었으며 접근 URL 예시: http://intranet.local/images/006_0043_001.jpg 입니다.",
            "id": "sample_006_0043_000022",
            "annotations": [
                {
                    "word": "http://intranet.local/images/006_0043_001.jpg",
                    "start": 44,
                    "end": 89,
                    "label": "기밀정보"
                }
            ]
        },
        {
            "sentence": "권리관계 비고: 한국주택금융공사에 설정된 근저당권은 2020-04-15자로 등기되어 있습니다.",
            "id": "sample_006_0043_000023",
            "annotations": [
                {
                    "word": "한국주택금융공사",
                    "start": 9,
                    "end": 17,
                    "label": "준식별자"
                },
                {
                    "word": "2020",
                    "start": 29,
                    "end": 33,
                    "label": "준식별자"
                },
                {
                    "word": "04",
                    "start": 34,
                    "end": 36,
                    "label": "준식별자"
                },
                {
                    "word": "15",
                    "start": 37,
                    "end": 39,
                    "label": "준식별자"
                }
            ]
        },
        {
            "sentence": "포트폴리오 추가대상 물건: 부산광역시 해운대구 우동 678-45, 3층 301호, 임차인 전희주, 연락처 010-4567-8901.",
            "id": "sample_006_0043_000024",
            "annotations": [
                {
                    "word": "부산광역시 해운대구 우동 678-45, 3층 301호",
                    "start": 15,
                    "end": 44,
                    "label": "개인정보"
                },
                {
                    "word": "부산광역시",
                    "start": 15,
                    "end": 20,
                    "label": "준식별자"
                },
                {
                    "word": "해운대구",
                    "start": 21,
                    "end": 25,
                    "label": "준식별자"
                },
                {
                    "word": "우동",
                    "start": 26,
                    "end": 28,
                    "label": "준식별자"
                },
                {
                    "word": "전희주",
                    "start": 50,
                    "end": 53,
                    "label": "개인정보"
                },
                {
                    "word": "010-4567-8901",
                    "start": 59,
                    "end": 72,
                    "label": "개인정보"
                }
            ]
        },
        {
            "sentence": "서명 및 제출: 본 문서는 자산관리사 문나희가 검토 후 2025-06-15에 서명 및 제출하였음을 확인합니다.",
            "id": "sample_006_0043_000025",
            "annotations": [
                {
                    "word": "문나희",
                    "start": 21,
                    "end": 24,
                    "label": "개인정보"
                },
                {
                    "word": "2025",
                    "start": 31,
                    "end": 35,
                    "label": "준식별자"
                },
                {
                    "word": "06",
                    "start": 36,
                    "end": 38,
                    "label": "준식별자"
                },
                {
                    "word": "15",
                    "start": 39,
                    "end": 41,
                    "label": "준식별자"
                }
            ]
        },
        {
            "sentence": "조치사항: 계좌번호 확인, 임대차 기간 재확인, 내부 결재번호 INT-2025-006 참조 후 보안 등재 조치 바랍니다.",
            "id": "sample_006_0043_000026",
            "annotations": [
                {
                    "word": "INT-2025-006",
                    "start": 35,
                    "end": 47,
                    "label": "기밀정보"
                }
            ]
        }
    ]
}