{
    "document_id": "006_0028",
    "document_title": "부동산 매매·감정평가 및 임대 현황 통합보고서",
    "data": [
        {
            "sentence": "문서 제목: 부동산 매매·감정평가 및 임대 현황 보고서입니다.",
            "id": "sample_006_0028_000001",
            "annotations": []
        },
        {
            "sentence": "본 보고서는 대상 부동산의 권리관계와 거래조건을 종합적으로 기록하기 위해 작성되었습니다.",
            "id": "sample_006_0028_000002",
            "annotations": []
        },
        {
            "sentence": "대상 물건은 서울특별시 서초구 반포동 37-5번지 101동 502호에 위치한 근린주택입니다.",
            "id": "sample_006_0028_000003",
            "annotations": [
                {
                    "word": "서울특별시 서초구 반포동 37-5번지 101동 502호",
                    "start": 7,
                    "end": 37,
                    "label": "개인정보"
                },
                {
                    "word": "서울특별시",
                    "start": 7,
                    "end": 12,
                    "label": "준식별자"
                },
                {
                    "word": "서초구",
                    "start": 13,
                    "end": 16,
                    "label": "준식별자"
                },
                {
                    "word": "반포동",
                    "start": 17,
                    "end": 20,
                    "label": "준식별자"
                }
            ]
        },
        {
            "sentence": "대지면적은 250.00㎡이며 건축연면적은 540.00㎡이고 건축면적은 180.50㎡로 등재되어 있습니다.",
            "id": "sample_006_0028_000004",
            "annotations": []
        },
        {
            "sentence": "등기부등본상 소유자는 황창영으로 등재되어 있으며 소유권 이전 및 근저당권 설정 사항을 확인했습니다.",
            "id": "sample_006_0028_000005",
            "annotations": [
                {
                    "word": "황창영",
                    "start": 12,
                    "end": 15,
                    "label": "개인정보"
                }
            ]
        },
        {
            "sentence": "소유자 연락처는 010-1234-5678이고 이메일은 changyoung.h@example.com로 기록되어 있습니다.",
            "id": "sample_006_0028_000006",
            "annotations": [
                {
                    "word": "010-1234-5678",
                    "start": 9,
                    "end": 22,
                    "label": "개인정보"
                },
                {
                    "word": "changyoung.h@example.com",
                    "start": 30,
                    "end": 54,
                    "label": "개인정보"
                }
            ]
        },
        {
            "sentence": "소유자 주민등록번호는 800101-1234567로 등기자료에 수록되어 있으나 문서 외부유출 금지로 내부적으로만 관리합니다.",
            "id": "sample_006_0028_000007",
            "annotations": [
                {
                    "word": "800101-1234567",
                    "start": 12,
                    "end": 26,
                    "label": "개인정보"
                }
            ]
        },
        {
            "sentence": "매도인(현 소유자): 황창영, 매수인: 이리진으로 매매 계약 당사자가 확정되었습니다.",
            "id": "sample_006_0028_000008",
            "annotations": [
                {
                    "word": "황창영",
                    "start": 12,
                    "end": 15,
                    "label": "개인정보"
                },
                {
                    "word": "이리진",
                    "start": 22,
                    "end": 25,
                    "label": "개인정보"
                }
            ]
        },
        {
            "sentence": "매수인 이리진의 성별은 여이며 생년월일은 1985년 06월 15일로 확인됩니다.",
            "id": "sample_006_0028_000009",
            "annotations": [
                {
                    "word": "여",
                    "start": 13,
                    "end": 14,
                    "label": "준식별자"
                },
                {
                    "word": "1985년",
                    "start": 23,
                    "end": 28,
                    "label": "준식별자"
                },
                {
                    "word": "06월",
                    "start": 29,
                    "end": 32,
                    "label": "준식별자"
                },
                {
                    "word": "15일",
                    "start": 33,
                    "end": 36,
                    "label": "준식별자"
                }
            ]
        },
        {
            "sentence": "매매계약서상 매매대금은 1,200,000,000원이며 계약금은 120,000,000원으로 기재되어 있습니다.",
            "id": "sample_006_0028_000010",
            "annotations": [
                {
                    "word": "1,200,000,000원",
                    "start": 13,
                    "end": 27,
                    "label": "기밀정보"
                },
                {
                    "word": "120,000,000원",
                    "start": 35,
                    "end": 47,
                    "label": "기밀정보"
                }
            ]
        },
        {
            "sentence": "매매대금 예치계좌는 기업은행 123-456-789012이며 예금주는 황창영으로 표기되어 있습니다.",
            "id": "sample_006_0028_000011",
            "annotations": [
                {
                    "word": "123-456-789012",
                    "start": 16,
                    "end": 30,
                    "label": "기밀정보"
                },
                {
                    "word": "황창영",
                    "start": 38,
                    "end": 41,
                    "label": "개인정보"
                }
            ]
        },
        {
            "sentence": "계약일은 2025년 03월 20일이며 잔금 지급기한은 2025년 04월 30일로 합의되었습니다.",
            "id": "sample_006_0028_000012",
            "annotations": [
                {
                    "word": "2025년",
                    "start": 5,
                    "end": 10,
                    "label": "준식별자"
                },
                {
                    "word": "2025년",
                    "start": 30,
                    "end": 35,
                    "label": "준식별자"
                },
                {
                    "word": "03월",
                    "start": 11,
                    "end": 14,
                    "label": "준식별자"
                },
                {
                    "word": "20일",
                    "start": 15,
                    "end": 18,
                    "label": "준식별자"
                },
                {
                    "word": "04월",
                    "start": 36,
                    "end": 39,
                    "label": "준식별자"
                },
                {
                    "word": "30일",
                    "start": 40,
                    "end": 43,
                    "label": "준식별자"
                }
            ]
        },
        {
            "sentence": "등기부등본상 설정된 근저당권은 하나은행이며 설정일은 2023년 09월 01일, 근저당 금액은 300,000,000원입니다.",
            "id": "sample_006_0028_000013",
            "annotations": [
                {
                    "word": "2023년",
                    "start": 29,
                    "end": 34,
                    "label": "준식별자"
                },
                {
                    "word": "09월",
                    "start": 35,
                    "end": 38,
                    "label": "준식별자"
                },
                {
                    "word": "01일",
                    "start": 39,
                    "end": 42,
                    "label": "준식별자"
                },
                {
                    "word": "300,000,000원",
                    "start": 52,
                    "end": 64,
                    "label": "기밀정보"
                }
            ]
        },
        {
            "sentence": "현재 임차인 백한은 2022년 07월 01일에 입주하였으며 보증금 50,000,000원과 월차임 1,800,000원을 임대차계약서에 명시했습니다.",
            "id": "sample_006_0028_000014",
            "annotations": [
                {
                    "word": "백한",
                    "start": 7,
                    "end": 9,
                    "label": "개인정보"
                },
                {
                    "word": "2022년",
                    "start": 11,
                    "end": 16,
                    "label": "준식별자"
                },
                {
                    "word": "07월",
                    "start": 17,
                    "end": 20,
                    "label": "준식별자"
                },
                {
                    "word": "01일",
                    "start": 21,
                    "end": 24,
                    "label": "준식별자"
                },
                {
                    "word": "50,000,000원",
                    "start": 37,
                    "end": 48,
                    "label": "기밀정보"
                },
                {
                    "word": "1,800,000원",
                    "start": 54,
                    "end": 64,
                    "label": "기밀정보"
                }
            ]
        },
        {
            "sentence": "임차인 연락처는 010-9876-5432로 등록되어 있습니다.",
            "id": "sample_006_0028_000015",
            "annotations": [
                {
                    "word": "010-9876-5432",
                    "start": 9,
                    "end": 22,
                    "label": "개인정보"
                }
            ]
        },
        {
            "sentence": "감정평가서는 감정인 조성한이 작성하였고 감정평가액은 1,150,000,000원으로 기재되어 있습니다.",
            "id": "sample_006_0028_000016",
            "annotations": [
                {
                    "word": "조성한",
                    "start": 11,
                    "end": 14,
                    "label": "개인정보"
                },
                {
                    "word": "1,150,000,000원",
                    "start": 29,
                    "end": 43,
                    "label": "기밀정보"
                }
            ]
        },
        {
            "sentence": "감정평가 내부 메모에 따르면 '평가가액은 내부 승인 전까지 외부공개 금지'로 표기되어 있습니다.",
            "id": "sample_006_0028_000017",
            "annotations": [
                {
                    "word": "평가가액은 내부 승인 전까지 외부공개 금지",
                    "start": 17,
                    "end": 40,
                    "label": "기밀정보"
                }
            ]
        },
        {
            "sentence": "관리대장 작성자는 차은빈이며 연락처는 별도 내부 DB에 등록되어 있습니다.",
            "id": "sample_006_0028_000018",
            "annotations": [
                {
                    "word": "차은빈",
                    "start": 10,
                    "end": 13,
                    "label": "개인정보"
                }
            ]
        },
        {
            "sentence": "건물은 지상 3층, 지하 1층 구조이며 각 층의 전유면적은 1층 180.50㎡, 2층 180.50㎡, 3층 179.00㎡로 기재되어 있습니다.",
            "id": "sample_006_0028_000019",
            "annotations": []
        },
        {
            "sentence": "내부 결재선은 자산관리본부장 → 법무팀장 → 대표이사 순이며 해당 결재선은 외부공개 불가한 내부정보입니다.",
            "id": "sample_006_0028_000020",
            "annotations": [
                {
                    "word": "자산관리본부장 → 법무팀장 → 대표이사",
                    "start": 8,
                    "end": 29,
                    "label": "기밀정보"
                }
            ]
        },
        {
            "sentence": "매매대금 예치 및 잔금 이체를 위한 에스크로 계좌 정보는 우리은행 321-654-987012로 지정되어 있습니다.",
            "id": "sample_006_0028_000021",
            "annotations": [
                {
                    "word": "321-654-987012",
                    "start": 37,
                    "end": 51,
                    "label": "기밀정보"
                }
            ]
        },
        {
            "sentence": "최근 실시한 보수이력으로 2024년 외벽 보수비용 35,000,000원이 집행되어 있습니다.",
            "id": "sample_006_0028_000022",
            "annotations": [
                {
                    "word": "2024년",
                    "start": 14,
                    "end": 19,
                    "label": "준식별자"
                },
                {
                    "word": "35,000,000원",
                    "start": 28,
                    "end": 39,
                    "label": "기밀정보"
                }
            ]
        },
        {
            "sentence": "서명란에는 매도인 황창영, 매수인 이리진의 서명이 첨부되었으며 서명 일자는 계약일과 동일합니다.",
            "id": "sample_006_0028_000023",
            "annotations": [
                {
                    "word": "황창영",
                    "start": 10,
                    "end": 13,
                    "label": "개인정보"
                },
                {
                    "word": "이리진",
                    "start": 19,
                    "end": 22,
                    "label": "개인정보"
                }
            ]
        },
        {
            "sentence": "관리담당자 신재관의 비상연락처는 010-2222-3333로 등재되어 있습니다.",
            "id": "sample_006_0028_000024",
            "annotations": [
                {
                    "word": "신재관",
                    "start": 6,
                    "end": 9,
                    "label": "개인정보"
                },
                {
                    "word": "010-2222-3333",
                    "start": 18,
                    "end": 31,
                    "label": "개인정보"
                }
            ]
        },
        {
            "sentence": "미공개 임차인 명단 및 세입자별 임대료 납부내역은 기밀 문서로 분류하여 내부에서만 관리합니다.",
            "id": "sample_006_0028_000025",
            "annotations": [
                {
                    "word": "미공개 임차인 명단",
                    "start": 0,
                    "end": 10,
                    "label": "기밀정보"
                },
                {
                    "word": "임대료 납부내역",
                    "start": 18,
                    "end": 26,
                    "label": "기밀정보"
                }
            ]
        },
        {
            "sentence": "등기 이전 비용 및 제세공과금의 구체적 계산서는 매수인 부담으로 협의되었으며 세부내역은 별도 첨부문서로 내부 보관합니다.",
            "id": "sample_006_0028_000026",
            "annotations": []
        },
        {
            "sentence": "문서 작성일은 2025년 03월 15일이며 작성자는 백홍석으로 명기되어 있습니다.",
            "id": "sample_006_0028_000027",
            "annotations": [
                {
                    "word": "2025년",
                    "start": 8,
                    "end": 13,
                    "label": "준식별자"
                },
                {
                    "word": "03월",
                    "start": 14,
                    "end": 17,
                    "label": "준식별자"
                },
                {
                    "word": "15일",
                    "start": 18,
                    "end": 21,
                    "label": "준식별자"
                },
                {
                    "word": "백홍석",
                    "start": 29,
                    "end": 32,
                    "label": "개인정보"
                }
            ]
        },
        {
            "sentence": "추후 조치로 등기이전, 세금 신고, 보수공사 견적서 확인을 완료하도록 담당자 배정 및 일정관리 안을 제출합니다.",
            "id": "sample_006_0028_000028",
            "annotations": []
        }
    ]
}