{
    "document_id": "006_0072",
    "document_title": "부동산 매매·감정·임대 통합보고서",
    "data": [
        {
            "sentence": "본 문서는 매매 계약서, 감정평가서 및 임대 내역을 통합하여 권리관계와 거래실체를 분석한 부동산 거래 기록입니다.",
            "id": "sample_006_0072_000001",
            "annotations": []
        },
        {
            "sentence": "보고서는 서면 계약 원본과 전자파일을 기준으로 작성되었으며, 등기부등본 및 현장조사를 병행하여 검증하였습니다.",
            "id": "sample_006_0072_000002",
            "annotations": []
        },
        {
            "sentence": "작성일자: 2025년 03월 15일.",
            "id": "sample_006_0072_000003",
            "annotations": [
                {
                    "word": "2025년 03월 15일",
                    "start": 6,
                    "end": 19,
                    "label": "준식별자"
                }
            ]
        },
        {
            "sentence": "대상 부동산 소재지: 서울특별시 강남구 테헤란로 152, 14층 1403호.",
            "id": "sample_006_0072_000004",
            "annotations": [
                {
                    "word": "서울특별시 강남구 테헤란로 152, 14층 1403호",
                    "start": 12,
                    "end": 41,
                    "label": "개인정보"
                }
            ]
        },
        {
            "sentence": "지목은 근린상가이며 전용면적은 84.95㎡, 공급면적은 101.20㎡로 등기 및 평면도 기준으로 표기하였습니다.",
            "id": "sample_006_0072_000005",
            "annotations": []
        },
        {
            "sentence": "등기부등본상 등록된 소유자 명칭은 오차연으로 등기부 원문을 기준으로 확인하였습니다.",
            "id": "sample_006_0072_000006",
            "annotations": [
                {
                    "word": "오차연",
                    "start": 19,
                    "end": 22,
                    "label": "개인정보"
                }
            ]
        },
        {
            "sentence": "매도인(현 소유자): 류희윤, 연락처: 010-1234-5678.",
            "id": "sample_006_0072_000007",
            "annotations": [
                {
                    "word": "류희윤",
                    "start": 12,
                    "end": 15,
                    "label": "개인정보"
                },
                {
                    "word": "010-1234-5678",
                    "start": 22,
                    "end": 35,
                    "label": "개인정보"
                }
            ]
        },
        {
            "sentence": "매수인: 한예린, 매매대금 지급계좌: 123-456-789012 (국민은행)에 선적립 조건으로 합의하였습니다.",
            "id": "sample_006_0072_000008",
            "annotations": [
                {
                    "word": "한예린",
                    "start": 5,
                    "end": 8,
                    "label": "개인정보"
                },
                {
                    "word": "123-456-789012",
                    "start": 21,
                    "end": 35,
                    "label": "기밀정보"
                }
            ]
        },
        {
            "sentence": "중개업소: 주식회사 한빛부동산, 중개인 담당자명은 김희지이며 중개계약서에 서명되어 있습니다.",
            "id": "sample_006_0072_000009",
            "annotations": [
                {
                    "word": "주식회사 한빛부동산",
                    "start": 6,
                    "end": 16,
                    "label": "준식별자"
                },
                {
                    "word": "김희지",
                    "start": 28,
                    "end": 31,
                    "label": "개인정보"
                }
            ]
        },
        {
            "sentence": "임대차 현황 요약: 현재 3개 호실이 임대되어 있으며 주요 임차인은 해당 사업자들과 계약을 체결한 상태입니다.",
            "id": "sample_006_0072_000010",
            "annotations": []
        },
        {
            "sentence": "임대차 계약서 발효일: 2024년 09월 01일로 임대기간과 보증금 조건이 명시되어 있습니다.",
            "id": "sample_006_0072_000011",
            "annotations": [
                {
                    "word": "2024년 09월 01일",
                    "start": 13,
                    "end": 26,
                    "label": "준식별자"
                }
            ]
        },
        {
            "sentence": "임대면적 합계는 254.85㎡이며, 각 호실은 84.95㎡씩 세 등분으로 분할되어 운영 중입니다.",
            "id": "sample_006_0072_000012",
            "annotations": []
        },
        {
            "sentence": "보증금 총액은 300,000,000원이고 월임대료 합계는 9,500,000원이며 임대차 계약서에 기재된 금액을 기준으로 명시합니다.",
            "id": "sample_006_0072_000013",
            "annotations": [
                {
                    "word": "300,000,000원",
                    "start": 8,
                    "end": 20,
                    "label": "기밀정보"
                },
                {
                    "word": "9,500,000원",
                    "start": 32,
                    "end": 42,
                    "label": "기밀정보"
                }
            ]
        },
        {
            "sentence": "감정평가 요약: 2025년 02월 28일자 감정평가액은 1,200,000,000원으로 산정되어 감정서에 근거를 첨부합니다.",
            "id": "sample_006_0072_000014",
            "annotations": [
                {
                    "word": "2025년 02월 28일",
                    "start": 9,
                    "end": 22,
                    "label": "준식별자"
                },
                {
                    "word": "1,200,000,000원",
                    "start": 31,
                    "end": 45,
                    "label": "기밀정보"
                }
            ]
        },
        {
            "sentence": "감정평가사: 진조안, 감정서 파일경로: \\\\internal\\assets\\valuation\\006_0072\\20250228_감정서.pdf.",
            "id": "sample_006_0072_000015",
            "annotations": [
                {
                    "word": "진조안",
                    "start": 7,
                    "end": 10,
                    "label": "개인정보"
                },
                {
                    "word": "\\\\internal\\assets\\valuation\\006_0072\\20250228_감정서.pdf",
                    "start": 22,
                    "end": 75,
                    "label": "기밀정보"
                }
            ]
        },
        {
            "sentence": "권리관계 요약: 을구에는 2019-03-12에 설정된 근저당권이 존재하며 채권최고액은 500,000,000원으로 등재되어 있습니다.",
            "id": "sample_006_0072_000016",
            "annotations": [
                {
                    "word": "2019-03-12",
                    "start": 14,
                    "end": 24,
                    "label": "준식별자"
                },
                {
                    "word": "500,000,000원",
                    "start": 48,
                    "end": 60,
                    "label": "기밀정보"
                }
            ]
        },
        {
            "sentence": "등기사항 검토 결과 소유권 이전등기는 별도 합의에 따라 2025년 04월 10일 이후 추진하기로 기재되어 있습니다.",
            "id": "sample_006_0072_000017",
            "annotations": [
                {
                    "word": "2025년 04월 10일",
                    "start": 31,
                    "end": 44,
                    "label": "준식별자"
                }
            ]
        },
        {
            "sentence": "특약사항으로 매도인은 매매대금 지급 완료 후 30일 이내에 소유권 인도를 완료해야 한다는 조건을 명시하였습니다.",
            "id": "sample_006_0072_000018",
            "annotations": []
        },
        {
            "sentence": "현장조사 소견에는 외벽 일부 보수 필요, 설비 점검 권고 및 관리비 내역 별첨 참조라고 기재되어 있습니다.",
            "id": "sample_006_0072_000019",
            "annotations": []
        },
        {
            "sentence": "임차인 상세: 임차인 회사명 '에이치솔루션', 대표자명 황우빈, 연락처 02-987-6543로 임대차계약서에 명기되어 있습니다.",
            "id": "sample_006_0072_000020",
            "annotations": [
                {
                    "word": "에이치솔루션",
                    "start": 17,
                    "end": 23,
                    "label": "준식별자"
                },
                {
                    "word": "황우빈",
                    "start": 31,
                    "end": 34,
                    "label": "개인정보"
                },
                {
                    "word": "02-987-6543",
                    "start": 40,
                    "end": 51,
                    "label": "개인정보"
                }
            ]
        },
        {
            "sentence": "임차인 사업자등록번호: 123-45-67890 (임차인 에이치솔루션)으로 사업자등록증 사본을 첨부하였습니다.",
            "id": "sample_006_0072_000021",
            "annotations": [
                {
                    "word": "123-45-67890",
                    "start": 13,
                    "end": 25,
                    "label": "기밀정보"
                }
            ]
        },
        {
            "sentence": "계약상 주요 연락담당자: 안민겸(매도인 측), 연락처: 010-8765-4321, 이메일: amg@example.com.",
            "id": "sample_006_0072_000022",
            "annotations": [
                {
                    "word": "안민겸",
                    "start": 14,
                    "end": 17,
                    "label": "개인정보"
                },
                {
                    "word": "010-8765-4321",
                    "start": 31,
                    "end": 44,
                    "label": "개인정보"
                },
                {
                    "word": "amg@example.com",
                    "start": 51,
                    "end": 66,
                    "label": "개인정보"
                }
            ]
        },
        {
            "sentence": "내부 결재선으로 자산관리팀장 문지운 결재가 필요하며 관련 내부 메모가 등본과 함께 보관되어 있습니다.",
            "id": "sample_006_0072_000023",
            "annotations": [
                {
                    "word": "문지운",
                    "start": 16,
                    "end": 19,
                    "label": "개인정보"
                }
            ]
        },
        {
            "sentence": "임대료 연체 기록: 호실 1403호의 월임대료 3개월분 연체가 발생하여 연체내역을 별도 통지하였습니다.",
            "id": "sample_006_0072_000024",
            "annotations": [
                {
                    "word": "1403호",
                    "start": 14,
                    "end": 19,
                    "label": "개인정보"
                }
            ]
        },
        {
            "sentence": "연락처 및 서류 제출처: 서울특별시 강남구 역삼로 180, 7층 (우편번호 06236)로 우편 및 방문 제출이 가능합니다.",
            "id": "sample_006_0072_000025",
            "annotations": [
                {
                    "word": "서울특별시 강남구 역삼로 180, 7층 (우편번호 06236)",
                    "start": 14,
                    "end": 48,
                    "label": "개인정보"
                }
            ]
        },
        {
            "sentence": "권리분석 의견: 선순위 근저당권의 우선순위는 2019-03-12 설정된 채권자가 우선함을 확인하였습니다.",
            "id": "sample_006_0072_000026",
            "annotations": []
        },
        {
            "sentence": "향후 조치사항으로 등기이전을 위한 필요서류 목록과 제출기한을 매도인 및 매수인에게 별도 통지할 예정입니다.",
            "id": "sample_006_0072_000027",
            "annotations": []
        },
        {
            "sentence": "첨부파일 목록에는 1) 매매계약서 초안 2) 감정평가서 3) 임대차 계약서 원본이 포함되어 있습니다.",
            "id": "sample_006_0072_000028",
            "annotations": []
        },
        {
            "sentence": "문서 관리용 내부 ID는 VAL_006_0072_20250315로 기록되어 있으며 접근제한 설정이 적용되어 있습니다.",
            "id": "sample_006_0072_000029",
            "annotations": [
                {
                    "word": "VAL_006_0072_20250315",
                    "start": 14,
                    "end": 35,
                    "label": "기밀정보"
                }
            ]
        },
        {
            "sentence": "최종 작성자 및 검토자: 작성자 조태랑, 검토자 류진겸, 승인자 안민겸으로 문서 말미에 서명란이 배치되어 있습니다.",
            "id": "sample_006_0072_000030",
            "annotations": [
                {
                    "word": "조태랑",
                    "start": 18,
                    "end": 21,
                    "label": "개인정보"
                },
                {
                    "word": "류진겸",
                    "start": 27,
                    "end": 30,
                    "label": "개인정보"
                },
                {
                    "word": "안민겸",
                    "start": 36,
                    "end": 39,
                    "label": "개인정보"
                }
            ]
        }
    ]
}