{
    "document_id": "006_0096",
    "document_title": "상업용 건물 매매·감정평가 및 자산관리 종합보고서",
    "data": [
        {
            "sentence": "문서 개요: 본 보고서는 상업용 건물의 매매, 감정평가 및 임대 현황을 종합적으로 정리한 부동산 자산관리 보고서입니다.",
            "id": "sample_006_0096_000001",
            "annotations": []
        },
        {
            "sentence": "목적: 본 문서는 권리관계 정리, 세부 매매조건 확정 및 향후 관리방안을 제시하기 위해 작성되었습니다.",
            "id": "sample_006_0096_000002",
            "annotations": []
        },
        {
            "sentence": "매도인(갑): 류태연, 주소: 서울특별시 강남구 테헤란로 123, 10층 1001호, 연락처: 010-1234-5678, 주민등록번호: 800101-1234567.",
            "id": "sample_006_0096_000003",
            "annotations": [
                {
                    "word": "류태연",
                    "start": 8,
                    "end": 11,
                    "label": "개인정보"
                },
                {
                    "word": "서울특별시 강남구 테헤란로 123, 10층 1001호",
                    "start": 17,
                    "end": 46,
                    "label": "개인정보"
                },
                {
                    "word": "010-1234-5678",
                    "start": 53,
                    "end": 66,
                    "label": "개인정보"
                },
                {
                    "word": "800101-1234567",
                    "start": 76,
                    "end": 90,
                    "label": "개인정보"
                },
                {
                    "word": "서울특별시",
                    "start": 17,
                    "end": 22,
                    "label": "준식별자"
                },
                {
                    "word": "강남구",
                    "start": 23,
                    "end": 26,
                    "label": "준식별자"
                }
            ]
        },
        {
            "sentence": "매수인(을): 우아율, 주소: 경기도 성남시 분당구 판교역로 200, 8층 801호, 연락처: 010-9876-5432, 이메일: uayool@example.com, 생년월일: 1990-07-15.",
            "id": "sample_006_0096_000004",
            "annotations": [
                {
                    "word": "우아율",
                    "start": 8,
                    "end": 11,
                    "label": "개인정보"
                },
                {
                    "word": "경기도 성남시 분당구 판교역로 200, 8층 801호",
                    "start": 17,
                    "end": 46,
                    "label": "개인정보"
                },
                {
                    "word": "010-9876-5432",
                    "start": 53,
                    "end": 66,
                    "label": "개인정보"
                },
                {
                    "word": "uayool@example.com",
                    "start": 73,
                    "end": 91,
                    "label": "개인정보"
                },
                {
                    "word": "1990-07-15",
                    "start": 99,
                    "end": 109,
                    "label": "준식별자"
                },
                {
                    "word": "경기도",
                    "start": 17,
                    "end": 20,
                    "label": "준식별자"
                },
                {
                    "word": "성남시",
                    "start": 21,
                    "end": 24,
                    "label": "준식별자"
                },
                {
                    "word": "분당구",
                    "start": 25,
                    "end": 28,
                    "label": "준식별자"
                }
            ]
        },
        {
            "sentence": "부동산 소재지(등기 기준): 서울특별시 강남구 삼성로 45, 지번 32-1, 건물 3층 전부, 토지면적: 256.50㎡, 건물연면적: 1,200.75㎡.",
            "id": "sample_006_0096_000005",
            "annotations": [
                {
                    "word": "서울특별시 강남구 삼성로 45, 지번 32-1",
                    "start": 16,
                    "end": 41,
                    "label": "준식별자"
                },
                {
                    "word": "서울특별시",
                    "start": 16,
                    "end": 21,
                    "label": "준식별자"
                },
                {
                    "word": "강남구",
                    "start": 22,
                    "end": 25,
                    "label": "준식별자"
                }
            ]
        },
        {
            "sentence": "등기권리자: 진근찬(소유권 등기), 등기번호 및 등기일 등 주요 등기사항은 본문 후단의 등기부 첨부자료를 참고하시기 바랍니다.",
            "id": "sample_006_0096_000006",
            "annotations": [
                {
                    "word": "진근찬",
                    "start": 7,
                    "end": 10,
                    "label": "개인정보"
                }
            ]
        },
        {
            "sentence": "을구: 근저당권 설정, 근저당권자: 국민은행, 설정금액: 500,000,000원, 관련 계좌번호: 110-223-334455.",
            "id": "sample_006_0096_000007",
            "annotations": [
                {
                    "word": "110-223-334455",
                    "start": 55,
                    "end": 69,
                    "label": "기밀정보"
                }
            ]
        },
        {
            "sentence": "감정평가 개요: 감정평가사 진근찬, 소속기관: 대한감정원, 감정가액: 1,200,000,000원, 평가일: 2025-05-10.",
            "id": "sample_006_0096_000008",
            "annotations": [
                {
                    "word": "진근찬",
                    "start": 15,
                    "end": 18,
                    "label": "개인정보"
                },
                {
                    "word": "2025-05-10",
                    "start": 60,
                    "end": 70,
                    "label": "준식별자"
                }
            ]
        },
        {
            "sentence": "임대현황 요약: 임차인 이율건, 계약기간: 2024-01-01부터 2026-12-31까지, 보증금 200,000,000원, 월임대료 4,500,000원.",
            "id": "sample_006_0096_000009",
            "annotations": [
                {
                    "word": "이율건",
                    "start": 13,
                    "end": 16,
                    "label": "개인정보"
                },
                {
                    "word": "2024-01-01",
                    "start": 24,
                    "end": 34,
                    "label": "준식별자"
                },
                {
                    "word": "2026-12-31",
                    "start": 37,
                    "end": 47,
                    "label": "준식별자"
                }
            ]
        },
        {
            "sentence": "임차인 연락처: 010-2222-3333, 임차인 이메일: leeyg@tenantmail.com.",
            "id": "sample_006_0096_000010",
            "annotations": [
                {
                    "word": "010-2222-3333",
                    "start": 9,
                    "end": 22,
                    "label": "개인정보"
                },
                {
                    "word": "leeyg@tenantmail.com",
                    "start": 33,
                    "end": 53,
                    "label": "개인정보"
                }
            ]
        },
        {
            "sentence": "관리비 및 공과금 납부계좌: 관리사무소 계좌 222-444-556677로 납부하도록 명시되어 있으며 계좌정보는 외부공개 금지입니다.",
            "id": "sample_006_0096_000011",
            "annotations": [
                {
                    "word": "222-444-556677",
                    "start": 25,
                    "end": 39,
                    "label": "기밀정보"
                }
            ]
        },
        {
            "sentence": "내부 결재선(비공개): 팀장 강태석 결재 완료, 담당자: 한병주, 승인일: 2025-05-15.",
            "id": "sample_006_0096_000012",
            "annotations": [
                {
                    "word": "강태석",
                    "start": 16,
                    "end": 19,
                    "label": "개인정보"
                },
                {
                    "word": "한병주",
                    "start": 32,
                    "end": 35,
                    "label": "개인정보"
                },
                {
                    "word": "2025-05-15",
                    "start": 42,
                    "end": 52,
                    "label": "준식별자"
                },
                {
                    "word": "내부 결재선(비공개)",
                    "start": 0,
                    "end": 11,
                    "label": "기밀정보"
                }
            ]
        },
        {
            "sentence": "계약금 및 잔금지급 조건: 계약금 10% 선납, 잔금은 등기 이전 완료 후 30일 이내에 지급합니다.",
            "id": "sample_006_0096_000013",
            "annotations": []
        },
        {
            "sentence": "계약금 송금계좌: 매수인 지정 계좌 333-666-778899, 거래은행: 산업은행.",
            "id": "sample_006_0096_000014",
            "annotations": [
                {
                    "word": "333-666-778899",
                    "start": 20,
                    "end": 34,
                    "label": "기밀정보"
                }
            ]
        },
        {
            "sentence": "건물 주요 설비 및 면적: A동 사무실 1층 320.00㎡, B동 창고 150.50㎡, 옥상 기계실 30.25㎡ 포함.",
            "id": "sample_006_0096_000015",
            "annotations": []
        },
        {
            "sentence": "유지보수 이력에 따르면 2023년 보일러 교체, 2024년 승강기 정밀점검이 완료되었고, 시공업체 담당자: 한병주.",
            "id": "sample_006_0096_000016",
            "annotations": [
                {
                    "word": "한병주",
                    "start": 60,
                    "end": 63,
                    "label": "개인정보"
                }
            ]
        },
        {
            "sentence": "권리분석 요약: 근저당권(설정일 2018-09-21) 우선, 이후 임대차는 순차적 권리관계를 가지는 것으로 판단됩니다.",
            "id": "sample_006_0096_000017",
            "annotations": [
                {
                    "word": "2018-09-21",
                    "start": 18,
                    "end": 28,
                    "label": "준식별자"
                }
            ]
        },
        {
            "sentence": "세금 및 부대비용 부담: 취득세, 등록세 및 중개수수료는 매수인 부담으로 계약서 제8조에 명시되어 있습니다.",
            "id": "sample_006_0096_000018",
            "annotations": []
        },
        {
            "sentence": "리스크: 근저당권 설정으로 인한 경매 가능성 및 임대차 보호법상 우선변제권 발생 가능성을 주의하여야 합니다.",
            "id": "sample_006_0096_000019",
            "annotations": []
        },
        {
            "sentence": "권리 이전 절차 일정: 잔금지급 및 소유권 이전 등기 신청 예정일은 2025-06-30으로 계획되어 있습니다.",
            "id": "sample_006_0096_000020",
            "annotations": [
                {
                    "word": "2025-06-30",
                    "start": 38,
                    "end": 48,
                    "label": "준식별자"
                }
            ]
        },
        {
            "sentence": "부록1: 매매계약서 사본 포함, 계약서 서명자: 매도인 류태연, 매수인 우아율, 서명일 2025-05-20.",
            "id": "sample_006_0096_000021",
            "annotations": [
                {
                    "word": "류태연",
                    "start": 31,
                    "end": 34,
                    "label": "개인정보"
                },
                {
                    "word": "우아율",
                    "start": 40,
                    "end": 43,
                    "label": "개인정보"
                },
                {
                    "word": "2025-05-20",
                    "start": 49,
                    "end": 59,
                    "label": "준식별자"
                }
            ]
        },
        {
            "sentence": "부록2: 임대차계약서 및 보증보험증권 사본 첨부, 보증보험 계약번호 908-77-001122.",
            "id": "sample_006_0096_000022",
            "annotations": [
                {
                    "word": "908-77-001122",
                    "start": 38,
                    "end": 51,
                    "label": "기밀정보"
                }
            ]
        },
        {
            "sentence": "담당 연락처 및 업무분장: 자산관리팀장 성시하, 내선 02-555-0101, 이메일: ssiha@assetmgmt.co.kr.",
            "id": "sample_006_0096_000023",
            "annotations": [
                {
                    "word": "성시하",
                    "start": 22,
                    "end": 25,
                    "label": "개인정보"
                },
                {
                    "word": "02-555-0101",
                    "start": 30,
                    "end": 41,
                    "label": "개인정보"
                },
                {
                    "word": "ssiha@assetmgmt.co.kr",
                    "start": 48,
                    "end": 69,
                    "label": "개인정보"
                }
            ]
        },
        {
            "sentence": "보고서 작성 및 검토이력: 작성 진근찬, 검토 한병주, 최종승인 강태석.",
            "id": "sample_006_0096_000024",
            "annotations": [
                {
                    "word": "진근찬",
                    "start": 18,
                    "end": 21,
                    "label": "개인정보"
                },
                {
                    "word": "한병주",
                    "start": 26,
                    "end": 29,
                    "label": "개인정보"
                },
                {
                    "word": "강태석",
                    "start": 36,
                    "end": 39,
                    "label": "개인정보"
                }
            ]
        },
        {
            "sentence": "파일 식별자 및 저장경로(내부 전용): /srv/files/asset/006_0096, 파일버전 v1.2, 접근권한은 자산관리팀으로 제한됩니다.",
            "id": "sample_006_0096_000025",
            "annotations": [
                {
                    "word": "/srv/files/asset/006_0096",
                    "start": 22,
                    "end": 47,
                    "label": "기밀정보"
                }
            ]
        },
        {
            "sentence": "권장조치: 근저당 해제 협의 및 잔금 지급 전 계좌 확인 절차 강화, 관리비 자동이체 정보는 별도 안전서버에 이관 권고합니다.",
            "id": "sample_006_0096_000026",
            "annotations": []
        },
        {
            "sentence": "후속 일정: 등기소 제출서류 준비 완료 후 14일 이내에 등기소 방문 및 접수 예정입니다.",
            "id": "sample_006_0096_000027",
            "annotations": []
        },
        {
            "sentence": "추가 검토사항: 임차인 이율건의 갱신 의사 확인 및 임대료 조정 가능성에 대한 세부 협의가 필요합니다.",
            "id": "sample_006_0096_000028",
            "annotations": [
                {
                    "word": "이율건",
                    "start": 13,
                    "end": 16,
                    "label": "개인정보"
                }
            ]
        },
        {
            "sentence": "기밀 유지: 본 문서의 일부 항목은 기밀정보로 분류되어 외부 유출 시 법적 책임이 발생할 수 있습니다.",
            "id": "sample_006_0096_000029",
            "annotations": []
        },
        {
            "sentence": "결론 및 요청사항: 관련 부서에서는 본 보고서의 권장조치를 이행하고 모든 송금은 지정계좌 및 내부 결재를 거치도록 요청합니다.",
            "id": "sample_006_0096_000030",
            "annotations": []
        }
    ]
}