{
    "document_id": "006_0094",
    "document_title": "부동산 매매·감정·임대 종합보고서(강남구 역삼동 상업용 건물)",
    "data": [
        {
            "sentence": "본 문서는 서울특별시 강남구 역삼동 소재 상업용 건물의 매매·감정·임대 내역을 종합 정리한 보고서입니다.",
            "id": "sample_006_0094_000001",
            "annotations": [
                {
                    "word": "서울특별시",
                    "start": 6,
                    "end": 11,
                    "label": "준식별자"
                },
                {
                    "word": "강남구",
                    "start": 12,
                    "end": 15,
                    "label": "준식별자"
                },
                {
                    "word": "역삼동",
                    "start": 16,
                    "end": 19,
                    "label": "준식별자"
                }
            ]
        },
        {
            "sentence": "대상 부동산 주소: 서울특별시 강남구 역삼동 123-45, 101동 502호.",
            "id": "sample_006_0094_000002",
            "annotations": [
                {
                    "word": "서울특별시 강남구 역삼동 123-45, 101동 502호",
                    "start": 11,
                    "end": 42,
                    "label": "개인정보"
                },
                {
                    "word": "서울특별시",
                    "start": 11,
                    "end": 16,
                    "label": "준식별자"
                },
                {
                    "word": "강남구",
                    "start": 17,
                    "end": 20,
                    "label": "준식별자"
                },
                {
                    "word": "역삼동",
                    "start": 21,
                    "end": 24,
                    "label": "준식별자"
                }
            ]
        },
        {
            "sentence": "토지 면적(대지권): 245.67㎡, 건물 연면적(등기표기): 1,350.45㎡입니다.",
            "id": "sample_006_0094_000003",
            "annotations": []
        },
        {
            "sentence": "매도인(등기상 소유자): 윤윤검, 주민등록번호 790101-1234567, 연락처 010-1234-5678.",
            "id": "sample_006_0094_000004",
            "annotations": [
                {
                    "word": "윤윤검",
                    "start": 14,
                    "end": 17,
                    "label": "개인정보"
                },
                {
                    "word": "790101-1234567",
                    "start": 26,
                    "end": 40,
                    "label": "개인정보"
                },
                {
                    "word": "010-1234-5678",
                    "start": 46,
                    "end": 59,
                    "label": "개인정보"
                }
            ]
        },
        {
            "sentence": "매수인: 허래온, 생년월일 1985년 07월 15일, 연락처 010-9876-5432, 이메일 hrao85@example.com.",
            "id": "sample_006_0094_000005",
            "annotations": [
                {
                    "word": "허래온",
                    "start": 5,
                    "end": 8,
                    "label": "개인정보"
                },
                {
                    "word": "1985년",
                    "start": 15,
                    "end": 20,
                    "label": "준식별자"
                },
                {
                    "word": "07월",
                    "start": 21,
                    "end": 24,
                    "label": "준식별자"
                },
                {
                    "word": "15일",
                    "start": 25,
                    "end": 28,
                    "label": "준식별자"
                },
                {
                    "word": "010-9876-5432",
                    "start": 34,
                    "end": 47,
                    "label": "개인정보"
                },
                {
                    "word": "hrao85@example.com",
                    "start": 53,
                    "end": 71,
                    "label": "개인정보"
                }
            ]
        },
        {
            "sentence": "매매계약 체결일은 2024년 06월 30일이며 계약 조건은 본 문서에 명시합니다.",
            "id": "sample_006_0094_000006",
            "annotations": [
                {
                    "word": "2024년",
                    "start": 10,
                    "end": 15,
                    "label": "준식별자"
                },
                {
                    "word": "06월",
                    "start": 16,
                    "end": 19,
                    "label": "준식별자"
                },
                {
                    "word": "30일",
                    "start": 20,
                    "end": 23,
                    "label": "준식별자"
                }
            ]
        },
        {
            "sentence": "매매대금 총액은 15,000,000,000원으로 내부 협의사항으로 비공개를 전제로 합니다.",
            "id": "sample_006_0094_000007",
            "annotations": [
                {
                    "word": "15,000,000,000원",
                    "start": 9,
                    "end": 24,
                    "label": "기밀정보"
                }
            ]
        },
        {
            "sentence": "지급 조건은 계약금 10%, 중도금 40%, 잔금 50%로 합의하였으며 세부 일정은 별도 합의합니다.",
            "id": "sample_006_0094_000008",
            "annotations": []
        },
        {
            "sentence": "지급 계좌(매도인): 국민은행 123-456-789012, 예금주 윤윤검.",
            "id": "sample_006_0094_000009",
            "annotations": [
                {
                    "word": "국민은행 123-456-789012",
                    "start": 12,
                    "end": 31,
                    "label": "기밀정보"
                },
                {
                    "word": "예금주 윤윤검",
                    "start": 33,
                    "end": 40,
                    "label": "개인정보"
                }
            ]
        },
        {
            "sentence": "등기부등본상 소유자 표시는 윤윤검(소유지분 100%)로 등재되어 있습니다.",
            "id": "sample_006_0094_000010",
            "annotations": [
                {
                    "word": "윤윤검",
                    "start": 15,
                    "end": 18,
                    "label": "개인정보"
                }
            ]
        },
        {
            "sentence": "등기사항으로 근저당권 설정일은 2020년 03월 10일이며 채권최고액은 5,000,000,000원입니다.",
            "id": "sample_006_0094_000011",
            "annotations": [
                {
                    "word": "2020년",
                    "start": 17,
                    "end": 22,
                    "label": "준식별자"
                },
                {
                    "word": "03월",
                    "start": 23,
                    "end": 26,
                    "label": "준식별자"
                },
                {
                    "word": "10일",
                    "start": 27,
                    "end": 30,
                    "label": "준식별자"
                },
                {
                    "word": "5,000,000,000원",
                    "start": 40,
                    "end": 54,
                    "label": "기밀정보"
                }
            ]
        },
        {
            "sentence": "현재 등기·권리관계에 따른 제한사항과 가처분 등 별도 확인 내역을 첨부하였습니다.",
            "id": "sample_006_0094_000012",
            "annotations": []
        },
        {
            "sentence": "임대차 내역 요약: 현재 3개 호실이 임대 중이며 전체 연면적의 약 40%가 임대 상태입니다.",
            "id": "sample_006_0094_000013",
            "annotations": []
        },
        {
            "sentence": "임차인 A: 주세하, 임대차 시작일 2023년 09월 01일, 보증금 300,000,000원, 월세 5,000,000원.",
            "id": "sample_006_0094_000014",
            "annotations": [
                {
                    "word": "주세하",
                    "start": 7,
                    "end": 10,
                    "label": "개인정보"
                },
                {
                    "word": "2023년",
                    "start": 20,
                    "end": 25,
                    "label": "준식별자"
                },
                {
                    "word": "09월",
                    "start": 26,
                    "end": 29,
                    "label": "준식별자"
                },
                {
                    "word": "01일",
                    "start": 30,
                    "end": 33,
                    "label": "준식별자"
                },
                {
                    "word": "300,000,000원",
                    "start": 39,
                    "end": 51,
                    "label": "기밀정보"
                },
                {
                    "word": "5,000,000원",
                    "start": 56,
                    "end": 66,
                    "label": "기밀정보"
                }
            ]
        },
        {
            "sentence": "임차인 B: 전유빈, 임대차 시작일 2022년 04월 15일, 종료일 2025년 04월 14일, 보증금 200,000,000원.",
            "id": "sample_006_0094_000015",
            "annotations": [
                {
                    "word": "전유빈",
                    "start": 7,
                    "end": 10,
                    "label": "개인정보"
                },
                {
                    "word": "2022년",
                    "start": 20,
                    "end": 25,
                    "label": "준식별자"
                },
                {
                    "word": "04월",
                    "start": 26,
                    "end": 29,
                    "label": "준식별자"
                },
                {
                    "word": "04월",
                    "start": 45,
                    "end": 48,
                    "label": "준식별자"
                },
                {
                    "word": "15일",
                    "start": 30,
                    "end": 33,
                    "label": "준식별자"
                },
                {
                    "word": "2025년",
                    "start": 39,
                    "end": 44,
                    "label": "준식별자"
                },
                {
                    "word": "14일",
                    "start": 49,
                    "end": 52,
                    "label": "준식별자"
                },
                {
                    "word": "200,000,000원",
                    "start": 58,
                    "end": 70,
                    "label": "기밀정보"
                }
            ]
        },
        {
            "sentence": "보증금 관리계좌: 하나은행 210-9876-543210, 관리담당자 배종성.",
            "id": "sample_006_0094_000016",
            "annotations": [
                {
                    "word": "하나은행 210-9876-543210",
                    "start": 10,
                    "end": 30,
                    "label": "기밀정보"
                },
                {
                    "word": "배종성",
                    "start": 38,
                    "end": 41,
                    "label": "개인정보"
                }
            ]
        },
        {
            "sentence": "감정평가서 요약: 감정일 2024년 06월 15일, 감정평가액 14,500,000,000원, 감정인 전강훈.",
            "id": "sample_006_0094_000017",
            "annotations": [
                {
                    "word": "2024년",
                    "start": 14,
                    "end": 19,
                    "label": "준식별자"
                },
                {
                    "word": "06월",
                    "start": 20,
                    "end": 23,
                    "label": "준식별자"
                },
                {
                    "word": "15일",
                    "start": 24,
                    "end": 27,
                    "label": "준식별자"
                },
                {
                    "word": "14,500,000,000원",
                    "start": 35,
                    "end": 50,
                    "label": "기밀정보"
                },
                {
                    "word": "전강훈",
                    "start": 56,
                    "end": 59,
                    "label": "개인정보"
                }
            ]
        },
        {
            "sentence": "용도지역은 상업지역이며 건폐율 60%와 용적률 500%가 적용됩니다.",
            "id": "sample_006_0094_000018",
            "annotations": []
        },
        {
            "sentence": "구조는 철근콘크리트(RC)이며 주요 층별 배치와 면적은 본문 표에 기재하였습니다.",
            "id": "sample_006_0094_000019",
            "annotations": []
        },
        {
            "sentence": "1층 근린생활시설 450.00㎡, 2층 300.15㎡, 3층 300.15㎡, 4층 300.15㎡, 지하창고 300.30㎡로 구성됩니다.",
            "id": "sample_006_0094_000020",
            "annotations": []
        },
        {
            "sentence": "최근 보수 이력은 2022년 11월 외벽 도장 공사와 2023년 05월 엘리베이터 교체가 있습니다.",
            "id": "sample_006_0094_000021",
            "annotations": [
                {
                    "word": "2022년",
                    "start": 10,
                    "end": 15,
                    "label": "준식별자"
                },
                {
                    "word": "11월",
                    "start": 16,
                    "end": 19,
                    "label": "준식별자"
                },
                {
                    "word": "2023년",
                    "start": 30,
                    "end": 35,
                    "label": "준식별자"
                },
                {
                    "word": "05월",
                    "start": 36,
                    "end": 39,
                    "label": "준식별자"
                }
            ]
        },
        {
            "sentence": "에너지 효율등급 B+, 난방 방식은 중앙난방(도시가스)으로 표기되어 있습니다.",
            "id": "sample_006_0094_000022",
            "annotations": []
        },
        {
            "sentence": "세무 및 재산세 납부 상태: 2024년 1기 분 재산세는 납부 완료로 확인되었습니다.",
            "id": "sample_006_0094_000023",
            "annotations": []
        },
        {
            "sentence": "권장 조치: 잔금 이행 전 근저당 말소 여부 확인과 세무·법무 자문을 진행하시길 권합니다.",
            "id": "sample_006_0094_000024",
            "annotations": []
        },
        {
            "sentence": "담당자 연락처 및 다음 일정: 담당자 유희석, 연락처 010-5555-6666, 현장 점검일 2025년 01월 20일.",
            "id": "sample_006_0094_000025",
            "annotations": [
                {
                    "word": "유희석",
                    "start": 21,
                    "end": 24,
                    "label": "개인정보"
                },
                {
                    "word": "010-5555-6666",
                    "start": 30,
                    "end": 43,
                    "label": "개인정보"
                },
                {
                    "word": "2025년",
                    "start": 52,
                    "end": 57,
                    "label": "준식별자"
                },
                {
                    "word": "01월",
                    "start": 58,
                    "end": 61,
                    "label": "준식별자"
                },
                {
                    "word": "20일",
                    "start": 62,
                    "end": 65,
                    "label": "준식별자"
                }
            ]
        },
        {
            "sentence": "보고서 작성자: 공해정, 작성일 2024년 06월 28일, 검토자 하영호가 검토하였습니다.",
            "id": "sample_006_0094_000026",
            "annotations": [
                {
                    "word": "공해정",
                    "start": 9,
                    "end": 12,
                    "label": "개인정보"
                },
                {
                    "word": "2024년",
                    "start": 18,
                    "end": 23,
                    "label": "준식별자"
                },
                {
                    "word": "06월",
                    "start": 24,
                    "end": 27,
                    "label": "준식별자"
                },
                {
                    "word": "28일",
                    "start": 28,
                    "end": 31,
                    "label": "준식별자"
                },
                {
                    "word": "하영호",
                    "start": 37,
                    "end": 40,
                    "label": "개인정보"
                }
            ]
        },
        {
            "sentence": "결재: 권동재 팀장(자산관리본부) 승인일 2024년 07월 02일로 내부 결재가 완료되었습니다.",
            "id": "sample_006_0094_000027",
            "annotations": [
                {
                    "word": "권동재",
                    "start": 4,
                    "end": 7,
                    "label": "개인정보"
                },
                {
                    "word": "2024년",
                    "start": 23,
                    "end": 28,
                    "label": "준식별자"
                },
                {
                    "word": "07월",
                    "start": 29,
                    "end": 32,
                    "label": "준식별자"
                },
                {
                    "word": "02일",
                    "start": 33,
                    "end": 36,
                    "label": "준식별자"
                }
            ]
        },
        {
            "sentence": "본 문서는 내부 검토용으로 비공개이며 외부 유출 시 법적 책임이 따릅니다.",
            "id": "sample_006_0094_000028",
            "annotations": []
        }
    ]
}