{
    "document_id": "006_0012",
    "document_title": "부동산 매매·감정·임대 통합 기록",
    "data": [
        {
            "sentence": "문서명: 부동산 매매·감정·임대 통합 기록.",
            "id": "sample_006_0012_000001",
            "annotations": []
        },
        {
            "sentence": "작성일: 2025년 11월 20일.",
            "id": "sample_006_0012_000002",
            "annotations": [
                {
                    "word": "2025년 11월 20일",
                    "start": 5,
                    "end": 18,
                    "label": "준식별자"
                }
            ]
        },
        {
            "sentence": "매도인: 오승철 (이하 '매도인').",
            "id": "sample_006_0012_000003",
            "annotations": [
                {
                    "word": "오승철",
                    "start": 5,
                    "end": 8,
                    "label": "개인정보"
                }
            ]
        },
        {
            "sentence": "매수인: 송유마 (이하 '매수인').",
            "id": "sample_006_0012_000004",
            "annotations": [
                {
                    "word": "송유마",
                    "start": 5,
                    "end": 8,
                    "label": "개인정보"
                }
            ]
        },
        {
            "sentence": "소재지: 서울특별시 강남구 역삼동 123-45 101동 502호.",
            "id": "sample_006_0012_000005",
            "annotations": [
                {
                    "word": "서울특별시",
                    "start": 5,
                    "end": 10,
                    "label": "준식별자"
                },
                {
                    "word": "강남구",
                    "start": 11,
                    "end": 14,
                    "label": "준식별자"
                },
                {
                    "word": "역삼동 123-45 101동 502호",
                    "start": 15,
                    "end": 35,
                    "label": "개인정보"
                }
            ]
        },
        {
            "sentence": "토지면적: 120.00 ㎡, 건물전용면적: 84.95 ㎡로 표기한다.",
            "id": "sample_006_0012_000006",
            "annotations": []
        },
        {
            "sentence": "용도: 업무시설(오피스텔), 구조: 철근콘크리트, 층수: 지상 10층.",
            "id": "sample_006_0012_000007",
            "annotations": []
        },
        {
            "sentence": "매매대금 총액은 850,000,000원으로 합의되었으며, 계약금은 총액의 10%인 85,000,000원으로 한다.",
            "id": "sample_006_0012_000008",
            "annotations": []
        },
        {
            "sentence": "잔금 지급 계좌: 국민은행 123-456-789012 (예금주: 오승철).",
            "id": "sample_006_0012_000009",
            "annotations": [
                {
                    "word": "123-456-789012",
                    "start": 15,
                    "end": 29,
                    "label": "기밀정보"
                },
                {
                    "word": "오승철",
                    "start": 36,
                    "end": 39,
                    "label": "개인정보"
                }
            ]
        },
        {
            "sentence": "매도인 연락처: 010-1234-5678.",
            "id": "sample_006_0012_000010",
            "annotations": [
                {
                    "word": "010-1234-5678",
                    "start": 9,
                    "end": 22,
                    "label": "개인정보"
                }
            ]
        },
        {
            "sentence": "매수인 연락처: 010-8765-4321.",
            "id": "sample_006_0012_000011",
            "annotations": [
                {
                    "word": "010-8765-4321",
                    "start": 9,
                    "end": 22,
                    "label": "개인정보"
                }
            ]
        },
        {
            "sentence": "매수인 이메일: syuma@example.com.",
            "id": "sample_006_0012_000012",
            "annotations": [
                {
                    "word": "syuma@example.com",
                    "start": 9,
                    "end": 26,
                    "label": "개인정보"
                }
            ]
        },
        {
            "sentence": "매도인 생년월일: 1978년 03월 22일.",
            "id": "sample_006_0012_000013",
            "annotations": [
                {
                    "word": "1978년 03월 22일",
                    "start": 10,
                    "end": 23,
                    "label": "준식별자"
                }
            ]
        },
        {
            "sentence": "매수인 생년월일: 1985년 12월 05일.",
            "id": "sample_006_0012_000014",
            "annotations": [
                {
                    "word": "1985년 12월 05일",
                    "start": 10,
                    "end": 23,
                    "label": "준식별자"
                }
            ]
        },
        {
            "sentence": "등기사항: 등기부상 소유자 오승철로 등재되어 있으며, 소유권 이전 준비 중이다.",
            "id": "sample_006_0012_000015",
            "annotations": [
                {
                    "word": "오승철",
                    "start": 15,
                    "end": 18,
                    "label": "개인정보"
                }
            ]
        },
        {
            "sentence": "근저당 및 압류 조회 결과 현재 설정된 근저당권 및 압류는 발견되지 않았다.",
            "id": "sample_006_0012_000016",
            "annotations": []
        },
        {
            "sentence": "감정평가서 요약: 감정평가일 2025년 10월 15일, 감정평가액 820,000,000원.",
            "id": "sample_006_0012_000017",
            "annotations": [
                {
                    "word": "2025년 10월 15일",
                    "start": 16,
                    "end": 29,
                    "label": "준식별자"
                }
            ]
        },
        {
            "sentence": "감정평가사: 안성렬 (한국감정원) 작성, 감정평가서는 내부검토 후 본 건 매매가와 비교 검토되었다.",
            "id": "sample_006_0012_000018",
            "annotations": [
                {
                    "word": "안성렬",
                    "start": 7,
                    "end": 10,
                    "label": "개인정보"
                }
            ]
        },
        {
            "sentence": "임대 내역 요약: 현재 임차인 윤찬희, 임대차 시작일 2023년 06월 01일, 월 임대료 2,500,000원.",
            "id": "sample_006_0012_000019",
            "annotations": [
                {
                    "word": "윤찬희",
                    "start": 17,
                    "end": 20,
                    "label": "개인정보"
                },
                {
                    "word": "2023년 06월 01일",
                    "start": 30,
                    "end": 43,
                    "label": "준식별자"
                }
            ]
        },
        {
            "sentence": "임차보증금은 50,000,000원이며, 계약기간은 2023년 06월 01일부터 2026년 05월 31일까지로 기재되어 있다.",
            "id": "sample_006_0012_000020",
            "annotations": [
                {
                    "word": "2023년 06월 01일",
                    "start": 28,
                    "end": 41,
                    "label": "준식별자"
                },
                {
                    "word": "2026년 05월 31일",
                    "start": 44,
                    "end": 57,
                    "label": "준식별자"
                }
            ]
        },
        {
            "sentence": "임차인 연락처: 010-2345-6789.",
            "id": "sample_006_0012_000021",
            "annotations": [
                {
                    "word": "010-2345-6789",
                    "start": 9,
                    "end": 22,
                    "label": "개인정보"
                }
            ]
        },
        {
            "sentence": "관리비 및 공과금 분담은 임대차 계약서 조항에 따라 월별 정산으로 규정되어 있다.",
            "id": "sample_006_0012_000022",
            "annotations": []
        },
        {
            "sentence": "층별 도면 및 면적표: 1층 근린생활시설 60.00 ㎡, 2층~5층 오피스텔 각 84.95 ㎡로 표기하였다.",
            "id": "sample_006_0012_000023",
            "annotations": []
        },
        {
            "sentence": "권리분석 결론: 등기부 등본상 별도의 가처분·가압류·저당 권리 기재는 없는 것으로 확인된다.",
            "id": "sample_006_0012_000024",
            "annotations": []
        },
        {
            "sentence": "중개업소: 양진우 공인중개사사무소, 사무소 소재지 서울특별시 강남구 테헤란로 7길 12, 3층.",
            "id": "sample_006_0012_000025",
            "annotations": [
                {
                    "word": "양진우",
                    "start": 6,
                    "end": 9,
                    "label": "개인정보"
                },
                {
                    "word": "서울특별시",
                    "start": 28,
                    "end": 33,
                    "label": "준식별자"
                },
                {
                    "word": "강남구",
                    "start": 34,
                    "end": 37,
                    "label": "준식별자"
                }
            ]
        },
        {
            "sentence": "특약사항: 매수인은 잔금 납부 전까지 기존 임차인의 합법적 점유를 존중하고 어떠한 권리침해도 발생하지 않도록 조치해야 한다.",
            "id": "sample_006_0012_000026",
            "annotations": []
        },
        {
            "sentence": "서명: 본 문서는 매도인 오승철, 매수인 송유마의 서명 후 등기 이전 절차를 진행한다.",
            "id": "sample_006_0012_000027",
            "annotations": [
                {
                    "word": "오승철",
                    "start": 14,
                    "end": 17,
                    "label": "개인정보"
                },
                {
                    "word": "송유마",
                    "start": 23,
                    "end": 26,
                    "label": "개인정보"
                }
            ]
        }
    ]
}