{
    "document_id": "005_0030",
    "document_title": "손해배상 청구 소장 및 법률의견서",
    "data": [
        {
            "sentence": "원고 전다원은 피고 공권을 상대로 손해배상 청구의 소를 제기한다.",
            "id": "sample_005_0030_000001",
            "annotations": [
                {
                    "word": "전다원",
                    "start": 3,
                    "end": 6,
                    "label": "개인정보"
                },
                {
                    "word": "공권",
                    "start": 11,
                    "end": 13,
                    "label": "개인정보"
                }
            ]
        },
        {
            "sentence": "관할 법원은 서울중앙지방법원 민사합의부로 한다.",
            "id": "sample_005_0030_000002",
            "annotations": []
        },
        {
            "sentence": "본 소장은 사실관계의 정리와 법적 청구원인을 기재하고 증거를 첨부하는 문서로서 제출된다.",
            "id": "sample_005_0030_000003",
            "annotations": []
        },
        {
            "sentence": "원고 전다원(生: 1985년 07월 12일, 성별: 여성, 주소: 서울특별시 종로구 삼청동 12-34, 연락처: 010-1234-5678, 이메일: dawon.jeon@example.com, 주민등록번호: 850712-1234567)은 본 청구를 제기한다.",
            "id": "sample_005_0030_000004",
            "annotations": [
                {
                    "word": "전다원",
                    "start": 3,
                    "end": 6,
                    "label": "개인정보"
                },
                {
                    "word": "1985년",
                    "start": 10,
                    "end": 15,
                    "label": "준식별자"
                },
                {
                    "word": "07월",
                    "start": 16,
                    "end": 19,
                    "label": "준식별자"
                },
                {
                    "word": "12일",
                    "start": 20,
                    "end": 23,
                    "label": "준식별자"
                },
                {
                    "word": "여성",
                    "start": 29,
                    "end": 31,
                    "label": "준식별자"
                },
                {
                    "word": "서울특별시 종로구 삼청동 12-34",
                    "start": 37,
                    "end": 56,
                    "label": "개인정보"
                },
                {
                    "word": "010-1234-5678",
                    "start": 63,
                    "end": 76,
                    "label": "개인정보"
                },
                {
                    "word": "dawon.jeon@example.com",
                    "start": 83,
                    "end": 105,
                    "label": "개인정보"
                },
                {
                    "word": "850712-1234567",
                    "start": 115,
                    "end": 129,
                    "label": "개인정보"
                }
            ]
        },
        {
            "sentence": "원고의 법률대리인은 변호사 이대권으로서 본 소송에 관해 원고를 대리한다.",
            "id": "sample_005_0030_000005",
            "annotations": [
                {
                    "word": "이대권",
                    "start": 15,
                    "end": 18,
                    "label": "개인정보"
                }
            ]
        },
        {
            "sentence": "피고 공권(주소: 경기도 성남시 분당구 야탑동 56-7, 연락처: 010-9876-5432)은 본 사안의 당사자이다.",
            "id": "sample_005_0030_000006",
            "annotations": [
                {
                    "word": "공권",
                    "start": 3,
                    "end": 5,
                    "label": "개인정보"
                },
                {
                    "word": "경기도 성남시 분당구 야탑동 56-7",
                    "start": 10,
                    "end": 30,
                    "label": "개인정보"
                },
                {
                    "word": "010-9876-5432",
                    "start": 37,
                    "end": 50,
                    "label": "개인정보"
                }
            ]
        },
        {
            "sentence": "사건 발생일은 2024년 03월 15일로서, 당일 피고의 불법행위로 원고는 재산상 및 정신적 손해를 입었다.",
            "id": "sample_005_0030_000007",
            "annotations": []
        },
        {
            "sentence": "손해배상의 법적 근거로는 민법 제750조(불법행위로 인한 손해배상)와 민법 제390조(채무불이행에 따른 손해배상)를 근거로 제출한다.",
            "id": "sample_005_0030_000008",
            "annotations": []
        },
        {
            "sentence": "원고는 손해액 산정과 관련하여 증빙서류를 첨부하고, 이에 대한 법률의견을 함께 제출한다.",
            "id": "sample_005_0030_000009",
            "annotations": []
        },
        {
            "sentence": "손해배상 청구금액은 금 일금 사천만 원정(￦40,000,000)으로 산정되었으며, 손해액의 산정근거를 본안에서 상세히 기재한다.",
            "id": "sample_005_0030_000010",
            "annotations": []
        },
        {
            "sentence": "원고는 지급방법으로 원고 측 기업계좌 110-123-456789(기업명: 주식회사 한빛)를 지정하여 피고에게 송금 요청을 한다.",
            "id": "sample_005_0030_000011",
            "annotations": [
                {
                    "word": "110-123-456789",
                    "start": 21,
                    "end": 35,
                    "label": "기밀정보"
                },
                {
                    "word": "주식회사 한빛",
                    "start": 41,
                    "end": 48,
                    "label": "준식별자"
                }
            ]
        },
        {
            "sentence": "상기 계좌번호 및 기업명은 지급대상 확인을 위한 정보로서 외부 공개 시 기업의 재무상 보안에 실질적 손해를 초래할 소지가 있으므로 기밀로 취급한다.",
            "id": "sample_005_0030_000012",
            "annotations": []
        },
        {
            "sentence": "본 소장 및 첨부증거에는 일부 내부 문건이 포함되어 있으며, 내부 결재선 및 승인자 명단은 비공개로 지정되어 있다.",
            "id": "sample_005_0030_000013",
            "annotations": [
                {
                    "word": "내부 결재선 및 승인자 명단",
                    "start": 34,
                    "end": 49,
                    "label": "기밀정보"
                }
            ]
        },
        {
            "sentence": "내부 결재선(승인자: 임유석) 및 관련 메모는 회사 내부 보안규정에 따라 기밀정보로 관리된다.",
            "id": "sample_005_0030_000014",
            "annotations": [
                {
                    "word": "임유석",
                    "start": 12,
                    "end": 15,
                    "label": "개인정보"
                },
                {
                    "word": "내부 결재선(승인자: 임유석)",
                    "start": 0,
                    "end": 16,
                    "label": "기밀정보"
                }
            ]
        },
        {
            "sentence": "본 사안의 증인으로는 노하윤이 진술을 준비하고 있으며, 필요한 경우 법정에서 출석하여 증언할 예정이다.",
            "id": "sample_005_0030_000015",
            "annotations": [
                {
                    "word": "노하윤",
                    "start": 12,
                    "end": 15,
                    "label": "개인정보"
                }
            ]
        },
        {
            "sentence": "또한 제3자 진술인 전상현은 사건 당시 현장에 있었음을 확인하는 진술서를 제출할 예정이다.",
            "id": "sample_005_0030_000016",
            "annotations": [
                {
                    "word": "전상현",
                    "start": 11,
                    "end": 14,
                    "label": "개인정보"
                }
            ]
        },
        {
            "sentence": "원고는 계약서, 통화기록, 계좌이체 내역 등 객관적 증거를 첨부하고 각 증거의 진위 및 법적 효력에 관해 구체적 소명을 한다.",
            "id": "sample_005_0030_000017",
            "annotations": []
        },
        {
            "sentence": "증거 중 일부에는 비공개 협상내용과 미공개 합의초안이 포함되어 있으므로 해당 내용은 기밀로 분류함을 명시한다.",
            "id": "sample_005_0030_000018",
            "annotations": [
                {
                    "word": "비공개 협상내용",
                    "start": 10,
                    "end": 18,
                    "label": "기밀정보"
                }
            ]
        },
        {
            "sentence": "법리적 판단으로는 피고의 행위가 민법상 불법행위에 해당하고, 고의 또는 과실로 인한 손해배상책임이 인정된다고 보인다.",
            "id": "sample_005_0030_000019",
            "annotations": []
        },
        {
            "sentence": "원고는 위자료 및 재산상 손해에 대해 구체적인 산정표를 첨부하였고, 산정기준과 계산식은 별첨 문서에 상세히 기재되어 있다.",
            "id": "sample_005_0030_000020",
            "annotations": []
        },
        {
            "sentence": "피고의 채무불이행 및 불법행위에 대한 입증책임은 원고가 제출한 증거와 증인의 진술로 충분히 소명될 수 있다.",
            "id": "sample_005_0030_000021",
            "annotations": []
        },
        {
            "sentence": "원고는 피고에게 본 청구금액의 지급과 함께 소송비용 및 지연손해금을 청구한다.",
            "id": "sample_005_0030_000022",
            "annotations": []
        },
        {
            "sentence": "청구 취지와 청구원인은 본 소장 본문과 첨부된 법률의견서에서 상세히 기술하였다.",
            "id": "sample_005_0030_000023",
            "annotations": []
        },
        {
            "sentence": "본 문서에 기재된 일부 연락처와 계좌번호 등은 소송진행을 위하여 필수적인 개인정보 및 기밀정보이므로 외부유출을 엄격히 제한할 것을 요청한다.",
            "id": "sample_005_0030_000024",
            "annotations": []
        },
        {
            "sentence": "원고는 본 소송과 관련하여 추가 증거가 확보되는 즉시 보완서류를 제출할 예정이며, 법정에서 필요한 모든 협조를 다할 것을 약속한다.",
            "id": "sample_005_0030_000025",
            "annotations": []
        },
        {
            "sentence": "본 법률의견서는 민사소송법과 민법의 관련 규정을 검토하여 작성되었으며, 구체적 조문으로는 민사소송법 제70조 및 민법 제390조를 참고하였다.",
            "id": "sample_005_0030_000026",
            "annotations": []
        },
        {
            "sentence": "원고 측의 대리인 연락처는 사무실 전화 02-555-0101 및 이메일 office@hanbitlaw.kr로서 소송 관련 통지에 사용된다.",
            "id": "sample_005_0030_000027",
            "annotations": [
                {
                    "word": "사무실 전화 02-555-0101",
                    "start": 15,
                    "end": 33,
                    "label": "개인정보"
                },
                {
                    "word": "office@hanbitlaw.kr",
                    "start": 40,
                    "end": 59,
                    "label": "개인정보"
                }
            ]
        },
        {
            "sentence": "피고가 지정한 주소지로의 송달이 불가한 경우, 법원은 공시송달 또는 기타 법정절차에 따라 적법하게 송달할 것을 구한다.",
            "id": "sample_005_0030_000028",
            "annotations": []
        },
        {
            "sentence": "마지막으로 원고는 위 청구를 인용하여 판결할 것을 요청하며, 필요시 가압류 등 임시보전을 신청할 준비가 되어 있다.",
            "id": "sample_005_0030_000029",
            "annotations": []
        },
        {
            "sentence": "첨부서류 목록으로는 계약서 원본, 통화내역, 계좌이체 내역서, 증인 진술서(노하윤, 전상현) 및 내부 결재선 관련 문건이 포함된다.",
            "id": "sample_005_0030_000030",
            "annotations": [
                {
                    "word": "노하윤",
                    "start": 42,
                    "end": 45,
                    "label": "개인정보"
                },
                {
                    "word": "전상현",
                    "start": 47,
                    "end": 50,
                    "label": "개인정보"
                }
            ]
        }
    ]
}