{
    "document_id": "005_0050",
    "document_title": "민사소장(손해배상청구)",
    "data": [
        {
            "sentence": "민사소장(손해배상청구)을 제출하오니 아래와 같이 청구취지를 밝힌다.",
            "id": "sample_005_0050_000001",
            "annotations": []
        },
        {
            "sentence": "원고는 최지우(이하 '원고'라 한다)로서, 주민등록번호 850712-1234567, 생년월일 1985년 07월 12일, 성별 여성이며 주소는 서울특별시 서초구 반포동 12-34번지 101동 301호이다.",
            "id": "sample_005_0050_000002",
            "annotations": [
                {
                    "word": "최지우",
                    "start": 4,
                    "end": 7,
                    "label": "개인정보"
                },
                {
                    "word": "850712-1234567",
                    "start": 31,
                    "end": 45,
                    "label": "개인정보"
                },
                {
                    "word": "1985년",
                    "start": 52,
                    "end": 57,
                    "label": "준식별자"
                },
                {
                    "word": "07월",
                    "start": 58,
                    "end": 61,
                    "label": "준식별자"
                },
                {
                    "word": "12일",
                    "start": 62,
                    "end": 65,
                    "label": "준식별자"
                },
                {
                    "word": "여성",
                    "start": 70,
                    "end": 72,
                    "label": "준식별자"
                },
                {
                    "word": "서울특별시 서초구 반포동 12-34번지 101동 301호",
                    "start": 79,
                    "end": 110,
                    "label": "개인정보"
                },
                {
                    "word": "서울특별시",
                    "start": 79,
                    "end": 84,
                    "label": "준식별자"
                },
                {
                    "word": "서초구",
                    "start": 85,
                    "end": 88,
                    "label": "준식별자"
                },
                {
                    "word": "반포동",
                    "start": 89,
                    "end": 92,
                    "label": "준식별자"
                }
            ]
        },
        {
            "sentence": "원고의 연락처는 010-1234-5678이고, 이메일 주소는 choi.jw@example.com이다.",
            "id": "sample_005_0050_000003",
            "annotations": [
                {
                    "word": "010-1234-5678",
                    "start": 9,
                    "end": 22,
                    "label": "개인정보"
                },
                {
                    "word": "choi.jw@example.com",
                    "start": 34,
                    "end": 53,
                    "label": "개인정보"
                }
            ]
        },
        {
            "sentence": "피고는 김유라(이하 '피고'라 한다)로서, 주소는 경기도 성남시 분당구 판교동 일원에 거주한다.",
            "id": "sample_005_0050_000004",
            "annotations": [
                {
                    "word": "김유라",
                    "start": 4,
                    "end": 7,
                    "label": "개인정보"
                },
                {
                    "word": "경기도",
                    "start": 28,
                    "end": 31,
                    "label": "준식별자"
                },
                {
                    "word": "성남시",
                    "start": 32,
                    "end": 35,
                    "label": "준식별자"
                },
                {
                    "word": "분당구",
                    "start": 36,
                    "end": 39,
                    "label": "준식별자"
                },
                {
                    "word": "판교동",
                    "start": 40,
                    "end": 43,
                    "label": "준식별자"
                }
            ]
        },
        {
            "sentence": "피고의 정확한 성명과 주소는 본 소송의 증거목록에 기재되어 있으므로 절차에 따라 확인할 것을 제출한다.",
            "id": "sample_005_0050_000005",
            "annotations": []
        },
        {
            "sentence": "원고의 법률대리인은 방창덕 변호사(한로법률사무소)이며, 담당 변호사가 본 사건을 대리한다.",
            "id": "sample_005_0050_000006",
            "annotations": [
                {
                    "word": "방창덕",
                    "start": 11,
                    "end": 14,
                    "label": "개인정보"
                },
                {
                    "word": "한로법률사무소",
                    "start": 19,
                    "end": 26,
                    "label": "준식별자"
                }
            ]
        },
        {
            "sentence": "관할 법원은 대한민국 서울중앙지방법원으로 한다.",
            "id": "sample_005_0050_000007",
            "annotations": []
        },
        {
            "sentence": "청구원인은 피고의 불법행위에 의한 손해발생으로서, 관련 법령은 민법 제750조(불법행위)에 따른 손해배상청구임을 밝힌다.",
            "id": "sample_005_0050_000008",
            "annotations": []
        },
        {
            "sentence": "사건 발생일은 2024년 09월 15일이며, 당일 피고의 행위로 인한 재산상 및 정신적 피해가 발생하였다.",
            "id": "sample_005_0050_000009",
            "annotations": []
        },
        {
            "sentence": "원고는 손해배상금으로 총 25,000,000원(금 이천오백만원)을 청구한다.",
            "id": "sample_005_0050_000010",
            "annotations": []
        },
        {
            "sentence": "피고는 이로 인해 의료비 및 휴업손해 등 구체적인 손해를 발생시켰음을 증거로 제출한다.",
            "id": "sample_005_0050_000011",
            "annotations": []
        },
        {
            "sentence": "청구액 지급을 위한 계좌는 국민은행 110-123456-789, 예금주 최지우로 한다.",
            "id": "sample_005_0050_000012",
            "annotations": [
                {
                    "word": "국민은행 110-123456-789",
                    "start": 15,
                    "end": 34,
                    "label": "기밀정보"
                },
                {
                    "word": "최지우",
                    "start": 40,
                    "end": 43,
                    "label": "개인정보"
                }
            ]
        },
        {
            "sentence": "해당 계좌 및 금융거래 정보는 본 건 해결을 위한 목적 외에는 사용하지 않을 것을 약정한다.",
            "id": "sample_005_0050_000013",
            "annotations": []
        },
        {
            "sentence": "증거자료로서 제출할 내부 문서의 저장 경로는 /srv/legal/docs/claim_2025.docx이며, 관련 서버 IP는 10.0.0.12이다.",
            "id": "sample_005_0050_000014",
            "annotations": [
                {
                    "word": "/srv/legal/docs/claim_2025.docx",
                    "start": 25,
                    "end": 56,
                    "label": "기밀정보"
                },
                {
                    "word": "10.0.0.12",
                    "start": 70,
                    "end": 79,
                    "label": "기밀정보"
                }
            ]
        },
        {
            "sentence": "내부 결재선은 법무팀장 → 대표이사로서, 해당 결재 절차는 회사 내부의 비공개 절차에 해당한다.",
            "id": "sample_005_0050_000015",
            "annotations": [
                {
                    "word": "법무팀장 → 대표이사",
                    "start": 8,
                    "end": 19,
                    "label": "기밀정보"
                }
            ]
        },
        {
            "sentence": "피고의 생년월일은 1990년 03월 05일로 기재되어 있으며, 성별은 여성으로 확인된다.",
            "id": "sample_005_0050_000016",
            "annotations": [
                {
                    "word": "1990년",
                    "start": 10,
                    "end": 15,
                    "label": "준식별자"
                },
                {
                    "word": "03월",
                    "start": 16,
                    "end": 19,
                    "label": "준식별자"
                },
                {
                    "word": "05일",
                    "start": 20,
                    "end": 23,
                    "label": "준식별자"
                },
                {
                    "word": "여성",
                    "start": 39,
                    "end": 41,
                    "label": "준식별자"
                }
            ]
        },
        {
            "sentence": "원고의 직업은 주식회사 에이치의 마케팅팀장으로서 직장명 및 직책은 본 소송의 준식별자 정보로 본다.",
            "id": "sample_005_0050_000017",
            "annotations": [
                {
                    "word": "주식회사 에이치",
                    "start": 8,
                    "end": 16,
                    "label": "준식별자"
                }
            ]
        },
        {
            "sentence": "증인으로는 류민성 씨를 신청하며, 증인의 연락처와 신원은 별도 증거목록에 기재한다.",
            "id": "sample_005_0050_000018",
            "annotations": [
                {
                    "word": "류민성",
                    "start": 6,
                    "end": 9,
                    "label": "개인정보"
                }
            ]
        },
        {
            "sentence": "법률대리인 방창덕의 이메일 주소는 bc.dlaw@hanro.kr이며, 소송서류 송달에 활용할 수 있다.",
            "id": "sample_005_0050_000019",
            "annotations": [
                {
                    "word": "bc.dlaw@hanro.kr",
                    "start": 19,
                    "end": 35,
                    "label": "개인정보"
                },
                {
                    "word": "방창덕",
                    "start": 6,
                    "end": 9,
                    "label": "개인정보"
                }
            ]
        },
        {
            "sentence": "피고의 주민등록번호는 900305-2345678로 확인되나, 개인정보 보호를 위해 절차에 따라 제한적 사용을 요청한다.",
            "id": "sample_005_0050_000020",
            "annotations": [
                {
                    "word": "900305-2345678",
                    "start": 12,
                    "end": 26,
                    "label": "개인정보"
                }
            ]
        },
        {
            "sentence": "피고의 주소는 경기도 성남시 분당구 판교동 45-6번지로 기재되어 있어 일부 위치정보는 준식별자로 분리된다.",
            "id": "sample_005_0050_000021",
            "annotations": [
                {
                    "word": "경기도 성남시 분당구 판교동 45-6번지",
                    "start": 8,
                    "end": 30,
                    "label": "개인정보"
                },
                {
                    "word": "경기도",
                    "start": 8,
                    "end": 11,
                    "label": "준식별자"
                },
                {
                    "word": "성남시",
                    "start": 12,
                    "end": 15,
                    "label": "준식별자"
                },
                {
                    "word": "분당구",
                    "start": 16,
                    "end": 19,
                    "label": "준식별자"
                },
                {
                    "word": "판교동",
                    "start": 20,
                    "end": 23,
                    "label": "준식별자"
                }
            ]
        },
        {
            "sentence": "원고가 제출하는 진료기록, 휴대전화 통화내역 등은 사실확인을 위한 증거이며, 법원 명령에 따라 제출한다.",
            "id": "sample_005_0050_000022",
            "annotations": []
        },
        {
            "sentence": "본 사건과 관련한 내부 시스템 계정은 vpn_user_legal이며, 해당 계정 정보는 내부보안상 비공개이다.",
            "id": "sample_005_0050_000023",
            "annotations": [
                {
                    "word": "vpn_user_legal",
                    "start": 21,
                    "end": 35,
                    "label": "기밀정보"
                }
            ]
        },
        {
            "sentence": "본 소장에서는 손해배상청구의 법률적 근거, 사실관계, 증거목록 및 청구취지를 순서대로 기재한다.",
            "id": "sample_005_0050_000024",
            "annotations": []
        },
        {
            "sentence": "청구취지는 피고에게 금원지급 명령 및 소송비용의 부담을 구하는 바이며, 구체적 청구취지는 다음과 같다.",
            "id": "sample_005_0050_000025",
            "annotations": []
        },
        {
            "sentence": "이상과 같이 본 소장을 제출하오니, 신속한 심리와 적법한 판결을 구한다.",
            "id": "sample_005_0050_000026",
            "annotations": []
        },
        {
            "sentence": "소장 제출일은 2025년 11월 20일이다.",
            "id": "sample_005_0050_000027",
            "annotations": []
        },
        {
            "sentence": "첨부서류: 진단서, 통화내역, CCTV 영상 파일 목록 및 내부 제출 파일명 claim_2025.docx.",
            "id": "sample_005_0050_000028",
            "annotations": [
                {
                    "word": "claim_2025.docx",
                    "start": 43,
                    "end": 58,
                    "label": "기밀정보"
                }
            ]
        }
    ]
}