{
    "document_id": "005_0004",
    "document_title": "손해배상 청구소장 및 법률의견서",
    "data": [
        {
            "sentence": "본 문서는 민사소송 절차에 따른 손해배상 청구소장 및 이에 대한 법률의견서를 겸하여 작성한 공식 문서이다.",
            "id": "sample_005_0004_000001",
            "annotations": []
        },
        {
            "sentence": "원고: 손다온, 주소: 서울특별시 강남구 역삼동 123-45 강남빌딩 301호.",
            "id": "sample_005_0004_000002",
            "annotations": [
                {
                    "word": "손다온",
                    "start": 4,
                    "end": 7,
                    "label": "개인정보"
                },
                {
                    "word": "서울특별시 강남구 역삼동 123-45 강남빌딩 301호",
                    "start": 13,
                    "end": 43,
                    "label": "개인정보"
                },
                {
                    "word": "서울특별시",
                    "start": 13,
                    "end": 18,
                    "label": "준식별자"
                },
                {
                    "word": "강남구",
                    "start": 19,
                    "end": 22,
                    "label": "준식별자"
                },
                {
                    "word": "역삼동",
                    "start": 23,
                    "end": 26,
                    "label": "준식별자"
                }
            ]
        },
        {
            "sentence": "원고 주민등록번호: 900101-1234567, 전화: 010-1234-5678, 이메일: sondaon@example.com.",
            "id": "sample_005_0004_000003",
            "annotations": [
                {
                    "word": "900101-1234567",
                    "start": 11,
                    "end": 25,
                    "label": "개인정보"
                },
                {
                    "word": "010-1234-5678",
                    "start": 31,
                    "end": 44,
                    "label": "개인정보"
                },
                {
                    "word": "sondaon@example.com",
                    "start": 51,
                    "end": 70,
                    "label": "개인정보"
                }
            ]
        },
        {
            "sentence": "피고: 안은별, 주소: 부산광역시 해운대구 우동 55-12 해운빌라 202호.",
            "id": "sample_005_0004_000004",
            "annotations": [
                {
                    "word": "안은별",
                    "start": 4,
                    "end": 7,
                    "label": "개인정보"
                },
                {
                    "word": "부산광역시 해운대구 우동 55-12 해운빌라 202호",
                    "start": 13,
                    "end": 42,
                    "label": "개인정보"
                },
                {
                    "word": "부산광역시",
                    "start": 13,
                    "end": 18,
                    "label": "준식별자"
                },
                {
                    "word": "해운대구",
                    "start": 19,
                    "end": 23,
                    "label": "준식별자"
                },
                {
                    "word": "우동",
                    "start": 24,
                    "end": 26,
                    "label": "준식별자"
                }
            ]
        },
        {
            "sentence": "피고 연락처: 010-9876-5432, 주민등록번호: 850505-2345678.",
            "id": "sample_005_0004_000005",
            "annotations": [
                {
                    "word": "010-9876-5432",
                    "start": 8,
                    "end": 21,
                    "label": "개인정보"
                },
                {
                    "word": "850505-2345678",
                    "start": 31,
                    "end": 45,
                    "label": "개인정보"
                }
            ]
        },
        {
            "sentence": "양 당사자의 법적 대리인으로 공세희 변호사가 등록되어 있으며, 연락처는 010-5555-6666이다.",
            "id": "sample_005_0004_000006",
            "annotations": [
                {
                    "word": "공세희",
                    "start": 16,
                    "end": 19,
                    "label": "개인정보"
                },
                {
                    "word": "010-5555-6666",
                    "start": 40,
                    "end": 53,
                    "label": "개인정보"
                },
                {
                    "word": "변호사",
                    "start": 20,
                    "end": 23,
                    "label": "준식별자"
                }
            ]
        },
        {
            "sentence": "본 소는 서울중앙지방법원에 관할을 두고 민법 및 민사소송법에 근거하여 제기하는 손해배상 청구이다.",
            "id": "sample_005_0004_000007",
            "annotations": []
        },
        {
            "sentence": "다음 본문에서는 사실관계, 법적 근거 및 청구취지와 첨부증거를 차례로 제시한다.",
            "id": "sample_005_0004_000008",
            "annotations": []
        },
        {
            "sentence": "원고 손다온은 1990년 1월 1일 출생의 여성으로, 직업은 회사원이다.",
            "id": "sample_005_0004_000009",
            "annotations": [
                {
                    "word": "손다온",
                    "start": 3,
                    "end": 6,
                    "label": "개인정보"
                },
                {
                    "word": "1990년",
                    "start": 8,
                    "end": 13,
                    "label": "준식별자"
                },
                {
                    "word": "1월",
                    "start": 14,
                    "end": 16,
                    "label": "준식별자"
                },
                {
                    "word": "1일",
                    "start": 17,
                    "end": 19,
                    "label": "준식별자"
                },
                {
                    "word": "여성",
                    "start": 24,
                    "end": 26,
                    "label": "준식별자"
                },
                {
                    "word": "회사원",
                    "start": 34,
                    "end": 37,
                    "label": "준식별자"
                }
            ]
        },
        {
            "sentence": "피고 안은별은 1985년 5월 5일 출생의 남성으로, 직업은 프리랜서이다.",
            "id": "sample_005_0004_000010",
            "annotations": [
                {
                    "word": "안은별",
                    "start": 3,
                    "end": 6,
                    "label": "개인정보"
                },
                {
                    "word": "1985년",
                    "start": 8,
                    "end": 13,
                    "label": "준식별자"
                },
                {
                    "word": "5월",
                    "start": 14,
                    "end": 16,
                    "label": "준식별자"
                },
                {
                    "word": "5일",
                    "start": 17,
                    "end": 19,
                    "label": "준식별자"
                },
                {
                    "word": "남성",
                    "start": 24,
                    "end": 26,
                    "label": "준식별자"
                },
                {
                    "word": "프리랜서",
                    "start": 34,
                    "end": 38,
                    "label": "준식별자"
                }
            ]
        },
        {
            "sentence": "원고와 피고는 2024년 3월 15일 체결된 합의서에 따라 거래를 시작하였으나, 피고의 계약불이행으로 손해가 발생하였다.",
            "id": "sample_005_0004_000011",
            "annotations": [
                {
                    "word": "2024년",
                    "start": 8,
                    "end": 13,
                    "label": "준식별자"
                },
                {
                    "word": "3월",
                    "start": 14,
                    "end": 16,
                    "label": "준식별자"
                },
                {
                    "word": "15일",
                    "start": 17,
                    "end": 20,
                    "label": "준식별자"
                }
            ]
        },
        {
            "sentence": "해당 합의서에는 비공개 조항 및 손해배상 산정 방법에 관한 기밀조항이 포함되어 있다.",
            "id": "sample_005_0004_000012",
            "annotations": []
        },
        {
            "sentence": "피고의 계약불이행으로 인한 미지급 금액은 금 50,000,000원으로 계약서상 비공개 조건으로 기재되어 있다.",
            "id": "sample_005_0004_000013",
            "annotations": [
                {
                    "word": "금 50,000,000원",
                    "start": 23,
                    "end": 36,
                    "label": "기밀정보"
                }
            ]
        },
        {
            "sentence": "원고는 즉시 지급을 명하는 판결과 함께 미지급 금액의 지급을 청구한다.",
            "id": "sample_005_0004_000014",
            "annotations": []
        },
        {
            "sentence": "지급을 위한 원고의 계좌번호는 우리은행 110-123-456789로 기재되어 있으며, 제반 비용 충당을 위해 사용될 예정이다.",
            "id": "sample_005_0004_000015",
            "annotations": [
                {
                    "word": "우리은행 110-123-456789",
                    "start": 17,
                    "end": 36,
                    "label": "기밀정보"
                }
            ]
        },
        {
            "sentence": "피고의 내부 결재선 및 관련 자료는 기밀로 분류되며, 이는 피고의 영업비밀에 해당한다.",
            "id": "sample_005_0004_000016",
            "annotations": []
        },
        {
            "sentence": "법적 근거로는 민법 및 민사소송법을 참조하며, 사실관계에 따른 손해배상 책임의 성립 여부를 판단한다.",
            "id": "sample_005_0004_000017",
            "annotations": []
        },
        {
            "sentence": "민법 제750조(불법행위로 인한 손해배상)는 본 사건의 손해배상 책임을 규율하는 주요 규정이다.",
            "id": "sample_005_0004_000018",
            "annotations": []
        },
        {
            "sentence": "제출 예정 증거는 계약서 원본, 통장 거래내역, 이메일 교신기록 및 통화내역 등이다.",
            "id": "sample_005_0004_000019",
            "annotations": []
        },
        {
            "sentence": "이메일 교신기록에는 원고의 이메일 sondaon@example.com과 피고의 이메일 aneunbyeol@example.org가 포함되어 있다.",
            "id": "sample_005_0004_000020",
            "annotations": [
                {
                    "word": "sondaon@example.com",
                    "start": 19,
                    "end": 38,
                    "label": "개인정보"
                },
                {
                    "word": "aneunbyeol@example.org",
                    "start": 48,
                    "end": 70,
                    "label": "개인정보"
                }
            ]
        },
        {
            "sentence": "통화내역 제출은 피고의 휴대전화번호 010-9876-5432를 근거로 요청한다.",
            "id": "sample_005_0004_000021",
            "annotations": [
                {
                    "word": "010-9876-5432",
                    "start": 20,
                    "end": 33,
                    "label": "개인정보"
                }
            ]
        },
        {
            "sentence": "원고는 손해배상액을 금 50,000,000원으로 산정하여 청구하며, 이는 실제 손해 및 위자료를 포함한다.",
            "id": "sample_005_0004_000022",
            "annotations": [
                {
                    "word": "금 50,000,000원",
                    "start": 11,
                    "end": 24,
                    "label": "기밀정보"
                }
            ]
        },
        {
            "sentence": "피고의 주소지는 부산광역시 해운대구 우동 55-12 해운빌라 202호로, 재산압류 및 등기이전 절차를 신청한다.",
            "id": "sample_005_0004_000023",
            "annotations": [
                {
                    "word": "부산광역시 해운대구 우동 55-12 해운빌라 202호",
                    "start": 9,
                    "end": 38,
                    "label": "개인정보"
                },
                {
                    "word": "부산광역시",
                    "start": 9,
                    "end": 14,
                    "label": "준식별자"
                },
                {
                    "word": "해운대구",
                    "start": 15,
                    "end": 19,
                    "label": "준식별자"
                },
                {
                    "word": "우동",
                    "start": 20,
                    "end": 22,
                    "label": "준식별자"
                }
            ]
        },
        {
            "sentence": "본 소장 제출과 동시에 가압류 및 보전처분을 신청하며, 관할 법원은 서울중앙지방법원으로 지정한다.",
            "id": "sample_005_0004_000024",
            "annotations": []
        },
        {
            "sentence": "또한 본 사건 관련 내부 문건 및 서버경로 등의 공개는 피고의 영업비밀 침해 우려로 공개금지 가처분을 병행 신청한다.",
            "id": "sample_005_0004_000025",
            "annotations": []
        },
        {
            "sentence": "법률적 의견으로는 피고의 채무불이행이 명백하며, 판례 및 민법상의 일반원칙에 비추어 손해배상 책임이 인정된다고 판단된다.",
            "id": "sample_005_0004_000026",
            "annotations": []
        },
        {
            "sentence": "원고 측 대리인 공세희 변호사는 사건 수임계약서에 서명하였으며, 법원 제출서류의 대표 서명자로 기재된다.",
            "id": "sample_005_0004_000027",
            "annotations": [
                {
                    "word": "공세희",
                    "start": 9,
                    "end": 12,
                    "label": "개인정보"
                }
            ]
        },
        {
            "sentence": "본 문서는 법적 절차용 공식 문서이므로 허위 기재 시 민사·형사상의 책임을 질 수 있음을 고지한다.",
            "id": "sample_005_0004_000028",
            "annotations": []
        }
    ]
}