{
    "document_id": "005_0058",
    "document_title": "민사소송 제기용 법률의견서 및 소장",
    "data": [
        {
            "sentence": "법무팀 제출용 민사소송 관련 법률의견서 및 소장을 제출합니다.",
            "id": "sample_005_0058_000001",
            "annotations": []
        },
        {
            "sentence": "본 문서는 청구원인과 법적 근거, 증거자료를 종합하여 작성되었습니다.",
            "id": "sample_005_0058_000002",
            "annotations": []
        },
        {
            "sentence": "당사 의뢰인은 원고 천석우로서 계약불이행에 따른 손해배상을 청구합니다.",
            "id": "sample_005_0058_000003",
            "annotations": [
                {
                    "word": "천석우",
                    "start": 11,
                    "end": 14,
                    "label": "개인정보"
                }
            ]
        },
        {
            "sentence": "피고는 임채범으로 특정되며 본 소송의 사실관계는 당사자 진술과 증거로 확인됩니다.",
            "id": "sample_005_0058_000004",
            "annotations": [
                {
                    "word": "임채범",
                    "start": 4,
                    "end": 7,
                    "label": "개인정보"
                }
            ]
        },
        {
            "sentence": "관할 법원은 서울중앙지방법원으로 지정하였으며 소장 제출은 해당 법원 규정에 따릅니다.",
            "id": "sample_005_0058_000005",
            "annotations": []
        },
        {
            "sentence": "법적 근거로는 민법 제750조(불법행위로 인한 손해배상) 및 관련 판례를 중심으로 검토하였습니다.",
            "id": "sample_005_0058_000006",
            "annotations": []
        },
        {
            "sentence": "증거목록은 계약서, 통신내역, 계좌이체내역 등으로 구성되어 있으며 각 증거의 증명력을 별도로 기재했습니다.",
            "id": "sample_005_0058_000007",
            "annotations": []
        },
        {
            "sentence": "첨부문서 중 계약서에는 서명 당사자 채정이와 유영후의 명시가 포함되어 있습니다.",
            "id": "sample_005_0058_000008",
            "annotations": [
                {
                    "word": "채정이",
                    "start": 20,
                    "end": 23,
                    "label": "개인정보"
                },
                {
                    "word": "유영후",
                    "start": 25,
                    "end": 28,
                    "label": "개인정보"
                }
            ]
        },
        {
            "sentence": "계약서 상 기재된 상대방 주소는 서울특별시 강남구 역삼동 123-45 501호로 명시되어 있습니다.",
            "id": "sample_005_0058_000009",
            "annotations": [
                {
                    "word": "서울특별시 강남구 역삼동 123-45 501호",
                    "start": 18,
                    "end": 43,
                    "label": "개인정보"
                },
                {
                    "word": "서울특별시",
                    "start": 18,
                    "end": 23,
                    "label": "준식별자"
                },
                {
                    "word": "강남구",
                    "start": 24,
                    "end": 27,
                    "label": "준식별자"
                },
                {
                    "word": "역삼동",
                    "start": 28,
                    "end": 31,
                    "label": "준식별자"
                }
            ]
        },
        {
            "sentence": "원고의 연락처는 휴대전화 010-1234-5678로 문서에 기재되어 있습니다.",
            "id": "sample_005_0058_000010",
            "annotations": [
                {
                    "word": "010-1234-5678",
                    "start": 14,
                    "end": 27,
                    "label": "개인정보"
                }
            ]
        },
        {
            "sentence": "원고의 전자우편 주소는 ysj@legal-example.com으로 제출자료에 기재되어 있습니다.",
            "id": "sample_005_0058_000011",
            "annotations": [
                {
                    "word": "ysj@legal-example.com",
                    "start": 13,
                    "end": 34,
                    "label": "개인정보"
                }
            ]
        },
        {
            "sentence": "원고의 생년월일은 1980년 05월 12일로 확인되며 성별은 남성으로 기재되어 있습니다.",
            "id": "sample_005_0058_000012",
            "annotations": [
                {
                    "word": "1980",
                    "start": 10,
                    "end": 14,
                    "label": "준식별자"
                },
                {
                    "word": "05",
                    "start": 16,
                    "end": 18,
                    "label": "준식별자"
                },
                {
                    "word": "12",
                    "start": 20,
                    "end": 22,
                    "label": "준식별자"
                },
                {
                    "word": "남성",
                    "start": 34,
                    "end": 36,
                    "label": "준식별자"
                }
            ]
        },
        {
            "sentence": "피고의 직장명은 주식회사 금강건설로서 직장주소와 업무지위를 증빙자료로 제출하였습니다.",
            "id": "sample_005_0058_000013",
            "annotations": [
                {
                    "word": "주식회사 금강건설",
                    "start": 9,
                    "end": 18,
                    "label": "준식별자"
                }
            ]
        },
        {
            "sentence": "내부 검토 과정에서 담당자 사번 20204567이 결재이력에 표기되었습니다.",
            "id": "sample_005_0058_000014",
            "annotations": [
                {
                    "word": "20204567",
                    "start": 18,
                    "end": 26,
                    "label": "개인정보"
                }
            ]
        },
        {
            "sentence": "법무팀 연락담당자로 유다비의 이름과 사내 이메일 yudabi@corp.example이 기재되어 있습니다.",
            "id": "sample_005_0058_000015",
            "annotations": [
                {
                    "word": "유다비",
                    "start": 11,
                    "end": 14,
                    "label": "개인정보"
                },
                {
                    "word": "yudabi@corp.example",
                    "start": 27,
                    "end": 46,
                    "label": "개인정보"
                }
            ]
        },
        {
            "sentence": "회사의 지급계좌는 계좌번호 110-123-456789로 확인되며 해당 계좌의 거래내역을 증거로 제출합니다.",
            "id": "sample_005_0058_000016",
            "annotations": [
                {
                    "word": "110-123-456789",
                    "start": 15,
                    "end": 29,
                    "label": "기밀정보"
                }
            ]
        },
        {
            "sentence": "내부 문서 경로 및 서버 접속 관련 정보로는 내부 IP 192.168.10.5와 사내 파일서버 경로가 포함되어 있습니다.",
            "id": "sample_005_0058_000017",
            "annotations": [
                {
                    "word": "192.168.10.5",
                    "start": 31,
                    "end": 43,
                    "label": "기밀정보"
                }
            ]
        },
        {
            "sentence": "본 건의 손해액 산정과 관련하여 비공개 합의서에 합의 예정 금액은 금 오천만원(￦50,000,000)으로 내부 검토 중입니다.",
            "id": "sample_005_0058_000018",
            "annotations": [
                {
                    "word": "￦50,000,000",
                    "start": 44,
                    "end": 55,
                    "label": "기밀정보"
                },
                {
                    "word": "금 오천만원",
                    "start": 37,
                    "end": 43,
                    "label": "기밀정보"
                }
            ]
        },
        {
            "sentence": "증인 진술은 노용현과 고시유의 진술을 포함하며 별도 진술서를 증거로 첨부합니다.",
            "id": "sample_005_0058_000019",
            "annotations": [
                {
                    "word": "노용현",
                    "start": 7,
                    "end": 10,
                    "label": "개인정보"
                },
                {
                    "word": "고시유",
                    "start": 12,
                    "end": 15,
                    "label": "개인정보"
                }
            ]
        },
        {
            "sentence": "본 소장은 민사소송법에 따른 소장기재요건을 충족하도록 작성되었으며 청구취지와 원인 및 증거를 명시하였습니다.",
            "id": "sample_005_0058_000020",
            "annotations": []
        },
        {
            "sentence": "주요 법적 쟁점으로는 계약해제의 유효성, 손해배상책임의 범위 및 불법행위 성립요건이 포함됩니다.",
            "id": "sample_005_0058_000021",
            "annotations": []
        },
        {
            "sentence": "법령 적용을 위하여 민법 제750조 및 관련 판례를 근거로 주장 전개와 판단기준을 제시하였습니다.",
            "id": "sample_005_0058_000022",
            "annotations": []
        },
        {
            "sentence": "제출 서류의 진정성과 증거능력에 관해 법원은 필요시 보완서류를 요구할 수 있음을 안내합니다.",
            "id": "sample_005_0058_000023",
            "annotations": []
        },
        {
            "sentence": "본 문서와 관련한 모든 분쟁의 관할은 서울중앙지방법원으로 합니다.",
            "id": "sample_005_0058_000024",
            "annotations": []
        },
        {
            "sentence": "법률의견서는 당사 법무팀 수석 변호사 유세진이 검토 및 서명하였습니다.",
            "id": "sample_005_0058_000025",
            "annotations": [
                {
                    "word": "유세진",
                    "start": 21,
                    "end": 24,
                    "label": "개인정보"
                }
            ]
        },
        {
            "sentence": "담당자 연락처로는 법무팀 내부 번호 02-3456-7890과 내부망 이메일 legal@company.local이 기재되어 있습니다.",
            "id": "sample_005_0058_000026",
            "annotations": [
                {
                    "word": "02-3456-7890",
                    "start": 20,
                    "end": 32,
                    "label": "개인정보"
                },
                {
                    "word": "legal@company.local",
                    "start": 42,
                    "end": 61,
                    "label": "개인정보"
                }
            ]
        },
        {
            "sentence": "본 의견서는 법률적 조언을 목적으로 작성된 것으로 소송전략 및 대응방안은 기밀로 유지되어야 합니다.",
            "id": "sample_005_0058_000027",
            "annotations": []
        },
        {
            "sentence": "결론적으로 원고의 청구를 인용하여 손해배상 청구를 인정할 충분한 근거가 있으므로 소송을 제기할 것을 권고합니다.",
            "id": "sample_005_0058_000028",
            "annotations": []
        }
    ]
}