{
    "document_id": "005_0010",
    "document_title": "민사소송 소장 및 법률의견서(계약해제 및 손해배상 청구)",
    "data": [
        {
            "sentence": "민사소송을 위하여 작성한 소장 및 법률의견서(이하 '본 문서')를 제출한다.",
            "id": "sample_005_0010_000001",
            "annotations": []
        },
        {
            "sentence": "본 사건은 매매계약의 해제 및 손해배상을 청구하는 사안으로서 원고와 피고 사이의 법적 관계를 확인하는 것이 목적이다.",
            "id": "sample_005_0010_000002",
            "annotations": []
        },
        {
            "sentence": "원고는 홍명서이며 본인 주소는 서울특별시 강남구 역삼동 123-45호에 거주한다.",
            "id": "sample_005_0010_000003",
            "annotations": [
                {
                    "word": "홍명서",
                    "start": 4,
                    "end": 7,
                    "label": "개인정보"
                },
                {
                    "word": "서울특별시 강남구 역삼동 123-45호",
                    "start": 17,
                    "end": 38,
                    "label": "개인정보"
                }
            ]
        },
        {
            "sentence": "원고 홍명서의 생년월일은 1985년 7월 14일이며 성별은 남성이다.",
            "id": "sample_005_0010_000004",
            "annotations": [
                {
                    "word": "홍명서",
                    "start": 3,
                    "end": 6,
                    "label": "개인정보"
                },
                {
                    "word": "1985년",
                    "start": 14,
                    "end": 19,
                    "label": "준식별자"
                },
                {
                    "word": "7월",
                    "start": 20,
                    "end": 22,
                    "label": "준식별자"
                },
                {
                    "word": "14일",
                    "start": 23,
                    "end": 26,
                    "label": "준식별자"
                },
                {
                    "word": "남성",
                    "start": 33,
                    "end": 35,
                    "label": "준식별자"
                }
            ]
        },
        {
            "sentence": "원고의 연락처는 휴대전화 010-1234-5678이고 이메일은 hongms@example.com이다.",
            "id": "sample_005_0010_000005",
            "annotations": [
                {
                    "word": "010-1234-5678",
                    "start": 14,
                    "end": 27,
                    "label": "개인정보"
                },
                {
                    "word": "hongms@example.com",
                    "start": 35,
                    "end": 53,
                    "label": "개인정보"
                }
            ]
        },
        {
            "sentence": "원고의 주민등록번호는 850714-1234567로 기재되어 있다.",
            "id": "sample_005_0010_000006",
            "annotations": [
                {
                    "word": "850714-1234567",
                    "start": 12,
                    "end": 26,
                    "label": "개인정보"
                }
            ]
        },
        {
            "sentence": "피고는 최창규이며 주소는 서울특별시 서초구 반포동 9-10번지로 기재되어 있다.",
            "id": "sample_005_0010_000007",
            "annotations": [
                {
                    "word": "최창규",
                    "start": 4,
                    "end": 7,
                    "label": "개인정보"
                },
                {
                    "word": "서울특별시 서초구 반포동 9-10번지",
                    "start": 14,
                    "end": 34,
                    "label": "개인정보"
                }
            ]
        },
        {
            "sentence": "피고 최창규의 생년월일은 1979년 11월 3일이며 직업은 주식회사 썸텍의 법무담당자이다.",
            "id": "sample_005_0010_000008",
            "annotations": [
                {
                    "word": "최창규",
                    "start": 3,
                    "end": 6,
                    "label": "개인정보"
                },
                {
                    "word": "1979년",
                    "start": 14,
                    "end": 19,
                    "label": "준식별자"
                },
                {
                    "word": "11월",
                    "start": 20,
                    "end": 23,
                    "label": "준식별자"
                },
                {
                    "word": "3일",
                    "start": 24,
                    "end": 26,
                    "label": "준식별자"
                },
                {
                    "word": "주식회사 썸텍",
                    "start": 33,
                    "end": 40,
                    "label": "준식별자"
                }
            ]
        },
        {
            "sentence": "피고의 연락처로는 010-9876-5432와 이메일 chcg@example.net이 기재되어 있다.",
            "id": "sample_005_0010_000009",
            "annotations": [
                {
                    "word": "010-9876-5432",
                    "start": 10,
                    "end": 23,
                    "label": "개인정보"
                },
                {
                    "word": "chcg@example.net",
                    "start": 29,
                    "end": 45,
                    "label": "개인정보"
                }
            ]
        },
        {
            "sentence": "원고와 피고는 2022년 5월 1일에 체결한 매매계약서를 근거로 분쟁이 발생하였다.",
            "id": "sample_005_0010_000010",
            "annotations": [
                {
                    "word": "2022년",
                    "start": 8,
                    "end": 13,
                    "label": "준식별자"
                },
                {
                    "word": "5월",
                    "start": 14,
                    "end": 16,
                    "label": "준식별자"
                },
                {
                    "word": "1일",
                    "start": 17,
                    "end": 19,
                    "label": "준식별자"
                }
            ]
        },
        {
            "sentence": "문제되는 계약서에는 비밀유지조항이 포함되어 있으며 해당 조항은 당사자 간 기밀로 분류되어 있다.",
            "id": "sample_005_0010_000011",
            "annotations": [
                {
                    "word": "비밀유지조항",
                    "start": 11,
                    "end": 17,
                    "label": "기밀정보"
                }
            ]
        },
        {
            "sentence": "당사자의 계약상 대금지급 계좌는 국민은행 111-222-333333이며 이는 기밀정보로 관리되어야 한다.",
            "id": "sample_005_0010_000012",
            "annotations": [
                {
                    "word": "국민은행 111-222-333333",
                    "start": 18,
                    "end": 37,
                    "label": "기밀정보"
                }
            ]
        },
        {
            "sentence": "피고가 내부 결재선에서 승인한 문서의 파일 경로는 /internal/docs/approval/2022/contract_draft.docx로 확인된다.",
            "id": "sample_005_0010_000013",
            "annotations": [
                {
                    "word": "/internal/docs/approval/2022/contract_draft.docx",
                    "start": 28,
                    "end": 76,
                    "label": "기밀정보"
                },
                {
                    "word": "내부 결재선",
                    "start": 4,
                    "end": 10,
                    "label": "기밀정보"
                }
            ]
        },
        {
            "sentence": "해당 문서는 사내 보안정책에 따라 외부 전송이 금지된 문서로 분류되어 있다.",
            "id": "sample_005_0010_000014",
            "annotations": [
                {
                    "word": "사내 보안정책",
                    "start": 7,
                    "end": 14,
                    "label": "기밀정보"
                }
            ]
        },
        {
            "sentence": "본 소장은 계약 해제의 사유와 손해액 산정의 근거를 법리적으로 정리하여 제출한다.",
            "id": "sample_005_0010_000015",
            "annotations": []
        },
        {
            "sentence": "법적 쟁점으로는 계약의 해제 요건과 채무불이행에 따른 손해배상책임의 발생 여부가 있다.",
            "id": "sample_005_0010_000016",
            "annotations": []
        },
        {
            "sentence": "관련 법령으로는 민법 제390조(손해배상) 및 계약해제에 관한 관련 규정을 중심으로 검토하였다.",
            "id": "sample_005_0010_000017",
            "annotations": []
        },
        {
            "sentence": "판례 및 학설을 검토한 결과 채무불이행의 고의·과실 여부와 손해의 개연성을 입증하는 자료가 핵심임을 확인하였다.",
            "id": "sample_005_0010_000018",
            "annotations": []
        },
        {
            "sentence": "원고는 계약금 반환 및 손해배상을 청구하며 산정 근거로는 실제 지출 내역과 예상 이익 손실을 제시하였다.",
            "id": "sample_005_0010_000019",
            "annotations": []
        },
        {
            "sentence": "원고가 제출한 증거 목록에는 통장 사본과 내부 이메일 전문이 포함되어 있다.",
            "id": "sample_005_0010_000020",
            "annotations": []
        },
        {
            "sentence": "피고는 일부 채무불이행 사실은 인정하나 손해액 과다를 주장하고 있다.",
            "id": "sample_005_0010_000021",
            "annotations": []
        },
        {
            "sentence": "관할 법원은 서울중앙지방법원 민사합의부로 한다.",
            "id": "sample_005_0010_000022",
            "annotations": []
        },
        {
            "sentence": "본 법률의견서는 의뢰인의 비밀을 보호하기 위하여 관련 기밀정보를 별도 첨부파일에 암호화하여 제출하였다.",
            "id": "sample_005_0010_000023",
            "annotations": []
        },
        {
            "sentence": "첨부된 기밀파일은 암호 'P@ssw0rd!'로 보호되어 있으며 내부 보안 규정상 비공개이다.",
            "id": "sample_005_0010_000024",
            "annotations": [
                {
                    "word": "P@ssw0rd!",
                    "start": 14,
                    "end": 23,
                    "label": "기밀정보"
                }
            ]
        },
        {
            "sentence": "참고로 원고 측 대리인은 주수리 변호사이며 연락처는 010-5555-6666이다.",
            "id": "sample_005_0010_000025",
            "annotations": [
                {
                    "word": "주수리",
                    "start": 14,
                    "end": 17,
                    "label": "개인정보"
                },
                {
                    "word": "010-5555-6666",
                    "start": 29,
                    "end": 42,
                    "label": "개인정보"
                }
            ]
        },
        {
            "sentence": "피고 측 담당자는 채문승이며 소속 부서 및 직통번호는 내부문서에 기재되어 있다.",
            "id": "sample_005_0010_000026",
            "annotations": [
                {
                    "word": "채문승",
                    "start": 10,
                    "end": 13,
                    "label": "개인정보"
                }
            ]
        },
        {
            "sentence": "본 소장 제출에 따른 절차적 요청사항 및 향후 일정은 첨부한 준비서면을 기준으로 한다.",
            "id": "sample_005_0010_000027",
            "annotations": []
        },
        {
            "sentence": "결론적으로 원고의 청구를 인용하여 계약해제 및 손해배상을 명할 것을 제출 취지로 한다.",
            "id": "sample_005_0010_000028",
            "annotations": []
        }
    ]
}