{
    "document_id": "005_0038",
    "document_title": "민사소송(계약불이행) 소장 및 법률의견서",
    "data": [
        {
            "sentence": "본 문서는 민사소송(계약불이행) 관련 소장 및 법률의견서를 통합하여 작성한 공식 문서입니다.",
            "id": "sample_005_0038_000001",
            "annotations": []
        },
        {
            "sentence": "원고는 심아람이며, 이하 본 소장에서는 원고를 '심아람'으로 표기합니다.",
            "id": "sample_005_0038_000002",
            "annotations": [
                {
                    "word": "심아람",
                    "start": 4,
                    "end": 7,
                    "label": "개인정보"
                },
                {
                    "word": "심아람",
                    "start": 27,
                    "end": 30,
                    "label": "개인정보"
                }
            ]
        },
        {
            "sentence": "피고는 양준상으로서 본 소송에서는 계약불이행에 따른 책임을 묻고자 합니다.",
            "id": "sample_005_0038_000003",
            "annotations": [
                {
                    "word": "양준상",
                    "start": 4,
                    "end": 7,
                    "label": "개인정보"
                }
            ]
        },
        {
            "sentence": "원고의 주소는 서울특별시 강남구 역삼동 123-45 301동 1203호로 본 건 소장에 기재합니다.",
            "id": "sample_005_0038_000004",
            "annotations": [
                {
                    "word": "서울특별시 강남구 역삼동 123-45 301동 1203호",
                    "start": 8,
                    "end": 39,
                    "label": "개인정보"
                },
                {
                    "word": "서울특별시",
                    "start": 8,
                    "end": 13,
                    "label": "준식별자"
                },
                {
                    "word": "강남구",
                    "start": 14,
                    "end": 17,
                    "label": "준식별자"
                },
                {
                    "word": "역삼동",
                    "start": 18,
                    "end": 21,
                    "label": "준식별자"
                }
            ]
        },
        {
            "sentence": "원고의 주민등록번호는 820101-1234567로 본 소장 제출용 자료에 기재합니다.",
            "id": "sample_005_0038_000005",
            "annotations": [
                {
                    "word": "820101-1234567",
                    "start": 12,
                    "end": 26,
                    "label": "개인정보"
                }
            ]
        },
        {
            "sentence": "원고의 연락처는 010-1234-5678이며, 전자우편 주소는 simaram@example.com으로 통지 가능합니다.",
            "id": "sample_005_0038_000006",
            "annotations": [
                {
                    "word": "010-1234-5678",
                    "start": 9,
                    "end": 22,
                    "label": "개인정보"
                },
                {
                    "word": "simaram@example.com",
                    "start": 35,
                    "end": 54,
                    "label": "개인정보"
                }
            ]
        },
        {
            "sentence": "원고의 성별은 여성이며, 생년월일은 1982년 01월 01일로 확인됩니다.",
            "id": "sample_005_0038_000007",
            "annotations": [
                {
                    "word": "여성",
                    "start": 8,
                    "end": 10,
                    "label": "준식별자"
                },
                {
                    "word": "1982년",
                    "start": 20,
                    "end": 25,
                    "label": "준식별자"
                },
                {
                    "word": "01월",
                    "start": 26,
                    "end": 29,
                    "label": "준식별자"
                },
                {
                    "word": "01일",
                    "start": 30,
                    "end": 33,
                    "label": "준식별자"
                }
            ]
        },
        {
            "sentence": "원고는 ABC무역(주) 법무팀 소속으로 재직 중이며 본 건과 관련된 직무상 자료를 제출합니다.",
            "id": "sample_005_0038_000008",
            "annotations": [
                {
                    "word": "ABC무역(주) 법무팀",
                    "start": 4,
                    "end": 16,
                    "label": "준식별자"
                }
            ]
        },
        {
            "sentence": "본 사건은 계약서상의 납품지연 및 이에 따른 손해배상 청구에 관한 민사소송입니다.",
            "id": "sample_005_0038_000009",
            "annotations": []
        },
        {
            "sentence": "당사자 간 체결된 계약서는 서면 합의에 따라 납품기한과 대금지급 조건을 규정하고 있습니다.",
            "id": "sample_005_0038_000010",
            "annotations": []
        },
        {
            "sentence": "피고는 계약서 제5조에서 정한 이행기한을 위반하였고, 이에 따른 손해를 배상할 법적 의무가 있습니다.",
            "id": "sample_005_0038_000011",
            "annotations": []
        },
        {
            "sentence": "원고가 청구하는 손해배상액은 합계 금 오천만원(합의금 50,000,000원)으로 산정하였습니다.",
            "id": "sample_005_0038_000012",
            "annotations": [
                {
                    "word": "합의금 50,000,000원",
                    "start": 26,
                    "end": 41,
                    "label": "기밀정보"
                }
            ]
        },
        {
            "sentence": "본 소장은 관할 법원을 서울중앙지방법원으로 명시하며 관할 권한에 관한 이의가 없습니다.",
            "id": "sample_005_0038_000013",
            "annotations": []
        },
        {
            "sentence": "관련 법적 근거로는 민법 제390조(채무불이행에 의한 손해배상) 및 민사소송법의 관련 규정을 인용합니다.",
            "id": "sample_005_0038_000014",
            "annotations": []
        },
        {
            "sentence": "첨부된 계약서 원본 및 관련 서류는 내부파일 경로 //srv/internal/contracts/005_0038/심사완료.pdf에 보관되어 있습니다.",
            "id": "sample_005_0038_000015",
            "annotations": [
                {
                    "word": "//srv/internal/contracts/005_0038/심사완료.pdf",
                    "start": 28,
                    "end": 70,
                    "label": "기밀정보"
                }
            ]
        },
        {
            "sentence": "합의금 지급을 위한 계좌는 국민은행 계좌번호 123-456-789012로 지정되어 있으며 지급 절차는 별도 협의합니다.",
            "id": "sample_005_0038_000016",
            "annotations": [
                {
                    "word": "국민은행 계좌번호 123-456-789012",
                    "start": 15,
                    "end": 39,
                    "label": "기밀정보"
                }
            ]
        },
        {
            "sentence": "본 사건에 대한 법률검토는 법무대리인 권재건 변호사가 담당하였음을 명시합니다.",
            "id": "sample_005_0038_000017",
            "annotations": [
                {
                    "word": "권재건",
                    "start": 21,
                    "end": 24,
                    "label": "개인정보"
                }
            ]
        },
        {
            "sentence": "법무검토서에는 계약서의 해석, 손해산정 방법, 입증자료 목록 및 소송전략이 상세히 기재되어 있습니다.",
            "id": "sample_005_0038_000018",
            "annotations": []
        },
        {
            "sentence": "증거로 제출할 영수증, 송장, 운송장 및 통장사본 등의 원본은 첨부물로 제출되어 본 문서와 함께 보관됩니다.",
            "id": "sample_005_0038_000019",
            "annotations": []
        },
        {
            "sentence": "소송의 제출 기한과 관련하여 당사자는 별도의 서면 통지에 따라 적시에 대응해야 합니다.",
            "id": "sample_005_0038_000020",
            "annotations": []
        },
        {
            "sentence": "원고는 피고에 대하여 계약해제 및 손해배상을 청구하며 필요한 경우 가압류 등 보전조치를 신청합니다.",
            "id": "sample_005_0038_000021",
            "annotations": []
        },
        {
            "sentence": "본 법률의견서는 법적 리스크 분석, 입증자료 목록, 소송비용 및 승소가능성에 대한 전문적 판단을 포함합니다.",
            "id": "sample_005_0038_000022",
            "annotations": []
        },
        {
            "sentence": "본 문서의 검토 및 제출을 위하여 연락 가능한 대리인은 권재건의 대리인 손강산 변호사로 지정합니다.",
            "id": "sample_005_0038_000023",
            "annotations": [
                {
                    "word": "권재건",
                    "start": 31,
                    "end": 34,
                    "label": "개인정보"
                },
                {
                    "word": "손강산",
                    "start": 40,
                    "end": 43,
                    "label": "개인정보"
                }
            ]
        },
        {
            "sentence": "본건과 관련된 내부 결재선 및 내부 검토자료는 비공개 사항으로 외부 유출이 엄격히 금지됩니다.",
            "id": "sample_005_0038_000024",
            "annotations": []
        },
        {
            "sentence": "본 문서를 근거로 한 공동합의가 이루어진 경우에는 합의서에 기재된 비공개 조항의 효력이 존속함을 확인합니다.",
            "id": "sample_005_0038_000025",
            "annotations": []
        },
        {
            "sentence": "본 문서에 기재된 사실과 첨부문서는 모두 사실에 근거하였으며 허위사실 적시에 법적 책임을 부담합니다.",
            "id": "sample_005_0038_000026",
            "annotations": []
        }
    ]
}