{
    "document_id": "005_0078",
    "document_title": "손해배상 청구소장",
    "data": [
        {
            "sentence": "본 사건은 원고 주서혁이 피고 채리영을 상대로 제기하는 손해배상 청구사건임.",
            "id": "sample_005_0078_000001",
            "annotations": [
                {
                    "word": "주서혁",
                    "start": 9,
                    "end": 12,
                    "label": "개인정보"
                },
                {
                    "word": "채리영",
                    "start": 17,
                    "end": 20,
                    "label": "개인정보"
                }
            ]
        },
        {
            "sentence": "원고의 주소는 서울특별시 강남구 테헤란로 123, 101동 1001호로서 본 소장의 송달 및 의사표시를 위한 주소로 지정한다.",
            "id": "sample_005_0078_000002",
            "annotations": [
                {
                    "word": "서울특별시 강남구 테헤란로 123, 101동 1001호",
                    "start": 8,
                    "end": 38,
                    "label": "개인정보"
                }
            ]
        },
        {
            "sentence": "원고의 주민등록번호는 900101-1234567이며 연락처는 010-1234-5678, 전자우편은 seo@example.com이다.",
            "id": "sample_005_0078_000003",
            "annotations": [
                {
                    "word": "900101-1234567",
                    "start": 12,
                    "end": 26,
                    "label": "개인정보"
                },
                {
                    "word": "010-1234-5678",
                    "start": 34,
                    "end": 47,
                    "label": "개인정보"
                },
                {
                    "word": "seo@example.com",
                    "start": 55,
                    "end": 70,
                    "label": "개인정보"
                }
            ]
        },
        {
            "sentence": "피고의 주소는 경기도 성남시 분당구 서현동으로 확인된다.",
            "id": "sample_005_0078_000004",
            "annotations": [
                {
                    "word": "경기도",
                    "start": 8,
                    "end": 11,
                    "label": "준식별자"
                },
                {
                    "word": "성남시 분당구",
                    "start": 12,
                    "end": 19,
                    "label": "준식별자"
                },
                {
                    "word": "서현동",
                    "start": 20,
                    "end": 23,
                    "label": "준식별자"
                }
            ]
        },
        {
            "sentence": "피고의 생년월일은 1985년 6월 15일로 확인되며 성별은 여성이다.",
            "id": "sample_005_0078_000005",
            "annotations": [
                {
                    "word": "1985년",
                    "start": 10,
                    "end": 15,
                    "label": "준식별자"
                },
                {
                    "word": "6월",
                    "start": 16,
                    "end": 18,
                    "label": "준식별자"
                },
                {
                    "word": "15일",
                    "start": 19,
                    "end": 22,
                    "label": "준식별자"
                },
                {
                    "word": "여성",
                    "start": 33,
                    "end": 35,
                    "label": "준식별자"
                }
            ]
        },
        {
            "sentence": "원고는 서울중앙지방법원을 제1심 관할 법원으로 선택한다.",
            "id": "sample_005_0078_000006",
            "annotations": []
        },
        {
            "sentence": "사건의 쟁점은 피고의 불법행위로 인한 손해의 존재와 인과관계, 그리고 손해액의 산정에 있다.",
            "id": "sample_005_0078_000007",
            "annotations": []
        },
        {
            "sentence": "사실관계로서 원고는 2024년 3월 10일 피고가 운전하던 차량과 충돌하여 신체적 및 재산상 손해를 입었다.",
            "id": "sample_005_0078_000008",
            "annotations": []
        },
        {
            "sentence": "피고의 차량 보험회사 계좌번호 123-45-678901는 본건 합의과정에서 비공개로 결정되었다.",
            "id": "sample_005_0078_000009",
            "annotations": [
                {
                    "word": "123-45-678901",
                    "start": 17,
                    "end": 30,
                    "label": "기밀정보"
                }
            ]
        },
        {
            "sentence": "원고는 피고에게 치료비, 휴업손해 및 위자료를 합계 금 일천오백만원을 청구한다.",
            "id": "sample_005_0078_000010",
            "annotations": []
        },
        {
            "sentence": "청구원인은 불법행위에 의한 손해배상으로서 민법 제750조에 근거한다.",
            "id": "sample_005_0078_000011",
            "annotations": []
        },
        {
            "sentence": "또한 계약상 귀책으로 인한 손해는 민법 제390조 내지 제391조의 규정에 따라 계산된다.",
            "id": "sample_005_0078_000012",
            "annotations": []
        },
        {
            "sentence": "증거로서는 진단서, 치료비 영수증, 차량 수리비 견적서 및 사고 당시의 사진을 제출할 예정이다.",
            "id": "sample_005_0078_000013",
            "annotations": []
        },
        {
            "sentence": "원고는 치료를 위해 총 치료비 6,000,000원을 지출하였으며 영수증을 첨부한다.",
            "id": "sample_005_0078_000014",
            "annotations": []
        },
        {
            "sentence": "피고의 직장명은 (주)한빛물류이며 직업은 회사원으로 확인된다.",
            "id": "sample_005_0078_000015",
            "annotations": [
                {
                    "word": "(주)한빛물류",
                    "start": 9,
                    "end": 16,
                    "label": "준식별자"
                },
                {
                    "word": "회사원",
                    "start": 23,
                    "end": 26,
                    "label": "준식별자"
                }
            ]
        },
        {
            "sentence": "사건 경위를 자세히 보면 피고의 전방주시 태만과 신호위반이 사고의 직접적 원인이다.",
            "id": "sample_005_0078_000016",
            "annotations": []
        },
        {
            "sentence": "본 소장은 원고의 법률대리인 노호천 변호사가 작성하였음을 밝힌다.",
            "id": "sample_005_0078_000017",
            "annotations": [
                {
                    "word": "노호천",
                    "start": 16,
                    "end": 19,
                    "label": "개인정보"
                }
            ]
        },
        {
            "sentence": "원고의 기타 연락처로는 사무실 전화 02-555-0101이 기재되어 있다.",
            "id": "sample_005_0078_000018",
            "annotations": [
                {
                    "word": "02-555-0101",
                    "start": 20,
                    "end": 31,
                    "label": "개인정보"
                }
            ]
        },
        {
            "sentence": "피고는 본 소송에 대하여 변론기일 내에 답변서를 제출하여야 한다.",
            "id": "sample_005_0078_000019",
            "annotations": []
        },
        {
            "sentence": "원고는 소송비용과 지연손해금을 피고가 부담할 것을 청구한다.",
            "id": "sample_005_0078_000020",
            "annotations": []
        },
        {
            "sentence": "본 문서에는 내부 결재선 및 합의조건 일부가 기재되어 있으나 그 세부사항은 기밀로 분류되어 공개하지 않는다.",
            "id": "sample_005_0078_000021",
            "annotations": []
        },
        {
            "sentence": "피고 회사의 내부 결재 코드 IC-2024-07-A는 외부 유출을 금지하는 기밀문서로 분류된다.",
            "id": "sample_005_0078_000022",
            "annotations": [
                {
                    "word": "IC-2024-07-A",
                    "start": 16,
                    "end": 28,
                    "label": "기밀정보"
                }
            ]
        },
        {
            "sentence": "원고는 치료비 입금 확인을 위하여 피고가 제공한 계좌번호 110-123-456789로 송금하였음을 증거로 제출한다.",
            "id": "sample_005_0078_000023",
            "annotations": [
                {
                    "word": "110-123-456789",
                    "start": 32,
                    "end": 46,
                    "label": "기밀정보"
                }
            ]
        },
        {
            "sentence": "원고의 주민등록등본과 가족관계증명서가 증거로 제출될 예정이며 이는 신원확인을 위한 것이다.",
            "id": "sample_005_0078_000024",
            "annotations": []
        },
        {
            "sentence": "소송진행과 관련한 모든 서신은 원고의 대리인 주소로 송달할 것을 청구한다.",
            "id": "sample_005_0078_000025",
            "annotations": []
        },
        {
            "sentence": "본 사건에 관하여 법원은 증거조사를 위해 민사소송법에 따라 필요한 명령을 할 수 있다.",
            "id": "sample_005_0078_000026",
            "annotations": []
        },
        {
            "sentence": "원고는 위와 같은 사실에 기초하여 피고에게 손해배상금 총 금 일천오백만원과 소송비용을 지급할 것을 청구한다.",
            "id": "sample_005_0078_000027",
            "annotations": []
        },
        {
            "sentence": "끝으로 본 소장은 원고 및 법률대리인의 서명과 함께 제출된다.",
            "id": "sample_005_0078_000028",
            "annotations": []
        }
    ]
}