{
    "document_id": "005_0087",
    "document_title": "법률자문 및 계약대행 위임계약서",
    "data": [
        {
            "sentence": "본 계약서는 당사자 간 권리와 의무를 명확히 하기 위하여 작성된 민사계약서이다.",
            "id": "sample_005_0087_000001",
            "annotations": []
        },
        {
            "sentence": "갑(이하 '갑'이라 한다)은 주식회사 블루시스템의 대표이사 임리우(주민등록번호 900101-1234567, 주소 서울특별시 강남구 역삼동 123-45, 101동 501호, 연락처 010-1234-5678, 이메일 imriwoo@bluesys.co.kr)이다.",
            "id": "sample_005_0087_000002",
            "annotations": [
                {
                    "word": "임리우",
                    "start": 33,
                    "end": 36,
                    "label": "개인정보"
                },
                {
                    "word": "900101-1234567",
                    "start": 44,
                    "end": 58,
                    "label": "개인정보"
                },
                {
                    "word": "서울특별시",
                    "start": 63,
                    "end": 68,
                    "label": "준식별자"
                },
                {
                    "word": "강남구",
                    "start": 69,
                    "end": 72,
                    "label": "준식별자"
                },
                {
                    "word": "역삼동",
                    "start": 73,
                    "end": 76,
                    "label": "준식별자"
                },
                {
                    "word": "123-45",
                    "start": 77,
                    "end": 83,
                    "label": "개인정보"
                },
                {
                    "word": "101동 501호",
                    "start": 85,
                    "end": 94,
                    "label": "개인정보"
                },
                {
                    "word": "010-1234-5678",
                    "start": 100,
                    "end": 113,
                    "label": "개인정보"
                },
                {
                    "word": "imriwoo@bluesys.co.kr",
                    "start": 119,
                    "end": 140,
                    "label": "개인정보"
                },
                {
                    "word": "주식회사 블루시스템",
                    "start": 16,
                    "end": 26,
                    "label": "준식별자"
                }
            ]
        },
        {
            "sentence": "을(이하 '을'이라 한다)은 법무팀장 정슬(사번 2021-0456, 생년월일 1985년 5월 20일, 연락처 010-8765-4321)로서 본 계약의 이행을 담당한다.",
            "id": "sample_005_0087_000003",
            "annotations": [
                {
                    "word": "정슬",
                    "start": 21,
                    "end": 23,
                    "label": "개인정보"
                },
                {
                    "word": "2021-0456",
                    "start": 27,
                    "end": 36,
                    "label": "개인정보"
                },
                {
                    "word": "1985년",
                    "start": 43,
                    "end": 48,
                    "label": "준식별자"
                },
                {
                    "word": "5월",
                    "start": 49,
                    "end": 51,
                    "label": "준식별자"
                },
                {
                    "word": "20일",
                    "start": 52,
                    "end": 55,
                    "label": "준식별자"
                },
                {
                    "word": "010-8765-4321",
                    "start": 61,
                    "end": 74,
                    "label": "개인정보"
                },
                {
                    "word": "법무팀장",
                    "start": 16,
                    "end": 20,
                    "label": "준식별자"
                }
            ]
        },
        {
            "sentence": "본 계약의 목적은 갑이 을에게 법률 자문 및 계약 대행 업무를 위임하는 데 있다.",
            "id": "sample_005_0087_000004",
            "annotations": []
        },
        {
            "sentence": "본 계약에 관한 해석 및 효력은 관련 법령, 특히 민법 제390조(채무불이행) 및 민법 제750조(불법행위에 의한 손해배상)에 따른다.",
            "id": "sample_005_0087_000005",
            "annotations": []
        },
        {
            "sentence": "계약의 효력 발생일은 계약서 서명일로 하며, 본 계약은 체결일로부터 유효하다.",
            "id": "sample_005_0087_000006",
            "annotations": []
        },
        {
            "sentence": "을은 본 계약의 수행을 위하여 필요한 범위 내에서 갑의 내부 자료를 열람할 수 있다.",
            "id": "sample_005_0087_000007",
            "annotations": []
        },
        {
            "sentence": "을은 갑의 내부 자료 중 외부 공개가 금지된 정보를 제3자에게 제공하여서는 아니 된다.",
            "id": "sample_005_0087_000008",
            "annotations": []
        },
        {
            "sentence": "비밀유지의무 위반 시 을은 계약금액 전액 및 발생한 손해를 배상하여야 한다.",
            "id": "sample_005_0087_000009",
            "annotations": []
        },
        {
            "sentence": "본 계약의 계약금액은 금 일억원정(₩100,000,000)으로 정하며, 구체적 지급 조건은 별도 합의서를 따른다.",
            "id": "sample_005_0087_000010",
            "annotations": [
                {
                    "word": "₩100,000,000",
                    "start": 19,
                    "end": 31,
                    "label": "기밀정보"
                }
            ]
        },
        {
            "sentence": "갑은 계약 이행을 위하여 농협 계좌 301-012345-6789(예금주: 주식회사 블루시스템)로 계약금을 송금한다.",
            "id": "sample_005_0087_000011",
            "annotations": [
                {
                    "word": "301-012345-6789",
                    "start": 20,
                    "end": 35,
                    "label": "기밀정보"
                }
            ]
        },
        {
            "sentence": "위 거래의 계좌번호 및 금융거래 정보는 기밀정보로서 제3자에게 제공할 수 없다.",
            "id": "sample_005_0087_000012",
            "annotations": []
        },
        {
            "sentence": "계약 관련 내부 결재선은 법무팀장 안승율의 최종 승인을 요하며, 결재 절차는 사내 규정에 따른다.",
            "id": "sample_005_0087_000013",
            "annotations": [
                {
                    "word": "안승율",
                    "start": 19,
                    "end": 22,
                    "label": "개인정보"
                }
            ]
        },
        {
            "sentence": "본 계약의 수행 과정에서 수집된 개인정보는 개인정보 보호법에 따라 처리하고, 필요한 경우 별도 동의를 받는다.",
            "id": "sample_005_0087_000014",
            "annotations": []
        },
        {
            "sentence": "갑과 을은 본 계약과 관련하여 수집되는 개인정보의 목적, 보유기간 및 파기절차를 상호 서면으로 합의한다.",
            "id": "sample_005_0087_000015",
            "annotations": []
        },
        {
            "sentence": "계약의 해석에 관하여 분쟁이 발생할 경우 당사자들은 우선 협의를 통해 해결하도록 노력하여야 한다.",
            "id": "sample_005_0087_000016",
            "annotations": []
        },
        {
            "sentence": "협의가 결렬되는 경우 본 계약에 관한 소송의 관할법원은 서울중앙지방법원으로 한다.",
            "id": "sample_005_0087_000017",
            "annotations": []
        },
        {
            "sentence": "본 계약은 당사자 쌍방의 서명으로 작성되며, 서명된 각 사본은 원본과 동일한 효력을 가진다.",
            "id": "sample_005_0087_000018",
            "annotations": []
        },
        {
            "sentence": "계약 수행을 위한 담당자 중 심크리스토퍼는 현장 관리 및 일정 조정 업무를 수행한다.",
            "id": "sample_005_0087_000019",
            "annotations": [
                {
                    "word": "심크리스토퍼",
                    "start": 16,
                    "end": 22,
                    "label": "개인정보"
                }
            ]
        },
        {
            "sentence": "담당자 심크리스토퍼의 직접 연락처는 010-2222-3333으로서 긴급연락에 한하여 사용된다.",
            "id": "sample_005_0087_000020",
            "annotations": [
                {
                    "word": "010-2222-3333",
                    "start": 20,
                    "end": 33,
                    "label": "개인정보"
                }
            ]
        },
        {
            "sentence": "당사자 일방의 귀책사유로 계약이 해제되는 경우 상대방은 손해배상을 청구할 수 있다.",
            "id": "sample_005_0087_000021",
            "annotations": []
        },
        {
            "sentence": "갑은 계약의 원활한 이행을 위해 을에게 관련 시스템 접근권한을 제한적으로 제공할 수 있다.",
            "id": "sample_005_0087_000022",
            "annotations": []
        },
        {
            "sentence": "을은 시스템 접근에 대한 로그 및 보안 절차를 준수하여야 하며, 접근정보는 보안상 기밀로 취급된다.",
            "id": "sample_005_0087_000023",
            "annotations": []
        },
        {
            "sentence": "본 계약과 관련된 통지의 수령지는 각 당사자가 계약서에 기재한 주소로 하며, 변경 시 즉시 서면으로 통지한다.",
            "id": "sample_005_0087_000024",
            "annotations": []
        },
        {
            "sentence": "당사자들의 주소 중 서울특별시 및 강남구 등 관할 표시는 관할 결정에 참작될 수 있다.",
            "id": "sample_005_0087_000025",
            "annotations": []
        },
        {
            "sentence": "본 계약의 일부 조항이 무효가 되더라도 나머지 조항은 계속 유효하며, 필요한 경우 당사자들은 협의하여 대체조항을 정한다.",
            "id": "sample_005_0087_000026",
            "annotations": []
        },
        {
            "sentence": "본 계약에 관하여 발생하는 세부 절차와 분쟁해결 방안은 별첨의 운영지침을 따른다.",
            "id": "sample_005_0087_000027",
            "annotations": []
        },
        {
            "sentence": "본 계약서에 동의하여 아래 당사자의 대표자가 서명함으로써 본 계약은 효력을 발생한다.",
            "id": "sample_005_0087_000028",
            "annotations": []
        }
    ]
}