{
    "document_id": "005_0016",
    "document_title": "민사 소장 및 법률 의견서",
    "data": [
        {
            "sentence": "민사 소장 및 법률 의견서를 제출함에 있어 사실관계와 법리를 정리하여 보고한다.",
            "id": "sample_005_0016_000001",
            "annotations": []
        },
        {
            "sentence": "본 문서는 원고의 청구 취지와 입증자료를 근거로 하여 제출되는 공식 문서이다.",
            "id": "sample_005_0016_000002",
            "annotations": []
        },
        {
            "sentence": "원고 정하얀(이하 \"원고\")은 이 소에서 손해배상을 청구한다.",
            "id": "sample_005_0016_000003",
            "annotations": [
                {
                    "word": "정하얀",
                    "start": 3,
                    "end": 6,
                    "label": "개인정보"
                }
            ]
        },
        {
            "sentence": "피고 백길우(이하 \"피고\")는 계약상 의무를 이행하지 아니하였다.",
            "id": "sample_005_0016_000004",
            "annotations": [
                {
                    "word": "백길우",
                    "start": 3,
                    "end": 6,
                    "label": "개인정보"
                }
            ]
        },
        {
            "sentence": "원고의 주민등록번호는 800101-1234567로 본 소장에 기재되어 있다.",
            "id": "sample_005_0016_000005",
            "annotations": [
                {
                    "word": "800101-1234567",
                    "start": 12,
                    "end": 26,
                    "label": "개인정보"
                }
            ]
        },
        {
            "sentence": "피고의 연락처는 010-1234-5678로 제출된 연락처 명세에 표시되어 있다.",
            "id": "sample_005_0016_000006",
            "annotations": [
                {
                    "word": "010-1234-5678",
                    "start": 9,
                    "end": 22,
                    "label": "개인정보"
                }
            ]
        },
        {
            "sentence": "원고의 이메일 주소는 jhayan@example.com으로 사건 접수 당시 제출되었다.",
            "id": "sample_005_0016_000007",
            "annotations": [
                {
                    "word": "jhayan@example.com",
                    "start": 12,
                    "end": 30,
                    "label": "개인정보"
                }
            ]
        },
        {
            "sentence": "원고의 주소는 서울특별시 마포구 합정동 123-45 101동 1001호로 본 소장에 기재된다.",
            "id": "sample_005_0016_000008",
            "annotations": [
                {
                    "word": "서울특별시 마포구 합정동 123-45 101동 1001호",
                    "start": 8,
                    "end": 39,
                    "label": "개인정보"
                },
                {
                    "word": "서울특별시",
                    "start": 8,
                    "end": 13,
                    "label": "준식별자"
                },
                {
                    "word": "마포구",
                    "start": 14,
                    "end": 17,
                    "label": "준식별자"
                },
                {
                    "word": "합정동",
                    "start": 18,
                    "end": 21,
                    "label": "준식별자"
                }
            ]
        },
        {
            "sentence": "담당 변호사는 민예주 변호사이며, 소속 사번은 20203123이다.",
            "id": "sample_005_0016_000009",
            "annotations": [
                {
                    "word": "민예주",
                    "start": 8,
                    "end": 11,
                    "label": "개인정보"
                },
                {
                    "word": "20203123",
                    "start": 26,
                    "end": 34,
                    "label": "개인정보"
                }
            ]
        },
        {
            "sentence": "원고 정하얀은 여성으로 기재되어 있으며 이는 사건기재에 반영된다.",
            "id": "sample_005_0016_000010",
            "annotations": [
                {
                    "word": "정하얀",
                    "start": 3,
                    "end": 6,
                    "label": "개인정보"
                },
                {
                    "word": "여성",
                    "start": 8,
                    "end": 10,
                    "label": "준식별자"
                }
            ]
        },
        {
            "sentence": "원고의 생년월일은 1980년 1월 1일로 확인된다.",
            "id": "sample_005_0016_000011",
            "annotations": [
                {
                    "word": "1980",
                    "start": 10,
                    "end": 14,
                    "label": "준식별자"
                },
                {
                    "word": "1",
                    "start": 10,
                    "end": 11,
                    "label": "준식별자"
                },
                {
                    "word": "1",
                    "start": 16,
                    "end": 17,
                    "label": "준식별자"
                },
                {
                    "word": "1",
                    "start": 19,
                    "end": 20,
                    "label": "준식별자"
                }
            ]
        },
        {
            "sentence": "피고 백길우의 직장명은 한국로펌주식회사로 기재되어 있다.",
            "id": "sample_005_0016_000012",
            "annotations": [
                {
                    "word": "백길우",
                    "start": 3,
                    "end": 6,
                    "label": "개인정보"
                },
                {
                    "word": "한국로펌주식회사",
                    "start": 13,
                    "end": 21,
                    "label": "준식별자"
                }
            ]
        },
        {
            "sentence": "해당 사건 관련 보전금은 피고 계좌 110-123456-789로 입금된 사실이 확인된다.",
            "id": "sample_005_0016_000013",
            "annotations": [
                {
                    "word": "110-123456-789",
                    "start": 20,
                    "end": 34,
                    "label": "기밀정보"
                }
            ]
        },
        {
            "sentence": "당사자 간 합의된 계약금액은 금 일억오천만원(₩150,000,000)으로 기록되어 있다.",
            "id": "sample_005_0016_000014",
            "annotations": [
                {
                    "word": "금 일억오천만원",
                    "start": 16,
                    "end": 24,
                    "label": "기밀정보"
                },
                {
                    "word": "₩150,000,000",
                    "start": 25,
                    "end": 37,
                    "label": "기밀정보"
                }
            ]
        },
        {
            "sentence": "해당 지급은 내부 결재선(담당자 정현솔 -> 팀장 서광현 -> 대표 윤영범)의 승인을 통해 이루어졌다.",
            "id": "sample_005_0016_000015",
            "annotations": [
                {
                    "word": "내부 결재선(담당자 정현솔 -> 팀장 서광현 -> 대표 윤영범)",
                    "start": 7,
                    "end": 42,
                    "label": "기밀정보"
                },
                {
                    "word": "정현솔",
                    "start": 18,
                    "end": 21,
                    "label": "개인정보"
                },
                {
                    "word": "서광현",
                    "start": 28,
                    "end": 31,
                    "label": "개인정보"
                },
                {
                    "word": "윤영범",
                    "start": 38,
                    "end": 41,
                    "label": "개인정보"
                }
            ]
        },
        {
            "sentence": "사건 관련 내부 서버 IP는 10.0.0.45이며 접근 기록이 로그에 남아 있다.",
            "id": "sample_005_0016_000016",
            "annotations": [
                {
                    "word": "10.0.0.45",
                    "start": 16,
                    "end": 25,
                    "label": "기밀정보"
                }
            ]
        },
        {
            "sentence": "원격 접속은 vpn.company.internal을 통해 이루어졌음이 확인된다.",
            "id": "sample_005_0016_000017",
            "annotations": [
                {
                    "word": "vpn.company.internal",
                    "start": 7,
                    "end": 27,
                    "label": "기밀정보"
                }
            ]
        },
        {
            "sentence": "관련 증빙은 내부 경로 /srv/prod/db/credentials에 보관되어 있다.",
            "id": "sample_005_0016_000018",
            "annotations": [
                {
                    "word": "/srv/prod/db/credentials",
                    "start": 13,
                    "end": 37,
                    "label": "기밀정보"
                }
            ]
        },
        {
            "sentence": "계약서 원본은 비공개 URL https://internal.company/contract/005에 업로드되어 있다.",
            "id": "sample_005_0016_000019",
            "annotations": [
                {
                    "word": "https://internal.company/contract/005",
                    "start": 16,
                    "end": 53,
                    "label": "기밀정보"
                }
            ]
        },
        {
            "sentence": "비공개 협력사 명단에는 '메가파트너스'가 포함되어 있어 공개가 제한된다.",
            "id": "sample_005_0016_000020",
            "annotations": [
                {
                    "word": "메가파트너스",
                    "start": 14,
                    "end": 20,
                    "label": "기밀정보"
                }
            ]
        },
        {
            "sentence": "원고의 학력은 고려대학교 법학과 졸업으로 소장 기재사항에 포함된다.",
            "id": "sample_005_0016_000021",
            "annotations": [
                {
                    "word": "고려대학교 법학과",
                    "start": 8,
                    "end": 17,
                    "label": "준식별자"
                }
            ]
        },
        {
            "sentence": "원고는 피고의 계약불이행을 이유로 위자료 및 손해배상을 청구한다.",
            "id": "sample_005_0016_000022",
            "annotations": []
        },
        {
            "sentence": "이 사건의 관할법원은 서울중앙지방법원으로 한다.",
            "id": "sample_005_0016_000023",
            "annotations": []
        },
        {
            "sentence": "청구의 근거로 민법 제750조(불법행위) 및 민사소송법 제196조(증인신문)를 인용한다.",
            "id": "sample_005_0016_000024",
            "annotations": []
        },
        {
            "sentence": "첨부증거로 계약서 원본, 통장 입금증, 내부 결재 문서를 제출한다.",
            "id": "sample_005_0016_000025",
            "annotations": []
        },
        {
            "sentence": "원고는 보전처분으로 피고의 계좌에 대한 가압류를 신청한다.",
            "id": "sample_005_0016_000026",
            "annotations": []
        },
        {
            "sentence": "원고는 피고에게 금 일억오천만원 및 지연손해금을 청구한다.",
            "id": "sample_005_0016_000027",
            "annotations": [
                {
                    "word": "금 일억오천만원",
                    "start": 9,
                    "end": 17,
                    "label": "기밀정보"
                }
            ]
        },
        {
            "sentence": "접속 기록은 서버 로그와 VPN 로그에 의해 교차확인되었음을 보고한다.",
            "id": "sample_005_0016_000028",
            "annotations": []
        },
        {
            "sentence": "따라서 원고의 청구는 이유가 있으므로 청구 인용 판결을 구한다.",
            "id": "sample_005_0016_000029",
            "annotations": []
        },
        {
            "sentence": "본 소장과 증거목록은 관할법원에 제출되어 접수되었으며 추가 자료 제출을 준비한다.",
            "id": "sample_005_0016_000030",
            "annotations": []
        }
    ]
}