{
    "document_id": "005_0048",
    "document_title": "민사소송 소장 및 법률의견서",
    "data": [
        {
            "sentence": "민사소송 소장 및 법률의견서를 제출합니다.",
            "id": "sample_005_0048_000001",
            "annotations": []
        },
        {
            "sentence": "본 서면은 원고의 청구취지와 소명의견을 종합한 문서로서 법률적 근거를 기재합니다.",
            "id": "sample_005_0048_000002",
            "annotations": []
        },
        {
            "sentence": "원고는 정이슬로서, 생년월일은 1985년 07월 15일입니다.",
            "id": "sample_005_0048_000003",
            "annotations": [
                {
                    "word": "정이슬",
                    "start": 4,
                    "end": 7,
                    "label": "개인정보"
                },
                {
                    "word": "1985년",
                    "start": 17,
                    "end": 22,
                    "label": "준식별자"
                },
                {
                    "word": "07월",
                    "start": 23,
                    "end": 26,
                    "label": "준식별자"
                },
                {
                    "word": "15일",
                    "start": 27,
                    "end": 30,
                    "label": "준식별자"
                }
            ]
        },
        {
            "sentence": "원고의 주소는 서울특별시 강남구 역삼동에 거주하고 있습니다.",
            "id": "sample_005_0048_000004",
            "annotations": [
                {
                    "word": "서울특별시",
                    "start": 8,
                    "end": 13,
                    "label": "준식별자"
                },
                {
                    "word": "강남구",
                    "start": 14,
                    "end": 17,
                    "label": "준식별자"
                },
                {
                    "word": "역삼동",
                    "start": 18,
                    "end": 21,
                    "label": "준식별자"
                }
            ]
        },
        {
            "sentence": "원고의 연락처는 010-1234-5678이며, 이메일은 jeong.isul@example.com입니다.",
            "id": "sample_005_0048_000005",
            "annotations": [
                {
                    "word": "010-1234-5678",
                    "start": 9,
                    "end": 22,
                    "label": "개인정보"
                },
                {
                    "word": "jeong.isul@example.com",
                    "start": 31,
                    "end": 53,
                    "label": "개인정보"
                }
            ]
        },
        {
            "sentence": "피고는 강인서로 확인되며, 생년월일은 1990년 02월 20일입니다.",
            "id": "sample_005_0048_000006",
            "annotations": [
                {
                    "word": "강인서",
                    "start": 4,
                    "end": 7,
                    "label": "개인정보"
                },
                {
                    "word": "1990년",
                    "start": 21,
                    "end": 26,
                    "label": "준식별자"
                },
                {
                    "word": "02월",
                    "start": 27,
                    "end": 30,
                    "label": "준식별자"
                },
                {
                    "word": "20일",
                    "start": 31,
                    "end": 34,
                    "label": "준식별자"
                }
            ]
        },
        {
            "sentence": "피고의 주소는 부산광역시 해운대구 우동에 소재합니다.",
            "id": "sample_005_0048_000007",
            "annotations": [
                {
                    "word": "부산광역시",
                    "start": 8,
                    "end": 13,
                    "label": "준식별자"
                },
                {
                    "word": "해운대구",
                    "start": 14,
                    "end": 18,
                    "label": "준식별자"
                },
                {
                    "word": "우동",
                    "start": 19,
                    "end": 21,
                    "label": "준식별자"
                }
            ]
        },
        {
            "sentence": "피고의 연락처는 010-9876-5432이며, 이메일은 kang.inseo@example.com입니다.",
            "id": "sample_005_0048_000008",
            "annotations": [
                {
                    "word": "010-9876-5432",
                    "start": 9,
                    "end": 22,
                    "label": "개인정보"
                },
                {
                    "word": "kang.inseo@example.com",
                    "start": 31,
                    "end": 53,
                    "label": "개인정보"
                }
            ]
        },
        {
            "sentence": "증인으로는 한현아가 신청되어 있으며, 법정에서 진술할 예정입니다.",
            "id": "sample_005_0048_000009",
            "annotations": [
                {
                    "word": "한현아",
                    "start": 6,
                    "end": 9,
                    "label": "개인정보"
                }
            ]
        },
        {
            "sentence": "본 소송은 피고의 계약 불이행에 따른 손해배상 청구에 관한 것입니다.",
            "id": "sample_005_0048_000010",
            "annotations": []
        },
        {
            "sentence": "청구금액은 금 오천만원(50,000,000원)으로 산정되어 있습니다.",
            "id": "sample_005_0048_000011",
            "annotations": []
        },
        {
            "sentence": "당사자 사이의 계약일은 2019년 05월 10일로 계약서에 명시되어 있습니다.",
            "id": "sample_005_0048_000012",
            "annotations": [
                {
                    "word": "2019년",
                    "start": 13,
                    "end": 18,
                    "label": "준식별자"
                },
                {
                    "word": "05월",
                    "start": 19,
                    "end": 22,
                    "label": "준식별자"
                },
                {
                    "word": "10일",
                    "start": 23,
                    "end": 26,
                    "label": "준식별자"
                }
            ]
        },
        {
            "sentence": "증거로 제출하는 자료는 계약서, 이메일 교신, 통장거래내역 및 기타 관련 문건입니다.",
            "id": "sample_005_0048_000013",
            "annotations": []
        },
        {
            "sentence": "통장거래내역에는 회사 측 계좌번호 110-234-567890이 확인되며 이는 증거로 제출됩니다.",
            "id": "sample_005_0048_000014",
            "annotations": [
                {
                    "word": "110-234-567890",
                    "start": 19,
                    "end": 33,
                    "label": "기밀정보"
                }
            ]
        },
        {
            "sentence": "사내 결재선은 팀장 주병훈, 법무팀장 최세윤, 최종 승인자 황제린으로 기재되어 있습니다.",
            "id": "sample_005_0048_000015",
            "annotations": [
                {
                    "word": "주병훈",
                    "start": 11,
                    "end": 14,
                    "label": "기밀정보"
                },
                {
                    "word": "최세윤",
                    "start": 21,
                    "end": 24,
                    "label": "기밀정보"
                },
                {
                    "word": "황제린",
                    "start": 33,
                    "end": 36,
                    "label": "기밀정보"
                }
            ]
        },
        {
            "sentence": "당사 내부의 접속기록으로는 내부 서버 IP 10.0.0.45가 조회되었습니다.",
            "id": "sample_005_0048_000016",
            "annotations": [
                {
                    "word": "10.0.0.45",
                    "start": 24,
                    "end": 33,
                    "label": "기밀정보"
                }
            ]
        },
        {
            "sentence": "관할 법원은 서울중앙지방법원으로 지정함이 타당하다고 판단됩니다.",
            "id": "sample_005_0048_000017",
            "annotations": []
        },
        {
            "sentence": "법률적 근거로는 민법 제750조(불법행위에 대한 손해배상) 및 관련 판례를 적용합니다.",
            "id": "sample_005_0048_000018",
            "annotations": []
        },
        {
            "sentence": "원고는 피고의 채무불이행으로 인한 손해배상 책임을 주장합니다.",
            "id": "sample_005_0048_000019",
            "annotations": []
        },
        {
            "sentence": "추가 증인으로 방채인을 신청하며, 해당 증인은 사건의 경위를 진술할 예정입니다.",
            "id": "sample_005_0048_000020",
            "annotations": [
                {
                    "word": "방채인",
                    "start": 8,
                    "end": 11,
                    "label": "개인정보"
                }
            ]
        },
        {
            "sentence": "증거목록에는 이메일 전문, 통장 거래내역 원본, 계약서 원본이 포함됩니다.",
            "id": "sample_005_0048_000021",
            "annotations": []
        },
        {
            "sentence": "임시 보전 및 가압류 신청은 상당한 필요성이 인정되므로 청구합니다.",
            "id": "sample_005_0048_000022",
            "annotations": []
        },
        {
            "sentence": "담당 변호사는 주병훈이며, 연락처는 010-5555-1111로 사건 관련 연락을 요청드립니다.",
            "id": "sample_005_0048_000023",
            "annotations": [
                {
                    "word": "주병훈",
                    "start": 8,
                    "end": 11,
                    "label": "개인정보"
                },
                {
                    "word": "010-5555-1111",
                    "start": 20,
                    "end": 33,
                    "label": "개인정보"
                }
            ]
        },
        {
            "sentence": "제출일은 2025년 11월 20일로 표기합니다.",
            "id": "sample_005_0048_000024",
            "annotations": [
                {
                    "word": "2025년",
                    "start": 5,
                    "end": 10,
                    "label": "준식별자"
                },
                {
                    "word": "11월",
                    "start": 11,
                    "end": 14,
                    "label": "준식별자"
                },
                {
                    "word": "20일",
                    "start": 15,
                    "end": 18,
                    "label": "준식별자"
                }
            ]
        },
        {
            "sentence": "원고는 이 사건에 관하여 모든 증거를 성실히 제출할 것이며 추가 자료를 보완할 것입니다.",
            "id": "sample_005_0048_000025",
            "annotations": []
        },
        {
            "sentence": "본 문서의 일부 항목은 내부 기밀로 분류되어 있으며, 파일 경로 \\\\internal\\\\docs\\\\case_048에 보관됩니다.",
            "id": "sample_005_0048_000026",
            "annotations": [
                {
                    "word": "\\\\internal\\\\docs\\\\case_048",
                    "start": 36,
                    "end": 62,
                    "label": "기밀정보"
                }
            ]
        },
        {
            "sentence": "상기 내용을 근거로 본 소를 청구하오니, 법원께서는 적법한 판결을 내려 주시기 바랍니다.",
            "id": "sample_005_0048_000027",
            "annotations": []
        }
    ]
}