{
    "document_id": "100_0002",
    "document_title": "웹 아카이빙 보존 기록 및 인게스트 감사 보고서",
    "data": [
        {
            "sentence": "소개: 본 문서는 웹 크롤 아카이브의 장기 보존 정책, 인게스트 로그, 포맷 식별 및 마이그레이션 계획을 PREMIS·METS·Dublin Core 관점에서 기술합니다.",
            "id": "sample_100_0002_000001",
            "annotations": []
        },
        {
            "sentence": "범위: 대상은 원시 HTML, 연관 자원(이미지·CSS·JS), PDF, 멀티미디어 파일과 이들에 대한 메타데이터 및 감사 로그입니다.",
            "id": "sample_100_0002_000002",
            "annotations": []
        },
        {
            "sentence": "보존 전략은 ingest → storage → normalization → migration → access의 수명 주기와 정기적 무결성(체크섬) 검증을 포함합니다.",
            "id": "sample_100_0002_000003",
            "annotations": []
        },
        {
            "sentence": "메타데이터는 기본적으로 PREMIS(행위·객체), METS(시스템 레이아웃), Dublin Core(기술·발행 정보)를 일관되게 적용합니다.",
            "id": "sample_100_0002_000004",
            "annotations": []
        },
        {
            "sentence": "샘플 레코드: record_id: rec-20240815-0001, original_url: https://example.org/news/article123, crawl_timestamp: 2024-08-15T12:34:56Z, captured_mime_type: text/html, file_size_bytes: 152348, checksum_sha256: a3f1b2c4d5e6f7890abc1234567890abcdef1234567890abcdef1234567890ab.",
            "id": "sample_100_0002_000005",
            "annotations": []
        },
        {
            "sentence": "해당 레코드의 storage_uri: s3://archive-prod/object/rec-20240815-0001, preservation_action: ingest, format_identifier: fmt/412(PRONOM), format_version: 1.0, preservation_state: archived, rights_statement: CC-BY-4.0.",
            "id": "sample_100_0002_000006",
            "annotations": []
        },
        {
            "sentence": "두번째 레코드 예시: record_id: rec-20240901-0023, original_url: https://shop.example.com/product/452, crawl_timestamp: 2024-09-01T03:12:00Z, captured_mime_type: application/pdf, file_size_bytes: 2456789, checksum_sha256: b4c2d3e4f5a6b7c8901d2e3f4a5b6c7d8e9f0a1b2c3d4e5f6a7b8c9d0e1f2a3.",
            "id": "sample_100_0002_000007",
            "annotations": []
        },
        {
            "sentence": "해당 인게스트에서 last_fixity_check_timestamp: 2025-01-15T01:00:00Z, fixity_check_result: fail, preservation_state: quarantined, preservation_notes: 마이그레이션 전후 체크섬 불일치로 격리조치.",
            "id": "sample_100_0002_000008",
            "annotations": []
        },
        {
            "sentence": "인게스트 담당자와 프로세스: ingest_agent: 공민주 [REDACTED], ingest_job_id: job-20240901-7f4a, retention_policy_id: RP-7Y-STD, replication_locations: s3://archive-prod, gs://archive-eu, archival_tier: cold.",
            "id": "sample_100_0002_000009",
            "annotations": [
                {
                    "word": "공민주 [REDACTED]",
                    "start": 30,
                    "end": 44,
                    "label": "개인정보"
                }
            ]
        },
        {
            "sentence": "보존 예외 시나리오를 위해 일부 레코드는 normalization 중 포맷 식별 불가로 redaction_applied: true 처리 및 접근제한 설정(access_restrictions: restricted_institutional) 되었습니다.",
            "id": "sample_100_0002_000010",
            "annotations": []
        },
        {
            "sentence": "민감정보 감지 예: 감지된 항목은 홍라호 [REDACTED] (인물명), EMP-000123 [REDACTED] (사번), researcher@archive.org [REDACTED] (이메일)이며 이들은 접근권한을 강제 제한했습니다.",
            "id": "sample_100_0002_000011",
            "annotations": [
                {
                    "word": "홍라호 [REDACTED]",
                    "start": 19,
                    "end": 33,
                    "label": "개인정보"
                },
                {
                    "word": "EMP-000123 [REDACTED]",
                    "start": 41,
                    "end": 62,
                    "label": "개인정보"
                },
                {
                    "word": "researcher@archive.org [REDACTED]",
                    "start": 69,
                    "end": 102,
                    "label": "개인정보"
                }
            ]
        },
        {
            "sentence": "준식별자 샘플: 생년월일: 1985-07-23, 성별: 여성, 주소(시/군/구): 서울특별시 강남구 등은 원본보존시 마스킹·익명화 또는 접근제한 적용 대상입니다.",
            "id": "sample_100_0002_000012",
            "annotations": [
                {
                    "word": "1985-07-23",
                    "start": 15,
                    "end": 25,
                    "label": "준식별자"
                },
                {
                    "word": "여성",
                    "start": 31,
                    "end": 33,
                    "label": "준식별자"
                },
                {
                    "word": "서울특별시 강남구",
                    "start": 46,
                    "end": 55,
                    "label": "준식별자"
                }
            ]
        },
        {
            "sentence": "기술적 기밀 예시: 내부 서버 접속 정보는 서버 IP: 10.0.0.5 및 내부 파일 경로: /srv/archive/private/ingest_log_2024.log에 저장되며 기밀정보로 분류됩니다.",
            "id": "sample_100_0002_000013",
            "annotations": [
                {
                    "word": "10.0.0.5",
                    "start": 31,
                    "end": 39,
                    "label": "기밀정보"
                },
                {
                    "word": "/srv/archive/private/ingest_log_2024.log",
                    "start": 52,
                    "end": 92,
                    "label": "기밀정보"
                }
            ]
        },
        {
            "sentence": "법적 예치 및 저작권: legal_deposit_status: deposited 또는 not_required를 레코드별로 기입하고, 접근제한은 저작권·robots.txt·takedown 이력에 따라 다르게 설정합니다.",
            "id": "sample_100_0002_000014",
            "annotations": []
        },
        {
            "sentence": "포맷 레지스트리 매핑: Format Registry 및 PRONOM 매핑을 통해 format_identifier에 fmt/412, fmt/787 등 PUID를 기록하고 format_version을 명시합니다.",
            "id": "sample_100_0002_000015",
            "annotations": []
        },
        {
            "sentence": "마이그레이션 정책: 포맷 퇴화 위험이 큰 포맷은 우선 마이그레이션 대상으로 선정하고 마이그레이션 로그에 preservation_action: migrate 및 마이그레이션 결과를 PREMIS 이벤트로 기록합니다.",
            "id": "sample_100_0002_000016",
            "annotations": []
        },
        {
            "sentence": "무결성·감사: 모든 인게스트와 복제작업은 체크섬(SHA-256), ingest_job_id, ingest_agent, 타임스탬프(ISO 8601 UTC)로 감사 추적을 유지합니다.",
            "id": "sample_100_0002_000017",
            "annotations": []
        },
        {
            "sentence": "스토리지 설계: 장기 보존 비용과 지리적 복제 요구의 균형을 맞추기 위해 온(Hot)·냉(Cold) 계층을 운영하며 지리적 복제는 최소 2개 리전 이상을 권장합니다.",
            "id": "sample_100_0002_000018",
            "annotations": []
        },
        {
            "sentence": "대용량 전송 시 네트워크 대역폭을 고려하고 전송은 암호화(TLS)로 수행하며 대량 복제 시 백오프 정책과 증분 복제를 적용합니다.",
            "id": "sample_100_0002_000019",
            "annotations": []
        },
        {
            "sentence": "정기 리팩토링: 포맷 유지보수, PRONOM 업데이트, MIME 매핑 검증을 분기별로 수행하고 이상징후(마이그레이션 실패·무결성 불일치 등)는 이슈로 기록합니다.",
            "id": "sample_100_0002_000020",
            "annotations": []
        },
        {
            "sentence": "접근 제어: access_restrictions 필드는 open|restricted_institutional|embargoed|blocked_by_takedown 등 현실적 제약을 반영해 레코드별로 설정합니다.",
            "id": "sample_100_0002_000021",
            "annotations": []
        },
        {
            "sentence": "감사 로그 보존: 보존 시스템은 audit trail을 최소 10년 이상 보존하도록 구성하며 로그는 WORM 또는 동급 불변 스토리지를 권장합니다.",
            "id": "sample_100_0002_000022",
            "annotations": []
        },
        {
            "sentence": "테스트 시나리오: 전체 레코드의 약 5%는 마이그레이션 실패·무결성 실패 케이스를 인위적으로 포함해 복구 및 알림 절차를 검증합니다.",
            "id": "sample_100_0002_000023",
            "annotations": []
        },
        {
            "sentence": "보존 메모: preservation_notes 필드에는 인게스트 전후 이슈, 수동 복구 필요성, 관련 ingest_job_id 및 담당자 메모를 기록합니다.",
            "id": "sample_100_0002_000024",
            "annotations": []
        },
        {
            "sentence": "운영 연락처 예시(익명화): 보존 책임자: 공민주 [REDACTED] (팀 리드), 알림용 이메일: archive-notify@archive.org (운영용), 긴급연락은 내부 프로세스에 따릅니다.",
            "id": "sample_100_0002_000025",
            "annotations": []
        },
        {
            "sentence": "접근 통계: 사용·접근 통계는 기관별 집계로 제공하며 개인정보가 포함된 로그는 익명화 처리 후 연구 목적 제한 공개를 원칙으로 합니다.",
            "id": "sample_100_0002_000026",
            "annotations": []
        },
        {
            "sentence": "권장 조치: 민감정보 감지 시 즉시 redaction_applied: true로 처리하고 접근제한을 강화하며 법적요구가 있으면 법무팀과 협의합니다.",
            "id": "sample_100_0002_000027",
            "annotations": []
        },
        {
            "sentence": "결론 및 액션아이템: 정기 무결성 점검 계획, 마이그레이션 우선순위 목록, 포맷 레지스트리 동기화 및 민감정보 익명화 절차의 문서화를 즉시 실행합니다.",
            "id": "sample_100_0002_000028",
            "annotations": []
        }
    ]
}