{
    "document_id": "100_0097",
    "document_title": "웹 크롤링 기반 디지털 보존 및 웹 아카이빙 운영 지침서",
    "data": [
        {
            "sentence": "이 문서는 웹 크롤 아카이브의 장기 보존 정책과 운영 절차를 기술한 기술 문서입니다.",
            "id": "sample_100_0097_000001",
            "annotations": []
        },
        {
            "sentence": "목적은 원시 HTML, 연관 자원, 파생물 및 메타데이터의 무결성·접근성·추적 가능성 확보입니다.",
            "id": "sample_100_0097_000002",
            "annotations": []
        },
        {
            "sentence": "메타데이터 표준으로 PREMIS, METS, Dublin Core를 우선 적용하며 포맷 식별은 PRONOM·Format Registry 용어를 사용합니다.",
            "id": "sample_100_0097_000003",
            "annotations": []
        },
        {
            "sentence": "모든 타임스탬프는 ISO 8601(UTC)을 사용하며 체크섬은 SHA-256 표준을 채택합니다.",
            "id": "sample_100_0097_000004",
            "annotations": []
        },
        {
            "sentence": "보존 수명 주기는 ingest → storage → normalization → migration → access의 단계로 정의되고 각 단계에서 감사 로그를 기록합니다.",
            "id": "sample_100_0097_000005",
            "annotations": []
        },
        {
            "sentence": "스토리지 설계는 장기 비용과 지리적 복제 필요성의 균형을 고려하여 냉/온 스토리지 및 최소 3개 지리적 복제본을 권장합니다.",
            "id": "sample_100_0097_000006",
            "annotations": []
        },
        {
            "sentence": "하위 시스템 항목으로는 record_id, original_url, crawl_timestamp, captured_mime_type, file_size_bytes, checksum_sha256가 포함됩니다.",
            "id": "sample_100_0097_000007",
            "annotations": []
        },
        {
            "sentence": "예시 메타데이터: record_id: 100_0097_0004815, original_url: https://public.example.com/article/4815, crawl_timestamp: 2025-01-18T06:22:00Z.",
            "id": "sample_100_0097_000008",
            "annotations": []
        },
        {
            "sentence": "대상 자원의 captured_mime_type은 text/html; charset=UTF-8로 기록되었고, file_size_bytes는 245672 바이트로 캡처되었습니다.",
            "id": "sample_100_0097_000009",
            "annotations": []
        },
        {
            "sentence": "체크섬 항목은 checksum_sha256: 3f2a9b4c8d7e6f1a2b3c4d5e6f7a8b9c0d1e2f3a4b5c6d7e8f9a0b1c2d3e4f5 로 표준 형식으로 저장됩니다.",
            "id": "sample_100_0097_000010",
            "annotations": []
        },
        {
            "sentence": "storage_uri는 s3://archive-prod/100_0097/0004815/ 원칙으로 암호화 전송과 서버사이드 암호화를 적용합니다.",
            "id": "sample_100_0097_000011",
            "annotations": []
        },
        {
            "sentence": "preservation_action은 ingest로 시작되었으며 이후 normalization 단계에서 MIME 정규화가 수행됩니다.",
            "id": "sample_100_0097_000012",
            "annotations": []
        },
        {
            "sentence": "format_identifier는 PRONOM 식별자 fmt/537로 기록되었고 format_version은 1.2로 메타데이터에 명시됩니다.",
            "id": "sample_100_0097_000013",
            "annotations": []
        },
        {
            "sentence": "preservation_state는 archived로 초기 설정되며 예외 발생 시 quarantined 또는 error 상태로 전환합니다.",
            "id": "sample_100_0097_000014",
            "annotations": []
        },
        {
            "sentence": "rights_statement은 '저작권 소유자 보유'로 표기하고 access_restrictions는 기관구독 및 법적 예치 요건을 반영하여 설정합니다.",
            "id": "sample_100_0097_000015",
            "annotations": []
        },
        {
            "sentence": "ingest_agent와 ingest_job_id는 감사 추적을 위해 필수이며 예: ingest_job_id: ingest-2025-00097 로 기록합니다.",
            "id": "sample_100_0097_000016",
            "annotations": []
        },
        {
            "sentence": "ingest_agent: 배서빈 (redacted)는 해당 수집 작업의 주 담당자로 메타데이터 ingest 로그에 기록되었습니다.",
            "id": "sample_100_0097_000017",
            "annotations": [
                {
                    "word": "배서빈",
                    "start": 14,
                    "end": 17,
                    "label": "개인정보"
                }
            ]
        },
        {
            "sentence": "retention_policy_id는 RP-ARCH-10Y로 지정되어 보존기간과 삭제 스케줄을 명세하며 replication_locations는 us-east-1, eu-west-1, ap-northeast-2로 복제됩니다.",
            "id": "sample_100_0097_000018",
            "annotations": []
        },
        {
            "sentence": "last_fixity_check_timestamp은 2026-01-10T03:15:00Z로 기록되었고 fixity_check_result는 pass로 표시되었습니다.",
            "id": "sample_100_0097_000019",
            "annotations": []
        },
        {
            "sentence": "예외 사례로 두 번째 대상에서 fixity 실패가 발생하여 preservation_notes에 migration 실패 및 추가 조사 필요성이 기록되었습니다.",
            "id": "sample_100_0097_000020",
            "annotations": []
        },
        {
            "sentence": "해당 실패 케이스의 책임자 기록에 지영채 (redacted)가 대응자로 명시되어 감사 로그에 결재 및 조치 시간이 포함되었습니다.",
            "id": "sample_100_0097_000021",
            "annotations": [
                {
                    "word": "지영채",
                    "start": 19,
                    "end": 22,
                    "label": "개인정보"
                }
            ]
        },
        {
            "sentence": "metadata_schema는 PREMIS/DublinCore 혼합 스키마로 표현되고 related_item_ids, PID(예: ark:/12345/abcde)를 연결합니다.",
            "id": "sample_100_0097_000022",
            "annotations": []
        },
        {
            "sentence": "legal_deposit_status는 '예치대상'으로 표기되어 관할법에 따른 보존의무가 부과됩니다.",
            "id": "sample_100_0097_000023",
            "annotations": []
        },
        {
            "sentence": "redaction_applied: true로 표시되며 민감정보는 보존 전 익명화 또는 접근제한 조치로 마스킹합니다.",
            "id": "sample_100_0097_000024",
            "annotations": []
        },
        {
            "sentence": "원본에 포함된 준식별자 예시로 생년월일: 1982-07-12 항목은 수집 시 [redacted]로 교체되었으나 원문 기록에는 연·월·일 단위로 분리되어 보관됩니다.",
            "id": "sample_100_0097_000025",
            "annotations": [
                {
                    "word": "생년월일: 1982-07-12",
                    "start": 17,
                    "end": 33,
                    "label": "준식별자"
                }
            ]
        },
        {
            "sentence": "주소는 시: 서울특별시, 군/구: 중구, 동/읍/면: [redacted]의 형태로 구분하여 마스킹 계층을 적용합니다.",
            "id": "sample_100_0097_000026",
            "annotations": [
                {
                    "word": "시: 서울특별시",
                    "start": 4,
                    "end": 12,
                    "label": "준식별자"
                },
                {
                    "word": "군/구: 중구",
                    "start": 14,
                    "end": 21,
                    "label": "준식별자"
                }
            ]
        },
        {
            "sentence": "성별: 여성과 같은 준식별자 항목은 단독으로는 익명성이 유지되나 결합 위험을 평가하여 접근제한을 설정합니다.",
            "id": "sample_100_0097_000027",
            "annotations": [
                {
                    "word": "성별: 여성",
                    "start": 0,
                    "end": 6,
                    "label": "준식별자"
                }
            ]
        },
        {
            "sentence": "직장명: 한국아카이브연구소와 같은 직업/기관 정보는 준식별자로 분류하여 통계적 익명화 정책을 적용합니다.",
            "id": "sample_100_0097_000028",
            "annotations": [
                {
                    "word": "직장명: 한국아카이브연구소",
                    "start": 0,
                    "end": 14,
                    "label": "준식별자"
                }
            ]
        },
        {
            "sentence": "기밀정보 예시로 내부 서버 IP: 10.0.0.15 (redacted)는 공개 금지 항목으로 분류되어 네트워크 접근 로그에 별도 암호화 저장됩니다.",
            "id": "sample_100_0097_000029",
            "annotations": [
                {
                    "word": "내부 서버 IP: 10.0.0.15",
                    "start": 9,
                    "end": 28,
                    "label": "기밀정보"
                }
            ]
        },
        {
            "sentence": "내부 파일 경로: /var/secure/archive/ingest/4815 (redacted)와 같은 시스템 경로는 기밀정보로 취급되어 외부 공개가 차단됩니다.",
            "id": "sample_100_0097_000030",
            "annotations": [
                {
                    "word": "내부 파일 경로: /var/secure/archive/ingest/4815",
                    "start": 0,
                    "end": 41,
                    "label": "기밀정보"
                }
            ]
        },
        {
            "sentence": "비공개 URL: https://private.example.org/secret/4815 (redacted) 및 VPN 주소: vpn.archives.local (redacted)는 기밀로 분류되어 접근 심사를 거칩니다.",
            "id": "sample_100_0097_000031",
            "annotations": [
                {
                    "word": "비공개 URL: https://private.example.org/secret/4815",
                    "start": 0,
                    "end": 48,
                    "label": "기밀정보"
                },
                {
                    "word": "VPN 주소: vpn.archives.local",
                    "start": 62,
                    "end": 88,
                    "label": "기밀정보"
                }
            ]
        },
        {
            "sentence": "보존작업 로그에는 ingest_job_id, ingest_agent, preservation_notes가 포함되며 일부 항목은 감사 증빙을 위해 장기 보존됩니다.",
            "id": "sample_100_0097_000032",
            "annotations": []
        },
        {
            "sentence": "감사 항목 중 관리자 기재 예시는 관리자: 류미리 (redacted)로 표기되며 행위자 식별은 익명화 계층과 함께 별도 기록됩니다.",
            "id": "sample_100_0097_000033",
            "annotations": [
                {
                    "word": "류미리",
                    "start": 24,
                    "end": 27,
                    "label": "개인정보"
                }
            ]
        },
        {
            "sentence": "결론적으로 본 지침은 포맷 퇴화 대응을 위한 마이그레이션 정책, 무결성 정기검증, 법적·저작권 컴플라이언스 준수를 통합합니다.",
            "id": "sample_100_0097_000034",
            "annotations": []
        },
        {
            "sentence": "액션 아이템으로 포맷 레지스트리 정기 업데이트, 정기 fixity 스케줄 강화, 민감정보 마스킹·접근제어 점검을 권고합니다.",
            "id": "sample_100_0097_000035",
            "annotations": []
        }
    ]
}