{
    "document_id": "100_0026",
    "document_title": "웹 아카이브 보존 및 메타데이터 운영 기록서",
    "data": [
        {
            "sentence": "본 문서는 웹 크롤링 기반 디지털 보존 및 웹 아카이빙 운영 절차와 감사 로그를 기술한 보존 기록서이다.",
            "id": "sample_100_0026_000001",
            "annotations": []
        },
        {
            "sentence": "범위에는 원시 HTML 자원, 이미지·CSS·JS, PDF 및 멀티미디어 파일의 장기 보존과 접근 관리가 포함된다.",
            "id": "sample_100_0026_000002",
            "annotations": []
        },
        {
            "sentence": "메타데이터 표준은 PREMIS, METS, Dublin Core를 우선 적용하며 스키마 매핑 규칙을 운영 정책에 명시한다.",
            "id": "sample_100_0026_000003",
            "annotations": []
        },
        {
            "sentence": "보존 이벤트 기록은 PREMIS 이벤트 요소로 ingest→storage→normalization→migration→access의 각 상태를 추적한다.",
            "id": "sample_100_0026_000004",
            "annotations": []
        },
        {
            "sentence": "record_id: ark:/12345/abcde-0001 는 객체의 영구 식별자로 메타데이터와 연계하여 관리된다.",
            "id": "sample_100_0026_000005",
            "annotations": []
        },
        {
            "sentence": "original_url: https://example.org/news/article1 은 크롤러가 수집한 원본 위치를 나타낸다.",
            "id": "sample_100_0026_000006",
            "annotations": []
        },
        {
            "sentence": "crawl_timestamp: 2025-10-15T12:34:56Z 는 ISO 8601(UTC) 형식으로 수집 시간을 기록한다.",
            "id": "sample_100_0026_000007",
            "annotations": []
        },
        {
            "sentence": "captured_mime_type: text/html; charset=UTF-8 은 캡처된 리소스의 MIME 타입을 표시한다.",
            "id": "sample_100_0026_000008",
            "annotations": []
        },
        {
            "sentence": "file_size_bytes: 234567 은 바이트 단위의 파일 크기이며 보존 스토리지 비용 산정을 위해 사용된다.",
            "id": "sample_100_0026_000009",
            "annotations": []
        },
        {
            "sentence": "checksum_sha256: 3f786850e387550fdab836ed7e6dc881de23001b1b2f3f0a4f5b6c7d8e9f0a1b 는 무결성 검증값이다.",
            "id": "sample_100_0026_000010",
            "annotations": []
        },
        {
            "sentence": "storage_uri: s3://archive-prod/100/0026/ark-0001.html 은 객체의 물리적 저장 위치를 가리킨다.",
            "id": "sample_100_0026_000011",
            "annotations": []
        },
        {
            "sentence": "preservation_action: ingest 는 인게스트 파이프라인에서 수행된 보존 동작을 표기한다.",
            "id": "sample_100_0026_000012",
            "annotations": []
        },
        {
            "sentence": "format_identifier: pronom:fmt/199 과 format_version: 1.2 는 포맷 레지스트리 및 버전을 기록한다.",
            "id": "sample_100_0026_000013",
            "annotations": []
        },
        {
            "sentence": "preservation_state: archived 로 상태를 지정하고 예외 발생 시 quarantined 또는 error로 전환한다.",
            "id": "sample_100_0026_000014",
            "annotations": []
        },
        {
            "sentence": "rights_statement: CC-BY-NC-4.0 은 저작권·접근 정책을 기술하고 법적 예치 제한을 참고하여 결정한다.",
            "id": "sample_100_0026_000015",
            "annotations": []
        },
        {
            "sentence": "access_restrictions: institution_only, takedown_pending 는 접근제한과 소유자 요청 대기상태를 반영한다.",
            "id": "sample_100_0026_000016",
            "annotations": []
        },
        {
            "sentence": "ingest_agent: 유철우 는 인게스트를 실행한 에이전트로 PREMIS agent 역할을 한다.",
            "id": "sample_100_0026_000017",
            "annotations": [
                {
                    "word": "유철우",
                    "start": 14,
                    "end": 17,
                    "label": "개인정보"
                }
            ]
        },
        {
            "sentence": "ingest_job_id: INGEST-2025-00047 은 파이프라인 실행 트랜잭션의 고유 작업 식별자이다.",
            "id": "sample_100_0026_000018",
            "annotations": []
        },
        {
            "sentence": "retention_policy_id: RP-10Y-GOV 은 법적·운영적 보존기간과 정책 규칙을 참조한다.",
            "id": "sample_100_0026_000019",
            "annotations": []
        },
        {
            "sentence": "replication_locations: s3://archive-prod, gs://archive-cold-eu, rsync://backup-nas 는 지리적 복제를 위한 복제 위치 목록이다.",
            "id": "sample_100_0026_000020",
            "annotations": []
        },
        {
            "sentence": "last_fixity_check_timestamp: 2026-01-01T00:00:00Z 및 fixity_check_result: pass 는 정기 무결성 검사 결과를 나타낸다.",
            "id": "sample_100_0026_000021",
            "annotations": []
        },
        {
            "sentence": "related_item_ids: ark:/12345/related-0002, doi:10.1234/rel.0002 는 연관된 객체 식별자를 연결한다.",
            "id": "sample_100_0026_000022",
            "annotations": []
        },
        {
            "sentence": "metadata_schema: PREMIS/DublinCore/METS 는 보존 이벤트와 기술 메타데이터의 스키마 조합을 명시한다.",
            "id": "sample_100_0026_000023",
            "annotations": []
        },
        {
            "sentence": "legal_deposit_status: deposited:national_library, jurisdiction:KR 은 법적 예치 여부와 관할을 기록한다.",
            "id": "sample_100_0026_000024",
            "annotations": []
        },
        {
            "sentence": "redaction_applied: true 는 개인식별정보 또는 민감정보에 대해 마스킹 또는 익명화가 적용되었음을 의미한다.",
            "id": "sample_100_0026_000025",
            "annotations": []
        },
        {
            "sentence": "preservation_notes: 마이그레이션 시험 중 2건의 무결성 실패 사례가 발생하여 재시도와 수동 검토가 수행되었다.",
            "id": "sample_100_0026_000026",
            "annotations": []
        },
        {
            "sentence": "담당자 연락처: 허예희, 연락처: [REDACTED] 는 외부 공개 시 익명화가 필요함을 명시한다.",
            "id": "sample_100_0026_000027",
            "annotations": [
                {
                    "word": "허예희",
                    "start": 9,
                    "end": 12,
                    "label": "개인정보"
                }
            ]
        },
        {
            "sentence": "콘텐츠 메타에 포함된 생성자 속성 예: 성별=여성, 생년월일=1985-07-14, 거주지=서울시 는 준식별자 조합을 유의해야 한다.",
            "id": "sample_100_0026_000028",
            "annotations": [
                {
                    "word": "여성",
                    "start": 25,
                    "end": 27,
                    "label": "준식별자"
                },
                {
                    "word": "1985-07-14",
                    "start": 34,
                    "end": 44,
                    "label": "준식별자"
                },
                {
                    "word": "서울시",
                    "start": 50,
                    "end": 53,
                    "label": "준식별자"
                }
            ]
        },
        {
            "sentence": "기밀 접속 정보 예시: 내부 서버 IP 10.0.0.12, 호스트 vm-app-archive.internal.local, 내부 경로 /srv/archive/private/index.mets, 비공개 URL https://internal.example.local/secret 는 접근 통제 대상이다.",
            "id": "sample_100_0026_000029",
            "annotations": [
                {
                    "word": "10.0.0.12",
                    "start": 22,
                    "end": 31,
                    "label": "기밀정보"
                },
                {
                    "word": "vm-app-archive.internal.local",
                    "start": 37,
                    "end": 66,
                    "label": "기밀정보"
                },
                {
                    "word": "/srv/archive/private/index.mets",
                    "start": 74,
                    "end": 105,
                    "label": "기밀정보"
                },
                {
                    "word": "https://internal.example.local/secret",
                    "start": 115,
                    "end": 152,
                    "label": "기밀정보"
                }
            ]
        },
        {
            "sentence": "크롤러 운영 시 robots.txt 준수, 사이트 부하 최소화, 소유자 통지 및 takedown 요청 처리 절차를 엄격히 적용한다.",
            "id": "sample_100_0026_000030",
            "annotations": []
        },
        {
            "sentence": "권장 조치로 분기별 무결성 검사, 연간 포맷 지속성 검토 및 마이그레이션 정책 업데이트를 수행한다.",
            "id": "sample_100_0026_000031",
            "annotations": []
        }
    ]
}