{
    "document_id": "100_0054",
    "document_title": "웹 크롤 아카이브 보존 정책 및 인게스트 감사 로그",
    "data": [
        {
            "sentence": "본 문서는 웹 크롤 아카이브의 장기 보존 전략과 인게스트 감사 로그 작성 지침을 제시합니다.",
            "id": "sample_100_0054_000001",
            "annotations": []
        },
        {
            "sentence": "대상 범위는 원시 HTML, 연관 자원(이미지, CSS, JS), PDF 및 멀티미디어를 포함한 웹 기반 디지털 오브젝트입니다.",
            "id": "sample_100_0054_000002",
            "annotations": []
        },
        {
            "sentence": "메타데이터 표준은 PREMIS를 보존 이벤트와 권리 메타데이터에 적용하고 METS로 패키징하며 Dublin Core를 기술 메타데이터로 사용합니다.",
            "id": "sample_100_0054_000003",
            "annotations": []
        },
        {
            "sentence": "모든 타임스탬프는 ISO 8601(UTC) 형식으로 표기하며 무결성 검증에는 SHA-256 체크섬을 표준으로 적용합니다.",
            "id": "sample_100_0054_000004",
            "annotations": []
        },
        {
            "sentence": "파일 포맷 식별은 PRONOM 및 Format Registry 용어를 우선 사용하여 format_identifier와 format_version을 기록합니다.",
            "id": "sample_100_0054_000005",
            "annotations": []
        },
        {
            "sentence": "예시 레코드에는 record_id, original_url, captured_mime_type, file_size_bytes, checksum_sha256, storage_uri 필드를 포함하도록 정의했습니다.",
            "id": "sample_100_0054_000006",
            "annotations": []
        },
        {
            "sentence": "담당 보존 엔지니어: 조지명.",
            "id": "sample_100_0054_000007",
            "annotations": [
                {
                    "word": "조지명",
                    "start": 12,
                    "end": 15,
                    "label": "개인정보"
                }
            ]
        },
        {
            "sentence": "ingest_job_id는 'INGEST-2024-00042' 형식으로 관리하며 작업 책임자는 진승영이 검토합니다.",
            "id": "sample_100_0054_000008",
            "annotations": [
                {
                    "word": "진승영",
                    "start": 53,
                    "end": 56,
                    "label": "개인정보"
                }
            ]
        },
        {
            "sentence": "정기 무결성 검증의 검증 책임자는 진해강이며 실패 기록은 preservation_notes에 감사 가능하게 남깁니다.",
            "id": "sample_100_0054_000009",
            "annotations": [
                {
                    "word": "진해강",
                    "start": 19,
                    "end": 22,
                    "label": "개인정보"
                }
            ]
        },
        {
            "sentence": "권한 요청 및 접근 제어 조정 담당자 명단 예시에는 우에릭이 포함되어 있습니다.",
            "id": "sample_100_0054_000010",
            "annotations": [
                {
                    "word": "우에릭",
                    "start": 29,
                    "end": 32,
                    "label": "개인정보"
                }
            ]
        },
        {
            "sentence": "수집된 사용자 속성 예시는 성별=여성, 거주시=서울특별시 같은 준식별자 항목을 포함할 수 있으며 별도 익명화 절차를 거칩니다.",
            "id": "sample_100_0054_000011",
            "annotations": [
                {
                    "word": "여성",
                    "start": 18,
                    "end": 20,
                    "label": "준식별자"
                },
                {
                    "word": "서울특별시",
                    "start": 26,
                    "end": 31,
                    "label": "준식별자"
                }
            ]
        },
        {
            "sentence": "인프라 관련 기밀 정보는 로그에 원문으로 기록하지 않으며 예를 들어 내부 서버 IP: [redacted]로 마스킹합니다.",
            "id": "sample_100_0054_000012",
            "annotations": [
                {
                    "word": "내부 서버 IP",
                    "start": 38,
                    "end": 46,
                    "label": "기밀정보"
                }
            ]
        },
        {
            "sentence": "내부 파일 경로는 보안 등급에 따라 '/srv/archives/ingest/[redacted]'처럼 마스킹하여 외부 노출을 차단합니다.",
            "id": "sample_100_0054_000013",
            "annotations": [
                {
                    "word": "내부 파일 경로",
                    "start": 0,
                    "end": 8,
                    "label": "기밀정보"
                }
            ]
        },
        {
            "sentence": "비공개 URL은 접근 제어 항목으로 분류하며 예시 표기는 'https://internal.example.com/[redacted]'로 표기합니다.",
            "id": "sample_100_0054_000014",
            "annotations": [
                {
                    "word": "비공개 URL",
                    "start": 0,
                    "end": 7,
                    "label": "기밀정보"
                }
            ]
        },
        {
            "sentence": "체크섬 기록은 SHA-256 해시값으로 저장하고 매 스토리지 복제 시점과 정기 검증에 사용합니다.",
            "id": "sample_100_0054_000015",
            "annotations": []
        },
        {
            "sentence": "format_identifier는 PRONOM 식별자 예시 'x-fmt/111'과 함께 format_version 값을 명시하여 포맷 퇴화를 모니터링합니다.",
            "id": "sample_100_0054_000016",
            "annotations": []
        },
        {
            "sentence": "보존 주기는 ingest→storage→normalization→migration→access의 워크플로우로 정의하며 각 단계는 PREMIS 이벤트로 기록됩니다.",
            "id": "sample_100_0054_000017",
            "annotations": []
        },
        {
            "sentence": "retention_policy_id는 법적 보존기간과 기관 정책을 반영하여 개별 보존등급별로 고유값을 부여합니다.",
            "id": "sample_100_0054_000018",
            "annotations": []
        },
        {
            "sentence": "replication_locations는 지리적 복제 균형을 위해 's3://archive-eu, s3://archive-na, s3://archive-ap'와 같이 쉼표로 구분하여 기록합니다.",
            "id": "sample_100_0054_000019",
            "annotations": []
        },
        {
            "sentence": "마지막 무결성 검증은 last_fixity_check_timestamp=2025-01-15T12:00:00Z로 기록되었고 fixity_check_result는 각 레코드별로 pass 또는 fail로 표기됩니다.",
            "id": "sample_100_0054_000020",
            "annotations": []
        },
        {
            "sentence": "보존 작업 로그(preservation_notes)는 마이그레이션 실패, 정합성 오류 및 복구 조치의 상세를 포함하여 감사 추적성을 확보합니다.",
            "id": "sample_100_0054_000021",
            "annotations": []
        },
        {
            "sentence": "권리정보(rights_statement)는 저작권·저작인접권과 robots.txt 준수 여부를 반영하여 access_restrictions 값을 현실적으로 설정합니다.",
            "id": "sample_100_0054_000022",
            "annotations": []
        },
        {
            "sentence": "각 관할권의 legal_deposit_status는 예치 의무와 보존기간 차이를 메타데이터에 명시하여 접근 정책에 반영해야 합니다.",
            "id": "sample_100_0054_000023",
            "annotations": []
        },
        {
            "sentence": "민감정보 여부는 수집 전 필터링되며 redaction_applied=true인 경우 데이터 접근은 엄격히 제한합니다.",
            "id": "sample_100_0054_000024",
            "annotations": []
        },
        {
            "sentence": "포맷 지속성 문제 대응을 위해 PRONOM 레지스트리 기반 마이그레이션 계획과 시뮬레이션을 주기적으로 수행합니다.",
            "id": "sample_100_0054_000025",
            "annotations": []
        },
        {
            "sentence": "스토리지 비용과 지리적 복제 요구의 균형을 위해 냉스토리지·온스토리지 혼합 전략과 복제 주기 최적화를 적용합니다.",
            "id": "sample_100_0054_000026",
            "annotations": []
        },
        {
            "sentence": "크롤러는 robots.txt와 사이트 차단 정책을 준수하며 저작권자 통지 및 takedown 요청 대응 절차를 표준 운영 절차로 포함합니다.",
            "id": "sample_100_0054_000027",
            "annotations": []
        },
        {
            "sentence": "대용량 데이터 전송 시 암호화 전송과 대역폭 제어를 적용하고 재전송 실패는 preservation_notes에 기록합니다.",
            "id": "sample_100_0054_000028",
            "annotations": []
        },
        {
            "sentence": "이름 매핑 테이블 경로는 보안상 마스킹하여 '이름 매핑 테이블 경로: /secure/mapping/[redacted]'로만 표기합니다.",
            "id": "sample_100_0054_000029",
            "annotations": [
                {
                    "word": "이름 매핑 테이블 경로",
                    "start": 0,
                    "end": 12,
                    "label": "기밀정보"
                },
                {
                    "word": "이름 매핑 테이블 경로",
                    "start": 25,
                    "end": 37,
                    "label": "기밀정보"
                }
            ]
        },
        {
            "sentence": "권한자 리스트 예시는 한승엽, 허규형을 포함하며 모든 접근은 세부 로그와 함께 감사 가능합니다.",
            "id": "sample_100_0054_000030",
            "annotations": [
                {
                    "word": "한승엽",
                    "start": 12,
                    "end": 15,
                    "label": "개인정보"
                },
                {
                    "word": "허규형",
                    "start": 17,
                    "end": 20,
                    "label": "개인정보"
                }
            ]
        },
        {
            "sentence": "감사 로그 보존 기간과 접근 통제는 법적 요구사항을 충족하도록 설정하며 정기 보고서와 개선 조치를 권고합니다.",
            "id": "sample_100_0054_000031",
            "annotations": []
        },
        {
            "sentence": "결론적으로 본 정책은 무결성 검증, 포맷 모니터링, 접근 제한, 컴플라이언스 준수를 통합하여 장기 보존의 신뢰성을 확보하는 것을 목표로 합니다.",
            "id": "sample_100_0054_000032",
            "annotations": []
        }
    ]
}