{
    "document_id": "100_0048",
    "document_title": "웹 크롤링 기반 디지털 자산 보존 및 아카이빙 운영 지침",
    "data": [
        {
            "sentence": "이 문서는 웹사이트 크롤링에서 장기 보존까지의 전체 워크플로우와 감사가능한 메타데이터 적용 사례를 기술합니다.",
            "id": "sample_100_0048_000001",
            "annotations": []
        },
        {
            "sentence": "범위는 원시 HTML 자원, 정적·동적 미디어 파일, PDF 등 다양한 디지털 오브젝트의 인게스트, 무결성 검증, 정규화, 마이그레이션 및 접근관리입니다.",
            "id": "sample_100_0048_000002",
            "annotations": []
        },
        {
            "sentence": "메타데이터 표준으로는 PREMIS 이벤트·객체 모델, METS 컨테이너, 그리고 Dublin Core 기술 메타데이터를 우선 적용합니다.",
            "id": "sample_100_0048_000003",
            "annotations": []
        },
        {
            "sentence": "수집 레코드 예시는 record_id=rec-100-0001, original_url=https://example-archive.org/content/1001/index.html, crawl_timestamp=2025-11-15T10:23:45Z과 같습니다.",
            "id": "sample_100_0048_000004",
            "annotations": []
        },
        {
            "sentence": "파일별 필드는 captured_mime_type=text/html, file_size_bytes=124582, checksum_sha256=e3b0c44298fc1c149afbf4c8996fb92427ae41e4649b934ca495991b7852b855, storage_uri=s3://archive-kr/1001/index.html를 포함해야 합니다.",
            "id": "sample_100_0048_000005",
            "annotations": []
        },
        {
            "sentence": "preservation_action은 ingest, normalize, migrate, refresh 중 해당 작업을 기록하며 예: preservation_action=ingest, format_identifier=fmt/412, format_version=1.7로 표기합니다.",
            "id": "sample_100_0048_000006",
            "annotations": []
        },
        {
            "sentence": "preservation_state는 archived, quarantined, error, migrated 등으로 관리하며 테스트 시나리오에는 약 5%의 무결성 실패·마이그레이션 실패 케이스를 포함합니다.",
            "id": "sample_100_0048_000007",
            "annotations": []
        },
        {
            "sentence": "권리 및 접근 필드는 rights_statement='Copyright retained by publisher', access_restrictions='restricted_to_institutional_subscribers' 등 현실적 법적 제약을 반영합니다.",
            "id": "sample_100_0048_000008",
            "annotations": []
        },
        {
            "sentence": "ingest_agent은 archivist-service/2.1, ingest_job_id=INGEST-20251201-0001, retention_policy_id=RP-2024-ARCH-10Y처럼 감사추적이 가능하게 표기합니다.",
            "id": "sample_100_0048_000009",
            "annotations": []
        },
        {
            "sentence": "복제는 지리적 복제와 비용 균형을 반영하여 replication_locations='s3://archive-kr/1001/index.html,r2://archive-eu/1001/index.html'로 관리합니다.",
            "id": "sample_100_0048_000010",
            "annotations": []
        },
        {
            "sentence": "정기 무결성 검증은 last_fixity_check_timestamp=2026-01-20T02:00:00Z, fixity_check_result=pass와 같이 ISO 8601과 pass/fail로 기록합니다.",
            "id": "sample_100_0048_000011",
            "annotations": []
        },
        {
            "sentence": "관련 항목은 related_item_ids=[rec-099-0456, rec-100-0002]로 연결하고 metadata_schema=PREMIS/METS/DublinCore를 명시하여 상호운용성을 확보합니다.",
            "id": "sample_100_0048_000012",
            "annotations": []
        },
        {
            "sentence": "법적 예치 상태는 legal_deposit_status='required_jurisdiction_KR'로 표기하며 관할권별 보존기간 차이를 retention_policy에 반영합니다.",
            "id": "sample_100_0048_000013",
            "annotations": []
        },
        {
            "sentence": "샘플 보존 레코드 중 한 건은 redaction_applied=true로 표시되어 있으며, 민감정보 노출 가능 항목은 사전 익명화 또는 접근제한으로 처리합니다.",
            "id": "sample_100_0048_000014",
            "annotations": []
        },
        {
            "sentence": "담당자 연락처는 실 데이터가 아닌 마스킹을 사용하며 예시로 책임자=[REDACTED_NAME_01], 이메일=[REDACTED_EMAIL_01], 전화=[REDACTED_PHONE_01], 사번=[REDACTED_STAFFID_0001]로 보존 메타데이터에 표기합니다.",
            "id": "sample_100_0048_000015",
            "annotations": [
                {
                    "word": "[REDACTED_NAME_01]",
                    "start": 37,
                    "end": 55,
                    "label": "개인정보"
                },
                {
                    "word": "[REDACTED_EMAIL_01]",
                    "start": 61,
                    "end": 80,
                    "label": "개인정보"
                },
                {
                    "word": "[REDACTED_PHONE_01]",
                    "start": 85,
                    "end": 104,
                    "label": "개인정보"
                },
                {
                    "word": "[REDACTED_STAFFID_0001]",
                    "start": 109,
                    "end": 132,
                    "label": "개인정보"
                }
            ]
        },
        {
            "sentence": "개인 정보가 포함된 주소는 상세 표기 금지 원칙을 적용하여 시·군/구 단위로만 표기하며 예: 주소시=[REDACTED_ADDRESS_CITY:서울], 주소구=[REDACTED_ADDRESS_DISTRICT:강남구]로 처리합니다.",
            "id": "sample_100_0048_000016",
            "annotations": [
                {
                    "word": "[REDACTED_ADDRESS_CITY:서울]",
                    "start": 56,
                    "end": 82,
                    "label": "준식별자"
                },
                {
                    "word": "[REDACTED_ADDRESS_DISTRICT:강남구]",
                    "start": 88,
                    "end": 119,
                    "label": "준식별자"
                }
            ]
        },
        {
            "sentence": "준식별자와 관련된 항목은 생년월일·성별 분리를 준수하고 예시로 생년=[REDACTED_BIRTH_YEAR:1980], 성별=[REDACTED_GENDER:M] 형태로 익명화 상태를 기록합니다.",
            "id": "sample_100_0048_000017",
            "annotations": [
                {
                    "word": "[REDACTED_BIRTH_YEAR:1980]",
                    "start": 38,
                    "end": 64,
                    "label": "준식별자"
                },
                {
                    "word": "[REDACTED_GENDER:M]",
                    "start": 69,
                    "end": 88,
                    "label": "준식별자"
                }
            ]
        },
        {
            "sentence": "보안상 기밀로 분류되는 내부 정보는 실제 값 대신 대체 토큰을 사용하며 예: internal_ip=[REDACTED_IP_1], internal_path=[REDACTED_PATH_1], admin_url=[REDACTED_URL_ADMIN_PANEL]로 표기합니다.",
            "id": "sample_100_0048_000018",
            "annotations": [
                {
                    "word": "[REDACTED_IP_1]",
                    "start": 55,
                    "end": 70,
                    "label": "기밀정보"
                },
                {
                    "word": "[REDACTED_PATH_1]",
                    "start": 86,
                    "end": 103,
                    "label": "기밀정보"
                },
                {
                    "word": "[REDACTED_URL_ADMIN_PANEL]",
                    "start": 115,
                    "end": 141,
                    "label": "기밀정보"
                }
            ]
        },
        {
            "sentence": "재무·계정 관련 기밀정보는 별도 암호화 저장 및 접근 로그로 관리하며 예시 계정번호는 [REDACTED_ACCOUNT_1234]로 마스킹합니다.",
            "id": "sample_100_0048_000019",
            "annotations": [
                {
                    "word": "[REDACTED_ACCOUNT_1234]",
                    "start": 48,
                    "end": 71,
                    "label": "기밀정보"
                }
            ]
        },
        {
            "sentence": "포맷 식별은 PRONOM/Format Registry의 PUID를 우선 사용하고 예: format_identifier=fmt/412, format_registry='PRONOM'으로 명기합니다.",
            "id": "sample_100_0048_000020",
            "annotations": []
        },
        {
            "sentence": "마이그레이션 정책은 포맷 지속성 리스크를 근거로 수립하고 마이그레이션 이벤트는 PREMIS 이벤트로 기록하며 migration_result=failed 사례도 샘플로 포함합니다.",
            "id": "sample_100_0048_000021",
            "annotations": []
        },
        {
            "sentence": "robots.txt 준수, 크롤러 부하 제어, 사이트 소유자 통지 및 takedown 요청 대응 절차는 법적·윤리적 컴플라이언스의 핵심입니다.",
            "id": "sample_100_0048_000022",
            "annotations": []
        },
        {
            "sentence": "대용량 전송 시 암호화 전송(TLS)과 체크섬 검증, 전송 재시도 로직 및 대역폭 관리 정책을 적용하여 데이터 손상을 방지합니다.",
            "id": "sample_100_0048_000023",
            "annotations": []
        },
        {
            "sentence": "체크섬은 SHA-256을 표준으로 사용하며 정기 리퍼런스 체크와 비교로 무결성을 검증하고 실패 시 quarantined로 상태 전환합니다.",
            "id": "sample_100_0048_000024",
            "annotations": []
        },
        {
            "sentence": "보존 노트에는 ingest_job_id, ingest_agent, 작업 타임스탬프와 함께 예외사례(예: normalization 오류, migration 실패, fixity mismatch)를 기술합니다.",
            "id": "sample_100_0048_000025",
            "annotations": []
        },
        {
            "sentence": "스토리지 설계는 비용 대 복제 요구의 균형을 반영하여 콜드 스토리지에 장기 보존, 온 스토리지에 최근 접근본을 배치하는 하이브리드 전략을 권장합니다.",
            "id": "sample_100_0048_000026",
            "annotations": []
        },
        {
            "sentence": "감사 로그와 접근 통계는 별도 WORM 영역에 보관하고 보존 주기 동안 로그 무결성과 접근 이력을 유지해야 합니다.",
            "id": "sample_100_0048_000027",
            "annotations": []
        },
        {
            "sentence": "긴급문서의 연락창구는 실데이터 대신 마스킹된 연락처로 표기하며 예: 비상연락=[REDACTED_NAME_01] (담당자 마스킹)로 기록되어야 합니다.",
            "id": "sample_100_0048_000028",
            "annotations": [
                {
                    "word": "[REDACTED_NAME_01]",
                    "start": 43,
                    "end": 61,
                    "label": "개인정보"
                }
            ]
        }
    ]
}