{
    "document_id": "100_0056",
    "document_title": "웹 아카이빙 및 디지털 보존 운영 가이드라인",
    "data": [
        {
            "sentence": "이 문서는 디지털 보존과 웹 아카이빙의 정책 및 운영 절차를 기술하며 PREMIS·METS·Dublin Core 표준을 우선 적용한다.",
            "id": "sample_100_0056_000001",
            "annotations": []
        },
        {
            "sentence": "모든 타임스탬프는 ISO 8601(UTC) 형식으로 기록하고 체크섬은 SHA-256을 사용하여 무결성을 보장한다.",
            "id": "sample_100_0056_000002",
            "annotations": []
        },
        {
            "sentence": "수집 대상은 원시 HTML과 연관 자원(이미지, CSS, JS), PDF 및 멀티미디어 파일을 포함하며 각 객체에 대해 포맷 식별과 PRONOM 레퍼런스를 기록한다.",
            "id": "sample_100_0056_000003",
            "annotations": []
        },
        {
            "sentence": "보존 수명 주기는 ingest→storage→normalization→migration→access로 정의하고 각 단계는 preservation_action 로그에 남긴다.",
            "id": "sample_100_0056_000004",
            "annotations": []
        },
        {
            "sentence": "예시 레코드에는 record_id ark:12345/obj_0001, original_url https://www.example.org/article/2025, crawl_timestamp 2025-01-10T12:00:00Z가 포함된다.",
            "id": "sample_100_0056_000005",
            "annotations": []
        },
        {
            "sentence": "파일 메타데이터 필드로는 captured_mime_type, file_size_bytes, checksum_sha256, storage_uri, format_identifier, format_version가 필수로 정의된다.",
            "id": "sample_100_0056_000006",
            "annotations": []
        },
        {
            "sentence": "보존 정책 문서는 보존 기간, 보존 레벨, 법적 예치 의무, 복제 전략 및 접근 제한 정책을 상세히 규정해야 한다.",
            "id": "sample_100_0056_000007",
            "annotations": []
        },
        {
            "sentence": "접근 제한(access_restrictions)은 저작권 상태, robots.txt 규정, takedown 요청 및 법적 예치 상태를 반영하여 설정한다.",
            "id": "sample_100_0056_000008",
            "annotations": []
        },
        {
            "sentence": "접근통제 예시로 기관 전용, 구독자 전용, 공개 제한(법적 예치)을 적용하며 세분화된 ACL을 유지한다.",
            "id": "sample_100_0056_000009",
            "annotations": []
        },
        {
            "sentence": "무결성 검증은 ingest 직후와 정기적 리프레시 시 수행하며 last_fixity_check_timestamp에 결과를 기록하고 이력을 보존한다.",
            "id": "sample_100_0056_000010",
            "annotations": []
        },
        {
            "sentence": "보존 로그에는 ingest_job_id ings_20250110_0001, ingest_agent 'ArchiveCrawler/2.3', 및 preservation_notes가 포함되어 감사 추적이 가능해야 한다.",
            "id": "sample_100_0056_000011",
            "annotations": []
        },
        {
            "sentence": "테스트 시나리오로 전체 객체의 약 5%에 대해 마이그레이션 실패 및 체크섬 불일치 사례(fixity_check_result: fail)를 포함하여 복구 절차를 검증한다.",
            "id": "sample_100_0056_000012",
            "annotations": []
        },
        {
            "sentence": "저작권 및 저작인접권 정보는 rights_statement에 명시하고 필요한 경우 접근 제한과 결합하여 공개를 통제한다.",
            "id": "sample_100_0056_000013",
            "annotations": []
        },
        {
            "sentence": "법적 예치 상태(legal_deposit_status)는 관할권별 규정과 retention_policy_id를 연계하여 자동화된 보존 주기를 결정한다.",
            "id": "sample_100_0056_000014",
            "annotations": []
        },
        {
            "sentence": "인물 관련 메타데이터 샘플로 보존 담당자 이름 전래온, 사번 20230045, 소속 디지털보존팀을 내부 기록에 포함한다.",
            "id": "sample_100_0056_000015",
            "annotations": [
                {
                    "word": "전래온",
                    "start": 26,
                    "end": 29,
                    "label": "개인정보"
                },
                {
                    "word": "사번 20230045",
                    "start": 31,
                    "end": 42,
                    "label": "개인정보"
                }
            ]
        },
        {
            "sentence": "담당자 연락처는 공개 시 마스킹 처리하여 기록하고 외부 공개 대신 contact_redacted로 대체한다.",
            "id": "sample_100_0056_000016",
            "annotations": []
        },
        {
            "sentence": "준식별자 예시로 성별 여성, 생년월일 1985-07-23, 주소 시군구 서울특별시 강남구와 같은 항목은 별도 보호 대상으로 분류한다.",
            "id": "sample_100_0056_000017",
            "annotations": [
                {
                    "word": "여성",
                    "start": 12,
                    "end": 14,
                    "label": "준식별자"
                },
                {
                    "word": "1985-07-23",
                    "start": 21,
                    "end": 31,
                    "label": "준식별자"
                },
                {
                    "word": "서울특별시",
                    "start": 40,
                    "end": 45,
                    "label": "준식별자"
                },
                {
                    "word": "강남구",
                    "start": 46,
                    "end": 49,
                    "label": "준식별자"
                }
            ]
        },
        {
            "sentence": "민감정보 포함 콘텐츠는 redaction_applied true로 표기하고 접근 권한을 최소화하며 접근 로그를 엄격히 감사한다.",
            "id": "sample_100_0056_000018",
            "annotations": []
        },
        {
            "sentence": "기밀정보 예시로 내부 서버 IP 192.168.1.42 및 내부 파일 경로 /srv/archives/ingest/2025/obj_0001.warc는 외부 공개를 금지한다.",
            "id": "sample_100_0056_000019",
            "annotations": [
                {
                    "word": "192.168.1.42",
                    "start": 18,
                    "end": 30,
                    "label": "기밀정보"
                },
                {
                    "word": "/srv/archives/ingest/2025/obj_0001.warc",
                    "start": 42,
                    "end": 81,
                    "label": "기밀정보"
                }
            ]
        },
        {
            "sentence": "추가 기밀 예시로 비공개 URL https://internal.archive.local/secret 및 VPN 주소 vpn.internal.example.org는 내부 네트워크에 한해 접근을 허용한다.",
            "id": "sample_100_0056_000020",
            "annotations": [
                {
                    "word": "https://internal.archive.local/secret",
                    "start": 18,
                    "end": 55,
                    "label": "기밀정보"
                },
                {
                    "word": "vpn.internal.example.org",
                    "start": 65,
                    "end": 89,
                    "label": "기밀정보"
                }
            ]
        },
        {
            "sentence": "스토리지 설계는 온·냉 스토리지 간 비용과 복제 요구를 균형 있게 고려하고 replication_locations 필드에 복제 지역을 기록한다.",
            "id": "sample_100_0056_000021",
            "annotations": []
        },
        {
            "sentence": "예시 복제 위치로 us-east-1, eu-central-1, ap-northeast-2를 사용하며 비용·내구성 트레이드오프 분석을 포함한다.",
            "id": "sample_100_0056_000022",
            "annotations": []
        },
        {
            "sentence": "파일 포맷 지속성 리스크는 PRONOM과 Format Registry를 사용해 모니터링하며 format_version과 PUID를 정기적으로 업데이트한다.",
            "id": "sample_100_0056_000023",
            "annotations": []
        },
        {
            "sentence": "마이그레이션 정책 예시로 WARC gzip v1에서 WARC gzip v2로의 변환을 포함하고 preservation_action을 migrate로 표기한다.",
            "id": "sample_100_0056_000024",
            "annotations": []
        },
        {
            "sentence": "감사 로그는 변경 불가능한 WORM 저장소에 보관하며 로그 항목에는 ingest_job_id, agent, timestamp, change_description을 포함한다.",
            "id": "sample_100_0056_000025",
            "annotations": []
        },
        {
            "sentence": "접근 통제와 삭제 요청 처리 절차는 크롤러 부하 관리, robots.txt 준수, 컨텐츠 소유자 통지 및 takedown 대응을 명확히 정의한다.",
            "id": "sample_100_0056_000026",
            "annotations": []
        },
        {
            "sentence": "운영 테스트로 일부 객체를 quarantine 상태로 전환하여 복구 절차와 알림 체계를 점검한다.",
            "id": "sample_100_0056_000027",
            "annotations": []
        },
        {
            "sentence": "보존 노트 예시로 preservation_notes='마이그레이션 중 일부 자원에서 자바스크립트 로딩 실패 확인, 리소스 재수집 필요'를 기록한다.",
            "id": "sample_100_0056_000028",
            "annotations": []
        },
        {
            "sentence": "기밀 내부 담당자 표기로 성광일 담당 검토 완료를 기록하며 승인 로그는 감사 대상이고 접근 제어 목록에 포함된다.",
            "id": "sample_100_0056_000029",
            "annotations": [
                {
                    "word": "성광일",
                    "start": 14,
                    "end": 17,
                    "label": "개인정보"
                }
            ]
        },
        {
            "sentence": "결론적으로 정기적 포맷 식별, 체크섬 검증 주기 단축, 마이그레이션 우선순위 재설정 및 접근 정책 강화가 권고된다.",
            "id": "sample_100_0056_000030",
            "annotations": []
        }
    ]
}