{
    "document_id": "100_0098",
    "document_title": "웹 아카이브 보존 운영 지침서",
    "data": [
        {
            "sentence": "이 문서는 디지털 보존 및 웹 아카이빙(수집·인게스트·보존·접근) 정책과 운영 절차를 기술한 기술 문서입니다.",
            "id": "sample_100_0098_000001",
            "annotations": []
        },
        {
            "sentence": "문서는 PREMIS, METS, Dublin Core 메타데이터 스키마 적용 사례와 필드 매핑 예시를 포함합니다.",
            "id": "sample_100_0098_000002",
            "annotations": []
        },
        {
            "sentence": "샘플 레코드 식별자 예시는 record_id=ark:/100_0001/9f8b6a이며 PID 관리는 ARK·DOI 규칙을 따릅니다.",
            "id": "sample_100_0098_000003",
            "annotations": []
        },
        {
            "sentence": "수집 원본 URL 예시: original_url=https://example.org/news/article.html, crawl_timestamp=2025-03-15T12:00:00Z로 기록합니다.",
            "id": "sample_100_0098_000004",
            "annotations": []
        },
        {
            "sentence": "캡처된 MIME 유형은 captured_mime_type=application/html+xml; charset=UTF-8로 표기하고 파일 크기는 file_size_bytes=245760으로 기록합니다.",
            "id": "sample_100_0098_000005",
            "annotations": []
        },
        {
            "sentence": "무결성 정보 예시로 checksum_sha256=e3b0c44298fc1c149afbf4c8996fb92427ae41e4649b934ca495991b7852b855 를 사용합니다.",
            "id": "sample_100_0098_000006",
            "annotations": []
        },
        {
            "sentence": "스토리지 경로 예: storage_uri=s3://archive-prod/web/2025/03/15/ark_100_0001.gz로 지정하고 replication_locations=서울-1, 부산-2로 기록합니다.",
            "id": "sample_100_0098_000007",
            "annotations": []
        },
        {
            "sentence": "보존 조치(preservation_action)는 ingest→normalize→migrate→refresh 순으로 워크플로우를 정의하여 장기 보존을 관리합니다.",
            "id": "sample_100_0098_000008",
            "annotations": []
        },
        {
            "sentence": "포맷 식별은 format_identifier=pronom:fmt/499 또는 PRONOM pUID=fmt/134로 표기하고 format_version=1.2와 같이 기록합니다.",
            "id": "sample_100_0098_000009",
            "annotations": []
        },
        {
            "sentence": "보존 상태(preservation_state)는 archived, quarantined, error, migrated 중 하나를 사용하며 사례로 quarantined인 레코드가 존재합니다.",
            "id": "sample_100_0098_000010",
            "annotations": []
        },
        {
            "sentence": "권리 항목(rights_statement)과 access_restrictions는 저작권, 법적 예치, robots.txt 제약을 반영하여 public|institution|restricted로 할당합니다.",
            "id": "sample_100_0098_000011",
            "annotations": []
        },
        {
            "sentence": "인게스트 로그에는 ingest_agent=ArchivistBot/2.1 및 ingest_job_id=ingest_20250315_00042와 같은 감사 가능한 식별자가 포함됩니다.",
            "id": "sample_100_0098_000012",
            "annotations": []
        },
        {
            "sentence": "retention_policy_id=RP-2025-5를 통해 보존 기간과 보존 레벨을 매핑하며 legal_deposit_status=required로 표기된 항목을 포함합니다.",
            "id": "sample_100_0098_000013",
            "annotations": []
        },
        {
            "sentence": "최근 무결성 검사시는 last_fixity_check_timestamp=2025-06-01T03:00:00Z 이고 fixity_check_result=pass 또는 fail로 기록합니다.",
            "id": "sample_100_0098_000014",
            "annotations": []
        },
        {
            "sentence": "관련 항목 related_item_ids에는 ark:100_0001_anc, ark:100_0001_thumb 같은 참조를 포함하여 연계 분석을 가능하게 합니다.",
            "id": "sample_100_0098_000015",
            "annotations": []
        },
        {
            "sentence": "메타데이터 스키마(metadata_schema) 예시는 PREMIS/DublinCore 병용이며 METS 패키징 규격으로 마스터 파일을 래핑합니다.",
            "id": "sample_100_0098_000016",
            "annotations": []
        },
        {
            "sentence": "보존 노트(preservation_notes)는 ingest_job_id와 연계된 변환 로그, 마이그레이션 결과, 실패 사례 및 조치 계획을 상세히 기록합니다.",
            "id": "sample_100_0098_000017",
            "annotations": []
        },
        {
            "sentence": "사례: 일부 리소스는 포맷 퇴화로 인해 migrate가 필요하며 migration 실패 사례가 3% 비율로 모의되었고 preservation_state=error로 표시됩니다.",
            "id": "sample_100_0098_000018",
            "annotations": []
        },
        {
            "sentence": "접근 제어 사례로 저작권 미명시 콘텐츠는 access_restrictions=restricted로 분류하고 이용 요청 시 권리자 확인 절차를 거칩니다.",
            "id": "sample_100_0098_000019",
            "annotations": []
        },
        {
            "sentence": "민감정보 처리 규정에 따라 개인정보가 포함된 메타데이터는 보존 전 익명화 또는 마스킹을 수행하고 redaction_applied=true로 표기합니다.",
            "id": "sample_100_0098_000020",
            "annotations": []
        },
        {
            "sentence": "예시 마스킹: 담당자 이름은 [NAME_REDACTED], 이메일은 [EMAIL_REDACTED], 연락처는 [PHONE_REDACTED]로 표기하여 인출 위험을 줄입니다.",
            "id": "sample_100_0098_000021",
            "annotations": [
                {
                    "word": "[NAME_REDACTED]",
                    "start": 16,
                    "end": 31,
                    "label": "개인정보"
                },
                {
                    "word": "[EMAIL_REDACTED]",
                    "start": 38,
                    "end": 54,
                    "label": "개인정보"
                },
                {
                    "word": "[PHONE_REDACTED]",
                    "start": 61,
                    "end": 77,
                    "label": "개인정보"
                }
            ]
        },
        {
            "sentence": "준식별자 마스킹 예시로 생년월일은 [BIRTHDATE_REDACTED], 시/군/구는 [CITY_REDACTED], [DISTRICT_REDACTED]로 분리 표기합니다.",
            "id": "sample_100_0098_000022",
            "annotations": [
                {
                    "word": "[BIRTHDATE_REDACTED]",
                    "start": 19,
                    "end": 39,
                    "label": "준식별자"
                },
                {
                    "word": "[CITY_REDACTED]",
                    "start": 48,
                    "end": 63,
                    "label": "준식별자"
                },
                {
                    "word": "[DISTRICT_REDACTED]",
                    "start": 65,
                    "end": 84,
                    "label": "준식별자"
                }
            ]
        },
        {
            "sentence": "직업·직장명 같은 준식별자는 [OCCUPATION_REDACTED]로 처리하며 조합 위험을 줄이기 위한 추가 제한을 적용합니다.",
            "id": "sample_100_0098_000023",
            "annotations": [
                {
                    "word": "[OCCUPATION_REDACTED]",
                    "start": 16,
                    "end": 37,
                    "label": "준식별자"
                }
            ]
        },
        {
            "sentence": "기밀정보 예시로 내부 서버 IP는 [SERVER_IP_REDACTED], 내부 파일 경로는 [FILE_PATH_REDACTED], 계좌번호는 [BANK_ACCOUNT_REDACTED]로 마스킹합니다.",
            "id": "sample_100_0098_000024",
            "annotations": [
                {
                    "word": "[SERVER_IP_REDACTED]",
                    "start": 19,
                    "end": 39,
                    "label": "기밀정보"
                },
                {
                    "word": "[FILE_PATH_REDACTED]",
                    "start": 51,
                    "end": 71,
                    "label": "기밀정보"
                },
                {
                    "word": "[BANK_ACCOUNT_REDACTED]",
                    "start": 79,
                    "end": 102,
                    "label": "기밀정보"
                }
            ]
        },
        {
            "sentence": "네트워크 전송은 TLS 암호화와 함께 대용량 전송시 대역폭을 조율하며 VPN 주소는 [VPN_ADDRESS_REDACTED]로 내부 전송 경로를 비공개로 처리합니다.",
            "id": "sample_100_0098_000025",
            "annotations": [
                {
                    "word": "[VPN_ADDRESS_REDACTED]",
                    "start": 47,
                    "end": 69,
                    "label": "기밀정보"
                }
            ]
        },
        {
            "sentence": "준비된 감사 로그에는 ingest_agent와 담당자(마스킹) 및 작업 식별자 목록으로 감사 추적을 가능하게 하고 보존 정책 변경 이력을 기록합니다.",
            "id": "sample_100_0098_000026",
            "annotations": []
        },
        {
            "sentence": "테스트 시나리오에는 일부 레코드에서 fixity_check_result=fail을 포함하여 자동 알림과 격리(quarantined) 프로세스를 검증합니다.",
            "id": "sample_100_0098_000027",
            "annotations": []
        },
        {
            "sentence": "결론 및 권고: 메타데이터 표준 일관성 유지, 정기적 무결성 검사, 보존·접근 정책 문서화 및 민감정보 마스킹 정책 엄수를 권고합니다.",
            "id": "sample_100_0098_000028",
            "annotations": []
        }
    ]
}