{
    "document_id": "100_0051",
    "document_title": "웹 크롤 보존 정책 및 인게스트 사례보고서",
    "data": [
        {
            "sentence": "본 문서는 웹 크롤 아카이빙과 장기 디지털 보존 전략을 설명하기 위해 작성되었으며 평가지침과 운영 절차를 포함합니다.",
            "id": "sample_100_0051_000001",
            "annotations": []
        },
        {
            "sentence": "문서는 PREMIS, METS, Dublin Core 메타데이터 스키마 적용 원칙을 기반으로 작성되었으며 PRONOM과 Format Registry 용어를 우선 사용합니다.",
            "id": "sample_100_0051_000002",
            "annotations": []
        },
        {
            "sentence": "아카이브 파이프라인은 크롤링, 인게스트, 정규화(normalize), 마이그레이션(migrate), 리프레시(refresh) 및 접근(access) 단계를 포함합니다.",
            "id": "sample_100_0051_000003",
            "annotations": []
        },
        {
            "sentence": "예시 레코드 개요에는 고유 식별자(record_id), 원본 URL, 수집 타임스탬프와 무결성 정보를 명시합니다.",
            "id": "sample_100_0051_000004",
            "annotations": []
        },
        {
            "sentence": "record_id: ark:/10000/abcd-0001, original_url: https://example-archive.org/content/2025/0001, 이 두 항목은 인게스트 식별에 사용됩니다.",
            "id": "sample_100_0051_000005",
            "annotations": []
        },
        {
            "sentence": "crawl_timestamp: 2025-08-15T12:34:56Z로 기록되었으며 모든 타임스탬프는 ISO 8601(UTC) 형식을 따릅니다.",
            "id": "sample_100_0051_000006",
            "annotations": []
        },
        {
            "sentence": "captured_mime_type: text/html; charset=utf-8, file_size_bytes: 184572, 항목은 원시 리소스의 기술적 속성을 설명합니다.",
            "id": "sample_100_0051_000007",
            "annotations": []
        },
        {
            "sentence": "checksum_sha256: e3b0c44298fc1c149afbf4c8996fb92427ae41e4649b934ca495991b7852b855 으로 무결성 기준을 수립합니다.",
            "id": "sample_100_0051_000008",
            "annotations": []
        },
        {
            "sentence": "storage_uri: s3://archive-prod/[REDACTED_PATH]/100_0051/obj_0001 는 암호화된 전송과 정교한 접근 제어가 적용된 저장소 위치를 나타냅니다.",
            "id": "sample_100_0051_000009",
            "annotations": [
                {
                    "word": "[REDACTED_PATH]",
                    "start": 31,
                    "end": 46,
                    "label": "기밀정보"
                }
            ]
        },
        {
            "sentence": "preservation_action은 ingest으로 시작해 normalize 마이그레이션을 통해 access 준비가 완료되면 archived 상태로 전환됩니다.",
            "id": "sample_100_0051_000010",
            "annotations": []
        },
        {
            "sentence": "format_identifier(PRONOM): fmt/412, format_version: 1.2.0으로 식별되었으며 Format Registry와 교차검증이 수행됩니다.",
            "id": "sample_100_0051_000011",
            "annotations": []
        },
        {
            "sentence": "preservation_state: archived 로 표기되었고 일부 예외 케이스는 quarantined 또는 error로 기록되어 별도 조치 대상입니다.",
            "id": "sample_100_0051_000012",
            "annotations": []
        },
        {
            "sentence": "rights_statement: Copyright 2024 예외 및 접근 제약에 따라 access_restrictions: institutional-only 또는 takedown-restricted를 적용합니다.",
            "id": "sample_100_0051_000013",
            "annotations": []
        },
        {
            "sentence": "ingest_agent: ingest-agent/2.1, ingest_job_id: ingest_20250815_0001 로 감사 추적이 가능하도록 기록합니다.",
            "id": "sample_100_0051_000014",
            "annotations": []
        },
        {
            "sentence": "retention_policy_id: RP-2028-10Y 는 보존 기간 10년과 법적 예치 요구사항을 반영한 정책 식별자입니다.",
            "id": "sample_100_0051_000015",
            "annotations": []
        },
        {
            "sentence": "replication_locations: asia-northeast1,europe-west1 는 장기 보존을 위한 지리적 복제 요구와 비용 균형을 반영합니다.",
            "id": "sample_100_0051_000016",
            "annotations": []
        },
        {
            "sentence": "last_fixity_check_timestamp: 2025-11-01T03:00:00Z, fixity_check_result: pass 로 최근 무결성 검증 결과를 표기합니다.",
            "id": "sample_100_0051_000017",
            "annotations": []
        },
        {
            "sentence": "related_item_ids: doi:10.1234/example.1, ark:/10000/related-0002 는 연관 리소스와 상호 참조를 가능하게 합니다.",
            "id": "sample_100_0051_000018",
            "annotations": []
        },
        {
            "sentence": "metadata_schema: PREMIS/DublinCore/METS 로 기술적·관리적·구조적 메타데이터 계층을 일관되게 유지합니다.",
            "id": "sample_100_0051_000019",
            "annotations": []
        },
        {
            "sentence": "legal_deposit_status: partial 로 일부 항목은 법적 예치 대상이나 권리·차단 정책에 따라 접근이 제한됩니다.",
            "id": "sample_100_0051_000020",
            "annotations": []
        },
        {
            "sentence": "감사 로그에는 담당자 검토 항목과 승인 기록이 포함되며 담당자: [REDACTED_NAME] 으로 마스킹되어 저장됩니다.",
            "id": "sample_100_0051_000021",
            "annotations": [
                {
                    "word": "[REDACTED_NAME]",
                    "start": 36,
                    "end": 51,
                    "label": "개인정보"
                }
            ]
        },
        {
            "sentence": "콘텐츠 소유자 통지 및 takedown 대응을 위한 연락처는 보안을 위해 contact: [REDACTED_EMAIL] 로 마스킹 처리됩니다.",
            "id": "sample_100_0051_000022",
            "annotations": [
                {
                    "word": "[REDACTED_EMAIL]",
                    "start": 50,
                    "end": 66,
                    "label": "개인정보"
                }
            ]
        },
        {
            "sentence": "저장소 호스트와 네트워크 감사에는 서버 식별자가 포함되나 외부 노출 위험을 줄이기 위해 host_ip: [REDACTED_IP] 로 기록됩니다.",
            "id": "sample_100_0051_000023",
            "annotations": [
                {
                    "word": "[REDACTED_IP]",
                    "start": 58,
                    "end": 71,
                    "label": "기밀정보"
                }
            ]
        },
        {
            "sentence": "내부 운영 로그에는 사번 등 직원 식별자가 포함될 수 있어 staff_id: [REDACTED_EMP_ID] 로 마스킹합니다.",
            "id": "sample_100_0051_000024",
            "annotations": [
                {
                    "word": "[REDACTED_EMP_ID]",
                    "start": 43,
                    "end": 60,
                    "label": "개인정보"
                }
            ]
        },
        {
            "sentence": "백업센터 주소는 지역 단위로 식별하되 상세주소는 비공개로 유지하여 backup_center: 서울특별시 [REDACTED_DISTRICT] 로 표기합니다.",
            "id": "sample_100_0051_000025",
            "annotations": [
                {
                    "word": "[REDACTED_DISTRICT]",
                    "start": 58,
                    "end": 77,
                    "label": "준식별자"
                }
            ]
        },
        {
            "sentence": "redaction_applied: true 로 설정되어 있으며 이름, 이메일, 내부 경로 등 민감정보는 보존 전 익명화·접근제한이 적용되었습니다.",
            "id": "sample_100_0051_000026",
            "annotations": []
        },
        {
            "sentence": "preservation_notes에는 마이그레이션 정책, 포맷 퇴화 위험, 테스트 케이스 결과 및 2025-09-01T08:15:00Z 마이그레이션 실패 사례가 기록됩니다.",
            "id": "sample_100_0051_000027",
            "annotations": []
        },
        {
            "sentence": "포맷 지속성 관리를 위해 PRONOM·Format Registry 업데이트를 주기적으로 확인하고 마이그레이션 우선순위를 재정의합니다.",
            "id": "sample_100_0051_000028",
            "annotations": []
        },
        {
            "sentence": "무결성 검증은 SHA-256 체크섬 표준을 따르며 정기 스케줄과 자동화 경보를 통해 데이터 열화 시 즉시 복구 절차를 수행합니다.",
            "id": "sample_100_0051_000029",
            "annotations": []
        },
        {
            "sentence": "컴플라이언스 관점에서 robots.txt, 저작권, 법적 예치, takedown 요청 프로세스는 문서화되어 있으며 사전 통지와 암호화 전송을 원칙으로 합니다.",
            "id": "sample_100_0051_000030",
            "annotations": []
        },
        {
            "sentence": "결론 및 실행 항목은 보존 정책 검토 일정 설정, 마이그레이션 테스트 확대, 접근제어 강화 및 연간 감사 보고서 제출로 요약됩니다.",
            "id": "sample_100_0051_000031",
            "annotations": []
        }
    ]
}