{
    "document_id": "100_0078",
    "document_title": "웹 아카이브 보존 메타데이터 및 운영 보고서",
    "data": [
        {
            "sentence": "본 문서는 웹 크롤 아카이빙의 보존 정책, 메타데이터 표준 적용, 그리고 감사 추적 요구사항을 기술하는 운영 보고서입니다.",
            "id": "sample_100_0078_000001",
            "annotations": []
        },
        {
            "sentence": "문서는 PREMIS, METS, Dublin Core를 우선 메타데이터 스키마로 명시하고 PRONOM·Format Registry 용어를 식별 정보로 사용합니다.",
            "id": "sample_100_0078_000002",
            "annotations": []
        },
        {
            "sentence": "보존 수명주기는 ingest → storage → normalization → migration → access의 단계로 정의되고 각 단계는 타임스탬프와 에이전트 정보를 포함해야 합니다.",
            "id": "sample_100_0078_000003",
            "annotations": []
        },
        {
            "sentence": "장기 보존 요구와 스토리지 비용을 균형 있게 설계하기 위해 냉·온 스토리지 계층과 지리적 복제 전략을 문서화합니다.",
            "id": "sample_100_0078_000004",
            "annotations": []
        },
        {
            "sentence": "샘플 레코드 예시로 record_id: ark:/10078/0001을 사용하여 인게스트 메타데이터를 기록합니다.",
            "id": "sample_100_0078_000005",
            "annotations": []
        },
        {
            "sentence": "원본 URL은 https://www.example.org/news/article-20260124.html로 캡처 대상과 크롤 범위를 명확히 표기합니다.",
            "id": "sample_100_0078_000006",
            "annotations": []
        },
        {
            "sentence": "크롤 타임스탬프는 2026-01-24T12:00:00Z 형식으로 기록하며 이는 ISO 8601(UTC) 규격을 따릅니다.",
            "id": "sample_100_0078_000007",
            "annotations": []
        },
        {
            "sentence": "캡처된 MIME 타입은 text/html이며 file_size_bytes는 2456720으로 기록됩니다.",
            "id": "sample_100_0078_000008",
            "annotations": []
        },
        {
            "sentence": "체크섬은 checksum_sha256: 3f8a1d4b6c9e2f7a8b1c2d3e4f5a6b7c8d9e0f1a2b3c4d5e6f7a8b9c0d1e2f3로 저장합니다.",
            "id": "sample_100_0078_000009",
            "annotations": []
        },
        {
            "sentence": "스토리지 URI는 s3://archive-prod/100_0078/ark-0001.warc이며 replication_locations는 us-east-1,eu-west-1,ap-northeast-2로 명시합니다.",
            "id": "sample_100_0078_000010",
            "annotations": []
        },
        {
            "sentence": "preservation_action은 ingest로 시작되었고 format_identifier는 PRONOM: fmt/1026 (WARC), format_version은 1.0으로 기록합니다.",
            "id": "sample_100_0078_000011",
            "annotations": []
        },
        {
            "sentence": "preservation_state는 archived로 표기하였고 last_fixity_check_timestamp은 2026-01-24T13:05:00Z이며 fixity_check_result는 pass입니다.",
            "id": "sample_100_0078_000012",
            "annotations": []
        },
        {
            "sentence": "rights_statement은 RightsStatement: In Copyright이며 legal_deposit_status는 deposited로 관할법에 따른 보존근거를 명시합니다.",
            "id": "sample_100_0078_000013",
            "annotations": []
        },
        {
            "sentence": "access_restrictions는 institution-only로 지정하거나 takedown 요청·robots.txt에 따라 접근을 제한할 수 있도록 정책을 설정합니다.",
            "id": "sample_100_0078_000014",
            "annotations": []
        },
        {
            "sentence": "ingest_agent는 Heritrix/4.0.0과 운영자 서승협이 조합되어 인게스트 로그에 기록되며 ingest_job_id는 IJ-20260124-0003입니다.",
            "id": "sample_100_0078_000015",
            "annotations": [
                {
                    "word": "서승협",
                    "start": 34,
                    "end": 37,
                    "label": "개인정보"
                }
            ]
        },
        {
            "sentence": "샘플 데이터는 개인정보 익명화를 적용했으며 redaction_applied: true로 이메일과 연락처는 [EMAIL_REDACTED] 및 [PHONE_REDACTED]로 마스킹됩니다.",
            "id": "sample_100_0078_000016",
            "annotations": [
                {
                    "word": "[EMAIL_REDACTED]",
                    "start": 59,
                    "end": 75,
                    "label": "개인정보"
                },
                {
                    "word": "[PHONE_REDACTED]",
                    "start": 78,
                    "end": 94,
                    "label": "개인정보"
                }
            ]
        },
        {
            "sentence": "preservation_notes에는 checksum 불일치로 인한 normalization 실패와 자동 재시도 로그, 마이그레이션 시나리오 및 감사용 ingest_job_id가 포함되어야 합니다.",
            "id": "sample_100_0078_000017",
            "annotations": []
        },
        {
            "sentence": "related_item_ids는 ark:/10078/0000-RELATED 같은 식별자를 포함하고 metadata_schema는 PREMIS/DublinCore 병행 표기를 권장합니다.",
            "id": "sample_100_0078_000018",
            "annotations": []
        },
        {
            "sentence": "포맷 지속성 대응으로 PRONOM 식별자를 통해 마이그레이션 우선순위를 정하고 PDF 등 보존 친화 포맷으로의 normalization 정책을 수립합니다.",
            "id": "sample_100_0078_000019",
            "annotations": []
        },
        {
            "sentence": "정기 리프레시와 재수집 스케줄은 실시간 업데이트 대상의 변경 빈도를 고려해 주기와 증분 관리 방안을 운영지침에 포함합니다.",
            "id": "sample_100_0078_000020",
            "annotations": []
        },
        {
            "sentence": "운영 중인 내부 서버 정보는 외부 노출을 금지하며 예시로 server IP는 [IP_REDACTED]로 마스킹하고 내부 경로는 [FILE_PATH_REDACTED]로 문서화합니다.",
            "id": "sample_100_0078_000021",
            "annotations": [
                {
                    "word": "[IP_REDACTED]",
                    "start": 43,
                    "end": 56,
                    "label": "기밀정보"
                },
                {
                    "word": "[FILE_PATH_REDACTED]",
                    "start": 71,
                    "end": 91,
                    "label": "기밀정보"
                }
            ]
        },
        {
            "sentence": "비공개 URL 또는 내부 서비스 엔드포인트는 https://internal.example/[URL_REDACTED] 형태로 표기하여 공개 문서에 직접 노출되지 않도록 합니다.",
            "id": "sample_100_0078_000022",
            "annotations": [
                {
                    "word": "https://internal.example/[URL_REDACTED]",
                    "start": 25,
                    "end": 64,
                    "label": "기밀정보"
                }
            ]
        },
        {
            "sentence": "사이트 소유자 통보 및 takedown 연락창구는 우규희를 담당자로 지정하고 통지 절차와 응답 기한을 기록합니다.",
            "id": "sample_100_0078_000023",
            "annotations": [
                {
                    "word": "우규희",
                    "start": 28,
                    "end": 31,
                    "label": "개인정보"
                }
            ]
        },
        {
            "sentence": "법적 예치 및 물리적 접근 지점은 서울 지부를 기준으로 하며 지리 정보는 서울특별시 중구 등 행정구 단위 수준으로 관리합니다.",
            "id": "sample_100_0078_000024",
            "annotations": [
                {
                    "word": "서울특별시 중구",
                    "start": 41,
                    "end": 49,
                    "label": "준식별자"
                }
            ]
        },
        {
            "sentence": "민감정보로 판단되는 기록은 별도로 분류하고 생년월일 등 준식별자는 [BIRTHDATE_REDACTED] 형태로 마스킹 처리합니다.",
            "id": "sample_100_0078_000025",
            "annotations": [
                {
                    "word": "[BIRTHDATE_REDACTED]",
                    "start": 37,
                    "end": 57,
                    "label": "준식별자"
                }
            ]
        },
        {
            "sentence": "대규모 데이터 전송 시 결제 및 비용 정산 관련 항목은 내부 계정으로 처리하며 계좌번호는 [ACCOUNT_REDACTED]로 비식별화합니다.",
            "id": "sample_100_0078_000026",
            "annotations": [
                {
                    "word": "[ACCOUNT_REDACTED]",
                    "start": 50,
                    "end": 68,
                    "label": "기밀정보"
                }
            ]
        },
        {
            "sentence": "감사 로그 예시는 한새빛이 수행한 인게스트 작업과 타임스탬프, ingest_job_id를 포함하고 변경 전후 상태를 비교하여 보존 증빙을 남깁니다.",
            "id": "sample_100_0078_000027",
            "annotations": [
                {
                    "word": "한새빛",
                    "start": 10,
                    "end": 13,
                    "label": "개인정보"
                }
            ]
        },
        {
            "sentence": "정기 무결성 검사에서 일부 파일이 fail로 판정될 경우 보관 상태를 quarantined로 변경하고 별도 복구 프로세스를 가동합니다.",
            "id": "sample_100_0078_000028",
            "annotations": []
        },
        {
            "sentence": "결론적으로 본 보고서는 저작권·개인정보 보호·법적 예치 요구를 충족하기 위한 운영 절차와 담당자 지정, 그리고 다음 검토 일정을 제시합니다.",
            "id": "sample_100_0078_000029",
            "annotations": []
        },
        {
            "sentence": "액션 아이템으로 다음 검토 책임자를 송성주로 지정하며 차기 감사는 2026-07-01T09:00:00Z로 예약합니다.",
            "id": "sample_100_0078_000030",
            "annotations": [
                {
                    "word": "송성주",
                    "start": 20,
                    "end": 23,
                    "label": "개인정보"
                }
            ]
        }
    ]
}