{
    "document_id": "100_0086",
    "document_title": "웹 크롤 보존 및 아카이빙 운영 지침서",
    "data": [
        {
            "sentence": "본 문서는 웹 크롤 아카이브의 장기 보존 및 접근 관리를 위한 운영 지침과 감사 로그 예시를 제공합니다.",
            "id": "sample_100_0086_000001",
            "annotations": []
        },
        {
            "sentence": "적용 표준은 PREMIS, METS, Dublin Core를 우선 사용하며 포맷 식별은 PRONOM·Format Registry 용어를 기준으로 명시합니다.",
            "id": "sample_100_0086_000002",
            "annotations": []
        },
        {
            "sentence": "모든 타임스탬프는 ISO 8601(UTC) 형식으로 표기하고 무결성 검증은 SHA-256 체크섬을 표준으로 사용합니다.",
            "id": "sample_100_0086_000003",
            "annotations": []
        },
        {
            "sentence": "대상 범위는 웹사이트 크롤(원시 HTML, 이미지, CSS, JS), PDF 및 멀티미디어 파일의 수집·보존·접근 관리입니다.",
            "id": "sample_100_0086_000004",
            "annotations": []
        },
        {
            "sentence": "장기 보존을 위해 스토리지 비용과 지리적 복제 요구의 균형을 정책으로 규정하며 지역별 복제본은 최소 2개 이상의 지리적 영역에 분산 저장합니다.",
            "id": "sample_100_0086_000005",
            "annotations": []
        },
        {
            "sentence": "샘플 레코드 예시는 필드: record_id, original_url, crawl_timestamp, captured_mime_type, file_size_bytes, checksum_sha256로 구성됩니다.",
            "id": "sample_100_0086_000006",
            "annotations": []
        },
        {
            "sentence": "담당자: 류창욱.",
            "id": "sample_100_0086_000007",
            "annotations": [
                {
                    "word": "류창욱",
                    "start": 5,
                    "end": 8,
                    "label": "개인정보"
                }
            ]
        },
        {
            "sentence": "검수자: 천유니.",
            "id": "sample_100_0086_000008",
            "annotations": [
                {
                    "word": "천유니",
                    "start": 5,
                    "end": 8,
                    "label": "개인정보"
                }
            ]
        },
        {
            "sentence": "성별: 남성.",
            "id": "sample_100_0086_000009",
            "annotations": [
                {
                    "word": "남성",
                    "start": 4,
                    "end": 6,
                    "label": "준식별자"
                }
            ]
        },
        {
            "sentence": "생년월일: 1985-06-15.",
            "id": "sample_100_0086_000010",
            "annotations": [
                {
                    "word": "1985-06-15",
                    "start": 6,
                    "end": 16,
                    "label": "준식별자"
                }
            ]
        },
        {
            "sentence": "주소: 서울특별시 마포구.",
            "id": "sample_100_0086_000011",
            "annotations": [
                {
                    "word": "서울특별시 마포구",
                    "start": 4,
                    "end": 13,
                    "label": "준식별자"
                }
            ]
        },
        {
            "sentence": "직업: 아카이브 엔지니어.",
            "id": "sample_100_0086_000012",
            "annotations": [
                {
                    "word": "아카이브 엔지니어",
                    "start": 4,
                    "end": 13,
                    "label": "준식별자"
                }
            ]
        },
        {
            "sentence": "운영 상의 기밀 예시로 서버 IP: 10.10.10.5는 내부 접근 제어 하에 있습니다.",
            "id": "sample_100_0086_000013",
            "annotations": [
                {
                    "word": "10.10.10.5",
                    "start": 20,
                    "end": 30,
                    "label": "기밀정보"
                }
            ]
        },
        {
            "sentence": "내부 파일 경로: /srv/archive/private/collection_A/ingest.log은 감사 로그 원본으로 보관되며 접근은 제한됩니다.",
            "id": "sample_100_0086_000014",
            "annotations": [
                {
                    "word": "/srv/archive/private/collection_A/ingest.log",
                    "start": 10,
                    "end": 54,
                    "label": "기밀정보"
                }
            ]
        },
        {
            "sentence": "비공개 URL: http://internal.local/delete-request는 삭제 요청 처리용 내부 엔드포인트 예시입니다.",
            "id": "sample_100_0086_000015",
            "annotations": [
                {
                    "word": "http://internal.local/delete-request",
                    "start": 9,
                    "end": 45,
                    "label": "기밀정보"
                }
            ]
        },
        {
            "sentence": "재무 관련 기밀로 계좌번호: ****1234 같은 마스킹 표기를 사용하며 실제 값은 암호화된 vault에 보관합니다.",
            "id": "sample_100_0086_000016",
            "annotations": [
                {
                    "word": "****1234",
                    "start": 16,
                    "end": 24,
                    "label": "기밀정보"
                }
            ]
        },
        {
            "sentence": "VPN 주소: vpn.internal.example.com은 내부 전송 및 복제시 사용되는 전용 터널 예시입니다.",
            "id": "sample_100_0086_000017",
            "annotations": [
                {
                    "word": "vpn.internal.example.com",
                    "start": 8,
                    "end": 32,
                    "label": "기밀정보"
                }
            ]
        },
        {
            "sentence": "ingest_agent: 원도경, ingest_job_id: ingest_2025_00017, retention_policy_id: RP-2024-WEB-05로 인게스트 로그에 기록합니다.",
            "id": "sample_100_0086_000018",
            "annotations": [
                {
                    "word": "원도경",
                    "start": 14,
                    "end": 17,
                    "label": "개인정보"
                }
            ]
        },
        {
            "sentence": "샘플 필드 값 예: record_id=ark:/12345/abcde123, original_url=https://example.org/page, crawl_timestamp=2025-01-15T12:00:00Z, captured_mime_type=text/html.",
            "id": "sample_100_0086_000019",
            "annotations": []
        },
        {
            "sentence": "파일 속성 예시는 file_size_bytes=245678, checksum_sha256=3a7bd3f1c9e2a0b4f2d8c6ea9b7d1f2c3e4a5b6c7d8e9f0a1b2c3d4e5f6a7b8, storage_uri=s3://archive-prod/2025/01/abcde123.",
            "id": "sample_100_0086_000020",
            "annotations": []
        },
        {
            "sentence": "replication_locations는 us-east-1, eu-central-1로 설정하여 지리적 복제를 수행하고 전송시 TLS 암호화를 의무화합니다.",
            "id": "sample_100_0086_000021",
            "annotations": []
        },
        {
            "sentence": "preservation_action은 ingest|normalize|migrate|refresh 중 기록되며 normalization 단계에서 포맷 이슈가 발생할 경우 별도 로그를 만듭니다.",
            "id": "sample_100_0086_000022",
            "annotations": []
        },
        {
            "sentence": "format_identifier는 PRONOM 식별자 fmt/111로 표기하고 format_version=1.2로 기록하여 마이그레이션 정책 수립에 활용합니다.",
            "id": "sample_100_0086_000023",
            "annotations": []
        },
        {
            "sentence": "preservation_state는 archived, quarantined, error, migrated 등을 사용하고 last_fixity_check_timestamp=2025-01-20T03:00:00Z, fixity_check_result=fail 사례를 포함합니다.",
            "id": "sample_100_0086_000024",
            "annotations": []
        },
        {
            "sentence": "rights_statement은 저작권 및 저작인접권을 반영하고 access_restrictions는 구독 기반, 기관 전용, 차단 목록 등 현실적 제약을 반영합니다.",
            "id": "sample_100_0086_000025",
            "annotations": []
        },
        {
            "sentence": "metadata_schema는 PREMIS/DublinCore 혼합 모델을 권고하며 related_item_ids, legal_deposit_status와 같은 컴플라이언스 필드를 명시합니다.",
            "id": "sample_100_0086_000026",
            "annotations": []
        },
        {
            "sentence": "redaction_applied=true/false를 기록하고 민감정보 포함 시 익명화·마스킹 절차와 접근 권한 로그를 보존합니다.",
            "id": "sample_100_0086_000027",
            "annotations": []
        },
        {
            "sentence": "preservation_notes에는 마이그레이션 실패 사례, 무결성 실패 보고, 복구절차와 향후 스케줄이 포함되어 감사 추적이 가능하도록 합니다.",
            "id": "sample_100_0086_000028",
            "annotations": []
        }
    ]
}