﻿word,document,sentence,label
전희수,100_0001,sample_100_0001_000004,개인정보
서울특별시,100_0001,sample_100_0001_000006,준식별자
중구,100_0001,sample_100_0001_000006,준식별자
1987,100_0001,sample_100_0001_000007,준식별자
3b2f9a1d4c8e5f6a7b8c9d0e1f2a3b4c5d6e7f8a9b0c1d2e3f4a5b6c7d8e9f0a,100_0001,sample_100_0001_000008,일반정보
/srv/archive/private/index.warc,100_0001,sample_100_0001_000010,기밀정보
archive_admin,100_0001,sample_100_0001_000011,기밀정보
https://internal.corp.example/secret,100_0001,sample_100_0001_000013,기밀정보
류니나,100_0001,sample_100_0001_000025,개인정보
10.0.0.5,100_0001,sample_100_0001_000026,기밀정보
vpn.internal.local,100_0001,sample_100_0001_000026,기밀정보
공민주 [REDACTED],100_0002,sample_100_0002_000009,개인정보
홍라호 [REDACTED],100_0002,sample_100_0002_000011,개인정보
EMP-000123 [REDACTED],100_0002,sample_100_0002_000011,개인정보
researcher@archive.org [REDACTED],100_0002,sample_100_0002_000011,개인정보
1985-07-23,100_0002,sample_100_0002_000012,준식별자
여성,100_0002,sample_100_0002_000012,준식별자
서울특별시 강남구,100_0002,sample_100_0002_000012,준식별자
10.0.0.5,100_0002,sample_100_0002_000013,기밀정보
/srv/archive/private/ingest_log_2024.log,100_0002,sample_100_0002_000013,기밀정보
서울특별시,100_0003,sample_100_0003_000008,준식별자
1985-04-12,100_0003,sample_100_0003_000008,준식별자
신혜원,100_0003,sample_100_0003_000016,개인정보
민정원,100_0003,sample_100_0003_000025,개인정보
192.168.10.42,100_0003,sample_100_0003_000028,기밀정보
/var/www/archive/100_0003/index.html,100_0003,sample_100_0003_000028,기밀정보
[REDACTED:이름],100_0004,sample_100_0004_000020,개인정보
[REDACTED:이메일],100_0004,sample_100_0004_000020,개인정보
[REDACTED:휴대전화],100_0004,sample_100_0004_000020,개인정보
[REDACTED:상세주소],100_0004,sample_100_0004_000021,개인정보
[REDACTED:주민등록번호],100_0004,sample_100_0004_000021,개인정보
성별: 여성,100_0004,sample_100_0004_000022,준식별자
시/군/구: 강남구,100_0004,sample_100_0004_000022,준식별자
직업: 연구원,100_0004,sample_100_0004_000022,준식별자
[REDACTED:서버IP],100_0004,sample_100_0004_000023,기밀정보
[REDACTED:내부파일경로],100_0004,sample_100_0004_000023,기밀정보
[REDACTED:계좌번호],100_0004,sample_100_0004_000024,기밀정보
원동훈 (redacted),100_0005,sample_100_0005_000006,개인정보
엄경은 (redacted),100_0005,sample_100_0005_000007,개인정보
[email_redacted],100_0005,sample_100_0005_000008,개인정보
[phone_redacted],100_0005,sample_100_0005_000009,개인정보
[DOB_redacted],100_0005,sample_100_0005_000010,준식별자
남성,100_0005,sample_100_0005_000011,준식별자
서울,100_0005,sample_100_0005_000012,준식별자
[IP_redacted],100_0005,sample_100_0005_000013,기밀정보
[internal_path_redacted],100_0005,sample_100_0005_000014,기밀정보
[account_redacted],100_0005,sample_100_0005_000015,기밀정보
[private_url_redacted],100_0005,sample_100_0005_000016,기밀정보
우별하 [redacted],100_0006,sample_100_0006_000012,개인정보
contact@[redacted].org,100_0006,sample_100_0006_000022,개인정보
010-[redacted]-5678,100_0006,sample_100_0006_000000,개인정보
생년월일: 1985-05-[redacted],100_0006,sample_100_0006_000024,준식별자
성별: 여성,100_0006,sample_100_0006_000024,준식별자
주소: 서울특별시 강남구 [redacted],100_0006,sample_100_0006_000024,준식별자
10.0.[redacted].45,100_0006,sample_100_0006_000025,기밀정보
/srv/internal/ingest/[redacted]/job.warc,100_0006,sample_100_0006_000013,기밀정보
internal-db.local [redacted],100_0006,sample_100_0006_000025,기밀정보
https://intranet.example.local/[redacted],100_0006,sample_100_0006_000026,기밀정보
계좌번호: [redacted],100_0006,sample_100_0006_000028,기밀정보
허준희 [redacted],100_0006,sample_100_0006_000023,개인정보
송정하,100_0007,sample_100_0007_000011,개인정보
우라온,100_0007,sample_100_0007_000012,개인정보
백리차드,100_0007,sample_100_0007_000028,개인정보
성별: 여성,100_0007,sample_100_0007_000013,준식별자
1988,100_0007,sample_100_0007_000014,준식별자
07,100_0007,sample_100_0007_000014,준식별자
XX,100_0007,sample_100_0007_000014,준식별자
서울특별시,100_0007,sample_100_0007_000015,준식별자
강남구,100_0007,sample_100_0007_000015,준식별자
국립디지털아카이브,100_0007,sample_100_0007_000016,준식별자
10.0.0.5 (redacted),100_0007,sample_100_0007_000017,기밀정보
/srv/archive/ingest/job_0007/logs (redacted),100_0007,sample_100_0007_000018,기밀정보
https://internal.archive.local/preview/0007 (redacted),100_0007,sample_100_0007_000019,기밀정보
****-****-1234 (redacted),100_0007,sample_100_0007_000020,기밀정보
archive_ingest (redacted),100_0007,sample_100_0007_000021,기밀정보
ingest_agent: ArchivistBot/2.1 (redacted),100_0007,sample_100_0007_000023,기밀정보
<ORIGINAL_URL:redacted>,100_0008,sample_100_0008_000003,기밀정보
<STORAGE_URI:redacted>,100_0008,sample_100_0008_000007,기밀정보
심준우 (redacted),100_0008,sample_100_0008_000012,개인정보
<REPLICA1:redacted>,100_0008,sample_100_0008_000015,기밀정보
<REPLICA2:redacted>,100_0008,sample_100_0008_000015,기밀정보
<EMAIL:redacted>,100_0008,sample_100_0008_000021,개인정보
<PHONE:redacted>,100_0008,sample_100_0008_000021,개인정보
한로이 (redacted),100_0008,sample_100_0008_000026,개인정보
<IP:redacted>,100_0008,sample_100_0008_000027,기밀정보
<SERVER_PATH:redacted>,100_0008,sample_100_0008_000027,기밀정보
서울특별시,100_0008,sample_100_0008_000028,준식별자
남성,100_0008,sample_100_0008_000028,준식별자
<DOB:redacted>,100_0008,sample_100_0008_000028,준식별자
<ACCOUNT_ID:redacted>,100_0008,sample_100_0008_000029,기밀정보
조기호 (redacted),100_0009,sample_100_0009_000003,개인정보
[email:redacted],100_0009,sample_100_0009_000005,개인정보
[phone:redacted],100_0009,sample_100_0009_000006,개인정보
1985-07-23 (redacted),100_0009,sample_100_0009_000007,준식별자
남찬빈 (redacted),100_0009,sample_100_0009_000008,개인정보
[내부IP:redacted],100_0009,sample_100_0009_000010,기밀정보
/srv/archive/private/docs,100_0009,sample_100_0009_000011,기밀정보
[계좌번호:redacted],100_0009,sample_100_0009_000012,기밀정보
[비공개_URL:redacted],100_0009,sample_100_0009_000020,기밀정보
민현태 (redacted),100_0009,sample_100_0009_000023,개인정보
하완 (redacted),100_0009,sample_100_0009_000024,개인정보
서울특별시,100_0009,sample_100_0009_000025,준식별자
강남구,100_0009,sample_100_0009_000025,준식별자
최라현,100_0010,sample_100_0010_000012,개인정보
[전화번호_마스킹],100_0010,sample_100_0010_000018,개인정보
[email_redacted],100_0010,sample_100_0010_000018,개인정보
주연지,100_0010,sample_100_0010_000019,개인정보
성별: 여성,100_0010,sample_100_0010_000020,준식별자
[생년월일_마스킹],100_0010,sample_100_0010_000020,준식별자
서울특별시,100_0010,sample_100_0010_000020,준식별자
서대문구,100_0010,sample_100_0010_000020,준식별자
[IP_마스킹],100_0010,sample_100_0010_000022,기밀정보
/var/archives/private/[redacted],100_0010,sample_100_0010_000022,기밀정보
[계좌번호_마스킹],100_0010,sample_100_0010_000023,기밀정보
우금비,100_0010,sample_100_0010_000027,개인정보
[redacted_private_url],100_0010,sample_100_0010_000028,기밀정보
김용주,100_0011,sample_100_0011_000005,개인정보
남성,100_0011,sample_100_0011_000006,준식별자
1985,100_0011,sample_100_0011_000006,준식별자
서울특별시,100_0011,sample_100_0011_000008,준식별자
[REDACTED_IP],100_0011,sample_100_0011_000009,기밀정보
/var/archives/private/[REDACTED],100_0011,sample_100_0011_000014,기밀정보
박형균,100_0011,sample_100_0011_000013,개인정보
[REDACTED_ACCOUNT],100_0011,sample_100_0011_000016,기밀정보
https://internal.archive.local/[REDACTED],100_0011,sample_100_0011_000028,기밀정보
[REDACTED_PHONE_001],100_0012,sample_100_0012_000012,개인정보
[REDACTED_EMAIL_001],100_0012,sample_100_0012_000012,개인정보
[REDACTED_NAME_001],100_0012,sample_100_0012_000015,개인정보
서울특별시 강남구,100_0012,sample_100_0012_000016,준식별자
10.0.0.5,100_0012,sample_100_0012_000024,기밀정보
/srv/archive/private/index.mets,100_0012,sample_100_0012_000024,기밀정보
archive_admin,100_0012,sample_100_0012_000025,기밀정보
[REDACTED_EMAIL_001],100_0012,sample_100_0012_000026,개인정보
민세화,100_0013,sample_100_0013_000011,개인정보
진장호,100_0013,sample_100_0013_000015,개인정보
홍승철,100_0013,sample_100_0013_000025,개인정보
천세현,100_0013,sample_100_0013_000026,개인정보
남상문,100_0013,sample_100_0013_000028,개인정보
1982-07-15,100_0013,sample_100_0013_000018,준식별자
서울특별시 종로구,100_0013,sample_100_0013_000019,준식별자
남성,100_0013,sample_100_0013_000020,준식별자
국립디지털아카이브,100_0013,sample_100_0013_000021,준식별자
192.0.2.10,100_0013,sample_100_0013_000022,기밀정보
https://internal.example.org/secure,100_0013,sample_100_0013_000023,기밀정보
/srv/archive/private/index.xml,100_0013,sample_100_0013_000024,기밀정보
/var/log/auth.log,100_0013,sample_100_0013_000027,기밀정보
임원욱(redacted),100_0014,sample_100_0014_000016,개인정보
admin[at]example.org (redacted),100_0014,sample_100_0014_000017,개인정보
010-XXXX-XXXX (redacted),100_0014,sample_100_0014_000017,개인정보
남성 (redacted),100_0014,sample_100_0014_000018,준식별자
1985-06-15 (redacted),100_0014,sample_100_0014_000018,준식별자
서울특별시 (redacted),100_0014,sample_100_0014_000019,준식별자
강남구 (redacted),100_0014,sample_100_0014_000019,준식별자
한국대학교 연구소 (redacted),100_0014,sample_100_0014_000020,준식별자
192.0.2.1 (internal IP redacted),100_0014,sample_100_0014_000021,기밀정보
/srv/archive/data/secret_config.yml (redacted),100_0014,sample_100_0014_000021,기밀정보
XXXX-XXXX-XXXX (redacted),100_0014,sample_100_0014_000022,기밀정보
vpn.archive.local (redacted),100_0014,sample_100_0014_000023,기밀정보
사번: 20201234 (redacted),100_0014,sample_100_0014_000024,개인정보
원민희 [redacted],100_0015,sample_100_0015_000007,개인정보
[REDACTED_EMAIL],100_0015,sample_100_0015_000019,개인정보
성별: 여성,100_0015,sample_100_0015_000020,준식별자
시: 서울특별시,100_0015,sample_100_0015_000020,준식별자
군/구: 강남구,100_0015,sample_100_0015_000020,준식별자
생년월일: [BIRTHDATE:redacted],100_0015,sample_100_0015_000021,준식별자
서버 IP: [IP_REDACTED],100_0015,sample_100_0015_000022,기밀정보
접속 계정: [admin_redacted],100_0015,sample_100_0015_000022,기밀정보
내부 파일 경로: [/srv/archives/private/redacted],100_0015,sample_100_0015_000022,기밀정보
VPN 주소: [VPN_REDACTED],100_0015,sample_100_0015_000023,기밀정보
내부 URL: [PRIVATE_URL_REDACTED],100_0015,sample_100_0015_000023,기밀정보
노성기 [redacted],100_0015,sample_100_0015_000029,개인정보
사번: [EMP_ID_redacted],100_0015,sample_100_0015_000029,개인정보
[STAFF_ID_REDACTED_0001],100_0016,sample_100_0016_000017,개인정보
[EMAIL_REDACTED],100_0016,sample_100_0016_000018,개인정보
성별: 남성,100_0016,sample_100_0016_000020,준식별자
생년월일: [REDACTED_BIRTH],100_0016,sample_100_0016_000020,준식별자
시: [REDACTED_CITY],100_0016,sample_100_0016_000020,준식별자
[SERVER_IP_REDACTED],100_0016,sample_100_0016_000022,기밀정보
[INTERNAL_PATH_REDACTED],100_0016,sample_100_0016_000022,기밀정보
[CONFIDENTIAL_URL_REDACTED],100_0016,sample_100_0016_000022,기밀정보
계좌번호: [REDACTED_ACCOUNT],100_0016,sample_100_0016_000023,기밀정보
양채은[redacted],100_0017,sample_100_0017_000009,개인정보
전효우[redacted],100_0017,sample_100_0017_000023,개인정보
[전화_마스킹],100_0017,sample_100_0017_000026,개인정보
서울특별시 강남구,100_0017,sample_100_0017_000028,준식별자
여성,100_0017,sample_100_0017_000029,준식별자
[/var/archive/ingest/1001],100_0017,sample_100_0017_000024,기밀정보
https://internal.[redacted]/ingest/1001,100_0017,sample_100_0017_000025,기밀정보
[계좌_마스킹],100_0017,sample_100_0017_000027,기밀정보
홍용주 (redacted),100_0018,sample_100_0018_000011,개인정보
1990,100_0018,sample_100_0018_000019,준식별자
05,100_0018,sample_100_0018_000019,준식별자
12,100_0018,sample_100_0018_000019,준식별자
서울특별시,100_0018,sample_100_0018_000020,준식별자
강남구,100_0018,sample_100_0018_000020,준식별자
[REDACTED_IP],100_0018,sample_100_0018_000022,기밀정보
[REDACTED_PATH],100_0018,sample_100_0018_000022,기밀정보
[REDACTED_ACCOUNT],100_0018,sample_100_0018_000022,기밀정보
윤시온,100_0019,sample_100_0019_000002,개인정보
김혁기,100_0019,sample_100_0019_000003,개인정보
안동연,100_0019,sample_100_0019_000005,개인정보
[REDACTED_PHONE],100_0019,sample_100_0019_000005,개인정보
남성,100_0019,sample_100_0019_000009,준식별자
1985,100_0019,sample_100_0019_000010,준식별자
04,100_0019,sample_100_0019_000010,준식별자
12,100_0019,sample_100_0019_000010,준식별자
서울특별시,100_0019,sample_100_0019_000011,준식별자
강남구,100_0019,sample_100_0019_000011,준식별자
보존 엔지니어,100_0019,sample_100_0019_000012,준식별자
10.0.0.5,100_0019,sample_100_0019_000013,기밀정보
/srv/ingest/private/secret.cfg,100_0019,sample_100_0019_000014,기밀정보
https://internal.example.local/admin,100_0019,sample_100_0019_000015,기밀정보
admin_user,100_0019,sample_100_0019_000016,기밀정보
김재운,100_0019,sample_100_0019_000017,개인정보
윤성민,100_0019,sample_100_0019_000018,개인정보
[REDACTED_EMAIL],100_0019,sample_100_0019_000018,개인정보
계좌번호,100_0019,sample_100_0019_000019,기밀정보
vpn.internal.example,100_0019,sample_100_0019_000020,기밀정보
조성주,100_0019,sample_100_0019_000021,개인정보
권예은,100_0019,sample_100_0019_000026,개인정보
[REDACTED_NAME],100_0020,sample_100_0020_000005,개인정보
[REDACTED_NAME],100_0020,sample_100_0020_000021,개인정보
[REDACTED_EMAIL],100_0020,sample_100_0020_000020,개인정보
[REDACTED_DOB],100_0020,sample_100_0020_000022,준식별자
[REDACTED_CITY],100_0020,sample_100_0020_000022,준식별자
[REDACTED_IP],100_0020,sample_100_0020_000023,기밀정보
[REDACTED_PATH],100_0020,sample_100_0020_000023,기밀정보
[REDACTED_ACCOUNT],100_0020,sample_100_0020_000024,기밀정보
원이온,100_0021,sample_100_0021_000005,개인정보
[REDACTED_EMAIL],100_0021,sample_100_0021_000006,개인정보
서울특별시,100_0021,sample_100_0021_000008,준식별자
종로구,100_0021,sample_100_0021_000009,준식별자
fmt/412,100_0021,sample_100_0021_000010,일반정보
e3b0c44298fc1c149afbf4c8996fb92427ae41e4649b934ca495991b7852b855,100_0021,sample_100_0021_000011,일반정보
/srv/archives/[REDACTED_PATH]/index.mets,100_0021,sample_100_0021_000012,기밀정보
[REDACTED_IP],100_0021,sample_100_0021_000013,기밀정보
유안,100_0021,sample_100_0021_000015,개인정보
"seoul-region-1,us-west-2,eu-central-1",100_0021,sample_100_0021_000020,기밀정보
2025-02-01T02:00:00Z,100_0021,sample_100_0021_000021,일반정보
ark:/12345/rel-0002,100_0021,sample_100_0021_000022,일반정보
ingest-20240115-0001,100_0021,sample_100_0021_000024,기밀정보
[REDACTED_EMPLOYEE_ID],100_0021,sample_100_0021_000025,개인정보
윤윤도,100_0021,sample_100_0021_000026,개인정보
true,100_0021,sample_100_0021_000027,일반정보
채병철,100_0021,sample_100_0021_000030,개인정보
정현상 (redacted),100_0022,sample_100_0022_000025,개인정보
홍일용 (redacted),100_0022,sample_100_0022_000029,개인정보
남성,100_0022,sample_100_0022_000026,준식별자
1985 (redacted),100_0022,sample_100_0022_000026,준식별자
서울특별시,100_0022,sample_100_0022_000026,준식별자
종로구,100_0022,sample_100_0022_000026,준식별자
s3://archive-prod/web/100_20250015.html (redacted),100_0022,sample_100_0022_000009,기밀정보
10.0.0.10 (redacted),100_0022,sample_100_0022_000027,기밀정보
/var/lib/archive/storage1/boxA (redacted),100_0022,sample_100_0022_000028,기밀정보
vpn.example.corp (redacted),100_0022,sample_100_0022_000031,기밀정보
류태후,100_0023,sample_100_0023_000021,개인정보
정두원,100_0023,sample_100_0023_000028,개인정보
여성,100_0023,sample_100_0023_000022,준식별자
1980,100_0023,sample_100_0023_000023,준식별자
05,100_0023,sample_100_0023_000023,준식별자
서울특별시,100_0023,sample_100_0023_000024,준식별자
강남구,100_0023,sample_100_0023_000024,준식별자
10.10.10.10,100_0023,sample_100_0023_000025,기밀정보
http://internal.archive.local/secret,100_0023,sample_100_0023_000025,기밀정보
/srv/archive/collections/ingest_job_00045/obj_1001,100_0023,sample_100_0023_000026,기밀정보
admin_user,100_0023,sample_100_0023_000027,기밀정보
[NAME_REDACTED_001],100_0024,sample_100_0024_000010,개인정보
[EMAIL_REDACTED_001],100_0024,sample_100_0024_000011,개인정보
남성,100_0024,sample_100_0024_000012,준식별자
[YYYY_REDACTED],100_0024,sample_100_0024_000013,준식별자
[MM_REDACTED],100_0024,sample_100_0024_000013,준식별자
[DD_REDACTED],100_0024,sample_100_0024_000013,준식별자
[IP_REDACTED_01],100_0024,sample_100_0024_000022,기밀정보
[FILEPATH_REDACTED_01],100_0024,sample_100_0024_000022,기밀정보
[URL_REDACTED_01],100_0024,sample_100_0024_000023,기밀정보
[김범규_redacted],100_0025,sample_100_0025_000014,개인정보
[권채은_redacted],100_0025,sample_100_0025_000014,개인정보
[ingest-contact_redacted@example.org],100_0025,sample_100_0025_000008,개인정보
여성,100_0025,sample_100_0025_000022,준식별자
[서울특별시_중구_redacted],100_0025,sample_100_0025_000022,준식별자
[10.0.0.15_redacted],100_0025,sample_100_0025_000023,기밀정보
[s3://archive-prod/internal/path_redacted],100_0025,sample_100_0025_000023,기밀정보
[/var/data/ingest/collections/2025/redacted],100_0025,sample_100_0025_000023,기밀정보
[KMS_KEY_1234_redacted],100_0025,sample_100_0025_000024,기밀정보
유철우,100_0026,sample_100_0026_000017,개인정보
허예희,100_0026,sample_100_0026_000027,개인정보
여성,100_0026,sample_100_0026_000028,준식별자
1985-07-14,100_0026,sample_100_0026_000028,준식별자
서울시,100_0026,sample_100_0026_000028,준식별자
10.0.0.12,100_0026,sample_100_0026_000029,기밀정보
vm-app-archive.internal.local,100_0026,sample_100_0026_000029,기밀정보
/srv/archive/private/index.mets,100_0026,sample_100_0026_000029,기밀정보
https://internal.example.local/secret,100_0026,sample_100_0026_000029,기밀정보
[PERSON_0001],100_0027,sample_100_0027_000005,개인정보
[PERSON_0002],100_0027,sample_100_0027_000006,개인정보
남성,100_0027,sample_100_0027_000007,준식별자
서울특별시,100_0027,sample_100_0027_000008,준식별자
강남구,100_0027,sample_100_0027_000008,준식별자
[IP_REDACTED],100_0027,sample_100_0027_000009,기밀정보
[INTERNAL_PATH_REDACTED],100_0027,sample_100_0027_000010,기밀정보
[PERSON_0001],100_0027,sample_100_0027_000034,개인정보
곽석우,100_0028,sample_100_0028_000005,개인정보
전형욱,100_0028,sample_100_0028_000006,개인정보
종로구,100_0028,sample_100_0028_000007,준식별자
[redacted_address],100_0028,sample_100_0028_000007,개인정보
남,100_0028,sample_100_0028_000008,준식별자
[redacted_birthdate],100_0028,sample_100_0028_000008,준식별자
[internal_repo_url],100_0028,sample_100_0028_000009,기밀정보
[REDACTED_IP],100_0028,sample_100_0028_000009,기밀정보
svc-archive@[redacted_domain],100_0028,sample_100_0028_000019,개인정보
/srv/secure/archival/ingest/logs/2025/03/12.log,100_0028,sample_100_0028_000026,기밀정보
유정태,100_0028,sample_100_0028_000030,개인정보
최민찬,100_0028,sample_100_0028_000030,개인정보
박***(마스킹),100_0029,sample_100_0029_000010,개인정보
하대**(마스킹),100_0029,sample_100_0029_000033,개인정보
사번: 2021-****,100_0029,sample_100_0029_000027,개인정보
contact_email: [redacted_email],100_0029,sample_100_0029_000028,개인정보
연락처: 010-****-1234,100_0029,sample_100_0029_000028,개인정보
성별: 남성,100_0029,sample_100_0029_000027,준식별자
생년: 1980,100_0029,sample_100_0029_000027,준식별자
생월: 05,100_0029,sample_100_0029_000027,준식별자
생일: XX,100_0029,sample_100_0029_000027,준식별자
시/군/구: 서울특별시,100_0029,sample_100_0029_000027,준식별자
s3://preservation-bucket/ark/12345/rec-0001,100_0029,sample_100_0029_000008,기밀정보
internal_admin_url: https://internal.archive.local/secure,100_0029,sample_100_0029_000029,기밀정보
/srv/preservation/internal/credentials.conf,100_0029,sample_100_0029_000029,기밀정보
사설 IP 10.0.0.5,100_0029,sample_100_0029_000029,기밀정보
ingest-job-20250312-0001,100_0029,sample_100_0029_000012,기밀정보
임창희,100_0030,sample_100_0030_000016,개인정보
진정안,100_0030,sample_100_0030_000021,개인정보
강경민,100_0030,sample_100_0030_000025,개인정보
엄유은,100_0030,sample_100_0030_000029,개인정보
서울특별시,100_0030,sample_100_0030_000025,준식별자
마포구,100_0030,sample_100_0030_000025,준식별자
10.10.0.5,100_0030,sample_100_0030_000026,기밀정보
/srv/archive/ingest/job_456,100_0030,sample_100_0030_000026,기밀정보
https://internal.archive.local/ingest,100_0030,sample_100_0030_000026,기밀정보
s3://archive-production/colA/rec0001,100_0030,sample_100_0030_000010,기밀정보
s3://archive-prod-eu/colA,100_0030,sample_100_0030_000019,기밀정보
부산광역시,100_0030,sample_100_0030_000027,준식별자
여성,100_0030,sample_100_0030_000028,준식별자
양**혁,100_0031,sample_100_0031_000015,개인정보
010-****-1234,100_0031,sample_100_0031_000025,개인정보
r*****@example.org,100_0031,sample_100_0031_000025,개인정보
1985-06-XX,100_0031,sample_100_0031_000026,준식별자
서울특별시 강남구,100_0031,sample_100_0031_000027,준식별자
[REDACTED_IP],100_0031,sample_100_0031_000028,기밀정보
/var/internal/archives/[REDACTED_PATH].db,100_0031,sample_100_0031_000028,기밀정보
노혜온,100_0032,sample_100_0032_000011,개인정보
서아윤,100_0032,sample_100_0032_000021,개인정보
장지효,100_0032,sample_100_0032_000026,개인정보
서울특별시,100_0032,sample_100_0032_000022,준식별자
종로구,100_0032,sample_100_0032_000022,준식별자
여성,100_0032,sample_100_0032_000023,준식별자
/srv/archives/secure/[redacted],100_0032,sample_100_0032_000024,기밀정보
[REDACTED_IP],100_0032,sample_100_0032_000025,기밀정보
[REDACTED_NAME],100_0033,sample_100_0033_000016,개인정보
[REDACTED_EMAIL],100_0033,sample_100_0033_000016,개인정보
[REDACTED_PHONE],100_0033,sample_100_0033_000016,개인정보
[REDACTED_ID],100_0033,sample_100_0033_000017,개인정보
성별: 여성,100_0033,sample_100_0033_000018,준식별자
생년월일: 1985-07-23,100_0033,sample_100_0033_000018,준식별자
시: 서울특별시,100_0033,sample_100_0033_000018,준식별자
[REDACTED_IP],100_0033,sample_100_0033_000019,기밀정보
[REDACTED_INTERNAL_PATH],100_0033,sample_100_0033_000019,기밀정보
류재은,100_0034,sample_100_0034_000003,개인정보
[REDACTED_EMAIL],100_0034,sample_100_0034_000003,개인정보
서울특별시,100_0034,sample_100_0034_000007,준식별자
강남구,100_0034,sample_100_0034_000007,준식별자
1985,100_0034,sample_100_0034_000009,준식별자
[REDACTED_IP],100_0034,sample_100_0034_000012,기밀정보
[REDACTED_PATH],100_0034,sample_100_0034_000015,기밀정보
원수현,100_0034,sample_100_0034_000018,개인정보
[REDACTED_ID],100_0034,sample_100_0034_000020,개인정보
https://intranet.redacted.example/private/page.html,100_0035,sample_100_0035_000005,기밀정보
s3://archive-prod-redacted/objects/ark:12345/abc,100_0035,sample_100_0035_000009,기밀정보
지미아 (redacted),100_0035,sample_100_0035_000012,개인정보
원세령 (redacted),100_0035,sample_100_0035_000013,개인정보
권주하 (redacted),100_0035,sample_100_0035_000014,개인정보
계좌번호: ****-****-1234,100_0035,sample_100_0035_000019,기밀정보
010-****-1234,100_0035,sample_100_0035_000021,개인정보
redacted@archive.example,100_0035,sample_100_0035_000024,개인정보
서울특별시,100_0035,sample_100_0035_000025,준식별자
강남구,100_0035,sample_100_0035_000025,준식별자
10.0.0.5,100_0035,sample_100_0035_000026,기밀정보
차다솜,100_0036,sample_100_0036_000020,개인정보
[redacted_email],100_0036,sample_100_0036_000021,개인정보
[redacted_empid],100_0036,sample_100_0036_000022,개인정보
여성,100_0036,sample_100_0036_000023,준식별자
[redacted_year],100_0036,sample_100_0036_000024,준식별자
[redacted_month],100_0036,sample_100_0036_000024,준식별자
[redacted_day],100_0036,sample_100_0036_000024,준식별자
서울특별시,100_0036,sample_100_0036_000025,준식별자
중구,100_0036,sample_100_0036_000025,준식별자
[redacted_dong],100_0036,sample_100_0036_000025,준식별자
[redacted_ip],100_0036,sample_100_0036_000026,기밀정보
[redacted_path],100_0036,sample_100_0036_000026,기밀정보
[redacted_url],100_0036,sample_100_0036_000026,기밀정보
[REDACTED_NAME_0001],100_0037,sample_100_0037_000021,개인정보
[REDACTED_EMAIL],100_0037,sample_100_0037_000022,개인정보
[REDACTED_MOBILE],100_0037,sample_100_0037_000022,개인정보
[REDACTED_BIRTHDATE],100_0037,sample_100_0037_000023,준식별자
[REDACTED_GENDER],100_0037,sample_100_0037_000023,준식별자
[REDACTED_CITY],100_0037,sample_100_0037_000023,준식별자
[REDACTED_JOB],100_0037,sample_100_0037_000024,준식별자
[REDACTED_FILE_PATH],100_0037,sample_100_0037_000026,기밀정보
[REDACTED_SERVER_IP],100_0037,sample_100_0037_000027,기밀정보
[REDACTED_VPN],100_0037,sample_100_0037_000027,기밀정보
노찬일,100_0038,sample_100_0038_000003,개인정보
archive-contact@[redacted].org,100_0038,sample_100_0038_000005,개인정보
서울특별시,100_0038,sample_100_0038_000008,준식별자
pronom:fmt/620,100_0038,sample_100_0038_000010,일반정보
2025-01-15T12:34:56Z,100_0038,sample_100_0038_000004,준식별자
d2f7a4e5b9c6a0f3e4b1c2d3e4f567890abcdef1234567890abcdef1234567890,100_0038,sample_100_0038_000007,일반정보
10.0.4.[redacted],100_0038,sample_100_0038_000013,기밀정보
/srv/archive/private/index.db (redacted),100_0038,sample_100_0038_000014,기밀정보
RP-2025-STD-05,100_0038,sample_100_0038_000015,일반정보
ark:/99999/rdc-00012346,100_0038,sample_100_0038_000016,일반정보
고시한,100_0038,sample_100_0038_000017,개인정보
2025-02-01T03:00:00Z,100_0038,sample_100_0038_000012,준식별자
손재의,100_0038,sample_100_0038_000022,개인정보
https://intranet.[redacted]/policy,100_0038,sample_100_0038_000024,기밀정보
한예권,100_0039,sample_100_0039_000014,개인정보
문세린,100_0039,sample_100_0039_000028,개인정보
1985-07-23,100_0039,sample_100_0039_000030,준식별자
서울특별시 종로구,100_0039,sample_100_0039_000030,준식별자
192.168.10.45,100_0039,sample_100_0039_000027,기밀정보
s3://internal-archive-prod/ingest/100_0039/obj_0001,100_0039,sample_100_0039_000026,기밀정보
류정음 (redacted),100_0040,sample_100_0040_000006,개인정보
송초원 (redacted),100_0040,sample_100_0040_000021,개인정보
생년월일: 1985-06-15,100_0040,sample_100_0040_000028,준식별자
성별: 여성,100_0040,sample_100_0040_000028,준식별자
시/군/구: 강남구,100_0040,sample_100_0040_000028,준식별자
서버 IP: 192.0.2.10,100_0040,sample_100_0040_000026,기밀정보
내부 경로: /srv/secure/archive/ingest.log,100_0040,sample_100_0040_000026,기밀정보
https://internal.example.org/secure/resource,100_0040,sample_100_0040_000027,기밀정보
문동진,100_0041,sample_100_0041_000008,개인정보
주경호,100_0041,sample_100_0041_000020,개인정보
안윤,100_0041,sample_100_0041_000028,개인정보
남성,100_0041,sample_100_0041_000018,준식별자
1980,100_0041,sample_100_0041_000018,준식별자
05,100_0041,sample_100_0041_000018,준식별자
12,100_0041,sample_100_0041_000018,준식별자
서울특별시,100_0041,sample_100_0041_000019,준식별자
강남구,100_0041,sample_100_0041_000019,준식별자
역삼동,100_0041,sample_100_0041_000019,준식별자
192.0.2.45,100_0041,sample_100_0041_000021,기밀정보
https://internal.example.local/secure,100_0041,sample_100_0041_000021,기밀정보
/srv/archives/private/ingest-db/config.yaml,100_0041,sample_100_0041_000022,기밀정보
archive_admin,100_0041,sample_100_0041_000022,기밀정보
node-archive-01,100_0041,sample_100_0041_000023,기밀정보
나세윤,100_0042,sample_100_0042_000007,개인정보
손채윤,100_0042,sample_100_0042_000011,개인정보
한윤이,100_0042,sample_100_0042_000026,개인정보
"서울특별시, 구: 중구",100_0042,sample_100_0042_000024,준식별자
internal/db/ingest_jobs/ingest_0007.log,100_0042,sample_100_0042_000021,기밀정보
sftp://backup.internal.local/archives/100_0042/obj_0003,100_0042,sample_100_0042_000018,기밀정보
곽우람 (redacted),100_0043,sample_100_0043_000006,개인정보
010-XXXX-XXXX (redacted),100_0043,sample_100_0043_000007,개인정보
1980 (redacted),100_0043,sample_100_0043_000008,준식별자
서울특별시 중구 (redacted),100_0043,sample_100_0043_000009,준식별자
/var/lib/archive/ingest/jobs/ingest_0001.log,100_0043,sample_100_0043_000013,기밀정보
https://internal.archive.local/ingest/343,100_0043,sample_100_0043_000014,기밀정보
****1234 (redacted),100_0043,sample_100_0043_000015,기밀정보
[NAME_REDACTED],100_0044,sample_100_0044_000005,개인정보
[EMAIL_REDACTED],100_0044,sample_100_0044_000005,개인정보
[PHONE_REDACTED],100_0044,sample_100_0044_000005,개인정보
[GENDER_REDACTED],100_0044,sample_100_0044_000006,준식별자
[DOB_REDACTED],100_0044,sample_100_0044_000006,준식별자
[REGION_CITY_REDACTED],100_0044,sample_100_0044_000006,준식별자
[IP_REDACTED],100_0044,sample_100_0044_000007,기밀정보
[INTERNAL_PATH_REDACTED],100_0044,sample_100_0044_000007,기밀정보
[DB_URL_REDACTED],100_0044,sample_100_0044_000007,기밀정보
[JOB_TOKEN_REDACTED],100_0044,sample_100_0044_000020,기밀정보
[ACCOUNT_NUMBER_REDACTED],100_0044,sample_100_0044_000029,기밀정보
배민세,100_0045,sample_100_0045_000003,개인정보
곽지유,100_0045,sample_100_0045_000006,개인정보
방영찬,100_0045,sample_100_0045_000009,개인정보
[REDACTED_EMAIL],100_0045,sample_100_0045_000012,개인정보
[REDACTED_12345],100_0045,sample_100_0045_000014,개인정보
성별: 여성,100_0045,sample_100_0045_000016,준식별자
생년월일(연): 1982,100_0045,sample_100_0045_000017,준식별자
서울특별시 중구,100_0045,sample_100_0045_000018,준식별자
[REDACTED_IP],100_0045,sample_100_0045_000021,기밀정보
/srv/archive/private/secret.db,100_0045,sample_100_0045_000022,기밀정보
https://internal.archive.local/secret,100_0045,sample_100_0045_000025,기밀정보
[redacted_name],100_0046,sample_100_0046_000022,개인정보
[redacted_email],100_0046,sample_100_0046_000021,개인정보
[redacted_phone],100_0046,sample_100_0046_000021,개인정보
서울특별시,100_0046,sample_100_0046_000024,준식별자
강남구,100_0046,sample_100_0046_000024,준식별자
1985,100_0046,sample_100_0046_000024,준식별자
연구원,100_0046,sample_100_0046_000024,준식별자
[redacted_IP],100_0046,sample_100_0046_000024,기밀정보
[redacted_path],100_0046,sample_100_0046_000024,기밀정보
[redacted_url],100_0046,sample_100_0046_000024,기밀정보
[redacted_account],100_0046,sample_100_0046_000024,기밀정보
[REDACTED_HOST],100_0047,sample_100_0047_000003,기밀정보
[REDACTED_BUCKET],100_0047,sample_100_0047_000006,기밀정보
[REDACTED_EMAIL],100_0047,sample_100_0047_000010,개인정보
[REDACTED_NAME],100_0047,sample_100_0047_000011,개인정보
[REDACTED_PHONE],100_0047,sample_100_0047_000018,개인정보
[REDACTED_ADDRESS],100_0047,sample_100_0047_000018,개인정보
[REDACTED_BIRTHYEAR],100_0047,sample_100_0047_000019,준식별자
[REDACTED_GENDER],100_0047,sample_100_0047_000019,준식별자
[REDACTED_IP],100_0047,sample_100_0047_000022,기밀정보
[REDACTED_PATH],100_0047,sample_100_0047_000022,기밀정보
[REDACTED_ACCOUNT],100_0047,sample_100_0047_000026,기밀정보
[REDACTED_CITY],100_0047,sample_100_0047_000028,준식별자
[REDACTED_NAME_01],100_0048,sample_100_0048_000015,개인정보
[REDACTED_EMAIL_01],100_0048,sample_100_0048_000015,개인정보
[REDACTED_PHONE_01],100_0048,sample_100_0048_000015,개인정보
[REDACTED_STAFFID_0001],100_0048,sample_100_0048_000015,개인정보
[REDACTED_ADDRESS_CITY:서울],100_0048,sample_100_0048_000016,준식별자
[REDACTED_ADDRESS_DISTRICT:강남구],100_0048,sample_100_0048_000016,준식별자
[REDACTED_BIRTH_YEAR:1980],100_0048,sample_100_0048_000017,준식별자
[REDACTED_GENDER:M],100_0048,sample_100_0048_000017,준식별자
[REDACTED_IP_1],100_0048,sample_100_0048_000018,기밀정보
[REDACTED_PATH_1],100_0048,sample_100_0048_000018,기밀정보
[REDACTED_URL_ADMIN_PANEL],100_0048,sample_100_0048_000018,기밀정보
[REDACTED_ACCOUNT_1234],100_0048,sample_100_0048_000019,기밀정보
[REDACTED_NAME_01],100_0048,sample_100_0048_000028,개인정보
[REDACTED_NAME],100_0049,sample_100_0049_000005,개인정보
[REDACTED_EMAIL],100_0049,sample_100_0049_000006,개인정보
[REDACTED_PHONE],100_0049,sample_100_0049_000007,개인정보
[REDACTED_ADDRESS],100_0049,sample_100_0049_000008,개인정보
[REDACTED_DOB],100_0049,sample_100_0049_000009,준식별자
[REDACTED_IP],100_0049,sample_100_0049_000012,기밀정보
[REDACTED_PATH],100_0049,sample_100_0049_000013,기밀정보
[REDACTED_ACCOUNT],100_0049,sample_100_0049_000014,기밀정보
[REDACTED_URL_INTERNAL],100_0049,sample_100_0049_000015,기밀정보
[REDACTED_NAME],100_0050,sample_100_0050_000017,개인정보
[REDACTED_NAME],100_0050,sample_100_0050_000018,개인정보
[REDACTED_PHONE],100_0050,sample_100_0050_000018,개인정보
[REDACTED_EMAIL],100_0050,sample_100_0050_000019,개인정보
[REDACTED_ADDRESS],100_0050,sample_100_0050_000019,개인정보
성별: 남성,100_0050,sample_100_0050_000020,준식별자
생년월일: [REDACTED_DOB],100_0050,sample_100_0050_000020,준식별자
직업: 연구원,100_0050,sample_100_0050_000020,준식별자
[REDACTED_SERVER_IP],100_0050,sample_100_0050_000021,기밀정보
[REDACTED_INTERNAL_PATH],100_0050,sample_100_0050_000021,기밀정보
[REDACTED_VPN],100_0050,sample_100_0050_000022,기밀정보
[REDACTED_PRIVATE_URL],100_0050,sample_100_0050_000022,기밀정보
[REDACTED_ACCOUNT],100_0050,sample_100_0050_000023,기밀정보
[REDACTED_PATH],100_0051,sample_100_0051_000009,기밀정보
[REDACTED_NAME],100_0051,sample_100_0051_000021,개인정보
[REDACTED_EMAIL],100_0051,sample_100_0051_000022,개인정보
[REDACTED_IP],100_0051,sample_100_0051_000023,기밀정보
[REDACTED_EMP_ID],100_0051,sample_100_0051_000024,개인정보
[REDACTED_DISTRICT],100_0051,sample_100_0051_000025,준식별자
우준호,100_0052,sample_100_0052_000002,개인정보
임하랑,100_0052,sample_100_0052_000005,개인정보
1979-05-12,100_0052,sample_100_0052_000008,준식별자
여성,100_0052,sample_100_0052_000008,준식별자
/srv/internal/credentials.yml,100_0052,sample_100_0052_000012,기밀정보
10.0.0.5,100_0052,sample_100_0052_000015,기밀정보
[RECORD_OWNER_ID_redacted],100_0053,sample_100_0053_000005,개인정보
[INTERNAL_PATH_redacted],100_0053,sample_100_0053_000009,기밀정보
[PERSON_redacted],100_0053,sample_100_0053_000012,개인정보
[INGEST_JOB_ID_redacted],100_0053,sample_100_0053_000013,기밀정보
[INGEST_JOB_ID_redacted],100_0053,sample_100_0053_000018,기밀정보
[EMAIL_redacted],100_0053,sample_100_0053_000021,개인정보
[PHONE_redacted],100_0053,sample_100_0053_000021,개인정보
[DOB_YEAR_redacted],100_0053,sample_100_0053_000022,준식별자
[DOB_MONTH_redacted],100_0053,sample_100_0053_000022,준식별자
[DOB_DAY_redacted],100_0053,sample_100_0053_000022,준식별자
[GENDER_redacted],100_0053,sample_100_0053_000022,준식별자
[CITY_redacted],100_0053,sample_100_0053_000022,준식별자
[TAKEDOWN_ID_redacted],100_0053,sample_100_0053_000025,기밀정보
[SERVER_IP_redacted],100_0053,sample_100_0053_000026,기밀정보
[CONFIDENTIAL_REPORT_redacted],100_0053,sample_100_0053_000026,기밀정보
[INTERNAL_PATH_redacted],100_0053,sample_100_0053_000027,기밀정보
[PERSONNEL_redacted],100_0053,sample_100_0053_000028,개인정보
조지명,100_0054,sample_100_0054_000007,개인정보
진승영,100_0054,sample_100_0054_000008,개인정보
진해강,100_0054,sample_100_0054_000009,개인정보
우에릭,100_0054,sample_100_0054_000010,개인정보
여성,100_0054,sample_100_0054_000011,준식별자
서울특별시,100_0054,sample_100_0054_000011,준식별자
내부 서버 IP,100_0054,sample_100_0054_000012,기밀정보
내부 파일 경로,100_0054,sample_100_0054_000013,기밀정보
비공개 URL,100_0054,sample_100_0054_000014,기밀정보
이름 매핑 테이블 경로,100_0054,sample_100_0054_000029,기밀정보
한승엽,100_0054,sample_100_0054_000030,개인정보
허규형,100_0054,sample_100_0054_000030,개인정보
조정아,100_0055,sample_100_0055_000007,개인정보
[redacted_email],100_0055,sample_100_0055_000022,개인정보
[redacted_phone],100_0055,sample_100_0055_000023,개인정보
서울특별시 강남구,100_0055,sample_100_0055_000024,준식별자
[redacted_birthdate],100_0055,sample_100_0055_000025,준식별자
[redacted_server_ip],100_0055,sample_100_0055_000026,기밀정보
/srv/archive/private/100_0055/ingest.log,100_0055,sample_100_0055_000027,기밀정보
https://internal.example.org/preview/100_0055,100_0055,sample_100_0055_000028,기밀정보
[redacted_vpn],100_0055,sample_100_0055_000029,기밀정보
박중원,100_0055,sample_100_0055_000030,개인정보
주대훈,100_0055,sample_100_0055_000031,개인정보
[redacted_email],100_0055,sample_100_0055_000031,개인정보
전래온,100_0056,sample_100_0056_000015,개인정보
사번 20230045,100_0056,sample_100_0056_000015,개인정보
여성,100_0056,sample_100_0056_000017,준식별자
1985-07-23,100_0056,sample_100_0056_000017,준식별자
서울특별시,100_0056,sample_100_0056_000017,준식별자
강남구,100_0056,sample_100_0056_000017,준식별자
192.168.1.42,100_0056,sample_100_0056_000019,기밀정보
/srv/archives/ingest/2025/obj_0001.warc,100_0056,sample_100_0056_000019,기밀정보
https://internal.archive.local/secret,100_0056,sample_100_0056_000020,기밀정보
vpn.internal.example.org,100_0056,sample_100_0056_000020,기밀정보
성광일,100_0056,sample_100_0056_000029,개인정보
엄원희,100_0057,sample_100_0057_000011,개인정보
차신,100_0057,sample_100_0057_000020,개인정보
정경은,100_0057,sample_100_0057_000028,개인정보
허재경,100_0057,sample_100_0057_000029,개인정보
서우수,100_0057,sample_100_0057_000030,개인정보
노혜인,100_0057,sample_100_0057_000030,개인정보
여성,100_0057,sample_100_0057_000021,준식별자
1985,100_0057,sample_100_0057_000021,준식별자
종로구,100_0057,sample_100_0057_000021,준식별자
기자,100_0057,sample_100_0057_000022,준식별자
10.0.0.5,100_0057,sample_100_0057_000023,기밀정보
/srv/archive/private/ingest/record_001,100_0057,sample_100_0057_000023,기밀정보
vpn.internal.example.org,100_0057,sample_100_0057_000024,기밀정보
https://internal.example.org/secret,100_0057,sample_100_0057_000024,기밀정보
admin_user,100_0057,sample_100_0057_000025,기밀정보
ACCT-98765,100_0057,sample_100_0057_000026,기밀정보
차동주,100_0058,sample_100_0058_000001,개인정보
차동주,100_0058,sample_100_0058_000011,개인정보
정재창,100_0058,sample_100_0058_000011,개인정보
나문구,100_0058,sample_100_0058_000013,개인정보
전이한,100_0058,sample_100_0058_000022,개인정보
유보규,100_0058,sample_100_0058_000025,개인정보
10.0.0.12,100_0058,sample_100_0058_000023,기밀정보
https://internal.archive.local/admin,100_0058,sample_100_0058_000023,기밀정보
archive_admin,100_0058,sample_100_0058_000024,기밀정보
/var/lib/archive/jobs/ingest_20240115.log,100_0058,sample_100_0058_000024,기밀정보
서울특별시,100_0058,sample_100_0058_000032,준식별자
강남구,100_0058,sample_100_0058_000032,준식별자
남,100_0058,sample_100_0058_000033,준식별자
1985,100_0058,sample_100_0058_000033,준식별자
오민유 (redacted),100_0059,sample_100_0059_000022,개인정보
사번: [STAFF_ID_redacted],100_0059,sample_100_0059_000028,개인정보
서울특별시,100_0059,sample_100_0059_000023,준식별자
남성,100_0059,sample_100_0059_000024,준식별자
[IP_redacted],100_0059,sample_100_0059_000025,기밀정보
/srv/archive/private/secret.db (redacted),100_0059,sample_100_0059_000026,기밀정보
[NAME_REDACTED_1],100_0060,sample_100_0060_000018,개인정보
[PHONE_REDACTED_1],100_0060,sample_100_0060_000018,개인정보
[EMAIL_REDACTED_1],100_0060,sample_100_0060_000019,개인정보
[ADDRESS_REDACTED_1],100_0060,sample_100_0060_000019,준식별자
[GENDER_REDACTED],100_0060,sample_100_0060_000020,준식별자
[DOB_YEAR_REDACTED_1],100_0060,sample_100_0060_000020,준식별자
[SERVER_IP_REDACTED],100_0060,sample_100_0060_000021,기밀정보
[PRIVATE_URL_REDACTED],100_0060,sample_100_0060_000021,기밀정보
[INTERNAL_PATH_REDACTED],100_0060,sample_100_0060_000021,기밀정보
[ACCOUNT_NUM_REDACTED],100_0060,sample_100_0060_000029,기밀정보
[VPN_ADDRESS_REDACTED],100_0060,sample_100_0060_000029,기밀정보
[이름_보존책임자_redacted],100_0061,sample_100_0061_000021,개인정보
[이메일_보존책임자_redacted],100_0061,sample_100_0061_000021,개인정보
[전화_연락처_redacted],100_0061,sample_100_0061_000021,개인정보
[시군구_주소_redacted],100_0061,sample_100_0061_000022,준식별자
[생년월일_redacted],100_0061,sample_100_0061_000022,준식별자
[서버_IP_redacted],100_0061,sample_100_0061_000023,기밀정보
[내부_파일경로_redacted],100_0061,sample_100_0061_000023,기밀정보
[비공개_URL_redacted],100_0061,sample_100_0061_000023,기밀정보
[계좌번호_redacted],100_0061,sample_100_0061_000023,기밀정보
원앤드류,100_0062,sample_100_0062_000009,개인정보
신효원,100_0062,sample_100_0062_000014,개인정보
진유비,100_0062,sample_100_0062_000028,개인정보
1985-07-XX,100_0062,sample_100_0062_000019,준식별자
서울특별시,100_0062,sample_100_0062_000020,준식별자
중구,100_0062,sample_100_0062_000020,준식별자
10.10.10.10,100_0062,sample_100_0062_000021,기밀정보
/srv/archive/ingest/job_0001,100_0062,sample_100_0062_000022,기밀정보
vpn.internal.example.com,100_0062,sample_100_0062_000023,기밀정보
유종석,100_0063,sample_100_0063_000004,개인정보
채가은,100_0063,sample_100_0063_000005,개인정보
채가은,100_0063,sample_100_0063_000020,개인정보
구승원,100_0063,sample_100_0063_000028,개인정보
남,100_0063,sample_100_0063_000006,준식별자
1985,100_0063,sample_100_0063_000006,준식별자
07,100_0063,sample_100_0063_000006,준식별자
12,100_0063,sample_100_0063_000006,준식별자
서울특별시,100_0063,sample_100_0063_000007,준식별자
강남구,100_0063,sample_100_0063_000007,준식별자
10.0.0.5,100_0063,sample_100_0063_000008,기밀정보
/var/secure/archive/2025/ingest_001.mets,100_0063,sample_100_0063_000009,기밀정보
http://internal.local/notify,100_0063,sample_100_0063_000010,기밀정보
신지빈 [REDACTED],100_0064,sample_100_0064_000008,개인정보
[REDACTED_EMAIL],100_0064,sample_100_0064_000009,개인정보
[REDACTED_PHONE],100_0064,sample_100_0064_000009,개인정보
류요셉 [REDACTED],100_0064,sample_100_0064_000013,개인정보
성별: 여성,100_0064,sample_100_0064_000015,준식별자
생년월일: 1985-XX-XX,100_0064,sample_100_0064_000015,준식별자
시: 서울특별시,100_0064,sample_100_0064_000016,준식별자
직업: 연구원,100_0064,sample_100_0064_000017,준식별자
서버 IP: [REDACTED_IP],100_0064,sample_100_0064_000020,기밀정보
비공개 URL: https://intranet.local/secret,100_0064,sample_100_0064_000020,기밀정보
내부 파일 경로: /srv/archive/[REDACTED_PATH],100_0064,sample_100_0064_000020,기밀정보
VPN 주소: [REDACTED_VPN],100_0064,sample_100_0064_000021,기밀정보
계좌번호: [REDACTED_ACCOUNT],100_0064,sample_100_0064_000026,기밀정보
홍예건 (redacted),100_0065,sample_100_0065_000007,개인정보
[email_redacted],100_0065,sample_100_0065_000021,개인정보
노유하 (redacted),100_0065,sample_100_0065_000022,개인정보
여성,100_0065,sample_100_0065_000023,준식별자
1985,100_0065,sample_100_0065_000023,준식별자
서울특별시,100_0065,sample_100_0065_000023,준식별자
중구,100_0065,sample_100_0065_000023,준식별자
연구원,100_0065,sample_100_0065_000023,준식별자
[redacted_ip],100_0065,sample_100_0065_000024,기밀정보
/srv/archive/private/meta.xml (redacted),100_0065,sample_100_0065_000025,기밀정보
svc_preservation (redacted),100_0065,sample_100_0065_000026,기밀정보
http://internal.example.local/secret (redacted),100_0065,sample_100_0065_000027,기밀정보
엄희라,100_0066,sample_100_0066_000010,개인정보
010-****-1234,100_0066,sample_100_0066_000015,개인정보
손예건,100_0066,sample_100_0066_000025,개인정보
허동주,100_0066,sample_100_0066_000025,개인정보
서울특별시 강남구,100_0066,sample_100_0066_000016,준식별자
생년월일: 1985-07-12,100_0066,sample_100_0066_000017,준식별자
성별: 남,100_0066,sample_100_0066_000018,준식별자
https://intranet.internal.example/collections/45,100_0066,sample_100_0066_000019,기밀정보
10.0.0.12,100_0066,sample_100_0066_000020,기밀정보
/srv/archive/private/2023/collection/secret.warc,100_0066,sample_100_0066_000021,기밀정보
/var/lib/archive/private/index.db,100_0066,sample_100_0066_000022,기밀정보
장가을,100_0067,sample_100_0067_000005,개인정보
곽찬희,100_0067,sample_100_0067_000006,개인정보
1985-06-15,100_0067,sample_100_0067_000006,준식별자
여성,100_0067,sample_100_0067_000006,준식별자
서울특별시,100_0067,sample_100_0067_000008,준식별자
종로구,100_0067,sample_100_0067_000009,준식별자
10.0.0.5,100_0067,sample_100_0067_000012,기밀정보
/var/archives/collection_2024/ingest.db,100_0067,sample_100_0067_000012,기밀정보
http://internal.archive.local/admin,100_0067,sample_100_0067_000012,기밀정보
archive-prod-enc,100_0067,sample_100_0067_000012,기밀정보
archive-prod-enc,100_0067,sample_100_0067_000016,기밀정보
홍노아,100_0067,sample_100_0067_000018,개인정보
정홍태,100_0067,sample_100_0067_000026,개인정보
방노엘,100_0068,sample_100_0068_000015,개인정보
IJ-2023-0007,100_0068,sample_100_0068_000016,기밀정보
1985-07-13,100_0068,sample_100_0068_000025,준식별자
여성,100_0068,sample_100_0068_000025,준식별자
서울특별시 종로구,100_0068,sample_100_0068_000025,준식별자
10.4.23.12,100_0068,sample_100_0068_000026,기밀정보
/var/archives/ingest/private/mets.xml,100_0068,sample_100_0068_000026,기밀정보
123-456-789,100_0068,sample_100_0068_000026,기밀정보
우경호,100_0068,sample_100_0068_000027,개인정보
원현주,100_0068,sample_100_0068_000028,개인정보
[REDACTED_NAME],100_0069,sample_100_0069_000005,개인정보
[REDACTED_EMAIL],100_0069,sample_100_0069_000006,개인정보
[REDACTED_PHONE],100_0069,sample_100_0069_000007,개인정보
[REDACTED_ADDRESS],100_0069,sample_100_0069_000008,개인정보
[REDACTED_DOB],100_0069,sample_100_0069_000009,준식별자
[REDACTED_GENDER],100_0069,sample_100_0069_000009,준식별자
[REDACTED_CITY],100_0069,sample_100_0069_000010,준식별자
[REDACTED_JOB],100_0069,sample_100_0069_000011,준식별자
[REDACTED_EMPLOYEE_ID],100_0069,sample_100_0069_000012,개인정보
[REDACTED_IP],100_0069,sample_100_0069_000015,기밀정보
[REDACTED_PATH],100_0069,sample_100_0069_000016,기밀정보
[REDACTED_URL],100_0069,sample_100_0069_000026,기밀정보
홍동준,100_0070,sample_100_0070_000003,개인정보
공지혜,100_0070,sample_100_0070_000005,개인정보
서울특별시,100_0070,sample_100_0070_000008,준식별자
종로구,100_0070,sample_100_0070_000008,준식별자
[IP_REDACTED],100_0070,sample_100_0070_000012,기밀정보
https://internal.example.org/redacted,100_0070,sample_100_0070_000018,기밀정보
계좌번호 [REDACTED],100_0070,sample_100_0070_000021,기밀정보
/srv/ingest/archive/secret,100_0070,sample_100_0070_000031,기밀정보
신희지,100_0071,sample_100_0071_000017,개인정보
김의현,100_0071,sample_100_0071_000027,개인정보
류기환,100_0071,sample_100_0071_000032,개인정보
/srv/archive/private/ingest/2024/12/01/ingest.log,100_0071,sample_100_0071_000028,기밀정보
192.0.2.45,100_0071,sample_100_0071_000029,기밀정보
서울특별시 강남구,100_0071,sample_100_0071_000030,준식별자
1985,100_0071,sample_100_0071_000031,준식별자
나강유,100_0072,sample_100_0072_000010,개인정보
서울특별시 강남구,100_0072,sample_100_0072_000022,준식별자
redacted@example.com,100_0072,sample_100_0072_000023,개인정보
10.0.0.12,100_0072,sample_100_0072_000024,기밀정보
/srv/archive/private/secret_policy.pdf,100_0072,sample_100_0072_000025,기밀정보
[redacted_계좌],100_0072,sample_100_0072_000026,기밀정보
박윤,100_0072,sample_100_0072_000027,개인정보
배한별,100_0073,sample_100_0073_000005,개인정보
백예온,100_0073,sample_100_0073_000005,개인정보
심지우,100_0073,sample_100_0073_000005,개인정보
1985-03-15,100_0073,sample_100_0073_000033,준식별자
10.0.0.5,100_0073,sample_100_0073_000034,기밀정보
/srv/archive/ingest/2024/record_0001234.wav,100_0073,sample_100_0073_000034,기밀정보
서울특별시 강남구,100_0074,sample_100_0074_000004,준식별자
류영석,100_0074,sample_100_0074_000012,개인정보
010-XXXX-XXXX,100_0074,sample_100_0074_000013,개인정보
남연,100_0074,sample_100_0074_000017,개인정보
192.0.2.10,100_0074,sample_100_0074_000018,기밀정보
/srv/ingest/prod/ark_0001.log,100_0074,sample_100_0074_000018,기밀정보
archivist@redacted.example,100_0074,sample_100_0074_000020,개인정보
류명보,100_0074,sample_100_0074_000022,개인정보
010-XXXX-XXXX,100_0074,sample_100_0074_000022,개인정보
archivist@redacted.example,100_0074,sample_100_0074_000022,개인정보
우지수,100_0074,sample_100_0074_000026,개인정보
조용재,100_0075,sample_100_0075_000008,개인정보
심다인,100_0075,sample_100_0075_000017,개인정보
박명우,100_0075,sample_100_0075_000022,개인정보
원재상,100_0075,sample_100_0075_000023,개인정보
천하랑,100_0075,sample_100_0075_000024,개인정보
강남구,100_0075,sample_100_0075_000019,준식별자
1985,100_0075,sample_100_0075_000020,준식별자
07,100_0075,sample_100_0075_000020,준식별자
13,100_0075,sample_100_0075_000020,준식별자
남,100_0075,sample_100_0075_000021,준식별자
10.0.4.12,100_0075,sample_100_0075_000025,기밀정보
/srv/ingest/jobs/ingest_0001/logs,100_0075,sample_100_0075_000026,기밀정보
https://private.archive.internal/resource/abc,100_0075,sample_100_0075_000027,기밀정보
vpn.archive.internal,100_0075,sample_100_0075_000028,기밀정보
archive_admin,100_0075,sample_100_0075_000028,기밀정보
문영화,100_0076,sample_100_0076_000005,개인정보
성지학,100_0076,sample_100_0076_000009,개인정보
김기광,100_0076,sample_100_0076_000012,개인정보
성현국,100_0076,sample_100_0076_000015,개인정보
서울특별시,100_0076,sample_100_0076_000007,준식별자
강남구,100_0076,sample_100_0076_000007,준식별자
10.0.0.5,100_0076,sample_100_0076_000019,기밀정보
/srv/archive/ingest/100_0076/obj001,100_0076,sample_100_0076_000020,기밀정보
https://internal.corp.example.local/ingest/100_0076,100_0076,sample_100_0076_000021,기밀정보
vpn.corp.example.local,100_0076,sample_100_0076_000021,기밀정보
나재혁,100_0077,sample_100_0077_000012,개인정보
신상태,100_0077,sample_100_0077_000019,개인정보
shin.sangtae@archive.example,100_0077,sample_100_0077_000020,개인정보
오규연,100_0077,sample_100_0077_000023,개인정보
1985-06-15,100_0077,sample_100_0077_000023,준식별자
서울특별시 종로구,100_0077,sample_100_0077_000024,준식별자
류민영,100_0077,sample_100_0077_000025,개인정보
010-0000-0000,100_0077,sample_100_0077_000025,개인정보
계좌번호: ****-****,100_0077,sample_100_0077_000026,기밀정보
/srv/ingest/private/approval.docx,100_0077,sample_100_0077_000021,기밀정보
10.0.5.12,100_0077,sample_100_0077_000022,기밀정보
주동윤,100_0077,sample_100_0077_000027,개인정보
유무혁,100_0077,sample_100_0077_000028,개인정보
서승협,100_0078,sample_100_0078_000015,개인정보
[EMAIL_REDACTED],100_0078,sample_100_0078_000016,개인정보
[PHONE_REDACTED],100_0078,sample_100_0078_000016,개인정보
우규희,100_0078,sample_100_0078_000023,개인정보
서울특별시 중구,100_0078,sample_100_0078_000024,준식별자
[BIRTHDATE_REDACTED],100_0078,sample_100_0078_000025,준식별자
[IP_REDACTED],100_0078,sample_100_0078_000021,기밀정보
[FILE_PATH_REDACTED],100_0078,sample_100_0078_000021,기밀정보
https://internal.example/[URL_REDACTED],100_0078,sample_100_0078_000022,기밀정보
[ACCOUNT_REDACTED],100_0078,sample_100_0078_000026,기밀정보
한새빛,100_0078,sample_100_0078_000027,개인정보
송성주,100_0078,sample_100_0078_000030,개인정보
[REDACTED_NAME:김정석],100_0079,sample_100_0079_000014,개인정보
[REDACTED_REPLICA_LOCATION],100_0079,sample_100_0079_000017,기밀정보
[REDACTED_PATH],100_0079,sample_100_0079_000024,기밀정보
[REDACTED_EMAIL],100_0079,sample_100_0079_000028,개인정보
[REDACTED_PHONE],100_0079,sample_100_0079_000028,개인정보
[REDACTED_NAME:진은솔],100_0079,sample_100_0079_000029,개인정보
[REDACTED_BIRTHDATE],100_0079,sample_100_0079_000030,준식별자
[REDACTED_GENDER],100_0079,sample_100_0079_000031,준식별자
[REDACTED_시],100_0079,sample_100_0079_000032,준식별자
[REDACTED_군구],100_0079,sample_100_0079_000032,준식별자
[REDACTED_IP],100_0079,sample_100_0079_000033,기밀정보
우은준 (redacted),100_0080,sample_100_0080_000017,개인정보
서제윤 (redacted),100_0080,sample_100_0080_000026,개인정보
ueunjun[at]example.com (redacted),100_0080,sample_100_0080_000030,개인정보
010-XXXX-5678 (redacted),100_0080,sample_100_0080_000031,개인정보
서울특별시,100_0080,sample_100_0080_000032,준식별자
강남구,100_0080,sample_100_0080_000032,준식별자
1985년,100_0080,sample_100_0080_000033,준식별자
05월,100_0080,sample_100_0080_000033,준식별자
14일,100_0080,sample_100_0080_000033,준식별자
[REDACTED_IP],100_0080,sample_100_0080_000028,기밀정보
/srv/archive/private/[REDACTED_PATH]/object1.warc,100_0080,sample_100_0080_000029,기밀정보
국립디지털아카이브 (redacted),100_0081,sample_100_0081_000001,준식별자
하세원 (redacted),100_0081,sample_100_0081_000015,개인정보
배정연 (redacted),100_0081,sample_100_0081_000025,개인정보
생년월일: 1985-XX-XX (redacted),100_0081,sample_100_0081_000026,준식별자
서울특별시 강남구 (redacted),100_0081,sample_100_0081_000027,준식별자
10.0.5.12 (redacted),100_0081,sample_100_0081_000028,기밀정보
/srv/ndap/private/ingest/seq0001.tar (redacted),100_0081,sample_100_0081_000028,기밀정보
archive-admin@example.org (redacted),100_0081,sample_100_0081_000029,개인정보
vpn.internal.example.com (redacted),100_0081,sample_100_0081_000030,기밀정보
http://internal.example.local/secret (redacted),100_0081,sample_100_0081_000030,기밀정보
오우정,100_0082,sample_100_0082_000014,개인정보
주이찬,100_0082,sample_100_0082_000026,개인정보
2023-0001,100_0082,sample_100_0082_000027,개인정보
1985,100_0082,sample_100_0082_000028,준식별자
05,100_0082,sample_100_0082_000028,준식별자
12,100_0082,sample_100_0082_000028,준식별자
여성,100_0082,sample_100_0082_000029,준식별자
서울특별시,100_0082,sample_100_0082_000029,준식별자
10.0.0.12,100_0082,sample_100_0082_000030,기밀정보
/srv/archive/private/index.db,100_0082,sample_100_0082_000030,기밀정보
http://internal.archive.local/admin,100_0082,sample_100_0082_000030,기밀정보
박수인 [REDACTED],100_0083,sample_100_0083_000013,개인정보
박원욱 [REDACTED],100_0083,sample_100_0083_000021,개인정보
류경인 [REDACTED],100_0083,sample_100_0083_000026,개인정보
여성,100_0083,sample_100_0083_000023,준식별자
1985,100_0083,sample_100_0083_000023,준식별자
03,100_0083,sample_100_0083_000023,준식별자
서울특별시,100_0083,sample_100_0083_000023,준식별자
강남구,100_0083,sample_100_0083_000023,준식별자
역삼동,100_0083,sample_100_0083_000023,준식별자
서버 IP: [REDACTED],100_0083,sample_100_0083_000022,기밀정보
내부 파일 경로: /var/data/archive/private/finance.xlsx (비공개),100_0083,sample_100_0083_000024,기밀정보
계좌번호: [REDACTED],100_0083,sample_100_0083_000025,기밀정보
고예한,100_0084,sample_100_0084_000014,개인정보
방현자,100_0084,sample_100_0084_000015,개인정보
정아린,100_0084,sample_100_0084_000028,개인정보
서울특별시 강남구,100_0084,sample_100_0084_000005,준식별자
10.0.0.5,100_0084,sample_100_0084_000022,기밀정보
/var/data/archive/collections/secret_collection/,100_0084,sample_100_0084_000023,기밀정보
[NAME_REDACTED],100_0085,sample_100_0085_000005,개인정보
[EMAIL_REDACTED],100_0085,sample_100_0085_000006,개인정보
[ADDR_시군구_REDACTED],100_0085,sample_100_0085_000010,준식별자
[DOB_REDACTED],100_0085,sample_100_0085_000011,준식별자
[GENDER_REDACTED],100_0085,sample_100_0085_000012,준식별자
[SERVER_IP_REDACTED],100_0085,sample_100_0085_000018,기밀정보
[INTERNAL_PATH_REDACTED],100_0085,sample_100_0085_000019,기밀정보
[VPN_URL_REDACTED],100_0085,sample_100_0085_000020,기밀정보
류창욱,100_0086,sample_100_0086_000007,개인정보
천유니,100_0086,sample_100_0086_000008,개인정보
원도경,100_0086,sample_100_0086_000018,개인정보
남성,100_0086,sample_100_0086_000009,준식별자
1985-06-15,100_0086,sample_100_0086_000010,준식별자
서울특별시 마포구,100_0086,sample_100_0086_000011,준식별자
아카이브 엔지니어,100_0086,sample_100_0086_000012,준식별자
10.10.10.5,100_0086,sample_100_0086_000013,기밀정보
/srv/archive/private/collection_A/ingest.log,100_0086,sample_100_0086_000014,기밀정보
http://internal.local/delete-request,100_0086,sample_100_0086_000015,기밀정보
****1234,100_0086,sample_100_0086_000016,기밀정보
vpn.internal.example.com,100_0086,sample_100_0086_000017,기밀정보
[EMAIL_REDACTED],100_0087,sample_100_0087_000005,개인정보
[PHONE_REDACTED],100_0087,sample_100_0087_000006,개인정보
[ADDR_REDACTED],100_0087,sample_100_0087_000007,개인정보
[ID_REDACTED],100_0087,sample_100_0087_000008,개인정보
여성,100_0087,sample_100_0087_000009,준식별자
서울특별시,100_0087,sample_100_0087_000010,준식별자
[BIRTHYEAR_REDACTED],100_0087,sample_100_0087_000011,준식별자
[SERVER_IP_REDACTED],100_0087,sample_100_0087_000012,기밀정보
[INTERNAL_PATH_REDACTED],100_0087,sample_100_0087_000013,기밀정보
[ACCOUNT_REDACTED],100_0087,sample_100_0087_000014,기밀정보
[PRIVATE_URL_REDACTED],100_0087,sample_100_0087_000015,기밀정보
주혜온,100_0088,sample_100_0088_000006,개인정보
[REDACTED_PHONE],100_0088,sample_100_0088_000007,개인정보
[REDACTED_EMAIL],100_0088,sample_100_0088_000008,개인정보
[REDACTED_RRN],100_0088,sample_100_0088_000009,개인정보
[REDACTED_BIRTHDATE],100_0088,sample_100_0088_000010,준식별자
서울특별시,100_0088,sample_100_0088_000011,준식별자
중구,100_0088,sample_100_0088_000011,준식별자
국립아카이브 연구팀,100_0088,sample_100_0088_000012,준식별자
[REDACTED_IP],100_0088,sample_100_0088_000013,기밀정보
/srv/archive/private/[REDACTED],100_0088,sample_100_0088_000014,기밀정보
https://intranet.example.org/doc/[REDACTED],100_0088,sample_100_0088_000015,기밀정보
[REDACTED_ACCOUNT],100_0088,sample_100_0088_000016,기밀정보
s3://archive-prod/collection/10088/[REDACTED_OBJECT],100_0088,sample_100_0088_000018,기밀정보
고***라,100_0089,sample_100_0089_000018,개인정보
[EMAIL_REDACTED],100_0089,sample_100_0089_000018,개인정보
010-****-1234,100_0089,sample_100_0089_000018,개인정보
여성,100_0089,sample_100_0089_000017,준식별자
1985-07-XX,100_0089,sample_100_0089_000017,준식별자
서울특별시,100_0089,sample_100_0089_000017,준식별자
종로구,100_0089,sample_100_0089_000017,준식별자
아카이브 엔지니어,100_0089,sample_100_0089_000017,준식별자
[IP_REDACTED],100_0089,sample_100_0089_000019,기밀정보
[URL_REDACTED],100_0089,sample_100_0089_000019,기밀정보
[PATH_REDACTED],100_0089,sample_100_0089_000019,기밀정보
[ACCOUNT_REDACTED],100_0089,sample_100_0089_000019,기밀정보
주***근,100_0089,sample_100_0089_000024,개인정보
[PATH_REDACTED],100_0089,sample_100_0089_000024,기밀정보
신***빈,100_0089,sample_100_0089_000026,개인정보
정형우,100_0091,sample_100_0091_000005,개인정보
redacted@example.org,100_0091,sample_100_0091_000005,개인정보
1985-06-12,100_0091,sample_100_0091_000007,준식별자
아카이브연구소,100_0091,sample_100_0091_000009,준식별자
10.10.10.10,100_0091,sample_100_0091_000012,기밀정보
/srv/ingest/private/record_0091.xml,100_0091,sample_100_0091_000013,기밀정보
https://internal.example.local/secret,100_0091,sample_100_0091_000014,기밀정보
vpn.internal.company,100_0091,sample_100_0091_000015,기밀정보
서울특별시,100_0091,sample_100_0091_000031,준식별자
강남구,100_0091,sample_100_0091_000031,준식별자
황윤건,100_0092,sample_100_0092_000006,개인정보
손찬원,100_0092,sample_100_0092_000010,개인정보
남성,100_0092,sample_100_0092_000012,준식별자
1980-05-23,100_0092,sample_100_0092_000012,준식별자
서울특별시 강남구,100_0092,sample_100_0092_000012,준식별자
10.0.0.12,100_0092,sample_100_0092_000015,기밀정보
http://internal.archive.local/secret,100_0092,sample_100_0092_000015,기밀정보
/srv/archive/private/collection/2024/ingest.war,100_0092,sample_100_0092_000018,기밀정보
우찬우,100_0092,sample_100_0092_000020,개인정보
오기완,100_0092,sample_100_0092_000021,개인정보
차루아,100_0092,sample_100_0092_000027,개인정보
장*형,100_0093,sample_100_0093_000020,개인정보
[redacted_email],100_0093,sample_100_0093_000021,개인정보
[REDACTED_PHONE],100_0093,sample_100_0093_000021,개인정보
여성,100_0093,sample_100_0093_000022,준식별자
1985-07-XX,100_0093,sample_100_0093_000022,준식별자
서울특별시 중구,100_0093,sample_100_0093_000022,준식별자
한*훈,100_0093,sample_100_0093_000024,개인정보
10.0.0.5,100_0093,sample_100_0093_000025,기밀정보
/srv/archive/private/ingest.log,100_0093,sample_100_0093_000025,기밀정보
https://internal.archive.local/private/abcd1234,100_0093,sample_100_0093_000026,기밀정보
s3://archive-prod/2025/11/20/abcd1234.pdf,100_0093,sample_100_0093_000007,기밀정보
김나엘,100_0094,sample_100_0094_000008,개인정보
원준희,100_0094,sample_100_0094_000008,개인정보
전진경,100_0094,sample_100_0094_000008,개인정보
남재열,100_0094,sample_100_0094_000024,개인정보
남성,100_0094,sample_100_0094_000019,준식별자
1985년,100_0094,sample_100_0094_000019,준식별자
06월,100_0094,sample_100_0094_000019,준식별자
12일,100_0094,sample_100_0094_000019,준식별자
서울특별시,100_0094,sample_100_0094_000019,준식별자
강남구,100_0094,sample_100_0094_000019,준식별자
아카이브 엔지니어,100_0094,sample_100_0094_000019,준식별자
10.0.2.15,100_0094,sample_100_0094_000021,기밀정보
https://internal.archive.example.local/admin/dashboard,100_0094,sample_100_0094_000022,기밀정보
/srv/archive/private/credentials.txt,100_0094,sample_100_0094_000023,기밀정보
주수연,100_0095,sample_100_0095_000007,개인정보
사번 20250401,100_0095,sample_100_0095_000007,개인정보
1985-07-23,100_0095,sample_100_0095_000007,준식별자
성별: 여,100_0095,sample_100_0095_000007,준식별자
허승주,100_0095,sample_100_0095_000010,개인정보
구오현,100_0095,sample_100_0095_000011,개인정보
조명희,100_0095,sample_100_0095_000012,개인정보
서초구,100_0095,sample_100_0095_000009,준식별자
지시웅,100_0095,sample_100_0095_000021,개인정보
김상후,100_0095,sample_100_0095_000023,개인정보
성석훈,100_0095,sample_100_0095_000024,개인정보
노경,100_0095,sample_100_0095_000026,개인정보
안정윤,100_0095,sample_100_0095_000027,개인정보
10.10.8.4,100_0095,sample_100_0095_000017,기밀정보
/internal/api/v1/ingest/status,100_0095,sample_100_0095_000017,기밀정보
/var/ingest/jobs/ingest_2025_001,100_0095,sample_100_0095_000018,기밀정보
[NAME_REDACTED],100_0096,sample_100_0096_000004,개인정보
[INTERNAL_URL_REDACTED],100_0096,sample_100_0096_000013,기밀정보
[FILEPATH_REDACTED],100_0096,sample_100_0096_000013,기밀정보
[EMAIL_REDACTED],100_0096,sample_100_0096_000016,개인정보
[PHONE_REDACTED],100_0096,sample_100_0096_000017,개인정보
[NAME_REDACTED],100_0096,sample_100_0096_000018,개인정보
[ACCOUNT_REDACTED],100_0096,sample_100_0096_000018,기밀정보
[INTERNAL_URL_REDACTED],100_0096,sample_100_0096_000019,기밀정보
[NAME_REDACTED],100_0096,sample_100_0096_000022,개인정보
[IP_REDACTED],100_0096,sample_100_0096_000023,기밀정보
[FILEPATH_REDACTED],100_0096,sample_100_0096_000023,기밀정보
[EMP_ID_REDACTED],100_0096,sample_100_0096_000024,개인정보
서울특별시,100_0096,sample_100_0096_000025,준식별자
[DISTRICT_REDACTED],100_0096,sample_100_0096_000025,준식별자
남성,100_0096,sample_100_0096_000026,준식별자
연구원,100_0096,sample_100_0096_000026,준식별자
석사,100_0096,sample_100_0096_000026,준식별자
[DOB_YEAR_REDACTED],100_0096,sample_100_0096_000027,준식별자
[DOB_MONTH_REDACTED],100_0096,sample_100_0096_000027,준식별자
[DOB_DAY_REDACTED],100_0096,sample_100_0096_000027,준식별자
배서빈,100_0097,sample_100_0097_000017,개인정보
지영채,100_0097,sample_100_0097_000021,개인정보
류미리,100_0097,sample_100_0097_000033,개인정보
생년월일: 1982-07-12,100_0097,sample_100_0097_000025,준식별자
시: 서울특별시,100_0097,sample_100_0097_000026,준식별자
군/구: 중구,100_0097,sample_100_0097_000026,준식별자
성별: 여성,100_0097,sample_100_0097_000027,준식별자
직장명: 한국아카이브연구소,100_0097,sample_100_0097_000028,준식별자
내부 서버 IP: 10.0.0.15,100_0097,sample_100_0097_000029,기밀정보
내부 파일 경로: /var/secure/archive/ingest/4815,100_0097,sample_100_0097_000030,기밀정보
비공개 URL: https://private.example.org/secret/4815,100_0097,sample_100_0097_000031,기밀정보
VPN 주소: vpn.archives.local,100_0097,sample_100_0097_000031,기밀정보
[NAME_REDACTED],100_0098,sample_100_0098_000021,개인정보
[EMAIL_REDACTED],100_0098,sample_100_0098_000021,개인정보
[PHONE_REDACTED],100_0098,sample_100_0098_000021,개인정보
[BIRTHDATE_REDACTED],100_0098,sample_100_0098_000022,준식별자
[CITY_REDACTED],100_0098,sample_100_0098_000022,준식별자
[DISTRICT_REDACTED],100_0098,sample_100_0098_000022,준식별자
[OCCUPATION_REDACTED],100_0098,sample_100_0098_000023,준식별자
[SERVER_IP_REDACTED],100_0098,sample_100_0098_000024,기밀정보
[FILE_PATH_REDACTED],100_0098,sample_100_0098_000024,기밀정보
[BANK_ACCOUNT_REDACTED],100_0098,sample_100_0098_000024,기밀정보
[VPN_ADDRESS_REDACTED],100_0098,sample_100_0098_000025,기밀정보
정현상,100_0099,sample_100_0099_000015,개인정보
[EMAIL_REDACTED],100_0099,sample_100_0099_000023,개인정보
[PHONE_REDACTED],100_0099,sample_100_0099_000024,개인정보
[SSN_REDACTED],100_0099,sample_100_0099_000024,개인정보
[EMPID_REDACTED],100_0099,sample_100_0099_000025,개인정보
성별: 남성,100_0099,sample_100_0099_000025,준식별자
[YEAR_REDACTED],100_0099,sample_100_0099_000025,준식별자
[MONTH_REDACTED],100_0099,sample_100_0099_000025,준식별자
[DAY_REDACTED],100_0099,sample_100_0099_000025,준식별자
주소(시): 서울특별시,100_0099,sample_100_0099_000026,준식별자
주소(구): 중구,100_0099,sample_100_0099_000026,준식별자
[IP_REDACTED],100_0099,sample_100_0099_000027,기밀정보
[FILEPATH_REDACTED],100_0099,sample_100_0099_000027,기밀정보
[INTERNAL_URL_REDACTED],100_0099,sample_100_0099_000027,기밀정보
엄진율,100_0099,sample_100_0099_000028,개인정보
공어진,100_0099,sample_100_0099_000028,개인정보
[API_KEY_REDACTED],100_0099,sample_100_0099_000028,기밀정보
[ACCOUNT_REDACTED],100_0099,sample_100_0099_000028,기밀정보
[진시예_redacted],100_0100,sample_100_0100_000021,개인정보
[우현경_redacted],100_0100,sample_100_0100_000021,개인정보
[이메일_redacted],100_0100,sample_100_0100_000022,개인정보
[휴대전화_redacted],100_0100,sample_100_0100_000022,개인정보
[생년월일_redacted],100_0100,sample_100_0100_000023,준식별자
[서울특별시_redacted],100_0100,sample_100_0100_000023,준식별자
[서버_IP_redacted],100_0100,sample_100_0100_000024,기밀정보
[내부_파일경로_redacted],100_0100,sample_100_0100_000024,기밀정보
[계좌번호_redacted],100_0100,sample_100_0100_000025,기밀정보
[비공개_URL_redacted],100_0100,sample_100_0100_000025,기밀정보
