{
    "document_id": "022_0012",
    "document_title": "소형 추진체 추진 제어부 설계·시험 종합보고서",
    "data": [
        {
            "sentence": "문서 개요: 본 문서는 항공소형 추진체 개발 프로젝트의 설계·제작·시험 산출물을 통합한 종합 기술보고서입니다.",
            "id": "sample_022_0012_000001",
            "annotations": []
        },
        {
            "sentence": "프로젝트 식별: project_id는 PROJECT-022-0012로 지정되어 버전관리 및 추적을 수행합니다.",
            "id": "sample_022_0012_000002",
            "annotations": [
                {
                    "word": "PROJECT-022-0012",
                    "start": 21,
                    "end": 37,
                    "label": "기밀정보"
                }
            ]
        },
        {
            "sentence": "시스템 식별: system_id는 SYS-AX100-A로 정의되며 서브시스템별 구성과 매핑되어 있습니다.",
            "id": "sample_022_0012_000003",
            "annotations": [
                {
                    "word": "SYS-AX100-A",
                    "start": 19,
                    "end": 30,
                    "label": "기밀정보"
                }
            ]
        },
        {
            "sentence": "구성품 식별: component_id는 CMP-0007-022이며 part_number는 PN-AX100-REV2, serial_number는 SN-00012345로 표기합니다.",
            "id": "sample_022_0012_000004",
            "annotations": [
                {
                    "word": "CMP-0007-022",
                    "start": 22,
                    "end": 34,
                    "label": "기밀정보"
                },
                {
                    "word": "PN-AX100-REV2",
                    "start": 50,
                    "end": 63,
                    "label": "기밀정보"
                },
                {
                    "word": "SN-00012345",
                    "start": 80,
                    "end": 91,
                    "label": "기밀정보"
                }
            ]
        },
        {
            "sentence": "BOM: 주요 부품으로는 PN-AX100-REV2(어셈블리), PN-AX101(핀), PN-AX102(패드)이 포함되며 각 부품에 대해 supplier_id와 인증상태를 기록합니다.",
            "id": "sample_022_0012_000005",
            "annotations": []
        },
        {
            "sentence": "CAD 모델 파일: fuselage_assembly.step(STEP, 형상치수계: ISO 10303-21) 및 control_panel.iges(IGES) 파일이 저장되어 있습니다.",
            "id": "sample_022_0012_000006",
            "annotations": [
                {
                    "word": "fuselage_assembly.step",
                    "start": 11,
                    "end": 33,
                    "label": "기밀정보"
                },
                {
                    "word": "control_panel.iges",
                    "start": 63,
                    "end": 81,
                    "label": "기밀정보"
                }
            ]
        },
        {
            "sentence": "도면 개정: drawing_revision은 A3으로 표기되며 도면 PDF(fuselage_dwg_A3.pdf)가 아카이브되었습니다.",
            "id": "sample_022_0012_000007",
            "annotations": [
                {
                    "word": "fuselage_dwg_A3.pdf",
                    "start": 42,
                    "end": 61,
                    "label": "기밀정보"
                }
            ]
        },
        {
            "sentence": "재료명세: material_spec은 Ti-6Al-4V(AMS 4928)로 표기하고 두께 단위는 밀리미터(mm)입니다.",
            "id": "sample_022_0012_000008",
            "annotations": []
        },
        {
            "sentence": "제조공정: 제조공정은 CNC 가공, 용체화 및 노화(솔루션·에이징), 표면처리(샷피닝)으로 정의되어 있습니다.",
            "id": "sample_022_0012_000009",
            "annotations": []
        },
        {
            "sentence": "조립지침: 조립절차는 stepwise로 문서화되며 TORQUE 값, 결합 토러런스 및 좌표계(참조: FRF 전방 좌표계)를 명시합니다.",
            "id": "sample_022_0012_000010",
            "annotations": []
        },
        {
            "sentence": "검사보고서: inspection_report는 inspection_report_2025-01-15.pdf로 저장되며 승인 로그를 포함합니다.",
            "id": "sample_022_0012_000011",
            "annotations": [
                {
                    "word": "inspection_report_2025-01-15.pdf",
                    "start": 26,
                    "end": 58,
                    "label": "기밀정보"
                },
                {
                    "word": "2025-01-15",
                    "start": 44,
                    "end": 54,
                    "label": "준식별자"
                }
            ]
        },
        {
            "sentence": "비파괴검사 결과: NDT는 UT(초음파), RT(방사선촬영), DPI(염색침투)로 수행되었고 모든 항목은 PASS 판정입니다.",
            "id": "sample_022_0012_000012",
            "annotations": []
        },
        {
            "sentence": "시험계획: test_plan은 환경시험, 진동시험, 고고도성능시험을 포함하며 테스트 매트릭스를 별도 시트로 관리합니다.",
            "id": "sample_022_0012_000013",
            "annotations": []
        },
        {
            "sentence": "시험결과: 진동시험 RAW 데이터 파일은 vibration_test_2025-02-10.nas(NASTRAN 포맷)로 보관되며 요약 통계(평균, 표준편차, 피크)가 첨부됩니다.",
            "id": "sample_022_0012_000014",
            "annotations": [
                {
                    "word": "vibration_test_2025-02-10.nas",
                    "start": 23,
                    "end": 52,
                    "label": "기밀정보"
                },
                {
                    "word": "2025-02-10",
                    "start": 38,
                    "end": 48,
                    "label": "준식별자"
                }
            ]
        },
        {
            "sentence": "비행로그: flight_log는 FLT-2025-03-01_0001.log로 표기되며 각 기록은 UTC ISO 8601 타임스탬프(예: 2025-03-01T12:05:30Z)를 포함합니다.",
            "id": "sample_022_0012_000015",
            "annotations": [
                {
                    "word": "FLT-2025-03-01_0001.log",
                    "start": 18,
                    "end": 41,
                    "label": "기밀정보"
                },
                {
                    "word": "2025-03-01T12:05:30Z",
                    "start": 76,
                    "end": 96,
                    "label": "준식별자"
                }
            ]
        },
        {
            "sentence": "텔레메트리 메타데이터: telemetry_stream_metadata에는 sample_rate=1000Hz, time_sync=NTP(UTC), 샘플 포맷은 IEEE 754 float32로 정의합니다.",
            "id": "sample_022_0012_000016",
            "annotations": []
        },
        {
            "sentence": "센서 데이터 샘플: 가속도계 샘플(한계요약) 평균=0.12g, 표준편차=0.03g, 피크=2.5g(단위: g)를 시험결과와 함께 제공했습니다.",
            "id": "sample_022_0012_000017",
            "annotations": []
        },
        {
            "sentence": "유지보수 기록: maintenance_record에는 최근 정비일 2025-04-20T09:00:00Z와 다음예정일이 명시되어 있습니다.",
            "id": "sample_022_0012_000018",
            "annotations": [
                {
                    "word": "2025-04-20T09:00:00Z",
                    "start": 37,
                    "end": 57,
                    "label": "준식별자"
                }
            ]
        },
        {
            "sentence": "교정증명서: calibration_certificate ID CAL-2024-7789이 발행되었고 유효기간은 2026-04-20까지입니다.",
            "id": "sample_022_0012_000019",
            "annotations": [
                {
                    "word": "CAL-2024-7789",
                    "start": 34,
                    "end": 47,
                    "label": "기밀정보"
                },
                {
                    "word": "2026-04-20",
                    "start": 61,
                    "end": 71,
                    "label": "준식별자"
                }
            ]
        },
        {
            "sentence": "규정준수: AS9100 RevD 인증서(CERT-AS9100-2023-045)와 DO-178C 항목 매핑표가 첨부되어 있습니다.",
            "id": "sample_022_0012_000020",
            "annotations": [
                {
                    "word": "CERT-AS9100-2023-045",
                    "start": 22,
                    "end": 42,
                    "label": "기밀정보"
                }
            ]
        },
        {
            "sentence": "공급망: 주공급자 supplier_id는 SUP-ALPHA-001이고 계약서(contract_document) 번호는 CTR-2024-089으로 링크됩니다.",
            "id": "sample_022_0012_000021",
            "annotations": [
                {
                    "word": "SUP-ALPHA-001",
                    "start": 23,
                    "end": 36,
                    "label": "기밀정보"
                },
                {
                    "word": "CTR-2024-089",
                    "start": 66,
                    "end": 78,
                    "label": "기밀정보"
                }
            ]
        },
        {
            "sentence": "배송정보: delivery_shipment 참조번호 SHIP-2025-03345를 포함하며 납품일 2025-05-10T15:45:00Z가 기록되어 있습니다.",
            "id": "sample_022_0012_000022",
            "annotations": [
                {
                    "word": "SHIP-2025-03345",
                    "start": 29,
                    "end": 44,
                    "label": "기밀정보"
                },
                {
                    "word": "2025-05-10T15:45:00Z",
                    "start": 55,
                    "end": 75,
                    "label": "준식별자"
                }
            ]
        },
        {
            "sentence": "변경요청: change_request CR-0007은 설계공차 조정으로 제출되어 상태는 APPROVED이며 승인자와 승인일이 로그에 남았습니다.",
            "id": "sample_022_0012_000023",
            "annotations": [
                {
                    "word": "CR-0007",
                    "start": 21,
                    "end": 28,
                    "label": "기밀정보"
                }
            ]
        },
        {
            "sentence": "구성관리 로그: configuration_management_log에는 버전별 변경이력과 승인자 기록이 있어 traceability를 보장합니다.",
            "id": "sample_022_0012_000024",
            "annotations": []
        },
        {
            "sentence": "FMEA: fmea_report 주요 결과는 우선순위 RPN 320(최대 리스크 항목)으로 표기되며 대응완료 항목은 CAPA로 추적됩니다.",
            "id": "sample_022_0012_000025",
            "annotations": []
        },
        {
            "sentence": "신뢰성 지표: reliability_metrics는 MTBF 12000시간, MTTR 4시간으로 산정되었고 가정 및 계산식이 첨부되어 있습니다.",
            "id": "sample_022_0012_000026",
            "annotations": []
        },
        {
            "sentence": "소프트웨어/펌웨어: software_build_id는 SW-BUILD-20250115-0a1b, firmware_version은 FIRM-1.2.3으로 기록되며 빌드 해시는 SHA256:abcd1234...로 첨부됩니다.",
            "id": "sample_022_0012_000027",
            "annotations": [
                {
                    "word": "SW-BUILD-20250115-0a1b",
                    "start": 30,
                    "end": 52,
                    "label": "기밀정보"
                },
                {
                    "word": "FIRM-1.2.3",
                    "start": 72,
                    "end": 82,
                    "label": "기밀정보"
                },
                {
                    "word": "SHA256:abcd1234...",
                    "start": 97,
                    "end": 115,
                    "label": "기밀정보"
                }
            ]
        },
        {
            "sentence": "무결성 및 보안: encryption_key_reference는 KEY-REF-0001(참조용)으로 표기하였으며 실제 키는 HSM에 보관됩니다.",
            "id": "sample_022_0012_000028",
            "annotations": [
                {
                    "word": "KEY-REF-0001",
                    "start": 36,
                    "end": 48,
                    "label": "기밀정보"
                }
            ]
        },
        {
            "sentence": "승인 로그: 문서 최종 승인자는 조선하이며 승인일시는 2025-05-15T10:30:00Z로 기록되어 있습니다.",
            "id": "sample_022_0012_000029",
            "annotations": [
                {
                    "word": "조선하",
                    "start": 18,
                    "end": 21,
                    "label": "개인정보"
                },
                {
                    "word": "2025-05-15T10:30:00Z",
                    "start": 30,
                    "end": 50,
                    "label": "준식별자"
                }
            ]
        },
        {
            "sentence": "검토자 기록: 설계 검토 담당자는 류원종, 검증 담당자는 하승윤으로 명시되어 있으며 관련 메모는 내부 검토 노트에 저장됩니다.",
            "id": "sample_022_0012_000030",
            "annotations": [
                {
                    "word": "류원종",
                    "start": 19,
                    "end": 22,
                    "label": "개인정보"
                },
                {
                    "word": "하승윤",
                    "start": 32,
                    "end": 35,
                    "label": "개인정보"
                }
            ]
        }
    ]
}