{
    "document_id": "022_0007",
    "document_title": "우주 발사체 연료탱크(FTK) 서브시스템 설계·검증 종합보고서",
    "data": [
        {
            "sentence": "본 문서는 항공우주 및 방위산업용 우주 발사체 연료탱크 서브시스템의 설계·검증 종합보고서이며 프로젝트 식별자 project_id PRJ-2025-022를 포함합니다.",
            "id": "sample_022_0007_000001",
            "annotations": []
        },
        {
            "sentence": "대상 시스템은 system_id SYS-FTK-01이며 주요 구성요소는 component_id COMP-FTK-001, part_number PN-FTK-0001, serial_number SSN-FTK-000789로 정의됩니다.",
            "id": "sample_022_0007_000002",
            "annotations": []
        },
        {
            "sentence": "BOM은 구조부, 밀봉부, 연료주입밸브 등으로 구성되며 공급자 식별자 supplier_id SUPP-0001과 SUPP-0002, 부품별 수량 및 인증상태를 포함합니다.",
            "id": "sample_022_0007_000003",
            "annotations": []
        },
        {
            "sentence": "CAD 모델 파일은 FTK_tank_v03.step (STEP) 및 FTK_tank_v03.iges (IGES)로 보관되며 도면 revision은 A.03, 도면 파일은 FTK_Tank_A03.pdf로 명시됩니다.",
            "id": "sample_022_0007_000004",
            "annotations": []
        },
        {
            "sentence": "재료 규격(material_spec)은 Al-7075-T6(밀도 2.81 g/cm3) 및 내부 표면 아노다이즈 처리로 명세되며 단위는 SI계를 기본으로 병기로 표기합니다.",
            "id": "sample_022_0007_000005",
            "annotations": []
        },
        {
            "sentence": "제조 공정(manufacturing_process)은 절삭가공 → 열처리 → 표면처리 → 조립 순으로 정의되며 각 공정의 허용오차와 검사 포인트를 명시합니다.",
            "id": "sample_022_0007_000006",
            "annotations": []
        },
        {
            "sentence": "조립 지침(assembly_instructions)은 작업 순서, 토크값(N·m), 공차, 사용 공구 식별번호 TOOL-452 및 좌표계(EPSG:4978)를 포함하여 상세히 기술합니다.",
            "id": "sample_022_0007_000007",
            "annotations": []
        },
        {
            "sentence": "검사보고서 inspection_report는 원시 데이터와 요약(metrics)을 모두 포함하며 내부 PDF는 /repo/qa/inspection_reports/FTK_inspect_20250815.pdf에 저장되어 있습니다.",
            "id": "sample_022_0007_000008",
            "annotations": [
                {
                    "word": "/repo/qa/inspection_reports/FTK_inspect_20250815.pdf",
                    "start": 62,
                    "end": 114,
                    "label": "기밀정보"
                }
            ]
        },
        {
            "sentence": "비파괴검사(NDT) 결과는 초음파와 X-ray 촬영결과 및 raw 데이터(ndt_ultra_2025-08-16.dat)를 포함하며 결함의 크기와 좌표를 표준 좌표계로 기록합니다.",
            "id": "sample_022_0007_000009",
            "annotations": []
        },
        {
            "sentence": "시험계획 test_plan에는 정적 압력시험 항목, 계측 채널 설정 및 샘플링 전략이 포함되며 계획된 시작 일시는 2025-09-01T08:00:00Z로 명시됩니다.",
            "id": "sample_022_0007_000010",
            "annotations": [
                {
                    "word": "2025-09-01T08:00:00Z",
                    "start": 64,
                    "end": 84,
                    "label": "준식별자"
                }
            ]
        },
        {
            "sentence": "시험결과 test_results는 원시 바이너리 파일 results_ground_2025-09-01.raw와 요약지표(최대압력 3.5 MPa, 평균 2.8 MPa, 피크시간)를 제공합니다.",
            "id": "sample_022_0007_000011",
            "annotations": []
        },
        {
            "sentence": "비행로그 flight_log는 시험비행 FL-2025-0007에 대한 기록을 포함하며 주요 이벤트 타임스탬프(예: 발사 2025-10-12T13:45:30Z)를 저장합니다.",
            "id": "sample_022_0007_000012",
            "annotations": [
                {
                    "word": "2025-10-12T13:45:30Z",
                    "start": 67,
                    "end": 87,
                    "label": "준식별자"
                }
            ]
        },
        {
            "sentence": "텔레메트리 메타데이터 telemetry_stream_metadata는 샘플레이트 20000 Hz, 시간동기화 방식 GPS-UTC, 좌표계는 ECEF(EPSG:4978)로 표기됩니다.",
            "id": "sample_022_0007_000013",
            "annotations": []
        },
        {
            "sentence": "센서 데이터 샘플(sensor_data_samples)은 가속도계 x,y,z 3축의 원시 시계열과 평균·표준편차·피크값을 포함하며 샘플레이트 및 타임스탬프 동기화를 제공합니다.",
            "id": "sample_022_0007_000014",
            "annotations": []
        },
        {
            "sentence": "정비기록 maintenance_record는 정비 ID MTN-2025-11-05, 수행자 이수경, 작업 요약 및 완료 타임스탬프 2025-11-06T09:15:00Z를 포함하여 추적 가능합니다.",
            "id": "sample_022_0007_000015",
            "annotations": [
                {
                    "word": "이수경",
                    "start": 51,
                    "end": 54,
                    "label": "개인정보"
                },
                {
                    "word": "2025-11-06T09:15:00Z",
                    "start": 73,
                    "end": 93,
                    "label": "준식별자"
                }
            ]
        },
        {
            "sentence": "교정증명서 calibration_certificate는 인증번호 CAL-2025-009, 교정자 오소담, 교정일자 2025-06-20 및 사용된 표준 장비 목록을 기재합니다.",
            "id": "sample_022_0007_000016",
            "annotations": [
                {
                    "word": "오소담",
                    "start": 54,
                    "end": 57,
                    "label": "개인정보"
                },
                {
                    "word": "2025-06-20",
                    "start": 64,
                    "end": 74,
                    "label": "준식별자"
                }
            ]
        },
        {
            "sentence": "규격·인증 compliance_certificate은 AS9100 rev D, DO-254 요건적합 항목, 인증기관 ID CERT-BODY-01 및 인증서 파일명을 명시합니다.",
            "id": "sample_022_0007_000017",
            "annotations": []
        },
        {
            "sentence": "공급망·계약 정보는 supplier_id SUPP-0001, 계약서 CON-2025-FTK-001, 계약 서명일 2025-05-15T10:00:00Z 및 공급자 인증상태(NADCAP:Approved)를 포함합니다.",
            "id": "sample_022_0007_000018",
            "annotations": [
                {
                    "word": "2025-05-15T10:00:00Z",
                    "start": 63,
                    "end": 83,
                    "label": "준식별자"
                }
            ]
        },
        {
            "sentence": "납품·운송 delivery_shipment에는 선적번호 SHIP-789456, 납품예정일 2025-05-20, 포장 규격과 운송사의 추적정보가 기록됩니다.",
            "id": "sample_022_0007_000019",
            "annotations": [
                {
                    "word": "2025-05-20",
                    "start": 50,
                    "end": 60,
                    "label": "준식별자"
                }
            ]
        },
        {
            "sentence": "변경요청 change_request CR-1023은 설계 변경 사유와 영향분석을 포함하며 요청자 임지형, 승인자 임지형, 승인시각 2025-07-01T16:30:00Z로 기록됩니다.",
            "id": "sample_022_0007_000020",
            "annotations": [
                {
                    "word": "임지형",
                    "start": 54,
                    "end": 57,
                    "label": "개인정보"
                },
                {
                    "word": "임지형",
                    "start": 63,
                    "end": 66,
                    "label": "개인정보"
                },
                {
                    "word": "2025-07-01T16:30:00Z",
                    "start": 73,
                    "end": 93,
                    "label": "준식별자"
                }
            ]
        },
        {
            "sentence": "구성관리 로그 configuration_management_log는 내부 저장경로 /internal/repos/ftk/assembly_v3.step, 체크섬 sha256:3a7f5b... 및 커밋 ID ab12cdef을 기록합니다.",
            "id": "sample_022_0007_000021",
            "annotations": [
                {
                    "word": "/internal/repos/ftk/assembly_v3.step",
                    "start": 46,
                    "end": 82,
                    "label": "기밀정보"
                }
            ]
        },
        {
            "sentence": "FMEA 보고서 fmea_report는 고장모드, 영향도, 우선순위수치(RPN) 및 검토자 하상수의 리뷰 코멘트를 포함합니다.",
            "id": "sample_022_0007_000022",
            "annotations": [
                {
                    "word": "하상수",
                    "start": 51,
                    "end": 54,
                    "label": "개인정보"
                }
            ]
        },
        {
            "sentence": "신뢰성 지표 reliability_metrics는 MTBF 1.2e6 hours, 신뢰도 0.9992(임무 프로파일) 및 관련 원시 데이터 파일과 요약지표를 제공합니다.",
            "id": "sample_022_0007_000023",
            "annotations": []
        },
        {
            "sentence": "소프트웨어·펌웨어 항목에는 software_build_id BUILD-2025-09-001, firmware_version FW-1.2.3, 빌드 해시 build-9f8e7d 및 DO-178C 검증 상태가 포함됩니다.",
            "id": "sample_022_0007_000024",
            "annotations": []
        },
        {
            "sentence": "암호화 키 참조 encryption_key_reference는 실제 키를 포함하지 않고 참조 ID KEYREF-ENC-0007로 표기되며 키는 HSM에 안전 보관해야 합니다.",
            "id": "sample_022_0007_000025",
            "annotations": []
        },
        {
            "sentence": "승인 로그 approval_log에는 기술검토자 권나임(승인 2025-12-01T11:00:00Z)과 품질책임자 백라임(승인 2025-12-02T09:30:00Z)의 서명이 기록됩니다.",
            "id": "sample_022_0007_000026",
            "annotations": [
                {
                    "word": "권나임",
                    "start": 27,
                    "end": 30,
                    "label": "개인정보"
                },
                {
                    "word": "백라임",
                    "start": 63,
                    "end": 66,
                    "label": "개인정보"
                },
                {
                    "word": "2025-12-01T11:00:00Z",
                    "start": 34,
                    "end": 54,
                    "label": "준식별자"
                },
                {
                    "word": "2025-12-02T09:30:00Z",
                    "start": 70,
                    "end": 90,
                    "label": "준식별자"
                }
            ]
        },
        {
            "sentence": "보안 및 수출통제 메모에는 ITAR/EAR 적용범위, 접근권한 목록, 암호화·지역 제한 조치 및 감사 추적 요구사항을 명시하여 준수성을 확보합니다.",
            "id": "sample_022_0007_000027",
            "annotations": []
        },
        {
            "sentence": "결론 및 후속조치 문단에서는 변경요청 CR-1023의 완료 예정일과 다음 검증시험 일정, 담당 역할 지정 및 차기 회의 일정을 기록하여 추적성을 확보합니다.",
            "id": "sample_022_0007_000028",
            "annotations": []
        }
    ]
}