{
    "document_id": "022_0016",
    "document_title": "유도무기 추진체 구조·제작·시험 종합 데이터 패키지",
    "data": [
        {
            "sentence": "서론: 본 문서는 항공우주 및 방위산업용 추진체 하위구조의 설계·제작·시험·운용·유지보수 데이터를 통합한 패키지입니다.",
            "id": "sample_022_0016_000001",
            "annotations": []
        },
        {
            "sentence": "본 패키지는 AS9100 및 관련 MIL-STD 요구사항에 맞춰 버전관리와 장기보존을 고려하여 작성되었습니다.",
            "id": "sample_022_0016_000002",
            "annotations": []
        },
        {
            "sentence": "프로젝트 식별자 및 메타데이터: project_id=PJ-2025-009, 문서 생성일자=2025-03-14T09:30:00Z, 작성 기준 좌표계=Body-fixed (X-forward,Y-right,Z-down).",
            "id": "sample_022_0016_000003",
            "annotations": []
        },
        {
            "sentence": "시스템·컴포넌트 식별: system_id=SYS-AFT-01, component_id=COMP-FTL-001, part_number=PN-FTL-000123, serial_number=SN-00012345.",
            "id": "sample_022_0016_000004",
            "annotations": []
        },
        {
            "sentence": "BOM 및 CAD: BOM은 부품별 공급자 추적 필드 포함, cad_model_file=assembly_v2.step (STEP AP242), drawing_revision=DRW-R2.",
            "id": "sample_022_0016_000005",
            "annotations": []
        },
        {
            "sentence": "재질·공정: material_spec=Al-2024-T351(밀도 2.78 kg/m3), 제조공정=밀링+피닝+열처리, 조립지침은 assembly_instructions_v2.pdf로 제공됩니다.",
            "id": "sample_022_0016_000006",
            "annotations": []
        },
        {
            "sentence": "검사보고서 및 NDT: inspection_report는 원시 치수데이터와 요약(metrics)을 포함하며, nondestructive_test_results는 초음파(UT) 및 방사선(RT) 결과를 포함합니다.",
            "id": "sample_022_0016_000007",
            "annotations": []
        },
        {
            "sentence": "시험계획 및 결과: test_plan은 지상정적·진동·열시험 항목을 포함하며, test_results는 원시(raw) 센서 로그와 평균·표준편차·피크 값을 함께 제공합니다.",
            "id": "sample_022_0016_000008",
            "annotations": []
        },
        {
            "sentence": "비행로그 및 텔레메트리 메타데이터: flight_log는 타임스탬프 동기화(ISO 8601)와 샘플레이트 표기를 포함하고, telemetry_stream_metadata에 압축·암호화 여부를 명시합니다.",
            "id": "sample_022_0016_000009",
            "annotations": []
        },
        {
            "sentence": "센서 데이터 샘플: sensor_data_samples는 가속도계(3축, m/s2), 자이로(°/s), GPS(WGS84, 위도·경도·고도) 데이터를 포함하며 좌표계와 단위를 명시합니다.",
            "id": "sample_022_0016_000010",
            "annotations": []
        },
        {
            "sentence": "유지보수 및 교정: maintenance_record와 calibration_certificate는 교정일자·교정기관·허용오차를 기록하며 교정장비 ID와 추적성을 제공합니다.",
            "id": "sample_022_0016_000011",
            "annotations": []
        },
        {
            "sentence": "인증서류: compliance_certificate는 AS9100, DO-178C(소프트웨어 해당사항), DO-254(하드웨어 해당사항) 준수를 명시합니다.",
            "id": "sample_022_0016_000012",
            "annotations": []
        },
        {
            "sentence": "공급망·계약: supplier_id=SUP-ACME-045, contract_document=CON-2025-ACME-009, delivery_shipment 문서는 납기·포장·추적번호를 포함합니다.",
            "id": "sample_022_0016_000013",
            "annotations": [
                {
                    "word": "SUP-ACME-045",
                    "start": 20,
                    "end": 32,
                    "label": "기밀정보"
                },
                {
                    "word": "CON-2025-ACME-009",
                    "start": 52,
                    "end": 69,
                    "label": "기밀정보"
                }
            ]
        },
        {
            "sentence": "변경요청 및 구성관리: change_request 양식과 configuration_management_log에는 변경이력, 변경사유, 작성일시 및 승인자를 기록합니다.",
            "id": "sample_022_0016_000014",
            "annotations": []
        },
        {
            "sentence": "구성관리 로그 예시 항목: CR-1023 접수 2025-03-10T14:12:00Z, 승인자: 천태형, 검토자: 정여린, 변경내용 요약 포함.",
            "id": "sample_022_0016_000015",
            "annotations": [
                {
                    "word": "천태형",
                    "start": 53,
                    "end": 56,
                    "label": "개인정보"
                },
                {
                    "word": "정여린",
                    "start": 63,
                    "end": 66,
                    "label": "개인정보"
                }
            ]
        },
        {
            "sentence": "안전·신뢰성 분석: fmea_report에는 고장모드·영향·심각도·검출가능성 평가와 권고대책을 포함하며 reliability_metrics로 MTBF 계산값을 제공합니다.",
            "id": "sample_022_0016_000016",
            "annotations": []
        },
        {
            "sentence": "소프트웨어·펌웨어: software_build_id=BUILD-20250314-01, firmware_version=FW-1.4.2, build_hash=a3f5b9c4, encryption_key_reference=INTRNL-KEY-0001, 무결성 해시는 함께 저장됩니다.",
            "id": "sample_022_0016_000017",
            "annotations": [
                {
                    "word": "INTRNL-KEY-0001",
                    "start": 121,
                    "end": 136,
                    "label": "기밀정보"
                },
                {
                    "word": "a3f5b9c4",
                    "start": 86,
                    "end": 94,
                    "label": "기밀정보"
                }
            ]
        },
        {
            "sentence": "파일 포맷 및 표준: CAD는 STEP/IGES, 도면은 PDF/DWG, 해석은 NASTRAN/ANSYS 출력, 문서화는 AS9100 호환 템플릿을 사용합니다.",
            "id": "sample_022_0016_000018",
            "annotations": []
        },
        {
            "sentence": "단위 및 좌표계: 모든 치수는 SI 단위(m, kg, s)를 기본으로 표기하고 필요시 인치(in) 병기, GPS는 WGS84 좌표계를 사용합니다.",
            "id": "sample_022_0016_000019",
            "annotations": []
        },
        {
            "sentence": "텔레메트리 요약 통계: 가속도 센서 평균 0.12 m/s2, 표준편차 0.45 m/s2, 피크 18.2 m/s2로 기록되었으며 원시파일은 20 kHz 샘플링을 포함합니다.",
            "id": "sample_022_0016_000020",
            "annotations": []
        },
        {
            "sentence": "고주파 데이터 처리 정책: 고주파(>10 kHz) 데이터는 원시(raw)와 요약(metrics)을 병행 보관하며 처리 파이프라인은 시간 동기화 절차를 따릅니다.",
            "id": "sample_022_0016_000021",
            "annotations": []
        },
        {
            "sentence": "비파괴검사 상세: NDT 결과는 초음파 A-scan 원시파일과 재현성 검토를 위한 스펙트럼 요약을 포함하며 관련 기준은 MIL-STD-2154를 참고합니다.",
            "id": "sample_022_0016_000022",
            "annotations": []
        },
        {
            "sentence": "제조 추적성: 제조공정의 lot 번호, 공정설비 ID, 작업자 체크리스트를 포함하여 제조이력 추적이 가능하도록 구성했습니다.",
            "id": "sample_022_0016_000023",
            "annotations": []
        },
        {
            "sentence": "내부 파일 경로 예시(접근제한): /srv/internal/designs/PJ-2025-009/assembly.step, 접근 로그와 권한관리는 별도 보안로그에 기록됩니다.",
            "id": "sample_022_0016_000024",
            "annotations": [
                {
                    "word": "/srv/internal/designs/PJ-2025-009/assembly.step",
                    "start": 19,
                    "end": 66,
                    "label": "기밀정보"
                }
            ]
        },
        {
            "sentence": "시험장비 네트워크: 시험장비는 내부망 10.0.5.12를 통해 데이터 수집을 수행하며 외부 접속은 VPN 및 암호화 터널을 사용합니다.",
            "id": "sample_022_0016_000025",
            "annotations": [
                {
                    "word": "10.0.5.12",
                    "start": 21,
                    "end": 30,
                    "label": "기밀정보"
                }
            ]
        },
        {
            "sentence": "변경이력 예시: 2025-03-12T11:05:00Z 변경 CR-1009 적용, 관련 도면과 해석 파일이 업데이트되었으며 모든 변경은 서명 및 타임스탬프로 기록됩니다.",
            "id": "sample_022_0016_000026",
            "annotations": []
        },
        {
            "sentence": "승인 로그: QA 승인자 배하울이 2025-03-13T16:20:00Z에 최종검토를 완료했으며 감사용 로그를 유지합니다.",
            "id": "sample_022_0016_000027",
            "annotations": [
                {
                    "word": "배하울",
                    "start": 14,
                    "end": 17,
                    "label": "개인정보"
                }
            ]
        },
        {
            "sentence": "공급자 인증 상태: SUP-ACME-045는 ISO 9001 및 공급자 인증서 CERT-ACME-2024-01을 보유하고 있으며 인증서 원본은 계약파일에 보관됩니다.",
            "id": "sample_022_0016_000028",
            "annotations": [
                {
                    "word": "CERT-ACME-2024-01",
                    "start": 44,
                    "end": 61,
                    "label": "기밀정보"
                }
            ]
        },
        {
            "sentence": "유지보수 항목 예: 2025-03-20 보수작업, 담당 기술자 김진아가 점검을 수행했으며 교체부품과 작업내역은 maintenance_record에 기재되었습니다.",
            "id": "sample_022_0016_000029",
            "annotations": [
                {
                    "word": "김진아",
                    "start": 35,
                    "end": 38,
                    "label": "개인정보"
                }
            ]
        },
        {
            "sentence": "결론 및 실행항목: 모든 민감기술은 ITAR/EAR 규정에 따라 접근제어 및 지역제한을 적용하고, 비밀정보는 암호화 및 권한관리 하에 저장합니다.",
            "id": "sample_022_0016_000030",
            "annotations": []
        }
    ]
}