{
    "document_id": "003_0011",
    "document_title": "원원식 계좌 이력 및 통합 신용평가서·투자보고서 (2025)",
    "data": [
        {
            "sentence": "문서 제목: 계좌 이력 및 신용평가서 겸 투자보고서.",
            "id": "sample_003_0011_000001",
            "annotations": []
        },
        {
            "sentence": "작성일: 2025년 12월 15일.",
            "id": "sample_003_0011_000002",
            "annotations": [
                {
                    "word": "2025년",
                    "start": 5,
                    "end": 10,
                    "label": "준식별자"
                },
                {
                    "word": "12월",
                    "start": 11,
                    "end": 14,
                    "label": "준식별자"
                },
                {
                    "word": "15일",
                    "start": 15,
                    "end": 18,
                    "label": "준식별자"
                }
            ]
        },
        {
            "sentence": "목적: 고객의 계좌 거래 내역 검증과 신용 리스크 분석 및 포트폴리오 성과 평가를 통합 보고한다.",
            "id": "sample_003_0011_000003",
            "annotations": []
        },
        {
            "sentence": "본 보고서는 계좌 이력, 신용 평가서, 그리고 투자 포트폴리오 보고서를 포함한다.",
            "id": "sample_003_0011_000004",
            "annotations": []
        },
        {
            "sentence": "계좌 소유자: 원원식.",
            "id": "sample_003_0011_000005",
            "annotations": [
                {
                    "word": "원원식",
                    "start": 8,
                    "end": 11,
                    "label": "개인정보"
                }
            ]
        },
        {
            "sentence": "주민등록번호: 850714-1000000.",
            "id": "sample_003_0011_000006",
            "annotations": [
                {
                    "word": "850714-1000000",
                    "start": 8,
                    "end": 22,
                    "label": "개인정보"
                }
            ]
        },
        {
            "sentence": "주소: 서울특별시 강남구 역삼동 123-45 (우편번호 06200).",
            "id": "sample_003_0011_000007",
            "annotations": [
                {
                    "word": "서울특별시 강남구 역삼동 123-45",
                    "start": 4,
                    "end": 24,
                    "label": "개인정보"
                },
                {
                    "word": "서울특별시",
                    "start": 4,
                    "end": 9,
                    "label": "준식별자"
                },
                {
                    "word": "강남구",
                    "start": 10,
                    "end": 13,
                    "label": "준식별자"
                },
                {
                    "word": "역삼동",
                    "start": 14,
                    "end": 17,
                    "label": "준식별자"
                }
            ]
        },
        {
            "sentence": "연락처: 휴대전화 010-9876-5432, 이메일 won.won@bankexample.com.",
            "id": "sample_003_0011_000008",
            "annotations": [
                {
                    "word": "010-9876-5432",
                    "start": 10,
                    "end": 23,
                    "label": "개인정보"
                },
                {
                    "word": "won.won@bankexample.com",
                    "start": 29,
                    "end": 52,
                    "label": "개인정보"
                }
            ]
        },
        {
            "sentence": "계좌번호: 123-456-78901234 (입출금통장, 내부 기밀).",
            "id": "sample_003_0011_000009",
            "annotations": [
                {
                    "word": "123-456-78901234",
                    "start": 6,
                    "end": 22,
                    "label": "기밀정보"
                }
            ]
        },
        {
            "sentence": "계좌 개설일: 2015년 06월 01일.",
            "id": "sample_003_0011_000010",
            "annotations": [
                {
                    "word": "2015년",
                    "start": 8,
                    "end": 13,
                    "label": "준식별자"
                },
                {
                    "word": "06월",
                    "start": 14,
                    "end": 17,
                    "label": "준식별자"
                },
                {
                    "word": "01일",
                    "start": 18,
                    "end": 21,
                    "label": "준식별자"
                }
            ]
        },
        {
            "sentence": "2025년 01월 시작 잔액: KRW 10,000,000.00.",
            "id": "sample_003_0011_000011",
            "annotations": [
                {
                    "word": "2025년",
                    "start": 0,
                    "end": 5,
                    "label": "준식별자"
                },
                {
                    "word": "01월",
                    "start": 6,
                    "end": 9,
                    "label": "준식별자"
                },
                {
                    "word": "KRW 10,000,000.00",
                    "start": 17,
                    "end": 34,
                    "label": "기밀정보"
                }
            ]
        },
        {
            "sentence": "입금(2025-01): KRW 5,000,000.00.",
            "id": "sample_003_0011_000012",
            "annotations": [
                {
                    "word": "KRW 5,000,000.00",
                    "start": 13,
                    "end": 29,
                    "label": "기밀정보"
                }
            ]
        },
        {
            "sentence": "출금(2025-01): KRW 2,500,000.00.",
            "id": "sample_003_0011_000013",
            "annotations": [
                {
                    "word": "KRW 2,500,000.00",
                    "start": 13,
                    "end": 29,
                    "label": "기밀정보"
                }
            ]
        },
        {
            "sentence": "2025년 01월 말 잔액: KRW 12,500,000.00.",
            "id": "sample_003_0011_000014",
            "annotations": [
                {
                    "word": "2025년",
                    "start": 0,
                    "end": 5,
                    "label": "준식별자"
                },
                {
                    "word": "01월",
                    "start": 6,
                    "end": 9,
                    "label": "준식별자"
                },
                {
                    "word": "KRW 12,500,000.00",
                    "start": 16,
                    "end": 33,
                    "label": "기밀정보"
                }
            ]
        },
        {
            "sentence": "2025년 02월 시작 잔액: KRW 12,500,000.00.",
            "id": "sample_003_0011_000015",
            "annotations": [
                {
                    "word": "2025년",
                    "start": 0,
                    "end": 5,
                    "label": "준식별자"
                },
                {
                    "word": "02월",
                    "start": 6,
                    "end": 9,
                    "label": "준식별자"
                },
                {
                    "word": "KRW 12,500,000.00",
                    "start": 17,
                    "end": 34,
                    "label": "기밀정보"
                }
            ]
        },
        {
            "sentence": "입금(2025-02): KRW 1,500,000.00, 출금(2025-02): KRW 1,000,000.00, 2025년 02월 말 잔액: KRW 13,000,000.00.",
            "id": "sample_003_0011_000016",
            "annotations": [
                {
                    "word": "KRW 1,500,000.00",
                    "start": 13,
                    "end": 29,
                    "label": "기밀정보"
                },
                {
                    "word": "KRW 1,000,000.00",
                    "start": 44,
                    "end": 60,
                    "label": "기밀정보"
                },
                {
                    "word": "2025년",
                    "start": 62,
                    "end": 67,
                    "label": "준식별자"
                },
                {
                    "word": "02월",
                    "start": 68,
                    "end": 71,
                    "label": "준식별자"
                },
                {
                    "word": "KRW 13,000,000.00",
                    "start": 78,
                    "end": 95,
                    "label": "기밀정보"
                }
            ]
        },
        {
            "sentence": "2025년 03월 시작 잔액: KRW 13,000,000.00, 입금: KRW 2,000,000.00, 출금: KRW 500,000.00, 말 잔액: KRW 14,500,000.00.",
            "id": "sample_003_0011_000017",
            "annotations": [
                {
                    "word": "2025년",
                    "start": 0,
                    "end": 5,
                    "label": "준식별자"
                },
                {
                    "word": "03월",
                    "start": 6,
                    "end": 9,
                    "label": "준식별자"
                },
                {
                    "word": "KRW 13,000,000.00",
                    "start": 17,
                    "end": 34,
                    "label": "기밀정보"
                },
                {
                    "word": "KRW 2,000,000.00",
                    "start": 40,
                    "end": 56,
                    "label": "기밀정보"
                },
                {
                    "word": "KRW 500,000.00",
                    "start": 62,
                    "end": 76,
                    "label": "기밀정보"
                },
                {
                    "word": "KRW 14,500,000.00",
                    "start": 84,
                    "end": 101,
                    "label": "기밀정보"
                }
            ]
        },
        {
            "sentence": "2025년 04월 시작 잔액: KRW 14,500,000.00, 입금: KRW 0.00, 출금: KRW 4,500,000.00, 말 잔액: KRW 10,000,000.00.",
            "id": "sample_003_0011_000018",
            "annotations": [
                {
                    "word": "2025년",
                    "start": 0,
                    "end": 5,
                    "label": "준식별자"
                },
                {
                    "word": "04월",
                    "start": 6,
                    "end": 9,
                    "label": "준식별자"
                },
                {
                    "word": "KRW 14,500,000.00",
                    "start": 17,
                    "end": 34,
                    "label": "기밀정보"
                },
                {
                    "word": "KRW 0.00",
                    "start": 40,
                    "end": 48,
                    "label": "기밀정보"
                },
                {
                    "word": "KRW 4,500,000.00",
                    "start": 54,
                    "end": 70,
                    "label": "기밀정보"
                },
                {
                    "word": "KRW 10,000,000.00",
                    "start": 78,
                    "end": 95,
                    "label": "기밀정보"
                }
            ]
        },
        {
            "sentence": "2025년 05월 시작 잔액: KRW 10,000,000.00, 입금: KRW 5,000,000.00, 출금: KRW 1,000,000.00, 말 잔액: KRW 14,000,000.00.",
            "id": "sample_003_0011_000019",
            "annotations": [
                {
                    "word": "2025년",
                    "start": 0,
                    "end": 5,
                    "label": "준식별자"
                },
                {
                    "word": "05월",
                    "start": 6,
                    "end": 9,
                    "label": "준식별자"
                },
                {
                    "word": "KRW 10,000,000.00",
                    "start": 17,
                    "end": 34,
                    "label": "기밀정보"
                },
                {
                    "word": "KRW 5,000,000.00",
                    "start": 40,
                    "end": 56,
                    "label": "기밀정보"
                },
                {
                    "word": "KRW 1,000,000.00",
                    "start": 62,
                    "end": 78,
                    "label": "기밀정보"
                },
                {
                    "word": "KRW 14,000,000.00",
                    "start": 86,
                    "end": 103,
                    "label": "기밀정보"
                }
            ]
        },
        {
            "sentence": "2025년 06월 시작 잔액: KRW 14,000,000.00, 입금: KRW 1,000,000.00, 출금: KRW 500,000.00, 말 잔액: KRW 14,500,000.00.",
            "id": "sample_003_0011_000020",
            "annotations": [
                {
                    "word": "2025년",
                    "start": 0,
                    "end": 5,
                    "label": "준식별자"
                },
                {
                    "word": "06월",
                    "start": 6,
                    "end": 9,
                    "label": "준식별자"
                },
                {
                    "word": "KRW 14,000,000.00",
                    "start": 17,
                    "end": 34,
                    "label": "기밀정보"
                },
                {
                    "word": "KRW 1,000,000.00",
                    "start": 40,
                    "end": 56,
                    "label": "기밀정보"
                },
                {
                    "word": "KRW 500,000.00",
                    "start": 62,
                    "end": 76,
                    "label": "기밀정보"
                },
                {
                    "word": "KRW 14,500,000.00",
                    "start": 84,
                    "end": 101,
                    "label": "기밀정보"
                }
            ]
        },
        {
            "sentence": "신용평가 요약: 내부 신용점수 820, 신용한도 KRW 50,000,000.00, 평균 이자율(연) 3.25%.",
            "id": "sample_003_0011_000021",
            "annotations": [
                {
                    "word": "820",
                    "start": 17,
                    "end": 20,
                    "label": "기밀정보"
                },
                {
                    "word": "KRW 50,000,000.00",
                    "start": 27,
                    "end": 44,
                    "label": "기밀정보"
                },
                {
                    "word": "3.25%",
                    "start": 56,
                    "end": 61,
                    "label": "기밀정보"
                }
            ]
        },
        {
            "sentence": "담보대출(현): 대출계좌번호 987-654-32109876, 잔액 USD 150,000.00, KRW 환산 약 KRW 220,500,000.00.",
            "id": "sample_003_0011_000022",
            "annotations": [
                {
                    "word": "987-654-32109876",
                    "start": 16,
                    "end": 32,
                    "label": "기밀정보"
                },
                {
                    "word": "USD 150,000.00",
                    "start": 37,
                    "end": 51,
                    "label": "기밀정보"
                },
                {
                    "word": "KRW 220,500,000.00",
                    "start": 62,
                    "end": 80,
                    "label": "기밀정보"
                }
            ]
        },
        {
            "sentence": "담당 심사역: 문현섭, 내부 승인일: 2025년 12월 10일.",
            "id": "sample_003_0011_000023",
            "annotations": [
                {
                    "word": "문현섭",
                    "start": 8,
                    "end": 11,
                    "label": "개인정보"
                },
                {
                    "word": "2025년",
                    "start": 21,
                    "end": 26,
                    "label": "준식별자"
                },
                {
                    "word": "12월",
                    "start": 27,
                    "end": 30,
                    "label": "준식별자"
                },
                {
                    "word": "10일",
                    "start": 31,
                    "end": 34,
                    "label": "준식별자"
                }
            ]
        },
        {
            "sentence": "포트폴리오 개요: 주식 KRW 8,000,000.00 (55.17%), 채권 KRW 4,000,000.00 (27.59%), 현금 KRW 2,500,000.00 (17.22%), 대체투자 USD 20,000.00 (환산 KRW 29,400,000.00).",
            "id": "sample_003_0011_000024",
            "annotations": [
                {
                    "word": "KRW 8,000,000.00",
                    "start": 13,
                    "end": 29,
                    "label": "기밀정보"
                },
                {
                    "word": "KRW 4,000,000.00",
                    "start": 43,
                    "end": 59,
                    "label": "기밀정보"
                },
                {
                    "word": "KRW 2,500,000.00",
                    "start": 73,
                    "end": 89,
                    "label": "기밀정보"
                },
                {
                    "word": "USD 20,000.00",
                    "start": 105,
                    "end": 118,
                    "label": "기밀정보"
                },
                {
                    "word": "KRW 29,400,000.00",
                    "start": 123,
                    "end": 140,
                    "label": "기밀정보"
                }
            ]
        },
        {
            "sentence": "포트폴리오 총액(원화 기준): KRW 43,900,000.00.",
            "id": "sample_003_0011_000025",
            "annotations": [
                {
                    "word": "KRW 43,900,000.00",
                    "start": 17,
                    "end": 34,
                    "label": "기밀정보"
                }
            ]
        },
        {
            "sentence": "1년 수익률(실현+비실현): 6.45% (절대수익 기준), 변동성 표준편차 8.20%.",
            "id": "sample_003_0011_000026",
            "annotations": []
        },
        {
            "sentence": "리스크 코멘트: 채권 비중 확대 권고, 환율 변동 시 USD 자산의 가치 변동에 유의.",
            "id": "sample_003_0011_000027",
            "annotations": []
        },
        {
            "sentence": "추천 실행 항목: 1) 채권 비중을 35%로 확대, 2) 현금 비중 10%로 유지, 3) 환헤지 부분적 적용.",
            "id": "sample_003_0011_000028",
            "annotations": []
        },
        {
            "sentence": "담당 매니저 서명: 오우빈.",
            "id": "sample_003_0011_000029",
            "annotations": [
                {
                    "word": "오우빈",
                    "start": 11,
                    "end": 14,
                    "label": "개인정보"
                }
            ]
        },
        {
            "sentence": "문서 열람 권한은 내부 감사팀과 담당자 문현섭, 오우빈으로 제한하며 외부 유출 시 즉시 보고한다.",
            "id": "sample_003_0011_000030",
            "annotations": [
                {
                    "word": "문현섭",
                    "start": 22,
                    "end": 25,
                    "label": "개인정보"
                },
                {
                    "word": "오우빈",
                    "start": 27,
                    "end": 30,
                    "label": "개인정보"
                }
            ]
        }
    ]
}