{
    "document_id": "003_0098",
    "document_title": "2025년 4분기 개인자산 운용 및 신용평가 보고서",
    "data": [
        {
            "sentence": "본 보고서는 개인 고객의 자산 운용 현황과 신용평가 결과를 종합적으로 정리한 2025년 4분기 제출 문서입니다.",
            "id": "sample_003_0098_000001",
            "annotations": []
        },
        {
            "sentence": "작성자: 양찬용, 작성일: 2025-12-01.",
            "id": "sample_003_0098_000002",
            "annotations": [
                {
                    "word": "양찬용",
                    "start": 5,
                    "end": 8,
                    "label": "개인정보"
                },
                {
                    "word": "2025",
                    "start": 15,
                    "end": 19,
                    "label": "준식별자"
                },
                {
                    "word": "12",
                    "start": 20,
                    "end": 22,
                    "label": "준식별자"
                },
                {
                    "word": "01",
                    "start": 23,
                    "end": 25,
                    "label": "준식별자"
                }
            ]
        },
        {
            "sentence": "고객명: 차박, 주민등록번호: 850101-1234567, 성별: 남, 생년월일: 1985년 01월 01일.",
            "id": "sample_003_0098_000003",
            "annotations": [
                {
                    "word": "차박",
                    "start": 5,
                    "end": 7,
                    "label": "개인정보"
                },
                {
                    "word": "850101-1234567",
                    "start": 17,
                    "end": 31,
                    "label": "개인정보"
                },
                {
                    "word": "남",
                    "start": 37,
                    "end": 38,
                    "label": "준식별자"
                },
                {
                    "word": "1985",
                    "start": 46,
                    "end": 50,
                    "label": "준식별자"
                },
                {
                    "word": "01",
                    "start": 19,
                    "end": 21,
                    "label": "준식별자"
                },
                {
                    "word": "01",
                    "start": 21,
                    "end": 23,
                    "label": "준식별자"
                },
                {
                    "word": "01",
                    "start": 52,
                    "end": 54,
                    "label": "준식별자"
                },
                {
                    "word": "01",
                    "start": 56,
                    "end": 58,
                    "label": "준식별자"
                }
            ]
        },
        {
            "sentence": "연락처: 010-9123-4567, 이메일: chabak.client@example.com.",
            "id": "sample_003_0098_000004",
            "annotations": [
                {
                    "word": "010-9123-4567",
                    "start": 5,
                    "end": 18,
                    "label": "개인정보"
                },
                {
                    "word": "chabak.client@example.com",
                    "start": 25,
                    "end": 50,
                    "label": "개인정보"
                }
            ]
        },
        {
            "sentence": "주소: 서울특별시 강남구 역삼동 824-3, 직장: 한국자산운용(주).",
            "id": "sample_003_0098_000005",
            "annotations": [
                {
                    "word": "서울특별시",
                    "start": 4,
                    "end": 9,
                    "label": "준식별자"
                },
                {
                    "word": "강남구",
                    "start": 10,
                    "end": 13,
                    "label": "준식별자"
                },
                {
                    "word": "역삼동",
                    "start": 14,
                    "end": 17,
                    "label": "준식별자"
                },
                {
                    "word": "한국자산운용(주)",
                    "start": 29,
                    "end": 38,
                    "label": "준식별자"
                }
            ]
        },
        {
            "sentence": "계좌 정보 요약: 계좌번호 110-123456-789, 은행명: 우리은행, 계좌유형: 당좌예금, 통화: KRW.",
            "id": "sample_003_0098_000006",
            "annotations": [
                {
                    "word": "110-123456-789",
                    "start": 15,
                    "end": 29,
                    "label": "기밀정보"
                }
            ]
        },
        {
            "sentence": "2025-10-01 입금 5,000,000.00 KRW, 출처: 급여이체.",
            "id": "sample_003_0098_000007",
            "annotations": [
                {
                    "word": "2025",
                    "start": 0,
                    "end": 4,
                    "label": "준식별자"
                },
                {
                    "word": "10",
                    "start": 5,
                    "end": 7,
                    "label": "준식별자"
                },
                {
                    "word": "01",
                    "start": 8,
                    "end": 10,
                    "label": "준식별자"
                }
            ]
        },
        {
            "sentence": "2025-10-15 주식매수 -1,200,000.00 KRW, 종목: KOSPI200 ETF.",
            "id": "sample_003_0098_000008",
            "annotations": [
                {
                    "word": "2025",
                    "start": 0,
                    "end": 4,
                    "label": "준식별자"
                },
                {
                    "word": "10",
                    "start": 5,
                    "end": 7,
                    "label": "준식별자"
                },
                {
                    "word": "15",
                    "start": 8,
                    "end": 10,
                    "label": "준식별자"
                }
            ]
        },
        {
            "sentence": "2025-10-15 거래수수료 -1,200.00 KRW, 수수료율 산출 근거별도 표기.",
            "id": "sample_003_0098_000009",
            "annotations": [
                {
                    "word": "2025",
                    "start": 0,
                    "end": 4,
                    "label": "준식별자"
                },
                {
                    "word": "10",
                    "start": 5,
                    "end": 7,
                    "label": "준식별자"
                },
                {
                    "word": "15",
                    "start": 8,
                    "end": 10,
                    "label": "준식별자"
                }
            ]
        },
        {
            "sentence": "2025-11-05 채권매수 -2,500,000.00 KRW, 상품명: 국채 3년물.",
            "id": "sample_003_0098_000010",
            "annotations": [
                {
                    "word": "2025",
                    "start": 0,
                    "end": 4,
                    "label": "준식별자"
                },
                {
                    "word": "11",
                    "start": 5,
                    "end": 7,
                    "label": "준식별자"
                },
                {
                    "word": "05",
                    "start": 8,
                    "end": 10,
                    "label": "준식별자"
                }
            ]
        },
        {
            "sentence": "2025-11-05 거래수수료 -2,500.00 KRW, 수수료는 매입가 별도 차감 처리.",
            "id": "sample_003_0098_000011",
            "annotations": [
                {
                    "word": "2025",
                    "start": 0,
                    "end": 4,
                    "label": "준식별자"
                },
                {
                    "word": "11",
                    "start": 5,
                    "end": 7,
                    "label": "준식별자"
                },
                {
                    "word": "05",
                    "start": 8,
                    "end": 10,
                    "label": "준식별자"
                }
            ]
        },
        {
            "sentence": "2025-11-20 배당지급 150,000.00 KRW, 원천징수 -15,000.00 KRW, 실수령 135,000.00 KRW.",
            "id": "sample_003_0098_000012",
            "annotations": [
                {
                    "word": "2025",
                    "start": 0,
                    "end": 4,
                    "label": "준식별자"
                },
                {
                    "word": "11",
                    "start": 5,
                    "end": 7,
                    "label": "준식별자"
                },
                {
                    "word": "20",
                    "start": 0,
                    "end": 2,
                    "label": "준식별자"
                },
                {
                    "word": "20",
                    "start": 8,
                    "end": 10,
                    "label": "준식별자"
                }
            ]
        },
        {
            "sentence": "회계 반영 결과: 기초잔액 3,000,000.00 KRW에서 모든 거래 반영 후 최종잔액 4,431,300.00 KRW로 확인됩니다.",
            "id": "sample_003_0098_000013",
            "annotations": []
        },
        {
            "sentence": "포트폴리오 구성(비중): 주식 40.00%, 채권 35.00%, 현금성자산 15.00%, 대체투자 10.00%.",
            "id": "sample_003_0098_000014",
            "annotations": []
        },
        {
            "sentence": "보유자산 평가액(시장가): 주식 1,772,520.00 KRW, 채권 1,550,955.00 KRW, 현금성 664,695.00 KRW, 대체투자 443,130.00 KRW.",
            "id": "sample_003_0098_000015",
            "annotations": []
        },
        {
            "sentence": "신용평가 요약: 최근 12개월 신용거래 이력상 결제불이행 없음, 신용등급 A0, 내재 리스크 지표 0.35%.",
            "id": "sample_003_0098_000016",
            "annotations": []
        },
        {
            "sentence": "신용한도 및 권고: 현재 신용한도 50,000,000.00 KRW이며 권고 차입비율은 30.00% 이하 유지 권고.",
            "id": "sample_003_0098_000017",
            "annotations": []
        },
        {
            "sentence": "투자전략 권고: 단기 유동성 확보를 위해 현금성자산을 20.00%까지 확대 권고합니다.",
            "id": "sample_003_0098_000018",
            "annotations": []
        },
        {
            "sentence": "리밸런싱 제안: 주식 비중을 35.00%로 축소하고 채권 비중을 40.00%로 확대하는 것을 권장합니다.",
            "id": "sample_003_0098_000019",
            "annotations": []
        },
        {
            "sentence": "세무 및 수수료 최적화 관점에서 배당 과세와 거래수수료를 고려하여 연간 거래횟수는 24회 이하로 제한 권고합니다.",
            "id": "sample_003_0098_000020",
            "annotations": []
        },
        {
            "sentence": "내부 승인: 자산운용팀 담당자: 박하경, 승인일자: 2025-12-02.",
            "id": "sample_003_0098_000021",
            "annotations": [
                {
                    "word": "박하경",
                    "start": 18,
                    "end": 21,
                    "label": "개인정보"
                },
                {
                    "word": "2025",
                    "start": 29,
                    "end": 33,
                    "label": "준식별자"
                },
                {
                    "word": "12",
                    "start": 34,
                    "end": 36,
                    "label": "준식별자"
                },
                {
                    "word": "02",
                    "start": 30,
                    "end": 32,
                    "label": "준식별자"
                },
                {
                    "word": "02",
                    "start": 37,
                    "end": 39,
                    "label": "준식별자"
                }
            ]
        },
        {
            "sentence": "담당 매니저 및 연락처: 이연택, 내부연락: 02-3789-1122, 이메일: lee.manager@assetco.kr.",
            "id": "sample_003_0098_000022",
            "annotations": [
                {
                    "word": "이연택",
                    "start": 14,
                    "end": 17,
                    "label": "개인정보"
                },
                {
                    "word": "02-3789-1122",
                    "start": 25,
                    "end": 37,
                    "label": "개인정보"
                },
                {
                    "word": "lee.manager@assetco.kr",
                    "start": 44,
                    "end": 66,
                    "label": "개인정보"
                }
            ]
        },
        {
            "sentence": "비고: 보고서 투명성 확보를 위해 원장 기록은 내부 시스템에 보관되며 외부 공유는 제한됩니다.",
            "id": "sample_003_0098_000023",
            "annotations": []
        },
        {
            "sentence": "기밀항목 안내: 고객 계좌번호 및 내부 결재선, 투자전략의 세부 수치는 외부 공개 불가 항목으로 지정되어 있습니다.",
            "id": "sample_003_0098_000024",
            "annotations": []
        },
        {
            "sentence": "요약 결론: 총자산 4,431,300.00 KRW, 권고 포트폴리오 반영 시 예상 12개월 목표 수익률 4.20%.",
            "id": "sample_003_0098_000025",
            "annotations": []
        },
        {
            "sentence": "추가 조치: 고객 확약서 서명, 신분증 확인 및 KYC 업데이트 필요.",
            "id": "sample_003_0098_000026",
            "annotations": []
        },
        {
            "sentence": "첨부: 계좌거래원장(2025-10-01~2025-11-30), 상세거래내역, 세금영수증 사본 포함.",
            "id": "sample_003_0098_000027",
            "annotations": [
                {
                    "word": "2025",
                    "start": 11,
                    "end": 15,
                    "label": "준식별자"
                },
                {
                    "word": "2025",
                    "start": 22,
                    "end": 26,
                    "label": "준식별자"
                },
                {
                    "word": "10",
                    "start": 16,
                    "end": 18,
                    "label": "준식별자"
                },
                {
                    "word": "01",
                    "start": 19,
                    "end": 21,
                    "label": "준식별자"
                },
                {
                    "word": "11",
                    "start": 27,
                    "end": 29,
                    "label": "준식별자"
                },
                {
                    "word": "30",
                    "start": 30,
                    "end": 32,
                    "label": "준식별자"
                }
            ]
        },
        {
            "sentence": "보고서 배포 대상: 문가비, 전경원, 양보석 및 내부 담당자 2인.",
            "id": "sample_003_0098_000028",
            "annotations": [
                {
                    "word": "문가비",
                    "start": 11,
                    "end": 14,
                    "label": "개인정보"
                },
                {
                    "word": "전경원",
                    "start": 16,
                    "end": 19,
                    "label": "개인정보"
                },
                {
                    "word": "양보석",
                    "start": 21,
                    "end": 24,
                    "label": "개인정보"
                }
            ]
        }
    ]
}