{
    "document_id": "003_0064",
    "document_title": "월간 투자·계좌 이력 및 신용평가 보고서",
    "data": [
        {
            "sentence": "문서 개요: 본 보고서는 개인 투자자 계좌의 월간 계좌 이력 및 투자 성과를 정리한 신용·투자 보고서입니다. 계좌명: 문규태, 계좌번호: 904-01-234567-89, 계좌종류: 개인종합자산관리계좌.",
            "id": "sample_003_0064_000001",
            "annotations": [
                {
                    "word": "문규태",
                    "start": 66,
                    "end": 69,
                    "label": "개인정보"
                },
                {
                    "word": "904-01-234567-89",
                    "start": 77,
                    "end": 93,
                    "label": "기밀정보"
                }
            ]
        },
        {
            "sentence": "고객 식별 정보: 주민등록번호 850624-1234567, 생년월일 1985-06-24, 성별 남성, 직업 한국자산운용(주) 재무분석가.",
            "id": "sample_003_0064_000002",
            "annotations": [
                {
                    "word": "850624-1234567",
                    "start": 17,
                    "end": 31,
                    "label": "개인정보"
                },
                {
                    "word": "1985",
                    "start": 38,
                    "end": 42,
                    "label": "준식별자"
                },
                {
                    "word": "06",
                    "start": 19,
                    "end": 21,
                    "label": "준식별자"
                },
                {
                    "word": "06",
                    "start": 43,
                    "end": 45,
                    "label": "준식별자"
                },
                {
                    "word": "24",
                    "start": 21,
                    "end": 23,
                    "label": "준식별자"
                },
                {
                    "word": "24",
                    "start": 46,
                    "end": 48,
                    "label": "준식별자"
                },
                {
                    "word": "남성",
                    "start": 53,
                    "end": 55,
                    "label": "준식별자"
                },
                {
                    "word": "한국자산운용(주)",
                    "start": 60,
                    "end": 69,
                    "label": "준식별자"
                }
            ]
        },
        {
            "sentence": "거주지: 서울특별시 중구 남대문로1가에 등재된 주소를 기준으로 KYC가 완료되어 있습니다.",
            "id": "sample_003_0064_000003",
            "annotations": [
                {
                    "word": "서울특별시",
                    "start": 5,
                    "end": 10,
                    "label": "준식별자"
                },
                {
                    "word": "중구",
                    "start": 11,
                    "end": 13,
                    "label": "준식별자"
                },
                {
                    "word": "남대문로1가",
                    "start": 14,
                    "end": 20,
                    "label": "준식별자"
                }
            ]
        },
        {
            "sentence": "연락처: 휴대전화 010-1234-5678, 전자우편 mktae@example.com; 긴급연락처 없음.",
            "id": "sample_003_0064_000004",
            "annotations": [
                {
                    "word": "010-1234-5678",
                    "start": 10,
                    "end": 23,
                    "label": "개인정보"
                },
                {
                    "word": "mktae@example.com",
                    "start": 30,
                    "end": 47,
                    "label": "개인정보"
                }
            ]
        },
        {
            "sentence": "계좌 개설일은 2024-01-02이며, 개설 당시 최초 입금액은 KRW 10,000,000.00으로 등록되었습니다.",
            "id": "sample_003_0064_000005",
            "annotations": [
                {
                    "word": "2024",
                    "start": 8,
                    "end": 12,
                    "label": "준식별자"
                },
                {
                    "word": "01",
                    "start": 13,
                    "end": 15,
                    "label": "준식별자"
                },
                {
                    "word": "02",
                    "start": 9,
                    "end": 11,
                    "label": "준식별자"
                },
                {
                    "word": "02",
                    "start": 16,
                    "end": 18,
                    "label": "준식별자"
                },
                {
                    "word": "KRW 10,000,000.00",
                    "start": 36,
                    "end": 53,
                    "label": "기밀정보"
                }
            ]
        },
        {
            "sentence": "거래 내역(요약) - 2024-01-15 입금: KRW 2,500,000.00(급여 이체), 잔액: KRW 12,500,000.00.",
            "id": "sample_003_0064_000006",
            "annotations": [
                {
                    "word": "2024",
                    "start": 12,
                    "end": 16,
                    "label": "준식별자"
                },
                {
                    "word": "01",
                    "start": 17,
                    "end": 19,
                    "label": "준식별자"
                },
                {
                    "word": "15",
                    "start": 20,
                    "end": 22,
                    "label": "준식별자"
                },
                {
                    "word": "KRW 2,500,000.00",
                    "start": 27,
                    "end": 43,
                    "label": "기밀정보"
                },
                {
                    "word": "KRW 12,500,000.00",
                    "start": 56,
                    "end": 73,
                    "label": "기밀정보"
                }
            ]
        },
        {
            "sentence": "2024-02-03 출금: KRW 1,200,000.00(생활비 자동이체), 잔액: KRW 11,300,000.00.",
            "id": "sample_003_0064_000007",
            "annotations": [
                {
                    "word": "2024",
                    "start": 0,
                    "end": 4,
                    "label": "준식별자"
                },
                {
                    "word": "02",
                    "start": 1,
                    "end": 3,
                    "label": "준식별자"
                },
                {
                    "word": "02",
                    "start": 5,
                    "end": 7,
                    "label": "준식별자"
                },
                {
                    "word": "03",
                    "start": 8,
                    "end": 10,
                    "label": "준식별자"
                },
                {
                    "word": "KRW 1,200,000.00",
                    "start": 15,
                    "end": 31,
                    "label": "기밀정보"
                },
                {
                    "word": "KRW 11,300,000.00",
                    "start": 47,
                    "end": 64,
                    "label": "기밀정보"
                }
            ]
        },
        {
            "sentence": "2024-03-10 주식 매수: KRW 5,000,000.00(국내 대형주), 잔액: KRW 6,300,000.00.",
            "id": "sample_003_0064_000008",
            "annotations": [
                {
                    "word": "2024",
                    "start": 0,
                    "end": 4,
                    "label": "준식별자"
                },
                {
                    "word": "03",
                    "start": 5,
                    "end": 7,
                    "label": "준식별자"
                },
                {
                    "word": "10",
                    "start": 8,
                    "end": 10,
                    "label": "준식별자"
                },
                {
                    "word": "KRW 5,000,000.00",
                    "start": 18,
                    "end": 34,
                    "label": "기밀정보"
                },
                {
                    "word": "KRW 6,300,000.00",
                    "start": 48,
                    "end": 64,
                    "label": "기밀정보"
                }
            ]
        },
        {
            "sentence": "2024-03-15 배당입금: KRW 50,000.00, 잔액: KRW 6,350,000.00.",
            "id": "sample_003_0064_000009",
            "annotations": [
                {
                    "word": "2024",
                    "start": 0,
                    "end": 4,
                    "label": "준식별자"
                },
                {
                    "word": "03",
                    "start": 5,
                    "end": 7,
                    "label": "준식별자"
                },
                {
                    "word": "15",
                    "start": 8,
                    "end": 10,
                    "label": "준식별자"
                },
                {
                    "word": "KRW 50,000.00",
                    "start": 17,
                    "end": 30,
                    "label": "기밀정보"
                },
                {
                    "word": "KRW 6,350,000.00",
                    "start": 36,
                    "end": 52,
                    "label": "기밀정보"
                }
            ]
        },
        {
            "sentence": "2024-04-01 서비스 수수료 차감: KRW 15,000.00, 잔액: KRW 6,335,000.00.",
            "id": "sample_003_0064_000010",
            "annotations": [
                {
                    "word": "2024",
                    "start": 0,
                    "end": 4,
                    "label": "준식별자"
                },
                {
                    "word": "04",
                    "start": 5,
                    "end": 7,
                    "label": "준식별자"
                },
                {
                    "word": "01",
                    "start": 8,
                    "end": 10,
                    "label": "준식별자"
                },
                {
                    "word": "KRW 15,000.00",
                    "start": 23,
                    "end": 36,
                    "label": "기밀정보"
                },
                {
                    "word": "KRW 6,335,000.00",
                    "start": 42,
                    "end": 58,
                    "label": "기밀정보"
                }
            ]
        },
        {
            "sentence": "2024-04-20 이자지급: KRW 6,700.00, 최종 계좌 잔액: KRW 6,341,700.00.",
            "id": "sample_003_0064_000011",
            "annotations": [
                {
                    "word": "2024",
                    "start": 0,
                    "end": 4,
                    "label": "준식별자"
                },
                {
                    "word": "04",
                    "start": 5,
                    "end": 7,
                    "label": "준식별자"
                },
                {
                    "word": "20",
                    "start": 0,
                    "end": 2,
                    "label": "준식별자"
                },
                {
                    "word": "20",
                    "start": 8,
                    "end": 10,
                    "label": "준식별자"
                },
                {
                    "word": "KRW 6,700.00",
                    "start": 17,
                    "end": 29,
                    "label": "기밀정보"
                },
                {
                    "word": "KRW 6,341,700.00",
                    "start": 41,
                    "end": 57,
                    "label": "기밀정보"
                }
            ]
        },
        {
            "sentence": "상기 거래를 반영한 계좌 실질 잔액은 KRW 6,341,700.00이며, 계산은 최초입금 및 각 거래 내역을 합산하여 산출하였습니다.",
            "id": "sample_003_0064_000012",
            "annotations": [
                {
                    "word": "KRW 6,341,700.00",
                    "start": 21,
                    "end": 37,
                    "label": "기밀정보"
                }
            ]
        },
        {
            "sentence": "펀드 보유현황: ABC 코리아성장형 펀드 12,345.67 주, 기준가(KRW) 97.21, 평가금액 KRW 1,200,000.00.",
            "id": "sample_003_0064_000013",
            "annotations": [
                {
                    "word": "KRW 1,200,000.00",
                    "start": 57,
                    "end": 73,
                    "label": "기밀정보"
                }
            ]
        },
        {
            "sentence": "외화 보유: USD 5,000.00 보유, 환율 1,240.00 KRW/USD 적용 시 원화환산액은 KRW 6,200,000.00입니다.",
            "id": "sample_003_0064_000014",
            "annotations": [
                {
                    "word": "USD 5,000.00",
                    "start": 7,
                    "end": 19,
                    "label": "기밀정보"
                },
                {
                    "word": "KRW 6,200,000.00",
                    "start": 56,
                    "end": 72,
                    "label": "기밀정보"
                }
            ]
        },
        {
            "sentence": "신용평가 요약: 신용점수 820, 신용한도 KRW 30,000,000.00, 현재 사용액 KRW 5,000,000.00(론 잔액 포함).",
            "id": "sample_003_0064_000015",
            "annotations": [
                {
                    "word": "820",
                    "start": 14,
                    "end": 17,
                    "label": "기밀정보"
                },
                {
                    "word": "KRW 30,000,000.00",
                    "start": 24,
                    "end": 41,
                    "label": "기밀정보"
                },
                {
                    "word": "KRW 5,000,000.00",
                    "start": 50,
                    "end": 66,
                    "label": "기밀정보"
                }
            ]
        },
        {
            "sentence": "대출 및 담보: 개인 신용대출 잔액 KRW 5,000,000.00, 담보 없음.",
            "id": "sample_003_0064_000016",
            "annotations": [
                {
                    "word": "KRW 5,000,000.00",
                    "start": 20,
                    "end": 36,
                    "label": "기밀정보"
                }
            ]
        },
        {
            "sentence": "세부 자산배분(은행 내외 통합): 현금 KRW 6,341,700.00, 주식 KRW 3,000,000.00, 채권·펀드 KRW 2,658,300.00, 총포트폴리오 KRW 12,000,000.00.",
            "id": "sample_003_0064_000017",
            "annotations": [
                {
                    "word": "KRW 6,341,700.00",
                    "start": 22,
                    "end": 38,
                    "label": "기밀정보"
                },
                {
                    "word": "KRW 3,000,000.00",
                    "start": 43,
                    "end": 59,
                    "label": "기밀정보"
                },
                {
                    "word": "KRW 2,658,300.00",
                    "start": 67,
                    "end": 83,
                    "label": "기밀정보"
                },
                {
                    "word": "KRW 12,000,000.00",
                    "start": 92,
                    "end": 109,
                    "label": "기밀정보"
                }
            ]
        },
        {
            "sentence": "자산배분 비중: 현금 52.85%, 주식 25.00%, 채권·펀드 22.15%로 계산되어 있으며 합계는 100.00%입니다.",
            "id": "sample_003_0064_000018",
            "annotations": []
        },
        {
            "sentence": "성과 지표: 연초대비 수익률(YTD) +3.45%, 연환산 변동성 8.20%로 리스크는 보통 수준입니다.",
            "id": "sample_003_0064_000019",
            "annotations": []
        },
        {
            "sentence": "리밸런싱 권고: 권장 비중은 주식 30%, 채권 40%, 현금 30%이며, 권고 실행 시 추가 매수금액 목표는 KRW 360,000.00입니다.",
            "id": "sample_003_0064_000020",
            "annotations": [
                {
                    "word": "KRW 360,000.00",
                    "start": 62,
                    "end": 76,
                    "label": "기밀정보"
                }
            ]
        },
        {
            "sentence": "권고 실행 일정 및 기한: 권고 마감일 2024-07-01까지이며, 실행 계획은 다음 리뷰에서 재검토합니다.",
            "id": "sample_003_0064_000021",
            "annotations": [
                {
                    "word": "2024",
                    "start": 22,
                    "end": 26,
                    "label": "준식별자"
                },
                {
                    "word": "07",
                    "start": 27,
                    "end": 29,
                    "label": "준식별자"
                },
                {
                    "word": "01",
                    "start": 30,
                    "end": 32,
                    "label": "준식별자"
                }
            ]
        },
        {
            "sentence": "보고서 생성일: 2024-04-30, 보고서 작성자: 방태성, 문의처 담당자: 유여름(내부 승인자).",
            "id": "sample_003_0064_000022",
            "annotations": [
                {
                    "word": "2024",
                    "start": 9,
                    "end": 13,
                    "label": "준식별자"
                },
                {
                    "word": "04",
                    "start": 14,
                    "end": 16,
                    "label": "준식별자"
                },
                {
                    "word": "30",
                    "start": 17,
                    "end": 19,
                    "label": "준식별자"
                },
                {
                    "word": "방태성",
                    "start": 30,
                    "end": 33,
                    "label": "기밀정보"
                },
                {
                    "word": "유여름",
                    "start": 44,
                    "end": 47,
                    "label": "기밀정보"
                }
            ]
        },
        {
            "sentence": "내부 승인: 담당자 유여름이 2024-04-25에 승인 처리하였으며 관련 결재선 문서는 내부 보관 중입니다.",
            "id": "sample_003_0064_000023",
            "annotations": [
                {
                    "word": "유여름",
                    "start": 11,
                    "end": 14,
                    "label": "기밀정보"
                },
                {
                    "word": "2024",
                    "start": 16,
                    "end": 20,
                    "label": "준식별자"
                },
                {
                    "word": "04",
                    "start": 21,
                    "end": 23,
                    "label": "준식별자"
                },
                {
                    "word": "25",
                    "start": 24,
                    "end": 26,
                    "label": "준식별자"
                }
            ]
        },
        {
            "sentence": "규정 및 준수: 본 문서는 KYC 및 내부 보안정책에 따라 관리되며 외부 유출 시 기밀 정보로 취급됩니다.",
            "id": "sample_003_0064_000024",
            "annotations": []
        },
        {
            "sentence": "후속 조치: 고객은 14일 이내에 리밸런싱 동의 여부 회신 요청되며, 회신 미도달 시 현 상태 유지로 처리됩니다.",
            "id": "sample_003_0064_000025",
            "annotations": []
        }
    ]
}