{
    "document_id": "003_0072",
    "document_title": "계좌 운용 및 투자 보고서(자산 운용·거래 내역)",
    "data": [
        {
            "sentence": "본 문서는 신서훈 고객의 계좌 운용 및 투자 보고서로, 계좌 이력과 신용 평가 및 포트폴리오 현황을 포함합니다.",
            "id": "sample_003_0072_000001",
            "annotations": [
                {
                    "word": "신서훈",
                    "start": 6,
                    "end": 9,
                    "label": "개인정보"
                }
            ]
        },
        {
            "sentence": "문서 발행일은 2025년 03월 10일이며, 기준 통화는 ISO-4217 코드 KRW로 표기합니다.",
            "id": "sample_003_0072_000002",
            "annotations": [
                {
                    "word": "2025",
                    "start": 8,
                    "end": 12,
                    "label": "준식별자"
                },
                {
                    "word": "03",
                    "start": 14,
                    "end": 16,
                    "label": "준식별자"
                },
                {
                    "word": "10",
                    "start": 18,
                    "end": 20,
                    "label": "준식별자"
                }
            ]
        },
        {
            "sentence": "계좌명세: 계좌번호는 123-456789-01-234이고 계좌 유형은 당좌예금(투자운용 연동)입니다.",
            "id": "sample_003_0072_000003",
            "annotations": [
                {
                    "word": "123-456789-01-234",
                    "start": 12,
                    "end": 29,
                    "label": "기밀정보"
                }
            ]
        },
        {
            "sentence": "계좌 개설일은 2025년 01월 01일로 기록되어 있으며, 최초 입금액은 KRW 50,000,000.00입니다.",
            "id": "sample_003_0072_000004",
            "annotations": [
                {
                    "word": "2025",
                    "start": 8,
                    "end": 12,
                    "label": "준식별자"
                },
                {
                    "word": "01",
                    "start": 14,
                    "end": 16,
                    "label": "준식별자"
                },
                {
                    "word": "01",
                    "start": 18,
                    "end": 20,
                    "label": "준식별자"
                }
            ]
        },
        {
            "sentence": "고객 기본정보: 이름 신서훈, 생년월일 1985년 06월 15일, 성별 남성으로 등록되어 있습니다.",
            "id": "sample_003_0072_000005",
            "annotations": [
                {
                    "word": "1985",
                    "start": 22,
                    "end": 26,
                    "label": "준식별자"
                },
                {
                    "word": "06",
                    "start": 28,
                    "end": 30,
                    "label": "준식별자"
                },
                {
                    "word": "15",
                    "start": 32,
                    "end": 34,
                    "label": "준식별자"
                },
                {
                    "word": "남성",
                    "start": 40,
                    "end": 42,
                    "label": "준식별자"
                }
            ]
        },
        {
            "sentence": "주민등록번호는 850615-1234567로 내부 식별용으로만 표기되어 있습니다.",
            "id": "sample_003_0072_000006",
            "annotations": [
                {
                    "word": "850615-1234567",
                    "start": 8,
                    "end": 22,
                    "label": "개인정보"
                }
            ]
        },
        {
            "sentence": "연락처는 010-3456-7890이며, 이메일은 sshin@examplebank.co.kr로 등록되어 있습니다.",
            "id": "sample_003_0072_000007",
            "annotations": [
                {
                    "word": "010-3456-7890",
                    "start": 5,
                    "end": 18,
                    "label": "개인정보"
                },
                {
                    "word": "sshin@examplebank.co.kr",
                    "start": 27,
                    "end": 50,
                    "label": "개인정보"
                }
            ]
        },
        {
            "sentence": "주소는 서울특별시 강남구 역삼동 824-12(상세 주소 포함)으로 등재되어 있으며 우편번호는 06234입니다.",
            "id": "sample_003_0072_000008",
            "annotations": [
                {
                    "word": "서울특별시",
                    "start": 4,
                    "end": 9,
                    "label": "준식별자"
                },
                {
                    "word": "강남구",
                    "start": 10,
                    "end": 13,
                    "label": "준식별자"
                },
                {
                    "word": "역삼동",
                    "start": 14,
                    "end": 17,
                    "label": "준식별자"
                },
                {
                    "word": "역삼동 824-12",
                    "start": 14,
                    "end": 24,
                    "label": "개인정보"
                }
            ]
        },
        {
            "sentence": "고객 직업은 에이치앤디자산운용 근무(운용팀), 연간 근로소득은 KRW 120,000,000.00으로 신고되었습니다.",
            "id": "sample_003_0072_000009",
            "annotations": [
                {
                    "word": "에이치앤디자산운용",
                    "start": 7,
                    "end": 16,
                    "label": "준식별자"
                }
            ]
        },
        {
            "sentence": "신용평가 담당자: 천선영 애널리스트가 신용등급 및 리스크 평가를 수행하였습니다.",
            "id": "sample_003_0072_000010",
            "annotations": [
                {
                    "word": "천선영",
                    "start": 10,
                    "end": 13,
                    "label": "개인정보"
                }
            ]
        },
        {
            "sentence": "최근 신용등급은 BBB+, 최근 12개월 내 연체 및 부실 이력은 없습니다.",
            "id": "sample_003_0072_000011",
            "annotations": []
        },
        {
            "sentence": "계좌 잔액 시계열(현금): 2025-01-01 잔액 KRW 50,000,000.00에서 시작합니다.",
            "id": "sample_003_0072_000012",
            "annotations": []
        },
        {
            "sentence": "2025-01-02 입금 KRW 10,000,000.00(본인 이체), 잔액 KRW 60,000,000.00으로 반영되었습니다.",
            "id": "sample_003_0072_000013",
            "annotations": [
                {
                    "word": "2025",
                    "start": 0,
                    "end": 4,
                    "label": "준식별자"
                },
                {
                    "word": "01",
                    "start": 5,
                    "end": 7,
                    "label": "준식별자"
                },
                {
                    "word": "02",
                    "start": 1,
                    "end": 3,
                    "label": "준식별자"
                },
                {
                    "word": "02",
                    "start": 8,
                    "end": 10,
                    "label": "준식별자"
                }
            ]
        },
        {
            "sentence": "2025-01-15 주식 매수(현금결제) - KRW 15,500,000.00, 거래수수료 KRW 15,000.00, 잔액 KRW 44,485,000.00.",
            "id": "sample_003_0072_000014",
            "annotations": [
                {
                    "word": "2025",
                    "start": 0,
                    "end": 4,
                    "label": "준식별자"
                },
                {
                    "word": "01",
                    "start": 5,
                    "end": 7,
                    "label": "준식별자"
                },
                {
                    "word": "15",
                    "start": 8,
                    "end": 10,
                    "label": "준식별자"
                },
                {
                    "word": "15",
                    "start": 29,
                    "end": 31,
                    "label": "준식별자"
                },
                {
                    "word": "15",
                    "start": 54,
                    "end": 56,
                    "label": "준식별자"
                }
            ]
        },
        {
            "sentence": "2025-02-01 배당 입금 KRW 120,000.00, 잔액 KRW 44,605,000.00로 반영되었습니다.",
            "id": "sample_003_0072_000015",
            "annotations": [
                {
                    "word": "2025",
                    "start": 0,
                    "end": 4,
                    "label": "준식별자"
                },
                {
                    "word": "02",
                    "start": 1,
                    "end": 3,
                    "label": "준식별자"
                },
                {
                    "word": "02",
                    "start": 5,
                    "end": 7,
                    "label": "준식별자"
                },
                {
                    "word": "01",
                    "start": 8,
                    "end": 10,
                    "label": "준식별자"
                }
            ]
        },
        {
            "sentence": "2025-02-20 타계좌 이체 출금 KRW 5,000,000.00, 전송수수료 KRW 5,000.00, 잔액 KRW 39,600,000.00.",
            "id": "sample_003_0072_000016",
            "annotations": [
                {
                    "word": "2025",
                    "start": 0,
                    "end": 4,
                    "label": "준식별자"
                },
                {
                    "word": "02",
                    "start": 1,
                    "end": 3,
                    "label": "준식별자"
                },
                {
                    "word": "02",
                    "start": 5,
                    "end": 7,
                    "label": "준식별자"
                },
                {
                    "word": "20",
                    "start": 0,
                    "end": 2,
                    "label": "준식별자"
                },
                {
                    "word": "20",
                    "start": 8,
                    "end": 10,
                    "label": "준식별자"
                }
            ]
        },
        {
            "sentence": "2025-03-05 관리수수료 처리 KRW 25,000.00 차감 후 최종 잔액은 KRW 39,575,000.00입니다.",
            "id": "sample_003_0072_000017",
            "annotations": [
                {
                    "word": "2025",
                    "start": 0,
                    "end": 4,
                    "label": "준식별자"
                },
                {
                    "word": "03",
                    "start": 5,
                    "end": 7,
                    "label": "준식별자"
                },
                {
                    "word": "05",
                    "start": 8,
                    "end": 10,
                    "label": "준식별자"
                }
            ]
        },
        {
            "sentence": "모든 금액은 소수점 둘째 자리까지 표기하였습니다.",
            "id": "sample_003_0072_000018",
            "annotations": []
        },
        {
            "sentence": "투자 포트폴리오(시장가치, 2025-03-05 기준): 국내주식 KRW 18,000,000.00, 해외주식 KRW 8,000,000.00, 채권 KRW 13,575,000.00.",
            "id": "sample_003_0072_000019",
            "annotations": []
        },
        {
            "sentence": "포트폴리오 총액은 KRW 39,575,000.00으로 보고되며, 운용 수익률(연환산)은 4.25%입니다.",
            "id": "sample_003_0072_000020",
            "annotations": []
        },
        {
            "sentence": "신용평가 코멘트: 최근 신용 이용률은 42%이고 단기 유동성은 안정적입니다.",
            "id": "sample_003_0072_000021",
            "annotations": []
        },
        {
            "sentence": "리스크 요약: 해외주식 비중 상승으로 환리스크가 증가하였으며, 평균 매수 단가는 모니터링 대상입니다.",
            "id": "sample_003_0072_000022",
            "annotations": []
        },
        {
            "sentence": "투자 권고: 현 포트폴리오는 중위험-중수익 전략을 유지하되 채권 비중을 30%로 점진 확대할 것을 권고합니다.",
            "id": "sample_003_0072_000023",
            "annotations": []
        },
        {
            "sentence": "계좌 담당자: 조윤규 매니저가 정기 모니터링을 수행하며 연락은 담당 채널을 통해 이루어집니다.",
            "id": "sample_003_0072_000024",
            "annotations": [
                {
                    "word": "조윤규",
                    "start": 8,
                    "end": 11,
                    "label": "개인정보"
                }
            ]
        },
        {
            "sentence": "내부 결재: 보고서는 천선영 애널리스트 검토 후 조명식 이사가 최종 승인하였습니다.",
            "id": "sample_003_0072_000025",
            "annotations": [
                {
                    "word": "조명식",
                    "start": 27,
                    "end": 30,
                    "label": "개인정보"
                }
            ]
        },
        {
            "sentence": "보고서 파일 이름은 INV_003_0072_20250310.pdf로 내부 기록에 보관됩니다.",
            "id": "sample_003_0072_000026",
            "annotations": []
        },
        {
            "sentence": "추가 조치: 고객 요청 시 계좌 거래내역 증빙을 이메일로 제공하며, 전송 시 보안 절차를 준수합니다.",
            "id": "sample_003_0072_000027",
            "annotations": []
        },
        {
            "sentence": "보안 및 개인정보 보호: 고객 식별정보는 내부 암호화 저장소에 보관되어 있으며 접근 권한은 최소화되어 있습니다.",
            "id": "sample_003_0072_000028",
            "annotations": []
        },
        {
            "sentence": "향후 일정: 다음 분기 리밸런싱은 2025년 06월 10일로 계획되어 있으며, 예상 기준 환율과 수익 시나리오를 포함합니다.",
            "id": "sample_003_0072_000029",
            "annotations": [
                {
                    "word": "2025",
                    "start": 19,
                    "end": 23,
                    "label": "준식별자"
                },
                {
                    "word": "06",
                    "start": 25,
                    "end": 27,
                    "label": "준식별자"
                },
                {
                    "word": "10",
                    "start": 29,
                    "end": 31,
                    "label": "준식별자"
                }
            ]
        },
        {
            "sentence": "결론 및 권고 사항 요약을 포함한 모든 자료는 고객 동의 하에 공유되며, 추가 문의는 고객상담센터로 요청하시기 바랍니다.",
            "id": "sample_003_0072_000030",
            "annotations": []
        }
    ]
}