{
    "document_id": "003_0093",
    "document_title": "자산운용 및 거래내역 종합보고서",
    "data": [
        {
            "sentence": "본 보고서는 2025년 12월 말 기준 자산 운용 및 거래 내역을 종합하여 작성된 문서입니다.",
            "id": "sample_003_0093_000001",
            "annotations": []
        },
        {
            "sentence": "목차: 1) 계좌 이력 2) 신용 평가서 3) 투자 보고서 4) 결재 및 조치사항.",
            "id": "sample_003_0093_000002",
            "annotations": []
        },
        {
            "sentence": "계좌 이력 섹션에서 주요 고객별 거래 요약과 잔액 변동을 월별로 기록했습니다.",
            "id": "sample_003_0093_000003",
            "annotations": []
        },
        {
            "sentence": "고다슬 고객의 계좌는 신용조회와 연동되어 있으며 계좌번호는 110-123456-01-001입니다.",
            "id": "sample_003_0093_000004",
            "annotations": [
                {
                    "word": "고다슬",
                    "start": 0,
                    "end": 3,
                    "label": "개인정보"
                },
                {
                    "word": "110-123456-01-001",
                    "start": 33,
                    "end": 50,
                    "label": "기밀정보"
                }
            ]
        },
        {
            "sentence": "동 계좌의 최근 잔액은 KRW 12,345,678.90로 2025-12-15에 확인되었습니다.",
            "id": "sample_003_0093_000005",
            "annotations": [
                {
                    "word": "KRW 12,345,678.90",
                    "start": 13,
                    "end": 30,
                    "label": "기밀정보"
                },
                {
                    "word": "2025",
                    "start": 32,
                    "end": 36,
                    "label": "준식별자"
                },
                {
                    "word": "12",
                    "start": 17,
                    "end": 19,
                    "label": "준식별자"
                },
                {
                    "word": "12",
                    "start": 37,
                    "end": 39,
                    "label": "준식별자"
                },
                {
                    "word": "15",
                    "start": 40,
                    "end": 42,
                    "label": "준식별자"
                }
            ]
        },
        {
            "sentence": "해당 입출금 내역 중 2025-11-03에는 USD 50,000.00 입금이 기록되어 있습니다.",
            "id": "sample_003_0093_000006",
            "annotations": [
                {
                    "word": "2025",
                    "start": 12,
                    "end": 16,
                    "label": "준식별자"
                },
                {
                    "word": "11",
                    "start": 17,
                    "end": 19,
                    "label": "준식별자"
                },
                {
                    "word": "03",
                    "start": 20,
                    "end": 22,
                    "label": "준식별자"
                },
                {
                    "word": "USD 50,000.00",
                    "start": 25,
                    "end": 38,
                    "label": "기밀정보"
                }
            ]
        },
        {
            "sentence": "고다슬의 연락처는 010-1234-5678이며 이메일은 godasil@example.com으로 등록되어 있습니다.",
            "id": "sample_003_0093_000007",
            "annotations": [
                {
                    "word": "고다슬",
                    "start": 0,
                    "end": 3,
                    "label": "개인정보"
                },
                {
                    "word": "010-1234-5678",
                    "start": 10,
                    "end": 23,
                    "label": "개인정보"
                },
                {
                    "word": "godasil@example.com",
                    "start": 31,
                    "end": 50,
                    "label": "개인정보"
                }
            ]
        },
        {
            "sentence": "고다슬의 주민등록번호는 850715-1234567로 신용평가 참조용으로 기재되어 있습니다.",
            "id": "sample_003_0093_000008",
            "annotations": [
                {
                    "word": "850715-1234567",
                    "start": 13,
                    "end": 27,
                    "label": "개인정보"
                },
                {
                    "word": "고다슬",
                    "start": 0,
                    "end": 3,
                    "label": "개인정보"
                }
            ]
        },
        {
            "sentence": "신용 평가서에는 남성균 고객의 기본 정보와 신용등급이 포함되어 있습니다.",
            "id": "sample_003_0093_000009",
            "annotations": [
                {
                    "word": "남성균",
                    "start": 9,
                    "end": 12,
                    "label": "개인정보"
                }
            ]
        },
        {
            "sentence": "남성균의 생년월일은 1979년 03월 22일이고 성별은 남성으로 표기되어 있습니다.",
            "id": "sample_003_0093_000010",
            "annotations": [
                {
                    "word": "남성균",
                    "start": 0,
                    "end": 3,
                    "label": "개인정보"
                },
                {
                    "word": "1979",
                    "start": 11,
                    "end": 15,
                    "label": "준식별자"
                },
                {
                    "word": "03",
                    "start": 17,
                    "end": 19,
                    "label": "준식별자"
                },
                {
                    "word": "22",
                    "start": 21,
                    "end": 23,
                    "label": "준식별자"
                },
                {
                    "word": "남성",
                    "start": 0,
                    "end": 2,
                    "label": "준식별자"
                },
                {
                    "word": "남성",
                    "start": 31,
                    "end": 33,
                    "label": "준식별자"
                }
            ]
        },
        {
            "sentence": "남성균의 직장명은 한국투자증권이며 해당 정보는 준식별자에 해당합니다.",
            "id": "sample_003_0093_000011",
            "annotations": [
                {
                    "word": "남성균",
                    "start": 0,
                    "end": 3,
                    "label": "개인정보"
                },
                {
                    "word": "한국투자증권",
                    "start": 10,
                    "end": 16,
                    "label": "준식별자"
                }
            ]
        },
        {
            "sentence": "남성균의 사번은 201234로 내부식별자에 기록되어 있으며 인사자료와 연동됩니다.",
            "id": "sample_003_0093_000012",
            "annotations": [
                {
                    "word": "남성균",
                    "start": 0,
                    "end": 3,
                    "label": "개인정보"
                },
                {
                    "word": "201234",
                    "start": 9,
                    "end": 15,
                    "label": "개인정보"
                }
            ]
        },
        {
            "sentence": "정재성 고객의 계좌번호는 304-567890-12345이고 최근 거래로 EUR 15,000.00 출금이 발생했습니다.",
            "id": "sample_003_0093_000013",
            "annotations": [
                {
                    "word": "정재성",
                    "start": 0,
                    "end": 3,
                    "label": "개인정보"
                },
                {
                    "word": "304-567890-12345",
                    "start": 14,
                    "end": 30,
                    "label": "기밀정보"
                },
                {
                    "word": "EUR 15,000.00",
                    "start": 40,
                    "end": 53,
                    "label": "기밀정보"
                }
            ]
        },
        {
            "sentence": "정재성의 잔액 변동 내역은 월별 그래프와 함께 본 문서 부록에 첨부되어 있습니다.",
            "id": "sample_003_0093_000014",
            "annotations": [
                {
                    "word": "정재성",
                    "start": 0,
                    "end": 3,
                    "label": "개인정보"
                }
            ]
        },
        {
            "sentence": "양솔민 고객은 외국인 고객으로 여권번호 M12345678과 국적이 한국으로 표기되어 있습니다.",
            "id": "sample_003_0093_000015",
            "annotations": [
                {
                    "word": "양솔민",
                    "start": 0,
                    "end": 3,
                    "label": "개인정보"
                },
                {
                    "word": "M12345678",
                    "start": 22,
                    "end": 31,
                    "label": "개인정보"
                },
                {
                    "word": "한국",
                    "start": 37,
                    "end": 39,
                    "label": "준식별자"
                }
            ]
        },
        {
            "sentence": "차현우 고객의 이메일 chh@example.co.kr과 휴대폰 010-9876-5432는 연락용으로 등록되어 있습니다.",
            "id": "sample_003_0093_000016",
            "annotations": [
                {
                    "word": "차현우",
                    "start": 0,
                    "end": 3,
                    "label": "개인정보"
                },
                {
                    "word": "chh@example.co.kr",
                    "start": 12,
                    "end": 29,
                    "label": "개인정보"
                },
                {
                    "word": "010-9876-5432",
                    "start": 35,
                    "end": 48,
                    "label": "개인정보"
                }
            ]
        },
        {
            "sentence": "엄이정 고객의 상세 주소는 서울특별시 강남구 테헤란로 100, 10층이며 서류 발송 시 사용됩니다.",
            "id": "sample_003_0093_000017",
            "annotations": [
                {
                    "word": "엄이정",
                    "start": 0,
                    "end": 3,
                    "label": "개인정보"
                },
                {
                    "word": "서울특별시 강남구 테헤란로 100, 10층",
                    "start": 15,
                    "end": 38,
                    "label": "개인정보"
                }
            ]
        },
        {
            "sentence": "백지인의 투자계좌에는 KRW 250,000,000.00가 예치되어 있으며 초단기 채권에 분산 운용 중입니다.",
            "id": "sample_003_0093_000018",
            "annotations": [
                {
                    "word": "백지인",
                    "start": 0,
                    "end": 3,
                    "label": "개인정보"
                },
                {
                    "word": "KRW 250,000,000.00",
                    "start": 12,
                    "end": 30,
                    "label": "기밀정보"
                }
            ]
        },
        {
            "sentence": "심민기는 포트폴리오 리밸런싱 요청을 제출했으며 관련 승인자는 박태길 과장입니다.",
            "id": "sample_003_0093_000019",
            "annotations": [
                {
                    "word": "심민기",
                    "start": 0,
                    "end": 3,
                    "label": "개인정보"
                },
                {
                    "word": "박태길",
                    "start": 34,
                    "end": 37,
                    "label": "개인정보"
                }
            ]
        },
        {
            "sentence": "담당 승인 내역에는 결재자 박태길의 사번 300789가 기재되어 있고 내부 결재선은 비공개입니다.",
            "id": "sample_003_0093_000020",
            "annotations": [
                {
                    "word": "박태길",
                    "start": 15,
                    "end": 18,
                    "label": "개인정보"
                },
                {
                    "word": "300789",
                    "start": 23,
                    "end": 29,
                    "label": "개인정보"
                }
            ]
        },
        {
            "sentence": "방은선 고객의 출금 이력 중 2025-10-01에 KRW 5,000,000.00 출금이 확인됩니다.",
            "id": "sample_003_0093_000021",
            "annotations": [
                {
                    "word": "방은선",
                    "start": 0,
                    "end": 3,
                    "label": "개인정보"
                },
                {
                    "word": "2025",
                    "start": 16,
                    "end": 20,
                    "label": "준식별자"
                },
                {
                    "word": "10",
                    "start": 21,
                    "end": 23,
                    "label": "준식별자"
                },
                {
                    "word": "01",
                    "start": 24,
                    "end": 26,
                    "label": "준식별자"
                },
                {
                    "word": "KRW 5,000,000.00",
                    "start": 28,
                    "end": 44,
                    "label": "기밀정보"
                }
            ]
        },
        {
            "sentence": "배태율 고객의 직장 주소는 경기도 성남시 분당구 불정로 20으로 기록되어 있으나 세부 호수는 내부에만 보관됩니다.",
            "id": "sample_003_0093_000022",
            "annotations": [
                {
                    "word": "배태율",
                    "start": 0,
                    "end": 3,
                    "label": "개인정보"
                },
                {
                    "word": "경기도",
                    "start": 15,
                    "end": 18,
                    "label": "준식별자"
                },
                {
                    "word": "성남시",
                    "start": 19,
                    "end": 22,
                    "label": "준식별자"
                },
                {
                    "word": "분당구",
                    "start": 23,
                    "end": 26,
                    "label": "준식별자"
                }
            ]
        },
        {
            "sentence": "투자 보고서에는 채권, 주식, 대체투자별 수익률과 위험지표가 분기 단위로 제시되어 있습니다.",
            "id": "sample_003_0093_000023",
            "annotations": []
        },
        {
            "sentence": "2025년 3분기 포트폴리오 성과는 USD 1,200,000.00 수익으로, 연환산 수익률은 6.25%로 계산되었습니다.",
            "id": "sample_003_0093_000024",
            "annotations": [
                {
                    "word": "USD 1,200,000.00",
                    "start": 20,
                    "end": 36,
                    "label": "기밀정보"
                }
            ]
        },
        {
            "sentence": "리스크 관리 항목에서는 최대 손실 허용치인 KRW 100,000,000.00가 명시되어 있으며 초과 시 자동 알림이 발생합니다.",
            "id": "sample_003_0093_000025",
            "annotations": [
                {
                    "word": "KRW 100,000,000.00",
                    "start": 24,
                    "end": 42,
                    "label": "기밀정보"
                }
            ]
        },
        {
            "sentence": "보수 및 수수료 내역에는 엄이정 고객의 운용보수 KRW 1,250,000.00이 월별로 청구된 기록이 있습니다.",
            "id": "sample_003_0093_000026",
            "annotations": [
                {
                    "word": "엄이정",
                    "start": 14,
                    "end": 17,
                    "label": "개인정보"
                },
                {
                    "word": "KRW 1,250,000.00",
                    "start": 27,
                    "end": 43,
                    "label": "기밀정보"
                }
            ]
        },
        {
            "sentence": "본 문서의 최종 검토자는 방원정이며 검토 일시는 2025-12-20 14:30로 기록되어 있습니다.",
            "id": "sample_003_0093_000027",
            "annotations": [
                {
                    "word": "방원정",
                    "start": 14,
                    "end": 17,
                    "label": "개인정보"
                },
                {
                    "word": "2025",
                    "start": 27,
                    "end": 31,
                    "label": "준식별자"
                },
                {
                    "word": "12",
                    "start": 32,
                    "end": 34,
                    "label": "준식별자"
                },
                {
                    "word": "20",
                    "start": 27,
                    "end": 29,
                    "label": "준식별자"
                },
                {
                    "word": "20",
                    "start": 35,
                    "end": 37,
                    "label": "준식별자"
                }
            ]
        },
        {
            "sentence": "조치사항: 개인정보 및 기밀정보는 내부 보안지침에 따라 암호화 저장하고 접근 권한을 최소화할 것을 권고합니다.",
            "id": "sample_003_0093_000028",
            "annotations": []
        }
    ]
}