{
    "document_id": "003_0013",
    "document_title": "고객 자산 운용 및 신용평가 종합보고서",
    "data": [
        {
            "sentence": "문서 개요: 본 보고서는 계좌 이력, 신용 평가서 및 투자 보고서를 통합하여 고객 자산 운용 현황을 기술합니다.",
            "id": "sample_003_0013_000001",
            "annotations": []
        },
        {
            "sentence": "목적: 본 문서는 자산 배분, 리스크 관리, 신용 한도 검토 및 향후 권고안을 제시하기 위해 작성되었습니다.",
            "id": "sample_003_0013_000002",
            "annotations": []
        },
        {
            "sentence": "고객 프로필: 계좌 명의는 배강산이며, 본 보고서에는 계좌 식별을 위한 주요 정보가 기재되어 있습니다.",
            "id": "sample_003_0013_000003",
            "annotations": [
                {
                    "word": "배강산",
                    "start": 15,
                    "end": 18,
                    "label": "개인정보"
                }
            ]
        },
        {
            "sentence": "생년월일은 1985년 06월 15일로 등록되어 있으며, 성별은 남성으로 분류됩니다.",
            "id": "sample_003_0013_000004",
            "annotations": [
                {
                    "word": "1985",
                    "start": 6,
                    "end": 10,
                    "label": "준식별자"
                },
                {
                    "word": "06",
                    "start": 12,
                    "end": 14,
                    "label": "준식별자"
                },
                {
                    "word": "15",
                    "start": 16,
                    "end": 18,
                    "label": "준식별자"
                },
                {
                    "word": "남성",
                    "start": 35,
                    "end": 37,
                    "label": "준식별자"
                }
            ]
        },
        {
            "sentence": "연락처는 010-1234-5678이며, 이메일은 baeksan@example.com으로 등록되어 있습니다.",
            "id": "sample_003_0013_000005",
            "annotations": [
                {
                    "word": "010-1234-5678",
                    "start": 5,
                    "end": 18,
                    "label": "개인정보"
                },
                {
                    "word": "baeksan@example.com",
                    "start": 27,
                    "end": 46,
                    "label": "개인정보"
                }
            ]
        },
        {
            "sentence": "주소는 서울특별시 강남구 역삼동으로 등록되어 있으며, 주민등록상 상세 주소는 내부 DB에 보관됩니다.",
            "id": "sample_003_0013_000006",
            "annotations": [
                {
                    "word": "서울특별시",
                    "start": 4,
                    "end": 9,
                    "label": "준식별자"
                },
                {
                    "word": "강남구",
                    "start": 10,
                    "end": 13,
                    "label": "준식별자"
                },
                {
                    "word": "역삼동",
                    "start": 14,
                    "end": 17,
                    "label": "준식별자"
                }
            ]
        },
        {
            "sentence": "직장 및 직업: 현재 근무처는 한국투자자문(운용부)로 기재되어 있으며, 직급은 선임운용역입니다.",
            "id": "sample_003_0013_000007",
            "annotations": [
                {
                    "word": "한국투자자문(운용부)",
                    "start": 17,
                    "end": 28,
                    "label": "준식별자"
                }
            ]
        },
        {
            "sentence": "계좌 정보 요약: 주계좌 번호는 110-123456-78901이며, 투자계좌 식별번호는 INV-2025-0001입니다.",
            "id": "sample_003_0013_000008",
            "annotations": [
                {
                    "word": "110-123456-78901",
                    "start": 18,
                    "end": 34,
                    "label": "기밀정보"
                },
                {
                    "word": "INV-2025-0001",
                    "start": 49,
                    "end": 62,
                    "label": "기밀정보"
                }
            ]
        },
        {
            "sentence": "계좌 개설일은 2014년 03월 20일로, 계좌의 운영 경력은 11년 9개월입니다.",
            "id": "sample_003_0013_000009",
            "annotations": [
                {
                    "word": "2014",
                    "start": 8,
                    "end": 12,
                    "label": "준식별자"
                },
                {
                    "word": "03",
                    "start": 14,
                    "end": 16,
                    "label": "준식별자"
                },
                {
                    "word": "20",
                    "start": 8,
                    "end": 10,
                    "label": "준식별자"
                },
                {
                    "word": "20",
                    "start": 18,
                    "end": 20,
                    "label": "준식별자"
                }
            ]
        },
        {
            "sentence": "최근 잔액(기준)은 KRW 12,345,678.90이며, 결제 가능 현금은 KRW 2,000,000.00입니다.",
            "id": "sample_003_0013_000010",
            "annotations": []
        },
        {
            "sentence": "최근 30일 거래 내역 중 주요 거래: 2025-11-01에 해외송금으로 USD 15,000.00 이체가 발생했습니다.",
            "id": "sample_003_0013_000011",
            "annotations": [
                {
                    "word": "2025",
                    "start": 22,
                    "end": 26,
                    "label": "준식별자"
                },
                {
                    "word": "11",
                    "start": 27,
                    "end": 29,
                    "label": "준식별자"
                },
                {
                    "word": "01",
                    "start": 30,
                    "end": 32,
                    "label": "준식별자"
                }
            ]
        },
        {
            "sentence": "동일 계좌에서 2025-11-10에 국내 주식 매수로 KRW 3,500,000.00이 출금되었습니다.",
            "id": "sample_003_0013_000012",
            "annotations": [
                {
                    "word": "2025",
                    "start": 8,
                    "end": 12,
                    "label": "준식별자"
                },
                {
                    "word": "11",
                    "start": 13,
                    "end": 15,
                    "label": "준식별자"
                },
                {
                    "word": "10",
                    "start": 16,
                    "end": 18,
                    "label": "준식별자"
                }
            ]
        },
        {
            "sentence": "각 거래는 거래상태, 상대계좌, 승인내역과 함께 원장에 기록되며 내부 감사용 로그가 유지됩니다.",
            "id": "sample_003_0013_000013",
            "annotations": []
        },
        {
            "sentence": "신용 평가 요약: 최근 신용등급은 A+로 평가되었으며, 당행 신용한도는 KRW 50,000,000.00입니다.",
            "id": "sample_003_0013_000014",
            "annotations": [
                {
                    "word": "KRW 50,000,000.00",
                    "start": 40,
                    "end": 57,
                    "label": "기밀정보"
                }
            ]
        },
        {
            "sentence": "신용평가서 상세: 결제이력, 연체이력, 채무비율 등을 종합하여 산출된 점수는 732점이며, 내부 심사자료로 보관됩니다.",
            "id": "sample_003_0013_000015",
            "annotations": []
        },
        {
            "sentence": "투자 포트폴리오 요약: 펀드 'Alpha Global Equity' 30.00% 비중, 채권형 ETF 'KOR-IBOND' 20.00%, 현금성 자산 50.00%입니다.",
            "id": "sample_003_0013_000016",
            "annotations": []
        },
        {
            "sentence": "펀드 평가: Alpha Global Equity의 최근 순자산가치는 USD 1,234.56 per unit이며, 30일 변동성은 12.34%입니다.",
            "id": "sample_003_0013_000017",
            "annotations": []
        },
        {
            "sentence": "보유 주식: 삼성전자 1,200주(평균 매입가 KRW 70,000.00, 현재가 KRW 72,500.00)로 포트폴리오 내 비중이 정의되어 있습니다.",
            "id": "sample_003_0013_000018",
            "annotations": []
        },
        {
            "sentence": "거래 수수료와 세금 처리 내역은 별첨 스프레드시트에 상세히 기재되어 있으며, 집계금액은 KRW 123,456.78입니다.",
            "id": "sample_003_0013_000019",
            "annotations": []
        },
        {
            "sentence": "리스크 관리: 포트폴리오 베타는 0.95이며, 최대 손실 한도(Loss Limit)는 KRW 10,000,000.00로 설정되어 있습니다.",
            "id": "sample_003_0013_000020",
            "annotations": []
        },
        {
            "sentence": "담당자 코멘트: 투자전략은 중기 성장주 중심이며, 현금 유동성 확보를 위해 월별 리밸런싱을 권고합니다.",
            "id": "sample_003_0013_000021",
            "annotations": []
        },
        {
            "sentence": "규제 및 준법: 본 문서는 금융감독 규정 및 내부 준법감시 지침에 따라 작성되었습니다.",
            "id": "sample_003_0013_000022",
            "annotations": []
        },
        {
            "sentence": "보안: 민감한 계좌 정보 및 인증토큰은 암호화되어 저장되며 접근 권한은 최소화됩니다.",
            "id": "sample_003_0013_000023",
            "annotations": []
        },
        {
            "sentence": "접근 로그에 따르면 2025-12-01 09:12:33에 계좌 조회가 발생했으며, 내부 시스템에서 감사 로그가 생성되었습니다.",
            "id": "sample_003_0013_000024",
            "annotations": [
                {
                    "word": "2025",
                    "start": 11,
                    "end": 15,
                    "label": "준식별자"
                },
                {
                    "word": "12",
                    "start": 16,
                    "end": 18,
                    "label": "준식별자"
                },
                {
                    "word": "12",
                    "start": 25,
                    "end": 27,
                    "label": "준식별자"
                },
                {
                    "word": "01",
                    "start": 19,
                    "end": 21,
                    "label": "준식별자"
                }
            ]
        },
        {
            "sentence": "조치사항: 고객 승인 하에 정기 리포트 발송 및 포트폴리오 재조정이 예정되어 있으며, 상세 실행계획은 다음 회의에서 확정됩니다.",
            "id": "sample_003_0013_000025",
            "annotations": []
        },
        {
            "sentence": "첨부: 최근 12개월 거래원장, 세금계산서, 운용보고서 원본 파일이 포함되어 있습니다.",
            "id": "sample_003_0013_000026",
            "annotations": []
        },
        {
            "sentence": "연락 창구: 자산관리팀 담당자 권영웅에게 문의 바랍니다.",
            "id": "sample_003_0013_000027",
            "annotations": [
                {
                    "word": "권영웅",
                    "start": 17,
                    "end": 20,
                    "label": "개인정보"
                }
            ]
        },
        {
            "sentence": "결론: 본 보고서는 고객 자산의 현재 상태와 향후 권고사항을 종합적으로 제공합니다.",
            "id": "sample_003_0013_000028",
            "annotations": []
        }
    ]
}