{
    "document_id": "003_0039",
    "document_title": "개인고객 계좌운용 및 투자보고서 - 2025년 3분기",
    "data": [
        {
            "sentence": "자산운용부 투자 및 계좌운용 보고서입니다.",
            "id": "sample_003_0039_000001",
            "annotations": []
        },
        {
            "sentence": "보고서 대상 계좌는 개인(개인투자자)용이며 보고 기간은 2025-01-01부터 2025-09-30까지입니다.",
            "id": "sample_003_0039_000002",
            "annotations": []
        },
        {
            "sentence": "계좌명: 고태인, 주계좌로 분류되며 해당 인의 주민등록번호는 850615-1234567로 내부 기록에 등재되어 있습니다.",
            "id": "sample_003_0039_000003",
            "annotations": [
                {
                    "word": "고태인",
                    "start": 5,
                    "end": 8,
                    "label": "개인정보"
                },
                {
                    "word": "850615-1234567",
                    "start": 34,
                    "end": 48,
                    "label": "개인정보"
                }
            ]
        },
        {
            "sentence": "연락처는 010-1234-5678이며 이메일 주소는 gotaein@example.com으로 고객 커뮤니케이션에 사용됩니다.",
            "id": "sample_003_0039_000004",
            "annotations": [
                {
                    "word": "010-1234-5678",
                    "start": 5,
                    "end": 18,
                    "label": "개인정보"
                },
                {
                    "word": "gotaein@example.com",
                    "start": 29,
                    "end": 48,
                    "label": "개인정보"
                }
            ]
        },
        {
            "sentence": "주소는 서울특별시 강남구 역삼동 123-45 10층 1001호로 등기되어 있으며, 고객의 상세 주소 정보는 내부 보안 등급 '기밀'로 분류합니다.",
            "id": "sample_003_0039_000005",
            "annotations": [
                {
                    "word": "서울특별시 강남구 역삼동 123-45 10층 1001호",
                    "start": 4,
                    "end": 34,
                    "label": "개인정보"
                },
                {
                    "word": "서울특별시",
                    "start": 4,
                    "end": 9,
                    "label": "준식별자"
                },
                {
                    "word": "강남구",
                    "start": 10,
                    "end": 13,
                    "label": "준식별자"
                },
                {
                    "word": "역삼동",
                    "start": 14,
                    "end": 17,
                    "label": "준식별자"
                }
            ]
        },
        {
            "sentence": "담당 PB는 노연선이며 사번은 20240567입니다.",
            "id": "sample_003_0039_000006",
            "annotations": [
                {
                    "word": "노연선",
                    "start": 7,
                    "end": 10,
                    "label": "개인정보"
                },
                {
                    "word": "20240567",
                    "start": 17,
                    "end": 25,
                    "label": "개인정보"
                }
            ]
        },
        {
            "sentence": "담당자 연락용 이메일은 nys@bankcorp.co.kr로 설정되어 있고 추가 질의는 이 메일로 요청합니다.",
            "id": "sample_003_0039_000007",
            "annotations": [
                {
                    "word": "nys@bankcorp.co.kr",
                    "start": 13,
                    "end": 31,
                    "label": "개인정보"
                }
            ]
        },
        {
            "sentence": "해당 계좌의 계좌번호는 110-123-456789이며 은행 내부 시스템상 기밀정보로 취급됩니다.",
            "id": "sample_003_0039_000008",
            "annotations": [
                {
                    "word": "110-123-456789",
                    "start": 13,
                    "end": 27,
                    "label": "기밀정보"
                }
            ]
        },
        {
            "sentence": "기초 잔액은 KRW 50,000,000.00로 보고서 초기에 기록되어 있습니다.",
            "id": "sample_003_0039_000009",
            "annotations": []
        },
        {
            "sentence": "2025-01-15 입금: 고객에 의해 KRW 10,000,000.00가 시스템에 반영되었습니다.",
            "id": "sample_003_0039_000010",
            "annotations": []
        },
        {
            "sentence": "2025-02-20 출금: 고객 요청에 따라 KRW 5,500,000.00가 인출 처리되었습니다.",
            "id": "sample_003_0039_000011",
            "annotations": []
        },
        {
            "sentence": "2025-03-05 유가증권 매수: 투자목적으로 KRW 20,000,000.00가 주식 매수로 사용되었습니다.",
            "id": "sample_003_0039_000012",
            "annotations": []
        },
        {
            "sentence": "2025-03-06 거래수수료 및 이체수수료 합계는 KRW 10,000.00로 계정에서 차감되었습니다.",
            "id": "sample_003_0039_000013",
            "annotations": []
        },
        {
            "sentence": "2025-09-30 세전 이자수익 및 배당합계는 KRW 1,234,567.89로 계산되어 해당 기간에 반영되었습니다.",
            "id": "sample_003_0039_000014",
            "annotations": []
        },
        {
            "sentence": "최종 기말 잔액은 계산 결과 KRW 35,724,567.89으로 확인되며 장부와 수치가 일치합니다.",
            "id": "sample_003_0039_000015",
            "annotations": []
        },
        {
            "sentence": "포트폴리오 구성은 주식 56.00% (KRW 20,007,000.00), 채권 30.00% (KRW 10,717,370.36), 현금성 자산 14.00% (KRW 5,000,197.53)입니다.",
            "id": "sample_003_0039_000016",
            "annotations": []
        },
        {
            "sentence": "포트폴리오 내 상위 보유종목 5종은 내부 규정상 일부명칭이 비공개이며 보유 비중 및 거래내역은 보고서 부록에 기재합니다.",
            "id": "sample_003_0039_000017",
            "annotations": []
        },
        {
            "sentence": "신용평가 결과 고객의 신용등급은 A로 산정되었으며 신용한도 및 레버리지 한도는 내부 규정에 따릅니다.",
            "id": "sample_003_0039_000018",
            "annotations": []
        },
        {
            "sentence": "내부 결재번호는 CONF-2025-09-01로 기록되어 있으며 해당 결재선 정보는 기밀로 분류됩니다.",
            "id": "sample_003_0039_000019",
            "annotations": [
                {
                    "word": "CONF-2025-09-01",
                    "start": 9,
                    "end": 24,
                    "label": "기밀정보"
                }
            ]
        },
        {
            "sentence": "추가 고객 계좌로 원치호 명의의 보조계좌가 등록되어 있고 주소는 부산광역시 해운대구 우동으로 표기되어 있습니다.",
            "id": "sample_003_0039_000020",
            "annotations": [
                {
                    "word": "원치호",
                    "start": 10,
                    "end": 13,
                    "label": "개인정보"
                },
                {
                    "word": "부산광역시",
                    "start": 36,
                    "end": 41,
                    "label": "준식별자"
                },
                {
                    "word": "해운대구",
                    "start": 42,
                    "end": 46,
                    "label": "준식별자"
                },
                {
                    "word": "우동",
                    "start": 47,
                    "end": 49,
                    "label": "준식별자"
                }
            ]
        },
        {
            "sentence": "원치호의 연락처는 별도 관리되며 공개된 상세 연락처는 본 보고서에 포함하지 않습니다.",
            "id": "sample_003_0039_000021",
            "annotations": []
        },
        {
            "sentence": "보고서 작성자는 투자운용팀이며 데이터 집계는 2025-09-30 18:00 기준으로 완료되었습니다.",
            "id": "sample_003_0039_000022",
            "annotations": []
        },
        {
            "sentence": "리스크 관리 항목으로 시장위험, 신용위험, 유동성리스크를 점검하였으며 유동성 비율은 120.45%로 표기합니다.",
            "id": "sample_003_0039_000023",
            "annotations": []
        },
        {
            "sentence": "규제 준수 점검 결과 특정 내부 프로세스(거래검증 절차)는 개선 권고 대상이며 관련 세부 내용은 내부문서로 관리됩니다.",
            "id": "sample_003_0039_000024",
            "annotations": []
        },
        {
            "sentence": "보고서 요약 및 권고사항: 현금비중 확대 권고, 레버리지 제한 권고, 분산투자 강화 권고를 포함합니다.",
            "id": "sample_003_0039_000025",
            "annotations": []
        },
        {
            "sentence": "자료 관련 문의는 문의창구(운용지원팀)로 연락 주시기 바라며 모든 개인식별정보는 내부 보안 정책에 따라 처리됩니다.",
            "id": "sample_003_0039_000026",
            "annotations": []
        },
        {
            "sentence": "고태인의 생년월일은 1985-06-15입니다.",
            "id": "sample_003_0039_000027",
            "annotations": [
                {
                    "word": "1985",
                    "start": 11,
                    "end": 15,
                    "label": "준식별자"
                },
                {
                    "word": "06",
                    "start": 16,
                    "end": 18,
                    "label": "준식별자"
                },
                {
                    "word": "15",
                    "start": 19,
                    "end": 21,
                    "label": "준식별자"
                }
            ]
        }
    ]
}