{
    "document_id": "003_0042",
    "document_title": "자산운용 및 거래내역 종합보고서",
    "data": [
        {
            "sentence": "문서 개요: 본 보고서는 고객 계좌 이력, 신용 평가서 및 투자 포트폴리오 현황을 통합하여 기술합니다.",
            "id": "sample_003_0042_000001",
            "annotations": []
        },
        {
            "sentence": "작성자: 류재철.",
            "id": "sample_003_0042_000002",
            "annotations": [
                {
                    "word": "류재철",
                    "start": 5,
                    "end": 8,
                    "label": "개인정보"
                }
            ]
        },
        {
            "sentence": "작성일: 2025-11-30.",
            "id": "sample_003_0042_000003",
            "annotations": [
                {
                    "word": "2025",
                    "start": 5,
                    "end": 9,
                    "label": "준식별자"
                },
                {
                    "word": "11",
                    "start": 10,
                    "end": 12,
                    "label": "준식별자"
                },
                {
                    "word": "30",
                    "start": 13,
                    "end": 15,
                    "label": "준식별자"
                }
            ]
        },
        {
            "sentence": "담당자: 허동재, 직책: 자산운용팀장.",
            "id": "sample_003_0042_000004",
            "annotations": [
                {
                    "word": "허동재",
                    "start": 5,
                    "end": 8,
                    "label": "개인정보"
                },
                {
                    "word": "자산운용팀장",
                    "start": 14,
                    "end": 20,
                    "label": "준식별자"
                }
            ]
        },
        {
            "sentence": "계좌명: 강기광, 계좌번호: 110-123456-789, 통화: KRW.",
            "id": "sample_003_0042_000005",
            "annotations": [
                {
                    "word": "강기광",
                    "start": 5,
                    "end": 8,
                    "label": "개인정보"
                },
                {
                    "word": "110-123456-789",
                    "start": 16,
                    "end": 30,
                    "label": "기밀정보"
                }
            ]
        },
        {
            "sentence": "강기광 생년월일: 1985-06-15, 성별: 남.",
            "id": "sample_003_0042_000006",
            "annotations": [
                {
                    "word": "1985",
                    "start": 10,
                    "end": 14,
                    "label": "준식별자"
                },
                {
                    "word": "06",
                    "start": 15,
                    "end": 17,
                    "label": "준식별자"
                },
                {
                    "word": "15",
                    "start": 18,
                    "end": 20,
                    "label": "준식별자"
                },
                {
                    "word": "남",
                    "start": 26,
                    "end": 27,
                    "label": "준식별자"
                }
            ]
        },
        {
            "sentence": "연락처: 010-1234-5678, 이메일: kang.g@example.com.",
            "id": "sample_003_0042_000007",
            "annotations": [
                {
                    "word": "010-1234-5678",
                    "start": 5,
                    "end": 18,
                    "label": "개인정보"
                },
                {
                    "word": "kang.g@example.com",
                    "start": 25,
                    "end": 43,
                    "label": "개인정보"
                }
            ]
        },
        {
            "sentence": "주소: 서울특별시 강남구 역삼동.",
            "id": "sample_003_0042_000008",
            "annotations": [
                {
                    "word": "서울특별시",
                    "start": 4,
                    "end": 9,
                    "label": "준식별자"
                },
                {
                    "word": "강남구",
                    "start": 10,
                    "end": 13,
                    "label": "준식별자"
                },
                {
                    "word": "역삼동",
                    "start": 14,
                    "end": 17,
                    "label": "준식별자"
                }
            ]
        },
        {
            "sentence": "계좌 잔액(2025-12-01 기준): KRW 12,345,678.90.",
            "id": "sample_003_0042_000009",
            "annotations": [
                {
                    "word": "2025",
                    "start": 6,
                    "end": 10,
                    "label": "준식별자"
                },
                {
                    "word": "12",
                    "start": 11,
                    "end": 13,
                    "label": "준식별자"
                },
                {
                    "word": "12",
                    "start": 26,
                    "end": 28,
                    "label": "준식별자"
                },
                {
                    "word": "01",
                    "start": 14,
                    "end": 16,
                    "label": "준식별자"
                },
                {
                    "word": "KRW 12,345,678.90",
                    "start": 22,
                    "end": 39,
                    "label": "기밀정보"
                }
            ]
        },
        {
            "sentence": "최근 거래내역: 2025-01-05 입금 KRW 5,000,000.00, 2025-06-20 출금 KRW 2,500,000.00.",
            "id": "sample_003_0042_000010",
            "annotations": [
                {
                    "word": "2025",
                    "start": 9,
                    "end": 13,
                    "label": "준식별자"
                },
                {
                    "word": "2025",
                    "start": 41,
                    "end": 45,
                    "label": "준식별자"
                },
                {
                    "word": "01",
                    "start": 14,
                    "end": 16,
                    "label": "준식별자"
                },
                {
                    "word": "05",
                    "start": 17,
                    "end": 19,
                    "label": "준식별자"
                },
                {
                    "word": "06",
                    "start": 46,
                    "end": 48,
                    "label": "준식별자"
                },
                {
                    "word": "20",
                    "start": 9,
                    "end": 11,
                    "label": "준식별자"
                },
                {
                    "word": "20",
                    "start": 41,
                    "end": 43,
                    "label": "준식별자"
                },
                {
                    "word": "20",
                    "start": 49,
                    "end": 51,
                    "label": "준식별자"
                },
                {
                    "word": "KRW 5,000,000.00",
                    "start": 23,
                    "end": 39,
                    "label": "기밀정보"
                },
                {
                    "word": "KRW 2,500,000.00",
                    "start": 55,
                    "end": 71,
                    "label": "기밀정보"
                }
            ]
        },
        {
            "sentence": "투자상품 포트폴리오: 국내주식 40.00%, 해외채권(USD) 35.00%, 대체투자 25.00%.",
            "id": "sample_003_0042_000011",
            "annotations": [
                {
                    "word": "국내주식 40.00%",
                    "start": 12,
                    "end": 23,
                    "label": "기밀정보"
                },
                {
                    "word": "해외채권(USD) 35.00%",
                    "start": 25,
                    "end": 41,
                    "label": "기밀정보"
                },
                {
                    "word": "대체투자 25.00%",
                    "start": 43,
                    "end": 54,
                    "label": "기밀정보"
                }
            ]
        },
        {
            "sentence": "미수금 내역: USD 15,000.00 미수 발생.",
            "id": "sample_003_0042_000012",
            "annotations": [
                {
                    "word": "USD 15,000.00",
                    "start": 8,
                    "end": 21,
                    "label": "기밀정보"
                }
            ]
        },
        {
            "sentence": "신용평가: 개인신용등급 B+, 내부평가점수 72/100.",
            "id": "sample_003_0042_000013",
            "annotations": [
                {
                    "word": "내부평가점수 72/100",
                    "start": 17,
                    "end": 30,
                    "label": "기밀정보"
                }
            ]
        },
        {
            "sentence": "신용담보: 담보계좌 301-987654-00, 설정일 2024-09-15.",
            "id": "sample_003_0042_000014",
            "annotations": [
                {
                    "word": "301-987654-00",
                    "start": 11,
                    "end": 24,
                    "label": "기밀정보"
                },
                {
                    "word": "2024",
                    "start": 30,
                    "end": 34,
                    "label": "준식별자"
                },
                {
                    "word": "09",
                    "start": 35,
                    "end": 37,
                    "label": "준식별자"
                },
                {
                    "word": "15",
                    "start": 38,
                    "end": 40,
                    "label": "준식별자"
                }
            ]
        },
        {
            "sentence": "고객명단 일부: 전소리, 방예겸, 장시원.",
            "id": "sample_003_0042_000015",
            "annotations": [
                {
                    "word": "전소리",
                    "start": 9,
                    "end": 12,
                    "label": "개인정보"
                },
                {
                    "word": "방예겸",
                    "start": 14,
                    "end": 17,
                    "label": "개인정보"
                },
                {
                    "word": "장시원",
                    "start": 19,
                    "end": 22,
                    "label": "개인정보"
                }
            ]
        },
        {
            "sentence": "전소리 주민등록번호: 900101-2000000.",
            "id": "sample_003_0042_000016",
            "annotations": [
                {
                    "word": "900101-2000000",
                    "start": 12,
                    "end": 26,
                    "label": "개인정보"
                }
            ]
        },
        {
            "sentence": "방예겸 상세주소: 서울특별시 종로구 사직동 45-3.",
            "id": "sample_003_0042_000017",
            "annotations": [
                {
                    "word": "방예겸",
                    "start": 0,
                    "end": 3,
                    "label": "개인정보"
                },
                {
                    "word": "서울특별시 종로구 사직동 45-3",
                    "start": 10,
                    "end": 28,
                    "label": "개인정보"
                }
            ]
        },
        {
            "sentence": "장시원 직장명: ABC증권 투자전략실.",
            "id": "sample_003_0042_000018",
            "annotations": [
                {
                    "word": "ABC증권 투자전략실",
                    "start": 9,
                    "end": 20,
                    "label": "준식별자"
                }
            ]
        },
        {
            "sentence": "내부결재선: 자금운용팀장 허동재 승인 완료.",
            "id": "sample_003_0042_000019",
            "annotations": [
                {
                    "word": "허동재",
                    "start": 14,
                    "end": 17,
                    "label": "개인정보"
                }
            ]
        },
        {
            "sentence": "펀드 수익률 보고: 국내전략펀드 연환산 6.45% (2024-01-01~2025-12-01).",
            "id": "sample_003_0042_000020",
            "annotations": [
                {
                    "word": "2024",
                    "start": 29,
                    "end": 33,
                    "label": "준식별자"
                },
                {
                    "word": "01",
                    "start": 34,
                    "end": 36,
                    "label": "준식별자"
                },
                {
                    "word": "01",
                    "start": 37,
                    "end": 39,
                    "label": "준식별자"
                },
                {
                    "word": "01",
                    "start": 48,
                    "end": 50,
                    "label": "준식별자"
                },
                {
                    "word": "2025",
                    "start": 40,
                    "end": 44,
                    "label": "준식별자"
                },
                {
                    "word": "12",
                    "start": 45,
                    "end": 47,
                    "label": "준식별자"
                }
            ]
        },
        {
            "sentence": "환율 변동으로 인한 손익: USD/KRW 1,200.50 기준 손익 -KRW 1,250,000.00.",
            "id": "sample_003_0042_000021",
            "annotations": [
                {
                    "word": "-KRW 1,250,000.00",
                    "start": 38,
                    "end": 55,
                    "label": "기밀정보"
                }
            ]
        },
        {
            "sentence": "거래 상위 3종목: A사 KRW 1,200,000.00, B사 KRW 950,000.00, C사 KRW 800,000.00.",
            "id": "sample_003_0042_000022",
            "annotations": [
                {
                    "word": "KRW 1,200,000.00",
                    "start": 14,
                    "end": 30,
                    "label": "기밀정보"
                },
                {
                    "word": "KRW 950,000.00",
                    "start": 35,
                    "end": 49,
                    "label": "기밀정보"
                },
                {
                    "word": "KRW 800,000.00",
                    "start": 54,
                    "end": 68,
                    "label": "기밀정보"
                }
            ]
        },
        {
            "sentence": "투자 권고: 단기유동성 확보 권고, 매입 한도 KRW 10,000,000.00.",
            "id": "sample_003_0042_000023",
            "annotations": [
                {
                    "word": "KRW 10,000,000.00",
                    "start": 26,
                    "end": 43,
                    "label": "기밀정보"
                }
            ]
        },
        {
            "sentence": "해외송금 내역: 2025-03-15 USD 50,000.00, 수취인: 박아미, 수취은행: Bank of America.",
            "id": "sample_003_0042_000024",
            "annotations": [
                {
                    "word": "2025",
                    "start": 9,
                    "end": 13,
                    "label": "준식별자"
                },
                {
                    "word": "03",
                    "start": 14,
                    "end": 16,
                    "label": "준식별자"
                },
                {
                    "word": "15",
                    "start": 17,
                    "end": 19,
                    "label": "준식별자"
                },
                {
                    "word": "USD 50,000.00",
                    "start": 20,
                    "end": 33,
                    "label": "기밀정보"
                },
                {
                    "word": "박아미",
                    "start": 40,
                    "end": 43,
                    "label": "개인정보"
                }
            ]
        },
        {
            "sentence": "수취인 연락처: 010-8765-4321.",
            "id": "sample_003_0042_000025",
            "annotations": [
                {
                    "word": "010-8765-4321",
                    "start": 9,
                    "end": 22,
                    "label": "개인정보"
                }
            ]
        },
        {
            "sentence": "리스크 평가: 시장위험 중간, 유동성위험 낮음, 신용위험 관리 필요.",
            "id": "sample_003_0042_000026",
            "annotations": []
        },
        {
            "sentence": "규정준수: KYC 자료 보관 기간은 5년으로 설정되어 있음.",
            "id": "sample_003_0042_000027",
            "annotations": []
        },
        {
            "sentence": "해당 계좌와 관련된 내부 파일 경로: /secure/internal/client/110-123456-789/statement.pdf.",
            "id": "sample_003_0042_000028",
            "annotations": [
                {
                    "word": "/secure/internal/client/110-123456-789/statement.pdf",
                    "start": 21,
                    "end": 73,
                    "label": "기밀정보"
                }
            ]
        },
        {
            "sentence": "비고: 추가 문의는 담당자 차민창에게 연락 바람.",
            "id": "sample_003_0042_000029",
            "annotations": [
                {
                    "word": "차민창",
                    "start": 15,
                    "end": 18,
                    "label": "개인정보"
                }
            ]
        },
        {
            "sentence": "보고서 종결: 다음 분기 재검토 일정은 2026-02-10로 예정됨.",
            "id": "sample_003_0042_000030",
            "annotations": [
                {
                    "word": "2026",
                    "start": 22,
                    "end": 26,
                    "label": "준식별자"
                },
                {
                    "word": "02",
                    "start": 23,
                    "end": 25,
                    "label": "준식별자"
                },
                {
                    "word": "02",
                    "start": 27,
                    "end": 29,
                    "label": "준식별자"
                },
                {
                    "word": "10",
                    "start": 30,
                    "end": 32,
                    "label": "준식별자"
                }
            ]
        }
    ]
}