{
    "document_id": "013_0021",
    "document_title": "기초생활수급 신청 및 상담일지·심사 보고서",
    "data": [
        {
            "sentence": "문서 유형: 상담 일지 및 수급 신청서, 심사 보고서를 통합한 사례관리 기록입니다.",
            "id": "sample_013_0021_000001",
            "annotations": []
        },
        {
            "sentence": "대상자 성명: 하금순(가명).",
            "id": "sample_013_0021_000002",
            "annotations": [
                {
                    "word": "하금순",
                    "start": 8,
                    "end": 11,
                    "label": "개인정보"
                }
            ]
        },
        {
            "sentence": "생년월일: 1959년 6월 15일.",
            "id": "sample_013_0021_000003",
            "annotations": [
                {
                    "word": "1959년",
                    "start": 6,
                    "end": 11,
                    "label": "준식별자"
                },
                {
                    "word": "6월",
                    "start": 12,
                    "end": 14,
                    "label": "준식별자"
                },
                {
                    "word": "15일",
                    "start": 15,
                    "end": 18,
                    "label": "준식별자"
                }
            ]
        },
        {
            "sentence": "성별: 여성.",
            "id": "sample_013_0021_000004",
            "annotations": [
                {
                    "word": "여성",
                    "start": 4,
                    "end": 6,
                    "label": "준식별자"
                }
            ]
        },
        {
            "sentence": "거주지: 서울특별시, 관악구.",
            "id": "sample_013_0021_000005",
            "annotations": [
                {
                    "word": "서울특별시",
                    "start": 5,
                    "end": 10,
                    "label": "준식별자"
                },
                {
                    "word": "관악구",
                    "start": 12,
                    "end": 15,
                    "label": "준식별자"
                }
            ]
        },
        {
            "sentence": "복지 카테고리: 기초생활수급(생계급여) 신청 사례로 분류합니다.",
            "id": "sample_013_0021_000006",
            "annotations": []
        },
        {
            "sentence": "신청일: 2025년 11월 10일.",
            "id": "sample_013_0021_000007",
            "annotations": [
                {
                    "word": "2025년",
                    "start": 5,
                    "end": 10,
                    "label": "준식별자"
                },
                {
                    "word": "11월",
                    "start": 11,
                    "end": 14,
                    "label": "준식별자"
                },
                {
                    "word": "10일",
                    "start": 15,
                    "end": 18,
                    "label": "준식별자"
                }
            ]
        },
        {
            "sentence": "가구원 구성: 본인(하금순), 배우자 없음, 성인 자녀 1인(장여민).",
            "id": "sample_013_0021_000008",
            "annotations": [
                {
                    "word": "하금순",
                    "start": 11,
                    "end": 14,
                    "label": "개인정보"
                },
                {
                    "word": "장여민",
                    "start": 34,
                    "end": 37,
                    "label": "개인정보"
                }
            ]
        },
        {
            "sentence": "신청 사유: 월세 및 의료비 부담으로 긴급한 생활지원 필요성을 호소함.",
            "id": "sample_013_0021_000009",
            "annotations": []
        },
        {
            "sentence": "건강상태: 고혈압 진단 병력과 관절 통증으로 보행 시 보조기 사용 필요성이 있음.",
            "id": "sample_013_0021_000010",
            "annotations": []
        },
        {
            "sentence": "직업: 무직으로 현재 별도의 정기 근로 소득이 없음.",
            "id": "sample_013_0021_000011",
            "annotations": [
                {
                    "word": "무직",
                    "start": 4,
                    "end": 6,
                    "label": "준식별자"
                }
            ]
        },
        {
            "sentence": "최근 6개월 소득: 근로소득 없음, 국민연금 수령액 월 180,000원 신고됨.",
            "id": "sample_013_0021_000012",
            "annotations": []
        },
        {
            "sentence": "자산: 예금 약 300만원 보유, 부동산은 보유하지 않음으로 신고됨.",
            "id": "sample_013_0021_000013",
            "annotations": []
        },
        {
            "sentence": "상담 일시: 2025년 11월 12일 14시.",
            "id": "sample_013_0021_000014",
            "annotations": [
                {
                    "word": "2025년",
                    "start": 7,
                    "end": 12,
                    "label": "준식별자"
                },
                {
                    "word": "11월",
                    "start": 13,
                    "end": 16,
                    "label": "준식별자"
                },
                {
                    "word": "12일",
                    "start": 17,
                    "end": 20,
                    "label": "준식별자"
                }
            ]
        },
        {
            "sentence": "상담 장소: 관악구 종합복지관 상담실에서 대면 상담으로 진행됨.",
            "id": "sample_013_0021_000015",
            "annotations": [
                {
                    "word": "관악구",
                    "start": 7,
                    "end": 10,
                    "label": "준식별자"
                }
            ]
        },
        {
            "sentence": "상담자: 안이슬 선임 사례관리사가 사례 접수 및 초기 상담을 담당함.",
            "id": "sample_013_0021_000016",
            "annotations": [
                {
                    "word": "안이슬",
                    "start": 5,
                    "end": 8,
                    "label": "개인정보"
                }
            ]
        },
        {
            "sentence": "사례 내용 요약: 대상자는 기본 생계 유지에 어려움이 있으며 주거비 및 약제비 부담이 큰 상태임.",
            "id": "sample_013_0021_000017",
            "annotations": []
        },
        {
            "sentence": "심사 결과 예비판정: 소득 대비 필요경비 및 가족부양 상황을 고려하여 조건부 수급 가능성 있음.",
            "id": "sample_013_0021_000018",
            "annotations": []
        },
        {
            "sentence": "추가 제출서류 요청: 가족관계증명서 사본 및 건강보험료 납부증빙 3개월분 제출 요청.",
            "id": "sample_013_0021_000019",
            "annotations": []
        },
        {
            "sentence": "내부 검토 메모: 담당 심사자 장찬빈에게 결과 통보 예정으로 이의 제기 절차 안내 포함.",
            "id": "sample_013_0021_000020",
            "annotations": [
                {
                    "word": "장찬빈",
                    "start": 17,
                    "end": 20,
                    "label": "개인정보"
                }
            ]
        },
        {
            "sentence": "결재선 정보(기밀): 내부 결재선은 팀장 검토 후 센터장이 최종 확정하는 절차임.",
            "id": "sample_013_0021_000021",
            "annotations": [
                {
                    "word": "내부 결재선",
                    "start": 12,
                    "end": 18,
                    "label": "기밀정보"
                }
            ]
        },
        {
            "sentence": "결정 권고: 우선 생계급여 긴급지원으로 소액 월 30만원 지급을 권고함.",
            "id": "sample_013_0021_000022",
            "annotations": []
        },
        {
            "sentence": "사후관리 계획: 매월 방문 상담 및 소득 변동 시 즉시 보고하도록 모니터링 계획 수립함.",
            "id": "sample_013_0021_000023",
            "annotations": []
        },
        {
            "sentence": "다음 회의 일정: 사례회의 2025년 11월 20일 10시에 진행 예정임.",
            "id": "sample_013_0021_000024",
            "annotations": [
                {
                    "word": "2025년",
                    "start": 15,
                    "end": 20,
                    "label": "준식별자"
                },
                {
                    "word": "11월",
                    "start": 21,
                    "end": 24,
                    "label": "준식별자"
                },
                {
                    "word": "20일",
                    "start": 25,
                    "end": 28,
                    "label": "준식별자"
                }
            ]
        },
        {
            "sentence": "서면 동의 확보: 대상자 서명 확보 완료(하금순).",
            "id": "sample_013_0021_000025",
            "annotations": [
                {
                    "word": "하금순",
                    "start": 23,
                    "end": 26,
                    "label": "개인정보"
                }
            ]
        },
        {
            "sentence": "사례관리사 서명: 안이슬.",
            "id": "sample_013_0021_000026",
            "annotations": [
                {
                    "word": "안이슬",
                    "start": 10,
                    "end": 13,
                    "label": "개인정보"
                }
            ]
        },
        {
            "sentence": "심사 담당자 확인: 장찬빈 확인 대기.",
            "id": "sample_013_0021_000027",
            "annotations": [
                {
                    "word": "장찬빈",
                    "start": 11,
                    "end": 14,
                    "label": "개인정보"
                }
            ]
        },
        {
            "sentence": "문서 보관 위치: 센터 내 비공개 파일서가에 보관하며 접근 권한은 사회복지팀 운영자에 한정됨.",
            "id": "sample_013_0021_000028",
            "annotations": [
                {
                    "word": "비공개 파일서가",
                    "start": 15,
                    "end": 23,
                    "label": "기밀정보"
                }
            ]
        }
    ]
}