{
    "document_id": "013_0075",
    "document_title": "기초생활수급자 상담 및 수급 신청 심사보고서",
    "data": [
        {
            "sentence": "문서 목적: 본 상담 기록은 기초생활보장 및 맞춤형 복지서비스 수급 심사를 위해 작성되었습니다.",
            "id": "sample_013_0075_000001",
            "annotations": []
        },
        {
            "sentence": "작성일: 2025년 11월 15일.",
            "id": "sample_013_0075_000002",
            "annotations": [
                {
                    "word": "2025년",
                    "start": 5,
                    "end": 10,
                    "label": "준식별자"
                },
                {
                    "word": "11월",
                    "start": 11,
                    "end": 14,
                    "label": "준식별자"
                },
                {
                    "word": "15일",
                    "start": 15,
                    "end": 18,
                    "label": "준식별자"
                }
            ]
        },
        {
            "sentence": "상담자(사례관리사): 오윤나, 소속: 서울특별시 강서구 지역복지팀.",
            "id": "sample_013_0075_000003",
            "annotations": [
                {
                    "word": "오윤나",
                    "start": 12,
                    "end": 15,
                    "label": "개인정보"
                },
                {
                    "word": "서울특별시",
                    "start": 21,
                    "end": 26,
                    "label": "준식별자"
                },
                {
                    "word": "강서구",
                    "start": 27,
                    "end": 30,
                    "label": "준식별자"
                },
                {
                    "word": "지역복지팀",
                    "start": 31,
                    "end": 36,
                    "label": "준식별자"
                }
            ]
        },
        {
            "sentence": "대상자: 박태은, 가족 구성원 3인, 동거 여부: 동거, 사례유형: 기초생활수급자 신청.",
            "id": "sample_013_0075_000004",
            "annotations": [
                {
                    "word": "박태은",
                    "start": 5,
                    "end": 8,
                    "label": "개인정보"
                }
            ]
        },
        {
            "sentence": "대상자 성별: 여성.",
            "id": "sample_013_0075_000005",
            "annotations": [
                {
                    "word": "여성",
                    "start": 8,
                    "end": 10,
                    "label": "준식별자"
                }
            ]
        },
        {
            "sentence": "대상자 생년월일: 1978년 05월 12일.",
            "id": "sample_013_0075_000006",
            "annotations": [
                {
                    "word": "1978년",
                    "start": 10,
                    "end": 15,
                    "label": "준식별자"
                },
                {
                    "word": "05월",
                    "start": 16,
                    "end": 19,
                    "label": "준식별자"
                },
                {
                    "word": "12일",
                    "start": 20,
                    "end": 23,
                    "label": "준식별자"
                }
            ]
        },
        {
            "sentence": "주소: 서울특별시, 강서구, 등촌동 거주.",
            "id": "sample_013_0075_000007",
            "annotations": [
                {
                    "word": "등촌동",
                    "start": 16,
                    "end": 19,
                    "label": "준식별자"
                }
            ]
        },
        {
            "sentence": "연락처는 문서 보안을 위해 기록하지 않음.",
            "id": "sample_013_0075_000008",
            "annotations": []
        },
        {
            "sentence": "경제상태 요약: 현재 가구 월 소득은 근로 및 비정기 소득 포함하여 하위 40% 수준으로 평가됩니다.",
            "id": "sample_013_0075_000009",
            "annotations": []
        },
        {
            "sentence": "주된 소득원: 프리랜서 근로, 최근 6개월 소득 변동이 심하여 수급 기준 충족 가능성이 있습니다.",
            "id": "sample_013_0075_000010",
            "annotations": [
                {
                    "word": "프리랜서",
                    "start": 8,
                    "end": 12,
                    "label": "준식별자"
                }
            ]
        },
        {
            "sentence": "건강상태: 만성 요통과 혈압약 복용 병력이 있으며 현재 주치료는 외래 중심입니다.",
            "id": "sample_013_0075_000011",
            "annotations": []
        },
        {
            "sentence": "심리·사회적 상황: 우울 증상 일부 호소, 사회적 고립 위험이 확인되었습니다.",
            "id": "sample_013_0075_000012",
            "annotations": []
        },
        {
            "sentence": "가족관계: 배우자 없음, 성인자녀 1명(천유나)이 별거 중이며 지원 의사가 한정적입니다.",
            "id": "sample_013_0075_000013",
            "annotations": [
                {
                    "word": "천유나",
                    "start": 22,
                    "end": 25,
                    "label": "개인정보"
                }
            ]
        },
        {
            "sentence": "사례목표: 안정적 주거 확보와 기초생계비 수급 승인.",
            "id": "sample_013_0075_000014",
            "annotations": []
        },
        {
            "sentence": "제공된 서비스: 긴급생계비 상담, 주거 연계, 취업연계 프로그램 안내.",
            "id": "sample_013_0075_000015",
            "annotations": []
        },
        {
            "sentence": "수급 신청서 제출일: 2025년 11월 10일.",
            "id": "sample_013_0075_000016",
            "annotations": [
                {
                    "word": "2025년",
                    "start": 12,
                    "end": 17,
                    "label": "준식별자"
                },
                {
                    "word": "11월",
                    "start": 18,
                    "end": 21,
                    "label": "준식별자"
                },
                {
                    "word": "10일",
                    "start": 22,
                    "end": 25,
                    "label": "준식별자"
                }
            ]
        },
        {
            "sentence": "심사담당자: 지장우, 소속: 강서구 복지과, 초기 서류검토 완료.",
            "id": "sample_013_0075_000017",
            "annotations": [
                {
                    "word": "지장우",
                    "start": 7,
                    "end": 10,
                    "label": "개인정보"
                },
                {
                    "word": "복지과",
                    "start": 20,
                    "end": 23,
                    "label": "준식별자"
                }
            ]
        },
        {
            "sentence": "심사 의견: 제출된 소득 증빙서류에 일부 누락이 있어 추가 서류 요청 예정입니다.",
            "id": "sample_013_0075_000018",
            "annotations": []
        },
        {
            "sentence": "추가 요청서류: 최근 3개월 통장거래내역, 소득확인서류, 건강보험료 납부확인서.",
            "id": "sample_013_0075_000019",
            "annotations": []
        },
        {
            "sentence": "판정기준 적용 결과: 소득 인정액 산출 시 가구 구성과 재산 평가를 반영하여 차상위 여부 판정 예정.",
            "id": "sample_013_0075_000020",
            "annotations": []
        },
        {
            "sentence": "내부 결재선: 팀장 승인 필요, 내부문서 코드: A-2025-09.",
            "id": "sample_013_0075_000021",
            "annotations": [
                {
                    "word": "내부 결재선",
                    "start": 0,
                    "end": 6,
                    "label": "기밀정보"
                },
                {
                    "word": "A-2025-09",
                    "start": 27,
                    "end": 36,
                    "label": "기밀정보"
                }
            ]
        },
        {
            "sentence": "예산 관련 메모: 긴급생계비 예산 항목(비공개)에서 집행 예정이며 세부 계좌번호는 내부관리 문서로 취급합니다.",
            "id": "sample_013_0075_000022",
            "annotations": [
                {
                    "word": "세부 계좌번호",
                    "start": 37,
                    "end": 44,
                    "label": "기밀정보"
                }
            ]
        },
        {
            "sentence": "담당자 비고: 신청자 의사소통 능력 양호하나 문서준비에 어려움이 있어 집행 보조가 필요합니다.",
            "id": "sample_013_0075_000023",
            "annotations": []
        },
        {
            "sentence": "후속조치 계획: 1주 내 추가서류 수령 후 최종 심사, 필요시 긴급지원 신청서 별도 접수.",
            "id": "sample_013_0075_000024",
            "annotations": []
        },
        {
            "sentence": "결정 예상일: 2025년 11월 25일, 사례관리사는 대상자에게 결과를 통보합니다.",
            "id": "sample_013_0075_000025",
            "annotations": [
                {
                    "word": "2025년",
                    "start": 8,
                    "end": 13,
                    "label": "준식별자"
                },
                {
                    "word": "11월",
                    "start": 14,
                    "end": 17,
                    "label": "준식별자"
                },
                {
                    "word": "25일",
                    "start": 18,
                    "end": 21,
                    "label": "준식별자"
                }
            ]
        },
        {
            "sentence": "담당 통지 담당자: 오윤나 사례관리사에게 구두 통지 후 서면 통보 예정.",
            "id": "sample_013_0075_000026",
            "annotations": []
        },
        {
            "sentence": "기록 보존: 상담 기록은 내부 보안규정에 따라 5년간 보관되며 접근 권한은 제한됩니다.",
            "id": "sample_013_0075_000027",
            "annotations": [
                {
                    "word": "내부 보안규정",
                    "start": 14,
                    "end": 21,
                    "label": "기밀정보"
                }
            ]
        },
        {
            "sentence": "문서 최종 검토자: 지장우 승인 대기.",
            "id": "sample_013_0075_000028",
            "annotations": []
        }
    ]
}