{
    "document_id": "013_0062",
    "document_title": "사회복지 사례상담 기록 및 수급 심사보고서",
    "data": [
        {
            "sentence": "문서 유형: 사회복지 사례상담 일지 및 수급 신청서, 심사보고서를 통합한 공식 기록입니다.",
            "id": "sample_013_0062_000001",
            "annotations": []
        },
        {
            "sentence": "대상자 성명(가명): 우고은.",
            "id": "sample_013_0062_000002",
            "annotations": [
                {
                    "word": "우고은",
                    "start": 12,
                    "end": 15,
                    "label": "개인정보"
                }
            ]
        },
        {
            "sentence": "주민등록번호(비식별화): 780512-1*****.",
            "id": "sample_013_0062_000003",
            "annotations": [
                {
                    "word": "780512-1*****",
                    "start": 14,
                    "end": 27,
                    "label": "개인정보"
                }
            ]
        },
        {
            "sentence": "생년월일: 1978년 05월 12일.",
            "id": "sample_013_0062_000004",
            "annotations": [
                {
                    "word": "1978년",
                    "start": 6,
                    "end": 11,
                    "label": "준식별자"
                },
                {
                    "word": "05월",
                    "start": 12,
                    "end": 15,
                    "label": "준식별자"
                },
                {
                    "word": "12일",
                    "start": 16,
                    "end": 19,
                    "label": "준식별자"
                }
            ]
        },
        {
            "sentence": "주소(비식별화): 서울특별시 강서구 화곡동 거주로 기록함.",
            "id": "sample_013_0062_000005",
            "annotations": [
                {
                    "word": "서울특별시",
                    "start": 10,
                    "end": 15,
                    "label": "준식별자"
                },
                {
                    "word": "강서구",
                    "start": 16,
                    "end": 19,
                    "label": "준식별자"
                },
                {
                    "word": "화곡동",
                    "start": 20,
                    "end": 23,
                    "label": "준식별자"
                }
            ]
        },
        {
            "sentence": "휴대전화(마스킹 처리): 010-****-1234.",
            "id": "sample_013_0062_000006",
            "annotations": [
                {
                    "word": "010-****-1234",
                    "start": 14,
                    "end": 27,
                    "label": "개인정보"
                }
            ]
        },
        {
            "sentence": "이메일(비식별화): ugoeun@xxxx.com.",
            "id": "sample_013_0062_000007",
            "annotations": [
                {
                    "word": "ugoeun@xxxx.com",
                    "start": 11,
                    "end": 26,
                    "label": "개인정보"
                }
            ]
        },
        {
            "sentence": "직업: 가사도우미, 직장명: 개별 가사서비스 업체(비공개)로 기재함.",
            "id": "sample_013_0062_000008",
            "annotations": [
                {
                    "word": "가사도우미",
                    "start": 4,
                    "end": 9,
                    "label": "준식별자"
                },
                {
                    "word": "개별 가사서비스 업체(비공개)",
                    "start": 16,
                    "end": 32,
                    "label": "준식별자"
                }
            ]
        },
        {
            "sentence": "성별: 여성.",
            "id": "sample_013_0062_000009",
            "annotations": [
                {
                    "word": "여성",
                    "start": 4,
                    "end": 6,
                    "label": "준식별자"
                }
            ]
        },
        {
            "sentence": "동거 가족 구성원: 배우자 김설(가명) 및 자녀 1명으로 확인됨.",
            "id": "sample_013_0062_000010",
            "annotations": [
                {
                    "word": "김설",
                    "start": 15,
                    "end": 17,
                    "label": "개인정보"
                }
            ]
        },
        {
            "sentence": "정기후원/수급 연계 계좌(부분마스킹): 110-****-123456로 현황 기록함.",
            "id": "sample_013_0062_000011",
            "annotations": [
                {
                    "word": "110-****-123456",
                    "start": 22,
                    "end": 37,
                    "label": "기밀정보"
                }
            ]
        },
        {
            "sentence": "신청 복지 카테고리: 기초생활수급(생계급여) 및 주거급여 신청.",
            "id": "sample_013_0062_000012",
            "annotations": []
        },
        {
            "sentence": "신청일: 2025년 11월 03일.",
            "id": "sample_013_0062_000013",
            "annotations": [
                {
                    "word": "2025년",
                    "start": 5,
                    "end": 10,
                    "label": "준식별자"
                },
                {
                    "word": "11월",
                    "start": 11,
                    "end": 14,
                    "label": "준식별자"
                },
                {
                    "word": "03일",
                    "start": 15,
                    "end": 18,
                    "label": "준식별자"
                }
            ]
        },
        {
            "sentence": "상담일자: 2025년 11월 10일.",
            "id": "sample_013_0062_000014",
            "annotations": [
                {
                    "word": "2025년",
                    "start": 6,
                    "end": 11,
                    "label": "준식별자"
                },
                {
                    "word": "11월",
                    "start": 12,
                    "end": 15,
                    "label": "준식별자"
                },
                {
                    "word": "10일",
                    "start": 16,
                    "end": 19,
                    "label": "준식별자"
                }
            ]
        },
        {
            "sentence": "상담 장소: 강서구 지역 복지관 상담실에서 면담을 진행함.",
            "id": "sample_013_0062_000015",
            "annotations": []
        },
        {
            "sentence": "진단 및 증상: 대상자는 고혈압과 만성 관절통으로 보행에 불편을 호소함.",
            "id": "sample_013_0062_000016",
            "annotations": []
        },
        {
            "sentence": "소득 현황: 월 평균 현금 수입 약 350,000원 수준이며, 일용근로에 의존함.",
            "id": "sample_013_0062_000017",
            "annotations": []
        },
        {
            "sentence": "자산 현황: 소액 예금 외에는 현저한 자산 보유가 확인되지 않음.",
            "id": "sample_013_0062_000018",
            "annotations": []
        },
        {
            "sentence": "상담 요약: 일상생활 지원 요청과 주거 환경 개선, 공과금 체납 해소가 주요 요구사항임.",
            "id": "sample_013_0062_000019",
            "annotations": []
        },
        {
            "sentence": "제안 서비스: 생계급여 신청 보완 지원, 긴급주거 지원 및 사례관리 서비스 연계 제안.",
            "id": "sample_013_0062_000020",
            "annotations": []
        },
        {
            "sentence": "제출 서류: 본인 신분증 사본(비식별화 처리), 가족관계증명서, 임대차계약서, 소득자료 등.",
            "id": "sample_013_0062_000021",
            "annotations": []
        },
        {
            "sentence": "심사관 의견: 소득과 자산 자료의 추가 확인이 필요하며, 긴급지원 우선 판단 요망.",
            "id": "sample_013_0062_000022",
            "annotations": []
        },
        {
            "sentence": "사례관리 소견: 이동지원 및 노후 가전 교체가 생활 안정에 실질적 도움을 줄 것으로 판단됨.",
            "id": "sample_013_0062_000023",
            "annotations": []
        },
        {
            "sentence": "후속 조치 계획: 관할 동 주민센터 및 주거지원팀과 협의하여 보조금 및 연계 서비스를 진행할 예정.",
            "id": "sample_013_0062_000024",
            "annotations": []
        },
        {
            "sentence": "결재선: 내부 비공개 결재선(접근 제한), 승인자: 장형욱.",
            "id": "sample_013_0062_000025",
            "annotations": [
                {
                    "word": "내부 비공개 결재선",
                    "start": 5,
                    "end": 15,
                    "label": "기밀정보"
                },
                {
                    "word": "장형욱",
                    "start": 29,
                    "end": 32,
                    "label": "개인정보"
                }
            ]
        },
        {
            "sentence": "담당 사례관리사: 장형욱, 사번: 2023-0001(내부용 표기).",
            "id": "sample_013_0062_000026",
            "annotations": [
                {
                    "word": "장형욱",
                    "start": 10,
                    "end": 13,
                    "label": "개인정보"
                },
                {
                    "word": "2023-0001",
                    "start": 19,
                    "end": 28,
                    "label": "개인정보"
                }
            ]
        },
        {
            "sentence": "작성자 서명(전자): 장형욱, 작성일: 2025년 11월 12일.",
            "id": "sample_013_0062_000027",
            "annotations": [
                {
                    "word": "장형욱",
                    "start": 12,
                    "end": 15,
                    "label": "개인정보"
                },
                {
                    "word": "2025년",
                    "start": 22,
                    "end": 27,
                    "label": "준식별자"
                },
                {
                    "word": "11월",
                    "start": 28,
                    "end": 31,
                    "label": "준식별자"
                },
                {
                    "word": "12일",
                    "start": 32,
                    "end": 35,
                    "label": "준식별자"
                }
            ]
        },
        {
            "sentence": "결론: 즉시 생계급여 임시지급을 권고하며 14일 내 추가 서류 제출을 요청함.",
            "id": "sample_013_0062_000028",
            "annotations": []
        }
    ]
}