{
    "document_id": "013_0017",
    "document_title": "사례관리 보고서 및 수급자격 심사결과서",
    "data": [
        {
            "sentence": "사례관리 및 수급자격 심사 보고서(사회복지/공공서비스)는 기관 내부 양식에 따라 작성되었습니다.",
            "id": "sample_013_0017_000001",
            "annotations": []
        },
        {
            "sentence": "대상자명: 전대웅으로 사례 접수되었으며 접수일자: 2025년 11월 15일입니다.",
            "id": "sample_013_0017_000002",
            "annotations": [
                {
                    "word": "전대웅",
                    "start": 6,
                    "end": 9,
                    "label": "개인정보"
                },
                {
                    "word": "2025",
                    "start": 28,
                    "end": 32,
                    "label": "준식별자"
                },
                {
                    "word": "11",
                    "start": 34,
                    "end": 36,
                    "label": "준식별자"
                },
                {
                    "word": "15",
                    "start": 38,
                    "end": 40,
                    "label": "준식별자"
                }
            ]
        },
        {
            "sentence": "생년월일: 1980년 05월 12일, 성별: 남성으로 등록되어 상담이 진행되었습니다.",
            "id": "sample_013_0017_000003",
            "annotations": [
                {
                    "word": "1980",
                    "start": 6,
                    "end": 10,
                    "label": "준식별자"
                },
                {
                    "word": "05",
                    "start": 12,
                    "end": 14,
                    "label": "준식별자"
                },
                {
                    "word": "12",
                    "start": 16,
                    "end": 18,
                    "label": "준식별자"
                },
                {
                    "word": "남성",
                    "start": 25,
                    "end": 27,
                    "label": "준식별자"
                }
            ]
        },
        {
            "sentence": "주소: 서울특별시 강서구 발산동에 거주한다고 진술하였으며 주거지 실거주 여부 확인이 필요합니다.",
            "id": "sample_013_0017_000004",
            "annotations": [
                {
                    "word": "서울특별시",
                    "start": 4,
                    "end": 9,
                    "label": "준식별자"
                },
                {
                    "word": "강서구",
                    "start": 10,
                    "end": 13,
                    "label": "준식별자"
                },
                {
                    "word": "발산동",
                    "start": 14,
                    "end": 17,
                    "label": "준식별자"
                }
            ]
        },
        {
            "sentence": "가구원 정보는 배우자 장주온(동거), 성인 자녀 1인으로 파악되었으며 가족관계증명서로 확인 예정입니다.",
            "id": "sample_013_0017_000005",
            "annotations": [
                {
                    "word": "장주온",
                    "start": 12,
                    "end": 15,
                    "label": "개인정보"
                }
            ]
        },
        {
            "sentence": "직업 상태는 현재 무직으로 신고하였고 과거 소득이 단절된 상태여서 소득증빙 보완이 필요합니다.",
            "id": "sample_013_0017_000006",
            "annotations": [
                {
                    "word": "무직",
                    "start": 10,
                    "end": 12,
                    "label": "준식별자"
                }
            ]
        },
        {
            "sentence": "주요 상담 내용은 생계 곤란과 주거 불안정, 고정수입 부재로 인한 생활고에 관한 서술이 주를 이룹니다.",
            "id": "sample_013_0017_000007",
            "annotations": []
        },
        {
            "sentence": "건강상태로는 고혈압 병력이 있어 복용 중인 약물 목록과 진단서 제출을 권유하였습니다.",
            "id": "sample_013_0017_000008",
            "annotations": []
        },
        {
            "sentence": "현재 신청한 복지 카테고리는 생계급여, 긴급복지, 주거지원으로 분류하였고 우선순위를 설정했습니다.",
            "id": "sample_013_0017_000009",
            "annotations": []
        },
        {
            "sentence": "수급 자격 심사 관련 제출서류로 소득증빙, 가족관계증명서, 건강보험 자격 확인서 등을 요청했습니다.",
            "id": "sample_013_0017_000010",
            "annotations": []
        },
        {
            "sentence": "사례관리 초기 상담을 통해 즉각적 생계지원 필요성이 확인되어 우선적 지원계획을 수립했습니다.",
            "id": "sample_013_0017_000011",
            "annotations": []
        },
        {
            "sentence": "담당자 표시는 최하음 사례관리사가 배정되어 서류 접수와 보완 요청을 주도하도록 기재하였습니다.",
            "id": "sample_013_0017_000012",
            "annotations": [
                {
                    "word": "최하음",
                    "start": 8,
                    "end": 11,
                    "label": "개인정보"
                }
            ]
        },
        {
            "sentence": "심사 예비판정은 1차 조건을 충족하는 것으로 판단되나 소득 관련 추가 서류 제출을 조건으로 명시했습니다.",
            "id": "sample_013_0017_000013",
            "annotations": []
        },
        {
            "sentence": "내부 결재선은 팀장 검토 후 최종 확정하며 해당 정보는 내부 전산 시스템에서 관리되는 사항입니다.",
            "id": "sample_013_0017_000014",
            "annotations": [
                {
                    "word": "내부 결재선",
                    "start": 0,
                    "end": 6,
                    "label": "기밀정보"
                },
                {
                    "word": "내부 전산 시스템",
                    "start": 31,
                    "end": 40,
                    "label": "기밀정보"
                }
            ]
        },
        {
            "sentence": "후원금 관련 계좌는 내부관리용으로 별도 보관하며 예시 계좌번호 301-0123-4567을 문서에 기재하였습니다.",
            "id": "sample_013_0017_000015",
            "annotations": [
                {
                    "word": "301-0123-4567",
                    "start": 35,
                    "end": 48,
                    "label": "기밀정보"
                }
            ]
        },
        {
            "sentence": "예산 집행 내역은 관할 부서 승인 없이는 외부 공유가 금지되어 있으며 내부 절차에 따라 검토됩니다.",
            "id": "sample_013_0017_000016",
            "annotations": []
        },
        {
            "sentence": "사례회의 일정은 매월 둘째 주 목요일로 조율되어 있으며 사례관리팀 전원이 참석하도록 안내합니다.",
            "id": "sample_013_0017_000017",
            "annotations": []
        },
        {
            "sentence": "담당자 메모에는 대상자가 단기 생계 지원과 중장기 자활계획 병행이 필요하다고 기록되어 있습니다.",
            "id": "sample_013_0017_000018",
            "annotations": []
        },
        {
            "sentence": "사례 목표는 6개월 내 자립 가능한 소득 확보와 주거 안정 도모를 중심으로 설정하였습니다.",
            "id": "sample_013_0017_000019",
            "annotations": []
        },
        {
            "sentence": "지원 계획에는 긴급 생계비 지급, 주거전세금 상담, 직업훈련 연계 등의 항목이 포함되어 있습니다.",
            "id": "sample_013_0017_000020",
            "annotations": []
        },
        {
            "sentence": "가족관계 확인 과정에서 배우자 장주온의 동거 사실과 일부 소득자료를 제출받아 기록하였습니다.",
            "id": "sample_013_0017_000021",
            "annotations": [
                {
                    "word": "장주온",
                    "start": 17,
                    "end": 20,
                    "label": "개인정보"
                }
            ]
        },
        {
            "sentence": "문서관리 상의 기밀유지를 위해 개인 연락처는 기록에서 제거하고 기관 내부 ID로 대체하였음을 명시합니다.",
            "id": "sample_013_0017_000022",
            "annotations": []
        },
        {
            "sentence": "사례관리사 예비확인 서명은 류용운 명의로 이루어졌음을 문서에 기록하였습니다.",
            "id": "sample_013_0017_000023",
            "annotations": [
                {
                    "word": "류용운",
                    "start": 15,
                    "end": 18,
                    "label": "개인정보"
                }
            ]
        },
        {
            "sentence": "결론적으로 대상자는 생계급여 지원 대상자로 추천하며 긴급복지는 보완서류 제출 후 재검토합니다.",
            "id": "sample_013_0017_000024",
            "annotations": []
        },
        {
            "sentence": "향후 조치로는 서류 보완 통보, 2주 내 재심사 일정 통보, 지역자활센터 연계 의뢰를 명시했습니다.",
            "id": "sample_013_0017_000025",
            "annotations": []
        },
        {
            "sentence": "본 보고서는 내부관리 문서로 외부 공개 시 상급자 승인과 보안검토가 필요함을 재차 명시합니다.",
            "id": "sample_013_0017_000026",
            "annotations": []
        },
        {
            "sentence": "작성자 검토란에는 최하음 확인, 팀장 승인 대기 상태로 표기되어 있으며 최종 결재를 대기 중입니다.",
            "id": "sample_013_0017_000027",
            "annotations": [
                {
                    "word": "최하음",
                    "start": 10,
                    "end": 13,
                    "label": "개인정보"
                }
            ]
        },
        {
            "sentence": "파일은 내부 네트워크의 비공개 폴더에 보관되며 접근 권한은 관련 담당자에 한해 제한됩니다.",
            "id": "sample_013_0017_000028",
            "annotations": [
                {
                    "word": "내부 네트워크의 비공개 폴더",
                    "start": 4,
                    "end": 19,
                    "label": "기밀정보"
                }
            ]
        }
    ]
}