{
    "document_id": "013_0035",
    "document_title": "기초생활 수급 신청 및 사례관리 상담 일지",
    "data": [
        {
            "sentence": "문서 제목: 기초생활 수급 신청 및 사례관리 상담 일지.",
            "id": "sample_013_0035_000001",
            "annotations": []
        },
        {
            "sentence": "작성일: 2025년 12월 10일.",
            "id": "sample_013_0035_000002",
            "annotations": [
                {
                    "word": "2025년 12월 10일",
                    "start": 5,
                    "end": 18,
                    "label": "준식별자"
                }
            ]
        },
        {
            "sentence": "복지 카테고리: 기초생활보장(생계급여) 신청으로 접수됨.",
            "id": "sample_013_0035_000003",
            "annotations": []
        },
        {
            "sentence": "대상자: 장수언(여성) 님, 본 상담은 수급 요건 확인과 생활 실태 점검을 목적으로 진행되었다.",
            "id": "sample_013_0035_000004",
            "annotations": [
                {
                    "word": "장수언",
                    "start": 5,
                    "end": 8,
                    "label": "개인정보"
                },
                {
                    "word": "여성",
                    "start": 9,
                    "end": 11,
                    "label": "준식별자"
                }
            ]
        },
        {
            "sentence": "생년월일: 1985년 06월 15일, 연령과 가족 구성원 기준에 따른 소득 산정이 중요하다.",
            "id": "sample_013_0035_000005",
            "annotations": [
                {
                    "word": "1985년 06월 15일",
                    "start": 6,
                    "end": 19,
                    "label": "준식별자"
                }
            ]
        },
        {
            "sentence": "주소: 서울특별시 강서구 거주, 세부 주소는 개인정보 보호를 위해 기록 생략함.",
            "id": "sample_013_0035_000006",
            "annotations": [
                {
                    "word": "서울특별시 강서구",
                    "start": 4,
                    "end": 13,
                    "label": "준식별자"
                }
            ]
        },
        {
            "sentence": "가구 구성: 본인(장수언, 여성), 배우자 미동거, 부양의무자 해당 여부에 대한 확인 필요.",
            "id": "sample_013_0035_000007",
            "annotations": [
                {
                    "word": "장수언",
                    "start": 10,
                    "end": 13,
                    "label": "개인정보"
                }
            ]
        },
        {
            "sentence": "주요 제출서류: 신분증 사본, 건강보험 자격득실 확인서, 급여명세서, 통장 사본을 제출받음.",
            "id": "sample_013_0035_000008",
            "annotations": []
        },
        {
            "sentence": "소득 현황: 최근 3개월 평균 근로소득이 확인되지 않으며 일용직 단기 근로로 소득 변동성이 높음.",
            "id": "sample_013_0035_000009",
            "annotations": []
        },
        {
            "sentence": "직업: 가사도우미(비정규직), 현재 고용주는 희망복지센터와 단기 계약 상태로 확인됨.",
            "id": "sample_013_0035_000010",
            "annotations": [
                {
                    "word": "가사도우미",
                    "start": 4,
                    "end": 9,
                    "label": "준식별자"
                },
                {
                    "word": "희망복지센터",
                    "start": 25,
                    "end": 31,
                    "label": "준식별자"
                }
            ]
        },
        {
            "sentence": "건강상태: 당뇨 진단 병력과 만성 요통으로 일상활동의 일부 제약이 보고되었음.",
            "id": "sample_013_0035_000011",
            "annotations": []
        },
        {
            "sentence": "의료서류: 의사소견서 및 병원 진료기록 일부가 제출되었고 추가 소견서 요청을 권고함.",
            "id": "sample_013_0035_000012",
            "annotations": []
        },
        {
            "sentence": "가구 재산 및 금융: 임대아파트에 거주하며 저축액은 미미한 수준으로 확인됨.",
            "id": "sample_013_0035_000013",
            "annotations": []
        },
        {
            "sentence": "통장 사본에는 계좌번호 123-456-789012가 기재되어 있으며 급여 이전 확인을 위해 일시 제출됨.",
            "id": "sample_013_0035_000014",
            "annotations": [
                {
                    "word": "123-456-789012",
                    "start": 13,
                    "end": 27,
                    "label": "기밀정보"
                }
            ]
        },
        {
            "sentence": "연락처: 010-1234-5678로 가족 및 이웃과의 연락이 가능하며 긴급연락처는 별도 기록됨.",
            "id": "sample_013_0035_000015",
            "annotations": [
                {
                    "word": "010-1234-5678",
                    "start": 5,
                    "end": 18,
                    "label": "개인정보"
                }
            ]
        },
        {
            "sentence": "이메일: jsu@example.com으로 전자문서 수신 동의 여부를 확인함.",
            "id": "sample_013_0035_000016",
            "annotations": [
                {
                    "word": "jsu@example.com",
                    "start": 5,
                    "end": 20,
                    "label": "개인정보"
                }
            ]
        },
        {
            "sentence": "사례담당자: 원철한(사번: 20231234), 지역사회복지팀 소속으로 사례 관리 및 연계 업무를 수행함.",
            "id": "sample_013_0035_000017",
            "annotations": [
                {
                    "word": "원철한",
                    "start": 7,
                    "end": 10,
                    "label": "개인정보"
                },
                {
                    "word": "사번: 20231234",
                    "start": 11,
                    "end": 23,
                    "label": "개인정보"
                }
            ]
        },
        {
            "sentence": "내부결재: 내부 결재선: 팀장 원철한 승인으로 심사가 진행되었으며 내부 메모는 비공개 자료로 분류됨.",
            "id": "sample_013_0035_000018",
            "annotations": [
                {
                    "word": "내부 결재선: 팀장 원철한 승인",
                    "start": 6,
                    "end": 23,
                    "label": "기밀정보"
                },
                {
                    "word": "원철한",
                    "start": 17,
                    "end": 20,
                    "label": "개인정보"
                }
            ]
        },
        {
            "sentence": "심사일: 2025년 12월 12일에 심사위원 회의가 개최되었고 제출서류 보완이 요구됨.",
            "id": "sample_013_0035_000019",
            "annotations": [
                {
                    "word": "2025년 12월 12일",
                    "start": 5,
                    "end": 18,
                    "label": "준식별자"
                }
            ]
        },
        {
            "sentence": "심사평가 요약: 생활실태조사 결과 일부 기준점수 미충족 항목이 있으나 긴급지원 필요성이 인정됨.",
            "id": "sample_013_0035_000020",
            "annotations": []
        },
        {
            "sentence": "추천조치: 조건부 수급 대상으로 예비 결정 권고, 추가 증빙은 30일 이내 제출하도록 안내함.",
            "id": "sample_013_0035_000021",
            "annotations": []
        },
        {
            "sentence": "추가 요구서류: 최근 3개월 급여명세서, 주민등록등본(가족관계 확인용) 및 추가 의사소견서 제출 필요.",
            "id": "sample_013_0035_000022",
            "annotations": []
        },
        {
            "sentence": "사후관리 계획: 매월 방문 상담 및 긴급복지 연계 계획을 수립하였고 방문 담당자는 조나단으로 지정됨.",
            "id": "sample_013_0035_000023",
            "annotations": [
                {
                    "word": "조나단",
                    "start": 46,
                    "end": 49,
                    "label": "개인정보"
                }
            ]
        },
        {
            "sentence": "가정 내 긴급 상황 대비비로 가족 계좌로 50만원을 예산 편성하여 긴급 지원 체계를 마련 권고함.",
            "id": "sample_013_0035_000024",
            "annotations": []
        },
        {
            "sentence": "후속 지원 연계: 지역자활센터와 연계하여 직업훈련 및 일시적 고용 기회를 안내할 예정임.",
            "id": "sample_013_0035_000025",
            "annotations": []
        },
        {
            "sentence": "복지기관 의견: 사례회의 메모에는 내부 논의사항과 예산 조정안이 포함되어 있어 기밀로 관리됨.",
            "id": "sample_013_0035_000026",
            "annotations": [
                {
                    "word": "예산 조정안",
                    "start": 28,
                    "end": 34,
                    "label": "기밀정보"
                }
            ]
        },
        {
            "sentence": "사례회의 참석자 기록: 원철한, 조나단, 엄경임 등 내부 인력이 참여하여 세부 안건을 논의함.",
            "id": "sample_013_0035_000027",
            "annotations": [
                {
                    "word": "원철한",
                    "start": 13,
                    "end": 16,
                    "label": "개인정보"
                },
                {
                    "word": "조나단",
                    "start": 18,
                    "end": 21,
                    "label": "개인정보"
                },
                {
                    "word": "엄경임",
                    "start": 23,
                    "end": 26,
                    "label": "개인정보"
                }
            ]
        },
        {
            "sentence": "결론 및 조치: 신청자에게 조건부 수급 안내문을 송부하고 담당자 원철한이 최종 연락 및 조율을 담당하기로 함.",
            "id": "sample_013_0035_000028",
            "annotations": [
                {
                    "word": "원철한",
                    "start": 36,
                    "end": 39,
                    "label": "개인정보"
                }
            ]
        }
    ]
}