{
    "document_id": "051_0087",
    "document_title": "인공지능 윤리 및 거버넌스: 모델 운영·감시·위험평가 통합보고서",
    "data": [
        {
            "sentence": "문서 개요: 본 문서는 인공지능 윤리 및 거버넌스 관점의 모델 운영·감시·위험평가 보고서입니다.",
            "id": "sample_051_0087_000001",
            "annotations": []
        },
        {
            "sentence": "프로젝트 책임자: 허은수(문의 이메일: project@company.com)이며 연락 체계와 책임 구분을 명시합니다.",
            "id": "sample_051_0087_000002",
            "annotations": [
                {
                    "word": "허은수",
                    "start": 10,
                    "end": 13,
                    "label": "개인정보"
                },
                {
                    "word": "project@company.com",
                    "start": 22,
                    "end": 41,
                    "label": "개인정보"
                }
            ]
        },
        {
            "sentence": "데이터 제공 책임자: 주미화(익명화 토큰: PERSON_01)로 명시하고, 매핑은 HSM에 저장합니다.",
            "id": "sample_051_0087_000003",
            "annotations": [
                {
                    "word": "주미화",
                    "start": 12,
                    "end": 15,
                    "label": "개인정보"
                }
            ]
        },
        {
            "sentence": "연락처: 010-1234-5678, 이메일: jumihwa@company.com은 내부 연락처 정보로 관리됩니다.",
            "id": "sample_051_0087_000004",
            "annotations": [
                {
                    "word": "010-1234-5678",
                    "start": 5,
                    "end": 18,
                    "label": "개인정보"
                },
                {
                    "word": "jumihwa@company.com",
                    "start": 25,
                    "end": 44,
                    "label": "개인정보"
                }
            ]
        },
        {
            "sentence": "사번: 20231234는 내부 접근 제어 대상이며 외부 공개 금지 항목으로 분류됩니다.",
            "id": "sample_051_0087_000005",
            "annotations": [
                {
                    "word": "20231234",
                    "start": 4,
                    "end": 12,
                    "label": "개인정보"
                }
            ]
        },
        {
            "sentence": "생년월일(연/월/일): 1985/04/12, 성별: 여성으로 원본 데이터에는 준식별자 요소가 존재합니다.",
            "id": "sample_051_0087_000006",
            "annotations": [
                {
                    "word": "1985",
                    "start": 13,
                    "end": 17,
                    "label": "준식별자"
                },
                {
                    "word": "04",
                    "start": 18,
                    "end": 20,
                    "label": "준식별자"
                },
                {
                    "word": "12",
                    "start": 21,
                    "end": 23,
                    "label": "준식별자"
                },
                {
                    "word": "여성",
                    "start": 29,
                    "end": 31,
                    "label": "준식별자"
                }
            ]
        },
        {
            "sentence": "주소(시/군/구): 종로구, 직장명: 한국AI연구소, 국적: 대한민국이 데이터셋 메타에 포함됩니다.",
            "id": "sample_051_0087_000007",
            "annotations": [
                {
                    "word": "종로구",
                    "start": 11,
                    "end": 14,
                    "label": "준식별자"
                },
                {
                    "word": "한국AI연구소",
                    "start": 21,
                    "end": 28,
                    "label": "준식별자"
                },
                {
                    "word": "대한민국",
                    "start": 34,
                    "end": 38,
                    "label": "준식별자"
                }
            ]
        },
        {
            "sentence": "서버 접속 주소: 192.168.0.45는 내부 네트워크에 있으며 기밀로 분류됩니다.",
            "id": "sample_051_0087_000008",
            "annotations": [
                {
                    "word": "192.168.0.45",
                    "start": 10,
                    "end": 22,
                    "label": "기밀정보"
                }
            ]
        },
        {
            "sentence": "모델 파일 경로: /srv/models/prod/model_v1.2.pt는 비공개 파일 경로로 감사 대상입니다.",
            "id": "sample_051_0087_000009",
            "annotations": [
                {
                    "word": "/srv/models/prod/model_v1.2.pt",
                    "start": 10,
                    "end": 40,
                    "label": "기밀정보"
                }
            ]
        },
        {
            "sentence": "내부 감사용 URL: https://internal.company.local/ai-dashboard 접근은 제한됩니다.",
            "id": "sample_051_0087_000010",
            "annotations": [
                {
                    "word": "https://internal.company.local/ai-dashboard",
                    "start": 12,
                    "end": 55,
                    "label": "기밀정보"
                }
            ]
        },
        {
            "sentence": "계좌번호(후원금 명세): 123-456-789012 기밀 금융정보로 취급합니다.",
            "id": "sample_051_0087_000011",
            "annotations": [
                {
                    "word": "123-456-789012",
                    "start": 14,
                    "end": 28,
                    "label": "기밀정보"
                }
            ]
        },
        {
            "sentence": "결재자: 전진주(승인일: 2024-11-15) 및 결재 라인 기록은 서명 저장됩니다.",
            "id": "sample_051_0087_000012",
            "annotations": [
                {
                    "word": "전진주",
                    "start": 5,
                    "end": 8,
                    "label": "개인정보"
                }
            ]
        },
        {
            "sentence": "모델 ID: model-2024-051-v1, model_card 버전: 1.2.0, 소스: internal/repo@v1.2.0, sha256: a1b2...caf3.",
            "id": "sample_051_0087_000013",
            "annotations": []
        },
        {
            "sentence": "데이터셋 ID: ds-2024-089, datasheet 버전: 2024-09-30, 출처 및 라이선스: CC-BY-4.0로 명시합니다.",
            "id": "sample_051_0087_000014",
            "annotations": []
        },
        {
            "sentence": "학습 환경: CUDA 11.8, PyTorch 2.1, 노드: 8xA100, 총 학습시간 및 체크포인트 경로를 기록합니다.",
            "id": "sample_051_0087_000015",
            "annotations": []
        },
        {
            "sentence": "하이퍼파라미터: lr=3e-5, batch_size=128, epochs=12, training_seed=42, 재현성 옵션과 랜덤시드 저장을 준수합니다.",
            "id": "sample_051_0087_000016",
            "annotations": []
        },
        {
            "sentence": "학습 시작: 2024-10-01T08:00:00Z, 학습 종료: 2024-10-10T18:30:00Z, 환경변동 로그를 포함합니다.",
            "id": "sample_051_0087_000017",
            "annotations": []
        },
        {
            "sentence": "데이터 라인리지 문서 ID: lineage-2024-051은 데이터 출처·변환·라이선스 정보를 체인오브레코드로 보관합니다.",
            "id": "sample_051_0087_000018",
            "annotations": []
        },
        {
            "sentence": "동의 기록 ID: CONSENT-2024-0001, 동의 유형: 연구 및 재사용 허용, 삭제요청 절차를 명시합니다.",
            "id": "sample_051_0087_000019",
            "annotations": []
        },
        {
            "sentence": "개인정보 포함 여부(pii_flag): true, 익명화 방식: 가명처리(pseudonymization) 및 k-anonymity(k=10) 적용합니다.",
            "id": "sample_051_0087_000020",
            "annotations": []
        },
        {
            "sentence": "익명화 근거: 주민등록번호 등 직접식별자는 저장하지 않으며 매핑 테이블은 HSM에 분리 보관합니다.",
            "id": "sample_051_0087_000021",
            "annotations": [
                {
                    "word": "주민등록번호",
                    "start": 8,
                    "end": 14,
                    "label": "개인정보"
                }
            ]
        },
        {
            "sentence": "편향지표: demographic parity 차이 0.03, 허용임계값 0.05로 설정하여 모니터링합니다.",
            "id": "sample_051_0087_000022",
            "annotations": []
        },
        {
            "sentence": "편향 분석 보고서 ID: bias-2024-051에는 그룹별 오류율과 재학습 권고가 포함되어 있습니다.",
            "id": "sample_051_0087_000023",
            "annotations": []
        },
        {
            "sentence": "설명가능성 리포트 ID: xai-2024-051, 고위험군에 대해 feature importance와 사례별 설명을 제공합니다.",
            "id": "sample_051_0087_000024",
            "annotations": []
        },
        {
            "sentence": "위험평가 ID: risk-2024-051, 위험등급: High, 주요 리스크는 개인정보 유출 가능성과 운영중단입니다.",
            "id": "sample_051_0087_000025",
            "annotations": []
        },
        {
            "sentence": "완화조치: 접근통제 강화, 입력검증 체계 도입, 자동 차단 룰, 주기적 외부감사를 권고합니다.",
            "id": "sample_051_0087_000026",
            "annotations": []
        },
        {
            "sentence": "감사 로그 ID: audit-2024-051은 불변 저장(S3 Object Lock) 및 디지털 서명으로 보존합니다.",
            "id": "sample_051_0087_000027",
            "annotations": []
        },
        {
            "sentence": "변경 로그(change_log)에는 버전 태그와 체인오브레코드가 포함되며 change_id: change-2024-051로 식별됩니다.",
            "id": "sample_051_0087_000028",
            "annotations": []
        },
        {
            "sentence": "배포 버전: v1.3, 배포일: 2024-11-20, 배포 책임자 및 승인은 배포 전 리뷰 워크플로우에 기록됩니다.",
            "id": "sample_051_0087_000029",
            "annotations": []
        },
        {
            "sentence": "모니터링 지표: latency_ms=45, accuracy=0.872, drift_alerts: input_drift_score=0.12(임계 0.1)이 탐지되었습니다.",
            "id": "sample_051_0087_000030",
            "annotations": []
        },
        {
            "sentence": "인시던트 리포트 ID: incident-2024-007, 상세: 입력 분포 급변으로 인한 예측오류 및 긴급 롤백 시행.",
            "id": "sample_051_0087_000031",
            "annotations": []
        },
        {
            "sentence": "규제준수: GDPR 및 개인정보 보호법 적용 범위, 규제기관 통지(regulator_notice-2024-051) 절차를 명시합니다.",
            "id": "sample_051_0087_000032",
            "annotations": []
        }
    ]
}