{
    "document_id": "051_0038",
    "document_title": "인공지능 윤리 및 거버넌스: 모델·데이터 거버넌스 종합보고서 v2.1",
    "data": [
        {
            "sentence": "본 문서는 인공지능 윤리 및 거버넌스 검토를 목적으로 작성된 종합보고서이며 메타데이터와 증빙 가능한 버전 정보를 포함합니다.",
            "id": "sample_051_0038_000001",
            "annotations": []
        },
        {
            "sentence": "문서 버전은 v2.1이며 생성일은 2025-01-15T09:00:00Z, 작성자는 거버넌스팀이며 변경 불변성 확보를 위해 디지털 서명 및 불변 스토리지에 보관합니다.",
            "id": "sample_051_0038_000002",
            "annotations": []
        },
        {
            "sentence": "모델 책임자는 정준기(거버넌스 리드)로 지정되어 있으며 책임·승인 워크플로우에 서명권한이 등록되어 있습니다.",
            "id": "sample_051_0038_000003",
            "annotations": [
                {
                    "word": "정준기",
                    "start": 8,
                    "end": 11,
                    "label": "개인정보"
                }
            ]
        },
        {
            "sentence": "연락담당자는 김재윤으로 등록되어 있으며 내부 연락처 예시는 kimjy@example.com, 휴대전화 010-1234-5678, 사번: 20240123로 검토 목적에 한해 참조됩니다.",
            "id": "sample_051_0038_000004",
            "annotations": [
                {
                    "word": "김재윤",
                    "start": 7,
                    "end": 10,
                    "label": "개인정보"
                },
                {
                    "word": "kimjy@example.com",
                    "start": 33,
                    "end": 50,
                    "label": "개인정보"
                },
                {
                    "word": "010-1234-5678",
                    "start": 57,
                    "end": 70,
                    "label": "개인정보"
                },
                {
                    "word": "사번: 20240123",
                    "start": 72,
                    "end": 84,
                    "label": "개인정보"
                }
            ]
        },
        {
            "sentence": "model_id는 ai-ethics-v2.1이며 model_card는 모델 목적·한계·성능·보안 요구사항을 포함하는 버전화된 문서입니다.",
            "id": "sample_051_0038_000005",
            "annotations": []
        },
        {
            "sentence": "dataset_id는 ds_civil_2024_v1이며 dataset_datasheet는 수집일, 라벨링 지침, 라이선스, 데이터 출처를 상세히 명시합니다.",
            "id": "sample_051_0038_000006",
            "annotations": []
        },
        {
            "sentence": "데이터 라인리지는 원천(public crawl, 파트너 제출), 전처리 스크립트 버전 1.4.3, 합성 보강 단계 및 저장 위치로 문서화되어 있으며 예시 지역표기는 서울특별시 강남구 수준으로 분리 표기합니다.",
            "id": "sample_051_0038_000007",
            "annotations": [
                {
                    "word": "서울특별시 강남구",
                    "start": 92,
                    "end": 101,
                    "label": "준식별자"
                }
            ]
        },
        {
            "sentence": "수집된 일부 준식별자 예시는 등록된 생년월일 1990-05-12과 거주지 수준의 시군구 정보로서 통계적 익명화 필요성이 문서에 명시되어 있습니다.",
            "id": "sample_051_0038_000008",
            "annotations": [
                {
                    "word": "1990-05-12",
                    "start": 25,
                    "end": 35,
                    "label": "준식별자"
                }
            ]
        },
        {
            "sentence": "training_environment는 Docker 이미지 ai-env:2024.11, CUDA 11.8, PyTorch 2.1, GPU 유형은 NVIDIA A100이며 환경 구성 파일 경로와 체크섬을 동봉합니다.",
            "id": "sample_051_0038_000009",
            "annotations": []
        },
        {
            "sentence": "hyperparameters는 learning_rate=3e-5, batch_size=256, epochs=12이며 하이퍼파라미터 튜닝 로그와 최종 선택 근거를 재현 가능하게 수록했습니다.",
            "id": "sample_051_0038_000010",
            "annotations": []
        },
        {
            "sentence": "training_seed는 42로 고정되어 있으며 재현성 확보를 위해 시드 설정 코드와 실행환경 스냅샷을 기록했습니다.",
            "id": "sample_051_0038_000011",
            "annotations": []
        },
        {
            "sentence": "학습기간은 training_start_timestamp=2024-01-10T08:00:00Z, training_end_timestamp=2024-02-15T18:00:00Z로 로그 보관 위치와 서명을 함께 명시합니다.",
            "id": "sample_051_0038_000012",
            "annotations": []
        },
        {
            "sentence": "데이터·모델 파일의 운영 저장소 예시로 내부 서버 IP 192.168.1.10과 내부 경로 /srv/models/prod/v1/model.pt가 존재하며 이는 기밀정보로 분류됩니다.",
            "id": "sample_051_0038_000013",
            "annotations": [
                {
                    "word": "192.168.1.10",
                    "start": 31,
                    "end": 43,
                    "label": "기밀정보"
                },
                {
                    "word": "/srv/models/prod/v1/model.pt",
                    "start": 51,
                    "end": 79,
                    "label": "기밀정보"
                }
            ]
        },
        {
            "sentence": "재무·자산 관련 기밀로 결재 및 보상 데이터에 포함된 계좌번호: 123-456-789012는 접근 통제 하에 암호화 저장합니다.",
            "id": "sample_051_0038_000014",
            "annotations": [
                {
                    "word": "계좌번호: 123-456-789012",
                    "start": 30,
                    "end": 50,
                    "label": "기밀정보"
                }
            ]
        },
        {
            "sentence": "consent_record_id는 CR-2024-0912-01이며 consent_details에는 사용목적, 보존기간, 동의철회 절차가 포함되어 있고 원문 서명은 안전 저장소에 보관됩니다.",
            "id": "sample_051_0038_000015",
            "annotations": []
        },
        {
            "sentence": "pii_flag는 true로 설정되어 있으며 개인정보는 저장 전 SHA-256 해시(솔트 포함) 방식으로 비식별화하고, 필요시 K-익명성과 differential privacy 기법으로 추가 보호합니다.",
            "id": "sample_051_0038_000016",
            "annotations": []
        },
        {
            "sentence": "fairness_metrics는 그룹별 정확도 격차(accuracy_gap)=0.03, 균등성 지표(equalized_odds_gap)=0.04로 기록되어 허용 임계값은 0.05 이내로 설정했습니다.",
            "id": "sample_051_0038_000017",
            "annotations": []
        },
        {
            "sentence": "bias_analysis_report는 레이블 편향, 샘플링 편향, 어노테이터 간 불일치 분석을 포함하며 주요 결과와 재샘플링 권고안을 부록에 첨부했습니다.",
            "id": "sample_051_0038_000018",
            "annotations": []
        },
        {
            "sentence": "explainability_report는 SHAP 및 LIME 기반 해석을 적용하였으며 설명 수준은 이해관계자별로 차등 제공하도록 정책을 명시했습니다.",
            "id": "sample_051_0038_000019",
            "annotations": []
        },
        {
            "sentence": "risk_assessment_id는 RA-2024-0007이며 평가 결과 risk_level은 High로 분류된 항목과 권장 mitigation_actions를 상세히 기재했습니다.",
            "id": "sample_051_0038_000020",
            "annotations": []
        },
        {
            "sentence": "권장 완화조치는 모델 액세스 강화, 추가 데이터 검증, 민감한 의사결정에 대한 인간 감시 강화와 외부 감사를 포함하며 우선순위는 Critical→High→Medium으로 지정합니다.",
            "id": "sample_051_0038_000021",
            "annotations": []
        },
        {
            "sentence": "audit_log_id는 AL-2024-77로 식별되며 변경 이력, 배포 기록, 모델 호출 로그는 tamper-evident 스토리지에 SHA-256 기반 체인오브레코드로 보존합니다.",
            "id": "sample_051_0038_000022",
            "annotations": []
        },
        {
            "sentence": "change_log에는 주요 커밋, 검토자, 승인 시점, 영향을 받는 구성요소가 포함되어 있으며 변경 불변성 확보를 위해 전자서명이 추가됩니다.",
            "id": "sample_051_0038_000023",
            "annotations": []
        },
        {
            "sentence": "deployment_version은 prod-2024-02-v1.3이며 배포 전에는 교차검토·윤리위원회 승인 절차를 완료하도록 규정되어 있습니다.",
            "id": "sample_051_0038_000024",
            "annotations": []
        },
        {
            "sentence": "monitoring_metrics는 실시간 지연시간(p95), 정확도, 사용자 피드백 비율을 포함하며 drift_alerts 임계값 초과 시 자동 롤백 규칙을 적용합니다.",
            "id": "sample_051_0038_000025",
            "annotations": []
        },
        {
            "sentence": "최근 drift_alerts는 입력분포 변화 감지로 알림이 발생했으며 해당 이벤트는 모니터링 로그와 함께 incident_report로 기록되어 조사중입니다.",
            "id": "sample_051_0038_000026",
            "annotations": []
        },
        {
            "sentence": "incident_report에는 사건 요약, 영향 범위, 즉각적 완화조치 및 장기 재발 방지 계획이 포함되며 관련 증거는 불변 저장소에 아카이브됩니다.",
            "id": "sample_051_0038_000027",
            "annotations": []
        },
        {
            "sentence": "compliance_certification은 GDPR 준수 항목과 국내 개인정보보호법 요건을 검토하여 적합성 수준을 표기했으며 외부 규제기관 제출용 서류를 첨부합니다.",
            "id": "sample_051_0038_000028",
            "annotations": []
        },
        {
            "sentence": "regulator_notification 기록은 2024-03-01자 제출 내역으로 규제기관 통지 번호 RN-2024-03-01이 발행되었으며 제출 포맷과 회신 메모를 포함합니다.",
            "id": "sample_051_0038_000029",
            "annotations": []
        },
        {
            "sentence": "리뷰어 코멘트 및 윤리위원회 결정 요약은 reviewer_comments와 ethics_committee_decision 항목에 각각 기록되어 있으며 최종 배포 여부는 내부 승인 절차에 따릅니다.",
            "id": "sample_051_0038_000030",
            "annotations": []
        }
    ]
}