{
    "document_id": "051_0040",
    "document_title": "인공지능 윤리·거버넌스 통합 메타데이터 및 위험관리 보고서",
    "data": [
        {
            "sentence": "본 문서는 인공지능 윤리 및 거버넌스 관점에서 모델·데이터·운영 전반의 증빙을 제공하기 위해 작성되었으며 출처와 버전을 명시합니다.",
            "id": "sample_051_0040_000001",
            "annotations": []
        },
        {
            "sentence": "문서 메타데이터: document_id=051_0040, 작성일=2024-01-15, 버전=1.2.0, 출처=AI거버넌스팀(증빙: git://repo/ai-governance v1.2.0).",
            "id": "sample_051_0040_000002",
            "annotations": []
        },
        {
            "sentence": "모델 식별자(model_id)는 model-051-v1.2.0으로 태깅되었고 모델카드(model_card)는 model_card_v1.2.0.md에 저장되어 서명 및 타임스탬프가 포함되어 있습니다.",
            "id": "sample_051_0040_000003",
            "annotations": []
        },
        {
            "sentence": "모델카드에는 목적, 개발팀, 평가환경, 제한사항, 재현성 정보(코드 리비전: abcdef123, 컨테이너 이미지: registry.company/model:1.2.0) 등이 포함됩니다.",
            "id": "sample_051_0040_000004",
            "annotations": []
        },
        {
            "sentence": "데이터셋 식별자(dataset_id)는 dataset-2024-009이며 데이터시트(dataset_datasheet)는 dataset_2024_009_datasheet.pdf로 저장되어 라이선스 및 출처가 명시되어 있습니다.",
            "id": "sample_051_0040_000005",
            "annotations": []
        },
        {
            "sentence": "학습환경(training_environment)은 Ubuntu 20.04, CUDA 11.7, PyTorch 2.1.0, 노드클러스터(cluster-id: gpu-prod-03)로 기록되었고 인프라 로그는 불변 스토리지에 보관됩니다.",
            "id": "sample_051_0040_000006",
            "annotations": []
        },
        {
            "sentence": "하이퍼파라미터(hyperparameters)는 learning_rate=1e-4, batch_size=128, epochs=30이며 training_seed=42로 고정하여 실험 재현성을 확보했습니다.",
            "id": "sample_051_0040_000007",
            "annotations": []
        },
        {
            "sentence": "학습 기간은 training_start_timestamp=2023-11-01T08:00:00Z, training_end_timestamp=2023-11-30T18:45:00Z로 기록되었으며 체크포인트와 해시값이 체인오브레코드에 포함됩니다.",
            "id": "sample_051_0040_000008",
            "annotations": []
        },
        {
            "sentence": "동의 기록(consent_record_id=CR-2024-001)에는 참여자 명시와 동의 범위가 포함되어 있고, 예시 참여자 중 하나로 이재린의 동의 서명이 참조되어 있습니다.",
            "id": "sample_051_0040_000009",
            "annotations": [
                {
                    "word": "이재린",
                    "start": 76,
                    "end": 79,
                    "label": "개인정보"
                }
            ]
        },
        {
            "sentence": "윤리위원회 검토 결과 및 리뷰어 표시는 전서화 리뷰어가 담당하였으며 관련 코멘트와 승인 이력은 불변 로그(AL-2024-990)에 서명 저장됩니다.",
            "id": "sample_051_0040_000010",
            "annotations": [
                {
                    "word": "전서화",
                    "start": 22,
                    "end": 25,
                    "label": "개인정보"
                }
            ]
        },
        {
            "sentence": "연락처 및 관리 포인트로 기재된 대표 연락처는 010-1234-5678이며 운영팀 비상연락처로 문서에 표기되어 있습니다.",
            "id": "sample_051_0040_000011",
            "annotations": [
                {
                    "word": "010-1234-5678",
                    "start": 26,
                    "end": 39,
                    "label": "개인정보"
                }
            ]
        },
        {
            "sentence": "데이터 관리 담당자 이메일은 admin@example.com으로 지정되어 있고 접근권한 변경시 해당 이메일로 알림이 발송됩니다.",
            "id": "sample_051_0040_000012",
            "annotations": [
                {
                    "word": "admin@example.com",
                    "start": 16,
                    "end": 33,
                    "label": "개인정보"
                }
            ]
        },
        {
            "sentence": "수집된 민감식별값 예시로는 주민등록번호 850712-1234567이 원본 수집항목으로 기재되어 있으나 문서 내에서는 즉시 해시 및 암호화 처리되었음을 명시합니다.",
            "id": "sample_051_0040_000013",
            "annotations": [
                {
                    "word": "850712-1234567",
                    "start": 22,
                    "end": 36,
                    "label": "개인정보"
                }
            ]
        },
        {
            "sentence": "주소 데이터 예시로 상세 주소 서울특별시 종로구 북촌길 12-3 호수 5가 초기 수집 레코드에 포함되었으며 이후 비식별화 절차가 수행되었습니다.",
            "id": "sample_051_0040_000014",
            "annotations": [
                {
                    "word": "서울특별시 종로구 북촌길 12-3 호수 5",
                    "start": 17,
                    "end": 40,
                    "label": "개인정보"
                }
            ]
        },
        {
            "sentence": "준식별자 항목은 생년월일: 1985-07-12, 성별: 여성, 시군구: 서울특별시 종로구로 어노테이션되어 있으며 날짜와 주소는 년/월/일 및 시/군/구 단위로 분리 보관합니다.",
            "id": "sample_051_0040_000015",
            "annotations": [
                {
                    "word": "1985-07-12",
                    "start": 15,
                    "end": 25,
                    "label": "준식별자"
                },
                {
                    "word": "여성",
                    "start": 31,
                    "end": 33,
                    "label": "준식별자"
                },
                {
                    "word": "서울특별시 종로구",
                    "start": 40,
                    "end": 49,
                    "label": "준식별자"
                }
            ]
        },
        {
            "sentence": "사번은 내부 식별자 예시로 S-2021-0456로 기재되어 있으며 사번과 연결된 매핑테이블은 별도 암호화 키관리시스템(KMS:kms-eth-01)에 의해 보호됩니다.",
            "id": "sample_051_0040_000016",
            "annotations": [
                {
                    "word": "S-2021-0456",
                    "start": 15,
                    "end": 26,
                    "label": "개인정보"
                }
            ]
        },
        {
            "sentence": "PII 플래그(pii_flag)는 일부 데이터셋에서 true로 설정되어 있으며 익명화 방법으로 k-익명성(k=10)과 differential privacy(ε=1.0, Laplace mechanism)를 조합하였음을 기록합니다.",
            "id": "sample_051_0040_000017",
            "annotations": []
        },
        {
            "sentence": "공정성 지표(fairness_metrics)는 성별과 연령대별 민감도 차이를 포함하며 구체적으로 equalized odds 차이는 0.04로 보고되어 허용 임계값 0.05 이내입니다.",
            "id": "sample_051_0040_000018",
            "annotations": []
        },
        {
            "sentence": "편향 분석 보고서(bias_analysis_report)는 데이터 불균형 소스, 레이블링 일관성 문제 및 완화 권고안을 포함하며 세부 검토는 데이터 시트에 링크되어 있습니다.",
            "id": "sample_051_0040_000019",
            "annotations": []
        },
        {
            "sentence": "설명가능성 리포트(explainability_report)는 SHAP 기반 전역·국소 설명과 LIME 샘플링을 포함하며 샘플 코드와 매트릭스는 재현성 파일에 첨부되어 있습니다.",
            "id": "sample_051_0040_000020",
            "annotations": []
        },
        {
            "sentence": "위험평가(risk_assessment_id=RA-2024-110) 결과 위험등급은 High로 분류되었고 권장 완화조치로 접근제어 강화, 민감데이터 암호화, 외부감사 실시를 제안합니다.",
            "id": "sample_051_0040_000021",
            "annotations": []
        },
        {
            "sentence": "감사 로그(audit_log_id=AL-2024-990)는 변경 이력과 배포 기록을 포함하며 로그는 SHA-256 해시(sha256:3b7f...)와 전자서명을 통해 불변성이 보장됩니다.",
            "id": "sample_051_0040_000022",
            "annotations": []
        },
        {
            "sentence": "배포 버전(deployment_version)은 v1.2.0이며 모니터링 지표(monitoring_metrics)는 정밀도, 재현율, 모델 예측 분포를 포함하고 드리프트 알림(drift_alerts)은 임계값 초과 시 자동으로 차단합니다.",
            "id": "sample_051_0040_000023",
            "annotations": []
        },
        {
            "sentence": "사전 정의된 인시던트 보고서(incident_report)는 오탐률 급증 사례를 다루며 담당자 허상철이 초기 대응을 수행하고 후속 조치 계획이 기록되어 있습니다.",
            "id": "sample_051_0040_000024",
            "annotations": [
                {
                    "word": "허상철",
                    "start": 53,
                    "end": 56,
                    "label": "개인정보"
                }
            ]
        },
        {
            "sentence": "규제 준수 항목에서는 GDPR 적용 가능성 및 국내 개인정보보호법 적용범위를 검토했으며 규제기관 통지(regulator_notification)는 분기별 형식으로 제출됩니다.",
            "id": "sample_051_0040_000025",
            "annotations": []
        },
        {
            "sentence": "인프라 기밀정보 예시로 생산서버 IP 10.10.20.30, 내부 파일 경로 /srv/models/prod/model_v12.pkl, 내부 관리 URL https://internal.company.local/admin가 기술되어 있습니다.",
            "id": "sample_051_0040_000026",
            "annotations": [
                {
                    "word": "10.10.20.30",
                    "start": 21,
                    "end": 32,
                    "label": "기밀정보"
                },
                {
                    "word": "/srv/models/prod/model_v12.pkl",
                    "start": 43,
                    "end": 73,
                    "label": "기밀정보"
                },
                {
                    "word": "https://internal.company.local/admin",
                    "start": 85,
                    "end": 121,
                    "label": "기밀정보"
                }
            ]
        },
        {
            "sentence": "재무 관련 기밀로 계좌번호: 110-012-345678와 후원금: 50,000,000원이 예시로 기록되어 있으며 재무 테이블은 접근권한이 제한되어 있습니다.",
            "id": "sample_051_0040_000027",
            "annotations": [
                {
                    "word": "계좌번호: 110-012-345678",
                    "start": 10,
                    "end": 30,
                    "label": "기밀정보"
                },
                {
                    "word": "110-012-345678",
                    "start": 16,
                    "end": 30,
                    "label": "기밀정보"
                },
                {
                    "word": "후원금: 50,000,000원",
                    "start": 32,
                    "end": 48,
                    "label": "기밀정보"
                }
            ]
        },
        {
            "sentence": "검토자의 코멘트(reviewer_comments)는 정재율, 백시완이 제출하였고 각각의 의견과 수정 요구사항은 감사 로그에 연결되어 있습니다.",
            "id": "sample_051_0040_000028",
            "annotations": [
                {
                    "word": "정재율",
                    "start": 29,
                    "end": 32,
                    "label": "개인정보"
                },
                {
                    "word": "백시완",
                    "start": 34,
                    "end": 37,
                    "label": "개인정보"
                }
            ]
        },
        {
            "sentence": "윤리위원회 결정(ethics_committee_decision)은 전서화 주심으로 '승인(조건부)' 처리되었고 조건부 승인 사유 및 보완항목이 문서에 명확히 기술되어 있습니다.",
            "id": "sample_051_0040_000029",
            "annotations": [
                {
                    "word": "전서화",
                    "start": 37,
                    "end": 40,
                    "label": "개인정보"
                }
            ]
        },
        {
            "sentence": "결론 및 실행항목으로 권고된 완화조치는 외부감사 예약, 데이터 라인리지 보강, 주기적 공정성 재평가이며 이행 기한 및 책임자는 명시되어 있습니다.",
            "id": "sample_051_0040_000030",
            "annotations": []
        },
        {
            "sentence": "증거 보존은 WORM 스토리지와 키관리시스템을 통해 수행되며 전체 문서는 전자서명 및 불변 해시로 보강되어 감사가능성을 확보합니다.",
            "id": "sample_051_0040_000031",
            "annotations": []
        }
    ]
}