{
    "document_id": "051_0082",
    "document_title": "인공지능 윤리 및 거버넌스 리스크 평가 및 운영 가이드",
    "data": [
        {
            "sentence": "문서 개요: 본 문서는 인공지능 윤리 및 거버넌스 관점의 리스크 평가와 운영 절차를 제시하며 문서 버전은 v1.3입니다.",
            "id": "sample_051_0082_000001",
            "annotations": []
        },
        {
            "sentence": "메타데이터(출처/버전): 작성자 저장소 repo: s3://gov-docs/ai-governance, 문서 버전 태그 v1.3, 생성일시 2024-05-20T09:00:00Z, 검증용 체크섬 제공(sha256: a3f5...).",
            "id": "sample_051_0082_000002",
            "annotations": []
        },
        {
            "sentence": "모델 식별: model_id는 model_vision_051_v3이며 model_card 위치는 s3://gov-bucket/model_card/model_vision_051_v3_v1.3.json이고 model_card 버전은 1.3입니다.",
            "id": "sample_051_0082_000003",
            "annotations": []
        },
        {
            "sentence": "데이터셋 식별: dataset_id는 dataset_face_2024_v2이며 dataset_datasheet는 s3://gov-bucket/datasheets/dataset_face_2024_v2_datasheet_v2.0.pdf입니다.",
            "id": "sample_051_0082_000004",
            "annotations": []
        },
        {
            "sentence": "훈련 환경(training_environment): OS Ubuntu 20.04, Docker 20.10, CUDA 11.7, 노드당 GPU 8xA100, 훈련 컨테이너 이미지 sha256: b7c1...; 환경 버전과 인벤토리 포함 기록합니다.",
            "id": "sample_051_0082_000005",
            "annotations": []
        },
        {
            "sentence": "하이퍼파라미터(hyperparameters): learning_rate=1e-4, batch_size=256, epochs=30, optimizer=AdamW(weight_decay=0.01)로 실험 기록과 구성 파일 버전을 명시합니다.",
            "id": "sample_051_0082_000006",
            "annotations": []
        },
        {
            "sentence": "재현성 정보(training_seed): training_seed=42를 사용하며 재현성 절차는 시드 고정, 노트북 커밋 및 컨테이너 이미지 고정으로 구성되어 있습니다.",
            "id": "sample_051_0082_000007",
            "annotations": []
        },
        {
            "sentence": "훈련 기간: training_start_timestamp=2024-05-12T09:00:00Z, training_end_timestamp=2024-05-15T18:30:00Z이며 모든 타임스탬프는 UTC로 기록됩니다.",
            "id": "sample_051_0082_000008",
            "annotations": []
        },
        {
            "sentence": "데이터 라인리지(data_lineage): 원천(raw_photos_v5 sha256: d4e2...), 서드파티 vendor_face_lic_v1(license=CC-BY-NC-4.0), 전처리 스크립트 커밋 abcdef1234를 추적합니다.",
            "id": "sample_051_0082_000009",
            "annotations": []
        },
        {
            "sentence": "동의 기록(consent_record_id): consent_record_id=consent_2024_0456이며 consent_details는 명시적 옵트인으로 이메일 및 연락처 수집과 모델 훈련 목적 사용을 포함합니다.",
            "id": "sample_051_0082_000010",
            "annotations": []
        },
        {
            "sentence": "표본 데이터 예시(익명화 전 원본): 이메일 han.idam@example.com, 연락처 010-1234-5678, 생년월일 1990-05-12, 성별 여성, 주소 서울특별시 강남구로 수집되었음을 기록합니다.",
            "id": "sample_051_0082_000011",
            "annotations": [
                {
                    "word": "han.idam@example.com",
                    "start": 25,
                    "end": 45,
                    "label": "개인정보"
                },
                {
                    "word": "010-1234-5678",
                    "start": 51,
                    "end": 64,
                    "label": "개인정보"
                },
                {
                    "word": "1990-05-12",
                    "start": 71,
                    "end": 81,
                    "label": "준식별자"
                },
                {
                    "word": "여성",
                    "start": 86,
                    "end": 88,
                    "label": "준식별자"
                },
                {
                    "word": "서울특별시",
                    "start": 93,
                    "end": 98,
                    "label": "준식별자"
                },
                {
                    "word": "강남구",
                    "start": 99,
                    "end": 102,
                    "label": "준식별자"
                }
            ]
        },
        {
            "sentence": "익명화/비식별화 절차: 이메일과 연락처는 SHA-256(salt+KMS) 해시로 대체하며 원본은 접근제어된 비밀금고에 토큰화하여 보관하고 접근 로그를 별도로 기록합니다.",
            "id": "sample_051_0082_000012",
            "annotations": []
        },
        {
            "sentence": "이름 및 사번 처리 근거: 실무자 이름은 내부 토큰화로 대체하고 감사 시에는 키 분할 기반 복호화 절차를 통해 제한적으로 원본 열람을 허용합니다; 근거는 내부 개인정보 처리방침 v2.0입니다.",
            "id": "sample_051_0082_000013",
            "annotations": []
        },
        {
            "sentence": "실제 감사 서명: 거버넌스 책임자 한이담의 승인 서명이 포함되었으며 서명키와 타임스탬프는 감사 로그에 영구 보관됩니다.",
            "id": "sample_051_0082_000014",
            "annotations": [
                {
                    "word": "한이담",
                    "start": 19,
                    "end": 22,
                    "label": "개인정보"
                }
            ]
        },
        {
            "sentence": "감사 로그 식별자: audit_log_id=audit_2024_001이며 감사 로그는 WORM 스토리지에 저장되어 변경 불가성과 전자서명이 보장됩니다.",
            "id": "sample_051_0082_000015",
            "annotations": []
        },
        {
            "sentence": "공정성 지표(fairness_metrics): demographic_parity_diff=0.030(95% CI 0.018–0.042), equalized_odds_diff=0.025(95% CI 0.010–0.040)를 보고합니다.",
            "id": "sample_051_0082_000016",
            "annotations": []
        },
        {
            "sentence": "편향 분석 보고서(bias_analysis_report): 여성 그룹에서 FPR이 상대적으로 높게 나타나 재샘플링과 비용 민감 학습(cost-sensitive learning)으로 개선 조치를 적용했습니다.",
            "id": "sample_051_0082_000017",
            "annotations": []
        },
        {
            "sentence": "설명가능성 보고서(explainability_report): SHAP을 사용한 특성 중요도와 LIME 기반 국소 설명을 제공하며 재현성용 노트북과 시드, 커밋 해시가 첨부되어 있습니다(커밋 abcdef1234, seed=42).",
            "id": "sample_051_0082_000018",
            "annotations": []
        },
        {
            "sentence": "위험평가(risk_assessment_id): risk_assessment_id=risk_2024_09, 리스크 등급은 High로 분류되며 근거와 위험 시나리오, 영향범위 및 우선순위가 문서화되어 있습니다.",
            "id": "sample_051_0082_000019",
            "annotations": []
        },
        {
            "sentence": "권장 완화조치(mitigation_actions): 민감속성 마스킹, 실시간 모니터링 차단 룰, 접근통제 강화, 주기적 외부감사 및 모델 제약 조건 적용을 권고합니다.",
            "id": "sample_051_0082_000020",
            "annotations": []
        },
        {
            "sentence": "변경이력(change_log)과 배포: change_log에는 검토 기록과 승인자 로그가 포함되며 최신 배포 버전은 deployment_version=v3.2-2024-05입니다.",
            "id": "sample_051_0082_000021",
            "annotations": []
        },
        {
            "sentence": "모니터링 지표 및 드리프트: 주간 AUC=0.942, 오류율(weekly)=0.8%이며 drift_alerts로 drift_2024_0812가 발생하여 재평가가 트리거되었습니다.",
            "id": "sample_051_0082_000022",
            "annotations": []
        },
        {
            "sentence": "사건 보고(incident_report): incident_2024_12에 따라 내부 서버 IP 192.168.10.45에 대한 비인가 접근 시도가 탐지되었고 연관 서비스 계정 svc_model_train이 조사 대상입니다.",
            "id": "sample_051_0082_000023",
            "annotations": [
                {
                    "word": "192.168.10.45",
                    "start": 54,
                    "end": 67,
                    "label": "기밀정보"
                },
                {
                    "word": "svc_model_train",
                    "start": 99,
                    "end": 114,
                    "label": "기밀정보"
                }
            ]
        },
        {
            "sentence": "기밀정보 항목: 내부 파일 경로 /srv/models/prod/model_v3.pt, KMS 키 식별자 kms-key-77, 외부 결제 계좌번호 110-123-456789 등은 기밀로 분류되어 별도 관리됩니다.",
            "id": "sample_051_0082_000024",
            "annotations": [
                {
                    "word": "/srv/models/prod/model_v3.pt",
                    "start": 18,
                    "end": 46,
                    "label": "기밀정보"
                },
                {
                    "word": "kms-key-77",
                    "start": 58,
                    "end": 68,
                    "label": "기밀정보"
                },
                {
                    "word": "110-123-456789",
                    "start": 81,
                    "end": 95,
                    "label": "기밀정보"
                }
            ]
        },
        {
            "sentence": "규제 준수 항목: 본 문서는 GDPR(Art.5, Art.25)과 한국 개인정보 보호법의 적용 범위 및 기술적·관리적 요구사항을 매핑하여 규제 대응 체크리스트를 포함합니다.",
            "id": "sample_051_0082_000025",
            "annotations": []
        },
        {
            "sentence": "규제기관 통지(regulator_notification): 개인정보보호위원회 및 과학기술정보통신부에 2024-05-20에 서면 통지하였고 접수번호 REG-2024-099를 기록했습니다.",
            "id": "sample_051_0082_000026",
            "annotations": []
        },
        {
            "sentence": "검토자 코멘트(reviewer_comments): 송효재 검토의견으로 추가 재현성 테스트와 샘플별 로깅 확대를 권고한다는 코멘트가 등록되어 있습니다.",
            "id": "sample_051_0082_000027",
            "annotations": [
                {
                    "word": "송효재",
                    "start": 28,
                    "end": 31,
                    "label": "개인정보"
                }
            ]
        },
        {
            "sentence": "윤리위원회 결정(ethics_committee_decision): 조건부 승인으로 기록되었으며 위원장 박호현의 서명이 필요하고 후속 조치 책임자 한민엽과 기술 연락 허희연을 지정했습니다.",
            "id": "sample_051_0082_000028",
            "annotations": [
                {
                    "word": "박호현",
                    "start": 57,
                    "end": 60,
                    "label": "개인정보"
                },
                {
                    "word": "한민엽",
                    "start": 81,
                    "end": 84,
                    "label": "개인정보"
                },
                {
                    "word": "허희연",
                    "start": 92,
                    "end": 95,
                    "label": "개인정보"
                }
            ]
        },
        {
            "sentence": "데이터 삭제 및 사후관리: 삭제요청 ID delreq_2024_110 접수 후 30일 내 삭제 또는 익명화를 완료하며 관련 로그에는 요청 처리자 사번 EMP-2024-001이 기록됩니다.",
            "id": "sample_051_0082_000029",
            "annotations": [
                {
                    "word": "EMP-2024-001",
                    "start": 84,
                    "end": 96,
                    "label": "개인정보"
                }
            ]
        },
        {
            "sentence": "문의 및 증빙: 거버넌스 연락처 governance@example.org에 문의 가능하며 본 문서는 변경불가 스토리지와 전자서명으로 증거 보존(auditability)을 확보했습니다.",
            "id": "sample_051_0082_000030",
            "annotations": [
                {
                    "word": "governance@example.org",
                    "start": 18,
                    "end": 40,
                    "label": "개인정보"
                }
            ]
        }
    ]
}