{
    "document_id": "051_0054",
    "document_title": "인공지능 윤리·거버넌스 통합 감사보고서 및 모델·데이터 메타데이터(버전 v2.1)",
    "data": [
        {
            "sentence": "본 문서는 인공지능 윤리 및 거버넌스 관점에서 모델카드와 데이터시트를 통합하여 감사 가능한 증빙을 제공하기 위해 작성되었다.",
            "id": "sample_051_0054_000001",
            "annotations": []
        },
        {
            "sentence": "문서 식별자: 051_0054, 생성일자: 2026-01-23, 버전: v2.1, 출처: AI거버넌스팀 내부 저장소(메타데이터 포함).",
            "id": "sample_051_0054_000002",
            "annotations": [
                {
                    "word": "2026",
                    "start": 24,
                    "end": 28,
                    "label": "준식별자"
                },
                {
                    "word": "01",
                    "start": 29,
                    "end": 31,
                    "label": "준식별자"
                },
                {
                    "word": "23",
                    "start": 32,
                    "end": 34,
                    "label": "준식별자"
                }
            ]
        },
        {
            "sentence": "model_id: ai_ethics_policy_v2.1; 해당 모델의 목적은 규범 준수, 편향 모니터링, 및 위험관리 자동화를 지원하는 것이다.",
            "id": "sample_051_0054_000003",
            "annotations": []
        },
        {
            "sentence": "model_card: model_card_v2.1.pdf에 모델 구조, 입력/출력 스펙, 제약조건, 테스트 셋 성능 및 설명가능성 요약을 포함하였다.",
            "id": "sample_051_0054_000004",
            "annotations": []
        },
        {
            "sentence": "dataset_id: ds_ai_ethics_2025; dataset_datasheet: data_sheet_ds_ai_ethics_2025.pdf; 데이터셋 출처와 라이선스, 수집 조건을 명시하였다.",
            "id": "sample_051_0054_000005",
            "annotations": []
        },
        {
            "sentence": "training_environment: Ubuntu 20.04, CUDA 11.8, Python 3.10, PyTorch 2.1; 환경 메타데이터는 SHA256 해시와 타임스탬프를 포함하여 불변 저장소에 보관된다.",
            "id": "sample_051_0054_000006",
            "annotations": []
        },
        {
            "sentence": "hyperparameters: learning_rate=1e-4, batch_size=256, epochs=50, optimizer=AdamW; 하이퍼파라미터는 버전 관리 및 재현성 문서와 연결되어 있다.",
            "id": "sample_051_0054_000007",
            "annotations": []
        },
        {
            "sentence": "training_seed: 42; training_start_timestamp: 2025-10-01T09:00:00Z; training_end_timestamp: 2025-10-10T21:30:00Z; 모든 로그는 변경 불가 스토리지에 보관된다.",
            "id": "sample_051_0054_000008",
            "annotations": [
                {
                    "word": "2025",
                    "start": 45,
                    "end": 49,
                    "label": "준식별자"
                },
                {
                    "word": "2025",
                    "start": 91,
                    "end": 95,
                    "label": "준식별자"
                },
                {
                    "word": "10",
                    "start": 50,
                    "end": 52,
                    "label": "준식별자"
                },
                {
                    "word": "10",
                    "start": 96,
                    "end": 98,
                    "label": "준식별자"
                },
                {
                    "word": "10",
                    "start": 99,
                    "end": 101,
                    "label": "준식별자"
                },
                {
                    "word": "01",
                    "start": 53,
                    "end": 55,
                    "label": "준식별자"
                }
            ]
        },
        {
            "sentence": "data_lineage: 원본 수집원, 전처리 스크립트 버전, 라벨링 가이드 및 체인오브레코드(chain of record)를 포함하여 수집부터 저장까지 추적 가능하다.",
            "id": "sample_051_0054_000009",
            "annotations": []
        },
        {
            "sentence": "consent_record_id: consent_2024_0001; consent_details: 연구목적, 재식별 불가조건 및 비식별화 후 제3자 제공 조건을 명시하였다.",
            "id": "sample_051_0054_000010",
            "annotations": []
        },
        {
            "sentence": "익명화·비식별화 방법은 다음과 같다: 이름은 SHA256 해시로 토큰화, 생년월일은 연·월·일 단위 마스킹 및 날짜 시프트(±30일), 주소는 시·군·구 수준으로 일반화, k-익명성(k=10) 적용.",
            "id": "sample_051_0054_000011",
            "annotations": []
        },
        {
            "sentence": "pii_flag: true로 설정되어 있으며 민감 항목은 접근 제어와 암호화 키 관리 하에 보관되고 접근 시 감사 로그가 생성된다.",
            "id": "sample_051_0054_000012",
            "annotations": []
        },
        {
            "sentence": "학습 데이터 내부 샘플 예시는 비식별화된 형태로 제공되며 원시값 조회는 최소 권한 원칙에 따라 롤 기반 접근으로 제한된다.",
            "id": "sample_051_0054_000013",
            "annotations": []
        },
        {
            "sentence": "fairness_metrics: demographic parity 차이 0.03, equalized odds 차이 0.02로 측정되었으며 사전 정의된 임계값을 초과하지 않았다.",
            "id": "sample_051_0054_000014",
            "annotations": []
        },
        {
            "sentence": "bias_analysis_report는 성별·연령·지역 기준으로 수행되었고, 편향 원인 및 영향도에 관한 정량·정성 결과를 포함한다.",
            "id": "sample_051_0054_000015",
            "annotations": []
        },
        {
            "sentence": "explainability_report는 SHAP와 LIME을 사용하여 전역·지역 설명을 제공하며 이해관계자 레벨에 따른 요약문과 기술적 상세를 구분하여 제시한다.",
            "id": "sample_051_0054_000016",
            "annotations": []
        },
        {
            "sentence": "risk_assessment_id: risk_2025_011; risk_level: High; 주요 리스크는 데이터 드리프트와 불공정 분류 편향으로 식별되었다.",
            "id": "sample_051_0054_000017",
            "annotations": []
        },
        {
            "sentence": "mitigation_actions: 재샘플링, 민감특성 가중치 조정, 포스트 프로세싱 필터 적용 및 연간 외부감사를 권고하며 우선순위와 책임자를 지정하였다.",
            "id": "sample_051_0054_000018",
            "annotations": []
        },
        {
            "sentence": "audit_log_id: audit_051_2026_0001; change_log에는 v1.0에서 v2.1로의 변경 이력과 서명된 승인 기록이 저장되어 있다.",
            "id": "sample_051_0054_000019",
            "annotations": []
        },
        {
            "sentence": "배포 정보: deployment_version: v2.1-prod; 배포 전 리뷰·승인 워크플로우와 승인이력은 전자서명으로 불변 저장된다.",
            "id": "sample_051_0054_000020",
            "annotations": []
        },
        {
            "sentence": "monitoring_metrics: 전체 정확도 0.912, F1 0.88; drift_alerts는 입력분포의 KLD 기준으로 임계값 초과 시 자동 알림과 차단 룰을 실행한다.",
            "id": "sample_051_0054_000021",
            "annotations": []
        },
        {
            "sentence": "incident_report: 2025-12-15 발생한 불일치 분류 케이스는 영향도를 Medium으로 판정하였고 시정조치로 재학습 및 필터 개선을 수행하였다.",
            "id": "sample_051_0054_000022",
            "annotations": [
                {
                    "word": "2025",
                    "start": 17,
                    "end": 21,
                    "label": "준식별자"
                },
                {
                    "word": "12",
                    "start": 22,
                    "end": 24,
                    "label": "준식별자"
                },
                {
                    "word": "15",
                    "start": 25,
                    "end": 27,
                    "label": "준식별자"
                }
            ]
        },
        {
            "sentence": "compliance_certification: ISO27001 인증을 보유하며 GDPR 관련 DPIA(데이터 보호 영향평가)를 수행한 결과 일부 프로세스에 대해 추가 완화가 필요함을 확인하였다.",
            "id": "sample_051_0054_000023",
            "annotations": []
        },
        {
            "sentence": "regulator_notification: 2025-12-20에 국내 규제기관에 보고되었으며, 보고서 참조번호 RN_2025_1220을 부여받았다.",
            "id": "sample_051_0054_000024",
            "annotations": [
                {
                    "word": "2025",
                    "start": 24,
                    "end": 28,
                    "label": "준식별자"
                },
                {
                    "word": "2025",
                    "start": 65,
                    "end": 69,
                    "label": "준식별자"
                },
                {
                    "word": "12",
                    "start": 29,
                    "end": 31,
                    "label": "준식별자"
                },
                {
                    "word": "12",
                    "start": 70,
                    "end": 72,
                    "label": "준식별자"
                },
                {
                    "word": "20",
                    "start": 24,
                    "end": 26,
                    "label": "준식별자"
                },
                {
                    "word": "20",
                    "start": 32,
                    "end": 34,
                    "label": "준식별자"
                },
                {
                    "word": "20",
                    "start": 65,
                    "end": 67,
                    "label": "준식별자"
                },
                {
                    "word": "20",
                    "start": 72,
                    "end": 74,
                    "label": "준식별자"
                }
            ]
        },
        {
            "sentence": "거버넌스 책임자: 노태하; 책임자 정보는 감사가능성 확보를 위해 기록되며 민감정보 접근은 엄격히 통제된다.",
            "id": "sample_051_0054_000025",
            "annotations": [
                {
                    "word": "노태하",
                    "start": 10,
                    "end": 13,
                    "label": "개인정보"
                }
            ]
        },
        {
            "sentence": "검토자(감사인): 주무빈; 내부 승인 절차에 따라 담당자 주무빈의 승인 서명이 change_log에 서명과 함께 보존되어 있다.",
            "id": "sample_051_0054_000026",
            "annotations": [
                {
                    "word": "주무빈",
                    "start": 10,
                    "end": 13,
                    "label": "개인정보"
                },
                {
                    "word": "주무빈",
                    "start": 32,
                    "end": 35,
                    "label": "개인정보"
                }
            ]
        },
        {
            "sentence": "윤리위원회 결정: 위원장 장시온이 2026-01-10에 '조건부 승인'을 선언하였으며 위원회 의사록은 전자서명과 타임스탬프를 포함해 불변 저장됐다.",
            "id": "sample_051_0054_000027",
            "annotations": [
                {
                    "word": "장시온",
                    "start": 14,
                    "end": 17,
                    "label": "개인정보"
                },
                {
                    "word": "2026",
                    "start": 19,
                    "end": 23,
                    "label": "준식별자"
                },
                {
                    "word": "01",
                    "start": 24,
                    "end": 26,
                    "label": "준식별자"
                },
                {
                    "word": "10",
                    "start": 27,
                    "end": 29,
                    "label": "준식별자"
                }
            ]
        },
        {
            "sentence": "민감 인프라 요소로 내부 서버 IP 10.10.10.5, VPN URL vpn.internal.company 및 파일 경로 /mnt/data/models/weights_v1.bin은 기밀로 분류되어 별도 보안 정책이 적용된다.",
            "id": "sample_051_0054_000028",
            "annotations": [
                {
                    "word": "10.10.10.5",
                    "start": 20,
                    "end": 30,
                    "label": "기밀정보"
                },
                {
                    "word": "vpn.internal.company",
                    "start": 40,
                    "end": 60,
                    "label": "기밀정보"
                },
                {
                    "word": "/mnt/data/models/weights_v1.bin",
                    "start": 69,
                    "end": 100,
                    "label": "기밀정보"
                }
            ]
        },
        {
            "sentence": "내부 서비스 계정 svc_ai_trainer의 권한 변경 내용이 변경 로그에 기록되었으며 해당 계정 정보는 기밀로 분류된다.",
            "id": "sample_051_0054_000029",
            "annotations": [
                {
                    "word": "svc_ai_trainer",
                    "start": 10,
                    "end": 24,
                    "label": "기밀정보"
                }
            ]
        },
        {
            "sentence": "권장 조치 및 일정: High 등급 리스크는 90일 내 외부감사, 30일 내 취약점 패치·리트레이닝, 권한 제어 강화 및 월간 보고를 시행할 것을 권고한다.",
            "id": "sample_051_0054_000030",
            "annotations": []
        }
    ]
}