{
    "document_id": "051_0020",
    "document_title": "인공지능 윤리 및 거버넌스: 모델 배포 및 감사 보고서 v1.2",
    "data": [
        {
            "sentence": "이 문서는 인공지능 윤리 및 거버넌스 관점에서 모델 배포와 감사에 필요한 메타데이터와 증빙자료를 통합하여 기록한 공식 보고서입니다.",
            "id": "sample_051_0020_000001",
            "annotations": []
        },
        {
            "sentence": "문서 작성자는 기록상 작성자 필드에 따라 작성자: 우남규로 명시되어 있으며 작성자 소속과 역할, 연락처는 내부 접근통제 하에 저장됩니다.",
            "id": "sample_051_0020_000002",
            "annotations": [
                {
                    "word": "우남규",
                    "start": 28,
                    "end": 31,
                    "label": "개인정보"
                }
            ]
        },
        {
            "sentence": "문서 버전은 v1.2이며 문서 원본은 Git commit 해시 3f8b9a7으로 저장되어 재현성을 확보했습니다(출처: git.company.internal, 2024-01-20).",
            "id": "sample_051_0020_000003",
            "annotations": []
        },
        {
            "sentence": "model_id는 ai_ethics_v1.2.0이고 model_card에는 목적, 제한사항, 성능 요약, 공개된 설명가능성 자료 및 재현성 메타데이터가 포함되어 있습니다.",
            "id": "sample_051_0020_000004",
            "annotations": []
        },
        {
            "sentence": "dataset_id는 ds_participants_2023_10이며 dataset_datasheet에는 수집일시, 라이선스, 샘플링 절차, 라벨링 가이드, 데이터 보유기간 등이 구조화되어 기록되어 있습니다.",
            "id": "sample_051_0020_000005",
            "annotations": []
        },
        {
            "sentence": "consent_record_id CR-2023-0001에는 참여자 식별 메타데이터가 포함되어 있으며 예시로 참여자: 주예린, 사번: EMP-2021-045, 이메일: wny@organization.kr, 휴대폰: 010-1234-5678, 생년월일: 1986-12-01이 원문에 수집되었으나 암호화 및 마스킹 처리되어 저장됩니다.",
            "id": "sample_051_0020_000006",
            "annotations": [
                {
                    "word": "주예린",
                    "start": 65,
                    "end": 68,
                    "label": "개인정보"
                },
                {
                    "word": "EMP-2021-045",
                    "start": 74,
                    "end": 86,
                    "label": "개인정보"
                },
                {
                    "word": "wny@organization.kr",
                    "start": 93,
                    "end": 112,
                    "label": "개인정보"
                },
                {
                    "word": "010-1234-5678",
                    "start": 119,
                    "end": 132,
                    "label": "개인정보"
                },
                {
                    "word": "1986-12-01",
                    "start": 140,
                    "end": 150,
                    "label": "준식별자"
                }
            ]
        },
        {
            "sentence": "개인정보 처리 및 익명화 근거와 방식은 pseudonymization(단방향 SHA-256 해시)와 k-anonymity(k=5) 적용, 추가적으로 differential privacy(eps=1.0) 기법을 병용한 점을 명시합니다.",
            "id": "sample_051_0020_000007",
            "annotations": []
        },
        {
            "sentence": "training_environment는 Docker 이미지: registry.company/ai_ethics:v1.2, 이미지 digest sha256:ab12cd34, GPU: NVIDIA A100 x8, 메모리 512GB로 기록되어 있으며 실험 재현에 필요한 인프라 메타데이터를 포함합니다.",
            "id": "sample_051_0020_000008",
            "annotations": []
        },
        {
            "sentence": "hyperparameters는 learning_rate=1e-4, batch_size=128, epochs=50이며 training_seed는 42로 고정하여 실험 재현성을 확보했습니다.",
            "id": "sample_051_0020_000009",
            "annotations": []
        },
        {
            "sentence": "training_start_timestamp는 2023-10-12T08:00:00Z, training_end_timestamp는 2023-10-20T18:30:00Z로 기록되어 있으며 로그는 불변 저장소에 타임스탬프 서명과 함께 보관됩니다.",
            "id": "sample_051_0020_000010",
            "annotations": []
        },
        {
            "sentence": "data_lineage에는 원천 데이터(공개·내부·협력사)와 전처리 파이프라인 버전, 라벨링 가이드 버전 및 라벨러 ID(익명화된 라벨러 토큰)가 체인오브레코드로 연결되어 있습니다.",
            "id": "sample_051_0020_000011",
            "annotations": []
        },
        {
            "sentence": "pii_flag는 true로 설정되어 있으며 감시 대상 필드는 이름·이메일·휴대폰·사번 등으로 지정되었고 인구통계적 항목으로는 성별·연령대·지역(예: 강남구) 등이 포함됩니다.",
            "id": "sample_051_0020_000012",
            "annotations": [
                {
                    "word": "강남구",
                    "start": 84,
                    "end": 87,
                    "label": "준식별자"
                }
            ]
        },
        {
            "sentence": "fairness_metrics는 집단별 정확도, FPR/FNR 차이, 균형정의(균등 기회) 등으로 구성되고 허용 임계값은 집단 간 성능 격차 0.05 이내로 설정되었습니다.",
            "id": "sample_051_0020_000013",
            "annotations": []
        },
        {
            "sentence": "bias_analysis_report는 데이터 수집 편향, 레이블 편향, 모델 출력 편향을 분류하고 각 항목별 영향도와 신뢰구간(95% CI)을 제시하여 통계적 근거를 포함합니다.",
            "id": "sample_051_0020_000014",
            "annotations": []
        },
        {
            "sentence": "explainability_report는 LIME과 SHAP를 사용한 지역적·전역적 설명을 제공하며, 감사용 세부 로그는 내부 호스팅 환경(내부 IP는 10.10.10.5로 표기)에서 관리되어 기밀로 취급됩니다.",
            "id": "sample_051_0020_000015",
            "annotations": [
                {
                    "word": "10.10.10.5",
                    "start": 85,
                    "end": 95,
                    "label": "기밀정보"
                }
            ]
        },
        {
            "sentence": "risk_assessment_id RA-2023-45는 위험등급을 High로 평가하였고 평가 근거, 시나리오별 피해범위, 영향도 점수 및 권고 완화조치를 명확히 기술했습니다.",
            "id": "sample_051_0020_000016",
            "annotations": []
        },
        {
            "sentence": "mitigation_actions에는 재학습 샘플링 보정, 사후필터링, 접근통제 강화, 외부 독립 감사 요구가 포함되며 change_log에는 최근 변경자: 최유겸 기록과 변경 사유가 서명 형태로 남아있습니다.",
            "id": "sample_051_0020_000017",
            "annotations": [
                {
                    "word": "최유겸",
                    "start": 88,
                    "end": 91,
                    "label": "개인정보"
                }
            ]
        },
        {
            "sentence": "audit_log_id AL-2023-998은 서명된 불변 로그를 참조하며 deployment_version v2.3.1과 프로덕션 경로는 서버 내부 경로 /opt/models/prod/model_v2.pt로 관리되어 내부 기밀로 분류됩니다.",
            "id": "sample_051_0020_000018",
            "annotations": [
                {
                    "word": "/opt/models/prod/model_v2.pt",
                    "start": 87,
                    "end": 115,
                    "label": "기밀정보"
                }
            ]
        },
        {
            "sentence": "monitoring_metrics로는 실시간 지연시간, 집단별 성능, 입력분포 지표가 포함되고 drift_alerts 규칙은 통계적 분포 이동이 임계값을 초과하면 자동 알림과 차단을 수행합니다.",
            "id": "sample_051_0020_000019",
            "annotations": []
        },
        {
            "sentence": "incident_report는 권한 없는 접근 시도 사건을 기록하며 관련 계정 예시로 접속계정 admin_svc와 VPN 식별자 vpn.internal.corp가 로그에 남아 있어 보안 기밀로 분류됩니다.",
            "id": "sample_051_0020_000020",
            "annotations": [
                {
                    "word": "admin_svc",
                    "start": 53,
                    "end": 62,
                    "label": "기밀정보"
                },
                {
                    "word": "vpn.internal.corp",
                    "start": 72,
                    "end": 89,
                    "label": "기밀정보"
                }
            ]
        },
        {
            "sentence": "compliance_certification 항목에는 ISO 27001 인증서, 내부 개인정보보호 심사 기록 및 보안 평가보고서가 포함되어 규정 준수 증빙으로 첨부됩니다.",
            "id": "sample_051_0020_000021",
            "annotations": []
        },
        {
            "sentence": "regulator_notification은 GDPR과 지역 AI 규제를 기준으로 적용 범위와 제출 주기, 보고 포맷을 명시하고 EU 대상 서비스에는 별도 데이터 보호 영향평가(DPIA)를 수행했습니다.",
            "id": "sample_051_0020_000022",
            "annotations": []
        },
        {
            "sentence": "문서 검토자의 코멘트는 reviewer_comments로 기록되어 있으며 윤리위원장 코멘트는 작성자 요청에 따라 방종준 명의로 제출된 승인 권고가 포함되어 있습니다.",
            "id": "sample_051_0020_000023",
            "annotations": [
                {
                    "word": "방종준",
                    "start": 63,
                    "end": 66,
                    "label": "개인정보"
                }
            ]
        },
        {
            "sentence": "ethics_committee_decision에는 조건부 승인 기록과 최종 승인자 표기가 포함되어 있으며 최종 승인 서명은 황한울로 명기되어 관련 책임 추적성을 확보합니다.",
            "id": "sample_051_0020_000024",
            "annotations": [
                {
                    "word": "황한울",
                    "start": 69,
                    "end": 72,
                    "label": "개인정보"
                }
            ]
        },
        {
            "sentence": "데이터 보유 및 삭제 정책에는 개인정보 보유기간 5년, 삭제요청 처리 절차 및 삭제요청 ID DR-2024-009의 처리 로그가 포함되어 감사 가능하도록 설계되어 있습니다.",
            "id": "sample_051_0020_000025",
            "annotations": []
        },
        {
            "sentence": "데이터 라인리지 예시로 원천파일명 participants_wnk.csv가 기록되어 있으며 원본 CSV에는 수집 시점의 원문 이름(예: 우남규)이 포함되어 있어 원본은 암호화된 아카이브에 보관됩니다.",
            "id": "sample_051_0020_000026",
            "annotations": [
                {
                    "word": "participants_wnk.csv",
                    "start": 19,
                    "end": 39,
                    "label": "기밀정보"
                },
                {
                    "word": "우남규",
                    "start": 75,
                    "end": 78,
                    "label": "개인정보"
                }
            ]
        },
        {
            "sentence": "재현성 항목에는 소스코드 repo URL, commit hash 3f8b9a7, 모델 훈련 스크립트 경로 및 사용된 라이브러리 버전(pytorch==1.13.0 등)이 명시되어 있습니다.",
            "id": "sample_051_0020_000027",
            "annotations": []
        },
        {
            "sentence": "하드웨어 및 런타임 메타데이터에는 GPU 구성, 드라이버 버전, OS 릴리스, 컨테이너 런타임 정보가 포함되어 실험 재현을 위한 최소 요구사항이 기록됩니다.",
            "id": "sample_051_0020_000028",
            "annotations": []
        },
        {
            "sentence": "권고 완화조치 목록에는 위험 등급별 우선순위, 책임자 배정, 일정 및 외부 독립감사 필요 여부가 포함되어 있으며 High 위험에는 외부 감사가 필수로 지정됩니다.",
            "id": "sample_051_0020_000029",
            "annotations": []
        },
        {
            "sentence": "모든 감사 로그와 주요 문서는 변경 불가능한 스토리지에 타임스탬프와 전자서명이 포함되어 보관되며 문서 내 불확실한 정보는 '추정' 또는 '미확인'으로 명확히 표기합니다.",
            "id": "sample_051_0020_000030",
            "annotations": []
        }
    ]
}