{
    "document_id": "051_0091",
    "document_title": "인공지능 윤리 및 거버넌스: 모델 051_0091 검토보고서",
    "data": [
        {
            "sentence": "문서 제목 및 목적: 인공지능 윤리 및 거버넌스 검토보고서(모델 051_0091 대상)이며, 주요 검증 항목과 증빙 메타데이터를 포함합니다.",
            "id": "sample_051_0091_000001",
            "annotations": []
        },
        {
            "sentence": "작성자 및 버전: 거버넌스팀 작성, 문서 버전 v1.2, 출처: 내부 감사아카이브(archive://governance/v1.2)로 표기합니다.",
            "id": "sample_051_0091_000002",
            "annotations": []
        },
        {
            "sentence": "model_id는 'ai-model-051-v1'로 태깅되며 모델 카드는 모델카드 v0.9에 따라 작성되었습니다.",
            "id": "sample_051_0091_000003",
            "annotations": []
        },
        {
            "sentence": "model_card 요약: 목적, 제한, 성능지표, 사용제한, 재현성 정보와 테스트셋 샘플을 포함합니다.",
            "id": "sample_051_0091_000004",
            "annotations": []
        },
        {
            "sentence": "데이터셋 식별자 dataset_id는 'ds-051-corp-v3'이며 데이터시트는 datasheet_v1.0로 저장되어 있습니다.",
            "id": "sample_051_0091_000005",
            "annotations": []
        },
        {
            "sentence": "학습환경: Ubuntu 20.04, CUDA 11.7, PyTorch 2.1, 컨테이너 이미지 sha256:abcdef123456로 고정하여 재현성을 보장합니다.",
            "id": "sample_051_0091_000006",
            "annotations": []
        },
        {
            "sentence": "하이퍼파라미터: learning_rate=3e-5, batch_size=64, epochs=12로 기록되었고 하이퍼파라미터 시드와 로그는 불변 스토리지에 서명되었습니다.",
            "id": "sample_051_0091_000007",
            "annotations": []
        },
        {
            "sentence": "training_seed는 42로 고정되어 있으며 training_start_timestamp는 2024-03-01T09:00:00Z, training_end_timestamp는 2024-03-15T18:30:00Z로 기록됩니다.",
            "id": "sample_051_0091_000008",
            "annotations": []
        },
        {
            "sentence": "데이터 라인리지(data_lineage): 원천은 internal_partner_A(라이선스 CC-BY-3), 전처리 스크립트 버전 prep_v2.4, 라벨링 가이드 v1.1을 명시합니다.",
            "id": "sample_051_0091_000009",
            "annotations": []
        },
        {
            "sentence": "동의 기록 consent_record_id: consent_2024_0001에 따라 수집되었으며 동의 상세(consent_details)는 연구목적·제3자 제공 금지를 포함합니다.",
            "id": "sample_051_0091_000010",
            "annotations": []
        },
        {
            "sentence": "개인정보 플래그 pii_flag: true로 설정되어 일부 데이터 항목은 익명화·비식별화 처리되었습니다.",
            "id": "sample_051_0091_000011",
            "annotations": []
        },
        {
            "sentence": "익명화 방법: 이름 및 식별자는 HMAC-SHA256(key_version=v1)으로 페르소나별 토큰화(pseudonymization) 처리하였고 원본은 HSM에 암호화 저장합니다.",
            "id": "sample_051_0091_000012",
            "annotations": []
        },
        {
            "sentence": "익명화 근거: 개인정보 보호법 및 GDPR 준수를 위해 k-anonymity 및 differential privacy(epsilon=1.0, 추정치) 적용을 권장합니다.",
            "id": "sample_051_0091_000013",
            "annotations": []
        },
        {
            "sentence": "예시: 데이터 라벨러 담당자 표기는 실명으로는 기록하지 않으며 내부 승인 로그에 한해 가명 표기합니다.",
            "id": "sample_051_0091_000014",
            "annotations": []
        },
        {
            "sentence": "배포 승인 담당자: 원종찬(최종 승인)으로 표기되어 있으나 원문 DB에서는 pseudonym U_PROD_001로 매핑되어 있습니다.",
            "id": "sample_051_0091_000015",
            "annotations": [
                {
                    "word": "원종찬",
                    "start": 11,
                    "end": 14,
                    "label": "개인정보"
                }
            ]
        },
        {
            "sentence": "운영 담당자 사번: S-2024-0001이 기록되어 있으며 이 사번은 내부 식별키로 분류되어 접근 통제 대상입니다.",
            "id": "sample_051_0091_000016",
            "annotations": [
                {
                    "word": "S-2024-0001",
                    "start": 11,
                    "end": 22,
                    "label": "개인정보"
                }
            ]
        },
        {
            "sentence": "연락처(업무용 이메일): won.jc@company.com으로 문서 내 연락처로 기재되어 있으나 저장 시 마스킹 처리됩니다.",
            "id": "sample_051_0091_000017",
            "annotations": [
                {
                    "word": "won.jc@company.com",
                    "start": 14,
                    "end": 32,
                    "label": "개인정보"
                }
            ]
        },
        {
            "sentence": "연락처(휴대전화): 010-5555-1212가 비상 연락처로 등록되어 있으며 접근 로그로 제한 기록됩니다.",
            "id": "sample_051_0091_000018",
            "annotations": [
                {
                    "word": "010-5555-1212",
                    "start": 11,
                    "end": 24,
                    "label": "개인정보"
                }
            ]
        },
        {
            "sentence": "검토자 서명: 송태하(윤리위원회 위원) 서명이 포함되어 있으나 공개 문서에는 가명 처리됩니다.",
            "id": "sample_051_0091_000019",
            "annotations": [
                {
                    "word": "송태하",
                    "start": 8,
                    "end": 11,
                    "label": "개인정보"
                }
            ]
        },
        {
            "sentence": "윤리위원회 결정: 승인(Accept with conditions), 관련 책임자 지정: 윤서진(감시 역할)을 명시합니다.",
            "id": "sample_051_0091_000020",
            "annotations": [
                {
                    "word": "윤서진",
                    "start": 49,
                    "end": 52,
                    "label": "개인정보"
                }
            ]
        },
        {
            "sentence": "민감 준식별자: 생년월일 1985-07-14과 주소 서울특별시 강남구 역삼동은 데이터 유추 위험이 있어 분리 저장됩니다.",
            "id": "sample_051_0091_000021",
            "annotations": [
                {
                    "word": "1985-07-14",
                    "start": 14,
                    "end": 24,
                    "label": "준식별자"
                },
                {
                    "word": "서울특별시 강남구 역삼동",
                    "start": 29,
                    "end": 42,
                    "label": "준식별자"
                }
            ]
        },
        {
            "sentence": "공개 불가 기밀정보: 내부 서버 IP 10.10.10.5와 내부 파일 경로 /srv/prod/models/model_v1는 비공개로 분류되었습니다.",
            "id": "sample_051_0091_000022",
            "annotations": [
                {
                    "word": "10.10.10.5",
                    "start": 21,
                    "end": 31,
                    "label": "기밀정보"
                },
                {
                    "word": "/srv/prod/models/model_v1",
                    "start": 42,
                    "end": 67,
                    "label": "기밀정보"
                }
            ]
        },
        {
            "sentence": "재무 관련 기밀: 계좌번호 123-456-789012는 후원금 정산용으로 기록되었으며 접근은 최소 권한으로 제한됩니다.",
            "id": "sample_051_0091_000023",
            "annotations": [
                {
                    "word": "123-456-789012",
                    "start": 15,
                    "end": 29,
                    "label": "기밀정보"
                }
            ]
        },
        {
            "sentence": "공정성(fairness_metrics): 민감속성별 False Positive Rate 차이는 0.02로 보고되며 허용 임계값 0.05 이하로 정의됩니다.",
            "id": "sample_051_0091_000024",
            "annotations": []
        },
        {
            "sentence": "편향분석 bias_analysis_report: 문장별 편향 사례 12건과 재표본화·재가중치 권고가 포함됩니다.",
            "id": "sample_051_0091_000025",
            "annotations": []
        },
        {
            "sentence": "설명가능성 explainability_report: SHAP 기반 설명과 텍스트 예시 50건을 포함하며 설명 레벨은 고위험군에 대해 상세 제공됩니다.",
            "id": "sample_051_0091_000026",
            "annotations": []
        },
        {
            "sentence": "리스크평가 risk_assessment_id: risk_051_2024_03, 위험등급 risk_level: High로 분류되어 권장 완화조치가 요구됩니다.",
            "id": "sample_051_0091_000027",
            "annotations": []
        },
        {
            "sentence": "완화조치 mitigation_actions: 재학습(retraining), 레이블 검토, 입력 필터링, 운영전 재심사 및 외부감사 권고가 포함됩니다.",
            "id": "sample_051_0091_000028",
            "annotations": []
        },
        {
            "sentence": "감사로그 audit_log_id: audit_051_2024는 불변 스토리지에 서명되어 보존되며 변경 이력 change_log는 체인오브레코드로 관리됩니다.",
            "id": "sample_051_0091_000029",
            "annotations": []
        },
        {
            "sentence": "배포 버전 deployment_version v1.0, 모니터링 지표 monitoring_metrics은 정밀도, 재현율, 입력분포 KL-divergence를 포함하며 드리프트 알림 drift_alerts는 자동화되어 있습니다.",
            "id": "sample_051_0091_000030",
            "annotations": []
        },
        {
            "sentence": "사고 보고서 incident_report: 2024-04-10의 편향 관련 사용자 민원 건에 대해 조사 중이며 초동 대응과 통지 절차가 기록되어 있습니다.",
            "id": "sample_051_0091_000031",
            "annotations": []
        },
        {
            "sentence": "규제 준수 compliance_certification: GDPR 평가표 및 국내 개인정보보호법 체크리스트를 반영하였고 규제기관 통지 regulator_notification은 지정 포맷으로 제출되었습니다.",
            "id": "sample_051_0091_000032",
            "annotations": []
        },
        {
            "sentence": "검토자 의견 reviewer_comments: 외부 감사 권고사항 이행계획과 책임자 변경을 권고하며 세부 일정과 증빙자료를 요구합니다.",
            "id": "sample_051_0091_000033",
            "annotations": []
        },
        {
            "sentence": "윤리위원회 결정 ethics_committee_decision: 조건부 승인으로 외부감사 완료 후 정식 배포 허가를 권고합니다.",
            "id": "sample_051_0091_000034",
            "annotations": []
        },
        {
            "sentence": "요약 및 액션아이템: 위험등급 High에 따른 재학습 및 외부감사 일정을 30일 내로 확정하고 진행상황을 주간 리포트로 제출합니다.",
            "id": "sample_051_0091_000035",
            "annotations": []
        }
    ]
}