{
    "document_id": "051_0014",
    "document_title": "인공지능 윤리 및 거버넌스: 모델 합법성·위험평가 보고서",
    "data": [
        {
            "sentence": "본 문서는 인공지능 윤리 및 거버넌스 평가를 위해 생성된 합성 보고서이며, 근거자료와 메타데이터를 포함합니다.",
            "id": "sample_051_0014_000001",
            "annotations": []
        },
        {
            "sentence": "문서 메타: document_id=051_0014, 버전=1.0, 작성일=2026-01-23, 작성자=거버넌스팀, 저장소=immutable object storage (서명 포함).",
            "id": "sample_051_0014_000002",
            "annotations": []
        },
        {
            "sentence": "모델 식별자: model_id=051-AI-MODEL-v3.2이며 model_card는 model_card_v3.2.json, 버전 태그와 체인오브레코드가 포함되어 재현성을 확보합니다.",
            "id": "sample_051_0014_000003",
            "annotations": []
        },
        {
            "sentence": "주요 책임자: 모델 소유자 김다솔 (email: kim.dasol@example.com)이며 연락처 및 승인 이력은 별도 감사 로그로 서명 보관됩니다.",
            "id": "sample_051_0014_000004",
            "annotations": [
                {
                    "word": "김다솔",
                    "start": 15,
                    "end": 18,
                    "label": "개인정보"
                },
                {
                    "word": "kim.dasol@example.com",
                    "start": 27,
                    "end": 48,
                    "label": "개인정보"
                }
            ]
        },
        {
            "sentence": "연락처 기록 예시: 010-1234-5678가 테스트용으로 문서에 포함되었으며, 실제 운영값은 해시 처리되어 저장됩니다.",
            "id": "sample_051_0014_000005",
            "annotations": [
                {
                    "word": "010-1234-5678",
                    "start": 11,
                    "end": 24,
                    "label": "개인정보"
                }
            ]
        },
        {
            "sentence": "수집된 준식별자 예시로 생년월일은 1990 / 05 / 15 형식으로 분리 저장되어 있으며, 날짜는 연/월/일 단위로 어노테이션됩니다.",
            "id": "sample_051_0014_000006",
            "annotations": [
                {
                    "word": "1990 / 05 / 15",
                    "start": 19,
                    "end": 33,
                    "label": "준식별자"
                }
            ]
        },
        {
            "sentence": "추가 준식별자 항목에는 성별: 여성, 직업: 데이터 엔지니어, 주소(시/군/구): 서울특별시 강남구가 포함되어 동형 일반화 및 k-익명성 적용 근거가 기록됩니다.",
            "id": "sample_051_0014_000007",
            "annotations": [
                {
                    "word": "여성",
                    "start": 17,
                    "end": 19,
                    "label": "준식별자"
                },
                {
                    "word": "데이터 엔지니어",
                    "start": 25,
                    "end": 33,
                    "label": "준식별자"
                },
                {
                    "word": "서울특별시 강남구",
                    "start": 46,
                    "end": 55,
                    "label": "준식별자"
                }
            ]
        },
        {
            "sentence": "데이터셋 식별자 dataset_id=kor_news_v1.4 및 dataset_datasheet=dataset_datasheet_kor_news_v1.4.pdf가 데이터 출처와 라이선스를 명시합니다.",
            "id": "sample_051_0014_000008",
            "annotations": []
        },
        {
            "sentence": "학습환경(training_environment)은 Ubuntu 20.04, Python 3.10, CUDA 11.7, PyTorch 2.1로 명시되며 환경 스냅샷은 컨테이너 이미지 SHA256으로 보존됩니다.",
            "id": "sample_051_0014_000009",
            "annotations": []
        },
        {
            "sentence": "하이퍼파라미터(hyperparameters)는 learning_rate=2e-5, batch_size=64, epochs=12로 기록되며 재현을 위한 training_seed=42가 제공됩니다.",
            "id": "sample_051_0014_000010",
            "annotations": []
        },
        {
            "sentence": "학습 기간은 training_start_timestamp=2025-08-01T09:00:00Z부터 training_end_timestamp=2025-08-10T18:00:00Z까지이며 체크포인트 체인은 불변 로그에 보존됩니다.",
            "id": "sample_051_0014_000011",
            "annotations": []
        },
        {
            "sentence": "데이터 라인리지(data_lineage)는 수집 원천, 전처리 스크립트 버전, 라벨링 가이드라인 및 외부 공급자 정보를 체인오브레코드로 연계하여 기록합니다.",
            "id": "sample_051_0014_000012",
            "annotations": []
        },
        {
            "sentence": "동의 기록 consent_record_id=consent_2025_0001은 수집 동의일, 사용목적, 보유기간, 삭제 요청 이력(consent_details)을 포함하여 서명된 양식으로 보관됩니다.",
            "id": "sample_051_0014_000013",
            "annotations": []
        },
        {
            "sentence": "PII 플래그(pii_flag)는 true로 설정되어 있으며, 익명화 및 비식별화는 pseudonymization, k-anonymity, salt된 해시를 근거로 수행되었습니다.",
            "id": "sample_051_0014_000014",
            "annotations": []
        },
        {
            "sentence": "공정성 지표(fairness_metrics)는 demographic_parity_difference=0.03, equal_opportunity_gap=0.045로 기록되며 허용 임계값은 0.05로 설정됩니다.",
            "id": "sample_051_0014_000015",
            "annotations": []
        },
        {
            "sentence": "편향 분석(bias_analysis_report)은 그룹별 오차율과 표본 불균형을 확인하였으며 표본 재샘플링과 가중치 보정을 권고합니다.",
            "id": "sample_051_0014_000016",
            "annotations": []
        },
        {
            "sentence": "설명가능성 보고서(explainability_report)는 SHAP 기반 중요도와 counterfactual 예시를 포함하며 설명 레벨은 영향도 기반으로 차등 적용됩니다.",
            "id": "sample_051_0014_000017",
            "annotations": []
        },
        {
            "sentence": "위험평가 risk_assessment_id=risk_2025_042는 잠재적 위해 시나리오를 정의하고 risk_level=High로 등급화하였으며 상세 리스크와 권장 완화조치를 명시합니다.",
            "id": "sample_051_0014_000018",
            "annotations": []
        },
        {
            "sentence": "권장 완화조치(mitigation_actions)는 모델 제한된 배포, 추가 테스트, 후속 모니터링 강화, 사용자 고지 및 주기적 재평가를 포함합니다.",
            "id": "sample_051_0014_000019",
            "annotations": []
        },
        {
            "sentence": "배포 버전 deployment_version=v3.2-prod은 거버넌스 승인 워크플로우를 통과하였으며 담당자 김다솔 승인 기록이 change_log와 함께 불변 스토리지에 보관됩니다.",
            "id": "sample_051_0014_000020",
            "annotations": [
                {
                    "word": "담당자 김다솔 승인",
                    "start": 58,
                    "end": 68,
                    "label": "기밀정보"
                }
            ]
        },
        {
            "sentence": "감사 로그(audit_log_id=audit_2025_77)는 변경 이력, 호출 로그, 검토자 주석(reviewer_comments)을 포함하며 서명과 타임스탬프가 결합됩니다.",
            "id": "sample_051_0014_000021",
            "annotations": []
        },
        {
            "sentence": "관련 인시던트 incident_report=incident_2025_089에서 참조된 내부 자원은 서버 IP 10.0.0.5와 파일 경로 /srv/model/checkpoints/v3로 특정되어, 해당 정보는 기밀정보로 분류됩니다.",
            "id": "sample_051_0014_000022",
            "annotations": [
                {
                    "word": "10.0.0.5",
                    "start": 61,
                    "end": 69,
                    "label": "기밀정보"
                },
                {
                    "word": "/srv/model/checkpoints/v3",
                    "start": 77,
                    "end": 102,
                    "label": "기밀정보"
                }
            ]
        },
        {
            "sentence": "모니터링 지표(monitoring_metrics)는 지연시간 120ms, 오류율 0.8%, 성능 편차를 포함하며 drift_alerts는 자동 알림과 차단 규칙을 트리거합니다.",
            "id": "sample_051_0014_000023",
            "annotations": []
        },
        {
            "sentence": "규제 준수 및 통보(regulator_notification)는 GDPR, 대한민국 개인정보보호법 관련 요구사항을 검토하였고 보고서 제출 담당자 홍나가 담당합니다.",
            "id": "sample_051_0014_000024",
            "annotations": [
                {
                    "word": "홍나",
                    "start": 81,
                    "end": 83,
                    "label": "개인정보"
                }
            ]
        },
        {
            "sentence": "컴플라이언스 증빙(compliance_certification)은 내부 감사 결과, 외부 감사 추천 항목, 관련 규제문서 링크 및 미확인 또는 추정 항목을 명시합니다.",
            "id": "sample_051_0014_000025",
            "annotations": []
        },
        {
            "sentence": "윤리위원회 결정(ethics_committee_decision)은 외부심사 권고, 조건부 승인 및 추가 권고사항을 포함하며 결정문은 식별 가능한 서명을 포함합니다.",
            "id": "sample_051_0014_000026",
            "annotations": []
        },
        {
            "sentence": "비식별화 근거로 사용된 기법은 통계적 일반화, 레코드 축소, 열 마스킹, salt된 해시, 암호화된 키 관리(HSM)로 상세히 기술되어 있습니다.",
            "id": "sample_051_0014_000027",
            "annotations": []
        },
        {
            "sentence": "재현성 설명에는 training_seed, 체크포인트 SHA256, 데이터셋 버전, 실행 환경 이미지 식별값 및 재현 절차가 단계별로 포함됩니다.",
            "id": "sample_051_0014_000028",
            "annotations": []
        },
        {
            "sentence": "후속 조치 항목에는 소유자 지정, 마감기한, 책임자 허자인 배정, 우선순위와 검증 지표가 명시되어 있습니다.",
            "id": "sample_051_0014_000029",
            "annotations": [
                {
                    "word": "허자인",
                    "start": 29,
                    "end": 32,
                    "label": "개인정보"
                }
            ]
        },
        {
            "sentence": "결론 및 권장사항은 리스크 우선순위에 따른 일정과 책임자 이행보고, 불변 감사 로그 보관을 통해 준수 증빙을 확보하는 것으로 요약됩니다.",
            "id": "sample_051_0014_000030",
            "annotations": []
        }
    ]
}