{
    "document_id": "051_0033",
    "document_title": "인공지능 윤리·거버넌스 모델 운영 및 감사 보고서",
    "data": [
        {
            "sentence": "본 문서는 인공지능 윤리 및 거버넌스 관점에서 모델의 설계·학습·배포·모니터링 전 과정을 기록하고 증빙하기 위해 작성되었습니다.",
            "id": "sample_051_0033_000001",
            "annotations": []
        },
        {
            "sentence": "해당 시스템의 model_id는 ai_ethics_v1.2이며, 모델카드(model_card)는 버전 v1.2.0으로 서명된 JSON 메타데이터를 포함합니다.",
            "id": "sample_051_0033_000002",
            "annotations": []
        },
        {
            "sentence": "model_card에는 모델 목적, 제한사항, 성능 지표, 훈련 데이터 요약, 공개 가능한 소스와 서명된 체크섬(sha256: d4f7...f3a1) 등 재현성 메타데이터가 포함되어 있습니다.",
            "id": "sample_051_0033_000003",
            "annotations": []
        },
        {
            "sentence": "학습에 사용된 dataset_id는 ds_civic_2023_v2.0이고, dataset_datasheet는 공개 URL(https://data-archive.org/ds_civic_2023_v2.0)과 버전 2.0 메타데이터를 참조합니다.",
            "id": "sample_051_0033_000004",
            "annotations": []
        },
        {
            "sentence": "training_environment는 AWS p3.2xlarge 4노드, CUDA 11.4, pytorch 1.11 컨테이너(이미지 sha256: a1b2...c9d0)로 기록되어 있으며 환경 구성 파일은 immutably 서명되었습니다.",
            "id": "sample_051_0033_000005",
            "annotations": []
        },
        {
            "sentence": "주요 hyperparameters는 learning_rate=3e-5, batch_size=128, optimizer=AdamW(beta1=0.9,beta2=0.999,eps=1e-8)로 YAML에 기재되어 버전관리 되었습니다.",
            "id": "sample_051_0033_000006",
            "annotations": []
        },
        {
            "sentence": "training_seed는 20231101로 고정하여 난수 시드를 기록했으며, 재현성 테스트 시 동일 시드로 결과 재현율을 검증하도록 명시했습니다.",
            "id": "sample_051_0033_000007",
            "annotations": []
        },
        {
            "sentence": "training_start_timestamp는 2023-11-01T08:00:00Z이며 training_end_timestamp는 2023-11-15T20:30:00Z으로 로그에 타임스탬프와 서명이 포함되어 있습니다.",
            "id": "sample_051_0033_000008",
            "annotations": []
        },
        {
            "sentence": "data_lineage는 원시수집 소스, 전처리 스크립트 해시, 레이블링팀과 라벨링 지침서 버전을 연결하는 체인오브레코드(chain_of_records)로 구성되어 있습니다.",
            "id": "sample_051_0033_000009",
            "annotations": []
        },
        {
            "sentence": "consent_record_id는 consent_2023_0007이며, consent_details에는 수집일시, 동의범위(연구·교육 목적), 보관기간 및 삭제절차가 서면으로 기록되어 있습니다.",
            "id": "sample_051_0033_000010",
            "annotations": []
        },
        {
            "sentence": "pii_flag는 true로 설정되어 있으며, 개인정보 포함 필드에 대해서는 익명화 및 비식별화 절차를 시행했다고 기술합니다.",
            "id": "sample_051_0033_000011",
            "annotations": []
        },
        {
            "sentence": "윤리심사 검토자 중 기록상 검토자 이름은 구에스더이며 내부 기록에서는 pseudonym reviewer_01로 매핑되어 해시 처리되었습니다.",
            "id": "sample_051_0033_000012",
            "annotations": [
                {
                    "word": "구에스더",
                    "start": 23,
                    "end": 27,
                    "label": "개인정보"
                }
            ]
        },
        {
            "sentence": "내부 감사 참조용 메타데이터에는 검토자의 내부 식별자 사번: 20231234가 포함되었고, 외부 공개본에서는 해당 식별자는 삭제 또는 토큰화됩니다.",
            "id": "sample_051_0033_000013",
            "annotations": [
                {
                    "word": "사번: 20231234",
                    "start": 30,
                    "end": 42,
                    "label": "개인정보"
                }
            ]
        },
        {
            "sentence": "데이터 샘플 레벨의 준식별자 예시로 생년월일은 생년월일: 1985-07-20 형식으로 원본에 기록되었고, 공개 데이터셋에는 연·월·일 분리 및 k-익명화가 적용됩니다.",
            "id": "sample_051_0033_000014",
            "annotations": [
                {
                    "word": "1985-07-20",
                    "start": 32,
                    "end": 42,
                    "label": "준식별자"
                }
            ]
        },
        {
            "sentence": "주소 관련 준식별자는 예컨대 서울특별시 강남구 역삼동 수준으로 일반화하여 저장하고, 상세 주소(호수)는 서드파티 접근에서 제거합니다.",
            "id": "sample_051_0033_000015",
            "annotations": [
                {
                    "word": "서울특별시 강남구 역삼동",
                    "start": 16,
                    "end": 29,
                    "label": "준식별자"
                }
            ]
        },
        {
            "sentence": "기밀정보로 분류된 금융 관련 데이터는 계좌번호: 110-123456-789 형태로 내부 문서에 암호화 저장되며 외부 공유는 금지되어 있습니다.",
            "id": "sample_051_0033_000016",
            "annotations": [
                {
                    "word": "계좌번호: 110-123456-789",
                    "start": 21,
                    "end": 41,
                    "label": "기밀정보"
                }
            ]
        },
        {
            "sentence": "시스템 보안 관련 기밀 항목으로 서버 접속 정보는 서버 IP: 10.0.0.5 및 내부 VPN 엔드포인트가 포함되어 별도 보안저장소에 보관됩니다.",
            "id": "sample_051_0033_000017",
            "annotations": [
                {
                    "word": "서버 IP: 10.0.0.5",
                    "start": 28,
                    "end": 43,
                    "label": "기밀정보"
                }
            ]
        },
        {
            "sentence": "내부 네트워크 식별자 vpn.internal.corp는 기밀 URL로 분류되어 접근 제어와 암호화 키 관리를 통해 엄격히 보호됩니다.",
            "id": "sample_051_0033_000018",
            "annotations": [
                {
                    "word": "vpn.internal.corp",
                    "start": 12,
                    "end": 29,
                    "label": "기밀정보"
                }
            ]
        },
        {
            "sentence": "fairness_metrics는 그룹별 ROC-AUC, TPR 차이, Demographic Parity 차이를 포함하며 허용 임계값을 사전 정의하고 모니터링합니다.",
            "id": "sample_051_0033_000019",
            "annotations": []
        },
        {
            "sentence": "bias_analysis_report는 민감속성에 대한 교차검정 결과와 p값 및 신뢰구간을 포함하여 통계적 유의성을 근거로 서술합니다.",
            "id": "sample_051_0033_000020",
            "annotations": []
        },
        {
            "sentence": "explainability_report는 LIME 및 SHAP 설명과 샘플별 feature importance를 제공하며, 설명가능성 수준은 이해관계자별로 차등화됩니다.",
            "id": "sample_051_0033_000021",
            "annotations": []
        },
        {
            "sentence": "risk_assessment_id는 risk_2023_042이며 현재 등급은 High로 평가되었고, 권장 mitigation_actions로는 입력 검증 강화, 사전 필터링, 외부감사 실시가 포함됩니다.",
            "id": "sample_051_0033_000022",
            "annotations": []
        },
        {
            "sentence": "audit_log_id audit_2023_1001은 불변 저널에 서명되어 저장되며 change_log에는 모델 변경사항과 승인 워크플로우 기록이 포함됩니다.",
            "id": "sample_051_0033_000023",
            "annotations": []
        },
        {
            "sentence": "deployment_version v1.2.0-prod의 monitoring_metrics로는 AUC, F1, 정답률 및 입력분포 변화 지표가 포함되며 drift_alerts 임계값은 자동 차단 규칙과 연동됩니다.",
            "id": "sample_051_0033_000024",
            "annotations": []
        },
        {
            "sentence": "incident_report에는 한 건의 출력 노출 사고가 기록되어 있으며, 모델이 생성한 이름 오혜수가 실제 개인을 식별할 가능성이 있어 즉시 차단 및 역추적을 실시했습니다.",
            "id": "sample_051_0033_000025",
            "annotations": [
                {
                    "word": "오혜수",
                    "start": 54,
                    "end": 57,
                    "label": "개인정보"
                }
            ]
        },
        {
            "sentence": "compliance_certification으로 ISO/IEC 27001:2013 준수 인증을 기재하고, regulator_notification은 GDPR 및 지역 AI 규제(예: 국가 AI법)에 따라 신고되었습니다.",
            "id": "sample_051_0033_000026",
            "annotations": []
        },
        {
            "sentence": "검토자 코멘트(reviewer_comments)에는 천다율의 소액 조정 권고가 포함되어 있으며 모든 코멘트는 타임스탬프와 전자서명으로 보존됩니다.",
            "id": "sample_051_0033_000027",
            "annotations": [
                {
                    "word": "천다율",
                    "start": 29,
                    "end": 32,
                    "label": "개인정보"
                }
            ]
        },
        {
            "sentence": "윤리위원회 결정(ethics_committee_decision)은 '승인 조건부'로 기록되었고, 고위험 구성요소에 대해서는 외부감사와 추가 모니터링을 요구했습니다.",
            "id": "sample_051_0033_000028",
            "annotations": []
        },
        {
            "sentence": "결론 및 실행 항목으로 불변 스토리지에 서명된 체인오브레코드를 보관하고, 책임자 연락처는 담당자: 백은하로 내부 기록에 기재되어 있으나 외부 공개본은 익명화됩니다.",
            "id": "sample_051_0033_000029",
            "annotations": [
                {
                    "word": "백은하",
                    "start": 55,
                    "end": 58,
                    "label": "개인정보"
                }
            ]
        }
    ]
}