﻿word,document,sentence,label
유박,051_0001,sample_051_0001_000011,개인정보
주수희,051_0001,sample_051_0001_000012,개인정보
010-1234-5678,051_0001,sample_051_0001_000013,개인정보
ubak@example.com,051_0001,sample_051_0001_000013,개인정보
900101-1234567,051_0001,sample_051_0001_000014,개인정보
1990-01-01,051_0001,sample_051_0001_000015,준식별자
남성,051_0001,sample_051_0001_000015,준식별자
서울특별시,051_0001,sample_051_0001_000015,준식별자
강남구,051_0001,sample_051_0001_000015,준식별자
주식회사 알파테크,051_0001,sample_051_0001_000015,준식별자
192.0.2.10,051_0001,sample_051_0001_000016,기밀정보
/srv/models/alpha/model_v1.pt,051_0001,sample_051_0001_000016,기밀정보
API_KEY_EXAMPLE_XXXX,051_0001,sample_051_0001_000016,기밀정보
엄재근,051_0001,sample_051_0001_000024,개인정보
198.51.100.23,051_0001,sample_051_0001_000027,기밀정보
/srv/models/ai_ethics_v2/checkpoints.ckpt,051_0002,sample_051_0002_000010,기밀정보
김빈,051_0002,sample_051_0002_000011,개인정보
hyeran@example.com,051_0002,sample_051_0002_000011,개인정보
EID-2024-0091,051_0002,sample_051_0002_000011,개인정보
여성,051_0002,sample_051_0002_000014,준식별자
1990-05-20,051_0002,sample_051_0002_000014,준식별자
서울특별시 강남구,051_0002,sample_051_0002_000014,준식별자
임혜란,051_0002,sample_051_0002_000015,개인정보
192.168.100.25,051_0002,sample_051_0002_000020,기밀정보
vpn.internal.example.com,051_0002,sample_051_0002_000020,기밀정보
하도열,051_0002,sample_051_0002_000023,개인정보
정라은,051_0002,sample_051_0002_000024,개인정보
심제니,051_0002,sample_051_0002_000026,개인정보
유단우,051_0002,sample_051_0002_000027,개인정보
천수빈,051_0002,sample_051_0002_000027,개인정보
남애리,051_0003,sample_051_0003_000004,개인정보
010-1234-5678,051_0003,sample_051_0003_000004,개인정보
naeri@company.com,051_0003,sample_051_0003_000004,개인정보
192.168.10.5,051_0003,sample_051_0003_000006,기밀정보
/srv/models/prod/model_v3.pkl,051_0003,sample_051_0003_000006,기밀정보
1990-01-01,051_0003,sample_051_0003_000012,준식별자
900101-1234567,051_0003,sample_051_0003_000012,개인정보
서울특별시,051_0003,sample_051_0003_000012,준식별자
강남구,051_0003,sample_051_0003_000012,준식별자
역삼동,051_0003,sample_051_0003_000012,준식별자
연구원,051_0003,sample_051_0003_000012,준식별자
S-2023-0456,051_0003,sample_051_0003_000013,개인정보
123-456-789012,051_0003,sample_051_0003_000013,기밀정보
svc_admin,051_0003,sample_051_0003_000013,기밀정보
공한우,051_0003,sample_051_0003_000026,개인정보
ghanwoo@secure.example.com,051_0003,sample_051_0003_000026,개인정보
vpn.corp.example.com,051_0003,sample_051_0003_000026,기밀정보
123-456-789012,051_0003,sample_051_0003_000027,기밀정보
최시연,051_0004,sample_051_0004_000011,개인정보
1987,051_0004,sample_051_0004_000014,준식별자
05,051_0004,sample_051_0004_000014,준식별자
12,051_0004,sample_051_0004_000014,준식별자
서울특별시,051_0004,sample_051_0004_000015,준식별자
강남구,051_0004,sample_051_0004_000015,준식별자
연구원,051_0004,sample_051_0004_000016,준식별자
주서현,051_0004,sample_051_0004_000022,개인정보
조유상,051_0004,sample_051_0004_000026,개인정보
10.0.0.42,051_0004,sample_051_0004_000027,기밀정보
/srv/models/prod/ai-ethics-v1,051_0004,sample_051_0004_000027,기밀정보
https://internal.prod.local/deploy,051_0004,sample_051_0004_000027,기밀정보
권준환,051_0004,sample_051_0004_000028,개인정보
박승후,051_0005,sample_051_0005_000007,개인정보
2023-045,051_0005,sample_051_0005_000007,개인정보
손도윤,051_0005,sample_051_0005_000008,개인정보
s.doyun@example.com,051_0005,sample_051_0005_000008,개인정보
신종윤,051_0005,sample_051_0005_000027,개인정보
sinyj@company.kr,051_0005,sample_051_0005_000027,개인정보
남,051_0005,sample_051_0005_000011,준식별자
1985-07-12,051_0005,sample_051_0005_000011,준식별자
강남구,051_0005,sample_051_0005_000025,준식별자
노하솔,051_0005,sample_051_0005_000016,개인정보
민영택,051_0005,sample_051_0005_000017,개인정보
10.200.30.45,051_0005,sample_051_0005_000020,기밀정보
황명국,051_0005,sample_051_0005_000023,개인정보
/conf/meetings/ethics/2024-03-12.pdf,051_0005,sample_051_0005_000024,기밀정보
류기현,051_0005,sample_051_0005_000025,개인정보
서울특별시 강남구 테헤란로 10층 101호,051_0005,sample_051_0005_000025,개인정보
조지예,051_0005,sample_051_0005_000023,개인정보
황관영,051_0005,sample_051_0005_000029,개인정보
류지숙,051_0006,sample_051_0006_000005,개인정보
허준민,051_0006,sample_051_0006_000006,개인정보
20210345,051_0006,sample_051_0006_000006,개인정보
남성,051_0006,sample_051_0006_000017,준식별자
1985-06-12,051_0006,sample_051_0006_000017,준식별자
서울특별시,051_0006,sample_051_0006_000017,준식별자
강남구,051_0006,sample_051_0006_000017,준식별자
역삼동,051_0006,sample_051_0006_000017,준식별자
10.23.45.67,051_0006,sample_051_0006_000024,기밀정보
/srv/models/prod/model_v1.bin,051_0006,sample_051_0006_000024,기밀정보
model_admin,051_0006,sample_051_0006_000024,기밀정보
전기윤,051_0006,sample_051_0006_000025,개인정보
권우림,051_0006,sample_051_0006_000025,개인정보
남기민,051_0006,sample_051_0006_000032,개인정보
곽호진,051_0007,sample_051_0007_000005,개인정보
20230456,051_0007,sample_051_0007_000006,개인정보
1978-05-12,051_0007,sample_051_0007_000007,준식별자
남,051_0007,sample_051_0007_000007,준식별자
강남구,051_0007,sample_051_0007_000008,준식별자
hojin.gwak@company.kr,051_0007,sample_051_0007_000015,개인정보
010-1234-5678,051_0007,sample_051_0007_000016,개인정보
192.168.10.45,051_0007,sample_051_0007_000012,기밀정보
/srv/models/internal/model_v1.pkl,051_0007,sample_051_0007_000012,기밀정보
신태진,051_0007,sample_051_0007_000026,개인정보
PERS-0002,051_0008,sample_051_0008_000002,개인정보
정태현,051_0008,sample_051_0008_000002,개인정보
PERS-0001,051_0008,sample_051_0008_000020,개인정보
EMP-2023-045,051_0008,sample_051_0008_000026,개인정보
신여원,051_0008,sample_051_0008_000027,개인정보
PERS-0003,051_0008,sample_051_0008_000027,개인정보
1987,051_0008,sample_051_0008_000013,준식별자
남성,051_0008,sample_051_0008_000013,준식별자
강남구,051_0008,sample_051_0008_000013,준식별자
[REDACTED_PASSPORT],051_0008,sample_051_0008_000010,개인정보
[REDACTED_IP],051_0008,sample_051_0008_000019,기밀정보
[REDACTED_ACCOUNT],051_0008,sample_051_0008_000028,기밀정보
[REDACTED_PATH],051_0008,sample_051_0008_000028,기밀정보
엄율찬,051_0009,sample_051_0009_000012,개인정보
서울AI연구소,051_0009,sample_051_0009_000012,준식별자
010-1234-5678,051_0009,sample_051_0009_000013,개인정보
eum_엄율찬@seoulai.org,051_0009,sample_051_0009_000013,개인정보
20201234,051_0009,sample_051_0009_000013,개인정보
880101-1234567,051_0009,sample_051_0009_000013,개인정보
1985-03-12,051_0009,sample_051_0009_000014,준식별자
서울특별시 강남구 테헤란로10길 5,051_0009,sample_051_0009_000014,개인정보
10.0.4.12,051_0009,sample_051_0009_000024,기밀정보
vpn.internal.seoulai.local,051_0009,sample_051_0009_000024,기밀정보
/var/data/internal/agg/db.sqlite,051_0009,sample_051_0009_000024,기밀정보
123-456-789012,051_0009,sample_051_0009_000025,기밀정보
정태율,051_0009,sample_051_0009_000027,개인정보
백유은,051_0009,sample_051_0009_000029,개인정보
채승원,051_0009,sample_051_0009_000029,개인정보
엄하겸,051_0010,sample_051_0010_000014,개인정보
010-1234-5678,051_0010,sample_051_0010_000014,개인정보
umh@example.com,051_0010,sample_051_0010_000014,개인정보
A-2024-1001,051_0010,sample_051_0010_000014,개인정보
900101-1******,051_0010,sample_051_0010_000014,개인정보
성별 남성,051_0010,sample_051_0010_000015,준식별자
생년월일 1990-05-12,051_0010,sample_051_0010_000015,준식별자
주소 서울특별시 강남구 역삼동,051_0010,sample_051_0010_000015,준식별자
/srv/models/production/model_2025.pt,051_0010,sample_051_0010_000024,기밀정보
문진희,051_0010,sample_051_0010_000025,개인정보
10.10.56.23,051_0010,sample_051_0010_000029,기밀정보
vpn.internal.corp,051_0010,sample_051_0010_000029,기밀정보
123-45-678901,051_0010,sample_051_0010_000030,기밀정보
XYZ BioTech(미발표),051_0010,sample_051_0010_000030,기밀정보
주민등록번호,051_0011,sample_051_0011_000012,개인정보
백건욱,051_0011,sample_051_0011_000013,개인정보
bk@company.kr,051_0011,sample_051_0011_000013,개인정보
010-1234-5678,051_0011,sample_051_0011_000013,개인정보
2024-00123,051_0011,sample_051_0011_000013,개인정보
주률,051_0011,sample_051_0011_000014,개인정보
900101-1234567,051_0011,sample_051_0011_000015,개인정보
남성,051_0011,sample_051_0011_000016,준식별자
1990-01-01,051_0011,sample_051_0011_000016,준식별자
서울특별시 강남구,051_0011,sample_051_0011_000016,준식별자
데이터 엔지니어,051_0011,sample_051_0011_000016,준식별자
A형,051_0011,sample_051_0011_000017,준식별자
대한민국,051_0011,sample_051_0011_000017,준식별자
10.0.0.5,051_0011,sample_051_0011_000029,기밀정보
/srv/models/archive/v1/model.pt,051_0011,sample_051_0011_000029,기밀정보
https://internal.company.local/secure,051_0011,sample_051_0011_000029,기밀정보
123-45-678901,051_0011,sample_051_0011_000029,기밀정보
강새별,051_0011,sample_051_0011_000030,개인정보
김수찬,051_0012,sample_051_0012_000014,개인정보
010-1234-5678,051_0012,sample_051_0012_000015,개인정보
kim.suchan@company.kr,051_0012,sample_051_0012_000016,개인정보
900101-1234567,051_0012,sample_051_0012_000017,개인정보
서울특별시 강남구 테헤란로 123,051_0012,sample_051_0012_000018,개인정보
EID-2026-0456,051_0012,sample_051_0012_000019,개인정보
남,051_0012,sample_051_0012_000020,준식별자
1990-01-01,051_0012,sample_051_0012_000020,준식별자
강남구,051_0012,sample_051_0012_000020,준식별자
한국AI연구소,051_0012,sample_051_0012_000020,준식별자
고지호,051_0012,sample_051_0012_000026,개인정보
10.0.0.5,051_0012,sample_051_0012_000028,기밀정보
/srv/models/model_v1/weights.bin,051_0012,sample_051_0012_000028,기밀정보
vpn.internal.company.kr,051_0012,sample_051_0012_000028,기밀정보
110-123-456789,051_0012,sample_051_0012_000028,기밀정보
문승희,051_0012,sample_051_0012_000030,개인정보
서울특별시 강남구,051_0013,sample_051_0013_000009,준식별자
채영자,051_0013,sample_051_0013_000010,개인정보
EMP-00123,051_0013,sample_051_0013_000011,개인정보
강시윤,051_0013,sample_051_0013_000019,개인정보
10.0.0.5,051_0013,sample_051_0013_000023,기밀정보
유혜지,051_0013,sample_051_0013_000026,개인정보
yuhy@company.com,051_0013,sample_051_0013_000026,개인정보
고엘라,051_0013,sample_051_0013_000027,개인정보
s3://private-bucket/ai/gov/model_v1,051_0013,sample_051_0013_000028,기밀정보
채의성,051_0013,sample_051_0013_000030,개인정보
김다솔,051_0014,sample_051_0014_000004,개인정보
kim.dasol@example.com,051_0014,sample_051_0014_000004,개인정보
010-1234-5678,051_0014,sample_051_0014_000005,개인정보
1990 / 05 / 15,051_0014,sample_051_0014_000006,준식별자
여성,051_0014,sample_051_0014_000007,준식별자
데이터 엔지니어,051_0014,sample_051_0014_000007,준식별자
서울특별시 강남구,051_0014,sample_051_0014_000007,준식별자
담당자 김다솔 승인,051_0014,sample_051_0014_000020,기밀정보
10.0.0.5,051_0014,sample_051_0014_000022,기밀정보
/srv/model/checkpoints/v3,051_0014,sample_051_0014_000022,기밀정보
홍나,051_0014,sample_051_0014_000024,개인정보
허자인,051_0014,sample_051_0014_000029,개인정보
손효우,051_0015,sample_051_0015_000012,개인정보
010-9876-5432,051_0015,sample_051_0015_000012,개인정보
ho.you@example.com,051_0015,sample_051_0015_000012,개인정보
20234567,051_0015,sample_051_0015_000012,개인정보
1985-07-12,051_0015,sample_051_0015_000014,준식별자
남성,051_0015,sample_051_0015_000014,준식별자
서울특별시,051_0015,sample_051_0015_000014,준식별자
강남구,051_0015,sample_051_0015_000014,준식별자
역삼동,051_0015,sample_051_0015_000014,준식별자
나장환,051_0015,sample_051_0015_000021,개인정보
10.10.234.12,051_0015,sample_051_0015_000029,기밀정보
/srv/prod/models/alpha_v1/weights.pt,051_0015,sample_051_0015_000029,기밀정보
vpn.internal.example.local,051_0015,sample_051_0015_000029,기밀정보
123-456-7890,051_0015,sample_051_0015_000029,기밀정보
류에릭,051_0016,sample_051_0016_000025,개인정보
김영천,051_0016,sample_051_0016_000025,개인정보
장은아,051_0016,sample_051_0016_000026,개인정보
eunah.jang@research.org,051_0016,sample_051_0016_000026,개인정보
류은성,051_0016,sample_051_0016_000027,개인정보
900512-1234567,051_0016,sample_051_0016_000027,개인정보
010-1234-5678,051_0016,sample_051_0016_000028,개인정보
류지산,051_0016,sample_051_0016_000029,개인정보
kimy@org.kr,051_0016,sample_051_0016_000029,개인정보
심이든,051_0016,sample_051_0016_000030,개인정보
여성,051_0016,sample_051_0016_000015,준식별자
1990-05-12,051_0016,sample_051_0016_000015,준식별자
서울특별시,051_0016,sample_051_0016_000016,준식별자
강남구,051_0016,sample_051_0016_000016,준식별자
국립AI연구소,051_0016,sample_051_0016_000016,준식별자
한국,051_0016,sample_051_0016_000016,준식별자
10.0.0.5,051_0016,sample_051_0016_000023,기밀정보
/srv/models/checkpoints/v1.ckpt,051_0016,sample_051_0016_000023,기밀정보
123-456789-01,051_0016,sample_051_0016_000023,기밀정보
vpn.internal.example.com,051_0016,sample_051_0016_000020,기밀정보
김태경,051_0017,sample_051_0017_000006,개인정보
900101-1234567,051_0017,sample_051_0017_000007,개인정보
010-1234-5678,051_0017,sample_051_0017_000008,개인정보
k.tae@company.com,051_0017,sample_051_0017_000008,개인정보
서울특별시 강남구 테헤란로 45,051_0017,sample_051_0017_000008,개인정보
EMP-2023-0456,051_0017,sample_051_0017_000009,개인정보
여,051_0017,sample_051_0017_000010,준식별자
1990-01-01,051_0017,sample_051_0017_000010,준식별자
강남구,051_0017,sample_051_0017_000010,준식별자
10.0.0.23,051_0017,sample_051_0017_000019,기밀정보
123-456-7890,051_0017,sample_051_0017_000021,기밀정보
vpn.internal.example.com,051_0017,sample_051_0017_000022,기밀정보
admin_user,051_0017,sample_051_0017_000022,기밀정보
BUD-2024-02,051_0017,sample_051_0017_000023,기밀정보
허승효,051_0017,sample_051_0017_000024,개인정보
장라경,051_0017,sample_051_0017_000025,개인정보
최시현,051_0017,sample_051_0017_000027,개인정보
박고운,051_0017,sample_051_0017_000028,개인정보
010-9876-5432,051_0017,sample_051_0017_000028,개인정보
공도혜,051_0018,sample_051_0018_000005,개인정보
gdhe@example.org,051_0018,sample_051_0018_000005,개인정보
노중원,051_0018,sample_051_0018_000006,개인정보
홍태강,051_0018,sample_051_0018_000006,개인정보
850712-1*****,051_0018,sample_051_0018_000017,개인정보
1985-07-12,051_0018,sample_051_0018_000009,준식별자
여성,051_0018,sample_051_0018_000009,준식별자
강남구,051_0018,sample_051_0018_000011,준식별자
알파테크,051_0018,sample_051_0018_000011,준식별자
10.0.0.15,051_0018,sample_051_0018_000031,기밀정보
/srv/models/private/model_v1.tar.gz,051_0018,sample_051_0018_000031,기밀정보
123-456789-01,051_0018,sample_051_0018_000032,기밀정보
비공개파트너X,051_0018,sample_051_0018_000032,기밀정보
20240123,051_0018,sample_051_0018_000033,개인정보
양은섭,051_0019,sample_051_0019_000014,개인정보
yang.e@example.com,051_0019,sample_051_0019_000015,개인정보
20231234,051_0019,sample_051_0019_000016,개인정보
1985-06-12,051_0019,sample_051_0019_000017,준식별자
남성,051_0019,sample_051_0019_000017,준식별자
서울특별시 강남구,051_0019,sample_051_0019_000017,준식별자
10.0.12.45,051_0019,sample_051_0019_000027,기밀정보
s3://internal-bucket/models/model-v1.ckpt,051_0019,sample_051_0019_000027,기밀정보
123-45-678901,051_0019,sample_051_0019_000028,기밀정보
vpn.internal.example.com,051_0019,sample_051_0019_000028,기밀정보
장찬유,051_0019,sample_051_0019_000030,개인정보
우남규,051_0020,sample_051_0020_000002,개인정보
주예린,051_0020,sample_051_0020_000006,개인정보
EMP-2021-045,051_0020,sample_051_0020_000006,개인정보
wny@organization.kr,051_0020,sample_051_0020_000006,개인정보
010-1234-5678,051_0020,sample_051_0020_000006,개인정보
1986-12-01,051_0020,sample_051_0020_000006,준식별자
강남구,051_0020,sample_051_0020_000012,준식별자
10.10.10.5,051_0020,sample_051_0020_000015,기밀정보
최유겸,051_0020,sample_051_0020_000017,개인정보
/opt/models/prod/model_v2.pt,051_0020,sample_051_0020_000018,기밀정보
admin_svc,051_0020,sample_051_0020_000020,기밀정보
vpn.internal.corp,051_0020,sample_051_0020_000020,기밀정보
방종준,051_0020,sample_051_0020_000023,개인정보
황한울,051_0020,sample_051_0020_000024,개인정보
participants_wnk.csv,051_0020,sample_051_0020_000026,기밀정보
우남규,051_0020,sample_051_0020_000026,개인정보
주대희,051_0021,sample_051_0021_000004,개인정보
1985-07-14,051_0021,sample_051_0021_000005,준식별자
여성,051_0021,sample_051_0021_000005,준식별자
서울특별시 강남구,051_0021,sample_051_0021_000005,준식별자
jdhe@example.com,051_0021,sample_051_0021_000006,개인정보
2021-0456,051_0021,sample_051_0021_000007,개인정보
10.0.0.42,051_0021,sample_051_0021_000007,기밀정보
123-456-789,051_0021,sample_051_0021_000008,기밀정보
s3://immutable-bucket/datalineage/2025/06/01/manifest.json,051_0021,sample_051_0021_000014,기밀정보
주대희,051_0021,sample_051_0021_000018,개인정보
jdhe@example.com,051_0021,sample_051_0021_000018,개인정보
안석민,051_0021,sample_051_0021_000026,개인정보
정대우,051_0021,sample_051_0021_000029,개인정보
심정태,051_0021,sample_051_0021_000031,개인정보
민은식,051_0021,sample_051_0021_000031,개인정보
https://git.internal.example/repo,051_0022,sample_051_0022_000003,기밀정보
registry.internal.company/ai:1.2,051_0022,sample_051_0022_000005,기밀정보
log-db-03,051_0022,sample_051_0022_000008,기밀정보
류천용,051_0022,sample_051_0022_000010,개인정보
성별: 남성,051_0022,sample_051_0022_000012,준식별자
생년: 1985,051_0022,sample_051_0022_000012,준식별자
강남구,051_0022,sample_051_0022_000012,준식별자
직업: 데이터엔지니어,051_0022,sample_051_0022_000012,준식별자
s3://immutable-audit/051_0022/sha256:ef12...,051_0022,sample_051_0022_000019,기밀정보
원찬욱,051_0022,sample_051_0022_000020,개인정보
10.10.10.5,051_0022,sample_051_0022_000024,기밀정보
류비주,051_0022,sample_051_0022_000027,개인정보
장송하,051_0022,sample_051_0022_000028,개인정보
registry.internal/ai:gov-2026,051_0023,sample_051_0023_000006,기밀정보
홍다엘,051_0023,sample_051_0023_000026,개인정보
KAIST,051_0023,sample_051_0023_000026,준식별자
수석연구원,051_0023,sample_051_0023_000026,준식별자
010-1234-5678,051_0023,sample_051_0023_000026,개인정보
dael.hong@example.org,051_0023,sample_051_0023_000026,개인정보
임민혁,051_0023,sample_051_0023_000027,개인정보
2025-12-01,051_0023,sample_051_0023_000027,준식별자
전설민,051_0023,sample_051_0023_000028,개인정보
990101-1******,051_0023,sample_051_0023_000028,개인정보
서울특별시 중구,051_0023,sample_051_0023_000029,준식별자
/mnt/internal/models/model_v3.pkl,051_0023,sample_051_0023_000030,기밀정보
registry.internal,051_0023,sample_051_0023_000030,기밀정보
10.0.4.21,051_0023,sample_051_0023_000030,기밀정보
***-**-678901,051_0023,sample_051_0023_000031,기밀정보
박정숙,051_0024,sample_051_0024_000026,개인정보
공우성,051_0024,sample_051_0024_000026,개인정보
성별: 여성,051_0024,sample_051_0024_000028,준식별자
생년월일: 1985-07-12,051_0024,sample_051_0024_000028,준식별자
시: 서울특별시,051_0024,sample_051_0024_000028,준식별자
군/구: 종로구,051_0024,sample_051_0024_000028,준식별자
동: 효제동,051_0024,sample_051_0024_000028,준식별자
직업: 데이터엔지니어,051_0024,sample_051_0024_000028,준식별자
10.0.4.12,051_0024,sample_051_0024_000029,기밀정보
https://internal.example.local/model,051_0024,sample_051_0024_000029,기밀정보
계좌번호 123-45-678901,051_0024,sample_051_0024_000029,기밀정보
10.0.0.5,051_0025,sample_051_0025_000005,기밀정보
유아라,051_0025,sample_051_0025_000010,개인정보
010-1234-5678,051_0025,sample_051_0025_000010,개인정보
y.ara@example.com,051_0025,sample_051_0025_000010,개인정보
서울특별시 강남구,051_0025,sample_051_0025_000010,준식별자
ABC 연구소,051_0025,sample_051_0025_000010,준식별자
900101-1*****,051_0025,sample_051_0025_000010,개인정보
진영화,051_0025,sample_051_0025_000017,개인정보
/repo/models/ai-governance-v1.2/checkpoint.pt,051_0025,sample_051_0025_000018,기밀정보
서울특별시 강남구,051_0025,sample_051_0025_000020,준식별자
123-456-789012,051_0025,sample_051_0025_000021,기밀정보
허로이,051_0025,sample_051_0025_000021,개인정보
공태석,051_0025,sample_051_0025_000024,개인정보
허태혁,051_0025,sample_051_0025_000025,개인정보
한가은,051_0025,sample_051_0025_000025,개인정보
서영주,051_0025,sample_051_0025_000026,개인정보
2025-01-10,051_0025,sample_051_0025_000026,준식별자
진다운,051_0025,sample_051_0025_000028,개인정보
노성후,051_0025,sample_051_0025_000029,개인정보
20204567,051_0025,sample_051_0025_000029,개인정보
원영국,051_0026,sample_051_0026_000004,개인정보
강광현,051_0026,sample_051_0026_000005,개인정보
윤대권,051_0026,sample_051_0026_000006,개인정보
홍태구,051_0026,sample_051_0026_000007,개인정보
hongtaegu@example.com,051_0026,sample_051_0026_000007,개인정보
010-1234-5678,051_0026,sample_051_0026_000008,개인정보
900101-1234567,051_0026,sample_051_0026_000009,개인정보
S-2023-0456,051_0026,sample_051_0026_000010,개인정보
1990년,051_0026,sample_051_0026_000011,준식별자
1월,051_0026,sample_051_0026_000011,준식별자
1일,051_0026,sample_051_0026_000011,준식별자
서울시,051_0026,sample_051_0026_000012,준식별자
강남구,051_0026,sample_051_0026_000012,준식별자
역삼동,051_0026,sample_051_0026_000012,준식별자
서울대 AI연구소,051_0026,sample_051_0026_000013,준식별자
A형,051_0026,sample_051_0026_000014,준식별자
123-456-7890,051_0026,sample_051_0026_000015,기밀정보
10.0.0.12,051_0026,sample_051_0026_000016,기밀정보
/srv/models/051_0026/checkpoint.pt,051_0026,sample_051_0026_000017,기밀정보
vpn.internal.company.local,051_0026,sample_051_0026_000018,기밀정보
svc_ai_admin,051_0026,sample_051_0026_000019,기밀정보
오태윤,051_0026,sample_051_0026_000020,개인정보
정다엘,051_0026,sample_051_0026_000031,개인정보
석사(컴퓨터공학),051_0026,sample_051_0026_000042,준식별자
1989-04-15,051_0027,sample_051_0027_000011,준식별자
서초구,051_0027,sample_051_0027_000011,준식별자
여성,051_0027,sample_051_0027_000011,준식별자
주민애,051_0027,sample_051_0027_000013,개인정보
배제윤,051_0027,sample_051_0027_000014,개인정보
주민애,051_0027,sample_051_0027_000014,개인정보
허서진,051_0027,sample_051_0027_000024,개인정보
/srv/models/ai/051_0027/v1/model.pt,051_0027,sample_051_0027_000027,기밀정보
vpn.corp.internal,051_0027,sample_051_0027_000027,기밀정보
ai_admin,051_0027,sample_051_0027_000027,기밀정보
123-456-789,051_0027,sample_051_0027_000027,기밀정보
배제윤,051_0027,sample_051_0027_000028,개인정보
이상우,051_0028,sample_051_0028_000009,개인정보
2023-0456,051_0028,sample_051_0028_000011,개인정보
minjp@company.co.kr,051_0028,sample_051_0028_000012,개인정보
성별: 남성,051_0028,sample_051_0028_000013,준식별자
생년월일_년: 1985,051_0028,sample_051_0028_000013,준식별자
생년월일_월: 07,051_0028,sample_051_0028_000013,준식별자
생년월일_일: 12,051_0028,sample_051_0028_000013,준식별자
주소_시: 서울특별시,051_0028,sample_051_0028_000014,준식별자
주소_구: 강남구,051_0028,sample_051_0028_000014,준식별자
직업: 데이터 엔지니어,051_0028,sample_051_0028_000014,준식별자
국적: 대한민국,051_0028,sample_051_0028_000014,준식별자
혈액형: A,051_0028,sample_051_0028_000014,준식별자
장희율,051_0028,sample_051_0028_000021,개인정보
민종필,051_0028,sample_051_0028_000026,개인정보
곽다을,051_0028,sample_051_0028_000027,개인정보
권은겸,051_0028,sample_051_0028_000030,개인정보
하시호,051_0029,sample_051_0029_000014,개인정보
하보민,051_0029,sample_051_0029_000015,개인정보
1985-07-13,051_0029,sample_051_0029_000016,준식별자
남성,051_0029,sample_051_0029_000016,준식별자
강남구,051_0029,sample_051_0029_000016,준식별자
홍유연,051_0029,sample_051_0029_000017,개인정보
hong.y@example.com,051_0029,sample_051_0029_000017,개인정보
010-****-1234,051_0029,sample_051_0029_000017,개인정보
주민등록번호,051_0029,sample_051_0029_000018,개인정보
계좌번호,051_0029,sample_051_0029_000019,기밀정보
10.0.0.5,051_0029,sample_051_0029_000020,기밀정보
/srv/models/prod/model_v1/,051_0029,sample_051_0029_000020,기밀정보
https://internal.example.com/ai/audit,051_0029,sample_051_0029_000020,기밀정보
남도원,051_0029,sample_051_0029_000031,개인정보
조윤담,051_0030,sample_051_0030_000010,개인정보
jo.yoondam@example.com,051_0030,sample_051_0030_000010,개인정보
010-1234-5678,051_0030,sample_051_0030_000010,개인정보
900101-1234567,051_0030,sample_051_0030_000010,개인정보
성별: 여성,051_0030,sample_051_0030_000013,준식별자
생년월일: 1985-08-15,051_0030,sample_051_0030_000013,준식별자
주소: 서울특별시 강남구,051_0030,sample_051_0030_000013,준식별자
직업: 연구원,051_0030,sample_051_0030_000013,준식별자
학력: 석사,051_0030,sample_051_0030_000013,준식별자
성수임,051_0030,sample_051_0030_000022,개인정보
백순복,051_0030,sample_051_0030_000022,개인정보
백순복,051_0030,sample_051_0030_000023,개인정보
10.0.0.45,051_0030,sample_051_0030_000024,기밀정보
/srv/models/051/0030/weights.pt,051_0030,sample_051_0030_000024,기밀정보
svc_ai_admin,051_0030,sample_051_0030_000024,기밀정보
계좌번호: 123-456-789012,051_0030,sample_051_0030_000030,기밀정보
조윤담,051_0030,sample_051_0030_000031,개인정보
서여름,051_0031,sample_051_0031_000014,개인정보
seoyeoreum@example.com,051_0031,sample_051_0031_000014,개인정보
010-9876-5432,051_0031,sample_051_0031_000014,개인정보
서울특별시 강남구 테헤란로 10-5,051_0031,sample_051_0031_000014,개인정보
1990-05-12,051_0031,sample_051_0031_000016,준식별자
여성,051_0031,sample_051_0031_000016,준식별자
강남구,051_0031,sample_051_0031_000016,준식별자
황주이,051_0031,sample_051_0031_000021,개인정보
윤인하,051_0031,sample_051_0031_000021,개인정보
20231234,051_0031,sample_051_0031_000024,개인정보
곽서율,051_0031,sample_051_0031_000027,개인정보
신정한,051_0031,sample_051_0031_000028,개인정보
류대성,051_0031,sample_051_0031_000028,개인정보
강재욱,051_0031,sample_051_0031_000028,개인정보
윤샤론,051_0031,sample_051_0031_000031,개인정보
10.0.0.5,051_0031,sample_051_0031_000030,기밀정보
/srv/models/prod/model_v3.pt,051_0031,sample_051_0031_000030,기밀정보
123-456-789012,051_0031,sample_051_0031_000030,기밀정보
공병규,051_0032,sample_051_0032_000010,개인정보
1985-04-12,051_0032,sample_051_0032_000012,준식별자
서울특별시 강남구 역삼동,051_0032,sample_051_0032_000012,준식별자
user@example.com,051_0032,sample_051_0032_000023,개인정보
192.168.0.12,051_0032,sample_051_0032_000024,기밀정보
/srv/models/prod/model_v1,051_0032,sample_051_0032_000024,기밀정보
계좌번호:123-456-789,051_0032,sample_051_0032_000025,기밀정보
강보검,051_0032,sample_051_0032_000028,개인정보
윤현도,051_0032,sample_051_0032_000028,개인정보
고리진,051_0032,sample_051_0032_000029,개인정보
정대겸,051_0032,sample_051_0032_000029,개인정보
구에스더,051_0033,sample_051_0033_000012,개인정보
사번: 20231234,051_0033,sample_051_0033_000013,개인정보
1985-07-20,051_0033,sample_051_0033_000014,준식별자
서울특별시 강남구 역삼동,051_0033,sample_051_0033_000015,준식별자
계좌번호: 110-123456-789,051_0033,sample_051_0033_000016,기밀정보
서버 IP: 10.0.0.5,051_0033,sample_051_0033_000017,기밀정보
vpn.internal.corp,051_0033,sample_051_0033_000018,기밀정보
오혜수,051_0033,sample_051_0033_000025,개인정보
천다율,051_0033,sample_051_0033_000027,개인정보
백은하,051_0033,sample_051_0033_000029,개인정보
정지안,051_0034,sample_051_0034_000011,개인정보
공혜지,051_0034,sample_051_0034_000012,개인정보
남채나,051_0034,sample_051_0034_000022,개인정보
신준연,051_0034,sample_051_0034_000028,개인정보
황정수,051_0034,sample_051_0034_000028,개인정보
하윤철,051_0034,sample_051_0034_000030,개인정보
010-1234-5678,051_0034,sample_051_0034_000013,개인정보
jeongan@example.com,051_0034,sample_051_0034_000013,개인정보
900512-1234567,051_0034,sample_051_0034_000014,개인정보
"서울특별시 강남구 테헤란로 123, 12층",051_0034,sample_051_0034_000016,개인정보
1990-05-12,051_0034,sample_051_0034_000015,준식별자
서울 강남구,051_0034,sample_051_0034_000017,준식별자
10.0.0.5,051_0034,sample_051_0034_000025,기밀정보
/srv/models/model_v3/checkpoint.pt,051_0034,sample_051_0034_000025,기밀정보
장창혁,051_0035,sample_051_0035_000002,개인정보
/internal/model_cards/ai_ethics_v2.1.md,051_0035,sample_051_0035_000003,기밀정보
registry.internal.example.com/ai_ethics:2026-01,051_0035,sample_051_0035_000005,기밀정보
/srv/models/ai_ethics_v2.1.chkpt,051_0035,sample_051_0035_000008,기밀정보
윤해주,051_0035,sample_051_0035_000012,개인정보
jang.ch@example.com,051_0035,sample_051_0035_000012,개인정보
010-1111-2222,051_0035,sample_051_0035_000012,개인정보
1985-05-10,051_0035,sample_051_0035_000013,준식별자
서울특별시 강남구,051_0035,sample_051_0035_000013,준식별자
장창혁,051_0035,sample_051_0035_000025,개인정보
허하온,051_0035,sample_051_0035_000026,개인정보
노태길,051_0035,sample_051_0035_000026,개인정보
박규아,051_0036,sample_051_0036_000003,개인정보
박규아,051_0036,sample_051_0036_000013,개인정보
rgov-contact@corp-example.com,051_0036,sample_051_0036_000014,개인정보
010-1234-5678,051_0036,sample_051_0036_000015,개인정보
사번: 2023-0456,051_0036,sample_051_0036_000016,개인정보
생년월일: 1988-05-16,051_0036,sample_051_0036_000017,준식별자
성별: 여성,051_0036,sample_051_0036_000017,준식별자
서울특별시 강남구,051_0036,sample_051_0036_000017,준식별자
/srv/models/prod/model_v2.pt,051_0036,sample_051_0036_000024,기밀정보
10.0.0.5,051_0036,sample_051_0036_000028,기밀정보
계좌번호: 110-234-56789,051_0036,sample_051_0036_000028,기밀정보
vpn.internal.corp,051_0036,sample_051_0036_000028,기밀정보
한은성,051_0036,sample_051_0036_000030,개인정보
주은효,051_0037,sample_051_0037_000005,개인정보
010-1234-5678,051_0037,sample_051_0037_000006,개인정보
juheunhyo@company.co.kr,051_0037,sample_051_0037_000006,개인정보
900101-1234567,051_0037,sample_051_0037_000007,개인정보
"서울특별시 강남구 테헤란로 123, 1003호",051_0037,sample_051_0037_000008,개인정보
서울특별시 강남구,051_0037,sample_051_0037_000009,준식별자
여성,051_0037,sample_051_0037_000010,준식별자
1985-05-12,051_0037,sample_051_0037_000010,준식별자
데이터 엔지니어,051_0037,sample_051_0037_000011,준식별자
사번 2024-0456,051_0037,sample_051_0037_000011,개인정보
방동주,051_0037,sample_051_0037_000012,개인정보
10.0.0.5,051_0037,sample_051_0037_000013,기밀정보
/srv/models/v1/checkpoint,051_0037,sample_051_0037_000013,기밀정보
vpn.company.internal,051_0037,sample_051_0037_000013,기밀정보
123-456-789012,051_0037,sample_051_0037_000014,기밀정보
한병규,051_0037,sample_051_0037_000015,개인정보
정준기,051_0038,sample_051_0038_000003,개인정보
김재윤,051_0038,sample_051_0038_000004,개인정보
kimjy@example.com,051_0038,sample_051_0038_000004,개인정보
010-1234-5678,051_0038,sample_051_0038_000004,개인정보
사번: 20240123,051_0038,sample_051_0038_000004,개인정보
서울특별시 강남구,051_0038,sample_051_0038_000007,준식별자
1990-05-12,051_0038,sample_051_0038_000008,준식별자
192.168.1.10,051_0038,sample_051_0038_000013,기밀정보
/srv/models/prod/v1/model.pt,051_0038,sample_051_0038_000013,기밀정보
계좌번호: 123-456-789012,051_0038,sample_051_0038_000014,기밀정보
노해승,051_0039,sample_051_0039_000005,개인정보
차동구,051_0039,sample_051_0039_000006,개인정보
2021-1003,051_0039,sample_051_0039_000007,개인정보
1985-07-12,051_0039,sample_051_0039_000008,준식별자
서울특별시 강남구,051_0039,sample_051_0039_000009,준식별자
10.0.4.12,051_0039,sample_051_0039_000028,기밀정보
/srv/models/secure/model_v1.tar.gz,051_0039,sample_051_0039_000029,기밀정보
배대훈,051_0039,sample_051_0039_000030,개인정보
010-1234-5678,051_0039,sample_051_0039_000031,개인정보
이재린,051_0040,sample_051_0040_000009,개인정보
전서화,051_0040,sample_051_0040_000010,개인정보
010-1234-5678,051_0040,sample_051_0040_000011,개인정보
admin@example.com,051_0040,sample_051_0040_000012,개인정보
850712-1234567,051_0040,sample_051_0040_000013,개인정보
서울특별시 종로구 북촌길 12-3 호수 5,051_0040,sample_051_0040_000014,개인정보
1985-07-12,051_0040,sample_051_0040_000015,준식별자
여성,051_0040,sample_051_0040_000015,준식별자
서울특별시 종로구,051_0040,sample_051_0040_000015,준식별자
S-2021-0456,051_0040,sample_051_0040_000016,개인정보
허상철,051_0040,sample_051_0040_000024,개인정보
10.10.20.30,051_0040,sample_051_0040_000026,기밀정보
/srv/models/prod/model_v12.pkl,051_0040,sample_051_0040_000026,기밀정보
https://internal.company.local/admin,051_0040,sample_051_0040_000026,기밀정보
계좌번호: 110-012-345678,051_0040,sample_051_0040_000027,기밀정보
110-012-345678,051_0040,sample_051_0040_000027,기밀정보
"후원금: 50,000,000원",051_0040,sample_051_0040_000027,기밀정보
정재율,051_0040,sample_051_0040_000028,개인정보
백시완,051_0040,sample_051_0040_000028,개인정보
전서화,051_0040,sample_051_0040_000029,개인정보
박병하,051_0041,sample_051_0041_000014,개인정보
park.bh@example.com,051_0041,sample_051_0041_000014,개인정보
남성,051_0041,sample_051_0041_000016,준식별자
1985-06-15,051_0041,sample_051_0041_000016,준식별자
강남구,051_0041,sample_051_0041_000016,준식별자
/srv/models/prod/model_v1.pt,051_0041,sample_051_0041_000022,기밀정보
10.8.0.45,051_0041,sample_051_0041_000022,기밀정보
강종필,051_0041,sample_051_0041_000024,개인정보
park.bh@example.com,051_0041,sample_051_0041_000026,개인정보
010-1234-5678,051_0041,sample_051_0041_000026,개인정보
박덕인,051_0041,sample_051_0041_000029,개인정보
고태현,051_0042,sample_051_0042_000010,개인정보
taehyun@example.com,051_0042,sample_051_0042_000010,개인정보
010-1234-5678,051_0042,sample_051_0042_000010,개인정보
2023-0045,051_0042,sample_051_0042_000010,개인정보
성별=남,051_0042,sample_051_0042_000011,준식별자
생년월일_연=1985,051_0042,sample_051_0042_000011,준식별자
생년월일_월=06,051_0042,sample_051_0042_000011,준식별자
생년월일_일=15,051_0042,sample_051_0042_000011,준식별자
시군구=강남구,051_0042,sample_051_0042_000011,준식별자
직업=데이터엔지니어,051_0042,sample_051_0042_000011,준식별자
https://git.internal/corp/ai-models,051_0042,sample_051_0042_000005,기밀정보
10.200.30.45,051_0042,sample_051_0042_000022,기밀정보
/srv/models/ai-v1/checkpoints/ckpt-124,051_0042,sample_051_0042_000022,기밀정보
vpn.internal.corp,051_0042,sample_051_0042_000023,기밀정보
110-123456-78,051_0042,sample_051_0042_000023,기밀정보
https://internal.repo/secure/report,051_0042,sample_051_0042_000023,기밀정보
윤선미,051_0042,sample_051_0042_000026,개인정보
백주헌,051_0042,sample_051_0042_000027,개인정보
지선우,051_0042,sample_051_0042_000028,개인정보
안동욱,051_0042,sample_051_0042_000028,개인정보
홍가을,051_0042,sample_051_0042_000028,개인정보
https://internal.repo/compliance/EC-2025-02,051_0042,sample_051_0042_000030,기밀정보
류명찬,051_0043,sample_051_0043_000012,개인정보
[REDACTED_PHONE_0001],051_0043,sample_051_0043_000013,개인정보
[REDACTED_EMAIL_0001],051_0043,sample_051_0043_000014,개인정보
[REDACTED_STAFFID_2024-0456],051_0043,sample_051_0043_000015,개인정보
1985,051_0043,sample_051_0043_000016,준식별자
07,051_0043,sample_051_0043_000017,준식별자
12,051_0043,sample_051_0043_000018,준식별자
여성,051_0043,sample_051_0043_000019,준식별자
서울특별시,051_0043,sample_051_0043_000020,준식별자
강남구,051_0043,sample_051_0043_000021,준식별자
서울대학교,051_0043,sample_051_0043_000022,준식별자
10.0.0.5,051_0043,sample_051_0043_000023,기밀정보
/srv/models/051_0043/v1/checkpoint.pt,051_0043,sample_051_0043_000024,기밀정보
[REDACTED_ACCT_****1234],051_0043,sample_051_0043_000025,기밀정보
주경빈,051_0044,sample_051_0044_000006,개인정보
권택훈,051_0044,sample_051_0044_000007,개인정보
박현산,051_0044,sample_051_0044_000008,개인정보
hyunsan.park@company.kr,051_0044,sample_051_0044_000008,개인정보
2023-0456,051_0044,sample_051_0044_000008,개인정보
s3://internal-bucket/project/models/ai_ethics/v1.2/model.tar.gz,051_0044,sample_051_0044_000010,기밀정보
postgresql://db_user:secret@10.0.4.8:5432/ai_registry,051_0044,sample_051_0044_000030,기밀정보
10.0.3.21,051_0044,sample_051_0044_000031,기밀정보
/srv/models/ethics/v1/checkpoint.pt,051_0044,sample_051_0044_000031,기밀정보
123-456-7890,051_0044,sample_051_0044_000032,기밀정보
조창식,051_0044,sample_051_0044_000033,개인정보
이치훈,051_0044,sample_051_0044_000033,개인정보
양무혁,051_0044,sample_051_0044_000034,개인정보
강경인,051_0044,sample_051_0044_000034,개인정보
천은혜,051_0045,sample_051_0045_000008,개인정보
사번: 20213456,051_0045,sample_051_0045_000008,개인정보
park.jh@company.co.kr,051_0045,sample_051_0045_000014,개인정보
박정희,051_0045,sample_051_0045_000014,개인정보
eunhye.cheon@company.co.kr,051_0045,sample_051_0045_000018,개인정보
010-1234-5678,051_0045,sample_051_0045_000018,개인정보
권민상,051_0045,sample_051_0045_000018,개인정보
우윤오,051_0045,sample_051_0045_000021,개인정보
백담솔,051_0045,sample_051_0045_000022,개인정보
배하늘,051_0045,sample_051_0045_000022,개인정보
1985-07-12,051_0045,sample_051_0045_000024,준식별자
여성,051_0045,sample_051_0045_000024,준식별자
서울특별시 강남구 역삼동,051_0045,sample_051_0045_000024,준식별자
10.0.4.12,051_0045,sample_051_0045_000027,기밀정보
/srv/models/ae_v2.1/checkpoint.pt,051_0045,sample_051_0045_000027,기밀정보
vpn.internal.corp,051_0045,sample_051_0045_000027,기밀정보
계좌번호: 123-45-678901,051_0045,sample_051_0045_000027,기밀정보
심하루,051_0046,sample_051_0046_000010,개인정보
민우솔,051_0046,sample_051_0046_000010,개인정보
minu.sol@company.example.com,051_0046,sample_051_0046_000012,개인정보
010-9876-5432,051_0046,sample_051_0046_000012,개인정보
20241234,051_0046,sample_051_0046_000012,개인정보
남성,051_0046,sample_051_0046_000013,준식별자
1985-07-23,051_0046,sample_051_0046_000013,준식별자
서울특별시,051_0046,sample_051_0046_000013,준식별자
강남구,051_0046,sample_051_0046_000013,준식별자
연구원,051_0046,sample_051_0046_000013,준식별자
대한민국,051_0046,sample_051_0046_000013,준식별자
배효선,051_0046,sample_051_0046_000018,개인정보
s3://internal-prod/models/ai_ethics/v1/weights.ckpt,051_0046,sample_051_0046_000008,기밀정보
registry.internal/ai-ethics:20250110,051_0046,sample_051_0046_000005,기밀정보
https://git.internal.corp/repo/ai-ethics/commit/abc123,051_0046,sample_051_0046_000020,기밀정보
전지혁,051_0046,sample_051_0046_000021,개인정보
심하루,051_0046,sample_051_0046_000021,개인정보
배효선,051_0046,sample_051_0046_000023,개인정보
문노아,051_0046,sample_051_0046_000023,개인정보
governance@company.example.com,051_0046,sample_051_0046_000025,개인정보
손주상,051_0046,sample_051_0046_000026,개인정보
최동균,051_0046,sample_051_0046_000026,개인정보
유진원,051_0046,sample_051_0046_000027,개인정보
유진원,051_0046,sample_051_0046_000028,개인정보
황석빈,051_0046,sample_051_0046_000030,개인정보
vpn.corp.internal,051_0046,sample_051_0046_000031,기밀정보
10.8.0.15,051_0046,sample_051_0046_000031,기밀정보
"1,200,000,000원",051_0046,sample_051_0046_000032,기밀정보
조희령,051_0047,sample_051_0047_000010,개인정보
010-1234-5678,051_0047,sample_051_0047_000010,개인정보
chohyl@research.example.com,051_0047,sample_051_0047_000010,개인정보
900101-1234567,051_0047,sample_051_0047_000010,개인정보
1982-05-14,051_0047,sample_051_0047_000013,준식별자
여성,051_0047,sample_051_0047_000013,준식별자
강남구,051_0047,sample_051_0047_000013,준식별자
데이터 분석가,051_0047,sample_051_0047_000013,준식별자
https://internal.docs/models/model_2025_AEGIS_v1.2/card,051_0047,sample_051_0047_000004,기밀정보
/data/source_logs/2024/consent/consent_2024.csv,051_0047,sample_051_0047_000009,기밀정보
/ledger/051_0047/audit.sig,051_0047,sample_051_0047_000019,기밀정보
10.10.50.12,051_0047,sample_051_0047_000024,기밀정보
문준식,051_0047,sample_051_0047_000020,개인정보
원주윤,051_0047,sample_051_0047_000021,개인정보
배찬영,051_0047,sample_051_0047_000026,개인정보
조희령,051_0047,sample_051_0047_000027,개인정보
원주윤,051_0047,sample_051_0047_000029,개인정보
전동희,051_0048,sample_051_0048_000009,개인정보
홍정빈,051_0048,sample_051_0048_000010,개인정보
20231234,051_0048,sample_051_0048_000010,개인정보
hong.jb@corp.kr,051_0048,sample_051_0048_000010,개인정보
윤원석,051_0048,sample_051_0048_000011,개인정보
010-1234-5678,051_0048,sample_051_0048_000011,개인정보
여성,051_0048,sample_051_0048_000015,준식별자
10.0.0.23,051_0048,sample_051_0048_000017,기밀정보
https://internal.corp.ai/secret,051_0048,sample_051_0048_000017,기밀정보
110-2345-6789,051_0048,sample_051_0048_000017,기밀정보
지승범,051_0048,sample_051_0048_000020,개인정보
안이온,051_0048,sample_051_0048_000023,개인정보
류수원,051_0048,sample_051_0048_000025,개인정보
진서후,051_0048,sample_051_0048_000026,개인정보
하종수,051_0048,sample_051_0048_000026,개인정보
방재찬,051_0049,sample_051_0049_000010,개인정보
성별: 여,051_0049,sample_051_0049_000013,준식별자
생년: 1980,051_0049,sample_051_0049_000014,준식별자
생월: 05,051_0049,sample_051_0049_000014,준식별자
생일: 12,051_0049,sample_051_0049_000014,준식별자
강이환,051_0049,sample_051_0049_000019,개인정보
주서백,051_0049,sample_051_0049_000020,개인정보
10.10.10.5,051_0049,sample_051_0049_000022,기밀정보
/srv/models/aiethics_v2.1/checkpoint.pt,051_0049,sample_051_0049_000023,기밀정보
곽재윤,051_0049,sample_051_0049_000026,개인정보
안제영,051_0049,sample_051_0049_000026,개인정보
사번: 20231234,051_0049,sample_051_0049_000027,개인정보
정성환,051_0049,sample_051_0049_000031,개인정보
차민교,051_0050,sample_051_0050_000013,개인정보
S-2024-045,051_0050,sample_051_0050_000013,개인정보
차민교,051_0050,sample_051_0050_000022,개인정보
민성규,051_0050,sample_051_0050_000022,개인정보
윤시엘,051_0050,sample_051_0050_000029,개인정보
노지혜,051_0050,sample_051_0050_000029,개인정보
전교성,051_0050,sample_051_0050_000030,개인정보
류해준,051_0050,sample_051_0050_000030,개인정보
안영도,051_0050,sample_051_0050_000032,개인정보
1985-07-12,051_0050,sample_051_0050_000017,준식별자
서울특별시,051_0050,sample_051_0050_000009,준식별자
강남구,051_0050,sample_051_0050_000009,준식별자
DataCorp,051_0050,sample_051_0050_000003,준식별자
vpn.corp.internal,051_0050,sample_051_0050_000026,기밀정보
10.10.10.5,051_0050,sample_051_0050_000026,기밀정보
성민근,051_0051,sample_051_0051_000011,개인정보
010-1234-5678,051_0051,sample_051_0051_000012,개인정보
smg@example.com,051_0051,sample_051_0051_000012,개인정보
900101-1234567,051_0051,sample_051_0051_000013,개인정보
남성,051_0051,sample_051_0051_000014,준식별자
1989-01-01,051_0051,sample_051_0051_000014,준식별자
서울특별시 강남구,051_0051,sample_051_0051_000014,준식별자
ExampleCorp,051_0051,sample_051_0051_000015,준식별자
10.0.0.5,051_0051,sample_051_0051_000016,기밀정보
/srv/models/prod/model_v1.ckpt,051_0051,sample_051_0051_000016,기밀정보
110-1234-567890,051_0051,sample_051_0051_000017,기밀정보
엄유연,051_0051,sample_051_0051_000024,개인정보
박희원,051_0052,sample_051_0052_000012,개인정보
park.heewon@corp-example.com,051_0052,sample_051_0052_000013,개인정보
010-1234-5678,051_0052,sample_051_0052_000014,개인정보
A20230045,051_0052,sample_051_0052_000015,개인정보
1990-05-12,051_0052,sample_051_0052_000016,준식별자
여성,051_0052,sample_051_0052_000016,준식별자
서울특별시 강남구,051_0052,sample_051_0052_000017,준식별자
데이터 엔지니어,051_0052,sample_051_0052_000018,준식별자
M12345678,051_0052,sample_051_0052_000019,개인정보
vpn.internal.corp,051_0052,sample_051_0052_000020,기밀정보
10.0.0.5,051_0052,sample_051_0052_000020,기밀정보
111-222-333333,051_0052,sample_051_0052_000021,기밀정보
공정안,051_0052,sample_051_0052_000027,개인정보
박희원,051_0052,sample_051_0052_000028,개인정보
류기현,051_0052,sample_051_0052_000030,개인정보
최중민,051_0053,sample_051_0053_000013,개인정보
백영민,051_0053,sample_051_0053_000014,개인정보
chm@example.com,051_0053,sample_051_0053_000015,개인정보
010-1234-5678,051_0053,sample_051_0053_000016,개인정보
900101-1234567,051_0053,sample_051_0053_000017,개인정보
2023-0456,051_0053,sample_051_0053_000018,개인정보
남,051_0053,sample_051_0053_000019,준식별자
1985-06-15,051_0053,sample_051_0053_000020,준식별자
서울특별시,051_0053,sample_051_0053_000021,준식별자
강남구,051_0053,sample_051_0053_000021,준식별자
역삼동,051_0053,sample_051_0053_000021,준식별자
데이터 엔지니어,051_0053,sample_051_0053_000022,준식별자
연세대학교 컴퓨터공학,051_0053,sample_051_0053_000023,준식별자
대한민국,051_0053,sample_051_0053_000024,준식별자
192.168.10.45,051_0053,sample_051_0053_000025,기밀정보
/srv/ml/models/secure/model_v1.pkl,051_0053,sample_051_0053_000026,기밀정보
vpn.secure.internal,051_0053,sample_051_0053_000027,기밀정보
123-456-789012,051_0053,sample_051_0053_000028,기밀정보
AI 거버넌스 전략(비공개),051_0053,sample_051_0053_000029,기밀정보
결재자: 최중민,051_0053,sample_051_0053_000030,기밀정보
최중민,051_0053,sample_051_0053_000030,개인정보
박제은,051_0053,sample_051_0053_000036,개인정보
노태하,051_0054,sample_051_0054_000025,개인정보
주무빈,051_0054,sample_051_0054_000026,개인정보
장시온,051_0054,sample_051_0054_000027,개인정보
2026,051_0054,sample_051_0054_000002,준식별자
01,051_0054,sample_051_0054_000002,준식별자
23,051_0054,sample_051_0054_000002,준식별자
2025,051_0054,sample_051_0054_000008,준식별자
10,051_0054,sample_051_0054_000008,준식별자
01,051_0054,sample_051_0054_000008,준식별자
2025,051_0054,sample_051_0054_000008,준식별자
10,051_0054,sample_051_0054_000008,준식별자
10,051_0054,sample_051_0054_000008,준식별자
2025,051_0054,sample_051_0054_000022,준식별자
12,051_0054,sample_051_0054_000022,준식별자
15,051_0054,sample_051_0054_000022,준식별자
2025,051_0054,sample_051_0054_000024,준식별자
12,051_0054,sample_051_0054_000024,준식별자
20,051_0054,sample_051_0054_000024,준식별자
2026,051_0054,sample_051_0054_000027,준식별자
01,051_0054,sample_051_0054_000027,준식별자
10,051_0054,sample_051_0054_000027,준식별자
10.10.10.5,051_0054,sample_051_0054_000028,기밀정보
vpn.internal.company,051_0054,sample_051_0054_000028,기밀정보
/mnt/data/models/weights_v1.bin,051_0054,sample_051_0054_000028,기밀정보
svc_ai_trainer,051_0054,sample_051_0054_000029,기밀정보
공채림,051_0055,sample_051_0055_000013,개인정보
윤가윤,051_0055,sample_051_0055_000014,개인정보
성별: 여성,051_0055,sample_051_0055_000015,준식별자
생년월일: 1985-07-12,051_0055,sample_051_0055_000015,준식별자
서울특별시 강남구,051_0055,sample_051_0055_000015,준식별자
직업: 데이터 엔지니어,051_0055,sample_051_0055_000015,준식별자
192.168.100.12,051_0055,sample_051_0055_000022,기밀정보
/srv/models/prod/v1/model.bin,051_0055,sample_051_0055_000022,기밀정보
svc_ai_runner,051_0055,sample_051_0055_000023,기밀정보
vpn.internal.corp,051_0055,sample_051_0055_000023,기밀정보
황인혜,051_0055,sample_051_0055_000025,개인정보
공태헌,051_0055,sample_051_0055_000027,개인정보
채동우,051_0055,sample_051_0055_000028,개인정보
진소을,051_0055,sample_051_0055_000029,개인정보
심이서,051_0056,sample_051_0056_000003,개인정보
20231234,051_0056,sample_051_0056_000005,개인정보
s.lee@company.co.kr,051_0056,sample_051_0056_000006,개인정보
1985-03-12,051_0056,sample_051_0056_000007,준식별자
서울특별시 강남구,051_0056,sample_051_0056_000010,준식별자
데이터 엔지니어,051_0056,sample_051_0056_000011,준식별자
서울대 컴퓨터공학,051_0056,sample_051_0056_000011,준식별자
10.0.0.5,051_0056,sample_051_0056_000015,기밀정보
vpn.internal.corp,051_0056,sample_051_0056_000015,기밀정보
123-45-678901,051_0056,sample_051_0056_000016,기밀정보
AcmeBio Lab,051_0056,sample_051_0056_000017,기밀정보
여성,051_0056,sample_051_0056_000019,준식별자
장지원,051_0056,sample_051_0056_000020,개인정보
조채윤,051_0056,sample_051_0056_000021,개인정보
채세정,051_0056,sample_051_0056_000024,개인정보
우준휘,051_0056,sample_051_0056_000026,개인정보
유현건,051_0056,sample_051_0056_000029,개인정보
서필재,051_0057,sample_051_0057_000002,개인정보
조은겸,051_0057,sample_051_0057_000015,개인정보
사번 20230456,051_0057,sample_051_0057_000016,개인정보
sub-0001,051_0057,sample_051_0057_000013,준식별자
생년월일(원본),051_0057,sample_051_0057_000017,준식별자
남성,051_0057,sample_051_0057_000017,준식별자
서울특별시 강남구,051_0057,sample_051_0057_000017,준식별자
/srv/models/ai-governance/v1/checkpoint.pt,051_0057,sample_051_0057_000031,기밀정보
192.168.100.12,051_0057,sample_051_0057_000031,기밀정보
vpn.internal.company.local,051_0057,sample_051_0057_000031,기밀정보
곽애론,051_0058,sample_051_0058_000010,개인정보
사번: 20230058,051_0058,sample_051_0058_000010,개인정보
구은수,051_0058,sample_051_0058_000011,개인정보
gu_eunsu@company.kr,051_0058,sample_051_0058_000011,개인정보
010-1234-5678,051_0058,sample_051_0058_000011,개인정보
성별: 여성,051_0058,sample_051_0058_000011,준식별자
생년월일: 1985-07-12,051_0058,sample_051_0058_000011,준식별자
서울특별시,051_0058,sample_051_0058_000011,준식별자
강남구,051_0058,sample_051_0058_000011,준식별자
대한민국,051_0058,sample_051_0058_000011,준식별자
홍랑,051_0058,sample_051_0058_000012,개인정보
hong.rang@company.local,051_0058,sample_051_0058_000012,개인정보
010-2345-6789,051_0058,sample_051_0058_000012,개인정보
노규현,051_0058,sample_051_0058_000025,개인정보
ACME R&D,051_0058,sample_051_0058_000026,기밀정보
10.0.0.12,051_0058,sample_051_0058_000027,기밀정보
/srv/models/v1/checkpoint.pt,051_0058,sample_051_0058_000027,기밀정보
vpn.internal.company:1194,051_0058,sample_051_0058_000028,기밀정보
postgres://audit_user@10.0.0.5:5432/audit,051_0058,sample_051_0058_000028,기밀정보
/data/datasets/ds_citizen_2024/datasheet_v1.2.pdf,051_0059,sample_051_0059_000005,기밀정보
나민구,051_0059,sample_051_0059_000011,개인정보
1985-07-12,051_0059,sample_051_0059_000011,준식별자
여성,051_0059,sample_051_0059_000011,준식별자
서울특별시 강남구,051_0059,sample_051_0059_000011,준식별자
사번 2023-0456,051_0059,sample_051_0059_000012,개인정보
minju.nam@example.com,051_0059,sample_051_0059_000012,개인정보
10.0.0.12,051_0059,sample_051_0059_000017,기밀정보
/srv/models/v1/checkpoint.pt,051_0059,sample_051_0059_000019,기밀정보
서울특별시 강서구,051_0059,sample_051_0059_000021,준식별자
최모건,051_0059,sample_051_0059_000023,개인정보
윤경빈,051_0059,sample_051_0059_000026,개인정보
류규영,051_0059,sample_051_0059_000027,개인정보
배재인,051_0059,sample_051_0059_000032,개인정보
황사무엘,051_0059,sample_051_0059_000033,개인정보
원채현,051_0060,sample_051_0060_000010,개인정보
010-1234-5678,051_0060,sample_051_0060_000010,개인정보
wch@research.example.com,051_0060,sample_051_0060_000010,개인정보
1985,051_0060,sample_051_0060_000010,준식별자
07,051_0060,sample_051_0060_000010,준식별자
13,051_0060,sample_051_0060_000010,준식별자
여성,051_0060,sample_051_0060_000010,준식별자
서울특별시,051_0060,sample_051_0060_000010,준식별자
종로구,051_0060,sample_051_0060_000010,준식별자
하설,051_0060,sample_051_0060_000019,개인정보
조채희,051_0060,sample_051_0060_000028,개인정보
/srv/models/prod/model_v1.pt,051_0060,sample_051_0060_000020,기밀정보
10.0.4.12,051_0060,sample_051_0060_000020,기밀정보
https://internal.example.com/notify,051_0060,sample_051_0060_000014,기밀정보
지애나,051_0061,sample_051_0061_000003,개인정보
jiena@aiorg.kr,051_0061,sample_051_0061_000003,개인정보
강대안,051_0061,sample_051_0061_000004,개인정보
사번 20230061,051_0061,sample_051_0061_000004,개인정보
이윤모,051_0061,sample_051_0061_000005,개인정보
QuantumLabs,051_0061,sample_051_0061_000011,기밀정보
1985년,051_0061,sample_051_0061_000013,준식별자
07월,051_0061,sample_051_0061_000013,준식별자
23일,051_0061,sample_051_0061_000013,준식별자
여성,051_0061,sample_051_0061_000013,준식별자
서울특별시 종로구,051_0061,sample_051_0061_000013,준식별자
강서안,051_0061,sample_051_0061_000021,개인정보
123-456-789,051_0061,sample_051_0061_000024,기밀정보
10.0.0.5,051_0061,sample_051_0061_000025,기밀정보
최아율,051_0061,sample_051_0061_000028,개인정보
주진유,051_0061,sample_051_0061_000029,개인정보
채민설,051_0061,sample_051_0061_000030,개인정보
방진선,051_0061,sample_051_0061_000030,개인정보
김송하,051_0062,sample_051_0062_000003,개인정보
강지석,051_0062,sample_051_0062_000004,개인정보
오은선,051_0062,sample_051_0062_000011,개인정보
CR-2023-0001,051_0062,sample_051_0062_000012,일반정보
사번 20213456,051_0062,sample_051_0062_000013,개인정보
010-1234-5678,051_0062,sample_051_0062_000013,개인정보
hong.gw@company.internal,051_0062,sample_051_0062_000013,개인정보
서울특별시 강남구 테헤란로 123-45,051_0062,sample_051_0062_000013,개인정보
1990-05-15,051_0062,sample_051_0062_000013,준식별자
성별 여성,051_0062,sample_051_0062_000013,준식별자
강남구,051_0062,sample_051_0062_000013,준식별자
오은선,051_0062,sample_051_0062_000026,개인정보
강지석,051_0062,sample_051_0062_000027,개인정보
전나율,051_0062,sample_051_0062_000028,개인정보
10.10.10.15,051_0062,sample_051_0062_000023,기밀정보
admin_user,051_0062,sample_051_0062_000023,기밀정보
계좌번호 123-456-789,051_0062,sample_051_0062_000029,기밀정보
50000000원,051_0062,sample_051_0062_000029,기밀정보
/var/internal/models/v1/model.pt,051_0062,sample_051_0062_000029,기밀정보
vpn.internal.company,051_0062,sample_051_0062_000029,기밀정보
김송하,051_0062,sample_051_0062_000030,개인정보
유희엘,051_0063,sample_051_0063_000003,개인정보
최성봉,051_0063,sample_051_0063_000004,개인정보
노나예,051_0063,sample_051_0063_000005,개인정보
원경란,051_0063,sample_051_0063_000006,개인정보
백태리,051_0063,sample_051_0063_000007,개인정보
우수윤,051_0063,sample_051_0063_000029,개인정보
차연선,051_0063,sample_051_0063_000030,개인정보
원한결,051_0063,sample_051_0063_000031,개인정보
여성,051_0063,sample_051_0063_000032,준식별자
1990년 05월 12일,051_0063,sample_051_0063_000032,준식별자
서울특별시 강남구,051_0063,sample_051_0063_000032,준식별자
데이터 엔지니어,051_0063,sample_051_0063_000032,준식별자
192.168.0.42,051_0063,sample_051_0063_000034,기밀정보
/srv/models/checkpoints/v1.ckpt,051_0063,sample_051_0063_000034,기밀정보
123-456-789,051_0063,sample_051_0063_000034,기밀정보
s3://internal-bucket/models/ai_model_v3.2.1,051_0064,sample_051_0064_000002,기밀정보
ds_corp_internal_v1,051_0064,sample_051_0064_000008,기밀정보
user_hashed_01,051_0064,sample_051_0064_000010,개인정보
하은혁,051_0064,sample_051_0064_000012,개인정보
haeunhyuk@org.co.kr,051_0064,sample_051_0064_000012,개인정보
user_0001,051_0064,sample_051_0064_000012,개인정보
남,051_0064,sample_051_0064_000014,준식별자
1985-06-15,051_0064,sample_051_0064_000014,준식별자
서울특별시,051_0064,sample_051_0064_000014,준식별자
강남구,051_0064,sample_051_0064_000014,준식별자
연구원,051_0064,sample_051_0064_000014,준식별자
하주율,051_0064,sample_051_0064_000021,개인정보
차채호,051_0064,sample_051_0064_000021,개인정보
10.0.4.12,051_0064,sample_051_0064_000025,기밀정보
/srv/models/ai_model_v3.2.1/weights.pt,051_0064,sample_051_0064_000026,기밀정보
https://internal.corp.local,051_0064,sample_051_0064_000026,기밀정보
110-123-456789,051_0064,sample_051_0064_000027,기밀정보
서채원,051_0064,sample_051_0064_000030,개인정보
지보배,051_0065,sample_051_0065_000013,개인정보
방예봄,051_0065,sample_051_0065_000014,개인정보
안서훈,051_0065,sample_051_0065_000015,개인정보
이서인,051_0065,sample_051_0065_000015,개인정보
남민선,051_0065,sample_051_0065_000016,개인정보
nam.minsun@company.kr,051_0065,sample_051_0065_000016,개인정보
010-9876-5432,051_0065,sample_051_0065_000016,개인정보
900101-1234567,051_0065,sample_051_0065_000017,개인정보
여성,051_0065,sample_051_0065_000018,준식별자
1988-05-12,051_0065,sample_051_0065_000018,준식별자
서울특별시 강남구,051_0065,sample_051_0065_000018,준식별자
10.0.0.5,051_0065,sample_051_0065_000023,기밀정보
/srv/internal/models/model_2025.pkl,051_0065,sample_051_0065_000023,기밀정보
123-456-789-012,051_0065,sample_051_0065_000023,기밀정보
안재빈,051_0065,sample_051_0065_000026,개인정보
남소린,051_0065,sample_051_0065_000029,개인정보
하기동,051_0065,sample_051_0065_000029,개인정보
오지율,051_0065,sample_051_0065_000029,개인정보
강상수,051_0065,sample_051_0065_000030,개인정보
백이찬,051_0066,sample_051_0066_000011,개인정보
baek.ichan@example.com,051_0066,sample_051_0066_000012,개인정보
010-1234-5678,051_0066,sample_051_0066_000012,개인정보
900101-1234567,051_0066,sample_051_0066_000012,개인정보
20205678,051_0066,sample_051_0066_000012,개인정보
박우태,051_0066,sample_051_0066_000019,개인정보
10.45.23.11,051_0066,sample_051_0066_000022,기밀정보
/srv/models/weights/v1.ckpt,051_0066,sample_051_0066_000023,기밀정보
이한영,051_0066,sample_051_0066_000026,개인정보
진주은,051_0066,sample_051_0066_000027,개인정보
손해빈,051_0066,sample_051_0066_000027,개인정보
데이터 엔지니어,051_0066,sample_051_0066_000028,준식별자
서울특별시 강남구,051_0066,sample_051_0066_000029,준식별자
1985-07-12,051_0066,sample_051_0066_000030,준식별자
남성,051_0066,sample_051_0066_000030,준식별자
O형,051_0066,sample_051_0066_000030,준식별자
석사(컴퓨터공학),051_0066,sample_051_0066_000030,준식별자
svc_model_train,051_0066,sample_051_0066_000031,기밀정보
vpn.internal.example.com,051_0066,sample_051_0066_000031,기밀정보
50000000,051_0066,sample_051_0066_000031,기밀정보
류리영,051_0067,sample_051_0067_000002,개인정보
A테크연구소,051_0067,sample_051_0067_000008,준식별자
남인우,051_0067,sample_051_0067_000009,개인정보
900101-1******,051_0067,sample_051_0067_000010,개인정보
010-1234-5678,051_0067,sample_051_0067_000010,개인정보
nam.inwoo@example.com,051_0067,sample_051_0067_000010,개인정보
남성,051_0067,sample_051_0067_000012,준식별자
1990-01-01,051_0067,sample_051_0067_000013,준식별자
최준용,051_0067,sample_051_0067_000016,개인정보
/srv/models/051_0067/checkpoint.ckpt,051_0067,sample_051_0067_000019,기밀정보
10.0.0.5,051_0067,sample_051_0067_000019,기밀정보
최수종,051_0067,sample_051_0067_000021,개인정보
천현주,051_0067,sample_051_0067_000022,개인정보
남인우,051_0067,sample_051_0067_000023,개인정보
심로윤,051_0067,sample_051_0067_000025,개인정보
"1,200,000,000원",051_0067,sample_051_0067_000027,기밀정보
차병훈,051_0067,sample_051_0067_000028,개인정보
천원율,051_0068,sample_051_0068_000010,개인정보
2023년,051_0068,sample_051_0068_000010,준식별자
11월,051_0068,sample_051_0068_000010,준식별자
15일,051_0068,sample_051_0068_000010,준식별자
Q3 AI 배포 승인,051_0068,sample_051_0068_000017,기밀정보
박지원,051_0068,sample_051_0068_000017,개인정보
조이엘,051_0068,sample_051_0068_000021,개인정보
2024년,051_0068,sample_051_0068_000021,준식별자
01월,051_0068,sample_051_0068_000021,준식별자
10일,051_0068,sample_051_0068_000021,준식별자
성로윤,051_0068,sample_051_0068_000024,개인정보
손병일,051_0068,sample_051_0068_000025,개인정보
/srv/internal/data/user_db.csv,051_0068,sample_051_0068_000026,기밀정보
/srv/internal/models/model_v1.ckpt,051_0068,sample_051_0068_000026,기밀정보
2021345,051_0068,sample_051_0068_000027,개인정보
cheon.w@acme.ai,051_0068,sample_051_0068_000027,개인정보
010-1234-5678,051_0068,sample_051_0068_000027,개인정보
1985년,051_0068,sample_051_0068_000028,준식별자
07월,051_0068,sample_051_0068_000028,준식별자
21일,051_0068,sample_051_0068_000028,준식별자
남성,051_0068,sample_051_0068_000028,준식별자
서울특별시,051_0068,sample_051_0068_000028,준식별자
한빛연구소,051_0068,sample_051_0068_000028,준식별자
10.0.0.42,051_0068,sample_051_0068_000029,기밀정보
vpn.internal.hbr,051_0068,sample_051_0068_000029,기밀정보
110-123-456789,051_0068,sample_051_0068_000029,기밀정보
하태호,051_0069,sample_051_0069_000011,개인정보
윤기백,051_0069,sample_051_0069_000011,개인정보
안창혁,051_0069,sample_051_0069_000011,개인정보
지동호,051_0069,sample_051_0069_000011,개인정보
서울특별시 강남구 역삼동 12-34,051_0069,sample_051_0069_000013,개인정보
1985-07-12,051_0069,sample_051_0069_000014,준식별자
남,051_0069,sample_051_0069_000014,준식별자
123-456-78901234,051_0069,sample_051_0069_000015,기밀정보
192.168.10.5,051_0069,sample_051_0069_000015,기밀정보
/srv/models/prod/checkpoints/v1.ckpt,051_0069,sample_051_0069_000015,기밀정보
E-2023-0456,051_0069,sample_051_0069_000016,개인정보
user01@example.com,051_0069,sample_051_0069_000016,개인정보
010-1234-5678,051_0069,sample_051_0069_000016,개인정보
우해랑,051_0069,sample_051_0069_000028,개인정보
윤대영,051_0069,sample_051_0069_000028,개인정보
성나운,051_0069,sample_051_0069_000029,개인정보
양솔,051_0070,sample_051_0070_000008,개인정보
yang.sol@example.com,051_0070,sample_051_0070_000009,개인정보
010-1234-5678,051_0070,sample_051_0070_000010,개인정보
900101-1234567,051_0070,sample_051_0070_000011,개인정보
서울특별시 강남구,051_0070,sample_051_0070_000012,준식별자
여성,051_0070,sample_051_0070_000013,준식별자
1990,051_0070,sample_051_0070_000014,준식별자
05,051_0070,sample_051_0070_000015,준식별자
21,051_0070,sample_051_0070_000016,준식별자
사번=2021-045,051_0070,sample_051_0070_000017,개인정보
10.20.30.40,051_0070,sample_051_0070_000018,기밀정보
/srv/models/prod/model_v1.pt,051_0070,sample_051_0070_000018,기밀정보
심용화,051_0070,sample_051_0070_000029,개인정보
권재은,051_0070,sample_051_0070_000029,개인정보
심찬우,051_0071,sample_051_0071_000014,개인정보
010-****-1234,051_0071,sample_051_0071_000015,개인정보
chw***@example.com,051_0071,sample_051_0071_000016,개인정보
2021-0001,051_0071,sample_051_0071_000017,개인정보
1985,051_0071,sample_051_0071_000018,준식별자
07,051_0071,sample_051_0071_000018,준식별자
12,051_0071,sample_051_0071_000018,준식별자
남성,051_0071,sample_051_0071_000018,준식별자
강남구,051_0071,sample_051_0071_000018,준식별자
ACME Corp,051_0071,sample_051_0071_000018,준식별자
10.0.0.5,051_0071,sample_051_0071_000029,기밀정보
https://internal.example.com/secret,051_0071,sample_051_0071_000029,기밀정보
****-****-7890,051_0071,sample_051_0071_000030,기밀정보
이리우,051_0072,sample_051_0072_000010,개인정보
iu.sample@company.com,051_0072,sample_051_0072_000010,개인정보
010-1234-5678,051_0072,sample_051_0072_000010,개인정보
900101-1******,051_0072,sample_051_0072_000010,개인정보
백태선,051_0072,sample_051_0072_000018,기밀정보
서울특별시 강남구,051_0072,sample_051_0072_000021,준식별자
10.0.0.5,051_0072,sample_051_0072_000022,기밀정보
123-456789-01,051_0072,sample_051_0072_000023,기밀정보
윤영우,051_0072,sample_051_0072_000025,개인정보
이리우,051_0072,sample_051_0072_000026,개인정보
심동건,051_0072,sample_051_0072_000027,개인정보
진호경,051_0073,sample_051_0073_000013,개인정보
jh.kang@example.com,051_0073,sample_051_0073_000014,개인정보
010-1234-5678,051_0073,sample_051_0073_000015,개인정보
900101-1234567,051_0073,sample_051_0073_000016,개인정보
서울특별시 강남구 역삼동 123-45,051_0073,sample_051_0073_000017,개인정보
여성,051_0073,sample_051_0073_000018,준식별자
1990-01-01,051_0073,sample_051_0073_000018,준식별자
강남구,051_0073,sample_051_0073_000018,준식별자
시니어 연구원,051_0073,sample_051_0073_000018,준식별자
장경원,051_0073,sample_051_0073_000021,개인정보
10.0.0.12,051_0073,sample_051_0073_000024,기밀정보
admin_account_01,051_0073,sample_051_0073_000024,기밀정보
vpn.internal.corp,051_0073,sample_051_0073_000024,기밀정보
123-456-789012,051_0073,sample_051_0073_000028,기밀정보
문원진,051_0073,sample_051_0073_000029,개인정보
하해온,051_0073,sample_051_0073_000030,개인정보
강남구,051_0073,sample_051_0073_000017,개인정보
양다인,051_0074,sample_051_0074_000011,개인정보
yang.da@example.com,051_0074,sample_051_0074_000012,개인정보
010-1234-5678,051_0074,sample_051_0074_000012,개인정보
1990-01-01,051_0074,sample_051_0074_000013,준식별자
여성,051_0074,sample_051_0074_000013,준식별자
서울특별시,051_0074,sample_051_0074_000013,준식별자
강남구,051_0074,sample_051_0074_000013,준식별자
역삼동,051_0074,sample_051_0074_000013,준식별자
교수,051_0074,sample_051_0074_000014,준식별자
10.0.0.5,051_0074,sample_051_0074_000029,기밀정보
/srv/models/alpha_v1,051_0074,sample_051_0074_000029,기밀정보
110-234-56789,051_0074,sample_051_0074_000029,기밀정보
차강호,051_0074,sample_051_0074_000024,개인정보
민아람,051_0074,sample_051_0074_000027,개인정보
남진하,051_0074,sample_051_0074_000028,개인정보
공용규,051_0075,sample_051_0075_000010,개인정보
900101-1234567,051_0075,sample_051_0075_000012,개인정보
yongyong@example.com,051_0075,sample_051_0075_000013,개인정보
010-1234-5678,051_0075,sample_051_0075_000013,개인정보
남성,051_0075,sample_051_0075_000015,준식별자
1985,051_0075,sample_051_0075_000015,준식별자
04,051_0075,sample_051_0075_000015,준식별자
12,051_0075,sample_051_0075_000015,준식별자
서울특별시 강남구,051_0075,sample_051_0075_000015,준식별자
데이터엔지니어,051_0075,sample_051_0075_000016,준식별자
ACME Corp.,051_0075,sample_051_0075_000016,준식별자
10.10.10.10,051_0075,sample_051_0075_000017,기밀정보
https://internal.acme.local/repo,051_0075,sample_051_0075_000017,기밀정보
123-456-7890,051_0075,sample_051_0075_000017,기밀정보
주태근,051_0075,sample_051_0075_000020,개인정보
심윤나,051_0075,sample_051_0075_000029,개인정보
채윤주,051_0076,sample_051_0076_000013,개인정보
차용원,051_0076,sample_051_0076_000014,개인정보
사번: 2023-0432,051_0076,sample_051_0076_000015,개인정보
cyj@example.com,051_0076,sample_051_0076_000016,개인정보
1985,051_0076,sample_051_0076_000017,준식별자
07,051_0076,sample_051_0076_000017,준식별자
12,051_0076,sample_051_0076_000017,준식별자
여성,051_0076,sample_051_0076_000018,준식별자
한국AI연구소,051_0076,sample_051_0076_000018,준식별자
서울특별시,051_0076,sample_051_0076_000018,준식별자
강남구,051_0076,sample_051_0076_000018,준식별자
역삼동,051_0076,sample_051_0076_000018,준식별자
10.10.10.5,051_0076,sample_051_0076_000020,기밀정보
/srv/models/prod/model_v2.pt,051_0076,sample_051_0076_000020,기밀정보
123-456-789012,051_0076,sample_051_0076_000021,기밀정보
vpn.internal.kr,051_0076,sample_051_0076_000022,기밀정보
배세경,051_0076,sample_051_0076_000030,개인정보
이경남,051_0077,sample_051_0077_000011,개인정보
lee.kn@example.com,051_0077,sample_051_0077_000011,개인정보
010-1234-5678,051_0077,sample_051_0077_000011,개인정보
900101-1234567,051_0077,sample_051_0077_000012,개인정보
EMP-2023-045,051_0077,sample_051_0077_000012,개인정보
서울특별시 강남구 테헤란로 10,051_0077,sample_051_0077_000012,개인정보
10.0.0.5,051_0077,sample_051_0077_000006,기밀정보
/srv/prod/models/model_v1.bin,051_0077,sample_051_0077_000010,기밀정보
한희윤,051_0077,sample_051_0077_000019,개인정보
1990-01-01,051_0077,sample_051_0077_000021,준식별자
남성,051_0077,sample_051_0077_000021,준식별자
강남구,051_0077,sample_051_0077_000021,준식별자
http://internal.example.local/secure,051_0077,sample_051_0077_000022,기밀정보
류도영,051_0077,sample_051_0077_000024,개인정보
곽하겸,051_0077,sample_051_0077_000025,개인정보
주주미,051_0077,sample_051_0077_000028,개인정보
123-456-789,051_0077,sample_051_0077_000029,기밀정보
/prod/artifacts/model_v1.weights,051_0077,sample_051_0077_000029,기밀정보
백대중,051_0078,sample_051_0078_000013,개인정보
bae.daejung@example.org,051_0078,sample_051_0078_000013,개인정보
010-1234-5678,051_0078,sample_051_0078_000013,개인정보
20231234,051_0078,sample_051_0078_000013,개인정보
1986,051_0078,sample_051_0078_000013,준식별자
남성,051_0078,sample_051_0078_000013,준식별자
서울특별시,051_0078,sample_051_0078_000013,준식별자
종로구,051_0078,sample_051_0078_000013,준식별자
예시기업,051_0078,sample_051_0078_000013,준식별자
손용현,051_0078,sample_051_0078_000014,개인정보
10.0.0.42,051_0078,sample_051_0078_000020,기밀정보
https://internal.corp.local/model/weights_v1,051_0078,sample_051_0078_000020,기밀정보
svc_model_train,051_0078,sample_051_0078_000020,기밀정보
"150,000,000원",051_0078,sample_051_0078_000020,기밀정보
심동연,051_0078,sample_051_0078_000021,개인정보
권동희,051_0078,sample_051_0078_000030,개인정보
문겨레,051_0078,sample_051_0078_000030,개인정보
10.0.3.45,051_0079,sample_051_0079_000007,기밀정보
사번 20230567,051_0079,sample_051_0079_000014,개인정보
chagw@company.kr,051_0079,sample_051_0079_000014,개인정보
010-1234-5678,051_0079,sample_051_0079_000014,개인정보
남성,051_0079,sample_051_0079_000015,준식별자
1985-07-12,051_0079,sample_051_0079_000015,준식별자
서울시 강남구,051_0079,sample_051_0079_000015,준식별자
데이터 엔지니어,051_0079,sample_051_0079_000015,준식별자
/srv/models/prod/model_v1.pkl,051_0079,sample_051_0079_000020,기밀정보
svc_model_train,051_0079,sample_051_0079_000020,기밀정보
vpn.corp.internal,051_0079,sample_051_0079_000020,기밀정보
차건우,051_0079,sample_051_0079_000021,개인정보
chagw@company.kr,051_0079,sample_051_0079_000023,개인정보
010-1234-5678,051_0079,sample_051_0079_000023,개인정보
나지연,051_0079,sample_051_0079_000026,개인정보
방상희,051_0079,sample_051_0079_000026,개인정보
고재희,051_0079,sample_051_0079_000027,개인정보
차건우,051_0079,sample_051_0079_000028,개인정보
나지연,051_0079,sample_051_0079_000028,개인정보
차주승,051_0080,sample_051_0080_000003,개인정보
장혜주,051_0080,sample_051_0080_000004,개인정보
S-2024-0456,051_0080,sample_051_0080_000006,개인정보
cha.juseung@example.com,051_0080,sample_051_0080_000007,개인정보
1985-07-12,051_0080,sample_051_0080_000008,준식별자
서울특별시 강남구,051_0080,sample_051_0080_000009,준식별자
남성,051_0080,sample_051_0080_000010,준식별자
178cm,051_0080,sample_051_0080_000011,준식별자
컴퓨터공학,051_0080,sample_051_0080_000012,준식별자
10.12.34.56,051_0080,sample_051_0080_000013,기밀정보
/opt/models/ethics/model_v1.pt,051_0080,sample_051_0080_000014,기밀정보
vpn.internal.example.com,051_0080,sample_051_0080_000015,기밀정보
123-456-789012,051_0080,sample_051_0080_000016,기밀정보
허현영,051_0080,sample_051_0080_000029,개인정보
cr_20240115_0001,051_0081,sample_051_0081_000011,기밀정보
박효지,051_0081,sample_051_0081_000012,개인정보
주민등록번호,051_0081,sample_051_0081_000014,개인정보
여성,051_0081,sample_051_0081_000015,준식별자
1988-05-XX,051_0081,sample_051_0081_000015,준식별자
서울특별시,051_0081,sample_051_0081_000015,준식별자
강남구,051_0081,sample_051_0081_000015,준식별자
risk_2024_015,051_0081,sample_051_0081_000019,기밀정보
audit_051_0081_20240122,051_0081,sample_051_0081_000021,기밀정보
IR_20240205_01,051_0081,sample_051_0081_000025,기밀정보
한세혁,051_0081,sample_051_0081_000028,개인정보
윤예현,051_0081,sample_051_0081_000028,개인정보
10.128.54.12,051_0081,sample_051_0081_000029,기밀정보
/srv/private/models/051_0081/checkpoint.pt,051_0081,sample_051_0081_000030,기밀정보
han.idam@example.com,051_0082,sample_051_0082_000011,개인정보
010-1234-5678,051_0082,sample_051_0082_000011,개인정보
1990-05-12,051_0082,sample_051_0082_000011,준식별자
여성,051_0082,sample_051_0082_000011,준식별자
서울특별시,051_0082,sample_051_0082_000011,준식별자
강남구,051_0082,sample_051_0082_000011,준식별자
한이담,051_0082,sample_051_0082_000014,개인정보
192.168.10.45,051_0082,sample_051_0082_000023,기밀정보
svc_model_train,051_0082,sample_051_0082_000023,기밀정보
/srv/models/prod/model_v3.pt,051_0082,sample_051_0082_000024,기밀정보
kms-key-77,051_0082,sample_051_0082_000024,기밀정보
110-123-456789,051_0082,sample_051_0082_000024,기밀정보
송효재,051_0082,sample_051_0082_000027,개인정보
박호현,051_0082,sample_051_0082_000028,개인정보
한민엽,051_0082,sample_051_0082_000028,개인정보
허희연,051_0082,sample_051_0082_000028,개인정보
EMP-2024-001,051_0082,sample_051_0082_000029,개인정보
governance@example.org,051_0082,sample_051_0082_000030,개인정보
researcher@anon.org,051_0083,sample_051_0083_000009,개인정보
진리온,051_0083,sample_051_0083_000011,개인정보
남시안,051_0083,sample_051_0083_000011,개인정보
사번 2020456,051_0083,sample_051_0083_000011,개인정보
지은빈,051_0083,sample_051_0083_000012,개인정보
1985-07-23,051_0083,sample_051_0083_000012,준식별자
여성,051_0083,sample_051_0083_000012,준식별자
서울특별시 강남구,051_0083,sample_051_0083_000012,준식별자
10.8.0.12,051_0083,sample_051_0083_000021,기밀정보
vpn.internal.corp,051_0083,sample_051_0083_000024,기밀정보
정규란,051_0084,sample_051_0084_000011,개인정보
정규란,051_0084,sample_051_0084_000030,개인정보
김단,051_0084,sample_051_0084_000030,개인정보
900101-1234567,051_0084,sample_051_0084_000012,개인정보
010-1234-5678,051_0084,sample_051_0084_000013,개인정보
user@example.com,051_0084,sample_051_0084_000013,개인정보
S-2023-0456,051_0084,sample_051_0084_000014,개인정보
서울특별시 종로구 사직로 123-45,051_0084,sample_051_0084_000014,개인정보
1990-01-01,051_0084,sample_051_0084_000015,준식별자
여성,051_0084,sample_051_0084_000015,준식별자
A형,051_0084,sample_051_0084_000015,준식별자
대한민국,051_0084,sample_051_0084_000015,준식별자
ACME연구소,051_0084,sample_051_0084_000016,준식별자
10.0.0.5,051_0084,sample_051_0084_000018,기밀정보
/srv/models/checkpoints/model_v1.ckpt,051_0084,sample_051_0084_000018,기밀정보
https://internal.acme.local,051_0084,sample_051_0084_000019,기밀정보
123-456-789012,051_0084,sample_051_0084_000019,기밀정보
에이아이랩,051_0085,sample_051_0085_000005,준식별자
에이아이랩,051_0085,sample_051_0085_000011,준식별자
/srv/models/AIGov_v1.2.3/checkpoint.pt,051_0085,sample_051_0085_000007,기밀정보
10.0.0.5,051_0085,sample_051_0085_000007,기밀정보
전현자,051_0085,sample_051_0085_000012,개인정보
1985년,051_0085,sample_051_0085_000012,준식별자
06월,051_0085,sample_051_0085_000012,준식별자
15일,051_0085,sample_051_0085_000012,준식별자
여성,051_0085,sample_051_0085_000012,준식별자
서울특별시 강남구 테헤란로 7,051_0085,sample_051_0085_000012,개인정보
사번 20230456,051_0085,sample_051_0085_000012,개인정보
컴퓨터공학과,051_0085,sample_051_0085_000012,준식별자
장다겸,051_0085,sample_051_0085_000019,개인정보
전현자,051_0085,sample_051_0085_000025,개인정보
채혜수,051_0085,sample_051_0085_000026,개인정보
장다겸,051_0085,sample_051_0085_000031,개인정보
최윤하,051_0086,sample_051_0086_000004,개인정보
900101-1234567,051_0086,sample_051_0086_000004,개인정보
010-1234-5678,051_0086,sample_051_0086_000004,개인정보
yoonha.choi@example.com,051_0086,sample_051_0086_000004,개인정보
서울특별시 강남구,051_0086,sample_051_0086_000004,준식별자
1985-06-15,051_0086,sample_051_0086_000004,준식별자
데이터 엔지니어,051_0086,sample_051_0086_000004,준식별자
2023-0456,051_0086,sample_051_0086_000008,개인정보
10.0.0.12,051_0086,sample_051_0086_000009,기밀정보
/srv/models/secret.pt,051_0086,sample_051_0086_000009,기밀정보
123-456-789,051_0086,sample_051_0086_000010,기밀정보
Q4 제품 전략,051_0086,sample_051_0086_000011,기밀정보
김영준,051_0086,sample_051_0086_000011,개인정보
전상엽,051_0086,sample_051_0086_000022,개인정보
오희연,051_0086,sample_051_0086_000023,개인정보
정해든,051_0086,sample_051_0086_000029,개인정보
허은수,051_0087,sample_051_0087_000002,개인정보
project@company.com,051_0087,sample_051_0087_000002,개인정보
주미화,051_0087,sample_051_0087_000003,개인정보
010-1234-5678,051_0087,sample_051_0087_000004,개인정보
jumihwa@company.com,051_0087,sample_051_0087_000004,개인정보
20231234,051_0087,sample_051_0087_000005,개인정보
1985,051_0087,sample_051_0087_000006,준식별자
04,051_0087,sample_051_0087_000006,준식별자
12,051_0087,sample_051_0087_000006,준식별자
여성,051_0087,sample_051_0087_000006,준식별자
종로구,051_0087,sample_051_0087_000007,준식별자
한국AI연구소,051_0087,sample_051_0087_000007,준식별자
대한민국,051_0087,sample_051_0087_000007,준식별자
192.168.0.45,051_0087,sample_051_0087_000008,기밀정보
/srv/models/prod/model_v1.2.pt,051_0087,sample_051_0087_000009,기밀정보
https://internal.company.local/ai-dashboard,051_0087,sample_051_0087_000010,기밀정보
123-456-789012,051_0087,sample_051_0087_000011,기밀정보
전진주,051_0087,sample_051_0087_000012,개인정보
주민등록번호,051_0087,sample_051_0087_000021,개인정보
/internal/prod/model.pkl,051_0088,sample_051_0088_000003,기밀정보
서울특별시 강남구,051_0088,sample_051_0088_000010,준식별자
민연희,051_0088,sample_051_0088_000012,개인정보
min.yeonhee@example.com,051_0088,sample_051_0088_000012,개인정보
20204567,051_0088,sample_051_0088_000014,개인정보
성별(여성),051_0088,sample_051_0088_000016,준식별자
생년월일: 1985-07-12,051_0088,sample_051_0088_000017,준식별자
진명진,051_0088,sample_051_0088_000021,개인정보
배포자 진명진 승인,051_0088,sample_051_0088_000021,기밀정보
203.0.113.45,051_0088,sample_051_0088_000024,기밀정보
IBK-123-45678901,051_0088,sample_051_0088_000024,기밀정보
서승목,051_0088,sample_051_0088_000025,개인정보
강희정,051_0088,sample_051_0088_000028,개인정보
장소리,051_0088,sample_051_0088_000029,개인정보
장태민,051_0089,sample_051_0089_000003,개인정보
김다민,051_0089,sample_051_0089_000003,개인정보
류비주,051_0089,sample_051_0089_000003,개인정보
2023-0456,051_0089,sample_051_0089_000014,개인정보
jangtm@example.com,051_0089,sample_051_0089_000015,개인정보
010-1234-5678,051_0089,sample_051_0089_000016,개인정보
1985-06-15,051_0089,sample_051_0089_000017,준식별자
서울특별시 강남구 역삼동,051_0089,sample_051_0089_000017,준식별자
남성,051_0089,sample_051_0089_000017,준식별자
10.0.0.12,051_0089,sample_051_0089_000027,기밀정보
https://internal.example.com/model/051_0089,051_0089,sample_051_0089_000027,기밀정보
임은혜,051_0089,sample_051_0089_000029,개인정보
채리차드,051_0089,sample_051_0089_000029,개인정보
임엘리야,051_0090,sample_051_0090_000006,개인정보
EID-2024-0090,051_0090,sample_051_0090_000008,개인정보
1985,051_0090,sample_051_0090_000009,준식별자
07,051_0090,sample_051_0090_000009,준식별자
15,051_0090,sample_051_0090_000009,준식별자
여성,051_0090,sample_051_0090_000010,준식별자
데이터 엔지니어,051_0090,sample_051_0090_000010,준식별자
서울특별시 강남구,051_0090,sample_051_0090_000010,준식별자
test.user@example.com,051_0090,sample_051_0090_000013,개인정보
010-1234-5678,051_0090,sample_051_0090_000014,개인정보
10.0.12.34,051_0090,sample_051_0090_000028,기밀정보
/srv/models/051/model_v1.2/checkpoint.pt,051_0090,sample_051_0090_000029,기밀정보
천지영,051_0090,sample_051_0090_000032,개인정보
진효주,051_0090,sample_051_0090_000033,개인정보
민설,051_0090,sample_051_0090_000033,개인정보
원종찬,051_0091,sample_051_0091_000015,개인정보
S-2024-0001,051_0091,sample_051_0091_000016,개인정보
won.jc@company.com,051_0091,sample_051_0091_000017,개인정보
010-5555-1212,051_0091,sample_051_0091_000018,개인정보
송태하,051_0091,sample_051_0091_000019,개인정보
윤서진,051_0091,sample_051_0091_000020,개인정보
1985-07-14,051_0091,sample_051_0091_000021,준식별자
서울특별시 강남구 역삼동,051_0091,sample_051_0091_000021,준식별자
10.10.10.5,051_0091,sample_051_0091_000022,기밀정보
/srv/prod/models/model_v1,051_0091,sample_051_0091_000022,기밀정보
123-456-789012,051_0091,sample_051_0091_000023,기밀정보
엄유린,051_0092,sample_051_0092_000010,개인정보
eum.yurin@example.com,051_0092,sample_051_0092_000010,개인정보
010-1234-5678,051_0092,sample_051_0092_000010,개인정보
여성,051_0092,sample_051_0092_000012,준식별자
1985-07-12,051_0092,sample_051_0092_000012,준식별자
서울특별시 강남구,051_0092,sample_051_0092_000012,준식별자
공하정,051_0092,sample_051_0092_000014,개인정보
s3://internal-bucket/datasets/ds-citizen-sim-2024/datasheet_v1.0.pdf,051_0092,sample_051_0092_000004,기밀정보
/var/audit/logs/AL-2025-0092.log,051_0092,sample_051_0092_000018,기밀정보
안유한,051_0092,sample_051_0092_000019,개인정보
서울특별시 강남구,051_0092,sample_051_0092_000023,준식별자
채은채,051_0092,sample_051_0092_000025,개인정보
전선민,051_0092,sample_051_0092_000026,개인정보
192.168.0.15,051_0092,sample_051_0092_000027,기밀정보
/srv/models/prod/model_v1.pt,051_0092,sample_051_0092_000027,기밀정보
임도협,051_0092,sample_051_0092_000028,개인정보
2025-01-20,051_0092,sample_051_0092_000028,준식별자
심수진,051_0093,sample_051_0093_000012,개인정보
사번: 20201234,051_0093,sample_051_0093_000013,개인정보
010-1234-5678,051_0093,sample_051_0093_000015,개인정보
ssjin@company.kr,051_0093,sample_051_0093_000015,개인정보
1985-06-15,051_0093,sample_051_0093_000016,준식별자
여성,051_0093,sample_051_0093_000016,준식별자
서울특별시,051_0093,sample_051_0093_000016,준식별자
강남구,051_0093,sample_051_0093_000016,준식별자
연구원,051_0093,sample_051_0093_000016,준식별자
키 175cm,051_0093,sample_051_0093_000017,준식별자
몸무게 70kg,051_0093,sample_051_0093_000017,준식별자
http://intranet.internal/ai-models,051_0093,sample_051_0093_000019,기밀정보
10.0.0.12,051_0093,sample_051_0093_000019,기밀정보
123-456-789,051_0093,sample_051_0093_000020,기밀정보
차민후,051_0093,sample_051_0093_000021,개인정보
연구원,051_0093,sample_051_0093_000023,준식별자
심설,051_0093,sample_051_0093_000025,개인정보
우태화,051_0094,sample_051_0094_000008,개인정보
오지학,051_0094,sample_051_0094_000009,개인정보
20230456,051_0094,sample_051_0094_000010,개인정보
1985-05-12,051_0094,sample_051_0094_000011,준식별자
남성,051_0094,sample_051_0094_000011,준식별자
서울특별시,051_0094,sample_051_0094_000011,준식별자
강남구,051_0094,sample_051_0094_000011,준식별자
/internal/models/051_0094/change_log/2024-12-01.md,051_0094,sample_051_0094_000019,기밀정보
10.0.0.5,051_0094,sample_051_0094_000020,기밀정보
vpn.internal.example.com,051_0094,sample_051_0094_000020,기밀정보
/internal/models/051_0094/checkpoint.pt,051_0094,sample_051_0094_000020,기밀정보
오지학,051_0094,sample_051_0094_000027,개인정보
김하엘,051_0094,sample_051_0094_000028,개인정보
곽승엽,051_0095,sample_051_0095_000019,개인정보
류해윤,051_0095,sample_051_0095_000021,개인정보
한서혁,051_0095,sample_051_0095_000021,개인정보
신남희,051_0095,sample_051_0095_000025,개인정보
노다니엘,051_0095,sample_051_0095_000026,개인정보
ks@company.kr,051_0095,sample_051_0095_000027,개인정보
010-1234-5678,051_0095,sample_051_0095_000027,개인정보
123-456-789012,051_0095,sample_051_0095_000027,기밀정보
10.0.0.5,051_0095,sample_051_0095_000027,기밀정보
/srv/models/aiethics/v1/model.pt,051_0095,sample_051_0095_000027,기밀정보
internal.corp.svc,051_0095,sample_051_0095_000004,기밀정보
서울특별시,051_0095,sample_051_0095_000028,준식별자
강남구,051_0095,sample_051_0095_000028,준식별자
역삼동,051_0095,sample_051_0095_000028,준식별자
남성,051_0095,sample_051_0095_000028,준식별자
1985,051_0095,sample_051_0095_000028,준식별자
심용식,051_0096,sample_051_0096_000013,개인정보
simyongsik@example.com,051_0096,sample_051_0096_000013,개인정보
010-1234-5678,051_0096,sample_051_0096_000013,개인정보
900101-1234567,051_0096,sample_051_0096_000013,개인정보
하종수,051_0096,sample_051_0096_000023,개인정보
서유종,051_0096,sample_051_0096_000026,개인정보
전인애,051_0096,sample_051_0096_000027,개인정보
권경율,051_0096,sample_051_0096_000027,개인정보
1990,051_0096,sample_051_0096_000015,준식별자
남성,051_0096,sample_051_0096_000015,준식별자
서울특별시,051_0096,sample_051_0096_000015,준식별자
강남구,051_0096,sample_051_0096_000015,준식별자
데이터엔지니어,051_0096,sample_051_0096_000015,준식별자
10.0.0.5,051_0096,sample_051_0096_000023,기밀정보
/var/data/prod/credentials.csv,051_0096,sample_051_0096_000023,기밀정보
svc_ai_admin,051_0096,sample_051_0096_000023,기밀정보
문랑,051_0097,sample_051_0097_000005,개인정보
010-9876-5432,051_0097,sample_051_0097_000005,개인정보
munrang@acme.co.kr,051_0097,sample_051_0097_000005,개인정보
사번: 2023-0097,051_0097,sample_051_0097_000005,개인정보
성별: 여성,051_0097,sample_051_0097_000007,준식별자
생년월일: 1985-07-23,051_0097,sample_051_0097_000007,준식별자
에이아이랩,051_0097,sample_051_0097_000010,준식별자
서버 IP: 10.0.0.45,051_0097,sample_051_0097_000012,기밀정보
내부 파일 경로: /srv/models/051/0097/model.bin,051_0097,sample_051_0097_000012,기밀정보
계좌번호: 123-456789-00,051_0097,sample_051_0097_000013,기밀정보
손기령,051_0097,sample_051_0097_000022,개인정보
채정인,051_0097,sample_051_0097_000027,개인정보
류진유,051_0097,sample_051_0097_000028,개인정보
송보규,051_0098,sample_051_0098_000014,개인정보
song.bogyu@example.com,051_0098,sample_051_0098_000015,개인정보
010-1234-5678,051_0098,sample_051_0098_000015,개인정보
20230098,051_0098,sample_051_0098_000016,개인정보
1990-01-01,051_0098,sample_051_0098_000017,준식별자
남,051_0098,sample_051_0098_000017,준식별자
서울특별시 강남구,051_0098,sample_051_0098_000017,준식별자
고난영,051_0098,sample_051_0098_000031,개인정보
/srv/models/prod/model_v1.2.tar.gz,051_0098,sample_051_0098_000033,기밀정보
10.0.8.15,051_0098,sample_051_0098_000034,기밀정보
123-456-789012,051_0098,sample_051_0098_000034,기밀정보
이름,051_0099,sample_051_0099_000010,개인정보
이름,051_0099,sample_051_0099_000011,개인정보
성별,051_0099,sample_051_0099_000010,준식별자
생년월일,051_0099,sample_051_0099_000010,준식별자
시군구 주소,051_0099,sample_051_0099_000010,준식별자
성별,051_0099,sample_051_0099_000012,준식별자
생년월일,051_0099,sample_051_0099_000012,준식별자
시군구,051_0099,sample_051_0099_000012,준식별자
강지예,051_0099,sample_051_0099_000022,개인정보
김승연,051_0099,sample_051_0099_000022,개인정보
손소울,051_0099,sample_051_0099_000025,개인정보
송광석,051_0099,sample_051_0099_000030,개인정보
서버 IP,051_0099,sample_051_0099_000028,기밀정보
10.0.0.5,051_0099,sample_051_0099_000028,기밀정보
내부 파일 경로,051_0099,sample_051_0099_000029,기밀정보
/srv/models/alpha/v1,051_0099,sample_051_0099_000029,기밀정보
김하라,051_0100,sample_051_0100_000010,개인정보
공소미,051_0100,sample_051_0100_000011,개인정보
kim.hara@example.com,051_0100,sample_051_0100_000012,개인정보
010-1234-5678,051_0100,sample_051_0100_000013,개인정보
1985-07-12,051_0100,sample_051_0100_000014,준식별자
서울특별시,051_0100,sample_051_0100_000014,준식별자
강남구,051_0100,sample_051_0100_000014,준식별자
역삼동 12-34,051_0100,sample_051_0100_000015,개인정보
192.168.10.42,051_0100,sample_051_0100_000016,기밀정보
vpn.corp.internal,051_0100,sample_051_0100_000016,기밀정보
svc_model_admin,051_0100,sample_051_0100_000016,기밀정보
123-456-789012,051_0100,sample_051_0100_000017,기밀정보
성별,051_0100,sample_051_0100_000018,준식별자
임원섭,051_0100,sample_051_0100_000023,개인정보
