{
    "document_id": "053_0075",
    "document_title": "선거 및 유권자 관리 종합 운영·기술 지침서",
    "data": [
        {
            "sentence": "본 문서는 선거 및 유권자 관리 도메인의 데이터 사양과 운영 절차를 종합적으로 정리한 기술 지침서입니다.",
            "id": "sample_053_0075_000001",
            "annotations": []
        },
        {
            "sentence": "문서는 유권자 레지스트리, 투표 트랜잭션 로그, 지리정보, 체인오브커스토디, 감사 로그 등 주요 데이터 유형을 포함합니다.",
            "id": "sample_053_0075_000002",
            "annotations": []
        },
        {
            "sentence": "모든 변경 기록은 불변의 감사 로그에 저장되며, 내부 결재선 확인을 위해 담당자 지희선이 승인한 레코드만 최종 확정됩니다.",
            "id": "sample_053_0075_000003",
            "annotations": [
                {
                    "word": "지희선",
                    "start": 45,
                    "end": 48,
                    "label": "개인정보"
                }
            ]
        },
        {
            "sentence": "필수 산출물로 voter_registry.csv, precinct_map.geojson, ballot_definition.json, vote_transaction_log.csv 등이 정의되어 있습니다.",
            "id": "sample_053_0075_000004",
            "annotations": []
        },
        {
            "sentence": "유권자 레코리 예시 필드는 이름 하나온, 생년월일(연도 표시) 1982년생, 성별 여, 거주지 수준 서울특별시 강남구 등으로 설계하되 원본은 토큰화합니다.",
            "id": "sample_053_0075_000005",
            "annotations": [
                {
                    "word": "하나온",
                    "start": 18,
                    "end": 21,
                    "label": "개인정보"
                },
                {
                    "word": "1982년생",
                    "start": 35,
                    "end": 41,
                    "label": "준식별자"
                },
                {
                    "word": "여",
                    "start": 46,
                    "end": 47,
                    "label": "준식별자"
                },
                {
                    "word": "서울특별시 강남구",
                    "start": 56,
                    "end": 65,
                    "label": "준식별자"
                }
            ]
        },
        {
            "sentence": "voter_registry.csv 스키마는 voter_id(토큰), name_token, birth_year, gender, city, district, precinct_id, registration_status를 포함합니다.",
            "id": "sample_053_0075_000006",
            "annotations": []
        },
        {
            "sentence": "테스트 벡터 예시로 다른 가명 레코드 노정호, 1975년생, 성별 남, 거주지 부산광역시 해운대구를 사용하되 재식별 위험을 제거합니다.",
            "id": "sample_053_0075_000007",
            "annotations": [
                {
                    "word": "노정호",
                    "start": 21,
                    "end": 24,
                    "label": "개인정보"
                },
                {
                    "word": "1975년생",
                    "start": 26,
                    "end": 32,
                    "label": "준식별자"
                },
                {
                    "word": "남",
                    "start": 37,
                    "end": 38,
                    "label": "준식별자"
                },
                {
                    "word": "부산광역시 해운대구",
                    "start": 44,
                    "end": 54,
                    "label": "준식별자"
                }
            ]
        },
        {
            "sentence": "ballot_definition.json은 선거별 투표지 구성, 선택 항목, 후보자 식별자, 투표 유효성 규칙을 구조화하여 기록합니다.",
            "id": "sample_053_0075_000008",
            "annotations": []
        },
        {
            "sentence": "vote_transaction_log.csv는 투표 이벤트의 타임스탬프, 암호화 해시, 투표 기계 ID, 지역구 코드, 집계 상태를 포함한 시계열 이벤트로 설계합니다.",
            "id": "sample_053_0075_000009",
            "annotations": []
        },
        {
            "sentence": "운영 환경에서는 내부 서버 IP 10.10.0.5와 DB 경로 /srv/voter_registry.db, DB 계정 admin_election 같은 기밀 정보를 별도 보안 영역에서 관리합니다.",
            "id": "sample_053_0075_000010",
            "annotations": [
                {
                    "word": "10.10.0.5",
                    "start": 18,
                    "end": 27,
                    "label": "기밀정보"
                },
                {
                    "word": "/srv/voter_registry.db",
                    "start": 35,
                    "end": 57,
                    "label": "기밀정보"
                },
                {
                    "word": "admin_election",
                    "start": 65,
                    "end": 79,
                    "label": "기밀정보"
                }
            ]
        },
        {
            "sentence": "모든 감사 로그 항목에는 audit_hash와 디지털 서명이 포함되어 저장되며, 타임스탬프와 서명 규칙은 메타데이터에 명확히 기재됩니다.",
            "id": "sample_053_0075_000011",
            "annotations": []
        },
        {
            "sentence": "체인오브커스토디 문서 chain_of_custody_record.json에는 증빙 이벤트, 서명자 문영웅, 서명 시각, 보관 위치 식별자가 포함됩니다.",
            "id": "sample_053_0075_000012",
            "annotations": [
                {
                    "word": "문영웅",
                    "start": 55,
                    "end": 58,
                    "label": "개인정보"
                }
            ]
        },
        {
            "sentence": "데이터 보존 및 삭제 정책은 GDPR과 지역 선거법을 준수하며 보존 주기와 폐기 절차를 각 레코드의 메타데이터에 명시합니다.",
            "id": "sample_053_0075_000013",
            "annotations": []
        },
        {
            "sentence": "내부 결재와 변경 승인 흐름은 최소 권한 원칙을 적용하며 승인자 문동건의 승인이 있어야 고유 변경이 반영됩니다.",
            "id": "sample_053_0075_000014",
            "annotations": [
                {
                    "word": "문동건",
                    "start": 36,
                    "end": 39,
                    "label": "개인정보"
                }
            ]
        },
        {
            "sentence": "polling_station_assignment.csv는 투표소 코드, 주소 정보(시/군/구 단위), 운영 인력 배치, 장애복구 우선순위를 포함하여 동기화됩니다.",
            "id": "sample_053_0075_000015",
            "annotations": []
        },
        {
            "sentence": "우편투표 및 부재자투표 프로세스는 absentee_ballot_request_form.pdf 양식 구조, 검증 절차, 우편 추적 메타데이터를 명확히 정의합니다.",
            "id": "sample_053_0075_000016",
            "annotations": []
        },
        {
            "sentence": "campaign_finance_report.csv와 관련 공개자료는 법적 공개 범위 내에서 집계된 통계로 제공하되 원시 계좌번호 등은 비공개로 유지합니다.",
            "id": "sample_053_0075_000017",
            "annotations": []
        },
        {
            "sentence": "precinct_map.geojson과 재구성 자료는 버전 관리로 보관하며 경계 변경 시 이전 버전과 변경 이력을 모두 남깁니다.",
            "id": "sample_053_0075_000018",
            "annotations": []
        },
        {
            "sentence": "저대역 환경을 위한 오프라인 동기화는 증분 델타와 충돌 해소 규칙을 포함하며, 재동기화 시 감사 로그를 병합합니다.",
            "id": "sample_053_0075_000019",
            "annotations": []
        },
        {
            "sentence": "장애 복구 및 키 에스크로 절차는 복구 담당자 김비주가 관리하며, VPN 접근 정보와 관련 자격 증명은 중앙 보안 모듈에서 제어합니다.",
            "id": "sample_053_0075_000020",
            "annotations": [
                {
                    "word": "김비주",
                    "start": 26,
                    "end": 29,
                    "label": "개인정보"
                }
            ]
        },
        {
            "sentence": "VPN 주소 vpn.example.gov와 같은 접속 엔드포인트는 외부 노출을 금지하고 기밀정보로 분류하여 접근 로그를 별도 저장합니다.",
            "id": "sample_053_0075_000021",
            "annotations": [
                {
                    "word": "vpn.example.gov",
                    "start": 7,
                    "end": 22,
                    "label": "기밀정보"
                }
            ]
        },
        {
            "sentence": "익명화 전략은 k-anonymity, l-diversity, differential privacy 기법을 조합하여 재식별 위험을 통계적으로 평가합니다.",
            "id": "sample_053_0075_000022",
            "annotations": []
        },
        {
            "sentence": "테스트 데이터는 재현 가능한 시드와 문서화된 RNG로 생성하며 실제 인물 데이터와는 분리된 토큰화 데이터셋만 사용합니다.",
            "id": "sample_053_0075_000023",
            "annotations": []
        },
        {
            "sentence": "접근 통제는 역할 기반 접근 제어(RBAC)를 적용하고 최소 권한 원칙을 강제하며, 권한 변경은 모두 감사 로그에 기록합니다.",
            "id": "sample_053_0075_000024",
            "annotations": []
        },
        {
            "sentence": "데이터 전송과 저장은 전송 중 암호화와 저장 시 암호화를 적용하고 키 관리 정책을 별도 문서로 운영합니다.",
            "id": "sample_053_0075_000025",
            "annotations": []
        },
        {
            "sentence": "로그 및 체인오브커스토디 문서는 법적 증빙으로 활용될 수 있으므로 포맷, 타임스탬프, 서명 규칙과 보존 주기를 메타데이터에 포함합니다.",
            "id": "sample_053_0075_000026",
            "annotations": []
        },
        {
            "sentence": "본 지침서는 시스템 취약점 악용 또는 선거 조작 방법에 대한 어떠한 절차도 제공하지 않으며 해당 행위는 엄격히 금지합니다.",
            "id": "sample_053_0075_000027",
            "annotations": []
        },
        {
            "sentence": "결론적으로 각 기관은 이 지침을 바탕으로 데이터 스키마, 익명화 전략, 접근 제어, 감사 절차를 수립하고 필요한 내부 승인 절차를 진행해야 합니다.",
            "id": "sample_053_0075_000028",
            "annotations": []
        }
    ]
}