{
    "document_id": "053_0088",
    "document_title": "선거 및 유권자 관리 운영 지침 및 데이터 샘플",
    "data": [
        {
            "sentence": "본 문서는 선거 및 유권자 관리 시스템의 운영 지침과 데이터 샘플을 포함하는 내부 문서입니다.",
            "id": "sample_053_0088_000001",
            "annotations": []
        },
        {
            "sentence": "문서 구성은 개요, 데이터 샘플 설명, 보안·익명화 전략, 감사 절차, 파일 목록 및 결론으로 이루어져 있습니다.",
            "id": "sample_053_0088_000002",
            "annotations": []
        },
        {
            "sentence": "첨부 파일 목록에는 voter_registry.csv, precinct_map.geojson, ballot_definition.json, vote_transaction_log.csv 등이 포함되어 있습니다.",
            "id": "sample_053_0088_000003",
            "annotations": []
        },
        {
            "sentence": "샘플 유권자 레코드 중 하나는 유권자 이름 나서린, 성별 여, 생년월일 1985-07-12로 표기되어 있습니다.",
            "id": "sample_053_0088_000004",
            "annotations": [
                {
                    "word": "나서린",
                    "start": 24,
                    "end": 27,
                    "label": "개인정보"
                },
                {
                    "word": "여",
                    "start": 32,
                    "end": 33,
                    "label": "준식별자"
                },
                {
                    "word": "1985-07-12",
                    "start": 40,
                    "end": 50,
                    "label": "준식별자"
                }
            ]
        },
        {
            "sentence": "해당 레코드의 주소는 서울특별시 강남구 역삼동 123-45 101호로 상세 주소가 포함되어 있습니다.",
            "id": "sample_053_0088_000005",
            "annotations": [
                {
                    "word": "서울특별시 강남구 역삼동 123-45 101호",
                    "start": 12,
                    "end": 37,
                    "label": "개인정보"
                }
            ]
        },
        {
            "sentence": "연락처로는 010-1234-5678 및 이메일 naserin@example.com이 표기되어 있으나 실제 운영 데이터는 토큰화하여 저장해야 합니다.",
            "id": "sample_053_0088_000006",
            "annotations": [
                {
                    "word": "010-1234-5678",
                    "start": 6,
                    "end": 19,
                    "label": "개인정보"
                },
                {
                    "word": "naserin@example.com",
                    "start": 26,
                    "end": 45,
                    "label": "개인정보"
                }
            ]
        },
        {
            "sentence": "주민등록번호는 850712-1******* 형식으로 마스킹하여 스테이징 환경에서만 검증 목적으로 사용합니다.",
            "id": "sample_053_0088_000007",
            "annotations": [
                {
                    "word": "850712-1*******",
                    "start": 8,
                    "end": 23,
                    "label": "개인정보"
                }
            ]
        },
        {
            "sentence": "관리자 계정 예시는 admin_election로 표기하며 실제 계정명과 비밀번호는 별도 비밀 관리 체계에서 취급합니다.",
            "id": "sample_053_0088_000008",
            "annotations": [
                {
                    "word": "admin_election",
                    "start": 11,
                    "end": 25,
                    "label": "기밀정보"
                }
            ]
        },
        {
            "sentence": "시스템 접속 로그에는 내부 서버 IP 10.0.0.5와 데이터베이스 경로 /var/lib/election/db/registry.sqlite가 기록됩니다.",
            "id": "sample_053_0088_000009",
            "annotations": [
                {
                    "word": "10.0.0.5",
                    "start": 21,
                    "end": 29,
                    "label": "기밀정보"
                },
                {
                    "word": "/var/lib/election/db/registry.sqlite",
                    "start": 41,
                    "end": 77,
                    "label": "기밀정보"
                }
            ]
        },
        {
            "sentence": "체인오브커스토디 기록은 chain_of_custody_record.json 형식으로 저장되며 각 레코드에 audit_hash와 디지털 서명을 포함합니다.",
            "id": "sample_053_0088_000010",
            "annotations": []
        },
        {
            "sentence": "감사 로그는 불변성 보장을 위해 블록체인 해시와 타임스탬프를 결합하여 안전하게 보관하도록 설계되어 있습니다.",
            "id": "sample_053_0088_000011",
            "annotations": []
        },
        {
            "sentence": "투표 거래 로그(vote_transaction_log.csv) 예시는 트랜잭션 ID, 타임스탬프, 익명화된 유권자 토큰으로 구성됩니다.",
            "id": "sample_053_0088_000012",
            "annotations": []
        },
        {
            "sentence": "투표소 배치 정보는 polling_station_assignment.csv로 관리하며 좌표 데이터는 precinct_map.geojson으로 버전 관리합니다.",
            "id": "sample_053_0088_000013",
            "annotations": []
        },
        {
            "sentence": "우편투표 신청서 예시에서 신청자 오다니의 신청 유형은 부재자 투표로 표기되어 있습니다.",
            "id": "sample_053_0088_000014",
            "annotations": [
                {
                    "word": "오다니",
                    "start": 18,
                    "end": 21,
                    "label": "개인정보"
                }
            ]
        },
        {
            "sentence": "부재자 투표 신청 주소는 광역시 2구 3동으로 표기되어 있어 시군구 수준의 준식별자 성격을 가집니다.",
            "id": "sample_053_0088_000015",
            "annotations": [
                {
                    "word": "광역시 2구 3동",
                    "start": 14,
                    "end": 23,
                    "label": "준식별자"
                }
            ]
        },
        {
            "sentence": "선거 담당자 유영제는 투표소 배치 승인 권한을 가지고 있으며 모든 승인 로그는 감사 추적을 위해 보관됩니다.",
            "id": "sample_053_0088_000016",
            "annotations": [
                {
                    "word": "유영제",
                    "start": 7,
                    "end": 10,
                    "label": "개인정보"
                }
            ]
        },
        {
            "sentence": "감사 절차에는 역할 기반 접근제어(RBAC), 최소 권한 원칙, 접근 로그 보존 정책이 명확히 정의되어 있습니다.",
            "id": "sample_053_0088_000017",
            "annotations": []
        },
        {
            "sentence": "테스트 데이터는 시드값 seed=20260101을 사용하여 재현 가능하게 생성되며 재식별 위험을 최소화하는 변조 규칙을 적용합니다.",
            "id": "sample_053_0088_000018",
            "annotations": []
        },
        {
            "sentence": "캠페인 재무 보고 예시에는 내부 검토용으로 계좌번호 123-456-789012가 기재되어 있어 재무 정보로서 기밀 분류됩니다.",
            "id": "sample_053_0088_000019",
            "annotations": [
                {
                    "word": "123-456-789012",
                    "start": 29,
                    "end": 43,
                    "label": "기밀정보"
                }
            ]
        },
        {
            "sentence": "후보자 목록(candidate_list.json)은 공개 정보로 관리하되 개인 연락처와 상세 주소는 비공개로 처리됩니다.",
            "id": "sample_053_0088_000020",
            "annotations": []
        },
        {
            "sentence": "예시 후보자 중 안은결의 직업은 교사로 표기되어 있으나 직접 식별 가능한 연락처와 주소는 제거됩니다.",
            "id": "sample_053_0088_000021",
            "annotations": [
                {
                    "word": "안은결",
                    "start": 9,
                    "end": 12,
                    "label": "개인정보"
                },
                {
                    "word": "교사",
                    "start": 18,
                    "end": 20,
                    "label": "준식별자"
                }
            ]
        },
        {
            "sentence": "투표소 운영 매뉴얼에는 오프라인 동기화 절차, 저대역 환경 동기화 전략 및 데이터 충돌 해결 규칙이 포함되어 있습니다.",
            "id": "sample_053_0088_000022",
            "annotations": []
        },
        {
            "sentence": "로그 보존 주기와 삭제 정책은 메타데이터에 명시되어 있으며 각 지역의 법적 보존기간을 준수하도록 설계되어야 합니다.",
            "id": "sample_053_0088_000023",
            "annotations": []
        },
        {
            "sentence": "법적 보존기간이 경과한 레코드는 폐기 절차에 따라 audit_log에 폐기 사유와 타임스탬프를 기록한 후 삭제합니다.",
            "id": "sample_053_0088_000024",
            "annotations": []
        },
        {
            "sentence": "시스템 보안상 비공개로 분류된 URL 예시는 https://internal.election.local/admin로 표시되며 접근이 엄격히 제한됩니다.",
            "id": "sample_053_0088_000025",
            "annotations": [
                {
                    "word": "https://internal.election.local/admin",
                    "start": 25,
                    "end": 62,
                    "label": "기밀정보"
                }
            ]
        },
        {
            "sentence": "데이터 익명화 전략은 k-익명성, l-다양성, t-근접성 등의 기법을 조합하여 재식별 위험을 통제합니다.",
            "id": "sample_053_0088_000026",
            "annotations": []
        },
        {
            "sentence": "유권자 식별 키는 TOKEN_UID_0001과 같은 토큰을 사용하여 원본 식별자를 대체하고 원본은 암호화된 아카이브에 보관합니다.",
            "id": "sample_053_0088_000027",
            "annotations": []
        },
        {
            "sentence": "체인오브커스토디 예시 항목에는 담당자 한장원과 서명자 남선오의 전자서명이 포함되어 전자문서 무결성을 보장합니다.",
            "id": "sample_053_0088_000028",
            "annotations": [
                {
                    "word": "한장원",
                    "start": 21,
                    "end": 24,
                    "label": "개인정보"
                },
                {
                    "word": "남선오",
                    "start": 30,
                    "end": 33,
                    "label": "개인정보"
                }
            ]
        },
        {
            "sentence": "전자 서명은 PKI 기반으로 발급되며 서명자의 신원 확인 절차와 권한 부여 기록을 별도 감사 로그에 보관합니다.",
            "id": "sample_053_0088_000029",
            "annotations": []
        },
        {
            "sentence": "결론적으로 공개 데이터와 민감 데이터의 분리는 법규 준수와 투명성 확보의 핵심 원칙이며 운영 설계에 우선 반영해야 합니다.",
            "id": "sample_053_0088_000030",
            "annotations": []
        }
    ]
}