{
    "document_id": "053_0050",
    "document_title": "선거 및 유권자 관리 운영지침 샘플 문서",
    "data": [
        {
            "sentence": "본 문서는 선거 및 유권자 관리 시스템의 운영 지침과 데이터 처리 표준을 제시하는 기술 문서의 예시입니다.",
            "id": "sample_053_0050_000001",
            "annotations": []
        },
        {
            "sentence": "문서에는 voter_registry.csv, precinct_map.geojson, ballot_definition.json 등 운영에 필요한 산출물이 포함되어 있습니다.",
            "id": "sample_053_0050_000002",
            "annotations": []
        },
        {
            "sentence": "문서는 데이터 무결성, 접근 통제, 익명화, 감사 추적성 및 법적 보존 기간을 중심으로 구성됩니다.",
            "id": "sample_053_0050_000003",
            "annotations": []
        },
        {
            "sentence": "프로젝트 담당자는 원창우로 지정되었으며 선거관리팀의 운영 총괄 역할을 수행합니다.",
            "id": "sample_053_0050_000004",
            "annotations": [
                {
                    "word": "원창우",
                    "start": 10,
                    "end": 13,
                    "label": "개인정보"
                }
            ]
        },
        {
            "sentence": "시스템 운영의 IT 책임자는 송태주가 맡아 네트워크 및 백엔드 서비스를 관리합니다.",
            "id": "sample_053_0050_000005",
            "annotations": [
                {
                    "word": "송태주",
                    "start": 16,
                    "end": 19,
                    "label": "개인정보"
                }
            ]
        },
        {
            "sentence": "감사 및 법적 검토는 유경은이 담당하며 모든 변경 기록의 검증을 책임집니다.",
            "id": "sample_053_0050_000006",
            "annotations": [
                {
                    "word": "유경은",
                    "start": 12,
                    "end": 15,
                    "label": "개인정보"
                }
            ]
        },
        {
            "sentence": "투표소 위치 데이터는 시군구 단위로 관리하며 예시로 서울특별시 강남구가 해당 지역 레이어에 포함되어 있습니다.",
            "id": "sample_053_0050_000007",
            "annotations": [
                {
                    "word": "서울특별시 강남구",
                    "start": 29,
                    "end": 38,
                    "label": "준식별자"
                }
            ]
        },
        {
            "sentence": "선거구 경계의 버전관리를 위해 부산광역시 해운대구와 같은 행정구역 메타데이터를 별도 필드로 유지합니다.",
            "id": "sample_053_0050_000008",
            "annotations": [
                {
                    "word": "부산광역시 해운대구",
                    "start": 17,
                    "end": 27,
                    "label": "준식별자"
                }
            ]
        },
        {
            "sentence": "유권자 레지스트리는 토큰화된 식별자만 저장하도록 설계되며 예시 값으로 <VOTER_TOKEN_0001>을 참조합니다.",
            "id": "sample_053_0050_000009",
            "annotations": [
                {
                    "word": "<VOTER_TOKEN_0001>",
                    "start": 39,
                    "end": 57,
                    "label": "개인정보"
                }
            ]
        },
        {
            "sentence": "레지스트리 데이터 샘플에는 성별, 생년 정보가 포함되는데 예시로 성별: 남성, 생년: 1980년이 기록될 수 있습니다.",
            "id": "sample_053_0050_000010",
            "annotations": [
                {
                    "word": "남성",
                    "start": 40,
                    "end": 42,
                    "label": "준식별자"
                },
                {
                    "word": "1980년",
                    "start": 48,
                    "end": 53,
                    "label": "준식별자"
                }
            ]
        },
        {
            "sentence": "ballot_definition.json은 선거별 투표용지 버전과 후보 목록, 선택지 코드 및 검증 규칙을 기술합니다.",
            "id": "sample_053_0050_000011",
            "annotations": []
        },
        {
            "sentence": "vote_transaction_log.csv는 타임스탬프와 암호학적 해시를 포함하여 변경 불가능한 트랜잭션을 보장합니다.",
            "id": "sample_053_0050_000012",
            "annotations": []
        },
        {
            "sentence": "chain_of_custody_record.json에는 각 증빙의 audit_hash와 디지털 서명이 포함되어 법적 무결성을 증명합니다.",
            "id": "sample_053_0050_000013",
            "annotations": []
        },
        {
            "sentence": "내부 네트워크 구성 문서는 서버 내부 IP: 10.0.0.12를 참조하므로 접근 제어 목록에서 엄격히 관리되어야 합니다.",
            "id": "sample_053_0050_000014",
            "annotations": [
                {
                    "word": "10.0.0.12",
                    "start": 25,
                    "end": 34,
                    "label": "기밀정보"
                }
            ]
        },
        {
            "sentence": "접근 통제는 역할 기반 권한(RBAC)을 사용하며 최소 권한 원칙에 따라 송태주 및 운영팀 계정에 권한을 할당합니다.",
            "id": "sample_053_0050_000015",
            "annotations": [
                {
                    "word": "송태주",
                    "start": 41,
                    "end": 44,
                    "label": "개인정보"
                }
            ]
        },
        {
            "sentence": "polling_station_assignment.csv에는 투표소 ID와 할당된 관장자 정보를 포함하며 예시로 제1투표소, 주소: 서울특별시 강남구가 등록됩니다.",
            "id": "sample_053_0050_000016",
            "annotations": [
                {
                    "word": "서울특별시 강남구",
                    "start": 73,
                    "end": 82,
                    "label": "준식별자"
                }
            ]
        },
        {
            "sentence": "부재자 우편투표 양식(absentee_ballot_request_form.pdf)은 tokenized voter_id 필드를 사용하며 예시로 voter_token: <VOTER_TOKEN_0002>를 갖습니다.",
            "id": "sample_053_0050_000017",
            "annotations": [
                {
                    "word": "<VOTER_TOKEN_0002>",
                    "start": 92,
                    "end": 110,
                    "label": "개인정보"
                }
            ]
        },
        {
            "sentence": "candidate_list.json은 공개 문서로 배에이든, 홍수진, 백혁수 등 후보자 명단을 포함하며 공개범위와 버전 정보를 기록합니다.",
            "id": "sample_053_0050_000018",
            "annotations": [
                {
                    "word": "배에이든",
                    "start": 28,
                    "end": 32,
                    "label": "개인정보"
                },
                {
                    "word": "홍수진",
                    "start": 34,
                    "end": 37,
                    "label": "개인정보"
                },
                {
                    "word": "백혁수",
                    "start": 39,
                    "end": 42,
                    "label": "개인정보"
                }
            ]
        },
        {
            "sentence": "campaign_finance_report.csv에는 후원금 항목과 일부 계좌 정보(계좌번호 끝4: 1234)를 암호화하여 저장하는 절차를 명시합니다.",
            "id": "sample_053_0050_000019",
            "annotations": [
                {
                    "word": "계좌번호 끝4: 1234",
                    "start": 47,
                    "end": 60,
                    "label": "기밀정보"
                }
            ]
        },
        {
            "sentence": "turnout_statistics.csv는 집계된 투표율만을 제공하여 개인 식별 가능성이 없도록 설계됩니다.",
            "id": "sample_053_0050_000020",
            "annotations": []
        },
        {
            "sentence": "지리공간 데이터(precinct_map.geojson)의 변경 시점은 타임스탬프와 버전 메타데이터로 기록되어 재구성 이력을 추적합니다.",
            "id": "sample_053_0050_000021",
            "annotations": []
        },
        {
            "sentence": "시뮬레이션 및 테스트 데이터는 재현 가능한 시드와 통계적 합리성을 유지하되 재식별 위험을 제거하도록 비식별화됩니다.",
            "id": "sample_053_0050_000022",
            "annotations": []
        },
        {
            "sentence": "감사 로그는 변경 사항마다 audit_hash와 디지털 서명을 보유하고, 로그의 보존 기간은 10년으로 설정됩니다.",
            "id": "sample_053_0050_000023",
            "annotations": []
        },
        {
            "sentence": "오프라인 환경 동기화는 로컬 레코드와 중앙 서버의 충돌 해결 정책을 명시하며 저대역 네트워크를 고려한 트랜잭션 큐를 사용합니다.",
            "id": "sample_053_0050_000024",
            "annotations": []
        },
        {
            "sentence": "익명화 전략은 준식별자 조합의 재식별 위험 평가, k-익명성 및 차등 프라이버시 적용 방안을 포함합니다.",
            "id": "sample_053_0050_000025",
            "annotations": []
        },
        {
            "sentence": "법적 준수 사항에는 GDPR과 지역 선거법의 보존 및 삭제 요구사항을 반영하고 삭제 승인 절차를 문서화합니다.",
            "id": "sample_053_0050_000026",
            "annotations": []
        },
        {
            "sentence": "체인오브커스토디 문서의 예시 항목에는 서명자: 송제영, 서명일자 및 보관 장소의 상세 메타데이터가 포함됩니다.",
            "id": "sample_053_0050_000027",
            "annotations": [
                {
                    "word": "송제영",
                    "start": 26,
                    "end": 29,
                    "label": "개인정보"
                }
            ]
        },
        {
            "sentence": "보안 사고 대응 프로세스는 내부 연락망에 따라 이루어지며 외부 공개 전까지 모든 상세 정보는 기밀로 유지됩니다.",
            "id": "sample_053_0050_000028",
            "annotations": []
        },
        {
            "sentence": "데이터 삭제 승인 권한은 장혜빈에게 할당되며 삭제 로그에는 승인자, 타임스탬프, 감사 해시가 기록됩니다.",
            "id": "sample_053_0050_000029",
            "annotations": [
                {
                    "word": "장혜빈",
                    "start": 14,
                    "end": 17,
                    "label": "개인정보"
                }
            ]
        },
        {
            "sentence": "결론 및 실행 항목으로 이서령에게 익명화 보고서 제출을, 진세온에게 감사 로그 백업을 지시합니다.",
            "id": "sample_053_0050_000030",
            "annotations": [
                {
                    "word": "이서령",
                    "start": 13,
                    "end": 16,
                    "label": "개인정보"
                },
                {
                    "word": "진세온",
                    "start": 32,
                    "end": 35,
                    "label": "개인정보"
                }
            ]
        }
    ]
}