{
    "document_id": "053_0023",
    "document_title": "중앙선거관리시스템 선거 및 유권자 관리 감사·운영 데이터 샘플 및 지침",
    "data": [
        {
            "sentence": "본 문서는 중앙선거관리시스템의 선거 및 유권자 관리 데이터 샘플과 운영 지침을 기술한 감사 및 설계 문서입니다.",
            "id": "sample_053_0023_000001",
            "annotations": []
        },
        {
            "sentence": "문서 목적은 데이터 무결성, 개인정보 보호, 감사 가능성 확보를 위한 표준 스키마와 샘플 데이터를 제공하는 것입니다.",
            "id": "sample_053_0023_000002",
            "annotations": []
        },
        {
            "sentence": "포함된 산출물은 voter_registry.csv, precinct_map.geojson, ballot_definition.json, vote_transaction_log.csv 등 지정된 파일 목록을 포함합니다.",
            "id": "sample_053_0023_000003",
            "annotations": []
        },
        {
            "sentence": "각 파일은 접근 제어와 암호화, 변경 불가능한 감사 로그를 전제로 설계되어야 합니다.",
            "id": "sample_053_0023_000004",
            "annotations": []
        },
        {
            "sentence": "유권자 레지스트리의 개인식별자는 기본적으로 토큰화하여 VOTER_ID 필드로 저장하며 예시값은 VOTER_ID: PID_0001 로 표기합니다.",
            "id": "sample_053_0023_000005",
            "annotations": [
                {
                    "word": "PID_0001",
                    "start": 63,
                    "end": 71,
                    "label": "개인정보"
                }
            ]
        },
        {
            "sentence": "샘플 레코드(비식별화 예): voter_id=PID_0001, name=[REDACTED_NAME_0001], dob(년)=1985, dob(월)=07, dob(일)=23, address_city=서울특별시, address_district=강남구, phone=[REDACTED_PHONE_0001].",
            "id": "sample_053_0023_000006",
            "annotations": [
                {
                    "word": "PID_0001",
                    "start": 25,
                    "end": 33,
                    "label": "개인정보"
                },
                {
                    "word": "[REDACTED_NAME_0001]",
                    "start": 40,
                    "end": 60,
                    "label": "개인정보"
                },
                {
                    "word": "1985",
                    "start": 69,
                    "end": 73,
                    "label": "준식별자"
                },
                {
                    "word": "07",
                    "start": 82,
                    "end": 84,
                    "label": "준식별자"
                },
                {
                    "word": "23",
                    "start": 93,
                    "end": 95,
                    "label": "준식별자"
                },
                {
                    "word": "서울특별시",
                    "start": 110,
                    "end": 115,
                    "label": "준식별자"
                },
                {
                    "word": "강남구",
                    "start": 134,
                    "end": 137,
                    "label": "준식별자"
                },
                {
                    "word": "[REDACTED_PHONE_0001]",
                    "start": 145,
                    "end": 166,
                    "label": "개인정보"
                }
            ]
        },
        {
            "sentence": "주민등록번호 등 민감식별자는 원본을 저장하지 않으며 예시 토큰값은 [REDACTED_RRN_0001] 로 대체됩니다.",
            "id": "sample_053_0023_000007",
            "annotations": [
                {
                    "word": "[REDACTED_RRN_0001]",
                    "start": 37,
                    "end": 56,
                    "label": "개인정보"
                }
            ]
        },
        {
            "sentence": "인증 이벤트 로그 예: event_id=EVT-1001, voter_token=PID_0001, timestamp=2024-04-10T09:15:00Z, method=OTP 로 기록됩니다.",
            "id": "sample_053_0023_000008",
            "annotations": [
                {
                    "word": "PID_0001",
                    "start": 44,
                    "end": 52,
                    "label": "개인정보"
                },
                {
                    "word": "2024",
                    "start": 64,
                    "end": 68,
                    "label": "준식별자"
                },
                {
                    "word": "04",
                    "start": 69,
                    "end": 71,
                    "label": "준식별자"
                },
                {
                    "word": "10",
                    "start": 26,
                    "end": 28,
                    "label": "준식별자"
                },
                {
                    "word": "10",
                    "start": 72,
                    "end": 74,
                    "label": "준식별자"
                }
            ]
        },
        {
            "sentence": "투표소 배정 파일에는 polling_station_id=PS-045, voter_token=PID_0001, precinct_code=PC-103 의 매핑이 포함됩니다.",
            "id": "sample_053_0023_000009",
            "annotations": [
                {
                    "word": "PID_0001",
                    "start": 51,
                    "end": 59,
                    "label": "개인정보"
                }
            ]
        },
        {
            "sentence": "체인오브커스토디와 감사로그에는 audit_hash=a3f5b9c7d2e1f4a8 및 digital_signature=MEUCIQAbcDefGhIjKlMnNoPqRS 로 무결성 검증 정보를 포함합니다.",
            "id": "sample_053_0023_000010",
            "annotations": [
                {
                    "word": "a3f5b9c7d2e1f4a8",
                    "start": 28,
                    "end": 44,
                    "label": "기밀정보"
                },
                {
                    "word": "MEUCIQAbcDefGhIjKlMnNoPqRS",
                    "start": 65,
                    "end": 91,
                    "label": "기밀정보"
                }
            ]
        },
        {
            "sentence": "감사로그는 변경 불가능한 형식으로 보관되며 각 레코드는 타임스탬프와 audit_hash, 서명값을 포함합니다.",
            "id": "sample_053_0023_000011",
            "annotations": []
        },
        {
            "sentence": "내부 책임자 목록에는 감사담당자: 방현지, 차경미 가 지정되어 있으며 역할 기반 접근 제어가 적용됩니다.",
            "id": "sample_053_0023_000012",
            "annotations": [
                {
                    "word": "방현지",
                    "start": 19,
                    "end": 22,
                    "label": "개인정보"
                },
                {
                    "word": "차경미",
                    "start": 24,
                    "end": 27,
                    "label": "개인정보"
                }
            ]
        },
        {
            "sentence": "운영 문의 담당은 우희수 이며 연락처는 010-9876-5432, 이메일은 operations@example-election.gov 로 등록되어 있습니다.",
            "id": "sample_053_0023_000013",
            "annotations": [
                {
                    "word": "우희수",
                    "start": 10,
                    "end": 13,
                    "label": "개인정보"
                },
                {
                    "word": "010-9876-5432",
                    "start": 22,
                    "end": 35,
                    "label": "개인정보"
                },
                {
                    "word": "operations@example-election.gov",
                    "start": 42,
                    "end": 73,
                    "label": "개인정보"
                }
            ]
        },
        {
            "sentence": "precinct_map.geojson은 선거구 경계의 버전 관리를 지원하며 경계 변경 시 버전별 메타데이터를 유지합니다.",
            "id": "sample_053_0023_000014",
            "annotations": []
        },
        {
            "sentence": "ballot_definition.json은 유권자군별 투표용지 정의와 후보자 식별자 매핑을 포함하며 공개 데이터와 내부 데이터를 분리합니다.",
            "id": "sample_053_0023_000015",
            "annotations": []
        },
        {
            "sentence": "vote_transaction_log.csv 샘플: transaction_id=TXN-20240410-0001, voter_token=PID_0002, polling_station=PS-045, timestamp=2024-04-10T09:45:12Z, signature_hash=s6d4f7a9e.",
            "id": "sample_053_0023_000016",
            "annotations": [
                {
                    "word": "PID_0002",
                    "start": 75,
                    "end": 83,
                    "label": "개인정보"
                },
                {
                    "word": "2024",
                    "start": 48,
                    "end": 52,
                    "label": "준식별자"
                },
                {
                    "word": "2024",
                    "start": 119,
                    "end": 123,
                    "label": "준식별자"
                },
                {
                    "word": "04",
                    "start": 52,
                    "end": 54,
                    "label": "준식별자"
                },
                {
                    "word": "04",
                    "start": 104,
                    "end": 106,
                    "label": "준식별자"
                },
                {
                    "word": "04",
                    "start": 124,
                    "end": 126,
                    "label": "준식별자"
                },
                {
                    "word": "10",
                    "start": 54,
                    "end": 56,
                    "label": "준식별자"
                },
                {
                    "word": "10",
                    "start": 127,
                    "end": 129,
                    "label": "준식별자"
                },
                {
                    "word": "s6d4f7a9e",
                    "start": 156,
                    "end": 165,
                    "label": "기밀정보"
                }
            ]
        },
        {
            "sentence": "voter_authentication_event.log에는 접속 IP와 장치 메타데이터가 포함될 수 있으며 예시 IP는 203.0.113.45 입니다.",
            "id": "sample_053_0023_000017",
            "annotations": [
                {
                    "word": "203.0.113.45",
                    "start": 67,
                    "end": 79,
                    "label": "기밀정보"
                }
            ]
        },
        {
            "sentence": "polling_station_assignment.csv는 투표소별 책임자와 위도·경도로 동기화되며 오프라인 동기화를 위한 증분 동기화 필드를 포함합니다.",
            "id": "sample_053_0023_000018",
            "annotations": []
        },
        {
            "sentence": "absentee_ballot_request_form.pdf 샘플에는 신청자 표기가 토큰화되어 있으며 예시로 name=[REDACTED_NAME_0002], passport=[REDACTED_PASSPORT_0001] 가 사용됩니다.",
            "id": "sample_053_0023_000019",
            "annotations": [
                {
                    "word": "[REDACTED_NAME_0002]",
                    "start": 65,
                    "end": 85,
                    "label": "개인정보"
                },
                {
                    "word": "[REDACTED_PASSPORT_0001]",
                    "start": 96,
                    "end": 120,
                    "label": "개인정보"
                }
            ]
        },
        {
            "sentence": "turnout_statistics.csv는 집계된 투표율과 시간대별 투표율을 제공하며 개인식별정보는 제거된 집계 데이터만 공개합니다.",
            "id": "sample_053_0023_000020",
            "annotations": []
        },
        {
            "sentence": "candidate_list.json 예시는 공개 후보 정보로 구성되며 본 문서 샘플에는 후보 원형빈, 전선교 의 이름이 포함되어 있습니다.",
            "id": "sample_053_0023_000021",
            "annotations": [
                {
                    "word": "원형빈",
                    "start": 52,
                    "end": 55,
                    "label": "개인정보"
                },
                {
                    "word": "전선교",
                    "start": 57,
                    "end": 60,
                    "label": "개인정보"
                }
            ]
        },
        {
            "sentence": "campaign_finance_report.csv에는 기부자 익명화와 함께 계좌 식별은 마스킹을 권장하나 내부 보관용 예시는 계좌번호 예: 110-123456-01-001 로 표기됩니다.",
            "id": "sample_053_0023_000022",
            "annotations": [
                {
                    "word": "110-123456-01-001",
                    "start": 78,
                    "end": 95,
                    "label": "기밀정보"
                }
            ]
        },
        {
            "sentence": "재해복구(Disaster Recovery)와 고가용성 구성은 암호화된 전송을 전제하며 내부 VPN 엔드포인트 vpn.election.internal 로의 복제를 예로 듭니다.",
            "id": "sample_053_0023_000023",
            "annotations": [
                {
                    "word": "vpn.election.internal",
                    "start": 61,
                    "end": 82,
                    "label": "기밀정보"
                }
            ]
        },
        {
            "sentence": "감사 추적성 확보를 위해 모든 변경사항은 audit_log에 기록되며 audit_hash=a3f5b9c7d2e1f4a8 과 함께 보관됩니다.",
            "id": "sample_053_0023_000024",
            "annotations": [
                {
                    "word": "a3f5b9c7d2e1f4a8",
                    "start": 50,
                    "end": 66,
                    "label": "기밀정보"
                }
            ]
        },
        {
            "sentence": "데이터 보존 주기는 법령과 지역 정책을 준수하도록 설계하며 보존기간 메타데이터는 retention_period 필드로 명시합니다.",
            "id": "sample_053_0023_000025",
            "annotations": []
        },
        {
            "sentence": "익명화 전략은 k-익명성, l-다양성, differential privacy 적용 가능성을 검토하고 재식별 위험을 수치화합니다.",
            "id": "sample_053_0023_000026",
            "annotations": []
        },
        {
            "sentence": "테스트 데이터는 재현 가능한 시드로 생성되며 예시 시드값으로 seed=20240410 을 사용합니다.",
            "id": "sample_053_0023_000027",
            "annotations": []
        },
        {
            "sentence": "체인오브커스토디 예시 레코드에는 작성자 장혜주 와 승인자 전선교 가 서명했으며 서명타임스탬프와 audit_hash가 포함됩니다.",
            "id": "sample_053_0023_000028",
            "annotations": [
                {
                    "word": "장혜주",
                    "start": 22,
                    "end": 25,
                    "label": "개인정보"
                },
                {
                    "word": "전선교",
                    "start": 32,
                    "end": 35,
                    "label": "개인정보"
                }
            ]
        },
        {
            "sentence": "법적 준수 항목에는 GDPR 및 지역 선거법 준수가 포함되며 삭제 요청과 증거 보존 절차를 명시합니다.",
            "id": "sample_053_0023_000029",
            "annotations": []
        },
        {
            "sentence": "추가 스키마, 샘플, 익명화 전략 또는 감사 절차가 필요하면 해당 항목을 지정하여 요청하시기 바랍니다.",
            "id": "sample_053_0023_000030",
            "annotations": []
        }
    ]
}