{
    "document_id": "053_0095",
    "document_title": "선거 데이터 거버넌스 및 감사 절차 운영 지침(초안)",
    "data": [
        {
            "sentence": "이 문서는 선거 및 유권자 관리 시스템의 데이터 거버넌스, 무결성 및 감사 절차를 기술한 운영 지침 초안입니다.",
            "id": "sample_053_0095_000001",
            "annotations": []
        },
        {
            "sentence": "문서에는 voter_registry.csv, precinct_map.geojson, ballot_definition.json 등 필수 파일명과 샘플 데이터 규약이 포함됩니다.",
            "id": "sample_053_0095_000002",
            "annotations": []
        },
        {
            "sentence": "유권자 레지스트리 샘플에는 개인식별정보를 비식별화하고 토큰화하는 원칙을 적용합니다.",
            "id": "sample_053_0095_000003",
            "annotations": []
        },
        {
            "sentence": "예시로 본 문서에서는 테스트용 이름 전리유, 한석범, 조승용을 사용하여 레코드 흐름을 설명합니다.",
            "id": "sample_053_0095_000004",
            "annotations": [
                {
                    "word": "전리유",
                    "start": 20,
                    "end": 23,
                    "label": "개인정보"
                },
                {
                    "word": "한석범",
                    "start": 25,
                    "end": 28,
                    "label": "개인정보"
                },
                {
                    "word": "조승용",
                    "start": 30,
                    "end": 33,
                    "label": "개인정보"
                }
            ]
        },
        {
            "sentence": "실제 주민등록번호 등 직접 식별자는 사용하지 않으며, 필요 시 암호화된 토큰으로 대체합니다.",
            "id": "sample_053_0095_000005",
            "annotations": [
                {
                    "word": "주민등록번호",
                    "start": 3,
                    "end": 9,
                    "label": "개인정보"
                }
            ]
        },
        {
            "sentence": "유권자 필드에는 성별: 여성, 생년월일: 1985-07-12, 시: 서울특별시, 군/구: 중구, 동: 을지로동, 직업: 공무원 등의 준식별자 항목이 존재합니다.",
            "id": "sample_053_0095_000006",
            "annotations": [
                {
                    "word": "여성",
                    "start": 13,
                    "end": 15,
                    "label": "준식별자"
                },
                {
                    "word": "1985-07-12",
                    "start": 23,
                    "end": 33,
                    "label": "준식별자"
                },
                {
                    "word": "서울특별시",
                    "start": 38,
                    "end": 43,
                    "label": "준식별자"
                },
                {
                    "word": "중구",
                    "start": 50,
                    "end": 52,
                    "label": "준식별자"
                },
                {
                    "word": "을지로동",
                    "start": 57,
                    "end": 61,
                    "label": "준식별자"
                },
                {
                    "word": "공무원",
                    "start": 67,
                    "end": 70,
                    "label": "준식별자"
                }
            ]
        },
        {
            "sentence": "데이터 익명화는 k-익명성, l-다양성, t-근사성을 고려하고, 재식별 위험 평가는 통계적 방법으로 문서화합니다.",
            "id": "sample_053_0095_000007",
            "annotations": []
        },
        {
            "sentence": "감사 로그(audit_log)는 불변 로그 구조로 설계하며 각 레코드에 audit_hash: e3b0c44298fc1c149afbf4c8996fb924을 포함합니다.",
            "id": "sample_053_0095_000008",
            "annotations": [
                {
                    "word": "e3b0c44298fc1c149afbf4c8996fb924",
                    "start": 52,
                    "end": 84,
                    "label": "기밀정보"
                }
            ]
        },
        {
            "sentence": "모든 변경 기록에는 디지털 서명(signature)과 타임스탬프를 첨부하며, 서명 검증 절차를 표준화합니다.",
            "id": "sample_053_0095_000009",
            "annotations": []
        },
        {
            "sentence": "체인오브커스토디(chain_of_custody_record.json) 문서는 포맷, 타임스탬프, 서명 규칙과 보존 주기를 메타데이터로 명시합니다.",
            "id": "sample_053_0095_000010",
            "annotations": []
        },
        {
            "sentence": "운영 환경의 내부 서버 IP는 10.0.0.5와 같은 사설주소를 예시로 문서화하며, 실제 운영 IP는 접근제어 하에 보호해야 합니다.",
            "id": "sample_053_0095_000011",
            "annotations": [
                {
                    "word": "10.0.0.5",
                    "start": 17,
                    "end": 25,
                    "label": "기밀정보"
                }
            ]
        },
        {
            "sentence": "접근 제어는 역할 기반 접근(RBAC)을 적용하고 최소 권한 원칙을 준수합니다.",
            "id": "sample_053_0095_000012",
            "annotations": []
        },
        {
            "sentence": "테스트 데이터는 재현 가능한 시드(seed=20240101)로 생성하되 실데이터와의 연결을 차단합니다.",
            "id": "sample_053_0095_000013",
            "annotations": []
        },
        {
            "sentence": "투표 거래 로그 파일 vote_transaction_log.csv에는 투표 식별자와 해시, 검증 상태가 포함됩니다.",
            "id": "sample_053_0095_000014",
            "annotations": []
        },
        {
            "sentence": "유권자 인증 이벤트 로그(voter_authentication_event.log)는 인증 타임스탬프와 토큰화된 사용자ID를 기록합니다.",
            "id": "sample_053_0095_000015",
            "annotations": []
        },
        {
            "sentence": "우편투표 서류 absentee_ballot_request_form.pdf의 샘플 필드는 마스킹된 연락처(휴대폰 ****-****-1234)로 예시를 듭니다.",
            "id": "sample_053_0095_000016",
            "annotations": [
                {
                    "word": "****-****-1234",
                    "start": 62,
                    "end": 76,
                    "label": "개인정보"
                }
            ]
        },
        {
            "sentence": "캠페인 재정 데이터(campaign_finance_report.csv)는 공개된 기부내역을 포함하되 계좌번호 등 민감 항목은 마스킹 또는 내부 보관합니다.",
            "id": "sample_053_0095_000017",
            "annotations": [
                {
                    "word": "계좌번호",
                    "start": 56,
                    "end": 60,
                    "label": "기밀정보"
                }
            ]
        },
        {
            "sentence": "샘플 회계 항목으로 계좌번호: ****-****-7890이 내부 파일에 기록됩니다.",
            "id": "sample_053_0095_000018",
            "annotations": [
                {
                    "word": "****-****-7890",
                    "start": 17,
                    "end": 31,
                    "label": "기밀정보"
                }
            ]
        },
        {
            "sentence": "선거구 지리정보(precinct_map.geojson)는 경계 버전 관리와 변경 이력을 버전 태그 v2024-01으로 관리합니다.",
            "id": "sample_053_0095_000019",
            "annotations": []
        },
        {
            "sentence": "투표소 배치(polling_station_assignment.csv)는 투표소 코드와 운영자 명단을 포함하며, 운영자 예시로 이름 양은숙과 손루호를 기록합니다.",
            "id": "sample_053_0095_000020",
            "annotations": [
                {
                    "word": "양은숙",
                    "start": 73,
                    "end": 76,
                    "label": "개인정보"
                },
                {
                    "word": "손루호",
                    "start": 78,
                    "end": 81,
                    "label": "개인정보"
                }
            ]
        },
        {
            "sentence": "감사 및 증빙 문서는 법적 증거로 사용될 수 있으므로 체계적 보존 주기 10년을 권고합니다.",
            "id": "sample_053_0095_000021",
            "annotations": []
        },
        {
            "sentence": "데이터베이스 접속 계정(admin_user: election_admin)은 로그와 권한 관리를 통해 최소권한으로 유지합니다.",
            "id": "sample_053_0095_000022",
            "annotations": [
                {
                    "word": "election_admin",
                    "start": 25,
                    "end": 39,
                    "label": "기밀정보"
                }
            ]
        },
        {
            "sentence": "보안 절차 문서에는 내부 URL과 비공개 경로 예시(vpn://internal.example.local)와 접근 통제 지침이 포함됩니다.",
            "id": "sample_053_0095_000023",
            "annotations": [
                {
                    "word": "vpn://internal.example.local",
                    "start": 29,
                    "end": 57,
                    "label": "기밀정보"
                }
            ]
        },
        {
            "sentence": "오프라인 환경 동기화 설계는 저대역·무선 환경을 고려한 배치 전략과 충돌 해결 정책을 기술합니다.",
            "id": "sample_053_0095_000024",
            "annotations": []
        },
        {
            "sentence": "투명성 원칙에 따라 공표 가능한 집계 통계(turnout_statistics.csv)와 비공개 원자료를 분리하여 보관합니다.",
            "id": "sample_053_0095_000025",
            "annotations": []
        },
        {
            "sentence": "선거 후보자 명부(candidate_list.json)는 공개 데이터로 유지하되 후보자 연락처는 공개하지 않습니다.",
            "id": "sample_053_0095_000026",
            "annotations": []
        },
        {
            "sentence": "감사 절차 항목에는 감사자 전리유의 검토 확인란과 서명 필드가 포함됩니다.",
            "id": "sample_053_0095_000027",
            "annotations": [
                {
                    "word": "전리유",
                    "start": 15,
                    "end": 18,
                    "label": "개인정보"
                }
            ]
        },
        {
            "sentence": "행동 항목: 데이터 익명화 정책 수립, 접근 권한 재검토, 감사 로그 서명 검증 주기 설정을 즉시 시행할 것을 권고합니다.",
            "id": "sample_053_0095_000028",
            "annotations": []
        }
    ]
}