{
    "document_id": "053_0014",
    "document_title": "선거 및 유권자 관리 운영·감사 지침서",
    "data": [
        {
            "sentence": "문서 서론: 본 문서는 선거 및 유권자 관리 시스템의 운영·감사·데이터 보존 정책을 기술합니다.",
            "id": "sample_053_0014_000001",
            "annotations": []
        },
        {
            "sentence": "적용 범위는 유권자 등록부, 투표 로그, 투표소 운영, 우편투표 및 체인오브커스토디 관련 기록을 포함합니다.",
            "id": "sample_053_0014_000002",
            "annotations": []
        },
        {
            "sentence": "핵심 원칙은 데이터 무결성(integrity), 투명성(transparency), 추적가능성(auditability) 및 개인정보 보호입니다.",
            "id": "sample_053_0014_000003",
            "annotations": []
        },
        {
            "sentence": "시스템은 모든 변경에 대해 불변성 감사 로그(audit_log)를 생성하며 각 레코드는 audit_hash와 디지털 서명을 포함합니다.",
            "id": "sample_053_0014_000004",
            "annotations": []
        },
        {
            "sentence": "감사 해시 예시 audit_hash: a3f5c9d2b7e8f1c4d6e9a0b2c3d4e5f6는 무결성 검증용 샘플입니다.",
            "id": "sample_053_0014_000005",
            "annotations": [
                {
                    "word": "audit_hash: a3f5c9d2b7e8f1c4d6e9a0b2c3d4e5f6",
                    "start": 9,
                    "end": 53,
                    "label": "기밀정보"
                }
            ]
        },
        {
            "sentence": "디지털 서명 예시 digital_signature: SIG_RSA2048_ME12345QWERTY는 체계적 증빙의 예시 문자열입니다.",
            "id": "sample_053_0014_000006",
            "annotations": [
                {
                    "word": "digital_signature: SIG_RSA2048_ME12345QWERTY",
                    "start": 10,
                    "end": 54,
                    "label": "기밀정보"
                }
            ]
        },
        {
            "sentence": "개인식별정보(PII)는 기본적으로 비식별화하거나 토큰화하며, 실데이터 접근은 암호화·권한부여를 거쳐야 합니다.",
            "id": "sample_053_0014_000007",
            "annotations": []
        },
        {
            "sentence": "유권자 식별자 예시는 유권자 ID: VR-2024-000123으로 내부 키로 사용되는 고유값입니다.",
            "id": "sample_053_0014_000008",
            "annotations": [
                {
                    "word": "유권자 ID: VR-2024-000123",
                    "start": 12,
                    "end": 34,
                    "label": "개인정보"
                }
            ]
        },
        {
            "sentence": "예시 유권자 레코드는 성명 민이솔, 생년월일: 1985-07-13, 성별: 여성으로 구성될 수 있습니다.",
            "id": "sample_053_0014_000009",
            "annotations": [
                {
                    "word": "민이솔",
                    "start": 15,
                    "end": 18,
                    "label": "개인정보"
                },
                {
                    "word": "1985-07-13",
                    "start": 26,
                    "end": 36,
                    "label": "준식별자"
                },
                {
                    "word": "여성",
                    "start": 42,
                    "end": 44,
                    "label": "준식별자"
                }
            ]
        },
        {
            "sentence": "해당 예시에는 상세 주소로 테헤란로 100, 15층이 기재되어 있으므로 상세 주소는 개인정보로 분류합니다.",
            "id": "sample_053_0014_000010",
            "annotations": [
                {
                    "word": "테헤란로 100, 15층",
                    "start": 15,
                    "end": 28,
                    "label": "개인정보"
                }
            ]
        },
        {
            "sentence": "연락처 예시는 전화: 010-1234-5678 및 이메일: minisol@example.com으로 표기되어 있어 연락처는 보호 대상입니다.",
            "id": "sample_053_0014_000011",
            "annotations": [
                {
                    "word": "전화: 010-1234-5678",
                    "start": 8,
                    "end": 25,
                    "label": "개인정보"
                },
                {
                    "word": "이메일: minisol@example.com",
                    "start": 28,
                    "end": 52,
                    "label": "개인정보"
                }
            ]
        },
        {
            "sentence": "업무 담당자 표시는 선관위 담당자 민이솔과 검증 책임자 강성화로 기재되어 있으며 담당자명은 개인정보입니다.",
            "id": "sample_053_0014_000012",
            "annotations": [
                {
                    "word": "민이솔",
                    "start": 19,
                    "end": 22,
                    "label": "개인정보"
                },
                {
                    "word": "강성화",
                    "start": 31,
                    "end": 34,
                    "label": "개인정보"
                }
            ]
        },
        {
            "sentence": "후보자 목록 파일(candidate_list.json)에는 공개 후보명과 일부 공개 정보가 포함되나 개인별 상세식별자는 비공개 처리합니다.",
            "id": "sample_053_0014_000013",
            "annotations": []
        },
        {
            "sentence": "예시 후보로 박유겸이 등록되어 있으며 후보명은 공개자료이나 인접된 식별자는 익명화 정책 대상입니다.",
            "id": "sample_053_0014_000014",
            "annotations": [
                {
                    "word": "박유겸",
                    "start": 7,
                    "end": 10,
                    "label": "개인정보"
                }
            ]
        },
        {
            "sentence": "재무 보고서에는 공개된 항목과 비공개 항목이 혼재하며, 계좌번호 등은 기밀정보로 분류합니다.",
            "id": "sample_053_0014_000015",
            "annotations": []
        },
        {
            "sentence": "예시 캠페인 계좌번호 계좌번호: 123-45-678901은 재무 기밀로서 접근 제어가 필요합니다.",
            "id": "sample_053_0014_000016",
            "annotations": [
                {
                    "word": "계좌번호: 123-45-678901",
                    "start": 12,
                    "end": 31,
                    "label": "기밀정보"
                }
            ]
        },
        {
            "sentence": "시스템 인프라 정보는 기밀로 취급하며 DB서버 IP: 10.10.5.23 및 관리자 계정 admin_election은 접근 권한 관리 대상입니다.",
            "id": "sample_053_0014_000017",
            "annotations": [
                {
                    "word": "DB서버 IP: 10.10.5.23",
                    "start": 21,
                    "end": 40,
                    "label": "기밀정보"
                },
                {
                    "word": "admin_election",
                    "start": 50,
                    "end": 64,
                    "label": "기밀정보"
                }
            ]
        },
        {
            "sentence": "지리정보(precinct_map.geojson)는 선거구 경계 버전 관리와 변경 이력을 포함해야 합니다.",
            "id": "sample_053_0014_000018",
            "annotations": []
        },
        {
            "sentence": "투표 정의 파일(ballot_definition.json)과 투표 거래 로그(vote_transaction_log.csv)는 서명·타임스탬프를 포함하여 보존합니다.",
            "id": "sample_053_0014_000019",
            "annotations": []
        },
        {
            "sentence": "유권자 인증 이벤트 로그(voter_authentication_event.log)는 익명화 정책에 따라 준식별자 제거 후 분석용 샘플을 제공합니다.",
            "id": "sample_053_0014_000020",
            "annotations": []
        },
        {
            "sentence": "투표소 배치(polling_station_assignment.csv) 및 투표소 운영 매뉴얼은 오프라인 환경 동기화와 페일오버 정책을 포함합니다.",
            "id": "sample_053_0014_000021",
            "annotations": []
        },
        {
            "sentence": "우편·부재자 투표 기록과 요청서(absentee_ballot_request_form.pdf)는 체인오브커스토디에 따라 봉인·보관합니다.",
            "id": "sample_053_0014_000022",
            "annotations": []
        },
        {
            "sentence": "체인오브커스토디 문서(chain_of_custody_record.json)는 타임스탬프, 담당자 서명, 유지기한 등 메타데이터를 포함하여 법적 증빙으로 사용됩니다.",
            "id": "sample_053_0014_000023",
            "annotations": []
        },
        {
            "sentence": "로그와 체인오브커스토디에 대한 보존 주기는 지역 법령을 반영하여 메타데이터에 명시하고 자동 삭제 정책을 설계합니다.",
            "id": "sample_053_0014_000024",
            "annotations": []
        },
        {
            "sentence": "감사 절차는 재현 가능한 시드와 테스트 벡터를 사용하여 시뮬레이션을 수행하되, 재식별 위험을 제거한 데이터만 사용합니다.",
            "id": "sample_053_0014_000025",
            "annotations": []
        },
        {
            "sentence": "접근 통제는 최소 권한 원칙과 역할 기반 접근 제어(RBAC)를 적용하여 admin_election 같은 계정 사용을 엄격히 관리합니다.",
            "id": "sample_053_0014_000026",
            "annotations": [
                {
                    "word": "admin_election",
                    "start": 41,
                    "end": 55,
                    "label": "기밀정보"
                }
            ]
        },
        {
            "sentence": "보안 프로토콜은 암호화된 채널, HSM 기반 키 관리, 그리고 서명 검증을 필수로 규정합니다.",
            "id": "sample_053_0014_000027",
            "annotations": []
        },
        {
            "sentence": "결론 및 실행 항목: 데이터 익명화 전략 수립, 감사 로그 무결성 확인, 법적 보존기간 준수 및 역할별 접근 정책 문서를 배포합니다.",
            "id": "sample_053_0014_000028",
            "annotations": []
        }
    ]
}