{
    "document_id": "053_0009",
    "document_title": "2026년도 지방선거 유권자 관리 및 감사 운영지침",
    "data": [
        {
            "sentence": "이 문서는 2026년도 지방선거를 대비한 선거 및 유권자 관리 시스템 설계와 감사 절차를 기술합니다.",
            "id": "sample_053_0009_000001",
            "annotations": []
        },
        {
            "sentence": "문서는 유권자 등록, 투표소 운영, 우편 투표 처리, 실시간 집계, 감사 로그 보관 절차를 포함합니다.",
            "id": "sample_053_0009_000002",
            "annotations": []
        },
        {
            "sentence": "유권자 레지스트리는 voter_registry.csv 형식으로 관리되며 필드 설계와 익명화 규칙을 명세합니다.",
            "id": "sample_053_0009_000003",
            "annotations": []
        },
        {
            "sentence": "담당자 지정은 관리자 명단에 따라 이루어지며 예시로 담당자 윤창수가 선거관리팀장으로 등록되어 있습니다.",
            "id": "sample_053_0009_000004",
            "annotations": [
                {
                    "word": "윤창수",
                    "start": 33,
                    "end": 36,
                    "label": "개인정보"
                }
            ]
        },
        {
            "sentence": "관리자 연락처는 연락 정책상 토큰화하나 테스트 데이터에서는 010-1234-5678 형태의 가상번호를 사용해 동작을 확인합니다.",
            "id": "sample_053_0009_000005",
            "annotations": [
                {
                    "word": "010-1234-5678",
                    "start": 33,
                    "end": 46,
                    "label": "개인정보"
                }
            ]
        },
        {
            "sentence": "시뮬레이션 데이터는 재현 가능한 시드와 통계적 분포를 포함하지만 실제 주민등록번호와 같은 민감정보는 대체 규칙을 적용합니다.",
            "id": "sample_053_0009_000006",
            "annotations": []
        },
        {
            "sentence": "유권자 등록 예시 레코드는 이름, 생년월일, 성별, 주소, 사번 필드를 포함하며 모든 민감필드는 암호화 혹은 토큰화되어야 합니다.",
            "id": "sample_053_0009_000007",
            "annotations": []
        },
        {
            "sentence": "예시 유권자 레코드에는 대체값으로 주민등록번호 900101-1234567, 생년월일 1990-01-01, 성별 남성 이 사용되었습니다.",
            "id": "sample_053_0009_000008",
            "annotations": [
                {
                    "word": "900101-1234567",
                    "start": 26,
                    "end": 40,
                    "label": "개인정보"
                },
                {
                    "word": "1990-01-01",
                    "start": 47,
                    "end": 57,
                    "label": "준식별자"
                },
                {
                    "word": "남성",
                    "start": 62,
                    "end": 64,
                    "label": "준식별자"
                }
            ]
        },
        {
            "sentence": "주소 예시는 서울특별시 중구 세종대로 50 로 표기되어 있으며 상세주소는 비공개로 처리합니다.",
            "id": "sample_053_0009_000009",
            "annotations": [
                {
                    "word": "서울특별시 중구 세종대로 50",
                    "start": 7,
                    "end": 23,
                    "label": "개인정보"
                }
            ]
        },
        {
            "sentence": "시군구 단위의 지리정보는 precinct_map.geojson으로 관리하며 버전 관리와 경계 변경 이력도 포함합니다.",
            "id": "sample_053_0009_000010",
            "annotations": []
        },
        {
            "sentence": "투표 거래 로그는 vote_transaction_log.csv로 기록되며 각 항목에는 타임스탬프, 투표권자 토큰, 투표지 해시가 포함됩니다.",
            "id": "sample_053_0009_000011",
            "annotations": []
        },
        {
            "sentence": "인증 이벤트 로그(voter_authentication_event.log)는 인증 주체와 실패·성공 이력을 남기며 접근 통제 정책에 따라 보존 기간을 설정합니다.",
            "id": "sample_053_0009_000012",
            "annotations": []
        },
        {
            "sentence": "오프라인 투표 동기화는 저대역 환경을 고려해 polling_station_assignment.csv를 통한 증분 동기화를 지원합니다.",
            "id": "sample_053_0009_000013",
            "annotations": []
        },
        {
            "sentence": "우편 투표 신청서 샘플(absentee_ballot_request_form.pdf)에는 신청자 성명 임고은과 기본 신청 항목 예시가 포함되어 있습니다.",
            "id": "sample_053_0009_000014",
            "annotations": [
                {
                    "word": "임고은",
                    "start": 56,
                    "end": 59,
                    "label": "개인정보"
                }
            ]
        },
        {
            "sentence": "우편 신청서에는 신청자 이메일 ycs@example.gov.kr 및 대체 연락처를 기록하는 필드가 존재합니다.",
            "id": "sample_053_0009_000015",
            "annotations": [
                {
                    "word": "ycs@example.gov.kr",
                    "start": 17,
                    "end": 35,
                    "label": "개인정보"
                }
            ]
        },
        {
            "sentence": "체인오브커스토디 문서는 chain_of_custody_record.json으로 저장되며 각 변경 기록은 audit_hash와 디지털 서명을 포함하도록 설계됩니다.",
            "id": "sample_053_0009_000016",
            "annotations": []
        },
        {
            "sentence": "감사 로그는 변경불가능한 형식으로 저장하고 감사 로그 항목은 audit_log 테이블에 불변 레코드로 남깁니다.",
            "id": "sample_053_0009_000017",
            "annotations": []
        },
        {
            "sentence": "내부 서버 접근 정보는 기밀로 분류되며 예시로 내부 관리 서버 IP 192.0.2.45와 VPN 주소 vpn.election.local이 문서에 표기됩니다.",
            "id": "sample_053_0009_000018",
            "annotations": [
                {
                    "word": "192.0.2.45",
                    "start": 38,
                    "end": 48,
                    "label": "기밀정보"
                },
                {
                    "word": "vpn.election.local",
                    "start": 57,
                    "end": 75,
                    "label": "기밀정보"
                }
            ]
        },
        {
            "sentence": "결재선 예시는 내부 결재선: 송수정 승인으로 표기되어 있으며 결재자 정보는 최소한의 권한 원칙으로 관리됩니다.",
            "id": "sample_053_0009_000019",
            "annotations": [
                {
                    "word": "송수정",
                    "start": 16,
                    "end": 19,
                    "label": "개인정보"
                }
            ]
        },
        {
            "sentence": "선거인 명부와 후보자 명단(candidate_list.json)은 공개 가능한 항목과 비공개 민감항목으로 분리하여 관리합니다.",
            "id": "sample_053_0009_000020",
            "annotations": []
        },
        {
            "sentence": "후보자 예시는 김다희가 등록되어 있으며 후보자 프로필에는 공개 법정 정보만 포함됩니다.",
            "id": "sample_053_0009_000021",
            "annotations": [
                {
                    "word": "김다희",
                    "start": 8,
                    "end": 11,
                    "label": "개인정보"
                }
            ]
        },
        {
            "sentence": "캠페인 재무 보고서(campaign_finance_report.csv)에는 공개해야 하는 항목과 기밀 처리 대상 항목이 구분되어야 합니다.",
            "id": "sample_053_0009_000022",
            "annotations": []
        },
        {
            "sentence": "재무 세부 항목 예로 계좌번호 111-222-333333은 내부 기밀정보로 분류하고 접근제어를 적용합니다.",
            "id": "sample_053_0009_000023",
            "annotations": [
                {
                    "word": "111-222-333333",
                    "start": 17,
                    "end": 31,
                    "label": "기밀정보"
                }
            ]
        },
        {
            "sentence": "선거 시스템 로그와 체인오브커스토디 문서는 보존 주기와 폐기절차를 메타데이터로 명확히 정의해야 합니다.",
            "id": "sample_053_0009_000024",
            "annotations": []
        },
        {
            "sentence": "테스트 계정 예시로 사번 EMP-2026-0001은 내부 식별자이며 실 데이터 사용 시 암호화가 필요합니다.",
            "id": "sample_053_0009_000025",
            "annotations": [
                {
                    "word": "EMP-2026-0001",
                    "start": 14,
                    "end": 27,
                    "label": "개인정보"
                }
            ]
        },
        {
            "sentence": "추가 연락처 예시로 노효성의 휴대전화 010-9876-5432가 테스트 문서에 포함되어 있습니다.",
            "id": "sample_053_0009_000026",
            "annotations": [
                {
                    "word": "노효성",
                    "start": 11,
                    "end": 14,
                    "label": "개인정보"
                },
                {
                    "word": "010-9876-5432",
                    "start": 21,
                    "end": 34,
                    "label": "개인정보"
                }
            ]
        },
        {
            "sentence": "여권번호 예시 M12345678은 여권번호 형식 표시 예시로 사용되며 실제 여권번호는 절대 노출해서는 안 됩니다.",
            "id": "sample_053_0009_000027",
            "annotations": [
                {
                    "word": "M12345678",
                    "start": 8,
                    "end": 17,
                    "label": "개인정보"
                }
            ]
        },
        {
            "sentence": "투표율 집계(turnout_statistics.csv)는 집계 지표로 공개되며 개인 식별이 가능한 항목은 제거되어야 합니다.",
            "id": "sample_053_0009_000028",
            "annotations": []
        },
        {
            "sentence": "로그 무결성 검증을 위해 각 감사 항목에 SHA-256 기반 해시와 서명 메타데이터를 결합하여 저장합니다.",
            "id": "sample_053_0009_000029",
            "annotations": []
        },
        {
            "sentence": "결론 및 실행항목: 개인정보는 최소한으로 공개하고 익명화 전략을 따르며 모든 변경 이력은 감사 로그에 기록하여 법적 증빙 요건을 충족시킵니다.",
            "id": "sample_053_0009_000030",
            "annotations": []
        }
    ]
}