{
    "document_id": "053_0061",
    "document_title": "선거 및 유권자 관리 운영·감사 지침서(샘플)",
    "data": [
        {
            "sentence": "문서 개요: 본 지침서는 선거 및 유권자 관리 시스템의 운영 원칙과 감사 절차를 샘플 형태로 제시한다.",
            "id": "sample_053_0061_000001",
            "annotations": []
        },
        {
            "sentence": "문서는 유권자 등록부, 투표 로그, 투표소 배치, 체인오브커스토디 문서와 보존 정책을 포괄적으로 다룬다.",
            "id": "sample_053_0061_000002",
            "annotations": []
        },
        {
            "sentence": "샘플 데이터는 재현 가능한 시드와 통계적 합리성을 만족하도록 생성하되 실데이터와는 분리하여 보관한다.",
            "id": "sample_053_0061_000003",
            "annotations": []
        },
        {
            "sentence": "유권자 레지스트리 샘플에는 테스트용 가명과 토큰을 사용하여 실데이터 노출을 방지한다; 예시 이름 김수윤, 토큰 user_0001, 주민등록번호 토큰 RRN_0001.",
            "id": "sample_053_0061_000004",
            "annotations": [
                {
                    "word": "김수윤",
                    "start": 54,
                    "end": 57,
                    "label": "개인정보"
                },
                {
                    "word": "RRN_0001",
                    "start": 83,
                    "end": 91,
                    "label": "개인정보"
                }
            ]
        },
        {
            "sentence": "세부주소 샘플은 서울특별시 종로구 세종로 1-1로 표기하였으며 실제 상세호수는 비식별 처리하여 별도 저장한다.",
            "id": "sample_053_0061_000005",
            "annotations": [
                {
                    "word": "서울특별시 종로구 세종로 1-1",
                    "start": 9,
                    "end": 26,
                    "label": "개인정보"
                }
            ]
        },
        {
            "sentence": "준식별자 필드 예시로 성별(여), 출생연도 1985, 출생월 06, 출생일 15를 분리하여 저장하고 필요시 일반화한다.",
            "id": "sample_053_0061_000006",
            "annotations": [
                {
                    "word": "성별(여)",
                    "start": 12,
                    "end": 17,
                    "label": "준식별자"
                },
                {
                    "word": "1985",
                    "start": 24,
                    "end": 28,
                    "label": "준식별자"
                },
                {
                    "word": "06",
                    "start": 34,
                    "end": 36,
                    "label": "준식별자"
                },
                {
                    "word": "15",
                    "start": 42,
                    "end": 44,
                    "label": "준식별자"
                }
            ]
        },
        {
            "sentence": "연락처는 마스킹을 적용하여 표기한다; 예: +82-10-0000-0001(토큰화 및 마스킹 적용).",
            "id": "sample_053_0061_000007",
            "annotations": [
                {
                    "word": "+82-10-0000-0001",
                    "start": 24,
                    "end": 40,
                    "label": "개인정보"
                }
            ]
        },
        {
            "sentence": "이메일은 익명화된 계정으로 표기하며 예시 계정은 example.user+001@example.com이다.",
            "id": "sample_053_0061_000008",
            "annotations": [
                {
                    "word": "example.user+001@example.com",
                    "start": 27,
                    "end": 55,
                    "label": "개인정보"
                }
            ]
        },
        {
            "sentence": "유권자 등록부의 각 레코드는 변경 불가능한 감사 로그(audit_log) 참조를 포함하도록 설계한다.",
            "id": "sample_053_0061_000009",
            "annotations": []
        },
        {
            "sentence": "모든 변경 기록은 audit_hash와 전자서명으로 보강하여 레코드 무결성 검증이 가능하도록 한다.",
            "id": "sample_053_0061_000010",
            "annotations": []
        },
        {
            "sentence": "체인오브커스토디 레코드 샘플에는 서명자 가명과 토큰, 시간, 위치 메타데이터를 포함하며 예시 담당자: 심혜정(토큰 user_0012).",
            "id": "sample_053_0061_000011",
            "annotations": [
                {
                    "word": "심혜정",
                    "start": 57,
                    "end": 60,
                    "label": "개인정보"
                }
            ]
        },
        {
            "sentence": "체인오브커스토디는 서명자 신원 확인 절차, 장비 식별자, 운송경로를 포함하여 감사 가능하도록 저장한다.",
            "id": "sample_053_0061_000012",
            "annotations": []
        },
        {
            "sentence": "투표소 운영자 계정 예시 admin_election과 내부 서버 IP 10.10.10.5는 기밀정보로 분류하여 접근을 제한한다.",
            "id": "sample_053_0061_000013",
            "annotations": [
                {
                    "word": "admin_election",
                    "start": 14,
                    "end": 28,
                    "label": "기밀정보"
                },
                {
                    "word": "10.10.10.5",
                    "start": 39,
                    "end": 49,
                    "label": "기밀정보"
                }
            ]
        },
        {
            "sentence": "내부 네트워크 정보는 공개 금지 범주이며 예를 들어 VPN 접속 URL vpn.internal.elect와 내부 파일 경로 /var/data/election은 비공개로 관리한다.",
            "id": "sample_053_0061_000014",
            "annotations": [
                {
                    "word": "vpn.internal.elect",
                    "start": 40,
                    "end": 58,
                    "label": "기밀정보"
                },
                {
                    "word": "/var/data/election",
                    "start": 69,
                    "end": 87,
                    "label": "기밀정보"
                }
            ]
        },
        {
            "sentence": "재무 관련 자료는 세부 후원금 계좌번호를 포함할 수 있으므로 예시 계좌번호 123-45-678901은 암호화 저장 대상이다.",
            "id": "sample_053_0061_000015",
            "annotations": [
                {
                    "word": "123-45-678901",
                    "start": 42,
                    "end": 55,
                    "label": "기밀정보"
                }
            ]
        },
        {
            "sentence": "투표 트랜잭션 로그에는 인증토큰, 유권자 토큰, 투표기ID가 포함되며 모든 토큰은 키관리시스템(KMS)에서 암호화한다.",
            "id": "sample_053_0061_000016",
            "annotations": []
        },
        {
            "sentence": "지리정보는 precinct_map.geojson으로 관리하고 선거구 경계 변경 시 버전관리 및 변경 사유를 메타데이터로 기록한다.",
            "id": "sample_053_0061_000017",
            "annotations": []
        },
        {
            "sentence": "유권자 인증 이벤트 로그 예시에는 이벤트ID EVT000123, 사용자 구나경, 접속IP 203.0.113.45(마스킹 표기) 등이 포함된다.",
            "id": "sample_053_0061_000018",
            "annotations": [
                {
                    "word": "구나경",
                    "start": 40,
                    "end": 43,
                    "label": "개인정보"
                },
                {
                    "word": "203.0.113.45",
                    "start": 50,
                    "end": 62,
                    "label": "기밀정보"
                }
            ]
        },
        {
            "sentence": "부재자·우편투표의 신청서류는 신청자 신원, 우편주소(시·군·구 단위 분리 보관), 발급일자를 포함한다.",
            "id": "sample_053_0061_000019",
            "annotations": []
        },
        {
            "sentence": "샘플 우편물 수령주소로 부산광역시 해운대구 우동 123-4를 사용하였으며 상세번호는 마스킹 처리한다.",
            "id": "sample_053_0061_000020",
            "annotations": [
                {
                    "word": "부산광역시 해운대구 우동 123-4",
                    "start": 13,
                    "end": 32,
                    "label": "개인정보"
                }
            ]
        },
        {
            "sentence": "후보자 명부(candidate_list.json)에는 후보자 가명 또는 공개명, 소속정당, 선거구와 후보등록번호를 기록한다.",
            "id": "sample_053_0061_000021",
            "annotations": []
        },
        {
            "sentence": "예시 후보자 데이터에 윤여준, 소속 정당: 새시민당, 후보등록번호 CAND-2025-001이 포함되어 있다.",
            "id": "sample_053_0061_000022",
            "annotations": [
                {
                    "word": "윤여준",
                    "start": 12,
                    "end": 15,
                    "label": "개인정보"
                }
            ]
        },
        {
            "sentence": "캠페인 기부 내역은 campaign_finance_report.csv에 익명화된 기부자 토큰과 합계 항목으로 보고된다.",
            "id": "sample_053_0061_000023",
            "annotations": []
        },
        {
            "sentence": "로그 보존기간은 지역 법령을 준수하도록 5년에서 25년 사이로 설정하고 삭제 정책과 폐기 증빙을 메타데이터에 포함한다.",
            "id": "sample_053_0061_000024",
            "annotations": []
        },
        {
            "sentence": "테스트 데이터 생성은 seed=20250501로 재현 가능하게 구성하되 실유권자 데이터와 분리된 개발·테스트 환경에만 보관한다.",
            "id": "sample_053_0061_000025",
            "annotations": []
        },
        {
            "sentence": "익명화 전략은 k-익명성, l-다양성 등 통계적 기법을 적용하며 준식별자 필드는 일반화·범주화하여 재식별 위험을 낮춘다.",
            "id": "sample_053_0061_000026",
            "annotations": []
        },
        {
            "sentence": "접근 통제는 역할 기반 접근제어(RBAC)를 적용하고 최소 권한 원칙을 통해 민감 데이터 접근을 엄격히 관리한다.",
            "id": "sample_053_0061_000027",
            "annotations": []
        },
        {
            "sentence": "비상 복구 절차는 데이터베이스 복제, 읽기전용 스냅샷, 페일오버 토폴로지를 포함하여 고가용성을 보장한다.",
            "id": "sample_053_0061_000028",
            "annotations": []
        },
        {
            "sentence": "감사 자료는 법적 증빙으로 사용될 수 있으므로 타임스탬프 형식, 서명 규칙, 보존 주기 메타데이터를 명확히 한다.",
            "id": "sample_053_0061_000029",
            "annotations": []
        },
        {
            "sentence": "문서 작성 책임자: 류민진, 검토자: 정기준 (가명 표기 및 토큰화 정책 적용됨).",
            "id": "sample_053_0061_000030",
            "annotations": [
                {
                    "word": "류민진",
                    "start": 11,
                    "end": 14,
                    "label": "개인정보"
                },
                {
                    "word": "정기준",
                    "start": 21,
                    "end": 24,
                    "label": "개인정보"
                }
            ]
        }
    ]
}