{
    "document_id": "053_0092",
    "document_title": "선거 및 유권자관리 운영·감사 정책 및 데이터 사양서",
    "data": [
        {
            "sentence": "문서 개요: 본 문서는 선거 및 유권자 관리 시스템의 운영·감사·데이터 보존 정책을 포함하는 기술·행정 기록입니다.",
            "id": "sample_053_0092_000001",
            "annotations": []
        },
        {
            "sentence": "적용 범위에는 유권자 등록부, 투표 로그, 투표소 운영, 우편·부재자 투표, 감사 레코드 및 캠페인 재무 보고서가 포함됩니다.",
            "id": "sample_053_0092_000002",
            "annotations": []
        },
        {
            "sentence": "요구되는 파일 목록은 voter_registry.csv, precinct_map.geojson, ballot_definition.json, vote_transaction_log.csv 등을 포함합니다.",
            "id": "sample_053_0092_000003",
            "annotations": []
        },
        {
            "sentence": "감사 로그는 변경 불변성 보장을 위해 audit_hash 및 전자서명을 포함하여 저장됩니다.",
            "id": "sample_053_0092_000004",
            "annotations": []
        },
        {
            "sentence": "시스템 책임자 지정: 구인태가 총괄 책임자로 지정되어 있으며, 모든 변경 사항은 역할기반 접근 제어(RBAC)를 통해 승인됩니다.",
            "id": "sample_053_0092_000005",
            "annotations": [
                {
                    "word": "구인태",
                    "start": 12,
                    "end": 15,
                    "label": "개인정보"
                }
            ]
        },
        {
            "sentence": "감사 담당자는 원두원이 배정되어 있으며, 감사 절차와 로그 보존주기 검토를 담당합니다.",
            "id": "sample_053_0092_000006",
            "annotations": [
                {
                    "word": "원두원",
                    "start": 8,
                    "end": 11,
                    "label": "개인정보"
                }
            ]
        },
        {
            "sentence": "유권자 레지스트리 예시 항목: 이름=전유담, 성별=여성, 생년월일=1985-07-14, 주민등록번호=RRN_TOKEN_0001.",
            "id": "sample_053_0092_000007",
            "annotations": [
                {
                    "word": "전유담",
                    "start": 20,
                    "end": 23,
                    "label": "개인정보"
                },
                {
                    "word": "여성",
                    "start": 28,
                    "end": 30,
                    "label": "준식별자"
                },
                {
                    "word": "1985",
                    "start": 37,
                    "end": 41,
                    "label": "준식별자"
                },
                {
                    "word": "07",
                    "start": 42,
                    "end": 44,
                    "label": "준식별자"
                },
                {
                    "word": "14",
                    "start": 45,
                    "end": 47,
                    "label": "준식별자"
                },
                {
                    "word": "RRN_TOKEN_0001",
                    "start": 56,
                    "end": 70,
                    "label": "개인정보"
                }
            ]
        },
        {
            "sentence": "동일 레코드의 상세 주소(호수 포함) 표기는 ADDR_TOKEN_0001로 토큰화되어 저장되며 원본은 암호화된 보관소에만 존재합니다.",
            "id": "sample_053_0092_000008",
            "annotations": [
                {
                    "word": "ADDR_TOKEN_0001",
                    "start": 25,
                    "end": 40,
                    "label": "개인정보"
                }
            ]
        },
        {
            "sentence": "연락처 및 이메일은 PHONE_TOKEN_0001, EMAIL_TOKEN_0001으로 토큰화되어 접근 제어 목록에 등록됩니다.",
            "id": "sample_053_0092_000009",
            "annotations": [
                {
                    "word": "PHONE_TOKEN_0001",
                    "start": 11,
                    "end": 27,
                    "label": "개인정보"
                },
                {
                    "word": "EMAIL_TOKEN_0001",
                    "start": 29,
                    "end": 45,
                    "label": "개인정보"
                }
            ]
        },
        {
            "sentence": "개인식별정보의 실데이터가 필요한 테스트는 재현 가능한 시드와 감사 로그를 포함한 격리 환경에서만 진행합니다.",
            "id": "sample_053_0092_000010",
            "annotations": []
        },
        {
            "sentence": "생년월일은 저장 시 연, 월, 일로 분리하여 익명화 전략을 적용하며, 연·월·일 각각은 준식별자로 분류합니다.",
            "id": "sample_053_0092_000011",
            "annotations": []
        },
        {
            "sentence": "주소는 시·군·구·동 단위로 분리하여 준식별자 처리하고, 상세 주소는 별도 암호화로 개인정보로 분류합니다.",
            "id": "sample_053_0092_000012",
            "annotations": []
        },
        {
            "sentence": "투표소 배정 자료 예시: 투표소 ID=PS_0001, 담당자=오수원, 위치=precinct_map.geojson의 좌표 참조.",
            "id": "sample_053_0092_000013",
            "annotations": [
                {
                    "word": "오수원",
                    "start": 34,
                    "end": 37,
                    "label": "개인정보"
                }
            ]
        },
        {
            "sentence": "후보자 명단은 공개자료로서 candidate_list.json에 저장되며, 예시 후보로 배창용, 이준이, 백연선이 등록되어 있습니다.",
            "id": "sample_053_0092_000014",
            "annotations": [
                {
                    "word": "배창용",
                    "start": 49,
                    "end": 52,
                    "label": "개인정보"
                },
                {
                    "word": "이준이",
                    "start": 54,
                    "end": 57,
                    "label": "개인정보"
                },
                {
                    "word": "백연선",
                    "start": 59,
                    "end": 62,
                    "label": "개인정보"
                }
            ]
        },
        {
            "sentence": "캠페인 재무 보고서(예: campaign_finance_report.csv)는 공개 의무 항목과 내부 세부 항목을 분리하여 공개합니다.",
            "id": "sample_053_0092_000015",
            "annotations": []
        },
        {
            "sentence": "실시간 집계 서버의 접근 계정은 admin_vote로 표기되며, 내부 IP 주소는 10.0.100.5로 관리됩니다.",
            "id": "sample_053_0092_000016",
            "annotations": [
                {
                    "word": "admin_vote",
                    "start": 18,
                    "end": 28,
                    "label": "기밀정보"
                },
                {
                    "word": "10.0.100.5",
                    "start": 46,
                    "end": 56,
                    "label": "기밀정보"
                }
            ]
        },
        {
            "sentence": "감사 해시 예시: audit_hash=ab12f3c9d4e5678f9012a3b4c5d6e7f8로 기록되어 변경 불가능성을 보장합니다.",
            "id": "sample_053_0092_000017",
            "annotations": [
                {
                    "word": "ab12f3c9d4e5678f9012a3b4c5d6e7f8",
                    "start": 21,
                    "end": 53,
                    "label": "기밀정보"
                }
            ]
        },
        {
            "sentence": "체인오브커스토디 문서는 chain_of_custody_record.json으로 보관하며 각 레코드는 타임스탬프, audit_hash, 전자서명 필드를 포함합니다.",
            "id": "sample_053_0092_000018",
            "annotations": []
        },
        {
            "sentence": "로그 파일 예: voter_authentication_event.log와 vote_transaction_log.csv에는 이벤트 타임스탬프 및 익명화된 유권자 토큰이 기록됩니다.",
            "id": "sample_053_0092_000019",
            "annotations": []
        },
        {
            "sentence": "우편투표 요청서 양식은 absentee_ballot_request_form.pdf로 표준화되어 있으며, 민감 데이터는 수신 시 즉시 암호화됩니다.",
            "id": "sample_053_0092_000020",
            "annotations": []
        },
        {
            "sentence": "연동 인터페이스는 vpn.elect.example.local과 API 키를 통해 관리되며, 비공개 URL과 키는 기밀정보로 분류됩니다.",
            "id": "sample_053_0092_000021",
            "annotations": [
                {
                    "word": "vpn.elect.example.local",
                    "start": 10,
                    "end": 33,
                    "label": "기밀정보"
                }
            ]
        },
        {
            "sentence": "복원 및 백업 정책은 오프라인 환경을 고려하여 동기화 시점과 체인오브커스토디를 명확히 기록합니다.",
            "id": "sample_053_0092_000022",
            "annotations": []
        },
        {
            "sentence": "투표소 운영 중 장애 발생 시 페일오버 절차와 복구 시나리오는 별도 DR 문서에 기술됩니다.",
            "id": "sample_053_0092_000023",
            "annotations": []
        },
        {
            "sentence": "데이터 보존 기간은 법령에 따르며, 선거 종류별로 보존주기 및 폐기 절차를 메타데이터로 명시해야 합니다.",
            "id": "sample_053_0092_000024",
            "annotations": []
        },
        {
            "sentence": "통계용 집계 데이터는 비식별화된 형태로 공개하며, 원시 레코드로의 재식별 가능성을 평가한 후 승인합니다.",
            "id": "sample_053_0092_000025",
            "annotations": []
        },
        {
            "sentence": "테스트 벡터는 재현 가능한 시드 값(seed=SEED_20250101)을 포함하고, 실데이터 대신 가명·토큰화된 샘플을 사용합니다.",
            "id": "sample_053_0092_000026",
            "annotations": []
        },
        {
            "sentence": "접근 제어 로그에는 역할별 승인자 목록과 '승인자 신원' 항목이 포함되며, 예시 승인자: 채다엘, 남윤슬.",
            "id": "sample_053_0092_000027",
            "annotations": [
                {
                    "word": "채다엘",
                    "start": 50,
                    "end": 53,
                    "label": "개인정보"
                },
                {
                    "word": "남윤슬",
                    "start": 55,
                    "end": 58,
                    "label": "개인정보"
                }
            ]
        },
        {
            "sentence": "결론 및 권고: 모든 민감 데이터는 최소권한 원칙으로 접근을 제한하고, 감사 로그와 해시 값으로 무결성을 검증하도록 절차를 확정하십시오.",
            "id": "sample_053_0092_000028",
            "annotations": []
        }
    ]
}