{
    "document_id": "053_0079",
    "document_title": "지방선거 선거 및 유권자 관리 데이터 표준 및 운영지침",
    "data": [
        {
            "sentence": "이 문서는 2026년 지방선거의 선거 및 유권자 관리 데이터 표준과 운영 절차를 기술한 내부 기술문서입니다.",
            "id": "sample_053_0079_000001",
            "annotations": []
        },
        {
            "sentence": "문서는 유권자 등록부, 투표 로그, 지리정보(선거구) 및 체인오브커스토디 기록의 형식과 보존 정책을 포함합니다.",
            "id": "sample_053_0079_000002",
            "annotations": []
        },
        {
            "sentence": "데이터 무결성 확보를 위해 모든 변경 기록은 불변의 감사 로그(audit_log)로 남기고, 각 레코드에는 audit_hash와 디지털 서명을 포함합니다.",
            "id": "sample_053_0079_000003",
            "annotations": []
        },
        {
            "sentence": "감사 해시 예시로 문서에는 audit_hash: 3f5a9b2e8c7d4f6a9b0c1d2e3f4a5b6c 라고 표기합니다.",
            "id": "sample_053_0079_000004",
            "annotations": [
                {
                    "word": "audit_hash: 3f5a9b2e8c7d4f6a9b0c1d2e3f4a5b6c",
                    "start": 15,
                    "end": 59,
                    "label": "기밀정보"
                }
            ]
        },
        {
            "sentence": "디지털 서명 예시는 signature: MEUCIQDkP...BASE64== 형태로 보관하며 무결성 검증에 사용합니다.",
            "id": "sample_053_0079_000005",
            "annotations": [
                {
                    "word": "signature: MEUCIQDkP...BASE64==",
                    "start": 11,
                    "end": 42,
                    "label": "기밀정보"
                }
            ]
        },
        {
            "sentence": "유권자 레지스트리 샘플에는 이름, 성별, 생년월일, 주소 등 항목이 포함되며 개인정보는 최소화·토큰화합니다.",
            "id": "sample_053_0079_000006",
            "annotations": []
        },
        {
            "sentence": "샘플 레코드: 이름: 류세하, 생년월일: 1985-07-12, 성별: 여성, 시군구: 서울특별시 강남구.",
            "id": "sample_053_0079_000007",
            "annotations": [
                {
                    "word": "류세하",
                    "start": 12,
                    "end": 15,
                    "label": "개인정보"
                },
                {
                    "word": "1985-07-12",
                    "start": 23,
                    "end": 33,
                    "label": "준식별자"
                },
                {
                    "word": "여성",
                    "start": 39,
                    "end": 41,
                    "label": "준식별자"
                },
                {
                    "word": "서울특별시 강남구",
                    "start": 48,
                    "end": 57,
                    "label": "준식별자"
                }
            ]
        },
        {
            "sentence": "연락처 항목은 암호화 저장을 권고하며, 예시로 이메일 ryuseha@example.test과 휴대전화 010-1234-5678이 토큰화될 수 있습니다.",
            "id": "sample_053_0079_000008",
            "annotations": [
                {
                    "word": "ryuseha@example.test",
                    "start": 30,
                    "end": 50,
                    "label": "개인정보"
                },
                {
                    "word": "010-1234-5678",
                    "start": 57,
                    "end": 70,
                    "label": "개인정보"
                }
            ]
        },
        {
            "sentence": "주민등록번호는 저장하지 않으나 시험 데이터로 850712-1******와 같이 마스킹된 값만 사용합니다.",
            "id": "sample_053_0079_000009",
            "annotations": [
                {
                    "word": "850712-1******",
                    "start": 25,
                    "end": 39,
                    "label": "개인정보"
                }
            ]
        },
        {
            "sentence": "유권자 주소는 공개 데이터용으로는 시군구 단위까지 제공하고, 상세 주소(호수 포함)는 암호화된 별도 테이블에서 관리합니다.",
            "id": "sample_053_0079_000010",
            "annotations": []
        },
        {
            "sentence": "실제 투표소 상세 위치 예시: 투표소 상세주소: 서울특별시 강남구 테헤란로1길 10-5 302호 로 표기합니다.",
            "id": "sample_053_0079_000011",
            "annotations": [
                {
                    "word": "서울특별시 강남구 테헤란로1길 10-5 302호",
                    "start": 27,
                    "end": 53,
                    "label": "개인정보"
                }
            ]
        },
        {
            "sentence": "투표 트랜잭션 로그는 이벤트 단위 타임스탬프와 익명화된 유권자 토큰을 포함합니다.",
            "id": "sample_053_0079_000012",
            "annotations": []
        },
        {
            "sentence": "실시간 집계 시스템은 복제·페일오버를 통한 고가용성을 보장하며, 로그는 체인오브커스토디로 연결됩니다.",
            "id": "sample_053_0079_000013",
            "annotations": []
        },
        {
            "sentence": "체인오브커스토디 레코드는 JSON 형식으로 저장되며 예: chain_of_custody_id: COC-2026-0001, 서명자: 배한결.",
            "id": "sample_053_0079_000014",
            "annotations": [
                {
                    "word": "배한결",
                    "start": 73,
                    "end": 76,
                    "label": "개인정보"
                }
            ]
        },
        {
            "sentence": "체인오브커스토디는 서명자의 디지털 서명과 타임스탬프, 보관 위치를 기록합니다.",
            "id": "sample_053_0079_000015",
            "annotations": []
        },
        {
            "sentence": "서버 및 인프라 자산은 내부 정책상 기밀로 분류되며 예시 IP: 192.168.1.10은 내부망 주소로 기록됩니다.",
            "id": "sample_053_0079_000016",
            "annotations": [
                {
                    "word": "192.168.1.10",
                    "start": 36,
                    "end": 48,
                    "label": "기밀정보"
                }
            ]
        },
        {
            "sentence": "서효민 담당자는 데이터 이관 승인 절차를 책임지고, 역할 기반 접근제어(RBAC)가 적용됩니다.",
            "id": "sample_053_0079_000017",
            "annotations": [
                {
                    "word": "서효민",
                    "start": 0,
                    "end": 3,
                    "label": "개인정보"
                }
            ]
        },
        {
            "sentence": "감사 로그에 포함된 해시와 서명은 변경 불가성을 보장하며, audit_hash와 signature 필드는 별도 키 관리 시스템에서 암호화합니다.",
            "id": "sample_053_0079_000018",
            "annotations": []
        },
        {
            "sentence": "선거운영팀 연락처로는 내부 연계용 이메일 election-ops@example.gov을 사용하며 외부 공개용과 분리합니다.",
            "id": "sample_053_0079_000019",
            "annotations": []
        },
        {
            "sentence": "기밀 재무 항목 예시: 계좌번호: 123-456-789012, 후원금 세부내역은 접근 통제를 적용합니다.",
            "id": "sample_053_0079_000020",
            "annotations": [
                {
                    "word": "계좌번호: 123-456-789012",
                    "start": 13,
                    "end": 33,
                    "label": "기밀정보"
                }
            ]
        },
        {
            "sentence": "후보자 및 정당 등록문서는 공개 정보와 비공개 검증자료로 분리 저장합니다.",
            "id": "sample_053_0079_000021",
            "annotations": []
        },
        {
            "sentence": "후보자 샘플 목록에는 조성진(무소속), 천연조(당대표) 등이 포함되며 후보자명은 공개 공시 대상입니다.",
            "id": "sample_053_0079_000022",
            "annotations": [
                {
                    "word": "조성진",
                    "start": 12,
                    "end": 15,
                    "label": "개인정보"
                },
                {
                    "word": "천연조",
                    "start": 22,
                    "end": 25,
                    "label": "개인정보"
                }
            ]
        },
        {
            "sentence": "투표소 배정 표본: 투표소 코드 PS-1001, 책임자 오태용, 보조인력: 김옥.",
            "id": "sample_053_0079_000023",
            "annotations": [
                {
                    "word": "오태용",
                    "start": 31,
                    "end": 34,
                    "label": "개인정보"
                },
                {
                    "word": "김옥",
                    "start": 42,
                    "end": 44,
                    "label": "개인정보"
                }
            ]
        },
        {
            "sentence": "부재자 및 우편 투표 요청서는 신청인의 접수일시와 신청서 스캔본을 링크로 보관합니다.",
            "id": "sample_053_0079_000024",
            "annotations": []
        },
        {
            "sentence": "신청서 메타데이터는 익명화된 토큰을 이용해 연구용 통계로 제공하며, 재식별 위험을 제거합니다.",
            "id": "sample_053_0079_000025",
            "annotations": []
        },
        {
            "sentence": "모의 테스트 데이터는 재현 가능한 시드(seed=42)를 기록하되 실제 개인정보를 포함하지 않습니다.",
            "id": "sample_053_0079_000026",
            "annotations": []
        },
        {
            "sentence": "로그의 보존 주기는 메타데이터 필드에 보존기간: 10년으로 명시하며, 법적 요구에 따라 삭제 절차를 수행합니다.",
            "id": "sample_053_0079_000027",
            "annotations": []
        },
        {
            "sentence": "감사 가능성을 확보하기 위해 모든 변경에는 audit_log 항목과 audit_hash: 7a8b9c0d1e2f3a4b5c6d7e8f9a0b1c2d 추가로 기록됩니다.",
            "id": "sample_053_0079_000028",
            "annotations": [
                {
                    "word": "audit_hash: 7a8b9c0d1e2f3a4b5c6d7e8f9a0b1c2d",
                    "start": 38,
                    "end": 82,
                    "label": "기밀정보"
                }
            ]
        },
        {
            "sentence": "감사 서명자 명단에는 성채이, 하혜온이 포함되어 있으며, 서명 기록은 디지털 서명으로 검증됩니다.",
            "id": "sample_053_0079_000029",
            "annotations": [
                {
                    "word": "성채이",
                    "start": 12,
                    "end": 15,
                    "label": "개인정보"
                },
                {
                    "word": "하혜온",
                    "start": 17,
                    "end": 20,
                    "label": "개인정보"
                }
            ]
        },
        {
            "sentence": "문서 마지막에는 데이터 제공 범위와 접근 권한 정책을 요약하고, 연구용 데이터 요청 절차를 기술합니다.",
            "id": "sample_053_0079_000030",
            "annotations": []
        }
    ]
}