{
    "document_id": "053_0047",
    "document_title": "선거 및 유권자 관리 감사 및 데이터 사양서",
    "data": [
        {
            "sentence": "이 문서는 선거 및 유권자 관리 시스템의 감사와 데이터 사양을 기술한 공식 문서입니다.",
            "id": "sample_053_0047_000001",
            "annotations": []
        },
        {
            "sentence": "문서는 유권자 등록, 투표 로그, 감사 로그, 체인오브커스토디 문서 등 운영·보존 정책을 포함합니다.",
            "id": "sample_053_0047_000002",
            "annotations": []
        },
        {
            "sentence": "첨부 데이터 세트에는 voter_registry.csv, precinct_map.geojson, ballot_definition.json 등의 파일 정의가 명시되어 있습니다.",
            "id": "sample_053_0047_000003",
            "annotations": []
        },
        {
            "sentence": "문서의 목적은 데이터 무결성, 접근제어, 보존주기, 익명화 전략 및 감사 절차를 표준화하는 데 있습니다.",
            "id": "sample_053_0047_000004",
            "annotations": []
        },
        {
            "sentence": "유권자 레지스트리 샘플은 PII 토큰화 원칙에 따라 제공되며 예시 레코드: 이름=곽소망(토큰:PII_TKN_0001), 성별=여성, 생년월일=1988-03-22, 주소=서울특별시 강남구 대치동, 연락처=REDACTED_PHONE_0001.",
            "id": "sample_053_0047_000005",
            "annotations": [
                {
                    "word": "곽소망(토큰:PII_TKN_0001)",
                    "start": 45,
                    "end": 65,
                    "label": "개인정보"
                },
                {
                    "word": "여성",
                    "start": 70,
                    "end": 72,
                    "label": "준식별자"
                },
                {
                    "word": "1988-03-22",
                    "start": 79,
                    "end": 89,
                    "label": "준식별자"
                },
                {
                    "word": "서울특별시 강남구 대치동",
                    "start": 94,
                    "end": 107,
                    "label": "준식별자"
                },
                {
                    "word": "REDACTED_PHONE_0001",
                    "start": 113,
                    "end": 132,
                    "label": "개인정보"
                }
            ]
        },
        {
            "sentence": "주민등록번호는 레코드에 원형으로 저장되지 않으며 예: RRN_TKN_0001로 대체되어 암호화된 키와 연동됩니다.",
            "id": "sample_053_0047_000006",
            "annotations": [
                {
                    "word": "RRN_TKN_0001",
                    "start": 30,
                    "end": 42,
                    "label": "개인정보"
                }
            ]
        },
        {
            "sentence": "모든 PII 토큰과 역식별 키는 별도 키관리 시스템에 암호화하여 보관하고 접근 로그를 남깁니다.",
            "id": "sample_053_0047_000007",
            "annotations": []
        },
        {
            "sentence": "투표 트랜잭션 로그(vote_transaction_log.csv)는 이벤트 레벨로 타임스탬프, 트랜잭션 해시 및 상태를 기록하며 변경 불가능한 감사 로그를 생성합니다.",
            "id": "sample_053_0047_000008",
            "annotations": []
        },
        {
            "sentence": "감사 레코드는 각 레코드별 audit_hash와 디지털 서명을 포함하여 무결성 검증이 가능하도록 설계됩니다.",
            "id": "sample_053_0047_000009",
            "annotations": []
        },
        {
            "sentence": "체인오브커스토디 기록은 인계·인수 시간, 담당자 토큰, 서명 메타데이터를 포함하며 전자서명 규격을 명시합니다.",
            "id": "sample_053_0047_000010",
            "annotations": []
        },
        {
            "sentence": "서명자 예시: 담당자=한윤교(토큰:PII_TKN_0002), 서명(SIG_한윤교_2025)로 기록되어 체인오브커스토디와 연결됩니다.",
            "id": "sample_053_0047_000011",
            "annotations": [
                {
                    "word": "한윤교(토큰:PII_TKN_0002)",
                    "start": 12,
                    "end": 32,
                    "label": "개인정보"
                },
                {
                    "word": "SIG_한윤교_2025",
                    "start": 37,
                    "end": 49,
                    "label": "기밀정보"
                }
            ]
        },
        {
            "sentence": "운영 지침에는 비공개 결재선 정보와 역할 기반 접근 제어(RBAC) 정책이 포함되어 있으며 이는 기밀로 분류됩니다.",
            "id": "sample_053_0047_000012",
            "annotations": []
        },
        {
            "sentence": "기술 보안 항목 예시로 내부 서버 IP=10.10.10.5, VPN 주소=vpn.internal.election.local, SSO 엔드포인트=https://sso.internal 을 내부 기밀 정보로 관리합니다.",
            "id": "sample_053_0047_000013",
            "annotations": [
                {
                    "word": "10.10.10.5",
                    "start": 22,
                    "end": 32,
                    "label": "기밀정보"
                },
                {
                    "word": "vpn.internal.election.local",
                    "start": 41,
                    "end": 68,
                    "label": "기밀정보"
                },
                {
                    "word": "https://sso.internal",
                    "start": 80,
                    "end": 100,
                    "label": "기밀정보"
                }
            ]
        },
        {
            "sentence": "시스템 접속 계정은 로그에 계정 아이디 대신 계정 토큰(account_TKN_001)을 기록하여 직접 노출을 방지합니다.",
            "id": "sample_053_0047_000014",
            "annotations": [
                {
                    "word": "account_TKN_001",
                    "start": 31,
                    "end": 46,
                    "label": "기밀정보"
                }
            ]
        },
        {
            "sentence": "투표소 배치 파일(polling_station_assignment.csv)은 투표소 코드와 위치 좌표를 포함하며 공개용 집계와 내부 상세를 분리합니다.",
            "id": "sample_053_0047_000015",
            "annotations": []
        },
        {
            "sentence": "선거구 지도(precinct_map.geojson)는 버전별 관리가 필수이며 경계 변경 시 변경 사유, 작성자, 타임스탬프 메타데이터를 기록합니다.",
            "id": "sample_053_0047_000016",
            "annotations": []
        },
        {
            "sentence": "부재자·우편투표 요청서(absentee_ballot_request_form.pdf)는 신청 정보와 체인오브커스토디 기록을 연결하여 추적가능성을 확보합니다.",
            "id": "sample_053_0047_000017",
            "annotations": []
        },
        {
            "sentence": "부재자 예시: 신청인 이름=민근호(토큰:PII_TKN_0003), 연락처=REDACTED_PHONE_0002, 이메일=REDACTED_EMAIL_0001 로 토큰화하여 처리합니다.",
            "id": "sample_053_0047_000018",
            "annotations": [
                {
                    "word": "민근호(토큰:PII_TKN_0003)",
                    "start": 15,
                    "end": 35,
                    "label": "개인정보"
                },
                {
                    "word": "REDACTED_PHONE_0002",
                    "start": 41,
                    "end": 60,
                    "label": "개인정보"
                },
                {
                    "word": "REDACTED_EMAIL_0001",
                    "start": 66,
                    "end": 85,
                    "label": "개인정보"
                }
            ]
        },
        {
            "sentence": "익명화 전략은 k-익명성·l-다양성 기준을 적용하되 준식별자 조합에 의한 재식별 위험을 별도 분석절차로 점검합니다.",
            "id": "sample_053_0047_000019",
            "annotations": []
        },
        {
            "sentence": "준식별자 예시 필드로는 성별, 출생연도(예:1982), 시군구=부산광역시 해운대구, 직업=교사 등이 있으며 이들 조합의 재식별 위험을 관리합니다.",
            "id": "sample_053_0047_000020",
            "annotations": [
                {
                    "word": "1982",
                    "start": 24,
                    "end": 28,
                    "label": "준식별자"
                },
                {
                    "word": "부산광역시 해운대구",
                    "start": 35,
                    "end": 45,
                    "label": "준식별자"
                },
                {
                    "word": "교사",
                    "start": 50,
                    "end": 52,
                    "label": "준식별자"
                }
            ]
        },
        {
            "sentence": "통계용 집계 데이터(turnout_statistics.csv)는 개인식별 정보를 제거하고 연령구간, 지역구간 단위 집계로 공개합니다.",
            "id": "sample_053_0047_000021",
            "annotations": []
        },
        {
            "sentence": "캠페인 재무 보고(campaign_finance_report.csv)는 법적 공개범위를 준수하며 미공개 후원금 세부내역은 내부 기밀로 관리합니다.",
            "id": "sample_053_0047_000022",
            "annotations": []
        },
        {
            "sentence": "체인오브커스토디 보존 주기는 메타데이터로 명시하며 예: 보존기간=5년, 삭제 절차는 법적 검토 후 감사 로그와 함께 수행합니다.",
            "id": "sample_053_0047_000023",
            "annotations": []
        },
        {
            "sentence": "실시간 집계 시스템은 복제·페일오버 전략으로 고가용성을 유지하며 장애 복구 시 감사로그 무결성 우선 복구 원칙을 적용합니다.",
            "id": "sample_053_0047_000024",
            "annotations": []
        },
        {
            "sentence": "감사 절차 샘플에서는 로그 검증 시 저장된 audit_hash와 전자서명을 대조하여 레코드 무결성을 확인합니다.",
            "id": "sample_053_0047_000025",
            "annotations": []
        },
        {
            "sentence": "운영 연락처 예시로 관리담당자=노윤건(토큰:PII_TKN_0004), 내부 확장 연락처=REDACTED_PHONE_0003 가 내부 문서에 기록됩니다.",
            "id": "sample_053_0047_000026",
            "annotations": [
                {
                    "word": "노윤건(토큰:PII_TKN_0004)",
                    "start": 17,
                    "end": 37,
                    "label": "개인정보"
                },
                {
                    "word": "REDACTED_PHONE_0003",
                    "start": 49,
                    "end": 68,
                    "label": "개인정보"
                }
            ]
        },
        {
            "sentence": "테스트 데이터 생성 시 재현 가능한 시드(seed=20250101)를 명시하고 실데이터와의 엄격한 분리를 기술합니다.",
            "id": "sample_053_0047_000027",
            "annotations": []
        },
        {
            "sentence": "로그·체인오브커스토디 문서는 법적 증빙으로 활용될 수 있으므로 포맷, 타임스탬프 규칙, 전자서명 규격을 문서화합니다.",
            "id": "sample_053_0047_000028",
            "annotations": []
        },
        {
            "sentence": "법적 보존기간 및 삭제 정책은 국가별 선거법을 검토하여 지역별로 보존주기와 폐기 절차를 메타데이터로 포함합니다.",
            "id": "sample_053_0047_000029",
            "annotations": []
        },
        {
            "sentence": "행동 항목: 민감 데이터는 항상 비식별화된 형태로 외부 제공하며 내부 접근은 최소권한 원칙으로 RBAC을 적용합니다.",
            "id": "sample_053_0047_000030",
            "annotations": []
        },
        {
            "sentence": "후보자 명부 예시(candidate_list.json): 후보ID=CAND_001, 이름=배세인(토큰:PII_TKN_0005), 정당=무소속 로 표준화합니다.",
            "id": "sample_053_0047_000031",
            "annotations": [
                {
                    "word": "배세인(토큰:PII_TKN_0005)",
                    "start": 50,
                    "end": 70,
                    "label": "개인정보"
                }
            ]
        },
        {
            "sentence": "캠페인 연락처 기록 예: 담당자 김서유(토큰:PII_TKN_0006), 이메일=REDACTED_EMAIL_0002 로 소유권과 접근권한을 분리합니다.",
            "id": "sample_053_0047_000032",
            "annotations": [
                {
                    "word": "김서유(토큰:PII_TKN_0006)",
                    "start": 18,
                    "end": 38,
                    "label": "개인정보"
                },
                {
                    "word": "REDACTED_EMAIL_0002",
                    "start": 44,
                    "end": 63,
                    "label": "개인정보"
                }
            ]
        }
    ]
}