{
    "document_id": "053_0072",
    "document_title": "선거 및 유권자 관리 통합 데이터 설계 및 개인정보 보호 지침",
    "data": [
        {
            "sentence": "본 문서는 선거 및 유권자 관리 도메인의 데이터 모델, 보안 요구사항, 감사 절차 및 비식별화 전략을 통합적으로 제시합니다.",
            "id": "sample_053_0072_000001",
            "annotations": []
        },
        {
            "sentence": "문서 범위는 유권자 레지스트리, 투표 로그, 지리공간 데이터, 체인오브커스토디, 캠페인 재무자료 및 관련 감사 기록을 포함합니다.",
            "id": "sample_053_0072_000002",
            "annotations": []
        },
        {
            "sentence": "본 지침은 GDPR 및 국내 선거법 등 관련 법규를 고려하여 데이터 보존·삭제 정책과 접근통제 원칙을 규정합니다.",
            "id": "sample_053_0072_000003",
            "annotations": []
        },
        {
            "sentence": "요구 파일 인벤토리는 voter_registry.csv, precinct_map.geojson, ballot_definition.json, vote_transaction_log.csv를 포함합니다.",
            "id": "sample_053_0072_000004",
            "annotations": []
        },
        {
            "sentence": "추가 파일로서 voter_authentication_event.log, polling_station_assignment.csv, absentee_ballot_request_form.pdf, chain_of_custody_record.json, turnout_statistics.csv, candidate_list.json, campaign_finance_report.csv를 관리합니다.",
            "id": "sample_053_0072_000005",
            "annotations": []
        },
        {
            "sentence": "유권자 레지스트리 필드 예시: name, voter_id(tokenized), 주소, 생년월일(분리), 성별, 연락처, 등록일 등이며, 예시 유권자 배푸름은 토큰 voter_0001로 레지스트리에 등록되어 있습니다.",
            "id": "sample_053_0072_000006",
            "annotations": [
                {
                    "word": "배푸름",
                    "start": 83,
                    "end": 86,
                    "label": "개인정보"
                }
            ]
        },
        {
            "sentence": "연락처 원본은 강력한 암호화 하에 보관되며 저장 예시는 010-1234-5678이 마스킹되어 저장되는 절차를 거칩니다.",
            "id": "sample_053_0072_000007",
            "annotations": [
                {
                    "word": "010-1234-5678",
                    "start": 31,
                    "end": 44,
                    "label": "개인정보"
                }
            ]
        },
        {
            "sentence": "주소 필드는 상세주소(예: 서울특별시 서대문구 연희동 123-45)를 토큰화 및 분해하여 [시][군구][동] 단위로 필요한 수준까지만 집계합니다.",
            "id": "sample_053_0072_000008",
            "annotations": [
                {
                    "word": "서울특별시 서대문구 연희동 123-45",
                    "start": 15,
                    "end": 36,
                    "label": "개인정보"
                }
            ]
        },
        {
            "sentence": "생년월일은 보관 시 연-월-일 단위로 분리하여 준식별자 관점에서 통계 제공 시 재식별 위험을 평가합니다; 예시값은 [년:1985],[월:05],[일:21]입니다.",
            "id": "sample_053_0072_000009",
            "annotations": [
                {
                    "word": "1985",
                    "start": 67,
                    "end": 71,
                    "label": "준식별자"
                },
                {
                    "word": "05",
                    "start": 76,
                    "end": 78,
                    "label": "준식별자"
                },
                {
                    "word": "21",
                    "start": 83,
                    "end": 85,
                    "label": "준식별자"
                }
            ]
        },
        {
            "sentence": "유권자 이의제기 및 검증 로그 예시로 오현담(토큰 voter_0002)이 제출한 자료와 처리 기록을 추적 가능하게 기록합니다.",
            "id": "sample_053_0072_000010",
            "annotations": [
                {
                    "word": "오현담",
                    "start": 21,
                    "end": 24,
                    "label": "개인정보"
                }
            ]
        },
        {
            "sentence": "유권자 연락수단으로 기재된 이메일 예시 ohd@example.gov는 공개 전 해시 또는 토큰으로 대체하여 저장합니다.",
            "id": "sample_053_0072_000011",
            "annotations": [
                {
                    "word": "ohd@example.gov",
                    "start": 22,
                    "end": 37,
                    "label": "개인정보"
                }
            ]
        },
        {
            "sentence": "주소 집계 예시는 시군구 수준으로 '강남구'와 같이 집계하여 통계용 데이터셋에서는 준식별자 처리 규칙을 적용합니다.",
            "id": "sample_053_0072_000012",
            "annotations": [
                {
                    "word": "강남구",
                    "start": 20,
                    "end": 23,
                    "label": "준식별자"
                }
            ]
        },
        {
            "sentence": "성별 정보는 '성별: 여성'처럼 레코드에 존재할 수 있으며 단독 또는 결합 시 재식별 위험을 평가해야 하는 준식별자 항목입니다.",
            "id": "sample_053_0072_000013",
            "annotations": [
                {
                    "word": "여성",
                    "start": 12,
                    "end": 14,
                    "label": "준식별자"
                }
            ]
        },
        {
            "sentence": "직업은 조사 항목으로 수집될 수 있으며 예시값 '직업: 교사'는 다른 준식별자와 결합 시 보호대책을 필요로 합니다.",
            "id": "sample_053_0072_000014",
            "annotations": [
                {
                    "word": "교사",
                    "start": 31,
                    "end": 33,
                    "label": "준식별자"
                }
            ]
        },
        {
            "sentence": "본 문서의 후보자 예시에는 진윤진의 등록 절차 및 공개 범위를 설명하는 항목을 포함합니다.",
            "id": "sample_053_0072_000015",
            "annotations": [
                {
                    "word": "진윤진",
                    "start": 15,
                    "end": 18,
                    "label": "개인정보"
                }
            ]
        },
        {
            "sentence": "국적 필드는 '국적: 대한민국'과 같이 표기되며 인구 통계용 집계 시 준식별자 분류 기준을 따릅니다.",
            "id": "sample_053_0072_000016",
            "annotations": [
                {
                    "word": "대한민국",
                    "start": 12,
                    "end": 16,
                    "label": "준식별자"
                }
            ]
        },
        {
            "sentence": "시스템 보안 항목으로 접속 로그에 기록되는 서버 IP 예시 192.0.2.10은 내부 기밀정보로 분류하여 외부 공개를 금지합니다.",
            "id": "sample_053_0072_000017",
            "annotations": [
                {
                    "word": "192.0.2.10",
                    "start": 33,
                    "end": 43,
                    "label": "기밀정보"
                }
            ]
        },
        {
            "sentence": "운영 계정 예시 'admin_election'과 같은 시스템 계정은 권한관리 대상이며 계정명 자체가 기밀정보로 보호되어야 합니다.",
            "id": "sample_053_0072_000018",
            "annotations": [
                {
                    "word": "admin_election",
                    "start": 10,
                    "end": 24,
                    "label": "기밀정보"
                }
            ]
        },
        {
            "sentence": "데이터베이스 내부 경로 예시 '/var/lib/election/db/registry.sqlite'는 보안상 기밀로 취급하며 접근 로그를 별도 감사합니다.",
            "id": "sample_053_0072_000019",
            "annotations": [
                {
                    "word": "/var/lib/election/db/registry.sqlite",
                    "start": 17,
                    "end": 53,
                    "label": "기밀정보"
                }
            ]
        },
        {
            "sentence": "선거자금 보고서의 민감 항목으로 계좌번호 예시 '계좌번호: 123-456-789012'는 저장 시 즉시 암호화하고 접근 제어를 적용해야 합니다.",
            "id": "sample_053_0072_000020",
            "annotations": [
                {
                    "word": "123-456-789012",
                    "start": 33,
                    "end": 47,
                    "label": "기밀정보"
                }
            ]
        },
        {
            "sentence": "내부 결재선 기록에는 '승인 담당자: 배용일'과 같은 항목이 포함되며 해당 문구는 조직 운영 기밀 및 개인정보적 속성을 동시에 갖습니다.",
            "id": "sample_053_0072_000021",
            "annotations": [
                {
                    "word": "배용일",
                    "start": 21,
                    "end": 24,
                    "label": "기밀정보"
                }
            ]
        },
        {
            "sentence": "투표소 배치 문서에는 연희초등학교 체육관의 상세 위치 예시 '연희초등학교 체육관, 서대문구 연희로 45'가 포함되어 공개 시 비식별화 규칙을 적용합니다.",
            "id": "sample_053_0072_000022",
            "annotations": [
                {
                    "word": "연희초등학교 체육관, 서대문구 연희로 45",
                    "start": 34,
                    "end": 57,
                    "label": "개인정보"
                }
            ]
        },
        {
            "sentence": "유권자 고유식별자 예시 '유권자등록번호: VR-2025-0001'은 단일 키로서 개인정보에 해당하며 마스킹·토큰화를 권장합니다.",
            "id": "sample_053_0072_000023",
            "annotations": [
                {
                    "word": "VR-2025-0001",
                    "start": 23,
                    "end": 35,
                    "label": "개인정보"
                }
            ]
        },
        {
            "sentence": "감사 로그 표준은 audit_hash, timestamp, digital_signature 필드를 포함하며 변경 불가능성 및 검증 가능성을 우선합니다.",
            "id": "sample_053_0072_000024",
            "annotations": []
        },
        {
            "sentence": "감사 로그의 접근은 최소 권한 원칙에 따라 역할 기반 접근제어(RBAC)로 제한하며 모든 변경은 불변 로그로 남깁니다.",
            "id": "sample_053_0072_000025",
            "annotations": []
        },
        {
            "sentence": "체인오브커스토디 문서는 보존 주기와 삭제 절차를 메타데이터에 포함하여 법적 증빙으로 활용 가능한 수준으로 관리합니다.",
            "id": "sample_053_0072_000026",
            "annotations": []
        },
        {
            "sentence": "시뮬레이션 데이터는 재현 가능한 시드 및 통계적 합리성을 가지되 재식별 위험 제거를 위해 개인식별 정보는 제거 또는 강력히 토큰화합니다.",
            "id": "sample_053_0072_000027",
            "annotations": []
        },
        {
            "sentence": "후보자 공개 목록 예시로 '후보자: 류태민'이 등재되며 공개 정보와 비공개 자료의 분리는 선거 투명성과 개인정보 보호 균형을 고려합니다.",
            "id": "sample_053_0072_000028",
            "annotations": [
                {
                    "word": "류태민",
                    "start": 20,
                    "end": 23,
                    "label": "개인정보"
                }
            ]
        },
        {
            "sentence": "캠페인 재무 보고서 샘플에는 기부 금액, 기부자 식별자 및 집계 통계가 포함되며 개인 기부자 식별자는 비공개로 처리합니다.",
            "id": "sample_053_0072_000029",
            "annotations": []
        },
        {
            "sentence": "결론 및 권고: 모든 개인식별정보는 토큰화·암호화하고 접근은 역할 기반으로 제한하며 변경 기록은 audit_hash와 디지털 서명으로 검증 가능하도록 구현해야 합니다.",
            "id": "sample_053_0072_000030",
            "annotations": []
        }
    ]
}