{
    "document_id": "019_0015",
    "document_title": "2025년 11월 환경 모니터링 운영 및 점검보고서",
    "data": [
        {
            "sentence": "본 문서는 2025-11-05T09:30:00+09:00에 수집된 환경 모니터링 운영보고서로, 대기·수질·토양·소음 자료 및 관련 메타데이터를 포함합니다.",
            "id": "sample_019_0015_000001",
            "annotations": []
        },
        {
            "sentence": "보고서 작성 책임자는 주서후이며 연락처는 010-1234-5678, 이메일은 juseohu@envlab.kr로 명시합니다.",
            "id": "sample_019_0015_000002",
            "annotations": [
                {
                    "word": "주서후",
                    "start": 12,
                    "end": 15,
                    "label": "개인정보"
                },
                {
                    "word": "010-1234-5678",
                    "start": 23,
                    "end": 36,
                    "label": "개인정보"
                },
                {
                    "word": "juseohu@envlab.kr",
                    "start": 43,
                    "end": 60,
                    "label": "개인정보"
                }
            ]
        },
        {
            "sentence": "담당 기술자 정도경의 사번은 2023-0017이며 소속은 한국환경연구소 환경측정팀입니다.",
            "id": "sample_019_0015_000003",
            "annotations": [
                {
                    "word": "정도경",
                    "start": 7,
                    "end": 10,
                    "label": "개인정보"
                },
                {
                    "word": "2023-0017",
                    "start": 16,
                    "end": 25,
                    "label": "개인정보"
                },
                {
                    "word": "한국환경연구소",
                    "start": 32,
                    "end": 39,
                    "label": "준식별자"
                }
            ]
        },
        {
            "sentence": "현장 관측소 위치는 WGS84 기준으로 위도 37.4979, 경도 127.0276, 고도 38.2 m이며 행정구역 표기는 서울특별시 강남구로 기록합니다.",
            "id": "sample_019_0015_000004",
            "annotations": [
                {
                    "word": "서울특별시 강남구",
                    "start": 68,
                    "end": 77,
                    "label": "준식별자"
                }
            ]
        },
        {
            "sentence": "사유지에 설치된 이동형 센서는 익명화 처리되어 'PrivateSite_A'로 표기되며 대체 행정구역은 서울특별시 강남구 역삼동으로 축약 표기됩니다.",
            "id": "sample_019_0015_000005",
            "annotations": [
                {
                    "word": "서울특별시 강남구 역삼동",
                    "start": 57,
                    "end": 70,
                    "label": "준식별자"
                }
            ]
        },
        {
            "sentence": "대기질 측정 센서 PM_Sensor_07의 제조사는 AeroSense, 모델 AS-100이며 센서ID는 SN-0007입니다.",
            "id": "sample_019_0015_000006",
            "annotations": []
        },
        {
            "sentence": "PM2.5 관측값(평균, 2025-11-05T09:00:00+09:00~2025-11-05T10:00:00+09:00)은 58 µg/m3로, 품질 플래그는 flagged이며 노후 센서 드리프트 의심이 기록되었습니다.",
            "id": "sample_019_0015_000007",
            "annotations": []
        },
        {
            "sentence": "센서 캘리브레이션 이력: SN-0007은 2025-10-20T14:15:00+09:00에 보정되었고 교정계수(k)=1.03, 보정기관은 한국환경측정교정원입니다.",
            "id": "sample_019_0015_000008",
            "annotations": []
        },
        {
            "sentence": "캘리브레이션 후 검증 로그는 2025-10-21T08:00:00+09:00에 자동으로 기록되었고 검증자 필드에는 조경숙 이름으로 서명이 남아 있습니다.",
            "id": "sample_019_0015_000009",
            "annotations": [
                {
                    "word": "조경숙",
                    "start": 63,
                    "end": 66,
                    "label": "개인정보"
                }
            ]
        },
        {
            "sentence": "수질 시료는 현장 채수 후 실험실로 이송되어 분석되었으며 분석 일시 2025-11-04T16:40:00+09:00, 분석기관은 국립수질분석센터입니다.",
            "id": "sample_019_0015_000010",
            "annotations": []
        },
        {
            "sentence": "하천 수질 결과: pH 7.4, DO 8.2 mg/L, BOD5 2.1 mg/L, COD 5.6 mg/L, 납(Pb) 0.012 mg/L, 카드뮴(Cd) 0.0004 mg/L로 규제기준을 준수합니다.",
            "id": "sample_019_0015_000011",
            "annotations": []
        },
        {
            "sentence": "토양 분석 지점 토양_03의 GPS 좌표는 위도 35.1796, 경도 129.0756이며 표층(0-15 cm) 납 농도는 65 mg/kg으로 규제기준 이내입니다.",
            "id": "sample_019_0015_000012",
            "annotations": []
        },
        {
            "sentence": "기상 관측은 자동기상관측장비(AWS)로 진행되며 2025-11-05T09:30:00+09:00 기준 기온 15.6 ℃, 상대습도 62 %, 강수량 0.0 mm, 풍속 2.4 m/s, 풍향 270°입니다.",
            "id": "sample_019_0015_000013",
            "annotations": []
        },
        {
            "sentence": "소음 측정 결과: LAeq(1h) 63 dB, Lmax 88 dB로 산업지역 기준을 일부 초과하였고 이벤트는 2025-11-05T09:15:00+09:00에 기록되었습니다.",
            "id": "sample_019_0015_000014",
            "annotations": []
        },
        {
            "sentence": "원격탐사 이미지 메타데이터: 이미지ID IMG_DRONE_20251105_001, 플랫폼 드론, 해상도 0.05 m/px, 촬영시각 2025-11-05T08:45:12+09:00, 출처 운영팀 드론으로 기재합니다.",
            "id": "sample_019_0015_000015",
            "annotations": []
        },
        {
            "sentence": "랩 데이터 원본 파일 경로는 /srv/prod/data/2025/raw/pm25.bin이며 내부 접근 로그에는 접속자 계정 svc_env_monitor가 기재되어 있습니다.",
            "id": "sample_019_0015_000016",
            "annotations": [
                {
                    "word": "/srv/prod/data/2025/raw/pm25.bin",
                    "start": 16,
                    "end": 48,
                    "label": "기밀정보"
                },
                {
                    "word": "svc_env_monitor",
                    "start": 69,
                    "end": 84,
                    "label": "기밀정보"
                }
            ]
        },
        {
            "sentence": "네트워크 모니터링에서 수집된 장비 IP는 192.168.0.12로 나타났으며 해당 장비는 데이터 수집 게이트웨이입니다.",
            "id": "sample_019_0015_000017",
            "annotations": [
                {
                    "word": "192.168.0.12",
                    "start": 23,
                    "end": 35,
                    "label": "기밀정보"
                }
            ]
        },
        {
            "sentence": "보정 기록과 원본 데이터는 불변 로그로 보관되며 SHA256 해시값과 ISO8601 타임스탬프가 포함되어 감사추적성(provenance)을 확보합니다.",
            "id": "sample_019_0015_000018",
            "annotations": []
        },
        {
            "sentence": "위반 사례 분석: 2025-11-05T09:00:00+09:00 기준 PM2.5가 규제기준 50 µg/m3를 초과한 원인으로 인근 공사와 기상정체가 복합적으로 작용한 것으로 판단됩니다.",
            "id": "sample_019_0015_000019",
            "annotations": []
        },
        {
            "sentence": "현장 기록 노트에는 현장책임자 류영채가 공사 작업 허가서(번호: PROJ-2025-77)을 확인했다고 기재되어 있습니다.",
            "id": "sample_019_0015_000020",
            "annotations": [
                {
                    "word": "류영채",
                    "start": 17,
                    "end": 20,
                    "label": "개인정보"
                },
                {
                    "word": "PROJ-2025-77",
                    "start": 36,
                    "end": 48,
                    "label": "기밀정보"
                }
            ]
        },
        {
            "sentence": "데이터 품질 지표: validated 72%, provisional 18%, missing 10%로 시간대별 가중치 보정을 적용하였고 보정 로그는 2025-11-05T11:00:00+09:00에 기록되었습니다.",
            "id": "sample_019_0015_000021",
            "annotations": []
        },
        {
            "sentence": "비상 알람 로그에는 조란 담당자가 2025-11-05T09:20:00+09:00에 현장 출동을 지시했다고 기재되어 있으며 연락처는 내부명부에만 보관됩니다.",
            "id": "sample_019_0015_000022",
            "annotations": [
                {
                    "word": "조란",
                    "start": 11,
                    "end": 13,
                    "label": "개인정보"
                }
            ]
        },
        {
            "sentence": "보안 관련 내부 문서 접근 경로는 \\\\internal\\\\env\\\\reports\\\\2025\\\\confidential.pdf로 표기되어 있으며 접근권한은 최소권한 원칙으로 관리됩니다.",
            "id": "sample_019_0015_000023",
            "annotations": [
                {
                    "word": "\\\\internal\\\\env\\\\reports\\\\2025\\\\confidential.pdf",
                    "start": 19,
                    "end": 67,
                    "label": "기밀정보"
                }
            ]
        },
        {
            "sentence": "재무 항목: 현장 대응 비용 처리 계좌번호는 110-123-456789로 내부 결재 전용으로 표시되어 있습니다.",
            "id": "sample_019_0015_000024",
            "annotations": [
                {
                    "word": "110-123-456789",
                    "start": 25,
                    "end": 39,
                    "label": "기밀정보"
                }
            ]
        },
        {
            "sentence": "규제보고용 연간보고서는 2025년 기준으로 정영우 검토 후 제출 예정이며 제출일은 2026-01-15T10:00:00+09:00로 계획되어 있습니다.",
            "id": "sample_019_0015_000025",
            "annotations": [
                {
                    "word": "정영우",
                    "start": 24,
                    "end": 27,
                    "label": "개인정보"
                }
            ]
        },
        {
            "sentence": "데이터 익명화 정책: 민감 위치는 반경 50 m 단위로 좌표를 소수점 셋째자리에서 반올림하여 공개합니다.",
            "id": "sample_019_0015_000026",
            "annotations": []
        },
        {
            "sentence": "센서 메타데이터에는 제조사, 모델, 센서오차(±2.5%), 드리프트 추정치(월 0.8%) 및 교정주기(6개월)가 포함되어 추적 가능합니다.",
            "id": "sample_019_0015_000027",
            "annotations": []
        },
        {
            "sentence": "추천 조치: PM2.5 초과 구간에 대해 단기적 통행제한 권고와 2025-11-06T08:00:00+09:00에 추가 측정 회의를 실시하도록 권고합니다.",
            "id": "sample_019_0015_000028",
            "annotations": []
        },
        {
            "sentence": "사무실 상세 주소: 서울특별시 강남구 테헤란로 12-34 (2층)으로 기재되어 있으며 해당 상세 주소는 개인정보로 분류됩니다.",
            "id": "sample_019_0015_000029",
            "annotations": [
                {
                    "word": "서울특별시 강남구 테헤란로 12-34 (2층)",
                    "start": 11,
                    "end": 36,
                    "label": "개인정보"
                }
            ]
        }
    ]
}