{
    "document_id": "019_0053",
    "document_title": "도심권 통합 환경 모니터링 종합보고서(정기관측 및 비상대응 로그 포함)",
    "data": [
        {
            "sentence": "본 문서는 도심권 고정·이동형 센서 네트워크와 실험실 분석을 통합한 환경 모니터링 결과를 정리한 정기보고서이며 비상대응 로그를 포함합니다.",
            "id": "sample_019_0053_000001",
            "annotations": []
        },
        {
            "sentence": "보고서 작성 책임자는 담당자 노윤검이며 현장 검증 및 데이터 품질 관리를 총괄합니다.",
            "id": "sample_019_0053_000002",
            "annotations": [
                {
                    "word": "노윤검",
                    "start": 16,
                    "end": 19,
                    "label": "개인정보"
                }
            ]
        },
        {
            "sentence": "현장 운영 담당 기술자 중 점검·캘리브레이션 로그를 담당한 엔지니어는 원희건으로, 캘리브레이션 보고서에 서명이 포함되어 있습니다.",
            "id": "sample_019_0053_000003",
            "annotations": [
                {
                    "word": "원희건",
                    "start": 39,
                    "end": 42,
                    "label": "개인정보"
                }
            ]
        },
        {
            "sentence": "관측 기간은 2025-06-01T00:00:00+09:00부터 2025-06-30T23:59:59+09:00까지이며 모든 시점 표기는 ISO8601 및 KST(UTC+09:00)로 기록되었습니다.",
            "id": "sample_019_0053_000004",
            "annotations": []
        },
        {
            "sentence": "대기질 관측 지점 A(SensorID: SEN-AQ-0001)는 WGS84 좌표 37.4985N, 127.0276E, 고도 35.0 m에 설치되었으며 위치 정밀도는 약 20 m입니다.",
            "id": "sample_019_0053_000005",
            "annotations": []
        },
        {
            "sentence": "대기 오염 항목은 PM2.5(µg·m-3), PM10(µg·m-3), O3(µg·m-3), NO2(µg·m-3), SO2(µg·m-3), CO(mg·m-3)로 규격화하여 표준 단위를 사용했습니다.",
            "id": "sample_019_0053_000006",
            "annotations": []
        },
        {
            "sentence": "관측 지점 A의 2025-06-15T14:30:00+09:00 기준 실측값은 PM2.5 38 µg·m-3(validated), PM10 62 µg·m-3(provisional), O3 120 µg·m-3(flagged)로 기록되었습니다.",
            "id": "sample_019_0053_000007",
            "annotations": []
        },
        {
            "sentence": "해당 시점 O3 값은 규제 기준 초과(AQ 기준 초과)로 표시되며 원인은 인근 공사로 인한 미세먼지 재비산 및 기상 정체로 진단하여 메타데이터에 근거를 명시했습니다.",
            "id": "sample_019_0053_000008",
            "annotations": []
        },
        {
            "sentence": "수질 분석은 현장측정(pH, DO)과 실험실 분석(BOD, COD, 중금속 ICP-MS)을 결합했으며 샘플 채취 시각은 ISO8601로 표기되어 있습니다.",
            "id": "sample_019_0053_000009",
            "annotations": []
        },
        {
            "sentence": "하천 샘플 S-W01은 2025-06-10T09:20:00+09:00에 채취되어 pH 7.2(validated), DO 6.1 mg·L-1(validated), BOD5 3.4 mg·L-1(provisional)의 결과를 보였습니다.",
            "id": "sample_019_0053_000010",
            "annotations": []
        },
        {
            "sentence": "중금속 분석 결과 납(Pb) 0.015 mg·L-1, 카드뮴(Cd) 0.0003 mg·L-1로 국내 수질기준을 초과하지 않았으며 실험실 분석은 ISO/IEC 17025 인증 랩에서 수행되었습니다.",
            "id": "sample_019_0053_000011",
            "annotations": []
        },
        {
            "sentence": "토양 오염 조사 지점 B(SensorID: SOIL-002)는 표층(0–15 cm)에서 납 120 mg·kg-1, 카드뮴 1.2 mg·kg-1, 유기오염물(휘발성유기화합물) 일부 검출로 제한적 오염이 확인되었습니다.",
            "id": "sample_019_0053_000012",
            "annotations": []
        },
        {
            "sentence": "기상 관측 항목은 기온(°C), 상대습도(%), 강수량(mm), 풍속(m·s-1), 풍향(도)으로 표준화하였으며 관측 간격은 10분 평균입니다.",
            "id": "sample_019_0053_000013",
            "annotations": []
        },
        {
            "sentence": "관측소 기상 센서 MET-100의 캘리브레이션 이력은 2025-05-20T10:00:00+09:00에 마지막으로 수행되었고 캘리브레이션 인증서와 보정계수는 데이터베이스에 저장되어 있습니다.",
            "id": "sample_019_0053_000014",
            "annotations": []
        },
        {
            "sentence": "소음 모니터링 결과 LAeq(1h) 및 Lmax는 표준 음향 단위(dB(A))로 기록되었고, 주거지역 인근에서 LAeq(1h) 55 dB(A) 수준이 지속되어 규제 임계값 접근이 관찰되었습니다.",
            "id": "sample_019_0053_000015",
            "annotations": []
        },
        {
            "sentence": "방사선 관측은 배경선량률을 초과하는 이벤트를 실시간으로 감지했고 최대 측정값은 0.25 µSv·h-1로, 추가 샘플링과 원인조사가 권고되었습니다.",
            "id": "sample_019_0053_000016",
            "annotations": []
        },
        {
            "sentence": "원격탐사 이미지 메타데이터는 이미지ID IMG-20250610-DR01, 플랫폼 드론(Quadcopter)으로 획득, 공간해상도 0.15 m/pixel, 획득시각 2025-06-10T09:45:00+09:00로 기재했습니다.",
            "id": "sample_019_0053_000017",
            "annotations": []
        },
        {
            "sentence": "센서 메타데이터 예시로 SEN-AQ-0001은 제조사 AeroSense, 모델 AS-3000, 시리얼 SN-AQ-98765, 설치일 2024-11-12T08:30:00+09:00, 최근 캘리브레이션 2025-05-01T11:00:00+09:00이 등록되어 있습니다.",
            "id": "sample_019_0053_000018",
            "annotations": []
        },
        {
            "sentence": "센서별 오차 및 드리프트 기록은 보정계수, 교정일자, 검증자 주석과 함께 불변 로그로 보관되어 규제보고 감사 추적성을 확보하고 있습니다.",
            "id": "sample_019_0053_000019",
            "annotations": []
        },
        {
            "sentence": "데이터 품질 플래그는 validated, provisional, missing, flagged를 사용하며 이상치나 결측 발생 시 원인코드와 조치내역을 메타데이터에 기록합니다.",
            "id": "sample_019_0053_000020",
            "annotations": []
        },
        {
            "sentence": "네트워크 전송 지연과 패킷 손실로 인한 비동기성 데이터는 타임스탬프 동기화와 보간 정책으로 처리하되 원본 로그는 변경 없이 보존합니다.",
            "id": "sample_019_0053_000021",
            "annotations": []
        },
        {
            "sentence": "사유지 샘플링 지점은 개인정보 보호를 위해 위치를 익명화했으나 내부 기록에는 상세 주소 서울특별시 강남구 테헤란로 10길 24-3 502호로 보관되어 있습니다.",
            "id": "sample_019_0053_000022",
            "annotations": [
                {
                    "word": "서울특별시 강남구 테헤란로 10길 24-3 502호",
                    "start": 49,
                    "end": 77,
                    "label": "개인정보"
                },
                {
                    "word": "서울특별시",
                    "start": 49,
                    "end": 54,
                    "label": "준식별자"
                },
                {
                    "word": "강남구",
                    "start": 55,
                    "end": 58,
                    "label": "준식별자"
                }
            ]
        },
        {
            "sentence": "현장 연락처는 긴급대응을 위해 기록되었으며 대표 연락처 010-1234-5678과 전자우편 n.yoon@example.com이 긴급연락망에 등재되어 있습니다.",
            "id": "sample_019_0053_000023",
            "annotations": [
                {
                    "word": "010-1234-5678",
                    "start": 31,
                    "end": 44,
                    "label": "개인정보"
                },
                {
                    "word": "n.yoon@example.com",
                    "start": 51,
                    "end": 69,
                    "label": "개인정보"
                }
            ]
        },
        {
            "sentence": "내부 관리용으로 사용된 사번은 20231234이며 이 값은 내부 시스템에서 인사·근무이력과 연계되어 있습니다.",
            "id": "sample_019_0053_000024",
            "annotations": [
                {
                    "word": "20231234",
                    "start": 17,
                    "end": 25,
                    "label": "개인정보"
                }
            ]
        },
        {
            "sentence": "프로젝트 운영 관련 내부 메모에는 비공개 예산 항목이 포함되어 있으며 해당 분류 예산은 50,000,000원으로 기록되어 있습니다.",
            "id": "sample_019_0053_000025",
            "annotations": [
                {
                    "word": "50,000,000원",
                    "start": 49,
                    "end": 60,
                    "label": "기밀정보"
                }
            ]
        },
        {
            "sentence": "보안 관련 참고로 내부 서버 접속 로그에 기록된 서버 IP 10.0.0.5는 접근 제어 정책상 외부 공개가 금지된 정보입니다.",
            "id": "sample_019_0053_000026",
            "annotations": [
                {
                    "word": "10.0.0.5",
                    "start": 33,
                    "end": 41,
                    "label": "기밀정보"
                }
            ]
        },
        {
            "sentence": "이벤트 리포트: 2025-06-15T14:35:00+09:00 O3 경보 발령, 현장 출동 및 추가 샘플 채취, 원인분석 중 단기 국지적 배출원과 기상정체가 복합적 영향을 미친 것으로 예비결론을 제출했습니다.",
            "id": "sample_019_0053_000027",
            "annotations": []
        },
        {
            "sentence": "규제보고용 데이터는 원본 획득 로그와 검증된 시계열을 불변형식으로 보관하며 보고서 제출 전 내부 검토와 외부 검증 절차를 완료합니다.",
            "id": "sample_019_0053_000028",
            "annotations": []
        },
        {
            "sentence": "향후 권고조치로는 캘리브레이션 주기 단축, 추가 원격탐사 비교검증, 취약지역의 고정밀 센서 추가 설치를 제안합니다.",
            "id": "sample_019_0053_000029",
            "annotations": []
        },
        {
            "sentence": "결론적으로 본 보고서는 데이터 품질 플래그와 캘리브레이션 이력, 원격탐사 및 실험실 출처를 명시하여 규제·연구·운영 목적의 신뢰성 확보를 목표로 합니다.",
            "id": "sample_019_0053_000030",
            "annotations": []
        }
    ]
}