{
    "document_id": "019_0079",
    "document_title": "항만지역 통합 환경 모니터링 정기보고서(2025-01)",
    "data": [
        {
            "sentence": "항만지역 환경 모니터링 정기보고서 — 기준시점 2025-01-08T09:00:00+09:00에 작성되었다.",
            "id": "sample_019_0079_000001",
            "annotations": []
        },
        {
            "sentence": "본 보고서는 대기, 수질, 토양, 소음, 방사선 및 기상 요소를 포함한 통합 모니터링 결과를 기술한다.",
            "id": "sample_019_0079_000002",
            "annotations": []
        },
        {
            "sentence": "책임자: 엄선아(부산환경연구원)이며 연락처 010-1234-5678과 이메일 seonah.um@envcorp.kr로 문의 가능하다.",
            "id": "sample_019_0079_000003",
            "annotations": [
                {
                    "word": "엄선아",
                    "start": 5,
                    "end": 8,
                    "label": "개인정보"
                },
                {
                    "word": "010-1234-5678",
                    "start": 24,
                    "end": 37,
                    "label": "개인정보"
                },
                {
                    "word": "seonah.um@envcorp.kr",
                    "start": 43,
                    "end": 63,
                    "label": "개인정보"
                },
                {
                    "word": "부산환경연구원",
                    "start": 9,
                    "end": 16,
                    "label": "준식별자"
                }
            ]
        },
        {
            "sentence": "담당 사번: 20231234, 검증 담당자 승인일은 2025-01-07T14:20:00+09:00로 기록되어 있다.",
            "id": "sample_019_0079_000004",
            "annotations": [
                {
                    "word": "사번: 20231234",
                    "start": 3,
                    "end": 15,
                    "label": "개인정보"
                }
            ]
        },
        {
            "sentence": "측정지점 A는 사유지로 표기되어 위치는 부산광역시 동래구 수영로 123-45 (익명화 처리 전 원본 좌표 있음)이다.",
            "id": "sample_019_0079_000005",
            "annotations": [
                {
                    "word": "부산광역시 동래구 수영로 123-45",
                    "start": 22,
                    "end": 42,
                    "label": "개인정보"
                },
                {
                    "word": "부산광역시",
                    "start": 22,
                    "end": 27,
                    "label": "준식별자"
                },
                {
                    "word": "동래구",
                    "start": 28,
                    "end": 31,
                    "label": "준식별자"
                }
            ]
        },
        {
            "sentence": "측정지점 A의 WGS84 익명화 좌표(평균값): 35.2045N, 129.0792E, 고도 12.5 m로 보고서에 표준화했다.",
            "id": "sample_019_0079_000006",
            "annotations": []
        },
        {
            "sentence": "대기질 센서 메타데이터: 센서ID AQ-1973, 제조사 EnvSens Co., 모델 ES-200, 설치일 2024-06-12T10:30:00+09:00.",
            "id": "sample_019_0079_000007",
            "annotations": []
        },
        {
            "sentence": "해당 센서는 마지막 교정일 2024-12-15T09:00:00+09:00이며 캘리브레이션 로그에는 오프셋 보정 +2.5 µg·m−3이 기록되어 있다.",
            "id": "sample_019_0079_000008",
            "annotations": []
        },
        {
            "sentence": "시계열 수집 해상도는 1분이며 품질 플래그는 validated, provisional, missing, flagged로 표기된다.",
            "id": "sample_019_0079_000009",
            "annotations": []
        },
        {
            "sentence": "2025-01-08T08:57:00+09:00 측정값: PM2.5 28.7 µg·m−3, 플래그 validated로 검증 완료되었다.",
            "id": "sample_019_0079_000010",
            "annotations": []
        },
        {
            "sentence": "동시간대 PM10 41.2 µg·m−3, O3 0.060 ppm, NO2 0.021 ppm, SO2 0.003 ppm, CO 0.4 ppm가 기록되었다.",
            "id": "sample_019_0079_000011",
            "annotations": []
        },
        {
            "sentence": "해당 구간의 시간평균 AQI(US 기준)는 72로 '보통' 수준이며 상세 계산식과 배경농도 추정치는 부록에 포함되어 있다.",
            "id": "sample_019_0079_000012",
            "annotations": []
        },
        {
            "sentence": "2025-01-07T13:40:00+09:00 인근 산업단지에서 발령된 배출 이상경보로 NO2 및 미세먼지 농도가 단기간 상승하였다.",
            "id": "sample_019_0079_000013",
            "annotations": []
        },
        {
            "sentence": "초과 원인 분석 결과 현장 풍향이 서풍으로 전환되었고 산업단지 배출증가가 확인되어 일시적 영향으로 판단된다.",
            "id": "sample_019_0079_000014",
            "annotations": []
        },
        {
            "sentence": "수질 채수는 현장 채수 및 실험실 분석 병행으로 수행되었으며 채수시간 2025-01-06T10:15:00+09:00에 pH 7.8, DO 8.6 mg·L−1가 측정되었다.",
            "id": "sample_019_0079_000015",
            "annotations": []
        },
        {
            "sentence": "수질 중 중금속 분석 결과 납(Pb) 0.015 mg·L−1, 카드뮴(Cd) 0.0008 mg·L−1가 보고되었고 분석법은 ICP-MS이다.",
            "id": "sample_019_0079_000016",
            "annotations": []
        },
        {
            "sentence": "토양 샘플 S-01 분석에서는 납 120 mg·kg−1, 카드뮴 1.2 mg·kg−1, 총유기오염물 45 mg·kg−1이 검출되었다.",
            "id": "sample_019_0079_000017",
            "annotations": []
        },
        {
            "sentence": "현장 소음 LAeq(1h) 62 dB, Lmax 89 dB가 측정되었고 방사선량은 배경선 수준인 0.12 µSv·h−1로 정상 범위이다.",
            "id": "sample_019_0079_000018",
            "annotations": []
        },
        {
            "sentence": "원격감시 이미지 메타데이터: 이미지ID DRN_20250106_001, 플랫폼 PhantomX, 해상도 5 cm·px−1, 촬영일 2025-01-06T10:20:00+09:00.",
            "id": "sample_019_0079_000019",
            "annotations": []
        },
        {
            "sentence": "규제보고용 데이터는 불변 로그로 저장되며 생성시점, 전송 경로 및 체크섬이 감사추적성 메타데이터로 보존된다.",
            "id": "sample_019_0079_000020",
            "annotations": []
        },
        {
            "sentence": "네트워크 전송 지연으로 2025-01-08T09:00:00+09:00부터 09:15:00+09:00 구간의 일부 패킷이 지연되어 비동기 수신이 발생했다.",
            "id": "sample_019_0079_000021",
            "annotations": []
        },
        {
            "sentence": "장비 드리프트 기록에는 2024-11월부터 2024-12월까지 일시적 드리프트가 관찰되어 보정계수가 적용되었음을 명시한다.",
            "id": "sample_019_0079_000022",
            "annotations": []
        },
        {
            "sentence": "검증 담당자 엄민섭이 랩결과를 리뷰하였고 관련 검증 노트는 검증 로그에 보관되어 있다.",
            "id": "sample_019_0079_000023",
            "annotations": [
                {
                    "word": "엄민섭",
                    "start": 7,
                    "end": 10,
                    "label": "개인정보"
                }
            ]
        },
        {
            "sentence": "시스템 운영을 위해 사용되는 내부 서버 IP는 10.10.10.5이며 접속 계정 env_admin과 VPN 주소 vpn.internal.env.kr이 설정되어 있다.",
            "id": "sample_019_0079_000024",
            "annotations": [
                {
                    "word": "10.10.10.5",
                    "start": 26,
                    "end": 36,
                    "label": "기밀정보"
                },
                {
                    "word": "env_admin",
                    "start": 45,
                    "end": 54,
                    "label": "기밀정보"
                },
                {
                    "word": "vpn.internal.env.kr",
                    "start": 63,
                    "end": 82,
                    "label": "기밀정보"
                }
            ]
        },
        {
            "sentence": "프로젝트 예산 및 계좌 관련 정보는 내부 문서로 보관되며 예산 코드 GNT-2024-09 및 계좌번호 123-456-789012가 사용되었다.",
            "id": "sample_019_0079_000025",
            "annotations": [
                {
                    "word": "GNT-2024-09",
                    "start": 38,
                    "end": 49,
                    "label": "기밀정보"
                },
                {
                    "word": "계좌번호 123-456-789012",
                    "start": 52,
                    "end": 71,
                    "label": "기밀정보"
                }
            ]
        },
        {
            "sentence": "민감 위치(사유지) 좌표는 공개 보고서에서 익명화 처리하며 원본 좌표는 내부 감사 로그에 암호화해 저장한다.",
            "id": "sample_019_0079_000026",
            "annotations": []
        },
        {
            "sentence": "권고사항: 대기센서 재교정 주기를 6개월에서 3개월로 단축하고 비상시 자동 경보 임계값을 재설정할 것을 제시한다.",
            "id": "sample_019_0079_000027",
            "annotations": []
        },
        {
            "sentence": "문서 작성자: 원제나, 최종검토: 엄준후, 발행일 2025-01-08T10:00:00+09:00로 표기한다.",
            "id": "sample_019_0079_000028",
            "annotations": [
                {
                    "word": "원제나",
                    "start": 8,
                    "end": 11,
                    "label": "개인정보"
                },
                {
                    "word": "엄준후",
                    "start": 19,
                    "end": 22,
                    "label": "개인정보"
                }
            ]
        }
    ]
}