{
    "document_id": "019_0089",
    "document_title": "2026년 1월 환경 모니터링 정기보고서(관측소 A·B 통합)",
    "data": [
        {
            "sentence": "본 보고서는 대기, 수질, 토양 및 원격감시를 포함한 통합 환경 모니터링 결과를 요약한다.",
            "id": "sample_019_0089_000001",
            "annotations": []
        },
        {
            "sentence": "모니터링 대상 항목은 PM2.5, PM10, O3, NO2, SO2, CO, pH, DO, BOD, COD, 중금속, 온도, 습도, 풍속·풍향, 소음(LAeq) 및 방사선량을 포함한다.",
            "id": "sample_019_0089_000002",
            "annotations": []
        },
        {
            "sentence": "모니터링 기간은 2026-01-01T00:00:00+09:00부터 2026-01-07T23:59:59+09:00까지이며 모든 타임스탬프는 ISO8601 형식과 시간대를 표기한다.",
            "id": "sample_019_0089_000003",
            "annotations": []
        },
        {
            "sentence": "담당 연구원: 하건율, 연락처 010-1234-5678, 이메일 hgy@example.org, 사번 2024-045.",
            "id": "sample_019_0089_000004",
            "annotations": [
                {
                    "word": "하건율",
                    "start": 8,
                    "end": 11,
                    "label": "개인정보"
                },
                {
                    "word": "010-1234-5678",
                    "start": 17,
                    "end": 30,
                    "label": "개인정보"
                },
                {
                    "word": "hgy@example.org",
                    "start": 36,
                    "end": 51,
                    "label": "개인정보"
                },
                {
                    "word": "사번 2024-045",
                    "start": 53,
                    "end": 64,
                    "label": "개인정보"
                }
            ]
        },
        {
            "sentence": "담당자 생년월일: 1985-07-21, 직책: 선임연구원, 검증·교정 관련 책임을 수행한다.",
            "id": "sample_019_0089_000005",
            "annotations": [
                {
                    "word": "1985-07-21",
                    "start": 10,
                    "end": 20,
                    "label": "준식별자"
                }
            ]
        },
        {
            "sentence": "현장사무소 상세주소: 서울특별시 강남구 테헤란로 10-5 (사무실 3층)이며 비공개 접근 정책이 적용된다.",
            "id": "sample_019_0089_000006",
            "annotations": [
                {
                    "word": "서울특별시 강남구 테헤란로 10-5 (사무실 3층)",
                    "start": 12,
                    "end": 40,
                    "label": "개인정보"
                }
            ]
        },
        {
            "sentence": "관측소 A 위치(WGS84): 37.501234N, 127.039567E, 고도 15.2 m, 행정구역: 서울특별시 강남구.",
            "id": "sample_019_0089_000007",
            "annotations": [
                {
                    "word": "서울특별시 강남구",
                    "start": 59,
                    "end": 68,
                    "label": "준식별자"
                }
            ]
        },
        {
            "sentence": "관측소 B 위치(WGS84): 35.163210N, 129.163210E, 고도 8.7 m, 행정구역: 부산광역시 해운대구.",
            "id": "sample_019_0089_000008",
            "annotations": [
                {
                    "word": "부산광역시 해운대구",
                    "start": 58,
                    "end": 68,
                    "label": "준식별자"
                }
            ]
        },
        {
            "sentence": "관측 주기는 1분 평균 실시간 전송으로 표준화되며 타임스탬프 예시는 2026-01-07T14:30:00+09:00이다.",
            "id": "sample_019_0089_000009",
            "annotations": []
        },
        {
            "sentence": "사용 센서 목록 예: PM2.5 센서 ID S-1001, 제조사 AeroSense, 모델 AS-200, 마지막 교정 2025-12-15T09:00:00+09:00.",
            "id": "sample_019_0089_000010",
            "annotations": []
        },
        {
            "sentence": "PM2.5 측정값 예시(관측소A, 2026-01-07T14:30:00+09:00): 35.4 µg·m^-3, 품질플래그: validated, 노트: 외란 보정 완료.",
            "id": "sample_019_0089_000011",
            "annotations": []
        },
        {
            "sentence": "O3 측정값(관측소A, 2026-01-07T14:30:00+09:00): 0.070 ppm, 품질플래그: provisional, 추가 검증 대상으로 표기.",
            "id": "sample_019_0089_000012",
            "annotations": []
        },
        {
            "sentence": "풍속·풍향(관측소A, 2026-01-07T14:30:00+09:00): 3.2 m·s^-1, 방향 135°(SE), 품질: validated.",
            "id": "sample_019_0089_000013",
            "annotations": []
        },
        {
            "sentence": "수질 분석 샘플 ID WQ-20260105-01, 채취일시 2026-01-05T09:20:00+09:00, 채취장소: 관측소 B 인근 해역.",
            "id": "sample_019_0089_000014",
            "annotations": []
        },
        {
            "sentence": "수질 분석 결과: pH 7.6, DO 8.2 mg·L^-1, BOD 2.4 mg·L^-1, 납 0.002 mg·L^-1, 출처: 인증된 실험실(ICP-MS) 보고서.",
            "id": "sample_019_0089_000015",
            "annotations": []
        },
        {
            "sentence": "토양 시료 ID SL-20260103-07 결과: 납 45 mg·kg^-1, 카드뮴 1.2 mg·kg^-1, 샘플 상태: flagged(평균 상한치 초과).",
            "id": "sample_019_0089_000016",
            "annotations": []
        },
        {
            "sentence": "원격감시 이미지 메타데이터: imageID IMG-20260107-0009, 플랫폼 드론, 해상도 0.05 m·px^-1, 촬영일시 2026-01-07T10:45:00+09:00.",
            "id": "sample_019_0089_000017",
            "annotations": []
        },
        {
            "sentence": "보정·캘리브레이션 이력: S-1001 센서 오프셋 +1.2 µg·m^-3 적용, 드리프트 보정 실행일 2026-01-02T08:30:00+09:00, 절차 로그 보관.",
            "id": "sample_019_0089_000018",
            "annotations": []
        },
        {
            "sentence": "데이터 품질 지표: 결측율 0.5%, 오프셋 보정 대상 비율 2.3%, 신뢰도(confidence) 0.95로 산정됨.",
            "id": "sample_019_0089_000019",
            "annotations": []
        },
        {
            "sentence": "규제기준 초과 사례: 관측소A PM2.5 일평균 43 µg·m^-3(기준 35 µg·m^-3), 원인 메타데이터는 인근 건설공사 및 기상악화로 기록됨.",
            "id": "sample_019_0089_000020",
            "annotations": []
        },
        {
            "sentence": "이벤트 로그: 2026-01-04T16:12:00+09:00 도심도로 유출물 신고로 초기경보 발령 및 현장 출동 기록이 생성되었다.",
            "id": "sample_019_0089_000021",
            "annotations": []
        },
        {
            "sentence": "시스템 관련 기밀: 집계 서버 IP 192.168.10.45, 접근 제어 및 접속 로그는 별도 보안저장소에 보관된다.",
            "id": "sample_019_0089_000022",
            "annotations": [
                {
                    "word": "192.168.10.45",
                    "start": 20,
                    "end": 33,
                    "label": "기밀정보"
                }
            ]
        },
        {
            "sentence": "내부 저장 경로: \\\\internal\\\\env\\\\2024\\\\raw\\\\siteA\\\\2026-01-07.csv, 접근 권한은 제한되어 있으며 변경 이력 추적이 가능하다.",
            "id": "sample_019_0089_000023",
            "annotations": [
                {
                    "word": "\\\\internal\\\\env\\\\2024\\\\raw\\\\siteA\\\\2026-01-07.csv",
                    "start": 10,
                    "end": 59,
                    "label": "기밀정보"
                }
            ]
        },
        {
            "sentence": "재무 기밀 정보: 결제 계좌번호 301-0123-4567, 거래 내역은 내부 회계시스템에서만 조회 가능하다.",
            "id": "sample_019_0089_000024",
            "annotations": [
                {
                    "word": "301-0123-4567",
                    "start": 18,
                    "end": 31,
                    "label": "기밀정보"
                }
            ]
        },
        {
            "sentence": "보고서 승인: 승인자 홍유성, 승인일 2026-01-08T09:30:00+09:00, 승인 로그는 불변 로그로 보관됨.",
            "id": "sample_019_0089_000025",
            "annotations": [
                {
                    "word": "홍유성",
                    "start": 12,
                    "end": 15,
                    "label": "개인정보"
                }
            ]
        },
        {
            "sentence": "감사 담당자: 류제이, 검토 메모와 일부 내부 회의록은 공개되지 않으며 내부 보안 정책 대상이다.",
            "id": "sample_019_0089_000026",
            "annotations": [
                {
                    "word": "류제이",
                    "start": 8,
                    "end": 11,
                    "label": "개인정보"
                }
            ]
        },
        {
            "sentence": "민감 위치 익명화 정책: 사유지 좌표는 반경 50 m 랜덤 오프셋 처리로 익명화하여 공개한다.",
            "id": "sample_019_0089_000027",
            "annotations": []
        },
        {
            "sentence": "데이터 전송 지연 사례: 패킷 손실률 0.8%로 비동기성 데이터 병합 시 타임스탬프 정렬 및 보간 정책을 적용해야 한다.",
            "id": "sample_019_0089_000028",
            "annotations": []
        },
        {
            "sentence": "권장 조치: 모든 PM 센서 재교정, 이상치 추가 현장검증, 규제기관 제출용 불변 로그 생성 및 보관을 권고한다.",
            "id": "sample_019_0089_000029",
            "annotations": []
        },
        {
            "sentence": "결론: 본 보고서는 감사 추적성(provenance)과 캘리브레이션 이력을 포함하며 추가 질의는 안민하에게 접수 바람.",
            "id": "sample_019_0089_000030",
            "annotations": [
                {
                    "word": "안민하",
                    "start": 54,
                    "end": 57,
                    "label": "개인정보"
                }
            ]
        }
    ]
}