{
    "document_id": "019_0056",
    "document_title": "2026년 제1분기 성남 관측망 환경모니터링 정밀보고서",
    "data": [
        {
            "sentence": "본 문서는 2026-01-01T00:00:00+09:00부터 2026-03-31T23:59:59+09:00까지의 성남 관측망 환경 모니터링 결과를 종합 보고하는 정밀보고서입니다.",
            "id": "sample_019_0056_000001",
            "annotations": []
        },
        {
            "sentence": "관측망 주요 지점은 WGS84 좌표계 기준 위도 37.442100, 경도 127.138500, 고도 120.5 m에 설치되어 있으며 행정구역은 경기도 성남시 수정구로 표기합니다.",
            "id": "sample_019_0056_000002",
            "annotations": [
                {
                    "word": "경기도",
                    "start": 80,
                    "end": 83,
                    "label": "준식별자"
                },
                {
                    "word": "성남시",
                    "start": 84,
                    "end": 87,
                    "label": "준식별자"
                },
                {
                    "word": "수정구",
                    "start": 88,
                    "end": 91,
                    "label": "준식별자"
                }
            ]
        },
        {
            "sentence": "현장 책임자는 담당자 홍호재이며 사번 A20230056, 연락처 010-1234-5678, 이메일 hong.hoj@example.com으로 기록되어 있습니다.",
            "id": "sample_019_0056_000003",
            "annotations": [
                {
                    "word": "홍호재",
                    "start": 12,
                    "end": 15,
                    "label": "개인정보"
                },
                {
                    "word": "A20230056",
                    "start": 21,
                    "end": 30,
                    "label": "개인정보"
                },
                {
                    "word": "010-1234-5678",
                    "start": 36,
                    "end": 49,
                    "label": "개인정보"
                },
                {
                    "word": "hong.hoj@example.com",
                    "start": 55,
                    "end": 75,
                    "label": "개인정보"
                }
            ]
        },
        {
            "sentence": "지점 일부는 사유지 인접으로 정밀 좌표는 익명화 처리하였고, 민감 위치는 행정구역 단위로만 공개합니다.",
            "id": "sample_019_0056_000004",
            "annotations": []
        },
        {
            "sentence": "대기 센서 메타데이터: sensorID SEN-1001, 제조사 EnviroSense Co., 모델 AQ-200, 설치일 2024-06-01T09:00:00+09:00, 최신 교정일 2025-12-15T10:30:00+09:00, 교정기관 녹색환경연구소.",
            "id": "sample_019_0056_000005",
            "annotations": []
        },
        {
            "sentence": "센서 교정 이력에는 교정 계수, 표준분산 및 교정 전후 오프셋이 기록되어 있으며 최근 교정에서 드리프트 1.2%/월이 관찰되었습니다.",
            "id": "sample_019_0056_000006",
            "annotations": []
        },
        {
            "sentence": "데이터 전송은 MQTT 프로토콜로 이루어지며 패킷 손실 기록과 전송 지연은 불변 로그로 저장됩니다.",
            "id": "sample_019_0056_000007",
            "annotations": []
        },
        {
            "sentence": "PM2.5는 2026-03-15T09:00:00+09:00 기준 42 µg/m3로 측정되었고 품질 플래그는 validated입니다.",
            "id": "sample_019_0056_000008",
            "annotations": []
        },
        {
            "sentence": "PM10는 동시점 58 µg/m3, 품질 플래그는 provisional이며 센서 오프셋 보정이 적용되었습니다.",
            "id": "sample_019_0056_000009",
            "annotations": []
        },
        {
            "sentence": "O3는 2026-03-15T09:00:00+09:00에 110 µg/m3으로 관측되었고 일시적 최고값은 Lmax 180 µg/m3를 기록했습니다.",
            "id": "sample_019_0056_000010",
            "annotations": []
        },
        {
            "sentence": "NO2는 34 µg/m3, SO2는 6 µg/m3, CO는 0.9 mg/m3로 보고되었고 전반적 신뢰도는 0.92입니다.",
            "id": "sample_019_0056_000011",
            "annotations": []
        },
        {
            "sentence": "대기질 지수 AQI는 위 성분을 기반으로 산출하였고 해당 시간의 AQI는 78로 '보통' 등급입니다.",
            "id": "sample_019_0056_000012",
            "annotations": []
        },
        {
            "sentence": "수질 샘플은 현장채취 ID WTR-20260315-01로 채취하였으며 채취일시는 2026-03-15T10:30:00+09:00입니다.",
            "id": "sample_019_0056_000013",
            "annotations": []
        },
        {
            "sentence": "랩 분석 결과 pH 7.4 (무단위), DO 6.2 mg/L, BOD5 3.1 mg/L, COD 12 mg/L로 보고됩니다.",
            "id": "sample_019_0056_000014",
            "annotations": []
        },
        {
            "sentence": "중금속 분석에서 납(Pb) 농도는 28 µg/L, 카드뮴(Cd)은 0.4 µg/L로 규제기준을 초과하지 않았습니다.",
            "id": "sample_019_0056_000015",
            "annotations": []
        },
        {
            "sentence": "현장 샘플 B는 강우 직후 채취되어 일시적 부유물 증가가 관측되었고, 초과 사례는 기상악화로 인한 비점오염 유입으로 판단됩니다.",
            "id": "sample_019_0056_000016",
            "annotations": []
        },
        {
            "sentence": "토양 시료 분석 결과 토양 내 납은 120 mg/kg, 카드뮴 2.5 mg/kg, 유기오염물질 일부가 검출되었으나 지역별 기준 대비 상세 평가는 필요합니다.",
            "id": "sample_019_0056_000017",
            "annotations": []
        },
        {
            "sentence": "소음 측정은 LAeq 15분 평균을 사용하였으며 2026-03-15T09:00:00+09:00 기준 LAeq 63 dB(A), Lmax 82 dB(A)를 기록했습니다.",
            "id": "sample_019_0056_000018",
            "annotations": []
        },
        {
            "sentence": "방사선량 관측은 연직선량률로 표기하였고 측정값은 0.12 µSv/h, 품질 플래그는 validated입니다.",
            "id": "sample_019_0056_000019",
            "annotations": []
        },
        {
            "sentence": "원격탐사 이미지 메타데이터: imageID DRN-20260315-001, 플랫폼 DJI Matrice 300, 공간해상도 0.05 m, 취득일시 2026-03-15T08:45:00+09:00.",
            "id": "sample_019_0056_000020",
            "annotations": []
        },
        {
            "sentence": "위성자료는 Sentinel-2 Level-2A를 사용하였고 해상도 10 m, 획득일 2026-03-14T10:12:00+09:00, 처리소스는 ESA의 공개제품입니다.",
            "id": "sample_019_0056_000021",
            "annotations": []
        },
        {
            "sentence": "데이터 품질 필드는 validated, provisional, missing, flagged를 사용하며 각 측정치에 대해 품질 노트가 병기됩니다.",
            "id": "sample_019_0056_000022",
            "annotations": []
        },
        {
            "sentence": "교정 및 검증 로그는 디지털 서명과 타임스탬프를 포함하여 불변 로그로 보관하며 감사 추적성을 확보합니다.",
            "id": "sample_019_0056_000023",
            "annotations": []
        },
        {
            "sentence": "분석에 사용된 표준물질과 교정곡선 사본은 부록으로 첨부되어 있으며 랩 담당자 박은규가 검토 및 서명하였습니다.",
            "id": "sample_019_0056_000024",
            "annotations": [
                {
                    "word": "박은규",
                    "start": 43,
                    "end": 46,
                    "label": "개인정보"
                }
            ]
        },
        {
            "sentence": "네트워크 비동기성으로 인한 시간 동기화 오차는 NTP서버 기준으로 보정되었고 보정 여부를 메타데이터에 기록합니다.",
            "id": "sample_019_0056_000025",
            "annotations": []
        },
        {
            "sentence": "해당 보고서의 규제 보고용 데이터셋은 불변 로그와 체인오브커스토디를 갖추고 연간보고에 제출될 준비가 되어 있습니다.",
            "id": "sample_019_0056_000026",
            "annotations": []
        },
        {
            "sentence": "권고 조치로는 오염원 추가조사, 보정주기 단축(현재 12개월에서 6개월로), 비상시 자동경보 임계값 재설정이 제안됩니다.",
            "id": "sample_019_0056_000027",
            "annotations": []
        },
        {
            "sentence": "후속조치 일정은 2026-04-05T09:00:00+09:00에 현장 재조사와 2026-04-12T10:00:00+09:00에 랩 재분석을 계획합니다.",
            "id": "sample_019_0056_000028",
            "annotations": []
        },
        {
            "sentence": "모든 원자료와 원본 로그는 중앙 아카이브에 저장되며 접근 권한은 최소 권한 원칙에 따라 관리됩니다.",
            "id": "sample_019_0056_000029",
            "annotations": []
        },
        {
            "sentence": "추가 문의는 녹색환경연구소로 연락주십시오.",
            "id": "sample_019_0056_000030",
            "annotations": []
        }
    ]
}