{
    "document_id": "019_0014",
    "document_title": "도심 환경 통합 모니터링 종합보고서",
    "data": [
        {
            "sentence": "문서 개요: 본 보고서는 고정형 대기 센서 네트워크와 현장 수질 시료를 통합한 환경 모니터링 결과를 기술한다.",
            "id": "sample_019_0014_000001",
            "annotations": []
        },
        {
            "sentence": "조사 범위는 대기(PM2.5, PM10, O3, NO2, SO2, CO), 수질(pH, DO, BOD, COD, Pb, Cd), 토양(납, 카드뮴), 기상(온도, 습도, 풍속), 소음(LAeq) 등이다.",
            "id": "sample_019_0014_000002",
            "annotations": []
        },
        {
            "sentence": "측정 시간은 모두 ISO8601 형식으로 표기하였으며 예시 타임스탬프는 2025-11-15T09:30:00+09:00 이다.",
            "id": "sample_019_0014_000003",
            "annotations": [
                {
                    "word": "2025-11-15T09:30:00+09:00",
                    "start": 40,
                    "end": 65,
                    "label": "준식별자"
                }
            ]
        },
        {
            "sentence": "위치 표기는 WGS84 좌표계를 사용하며 민감한 사유지의 경우 행정구역 수준으로 익명화하였다.",
            "id": "sample_019_0014_000004",
            "annotations": []
        },
        {
            "sentence": "샘플링 위치 중 대표 지점은 서울특별시 강남구 일대의 교통혼잡지역으로 표기하였다.",
            "id": "sample_019_0014_000005",
            "annotations": [
                {
                    "word": "서울특별시 강남구",
                    "start": 16,
                    "end": 25,
                    "label": "준식별자"
                }
            ]
        },
        {
            "sentence": "관측장비 메타데이터: sensorID S-AQ-001, 제조사 AeroSense, 모델 AQS-2000, 설치고도 12.5 m로 기록하였다.",
            "id": "sample_019_0014_000006",
            "annotations": []
        },
        {
            "sentence": "센서 캘리브레이션 이력은 2025-06-01T10:00:00+09:00에 수행되었고, 기준가스 대비 오차 ±3.2% 및 드리프트 보정 로그를 포함한다.",
            "id": "sample_019_0014_000007",
            "annotations": [
                {
                    "word": "2025-06-01T10:00:00+09:00",
                    "start": 14,
                    "end": 39,
                    "label": "준식별자"
                }
            ]
        },
        {
            "sentence": "랩 분석 메타데이터: 시료 ID WQ-20251115-001, 분석기관 내부파일 경로 sftp://internal.env.local/data/2025/water/WQ-20251115-001 은 기밀로 취급한다.",
            "id": "sample_019_0014_000008",
            "annotations": [
                {
                    "word": "sftp://internal.env.local/data/2025/water/WQ-20251115-001",
                    "start": 48,
                    "end": 105,
                    "label": "기밀정보"
                }
            ]
        },
        {
            "sentence": "원격탐사 이미지: imageID DRN-IMG-20251115-0001, 플랫폼 드론(Quadcopter), 해상도 5 cm·px-1, 획득일 2025-11-15T09:25:00+09:00.",
            "id": "sample_019_0014_000009",
            "annotations": [
                {
                    "word": "2025-11-15T09:25:00+09:00",
                    "start": 80,
                    "end": 105,
                    "label": "준식별자"
                }
            ]
        },
        {
            "sentence": "대기측정 결과(2025-11-15T09:30:00+09:00 기준, 단위): PM2.5 42.6 µg·m-3 (validated), PM10 68.1 µg·m-3 (provisional), O3 0.064 ppm (validated).",
            "id": "sample_019_0014_000010",
            "annotations": [
                {
                    "word": "2025-11-15T09:30:00+09:00",
                    "start": 8,
                    "end": 33,
                    "label": "준식별자"
                }
            ]
        },
        {
            "sentence": "NO2는 0.041 ppm, SO2는 0.005 ppm, CO는 0.9 ppm으로 기록되었으며 측정값은 센서 보정계수 적용 후 제공된다.",
            "id": "sample_019_0014_000011",
            "annotations": []
        },
        {
            "sentence": "수질 결과: 채수시각 2025-11-15T08:45:00+09:00, pH 7.4 (단위 없음), 용존산소 DO 6.8 mg·L-1 (validated), BOD 2.1 mg·L-1.",
            "id": "sample_019_0014_000012",
            "annotations": [
                {
                    "word": "2025-11-15T08:45:00+09:00",
                    "start": 12,
                    "end": 37,
                    "label": "준식별자"
                }
            ]
        },
        {
            "sentence": "중금속 분석에서 Pb 0.032 mg·L-1, Cd 0.002 mg·L-1가 검출되었고 각 값의 검출한계 및 실험실 신뢰도는 랩 결과에 명시되어 있다.",
            "id": "sample_019_0014_000013",
            "annotations": []
        },
        {
            "sentence": "토양 시료는 표층 0-15 cm에서 채취되었으며 납 85 mg·kg-1, 카드뮴 1.4 mg·kg-1으로 보고한다.",
            "id": "sample_019_0014_000014",
            "annotations": []
        },
        {
            "sentence": "기상 관측: 기온 12.3 °C, 상대습도 68 %RH, 강수량 0.0 mm·h-1, 풍속 평균 3.6 m·s-1, 풍향 210°임을 기록한다.",
            "id": "sample_019_0014_000015",
            "annotations": []
        },
        {
            "sentence": "소음 모니터링 지점 LAeq(15min) 평균 63 dB(A), Lmax 85 dB(A)로 야간 규제기준을 일부 초과한 구간이 있었다.",
            "id": "sample_019_0014_000016",
            "annotations": []
        },
        {
            "sentence": "방사선량 측정은 베크렐 기반으로 표기하였고, 현장 측정치는 배경선 대비 유의미한 증가는 관찰되지 않았다.",
            "id": "sample_019_0014_000017",
            "annotations": []
        },
        {
            "sentence": "데이터 품질 플래그는 validated, provisional, missing, flagged로 표기하였으며 각 측정값에 메타데이터로 연결되었다.",
            "id": "sample_019_0014_000018",
            "annotations": []
        },
        {
            "sentence": "데이터 전송 로그는 비동기 처리로 수집되었고 패킷 지연 및 손실 로그는 내부 서버 IP 10.8.0.12 에 기록되었다.",
            "id": "sample_019_0014_000019",
            "annotations": [
                {
                    "word": "10.8.0.12",
                    "start": 49,
                    "end": 58,
                    "label": "기밀정보"
                }
            ]
        },
        {
            "sentence": "감시 네트워크 유지보수 담당자는 공재웅이며 점검보고서 상 서명과 사번: 20204567 이 함께 기재되어 있다.",
            "id": "sample_019_0014_000020",
            "annotations": [
                {
                    "word": "공재웅",
                    "start": 18,
                    "end": 21,
                    "label": "개인정보"
                },
                {
                    "word": "사번: 20204567",
                    "start": 36,
                    "end": 48,
                    "label": "개인정보"
                }
            ]
        },
        {
            "sentence": "현장 분석 책임자는 김소원으로 연락처 및 이메일 kim.sowon@envdept.kr 은 내부 연락용으로만 사용된다.",
            "id": "sample_019_0014_000021",
            "annotations": [
                {
                    "word": "김소원",
                    "start": 11,
                    "end": 14,
                    "label": "개인정보"
                },
                {
                    "word": "kim.sowon@envdept.kr",
                    "start": 27,
                    "end": 47,
                    "label": "개인정보"
                }
            ]
        },
        {
            "sentence": "규제기준 초과 항목에 대한 잠정원인으로는 2025-11-14T22:00:00+09:00 이후 지속된 인접 공사로 인한 분진 증가 및 기상 악화가 복합적 요인으로 판단된다.",
            "id": "sample_019_0014_000022",
            "annotations": [
                {
                    "word": "2025-11-14T22:00:00+09:00",
                    "start": 23,
                    "end": 48,
                    "label": "준식별자"
                }
            ]
        },
        {
            "sentence": "초과 사례에 대한 대응으로 현장 긴급 점검을 실시했고 조치 내역과 샘플 재분석 결과는 추후 보완보고서에 포함한다.",
            "id": "sample_019_0014_000023",
            "annotations": []
        },
        {
            "sentence": "규제보고용 데이터는 불변 로그와 감사 추적성을 확보하였으며 provenance 정보에는 센서 캘리브레이션과 랩 분석 배치번호가 포함된다.",
            "id": "sample_019_0014_000024",
            "annotations": []
        },
        {
            "sentence": "캘리브레이션 로그의 예: 2025-06-01T10:00:00+09:00, 교정가스 NIST traceable, 보정계수 0.968, 담당자 배경택.",
            "id": "sample_019_0014_000025",
            "annotations": [
                {
                    "word": "2025-06-01T10:00:00+09:00",
                    "start": 14,
                    "end": 39,
                    "label": "준식별자"
                },
                {
                    "word": "배경택",
                    "start": 78,
                    "end": 81,
                    "label": "개인정보"
                }
            ]
        },
        {
            "sentence": "데이터 보존 정책은 원시데이터 5년 보관, 검증된 시계열 데이터는 10년 보관으로 규정한다.",
            "id": "sample_019_0014_000026",
            "annotations": []
        },
        {
            "sentence": "프라이버시 보호를 위해 개인소유 센서 위치는 위도·경도 대신 '행정구역 단위(시/군/구)'로 익명화하여 공개한다.",
            "id": "sample_019_0014_000027",
            "annotations": []
        },
        {
            "sentence": "결론 및 권고: 단기적으로 교통관리 강화 및 인접 공사장에 대한 분진 저감 조치 권고, 장기적으로 센서 교체 주기 단축 및 보완 감시망 확대를 제안한다.",
            "id": "sample_019_0014_000028",
            "annotations": []
        }
    ]
}