{
    "document_id": "019_0059",
    "document_title": "도심권 환경 모니터링 통합 예비보고서",
    "data": [
        {
            "sentence": "본 문서는 도심권 환경 모니터링의 통합 수집·검증·보고 절차를 기술한 예비보고서입니다.",
            "id": "sample_019_0059_000001",
            "annotations": []
        },
        {
            "sentence": "보고서는 대기, 수질, 토양, 소음, 방사선 및 기상 요소를 포함한 다중 도메인 데이터를 대상으로 합니다.",
            "id": "sample_019_0059_000002",
            "annotations": []
        },
        {
            "sentence": "모든 타임스탬프는 ISO8601 형식으로 표기하고 표준시대는 한국 표준시(+09:00)로 명시합니다.",
            "id": "sample_019_0059_000003",
            "annotations": []
        },
        {
            "sentence": "데이터 예시로 대기 실시간 관측값은 2025-01-15T08:30:00+09:00에 1분 해상도로 수집된 시계열입니다.",
            "id": "sample_019_0059_000004",
            "annotations": []
        },
        {
            "sentence": "측정 단위는 국제 표준(SI) 또는 규제 기준 단위를 사용하며 예를 들어 PM2.5는 µg·m^-3로 표기합니다.",
            "id": "sample_019_0059_000005",
            "annotations": []
        },
        {
            "sentence": "센서 메타데이터 예시: sensorID=SN-AQ-001, 제조사=EnvSense, 모델=AS-200, 설치위치 WGS84(37.5665,126.9780, 15 m).",
            "id": "sample_019_0059_000006",
            "annotations": []
        },
        {
            "sentence": "해당 센서의 최종 캘리브레이션 일시는 2024-11-20T14:00:00+09:00이며 캘리브레이션 이력은 불변 로그로 보존됩니다.",
            "id": "sample_019_0059_000007",
            "annotations": []
        },
        {
            "sentence": "캘리브레이션 상세: 기준기관 교정(참조 가스) 수행, 드리프트 보정값 offset=+0.8 µg·m^-3, 검사자: 한여은.",
            "id": "sample_019_0059_000008",
            "annotations": [
                {
                    "word": "한여은",
                    "start": 65,
                    "end": 68,
                    "label": "개인정보"
                }
            ]
        },
        {
            "sentence": "데이터 품질 플래그는 validated, provisional, missing, flagged로 구분하며 각 샘플에 품질 노트를 첨부합니다.",
            "id": "sample_019_0059_000009",
            "annotations": []
        },
        {
            "sentence": "수질 실험실 분석 결과 예: pH 7.4, DO 8.2 mg·L^-1, BOD5 2.1 mg·L^-1이며 단위 일관성을 검증했습니다.",
            "id": "sample_019_0059_000010",
            "annotations": []
        },
        {
            "sentence": "랩 분석 메타데이터 예: sampleID=WL-20250115-03, 채취일 2025-01-15T09:00:00+09:00, 분석기관=중앙환경분석센터.",
            "id": "sample_019_0059_000011",
            "annotations": []
        },
        {
            "sentence": "토양 중금속 결과: Pb 45 mg·kg^-1, Cd 0.8 mg·kg^-1로 보고되었고 물리적 한계(음수 불가 등)를 준수했습니다.",
            "id": "sample_019_0059_000012",
            "annotations": []
        },
        {
            "sentence": "원격탐사 메타데이터 예: imageID=DR-20250115-ORTHO-001, 플랫폼=드론, 해상도=5 cm, 획득시간 2025-01-15T09:15:00+09:00.",
            "id": "sample_019_0059_000013",
            "annotations": []
        },
        {
            "sentence": "사고 이벤트 보고 예시: 2025-01-14T23:40:00+09:00에 산업단지 인근에서 NO2 급증이 감지되어 잠정 원인은 탈질장치 이상으로 추정됩니다.",
            "id": "sample_019_0059_000014",
            "annotations": []
        },
        {
            "sentence": "현장 관찰 로그와 사진은 소스와 획득 메타데이터를 포함하며 출처별로 분리된 불변 로그에 기록됩니다.",
            "id": "sample_019_0059_000015",
            "annotations": []
        },
        {
            "sentence": "현장 점검 담당자 정보: 이름=우봉학, 직급=현장책임자, 직장명=서울환경연구소, 사번=20230456.",
            "id": "sample_019_0059_000016",
            "annotations": [
                {
                    "word": "우봉학",
                    "start": 17,
                    "end": 20,
                    "label": "개인정보"
                },
                {
                    "word": "20230456",
                    "start": 48,
                    "end": 56,
                    "label": "개인정보"
                },
                {
                    "word": "서울환경연구소",
                    "start": 36,
                    "end": 43,
                    "label": "준식별자"
                }
            ]
        },
        {
            "sentence": "담당자 연락처는 010-1234-5678로 기록되었고 이메일은 wbhak@example.org로 제공되어 내부 연락망에 보관됩니다.",
            "id": "sample_019_0059_000017",
            "annotations": [
                {
                    "word": "010-1234-5678",
                    "start": 9,
                    "end": 22,
                    "label": "개인정보"
                },
                {
                    "word": "wbhak@example.org",
                    "start": 35,
                    "end": 52,
                    "label": "개인정보"
                }
            ]
        },
        {
            "sentence": "민감한 개인 위치는 익명화되며 공개 문서에는 근사 좌표 또는 행정구역 수준(예: 서울특별시 마포구)으로 표기합니다.",
            "id": "sample_019_0059_000018",
            "annotations": [
                {
                    "word": "서울특별시 마포구",
                    "start": 45,
                    "end": 54,
                    "label": "준식별자"
                }
            ]
        },
        {
            "sentence": "행정구역 표기 예시로는 경기도 수원시 장안구를 사용하며 필요 시 지방자치단체와 협업하여 상세 조치를 수행합니다.",
            "id": "sample_019_0059_000019",
            "annotations": [
                {
                    "word": "경기도 수원시 장안구",
                    "start": 13,
                    "end": 24,
                    "label": "준식별자"
                }
            ]
        },
        {
            "sentence": "네트워크 및 보안 메타데이터 예: 내부 데이터 서버 IP=192.168.10.12, 저장 경로=/srv/data/env/measurements/2025/aqi.csv.",
            "id": "sample_019_0059_000020",
            "annotations": [
                {
                    "word": "192.168.10.12",
                    "start": 32,
                    "end": 45,
                    "label": "기밀정보"
                },
                {
                    "word": "/srv/data/env/measurements/2025/aqi.csv",
                    "start": 53,
                    "end": 92,
                    "label": "기밀정보"
                }
            ]
        },
        {
            "sentence": "보안 절차와 접근 제어는 내부 정책에 따르며 VPN, 인증 토큰 및 접근 로그는 기관 내부 전용으로 제한합니다.",
            "id": "sample_019_0059_000021",
            "annotations": []
        },
        {
            "sentence": "규제 보고용 데이터는 provenance 메타데이터와 함께 불변 로그에 보관해 감사추적성(provenance)을 보장합니다.",
            "id": "sample_019_0059_000022",
            "annotations": []
        },
        {
            "sentence": "대기질 지수(AQI) 산출은 PM2.5, PM10, O3, NO2, SO2, CO의 규정식을 사용하며 기준 초과 시 원인 분석을 포함합니다.",
            "id": "sample_019_0059_000023",
            "annotations": []
        },
        {
            "sentence": "소음 모니터링 예: LAeq(1h)=62 dB(A), Lmax=88 dB(A), 측정 간격=1분, 위치는 WGS84 좌표계로 표기합니다.",
            "id": "sample_019_0059_000024",
            "annotations": []
        },
        {
            "sentence": "방사선 측정 예: 누적 등가선량률 0.12 µSv·h^-1, 계측기 모델 RS-100, 교정일 2024-06-30T10:00:00+09:00입니다.",
            "id": "sample_019_0059_000025",
            "annotations": []
        },
        {
            "sentence": "데이터 품질 예시: 네트워크 패킷 손실로 인한 비동기성 발생 시 provisional 플래그를 부여하고 보정 로그를 첨부합니다.",
            "id": "sample_019_0059_000026",
            "annotations": []
        },
        {
            "sentence": "내부 검토결재 관련 파일 경로 예시로는 /home/approvals/2025/q1_env_approval.docx가 있으며 결재 이력은 별도 보관됩니다.",
            "id": "sample_019_0059_000027",
            "annotations": [
                {
                    "word": "/home/approvals/2025/q1_env_approval.docx",
                    "start": 22,
                    "end": 63,
                    "label": "기밀정보"
                }
            ]
        },
        {
            "sentence": "결론 및 권고: 정기 캘리브레이션(6개월 주기) 유지, 비상연락 체계 점검, 민감 위치 익명화 및 감사추적성 강화를 권고합니다.",
            "id": "sample_019_0059_000028",
            "annotations": []
        }
    ]
}