{
    "document_id": "019_0020",
    "document_title": "2026년 1월 환경 모니터링 통합보고서 (도심·교외 지점 통합)",
    "data": [
        {
            "sentence": "본 문서는 대기·수질·토양·소음·방사선 및 원격탐사 데이터를 통합하여 규제 준수 및 사고 대응을 지원하기 위해 작성된 환경 모니터링 통합보고서입니다.",
            "id": "sample_019_0020_000001",
            "annotations": []
        },
        {
            "sentence": "보고서 작성 기준은 ISO 시간표기(ISO8601, 타임존 명시), SI 단위 및 규제 단위 일치성, 캘리브레이션 이력 추적성, 데이터 품질 플래그 표기를 포함합니다.",
            "id": "sample_019_0020_000002",
            "annotations": []
        },
        {
            "sentence": "문서 구성은 서론, 측정 지점별 상세 관측값, 센서 메타데이터 및 캘리브레이션 로그, 이벤트 보고서, 결론 및 권고안 순으로 제공됩니다.",
            "id": "sample_019_0020_000003",
            "annotations": []
        },
        {
            "sentence": "측정지점 A는 WGS84 좌표 37.4979,127.0276, 고도 45 m이며 행정구역은 서울특별시 강남구입니다.",
            "id": "sample_019_0020_000004",
            "annotations": [
                {
                    "word": "서울특별시",
                    "start": 51,
                    "end": 56,
                    "label": "준식별자"
                },
                {
                    "word": "강남구",
                    "start": 57,
                    "end": 60,
                    "label": "준식별자"
                }
            ]
        },
        {
            "sentence": "지점 A에 설치된 대기센서 메타데이터: sensorID=SEN-019-A1, 제조사=AeroSense, 모델=AS-200, 캘리브레이션일=2025-12-01T10:00:00+09:00, 허용오차±3% 입니다.",
            "id": "sample_019_0020_000005",
            "annotations": [
                {
                    "word": "2025-12-01T10:00:00+09:00",
                    "start": 77,
                    "end": 102,
                    "label": "준식별자"
                }
            ]
        },
        {
            "sentence": "센서 캘리브레이션 로그에는 표준입자계(Standard aerosol) 대비 검증 결과와 드리프트 보정값이 포함되어 있으며, 보정 횟수와 교정기 배치번호를 함께 기록합니다.",
            "id": "sample_019_0020_000006",
            "annotations": []
        },
        {
            "sentence": "지점 A 실시간 관측(평균 1분): 2026-01-05T14:15:00+09:00 기준 PM2.5=85 µg·m^-3 (validated), PM10=120 µg·m^-3 (flagged), NO2=0.042 ppm (validated)로 기록되었습니다.",
            "id": "sample_019_0020_000007",
            "annotations": [
                {
                    "word": "2026-01-05T14:15:00+09:00",
                    "start": 20,
                    "end": 45,
                    "label": "준식별자"
                }
            ]
        },
        {
            "sentence": "현장 채수는 표준운영절차에 따라 수행되었고, 수질분석 항목으로 pH, DO, BOD, COD 및 중금속(납 Pb, 카드뮴 Cd)을 포함하여 분석했습니다.",
            "id": "sample_019_0020_000008",
            "annotations": []
        },
        {
            "sentence": "수질 샘플 채취 시각은 2026-01-05T08:30:00+09:00이며, 샘플은 라벨링 후 냉장 보관하여 한국환경분석연구소로 이송되어 HPLC 및 ICP-MS로 분석했습니다.",
            "id": "sample_019_0020_000009",
            "annotations": [
                {
                    "word": "2026-01-05T08:30:00+09:00",
                    "start": 13,
                    "end": 38,
                    "label": "준식별자"
                }
            ]
        },
        {
            "sentence": "현장 운영 담당자 및 연락처는 다음과 같습니다: 담당자: 진세환, 연락처: 010-1234-5678, 이메일: jin.sehwan@envcorp.kr; 현장 응대 및 자료 요청은 이 연락처로 진행하십시오.",
            "id": "sample_019_0020_000010",
            "annotations": [
                {
                    "word": "진세환",
                    "start": 32,
                    "end": 35,
                    "label": "개인정보"
                },
                {
                    "word": "010-1234-5678",
                    "start": 42,
                    "end": 55,
                    "label": "개인정보"
                },
                {
                    "word": "jin.sehwan@envcorp.kr",
                    "start": 62,
                    "end": 83,
                    "label": "개인정보"
                }
            ]
        },
        {
            "sentence": "내부 검토 및 승인자는 진은영이며, 현장 데이터의 최종 검증과 규제보고 제출 전 검토를 수행하였습니다.",
            "id": "sample_019_0020_000011",
            "annotations": [
                {
                    "word": "진은영",
                    "start": 13,
                    "end": 16,
                    "label": "개인정보"
                }
            ]
        },
        {
            "sentence": "데이터 수집 및 저장 인프라 관련 기밀 메모: 중앙 데이터 서버 IP=10.8.32.5 및 보고서 원본 파일 경로=/srv/prod/data/2026/env_report_019.xlsx은 내부 보안 정책에 따라 제한 접근입니다.",
            "id": "sample_019_0020_000012",
            "annotations": [
                {
                    "word": "10.8.32.5",
                    "start": 39,
                    "end": 48,
                    "label": "기밀정보"
                },
                {
                    "word": "/srv/prod/data/2026/env_report_019.xlsx",
                    "start": 64,
                    "end": 103,
                    "label": "기밀정보"
                }
            ]
        },
        {
            "sentence": "2026-01-05T14:15:00+09:00에 기록된 PM2.5 농도 85 µg·m^-3는 일일 규제기준을 초과하였으며, 기상악화와 인근 공사로 인한 비점오염 유입이 원인으로 추정됩니다.",
            "id": "sample_019_0020_000013",
            "annotations": [
                {
                    "word": "2026-01-05T14:15:00+09:00",
                    "start": 0,
                    "end": 25,
                    "label": "준식별자"
                }
            ]
        },
        {
            "sentence": "초과 원인 분석 메타데이터에는 풍향·풍속 이력, 공사장 활동 로그 및 교통량 데이터가 포함되어 있으며, 필요한 경우 추가 샘플링을 권고합니다.",
            "id": "sample_019_0020_000014",
            "annotations": []
        },
        {
            "sentence": "야간 소음 모니터링은 LAeq 및 Lmax를 15분 단위로 집계하였고, 예시 측정값은 2026-01-05T22:00:00+09:00 기준 LAeq=62 dB, Lmax=78 dB였습니다.",
            "id": "sample_019_0020_000015",
            "annotations": [
                {
                    "word": "2026-01-05T22:00:00+09:00",
                    "start": 48,
                    "end": 73,
                    "label": "준식별자"
                }
            ]
        },
        {
            "sentence": "토양 시료는 교외 지점 B에서 채취되었고 표기는 경기도 수원시 권선구 지역 토지로 기록되어 있으며, 토양 내 납과 유기오염물 농도를 분석했습니다.",
            "id": "sample_019_0020_000016",
            "annotations": [
                {
                    "word": "경기도",
                    "start": 27,
                    "end": 30,
                    "label": "준식별자"
                },
                {
                    "word": "수원시",
                    "start": 31,
                    "end": 34,
                    "label": "준식별자"
                },
                {
                    "word": "권선구",
                    "start": 35,
                    "end": 38,
                    "label": "준식별자"
                }
            ]
        },
        {
            "sentence": "토양 시료에 대한 실험실 분석결과와 원본 스캔 이미지는 품질관리 로그와 함께 불변 로그로 보관되어 감사 추적성이 확보됩니다.",
            "id": "sample_019_0020_000017",
            "annotations": []
        },
        {
            "sentence": "원격 모니터링 네트워크의 전송 지연 및 패킷 손실 관리를 위해 수집 에이전트는 로컬 버퍼링과 타임스탬프 정합성 체크를 수행하며, 장애 로그는 별도 보안 저장소에 기록됩니다.",
            "id": "sample_019_0020_000018",
            "annotations": []
        },
        {
            "sentence": "운영 중인 수집서버 호스트명 data-collector-01.env.local은 내부 접속 통제 목록에 따라 접근이 제한되며, 외부 유출 시 보안 리스크가 발생합니다.",
            "id": "sample_019_0020_000019",
            "annotations": [
                {
                    "word": "data-collector-01.env.local",
                    "start": 16,
                    "end": 43,
                    "label": "기밀정보"
                }
            ]
        },
        {
            "sentence": "원격 탐사 메타데이터 예시: 이미지ID=DRONE_20260104_039, 플랫폼=Drone, 센서=RGB+NIR, 해상도=10 m, 수집시각=2026-01-04T09:10:00+09:00, 출처=운영팀 촬영.",
            "id": "sample_019_0020_000020",
            "annotations": [
                {
                    "word": "2026-01-04T09:10:00+09:00",
                    "start": 80,
                    "end": 105,
                    "label": "준식별자"
                }
            ]
        },
        {
            "sentence": "방사선 모니터링 지점 측정값은 2026-01-05T12:00:00+09:00 기준으로 선형 검정 후 평균선량률 0.12 µSv·h^-1로 환경 배경 범위 내에 있습니다.",
            "id": "sample_019_0020_000021",
            "annotations": [
                {
                    "word": "2026-01-05T12:00:00+09:00",
                    "start": 17,
                    "end": 42,
                    "label": "준식별자"
                }
            ]
        },
        {
            "sentence": "오염사고 이벤트 보고서에는 현장 CCTV 및 추가 증거자료를 첨부하며, 파일(예: /srv/cctv/agency/2026/01/05/gh01.mp4)은 관련 수사 및 내부조사 용도로 보관합니다.",
            "id": "sample_019_0020_000022",
            "annotations": [
                {
                    "word": "/srv/cctv/agency/2026/01/05/gh01.mp4",
                    "start": 46,
                    "end": 82,
                    "label": "기밀정보"
                }
            ]
        },
        {
            "sentence": "데이터 품질 플래그는 다음과 같이 표기합니다: validated(검증완료), provisional(임시), missing(결측), flagged(이상치), 각 플래그는 이유 노트와 함께 저장됩니다.",
            "id": "sample_019_0020_000023",
            "annotations": []
        },
        {
            "sentence": "종합 평가 및 권고: 감시 범위 내 규제기준 초과 지점에 대해 추가 정밀 측정과 인근 공사장 점검을 수행하며, 개선책 실행 책임자로 허윤결을 지정합니다.",
            "id": "sample_019_0020_000024",
            "annotations": [
                {
                    "word": "허윤결",
                    "start": 74,
                    "end": 77,
                    "label": "개인정보"
                }
            ]
        },
        {
            "sentence": "보고서 최종 작성 시각 및 전자서명 타임스탬프는 2026-01-06T09:30:00+09:00로 기록되며, 전자 확인자는 진세환입니다.",
            "id": "sample_019_0020_000025",
            "annotations": [
                {
                    "word": "2026-01-06T09:30:00+09:00",
                    "start": 27,
                    "end": 52,
                    "label": "준식별자"
                },
                {
                    "word": "진세환",
                    "start": 68,
                    "end": 71,
                    "label": "개인정보"
                }
            ]
        },
        {
            "sentence": "재무 및 운영 연계 항목은 내부 기밀로 관리되며, 예산 집행 관련 계좌번호 예시(내부문서용)는 123-456789-01로 시스템에 암호화 저장됩니다.",
            "id": "sample_019_0020_000026",
            "annotations": [
                {
                    "word": "123-456789-01",
                    "start": 53,
                    "end": 66,
                    "label": "기밀정보"
                }
            ]
        }
    ]
}