{
    "document_id": "019_0028",
    "document_title": "도시권 환경 모니터링 연간 데이터 검증 및 보정보고서",
    "data": [
        {
            "sentence": "본 문서는 도시권 환경 모니터링 네트워크의 연간 데이터 검증 및 보정 이력을 기록한다.",
            "id": "sample_019_0028_000001",
            "annotations": []
        },
        {
            "sentence": "대상 도메인은 대기, 수질, 토양, 소음, 방사선 및 기상 요소를 포함하며 규제 준수를 전제로 수집되었다.",
            "id": "sample_019_0028_000002",
            "annotations": []
        },
        {
            "sentence": "고정형 및 이동형 센서 24개소와 정기 랩 분석 12건을 통합하여 시계열 데이터를 생성하였다.",
            "id": "sample_019_0028_000003",
            "annotations": []
        },
        {
            "sentence": "센서 메타데이터는 센서ID, 제조사, 모델, 설치위치(WGS84), 설치고도, 설치일자(ISO8601), 캘리브레이션 이력을 포함한다.",
            "id": "sample_019_0028_000004",
            "annotations": []
        },
        {
            "sentence": "예: 센서ID ST-001, 제조사 AeroSense, 모델 AS-200, 설치위치 37.5665,126.9780, 고도 35.0 m, 설치일 2023-03-15T09:00:00+09:00.",
            "id": "sample_019_0028_000005",
            "annotations": []
        },
        {
            "sentence": "캘리브레이션 이력: ST-001은 2024-06-12T10:30:00+09:00에 다점보정 수행, 오프셋 +1.2 µg·m^-3, 기울기 보정 적용, 교정표 C-2024-06-12.pdf 참조.",
            "id": "sample_019_0028_000006",
            "annotations": []
        },
        {
            "sentence": "담당자: 노라윤; 생년월일: 1985-04-12; 성별: 여성; 사번: S-2023-045; 연락처: 010-1234-5678; 이메일: nora.yun@example.com; 근무처: 그린모니터링 연구소; 사무실 주소: 서울특별시 중구 세종대로 123-45.",
            "id": "sample_019_0028_000007",
            "annotations": [
                {
                    "word": "노라윤",
                    "start": 5,
                    "end": 8,
                    "label": "개인정보"
                },
                {
                    "word": "1985-04-12",
                    "start": 16,
                    "end": 26,
                    "label": "준식별자"
                },
                {
                    "word": "여성",
                    "start": 32,
                    "end": 34,
                    "label": "준식별자"
                },
                {
                    "word": "S-2023-045",
                    "start": 40,
                    "end": 50,
                    "label": "개인정보"
                },
                {
                    "word": "010-1234-5678",
                    "start": 57,
                    "end": 70,
                    "label": "개인정보"
                },
                {
                    "word": "nora.yun@example.com",
                    "start": 77,
                    "end": 97,
                    "label": "개인정보"
                },
                {
                    "word": "그린모니터링 연구소",
                    "start": 104,
                    "end": 114,
                    "label": "준식별자"
                },
                {
                    "word": "서울특별시 중구 세종대로 123-45",
                    "start": 124,
                    "end": 144,
                    "label": "개인정보"
                }
            ]
        },
        {
            "sentence": "측정 타임스탬프는 모두 ISO8601 형식으로 기록되며 예측/실측 데이터는 시간대 표기를 포함한다; 예: 2025-01-07T14:00:00+09:00.",
            "id": "sample_019_0028_000008",
            "annotations": []
        },
        {
            "sentence": "위치 표기는 WGS84 좌표계(소수점 4자리 이상)로 제공하며 사유지와 같은 민감 위치는 익명화 옵션을 적용한다.",
            "id": "sample_019_0028_000009",
            "annotations": []
        },
        {
            "sentence": "관제소 ST-001의 평균 PM2.5는 2025-01-07T14:00:00+09:00 기준 35.6 µg·m^-3으로 측정되었다; 공인 기준 초과 시 원인 분석을 메타데이터에 기록한다.",
            "id": "sample_019_0028_000010",
            "annotations": []
        },
        {
            "sentence": "NO2는 1시간 평균 0.042 ppm, O3는 최대 8시간 평균 0.070 ppm으로 규제 단위에 맞춰 보고하였다.",
            "id": "sample_019_0028_000011",
            "annotations": []
        },
        {
            "sentence": "지역 구분 예시는 부산광역시 해운대구 관할 내 4개 관측소로 구분되어 있으며 공간 해상도는 최소 수십미터 단위이다.",
            "id": "sample_019_0028_000012",
            "annotations": [
                {
                    "word": "부산광역시 해운대구",
                    "start": 10,
                    "end": 20,
                    "label": "준식별자"
                }
            ]
        },
        {
            "sentence": "수질 분석: 시료 ID WQ-202401, 채취일 2025-01-06T09:00:00+09:00, pH 7.4, DO 8.6 mg·L^-1, BOD 2.1 mg·L^-1, 납 Pb 0.015 mg·L^-1.",
            "id": "sample_019_0028_000013",
            "annotations": []
        },
        {
            "sentence": "토양 분석: 토양시료 SD-007의 납 120 mg·kg^-1, 카드뮴 2.5 mg·kg^-1, 해석은 현행 토양오염 기준과 비교하였다.",
            "id": "sample_019_0028_000014",
            "annotations": []
        },
        {
            "sentence": "소음 모니터링: LAeq(1h) 평균 58.2 dB, Lmax 84.6 dB로 산업지역 야간 규제기준을 초과한 시간대가 확인되었다.",
            "id": "sample_019_0028_000015",
            "annotations": []
        },
        {
            "sentence": "방사선 측정: 배경선량률 0.12 µSv·h^-1, 측정기는 GammaSense model GS-10이며 마지막 교정일은 2024-11-02T11:20:00+09:00이다.",
            "id": "sample_019_0028_000016",
            "annotations": []
        },
        {
            "sentence": "원격탐사 메타데이터: 이미지ID IMG-DRONE-20250105-001, 플랫폼 드론, 해상도 12 cm/pixel, 획득일 2025-01-05T10:15:00+09:00, 소스: DroneSurvey Co.",
            "id": "sample_019_0028_000017",
            "annotations": []
        },
        {
            "sentence": "시스템 및 보안 관련: 내부 서버 IP 192.168.100.5, 내부 파일 경로 C:\\internal\\configs\\secret.conf, 계좌번호 123-456-789012, 인트라넷 https://intranet.greenmon.local 은 기밀로 분류된다.",
            "id": "sample_019_0028_000018",
            "annotations": [
                {
                    "word": "192.168.100.5",
                    "start": 22,
                    "end": 35,
                    "label": "기밀정보"
                },
                {
                    "word": "C:\\internal\\configs\\secret.conf",
                    "start": 46,
                    "end": 77,
                    "label": "기밀정보"
                },
                {
                    "word": "123-456-789012",
                    "start": 84,
                    "end": 98,
                    "label": "기밀정보"
                },
                {
                    "word": "https://intranet.greenmon.local",
                    "start": 105,
                    "end": 136,
                    "label": "기밀정보"
                }
            ]
        },
        {
            "sentence": "데이터 품질 플래그는 validated, provisional, missing, flagged로 표기되며 각 플래그에 대한 상세 노트를 보관한다.",
            "id": "sample_019_0028_000019",
            "annotations": []
        },
        {
            "sentence": "현장 보수 로그: 2024-12-15T08:30:00+09:00에 기술자 우재형이 PM 센서 캘리브레이션을 수행하였고 교정표는 현장사진과 함께 저장되었다.",
            "id": "sample_019_0028_000020",
            "annotations": [
                {
                    "word": "우재형",
                    "start": 41,
                    "end": 44,
                    "label": "개인정보"
                }
            ]
        },
        {
            "sentence": "연속 시계열에서는 간헐적 결측과 센서 드리프트가 관찰되며, 드리프트 보정치와 적용 시점은 캘리브레이션 로그에 명시된다.",
            "id": "sample_019_0028_000021",
            "annotations": []
        },
        {
            "sentence": "이상치 탐지는 통계적 방법과 물리적 한계 검증을 병행하여 음수 농도나 물리적으로 불가능한 값은 제거하거나 플래그 처리한다.",
            "id": "sample_019_0028_000022",
            "annotations": []
        },
        {
            "sentence": "오염사고 보고: 2024-10-18T16:40:00+09:00에 인근 공장 배출 이상으로 NO2 급증이 보고되었으며 원인으로는 공정장치 이상이 확인되었다.",
            "id": "sample_019_0028_000023",
            "annotations": []
        },
        {
            "sentence": "규제보고용 데이터는 불변 로그와 provenance를 보유하며 감사 추적성을 확보하기 위해 블록체인 기반 해시를 메타데이터로 기록할 수 있다.",
            "id": "sample_019_0028_000024",
            "annotations": []
        },
        {
            "sentence": "권장 조치: PM 관측소의 재캘리브레이션을 2025-02-10T09:00:00+09:00로 예약하고 보수작업을 계획한다.",
            "id": "sample_019_0028_000025",
            "annotations": []
        },
        {
            "sentence": "검토자: 박민설; 검토일: 2025-01-08T11:00:00+09:00; 승인 여부는 내부 결재 절차에 따라 기록된다.",
            "id": "sample_019_0028_000026",
            "annotations": [
                {
                    "word": "박민설",
                    "start": 5,
                    "end": 8,
                    "label": "개인정보"
                }
            ]
        },
        {
            "sentence": "접근 제어: 데이터 접근 권한은 최소 권한 원칙에 따라 부여되며 민감 데이터는 암호화된 채널을 통해 전송된다.",
            "id": "sample_019_0028_000027",
            "annotations": []
        },
        {
            "sentence": "본 문서는 향후 규제 제출용 원본으로 보관되며, 추가 질문은 담당자에게 요청하도록 한다.",
            "id": "sample_019_0028_000028",
            "annotations": []
        }
    ]
}