{
    "document_id": "019_0057",
    "document_title": "도시·수역 통합 환경 모니터링 정밀보고서 (2025년 11월)",
    "data": [
        {
            "sentence": "본 문서는 도시 및 인근 수역의 대기·수질·토양·소음·방사선·기상 상태를 종합적으로 분석하기 위한 정밀보고서입니다.",
            "id": "sample_019_0057_000001",
            "annotations": []
        },
        {
            "sentence": "보고서 범위는 고정형 관측소, 이동형 센서, 현장랩 분석 및 원격탐사 데이터를 포함하며 감사 추적성(provenance)을 확보합니다.",
            "id": "sample_019_0057_000002",
            "annotations": []
        },
        {
            "sentence": "모든 타임스탬프는 ISO8601 표기법과 시간대(+09:00)를 사용하며 단위는 국제 표준(SI) 및 국내 규제기준을 따릅니다.",
            "id": "sample_019_0057_000003",
            "annotations": []
        },
        {
            "sentence": "데이터 품질 플래그(validated, provisional, missing, flagged)와 품질 관련 메모는 각 측정 레코드에 포함되어 있습니다.",
            "id": "sample_019_0057_000004",
            "annotations": []
        },
        {
            "sentence": "관측소 ID: STA-AQ-001, 위치(근사): 35.1630,129.1638 (WGS84), 행정구역: 부산광역시 해운대구, 고도: 12.5 m, 해상도 표기 기준을 준수합니다.",
            "id": "sample_019_0057_000005",
            "annotations": [
                {
                    "word": "부산광역시 해운대구",
                    "start": 60,
                    "end": 70,
                    "label": "준식별자"
                }
            ]
        },
        {
            "sentence": "STA-AQ-001 센서메타데이터: sensor_id=STA-AQ-001, 제조사=EnviroSense, 모델=ES-PM2025, 교정일=2025-08-15T09:30:00+09:00, 교정기관=국립환경연구원.",
            "id": "sample_019_0057_000006",
            "annotations": []
        },
        {
            "sentence": "해당 센서의 사양: PM2.5 정밀도 ±2 µg/m3, 드리프트 예상 0.5 µg/m3/월, 교정이력과 보정계수(traceable offsets)가 로그로 저장됩니다.",
            "id": "sample_019_0057_000007",
            "annotations": []
        },
        {
            "sentence": "대기시계열 예시(검증값): 2025-11-01T08:00:00+09:00 PM2.5=42 µg/m3 (validated), PM10=68 µg/m3 (validated), NO2=34 µg/m3 (provisional); 초과 원인 메타데이터: 인근 공사 비산먼지.",
            "id": "sample_019_0057_000008",
            "annotations": []
        },
        {
            "sentence": "오존(O3) 데이터는 네트워크 패킷 손실로 2025-11-01T09:15:00+09:00 구간에서 missing으로 표기되며 보정 후 provisional 처리됩니다.",
            "id": "sample_019_0057_000009",
            "annotations": []
        },
        {
            "sentence": "관측소 ID: STA-WQ-002, 위치: 37.3941,127.1055 (WGS84), 행정구역: 인천광역시 연수구, 수심관측 고도 기준으로 표기됩니다.",
            "id": "sample_019_0057_000010",
            "annotations": [
                {
                    "word": "인천광역시 연수구",
                    "start": 56,
                    "end": 65,
                    "label": "준식별자"
                }
            ]
        },
        {
            "sentence": "STA-WQ-002 랩샘플 메타데이터: sample_id=WQ-20251101-034, 채취일시=2025-11-01T10:20:00+09:00, 채취자 표기(익명처리) 및 냉장수송 조건이 명시됩니다.",
            "id": "sample_019_0057_000011",
            "annotations": []
        },
        {
            "sentence": "수질분석 결과: pH=7.8 (unitless, validated), DO=6.2 mg/L (validated), BOD5=4.5 mg/L (provisional), Pb(납)=0.015 mg/L (validated), Cd=0.002 mg/L (validated).",
            "id": "sample_019_0057_000012",
            "annotations": []
        },
        {
            "sentence": "토양조사는 사유지의 민감성으로 좌표를 익명화하여 표기하며 예시로 사유지(익명화) 위치(근사): 35.12,129.16, 반경 익명화=50 m로 처리했습니다.",
            "id": "sample_019_0057_000013",
            "annotations": []
        },
        {
            "sentence": "토양오염 지표: Pb=450 mg/kg (국가기준 초과), Cd=2.1 mg/kg, 유기오염물(NAPL 관련 지표)은 현장 관찰과 랩 결과를 교차검증했습니다.",
            "id": "sample_019_0057_000014",
            "annotations": []
        },
        {
            "sentence": "기상관측 센서메타데이터: sensor_id=MET-100A, 제조사=ClimaTech, 모델=CT-MET100A, 교정일=2025-07-10T14:00:00+09:00, 온도 정밀도 ±0.2 °C.",
            "id": "sample_019_0057_000015",
            "annotations": []
        },
        {
            "sentence": "기상관측 예시: 2025-11-01T07:00:00+09:00 기온=12.4 °C, 상대습도=78 % (relative%), 강수=5.6 mm/1h, 풍속=4.2 m/s, 풍향=NE(45°), 모든 단위는 SI 혹은 규제 표준을 사용합니다.",
            "id": "sample_019_0057_000016",
            "annotations": []
        },
        {
            "sentence": "소음모니터링: LAeq(1h)=63 dB, Lmax=82 dB 측정은 2025-11-01T21:00:00+09:00 구간의 1시간 평균으로 보고되며 장비 교정 이력은 로그에 보관됩니다.",
            "id": "sample_019_0057_000017",
            "annotations": []
        },
        {
            "sentence": "방사선 모니터링: 배경선량률=0.12 µSv/h, 비정상 상승시 알람 및 응답 프로토콜을 적용하며 측정 단위는 마이크로시버트 시간당(µSv/h)입니다.",
            "id": "sample_019_0057_000018",
            "annotations": []
        },
        {
            "sentence": "원격탐사 이미지 메타데이터: image_id=DR-20251101-089, 플랫폼=Drone-X7, 해상도=0.12 m/px, 획득일시=2025-11-01T11:05:00+09:00, 획득고도=120 m, 출처 및 처리파이프라인을 명시합니다.",
            "id": "sample_019_0057_000019",
            "annotations": []
        },
        {
            "sentence": "시스템 및 로그 보관: 불변 로그는 중앙저장소에 보관되며 서버 접속 로그 및 저장 위치 정보 예시: internal-log-server IP=10.240.3.12, 접근 제어가 적용됩니다.",
            "id": "sample_019_0057_000020",
            "annotations": [
                {
                    "word": "10.240.3.12",
                    "start": 79,
                    "end": 90,
                    "label": "기밀정보"
                }
            ]
        },
        {
            "sentence": "담당 연구원: 윤은서, 직위: 선임환경과학자, 역할: 데이터 검증 및 규제보고서 발행 준비를 담당합니다.",
            "id": "sample_019_0057_000021",
            "annotations": [
                {
                    "word": "윤은서",
                    "start": 8,
                    "end": 11,
                    "label": "개인정보"
                }
            ]
        },
        {
            "sentence": "검토 및 승인 절차: 내부 검토 후 승인자 명시(승인자: 이승혜) 및 승인 일시는 불변 로그에 기록됩니다.",
            "id": "sample_019_0057_000022",
            "annotations": [
                {
                    "word": "이승혜",
                    "start": 32,
                    "end": 35,
                    "label": "개인정보"
                }
            ]
        },
        {
            "sentence": "데이터 품질 요약: 전체 레코드 중 validated=82%, provisional=10%, missing=6%, flagged=2%로 집계되었으며 품질 저하 원인은 메타데이터에 상세 기재합니다.",
            "id": "sample_019_0057_000023",
            "annotations": []
        },
        {
            "sentence": "사건 보고: 2025-11-02T13:45:00+09:00에 관측된 유입 사고와 관련하여 현장 위치는 서울특별시 강동구 인근으로 보고되었으며 응급 대응이 실행되었습니다.",
            "id": "sample_019_0057_000024",
            "annotations": [
                {
                    "word": "서울특별시 강동구",
                    "start": 57,
                    "end": 66,
                    "label": "준식별자"
                }
            ]
        },
        {
            "sentence": "복구 및 권고사항: 즉시 원인조사, 오염원 차단, 추가 샘플링 및 48시간 간격 모니터링 강화 권고를 포함합니다.",
            "id": "sample_019_0057_000025",
            "annotations": []
        },
        {
            "sentence": "교정 및 검증 로그 요약: 모든 센서는 교정주기, 교정기관, 교정계수 및 이전 교정일(예: 2025-05-06T10:00:00+09:00)을 포함하여 불변 로그에 저장됩니다.",
            "id": "sample_019_0057_000026",
            "annotations": []
        },
        {
            "sentence": "네트워크 비동기성 처리: 패킷손실 및 지연으로 인한 타임스탬프 불일치는 보간과 보정계수를 적용하며 원본 로우데이터와 보정 로그를 모두 유지합니다.",
            "id": "sample_019_0057_000027",
            "annotations": []
        },
        {
            "sentence": "보고서 발행 및 서명: 발행자 주효인, 발행일시=2025-11-05T16:30:00+09:00, 향후 정기보고 일정과 담당자 연락체계는 내부 절차에 따릅니다.",
            "id": "sample_019_0057_000028",
            "annotations": [
                {
                    "word": "주효인",
                    "start": 17,
                    "end": 20,
                    "label": "개인정보"
                }
            ]
        }
    ]
}