{
    "document_id": "019_0084",
    "document_title": "통합 환경 모니터링 관측 및 품질보고서 - 2025년 01월",
    "data": [
        {
            "sentence": "본 보고서는 2025년 1월 기간 동안 수집된 대기·수질·토양·기상·소음·방사선 관측값과 품질검증 내역을 통합해 기술합니다.",
            "id": "sample_019_0084_000001",
            "annotations": []
        },
        {
            "sentence": "보고 목적은 규제 준수 점검, 이상 이벤트 원인 규명, 데이터 품질 개선을 위한 보정 이력 추적성 확보입니다.",
            "id": "sample_019_0084_000002",
            "annotations": []
        },
        {
            "sentence": "운영 담당자는 허예희(사번 2025-0099)이며 비상연락처는 010-1234-5678, 이메일은 heyi@example.org로 보고 및 기술 문의를 받습니다.",
            "id": "sample_019_0084_000003",
            "annotations": [
                {
                    "word": "허예희",
                    "start": 8,
                    "end": 11,
                    "label": "개인정보"
                },
                {
                    "word": "사번 2025-0099",
                    "start": 12,
                    "end": 24,
                    "label": "개인정보"
                },
                {
                    "word": "010-1234-5678",
                    "start": 35,
                    "end": 48,
                    "label": "개인정보"
                },
                {
                    "word": "heyi@example.org",
                    "start": 55,
                    "end": 71,
                    "label": "개인정보"
                }
            ]
        },
        {
            "sentence": "보고서 검증 및 분석 담당자는 신태홍이며 검증 로그와 모델링 결과의 2차 검토를 수행했습니다.",
            "id": "sample_019_0084_000004",
            "annotations": [
                {
                    "word": "신태홍",
                    "start": 17,
                    "end": 20,
                    "label": "개인정보"
                }
            ]
        },
        {
            "sentence": "대표 관측소 위치는 서울특별시 강남구 대치동 인근으로 표기하였으며 좌표는 WGS84 기준으로 위도 37.4945°, 경도 127.0656°, 고도 38 m로 기록합니다.",
            "id": "sample_019_0084_000005",
            "annotations": [
                {
                    "word": "서울특별시 강남구 대치동",
                    "start": 11,
                    "end": 24,
                    "label": "준식별자"
                }
            ]
        },
        {
            "sentence": "현장 자동기상관측장비의 동기화 기준시각은 2025-01-05T08:30:00+09:00로 모든 센서 로그는 이 타임스탬프에 맞춰 수집·정렬되었습니다.",
            "id": "sample_019_0084_000006",
            "annotations": [
                {
                    "word": "2025-01-05T08:30:00+09:00",
                    "start": 23,
                    "end": 48,
                    "label": "준식별자"
                }
            ]
        },
        {
            "sentence": "대기측정(분 단위): PM2.5, PM10, O3, NO2, SO2, CO는 2025-01-05T09:00:00+09:00에 측정된 대표값과 시간연속성을 기반으로 통계처리했습니다.",
            "id": "sample_019_0084_000007",
            "annotations": [
                {
                    "word": "2025-01-05T09:00:00+09:00",
                    "start": 43,
                    "end": 68,
                    "label": "준식별자"
                }
            ]
        },
        {
            "sentence": "수질 시료는 현장채취(병상 채취 ID 포함) 후 냉각이송으로 실험실에 인계되었고 분석결과는 BOD, COD, DO, pH, 중금속 별 농도로 보고합니다.",
            "id": "sample_019_0084_000008",
            "annotations": []
        },
        {
            "sentence": "주요 센서 메타데이터 예시: SensorID S-AN-0042, 제조사 AQMTech, 모델 AQ-2020, 최근 교정일 2024-11-15T10:00:00+09:00, 교정기관 인증번호는 내부기록에 따릅니다.",
            "id": "sample_019_0084_000009",
            "annotations": [
                {
                    "word": "2024-11-15T10:00:00+09:00",
                    "start": 68,
                    "end": 93,
                    "label": "준식별자"
                }
            ]
        },
        {
            "sentence": "교정이력에는 교정 전후 오프셋과 감도 변화량이 기록되어 있으며 해당 센서의 드리프트 보정계수와 적용일자가 함께 제공됩니다.",
            "id": "sample_019_0084_000010",
            "annotations": []
        },
        {
            "sentence": "대기값 단위는 마이크로그램 퍼 입방미터(µg·m^-3)와 부분적으로 O3, NO2 농도의 경우 ppb를 병기했으며 단위 일관성을 보고서 전반에서 유지했습니다.",
            "id": "sample_019_0084_000011",
            "annotations": []
        },
        {
            "sentence": "수질 단위는 pH 무단위, DO는 mg·L^-1, BOD/COD는 mg·L^-1, 중금속은 µg·L^-1 또는 mg·kg^-1(토양) 규제 기준에 맞춰 표기했습니다.",
            "id": "sample_019_0084_000012",
            "annotations": []
        },
        {
            "sentence": "토양 시료 분석은 납(Pb), 카드뮴(Cd) 및 대표 유기오염물(벤조피렌 등)을 포함하며 시료 깊이와 채취 좌표, 시료ID를 함께 기록했습니다.",
            "id": "sample_019_0084_000013",
            "annotations": []
        },
        {
            "sentence": "원격탐사 메타데이터: 이미지ID IMG_DR_20250105_001, 플랫폼 드론, 해상도 5 cm·px^-1, 취득일시 2025-01-05T08:35:00+09:00, 비행고도 120 m, 처리 스텝과 보정 정보 포함합니다.",
            "id": "sample_019_0084_000014",
            "annotations": [
                {
                    "word": "2025-01-05T08:35:00+09:00",
                    "start": 68,
                    "end": 93,
                    "label": "준식별자"
                }
            ]
        },
        {
            "sentence": "현장 소음측정은 A-가중치 실효값 LAeq와 단기 최대치 Lmax를 보고하며 측정 간격은 1분 평균으로 표준화했습니다.",
            "id": "sample_019_0084_000015",
            "annotations": []
        },
        {
            "sentence": "방사선량 측정은 배경선 검정을 수행한 후 단위 µSv·h^-1로 표기했으며 이상값은 자동 알람과 함께 플래그 처리했습니다.",
            "id": "sample_019_0084_000016",
            "annotations": []
        },
        {
            "sentence": "데이터 품질 플래그는 validated, provisional, missing, flagged로 구분되며 각 플래그에 대한 정의와 전환 이력을 메타데이터로 첨부했습니다.",
            "id": "sample_019_0084_000017",
            "annotations": []
        },
        {
            "sentence": "결측 및 이상치 패턴은 센서 통신 장애, 전원공급 불안정, 기상급변에 따른 물리적 요인으로 분류하고 원인에 따른 보정 및 주석을 추가했습니다.",
            "id": "sample_019_0084_000018",
            "annotations": []
        },
        {
            "sentence": "1월 5일 07시~10시 사이의 PM2.5 급증 사건은 국지적 난기류와 인근 공사 영향으로 추정되며 모델 역추적 결과 주요 오염원으로 건설장비에서 배출된 재비산이 지목되었습니다.",
            "id": "sample_019_0084_000019",
            "annotations": []
        },
        {
            "sentence": "데이터 검증은 2단계로 수행되었으며 1차 자동 필터링 이후 신태홍이 수동 검토를 통해 이상탐지 결과를 확정하고 검증 로그에 서명했습니다.",
            "id": "sample_019_0084_000020",
            "annotations": []
        },
        {
            "sentence": "규제보고용 출력파일은 변경 불가한 해시와 타임스탬프가 포함된 불변 로그로 저장되어 감사 추적성(provenance)을 확보했습니다.",
            "id": "sample_019_0084_000021",
            "annotations": []
        },
        {
            "sentence": "네트워크 전송 지연 및 패킷 손실로 인한 비동기성 처리를 고려해 타임스탬프 정렬 알고리즘과 보간 처리 규칙을 명시했습니다.",
            "id": "sample_019_0084_000022",
            "annotations": []
        },
        {
            "sentence": "개인정보 및 위치 프라이버시 준수를 위해 사유지 좌표는 익명화 옵션을 적용했으며 공개 데이터에서는 행정구역 수준까지로 제한했습니다.",
            "id": "sample_019_0084_000023",
            "annotations": []
        },
        {
            "sentence": "데이터 출처 표기는 센서(SensorID), 랩(분석기관명), 원격탐사(플랫폼)로 구분해 모든 측정값에 출처 메타데이터를 연결했습니다.",
            "id": "sample_019_0084_000024",
            "annotations": []
        },
        {
            "sentence": "운영 시스템 관련 민감 정보는 내부 보안정책에 따라 비공개로 관리하며 예시로 데이터 서버 IP 10.10.55.7과 내부 접속 URL이 존재합니다.",
            "id": "sample_019_0084_000025",
            "annotations": [
                {
                    "word": "10.10.55.7",
                    "start": 53,
                    "end": 63,
                    "label": "기밀정보"
                }
            ]
        },
        {
            "sentence": "원자료(raw) 및 처리 산출물은 내부 스토리지 경로 /srv/envmon/data/2025/raw 및 버전 관리 정책에 따라 접근 통제가 적용됩니다.",
            "id": "sample_019_0084_000026",
            "annotations": [
                {
                    "word": "/srv/envmon/data/2025/raw",
                    "start": 30,
                    "end": 55,
                    "label": "기밀정보"
                }
            ]
        },
        {
            "sentence": "비상보고 절차와 연락망은 내부 문서로 유지되며 비공개 항목에는 접근 권한 로그를 남겨 보안과 운영 연속성을 확보합니다.",
            "id": "sample_019_0084_000027",
            "annotations": []
        },
        {
            "sentence": "결론 및 권고: 교정주기 단축, 현장 전원 안정화, 원격탐사 횟수 증대, 규제초과 항목에 대한 즉각적 원인조사와 보건·안전 대응을 권고합니다.",
            "id": "sample_019_0084_000028",
            "annotations": []
        }
    ]
}