{
    "document_id": "019_0077",
    "document_title": "지역 환경 모니터링 관측·보정·검증 통합보고서",
    "data": [
        {
            "sentence": "보고서 개요: 본 문서는 2026년 01월 기준으로 수행된 지역 환경 모니터링 관측 내역과 보정·검증 로그를 종합하여 기술합니다.",
            "id": "sample_019_0077_000001",
            "annotations": []
        },
        {
            "sentence": "관측 대상은 대기(PM2.5, PM10, O3, NO2, SO2, CO), 수질(pH, DO, BOD, COD, 중금속), 토양(납, 카드뮴) 및 기상 요소로 구성됩니다.",
            "id": "sample_019_0077_000002",
            "annotations": []
        },
        {
            "sentence": "모든 타임스탬프는 ISO8601 형식으로 표기하며 예: 2026-01-07T14:30:00+09:00 로 기록합니다.",
            "id": "sample_019_0077_000003",
            "annotations": []
        },
        {
            "sentence": "센서 메타데이터: sensorID=SN-ENV-2026-0001, 제조사=EnvSense Co., 모델=AS-3000, 설치위치 WGS84(37.4979,127.0276,고도15m), 설치일 2025-11-20T08:00:00+09:00.",
            "id": "sample_019_0077_000004",
            "annotations": []
        },
        {
            "sentence": "캘리브레이션 이력: SN-ENV-2026-0001은 2026-01-05T10:15:00+09:00에 표준입자계(NIST traceable)로 캘리브레이션 되었으며 오차 ±3%로 보고되었습니다.",
            "id": "sample_019_0077_000005",
            "annotations": []
        },
        {
            "sentence": "운영담당자 연락처: 심차은(생년월일 1985-07-23), 휴대폰 010-1234-5678, 이메일 sceun@envlab.kr 로 긴급연락을 권장합니다.",
            "id": "sample_019_0077_000006",
            "annotations": [
                {
                    "word": "심차은",
                    "start": 11,
                    "end": 14,
                    "label": "개인정보"
                },
                {
                    "word": "1985-07-23",
                    "start": 20,
                    "end": 30,
                    "label": "준식별자"
                },
                {
                    "word": "010-1234-5678",
                    "start": 37,
                    "end": 50,
                    "label": "개인정보"
                },
                {
                    "word": "sceun@envlab.kr",
                    "start": 56,
                    "end": 71,
                    "label": "개인정보"
                }
            ]
        },
        {
            "sentence": "보정 로그에는 센서 드리프트 보정값(offset)=+2.5 µg/m3(2026-01-05T11:00:00+09:00, 보정사유: 센서 노화) 및 검증 상태 validated로 기록되어 있습니다.",
            "id": "sample_019_0077_000007",
            "annotations": []
        },
        {
            "sentence": "데이터 품질 플래그: validated, provisional, missing, flagged 중 상태를 표기하며 각 레코드에 신뢰도(0-1) 값을 부여합니다.",
            "id": "sample_019_0077_000008",
            "annotations": []
        },
        {
            "sentence": "현장 관측 시계열 샘플: 2026-01-07T14:30:00+09:00 PM2.5=35 µg/m3(validated), PM10=48 µg/m3(provisional), O3=0.060 mg/m3(validated).",
            "id": "sample_019_0077_000009",
            "annotations": []
        },
        {
            "sentence": "기상 관측 예: 2026-01-07T14:30:00+09:00 온도=5.2 °C, 상대습도=62 %, 풍속=3.4 m/s, 풍향=NW, 강수량 누적=0.0 mm.",
            "id": "sample_019_0077_000010",
            "annotations": []
        },
        {
            "sentence": "AQI 계산: 시계열 데이터를 기반으로 한 시간평균 및 24시간 평균을 사용하여 대기질지수(AQI)를 산출하며 해당 시간대 AQI는 98(보통)으로 분류됩니다.",
            "id": "sample_019_0077_000011",
            "annotations": []
        },
        {
            "sentence": "수질 분석: 채수ID=WT-2026-0007, 채수위치 WGS84(35.1631,129.1638,고도12m), 채수시간 2026-01-06T09:20:00+09:00, pH=7.4, DO=8.1 mg/L, BOD=3.2 mg/L.",
            "id": "sample_019_0077_000012",
            "annotations": []
        },
        {
            "sentence": "실험실 분석 메타: 분석기관=대한환경연구소, 분석법=표준분석법 K-ISO 5667, 분석일 2026-01-07T16:00:00+09:00, 결과의 불확실도 ±5%.",
            "id": "sample_019_0077_000013",
            "annotations": [
                {
                    "word": "대한환경연구소",
                    "start": 16,
                    "end": 23,
                    "label": "준식별자"
                }
            ]
        },
        {
            "sentence": "현장 이벤트: 2026-01-05T13:45:00+09:00에 국지적 배출 사고 의심(공장 방출)으로 PM2.5가 급증하였고 원인 추적을 위한 추가 샘플을 채취하였습니다.",
            "id": "sample_019_0077_000014",
            "annotations": []
        },
        {
            "sentence": "오염 사고 보고서에는 관찰자, 현장사진(imageID=DRONE-IMG-00089, 플랫폼=drone, 해상도=0.05 m/pixel) 및 초기조치가 포함됩니다.",
            "id": "sample_019_0077_000015",
            "annotations": []
        },
        {
            "sentence": "원격탐사 메타데이터: 위성ID=SEN-III-7, 획득일 2026-01-06T10:05:00+09:00, 밴드수=6, 해상도=10 m, 촬영각 및 구름비가 기록됩니다.",
            "id": "sample_019_0077_000016",
            "annotations": []
        },
        {
            "sentence": "수질 중금속 분석: 납 Pb=0.015 mg/L, 카드뮴 Cd=0.0008 mg/L, 분석법 및 검량선은 보고서 부록에 첨부됩니다.",
            "id": "sample_019_0077_000017",
            "annotations": []
        },
        {
            "sentence": "토양 시료: 시료ID=SOIL-2026-004, 위치 WGS84(37.5121,127.0364,고도20m), 납=120 mg/kg, 카드뮴=1.8 mg/kg, 시료채취방법 표준 준수.",
            "id": "sample_019_0077_000018",
            "annotations": []
        },
        {
            "sentence": "소음 모니터링: LAeq(1h)=58 dB, Lmax=75 dB, 장비ID=SOUND-200, 보정일 2025-12-10T09:00:00+09:00.",
            "id": "sample_019_0077_000019",
            "annotations": []
        },
        {
            "sentence": "데이터 동기화 로그: 일부 센서에서 네트워크 지연 및 패킷 손실이 발생했고 비동기 처리로 보정되어 집계되었습니다.",
            "id": "sample_019_0077_000020",
            "annotations": []
        },
        {
            "sentence": "규제 준수: 특정 지점에서 측정된 PM2.5가 기준 초과 시 원인(기상악화, 공장 배출 등)을 메타데이터로 첨부하고 관련 관할기관에 보고합니다.",
            "id": "sample_019_0077_000021",
            "annotations": []
        },
        {
            "sentence": "개인정보 및 보안: 현장 관련 개인 식별정보는 암호화 저장하며 위치 민감구간(사유지)은 익명화 처리합니다.",
            "id": "sample_019_0077_000022",
            "annotations": []
        },
        {
            "sentence": "민원·보고 접수: 담당자 차우영(사번 20210456)이 초기응대하였고 내부 결재선으로 승인이 진행되었습니다.",
            "id": "sample_019_0077_000023",
            "annotations": [
                {
                    "word": "차우영",
                    "start": 14,
                    "end": 17,
                    "label": "개인정보"
                },
                {
                    "word": "사번 20210456",
                    "start": 18,
                    "end": 29,
                    "label": "개인정보"
                }
            ]
        },
        {
            "sentence": "시군구 기반 위치 표기 예시: 서울특별시 강남구, 부산광역시 해운대구 등 행정구역은 준식별자로 분류하여 취급합니다.",
            "id": "sample_019_0077_000024",
            "annotations": [
                {
                    "word": "서울특별시 강남구",
                    "start": 17,
                    "end": 26,
                    "label": "준식별자"
                },
                {
                    "word": "부산광역시 해운대구",
                    "start": 28,
                    "end": 38,
                    "label": "준식별자"
                }
            ]
        },
        {
            "sentence": "감사 추적성: 규제 보고 데이터는 불변 로그에 저장되며 provenance 정보(센서ID, 캘리브레이션, 검증자)를 포함합니다.",
            "id": "sample_019_0077_000025",
            "annotations": []
        },
        {
            "sentence": "보안 관련 기밀: 내부 서버 접속은 제한되며 모니터링 시스템의 테스트서버 IP는 192.168.10.5로 내부 관리 문서에만 기재되어 있습니다.",
            "id": "sample_019_0077_000026",
            "annotations": [
                {
                    "word": "192.168.10.5",
                    "start": 45,
                    "end": 57,
                    "label": "기밀정보"
                }
            ]
        },
        {
            "sentence": "재무 항목 예: 프로젝트 계좌번호 110-123-456789, 예산 집행 내역은 내부 결재 및 회계검증을 거칩니다.",
            "id": "sample_019_0077_000027",
            "annotations": [
                {
                    "word": "계좌번호 110-123-456789",
                    "start": 14,
                    "end": 33,
                    "label": "기밀정보"
                }
            ]
        },
        {
            "sentence": "참고 및 권고: 추가 데이터 접근은 접근권한 심사를 거쳐야 하며 보고서 최종본은 연간보고용으로 보존됩니다.",
            "id": "sample_019_0077_000028",
            "annotations": []
        }
    ]
}