﻿word,document,sentence,label
송재훈,019_0001,sample_019_0001_000002,개인정보
한강환경센터,019_0001,sample_019_0001_000002,준식별자
장라엘,019_0001,sample_019_0001_000003,개인정보
010-1234-5678,019_0001,sample_019_0001_000003,개인정보
20220456,019_0001,sample_019_0001_000003,개인정보
"서울특별시 성동구 왕십리로 123, 3층",019_0001,sample_019_0001_000004,개인정보
admin_song,019_0001,sample_019_0001_000010,기밀정보
192.168.10.45,019_0001,sample_019_0001_000010,기밀정보
DOC-INV-2025-078,019_0001,sample_019_0001_000010,기밀정보
한강수질분석소,019_0001,sample_019_0001_000012,준식별자
황선호,019_0001,sample_019_0001_000019,개인정보
방혜경,019_0001,sample_019_0001_000020,개인정보
bhk@hanriver.or.kr,019_0001,sample_019_0001_000020,개인정보
02-2100-8899,019_0001,sample_019_0001_000020,개인정보
123-45-678901,019_0001,sample_019_0001_000028,기밀정보
admin_song,019_0001,sample_019_0001_000029,기밀정보
한준오,019_0002,sample_019_0002_000003,개인정보
2024-0456,019_0002,sample_019_0002_000003,개인정보
010-9123-4567,019_0002,sample_019_0002_000003,개인정보
han.juno@envlab.kr,019_0002,sample_019_0002_000003,개인정보
경기도,019_0002,sample_019_0002_000005,준식별자
성남시,019_0002,sample_019_0002_000005,준식별자
분당구,019_0002,sample_019_0002_000005,준식별자
경기도 성남시 분당구 정자동 123-45,019_0002,sample_019_0002_000006,개인정보
정자동,019_0002,sample_019_0002_000006,준식별자
손다영,019_0002,sample_019_0002_000008,개인정보
2024,019_0002,sample_019_0002_000008,준식별자
05,019_0002,sample_019_0002_000008,준식별자
12,019_0002,sample_019_0002_000008,준식별자
곽보겸,019_0002,sample_019_0002_000012,개인정보
192.168.10.45,019_0002,sample_019_0002_000020,기밀정보
env_admin,019_0002,sample_019_0002_000020,기밀정보
110-234-567890,019_0002,sample_019_0002_000021,기밀정보
한휘,019_0002,sample_019_0002_000027,개인정보
주인선,019_0002,sample_019_0002_000028,개인정보
성용건,019_0003,sample_019_0003_000002,개인정보
2025-06-15T09:00:00+09:00,019_0003,sample_019_0003_000003,준식별자
경기도 화성시,019_0003,sample_019_0003_000004,준식별자
2025-05-30T14:30:00+09:00,019_0003,sample_019_0003_000006,준식별자
원소라,019_0003,sample_019_0003_000008,개인정보
INV-2023-0456,019_0003,sample_019_0003_000010,기밀정보
서울특별시 마포구,019_0003,sample_019_0003_000012,준식별자
2025-06-15T09:05:00+09:00,019_0003,sample_019_0003_000015,준식별자
2025-06-14T12:00:00+09:00,019_0003,sample_019_0003_000018,준식별자
2025-06-01T00:00:00+09:00,019_0003,sample_019_0003_000022,준식별자
2025-06-15T23:59:59+09:00,019_0003,sample_019_0003_000022,준식별자
2025-06-12T18:40:00+09:00,019_0003,sample_019_0003_000023,준식별자
전라남도 여수시,019_0003,sample_019_0003_000026,준식별자
구여온,019_0003,sample_019_0003_000028,개인정보
원이음,019_0004,sample_019_0004_000002,개인정보
지재아,019_0004,sample_019_0004_000008,개인정보
서울특별시,019_0004,sample_019_0004_000010,준식별자
송파구,019_0004,sample_019_0004_000010,준식별자
문정동 123-45,019_0004,sample_019_0004_000010,개인정보
부산광역시,019_0004,sample_019_0004_000011,준식별자
해운대구,019_0004,sample_019_0004_000011,준식별자
1985,019_0004,sample_019_0004_000012,준식별자
07,019_0004,sample_019_0004_000012,준식별자
12,019_0004,sample_019_0004_000012,준식별자
여성,019_0004,sample_019_0004_000012,준식별자
현장기술원,019_0004,sample_019_0004_000012,준식별자
010-1234-5678,019_0004,sample_019_0004_000013,개인정보
jhkim@example.org,019_0004,sample_019_0004_000014,개인정보
2023-0007,019_0004,sample_019_0004_000015,개인정보
한국환경연구원,019_0004,sample_019_0004_000016,준식별자
10.254.32.11,019_0004,sample_019_0004_000017,기밀정보
110-123-456789,019_0004,sample_019_0004_000018,기밀정보
연구부장-운영팀장,019_0004,sample_019_0004_000019,기밀정보
방창욱,019_0004,sample_019_0004_000019,개인정보
안가비,019_0004,sample_019_0004_000021,개인정보
주택현,019_0004,sample_019_0004_000025,개인정보
/srv/data/prov/2025/rep_019,019_0004,sample_019_0004_000026,기밀정보
손이수,019_0005,sample_019_0005_000004,개인정보
2023-045,019_0005,sample_019_0005_000004,개인정보
010-2345-6789,019_0005,sample_019_0005_000004,개인정보
sisu@envcorp.kr,019_0005,sample_019_0005_000004,개인정보
경기도 성남시 분당구 분당로 123-45,019_0005,sample_019_0005_000005,개인정보
성남시,019_0005,sample_019_0005_000006,준식별자
분당구,019_0005,sample_019_0005_000006,준식별자
국립환경분석연구소,019_0005,sample_019_0005_000012,준식별자
10.0.12.34,019_0005,sample_019_0005_000020,기밀정보
/corp-files/env/reports/2025/analysis_final.xlsx,019_0005,sample_019_0005_000020,기밀정보
123-456-789012,019_0005,sample_019_0005_000020,기밀정보
정서담,019_0005,sample_019_0005_000024,개인정보
여,019_0005,sample_019_0005_000024,준식별자
국립환경모니터링센터,019_0005,sample_019_0005_000024,준식별자
황성혜,019_0005,sample_019_0005_000028,개인정보
부산광역시 해운대구,019_0006,sample_019_0006_000009,준식별자
양채안,019_0006,sample_019_0006_000018,개인정보
010-1234-5678,019_0006,sample_019_0006_000018,개인정보
yang@example.org,019_0006,sample_019_0006_000018,개인정보
권두산,019_0006,sample_019_0006_000019,개인정보
CNTR-2025-019,019_0006,sample_019_0006_000019,기밀정보
192.168.1.10,019_0006,sample_019_0006_000020,기밀정보
/srv/data/monitoring/2025/,019_0006,sample_019_0006_000020,기밀정보
123-456-789012,019_0006,sample_019_0006_000021,기밀정보
원명진,019_0007,sample_019_0007_000002,개인정보
사번 20231234,019_0007,sample_019_0007_000002,개인정보
010-1234-5678,019_0007,sample_019_0007_000002,개인정보
won.mj@example.org,019_0007,sample_019_0007_000002,개인정보
광주광역시,019_0007,sample_019_0007_000006,준식별자
북구,019_0007,sample_019_0007_000006,준식별자
1985-06-15,019_0007,sample_019_0007_000008,준식별자
류해윤,019_0007,sample_019_0007_000010,개인정보
10.10.200.15,019_0007,sample_019_0007_000012,기밀정보
env_collector_admin,019_0007,sample_019_0007_000012,기밀정보
\\internal\\env\\protocol.pdf,019_0007,sample_019_0007_000012,기밀정보
원명진,019_0007,sample_019_0007_000027,개인정보
서울특별시 강남구,019_0008,sample_019_0008_000003,준식별자
"서울특별시 강남구 테헤란로 123, 5층",019_0008,sample_019_0008_000004,개인정보
심재의,019_0008,sample_019_0008_000005,개인정보
sim.jaeui@envlab.kr,019_0008,sample_019_0008_000006,개인정보
010-1234-5678,019_0008,sample_019_0008_000007,개인정보
백지후,019_0008,sample_019_0008_000008,개인정보
EMP-2024-045,019_0008,sample_019_0008_000008,개인정보
/opt/envlab/secure/audit.log,019_0008,sample_019_0008_000021,기밀정보
10.0.2.15,019_0008,sample_019_0008_000022,기밀정보
vpn.envlab.internal,019_0008,sample_019_0008_000022,기밀정보
110-000-123456,019_0008,sample_019_0008_000023,기밀정보
황지율,019_0008,sample_019_0008_000026,개인정보
황지율,019_0008,sample_019_0008_000027,개인정보
/srv/data/private/audit.log,019_0008,sample_019_0008_000028,기밀정보
monitoring@envcity.kr,019_0008,sample_019_0008_000029,개인정보
박상문,019_0008,sample_019_0008_000030,개인정보
서울특별시,019_0009,sample_019_0009_000007,준식별자
은평구,019_0009,sample_019_0009_000007,준식별자
박재희,019_0009,sample_019_0009_000008,개인정보
20231234,019_0009,sample_019_0009_000008,개인정보
성종율,019_0009,sample_019_0009_000013,개인정보
문수련,019_0009,sample_019_0009_000021,개인정보
백현식,019_0009,sample_019_0009_000021,개인정보
박재희,019_0009,sample_019_0009_000021,개인정보
10.254.1.12,019_0009,sample_019_0009_000023,기밀정보
/srv/prod/sensors/config.yml,019_0009,sample_019_0009_000023,기밀정보
성종율,019_0009,sample_019_0009_000026,개인정보
박재희,019_0009,sample_019_0009_000028,개인정보
신진경,019_0009,sample_019_0009_000028,개인정보
경기도 수원시 팔달구,019_0010,sample_019_0010_000002,준식별자
심자은,019_0010,sample_019_0010_000005,개인정보
010-9876-5432,019_0010,sample_019_0010_000005,개인정보
sjaeun@envlab.kr,019_0010,sample_019_0010_000005,개인정보
"경기도 수원시 팔달구 매산로 30-12, 3층",019_0010,sample_019_0010_000006,개인정보
2025-03-15T09:00:00+09:00,019_0010,sample_019_0010_000007,준식별자
2025-03-15T09:05:00+09:00,019_0010,sample_019_0010_000008,준식별자
2025-03-15T09:10:00+09:00,019_0010,sample_019_0010_000010,준식별자
2025-03-15T09:10:00+09:00,019_0010,sample_019_0010_000011,준식별자
2025-03-15T10:30:00+09:00,019_0010,sample_019_0010_000013,준식별자
신주혜,019_0010,sample_019_0010_000013,개인정보
2025-03-15T09:00:00+09:00,019_0010,sample_019_0010_000016,준식별자
2025-03-15T09:12:30+09:00,019_0010,sample_019_0010_000018,준식별자
2025-03-15T11:05:00+09:00,019_0010,sample_019_0010_000020,준식별자
/var/data/env_monitor/2024/obs.db,019_0010,sample_019_0010_000022,기밀정보
192.168.1.45,019_0010,sample_019_0010_000022,기밀정보
vpn.env.local,019_0010,sample_019_0010_000022,기밀정보
EMP-2024-045,019_0010,sample_019_0010_000024,개인정보
임기환,019_0010,sample_019_0010_000024,개인정보
신병철,019_0010,sample_019_0010_000028,개인정보
서푸름,019_0010,sample_019_0010_000028,개인정보
류난영,019_0010,sample_019_0010_000028,개인정보
노해미,019_0011,sample_019_0011_000014,개인정보
고미화,019_0011,sample_019_0011_000018,개인정보
원경빈,019_0011,sample_019_0011_000020,개인정보
010-1234-5678,019_0011,sample_019_0011_000020,개인정보
wonkb@example.com,019_0011,sample_019_0011_000020,개인정보
20230123,019_0011,sample_019_0011_000020,개인정보
서울특별시 중구 을지로 100-12,019_0011,sample_019_0011_000020,개인정보
성별: 남,019_0011,sample_019_0011_000020,준식별자
생년월일: 1985-07-12,019_0011,sample_019_0011_000020,준식별자
한국환경과학원,019_0011,sample_019_0011_000020,준식별자
서울특별시 중구,019_0011,sample_019_0011_000019,준식별자
10.8.0.5,019_0011,sample_019_0011_000021,기밀정보
/srv/data/private/audit.log,019_0011,sample_019_0011_000021,기밀정보
123-456-789012,019_0011,sample_019_0011_000021,기밀정보
최주율,019_0011,sample_019_0011_000027,개인정보
진규원,019_0012,sample_019_0012_000004,개인정보
010-1234-5678,019_0012,sample_019_0012_000004,개인정보
jinkyuwon@envlab.kr,019_0012,sample_019_0012_000004,개인정보
사번 2023-0456,019_0012,sample_019_0012_000005,개인정보
"서울특별시 강남구 테헤란로 123, 5층",019_0012,sample_019_0012_000006,개인정보
진현담,019_0012,sample_019_0012_000007,개인정보
1990-03-25,019_0012,sample_019_0012_000007,준식별자
부산광역시 해운대구,019_0012,sample_019_0012_000008,준식별자
현장기사,019_0012,sample_019_0012_000009,준식별자
나승기,019_0012,sample_019_0012_000009,개인정보
10.0.4.23,019_0012,sample_019_0012_000010,기밀정보
/srv/data/prod/aqi_db,019_0012,sample_019_0012_000010,기밀정보
vpn.internal.env:1194,019_0012,sample_019_0012_000011,기밀정보
env_admin,019_0012,sample_019_0012_000011,기밀정보
권서린,019_0012,sample_019_0012_000012,개인정보
한유린,019_0012,sample_019_0012_000025,개인정보
경기도 성남시 수정구,019_0013,sample_019_0013_000005,준식별자
방경석,019_0013,sample_019_0013_000020,개인정보
신영순,019_0013,sample_019_0013_000020,개인정보
2021-1023,019_0013,sample_019_0013_000020,개인정보
2023-0456,019_0013,sample_019_0013_000020,개인정보
env_admin,019_0013,sample_019_0013_000021,기밀정보
10.8.32.12,019_0013,sample_019_0013_000021,기밀정보
2025-11-15T09:30:00+09:00,019_0014,sample_019_0014_000003,준식별자
2025-06-01T10:00:00+09:00,019_0014,sample_019_0014_000007,준식별자
sftp://internal.env.local/data/2025/water/WQ-20251115-001,019_0014,sample_019_0014_000008,기밀정보
2025-11-15T09:25:00+09:00,019_0014,sample_019_0014_000009,준식별자
2025-11-15T09:30:00+09:00,019_0014,sample_019_0014_000010,준식별자
2025-11-15T08:45:00+09:00,019_0014,sample_019_0014_000012,준식별자
10.8.0.12,019_0014,sample_019_0014_000019,기밀정보
공재웅,019_0014,sample_019_0014_000020,개인정보
사번: 20204567,019_0014,sample_019_0014_000020,개인정보
김소원,019_0014,sample_019_0014_000021,개인정보
kim.sowon@envdept.kr,019_0014,sample_019_0014_000021,개인정보
2025-11-14T22:00:00+09:00,019_0014,sample_019_0014_000022,준식별자
서울특별시 강남구,019_0014,sample_019_0014_000005,준식별자
2025-06-01T10:00:00+09:00,019_0014,sample_019_0014_000025,준식별자
배경택,019_0014,sample_019_0014_000025,개인정보
주서후,019_0015,sample_019_0015_000002,개인정보
010-1234-5678,019_0015,sample_019_0015_000002,개인정보
juseohu@envlab.kr,019_0015,sample_019_0015_000002,개인정보
정도경,019_0015,sample_019_0015_000003,개인정보
2023-0017,019_0015,sample_019_0015_000003,개인정보
한국환경연구소,019_0015,sample_019_0015_000003,준식별자
서울특별시 강남구,019_0015,sample_019_0015_000004,준식별자
서울특별시 강남구 역삼동,019_0015,sample_019_0015_000005,준식별자
조경숙,019_0015,sample_019_0015_000009,개인정보
/srv/prod/data/2025/raw/pm25.bin,019_0015,sample_019_0015_000016,기밀정보
svc_env_monitor,019_0015,sample_019_0015_000016,기밀정보
192.168.0.12,019_0015,sample_019_0015_000017,기밀정보
류영채,019_0015,sample_019_0015_000020,개인정보
PROJ-2025-77,019_0015,sample_019_0015_000020,기밀정보
조란,019_0015,sample_019_0015_000022,개인정보
\\internal\\env\\reports\\2025\\confidential.pdf,019_0015,sample_019_0015_000023,기밀정보
110-123-456789,019_0015,sample_019_0015_000024,기밀정보
정영우,019_0015,sample_019_0015_000025,개인정보
서울특별시 강남구 테헤란로 12-34 (2층),019_0015,sample_019_0015_000029,개인정보
백이안,019_0016,sample_019_0016_000003,개인정보
2025,019_0016,sample_019_0016_000003,준식별자
11,019_0016,sample_019_0016_000003,준식별자
15,019_0016,sample_019_0016_000003,준식별자
2025,019_0016,sample_019_0016_000005,준식별자
11,019_0016,sample_019_0016_000005,준식별자
15,019_0016,sample_019_0016_000005,준식별자
수원시,019_0016,sample_019_0016_000009,준식별자
영통구,019_0016,sample_019_0016_000009,준식별자
장지섭,019_0016,sample_019_0016_000010,개인정보
원경선,019_0016,sample_019_0016_000014,개인정보
2025,019_0016,sample_019_0016_000014,준식별자
11,019_0016,sample_019_0016_000014,준식별자
30,019_0016,sample_019_0016_000014,준식별자
10.8.0.12,019_0016,sample_019_0016_000016,기밀정보
env_admin,019_0016,sample_019_0016_000016,기밀정보
서울특별시,019_0016,sample_019_0016_000019,준식별자
중구,019_0016,sample_019_0016_000019,준식별자
백이안,019_0016,sample_019_0016_000021,개인정보
jang.jiseop@envdept.kr,019_0016,sample_019_0016_000024,개인정보
장지섭,019_0016,sample_019_0016_000024,개인정보
노상호,019_0017,sample_019_0017_000003,개인정보
사번 2021-045,019_0017,sample_019_0017_000003,개인정보
1985-07-12,019_0017,sample_019_0017_000003,준식별자
서울특별시 강서구 마곡동 123-45,019_0017,sample_019_0017_000004,개인정보
서울특별시 강서구,019_0017,sample_019_0017_000011,준식별자
10.0.2.15,019_0017,sample_019_0017_000019,기밀정보
vpn.enviro.local,019_0017,sample_019_0017_000025,기밀정보
조한유,019_0017,sample_019_0017_000023,개인정보
민재유,019_0017,sample_019_0017_000024,개인정보
최장미,019_0017,sample_019_0017_000029,개인정보
배주용,019_0018,sample_019_0018_000002,개인정보
010-1234-5678,019_0018,sample_019_0018_000002,개인정보
bae.jy@example.com,019_0018,sample_019_0018_000002,개인정보
하승목,019_0018,sample_019_0018_000003,개인정보
A-10023,019_0018,sample_019_0018_000003,개인정보
경기도 수원시 권선구 공장로 12번길 34-5,019_0018,sample_019_0018_000005,개인정보
경기도 수원시 권선구,019_0018,sample_019_0018_000005,준식별자
서울특별시 관악구,019_0018,sample_019_0018_000006,준식별자
10.0.12.45,019_0018,sample_019_0018_000007,기밀정보
vpn.env.internal,019_0018,sample_019_0018_000007,기밀정보
110-123456-789,019_0018,sample_019_0018_000008,기밀정보
하다솔,019_0018,sample_019_0018_000010,개인정보
채송현,019_0018,sample_019_0018_000014,개인정보
유종석,019_0018,sample_019_0018_000026,개인정보
문담,019_0018,sample_019_0018_000026,개인정보
천대근,019_0018,sample_019_0018_000026,개인정보
env_admin,019_0018,sample_019_0018_000027,기밀정보
/srv/data/private/report_20260108,019_0018,sample_019_0018_000027,기밀정보
2026-01-08T10:15:00+09:00,019_0019,sample_019_0019_000002,준식별자
홍필준,019_0019,sample_019_0019_000003,개인정보
유지유,019_0019,sample_019_0019_000004,개인정보
2026-01-08T12:00:00+09:00,019_0019,sample_019_0019_000004,준식별자
2026-01-07T00:00:00+09:00,019_0019,sample_019_0019_000005,준식별자
2026-01-07T23:59:00+09:00,019_0019,sample_019_0019_000005,준식별자
서울특별시 서초구,019_0019,sample_019_0019_000010,준식별자
2025-12-15T09:00:00+09:00,019_0019,sample_019_0019_000011,준식별자
2026-01-07T14:20:30+09:00,019_0019,sample_019_0019_000015,준식별자
2026-01-07T08:45:00+09:00,019_0019,sample_019_0019_000016,준식별자
2026-01-07T15:12:00+09:00,019_0019,sample_019_0019_000018,준식별자
2026-01-07T16:05:00+09:00,019_0019,sample_019_0019_000019,준식별자
인천광역시 남동구,019_0019,sample_019_0019_000019,준식별자
2025-11-01T10:00:00+09:00,019_0019,sample_019_0019_000020,준식별자
2026-01-07T22:00:00+09:00,019_0019,sample_019_0019_000021,준식별자
2026-01-07T14:21:05+09:00,019_0019,sample_019_0019_000024,준식별자
2026-01-07T12:00:00+09:00,019_0019,sample_019_0019_000025,준식별자
유지유,019_0019,sample_019_0019_000028,개인정보
2026-01-07T16:06:12+09:00,019_0019,sample_019_0019_000029,준식별자
SYS_OP_09,019_0019,sample_019_0019_000029,기밀정보
2026-02-01T09:00:00+09:00,019_0019,sample_019_0019_000030,준식별자
서울특별시,019_0020,sample_019_0020_000004,준식별자
강남구,019_0020,sample_019_0020_000004,준식별자
2025-12-01T10:00:00+09:00,019_0020,sample_019_0020_000005,준식별자
2026-01-05T14:15:00+09:00,019_0020,sample_019_0020_000007,준식별자
2026-01-05T08:30:00+09:00,019_0020,sample_019_0020_000009,준식별자
진세환,019_0020,sample_019_0020_000010,개인정보
010-1234-5678,019_0020,sample_019_0020_000010,개인정보
jin.sehwan@envcorp.kr,019_0020,sample_019_0020_000010,개인정보
진은영,019_0020,sample_019_0020_000011,개인정보
10.8.32.5,019_0020,sample_019_0020_000012,기밀정보
/srv/prod/data/2026/env_report_019.xlsx,019_0020,sample_019_0020_000012,기밀정보
2026-01-05T14:15:00+09:00,019_0020,sample_019_0020_000013,준식별자
2026-01-05T22:00:00+09:00,019_0020,sample_019_0020_000015,준식별자
경기도,019_0020,sample_019_0020_000016,준식별자
수원시,019_0020,sample_019_0020_000016,준식별자
권선구,019_0020,sample_019_0020_000016,준식별자
data-collector-01.env.local,019_0020,sample_019_0020_000019,기밀정보
2026-01-04T09:10:00+09:00,019_0020,sample_019_0020_000020,준식별자
2026-01-05T12:00:00+09:00,019_0020,sample_019_0020_000021,준식별자
/srv/cctv/agency/2026/01/05/gh01.mp4,019_0020,sample_019_0020_000022,기밀정보
허윤결,019_0020,sample_019_0020_000024,개인정보
2026-01-06T09:30:00+09:00,019_0020,sample_019_0020_000025,준식별자
진세환,019_0020,sample_019_0020_000025,개인정보
123-456789-01,019_0020,sample_019_0020_000026,기밀정보
서울특별시,019_0021,sample_019_0021_000009,준식별자
서초구,019_0021,sample_019_0021_000009,준식별자
반포동,019_0021,sample_019_0021_000009,준식별자
반포동 12-34,019_0021,sample_019_0021_000009,개인정보
류하륜,019_0021,sample_019_0021_000010,개인정보
S-10023,019_0021,sample_019_0021_000010,개인정보
ryuhr@envlab.org,019_0021,sample_019_0021_000010,개인정보
010-1234-5678,019_0021,sample_019_0021_000010,개인정보
env_admin,019_0021,sample_019_0021_000023,기밀정보
10.0.32.11,019_0021,sample_019_0021_000023,기밀정보
/srv/env/provenance/2025.log,019_0021,sample_019_0021_000023,기밀정보
방지연,019_0021,sample_019_0021_000025,개인정보
2025-11-01T08:00:00+09:00,019_0022,sample_019_0022_000002,준식별자
2025,019_0022,sample_019_0022_000002,준식별자
11,019_0022,sample_019_0022_000002,준식별자
01,019_0022,sample_019_0022_000002,준식별자
"WGS84 37.5701, 126.9768, 고도 45 m",019_0022,sample_019_0022_000003,준식별자
"37.5701, 126.9768",019_0022,sample_019_0022_000003,준식별자
서울특별시,019_0022,sample_019_0022_000003,준식별자
중구,019_0022,sample_019_0022_000003,준식별자
류유찬,019_0022,sample_019_0022_000004,개인정보
권희민,019_0022,sample_019_0022_000005,개인정보
SN-ENV-0456,019_0022,sample_019_0022_000006,기밀정보
2025-10-15T09:30:00+09:00,019_0022,sample_019_0022_000007,준식별자
2025,019_0022,sample_019_0022_000007,준식별자
10,019_0022,sample_019_0022_000007,준식별자
15,019_0022,sample_019_0022_000007,준식별자
2025-11-01T07:45:00+09:00,019_0022,sample_019_0022_000009,준식별자
2025,019_0022,sample_019_0022_000009,준식별자
11,019_0022,sample_019_0022_000009,준식별자
01,019_0022,sample_019_0022_000009,준식별자
LAB-2025-088,019_0022,sample_019_0022_000010,기밀정보
2025-11-02T14:20:00+09:00,019_0022,sample_019_0022_000012,준식별자
2025,019_0022,sample_019_0022_000012,준식별자
11,019_0022,sample_019_0022_000012,준식별자
02,019_0022,sample_019_0022_000012,준식별자
2024-05-12T10:00:00+09:00,019_0022,sample_019_0022_000015,준식별자
2024,019_0022,sample_019_0022_000015,준식별자
05,019_0022,sample_019_0022_000015,준식별자
12,019_0022,sample_019_0022_000015,준식별자
2025-09-12T12:00:00+09:00,019_0022,sample_019_0022_000018,준식별자
2025,019_0022,sample_019_0022_000018,준식별자
09,019_0022,sample_019_0022_000018,준식별자
12,019_0022,sample_019_0022_000018,준식별자
2025-11-01T08:15:00+09:00,019_0022,sample_019_0022_000019,준식별자
2025,019_0022,sample_019_0022_000019,준식별자
11,019_0022,sample_019_0022_000019,준식별자
01,019_0022,sample_019_0022_000019,준식별자
2025-11-01T08:25:00+09:00,019_0022,sample_019_0022_000019,준식별자
2025,019_0022,sample_019_0022_000019,준식별자
11,019_0022,sample_019_0022_000019,준식별자
01,019_0022,sample_019_0022_000019,준식별자
IMG-DRN-20251101-0001,019_0022,sample_019_0022_000020,기밀정보
2025-11-01T08:03:20+09:00,019_0022,sample_019_0022_000020,준식별자
2025,019_0022,sample_019_0022_000020,준식별자
11,019_0022,sample_019_0022_000020,준식별자
01,019_0022,sample_019_0022_000020,준식별자
2025-11-01T08:20:00+09:00,019_0022,sample_019_0022_000022,준식별자
2025,019_0022,sample_019_0022_000022,준식별자
11,019_0022,sample_019_0022_000022,준식별자
01,019_0022,sample_019_0022_000022,준식별자
임민성,019_0023,sample_019_0023_000003,개인정보
230045,019_0023,sample_019_0023_000003,개인정보
010-1234-5678,019_0023,sample_019_0023_000003,개인정보
imminseong@example.com,019_0023,sample_019_0023_000003,개인정보
서울특별시 강남구 테헤란로 100-12,019_0023,sample_019_0023_000004,개인정보
서울특별시 강남구,019_0023,sample_019_0023_000004,준식별자
유준우,019_0023,sample_019_0023_000005,개인정보
1985-07-12,019_0023,sample_019_0023_000005,준식별자
남,019_0023,sample_019_0023_000005,준식별자
한국환경연구원,019_0023,sample_019_0023_000005,준식별자
192.168.1.10,019_0023,sample_019_0023_000006,기밀정보
env_admin,019_0023,sample_019_0023_000006,기밀정보
/srv/data/env/secret,019_0023,sample_019_0023_000006,기밀정보
vpn.env.local,019_0023,sample_019_0023_000006,기밀정보
유지한,019_0023,sample_019_0023_000028,개인정보
엄규비,019_0024,sample_019_0024_000003,개인정보
20231234,019_0024,sample_019_0024_000004,개인정보
contact@env-monitor.kr,019_0024,sample_019_0024_000005,개인정보
010-1234-5678,019_0024,sample_019_0024_000006,개인정보
서울특별시 강남구 역삼로 10-4,019_0024,sample_019_0024_000007,개인정보
서울특별시,019_0024,sample_019_0024_000008,준식별자
강남구,019_0024,sample_019_0024_000008,준식별자
삼성동,019_0024,sample_019_0024_000008,준식별자
한국환경데이터연구소,019_0024,sample_019_0024_000009,준식별자
나재건,019_0024,sample_019_0024_000011,개인정보
심영아,019_0024,sample_019_0024_000015,개인정보
/srv/data/provenance.db,019_0024,sample_019_0024_000022,기밀정보
10.0.0.5,019_0024,sample_019_0024_000023,기밀정보
vpn.env.local,019_0024,sample_019_0024_000023,기밀정보
301-012345-67,019_0024,sample_019_0024_000024,기밀정보
남리나,019_0025,sample_019_0025_000003,개인정보
010-9876-5432,019_0025,sample_019_0025_000003,개인정보
n.rina@example.org,019_0025,sample_019_0025_000003,개인정보
2024-045,019_0025,sample_019_0025_000004,개인정보
10.10.100.5,019_0025,sample_019_0025_000020,기밀정보
/srv/prod/data/secret_map.geojson,019_0025,sample_019_0025_000020,기밀정보
123-456-789012,019_0025,sample_019_0025_000021,기밀정보
차한선,019_0025,sample_019_0025_000022,개인정보
차한선,019_0025,sample_019_0025_000029,개인정보
송낙현,019_0025,sample_019_0025_000029,개인정보
김은후,019_0025,sample_019_0025_000029,개인정보
장희원,019_0026,sample_019_0026_000004,개인정보
010-1234-5678,019_0026,sample_019_0026_000004,개인정보
jhw@envlab.or.kr,019_0026,sample_019_0026_000004,개인정보
20231234,019_0026,sample_019_0026_000004,개인정보
부산광역시 해운대구,019_0026,sample_019_0026_000005,준식별자
경기도 성남시 분당구,019_0026,sample_019_0026_000006,준식별자
인천광역시 남동구,019_0026,sample_019_0026_000012,준식별자
전라남도 순천시,019_0026,sample_019_0026_000023,준식별자
10.0.3.12,019_0026,sample_019_0026_000020,기밀정보
/srv/internal/env/data/2025/raw,019_0026,sample_019_0026_000021,기밀정보
임소명,019_0026,sample_019_0026_000026,개인정보
이재민,019_0027,sample_019_0027_000012,개인정보
사번 20254321,019_0027,sample_019_0027_000012,개인정보
010-1234-5678,019_0027,sample_019_0027_000012,개인정보
leejm_monitor@example.com,019_0027,sample_019_0027_000012,개인정보
부산광역시,019_0027,sample_019_0027_000010,준식별자
해운대구,019_0027,sample_019_0027_000010,준식별자
우동 123-45 5층,019_0027,sample_019_0027_000010,개인정보
C:\data\env\raw\sensor_0001.csv,019_0027,sample_019_0027_000019,기밀정보
10.20.30.40,019_0027,sample_019_0027_000019,기밀정보
CERT-2025-HTAQ-001,019_0027,sample_019_0027_000028,기밀정보
이재민,019_0027,sample_019_0027_000030,개인정보
노라윤,019_0028,sample_019_0028_000007,개인정보
1985-04-12,019_0028,sample_019_0028_000007,준식별자
여성,019_0028,sample_019_0028_000007,준식별자
S-2023-045,019_0028,sample_019_0028_000007,개인정보
010-1234-5678,019_0028,sample_019_0028_000007,개인정보
nora.yun@example.com,019_0028,sample_019_0028_000007,개인정보
그린모니터링 연구소,019_0028,sample_019_0028_000007,준식별자
서울특별시 중구 세종대로 123-45,019_0028,sample_019_0028_000007,개인정보
부산광역시 해운대구,019_0028,sample_019_0028_000012,준식별자
192.168.100.5,019_0028,sample_019_0028_000018,기밀정보
C:\internal\configs\secret.conf,019_0028,sample_019_0028_000018,기밀정보
123-456-789012,019_0028,sample_019_0028_000018,기밀정보
https://intranet.greenmon.local,019_0028,sample_019_0028_000018,기밀정보
우재형,019_0028,sample_019_0028_000020,개인정보
박민설,019_0028,sample_019_0028_000026,개인정보
2025,019_0029,sample_019_0029_000003,준식별자
09,019_0029,sample_019_0029_000003,준식별자
15,019_0029,sample_019_0029_000003,준식별자
서울특별시,019_0029,sample_019_0029_000004,준식별자
강남구,019_0029,sample_019_0029_000004,준식별자
논현동,019_0029,sample_019_0029_000004,준식별자
2025,019_0029,sample_019_0029_000006,준식별자
08,019_0029,sample_019_0029_000006,준식별자
01,019_0029,sample_019_0029_000006,준식별자
성남시,019_0029,sample_019_0029_000009,준식별자
분당구,019_0029,sample_019_0029_000009,준식별자
삼평동,019_0029,sample_019_0029_000009,준식별자
2025,019_0029,sample_019_0029_000010,준식별자
09,019_0029,sample_019_0029_000010,준식별자
14,019_0029,sample_019_0029_000010,준식별자
10.0.5.12,019_0029,sample_019_0029_000007,기밀정보
김윤후,019_0029,sample_019_0029_000011,개인정보
민혜선,019_0029,sample_019_0029_000012,개인정보
엄재승,019_0029,sample_019_0029_000013,개인정보
20230045,019_0029,sample_019_0029_000013,개인정보
박성우,019_0030,sample_019_0030_000004,개인정보
010-1234-5678,019_0030,sample_019_0030_000004,개인정보
seongwoo.park@example.com,019_0030,sample_019_0030_000004,개인정보
사번 20230456,019_0030,sample_019_0030_000005,개인정보
1984-06-12,019_0030,sample_019_0030_000005,준식별자
서울특별시,019_0030,sample_019_0030_000006,준식별자
강남구,019_0030,sample_019_0030_000006,준식별자
박성우,019_0030,sample_019_0030_000009,개인정보
10.8.32.14,019_0030,sample_019_0030_000020,기밀정보
/srv/data/env_monitoring/db.sqlite,019_0030,sample_019_0030_000020,기밀정보
계좌번호 110-123456-78,019_0030,sample_019_0030_000025,기밀정보
오솔희,019_0030,sample_019_0030_000027,개인정보
지채미,019_0031,sample_019_0031_000003,개인정보
010-1234-5678,019_0031,sample_019_0031_000003,개인정보
사번: 20231001,019_0031,sample_019_0031_000003,개인정보
jchami@envlab.kr,019_0031,sample_019_0031_000004,개인정보
충청남도 서산시,019_0031,sample_019_0031_000005,준식별자
10.0.0.23,019_0031,sample_019_0031_000020,기밀정보
/var/data/env_sensors/2025/,019_0031,sample_019_0031_000020,기밀정보
계좌번호: 123-456-789012,019_0031,sample_019_0031_000020,기밀정보
vpn.env.local,019_0031,sample_019_0031_000020,기밀정보
02-987-6543,019_0031,sample_019_0031_000024,개인정보
류강산,019_0031,sample_019_0031_000025,개인정보
ryugang@org.kr,019_0031,sample_019_0031_000025,개인정보
성남시 분당구,019_0032,sample_019_0032_000007,준식별자
임장수,019_0032,sample_019_0032_000009,개인정보
limjs@example.org,019_0032,sample_019_0032_000009,개인정보
010-1234-5678,019_0032,sample_019_0032_000009,개인정보
사번: 20230123,019_0032,sample_019_0032_000009,개인정보
1985-06-15,019_0032,sample_019_0032_000009,준식별자
남성,019_0032,sample_019_0032_000009,준식별자
한국환경연구원,019_0032,sample_019_0032_000009,준식별자
서이환,019_0032,sample_019_0032_000010,개인정보
10.10.10.5,019_0032,sample_019_0032_000022,기밀정보
/data/provenance/2023/pm25.db,019_0032,sample_019_0032_000023,기밀정보
계좌번호: 123-456789-01-00,019_0032,sample_019_0032_000024,기밀정보
정정인,019_0032,sample_019_0032_000025,개인정보
010-9876-5432,019_0032,sample_019_0032_000025,개인정보
임병민,019_0032,sample_019_0032_000028,개인정보
서효준,019_0032,sample_019_0032_000030,개인정보
홍경란,019_0033,sample_019_0033_000002,개인정보
2023-0456,019_0033,sample_019_0033_000003,개인정보
env_ops@company.co.kr,019_0033,sample_019_0033_000003,개인정보
서울특별시,019_0033,sample_019_0033_000004,준식별자
강남구,019_0033,sample_019_0033_000004,준식별자
삼성동,019_0033,sample_019_0033_000004,준식별자
수원시,019_0033,sample_019_0033_000005,준식별자
영통구,019_0033,sample_019_0033_000005,준식별자
매탄동,019_0033,sample_019_0033_000005,준식별자
2025,019_0033,sample_019_0033_000008,준식별자
03,019_0033,sample_019_0033_000008,준식별자
15,019_0033,sample_019_0033_000008,준식별자
2024,019_0033,sample_019_0033_000009,준식별자
11,019_0033,sample_019_0033_000009,준식별자
30,019_0033,sample_019_0033_000009,준식별자
2025,019_0033,sample_019_0033_000010,준식별자
03,019_0033,sample_019_0033_000010,준식별자
20,019_0033,sample_019_0033_000010,준식별자
2025,019_0033,sample_019_0033_000011,준식별자
03,019_0033,sample_019_0033_000011,준식별자
20,019_0033,sample_019_0033_000011,준식별자
주진만,019_0033,sample_019_0033_000012,개인정보
2025,019_0033,sample_019_0033_000017,준식별자
03,019_0033,sample_019_0033_000017,준식별자
20,019_0033,sample_019_0033_000017,준식별자
10.8.0.12,019_0033,sample_019_0033_000019,기밀정보
https://internal.env-monitor.local,019_0033,sample_019_0033_000020,기밀정보
2025,019_0033,sample_019_0033_000021,준식별자
03,019_0033,sample_019_0033_000021,준식별자
20,019_0033,sample_019_0033_000021,준식별자
배제희,019_0033,sample_019_0033_000022,개인정보
심용빈,019_0033,sample_019_0033_000024,개인정보
s3://env-monitor-prod/provenance/019_0033/,019_0033,sample_019_0033_000025,기밀정보
고이담,019_0033,sample_019_0033_000028,개인정보
env_ops@company.co.kr,019_0033,sample_019_0033_000028,개인정보
나린,019_0034,sample_019_0034_000002,개인정보
경기도 성남시 분당구,019_0034,sample_019_0034_000003,준식별자
서울특별시 관악구,019_0034,sample_019_0034_000004,준식별자
10.254.33.5,019_0034,sample_019_0034_000005,기밀정보
/var/data/env_monitor/db/records.db,019_0034,sample_019_0034_000006,기밀정보
주효준,019_0034,sample_019_0034_000024,개인정보
10.254.33.5:8443,019_0034,sample_019_0034_000026,기밀정보
/var/data/env_monitor/db/records.db,019_0034,sample_019_0034_000026,기밀정보
박성희,019_0035,sample_019_0035_000002,개인정보
010-1234-5678,019_0035,sample_019_0035_000002,개인정보
parksh@example.org,019_0035,sample_019_0035_000002,개인정보
20210345,019_0035,sample_019_0035_000002,개인정보
곽하리,019_0035,sample_019_0035_000003,개인정보
우동민,019_0035,sample_019_0035_000004,개인정보
1985-07-14,019_0035,sample_019_0035_000004,준식별자
서울특별시 강서구,019_0035,sample_019_0035_000021,준식별자
인천광역시 남동구,019_0035,sample_019_0035_000022,준식별자
10.8.0.12,019_0035,sample_019_0035_000023,기밀정보
/srv/internal/env_monitoring/raw/20260108_data.csv,019_0035,sample_019_0035_000024,기밀정보
vpn.internal.env.local,019_0035,sample_019_0035_000025,기밀정보
박성희,019_0035,sample_019_0035_000030,개인정보
우동민,019_0035,sample_019_0035_000030,개인정보
조소을,019_0036,sample_019_0036_000002,개인정보
010-1234-5678,019_0036,sample_019_0036_000002,개인정보
sooul@example.com,019_0036,sample_019_0036_000002,개인정보
20213456,019_0036,sample_019_0036_000003,개인정보
1985-07-15,019_0036,sample_019_0036_000004,준식별자
서울특별시 강서구,019_0036,sample_019_0036_000005,준식별자
에코테크 주식회사,019_0036,sample_019_0036_000006,준식별자
192.168.1.10,019_0036,sample_019_0036_000007,기밀정보
vpn.ecotech.local,019_0036,sample_019_0036_000007,기밀정보
env_admin,019_0036,sample_019_0036_000008,기밀정보
/srv/data/private/audit.log,019_0036,sample_019_0036_000008,기밀정보
2024년,019_0037,sample_019_0037_000006,준식별자
03월,019_0037,sample_019_0037_000006,준식별자
15일,019_0037,sample_019_0037_000006,준식별자
서울특별시,019_0037,sample_019_0037_000007,준식별자
중구,019_0037,sample_019_0037_000007,준식별자
/data/prod/sensor_calib/2024_03_15/calib.log,019_0037,sample_019_0037_000018,기밀정보
10.10.5.12,019_0037,sample_019_0037_000019,기밀정보
vpn.internal.env,019_0037,sample_019_0037_000020,기밀정보
신필립,019_0037,sample_019_0037_000021,개인정보
A-2023-0456,019_0037,sample_019_0037_000021,개인정보
phillip.shin@envlab.kr,019_0037,sample_019_0037_000021,개인정보
한국환경연구원,019_0037,sample_019_0037_000021,준식별자
비공개 결재선,019_0037,sample_019_0037_000022,기밀정보
한연진,019_0037,sample_019_0037_000028,개인정보
오두환,019_0038,sample_019_0038_000003,개인정보
EMP-2023-045,019_0038,sample_019_0038_000003,개인정보
odhw@envlab.kr,019_0038,sample_019_0038_000003,개인정보
010-1234-5678,019_0038,sample_019_0038_000004,개인정보
1985-07-23,019_0038,sample_019_0038_000005,준식별자
서울특별시 강남구,019_0038,sample_019_0038_000006,준식별자
192.168.100.12,019_0038,sample_019_0038_000019,기밀정보
/srv/internal/env/data/monitor.db,019_0038,sample_019_0038_000019,기밀정보
123-456-789012,019_0038,sample_019_0038_000026,기밀정보
env_monitor_admin,019_0038,sample_019_0038_000027,기밀정보
안현준,019_0038,sample_019_0038_000023,개인정보
2025-06-15T08:00:00+09:00,019_0039,sample_019_0039_000001,준식별자
권명현,019_0039,sample_019_0039_000003,개인정보
SENSOR-AX-2025-01,019_0039,sample_019_0039_000004,기밀정보
2025-05-01T10:00:00+09:00,019_0039,sample_019_0039_000005,준식별자
2025-06-15T08:00:00+09:00,019_0039,sample_019_0039_000007,준식별자
서울특별시,019_0039,sample_019_0039_000010,준식별자
강남구,019_0039,sample_019_0039_000010,준식별자
역삼동,019_0039,sample_019_0039_000010,준식별자
2025-06-15T08:30:00+09:00,019_0039,sample_019_0039_000012,준식별자
2025-06-15T08:00:00+09:00,019_0039,sample_019_0039_000015,준식별자
DRONE-IMG-00012,019_0039,sample_019_0039_000018,기밀정보
2025-06-15T09:15:00+09:00,019_0039,sample_019_0039_000018,준식별자
2025-06-14T14:00:00+09:00,019_0039,sample_019_0039_000021,준식별자
김이산,019_0039,sample_019_0039_000027,개인정보
지성아,019_0039,sample_019_0039_000027,개인정보
권명현,019_0039,sample_019_0039_000027,개인정보
DRONE-IMG-00012,019_0039,sample_019_0039_000028,기밀정보
고보배,019_0040,sample_019_0040_000003,개인정보
경기도 성남시 분당구,019_0040,sample_019_0040_000007,준식별자
문현솔,019_0040,sample_019_0040_000010,개인정보
부산광역시 해운대구,019_0040,sample_019_0040_000011,준식별자
장성용,019_0040,sample_019_0040_000023,개인정보
천성국,019_0041,sample_019_0041_000003,개인정보
010-1234-5678,019_0041,sample_019_0041_000003,개인정보
녹색환경연구소,019_0041,sample_019_0041_000004,준식별자
송파구 백제고분로 123-45,019_0041,sample_019_0041_000006,개인정보
송파구,019_0041,sample_019_0041_000006,준식별자
성리안,019_0041,sample_019_0041_000013,개인정보
/srv/data/monitoring/prod/calibration/2025/AS-200-20251001.pdf,019_0041,sample_019_0041_000013,기밀정보
진예나,019_0041,sample_019_0041_000018,개인정보
장혜성,019_0041,sample_019_0041_000021,개인정보
vpn.internal.greenlab.local,019_0041,sample_019_0041_000022,기밀정보
10.0.0.5,019_0041,sample_019_0041_000022,기밀정보
서울특별시 강동구,019_0041,sample_019_0041_000023,준식별자
손도건,019_0041,sample_019_0041_000024,개인정보
장혜성,019_0041,sample_019_0041_000028,개인정보
천성국,019_0041,sample_019_0041_000028,개인정보
서울특별시 중구,019_0042,sample_019_0042_000007,준식별자
국립수질분석센터,019_0042,sample_019_0042_000011,준식별자
국립환경연구원,019_0042,sample_019_0042_000026,준식별자
한서별,019_0042,sample_019_0042_000026,개인정보
심준서,019_0042,sample_019_0042_000027,개인정보
env_mon_admin,019_0042,sample_019_0042_000028,기밀정보
10.8.0.42,019_0042,sample_019_0042_000028,기밀정보
성정호,019_0043,sample_019_0043_000002,개인정보
인천광역시,019_0043,sample_019_0043_000003,준식별자
남동구,019_0043,sample_019_0043_000003,준식별자
2025,019_0043,sample_019_0043_000004,준식별자
08,019_0043,sample_019_0043_000004,준식별자
15,019_0043,sample_019_0043_000004,준식별자
2025,019_0043,sample_019_0043_000006,준식별자
07,019_0043,sample_019_0043_000006,준식별자
01,019_0043,sample_019_0043_000006,준식별자
2025,019_0043,sample_019_0043_000010,준식별자
08,019_0043,sample_019_0043_000010,준식별자
20,019_0043,sample_019_0043_000010,준식별자
2025,019_0043,sample_019_0043_000014,준식별자
08,019_0043,sample_019_0043_000014,준식별자
15,019_0043,sample_019_0043_000014,준식별자
성정호,019_0043,sample_019_0043_000025,개인정보
심재민,019_0044,sample_019_0044_000009,개인정보
부산광역시 해운대구,019_0044,sample_019_0044_000006,준식별자
서울특별시 강남구,019_0044,sample_019_0044_000018,준식별자
한강환경연구소,019_0044,sample_019_0044_000023,준식별자
192.168.10.45,019_0044,sample_019_0044_000024,기밀정보
/srv/data/uploads/2025/11/,019_0044,sample_019_0044_000024,기밀정보
우승아,019_0044,sample_019_0044_000027,개인정보
"서울특별시 강남구 테헤란로 5길 20, 301호",019_0044,sample_019_0044_000028,개인정보
정연후,019_0044,sample_019_0044_000030,개인정보
유호림,019_0045,sample_019_0045_000002,개인정보
SEN-1001,019_0045,sample_019_0045_000004,기밀정보
수원환경연구소,019_0045,sample_019_0045_000005,준식별자
경기도 수원시 권선구,019_0045,sample_019_0045_000006,준식별자
SEN-1001,019_0045,sample_019_0045_000005,기밀정보
SEN-1001,019_0045,sample_019_0045_000019,기밀정보
안원종,019_0045,sample_019_0045_000022,개인정보
유태후,019_0046,sample_019_0046_000006,개인정보
20231234,019_0046,sample_019_0046_000006,개인정보
010-1234-5678,019_0046,sample_019_0046_000006,개인정보
yhtaeh@envlab.kr,019_0046,sample_019_0046_000006,개인정보
서울특별시 종로구 사직동 34-5 101호,019_0046,sample_019_0046_000007,개인정보
서울특별시,019_0046,sample_019_0046_000008,준식별자
종로구,019_0046,sample_019_0046_000008,준식별자
사직동,019_0046,sample_019_0046_000008,준식별자
1985,019_0046,sample_019_0046_000009,준식별자
06,019_0046,sample_019_0046_000009,준식별자
12,019_0046,sample_019_0046_000009,준식별자
/srv/data/prod/sensor_raw.db,019_0046,sample_019_0046_000010,기밀정보
10.8.0.5,019_0046,sample_019_0046_000011,기밀정보
vpn.internal.env:1194,019_0046,sample_019_0046_000012,기밀정보
110-256-789012,019_0046,sample_019_0046_000013,기밀정보
주식회사 에코센서,019_0047,sample_019_0047_000015,준식별자
서울특별시 강남구,019_0047,sample_019_0047_000015,준식별자
윤정,019_0047,sample_019_0047_000022,개인정보
yj@envlab.kr,019_0047,sample_019_0047_000023,개인정보
010-1234-5678,019_0047,sample_019_0047_000023,개인정보
10.0.4.7,019_0047,sample_019_0047_000024,기밀정보
/srv/data/monitoring,019_0047,sample_019_0047_000024,기밀정보
최종필,019_0047,sample_019_0047_000025,개인정보
문서현,019_0048,sample_019_0048_000005,개인정보
010-1234-5678,019_0048,sample_019_0048_000005,개인정보
mun.s@env.or.kr,019_0048,sample_019_0048_000005,개인정보
오길호,019_0048,sample_019_0048_000006,개인정보
사번 20230456,019_0048,sample_019_0048_000006,개인정보
1985-04-12,019_0048,sample_019_0048_000006,준식별자
경기도 성남시 분당구 불정로123번길 45-6,019_0048,sample_019_0048_000007,개인정보
부산광역시 해운대구,019_0048,sample_019_0048_000008,준식별자
192.168.10.45,019_0048,sample_019_0048_000020,기밀정보
/etc/monitoring/credentials.key,019_0048,sample_019_0048_000020,기밀정보
계좌번호 110-123-456789,019_0048,sample_019_0048_000021,기밀정보
/srv/prod/data/secret.cfg,019_0048,sample_019_0048_000022,기밀정보
유기쁨,019_0048,sample_019_0048_000024,개인정보
서울 마포구,019_0048,sample_019_0048_000025,준식별자
한지언,019_0048,sample_019_0048_000027,개인정보
010-9876-5432,019_0048,sample_019_0048_000027,개인정보
원아랑,019_0048,sample_019_0048_000028,개인정보
/home/reports/2025/q1_report.pdf,019_0048,sample_019_0048_000028,기밀정보
엄한비,019_0049,sample_019_0049_000002,개인정보
eomhanbi@envlab.kr,019_0049,sample_019_0049_000002,개인정보
010-1234-5678,019_0049,sample_019_0049_000002,개인정보
권이진,019_0049,sample_019_0049_000003,개인정보
1985-07-12,019_0049,sample_019_0049_000004,준식별자
에코연구소,019_0049,sample_019_0049_000005,준식별자
서울특별시,019_0049,sample_019_0049_000006,준식별자
강남구,019_0049,sample_019_0049_000006,준식별자
대치동,019_0049,sample_019_0049_000006,준식별자
10.8.23.45,019_0049,sample_019_0049_000007,기밀정보
/srv/data/private/monitoring/2025/report_draft.docx,019_0049,sample_019_0049_000008,기밀정보
env_admin,019_0049,sample_019_0049_000009,기밀정보
EMP-2024-0912,019_0049,sample_019_0049_000010,개인정보
임인규,019_0050,sample_019_0050_000003,개인정보
2024-0453,019_0050,sample_019_0050_000003,개인정보
ink2024@example.com,019_0050,sample_019_0050_000003,개인정보
최보영,019_0050,sample_019_0050_000004,개인정보
1980,019_0050,sample_019_0050_000004,준식별자
07,019_0050,sample_019_0050_000004,준식별자
15,019_0050,sample_019_0050_000004,준식별자
여성,019_0050,sample_019_0050_000004,준식별자
서울특별시,019_0050,sample_019_0050_000004,준식별자
강남구,019_0050,sample_019_0050_000004,준식별자
전예섬,019_0050,sample_019_0050_000005,개인정보
admin_env,019_0050,sample_019_0050_000006,기밀정보
10.10.10.5,019_0050,sample_019_0050_000006,기밀정보
"150,000,000원",019_0050,sample_019_0050_000007,기밀정보
양세혁,019_0050,sample_019_0050_000009,개인정보
부산광역시,019_0050,sample_019_0050_000013,준식별자
해운대구,019_0050,sample_019_0050_000013,준식별자
서울특별시,019_0050,sample_019_0050_000017,준식별자
송파구,019_0050,sample_019_0050_000017,준식별자
인천광역시,019_0050,sample_019_0050_000022,준식별자
남동구,019_0050,sample_019_0050_000022,준식별자
배서연,019_0050,sample_019_0050_000023,개인정보
최무혁,019_0050,sample_019_0050_000023,개인정보
엄예섬,019_0050,sample_019_0050_000026,개인정보
ESM-2026-01,019_0050,sample_019_0050_000026,개인정보
배차영,019_0050,sample_019_0050_000028,개인정보
채혜승,019_0051,sample_019_0051_000002,개인정보
나형섭,019_0051,sample_019_0051_000003,개인정보
한강환경연구소,019_0051,sample_019_0051_000004,준식별자
서울특별시 마포구 공덕동,019_0051,sample_019_0051_000005,준식별자
2024-05-15T09:30:00+09:00,019_0051,sample_019_0051_000006,준식별자
조희건,019_0052,sample_019_0052_000002,개인정보
cho.hg@envlab.kr,019_0052,sample_019_0052_000002,개인정보
010-1234-5678,019_0052,sample_019_0052_000002,개인정보
사번 E-20245,019_0052,sample_019_0052_000002,개인정보
서성규,019_0052,sample_019_0052_000003,개인정보
서울특별시 강서구 등촌동 123-45,019_0052,sample_019_0052_000006,개인정보
경기도 성남시 분당구,019_0052,sample_019_0052_000007,준식별자
부산광역시 해운대구,019_0052,sample_019_0052_000007,준식별자
/srv/data/env_monitoring/2025/raw/pm25_20251115.csv,019_0052,sample_019_0052_000011,기밀정보
10.0.0.5,019_0052,sample_019_0052_000012,기밀정보
https://intranet.envorg.local/login,019_0052,sample_019_0052_000013,기밀정보
안건이,019_0052,sample_019_0052_000022,개인정보
조준협,019_0052,sample_019_0052_000028,개인정보
노윤검,019_0053,sample_019_0053_000002,개인정보
원희건,019_0053,sample_019_0053_000003,개인정보
서울특별시 강남구 테헤란로 10길 24-3 502호,019_0053,sample_019_0053_000022,개인정보
서울특별시,019_0053,sample_019_0053_000022,준식별자
강남구,019_0053,sample_019_0053_000022,준식별자
010-1234-5678,019_0053,sample_019_0053_000023,개인정보
n.yoon@example.com,019_0053,sample_019_0053_000023,개인정보
20231234,019_0053,sample_019_0053_000024,개인정보
"50,000,000원",019_0053,sample_019_0053_000025,기밀정보
10.0.0.5,019_0053,sample_019_0053_000026,기밀정보
정병일,019_0054,sample_019_0054_000003,개인정보
010-1234-5678,019_0054,sample_019_0054_000004,개인정보
jbjeong@example.com,019_0054,sample_019_0054_000005,개인정보
20230456,019_0054,sample_019_0054_000006,개인정보
"서울특별시 성동구 왕십리로 123, 4층(사유지 내부)",019_0054,sample_019_0054_000007,개인정보
서울특별시 성동구,019_0054,sample_019_0054_000008,준식별자
인천광역시 남동구,019_0054,sample_019_0054_000009,준식별자
엄승규,019_0054,sample_019_0054_000010,개인정보
10.0.1.45,019_0054,sample_019_0054_000011,기밀정보
/srv/prod/data/env_monitoring/,019_0054,sample_019_0054_000012,기밀정보
송동형,019_0054,sample_019_0054_000017,개인정보
엄승규,019_0054,sample_019_0054_000020,기밀정보
김하슬,019_0054,sample_019_0054_000022,개인정보
경기도 화성시,019_0054,sample_019_0054_000024,준식별자
공담,019_0054,sample_019_0054_000026,개인정보
유정서,019_0054,sample_019_0054_000027,개인정보
배태림,019_0054,sample_019_0054_000027,개인정보
vpn.envcorp.internal,019_0054,sample_019_0054_000028,기밀정보
192.168.100.10,019_0054,sample_019_0054_000028,기밀정보
심래오,019_0054,sample_019_0054_000029,개인정보
주재현,019_0054,sample_019_0054_000030,개인정보
10.0.8.42,019_0055,sample_019_0055_000018,기밀정보
구수원,019_0055,sample_019_0055_000019,개인정보
010-1234-5678,019_0055,sample_019_0055_000019,개인정보
서울특별시,019_0055,sample_019_0055_000020,준식별자
강남구,019_0055,sample_019_0055_000020,준식별자
역삼동,019_0055,sample_019_0055_000020,준식별자
/srv/data/monitors/019_0055,019_0055,sample_019_0055_000021,기밀정보
경기도,019_0056,sample_019_0056_000002,준식별자
성남시,019_0056,sample_019_0056_000002,준식별자
수정구,019_0056,sample_019_0056_000002,준식별자
홍호재,019_0056,sample_019_0056_000003,개인정보
A20230056,019_0056,sample_019_0056_000003,개인정보
010-1234-5678,019_0056,sample_019_0056_000003,개인정보
hong.hoj@example.com,019_0056,sample_019_0056_000003,개인정보
박은규,019_0056,sample_019_0056_000024,개인정보
부산광역시 해운대구,019_0057,sample_019_0057_000005,준식별자
인천광역시 연수구,019_0057,sample_019_0057_000010,준식별자
10.240.3.12,019_0057,sample_019_0057_000020,기밀정보
윤은서,019_0057,sample_019_0057_000021,개인정보
이승혜,019_0057,sample_019_0057_000022,개인정보
서울특별시 강동구,019_0057,sample_019_0057_000024,준식별자
주효인,019_0057,sample_019_0057_000028,개인정보
강경주,019_0058,sample_019_0058_000002,개인정보
010-1234-5678,019_0058,sample_019_0058_000002,개인정보
gangky@envlab.kr,019_0058,sample_019_0058_000002,개인정보
서울특별시 강남구 삼성로 85-3 102호,019_0058,sample_019_0058_000003,개인정보
SN-AX12345,019_0058,sample_019_0058_000004,기밀정보
2025-03-12T09:00:00+09:00,019_0058,sample_019_0058_000004,준식별자
남윤도,019_0058,sample_019_0058_000004,개인정보
10.0.0.45,019_0058,sample_019_0058_000005,기밀정보
http://intranet.envco.local/data/sensor/SN-AX12345,019_0058,sample_019_0058_000005,기밀정보
2025-03-13T00:00:00+09:00,019_0058,sample_019_0058_000006,준식별자
2025-03-13T23:59:00+09:00,019_0058,sample_019_0058_000006,준식별자
2025-03-13T12:00:00+09:00,019_0058,sample_019_0058_000007,준식별자
2025-03-13T13:00:00+09:00,019_0058,sample_019_0058_000008,준식별자
LAB-20250313-07,019_0058,sample_019_0058_000009,기밀정보
경기도 성남시 분당구,019_0058,sample_019_0058_000010,준식별자
2025-03-13T12:10:00+09:00,019_0058,sample_019_0058_000011,준식별자
2025-03-13T11:50:00+09:00,019_0058,sample_019_0058_000013,준식별자
IMG-DRN-20250313-001,019_0058,sample_019_0058_000014,기밀정보
2025-03-13T10:25:30+09:00,019_0058,sample_019_0058_000014,준식별자
SN-BX98765,019_0058,sample_019_0058_000015,기밀정보
2024-12-01T14:00:00+09:00,019_0058,sample_019_0058_000015,준식별자
http://intranet.envco.local/audit/019/20250313.log,019_0058,sample_019_0058_000017,기밀정보
2025-03-12T15:40:00+09:00,019_0058,sample_019_0058_000018,준식별자
경기도 성남시 분당구,019_0058,sample_019_0058_000018,준식별자
2025-12-31T23:59:59+09:00,019_0058,sample_019_0058_000021,준식별자
admin_env,019_0058,sample_019_0058_000022,기밀정보
2025-03-13T09:15:00+09:00,019_0058,sample_019_0058_000025,준식별자
전보겸,019_0058,sample_019_0058_000025,개인정보
cal_log_SN-AX12345_20250312,019_0058,sample_019_0058_000026,기밀정보
허기율,019_0058,sample_019_0058_000027,개인정보
2025-03-14T08:30:00+09:00,019_0058,sample_019_0058_000027,준식별자
2025-04-01T00:00:00+09:00,019_0058,sample_019_0058_000028,준식별자
남윤도,019_0058,sample_019_0058_000020,개인정보
한여은,019_0059,sample_019_0059_000008,개인정보
우봉학,019_0059,sample_019_0059_000016,개인정보
20230456,019_0059,sample_019_0059_000016,개인정보
서울환경연구소,019_0059,sample_019_0059_000016,준식별자
010-1234-5678,019_0059,sample_019_0059_000017,개인정보
wbhak@example.org,019_0059,sample_019_0059_000017,개인정보
서울특별시 마포구,019_0059,sample_019_0059_000018,준식별자
경기도 수원시 장안구,019_0059,sample_019_0059_000019,준식별자
192.168.10.12,019_0059,sample_019_0059_000020,기밀정보
/srv/data/env/measurements/2025/aqi.csv,019_0059,sample_019_0059_000020,기밀정보
/home/approvals/2025/q1_env_approval.docx,019_0059,sample_019_0059_000027,기밀정보
2025,019_0060,sample_019_0060_000003,준식별자
01,019_0060,sample_019_0060_000003,준식별자
01,019_0060,sample_019_0060_000003,준식별자
2025,019_0060,sample_019_0060_000003,준식별자
01,019_0060,sample_019_0060_000003,준식별자
15,019_0060,sample_019_0060_000003,준식별자
2025,019_0060,sample_019_0060_000005,준식별자
01,019_0060,sample_019_0060_000005,준식별자
15,019_0060,sample_019_0060_000005,준식별자
2025,019_0060,sample_019_0060_000007,준식별자
01,019_0060,sample_019_0060_000007,준식별자
10,019_0060,sample_019_0060_000007,준식별자
2025,019_0060,sample_019_0060_000012,준식별자
01,019_0060,sample_019_0060_000012,준식별자
12,019_0060,sample_019_0060_000012,준식별자
경기도,019_0060,sample_019_0060_000013,준식별자
성남시,019_0060,sample_019_0060_000013,준식별자
수정구,019_0060,sample_019_0060_000013,준식별자
2024,019_0060,sample_019_0060_000014,준식별자
12,019_0060,sample_019_0060_000014,준식별자
01,019_0060,sample_019_0060_000014,준식별자
10.0.0.45,019_0060,sample_019_0060_000015,기밀정보
/srv/prod/calibration_logs,019_0060,sample_019_0060_000015,기밀정보
2025,019_0060,sample_019_0060_000018,준식별자
01,019_0060,sample_019_0060_000018,준식별자
05,019_0060,sample_019_0060_000018,준식별자
이병호,019_0060,sample_019_0060_000019,개인정보
010-1234-5678,019_0060,sample_019_0060_000019,개인정보
lee.bh@example.com,019_0060,sample_019_0060_000019,개인정보
서울특별시 강남구 압구정로 12-4(사유지),019_0060,sample_019_0060_000020,개인정보
서울특별시,019_0060,sample_019_0060_000020,준식별자
강남구,019_0060,sample_019_0060_000020,준식별자
채경주,019_0060,sample_019_0060_000023,개인정보
구로건,019_0060,sample_019_0060_000027,개인정보
2025,019_0060,sample_019_0060_000028,준식별자
02,019_0060,sample_019_0060_000028,준식별자
01,019_0060,sample_019_0060_000028,준식별자
나가온,019_0061,sample_019_0061_000002,개인정보
서울특별시,019_0061,sample_019_0061_000005,준식별자
강남구,019_0061,sample_019_0061_000005,준식별자
오태구,019_0062,sample_019_0062_000003,개인정보
오찬미,019_0062,sample_019_0062_000004,개인정보
010-1234-5678,019_0062,sample_019_0062_000005,개인정보
otg@example.com,019_0062,sample_019_0062_000005,개인정보
경기도 성남시 분당구 야탑로 123-45 302호,019_0062,sample_019_0062_000006,개인정보
사번: 2023-0456,019_0062,sample_019_0062_000029,개인정보
1985-07-12,019_0062,sample_019_0062_000008,준식별자
그린모니터링(주),019_0062,sample_019_0062_000009,준식별자
성남시 분당구,019_0062,sample_019_0062_000007,준식별자
"37.456789,127.123456",019_0062,sample_019_0062_000023,준식별자
계좌번호: 123-456-789012,019_0062,sample_019_0062_000010,기밀정보
10.0.4.12,019_0062,sample_019_0062_000011,기밀정보
https://internal.greenmon.local/data,019_0062,sample_019_0062_000012,기밀정보
노리원,019_0063,sample_019_0063_000002,개인정보
010-1234-5678,019_0063,sample_019_0063_000002,개인정보
noriwon@example.com,019_0063,sample_019_0063_000002,개인정보
E20234,019_0063,sample_019_0063_000002,개인정보
유경미,019_0063,sample_019_0063_000003,개인정보
1985-07-12,019_0063,sample_019_0063_000003,준식별자
양선빈,019_0063,sample_019_0063_000004,개인정보
yangsb@lab.internal,019_0063,sample_019_0063_000004,개인정보
02-345-6789,019_0063,sample_019_0063_000004,개인정보
경기 성남시 분당구 정자동 123-45,019_0063,sample_019_0063_000006,개인정보
경기,019_0063,sample_019_0063_000007,준식별자
성남시,019_0063,sample_019_0063_000007,준식별자
분당구,019_0063,sample_019_0063_000007,준식별자
정자동,019_0063,sample_019_0063_000007,준식별자
하상기,019_0063,sample_019_0063_000010,개인정보
임다인,019_0063,sample_019_0063_000019,개인정보
10.10.32.7,019_0063,sample_019_0063_000023,기밀정보
/srv/env/prod/measurements.db,019_0063,sample_019_0063_000023,기밀정보
admin_env,019_0063,sample_019_0063_000023,기밀정보
vpn.environment.internal,019_0063,sample_019_0063_000024,기밀정보
123-45-678901,019_0063,sample_019_0063_000025,기밀정보
서울특별시,019_0064,sample_019_0064_000003,준식별자
강남구,019_0064,sample_019_0064_000003,준식별자
부산광역시,019_0064,sample_019_0064_000004,준식별자
해운대구,019_0064,sample_019_0064_000004,준식별자
장가율,019_0064,sample_019_0064_000005,개인정보
곽소라,019_0064,sample_019_0064_000006,개인정보
E20231234,019_0064,sample_019_0064_000007,개인정보
10.10.10.15,019_0064,sample_019_0064_000008,기밀정보
오성규,019_0064,sample_019_0064_000024,개인정보
우시율,019_0064,sample_019_0064_000025,개인정보
임택훈,019_0065,sample_019_0065_000003,개인정보
사번: 20245,019_0065,sample_019_0065_000003,개인정보
010-1234-5678,019_0065,sample_019_0065_000003,개인정보
taekhun.im@example.org,019_0065,sample_019_0065_000003,개인정보
국립환경연구소,019_0065,sample_019_0065_000004,준식별자
남,019_0065,sample_019_0065_000004,준식별자
1985,019_0065,sample_019_0065_000004,준식별자
07,019_0065,sample_019_0065_000004,준식별자
12,019_0065,sample_019_0065_000004,준식별자
서울특별시,019_0065,sample_019_0065_000005,준식별자
강남구,019_0065,sample_019_0065_000005,준식별자
역삼동,019_0065,sample_019_0065_000005,준식별자
10.0.8.54,019_0065,sample_019_0065_000024,기밀정보
/srv/data/env_monitor/provenance.log,019_0065,sample_019_0065_000024,기밀정보
vpn.internal.example.com,019_0065,sample_019_0065_000025,기밀정보
301-012345-6789,019_0065,sample_019_0065_000026,기밀정보
서울특별시 강남구 테헤란로 123-45,019_0066,sample_019_0066_000013,개인정보
허하민,019_0066,sample_019_0066_000014,개인정보
010-1234-5678,019_0066,sample_019_0066_000014,개인정보
hamin.huh@example.com,019_0066,sample_019_0066_000014,개인정보
A-20258,019_0066,sample_019_0066_000014,개인정보
백린아,019_0066,sample_019_0066_000015,개인정보
02-345-6789,019_0066,sample_019_0066_000015,개인정보
rina.baek@example.org,019_0066,sample_019_0066_000015,개인정보
경기도 성남시 분당구,019_0066,sample_019_0066_000016,준식별자
1980-05-12,019_0066,sample_019_0066_000017,준식별자
여성,019_0066,sample_019_0066_000017,준식별자
백린아,019_0066,sample_019_0066_000017,개인정보
10.0.4.12,019_0066,sample_019_0066_000022,기밀정보
/srv/prod/aqi_pipeline/config.yaml,019_0066,sample_019_0066_000022,기밀정보
강아준,019_0066,sample_019_0066_000025,개인정보
reports/internal_report_Q3_v2.docx,019_0066,sample_019_0066_000027,기밀정보
민창덕,019_0066,sample_019_0066_000028,개인정보
서울특별시 강남구,019_0066,sample_019_0066_000013,준식별자
고하준,019_0067,sample_019_0067_000005,개인정보
010-1234-5678,019_0067,sample_019_0067_000005,개인정보
gohj@example.com,019_0067,sample_019_0067_000005,개인정보
EMP-0347,019_0067,sample_019_0067_000005,개인정보
서울특별시 강남구,019_0067,sample_019_0067_000007,준식별자
1990-05-12,019_0067,sample_019_0067_000007,준식별자
민혜나,019_0067,sample_019_0067_000010,개인정보
"서울특별시 강남구 테헤란로 123, 5층",019_0067,sample_019_0067_000012,개인정보
10.0.5.23,019_0067,sample_019_0067_000014,기밀정보
db-server.internal.corp:5432,019_0067,sample_019_0067_000014,기밀정보
env_monitor_admin,019_0067,sample_019_0067_000014,기밀정보
/srv/data/provenance/2025/env_log.db,019_0067,sample_019_0067_000014,기밀정보
허효섭,019_0067,sample_019_0067_000018,개인정보
010-9876-5432,019_0067,sample_019_0067_000018,개인정보
hhs@example.org,019_0067,sample_019_0067_000018,개인정보
서울특별시 강서구,019_0067,sample_019_0067_000020,준식별자
허부성,019_0067,sample_019_0067_000029,개인정보
송재근,019_0067,sample_019_0067_000029,개인정보
송형찬,019_0068,sample_019_0068_000020,개인정보
2021-0456,019_0068,sample_019_0068_000020,개인정보
songhc@example.org,019_0068,sample_019_0068_000020,개인정보
권용일,019_0068,sample_019_0068_000021,개인정보
서울특별시 강남구 테헤란로 123-45 101동 303호,019_0068,sample_019_0068_000022,개인정보
10.254.33.12,019_0068,sample_019_0068_000023,기밀정보
https://intranet.envcorp.local/project/air,019_0068,sample_019_0068_000023,기밀정보
123-456-789012,019_0068,sample_019_0068_000024,기밀정보
2025-03-01T00:00:00+09:00,019_0069,sample_019_0069_000004,준식별자
2025-03-31T23:59:59+09:00,019_0069,sample_019_0069_000004,준식별자
2024-11-15T09:30:00+09:00,019_0069,sample_019_0069_000008,준식별자
2025-02-20T14:00:00+09:00,019_0069,sample_019_0069_000009,준식별자
배슬우,019_0069,sample_019_0069_000014,개인정보
현장 엔지니어,019_0069,sample_019_0069_000014,준식별자
EMP-2023-045,019_0069,sample_019_0069_000014,개인정보
010-1234-5678,019_0069,sample_019_0069_000014,개인정보
bae.seulwoo@example.com,019_0069,sample_019_0069_000014,개인정보
2025-03-15T14:00:00+09:00,019_0069,sample_019_0069_000015,준식별자
서울특별시,019_0069,sample_019_0069_000017,준식별자
강남구,019_0069,sample_019_0069_000017,준식별자
역삼동,019_0069,sample_019_0069_000017,준식별자
서울특별시 강남구 테헤란로 123-45,019_0069,sample_019_0069_000018,개인정보
2025-03-16T09:20:00+09:00,019_0069,sample_019_0069_000019,준식별자
2025-03-10T22:15:00+09:00,019_0069,sample_019_0069_000022,준식별자
2024-09-01T10:00:00+09:00,019_0069,sample_019_0069_000023,준식별자
10.10.10.5,019_0069,sample_019_0069_000024,기밀정보
/srv/data/private/2025/03/aqi_report.csv,019_0069,sample_019_0069_000024,기밀정보
이교준,019_0069,sample_019_0069_000028,개인정보
하유온,019_0069,sample_019_0069_000028,개인정보
2025-04-01T10:30:00+09:00,019_0069,sample_019_0069_000028,준식별자
배건우,019_0070,sample_019_0070_000003,개인정보
20221234,019_0070,sample_019_0070_000003,개인정보
010-1234-5678,019_0070,sample_019_0070_000003,개인정보
baegunwoo@envlab.kr,019_0070,sample_019_0070_000003,개인정보
서울특별시 강남구 역삼동 123-45,019_0070,sample_019_0070_000005,개인정보
경기도 성남시 분당구 야탑동,019_0070,sample_019_0070_000006,준식별자
10.8.0.5,019_0070,sample_019_0070_000025,기밀정보
\\intranet\\reports\\env\\Q1.xlsx,019_0070,sample_019_0070_000025,기밀정보
vpn.env.local,019_0070,sample_019_0070_000026,기밀정보
하준환,019_0070,sample_019_0070_000028,개인정보
서울특별시 중구,019_0071,sample_019_0071_000005,준식별자
원성연,019_0071,sample_019_0071_000017,개인정보
won.syoung@example.org,019_0071,sample_019_0071_000018,개인정보
/srv/data/aqm/provenance.log,019_0071,sample_019_0071_000019,기밀정보
10.8.0.12,019_0071,sample_019_0071_000024,기밀정보
하규비,019_0071,sample_019_0071_000025,개인정보
성세정,019_0071,sample_019_0071_000030,개인정보
천혜랑,019_0072,sample_019_0072_000011,개인정보
송남규,019_0072,sample_019_0072_000011,개인정보
백하울,019_0072,sample_019_0072_000026,개인정보
김찬미,019_0072,sample_019_0072_000029,개인정보
한윤석,019_0072,sample_019_0072_000029,개인정보
권현자,019_0072,sample_019_0072_000029,개인정보
서울특별시 노원구,019_0072,sample_019_0072_000004,준식별자
인천광역시 연수구,019_0072,sample_019_0072_000013,준식별자
부산광역시 해운대구,019_0072,sample_019_0072_000017,준식별자
노원구,019_0072,sample_019_0072_000028,준식별자
연수구,019_0072,sample_019_0072_000028,준식별자
2026-01-01T00:00:00+09:00,019_0072,sample_019_0072_000002,준식별자
2026-01-07T23:59:59+09:00,019_0072,sample_019_0072_000002,준식별자
2025-12-15T10:00:00+09:00,019_0072,sample_019_0072_000006,준식별자
2026-01-07T18:00:00+09:00,019_0072,sample_019_0072_000009,준식별자
2026-01-07T09:30:00+09:00,019_0072,sample_019_0072_000014,준식별자
2026-01-05T11:20:00+09:00,019_0072,sample_019_0072_000017,준식별자
2025-11-01T08:00:00+09:00,019_0072,sample_019_0072_000019,준식별자
2026-01-07T10:15:00+09:00,019_0072,sample_019_0072_000023,준식별자
2026-01-04T03:10:00+09:00,019_0072,sample_019_0072_000025,준식별자
SN-ENV-0001,019_0072,sample_019_0072_000005,기밀정보
SN-ENV-0001,019_0072,sample_019_0072_000006,기밀정보
SN-ENV-0001,019_0072,sample_019_0072_000025,기밀정보
LAB-20260107-15,019_0072,sample_019_0072_000014,기밀정보
SN-SOL-3302,019_0072,sample_019_0072_000017,기밀정보
SN-WTH-1108,019_0072,sample_019_0072_000019,기밀정보
SN-AUD-500,019_0072,sample_019_0072_000021,기밀정보
IMG-20260107-028,019_0072,sample_019_0072_000023,기밀정보
서울특별시 강서구 화곡동,019_0073,sample_019_0073_000003,준식별자
박주윤,019_0073,sample_019_0073_000005,개인정보
010-1234-5678,019_0073,sample_019_0073_000005,개인정보
pj.yoon@example.org,019_0073,sample_019_0073_000005,개인정보
서승엽,019_0073,sample_019_0073_000006,개인정보
인천광역시 남동구 간석동,019_0073,sample_019_0073_000011,준식별자
10.0.3.21,019_0073,sample_019_0073_000016,기밀정보
/srv/data/incoming/ops_2025/,019_0073,sample_019_0073_000016,기밀정보
vpn.corp.internal,019_0073,sample_019_0073_000017,기밀정보
ops_admin,019_0073,sample_019_0073_000017,기밀정보
임주빈,019_0073,sample_019_0073_000023,개인정보
010-9876-5432,019_0073,sample_019_0073_000023,개인정보
123-456-789012,019_0073,sample_019_0073_000024,기밀정보
노용주,019_0073,sample_019_0073_000025,개인정보
차믿음,019_0074,sample_019_0074_000003,개인정보
서울특별시 강남구 삼성로 85길 10-2,019_0074,sample_019_0074_000005,개인정보
서울특별시 중구,019_0074,sample_019_0074_000007,준식별자
10.34.12.7,019_0074,sample_019_0074_000012,기밀정보
env_admin,019_0074,sample_019_0074_000013,기밀정보
010-1234-5678,019_0074,sample_019_0074_000015,개인정보
"경기도 성남시 분당구 대왕판교로 123, 101동 502호",019_0075,sample_019_0075_000017,개인정보
성남시 분당구,019_0075,sample_019_0075_000017,준식별자
하동근,019_0075,sample_019_0075_000019,개인정보
한국환경연구소,019_0075,sample_019_0075_000019,준식별자
환경관리팀,019_0075,sample_019_0075_000019,준식별자
010-1234-5678,019_0075,sample_019_0075_000019,개인정보
hodong@example.com,019_0075,sample_019_0075_000019,개인정보
1985-07-12,019_0075,sample_019_0075_000020,준식별자
/data/private/sensor-cal/2023-09-01.cal,019_0075,sample_019_0075_000024,기밀정보
10.10.10.5,019_0075,sample_019_0075_000025,기밀정보
205-12-345678,019_0075,sample_019_0075_000025,기밀정보
에코텍코퍼레이션,019_0075,sample_019_0075_000026,기밀정보
서울특별시,019_0076,sample_019_0076_000004,준식별자
중구,019_0076,sample_019_0076_000004,준식별자
을지로,019_0076,sample_019_0076_000004,준식별자
경기도 성남시 분당구 정자동 123-45(사유지),019_0076,sample_019_0076_000005,개인정보
성남시,019_0076,sample_019_0076_000005,준식별자
분당구,019_0076,sample_019_0076_000005,준식별자
정자동,019_0076,sample_019_0076_000005,준식별자
임민혁,019_0076,sample_019_0076_000011,개인정보
2025-014,019_0076,sample_019_0076_000011,개인정보
minhyuk.im@envlab.kr,019_0076,sample_019_0076_000011,개인정보
/srv/data/env_monitoring/2025/report.xlsx,019_0076,sample_019_0076_000017,기밀정보
10.0.12.5,019_0076,sample_019_0076_000017,기밀정보
김해민,019_0076,sample_019_0076_000018,개인정보
010-5555-0001,019_0076,sample_019_0076_000018,개인정보
kim.haemin@envco.kr,019_0076,sample_019_0076_000018,개인정보
1985-07-23,019_0076,sample_019_0076_000019,준식별자
admin_env,019_0076,sample_019_0076_000021,기밀정보
vpn.envco.local,019_0076,sample_019_0076_000021,기밀정보
성남시,019_0076,sample_019_0076_000014,준식별자
분당구,019_0076,sample_019_0076_000014,준식별자
나동욱,019_0076,sample_019_0076_000023,개인정보
lab@envlab.kr,019_0076,sample_019_0076_000025,개인정보
정태율,019_0076,sample_019_0076_000026,개인정보
010-7777-1234,019_0076,sample_019_0076_000026,개인정보
192.168.100.10,019_0076,sample_019_0076_000027,기밀정보
배윤서,019_0076,sample_019_0076_000030,개인정보
정혜빈,019_0076,sample_019_0076_000030,개인정보
천종수,019_0076,sample_019_0076_000030,개인정보
경기도,019_0076,sample_019_0076_000005,준식별자
서울특별시,019_0076,sample_019_0076_000004,준식별자
심차은,019_0077,sample_019_0077_000006,개인정보
1985-07-23,019_0077,sample_019_0077_000006,준식별자
010-1234-5678,019_0077,sample_019_0077_000006,개인정보
sceun@envlab.kr,019_0077,sample_019_0077_000006,개인정보
차우영,019_0077,sample_019_0077_000023,개인정보
사번 20210456,019_0077,sample_019_0077_000023,개인정보
서울특별시 강남구,019_0077,sample_019_0077_000024,준식별자
부산광역시 해운대구,019_0077,sample_019_0077_000024,준식별자
대한환경연구소,019_0077,sample_019_0077_000013,준식별자
192.168.10.5,019_0077,sample_019_0077_000026,기밀정보
계좌번호 110-123-456789,019_0077,sample_019_0077_000027,기밀정보
서울특별시 강서구,019_0078,sample_019_0078_000004,준식별자
/srv/data/calib/SEN-ALPHA-0001_20250315.pdf,019_0078,sample_019_0078_000014,기밀정보
10.0.3.45,019_0078,sample_019_0078_000020,기밀정보
https://internal.env.local/report/2025Q4,019_0078,sample_019_0078_000020,기밀정보
송효원,019_0078,sample_019_0078_000021,개인정보
010-1234-5678,019_0078,sample_019_0078_000022,개인정보
hyowon.song@example.org,019_0078,sample_019_0078_000022,개인정보
20231456,019_0078,sample_019_0078_000023,개인정보
안규범,019_0078,sample_019_0078_000024,개인정보
1985-07-12,019_0078,sample_019_0078_000024,준식별자
상세 주소: 서울특별시 강서구 공항대로 123-45,019_0078,sample_019_0078_000025,개인정보
전채하,019_0078,sample_019_0078_000026,개인정보
/srv/data/private/calib.log,019_0078,sample_019_0078_000027,기밀정보
송효원,019_0078,sample_019_0078_000028,개인정보
전채하,019_0078,sample_019_0078_000028,개인정보
엄선아,019_0079,sample_019_0079_000003,개인정보
010-1234-5678,019_0079,sample_019_0079_000003,개인정보
seonah.um@envcorp.kr,019_0079,sample_019_0079_000003,개인정보
부산환경연구원,019_0079,sample_019_0079_000003,준식별자
사번: 20231234,019_0079,sample_019_0079_000004,개인정보
부산광역시 동래구 수영로 123-45,019_0079,sample_019_0079_000005,개인정보
부산광역시,019_0079,sample_019_0079_000005,준식별자
동래구,019_0079,sample_019_0079_000005,준식별자
엄민섭,019_0079,sample_019_0079_000023,개인정보
원제나,019_0079,sample_019_0079_000028,개인정보
엄준후,019_0079,sample_019_0079_000028,개인정보
10.10.10.5,019_0079,sample_019_0079_000024,기밀정보
env_admin,019_0079,sample_019_0079_000024,기밀정보
vpn.internal.env.kr,019_0079,sample_019_0079_000024,기밀정보
GNT-2024-09,019_0079,sample_019_0079_000025,기밀정보
계좌번호 123-456-789012,019_0079,sample_019_0079_000025,기밀정보
문태윤,019_0080,sample_019_0080_000002,개인정보
배태민,019_0080,sample_019_0080_000003,개인정보
에코모니터링주식회사,019_0080,sample_019_0080_000004,준식별자
서울특별시 강남구 역삼동,019_0080,sample_019_0080_000005,준식별자
"테헤란로 123, 5층",019_0080,sample_019_0080_000005,개인정보
2025-07-01T09:00:00+09:00,019_0080,sample_019_0080_000008,준식별자
2025-08-12T14:30:00+09:00,019_0080,sample_019_0080_000010,준식별자
2025-08-12T10:15:00+09:00,019_0080,sample_019_0080_000015,준식별자
2025-08-12T09:45:00+09:00,019_0080,sample_019_0080_000021,준식별자
2025-08-11T18:20:00+09:00,019_0080,sample_019_0080_000023,준식별자
10.0.0.42,019_0080,sample_019_0080_000025,기밀정보
진종민,019_0081,sample_019_0081_000016,개인정보
2020456,019_0081,sample_019_0081_000016,개인정보
010-1234-5678,019_0081,sample_019_0081_000016,개인정보
minjin@example.com,019_0081,sample_019_0081_000016,개인정보
1985,019_0081,sample_019_0081_000016,준식별자
06,019_0081,sample_019_0081_000016,준식별자
12,019_0081,sample_019_0081_000016,준식별자
남성,019_0081,sample_019_0081_000016,준식별자
한국환경연구원,019_0081,sample_019_0081_000016,준식별자
서울특별시,019_0081,sample_019_0081_000017,준식별자
서초구,019_0081,sample_019_0081_000017,준식별자
반포동,019_0081,sample_019_0081_000017,준식별자
반포동 12-34,019_0081,sample_019_0081_000017,개인정보
/srv/data/provenance/logs/2025/secret.log,019_0081,sample_019_0081_000014,기밀정보
192.168.100.5,019_0081,sample_019_0081_000015,기밀정보
vpn.internal.example.com,019_0081,sample_019_0081_000015,기밀정보
원진열,019_0081,sample_019_0081_000026,개인정보
2026,019_0082,sample_019_0082_000001,준식별자
01,019_0082,sample_019_0082_000001,준식별자
07,019_0082,sample_019_0082_000001,준식별자
서울특별시 강남구 테헤란로 123-45,019_0082,sample_019_0082_000002,개인정보
서울특별시,019_0082,sample_019_0082_000002,준식별자
강남구,019_0082,sample_019_0082_000002,준식별자
황선우,019_0082,sample_019_0082_000003,개인정보
010-1234-5678,019_0082,sample_019_0082_000003,개인정보
20230456,019_0082,sample_019_0082_000003,개인정보
2025,019_0082,sample_019_0082_000004,준식별자
06,019_0082,sample_019_0082_000004,준식별자
15,019_0082,sample_019_0082_000004,준식별자
권예솔,019_0082,sample_019_0082_000005,개인정보
2026,019_0082,sample_019_0082_000006,준식별자
01,019_0082,sample_019_0082_000006,준식별자
07,019_0082,sample_019_0082_000006,준식별자
2025,019_0082,sample_019_0082_000012,준식별자
12,019_0082,sample_019_0082_000012,준식별자
31,019_0082,sample_019_0082_000012,준식별자
고동호,019_0082,sample_019_0082_000012,개인정보
2026,019_0082,sample_019_0082_000019,준식별자
01,019_0082,sample_019_0082_000019,준식별자
07,019_0082,sample_019_0082_000019,준식별자
/srv/secure/monitoring/data/,019_0082,sample_019_0082_000021,기밀정보
vpn.internal.corp,019_0082,sample_019_0082_000021,기밀정보
10.0.4.12,019_0082,sample_019_0082_000021,기밀정보
2025,019_0082,sample_019_0082_000023,준식별자
11,019_0082,sample_019_0082_000023,준식별자
03,019_0082,sample_019_0082_000023,준식별자
2026,019_0082,sample_019_0082_000027,준식별자
06,019_0082,sample_019_0082_000027,준식별자
15,019_0082,sample_019_0082_000027,준식별자
contact@envmon.example,019_0082,sample_019_0082_000028,개인정보
우명화,019_0082,sample_019_0082_000028,개인정보
강명국,019_0083,sample_019_0083_000002,개인정보
kmg.environment@example.com,019_0083,sample_019_0083_000002,개인정보
010-1234-5678,019_0083,sample_019_0083_000002,개인정보
임정현,019_0083,sample_019_0083_000003,개인정보
환경연구소,019_0083,sample_019_0083_000003,준식별자
2025-EN-001,019_0083,sample_019_0083_000003,개인정보
서울특별시,019_0083,sample_019_0083_000004,준식별자
강남구,019_0083,sample_019_0083_000004,준식별자
역삼동,019_0083,sample_019_0083_000004,준식별자
경기도,019_0083,sample_019_0083_000004,준식별자
성남시,019_0083,sample_019_0083_000004,준식별자
분당구,019_0083,sample_019_0083_000004,준식별자
야탑동 45-12,019_0083,sample_019_0083_000004,개인정보
2025,019_0083,sample_019_0083_000007,준식별자
03,019_0083,sample_019_0083_000007,준식별자
15,019_0083,sample_019_0083_000007,준식별자
곽민범,019_0083,sample_019_0083_000011,개인정보
2025,019_0083,sample_019_0083_000012,준식별자
03,019_0083,sample_019_0083_000012,준식별자
14,019_0083,sample_019_0083_000012,준식별자
2025,019_0083,sample_019_0083_000015,준식별자
03,019_0083,sample_019_0083_000015,준식별자
15,019_0083,sample_019_0083_000015,준식별자
2025,019_0083,sample_019_0083_000017,준식별자
03,019_0083,sample_019_0083_000017,준식별자
15,019_0083,sample_019_0083_000017,준식별자
2025,019_0083,sample_019_0083_000018,준식별자
03,019_0083,sample_019_0083_000018,준식별자
15,019_0083,sample_019_0083_000018,준식별자
10.10.10.5,019_0083,sample_019_0083_000019,기밀정보
/var/audit/2025/report_annual.pdf,019_0083,sample_019_0083_000019,기밀정보
admin_env,019_0083,sample_019_0083_000020,기밀정보
123-456-78901234,019_0083,sample_019_0083_000021,기밀정보
"50,000,000원",019_0083,sample_019_0083_000021,기밀정보
2024,019_0083,sample_019_0083_000022,준식별자
11,019_0083,sample_019_0083_000022,준식별자
20,019_0083,sample_019_0083_000022,준식별자
구세윤,019_0083,sample_019_0083_000025,개인정보
김서주,019_0083,sample_019_0083_000025,개인정보
2025,019_0083,sample_019_0083_000025,준식별자
03,019_0083,sample_019_0083_000025,준식별자
16,019_0083,sample_019_0083_000025,준식별자
이사회 비공개 결재,019_0083,sample_019_0083_000026,기밀정보
박진만,019_0083,sample_019_0083_000029,개인정보
010-8765-4321,019_0083,sample_019_0083_000029,개인정보
환경연구소,019_0083,sample_019_0083_000030,준식별자
허예희,019_0084,sample_019_0084_000003,개인정보
사번 2025-0099,019_0084,sample_019_0084_000003,개인정보
010-1234-5678,019_0084,sample_019_0084_000003,개인정보
heyi@example.org,019_0084,sample_019_0084_000003,개인정보
신태홍,019_0084,sample_019_0084_000004,개인정보
서울특별시 강남구 대치동,019_0084,sample_019_0084_000005,준식별자
2025-01-05T08:30:00+09:00,019_0084,sample_019_0084_000006,준식별자
2025-01-05T09:00:00+09:00,019_0084,sample_019_0084_000007,준식별자
2025-01-05T08:35:00+09:00,019_0084,sample_019_0084_000014,준식별자
2024-11-15T10:00:00+09:00,019_0084,sample_019_0084_000009,준식별자
10.10.55.7,019_0084,sample_019_0084_000025,기밀정보
/srv/envmon/data/2025/raw,019_0084,sample_019_0084_000026,기밀정보
부산광역시,019_0085,sample_019_0085_000009,준식별자
해운대구,019_0085,sample_019_0085_000009,준식별자
경기도 성남시 분당구 정자동 123-45,019_0085,sample_019_0085_000010,개인정보
성남시,019_0085,sample_019_0085_000010,준식별자
분당구,019_0085,sample_019_0085_000010,준식별자
10.200.45.12,019_0085,sample_019_0085_000019,기밀정보
C:\internal\specs\sensor_cal.xlsx,019_0085,sample_019_0085_000019,기밀정보
vpn.envcorp.local,019_0085,sample_019_0085_000020,기밀정보
양해빈,019_0085,sample_019_0085_000021,개인정보
사번: 20230456,019_0085,sample_019_0085_000021,개인정보
주준휘,019_0085,sample_019_0085_000022,개인정보
010-9876-5432,019_0085,sample_019_0085_000022,개인정보
juhun@envcorp.kr,019_0085,sample_019_0085_000022,개인정보
1985,019_0085,sample_019_0085_000023,준식별자
06,019_0085,sample_019_0085_000023,준식별자
15,019_0085,sample_019_0085_000023,준식별자
010-1234-5678,019_0085,sample_019_0085_000024,개인정보
홍영희,019_0085,sample_019_0085_000025,개인정보
INT-2025-045,019_0085,sample_019_0085_000025,기밀정보
권세윤,019_0085,sample_019_0085_000029,개인정보
사번: 20211012,019_0085,sample_019_0085_000029,개인정보
2023,019_0086,sample_019_0086_000005,준식별자
04,019_0086,sample_019_0086_000005,준식별자
12,019_0086,sample_019_0086_000005,준식별자
2025,019_0086,sample_019_0086_000005,준식별자
03,019_0086,sample_019_0086_000005,준식별자
15,019_0086,sample_019_0086_000005,준식별자
서울특별시,019_0086,sample_019_0086_000008,준식별자
강서구,019_0086,sample_019_0086_000008,준식별자
2025,019_0086,sample_019_0086_000010,준식별자
06,019_0086,sample_019_0086_000010,준식별자
01,019_0086,sample_019_0086_000010,준식별자
2025,019_0086,sample_019_0086_000013,준식별자
05,019_0086,sample_019_0086_000013,준식별자
20,019_0086,sample_019_0086_000013,준식별자
2025,019_0086,sample_019_0086_000014,준식별자
05,019_0086,sample_019_0086_000014,준식별자
22,019_0086,sample_019_0086_000014,준식별자
신태양,019_0086,sample_019_0086_000018,개인정보
EMP-2021-045,019_0086,sample_019_0086_000018,개인정보
shintae@envlab.kr,019_0086,sample_019_0086_000018,개인정보
192.168.10.5,019_0086,sample_019_0086_000019,기밀정보
s3://internal-data-bucket/019_0086,019_0086,sample_019_0086_000019,기밀정보
2024,019_0086,sample_019_0086_000022,준식별자
09,019_0086,sample_019_0086_000022,준식별자
10,019_0086,sample_019_0086_000022,준식별자
2025,019_0086,sample_019_0086_000022,준식별자
03,019_0086,sample_019_0086_000022,준식별자
15,019_0086,sample_019_0086_000022,준식별자
/var/internal/logs/obs/019_0086.log,019_0086,sample_019_0086_000026,기밀정보
2025,019_0086,sample_019_0086_000027,준식별자
07,019_0086,sample_019_0086_000027,준식별자
01,019_0086,sample_019_0086_000027,준식별자
장연옥,019_0086,sample_019_0086_000028,개인정보
하종우,019_0087,sample_019_0087_000002,개인정보
010-1234-5678,019_0087,sample_019_0087_000003,개인정보
hjoong@example.org,019_0087,sample_019_0087_000003,개인정보
지영윤,019_0087,sample_019_0087_000004,개인정보
20241234,019_0087,sample_019_0087_000004,개인정보
서울특별시,019_0087,sample_019_0087_000005,준식별자
강서구,019_0087,sample_019_0087_000005,준식별자
공항동,019_0087,sample_019_0087_000005,준식별자
고유상,019_0087,sample_019_0087_000017,개인정보
10.10.10.5,019_0087,sample_019_0087_000018,기밀정보
/srv/private/reports/019_0087.pdf,019_0087,sample_019_0087_000018,기밀정보
배하엘,019_0087,sample_019_0087_000025,개인정보
류남규,019_0087,sample_019_0087_000025,개인정보
2025,019_0088,sample_019_0088_000001,준식별자
11,019_0088,sample_019_0088_000001,준식별자
15,019_0088,sample_019_0088_000001,준식별자
SN-ENV-00012345,019_0088,sample_019_0088_000004,기밀정보
2025,019_0088,sample_019_0088_000004,준식별자
10,019_0088,sample_019_0088_000004,준식별자
01,019_0088,sample_019_0088_000004,준식별자
서울특별시 강남구,019_0088,sample_019_0088_000007,준식별자
박태일,019_0088,sample_019_0088_000008,개인정보
010-1234-5678,019_0088,sample_019_0088_000008,개인정보
taeil.park@envlab.kr,019_0088,sample_019_0088_000008,개인정보
2025,019_0088,sample_019_0088_000009,준식별자
11,019_0088,sample_019_0088_000009,준식별자
14,019_0088,sample_019_0088_000009,준식별자
2025,019_0088,sample_019_0088_000009,준식별자
11,019_0088,sample_019_0088_000009,준식별자
15,019_0088,sample_019_0088_000009,준식별자
2025,019_0088,sample_019_0088_000010,준식별자
11,019_0088,sample_019_0088_000010,준식별자
15,019_0088,sample_019_0088_000010,준식별자
LAB-2025-0456,019_0088,sample_019_0088_000012,기밀정보
2025,019_0088,sample_019_0088_000012,준식별자
11,019_0088,sample_019_0088_000012,준식별자
14,019_0088,sample_019_0088_000012,준식별자
SN-ENV-00012345,019_0088,sample_019_0088_000017,기밀정보
2025,019_0088,sample_019_0088_000017,준식별자
10,019_0088,sample_019_0088_000017,준식별자
01,019_0088,sample_019_0088_000017,준식별자
조유한,019_0088,sample_019_0088_000017,개인정보
2025,019_0088,sample_019_0088_000019,준식별자
11,019_0088,sample_019_0088_000019,준식별자
15,019_0088,sample_019_0088_000019,준식별자
2025,019_0088,sample_019_0088_000019,준식별자
11,019_0088,sample_019_0088_000019,준식별자
15,019_0088,sample_019_0088_000019,준식별자
10.0.5.12,019_0088,sample_019_0088_000020,기밀정보
/var/data/env/secure_log.db,019_0088,sample_019_0088_000020,기밀정보
2025,019_0088,sample_019_0088_000023,준식별자
06,019_0088,sample_019_0088_000023,준식별자
20,019_0088,sample_019_0088_000023,준식별자
원도은,019_0088,sample_019_0088_000024,개인정보
taeil.park@envlab.kr,019_0088,sample_019_0088_000027,개인정보
강수호,019_0088,sample_019_0088_000027,개인정보
LAB-2025-0456,019_0088,sample_019_0088_000028,기밀정보
2025,019_0088,sample_019_0088_000029,준식별자
11,019_0088,sample_019_0088_000029,준식별자
16,019_0088,sample_019_0088_000029,준식별자
서차민,019_0088,sample_019_0088_000029,개인정보
하건율,019_0089,sample_019_0089_000004,개인정보
010-1234-5678,019_0089,sample_019_0089_000004,개인정보
hgy@example.org,019_0089,sample_019_0089_000004,개인정보
사번 2024-045,019_0089,sample_019_0089_000004,개인정보
1985-07-21,019_0089,sample_019_0089_000005,준식별자
서울특별시 강남구 테헤란로 10-5 (사무실 3층),019_0089,sample_019_0089_000006,개인정보
서울특별시 강남구,019_0089,sample_019_0089_000007,준식별자
부산광역시 해운대구,019_0089,sample_019_0089_000008,준식별자
192.168.10.45,019_0089,sample_019_0089_000022,기밀정보
\\internal\\env\\2024\\raw\\siteA\\2026-01-07.csv,019_0089,sample_019_0089_000023,기밀정보
301-0123-4567,019_0089,sample_019_0089_000024,기밀정보
홍유성,019_0089,sample_019_0089_000025,개인정보
류제이,019_0089,sample_019_0089_000026,개인정보
안민하,019_0089,sample_019_0089_000030,개인정보
서울특별시 마포구,019_0090,sample_019_0090_000004,준식별자
2025-04-16T14:05:00+09:00,019_0090,sample_019_0090_000007,준식별자
S-ENV-2025-009,019_0090,sample_019_0090_000008,기밀정보
SN-AQ200-7781,019_0090,sample_019_0090_000008,기밀정보
2025-04-15T09:30:00+09:00,019_0090,sample_019_0090_000008,준식별자
2025-04-17T08:00:00+09:00,019_0090,sample_019_0090_000010,준식별자
2025-04-16T13:50:00+09:00,019_0090,sample_019_0090_000013,준식별자
2025-04-16T12:00:00+09:00,019_0090,sample_019_0090_000014,준식별자
/var/data/provenance/019_0090.log,019_0090,sample_019_0090_000016,기밀정보
10.8.32.11,019_0090,sample_019_0090_000017,기밀정보
강원도 원주시,019_0090,sample_019_0090_000018,준식별자
2025-04-16T14:20:00+09:00,019_0090,sample_019_0090_000018,준식별자
배미성,019_0090,sample_019_0090_000019,개인정보
원병진,019_0090,sample_019_0090_000020,개인정보
2025-04-20T09:00:00+09:00,019_0090,sample_019_0090_000024,준식별자
vpn.env.local,019_0090,sample_019_0090_000025,기밀정보
https://internal.env/secure,019_0090,sample_019_0090_000026,기밀정보
안리후,019_0090,sample_019_0090_000028,개인정보
2025-04-25,019_0090,sample_019_0090_000028,준식별자
/secure/certs/SN-AQ200-7781.cert,019_0090,sample_019_0090_000029,기밀정보
SN-AQ200-7781,019_0090,sample_019_0090_000029,기밀정보
서울특별시,019_0091,sample_019_0091_000011,준식별자
강남구,019_0091,sample_019_0091_000011,준식별자
"테헤란로 123, 45층",019_0091,sample_019_0091_000011,개인정보
남예솜,019_0091,sample_019_0091_000012,개인정보
사번: 2023-0456,019_0091,sample_019_0091_000012,개인정보
1985,019_0091,sample_019_0091_000013,준식별자
09,019_0091,sample_019_0091_000013,준식별자
12,019_0091,sample_019_0091_000013,준식별자
여성,019_0091,sample_019_0091_000013,준식별자
010-1234-5678,019_0091,sample_019_0091_000014,개인정보
nam@example.com,019_0091,sample_019_0091_000014,개인정보
강대열,019_0091,sample_019_0091_000017,개인정보
192.168.10.24,019_0091,sample_019_0091_000018,기밀정보
vpn.internal.corp,019_0091,sample_019_0091_000018,기밀정보
ABC-2024-77,019_0091,sample_019_0091_000018,기밀정보
987-654-3210,019_0091,sample_019_0091_000019,기밀정보
/srv/data/monitoring/seq001,019_0091,sample_019_0091_000020,기밀정보
오일우,019_0091,sample_019_0091_000029,개인정보
임태수,019_0091,sample_019_0091_000029,개인정보
차한별,019_0091,sample_019_0091_000029,개인정보
남대원,019_0092,sample_019_0092_000009,개인정보
김은호,019_0092,sample_019_0092_000011,개인정보
kim.eunho@labcoop.kr,019_0092,sample_019_0092_000011,개인정보
010-1234-5678,019_0092,sample_019_0092_000011,개인정보
10.0.5.23,019_0092,sample_019_0092_000019,기밀정보
/srv/prod/sensors/keys.pem,019_0092,sample_019_0092_000019,기밀정보
FIN-2025-ENV-09,019_0092,sample_019_0092_000020,기밀정보
123-456-789012,019_0092,sample_019_0092_000020,기밀정보
고연석,019_0092,sample_019_0092_000026,개인정보
EMP-2023-045,019_0092,sample_019_0092_000029,개인정보
경기도 성남시 분당구,019_0092,sample_019_0092_000030,준식별자
서울특별시 강남구 테헤란로 10-5 301호,019_0093,sample_019_0093_000005,개인정보
신호경,019_0093,sample_019_0093_000008,개인정보
안동우,019_0093,sample_019_0093_000021,개인정보
2024-1023,019_0093,sample_019_0093_000021,개인정보
010-1234-5678,019_0093,sample_019_0093_000021,개인정보
andongwoo@envteam.local,019_0093,sample_019_0093_000021,개인정보
배혜윤,019_0093,sample_019_0093_000022,개인정보
임서범,019_0093,sample_019_0093_000028,개인정보
서울특별시,019_0093,sample_019_0093_000005,준식별자
강남구,019_0093,sample_019_0093_000005,준식별자
부산광역시,019_0093,sample_019_0093_000006,준식별자
해운대구,019_0093,sample_019_0093_000006,준식별자
여성,019_0093,sample_019_0093_000022,준식별자
1985,019_0093,sample_019_0093_000022,준식별자
07,019_0093,sample_019_0093_000022,준식별자
23,019_0093,sample_019_0093_000022,준식별자
현장엔지니어,019_0093,sample_019_0093_000022,준식별자
/srv/internal/calibration/SNR-0001_20241115.log,019_0093,sample_019_0093_000008,기밀정보
vpn.internal.env:1194,019_0093,sample_019_0093_000023,기밀정보
10.8.0.12,019_0093,sample_019_0093_000023,기밀정보
/etc/monitoring/credentials.conf,019_0093,sample_019_0093_000023,기밀정보
/srv/internal/reports/019_0093_final.pdf,019_0093,sample_019_0093_000028,기밀정보
강선율,019_0094,sample_019_0094_000004,개인정보
사번 2024-008,019_0094,sample_019_0094_000004,개인정보
2025-01-15T09:30:00+09:00,019_0094,sample_019_0094_000005,준식별자
서울특별시 강남구,019_0094,sample_019_0094_000006,준식별자
경기도 수원시 영통구,019_0094,sample_019_0094_000007,준식별자
2024-12-01T08:00:00+09:00,019_0094,sample_019_0094_000009,준식별자
부산광역시 해운대구,019_0094,sample_019_0094_000010,준식별자
우강희,019_0094,sample_019_0094_000018,개인정보
10.128.45.2,019_0094,sample_019_0094_000020,기밀정보
C:\env\data\audit.log,019_0094,sample_019_0094_000021,기밀정보
vpn.internal.local,019_0094,sample_019_0094_000022,기밀정보
안우림,019_0095,sample_019_0095_000003,개인정보
2024-0551,019_0095,sample_019_0095_000003,개인정보
인천광역시 연수구,019_0095,sample_019_0095_000007,준식별자
10.10.10.5,019_0095,sample_019_0095_000015,기밀정보
주단,019_0095,sample_019_0095_000026,개인정보
방조현,019_0096,sample_019_0096_000005,개인정보
010-1234-5678,019_0096,sample_019_0096_000006,개인정보
bjh@example.com,019_0096,sample_019_0096_000007,개인정보
사번: 20231234,019_0096,sample_019_0096_000008,개인정보
민윤이,019_0096,sample_019_0096_000009,개인정보
1985-06-15,019_0096,sample_019_0096_000009,준식별자
서울특별시 강남구,019_0096,sample_019_0096_000011,준식별자
192.168.3.12,019_0096,sample_019_0096_000015,기밀정보
/srv/prod/data/aqi.db,019_0096,sample_019_0096_000016,기밀정보
vpn.internal.example.com,019_0096,sample_019_0096_000017,기밀정보
env_monitor_admin,019_0096,sample_019_0096_000020,기밀정보
나강희,019_0096,sample_019_0096_000023,개인정보
전지숙,019_0096,sample_019_0096_000025,개인정보
임영상,019_0097,sample_019_0097_000006,개인정보
구이현,019_0097,sample_019_0097_000007,개인정보
1985-07-12,019_0097,sample_019_0097_000007,준식별자
서울특별시 강남구,019_0097,sample_019_0097_000008,준식별자
10.10.10.5,019_0097,sample_019_0097_000025,기밀정보
엔바이로텍 주식회사,019_0097,sample_019_0097_000026,준식별자
하희자,019_0097,sample_019_0097_000027,개인정보
구소율,019_0097,sample_019_0097_000030,개인정보
곽재림,019_0098,sample_019_0098_000006,개인정보
곽재림,019_0098,sample_019_0098_000007,개인정보
010-1111-2222,019_0098,sample_019_0098_000007,개인정보
gjr_monitoring@example.com,019_0098,sample_019_0098_000007,개인정보
서울특별시 중구 을지로 12-3,019_0098,sample_019_0098_000008,개인정보
/srv/data/private/calib.log,019_0098,sample_019_0098_000010,기밀정보
10.0.5.23,019_0098,sample_019_0098_000010,기밀정보
에코솔루션즈,019_0098,sample_019_0098_000011,준식별자
손자은,019_0098,sample_019_0098_000012,개인정보
구선옥,019_0098,sample_019_0098_000018,개인정보
svc_admin_02045,019_0098,sample_019_0098_000022,기밀정보
vpn.internal.eco:1194,019_0098,sample_019_0098_000023,기밀정보
노재완,019_0098,sample_019_0098_000024,개인정보
채대훈,019_0098,sample_019_0098_000025,개인정보
123-456-789012,019_0098,sample_019_0098_000026,기밀정보
에코솔루션즈,019_0098,sample_019_0098_000027,준식별자
02-765-4321,019_0098,sample_019_0098_000028,개인정보
송시헌,019_0098,sample_019_0098_000030,개인정보
주계순,019_0099,sample_019_0099_000004,개인정보
20231234,019_0099,sample_019_0099_000004,개인정보
권찬유,019_0099,sample_019_0099_000005,개인정보
서울특별시 강남구,019_0099,sample_019_0099_000006,준식별자
부산광역시 사하구,019_0099,sample_019_0099_000007,준식별자
SENSOR-ACM-2021-00017,019_0099,sample_019_0099_000010,기밀정보
10.0.0.5,019_0099,sample_019_0099_000012,기밀정보
/srv/data/monitoring/prod,019_0099,sample_019_0099_000013,기밀정보
1985-06-12,019_0099,sample_019_0099_000016,준식별자
2025-08-15T14:30:00+09:00,019_0100,sample_019_0100_000003,준식별자
2025,019_0100,sample_019_0100_000003,준식별자
08,019_0100,sample_019_0100_000003,준식별자
15,019_0100,sample_019_0100_000003,준식별자
"위도=37.497949, 경도=127.027619 (WGS84)",019_0100,sample_019_0100_000004,준식별자
서울특별시 강남구,019_0100,sample_019_0100_000005,준식별자
오근영,019_0100,sample_019_0100_000006,개인정보
안진효,019_0100,sample_019_0100_000007,개인정보
2025-07-01T09:00:00+09:00,019_0100,sample_019_0100_000009,준식별자
2025,019_0100,sample_019_0100_000009,준식별자
07,019_0100,sample_019_0100_000009,준식별자
01,019_0100,sample_019_0100_000009,준식별자
2025-08-14T03:20:00+09:00,019_0100,sample_019_0100_000011,준식별자
2025,019_0100,sample_019_0100_000011,준식별자
08,019_0100,sample_019_0100_000011,준식별자
14,019_0100,sample_019_0100_000011,준식별자
경기도 성남시 분당구,019_0100,sample_019_0100_000011,준식별자
"위도=37.375300, 경도=127.123400",019_0100,sample_019_0100_000011,준식별자
성남시 분당구,019_0100,sample_019_0100_000012,준식별자
2025-08-15T08:45:00+09:00,019_0100,sample_019_0100_000013,준식별자
2025,019_0100,sample_019_0100_000013,준식별자
08,019_0100,sample_019_0100_000013,준식별자
15,019_0100,sample_019_0100_000013,준식별자
안남훈,019_0100,sample_019_0100_000014,개인정보
용인시 기흥구,019_0100,sample_019_0100_000015,준식별자
유은지,019_0100,sample_019_0100_000016,개인정보
"위도=37.375301, 경도=127.123400 (WGS84)",019_0100,sample_019_0100_000017,준식별자
2025-08-15T09:15:00+09:00,019_0100,sample_019_0100_000020,준식별자
2025,019_0100,sample_019_0100_000020,준식별자
08,019_0100,sample_019_0100_000020,준식별자
15,019_0100,sample_019_0100_000020,준식별자
