{
    "document_id": "021_0049",
    "document_title": "K리그 2026 시즌 경기 운영 및 통합 데이터 리포트",
    "data": [
        {
            "sentence": "문서 개요: 본 리포트는 스포츠 및 레크리에이션 도메인의 경기 운영, 텔레메트리, 의료, 상업 계약 정보를 통합해 기술합니다.",
            "id": "sample_021_0049_000001",
            "annotations": []
        },
        {
            "sentence": "대상 경기: MATCH ID SPORTS:K_LEAGUE:match:000123, 경기일시 2026-01-07T15:30:00Z (UTC), 경기장 좌표 37.517200,127.047000.",
            "id": "sample_021_0049_000002",
            "annotations": []
        },
        {
            "sentence": "홈팀 ID SPORTS:K_LEAGUE:team:001 vs 원정팀 ID SPORTS:K_LEAGUE:team:002 로 매치업이 정의되어 있습니다.",
            "id": "sample_021_0049_000003",
            "annotations": []
        },
        {
            "sentence": "선수 목록 예시: 선수 ID SPORTS:K_LEAGUE:player:0001, 이름 유정혜, 포지션 MF, 연락처 010-1234-5678, 이메일 yjh@teamalpha.kr.",
            "id": "sample_021_0049_000004",
            "annotations": [
                {
                    "word": "SPORTS:K_LEAGUE:player:0001",
                    "start": 16,
                    "end": 43,
                    "label": "개인정보"
                },
                {
                    "word": "유정혜",
                    "start": 48,
                    "end": 51,
                    "label": "개인정보"
                },
                {
                    "word": "010-1234-5678",
                    "start": 65,
                    "end": 78,
                    "label": "개인정보"
                },
                {
                    "word": "yjh@teamalpha.kr",
                    "start": 84,
                    "end": 100,
                    "label": "개인정보"
                }
            ]
        },
        {
            "sentence": "선수 ID SPORTS:K_LEAGUE:player:0002, 이름 채윤교, 생년월일 1994-05-12, 국적 대한민국, 포지션 FW.",
            "id": "sample_021_0049_000005",
            "annotations": [
                {
                    "word": "SPORTS:K_LEAGUE:player:0002",
                    "start": 6,
                    "end": 33,
                    "label": "개인정보"
                },
                {
                    "word": "채윤교",
                    "start": 38,
                    "end": 41,
                    "label": "개인정보"
                },
                {
                    "word": "1994-05-12",
                    "start": 48,
                    "end": 58,
                    "label": "준식별자"
                },
                {
                    "word": "대한민국",
                    "start": 63,
                    "end": 67,
                    "label": "준식별자"
                }
            ]
        },
        {
            "sentence": "실시간 경기 통계는 초 단위 집계로 제공되며 예로 득점 2, 어시스트 1, 슈팅 7 등의 집계가 포함됩니다.",
            "id": "sample_021_0049_000006",
            "annotations": []
        },
        {
            "sentence": "선수 ID SPORTS:K_LEAGUE:player:0003, 이름 이훈, 신체정보 키 178 cm, 체중 72 kg, 여권번호 MZ1234567, 포지션 DF.",
            "id": "sample_021_0049_000007",
            "annotations": [
                {
                    "word": "SPORTS:K_LEAGUE:player:0003",
                    "start": 6,
                    "end": 33,
                    "label": "개인정보"
                },
                {
                    "word": "이훈",
                    "start": 38,
                    "end": 40,
                    "label": "개인정보"
                },
                {
                    "word": "178 cm",
                    "start": 49,
                    "end": 55,
                    "label": "준식별자"
                },
                {
                    "word": "72 kg",
                    "start": 60,
                    "end": 65,
                    "label": "준식별자"
                },
                {
                    "word": "MZ1234567",
                    "start": 72,
                    "end": 81,
                    "label": "개인정보"
                }
            ]
        },
        {
            "sentence": "텔레메트리 샘플: player_id SPORTS:K_LEAGUE:player:0001, device_id DEVICE:GPS:001, sampling_period 1000ms, 최고속도 31.4 km/h, 이동거리 10234 m.",
            "id": "sample_021_0049_000008",
            "annotations": []
        },
        {
            "sentence": "의료 로그(가명화/암호화 권장): 선수 SPORTS:K_LEAGUE:player:0003의 진단 '무릎 인대 손상(ACL 파열)'은 암호화된 레코드로 저장되며 접근 권한은 restricted로 설정됩니다.",
            "id": "sample_021_0049_000009",
            "annotations": []
        },
        {
            "sentence": "의료 접근 로그: 접근자 원태령, 사번 STAFF:K_LEAGUE:physio:045, 접근시간 2026-01-07T16:10:23Z (UTC), access_level restricted, 감사 로그 보관.",
            "id": "sample_021_0049_000010",
            "annotations": [
                {
                    "word": "원태령",
                    "start": 14,
                    "end": 17,
                    "label": "개인정보"
                },
                {
                    "word": "STAFF:K_LEAGUE:physio:045",
                    "start": 22,
                    "end": 47,
                    "label": "개인정보"
                }
            ]
        },
        {
            "sentence": "계약 메타데이터: 방송권 독점성 true, 지역 대한민국, 권리기간 2026-01-01/2028-12-31, data_provenance broadcaster_contracts_db_v2.",
            "id": "sample_021_0049_000011",
            "annotations": []
        },
        {
            "sentence": "스폰서 요약: 계약사 AlphaSports, 후원금 15000000원, 계좌번호 110-234-556789, 권리범위 대한민국(독점), 계약서 버전 v1.3.",
            "id": "sample_021_0049_000012",
            "annotations": [
                {
                    "word": "후원금 15000000원",
                    "start": 25,
                    "end": 38,
                    "label": "기밀정보"
                },
                {
                    "word": "계좌번호 110-234-556789",
                    "start": 40,
                    "end": 59,
                    "label": "기밀정보"
                }
            ]
        },
        {
            "sentence": "시스템 보안 메모: 방송 스트리밍 서버 IP 10.10.50.12 및 내부 파일경로 /srv/broadcast/2026/matches/match000123 는 기밀로 취급됩니다.",
            "id": "sample_021_0049_000013",
            "annotations": [
                {
                    "word": "서버 IP 10.10.50.12",
                    "start": 19,
                    "end": 36,
                    "label": "기밀정보"
                },
                {
                    "word": "/srv/broadcast/2026/matches/match000123",
                    "start": 47,
                    "end": 86,
                    "label": "기밀정보"
                }
            ]
        },
        {
            "sentence": "티켓 판매 데이터: 총 발매 12,500장, 좌석 점유율 78.4%, 결제 시스템 PCI DSS 준수 상태 verified.",
            "id": "sample_021_0049_000014",
            "annotations": []
        },
        {
            "sentence": "데이터 무결성 경고: 경기 결과 합산 불일치 감지 — 선수별 득점 합 3 vs 경기 최종 득점 4, flag scoring_mismatch true, provenance audit_log_20260107.",
            "id": "sample_021_0049_000015",
            "annotations": []
        },
        {
            "sentence": "스카우팅 리포트: 평가자 류지한, 선수 SPORTS:K_LEAGUE:player:0002에 대한 기술적 소견 및 포텐셜 분석이 문서화되었습니다.",
            "id": "sample_021_0049_000016",
            "annotations": [
                {
                    "word": "류지한",
                    "start": 14,
                    "end": 17,
                    "label": "개인정보"
                }
            ]
        },
        {
            "sentence": "장비 유지보수 로그: GPS 장치 DEVICE:GPS:001 교체일 2025-12-20, 점검결과 정상, 다음 점검 예정 2026-06-20.",
            "id": "sample_021_0049_000017",
            "annotations": []
        },
        {
            "sentence": "선수 대체 및 이적: 선수 SPORTS:K_LEAGUE:player:0004, 차예희는 시즌 중 이적 조항에 따라 임대가능 조건이 있습니다.",
            "id": "sample_021_0049_000018",
            "annotations": [
                {
                    "word": "SPORTS:K_LEAGUE:player:0004",
                    "start": 15,
                    "end": 42,
                    "label": "개인정보"
                },
                {
                    "word": "차예희",
                    "start": 44,
                    "end": 47,
                    "label": "개인정보"
                }
            ]
        },
        {
            "sentence": "재활 세션 텔레메트리: device_id DEVICE:HR:009, sampling_period 500ms, 평균 심박수 78 bpm, 최대 심박수 162 bpm, 단위 bpm(분당심박수).",
            "id": "sample_021_0049_000019",
            "annotations": []
        },
        {
            "sentence": "정규 리포트: 경기 승자 홈팀, 스코어 4-3, 경기상태 final, match_id SPORTS:K_LEAGUE:match:000123, timestamp 2026-01-07T17:45:00Z (UTC).",
            "id": "sample_021_0049_000020",
            "annotations": []
        },
        {
            "sentence": "규정 및 징계: 이적 관련 비자 확인 절차, 세무 처리 및 국제 규정 준수 체크리스트가 포함되어 있습니다.",
            "id": "sample_021_0049_000021",
            "annotations": []
        },
        {
            "sentence": "의료·반도핑 데이터 정책: 모든 의료기록과 Doping 검사 결과는 access_level confidential로 분류되며 보존기간과 접근 로그가 기록됩니다.",
            "id": "sample_021_0049_000022",
            "annotations": []
        },
        {
            "sentence": "운영 연락처(클럽 본사): 서울특별시 강남구 테헤란로 10, 운영담당 송혜진, 대표번호 02-555-0123.",
            "id": "sample_021_0049_000023",
            "annotations": [
                {
                    "word": "서울특별시 강남구 테헤란로 10",
                    "start": 15,
                    "end": 32,
                    "label": "개인정보"
                },
                {
                    "word": "송혜진",
                    "start": 39,
                    "end": 42,
                    "label": "개인정보"
                },
                {
                    "word": "02-555-0123",
                    "start": 49,
                    "end": 60,
                    "label": "개인정보"
                }
            ]
        },
        {
            "sentence": "상업 데이터 주의: 광고 슬롯·중계권 수익 분배표는 내부 재무 문서로 기밀 분류되며 외부 공유는 금지됩니다.",
            "id": "sample_021_0049_000024",
            "annotations": []
        },
        {
            "sentence": "데이터 출처 및 신뢰도: metadata.data_provenance = [match_feed_v1(0.98), telemetry_stream_v3(0.92), medical_archive_enc_v1(0.99)], synthetic_flag SYNTHETIC.",
            "id": "sample_021_0049_000025",
            "annotations": []
        },
        {
            "sentence": "접근 통제 로그: medical_record_access 기록은 SIEM으로 전송되며 변경 불가능한 감사 로그로 10년간 보관됩니다.",
            "id": "sample_021_0049_000026",
            "annotations": []
        },
        {
            "sentence": "선수 계약 예시: 선수 SPORTS:K_LEAGUE:player:0005, 이름 노로희, 계약기간 2024-02-01/2027-01-31, 연봉 85,000,000원, 계약세부는 권한제한됨.",
            "id": "sample_021_0049_000027",
            "annotations": [
                {
                    "word": "SPORTS:K_LEAGUE:player:0005",
                    "start": 13,
                    "end": 40,
                    "label": "개인정보"
                },
                {
                    "word": "노로희",
                    "start": 45,
                    "end": 48,
                    "label": "개인정보"
                },
                {
                    "word": "85,000,000원",
                    "start": 81,
                    "end": 92,
                    "label": "기밀정보"
                }
            ]
        },
        {
            "sentence": "결론 및 액션 아이템: 데이터 표준화, 암호화 정책 이행, 미성년자 데이터 확인, 접근 권한 검토 및 다음 감사일정 2026-02-15T09:00:00Z (UTC).",
            "id": "sample_021_0049_000028",
            "annotations": []
        }
    ]
}