{
    "document_id": "021_0026",
    "document_title": "프로축구 A리그 경기 종합보고서 및 텔레메트리·상업 데이터 검토서",
    "data": [
        {
            "sentence": "본 문서는 스포츠 및 레크리에이션 도메인에서 수집된 경기 운영·텔레메트리·의료·상업 데이터를 종합하여 감사 가능하도록 정리한 합성 보고서입니다.",
            "id": "sample_021_0026_000001",
            "annotations": []
        },
        {
            "sentence": "문서 생성일시: 2025-11-20T09:30:00Z (UTC)이며 모든 시간은 ISO8601 형식으로 표기됩니다.",
            "id": "sample_021_0026_000002",
            "annotations": []
        },
        {
            "sentence": "대상 이벤트 메타데이터: event_id=SPORTS:KFA:match:0001, 종목=축구, 리그=A리그, 시즌=2025, 라운드=12입니다.",
            "id": "sample_021_0026_000003",
            "annotations": []
        },
        {
            "sentence": "홈팀 ID=SPORTS:KFA:team:0007, 원정팀 ID=SPORTS:KFA:team:0012, 경기장 좌표=37.5135N,127.1000E(거리 단위: m)로 기록되어 있습니다.",
            "id": "sample_021_0026_000004",
            "annotations": []
        },
        {
            "sentence": "선발 라인업은 임정도 (SPORTS:KFA:player:00012)와 배서후 (SPORTS:KFA:player:00034)를 포함하여 전술 4-3-3으로 배치되었습니다.",
            "id": "sample_021_0026_000005",
            "annotations": [
                {
                    "word": "임정도",
                    "start": 8,
                    "end": 11,
                    "label": "개인정보"
                },
                {
                    "word": "배서후",
                    "start": 39,
                    "end": 42,
                    "label": "개인정보"
                }
            ]
        },
        {
            "sentence": "교체 후보 명단에는 구태언 (SPORTS:KFA:player:00056)과 류리준 (SPORTS:KFA:player:00078)이 등록되어 있으며 라인업 표준명칭은 영어·현지어 병기입니다.",
            "id": "sample_021_0026_000006",
            "annotations": [
                {
                    "word": "구태언",
                    "start": 11,
                    "end": 14,
                    "label": "개인정보"
                },
                {
                    "word": "류리준",
                    "start": 42,
                    "end": 45,
                    "label": "개인정보"
                }
            ]
        },
        {
            "sentence": "임정도 선수 생년월일: 1992-05-14이며 생년월일 표기는 [년]=1992, [월]=05, [일]=14 단위로 분리 표기합니다.",
            "id": "sample_021_0026_000007",
            "annotations": [
                {
                    "word": "임정도",
                    "start": 0,
                    "end": 3,
                    "label": "개인정보"
                },
                {
                    "word": "1992",
                    "start": 13,
                    "end": 17,
                    "label": "준식별자"
                },
                {
                    "word": "1992",
                    "start": 39,
                    "end": 43,
                    "label": "준식별자"
                },
                {
                    "word": "05",
                    "start": 18,
                    "end": 20,
                    "label": "준식별자"
                },
                {
                    "word": "05",
                    "start": 49,
                    "end": 51,
                    "label": "준식별자"
                },
                {
                    "word": "14",
                    "start": 21,
                    "end": 23,
                    "label": "준식별자"
                },
                {
                    "word": "14",
                    "start": 57,
                    "end": 59,
                    "label": "준식별자"
                }
            ]
        },
        {
            "sentence": "선수 임정도 등록상 상세 주소: 서울특별시 강남구 역삼동 (주소는 [시]=서울특별시, [군/구]=강남구, [동/읍/면]=역삼동으로 분리 표기합니다).",
            "id": "sample_021_0026_000008",
            "annotations": [
                {
                    "word": "임정도",
                    "start": 3,
                    "end": 6,
                    "label": "개인정보"
                },
                {
                    "word": "서울특별시",
                    "start": 18,
                    "end": 23,
                    "label": "준식별자"
                },
                {
                    "word": "서울특별시",
                    "start": 41,
                    "end": 46,
                    "label": "준식별자"
                },
                {
                    "word": "강남구",
                    "start": 24,
                    "end": 27,
                    "label": "준식별자"
                },
                {
                    "word": "강남구",
                    "start": 54,
                    "end": 57,
                    "label": "준식별자"
                },
                {
                    "word": "역삼동",
                    "start": 28,
                    "end": 31,
                    "label": "준식별자"
                },
                {
                    "word": "역삼동",
                    "start": 67,
                    "end": 70,
                    "label": "준식별자"
                }
            ]
        },
        {
            "sentence": "의무기록 발췌: 환자 오해미, 증상=오심·현기증, 혈액형=B+, 신체정보=키 170 cm, 체중 61 kg으로 기록되었고 민감의료데이터는 암호화 대상입니다.",
            "id": "sample_021_0026_000009",
            "annotations": [
                {
                    "word": "오해미",
                    "start": 12,
                    "end": 15,
                    "label": "개인정보"
                },
                {
                    "word": "B+",
                    "start": 32,
                    "end": 34,
                    "label": "준식별자"
                },
                {
                    "word": "170 cm",
                    "start": 43,
                    "end": 49,
                    "label": "준식별자"
                },
                {
                    "word": "61 kg",
                    "start": 54,
                    "end": 59,
                    "label": "준식별자"
                }
            ]
        },
        {
            "sentence": "팀 닥터 연락처 및 내부식별자: 연락처 010-1234-5678, 이메일 doctor.kim@club-example.com, 사번: 2024-0042이며 개인정보는 접근통제 로그 대상입니다.",
            "id": "sample_021_0026_000010",
            "annotations": [
                {
                    "word": "010-1234-5678",
                    "start": 22,
                    "end": 35,
                    "label": "개인정보"
                },
                {
                    "word": "doctor.kim@club-example.com",
                    "start": 41,
                    "end": 68,
                    "label": "개인정보"
                },
                {
                    "word": "2024-0042",
                    "start": 74,
                    "end": 83,
                    "label": "개인정보"
                }
            ]
        },
        {
            "sentence": "배서후 여권번호 M12345678은 비자·이적 관련 검증에 사용된 식별정보로 별도 암호화 및 접근 제한이 적용됩니다.",
            "id": "sample_021_0026_000011",
            "annotations": [
                {
                    "word": "배서후",
                    "start": 0,
                    "end": 3,
                    "label": "개인정보"
                },
                {
                    "word": "M12345678",
                    "start": 9,
                    "end": 18,
                    "label": "개인정보"
                }
            ]
        },
        {
            "sentence": "텔레메트리 샘플(심박수): 배서후 심박수 피크 192 bpm, 장치ID=DEV-TS-0007, 샘플링=100Hz, 단위=bpm로 표기했습니다.",
            "id": "sample_021_0026_000012",
            "annotations": [
                {
                    "word": "배서후",
                    "start": 15,
                    "end": 18,
                    "label": "개인정보"
                },
                {
                    "word": "192 bpm",
                    "start": 26,
                    "end": 33,
                    "label": "준식별자"
                }
            ]
        },
        {
            "sentence": "위치 텔레메트리 요약: GPS 좌표는 1Hz로 수집되며 이동거리 단위는 m, 최고속도 단위는 km/h로 표준화되어 저장됩니다.",
            "id": "sample_021_0026_000013",
            "annotations": []
        },
        {
            "sentence": "경기 실시간 이벤트 로그는 최소 지연(latency) 요건을 만족하도록 스트리밍 아키텍처로 전달되며 provenance에 원천 시스템을 명시합니다.",
            "id": "sample_021_0026_000014",
            "annotations": []
        },
        {
            "sentence": "스폰서 정산 관련 은행계좌 정보는 기밀로 분류되어 있으며 예시값으로 KR01-123456-0001234가 계약서에 기재되어 있습니다.",
            "id": "sample_021_0026_000015",
            "annotations": [
                {
                    "word": "KR01-123456-0001234",
                    "start": 38,
                    "end": 57,
                    "label": "기밀정보"
                }
            ]
        },
        {
            "sentence": "시스템 유지보수 로그: 점검 대상 호스트 10.10.10.12 접속 및 점검자 최병권 기록이 남아 있으며 내부 IP·접속기록은 기밀운영정보로 관리됩니다.",
            "id": "sample_021_0026_000016",
            "annotations": [
                {
                    "word": "10.10.10.12",
                    "start": 23,
                    "end": 34,
                    "label": "기밀정보"
                },
                {
                    "word": "최병권",
                    "start": 44,
                    "end": 47,
                    "label": "개인정보"
                }
            ]
        },
        {
            "sentence": "반도핑 샘플 관리: 샘플 ID와 보관위치는 접근 통제 레벨이 지정되며 접근 로그가 자동으로 보존됩니다.",
            "id": "sample_021_0026_000017",
            "annotations": []
        },
        {
            "sentence": "중계·광고 메타데이터에는 권리 범위(지역, 기간, 독점성) 필드가 포함되어 있고 기간 표기는 ISO8601로 저장됩니다.",
            "id": "sample_021_0026_000018",
            "annotations": []
        },
        {
            "sentence": "티켓 구매자 데이터 예시: 구매자 명 심재후, 연락 이메일 seong@example.com, 좌석 섹션=S3로 기록되어 있습니다.",
            "id": "sample_021_0026_000019",
            "annotations": [
                {
                    "word": "심재후",
                    "start": 21,
                    "end": 24,
                    "label": "개인정보"
                },
                {
                    "word": "seong@example.com",
                    "start": 33,
                    "end": 50,
                    "label": "개인정보"
                }
            ]
        },
        {
            "sentence": "구매자 주소 예시: 부산광역시 해운대구 중동 (주소는 [시]=부산광역시, [군/구]=해운대구, [동/읍/면]=중동으로 분리 표기).",
            "id": "sample_021_0026_000020",
            "annotations": [
                {
                    "word": "부산광역시",
                    "start": 11,
                    "end": 16,
                    "label": "준식별자"
                },
                {
                    "word": "부산광역시",
                    "start": 34,
                    "end": 39,
                    "label": "준식별자"
                },
                {
                    "word": "해운대구",
                    "start": 17,
                    "end": 21,
                    "label": "준식별자"
                },
                {
                    "word": "해운대구",
                    "start": 47,
                    "end": 51,
                    "label": "준식별자"
                },
                {
                    "word": "중동",
                    "start": 22,
                    "end": 24,
                    "label": "준식별자"
                },
                {
                    "word": "중동",
                    "start": 61,
                    "end": 63,
                    "label": "준식별자"
                }
            ]
        },
        {
            "sentence": "선수 류상 옥 신체측정 결과: 키 185 cm, 체중 78 kg, 기록 방식은 국제 표준을 따릅니다.",
            "id": "sample_021_0026_000021",
            "annotations": [
                {
                    "word": "류상 옥",
                    "start": 3,
                    "end": 7,
                    "label": "개인정보"
                },
                {
                    "word": "185 cm",
                    "start": 19,
                    "end": 25,
                    "label": "준식별자"
                },
                {
                    "word": "78 kg",
                    "start": 30,
                    "end": 35,
                    "label": "준식별자"
                }
            ]
        },
        {
            "sentence": "부상 리포트 항목: 장설현 선수는 왼쪽 무릎 인대 손상 의심으로 MRI 및 전문의 소견이 추가로 필요합니다.",
            "id": "sample_021_0026_000022",
            "annotations": [
                {
                    "word": "장설현",
                    "start": 11,
                    "end": 14,
                    "label": "개인정보"
                }
            ]
        },
        {
            "sentence": "스카우팅 리포트는 영어·현지어 병행, 포지션 표준화, 스텟 정의 및 근거(provenance) 필드를 포함하여 저장됩니다.",
            "id": "sample_021_0026_000023",
            "annotations": []
        },
        {
            "sentence": "장비 정비 로그는 시리얼, 정비일시(ISO8601), 담당자ID 및 교체부품 정보를 포함하며 보존·암호화 정책을 준수합니다.",
            "id": "sample_021_0026_000024",
            "annotations": []
        },
        {
            "sentence": "중계권 계약 요약: 독점중계권(한국 지역), 기간 2024-01-01T00:00:00Z/2026-12-31T23:59:59Z, 독점성=예로 메타데이터에 기록되었습니다.",
            "id": "sample_021_0026_000025",
            "annotations": []
        },
        {
            "sentence": "데이터 무결성 체크: 득점 합계와 선수별 득점 합 불일치 발생 시 경고 플래그를 추가하고 계산 provenance를 함께 저장합니다.",
            "id": "sample_021_0026_000026",
            "annotations": []
        },
        {
            "sentence": "규정·징계 기록은 접근 로그와 보존기간을 명시하며 반도핑·의료 관련 항목은 추가 암호화 및 접근 제어가 적용됩니다.",
            "id": "sample_021_0026_000027",
            "annotations": []
        },
        {
            "sentence": "연락처 기록 예시: 안윤우 010-9876-5432, 등록 이메일 anyunwoo@club.com은 내부 연락망에 사용되며 접근 권한이 제한됩니다.",
            "id": "sample_021_0026_000028",
            "annotations": [
                {
                    "word": "안윤우",
                    "start": 11,
                    "end": 14,
                    "label": "개인정보"
                },
                {
                    "word": "010-9876-5432",
                    "start": 15,
                    "end": 28,
                    "label": "개인정보"
                },
                {
                    "word": "anyunwoo@club.com",
                    "start": 37,
                    "end": 54,
                    "label": "개인정보"
                }
            ]
        },
        {
            "sentence": "데이터 출처(metadata.data_provenance)는 각 레코드에 'synthetic' 또는 'real'로 표시되며 본 문서는 합성 데이터임을 명시합니다.",
            "id": "sample_021_0026_000029",
            "annotations": []
        },
        {
            "sentence": "결론 및 액션 아이템: 민감정보는 암호화·접근제어·로그 보존을 적용하고, 스키마 필수 필드 누락 시 기본값을 명확히 설정하여 데이터 무결성을 유지합니다.",
            "id": "sample_021_0026_000030",
            "annotations": []
        }
    ]
}