{
    "document_id": "021_0054",
    "document_title": "2025 K-League 친선경기 운영 및 분석 리포트",
    "data": [
        {
            "sentence": "경기 운영 리포트: 2025 K-League 친선경기 운영 및 분석 보고서를 제출합니다.",
            "id": "sample_021_0054_000001",
            "annotations": []
        },
        {
            "sentence": "경기 ID는 SPORTS:KLEAGUE:match:0001로 할당되었으며, 경기 일시는 2025-06-15T14:00:00Z (UTC)입니다.",
            "id": "sample_021_0054_000002",
            "annotations": []
        },
        {
            "sentence": "대회는 K-League 친선경기이며 시즌 2025, 라운드: 친선경기(페친)으로 분류되었습니다.",
            "id": "sample_021_0054_000003",
            "annotations": []
        },
        {
            "sentence": "홈팀: SPORTS:KLEAGUE:team:001 (서울FC / Seoul FC), 홈구장 좌표는 37.5131N, 127.0580E으로 메타데이터에 기록됩니다.",
            "id": "sample_021_0054_000004",
            "annotations": []
        },
        {
            "sentence": "원정팀: SPORTS:KLEAGUE:team:002 (대전유나이티드 / Daejeon United), 중계권 지역 및 기간 정보는 별도 메타데이터로 관리됩니다.",
            "id": "sample_021_0054_000005",
            "annotations": []
        },
        {
            "sentence": "홈팀 라인업: 골키퍼 SPORTS:KLEAGUE:player:0001 (류세원 / Ryu Sewon), DF SPORTS:KLEAGUE:player:0002 (차수성 / Cha Suseong).",
            "id": "sample_021_0054_000006",
            "annotations": [
                {
                    "word": "류세원",
                    "start": 40,
                    "end": 43,
                    "label": "개인정보"
                },
                {
                    "word": "차수성",
                    "start": 89,
                    "end": 92,
                    "label": "개인정보"
                },
                {
                    "word": "SPORTS:KLEAGUE:player:0001",
                    "start": 12,
                    "end": 38,
                    "label": "개인정보"
                },
                {
                    "word": "SPORTS:KLEAGUE:player:0002",
                    "start": 61,
                    "end": 87,
                    "label": "개인정보"
                }
            ]
        },
        {
            "sentence": "홈팀 주전 선수 류세원은 생년월일 1992-05-14, 키 185cm, 체중 78kg, 혈액형 A형으로 등록되어 있습니다.",
            "id": "sample_021_0054_000007",
            "annotations": [
                {
                    "word": "1992",
                    "start": 19,
                    "end": 23,
                    "label": "준식별자"
                },
                {
                    "word": "05",
                    "start": 24,
                    "end": 26,
                    "label": "준식별자"
                },
                {
                    "word": "14",
                    "start": 27,
                    "end": 29,
                    "label": "준식별자"
                },
                {
                    "word": "185cm",
                    "start": 33,
                    "end": 38,
                    "label": "준식별자"
                },
                {
                    "word": "78kg",
                    "start": 43,
                    "end": 47,
                    "label": "준식별자"
                },
                {
                    "word": "A형",
                    "start": 53,
                    "end": 55,
                    "label": "준식별자"
                }
            ]
        },
        {
            "sentence": "선수 주소 정보는 서울특별시 강남구 역삼동으로 지역 단위 표준화되어 있으며, 상세 주소는 내부 DB에 암호화 보관됩니다.",
            "id": "sample_021_0054_000008",
            "annotations": [
                {
                    "word": "서울특별시",
                    "start": 10,
                    "end": 15,
                    "label": "준식별자"
                },
                {
                    "word": "강남구",
                    "start": 16,
                    "end": 19,
                    "label": "준식별자"
                },
                {
                    "word": "역삼동",
                    "start": 20,
                    "end": 23,
                    "label": "준식별자"
                }
            ]
        },
        {
            "sentence": "원정팀 라인업: FW SPORTS:KLEAGUE:player:0003 (박지오 / Park Ji-o), MF SPORTS:KLEAGUE:player:0004 (조준구 / Cho Jung-gu).",
            "id": "sample_021_0054_000009",
            "annotations": [
                {
                    "word": "박지오",
                    "start": 40,
                    "end": 43,
                    "label": "개인정보"
                },
                {
                    "word": "조준구",
                    "start": 89,
                    "end": 92,
                    "label": "개인정보"
                },
                {
                    "word": "SPORTS:KLEAGUE:player:0003",
                    "start": 12,
                    "end": 38,
                    "label": "개인정보"
                },
                {
                    "word": "SPORTS:KLEAGUE:player:0004",
                    "start": 61,
                    "end": 87,
                    "label": "개인정보"
                }
            ]
        },
        {
            "sentence": "원정팀 선수 박지오의 등록번호는 PL-202406-0001이며, 여권번호는 M12345678로 합성 데이터 기반으로 예시가 작성되었습니다.",
            "id": "sample_021_0054_000010",
            "annotations": [
                {
                    "word": "PL-202406-0001",
                    "start": 18,
                    "end": 32,
                    "label": "개인정보"
                },
                {
                    "word": "M12345678",
                    "start": 42,
                    "end": 51,
                    "label": "개인정보"
                }
            ]
        },
        {
            "sentence": "실시간 텔레메트리 구성: 장치ID DEVICE:GPS:0009, 샘플링 주기 10Hz, 좌표 단위는 m, 속도 단위는 km/h로 표준화합니다.",
            "id": "sample_021_0054_000011",
            "annotations": []
        },
        {
            "sentence": "선수별 생체 텔레메트리 샘플: 선수 SPORTS:KLEAGUE:player:0001 장치 DEVICE:HR:0003, 평균 심박수 152 bpm, 최고 속도 31.8 km/h, 이동거리 10450 m.",
            "id": "sample_021_0054_000012",
            "annotations": [
                {
                    "word": "SPORTS:KLEAGUE:player:0001",
                    "start": 20,
                    "end": 46,
                    "label": "개인정보"
                }
            ]
        },
        {
            "sentence": "부상 리포트: 원정팀 MF 박지오는 경기 62분에 오른쪽 무릎 내측부 통증으로 교체되어 추가 검진을 권고했습니다.",
            "id": "sample_021_0054_000013",
            "annotations": []
        },
        {
            "sentence": "의무팀 담당의는 오라희(팀 의무담당)이며, 응급연락처 010-1234-5678 및 이메일 orahee.med@club-example.com으로 연락 가능합니다.",
            "id": "sample_021_0054_000014",
            "annotations": [
                {
                    "word": "오라희",
                    "start": 9,
                    "end": 12,
                    "label": "개인정보"
                },
                {
                    "word": "010-1234-5678",
                    "start": 30,
                    "end": 43,
                    "label": "개인정보"
                },
                {
                    "word": "orahee.med@club-example.com",
                    "start": 50,
                    "end": 77,
                    "label": "개인정보"
                }
            ]
        },
        {
            "sentence": "의료 기록 접근은 접근 제어 레벨 'restricted'로 설정되어 있으며 모든 조회에 대해 로그가 남습니다.",
            "id": "sample_021_0054_000015",
            "annotations": []
        },
        {
            "sentence": "경기 결과: 최종 스코어 홈 2 - 원정 1, 승자 SPORTS:KLEAGUE:team:001, 경기 상태 '종료'로 공식 기록되었습니다.",
            "id": "sample_021_0054_000016",
            "annotations": []
        },
        {
            "sentence": "득점자 기록: 34분 차수성(A), 78분 박지오(PK), 85분 조준구(어시스트 박건욱)로 집계되었으며 선수별 합계 불일치 가능성에 경고 플래그가 추가되었습니다.",
            "id": "sample_021_0054_000017",
            "annotations": [
                {
                    "word": "차수성",
                    "start": 12,
                    "end": 15,
                    "label": "개인정보"
                },
                {
                    "word": "박지오",
                    "start": 24,
                    "end": 27,
                    "label": "개인정보"
                },
                {
                    "word": "조준구",
                    "start": 37,
                    "end": 40,
                    "label": "개인정보"
                },
                {
                    "word": "박건욱",
                    "start": 46,
                    "end": 49,
                    "label": "개인정보"
                }
            ]
        },
        {
            "sentence": "provenance(metadata.data_provenance): 생성 방식=SYNTHETIC, 신뢰도=high, 원천=internal simulation pipeline v2.1으로 표기합니다.",
            "id": "sample_021_0054_000018",
            "annotations": []
        },
        {
            "sentence": "스폰서십 계약 요약: 후원사 ACorp는 독점 중계권을 2025-01-01부터 2025-12-31까지 대한민국(한국) 내에서 보유합니다.",
            "id": "sample_021_0054_000019",
            "annotations": []
        },
        {
            "sentence": "스폰서 계약 관련 금융 정보는 기밀로 분류되며, 후원금 입금계좌는 110-123-456789 (국민은행)로 지정되어 있습니다.",
            "id": "sample_021_0054_000020",
            "annotations": [
                {
                    "word": "110-123-456789",
                    "start": 37,
                    "end": 51,
                    "label": "기밀정보"
                }
            ]
        },
        {
            "sentence": "방송 메타데이터: 중계 시작 2025-06-15T13:50:00Z (UTC), 방송사 ID BROAD:KBS:001, 스트리밍 서버 IP 10.0.4.21, 포트 1935로 기록되었습니다.",
            "id": "sample_021_0054_000021",
            "annotations": [
                {
                    "word": "10.0.4.21",
                    "start": 77,
                    "end": 86,
                    "label": "기밀정보"
                }
            ]
        },
        {
            "sentence": "티켓 판매 요약: 총 발매 12,345장, 좌석 점유율 82.3%, 결제 플랫폼은 PCI DSS 준수를 확인했습니다.",
            "id": "sample_021_0054_000022",
            "annotations": []
        },
        {
            "sentence": "장비 유지보수 로그: 트래킹 센서 DEVICE:GPS:0009 배터리 교체 2025-05-20T09:30:00Z (UTC), 유지보수 담당자 조신일이 작업을 기록했습니다.",
            "id": "sample_021_0054_000023",
            "annotations": [
                {
                    "word": "조신일",
                    "start": 79,
                    "end": 82,
                    "label": "개인정보"
                }
            ]
        },
        {
            "sentence": "스카우팅 리포트 발췌: 우희주는 공격 위치 선정 능력이 우수하며 추천 포지션은 RW로 분류되었습니다.",
            "id": "sample_021_0054_000024",
            "annotations": [
                {
                    "word": "우희주",
                    "start": 13,
                    "end": 16,
                    "label": "개인정보"
                }
            ]
        },
        {
            "sentence": "선수 계약 정보: 선수 박건욱은 계약기간 2023-07-01부터 2026-06-30까지이며, 연봉 250,000,000 KRW로 기재되어 있습니다.",
            "id": "sample_021_0054_000025",
            "annotations": [
                {
                    "word": "박건욱",
                    "start": 13,
                    "end": 16,
                    "label": "개인정보"
                },
                {
                    "word": "250,000,000 KRW",
                    "start": 55,
                    "end": 70,
                    "label": "기밀정보"
                }
            ]
        },
        {
            "sentence": "국제 이적 관련 비자 및 세무 메모는 별도 보관되며, 선수 박지오의 국적은 대한민국으로 기록되어 있습니다.",
            "id": "sample_021_0054_000026",
            "annotations": [
                {
                    "word": "박지오",
                    "start": 33,
                    "end": 36,
                    "label": "개인정보"
                },
                {
                    "word": "대한민국",
                    "start": 42,
                    "end": 46,
                    "label": "준식별자"
                }
            ]
        },
        {
            "sentence": "개인 식별정보 보안: 선수 ID는 SPORTS:KLEAGUE:player:0001 형식으로 통일하였고 내부 DB에는 PII 암호화 및 접근 로그를 적용합니다.",
            "id": "sample_021_0054_000027",
            "annotations": []
        },
        {
            "sentence": "결론 및 조치: 민감 데이터는 접근 제어와 암호화를 엄격히 적용하고 synthetic 표기 및 provenance를 유지하여 감사 가능성을 보장합니다.",
            "id": "sample_021_0054_000028",
            "annotations": []
        }
    ]
}