{
    "document_id": "021_0089",
    "document_title": "2025 시즌 경기 운영·선수관리 및 텔레메트리 합성 데이터 레퍼런스",
    "data": [
        {
            "sentence": "문서 개요: 본 문서는 2025 시즌 국내 프로리그 경기 운영과 선수 관리, 텔레메트리, 의료 및 상업 계약 관련 합성(synthetic) 데이터 예시를 제공합니다.",
            "id": "sample_021_0089_000001",
            "annotations": []
        },
        {
            "sentence": "문서 메타데이터: document_date는 2026-01-08T12:00:00Z(UTC)로 표준화되어 기록됩니다.",
            "id": "sample_021_0089_000002",
            "annotations": []
        },
        {
            "sentence": "리그 및 네임스페이스 규칙: 모든 엔터티 ID는 SPORTS:{league}:{entity}:{id} 형식을 따릅니다.",
            "id": "sample_021_0089_000003",
            "annotations": []
        },
        {
            "sentence": "경기 ID 예시: 경기 SPORTS:KBL:GAME:000125, 홈팀 SPORTS:KBL:TEAM:0001, 원정팀 SPORTS:KBL:TEAM:0002로 명시됩니다.",
            "id": "sample_021_0089_000004",
            "annotations": []
        },
        {
            "sentence": "선수 고유 ID 예시는 SPORTS:KBL:PLAYER:00011(고용우), SPORTS:KBL:PLAYER:00012(차희은) 등이 사용됩니다.",
            "id": "sample_021_0089_000005",
            "annotations": [
                {
                    "word": "고용우",
                    "start": 37,
                    "end": 40,
                    "label": "개인정보"
                },
                {
                    "word": "차희은",
                    "start": 67,
                    "end": 70,
                    "label": "개인정보"
                }
            ]
        },
        {
            "sentence": "라인업 문서에는 선수 명단, 포지션, 교체가능선수풀이 포함되며 포지션 표기는 표준화된 약어를 사용합니다.",
            "id": "sample_021_0089_000006",
            "annotations": []
        },
        {
            "sentence": "선수 기본 정보 예시는 다음과 같습니다: 이름 박신혁, 생년월일 1995-07-21, 국적 대한민국.",
            "id": "sample_021_0089_000007",
            "annotations": [
                {
                    "word": "박신혁",
                    "start": 26,
                    "end": 29,
                    "label": "개인정보"
                },
                {
                    "word": "1995-07-21",
                    "start": 36,
                    "end": 46,
                    "label": "준식별자"
                },
                {
                    "word": "대한민국",
                    "start": 51,
                    "end": 55,
                    "label": "준식별자"
                }
            ]
        },
        {
            "sentence": "박신혁의 연락처는 010-0000-0001, 이메일은 shinhyuk@club-example.com으로 합성 처리된 예시입니다.",
            "id": "sample_021_0089_000008",
            "annotations": [
                {
                    "word": "010-0000-0001",
                    "start": 10,
                    "end": 23,
                    "label": "개인정보"
                },
                {
                    "word": "shinhyuk@club-example.com",
                    "start": 30,
                    "end": 55,
                    "label": "개인정보"
                }
            ]
        },
        {
            "sentence": "선수 원송이는 여권번호 M12345678을 보유하고 있으며 여권 정보는 접근 제어 대상으로 분류됩니다.",
            "id": "sample_021_0089_000009",
            "annotations": [
                {
                    "word": "원송이",
                    "start": 3,
                    "end": 6,
                    "label": "개인정보"
                },
                {
                    "word": "M12345678",
                    "start": 13,
                    "end": 22,
                    "label": "개인정보"
                }
            ]
        },
        {
            "sentence": "거주지 표기는 시군구 단위로 분리하여 기록합니다; 예시는 서울특별시, 강남구로 표기합니다.",
            "id": "sample_021_0089_000010",
            "annotations": [
                {
                    "word": "서울특별시",
                    "start": 32,
                    "end": 37,
                    "label": "준식별자"
                },
                {
                    "word": "강남구",
                    "start": 39,
                    "end": 42,
                    "label": "준식별자"
                }
            ]
        },
        {
            "sentence": "상세 주소 예시(비공개 처리): 서울특별시 강남구 역삼동 12-34는 개인정보로 분류되어 암호화 저장됩니다.",
            "id": "sample_021_0089_000011",
            "annotations": [
                {
                    "word": "서울특별시 강남구 역삼동 12-34",
                    "start": 18,
                    "end": 37,
                    "label": "개인정보"
                }
            ]
        },
        {
            "sentence": "신체 정보는 준식별자로 분류됩니다; 예: 키 188 cm, 체중 82 kg, 혈액형 B형.",
            "id": "sample_021_0089_000012",
            "annotations": [
                {
                    "word": "키 188 cm",
                    "start": 23,
                    "end": 31,
                    "label": "준식별자"
                },
                {
                    "word": "체중 82 kg",
                    "start": 33,
                    "end": 41,
                    "label": "준식별자"
                },
                {
                    "word": "혈액형 B형",
                    "start": 43,
                    "end": 49,
                    "label": "준식별자"
                }
            ]
        },
        {
            "sentence": "경기 텔레메트리 샘플 구조: 선수ID SPORTS:KBL:PLAYER:00011, 장치ID DEV:HRM:0099, 샘플링 10Hz, 속도 32.4 km/h, 이동거리 523.4 m, 심박수 평균 152 bpm.",
            "id": "sample_021_0089_000013",
            "annotations": []
        },
        {
            "sentence": "텔레메트리 타임스탬프는 ISO8601(예: 2026-01-08T14:05:12.123Z)로 표기하며 타임존을 명시합니다.",
            "id": "sample_021_0089_000014",
            "annotations": []
        },
        {
            "sentence": "경기 통계 집계 정책: 선수별 득점 합과 팀 득점 합이 불일치할 경우 자동 경고 플래그와 provenance 로그를 생성합니다.",
            "id": "sample_021_0089_000015",
            "annotations": []
        },
        {
            "sentence": "부상 리포트 예시: 선수 채효성은 오른쪽 무릎 전방십자인대 파열 진단을 받았으며 진단서는 의료 접근 제어 하에 암호화 보관됩니다.",
            "id": "sample_021_0089_000016",
            "annotations": [
                {
                    "word": "채효성",
                    "start": 14,
                    "end": 17,
                    "label": "개인정보"
                }
            ]
        },
        {
            "sentence": "의료 기록 메타데이터에는 접근 권한 레벨(예: restricted, clinical_team), 보존기간 및 모든 접근 로그가 포함됩니다.",
            "id": "sample_021_0089_000017",
            "annotations": []
        },
        {
            "sentence": "스카우팅 리포트 예시에는 플레이 스타일, 전술 적합성, 약점 및 계약가능성 점수가 포함됩니다.",
            "id": "sample_021_0089_000018",
            "annotations": []
        },
        {
            "sentence": "계약 데이터 요약: 스폰서사 'Falcon Sports'와의 계약 금액은 USD 500000(계약기간 2025-01-01T00:00:00Z~2026-12-31T23:59:59Z), 권리범위: 대한민국 독점으로 명시됩니다.",
            "id": "sample_021_0089_000019",
            "annotations": [
                {
                    "word": "USD 500000",
                    "start": 41,
                    "end": 51,
                    "label": "기밀정보"
                }
            ]
        },
        {
            "sentence": "상업 관련 기밀 항목 예시: 후원금 계좌번호 110-123-456789 및 내부 결재선 문서는 권한자만 접근 가능합니다.",
            "id": "sample_021_0089_000020",
            "annotations": [
                {
                    "word": "110-123-456789",
                    "start": 25,
                    "end": 39,
                    "label": "기밀정보"
                }
            ]
        },
        {
            "sentence": "방송권 메타데이터 예시: 중계사 'KBS Sports', 권역 대한민국(독점), 기간 2025-03-01T00:00:00Z~2025-11-30T23:59:59Z.",
            "id": "sample_021_0089_000021",
            "annotations": []
        },
        {
            "sentence": "시스템 보안 예시: 내부 VPN 주소 vpn.internal.sports.local 및 관리서버 IP 10.8.0.2는 기밀정보로 취급됩니다.",
            "id": "sample_021_0089_000022",
            "annotations": [
                {
                    "word": "vpn.internal.sports.local",
                    "start": 21,
                    "end": 46,
                    "label": "기밀정보"
                },
                {
                    "word": "10.8.0.2",
                    "start": 57,
                    "end": 65,
                    "label": "기밀정보"
                }
            ]
        },
        {
            "sentence": "장비 유지보수 로그 예시: 장비ID EQP:CAM:0003, 이전 점검일 2025-10-12T09:30:00Z, 다음 점검예정 2026-04-12T09:30:00Z으로 기록됩니다.",
            "id": "sample_021_0089_000023",
            "annotations": []
        },
        {
            "sentence": "티켓 판매 보고서: 경기ID SPORTS:KBL:GAME:000125, 총판매 18500석 중 판매율 92.4%, 결제는 PCI DSS 준수 게이트웨이를 통해 처리됩니다.",
            "id": "sample_021_0089_000024",
            "annotations": []
        },
        {
            "sentence": "규정 및 징계 기록 예시: 선수 민명후에게 2025-09-05 부적절한 태도에 따른 경고와 1경기 출전정지 처분이 내려졌습니다.",
            "id": "sample_021_0089_000025",
            "annotations": [
                {
                    "word": "민명후",
                    "start": 18,
                    "end": 21,
                    "label": "개인정보"
                },
                {
                    "word": "2025-09-05",
                    "start": 24,
                    "end": 34,
                    "label": "준식별자"
                }
            ]
        },
        {
            "sentence": "국제대회 관련 메모: 선수 이수한은 비자 발급 상태 '승인'으로 표기되며 필요 시 국가별 규정을 반영합니다.",
            "id": "sample_021_0089_000026",
            "annotations": [
                {
                    "word": "이수한",
                    "start": 15,
                    "end": 18,
                    "label": "개인정보"
                }
            ]
        },
        {
            "sentence": "데이터 출처 및 신뢰도 표기: metadata.data_provenance에는 source 시스템명, 수집시간, 신뢰도(high/low), data_origin: synthetic 표기를 반드시 포함합니다.",
            "id": "sample_021_0089_000027",
            "annotations": []
        },
        {
            "sentence": "결론 및 권장 조치: 개인정보와 준식별자는 암호화 및 최소 권한 원칙으로 보호하고 기밀정보는 별도 권한과 상세 로그로 관리하십시오.",
            "id": "sample_021_0089_000028",
            "annotations": []
        }
    ]
}