{
    "document_id": "021_0087",
    "document_title": "경기 운영·선수 텔레메트리 통합 리포트 (합성 데이터)",
    "data": [
        {
            "sentence": "문서 개요: 본 문서는 KBL 정규리그 경기 운영, 선수 텔레메트리, 상업 계약, 의료 및 징계 기록을 통합한 합성 리포트입니다.",
            "id": "sample_021_0087_000001",
            "annotations": []
        },
        {
            "sentence": "metadata.data_provenance: 본 문서의 모든 레코드는 synthetic(합성) 데이터로 생성되었으며 원본 출처와 매핑표는 내부 감사 로그에 별도 저장됩니다.",
            "id": "sample_021_0087_000002",
            "annotations": []
        },
        {
            "sentence": "경기/이벤트 ID: SPORTS:KBL:GAME:2026_001, 경기일시: 2026-02-15T14:00:00Z (UTC), 종목: 농구(Basketball), 리그: KBL, 시즌: 2025-2026, 라운드: 18라운드.",
            "id": "sample_021_0087_000003",
            "annotations": []
        },
        {
            "sentence": "홈팀: SPORTS:KBL:TEAM:0001 (S-EAGLES), 원정팀: SPORTS:KBL:TEAM:0002 (N-TIGERS), 경기장: SPORTS:VENUE:KBL_001, 체크인 절차 및 좌석 배치가 포함되어 있습니다.",
            "id": "sample_021_0087_000004",
            "annotations": []
        },
        {
            "sentence": "홈팀 선발 라인업: 손하빈 (SPORTS:KBL:PLAYER:0001, PG), 조성운 (SPORTS:KBL:PLAYER:0002, SG), 배철민 (SPORTS:KBL:PLAYER:0003, SF), 공태준 (SPORTS:KBL:PLAYER:0004, PF), 천루한 (SPORTS:KBL:PLAYER:0005, C).",
            "id": "sample_021_0087_000005",
            "annotations": [
                {
                    "word": "손하빈",
                    "start": 11,
                    "end": 14,
                    "label": "개인정보"
                },
                {
                    "word": "조성운",
                    "start": 45,
                    "end": 48,
                    "label": "개인정보"
                },
                {
                    "word": "배철민",
                    "start": 79,
                    "end": 82,
                    "label": "개인정보"
                },
                {
                    "word": "공태준",
                    "start": 113,
                    "end": 116,
                    "label": "개인정보"
                },
                {
                    "word": "천루한",
                    "start": 147,
                    "end": 150,
                    "label": "개인정보"
                }
            ]
        },
        {
            "sentence": "원정팀 선발 라인업: 문서별 (SPORTS:KBL:PLAYER:0006, PG), 주도원 (SPORTS:KBL:PLAYER:0007, SG), 신윤우 (SPORTS:KBL:PLAYER:0008, SF), 송상훈 (SPORTS:KBL:PLAYER:0009, PF), 고미란 (SPORTS:KBL:PLAYER:0010, C).",
            "id": "sample_021_0087_000006",
            "annotations": [
                {
                    "word": "문서별",
                    "start": 12,
                    "end": 15,
                    "label": "개인정보"
                },
                {
                    "word": "주도원",
                    "start": 46,
                    "end": 49,
                    "label": "개인정보"
                },
                {
                    "word": "신윤우",
                    "start": 80,
                    "end": 83,
                    "label": "개인정보"
                },
                {
                    "word": "송상훈",
                    "start": 114,
                    "end": 117,
                    "label": "개인정보"
                },
                {
                    "word": "고미란",
                    "start": 148,
                    "end": 151,
                    "label": "개인정보"
                }
            ]
        },
        {
            "sentence": "선수 프로필(예시): 손하빈 (SPORTS:KBL:PLAYER:0001), 생년월일: 1995-06-15, 성별: 남, 주소: 서울특별시 강남구, 키: 188cm, 체중: 82kg, 혈액형: A형.",
            "id": "sample_021_0087_000007",
            "annotations": [
                {
                    "word": "1995-06-15",
                    "start": 48,
                    "end": 58,
                    "label": "준식별자"
                },
                {
                    "word": "남",
                    "start": 64,
                    "end": 65,
                    "label": "준식별자"
                },
                {
                    "word": "남",
                    "start": 78,
                    "end": 79,
                    "label": "준식별자"
                },
                {
                    "word": "서울특별시 강남구",
                    "start": 71,
                    "end": 80,
                    "label": "준식별자"
                },
                {
                    "word": "188cm",
                    "start": 85,
                    "end": 90,
                    "label": "준식별자"
                },
                {
                    "word": "82kg",
                    "start": 96,
                    "end": 100,
                    "label": "준식별자"
                },
                {
                    "word": "A형",
                    "start": 107,
                    "end": 109,
                    "label": "준식별자"
                }
            ]
        },
        {
            "sentence": "연락 및 내부식별: 손하빈 연락처(가명): user_0001@example.com, 휴대전화(가명): 010-1234-5678, 소속 사번: EMP-0007; 해당 항목은 개인정보로 분류되어 접근 제어가 적용됩니다.",
            "id": "sample_021_0087_000008",
            "annotations": [
                {
                    "word": "user_0001@example.com",
                    "start": 24,
                    "end": 45,
                    "label": "개인정보"
                },
                {
                    "word": "010-1234-5678",
                    "start": 57,
                    "end": 70,
                    "label": "개인정보"
                },
                {
                    "word": "EMP-0007",
                    "start": 79,
                    "end": 87,
                    "label": "개인정보"
                }
            ]
        },
        {
            "sentence": "의료 요약(가명화): 조성운은 경기 중 발목 염좌로 응급 검진을 받았으며 의료기록에는 환자ID: ENC_83F2(암호화)로 저장되어 접근은 level_3 인증이 필요합니다.",
            "id": "sample_021_0087_000009",
            "annotations": [
                {
                    "word": "ENC_83F2",
                    "start": 54,
                    "end": 62,
                    "label": "기밀정보"
                }
            ]
        },
        {
            "sentence": "텔레메트리 설정: GPS 샘플링 주기 10Hz, 장치ID: DEV-GPS-001, 단위: 속도(km/h), 이동거리(m), 축가속도(m/s2), 심박수(bpm), 데이터는 실시간 스트리밍으로 전송됩니다.",
            "id": "sample_021_0087_000010",
            "annotations": [
                {
                    "word": "DEV-GPS-001",
                    "start": 33,
                    "end": 44,
                    "label": "기밀정보"
                }
            ]
        },
        {
            "sentence": "선수별 실시간 피드(예시): SPORTS:KBL:PLAYER:0001(손하빈) - 평균속도 14.2 km/h, 최고속도 29.8 km/h, 누적이동거리 5840 m, 심박수 평균 128 bpm(장치: HR-01).",
            "id": "sample_021_0087_000011",
            "annotations": [
                {
                    "word": "HR-01",
                    "start": 112,
                    "end": 117,
                    "label": "기밀정보"
                }
            ]
        },
        {
            "sentence": "경기 통계 요약(중간): 전반 종료 스코어 홈 48 / 원정 52, 선수별 득점 합계와 공식 스코어 합계 불일치 시 경고 플래그가 추가되며 provenance 로그에 감사 정보가 기록됩니다.",
            "id": "sample_021_0087_000012",
            "annotations": []
        },
        {
            "sentence": "최종 경기 결과: 홈 102 - 원정 105, 승자: SPORTS:KBL:TEAM:0002, 경기 상태: 종료; 득점 합 불일치 여부는 데이터 정합성 검토 항목으로 표기됩니다.",
            "id": "sample_021_0087_000013",
            "annotations": []
        },
        {
            "sentence": "부상 및 재활 로깅: 조성운(암호화ID ENC_83F2)의 진단은 발목 인대 염좌로 표기되며 치료계획은 접근제어 로그에 저장됩니다(의료 데이터 접근 레벨: restricted).",
            "id": "sample_021_0087_000014",
            "annotations": []
        },
        {
            "sentence": "스카우팅 보고: 신윤우(SPORTS:KBL:PLAYER:0008)는 오프볼 움직임과 3점 성공률에서 향상된 지표를 보였으며 스카우팅 평점 7.8/10을 기록했습니다.",
            "id": "sample_021_0087_000015",
            "annotations": []
        },
        {
            "sentence": "선수 계약/이적 메타: 고미란은 시즌 중반 트레이드 대상자로 분류되었으며 임시 계약서와 중개인 연락처는 내부 기밀로 분류됩니다.",
            "id": "sample_021_0087_000016",
            "annotations": []
        },
        {
            "sentence": "상업 계약 요약: 스폰서 A사와의 방송권 및 스폰서십 계약은 지역 권리: 대한민국, 기간: 2026-01-01 ~ 2027-12-31, 독점성: 비독점으로 메타데이터에 명시됩니다.",
            "id": "sample_021_0087_000017",
            "annotations": []
        },
        {
            "sentence": "스폰서 결제 및 재무 항목: A사 송금 계좌번호(기밀): 123-456-789012, 결제 내역 원본은 내부 재무시스템에 암호화 저장되어 접근 통제가 필요합니다.",
            "id": "sample_021_0087_000018",
            "annotations": [
                {
                    "word": "123-456-789012",
                    "start": 32,
                    "end": 46,
                    "label": "기밀정보"
                }
            ]
        },
        {
            "sentence": "기밀 파일 및 인프라: 스폰서 계약 원문은 내부 경로 /srv/data/confidential/sponsor_agreement.pdf 에 저장되어 있으며 접근 로그와 버전 관리가 적용됩니다.",
            "id": "sample_021_0087_000019",
            "annotations": [
                {
                    "word": "/srv/data/confidential/sponsor_agreement.pdf",
                    "start": 30,
                    "end": 74,
                    "label": "기밀정보"
                }
            ]
        },
        {
            "sentence": "시스템 접속 및 네트워크: 데이터 파이프라인 접근을 위해 사용하는 VPN 게이트웨이 IP(내부): 10.8.0.5, 외부 접속은 허용된 엔드포인트만 인정됩니다.",
            "id": "sample_021_0087_000020",
            "annotations": [
                {
                    "word": "10.8.0.5",
                    "start": 55,
                    "end": 63,
                    "label": "기밀정보"
                }
            ]
        },
        {
            "sentence": "티켓 판매 현황: 전체 좌석 10,000석 중 판매 7,842석(점유율 78.42%), 판매 채널별 매출과 PCI DSS 준수 여부가 감사 항목으로 포함됩니다.",
            "id": "sample_021_0087_000021",
            "annotations": []
        },
        {
            "sentence": "장비 유지보수 로그: 경기용 골대 센서(SERIAL: GS-7781) 교체 기록과 캘리브레이션 일자 2026-01-10T09:30:00Z(UTC)를 포함하여 정비 이력이 보존됩니다.",
            "id": "sample_021_0087_000022",
            "annotations": []
        },
        {
            "sentence": "경기장 위치 및 설비: 경기장 좌표 37.5172N, 127.0473E, 경기장 명칭 및 출입구 좌표, 응급의료설비 위치가 운영 매뉴얼에 포함되어 있습니다.",
            "id": "sample_021_0087_000023",
            "annotations": []
        },
        {
            "sentence": "징계 기록: 선수 배철민(SPORTS:KBL:PLAYER:0003)은 규정 위반으로 2경기 출전정지 징계를 부과받았으며 징계 사유는 내부 징계위원회 문서에 기록됩니다.",
            "id": "sample_021_0087_000024",
            "annotations": []
        },
        {
            "sentence": "안티도핑 및 보존정책: 도핑 검사 결과 및 샘플 보존기간은 규정에 따라 관리되며 접근 권한과 로그가 엄격히 통제됩니다(의료·반도핑 데이터 접근: restricted).",
            "id": "sample_021_0087_000025",
            "annotations": []
        },
        {
            "sentence": "데이터 정합성 및 감사: 득점 합계 불일치 발생 시 provenance로 GAME_EVENT_ID와 샘플링된 텔레메트리, 심판 이벤트 로그를 매칭하여 원인 분석을 수행합니다.",
            "id": "sample_021_0087_000026",
            "annotations": []
        },
        {
            "sentence": "미성년자 여부: 본 경기 등록 선수 중 미성년자는 존재하지 않으며 미성년자 발생 시 별도 동의 및 법적 제한을 확인하도록 프로세스가 정의되어 있습니다.",
            "id": "sample_021_0087_000027",
            "annotations": []
        },
        {
            "sentence": "결론 및 액션 아이템: 데이터 제공자는 synthetic 표기를 유지하고 개인정보·기밀정보 항목은 별도 암호화 저장 후 접근 로그를 기록하도록 적용하십시오.",
            "id": "sample_021_0087_000028",
            "annotations": []
        }
    ]
}