{
    "document_id": "021_0062",
    "document_title": "경기 운영 및 텔레메트리 통합 리포트(정규시즌 2024-2025)",
    "data": [
        {
            "sentence": "본 문서는 2025-06-21T18:00:00Z에 시작된 KBL 정규시즌 경기의 운영·텔레메트리 통합 리포트입니다.",
            "id": "sample_021_0062_000001",
            "annotations": []
        },
        {
            "sentence": "경기 메타데이터는 경기 ID: SPORTS:KBL:MATCH:04567, 리그: KBL, 시즌: 2024-2025, 라운드: 32로 표준화되어 기록됩니다.",
            "id": "sample_021_0062_000002",
            "annotations": []
        },
        {
            "sentence": "홈팀은 SPORTS:KBL:TEAM:0001(서울라이온즈 / Seoul Lions), 원정팀은 SPORTS:KBL:TEAM:0002(부산호크스 / Busan Hawks)입니다.",
            "id": "sample_021_0062_000003",
            "annotations": []
        },
        {
            "sentence": "라인업에 포함된 선수: 선수ID SPORTS:KBL:PLAYER:00123 강이담(포지션: SF), 선수ID SPORTS:KBL:PLAYER:00124 윤정찬(포지션: PG), 선수ID SPORTS:KBL:PLAYER:00125 장서한(포지션: C).",
            "id": "sample_021_0062_000004",
            "annotations": [
                {
                    "word": "강이담",
                    "start": 42,
                    "end": 45,
                    "label": "개인정보"
                },
                {
                    "word": "윤정찬",
                    "start": 85,
                    "end": 88,
                    "label": "개인정보"
                },
                {
                    "word": "장서한",
                    "start": 128,
                    "end": 131,
                    "label": "개인정보"
                }
            ]
        },
        {
            "sentence": "강이담의 등록 연락처는 휴대전화 010-1234-5678, 이메일 kang.idam@example.com으로 기록되어 있으며, 응급대응 동의서는 현장 보관입니다.",
            "id": "sample_021_0062_000005",
            "annotations": [
                {
                    "word": "강이담",
                    "start": 0,
                    "end": 3,
                    "label": "개인정보"
                },
                {
                    "word": "010-1234-5678",
                    "start": 18,
                    "end": 31,
                    "label": "개인정보"
                },
                {
                    "word": "kang.idam@example.com",
                    "start": 37,
                    "end": 58,
                    "label": "개인정보"
                }
            ]
        },
        {
            "sentence": "선수 개인정보는 허가된 역할자만 접근 가능하며 접근 로그와 권한 레벨은 별도 기록되어 있습니다(접근 통제 레벨: restricted_medical).",
            "id": "sample_021_0062_000006",
            "annotations": []
        },
        {
            "sentence": "선수의 출생일은 1992-05-14으로 기록되어 있으며(ISO8601 표기: 1992-05-14), 성별: 남성, 국적: 대한민국.",
            "id": "sample_021_0062_000007",
            "annotations": [
                {
                    "word": "1992-05-14",
                    "start": 9,
                    "end": 19,
                    "label": "준식별자"
                },
                {
                    "word": "1992-05-14",
                    "start": 43,
                    "end": 53,
                    "label": "준식별자"
                },
                {
                    "word": "남성",
                    "start": 60,
                    "end": 62,
                    "label": "준식별자"
                },
                {
                    "word": "대한민국",
                    "start": 68,
                    "end": 72,
                    "label": "준식별자"
                }
            ]
        },
        {
            "sentence": "선수 신체 정보는 키 184 cm, 체중 78 kg, 혈액형 O형으로 등록되어 있습니다.",
            "id": "sample_021_0062_000008",
            "annotations": [
                {
                    "word": "184 cm",
                    "start": 12,
                    "end": 18,
                    "label": "준식별자"
                },
                {
                    "word": "78 kg",
                    "start": 23,
                    "end": 28,
                    "label": "준식별자"
                },
                {
                    "word": "O형",
                    "start": 34,
                    "end": 36,
                    "label": "준식별자"
                }
            ]
        },
        {
            "sentence": "의료기록은 법적 규정에 따라 암호화되어 보관되며, 민감한 생체데이터(심박수 타임라인)는 암호화 토큰으로 인덱싱됩니다.",
            "id": "sample_021_0062_000009",
            "annotations": []
        },
        {
            "sentence": "경기 실시간 텔레메트리: device_id DEV-GPS-0001, 샘플링 주기 10Hz, 위치(위도/경도), 속도 단위 km/h, 이동거리 단위 m, 데이터_provenance: synthetic.",
            "id": "sample_021_0062_000010",
            "annotations": []
        },
        {
            "sentence": "선수별 텔레메트리에는 장비ID DEV-HRM-045(심박수 암호화: ENC:HR:abc123), 샘플링 1Hz가 포함되어 있습니다.",
            "id": "sample_021_0062_000011",
            "annotations": []
        },
        {
            "sentence": "경기 결과 요약: 최종스코어 89-84, 승자 SPORTS:KBL:TEAM:0001, 경기 상태: 종료, provenance: synthetic_generated_v1.",
            "id": "sample_021_0062_000012",
            "annotations": []
        },
        {
            "sentence": "득점 합 불일치 경고: 선수별 득점 합과 팀 득점 합이 불일치할 경우 data_quality_flag: score_mismatch 를 설정하고 provenance에 원본 피드 식별자를 기록합니다.",
            "id": "sample_021_0062_000013",
            "annotations": []
        },
        {
            "sentence": "부상 리포트(의료 요약): 강이담은 왼쪽 무릎 인대 염좌 진단을 받아 응급 처치 후 병원 이송 권고가 내려졌습니다.",
            "id": "sample_021_0062_000014",
            "annotations": [
                {
                    "word": "강이담",
                    "start": 15,
                    "end": 18,
                    "label": "개인정보"
                }
            ]
        },
        {
            "sentence": "부상 관련 연락처(보호자)와 의료기록 접근은 암호화 및 접근 승인 로그를 요구합니다.",
            "id": "sample_021_0062_000015",
            "annotations": []
        },
        {
            "sentence": "선수의 등록 주소는 서울특별시 강남구 테헤란로 10층 100호로 기재되어 있어 세부주소 수준으로는 개인정보에 해당합니다.",
            "id": "sample_021_0062_000016",
            "annotations": [
                {
                    "word": "서울특별시 강남구 테헤란로 10층 100호",
                    "start": 11,
                    "end": 34,
                    "label": "개인정보"
                }
            ]
        },
        {
            "sentence": "선수 등록상 시/군/구 필드는 서울특별시, 강남구로 표준화하여 저장됩니다.",
            "id": "sample_021_0062_000017",
            "annotations": [
                {
                    "word": "서울특별시",
                    "start": 17,
                    "end": 22,
                    "label": "준식별자"
                },
                {
                    "word": "강남구",
                    "start": 24,
                    "end": 27,
                    "label": "준식별자"
                }
            ]
        },
        {
            "sentence": "선수 계약 정보: 장기계약(2023-07-01~2027-06-30), 연봉 120,000,000 KRW, 계약서 provenance: synthetic_contract_v2.",
            "id": "sample_021_0062_000018",
            "annotations": [
                {
                    "word": "연봉 120,000,000 KRW",
                    "start": 39,
                    "end": 57,
                    "label": "기밀정보"
                }
            ]
        },
        {
            "sentence": "지급용 계좌번호: 110-987-654321 (은행명: 국민은행)은 내부 결제 시스템에 저장되며 이는 기밀정보로 분류됩니다.",
            "id": "sample_021_0062_000019",
            "annotations": [
                {
                    "word": "110-987-654321",
                    "start": 10,
                    "end": 24,
                    "label": "기밀정보"
                }
            ]
        },
        {
            "sentence": "스폰서십 계약 요약: 방송권 기간 2025-01-01~2026-12-31, 지역 권리: 대한민국(독점), 후원사 계좌번호 및 세부 내역은 내부 기밀로 처리됩니다.",
            "id": "sample_021_0062_000020",
            "annotations": []
        },
        {
            "sentence": "내부 운영 문서에는 비공개 결재선(승인자: 장준상)과 내부 회의록이 포함되어 있으며 해당 텍스트는 기밀정보로 라벨링됩니다.",
            "id": "sample_021_0062_000021",
            "annotations": [
                {
                    "word": "장준상",
                    "start": 24,
                    "end": 27,
                    "label": "기밀정보"
                }
            ]
        },
        {
            "sentence": "시스템 보안 로그에 기록된 서버 IP 192.168.100.5와 내부 파일 경로 /srv/internal/contracts 는 외부 노출 시 보안상 위험하므로 기밀로 분류합니다.",
            "id": "sample_021_0062_000022",
            "annotations": [
                {
                    "word": "192.168.100.5",
                    "start": 21,
                    "end": 34,
                    "label": "기밀정보"
                },
                {
                    "word": "/srv/internal/contracts",
                    "start": 45,
                    "end": 68,
                    "label": "기밀정보"
                }
            ]
        },
        {
            "sentence": "티켓 판매 현황: 총 발행 12,000장 중 판매 11,200장, 좌석 점유율 93.3%, 결제처리(Payment) 시스템은 PCI DSS 준수로 운영됩니다.",
            "id": "sample_021_0062_000023",
            "annotations": []
        },
        {
            "sentence": "스카우팅 리포트: 구준승에 대한 퍼포먼스 평가는 긍정적이며 포지션 변경(워밍업 후) 권고가 포함됩니다.",
            "id": "sample_021_0062_000024",
            "annotations": [
                {
                    "word": "구준승",
                    "start": 10,
                    "end": 13,
                    "label": "개인정보"
                }
            ]
        },
        {
            "sentence": "선수별 근무(소속) 정보: 소속 클럽명 '서울스포츠클럽'이 등록되어 있으며, 직장명은 준식별자로 취급됩니다.",
            "id": "sample_021_0062_000025",
            "annotations": [
                {
                    "word": "서울스포츠클럽",
                    "start": 23,
                    "end": 30,
                    "label": "준식별자"
                }
            ]
        },
        {
            "sentence": "국제대회 관련 비자·세무 검토 메모에는 선수 여권번호 M98765432와 출입국 기록 초안이 포함되어 있어 민감한 개인정보로 분류됩니다.",
            "id": "sample_021_0062_000026",
            "annotations": [
                {
                    "word": "M98765432",
                    "start": 30,
                    "end": 39,
                    "label": "개인정보"
                }
            ]
        },
        {
            "sentence": "데이터 출처(metadata.data_provenance) 필드에는 'synthetic'과 원본 피드 식별자(raw_feed_20250621_v3)를 함께 기록하여 감사 가능성을 보장합니다.",
            "id": "sample_021_0062_000027",
            "annotations": []
        },
        {
            "sentence": "결론 및 권장 조치: 민감정보는 암호화·접근제어 후 보관하고, 데이터 표준화 및 provenance 로깅 정책을 즉시 적용할 것을 권고합니다.",
            "id": "sample_021_0062_000028",
            "annotations": []
        }
    ]
}