{
    "document_id": "021_0093",
    "document_title": "2026 K-리그 경기 운영 및 선수 관리 종합 리포트",
    "data": [
        {
            "sentence": "경기 운영 및 선수 관리 종합 리포트: 2026 K-리그 정규시즌 라운드 보고서.",
            "id": "sample_021_0093_000001",
            "annotations": []
        },
        {
            "sentence": "문서 생성일: 2026-01-08T12:00:00Z (UTC), provenance.data_provenance: synthetic_generated_v1, metadata.data_origin: synthetic.",
            "id": "sample_021_0093_000002",
            "annotations": []
        },
        {
            "sentence": "경기 ID SPORTS:KLeague:match:045, 경기 일시 2026-01-15T18:30:00Z (UTC), 경기장 좌표: 37.4979,127.0276.",
            "id": "sample_021_0093_000003",
            "annotations": []
        },
        {
            "sentence": "홈팀 ID SPORTS:KLeague:team:011 (팀명: 서울 유나이티드 / 서울유나이티드)와 원정팀 ID SPORTS:KLeague:team:022 (팀명: 부산 레인저스 / 부산레인저스)의 라인업이 등록되었습니다.",
            "id": "sample_021_0093_000004",
            "annotations": []
        },
        {
            "sentence": "선수 SPORTS:KLeague:player:0001 배규보 선수(포지션: FW, 출생일: 1994-07-21, 키: 182cm, 체중: 76kg, 혈액형: O)가 선발로 등록되었습니다.",
            "id": "sample_021_0093_000005",
            "annotations": [
                {
                    "word": "배규보",
                    "start": 30,
                    "end": 33,
                    "label": "개인정보"
                },
                {
                    "word": "1994-07-21",
                    "start": 51,
                    "end": 61,
                    "label": "준식별자"
                },
                {
                    "word": "키: 182cm",
                    "start": 63,
                    "end": 71,
                    "label": "준식별자"
                },
                {
                    "word": "체중: 76kg",
                    "start": 73,
                    "end": 81,
                    "label": "준식별자"
                },
                {
                    "word": "혈액형: O",
                    "start": 83,
                    "end": 89,
                    "label": "준식별자"
                }
            ]
        },
        {
            "sentence": "선수 SPORTS:KLeague:player:0002 류승진(포지션: MF, 출생일: 1990-11-03, 이메일: 류승진@playerclub.kr, 연락처: 010-1234-5678)이 교체 선수로 등록되었습니다.",
            "id": "sample_021_0093_000006",
            "annotations": [
                {
                    "word": "류승진",
                    "start": 30,
                    "end": 33,
                    "label": "개인정보"
                },
                {
                    "word": "류승진",
                    "start": 65,
                    "end": 68,
                    "label": "개인정보"
                },
                {
                    "word": "1990-11-03",
                    "start": 48,
                    "end": 58,
                    "label": "준식별자"
                },
                {
                    "word": "이메일: 류승진@playerclub.kr",
                    "start": 60,
                    "end": 82,
                    "label": "개인정보"
                },
                {
                    "word": "연락처: 010-1234-5678",
                    "start": 84,
                    "end": 102,
                    "label": "개인정보"
                }
            ]
        },
        {
            "sentence": "수비수 SPORTS:KLeague:player:0003 방예솜과 골키퍼 SPORTS:KLeague:player:0004 김종호가 캡틴으로 지정되었습니다.",
            "id": "sample_021_0093_000007",
            "annotations": [
                {
                    "word": "방예솜",
                    "start": 31,
                    "end": 34,
                    "label": "개인정보"
                },
                {
                    "word": "김종호",
                    "start": 67,
                    "end": 70,
                    "label": "개인정보"
                }
            ]
        },
        {
            "sentence": "의료 요약: 선수 배올리비아(선수ID SPORTS:KLeague:player:0005)는 최근 MRI 후 무릎 인대 권고 수술을 받아 의료기록ID MED_0007로 암호화 저장되었습니다.",
            "id": "sample_021_0093_000008",
            "annotations": [
                {
                    "word": "배올리비아",
                    "start": 10,
                    "end": 15,
                    "label": "개인정보"
                }
            ]
        },
        {
            "sentence": "부상 관련 접근 제어 레벨: restricted, 의료 데이터 접근 로그가 생성되었으며 access.audit: true로 기록됩니다.",
            "id": "sample_021_0093_000009",
            "annotations": []
        },
        {
            "sentence": "텔레메트리 샘플: device_id DEV:GEO:1001, sampling_rate: 10Hz, 속도 단위: km/h, 이동거리 단위: m, 기록 예시 심박수: 190 bpm, 이동거리: 11232 m.",
            "id": "sample_021_0093_000010",
            "annotations": []
        },
        {
            "sentence": "실시간 스코어: 전반 25분 홈 1-0 원정, 득점자 배규보(득점ID S:0001), 어시스트 류승진.",
            "id": "sample_021_0093_000011",
            "annotations": [
                {
                    "word": "배규보",
                    "start": 30,
                    "end": 33,
                    "label": "개인정보"
                },
                {
                    "word": "류승진",
                    "start": 53,
                    "end": 56,
                    "label": "개인정보"
                }
            ]
        },
        {
            "sentence": "경기 통계 집계 합계 검증: 선수별 득점 합과 경기 최종 득점 합이 불일치하여 경고 플래그가 추가되었습니다; provenance.audit: discrepancy_001.",
            "id": "sample_021_0093_000012",
            "annotations": []
        },
        {
            "sentence": "스카우팅 리포트: 선수 신상엽(포지션: MF, 국적: 대한민국, 키: 178cm)은 전술 이해도가 우수하다는 평가입니다.",
            "id": "sample_021_0093_000013",
            "annotations": [
                {
                    "word": "신상엽",
                    "start": 13,
                    "end": 16,
                    "label": "개인정보"
                },
                {
                    "word": "국적: 대한민국",
                    "start": 26,
                    "end": 34,
                    "label": "준식별자"
                },
                {
                    "word": "키: 178cm",
                    "start": 36,
                    "end": 44,
                    "label": "준식별자"
                }
            ]
        },
        {
            "sentence": "선수 안찬욱은 이전 시즌 계약서에 기록된 여권 번호 AB1234567을 등록하였으며 여권 검증이 필요합니다.",
            "id": "sample_021_0093_000014",
            "annotations": [
                {
                    "word": "안찬욱",
                    "start": 3,
                    "end": 6,
                    "label": "개인정보"
                },
                {
                    "word": "여권 번호 AB1234567",
                    "start": 23,
                    "end": 38,
                    "label": "개인정보"
                }
            ]
        },
        {
            "sentence": "티켓 판매 요약: 총 판매 12,432매, 좌석 점유율 78.5%이며 결제 데이터는 PCI DSS 준수 방식으로 보호됩니다.",
            "id": "sample_021_0093_000015",
            "annotations": []
        },
        {
            "sentence": "스폰서십 계약 요약: 스폰서 A사 계약ID SP_A_2025, 후원금 50,000,000 KRW, 계약기간 2025-01-01/2027-12-31, 권리범위: 대한민국 독점.",
            "id": "sample_021_0093_000016",
            "annotations": [
                {
                    "word": "후원금 50,000,000 KRW",
                    "start": 35,
                    "end": 53,
                    "label": "기밀정보"
                },
                {
                    "word": "계약기간 2025-01-01/2027-12-31",
                    "start": 55,
                    "end": 81,
                    "label": "기밀정보"
                },
                {
                    "word": "권리범위: 대한민국 독점",
                    "start": 83,
                    "end": 96,
                    "label": "기밀정보"
                },
                {
                    "word": "계약ID SP_A_2025",
                    "start": 19,
                    "end": 33,
                    "label": "기밀정보"
                }
            ]
        },
        {
            "sentence": "상업 데이터 메타데이터에는 지역 권리, 기간, 독점성 정보가 포함되어 있으며 계약 문서 경로는 /secure/contracts/sponsor_A.pdf 입니다.",
            "id": "sample_021_0093_000017",
            "annotations": [
                {
                    "word": "/secure/contracts/sponsor_A.pdf",
                    "start": 53,
                    "end": 84,
                    "label": "기밀정보"
                }
            ]
        },
        {
            "sentence": "회계 항목으로 기재된 계좌번호 123-456789-00는 재무 시스템에 기밀로 분류되어 접근 권한이 제한됩니다.",
            "id": "sample_021_0093_000018",
            "annotations": [
                {
                    "word": "계좌번호 123-456789-00",
                    "start": 12,
                    "end": 30,
                    "label": "기밀정보"
                }
            ]
        },
        {
            "sentence": "운영 보안: 내부 VPN 주소 10.8.0.12 및 관리 포털 URL은 비공개이며 접근 로그에 의해 모니터링됩니다.",
            "id": "sample_021_0093_000019",
            "annotations": [
                {
                    "word": "10.8.0.12",
                    "start": 17,
                    "end": 26,
                    "label": "기밀정보"
                }
            ]
        },
        {
            "sentence": "반도핑 리포트: 샘플ID DOP_0007은 접근 제한 레벨 high로 표시되며 결과 공유는 승인된 사용자로 제한됩니다.",
            "id": "sample_021_0093_000020",
            "annotations": [
                {
                    "word": "DOP_0007",
                    "start": 14,
                    "end": 22,
                    "label": "기밀정보"
                }
            ]
        },
        {
            "sentence": "장비 유지보수 로그: 트래커 device_id DEV:GEO:1001에 대한 마지막 점검은 2026-01-05T09:00:00Z에 완료되었습니다.",
            "id": "sample_021_0093_000021",
            "annotations": []
        },
        {
            "sentence": "선수 전덕성(선수ID SPORTS:KLeague:player:0012)은 등록 주소 서울특별시 강남구 역삼동 823-5에 거주지 정보를 제공하였습니다.",
            "id": "sample_021_0093_000022",
            "annotations": [
                {
                    "word": "전덕성",
                    "start": 3,
                    "end": 6,
                    "label": "개인정보"
                }
            ]
        },
        {
            "sentence": "계약 승인 담당자 기록: 승인자 김대산(사번: STAFF_045)은 내부 결재선에 따라 검토를 완료했습니다.",
            "id": "sample_021_0093_000023",
            "annotations": [
                {
                    "word": "김대산",
                    "start": 18,
                    "end": 21,
                    "label": "개인정보"
                },
                {
                    "word": "사번: STAFF_045",
                    "start": 22,
                    "end": 35,
                    "label": "개인정보"
                }
            ]
        },
        {
            "sentence": "데이터 출처와 신뢰도 필드: metadata.data_provenance: synthetic_generated_v1, 신뢰도 score: 0.92.",
            "id": "sample_021_0093_000024",
            "annotations": []
        },
        {
            "sentence": "규정 및 징계 기록에는 선수 조하주의 경고 1회가 포함되어 있으며 징계 세부 내용은 내부문서로 기밀 관리됩니다.",
            "id": "sample_021_0093_000025",
            "annotations": [
                {
                    "word": "조하주",
                    "start": 16,
                    "end": 19,
                    "label": "개인정보"
                }
            ]
        },
        {
            "sentence": "선수 송영운의 계약 변경 이력에 따라 이전 소속팀의 이적료 및 계좌 정보는 기밀로 표기되어 데이터베이스에 암호화되어 있습니다.",
            "id": "sample_021_0093_000026",
            "annotations": [
                {
                    "word": "송영운",
                    "start": 3,
                    "end": 6,
                    "label": "개인정보"
                }
            ]
        },
        {
            "sentence": "연습 보고서: 기록자 엄은국은 훈련강도 스케일 1-10에서 평균 7을 기록했고 분석은 내부 모델에 의해 처리됩니다.",
            "id": "sample_021_0093_000027",
            "annotations": [
                {
                    "word": "엄은국",
                    "start": 12,
                    "end": 15,
                    "label": "개인정보"
                }
            ]
        },
        {
            "sentence": "결론 및 권장 조치: 모든 민감정보는 암호화 저장 및 접근제한을 유지하고, 본 문서는 합성 데이터임을 명시합니다.",
            "id": "sample_021_0093_000028",
            "annotations": []
        }
    ]
}