{
    "document_id": "014_0081",
    "document_title": "가상교육원 재학증명 및 학습기록 파일(임시발급용)",
    "data": [
        {
            "sentence": "문서 제목: 가상교육원 재학증명 및 학습기록 파일(임시발급용) 입니다.",
            "id": "sample_014_0081_000001",
            "annotations": []
        },
        {
            "sentence": "학생명: 신효성, 학번: S-014-0081-0001, 이메일: shinhy@tokenized.edu.",
            "id": "sample_014_0081_000002",
            "annotations": [
                {
                    "word": "신효성",
                    "start": 5,
                    "end": 8,
                    "label": "개인정보"
                },
                {
                    "word": "S-014-0081-0001",
                    "start": 14,
                    "end": 29,
                    "label": "개인정보"
                },
                {
                    "word": "shinhy@tokenized.edu",
                    "start": 36,
                    "end": 56,
                    "label": "개인정보"
                }
            ]
        },
        {
            "sentence": "생년월일: 2006-05-14, 성별: 남성, 보호자(법정대리인): 우동민, 보호자 연락처: 010-****-1234, 부모동의: 모사된 동의서 보관.",
            "id": "sample_014_0081_000003",
            "annotations": [
                {
                    "word": "2006-05-14",
                    "start": 6,
                    "end": 16,
                    "label": "준식별자"
                },
                {
                    "word": "남성",
                    "start": 22,
                    "end": 24,
                    "label": "준식별자"
                },
                {
                    "word": "우동민",
                    "start": 38,
                    "end": 41,
                    "label": "개인정보"
                },
                {
                    "word": "010-****-1234",
                    "start": 52,
                    "end": 65,
                    "label": "개인정보"
                }
            ]
        },
        {
            "sentence": "입학일: 2021-03-01, 등록상태: 재학, 기관ID: INST-014-0081.",
            "id": "sample_014_0081_000004",
            "annotations": [
                {
                    "word": "2021-03-01",
                    "start": 5,
                    "end": 15,
                    "label": "준식별자"
                },
                {
                    "word": "INST-014-0081",
                    "start": 33,
                    "end": 46,
                    "label": "기밀정보"
                }
            ]
        },
        {
            "sentence": "프로그램명: 디지털교육학과, 전공코드: DIG-EDU-02, 교육과정 및 학점 이수 규정이 포함되어 있습니다.",
            "id": "sample_014_0081_000005",
            "annotations": []
        },
        {
            "sentence": "교과목: EDU101, 교과목명: 교육학개론, 학점: 3.0, 학기: 2024-1, 성적: A0, 등급체계: A0,B+,B0,C+.",
            "id": "sample_014_0081_000006",
            "annotations": []
        },
        {
            "sentence": "교과목: EDU202, 교과목명: 교육기술과학습설계, 학점: 3.0, 성적: B+.",
            "id": "sample_014_0081_000007",
            "annotations": []
        },
        {
            "sentence": "성적증명서 요약: 누적평점평균(GPA): 3.72, 누적이수학점: 60.0, 성적보존 접근제어: role-based 접근필요.",
            "id": "sample_014_0081_000008",
            "annotations": []
        },
        {
            "sentence": "출결기록: 2025-03-15T09:00:00Z 출석처리, 2025-03-22T09:00:00Z 지각, 상세 로그는 LMS에 저장됩니다.",
            "id": "sample_014_0081_000009",
            "annotations": [
                {
                    "word": "2025-03-15T09:00:00Z",
                    "start": 6,
                    "end": 26,
                    "label": "준식별자"
                },
                {
                    "word": "2025-03-22T09:00:00Z",
                    "start": 33,
                    "end": 53,
                    "label": "준식별자"
                }
            ]
        },
        {
            "sentence": "평가점수: 중간고사 2025-04-10T14:00:00+09:00 점수 82, 기말고사 2025-06-05T10:00:00+09:00 점수 88.",
            "id": "sample_014_0081_000010",
            "annotations": [
                {
                    "word": "2025-04-10T14:00:00+09:00",
                    "start": 11,
                    "end": 36,
                    "label": "준식별자"
                },
                {
                    "word": "2025-06-05T10:00:00+09:00",
                    "start": 49,
                    "end": 74,
                    "label": "준식별자"
                }
            ]
        },
        {
            "sentence": "담당교수: 성교준, 교원ID: TCH-014-77, 연락처(내선): 내선1234, 이메일: sgj@virtual.edu(내부토큰화).",
            "id": "sample_014_0081_000011",
            "annotations": [
                {
                    "word": "성교준",
                    "start": 6,
                    "end": 9,
                    "label": "개인정보"
                },
                {
                    "word": "TCH-014-77",
                    "start": 17,
                    "end": 27,
                    "label": "개인정보"
                },
                {
                    "word": "sgj@virtual.edu",
                    "start": 51,
                    "end": 66,
                    "label": "개인정보"
                }
            ]
        },
        {
            "sentence": "학습목표: 학습자 중심 수업설계 이해, 평가도구 개발 역량 확보 등 핵심 역량 3개 항목으로 명세합니다.",
            "id": "sample_014_0081_000012",
            "annotations": []
        },
        {
            "sentence": "강의계획서(외부공개 URL): https://lms.virtual.edu/syllabus/EDU101, 접근성(WCAG) 준수 항목 포함.",
            "id": "sample_014_0081_000013",
            "annotations": [
                {
                    "word": "https://lms.virtual.edu/syllabus/EDU101",
                    "start": 17,
                    "end": 56,
                    "label": "기밀정보"
                }
            ]
        },
        {
            "sentence": "콘텐츠 메타데이터(SCORM): package_id=scorm-2025-edu-014, version=1.2, accessibility=WCAG2.1 AA, xAPI 호환성 명시.",
            "id": "sample_014_0081_000014",
            "annotations": []
        },
        {
            "sentence": "xAPI 샘플 스테이트먼트: actor: {name:'신효성', mbox:'mailto:shinhy@tokenized.edu'}, verb: 'attempted', object: '퀴즈1', timestamp: 2025-04-10T14:32:05+09:00.",
            "id": "sample_014_0081_000015",
            "annotations": [
                {
                    "word": "신효성",
                    "start": 30,
                    "end": 33,
                    "label": "개인정보"
                },
                {
                    "word": "mailto:shinhy@tokenized.edu",
                    "start": 42,
                    "end": 69,
                    "label": "개인정보"
                },
                {
                    "word": "2025-04-10T14:32:05+09:00",
                    "start": 118,
                    "end": 143,
                    "label": "준식별자"
                }
            ]
        },
        {
            "sentence": "LMS 이벤트 로그 요약: clickstream 고빈도 이벤트는 스트리밍으로 처리되며 샘플이벤트(2025-04-10T14:32:05+09:00)에는 활동타입 및 세션ID가 포함됩니다.",
            "id": "sample_014_0081_000016",
            "annotations": [
                {
                    "word": "2025-04-10T14:32:05+09:00",
                    "start": 54,
                    "end": 79,
                    "label": "준식별자"
                }
            ]
        },
        {
            "sentence": "장학금 정보: 성적우수장학금 지급일 2024-12-01, 지급금액: ***원, 계좌번호(마스킹): ****-****-1234.",
            "id": "sample_014_0081_000017",
            "annotations": [
                {
                    "word": "2024-12-01",
                    "start": 20,
                    "end": 30,
                    "label": "준식별자"
                },
                {
                    "word": "****-****-1234",
                    "start": 55,
                    "end": 69,
                    "label": "기밀정보"
                }
            ]
        },
        {
            "sentence": "수업료 청구서 ID: INV-014-202504, 납부상태: 완납, 결제수단: 카드(마스킹), 관련 재무메타데이터는 제한된 접근 권한 필요.",
            "id": "sample_014_0081_000018",
            "annotations": [
                {
                    "word": "INV-014-202504",
                    "start": 12,
                    "end": 26,
                    "label": "기밀정보"
                }
            ]
        },
        {
            "sentence": "인가·인증 문서 참조: 인가문서번호 ACC-2022-EDU-014, 해당 문서는 기밀정보로 분류되며 열람은 인증된 계정으로 제한됩니다.",
            "id": "sample_014_0081_000019",
            "annotations": [
                {
                    "word": "ACC-2022-EDU-014",
                    "start": 20,
                    "end": 36,
                    "label": "기밀정보"
                }
            ]
        },
        {
            "sentence": "상담기록 및 복지지원 데이터는 별도 보안영역에 저장되며 접근은 별도의 심사프로세스가 필요합니다.",
            "id": "sample_014_0081_000020",
            "annotations": []
        },
        {
            "sentence": "데이터 거버넌스 원칙: 모든 PII는 전송(HTTPS/TLS) 및 저장(암호화-at-rest) 상태로 가정하며 감사로그가 기록됩니다.",
            "id": "sample_014_0081_000021",
            "annotations": []
        },
        {
            "sentence": "미성년자 처리 방침: 학생은 2006년생으로 보호자 동의서가 시스템에 토큰형태로 보관되어 있으며 별도 심사가 적용됩니다.",
            "id": "sample_014_0081_000022",
            "annotations": [
                {
                    "word": "2006년생",
                    "start": 16,
                    "end": 22,
                    "label": "준식별자"
                }
            ]
        },
        {
            "sentence": "보존정책: 학적·성적자료는 기관 규정에 따라 10년 보관 후 안전하게 파기됩니다.",
            "id": "sample_014_0081_000023",
            "annotations": []
        },
        {
            "sentence": "접근제어 메타데이터: 성적·출결·상담기록은 role: ['교수','데이터관리자']에게만 공개되며 감사로그가 필수입니다.",
            "id": "sample_014_0081_000024",
            "annotations": []
        },
        {
            "sentence": "데이터 최소수집 원칙: 기록에는 분석 목적에 필요한 최소한의 식별자만 포함되며 재식별 위험 평가지침을 준수합니다.",
            "id": "sample_014_0081_000025",
            "annotations": []
        },
        {
            "sentence": "감사 및 연락처: 데이터책임자 지기홍, 내부연락처(토큰화 이메일): ds@virtual.edu_token.",
            "id": "sample_014_0081_000026",
            "annotations": [
                {
                    "word": "지기홍",
                    "start": 17,
                    "end": 20,
                    "label": "개인정보"
                },
                {
                    "word": "ds@virtual.edu_token",
                    "start": 38,
                    "end": 58,
                    "label": "개인정보"
                }
            ]
        },
        {
            "sentence": "교원 및 운영진 명단은 내부기밀로 취급되며 운영계획 문서에만 요약본이 포함됩니다.",
            "id": "sample_014_0081_000027",
            "annotations": []
        },
        {
            "sentence": "행동 항목: 데이터 스튜어드 검토, 접근권한 재조정, 부모동의 파일 재확인 및 기록보관 절차 검증을 권고합니다.",
            "id": "sample_014_0081_000028",
            "annotations": []
        }
    ]
}