{
    "document_id": "014_0003",
    "document_title": "가상기관 아카데미얼 학생 학적 및 교육기록 표준 문서",
    "data": [
        {
            "sentence": "본 문서는 가상기관 '아카데미얼(AcademiAll)'에서 학적 및 교육 이력을 기록하기 위해 작성된 표준 샘플 문서입니다.",
            "id": "sample_014_0003_000001",
            "annotations": []
        },
        {
            "sentence": "학생 정보 항목에는 이름 홍민송, 학번: [TOKEN:STUDENTID_014_0003], 소속 기관코드 INST-ACAD-2024이 포함되어 있습니다.",
            "id": "sample_014_0003_000002",
            "annotations": [
                {
                    "word": "홍민송",
                    "start": 14,
                    "end": 17,
                    "label": "개인정보"
                },
                {
                    "word": "[TOKEN:STUDENTID_014_0003]",
                    "start": 23,
                    "end": 49,
                    "label": "개인정보"
                }
            ]
        },
        {
            "sentence": "생년월일은 2006-05-18로 ISO8601 방식과 연·월·일 분리 표기를 병행하였고 성별은 여로 등록되어 있습니다.",
            "id": "sample_014_0003_000003",
            "annotations": [
                {
                    "word": "2006",
                    "start": 6,
                    "end": 10,
                    "label": "준식별자"
                },
                {
                    "word": "05",
                    "start": 11,
                    "end": 13,
                    "label": "준식별자"
                },
                {
                    "word": "18",
                    "start": 14,
                    "end": 16,
                    "label": "준식별자"
                },
                {
                    "word": "여",
                    "start": 53,
                    "end": 54,
                    "label": "준식별자"
                }
            ]
        },
        {
            "sentence": "미성년자 정보 처리의 예시로 보호자명 주다온과 보호자 연락처 010-****-1234가 마스킹되어 수집·기록되었습니다.",
            "id": "sample_014_0003_000004",
            "annotations": [
                {
                    "word": "주다온",
                    "start": 21,
                    "end": 24,
                    "label": "개인정보"
                },
                {
                    "word": "010-****-1234",
                    "start": 34,
                    "end": 47,
                    "label": "개인정보"
                }
            ]
        },
        {
            "sentence": "연락 수단으로 등록된 이메일은 hmsong@[REDACTED].edu 형태로 토큰화되어 저장 및 전송 시 암호화됩니다.",
            "id": "sample_014_0003_000005",
            "annotations": [
                {
                    "word": "hmsong@[REDACTED].edu",
                    "start": 17,
                    "end": 38,
                    "label": "개인정보"
                }
            ]
        },
        {
            "sentence": "주소는 시/군/구 단위로 표기하여 서울특별시 종로구로 기재하였고 상세 주소는 최소수집 원칙에 따라 생략했습니다.",
            "id": "sample_014_0003_000006",
            "annotations": [
                {
                    "word": "서울특별시",
                    "start": 19,
                    "end": 24,
                    "label": "준식별자"
                },
                {
                    "word": "종로구",
                    "start": 25,
                    "end": 28,
                    "label": "준식별자"
                }
            ]
        },
        {
            "sentence": "입학일은 2024-03-01T09:00:00Z로 ISO8601 형식으로 기록되어 학사처리 시스템 간 연동에 사용됩니다.",
            "id": "sample_014_0003_000007",
            "annotations": [
                {
                    "word": "2024",
                    "start": 5,
                    "end": 9,
                    "label": "준식별자"
                },
                {
                    "word": "03",
                    "start": 10,
                    "end": 12,
                    "label": "준식별자"
                },
                {
                    "word": "01",
                    "start": 13,
                    "end": 15,
                    "label": "준식별자"
                },
                {
                    "word": "01",
                    "start": 32,
                    "end": 34,
                    "label": "준식별자"
                }
            ]
        },
        {
            "sentence": "등록상태는 재학으로 표기되며 학기별 수강이력과 참조 무결성이 보장되도록 외래키가 설정되어 있습니다.",
            "id": "sample_014_0003_000008",
            "annotations": []
        },
        {
            "sentence": "institution_id는 INST-ACAD-2024로 관리되며 프로그램명은 평생교육학과로 등록되어 있습니다.",
            "id": "sample_014_0003_000009",
            "annotations": []
        },
        {
            "sentence": "대표 수업 예시는 과목코드 EDU101, 과목명 '교육학개론', 학기 2024-1, 이수학점 3으로 표준화되어 있습니다.",
            "id": "sample_014_0003_000010",
            "annotations": []
        },
        {
            "sentence": "성적 체계는 grade_scale: A-F 및 숫자 0-100 병기이며 성적 데이터는 접근제어 메타데이터로 분류됩니다.",
            "id": "sample_014_0003_000011",
            "annotations": []
        },
        {
            "sentence": "공식 성적표(transcript)는 발급일자 2025-02-15로 기재되며 발급번호 TRX-2025-0001이 연계되어 있습니다.",
            "id": "sample_014_0003_000012",
            "annotations": [
                {
                    "word": "2025",
                    "start": 25,
                    "end": 29,
                    "label": "준식별자"
                },
                {
                    "word": "2025",
                    "start": 51,
                    "end": 55,
                    "label": "준식별자"
                },
                {
                    "word": "02",
                    "start": 26,
                    "end": 28,
                    "label": "준식별자"
                },
                {
                    "word": "02",
                    "start": 30,
                    "end": 32,
                    "label": "준식별자"
                },
                {
                    "word": "02",
                    "start": 52,
                    "end": 54,
                    "label": "준식별자"
                },
                {
                    "word": "15",
                    "start": 33,
                    "end": 35,
                    "label": "준식별자"
                }
            ]
        },
        {
            "sentence": "출결 기록(attendance_records)은 xAPI 이벤트와 연동되어 일별 출석 상태가 암호화된 로그에 저장됩니다.",
            "id": "sample_014_0003_000013",
            "annotations": []
        },
        {
            "sentence": "평가 점수 예시는 과제 85, 중간 78, 기말 92로 기록되며 민감 데이터로서 접근 통제가 명시됩니다.",
            "id": "sample_014_0003_000014",
            "annotations": []
        },
        {
            "sentence": "평가유형은 형성평가 및 총괄평가로 구분되며 담당교원 ID는 [TOKEN:TEACHERID_009], 담당교원명은 류연준으로 표기됩니다.",
            "id": "sample_014_0003_000015",
            "annotations": [
                {
                    "word": "[TOKEN:TEACHERID_009]",
                    "start": 33,
                    "end": 54,
                    "label": "개인정보"
                },
                {
                    "word": "류연준",
                    "start": 63,
                    "end": 66,
                    "label": "개인정보"
                }
            ]
        },
        {
            "sentence": "학습목표(learning_objective)는 비판적 사고력 증진, 프로젝트 기반 학습 수행 능력 배양으로 설정되어 있습니다.",
            "id": "sample_014_0003_000016",
            "annotations": []
        },
        {
            "sentence": "강의계획서 링크는 공개·비공개 정책에 따라 접근제어가 적용된 URL로 관리되며 접근 로그가 기록됩니다.",
            "id": "sample_014_0003_000017",
            "annotations": []
        },
        {
            "sentence": "콘텐츠 메타데이터는 SCORM 1.2 및 xAPI 1.0.3 규격을 준수하고 accessibility: WCAG2.1 AA 준수 태그를 포함합니다.",
            "id": "sample_014_0003_000018",
            "annotations": []
        },
        {
            "sentence": "LMS 이벤트 로그 예시로 actor 'student:[TOKEN:STUDENTID_014_0003]', session '[TOKEN:SESSION_ABC123]', verb 'completed', object 'module:SCORM_EDU101', timestamp 2024-10-12T14:32:10Z가 기록됩니다.",
            "id": "sample_014_0003_000019",
            "annotations": [
                {
                    "word": "[TOKEN:STUDENTID_014_0003]",
                    "start": 30,
                    "end": 56,
                    "label": "개인정보"
                },
                {
                    "word": "[TOKEN:SESSION_ABC123]",
                    "start": 68,
                    "end": 90,
                    "label": "기밀정보"
                },
                {
                    "word": "2024",
                    "start": 151,
                    "end": 155,
                    "label": "준식별자"
                },
                {
                    "word": "10",
                    "start": 135,
                    "end": 137,
                    "label": "준식별자"
                },
                {
                    "word": "10",
                    "start": 156,
                    "end": 158,
                    "label": "준식별자"
                },
                {
                    "word": "10",
                    "start": 168,
                    "end": 170,
                    "label": "준식별자"
                },
                {
                    "word": "12",
                    "start": 86,
                    "end": 88,
                    "label": "준식별자"
                },
                {
                    "word": "12",
                    "start": 159,
                    "end": 161,
                    "label": "준식별자"
                }
            ]
        },
        {
            "sentence": "로그 타임스탬프는 ISO8601 표준을 따르며 예시로 2024-10-12T14:32:10Z 형식의 값을 사용합니다.",
            "id": "sample_014_0003_000020",
            "annotations": [
                {
                    "word": "2024",
                    "start": 30,
                    "end": 34,
                    "label": "준식별자"
                },
                {
                    "word": "10",
                    "start": 35,
                    "end": 37,
                    "label": "준식별자"
                },
                {
                    "word": "10",
                    "start": 47,
                    "end": 49,
                    "label": "준식별자"
                },
                {
                    "word": "12",
                    "start": 38,
                    "end": 40,
                    "label": "준식별자"
                }
            ]
        },
        {
            "sentence": "장학정보 항목에는 장학명 '성취장학', 지급금액 KRW 1,000,000, 지급계좌 일부 표기 [BANK:XXXX-XXXX-1234]가 포함됩니다.",
            "id": "sample_014_0003_000021",
            "annotations": [
                {
                    "word": "KRW 1,000,000",
                    "start": 27,
                    "end": 40,
                    "label": "기밀정보"
                },
                {
                    "word": "[BANK:XXXX-XXXX-1234]",
                    "start": 53,
                    "end": 74,
                    "label": "기밀정보"
                }
            ]
        },
        {
            "sentence": "수업료 청구서는 INV-2024-09-015 형태로 발행되며 결제상태 및 결제 계좌 정보는 암호화되어 저장됩니다.",
            "id": "sample_014_0003_000022",
            "annotations": []
        },
        {
            "sentence": "인증문서(accreditation_document)는 인증번호 ACC-2024-09-15가 기재되어 있고 내부 검토 메모에 승인자 정균하가 표기되어 있습니다.",
            "id": "sample_014_0003_000023",
            "annotations": [
                {
                    "word": "ACC-2024-09-15",
                    "start": 35,
                    "end": 49,
                    "label": "기밀정보"
                },
                {
                    "word": "정균하",
                    "start": 73,
                    "end": 76,
                    "label": "기밀정보"
                }
            ]
        },
        {
            "sentence": "시스템 보안 관련 항목으로 내부서버 IP 10.0.12.8, 관리자 계정 edu_admin 및 VPN 접속 정보는 내부기밀로 분류됩니다.",
            "id": "sample_014_0003_000024",
            "annotations": [
                {
                    "word": "10.0.12.8",
                    "start": 23,
                    "end": 32,
                    "label": "기밀정보"
                },
                {
                    "word": "edu_admin",
                    "start": 41,
                    "end": 50,
                    "label": "기밀정보"
                }
            ]
        },
        {
            "sentence": "미성년자 데이터는 보호자 동의 모사로 보관하였고 본 사례의 보호자 동의 수집일시는 2024-02-28T12:00:00Z로 기록되었습니다.",
            "id": "sample_014_0003_000025",
            "annotations": [
                {
                    "word": "2024",
                    "start": 46,
                    "end": 50,
                    "label": "준식별자"
                },
                {
                    "word": "02",
                    "start": 47,
                    "end": 49,
                    "label": "준식별자"
                },
                {
                    "word": "02",
                    "start": 51,
                    "end": 53,
                    "label": "준식별자"
                },
                {
                    "word": "28",
                    "start": 54,
                    "end": 56,
                    "label": "준식별자"
                }
            ]
        },
        {
            "sentence": "PII는 전송 시 TLS/HTTPS, 저장 시 AES-256 암호화가 적용된 것으로 가정하며 출력 예시에서는 마스킹과 토큰화를 사용합니다.",
            "id": "sample_014_0003_000026",
            "annotations": []
        },
        {
            "sentence": "데이터 최소수집 원칙, 접근제어, 감사로그, 보존기간 및 안전 파기 절차는 기관 정책에 따라 명문화되어 적용됩니다.",
            "id": "sample_014_0003_000027",
            "annotations": []
        },
        {
            "sentence": "상호운용성 표준(SCORM, xAPI, IMS LTI)을 따른 메타데이터 스키마가 적용되어 시스템 간 데이터 교환 무결성이 보장됩니다.",
            "id": "sample_014_0003_000028",
            "annotations": []
        },
        {
            "sentence": "접근 통제는 역할 기반 접근 제어(RBAC)로 구현되며 민감 데이터 접근 시 심사·승인 절차가 요구됩니다.",
            "id": "sample_014_0003_000029",
            "annotations": []
        },
        {
            "sentence": "본 문서는 예시이며 모든 개인식별정보는 가명화 규칙을 적용하여 실제 개인과의 일치를 피하도록 처리되었음을 명시합니다.",
            "id": "sample_014_0003_000030",
            "annotations": []
        }
    ]
}