{
    "document_id": "014_0043",
    "document_title": "학생 이수 및 성적기록(요약) - 경민온라인교육원",
    "data": [
        {
            "sentence": "본 문서는 가상의 교육기관 경민온라인교육원에서 제공하는 학생 이수 기록 및 성적요약 문서입니다.",
            "id": "sample_014_0043_000001",
            "annotations": []
        },
        {
            "sentence": "문서는 기관 내부 운영, 학습분석 및 학사관리 목적의 메타데이터와 로그를 포함하며, 민감데이터는 별도 보안정책 하에 처리됩니다.",
            "id": "sample_014_0043_000002",
            "annotations": []
        },
        {
            "sentence": "학생 성명: 손리사(가명)으로 본 기록은 분석용 합성/가명화 규칙에 따라 생성되었습니다.",
            "id": "sample_014_0043_000003",
            "annotations": [
                {
                    "word": "손리사",
                    "start": 7,
                    "end": 10,
                    "label": "개인정보"
                }
            ]
        },
        {
            "sentence": "학번(학생ID, 마스킹): STU-014-0043 토큰이 본 레코드의 주 식별자 역할을 합니다.",
            "id": "sample_014_0043_000004",
            "annotations": [
                {
                    "word": "STU-014-0043",
                    "start": 15,
                    "end": 27,
                    "label": "개인정보"
                }
            ]
        },
        {
            "sentence": "생년월일: 2006-04-15로 기록되어 있으며 생년월일 구성요소는 준식별자 취급을 전제로 별도 보호됩니다.",
            "id": "sample_014_0043_000005",
            "annotations": [
                {
                    "word": "2006",
                    "start": 6,
                    "end": 10,
                    "label": "준식별자"
                },
                {
                    "word": "04",
                    "start": 11,
                    "end": 13,
                    "label": "준식별자"
                },
                {
                    "word": "15",
                    "start": 14,
                    "end": 16,
                    "label": "준식별자"
                }
            ]
        },
        {
            "sentence": "성별: 여성으로 기록되어 있고 성별 정보는 다른 준식별자와 결합 시 재식별 위험이 있으므로 최소수집 원칙을 적용하였습니다.",
            "id": "sample_014_0043_000006",
            "annotations": [
                {
                    "word": "여성",
                    "start": 4,
                    "end": 6,
                    "label": "준식별자"
                }
            ]
        },
        {
            "sentence": "보호자 성명(가명): 손아원, 연락처(마스킹): 010-XXXX-6789, 보호자 동의 기록은 미성년자 처리 절차에 따라 보관됩니다.",
            "id": "sample_014_0043_000007",
            "annotations": [
                {
                    "word": "손아원",
                    "start": 12,
                    "end": 15,
                    "label": "개인정보"
                },
                {
                    "word": "010-XXXX-6789",
                    "start": 27,
                    "end": 40,
                    "label": "개인정보"
                }
            ]
        },
        {
            "sentence": "입학일(ISO8601): 2022-03-01T09:00:00Z, 등록상태: 재학으로 학기 및 수강이력과 참조 무결성이 유지됩니다.",
            "id": "sample_014_0043_000008",
            "annotations": [
                {
                    "word": "2022",
                    "start": 14,
                    "end": 18,
                    "label": "준식별자"
                },
                {
                    "word": "03",
                    "start": 19,
                    "end": 21,
                    "label": "준식별자"
                },
                {
                    "word": "01",
                    "start": 9,
                    "end": 11,
                    "label": "준식별자"
                },
                {
                    "word": "01",
                    "start": 22,
                    "end": 24,
                    "label": "준식별자"
                }
            ]
        },
        {
            "sentence": "소속기관ID(내부식별자): INST-EDU-1001이며 기관식별자는 내부 기밀 분류 및 접근제어 대상입니다.",
            "id": "sample_014_0043_000009",
            "annotations": [
                {
                    "word": "INST-EDU-1001",
                    "start": 15,
                    "end": 28,
                    "label": "기밀정보"
                }
            ]
        },
        {
            "sentence": "프로그램명: 디지털교육학과, 수강코드: EDU101, 과목명: 교육데이터분석, 학기: 2024-2학기, 이수학점: 3학점입니다.",
            "id": "sample_014_0043_000010",
            "annotations": []
        },
        {
            "sentence": "성적요약: 과목 성적 A-으로 확정되었고 성적확정일(ISO8601): 2024-12-15이 문서에 기록되어 있습니다.",
            "id": "sample_014_0043_000011",
            "annotations": [
                {
                    "word": "2024",
                    "start": 39,
                    "end": 43,
                    "label": "준식별자"
                },
                {
                    "word": "12",
                    "start": 44,
                    "end": 46,
                    "label": "준식별자"
                },
                {
                    "word": "15",
                    "start": 47,
                    "end": 49,
                    "label": "준식별자"
                }
            ]
        },
        {
            "sentence": "성적표 요약에는 누계평점 3.67과 과목별 점수 및 등급 정보가 포함되어 있으며 접근통제가 필요합니다.",
            "id": "sample_014_0043_000012",
            "annotations": []
        },
        {
            "sentence": "출결기록 요약: 총수업일수 30, 결석 2, 지각 1이며 결석사유 및 의료기록 등 민감 정보는 별도 분리 보관됩니다.",
            "id": "sample_014_0043_000013",
            "annotations": []
        },
        {
            "sentence": "평가점수 상세: 중간고사 85점, 기말고사 92점, 과제 평균 88점, 평가유형은 시험·과제·참여로 분류됩니다.",
            "id": "sample_014_0043_000014",
            "annotations": []
        },
        {
            "sentence": "담당교원명: 문태영, 교원ID: TCHR-0099이며 교원 식별자는 사번 규칙에 따라 내부 개인정보로 취급됩니다.",
            "id": "sample_014_0043_000015",
            "annotations": [
                {
                    "word": "문태영",
                    "start": 7,
                    "end": 10,
                    "label": "개인정보"
                },
                {
                    "word": "TCHR-0099",
                    "start": 18,
                    "end": 27,
                    "label": "개인정보"
                }
            ]
        },
        {
            "sentence": "학습목표: 교육데이터 모델의 이해와 xAPI 기반 학습로그 분석 역량 확보를 목표로 설정하였습니다.",
            "id": "sample_014_0043_000016",
            "annotations": []
        },
        {
            "sentence": "강의계획서 접근 링크(내부): https://lms.km-online.edu/syllabus/edu101(토큰화·접근제어 적용)로 제공됩니다.",
            "id": "sample_014_0043_000017",
            "annotations": [
                {
                    "word": "https://lms.km-online.edu/syllabus/edu101",
                    "start": 17,
                    "end": 58,
                    "label": "기밀정보"
                }
            ]
        },
        {
            "sentence": "콘텐츠 메타데이터(SCORM/xAPI): package_id=scorm-edu101, version=1.2, accessibility=WCAG2.1 AA 준수 표기가 포함되어 있습니다.",
            "id": "sample_014_0043_000018",
            "annotations": []
        },
        {
            "sentence": "xAPI statement 예시: {actor: 'STU-014-0043', verb: 'completed', object: 'course:edu101', timestamp: '2024-11-30T09:15:00Z'}가 로그 샘플로 저장됩니다.",
            "id": "sample_014_0043_000019",
            "annotations": [
                {
                    "word": "STU-014-0043",
                    "start": 28,
                    "end": 40,
                    "label": "개인정보"
                },
                {
                    "word": "2024",
                    "start": 99,
                    "end": 103,
                    "label": "준식별자"
                },
                {
                    "word": "11",
                    "start": 104,
                    "end": 106,
                    "label": "준식별자"
                },
                {
                    "word": "30",
                    "start": 107,
                    "end": 109,
                    "label": "준식별자"
                }
            ]
        },
        {
            "sentence": "LMS 이벤트 로그(요약): 2024-11-30T09:20:05Z에 로그인, 실시간퀴즈 응시 기록이 생성되었으며 로그는 스트리밍 수집 후 익명화 파이프라인을 거칩니다.",
            "id": "sample_014_0043_000020",
            "annotations": [
                {
                    "word": "2024",
                    "start": 16,
                    "end": 20,
                    "label": "준식별자"
                },
                {
                    "word": "11",
                    "start": 21,
                    "end": 23,
                    "label": "준식별자"
                },
                {
                    "word": "30",
                    "start": 24,
                    "end": 26,
                    "label": "준식별자"
                }
            ]
        },
        {
            "sentence": "장학정보: 부분장학금 SCH-2024-339 승인, 금액(표시): 1,200,000원, 지급계좌 마지막 4자리: 1234(마스킹 적용)으로 기록됩니다.",
            "id": "sample_014_0043_000021",
            "annotations": [
                {
                    "word": "SCH-2024-339",
                    "start": 12,
                    "end": 24,
                    "label": "기밀정보"
                },
                {
                    "word": "1234",
                    "start": 63,
                    "end": 67,
                    "label": "기밀정보"
                }
            ]
        },
        {
            "sentence": "수업료 청구서 번호: INV-2024-0005, 청구금액: 3,500,000원, 결제상태 및 청구내역은 재무팀의 접근통제 하에 보관됩니다.",
            "id": "sample_014_0043_000022",
            "annotations": [
                {
                    "word": "INV-2024-0005",
                    "start": 12,
                    "end": 25,
                    "label": "기밀정보"
                }
            ]
        },
        {
            "sentence": "인증서류 식별자: ACC-2024-REDAC는 기관 인증 관련 내부문서로 기밀등급이며 접근 권한이 엄격히 제한됩니다.",
            "id": "sample_014_0043_000023",
            "annotations": [
                {
                    "word": "ACC-2024-REDAC",
                    "start": 10,
                    "end": 24,
                    "label": "기밀정보"
                }
            ]
        },
        {
            "sentence": "상담기록 요약은 학습지원 내역과 조치사항을 포함하며 상담노트 등 민감정보는 별도 보안심사 대상입니다.",
            "id": "sample_014_0043_000024",
            "annotations": []
        },
        {
            "sentence": "데이터 거버넌스 원칙: PII는 전송시 TLS(HTTPS), 저장시 AES-256 등 암호화-at-rest를 적용한다고 가정합니다.",
            "id": "sample_014_0043_000025",
            "annotations": []
        },
        {
            "sentence": "미성년자 보호조치: 본 사례는 미성년자 가정으로 보호자 동의 기록, 최소수집 원칙, 접근제한 절차가 모사되어 있습니다.",
            "id": "sample_014_0043_000026",
            "annotations": []
        },
        {
            "sentence": "접근통제 정책: 성적·출결 등 민감데이터는 역할기반 접근제어(RBAC) 및 감사로그로 제한하며 내부 검토 절차를 명시합니다.",
            "id": "sample_014_0043_000027",
            "annotations": []
        },
        {
            "sentence": "권고사항: 내부검토, 보호자 동의서 확인, 불필요 데이터의 파기 및 로그 보존기간 검토를 수행할 것을 권고합니다.",
            "id": "sample_014_0043_000028",
            "annotations": []
        }
    ]
}