{
    "document_id": "014_0094",
    "document_title": "학습기록 및 성적증명서 (한국디지털교육원 가상 발급문서)",
    "data": [
        {
            "sentence": "본 문서는 가상의 교육기관에서 발행하는 학습기록 및 성적증명서 양식을 샘플로 제시합니다.",
            "id": "sample_014_0094_000001",
            "annotations": []
        },
        {
            "sentence": "문서의 목적은 학습이력 관리, 성적증명, 출결·평가 로그 보관 및 상호운용성 준수를 명시하는 것입니다.",
            "id": "sample_014_0094_000002",
            "annotations": []
        },
        {
            "sentence": "기관명과 서식은 실무 포맷을 모사하되 모든 개인식별정보는 가명화 또는 토큰화하여 처리합니다.",
            "id": "sample_014_0094_000003",
            "annotations": []
        },
        {
            "sentence": "학생 식별자는 토큰화된 값으로 저장합니다: [STU_ID:014-00094-0001].",
            "id": "sample_014_0094_000004",
            "annotations": [
                {
                    "word": "[STU_ID:014-00094-0001]",
                    "start": 24,
                    "end": 47,
                    "label": "개인정보"
                }
            ]
        },
        {
            "sentence": "등록된 학생 성명은 가명으로 표기되어 있습니다: 오비가나.",
            "id": "sample_014_0094_000005",
            "annotations": [
                {
                    "word": "오비가나",
                    "start": 27,
                    "end": 31,
                    "label": "개인정보"
                }
            ]
        },
        {
            "sentence": "생년월일은 ISO8601 형식으로 기록합니다: 2007-05-14.",
            "id": "sample_014_0094_000006",
            "annotations": [
                {
                    "word": "2007-05-14",
                    "start": 26,
                    "end": 36,
                    "label": "준식별자"
                }
            ]
        },
        {
            "sentence": "성별 정보는 분석 최소수집 원칙에 따라 단일 문자로 표기됩니다: 여.",
            "id": "sample_014_0094_000007",
            "annotations": [
                {
                    "word": "여",
                    "start": 36,
                    "end": 37,
                    "label": "준식별자"
                }
            ]
        },
        {
            "sentence": "보호자 연락처는 전송·저장 시 암호화되며 출력 예시는 마스킹하여 표기합니다: [PHONE:+82-10-****-1234].",
            "id": "sample_014_0094_000008",
            "annotations": [
                {
                    "word": "[PHONE:+82-10-****-1234]",
                    "start": 43,
                    "end": 67,
                    "label": "개인정보"
                }
            ]
        },
        {
            "sentence": "보호자 성명은 가명으로 기재되어 있으며 부모 동의 여부는 별도 동의 로그로 관리합니다: 엄유연.",
            "id": "sample_014_0094_000009",
            "annotations": [
                {
                    "word": "엄유연",
                    "start": 49,
                    "end": 52,
                    "label": "개인정보"
                }
            ]
        },
        {
            "sentence": "입학일(enrollment_date)은 학사연속성 유지를 위해 타임스탬프 형식으로 기록합니다: 2023-03-01T09:00:00+09:00.",
            "id": "sample_014_0094_000010",
            "annotations": [
                {
                    "word": "2023-03-01T09:00:00+09:00",
                    "start": 53,
                    "end": 78,
                    "label": "준식별자"
                }
            ]
        },
        {
            "sentence": "교원 및 직원 식별자는 내부 사번 체계를 사용하며 접근 제어 대상입니다; 교원ID: TEA-0094.",
            "id": "sample_014_0094_000011",
            "annotations": [
                {
                    "word": "TEA-0094",
                    "start": 47,
                    "end": 55,
                    "label": "개인정보"
                }
            ]
        },
        {
            "sentence": "담당교수 명시는 가명으로 표기되어 참조됩니다: 진인애.",
            "id": "sample_014_0094_000012",
            "annotations": [
                {
                    "word": "진인애",
                    "start": 26,
                    "end": 29,
                    "label": "개인정보"
                }
            ]
        },
        {
            "sentence": "기관 식별자(institution_id)는 내부 레퍼런스용으로 INST-EDU-014로 설정되어 있습니다.",
            "id": "sample_014_0094_000013",
            "annotations": []
        },
        {
            "sentence": "프로그램명은 '디지털교육학과'로 명시되며 교과코드는 EDU-201로 표준화되어 있습니다.",
            "id": "sample_014_0094_000014",
            "annotations": []
        },
        {
            "sentence": "학기 표기는 2023-Fall로 통일하며 각 과목의 학점은 학사규정에 따라 3학점으로 기재됩니다.",
            "id": "sample_014_0094_000015",
            "annotations": []
        },
        {
            "sentence": "성적 표기는 A-F 등급체계와 수치점수를 병기하며 세부 점수는 LMS 평가로그와 연동됩니다.",
            "id": "sample_014_0094_000016",
            "annotations": []
        },
        {
            "sentence": "출결 기록은 이벤트 로그 형태로 저장되며 각 이벤트에는 ISO8601 타임스탬프가 포함됩니다: 2023-09-12T08:30:00+09:00.",
            "id": "sample_014_0094_000017",
            "annotations": []
        },
        {
            "sentence": "교육콘텐츠 메타데이터는 SCORM 및 xAPI 스펙을 준수하며 패키지 식별자와 접근성 태그를 포함합니다: scorm:pkg:014:0001, WCAG2AA.",
            "id": "sample_014_0094_000018",
            "annotations": []
        },
        {
            "sentence": "LTI 연동 정보는 보안상 비공개 URL을 사용하며 예시 표기는 내부용으로만 기재합니다: [LMS_URL:https://lms.example.edu/secure/014].",
            "id": "sample_014_0094_000019",
            "annotations": [
                {
                    "word": "[LMS_URL:https://lms.example.edu/secure/014]",
                    "start": 50,
                    "end": 94,
                    "label": "기밀정보"
                }
            ]
        },
        {
            "sentence": "로그 예시는 IP와 세션토큰을 마스킹하여 표기합니다: 접속 IP 예시 [IP:10.0.0.5], 세션토큰은 저장 시 암호화됩니다.",
            "id": "sample_014_0094_000020",
            "annotations": [
                {
                    "word": "[IP:10.0.0.5]",
                    "start": 39,
                    "end": 52,
                    "label": "기밀정보"
                }
            ]
        },
        {
            "sentence": "장학금 정보는 장학 유형과 비율을 기록하며 지급 계좌 및 세부내역은 마스킹·제한 공개합니다: [BANK_ACC:****-****-1234].",
            "id": "sample_014_0094_000021",
            "annotations": [
                {
                    "word": "[BANK_ACC:****-****-1234]",
                    "start": 52,
                    "end": 77,
                    "label": "기밀정보"
                }
            ]
        },
        {
            "sentence": "수업계획서 URL 및 버전은 메타데이터로 관리됩니다: https://repository.example.edu/syllabi/EDU-201.v1.",
            "id": "sample_014_0094_000022",
            "annotations": []
        },
        {
            "sentence": "평가 점수 예시는 중간고사 82점, 과제 평균 88점, 기말 90점 등으로 현실적 분포를 모사합니다.",
            "id": "sample_014_0094_000023",
            "annotations": []
        },
        {
            "sentence": "상담 및 복지기록은 별도 보안 레이어에서 접근심사를 거쳐 저장되며 담당 상담교사는 허준연으로 표기됩니다.",
            "id": "sample_014_0094_000024",
            "annotations": [
                {
                    "word": "허준연",
                    "start": 46,
                    "end": 49,
                    "label": "개인정보"
                }
            ]
        },
        {
            "sentence": "주소는 데이터 최소수집 원칙을 반영해 시 단위로만 보관합니다: 시: 서울특별시.",
            "id": "sample_014_0094_000025",
            "annotations": [
                {
                    "word": "시: 서울특별시",
                    "start": 35,
                    "end": 43,
                    "label": "준식별자"
                }
            ]
        },
        {
            "sentence": "재직증빙, 내부결재선, 감사로그 등 운영상 기밀 문서는 별도 분류로 보관하며 접근 권한 관리가 필수입니다.",
            "id": "sample_014_0094_000026",
            "annotations": []
        },
        {
            "sentence": "기관 인증 관련 문서는 내부 파일체계에서 관리되며 예시 파일명은 '/secure/accreditation/ACC_014_2023.pdf'입니다.",
            "id": "sample_014_0094_000027",
            "annotations": [
                {
                    "word": "/secure/accreditation/ACC_014_2023.pdf",
                    "start": 37,
                    "end": 75,
                    "label": "기밀정보"
                }
            ]
        },
        {
            "sentence": "데이터 보존 기간은 학사규정에 따라 5년으로 설정하며 파기절차 및 증적 보관을 명시합니다.",
            "id": "sample_014_0094_000028",
            "annotations": []
        },
        {
            "sentence": "보안 및 개인정보 관련 문의는 보안담당자 유진서로 접수되며 접수번호 예시는 [TICKET:SEC-2025-0001]입니다.",
            "id": "sample_014_0094_000029",
            "annotations": [
                {
                    "word": "유진서",
                    "start": 23,
                    "end": 26,
                    "label": "개인정보"
                },
                {
                    "word": "[TICKET:SEC-2025-0001]",
                    "start": 42,
                    "end": 64,
                    "label": "기밀정보"
                }
            ]
        }
    ]
}