{
    "document_id": "014_0087",
    "document_title": "뉴호라이즌교육원 학습기록 및 데이터 거버넌스 통합보고서",
    "data": [
        {
            "sentence": "본 문서는 가상의 교육기관인 뉴호라이즌교육원의 학습기록 통합보고서 예시입니다.",
            "id": "sample_014_0087_000001",
            "annotations": []
        },
        {
            "sentence": "보고서 목적은 학습자 기록 관리, 상호운용성 메타데이터 예시 제공, 및 민감정보 거버넌스 지침 제시입니다.",
            "id": "sample_014_0087_000002",
            "annotations": []
        },
        {
            "sentence": "문서는 ISO8601 타임스탬프, SCORM/xAPI/IMS LTI 호환 메타데이터, 그리고 가명화 표준을 준수하여 구성되었습니다.",
            "id": "sample_014_0087_000003",
            "annotations": []
        },
        {
            "sentence": "학생 기본 레코드(예시): 학생명: 조지혜, 학번: STU-2025-0001, 생년월일(ISO8601): 2007-05-14, 성별: 여성.",
            "id": "sample_014_0087_000004",
            "annotations": [
                {
                    "word": "조지혜",
                    "start": 20,
                    "end": 23,
                    "label": "개인정보"
                },
                {
                    "word": "STU-2025-0001",
                    "start": 29,
                    "end": 42,
                    "label": "개인정보"
                },
                {
                    "word": "2007-05-14",
                    "start": 59,
                    "end": 69,
                    "label": "준식별자"
                },
                {
                    "word": "여성",
                    "start": 75,
                    "end": 77,
                    "label": "준식별자"
                }
            ]
        },
        {
            "sentence": "주소(기초, 시/군/구 수준 보관): 서울특별시, 강남구, 상세 주소는 최소수집 원칙에 따라 분리 보관됩니다.",
            "id": "sample_014_0087_000005",
            "annotations": [
                {
                    "word": "서울특별시",
                    "start": 21,
                    "end": 26,
                    "label": "준식별자"
                },
                {
                    "word": "강남구",
                    "start": 28,
                    "end": 31,
                    "label": "준식별자"
                }
            ]
        },
        {
            "sentence": "보호자 정보(가명화): 보호자명: 차경, 보호자 연락처(가명화 표기): 010-XXXX-1234, 부모 동의 상태: 동의함(토큰화 로그 보관).",
            "id": "sample_014_0087_000006",
            "annotations": [
                {
                    "word": "차경",
                    "start": 19,
                    "end": 21,
                    "label": "개인정보"
                },
                {
                    "word": "010-XXXX-1234",
                    "start": 40,
                    "end": 53,
                    "label": "개인정보"
                }
            ]
        },
        {
            "sentence": "입학 및 등록 정보 예시: 입학일(ISO8601): 2023-03-01, 등록상태: 재학생, 프로그램명: 디지털미디어학부.",
            "id": "sample_014_0087_000007",
            "annotations": [
                {
                    "word": "2023-03-01",
                    "start": 29,
                    "end": 39,
                    "label": "준식별자"
                }
            ]
        },
        {
            "sentence": "수강 이력 샘플: course_code: CSD101, course_title: 컴퓨팅입문, 학기: 2023-2, 이수학점: 3, 교과목 메타데이터 포함.",
            "id": "sample_014_0087_000008",
            "annotations": []
        },
        {
            "sentence": "성적표 요약(접근제어 필요): 학번 STU-2025-0001 대상 누적평점 3.45(4.5 만점)로 기록되어 있으며 접근 권한이 명시됩니다.",
            "id": "sample_014_0087_000009",
            "annotations": [
                {
                    "word": "STU-2025-0001",
                    "start": 20,
                    "end": 33,
                    "label": "개인정보"
                }
            ]
        },
        {
            "sentence": "출결 기록 예시(ISO8601 타임스탬프 포함): 2024-09-01T09:00:00Z 출석, 2024-10-15T09:00:00Z 결석(병가 제출).",
            "id": "sample_014_0087_000010",
            "annotations": [
                {
                    "word": "2024-09-01T09:00:00Z",
                    "start": 28,
                    "end": 48,
                    "label": "준식별자"
                },
                {
                    "word": "2024-10-15T09:00:00Z",
                    "start": 53,
                    "end": 73,
                    "label": "준식별자"
                }
            ]
        },
        {
            "sentence": "평가 점수 샘플: 과제1 85점, 중간고사 78점, 기말고사 88점이며 개별 점수는 익명화 후 학습분석에 사용됩니다.",
            "id": "sample_014_0087_000011",
            "annotations": []
        },
        {
            "sentence": "교원 정보 예시: 담당교수명: 송율하, 교원ID(가명): T-2024-07, 이메일(토큰화): syleo@masked.edu.",
            "id": "sample_014_0087_000012",
            "annotations": [
                {
                    "word": "송율하",
                    "start": 17,
                    "end": 20,
                    "label": "개인정보"
                },
                {
                    "word": "T-2024-07",
                    "start": 32,
                    "end": 41,
                    "label": "개인정보"
                },
                {
                    "word": "syleo@masked.edu",
                    "start": 53,
                    "end": 69,
                    "label": "개인정보"
                }
            ]
        },
        {
            "sentence": "학습목표 및 강의계획서 개요: 비판적 사고 역량 강화, 프로젝트 기반 평가, 접근성 및 WCAG 준수 표기 포함.",
            "id": "sample_014_0087_000013",
            "annotations": []
        },
        {
            "sentence": "강의계획서 접근 예시 URL: https://example.edu/syllabus/CSD101 (내부 인증 및 접근 통제 필요 표시).",
            "id": "sample_014_0087_000014",
            "annotations": []
        },
        {
            "sentence": "콘텐츠 메타데이터 예시: SCORM 패키지 ID scorm_abc123, xAPI activityId http://lrs.example/activities/act-7890, WCAG 준수: AA.",
            "id": "sample_014_0087_000015",
            "annotations": []
        },
        {
            "sentence": "LTI 설정 및 보안 메타데이터: LTI 소비자 키(LTI_KEY): LTI_KEY_****-ABCD, 비밀 키는 별도 키관리 시스템에서 암호화 보관됩니다.",
            "id": "sample_014_0087_000016",
            "annotations": [
                {
                    "word": "LTI_KEY_****-ABCD",
                    "start": 39,
                    "end": 56,
                    "label": "기밀정보"
                }
            ]
        },
        {
            "sentence": "LMS 이벤트 로그 샘플: [timestamp: 2024-11-10T14:22:30Z, user_token: usr_TKN_abc123, event: 'quiz.submit']는 스트리밍으로 수집됩니다.",
            "id": "sample_014_0087_000017",
            "annotations": [
                {
                    "word": "2024-11-10T14:22:30Z",
                    "start": 27,
                    "end": 47,
                    "label": "준식별자"
                },
                {
                    "word": "usr_TKN_abc123",
                    "start": 61,
                    "end": 75,
                    "label": "기밀정보"
                }
            ]
        },
        {
            "sentence": "학자금 및 장학 정보 예시: 장학ID SCH-2025-005, 장학금 지급계좌(마스킹): ****-****-1234, 지급일: 2024-08-20.",
            "id": "sample_014_0087_000018",
            "annotations": [
                {
                    "word": "****-****-1234",
                    "start": 50,
                    "end": 64,
                    "label": "기밀정보"
                },
                {
                    "word": "2024-08-20",
                    "start": 71,
                    "end": 81,
                    "label": "준식별자"
                }
            ]
        },
        {
            "sentence": "수업료 청구서 예시: 인보이스ID INV-2025-0009, 납부자 학번 STU-2025-0001, 납부계좌(표시): ****-****-1234.",
            "id": "sample_014_0087_000019",
            "annotations": [
                {
                    "word": "INV-2025-0009",
                    "start": 19,
                    "end": 32,
                    "label": "기밀정보"
                },
                {
                    "word": "STU-2025-0001",
                    "start": 41,
                    "end": 54,
                    "label": "개인정보"
                },
                {
                    "word": "****-****-1234",
                    "start": 66,
                    "end": 80,
                    "label": "기밀정보"
                }
            ]
        },
        {
            "sentence": "기관 인증 및 운영문서: 기관 인증번호 ACC-2024-UNI-001 및 관련 내부 결재선은 운영상 기밀로 분류합니다.",
            "id": "sample_014_0087_000020",
            "annotations": [
                {
                    "word": "ACC-2024-UNI-001",
                    "start": 22,
                    "end": 38,
                    "label": "기밀정보"
                }
            ]
        },
        {
            "sentence": "상담 기록 메타데이터 예시: 상담자ID: C-3002, 상담일시: 2024-10-05T10:30:00Z, 상담요약은 별도 보안 정책 적용 대상입니다.",
            "id": "sample_014_0087_000021",
            "annotations": [
                {
                    "word": "C-3002",
                    "start": 23,
                    "end": 29,
                    "label": "개인정보"
                },
                {
                    "word": "2024-10-05T10:30:00Z",
                    "start": 37,
                    "end": 57,
                    "label": "준식별자"
                }
            ]
        },
        {
            "sentence": "학습분석 지표는 평균 학습시간, 클릭스트림, 세션 지속시간 등으로 집계되며 개인식별형 로그는 가명화 후 저장됩니다.",
            "id": "sample_014_0087_000022",
            "annotations": []
        },
        {
            "sentence": "데이터 보호 및 접근통제: 전송 시 HTTPS/TLS 적용, 저장 시 암호화-at-rest, 역할 기반 접근 제어(RBAC)와 감사로그를 적용합니다.",
            "id": "sample_014_0087_000023",
            "annotations": []
        },
        {
            "sentence": "미성년자 데이터 처리 원칙: 부모 동의 토큰 보관, 최소식별자만 수집, 상세 민감정보는 별도 분리 저장 및 접근 심사를 거칩니다.",
            "id": "sample_014_0087_000024",
            "annotations": []
        },
        {
            "sentence": "감사 로그 및 데이터 파기: 개인정보 열람 시 감사로그 생성, 법정 보존기간 경과 후 안전 파기로 절차를 명확히 하고 있습니다.",
            "id": "sample_014_0087_000025",
            "annotations": []
        },
        {
            "sentence": "데이터 유지관리 지침: 보존기간, 비식별화 정책, 정기 백업 및 키 교체 주기를 명시하며 파기 절차를 문서화합니다.",
            "id": "sample_014_0087_000026",
            "annotations": []
        },
        {
            "sentence": "권고사항: 민감 데이터 접근 최소화, 정기적 보안감사, LTI 및 API 키 교체 주기 준수, 종합 데이터 거버넌스 운영을 권고합니다.",
            "id": "sample_014_0087_000027",
            "annotations": []
        },
        {
            "sentence": "문의처 예시: 데이터거버넌스 책임자: 엄성빈, 연락처(내선): 02-XXX-XXXX, 이메일: dg_office@masked.edu.",
            "id": "sample_014_0087_000028",
            "annotations": [
                {
                    "word": "엄성빈",
                    "start": 21,
                    "end": 24,
                    "label": "개인정보"
                },
                {
                    "word": "02-XXX-XXXX",
                    "start": 35,
                    "end": 46,
                    "label": "개인정보"
                },
                {
                    "word": "dg_office@masked.edu",
                    "start": 53,
                    "end": 73,
                    "label": "개인정보"
                }
            ]
        }
    ]
}