{
    "document_id": "014_0026",
    "document_title": "가상교육기관 학습기록 및 성적증명서 예시",
    "data": [
        {
            "sentence": "문서 개요: 본 문서는 가상의 학습기록 및 성적증명서 예시로서 교육 데이터 거버넌스 요구사항을 통합합니다.",
            "id": "sample_014_0026_000001",
            "annotations": []
        },
        {
            "sentence": "기관 식별자: 기관ID는 INST-014-2024으로 표기되며 내부 보안정책상 읽기 전용 메타데이터로 관리됩니다.",
            "id": "sample_014_0026_000002",
            "annotations": [
                {
                    "word": "INST-014-2024",
                    "start": 14,
                    "end": 27,
                    "label": "기밀정보"
                }
            ]
        },
        {
            "sentence": "학생 기본정보는 최소수집 원칙을 따르며 모든 PII는 전송·저장 시 암호화됩니다.",
            "id": "sample_014_0026_000003",
            "annotations": []
        },
        {
            "sentence": "학생 레코드: 학번은 S******026로 토큰화되어 저장됩니다.",
            "id": "sample_014_0026_000004",
            "annotations": [
                {
                    "word": "S******026",
                    "start": 12,
                    "end": 22,
                    "label": "개인정보"
                }
            ]
        },
        {
            "sentence": "학생 이름(영문/한글 표기): 임여온.",
            "id": "sample_014_0026_000005",
            "annotations": [
                {
                    "word": "임여온",
                    "start": 17,
                    "end": 20,
                    "label": "개인정보"
                }
            ]
        },
        {
            "sentence": "생년월일은 년/월/일 단위로 분리 표기합니다: 2010, 09, 03.",
            "id": "sample_014_0026_000006",
            "annotations": [
                {
                    "word": "2010",
                    "start": 26,
                    "end": 30,
                    "label": "준식별자"
                },
                {
                    "word": "09",
                    "start": 32,
                    "end": 34,
                    "label": "준식별자"
                },
                {
                    "word": "03",
                    "start": 36,
                    "end": 38,
                    "label": "준식별자"
                }
            ]
        },
        {
            "sentence": "성별: 여.",
            "id": "sample_014_0026_000007",
            "annotations": [
                {
                    "word": "여",
                    "start": 4,
                    "end": 5,
                    "label": "준식별자"
                }
            ]
        },
        {
            "sentence": "보호자 정보 및 동의: 보호자 이름 박영윤, 연락처 010-****-1234, 동의서 전자서명 보관.",
            "id": "sample_014_0026_000008",
            "annotations": [
                {
                    "word": "박영윤",
                    "start": 20,
                    "end": 23,
                    "label": "개인정보"
                },
                {
                    "word": "010-****-1234",
                    "start": 29,
                    "end": 42,
                    "label": "개인정보"
                }
            ]
        },
        {
            "sentence": "입학일(enrollment_date)은 ISO8601 형식으로 기록됩니다: 2024-03-01T09:00:00Z (년:2024 월:03 일:01).",
            "id": "sample_014_0026_000009",
            "annotations": [
                {
                    "word": "2024",
                    "start": 42,
                    "end": 46,
                    "label": "준식별자"
                },
                {
                    "word": "2024",
                    "start": 66,
                    "end": 70,
                    "label": "준식별자"
                },
                {
                    "word": "03",
                    "start": 47,
                    "end": 49,
                    "label": "준식별자"
                },
                {
                    "word": "03",
                    "start": 73,
                    "end": 75,
                    "label": "준식별자"
                },
                {
                    "word": "01",
                    "start": 27,
                    "end": 29,
                    "label": "준식별자"
                },
                {
                    "word": "01",
                    "start": 50,
                    "end": 52,
                    "label": "준식별자"
                },
                {
                    "word": "01",
                    "start": 78,
                    "end": 80,
                    "label": "준식별자"
                }
            ]
        },
        {
            "sentence": "등록상태(enrollment_status): 재학(active)으로 표기됩니다.",
            "id": "sample_014_0026_000010",
            "annotations": []
        },
        {
            "sentence": "프로그램 정보: 프로그램명 '디지털교육학과', 학제는 2년제로 표준화되어 있습니다.",
            "id": "sample_014_0026_000011",
            "annotations": []
        },
        {
            "sentence": "교과목 메타데이터: course_code DEDU-101, course_title '교육 데이터 기초', 학점 3.",
            "id": "sample_014_0026_000012",
            "annotations": []
        },
        {
            "sentence": "학기표기(academic_term): 2024-1학기로 표기하며 성적이력과 참조 무결성을 유지합니다.",
            "id": "sample_014_0026_000013",
            "annotations": []
        },
        {
            "sentence": "성적: 성적표(transcript) 요약은 등급체계 grade_scale 'A-F'로 규정하고 개별 과목별 grade는 A~C 범위를 가집니다.",
            "id": "sample_014_0026_000014",
            "annotations": []
        },
        {
            "sentence": "출결 기록(attendance_records)은 ISO8601 타임스탬프로 로깅되며 접근 권한이 제한됩니다.",
            "id": "sample_014_0026_000015",
            "annotations": []
        },
        {
            "sentence": "평가 항목: 과제, 퀴즈, 중간·기말고사 등 assessment_type이며 상세 점수는 assessment_scores에 저장됩니다.",
            "id": "sample_014_0026_000016",
            "annotations": []
        },
        {
            "sentence": "교수진 정보: 교원ID T***202, 교원명 천미화, 소속 부서 데이터사이언스센터.",
            "id": "sample_014_0026_000017",
            "annotations": [
                {
                    "word": "T***202",
                    "start": 13,
                    "end": 20,
                    "label": "개인정보"
                },
                {
                    "word": "천미화",
                    "start": 26,
                    "end": 29,
                    "label": "개인정보"
                }
            ]
        },
        {
            "sentence": "학습목표(learning_objective): 본 과목은 교육 데이터 모델링 및 개인정보 보호 절차 이해를 목표로 합니다.",
            "id": "sample_014_0026_000018",
            "annotations": []
        },
        {
            "sentence": "강의계획서 URL(syllabus_url): https://lms.example.edu/syllabus/DEDU-101 (접근제어 필요).",
            "id": "sample_014_0026_000019",
            "annotations": []
        },
        {
            "sentence": "콘텐츠 메타데이터: SCORM 패키지 scorm_v1.2 id scorm-edu-014, xAPI 활동문(statement) template 포함.",
            "id": "sample_014_0026_000020",
            "annotations": []
        },
        {
            "sentence": "LMS 이벤트 로그 예시: event 'activity.completed' occurred at 2024-10-15T14:23:05Z (년:2024 월:10 일:15), actor_id S******026.",
            "id": "sample_014_0026_000021",
            "annotations": [
                {
                    "word": "2024",
                    "start": 54,
                    "end": 58,
                    "label": "준식별자"
                },
                {
                    "word": "2024",
                    "start": 78,
                    "end": 82,
                    "label": "준식별자"
                },
                {
                    "word": "10",
                    "start": 59,
                    "end": 61,
                    "label": "준식별자"
                },
                {
                    "word": "10",
                    "start": 85,
                    "end": 87,
                    "label": "준식별자"
                },
                {
                    "word": "15",
                    "start": 62,
                    "end": 64,
                    "label": "준식별자"
                },
                {
                    "word": "15",
                    "start": 90,
                    "end": 92,
                    "label": "준식별자"
                },
                {
                    "word": "S******026",
                    "start": 104,
                    "end": 114,
                    "label": "개인정보"
                }
            ]
        },
        {
            "sentence": "학습분석 로그는 시간대별 집계로 저장되며 실시간 이벤트는 스트리밍 처리됩니다.",
            "id": "sample_014_0026_000022",
            "annotations": []
        },
        {
            "sentence": "장학금 정보(scholarship_info): 수혜금액 ₩1,200,000, 지급계좌 ****-****-1234, 별도 접근통제가 필요합니다.",
            "id": "sample_014_0026_000023",
            "annotations": [
                {
                    "word": "₩1,200,000",
                    "start": 31,
                    "end": 41,
                    "label": "기밀정보"
                },
                {
                    "word": "****-****-1234",
                    "start": 48,
                    "end": 62,
                    "label": "기밀정보"
                }
            ]
        },
        {
            "sentence": "수업료 청구(tuition_invoice): 청구서ID INV-2024-014-0026 및 결제계좌 ****-****-5678가 기록됩니다.",
            "id": "sample_014_0026_000024",
            "annotations": [
                {
                    "word": "INV-2024-014-0026",
                    "start": 31,
                    "end": 48,
                    "label": "기밀정보"
                },
                {
                    "word": "****-****-5678",
                    "start": 56,
                    "end": 70,
                    "label": "기밀정보"
                }
            ]
        },
        {
            "sentence": "인증서(accreditation_document): 가상교육원 인증서 번호 ACC-EDU-2024-0001이 메타데이터에 포함됩니다.",
            "id": "sample_014_0026_000025",
            "annotations": []
        },
        {
            "sentence": "상담 기록 및 복지 관련 항목은 별도 보안영역에 저장되며 내부 심사 프로세스를 거칩니다.",
            "id": "sample_014_0026_000026",
            "annotations": []
        },
        {
            "sentence": "데이터 접근 로그는 감사(audit) 목적으로 암호화되어 저장되며 관리자 허가가 필요합니다.",
            "id": "sample_014_0026_000027",
            "annotations": []
        },
        {
            "sentence": "참조 무결성: 학생ID S******026는 외래키로 course_enrollment 테이블에 참조됩니다.",
            "id": "sample_014_0026_000028",
            "annotations": [
                {
                    "word": "S******026",
                    "start": 13,
                    "end": 23,
                    "label": "개인정보"
                }
            ]
        },
        {
            "sentence": "미성년자 보호: 2010년생 학습자(출생연도: 2010)는 보호자 동의와 최소정보 원칙을 문서 상에 명확히 기록합니다.",
            "id": "sample_014_0026_000029",
            "annotations": [
                {
                    "word": "2010",
                    "start": 9,
                    "end": 13,
                    "label": "준식별자"
                },
                {
                    "word": "2010",
                    "start": 26,
                    "end": 30,
                    "label": "준식별자"
                }
            ]
        },
        {
            "sentence": "권고사항: PII는 토큰화·마스킹 후 로그에 저장하고, 민감 데이터는 역할 기반 접근 제어(RBAC)로 제한할 것을 권고합니다.",
            "id": "sample_014_0026_000030",
            "annotations": []
        }
    ]
}