{
    "document_id": "014_0022",
    "document_title": "성적증명서 및 교육기록 요약 (샘플)",
    "data": [
        {
            "sentence": "가상의 교육기관 '서울가상교육원'의 공식 성적증명서 샘플 문서입니다.",
            "id": "sample_014_0022_000001",
            "annotations": []
        },
        {
            "sentence": "문서 ID는 014_0022이며 발급일은 2025-06-30으로 표기되어 있습니다.",
            "id": "sample_014_0022_000002",
            "annotations": []
        },
        {
            "sentence": "본 문서는 학습분석 및 기록관리 용도의 샘플이며 실제 개인식별정보는 가명화되어 처리됩니다.",
            "id": "sample_014_0022_000003",
            "annotations": []
        },
        {
            "sentence": "학생ID(가명): [TOKEN_STU_014_0001], 소속기관ID: INST-014로 메타데이터에 기재되어 있습니다.",
            "id": "sample_014_0022_000004",
            "annotations": [
                {
                    "word": "[TOKEN_STU_014_0001]",
                    "start": 10,
                    "end": 30,
                    "label": "개인정보"
                }
            ]
        },
        {
            "sentence": "학생 성명(가명): 전강호, 생년월일: 2006-05-12, 성별: 남으로 학적기록에 요약되어 있습니다.",
            "id": "sample_014_0022_000005",
            "annotations": [
                {
                    "word": "전강호",
                    "start": 11,
                    "end": 14,
                    "label": "개인정보"
                },
                {
                    "word": "2006",
                    "start": 22,
                    "end": 26,
                    "label": "준식별자"
                },
                {
                    "word": "05",
                    "start": 27,
                    "end": 29,
                    "label": "준식별자"
                },
                {
                    "word": "12",
                    "start": 30,
                    "end": 32,
                    "label": "준식별자"
                },
                {
                    "word": "남",
                    "start": 38,
                    "end": 39,
                    "label": "준식별자"
                }
            ]
        },
        {
            "sentence": "본 샘플은 미성년자 데이터의 법적·윤리적 모사를 포함하므로 보호자 동의 절차를 명시합니다.",
            "id": "sample_014_0022_000006",
            "annotations": []
        },
        {
            "sentence": "보호자 성명(가명): 우단비, 연락처(가명): [MASKED_PHONE_010-****-1234], 이메일(가명): [MASKED_EMAIL_guardian1@masked.edu].",
            "id": "sample_014_0022_000007",
            "annotations": [
                {
                    "word": "우단비",
                    "start": 12,
                    "end": 15,
                    "label": "개인정보"
                },
                {
                    "word": "[MASKED_PHONE_010-****-1234]",
                    "start": 26,
                    "end": 54,
                    "label": "개인정보"
                },
                {
                    "word": "[MASKED_EMAIL_guardian1@masked.edu]",
                    "start": 65,
                    "end": 100,
                    "label": "개인정보"
                }
            ]
        },
        {
            "sentence": "입학일(등록일): 2023-09-01, 등록상태: 재학이며 학기별 수강이력으로 보존됩니다.",
            "id": "sample_014_0022_000008",
            "annotations": [
                {
                    "word": "2023",
                    "start": 10,
                    "end": 14,
                    "label": "준식별자"
                },
                {
                    "word": "09",
                    "start": 15,
                    "end": 17,
                    "label": "준식별자"
                },
                {
                    "word": "01",
                    "start": 18,
                    "end": 20,
                    "label": "준식별자"
                }
            ]
        },
        {
            "sentence": "프로그램명: 디지털교육학과, 과정코드: DIG-301, 교과목명: 교육데이터분석, 학기표기: 2024-1, 학점: 3입니다.",
            "id": "sample_014_0022_000009",
            "annotations": []
        },
        {
            "sentence": "성적 요약: 학기 성적 A0, 등급체계는 A+부터 F까지의 표준 등급스케일을 따릅니다.",
            "id": "sample_014_0022_000010",
            "annotations": []
        },
        {
            "sentence": "공식 전자성적표(transcript)는 암호화 저장되며 접근제어 메타데이터에 접근권한 레벨을 명시합니다.",
            "id": "sample_014_0022_000011",
            "annotations": []
        },
        {
            "sentence": "출결기록 요약: 총 수업일수 30일 중 출석 28일, 결석 2일로 기록되어 학습지속성 분석에 활용됩니다.",
            "id": "sample_014_0022_000012",
            "annotations": []
        },
        {
            "sentence": "평가 점수 예시: 중간고사 88점, 기말고사 92점, 과제 합계 180점이며 평가유형은 중첩형으로 저장됩니다.",
            "id": "sample_014_0022_000013",
            "annotations": []
        },
        {
            "sentence": "담당교원ID: [TOKEN_TCH_014_1001], 담당교원명: 송창희, 교원 자격증 및 근무기록은 교원관리 시스템에 연계됩니다.",
            "id": "sample_014_0022_000014",
            "annotations": [
                {
                    "word": "[TOKEN_TCH_014_1001]",
                    "start": 8,
                    "end": 28,
                    "label": "개인정보"
                },
                {
                    "word": "송창희",
                    "start": 37,
                    "end": 40,
                    "label": "개인정보"
                }
            ]
        },
        {
            "sentence": "학습목표는 '학습데이터 처리원리 이해'와 'xAPI 이벤트 매핑 설계 능력 습득'으로 구체화되어 있습니다.",
            "id": "sample_014_0022_000015",
            "annotations": []
        },
        {
            "sentence": "강의계획서 URL 예시: https://lms.example.edu/syllabus/DIG-301이며 접속은 TLS로 보호됩니다.",
            "id": "sample_014_0022_000016",
            "annotations": []
        },
        {
            "sentence": "콘텐츠 메타데이터는 SCORM 1.2 패키지 레퍼런스, xAPI actor/object 명세, IMS LTI 1.3 연동 메타데이터를 포함합니다.",
            "id": "sample_014_0022_000017",
            "annotations": []
        },
        {
            "sentence": "메타데이터에는 WCAG 준수 여부, 접근성 태그, MIME 유형 및 버전 정보가 명시되어 있습니다.",
            "id": "sample_014_0022_000018",
            "annotations": []
        },
        {
            "sentence": "LMS 이벤트 로그 샘플: event_type=page_view, user=[TOKEN_STU_014_0001], timestamp=2024-10-15T09:12:34Z, duration=120.",
            "id": "sample_014_0022_000019",
            "annotations": [
                {
                    "word": "[TOKEN_STU_014_0001]",
                    "start": 42,
                    "end": 62,
                    "label": "개인정보"
                }
            ]
        },
        {
            "sentence": "실시간 로그는 스트리밍 처리로 고빈도 이벤트를 버퍼링하고 별도 파티셔닝하여 저장합니다.",
            "id": "sample_014_0022_000020",
            "annotations": []
        },
        {
            "sentence": "장학금 정보 예시: 장학명 '장학플러스', 장학ID: SCH-2024-077, 장학금액은 장학관리 시스템과 연동됩니다.",
            "id": "sample_014_0022_000021",
            "annotations": []
        },
        {
            "sentence": "수업료 청구서(샘플): 발행일 2025-06-01, 총액 1,200,000원, 계좌번호: ****-****-6789(가명화) 및 납부기한을 포함합니다.",
            "id": "sample_014_0022_000022",
            "annotations": [
                {
                    "word": "****-****-6789",
                    "start": 50,
                    "end": 64,
                    "label": "기밀정보"
                }
            ]
        },
        {
            "sentence": "인증 문서 참조: 외부 인증기관 심사보고서 및 내부 감사번호: [CONFIDENTIAL_ACC_2024]가 연계되어 있습니다.",
            "id": "sample_014_0022_000023",
            "annotations": [
                {
                    "word": "[CONFIDENTIAL_ACC_2024]",
                    "start": 35,
                    "end": 58,
                    "label": "기밀정보"
                }
            ]
        },
        {
            "sentence": "데이터 전송은 HTTPS/TLS로 보호되며 저장소는 암호화-at-rest를 적용하여 접근제어를 시행합니다.",
            "id": "sample_014_0022_000024",
            "annotations": []
        },
        {
            "sentence": "상담 및 건강 관련 민감데이터는 별도 보안 구획으로 분리하여 보관하고 심사 절차를 통해 접근을 허용합니다.",
            "id": "sample_014_0022_000025",
            "annotations": []
        },
        {
            "sentence": "데이터 보존기간 및 파기정책은 기관 규정과 관련 법규에 따라 시행되며 파기 로그를 감사용으로 보관합니다.",
            "id": "sample_014_0022_000026",
            "annotations": []
        },
        {
            "sentence": "재식별 위험 완화를 위해 준식별자 조합 노출을 최소화하고 k-익명성 및 리스크 평가를 정기적으로 수행합니다.",
            "id": "sample_014_0022_000027",
            "annotations": []
        },
        {
            "sentence": "문의 및 개인정보 열람 요청은 기관식별번호 INST-014의 개인정보담당자에게 서면으로 제출해 주시기 바랍니다.",
            "id": "sample_014_0022_000028",
            "annotations": []
        }
    ]
}