{
    "document_id": "014_0077",
    "document_title": "학습자 성적 및 학사기록 통합보고서",
    "data": [
        {
            "sentence": "본 문서는 가상 기관 '미래학습원 교육지원센터'에서 발행한 학습자 성적 및 학사기록 통합보고서의 샘플입니다.",
            "id": "sample_014_0077_000001",
            "annotations": []
        },
        {
            "sentence": "문서는 학사기록, 성적증명, 출결기록, LMS 로그, 콘텐츠 메타데이터 및 관련 운영·거버넌스 정보를 통합하여 기술합니다.",
            "id": "sample_014_0077_000002",
            "annotations": []
        },
        {
            "sentence": "기관식별자(INSTITUTION_ID)는 INST-014로 표기되며, 본 문서는 기관 내부 포맷을 모사한 가상 예시입니다.",
            "id": "sample_014_0077_000003",
            "annotations": []
        },
        {
            "sentence": "학생 기본정보: 학생명: 오주온, 학번: SID-014-0001, 이메일: student_014@masked.edu.",
            "id": "sample_014_0077_000004",
            "annotations": [
                {
                    "word": "오주온",
                    "start": 14,
                    "end": 17,
                    "label": "개인정보"
                },
                {
                    "word": "SID-014-0001",
                    "start": 23,
                    "end": 35,
                    "label": "개인정보"
                },
                {
                    "word": "student_014@masked.edu",
                    "start": 42,
                    "end": 64,
                    "label": "개인정보"
                }
            ]
        },
        {
            "sentence": "생년월일 및 준식별자: 생년월일: 2008-05-12, 성별: 여성, 거주지(시단위): 서울특별시.",
            "id": "sample_014_0077_000005",
            "annotations": [
                {
                    "word": "2008-05-12",
                    "start": 19,
                    "end": 29,
                    "label": "준식별자"
                },
                {
                    "word": "여성",
                    "start": 35,
                    "end": 37,
                    "label": "준식별자"
                },
                {
                    "word": "서울특별시",
                    "start": 49,
                    "end": 54,
                    "label": "준식별자"
                }
            ]
        },
        {
            "sentence": "보호자 정보(미성년자 처리): 보호자명: 한윤선, 보호자 연락처(마스킹): 010-****-1234, 동의서 보관 여부가 명시됩니다.",
            "id": "sample_014_0077_000006",
            "annotations": [
                {
                    "word": "한윤선",
                    "start": 23,
                    "end": 26,
                    "label": "개인정보"
                },
                {
                    "word": "010-****-1234",
                    "start": 42,
                    "end": 55,
                    "label": "개인정보"
                }
            ]
        },
        {
            "sentence": "입학 및 등록: 입학일: 2023-03-02, 등록상태: 재학, 학적 변동은 연속적으로 추적됩니다.",
            "id": "sample_014_0077_000007",
            "annotations": [
                {
                    "word": "2023-03-02",
                    "start": 14,
                    "end": 24,
                    "label": "준식별자"
                }
            ]
        },
        {
            "sentence": "프로그램 및 교과목 정보: 프로그램명: 디지털교육학과, 과목코드: EDU-101, 과목명: 학습과학의기초, 담당학년: 1학년.",
            "id": "sample_014_0077_000008",
            "annotations": []
        },
        {
            "sentence": "학사학기 정보: 학기표기: 2024-1, 이수학점: 3.0, 성적연계는 학기별로 정합성을 유지합니다.",
            "id": "sample_014_0077_000009",
            "annotations": []
        },
        {
            "sentence": "성적요약: 평점(GPA): 3.8, 등급체계: 4.5 만점 환산표가 별도 메타데이터로 제공됩니다.",
            "id": "sample_014_0077_000010",
            "annotations": []
        },
        {
            "sentence": "성적증명서 메타: 성적표 발급일: 2025-06-15T10:00:00Z, 발급형식: 전자문서(PDF), 전자서명 포함.",
            "id": "sample_014_0077_000011",
            "annotations": [
                {
                    "word": "2025-06-15T10:00:00Z",
                    "start": 19,
                    "end": 39,
                    "label": "준식별자"
                }
            ]
        },
        {
            "sentence": "출결 요약: 총수업일수 중 결석일수: 2일, 지각 및 조퇴는 세부 로그에 타임스탬프로 기록됩니다.",
            "id": "sample_014_0077_000012",
            "annotations": []
        },
        {
            "sentence": "평가 세부: 중간고사(assessment_type: 중간고사) 점수: 85점, 기말고사 및 과제 점수는 개별 레코드로 저장됩니다.",
            "id": "sample_014_0077_000013",
            "annotations": []
        },
        {
            "sentence": "담당교원 정보: 담당교원명: 정현숙, 교원ID: TCH-202-045, 교수자 프로필은 인증된 내부 레코드와 연계됩니다.",
            "id": "sample_014_0077_000014",
            "annotations": [
                {
                    "word": "정현숙",
                    "start": 16,
                    "end": 19,
                    "label": "개인정보"
                },
                {
                    "word": "TCH-202-045",
                    "start": 27,
                    "end": 38,
                    "label": "개인정보"
                }
            ]
        },
        {
            "sentence": "학습목표 및 강의계획서: 학습목표는 Bloom taxonomy 기반으로 기술되며, syllabus URL은 접근성 메타데이터를 포함합니다: https://content.mirae.edu/syllabus/EDU-101.",
            "id": "sample_014_0077_000015",
            "annotations": []
        },
        {
            "sentence": "콘텐츠 메타데이터(SCORM/xAPI): scorm_package_id: scorm-2025-ed101, WCAG 준수 여부 및 접근성 태그가 표기됩니다.",
            "id": "sample_014_0077_000016",
            "annotations": []
        },
        {
            "sentence": "xAPI 이벤트 예시: actor: \"mailto:student_014@masked.edu\", verb: \"completed\", timestamp: 2025-05-12T14:23:45Z, result: {score:85}.",
            "id": "sample_014_0077_000017",
            "annotations": [
                {
                    "word": "student_014@masked.edu",
                    "start": 28,
                    "end": 50,
                    "label": "개인정보"
                },
                {
                    "word": "2025-05-12T14:23:45Z",
                    "start": 83,
                    "end": 103,
                    "label": "준식별자"
                }
            ]
        },
        {
            "sentence": "시스템 보안 관련(내부): LMS 내부 URL: https://lms.internal.mirae.local, 내부 서버 IP: 10.10.5.12, 해당 정보는 기밀로 처리됩니다.",
            "id": "sample_014_0077_000018",
            "annotations": [
                {
                    "word": "https://lms.internal.mirae.local",
                    "start": 27,
                    "end": 59,
                    "label": "기밀정보"
                },
                {
                    "word": "10.10.5.12",
                    "start": 71,
                    "end": 81,
                    "label": "기밀정보"
                }
            ]
        },
        {
            "sentence": "장학금 및 재정정보: 장학금 항목: 우수장학금 1,000,000원, 지급계좌(마스킹): ****-****6789, 관련 접근은 별도 권한으로 제한됩니다.",
            "id": "sample_014_0077_000019",
            "annotations": [
                {
                    "word": "****-****6789",
                    "start": 49,
                    "end": 62,
                    "label": "기밀정보"
                }
            ]
        },
        {
            "sentence": "수업료 청구 및 결제: 수업료 청구서 번호: INV-2025-00987, 결제상태: 미납, 청구서 원본은 암호화 저장됩니다.",
            "id": "sample_014_0077_000020",
            "annotations": [
                {
                    "word": "INV-2025-00987",
                    "start": 25,
                    "end": 39,
                    "label": "기밀정보"
                }
            ]
        },
        {
            "sentence": "인가·인증 문서: 인가문서 번호: ACC-2024-777, 발급처 명시 및 유효기간이 문서 메타데이터에 포함됩니다.",
            "id": "sample_014_0077_000021",
            "annotations": []
        },
        {
            "sentence": "데이터 거버넌스: 모든 PII는 전송 시 TLS(HTTPS)로 보호되며 저장 시 암호화-at-rest가 적용됩니다.",
            "id": "sample_014_0077_000022",
            "annotations": []
        },
        {
            "sentence": "미성년자 처리 원칙: 부모 동의 및 최소수집 원칙을 문서화하였으며, 동의 토큰과 관련 로그는 접근제어 대상입니다.",
            "id": "sample_014_0077_000023",
            "annotations": []
        },
        {
            "sentence": "감사 및 승인 이력: 승인자명: 안겸서, 감사참조코드: AG-2025-100, 감사 로그는 별도 보안 검토를 거칩니다.",
            "id": "sample_014_0077_000024",
            "annotations": [
                {
                    "word": "안겸서",
                    "start": 18,
                    "end": 21,
                    "label": "개인정보"
                }
            ]
        },
        {
            "sentence": "보존기간 및 파기정책: 법규에 따른 보존기간을 문서화하고 만료 후 안전 파기 절차를 적용합니다.",
            "id": "sample_014_0077_000025",
            "annotations": []
        },
        {
            "sentence": "접근성 메타데이터: 강의자료별 WCAG 준수 여부가 태그화되어 검색 및 필터링이 가능합니다.",
            "id": "sample_014_0077_000026",
            "annotations": []
        },
        {
            "sentence": "학습분석 로그 예시: 이수경로 기록: SID-014-0001 -> EDU-101 -> EDU-201, 시간당 활동 및 클릭스트림은 집계 및 익명화 절차를 거칩니다.",
            "id": "sample_014_0077_000027",
            "annotations": [
                {
                    "word": "SID-014-0001",
                    "start": 21,
                    "end": 33,
                    "label": "개인정보"
                }
            ]
        },
        {
            "sentence": "기록조회 및 문의: 기록담당자 연락처(업무용 이메일): records@masked.edu를 통해 인증된 조회 절차가 안내됩니다.",
            "id": "sample_014_0077_000028",
            "annotations": [
                {
                    "word": "records@masked.edu",
                    "start": 31,
                    "end": 49,
                    "label": "개인정보"
                }
            ]
        },
        {
            "sentence": "교수 코멘트 예시: 담당교수는 평가 의견을 기술하며 예시 문구로 '학생 오주온은 발표능력이 우수함'을 기록하였습니다.",
            "id": "sample_014_0077_000029",
            "annotations": [
                {
                    "word": "오주온",
                    "start": 40,
                    "end": 43,
                    "label": "개인정보"
                }
            ]
        },
        {
            "sentence": "결론 및 조치항목: 추가문의는 운영팀장 배인재에게 요청하시고, 민감정보 접근은 최소권한 원칙으로 처리됩니다.",
            "id": "sample_014_0077_000030",
            "annotations": [
                {
                    "word": "배인재",
                    "start": 22,
                    "end": 25,
                    "label": "개인정보"
                }
            ]
        }
    ]
}