{
    "document_id": "014_0097",
    "document_title": "가상교육원 학습기록 및 성적증명서(샘플)",
    "data": [
        {
            "sentence": "본 문서는 가상교육원(Virtual Education Institute)의 학습기록 관리와 성적증명서 샘플을 목적으로 생성되었습니다.",
            "id": "sample_014_0097_000001",
            "annotations": []
        },
        {
            "sentence": "문서는 ISO8601 타임스탬프와 교육 인터페이스 표준을 준수한 메타데이터 스키마를 포함합니다.",
            "id": "sample_014_0097_000002",
            "annotations": []
        },
        {
            "sentence": "학생 식별자(student_id)는 내부 토큰화 규칙에 따라 기록되며 본 샘플의 식별자는 S-2024-0097-001로 기재되어 있습니다.",
            "id": "sample_014_0097_000003",
            "annotations": [
                {
                    "word": "S-2024-0097-001",
                    "start": 50,
                    "end": 65,
                    "label": "개인정보"
                }
            ]
        },
        {
            "sentence": "학생 성명은 가명으로 표기되며 본 샘플의 학습자는 방환으로 기재되어 있습니다.",
            "id": "sample_014_0097_000004",
            "annotations": [
                {
                    "word": "방환",
                    "start": 28,
                    "end": 30,
                    "label": "개인정보"
                }
            ]
        },
        {
            "sentence": "생년월일은 2008-05-12로 표기하고 성별은 남으로 기록하여 준식별자 항목을 명시했습니다.",
            "id": "sample_014_0097_000005",
            "annotations": [
                {
                    "word": "2008-05-12",
                    "start": 6,
                    "end": 16,
                    "label": "준식별자"
                },
                {
                    "word": "남",
                    "start": 27,
                    "end": 28,
                    "label": "준식별자"
                }
            ]
        },
        {
            "sentence": "미성년자 처리에 따라 보호자 연락처는 마스킹되어 +82-10-****-5683로 기재되고 부모 동의 기록과 연동됩니다.",
            "id": "sample_014_0097_000006",
            "annotations": [
                {
                    "word": "+82-10-****-5683",
                    "start": 27,
                    "end": 43,
                    "label": "개인정보"
                }
            ]
        },
        {
            "sentence": "입학일(enrollment_date)은 2023-09-01로 표기하며 등록상태(enrollment_status)는 Active로 관리합니다.",
            "id": "sample_014_0097_000007",
            "annotations": []
        },
        {
            "sentence": "소속 기관 식별은 institution_id: INST-014, 프로그램명(program_name): 디지털교육학과로 명시되어 있습니다.",
            "id": "sample_014_0097_000008",
            "annotations": []
        },
        {
            "sentence": "수강 과목(course_code)은 EDU-101이며 과목명(course_title)은 기초교육학, 학기(academic_term)는 2023-Fall, 학점(credits)은 3으로 표기했습니다.",
            "id": "sample_014_0097_000009",
            "annotations": []
        },
        {
            "sentence": "해당 과목의 성적은 grade: A(우수)로 표기되며 grade_scale은 A-F 기준으로 명확히 정의되어 있습니다.",
            "id": "sample_014_0097_000010",
            "annotations": []
        },
        {
            "sentence": "성적표(transcript) 요약에는 해당 학기 취득학점, 평점 및 누적평균평점(Cumulative GPA)이 포함되어 있습니다.",
            "id": "sample_014_0097_000011",
            "annotations": []
        },
        {
            "sentence": "출결기록(attendance_records)은 수업별 출석·지각·결석 건수를 집계하여 일자별 ISO8601 타임스탬프로 보관합니다.",
            "id": "sample_014_0097_000012",
            "annotations": []
        },
        {
            "sentence": "평가점수(assessment_scores)는 중간고사 88, 기말고사 92, 과제 95로 기록되고 평가유형(assessment_type)은 중간·기말·과제로 분류됩니다.",
            "id": "sample_014_0097_000013",
            "annotations": []
        },
        {
            "sentence": "담당교원 정보는 teacher_id: T-0007, 담당교수명(teacher_name): 손승범으로 표기되어 교원 참조 무결성을 유지합니다.",
            "id": "sample_014_0097_000014",
            "annotations": [
                {
                    "word": "T-0007",
                    "start": 21,
                    "end": 27,
                    "label": "개인정보"
                },
                {
                    "word": "손승범",
                    "start": 50,
                    "end": 53,
                    "label": "개인정보"
                }
            ]
        },
        {
            "sentence": "학습목표(learning_objective)는 '기초교육학의 이론과 실습을 통해 교육 설계 능력을 배양한다'로 명시되어 있습니다.",
            "id": "sample_014_0097_000015",
            "annotations": []
        },
        {
            "sentence": "강의계획서(syllabus_url)는 https://example.edu/syllabus/EDU-101로 제공되며 WCAG 접근성 준수 여부가 메타데이터에 명시됩니다.",
            "id": "sample_014_0097_000016",
            "annotations": []
        },
        {
            "sentence": "콘텐츠 메타데이터(content_metadata)는 SCORM 2004 패키지 식별자 scorm:pkg:edu101 및 xAPI statement 형식으로 구성되어 있습니다.",
            "id": "sample_014_0097_000017",
            "annotations": []
        },
        {
            "sentence": "LMS 이벤트 로그(lms_event_log) 샘플에는 로그인, 콘텐츠수강, 퀴즈응답 등 고빈도 이벤트가 포함되며 각 이벤트는 2023-10-05T14:23:30Z 같은 ISO8601 타임스탬프를 가집니다.",
            "id": "sample_014_0097_000018",
            "annotations": []
        },
        {
            "sentence": "장학금(scholarship_info)은 학업성취장학금 1,000,000원으로 지급되었고 지급계좌는 계좌: ****-****-1234로 마스킹하여 기재합니다.",
            "id": "sample_014_0097_000019",
            "annotations": [
                {
                    "word": "계좌: ****-****-1234",
                    "start": 56,
                    "end": 74,
                    "label": "기밀정보"
                }
            ]
        },
        {
            "sentence": "수업료 고지서(tuition_invoice)는 INVOICE-2023-00097로 관리되며 결제계좌 정보는 내부 보안 규정에 따라 ****-5678로 마스킹되어 저장됩니다.",
            "id": "sample_014_0097_000020",
            "annotations": [
                {
                    "word": "INVOICE-2023-00097",
                    "start": 26,
                    "end": 44,
                    "label": "기밀정보"
                }
            ]
        },
        {
            "sentence": "인증·인가 문서(accreditation_document)는 DOC-ACC-014-2023 식별자로 관리되며 내부 심사 코멘트는 기밀정보로 분류되어 제한적 접근 권한이 적용됩니다.",
            "id": "sample_014_0097_000021",
            "annotations": [
                {
                    "word": "DOC-ACC-014-2023",
                    "start": 34,
                    "end": 50,
                    "label": "기밀정보"
                }
            ]
        },
        {
            "sentence": "모든 개인식별정보(PII)는 전송 중 TLS 및 저장 시 암호화-at-rest로 보호되며 접근 제어와 감사로그가 적용됨을 표준 운영절차로 명시합니다.",
            "id": "sample_014_0097_000022",
            "annotations": []
        },
        {
            "sentence": "미성년자 데이터는 부모 동의가 필수이며 본 샘플의 부모 동의 레코드는 CONSENT-PAR-00097 토큰으로 연계되어 있습니다.",
            "id": "sample_014_0097_000023",
            "annotations": [
                {
                    "word": "CONSENT-PAR-00097",
                    "start": 39,
                    "end": 56,
                    "label": "개인정보"
                }
            ]
        },
        {
            "sentence": "데이터 보존기간 및 안전파기 정책은 기관 규정에 따라 보존 후 암호화 삭제 절차로 이행되며 이력은 검토용으로만 사용됩니다.",
            "id": "sample_014_0097_000024",
            "annotations": []
        },
        {
            "sentence": "기록 관련 문의 및 데이터 열람 요청은 담당자 이메일 s00097@masked.example로 접수하며 요청 시 접근권한 심사를 거칩니다.",
            "id": "sample_014_0097_000025",
            "annotations": [
                {
                    "word": "s00097@masked.example",
                    "start": 30,
                    "end": 51,
                    "label": "개인정보"
                }
            ]
        },
        {
            "sentence": "본 문서는 교육 데이터 거버넌스 원칙과 상호운용성 표준을 따르는 합성 샘플이며 실제 기관 또는 개인과의 일치 가능성을 최소화하도록 가명화 및 마스킹을 적용했습니다.",
            "id": "sample_014_0097_000026",
            "annotations": []
        }
    ]
}