{
    "document_id": "014_0088",
    "document_title": "가상교육원 학습이력 및 운영기록 종합보고서",
    "data": [
        {
            "sentence": "본 문서는 가상교육원(Virtual Academy)의 학습자 이력과 운영 기록을 통합하여 보고하기 위해 작성되었습니다.",
            "id": "sample_014_0088_000001",
            "annotations": []
        },
        {
            "sentence": "기관 메타정보는 내부 식별자 INST-014-EDU로 관리되며, 내부 식별자는 기밀 취급 원칙에 따라 접근제어가 적용됩니다.",
            "id": "sample_014_0088_000002",
            "annotations": [
                {
                    "word": "INST-014-EDU",
                    "start": 16,
                    "end": 28,
                    "label": "기밀정보"
                }
            ]
        },
        {
            "sentence": "학습자 기본정보는 가명화를 적용하여 기록하며 예시 학습자는 이름 배수헌, 학번 STU-014-0001, 이메일 stu_014_0001@masked.edu로 표기됩니다.",
            "id": "sample_014_0088_000003",
            "annotations": [
                {
                    "word": "배수헌",
                    "start": 36,
                    "end": 39,
                    "label": "개인정보"
                },
                {
                    "word": "STU-014-0001",
                    "start": 44,
                    "end": 56,
                    "label": "개인정보"
                },
                {
                    "word": "stu_014_0001@masked.edu",
                    "start": 62,
                    "end": 85,
                    "label": "개인정보"
                }
            ]
        },
        {
            "sentence": "생년월일은 2008-05-12로 ISO8601 형식을 사용하여 보관하며 성별은 남, 거주지 시는 서울특별시로 최소수집 원칙을 적용하였습니다.",
            "id": "sample_014_0088_000004",
            "annotations": [
                {
                    "word": "2008-05-12",
                    "start": 6,
                    "end": 16,
                    "label": "준식별자"
                },
                {
                    "word": "남",
                    "start": 44,
                    "end": 45,
                    "label": "준식별자"
                },
                {
                    "word": "서울특별시",
                    "start": 54,
                    "end": 59,
                    "label": "준식별자"
                }
            ]
        },
        {
            "sentence": "법적 대리인(보호자) 정보는 최소한으로 기록되어 홍승범(보호자)과 연락처 010-****-1234가 전자서명 동의와 연동되어 저장됩니다.",
            "id": "sample_014_0088_000005",
            "annotations": [
                {
                    "word": "홍승범",
                    "start": 27,
                    "end": 30,
                    "label": "개인정보"
                },
                {
                    "word": "010-****-1234",
                    "start": 41,
                    "end": 54,
                    "label": "개인정보"
                }
            ]
        },
        {
            "sentence": "입학 및 등록 정보는 enrollment_date 2023-03-02T09:00:00Z, enrollment_status active로 학기별 무결성을 유지합니다.",
            "id": "sample_014_0088_000006",
            "annotations": [
                {
                    "word": "2023-03-02T09:00:00Z",
                    "start": 28,
                    "end": 48,
                    "label": "준식별자"
                }
            ]
        },
        {
            "sentence": "프로그램 명은 컴퓨터공학 예비과정이며, 대표 과목으로 course_code CS101, course_title 입문 프로그래밍, academic_term 2023-1, credits 3.0이 기재됩니다.",
            "id": "sample_014_0088_000007",
            "annotations": []
        },
        {
            "sentence": "성적은 grade A0, grade_scale A-F 체계를 사용하여 성적표(transcript)에 표준화된 메타데이터와 함께 저장됩니다.",
            "id": "sample_014_0088_000008",
            "annotations": []
        },
        {
            "sentence": "성적 데이터는 접근 통제 목적의 메타데이터(access_control: role-based)를 포함하며, 열람권한은 최소권한 원칙으로 운영됩니다.",
            "id": "sample_014_0088_000009",
            "annotations": []
        },
        {
            "sentence": "출결 기록 예시는 absence_date 2023-04-12, absence_type 병결로 기록되며 출결 데이터는 장기 추적을 위해 시계열로 보관됩니다.",
            "id": "sample_014_0088_000010",
            "annotations": [
                {
                    "word": "2023-04-12",
                    "start": 23,
                    "end": 33,
                    "label": "준식별자"
                }
            ]
        },
        {
            "sentence": "평가 항목은 assessment_type 중간고사, 과제, 퀴즈 등으로 구분되며 중간고사 점수는 78점으로 기록되었습니다.",
            "id": "sample_014_0088_000011",
            "annotations": []
        },
        {
            "sentence": "담당 교원 정보는 교원 식별자 TCHR-0099와 교원명 이강산으로 내부 인사 DB와 연동되며 교원 사번은 개인정보로 취급됩니다.",
            "id": "sample_014_0088_000012",
            "annotations": [
                {
                    "word": "TCHR-0099",
                    "start": 17,
                    "end": 26,
                    "label": "개인정보"
                },
                {
                    "word": "이강산",
                    "start": 32,
                    "end": 35,
                    "label": "개인정보"
                }
            ]
        },
        {
            "sentence": "학습상담 담당은 서유림 상담교사로 표기되며 상담 노트 접근은 추가 보안 심사를 필요로 합니다.",
            "id": "sample_014_0088_000013",
            "annotations": [
                {
                    "word": "서유림",
                    "start": 9,
                    "end": 12,
                    "label": "개인정보"
                }
            ]
        },
        {
            "sentence": "학습목표(learning_objective)는 수업당 핵심 역량 정의와 성취기준으로 구조화되어 학습분석에 사용됩니다.",
            "id": "sample_014_0088_000014",
            "annotations": []
        },
        {
            "sentence": "교수계획서 원문은 내부망 URL https://intranet.school.local/syllabus/CS101에 저장되며 내부 URL은 기밀문서로 분류됩니다.",
            "id": "sample_014_0088_000015",
            "annotations": [
                {
                    "word": "https://intranet.school.local/syllabus/CS101",
                    "start": 18,
                    "end": 62,
                    "label": "기밀정보"
                }
            ]
        },
        {
            "sentence": "콘텐츠 메타데이터는 SCORM/xAPI 표준을 따르며 패키지 식별자 xapi:package:550e8400-e29b-41d4-a716-446655440000과 WCAG 준수 여부를 포함합니다.",
            "id": "sample_014_0088_000016",
            "annotations": [
                {
                    "word": "xapi:package:550e8400-e29b-41d4-a716-446655440000",
                    "start": 38,
                    "end": 87,
                    "label": "기밀정보"
                }
            ]
        },
        {
            "sentence": "LMS 이벤트 로그 예시는 {\"actor\":\"STU-014-0001\",\"verb\":\"viewed\",\"timestamp\":\"2023-05-10T14:23:30Z\",\"object\":\"lesson/1\"} 형식으로 저장됩니다.",
            "id": "sample_014_0088_000017",
            "annotations": [
                {
                    "word": "2023-05-10T14:23:30Z",
                    "start": 68,
                    "end": 88,
                    "label": "준식별자"
                }
            ]
        },
        {
            "sentence": "평가 점수와 채점 히스토리는 audit trail을 포함하며 점수 변경은 변경자와 타임스탬프를 기록합니다.",
            "id": "sample_014_0088_000018",
            "annotations": []
        },
        {
            "sentence": "장학금 정보는 개인별 재무데이터에 해당하므로 장학금: KRW 1,200,000, 지급일 2023-03-15로 기밀 등급을 부여하여 보호합니다.",
            "id": "sample_014_0088_000019",
            "annotations": [
                {
                    "word": "KRW 1,200,000",
                    "start": 30,
                    "end": 43,
                    "label": "기밀정보"
                },
                {
                    "word": "2023-03-15",
                    "start": 49,
                    "end": 59,
                    "label": "준식별자"
                }
            ]
        },
        {
            "sentence": "수업료 청구서 예시는 Invoice ID INV-2023-0099, 계좌번호: ****-****-1234로 발행되며 계좌정보는 암호화 상태로 저장됩니다.",
            "id": "sample_014_0088_000020",
            "annotations": [
                {
                    "word": "INV-2023-0099",
                    "start": 23,
                    "end": 36,
                    "label": "기밀정보"
                },
                {
                    "word": "****-****-1234",
                    "start": 44,
                    "end": 58,
                    "label": "기밀정보"
                }
            ]
        },
        {
            "sentence": "기관 인증 관련 문서는 가상교육원 인증서 v2.1로 명시되며 발급일은 2021-12-01로 기록되어 규정된 보존기간을 준수합니다.",
            "id": "sample_014_0088_000021",
            "annotations": [
                {
                    "word": "2021-12-01",
                    "start": 39,
                    "end": 49,
                    "label": "준식별자"
                }
            ]
        },
        {
            "sentence": "모든 PII는 전송 중 TLS, 저장 시 at-rest 암호화를 적용한다고 가정하며 접근 로그와 감사 기록을 병행 유지합니다.",
            "id": "sample_014_0088_000022",
            "annotations": []
        },
        {
            "sentence": "미성년자 데이터는 보호자 동의와 연동된 최소정보만 보관하며 전자 동의 기록은 별도 감사증적을 남깁니다.",
            "id": "sample_014_0088_000023",
            "annotations": []
        },
        {
            "sentence": "데이터 보존정책은 학사 이력 5년 보존 후 안전 파기를 기본으로 하며 예외는 법령에 따라 처리됩니다.",
            "id": "sample_014_0088_000024",
            "annotations": []
        },
        {
            "sentence": "접근 제어는 역할 기반(RBAC)을 표준으로 하고 민감데이터 접근 시 다중 인증 및 승인 워크플로를 적용합니다.",
            "id": "sample_014_0088_000025",
            "annotations": []
        },
        {
            "sentence": "개인정보 관련 문의는 개인정보보호책임자 이메일 privacy_officer@masked.edu로 접수하되 회신 전 본인확인 절차를 수행합니다.",
            "id": "sample_014_0088_000026",
            "annotations": [
                {
                    "word": "privacy_officer@masked.edu",
                    "start": 26,
                    "end": 52,
                    "label": "개인정보"
                }
            ]
        },
        {
            "sentence": "학습지원 및 복지기록은 별도 보안 등급으로 분리 저장하며 접근은 사례관리팀의 심사를 통해서만 허용됩니다.",
            "id": "sample_014_0088_000027",
            "annotations": []
        },
        {
            "sentence": "발급 담당자는 교무처장 지래현, 발급일자 2023-06-30로 서명되었으며 발급자 사번 EMP-3301은 내부 확인용으로 암호화 저장됩니다.",
            "id": "sample_014_0088_000028",
            "annotations": [
                {
                    "word": "지래현",
                    "start": 13,
                    "end": 16,
                    "label": "개인정보"
                },
                {
                    "word": "EMP-3301",
                    "start": 49,
                    "end": 57,
                    "label": "개인정보"
                }
            ]
        }
    ]
}