{
    "document_id": "029_0090",
    "document_title": "IoT 장치 설치·운영·유지보수 통합 리포트",
    "data": [
        {
            "sentence": "본 문서는 사물인터넷(IoT) 센서 네트워크의 설치보고서, 텔레메트리 샘플, OTA 로그 및 유지보수(maintenance) 기록을 통합한 기술 문서입니다.",
            "id": "sample_029_0090_000001",
            "annotations": []
        },
        {
            "sentence": "텔레메트리 예제: device_id=device-AC12-FF09, message_id=msg-1a2b, timestamp=2025-01-15T08:23:45.123Z, received_at=2025-01-15T08:23:45.456Z, sensor_type=temperature, value=22.7, unit=C, firmware_version=fw_v1.4.2-rc2, hardware_id=HW-SN-7788-XL, manufacturer=AcmeSensors Inc., gateway_id=gw-core-01, protocol=MQTT, qos=1, battery_level=42, signal_strength=-72dBm, latitude=37.566535, longitude=126.977969, altitude=45.2m, geofence_id=GF-SEOUL-01, event_type=status, schema_version=v2.3, encryption=true.",
            "id": "sample_029_0090_000002",
            "annotations": [
                {
                    "word": "device-AC12-FF09",
                    "start": 20,
                    "end": 36,
                    "label": "기밀정보"
                },
                {
                    "word": "HW-SN-7788-XL",
                    "start": 222,
                    "end": 235,
                    "label": "기밀정보"
                },
                {
                    "word": "gw-core-01",
                    "start": 279,
                    "end": 289,
                    "label": "기밀정보"
                },
                {
                    "word": "GF-SEOUL-01",
                    "start": 425,
                    "end": 436,
                    "label": "준식별자"
                }
            ]
        },
        {
            "sentence": "보안 요약: device_certificate=CERT-2025-0001 (실제 인증서 내용은 노출하지 않음), 인증결과=authenticated, encryption=true, 인증서는 식별자 형태로만 기록되어 있고 private key는 디바이스에만 보관됩니다.",
            "id": "sample_029_0090_000003",
            "annotations": [
                {
                    "word": "CERT-2025-0001",
                    "start": 26,
                    "end": 40,
                    "label": "기밀정보"
                }
            ]
        },
        {
            "sentence": "Device Twin 스냅샷(device_twin_json) 요약: {\"device_id\":\"device-AC12-FF09\",\"reported\":{\"uptime_ms\":3245000,\"mac\":\"00:1A:7D:DA:71:13\",\"cpu_load\":12.4}}, 수집 시점 received_at=2025-01-15T08:23:46.000Z.",
            "id": "sample_029_0090_000004",
            "annotations": [
                {
                    "word": "00:1A:7D:DA:71:13",
                    "start": 109,
                    "end": 126,
                    "label": "기밀정보"
                }
            ]
        },
        {
            "sentence": "OTA 로그(ota_update_log): 2025-01-14T03:12:00Z에 fw_v1.4.2-rc2 배포, 서명검증=PASS, 서명자=CN=OEM-ACME, 재부팅 후 체크섬 검증 성공으로 상태=completed.",
            "id": "sample_029_0090_000005",
            "annotations": []
        },
        {
            "sentence": "유지보수 기록(maintenance_record): 2025-01-10T10:00:00Z 수행자=최민설, 작업유형=배터리 교체 및 펌웨어 검증, 교체 전 배터리 잔량=3%, 교체 후 잔량=100%, 메모=LoRaWAN 채널 재매핑 실시.",
            "id": "sample_029_0090_000006",
            "annotations": [
                {
                    "word": "최민설",
                    "start": 54,
                    "end": 57,
                    "label": "개인정보"
                }
            ]
        },
        {
            "sentence": "설치보고서(installation_report) 요약: 설치자=남유승, 설치지역(최소화)=서울특별시, 설치일=2024-12-20T14:30:00Z, 장비 위치는 최소화 옵션으로 섹터 레벨(geofence)만 저장했습니다.",
            "id": "sample_029_0090_000007",
            "annotations": [
                {
                    "word": "남유승",
                    "start": 35,
                    "end": 38,
                    "label": "개인정보"
                },
                {
                    "word": "서울특별시",
                    "start": 50,
                    "end": 55,
                    "label": "준식별자"
                }
            ]
        },
        {
            "sentence": "데이터시트(datasheet) 및 보정문서(calibration_cert)는 메타데이터 링크로 첨부하였고, 문서 요약에는 센서 정확도(±0.3°C), 해상도(0.1°C), 교정일자=2024-11-01T09:00:00Z를 포함합니다.",
            "id": "sample_029_0090_000008",
            "annotations": []
        },
        {
            "sentence": "텔레메트리 빈도 및 전송전략: 기본 보고 간격=5분, 배터리절감 모드에서는 15분, 연결 불안정 시 로컬 버퍼링(local buffer) 후 최대 4회 재전송(retry) 정책을 적용합니다.",
            "id": "sample_029_0090_000009",
            "annotations": []
        },
        {
            "sentence": "네트워크 메타데이터: protocol 변종(MQTT/CoAP/HTTP/LoRaWAN) 지원, MQTT keepalive=60s, LwM2M bootstrap 사용 가능, QoS는 토폴로지별로 0~2를 혼합 사용합니다.",
            "id": "sample_029_0090_000010",
            "annotations": []
        },
        {
            "sentence": "하드웨어 제약 및 전력관리: 배터리(리튬 이온) 설계수명 3년, 평균 전송당 에너지 소비=0.7mAh, 수면(sleep) 대기 전류=3μA, 저전력 모드 진입 조건은 battery_level<15%입니다.",
            "id": "sample_029_0090_000011",
            "annotations": []
        },
        {
            "sentence": "시계열 품질: 타임스탬프 동기화는 NTP 기반으로 이루어지며 평균 드리프트(drift)=+0.3s/일이며, 드리프트 보정은 엣지에서 주 1회 수행합니다.",
            "id": "sample_029_0090_000012",
            "annotations": []
        },
        {
            "sentence": "데이터 이상치 및 결측: 전체 수집의 2.1% 결측, 0.6% 스파이크(spike), 1.3% 저주파 드리프트(drift) 사례가 식별되었고, 이상 발생시 event_type=alarm, status=investigating로 표기합니다.",
            "id": "sample_029_0090_000013",
            "annotations": []
        },
        {
            "sentence": "예외 패턴 예시: 2025-01-12T07:05:00Z에 온도값이 갑작스러운 12°C 상승(spike)으로 기록되어 event_type=alarm으로 전환되었고, 해당 메시지는 qos=2로 재전송되었습니다.",
            "id": "sample_029_0090_000014",
            "annotations": []
        },
        {
            "sentence": "재전송 로그: 네트워크 끊김으로 인해 2025-01-11T22:00:00Z~2025-01-11T23:30:00Z 구간에서 12건의 배치 재전송(batch replay)이 발생했고 재전송률=0.45%로 집계되었습니다.",
            "id": "sample_029_0090_000015",
            "annotations": []
        },
        {
            "sentence": "시스템 메트릭: 메모리 사용률=18.2%, CPU 평균 부하=9.6%, Uptime=3,245,000ms, 헬스체크 주기=300s, heartbeat event_type=heartbeat로 수신됩니다.",
            "id": "sample_029_0090_000016",
            "annotations": []
        },
        {
            "sentence": "보안 관찰: 전송중 암호화(transport encryption)=TLS1.3 권장, 디바이스 인증은 X.509 기반이며 인증 실패 시 status=auth_failed 이벤트가 발생합니다.",
            "id": "sample_029_0090_000017",
            "annotations": []
        },
        {
            "sentence": "규제 준수: RF 적합성(예: KC 인증)은 장치별로 문서화되어 있으며, 데이터 보존 정책은 원시(raw) 텔레메트리 12개월, 집계(aggregates) 5년을 권장합니다.",
            "id": "sample_029_0090_000018",
            "annotations": []
        },
        {
            "sentence": "스키마 진화: schema_version=v2.3에서 v2.4로 마이그레이션 시 하위호환성 유지 필요, 새로운 필드는 optional로 등록하고 디폴트값을 명시합니다.",
            "id": "sample_029_0090_000019",
            "annotations": []
        },
        {
            "sentence": "장애 대응(incident) 워크플로우: event_type=alarm 수신 시 우선순위 판단, 자동 복구 시나리오 실행, 필요시 maintenance_ticket 생성 후 담당자 할당합니다.",
            "id": "sample_029_0090_000020",
            "annotations": []
        },
        {
            "sentence": "게이트웨이 운영: gateway_id=gw-core-01는 중앙 라우팅을 담당하며, 멀티캐스트 및 엣지 필터링을 수행하여 원격 대역폭을 절감합니다.",
            "id": "sample_029_0090_000021",
            "annotations": []
        },
        {
            "sentence": "로컬 엣지 전략: 데이터 압축(compression)과 로컬 집계(aggregation)를 적용해 메시지 크기 최소화, 고빈도 센서의 샘플링률은 엣지에서 동적으로 조정합니다.",
            "id": "sample_029_0090_000022",
            "annotations": []
        },
        {
            "sentence": "정비 지침: 이상 발생 비율이 특정 임계값을 초과(결측>5% 또는 스파이크>2%)할 경우 현장 점검을 권고하며, 유지보수 기록에 캘리브레이션(calibration_cert) 사본을 첨부합니다.",
            "id": "sample_029_0090_000023",
            "annotations": []
        },
        {
            "sentence": "로그 보존 및 개인정보 보호: 위치 정보는 최소화 옵션을 기본으로 하며, 상세 주소는 수집하지 않고 섹터 레벨(geofence_id) 및 익명화된 좌표만 저장하도록 권장합니다.",
            "id": "sample_029_0090_000024",
            "annotations": []
        },
        {
            "sentence": "운영권고: QoS와 전송빈도는 SLA와 비용을 고려해 설계하고, 실시간성 요구가 낮은 데이터는 배치 전송으로 전환해 비용을 절감합니다.",
            "id": "sample_029_0090_000025",
            "annotations": []
        },
        {
            "sentence": "추가 관찰: 진동(vibration) 센서의 경우 센서타입=vibration, 값단위=mm/s, 샘플링 200Hz로 고주파 이상현상(jitter)이 관찰되면 edge 필터 적용을 권장합니다.",
            "id": "sample_029_0090_000026",
            "annotations": []
        },
        {
            "sentence": "데이터 품질 리포트 예시: 전체 레코드 중 결측 2.1%, 노이즈(nosie) 레벨 평균 SNR=18.5dB, 타임스탬프 지터 평균=45ms, 재전송으로 인한 지연 평균=8.2s.",
            "id": "sample_029_0090_000027",
            "annotations": []
        },
        {
            "sentence": "운영 담당자 및 연락처는 내부 기밀로 관리되며, 외부 공개 시에는 역할(Role)만 표기하고 개인 식별자는 제거해야 합니다.",
            "id": "sample_029_0090_000028",
            "annotations": []
        },
        {
            "sentence": "정책 및 실행 항목: 1) 인증서 갱신 주기 자동화, 2) 드리프트 감지 알람 설정, 3) 로컬 버퍼 크기(최대 10MB)와 재전송 횟수(최대 4회) 표준화, 4) 위치 최소화 옵션 강제 적용.",
            "id": "sample_029_0090_000029",
            "annotations": []
        },
        {
            "sentence": "결론: 본 문서는 IoT 데이터 파이프라인 설계에 필요한 텔레메트리 예시와 운영 지침을 제공하며, 규제·보안·전력 제약을 균형 있게 고려한 실행 항목을 포함합니다.",
            "id": "sample_029_0090_000030",
            "annotations": []
        }
    ]
}