{
    "document_id": "029_0020",
    "document_title": "IoT 텔레메트리 및 디바이스 운영·보안 통합 보고서",
    "data": [
        {
            "sentence": "문서 개요: 본 문서는 산업용 및 상업용 사물인터넷(IoT) 장치의 텔레메트리와 메타데이터, 보안 로그를 통합한 데이터시트 및 운영보고서입니다.",
            "id": "sample_029_0020_000001",
            "annotations": []
        },
        {
            "sentence": "작성자는 시스템 아키텍처팀이며, 본 파일은 스키마(schema_version) 2.3을 기준으로 작성되었습니다.",
            "id": "sample_029_0020_000002",
            "annotations": []
        },
        {
            "sentence": "대상 장치 메타데이터: device_id=device-000A-7F3C, hardware_id=HW-ACME-9921, serial=SN: SNL-889233, model=ACME-Temp-2000, manufacturer=Acme IoT Corp.",
            "id": "sample_029_0020_000003",
            "annotations": [
                {
                    "word": "device-000A-7F3C",
                    "start": 23,
                    "end": 39,
                    "label": "기밀정보"
                },
                {
                    "word": "HW-ACME-9921",
                    "start": 53,
                    "end": 65,
                    "label": "기밀정보"
                },
                {
                    "word": "SN: SNL-889233",
                    "start": 74,
                    "end": 88,
                    "label": "기밀정보"
                }
            ]
        },
        {
            "sentence": "펌웨어 정보: firmware_version=1.8.4-signed, signature_key_id=fw-key-001, ota_update_log에는 서명검증 결과(sign_verify)=pass가 기록되어 있습니다.",
            "id": "sample_029_0020_000004",
            "annotations": [
                {
                    "word": "fw-key-001",
                    "start": 56,
                    "end": 66,
                    "label": "기밀정보"
                }
            ]
        },
        {
            "sentence": "보안: device_certificate_id=devcert-8f3a는 장치 등록 시 참조되는 식별자이며, 전송(encryption)=true, 인증 결과(authentication)=OK로 표기됩니다.",
            "id": "sample_029_0020_000005",
            "annotations": [
                {
                    "word": "devcert-8f3a",
                    "start": 26,
                    "end": 38,
                    "label": "기밀정보"
                }
            ]
        },
        {
            "sentence": "네트워크 메타데이터: gateway_id=gw-22-B, protocol=MQTT, qos=1, gateway_ip=10.10.20.5, mac=00:16:3e:5e:6c:00, signal_strength=-78 dBm.",
            "id": "sample_029_0020_000006",
            "annotations": [
                {
                    "word": "gw-22-B",
                    "start": 23,
                    "end": 30,
                    "label": "기밀정보"
                },
                {
                    "word": "10.10.20.5",
                    "start": 65,
                    "end": 75,
                    "label": "기밀정보"
                },
                {
                    "word": "00:16:3e:5e:6c:00",
                    "start": 81,
                    "end": 98,
                    "label": "기밀정보"
                }
            ]
        },
        {
            "sentence": "메시지 식별: message_id=msg-20260108T091527Z-0001, timestamp=2026-01-08T09:15:27.123Z, received_at=2026-01-08T09:15:29.450Z, 타임스탬프 드리프트(drift)=2.327초로 로그에 보관됩니다.",
            "id": "sample_029_0020_000007",
            "annotations": []
        },
        {
            "sentence": "텔레메트리 예시(temperature): sensor_type=temperature, value=23.7, unit=Celsius, battery_level=86%, signal_strength=-78 dBm, event_type=heartbeat, status=normal.",
            "id": "sample_029_0020_000008",
            "annotations": []
        },
        {
            "sentence": "텔레메트리 예시(humidity)에서는 일부 결측(missing) 2%, 지터(jitter) 0.7s, 드리프트(drift)=0.12로 표시되며 event_type=status, status=degraded로 기록됩니다.",
            "id": "sample_029_0020_000009",
            "annotations": []
        },
        {
            "sentence": "진동(vibration) 센서에서는 약 0.5% 스파이크(spike)가 관측되어 event_type=alarm, status=spike_detected로 경보가 발생했습니다.",
            "id": "sample_029_0020_000010",
            "annotations": []
        },
        {
            "sentence": "저전력 모드(low-power)로 인해 메시지 빈도는 10분 간격이며, 간헐적 연결에 대한 재전송 전략(retransmit)=3회가 적용됩니다.",
            "id": "sample_029_0020_000011",
            "annotations": []
        },
        {
            "sentence": "저전력·저대역폭 환경을 고려해 payload 압축과 필드셋(field-set) 제한을 적용하며 평균 메시지 크기=256B 수준으로 유지합니다.",
            "id": "sample_029_0020_000012",
            "annotations": []
        },
        {
            "sentence": "OTA 로그(ota_update_log) 요약: 시도 시각=2026-01-07T03:10:00Z, 결과=success, 롤백(revert)=false, 다운로드 분할(chunked)=true, 서명검증=pass.",
            "id": "sample_029_0020_000013",
            "annotations": []
        },
        {
            "sentence": "디바이스 트윈(device_twin_json) 스냅샷은 섀도우 상태, 구성(config), desired/reported 필드를 포함하며 요약 링크가 메타데이터로 첨부됩니다.",
            "id": "sample_029_0020_000014",
            "annotations": []
        },
        {
            "sentence": "설치·정비 기록(installation_report/maintenance_record): 담당기사=유호재, 사번=20245, 연락처=010-9876-5432, 이메일=yu.hojae@acme-iot.com, 설치 장소=서울특별시 종로구, 유지보수 점검 결과=정상(마운팅 보강 필요).",
            "id": "sample_029_0020_000015",
            "annotations": [
                {
                    "word": "유호재",
                    "start": 55,
                    "end": 58,
                    "label": "개인정보"
                },
                {
                    "word": "사번=20245",
                    "start": 60,
                    "end": 68,
                    "label": "개인정보"
                },
                {
                    "word": "010-9876-5432",
                    "start": 74,
                    "end": 87,
                    "label": "개인정보"
                },
                {
                    "word": "yu.hojae@acme-iot.com",
                    "start": 93,
                    "end": 114,
                    "label": "개인정보"
                },
                {
                    "word": "서울특별시",
                    "start": 122,
                    "end": 127,
                    "label": "준식별자"
                },
                {
                    "word": "종로구",
                    "start": 128,
                    "end": 131,
                    "label": "준식별자"
                }
            ]
        },
        {
            "sentence": "교정증명서(calibration_cert)는 CAL-2025-ACME-77로 등록되었고, 교정일=2026-01-05, 교정자ID는 내부 참조용으로 암호화되어 보관됩니다.",
            "id": "sample_029_0020_000016",
            "annotations": []
        },
        {
            "sentence": "데이터시트(datasheet) 및 설치보고서 문서 링크는 내부 저장소에 보관되며 예: https://internal.example.com/datasheet/ACME-Temp-2000.pdf.",
            "id": "sample_029_0020_000017",
            "annotations": [
                {
                    "word": "https://internal.example.com/datasheet/ACME-Temp-2000.pdf",
                    "start": 48,
                    "end": 105,
                    "label": "기밀정보"
                }
            ]
        },
        {
            "sentence": "데이터 품질 리포트에는 결측율 0.8%, 노이즈 비율 0.6%, 드리프트 발생률 0.03%가 포함되어 있으며 이상 이벤트 비율이 명시되어 있습니다.",
            "id": "sample_029_0020_000018",
            "annotations": []
        },
        {
            "sentence": "보안로그에는 키교환 로그(key_exchange)와 인증(authentication) 시도 횟수, 실패 원인(reason) 코드가 포함되며 내부 감사용으로 암호화 전송됩니다.",
            "id": "sample_029_0020_000019",
            "annotations": []
        },
        {
            "sentence": "위치정보 최소화 옵션(minimized_location=true)을 제공하며, 원본 좌표는 latitude=37.572345, longitude=126.976789, altitude=15.2m로 원시레코드에 보관됩니다.",
            "id": "sample_029_0020_000020",
            "annotations": [
                {
                    "word": "latitude=37.572345",
                    "start": 51,
                    "end": 69,
                    "label": "준식별자"
                },
                {
                    "word": "longitude=126.976789",
                    "start": 71,
                    "end": 91,
                    "label": "준식별자"
                }
            ]
        },
        {
            "sentence": "지오펜스(geofence_id)=GF-REG01이 설정되어 경계 출입 이벤트(event_type=alarm)가 자동 생성됩니다.",
            "id": "sample_029_0020_000021",
            "annotations": []
        },
        {
            "sentence": "규제 준수: RF 인증, 안전성 인증 시험성적서가 첨부되며 GDPR 관점에서 위치와 식별자는 최소화 및 익명화 정책을 적용합니다.",
            "id": "sample_029_0020_000022",
            "annotations": []
        },
        {
            "sentence": "데이터 파이프라인은 엣지(Edge)에서 선처리, 게이트웨이(Gateway)에서 집계, 클라우드(Cloud)에서 장기보관으로 설계되어 비용과 실시간성 균형을 맞춥니다.",
            "id": "sample_029_0020_000023",
            "annotations": []
        },
        {
            "sentence": "데이터 보존 정책: 원시 텔레메트리는 90일 보관, 집계 데이터는 3년 보관으로 설정되어 있으며 스키마(schema_version)=2.3의 하위호환성을 유지합니다.",
            "id": "sample_029_0020_000024",
            "annotations": []
        },
        {
            "sentence": "이상 탐지(alerting)는 엣지에서 1차 필터링 후 이상 확률>0.7인 경우 클라우드로 이벤트 전송(event_type=alarm, status=critical)됩니다.",
            "id": "sample_029_0020_000025",
            "annotations": []
        },
        {
            "sentence": "전력 관련 이벤트 예시: message_id=msg-device-000A-7F3C-00009, timestamp=2026-01-08T10:00:00Z, battery_level=12%, event_type=status, status=low_battery, 재전송_attempt=2.",
            "id": "sample_029_0020_000026",
            "annotations": []
        },
        {
            "sentence": "게이트웨이 연결 패턴은 하루 평균 연결 90%, 오프라인 평균 40분, 재접속 간격은 지수 분포를 따르는 것으로 시뮬레이션되어 있습니다.",
            "id": "sample_029_0020_000027",
            "annotations": []
        },
        {
            "sentence": "백엔드 수집 서버는 내부 IP 10.10.20.5로 수집 전용 네트워크에 연결되어 있으며 접근은 VPN으로 제한됩니다.",
            "id": "sample_029_0020_000028",
            "annotations": []
        },
        {
            "sentence": "하드웨어 식별 보조정보로 MAC 주소 00:16:3e:5e:6c:00가 로그에 기록되며, 개인식별자와는 별도로 관리됩니다.",
            "id": "sample_029_0020_000029",
            "annotations": []
        },
        {
            "sentence": "결론 및 권고: 민감 정보는 암호화 및 접근제어로 보호하고 위치 최소화 옵션을 표준화하며, OTA 서명검증과 키관리 절차를 정기 감사 대상으로 지정합니다.",
            "id": "sample_029_0020_000030",
            "annotations": []
        }
    ]
}