{
    "document_id": "029_0049",
    "document_title": "빌딩 7층 IoT 온도·진동 모니터링 장치 설치 및 운영보고서",
    "data": [
        {
            "sentence": "본 문서는 빌딩 7층 사물인터넷(IoT) 온도·진동 모니터링 장비의 설치, 운영, 정비 기록과 텔레메트리 샘플을 포함한 기술 데이터시트입니다.",
            "id": "sample_029_0049_000001",
            "annotations": []
        },
        {
            "sentence": "등록된 장치(device_id)는 device-29-0049-0001이며, 하드웨어 ID(hardware_id)는 SN_29_0049_01로 기록되어 있습니다.",
            "id": "sample_029_0049_000002",
            "annotations": [
                {
                    "word": "device-29-0049-0001",
                    "start": 19,
                    "end": 38,
                    "label": "기밀정보"
                },
                {
                    "word": "SN_29_0049_01",
                    "start": 64,
                    "end": 77,
                    "label": "기밀정보"
                }
            ]
        },
        {
            "sentence": "디바이스 제조사(manufacturer)는 AcmeSensors Co., 펌웨어 버전(firmware_version)은 v1.4.2로 명시되어 있습니다.",
            "id": "sample_029_0049_000003",
            "annotations": []
        },
        {
            "sentence": "메시지 ID(message_id)는 msg-00012345이고, 이벤트 발생 시각(timestamp)은 2026-01-08T12:34:56.123Z, 시스템 수신 시점(received_at)은 2026-01-08T12:34:56.456Z입니다.",
            "id": "sample_029_0049_000004",
            "annotations": [
                {
                    "word": "msg-00012345",
                    "start": 20,
                    "end": 32,
                    "label": "기밀정보"
                }
            ]
        },
        {
            "sentence": "스키마 버전(schema_version)은 2.1이며, 센서 타입(sensor_type)은 temperature, 값(value)은 22.5, 단위(unit)은 °C로 표기됩니다.",
            "id": "sample_029_0049_000005",
            "annotations": []
        },
        {
            "sentence": "배터리 수준(battery_level)은 78%, 신호 세기(signal_strength)는 -68 dBm이며, 연결 상태는 intermittent으로 로컬 버퍼링 및 재전송이 동작합니다.",
            "id": "sample_029_0049_000006",
            "annotations": []
        },
        {
            "sentence": "게이트웨이 ID(gateway_id)는 gw-7f-0049, 프로토콜(protocol)은 MQTT, QoS(qos)는 1로 구성되어 있으며, 페이로드 제한으로 주기 조절이 적용됩니다.",
            "id": "sample_029_0049_000007",
            "annotations": [
                {
                    "word": "gw-7f-0049",
                    "start": 22,
                    "end": 32,
                    "label": "기밀정보"
                }
            ]
        },
        {
            "sentence": "GPS 위치는 latitude=37.56650, longitude=126.97800, altitude=45.0m로 기록되며 위치 최소화 옵션으로 소수점 2자리 축약을 지원합니다.",
            "id": "sample_029_0049_000008",
            "annotations": [
                {
                    "word": "37.56650",
                    "start": 17,
                    "end": 25,
                    "label": "준식별자"
                },
                {
                    "word": "126.97800",
                    "start": 37,
                    "end": 46,
                    "label": "준식별자"
                }
            ]
        },
        {
            "sentence": "지오펜스(geofence_id)는 GF_BUILDING7_FLOOR7로 설정되어 있으며 경계 이벤트는 edge에서 전처리 후 전송됩니다.",
            "id": "sample_029_0049_000009",
            "annotations": [
                {
                    "word": "GF_BUILDING7_FLOOR7",
                    "start": 19,
                    "end": 38,
                    "label": "기밀정보"
                }
            ]
        },
        {
            "sentence": "암호화(encryption)는 true로 TLS 또는 DTLS 전송을 사용하며, 인증 결과(authentication_result)는 certificate_verified로 표기됩니다.",
            "id": "sample_029_0049_000010",
            "annotations": []
        },
        {
            "sentence": "디바이스 인증서(device_certificate)는 CERT_ID_29_0049_0001로 참조 처리되며 실제 인증서 본문은 저장하지 않고 식별자 형태로 관리합니다.",
            "id": "sample_029_0049_000011",
            "annotations": [
                {
                    "word": "CERT_ID_29_0049_0001",
                    "start": 30,
                    "end": 50,
                    "label": "기밀정보"
                }
            ]
        },
        {
            "sentence": "OTA 업데이트 로그(ota_update_log): 2026-01-07T03:00:00Z 시도, target_firmware=FW_v1.5.0, fw_hash=FW_HASH_REDACTED_0001, signature_verified=true, result=success.",
            "id": "sample_029_0049_000012",
            "annotations": [
                {
                    "word": "FW_HASH_REDACTED_0001",
                    "start": 89,
                    "end": 110,
                    "label": "기밀정보"
                }
            ]
        },
        {
            "sentence": "재전송 패턴: 간헐적 연결 구간에서 평균 재전송 횟수는 2회, 최대 지연(latency)은 00:00:15.200Z이며 패킷 손실율은 0.8%로 모니터링됩니다.",
            "id": "sample_029_0049_000013",
            "annotations": []
        },
        {
            "sentence": "데이터 품질 리포트: 결측률(missing_rate)은 0.5%, 노이즈 수준은 센서별 SNR로 표기되며 드리프트(drift)는 온도 0.02°C/일로 추정됩니다.",
            "id": "sample_029_0049_000014",
            "annotations": []
        },
        {
            "sentence": "이상 사례: 2026-01-08T12:35:10.000Z에 temperature 스파이크가 감지되어 event_type=alarm, status=critical로 기록되었습니다.",
            "id": "sample_029_0049_000015",
            "annotations": []
        },
        {
            "sentence": "device_twin_json 요약: {\"reported\":{\"temperature\":22.5,\"battery\":78},\"desired\":{\"report_interval\":300}}가 디바이스 트윈 상태로 동기화되었습니다.",
            "id": "sample_029_0049_000016",
            "annotations": []
        },
        {
            "sentence": "정비 기록(maintenance_record): 2025-12-15T09:10:00Z 점검 완료, 교체부품 없음, 담당기술자: 손수향, 소요시간 00:45:00로 등록되었습니다.",
            "id": "sample_029_0049_000017",
            "annotations": [
                {
                    "word": "손수향",
                    "start": 71,
                    "end": 74,
                    "label": "개인정보"
                }
            ]
        },
        {
            "sentence": "보정 증명서(calibration_cert)는 CAL_CERT_2025_0049로 식별되며 보정 만료일은 2027-12-31T00:00:00Z입니다.",
            "id": "sample_029_0049_000018",
            "annotations": [
                {
                    "word": "CAL_CERT_2025_0049",
                    "start": 26,
                    "end": 44,
                    "label": "기밀정보"
                }
            ]
        },
        {
            "sentence": "데이터시트(datasheet)는 DS_ACME_ENV_v1.2.pdf로 참조하며 파일 요약에는 전력소비 120µA @ 1Hz 정보가 포함되어 있습니다.",
            "id": "sample_029_0049_000019",
            "annotations": [
                {
                    "word": "DS_ACME_ENV_v1.2.pdf",
                    "start": 18,
                    "end": 38,
                    "label": "기밀정보"
                }
            ]
        },
        {
            "sentence": "설치보고서(installation_report) 요약: 2025-11-01T14:20:00Z 설치 완료, 설치기사: 방효영, 라우팅은 gw-7f-0049를 통해 설정되었습니다.",
            "id": "sample_029_0049_000020",
            "annotations": [
                {
                    "word": "방효영",
                    "start": 65,
                    "end": 68,
                    "label": "개인정보"
                },
                {
                    "word": "gw-7f-0049",
                    "start": 75,
                    "end": 85,
                    "label": "기밀정보"
                }
            ]
        },
        {
            "sentence": "메시지 크기 최적화: 페이로드 압축과 필드 선택을 통해 평균 메시지 크기를 210바이트로 감소시켰습니다.",
            "id": "sample_029_0049_000021",
            "annotations": []
        },
        {
            "sentence": "보안 로그 예: 2026-01-05T22:10:05Z 인증 실패 이벤트가 발생하여 authentication_result=certificate_verify_failed로 기록되었습니다.",
            "id": "sample_029_0049_000022",
            "annotations": []
        },
        {
            "sentence": "네트워크 메타데이터에는 protocol_version, keepalive, last_will, broker_topic, mqtt_session_id 등의 필드가 포함되어 파이프라인 설계에 활용할 수 있습니다.",
            "id": "sample_029_0049_000023",
            "annotations": []
        },
        {
            "sentence": "정책 요약: 원시 텔레메트리(raw telemetry)는 2년 보존, 집계(aggregated) 데이터는 5년 보존으로 데이터 보존 정책을 적용합니다.",
            "id": "sample_029_0049_000024",
            "annotations": []
        },
        {
            "sentence": "예측 유지보수: 배터리 잔여율 기반 교체 예측일은 2026-06-15T00:00:00Z로 산정되었고 알림은 priority=high로 전송됩니다.",
            "id": "sample_029_0049_000025",
            "annotations": []
        },
        {
            "sentence": "교체 및 정비 담당자 목록에는 김준식, 전서윤이 포함되어 있으며 권한 수준 및 작업 로그가 계정과 연동되어 관리됩니다.",
            "id": "sample_029_0049_000026",
            "annotations": [
                {
                    "word": "김준식",
                    "start": 17,
                    "end": 20,
                    "label": "개인정보"
                },
                {
                    "word": "전서윤",
                    "start": 22,
                    "end": 25,
                    "label": "개인정보"
                }
            ]
        },
        {
            "sentence": "내부 식별자와 로그 샘플: hardware_id=SN_29_0049_01, device_id=device-29-0049-0001, message_id=msg-00012345가 반복 기록됩니다.",
            "id": "sample_029_0049_000027",
            "annotations": [
                {
                    "word": "SN_29_0049_01",
                    "start": 27,
                    "end": 40,
                    "label": "기밀정보"
                },
                {
                    "word": "device-29-0049-0001",
                    "start": 52,
                    "end": 71,
                    "label": "기밀정보"
                },
                {
                    "word": "msg-00012345",
                    "start": 84,
                    "end": 96,
                    "label": "기밀정보"
                }
            ]
        },
        {
            "sentence": "컴플라이언스 사항: 전송중 암호화, 디바이스 서명 및 OTA 서명 검증을 의무화하며 GDPR 및 RF 안전성 규격 준수를 명시합니다.",
            "id": "sample_029_0049_000028",
            "annotations": []
        }
    ]
}