{
    "document_id": "029_0042",
    "document_title": "IoT 엣지 디바이스 텔레메트리 및 설치·정비 보고서",
    "data": [
        {
            "sentence": "본 문서는 사물인터넷(IoT) 엣지 디바이스의 텔레메트리(telemetry), 메타데이터(metadata), OTA 로그와 유지보수 기록을 종합한 설치·정비 보고서입니다.",
            "id": "sample_029_0042_000001",
            "annotations": []
        },
        {
            "sentence": "대상 디바이스의 고유 식별자는 device_id: DEV-029-0042-0001로 내부 자산 관리에 등록되어 있습니다.",
            "id": "sample_029_0042_000002",
            "annotations": [
                {
                    "word": "DEV-029-0042-0001",
                    "start": 28,
                    "end": 45,
                    "label": "기밀정보"
                }
            ]
        },
        {
            "sentence": "하드웨어 식별자는 hardware_id: HW-42-A1B2이고 시리얼 넘버(serial_number)는 SN-00042-XY로 제조사(manufacturer)와 자산 연계가 가능합니다.",
            "id": "sample_029_0042_000003",
            "annotations": [
                {
                    "word": "HW-42-A1B2",
                    "start": 23,
                    "end": 33,
                    "label": "기밀정보"
                },
                {
                    "word": "SN-00042-XY",
                    "start": 59,
                    "end": 70,
                    "label": "기밀정보"
                }
            ]
        },
        {
            "sentence": "디바이스가 생성한 샘플 텔레메트리의 타임스탬프(timestamp)는 2026-01-08T12:34:56.789Z이며, 수집 시점(received_at)도 2026-01-08T12:34:57.105Z로 기록됩니다.",
            "id": "sample_029_0042_000004",
            "annotations": []
        },
        {
            "sentence": "메시지 식별자(message_id)는 MSG-00000042-1이고, 샘플 페이로드는 소형(compact) 포맷으로 전송되어 전송비용을 절감합니다.",
            "id": "sample_029_0042_000005",
            "annotations": []
        },
        {
            "sentence": "온도(sensor_type: temperature) 값은 23.7이고 unit은 ℃이며 schema_version은 schema_v2.1로 스키마 진화를 반영합니다.",
            "id": "sample_029_0042_000006",
            "annotations": []
        },
        {
            "sentence": "진동(sensor_type: vibration) 텔레메트리에서는 간헐적 지터(jitter)와 스파이크(spike)가 0.7% 비율로 발생해 event_type: alarm이 생성되었습니다.",
            "id": "sample_029_0042_000007",
            "annotations": []
        },
        {
            "sentence": "배터리 레벨(battery_level)은 18%로 저전력 모드에 진입 권고가 발생했고 event_type은 status:battery_low로 상태가 표기됩니다.",
            "id": "sample_029_0042_000008",
            "annotations": []
        },
        {
            "sentence": "무선 신호 세기(signal_strength)는 -87 dBm이며 전송 QoS는 qos=1, 프로토콜(protocol)은 MQTT로 설정되어 재전송 전략이 적용됩니다.",
            "id": "sample_029_0042_000009",
            "annotations": []
        },
        {
            "sentence": "디바이스의 위치는 위도(latitude) 37.4979, 경도(longitude) 127.0276, 고도(altitude) 45.3m로 기록되며 행정구역 표기는 서울특별시 강남구로 요약 저장 옵션을 제공합니다.",
            "id": "sample_029_0042_000010",
            "annotations": [
                {
                    "word": "서울특별시 강남구",
                    "start": 90,
                    "end": 99,
                    "label": "준식별자"
                }
            ]
        },
        {
            "sentence": "지오펜스(geofence_id)는 GEO-FENCE-1001로 자산 추적 룰과 연동되어 출입 이벤트를 생성합니다.",
            "id": "sample_029_0042_000011",
            "annotations": [
                {
                    "word": "GEO-FENCE-1001",
                    "start": 19,
                    "end": 33,
                    "label": "기밀정보"
                }
            ]
        },
        {
            "sentence": "엣지 게이트웨이 정보는 gateway_id: GW-EDGE-100이고 내부 네트워크 접속용 IP는 10.0.3.21로 관리됩니다.",
            "id": "sample_029_0042_000012",
            "annotations": [
                {
                    "word": "10.0.3.21",
                    "start": 55,
                    "end": 64,
                    "label": "기밀정보"
                }
            ]
        },
        {
            "sentence": "전송중 암호화(encryption)는 true로 설정되어 있으며 디바이스 인증서(device_certificate)는 cert_id: DEVICE-CERT-00042로 참조됩니다.",
            "id": "sample_029_0042_000013",
            "annotations": [
                {
                    "word": "DEVICE-CERT-00042",
                    "start": 75,
                    "end": 92,
                    "label": "기밀정보"
                }
            ]
        },
        {
            "sentence": "OTA 업데이트 로그(ota_update_log)에 따르면 firmware_version: FW-3.4.7으로 플래시 시도가 있었고 서명 검증 실패로 재시도 되어 KEYID-OTA-2026 식별자가 기록되었습니다.",
            "id": "sample_029_0042_000014",
            "annotations": [
                {
                    "word": "KEYID-OTA-2026",
                    "start": 91,
                    "end": 105,
                    "label": "기밀정보"
                }
            ]
        },
        {
            "sentence": "펌웨어 서명 검증 결과(signature_verified)는 false로 첫번째 시도에서 실패했고, 재전송 후 최종 검증 상태는 signature_verified=true로 변경되었습니다.",
            "id": "sample_029_0042_000015",
            "annotations": []
        },
        {
            "sentence": "디바이스 트윈(device_twin_json)은 소형 JSON 요약으로 reported/desired 속성을 포함하고, 메타데이터로 firmware_version, last_seen, config_hash를 기재합니다.",
            "id": "sample_029_0042_000016",
            "annotations": []
        },
        {
            "sentence": "최근 정비 기록(maintenance_record)에는 점검자: 진성열, 점검일: 2025-12-15, 조치: 배터리 교체 및 펌웨어 롤백이 상세히 기재되어 있습니다.",
            "id": "sample_029_0042_000017",
            "annotations": [
                {
                    "word": "진성열",
                    "start": 36,
                    "end": 39,
                    "label": "개인정보"
                }
            ]
        },
        {
            "sentence": "설치 보고서(installation_report)에는 설치 담당자 황동재와 검사자 류형주가 기록되어 있으며 현장 조건과 초기 캘리브레이션 결과가 포함됩니다.",
            "id": "sample_029_0042_000018",
            "annotations": [
                {
                    "word": "황동재",
                    "start": 37,
                    "end": 40,
                    "label": "개인정보"
                },
                {
                    "word": "류형주",
                    "start": 46,
                    "end": 49,
                    "label": "개인정보"
                }
            ]
        },
        {
            "sentence": "캘리브레이션 인증서(calibration_cert)는 CAL-2025-07-15-009로 등록되어 있으며 보정 계수와 측정 불확도(uncertainty)가 명시되어 있습니다.",
            "id": "sample_029_0042_000019",
            "annotations": [
                {
                    "word": "CAL-2025-07-15-009",
                    "start": 30,
                    "end": 48,
                    "label": "기밀정보"
                }
            ]
        },
        {
            "sentence": "제품 데이터시트(datasheet)는 내부 저장소 링크 internal://datasheets/HW-42로 연결되어 하드웨어 사양과 전력·통신 소비 수치가 정리되어 있습니다.",
            "id": "sample_029_0042_000020",
            "annotations": [
                {
                    "word": "internal://datasheets/HW-42",
                    "start": 31,
                    "end": 58,
                    "label": "기밀정보"
                }
            ]
        },
        {
            "sentence": "설치 보고서 요약(installation_report_summary)은 report_id: report-029-0042-01로 메타데이터화되어 문서 검색과 연계됩니다.",
            "id": "sample_029_0042_000021",
            "annotations": []
        },
        {
            "sentence": "시스템 헬스(헬스카운트) 항목에는 CPU 사용률 12.3%, 메모리 사용률 41.7%, 재부팅 횟수(reboot_count) 3, last_reboot_reason이 포함됩니다.",
            "id": "sample_029_0042_000022",
            "annotations": []
        },
        {
            "sentence": "네트워크 메타데이터에는 프로토콜 다양성(MQTT, CoAP, LoRaWAN)과 각 링크의 평균 라운드트립, QOS 별 재전송(retransmit) 정책이 기술되어 있습니다.",
            "id": "sample_029_0042_000023",
            "annotations": []
        },
        {
            "sentence": "데이터 품질 보고에서는 결측률 2.0%, 지터 비율 0.7%, 노이즈(RMS) 0.5%, 드리프트(drift) 경향 0.02°C/월을 보고하며 이상 발생 시 event_type: alarm으로 표기합니다.",
            "id": "sample_029_0042_000024",
            "annotations": []
        },
        {
            "sentence": "규제 준수(compliance) 측면에서 GDPR에 따른 위치 최소화 옵션을 제공하며 집계(aggregate) 저장소와 원시(raw) 텔레메트리의 보존 기간을 분리합니다.",
            "id": "sample_029_0042_000025",
            "annotations": []
        },
        {
            "sentence": "권장 액션 항목으로는 엣지에서의 선처리(preprocessing), 로컬 버퍼링 전략, 드리프트 보정 파이프라인 도입 및 OTA 서명 검증 강화가 제시됩니다.",
            "id": "sample_029_0042_000026",
            "annotations": []
        },
        {
            "sentence": "로그 샘플에는 동일 message_id(MSG-00000042-1)의 재전송(retransmit_count=2) 기록과 수집된 received_at 타임스탬프들이 포함되어 동기화 정책 검토가 가능합니다.",
            "id": "sample_029_0042_000027",
            "annotations": []
        },
        {
            "sentence": "결론적으로 본 문서는 디바이스 식별, 보안 상태(encryption=true), OTA 로그, 유지보수 기록을 통합해 운영자와 개발팀이 즉시 활용할 수 있는 형식으로 제공됩니다.",
            "id": "sample_029_0042_000028",
            "annotations": []
        }
    ]
}