{
    "document_id": "029_0076",
    "document_title": "IoT 장치 텔레메트리·보안·유지보수 종합 리포트",
    "data": [
        {
            "sentence": "본 문서는 사물인터넷(IoT) 장치의 텔레메트리(telemetry), 보안(security), OTA 및 유지보수 기록을 통합하여 제공하는 종합 리포트입니다.",
            "id": "sample_029_0076_000001",
            "annotations": []
        },
        {
            "sentence": "대상 장치 개요: device_id=device-029-7A4B, hardware_id=HW-029-001A, serial=SN-00076-9F, manufacturer=AcmeSensors Co., model=AS-HTV-02, firmware_version=fw-1.4.3; 등록일 2026-01-05T02:10:00.000Z.",
            "id": "sample_029_0076_000002",
            "annotations": [
                {
                    "word": "device-029-7A4B",
                    "start": 20,
                    "end": 35,
                    "label": "기밀정보"
                },
                {
                    "word": "HW-029-001A",
                    "start": 49,
                    "end": 60,
                    "label": "기밀정보"
                },
                {
                    "word": "SN-00076-9F",
                    "start": 69,
                    "end": 80,
                    "label": "기밀정보"
                }
            ]
        },
        {
            "sentence": "설치(installation_report)는 inst_report_029_v1.pdf로 첨부되어 있으며, 설치 엔지니어 김순우가 2026-01-06T08:45:00.000Z에 커미셔닝을 완료했습니다.",
            "id": "sample_029_0076_000003",
            "annotations": [
                {
                    "word": "김순우",
                    "start": 67,
                    "end": 70,
                    "label": "개인정보"
                }
            ]
        },
        {
            "sentence": "예시 텔레메트리(MQTT): timestamp=2026-01-08T10:12:30.000Z, received_at=2026-01-08T10:12:31.200Z, message_id=msg-029-000123, sensor_type=temperature, value=22.7, unit=C, battery_level=82, signal_strength=-67dBm, protocol=MQTT, qos=1, gateway_id=gw-029-01.",
            "id": "sample_029_0076_000004",
            "annotations": [
                {
                    "word": "msg-029-000123",
                    "start": 101,
                    "end": 115,
                    "label": "기밀정보"
                },
                {
                    "word": "gw-029-01",
                    "start": 237,
                    "end": 246,
                    "label": "기밀정보"
                }
            ]
        },
        {
            "sentence": "진동(vibration) 샘플: timestamp=2026-01-08T10:12:40.000Z, sensor_type=vibration, value=3.2, unit=mm/s, event_type=alarm, status=spike_detected, note=short high-frequency spike, received_at=2026-01-08T10:12:41.150Z.",
            "id": "sample_029_0076_000005",
            "annotations": []
        },
        {
            "sentence": "장치는 저전력 모드로 간헐적 연결(intermittent connectivity)을 사용하며, 재전송 패턴이 관찰되어 retransmit_count=3, last_retx_at=2026-01-08T09:58:12.000Z, battery_level 추적에서 20% 이하 시 전송 빈도 저감이 적용됩니다.",
            "id": "sample_029_0076_000006",
            "annotations": []
        },
        {
            "sentence": "OTA 로그(ota_update_log): 2026-01-07T03:00:00.000Z에 fw-1.4.2 → fw-1.4.3로 업데이트 시도, signature=failure 후 재시도 성공, firmware_signature=SIG-2025-OTA-029, rollback_strategy=enabled.",
            "id": "sample_029_0076_000007",
            "annotations": [
                {
                    "word": "SIG-2025-OTA-029",
                    "start": 127,
                    "end": 143,
                    "label": "기밀정보"
                }
            ]
        },
        {
            "sentence": "보안: device_certificate=device_cert_id:CERT-029-DEV-AB12로 참조되며 TLS 연결 중 encryption=true, auth_result=passed, 인증서 원문은 식별자(reference)만 표기하여 실제 값을 노출하지 않습니다.",
            "id": "sample_029_0076_000008",
            "annotations": [
                {
                    "word": "CERT-029-DEV-AB12",
                    "start": 38,
                    "end": 55,
                    "label": "기밀정보"
                }
            ]
        },
        {
            "sentence": "Device Twin (device_twin_json) 요약: twin_id=twin-029-7, desired/reported state 동기화 상태=converged, last_sync=2026-01-08T09:00:00.000Z, twin 메타데이터는 내부 식별자만 표기합니다.",
            "id": "sample_029_0076_000009",
            "annotations": [
                {
                    "word": "twin-029-7",
                    "start": 43,
                    "end": 53,
                    "label": "기밀정보"
                }
            ]
        },
        {
            "sentence": "교정(certification) 기록: calibration_cert=CAL-2024-029, calibrated_at=2024-11-15T12:00:00.000Z, 기준(traceable) 표준 참조 및 유효기간 24개월로 명시되어 있습니다.",
            "id": "sample_029_0076_000010",
            "annotations": [
                {
                    "word": "CAL-2024-029",
                    "start": 39,
                    "end": 51,
                    "label": "기밀정보"
                }
            ]
        },
        {
            "sentence": "데이터시트(datasheet) 및 설치보고서(installation_report)는 메타데이터 링크로 포함되어 있으며, 파일 크기 최적화 및 요약(summary)을 통해 저대역폭 환경에 맞춘 정보만 전송합니다.",
            "id": "sample_029_0076_000011",
            "annotations": []
        },
        {
            "sentence": "위치 최소화 옵션: 기본은 지오펜스(geofence_id=GEOF-29-37) 기반 익명화이며, 약식 좌표(latitude=37.5665, longitude=126.9780, altitude=15.0)도 필요시 반올림하여 전송할 수 있습니다.",
            "id": "sample_029_0076_000012",
            "annotations": [
                {
                    "word": "GEOF-29-37",
                    "start": 32,
                    "end": 42,
                    "label": "준식별자"
                },
                {
                    "word": "37.5665",
                    "start": 69,
                    "end": 76,
                    "label": "준식별자"
                },
                {
                    "word": "126.9780",
                    "start": 88,
                    "end": 96,
                    "label": "준식별자"
                }
            ]
        },
        {
            "sentence": "주기적 하트비트(heartbeat): event_type=heartbeat, timestamp=2026-01-08T10:15:00.000Z, message_id=msg-029-000456, status=ok, uptime_seconds=172800, received_at=2026-01-08T10:15:00.500Z.",
            "id": "sample_029_0076_000013",
            "annotations": [
                {
                    "word": "msg-029-000456",
                    "start": 90,
                    "end": 104,
                    "label": "기밀정보"
                }
            ]
        },
        {
            "sentence": "정비(maintenance_record) 로그: record_id=MR-2026-076, performed_by=나상혁, performed_at=2026-01-07T13:30:00.000Z, 노트=배터리 교체(80%→100%), 내부 구성 파일=/opt/iot/config/029/device.conf 참조.",
            "id": "sample_029_0076_000014",
            "annotations": [
                {
                    "word": "나상혁",
                    "start": 63,
                    "end": 66,
                    "label": "개인정보"
                },
                {
                    "word": "/opt/iot/config/029/device.conf",
                    "start": 137,
                    "end": 168,
                    "label": "기밀정보"
                }
            ]
        },
        {
            "sentence": "키 교환 및 인증 로그: key_exchange=ECDH, encryption=true, cert_validation=ok, key_material은 저장하지 않으며 필요시 식별자만 기록하여 보안 유출을 방지합니다.",
            "id": "sample_029_0076_000015",
            "annotations": []
        },
        {
            "sentence": "네트워크 메타데이터: protocol=LoRaWAN, uplink_rx=124, downlink_tx=8, qos=0(서브세션), gateway_id=gw-029-01, rssi=-120~ -85dBm 범위 관찰, snr 평균=7.2dB.",
            "id": "sample_029_0076_000016",
            "annotations": []
        },
        {
            "sentence": "신호 통계(signal_strength)에서 jitter와 드리프트가 감지되어 rssi_std=3.4dB, spike_ratio=0.6% 보고, 이상탐지 시 event_type=status 알람과 함께 상태 필드(status=degraded)를 기록합니다.",
            "id": "sample_029_0076_000017",
            "annotations": []
        },
        {
            "sentence": "타임스탬프 정확성(time sync) 관리: 장치별 clock_drift_ms=+450ms 평균, drift_correction_applied=true, last_ntp_sync=2026-01-08T02:00:00.000Z, received_at 포함으로 동기화 보정이 가능합니다.",
            "id": "sample_029_0076_000018",
            "annotations": []
        },
        {
            "sentence": "데이터 품질(data quality) 요약: 결측률=0.8%, 노이즈 비율=1.5%, 드리프트 비율=0.2%, 스파이크(spike) 비율=0.6%로 이상 발생 시 event_type=alarm 및 status=investigating로 표기합니다.",
            "id": "sample_029_0076_000019",
            "annotations": []
        },
        {
            "sentence": "로컬 버퍼링·재전송 전략: buffer_size=512KB(최대), retransmit_count_limit=5, backoff_strategy=exponential, last_sent_at=2026-01-08T09:58:12.000Z, received_at=2026-01-08T09:58:12.800Z.",
            "id": "sample_029_0076_000020",
            "annotations": []
        },
        {
            "sentence": "라이프사이클: last_boot=2026-01-01T00:00:10.000Z, reboot_count=2(지난 30일 기준), boot_reason=power_cycle, 관련 메시지(message_id=msg-029-000789)는 로그 보존 정책에 따라 90일 유지됩니다.",
            "id": "sample_029_0076_000021",
            "annotations": [
                {
                    "word": "msg-029-000789",
                    "start": 114,
                    "end": 128,
                    "label": "기밀정보"
                }
            ]
        },
        {
            "sentence": "규제 및 인증: RF 인증과 안전성 문서가 datasheet 및 calibration_cert에 링크되어 있으며, 규정 준수 상태는 RF_compliance=IEC-2019-RT 및 calibration_cert 만료일을 연동하여 확인합니다.",
            "id": "sample_029_0076_000022",
            "annotations": []
        },
        {
            "sentence": "권장 조치(action items): 배터리 20% 미만 장치의 정비 스케줄 예약, 재전송 과다 장치는 게이트웨이 설정 최적화 및 펌웨어 패치 권고, 모든 변경 로그는 OTA 로그와 연계하여 기록합니다.",
            "id": "sample_029_0076_000023",
            "annotations": []
        },
        {
            "sentence": "데이터 보존 정책: 원시 텔레메트리는 90일, 집계 데이터는 5년 보존으로 설정되어 있으며 위치 정보는 최소화 옵션을 기본적으로 적용합니다.",
            "id": "sample_029_0076_000024",
            "annotations": []
        },
        {
            "sentence": "연락 및 책임자: 시스템 운영 책임자 홍이안(lead operator)은 정기 보고와 비상 연락체계의 최종 승인자이며 문서화된 유지보수 계획에 서명합니다.",
            "id": "sample_029_0076_000025",
            "annotations": [
                {
                    "word": "홍이안",
                    "start": 21,
                    "end": 24,
                    "label": "개인정보"
                }
            ]
        },
        {
            "sentence": "부록(appendix): 첨부파일 목록 - installation_report(inst_report_029_v1.pdf), datasheet(AS-HTV-02-datasheet.pdf), ota_update_log(ota_log_029.csv), maintenance_record(MR-2026-076.json).",
            "id": "sample_029_0076_000026",
            "annotations": []
        }
    ]
}