﻿word,document,sentence,label
유민성,029_0001,sample_029_0001_000020,개인정보
EMP-1023,029_0001,sample_029_0001_000020,개인정보
yuminseong@iotco.kr,029_0001,sample_029_0001_000020,개인정보
서울특별시,029_0001,sample_029_0001_000019,준식별자
강남구,029_0001,sample_029_0001_000019,준식별자
10.10.20.5,029_0001,sample_029_0001_000010,기밀정보
vpn.corp.internal,029_0001,sample_029_0001_000010,기밀정보
CERT-2026-0001,029_0001,sample_029_0001_000011,기밀정보
HW-SN-00019823,029_0001,sample_029_0001_000003,기밀정보
192.168.100.7,029_0001,sample_029_0001_000009,기밀정보
https://docs.iotco.internal/datasheet/HW-198,029_0001,sample_029_0001_000022,기밀정보
SN-48A3B2C1,029_0002,sample_029_0002_000003,기밀정보
GW-CORE-01,029_0002,sample_029_0002_000004,기밀정보
10.0.3.45,029_0002,sample_029_0002_000004,기밀정보
dev-cert-7f3a2b,029_0002,sample_029_0002_000010,기밀정보
GF-warehouse-7,029_0002,sample_029_0002_000011,기밀정보
나훈,029_0002,sample_029_0002_000012,개인정보
강수영,029_0002,sample_029_0002_000013,개인정보
강가빈,029_0002,sample_029_0002_000014,개인정보
Seoul,029_0002,sample_029_0002_000014,준식별자
Jongno-gu,029_0002,sample_029_0002_000014,준식별자
GF-warehouse-7,029_0002,sample_029_0002_000015,기밀정보
TICKET-20260108-452,029_0002,sample_029_0002_000020,기밀정보
/var/log/iot/device/device-029-0002/logs/2026-01-08.log,029_0002,sample_029_0002_000020,기밀정보
10.0.3.45,029_0002,sample_029_0002_000023,기밀정보
주태현,029_0002,sample_029_0002_000026,개인정보
김도훈,029_0002,sample_029_0002_000026,개인정보
dev-cert-7f3a2b,029_0002,sample_029_0002_000028,기밀정보
37.566535,029_0003,sample_029_0003_000005,준식별자
126.977969,029_0003,sample_029_0003_000005,준식별자
dev-cert-7f3a9c,029_0003,sample_029_0003_000006,기밀정보
SN:HW-2025-998877,029_0003,sample_029_0003_000007,기밀정보
10.0.4.12,029_0003,sample_029_0003_000008,기밀정보
백주원,029_0003,sample_029_0003_000012,개인정보
강수헌,029_0003,sample_029_0003_000013,개인정보
hak_admin@example.com,029_0003,sample_029_0003_000014,개인정보
DEV-029-0004-A1,029_0004,sample_029_0004_000004,기밀정보
DEV-029-0004-A1,029_0004,sample_029_0004_000029,기밀정보
HW-29A4-SN8791,029_0004,sample_029_0004_000004,기밀정보
SN-8791-2025,029_0004,sample_029_0004_000004,기밀정보
FW-SIG-ecdsa-01,029_0004,sample_029_0004_000009,기밀정보
FW-SIG-ecdsa-01,029_0004,sample_029_0004_000027,기밀정보
CERT-029-20250117,029_0004,sample_029_0004_000010,기밀정보
CERT-029-20250117,029_0004,sample_029_0004_000027,기밀정보
10.10.7.45,029_0004,sample_029_0004_000012,기밀정보
00:1A:7D:DA:71:13,029_0004,sample_029_0004_000012,기밀정보
GW-EDGE-07,029_0004,sample_029_0004_000012,기밀정보
GW-EDGE-07,029_0004,sample_029_0004_000028,기밀정보
AT-9923,029_0004,sample_029_0004_000015,기밀정보
심권,029_0004,sample_029_0004_000016,개인정보
EMP-00078,029_0004,sample_029_0004_000016,개인정보
010-1234-5678,029_0004,sample_029_0004_000016,개인정보
shimkwon@example.com,029_0004,sample_029_0004_000016,개인정보
CAL-029-2025,029_0004,sample_029_0004_000017,기밀정보
https://intranet.corp.local/datasheet/DS-029-0004,029_0004,sample_029_0004_000017,기밀정보
https://intranet.corp.local/ota/logs/029/0004,029_0004,sample_029_0004_000025,기밀정보
37.5665,029_0004,sample_029_0004_000018,준식별자
126.9780,029_0004,sample_029_0004_000018,준식별자
전다영,029_0004,sample_029_0004_000029,개인정보
device-00012345,029_0005,sample_029_0005_000003,기밀정보
HW-ACME-2024-0009,029_0005,sample_029_0005_000006,기밀정보
SN-A1B2C3D4,029_0005,sample_029_0005_000006,기밀정보
gateway-22A,029_0005,sample_029_0005_000008,기밀정보
10.0.5.8,029_0005,sample_029_0005_000008,기밀정보
37.566535,029_0005,sample_029_0005_000012,준식별자
126.977969,029_0005,sample_029_0005_000012,준식별자
GEOFENCE-009,029_0005,sample_029_0005_000012,기밀정보
서울특별시,029_0005,sample_029_0005_000013,준식별자
중구,029_0005,sample_029_0005_000013,준식별자
DEV-CERT-000123,029_0005,sample_029_0005_000017,기밀정보
조필준,029_0005,sample_029_0005_000019,개인정보
CAL-2023-07-ACME-09,029_0005,sample_029_0005_000020,기밀정보
https://internal.acme.corp/datasheets/ACME-SENSOR-T100,029_0005,sample_029_0005_000021,기밀정보
00:1A:7D:DA:71:13,029_0005,sample_029_0005_000023,기밀정보
dev-029-A1B2,029_0006,sample_029_0006_000003,기밀정보
HW_SN_4F7A9C2B001,029_0006,sample_029_0006_000003,기밀정보
서울특별시,029_0006,sample_029_0006_000004,준식별자
강남구,029_0006,sample_029_0006_000004,준식별자
대치동,029_0006,sample_029_0006_000004,준식별자
"37.4979,127.0276",029_0006,sample_029_0006_000004,준식별자
손균호,029_0006,sample_029_0006_000005,개인정보
20211456,029_0006,sample_029_0006_000005,개인정보
010-1234-5678,029_0006,sample_029_0006_000005,개인정보
support@iot-corp.example.com,029_0006,sample_029_0006_000005,개인정보
곽나영,029_0006,sample_029_0006_000006,개인정보
박병현,029_0006,sample_029_0006_000007,개인정보
gw-029-01,029_0006,sample_029_0006_000008,기밀정보
10.1.5.12,029_0006,sample_029_0006_000008,기밀정보
CERT_029_9F,029_0006,sample_029_0006_000009,기밀정보
FW_SIGN_v1.2_SIG_9abf,029_0006,sample_029_0006_000010,기밀정보
CAL_CERT_029,029_0006,sample_029_0006_000015,기밀정보
우혜성,029_0006,sample_029_0006_000017,개인정보
진배종,029_0006,sample_029_0006_000019,개인정보
server-url.internal.corp,029_0006,sample_029_0006_000020,기밀정보
박치영,029_0006,sample_029_0006_000026,개인정보
KEX_7a3,029_0006,sample_029_0006_000027,기밀정보
양태호,029_0007,sample_029_0007_000006,개인정보
yangtaeho@example.com,029_0007,sample_029_0007_000006,개인정보
한민관,029_0007,sample_029_0007_000007,개인정보
latitude: 37.5665,029_0007,sample_029_0007_000012,준식별자
longitude: 126.9780,029_0007,sample_029_0007_000012,준식별자
서울특별시,029_0007,sample_029_0007_000012,준식별자
강남구,029_0007,sample_029_0007_000012,준식별자
CERT_ID_7A12,029_0007,sample_029_0007_000014,기밀정보
10.10.50.12,029_0007,sample_029_0007_000015,기밀정보
vpn.corp.internal,029_0007,sample_029_0007_000015,기밀정보
공성엽,029_0007,sample_029_0007_000017,개인정보
SN-2025-0007,029_0007,sample_029_0007_000018,기밀정보
KEX_45F,029_0007,sample_029_0007_000020,기밀정보
민호석,029_0007,sample_029_0007_000025,개인정보
나윤결,029_0007,sample_029_0007_000026,개인정보
SIGN_1A2B,029_0007,sample_029_0007_000027,기밀정보
CAL_CERT_2024_07,029_0007,sample_029_0007_000013,기밀정보
진승연,029_0007,sample_029_0007_000030,개인정보
심다겸,029_0008,sample_029_0008_000010,개인정보
simdagyeom@iot-acme.com,029_0008,sample_029_0008_000011,개인정보
서울특별시,029_0008,sample_029_0008_000014,준식별자
강남구,029_0008,sample_029_0008_000014,준식별자
CERT_DEV_029_8,029_0008,sample_029_0008_000008,기밀정보
10.128.45.12,029_0008,sample_029_0008_000012,기밀정보
SN-78A4B9,029_0008,sample_029_0008_000021,기밀정보
https://intranet.acme.local/ota,029_0008,sample_029_0008_000022,기밀정보
device-9A7C-0001,029_0009,sample_029_0009_000003,기밀정보
HW-77B2-91,029_0009,sample_029_0009_000003,기밀정보
SN-5512-AB,029_0009,sample_029_0009_000003,기밀정보
서울특별시,029_0009,sample_029_0009_000003,준식별자
성북구,029_0009,sample_029_0009_000003,준식별자
msg-00012345,029_0009,sample_029_0009_000004,기밀정보
CERT_ID_AE3F,029_0009,sample_029_0009_000006,기밀정보
주장현,029_0009,sample_029_0009_000008,개인정보
채지음,029_0009,sample_029_0009_000009,개인정보
CAL_CERT_2025_001,029_0009,sample_029_0009_000010,기밀정보
s3://internal-bucket/device-datasheets/dsc-203.pdf,029_0009,sample_029_0009_000011,기밀정보
gw-01-edge-3,029_0009,sample_029_0009_000012,기밀정보
10.0.12.45,029_0009,sample_029_0009_000012,기밀정보
안지유,029_0009,sample_029_0009_000021,개인정보
RF-CERT-2024-9987,029_0009,sample_029_0009_000022,기밀정보
twin://device-9A7C-0001/twin.json,029_0009,sample_029_0009_000023,기밀정보
서울특별시,029_0009,sample_029_0009_000021,준식별자
HW-SN-784512,029_0010,sample_029_0010_000003,기밀정보
dev-00012345,029_0010,sample_029_0010_000003,기밀정보
2026-01-08,029_0010,sample_029_0010_000003,준식별자
2026-01-08,029_0010,sample_029_0010_000004,준식별자
서울특별시,029_0010,sample_029_0010_000005,준식별자
강남구,029_0010,sample_029_0010_000005,준식별자
SIG-20260107-01,029_0010,sample_029_0010_000006,기밀정보
2026-01-07,029_0010,sample_029_0010_000006,준식별자
CERT-DEVICE-0001,029_0010,sample_029_0010_000007,기밀정보
2025-06-01,029_0010,sample_029_0010_000007,준식별자
SN-20260107-99,029_0010,sample_029_0010_000008,기밀정보
김재현,029_0010,sample_029_0010_000009,개인정보
2026-01-05,029_0010,sample_029_0010_000009,준식별자
권영조,029_0010,sample_029_0010_000010,개인정보
2025-11-20,029_0010,sample_029_0010_000010,준식별자
/internal/reports/INS-2025-12-01-001.pdf,029_0010,sample_029_0010_000011,기밀정보
2025-12-01,029_0010,sample_029_0010_000011,준식별자
2026-01-08,029_0010,sample_029_0010_000013,준식별자
10.0.32.14,029_0010,sample_029_0010_000015,기밀정보
2026-01-08,029_0010,sample_029_0010_000016,준식별자
2026-01-08,029_0010,sample_029_0010_000020,준식별자
민사랑,029_0010,sample_029_0010_000021,개인정보
2026-01-07,029_0010,sample_029_0010_000024,준식별자
임혜윤,029_0010,sample_029_0010_000027,개인정보
권지영,029_0011,sample_029_0011_000007,개인정보
CERT_ID_9A8B7C,029_0011,sample_029_0011_000009,기밀정보
10.0.32.12,029_0011,sample_029_0011_000010,기밀정보
vpn.corp.internal,029_0011,sample_029_0011_000010,기밀정보
서울특별시,029_0011,sample_029_0011_000011,준식별자
허봉수,029_0011,sample_029_0011_000015,개인정보
svc_iot_admin,029_0011,sample_029_0011_000013,기밀정보
/internal/docs/datasheet_v2.pdf,029_0011,sample_029_0011_000013,기밀정보
hbs.tech@example.com,029_0011,sample_029_0011_000021,개인정보
010-1234-5678,029_0011,sample_029_0011_000021,개인정보
mqtt://broker.corp.internal:8883,029_0011,sample_029_0011_000024,기밀정보
"서울특별시 강남구 테헤란로12길 8, 3층",029_0011,sample_029_0011_000025,개인정보
하경숙,029_0011,sample_029_0011_000025,개인정보
dev-029-0012-0001,029_0012,sample_029_0012_000004,기밀정보
hw-ACME-1000-3344,029_0012,sample_029_0012_000004,기밀정보
SN-ACME-3344-77,029_0012,sample_029_0012_000005,기밀정보
gw-099-PL-01,029_0012,sample_029_0012_000006,기밀정보
msg-20260105-000123,029_0012,sample_029_0012_000007,기밀정보
sig-029-01-AABB,029_0012,sample_029_0012_000015,기밀정보
cert-029-0012-AAAA,029_0012,sample_029_0012_000017,기밀정보
37.54321,029_0012,sample_029_0012_000020,준식별자
127.02111,029_0012,sample_029_0012_000020,준식별자
나이루,029_0012,sample_029_0012_000021,개인정보
sign-009-NAIRU,029_0012,sample_029_0012_000022,기밀정보
cert-cal-2025-ACME-01,029_0012,sample_029_0012_000023,기밀정보
s3://acme-reports/029_0012/datasheet.pdf,029_0012,sample_029_0012_000024,기밀정보
iot.acme.internal,029_0012,sample_029_0012_000025,기밀정보
private_key,029_0012,sample_029_0012_000026,기밀정보
cert-029-0012-AAAA,029_0012,sample_029_0012_000030,기밀정보
나이루,029_0012,sample_029_0012_000030,개인정보
device-9f3a-007,029_0013,sample_029_0013_000003,기밀정보
HW-43A7-1182,029_0013,sample_029_0013_000003,기밀정보
gw-003,029_0013,sample_029_0013_000011,기밀정보
192.168.10.45,029_0013,sample_029_0013_000011,기밀정보
CERT_ID_a7b9,029_0013,sample_029_0013_000013,기밀정보
FW_SIG_KID_210,029_0013,sample_029_0013_000015,기밀정보
최별,029_0013,sample_029_0013_000017,개인정보
손경철,029_0013,sample_029_0013_000018,개인정보
CAL_20260106-11,029_0013,sample_029_0013_000019,기밀정보
37.5665,029_0013,sample_029_0013_000023,준식별자
126.9780,029_0013,sample_029_0013_000023,준식별자
GEO-1001,029_0013,sample_029_0013_000024,준식별자
조연조,029_0014,sample_029_0014_000017,개인정보
device-89A1B23C,029_0014,sample_029_0014_000004,기밀정보
HW-77F3-998,029_0014,sample_029_0014_000005,기밀정보
CERT-7D3E,029_0014,sample_029_0014_000014,기밀정보
gw-3001,029_0014,sample_029_0014_000006,기밀정보
broker.internal.iot:1883,029_0014,sample_029_0014_000022,기밀정보
S/N-202501-3344,029_0014,sample_029_0014_000026,기밀정보
latitude=37.5600,029_0014,sample_029_0014_000020,준식별자
longitude=126.9800,029_0014,sample_029_0014_000020,준식별자
오희도,029_0015,sample_029_0015_000020,개인정보
010-9012-3456,029_0015,sample_029_0015_000020,개인정보
ohdo@iotcorp.local,029_0015,sample_029_0015_000020,개인정보
배동후,029_0015,sample_029_0015_000022,개인정보
서울특별시,029_0015,sample_029_0015_000022,준식별자
10.10.200.55,029_0015,sample_029_0015_000010,기밀정보
https://internal.vpn.corp.local,029_0015,sample_029_0015_000011,기밀정보
/opt/iot/config/secret.conf,029_0015,sample_029_0015_000012,기밀정보
HW-FF12-9A88,029_0015,sample_029_0015_000004,기밀정보
SN-A1B2-C3D4-5678,029_0015,sample_029_0015_000004,기밀정보
CERT-DEV-7F3A,029_0015,sample_029_0015_000006,기밀정보
DEV-0001-THERM,029_0016,sample_029_0016_000003,기밀정보
HW-DEV-0001-ACME,029_0016,sample_029_0016_000003,기밀정보
37.5665,029_0016,sample_029_0016_000003,준식별자
126.9780,029_0016,sample_029_0016_000003,준식별자
cert-2026-XYZ,029_0016,sample_029_0016_000004,기밀정보
공해찬,029_0016,sample_029_0016_000005,개인정보
gonghc@iot.local,029_0016,sample_029_0016_000005,개인정보
유하영,029_0016,sample_029_0016_000006,개인정보
yooha@company.com,029_0016,sample_029_0016_000006,개인정보
010-1234-5678,029_0016,sample_029_0016_000006,개인정보
서울특별시,029_0016,sample_029_0016_000006,준식별자
중구,029_0016,sample_029_0016_000006,준식별자
2025,029_0016,sample_029_0016_000006,준식별자
11,029_0016,sample_029_0016_000006,준식별자
03,029_0016,sample_029_0016_000006,준식별자
진희윤,029_0016,sample_029_0016_000007,개인정보
20256,029_0016,sample_029_0016_000007,개인정보
CAL-2025-ACME-88,029_0016,sample_029_0016_000008,기밀정보
https://intranet.acme.local/datasheets/therm-v1.pdf,029_0016,sample_029_0016_000009,기밀정보
10.10.5.12,029_0016,sample_029_0016_000010,기밀정보
vpn.acme.corp,029_0016,sample_029_0016_000018,기밀정보
하세화,029_0016,sample_029_0016_000019,개인정보
하세화,029_0016,sample_029_0016_000019,기밀정보
SN-ACME-00012345,029_0016,sample_029_0016_000020,기밀정보
권무빈,029_0016,sample_029_0016_000023,개인정보
윤우섬,029_0016,sample_029_0016_000026,개인정보
HW-19A4,029_0017,sample_029_0017_000003,기밀정보
DEV-2026-0001,029_0017,sample_029_0017_000004,기밀정보
MSG-7F3B-0001,029_0017,sample_029_0017_000004,기밀정보
MSG-7F3B-0002,029_0017,sample_029_0017_000006,기밀정보
fw_v1.4.3,029_0017,sample_029_0017_000004,기밀정보
CERT-AB12-XXXX,029_0017,sample_029_0017_000007,기밀정보
CERT-AB12-XXXX,029_0017,sample_029_0017_000008,기밀정보
00:1A:7D:DA:71:13,029_0017,sample_029_0017_000009,기밀정보
SN-0005487,029_0017,sample_029_0017_000009,기밀정보
장선민,029_0017,sample_029_0017_000010,개인정보
010-XXXX-5678,029_0017,sample_029_0017_000010,개인정보
CAL-2025-07-102,029_0017,sample_029_0017_000011,기밀정보
"서울특별시 강남구 테헤란로 123, 5층",029_0017,sample_029_0017_000013,개인정보
허성문,029_0017,sample_029_0017_000013,개인정보
GW-01,029_0017,sample_029_0017_000014,기밀정보
MSG-7F3B-0003,029_0017,sample_029_0017_000016,기밀정보
RFK-2024-KR-09,029_0017,sample_029_0017_000020,기밀정보
장선민,029_0017,sample_029_0017_000021,개인정보
MSG-7F3B-0004,029_0017,sample_029_0017_000022,기밀정보
10.0.XX.5,029_0017,sample_029_0017_000023,기밀정보
한보아,029_0017,sample_029_0017_000024,개인정보
김미서,029_0017,sample_029_0017_000026,개인정보
김미서,029_0017,sample_029_0017_000028,개인정보
CAL-2025-07-102,029_0017,sample_029_0017_000029,기밀정보
원담희,029_0017,sample_029_0017_000029,개인정보
DEV-29-00018,029_0018,sample_029_0018_000003,기밀정보
HW-9A3B-0001,029_0018,sample_029_0018_000005,기밀정보
SN-SER-100200,029_0018,sample_029_0018_000005,기밀정보
GW-GW-0003,029_0018,sample_029_0018_000006,기밀정보
CERT-DC-029-0018,029_0018,sample_029_0018_000007,기밀정보
SIG-0xA1B2C3,029_0018,sample_029_0018_000009,기밀정보
권선하,029_0018,sample_029_0018_000010,개인정보
서울특별시,029_0018,sample_029_0018_000012,준식별자
중구,029_0018,sample_029_0018_000012,준식별자
2025,029_0018,sample_029_0018_000012,준식별자
11,029_0018,sample_029_0018_000012,준식별자
15,029_0018,sample_029_0018_000012,준식별자
이희우,029_0018,sample_029_0018_000012,개인정보
전영환,029_0018,sample_029_0018_000026,개인정보
dev-029-0019-7f3a,029_0019,sample_029_0019_000002,기밀정보
SN-ACME-20250101-0001,029_0019,sample_029_0019_000006,기밀정보
CERT-ID-9A8B7C,029_0019,sample_029_0019_000008,기밀정보
나에스더,029_0019,sample_029_0019_000009,개인정보
정자연,029_0019,sample_029_0019_000010,개인정보
010-1234-5678,029_0019,sample_029_0019_000010,개인정보
esther.na@example.com,029_0019,sample_029_0019_000010,개인정보
CAL-2025-00077,029_0019,sample_029_0019_000011,기밀정보
진서유,029_0019,sample_029_0019_000013,개인정보
서울특별시,029_0019,sample_029_0019_000013,준식별자
종로구,029_0019,sample_029_0019_000013,준식별자
gw-rtac-01,029_0019,sample_029_0019_000015,기밀정보
37.5729,029_0019,sample_029_0019_000016,준식별자
126.9769,029_0019,sample_029_0019_000016,준식별자
GF-TRK-09,029_0019,sample_029_0019_000016,기밀정보
민배종,029_0019,sample_029_0019_000019,개인정보
백이현,029_0019,sample_029_0019_000020,개인정보
bhyun@example.com,029_0019,sample_029_0019_000020,개인정보
svc-iot-internal.company.local,029_0019,sample_029_0019_000022,기밀정보
우아빈,029_0019,sample_029_0019_000025,개인정보
10.10.30.45,029_0019,sample_029_0019_000026,기밀정보
유호재,029_0020,sample_029_0020_000015,개인정보
사번=20245,029_0020,sample_029_0020_000015,개인정보
010-9876-5432,029_0020,sample_029_0020_000015,개인정보
yu.hojae@acme-iot.com,029_0020,sample_029_0020_000015,개인정보
서울특별시,029_0020,sample_029_0020_000015,준식별자
종로구,029_0020,sample_029_0020_000015,준식별자
device-000A-7F3C,029_0020,sample_029_0020_000003,기밀정보
HW-ACME-9921,029_0020,sample_029_0020_000003,기밀정보
SN: SNL-889233,029_0020,sample_029_0020_000003,기밀정보
fw-key-001,029_0020,sample_029_0020_000004,기밀정보
devcert-8f3a,029_0020,sample_029_0020_000005,기밀정보
gw-22-B,029_0020,sample_029_0020_000006,기밀정보
10.10.20.5,029_0020,sample_029_0020_000006,기밀정보
00:16:3e:5e:6c:00,029_0020,sample_029_0020_000006,기밀정보
https://internal.example.com/datasheet/ACME-Temp-2000.pdf,029_0020,sample_029_0020_000017,기밀정보
latitude=37.572345,029_0020,sample_029_0020_000020,준식별자
longitude=126.976789,029_0020,sample_029_0020_000020,준식별자
김도훈,029_0021,sample_029_0021_000017,개인정보
서울특별시 강남구,029_0021,sample_029_0021_000020,준식별자
GF-SEOUL-GN-01,029_0021,sample_029_0021_000021,준식별자
HW-SN-12345678,029_0021,sample_029_0021_000003,기밀정보
DEV-CERT-7A9F-0001,029_0021,sample_029_0021_000015,기밀정보
CAL-20260107-AX7,029_0021,sample_029_0021_000018,기밀정보
심빈,029_0022,sample_029_0022_000005,개인정보
010-1234-5678,029_0022,sample_029_0022_000005,개인정보
technician.simbin@example.com,029_0022,sample_029_0022_000005,개인정보
백재용,029_0022,sample_029_0022_000010,개인정보
서울특별시,029_0022,sample_029_0022_000020,준식별자
HWID-7F3C,029_0022,sample_029_0022_000004,기밀정보
SN-AX100-00012345,029_0022,sample_029_0022_000004,기밀정보
10.10.50.12,029_0022,sample_029_0022_000007,기밀정보
mqtt.internal.corp.local,029_0022,sample_029_0022_000007,기밀정보
/opt/iot/keys/private.key,029_0022,sample_029_0022_000017,기밀정보
CERT_ID_ae3f,029_0022,sample_029_0022_000012,기밀정보
SIG_9a8b,029_0022,sample_029_0022_000011,기밀정보
svc_iot_ingest,029_0022,sample_029_0022_000018,기밀정보
tok_9f8e,029_0022,sample_029_0022_000018,기밀정보
vpn.corp.internal,029_0022,sample_029_0022_000019,기밀정보
DEV-00023-A1,029_0023,sample_029_0023_000005,기밀정보
SN-AX9-000112,029_0023,sample_029_0023_000005,기밀정보
10.168.5.22,029_0023,sample_029_0023_000006,기밀정보
https://internal.iot.corp.local,029_0023,sample_029_0023_000006,기밀정보
CERT-2025-83A7,029_0023,sample_029_0023_000010,기밀정보
KEY-88-BETA,029_0023,sample_029_0023_000010,기밀정보
홍종진,029_0023,sample_029_0023_000012,개인정보
서울특별시,029_0023,sample_029_0023_000013,준식별자
마포구,029_0023,sample_029_0023_000013,준식별자
엄승곤,029_0023,sample_029_0023_000015,개인정보
010-1234-5678,029_0023,sample_029_0023_000015,개인정보
성해린,029_0023,sample_029_0023_000028,개인정보
dev-029-0001,029_0024,sample_029_0024_000003,기밀정보
HW-7F2A-9021,029_0024,sample_029_0024_000003,기밀정보
msg-029-000123,029_0024,sample_029_0024_000004,기밀정보
GW-29-550A,029_0024,sample_029_0024_000005,기밀정보
msg-029-000124,029_0024,sample_029_0024_000006,기밀정보
CERT-029-00A1,029_0024,sample_029_0024_000009,기밀정보
SN-9A1B2C3D,029_0024,sample_029_0024_000013,기밀정보
maintenance@acme-iot.example,029_0024,sample_029_0024_000014,개인정보
전용하,029_0024,sample_029_0024_000013,개인정보
192.168.10.45,029_0024,sample_029_0024_000023,기밀정보
종로구,029_0024,sample_029_0024_000012,준식별자
류기훈,029_0024,sample_029_0024_000024,개인정보
GEO-29-01,029_0024,sample_029_0024_000005,기밀정보
CERT-029-00A1,029_0024,sample_029_0024_000026,기밀정보
고한비,029_0024,sample_029_0024_000028,개인정보
dev-0001-29,029_0025,sample_029_0025_000002,기밀정보
HW-AX12-9F3B,029_0025,sample_029_0025_000002,기밀정보
msg-5f8a-001,029_0025,sample_029_0025_000003,기밀정보
gw-330A,029_0025,sample_029_0025_000010,기밀정보
gw-330A-edge-01,029_0025,sample_029_0025_000010,기밀정보
37.123456,029_0025,sample_029_0025_000011,준식별자
127.123456,029_0025,sample_029_0025_000011,준식별자
CERT_ID_8A3F2025,029_0025,sample_029_0025_000012,기밀정보
hs-3f9c,029_0025,sample_029_0025_000015,기밀정보
CALIB_2025_77,029_0025,sample_029_0025_000016,기밀정보
임인겸,029_0025,sample_029_0025_000017,개인정보
SN-9923-AX,029_0025,sample_029_0025_000023,기밀정보
docs/rf/ACME_RF_2024.pdf,029_0025,sample_029_0025_000024,기밀정보
INST-2025-88,029_0025,sample_029_0025_000027,기밀정보
device-029-26-A1B2,029_0026,sample_029_0026_000002,기밀정보
msg-20260108-0001,029_0026,sample_029_0026_000003,기밀정보
HW_SN: SN-00029-ABC123,029_0026,sample_029_0026_000004,기밀정보
SN-987654321,029_0026,sample_029_0026_000005,기밀정보
gw-1001,029_0026,sample_029_0026_000008,기밀정보
10.0.5.12,029_0026,sample_029_0026_000008,기밀정보
https://internal-iot.corp.local,029_0026,sample_029_0026_000009,기밀정보
CERT_ID_029_0026,029_0026,sample_029_0026_000010,기밀정보
GEOF_560,029_0026,sample_029_0026_000012,기밀정보
서울특별시 강남구,029_0026,sample_029_0026_000013,준식별자
maintenance_record MR-2026-0001,029_0026,sample_029_0026_000018,기밀정보
CAL_2026_045,029_0026,sample_029_0026_000019,기밀정보
DATA_SHEET_029,029_0026,sample_029_0026_000020,기밀정보
INSTALL_029_0026,029_0026,sample_029_0026_000020,기밀정보
나성희,029_0026,sample_029_0026_000022,개인정보
손도혜,029_0026,sample_029_0026_000023,개인정보
sondohye@example.com,029_0026,sample_029_0026_000023,개인정보
MR-2026-0001,029_0026,sample_029_0026_000024,기밀정보
차영근,029_0026,sample_029_0026_000024,개인정보
KEK_ID_78,029_0026,sample_029_0026_000025,기밀정보
류서정,029_0026,sample_029_0026_000030,개인정보
정엘리나,029_0027,sample_029_0027_000017,개인정보
조민창,029_0027,sample_029_0027_000018,개인정보
배무빈,029_0027,sample_029_0027_000026,개인정보
서울특별시,029_0027,sample_029_0027_000012,준식별자
강남구,029_0027,sample_029_0027_000012,준식별자
37.4979,029_0027,sample_029_0027_000012,준식별자
127.0276,029_0027,sample_029_0027_000012,준식별자
10.10.5.23,029_0027,sample_029_0027_000009,기밀정보
mqtt://internal-broker.local,029_0027,sample_029_0027_000009,기밀정보
device-84f3a2,029_0027,sample_029_0027_000005,기밀정보
HW-SN-84321,029_0027,sample_029_0027_000006,기밀정보
GW-ENT-001,029_0027,sample_029_0027_000008,기밀정보
CERT_ID_DC_2025_0001,029_0027,sample_029_0027_000015,기밀정보
MAC_ID_001,029_0027,sample_029_0027_000016,기밀정보
KEY_ID_KMS_001,029_0027,sample_029_0027_000022,기밀정보
박태현,029_0028,sample_029_0028_000016,개인정보
2025,029_0028,sample_029_0028_000016,준식별자
01,029_0028,sample_029_0028_000016,준식별자
05,029_0028,sample_029_0028_000016,준식별자
tech-support@example.com,029_0028,sample_029_0028_000017,개인정보
010-1234-5678,029_0028,sample_029_0028_000017,개인정보
서울특별시 강남구 테헤란로 12길 7-101,029_0028,sample_029_0028_000019,개인정보
HW-AX90-000342,029_0028,sample_029_0028_000004,기밀정보
CERT-DEVICE-2025-0001,029_0028,sample_029_0028_000013,기밀정보
tok_9f8e7d,029_0028,sample_029_0028_000013,기밀정보
10.0.12.45,029_0028,sample_029_0028_000014,기밀정보
류태홍,029_0029,sample_029_0029_000009,개인정보
오영환,029_0029,sample_029_0029_000010,개인정보
손승제,029_0029,sample_029_0029_000025,개인정보
dev-7a9f3c,029_0029,sample_029_0029_000004,기밀정보
HW-SN-2025-00047,029_0029,sample_029_0029_000004,기밀정보
hardware_serial=SN-2025-00047,029_0029,sample_029_0029_000016,기밀정보
AA:BB:CC:DD:EE:FF,029_0029,sample_029_0029_000006,기밀정보
10.0.5.12,029_0029,sample_029_0029_000006,기밀정보
cert-XYZ-0001,029_0029,sample_029_0029_000007,기밀정보
https://internal.example.com/reports/inst-029-02,029_0029,sample_029_0029_000010,기밀정보
"latitude=37.566500, longitude=126.978000",029_0029,sample_029_0029_000004,준식별자
고희로,029_0030,sample_029_0030_000022,개인정보
010-1234-5678,029_0030,sample_029_0030_000022,개인정보
gohiro@iot-maintenance.example.com,029_0030,sample_029_0030_000022,개인정보
서울특별시,029_0030,sample_029_0030_000020,준식별자
강남구,029_0030,sample_029_0030_000020,준식별자
HW-AB12-3456,029_0030,sample_029_0030_000006,기밀정보
SN-0001-ABCDEFG,029_0030,sample_029_0030_000006,기밀정보
dev-cert-7f3a,029_0030,sample_029_0030_000007,기밀정보
key-9c1b,029_0030,sample_029_0030_000007,기밀정보
10.0.12.34,029_0030,sample_029_0030_000007,기밀정보
https://internal.iot.corp.local/update,029_0030,sample_029_0030_000007,기밀정보
00:1A:7D:DA:71:13,029_0030,sample_029_0030_000009,기밀정보
device-000A1B2C,029_0031,sample_029_0031_000002,기밀정보
HW-SN-334455,029_0031,sample_029_0031_000002,기밀정보
신대훈,029_0031,sample_029_0031_000002,개인정보
sindaehoon@iotcorp.kr,029_0031,sample_029_0031_000002,개인정보
010-1234-5678,029_0031,sample_029_0031_000002,개인정보
"서울특별시 강남구 테헤란로 12길 34, 101호",029_0031,sample_029_0031_000002,개인정보
https://internal.docs/iot/datasheet/DS-3344,029_0031,sample_029_0031_000003,기밀정보
00:1A:7D:DA:71:13,029_0031,sample_029_0031_000004,기밀정보
gw-서울-01,029_0031,sample_029_0031_000004,기밀정보
CERT_ID: cert-2026-0001,029_0031,sample_029_0031_000006,기밀정보
"37.498123,127.027621",029_0031,sample_029_0031_000007,준식별자
geofence-warehouse-03,029_0031,sample_029_0031_000007,기밀정보
10.20.30.40,029_0031,sample_029_0031_000008,기밀정보
장연희,029_0031,sample_029_0031_000019,개인정보
CAL-20251215-334,029_0031,sample_029_0031_000020,기밀정보
https://internal.docs/iot/certs/CAL-20251215-334,029_0031,sample_029_0031_000020,기밀정보
서연제,029_0031,sample_029_0031_000021,개인정보
심나민,029_0031,sample_029_0031_000022,개인정보
https://internal.docs/iot/reports/IR-20260105-78,029_0031,sample_029_0031_000022,기밀정보
민문기,029_0031,sample_029_0031_000027,개인정보
02-2000-3344,029_0031,sample_029_0031_000027,개인정보
ops-team@iotcorp.kr,029_0031,sample_029_0031_000027,개인정보
신대훈,029_0031,sample_029_0031_000030,개인정보
민현규,029_0032,sample_029_0032_000007,개인정보
서울특별시,029_0032,sample_029_0032_000008,준식별자
강남구,029_0032,sample_029_0032_000008,준식별자
역삼동,029_0032,sample_029_0032_000008,준식별자
2025,029_0032,sample_029_0032_000008,준식별자
01,029_0032,sample_029_0032_000008,준식별자
05,029_0032,sample_029_0032_000008,준식별자
HW-SN-00012345,029_0032,sample_029_0032_000002,기밀정보
signkey-2025-01,029_0032,sample_029_0032_000005,기밀정보
CERT-029-AB12,029_0032,sample_029_0032_000005,기밀정보
CALIB-CERT-2024-7788,029_0032,sample_029_0032_000009,기밀정보
s3://iot-datasheets/029/0032.pdf,029_0032,sample_029_0032_000010,기밀정보
10.10.3.45,029_0032,sample_029_0032_000012,기밀정보
00:1A:7D:DA:71:13,029_0032,sample_029_0032_000016,기밀정보
/opt/iot/firmware/fw-2.1.7.bin,029_0032,sample_029_0032_000019,기밀정보
device-7f3a9c1b,029_0033,sample_029_0033_000002,기밀정보
HW-BLDG-0042,029_0033,sample_029_0033_000002,기밀정보
2026-01-08T09:15:30.123Z,029_0033,sample_029_0033_000003,준식별자
2026-01-08T09:15:31.000Z,029_0033,sample_029_0033_000003,준식별자
msg-20260108-0001,029_0033,sample_029_0033_000003,기밀정보
gw-1002,029_0033,sample_029_0033_000003,기밀정보
37.5665,029_0033,sample_029_0033_000004,준식별자
126.9780,029_0033,sample_029_0033_000004,준식별자
15.2,029_0033,sample_029_0033_000004,준식별자
GF-07,029_0033,sample_029_0033_000004,준식별자
cert-3a9f-enc-id,029_0033,sample_029_0033_000005,기밀정보
OTA-20260107-05,029_0033,sample_029_0033_000005,기밀정보
twin-7f3a,029_0033,sample_029_0033_000006,기밀정보
MNT-20260102-11,029_0033,sample_029_0033_000007,기밀정보
천태금,029_0033,sample_029_0033_000007,개인정보
CAL-20241201-88,029_0033,sample_029_0033_000008,기밀정보
2024-12-01T03:00:00Z,029_0033,sample_029_0033_000008,준식별자
DS-2024-1107,029_0033,sample_029_0033_000009,기밀정보
IR-20260105-09,029_0033,sample_029_0033_000010,기밀정보
나희령,029_0033,sample_029_0033_000010,개인정보
msg-20260108-0002,029_0033,sample_029_0033_000016,기밀정보
SN-98127364,029_0033,sample_029_0033_000018,기밀정보
R-SEO-01,029_0033,sample_029_0033_000019,기밀정보
OTA-20260107-05,029_0033,sample_029_0033_000025,기밀정보
CAL-20241201-88,029_0033,sample_029_0033_000025,기밀정보
DS-2024-1107,029_0033,sample_029_0033_000025,기밀정보
IR-20260105-09,029_0033,sample_029_0033_000025,기밀정보
서재승,029_0034,sample_029_0034_000005,개인정보
seoj@acme-corp.com,029_0034,sample_029_0034_000005,개인정보
서울특별시,029_0034,sample_029_0034_000006,준식별자
종로구,029_0034,sample_029_0034_000006,준식별자
나희원,029_0034,sample_029_0034_000006,개인정보
HW-ACME-00098765,029_0034,sample_029_0034_000003,기밀정보
GW-9F1B,029_0034,sample_029_0034_000003,기밀정보
DEV-CERT-2025-0001,029_0034,sample_029_0034_000004,기밀정보
10.12.34.5,029_0034,sample_029_0034_000010,기밀정보
https://internal.api.corp.local/device/twin,029_0034,sample_029_0034_000010,기밀정보
https://logs.internal.corp.local,029_0034,sample_029_0034_000010,기밀정보
SN-8A3C-20241234,029_0034,sample_029_0034_000011,기밀정보
KEY-EXCH-77A,029_0034,sample_029_0034_000017,기밀정보
나희원,029_0034,sample_029_0034_000023,개인정보
GW-9F1B,029_0034,sample_029_0034_000019,기밀정보
HW-ACME-00098765,029_0034,sample_029_0034_000027,기밀정보
SN-8A3C-20241234,029_0034,sample_029_0034_000027,기밀정보
DEV-CERT-2025-0001,029_0034,sample_029_0034_000026,기밀정보
37.541200,029_0035,sample_029_0035_000005,준식별자
127.123400,029_0035,sample_029_0035_000005,준식별자
류예완,029_0035,sample_029_0035_000006,개인정보
CERT_ID_9f8b7c,029_0035,sample_029_0035_000008,기밀정보
10.1.5.12,029_0035,sample_029_0035_000010,기밀정보
SN-A1B2C3D4-9988,029_0035,sample_029_0035_000012,기밀정보
HWID-77EE,029_0035,sample_029_0035_000004,기밀정보
20260045,029_0035,sample_029_0035_000014,개인정보
key-447,029_0035,sample_029_0035_000016,기밀정보
방성렬,029_0035,sample_029_0035_000017,개인정보
HW-99887766,029_0036,sample_029_0036_000004,기밀정보
배준아,029_0036,sample_029_0036_000005,개인정보
20230456,029_0036,sample_029_0036_000005,개인정보
010-5555-1212,029_0036,sample_029_0036_000005,개인정보
bae.juna@acmeiot.example.com,029_0036,sample_029_0036_000005,개인정보
서울특별시,029_0036,sample_029_0036_000006,준식별자
강남구,029_0036,sample_029_0036_000006,준식별자
역삼동 123-45,029_0036,sample_029_0036_000006,개인정보
1985,029_0036,sample_029_0036_000007,준식별자
06,029_0036,sample_029_0036_000007,준식별자
23,029_0036,sample_029_0036_000007,준식별자
10.0.8.12,029_0036,sample_029_0036_000008,기밀정보
CERT_ID_ABCDEF123456,029_0036,sample_029_0036_000009,기밀정보
/var/secure/iot/keys.pem,029_0036,sample_029_0036_000011,기밀정보
HW-99887766,029_0036,sample_029_0036_000010,기밀정보
KEY-2025-07-A1,029_0036,sample_029_0036_000017,기밀정보
곽수석,029_0036,sample_029_0036_000019,개인정보
DEV-029-00037-A1,029_0037,sample_029_0037_000003,기밀정보
HW-9F8C,029_0037,sample_029_0037_000003,기밀정보
SN20260105-87,029_0037,sample_029_0037_000003,기밀정보
msg-0001-2026-01-05T14:22:31Z,029_0037,sample_029_0037_000004,기밀정보
GW-42-01,029_0037,sample_029_0037_000007,기밀정보
10.41.12.7,029_0037,sample_029_0037_000007,기밀정보
"37.5665, 126.9780",029_0037,sample_029_0037_000008,준식별자
GEOF-100,029_0037,sample_029_0037_000008,기밀정보
SIG-20260105-77,029_0037,sample_029_0037_000009,기밀정보
CERT-029-3,029_0037,sample_029_0037_000011,기밀정보
유문성,029_0037,sample_029_0037_000013,개인정보
EMP-000123,029_0037,sample_029_0037_000013,개인정보
yms.support@example.com,029_0037,sample_029_0037_000013,개인정보
CAL-20240228-45,029_0037,sample_029_0037_000014,기밀정보
INST-029-0037-20251201,029_0037,sample_029_0037_000016,기밀정보
방은봄,029_0037,sample_029_0037_000016,개인정보
devices/DEV-029-00037-A1/telemetry,029_0037,sample_029_0037_000019,기밀정보
KEY-87A6,029_0037,sample_029_0037_000020,기밀정보
https://internal.example.com/reports/inst_029_0037.pdf,029_0037,sample_029_0037_000027,기밀정보
강지홍,029_0037,sample_029_0037_000027,개인정보
device-029-0038-0001,029_0038,sample_029_0038_000002,기밀정보
HW-SN-8721AB,029_0038,sample_029_0038_000003,기밀정보
CERT_ID_DEV-2025-000A,029_0038,sample_029_0038_000005,기밀정보
최덕환,029_0038,sample_029_0038_000006,개인정보
"37.5665, 126.9780, 15.2",029_0038,sample_029_0038_000007,준식별자
gw-kr-seoul-001,029_0038,sample_029_0038_000008,기밀정보
10.10.10.5,029_0038,sample_029_0038_000009,기밀정보
이선유,029_0038,sample_029_0038_000012,개인정보
PRT-77-ABCD,029_0038,sample_029_0038_000012,기밀정보
한도휘,029_0038,sample_029_0038_000027,개인정보
dev-029-7a3f,029_0039,sample_029_0039_000002,기밀정보
HW-92B4,029_0039,sample_029_0039_000003,기밀정보
SN-00012345,029_0039,sample_029_0039_000004,기밀정보
gw-12A4,029_0039,sample_029_0039_000002,기밀정보
msg-000f3c,029_0039,sample_029_0039_000002,기밀정보
cert-DEV-8F3B,029_0039,sample_029_0039_000008,기밀정보
/twins/dev-029-7a3f/twin.json,029_0039,sample_029_0039_000009,기밀정보
류로운,029_0039,sample_029_0039_000010,개인정보
전의성,029_0039,sample_029_0039_000013,개인정보
서울특별시 중구,029_0039,sample_029_0039_000013,준식별자
2025-11-03,029_0039,sample_029_0039_000013,준식별자
device-029-0040-01,029_0040,sample_029_0040_000003,기밀정보
HW-ACME-00012345,029_0040,sample_029_0040_000004,기밀정보
SN-ACME-987654321,029_0040,sample_029_0040_000004,기밀정보
gw-5601,029_0040,sample_029_0040_000005,기밀정보
37.56650,029_0040,sample_029_0040_000006,준식별자
126.97800,029_0040,sample_029_0040_000006,준식별자
geofence-zone-07,029_0040,sample_029_0040_000006,준식별자
<REDACTED_CERT_0001>,029_0040,sample_029_0040_000009,기밀정보
SIG-0xA1B2,029_0040,sample_029_0040_000010,기밀정보
박한유,029_0040,sample_029_0040_000012,개인정보
구효빈,029_0040,sample_029_0040_000014,개인정보
device-029-0041-0001,029_0041,sample_029_0041_000004,기밀정보
SN-HW-00041-7F,029_0041,sample_029_0041_000004,기밀정보
gw-3a2f,029_0041,sample_029_0041_000005,기밀정보
10.0.12.5,029_0041,sample_029_0041_000005,기밀정보
CERT-2026-029-41-A1,029_0041,sample_029_0041_000010,기밀정보
MR-2026-0005,029_0041,sample_029_0041_000012,기밀정보
김보현,029_0041,sample_029_0041_000012,개인정보
CAL-2025-029-41,029_0041,sample_029_0041_000013,기밀정보
docs/internal/datasheets/datasheet_vT1000_2025.pdf,029_0041,sample_029_0041_000014,기밀정보
서울특별시 강남구 테헤란로 12-3 501호,029_0041,sample_029_0041_000015,개인정보
서해건,029_0041,sample_029_0041_000015,개인정보
서울특별시,029_0041,sample_029_0041_000016,준식별자
강남구,029_0041,sample_029_0041_000016,준식별자
GEOF-41-A,029_0041,sample_029_0041_000017,기밀정보
00:1A:7D:DA:71:13,029_0041,sample_029_0041_000023,기밀정보
mqtt://internal-broker.local:1883,029_0041,sample_029_0041_000024,기밀정보
ota-20260108-01,029_0041,sample_029_0041_000009,기밀정보
ota-20260108-01,029_0041,sample_029_0041_000025,기밀정보
류소담,029_0041,sample_029_0041_000027,개인정보
installation_reports/IR-029-41-2025.pdf,029_0041,sample_029_0041_000030,기밀정보
곽선미,029_0041,sample_029_0041_000030,개인정보
DEV-029-0042-0001,029_0042,sample_029_0042_000002,기밀정보
HW-42-A1B2,029_0042,sample_029_0042_000003,기밀정보
SN-00042-XY,029_0042,sample_029_0042_000003,기밀정보
10.0.3.21,029_0042,sample_029_0042_000012,기밀정보
DEVICE-CERT-00042,029_0042,sample_029_0042_000013,기밀정보
KEYID-OTA-2026,029_0042,sample_029_0042_000014,기밀정보
GEO-FENCE-1001,029_0042,sample_029_0042_000011,기밀정보
CAL-2025-07-15-009,029_0042,sample_029_0042_000019,기밀정보
internal://datasheets/HW-42,029_0042,sample_029_0042_000020,기밀정보
진성열,029_0042,sample_029_0042_000017,개인정보
황동재,029_0042,sample_029_0042_000018,개인정보
류형주,029_0042,sample_029_0042_000018,개인정보
서울특별시 강남구,029_0042,sample_029_0042_000010,준식별자
device-00043-A1,029_0043,sample_029_0043_000001,기밀정보
HW-029-0043-88,029_0043,sample_029_0043_000002,기밀정보
SN-78012345,029_0043,sample_029_0043_000003,기밀정보
cert-029-0043,029_0043,sample_029_0043_000007,기밀정보
mqtt.internal.corp:8883,029_0043,sample_029_0043_000014,기밀정보
gw-8009,029_0043,sample_029_0043_000014,기밀정보
10.10.23.5,029_0043,sample_029_0043_000014,기밀정보
s3://internal-bucket/029/0043/calib_cert_v2.pdf,029_0043,sample_029_0043_000018,기밀정보
s3://internal-bucket/029/0043/datasheet_v1.pdf,029_0043,sample_029_0043_000019,기밀정보
s3://internal-bucket/029/0043/install_report_202601.pdf,029_0043,sample_029_0043_000019,기밀정보
남시후,029_0043,sample_029_0043_000020,개인정보
유재인,029_0043,sample_029_0043_000021,개인정보
37.497950,029_0043,sample_029_0043_000022,준식별자
127.027636,029_0043,sample_029_0043_000022,준식별자
gf-07-seoul,029_0043,sample_029_0043_000023,준식별자
류승표,029_0044,sample_029_0044_000018,개인정보
010-0000-0000,029_0044,sample_029_0044_000018,개인정보
ryu.seungpyo@example.com,029_0044,sample_029_0044_000018,개인정보
서울특별시,029_0044,sample_029_0044_000007,준식별자
강남구,029_0044,sample_029_0044_000007,준식별자
역삼동,029_0044,sample_029_0044_000007,준식별자
서울스마트빌딩관리,029_0044,sample_029_0044_000018,준식별자
internal-mqtt.corp.local,029_0044,sample_029_0044_000009,기밀정보
CERT-ABCD-1234,029_0044,sample_029_0044_000010,기밀정보
HW-9583746,029_0044,sample_029_0044_000003,기밀정보
SN-20251215-77,029_0044,sample_029_0044_000019,기밀정보
R-F-KR-2024-77,029_0044,sample_029_0044_000026,기밀정보
DEV-7f9a3c,029_0044,sample_029_0044_000003,기밀정보
MSG-000112233,029_0044,sample_029_0044_000004,기밀정보
GW-34a2,029_0044,sample_029_0044_000005,기밀정보
CAL-2025-998,029_0044,sample_029_0044_000014,기밀정보
심승휘,029_0045,sample_029_0045_000015,개인정보
20231234,029_0045,sample_029_0045_000015,개인정보
010-9123-4520,029_0045,sample_029_0045_000015,개인정보
seunghee.sim@example.com,029_0045,sample_029_0045_000015,개인정보
CERT-029-0045-AB12,029_0045,sample_029_0045_000011,기밀정보
https://internal.ota.iot.corp.local/updates,029_0045,sample_029_0045_000010,기밀정보
10.8.32.14,029_0045,sample_029_0045_000008,기밀정보
CAL-2024-0001,029_0045,sample_029_0045_000016,기밀정보
이석훈,029_0045,sample_029_0045_000025,개인정보
DEV-4A9B-001234,029_0046,sample_029_0046_000002,기밀정보
HW-9F3C-778,029_0046,sample_029_0046_000002,기밀정보
SN-88776655,029_0046,sample_029_0046_000002,기밀정보
msg-0000-abc123,029_0046,sample_029_0046_000003,기밀정보
37.5665,029_0046,sample_029_0046_000006,준식별자
126.9780,029_0046,sample_029_0046_000006,준식별자
15.2,029_0046,sample_029_0046_000006,준식별자
GEOF-SEOUL-01,029_0046,sample_029_0046_000006,준식별자
CERT-2025-9A3F,029_0046,sample_029_0046_000008,기밀정보
GW-01-7B2,029_0046,sample_029_0046_000014,기밀정보
00:1A:7D:DA:71:13,029_0046,sample_029_0046_000014,기밀정보
전형준,029_0046,sample_029_0046_000010,개인정보
배혜인,029_0046,sample_029_0046_000020,개인정보
192.168.10.45,029_0046,sample_029_0046_000022,기밀정보
msg-0000-abc123,029_0046,sample_029_0046_000024,기밀정보
CERT-2025-9A3F,029_0046,sample_029_0046_000027,기밀정보
손다윗,029_0047,sample_029_0047_000002,개인정보
010-9876-5432,029_0047,sample_029_0047_000002,개인정보
son.dawit@company.internal,029_0047,sample_029_0047_000002,개인정보
서울특별시,029_0047,sample_029_0047_000005,준식별자
강남구,029_0047,sample_029_0047_000005,준식별자
역삼동,029_0047,sample_029_0047_000005,준식별자
"37.497900,127.027600",029_0047,sample_029_0047_000006,준식별자
CERT-7F3A-XXXX,029_0047,sample_029_0047_000008,기밀정보
10.10.12.5,029_0047,sample_029_0047_000009,기밀정보
/etc/iot/keys/device.key,029_0047,sample_029_0047_000011,기밀정보
HW-SN-AX100-5577,029_0047,sample_029_0047_000007,기밀정보
GW-2024-0007,029_0047,sample_029_0047_000010,기밀정보
AA:BB:CC:DD:EE:01,029_0047,sample_029_0047_000012,기밀정보
SN-20240033,029_0047,sample_029_0047_000013,기밀정보
하아정,029_0047,sample_029_0047_000024,개인정보
서울특별시 강남구 대치동 891-12호,029_0048,sample_029_0048_000005,개인정보
서울특별시,029_0048,sample_029_0048_000005,준식별자
강남구,029_0048,sample_029_0048_000005,준식별자
대치동,029_0048,sample_029_0048_000005,준식별자
2023-07-12,029_0048,sample_029_0048_000005,준식별자
우한서,029_0048,sample_029_0048_000006,개인정보
조승유,029_0048,sample_029_0048_000012,개인정보
사번: 2023-0456,029_0048,sample_029_0048_000012,개인정보
192.168.10.5,029_0048,sample_029_0048_000010,기밀정보
vpn.internal.corp.example.com,029_0048,sample_029_0048_000011,기밀정보
svc_iot_admin,029_0048,sample_029_0048_000011,기밀정보
CERT-ABCD-1234,029_0048,sample_029_0048_000014,기밀정보
device-29-0049-0001,029_0049,sample_029_0049_000002,기밀정보
SN_29_0049_01,029_0049,sample_029_0049_000002,기밀정보
msg-00012345,029_0049,sample_029_0049_000004,기밀정보
gw-7f-0049,029_0049,sample_029_0049_000007,기밀정보
37.56650,029_0049,sample_029_0049_000008,준식별자
126.97800,029_0049,sample_029_0049_000008,준식별자
GF_BUILDING7_FLOOR7,029_0049,sample_029_0049_000009,기밀정보
CERT_ID_29_0049_0001,029_0049,sample_029_0049_000011,기밀정보
FW_HASH_REDACTED_0001,029_0049,sample_029_0049_000012,기밀정보
손수향,029_0049,sample_029_0049_000017,개인정보
CAL_CERT_2025_0049,029_0049,sample_029_0049_000018,기밀정보
DS_ACME_ENV_v1.2.pdf,029_0049,sample_029_0049_000019,기밀정보
방효영,029_0049,sample_029_0049_000020,개인정보
gw-7f-0049,029_0049,sample_029_0049_000020,기밀정보
김준식,029_0049,sample_029_0049_000026,개인정보
전서윤,029_0049,sample_029_0049_000026,개인정보
SN_29_0049_01,029_0049,sample_029_0049_000027,기밀정보
device-29-0049-0001,029_0049,sample_029_0049_000027,기밀정보
msg-00012345,029_0049,sample_029_0049_000027,기밀정보
DEV-CERT-7A3F,029_0050,sample_029_0050_000008,기밀정보
10.10.55.12,029_0050,sample_029_0050_000019,기밀정보
https://internal-firmware.corp.local/firmware/fw-1.2.3-signed.bin,029_0050,sample_029_0050_000019,기밀정보
iot_admin,029_0050,sample_029_0050_000019,기밀정보
박명진,029_0050,sample_029_0050_000010,개인정보
EMP-2024-015,029_0050,sample_029_0050_000010,개인정보
010-1234-5678,029_0050,sample_029_0050_000010,개인정보
민주석,029_0050,sample_029_0050_000013,개인정보
차현수,029_0050,sample_029_0050_000025,개인정보
device-029-0051-A01,029_0051,sample_029_0051_000003,기밀정보
HW-9832-XY,029_0051,sample_029_0051_000003,기밀정보
SN-20250123-51,029_0051,sample_029_0051_000003,기밀정보
GW-CORE-01,029_0051,sample_029_0051_000004,기밀정보
CERT_ID:dc-9f2a,029_0051,sample_029_0051_000007,기밀정보
twin-029-0051,029_0051,sample_029_0051_000008,기밀정보
"서울특별시 강남구 테헤란로 123, 5층",029_0051,sample_029_0051_000010,개인정보
박선교,029_0051,sample_029_0051_000012,개인정보
010-1234-5678,029_0051,sample_029_0051_000012,개인정보
park.seongyo@example.com,029_0051,sample_029_0051_000012,개인정보
https://intranet.corp.local/datasheets/029_0051.pdf,029_0051,sample_029_0051_000021,기밀정보
https://intranet.corp.local/ota/029_0051/logs,029_0051,sample_029_0051_000020,기밀정보
dev-029-0001,029_0052,sample_029_0052_000002,기밀정보
HW-AX100-9B3,029_0052,sample_029_0052_000002,기밀정보
SN-2024001234,029_0052,sample_029_0052_000002,기밀정보
2026-01-07T15:02:00Z,029_0052,sample_029_0052_000003,준식별자
2026-01-07T15:02:01Z,029_0052,sample_029_0052_000003,준식별자
msg-20260107-0002,029_0052,sample_029_0052_000003,기밀정보
2026-01-07T15:02:00Z,029_0052,sample_029_0052_000005,준식별자
cert-9f3c-****,029_0052,sample_029_0052_000006,기밀정보
2026-01-07T03:10:00Z,029_0052,sample_029_0052_000007,준식별자
2026-01-07T03:12:05Z,029_0052,sample_029_0052_000007,준식별자
37.5729,029_0052,sample_029_0052_000008,준식별자
126.9794,029_0052,sample_029_0052_000008,준식별자
15.2,029_0052,sample_029_0052_000008,준식별자
geofence-CH1,029_0052,sample_029_0052_000008,기밀정보
종로구,029_0052,sample_029_0052_000008,준식별자
한혜나,029_0052,sample_029_0052_000009,개인정보
2025-12-15,029_0052,sample_029_0052_000009,준식별자
심나예,029_0052,sample_029_0052_000010,개인정보
MR-20251130-07,029_0052,sample_029_0052_000010,기밀정보
CAL-2024-AX100,029_0052,sample_029_0052_000011,기밀정보
gw-01-452,029_0052,sample_029_0052_000013,기밀정보
10.0.1.15,029_0052,sample_029_0052_000013,기밀정보
2026-01-07T15:05:12Z,029_0052,sample_029_0052_000015,준식별자
엄윤겸,029_0052,sample_029_0052_000017,개인정보
2024-11-05,029_0052,sample_029_0052_000017,준식별자
SN-2024001234,029_0052,sample_029_0052_000017,기밀정보
tok-7e9b,029_0052,sample_029_0052_000018,기밀정보
FW_SIGN_A1B2,029_0052,sample_029_0052_000019,기밀정보
서울특별시,029_0052,sample_029_0052_000023,준식별자
RFK-2024-789,029_0052,sample_029_0052_000024,기밀정보
주레이나,029_0052,sample_029_0052_000025,개인정보
HW-AX100-9B3,029_0052,sample_029_0052_000026,기밀정보
신권율,029_0052,sample_029_0052_000028,개인정보
dev-029-0053-0001,029_0053,sample_029_0053_000003,기밀정보
HW-AX1000-SN000123456,029_0053,sample_029_0053_000004,기밀정보
00:1A:7D:DA:71:13,029_0053,sample_029_0053_000008,기밀정보
CERT-2025-AX1000-01,029_0053,sample_029_0053_000010,기밀정보
10.10.10.5,029_0053,sample_029_0053_000011,기밀정보
internal/ota/firmware/AX1000_v1.2.3.bin,029_0053,sample_029_0053_000012,기밀정보
구정명,029_0053,sample_029_0053_000020,개인정보
20240078,029_0053,sample_029_0053_000020,개인정보
공리진,029_0053,sample_029_0053_000023,개인정보
김서찬,029_0054,sample_029_0054_000010,개인정보
20204567,029_0054,sample_029_0054_000010,개인정보
신창민,029_0054,sample_029_0054_000025,개인정보
서울특별시,029_0054,sample_029_0054_000013,준식별자
강남구,029_0054,sample_029_0054_000013,준식별자
2023,029_0054,sample_029_0054_000010,준식별자
11,029_0054,sample_029_0054_000010,준식별자
05,029_0054,sample_029_0054_000010,준식별자
2026,029_0054,sample_029_0054_000025,준식별자
02,029_0054,sample_029_0054_000025,준식별자
15,029_0054,sample_029_0054_000025,준식별자
CERT_ID_ae4f3b,029_0054,sample_029_0054_000008,기밀정보
SIG_a9f4,029_0054,sample_029_0054_000007,기밀정보
SIG_a9f4,029_0054,sample_029_0054_000024,기밀정보
TOKEN_9f8e,029_0054,sample_029_0054_000015,기밀정보
10.0.12.45,029_0054,sample_029_0054_000016,기밀정보
configs/device/029_0054.conf,029_0054,sample_029_0054_000023,기밀정보
http://internal-gw.corp.local,029_0054,sample_029_0054_000023,기밀정보
손재호,029_0055,sample_029_0055_000009,개인정보
성영환,029_0055,sample_029_0055_000010,개인정보
서울특별시 종로구 사직동 10-1,029_0055,sample_029_0055_000010,개인정보
백은하,029_0055,sample_029_0055_000023,개인정보
구인겸,029_0055,sample_029_0055_000028,개인정보
CERT_ID_7a9f3c,029_0055,sample_029_0055_000007,기밀정보
SN2025-0055,029_0055,sample_029_0055_000002,기밀정보
00:1A:7D:DA:71:13,029_0055,sample_029_0055_000004,기밀정보
10.10.0.12,029_0055,sample_029_0055_000015,기밀정보
https://internal-vpn.corp.local,029_0055,sample_029_0055_000015,기밀정보
CERT_FINGERPRINT_ID_a1b2,029_0055,sample_029_0055_000020,기밀정보
FW_SIGN_KEY_ID_0055,029_0055,sample_029_0055_000021,기밀정보
CAL_CERT_ID_2025_55,029_0055,sample_029_0055_000011,기밀정보
서울특별시,029_0055,sample_029_0055_000010,준식별자
종로구,029_0055,sample_029_0055_000010,준식별자
사직동,029_0055,sample_029_0055_000010,준식별자
dev-029-0056-1001,029_0056,sample_029_0056_000002,기밀정보
msg-20260108T0001,029_0056,sample_029_0056_000003,기밀정보
HW-AX1023-SN7890,029_0056,sample_029_0056_000003,기밀정보
gw-lora-01,029_0056,sample_029_0056_000003,기밀정보
"37.517200,127.047300",029_0056,sample_029_0056_000003,준식별자
geofence-warehouse-7,029_0056,sample_029_0056_000003,기밀정보
DEV_SERIAL_0001,029_0056,sample_029_0056_000005,기밀정보
CERT_DEVICE_029_1001,029_0056,sample_029_0056_000008,기밀정보
MR-2025-556,029_0056,sample_029_0056_000012,기밀정보
임한겸,029_0056,sample_029_0056_000012,개인정보
류예일,029_0056,sample_029_0056_000013,개인정보
CAL_CERT_2025_029_1001,029_0056,sample_029_0056_000014,기밀정보
dev-029-0057-01,029_0057,sample_029_0057_000002,기밀정보
HW_SN_0001,029_0057,sample_029_0057_000003,기밀정보
SN-2024-00012345,029_0057,sample_029_0057_000003,기밀정보
2025-01-15T09:12:00Z,029_0057,sample_029_0057_000006,준식별자
2025-01-15T09:12:01Z,029_0057,sample_029_0057_000006,준식별자
2025-01-15T09:12:05Z,029_0057,sample_029_0057_000007,준식별자
10.0.5.12,029_0057,sample_029_0057_000009,기밀정보
CERT_ID:devcert-7f4a2b,029_0057,sample_029_0057_000010,기밀정보
2025-01-15T09:11:58Z,029_0057,sample_029_0057_000011,준식별자
SIG_ota_9c3,029_0057,sample_029_0057_000012,기밀정보
2025-01-14T22:00:00Z,029_0057,sample_029_0057_000012,준식별자
손유나,029_0057,sample_029_0057_000014,개인정보
2025-01-10T13:30:00Z,029_0057,sample_029_0057_000014,준식별자
CAL_CERT:2024-AC-77,029_0057,sample_029_0057_000015,기밀정보
https://intranet.acme.local/ds/029_0057.pdf,029_0057,sample_029_0057_000016,기밀정보
서울특별시 강남구,029_0057,sample_029_0057_000017,준식별자
2025-01-15T09:12:10Z,029_0057,sample_029_0057_000019,준식별자
2025-01-14T23:59:58Z,029_0057,sample_029_0057_000021,준식별자
DK_ae34,029_0057,sample_029_0057_000022,기밀정보
192.168.10.8,029_0057,sample_029_0057_000023,기밀정보
한환서,029_0057,sample_029_0057_000024,개인정보
유주승,029_0057,sample_029_0057_000026,개인정보
GW-LOC-009,029_0058,sample_029_0058_000002,기밀정보
DEV-00012345,029_0058,sample_029_0058_000003,기밀정보
HW-AX12-9876,029_0058,sample_029_0058_000004,기밀정보
성문주,029_0058,sample_029_0058_000005,개인정보
seongmj@example.com,029_0058,sample_029_0058_000006,개인정보
서울특별시,029_0058,sample_029_0058_000008,준식별자
강남구,029_0058,sample_029_0058_000008,준식별자
37.4979,029_0058,sample_029_0058_000009,준식별자
127.0276,029_0058,sample_029_0058_000009,준식별자
SIG:abc123def,029_0058,sample_029_0058_000010,기밀정보
CERT_ID:cert-7f3a4b,029_0058,sample_029_0058_000011,기밀정보
문태구,029_0058,sample_029_0058_000012,개인정보
010-9876-5432,029_0058,sample_029_0058_000012,개인정보
twin-00055,029_0058,sample_029_0058_000013,기밀정보
10.0.5.12,029_0058,sample_029_0058_000014,기밀정보
vpn.internal.corp,029_0058,sample_029_0058_000014,기밀정보
CAL-2025-555,029_0058,sample_029_0058_000015,기밀정보
/var/log/maintenance/rec-20260108.log,029_0058,sample_029_0058_000016,기밀정보
하상철,029_0058,sample_029_0058_000016,개인정보
010-1234-5678,029_0058,sample_029_0058_000016,개인정보
datasheet://DS-AX12-v2,029_0058,sample_029_0058_000017,기밀정보
installation_report://INST-20251201,029_0058,sample_029_0058_000018,기밀정보
권현석,029_0058,sample_029_0058_000018,개인정보
GEOF-83,029_0058,sample_029_0058_000009,일반정보
GW-LOC-009,029_0058,sample_029_0058_000026,기밀정보
10.0.5.1,029_0058,sample_029_0058_000026,기밀정보
손하솔,029_0058,sample_029_0058_000027,개인정보
SIG:abc123def,029_0058,sample_029_0058_000029,기밀정보
CERT_ID:cert-7f3a4b,029_0058,sample_029_0058_000029,기밀정보
device-029-0059,029_0059,sample_029_0059_000003,기밀정보
HW-SN-00012345,029_0059,sample_029_0059_000004,기밀정보
SN-9A7B-445,029_0059,sample_029_0059_000004,기밀정보
문하람,029_0059,sample_029_0059_000005,개인정보
2025,029_0059,sample_029_0059_000005,준식별자
03,029_0059,sample_029_0059_000005,준식별자
15,029_0059,sample_029_0059_000005,준식별자
서울특별시,029_0059,sample_029_0059_000005,준식별자
강남구,029_0059,sample_029_0059_000005,준식별자
삼성동,029_0059,sample_029_0059_000005,준식별자
010-1234-5678,029_0059,sample_029_0059_000005,개인정보
m.haram.ops@example.com,029_0059,sample_029_0059_000005,개인정보
SIG-OTA-3344,029_0059,sample_029_0059_000011,기밀정보
CERT-RED-DEV-01,029_0059,sample_029_0059_000012,기밀정보
주대훈,029_0059,sample_029_0059_000014,개인정보
2025,029_0059,sample_029_0059_000014,준식별자
11,029_0059,sample_029_0059_000014,준식별자
20,029_0059,sample_029_0059_000014,준식별자
ops@iotcorp.example,029_0059,sample_029_0059_000014,개인정보
CAL-2025-005,029_0059,sample_029_0059_000015,기밀정보
https://internal.docs/iot/029_0059/install.pdf,029_0059,sample_029_0059_000016,기밀정보
gw-1007,029_0059,sample_029_0059_000017,기밀정보
10.0.12.45,029_0059,sample_029_0059_000017,기밀정보
AA:BB:CC:11:22:33,029_0059,sample_029_0059_000017,기밀정보
REDACTED-TOK-77,029_0059,sample_029_0059_000021,기밀정보
RFK-2024-778,029_0059,sample_029_0059_000022,기밀정보
원세인,029_0059,sample_029_0059_000026,개인정보
device-029-0059,029_0059,sample_029_0059_000027,기밀정보
SIG-OTA-3344,029_0059,sample_029_0059_000028,기밀정보
허서백,029_0059,sample_029_0059_000030,개인정보
주봉학,029_0060,sample_029_0060_000013,개인정보
원영인,029_0060,sample_029_0060_000016,개인정보
이보은,029_0060,sample_029_0060_000027,개인정보
2025,029_0060,sample_029_0060_000003,준식별자
01,029_0060,sample_029_0060_000003,준식별자
07,029_0060,sample_029_0060_000003,준식별자
2025,029_0060,sample_029_0060_000004,준식별자
01,029_0060,sample_029_0060_000004,준식별자
07,029_0060,sample_029_0060_000004,준식별자
2025,029_0060,sample_029_0060_000005,준식별자
01,029_0060,sample_029_0060_000005,준식별자
07,029_0060,sample_029_0060_000005,준식별자
2025,029_0060,sample_029_0060_000006,준식별자
01,029_0060,sample_029_0060_000006,준식별자
07,029_0060,sample_029_0060_000006,준식별자
37.4979,029_0060,sample_029_0060_000007,준식별자
127.0276,029_0060,sample_029_0060_000007,준식별자
2025,029_0060,sample_029_0060_000012,준식별자
01,029_0060,sample_029_0060_000012,준식별자
07,029_0060,sample_029_0060_000012,준식별자
2024,029_0060,sample_029_0060_000013,준식별자
10,029_0060,sample_029_0060_000013,준식별자
15,029_0060,sample_029_0060_000013,준식별자
2021,029_0060,sample_029_0060_000015,준식별자
05,029_0060,sample_029_0060_000015,준식별자
12,029_0060,sample_029_0060_000015,준식별자
서울특별시,029_0060,sample_029_0060_000016,준식별자
강남구,029_0060,sample_029_0060_000016,준식별자
역삼동,029_0060,sample_029_0060_000016,준식별자
2022,029_0060,sample_029_0060_000016,준식별자
06,029_0060,sample_029_0060_000016,준식별자
20,029_0060,sample_029_0060_000016,준식별자
2025,029_0060,sample_029_0060_000020,준식별자
01,029_0060,sample_029_0060_000020,준식별자
07,029_0060,sample_029_0060_000020,준식별자
2025,029_0060,sample_029_0060_000021,준식별자
01,029_0060,sample_029_0060_000021,준식별자
05,029_0060,sample_029_0060_000021,준식별자
2025,029_0060,sample_029_0060_000024,준식별자
01,029_0060,sample_029_0060_000024,준식별자
07,029_0060,sample_029_0060_000024,준식별자
2025,029_0060,sample_029_0060_000027,준식별자
01,029_0060,sample_029_0060_000027,준식별자
08,029_0060,sample_029_0060_000027,준식별자
device-00012345,029_0060,sample_029_0060_000002,기밀정보
HW-AX-5599,029_0060,sample_029_0060_000002,기밀정보
SN-AX12-9988,029_0060,sample_029_0060_000002,기밀정보
GW-310,029_0060,sample_029_0060_000006,기밀정보
10.1.0.5,029_0060,sample_029_0060_000006,기밀정보
KEY-07,029_0060,sample_029_0060_000010,기밀정보
CERT-8F2A,029_0060,sample_029_0060_000011,기밀정보
svc_iot_updater,029_0060,sample_029_0060_000011,기밀정보
CERT-CAL-001,029_0060,sample_029_0060_000014,기밀정보
CAL-2024-110,029_0060,sample_029_0060_000014,기밀정보
device-00012345,029_0060,sample_029_0060_000012,기밀정보
iot-admin,029_0060,sample_029_0060_000018,기밀정보
http://intranet.acme.local/firmware,029_0060,sample_029_0060_000018,기밀정보
device-00012345,029_0060,sample_029_0060_000024,기밀정보
10.1.0.5,029_0060,sample_029_0060_000024,기밀정보
양준한,029_0061,sample_029_0061_000008,개인정보
윤결,029_0061,sample_029_0061_000029,개인정보
서울특별시,029_0061,sample_029_0061_000007,준식별자
강남구,029_0061,sample_029_0061_000007,준식별자
역삼동,029_0061,sample_029_0061_000007,준식별자
성별: 남,029_0061,sample_029_0061_000028,준식별자
생년월일(년): 1985,029_0061,sample_029_0061_000028,준식별자
생년월일(월): 07,029_0061,sample_029_0061_000028,준식별자
생년월일(일): 21,029_0061,sample_029_0061_000028,준식별자
HW-9834-XY,029_0061,sample_029_0061_000005,기밀정보
dev-029-00061,029_0061,sample_029_0061_000004,기밀정보
CERT-AB12-34,029_0061,sample_029_0061_000011,기밀정보
OTA-KEY-001,029_0061,sample_029_0061_000012,기밀정보
10.0.5.23,029_0061,sample_029_0061_000015,기밀정보
SN-2026-0001,029_0062,sample_029_0062_000004,기밀정보
CERT_ID_7f3a,029_0062,sample_029_0062_000005,기밀정보
/var/iot/devices/029_0062/twin.json,029_0062,sample_029_0062_000006,기밀정보
서울특별시,029_0062,sample_029_0062_000007,준식별자
강남구,029_0062,sample_029_0062_000007,준식별자
백영미,029_0062,sample_029_0062_000008,개인정보
CAL_CERT_2025_29,029_0062,sample_029_0062_000009,기밀정보
10.10.50.12,029_0062,sample_029_0062_000016,기밀정보
gw-internal.local:8883,029_0062,sample_029_0062_000016,기밀정보
TOKEN_ID_9b,029_0062,sample_029_0062_000017,기밀정보
RF_CERT_KR-2024-11,029_0062,sample_029_0062_000021,기밀정보
류명기,029_0062,sample_029_0062_000022,개인정보
/var/log/iot/reboots/029_0062.log,029_0062,sample_029_0062_000023,기밀정보
유혜정,029_0062,sample_029_0062_000026,개인정보
HW-ACME-0007,029_0063,sample_029_0063_000006,기밀정보
029-0063,029_0063,sample_029_0063_000006,기밀정보
SN-2024-0001,029_0063,sample_029_0063_000007,기밀정보
FW-SIGN-9F2A,029_0063,sample_029_0063_000007,기밀정보
CERT-ABCD-1234,029_0063,sample_029_0063_000008,기밀정보
남승균,029_0063,sample_029_0063_000010,개인정보
20231234,029_0063,sample_029_0063_000010,개인정보
010-9999-8888,029_0063,sample_029_0063_000010,개인정보
namseung@example.com,029_0063,sample_029_0063_000010,개인정보
서울특별시,029_0063,sample_029_0063_000011,준식별자
종로구,029_0063,sample_029_0063_000011,준식별자
청운동,029_0063,sample_029_0063_000011,준식별자
2024,029_0063,sample_029_0063_000012,준식별자
03,029_0063,sample_029_0063_000012,준식별자
15,029_0063,sample_029_0063_000012,준식별자
192.168.100.20,029_0063,sample_029_0063_000013,기밀정보
https://internal-api.acme.local:8443,029_0063,sample_029_0063_000014,기밀정보
10.10.100.5,029_0063,sample_029_0063_000014,기밀정보
APIKEY-XYZ-0001,029_0063,sample_029_0063_000014,기밀정보
vpn.internal.acme.local,029_0063,sample_029_0063_000015,기밀정보
/opt/iot/config/devices/029_0063.json,029_0063,sample_029_0063_000015,기밀정보
PK-001,029_0063,sample_029_0063_000015,기밀정보
유이나,029_0063,sample_029_0063_000021,개인정보
남승균,029_0063,sample_029_0063_000028,개인정보
DEV-029-00064-A1,029_0064,sample_029_0064_000003,기밀정보
HW-64-9F1C,029_0064,sample_029_0064_000003,기밀정보
SN-00064-3052,029_0064,sample_029_0064_000003,기밀정보
CERT-DC-029-0064-01,029_0064,sample_029_0064_000004,기밀정보
SIG-OTA-64,029_0064,sample_029_0064_000008,기밀정보
CAL-2025-029-64,029_0064,sample_029_0064_000011,기밀정보
/meta/datasheets/DEV-029-0064-ds.pdf,029_0064,sample_029_0064_000012,기밀정보
/reports/install/029_0064_install.pdf,029_0064,sample_029_0064_000010,기밀정보
10.0.4.12,029_0064,sample_029_0064_000014,기밀정보
vpn.internal.corp,029_0064,sample_029_0064_000014,기밀정보
GW-204-1,029_0064,sample_029_0064_000005,기밀정보
GF-200,029_0064,sample_029_0064_000005,기밀정보
RF-CERT-2024-IX,029_0064,sample_029_0064_000023,기밀정보
이영애,029_0064,sample_029_0064_000010,개인정보
서울특별시,029_0064,sample_029_0064_000010,준식별자
강남구,029_0064,sample_029_0064_000010,준식별자
2025,029_0064,sample_029_0064_000010,준식별자
12,029_0064,sample_029_0064_000010,준식별자
10,029_0064,sample_029_0064_000010,준식별자
2026,029_0064,sample_029_0064_000022,준식별자
06,029_0064,sample_029_0064_000022,준식별자
01,029_0064,sample_029_0064_000022,준식별자
2025,029_0064,sample_029_0064_000011,준식별자
12,029_0064,sample_029_0064_000011,준식별자
09,029_0064,sample_029_0064_000011,준식별자
/reports/install/029_0064_install.pdf,029_0064,sample_029_0064_000025,기밀정보
서울특별시 강남구,029_0065,sample_029_0065_000013,준식별자
박리안,029_0065,sample_029_0065_000019,개인정보
010-1234-5678,029_0065,sample_029_0065_000020,개인정보
2024-01-15,029_0065,sample_029_0065_000022,준식별자
CERT_ID_202401,029_0065,sample_029_0065_000017,기밀정보
10.0.1.42,029_0065,sample_029_0065_000026,기밀정보
APIKEY_ABC123,029_0065,sample_029_0065_000027,기밀정보
SN-987654321,029_0065,sample_029_0065_000028,기밀정보
device-029-00066,029_0066,sample_029_0066_000003,기밀정보
msg-0009823,029_0066,sample_029_0066_000003,기밀정보
gw-01-prod,029_0066,sample_029_0066_000004,기밀정보
HW-SN-00987,029_0066,sample_029_0066_000005,기밀정보
geofence-59,029_0066,sample_029_0066_000006,기밀정보
cert-DEV-00077,029_0066,sample_029_0066_000011,기밀정보
fw_hash:abcd1234ef56,029_0066,sample_029_0066_000012,기밀정보
서울특별시 강남구,029_0066,sample_029_0066_000015,준식별자
우창우,029_0066,sample_029_0066_000016,개인정보
wochangwoo@iotcorp.kr,029_0066,sample_029_0066_000016,개인정보
10.1.5.12,029_0066,sample_029_0066_000020,기밀정보
device-029-00066,029_0066,sample_029_0066_000025,기밀정보
HW-SN-00987,029_0066,sample_029_0066_000025,기밀정보
device-0001-ACME,029_0067,sample_029_0067_000003,기밀정보
HW-SN-012345,029_0067,sample_029_0067_000003,기밀정보
OTA-SIGN-9F3A,029_0067,sample_029_0067_000005,기밀정보
CERT_ID_0001,029_0067,sample_029_0067_000006,기밀정보
서울특별시,029_0067,sample_029_0067_000017,준식별자
종로구,029_0067,sample_029_0067_000017,준식별자
10.0.5.99,029_0067,sample_029_0067_000019,기밀정보
한영찬,029_0067,sample_029_0067_000020,개인정보
010-1234-5678,029_0067,sample_029_0067_000021,개인정보
hyc@example.com,029_0067,sample_029_0067_000021,개인정보
SN-202501-889,029_0067,sample_029_0067_000022,기밀정보
CERT_ID_0001,029_0067,sample_029_0067_000025,기밀정보
OTA-SIGN-9F3A,029_0067,sample_029_0067_000027,기밀정보
dev-0003987,029_0068,sample_029_0068_000003,기밀정보
SN-ACME-0003987,029_0068,sample_029_0068_000003,기밀정보
devcert-9a7f,029_0068,sample_029_0068_000005,기밀정보
10.10.5.23,029_0068,sample_029_0068_000006,기밀정보
서울특별시,029_0068,sample_029_0068_000010,준식별자
종로구,029_0068,sample_029_0068_000010,준식별자
SIG-83ab7c,029_0068,sample_029_0068_000014,기밀정보
00:1A:7D:DA:71:13,029_0068,sample_029_0068_000017,기밀정보
192.168.100.12,029_0068,sample_029_0068_000018,기밀정보
임강수,029_0068,sample_029_0068_000019,개인정보
사번:20210456,029_0068,sample_029_0068_000019,개인정보
전영광,029_0068,sample_029_0068_000020,개인정보
CAL-2023-9981,029_0068,sample_029_0068_000021,기밀정보
서윤환,029_0068,sample_029_0068_000028,개인정보
DEV-6A3F-01,029_0069,sample_029_0069_000003,기밀정보
HW-8872-XYZ,029_0069,sample_029_0069_000003,기밀정보
DEV-6A3F-01,029_0069,sample_029_0069_000006,기밀정보
GW-1002,029_0069,sample_029_0069_000012,기밀정보
10.10.5.20,029_0069,sample_029_0069_000012,기밀정보
latitude: 37.4979,029_0069,sample_029_0069_000013,준식별자
longitude: 127.0276,029_0069,sample_029_0069_000013,준식별자
altitude: 35.2m,029_0069,sample_029_0069_000013,준식별자
GEOF-45,029_0069,sample_029_0069_000014,기밀정보
CERT-2024-9A3,029_0069,sample_029_0069_000015,기밀정보
2025-01-15,029_0069,sample_029_0069_000017,준식별자
CAL-2023-5567,029_0069,sample_029_0069_000018,기밀정보
MNT-20260105-77,029_0069,sample_029_0069_000019,기밀정보
정시무,029_0069,sample_029_0069_000019,개인정보
2026-01-05T09:30:00Z,029_0069,sample_029_0069_000019,준식별자
허보나,029_0069,sample_029_0069_000020,개인정보
device-00A1B2C3,029_0070,sample_029_0070_000003,기밀정보
HW-ACME-00012345,029_0070,sample_029_0070_000004,기밀정보
SN-000987654321,029_0070,sample_029_0070_000004,기밀정보
SIG_7a9c,029_0070,sample_029_0070_000005,기밀정보
CERT_ID_9f3b2a,029_0070,sample_029_0070_000006,기밀정보
KEY_ID_b1d2,029_0070,sample_029_0070_000006,기밀정보
mqtts://internal-broker.corp:8883,029_0070,sample_029_0070_000007,기밀정보
gw-110,029_0070,sample_029_0070_000007,기밀정보
CAL_CERT_2024_07,029_0070,sample_029_0070_000009,기밀정보
홍지상,029_0070,sample_029_0070_000009,개인정보
"37.4979,127.0276",029_0070,sample_029_0070_000010,준식별자
서울특별시 강남구,029_0070,sample_029_0070_000011,준식별자
임현오,029_0070,sample_029_0070_000017,개인정보
admin@example.com,029_0070,sample_029_0070_000018,개인정보
010-1234-5678,029_0070,sample_029_0070_000018,개인정보
손소예,029_0070,sample_029_0070_000018,개인정보
10.10.176.12,029_0070,sample_029_0070_000019,기밀정보
vpn.internal.corp,029_0070,sample_029_0070_000019,기밀정보
/srv/iot/logs/2025/11/device-00A1B2C3.log,029_0070,sample_029_0070_000019,기밀정보
device_id: dev-71-0001,029_0071,sample_029_0071_000003,기밀정보
hardware_id: HW9A1B-007,029_0071,sample_029_0071_000003,기밀정보
message_id: msg-00012345,029_0071,sample_029_0071_000004,기밀정보
gateway_id: gw-az-1007,029_0071,sample_029_0071_000006,기밀정보
latitude: 37.4219983,029_0071,sample_029_0071_000010,준식별자
longitude: -122.0840000,029_0071,sample_029_0071_000010,준식별자
geofence_id: GF-SITE-001,029_0071,sample_029_0071_000011,준식별자
cert_id: CERT-29-0071-01,029_0071,sample_029_0071_000016,기밀정보
남해솔,029_0071,sample_029_0071_000018,개인정보
cert_ref: CAL-20251215-71,029_0071,sample_029_0071_000019,기밀정보
s3://acme-prod/datasheets/TS-1000-DS.pdf,029_0071,sample_029_0071_000020,기밀정보
서울특별시,029_0071,sample_029_0071_000021,준식별자
server_ip: 10.10.5.22,029_0071,sample_029_0071_000022,기밀정보
DEV-029-0072-01,029_0072,sample_029_0072_000003,기밀정보
HW-SN-9876543210,029_0072,sample_029_0072_000003,기밀정보
GW-701,029_0072,sample_029_0072_000008,기밀정보
10.0.12.45,029_0072,sample_029_0072_000008,기밀정보
CERT-029-ABCD,029_0072,sample_029_0072_000010,기밀정보
한솔,029_0072,sample_029_0072_000012,개인정보
권승혁,029_0072,sample_029_0072_000013,개인정보
서울특별시,029_0072,sample_029_0072_000014,준식별자
강남구,029_0072,sample_029_0072_000014,준식별자
37.4979,029_0072,sample_029_0072_000014,준식별자
127.0276,029_0072,sample_029_0072_000014,준식별자
ops.support@example.com,029_0072,sample_029_0072_000026,개인정보
010-1234-5678,029_0072,sample_029_0072_000026,개인정보
dev-029a0073,029_0073,sample_029_0073_000002,기밀정보
hw-7b2c9,029_0073,sample_029_0073_000002,기밀정보
SN-AX99-00073,029_0073,sample_029_0073_000002,기밀정보
2026-01-08T03:12:15.123Z,029_0073,sample_029_0073_000003,준식별자
2026-01-08T03:12:16.045Z,029_0073,sample_029_0073_000003,준식별자
msg-8a7c3f1b,029_0073,sample_029_0073_000003,기밀정보
2026-01-08T03:12:45.900Z,029_0073,sample_029_0073_000004,준식별자
2026-01-08T03:13:05.300Z,029_0073,sample_029_0073_000009,준식별자
2026-01-07T22:00:00.000Z,029_0073,sample_029_0073_000010,준식별자
sha256:fa3b9e4d6c2a1b0e5f4a3b2c1d0e9f8a7b6c5d4e3f2a1b0c9d8e7f6a5b4c3d2,029_0073,sample_029_0073_000010,기밀정보
CERT_ID:device_cert_7f3a,029_0073,sample_029_0073_000011,기밀정보
2024-05-01T08:00:00.000Z,029_0073,sample_029_0073_000011,준식별자
twin-029-0001,029_0073,sample_029_0073_000012,기밀정보
00:1A:7D:DA:71:13,029_0073,sample_029_0073_000012,기밀정보
2024-05-20T14:45:00.000Z,029_0073,sample_029_0073_000013,준식별자
서울특별시 강남구,029_0073,sample_029_0073_000013,준식별자
2024-06-01T00:00:00.000Z,029_0073,sample_029_0073_000014,준식별자
2025-12-15T09:30:00.000Z,029_0073,sample_029_0073_000015,준식별자
채세현,029_0073,sample_029_0073_000015,개인정보
2026-01-08T03:11:50.000Z,029_0073,sample_029_0073_000017,준식별자
2026-01-08T03:11:59.000Z,029_0073,sample_029_0073_000017,준식별자
2026-01-01T00:00:00.000Z,029_0073,sample_029_0073_000021,준식별자
SN-202501-0001,029_0074,sample_029_0074_000005,기밀정보
FWKEY-7F3D,029_0074,sample_029_0074_000013,기밀정보
CERT-EE3F-9A2B,029_0074,sample_029_0074_000014,기밀정보
10.0.3.45,029_0074,sample_029_0074_000015,기밀정보
/opt/edge/bin/collector,029_0074,sample_029_0074_000015,기밀정보
임무혁,029_0074,sample_029_0074_000020,개인정보
EMP-0456,029_0074,sample_029_0074_000020,개인정보
lim.mh@iotcorp.com,029_0074,sample_029_0074_000020,개인정보
vpn.internal.iotcorp.local,029_0074,sample_029_0074_000025,기밀정보
device_029_00075,029_0075,sample_029_0075_000003,기밀정보
HW-ACME-0001234,029_0075,sample_029_0075_000003,기밀정보
SN-2024-00077,029_0075,sample_029_0075_000003,기밀정보
GW-EDGE-03,029_0075,sample_029_0075_000004,기밀정보
DEV-CERT-58A3,029_0075,sample_029_0075_000009,기밀정보
device_029_00075,029_0075,sample_029_0075_000010,기밀정보
임미성,029_0075,sample_029_0075_000011,개인정보
2025-12-01T14:20:00Z,029_0075,sample_029_0075_000011,준식별자
CAL-CERT-2024-045,029_0075,sample_029_0075_000012,기밀정보
2024-11-20T08:00:00Z,029_0075,sample_029_0075_000012,준식별자
INST-2024-88,029_0075,sample_029_0075_000014,기밀정보
2024-03-15T09:30:00Z,029_0075,sample_029_0075_000014,준식별자
서울특별시 강남구,029_0075,sample_029_0075_000014,준식별자
GW-EDGE-03,029_0075,sample_029_0075_000015,기밀정보
GF-012,029_0075,sample_029_0075_000016,기밀정보
KEY-01-A5,029_0075,sample_029_0075_000017,기밀정보
EVT-000550,029_0075,sample_029_0075_000018,기밀정보
10.0.12.45,029_0075,sample_029_0075_000023,기밀정보
/srv/iot/logs/device_029_00075/,029_0075,sample_029_0075_000024,기밀정보
00:1A:7D:DA:71:13,029_0075,sample_029_0075_000025,기밀정보
HW-ACME-0001234,029_0075,sample_029_0075_000025,기밀정보
고효연,029_0075,sample_029_0075_000026,개인정보
ho@iot.example.com,029_0075,sample_029_0075_000026,개인정보
device-029-7A4B,029_0076,sample_029_0076_000002,기밀정보
HW-029-001A,029_0076,sample_029_0076_000002,기밀정보
SN-00076-9F,029_0076,sample_029_0076_000002,기밀정보
김순우,029_0076,sample_029_0076_000003,개인정보
msg-029-000123,029_0076,sample_029_0076_000004,기밀정보
gw-029-01,029_0076,sample_029_0076_000004,기밀정보
SIG-2025-OTA-029,029_0076,sample_029_0076_000007,기밀정보
CERT-029-DEV-AB12,029_0076,sample_029_0076_000008,기밀정보
twin-029-7,029_0076,sample_029_0076_000009,기밀정보
CAL-2024-029,029_0076,sample_029_0076_000010,기밀정보
GEOF-29-37,029_0076,sample_029_0076_000012,준식별자
37.5665,029_0076,sample_029_0076_000012,준식별자
126.9780,029_0076,sample_029_0076_000012,준식별자
msg-029-000456,029_0076,sample_029_0076_000013,기밀정보
나상혁,029_0076,sample_029_0076_000014,개인정보
/opt/iot/config/029/device.conf,029_0076,sample_029_0076_000014,기밀정보
msg-029-000789,029_0076,sample_029_0076_000021,기밀정보
홍이안,029_0076,sample_029_0076_000025,개인정보
진우현,029_0077,sample_029_0077_000012,개인정보
010-1234-5678,029_0077,sample_029_0077_000012,개인정보
사번: 20210012,029_0077,sample_029_0077_000012,개인정보
서울특별시,029_0077,sample_029_0077_000015,준식별자
강남구,029_0077,sample_029_0077_000015,준식별자
2024,029_0077,sample_029_0077_000015,준식별자
05,029_0077,sample_029_0077_000015,준식별자
12,029_0077,sample_029_0077_000015,준식별자
고문준,029_0077,sample_029_0077_000026,개인정보
CERT-89A3-REDACTED,029_0077,sample_029_0077_000009,기밀정보
10.0.8.45,029_0077,sample_029_0077_000016,기밀정보
KEY-77-BL,029_0077,sample_029_0077_000017,기밀정보
vpn.internal.corp,029_0077,sample_029_0077_000017,기밀정보
dev-029-00A1,029_0078,sample_029_0078_000002,기밀정보
hw-9F8B-029,029_0078,sample_029_0078_000003,기밀정보
SN-029-778812,029_0078,sample_029_0078_000004,기밀정보
10.10.128.45,029_0078,sample_029_0078_000005,기밀정보
gw-029-778,029_0078,sample_029_0078_000005,기밀정보
cert-029-78-5f4d,029_0078,sample_029_0078_000006,기밀정보
fwkey-7b2,029_0078,sample_029_0078_000007,기밀정보
서울특별시,029_0078,sample_029_0078_000008,준식별자
GF-서울-001,029_0078,sample_029_0078_000008,준식별자
calib-2024-07-11,029_0078,sample_029_0078_000014,기밀정보
허찬일,029_0078,sample_029_0078_000016,개인정보
20230078,029_0078,sample_029_0078_000016,개인정보
노지아,029_0078,sample_029_0078_000017,개인정보
maint-778,029_0078,sample_029_0078_000017,기밀정보
DEV-029-0079-A1,029_0079,sample_029_0079_000002,기밀정보
HW-SN-00123,029_0079,sample_029_0079_000002,기밀정보
SN-2025-0001,029_0079,sample_029_0079_000002,기밀정보
00:1A:7D:DA:71:13,029_0079,sample_029_0079_000002,기밀정보
GW-01-FFEE,029_0079,sample_029_0079_000003,기밀정보
GEOFENCE-42,029_0079,sample_029_0079_000003,기밀정보
CERT-ABCD-1234,029_0079,sample_029_0079_000008,기밀정보
10.0.0.45,029_0079,sample_029_0079_000009,기밀정보
/mnt/docs/install/029_0079_report.pdf,029_0079,sample_029_0079_000013,기밀정보
10.0.1.12,029_0079,sample_029_0079_000023,기밀정보
서울특별시 강남구,029_0079,sample_029_0079_000010,준식별자
윤홍준,029_0079,sample_029_0079_000010,개인정보
노장수,029_0079,sample_029_0079_000025,개인정보
/var/log/iot/gateway/GW-01-FFEE.log,029_0079,sample_029_0079_000026,기밀정보
device-7a3f-0001,029_0080,sample_029_0080_000002,기밀정보
HW-9C4B-12,029_0080,sample_029_0080_000003,기밀정보
gw-01.internal,029_0080,sample_029_0080_000004,기밀정보
10.0.1.5,029_0080,sample_029_0080_000004,기밀정보
안서하,029_0080,sample_029_0080_000005,개인정보
010-1234-5678,029_0080,sample_029_0080_000005,개인정보
an.seoha@example.com,029_0080,sample_029_0080_000005,개인정보
서울특별시 강남구,029_0080,sample_029_0080_000006,준식별자
https://internal-update.corp/ota/device-7a3f,029_0080,sample_029_0080_000009,기밀정보
CERT-DEVICE-9A7B,029_0080,sample_029_0080_000011,기밀정보
device_twin_7a3f.json,029_0080,sample_029_0080_000012,기밀정보
s3://corp-iot/maintenance/rec-2025-01-05.json,029_0080,sample_029_0080_000019,기밀정보
s3://corp-iot/datasheets/thermistor-v2.pdf,029_0080,sample_029_0080_000020,기밀정보
s3://corp-iot/calibration/cert-device-7a3f.pdf,029_0080,sample_029_0080_000021,기밀정보
installation-report://site/gangnam/inst-2025-01-03,029_0080,sample_029_0080_000022,기밀정보
문현이,029_0080,sample_029_0080_000026,개인정보
신진웅,029_0081,sample_029_0081_000006,개인정보
"서울특별시 종로구 종로 1길 12-3, 502호",029_0081,sample_029_0081_000006,개인정보
서울특별시,029_0081,sample_029_0081_000006,준식별자
종로구,029_0081,sample_029_0081_000006,준식별자
010-1234-5678,029_0081,sample_029_0081_000006,개인정보
contact@iot-ops.co.kr,029_0081,sample_029_0081_000006,개인정보
CERT-029-A12F,029_0081,sample_029_0081_000012,기밀정보
10.0.0.12,029_0081,sample_029_0081_000012,기밀정보
https://internal-api.iot-corp.internal/v1,029_0081,sample_029_0081_000012,기밀정보
SIG-7D3E,029_0081,sample_029_0081_000013,기밀정보
PK_REF_9b2,029_0081,sample_029_0081_000013,기밀정보
류서율,029_0082,sample_029_0082_000015,개인정보
류서율,029_0082,sample_029_0082_000016,개인정보
ryu.seoyul@example.com,029_0082,sample_029_0082_000016,개인정보
010-1234-5678,029_0082,sample_029_0082_000016,개인정보
사번=20245,029_0082,sample_029_0082_000016,개인정보
주현선,029_0082,sample_029_0082_000017,개인정보
010-9876-5432,029_0082,sample_029_0082_000017,개인정보
1987-03-14,029_0082,sample_029_0082_000015,준식별자
서울특별시 강남구,029_0082,sample_029_0082_000018,준식별자
10.10.55.23,029_0082,sample_029_0082_000013,기밀정보
vpn.internal.corp,029_0082,sample_029_0082_000013,기밀정보
s3://internal-firmwares/firmware_v2.1.bin,029_0082,sample_029_0082_000013,기밀정보
CERT-AB12-2025,029_0082,sample_029_0082_000012,기밀정보
KEY-OMA-001,029_0082,sample_029_0082_000012,기밀정보
private.pem,029_0082,sample_029_0082_000025,기밀정보
internal-docs/datasheets/HW-A1-452.pdf,029_0082,sample_029_0082_000029,기밀정보
진나린,029_0083,sample_029_0083_000012,개인정보
37.5665,029_0083,sample_029_0083_000006,준식별자
126.9780,029_0083,sample_029_0083_000006,준식별자
2025-09-11,029_0083,sample_029_0083_000013,준식별자
10.128.12.45,029_0083,sample_029_0083_000007,기밀정보
DEV-CERT-83-20260107,029_0083,sample_029_0083_000010,기밀정보
HW-AX1000,029_0084,sample_029_0084_000003,기밀정보
SN-0001234567,029_0084,sample_029_0084_000003,기밀정보
SIG_5501,029_0084,sample_029_0084_000008,기밀정보
CERT_ID_20260101,029_0084,sample_029_0084_000009,기밀정보
intra-certs.corp.internal,029_0084,sample_029_0084_000009,기밀정보
10.10.5.23,029_0084,sample_029_0084_000010,기밀정보
/opt/iot/config/device/029_0084.json,029_0084,sample_029_0084_000010,기밀정보
지상하,029_0084,sample_029_0084_000011,개인정보
지상하,029_0084,sample_029_0084_000012,개인정보
주하경,029_0084,sample_029_0084_000012,개인정보
2024-0456,029_0084,sample_029_0084_000012,개인정보
010-1234-5678,029_0084,sample_029_0084_000012,개인정보
jsh@iot-example.kr,029_0084,sample_029_0084_000012,개인정보
"서울특별시 강남구 테헤란로 12길 34, 5층",029_0084,sample_029_0084_000012,개인정보
서울특별시,029_0084,sample_029_0084_000012,준식별자
강남구,029_0084,sample_029_0084_000012,준식별자
남성숙,029_0084,sample_029_0084_000013,개인정보
CAL_20250115,029_0084,sample_029_0084_000014,기밀정보
10.0.2.1,029_0084,sample_029_0084_000020,기밀정보
vpn.corp.internal,029_0084,sample_029_0084_000021,기밀정보
서울특별시,029_0084,sample_029_0084_000022,준식별자
강남구,029_0084,sample_029_0084_000022,준식별자
dev-00085-9A3F,029_0085,sample_029_0085_000002,기밀정보
HW-5A3C-990,029_0085,sample_029_0085_000002,기밀정보
SN-202502-8793,029_0085,sample_029_0085_000002,기밀정보
192.0.2.12,029_0085,sample_029_0085_000006,기밀정보
00:1A:7D:DA:71:13,029_0085,sample_029_0085_000006,기밀정보
CERT-2025-0001,029_0085,sample_029_0085_000008,기밀정보
tok_ABC123SECRET,029_0085,sample_029_0085_000009,기밀정보
ota.internal.corp,029_0085,sample_029_0085_000011,기밀정보
윤재유,029_0085,sample_029_0085_000013,개인정보
사번 2025-117,029_0085,sample_029_0085_000013,개인정보
yjy.engineer@example.com,029_0085,sample_029_0085_000014,개인정보
010-1234-5678,029_0085,sample_029_0085_000014,개인정보
서울특별시,029_0085,sample_029_0085_000016,준식별자
강남구,029_0085,sample_029_0085_000016,준식별자
역삼동,029_0085,sample_029_0085_000016,준식별자
37.4979,029_0085,sample_029_0085_000016,준식별자
127.0276,029_0085,sample_029_0085_000016,준식별자
/var/internal/ota/2025,029_0085,sample_029_0085_000020,기밀정보
CC-2024-77,029_0085,sample_029_0085_000021,기밀정보
dev-00085-9A3F,029_0085,sample_029_0085_000024,기밀정보
서브랜든,029_0085,sample_029_0085_000027,개인정보
device-00098765,029_0086,sample_029_0086_000003,기밀정보
HW-RT-7731,029_0086,sample_029_0086_000003,기밀정보
SN-SNL-AX9-00012345,029_0086,sample_029_0086_000003,기밀정보
CERT-AB12-XXXX,029_0086,sample_029_0086_000007,기밀정보
10.4.23.7,029_0086,sample_029_0086_000013,기밀정보
/internal/docs/install/029_0086_install.pdf,029_0086,sample_029_0086_000021,기밀정보
KID-7742,029_0086,sample_029_0086_000024,기밀정보
안민아,029_0086,sample_029_0086_000019,개인정보
amina.ops@company.kr,029_0086,sample_029_0086_000020,개인정보
010-1234-5678,029_0086,sample_029_0086_000020,개인정보
조규민,029_0086,sample_029_0086_000023,개인정보
서울특별시,029_0086,sample_029_0086_000017,준식별자
강남구,029_0086,sample_029_0086_000017,준식별자
latitude=37.4979,029_0086,sample_029_0086_000017,준식별자
longitude=127.0276,029_0086,sample_029_0086_000017,준식별자
dev-2026001,029_0087,sample_029_0087_000002,기밀정보
HW-77821,029_0087,sample_029_0087_000002,기밀정보
SN-00987,029_0087,sample_029_0087_000002,기밀정보
10.8.32.45,029_0087,sample_029_0087_000008,기밀정보
CERT_87A3,029_0087,sample_029_0087_000012,기밀정보
김나운,029_0087,sample_029_0087_000016,개인정보
전현진,029_0087,sample_029_0087_000017,개인정보
37.5665,029_0087,sample_029_0087_000020,준식별자
126.9780,029_0087,sample_029_0087_000020,준식별자
00:1A:7D:DA:71:13,029_0087,sample_029_0087_000023,기밀정보
/mnt/docs/install/inst-2026-01-03-summary.pdf,029_0087,sample_029_0087_000015,기밀정보
/mnt/docs/datasheet/AS-THV-01-v1.pdf,029_0087,sample_029_0087_000025,기밀정보
류가호,029_0087,sample_029_0087_000027,개인정보
곽도원,029_0088,sample_029_0088_000013,개인정보
"서울특별시 강남구 테헤란로 123, 101동 1001호",029_0088,sample_029_0088_000016,개인정보
서울특별시,029_0088,sample_029_0088_000016,준식별자
강남구,029_0088,sample_029_0088_000016,준식별자
2025,029_0088,sample_029_0088_000013,준식별자
04,029_0088,sample_029_0088_000013,준식별자
15,029_0088,sample_029_0088_000013,준식별자
DEV-CERT-9A3F,029_0088,sample_029_0088_000010,기밀정보
10.0.5.12,029_0088,sample_029_0088_000022,기밀정보
FW_SIGN_KEY-PRD,029_0088,sample_029_0088_000011,기밀정보
CAL-20250415-A,029_0088,sample_029_0088_000014,기밀정보
dev-2025-0001,029_0089,sample_029_0089_000004,기밀정보
HWID-3377-9A,029_0089,sample_029_0089_000004,기밀정보
GF-Seoul-01,029_0089,sample_029_0089_000004,준식별자
"37.5665,126.9780",029_0089,sample_029_0089_000004,준식별자
OTAKEY-2025-1,029_0089,sample_029_0089_000006,기밀정보
CERT-AB12-XXXX,029_0089,sample_029_0089_000007,기밀정보
임서안,029_0089,sample_029_0089_000008,개인정보
서형모,029_0089,sample_029_0089_000009,개인정보
조원정,029_0089,sample_029_0089_000011,개인정보
10.10.0.21,029_0089,sample_029_0089_000015,기밀정보
mqtt-internal.company.local,029_0089,sample_029_0089_000015,기밀정보
SN-998877,029_0089,sample_029_0089_000023,기밀정보
device-AC12-FF09,029_0090,sample_029_0090_000002,기밀정보
HW-SN-7788-XL,029_0090,sample_029_0090_000002,기밀정보
gw-core-01,029_0090,sample_029_0090_000002,기밀정보
"37.566535,126.977969",029_0090,sample_029_0090_000002,준식별자
GF-SEOUL-01,029_0090,sample_029_0090_000002,준식별자
CERT-2025-0001,029_0090,sample_029_0090_000003,기밀정보
00:1A:7D:DA:71:13,029_0090,sample_029_0090_000004,기밀정보
최민설,029_0090,sample_029_0090_000006,개인정보
남유승,029_0090,sample_029_0090_000007,개인정보
서울특별시,029_0090,sample_029_0090_000007,준식별자
서울특별시,029_0091,sample_029_0091_000007,준식별자
강남구,029_0091,sample_029_0091_000007,준식별자
CERT-DEVICE-7F3A,029_0091,sample_029_0091_000008,기밀정보
https://internal-updates.iothub.local/ota,029_0091,sample_029_0091_000010,기밀정보
/mnt/firmware/ota/v1.2.3.bin,029_0091,sample_029_0091_000010,기밀정보
10.0.12.45,029_0091,sample_029_0091_000010,기밀정보
정한비,029_0091,sample_029_0091_000011,개인정보
채완수,029_0091,sample_029_0091_000011,개인정보
20234,029_0091,sample_029_0091_000011,개인정보
+82-10-1234-5678,029_0091,sample_029_0091_000011,개인정보
park.s@iotcorp.co.kr,029_0091,sample_029_0091_000011,개인정보
박설현,029_0091,sample_029_0091_000012,개인정보
1988-05-12,029_0091,sample_029_0091_000012,준식별자
황현성,029_0091,sample_029_0091_000015,개인정보
송송윤,029_0091,sample_029_0091_000024,개인정보
천수향,029_0092,sample_029_0092_000002,개인정보
ts_hyang@example.com,029_0092,sample_029_0092_000002,개인정보
+82-10-5555-0001,029_0092,sample_029_0092_000002,개인정보
서울특별시,029_0092,sample_029_0092_000003,준식별자
강남구,029_0092,sample_029_0092_000003,준식별자
2025,029_0092,sample_029_0092_000004,준식별자
11,029_0092,sample_029_0092_000004,준식별자
20,029_0092,sample_029_0092_000004,준식별자
device-029-00092-A1,029_0092,sample_029_0092_000005,기밀정보
HW-9A3B-001122,029_0092,sample_029_0092_000005,기밀정보
SN-20260108-0007,029_0092,sample_029_0092_000005,기밀정보
msg-0000001234,029_0092,sample_029_0092_000009,기밀정보
CERT-2026-0290092-0001,029_0092,sample_029_0092_000014,기밀정보
손재록,029_0092,sample_029_0092_000016,개인정보
MR-20260105-07,029_0092,sample_029_0092_000016,기밀정보
CAL-2025-9902,029_0092,sample_029_0092_000017,기밀정보
https://internal.api.iot.local/update,029_0092,sample_029_0092_000019,기밀정보
10.0.12.34,029_0092,sample_029_0092_000019,기밀정보
vpn.iot.corp.internal,029_0092,sample_029_0092_000020,기밀정보
양민식,029_0093,sample_029_0093_000010,개인정보
서울특별시 중구,029_0093,sample_029_0093_000014,준식별자
DEV-CERT-029-A1,029_0093,sample_029_0093_000008,기밀정보
10.0.3.12,029_0093,sample_029_0093_000018,기밀정보
dev-029-0094-1A2B,029_0094,sample_029_0094_000002,기밀정보
msg-00094-a1,029_0094,sample_029_0094_000002,기밀정보
2025,029_0094,sample_029_0094_000002,준식별자
01,029_0094,sample_029_0094_000002,준식별자
05,029_0094,sample_029_0094_000002,준식별자
HW-94-7C23,029_0094,sample_029_0094_000003,기밀정보
SN-00094-XY03,029_0094,sample_029_0094_000003,기밀정보
gw-047-05,029_0094,sample_029_0094_000004,기밀정보
GF-0094,029_0094,sample_029_0094_000005,기밀정보
cert-029-ABCD,029_0094,sample_029_0094_000008,기밀정보
twin-029-0094.json,029_0094,sample_029_0094_000009,기밀정보
최동윤,029_0094,sample_029_0094_000010,개인정보
2025,029_0094,sample_029_0094_000010,준식별자
01,029_0094,sample_029_0094_000010,준식별자
06,029_0094,sample_029_0094_000010,준식별자
CAL-2025-0094,029_0094,sample_029_0094_000011,기밀정보
datasheet_v2.pdf,029_0094,sample_029_0094_000012,기밀정보
서울특별시,029_0094,sample_029_0094_000013,준식별자
강남구,029_0094,sample_029_0094_000013,준식별자
역삼동,029_0094,sample_029_0094_000013,준식별자
김기주,029_0094,sample_029_0094_000022,개인정보
2025,029_0094,sample_029_0094_000022,준식별자
02,029_0094,sample_029_0094_000022,준식별자
15,029_0094,sample_029_0094_000022,준식별자
윤희수,029_0094,sample_029_0094_000028,개인정보
2025,029_0094,sample_029_0094_000028,준식별자
01,029_0094,sample_029_0094_000028,준식별자
07,029_0094,sample_029_0094_000028,준식별자
device-029-0001,029_0095,sample_029_0095_000002,기밀정보
HW-SN-0095-7F,029_0095,sample_029_0095_000003,기밀정보
msg-20260108-0001,029_0095,sample_029_0095_000004,기밀정보
gw-029-edge-01,029_0095,sample_029_0095_000004,기밀정보
CERT-DEV-029-0095,029_0095,sample_029_0095_000008,기밀정보
https://internal.corp.local/device/029,029_0095,sample_029_0095_000010,기밀정보
10.10.0.5,029_0095,sample_029_0095_000010,기밀정보
SN-AB12-3456,029_0095,sample_029_0095_000022,기밀정보
김선호,029_0095,sample_029_0095_000025,개인정보
윤은수,029_0095,sample_029_0095_000026,개인정보
device-00012345,029_0096,sample_029_0096_000002,기밀정보
HW-98A7-0001,029_0096,sample_029_0096_000002,기밀정보
SN-20250101-XYZ,029_0096,sample_029_0096_000002,기밀정보
msg-0000001,029_0096,sample_029_0096_000003,일반정보
gw-7890,029_0096,sample_029_0096_000004,기밀정보
AA:BB:CC:DD:EE:FF,029_0096,sample_029_0096_000006,기밀정보
10.240.5.12,029_0096,sample_029_0096_000006,기밀정보
CERT-2025-0290096,029_0096,sample_029_0096_000007,기밀정보
김지수,029_0096,sample_029_0096_000008,개인정보
+82-10-2345-6789,029_0096,sample_029_0096_000008,개인정보
jisu.kim@example.com,029_0096,sample_029_0096_000010,개인정보
서울특별시,029_0096,sample_029_0096_000011,준식별자
37.5665,029_0096,sample_029_0096_000011,준식별자
126.9780,029_0096,sample_029_0096_000011,준식별자
HW-SN-9482,029_0097,sample_029_0097_000002,기밀정보
37.5665,029_0097,sample_029_0097_000005,준식별자
126.9780,029_0097,sample_029_0097_000005,준식별자
10.0.5.22,029_0097,sample_029_0097_000006,기밀정보
DC-00077,029_0097,sample_029_0097_000013,기밀정보
PK-77,029_0097,sample_029_0097_000013,기밀정보
류선용,029_0097,sample_029_0097_000014,개인정보
남봉학,029_0097,sample_029_0097_000015,개인정보
송이나,029_0097,sample_029_0097_000016,개인정보
2021007,029_0097,sample_029_0097_000016,개인정보
CAL-2025-99,029_0097,sample_029_0097_000017,기밀정보
https://assets.example.com/datasheets/acme-therm-1.3.pdf,029_0097,sample_029_0097_000018,기밀정보
고찬성,029_0098,sample_029_0098_000010,개인정보
사번: 20245,029_0098,sample_029_0098_000010,개인정보
서울특별시,029_0098,sample_029_0098_000005,준식별자
HW-7A9C-001,029_0098,sample_029_0098_000007,기밀정보
DEV_CERT_029_0098,029_0098,sample_029_0098_000008,기밀정보
10.0.4.12,029_0098,sample_029_0098_000009,기밀정보
HW-AX1000-999,029_0099,sample_029_0099_000002,기밀정보
SN-321-XYZ,029_0099,sample_029_0099_000002,기밀정보
서울특별시,029_0099,sample_029_0099_000003,준식별자
강남구,029_0099,sample_029_0099_000003,준식별자
device-000099,029_0099,sample_029_0099_000004,기밀정보
2026,029_0099,sample_029_0099_000004,준식별자
01,029_0099,sample_029_0099_000004,준식별자
08,029_0099,sample_029_0099_000004,준식별자
2026,029_0099,sample_029_0099_000005,준식별자
01,029_0099,sample_029_0099_000005,준식별자
08,029_0099,sample_029_0099_000005,준식별자
CERT-2025-AB12,029_0099,sample_029_0099_000006,기밀정보
10.10.32.5,029_0099,sample_029_0099_000018,기밀정보
2026,029_0099,sample_029_0099_000006,준식별자
01,029_0099,sample_029_0099_000006,준식별자
08,029_0099,sample_029_0099_000006,준식별자
지국,029_0099,sample_029_0099_000008,개인정보
jiguk.ops@example.com,029_0099,sample_029_0099_000008,개인정보
2025,029_0099,sample_029_0099_000008,준식별자
11,029_0099,sample_029_0099_000008,준식별자
20,029_0099,sample_029_0099_000008,준식별자
https://datasheets.corp/iot/ax1000.pdf,029_0099,sample_029_0099_000010,기밀정보
2025,029_0099,sample_029_0099_000012,준식별자
11,029_0099,sample_029_0099_000012,준식별자
18,029_0099,sample_029_0099_000012,준식별자
https://iot-internal.corp:8443,029_0099,sample_029_0099_000018,기밀정보
dev-029-0001AB,029_0100,sample_029_0100_000003,기밀정보
HW-7701,029_0100,sample_029_0100_000003,기밀정보
msg-000123456789,029_0100,sample_029_0100_000006,기밀정보
gateway-1a2b3c,029_0100,sample_029_0100_000009,기밀정보
서울특별시,029_0100,sample_029_0100_000011,준식별자
latitude: 37.50,029_0100,sample_029_0100_000012,준식별자
longitude: 127.03,029_0100,sample_029_0100_000012,준식별자
GF-0099,029_0100,sample_029_0100_000013,기밀정보
SIG-XYZ-9876,029_0100,sample_029_0100_000018,기밀정보
CERT-ABCD-1234,029_0100,sample_029_0100_000019,기밀정보
원예윤,029_0100,sample_029_0100_000021,개인정보
CC-20251215-77,029_0100,sample_029_0100_000022,기밀정보
안봄이,029_0100,sample_029_0100_000023,개인정보
강남구,029_0100,sample_029_0100_000023,준식별자
/docs/datasheet/HW-7701_v1.2.pdf,029_0100,sample_029_0100_000024,기밀정보
/reports/install/029/2025-11-01_install.pdf,029_0100,sample_029_0100_000025,기밀정보
SN-77-2025-AB,029_0100,sample_029_0100_000026,기밀정보
10.10.55.23,029_0100,sample_029_0100_000027,기밀정보
gateway-1a2b3c,029_0100,sample_029_0100_000027,기밀정보
