{
    "document_id": "079_0008",
    "document_title": "스마트 텍스타일 S-Fabric 기술 명세서 및 시험보고서",
    "data": [
        {
            "sentence": "문서 작성일시는 2026-01-23T10:15:30Z ISO8601 형식으로 기록되며 모든 타임스탬프는 UTC 기준입니다.",
            "id": "sample_079_0008_000001",
            "annotations": []
        },
        {
            "sentence": "product_id는 STEF-2025-001로 표기되며 제품명은 '스마트 세이프티 텍스타일 S-Fabric'입니다.",
            "id": "sample_079_0008_000002",
            "annotations": []
        },
        {
            "sentence": "제품 설명: 본 섬유는 직조된 전도성 실과 유연 PCB를 임베디드하여 심박(ECG) 및 압력 센싱 기능을 제공하는 모듈형 스마트 텍스타일입니다.",
            "id": "sample_079_0008_000003",
            "annotations": []
        },
        {
            "sentence": "materials: 전도성 실(Cu-Ag 도금 나일론), 폴리우레탄 코팅, TPU 전원층, PET 분리층 및 비전도성 내피가 혼합된 구조입니다.",
            "id": "sample_079_0008_000004",
            "annotations": []
        },
        {
            "sentence": "sensor_types: 금속 산화물 기반 압력 센서, ECG 전극, 서미스터 온도 센서 및 전도성 스트레인 게이지가 통합되어 있습니다.",
            "id": "sample_079_0008_000005",
            "annotations": []
        },
        {
            "sentence": "embedded_components: 유연 PCB(두께 0.2 mm), BLE 통신 모듈, PMIC(Power Management IC), 충전회로 및 과전류 보호회로가 포함됩니다.",
            "id": "sample_079_0008_000006",
            "annotations": []
        },
        {
            "sentence": "supplier_info: 공급자 텍스전자(주), 공급자 로트 LOT-2025-07-A1234, 원산지: KR(대한민국)로 추적 가능합니다.",
            "id": "sample_079_0008_000007",
            "annotations": [
                {
                    "word": "LOT-2025-07-A1234",
                    "start": 35,
                    "end": 52,
                    "label": "기밀정보"
                }
            ]
        },
        {
            "sentence": "power_source: 리튬폴리머 셀 3.7 V 정격, 정격용량 250 mAh, 충전전류 제한 250 mA, 과방전 차단 전압 3.0 V로 설계되었습니다.",
            "id": "sample_079_0008_000008",
            "annotations": []
        },
        {
            "sentence": "communication_protocols: BLE 5.2 (GATT 프로파일), UART(115200 baud), I2C(100 kHz) 및 OTA(firmware over-the-air) 업데이트 채널을 지원합니다.",
            "id": "sample_079_0008_000009",
            "annotations": []
        },
        {
            "sentence": "firmware_version 현행은 FW_1.3.2이며 펌웨어는 OTA로 배포되고 릴리스 노트에서 호환성 영향 및 하위호환성 여부를 표기합니다.",
            "id": "sample_079_0008_000010",
            "annotations": []
        },
        {
            "sentence": "software_interfaces: JSON 기반 telemetry API와 RESTful endpoints를 제공하며 api_schema는 telemetry, control, maintenance 객체를 포함합니다.",
            "id": "sample_079_0008_000011",
            "annotations": []
        },
        {
            "sentence": "코드 저장소 및 내부 빌드 서버는 git.internal.corp/tex_e-fabric 경로에 위치하며 접근은 사내 VPN으로 제한됩니다.",
            "id": "sample_079_0008_000012",
            "annotations": [
                {
                    "word": "git.internal.corp/tex_e-fabric",
                    "start": 19,
                    "end": 49,
                    "label": "기밀정보"
                }
            ]
        },
        {
            "sentence": "manufacturing_process: 편직→전도성 코일 적층→임베딩(유연 PCB)→코팅(화학적 방수)→검사→포장 순으로 공정이 구성됩니다.",
            "id": "sample_079_0008_000013",
            "annotations": []
        },
        {
            "sentence": "BOM: 전도성 실(파트번호 CS-17), 유연 PCB(파트번호 FPC-08), PMIC(MPN PM-110), 커넥터 및 포장재로 항목화 되어 있습니다.",
            "id": "sample_079_0008_000014",
            "annotations": []
        },
        {
            "sentence": "performance_metrics: 전극 임피던스 평균 5 kΩ(25 °C 기준), 압력 감도 0.4 mV/kPa, 센서 응답시간 < 10 ms로 규정합니다.",
            "id": "sample_079_0008_000015",
            "annotations": []
        },
        {
            "sentence": "센서 시계열 데이터 샘플링은 ECG 250 Hz, 압력 100 Hz이며 해상도는 12 bit, 측정 단위는 mV 및 kPa로 표준화되어 있습니다.",
            "id": "sample_079_0008_000016",
            "annotations": []
        },
        {
            "sentence": "각 센서 메타데이터는 sampling_period, resolution, unit, calibration_status 및 firmware_version 필드를 포함하도록 정의됩니다.",
            "id": "sample_079_0008_000017",
            "annotations": []
        },
        {
            "sentence": "calibration_status: 모든 센서는 출하 전에 'calibrated'로 표기되며 교정 로그 및 보정 계수는 JSON 형식으로 보존됩니다.",
            "id": "sample_079_0008_000018",
            "annotations": []
        },
        {
            "sentence": "테스트 리포트: ISO 10993-5 세포독성 시험 결과는 '합격'이며 보고서 ID는 TR-2025-089로 기록되어 있습니다.",
            "id": "sample_079_0008_000019",
            "annotations": [
                {
                    "word": "TR-2025-089",
                    "start": 48,
                    "end": 59,
                    "label": "기밀정보"
                }
            ]
        },
        {
            "sentence": "방수 등급 시험: IEC 60529 기준으로 IP67 판정을 받았으며 진동 및 굽힘 피로 시험은 10000 사이클 조건에서 성능 유지율 92%입니다.",
            "id": "sample_079_0008_000020",
            "annotations": []
        },
        {
            "sentence": "제품 안전 사양: 최대 표면전압 5 V, 누설전류 < 100 µA로 저전압·저전류 안전 기준을 만족하며 난연성 요구사항을 반영했습니다.",
            "id": "sample_079_0008_000021",
            "annotations": []
        },
        {
            "sentence": "생체데이터 처리 정책: 원천적으로 익명화 후 처리하며 consent 메타데이터(consent: true, consent_timestamp: 2025-11-02T09:00:00Z)를 포함합니다.",
            "id": "sample_079_0008_000022",
            "annotations": []
        },
        {
            "sentence": "의료기기 분류 검토: 본 제품은 ECG 생체신호를 취급하므로 '의료기기 규제: 검토 필요'로 표기하여 추가 규제 검토를 권고합니다.",
            "id": "sample_079_0008_000023",
            "annotations": []
        },
        {
            "sentence": "재료 및 환경 영향(LCA): 제품당 탄소배출량 3.2 kgCO2e, 재활용 가능성 68%, 주요 유해물질은 RoHS/REACH 기준에 부합합니다.",
            "id": "sample_079_0008_000024",
            "annotations": []
        },
        {
            "sentence": "규제인증: RoHS 및 REACH 제한물질 테스트는 합격으로 표기되어 있으며 인증서 및 시험문서는 내부 문서관리 시스템에 보관됩니다.",
            "id": "sample_079_0008_000025",
            "annotations": []
        },
        {
            "sentence": "인터페이스 표준 및 상호운용성: 통신 프로토콜, api_schema를 명세하며 BLE 프로파일과 JSON 스키마로 상호운용성을 확보합니다.",
            "id": "sample_079_0008_000026",
            "annotations": []
        },
        {
            "sentence": "호환성 고지: BLE는 하위호환성을 유지하나 UART 프로토콜 버전 변경 시 하위호환성 없음이 있으며 펌웨어 릴리스 노트에 명시됩니다.",
            "id": "sample_079_0008_000027",
            "annotations": []
        },
        {
            "sentence": "유지보수 및 세탁지침: 세탁망 사용, 세탁온도 30 °C 이하, 표준 세제 사용 권장, 최대 세탁 사이클 50회를 권고합니다.",
            "id": "sample_079_0008_000028",
            "annotations": []
        },
        {
            "sentence": "프로젝트 책임자: 제품매니저 남죠셉이 기술적 의사결정을 주도하며 관련 기록은 내부 시스템에 저장됩니다.",
            "id": "sample_079_0008_000029",
            "annotations": [
                {
                    "word": "남죠셉",
                    "start": 16,
                    "end": 19,
                    "label": "개인정보"
                }
            ]
        }
    ]
}