{
    "document_id": "079_0067",
    "document_title": "스마트 텍스타일 통합 설계·시험·생산·유지보수 기술보고서",
    "data": [
        {
            "sentence": "문서 개요: 본 문서는 스마트 텍스타일 및 전자섬유 제품의 설계·시험·생산·유지보수 데이터를 통합하여 기술하는 기술문서입니다.",
            "id": "sample_079_0067_000001",
            "annotations": []
        },
        {
            "sentence": "product_id: STX-079-0067, product_name: 'AeroWeave E-Fabric', description: 유연 센서 임베딩 및 저전력 통신을 지원하는 스마트 직물입니다.",
            "id": "sample_079_0067_000002",
            "annotations": []
        },
        {
            "sentence": "materials: 전도성 은도금 실(Ag-coated yarn, 12.5 g/m), 폴리에스터 복합 섬유(단섬유 직경 15 µm), 폴리우레탄 코팅을 사용합니다.",
            "id": "sample_079_0067_000003",
            "annotations": []
        },
        {
            "sentence": "sensor_types: 온도 센서(thermistor), 가속도계(3-axis MEMS), 정전용량식 터치패드, ECG 전극(무선 수집)을 포함합니다.",
            "id": "sample_079_0067_000004",
            "annotations": []
        },
        {
            "sentence": "embedded_components: 유연 PCB, MCU(nRF52840), 전력관리 IC, BLE 모듈, 충전 회로 및 보호 회로가 포함됩니다.",
            "id": "sample_079_0067_000005",
            "annotations": []
        },
        {
            "sentence": "power_source: 리튬폴리머 배터리 3.7 V, 120 mAh; 충전 전압 제한 4.2 V, 온도 운용 범위 -20 °C~60 °C를 준수합니다.",
            "id": "sample_079_0067_000006",
            "annotations": []
        },
        {
            "sentence": "communication_protocols: BLE 5.0(2.4 GHz, 출력 제한 규격 준수), UART(3.3 V TTL), I2C(100 kHz/400 kHz), NFC(NF type-A) 등을 지원합니다.",
            "id": "sample_079_0067_000007",
            "annotations": []
        },
        {
            "sentence": "firmware_version: 2024.09.15-rc1, 펌웨어 변경 로그와 하위호환성 정보는 릴리스 노트에 기록됩니다.",
            "id": "sample_079_0067_000008",
            "annotations": []
        },
        {
            "sentence": "software_interfaces: REST API JSON 스키마 및 MQTT topic 구조를 지원하며 api_schema 예시는 별도 문서로 제공됩니다.",
            "id": "sample_079_0067_000009",
            "annotations": []
        },
        {
            "sentence": "manufacturing_process: 직조(weaving)→임베딩(embedded sensor)→코팅(coating)→열처리(120 °C·300 s)→검수 단계로 정의합니다.",
            "id": "sample_079_0067_000010",
            "annotations": []
        },
        {
            "sentence": "supplier_info: BOM 항목은 공급자 코드, 부품명, 공급자 로트(lot_number), 원산지 정보를 포함하여 추적 가능하게 기록합니다.",
            "id": "sample_079_0067_000011",
            "annotations": []
        },
        {
            "sentence": "BOM 예시: YAR-AG-12.5(Ag yarn) 공급자: KOREA-CONDUCT, lot_number: LC20240801, CAS 제한 물질 적용 RoHS/REACH 검토 완료.",
            "id": "sample_079_0067_000012",
            "annotations": [
                {
                    "word": "LC20240801",
                    "start": 61,
                    "end": 71,
                    "label": "기밀정보"
                }
            ]
        },
        {
            "sentence": "performance_metrics: 유연성 시험(굽힘 피로 10000 사이클 통과), 세탁성(세탁 50 사이클 후 센서 응답 보존 95 %), 전력소모 평균 0.12 W @ 3.7 V 평형 상태.",
            "id": "sample_079_0067_000013",
            "annotations": []
        },
        {
            "sentence": "testing_reports: ISO 6330 세탁성 테스트, IEC 60950 전기안전 표준 매핑, 보고서 ID: TR-2024-079-001, 결과: 합격(PASS), 세부 수치 포함.",
            "id": "sample_079_0067_000014",
            "annotations": []
        },
        {
            "sentence": "safety: 제품은 저전압·저전류 설계를 적용하여 인체 감전 위험을 제한하며 난연성 요구사항에 따라 섬유는 V-0 등급 수준을 목표로 설계합니다.",
            "id": "sample_079_0067_000015",
            "annotations": []
        },
        {
            "sentence": "세탁 및 유지보수 지침: 최대 세탁 온도 40 °C, 표준 가정용 세탁기 40 ℃ 프로그램 사용, 표백제 사용 금지, 건조 온도 최대 60 °C 권장.",
            "id": "sample_079_0067_000016",
            "annotations": []
        },
        {
            "sentence": "센서 시계열 데이터 예: ECG 250 Hz, sampling_period: PT0.004S, resolution: 12 bit, unit: mV, calibration_status: calibrated 2024-08-05T10:00:00Z, firmware_version: 2024.09.15-rc1.",
            "id": "sample_079_0067_000017",
            "annotations": []
        },
        {
            "sentence": "가속도계 데이터 예: 100 Hz sampling_period: PT0.01S, resolution: 16 bit, unit: m·s^-2, 범위 ±16 m·s^-2, calibration_status: uncalibrated, last_calibration: 2024-07-01T12:00:00Z.",
            "id": "sample_079_0067_000018",
            "annotations": []
        },
        {
            "sentence": "데이터 프라이버시: 생체데이터는 익명화 처리하며 저장 시 consent 필드(동의: true/false)와 동의 타임스탬프(consent_timestamp: 2024-07-15T09:00:00Z)를 포함합니다.",
            "id": "sample_079_0067_000019",
            "annotations": []
        },
        {
            "sentence": "의료기기 관련: ECG 전극 데이터 처리 기능으로 인해 의료기기 규제: 검토 필요로 표기하며 관련 규제 검토 결과에 따라 추가 인증을 요구합니다.",
            "id": "sample_079_0067_000020",
            "annotations": []
        },
        {
            "sentence": "배터리 안전: 충·방전 제어, 과전압 차단, 과온도 감지 및 셀 밸런싱 로직을 내장하며 충전 임계값은 4.2 V, 절대 최소 허용 전압 3.0 V로 설계합니다.",
            "id": "sample_079_0067_000021",
            "annotations": []
        },
        {
            "sentence": "환경 LCA: 전 제품 라이프사이클 CO2e 배출량 3.2 kgCO2e/제품, 재활용성 지표 62 %, 유해물질 관리 준수 여부: RoHS 준수.",
            "id": "sample_079_0067_000022",
            "annotations": []
        },
        {
            "sentence": "인터페이스 표준 및 상호운용성: communication_protocols 필수 필드와 api_schema를 제공하며 호환성 제약으로 BLE 4.0 이하와는 일부 기능 비호환이 발생합니다.",
            "id": "sample_079_0067_000023",
            "annotations": []
        },
        {
            "sentence": "펌웨어 릴리스 노트 요약: 2024-09-15-rc1 패치에서 센서 샘플링 스케줄 변경, 하위호환성 영향: BLE pairing 프로세스 변경으로 일부 레거시 디바이스와 호환성 저하 가능.",
            "id": "sample_079_0067_000024",
            "annotations": []
        },
        {
            "sentence": "스키마 변경 기록: schema_version 1.2 → 1.3(2024-09-15T00:00:00Z)에서 ECG 채널 메타데이터 추가, 버전 변경은 backward compatibility: partial이며 구버전 파서에서 채널 무시 처리 필요.",
            "id": "sample_079_0067_000025",
            "annotations": []
        },
        {
            "sentence": "제조 제약: 미세공정 장비 가용성에 따른 월간 생산량 상한 10,000 개로 납기 제약을 사양서에 명시합니다.",
            "id": "sample_079_0067_000026",
            "annotations": []
        },
        {
            "sentence": "품질관리: 생산 라인별 검사 로그와 센서 보정 로그는 제조일자(timestamp: 2024-08-01T08:00:00Z)와 함께 저장됩니다.",
            "id": "sample_079_0067_000027",
            "annotations": []
        },
        {
            "sentence": "공급자 결제 계좌정보 예: 계좌번호: 123-456-7890, 해당 항목은 기밀정보로 분류하여 암호화 저장합니다.",
            "id": "sample_079_0067_000028",
            "annotations": [
                {
                    "word": "계좌번호: 123-456-7890",
                    "start": 15,
                    "end": 33,
                    "label": "기밀정보"
                }
            ]
        },
        {
            "sentence": "테스트 리포트 세부: 보고서 ID TR-2024-079-002에서 세탁성 시험(ISO 6330) 결과: 최대 내구 세탁 사이클 50 회, WRR 95 %, 판단: PASS.",
            "id": "sample_079_0067_000029",
            "annotations": []
        },
        {
            "sentence": "결론 및 권고: 규제 검토, 펌웨어 하위호환성 보완, 공급망 기밀 관리 강화, 생체데이터 동의 절차 개선을 우선적 액션 아이템으로 권고합니다.",
            "id": "sample_079_0067_000030",
            "annotations": []
        },
        {
            "sentence": "프로젝트 책임자: 서민조, 연락처는 최소화 되어 내부 문서에서만 관리됩니다.",
            "id": "sample_079_0067_000031",
            "annotations": [
                {
                    "word": "서민조",
                    "start": 10,
                    "end": 13,
                    "label": "개인정보"
                }
            ]
        },
        {
            "sentence": "사용자 예제 메타데이터: 성별: 남성, 출생연도: 1985, 출생월: 06, 출생일: 15.",
            "id": "sample_079_0067_000032",
            "annotations": [
                {
                    "word": "남성",
                    "start": 18,
                    "end": 20,
                    "label": "준식별자"
                },
                {
                    "word": "출생연도: 1985",
                    "start": 22,
                    "end": 32,
                    "label": "준식별자"
                },
                {
                    "word": "출생월: 06",
                    "start": 34,
                    "end": 41,
                    "label": "준식별자"
                },
                {
                    "word": "출생일: 15",
                    "start": 43,
                    "end": 50,
                    "label": "준식별자"
                }
            ]
        },
        {
            "sentence": "주소 메타데이터 예: 시: 서울특별시, 구: 송파구, 동: 잠실본동.",
            "id": "sample_079_0067_000033",
            "annotations": [
                {
                    "word": "시: 서울특별시",
                    "start": 12,
                    "end": 20,
                    "label": "준식별자"
                },
                {
                    "word": "구: 송파구",
                    "start": 22,
                    "end": 28,
                    "label": "준식별자"
                },
                {
                    "word": "동: 잠실본동",
                    "start": 30,
                    "end": 37,
                    "label": "준식별자"
                }
            ]
        },
        {
            "sentence": "개발 담당자: 조기윤, 내부 검증 절차 및 서명 로그에 기록됩니다.",
            "id": "sample_079_0067_000034",
            "annotations": [
                {
                    "word": "조기윤",
                    "start": 8,
                    "end": 11,
                    "label": "개인정보"
                }
            ]
        }
    ]
}