{
    "document_id": "079_0001",
    "document_title": "스마트 텍스타일 통합 기술·시험·공정 보고서",
    "data": [
        {
            "sentence": "문서 식별자: product_id=STX-202601-001, 생성일시=2026-01-23T09:00:00Z.",
            "id": "sample_079_0001_000001",
            "annotations": []
        },
        {
            "sentence": "제품명: SmartGlove v1.0, 설명: 손목형 착용 스마트 텍스타일로 압력·온도·생체전기 센서를 직물에 통합한 제품이다.",
            "id": "sample_079_0001_000002",
            "annotations": []
        },
        {
            "sentence": "재료 명세: 폴리에스터 70 % (질량분율), 은도금 나일론 전도성 실 20 % (질량분율), TPU 수성코팅 10 % (질량분율).",
            "id": "sample_079_0001_000003",
            "annotations": []
        },
        {
            "sentence": "sensor_types: 압력(Piezoelectric), 온도(NTC), 습도(저항형), 생체전기(ECG) 계열의 편직형 센서가 포함된다.",
            "id": "sample_079_0001_000004",
            "annotations": []
        },
        {
            "sentence": "embedded_components: flexible PCB 두께 0.3 mm, MCU ARM Cortex-M4, PMIC, Bluetooth 모듈 및 충전회로 포함.",
            "id": "sample_079_0001_000005",
            "annotations": []
        },
        {
            "sentence": "power_source: 리튬폴리머 셀 150 mAh, 정격전압 3.7 V, 충전전류 제한 150 mA, 운용 온도범위 -20 °C ~ 60 °C.",
            "id": "sample_079_0001_000006",
            "annotations": []
        },
        {
            "sentence": "communication_protocols: BLE 5.2 (GATT), ANT+, UART 115200 bps, I2C 400 kHz; 각 지역별 전파 규제 내에서 동작하도록 설정됨.",
            "id": "sample_079_0001_000007",
            "annotations": []
        },
        {
            "sentence": "firmware_version: fw_v2.3.1, 빌드타임스탬프=2026-01-20T14:30:00Z, 릴리스노트: 메모리 최적화 및 BLE 연결 안정화.",
            "id": "sample_079_0001_000008",
            "annotations": []
        },
        {
            "sentence": "software_interfaces: RESTful API over HTTPS 제공, api_schema v1 JSON 스키마 포함, 인증 방식은 OAuth2 토큰 기반이다.",
            "id": "sample_079_0001_000009",
            "annotations": []
        },
        {
            "sentence": "manufacturing_process: 편직->전도성 인서트 삽입->코팅(수성 TPU)->재단->임베딩 전기테스트->조립->최종검사 순으로 표준화되어 있다.",
            "id": "sample_079_0001_000010",
            "annotations": []
        },
        {
            "sentence": "BOM(자재명세서): MAIN PCB STX-PCB-01, 전도성 실 STX-YARN-01, 배터리 BAT-150MAH-01, 커넥터 CONN-01로 구성된다.",
            "id": "sample_079_0001_000011",
            "annotations": []
        },
        {
            "sentence": "supplier_info: 전도성실 공급자 코드 SUP-ACME-02, supplier_lot: LOT-XY-20260115, 원산지: 대한민국.",
            "id": "sample_079_0001_000012",
            "annotations": [
                {
                    "word": "LOT-XY-20260115",
                    "start": 54,
                    "end": 69,
                    "label": "기밀정보"
                },
                {
                    "word": "SUP-ACME-02",
                    "start": 27,
                    "end": 38,
                    "label": "기밀정보"
                }
            ]
        },
        {
            "sentence": "제조공장: 경기도 용인시 기흥구 소재, 공정 라인 ID LINE-03, 일일 생산능력 1200 pcs로 계획되었다.",
            "id": "sample_079_0001_000013",
            "annotations": [
                {
                    "word": "경기도",
                    "start": 6,
                    "end": 9,
                    "label": "준식별자"
                },
                {
                    "word": "용인시",
                    "start": 10,
                    "end": 13,
                    "label": "준식별자"
                },
                {
                    "word": "기흥구",
                    "start": 14,
                    "end": 17,
                    "label": "준식별자"
                },
                {
                    "word": "LINE-03",
                    "start": 31,
                    "end": 38,
                    "label": "기밀정보"
                }
            ]
        },
        {
            "sentence": "품질 책임자: 담당자 차기안, 상세 연락처는 내부 시스템에서 관리하여 문서 내 직접 기재를 최소화한다.",
            "id": "sample_079_0001_000014",
            "annotations": [
                {
                    "word": "차기안",
                    "start": 12,
                    "end": 15,
                    "label": "개인정보"
                }
            ]
        },
        {
            "sentence": "성능지표: 온도 측정 정확도 ±0.5 °C(분해능 0.1 °C), 압력 감도 1 kPa 해상도, 평균 전력소모 15 mW.",
            "id": "sample_079_0001_000015",
            "annotations": []
        },
        {
            "sentence": "센서 시계열 메타데이터: 샘플링주기 50 Hz, 해상도 12 bit, 측정단위 BPM 또는 μV, calibration_status=calibrated, firmware_version=fw_v2.3.1.",
            "id": "sample_079_0001_000016",
            "annotations": []
        },
        {
            "sentence": "생체데이터 처리 정책: ECG 신호는 장치 식별자를 제거하여 익명화 후 수집하며 consent=true 메타데이터를 함께 저장한다.",
            "id": "sample_079_0001_000017",
            "annotations": []
        },
        {
            "sentence": "제품 안전 관련: SELV 기준 적용, 최대 출력 5 V, 최대 충전전류 150 mA로 사용자 감전 리스크를 제한한다.",
            "id": "sample_079_0001_000018",
            "annotations": []
        },
        {
            "sentence": "세탁 및 내구성: 권장 세탁 사이클 50회(최대 40 °C, 순한세제), 방수등급 IPX4, 굽힘 피로시험 20000 사이클 후 성능 90 % 유지.",
            "id": "sample_079_0001_000019",
            "annotations": []
        },
        {
            "sentence": "시험보고서: ISO 10993-5 세포독성 시험 PASS, IC50 > 1000 μg·mL^-1, 보고서ID RPT-2026-00078, 의료기기 규제: 검토 필요.",
            "id": "sample_079_0001_000020",
            "annotations": [
                {
                    "word": "RPT-2026-00078",
                    "start": 61,
                    "end": 75,
                    "label": "기밀정보"
                }
            ]
        },
        {
            "sentence": "전파규제 준수: BLE 출력은 ETSI 및 FCC 한계 내로 조정되어 있으며, 최대 허용 EIRP는 10 dBm 이하로 설정된다.",
            "id": "sample_079_0001_000021",
            "annotations": []
        },
        {
            "sentence": "펌웨어/소프트웨어 변경사항: fw_v2.2.0 에서 fw_v2.3.1로 업데이트되었으며, 변경사항에는 BLE 관련 버그픽스와 메모리 최적화가 포함된다.",
            "id": "sample_079_0001_000022",
            "annotations": []
        },
        {
            "sentence": "릴리스 호환성: fw_v2.3.1은 API v1과 하위호환성을 유지하며, 레거시 장치에 대해 compatibility shim을 제공하여 상호운용성을 보장한다.",
            "id": "sample_079_0001_000023",
            "annotations": []
        },
        {
            "sentence": "환경·수명주기(LCA): 제품 단위 탄소배출량 2.4 kgCO2e, 재활용가능성 62 %, 총 중량 42 g으로 산정되었다.",
            "id": "sample_079_0001_000024",
            "annotations": []
        },
        {
            "sentence": "상호운용성 표준 및 API: communication_protocols 및 api_schema v1을 필수 필드로 정의하고, 필수 항목은 device_id, timestamp(ISO8601), payload로 규정한다.",
            "id": "sample_079_0001_000025",
            "annotations": []
        },
        {
            "sentence": "데이터 프라이버시 컴플라이언스: PII 최소화 원칙 적용, 보관기간 180일, 접근통제 및 감사로그 보관을 의무화한다.",
            "id": "sample_079_0001_000026",
            "annotations": []
        },
        {
            "sentence": "세탁·유지보수 안내: 권장 세탁조건 30 °C 미온수, 순한세제 사용, 고온 건조 및 염소계 표백제 사용 금지, 물리적 마찰 최소화 권장.",
            "id": "sample_079_0001_000027",
            "annotations": []
        },
        {
            "sentence": "추적가능성 및 내부기록: 제조 로트 및 공급자 로트는 BOM과 연계되어 공급망 감사를 위해 보관되며 내부 리포지토리 git.internal.corp에 기록된다.",
            "id": "sample_079_0001_000028",
            "annotations": [
                {
                    "word": "git.internal.corp",
                    "start": 65,
                    "end": 82,
                    "label": "기밀정보"
                }
            ]
        }
    ]
}