{
    "document_id": "079_0033",
    "document_title": "STex-EF1 스마트 텍스타일 통합 모듈 사양서 및 검증보고서",
    "data": [
        {
            "sentence": "문서 제목 및 개요: 스마트 텍스타일 통합형 웨어러블 모듈의 제품 사양서 및 검증 리포트입니다.",
            "id": "sample_079_0033_000001",
            "annotations": []
        },
        {
            "sentence": "product_id: PRD-20260115-001, product_name: STex-EF1, 설명: 유연 전자섬유 기반 심박·가속도 통합 센서 모듈입니다.",
            "id": "sample_079_0033_000002",
            "annotations": []
        },
        {
            "sentence": "주요 재료: 전도성 은도금 폴리에스터 실(Ag-plated polyester), TPU 코팅, 유연 FR4 복합 보강재로 구성되어 있습니다.",
            "id": "sample_079_0033_000003",
            "annotations": []
        },
        {
            "sentence": "센서 유형: 표면 전극형 ECG, 3축 가속도계, 온도 센서(TC), 정전식 접촉감지 센서가 통합되어 있습니다.",
            "id": "sample_079_0033_000004",
            "annotations": []
        },
        {
            "sentence": "임베디드 컴포넌트: 유연 PCB, Bluetooth LE 5.2 통신 모듈, PMIC 전원관리 IC 및 Li-ion 폴리머 셀(50 mAh)을 포함합니다.",
            "id": "sample_079_0033_000005",
            "annotations": []
        },
        {
            "sentence": "전원 공급 사양: 내장 Li-ion 50 mAh, 충전 제한 전압 4.2 V, 방전 차단 3.0 V, 충전 온도 제한 0°C~45°C를 권장합니다.",
            "id": "sample_079_0033_000006",
            "annotations": []
        },
        {
            "sentence": "전기적 특성: 정상 동작 전압 3.3 V, 휴지 전류 10 μA, 최대 출력 전류 100 mA 미만으로 사용자 감전 위험을 최소화합니다.",
            "id": "sample_079_0033_000007",
            "annotations": []
        },
        {
            "sentence": "통신 프로토콜: Bluetooth LE 5.2(ATT/GATT), MQTT over TLS 1.3, OTA 업데이트용 HTTP(S) API를 지원하며 지역별 출력 제한을 준수합니다.",
            "id": "sample_079_0033_000008",
            "annotations": []
        },
        {
            "sentence": "firmware_version: v1.4.2, 펌웨어 릴리스 노트: v1.4.2는 v1.3.x와 하위호환이며 전력 최적화 및 센서 필터 개선이 포함됩니다.",
            "id": "sample_079_0033_000009",
            "annotations": []
        },
        {
            "sentence": "소프트웨어 인터페이스: api_schema에는 /v1/sensors/read, /v1/firmware/update 등이 있으며 필수 필드는 sensor_id, timestamp, value, unit 입니다.",
            "id": "sample_079_0033_000010",
            "annotations": []
        },
        {
            "sentence": "타임스탬프 정책: 모든 센서 데이터와 로그는 ISO8601 표준(예: 2026-01-15T09:30:00Z)으로 표기합니다.",
            "id": "sample_079_0033_000011",
            "annotations": []
        },
        {
            "sentence": "센서 시계열 메타데이터 예: ECG 채널 샘플링 250 Hz, 분해능 16 bit, 단위 mV, calibration_status: calibrated, 펌웨어 버전 v1.4.2.",
            "id": "sample_079_0033_000012",
            "annotations": []
        },
        {
            "sentence": "가속도계 데이터 메타: 샘플링 주기 100 Hz, 분해능 12 bit, 단위 m/s^2, calibration_status: checked, 측정범위 ±16 m/s^2입니다.",
            "id": "sample_079_0033_000013",
            "annotations": []
        },
        {
            "sentence": "데이터 해상도 및 단위 표준화 정책: 모든 물리량은 SI 단위를 사용하고 단위를 명시하며 로그 스키마에 고정 필드로 포함합니다.",
            "id": "sample_079_0033_000014",
            "annotations": []
        },
        {
            "sentence": "제품 안전 및 규제 항목: 생체신호 수집 형태로 의료기기 규제: 검토 필요를 표기하고 추가 인증 계획을 수립해야 합니다.",
            "id": "sample_079_0033_000015",
            "annotations": []
        },
        {
            "sentence": "테스트 리포트: 세탁 내구성 시험은 ISO 6330 기준으로 수행하였고, 50회 세탁 후 동작 결과는 합격입니다; 보고서 ID: TR-20260115-019.",
            "id": "sample_079_0033_000016",
            "annotations": []
        },
        {
            "sentence": "전기적 안전 시험 결과: IEC 60950 기준으로 누설전류 0.2 mA 이하로 확인되어 합격 판정, 보고서 ID: TR-ELEC-20260115-021입니다.",
            "id": "sample_079_0033_000017",
            "annotations": []
        },
        {
            "sentence": "생체적합성 관련: ISO 10993 표준 항목 일부는 샘플 시험 대기 상태이며 현재 상태는 '샘플링 대기'로 표기하고 있습니다.",
            "id": "sample_079_0033_000018",
            "annotations": []
        },
        {
            "sentence": "제조공정 개요: 원자재 입고→직조→센서 임베딩→TPU 코팅→유연 PCB 납땜→전기적·기능 테스트→패키징의 공정 플로우로 추적됩니다.",
            "id": "sample_079_0033_000019",
            "annotations": []
        },
        {
            "sentence": "BOM 샘플: [C1] Ag-plated yarn 10 m, [C2] Flexible PCB 1 EA, [C3] LiPo 50 mAh 1 EA; 공급자 로트: LOT-201230-A, 원산지: KR.",
            "id": "sample_079_0033_000020",
            "annotations": [
                {
                    "word": "LOT-201230-A",
                    "start": 89,
                    "end": 101,
                    "label": "기밀정보"
                }
            ]
        },
        {
            "sentence": "공급자 정보: 주 공급자명 주식회사 스마트텍스, 계약관리 참조번호 및 결제계좌는 내부 비공개로 관리합니다.",
            "id": "sample_079_0033_000021",
            "annotations": [
                {
                    "word": "주식회사 스마트텍스",
                    "start": 15,
                    "end": 25,
                    "label": "준식별자"
                }
            ]
        },
        {
            "sentence": "공급망 추가 식별자: 제조 배치 로트 LOT-201230-A는 추적성 데이터베이스에 암호화되어 저장되고 제조공정 단계와 연계됩니다.",
            "id": "sample_079_0033_000022",
            "annotations": [
                {
                    "word": "LOT-201230-A",
                    "start": 21,
                    "end": 33,
                    "label": "기밀정보"
                }
            ]
        },
        {
            "sentence": "내부 시스템 보안: 테스트 데이터 보관 서버 IP 10.0.12.45는 내부 네트워크에서만 접근 가능하며 외부 전송 시 암호화가 필요합니다.",
            "id": "sample_079_0033_000023",
            "annotations": [
                {
                    "word": "10.0.12.45",
                    "start": 28,
                    "end": 38,
                    "label": "기밀정보"
                }
            ]
        },
        {
            "sentence": "품질담당자 정보: 제품 매니저 진승모(사번 EMP-0456, 남성, 생년월일 1985-07-23) 책임으로 검증 목록이 작성되었습니다.",
            "id": "sample_079_0033_000024",
            "annotations": [
                {
                    "word": "진승모",
                    "start": 17,
                    "end": 20,
                    "label": "개인정보"
                },
                {
                    "word": "EMP-0456",
                    "start": 24,
                    "end": 32,
                    "label": "개인정보"
                },
                {
                    "word": "남성",
                    "start": 34,
                    "end": 36,
                    "label": "준식별자"
                },
                {
                    "word": "1985",
                    "start": 43,
                    "end": 47,
                    "label": "준식별자"
                },
                {
                    "word": "07",
                    "start": 48,
                    "end": 50,
                    "label": "준식별자"
                },
                {
                    "word": "23",
                    "start": 51,
                    "end": 53,
                    "label": "준식별자"
                },
                {
                    "word": "제품 매니저",
                    "start": 10,
                    "end": 16,
                    "label": "준식별자"
                }
            ]
        },
        {
            "sentence": "개인데이터 최소화 정책: 생체데이터는 익명화·가명화 처리하며 consent 메타데이터(agreed:boolean, timestamp:ISO8601)를 로그에 포함합니다.",
            "id": "sample_079_0033_000025",
            "annotations": []
        },
        {
            "sentence": "로그 예시(PII 제외): {sensor_id: 'S-0001', timestamp: '2026-01-15T09:31:12Z', value: 0.84, unit: 'mV'}와 같은 형식을 권장합니다.",
            "id": "sample_079_0033_000026",
            "annotations": []
        },
        {
            "sentence": "펌웨어 변경 이력: v1.4.0 → v1.4.2(2026-01-10)으로 버전화되었고 스키마 변경은 없어 backward compatibility가 유지됩니다.",
            "id": "sample_079_0033_000027",
            "annotations": []
        },
        {
            "sentence": "환경·수명주기 영향(LCA): 중간평가 결과 탄소배출량 2.3 kg CO2e/유닛, 재활용 가능성 72%로 보고되었으며 개선 로드맵을 포함합니다.",
            "id": "sample_079_0033_000028",
            "annotations": []
        },
        {
            "sentence": "상호운용성 및 제약: Bluetooth 출력은 지역 규제에 따라 최대 10 dBm로 제한되고, 일부 레거시 BLE 4.x 프로필과 비호환성이 존재합니다.",
            "id": "sample_079_0033_000029",
            "annotations": []
        },
        {
            "sentence": "세탁 및 유지보수 지침: 최대 40°C 세탁 권장, 최대 50회 세탁 허용, 수건형 건조 금지, 방수등급 IPX5, 유지보수 기록은 유닛별 UID로 추적합니다.",
            "id": "sample_079_0033_000030",
            "annotations": []
        }
    ]
}