{
    "document_id": "079_0058",
    "document_title": "스마트 텍스타일 통합 센서 모듈 설계 및 시험보고서",
    "data": [
        {
            "sentence": "문서 개요: 본 문서는 스마트 텍스타일 통합 센서 모듈(STX-2025-001)의 설계, 제조, 시험 및 규제 준수 사항을 포괄적으로 기술합니다.",
            "id": "sample_079_0058_000001",
            "annotations": []
        },
        {
            "sentence": "제품 식별자: product_id는 STX-2025-001이며, product_name은 '에어핏 스마트 셔츠 모듈'입니다.",
            "id": "sample_079_0058_000002",
            "annotations": []
        },
        {
            "sentence": "담당자 연락처 및 책임자는 김하정으로 지정되어 있으며, 기술 문의 및 품질 이슈 보고 창구로 역할합니다.",
            "id": "sample_079_0058_000003",
            "annotations": [
                {
                    "word": "김하정",
                    "start": 15,
                    "end": 18,
                    "label": "개인정보"
                }
            ]
        },
        {
            "sentence": "제조사 소재지: 서울특별시, 공급망 추적을 위해 제조공정 기록은 지역 단위로 보관합니다.",
            "id": "sample_079_0058_000004",
            "annotations": [
                {
                    "word": "서울특별시",
                    "start": 9,
                    "end": 14,
                    "label": "준식별자"
                }
            ]
        },
        {
            "sentence": "시험 대상 샘플의 성별 분류는 성별: 여성로 표기되어 데이터 익명화 전처리 대상입니다.",
            "id": "sample_079_0058_000005",
            "annotations": [
                {
                    "word": "여성",
                    "start": 21,
                    "end": 23,
                    "label": "준식별자"
                }
            ]
        },
        {
            "sentence": "대상 샘플의 준식별자에는 생년월일(예: 1985-06-15)과 연령대 정보가 포함될 수 있으며, 별도 동의(consent)가 필요합니다.",
            "id": "sample_079_0058_000006",
            "annotations": [
                {
                    "word": "1985-06-15",
                    "start": 22,
                    "end": 32,
                    "label": "준식별자"
                }
            ]
        },
        {
            "sentence": "BOM 항목 예시: Conductive yarn (Cu-plated), encapsulant (PU), connector (FPC), supplier_lot: LOT-ACB-20231234로 로트 추적이 가능합니다.",
            "id": "sample_079_0058_000007",
            "annotations": [
                {
                    "word": "LOT-ACB-20231234",
                    "start": 89,
                    "end": 105,
                    "label": "기밀정보"
                }
            ]
        },
        {
            "sentence": "내부 IT 참조용 서버 IP: 10.0.0.5에 시험데이터 업로드 로그가 존재하므로 해당 경로는 기밀로 분류합니다.",
            "id": "sample_079_0058_000008",
            "annotations": [
                {
                    "word": "10.0.0.5",
                    "start": 17,
                    "end": 25,
                    "label": "기밀정보"
                }
            ]
        },
        {
            "sentence": "소재 및 재료 세부사항은 materials 항목에 표준화되어 있으며, 전도성 실의 저항은 0.15 Ω·cm로 측정됩니다.",
            "id": "sample_079_0058_000009",
            "annotations": []
        },
        {
            "sentence": "센서 유형(sensor_types): ECG 전극, 온도센서(thermistor), 가속도계(3축 MEMS), 습도 센서가 통합되어 있습니다.",
            "id": "sample_079_0058_000010",
            "annotations": []
        },
        {
            "sentence": "임베디드 구성요소(embedded_components): 유연 PCB, Bluetooth 모듈, 저전압 레귤레이터, 소형 리튬이온 전지 및 보호회로 포함.",
            "id": "sample_079_0058_000011",
            "annotations": []
        },
        {
            "sentence": "전원 사양(power_source): 리튬이온 셀 3.7 V, 정격 용량 500 mAh, 충전 전류 최대 0.5 A로 설계되었습니다.",
            "id": "sample_079_0058_000012",
            "annotations": []
        },
        {
            "sentence": "배터리 안전 제약: 충전 온도 0 °C에서 45 °C, 과방전 차단 전압 3.0 V, 과전압 차단 4.2 V로 명시합니다.",
            "id": "sample_079_0058_000013",
            "annotations": []
        },
        {
            "sentence": "통신 프로토콜(communication_protocols): Bluetooth LE 5.2, UART(115200 baud), 그리고 선택적 LoRaWAN(868 MHz, TX 14 dBm)을 지원합니다.",
            "id": "sample_079_0058_000014",
            "annotations": []
        },
        {
            "sentence": "펌웨어 버전(firmware_version): v1.3.2가 기준 릴리스이며, 센서 펌웨어도 동일한 v1.3.2로 표기됩니다.",
            "id": "sample_079_0058_000015",
            "annotations": []
        },
        {
            "sentence": "소프트웨어 인터페이스(api_schema): JSON 기반 REST API와 protobuf 기반 streaming 스키마를 제공하며, 필수 필드는 device_id, timestamp(ISO8601), payload입니다.",
            "id": "sample_079_0058_000016",
            "annotations": []
        },
        {
            "sentence": "센서 시계열 메타데이터: sampling_period=10 s, resolution=14 bit, measurement_unit=mV, calibration_status=calibrated, firmware_version=v1.3.2로 표기합니다.",
            "id": "sample_079_0058_000017",
            "annotations": []
        },
        {
            "sentence": "타임스탬프 정책: 모든 로그는 ISO8601 형식 예시 2025-03-15T10:00:00Z로 표기하고, UTC 기준으로 정렬합니다.",
            "id": "sample_079_0058_000018",
            "annotations": []
        },
        {
            "sentence": "제조 공정(manufacturing_process): 원사 준비, 편직, 전도성 코팅, 임베딩, 조립, 3단계 검사 및 포장으로 구성됩니다.",
            "id": "sample_079_0058_000019",
            "annotations": []
        },
        {
            "sentence": "공급자 정보(supplier_info)는 공급자명, 부품번호, 공급자 로트, 원산지 정보를 포함하며, 공급자명은 공개, 로트는 기밀로 관리합니다.",
            "id": "sample_079_0058_000020",
            "annotations": []
        },
        {
            "sentence": "성능 지표(performance_metrics): ECG SNR 45 dB, 온도 정확도 ±0.2 °C, 가속도 오프셋 < 0.05 g로 규격화했습니다.",
            "id": "sample_079_0058_000021",
            "annotations": []
        },
        {
            "sentence": "시험보고서(testing_reports): ISO 10993-5, IEC 60601-1 기반 시험을 실시하였으며, 각 결과는 수치 및 합격/불합격으로 기록됩니다.",
            "id": "sample_079_0058_000022",
            "annotations": []
        },
        {
            "sentence": "시험보고서 예: Report ID TR-2025-001, ISO 6330(세탁내구) 항목 합격, 반복 세탁 50 cycle에서 전기적 특성 유지 확인.",
            "id": "sample_079_0058_000023",
            "annotations": []
        },
        {
            "sentence": "규제 인증(regulatory_certifications): RoHS 준수, REACH 선언, CE 인증 준비 중이며, 생체신호 사용의 경우 의료기기 규제: 검토 필요로 표기합니다.",
            "id": "sample_079_0058_000024",
            "annotations": []
        },
        {
            "sentence": "세탁 및 유지보수 지침: 최대 세탁 온도 40 °C, 중성세제 사용 권장, 기계 건조 금지, 권장 세탁 주기 50 cycles 기준으로 성능 유지 보증합니다.",
            "id": "sample_079_0058_000025",
            "annotations": []
        },
        {
            "sentence": "수명주기 영향 평가(lifecycle_impact_assessment): 제품당 탄소배출량 12.5 kg CO2e, 재활용 가능성 60 %로 예측됩니다.",
            "id": "sample_079_0058_000026",
            "annotations": []
        },
        {
            "sentence": "상호운용성 표준(interoperability_standards): BLE GATT profile 호환, NIST 권장 암호화, api_schema 문서화가 상호운용성 핵심입니다.",
            "id": "sample_079_0058_000027",
            "annotations": []
        },
        {
            "sentence": "데이터 프라이버시 준수(data_privacy_compliance): 생체데이터는 익명화 처리하고 consent 메타데이터(consent_given=true, consent_timestamp=2025-03-01T09:30:00Z)를 포함합니다.",
            "id": "sample_079_0058_000028",
            "annotations": []
        },
        {
            "sentence": "펌웨어/소프트웨어 변경 이력: v1.2.0에서 v1.3.2로 업데이트, 릴리스 노트에는 보안 패치 및 하위호환성 유지 여부가 명시되어 있습니다.",
            "id": "sample_079_0058_000029",
            "annotations": []
        },
        {
            "sentence": "스키마 변경 관리: API 스키마 추가 필드(device_location)로 버전이 2.1로 상향되었으며, backward compatibility 영향은 필수 필드 추가로 인해 일부 레거시 클라이언트에서 실패 가능성 있음이 기술되어 있습니다.",
            "id": "sample_079_0058_000030",
            "annotations": []
        }
    ]
}