{
    "document_id": "079_0040",
    "document_title": "스마트 텍스타일 통합 설계·검증·공급망 리포트: SmartWeave-Alpha",
    "data": [
        {
            "sentence": "문서 생성일시: 2025-01-23T09:30:00Z, 타임스탬프는 ISO8601 형식을 준수합니다.",
            "id": "sample_079_0040_000001",
            "annotations": []
        },
        {
            "sentence": "제품 식별자(product_id): SW-ALPHA-001이며 제품명(product_name)은 SmartWeave-Alpha입니다.",
            "id": "sample_079_0040_000002",
            "annotations": []
        },
        {
            "sentence": "제품 개요(description): 직물에 심층 임베디드 전자섬유와 유연회로를 통합하여 생체신호 수집과 환경감지를 수행하는 웨어러블 섬유 모듈입니다.",
            "id": "sample_079_0040_000003",
            "annotations": []
        },
        {
            "sentence": "BOM(주요 자재): 전도성 실(conductive_yarn) 공급자 TexCon, lot: TC-3345, 재질은 은도금 나일론 기반입니다.",
            "id": "sample_079_0040_000004",
            "annotations": [
                {
                    "word": "TC-3345",
                    "start": 52,
                    "end": 59,
                    "label": "기밀정보"
                },
                {
                    "word": "TexCon",
                    "start": 39,
                    "end": 45,
                    "label": "기밀정보"
                }
            ]
        },
        {
            "sentence": "BOM(보조 자재): 유연 PCB(flexible_PCB) 공급자 FlexBoard Inc., lot: FB-778, 두께 0.15 mm, 표면 마감은 무연 솔더입니다.",
            "id": "sample_079_0040_000005",
            "annotations": [
                {
                    "word": "FB-778",
                    "start": 58,
                    "end": 64,
                    "label": "기밀정보"
                },
                {
                    "word": "FlexBoard Inc.",
                    "start": 37,
                    "end": 51,
                    "label": "기밀정보"
                }
            ]
        },
        {
            "sentence": "서플라이체인 항목: 외피 코팅 및 접착제는 공급자 Hytex Co., 공급자 로트 HY2024L23으로 추적 가능합니다.",
            "id": "sample_079_0040_000006",
            "annotations": [
                {
                    "word": "HY2024L23",
                    "start": 46,
                    "end": 55,
                    "label": "기밀정보"
                },
                {
                    "word": "Hytex Co.",
                    "start": 28,
                    "end": 37,
                    "label": "기밀정보"
                }
            ]
        },
        {
            "sentence": "사용 센서(sensor_types): 표면 ECG(전극), 온도 센서(Thermistor), 가속도계(IMU)를 포함하며 생체데이터는 익명화되어 저장됩니다; consent: true.",
            "id": "sample_079_0040_000007",
            "annotations": []
        },
        {
            "sentence": "센서 시계열 메타데이터: ECG 샘플링 주기(sampling_period) 250 Hz, 해상도(resolution) 16 bit, 측정 단위(units) mV, calibration_status: calibrated 2025-01-10T08:00:00Z, firmware_version: v2.3.1.",
            "id": "sample_079_0040_000008",
            "annotations": []
        },
        {
            "sentence": "임베디드 구성요소(embedded_components): MCU ARM Cortex-M4, BLE 모듈, 전원관리 PMIC, 충전회로 및 전류센서가 포함됩니다.",
            "id": "sample_079_0040_000009",
            "annotations": []
        },
        {
            "sentence": "전원(power_source): 리튬이온 셀 3.7 V, 정격용량 500 mAh, 충전전류 최대 500 mA, 방전전류 연속 200 mA, 작동온도 범위 -10 °C~45 °C.",
            "id": "sample_079_0040_000010",
            "annotations": []
        },
        {
            "sentence": "안전·전기적 제약: 저전압·저전류 설계(최대 정격 전압 5 V, 최대 정격 전류 500 mA)와 사용자 절연 보호를 준수합니다; 감전·난연성 요구사항을 포함합니다.",
            "id": "sample_079_0040_000011",
            "annotations": []
        },
        {
            "sentence": "무선 통신 규격(communication_protocols): Bluetooth LE 5.2 (GATT), ANT, Wi‑Fi(2.4 GHz)، 송신 출력은 규제 한계 이내로 설정됩니다.",
            "id": "sample_079_0040_000012",
            "annotations": []
        },
        {
            "sentence": "소프트웨어 인터페이스(software_interfaces): 제공 API는 JSON 기반의 api_schema를 사용하며 필수 필드로 communication_protocols, device_id, timestamp, payload를 요구합니다.",
            "id": "sample_079_0040_000013",
            "annotations": []
        },
        {
            "sentence": "펌웨어 릴리스 노트: 현재 stable 버전 firmware_version v2.3.1, v2.4.0은 보안패치와 BLE 5.2 최적화를 포함하며 하위호환성(backward_compatibility)은 유지됩니다.",
            "id": "sample_079_0040_000014",
            "annotations": []
        },
        {
            "sentence": "제조 공정(manufacturing_process): 원사 편직(weaving)→전자부품 임베딩(embedding)→솔더링(soldering)→코팅(encapsulation)→검사(visual+X-ray) 순으로 진행합니다.",
            "id": "sample_079_0040_000015",
            "annotations": []
        },
        {
            "sentence": "사용자 준식별자 예시(익명화 정책): 거주지(시): 서울특별시, 거주지(군/구): 종로구, 생년: 1987, 생월: 05, 생일: 13, 성별: 남성, 모든 개인 필드는 익명화 규칙을 적용합니다.",
            "id": "sample_079_0040_000016",
            "annotations": [
                {
                    "word": "서울특별시",
                    "start": 29,
                    "end": 34,
                    "label": "준식별자"
                },
                {
                    "word": "종로구",
                    "start": 46,
                    "end": 49,
                    "label": "준식별자"
                },
                {
                    "word": "1987",
                    "start": 55,
                    "end": 59,
                    "label": "준식별자"
                },
                {
                    "word": "05",
                    "start": 65,
                    "end": 67,
                    "label": "준식별자"
                },
                {
                    "word": "13",
                    "start": 73,
                    "end": 75,
                    "label": "준식별자"
                }
            ]
        },
        {
            "sentence": "담당자 및 지원(supplier_info 연락창구): 기술담당자 이름 장택연, 역할: 제품매니저(고객지원은 익명화된 연락 경로로 연결).",
            "id": "sample_079_0040_000017",
            "annotations": [
                {
                    "word": "장택연",
                    "start": 39,
                    "end": 42,
                    "label": "개인정보"
                }
            ]
        },
        {
            "sentence": "성능 지표(performance_metrics): 세탁 내구성 50 사이클 기준, 구부림 피로 시험 10000 사이클, 전기저항 0.8 Ω ±0.05 Ω(전도성 경로), 샘플링 지연(latency) 평균 12 ms입니다.",
            "id": "sample_079_0040_000018",
            "annotations": []
        },
        {
            "sentence": "시험 리포트(testing_reports): IEC IPX6 방수 시험 결과 합격, 보고서 ID IEC_IPX6_RPT_2025_010; ISO 10993 생체적합성은 예비통과, 보고서 ISO_10993_RPT_2025_001.",
            "id": "sample_079_0040_000019",
            "annotations": []
        },
        {
            "sentence": "규제·인증(regulatory_certifications): RoHS 준수, REACH 적합성 선언서 포함, 전자파 적합성은 EMI 필터 적용으로 KC/CE 레벨 요구사항 충족을 목표로 합니다.",
            "id": "sample_079_0040_000020",
            "annotations": []
        },
        {
            "sentence": "세탁 및 유지보수 지침(washing_and_maintenance_instructions): 권장 세탁 온도 40 °C 이하, 중성세제 사용, 건조기 사용 금지, 세탁 주기 후 성능 점검을 권고합니다.",
            "id": "sample_079_0040_000021",
            "annotations": []
        },
        {
            "sentence": "수명주기 영향 평가(lifecycle_impact_assessment): 단위당 탄소배출량 3.6 kg CO2e, 재활용 가능성 68% 질량 기준, 회수 및 분해 지침을 포함합니다.",
            "id": "sample_079_0040_000022",
            "annotations": []
        },
        {
            "sentence": "상호운용성 표준(interoperability_standards): GATT 프로파일 및 표준 UUID 매핑을 제공하며 legacy BLE4.2와의 호환성 제약사항을 명시합니다.",
            "id": "sample_079_0040_000023",
            "annotations": []
        },
        {
            "sentence": "데이터 프라이버시 및 컴플라이언스(data_privacy_compliance): 수집 데이터는 전송 중 TLS1.3, 저장 시 AES-256으로 암호화하며 보관기간은 365일로 정책화합니다.",
            "id": "sample_079_0040_000024",
            "annotations": []
        },
        {
            "sentence": "스키마 변경 이력(versioning): schema_version 1.2→1.3로 필드 payload.metadata.temperature_unit 추가, 이는 하위호환성에 미치는 영향은 없음(추가 필드로 backward compatible).",
            "id": "sample_079_0040_000025",
            "annotations": []
        },
        {
            "sentence": "과거 스키마 변경 예시로 필드 device.serial이 제거되어 일부 레거시 통합에 장애가 발생하였고, 해당 영향으로 매출채널 2개와의 재통합 비용이 발생했습니다.",
            "id": "sample_079_0040_000026",
            "annotations": []
        },
        {
            "sentence": "공급망·제조 추적(supply_chain_traceability): 제조 로트, BOM 항목, 공급자 로트는 데이터베이스에 연계되어 출하 시 추적 가능하며 제조일자 2025-01-15T14:00:00Z로 기록됩니다.",
            "id": "sample_079_0040_000027",
            "annotations": []
        },
        {
            "sentence": "결론 및 권고사항: ECG 기반의 생체신호 처리는 의료기기 규제 가능성이 있으므로 '의료기기 규제: 검토 필요'를 권고하며 다음 펌웨어 릴리스는 2025-02-10T00:00:00Z 예정입니다.",
            "id": "sample_079_0040_000028",
            "annotations": []
        }
    ]
}