{
    "document_id": "079_0039",
    "document_title": "FlexWeave H1 스마트 텍스타일 통합 설계·검증 보고서",
    "data": [
        {
            "sentence": "문서 작성 일시: 2026-01-23T09:00:00Z. 본 문서는 스마트 텍스타일 및 전자섬유 제품의 설계, 검증, 생산 및 규제 정보를 통합적으로 제공합니다.",
            "id": "sample_079_0039_000001",
            "annotations": []
        },
        {
            "sentence": "product_id: STX-2026-001, product_name: FlexWeave H1, 설명: 신축성 직물에 압력·온도 센서와 유연 전원 모듈을 통합한 웨어러블 섬유 시스템입니다.",
            "id": "sample_079_0039_000002",
            "annotations": []
        },
        {
            "sentence": "materials: 전도성 나일론 20 %wt, 은화합물 코팅 0.5 g·m^-2, 폴리우레탄 엘라스토머로 구성되어 있으며 모든 물성치는 SI 단위로 표기합니다.",
            "id": "sample_079_0039_000003",
            "annotations": []
        },
        {
            "sentence": "sensor_types: 압력(피에조 저항식), 온도(NTC 기반), 가속도(3축 MEMS) 센서가 직물 내에 임베디드되어 있습니다.",
            "id": "sample_079_0039_000004",
            "annotations": []
        },
        {
            "sentence": "embedded_components: 유연 PCB, 저전압 DC-DC 컨버터, 정격전압 3.7 V, 정격용량 900 C(0.25 A·h) 리튬폴리머 셀, BLE 통신 모듈이 포함됩니다.",
            "id": "sample_079_0039_000005",
            "annotations": []
        },
        {
            "sentence": "power_source: 내장 셀과 외부 USB-C 전원(5.0 V, 최대 0.5 A)로 충전 및 동작하며 전원관리 IC가 과충전·과방전 보호를 수행합니다.",
            "id": "sample_079_0039_000006",
            "annotations": []
        },
        {
            "sentence": "전기적 안전사양: 정상 동작 전압 3.3 V, 최대 충전 전류 0.5 A, 누설전류 < 10 µA, 절연 저항 ≥ 1E6 Ω로 사용자 감전 및 난연성 제약을 고려했습니다.",
            "id": "sample_079_0039_000007",
            "annotations": []
        },
        {
            "sentence": "제품이 심박·호흡 등 생체신호를 취급하는 경우 의료기기 규제 적용 여부를 검토하며 본 문서에는 '의료기기 규제: 검토 필요'로 명시합니다.",
            "id": "sample_079_0039_000008",
            "annotations": []
        },
        {
            "sentence": "sensor time-series 메타데이터: sampling_period=0.010 s, resolution=16 bit, measurement_unit=Pa·°C·m·s^-2, calibration_status=2026-01-10T15:30:00Z:calibrated, firmware_version=FW-1.2.3.",
            "id": "sample_079_0039_000009",
            "annotations": []
        },
        {
            "sentence": "시계열 샘플 예시(UTC): 2026-01-23T09:00:00Z, 압력=1013 Pa, 온도=36.5 °C, accel=(0.01, -0.02, 9.81) m·s^-2; 샘플은 해석용으로 익명화되어 있습니다.",
            "id": "sample_079_0039_000010",
            "annotations": []
        },
        {
            "sentence": "데이터 해상도 및 저장 포맷: 압력 16 bit, 온도 16 bit, 가속도 12 bit, 로깅 주기 100 Hz, 저장 포맷은 IEEE 754 float 32-bit 배열입니다.",
            "id": "sample_079_0039_000011",
            "annotations": []
        },
        {
            "sentence": "calibration_status 상세: 압력 센서 2026-01-10T15:30:00Z에 ISO 17025 교정 절차로 보정되었으며 교정 레코드는 추적 가능합니다.",
            "id": "sample_079_0039_000012",
            "annotations": []
        },
        {
            "sentence": "firmware_version 및 릴리스 정보: 현재 배포 버전 FW-1.2.3, 릴리스일 2026-01-15T08:00:00Z이며 모든 변경은 semver로 버전화됩니다.",
            "id": "sample_079_0039_000013",
            "annotations": []
        },
        {
            "sentence": "릴리스 노트 요약: FW-1.2.3에서는 센서 드라이버 안정화, 전력관리 최적화 및 API 응답 시간 개선이 이루어졌으며 하위호환성 유지에 중점을 두었습니다.",
            "id": "sample_079_0039_000014",
            "annotations": []
        },
        {
            "sentence": "릴리스 호환성 영향: FW-1.2.3은 하위호환성을 유지하도록 설계되었으나 필수 API 필드 변경 시 호환 레이어를 통해 legacy 클라이언트를 지원합니다.",
            "id": "sample_079_0039_000015",
            "annotations": []
        },
        {
            "sentence": "software_interfaces: REST API v1 제공, 인증은 OAuth2.0 사용, data schema는 JSON-Schema draft-07을 준수합니다.",
            "id": "sample_079_0039_000016",
            "annotations": []
        },
        {
            "sentence": "communication_protocols: BLE 5.0 (2.4 GHz, 출력 ≤ 10 dBm), IEEE 802.15.4 호환 모드, UART 115200 baud를 통한 직렬통신을 지원합니다.",
            "id": "sample_079_0039_000017",
            "annotations": []
        },
        {
            "sentence": "api_schema 필수 필드: device_id, timestamp(ISO8601), sensor_type, sample_rate(Hz), values[], unit; 이는 상호운용성 표준에 따른 필수값입니다.",
            "id": "sample_079_0039_000018",
            "annotations": []
        },
        {
            "sentence": "manufacturing_process 개요: 편직(phase1)→코팅(phase2)→임베딩(phase3)→어셈블리(phase4)→기능·안전 테스트(phase5) 순이며 각 단계별 LOT 추적이 가능합니다.",
            "id": "sample_079_0039_000019",
            "annotations": []
        },
        {
            "sentence": "BOM 항목 예시: COND_YARN 코드 CY-01 공급자 AlphaFibers, FLEX_PCB 코드 PCB-F1 공급자 BetaCircuits 등으로 구조화되어 부품별 추적이 가능합니다.",
            "id": "sample_079_0039_000020",
            "annotations": []
        },
        {
            "sentence": "supplier_info: AlphaFibers lot LOT-2025-00987, BetaCircuits lot LOT-2025-11002, 원산지 KR(대한민국)로 표기하여 공급망 로트 추적을 지원합니다.",
            "id": "sample_079_0039_000021",
            "annotations": [
                {
                    "word": "LOT-2025-00987",
                    "start": 31,
                    "end": 45,
                    "label": "기밀정보"
                },
                {
                    "word": "LOT-2025-11002",
                    "start": 64,
                    "end": 78,
                    "label": "기밀정보"
                }
            ]
        },
        {
            "sentence": "성능지표: 센서 정확도 ±2 %FS, 온도 정확도 ±0.3 °C, 신호-대-노이즈비(SNR) ≥ 60 dB, 세탁 사이클 내구성 100 cycle 기준 신호감쇠 < 10 % 목표입니다.",
            "id": "sample_079_0039_000022",
            "annotations": []
        },
        {
            "sentence": "시험 리포트: ISO 10993(생체적합성) 관련 평가는 '대상 외적용' 판정, EMC 시험은 IEC 60601-1-2 기준으로 전파허용치 합격, 보고서 ID TR-2026-0045로 기록되었습니다.",
            "id": "sample_079_0039_000023",
            "annotations": [
                {
                    "word": "TR-2026-0045",
                    "start": 89,
                    "end": 101,
                    "label": "기밀정보"
                }
            ]
        },
        {
            "sentence": "전원 안전 시험 결과: 과충전·과방전 보호 기능 검증 완료, 충전 온도 범위 0 °C~45 °C 준수, 배터리 인증 보고서 ID BAT-2026-0021이 발행되었습니다.",
            "id": "sample_079_0039_000024",
            "annotations": [
                {
                    "word": "BAT-2026-0021",
                    "start": 72,
                    "end": 85,
                    "label": "기밀정보"
                }
            ]
        },
        {
            "sentence": "환경 및 수명주기(LCA): 유닛당 CO2 배출량 3.2 kgCO2e·unit^-1, 재활용 가능성 68 %, RoHS·REACH 준수가 확인되어 유해물질 제한을 준수합니다.",
            "id": "sample_079_0039_000025",
            "annotations": []
        },
        {
            "sentence": "규제 및 인증: 무선 통신 관련 전파 규격 준수(2.4 GHz 대역 한정), 화재 안정성 시험 준수, 추후 규제 변경 시 업데이트 계획을 명시합니다.",
            "id": "sample_079_0039_000026",
            "annotations": []
        },
        {
            "sentence": "세탁 및 유지보수 지침: 30 °C 이하 중성세제 사용 권장, 세탁기 단독 세탁 권장, 수평 건조, 표준 테스트 사이클은 1 cycle=40 min로 정의합니다.",
            "id": "sample_079_0039_000027",
            "annotations": []
        },
        {
            "sentence": "데이터 프라이버시 및 동의: 생체데이터는 익명화·가명화 되어 저장되며 사용자 동의(consent)는 ISO 27701 기준으로 2026-01-01T00:00:00Z에 초기화된 레코드로 관리합니다.",
            "id": "sample_079_0039_000028",
            "annotations": []
        },
        {
            "sentence": "프로젝트 책임자: 권병태(연락처는 내부 문서에 별도 기재)이며 책임자 표시는 내부 관리용으로만 사용하고 외부 공개 시 익명화를 적용합니다.",
            "id": "sample_079_0039_000029",
            "annotations": [
                {
                    "word": "권병태",
                    "start": 10,
                    "end": 13,
                    "label": "개인정보"
                }
            ]
        },
        {
            "sentence": "스키마 변경 이력: api_schema v1에서 v2로 업데이트 예정(예정일 2026-02-01T00:00:00Z), 변경 시 버전은 기록되며 backward_compatibility=false로 명시되어 있습니다.",
            "id": "sample_079_0039_000030",
            "annotations": []
        }
    ]
}