{
    "document_id": "072_0097",
    "document_title": "커뮤니티 건강증진 펀드 1차 연도 임팩트 평가 및 회계보고서",
    "data": [
        {
            "sentence": "본 문서는 커뮤니티 건강증진 펀드(이하 '본 사업')의 1차 연도 임팩트 평가와 재무 집행 현황을 종합적으로 보고합니다.",
            "id": "sample_072_0097_000001",
            "annotations": []
        },
        {
            "sentence": "프로젝트 개요에는 목적, 대상 지역, 개입 논리(TOC), 기간 및 주요 활동이 포함되며 본 보고서는 2024-01-01부터 2024-12-31까지의 운영을 대상으로 작성되었습니다.",
            "id": "sample_072_0097_000002",
            "annotations": []
        },
        {
            "sentence": "자금 조달 구조는 보조금 및 무담보 채무의 혼합으로, 총 약 KRW 150,000,000 (측정일: 2024-12-31)이 2개의 트랜치로 집행되었습니다.",
            "id": "sample_072_0097_000003",
            "annotations": []
        },
        {
            "sentence": "트랜치 스케줄은 1차 트랜치 KRW 90,000,000 (지급일: 2024-02-15), 2차 트랜치 KRW 60,000,000 (지급일: 2024-07-30)로 명시되어 있습니다.",
            "id": "sample_072_0097_000004",
            "annotations": []
        },
        {
            "sentence": "예산 집행 내역은 항목별로 집계되어 있으며 주요 지출은 보건서비스 제공비용, 교육비, 운영관리비로 구분되어 있습니다.",
            "id": "sample_072_0097_000005",
            "annotations": []
        },
        {
            "sentence": "예산 내역 중 보건서비스 제공비용은 KRW 82,500,000 (집행일: 2024-11-30)으로 보고되며 회계정책 및 환율정보는 메타데이터에 포함됩니다.",
            "id": "sample_072_0097_000006",
            "annotations": []
        },
        {
            "sentence": "환율 기준은 USD/KRW 환율 1,200.50 (기준일: 2024-12-31)로 표준화하였으며 통화 표기는 ISO 4217 코드로 기록하였습니다.",
            "id": "sample_072_0097_000007",
            "annotations": []
        },
        {
            "sentence": "수혜자 레지스트리는 법적·윤리적 요구에 따라 익명화되어 집계 형태로만 제공되며 개인식별정보는 포함하지 않습니다.",
            "id": "sample_072_0097_000008",
            "annotations": []
        },
        {
            "sentence": "익명화된 수혜자 통계는 총 1,200명(측정일: 2024-10-31, 단위: 명)이며 연령대별·성별·지역별 분포는 집계 테이블로 첨부되어 있습니다.",
            "id": "sample_072_0097_000009",
            "annotations": []
        },
        {
            "sentence": "성과지표는 출력(Output), 성과(Outcome), 영향(Impact) 수준으로 구분되어 시계열로 제시되며 각 수치에는 측정일과 단위를 명시합니다.",
            "id": "sample_072_0097_000010",
            "annotations": []
        },
        {
            "sentence": "대표 지표로 '지역주민 보건검진 이용률'은 2024-12-31 기준 68.4% (측정단위: 비율, 표본크기 n=450명, 95% 신뢰구간 ±4.2%)로 보고됩니다.",
            "id": "sample_072_0097_000011",
            "annotations": []
        },
        {
            "sentence": "성과 주장 시에는 기준선(baseline), 비교군(counterfactual), 측정방법을 함께 제시하며 인과관계 단정은 하지 않습니다.",
            "id": "sample_072_0097_000012",
            "annotations": []
        },
        {
            "sentence": "기준선 자료는 2023-12-31 측정값으로 지역주민 보건검진 이용률 45.0% (측정단위: 비율)로 수집되었습니다.",
            "id": "sample_072_0097_000013",
            "annotations": []
        },
        {
            "sentence": "비교군은 유사 지역의 관찰대조군으로 설정되었으며 비교군 평균은 46.2% (측정일: 2024-12-31, 표본크기 n=420명)입니다.",
            "id": "sample_072_0097_000014",
            "annotations": []
        },
        {
            "sentence": "측정방법은 표준화된 설문조사와 보건기관 이용기록의 혼합이며 측정도구 및 코드북은 메타데이터에 포함되어 공개됩니다.",
            "id": "sample_072_0097_000015",
            "annotations": []
        },
        {
            "sentence": "통계적 불확실성은 모든 추정치에 대해 신뢰구간과 표본크기를 제시하며 선택편향 가능성은 한계에 명시하고 조정방법을 기술합니다.",
            "id": "sample_072_0097_000016",
            "annotations": []
        },
        {
            "sentence": "IRIS+ 및 SDG 매핑은 우선 적용되며 본 사업의 핵심 지표는 IRIS ID RIIS-1234(예시) 및 SDG 목표 3과 연계되어 있습니다.",
            "id": "sample_072_0097_000017",
            "annotations": []
        },
        {
            "sentence": "커스텀 지표 '지역당 평균 건강투자 수혜지수(HealthBenefitPerCommunity)'는 정의 및 계산공식으로 제공됩니다.",
            "id": "sample_072_0097_000018",
            "annotations": []
        },
        {
            "sentence": "해당 지표 정의: 지역 내 가구당 보건서비스 수혜량의 가중평균이며 계산식은 HBPC = (Σ_i benefit_i * weight_i) / N (측정일 포함: 2024-12-31)입니다.",
            "id": "sample_072_0097_000019",
            "annotations": []
        },
        {
            "sentence": "SROI 계산 워크시트는 할인율, 편익의 순현재가치(NPV), 투자비용의 현재가치를 명시하며 식은 SROI = NPV(benefits) / PV(costs)로 정의됩니다.",
            "id": "sample_072_0097_000020",
            "annotations": []
        },
        {
            "sentence": "SROI 입력값 예시는 총 편익 KRW 320,000,000 (측정연도: 2024, 단위: KRW)과 투자비용 KRW 150,000,000 (측정연도: 2024)로 계산되었습니다.",
            "id": "sample_072_0097_000021",
            "annotations": []
        },
        {
            "sentence": "감사 및 준법 보고서 요약에는 내부통제 평가, 예산초과 항목, 그리고 규제준수 여부가 포함되며 주요 발견사항은 별첨 감사보고서에 상세 기술됩니다.",
            "id": "sample_072_0097_000022",
            "annotations": []
        },
        {
            "sentence": "데이터 품질 평가는 완전성(completeness) 92.3% (측정일: 2024-11-30), 정확성(accuracy) 89.7% (측정일: 2024-11-30), 일관성(consistency) 94.1% (측정일: 2024-11-30)로 산출되었습니다.",
            "id": "sample_072_0097_000023",
            "annotations": []
        },
        {
            "sentence": "결측치 및 이상치 처리 로그에는 결측 12건(전체 1,200건 대비) 보간 처리(측정일: 2024-06-30) 및 이상치 3건 제거가 기록되어 있습니다.",
            "id": "sample_072_0097_000024",
            "annotations": []
        },
        {
            "sentence": "모니터링·평가(M&E) 보고서는 분기별 성과보고, 현장점검 결과, 그리고 사례연구 요약을 포함하며 방법론과 한계를 명시합니다.",
            "id": "sample_072_0097_000025",
            "annotations": []
        },
        {
            "sentence": "사례연구는 익명화된 인터뷰 요약으로 제공되며 인터뷰 참여자 식별자는 제공하지 않고 주요 인사이트와 인용문은 익명 처리했습니다.",
            "id": "sample_072_0097_000026",
            "annotations": []
        },
        {
            "sentence": "리스크 및 가정 로그에는 재정리스크, 운영리스크, 외부충격(예: 팬데믹) 가능성 및 대응시나리오가 날짜와 함께 기록되어 있습니다.",
            "id": "sample_072_0097_000027",
            "annotations": []
        },
        {
            "sentence": "결론 및 권고사항에는 단기 성과의 해석 한계, 추가 추적조사의 필요성, 확장성 제안 및 후속 모니터링 계획이 포함됩니다.",
            "id": "sample_072_0097_000028",
            "annotations": []
        },
        {
            "sentence": "부록에는 기계판독 가능한 JSON 스키마(메타데이터 포함)와 사람용 요약문이 포함되며 원자료와 출처(raw_data_reference)는 접근권한에 따라 제공됩니다.",
            "id": "sample_072_0097_000029",
            "annotations": []
        },
        {
            "sentence": "가정과 한계는 명확히 기술되어 있으며 특히 귀속(attribution)과 공헌(contribution)의 분리는 관측적 한계로 인해 불확실성이 존재함을 명시합니다.",
            "id": "sample_072_0097_000030",
            "annotations": []
        }
    ]
}