{
    "document_id": "072_0021",
    "document_title": "청년 취약계층 역량강화 프로젝트 임팩트 평가 및 재무·운영 보고서 (M&E 종합보고서)",
    "data": [
        {
            "sentence": "본 문서는 청년 취약계층 역량강화 프로젝트의 설계·집행·성과평가 및 재무현황을 종합적으로 보고하기 위해 작성되었습니다.",
            "id": "sample_072_0021_000001",
            "annotations": []
        },
        {
            "sentence": "보고 범위는 2024-01-01부터 2025-12-31까지의 사업기간이며 측정일자는 각 지표별로 별도 표기합니다.",
            "id": "sample_072_0021_000002",
            "annotations": []
        },
        {
            "sentence": "투자구조는 보조금(grant) 기반으로 총 집행액은 KRW 50,000,000(측정일: 2025-12-31)으로 표준 재무원칙에 따라 보고합니다.",
            "id": "sample_072_0021_000003",
            "annotations": []
        },
        {
            "sentence": "펀딩 일정은 1차 트랜치 KRW 20,000,000(2024-02-15), 2차 트랜치 KRW 30,000,000(2024-08-01)로 실행되었으며 각 트랜치별 지출명세를 별첨합니다.",
            "id": "sample_072_0021_000004",
            "annotations": []
        },
        {
            "sentence": "예산 집행 내역은 인건비·교육비·운영비 항목별로 계정과목 및 지출일자를 포함하여 KRW 단위로 분류했습니다.",
            "id": "sample_072_0021_000005",
            "annotations": []
        },
        {
            "sentence": "수혜자 레지스트리는 개인정보 비식별화 정책에 따라 식별자 대체값과 집계값만 보관하며 원자료는 별도 안전영역에 보관합니다.",
            "id": "sample_072_0021_000006",
            "annotations": []
        },
        {
            "sentence": "수혜자 성별 분포는 집계기준으로 제공하며 남성 48.0%, 여성 52.0%(측정일: 2025-12-31)를 보고합니다.",
            "id": "sample_072_0021_000007",
            "annotations": [
                {
                    "word": "성별",
                    "start": 4,
                    "end": 6,
                    "label": "준식별자"
                }
            ]
        },
        {
            "sentence": "연령대 20-29세 비중은 전체 수혜자 대비 62.5%(n=750, 측정일: 2025-12-31)로 보고되며 연령대는 집계단위로만 공개합니다.",
            "id": "sample_072_0021_000008",
            "annotations": [
                {
                    "word": "연령대 20-29세",
                    "start": 0,
                    "end": 10,
                    "label": "준식별자"
                }
            ]
        },
        {
            "sentence": "지리적 분포는 행정구역(시/군/구) 단위로 집계하며 주요 활동지역은 서울특별시(시집계 기준) 및 인근 광역시를 포함합니다.",
            "id": "sample_072_0021_000009",
            "annotations": [
                {
                    "word": "서울특별시",
                    "start": 38,
                    "end": 43,
                    "label": "준식별자"
                }
            ]
        },
        {
            "sentence": "성과지표는 출력(Output)-성과(Outcome)-영향(Impact) 구조로 분류하였으며 각 지표에는 측정방법·단위·측정일자를 명시합니다.",
            "id": "sample_072_0021_000010",
            "annotations": []
        },
        {
            "sentence": "IRIS+ 지표 매핑을 우선 적용하였고 예시로 '훈련수혜자 수'는 IRIS+ 'Number of individuals receiving training'과 매핑되어 있습니다.",
            "id": "sample_072_0021_000011",
            "annotations": []
        },
        {
            "sentence": "SDG 매핑은 SDG 4(양질의 교육) 및 SDG 8(양질의 고용)을 우선 연결하였고 각 지표별 SDG 타겟을 명시했습니다.",
            "id": "sample_072_0021_000012",
            "annotations": []
        },
        {
            "sentence": "측정방법은 표준화된 설문조사, 행정데이터 연계, 현장관찰을 결합하였고 표본크기 n=1,200, 신뢰수준 95% 신뢰구간 ±2.5%를 보고합니다.",
            "id": "sample_072_0021_000013",
            "annotations": []
        },
        {
            "sentence": "기준선(baseline)은 사업 개시 전 조사로 정의하며 본 사업의 기준선 실업률은 2024-01-01 기준 18.0%로 산정되었습니다.",
            "id": "sample_072_0021_000014",
            "annotations": []
        },
        {
            "sentence": "비교군(counterfactual)은 유사 특성의 비참여 집단을 매칭하여 구성하였고 매칭방법은 성향점수매칭(PSM)입니다.",
            "id": "sample_072_0021_000015",
            "annotations": []
        },
        {
            "sentence": "귀속(attribution)과 공헌(contribution)을 분리하여 보고하였고 인과관계는 명확한 근거 없이는 단정하지 않았습니다.",
            "id": "sample_072_0021_000016",
            "annotations": []
        },
        {
            "sentence": "SROI 계산식은 SROI = (사회적 편익총액 - 투자비용) / 투자비용 으로 정의하였고 계산에 사용된 모든 금액은 KRW 기준, 측정일자 표기를 포함합니다.",
            "id": "sample_072_0021_000017",
            "annotations": []
        },
        {
            "sentence": "본 사업의 주요 감가요인과 보수적 가정 하에서 사회적 편익총액은 KRW 150,000,000(측정일: 2025-12-31), 투자비용은 KRW 50,000,000으로 산정되어 SROI=2.0로 산출됩니다.",
            "id": "sample_072_0021_000018",
            "annotations": []
        },
        {
            "sentence": "SROI에 대한 민감도 분석은 편익 ±20% 및 할인율 변화(3%↔5%)를 적용하여 결과 범위를 보고하였고 불확실성을 수치로 제시했습니다.",
            "id": "sample_072_0021_000019",
            "annotations": []
        },
        {
            "sentence": "데이터 품질 평가는 완전성(completeness) 93.2%, 정확성(accuracy) 89.5%, 일관성(consistency) 91.0%로 산출하였으며 산출방식을 부록에 기술했습니다.",
            "id": "sample_072_0021_000020",
            "annotations": []
        },
        {
            "sentence": "결측값 처리 로그는 대체(imputation)·삭제(listwise deletion) 기준을 병행 사용했음을 기록하였고 각 처리 건수와 기준을 로그로 남겼습니다.",
            "id": "sample_072_0021_000021",
            "annotations": []
        },
        {
            "sentence": "이상치(outlier)는 IQR 기반 탐지 및 도메인 전문가 검토 절차를 거쳐 처리하였고 처리 이유와 원본값은 감사용 로그로 보관합니다.",
            "id": "sample_072_0021_000022",
            "annotations": []
        },
        {
            "sentence": "내부 운영 관련 승인선 및 권한은 문서상으로 존재하지만 공개 문서에서는 내부 결재선 정보는 보안 이유로 축약·비공개 처리했습니다.",
            "id": "sample_072_0021_000023",
            "annotations": [
                {
                    "word": "내부 결재선",
                    "start": 40,
                    "end": 46,
                    "label": "기밀정보"
                }
            ]
        },
        {
            "sentence": "재무 민감정보는 외부공개 시 계좌번호 등 상세 식별값은 전부 마스킹했으며 계좌번호는 내부 전용시스템에 안전 보관됩니다.",
            "id": "sample_072_0021_000024",
            "annotations": [
                {
                    "word": "계좌번호",
                    "start": 16,
                    "end": 20,
                    "label": "기밀정보"
                },
                {
                    "word": "계좌번호",
                    "start": 41,
                    "end": 45,
                    "label": "기밀정보"
                }
            ]
        },
        {
            "sentence": "리스크 로그는 정책·운영·재무·윤리 리스크로 구분하였고 각 리스크별 완화조치와 잔여위험 수준을 수치화해 기록했습니다.",
            "id": "sample_072_0021_000025",
            "annotations": []
        },
        {
            "sentence": "거버넌스와 보고주기는 분기별 내부보고 및 연간 외부평가로 정의되었으며 외부평가자는 독립성 확보를 위해 계약서에 명시적 이해상충 조항을 포함했습니다.",
            "id": "sample_072_0021_000026",
            "annotations": []
        },
        {
            "sentence": "한계와 가정으로는 표본선택편향 가능성, 단기관찰에 따른 시간지연(lag) 효과 미반영, 현지 컨텍스트 차이에 따른 지표 해석 차이를 명확히 기술했습니다.",
            "id": "sample_072_0021_000027",
            "annotations": []
        },
        {
            "sentence": "권고사항으로는 표준지표 지속모니터링, 행정데이터 연계 강화, 데이터 거버넌스 규정 준수 및 raw_data_reference(데이터셋 ID: dataset_2025_youth_M&E)를 포함하였습니다.",
            "id": "sample_072_0021_000028",
            "annotations": []
        }
    ]
}