{
    "document_id": "072_0029",
    "document_title": "사회적 영향 평가 및 임팩트 투자 보고서: 지역 기반 교육 접근성 개선 사업",
    "data": [
        {
            "sentence": "본 보고서는 지역 기반 교육 접근성 개선을 목표로 한 임팩트 투자 사업의 설계·집행·평가 결과물을 종합적으로 정리한 전문 문서입니다.",
            "id": "sample_072_0029_000001",
            "annotations": []
        },
        {
            "sentence": "문서는 프로젝트 개요, 투자·보조금 계약서 요약, 펀딩 트랜치 스케줄, 예산 집행 내역, 익명화된 수혜자 레지스트리, 성과지표 시계열 등을 포함합니다.",
            "id": "sample_072_0029_000002",
            "annotations": []
        },
        {
            "sentence": "프로젝트 목적은 취약계층 아동의 학습참여율 향상과 지역 학습인프라 개선이며 주요 수혜자 집단은 익명화된 그룹A(학생집단) 및 그룹B(교사집단)로 집계됩니다.",
            "id": "sample_072_0029_000003",
            "annotations": []
        },
        {
            "sentence": "총 투자금액은 150,000,000 KRW(측정일: 2024-09-30)이며 보조금 100,000,000 KRW와 조건부 감면 대출 50,000,000 KRW로 구성됩니다.",
            "id": "sample_072_0029_000004",
            "annotations": []
        },
        {
            "sentence": "펀딩 일정은 트랜치1 2024-03-15(50,000,000 KRW), 트랜치2 2024-06-30(50,000,000 KRW), 트랜치3 2024-09-30(50,000,000 KRW)로 명시되어 있으며 각 트랜치의 선결조건이 계약서에 기재되어 있습니다.",
            "id": "sample_072_0029_000005",
            "annotations": []
        },
        {
            "sentence": "예산 집행 내역은 회계정책 메타데이터와 함께 제공되며 회계기준은 프로젝트별 IFRS 유사 내부정책을 따르고 환율 정보는 환율기준 2024-09-30 기준으로 기록되어 있습니다.",
            "id": "sample_072_0029_000006",
            "annotations": []
        },
        {
            "sentence": "수혜자 레지스트리는 익명화된 ID(예: 수혜자_그룹A_001)로 구성되며 총 관찰표본수는 n=1,200명(측정일: 2024-08-31)으로 집계되어 있습니다.",
            "id": "sample_072_0029_000007",
            "annotations": []
        },
        {
            "sentence": "성과지표는 IRIS+ 및 SDG 프레임워크를 우선 적용하였고 커스텀 지표는 정의와 계산공식(equation)을 병기하였습니다.",
            "id": "sample_072_0029_000008",
            "annotations": []
        },
        {
            "sentence": "예시 지표: 출력(Output) '프로그램 참여자 수' 정의: 유효 참여 세션 3회 이상 참여자, 계산: count(participants) 측정일자: 2024-08-31, 단위: 명.",
            "id": "sample_072_0029_000009",
            "annotations": []
        },
        {
            "sentence": "성과(Outcome) 지표 예: '학습 참여율 변화' 정의: 개별 학생의 수업참여 비율 변화, 계산: (참여후-참여전)/참여전, 측정방법: 표준화 설문 및 출석기록 병합, 표본수 n=1,200.",
            "id": "sample_072_0029_000010",
            "annotations": []
        },
        {
            "sentence": "기준선(Baseline) 평가는 2023-12-15부터 2024-01-10까지 수행되었으며 표본수 n=1,200, 도구: 구조화 설문(고정 질문지), 신뢰구간 95% CI를 계산하여 불확실성을 보고합니다.",
            "id": "sample_072_0029_000011",
            "annotations": []
        },
        {
            "sentence": "비교군(counterfactual)은 유사 특성의 익명화된 통제집단을 매칭(동적 매칭, propensity score matching)하여 사용하였으며 매칭 변수와 잔여교란을 명시했습니다.",
            "id": "sample_072_0029_000012",
            "annotations": []
        },
        {
            "sentence": "측정방법은 혼합방법론을 사용하며 정량: 표준화 설문·행정자료, 정성: 반구조화 인터뷰 및 관찰기록을 삼각검증(triangulation) 방식으로 결합합니다.",
            "id": "sample_072_0029_000013",
            "annotations": []
        },
        {
            "sentence": "성과 귀속(attribution)과 공헌(contribution)은 분리 분석하였고 인과관계 주장은 무작위대조시험(RCT) 또는 강력한 준실험설계 근거가 있는 경우에만 신중히 표기했습니다.",
            "id": "sample_072_0029_000014",
            "annotations": []
        },
        {
            "sentence": "SROI(사회적 수익률) 정의: SROI = (사회적 편익의 현재가치 합계) / (투자비용 순액)이며 할인율은 3%로 가정하였고 기간은 5년으로 설정했습니다.",
            "id": "sample_072_0029_000015",
            "annotations": []
        },
        {
            "sentence": "SROI 계산 예시: 편익 NPV = 300,000,000 KRW(기간 합산, 할인율 3%), 투자비용 = 150,000,000 KRW, 계산 결과 SROI = 2.00(95% 부트스트랩 CI: [1.50,2.50], 표본수 n=1,200).",
            "id": "sample_072_0029_000016",
            "annotations": []
        },
        {
            "sentence": "시계열 성과지표 예: 학습참여율 2023-12-31 기준 42.0%에서 2024-08-31 기준 58.5%로 변화, 단위: %, 측정방법: 출석기록+설문 병합, 신뢰구간 표기 포함.",
            "id": "sample_072_0029_000017",
            "annotations": []
        },
        {
            "sentence": "모니터링·평가(M&E) 보고서는 분기별 작성되며 주요 지표의 변화추이, 데이터 품질 메트릭, 리스크 로그, 권고사항을 포함하여 2024년 3분기까지의 결과를 제시합니다.",
            "id": "sample_072_0029_000018",
            "annotations": []
        },
        {
            "sentence": "사례연구 및 인터뷰 요약은 익명화 규칙에 따라 참여자 식별자를 사용하며 주요 인용은 동의(consent) 기반으로 수집된 내용만 포함합니다.",
            "id": "sample_072_0029_000019",
            "annotations": []
        },
        {
            "sentence": "리스크·가정 로그는 리스크 ID, 분류(운영·재무·정책·데이터), 발생가능성, 영향도, 완화조치 및 상태(오픈/완료)를 구조화된 표로 관리합니다.",
            "id": "sample_072_0029_000020",
            "annotations": []
        },
        {
            "sentence": "데이터 품질 평가는 완전성(Completeness)=92%, 정확성(Accuracy)=88%, 일관성(Consistency)=90%로 계산하였으며 측정일은 2024-08-31입니다.",
            "id": "sample_072_0029_000021",
            "annotations": []
        },
        {
            "sentence": "결측치 처리 로그: 결측률이 5% 미만인 항목은 단순대체법(mean/mode)으로, 5% 이상은 다중대체법(MICE)을 적용하고 각 처리에 대한 로그를 보관합니다.",
            "id": "sample_072_0029_000022",
            "annotations": []
        },
        {
            "sentence": "이상치 처리 로그: 이상치는 IQR 기준(1.5*IQR)으로 탐지 후 검증 절차를 거쳐 N=12건을 제거 또는 Winsorization 처리하였으며 처리 사유를 메타데이터로 기록했습니다.",
            "id": "sample_072_0029_000023",
            "annotations": []
        },
        {
            "sentence": "감사·준법 보고서는 내부 회계감사 결과 주요 권고 3건을 포함하고 있으며 시정계획과 책임 주체는 익명화된 역할명으로 표기되어 있습니다.",
            "id": "sample_072_0029_000024",
            "annotations": []
        },
        {
            "sentence": "거버넌스·계약서 요약에는 투자 조건(성과연동 지급, 해지조항), 회계정책 메타데이터(환율 기준, 비용 항목 분류) 및 보고주기 정보가 포함됩니다.",
            "id": "sample_072_0029_000025",
            "annotations": []
        },
        {
            "sentence": "IRIS+/SDG 매핑은 각 성과지표에 표준 ID를 부여하여 IRIS ID 및 SDG 목표번호로 연결하였고 커스텀 지표는 정의와 계산공식을 병기했습니다.",
            "id": "sample_072_0029_000026",
            "annotations": []
        },
        {
            "sentence": "귀속 대 공헌 분석에서는 정책 변화 등 외생적 요인의 영향을 분리하기 위해 감도분석과 시나리오분석을 수행하였고 결과 해석 시 인과관계 확정은 보수적으로 표기했습니다.",
            "id": "sample_072_0029_000027",
            "annotations": []
        },
        {
            "sentence": "윤리적 고려사항으로 취약집단 데이터는 추가 보호조치(집계, 난수화, 데이터임계값 적용)를 적용하였으며 공개 데이터는 최소집계단위로만 제공합니다.",
            "id": "sample_072_0029_000028",
            "annotations": []
        },
        {
            "sentence": "가정 및 한계: 단기 관측 기간으로 인해 장기 임팩트 추정에 제한이 있으며 결과는 표본오차 및 선택편향으로부터 자유롭지 않음을 명시합니다.",
            "id": "sample_072_0029_000029",
            "annotations": []
        },
        {
            "sentence": "원자료 참조(raw_data_reference)는 raw_data_ledger_2024Q3_v1.csv, admin_records_20240831.parquet 등 파일 식별자와 버전으로 명시하였고 접근 권한은 제어됩니다.",
            "id": "sample_072_0029_000030",
            "annotations": []
        },
        {
            "sentence": "권고사항: 데이터 수집 주기 표준화, 비교군 강화, 장기 추적 연구 설계, 그리고 투명한 회계정책 공유를 통해 임팩트 신뢰성을 제고할 것을 제안합니다.",
            "id": "sample_072_0029_000031",
            "annotations": []
        },
        {
            "sentence": "버전관리 및 변경로그는 v1.0(초안 2024-10-01) 기준으로 작성되었으며 문서 내 모든 민감정보는 익명화·집계 형태로 유지됩니다.",
            "id": "sample_072_0029_000032",
            "annotations": []
        },
        {
            "sentence": "결론: 본 보고서는 표준 프레임워크 준수, 투명한 메타데이터, 데이터 품질 측정 및 윤리적 보호조치를 통해 보고의 신뢰성을 확보하려는 실무 지침을 제공합니다.",
            "id": "sample_072_0029_000033",
            "annotations": []
        }
    ]
}