{
    "document_id": "072_0048",
    "document_title": "교육접근성 개선 임팩트펀드 종합 평가 및 SROI 보고서",
    "data": [
        {
            "sentence": "본 문서는 사회적 영향 및 임팩트 투자 영역의 '교육접근성 개선' 프로젝트에 대한 종합 평가 보고서입니다.",
            "id": "sample_072_0048_000001",
            "annotations": []
        },
        {
            "sentence": "문서는 프로젝트 개요, 계약서 요약, 펀딩 일정, 예산 집행 내역, 수혜자 집계, 성과지표 시계열, 기준선 평가, M&E 보고서, 사례연구, 리스크 로그, SROI 계산 워크시트 등을 포함합니다.",
            "id": "sample_072_0048_000002",
            "annotations": []
        },
        {
            "sentence": "문서에 포함된 모든 개인 데이터는 익명화 및 집계 형태로 처리되었으며 개인식별정보는 저장하거나 노출하지 않았습니다.",
            "id": "sample_072_0048_000003",
            "annotations": []
        },
        {
            "sentence": "총 펀드 규모는 3,500,000,000 KRW이며 기준일은 2025-12-31입니다.",
            "id": "sample_072_0048_000004",
            "annotations": []
        },
        {
            "sentence": "운영 트랜치는 총 3회로 구성되며 트랜치A 2024-01-15, 트랜치B 2024-07-01, 트랜치C 2025-01-10에 분배되었습니다.",
            "id": "sample_072_0048_000005",
            "annotations": []
        },
        {
            "sentence": "예산 집행 내역은 항목별로 표준 회계정책을 메타데이터로 포함하여 환율 및 회계처리 원칙을 명시했습니다.",
            "id": "sample_072_0048_000006",
            "annotations": []
        },
        {
            "sentence": "수혜자 레지스트리는 익명화된 집계 ID와 집단 특성(연령대 집계, 교육레벨 집계)만을 포함하고 개인 이름이나 연락처는 제외했습니다.",
            "id": "sample_072_0048_000007",
            "annotations": []
        },
        {
            "sentence": "성과지표는 IRIS+ 표준을 우선 적용하였고 커스텀 지표는 정의 및 계산공식과 함께 기술했습니다.",
            "id": "sample_072_0048_000008",
            "annotations": []
        },
        {
            "sentence": "주요 성과지표 예시는 IRIS ID OI1234(교육 참여자 수), SDG 목표 4.1 매핑, 산출지표는 연간 참여자 수(명, 측정일: 2025-12-31)로 표기됩니다.",
            "id": "sample_072_0048_000009",
            "annotations": []
        },
        {
            "sentence": "기준선(baseline)은 사업 시작 직전 조사 결과로서 참여자 수 기준선 1,200명(측정일: 2023-12-15)을 사용하였고 비교군은 유사 지역의 집계 평균을 사용했습니다.",
            "id": "sample_072_0048_000010",
            "annotations": []
        },
        {
            "sentence": "성과 주장은 기준선 및 비교군과 측정방법(단일표본 설문, 추적조사)을 함께 제시하며 인과관계 단정은 하지 않았습니다.",
            "id": "sample_072_0048_000011",
            "annotations": []
        },
        {
            "sentence": "측정방법은 표준화된 설문지와 추적패널, 교육 참여 로그, 서드파티 검증을 결합한 혼합방법(mixed-methods)을 사용했습니다.",
            "id": "sample_072_0048_000012",
            "annotations": []
        },
        {
            "sentence": "표본크기는 n=1,200명(측정일: 2025-06-30)이며 95% 신뢰구간은 ±3.2%p로 계산되었습니다.",
            "id": "sample_072_0048_000013",
            "annotations": []
        },
        {
            "sentence": "선택편향 가능성을 평가하기 위해 모집단 특성 비교와 가중치 보정(ipw)을 적용했고 관련 절차를 부록에 기록했습니다.",
            "id": "sample_072_0048_000014",
            "annotations": []
        },
        {
            "sentence": "SROI 계산은 IRIS 기준 및 본 문서의 커스텀 가중치를 병행하여 수행했으며 산식은 다음과 같습니다.",
            "id": "sample_072_0048_000015",
            "annotations": []
        },
        {
            "sentence": "SROI = (NPV of Social Benefits − NPV of Investment) / NPV of Investment이며 NPV 계산에 사용된 할인율은 3.5% (연)입니다.",
            "id": "sample_072_0048_000016",
            "annotations": []
        },
        {
            "sentence": "사회적 편익 산정시 기준선 대비 추가 편익만을 귀속시키며 공헌(contribution)과 귀속(attribution)을 분리하여 보고했습니다.",
            "id": "sample_072_0048_000017",
            "annotations": []
        },
        {
            "sentence": "예시 결과로서 SROI 산출값은 1.8 (단위 없음, 측정일: 2025-12-31), 민감도 분석 범위는 1.3–2.4입니다.",
            "id": "sample_072_0048_000018",
            "annotations": []
        },
        {
            "sentence": "수치 해석에 불확실성이 존재하므로 결과는 귀속이 아닌 기여로 해석하도록 권고합니다.",
            "id": "sample_072_0048_000019",
            "annotations": []
        },
        {
            "sentence": "재무보고서에는 회계정책 메타데이터로 기준 통화 KRW, 환율 기준 2025-12-31 환율을 명시했습니다.",
            "id": "sample_072_0048_000020",
            "annotations": []
        },
        {
            "sentence": "데이터 품질 점수는 완전성 92% (측정일: 2025-12-31), 정확성 88% (검증 샘플 n=300), 일관성 90%로 산출했습니다.",
            "id": "sample_072_0048_000021",
            "annotations": []
        },
        {
            "sentence": "결측 처리 로그에는 결측값 총 48건, 다중대체법(multiple imputation) 적용 36건, 단순대체(중앙값) 12건을 기록했습니다.",
            "id": "sample_072_0048_000022",
            "annotations": []
        },
        {
            "sentence": "이상치 처리 로그에는 5건의 재무 항목 이상치에 대해 Winsorization(상하위 1% 컷) 처리를 적용한 기록이 포함됩니다.",
            "id": "sample_072_0048_000023",
            "annotations": []
        },
        {
            "sentence": "모니터링·평가(M&E) 보고서는 분기별 패널 데이터, 정성적 인터뷰 요약, 현장 관찰 리포트를 포함하며 방법론 섹션에 인터뷰 가이드와 윤리 동의 절차를 기술했습니다.",
            "id": "sample_072_0048_000024",
            "annotations": []
        },
        {
            "sentence": "사례연구는 익명화된 참여자 인용문과 집계 결과로 구성되며 취약집단 데이터는 추가 익명화 및 난수화 처리 규칙을 적용했습니다.",
            "id": "sample_072_0048_000025",
            "annotations": []
        },
        {
            "sentence": "리스크 로그는 정책 리스크, 재무 리스크, 운영 리스크, 데이터 리스크로 분류되어 있고 각 리스크의 영향도와 대응계획을 포함합니다.",
            "id": "sample_072_0048_000026",
            "annotations": []
        },
        {
            "sentence": "가정과 한계 섹션에는 주요 가정 6항목과 단기 데이터로 인한 한계, 시간지연(lag) 효과 가능성을 명시했습니다.",
            "id": "sample_072_0048_000027",
            "annotations": []
        },
        {
            "sentence": "출처는 내부 익명화 데이터베이스(접근 제한), 공개 통계자료(KOSIS 2024), 파트너 기관 M&E 리포트(요약본)로 표기되며 raw_data_reference는 보안 저장소 메타태그로 연결됩니다.",
            "id": "sample_072_0048_000028",
            "annotations": []
        },
        {
            "sentence": "기계판독 가능한 JSON 스키마와 사람이 읽기 쉬운 요약본이 본 문서에 동봉되어 있으며 스키마에는 필드명, 단위, 측정일자, 결측값 표시 규칙을 포함합니다.",
            "id": "sample_072_0048_000029",
            "annotations": []
        },
        {
            "sentence": "권고사항으로는 추가 장기 추적조사 시행, 비교군 확대, 표본 증대(n 목표 2,500명), 외부 검증기관에 의한 독립 감사 권고가 포함됩니다.",
            "id": "sample_072_0048_000030",
            "annotations": []
        }
    ]
}