{
    "document_id": "072_0006",
    "document_title": "청년일자리포용 임팩트 평가 및 재무보고서",
    "data": [
        {
            "sentence": "본 보고서는 사회적 영향 및 임팩트 투자 프로그램인 '청년일자리포용 펀드'의 평가와 재무내역을 종합적으로 정리한 문서입니다.",
            "id": "sample_072_0006_000001",
            "annotations": []
        },
        {
            "sentence": "문서 목적은 투자자·스폰서·운영팀에게 정량적·정성적 성과, 기준선·비교군 설계, 데이터 품질 메타데이터를 투명하게 제공하는 것입니다.",
            "id": "sample_072_0006_000002",
            "annotations": []
        },
        {
            "sentence": "총예산은 5,000,000 EUR (측정일: 2025-12-31)로 승인되었으며 통화는 ISO 4217 표준을 따릅니다.",
            "id": "sample_072_0006_000003",
            "annotations": []
        },
        {
            "sentence": "펀딩 일정과 트랜치는 트랜치1: 2,500,000 EUR (측정일: 2025-01-15), 트랜치2: 2,500,000 EUR (측정일: 2025-07-01)로 구성되어 있습니다.",
            "id": "sample_072_0006_000004",
            "annotations": []
        },
        {
            "sentence": "예산 집행 내역은 집행액 4,200,000 EUR (측정일: 2025-12-31)로 집계되었으며 항목별 회계정책과 환율환산 메타데이터를 포함합니다.",
            "id": "sample_072_0006_000005",
            "annotations": []
        },
        {
            "sentence": "수혜자 레지스트리는 법적·윤리적 요구를 반영하여 익명화·코드화한 집계형 데이터로 제공됩니다.",
            "id": "sample_072_0006_000006",
            "annotations": []
        },
        {
            "sentence": "참여자 수는 2,400명 (측정일: 2025-12-31)으로 집계되었으며 집계 단위와 추적 주기를 명시합니다.",
            "id": "sample_072_0006_000007",
            "annotations": []
        },
        {
            "sentence": "인구통계는 성별 비율 남성 48% 여성 52% (측정일: 2025-12-31)로 표현하였고 개별 식별정보는 삭제했습니다.",
            "id": "sample_072_0006_000008",
            "annotations": [
                {
                    "word": "성별",
                    "start": 6,
                    "end": 8,
                    "label": "준식별자"
                }
            ]
        },
        {
            "sentence": "연령대 분포는 18-24세 35%·25-34세 40%·35세 이상 25% (측정일: 2025-12-31)로 표준화하여 보고합니다.",
            "id": "sample_072_0006_000009",
            "annotations": []
        },
        {
            "sentence": "지리적 메타데이터는 시·군·구 단위로 분리 표기하며 시: 서울특별시, 군/구: 종로구 (측정일: 2025-12-31)로 기록했습니다.",
            "id": "sample_072_0006_000010",
            "annotations": [
                {
                    "word": "서울특별시",
                    "start": 32,
                    "end": 37,
                    "label": "준식별자"
                },
                {
                    "word": "종로구",
                    "start": 44,
                    "end": 47,
                    "label": "준식별자"
                }
            ]
        },
        {
            "sentence": "직업군은 직업(농업·서비스업·IT 등) 분류로 제공되며 원자료는 집계형 태그로 매핑됩니다 (측정일: 2025-12-31).",
            "id": "sample_072_0006_000011",
            "annotations": [
                {
                    "word": "직업",
                    "start": 0,
                    "end": 2,
                    "label": "준식별자"
                },
                {
                    "word": "직업",
                    "start": 5,
                    "end": 7,
                    "label": "준식별자"
                }
            ]
        },
        {
            "sentence": "학력 분류는 중졸·고졸·대졸 등 범주로 집계하였으며 개별 학력정보는 준식별화 처리 후 보관합니다 (측정일: 2025-12-31).",
            "id": "sample_072_0006_000012",
            "annotations": [
                {
                    "word": "학력",
                    "start": 0,
                    "end": 2,
                    "label": "준식별자"
                },
                {
                    "word": "학력",
                    "start": 32,
                    "end": 34,
                    "label": "준식별자"
                }
            ]
        },
        {
            "sentence": "성과지표는 IRIS+ 표준을 우선 적용하였고 각 지표에 대한 정의(definition)와 계산식(equation)을 메타데이터에 포함하였습니다.",
            "id": "sample_072_0006_000013",
            "annotations": []
        },
        {
            "sentence": "SDG 매핑은 SDG 4(양질의 교육)와 SDG 8(괜찮은 일과 경제성장)에 대응하도록 수행하였으며 매핑 로직을 문서화했습니다.",
            "id": "sample_072_0006_000014",
            "annotations": []
        },
        {
            "sentence": "기준선(baseline) 평가는 동질 비교군 설계와 counterfactual 가정을 포함하였고 측정방법은 혼합방법(mixed-methods)을 사용했습니다.",
            "id": "sample_072_0006_000015",
            "annotations": []
        },
        {
            "sentence": "SROI 계산 워크시트에는 현금흐름, 사회적 가치 환산값, 할인율 가정 및 민감도 분석을 포함하였으며 별도 첨부파일로 제공합니다.",
            "id": "sample_072_0006_000016",
            "annotations": []
        },
        {
            "sentence": "귀속(attribution)과 공헌(contribution)은 분리 분석하여 보고하였고 인과관계 단정은 피하며 불확실성을 명시했습니다.",
            "id": "sample_072_0006_000017",
            "annotations": []
        },
        {
            "sentence": "통계적 불확실성은 신뢰구간 95% (n=600, 측정일: 2025-12-31)를 포함하여 표기하였고 표본추출 방법을 기술했습니다.",
            "id": "sample_072_0006_000018",
            "annotations": []
        },
        {
            "sentence": "데이터 품질 점수는 완전성 88%·정확성 92%·일관성 85% (측정일: 2025-12-31)로 산출하였고 산출식과 가중치는 메타데이터에 기재했습니다.",
            "id": "sample_072_0006_000019",
            "annotations": []
        },
        {
            "sentence": "결측치 및 이상치 처리 방식은 처리로그로 남기며 처리 사유와 건수는 추적 가능하도록 기록합니다.",
            "id": "sample_072_0006_000020",
            "annotations": []
        },
        {
            "sentence": "수혜자 등록 데이터는 익명화·암호화하여 저장하며 원자료(raw_data_reference)는 내부 참조 코드로 연결합니다.",
            "id": "sample_072_0006_000021",
            "annotations": []
        },
        {
            "sentence": "재무 관련 항목 중 일부는 스폰서 요구와 규제 조건에 따라 기밀로 분류되어 공개 범위가 제한됩니다.",
            "id": "sample_072_0006_000022",
            "annotations": []
        },
        {
            "sentence": "후원금 세부 내역과 계좌번호 항목은 내부 기밀로 분류되어 외부에 공개되지 않으며 비공개 사유와 접근 권한을 로그로 관리합니다.",
            "id": "sample_072_0006_000023",
            "annotations": [
                {
                    "word": "후원금 세부 내역",
                    "start": 0,
                    "end": 9,
                    "label": "기밀정보"
                },
                {
                    "word": "계좌번호",
                    "start": 11,
                    "end": 15,
                    "label": "기밀정보"
                }
            ]
        },
        {
            "sentence": "감사·준법 보고서는 외부감사 결과를 포함하며 감사보고서 버전, 제출일, 감사범위를 메타데이터로 기록했습니다.",
            "id": "sample_072_0006_000024",
            "annotations": []
        },
        {
            "sentence": "모니터링·평가(M&E) 주기는 분기별로 설정되어 있으며 다음 정기 점검일은 2026-03-31로 예정되어 있습니다.",
            "id": "sample_072_0006_000025",
            "annotations": []
        },
        {
            "sentence": "사례연구 인터뷰는 참여자 코드를 부여하고 익명화한 후 요약을 작성하였으며 원본 인터뷰는 내부 보관 규정에 따라 관리합니다.",
            "id": "sample_072_0006_000026",
            "annotations": []
        },
        {
            "sentence": "리스크 로그에는 규제·환율·파트너 데이터품질 등의 리스크와 각 리스크별 대응계획이 등재되어 있습니다.",
            "id": "sample_072_0006_000027",
            "annotations": []
        },
        {
            "sentence": "권고사항은 데이터 표준화, 로컬 컨텍스트 메타데이터 보강, 투명한 보고 체계 수립을 우선으로 제시합니다.",
            "id": "sample_072_0006_000028",
            "annotations": []
        }
    ]
}