{
    "document_id": "072_0046",
    "document_title": "지역기반 교육접근성 향상 임팩트 투자 종합보고서",
    "data": [
        {
            "sentence": "본 보고서는 지역기반 교육접근성 향상을 목표로 한 임팩트 투자 프로젝트의 설계·집행·평가 결과를 종합적으로 기록합니다.",
            "id": "sample_072_0046_000001",
            "annotations": []
        },
        {
            "sentence": "프로젝트 개요에는 사업목표, 대상지 범위, 투자구조(보조금·채무·지분 혼합) 및 기간(시작일: 2023-07-01, 종료예정: 2026-06-30)을 명시했습니다.",
            "id": "sample_072_0046_000002",
            "annotations": []
        },
        {
            "sentence": "투자총액은 1,200,000,000 KRW(대한민국 원, 측정일자: 2024-12-31)로, 트랜치별 집행계획과 회계정책에 따른 환율·인플레이션 조정 메타데이터를 포함합니다.",
            "id": "sample_072_0046_000003",
            "annotations": []
        },
        {
            "sentence": "펀딩 일정은 트랜치1(집행일자: 2023-08-15, 금액: 400,000,000 KRW), 트랜치2(집행일자: 2024-06-10, 금액: 400,000,000 KRW), 트랜치3(집행예정: 2025-03-01, 금액: 400,000,000 KRW)로 기록했습니다.",
            "id": "sample_072_0046_000004",
            "annotations": []
        },
        {
            "sentence": "예산 집행 내역은 월별·분류별(운영비·인건비·프로그램비 등)로 분해하여 회계전표 기준일(예: 2024-12-31)과 함께 제공하며 통화는 ISO 4217 형식으로 표기합니다.",
            "id": "sample_072_0046_000005",
            "annotations": []
        },
        {
            "sentence": "수혜자 레지스트리는 개인식별정보를 제거한 익명화 집계로 제공하며, 레코드 단위식별자는 무작위화된 익명 ID만을 사용합니다.",
            "id": "sample_072_0046_000006",
            "annotations": []
        },
        {
            "sentence": "수혜자 수는 3,450명(단위: 명, 측정일자: 2024-12-31)으로 기초집계했으며 연령·성별·위치 등 준식별자 항목은 모두 집계·범주화하여 제공했습니다.",
            "id": "sample_072_0046_000007",
            "annotations": []
        },
        {
            "sentence": "성과지표는 IRIS+ 및 SDG 매핑을 우선 적용했으며 지표별 코드와 정의를 함께 기재했습니다(예: IRIS+ 교육접근 지표 매핑 참조, 측정일자 포함).",
            "id": "sample_072_0046_000008",
            "annotations": []
        },
        {
            "sentence": "출력(output) 지표 예시는 '학습자료 배포 수'로, 정의: 프로젝트 제공 학습자료의 물리적 또는 디지털 단위 수량, 단위: 권 또는 파일, 측정일자: 2024-12-31입니다.",
            "id": "sample_072_0046_000009",
            "annotations": []
        },
        {
            "sentence": "성과(outcome) 지표 예시는 '학업성취도 변화'로, 정의: 표준화 평가 점수의 평균 변화량, 단위: 점수(0-100), 측정일자: 베이스라인 2023-06-01, 최종측정 2024-12-15입니다.",
            "id": "sample_072_0046_000010",
            "annotations": []
        },
        {
            "sentence": "영향(impact) 수준의 추정은 중·장기적 변화로 제한되므로 본 보고서는 단기성과를 기반으로 기여(contribution) 범위를 서술하고 귀속(attribution) 주장은 제한적으로 제시합니다.",
            "id": "sample_072_0046_000011",
            "annotations": []
        },
        {
            "sentence": "성과 주장에 대해 기준선(baseline) 및 비교군(counterfactual)을 명확히 제시했습니다; 기준선 표본 크기 n=800명(측정일자: 2023-06-01), 비교군 매칭은 동종 지역 유사 지표 기반 매칭을 사용했습니다.",
            "id": "sample_072_0046_000012",
            "annotations": []
        },
        {
            "sentence": "측정방법은 혼합방법론을 적용했으며 정량: 표준화 시험 도구, 정성: 반구조화 인터뷰로 구성되었음을 명시하고 방법서(methodology)를 별도 첨부했습니다.",
            "id": "sample_072_0046_000013",
            "annotations": []
        },
        {
            "sentence": "통계적 불확실성 표기는 모든 주요 수치에 대해 95% 신뢰구간을 제시했으며 예: 학업성취 평균변화 4.2점, 95% CI [2.1, 6.3], 표본크기 n=650(측정일자: 2024-12-15)로 표기했습니다.",
            "id": "sample_072_0046_000014",
            "annotations": []
        },
        {
            "sentence": "성과 귀속은 무작위통제시험(RCT)이 아니므로 인과관계 단정은 피하고, 기여도를 추정하기 위해 혼합적 비교설계 및 민감도 분석을 수행했습니다.",
            "id": "sample_072_0046_000015",
            "annotations": []
        },
        {
            "sentence": "커스텀 지표 '접근성 지수(Accessibility Index)'를 정의하고 계산공식도 제공합니다: 접근성 지수 = (지역내 교육시설 이용률 비율 * 0.6) + (원거리 학습지원 서비스 이용률 * 0.4), 단위: 지수점수(0-100), 측정일자: 2024-12-31.",
            "id": "sample_072_0046_000016",
            "annotations": []
        },
        {
            "sentence": "SROI 계산 워크시트는 입력변수와 가정표를 포함하며 계산식은 표준식으로 표기했습니다; SROI = (할인된 사회적 편익 총합 / 투자비용)이며 할인율 가정은 3%로 설정했습니다.",
            "id": "sample_072_0046_000017",
            "annotations": []
        },
        {
            "sentence": "SROI 예측 결과는 중앙값 1.6 (단위: SROI ratio, 민감도 범위: 1.2-2.1, 가정: 편익 귀속 비율 50%, 측정일자: 2024-12-31)로 보고합니다.",
            "id": "sample_072_0046_000018",
            "annotations": []
        },
        {
            "sentence": "모니터링·평가(M&E) 보고서는 정기 리포트(분기별)와 이벤트 기반 보고서(사업중단·외부충격 시)를 구분하여 수집주기 메타데이터와 함께 저장했습니다.",
            "id": "sample_072_0046_000019",
            "annotations": []
        },
        {
            "sentence": "사례연구 및 인터뷰 요약은 익명화된 참여자 응답을 사용했으며 질적 분석은 코드북과 테마매핑을 포함하여 재현가능하도록 기록했습니다.",
            "id": "sample_072_0046_000020",
            "annotations": []
        },
        {
            "sentence": "리스크·가정 로그에는 주요 리스크(자금지급 지연, 현지 협력약정 변경 등)와 각각의 완화조치, 영향도와 발생가능도를 정성·정량 혼합으로 표기했습니다.",
            "id": "sample_072_0046_000021",
            "annotations": []
        },
        {
            "sentence": "데이터 품질 평가는 완전성(completeness)=92%·정확성(accuracy)=88%·일관성(consistency)=90%로 산출했으며 산출일자는 2025-01-10로 명시했습니다.",
            "id": "sample_072_0046_000022",
            "annotations": []
        },
        {
            "sentence": "결측·이상치 처리 방식은 로그로 기록했으며 예: 결측치 4.5%에 대해 다중대체법(Multiple Imputation)을 적용했고 처리일자와 적용파라미터를 로그에 남겼습니다.",
            "id": "sample_072_0046_000023",
            "annotations": []
        },
        {
            "sentence": "감사·준법 보고서는 외부감사자의 검토의견 요약을 포함하며 감사범위와 제한사항을 투명하게 기재했습니다(감사완료일: 2025-01-20).",
            "id": "sample_072_0046_000024",
            "annotations": []
        },
        {
            "sentence": "외부 평가자 보고서는 방법론 검토 결과와 권고사항을 포함하며 권고사항별 우선순위와 예상비용(단위: KRW, 추정일자 포함)을 제시했습니다.",
            "id": "sample_072_0046_000025",
            "annotations": []
        },
        {
            "sentence": "윤리적 고려사항으로 취약집단 데이터는 추가 보호조치를 적용했으며 공개 시 집계·난수화·데이터임계값(threshold) 정책을 적용했다고 명시합니다.",
            "id": "sample_072_0046_000026",
            "annotations": []
        },
        {
            "sentence": "가정과 한계는 별도 섹션에 기술했으며 예: 단기 데이터의 한계, 선택편향 가능성, 현지 컨텍스트 차이로 인한 외삽 한계 등을 명확히 표기했습니다.",
            "id": "sample_072_0046_000027",
            "annotations": []
        },
        {
            "sentence": "출처(source)와 원자료(raw_data_reference)는 파트너 제출 익명화 데이터셋 및 공개 통계자료를 병기했으며 개별 식별자를 포함하지 않은 상태로 저장했음을 명시합니다.",
            "id": "sample_072_0046_000028",
            "annotations": []
        }
    ]
}