{
    "document_id": "072_0016",
    "document_title": "사회적 임팩트 평가 및 임팩트 투자 운용보고서: 지역 생활안정성 증진 프로젝트",
    "data": [
        {
            "sentence": "본 문서는 지역 생활안정성 증진을 목표로 하는 임팩트 펀드의 평가·운용 결과를 정량·정성으로 종합한 보고서입니다.",
            "id": "sample_072_0016_000001",
            "annotations": []
        },
        {
            "sentence": "프로젝트 개요에는 목적, 대상지역, 계약기간 및 주요 산출지표를 포함하며 본 보고서의 측정일은 2024-12-31입니다.",
            "id": "sample_072_0016_000002",
            "annotations": [
                {
                    "word": "2024-12-31",
                    "start": 53,
                    "end": 63,
                    "label": "준식별자"
                }
            ]
        },
        {
            "sentence": "총 투자금액은 2,500,000 USD(투자집행 기준일: 2024-06-30)이며 트랜치는 3회로 분할 지급되었습니다.",
            "id": "sample_072_0016_000003",
            "annotations": [
                {
                    "word": "2024-06-30",
                    "start": 32,
                    "end": 42,
                    "label": "준식별자"
                }
            ]
        },
        {
            "sentence": "기준선(baseline)은 사업 개시 전 조사로 설정하였고 기준선 측정일은 2023-12-15이며 서술된 값은 해당일 기준입니다.",
            "id": "sample_072_0016_000004",
            "annotations": [
                {
                    "word": "2023-12-15",
                    "start": 42,
                    "end": 52,
                    "label": "준식별자"
                }
            ]
        },
        {
            "sentence": "성과 측정은 IRIS+, SDG 및 기관 내부 KPI를 우선 사용하였고 커스텀 지표는 정의 및 계산공식을 별도 표준으로 기록했습니다.",
            "id": "sample_072_0016_000005",
            "annotations": []
        },
        {
            "sentence": "주요 성과지표 중 '가구 생활안정성 지수'는 지표정의(definition)와 계산식(equation)을 적용해 점수화하였으며 측정일은 2024-12-31입니다.",
            "id": "sample_072_0016_000006",
            "annotations": [
                {
                    "word": "2024-12-31",
                    "start": 75,
                    "end": 85,
                    "label": "준식별자"
                }
            ]
        },
        {
            "sentence": "가구 생활안정성 지수 계산식: 지수 = (소득안정성 가중치0.4 × 표준화소득) + (주거안정성0.3 × 주거점수) + (보건·교육접근성0.3 × 접근성점수)입니다.",
            "id": "sample_072_0016_000007",
            "annotations": []
        },
        {
            "sentence": "대상지역 표본은 15개 행정구역을 포괄하며 대표성 확보를 위해 층화표본추출을 사용했고 최종 표본크기는 n=1,200명(측정일: 2024-09-30)입니다.",
            "id": "sample_072_0016_000008",
            "annotations": [
                {
                    "word": "n=1,200",
                    "start": 57,
                    "end": 64,
                    "label": "일반정보"
                },
                {
                    "word": "2024-09-30",
                    "start": 71,
                    "end": 81,
                    "label": "준식별자"
                }
            ]
        },
        {
            "sentence": "데이터 수집 방법은 설문조사(Computer Assisted Personal Interview, CAPI), 행정데이터 연계, 심층인터뷰 등 혼합방법(mixed-method)을 병행했으며 측정일은 2024-10-15입니다.",
            "id": "sample_072_0016_000009",
            "annotations": [
                {
                    "word": "2024-10-15",
                    "start": 110,
                    "end": 120,
                    "label": "준식별자"
                }
            ]
        },
        {
            "sentence": "성과 주장 시 귀속(attribution)과 공헌(contribution)을 분리해 보고하였으며, 인과관계는 무작위대조실험(RCT) 등 강력한 설계가 없는 한 확정적 결론을 피했습니다.",
            "id": "sample_072_0016_000010",
            "annotations": []
        },
        {
            "sentence": "비교군(counterfactual)은 매칭 기법을 이용한 유사집단으로 구성하였고 매칭 변수와 표준화된 효과추정방법을 부록에 기술하였습니다.",
            "id": "sample_072_0016_000011",
            "annotations": []
        },
        {
            "sentence": "정량성과의 불확실성 표시는 95% 신뢰구간으로 제공하였고 예시로 SROI 추정치는 2.8(95% CI: 1.9–3.7, 표본크기 n=1,200, 측정일: 2024-12-31)입니다.",
            "id": "sample_072_0016_000012",
            "annotations": [
                {
                    "word": "95% CI: 1.9–3.7",
                    "start": 50,
                    "end": 65,
                    "label": "일반정보"
                },
                {
                    "word": "n=1,200",
                    "start": 72,
                    "end": 79,
                    "label": "일반정보"
                }
            ]
        },
        {
            "sentence": "SROI 계산 워크시트에는 사회적 편익의 현재가치(PV)와 투자비용의 현재가치(PV)를 분리해 기록했으며 통화는 KRW로 표기했습니다.",
            "id": "sample_072_0016_000013",
            "annotations": [
                {
                    "word": "KRW",
                    "start": 63,
                    "end": 66,
                    "label": "일반정보"
                }
            ]
        },
        {
            "sentence": "SROI 기본식: SROI = (사회적 편익의 현재가치 KRW) / (투자비용의 현재가치 KRW)이며 할인율과 기간은 가정에 따라 민감도 분석을 수행했습니다.",
            "id": "sample_072_0016_000014",
            "annotations": []
        },
        {
            "sentence": "재무·성과 데이터의 회계정책 메타데이터에는 환율, 회계기준, 비용인식 기준을 명시하였고 환율 적용 기준일은 2024-06-30입니다.",
            "id": "sample_072_0016_000015",
            "annotations": [
                {
                    "word": "2024-06-30",
                    "start": 60,
                    "end": 70,
                    "label": "준식별자"
                }
            ]
        },
        {
            "sentence": "예산 집행 내역은 트랜치별 집행액과 집행일자(예: 2024-07-15, 2024-10-01)를 포함해 상세 표로 제공했습니다.",
            "id": "sample_072_0016_000016",
            "annotations": [
                {
                    "word": "2024-07-15",
                    "start": 28,
                    "end": 38,
                    "label": "준식별자"
                },
                {
                    "word": "2024-10-01",
                    "start": 40,
                    "end": 50,
                    "label": "준식별자"
                }
            ]
        },
        {
            "sentence": "수혜자 레지스트리는 개인식별정보 제거 후 집계형태로 제공하며 성별·연령대·지역(시·구) 분포를 보고하였습니다.",
            "id": "sample_072_0016_000017",
            "annotations": [
                {
                    "word": "성별",
                    "start": 34,
                    "end": 36,
                    "label": "준식별자"
                },
                {
                    "word": "연령대",
                    "start": 37,
                    "end": 40,
                    "label": "준식별자"
                },
                {
                    "word": "시·구",
                    "start": 44,
                    "end": 47,
                    "label": "준식별자"
                }
            ]
        },
        {
            "sentence": "수혜자 분포 예시: 여성 비율 58.3% (측정일: 2024-12-31), 남성 비율 41.7% (측정일: 2024-12-31), 전체 표본 n=1,200입니다.",
            "id": "sample_072_0016_000018",
            "annotations": [
                {
                    "word": "여성",
                    "start": 11,
                    "end": 13,
                    "label": "준식별자"
                },
                {
                    "word": "41.7%",
                    "start": 48,
                    "end": 53,
                    "label": "일반정보"
                }
            ]
        },
        {
            "sentence": "지리적 분포 예시: 서울특별시 종로구 포함 15개 구역을 대상으로 하였고 각 구역별 결과는 부록의 집계표를 참고하십시오.",
            "id": "sample_072_0016_000019",
            "annotations": [
                {
                    "word": "서울특별시",
                    "start": 11,
                    "end": 16,
                    "label": "준식별자"
                },
                {
                    "word": "종로구",
                    "start": 17,
                    "end": 20,
                    "label": "준식별자"
                }
            ]
        },
        {
            "sentence": "M&E 보고서는 분기별 모니터링 결과와 연간 평가를 포함하며 최근 모니터링 기준일은 2024-12-31입니다.",
            "id": "sample_072_0016_000020",
            "annotations": [
                {
                    "word": "2024-12-31",
                    "start": 47,
                    "end": 57,
                    "label": "준식별자"
                }
            ]
        },
        {
            "sentence": "사례연구 요약에는 심층인터뷰 30건(측정기간: 2024-09-01~2024-11-30)을 근거로 정성적 결과를 제시하였고 응답자는 익명화 처리했습니다.",
            "id": "sample_072_0016_000021",
            "annotations": [
                {
                    "word": "2024-09-01~2024-11-30",
                    "start": 26,
                    "end": 47,
                    "label": "준식별자"
                }
            ]
        },
        {
            "sentence": "리스크·가정 로그에는 주요 리스크, 영향확률, 대응계획 및 가정의 민감도 분석 결과를 포함하였고 최신 갱신일은 2024-12-01입니다.",
            "id": "sample_072_0016_000022",
            "annotations": [
                {
                    "word": "2024-12-01",
                    "start": 62,
                    "end": 72,
                    "label": "준식별자"
                }
            ]
        },
        {
            "sentence": "데이터 품질 평가는 완전성 92.5% (측정일: 2024-12-31), 정확성 88.0% (측정일: 2024-12-31), 일관성 90.2% (측정일: 2024-12-31)로 산출하였습니다.",
            "id": "sample_072_0016_000023",
            "annotations": [
                {
                    "word": "완전성 92.5%",
                    "start": 11,
                    "end": 20,
                    "label": "일반정보"
                },
                {
                    "word": "정확성 88.0%",
                    "start": 40,
                    "end": 49,
                    "label": "일반정보"
                },
                {
                    "word": "일관성 90.2%",
                    "start": 69,
                    "end": 78,
                    "label": "일반정보"
                }
            ]
        },
        {
            "sentence": "결측·이상치 처리 방식은 결측: 다중대체법(MICE), 이상치: IQR 기반 컷오프 적용이며 처리 로그는 별도 파일로 보존했습니다.",
            "id": "sample_072_0016_000024",
            "annotations": [
                {
                    "word": "MICE",
                    "start": 24,
                    "end": 28,
                    "label": "일반정보"
                }
            ]
        },
        {
            "sentence": "윤리적 고려사항으로 취약집단 데이터는 추가적 집계·난수화·임계값(최소집계단위 n=10)을 적용해 공개하였음을 명시합니다.",
            "id": "sample_072_0016_000025",
            "annotations": [
                {
                    "word": "임계값(최소집계단위 n=10)",
                    "start": 32,
                    "end": 48,
                    "label": "일반정보"
                }
            ]
        },
        {
            "sentence": "출처 및 원자료 참조는 내부 데이터베이스 식별자와 공개가능한 행정데이터 레퍼런스를 분리해 raw_data_reference로 기술하였고 접근권한을 관리합니다.",
            "id": "sample_072_0016_000026",
            "annotations": [
                {
                    "word": "raw_data_reference",
                    "start": 50,
                    "end": 68,
                    "label": "일반정보"
                }
            ]
        },
        {
            "sentence": "가정과 한계에서는 단기관측의 한계, 선택편향 가능성, 지역적 이질성으로 해석의 범위를 제한했으며 관련 민감도 분석을 제시했습니다.",
            "id": "sample_072_0016_000027",
            "annotations": []
        },
        {
            "sentence": "결론 및 권고사항에는 단기성과의 지속가능성 검증을 위한 추가 추적조사 권고와 확장성 검토를 위한 파일럿 확대안을 포함하였습니다.",
            "id": "sample_072_0016_000028",
            "annotations": []
        },
        {
            "sentence": "기계판독 가능한 산출물로 본 보고서는 JSON 스키마를 제공하며 인간용 요약은 본문 앞부분의 요약 섹션을 참조하시기 바랍니다.",
            "id": "sample_072_0016_000029",
            "annotations": []
        },
        {
            "sentence": "부록에는 SDG 매핑표, IRIS+ 매핑 지침, SROI 계산 워크시트(통화 KRW, 할인율 가정 포함) 및 외부감사 요약을 포함합니다.",
            "id": "sample_072_0016_000030",
            "annotations": [
                {
                    "word": "KRW",
                    "start": 43,
                    "end": 46,
                    "label": "일반정보"
                }
            ]
        }
    ]
}