{
    "document_id": "072_0096",
    "document_title": "사회적 영향 및 임팩트 투자 평가 보고서 — 도시청년 주거지원 펀드 2025 중간평가",
    "data": [
        {
            "sentence": "본 보고서는 도시청년 주거지원 펀드의 2023-2025년 사업 수행과 사회적 임팩트를 중간 평가한 기술·운영 문서입니다.",
            "id": "sample_072_0096_000001",
            "annotations": []
        },
        {
            "sentence": "문서는 프로젝트 개요, 투자 계약서 개요, 펀딩 일정, 예산 집행 내역, 성과지표 시계열, 기준선 및 비교군 자료를 포함합니다.",
            "id": "sample_072_0096_000002",
            "annotations": []
        },
        {
            "sentence": "수혜자 레지스트리는 익명화·집계 형태로 관리되며 원자료 필드명 예시는 이름, 사번/학번, 개인 연락처(휴대폰), 이메일 주소를 포함한다고 메타데이터에 표기합니다.",
            "id": "sample_072_0096_000003",
            "annotations": [
                {
                    "word": "이름",
                    "start": 39,
                    "end": 41,
                    "label": "개인정보"
                },
                {
                    "word": "사번/학번",
                    "start": 43,
                    "end": 48,
                    "label": "개인정보"
                },
                {
                    "word": "개인 연락처(휴대폰)",
                    "start": 50,
                    "end": 61,
                    "label": "개인정보"
                },
                {
                    "word": "이메일 주소",
                    "start": 63,
                    "end": 69,
                    "label": "개인정보"
                }
            ]
        },
        {
            "sentence": "보안·규정상 주민등록번호, 운전면허번호, 여권번호와 같은 고유 식별자는 수집하지 않거나 즉시 비식별화 처리를 시행함을 명시합니다.",
            "id": "sample_072_0096_000004",
            "annotations": [
                {
                    "word": "주민등록번호",
                    "start": 7,
                    "end": 13,
                    "label": "개인정보"
                },
                {
                    "word": "운전면허번호",
                    "start": 15,
                    "end": 21,
                    "label": "개인정보"
                },
                {
                    "word": "여권번호",
                    "start": 23,
                    "end": 27,
                    "label": "개인정보"
                }
            ]
        },
        {
            "sentence": "레지스트리의 공개 집계는 성별, 연령대 구간, 시, 군/구, 동 단위의 집계로 제공되며 하위 식별자 레벨은 접근 제어를 적용합니다.",
            "id": "sample_072_0096_000005",
            "annotations": [
                {
                    "word": "성별",
                    "start": 14,
                    "end": 16,
                    "label": "준식별자"
                },
                {
                    "word": "시",
                    "start": 26,
                    "end": 27,
                    "label": "준식별자"
                },
                {
                    "word": "군/구",
                    "start": 29,
                    "end": 32,
                    "label": "준식별자"
                },
                {
                    "word": "동",
                    "start": 34,
                    "end": 35,
                    "label": "준식별자"
                }
            ]
        },
        {
            "sentence": "원자료에는 생년월일(연, 월, 일) 원본을 저장하지 않으며, 분석 필요 시 연령대별(예: 18-24, 25-34) 집계만 제공합니다.",
            "id": "sample_072_0096_000006",
            "annotations": [
                {
                    "word": "생년월일",
                    "start": 6,
                    "end": 10,
                    "label": "준식별자"
                }
            ]
        },
        {
            "sentence": "보조 변수로 수집되는 직업/직장명, 학력/전공, 국적 등 준식별자는 별도 가명처리·범주화해 외부 공개 시 재식별 위험을 최소화합니다.",
            "id": "sample_072_0096_000007",
            "annotations": [
                {
                    "word": "직업/직장명",
                    "start": 12,
                    "end": 18,
                    "label": "준식별자"
                },
                {
                    "word": "학력/전공",
                    "start": 20,
                    "end": 25,
                    "label": "준식별자"
                },
                {
                    "word": "국적",
                    "start": 27,
                    "end": 29,
                    "label": "준식별자"
                }
            ]
        },
        {
            "sentence": "총 펀드규모는 2,500,000,000 KRW(측정일: 2025-12-31)이며 트랜치별 집행계획과 실제지출을 월별로 비교 분석했습니다.",
            "id": "sample_072_0096_000008",
            "annotations": []
        },
        {
            "sentence": "예산 집행 내역은 항목별로 금액과 통화단위(KRW) 및 회계정책(현금기준 또는 발생기준)을 메타데이터에 명시했습니다.",
            "id": "sample_072_0096_000009",
            "annotations": []
        },
        {
            "sentence": "재무 관련 일부 필드(예: 계좌번호, 후원금 세부 내역, 예산 집행 세부 항목)는 기밀로 분류되어 공개본에서는 값이 제거되거나 모자이크 처리됩니다.",
            "id": "sample_072_0096_000010",
            "annotations": [
                {
                    "word": "계좌번호",
                    "start": 15,
                    "end": 19,
                    "label": "기밀정보"
                },
                {
                    "word": "후원금 세부 내역",
                    "start": 21,
                    "end": 30,
                    "label": "기밀정보"
                },
                {
                    "word": "예산 집행 세부 항목",
                    "start": 32,
                    "end": 43,
                    "label": "기밀정보"
                }
            ]
        },
        {
            "sentence": "성과지표는 IRIS+ 및 SDG 지표를 우선 적용하고, 커스텀 지표는 정의와 계산공식(equation)을 명시하여 메타데이터에 포함했습니다.",
            "id": "sample_072_0096_000011",
            "annotations": []
        },
        {
            "sentence": "기술·보안 메타데이터에는 시스템 접속 계정, 서버 IP 및 내부 파일 경로 등 민감 항목이 포함되므로 외부 배포본에서는 해당 값을 제거했습니다.",
            "id": "sample_072_0096_000012",
            "annotations": [
                {
                    "word": "시스템 접속 계정",
                    "start": 14,
                    "end": 23,
                    "label": "기밀정보"
                },
                {
                    "word": "서버 IP",
                    "start": 25,
                    "end": 30,
                    "label": "기밀정보"
                }
            ]
        },
        {
            "sentence": "성과 주장의 근거로 기준선(baseline) 보고서, 비교군(counterfactual) 설계, 측정방법(등록·추적·설문·행정자료 통합)을 함께 제시했습니다.",
            "id": "sample_072_0096_000013",
            "annotations": []
        },
        {
            "sentence": "측정방법 설명에는 표본추출방법, 표본크기 및 불확실성 표기가 포함되며 예시로 표본크기 n=1,200(측정일:2025-11-30), 95% 신뢰구간 ±2.5%를 기재했습니다.",
            "id": "sample_072_0096_000014",
            "annotations": []
        },
        {
            "sentence": "인과관계(causality) 주장은 엄격한 통제와 추가 분석을 전제로 하며, 본 문서에서는 공헌(contribution) 수준으로만 기술하고 인과 단정은 피했습니다.",
            "id": "sample_072_0096_000015",
            "annotations": []
        },
        {
            "sentence": "SROI 계산 워크시트에는 사회적 편익의 순현재가치(NPV)와 투자NPV를 사용한 공식 SROI = NPV(편익) / NPV(투자)를 포함하고 할인율 3%를 시나리오별로 적용했습니다.",
            "id": "sample_072_0096_000016",
            "annotations": []
        },
        {
            "sentence": "SROI 수치의 불확실성은 감도분석을 통해 표시했으며 민감도 시나리오별 신뢰구간과 가정값을 별도 탭으로 제공했습니다.",
            "id": "sample_072_0096_000017",
            "annotations": []
        },
        {
            "sentence": "SDG 및 IRIS+ 매핑표는 각 성과지표 코드와 설명을 포함하며 예: IRIS OI1234 → SDG 11.1 매핑을 문서화했습니다.",
            "id": "sample_072_0096_000018",
            "annotations": []
        },
        {
            "sentence": "데이터 품질 평가는 완전성·정확성·일관성 기준으로 산출하여 가중평균 방식으로 종합 점수 78/100(평가일:2025-12-15)을 제시했습니다.",
            "id": "sample_072_0096_000019",
            "annotations": []
        },
        {
            "sentence": "결측·이상치 처리 로그는 처리일, 처리방법, 처리자(역할) 및 처리 사유를 포함하며 예시로 결측치 3.2%는 다중대체법(MICE)으로 보정했습니다.",
            "id": "sample_072_0096_000020",
            "annotations": []
        },
        {
            "sentence": "이상치 4건은 IQR 기준으로 식별되어 별도 검증 로그와 함께 제외 처리했고 해당 사유와 영향도 평가를 기록했습니다.",
            "id": "sample_072_0096_000021",
            "annotations": []
        },
        {
            "sentence": "모니터링·평가(M&E) 보고서에는 분기별 KPI 시계열, 개입시점 전후 비교그래프, 로그프레임 결과와 메타분석 요약을 포함했습니다.",
            "id": "sample_072_0096_000022",
            "annotations": []
        },
        {
            "sentence": "사례연구(qualitative) 요약은 인터뷰 요지와 코딩 메모를 제공하되, 취약집단 발언은 익명화·집계된 형태로만 공개했습니다.",
            "id": "sample_072_0096_000023",
            "annotations": []
        },
        {
            "sentence": "리스크·가정 로그에는 주요 리스크, 발생확률, 영향평가, 완화조치 및 남은 잔여리스크를 시계열로 기록했습니다.",
            "id": "sample_072_0096_000024",
            "annotations": []
        },
        {
            "sentence": "외부 감사·준법 보고서는 요약본을 공개하고 원문은 접근권한이 있는 기관에만 제공하며 원자료 참조(raw_data_reference)에 접근 절차를 기술했습니다.",
            "id": "sample_072_0096_000025",
            "annotations": []
        },
        {
            "sentence": "윤리적 고려사항으로 취약집단 데이터는 추가 동의와 데이터임계값을 적용하고 공개 시 집계·난수화(노이즈 추가)를 시행한다고 명시했습니다.",
            "id": "sample_072_0096_000026",
            "annotations": []
        },
        {
            "sentence": "가정과 한계항목에는 데이터수집 주기 차이, 회계정책 불일치, 선택편향 가능성 및 시간지연(lag)으로 인한 장기 임팩트 불확실성을 구체적으로 기술했습니다.",
            "id": "sample_072_0096_000027",
            "annotations": []
        },
        {
            "sentence": "결론 및 권고는 확장성 전략, 추가 비교군 연구 권고, 데이터 표준화 로드맵을 포함하며 향후 연차보고서에서 추적할 KPI 목록을 제안합니다.",
            "id": "sample_072_0096_000028",
            "annotations": []
        }
    ]
}