﻿word,document,sentence,label
예산 집행 세부 항목,072_0001,sample_072_0001_000006,기밀정보
계좌번호,072_0001,sample_072_0001_000007,기밀정보
성별,072_0001,sample_072_0001_000009,준식별자
연령대,072_0001,sample_072_0001_000009,준식별자
소재지,072_0001,sample_072_0001_000009,준식별자
성별: 여성,072_0001,sample_072_0001_000010,준식별자
연령대: 30-39,072_0001,sample_072_0001_000010,준식별자
서울특별시,072_0001,sample_072_0001_000010,준식별자
SDG_mapping_2024.json,072_0001,sample_072_0001_000016,기밀정보
impact_registry_v2,072_0001,sample_072_0001_000024,기밀정보
비공개 결재선,072_0001,sample_072_0001_000026,기밀정보
남성,072_0002,sample_072_0002_000009,준식별자
여성,072_0002,sample_072_0002_000009,준식별자
20대,072_0002,sample_072_0002_000010,준식별자
30대,072_0002,sample_072_0002_000010,준식별자
40대,072_0002,sample_072_0002_000010,준식별자
50대 이상,072_0002,sample_072_0002_000010,준식별자
서울특별시,072_0002,sample_072_0002_000011,준식별자
강남구,072_0002,sample_072_0002_000012,준식별자
농업인,072_0002,sample_072_0002_000013,준식별자
교사,072_0002,sample_072_0002_000013,준식별자
후원금 세부 내역,072_0002,sample_072_0002_000024,기밀정보
계좌번호,072_0002,sample_072_0002_000025,기밀정보
내부 결재선,072_0002,sample_072_0002_000026,기밀정보
s3://impact-072/raw_data.csv,072_0002,sample_072_0002_000027,기밀정보
계좌번호,072_0004,sample_072_0004_000005,기밀정보
후원금 세부 내역,072_0004,sample_072_0004_000005,기밀정보
여성,072_0004,sample_072_0004_000006,준식별자
남성,072_0004,sample_072_0004_000006,준식별자
1985년,072_0004,sample_072_0004_000007,준식별자
서울특별시,072_0004,sample_072_0004_000008,준식별자
강동구,072_0004,sample_072_0004_000008,준식별자
교사,072_0004,sample_072_0004_000009,준식별자
내부 결재선,072_0004,sample_072_0004_000020,기밀정보
미발표 협력 기관,072_0004,sample_072_0004_000021,기밀정보
내부 DB(비공개),072_0004,sample_072_0004_000026,기밀정보
이름,072_0005,sample_072_0005_000003,개인정보
주민등록번호,072_0005,sample_072_0005_000003,개인정보
이메일 주소,072_0005,sample_072_0005_000003,개인정보
휴대폰,072_0005,sample_072_0005_000003,개인정보
성별,072_0005,sample_072_0005_000004,준식별자
연령대,072_0005,sample_072_0005_000004,준식별자
시/군/구,072_0005,sample_072_0005_000004,준식별자
성별,072_0005,sample_072_0005_000005,준식별자
30대,072_0005,sample_072_0005_000005,준식별자
서울특별시,072_0005,sample_072_0005_000005,준식별자
강남구,072_0005,sample_072_0005_000005,준식별자
직업군,072_0005,sample_072_0005_000005,준식별자
계좌번호,072_0005,sample_072_0005_000008,기밀정보
내부 결재선,072_0005,sample_072_0005_000008,기밀정보
미발표 협력 기관 명단,072_0005,sample_072_0005_000008,기밀정보
후원금 세부 내역,072_0005,sample_072_0005_000009,기밀정보
연락처,072_0005,sample_072_0005_000017,개인정보
개인정보,072_0005,sample_072_0005_000027,개인정보
기밀조항,072_0005,sample_072_0005_000026,기밀정보
성별,072_0006,sample_072_0006_000008,준식별자
서울특별시,072_0006,sample_072_0006_000010,준식별자
종로구,072_0006,sample_072_0006_000010,준식별자
직업,072_0006,sample_072_0006_000011,준식별자
학력,072_0006,sample_072_0006_000012,준식별자
후원금 세부 내역,072_0006,sample_072_0006_000023,기밀정보
계좌번호,072_0006,sample_072_0006_000023,기밀정보
"3,000,000 KRW",072_0007,sample_072_0007_000003,기밀정보
2024-01-31,072_0007,sample_072_0007_000003,준식별자
"1,200,000 KRW",072_0007,sample_072_0007_000004,기밀정보
2023-01-15,072_0007,sample_072_0007_000004,준식별자
"800,000 KRW",072_0007,sample_072_0007_000004,기밀정보
2023-06-30,072_0007,sample_072_0007_000004,준식별자
"500,000 KRW",072_0007,sample_072_0007_000005,기밀정보
"700,000 KRW",072_0007,sample_072_0007_000005,기밀정보
30-39세,072_0007,sample_072_0007_000006,준식별자
여성,072_0007,sample_072_0007_000006,준식별자
남성,072_0007,sample_072_0007_000006,준식별자
강남구,072_0007,sample_072_0007_000006,준식별자
2023-12-31,072_0007,sample_072_0007_000008,준식별자
2022-12-15,072_0007,sample_072_0007_000009,준식별자
n=600,072_0007,sample_072_0007_000009,일반정보
1.8,072_0007,sample_072_0007_000015,일반정보
"500,000 KRW",072_0007,sample_072_0007_000015,기밀정보
내부 결재선,072_0007,sample_072_0007_000017,기밀정보
92%,072_0007,sample_072_0007_000018,일반정보
89%,072_0007,sample_072_0007_000018,일반정보
94%,072_0007,sample_072_0007_000018,일반정보
2024-01-31,072_0007,sample_072_0007_000018,준식별자
2024-01-20,072_0007,sample_072_0007_000020,준식별자
"2,000,000 KRW",072_0007,sample_072_0007_000021,기밀정보
2024-01-31,072_0007,sample_072_0007_000021,준식별자
계약서,072_0007,sample_072_0007_000022,기밀정보
임계값,072_0007,sample_072_0007_000023,일반정보
raw_data_reference,072_0007,sample_072_0007_000024,일반정보
JSON 스키마,072_0007,sample_072_0007_000025,일반정보
2024-04-01,072_0007,sample_072_0007_000028,준식별자
운영팀 전용,072_0007,sample_072_0007_000029,기밀정보
여성,072_0008,sample_072_0008_000006,준식별자
남성,072_0008,sample_072_0008_000006,준식별자
연령대 30-39,072_0008,sample_072_0008_000007,준식별자
34.2세,072_0008,sample_072_0008_000007,준식별자
2024년 03월 31일,072_0008,sample_072_0008_000007,준식별자
서울특별시,072_0008,sample_072_0008_000008,준식별자
농업인,072_0008,sample_072_0008_000009,준식별자
고졸,072_0008,sample_072_0008_000009,준식별자
내부 결재선,072_0008,sample_072_0008_000012,기밀정보
비공개 협력 기관,072_0008,sample_072_0008_000013,기밀정보
후원금 세부 내역,072_0008,sample_072_0008_000014,기밀정보
예산 집행 세부 항목,072_0008,sample_072_0008_000014,기밀정보
계좌번호,072_0008,sample_072_0008_000014,기밀정보
계좌번호,072_0009,sample_072_0009_000003,기밀정보
후원금 세부 내역,072_0009,sample_072_0009_000005,기밀정보
이름,072_0009,sample_072_0009_000006,개인정보
연락처(휴대전화),072_0009,sample_072_0009_000007,개인정보
성별: 여성,072_0009,sample_072_0009_000008,준식별자
출생연도: 1985,072_0009,sample_072_0009_000009,준식별자
시군구: 서울특별시 중구,072_0009,sample_072_0009_000010,준식별자
직장명: 비영리단체,072_0009,sample_072_0009_000011,준식별자
내부 결재선,072_0009,sample_072_0009_000021,기밀정보
비공개 협력 기관 명단,072_0009,sample_072_0009_000022,기밀정보
시/군/구: 강동구,072_0011,sample_072_0011_000007,준식별자
생년월일(연): 1985,072_0011,sample_072_0011_000008,준식별자
성별: 여성,072_0011,sample_072_0011_000009,준식별자
계좌번호: ****-****-1234,072_0011,sample_072_0011_000010,기밀정보
내부 결재선,072_0011,sample_072_0011_000011,기밀정보
"KRW 1,200,000,000",072_0015,sample_072_0015_000006,기밀정보
audit_2025_confidential.pdf,072_0015,sample_072_0015_000018,기밀정보
2024-12-31,072_0016,sample_072_0016_000002,준식별자
2024-06-30,072_0016,sample_072_0016_000003,준식별자
2023-12-15,072_0016,sample_072_0016_000004,준식별자
2024-12-31,072_0016,sample_072_0016_000006,준식별자
"n=1,200",072_0016,sample_072_0016_000008,일반정보
2024-09-30,072_0016,sample_072_0016_000008,준식별자
2024-10-15,072_0016,sample_072_0016_000009,준식별자
95% CI: 1.9–3.7,072_0016,sample_072_0016_000012,일반정보
"n=1,200",072_0016,sample_072_0016_000012,일반정보
KRW,072_0016,sample_072_0016_000013,일반정보
2024-06-30,072_0016,sample_072_0016_000015,준식별자
2024-07-15,072_0016,sample_072_0016_000016,준식별자
2024-10-01,072_0016,sample_072_0016_000016,준식별자
성별,072_0016,sample_072_0016_000017,준식별자
연령대,072_0016,sample_072_0016_000017,준식별자
시·구,072_0016,sample_072_0016_000017,준식별자
여성,072_0016,sample_072_0016_000018,준식별자
41.7%,072_0016,sample_072_0016_000018,일반정보
서울특별시,072_0016,sample_072_0016_000019,준식별자
종로구,072_0016,sample_072_0016_000019,준식별자
2024-12-31,072_0016,sample_072_0016_000020,준식별자
2024-09-01~2024-11-30,072_0016,sample_072_0016_000021,준식별자
2024-12-01,072_0016,sample_072_0016_000022,준식별자
완전성 92.5%,072_0016,sample_072_0016_000023,일반정보
정확성 88.0%,072_0016,sample_072_0016_000023,일반정보
일관성 90.2%,072_0016,sample_072_0016_000023,일반정보
MICE,072_0016,sample_072_0016_000024,일반정보
임계값(최소집계단위 n=10),072_0016,sample_072_0016_000025,일반정보
raw_data_reference,072_0016,sample_072_0016_000026,일반정보
2024-12-31,072_0016,sample_072_0016_000029,준식별자
KRW,072_0016,sample_072_0016_000030,일반정보
성별,072_0019,sample_072_0019_000010,준식별자
서울특별시,072_0019,sample_072_0019_000011,준식별자
경기도,072_0019,sample_072_0019_000011,준식별자
강남구,072_0019,sample_072_0019_000011,준식별자
계좌번호,072_0019,sample_072_0019_000016,기밀정보
임루하,072_0020,sample_072_0020_000004,개인정보
정부겸,072_0020,sample_072_0020_000005,개인정보
배창현,072_0020,sample_072_0020_000006,개인정보
한민선,072_0020,sample_072_0020_000006,개인정보
110-123-456789,072_0020,sample_072_0020_000009,기밀정보
여성,072_0020,sample_072_0020_000011,준식별자
1995,072_0020,sample_072_0020_000011,준식별자
07,072_0020,sample_072_0020_000011,준식별자
14,072_0020,sample_072_0020_000011,준식별자
강서구,072_0020,sample_072_0020_000011,준식별자
s3://impacts/registry/2024-06.csv,072_0020,sample_072_0020_000022,기밀정보
한민선,072_0020,sample_072_0020_000024,개인정보
허희령,072_0020,sample_072_0020_000027,개인정보
성별,072_0021,sample_072_0021_000007,준식별자
연령대 20-29세,072_0021,sample_072_0021_000008,준식별자
서울특별시,072_0021,sample_072_0021_000009,준식별자
내부 결재선,072_0021,sample_072_0021_000023,기밀정보
계좌번호,072_0021,sample_072_0021_000024,기밀정보
고선호,072_0023,sample_072_0023_000004,개인정보
엄재빈,072_0023,sample_072_0023_000004,개인정보
곽보검,072_0023,sample_072_0023_000004,개인정보
고선호,072_0023,sample_072_0023_000005,개인정보
서울특별시 성동구,072_0023,sample_072_0023_000013,준식별자
30대,072_0023,sample_072_0023_000013,준식별자
여성,072_0023,sample_072_0023_000013,준식별자
s3://impacts/data/qual/2025_q1,072_0023,sample_072_0023_000016,기밀정보
110-123-456789,072_0023,sample_072_0023_000019,기밀정보
부산광역시 해운대구,072_0023,sample_072_0023_000026,준식별자
예산 집행 세부 항목,072_0024,sample_072_0024_000005,기밀정보
이름,072_0024,sample_072_0024_000006,개인정보
성별,072_0024,sample_072_0024_000006,준식별자
연령대,072_0024,sample_072_0024_000006,준식별자
시/군/구(강남구),072_0024,sample_072_0024_000006,준식별자
직업,072_0024,sample_072_0024_000006,준식별자
주민등록번호,072_0024,sample_072_0024_000007,개인정보
사번/학번,072_0024,sample_072_0024_000008,개인정보
내부 결재선,072_0024,sample_072_0024_000014,기밀정보
내부 회의록,072_0024,sample_072_0024_000014,기밀정보
계좌번호,072_0024,sample_072_0024_000016,기밀정보
후원금 세부 내역,072_0024,sample_072_0024_000017,기밀정보
미발표 협력 기관 명단,072_0024,sample_072_0024_000018,기밀정보
성별: 여성 60%,072_0027,sample_072_0027_000008,준식별자
30대 40%,072_0027,sample_072_0027_000009,준식별자
시: 서울,072_0027,sample_072_0027_000010,준식별자
구: 강동구,072_0027,sample_072_0027_000010,준식별자
계좌번호,072_0027,sample_072_0027_000026,기밀정보
성별,072_0028,sample_072_0028_000007,준식별자
연령대,072_0028,sample_072_0028_000007,준식별자
시(서울),072_0028,sample_072_0028_000007,준식별자
구(서대문구),072_0028,sample_072_0028_000007,준식별자
직업,072_0028,sample_072_0028_000007,준식별자
학력,072_0028,sample_072_0028_000007,준식별자
국적,072_0028,sample_072_0028_000007,준식별자
성별: 여성(집계),072_0028,sample_072_0028_000008,준식별자
연령대: 30대(집계),072_0028,sample_072_0028_000008,준식별자
시: 서울,072_0028,sample_072_0028_000008,준식별자
구: 서대문구,072_0028,sample_072_0028_000008,준식별자
직업: 교사,072_0028,sample_072_0028_000008,준식별자
학력: 대졸,072_0028,sample_072_0028_000008,준식별자
국적: 한국,072_0028,sample_072_0028_000008,준식별자
내부 결재선,072_0028,sample_072_0028_000024,기밀정보
내부 회의록 제목,072_0028,sample_072_0028_000024,기밀정보
비공개 협력 기관 명단,072_0028,sample_072_0028_000024,기밀정보
후원금 세부 내역,072_0028,sample_072_0028_000024,기밀정보
S3://impact-data/072_edu/raw/2025-06-30,072_0028,sample_072_0028_000026,기밀정보
s3://impact-data/raw/project_072_0030/participant.csv,072_0030,sample_072_0030_000013,기밀정보
계좌번호 123-456789-01,072_0030,sample_072_0030_000015,기밀정보
access_log_20250115.csv,072_0030,sample_072_0030_000029,기밀정보
후원금 집행 세목,072_0030,sample_072_0030_000014,기밀정보
곽지범,072_0030,sample_072_0030_000018,개인정보
이현재,072_0030,sample_072_0030_000018,개인정보
고태라,072_0030,sample_072_0030_000019,개인정보
P-001,072_0030,sample_072_0030_000017,개인정보
P-002,072_0030,sample_072_0030_000017,개인정보
서울특별시,072_0030,sample_072_0030_000020,준식별자
강남구,072_0030,sample_072_0030_000020,준식별자
부산광역시,072_0030,sample_072_0030_000020,준식별자
해운대구,072_0030,sample_072_0030_000020,준식별자
남성,072_0030,sample_072_0030_000021,준식별자
여성,072_0030,sample_072_0030_000021,준식별자
1985년,072_0030,sample_072_0030_000021,준식별자
"성별 분포: 여성 62%, 남성 38% (측정일: 2024-03-31)",072_0031,sample_072_0031_000005,준식별자
대표 샘플의 생년월일(연): 1987 (측정일: 2024-03-31),072_0031,sample_072_0031_000006,준식별자
"시: 서울특별시, 군/구: 강남구 (측정일: 2024-03-31)",072_0031,sample_072_0031_000007,준식별자
"후원금 총액: USD 50,000 (측정일: 2024-03-31)",072_0031,sample_072_0031_000008,기밀정보
"트랜치 일정: Tranche1 USD 30,000 (지급일: 2024-01-15), Tranche2 USD 20,000 (지급일: 2024-04-01)",072_0031,sample_072_0031_000009,기밀정보
"예산 집행 세부 항목: 프로젝트 운영비 USD 20,000 (집행일: 2024-04-15), 현장조사비 USD 5,000 (집행일: 2024-02-28)",072_0031,sample_072_0031_000010,기밀정보
raw_data_reference: gs://impact-data/raw/registry_20240331.csv (접근제한),072_0031,sample_072_0031_000011,기밀정보
여성,072_0033,sample_072_0033_000006,준식별자
30-39세,072_0033,sample_072_0033_000006,준식별자
서울특별시,072_0033,sample_072_0033_000006,준식별자
서대문구,072_0033,sample_072_0033_000006,준식별자
INT-APR-2025,072_0033,sample_072_0033_000028,기밀정보
강중민,072_0034,sample_072_0034_000007,개인정보
사번 2023-0001,072_0034,sample_072_0034_000007,개인정보
1985-04-12,072_0034,sample_072_0034_000007,준식별자
남성,072_0034,sample_072_0034_000007,준식별자
서울특별시,072_0034,sample_072_0034_000007,준식별자
강남구,072_0034,sample_072_0034_000007,준식별자
교사,072_0034,sample_072_0034_000007,준식별자
류해원,072_0034,sample_072_0034_000008,개인정보
학번 2024-00123,072_0034,sample_072_0034_000008,개인정보
1990-07-03,072_0034,sample_072_0034_000008,준식별자
여성,072_0034,sample_072_0034_000008,준식별자
부산광역시,072_0034,sample_072_0034_000008,준식별자
해운대구,072_0034,sample_072_0034_000008,준식별자
지역교육센터,072_0034,sample_072_0034_000008,준식별자
내부 결재선,072_0034,sample_072_0034_000018,기밀정보
계좌번호,072_0034,sample_072_0034_000019,기밀정보
미발표 협력 기관 명단,072_0034,sample_072_0034_000020,기밀정보
후원금 세부 내역,072_0034,sample_072_0034_000020,기밀정보
서대열,072_0034,sample_072_0034_000022,개인정보
성별,072_0035,sample_072_0035_000005,준식별자
생년월일,072_0035,sample_072_0035_000006,준식별자
서울특별시,072_0035,sample_072_0035_000007,준식별자
강서구,072_0035,sample_072_0035_000007,준식별자
내발산동,072_0035,sample_072_0035_000007,준식별자
직업,072_0035,sample_072_0035_000008,준식별자
직장명,072_0035,sample_072_0035_000008,준식별자
예산 집행 세부 항목,072_0035,sample_072_0035_000012,기밀정보
내부 결재선,072_0035,sample_072_0035_000012,기밀정보
계좌번호,072_0035,sample_072_0035_000012,기밀정보
강남구,072_0037,sample_072_0037_000005,준식별자
해운대구,072_0037,sample_072_0037_000005,준식별자
남성,072_0037,sample_072_0037_000006,준식별자
여성,072_0037,sample_072_0037_000006,준식별자
1980년대,072_0037,sample_072_0037_000007,준식별자
1990년대,072_0037,sample_072_0037_000007,준식별자
2000년대,072_0037,sample_072_0037_000007,준식별자
1002-123-456789,072_0037,sample_072_0037_000012,기밀정보
A-2023-07,072_0037,sample_072_0037_000015,기밀정보
35세,072_0037,sample_072_0037_000019,준식별자
여성,072_0037,sample_072_0037_000019,준식별자
강동구,072_0037,sample_072_0037_000019,준식별자
X-998,072_0037,sample_072_0037_000026,기밀정보
성별,072_0040,sample_072_0040_000005,준식별자
생년월일,072_0040,sample_072_0040_000006,준식별자
서울특별시,072_0040,sample_072_0040_000007,준식별자
직업,072_0040,sample_072_0040_000008,준식별자
직장명,072_0040,sample_072_0040_000008,준식별자
계좌번호,072_0040,sample_072_0040_000012,기밀정보
후원금 세부 내역,072_0040,sample_072_0040_000012,기밀정보
내부 결재선,072_0040,sample_072_0040_000013,기밀정보
협력 기관 명단,072_0040,sample_072_0040_000013,기밀정보
성별,072_0041,sample_072_0041_000004,준식별자
시/군/구,072_0041,sample_072_0041_000004,준식별자
서울특별시,072_0041,sample_072_0041_000005,준식별자
강남구,072_0041,sample_072_0041_000005,준식별자
동/읍/면,072_0041,sample_072_0041_000005,준식별자
내부 결재선,072_0041,sample_072_0041_000011,기밀정보
계좌번호,072_0041,sample_072_0041_000012,기밀정보
휴대폰,072_0041,sample_072_0041_000013,개인정보
S3://project-data/impact_raw_2025_v1,072_0041,sample_072_0041_000014,기밀정보
사용자 아이디,072_0041,sample_072_0041_000028,기밀정보
IP 주소,072_0041,sample_072_0041_000028,기밀정보
성별: 여성,072_0042,sample_072_0042_000006,준식별자
생년: 1987,072_0042,sample_072_0042_000007,준식별자
생월: 05,072_0042,sample_072_0042_000007,준식별자
생일: 12,072_0042,sample_072_0042_000007,준식별자
시: 서울특별시,072_0042,sample_072_0042_000008,준식별자
구: 강남구,072_0042,sample_072_0042_000008,준식별자
직업: 교사,072_0042,sample_072_0042_000009,준식별자
전공: 사회복지학,072_0042,sample_072_0042_000009,준식별자
국적: 대한민국,072_0042,sample_072_0042_000010,준식별자
계좌번호: 123-456-789,072_0042,sample_072_0042_000017,기밀정보
시군구: 강서구,072_0043,sample_072_0043_000006,준식별자
성별,072_0043,sample_072_0043_000007,준식별자
생년월일,072_0043,sample_072_0043_000008,준식별자
후원금 세부 내역,072_0043,sample_072_0043_000012,기밀정보
성별,072_0044,sample_072_0044_000006,준식별자
"생년월일(연,월,일)",072_0044,sample_072_0044_000007,준식별자
이름,072_0044,sample_072_0044_000008,개인정보
주민등록번호,072_0044,sample_072_0044_000008,개인정보
상세 주소(호수 포함),072_0044,sample_072_0044_000008,개인정보
개인 연락처(휴대폰),072_0044,sample_072_0044_000009,개인정보
이메일 주소,072_0044,sample_072_0044_000009,개인정보
계좌번호,072_0044,sample_072_0044_000010,기밀정보
내부 회의록,072_0044,sample_072_0044_000019,기밀정보
비공개 결재선,072_0044,sample_072_0044_000019,기밀정보
미발표 협력 기관 명단,072_0044,sample_072_0044_000022,기밀정보
시,072_0044,sample_072_0044_000029,준식별자
군/구,072_0044,sample_072_0044_000029,준식별자
동/읍/면,072_0044,sample_072_0044_000029,준식별자
성별,072_0045,sample_072_0045_000006,준식별자
연령대,072_0045,sample_072_0045_000006,준식별자
시: 서울,072_0045,sample_072_0045_000006,준식별자
시: 부산,072_0045,sample_072_0045_000006,준식별자
직업,072_0045,sample_072_0045_000006,준식별자
개별 이름,072_0045,sample_072_0045_000007,개인정보
개인 연락처,072_0045,sample_072_0045_000007,개인정보
주민등록번호,072_0045,sample_072_0045_000007,개인정보
후원금 세부 내역,072_0045,sample_072_0045_000020,기밀정보
계좌번호,072_0045,sample_072_0045_000020,기밀정보
내부 결재선,072_0045,sample_072_0045_000021,기밀정보
특정 운영진 명단,072_0045,sample_072_0045_000021,기밀정보
내부 데이터 리포지터리 경로,072_0045,sample_072_0045_000022,기밀정보
내부 파일 경로,072_0045,sample_072_0045_000022,기밀정보
연령대: 30-39,072_0047,sample_072_0047_000006,준식별자
성별: 여성,072_0047,sample_072_0047_000006,준식별자
시/군/구: 강남구,072_0047,sample_072_0047_000006,준식별자
직업: 농업 종사자,072_0047,sample_072_0047_000006,준식별자
표본크기 n=512 명,072_0047,sample_072_0047_000007,일반정보
내부 결재선,072_0047,sample_072_0047_000021,기밀정보
후원금 세부 내역,072_0047,sample_072_0047_000022,기밀정보
계좌번호,072_0047,sample_072_0047_000022,기밀정보
연령대: 30-39,072_0047,sample_072_0047_000030,준식별자
성별: 여성,072_0047,sample_072_0047_000030,준식별자
시/군/구: 강남구,072_0047,sample_072_0047_000030,준식별자
직업: 농업 종사자,072_0047,sample_072_0047_000030,준식별자
국적: 대한민국,072_0047,sample_072_0047_000032,준식별자
유지율,072_0049,sample_072_0049_000005,개인정보
홍환희,072_0049,sample_072_0049_000005,개인정보
안제이슨,072_0049,sample_072_0049_000005,개인정보
채로훈,072_0049,sample_072_0049_000005,개인정보
전진우,072_0049,sample_072_0049_000005,개인정보
배아진,072_0049,sample_072_0049_000005,개인정보
성별,072_0049,sample_072_0049_000006,준식별자
여성,072_0049,sample_072_0049_000006,준식별자
남성,072_0049,sample_072_0049_000006,준식별자
서울특별시,072_0049,sample_072_0049_000007,준식별자
서초구,072_0049,sample_072_0049_000007,준식별자
비공개 협력 기관 명단,072_0049,sample_072_0049_000018,기밀정보
계좌번호: [비공개],072_0049,sample_072_0049_000018,기밀정보
내부 등록 DB(비공개),072_0049,sample_072_0049_000023,기밀정보
"project_registry_2023.csv (내부, 비공개)",072_0049,sample_072_0049_000023,기밀정보
2024-01-01,072_0050,sample_072_0050_000002,준식별자
2025-12-31,072_0050,sample_072_0050_000002,준식별자
2025-12-31,072_0050,sample_072_0050_000004,준식별자
2024-06-30,072_0050,sample_072_0050_000006,준식별자
2025-03-31,072_0050,sample_072_0050_000006,준식별자
2025-06-30,072_0050,sample_072_0050_000008,준식별자
서울특별시,072_0050,sample_072_0050_000010,준식별자
부산광역시,072_0050,sample_072_0050_000010,준식별자
성남시,072_0050,sample_072_0050_000010,준식별자
2024-06-30,072_0050,sample_072_0050_000016,준식별자
2025-12-31,072_0050,sample_072_0050_000022,준식별자
2025-12-01,072_0050,sample_072_0050_000025,준식별자
"1,200,000,000 KRW",072_0052,sample_072_0052_000008,기밀정보
후원금 세부 내역,072_0052,sample_072_0052_000008,기밀정보
예산 집행 세부 항목,072_0052,sample_072_0052_000009,기밀정보
계좌번호,072_0052,sample_072_0052_000010,기밀정보
개인 연락처(휴대폰),072_0052,sample_072_0052_000011,개인정보
이메일,072_0052,sample_072_0052_000011,개인정보
사번/학번,072_0052,sample_072_0052_000011,개인정보
성별,072_0052,sample_072_0052_000012,준식별자
생년월일,072_0052,sample_072_0052_000013,준식별자
서울특별시,072_0052,sample_072_0052_000014,준식별자
강남구,072_0052,sample_072_0052_000014,준식별자
서버 IP,072_0052,sample_072_0052_000019,기밀정보
비공개 결재선,072_0052,sample_072_0052_000020,기밀정보
여성,072_0053,sample_072_0053_000022,준식별자
남성,072_0053,sample_072_0053_000022,준식별자
1980-1989 출생,072_0053,sample_072_0053_000023,준식별자
서울특별시 강남구,072_0053,sample_072_0053_000024,준식별자
부산광역시 해운대구,072_0053,sample_072_0053_000024,준식별자
자영업,072_0053,sample_072_0053_000025,준식별자
농업,072_0053,sample_072_0053_000025,준식별자
학생,072_0053,sample_072_0053_000025,준식별자
대한민국,072_0053,sample_072_0053_000026,준식별자
연락처,072_0053,sample_072_0053_000027,개인정보
후원금 세부 내역,072_0053,sample_072_0053_000029,기밀정보
여성,072_0054,sample_072_0054_000007,준식별자
남성,072_0054,sample_072_0054_000007,준식별자
시/군/구,072_0054,sample_072_0054_000006,준식별자
성별: 여성,072_0055,sample_072_0055_000007,준식별자
연령대: 25-34세,072_0055,sample_072_0055_000008,준식별자
시: 서울특별시,072_0055,sample_072_0055_000009,준식별자
구: 서초구,072_0055,sample_072_0055_000009,준식별자
직업: 교사,072_0055,sample_072_0055_000010,준식별자
국적: 대한민국,072_0055,sample_072_0055_000011,준식별자
여성,072_0060,sample_072_0060_000011,준식별자
남성,072_0060,sample_072_0060_000011,준식별자
서울특별시,072_0060,sample_072_0060_000012,준식별자
경기도,072_0060,sample_072_0060_000012,준식별자
교사,072_0060,sample_072_0060_000013,준식별자
사회복지사,072_0060,sample_072_0060_000013,준식별자
성별: 여성,072_0061,sample_072_0061_000004,준식별자
남성,072_0061,sample_072_0061_000004,준식별자
1985,072_0061,sample_072_0061_000005,준식별자
07,072_0061,sample_072_0061_000005,준식별자
14,072_0061,sample_072_0061_000005,준식별자
서울특별시,072_0061,sample_072_0061_000006,준식별자
중구,072_0061,sample_072_0061_000006,준식별자
교사,072_0061,sample_072_0061_000007,준식별자
사회적기업 종사자,072_0061,sample_072_0061_000007,준식별자
계좌번호(비공개),072_0061,sample_072_0061_000008,기밀정보
후원금 세부 내역,072_0061,sample_072_0061_000009,기밀정보
내부 결재선,072_0061,sample_072_0061_000010,기밀정보
비공개 협력 기관 명단,072_0061,sample_072_0061_000010,기밀정보
2023,072_0061,sample_072_0061_000012,준식별자
06,072_0061,sample_072_0061_000012,준식별자
30,072_0061,sample_072_0061_000012,준식별자
2024,072_0061,sample_072_0061_000021,준식별자
03,072_0061,sample_072_0061_000021,준식별자
15,072_0061,sample_072_0061_000021,준식별자
2024,072_0061,sample_072_0061_000021,준식별자
09,072_0061,sample_072_0061_000021,준식별자
30,072_0061,sample_072_0061_000021,준식별자
secure_storage/impact_raw/2024_q2,072_0061,sample_072_0061_000027,기밀정보
"KRW 1,500,000,000",072_0062,sample_072_0062_000003,기밀정보
"성별: 여성 60%, 남성 40% (측정일: 2024-12-31)",072_0062,sample_072_0062_000006,준식별자
서울특별시 45%,072_0062,sample_072_0062_000008,준식별자
부산광역시 20%,072_0062,sample_072_0062_000008,준식별자
광주광역시 10%,072_0062,sample_072_0062_000008,준식별자
대한민국 98%,072_0062,sample_072_0062_000009,준식별자
"직업군: 농업 30%, 자영업 25%, 서비스업 45%",072_0062,sample_072_0062_000010,준식별자
계약서 원문(비공개),072_0062,sample_072_0062_000021,기밀정보
beneficiary_registry_anon_v1.csv (접근제한),072_0062,sample_072_0062_000025,기밀정보
M&E_time_series_2024.parquet,072_0062,sample_072_0062_000025,기밀정보
이름,072_0063,sample_072_0063_000006,개인정보
주민등록번호,072_0063,sample_072_0063_000006,개인정보
휴대전화번호,072_0063,sample_072_0063_000006,개인정보
이메일주소,072_0063,sample_072_0063_000006,개인정보
성별,072_0063,sample_072_0063_000008,준식별자
생년월일,072_0063,sample_072_0063_000009,준식별자
서울특별시,072_0063,sample_072_0063_000010,준식별자
강동구,072_0063,sample_072_0063_000010,준식별자
직업,072_0063,sample_072_0063_000011,준식별자
농업인,072_0063,sample_072_0063_000011,준식별자
자영업,072_0063,sample_072_0063_000011,준식별자
내부 결재선,072_0063,sample_072_0063_000022,기밀정보
미발표 협력 기관 명단,072_0063,sample_072_0063_000023,기밀정보
후원금 세부 내역,072_0063,sample_072_0063_000024,기밀정보
계좌번호: ****-****-1234,072_0063,sample_072_0063_000025,기밀정보
S3://private-bucket/project/ledger_202412.xlsx,072_0063,sample_072_0063_000025,기밀정보
S3://private-bucket/project/registry_202312.csv,072_0063,sample_072_0063_000029,기밀정보
이름,072_0064,sample_072_0064_000003,개인정보
성별,072_0064,sample_072_0064_000004,준식별자
생년월일,072_0064,sample_072_0064_000005,준식별자
시/군/구,072_0064,sample_072_0064_000006,준식별자
직업/직장명,072_0064,sample_072_0064_000007,준식별자
계좌번호,072_0064,sample_072_0064_000009,기밀정보
후원금 세부 내역,072_0064,sample_072_0064_000010,기밀정보
비공개 결재선,072_0064,sample_072_0064_000011,기밀정보
운영진 명단,072_0064,sample_072_0064_000012,기밀정보
성별,072_0064,sample_072_0064_000013,준식별자
시/군/구,072_0064,sample_072_0064_000013,준식별자
이름,072_0064,sample_072_0064_000021,개인정보
주민등록번호,072_0064,sample_072_0064_000021,개인정보
종교,072_0064,sample_072_0064_000022,준식별자
미발표 협력 기관 명단,072_0064,sample_072_0064_000024,기밀정보
이름,072_0064,sample_072_0064_000025,개인정보
연락처,072_0064,sample_072_0064_000025,개인정보
성별,072_0065,sample_072_0065_000005,준식별자
여성,072_0065,sample_072_0065_000005,준식별자
남성,072_0065,sample_072_0065_000005,준식별자
서울특별시,072_0065,sample_072_0065_000007,준식별자
강서구,072_0065,sample_072_0065_000007,준식별자
예산 집행 세부 내역,072_0065,sample_072_0065_000023,기밀정보
계좌번호,072_0065,sample_072_0065_000023,기밀정보
내부 결재선,072_0065,sample_072_0065_000023,기밀정보
후원금 세부 내역,072_0065,sample_072_0065_000023,기밀정보
내부 저장소,072_0065,sample_072_0065_000026,기밀정보
후원금 세부 내역,072_0066,sample_072_0066_000006,기밀정보
계좌번호,072_0066,sample_072_0066_000008,기밀정보
성별,072_0066,sample_072_0066_000010,준식별자
생년월일,072_0066,sample_072_0066_000011,준식별자
시: 서울특별시,072_0066,sample_072_0066_000012,준식별자
구: 강남구,072_0066,sample_072_0066_000012,준식별자
동: 역삼동,072_0066,sample_072_0066_000012,준식별자
직업,072_0066,sample_072_0066_000013,준식별자
국적,072_0066,sample_072_0066_000014,준식별자
내부 결재선,072_0066,sample_072_0066_000024,기밀정보
이름,072_0068,sample_072_0068_000005,개인정보
성별,072_0068,sample_072_0068_000006,준식별자
생년월일,072_0068,sample_072_0068_000006,준식별자
시/군/구 주소,072_0068,sample_072_0068_000006,준식별자
직업·직장명,072_0068,sample_072_0068_000006,준식별자
개인 연락처,072_0068,sample_072_0068_000006,개인정보
계좌번호,072_0068,sample_072_0068_000016,기밀정보
후원금 세부 내역,072_0068,sample_072_0068_000016,기밀정보
미발표 협력 기관 명단,072_0068,sample_072_0068_000016,기밀정보
내부 회의록 제목,072_0068,sample_072_0068_000016,기밀정보
사번/학번,072_0068,sample_072_0068_000019,개인정보
주민등록번호,072_0068,sample_072_0068_000020,개인정보
외국인등록번호,072_0068,sample_072_0068_000020,개인정보
여권번호,072_0068,sample_072_0068_000020,개인정보
운전면허번호,072_0068,sample_072_0068_000020,개인정보
학력/전공,072_0068,sample_072_0068_000021,준식별자
국적,072_0068,sample_072_0068_000021,준식별자
종교,072_0068,sample_072_0068_000021,준식별자
키,072_0068,sample_072_0068_000021,준식별자
몸무게,072_0068,sample_072_0068_000021,준식별자
혈액형,072_0068,sample_072_0068_000021,준식별자
시스템 접속 계정,072_0068,sample_072_0068_000022,기밀정보
서버 IP,072_0068,sample_072_0068_000022,기밀정보
내부 파일 경로,072_0068,sample_072_0068_000022,기밀정보
비공개 URL,072_0068,sample_072_0068_000024,기밀정보
이메일 주소,072_0068,sample_072_0068_000025,개인정보
예산 집행 세부 항목,072_0069,sample_072_0069_000004,기밀정보
계좌번호,072_0069,sample_072_0069_000005,기밀정보
성별,072_0069,sample_072_0069_000006,준식별자
연령대,072_0069,sample_072_0069_000006,준식별자
시/군/구,072_0069,sample_072_0069_000007,준식별자
직업,072_0069,sample_072_0069_000008,준식별자
국적,072_0069,sample_072_0069_000009,준식별자
여성,072_0070,sample_072_0070_000005,준식별자
1985,072_0070,sample_072_0070_000006,준식별자
06,072_0070,sample_072_0070_000007,준식별자
23,072_0070,sample_072_0070_000008,준식별자
종로구,072_0070,sample_072_0070_000009,준식별자
중학교 교사,072_0070,sample_072_0070_000010,준식별자
후원금 세부 내역,072_0070,sample_072_0070_000011,기밀정보
내부 결재선,072_0070,sample_072_0070_000012,기밀정보
미발표 협력 기관 명단,072_0070,sample_072_0070_000013,기밀정보
O형,072_0070,sample_072_0070_000014,준식별자
대한민국,072_0070,sample_072_0070_000015,준식별자
"총 예산 집행액: 2,500,000,000 KRW (측정일: 2025-12-31)",072_0071,sample_072_0071_000004,기밀정보
"프로그램 트랜치1: 1,000,000,000 KRW (지급일: 2024-03-15)",072_0071,sample_072_0071_000005,기밀정보
"인건비: 450,000,000 KRW (측정일: 2025-12-31)",072_0071,sample_072_0071_000006,기밀정보
여성,072_0071,sample_072_0071_000007,준식별자
연령대: 30-39,072_0071,sample_072_0071_000007,준식별자
시: 서울특별시,072_0071,sample_072_0071_000007,준식별자
군/구: 강남구,072_0071,sample_072_0071_000007,준식별자
직업: 농업종사자,072_0071,sample_072_0071_000007,준식별자
국적: 대한민국,072_0071,sample_072_0071_000007,준식별자
"raw_data_reference: dataset_impact_2025_v1 (접근제한, 저장위치: 내부 저장소)",072_0071,sample_072_0071_000015,기밀정보
내부 결재선,072_0071,sample_072_0071_000018,기밀정보
운영진 명단(내부 비공개),072_0071,sample_072_0071_000019,기밀정보
"후속지급: 500,000,000 KRW (예정일: 2026-01-01)",072_0071,sample_072_0071_000023,기밀정보
s3://internal-bucket/impact/raw/2025 (접근제한),072_0071,sample_072_0071_000027,기밀정보
이름,072_0072,sample_072_0072_000006,개인정보
성별,072_0072,sample_072_0072_000007,준식별자
시/군/구,072_0072,sample_072_0072_000007,준식별자
학력,072_0072,sample_072_0072_000007,준식별자
생년월일,072_0072,sample_072_0072_000008,준식별자
개인 연락처(휴대폰),072_0072,sample_072_0072_000009,개인정보
이메일 주소,072_0072,sample_072_0072_000009,개인정보
비공개 결재선,072_0072,sample_072_0072_000016,기밀정보
계좌번호,072_0072,sample_072_0072_000017,기밀정보
내부 파일 경로,072_0072,sample_072_0072_000017,기밀정보
내부 보고 체계,072_0072,sample_072_0072_000017,기밀정보
s3://impact-archive/072_0072/raw/2024-12-31,072_0072,sample_072_0072_000021,기밀정보
개인정보,072_0072,sample_072_0072_000026,개인정보
성별,072_0073,sample_072_0073_000009,준식별자
시/군/구,072_0073,sample_072_0073_000009,준식별자
직업,072_0073,sample_072_0073_000009,준식별자
강서구,072_0073,sample_072_0073_000010,준식별자
해운대구,072_0073,sample_072_0073_000010,준식별자
개인 연락처(휴대폰),072_0073,sample_072_0073_000011,개인정보
이메일 주소,072_0073,sample_072_0073_000012,개인정보
사번/학번,072_0073,sample_072_0073_000013,개인정보
상세주소,072_0073,sample_072_0073_000013,개인정보
후원금 세부 내역,072_0073,sample_072_0073_000024,기밀정보
계좌번호,072_0073,sample_072_0073_000025,기밀정보
비공개 결재선,072_0073,sample_072_0073_000026,기밀정보
직업,072_0073,sample_072_0073_000028,준식별자
이름,072_0074,sample_072_0074_000006,개인정보
주민등록번호,072_0074,sample_072_0074_000006,개인정보
연락처,072_0074,sample_072_0074_000006,개인정보
이메일,072_0074,sample_072_0074_000006,개인정보
사번/학번,072_0074,sample_072_0074_000006,개인정보
직업,072_0074,sample_072_0074_000006,준식별자
성별,072_0074,sample_072_0074_000007,준식별자
생년월일,072_0074,sample_072_0074_000007,준식별자
시/군/구,072_0074,sample_072_0074_000007,준식별자
서울특별시 강남구,072_0074,sample_072_0074_000009,준식별자
동/읍/면,072_0074,sample_072_0074_000009,준식별자
계좌번호,072_0074,sample_072_0074_000016,기밀정보
후원금 세부 내역,072_0074,sample_072_0074_000017,기밀정보
내부 결재선,072_0074,sample_072_0074_000018,기밀정보
내부 회의록,072_0074,sample_072_0074_000018,기밀정보
비공개 감사 지적사항,072_0074,sample_072_0074_000018,기밀정보
"성별 비율: 여성 60%, 남성 40% (측정일 2025-12-31)",072_0075,sample_072_0075_000007,준식별자
"연령대 분포: 18-24세 25%, 25-34세 40%, 35-44세 35% (측정일 2025-12-31, 표본 n=1,200)",072_0075,sample_072_0075_000008,준식별자
서울특별시 (주거지 집계),072_0075,sample_072_0075_000009,준식별자
강동구 (주거지 집계),072_0075,sample_072_0075_000009,준식별자
직업별: 농업 종사자 30% (직업 분포),072_0075,sample_072_0075_000010,준식별자
내부 결재선(비공개),072_0075,sample_072_0075_000020,기밀정보
예산 집행 세부 항목(비공개),072_0075,sample_072_0075_000021,기밀정보
"계좌번호 (내부 보관, 비공개)",072_0075,sample_072_0075_000021,기밀정보
내부 데이터 레이크 경로(접근제한),072_0075,sample_072_0075_000028,기밀정보
안무결,072_0078,sample_072_0078_000005,개인정보
여성,072_0078,sample_072_0078_000007,준식별자
1985년,072_0078,sample_072_0078_000007,준식별자
06월,072_0078,sample_072_0078_000007,준식별자
15일,072_0078,sample_072_0078_000007,준식별자
서울특별시,072_0078,sample_072_0078_000008,준식별자
강남구,072_0078,sample_072_0078_000008,준식별자
사회적기업 직원,072_0078,sample_072_0078_000009,준식별자
110-123-456789,072_0078,sample_072_0078_000012,기밀정보
미발표 협력 기관 명단,072_0078,sample_072_0078_000012,기밀정보
권유현,072_0078,sample_072_0078_000023,개인정보
성별 분포: 여성 60%,072_0080,sample_072_0080_000005,준식별자
성별 분포: 남성 40%,072_0080,sample_072_0080_000005,준식별자
연령대 분포(집계): 30-39세 42%,072_0080,sample_072_0080_000006,준식별자
연령대 분포(집계): 40-49세 35%,072_0080,sample_072_0080_000006,준식별자
서울특별시,072_0080,sample_072_0080_000007,준식별자
부산광역시,072_0080,sample_072_0080_000007,준식별자
강동구,072_0080,sample_072_0080_000007,준식별자
직업 분류(익명화): 농업 종사자 28%,072_0080,sample_072_0080_000008,준식별자
후원금 세부 내역,072_0080,sample_072_0080_000020,기밀정보
계좌번호,072_0080,sample_072_0080_000021,기밀정보
내부 결재선,072_0080,sample_072_0080_000021,기밀정보
내부 회의록,072_0080,sample_072_0080_000021,기밀정보
미발표 협력 기관 명단,072_0080,sample_072_0080_000022,기밀정보
학력,072_0082,sample_072_0082_000023,준식별자
LOG-2024-11-03,072_0082,sample_072_0082_000023,기밀정보
DATA-2024-EDU-001,072_0082,sample_072_0082_000028,기밀정보
이름,072_0083,sample_072_0083_000003,개인정보
성별,072_0083,sample_072_0083_000004,준식별자
생년월일,072_0083,sample_072_0083_000005,준식별자
시/군/구,072_0083,sample_072_0083_000006,준식별자
직업/직장명,072_0083,sample_072_0083_000007,준식별자
후원금 세부 내역,072_0083,sample_072_0083_000008,기밀정보
계좌번호,072_0083,sample_072_0083_000009,기밀정보
내부 결재선,072_0083,sample_072_0083_000010,기밀정보
시스템 접속 계정,072_0083,sample_072_0083_000011,기밀정보
이메일 주소,072_0083,sample_072_0083_000012,개인정보
사번,072_0083,sample_072_0083_000025,개인정보
이름,072_0084,sample_072_0084_000008,개인정보
주민등록번호,072_0084,sample_072_0084_000008,개인정보
이메일 주소,072_0084,sample_072_0084_000008,개인정보
성별,072_0084,sample_072_0084_000009,준식별자
생년월일,072_0084,sample_072_0084_000009,준식별자
시/군/구 주소,072_0084,sample_072_0084_000010,준식별자
직업·직장명,072_0084,sample_072_0084_000011,준식별자
내부 결재선,072_0084,sample_072_0084_000020,기밀정보
계좌번호,072_0084,sample_072_0084_000021,기밀정보
시스템 접속 계정,072_0084,sample_072_0084_000021,기밀정보
서버 IP,072_0084,sample_072_0084_000021,기밀정보
성별,072_0085,sample_072_0085_000007,준식별자
연령대,072_0085,sample_072_0085_000008,준식별자
생년월일,072_0085,sample_072_0085_000009,준식별자
시 단위,072_0085,sample_072_0085_000010,준식별자
직업,072_0085,sample_072_0085_000011,준식별자
"1,250,000 USD (계약일 2024-06-15)",072_0087,sample_072_0087_000005,기밀정보
"1,250,000 USD (보고일 2025-03-31)",072_0087,sample_072_0087_000007,기밀정보
"250,000 USD (지출일 2024-11-15)",072_0087,sample_072_0087_000008,기밀정보
/internal/finance/project_072/budget.xlsx,072_0087,sample_072_0087_000009,기밀정보
김윤선(가명),072_0090,sample_072_0090_000008,개인정보
성별: 여성,072_0090,sample_072_0090_000009,준식별자
생년: 1985,072_0090,sample_072_0090_000009,준식별자
시: 서울특별시,072_0090,sample_072_0090_000009,준식별자
군/구: 강남구,072_0090,sample_072_0090_000009,준식별자
동: 역삼동,072_0090,sample_072_0090_000009,준식별자
계좌번호(부분마스킹): ****-****-1234,072_0090,sample_072_0090_000011,기밀정보
비공개 결재선: 운영팀장 > 프로그램이사,072_0090,sample_072_0090_000012,기밀정보
미발표 협력 기관 명단,072_0090,sample_072_0090_000027,기밀정보
성별: 여성,072_0091,sample_072_0091_000006,준식별자
성별: 남성,072_0091,sample_072_0091_000006,준식별자
연령대: 25-34세,072_0091,sample_072_0091_000007,준식별자
연령대: 35-44세,072_0091,sample_072_0091_000007,준식별자
시: 부산광역시,072_0091,sample_072_0091_000008,준식별자
군/구: 해운대구,072_0091,sample_072_0091_000008,준식별자
동/읍/면: 중동,072_0091,sample_072_0091_000008,준식별자
직업: 소상공인,072_0091,sample_072_0091_000009,준식별자
출생연도: 1985년,072_0091,sample_072_0091_000010,준식별자
국적: 대한민국,072_0091,sample_072_0091_000011,준식별자
내부 결재선,072_0091,sample_072_0091_000012,기밀정보
비공개 결재자 코드,072_0091,sample_072_0091_000012,기밀정보
계좌번호,072_0091,sample_072_0091_000013,기밀정보
후원금 세부 내역,072_0091,sample_072_0091_000014,기밀정보
미발표 협력 기관 명단,072_0091,sample_072_0091_000015,기밀정보
성대영,072_0092,sample_072_0092_000003,개인정보
백데이비드,072_0092,sample_072_0092_000005,개인정보
한지효,072_0092,sample_072_0092_000007,개인정보
한지효,072_0092,sample_072_0092_000009,개인정보
고중호,072_0092,sample_072_0092_000008,개인정보
고중호,072_0092,sample_072_0092_000009,개인정보
여성,072_0092,sample_072_0092_000011,준식별자
남성,072_0092,sample_072_0092_000011,준식별자
경기도,072_0092,sample_072_0092_000013,준식별자
성남시,072_0092,sample_072_0092_000013,준식별자
중원구,072_0092,sample_072_0092_000013,준식별자
"KRW 150,000,000",072_0092,sample_072_0092_000023,기밀정보
"KRW 100,000,000",072_0092,sample_072_0092_000023,기밀정보
CN-2024-09,072_0092,sample_072_0092_000025,기밀정보
s3://impact-fund/raw/registry_20251231.csv,072_0092,sample_072_0092_000026,기밀정보
서울특별시,072_0093,sample_072_0093_000003,준식별자
2023-01-01,072_0093,sample_072_0093_000003,준식별자
2024-12-31,072_0093,sample_072_0093_000003,준식별자
계좌번호,072_0093,sample_072_0093_000005,기밀정보
여성 720명,072_0093,sample_072_0093_000006,준식별자
남성 480명,072_0093,sample_072_0093_000006,준식별자
18-24세,072_0093,sample_072_0093_000007,준식별자
25-34세,072_0093,sample_072_0093_000007,준식별자
35-44세,072_0093,sample_072_0093_000007,준식별자
45+,072_0093,sample_072_0093_000007,준식별자
2023-01-01,072_0093,sample_072_0093_000009,준식별자
내부 결재선,072_0093,sample_072_0093_000018,기밀정보
비공개 협력 기관 명단,072_0093,sample_072_0093_000018,기밀정보
후원금 세부 내역,072_0093,sample_072_0093_000020,기밀정보
raw_data_2024_Q4.csv,072_0093,sample_072_0093_000025,기밀정보
내부 파일 경로,072_0093,sample_072_0093_000025,기밀정보
개인 연락처,072_0093,sample_072_0093_000027,개인정보
성별: 여성,072_0095,sample_072_0095_000008,준식별자
성별: 남성,072_0095,sample_072_0095_000008,준식별자
연령대: 30-39세,072_0095,sample_072_0095_000009,준식별자
생년월일(년): 1985,072_0095,sample_072_0095_000010,준식별자
생년월일(월): 06,072_0095,sample_072_0095_000011,준식별자
시/군/구: 서울특별시 중구,072_0095,sample_072_0095_000012,준식별자
직업군: 교사,072_0095,sample_072_0095_000013,준식별자
국적: 대한민국,072_0095,sample_072_0095_000014,준식별자
"후원금 총액: 1,500,000 EUR (측정일: 2025-12-31)",072_0095,sample_072_0095_000019,기밀정보
후원금 세부 내역: 비공개,072_0095,sample_072_0095_000020,기밀정보
"계좌번호: (비공개, 내부보관)",072_0095,sample_072_0095_000021,기밀정보
내부 결재선: 비공개,072_0095,sample_072_0095_000022,기밀정보
미발표 협력 기관 명단: 비공개,072_0095,sample_072_0095_000023,기밀정보
예산 집행 세부 항목,072_0095,sample_072_0095_000024,기밀정보
이름,072_0096,sample_072_0096_000003,개인정보
사번/학번,072_0096,sample_072_0096_000003,개인정보
개인 연락처(휴대폰),072_0096,sample_072_0096_000003,개인정보
이메일 주소,072_0096,sample_072_0096_000003,개인정보
주민등록번호,072_0096,sample_072_0096_000004,개인정보
운전면허번호,072_0096,sample_072_0096_000004,개인정보
여권번호,072_0096,sample_072_0096_000004,개인정보
성별,072_0096,sample_072_0096_000005,준식별자
시,072_0096,sample_072_0096_000005,준식별자
군/구,072_0096,sample_072_0096_000005,준식별자
동,072_0096,sample_072_0096_000005,준식별자
생년월일,072_0096,sample_072_0096_000006,준식별자
직업/직장명,072_0096,sample_072_0096_000007,준식별자
학력/전공,072_0096,sample_072_0096_000007,준식별자
국적,072_0096,sample_072_0096_000007,준식별자
계좌번호,072_0096,sample_072_0096_000010,기밀정보
후원금 세부 내역,072_0096,sample_072_0096_000010,기밀정보
예산 집행 세부 항목,072_0096,sample_072_0096_000010,기밀정보
시스템 접속 계정,072_0096,sample_072_0096_000012,기밀정보
서버 IP,072_0096,sample_072_0096_000012,기밀정보
