{
    "document_id": "015_0083",
    "document_title": "농장 관리 및 추적성 보고서 - 품목별 생육·검사·추적 기록",
    "data": [
        {
            "sentence": "본 문서는 농업 생산의 추적성 확보 및 검사 감사를 위해 작성된 농장 관리 및 추적성 보고서입니다.",
            "id": "sample_015_0083_000001",
            "annotations": []
        },
        {
            "sentence": "보고서는 파종→생장→수확의 농사 시즌 시퀀스를 ISO 8601 타임스탬프(예: 2025-03-10T08:00:00+09:00)로 표기하여 일관성을 유지합니다.",
            "id": "sample_015_0083_000002",
            "annotations": []
        },
        {
            "sentence": "요약메타데이터에는 farm_id, 필지 경계 GeoJSON, 주작물, 품종, 파종일, 수확예정일 및 예상·실제 수확량이 포함됩니다.",
            "id": "sample_015_0083_000003",
            "annotations": []
        },
        {
            "sentence": "담당 관리자 정보는 감사 추적을 위해 기록되며 담당자 서동환은 현장 관리를 총괄하며 변경 이력에 서명이 남습니다.",
            "id": "sample_015_0083_000004",
            "annotations": [
                {
                    "word": "서동환",
                    "start": 30,
                    "end": 33,
                    "label": "개인정보"
                }
            ]
        },
        {
            "sentence": "현장 작업자 기록으로는 작업자 원장우 사번 WKR-2025-001이 파종과 관수 작업에 투입되었음을 로그로 남겼습니다.",
            "id": "sample_015_0083_000005",
            "annotations": [
                {
                    "word": "원장우",
                    "start": 17,
                    "end": 20,
                    "label": "개인정보"
                },
                {
                    "word": "WKR-2025-001",
                    "start": 24,
                    "end": 36,
                    "label": "개인정보"
                }
            ]
        },
        {
            "sentence": "추가 작업자 신상록(작업자, 생년월일 1990-05-20)은 토양 샘플링 및 약제 처리 보조업무를 수행했습니다.",
            "id": "sample_015_0083_000006",
            "annotations": [
                {
                    "word": "신상록",
                    "start": 7,
                    "end": 10,
                    "label": "개인정보"
                },
                {
                    "word": "1990-05-20",
                    "start": 21,
                    "end": 31,
                    "label": "준식별자"
                }
            ]
        },
        {
            "sentence": "농장 위치 정보는 필지 식별 목적상 시군구 단위로 표기하며 예시로 경기도 용인시 수지구 관할 내 필지로 기록되어 있습니다.",
            "id": "sample_015_0083_000007",
            "annotations": [
                {
                    "word": "경기도 용인시 수지구",
                    "start": 37,
                    "end": 48,
                    "label": "준식별자"
                }
            ]
        },
        {
            "sentence": "필지 경계는 EPSG:4326 좌표계의 GeoJSON Polygon으로 제공되며 경계는 익명화를 위해 중심점 오프셋 로그를 유지합니다.",
            "id": "sample_015_0083_000008",
            "annotations": []
        },
        {
            "sentence": "작물 유형은 배추(Brassica rapa)이며 품종은 '춘향 F1'로 표기되고 파종일은 2025-03-15T09:00:00+09:00입니다.",
            "id": "sample_015_0083_000009",
            "annotations": []
        },
        {
            "sentence": "예상 수확량 expected_yield_kg은 8,500 kg이며 실제 수확량 actual_yield_kg은 수확 후 검증으로 7,980 kg으로 집계되었습니다.",
            "id": "sample_015_0083_000010",
            "annotations": []
        },
        {
            "sentence": "토양 검사 결과는 soil_test_ph 6.4, soil_test_nitrogen_ppm 28 ppm으로 보고되며 시험방법과 샘플링 좌표는 메타데이터에 포함됩니다.",
            "id": "sample_015_0083_000011",
            "annotations": []
        },
        {
            "sentence": "관개 이벤트는 시계열로 기록되며 예로 irrigation_event(2025-04-10T06:00:00+09:00, 120.0 L) 형태로 저장됩니다.",
            "id": "sample_015_0083_000012",
            "annotations": []
        },
        {
            "sentence": "농약 적용 기록은 pesticide_application(2025-04-12T07:30:00+09:00, '클로르피리포스', 유효성분: 클로르피리포스, dose_kg_per_ha: 0.6 kg/ha)로 표준화했습니다.",
            "id": "sample_015_0083_000013",
            "annotations": []
        },
        {
            "sentence": "필드 IoT 센서 데이터는 샘플링 간격 5분으로 수집되며 센서 노이즈와 드리프트를 반영한 보정 로그를 함께 제공합니다.",
            "id": "sample_015_0083_000014",
            "annotations": []
        },
        {
            "sentence": "센서 예시: 2025-04-15T08:00:00+09:00, sensor_id: S-1001, type: soil_moisture, value: 0.312 m3/m3, unit: m3/m3(보정전치환 포함).",
            "id": "sample_015_0083_000015",
            "annotations": []
        },
        {
            "sentence": "공급망 추적성은 배치 단위로 관리하며 예시 batch_id: BATCH-20250415-0001, produced_date: 2025-04-15T14:00:00+09:00, storage_temperature_c: 4.5°C로 기록됩니다.",
            "id": "sample_015_0083_000016",
            "annotations": []
        },
        {
            "sentence": "해당 배치의 온도·습도 이력 중 허용범위를 벗어난 사례가 발견되어 경고 플래그가 추가되었습니다(허용범위: 1.0–6.0°C).",
            "id": "sample_015_0083_000017",
            "annotations": []
        },
        {
            "sentence": "포장 및 출하 관련 기밀 계약 항목 예시로 공급계약금액: 3,600,000원이 내부 결재 기록에 포함되어 있습니다.",
            "id": "sample_015_0083_000018",
            "annotations": [
                {
                    "word": "공급계약금액: 3,600,000원",
                    "start": 24,
                    "end": 42,
                    "label": "기밀정보"
                }
            ]
        },
        {
            "sentence": "보조금 및 재무 관련 항목은 접근 제어와 암호화를 적용하며 보조금 수령액 2,000,000원은 예시로 보안 로그에 보관됩니다.",
            "id": "sample_015_0083_000019",
            "annotations": [
                {
                    "word": "보조금 수령액 2,000,000원",
                    "start": 33,
                    "end": 51,
                    "label": "기밀정보"
                }
            ]
        },
        {
            "sentence": "결제 처리 및 정산을 위한 계좌정보는 기밀로 분류되며 예시 계좌번호: 000-111222-33은 암호화된 형태로 저장됩니다.",
            "id": "sample_015_0083_000020",
            "annotations": [
                {
                    "word": "계좌번호: 000-111222-33",
                    "start": 33,
                    "end": 52,
                    "label": "기밀정보"
                }
            ]
        },
        {
            "sentence": "규제·인증 관련 변경 이력은 감사 가능하도록 변경자, 변경일시, 관련 증빙(문서 URL 또는 SHA256 해시)을 연결하여 저장합니다.",
            "id": "sample_015_0083_000021",
            "annotations": []
        },
        {
            "sentence": "내부 증빙 문서 예시 링크는 https://internal.example.com/docs/rec-20250415.pdf이며 접근은 권한 기반으로 제한됩니다.",
            "id": "sample_015_0083_000022",
            "annotations": [
                {
                    "word": "https://internal.example.com/docs/rec-20250415.pdf",
                    "start": 16,
                    "end": 66,
                    "label": "기밀정보"
                }
            ]
        },
        {
            "sentence": "위성 이미지 메타데이터는 acquisition_time 2025-04-14T10:30:00+09:00, sensor: Sentinel-2, cloud_cover: 12%, resolution: 10 m로 표기됩니다.",
            "id": "sample_015_0083_000023",
            "annotations": []
        },
        {
            "sentence": "기계 정비 로그는 machinery_maintenance_log(2025-03-20T15:00:00+09:00, machine_id: TR-007, odometer_hours: 1,250 h, issue: 유압 호스 마모)로 표준화되어 기록됩니다.",
            "id": "sample_015_0083_000024",
            "annotations": []
        },
        {
            "sentence": "품질 검사 결과와 반품 사유는 수확 후 등급 정보와 함께 연동되며 HACCP·GlobalGAP 매핑 정보가 메타데이터로 포함됩니다.",
            "id": "sample_015_0083_000025",
            "annotations": []
        },
        {
            "sentence": "데이터 저장은 시계열 DB와 객체 스토리지를 조합하며 오프라인 우선 수집 후 동기화 로그를 통해 충돌 해결을 수행합니다.",
            "id": "sample_015_0083_000026",
            "annotations": []
        },
        {
            "sentence": "접근 제어 정책에는 역할 기반 권한(RBAC), 감사 로그, 데이터 마스킹 규칙이 포함되며 개인정보는 최소화하거나 익명화합니다.",
            "id": "sample_015_0083_000027",
            "annotations": []
        },
        {
            "sentence": "문서 결론으로서 본 보고서는 규제 준수를 위한 감사 추적성, 단위 표준화(kg, L, ha, ppm, °C) 준수, 외부 표준(GS1/EPCIS) 연동 가능성을 충족합니다.",
            "id": "sample_015_0083_000028",
            "annotations": []
        }
    ]
}