{
    "document_id": "015_0029",
    "document_title": "완도군 배추 재배 및 추적성 통합보고서 (2025 시즌)",
    "data": [
        {
            "sentence": "문서 목적 및 요약: 이 문서는 2025년 파종부터 수확까지의 농장 운영·추적성·검사 데이터를 통합하여 감사 가능하게 기록한 전문보고서입니다.",
            "id": "sample_015_0029_000001",
            "annotations": []
        },
        {
            "sentence": "농장 식별자 farm_id: FARM-2025-015이며, 주요 행정구역은 전라남도 완도군으로 지역 기후대와 토양 특성을 반영하여 데이터가 생성되었습니다.",
            "id": "sample_015_0029_000002",
            "annotations": [
                {
                    "word": "완도군",
                    "start": 47,
                    "end": 50,
                    "label": "준식별자"
                }
            ]
        },
        {
            "sentence": "필지 경계는 GeoJSON으로 제공되며 좌표계(EPSG:4326)를 명기합니다; 예시 경계: {\"type\":\"Polygon\",\"coordinates\":[[[126.7000,34.3000],[126.7100,34.3000],[126.7100,34.3100],[126.7000,34.3100],[126.7000,34.3000]]]}로 저장합니다.",
            "id": "sample_015_0029_000003",
            "annotations": []
        },
        {
            "sentence": "작물 개요: crop_type은 배추(Brassica rapa subsp. pekinensis), 품종은 조생형 품종 'J-01'로 표준화하였고 파종일은 2025-04-15T08:00:00+09:00로 기록됩니다.",
            "id": "sample_015_0029_000004",
            "annotations": []
        },
        {
            "sentence": "예상 수확일은 2025-06-20T07:00:00+09:00이며 실제 수확일은 2025-06-22T10:30:00+09:00으로 생장주기 로그의 일관성을 유지합니다.",
            "id": "sample_015_0029_000005",
            "annotations": []
        },
        {
            "sentence": "수확량 관리: expected_yield_kg 12000 kg, actual_yield_kg 11340 kg로 수분·손실 보정을 별도 필드에서 처리합니다.",
            "id": "sample_015_0029_000006",
            "annotations": []
        },
        {
            "sentence": "토양검사 결과는 soil_test_ph 6.3 및 soil_test_nitrogen_ppm 22 ppm이며 샘플링 메타데이터와 시험방법(ISO/IEC 17025 준수)을 함께 보관합니다.",
            "id": "sample_015_0029_000007",
            "annotations": []
        },
        {
            "sentence": "관개 이벤트 로그 예시: 2025-05-02T06:00:00+09:00에 1500 L 투입, 2025-05-10T18:00:00+09:00에 1200 L 투입으로 볼륨과 누적량을 분리 기록합니다.",
            "id": "sample_015_0029_000008",
            "annotations": []
        },
        {
            "sentence": "농약 적용 기록: 2025-05-03T09:30:00+09:00에 제품명 'AgroSafe 50', 유효성분 '클로르피리포스', 투입량 1.2 kg/ha로 적용하였고 잔류시험 샘플을 별도 배치로 추적합니다.",
            "id": "sample_015_0029_000009",
            "annotations": []
        },
        {
            "sentence": "IoT 센서 요약: 토양수분 센서(sensor_id SENS-07)는 2025-04-15T08:00:00+09:00부터 1시간 간격 샘플링을 수행하며 현실적 노이즈(σ=0.02 VWC)를 시뮬레이션합니다.",
            "id": "sample_015_0029_000010",
            "annotations": []
        },
        {
            "sentence": "센서 데이터 처리규칙: 결측치(NaN)는 명시, 타임스탬프 중복은 정렬 후 최종값 유지, 이상치는 outlier_flag=true로 표기하여 전처리 로그를 남깁니다.",
            "id": "sample_015_0029_000011",
            "annotations": []
        },
        {
            "sentence": "위성 이미지 메타데이터: acquisition_time 2025-05-05T10:12:00+09:00, 센서 Sentinel-2, cloud_cover 12%, resolution 10 m로 메타데이터와 해시를 연결했습니다.",
            "id": "sample_015_0029_000012",
            "annotations": []
        },
        {
            "sentence": "기계 정비 로그 예시: 2025-04-20에 machine_id TR-09, odometer_hours 1245.7h, 이슈 '유압 호스 교체', 정비사진 및 견적서 해시를 증빙으로 첨부했습니다.",
            "id": "sample_015_0029_000013",
            "annotations": []
        },
        {
            "sentence": "로트 추적성: batch_id BATCH-20250622-11340, produced_date 2025-06-22T11:40:00+09:00, 저장온도 평균 2.4°C, 허용범위 0–4°C로 범위 외 알람을 자동 생성합니다.",
            "id": "sample_015_0029_000014",
            "annotations": []
        },
        {
            "sentence": "인증 상태: GlobalGAP certified이며 인증서 URL https://certs.example.org/globalgap/015.pdf 및 sha256 해시 3b7f9c2a1d...a1c을 연결하여 변경이력을 감사가능하게 보관합니다.",
            "id": "sample_015_0029_000015",
            "annotations": []
        },
        {
            "sentence": "이 보고서에 포함된 보조금 지급내역과 계약금액은 기밀로 분류되어 접근제어가 필요합니다; 예: 계약금액 45,000,000원 및 보조금 12,000,000원은 내부 재무정보입니다.",
            "id": "sample_015_0029_000016",
            "annotations": [
                {
                    "word": "계약금액 45,000,000원",
                    "start": 52,
                    "end": 68,
                    "label": "기밀정보"
                },
                {
                    "word": "보조금 12,000,000원",
                    "start": 71,
                    "end": 86,
                    "label": "기밀정보"
                }
            ]
        },
        {
            "sentence": "대금지급 관련 계좌번호 123-456-789012 및 내부 문서 링크 https://intranet.farm.local/docs/contract_2025.pdf는 기밀정보로 암호화 및 접근로그가 필요합니다.",
            "id": "sample_015_0029_000017",
            "annotations": [
                {
                    "word": "123-456-789012",
                    "start": 13,
                    "end": 27,
                    "label": "기밀정보"
                },
                {
                    "word": "https://intranet.farm.local/docs/contract_2025.pdf",
                    "start": 39,
                    "end": 89,
                    "label": "기밀정보"
                }
            ]
        },
        {
            "sentence": "노동자 기록 정책: 개인정보 최소화와 익명화 원칙을 적용하되, 감사 목적의 최소식별자는 암호화된 저장소와 접근제어로 관리합니다.",
            "id": "sample_015_0029_000018",
            "annotations": []
        },
        {
            "sentence": "작업자 기록: 이름 구호원, worker_id WKR-001, 역할: 현장관리자, 작업시간(주간) 42h, 연락처 010-1234-5678, 이메일 ghowon@example.com을 등록하였습니다.",
            "id": "sample_015_0029_000019",
            "annotations": [
                {
                    "word": "구호원",
                    "start": 11,
                    "end": 14,
                    "label": "개인정보"
                },
                {
                    "word": "WKR-001",
                    "start": 26,
                    "end": 33,
                    "label": "개인정보"
                },
                {
                    "word": "010-1234-5678",
                    "start": 64,
                    "end": 77,
                    "label": "개인정보"
                },
                {
                    "word": "ghowon@example.com",
                    "start": 83,
                    "end": 101,
                    "label": "개인정보"
                }
            ]
        },
        {
            "sentence": "작업자 기록: 이름 문은봄, worker_id WKR-002, 역할: 수확팀, 작업시간(주간) 38h, 연락처 010-8765-4321, 이메일 eunbom@example.org, 생년월일 1985-07-12으로 노동자 준식별자를 포함합니다.",
            "id": "sample_015_0029_000020",
            "annotations": [
                {
                    "word": "문은봄",
                    "start": 11,
                    "end": 14,
                    "label": "개인정보"
                },
                {
                    "word": "WKR-002",
                    "start": 26,
                    "end": 33,
                    "label": "개인정보"
                },
                {
                    "word": "010-8765-4321",
                    "start": 62,
                    "end": 75,
                    "label": "개인정보"
                },
                {
                    "word": "eunbom@example.org",
                    "start": 81,
                    "end": 99,
                    "label": "개인정보"
                },
                {
                    "word": "1985-07-12",
                    "start": 106,
                    "end": 116,
                    "label": "준식별자"
                }
            ]
        },
        {
            "sentence": "작업자 기록: 이름 우다겸, worker_id WKR-003, 역할: 관개운영, 작업시간(주간) 30h, 연락처 없음(익명화), 급여지급 계좌 부분 마스킹 처리하였습니다.",
            "id": "sample_015_0029_000021",
            "annotations": [
                {
                    "word": "우다겸",
                    "start": 11,
                    "end": 14,
                    "label": "개인정보"
                },
                {
                    "word": "WKR-003",
                    "start": 26,
                    "end": 33,
                    "label": "개인정보"
                }
            ]
        },
        {
            "sentence": "급여 지급 기록은 은행 계좌 일부마스킹으로 표시하며 전체 계좌는 감사 시 암호화된 로그에서만 복원 가능하도록 관리합니다.",
            "id": "sample_015_0029_000022",
            "annotations": []
        },
        {
            "sentence": "GS1/EPCIS 매핑을 고려하여 batch_id를 기준으로 생산→포장→출하 이벤트를 연결하고, 표준 메타데이터 필드로 MD5 해시와 eventTime을 포함합니다.",
            "id": "sample_015_0029_000023",
            "annotations": []
        },
        {
            "sentence": "계절성 보정: 연평균 기온과 지역 강수량 편차를 기준으로 예상수확량을 조정하며 극단치는 separate_flag로 분리 기록하여 분석 편향을 최소화합니다.",
            "id": "sample_015_0029_000024",
            "annotations": []
        },
        {
            "sentence": "저장 중 온도 이상감지: BATCH-20250622-11340의 저장온도 6.2°C로 허용범위 초과가 발생하여 알림 및 운송지연 조치 로그가 생성되었습니다.",
            "id": "sample_015_0029_000025",
            "annotations": []
        },
        {
            "sentence": "민감 경제정보(보조금, 계약금액)와 직원 식별자는 역할기반 접근제어(RBAC) 및 필드레벨 암호화 대상임을 명시합니다.",
            "id": "sample_015_0029_000026",
            "annotations": []
        },
        {
            "sentence": "모든 변경이력은 ISO 9001 감사 로그 형식으로 타임스탬프와 사용자ID를 남기며 변경증빙은 해시값과 문서URL로 연결됩니다.",
            "id": "sample_015_0029_000027",
            "annotations": []
        },
        {
            "sentence": "조치항목: 1) 개인정보 접근 로그 검토 2) 저장온도 기준 재검토 3) 센서 보정계수 업데이트 4) 내부 문서 접근 암호화 검증을 2026-01-15T09:00:00+09:00까지 완료합니다.",
            "id": "sample_015_0029_000028",
            "annotations": []
        }
    ]
}