{
    "document_id": "015_0045",
    "document_title": "2025 작물 재배 및 공급망 추적성 보고서 (전북 김제시 백구면)",
    "data": [
        {
            "sentence": "문서 요약: 본 보고서는 2025 재배 시즌의 작물 관리·토양 검사·센서 시계열·출하 추적성 정보를 통합한 감사 가능 보고서입니다.",
            "id": "sample_015_0045_000001",
            "annotations": []
        },
        {
            "sentence": "관리 메타: farm_id는 FARM-015-0045로 표기되며, 문서 버전·변경 이력은 별도 감사 로그에 SHA256 해시로 연결됩니다.",
            "id": "sample_015_0045_000002",
            "annotations": []
        },
        {
            "sentence": "필지 경계는 GeoJSON(Feature, EPSG:4326)으로 저장되며, 경계 좌표와 면적(ha)은 데이터베이스에서 원본과 변경 이력을 유지합니다.",
            "id": "sample_015_0045_000003",
            "annotations": []
        },
        {
            "sentence": "작물 정보: crop_type은 '벼', variety는 '조생종A'로 표준화했으며, 품종 코드 매핑은 GS1/EPCIS 메타데이터에 매핑 가능하게 설계했습니다.",
            "id": "sample_015_0045_000004",
            "annotations": []
        },
        {
            "sentence": "파종(planting_date): 2025-04-15T09:00:00+09:00에 파종을 시작했고, 예상 수량(expected_yield_kg)은 1,250 kg/ha로 기록되어 있습니다.",
            "id": "sample_015_0045_000005",
            "annotations": [
                {
                    "word": "2025-04-15T09:00:00+09:00",
                    "start": 19,
                    "end": 44,
                    "label": "준식별자"
                }
            ]
        },
        {
            "sentence": "수확(harvest_date): 2025-09-25T06:00:00+09:00에 수확을 완료했으며, 실제 수확(actual_yield_kg)은 계측 교정값을 적용해 1,180 kg/ha로 집계되었습니다.",
            "id": "sample_015_0045_000006",
            "annotations": [
                {
                    "word": "2025-09-25T06:00:00+09:00",
                    "start": 18,
                    "end": 43,
                    "label": "준식별자"
                }
            ]
        },
        {
            "sentence": "토양 검사: 샘플링일 2025-03-20T10:30:00+09:00, 위치는 GeoJSON 포인트로 저장, soil_test_ph 5.8, soil_test_nitrogen_ppm 28 ppm으로 분석되었고 시료 ID는 ST-20250320입니다.",
            "id": "sample_015_0045_000007",
            "annotations": [
                {
                    "word": "2025-03-20T10:30:00+09:00",
                    "start": 12,
                    "end": 37,
                    "label": "준식별자"
                },
                {
                    "word": "ST-20250320",
                    "start": 123,
                    "end": 134,
                    "label": "기밀정보"
                }
            ]
        },
        {
            "sentence": "관개 이벤트: 2025-05-10T06:00:00+09:00에 5,000 L를 투입했고, 분사 시스템의 시간 동기화 지연 30초는 로그에 보정 사유로 기록했습니다.",
            "id": "sample_015_0045_000008",
            "annotations": [
                {
                    "word": "2025-05-10T06:00:00+09:00",
                    "start": 8,
                    "end": 33,
                    "label": "준식별자"
                }
            ]
        },
        {
            "sentence": "제초·살포 기록: 2025-06-01T07:15:00+09:00에 product_name 'AgroSafe 200', active_ingredient 'imidacloprid 20%', dose_kg_per_ha 0.15으로 적용했습니다.",
            "id": "sample_015_0045_000009",
            "annotations": [
                {
                    "word": "2025-06-01T07:15:00+09:00",
                    "start": 10,
                    "end": 35,
                    "label": "준식별자"
                }
            ]
        },
        {
            "sentence": "센서 리포트: 센서 SENS-1001 (soil_moisture)에서 2025-06-01T12:00:00+09:00 값 23.4%와 2025-06-01T12:05:00+09:00 값 23.1%가 수집되었으며, 노이즈 분포는 ±0.3%로 모델화했습니다.",
            "id": "sample_015_0045_000010",
            "annotations": [
                {
                    "word": "2025-06-01T12:00:00+09:00",
                    "start": 39,
                    "end": 64,
                    "label": "준식별자"
                },
                {
                    "word": "2025-06-01T12:05:00+09:00",
                    "start": 74,
                    "end": 99,
                    "label": "준식별자"
                }
            ]
        },
        {
            "sentence": "위성 메타데이터: acquisition_time 2025-06-02T07:45:00+09:00, 센서 'Sentinel-2', cloud_cover 12%, 해상도 10 m로 기록되어 이미지 전처리 로그에 연결됩니다.",
            "id": "sample_015_0045_000011",
            "annotations": [
                {
                    "word": "2025-06-02T07:45:00+09:00",
                    "start": 27,
                    "end": 52,
                    "label": "준식별자"
                }
            ]
        },
        {
            "sentence": "기계 정비: 정비일 2025-06-15T14:30:00+09:00, machine_id TRACT-09, odometer_hours 1,240 h, 이슈 '유압 누유', 조치 및 부품 교체 이력은 트랜잭션 로그로 보관합니다.",
            "id": "sample_015_0045_000012",
            "annotations": [
                {
                    "word": "2025-06-15T14:30:00+09:00",
                    "start": 11,
                    "end": 36,
                    "label": "준식별자"
                }
            ]
        },
        {
            "sentence": "배치 추적성: batch_id BATCH-2025-0901, produced_date 2025-09-26T08:00:00+09:00, 측정 저장온도(storage_temperature_c) 전문계측값 3.5°C, 허용 범위 1.0~5.0°C로 설정했습니다.",
            "id": "sample_015_0045_000013",
            "annotations": [
                {
                    "word": "2025-09-26T08:00:00+09:00",
                    "start": 48,
                    "end": 73,
                    "label": "준식별자"
                },
                {
                    "word": "BATCH-2025-0901",
                    "start": 17,
                    "end": 32,
                    "label": "기밀정보"
                }
            ]
        },
        {
            "sentence": "규제·인증 증빙: 유기농 인증 제출 자료는 내부 감사 URL https://internal.example.com/audit/rec-2025-04 및 문서 복사본 해시 sha256:3b7f1a...로 연결되어 있으며, 계약금액은 35,000,000원으로 비공개 처리합니다.",
            "id": "sample_015_0045_000014",
            "annotations": [
                {
                    "word": "https://internal.example.com/audit/rec-2025-04",
                    "start": 34,
                    "end": 80,
                    "label": "기밀정보"
                },
                {
                    "word": "sha256:3b7f1a...",
                    "start": 93,
                    "end": 109,
                    "label": "기밀정보"
                },
                {
                    "word": "35,000,000원",
                    "start": 127,
                    "end": 138,
                    "label": "기밀정보"
                }
            ]
        },
        {
            "sentence": "담당자(농장 매니저): 류온이 농장 운영 총괄을 담당하며, 개인정보는 최소화해 내부 권한자만 조회 가능합니다.",
            "id": "sample_015_0045_000015",
            "annotations": [
                {
                    "word": "류온",
                    "start": 13,
                    "end": 15,
                    "label": "개인정보"
                }
            ]
        },
        {
            "sentence": "근로자 기록: 송지빈, worker_id WKR-0001, role '분무시공', work_hours 8로 일일 근무 로그에 집계했습니다.",
            "id": "sample_015_0045_000016",
            "annotations": [
                {
                    "word": "송지빈",
                    "start": 8,
                    "end": 11,
                    "label": "개인정보"
                },
                {
                    "word": "WKR-0001",
                    "start": 23,
                    "end": 31,
                    "label": "개인정보"
                }
            ]
        },
        {
            "sentence": "근로자 기록: 이교연, worker_id WKR-0002, role '수확', work_hours 12로 출하 전 작업 내역과 연결해 보관합니다.",
            "id": "sample_015_0045_000017",
            "annotations": [
                {
                    "word": "이교연",
                    "start": 8,
                    "end": 11,
                    "label": "개인정보"
                },
                {
                    "word": "WKR-0002",
                    "start": 23,
                    "end": 31,
                    "label": "개인정보"
                }
            ]
        },
        {
            "sentence": "데이터 상호운용성: 모든 트랜잭션은 EPCIS 이벤트 모델로의 매핑을 고려해 이벤트 타임스탬프·행위자·장소 메타데이터를 포함합니다.",
            "id": "sample_015_0045_000018",
            "annotations": []
        },
        {
            "sentence": "시계열 처리: 센서 데이터는 5분·1시간 샘플링 규칙을 적용해 결측 보간·중복 제거 로직을 운영하며, 이상치는 별도 필드(outlier_flag)에 표시합니다.",
            "id": "sample_015_0045_000019",
            "annotations": []
        },
        {
            "sentence": "저장 조건 경고: BATCH-2025-0901의 저장온도 로그에 최대값 8.5°C가 검출되어 허용 상한 5.0°C 초과로 STORAGE_TEMP_ALERT 플래그를 생성했습니다.",
            "id": "sample_015_0045_000020",
            "annotations": []
        },
        {
            "sentence": "규정 준수 체크: HACCP·GlobalGAP 요구사항에 따라 잔류농약 한계치와 시험 보고서의 추적 가능성을 확보했습니다.",
            "id": "sample_015_0045_000021",
            "annotations": []
        },
        {
            "sentence": "동기화 정책: 현장 네트워크 제약을 고려해 오프라인 우선 수집 후 증분 동기화와 충돌 해결을 위한 타임스탬프 우선순위 규칙을 적용합니다.",
            "id": "sample_015_0045_000022",
            "annotations": []
        },
        {
            "sentence": "단위 표준화: 질량 단위 변환 로그 CONV-2025-06-01에 따라 1.25 tonne을 1,250 kg으로 변환한 근거를 감사 로그로 남겼습니다.",
            "id": "sample_015_0045_000023",
            "annotations": [
                {
                    "word": "CONV-2025-06-01",
                    "start": 20,
                    "end": 35,
                    "label": "기밀정보"
                }
            ]
        },
        {
            "sentence": "계절성 고려: 본 필지는 온난 습윤 기후대에 위치해 계절별 수분·영양 요구량 변동성이 높아 모델 보정이 필요합니다.",
            "id": "sample_015_0045_000024",
            "annotations": []
        },
        {
            "sentence": "데이터 접근 제어: 개인정보(이름·사번)는 최소 권한 원칙으로 암호화·접근 로그를 남기며 외부 공유 시 익명화 규칙을 적용합니다.",
            "id": "sample_015_0045_000025",
            "annotations": []
        },
        {
            "sentence": "조치 항목: 센서 캘리브레이션 예정일 2025-07-01T09:00:00+09:00, 작업자와 정비팀 일정 조율을 통해 캘리브레이션 수행을 권고합니다.",
            "id": "sample_015_0045_000026",
            "annotations": [
                {
                    "word": "2025-07-01T09:00:00+09:00",
                    "start": 21,
                    "end": 46,
                    "label": "준식별자"
                }
            ]
        },
        {
            "sentence": "내부 연락 창구(관리자): 임정이를 내부 검토 담당자로 지정했으며, 외부 공개 연락처는 별도 포털을 통해 권한자에게만 제공합니다.",
            "id": "sample_015_0045_000027",
            "annotations": [
                {
                    "word": "임정이",
                    "start": 15,
                    "end": 18,
                    "label": "개인정보"
                }
            ]
        },
        {
            "sentence": "부록: 본 문서의 고유 문서 키는 DOC-015-0045이며, 감사용 문서 해시 sha256:3b7f1a9c...은 기록 보관소에 보관됩니다.",
            "id": "sample_015_0045_000028",
            "annotations": []
        }
    ]
}