{
    "document_id": "015_0016",
    "document_title": "2025년 봄 작부계획 및 생산·추적 보고서",
    "data": [
        {
            "sentence": "본 문서는 2025년 봄철 작부계획과 생산·검사·추적성 정보를 통합한 기술형 보고서로서 감사용 이력과 외부 표준 매핑 정보를 포함합니다.",
            "id": "sample_015_0016_000001",
            "annotations": []
        },
        {
            "sentence": "보고 목적은 파종에서 수확까지의 생애주기 데이터 무결성 확보와 공급망 추적성(GS1/EPCIS 호환성) 검증을 위해 수집·검증·보관 절차를 명세하는 것입니다.",
            "id": "sample_015_0016_000002",
            "annotations": []
        },
        {
            "sentence": "농장 소유자 및 운영책임자: 황대연, 연락처 010-1234-5678, 이메일 hdy.farm@example.com, 주소 경기도 수원시 권선구 평동 123-45로 등록되어 있습니다.",
            "id": "sample_015_0016_000003",
            "annotations": [
                {
                    "word": "황대연",
                    "start": 16,
                    "end": 19,
                    "label": "개인정보"
                },
                {
                    "word": "010-1234-5678",
                    "start": 25,
                    "end": 38,
                    "label": "개인정보"
                },
                {
                    "word": "hdy.farm@example.com",
                    "start": 44,
                    "end": 64,
                    "label": "개인정보"
                },
                {
                    "word": "경기도 수원시 권선구 평동 123-45",
                    "start": 69,
                    "end": 90,
                    "label": "개인정보"
                }
            ]
        },
        {
            "sentence": "현장 관리자 기록: 배주헌, 직책 현장 관리자(직업: 농장주), 생년월일 1980-05-12, 비상연락 체계 및 접근권한은 별도 로그로 관리합니다.",
            "id": "sample_015_0016_000004",
            "annotations": [
                {
                    "word": "배주헌",
                    "start": 11,
                    "end": 14,
                    "label": "개인정보"
                },
                {
                    "word": "1980-05-12",
                    "start": 41,
                    "end": 51,
                    "label": "준식별자"
                },
                {
                    "word": "농장주",
                    "start": 30,
                    "end": 33,
                    "label": "준식별자"
                }
            ]
        },
        {
            "sentence": "농장 식별자 farm_id: FARM-2025-015, 필지 field_id: F-001, 필지 경계(GeoJSON, CRS: EPSG:4326): {\"type\":\"Polygon\",\"coordinates\":[[[127.0000,37.2000],[127.0010,37.2000],[127.0010,37.1990],[127.0000,37.1990],[127.0000,37.2000]]]}",
            "id": "sample_015_0016_000005",
            "annotations": []
        },
        {
            "sentence": "필지 면적은 1.25 ha로 기록되며 토성은 양토(loam), 전작 이력은 2024년 옥수수 재배 후 녹비 처리로 기록되어 있습니다.",
            "id": "sample_015_0016_000006",
            "annotations": []
        },
        {
            "sentence": "재배작물: 벼(rice), 품종: 한일벼, 파종일(정식 기준) 2025-04-15T08:00:00+09:00, 생육 단계별 점검 일정은 파종→생장→수확의 일관된 시계열로 관리됩니다.",
            "id": "sample_015_0016_000007",
            "annotations": []
        },
        {
            "sentence": "예상 수확량 expected_yield_kg: 6,250 kg(단위: kg 일관), 실제 수확 actual_yield_kg은 수확 후 계량 및 등급 기록으로 대체 검증됩니다.",
            "id": "sample_015_0016_000008",
            "annotations": []
        },
        {
            "sentence": "토양 검사 결과: soil_test_ph 6.3, soil_test_nitrogen_ppm 28 ppm, 시료 채취방법 및 실험실 인증 정보는 메타데이터로 첨부되어 감사 추적이 가능합니다.",
            "id": "sample_015_0016_000009",
            "annotations": []
        },
        {
            "sentence": "관개 이벤트 샘플(ISO 8601): 2025-05-10T14:00:00+09:00, irrigation_event volume_l: 3500 L, 센서 캘리브레이션 로그와 유량계 보정 이력 포함.",
            "id": "sample_015_0016_000010",
            "annotations": []
        },
        {
            "sentence": "농약 사용 기록 예: 2025-05-20T06:30:00+09:00, 제품명: X-Guard, 유효성분: Aconazole 12.5%, 투입밀도 dose_kg_per_ha: 0.75 kg/ha, 적용 필지 명시 및 토양 잔류 시험으로 연계됩니다.",
            "id": "sample_015_0016_000011",
            "annotations": []
        },
        {
            "sentence": "프로젝트 관련 보조금 및 재정내역 일부: 보조금 5,000,000원이 2025-04-01에 지급되었으며 이 항목은 접근 제어 대상(기밀)으로 분류됩니다.",
            "id": "sample_015_0016_000012",
            "annotations": [
                {
                    "word": "보조금 5,000,000원",
                    "start": 23,
                    "end": 37,
                    "label": "기밀정보"
                }
            ]
        },
        {
            "sentence": "재무 결제 증빙은 은행 계좌번호로 연결되며 내부 기록 예시: 계좌번호 123-456-789012, 관련 거래는 암호화 저장 및 접근 로그로 감사 가능합니다.",
            "id": "sample_015_0016_000013",
            "annotations": [
                {
                    "word": "계좌번호 123-456-789012",
                    "start": 34,
                    "end": 53,
                    "label": "기밀정보"
                }
            ]
        },
        {
            "sentence": "규정·인증 증빙 원본은 내부 감사서버에 보관됩니다(증빙 URL 예시: https://internal.example.com/secure/audit/2025/015), 내부 URL은 기밀정보로 분류합니다.",
            "id": "sample_015_0016_000014",
            "annotations": [
                {
                    "word": "https://internal.example.com/secure/audit/2025/015",
                    "start": 39,
                    "end": 89,
                    "label": "기밀정보"
                }
            ]
        },
        {
            "sentence": "센서 구성: 토양수분 센서 sensor_id=SENSOR-0001, 타입=soil_moisture, 샘플링 주기 5분, 노이즈 모델은 Gaussian(μ=0, σ=0.02)로 시뮬레이션하며 결측치는 선형 보간과 플래그 처리를 적용합니다.",
            "id": "sample_015_0016_000015",
            "annotations": []
        },
        {
            "sentence": "위성 이미지 메타데이터: acquisition_time 2025-05-12T10:15:00+09:00, sensor=Sentinel-2, cloud_cover=12%, resolution=10 m, 이미지 해상도·좌표계(EPSG:4326) 정보 포함.",
            "id": "sample_015_0016_000016",
            "annotations": []
        },
        {
            "sentence": "기계 정비 로그 예시: 정비일 2025-05-01, machine_id=TRACTOR-01, odometer_hours=1,240 h, 이력상 조치 및 정비 담당자: 차정범가 점검 및 서명했습니다.",
            "id": "sample_015_0016_000017",
            "annotations": [
                {
                    "word": "차정범",
                    "start": 93,
                    "end": 96,
                    "label": "개인정보"
                }
            ]
        },
        {
            "sentence": "유통 추적성: batch_traceability batch_id=BATCH-2025-0001, produced_date 2025-09-20T07:00:00+09:00, storage_temperature_c=8.5°C, 저장조건 상한·하한(2~8°C) 위반 시 경고 플래그 기록됩니다.",
            "id": "sample_015_0016_000018",
            "annotations": []
        },
        {
            "sentence": "인증 상태 certification_status: organic(유기농)으로 표기되어 있으며 인증 변경 이력과 CERT-HASH: abcdef1234567890 해시로 연동된 증빙을 유지합니다.",
            "id": "sample_015_0016_000019",
            "annotations": []
        },
        {
            "sentence": "근로자 기록 예시: worker_id=WKR-0003, 이름 임태원, 역할 수확보조, 월간 근무시간 work_hours=168 h, 근로자 데이터는 익명화·접근 제어 정책을 따릅니다.",
            "id": "sample_015_0016_000020",
            "annotations": [
                {
                    "word": "임태원",
                    "start": 34,
                    "end": 37,
                    "label": "개인정보"
                }
            ]
        },
        {
            "sentence": "데이터 보안 및 접근제어: 민감 데이터(개인정보·기밀정보)는 최소 권한 원칙으로 암호화 저장하며 접근 로그와 변경 이력(audit trail)을 반드시 기록합니다.",
            "id": "sample_015_0016_000021",
            "annotations": []
        },
        {
            "sentence": "공개용 데이터셋 생성 시 위치 정보는 필지 경계의 익명화(centroid 변환, 좌표 노이즈 추가) 또는 시/군/구 단위로 집계하여 소유자 식별 위험을 최소화합니다.",
            "id": "sample_015_0016_000022",
            "annotations": []
        },
        {
            "sentence": "계절성·지리적 특성 반영: 중부내륙기후대에 해당하므로 파종·비료·관수 스케줄은 기후대 보정 인자와 품종별 생육 모델을 적용하여 편향을 보정합니다.",
            "id": "sample_015_0016_000023",
            "annotations": []
        },
        {
            "sentence": "센서 데이터 결측·중복·오류값 처리 정책: 결측은 타임스탬프 기반 보간, 중복 레코드는 가장 최신값 우선, 물리적으로 불가능한 값은 이상치 필드에 별도 기록합니다.",
            "id": "sample_015_0016_000024",
            "annotations": []
        },
        {
            "sentence": "외부 표준과의 맵핑: GS1 EPCIS 이벤트 모델로의 변환 필드 매핑 표준을 정의했으며 메타데이터에 표준 식별자 및 변환 로그를 포함합니다.",
            "id": "sample_015_0016_000025",
            "annotations": []
        },
        {
            "sentence": "현장 네트워크 제약을 고려한 오프라인 우선 수집 정책: 데이터 버퍼링, 충돌 해결 전략, 동기화 시점의 타임스탬프 병합 규칙을 상세히 규정합니다.",
            "id": "sample_015_0016_000026",
            "annotations": []
        },
        {
            "sentence": "규제·인증 관련 변경 이력은 변경자, 변경일시(ISO 8601), 변경 사유를 포함하여 감사 가능하도록 기록하고 관련 증빙 URL 또는 해시를 연결합니다.",
            "id": "sample_015_0016_000027",
            "annotations": []
        },
        {
            "sentence": "검토 및 승인: 본 보고서는 데이터 담당 검토자 성희원에 의해 2025-06-01T09:30:00+09:00에 검토되었으며 추후 배포 전 접근권한 검증을 권고합니다.",
            "id": "sample_015_0016_000028",
            "annotations": [
                {
                    "word": "성희원",
                    "start": 27,
                    "end": 30,
                    "label": "개인정보"
                }
            ]
        }
    ]
}