{
    "document_id": "015_0041",
    "document_title": "경기도 수원권 친환경 배추 재배 및 공급망 추적 보고서",
    "data": [
        {
            "sentence": "본 문서는 2025년 시즌의 배추 재배·검사·수확·유통 전 과정을 감사 가능한 형태로 기록하기 위해 작성되었습니다.",
            "id": "sample_015_0041_000001",
            "annotations": []
        },
        {
            "sentence": "문서의 범위는 농장 식별자, 필지 경계(GeoJSON), 재배 일정, 토양·환경 검사, 센서 로그, 방제·관개 기록, 출하·로트 추적 및 규제 증빙을 포함합니다.",
            "id": "sample_015_0041_000002",
            "annotations": []
        },
        {
            "sentence": "대상 농장은 farm_id:FARM-015-0041로 관리되며 주요 필지 위치는 경기도 수원시 권선구 인접 구역이며 필지 경계는 EPSG:4326 기준 GeoJSON으로 저장됩니다: {\"type\":\"Polygon\",\"coordinates\":[[[127.0000,37.2100],[127.0100,37.2100],[127.0100,37.2200],[127.0000,37.2200],[127.0000,37.2100]]]}",
            "id": "sample_015_0041_000003",
            "annotations": [
                {
                    "word": "경기도 수원시 권선구",
                    "start": 45,
                    "end": 56,
                    "label": "준식별자"
                }
            ]
        },
        {
            "sentence": "주작물은 배추(crop_type: Brassica pekinensis), 품종은 지역적 적응형 '수원하이브리드'로 표준화되어 있습니다.",
            "id": "sample_015_0041_000004",
            "annotations": []
        },
        {
            "sentence": "파종(정식) 일정은 planting_date:2025-04-15T08:00:00+09:00(현지시각 ISO 8601 표기)로 ERP와 동기화되어 있습니다.",
            "id": "sample_015_0041_000005",
            "annotations": [
                {
                    "word": "2025-04-15T08:00:00+09:00",
                    "start": 25,
                    "end": 50,
                    "label": "준식별자"
                }
            ]
        },
        {
            "sentence": "예상 수확일은 harvest_date:2025-10-12T07:00:00+09:00로 계획되었으며 실제 수확 데이터는 수확 당일의 로트별 타임스탬프와 연계됩니다.",
            "id": "sample_015_0041_000006",
            "annotations": [
                {
                    "word": "2025-10-12T07:00:00+09:00",
                    "start": 21,
                    "end": 46,
                    "label": "준식별자"
                }
            ]
        },
        {
            "sentence": "생산성 지표로 expected_yield_kg은 필지당 8,500kg/ha로 설정되었으며 1차 실적 actual_yield_kg은 중간 집계기준 7,920kg/ha로 보고되었습니다.",
            "id": "sample_015_0041_000007",
            "annotations": []
        },
        {
            "sentence": "토양 검사 결과는 soil_test_ph:6.2, soil_test_nitrogen_ppm:28ppm으로 화학적 분석방법, 샘플링 GPS와 시험소 배치번호를 함께 기록합니다.",
            "id": "sample_015_0041_000008",
            "annotations": []
        },
        {
            "sentence": "관개 이벤트 예시: irrigation_event(timestamp:2025-06-01T05:30:00+09:00, volume_l:1200L); 이벤트는 현장 게이트웨이에서 5분 단위로 집계됩니다.",
            "id": "sample_015_0041_000009",
            "annotations": [
                {
                    "word": "2025-06-01T05:30:00+09:00",
                    "start": 38,
                    "end": 63,
                    "label": "준식별자"
                }
            ]
        },
        {
            "sentence": "살포 기록 예시: pesticide_application(timestamp:2025-06-15T09:15:00+09:00, product_name:클로르피리포스100, active_ingredient:클로르피리포스, dose_kg_per_ha:0.75kg/ha)로 잔류 기준과 매칭 검증을 수행합니다.",
            "id": "sample_015_0041_000010",
            "annotations": [
                {
                    "word": "2025-06-15T09:15:00+09:00",
                    "start": 42,
                    "end": 67,
                    "label": "준식별자"
                }
            ]
        },
        {
            "sentence": "현장 센서 로그 예시: sensor_readings는 5분 샘플링 간격으로 수집되며 샘플: {timestamp:2025-06-01T05:30:00+09:00, sensor_id:SENSOR-WS-01, type:soil_moisture, value:23.5, unit:%v/v}; 노이즈 모델과 결측치 처리 이력이 포함됩니다.",
            "id": "sample_015_0041_000011",
            "annotations": []
        },
        {
            "sentence": "원격센서 메타데이터: satellite_image_metadata(acquisition_time:2025-07-20T10:20:00+09:00, sensor:Sentinel-2, cloud_cover:12%, resolution:10m)로 시계열 분광분석을 위한 인덱스가 링크됩니다.",
            "id": "sample_015_0041_000012",
            "annotations": [
                {
                    "word": "2025-07-20T10:20:00+09:00",
                    "start": 54,
                    "end": 79,
                    "label": "준식별자"
                }
            ]
        },
        {
            "sentence": "기계 정비 로그 예시: machinery_maintenance_log(date:2025-05-02, machine_id:TRACT-007, odometer_hours:1845.7, issue:유압호스 교체 요구), 정비 이력은 부품 로트와 연결됩니다.",
            "id": "sample_015_0041_000013",
            "annotations": []
        },
        {
            "sentence": "로트 추적 예시: batch_traceability(batch_id:BATCH-20251012-0001, produced_date:2025-10-12T03:00:00+09:00, storage_temperature_c:4.2); 허용범위(0~5°C) 벗어남 여부는 경고 플래그로 표기됩니다.",
            "id": "sample_015_0041_000014",
            "annotations": [
                {
                    "word": "2025-10-12T03:00:00+09:00",
                    "start": 73,
                    "end": 98,
                    "label": "준식별자"
                }
            ]
        },
        {
            "sentence": "인증 상태는 certification_status:유기농이며 GlobalGAP 매핑 및 등록번호(GG-2025-009)를 규격 메타데이터에 포함하여 감사가능성을 확보합니다.",
            "id": "sample_015_0041_000015",
            "annotations": []
        },
        {
            "sentence": "현장 인력 레코드 예시: worker_id:EMP-2025-001, name:양지상, role:현장작업자, work_hours:8h, contact:010-1234-5678, email:yangjs@farmmail.example.com, birthdate:1985-06-12은 접근제어 하에 보관됩니다.",
            "id": "sample_015_0041_000016",
            "annotations": [
                {
                    "word": "양지상",
                    "start": 43,
                    "end": 46,
                    "label": "개인정보"
                },
                {
                    "word": "EMP-2025-001",
                    "start": 24,
                    "end": 36,
                    "label": "개인정보"
                },
                {
                    "word": "010-1234-5678",
                    "start": 83,
                    "end": 96,
                    "label": "개인정보"
                },
                {
                    "word": "yangjs@farmmail.example.com",
                    "start": 104,
                    "end": 131,
                    "label": "개인정보"
                },
                {
                    "word": "1985-06-12",
                    "start": 143,
                    "end": 153,
                    "label": "준식별자"
                },
                {
                    "word": "현장작업자",
                    "start": 53,
                    "end": 58,
                    "label": "준식별자"
                }
            ]
        },
        {
            "sentence": "관리자 인력 예시: worker_id:EMP-2025-002, name:심혜린, role:관리자, work_hours:9h는 작업 권한과 감사 로그를 함께 기록합니다.",
            "id": "sample_015_0041_000017",
            "annotations": [
                {
                    "word": "심혜린",
                    "start": 40,
                    "end": 43,
                    "label": "개인정보"
                },
                {
                    "word": "EMP-2025-002",
                    "start": 21,
                    "end": 33,
                    "label": "개인정보"
                },
                {
                    "word": "관리자",
                    "start": 0,
                    "end": 3,
                    "label": "준식별자"
                },
                {
                    "word": "관리자",
                    "start": 50,
                    "end": 53,
                    "label": "준식별자"
                }
            ]
        },
        {
            "sentence": "규제·인증 변경 이력은 변경항목, 변경자명, 타임스탬프, 증빙 URL/해시로 연결됩니다; 예: 내부 결재선 승인자: 양지상, 증빙 URL:https://internal.farmcorp.local/doc/approvals/1234, sha256:4a7d1fca6fbe5d3b3e9c1a5f6d9e2a1b3c4d5e6f7a8b9c0d1e2f3a4b5c6d7e8",
            "id": "sample_015_0041_000018",
            "annotations": [
                {
                    "word": "https://internal.farmcorp.local/doc/approvals/1234",
                    "start": 77,
                    "end": 127,
                    "label": "기밀정보"
                },
                {
                    "word": "sha256:4a7d1fca6fbe5d3b3e9c1a5f6d9e2a1b3c4d5e6f7a8b9c0d1e2f3a4b5c6d7e8",
                    "start": 129,
                    "end": 199,
                    "label": "기밀정보"
                },
                {
                    "word": "내부 결재선 승인자: 양지상",
                    "start": 53,
                    "end": 68,
                    "label": "기밀정보"
                }
            ]
        },
        {
            "sentence": "재정 관련(기밀): 보조금 지급정보는 보안저장소에 암호화되어 보관되며 예시로 보조금 계좌번호:123-45-678901, 보조금 지급액:5,000,000원은 권한자 외 접근 금지입니다.",
            "id": "sample_015_0041_000019",
            "annotations": [
                {
                    "word": "123-45-678901",
                    "start": 52,
                    "end": 65,
                    "label": "기밀정보"
                },
                {
                    "word": "5,000,000원",
                    "start": 75,
                    "end": 85,
                    "label": "기밀정보"
                }
            ]
        },
        {
            "sentence": "개인정보 최소화 원칙에 따라 위치(필지 경계·좌표)는 GeoJSON으로 처리하고 상세 소유자 주소는 접근제어가 설정된 별도 레이어에 보관합니다.",
            "id": "sample_015_0041_000020",
            "annotations": []
        },
        {
            "sentence": "데이터 상호운용성 확보를 위해 GS1/EPCIS 매핑 필드를 설계하였고, 메타데이터에는 표준 코드와 변환이력 매핑 테이블을 포함합니다.",
            "id": "sample_015_0041_000021",
            "annotations": []
        },
        {
            "sentence": "농장 현장의 네트워크 제약을 고려하여 오프라인 우선 수집, 로컬 큐잉, 충돌해결 및 동기화 로그를 구현합니다.",
            "id": "sample_015_0041_000022",
            "annotations": []
        },
        {
            "sentence": "계절성·지리적 특성 보정: 온대 기후대(Temperate zone) 특성을 반영하여 작물별 정상범위를 설정하고 이상치는 별도 필드(anomaly_flag)로 표기합니다.",
            "id": "sample_015_0041_000023",
            "annotations": []
        },
        {
            "sentence": "센서 데이터 품질관리: 결측치는 시계열 보간 또는 모델기반 보정으로 처리하고 중복·오류값은 제거 및 교정 로그를 기록합니다.",
            "id": "sample_015_0041_000024",
            "annotations": []
        },
        {
            "sentence": "단위 표준화·변환 이력은 감사 목적으로 보관되며 예시: 단위 변환(tonne->kg, 1t=1000kg), 변환 이력 ID:conv_2025_04_01_hash:abcd1234가 기록됩니다.",
            "id": "sample_015_0041_000025",
            "annotations": [
                {
                    "word": "conv_2025_04_01_hash:abcd1234",
                    "start": 69,
                    "end": 98,
                    "label": "기밀정보"
                }
            ]
        },
        {
            "sentence": "요청된 후속 조치와 책임자 지정: 담당자 연락처:010-9876-5432 (황지유)로 문의하되 개인정보 접근제어 규정에 따라 전화번호는 암호화 채널로 제공됩니다.",
            "id": "sample_015_0041_000026",
            "annotations": [
                {
                    "word": "010-9876-5432",
                    "start": 27,
                    "end": 40,
                    "label": "개인정보"
                },
                {
                    "word": "황지유",
                    "start": 42,
                    "end": 45,
                    "label": "개인정보"
                }
            ]
        },
        {
            "sentence": "다음 내부 감사 예정일은 2026-01-20T09:00:00+09:00로 캘린더와 연동되어 리마인더가 자동 생성됩니다.",
            "id": "sample_015_0041_000027",
            "annotations": [
                {
                    "word": "2026-01-20T09:00:00+09:00",
                    "start": 14,
                    "end": 39,
                    "label": "준식별자"
                }
            ]
        },
        {
            "sentence": "문서 작성 및 최종 검토: 작성자 오이헌, 검토자 부서내 감사라인을 거쳐 저장소에 최종본이 등록됩니다.",
            "id": "sample_015_0041_000028",
            "annotations": [
                {
                    "word": "오이헌",
                    "start": 19,
                    "end": 22,
                    "label": "개인정보"
                }
            ]
        }
    ]
}