{
    "document_id": "015_0034",
    "document_title": "스마트팜 운영·추적성 및 규제준수 종합 보고서",
    "data": [
        {
            "sentence": "문서 개요: 본 보고서는 농장 운영, 센서 시계열, 토양·수질 검사, 투입물 사용, 수확·출하 추적성 및 규제 증빙을 통합하여 감사 가능하게 기록한 종합 문서입니다.",
            "id": "sample_015_0034_000001",
            "annotations": []
        },
        {
            "sentence": "레코드 식별자는 farm_id=FARM-015-0034이며, 내부 데이터베이스와 외부 표준(GS1/EPCIS) 매핑을 위해 UUID와 매핑 테이블을 유지합니다.",
            "id": "sample_015_0034_000002",
            "annotations": []
        },
        {
            "sentence": "농장 위치: 경기도 수원시 장안구 인근(익명화 처리 대상)이며, 필지 접근은 권한 기반 접근 제어로 제한됩니다.",
            "id": "sample_015_0034_000003",
            "annotations": [
                {
                    "word": "경기도",
                    "start": 7,
                    "end": 10,
                    "label": "준식별자"
                },
                {
                    "word": "수원시",
                    "start": 11,
                    "end": 14,
                    "label": "준식별자"
                },
                {
                    "word": "장안구",
                    "start": 15,
                    "end": 18,
                    "label": "준식별자"
                }
            ]
        },
        {
            "sentence": "필지 경계(GeoJSON, EPSG:4326): {\"type\":\"Feature\",\"properties\":{\"field_id\":\"FIELD-034\"},\"geometry\":{\"type\":\"Polygon\",\"coordinates\":[[[127.02150,37.29600],[127.02210,37.29610],[127.02200,37.29560],[127.02140,37.29550],[127.02150,37.29600]]]}}.",
            "id": "sample_015_0034_000004",
            "annotations": []
        },
        {
            "sentence": "재배 계획: crop_type=배추, variety='백다다기', planting_date=2025-03-15T08:00:00+09:00, 예상 수확일 harvest_date=2025-06-20T07:00:00+09:00로 등록되었습니다.",
            "id": "sample_015_0034_000005",
            "annotations": []
        },
        {
            "sentence": "수확 목표량 expected_yield_kg=12,000 kg, 실제 수확 actual_yield_kg=11,450 kg이며 수확 집계는 로트별 가중 평균으로 보정했습니다.",
            "id": "sample_015_0034_000006",
            "annotations": []
        },
        {
            "sentence": "토양 검사: soil_test_ph=6.3 (KCl, 실험실 SOP v2.1 참조), soil_test_nitrogen_ppm=38 ppm(케미컬 분석법, 샘플링 좌표 포함).",
            "id": "sample_015_0034_000007",
            "annotations": []
        },
        {
            "sentence": "관개 이벤트(샘플): [{\"timestamp\":\"2025-04-02T06:10:00+09:00\",\"volume_L\":1200.0},{\"timestamp\":\"2025-04-09T06:15:00+09:00\",\"volume_L\":1350.0}]로 기록되었고, 동기화 누락 건은 로그로 별도 관리합니다.",
            "id": "sample_015_0034_000008",
            "annotations": []
        },
        {
            "sentence": "농약 투입 기록: {\"timestamp\":\"2025-04-20T09:30:00+09:00\",\"product_name\":\"AgriSafe-Plus\",\"active_ingredient\":\"clopyralid 10%\",\"dose_kg_per_ha\":0.15}가 FIELD-034에 적용되었습니다.",
            "id": "sample_015_0034_000009",
            "annotations": []
        },
        {
            "sentence": "센서 정책: 토양수분/온습도 센서는 5분 샘플링, 노이즈 모델은 Gaussian(μ=0,σ=0.5)로 시뮬레이션하며 결측치는 선형보간, 중복 샘플은 타임스탬프 기준 정합 처리합니다.",
            "id": "sample_015_0034_000010",
            "annotations": []
        },
        {
            "sentence": "센서 예시 데이터: {\"timestamp\":\"2025-04-10T07:00:00+09:00\",\"sensor_id\":\"SNS-1001\",\"type\":\"soil_moisture\",\"value\":23.4,\"unit\":\"%\"}, {\"timestamp\":\"2025-04-10T07:05:00+09:00\",\"sensor_id\":\"SNS-1001\",\"type\":\"soil_moisture\",\"value\":null,\"unit\":\"%\",\"note\":\"missing\"}.",
            "id": "sample_015_0034_000011",
            "annotations": []
        },
        {
            "sentence": "작업자 기록: 양태경, worker_id=WKR-00017, role=field_operator, work_hours=2025-04: 168h, birth_date=1985-06-15, 연락처=010-1234-5678, email=yangtk@example.com으로 익명화되지 않은 원본이 내부 로그에 존재합니다.",
            "id": "sample_015_0034_000012",
            "annotations": [
                {
                    "word": "양태경",
                    "start": 8,
                    "end": 11,
                    "label": "개인정보"
                },
                {
                    "word": "WKR-00017",
                    "start": 23,
                    "end": 32,
                    "label": "개인정보"
                },
                {
                    "word": "010-1234-5678",
                    "start": 108,
                    "end": 121,
                    "label": "개인정보"
                },
                {
                    "word": "yangtk@example.com",
                    "start": 129,
                    "end": 147,
                    "label": "개인정보"
                },
                {
                    "word": "1985",
                    "start": 92,
                    "end": 96,
                    "label": "준식별자"
                },
                {
                    "word": "06",
                    "start": 97,
                    "end": 99,
                    "label": "준식별자"
                },
                {
                    "word": "15",
                    "start": 100,
                    "end": 102,
                    "label": "준식별자"
                }
            ]
        },
        {
            "sentence": "추가 작업자: 서아람, worker_id=WKR-00018, role=irrigation_technician, 월별 근로시간 142h로 기록되었고 접근권한은 역할기반 제어(RBAC)로 제한됩니다.",
            "id": "sample_015_0034_000013",
            "annotations": [
                {
                    "word": "서아람",
                    "start": 8,
                    "end": 11,
                    "label": "개인정보"
                },
                {
                    "word": "WKR-00018",
                    "start": 23,
                    "end": 32,
                    "label": "개인정보"
                }
            ]
        },
        {
            "sentence": "위성 메타데이터: acquisition_time=2025-04-05T10:14:00+09:00, sensor='Sentinel-2', cloud_cover=6%, resolution=10m로 보정 및 NDVI 추출이 완료되었습니다.",
            "id": "sample_015_0034_000014",
            "annotations": []
        },
        {
            "sentence": "기계 정비 로그: 2025-04-01, machine_id=TRACT-21, odometer_hours=1,240h, issue='유압 누유', 수리 담당자 차대환, 교체 부품과 사진은 변경이력과 함께 저장됩니다.",
            "id": "sample_015_0034_000015",
            "annotations": [
                {
                    "word": "차대환",
                    "start": 88,
                    "end": 91,
                    "label": "개인정보"
                }
            ]
        },
        {
            "sentence": "로트 추적성: batch_id=BATCH-20250415-A, produced_date=2025-04-15T15:30:00+09:00, storage_temperature_c=12.5°C, 허용범위 2.0~8.0°C 위반으로 경고 플래그 설정 및 보정조치 기록이 생성되었습니다.",
            "id": "sample_015_0034_000016",
            "annotations": [
                {
                    "word": "BATCH-20250415-A",
                    "start": 17,
                    "end": 33,
                    "label": "일반정보"
                }
            ]
        },
        {
            "sentence": "추적용 로트 메타: {\"batch_id\":\"BATCH-20250415-A\",\"origin_field\":\"FIELD-034\",\"pack_date\":\"2025-04-16T08:20:00+09:00\"}이며 EPCIS 이벤트 매핑 키가 포함됩니다.",
            "id": "sample_015_0034_000017",
            "annotations": []
        },
        {
            "sentence": "인증 상태: certification_status='organic', 인증서(내부 증빙) URL=https://intranet.example.com/cert/AGR-2025-001, 증빙 해시 sha256:3a7f1d...로 변경 이력을 연결했습니다.",
            "id": "sample_015_0034_000018",
            "annotations": [
                {
                    "word": "https://intranet.example.com/cert/AGR-2025-001",
                    "start": 54,
                    "end": 100,
                    "label": "기밀정보"
                }
            ]
        },
        {
            "sentence": "규제·검사 결과: 잔류농약 검사 리포트는 샘플 ID와 해시를 함께 보관하며, HACCP·국가 잔류허용치와 대조하여 초과 시 리콜 프로세스를 자동 트리거합니다.",
            "id": "sample_015_0034_000019",
            "annotations": []
        },
        {
            "sentence": "데이터 거버넌스: 소유자 위치·연락처 등 민감정보는 최소화하고 익명화된 뷰와 원본 접근 로그를 분리하여 감사 추적성을 확보합니다; 내부 시스템 IP는 접속 로그에 기록됩니다.",
            "id": "sample_015_0034_000020",
            "annotations": []
        },
        {
            "sentence": "단위·변환 로그: 수집 원단위는 kg, L, ha, ppm, °C로 통일하며 필요시 변환 비율과 변환 책임자를 로그에 남깁니다(예: kg→tonne 변환: /1000).",
            "id": "sample_015_0034_000021",
            "annotations": []
        },
        {
            "sentence": "오프라인 우선 수집: 현장 디바이스는 오프라인 캐시를 유지하고 네트워크 복구 시 동기화 충돌 해결 규칙(타임스탬프 우선)을 적용합니다.",
            "id": "sample_015_0034_000022",
            "annotations": []
        },
        {
            "sentence": "계절성·지리적 보정: 지역 기후대 및 품종별 성장계수로 모델 편향을 보정하며 극단치는 anomaly_field=true로 별도 표기합니다.",
            "id": "sample_015_0034_000023",
            "annotations": []
        },
        {
            "sentence": "표준 연계: GS1/EPCIS와의 상호운용성을 위해 batch_id, eventTime(ISO8601) 및 location(GeoJSON)을 매핑 가능한 메타데이터로 유지합니다.",
            "id": "sample_015_0034_000024",
            "annotations": []
        },
        {
            "sentence": "이상치 처리 예: 센서 SNS-102 값 98.7%는 물리적 한계 초과로 오류값(error_code=E02) 처리 후 큐레이션 팀 검토를 요청했습니다.",
            "id": "sample_015_0034_000025",
            "annotations": []
        },
        {
            "sentence": "저장조건 위반 알림: batch_id=BATCH-20250415-A에서 온도 12.5°C로 허용범위를 벗어나 HACCP 추적자에 경고를 전송하고, 사진·조치내역을 증빙으로 첨부했습니다.",
            "id": "sample_015_0034_000026",
            "annotations": []
        },
        {
            "sentence": "재무·보조금 관련(내부 기밀): 보조금 총액 25,000,000원, 지급 계좌번호 110-123456-01-001, 내부 승인자 엄건영으로 예산 집행 로그에 암호화 저장합니다.",
            "id": "sample_015_0034_000027",
            "annotations": [
                {
                    "word": "25,000,000원",
                    "start": 25,
                    "end": 36,
                    "label": "기밀정보"
                },
                {
                    "word": "110-123456-01-001",
                    "start": 46,
                    "end": 63,
                    "label": "기밀정보"
                },
                {
                    "word": "엄건영",
                    "start": 72,
                    "end": 75,
                    "label": "개인정보"
                }
            ]
        },
        {
            "sentence": "결론 및 조치: 개선 항목 별 담당자 지정(담당자: 송수홍), 추가 감사는 2025-05-01까지 완료하고 보고서는 내부 포털에 업로드 후 관련자에게 알림을 전달합니다.",
            "id": "sample_015_0034_000028",
            "annotations": [
                {
                    "word": "송수홍",
                    "start": 29,
                    "end": 32,
                    "label": "개인정보"
                }
            ]
        }
    ]
}