{
    "document_id": "015_0046",
    "document_title": "담양군 배추 재배 및 추적성 운영·품질보고서",
    "data": [
        {
            "sentence": "본 문서는 전라남도 담양군 소재 복합농장(익명화된 farm_id: FARM-015-0046)에서 2025년 봄철 배추 재배 및 공급망 추적성 운영 현황을 기록합니다.",
            "id": "sample_015_0046_000001",
            "annotations": [
                {
                    "word": "전라남도 담양군",
                    "start": 6,
                    "end": 14,
                    "label": "준식별자"
                }
            ]
        },
        {
            "sentence": "농장 식별자는 farm_id: 015-0046이며, 필지 경계는 GeoJSON(EPSG:4326)으로 기록되어 버전 관리됩니다.",
            "id": "sample_015_0046_000002",
            "annotations": []
        },
        {
            "sentence": "필지 경계(GeoJSON, EPSG:4326)는 Polygon이며 좌표는 [ [126.9758,35.1234], [126.9770,35.1230], [126.9775,35.1242], [126.9763,35.1248], [126.9758,35.1234] ]로 제공됩니다.",
            "id": "sample_015_0046_000003",
            "annotations": [
                {
                    "word": "[ [126.9758,35.1234], [126.9770,35.1230], [126.9775,35.1242], [126.9763,35.1248], [126.9758,35.1234] ]",
                    "start": 41,
                    "end": 143,
                    "label": "준식별자"
                }
            ]
        },
        {
            "sentence": "작물은 배추(crop_type: Brassica rapa), 품종은 '조생형-A'로 표기되어 있습니다.",
            "id": "sample_015_0046_000004",
            "annotations": []
        },
        {
            "sentence": "파종일은 2025-04-15T09:00:00+09:00로 기록되었고, 예상 수확일은 2025-07-20T06:00:00+09:00입니다.",
            "id": "sample_015_0046_000005",
            "annotations": [
                {
                    "word": "2025-04-15T09:00:00+09:00",
                    "start": 5,
                    "end": 30,
                    "label": "준식별자"
                },
                {
                    "word": "2025-07-20T06:00:00+09:00",
                    "start": 47,
                    "end": 72,
                    "label": "준식별자"
                }
            ]
        },
        {
            "sentence": "기대 수확량(expected_yield_kg)은 18,500 kg이며, 실제 수확량(actual_yield_kg)은 17,420 kg으로 집계되어 편차를 계산했습니다.",
            "id": "sample_015_0046_000006",
            "annotations": []
        },
        {
            "sentence": "토양 검사 결과는 pH 6.2(soil_test_ph)이고, 유효 질소 농도(soil_test_nitrogen_ppm)는 28 ppm으로 보고되었습니다.",
            "id": "sample_015_0046_000007",
            "annotations": []
        },
        {
            "sentence": "관개 이벤트는 2025-05-10T05:30:00+09:00에 1,200 L, 2025-06-02T18:00:00+09:00에 900 L가 투입되었습니다.",
            "id": "sample_015_0046_000008",
            "annotations": [
                {
                    "word": "2025-05-10T05:30:00+09:00",
                    "start": 8,
                    "end": 33,
                    "label": "준식별자"
                },
                {
                    "word": "2025-06-02T18:00:00+09:00",
                    "start": 44,
                    "end": 69,
                    "label": "준식별자"
                }
            ]
        },
        {
            "sentence": "농약 적용 내역에는 2025-05-20T07:15:00+09:00에 '카브라졸' 제품(유효성분: 글리코펜, dose 0.6 kg/ha)이 기록되어 있습니다.",
            "id": "sample_015_0046_000009",
            "annotations": [
                {
                    "word": "2025-05-20T07:15:00+09:00",
                    "start": 11,
                    "end": 36,
                    "label": "준식별자"
                }
            ]
        },
        {
            "sentence": "현장 센서(sensor_id: S-1001)는 토양수분을 1시간 간격으로 측정했으며 대표값은 0.32 m3/m3(단위)로 기록되었습니다.",
            "id": "sample_015_0046_000010",
            "annotations": []
        },
        {
            "sentence": "센서 시계열에는 현실적 노이즈와 결측치가 포함되어 있으며, 2025-05-12T12:00:00+09:00 측정값은 통신 오류로 결측으로 표시되었습니다.",
            "id": "sample_015_0046_000011",
            "annotations": [
                {
                    "word": "2025-05-12T12:00:00+09:00",
                    "start": 33,
                    "end": 58,
                    "label": "준식별자"
                }
            ]
        },
        {
            "sentence": "중복 샘플 검출 로직에서 동일한 센서의 2025-05-01T03:00:00+09:00 데이터가 중복으로 수집되어 중복표기 제거(데이터_id 중복합치기)를 수행했습니다.",
            "id": "sample_015_0046_000012",
            "annotations": [
                {
                    "word": "2025-05-01T03:00:00+09:00",
                    "start": 22,
                    "end": 47,
                    "label": "준식별자"
                }
            ]
        },
        {
            "sentence": "위성 이미지 메타데이터: acquisition_time 2025-05-16T10:22:00+09:00, sensor: SENTINEL-2, cloud_cover 12.5%, 해상도 10 m/pixel.",
            "id": "sample_015_0046_000013",
            "annotations": [
                {
                    "word": "2025-05-16T10:22:00+09:00",
                    "start": 31,
                    "end": 56,
                    "label": "준식별자"
                }
            ]
        },
        {
            "sentence": "기계 정비 기록: 2025-06-01, machine_id: TR-500, 주행계(odometer_hours) 2,450 h, 이슈: 로터 블레이드 마모로 교체 시행.",
            "id": "sample_015_0046_000014",
            "annotations": [
                {
                    "word": "2025-06-01",
                    "start": 10,
                    "end": 20,
                    "label": "준식별자"
                }
            ]
        },
        {
            "sentence": "포장 및 출하 추적성: batch_id: BATCH-20250615-01, 생산일(produced_date): 2025-06-15T08:00:00+09:00, 저장온도 기록(storage_temperature_c) 평균 2.8°C.",
            "id": "sample_015_0046_000015",
            "annotations": [
                {
                    "word": "2025-06-15T08:00:00+09:00",
                    "start": 62,
                    "end": 87,
                    "label": "준식별자"
                }
            ]
        },
        {
            "sentence": "저장온도 허용범위는 0.0°C~4.0°C이며, BATCH-20250615-01의 최대값 5.2°C는 허용범위를 벗어나 경고 플래그(temperature_alert=true)를 생성했습니다.",
            "id": "sample_015_0046_000016",
            "annotations": []
        },
        {
            "sentence": "인증 상태: GlobalGAP 인증 중이며 인증서 변경 이력은 sha256:3b7f1d2e9a8c4f9e5d1b2c3a4f6e7d8c9b0a1e2f3d4c5b6a7e8f9a0b1c2d3e4 해시로 연동되어 감사 가능하게 보관됩니다.",
            "id": "sample_015_0046_000017",
            "annotations": []
        },
        {
            "sentence": "농업보조금 지원 내역: 2025-03-10 지급된 보조금 금액은 12,500,000원이며 지급 계좌번호는 110-234-567890으로 기록되어 있습니다.",
            "id": "sample_015_0046_000018",
            "annotations": [
                {
                    "word": "2025-03-10",
                    "start": 13,
                    "end": 23,
                    "label": "준식별자"
                },
                {
                    "word": "12,500,000원",
                    "start": 36,
                    "end": 47,
                    "label": "기밀정보"
                },
                {
                    "word": "110-234-567890",
                    "start": 59,
                    "end": 73,
                    "label": "기밀정보"
                }
            ]
        },
        {
            "sentence": "작업자 기록: 근로자 ID WKR-001(이름: 오도율, 역할: 재배관리, 근무시간(work_hours): 186 h/월), WKR-002(이름: 지광철, 역할: 수확, 근무시간: 112 h/월), WKR-003(이름: 유준희, 역할: 포장, 근무시간: 98 h/월)이 등록되어 있습니다.",
            "id": "sample_015_0046_000019",
            "annotations": [
                {
                    "word": "WKR-001",
                    "start": 15,
                    "end": 22,
                    "label": "개인정보"
                },
                {
                    "word": "오도율",
                    "start": 27,
                    "end": 30,
                    "label": "개인정보"
                },
                {
                    "word": "재배관리",
                    "start": 36,
                    "end": 40,
                    "label": "준식별자"
                },
                {
                    "word": "WKR-002",
                    "start": 70,
                    "end": 77,
                    "label": "개인정보"
                },
                {
                    "word": "지광철",
                    "start": 82,
                    "end": 85,
                    "label": "개인정보"
                },
                {
                    "word": "수확",
                    "start": 91,
                    "end": 93,
                    "label": "준식별자"
                },
                {
                    "word": "WKR-003",
                    "start": 111,
                    "end": 118,
                    "label": "개인정보"
                },
                {
                    "word": "유준희",
                    "start": 123,
                    "end": 126,
                    "label": "개인정보"
                },
                {
                    "word": "포장",
                    "start": 132,
                    "end": 134,
                    "label": "준식별자"
                }
            ]
        },
        {
            "sentence": "작업자 관련 개인정보는 최소화되어 암호화 접근 제어 대상으로 지정되며 로그는 감사 가능하게 저장됩니다.",
            "id": "sample_015_0046_000020",
            "annotations": []
        },
        {
            "sentence": "공급망은 GS1/EPCIS와 매핑 가능하도록 메타데이터 필드를 설계했으며 lot/batch 연결성은 모든 단계에서 고유 식별자 유지 규칙을 따릅니다.",
            "id": "sample_015_0046_000021",
            "annotations": []
        },
        {
            "sentence": "원료·비료 사용 이력: 2025-04-20T06:00:00+09:00에 질소비료 120 kg/ha 투입, 제품명: NPK-15-15-15, Lot: FERT-20250420-A.",
            "id": "sample_015_0046_000022",
            "annotations": [
                {
                    "word": "2025-04-20T06:00:00+09:00",
                    "start": 13,
                    "end": 38,
                    "label": "준식별자"
                }
            ]
        },
        {
            "sentence": "잔류농약 시험 보고서: 샘플링 2025-06-18T09:30:00+09:00, 위치(좌표): [126.9761,35.1239], 시험결과: 잔류성분 검사 모두 허용치 이하.",
            "id": "sample_015_0046_000023",
            "annotations": [
                {
                    "word": "2025-06-18T09:30:00+09:00",
                    "start": 17,
                    "end": 42,
                    "label": "준식별자"
                },
                {
                    "word": "[126.9761,35.1239]",
                    "start": 52,
                    "end": 70,
                    "label": "준식별자"
                }
            ]
        },
        {
            "sentence": "데이터 품질 로그는 결측치 비율, 변환 로그(kg↔tonne 등), 단위 통일 내역을 포함하며 단위 변환 로그는 변환 스텝과 타임스탬프를 기록합니다.",
            "id": "sample_015_0046_000024",
            "annotations": []
        },
        {
            "sentence": "오프라인 우선 수집 정책에 따라 현장 게이트웨이는 로컬 버퍼에 데이터를 저장하고 동기화 시 충돌 해결 이력을 기록합니다.",
            "id": "sample_015_0046_000025",
            "annotations": []
        },
        {
            "sentence": "권한이 부여된 담당자 목록은 내부 운영문서에 별도 관리되며, 모든 민감정보 접근은 역할 기반 접근제어(RBAC)를 통해 감사 로그와 함께 제어됩니다.",
            "id": "sample_015_0046_000026",
            "annotations": []
        }
    ]
}