{
    "document_id": "015_0097",
    "document_title": "지역 기반 토마토 생산·추적성 감사 보고서(2025년 재배시즌)",
    "data": [
        {
            "sentence": "문서 목적: 본 보고서는 2025년 재배시즌의 토마토 작부계획, 센서·토양·수확 데이터, 공급망 추적성 및 규제 준수 이력을 감사 가능하도록 기록합니다.",
            "id": "sample_015_0097_000001",
            "annotations": []
        },
        {
            "sentence": "문서 메타: document_id=015_0097, farm_id=FARM-015-0097, 생성일시=2025-03-01T10:00:00+09:00(Asia/Seoul).",
            "id": "sample_015_0097_000002",
            "annotations": []
        },
        {
            "sentence": "필지 경계는 GeoJSON으로 제공되며 좌표계는 EPSG:4326으로 표기합니다; 예: {\"type\":\"Feature\",\"properties\":{\"field_id\":\"FIELD-0097-A\"},\"geometry\":{\"type\":\"Polygon\",\"coordinates\":[[[128.5912,35.1802],[128.5930,35.1802],[128.5930,35.1789],[128.5912,35.1789],[128.5912,35.1802]]]} }.",
            "id": "sample_015_0097_000003",
            "annotations": []
        },
        {
            "sentence": "작물 정보: crop_type=Tomato, variety='Korean Red 3', planting_date=2025-03-18T09:00:00+09:00, 표준 단위로 면적=1.25 ha를 사용합니다.",
            "id": "sample_015_0097_000004",
            "annotations": []
        },
        {
            "sentence": "예상 수확일은 harvest_date=2025-09-25T08:30:00+09:00로 계획되었으며 예상수량 expected_yield_kg=6,200 kg으로 산정했습니다.",
            "id": "sample_015_0097_000005",
            "annotations": []
        },
        {
            "sentence": "실수확 actual_yield_kg=5,890 kg(통계적 보정 적용 후)이며, 수확별 편차는 별도 컬럼에 이상치로 표기합니다.",
            "id": "sample_015_0097_000006",
            "annotations": []
        },
        {
            "sentence": "토양검사 결과: soil_test_ph=6.4(pH), soil_test_nitrogen_ppm=24 ppm, 샘플링 방법=ISO 10381-1 준용, 샘플링 좌표와 샘플ID는 메타데이터에 포함됩니다.",
            "id": "sample_015_0097_000007",
            "annotations": []
        },
        {
            "sentence": "관개 이벤트 예시: {\"timestamp\":\"2025-06-12T06:00:00+09:00\",\"volume_l\":4500}, 모든 관개량은 L 단위로 기록되며 누락값은 동기화 로그에 표시합니다.",
            "id": "sample_015_0097_000008",
            "annotations": []
        },
        {
            "sentence": "농약 투입 기록 예시: {\"timestamp\":\"2025-05-03T07:30:00+09:00\",\"product_name\":\"SafeCrop-Plus\",\"active_ingredient\":\"Chlorfenapyr 15%\",\"dose_kg_per_ha\":0.4}.",
            "id": "sample_015_0097_000009",
            "annotations": []
        },
        {
            "sentence": "센서 시계열 예: 샘플링 간격=1시간, 예시 값={\"timestamp\":\"2025-06-01T00:00:00+09:00\",\"sensor_id\":\"S-0097-ATM-01\",\"type\":\"air_temperature\",\"value\":22.7,\"unit\":\"°C\"}.",
            "id": "sample_015_0097_000010",
            "annotations": []
        },
        {
            "sentence": "센서 데이터는 현실적 노이즈를 시뮬레이션하고 결측치 표기는 null로 하며 중복 타임스탬프는 동기화 규칙으로 병합 처리합니다.",
            "id": "sample_015_0097_000011",
            "annotations": []
        },
        {
            "sentence": "위성 메타데이터 예: {\"acquisition_time\":\"2025-07-15T10:14:00+09:00\",\"sensor\":\"Sentinel-2A\",\"cloud_cover\":12.3,\"resolution_m\":10}.",
            "id": "sample_015_0097_000012",
            "annotations": []
        },
        {
            "sentence": "기계 정비 로그 예시: {\"date\":\"2025-04-20\",\"machine_id\":\"TR-204\",\"odometer_hours\":1,540.2,\"issue\":\"유압호스 교체(교체부품: HPS-12)\"}.",
            "id": "sample_015_0097_000013",
            "annotations": []
        },
        {
            "sentence": "배치 추적성 예: {\"batch_id\":\"BATCH-20250925-0097\",\"produced_date\":\"2025-09-25T11:00:00+09:00\",\"storage_temperature_c\":5.6}, 저장조건 허용범위 0~4°C 초과 시 경고 플래그를 설정합니다.",
            "id": "sample_015_0097_000014",
            "annotations": []
        },
        {
            "sentence": "농장 인력 기록: worker_id=WKR-0001, name=박건용, role=농장 관리자, work_hours=8.5, contact=010-1234-5678, email=park.k@farmmail.com.",
            "id": "sample_015_0097_000015",
            "annotations": [
                {
                    "word": "박건용",
                    "start": 35,
                    "end": 38,
                    "label": "개인정보"
                },
                {
                    "word": "WKR-0001",
                    "start": 20,
                    "end": 28,
                    "label": "개인정보"
                },
                {
                    "word": "010-1234-5678",
                    "start": 77,
                    "end": 90,
                    "label": "개인정보"
                },
                {
                    "word": "park.k@farmmail.com",
                    "start": 98,
                    "end": 117,
                    "label": "개인정보"
                }
            ]
        },
        {
            "sentence": "추가 인력 예시: worker_id=WKR-0002, name=윤대우, birthdate=1985-07-12, role=현장 작업자, work_hours=9.0(주간 교대 기록 포함).",
            "id": "sample_015_0097_000016",
            "annotations": [
                {
                    "word": "윤대우",
                    "start": 35,
                    "end": 38,
                    "label": "개인정보"
                },
                {
                    "word": "WKR-0002",
                    "start": 20,
                    "end": 28,
                    "label": "개인정보"
                },
                {
                    "word": "1985-07-12",
                    "start": 50,
                    "end": 60,
                    "label": "준식별자"
                }
            ]
        },
        {
            "sentence": "위치·소유권 보호: 공개 데이터에는 시군구 수준만 표기하며 본 필지는 행정구역 창원시 의창구에 해당하므로 접근 제어 정책을 적용합니다.",
            "id": "sample_015_0097_000017",
            "annotations": [
                {
                    "word": "창원시 의창구",
                    "start": 44,
                    "end": 51,
                    "label": "준식별자"
                }
            ]
        },
        {
            "sentence": "센서 노이즈 모델링 및 샘플링 정책: 5분·1시간 두 레벨로 수집하며, 이상값은 IQR 기반 필터로 라벨링하고 별도 컬럼에 이상치 사유를 기재합니다.",
            "id": "sample_015_0097_000018",
            "annotations": []
        },
        {
            "sentence": "공급망 연계: 포장 단계에서 batch_id가 제품 라벨에 인쇄되어 출하-운송 기록과 연동되며 온습도 이탈 시 자동 알림을 발생합니다.",
            "id": "sample_015_0097_000019",
            "annotations": []
        },
        {
            "sentence": "내부 감사 메모: 보조금 집행 및 회계 증빙은 내부서버에 보관되며 계좌번호 123-456-789012, 내부문서 URL https://intranet.farmcorp.local/records/harvest_2025.pdf, 서버IP 10.0.0.5는 내부기밀로 분류됩니다.",
            "id": "sample_015_0097_000020",
            "annotations": [
                {
                    "word": "123-456-789012",
                    "start": 42,
                    "end": 56,
                    "label": "기밀정보"
                },
                {
                    "word": "https://intranet.farmcorp.local/records/harvest_2025.pdf",
                    "start": 67,
                    "end": 123,
                    "label": "기밀정보"
                },
                {
                    "word": "10.0.0.5",
                    "start": 130,
                    "end": 138,
                    "label": "기밀정보"
                }
            ]
        },
        {
            "sentence": "보조금 관련 정보: 지급내역 예시 보조금: KRW 25,000,000(세부 집행내역은 권한 별 접근 통제 필요).",
            "id": "sample_015_0097_000021",
            "annotations": [
                {
                    "word": "KRW 25,000,000",
                    "start": 24,
                    "end": 38,
                    "label": "기밀정보"
                }
            ]
        },
        {
            "sentence": "외부 표준 매핑: GS1/EPCIS 호환을 위해 batch_id, eventTime(ISO 8601), location(GeoJSON), bizStep 매핑 필드를 설계했습니다.",
            "id": "sample_015_0097_000022",
            "annotations": []
        },
        {
            "sentence": "단위 일관성 로그: 수확량 kg->tonne 변환 예시 로그는 원시값과 변환식(kg/1000=tonne)을 함께 저장하여 감사 추적성을 보장합니다.",
            "id": "sample_015_0097_000023",
            "annotations": []
        },
        {
            "sentence": "계절성 반영: 기후대(온난습윤대)와 품종 특성에 따른 질소 요구량 보정 로직을 적용하고 보정 전후 값을 메타데이터로 보관합니다.",
            "id": "sample_015_0097_000024",
            "annotations": []
        },
        {
            "sentence": "조치 항목: 1) 저장온도 로그 분석 및 냉장설비 교체 필요(우선순위 높음), 2) 센서 동기화 주기 표준화, 3) 내부 접근권한 재검토(완료기한:2025-04-15T17:00:00+09:00).",
            "id": "sample_015_0097_000025",
            "annotations": []
        },
        {
            "sentence": "인증 변경 이력: 유기농 인증 관련 증빙 해시 sha256:3a7d9f8b2c4e5d6f7a8b9c0d1e2f3a4b5c6d7e8f9a0b1c2d3e4f5a6b7c8d9e0은 감사 레코드에 연결되어 있습니다.",
            "id": "sample_015_0097_000026",
            "annotations": []
        },
        {
            "sentence": "경제·계약 정보 보호: 계약서·가격·보조금 등 민감 재무정보는 암호화 저장과 역할 기반 접근 제어(RBAC)로 제한합니다.",
            "id": "sample_015_0097_000027",
            "annotations": []
        },
        {
            "sentence": "담당자 연락처(권한 문의): 담당자 최은후(내부 연락망을 통해 접근 권한 요청), 상세 개인 연락처는 내부 시스템에서 별도 요청으로 제공합니다.",
            "id": "sample_015_0097_000028",
            "annotations": [
                {
                    "word": "최은후",
                    "start": 20,
                    "end": 23,
                    "label": "개인정보"
                }
            ]
        },
        {
            "sentence": "문서 서명: 보고서 최종 검토자 박상욱, 검토일시=2025-03-30T14:20:00+09:00.",
            "id": "sample_015_0097_000029",
            "annotations": [
                {
                    "word": "박상욱",
                    "start": 18,
                    "end": 21,
                    "label": "개인정보"
                }
            ]
        }
    ]
}