{
    "document_id": "015_0067",
    "document_title": "춘천시 배추 재배 종합관리 및 추적성 보고서",
    "data": [
        {
            "sentence": "문서 개요: 본 문서는 농장 운영 및 생산 추적성, 토양·센서 데이터, 규제 준수 이력 등을 포함한 종합 관리 보고서입니다.",
            "id": "sample_015_0067_000001",
            "annotations": []
        },
        {
            "sentence": "문서 ID는 015_0067이며, 본 보고서는 2025-04-15T09:00:00+09:00에 생성되었습니다.",
            "id": "sample_015_0067_000002",
            "annotations": []
        },
        {
            "sentence": "농장 식별자(farm_id)는 FARM-2025-00067으로 내부 시스템과 GS1/EPCIS 매핑을 고려해 설계되었습니다.",
            "id": "sample_015_0067_000003",
            "annotations": []
        },
        {
            "sentence": "농장 소유자 정보: 소유자명은 류루하이며 법적 소유권 확인용으로 이름을 기록하였습니다.",
            "id": "sample_015_0067_000004",
            "annotations": [
                {
                    "word": "류루하",
                    "start": 17,
                    "end": 20,
                    "label": "개인정보"
                }
            ]
        },
        {
            "sentence": "농장 연락처는 010-1234-5678이며 대표 이메일은 ryuha@example.com으로 비상연락에 사용됩니다.",
            "id": "sample_015_0067_000005",
            "annotations": [
                {
                    "word": "010-1234-5678",
                    "start": 8,
                    "end": 21,
                    "label": "개인정보"
                },
                {
                    "word": "ryuha@example.com",
                    "start": 32,
                    "end": 49,
                    "label": "개인정보"
                }
            ]
        },
        {
            "sentence": "농장 소재지는 강원도 춘천시 동면으로 시·군·구·읍면 단위로 지자체 정보를 분리 보관합니다.",
            "id": "sample_015_0067_000006",
            "annotations": [
                {
                    "word": "강원도",
                    "start": 8,
                    "end": 11,
                    "label": "준식별자"
                },
                {
                    "word": "춘천시",
                    "start": 12,
                    "end": 15,
                    "label": "준식별자"
                },
                {
                    "word": "동면",
                    "start": 16,
                    "end": 18,
                    "label": "준식별자"
                }
            ]
        },
        {
            "sentence": "필지 정보(field_id)는 FIELD-67이며 필지 경계는 아래 GeoJSON(EPSG:4326)으로 제공됩니다: {\"type\":\"Feature\",\"geometry\":{\"type\":\"Polygon\",\"coordinates\":[[[127.12345,37.87654],[127.12445,37.87654],[127.12445,37.87554],[127.12345,37.87554],[127.12345,37.87654]]]},\"properties\":{\"area_ha\":1.0}}.",
            "id": "sample_015_0067_000007",
            "annotations": []
        },
        {
            "sentence": "재배 작물(crop_type)은 배추(Brassica rapa subsp. pekinensis)이며 품종은 '춘천조생'으로 재배 계획에 등록되어 있습니다.",
            "id": "sample_015_0067_000008",
            "annotations": []
        },
        {
            "sentence": "파종일은 2025-03-20T06:00:00+09:00이며 생장·관리·수확 일정은 파종→생장→수확의 시계열로 추적됩니다.",
            "id": "sample_015_0067_000009",
            "annotations": []
        },
        {
            "sentence": "예상 수량(expected_yield_kg)은 4,500 kg이며 실제 수확(actual_yield_kg)은 2025-10-12T14:30:00+09:00에 집계된 4,320 kg으로 계량 장비의 교정 로그와 연계해 검증됩니다.",
            "id": "sample_015_0067_000010",
            "annotations": []
        },
        {
            "sentence": "토양 검사 결과: pH 6.2, 총질소(실험법: Kjeldahl) 120 ppm, 시험일 2025-03-15T09:30:00+09:00, 샘플 위치는 필지 중심점으로 라벨링했습니다.",
            "id": "sample_015_0067_000011",
            "annotations": []
        },
        {
            "sentence": "관개 이력: 2025-04-01T05:00:00+09:00에 2,000 L, 2025-04-07T05:00:00+09:00에 1,800 L의 관개 이벤트가 기록되었습니다.",
            "id": "sample_015_0067_000012",
            "annotations": []
        },
        {
            "sentence": "농약 적용 기록: 2025-05-10T08:15:00+09:00에 제품명 '클린엔드'가 적용되었고 유효성분은 글리포세이트 360 g/L, 투입량 1.2 kg/ha로 표기됩니다.",
            "id": "sample_015_0067_000013",
            "annotations": []
        },
        {
            "sentence": "센서 네트워크는 토양수분·대기온습도·저장실 온도 등으로 구성되며 샘플링 간격은 토양수분 5분, 기상 1시간입니다.",
            "id": "sample_015_0067_000014",
            "annotations": []
        },
        {
            "sentence": "센서 리드아웃 예: 2025-04-15T08:00:00+09:00, sensor_id=SNS-01, type=soil_moisture, value=0.235, unit=m3/m3; 노이즈는 ±0.005이며 결측치는 선형 보간으로 처리됩니다.",
            "id": "sample_015_0067_000015",
            "annotations": []
        },
        {
            "sentence": "드론·위성 메타데이터: 수집시각 2025-04-14T10:22:00+09:00, 센서=Sentinel-2, cloud_cover=12%, 해상도=10 m, 관련 밴드 및 타일 정보는 아카이브 링크로 연결됩니다.",
            "id": "sample_015_0067_000016",
            "annotations": []
        },
        {
            "sentence": "기계 정비 로그: 2025-02-20, machine_id=TRACTOR-09, odometer_hours=412.5, 이슈=유압계통 누유, 정비 이력은 장비별 변경 이력 트랙을 유지합니다.",
            "id": "sample_015_0067_000017",
            "annotations": []
        },
        {
            "sentence": "수확물 배치 추적성: batch_id=BATCH-2025-067, 생산일 2025-10-12T15:00:00+09:00, 저장온도 기록 평균 2.8 °C, 허용범위 0-4 °C, 범위를 벗어난 샘플 없음.",
            "id": "sample_015_0067_000018",
            "annotations": []
        },
        {
            "sentence": "규격 및 인증: GlobalGAP 매핑 상태는 '진행중'이며 유기인증 유무는 certification_status='organic'로 표기됩니다.",
            "id": "sample_015_0067_000019",
            "annotations": []
        },
        {
            "sentence": "인증 변경 이력: 2024-11-01T09:00:00+09:00에 인증상태가 'none'에서 'organic'으로 변경되었고 증빙문서 해시는 sha256:3a7f...9b1e 및 문서 URL은 https://intranet.example.local/certs/015_0067.pdf 입니다.",
            "id": "sample_015_0067_000020",
            "annotations": [
                {
                    "word": "sha256:3a7f...9b1e",
                    "start": 79,
                    "end": 97,
                    "label": "기밀정보"
                },
                {
                    "word": "https://intranet.example.local/certs/015_0067.pdf",
                    "start": 108,
                    "end": 157,
                    "label": "기밀정보"
                }
            ]
        },
        {
            "sentence": "작업자 기록: worker_id=WKR-0001, 이름=엄송주, 역할=현장관리자, 근무시간(work_hours)=2025-04-01 ~ 2025-10-31 누적 1,120 h로 근태 로그와 연계됩니다.",
            "id": "sample_015_0067_000021",
            "annotations": [
                {
                    "word": "WKR-0001",
                    "start": 18,
                    "end": 26,
                    "label": "개인정보"
                },
                {
                    "word": "엄송주",
                    "start": 31,
                    "end": 34,
                    "label": "개인정보"
                }
            ]
        },
        {
            "sentence": "작업자 민감정보: 주민등록번호 등은 수집하지 않으며, 인력 관리에서는 익명화된 ID와 최소한의 준식별자만 저장합니다.",
            "id": "sample_015_0067_000022",
            "annotations": []
        },
        {
            "sentence": "보조금 및 계약정보: 2025년 지원보조금 총액은 50,000,000원이며 계약 단가는 내부기밀로 취급됩니다.",
            "id": "sample_015_0067_000023",
            "annotations": [
                {
                    "word": "50,000,000원",
                    "start": 28,
                    "end": 39,
                    "label": "기밀정보"
                }
            ]
        },
        {
            "sentence": "내부 결재 기록: 담당자 '엄송주'가 2025-03-30T16:45:00+09:00에 보조금 지급을 승인하였고 내부 결재선은 암호화된 로그로 보관됩니다.",
            "id": "sample_015_0067_000024",
            "annotations": []
        },
        {
            "sentence": "데이터 품질 제어: 센서 중복 레코드는 타임스탬프·sensor_id 조합으로 제거되며, 오류값(예: 온도=9999)은 이상치 필드(outlier_flag=true)로 표기합니다.",
            "id": "sample_015_0067_000025",
            "annotations": []
        },
        {
            "sentence": "저장·유통 온습도 모니터링: 운송 중 배치 BATCH-2025-067의 평균 온도 3.2 °C, 허용범위 초과 시 알림이 트리거됩니다.",
            "id": "sample_015_0067_000026",
            "annotations": []
        },
        {
            "sentence": "로그 및 감사 추적성: 모든 규정 문서와 데이터 변경 이력은 변경자, 변경시각 ISO 8601, 변경 전/후 값을 포함해 불변 로그로 보관됩니다.",
            "id": "sample_015_0067_000027",
            "annotations": []
        },
        {
            "sentence": "권장 조치: 인증서 증빙 업로드, 센서 교정 주기 준수, 보조금 관련 내부 접근 권한 재검토를 수행할 것을 권고합니다.",
            "id": "sample_015_0067_000028",
            "annotations": []
        }
    ]
}