{
    "document_id": "015_0021",
    "document_title": "2025 재배 시즌 통합 운영·추적성 보고서",
    "data": [
        {
            "sentence": "문서 개요: 본 보고서는 2025 재배 시즌의 재배 계획, 현장 관측, 추적성 기록 및 감사 증빙을 통합하여 제공합니다.",
            "id": "sample_015_0021_000001",
            "annotations": []
        },
        {
            "sentence": "관리 대상 농장 식별자는 FARM-2025-001이며, 주요 필지 정보는 GeoJSON으로 저장(EPSG:4326)되어 위치 기반 분석과 GIS 맵핑에 사용됩니다; 필지 행정구역은 전라남도 나주시로 분류됩니다.",
            "id": "sample_015_0021_000002",
            "annotations": [
                {
                    "word": "전라남도 나주시",
                    "start": 101,
                    "end": 109,
                    "label": "준식별자"
                }
            ]
        },
        {
            "sentence": "필지 경계(GeoJSON, EPSG:4326): {\"type\":\"Polygon\",\"coordinates\":[[[126.7175,35.0214],[126.7180,35.0210],[126.7170,35.0205],[126.7175,35.0214]]]}로 저장되어 있습니다.",
            "id": "sample_015_0021_000003",
            "annotations": [
                {
                    "word": "[[[126.7175,35.0214],[126.7180,35.0210],[126.7170,35.0205],[126.7175,35.0214]]]",
                    "start": 59,
                    "end": 138,
                    "label": "준식별자"
                }
            ]
        },
        {
            "sentence": "재배 작물은 배추(crop_type: Brassica rapa), 품종은 'Namhae-45'로 등록되었습니다.",
            "id": "sample_015_0021_000004",
            "annotations": []
        },
        {
            "sentence": "파종(planting_date)은 2025-04-10T09:00:00+09:00에 실시하였으며, 파종 관련 로깅은 ISO 8601 타임스탬프와 함께 보관됩니다.",
            "id": "sample_015_0021_000005",
            "annotations": [
                {
                    "word": "2025-04-10T09:00:00+09:00",
                    "start": 19,
                    "end": 44,
                    "label": "준식별자"
                }
            ]
        },
        {
            "sentence": "예상 수확량(expected_yield_kg)은 15,000 kg(단위: kg)으로 예측되었으며, 실제 수확(actual_yield_kg)은 14,820 kg으로 검수되었습니다; 수확 일시는 2025-09-18T14:00:00+09:00입니다.",
            "id": "sample_015_0021_000006",
            "annotations": [
                {
                    "word": "2025-09-18T14:00:00+09:00",
                    "start": 107,
                    "end": 132,
                    "label": "준식별자"
                }
            ]
        },
        {
            "sentence": "토양 검사 샘플은 2025-03-30T10:30:00+09:00에 채취되었으며, 분석 결과는 pH 5.8, 총질소(N) 32 ppm으로 기록되었습니다; 시험 방법과 장비는 메타데이터에 명시되어 있습니다.",
            "id": "sample_015_0021_000007",
            "annotations": [
                {
                    "word": "2025-03-30T10:30:00+09:00",
                    "start": 10,
                    "end": 35,
                    "label": "준식별자"
                }
            ]
        },
        {
            "sentence": "관개 이벤트는 2025-05-01T06:00:00+09:00에 5,000 L를 공급하였고, 현장 관개 밸브 로그와 펌프 전류 프로파일이 연계 저장됩니다.",
            "id": "sample_015_0021_000008",
            "annotations": [
                {
                    "word": "2025-05-01T06:00:00+09:00",
                    "start": 8,
                    "end": 33,
                    "label": "준식별자"
                }
            ]
        },
        {
            "sentence": "추가 관개 이벤트는 2025-05-08T06:00:00+09:00에 5,200 L를 기록하였으며, 관개 수량 단위는 L로 통일되어 변환 로그가 유지됩니다.",
            "id": "sample_015_0021_000009",
            "annotations": [
                {
                    "word": "2025-05-08T06:00:00+09:00",
                    "start": 11,
                    "end": 36,
                    "label": "준식별자"
                }
            ]
        },
        {
            "sentence": "농약 적용 기록: 2025-05-15T07:15:00+09:00 적용, 제품명 'AgriSafe-Pro', 유효성분: lambda-cyhalothrin 10%, 투입량: 0.8 kg/ha로 표준화되어 저장됩니다.",
            "id": "sample_015_0021_000010",
            "annotations": [
                {
                    "word": "2025-05-15T07:15:00+09:00",
                    "start": 10,
                    "end": 35,
                    "label": "준식별자"
                }
            ]
        },
        {
            "sentence": "현장 센서(sensor_id: S-TH-01, type: soil_moisture/temperature)는 1시간 간격 샘플링으로 2025-06-01T00:00:00+09:00, 2025-06-01T01:00:00+09:00, 2025-06-01T02:00:00+09:00의 시계열을 제공하며, 2025-06-01T03:00:00+09:00 관측치는 결측으로 표기되었습니다.",
            "id": "sample_015_0021_000011",
            "annotations": [
                {
                    "word": "2025-06-01T00:00:00+09:00",
                    "start": 73,
                    "end": 98,
                    "label": "준식별자"
                },
                {
                    "word": "2025-06-01T01:00:00+09:00",
                    "start": 100,
                    "end": 125,
                    "label": "준식별자"
                },
                {
                    "word": "2025-06-01T02:00:00+09:00",
                    "start": 127,
                    "end": 152,
                    "label": "준식별자"
                },
                {
                    "word": "2025-06-01T03:00:00+09:00",
                    "start": 165,
                    "end": 190,
                    "label": "준식별자"
                }
            ]
        },
        {
            "sentence": "위성 메타데이터: acquisition_time=2025-06-05T10:12:00+09:00, sensor=Sentinel-2, cloud_cover=12%, 해상도=10m이며, 이미지는 별도 저장소의 해시와 연결됩니다.",
            "id": "sample_015_0021_000012",
            "annotations": [
                {
                    "word": "2025-06-05T10:12:00+09:00",
                    "start": 27,
                    "end": 52,
                    "label": "준식별자"
                }
            ]
        },
        {
            "sentence": "기계 정비 로그: 일시 2025-07-02T09:00:00+09:00, machine_id=TRACTOR-03, odometer_hours=1,245.6 h, 이슈='유압 누유', 보고자=홍시언으로 등록되어 추후 감사 추적이 가능합니다.",
            "id": "sample_015_0021_000013",
            "annotations": [
                {
                    "word": "2025-07-02T09:00:00+09:00",
                    "start": 13,
                    "end": 38,
                    "label": "준식별자"
                },
                {
                    "word": "홍시언",
                    "start": 105,
                    "end": 108,
                    "label": "개인정보"
                }
            ]
        },
        {
            "sentence": "로트 추적성: batch_id=BATCH-2025-0007, produced_date=2025-09-19T16:30:00+09:00, 저장 온도 기록=12.5 °C로 허용 범위(5~8 °C)를 벗어나 경고 플래그가 생성되었습니다.",
            "id": "sample_015_0021_000014",
            "annotations": [
                {
                    "word": "2025-09-19T16:30:00+09:00",
                    "start": 48,
                    "end": 73,
                    "label": "준식별자"
                }
            ]
        },
        {
            "sentence": "인증 상태: 유기농 인증(certification_status: organic) 보유, 증빙 문서(내부 URL 및 해시) 연결: https://intranet.agri.local/docs/cert_2025.pdf, sha256:3a7f6b8c9d2e4f6a1b2c3d4e5f67890123456789abcdef0123456789abcdef0.",
            "id": "sample_015_0021_000015",
            "annotations": [
                {
                    "word": "https://intranet.agri.local/docs/cert_2025.pdf",
                    "start": 72,
                    "end": 118,
                    "label": "기밀정보"
                },
                {
                    "word": "sha256:3a7f6b8c9d2e4f6a1b2c3d4e5f67890123456789abcdef0123456789abcdef0",
                    "start": 120,
                    "end": 190,
                    "label": "기밀정보"
                }
            ]
        },
        {
            "sentence": "농장 직원 기록: worker_id=W-1001, name=엄세용, role=tractor_operator, 기록 일시=2025-06-15T08:00:00+09:00, 근무 시간(work_hours)=8.5로 근무 로그와 급여 연동 메타데이터가 존재합니다.",
            "id": "sample_015_0021_000016",
            "annotations": [
                {
                    "word": "W-1001",
                    "start": 20,
                    "end": 26,
                    "label": "개인정보"
                },
                {
                    "word": "엄세용",
                    "start": 33,
                    "end": 36,
                    "label": "개인정보"
                },
                {
                    "word": "2025-06-15T08:00:00+09:00",
                    "start": 67,
                    "end": 92,
                    "label": "준식별자"
                }
            ]
        },
        {
            "sentence": "공급망 계약 관련(기밀): 계약 금액은 45,000,000원으로 기록되어 있으며, 접근 제어와 암호화(필드별 키 관리)가 적용됩니다.",
            "id": "sample_015_0021_000017",
            "annotations": [
                {
                    "word": "45,000,000원",
                    "start": 22,
                    "end": 33,
                    "label": "기밀정보"
                }
            ]
        },
        {
            "sentence": "보조금 지급 내역(기밀): 보조금 총액 12,500,000원은 내부 회계 시스템과 연계되어 감사 로그가 유지됩니다.",
            "id": "sample_015_0021_000018",
            "annotations": [
                {
                    "word": "12,500,000원",
                    "start": 22,
                    "end": 33,
                    "label": "기밀정보"
                }
            ]
        },
        {
            "sentence": "데이터 품질 관리: 센서 노이즈는 Gaussian(μ=0, σ=0.03) 모델로 시뮬레이션하였고, 결측·중복·이상치는 ETL 파이프라인에서 표준화 규칙으로 처리되었습니다.",
            "id": "sample_015_0021_000019",
            "annotations": []
        },
        {
            "sentence": "단위 변환 로그: tonne→kg 변환(1 t = 1,000 kg) 및 L↔m3 변환은 변환 ID와 함께 감사 가능하게 기록됩니다(변환 ID: CV-2025-004).",
            "id": "sample_015_0021_000020",
            "annotations": []
        },
        {
            "sentence": "감사 변경 이력: 변경 일시 2025-08-01T11:45:00+09:00, 변경자=노낙현, 내부 변경 로그 URL=https://intranet.agri.local/change_log/015_0021, change_hash=sha256:9b1d4e5f6a7b8c9d0e1f234567890abcdef1234567890abcdef1234567890ab로 연계됩니다.",
            "id": "sample_015_0021_000021",
            "annotations": [
                {
                    "word": "2025-08-01T11:45:00+09:00",
                    "start": 16,
                    "end": 41,
                    "label": "준식별자"
                },
                {
                    "word": "노낙현",
                    "start": 47,
                    "end": 50,
                    "label": "개인정보"
                },
                {
                    "word": "https://intranet.agri.local/change_log/015_0021",
                    "start": 65,
                    "end": 112,
                    "label": "기밀정보"
                },
                {
                    "word": "sha256:9b1d4e5f6a7b8c9d0e1f234567890abcdef1234567890abcdef1234567890ab",
                    "start": 126,
                    "end": 196,
                    "label": "기밀정보"
                }
            ]
        },
        {
            "sentence": "표준 연동: GS1/EPCIS 매핑 필드(schema)와의 호환을 위해 batch_id, eventTime(ISO 8601), readPoint, bizLocation 등을 메타데이터에 포함하여 상호운용성을 확보합니다.",
            "id": "sample_015_0021_000022",
            "annotations": []
        },
        {
            "sentence": "계절성·지리 특성 메모: 해수면 영향권과 기후대를 고려하여 모델 보정치가 적용되었으며, 편향 보정 로그가 데이터셋에 포함됩니다.",
            "id": "sample_015_0021_000023",
            "annotations": []
        },
        {
            "sentence": "추가 권고 및 액션 아이템: 품질경보가 발생한 로트에 대해 재검사 실시 및 저장관리 SOP 업데이트를 권고합니다; 담당자 연락 및 승인 라인에 서희우를 포함하여 후속 조치 예정입니다.",
            "id": "sample_015_0021_000024",
            "annotations": [
                {
                    "word": "서희우",
                    "start": 80,
                    "end": 83,
                    "label": "개인정보"
                }
            ]
        },
        {
            "sentence": "보안 정책 요약: 민감 재무·계약 정보는 암호화 키로 보호되고 접근 제어 로그가 유지됩니다; 모든 기밀 필드에는 감사 가능성(audit trail)과 증빙 해시 연결이 필수입니다.",
            "id": "sample_015_0021_000025",
            "annotations": []
        }
    ]
}