{
    "document_id": "032_0060",
    "document_title": "멀티플레이어 온라인 게임 운영·분석 데이터 설계 및 보존 정책 문서",
    "data": [
        {
            "sentence": "본 문서는 게임 및 인터랙티브 엔터테인먼트 도메인에서 생성되는 메타데이터, 텔레메트리, 매출·경제, 서버·매치메이킹, 모더레이션 로그의 통합 설계와 보존·삭제 정책을 기술합니다.",
            "id": "sample_032_0060_000001",
            "annotations": []
        },
        {
            "sentence": "대상 게임은 game_id: GME-032-0060, title: '네온아레나', genre: '멀티플레이 액션', platform: ['PC', 'Mobile', 'Console']로 정의되어 있습니다.",
            "id": "sample_032_0060_000002",
            "annotations": []
        },
        {
            "sentence": "개발사: NeonForge Studios, publisher: LumenGames, release_date: 2024-11-15T00:00:00+09:00, version: 1.4.2, build_hash: sha1:af3b7c9e 작성으로 메타데이터를 관리합니다.",
            "id": "sample_032_0060_000003",
            "annotations": []
        },
        {
            "sentence": "스키마 관리는 semantic versioning을 사용하며 현재 schema_version: 2.1.0이며, 마이너 변경은 역호환을 보장하고 메이저 변경은 migration 가이드를 동봉합니다.",
            "id": "sample_032_0060_000004",
            "annotations": []
        },
        {
            "sentence": "유저 식별자는 PII를 직접 저장하지 않고 해시화된 식별자를 사용합니다; 예시 user_review 엔트리에서 user_id: sha256:3f5b1f7a9c6d8e2f 가 사용됩니다.",
            "id": "sample_032_0060_000005",
            "annotations": [
                {
                    "word": "sha256:3f5b1f7a9c6d8e2f",
                    "start": 71,
                    "end": 94,
                    "label": "개인정보"
                }
            ]
        },
        {
            "sentence": "클라이언트 장치 식별자는 device_id: sha256:9b2a7c4e1d6f8a0b 형태로 해시 처리하고, 프로파일 준식별자 예시로 birth_date: 1992-04-07 값을 분리 보관합니다.",
            "id": "sample_032_0060_000006",
            "annotations": [
                {
                    "word": "sha256:9b2a7c4e1d6f8a0b",
                    "start": 25,
                    "end": 48,
                    "label": "개인정보"
                },
                {
                    "word": "1992-04-07",
                    "start": 88,
                    "end": 98,
                    "label": "준식별자"
                }
            ]
        },
        {
            "sentence": "텔레메트리 요약은 telemetry.player_count: 12,345, telemetry.avg_session_minutes: 34.6, telemetry.daily_active_users: 45,120 같은 KPI를 초단위·분단위 집계와 일별 롤업으로 제공합니다.",
            "id": "sample_032_0060_000007",
            "annotations": []
        },
        {
            "sentence": "서버 통계는 server_stats.region: ['ap-northeast-1', 'eu-west-1'], server_stats.latency_ms: {ap-northeast-1: 42, eu-west-1: 128}으로 표기하며 지역 메타데이터는 지역 단위로 보존 정책을 분리합니다.",
            "id": "sample_032_0060_000008",
            "annotations": []
        },
        {
            "sentence": "매치메이킹 지연과 큐 대기시간은 matchmaking.queue_time_ms: P50=230, P95=1200으로 수집하며 실시간 스트리밍(예: 1% 샘플)과 전체 집계의 라벨을 명확히 구분합니다.",
            "id": "sample_032_0060_000009",
            "annotations": []
        },
        {
            "sentence": "운영 인프라의 민감 항목 예시는 server_ip: 10.0.4.12 와 같은 내부 엔드포인트 및 latency 로그로, 이러한 정보는 기밀정보로 최소 권한 접근만 허용합니다.",
            "id": "sample_032_0060_000010",
            "annotations": [
                {
                    "word": "10.0.4.12",
                    "start": 29,
                    "end": 38,
                    "label": "기밀정보"
                }
            ]
        },
        {
            "sentence": "아티팩트 및 내부 저장소 경로는 internal_repo_path: /srv/internal/builds/032_prod 처럼 내부 경로로 기록되며 이 값들은 기밀정보 분류 하에 별도 암호화 저장합니다.",
            "id": "sample_032_0060_000011",
            "annotations": [
                {
                    "word": "/srv/internal/builds/032_prod",
                    "start": 38,
                    "end": 67,
                    "label": "기밀정보"
                }
            ]
        },
        {
            "sentence": "관리자 콘솔 URL 예시 admin_console_url: https://admin.internal.example.local 은 내부 접속 제어 로그의 일부로 기밀정보로 분류되어야 합니다.",
            "id": "sample_032_0060_000012",
            "annotations": [
                {
                    "word": "https://admin.internal.example.local",
                    "start": 33,
                    "end": 69,
                    "label": "기밀정보"
                }
            ]
        },
        {
            "sentence": "분석 이벤트는 analytics_events: {match_start: 1234567, purchase_flow_initiated: 23456, achievement_unlocked: 345678} 형태로 집계되어 A/B 테스트 및 밸런싱에 활용됩니다.",
            "id": "sample_032_0060_000013",
            "annotations": []
        },
        {
            "sentence": "인앱 구매는 in_app_purchases: [{item_id: 'skin_neon_blade', price: 4.99, quantity: 12456}]로 집계하며 결제·청구 데이터는 PCI-DSS 요건에 따라 별도 격리 및 암호화 저장합니다.",
            "id": "sample_032_0060_000014",
            "annotations": []
        },
        {
            "sentence": "수익 지표는 monetization_metrics.ARPU: 1.12, monetization_metrics.ARPPU: 24.3 등으로 보고되며 지역 및 플랫폼별 분해도도 제공됩니다.",
            "id": "sample_032_0060_000015",
            "annotations": []
        },
        {
            "sentence": "유저 리뷰 샘플은 user_reviews: [{user_id: 'sha256:3f5b1f7a9c6d8e2f', rating: 4, text: '매우 재밌습니다', language: 'ko', timestamp: '2025-01-10T09:12:00+09:00'}] 형태로 보관합니다.",
            "id": "sample_032_0060_000016",
            "annotations": [
                {
                    "word": "sha256:3f5b1f7a9c6d8e2f",
                    "start": 36,
                    "end": 59,
                    "label": "개인정보"
                }
            ]
        },
        {
            "sentence": "크래시 리포트는 crash_reports: [{crash_id: 'cr_000123', timestamp: '2025-01-12T02:45:00+09:00', affected_builds: ['1.4.2'], stack_trace_summary: 'NullPointer in MatchManager', occurrence_count: 312}]로 요약 저장합니다.",
            "id": "sample_032_0060_000017",
            "annotations": []
        },
        {
            "sentence": "업적과 리더보드는 achievements: [{id: 'ach_telefrag_100', name: '터보킬러', criteria: '100킬 달성'}], leaderboards: [{mode: 'ranked_solo', top_scores: [12500,12450,12380]}]로 관리됩니다.",
            "id": "sample_032_0060_000018",
            "annotations": []
        },
        {
            "sentence": "로컬라이제이션 항목 localization: [{locale: 'ko-KR', percent_translated: 98}, {locale: 'en-US', percent_translated: 100}]과 콘텐츠 제한 플래그를 별도로 표기합니다.",
            "id": "sample_032_0060_000019",
            "annotations": []
        },
        {
            "sentence": "모더레이션 플래그는 moderation_flags: [{item_id: 'chat_000987', flag_type: 'hate_speech', severity: 'high', timestamp: '2025-01-11T14:22:00+09:00'}]로 적재하되 채팅 원문은 접근 통제된 로그에만 보관합니다.",
            "id": "sample_032_0060_000020",
            "annotations": []
        },
        {
            "sentence": "치트·봇 탐지 관련 지표는 별도 민감 레이어로 분류되며 최소 권한 원칙과 감사 추적을 적용하여 로그에 민감정보가 남지 않도록 처리합니다.",
            "id": "sample_032_0060_000021",
            "annotations": []
        },
        {
            "sentence": "플랫폼별 정책을 반영하여 Apple/Google/Steam의 메타데이터·광고·인앱결제 규칙을 준수하고, 지역 규제(GDPR, CCPA, COPPA 등)에 따라 데이터 최소 보유 및 삭제 로직을 구현합니다.",
            "id": "sample_032_0060_000022",
            "annotations": []
        },
        {
            "sentence": "보존 정책 예시는 EU: 개인 로그 12개월, 합계 지표 영구 보관; US: 개인 로그 24개월; COPPA 적용 대상 아동 데이터는 즉시 삭제 또는 부모 동의 처리를 요구합니다.",
            "id": "sample_032_0060_000023",
            "annotations": []
        },
        {
            "sentence": "데이터 수집 시 모든 타임스탬프는 ISO 8601 형식으로 표기하며 예시: '2025-01-15T13:00:00+09:00' 와 같이 타임존을 명시합니다.",
            "id": "sample_032_0060_000024",
            "annotations": []
        },
        {
            "sentence": "합성 데이터에는 privacy_flags.synthetic=true 태그를 부여하여 실제 데이터와 명확히 구분하며, 이 문서의 샘플 데이터는 해당 태그를 포함하는 합성 예시입니다.",
            "id": "sample_032_0060_000025",
            "annotations": []
        },
        {
            "sentence": "데이터 파이프라인은 실시간 스트리밍을 위해 Kafka 기반 토픽으로 이벤트를 전달하고, batch ETL은 하루 단위 롤업을 생성하여 비용·성능 트레이드오프를 조정합니다.",
            "id": "sample_032_0060_000026",
            "annotations": []
        },
        {
            "sentence": "민감·기밀 정보는 KMS로 암호화 저장하고 접근 제어는 RBAC와 IAM 정책을 결합하여 로그와 감사 항목을 남깁니다; 단, 로그에는 개인을 식별할 수 있는 PII가 남지 않도록 마스킹합니다.",
            "id": "sample_032_0060_000027",
            "annotations": []
        },
        {
            "sentence": "데이터 소비자(데이터 분석가, ML 엔지니어, 게임 운영팀)는 제공된 스키마와 샘플을 바로 활용할 수 있도록 필드 설명과 예시 쿼리, 샘플 파이프라인 구성을 부록으로 제공합니다.",
            "id": "sample_032_0060_000028",
            "annotations": []
        }
    ]
}