{
    "document_id": "032_0089",
    "document_title": "게임 플랫폼 통합 텔레메트리 및 개인정보·보안 관리 지침 (합성 샘플)",
    "data": [
        {
            "sentence": "이 문서는 게임 및 인터랙티브 엔터테인먼트 도메인의 합성 데이터 설계와 운영 지침을 기술한 실무 문서로서 privacy_flags.synthetic=true로 태깅된 샘플을 포함합니다.",
            "id": "sample_032_0089_000001",
            "annotations": []
        },
        {
            "sentence": "문서는 소개, 상세 본문, 결론 및 실행 항목으로 구성되며 각 섹션은 데이터 소비자(분석가, ML 엔지니어, 운영팀)가 바로 활용할 수 있는 샘플 스키마와 설명을 포함합니다.",
            "id": "sample_032_0089_000002",
            "annotations": []
        },
        {
            "sentence": "대상 시스템은 PC/콘솔/모바일/클라우드 플랫폼을 포함하며 Apple, Google, Steam 정책과 지역 규제(GDPR, CCPA, COPPA)를 반영합니다.",
            "id": "sample_032_0089_000003",
            "annotations": []
        },
        {
            "sentence": "샘플 메타데이터 예시는 game_id=game_omega_001, title=\"Nightfall Arena\", genre=\"MOBA\", platform=[\"PC\",\"Mobile\"], developer=\"Studio Omega\", publisher=\"Omega Publish\" 형태로 표기합니다.",
            "id": "sample_032_0089_000004",
            "annotations": []
        },
        {
            "sentence": "버전 관리는 version=1.4.2, build_hash=3f8a1b9e7c4d 및 release_date=2024-11-15T00:00:00+09:00와 같이 ISO 8601 타임스탬프와 빌드 해시를 명시합니다.",
            "id": "sample_032_0089_000005",
            "annotations": [
                {
                    "word": "build_hash=3f8a1b9e7c4d",
                    "start": 22,
                    "end": 45,
                    "label": "기밀정보"
                }
            ]
        },
        {
            "sentence": "스키마는 schema_version=\"2.1.0\"(semantic versioning)을 사용하며 하위 호환성은 minor/patch 업그레이드로 보장되고 major 변경 시 변환 레이어를 제공합니다.",
            "id": "sample_032_0089_000006",
            "annotations": []
        },
        {
            "sentence": "사용자 식별자는 원본 PII를 포함하지 않으며 예시로 user_hash:sha256:9f86d081884c7d659a2feaa0c55ad015a3bf4f1b2b0b822cd15d6c15b0f00a08 형태의 해시를 사용합니다.",
            "id": "sample_032_0089_000007",
            "annotations": [
                {
                    "word": "user_hash:sha256:9f86d081884c7d659a2feaa0c55ad015a3bf4f1b2b0b822cd15d6c15b0f00a08",
                    "start": 30,
                    "end": 111,
                    "label": "개인정보"
                }
            ]
        },
        {
            "sentence": "추가 식별자 예시는 user_hash:sha256:2c26b46b68ffc68ff99b453c1d30413413422f1644b2c3b7a0eaf0a6b1b47f32 처럼 암호화·해시로 표기하고 원본 매핑은 별도 토큰화 저장소에 격리합니다.",
            "id": "sample_032_0089_000008",
            "annotations": [
                {
                    "word": "user_hash:sha256:2c26b46b68ffc68ff99b453c1d30413413422f1644b2c3b7a0eaf0a6b1b47f32",
                    "start": 11,
                    "end": 92,
                    "label": "개인정보"
                }
            ]
        },
        {
            "sentence": "준식별자 항목 예시는 birth_year=1992 및 age_bucket=\"25-34\"처럼 날짜는 연도 단위로 분리해 저장하고 필요 시 추가 가명처리를 적용합니다.",
            "id": "sample_032_0089_000009",
            "annotations": [
                {
                    "word": "birth_year=1992",
                    "start": 12,
                    "end": 27,
                    "label": "준식별자"
                }
            ]
        },
        {
            "sentence": "지역 정보는 지역 규제 준수를 위해 시/군/구 단위로 분리 표기하며 예시로 region_city=서울특별시, region_district=종로구와 같이 처리합니다.",
            "id": "sample_032_0089_000010",
            "annotations": [
                {
                    "word": "region_city=서울특별시",
                    "start": 42,
                    "end": 59,
                    "label": "준식별자"
                }
            ]
        },
        {
            "sentence": "런타임 텔레메트리는 초단위 스트리밍 샘플(예: events_sample_rate=0.01)과 완전 집계(일별 롤업)를 동시에 저장하며 sample_rate와 집계 스키마를 명시합니다.",
            "id": "sample_032_0089_000011",
            "annotations": []
        },
        {
            "sentence": "서버 통계는 server_stats.region=\"ap-northeast-2\", server_stats.latency_ms=85 및 내부 관리용 server_ip=10.42.16.5 같은 항목을 포함하나 내부 IP는 기밀로 최소 권한 접근만 허용합니다.",
            "id": "sample_032_0089_000012",
            "annotations": [
                {
                    "word": "server_ip=10.42.16.5",
                    "start": 81,
                    "end": 101,
                    "label": "기밀정보"
                }
            ]
        },
        {
            "sentence": "운영 관련 기밀 자산 예시는 내부 경로 internal_path=/srv/game_assets/secret_config.yaml 및 비공개 문서 경로를 포함하며 외부 노출을 엄격히 금지합니다.",
            "id": "sample_032_0089_000013",
            "annotations": [
                {
                    "word": "internal_path=/srv/game_assets/secret_config.yaml",
                    "start": 22,
                    "end": 71,
                    "label": "기밀정보"
                }
            ]
        },
        {
            "sentence": "매치메이킹 메트릭은 matchmaking.queue_time_ms.p95=142, active_matches=1278, 매치 실패율 및 재매칭 시간 지표를 포함합니다.",
            "id": "sample_032_0089_000014",
            "annotations": []
        },
        {
            "sentence": "텔레메트리 요약 예시는 telemetry.player_count=18642, telemetry.avg_session_minutes=34.7, telemetry.daily_active_users=4521 같은 집계 필드를 제공합니다.",
            "id": "sample_032_0089_000015",
            "annotations": []
        },
        {
            "sentence": "분석 이벤트 카운트는 analytics_events:{login:45210, match_start:23145, purchase_attempt:912} 형태로 초/분 집계와 일별 롤업을 병기합니다.",
            "id": "sample_032_0089_000016",
            "annotations": []
        },
        {
            "sentence": "인앱 구매 샘플은 in_app_purchases:[{item_id:\"skin_emerald\", price_usd:2.99, quantity:124}, {item_id:\"gems_500\", price_usd:4.99, quantity:87}] 형식입니다.",
            "id": "sample_032_0089_000017",
            "annotations": []
        },
        {
            "sentence": "수익 지표는 monetization_metrics.ARPU=1.45, monetization_metrics.ARPPU=12.7로 표기하며 통화는 ISO 4217을 사용합니다.",
            "id": "sample_032_0089_000018",
            "annotations": []
        },
        {
            "sentence": "유저 리뷰 샘플은 user_reviews:[{user_id:\"user_hash:sha256:9f86d081884c7d659a2feaa0c55ad015a3bf4f1b2b0b822cd15d6c15b0f00a08\", rating:4, text:\"밸런스 개선이 필요합니다.\", language:\"ko\", timestamp:\"2025-01-02T10:00:00+09:00\"}]로 익명화된 user_id를 사용합니다.",
            "id": "sample_032_0089_000019",
            "annotations": [
                {
                    "word": "user_hash:sha256:9f86d081884c7d659a2feaa0c55ad015a3bf4f1b2b0b822cd15d6c15b0f00a08",
                    "start": 34,
                    "end": 115,
                    "label": "개인정보"
                }
            ]
        },
        {
            "sentence": "크래시 리포트는 crash_reports:[{crash_id:\"cr_0001\", timestamp:\"2025-01-03T03:21:00+09:00\", affected_builds:[\"1.4.2\"], stack_trace_summary:\"NullPointer in Matchmaker::allocate\", occurrence_count:78}] 형태로 민감한 로그는 PII를 제거해 저장합니다.",
            "id": "sample_032_0089_000020",
            "annotations": []
        },
        {
            "sentence": "성취 및 리더보드 예시는 achievements:[{id:\"ach_100\", name:\"First Blood\", criteria:\"첫 킬 달성\"}], leaderboards:[{mode:\"solo\", top_scores:[{user_hash:\"user_hash:sha256:2c26b46b68ffc68ff99b453c1d30413413422f1644b2c3b7a0eaf0a6b1b47f32\", score:1920}]}]입니다.",
            "id": "sample_032_0089_000021",
            "annotations": [
                {
                    "word": "user_hash:sha256:2c26b46b68ffc68ff99b453c1d30413413422f1644b2c3b7a0eaf0a6b1b47f32",
                    "start": 136,
                    "end": 217,
                    "label": "개인정보"
                }
            ]
        },
        {
            "sentence": "로컬라이제이션 필드는 localization:[{locale:\"ko-KR\", percent_translated:0.98}, {locale:\"en-US\", percent_translated:1.00}]로 문자셋, 타임존, 문화적 제한 플래그를 함께 명시합니다.",
            "id": "sample_032_0089_000022",
            "annotations": []
        },
        {
            "sentence": "모더레이션 플래그는 moderation_flags:[{item_id:\"chat_12345\", flag_type:\"abuse\", severity:\"high\", timestamp:\"2025-01-04T12:12:00+09:00\"}]로 메타데이터만 저장하고 원문은 규정에 따라 삭제 또는 가명처리합니다.",
            "id": "sample_032_0089_000023",
            "annotations": []
        },
        {
            "sentence": "치트·봇 지표는 접근 제어 대상이며 치트 점수, 행동 패턴은 최소 권한으로 제한된 로그저장소에 암호화되어 저장됩니다.",
            "id": "sample_032_0089_000024",
            "annotations": []
        },
        {
            "sentence": "플랫폼별 및 지역별 데이터 보존 정책은 Apple/Google/Steam 정책과 GDPR, COPPA 요건에 따라 EU 사용자 데이터는 13개월 보존, 미성년자 관련 로그는 즉시 삭제 규칙을 권고합니다.",
            "id": "sample_032_0089_000025",
            "annotations": []
        },
        {
            "sentence": "결제 관련 데이터는 PCI-DSS에 따라 별도 격리 저장소에 암호화 보관하며 트랜잭션 원본은 토큰화하여 분석 데이터와 분리합니다.",
            "id": "sample_032_0089_000026",
            "annotations": []
        },
        {
            "sentence": "운영 응답 계획에는 실시간 스트리밍 장애 대응, 오토스케일 트리거, 로그 롤링 정책 및 장기 아카이빙을 위한 비용-성능 트레이드오프 설계가 포함됩니다.",
            "id": "sample_032_0089_000027",
            "annotations": []
        },
        {
            "sentence": "추진 항목으로는 1) 스키마 버전 정책 문서화, 2) PII 매핑 키의 키관리 및 격리, 3) 치트 지표의 최소 권한 접근 제어 구현을 권고합니다.",
            "id": "sample_032_0089_000028",
            "annotations": []
        },
        {
            "sentence": "추가적으로 보안 감사를 위한 기밀 자산 목록에는 내부 서비스 식별자, 비공개 엔드포인트, 내부 구성 파일 경로 등을 포함하고 주기적 권한 검토를 권장합니다.",
            "id": "sample_032_0089_000029",
            "annotations": []
        },
        {
            "sentence": "이 문서의 모든 예시는 합성 데이터로 privacy_flags.synthetic=true가 적용되었으며 실제 PII는 포함하지 않았고 필요 시 해시 또는 토큰화된 식별자를 사용했습니다.",
            "id": "sample_032_0089_000030",
            "annotations": []
        }
    ]
}