{
    "document_id": "032_0057",
    "document_title": "게임 데이터 아키텍처 및 운영 가이드: 텔레메트리·프라이버시·정책 샘플",
    "data": [
        {
            "sentence": "본 문서는 게임 및 인터랙티브 엔터테인먼트 서비스의 데이터 아키텍처와 운영 규정, 텔레메트리 샘플을 설명하기 위해 작성되었습니다.",
            "id": "sample_032_0057_000001",
            "annotations": []
        },
        {
            "sentence": "문서 ID는 032_0057이며 모든 샘플 데이터는 privacy_flags.synthetic=true로 태깅되어 실제 데이터와 구분됩니다.",
            "id": "sample_032_0057_000002",
            "annotations": []
        },
        {
            "sentence": "샘플 게임 메타데이터는 game_id: game_032_0057, title: '아스트랄런: 오퍼레이션', genre: 'MMO', platform: ['PC','Mobile','Console'] 형식으로 제공됩니다.",
            "id": "sample_032_0057_000003",
            "annotations": []
        },
        {
            "sentence": "개발사와 배급사는 개발자ID 및 배급사ID로 표기하고 공개된 담당자명은 포함하지 않으며 연락처는 토큰화 또는 제거됩니다.",
            "id": "sample_032_0057_000004",
            "annotations": []
        },
        {
            "sentence": "릴리스일은 ISO 8601 형식으로 표기하며 예시로 release_date: 2024-11-15T00:00:00+09:00를 사용합니다.",
            "id": "sample_032_0057_000005",
            "annotations": []
        },
        {
            "sentence": "빌드 식별자는 version: 1.2.0, build_hash: b1a2c3d4e5f6a7b8c9d0로 표기하고 schema_version: 1.2.0을 포함합니다.",
            "id": "sample_032_0057_000006",
            "annotations": []
        },
        {
            "sentence": "스키마 버전 관리는 semantic versioning을 따르며 향후 변경 시 역호환성 정책을 별도 절차로 문서화합니다.",
            "id": "sample_032_0057_000007",
            "annotations": []
        },
        {
            "sentence": "텔레메트리는 초단위·분단위 집계와 일별 롤업을 모두 제공하며 1% 실시간 스트리밍 샘플과 완전 집계를 명시합니다.",
            "id": "sample_032_0057_000008",
            "annotations": []
        },
        {
            "sentence": "예시로 telemetry.sample_stream: {type:'kafka', sample_rate:0.01, privacy_flags:{synthetic:true}}를 포함합니다.",
            "id": "sample_032_0057_000009",
            "annotations": []
        },
        {
            "sentence": "일일 집계 예시는 telemetry.daily_active_users: 124532, telemetry.avg_session_minutes: 28.4, telemetry.player_count: 6732와 같이 표현합니다.",
            "id": "sample_032_0057_000010",
            "annotations": []
        },
        {
            "sentence": "서버 통계는 server_stats.region: 'ap-northeast-2', server_stats.latency_ms: 42, region별 인스턴스 사용률 및 지연을 기록합니다.",
            "id": "sample_032_0057_000011",
            "annotations": []
        },
        {
            "sentence": "내부 운영상 기밀로 분류되는 항목은 분리 보관하고 최소 권한 원칙으로 접근을 통제합니다.",
            "id": "sample_032_0057_000012",
            "annotations": []
        },
        {
            "sentence": "예시로 내부 서버 IP 및 내부 파일 경로는 기밀정보로 분류되어 로그에 마스킹하거나 토큰화합니다.",
            "id": "sample_032_0057_000013",
            "annotations": []
        },
        {
            "sentence": "서버 IP 예시로 db 내부 주소 10.8.3.21이 감사 로그의 샘플에 등장할 수 있으나 실제 운영 로그에서는 마스킹합니다.",
            "id": "sample_032_0057_000014",
            "annotations": [
                {
                    "word": "10.8.3.21",
                    "start": 19,
                    "end": 28,
                    "label": "기밀정보"
                }
            ]
        },
        {
            "sentence": "내부 파일 경로 예시로 /srv/game/prod/config/db_credentials.yml과 같은 경로는 기밀정보로 분류되어 접근 로그에 원문 저장을 금지합니다.",
            "id": "sample_032_0057_000015",
            "annotations": [
                {
                    "word": "/srv/game/prod/config/db_credentials.yml",
                    "start": 13,
                    "end": 53,
                    "label": "기밀정보"
                }
            ]
        },
        {
            "sentence": "서비스 VPN 도메인 vpn.prod.internal은 내부 통신 주소로 기밀정보 범주에 속합니다.",
            "id": "sample_032_0057_000016",
            "annotations": [
                {
                    "word": "vpn.prod.internal",
                    "start": 12,
                    "end": 29,
                    "label": "기밀정보"
                }
            ]
        },
        {
            "sentence": "매치메이킹 지표는 matchmaking.queue_time_ms: 평균 23.5ms, 파티 매칭 지연 통계를 포함합니다.",
            "id": "sample_032_0057_000017",
            "annotations": []
        },
        {
            "sentence": "결제 및 청구 데이터는 PCI-DSS 규정에 따라 별도 격리 및 암호화 저장 정책을 적용합니다.",
            "id": "sample_032_0057_000018",
            "annotations": []
        },
        {
            "sentence": "예시 과금 데이터는 in_app_purchases: [{item_id:'skin_emerald', price:3.99, quantity:1245}] 형태로 제공되며 결제수단 정보는 제공하지 않습니다.",
            "id": "sample_032_0057_000019",
            "annotations": []
        },
        {
            "sentence": "수익지표는 monetization_metrics.ARPU: 1.27, ARPPU: 12.34 USD로 집계되며 지역별 통화 환산 정책을 포함합니다.",
            "id": "sample_032_0057_000020",
            "annotations": []
        },
        {
            "sentence": "유저 리뷰 샘플은 user_reviews 항목에 해시 처리된 user_id를 사용합니다 예: user_id: sha256:3b1f2e4a9c8d7e6f5a4b3c2d1e0f9a8b, rating:4, text:'게임 플레이가 매끄럽습니다', language:'ko', timestamp:2025-01-05T14:32:10+09:00.",
            "id": "sample_032_0057_000021",
            "annotations": [
                {
                    "word": "sha256:3b1f2e4a9c8d7e6f5a4b3c2d1e0f9a8b",
                    "start": 61,
                    "end": 100,
                    "label": "개인정보"
                }
            ]
        },
        {
            "sentence": "해시된 user_id는 역식별이 불가능하도록 설계되어 있으나 문서에서는 개인정보로 구분하여 접근을 최소화합니다.",
            "id": "sample_032_0057_000022",
            "annotations": []
        },
        {
            "sentence": "플레이어 준식별자 샘플로 성별: 남성, 국적: 대한민국, 주소(시/군/구): 서울특별시 강남구를 통계 예시로 포함하되 개인 레코드는 집계 수준으로만 보관합니다.",
            "id": "sample_032_0057_000023",
            "annotations": [
                {
                    "word": "서울특별시",
                    "start": 43,
                    "end": 48,
                    "label": "준식별자"
                },
                {
                    "word": "강남구",
                    "start": 49,
                    "end": 52,
                    "label": "준식별자"
                },
                {
                    "word": "남성",
                    "start": 18,
                    "end": 20,
                    "label": "준식별자"
                },
                {
                    "word": "대한민국",
                    "start": 26,
                    "end": 30,
                    "label": "준식별자"
                }
            ]
        },
        {
            "sentence": "생년월일 예시는 연도와 월일을 분리 표기하며 예시값은 [년:1993, 월:04, 일:12]와 같이 준식별자 규칙을 따릅니다.",
            "id": "sample_032_0057_000024",
            "annotations": [
                {
                    "word": "1993",
                    "start": 33,
                    "end": 37,
                    "label": "준식별자"
                },
                {
                    "word": "04",
                    "start": 41,
                    "end": 43,
                    "label": "준식별자"
                },
                {
                    "word": "12",
                    "start": 47,
                    "end": 49,
                    "label": "준식별자"
                }
            ]
        },
        {
            "sentence": "치트 및 봇 지표는 민감 지표로 분류되어 접근 권한과 로그 마스킹 정책을 엄격히 적용합니다.",
            "id": "sample_032_0057_000025",
            "annotations": []
        },
        {
            "sentence": "치트 의심 유저에 대한 내부 태그는 ops-admin 권한을 통해서만 조회 가능하며 외부 로그에는 태그 원문을 남기지 않습니다.",
            "id": "sample_032_0057_000026",
            "annotations": [
                {
                    "word": "ops-admin",
                    "start": 20,
                    "end": 29,
                    "label": "기밀정보"
                }
            ]
        },
        {
            "sentence": "로컬라이제이션은 localization: [{locale:'ko-KR', percent_translated:98}, {locale:'en-US', percent_translated:100}]와 문화적·법적 제한 플래그를 포함합니다.",
            "id": "sample_032_0057_000027",
            "annotations": []
        },
        {
            "sentence": "규제 준수는 플랫폼별 정책을 반영하며 예를 들어 Apple과 Google의 인앱결제 정책, Steam의 지역 제한 규정을 문서화합니다.",
            "id": "sample_032_0057_000028",
            "annotations": []
        },
        {
            "sentence": "데이터 보존 정책은 지역별로 상이하며 예를 들어 EU(GDPR) 지역의 텔레메트리 보존기간은 180일로 설정하고 아카이브와 삭제 로직을 분리합니다.",
            "id": "sample_032_0057_000029",
            "annotations": []
        },
        {
            "sentence": "결론적으로 데이터 소비자(데이터 분석가, ML 엔지니어, 게임 운영팀)는 제공된 샘플 스키마와 샘플 데이터를 바로 사용하여 분석 파이프라인을 구성할 수 있습니다.",
            "id": "sample_032_0057_000030",
            "annotations": []
        }
    ]
}