{
    "document_id": "032_0088",
    "document_title": "게임 운영·텔레메트리 및 데이터 아키텍처 설계 문서 (오딧세이: 루멘)",
    "data": [
        {
            "sentence": "이 문서는 게임 및 인터랙티브 엔터테인먼트 도메인의 운영·분석용 데이터 스키마와 보안·보존 정책을 기술한 합성 레퍼런스 문서입니다.",
            "id": "sample_032_0088_000001",
            "annotations": []
        },
        {
            "sentence": "문서는 실시간 스트리밍 텔레메트리와 배치 집계의 공존 아키텍처, 개인정보 보호 조치, 플랫폼별 규정 준수 요구사항을 포함합니다.",
            "id": "sample_032_0088_000002",
            "annotations": []
        },
        {
            "sentence": "스키마 버전은 schema_version: 1.2.0으로 표기하며 semantic versioning을 적용하고, 마이너 패치 시 역호환을 보장합니다.",
            "id": "sample_032_0088_000003",
            "annotations": []
        },
        {
            "sentence": "샘플 데이터는 privacy_flags.synthetic=true로 태그되어 합성 데이터와 실사용 데이터를 명확히 분리합니다.",
            "id": "sample_032_0088_000004",
            "annotations": []
        },
        {
            "sentence": "기본 메타데이터 예시는 game_id: 032_odyssey_lumen, title: 오딧세이: 루멘, genre: 액션RPG, platform: PC|Mobile|Console 으로 구성됩니다.",
            "id": "sample_032_0088_000005",
            "annotations": []
        },
        {
            "sentence": "개발사와 배급사는 developer: LumenStudio, publisher: AuroraGames로 표기하고, 버전과 빌드는 version: 2.4.1, build_hash: b1a2c3d4e5f67890로 관리합니다.",
            "id": "sample_032_0088_000006",
            "annotations": [
                {
                    "word": "b1a2c3d4e5f67890",
                    "start": 100,
                    "end": 116,
                    "label": "기밀정보"
                }
            ]
        },
        {
            "sentence": "출시일은 release_date: 2024-11-15T00:00:00+09:00 형태의 ISO 8601 타임스탬프로 표기하며 타임존을 명시합니다.",
            "id": "sample_032_0088_000007",
            "annotations": []
        },
        {
            "sentence": "런타임 텔레메트리는 telemetry.player_count, telemetry.avg_session_minutes, telemetry.daily_active_users 등 초/분 집계와 일별 롤업을 함께 제공합니다.",
            "id": "sample_032_0088_000008",
            "annotations": []
        },
        {
            "sentence": "서버 통계는 server_stats.region: asia-northeast1, server_stats.latency_ms: 42와 같은 메트릭을 포함하고 리전별 아카이빙 정책을 연동합니다.",
            "id": "sample_032_0088_000009",
            "annotations": []
        },
        {
            "sentence": "운영 중인 내부 데이터베이스 접근점은 db_internal_ip: 10.10.4.12 및 internal_api_url: https://api-internal.prod.local 로 식별되어 내부 기밀 네트워크로 분류합니다.",
            "id": "sample_032_0088_000010",
            "annotations": [
                {
                    "word": "10.10.4.12",
                    "start": 37,
                    "end": 47,
                    "label": "기밀정보"
                },
                {
                    "word": "https://api-internal.prod.local",
                    "start": 68,
                    "end": 99,
                    "label": "기밀정보"
                }
            ]
        },
        {
            "sentence": "매치메이킹 지표는 matchmaking.queue_time_ms와 매칭 실패율, 서브 큐 지연을 포함하며 실시간 샘플링은 real_time_sample_rate: 0.01 (1%)와 전체 집계를 구분합니다.",
            "id": "sample_032_0088_000011",
            "annotations": []
        },
        {
            "sentence": "애널리틱스 이벤트 예시는 analytics_events: {kill_event:123456, item_pickup:45678, purchase_event:2345} 형태로 이벤트명과 카운트를 제공합니다.",
            "id": "sample_032_0088_000012",
            "annotations": []
        },
        {
            "sentence": "인앱결제 샘플은 in_app_purchases: [{item_id: skin_rose, price: 2.99, quantity: 150}, {item_id: pass_season3, price: 9.99, quantity: 42}]로 표기합니다.",
            "id": "sample_032_0088_000013",
            "annotations": []
        },
        {
            "sentence": "수익 지표는 monetization_metrics.ARPU: 1.87, monetization_metrics.ARPPU: 9.12 등으로 정의하고 기간별 집계를 제공합니다.",
            "id": "sample_032_0088_000014",
            "annotations": []
        },
        {
            "sentence": "유저 리뷰 샘플에는 user_reviews: [{user_id: sha256:3f79bb7b435b05321651daefd374cd21, rating: 5, text: \"시네마틱 연출이 뛰어납니다.\", language: ko, timestamp: 2025-01-05T13:45:30+09:00}]가 포함됩니다.",
            "id": "sample_032_0088_000015",
            "annotations": [
                {
                    "word": "sha256:3f79bb7b435b05321651daefd374cd21",
                    "start": 36,
                    "end": 75,
                    "label": "개인정보"
                }
            ]
        },
        {
            "sentence": "익명화된 유저 프로파일 예시는 user_profile: {user_id: sha256:77c2ba1f5b8b3d6e9a4f0c1d2e3b4a5c, birthdate: 1990-05-12, gender: 남성, nationality: 대한민국, region: 서울특별시, district: 강남구}입니다.",
            "id": "sample_032_0088_000016",
            "annotations": [
                {
                    "word": "sha256:77c2ba1f5b8b3d6e9a4f0c1d2e3b4a5c",
                    "start": 41,
                    "end": 80,
                    "label": "개인정보"
                },
                {
                    "word": "1990-05-12",
                    "start": 93,
                    "end": 103,
                    "label": "준식별자"
                },
                {
                    "word": "남성",
                    "start": 113,
                    "end": 115,
                    "label": "준식별자"
                },
                {
                    "word": "대한민국",
                    "start": 130,
                    "end": 134,
                    "label": "준식별자"
                },
                {
                    "word": "서울특별시",
                    "start": 144,
                    "end": 149,
                    "label": "준식별자"
                },
                {
                    "word": "강남구",
                    "start": 161,
                    "end": 164,
                    "label": "준식별자"
                }
            ]
        },
        {
            "sentence": "크래시 리포트는 crash_reports: [{crash_id: CR-000123, timestamp: 2025-01-06T02:14:07+09:00, affected_builds: [b1a2c3d4e5f67890], stack_trace_summary: \"/srv/game/server/main.go:234 -> handler.Process() -> db.Query()\", occurrence_count: 42}]로 요약합니다.",
            "id": "sample_032_0088_000017",
            "annotations": [
                {
                    "word": "/srv/game/server/main.go:234",
                    "start": 144,
                    "end": 172,
                    "label": "기밀정보"
                }
            ]
        },
        {
            "sentence": "업적은 achievements: [{id: ACH-001, name: \"첫 번째 정복\", criteria: \"레벨 10 달성\"}] 형태로 관리하고, 리더보드는 leaderboards: [{mode: ranked, top_scores: [{user_hash: sha256:e99a18c428cb38d5f260853678922e03, score: 19500}]}]로 저장합니다.",
            "id": "sample_032_0088_000018",
            "annotations": [
                {
                    "word": "sha256:e99a18c428cb38d5f260853678922e03",
                    "start": 144,
                    "end": 183,
                    "label": "개인정보"
                }
            ]
        },
        {
            "sentence": "로컬라이제이션은 localization: [{locale: ko-KR, percent_translated: 98}, {locale: en-US, percent_translated: 100}]으로 표기하며 콘텐츠별 법적·문화적 제한을 legal_restriction_flag로 표시합니다.",
            "id": "sample_032_0088_000019",
            "annotations": []
        },
        {
            "sentence": "모더레이션 플래그 예시는 moderation_flags: [{item_id: asset_00042, flag_type: inappropriate_content, severity: high, timestamp: 2025-01-04T11:05:00+09:00}]입니다.",
            "id": "sample_032_0088_000020",
            "annotations": []
        },
        {
            "sentence": "플랫폼별 보존 정책은 Apple/Google/Steam 규정과 지역 규제(GDPR, CCPA, COPPA)를 반영하여 데이터 유형별 보존 기간과 삭제 로직을 분리합니다.",
            "id": "sample_032_0088_000021",
            "annotations": []
        },
        {
            "sentence": "예를 들어 EU 내 개인정보는 GDPR 기준에 따라 보존 후 24개월 경과 시 익명화 또는 삭제하고 COPPA 대상 아동 데이터는 30일 이내 특별 삭제 절차를 둡니다.",
            "id": "sample_032_0088_000022",
            "annotations": []
        },
        {
            "sentence": "결제·청구 데이터는 PCI-DSS 수준으로 별도 격리해 암호화 저장하고 토큰화된 결제 식별자만 분석 파이프라인에 전달합니다.",
            "id": "sample_032_0088_000023",
            "annotations": []
        },
        {
            "sentence": "치트·봇 관련 민감 지표는 최소 권한 원칙에 따라 접근 통제하고 로그에는 민감 필드가 남지 않도록 마스킹 및 샘플링을 적용합니다.",
            "id": "sample_032_0088_000024",
            "annotations": []
        },
        {
            "sentence": "데이터 파이프라인은 실시간 처리를 위해 Kafka 기반 스트리밍을 사용하며 1% 실시간 샘플과 전체 일별 집계를 별도 토픽으로 분리합니다.",
            "id": "sample_032_0088_000025",
            "annotations": []
        },
        {
            "sentence": "스키마 변경 시 역호환성 가이드는 마이너 버전 업그레이드에서 신규 필드 nullable 허용, 필드 삭제는 충분한 이행기간과 변환 스크립트를 제공합니다.",
            "id": "sample_032_0088_000026",
            "annotations": []
        },
        {
            "sentence": "로그·모니터링 데이터의 아카이빙 정책은 비용·성능 트레이드오프에 따라 핫·웜·콜드 스토리지 레이어로 분리합니다.",
            "id": "sample_032_0088_000027",
            "annotations": []
        },
        {
            "sentence": "결론 및 액션 아이템은 데이터 소비자(데이터 분석가, ML 엔지니어, 게임 운영팀)별 접근 템플릿, 샘플 쿼리, 그리고 복구·삭제 절차 문서를 별도 제공하는 것입니다.",
            "id": "sample_032_0088_000028",
            "annotations": []
        }
    ]
}