{
    "document_id": "032_0075",
    "document_title": "게임 운영 데이터 카탈로그 및 보존·접근 제어 정책 문서",
    "data": [
        {
            "sentence": "본 문서는 게임 및 인터랙티브 엔터테인먼트 서비스의 운영·분석·보안 관리를 위한 데이터 카탈로그와 보존·접근 제어 정책을 기술합니다.",
            "id": "sample_032_0075_000001",
            "annotations": []
        },
        {
            "sentence": "적용 범위는 PC/콘솔/모바일/클라우드 플랫폼과 멀티플레이어 서비스, VR/AR 콘텐츠의 메타데이터·텔레메트리·경제·커뮤니티 데이터를 포함합니다.",
            "id": "sample_032_0075_000002",
            "annotations": []
        },
        {
            "sentence": "샘플 메타데이터 항목으로 game_id, title, genre, platform, developer, publisher, release_date(ISO 8601), version, build_hash를 정의합니다.",
            "id": "sample_032_0075_000003",
            "annotations": []
        },
        {
            "sentence": "예시: game_id=game_0075, title=\"Astra Saga\", genre=RPG, platform=[iOS, Android, Steam], developer=匿名DevCorp, publisher=AnonPub, release_date=2024-11-15T09:00:00+09:00.",
            "id": "sample_032_0075_000004",
            "annotations": [
                {
                    "word": "2024-11-15T09:00:00+09:00",
                    "start": 139,
                    "end": 164,
                    "label": "준식별자"
                }
            ]
        },
        {
            "sentence": "운영 담당자 및 내부식별자는 원본 PII를 저장하지 않고 해시 처리된 식별자로만 참조합니다; 예: operator_id=sha256:2b7e151628aed2a6abf7158809cf4f3c.",
            "id": "sample_032_0075_000005",
            "annotations": [
                {
                    "word": "sha256:2b7e151628aed2a6abf7158809cf4f3c",
                    "start": 67,
                    "end": 106,
                    "label": "개인정보"
                }
            ]
        },
        {
            "sentence": "버전·빌드 관리에는 semantic versioning과 build_hash(bld_9f8a7c5e)를 사용하며, 스키마 변경은 schema_version으로 표기해 역호환성을 문서화합니다.",
            "id": "sample_032_0075_000006",
            "annotations": []
        },
        {
            "sentence": "스키마 예시: schema_version=1.3.0, 변경 시 마이그레이션 전략과 deprecated 필드를 최소 2버전간 유지합니다.",
            "id": "sample_032_0075_000007",
            "annotations": []
        },
        {
            "sentence": "텔레메트리는 초단위·분단위 집계와 일별 롤업을 모두 수집하며 실시간 스트리밍용 1% 샘플과 전체 집계를 분리 기록합니다; privacy_flags.synthetic=true 샘플은 합성 데이터로 태깅됩니다.",
            "id": "sample_032_0075_000008",
            "annotations": [
                {
                    "word": "privacy_flags.synthetic=true",
                    "start": 68,
                    "end": 96,
                    "label": "일반정보"
                }
            ]
        },
        {
            "sentence": "예시 텔레메트리 요약: telemetry.player_count=12456, telemetry.avg_session_minutes=37.2, telemetry.daily_active_users=84200, streaming_sample_percent=1.",
            "id": "sample_032_0075_000009",
            "annotations": []
        },
        {
            "sentence": "서버 통계는 리전별로 수집하며 지연·패킷손실·인스턴스 사용률을 모니터링합니다; 예: server_stats.region=ap-northeast-2, latency_ms=62.",
            "id": "sample_032_0075_000010",
            "annotations": []
        },
        {
            "sentence": "내부 운영을 위한 서버 식별자는 외부에 노출되지 않도록 처리하며 예시 내부 IP는 server_internal_ip=10.12.34.56(기밀정보)로 취급합니다.",
            "id": "sample_032_0075_000011",
            "annotations": [
                {
                    "word": "10.12.34.56",
                    "start": 65,
                    "end": 76,
                    "label": "기밀정보"
                }
            ]
        },
        {
            "sentence": "매치메이킹 지표는 queue_time_ms, match_size, mmr 분포 등을 포함하며 평균 queue_time_ms=184을 일 단위로 롤업합니다.",
            "id": "sample_032_0075_000012",
            "annotations": []
        },
        {
            "sentence": "행동 이벤트 집계는 analytics_events[event_name:count] 형태로 보관하며 예시 이벤트: analytics_events[kill:124513, login:84200, purchase:5123].",
            "id": "sample_032_0075_000013",
            "annotations": []
        },
        {
            "sentence": "인앱구매 기록은 PCI-DSS 요구사항을 준수해 결제 토큰과 결제메타데이터만 분리 보관하고 원본 카드정보는 저장하지 않습니다; 예: in_app_purchases[item_id:price:quantity].",
            "id": "sample_032_0075_000014",
            "annotations": []
        },
        {
            "sentence": "수익 지표 예시: monetization_metrics.ARPU=1.83, monetization_metrics.ARPPU=12.45, currency=USD, 기간=30d롤업.",
            "id": "sample_032_0075_000015",
            "annotations": []
        },
        {
            "sentence": "사용자 리뷰는 PII를 제거한 후 저장하며 user_id는 해시로 표기합니다; 예시 리뷰: {user_id:sha256:9f86d081884c7d659a2feaa0c55ad015, rating:4, text:'게임성 우수', language:'ko', timestamp:2025-01-03T18:24:00+09:00}.",
            "id": "sample_032_0075_000016",
            "annotations": [
                {
                    "word": "sha256:9f86d081884c7d659a2feaa0c55ad015",
                    "start": 60,
                    "end": 99,
                    "label": "개인정보"
                },
                {
                    "word": "2025-01-03T18:24:00+09:00",
                    "start": 151,
                    "end": 176,
                    "label": "준식별자"
                }
            ]
        },
        {
            "sentence": "추가 리뷰 예시: {user_id:sha256:5d41402abc4b2a76b9719d911017c592, rating:5, text:'서버 안정적', language:'en', timestamp:2025-01-04T22:10:00+09:00}.",
            "id": "sample_032_0075_000017",
            "annotations": [
                {
                    "word": "sha256:5d41402abc4b2a76b9719d911017c592",
                    "start": 19,
                    "end": 58,
                    "label": "개인정보"
                },
                {
                    "word": "2025-01-04T22:10:00+09:00",
                    "start": 110,
                    "end": 135,
                    "label": "준식별자"
                }
            ]
        },
        {
            "sentence": "크래시 리포트는 crash_id, timestamp(ISO 8601), affected_builds, stack_trace_summary, occurrence_count를 포함하고 내부 파일 경로는 기밀로 마스킹 또는 통제합니다.",
            "id": "sample_032_0075_000018",
            "annotations": []
        },
        {
            "sentence": "예시 크래시 항목: {crash_id:cr_000112, timestamp:2025-01-02T03:12:45+09:00, affected_builds:[bld_9f8a7c5e], stack_trace_summary:'/srv/game/server/main.cpp:243 -> /srv/game/lib/net.cpp:78', occurrence_count:42}.",
            "id": "sample_032_0075_000019",
            "annotations": [
                {
                    "word": "2025-01-02T03:12:45+09:00",
                    "start": 42,
                    "end": 67,
                    "label": "준식별자"
                },
                {
                    "word": "/srv/game/server/main.cpp:243",
                    "start": 122,
                    "end": 151,
                    "label": "기밀정보"
                }
            ]
        },
        {
            "sentence": "업적 및 리더보드 메타데이터는 achievements[{id,name,criteria}]와 leaderboards[{mode,top_scores}] 형태로 보관해 밸런싱과 보상을 분석합니다.",
            "id": "sample_032_0075_000020",
            "annotations": []
        },
        {
            "sentence": "로컬라이제이션은 locale 코드와 번역률(percent_translated)을 포함하며 법적·문화적 제한은 localization.flag_legal_restriction으로 표시합니다; 예: {locale:'ko-KR', percent_translated:98}.",
            "id": "sample_032_0075_000021",
            "annotations": []
        },
        {
            "sentence": "모더레이션 플래그는 moderation_flags[{item_id, flag_type, severity, timestamp}]로 관리하며 채팅 원문은 별도 암호화 저장 후 메타데이터만 집계합니다.",
            "id": "sample_032_0075_000022",
            "annotations": []
        },
        {
            "sentence": "플랫폼별 규정: Apple/Google의 인앱결제·광고 규정과 Steam 계약 조건을 반영해 메타데이터와 결제동작을 설계합니다.",
            "id": "sample_032_0075_000023",
            "annotations": []
        },
        {
            "sentence": "지역 규제 준수: GDPR에 따른 데이터 접근·삭제권, COPPA 대상 연령의 부모동의 검증 로직, CCPA의 데이터 포터블리티 요구사항을 반영합니다.",
            "id": "sample_032_0075_000024",
            "annotations": []
        },
        {
            "sentence": "PII는 원본을 저장하지 않고 해시·토큰화하며 키 관리는 KMS로 수행, 복호화 접근은 최소 권한자의 감사 승인 절차로 제한합니다.",
            "id": "sample_032_0075_000025",
            "annotations": []
        },
        {
            "sentence": "치트·봇 탐지 지표는 민감 지표로 분류해 최소 권한 원칙으로 접근 통제하고 로그에는 원본 PII나 채팅 원문이 남지 않도록 필터링합니다.",
            "id": "sample_032_0075_000026",
            "annotations": []
        },
        {
            "sentence": "데이터 보존 정책은 플랫폼 및 지역별로 상이하며 예: EU(GDPR) 로그 보존 12개월, COPPA 관련 동의가 없는 아동 데이터는 즉시 삭제합니다.",
            "id": "sample_032_0075_000027",
            "annotations": []
        },
        {
            "sentence": "대용량 아카이빙은 콜드 스토리지에 장기 보존하고 검색 인덱스는 요약본으로 유지해 비용/성능을 트레이드오프합니다.",
            "id": "sample_032_0075_000028",
            "annotations": []
        },
        {
            "sentence": "데이터 소비자별 샘플 스키마와 사용 예시를 제공해 데이터 분석가·ML 엔지니어·게임 운영팀이 바로 활용할 수 있도록 지원합니다.",
            "id": "sample_032_0075_000029",
            "annotations": []
        },
        {
            "sentence": "문서 하단에는 샘플 JSON 페이로드, 스키마 정의, 변경 로그, 연락 창구(운영팀 식별자는 해시로만 표기)를 포함해 운영을 표준화합니다.",
            "id": "sample_032_0075_000030",
            "annotations": []
        }
    ]
}