{
    "document_id": "032_0041",
    "document_title": "게임 데이터 운영 및 아키텍처 가이드라인 (합성 샘플)",
    "data": [
        {
            "sentence": "이 문서는 게임 및 인터랙티브 엔터테인먼트 도메인의 데이터 아키텍처와 운영·규정 요구사항을 기술한 합성 문서입니다.",
            "id": "sample_032_0041_000001",
            "annotations": []
        },
        {
            "sentence": "document_id: 032_0041, schema_version: 1.2.0, privacy_flags.synthetic=true; 모든 데이터 타임스탬프는 ISO 8601 형식으로 표기하고 타임존을 명시합니다.",
            "id": "sample_032_0041_000002",
            "annotations": []
        },
        {
            "sentence": "게임 메타데이터 예시: game_id=game_ae3f, title='프로토타입 어드벤처', genre='액션 RPG', platform=['PC','Android','iOS'], developer='StudioX', publisher='PubY', release_date=2024-06-01T00:00:00+09:00, version=1.4.2, build_hash=bf3a7e9.",
            "id": "sample_032_0041_000003",
            "annotations": []
        },
        {
            "sentence": "텔레메트리 요약(일별): telemetry.player_count=12456, telemetry.avg_session_minutes=37.8, telemetry.daily_active_users=8421는 현실적 분포를 따릅니다.",
            "id": "sample_032_0041_000004",
            "annotations": []
        },
        {
            "sentence": "실시간 스트리밍은 1% 샘플(통칭 realtime_sample=0.01)과 전체 배치 집계를 병행하며, 초단위·분단위 집계와 일별 롤업을 동시에 제공합니다.",
            "id": "sample_032_0041_000005",
            "annotations": []
        },
        {
            "sentence": "모든 타임스탬프 표기는 ISO 8601이며 예: 2025-01-15T14:23:00+09:00 형태를 사용합니다.",
            "id": "sample_032_0041_000006",
            "annotations": []
        },
        {
            "sentence": "PII는 익명화·해시 처리 후 저장하며 예시로 user_id: sha256:6f1d2c3b7e8a9d0f1c2b3a4d5e6f7a8b를 사용합니다.",
            "id": "sample_032_0041_000007",
            "annotations": [
                {
                    "word": "sha256:6f1d2c3b7e8a9d0f1c2b3a4d5e6f7a8b",
                    "start": 35,
                    "end": 74,
                    "label": "개인정보"
                }
            ]
        },
        {
            "sentence": "유저 리뷰 샘플: {user_id:'sha256:6f1d2c3b7e8a9d0f1c2b3a4d5e6f7a8b', rating:4, text:'재미있습니다', language:'ko', timestamp:'2025-01-14T09:12:00+09:00'}.",
            "id": "sample_032_0041_000008",
            "annotations": [
                {
                    "word": "sha256:6f1d2c3b7e8a9d0f1c2b3a4d5e6f7a8b",
                    "start": 20,
                    "end": 59,
                    "label": "개인정보"
                }
            ]
        },
        {
            "sentence": "유저 프로필 집계(익명화된 준식별자 포함): gender='여성', birth_year=1992, region_city='서울특별시'는 별도 보관 규칙에 따라 처리됩니다.",
            "id": "sample_032_0041_000009",
            "annotations": [
                {
                    "word": "gender='여성'",
                    "start": 25,
                    "end": 36,
                    "label": "준식별자"
                },
                {
                    "word": "birth_year=1992",
                    "start": 38,
                    "end": 53,
                    "label": "준식별자"
                },
                {
                    "word": "서울특별시",
                    "start": 68,
                    "end": 73,
                    "label": "준식별자"
                }
            ]
        },
        {
            "sentence": "수익 지표 예시: monetization_metrics.ARPU=2.45, ARPPU=8.73, in_app_purchases=[{item_id:'costume_dragon', price:3.99, quantity:124}, {item_id:'gems_100', price:0.99, quantity:5210}].",
            "id": "sample_032_0041_000010",
            "annotations": []
        },
        {
            "sentence": "매치메이킹 및 서버 통계: server_stats.region='ap-northeast-2', server_stats.latency_ms=42, matchmaking.queue_time_ms=18.2가 평균입니다.",
            "id": "sample_032_0041_000011",
            "annotations": []
        },
        {
            "sentence": "분석 이벤트 샘플: analytics_events={'login':8421,'match_start':4123,'purchase':231} 형태로 이벤트별 카운트를 집계합니다.",
            "id": "sample_032_0041_000012",
            "annotations": []
        },
        {
            "sentence": "크래시 리포트 요약 샘플: {crash_id:'crash_00012', timestamp:'2025-01-15T03:05:12+09:00', affected_builds:['bf3a7e9'], stack_trace_summary:'NullPointer at GameSession.process', occurrence_count:23}.",
            "id": "sample_032_0041_000013",
            "annotations": []
        },
        {
            "sentence": "성취·업적 및 리더보드: achievements=[{id:'ach_001', name:'초보 모험가', criteria:'레벨 5 도달'}], leaderboards=[{mode:'PvP', top_scores:[{user_hash:'sha256:9b2a4c5d6e7f8a9b0c1d2e3f4a5b6c7d', score:12500}]}].",
            "id": "sample_032_0041_000014",
            "annotations": [
                {
                    "word": "sha256:9b2a4c5d6e7f8a9b0c1d2e3f4a5b6c7d",
                    "start": 131,
                    "end": 170,
                    "label": "개인정보"
                }
            ]
        },
        {
            "sentence": "로컬라이제이션 필드: localization=[{locale:'ko-KR', percent_translated:100},{locale:'en-US', percent_translated:98}], 콘텐츠 제한 flag: {'ko-KR':false,'de-DE':true}으로 법적·문화적 제한을 표기합니다.",
            "id": "sample_032_0041_000015",
            "annotations": []
        },
        {
            "sentence": "모더레이션 플래그 예시: moderation_flags=[{item_id:'chat_000123', flag_type:'abuse', severity:'high', timestamp:'2025-01-15T11:00:00+09:00'}], 채팅 본문은 별도 마스킹 규칙으로 비식별화합니다.",
            "id": "sample_032_0041_000016",
            "annotations": []
        },
        {
            "sentence": "치트·봇 지표는 민감 지표로 분류되며 최소 권한 원칙에 따라 접근 통제와 감사 로그를 적용합니다.",
            "id": "sample_032_0041_000017",
            "annotations": []
        },
        {
            "sentence": "민감 지표 로그는 서브계정 토큰 및 익명화 키만 저장하며, 실제 식별 가능한 값은 로그에 남기지 않습니다.",
            "id": "sample_032_0041_000018",
            "annotations": []
        },
        {
            "sentence": "플랫폼 및 지역 규정: GDPR, COPPA, CCPA 등을 반영해 보존기간과 삭제 로직을 플랫폼별·지역별로 별도 구현합니다.",
            "id": "sample_032_0041_000019",
            "annotations": []
        },
        {
            "sentence": "결제 데이터는 PCI-DSS 요건에 따라 별도 격리와 암호화된 키 관리 시스템에 저장합니다.",
            "id": "sample_032_0041_000020",
            "annotations": []
        },
        {
            "sentence": "내부 서비스 예시로 cheat service endpoint는 https://internal.corp.local/cheat-detector이며 해당 엔드포인트와 호스트 정보는 기밀로 취급합니다.",
            "id": "sample_032_0041_000021",
            "annotations": [
                {
                    "word": "https://internal.corp.local/cheat-detector",
                    "start": 35,
                    "end": 77,
                    "label": "기밀정보"
                }
            ]
        },
        {
            "sentence": "내부 클러스터 노드 예시 IP는 10.244.12.8로 표기되며 내부 네트워크 식별자는 조직 기밀로 분류됩니다.",
            "id": "sample_032_0041_000022",
            "annotations": [
                {
                    "word": "10.244.12.8",
                    "start": 18,
                    "end": 29,
                    "label": "기밀정보"
                }
            ]
        },
        {
            "sentence": "DB 연결 예시(마스킹): db_conn='postgres://svc_user:*****@10.244.12.8:5432/gamedb'는 인증정보를 제외하더라도 호스트 정보가 기밀정보입니다.",
            "id": "sample_032_0041_000023",
            "annotations": [
                {
                    "word": "postgres://svc_user:*****@10.244.12.8:5432/gamedb",
                    "start": 24,
                    "end": 73,
                    "label": "기밀정보"
                },
                {
                    "word": "10.244.12.8",
                    "start": 50,
                    "end": 61,
                    "label": "기밀정보"
                }
            ]
        },
        {
            "sentence": "운영 담당자 샘플 이름 목록(문서 예시용, 실제 운용시 익명화 필요): 강이레, 류채민, 조현태.",
            "id": "sample_032_0041_000024",
            "annotations": [
                {
                    "word": "강이레",
                    "start": 40,
                    "end": 43,
                    "label": "개인정보"
                },
                {
                    "word": "류채민",
                    "start": 45,
                    "end": 48,
                    "label": "개인정보"
                },
                {
                    "word": "조현태",
                    "start": 50,
                    "end": 53,
                    "label": "개인정보"
                }
            ]
        },
        {
            "sentence": "로그 보존 정책 예시: EU 지역은 개인데이터 1년 보존 후 삭제, 미국은 CCPA 대응으로 익명화 보존을 기본으로 합니다.",
            "id": "sample_032_0041_000025",
            "annotations": []
        },
        {
            "sentence": "스키마 버전 관리: semantic versioning 적용, 현재 schema_version=1.2.0에서 향후 2.0.0으로의 변경은 비역호환 항목을 명시해 마이그레이션 가이드를 제공합니다.",
            "id": "sample_032_0041_000026",
            "annotations": []
        },
        {
            "sentence": "아카이빙 전략: 콜드 스토리지 계층에 일별 롤업만 장기 보관해 비용을 절감하고 원본 로그는 규정에 따라 삭제합니다.",
            "id": "sample_032_0041_000027",
            "annotations": []
        }
    ]
}