{
    "document_id": "032_0018",
    "document_title": "게임 텔레메트리·운영 데이터 표준 및 보안 가이드",
    "data": [
        {
            "sentence": "본 문서는 게임 및 인터랙티브 엔터테인먼트 도메인에서 생성되는 텔레메트리와 운영 데이터를 표준화하기 위한 가이드이다.",
            "id": "sample_032_0018_000001",
            "annotations": []
        },
        {
            "sentence": "적용 범위는 PC, 콘솔, 모바일, 클라우드, VR/AR 플랫폼과 멀티플레이어 서비스의 런타임·오프라인 데이터 전반을 포함한다.",
            "id": "sample_032_0018_000002",
            "annotations": []
        },
        {
            "sentence": "문서에는 게임 메타데이터, 런타임 텔레메트리, 매치메이킹 통계, 크래시 리포트, UGC 메타데이터, 경제·매출 데이터, 로컬라이제이션 및 모더레이션 플래그를 다룬다.",
            "id": "sample_032_0018_000003",
            "annotations": []
        },
        {
            "sentence": "샘플 메타데이터 항목으로 game_id, title, genre, platform, developer, publisher, release_date, version, build_hash: b3d9f8a7 등을 명시한다.",
            "id": "sample_032_0018_000004",
            "annotations": [
                {
                    "word": "build_hash: b3d9f8a7",
                    "start": 92,
                    "end": 112,
                    "label": "기밀정보"
                }
            ]
        },
        {
            "sentence": "스키마는 semantic versioning을 따르며 현재 schema_version은 1.2.0으로 역호환성과 변경 로그를 반드시 동봉해야 한다.",
            "id": "sample_032_0018_000005",
            "annotations": []
        },
        {
            "sentence": "합성 데이터에는 privacy_flags.synthetic=true 태그를 필수로 포함하여 실제 데이터와 명확히 구분해야 한다.",
            "id": "sample_032_0018_000006",
            "annotations": []
        },
        {
            "sentence": "텔레메트리 표본 예시는 telemetry.player_count, telemetry.avg_session_minutes, telemetry.daily_active_users 같은 지표를 초단위·분단위·일별 롤업으로 제공해야 한다.",
            "id": "sample_032_0018_000007",
            "annotations": []
        },
        {
            "sentence": "스트리밍 샘플은 실시간 1% 샘플과 완전 집계를 별도 스트림으로 구분하며 배포자는 샘플율 메타데이터를 함께 기록해야 한다.",
            "id": "sample_032_0018_000008",
            "annotations": []
        },
        {
            "sentence": "규제 준수를 위해 데이터 보존 기간은 플랫폼별(Apple/Google/Steam) 정책과 지역규제(GDPR, CCPA, COPPA 등)에 따라 분기별로 검토 및 적용해야 한다.",
            "id": "sample_032_0018_000009",
            "annotations": []
        },
        {
            "sentence": "서버 통계 샘플에는 server_stats.region, server_stats.latency_ms, server_ip: 10.240.15.2 같은 내부 네트워크 식별자를 포함할 수 있으나 접근 통제가 필수적이다.",
            "id": "sample_032_0018_000010",
            "annotations": [
                {
                    "word": "server_ip: 10.240.15.2",
                    "start": 57,
                    "end": 79,
                    "label": "기밀정보"
                }
            ]
        },
        {
            "sentence": "로그 샘플은 internal_path: /srv/game/prod/assets/texture_v12.png와 같은 내부 경로를 노출하지 않도록 요약 또는 마스킹해야 한다.",
            "id": "sample_032_0018_000011",
            "annotations": [
                {
                    "word": "internal_path: /srv/game/prod/assets/texture_v12.png",
                    "start": 7,
                    "end": 59,
                    "label": "기밀정보"
                }
            ]
        },
        {
            "sentence": "비공개 재무 지표 예시는 marketing_budget: $1,200,000 등이며 이러한 재무 정보는 기밀정보로 취급해 별도 격리 저장 및 접근 로그를 기록해야 한다.",
            "id": "sample_032_0018_000012",
            "annotations": [
                {
                    "word": "marketing_budget: $1,200,000",
                    "start": 14,
                    "end": 42,
                    "label": "기밀정보"
                }
            ]
        },
        {
            "sentence": "사용자 레코드 예시에는 user_id: anon_user_sha256_9f1a2b3c이 포함되며 모든 PII는 해시·익명화 처리한 후 사용해야 한다.",
            "id": "sample_032_0018_000013",
            "annotations": [
                {
                    "word": "user_id: anon_user_sha256_9f1a2b3c",
                    "start": 13,
                    "end": 47,
                    "label": "개인정보"
                }
            ]
        },
        {
            "sentence": "device_hash: sha256_2b7e0a 및 player_email_hash: sha256_a1b2c3 같은 식별자는 복원 불가능한 해시 알고리즘으로 저장해야 하며 별도 키로 관리해야 한다.",
            "id": "sample_032_0018_000014",
            "annotations": [
                {
                    "word": "device_hash: sha256_2b7e0a",
                    "start": 0,
                    "end": 26,
                    "label": "개인정보"
                },
                {
                    "word": "player_email_hash: sha256_a1b2c3",
                    "start": 29,
                    "end": 61,
                    "label": "개인정보"
                }
            ]
        },
        {
            "sentence": "준식별자 예시는 birth_year: 1994과 같이 연 단위로 집계하여 노출 범위를 축소하며 월·일 단위는 추가 비식별화가 필요하다.",
            "id": "sample_032_0018_000015",
            "annotations": [
                {
                    "word": "birth_year: 1994",
                    "start": 9,
                    "end": 25,
                    "label": "준식별자"
                }
            ]
        },
        {
            "sentence": "주소 계층은 region_city: 서울특별시, region_district: 강남구처럼 시·군·구 단위로 분리해 별도 보존 정책을 적용해야 한다.",
            "id": "sample_032_0018_000016",
            "annotations": [
                {
                    "word": "region_city: 서울특별시",
                    "start": 7,
                    "end": 25,
                    "label": "준식별자"
                }
            ]
        },
        {
            "sentence": "수익 지표에는 in_app_purchases[item_id:price:quantity], monetization_metrics.ARPU, monetization_metrics.ARPPU 등과 함께 구간별 분포를 포함해야 한다.",
            "id": "sample_032_0018_000017",
            "annotations": []
        },
        {
            "sentence": "리더보드와 성과 지표는 leaderboards[{mode, top_scores}] 형태로 집계하되 개인 식별자가 포함되지 않도록 익명화 규칙을 적용한다.",
            "id": "sample_032_0018_000018",
            "annotations": []
        },
        {
            "sentence": "크래시 리포트 샘플은 crash_reports[{crash_id, timestamp, affected_builds, stack_trace_summary, occurrence_count}]로 수집하고 스택 트레이스는 PII 노출을 검사해 마스킹한다.",
            "id": "sample_032_0018_000019",
            "annotations": []
        },
        {
            "sentence": "스택 트레이스나 로그에서 사용자 입력값이 포함될 가능성은 낮추고, 포함 시 반드시 실시간 마스킹 규칙을 적용하여 PII가 로그에 남지 않도록 한다.",
            "id": "sample_032_0018_000020",
            "annotations": []
        },
        {
            "sentence": "치트 및 봇 관련 민감 지표는 최소 권한 원칙으로 접근을 제한하고 별도 민감 로그 저장소에 암호화 상태로 보관해야 한다.",
            "id": "sample_032_0018_000021",
            "annotations": []
        },
        {
            "sentence": "로컬라이제이션 필드는 locale과 percent_translated를 포함하며 콘텐츠별 법적·문화적 제한(flag)을 함께 표기해 지역별 배포 규칙을 자동화한다.",
            "id": "sample_032_0018_000022",
            "annotations": []
        },
        {
            "sentence": "결제 정보는 PCI-DSS 요구사항에 따라 완전 분리하고 토큰화·암호화하며 청구 정보는 별도 결제전용 데이터베이스에 저장한다.",
            "id": "sample_032_0018_000023",
            "annotations": []
        },
        {
            "sentence": "스키마 변경 시 backward 호환성 테스트 케이스와 마이그레이션 플레이북을 작성하고 schema_version 필드와 함께 변경 이력을 남겨야 한다.",
            "id": "sample_032_0018_000024",
            "annotations": []
        },
        {
            "sentence": "집계·롤업은 ISO 8601 형식의 타임스탬프를 사용하고 시간대는 명시해야 하며 예시 타임스탬프는 2025-03-12T14:23:00+09:00이다.",
            "id": "sample_032_0018_000025",
            "annotations": []
        },
        {
            "sentence": "데이터 소비자(데이터 분석가, ML 엔지니어, 게임 운영팀)는 각자 필요한 최소 컬럼만 접근 허용 받고, 감사 로그로 모든 조회를 기록해야 한다.",
            "id": "sample_032_0018_000026",
            "annotations": []
        },
        {
            "sentence": "샘플 스키마와 예시 쿼리, 스트리밍 파이프라인 아키텍처(예: Kafka 토픽 설계, stream processing windowing) 문서를 동봉하여 실무 적용을 단축한다.",
            "id": "sample_032_0018_000027",
            "annotations": []
        },
        {
            "sentence": "결론적으로 본 가이드는 데이터 보존·삭제 로직, 접근 제어, 암호화, 민감정보 최소화, 로컬라이제이션 및 플랫폼 정책 준수를 통합적으로 다루도록 설계되었다.",
            "id": "sample_032_0018_000028",
            "annotations": []
        }
    ]
}