{
    "document_id": "048_0070",
    "document_title": "해상 양식장 운영 및 환경·성장 모니터링 종합보고서 (합성데이터)",
    "data": [
        {
            "sentence": "본 문서는 양식업 및 수산업 운영 관련 주요 시계열 데이터와 추적가능성 정보를 포함한 합성 샘플 보고서입니다.",
            "id": "sample_048_0070_000001",
            "annotations": []
        },
        {
            "sentence": "문서는 ISO 8601 타임스탬프와 표준 단위를 모든 시계열 항목에 명시하고, 합성 데이터임을 명확히 표시합니다.",
            "id": "sample_048_0070_000002",
            "annotations": []
        },
        {
            "sentence": "보고서는 트레이서빌리티를 위해 로트·허가 ID를 연결하며 규제·검증 절차 준수 여부 확인을 권고합니다.",
            "id": "sample_048_0070_000003",
            "annotations": []
        },
        {
            "sentence": "farm_id는 FARM-048-0070으로 표기하며, site_name은 서해 A구역(해상 가두리)으로 명기합니다.",
            "id": "sample_048_0070_000004",
            "annotations": []
        },
        {
            "sentence": "현장 운영자 식별은 개인정보 보호를 위해 해시로 처리하여 operator_id_sha256:e3b0c44298fc1c149afbf4c8996fb924 로 기록합니다.",
            "id": "sample_048_0070_000005",
            "annotations": [
                {
                    "word": "operator_id_sha256:e3b0c44298fc1c149afbf4c8996fb924",
                    "start": 32,
                    "end": 83,
                    "label": "개인정보"
                }
            ]
        },
        {
            "sentence": "작업자 연락처는 익명화된 해시 contact_sha256:4bf6a3e2a9b7c1d3f0a8e9d7b6c5a4f1 로 기재하여 원본 노출을 방지합니다.",
            "id": "sample_048_0070_000006",
            "annotations": [
                {
                    "word": "contact_sha256:4bf6a3e2a9b7c1d3f0a8e9d7b6c5a4f1",
                    "start": 17,
                    "end": 64,
                    "label": "개인정보"
                }
            ]
        },
        {
            "sentence": "위치 정보는 latitude 36.123456, longitude 125.654321 및 water_depth 18.5 m 로 측정되어 기록됩니다.",
            "id": "sample_048_0070_000007",
            "annotations": []
        },
        {
            "sentence": "양식 대상 종은 학명 Crassostrea gigas(복명: 굴, Pacific oyster)로 표기하고, stocking_date는 2024-03-15T09:00:00Z 로 기록했습니다.",
            "id": "sample_048_0070_000008",
            "annotations": [
                {
                    "word": "2024",
                    "start": 75,
                    "end": 79,
                    "label": "준식별자"
                },
                {
                    "word": "03",
                    "start": 80,
                    "end": 82,
                    "label": "준식별자"
                },
                {
                    "word": "15",
                    "start": 83,
                    "end": 85,
                    "label": "준식별자"
                }
            ]
        },
        {
            "sentence": "initial_stock_count는 150000 개체로 시작하였으며, feed_type은 펠렛(프로틴 40%, 오메가3 보강)입니다.",
            "id": "sample_048_0070_000009",
            "annotations": []
        },
        {
            "sentence": "feed_amount_daily 평균값은 120 kg/d 이며, 실측값 변동과 공급 중단을 반영하여 일일 표준편차 8 kg를 포함합니다.",
            "id": "sample_048_0070_000010",
            "annotations": []
        },
        {
            "sentence": "기간 평균 feed_conversion_ratio(FCR)는 1.8 kg feed/kg 증가로 계산되었으며, 급격한 온도변동 시 악화되는 경향을 보입니다.",
            "id": "sample_048_0070_000011",
            "annotations": []
        },
        {
            "sentence": "수온(시계열)은 2024-03-15T09:00:00Z:12.3°C, 2024-04-01T09:00:00Z:13.8°C, 2024-05-01T09:00:00Z:15.6°C로 상승 추세를 보였습니다.",
            "id": "sample_048_0070_000012",
            "annotations": []
        },
        {
            "sentence": "염분은 2024-03-15T09:00:00Z:31.2 PSU, 2024-04-01T09:00:00Z:30.9 PSU, 2024-05-01T09:00:00Z:30.4 PSU 로 계절적 강우 영향을 반영합니다.",
            "id": "sample_048_0070_000013",
            "annotations": []
        },
        {
            "sentence": "용존산소(DO) 시계열은 2024-03-15T09:00:00Z:8.1 mg/L, 2024-04-01T09:00:00Z:7.6 mg/L, 2024-05-01T09:00:00Z:6.3 mg/L 로 수온 상승에 따라 감소 경향을 보였습니다.",
            "id": "sample_048_0070_000014",
            "annotations": []
        },
        {
            "sentence": "측정 탁도 값은 2024-03-15T09:00:00Z:1.2 NTU, 2024-04-10T09:00:00Z:NaN(센서 오프라인), 2024-05-01T09:00:00Z:3.8 NTU 로 간헐적 결측과 노이즈를 포함합니다.",
            "id": "sample_048_0070_000015",
            "annotations": []
        },
        {
            "sentence": "pH는 8.02 단위로 관리되었고, 급격한 변동 시 패딩 및 완충제 투입 기록을 별도 로그로 유지합니다.",
            "id": "sample_048_0070_000016",
            "annotations": []
        },
        {
            "sentence": "기간별 생물량(biomass) 수집은 2024-03-15T09:00:00Z:120 kg, 2024-05-01T09:00:00Z:520 kg, 2024-07-01T09:00:00Z:980 kg 로 초기 가속에서 포화로 수렴하는 성장곡선을 반영합니다.",
            "id": "sample_048_0070_000017",
            "annotations": []
        },
        {
            "sentence": "개체평균중량은 2024-03-15:0.8 g, 2024-05-01:3.5 g, 2024-07-01:6.5 g 로 측정되어 일별 성장률(growth_rate_percent_per_day)은 계절에 따라 감소하는 포화 경향을 나타냅니다.",
            "id": "sample_048_0070_000018",
            "annotations": [
                {
                    "word": "2024",
                    "start": 8,
                    "end": 12,
                    "label": "준식별자"
                },
                {
                    "word": "2024",
                    "start": 26,
                    "end": 30,
                    "label": "준식별자"
                },
                {
                    "word": "2024",
                    "start": 44,
                    "end": 48,
                    "label": "준식별자"
                },
                {
                    "word": "03",
                    "start": 13,
                    "end": 15,
                    "label": "준식별자"
                },
                {
                    "word": "15",
                    "start": 16,
                    "end": 18,
                    "label": "준식별자"
                }
            ]
        },
        {
            "sentence": "질병 이벤트는 희소하게 발생하며 본 로트에서는 disease_event_code DE-2024-001이 2024-05-02T14:30:00Z 에 감지되었습니다.",
            "id": "sample_048_0070_000019",
            "annotations": [
                {
                    "word": "2024",
                    "start": 48,
                    "end": 52,
                    "label": "준식별자"
                },
                {
                    "word": "2024",
                    "start": 58,
                    "end": 62,
                    "label": "준식별자"
                },
                {
                    "word": "05",
                    "start": 63,
                    "end": 65,
                    "label": "준식별자"
                },
                {
                    "word": "02",
                    "start": 49,
                    "end": 51,
                    "label": "준식별자"
                },
                {
                    "word": "02",
                    "start": 59,
                    "end": 61,
                    "label": "준식별자"
                },
                {
                    "word": "02",
                    "start": 66,
                    "end": 68,
                    "label": "준식별자"
                }
            ]
        },
        {
            "sentence": "해당 질병에 대하여 treatment_administered는 항균제 A (용연산염제+현탁제) 복합 투여로 기록되었고, 치료에 따른 폐사 발생률은 2.3%였습니다.",
            "id": "sample_048_0070_000020",
            "annotations": []
        },
        {
            "sentence": "treatment_date는 2024-05-02T14:30:00Z 로 기록되어 방역 로그와 연계 추적이 가능합니다.",
            "id": "sample_048_0070_000021",
            "annotations": [
                {
                    "word": "2024",
                    "start": 16,
                    "end": 20,
                    "label": "준식별자"
                },
                {
                    "word": "05",
                    "start": 21,
                    "end": 23,
                    "label": "준식별자"
                },
                {
                    "word": "02",
                    "start": 17,
                    "end": 19,
                    "label": "준식별자"
                },
                {
                    "word": "02",
                    "start": 24,
                    "end": 26,
                    "label": "준식별자"
                }
            ]
        },
        {
            "sentence": "최종 수확은 harvest_date 2024-09-20T06:00:00Z 에 수행되었으며 총 harvest_weight_kg은 980.4 kg 으로 집계되었습니다.",
            "id": "sample_048_0070_000022",
            "annotations": [
                {
                    "word": "2024",
                    "start": 20,
                    "end": 24,
                    "label": "준식별자"
                },
                {
                    "word": "09",
                    "start": 25,
                    "end": 27,
                    "label": "준식별자"
                },
                {
                    "word": "20",
                    "start": 20,
                    "end": 22,
                    "label": "준식별자"
                },
                {
                    "word": "20",
                    "start": 28,
                    "end": 30,
                    "label": "준식별자"
                }
            ]
        },
        {
            "sentence": "수확 등급은 harvest_grade A(상품), packing_lot_id PL-048-20240920-001 로 포장하여 트레이서빌리티 바코드를 인쇄했습니다.",
            "id": "sample_048_0070_000023",
            "annotations": []
        },
        {
            "sentence": "운송은 해상운송업체 SeaTrans Co.가 담당했으며 cold_chain_temperature_log에는 2024-09-20T07:00:00Z:2.1°C, 2024-09-20T12:00:00Z:2.4°C 등의 기록이 포함되어 있습니다.",
            "id": "sample_048_0070_000024",
            "annotations": []
        },
        {
            "sentence": "규제 관련으로 regulatory_permit_id는 PERM-WS-2023-1102, inspection_report_id는 INSP-2024-0031 로 내부 기록과 외부 검사 결과를 연계했습니다.",
            "id": "sample_048_0070_000025",
            "annotations": []
        },
        {
            "sentence": "해당 inspection_report의 검사일시는 2024-07-10T11:00:00Z 로 표기되어 있으며 검사 결과 요약은 부록에 첨부합니다.",
            "id": "sample_048_0070_000026",
            "annotations": [
                {
                    "word": "2024",
                    "start": 28,
                    "end": 32,
                    "label": "준식별자"
                },
                {
                    "word": "07",
                    "start": 33,
                    "end": 35,
                    "label": "준식별자"
                },
                {
                    "word": "10",
                    "start": 36,
                    "end": 38,
                    "label": "준식별자"
                }
            ]
        },
        {
            "sentence": "인증은 ASC(유지가능 양식) 유형으로 명기하였고, 경제성 지표는 economic_costs 1,240,000 KRW, revenue 1,980,000 KRW 로 기록했습니다.",
            "id": "sample_048_0070_000027",
            "annotations": []
        },
        {
            "sentence": "데이터 품질 항목에는 센서 결측 비율, 동기화 지연, 보정 계수 및 이상치 제거 로그를 포함하여 전처리 흐름을 명확히 기술했습니다.",
            "id": "sample_048_0070_000028",
            "annotations": []
        },
        {
            "sentence": "보안·프라이버시 항목으로 작업자 이름 등 직접 식별 정보는 저장하지 않으며 필요한 경우 익명화·해시 정책을 적용하도록 기술했습니다.",
            "id": "sample_048_0070_000029",
            "annotations": []
        },
        {
            "sentence": "이 문서는 합성 데이터 샘플임을 분명히 하며, 실사용 배포 전에는 관련 규정과 검증 절차를 준수할 것을 권고합니다.",
            "id": "sample_048_0070_000030",
            "annotations": []
        }
    ]
}