{
    "document_id": "048_0052",
    "document_title": "양식장 운영·환경 모니터링 및 수확 보고서(동해안 청정양식장 7호)",
    "data": [
        {
            "sentence": "본 문서는 동해안 연안의 양식장 운영과 환경 모니터링, 수확 내역을 통합 보고하기 위해 합성 데이터 기반으로 작성되었습니다.",
            "id": "sample_048_0052_000001",
            "annotations": []
        },
        {
            "sentence": "farm_id: FARM-048-0052, site_name: 동해안 청정양식장 7호, latitude: 37.123456, longitude: 129.123456, water_depth: 8.5 m.",
            "id": "sample_048_0052_000002",
            "annotations": [
                {
                    "word": "동해안 청정양식장 7호",
                    "start": 35,
                    "end": 47,
                    "label": "준식별자"
                }
            ]
        },
        {
            "sentence": "현장 담당자: 류하임, 사번: EMP-2025-0001, 역할: 현장 운영 및 모니터링 책임자로서 샘플링과 긴급대응을 총괄합니다.",
            "id": "sample_048_0052_000003",
            "annotations": [
                {
                    "word": "류하임",
                    "start": 8,
                    "end": 11,
                    "label": "개인정보"
                },
                {
                    "word": "EMP-2025-0001",
                    "start": 17,
                    "end": 30,
                    "label": "개인정보"
                }
            ]
        },
        {
            "sentence": "사육 종: 넙치 (Paralichthys olivaceus); 초치 입식일(stocked): 2024-03-15T06:00:00Z; 초기 입식수량(initial_stock_count): 50,000 마리.",
            "id": "sample_048_0052_000004",
            "annotations": [
                {
                    "word": "2024-03-15T06:00:00Z",
                    "start": 52,
                    "end": 72,
                    "label": "준식별자"
                }
            ]
        },
        {
            "sentence": "feed_type: MarinePellet-V3, feed_amount_daily 평균: 135.0 kg/day, feed_conversion_ratio(FCR): 1.45 (unitless, 현장 평균값).",
            "id": "sample_048_0052_000005",
            "annotations": []
        },
        {
            "sentence": "환경 센서 예시(ISO8601): 2025-06-01T00:00:00Z | Temp: 17.8 °C | Salinity: 32.1 PSU | DO: 7.2 mg/L | Turbidity: 3.1 NTU | pH: 8.03.",
            "id": "sample_048_0052_000006",
            "annotations": [
                {
                    "word": "2025-06-01T00:00:00Z",
                    "start": 19,
                    "end": 39,
                    "label": "준식별자"
                }
            ]
        },
        {
            "sentence": "센서 노이즈·결측 예시: 2025-06-02T00:00:00Z | Temp: 17.9 °C | Salinity: NaN PSU(결측) | DO: 6.9 mg/L | Turbidity: 3.5 NTU | pH: 8.01.",
            "id": "sample_048_0052_000007",
            "annotations": [
                {
                    "word": "2025-06-02T00:00:00Z",
                    "start": 14,
                    "end": 34,
                    "label": "준식별자"
                }
            ]
        },
        {
            "sentence": "수온 상승과 DO 감소 상관관계 예시: 2025-06-10T12:00:00Z Temp: 19.6 °C (센서노이즈±0.2) -> DO: 5.8 mg/L(측정오차±0.3).",
            "id": "sample_048_0052_000008",
            "annotations": [
                {
                    "word": "2025-06-10T12:00:00Z",
                    "start": 22,
                    "end": 42,
                    "label": "준식별자"
                }
            ]
        },
        {
            "sentence": "운영 수심: 8.5 m, 표층 해류 유속 관측값: 0.12 m/s, 계절성 변동을 고려한 프로파일링을 수행하였습니다.",
            "id": "sample_048_0052_000009",
            "annotations": []
        },
        {
            "sentence": "개체 평균중량(평균치) 시계열 예: 2024-03-15T06:00:00Z avg_weight: 10 g; 2024-06-15T06:00:00Z avg_weight: 85 g; 2025-01-15T06:00:00Z avg_weight: 380 g.",
            "id": "sample_048_0052_000010",
            "annotations": [
                {
                    "word": "2024-06-15T06:00:00Z",
                    "start": 59,
                    "end": 79,
                    "label": "준식별자"
                },
                {
                    "word": "2025-01-15T06:00:00Z",
                    "start": 98,
                    "end": 118,
                    "label": "준식별자"
                }
            ]
        },
        {
            "sentence": "생물량(biomass) 시계열 예: 2024-03-15T06:00:00Z biomass: 500 kg -> 2025-01-15T06:00:00Z biomass: 19,000 kg, 성장곡선은 초기 가속기→포화 형태를 보입니다.",
            "id": "sample_048_0052_000011",
            "annotations": []
        },
        {
            "sentence": "평균 일간 성장률(growth_rate_percent_per_day) 예: 초기 0.8 %/day에서 성체기 0.15 %/day로 감소하며 포화 단계 진입을 확인하였습니다.",
            "id": "sample_048_0052_000012",
            "annotations": []
        },
        {
            "sentence": "질병 이벤트(code: D-0624) 발생(희소 이벤트): 발생일 2024-06-24T03:30:00Z, 영향 범위: 전체 군집의 3.2% 폐사율 보고.",
            "id": "sample_048_0052_000013",
            "annotations": [
                {
                    "word": "2024-06-24T03:30:00Z",
                    "start": 37,
                    "end": 57,
                    "label": "준식별자"
                }
            ]
        },
        {
            "sentence": "치료 조치: Oxytetracycline 50 mg/kg 경구 투여, treatment_date: 2024-06-25T09:00:00Z, 폐사체 분석 및 방역지침에 따라 추적 관찰하였습니다.",
            "id": "sample_048_0052_000014",
            "annotations": [
                {
                    "word": "2024-06-25T09:00:00Z",
                    "start": 55,
                    "end": 75,
                    "label": "준식별자"
                }
            ]
        },
        {
            "sentence": "수확 정보: harvest_date: 2025-01-20T05:00:00Z, harvest_weight_kg: 18,900 kg, harvest_grade: A, packing_lot_id: LOT-2025-07-0023.",
            "id": "sample_048_0052_000015",
            "annotations": [
                {
                    "word": "2025-01-20T05:00:00Z",
                    "start": 21,
                    "end": 41,
                    "label": "준식별자"
                },
                {
                    "word": "LOT-2025-07-0023",
                    "start": 107,
                    "end": 123,
                    "label": "기밀정보"
                }
            ]
        },
        {
            "sentence": "transport_company: 한류물류(주), cold_chain_temperature_log 예시: 2025-01-20T06:00:00Z 0.8 °C; 2025-01-20T12:00:00Z 1.1 °C; 2025-01-20T18:00:00Z NaN(로그 결측).",
            "id": "sample_048_0052_000016",
            "annotations": [
                {
                    "word": "2025-01-20T06:00:00Z",
                    "start": 59,
                    "end": 79,
                    "label": "준식별자"
                },
                {
                    "word": "2025-01-20T12:00:00Z",
                    "start": 88,
                    "end": 108,
                    "label": "준식별자"
                },
                {
                    "word": "2025-01-20T18:00:00Z",
                    "start": 117,
                    "end": 137,
                    "label": "준식별자"
                },
                {
                    "word": "한류물류(주)",
                    "start": 19,
                    "end": 26,
                    "label": "준식별자"
                }
            ]
        },
        {
            "sentence": "규제·검사 식별자: regulatory_permit_id: PERMIT-KR-2023-0456; inspection_report_id: INSP-2025-1102; 관련 문서는 허가·검사 로그와 연계됩니다.",
            "id": "sample_048_0052_000017",
            "annotations": [
                {
                    "word": "PERMIT-KR-2023-0456",
                    "start": 33,
                    "end": 52,
                    "label": "기밀정보"
                },
                {
                    "word": "INSP-2025-1102",
                    "start": 76,
                    "end": 90,
                    "label": "기밀정보"
                }
            ]
        },
        {
            "sentence": "certification_type: ASC(인증), 인증서 ID 예시: ASC-KR-2024-009; 인증 관련 성적서는 별도 파일로 보관합니다.",
            "id": "sample_048_0052_000018",
            "annotations": [
                {
                    "word": "ASC-KR-2024-009",
                    "start": 40,
                    "end": 55,
                    "label": "기밀정보"
                }
            ]
        },
        {
            "sentence": "경제성 지표: economic_costs(총비용): 12,450,000 KRW, revenue(총수익): 18,900,000 KRW; 상세 회계는 내부 검토 대상입니다.",
            "id": "sample_048_0052_000019",
            "annotations": [
                {
                    "word": "12,450,000 KRW",
                    "start": 29,
                    "end": 43,
                    "label": "기밀정보"
                },
                {
                    "word": "18,900,000 KRW",
                    "start": 59,
                    "end": 73,
                    "label": "기밀정보"
                }
            ]
        },
        {
            "sentence": "기술 분석 항목: FCR, 수온-DO 상관관계, 탁도 변화에 따른 먹이섭취량 변동성 등은 모델 입력으로 사용됩니다.",
            "id": "sample_048_0052_000020",
            "annotations": []
        },
        {
            "sentence": "트레이서빌리티 준수: 출하 서류에 LOT-2025-07-0023과 PERMIT-KR-2023-0456을 기재하여 추적 가능하도록 절차를 마련하였습니다.",
            "id": "sample_048_0052_000021",
            "annotations": []
        },
        {
            "sentence": "현장 노트: 샘플 채취자 우계순(현장기술원), 샘플 ID: SAMP-2024-0032, 노트: 표층 해수 채취는 표준 프로토콜에 준하여 수행하였습니다.",
            "id": "sample_048_0052_000022",
            "annotations": [
                {
                    "word": "우계순",
                    "start": 14,
                    "end": 17,
                    "label": "개인정보"
                },
                {
                    "word": "SAMP-2024-0032",
                    "start": 33,
                    "end": 47,
                    "label": "기밀정보"
                }
            ]
        },
        {
            "sentence": "장비 및 네트워크 제약: 일부 부표의 오프라인 상태로 2025-05-12T08:00:00Z에 데이터 동기화 지연이 발생하였으며 보정 절차를 기록하였습니다.",
            "id": "sample_048_0052_000023",
            "annotations": [
                {
                    "word": "2025-05-12T08:00:00Z",
                    "start": 30,
                    "end": 50,
                    "label": "준식별자"
                }
            ]
        },
        {
            "sentence": "위험 관리 및 권고: 수온 상승시 DO 저하에 대비한 산소공급 대비, 항생제 사용 최소화 및 잔류 모니터링 강화 권고를 제시합니다.",
            "id": "sample_048_0052_000024",
            "annotations": []
        },
        {
            "sentence": "데이터 품질: 센서별 측정오차, 결측 비율, 보정 로그 및 동기화 타임스탬프를 포함한 메타데이터를 별첨하였습니다.",
            "id": "sample_048_0052_000025",
            "annotations": []
        },
        {
            "sentence": "참고 및 면책: 이 문서는 합성 데이터로 생성되었으며, 실사용 전 관련 규정·검증 절차 및 현장 실측을 통해 교차검증할 것을 권고합니다.",
            "id": "sample_048_0052_000026",
            "annotations": []
        }
    ]
}