{
    "document_id": "048_0098",
    "document_title": "양식장 운영 및 수질·성장 모니터링 보고서 - 2025년",
    "data": [
        {
            "sentence": "본 문서는 양식업 및 수산업 도메인에서 수질, 성장, 방역 및 트레이서빌리티 항목을 통합적으로 기록한 합성 보고서이며, 합성 데이터임을 명확히 표시합니다.",
            "id": "sample_048_0098_000001",
            "annotations": []
        },
        {
            "sentence": "대상 양식장은 내부 식별자 FARM-2025-0098로 표기하였으며, 모든 로트와 검사 결과는 해당 식별자와 연동하여 추적 가능하도록 구성했습니다.",
            "id": "sample_048_0098_000002",
            "annotations": [
                {
                    "word": "FARM-2025-0098",
                    "start": 15,
                    "end": 29,
                    "label": "기밀정보"
                }
            ]
        },
        {
            "sentence": "양식장 위치는 위도 36.248345, 경도 127.084512, 평균 수심 6.5 m로 기록하였으며, 공간 데이터는 운영 보안상 내부 식별 정보로 취급합니다.",
            "id": "sample_048_0098_000003",
            "annotations": []
        },
        {
            "sentence": "주사육 종은 Penaeus vannamei (흰다리새우)로 명시하였고, 학명과 상용명 모두 표기하여 품종 및 유전형 정보를 명확히 하였습니다.",
            "id": "sample_048_0098_000004",
            "annotations": [
                {
                    "word": "Penaeus vannamei (흰다리새우)",
                    "start": 7,
                    "end": 31,
                    "label": "일반정보"
                }
            ]
        },
        {
            "sentence": "입식 일시는 ISO 8601 포맷으로 2024-03-15T08:00:00Z에 기록하였고, 초기 개체수는 150000 마리로 표기했습니다.",
            "id": "sample_048_0098_000005",
            "annotations": [
                {
                    "word": "2024-03-15T08:00:00Z",
                    "start": 21,
                    "end": 41,
                    "label": "준식별자"
                },
                {
                    "word": "150000",
                    "start": 58,
                    "end": 64,
                    "label": "일반정보"
                }
            ]
        },
        {
            "sentence": "사료 유형은 펠렛(단백질 38%, 지방 6%)이며 일일 투입량은 120 kg/day로 표준 단위를 병기했습니다.",
            "id": "sample_048_0098_000006",
            "annotations": []
        },
        {
            "sentence": "사료전환비(FCR)는 기간별로 측정하여 평균 1.45 kg feed/kg gain으로 집계했으며, 시간에 따른 변동을 계산하여 제시했습니다.",
            "id": "sample_048_0098_000007",
            "annotations": []
        },
        {
            "sentence": "시계열 수온 로그 예시: 2025-07-10T00:00:00Z 27.4°C, 2025-07-10T06:00:00Z 27.8°C, 2025-07-10T12:00:00Z 28.9°C, 2025-07-10T18:00:00Z 28.1°C (센서 노이즈 ±0.2°C 포함).",
            "id": "sample_048_0098_000008",
            "annotations": [
                {
                    "word": "2025-07-10T00:00:00Z",
                    "start": 14,
                    "end": 34,
                    "label": "준식별자"
                },
                {
                    "word": "2025-07-10T06:00:00Z",
                    "start": 43,
                    "end": 63,
                    "label": "준식별자"
                },
                {
                    "word": "2025-07-10T12:00:00Z",
                    "start": 72,
                    "end": 92,
                    "label": "준식별자"
                },
                {
                    "word": "2025-07-10T18:00:00Z",
                    "start": 101,
                    "end": 121,
                    "label": "준식별자"
                }
            ]
        },
        {
            "sentence": "수온 상승 구간에서 용존산소는 감소 경향을 보였으며 시계열 예시: 2025-07-10T12:00:00Z DO 4.2 mg/L, 2025-07-10T18:00:00Z DO 4.6 mg/L로 보정값과 노이즈가 존재합니다.",
            "id": "sample_048_0098_000009",
            "annotations": []
        },
        {
            "sentence": "염도는 표기 단위 PSU로 기록되며 측정 예시: 2025-07-10T12:00:00Z 32.1 PSU, 2025-07-11T12:00:00Z 31.9 PSU (조류 영향으로 변동).",
            "id": "sample_048_0098_000010",
            "annotations": []
        },
        {
            "sentence": "탁도는 NTU 단위로 기록하였고 예시값은 4.5 NTU에서 7.8 NTU 범위였으며, 센서 간 보정 미스에 따른 간헐적 결측값(null)이 포함됩니다.",
            "id": "sample_048_0098_000011",
            "annotations": []
        },
        {
            "sentence": "pH는 7.8~8.2 범위로 측정되었으며 해수의 탄산염 완충으로 큰 변동성은 제한적이었습니다.",
            "id": "sample_048_0098_000012",
            "annotations": []
        },
        {
            "sentence": "생물량(biomass)은 입식 후 가속 성장기와 포화기를 반영하여 시간별 누적값으로 기록하였고 예시 최종값은 3,450 kg입니다.",
            "id": "sample_048_0098_000013",
            "annotations": []
        },
        {
            "sentence": "개체 평균 체중은 초기 3.2 g에서 가속 성장기를 거쳐 75.4 g(수확 직전)로 포화 곡선을 따랐습니다.",
            "id": "sample_048_0098_000014",
            "annotations": []
        },
        {
            "sentence": "일별 성장률은 percent per day로 표기하여 초기 평균 4.2%/day에서 후기 0.6%/day로 감소하는 생물학적 성장곡선을 반영했습니다.",
            "id": "sample_048_0098_000015",
            "annotations": []
        },
        {
            "sentence": "희소 질병 이벤트로 코드 DISEASE-VIB-001이 2025-06-20에 단일 발생하였고, 발생 범위는 전체 개체의 1.8%로 파악되었습니다.",
            "id": "sample_048_0098_000016",
            "annotations": [
                {
                    "word": "2025-06-20",
                    "start": 31,
                    "end": 41,
                    "label": "준식별자"
                },
                {
                    "word": "DISEASE-VIB-001",
                    "start": 14,
                    "end": 29,
                    "label": "일반정보"
                }
            ]
        },
        {
            "sentence": "치료 약제는 Oxytetracycline 10 mg/kg 투여로 기록되었으며 투약 일시는 2025-06-20T14:30:00Z로 표준화하였습니다.",
            "id": "sample_048_0098_000017",
            "annotations": [
                {
                    "word": "2025-06-20T14:30:00Z",
                    "start": 50,
                    "end": 70,
                    "label": "준식별자"
                }
            ]
        },
        {
            "sentence": "치료 후 모니터링 결과 사망률은 질병 발생군에서 0.6% 추가로 기록되었으며 방역 및 폐사는 일관되게 로깅되었습니다.",
            "id": "sample_048_0098_000018",
            "annotations": []
        },
        {
            "sentence": "수확 일시는 2025-10-12T06:00:00Z로 기록하였고 총 수확량은 3,420 kg, 등급은 Premium으로 표기했습니다.",
            "id": "sample_048_0098_000019",
            "annotations": [
                {
                    "word": "2025-10-12T06:00:00Z",
                    "start": 7,
                    "end": 27,
                    "label": "준식별자"
                },
                {
                    "word": "3,420 kg",
                    "start": 42,
                    "end": 50,
                    "label": "일반정보"
                }
            ]
        },
        {
            "sentence": "포장 로트 식별자 LOT-2025-078A를 부여하여 트레이서빌리티를 확보하였고, 로트는 정제된 바코드와 연동되어 있습니다.",
            "id": "sample_048_0098_000020",
            "annotations": [
                {
                    "word": "LOT-2025-078A",
                    "start": 10,
                    "end": 23,
                    "label": "기밀정보"
                }
            ]
        },
        {
            "sentence": "운송사는 동해냉체운송(주)으로 선정되었고 냉체인 온도 로그는 ISO 시간대 표기와 함께 분 단위로 기록됩니다.",
            "id": "sample_048_0098_000021",
            "annotations": [
                {
                    "word": "동해냉체운송(주)",
                    "start": 5,
                    "end": 14,
                    "label": "일반정보"
                }
            ]
        },
        {
            "sentence": "냉체인 온도 로그 예: 2025-10-12T08:00:00Z -1.5°C, 2025-10-12T12:00:00Z -0.8°C, 2025-10-12T16:00:00Z -0.5°C로 운송 중 변동과 센서 잡음이 반영됩니다.",
            "id": "sample_048_0098_000022",
            "annotations": [
                {
                    "word": "2025-10-12T08:00:00Z",
                    "start": 13,
                    "end": 33,
                    "label": "준식별자"
                }
            ]
        },
        {
            "sentence": "규제 허가 식별자 PERMIT-ROK-2024-1152는 지역 해역 관리 프레임을 반영하여 기록하였고 검사보고서 ID는 INSP-2025-0491로 연동됩니다.",
            "id": "sample_048_0098_000023",
            "annotations": [
                {
                    "word": "PERMIT-ROK-2024-1152",
                    "start": 10,
                    "end": 30,
                    "label": "기밀정보"
                },
                {
                    "word": "INSP-2025-0491",
                    "start": 67,
                    "end": 81,
                    "label": "기밀정보"
                }
            ]
        },
        {
            "sentence": "인증 유형은 ASC 인증 준비 단계로 표기하였고 관련 문서와 검사성적서는 트레이서빌리티 레포지토리에 보관됩니다.",
            "id": "sample_048_0098_000024",
            "annotations": []
        },
        {
            "sentence": "운영 비용 및 수익 항목은 회계 기준에 따라 집계하였으며 예시로 총 운영비용 68,400,000 KRW, 총매출 112,500,000 KRW로 요약했습니다.",
            "id": "sample_048_0098_000025",
            "annotations": [
                {
                    "word": "68,400,000 KRW",
                    "start": 43,
                    "end": 57,
                    "label": "기밀정보"
                },
                {
                    "word": "112,500,000 KRW",
                    "start": 63,
                    "end": 78,
                    "label": "기밀정보"
                }
            ]
        },
        {
            "sentence": "현장 책임자 담당자 이름 강수형은 생산 및 방역 보고의 최종 검토자로 명시되었고 내부 승인 기록에 연결됩니다.",
            "id": "sample_048_0098_000026",
            "annotations": [
                {
                    "word": "강수형",
                    "start": 14,
                    "end": 17,
                    "label": "개인정보"
                }
            ]
        },
        {
            "sentence": "현장 데이터 동기화와 네트워크 장애 대응을 담당한 엔지니어로 서무겸이 로깅 및 시정조치 항목에 서명했습니다.",
            "id": "sample_048_0098_000027",
            "annotations": [
                {
                    "word": "서무겸",
                    "start": 34,
                    "end": 37,
                    "label": "개인정보"
                }
            ]
        },
        {
            "sentence": "메모: 센서 오프라인으로 인해 2025-07-11T00:00:00Z~2025-07-11T06:00:00Z 구간의 DO 값 일부가 결측(null)이며 보간 추정치를 별도 표기했습니다.",
            "id": "sample_048_0098_000028",
            "annotations": [
                {
                    "word": "2025-07-11T00:00:00Z",
                    "start": 17,
                    "end": 37,
                    "label": "준식별자"
                },
                {
                    "word": "2025-07-11T06:00:00Z",
                    "start": 38,
                    "end": 58,
                    "label": "준식별자"
                }
            ]
        },
        {
            "sentence": "기록된 모든 로트와 검사 이력은 포장 로트와 규제 허가 ID를 통해 소비자까지 추적 가능하도록 설계되었으나, 실사용 시에는 실제 규정 준수를 재확인해야 합니다.",
            "id": "sample_048_0098_000029",
            "annotations": []
        },
        {
            "sentence": "결론 및 권고: 본 합성 데이터는 시스템 테스트 및 모델 검증용으로만 사용하며, 실제 운영 배포 전에는 현지 규정, 검역 및 인증 절차를 엄격히 이행할 것을 권고합니다.",
            "id": "sample_048_0098_000030",
            "annotations": []
        }
    ]
}