{
    "document_id": "048_0061",
    "document_title": "양식장 운영·모니터링 및 추적관리 보고서 (부산 기장 해상양식장)",
    "data": [
        {
            "sentence": "본 문서는 farm_id: FARM-048-0061 기준으로 작성된 부산광역시 기장군 연안 해상양식장의 운영·모니터링 및 트레이서빌리티 보고서입니다.",
            "id": "sample_048_0061_000001",
            "annotations": [
                {
                    "word": "FARM-048-0061",
                    "start": 15,
                    "end": 28,
                    "label": "기밀정보"
                },
                {
                    "word": "부산광역시 기장군",
                    "start": 38,
                    "end": 47,
                    "label": "준식별자"
                }
            ]
        },
        {
            "sentence": "현장 책임자(관리자)는 고채현이며, 운영 요약·긴급연락·검사 대응의 책임을 집니다.",
            "id": "sample_048_0061_000002",
            "annotations": [
                {
                    "word": "고채현",
                    "start": 13,
                    "end": 16,
                    "label": "개인정보"
                }
            ]
        },
        {
            "sentence": "현장 보건 및 방역 담당자는 정진만이며, 방역 로그 및 시료 채취 일지를 관리합니다.",
            "id": "sample_048_0061_000003",
            "annotations": [
                {
                    "word": "정진만",
                    "start": 16,
                    "end": 19,
                    "label": "개인정보"
                }
            ]
        },
        {
            "sentence": "검사 및 규정 서류 제출 담당자는 원동민으로, 검사성적서와 허가서 관련 문서의 최종 검토를 수행하였습니다.",
            "id": "sample_048_0061_000004",
            "annotations": [
                {
                    "word": "원동민",
                    "start": 19,
                    "end": 22,
                    "label": "개인정보"
                }
            ]
        },
        {
            "sentence": "초기 입식 정보: species: 넙치 (Paralichthys olivaceus, Korean flounder), stocking_date: 2024-03-20T09:00:00+09:00, initial_stock_count: 120000 개체.",
            "id": "sample_048_0061_000005",
            "annotations": [
                {
                    "word": "2024-03-20T09:00:00+09:00",
                    "start": 80,
                    "end": 105,
                    "label": "준식별자"
                },
                {
                    "word": "2024",
                    "start": 80,
                    "end": 84,
                    "label": "준식별자"
                },
                {
                    "word": "03",
                    "start": 85,
                    "end": 87,
                    "label": "준식별자"
                },
                {
                    "word": "20",
                    "start": 80,
                    "end": 82,
                    "label": "준식별자"
                },
                {
                    "word": "20",
                    "start": 88,
                    "end": 90,
                    "label": "준식별자"
                },
                {
                    "word": "20",
                    "start": 129,
                    "end": 131,
                    "label": "준식별자"
                }
            ]
        },
        {
            "sentence": "양식장 위치: 위도 35.1989N, 경도 129.2006E, 수심 water_depth: 12.5 m이며 계절 조류 및 수심별 유동성을 고려해 설치되었습니다.",
            "id": "sample_048_0061_000006",
            "annotations": []
        },
        {
            "sentence": "사료 정보: feed_type: 상업용 펠릿(단백질 55%), feed_amount_daily: 150 kg/day(집단 보정값), feed_conversion_ratio: 1.25 (실측 평균값, 단위 kg사료/kg증체).",
            "id": "sample_048_0061_000007",
            "annotations": []
        },
        {
            "sentence": "시계열 센서 로그(예: 수온·염도·DO)는 ISO 8601 타임스탬프와 단위를 포함해 저장됩니다; 예시 2024-06-01T00:00:00Z 수온 17.8 °C, 염도 32.1 PSU, DO 7.9 mg/L, 탁도 1.8 NTU, pH 8.05.",
            "id": "sample_048_0061_000008",
            "annotations": []
        },
        {
            "sentence": "다음 일자 2024-06-02T00:00:00Z 기록에는 수온 18.4 °C, 염도 31.9 PSU, DO 7.6 mg/L, 탁도 2.0 NTU, pH 8.02로 소폭 상승·저하 패턴이 관측되었습니다.",
            "id": "sample_048_0061_000009",
            "annotations": []
        },
        {
            "sentence": "센서 노이즈 및 결측 예시: 2024-06-03T00:00:00Z 수온 null (센서 오프라인), 2024-06-03T00:10:00Z 수온 19.1 °C(재동기화 후 보정값 포함).",
            "id": "sample_048_0061_000010",
            "annotations": []
        },
        {
            "sentence": "물리적 상관관계: 관측 기간 동안 수온 상승(17→19 °C)에 따라 용존산소가 약간 감소하는 경향이 있으며(예: DO 7.9→7.2 mg/L), 이는 모델 보정에 반영됩니다.",
            "id": "sample_048_0061_000011",
            "annotations": []
        },
        {
            "sentence": "생체량 측정은 주간 샘플링으로 수행되며 biomass_kg: 2024-09-01 기준 1,420.5 kg, 개체별 평균 individual_average_weight_g: 11.8 g로 기록되었습니다.",
            "id": "sample_048_0061_000012",
            "annotations": []
        },
        {
            "sentence": "성장률(growth_rate_percent_per_day)은 초기 가속기 단계에서 일시적으로 0.35%/day, 중기 포화 단계에서 평균 0.12%/day로 관측되어 전형적 시그모이드 곡선을 따릅니다.",
            "id": "sample_048_0061_000013",
            "annotations": []
        },
        {
            "sentence": "질병 이벤트는 희소하게 기록되며, 본 사례에서는 disease_event_code: DISS-01(국소부식성 박테리아 의심)로 분류되었습니다.",
            "id": "sample_048_0061_000014",
            "annotations": []
        },
        {
            "sentence": "치료 조치: treatment_administered: Oxytetracycline 50 mg/kg(수질 및 먹이주입 혼합), treatment_date: 2024-07-02T14:30:00+09:00, 사후 모니터링 및 폐사율 기록 병행.",
            "id": "sample_048_0061_000015",
            "annotations": [
                {
                    "word": "2024-07-02T14:30:00+09:00",
                    "start": 87,
                    "end": 112,
                    "label": "준식별자"
                },
                {
                    "word": "2024",
                    "start": 87,
                    "end": 91,
                    "label": "준식별자"
                },
                {
                    "word": "07",
                    "start": 92,
                    "end": 94,
                    "label": "준식별자"
                },
                {
                    "word": "02",
                    "start": 88,
                    "end": 90,
                    "label": "준식별자"
                },
                {
                    "word": "02",
                    "start": 95,
                    "end": 97,
                    "label": "준식별자"
                }
            ]
        },
        {
            "sentence": "질병 영향: 해당 이벤트에서 관찰된 누적 폐사율은 2.3%였으며, 감염 집단은 분리·폐기 조치와 연속 검사로 관리되었습니다.",
            "id": "sample_048_0061_000016",
            "annotations": []
        },
        {
            "sentence": "수확 계획 및 이력: harvest_date: 2025-06-15T05:00:00+09:00, harvest_weight_kg: 1,980.0 kg(총), harvest_grade: A(상급 기준, 등급화 프로토콜 적용).",
            "id": "sample_048_0061_000017",
            "annotations": [
                {
                    "word": "2025-06-15T05:00:00+09:00",
                    "start": 26,
                    "end": 51,
                    "label": "준식별자"
                },
                {
                    "word": "2025",
                    "start": 26,
                    "end": 30,
                    "label": "준식별자"
                },
                {
                    "word": "06",
                    "start": 31,
                    "end": 33,
                    "label": "준식별자"
                },
                {
                    "word": "15",
                    "start": 34,
                    "end": 36,
                    "label": "준식별자"
                }
            ]
        },
        {
            "sentence": "포장 및 로트 추적: packing_lot_id: LOT-AX-00512, 로트별 트레이서빌리티는 가공·유통 단계까지 연결됩니다.",
            "id": "sample_048_0061_000018",
            "annotations": [
                {
                    "word": "LOT-AX-00512",
                    "start": 28,
                    "end": 40,
                    "label": "기밀정보"
                }
            ]
        },
        {
            "sentence": "운송 및 냉체인: transport_company: 한림물류주식회사, 출하 직후 냉체인 온도 기록(cold_chain_temperature_log) 예시 2025-06-15T06:10:00+09:00  -1.8 °C, 2025-06-15T09:00:00+09:00 -1.5 °C.",
            "id": "sample_048_0061_000019",
            "annotations": [
                {
                    "word": "한림물류주식회사",
                    "start": 29,
                    "end": 37,
                    "label": "준식별자"
                }
            ]
        },
        {
            "sentence": "냉체인 이상치 예시: 2025-06-15T12:00:00+09:00 온도 3.2 °C(트럭 문 열림으로 인한 단기 상승), 이는 운송 로그와 카메라 이벤트로 교차검증됩니다.",
            "id": "sample_048_0061_000020",
            "annotations": []
        },
        {
            "sentence": "규제 및 검사: regulatory_permit_id: PERMIT-BS-2024-019, inspection_report_id: INSP-2024-78이 해당 로트의 문서 트레이서빌리티에 연결되어 있습니다.",
            "id": "sample_048_0061_000021",
            "annotations": [
                {
                    "word": "PERMIT-BS-2024-019",
                    "start": 31,
                    "end": 49,
                    "label": "기밀정보"
                },
                {
                    "word": "INSP-2024-78",
                    "start": 73,
                    "end": 85,
                    "label": "기밀정보"
                }
            ]
        },
        {
            "sentence": "인증 정보: certification_type: ASC (Aquaculture Stewardship Council) 획득 상태로, 인증 규격에 따른 기록 보존 및 공개가 적용됩니다.",
            "id": "sample_048_0061_000022",
            "annotations": []
        },
        {
            "sentence": "회계 및 경제성: economic_costs: 23,480,000 KRW(사료·인건비·약제 포함, 기간 누적), revenue: 38,720,000 KRW(출하 기준 추정), 단위는 원화로 표기되었습니다.",
            "id": "sample_048_0061_000023",
            "annotations": []
        },
        {
            "sentence": "현장 비고: 센서 교정 주기 90일 준수, 오프라인 데이터 수집기(로컬 로그)와 클라우드 동기화 간 주기적 일치 검증 필요.",
            "id": "sample_048_0061_000024",
            "annotations": []
        },
        {
            "sentence": "추적성 권고: 가공 후 포장 라벨에 packing_lot_id를 명기하고, 소비자용 QR에 regulatory_permit_id와 inspection_report_id의 요약을 연결하되 내부 원문은 접근 제어합니다.",
            "id": "sample_048_0061_000025",
            "annotations": []
        },
        {
            "sentence": "데이터 품질 메모: 일부 시계열에서 간헐적 null과 스파이크가 발생했으며, 결측은 보간 또는 플래그 처리하고 이상치는 물리적 상관성으로 재검증합니다.",
            "id": "sample_048_0061_000026",
            "annotations": []
        },
        {
            "sentence": "보안 및 개인정보: 작업자 이름은 보고서에 필요한 범위로 기재되었으며, 외부 배포 시 익명화·해시 처리 후 공개할 것을 권고합니다.",
            "id": "sample_048_0061_000027",
            "annotations": []
        },
        {
            "sentence": "배포 주의사항: 본 문서는 합성 데이터임을 명확히 표시하고, 실제 운영 환경에 배포 시 관련 규제와 현장 검증 절차를 따를 것을 권고합니다.",
            "id": "sample_048_0061_000028",
            "annotations": []
        },
        {
            "sentence": "결론 및 액션 아이템: 센서 보정(30일 내), 냉체인 알람 임계치 재설정, 규제 문서 원본 보관 정책 수립, 그리고 차기 수확 전 병해충 감시 강화 권고.",
            "id": "sample_048_0061_000029",
            "annotations": []
        },
        {
            "sentence": "참고: 모든 타임스탬프는 ISO 8601 형식으로 표기되며 단위는 명시되어 있습니다; 실사용 전 규제·검증 절차를 준수하시기 바랍니다.",
            "id": "sample_048_0061_000030",
            "annotations": []
        }
    ]
}