{
    "document_id": "048_0008",
    "document_title": "통영 연안 무지개송어 양식장 운영 및 모니터링 종합보고서",
    "data": [
        {
            "sentence": "본 문서는 양식업 및 수산업 운영을 위한 통합 모니터링, 성장관리, 규제추적성 보고서를 합성 데이터로 작성한 예시 문서입니다.",
            "id": "sample_048_0008_000001",
            "annotations": []
        },
        {
            "sentence": "문서는 서론, 현장 상세, 시계열 센서 로그, 질병 및 방역 이력, 수확 및 물류, 규제·검사 연계, 결론 및 권고안으로 구성됩니다.",
            "id": "sample_048_0008_000002",
            "annotations": []
        },
        {
            "sentence": "현장 메타데이터: farm_id는 FARM-048-008이며 site_name은 통영시 연안 양식장 A이고 위도 34.8500°N, 경도 128.4250°E, 수심 평균 8.5 m로 기재합니다.",
            "id": "sample_048_0008_000003",
            "annotations": [
                {
                    "word": "통영시",
                    "start": 45,
                    "end": 48,
                    "label": "준식별자"
                }
            ]
        },
        {
            "sentence": "운영담당자 및 트레이서빌리티 연계: 담당자(익명화 표기) 백효은 (ID 해시: 5f4dcc3b5aa765d61d8327deb882cf99)으로 로트·허가 연계를 수행했습니다.",
            "id": "sample_048_0008_000004",
            "annotations": [
                {
                    "word": "백효은",
                    "start": 32,
                    "end": 35,
                    "label": "개인정보"
                }
            ]
        },
        {
            "sentence": "입식 정보: species는 Oncorhynchus mykiss (무지개송어), stocking_date 2024-03-15T09:00:00+09:00, initial_stock_count 120000 마리로 표기합니다.",
            "id": "sample_048_0008_000005",
            "annotations": [
                {
                    "word": "2024-03-15T09:00:00+09:00",
                    "start": 59,
                    "end": 84,
                    "label": "준식별자"
                }
            ]
        },
        {
            "sentence": "사료 및 사양: feed_type은 고단백 펠릿(단백질 45%), feed_amount_daily 평균 150 kg/day, 평균 FCR(feed_conversion_ratio) 1.2 kg 사료/kg 증가로 집계합니다.",
            "id": "sample_048_0008_000006",
            "annotations": []
        },
        {
            "sentence": "현장 센서 네트워크 개요: 수온·염분·용존산소·탁도·pH 센서를 부이와 해저캡으로 분산 설치하며 오프라인 동기화와 로컬 로그 보존을 병행합니다.",
            "id": "sample_048_0008_000007",
            "annotations": []
        },
        {
            "sentence": "수온 시계열(예시): 2024-06-01T00:00:00Z 12.6°C, 2024-06-01T06:00:00Z 13.2°C, 2024-06-01T12:00:00Z 14.1°C로 초기 가속 성장기에서 점차 포화구간으로 전환되는 패턴을 반영했습니다.",
            "id": "sample_048_0008_000008",
            "annotations": [
                {
                    "word": "2024-06-01T00:00:00Z",
                    "start": 12,
                    "end": 32,
                    "label": "준식별자"
                },
                {
                    "word": "2024-06-01T06:00:00Z",
                    "start": 41,
                    "end": 61,
                    "label": "준식별자"
                },
                {
                    "word": "2024-06-01T12:00:00Z",
                    "start": 70,
                    "end": 90,
                    "label": "준식별자"
                }
            ]
        },
        {
            "sentence": "염분(PSU) 로그 예시: 2024-06-01T12:00:00Z 31.8 PSU, 수심·조류 영향으로 ±0.3 PSU의 센서 노이즈와 간헐적 결측(NULL)을 포함했습니다.",
            "id": "sample_048_0008_000009",
            "annotations": [
                {
                    "word": "2024-06-01T12:00:00Z",
                    "start": 15,
                    "end": 35,
                    "label": "준식별자"
                }
            ]
        },
        {
            "sentence": "용존산소(DO) 관측: 2024-06-01T18:00:00Z 7.2 mg/L, 수온 상승 시 DO 감소 경향을 반영하고 센서 오프셋 ±0.15 mg/L를 모사했습니다.",
            "id": "sample_048_0008_000010",
            "annotations": [
                {
                    "word": "2024-06-01T18:00:00Z",
                    "start": 13,
                    "end": 33,
                    "label": "준식별자"
                }
            ]
        },
        {
            "sentence": "탁도 및 pH 샘플: 2024-06-02T09:30:00+09:00 탁도 2.4 NTU, pH 7.8로 기록하였으며 표준 단위와 수집 타임스탬프를 명기합니다.",
            "id": "sample_048_0008_000011",
            "annotations": [
                {
                    "word": "2024-06-02T09:30:00+09:00",
                    "start": 12,
                    "end": 37,
                    "label": "준식별자"
                }
            ]
        },
        {
            "sentence": "생체량(Biomass) 및 개체중: 특정 조사에서 biomass_kg 1450.0 kg, individual_average_weight_g 120.8 g을 보고했으며 성장률은 일평균 0.45%로 계산했습니다.",
            "id": "sample_048_0008_000012",
            "annotations": []
        },
        {
            "sentence": "성장곡선 설명: 초기 가속기 단계에서 개체중 증가가 빠르며 보급·사료제한·밀도효과로 인해 후기에는 포화 양상을 보이는 전형적 생물학적 성장곡선을 모사했습니다.",
            "id": "sample_048_0008_000013",
            "annotations": []
        },
        {
            "sentence": "질병 이벤트(희소): disease_event_code D-2024-001이 2024-05-20에 식별되었고 clinical sign은 수면 불안 및 식욕저하로 보고되었습니다.",
            "id": "sample_048_0008_000014",
            "annotations": [
                {
                    "word": "D-2024-001",
                    "start": 31,
                    "end": 41,
                    "label": "일반정보"
                }
            ]
        },
        {
            "sentence": "치료 이력: treatment_administered oxytetracycline 투여(수조별 전용 투여), treatment_date 2024-05-20T14:30:00+09:00, 이행 후 모니터링으로 14일 내 상태 호전을 확인했습니다.",
            "id": "sample_048_0008_000015",
            "annotations": [
                {
                    "word": "2024-05-20T14:30:00+09:00",
                    "start": 76,
                    "end": 101,
                    "label": "준식별자"
                }
            ]
        },
        {
            "sentence": "폐사 및 영향 범위: 해당 이벤트로 총 폐사 350마리 발생, 피해 로트 비율 0.29%로 기록하였고 방역 후 전파 제어 조치를 시행했습니다.",
            "id": "sample_048_0008_000016",
            "annotations": []
        },
        {
            "sentence": "수확 일정 및 결과: harvest_date 2024-10-30T07:00:00+09:00에 전량 수확을 실시하여 harvest_weight_kg 1380.0 kg을 확보했습니다.",
            "id": "sample_048_0008_000017",
            "annotations": [
                {
                    "word": "2024-10-30T07:00:00+09:00",
                    "start": 25,
                    "end": 50,
                    "label": "준식별자"
                }
            ]
        },
        {
            "sentence": "포장 및 로트: harvest_grade A, packing_lot_id LOT-ASC-20241030-0001로 등급·로트 연계를 통해 트레이서빌리티를 확보했습니다.",
            "id": "sample_048_0008_000018",
            "annotations": [
                {
                    "word": "LOT-ASC-20241030-0001",
                    "start": 41,
                    "end": 62,
                    "label": "기밀정보"
                }
            ]
        },
        {
            "sentence": "운송 및 콜드체인: transport_company 해상운송주식회사와 연계하여 출하 후 냉장체인 유지 및 온도로깅을 수행했습니다.",
            "id": "sample_048_0008_000019",
            "annotations": []
        },
        {
            "sentence": "콜드체인 온도로그 예시: 2024-10-30T08:00:00+09:00 -0.8°C, 2024-10-30T12:00:00+09:00 -1.1°C, 2024-10-30T18:00:00+09:00 -0.9°C로 연속 로깅하였습니다.",
            "id": "sample_048_0008_000020",
            "annotations": [
                {
                    "word": "2024-10-30T08:00:00+09:00",
                    "start": 14,
                    "end": 39,
                    "label": "준식별자"
                },
                {
                    "word": "2024-10-30T12:00:00+09:00",
                    "start": 48,
                    "end": 73,
                    "label": "준식별자"
                },
                {
                    "word": "2024-10-30T18:00:00+09:00",
                    "start": 82,
                    "end": 107,
                    "label": "준식별자"
                }
            ]
        },
        {
            "sentence": "규제·허가 연계: regulatory_permit_id PERM-2023-00987을 통해 해역 사용 허가 및 위생검사를 연동하여 기록했습니다.",
            "id": "sample_048_0008_000021",
            "annotations": [
                {
                    "word": "PERM-2023-00987",
                    "start": 31,
                    "end": 46,
                    "label": "기밀정보"
                }
            ]
        },
        {
            "sentence": "검사보고서 참조: inspection_report_id INSP-2024-00421에 상세 검사성적서와 미생물 검사 결과 원문을 연결해 증적을 유지했습니다.",
            "id": "sample_048_0008_000022",
            "annotations": [
                {
                    "word": "INSP-2024-00421",
                    "start": 31,
                    "end": 46,
                    "label": "기밀정보"
                }
            ]
        },
        {
            "sentence": "인증 및 경제성: certification_type ASC 인증 준비 단계, economic_costs 총비용은 18,500,000 KRW, revenue 예상수익은 24,200,000 KRW로 회계기록을 첨부했습니다.",
            "id": "sample_048_0008_000023",
            "annotations": []
        },
        {
            "sentence": "보고서 메타: 본 문서 생성일 2025-01-15T10:00:00+09:00 기준의 합성 데이터 예시이며 실사용 전 실제 규제·검증 절차를 준수할 것을 권고합니다.",
            "id": "sample_048_0008_000024",
            "annotations": [
                {
                    "word": "2025-01-15T10:00:00+09:00",
                    "start": 17,
                    "end": 42,
                    "label": "준식별자"
                }
            ]
        },
        {
            "sentence": "비고 및 데이터 품질: 센서 노이즈(가우시안 ±0.1~0.3)와 간헐적 결측이 포함되어 있으며 결측 시 로컬 보간과 백업 로그를 사용했습니다.",
            "id": "sample_048_0008_000025",
            "annotations": []
        },
        {
            "sentence": "추적성 관리: 로트·허가·검사ID를 모든 주요 이벤트와 연결하여 생산단계에서 소비자 소비지점까지 추적 가능하도록 설계했습니다.",
            "id": "sample_048_0008_000026",
            "annotations": []
        },
        {
            "sentence": "바이오시큐리티와 개인정보 보호: 작업자 이름은 익명화 또는 해시 처리하여 기록하고 접근 통제 로그를 유지합니다.",
            "id": "sample_048_0008_000027",
            "annotations": []
        },
        {
            "sentence": "결론 및 조치항목: 다음 정기검사 예정일은 2025-02-15T09:00:00+09:00이며 해당 일자 전후 센서 캘리브레이션 및 샘플링을 권고합니다.",
            "id": "sample_048_0008_000028",
            "annotations": [
                {
                    "word": "2025-02-15T09:00:00+09:00",
                    "start": 24,
                    "end": 49,
                    "label": "준식별자"
                }
            ]
        }
    ]
}