{
    "document_id": "007_0004",
    "document_title": "주문·배송·CS 통합 트랜잭션 로그 리포트",
    "data": [
        {
            "sentence": "본 문서는 전자상거래 플랫폼의 주문에서 반송까지의 트랜잭션을 통합 기록하기 위해 작성된 내부 리포트입니다.",
            "id": "sample_007_0004_000001",
            "annotations": []
        },
        {
            "sentence": "작성일: 2025-12-29, 보고 대상: ORD 기반 주문·결제·배송·CS 연계 로그의 샘플 추적 자료입니다.",
            "id": "sample_007_0004_000002",
            "annotations": [
                {
                    "word": "2025",
                    "start": 5,
                    "end": 9,
                    "label": "준식별자"
                },
                {
                    "word": "12",
                    "start": 10,
                    "end": 12,
                    "label": "준식별자"
                },
                {
                    "word": "29",
                    "start": 13,
                    "end": 15,
                    "label": "준식별자"
                }
            ]
        },
        {
            "sentence": "리포트 요약에서는 처리 건수, 반품률, 평균 배송 시간과 예외 케이스를 우선적으로 표기합니다.",
            "id": "sample_007_0004_000003",
            "annotations": []
        },
        {
            "sentence": "주문서 ORD-202512290001 고객명 김해인, 연락처 010-1234-5678, 이메일 kim.haein@example.com, 주문상태 결제완료로 접수되었습니다.",
            "id": "sample_007_0004_000004",
            "annotations": [
                {
                    "word": "김해인",
                    "start": 25,
                    "end": 28,
                    "label": "개인정보"
                },
                {
                    "word": "010-1234-5678",
                    "start": 34,
                    "end": 47,
                    "label": "개인정보"
                },
                {
                    "word": "kim.haein@example.com",
                    "start": 53,
                    "end": 74,
                    "label": "개인정보"
                }
            ]
        },
        {
            "sentence": "배송지 상세: 서울특별시 강남구 역삼동 123-45, 101동 302호, 수령인 김해인으로 등록되어 물류에 전달되었습니다.",
            "id": "sample_007_0004_000005",
            "annotations": [
                {
                    "word": "서울특별시 강남구 역삼동 123-45, 101동 302호",
                    "start": 8,
                    "end": 39,
                    "label": "개인정보"
                },
                {
                    "word": "서울특별시",
                    "start": 8,
                    "end": 13,
                    "label": "준식별자"
                },
                {
                    "word": "강남구",
                    "start": 14,
                    "end": 17,
                    "label": "준식별자"
                },
                {
                    "word": "역삼동",
                    "start": 18,
                    "end": 21,
                    "label": "준식별자"
                },
                {
                    "word": "김해인",
                    "start": 45,
                    "end": 48,
                    "label": "개인정보"
                }
            ]
        },
        {
            "sentence": "고객 개인정보 중 생년월일 1990-05-14 및 성별 여성 정보는 고객 세그먼트 확인 용도로 동기화되었습니다.",
            "id": "sample_007_0004_000006",
            "annotations": [
                {
                    "word": "1990",
                    "start": 15,
                    "end": 19,
                    "label": "준식별자"
                },
                {
                    "word": "05",
                    "start": 20,
                    "end": 22,
                    "label": "준식별자"
                },
                {
                    "word": "14",
                    "start": 23,
                    "end": 25,
                    "label": "준식별자"
                },
                {
                    "word": "여성",
                    "start": 31,
                    "end": 33,
                    "label": "준식별자"
                }
            ]
        },
        {
            "sentence": "주문 품목: SKU-PRD-0001 수량 2, 상품명 '무선 이어폰 X1', 단가 59,000원, 재고 연동 상태 확인 완료입니다.",
            "id": "sample_007_0004_000007",
            "annotations": []
        },
        {
            "sentence": "추가 품목: SKU-PRD-0002 수량 1, 상품명 '보조배터리 B200', 단가 11,000원, 출고 대기 중으로 표기되었습니다.",
            "id": "sample_007_0004_000008",
            "annotations": []
        },
        {
            "sentence": "결제 정보: 결제수단 신용카드, 결제금액 129,000원, 결제일 2025-12-29, 주문상태 결제완료로 확정 처리되었습니다.",
            "id": "sample_007_0004_000009",
            "annotations": [
                {
                    "word": "2025",
                    "start": 37,
                    "end": 41,
                    "label": "준식별자"
                },
                {
                    "word": "12",
                    "start": 23,
                    "end": 25,
                    "label": "준식별자"
                },
                {
                    "word": "12",
                    "start": 42,
                    "end": 44,
                    "label": "준식별자"
                },
                {
                    "word": "29",
                    "start": 24,
                    "end": 26,
                    "label": "준식별자"
                },
                {
                    "word": "29",
                    "start": 45,
                    "end": 47,
                    "label": "준식별자"
                }
            ]
        },
        {
            "sentence": "배송 송장 AWB202512290001, 배송사 로지코, 배송기사 원윤승, 기사 연락처 010-9876-5432, 운송상태 배송중으로 등록되었습니다.",
            "id": "sample_007_0004_000010",
            "annotations": [
                {
                    "word": "원윤승",
                    "start": 37,
                    "end": 40,
                    "label": "개인정보"
                },
                {
                    "word": "010-9876-5432",
                    "start": 49,
                    "end": 62,
                    "label": "개인정보"
                }
            ]
        },
        {
            "sentence": "물류 창고 로그: SKU-PRD-0001 입고 창고 W-HQ-01, 출고 처리 일자 2025-12-29, 출고 담당 로그 기록 완료.",
            "id": "sample_007_0004_000011",
            "annotations": [
                {
                    "word": "2025",
                    "start": 47,
                    "end": 51,
                    "label": "준식별자"
                },
                {
                    "word": "12",
                    "start": 52,
                    "end": 54,
                    "label": "준식별자"
                },
                {
                    "word": "29",
                    "start": 55,
                    "end": 57,
                    "label": "준식별자"
                }
            ]
        },
        {
            "sentence": "CS 상담 발생: 상담ID CS-20251229-0001, 상담원 류준영, 사번 20258, 상담유형 반품문의로 접수되었습니다.",
            "id": "sample_007_0004_000012",
            "annotations": [
                {
                    "word": "류준영",
                    "start": 37,
                    "end": 40,
                    "label": "개인정보"
                },
                {
                    "word": "사번 20258",
                    "start": 42,
                    "end": 50,
                    "label": "개인정보"
                }
            ]
        },
        {
            "sentence": "상담 내용 요약: 고객 김해인 반품 요청 접수, 사유는 상품 불량으로 접수되어 반송 절차로 이관 예정입니다.",
            "id": "sample_007_0004_000013",
            "annotations": [
                {
                    "word": "김해인",
                    "start": 13,
                    "end": 16,
                    "label": "개인정보"
                }
            ]
        },
        {
            "sentence": "CS 처리 결과: 교환 안내 및 반품 접수 완료, 담당자 백예윤 승인, 처리일 2025-12-30, 주문상태 취소완료로 변경되었습니다.",
            "id": "sample_007_0004_000014",
            "annotations": [
                {
                    "word": "백예윤",
                    "start": 32,
                    "end": 35,
                    "label": "개인정보"
                },
                {
                    "word": "2025",
                    "start": 44,
                    "end": 48,
                    "label": "준식별자"
                },
                {
                    "word": "12",
                    "start": 49,
                    "end": 51,
                    "label": "준식별자"
                },
                {
                    "word": "30",
                    "start": 52,
                    "end": 54,
                    "label": "준식별자"
                }
            ]
        },
        {
            "sentence": "환불 처리: 환불금액 129,000원, 환불계좌 기업계좌 110-2345-678901로 이체 요청되어 내부 정산 대기 상태입니다.",
            "id": "sample_007_0004_000015",
            "annotations": [
                {
                    "word": "기업계좌 110-2345-678901",
                    "start": 27,
                    "end": 47,
                    "label": "기밀정보"
                }
            ]
        },
        {
            "sentence": "내부 결재 로그에는 결재선 항목으로 팀장 박광훈 결재대기, 최종승인 백예윤 승인 내역이 기록되어 있습니다.",
            "id": "sample_007_0004_000016",
            "annotations": [
                {
                    "word": "박광훈",
                    "start": 23,
                    "end": 26,
                    "label": "개인정보"
                },
                {
                    "word": "백예윤",
                    "start": 38,
                    "end": 41,
                    "label": "개인정보"
                }
            ]
        },
        {
            "sentence": "시스템 액세스 로그: 운영 서버 접속 IP 10.12.34.56, 접속자 ID ops_admin, 접근 파일 경로 /internal/ops/fulfillment/secret.xlsx이 확인되었습니다.",
            "id": "sample_007_0004_000017",
            "annotations": [
                {
                    "word": "10.12.34.56",
                    "start": 24,
                    "end": 35,
                    "label": "기밀정보"
                },
                {
                    "word": "ops_admin",
                    "start": 44,
                    "end": 53,
                    "label": "기밀정보"
                },
                {
                    "word": "/internal/ops/fulfillment/secret.xlsx",
                    "start": 64,
                    "end": 101,
                    "label": "기밀정보"
                }
            ]
        },
        {
            "sentence": "반송 트래킹: 반송 운송장 R-AWB-20251230, 배송사 로지코 수거완료 처리, 수거기사 원윤승 배차 완료로 기록되었습니다.",
            "id": "sample_007_0004_000018",
            "annotations": [
                {
                    "word": "원윤승",
                    "start": 53,
                    "end": 56,
                    "label": "개인정보"
                }
            ]
        },
        {
            "sentence": "재고 조정 내역: SKU-PRD-0001 재고 -2, SKU-PRD-0002 재고 -1, 출고 확인 담당자 구상규가 검증하였습니다.",
            "id": "sample_007_0004_000019",
            "annotations": [
                {
                    "word": "구상규",
                    "start": 60,
                    "end": 63,
                    "label": "개인정보"
                }
            ]
        },
        {
            "sentence": "정산 리포트 초안: 판매채널 마켓플러스, 정산예정금액 118,710원, 내부 확인 후 정산 실행 예정입니다.",
            "id": "sample_007_0004_000020",
            "annotations": []
        },
        {
            "sentence": "알림 이력: 주문확인 문자 발송 대상 김해인, 발송번호 010-1234-5678, 템플릿 ORDER_CONFIRM로 발신 처리되었습니다.",
            "id": "sample_007_0004_000021",
            "annotations": [
                {
                    "word": "김해인",
                    "start": 21,
                    "end": 24,
                    "label": "개인정보"
                },
                {
                    "word": "010-1234-5678",
                    "start": 31,
                    "end": 44,
                    "label": "개인정보"
                }
            ]
        },
        {
            "sentence": "고객 피드백은 CS 티켓 CS-20251229-0001에 기록되어 있으며 고객 댓글에 '포장파손 확인'이 남아 있습니다.",
            "id": "sample_007_0004_000022",
            "annotations": []
        },
        {
            "sentence": "품질검수 사진은 s3://prod-bucket/inspection/ORD-202512290001/IMG_0001.jpg에 저장되어 검수 이력과 연동됩니다.",
            "id": "sample_007_0004_000023",
            "annotations": []
        },
        {
            "sentence": "물류 팀 회의 결론: 재포장 프로세스 강화, 라벨 검증 단계 추가, 책임자 천대욱 배정으로 운영 변경을 권고합니다.",
            "id": "sample_007_0004_000024",
            "annotations": [
                {
                    "word": "천대욱",
                    "start": 42,
                    "end": 45,
                    "label": "개인정보"
                }
            ]
        },
        {
            "sentence": "액션 아이템: 1) 환불계좌 확인 프로세스 검토 2) 운영서버 IP 접근 제어 강화 3) 내부 파일 경로 권한 재설정 수행.",
            "id": "sample_007_0004_000025",
            "annotations": []
        },
        {
            "sentence": "감사 로그 참조 필요 항목은 별도 보안 채널로 전송하며 원본 검토 시 내부 감사자의 승인 절차를 따릅니다.",
            "id": "sample_007_0004_000026",
            "annotations": []
        },
        {
            "sentence": "결론: 본 리포트는 내부 운영 목적으로만 사용되며 외부 공유는 금지됩니다.",
            "id": "sample_007_0004_000027",
            "annotations": []
        },
        {
            "sentence": "배포 목록: 류준영, 곽율리, 장명재에게 내부 문서로 배포되었으며 추가 배포는 운영팀 승인 후 진행합니다.",
            "id": "sample_007_0004_000028",
            "annotations": [
                {
                    "word": "류준영",
                    "start": 7,
                    "end": 10,
                    "label": "개인정보"
                },
                {
                    "word": "곽율리",
                    "start": 12,
                    "end": 15,
                    "label": "개인정보"
                },
                {
                    "word": "장명재",
                    "start": 17,
                    "end": 20,
                    "label": "개인정보"
                }
            ]
        }
    ]
}