{
    "document_id": "007_0092",
    "document_title": "통합 주문·배송·CS 운영 로그 및 송장 기록 (2025년 12월)",
    "data": [
        {
            "sentence": "본 문서는 2025년 12월 실시간 주문·결제·배송 로그를 통합하여 작성한 전자상거래 운영 보고서입니다.",
            "id": "sample_007_0092_000001",
            "annotations": []
        },
        {
            "sentence": "요약: 본 파일에는 주문서, 배송 송장, 물류 재고와 고객센터 상담 로그가 포함되어 운영 이슈 파악에 활용됩니다.",
            "id": "sample_007_0092_000002",
            "annotations": []
        },
        {
            "sentence": "주문 ID ORD-202512-9001은 고객의 결제완료 후 즉시 출고 준비 단계로 이행되었습니다.",
            "id": "sample_007_0092_000003",
            "annotations": []
        },
        {
            "sentence": "주문 상태는 내부 기준에 따라 '결제완료', '발송완료', '배송중', '배송완료', '취소'로 표준화되어 기록됩니다.",
            "id": "sample_007_0092_000004",
            "annotations": []
        },
        {
            "sentence": "주문서 예시: 주문번호 ORD-202512-9001, 고객명 안대겸, 연락처 010-1234-5678, 이메일 andg@example.com, 수취인 주소 서울특별시 강남구 테헤란로 10길 5, 101동 1203호.",
            "id": "sample_007_0092_000005",
            "annotations": [
                {
                    "word": "안대겸",
                    "start": 34,
                    "end": 37,
                    "label": "개인정보"
                },
                {
                    "word": "010-1234-5678",
                    "start": 43,
                    "end": 56,
                    "label": "개인정보"
                },
                {
                    "word": "andg@example.com",
                    "start": 62,
                    "end": 78,
                    "label": "개인정보"
                },
                {
                    "word": "서울특별시",
                    "start": 87,
                    "end": 92,
                    "label": "준식별자"
                },
                {
                    "word": "강남구",
                    "start": 93,
                    "end": 96,
                    "label": "준식별자"
                },
                {
                    "word": "서울특별시 강남구 테헤란로 10길 5, 101동 1203호",
                    "start": 87,
                    "end": 119,
                    "label": "개인정보"
                }
            ]
        },
        {
            "sentence": "상품 SKU는 형식 'SKU-PRD-YYYY-NNNN'로 관리하며, 예시 SKU-PRD-202512-0001와 SKU-PRD-202512-0002가 주문서에 기재되어 있습니다.",
            "id": "sample_007_0092_000006",
            "annotations": [
                {
                    "word": "SKU-PRD-202512-0001",
                    "start": 41,
                    "end": 60,
                    "label": "일반정보"
                },
                {
                    "word": "SKU-PRD-202512-0002",
                    "start": 62,
                    "end": 81,
                    "label": "일반정보"
                }
            ]
        },
        {
            "sentence": "주문 항목: SKU-PRD-202512-0001(블루투스 이어폰), 수량 1, 단가 59,000원, 주문 상태: 발송완료, 물류센터 출고일 2025-12-18.",
            "id": "sample_007_0092_000007",
            "annotations": []
        },
        {
            "sentence": "배송 송장 INV-202512-3301은 발송자 창고 코드 WH-A01에서 생성되었고, 택배사 운송장번호 012345678901이 연결되어 있습니다.",
            "id": "sample_007_0092_000008",
            "annotations": []
        },
        {
            "sentence": "수취인 정보: 배건휘, 연락처 010-9876-5432, 배송주소 부산광역시 해운대구 우동 123, 센텀빌 5층 502호.",
            "id": "sample_007_0092_000009",
            "annotations": [
                {
                    "word": "배건휘",
                    "start": 8,
                    "end": 11,
                    "label": "개인정보"
                },
                {
                    "word": "010-9876-5432",
                    "start": 17,
                    "end": 30,
                    "label": "개인정보"
                },
                {
                    "word": "부산광역시",
                    "start": 37,
                    "end": 42,
                    "label": "준식별자"
                },
                {
                    "word": "해운대구",
                    "start": 43,
                    "end": 47,
                    "label": "준식별자"
                },
                {
                    "word": "부산광역시 해운대구 우동 123, 센텀빌 5층 502호",
                    "start": 37,
                    "end": 67,
                    "label": "개인정보"
                }
            ]
        },
        {
            "sentence": "결제 수단은 신용카드(카드사 승인번호 APPR0001234)로 결제되었으며, 결제일시 2025-12-18T14:23:05+09:00로 기록되었습니다.",
            "id": "sample_007_0092_000010",
            "annotations": []
        },
        {
            "sentence": "CS 상담 로그: 고객 배다운은 배송 지연 문의로 2025-12-19 09:12에 문의를 접수했습니다.",
            "id": "sample_007_0092_000011",
            "annotations": [
                {
                    "word": "배다운",
                    "start": 13,
                    "end": 16,
                    "label": "개인정보"
                }
            ]
        },
        {
            "sentence": "상담원 서혜림(내선 203)은 주문 상태를 확인한 후 '발송완료'로 상태를 재확인하고, 운송장 012345678901을 안내했습니다.",
            "id": "sample_007_0092_000012",
            "annotations": [
                {
                    "word": "서혜림",
                    "start": 4,
                    "end": 7,
                    "label": "개인정보"
                }
            ]
        },
        {
            "sentence": "고객 배다운의 추가 요청으로 배송주소를 '서울특별시 중구 퇴계로 100, 12층 1201호'로 변경 요청하였으며 고객 확인 후 변경 처리 예정입니다.",
            "id": "sample_007_0092_000013",
            "annotations": [
                {
                    "word": "배다운",
                    "start": 3,
                    "end": 6,
                    "label": "개인정보"
                },
                {
                    "word": "서울특별시",
                    "start": 23,
                    "end": 28,
                    "label": "준식별자"
                },
                {
                    "word": "중구",
                    "start": 29,
                    "end": 31,
                    "label": "준식별자"
                },
                {
                    "word": "서울특별시 중구 퇴계로 100, 12층 1201호",
                    "start": 23,
                    "end": 50,
                    "label": "개인정보"
                }
            ]
        },
        {
            "sentence": "반품 접수: 주문 ORD-202512-9002에 대해 고객 신희윤이 제품 불량으로 반품을 접수하였고, 반품 신청 사유는 동영상 전송으로 확인되었습니다.",
            "id": "sample_007_0092_000014",
            "annotations": [
                {
                    "word": "신희윤",
                    "start": 33,
                    "end": 36,
                    "label": "개인정보"
                }
            ]
        },
        {
            "sentence": "물류 내부 메모: 창고 관리자 허중기 승인으로 반품 회수 시 2차 검수 항목을 추가하였습니다.",
            "id": "sample_007_0092_000015",
            "annotations": [
                {
                    "word": "허중기",
                    "start": 17,
                    "end": 20,
                    "label": "개인정보"
                }
            ]
        },
        {
            "sentence": "기밀: 회사 내부 지급 계좌번호 111-222-333333(국내은행)은 물류비 정산 전용 계좌로 외부 유출 금지입니다.",
            "id": "sample_007_0092_000016",
            "annotations": [
                {
                    "word": "111-222-333333",
                    "start": 18,
                    "end": 32,
                    "label": "기밀정보"
                }
            ]
        },
        {
            "sentence": "기술 기밀: 물류 시스템 접속 URL https://internal.erp.company.local 및 FTP 서버 IP 10.10.10.5는 내부 운영팀 이외 접근 금지입니다.",
            "id": "sample_007_0092_000017",
            "annotations": [
                {
                    "word": "https://internal.erp.company.local",
                    "start": 21,
                    "end": 55,
                    "label": "기밀정보"
                },
                {
                    "word": "10.10.10.5",
                    "start": 68,
                    "end": 78,
                    "label": "기밀정보"
                }
            ]
        },
        {
            "sentence": "재고 상태: SKU-PRD-202512-0002는 WMS 상 재고 5개 보유, 재고 위치 WH-A01-R3-S12에 저장되어 있습니다.",
            "id": "sample_007_0092_000018",
            "annotations": []
        },
        {
            "sentence": "정책 메모: 동일 고객의 다수 주소 변경 요청은 보안 확인 절차를 통해 추가 인증을 실시합니다.",
            "id": "sample_007_0092_000019",
            "annotations": []
        },
        {
            "sentence": "고객 오형준은 주문서에 생년월일 19850715와 성별 남성을 기재하였으며, 이는 고객 맞춤 마케팅 목적의 준식별자 정보로 분류됩니다.",
            "id": "sample_007_0092_000020",
            "annotations": [
                {
                    "word": "오형준",
                    "start": 3,
                    "end": 6,
                    "label": "개인정보"
                },
                {
                    "word": "19850715",
                    "start": 18,
                    "end": 26,
                    "label": "준식별자"
                },
                {
                    "word": "남성",
                    "start": 31,
                    "end": 33,
                    "label": "준식별자"
                }
            ]
        },
        {
            "sentence": "운영 지침: CS 응대 매뉴얼 V2.3은 내부 문서로 외부 공개 금지이며, 매뉴얼 파일명 cs_manual_v2.3.docx이 회사 인트라넷에 저장되어 있습니다.",
            "id": "sample_007_0092_000021",
            "annotations": [
                {
                    "word": "cs_manual_v2.3.docx",
                    "start": 50,
                    "end": 69,
                    "label": "기밀정보"
                }
            ]
        },
        {
            "sentence": "고객 고성원은 주문 결제 시 이메일 gswon.customer@mail.com과 연락처 010-2222-3333을 사용하였습니다.",
            "id": "sample_007_0092_000022",
            "annotations": [
                {
                    "word": "고성원",
                    "start": 3,
                    "end": 6,
                    "label": "개인정보"
                },
                {
                    "word": "gswon.customer@mail.com",
                    "start": 20,
                    "end": 43,
                    "label": "개인정보"
                },
                {
                    "word": "010-2222-3333",
                    "start": 49,
                    "end": 62,
                    "label": "개인정보"
                }
            ]
        },
        {
            "sentence": "배송지 세부: 차소현, 주소 대전광역시 유성구 온천로 50, 그레이스아파트 201동 1004호, 연락처 010-4444-5555.",
            "id": "sample_007_0092_000023",
            "annotations": [
                {
                    "word": "차소현",
                    "start": 8,
                    "end": 11,
                    "label": "개인정보"
                },
                {
                    "word": "대전광역시",
                    "start": 16,
                    "end": 21,
                    "label": "준식별자"
                },
                {
                    "word": "유성구",
                    "start": 22,
                    "end": 25,
                    "label": "준식별자"
                },
                {
                    "word": "대전광역시 유성구 온천로 50, 그레이스아파트 201동 1004호",
                    "start": 16,
                    "end": 52,
                    "label": "개인정보"
                },
                {
                    "word": "010-4444-5555",
                    "start": 58,
                    "end": 71,
                    "label": "개인정보"
                }
            ]
        },
        {
            "sentence": "CS 상담 기록 중 일부는 민감정보를 포함하지 않으나, 특정 상담에는 고객의 여권번호나 운전면허번호 등 제출 요청을 금지하고 있습니다.",
            "id": "sample_007_0092_000024",
            "annotations": []
        },
        {
            "sentence": "주문 취소 사례: 정영식은 개인 사정으로 ORD-202512-9005 주문을 취소하였고 환불은 정책에 따라 처리 중입니다.",
            "id": "sample_007_0092_000025",
            "annotations": [
                {
                    "word": "정영식",
                    "start": 10,
                    "end": 13,
                    "label": "개인정보"
                }
            ]
        },
        {
            "sentence": "배송 지연 보상: 배건휘 고객에게 쿠폰을 발송할 때 내부 쿠폰코드 COUPON-2025-AB12를 사용하였고 해당 코드는 외부 공유 금지입니다.",
            "id": "sample_007_0092_000026",
            "annotations": [
                {
                    "word": "배건휘",
                    "start": 10,
                    "end": 13,
                    "label": "개인정보"
                },
                {
                    "word": "COUPON-2025-AB12",
                    "start": 37,
                    "end": 53,
                    "label": "기밀정보"
                }
            ]
        },
        {
            "sentence": "로그 감사: 장전진 운영자는 2025-12-19 15:40에 시스템 접근 기록을 남겼으며, 접근 계정 jjj_op@company 에 대해 확인을 요청했습니다.",
            "id": "sample_007_0092_000027",
            "annotations": [
                {
                    "word": "장전진",
                    "start": 7,
                    "end": 10,
                    "label": "개인정보"
                },
                {
                    "word": "jjj_op@company",
                    "start": 57,
                    "end": 71,
                    "label": "기밀정보"
                }
            ]
        },
        {
            "sentence": "반응 속도: 평균 CS 응답 시간은 3분 45초로 측정되었으며 최근 개선으로 20% 단축되었습니다.",
            "id": "sample_007_0092_000028",
            "annotations": []
        },
        {
            "sentence": "배송 완료 보고: 고객 허중기에게 배송이 완료되었으며, 수취 확인 서명 이미지는 내부 기록으로 보관됩니다.",
            "id": "sample_007_0092_000029",
            "annotations": [
                {
                    "word": "허중기",
                    "start": 13,
                    "end": 16,
                    "label": "개인정보"
                }
            ]
        },
        {
            "sentence": "결론 및 액션 아이템: 내부 계정 비밀번호 정책 강화, 기밀계좌 접근 권한 재검토, 고객 개인정보 접근 로그 주기적 감사 실행을 권고합니다.",
            "id": "sample_007_0092_000030",
            "annotations": []
        }
    ]
}