{
    "document_id": "007_0002",
    "document_title": "주문·배송·CS 통합 운영 로그 보고서",
    "data": [
        {
            "sentence": "본 문서는 전자상거래 플랫폼의 주문·결제·배송 로그와 CS 상담 기록을 통합한 운영 기록입니다.",
            "id": "sample_007_0002_000001",
            "annotations": []
        },
        {
            "sentence": "문서는 주문 상태 추적, SKU 관리, 송장 발행, CS 처리 흐름을 실시간 트랜잭션 특성에 맞게 서술합니다.",
            "id": "sample_007_0002_000002",
            "annotations": []
        },
        {
            "sentence": "문서 식별자: 주문번호 ORD-20251234, 문서 생성일자 2025년 12월 28일.",
            "id": "sample_007_0002_000003",
            "annotations": []
        },
        {
            "sentence": "고객 정보: 고객명 김브랜든으로 주문이 접수되었습니다.",
            "id": "sample_007_0002_000004",
            "annotations": [
                {
                    "word": "김브랜든",
                    "start": 11,
                    "end": 15,
                    "label": "개인정보"
                }
            ]
        },
        {
            "sentence": "고객 연락처: 010-1234-5678로 주문 관련 SMS 발송이 이루어졌습니다.",
            "id": "sample_007_0002_000005",
            "annotations": [
                {
                    "word": "010-1234-5678",
                    "start": 8,
                    "end": 21,
                    "label": "개인정보"
                }
            ]
        },
        {
            "sentence": "고객 이메일: brandon.kim@example.com로 결제 영수증 전송이 확인되었습니다.",
            "id": "sample_007_0002_000006",
            "annotations": [
                {
                    "word": "brandon.kim@example.com",
                    "start": 8,
                    "end": 31,
                    "label": "개인정보"
                }
            ]
        },
        {
            "sentence": "고객 생년월일: 1990년 05월 12일로 회원가입 정보에 등록되어 있습니다.",
            "id": "sample_007_0002_000007",
            "annotations": [
                {
                    "word": "1990년 05월 12일",
                    "start": 9,
                    "end": 22,
                    "label": "준식별자"
                }
            ]
        },
        {
            "sentence": "고객 성별: 남성으로 고객 세분화(segment)에 반영됩니다.",
            "id": "sample_007_0002_000008",
            "annotations": [
                {
                    "word": "남성",
                    "start": 7,
                    "end": 9,
                    "label": "준식별자"
                }
            ]
        },
        {
            "sentence": "배송지(상세): 서울특별시 강남구 역삼동 123-45, 3층(수령인 김브랜든)로 지정되어 있습니다.",
            "id": "sample_007_0002_000009",
            "annotations": [
                {
                    "word": "서울특별시 강남구 역삼동 123-45",
                    "start": 9,
                    "end": 29,
                    "label": "개인정보"
                }
            ]
        },
        {
            "sentence": "주문 항목: SKU-ECOM-0001 | 상품명: 무선이어폰 프로 | 수량: 1 | 단가: 89,000원.",
            "id": "sample_007_0002_000010",
            "annotations": []
        },
        {
            "sentence": "주문 항목: SKU-ECOM-0002 | 상품명: 여행용 보조배터리 | 수량: 2 | 단가: 39,000원.",
            "id": "sample_007_0002_000011",
            "annotations": []
        },
        {
            "sentence": "재고관리: 각 SKU는 고유 코드 SKU-ECOM-XXXX 포맷으로 관리되며 입출고는 WMS에 실시간 동기화됩니다.",
            "id": "sample_007_0002_000012",
            "annotations": []
        },
        {
            "sentence": "결제 정보: 결제수단 신용카드, 결제ID PAY-20251234-0001, 총결제액 167,000원으로 결제완료 상태입니다.",
            "id": "sample_007_0002_000013",
            "annotations": []
        },
        {
            "sentence": "배송 송장: 운송장번호 INV-20251234-01로 송장 생성 및 택배사 연계가 완료되었습니다.",
            "id": "sample_007_0002_000014",
            "annotations": []
        },
        {
            "sentence": "배송업체: 우체국택배로 배송예정일은 2025년 12월 30일이며 배송상태는 배송중으로 표기됩니다.",
            "id": "sample_007_0002_000015",
            "annotations": []
        },
        {
            "sentence": "수령인 정보 확인: 수령인 김브랜든, 연락처 동일, 배송지 확인 완료.",
            "id": "sample_007_0002_000016",
            "annotations": []
        },
        {
            "sentence": "CS 상담 기록 시작: 채널 전화, 상담원 응대 로그를 시간순으로 기록합니다.",
            "id": "sample_007_0002_000017",
            "annotations": []
        },
        {
            "sentence": "상담로그: 2025-12-28 14:12, 상담원 주병우가 주문 변경 요청을 접수하였고, 내부 결재선: 주정운 승인으로 처리 예정입니다.",
            "id": "sample_007_0002_000018",
            "annotations": [
                {
                    "word": "주병우",
                    "start": 28,
                    "end": 31,
                    "label": "개인정보"
                },
                {
                    "word": "주정운",
                    "start": 58,
                    "end": 61,
                    "label": "개인정보"
                },
                {
                    "word": "내부 결재선: 주정운 승인",
                    "start": 50,
                    "end": 64,
                    "label": "기밀정보"
                }
            ]
        },
        {
            "sentence": "상담로그 상세: 고객 요청 사유는 '배송지 층수 누락'으로 확인되었으며 재발방지 조치가 지시되었습니다.",
            "id": "sample_007_0002_000019",
            "annotations": []
        },
        {
            "sentence": "환불·정산: 환불요청 건은 은행계좌 123-456789-01-001로 입금 예정이며 재무팀 확인 후 처리됩니다.",
            "id": "sample_007_0002_000020",
            "annotations": [
                {
                    "word": "은행계좌 123-456789-01-001",
                    "start": 15,
                    "end": 37,
                    "label": "기밀정보"
                }
            ]
        },
        {
            "sentence": "시스템 로그: 운영서버 IP 10.0.12.34에서 주문 상태 변경 이벤트가 기록되었으며 내부 URL https://internal.company.local/ops에서 작업내역을 조회했습니다.",
            "id": "sample_007_0002_000021",
            "annotations": [
                {
                    "word": "10.0.12.34",
                    "start": 16,
                    "end": 26,
                    "label": "기밀정보"
                },
                {
                    "word": "https://internal.company.local/ops",
                    "start": 57,
                    "end": 91,
                    "label": "기밀정보"
                }
            ]
        },
        {
            "sentence": "반품 접수: RMA-20251234-01로 반품 접수 완료, 반품사유 '제품 손상' 표기 및 회수 예약 상태입니다.",
            "id": "sample_007_0002_000022",
            "annotations": []
        },
        {
            "sentence": "처리 담당자: 담당자 공승태, 사번 E-2023-045가 반품 검수 및 상태 업데이트를 수행합니다.",
            "id": "sample_007_0002_000023",
            "annotations": [
                {
                    "word": "공승태",
                    "start": 12,
                    "end": 15,
                    "label": "개인정보"
                },
                {
                    "word": "E-2023-045",
                    "start": 20,
                    "end": 30,
                    "label": "개인정보"
                }
            ]
        },
        {
            "sentence": "배송 기사 배차: 기사 전태은 배차 완료, 배차 코드 DEL-20251234-01로 배정되었습니다.",
            "id": "sample_007_0002_000024",
            "annotations": [
                {
                    "word": "전태은",
                    "start": 13,
                    "end": 16,
                    "label": "개인정보"
                }
            ]
        },
        {
            "sentence": "주문 상태 표준: 주문상태 값은 결제완료, 상품준비중, 배송중, 배송완료, 취소완료로 고정되어 있습니다.",
            "id": "sample_007_0002_000025",
            "annotations": []
        },
        {
            "sentence": "SKU 정책: SKU 코드는 'SKU-ECOM-XXXX' 형식으로 고유하며 외부에 노출되지 않는 내부 매핑표가 존재합니다.",
            "id": "sample_007_0002_000026",
            "annotations": []
        },
        {
            "sentence": "재고조정 로그: 2025-12-28 15:02, SKU-ECOM-0002 손상으로 인한 재고감소 처리, 조정사유: 손상, 승인자 진원종.",
            "id": "sample_007_0002_000027",
            "annotations": [
                {
                    "word": "진원종",
                    "start": 72,
                    "end": 75,
                    "label": "개인정보"
                },
                {
                    "word": "조정사유: 손상, 승인자 진원종",
                    "start": 58,
                    "end": 75,
                    "label": "기밀정보"
                }
            ]
        },
        {
            "sentence": "액션 아이템: 재발방지 교육 실행, WMS 알림 규칙 강화, 다음 보고 회의에서 결과 보고 예정입니다.",
            "id": "sample_007_0002_000028",
            "annotations": []
        },
        {
            "sentence": "로그 보존 및 접근권한: 재무 관련 로그는 7년 보존하며 접근은 결재권자 승인 후에만 가능하도록 설정되어 있습니다.",
            "id": "sample_007_0002_000029",
            "annotations": []
        },
        {
            "sentence": "문서 최종 처리: 서명 담당자 류명원, 검토 완료 및 보관 처리합니다.",
            "id": "sample_007_0002_000030",
            "annotations": [
                {
                    "word": "류명원",
                    "start": 17,
                    "end": 20,
                    "label": "개인정보"
                }
            ]
        }
    ]
}