{
    "document_id": "007_0048",
    "document_title": "주문·배송 운영 리포트 및 CS 상담 로그 (2026-01-03)",
    "data": [
        {
            "sentence": "주문서 및 배송 송장, CS 상담 로그를 포함한 전자상거래 운영 리포트입니다.",
            "id": "sample_007_0048_000001",
            "annotations": []
        },
        {
            "sentence": "문서 목적은 실시간 트랜잭션 흐름과 SKU 재고이동을 기록하여 운영 가시성을 확보하는 것입니다.",
            "id": "sample_007_0048_000002",
            "annotations": []
        },
        {
            "sentence": "문서는 소개, 주문/결제 정보, 물류 처리, CS 로그, 결론 및 액션 아이템으로 구성됩니다.",
            "id": "sample_007_0048_000003",
            "annotations": []
        },
        {
            "sentence": "주문 기본 정보 섹션을 시작합니다.",
            "id": "sample_007_0048_000004",
            "annotations": []
        },
        {
            "sentence": "주문번호: ORD-20251230-0001, 주문 상태: 결제완료로 고정되어 있습니다.",
            "id": "sample_007_0048_000005",
            "annotations": []
        },
        {
            "sentence": "주문자명: 김민유, 예약 수령일: 2026-01-02.",
            "id": "sample_007_0048_000006",
            "annotations": [
                {
                    "word": "김민유",
                    "start": 6,
                    "end": 9,
                    "label": "개인정보"
                }
            ]
        },
        {
            "sentence": "주문자 연락처: 010-1234-5678, 이메일: kim.min@shopmail.com.",
            "id": "sample_007_0048_000007",
            "annotations": [
                {
                    "word": "010-1234-5678",
                    "start": 9,
                    "end": 22,
                    "label": "개인정보"
                },
                {
                    "word": "kim.min@shopmail.com",
                    "start": 29,
                    "end": 49,
                    "label": "개인정보"
                }
            ]
        },
        {
            "sentence": "배송지 상세주소: 서울특별시 강남구 역삼동 테헤란로10길 5 신한아파트 402호.",
            "id": "sample_007_0048_000008",
            "annotations": [
                {
                    "word": "서울특별시 강남구 역삼동 테헤란로10길 5 신한아파트 402호",
                    "start": 10,
                    "end": 44,
                    "label": "개인정보"
                },
                {
                    "word": "서울특별시",
                    "start": 10,
                    "end": 15,
                    "label": "준식별자"
                },
                {
                    "word": "강남구",
                    "start": 16,
                    "end": 19,
                    "label": "준식별자"
                },
                {
                    "word": "역삼동",
                    "start": 20,
                    "end": 23,
                    "label": "준식별자"
                }
            ]
        },
        {
            "sentence": "결제 정보: PG사 결제완료, 결제수단: 신용카드, 결제금액: 95,000원.",
            "id": "sample_007_0048_000009",
            "annotations": []
        },
        {
            "sentence": "상품 및 SKU 리스트를 기록합니다.",
            "id": "sample_007_0048_000010",
            "annotations": []
        },
        {
            "sentence": "상품명: 무선이어폰 프로, SKU 코드: SKU-EL-2026-0001, 수량: 1.",
            "id": "sample_007_0048_000011",
            "annotations": []
        },
        {
            "sentence": "상품명: 케이스 세트, SKU 코드: SKU-AC-2026-0002, 수량: 1.",
            "id": "sample_007_0048_000012",
            "annotations": []
        },
        {
            "sentence": "물류 처리 내역: 출고창고 W-03에서 피킹 완료, 패킹 상태: 완료.",
            "id": "sample_007_0048_000013",
            "annotations": []
        },
        {
            "sentence": "운송장번호: AWB-20260102-000123, 택배사: 한진택배, 배송상태: 배송중.",
            "id": "sample_007_0048_000014",
            "annotations": []
        },
        {
            "sentence": "예상 도착일: 2026-01-03, 실제 출고 시간: 2026-01-02 14:32.",
            "id": "sample_007_0048_000015",
            "annotations": []
        },
        {
            "sentence": "고객 프로필: 성별: 남성, 생년월일: 1988년 05월 12일.",
            "id": "sample_007_0048_000016",
            "annotations": [
                {
                    "word": "남성",
                    "start": 12,
                    "end": 14,
                    "label": "준식별자"
                },
                {
                    "word": "1988",
                    "start": 22,
                    "end": 26,
                    "label": "준식별자"
                },
                {
                    "word": "05",
                    "start": 28,
                    "end": 30,
                    "label": "준식별자"
                },
                {
                    "word": "12",
                    "start": 32,
                    "end": 34,
                    "label": "준식별자"
                }
            ]
        },
        {
            "sentence": "반품 및 환불 로그: 고객 요청 접수 및 CS 승인 절차 기록 포함.",
            "id": "sample_007_0048_000017",
            "annotations": []
        },
        {
            "sentence": "CS 채팅 시작: 고객(김민유) 14:45 문의, '제품 전원 불량' 접수.",
            "id": "sample_007_0048_000018",
            "annotations": [
                {
                    "word": "김민유",
                    "start": 13,
                    "end": 16,
                    "label": "개인정보"
                }
            ]
        },
        {
            "sentence": "CS 담당자: 허소민이 접수하여 15:02 응대, 상담 내부메모에 '재현후 회신' 기록.",
            "id": "sample_007_0048_000019",
            "annotations": [
                {
                    "word": "허소민",
                    "start": 8,
                    "end": 11,
                    "label": "개인정보"
                }
            ]
        },
        {
            "sentence": "현장확인 결과 제품 초기불량으로 판단되어 반품 접수 처리 중입니다.",
            "id": "sample_007_0048_000020",
            "annotations": []
        },
        {
            "sentence": "담당자 전해온이 환불 승인 완료 처리함.",
            "id": "sample_007_0048_000021",
            "annotations": [
                {
                    "word": "전해온",
                    "start": 4,
                    "end": 7,
                    "label": "기밀정보"
                }
            ]
        },
        {
            "sentence": "환불 처리 계좌: 기업계좌 123-456-789012로 승인되었음.",
            "id": "sample_007_0048_000022",
            "annotations": [
                {
                    "word": "123-456-789012",
                    "start": 15,
                    "end": 29,
                    "label": "기밀정보"
                }
            ]
        },
        {
            "sentence": "내부 시스템 로그: 배송API 엔드포인트 https://internal.api.ship.local 호출 기록 존재.",
            "id": "sample_007_0048_000023",
            "annotations": [
                {
                    "word": "https://internal.api.ship.local",
                    "start": 23,
                    "end": 54,
                    "label": "기밀정보"
                }
            ]
        },
        {
            "sentence": "재고 변동: SKU-EL-2026-0001 재고 -1, SKU-AC-2026-0002 재고 -1, 재고 잔량은 WMS에서 동기화됨.",
            "id": "sample_007_0048_000024",
            "annotations": []
        },
        {
            "sentence": "창고 피킹 담당자: 정호철, 출고 박스 바코드 스캔 확인 완료.",
            "id": "sample_007_0048_000025",
            "annotations": [
                {
                    "word": "정호철",
                    "start": 11,
                    "end": 14,
                    "label": "개인정보"
                }
            ]
        },
        {
            "sentence": "반품 택배 접수번호: RTO-20260103-0045, 반품사유: 초기불량(전원불량).",
            "id": "sample_007_0048_000026",
            "annotations": []
        },
        {
            "sentence": "클레임 트래킹: 해당 주문은 품질팀으로 이관되어 처리 중이며, 다음 조치 예정입니다.",
            "id": "sample_007_0048_000027",
            "annotations": []
        },
        {
            "sentence": "향후 개선 조치: SKU별 품질검사 강화 및 출고 전 전수검사 도입 검토.",
            "id": "sample_007_0048_000028",
            "annotations": []
        },
        {
            "sentence": "보고서 작성자: 임수오, 작성일: 2026년 01월 03일.",
            "id": "sample_007_0048_000029",
            "annotations": [
                {
                    "word": "임수오",
                    "start": 9,
                    "end": 12,
                    "label": "개인정보"
                }
            ]
        }
    ]
}