{
    "document_id": "007_0087",
    "document_title": "주문·배송 통합 로그 보고서 (전자상거래팀)",
    "data": [
        {
            "sentence": "전자상거래 운영부서에서 작성한 주문 및 배송 통합 로그 문서입니다.",
            "id": "sample_007_0087_000001",
            "annotations": []
        },
        {
            "sentence": "주문서: 주문번호 ORD20251234001, 고객명 곽기찬, 연락처 010-1234-5678, 이메일 gkchan90@example.com, 결제수단 신용카드 결제.",
            "id": "sample_007_0087_000002",
            "annotations": [
                {
                    "word": "곽기찬",
                    "start": 30,
                    "end": 33,
                    "label": "개인정보"
                },
                {
                    "word": "010-1234-5678",
                    "start": 39,
                    "end": 52,
                    "label": "개인정보"
                },
                {
                    "word": "gkchan90@example.com",
                    "start": 58,
                    "end": 78,
                    "label": "개인정보"
                }
            ]
        },
        {
            "sentence": "배송지: 서울특별시 강남구 테헤란로 123, A동 101호로 주소가 등록되어 있으며, 생년월일 1988-07-16, 성별 남성으로 회원 프로필에 기재되어 있습니다.",
            "id": "sample_007_0087_000003",
            "annotations": [
                {
                    "word": "서울특별시 강남구 테헤란로 123, A동 101호",
                    "start": 5,
                    "end": 32,
                    "label": "개인정보"
                },
                {
                    "word": "1988-07-16",
                    "start": 53,
                    "end": 63,
                    "label": "준식별자"
                },
                {
                    "word": "남성",
                    "start": 68,
                    "end": 70,
                    "label": "준식별자"
                },
                {
                    "word": "서울특별시",
                    "start": 5,
                    "end": 10,
                    "label": "준식별자"
                },
                {
                    "word": "강남구",
                    "start": 11,
                    "end": 14,
                    "label": "준식별자"
                }
            ]
        },
        {
            "sentence": "주문 품목: PRD-2025-0001 x1, PRD-2025-0002 x2, 단일 SKU 형식은 PRD-YYYY-NNNN 규칙을 따릅니다.",
            "id": "sample_007_0087_000004",
            "annotations": []
        },
        {
            "sentence": "결제내역: 총 결제금액 139,000원, 환불계좌(고객 등록) 250-045678-01-001(국민은행)로 환불 요청이 접수되었습니다.",
            "id": "sample_007_0087_000005",
            "annotations": [
                {
                    "word": "250-045678-01-001",
                    "start": 35,
                    "end": 52,
                    "label": "기밀정보"
                }
            ]
        },
        {
            "sentence": "회사 수납계좌: 신한은행 110-123-456789는 법인 전용 입금계좌로 회계 처리를 위해 내부 문서에만 표기합니다.",
            "id": "sample_007_0087_000006",
            "annotations": [
                {
                    "word": "신한은행 110-123-456789",
                    "start": 9,
                    "end": 28,
                    "label": "기밀정보"
                }
            ]
        },
        {
            "sentence": "결제연동: PG 연동키 sk_prod_9a8b7c6d8e9f는 운영에서만 사용되는 비공개 값이며 외부 유출 금지 대상입니다.",
            "id": "sample_007_0087_000007",
            "annotations": [
                {
                    "word": "sk_prod_9a8b7c6d8e9f",
                    "start": 13,
                    "end": 33,
                    "label": "기밀정보"
                }
            ]
        },
        {
            "sentence": "배송 담당자 사번 2025-009인 유성윤이 피킹 및 검수 절차를 완료하였다고 기록되어 있습니다.",
            "id": "sample_007_0087_000008",
            "annotations": [
                {
                    "word": "사번 2025-009",
                    "start": 7,
                    "end": 18,
                    "label": "개인정보"
                },
                {
                    "word": "유성윤",
                    "start": 20,
                    "end": 23,
                    "label": "개인정보"
                }
            ]
        },
        {
            "sentence": "수취인 변경 요청: 수취인 나다솜, 연락처 010-9876-5432, 이메일 nada@example.co.kr로 배송지 재지정 요청을 접수했습니다.",
            "id": "sample_007_0087_000009",
            "annotations": [
                {
                    "word": "나다솜",
                    "start": 15,
                    "end": 18,
                    "label": "개인정보"
                },
                {
                    "word": "010-9876-5432",
                    "start": 24,
                    "end": 37,
                    "label": "개인정보"
                },
                {
                    "word": "nada@example.co.kr",
                    "start": 43,
                    "end": 61,
                    "label": "개인정보"
                }
            ]
        },
        {
            "sentence": "CS 로그 시작: 상담원 민지후가 2025-12-28 09:12에 통화 연결 후 주문상태를 안내했습니다.",
            "id": "sample_007_0087_000010",
            "annotations": [
                {
                    "word": "민지후",
                    "start": 14,
                    "end": 17,
                    "label": "개인정보"
                },
                {
                    "word": "2025-12-28",
                    "start": 19,
                    "end": 29,
                    "label": "준식별자"
                }
            ]
        },
        {
            "sentence": "상담 내용: 고객이 '상품파손'을 호소하여 교환조치 요청을 했고, 상담원은 교환 접수번호 EXC-20251228-0007을 발급했습니다.",
            "id": "sample_007_0087_000011",
            "annotations": []
        },
        {
            "sentence": "승인자: 물류팀장 안태정이 교환 처리 승인 버튼을 클릭하였으며 내부 결재선에 기록되었습니다.",
            "id": "sample_007_0087_000012",
            "annotations": [
                {
                    "word": "안태정",
                    "start": 10,
                    "end": 13,
                    "label": "개인정보"
                }
            ]
        },
        {
            "sentence": "포장 리포트: 피킹 완료 후 포장재 체크리스트를 작성하였고 바코드 스캔 결과와 SKU 매칭 로그를 시스템에 업로드했습니다.",
            "id": "sample_007_0087_000013",
            "annotations": []
        },
        {
            "sentence": "송장번호: CJ대한통운 012345678901, 택배 추적은 외부 API로 실시간 확인됩니다.",
            "id": "sample_007_0087_000014",
            "annotations": []
        },
        {
            "sentence": "시스템 로그: 내부 서버 접속 IP 10.8.0.5에서 수집된 액세스 로그가 보안팀에 전달되었습니다.",
            "id": "sample_007_0087_000015",
            "annotations": [
                {
                    "word": "10.8.0.5",
                    "start": 20,
                    "end": 28,
                    "label": "기밀정보"
                }
            ]
        },
        {
            "sentence": "파일 경로: /srv/internal/orders/007_0087/ord_001.json에 원본 주문 메타데이터가 저장되어 있습니다.",
            "id": "sample_007_0087_000016",
            "annotations": [
                {
                    "word": "/srv/internal/orders/007_0087/ord_001.json",
                    "start": 7,
                    "end": 49,
                    "label": "기밀정보"
                }
            ]
        },
        {
            "sentence": "재고관리: 해당 SKU PRD-2025-0001의 현재 안전재고는 15개이며 재입고 요청이 자동 생성되었습니다.",
            "id": "sample_007_0087_000017",
            "annotations": []
        },
        {
            "sentence": "반품 접수: 주문자 손지언이 반품 사유로 '사이즈 미스'를 입력하였으며 고객등록번호에 주민등록번호 880716-1234567이 기재되어 있습니다.",
            "id": "sample_007_0087_000018",
            "annotations": [
                {
                    "word": "손지언",
                    "start": 11,
                    "end": 14,
                    "label": "개인정보"
                },
                {
                    "word": "880716-1234567",
                    "start": 55,
                    "end": 69,
                    "label": "개인정보"
                }
            ]
        },
        {
            "sentence": "상품 사진 및 증빙은 내부 문서로 보관하며 CS 담당자만 접근 권한을 부여합니다.",
            "id": "sample_007_0087_000019",
            "annotations": []
        },
        {
            "sentence": "운송 계약: 특정 기간 프로모션으로 인해 일부 택배사와의 요율이 변경되었고 계약서 번호 CONF-2025-11-03로 관리됩니다.",
            "id": "sample_007_0087_000020",
            "annotations": []
        },
        {
            "sentence": "피드백: 고객 곽기찬은 배송 지연에 대해 불만을 표했고 환불 또는 재발송 옵션을 선택하겠다고 응답했습니다.",
            "id": "sample_007_0087_000021",
            "annotations": []
        },
        {
            "sentence": "조치사항: CS는 고객 선택에 따라 환불 처리를 진행하거나 재발송을 지시하고, 재발송 시 배송비는 회사 정책에 따라 처리됩니다.",
            "id": "sample_007_0087_000022",
            "annotations": []
        },
        {
            "sentence": "재발송 지시: 패킹 담당자 유성윤에게 PRD-2025-0002 1개를 재발송 요청하였으며 체크리스트에 서명이 필요합니다.",
            "id": "sample_007_0087_000023",
            "annotations": []
        },
        {
            "sentence": "모니터링: 일별 트랜잭션 로그와 이상 징후는 보안대시보드에서 자동으로 집계됩니다.",
            "id": "sample_007_0087_000024",
            "annotations": []
        },
        {
            "sentence": "담당자 메모: 환불 계좌 확인 후 재무팀으로 송부하고, 계좌 불일치 시 고객에게 추가 확인을 요청합니다.",
            "id": "sample_007_0087_000025",
            "annotations": []
        },
        {
            "sentence": "문서 종료: 본 로그는 내부 운영 기록으로 외부 배포 시 보안 검토를 필수로 합니다.",
            "id": "sample_007_0087_000026",
            "annotations": []
        }
    ]
}