{
    "document_id": "042_0035",
    "document_title": "XR 콘텐츠 및 공간 메타데이터 통합 매니페스트",
    "data": [
        {
            "sentence": "이 문서는 증강현실 및 혼합현실(XR) 콘텐츠와 공간 메타데이터의 통합 매니페스트입니다.",
            "id": "sample_042_0035_000001",
            "annotations": []
        },
        {
            "sentence": "목적은 실시간 렌더링 검증, 공간 정합성 보장, 프라이버시·안전 규정 준수를 위한 표준화된 메타데이터 제공입니다.",
            "id": "sample_042_0035_000002",
            "annotations": []
        },
        {
            "sentence": "scene_id: scene_20251112_A01, asset_id: asset_3D_0a9f, content_version: v1.4.2, asset_checksum: sha256:9f2d7b3a6c4e5d8f1a2b3c4d5e6f7a8b9c0d1e2f3a4b5c6d7e8f9a0b1c2d3e4",
            "id": "sample_042_0035_000003",
            "annotations": []
        },
        {
            "sentence": "device_id: dev-83a1, device_model: HoloXR-Pro v2, firmware: 2025.10.3-beta.",
            "id": "sample_042_0035_000004",
            "annotations": []
        },
        {
            "sentence": "timestamp_iso8601: 2025-11-12T08:23:14.123Z, time_sync: NTP+PPS, GNSS reference; 모든 타임스탬프는 UTC ISO8601로 표기합니다.",
            "id": "sample_042_0035_000005",
            "annotations": []
        },
        {
            "sentence": "pose: position_m: [1.234, -0.056, 0.512], quaternion: [0.7071, 0.0, 0.7071, 0.0], coordinate_system: ENU (East-North-Up), 단위: meters.",
            "id": "sample_042_0035_000006",
            "annotations": []
        },
        {
            "sentence": "좌표계 병합 시 ENU→ECEF 변환 매트릭스와 단위 변환(미터↔m)을 문서화하였으며, 변환행렬은 T_ENU_ECEF(4x4)로 표기합니다.",
            "id": "sample_042_0035_000007",
            "annotations": []
        },
        {
            "sentence": "mesh_id: mesh_7b2, mesh_version: 2.1.0, mesh_LOD: [high,medium,low], semantic_labels: ['floor','wall','door','window'].",
            "id": "sample_042_0035_000008",
            "annotations": []
        },
        {
            "sentence": "texture_references: ['https://cdn.example.com/textures/wood_v3.ktx'], shader_parameters: {albedo:1.0,roughness:0.35,normal_scale:1.0}.",
            "id": "sample_042_0035_000009",
            "annotations": []
        },
        {
            "sentence": "interaction_events 샘플: tap|2025-11-12T08:23:15.200Z|{target:'asset_3D_0a9f',confidence:0.98}; gesture|2025-11-12T08:23:15.520Z|{type:'pinch'}.",
            "id": "sample_042_0035_000010",
            "annotations": []
        },
        {
            "sentence": "sensor_stream_refs: uri=https://internal.company.local/streams/rgb,type=RGB,sampling_rate=30Hz; uri=https://cdn.example.com/streams/depth,type=DEPTH,sampling_rate=15Hz.",
            "id": "sample_042_0035_000011",
            "annotations": [
                {
                    "word": "https://internal.company.local/streams/rgb",
                    "start": 24,
                    "end": 66,
                    "label": "기밀정보"
                }
            ]
        },
        {
            "sentence": "참여자 메타데이터(원본, 익명화 전): 이름 곽예진, 성별 여성, 생년월일 1990-05-12, 주소 서울특별시 강남구.",
            "id": "sample_042_0035_000012",
            "annotations": [
                {
                    "word": "곽예진",
                    "start": 25,
                    "end": 28,
                    "label": "개인정보"
                },
                {
                    "word": "여성",
                    "start": 33,
                    "end": 35,
                    "label": "준식별자"
                },
                {
                    "word": "1990-05-12",
                    "start": 42,
                    "end": 52,
                    "label": "준식별자"
                },
                {
                    "word": "서울특별시 강남구",
                    "start": 57,
                    "end": 66,
                    "label": "준식별자"
                }
            ]
        },
        {
            "sentence": "depth_pointcloud_summary: points=1,234,567, density_pts_per_m2=0.85, bbox_m=[-5,-5,0,5,5,3], unit: meters.",
            "id": "sample_042_0035_000013",
            "annotations": []
        },
        {
            "sentence": "latency_ms: tracking=12, rendering=14, network=8, end_to_end_p95=28; frame_rate_fps: 60, display_frame_interval_ms=16.67.",
            "id": "sample_042_0035_000014",
            "annotations": []
        },
        {
            "sentence": "user_id: sha256:3b7f5c2e9a4d6f8b1c2e3d4f5a6b7c8d9e0f1a2b3c4d5e6f7a8b9c0d1e2f3a4, privacy_level: high, consent_log_ref: consent_log_20251112_0001.",
            "id": "sample_042_0035_000015",
            "annotations": [
                {
                    "word": "sha256:3b7f5c2e9a4d6f8b1c2e3d4f5a6b7c8d9e0f1a2b3c4d5e6f7a8b9c0d1e2f3a4",
                    "start": 9,
                    "end": 79,
                    "label": "개인정보"
                }
            ]
        },
        {
            "sentence": "license_info: CC-BY-NC-4.0; commercial_use: prohibited; attribution: required; compatibility_manifest: ['SDK-ARCore-1.9','SDK-HoloXR-2.0','Platform-Android-11+'].",
            "id": "sample_042_0035_000016",
            "annotations": []
        },
        {
            "sentence": "안전·접근성 메타데이터: 안전거리_m=0.8, 시선차단영역(z축)_m=[0.5,1.8], 물리적 경계: footprint_m=[-1,-1,1,1].",
            "id": "sample_042_0035_000017",
            "annotations": []
        },
        {
            "sentence": "바이너리 자산 무결성: chunked CDN 전송, version_tag: v1.4.2, checksum_manifest: {asset:sha256:...,textures:sha256:...} 및 개별 청크에 체크섬 포함.",
            "id": "sample_042_0035_000018",
            "annotations": []
        },
        {
            "sentence": "RNG_seed: 123456789, uncertainty: position_sigma_m=0.02, orientation_sigma_deg=0.5, 시뮬레이션 재현성을 위한 시드와 불확실도 표기를 포함합니다.",
            "id": "sample_042_0035_000019",
            "annotations": []
        },
        {
            "sentence": "렌더링 텔레메트리: frame_time_ms_mean=12.3, frame_time_ms_std=1.4, jitter_ms_p99=9.1, 네트워크 재전송율=0.6%.",
            "id": "sample_042_0035_000020",
            "annotations": []
        },
        {
            "sentence": "접근성 옵션: 고대비 모드, 캡션 활성화, 시선 기반 인터랙션 비활성화 영역(gaze_block_zones) 정의를 포함합니다.",
            "id": "sample_042_0035_000021",
            "annotations": []
        },
        {
            "sentence": "프로젝트 담당자: 곽예진, 소속: AR팀, 역할: 콘텐츠 메타데이터 책임; 내부 연락처는 시스템에서 토큰화되어 저장됩니다.",
            "id": "sample_042_0035_000022",
            "annotations": [
                {
                    "word": "곽예진",
                    "start": 10,
                    "end": 13,
                    "label": "개인정보"
                }
            ]
        },
        {
            "sentence": "내부 서비스 및 인증 서버 주소: 10.8.0.5:8443, auth_url: https://internal.company.local/auth; 이러한 내부 엔드포인트는 비공개입니다.",
            "id": "sample_042_0035_000023",
            "annotations": [
                {
                    "word": "10.8.0.5:8443",
                    "start": 19,
                    "end": 32,
                    "label": "기밀정보"
                },
                {
                    "word": "https://internal.company.local/auth",
                    "start": 44,
                    "end": 79,
                    "label": "기밀정보"
                }
            ]
        },
        {
            "sentence": "백업 및 저장 경로(내부): /srv/xr/assets/mesh/mesh_7b2_v2.1.gltf 및 /mnt/backup/xr/2025/11/mesh_7b2.tar은 내부 관리용입니다.",
            "id": "sample_042_0035_000024",
            "annotations": [
                {
                    "word": "/srv/xr/assets/mesh/mesh_7b2_v2.1.gltf",
                    "start": 16,
                    "end": 54,
                    "label": "기밀정보"
                },
                {
                    "word": "/mnt/backup/xr/2025/11/mesh_7b2.tar",
                    "start": 57,
                    "end": 92,
                    "label": "기밀정보"
                }
            ]
        },
        {
            "sentence": "버전관리 정책: 메타데이터와 바이너리는 Git-LFS 및 아티팩트 레지스트리로 관리하며 마이그레이션 시 해시와 맵핑 테이블을 유지합니다.",
            "id": "sample_042_0035_000025",
            "annotations": []
        },
        {
            "sentence": "배포·호환성 제약: 플랫폼 파편화로 인한 폴리필과 런타임 어댑터를 사용하며 각 플랫폼별 성능 예산을 명시합니다.",
            "id": "sample_042_0035_000026",
            "annotations": []
        },
        {
            "sentence": "데이터 보존 기간은 기본 2년이며, 익명화 레벨에 따라 보존기간과 접근 권한을 차등화합니다.",
            "id": "sample_042_0035_000027",
            "annotations": []
        },
        {
            "sentence": "결론 및 조치 항목: 차기 릴리스 전 모든 내부 엔드포인트 비공개 여부 검증, 개인정보 익명화 로그 검토, 레이턴시 목표(추적<15ms)를 재확인합니다.",
            "id": "sample_042_0035_000028",
            "annotations": []
        }
    ]
}