{
    "document_id": "042_0064",
    "document_title": "AR/MR 씬 메타데이터 스펙 및 운영 가이드",
    "data": [
        {
            "sentence": "문서 개요: 본 문서는 증강현실 및 혼합현실(XR) 씬의 메타데이터, 센서 로그, 자산 매니페스트를 통합한 기술 문서입니다.",
            "id": "sample_042_0064_000001",
            "annotations": []
        },
        {
            "sentence": "목적: 본 문서는 공간 정렬, 실시간 퍼포먼스 검증, 개인정보 보호 및 콘텐츠 호환성 관리를 위해 작성되었습니다.",
            "id": "sample_042_0064_000002",
            "annotations": []
        },
        {
            "sentence": "좌표계와 단위: coordinate_system: AR_LOCAL_RIGHT_HANDED (unit: meters), 모든 포즈는 position_xyz_quaternion 형식으로 표기합니다.",
            "id": "sample_042_0064_000003",
            "annotations": []
        },
        {
            "sentence": "시간 표기: 모든 타임스탬프는 UTC ISO8601 형식(예: 2026-01-08T09:15:30.123Z)을 사용하며 동기화는 NTP+PPS로 보장합니다.",
            "id": "sample_042_0064_000004",
            "annotations": []
        },
        {
            "sentence": "검토자: 담당 품질검토자 장지홍이 메타데이터 일관성 및 안전 규정 준수를 확인했습니다.",
            "id": "sample_042_0064_000005",
            "annotations": [
                {
                    "word": "장지홍",
                    "start": 14,
                    "end": 17,
                    "label": "개인정보"
                }
            ]
        },
        {
            "sentence": "씬 및 자산 식별: scene_id: SCN_001, asset_id: ASSET_3D_0007, content_version: v1.2.3로 버전 관리를 수행합니다.",
            "id": "sample_042_0064_000006",
            "annotations": []
        },
        {
            "sentence": "디바이스 식별자: device_id: DEV-00012345, device_model: XR-Glass-Pro, 추가로 device_serial: SN-998877을 내부 자산 레코드에 기록합니다.",
            "id": "sample_042_0064_000007",
            "annotations": [
                {
                    "word": "DEV-00012345",
                    "start": 21,
                    "end": 33,
                    "label": "기밀정보"
                },
                {
                    "word": "SN-998877",
                    "start": 82,
                    "end": 91,
                    "label": "기밀정보"
                }
            ]
        },
        {
            "sentence": "바이너리 자산 무결성: asset_checksum: sha256:4e3b2a1f9c8d7b6a5e4f3c2b1a0f9e8d7c6b5a4f3e2d1c0b9a8f7e6d5c4b3a2 및 version_tag: asset_v1.2.3를 명시합니다.",
            "id": "sample_042_0064_000008",
            "annotations": []
        },
        {
            "sentence": "메시 및 텍스처: mesh_id: MESH_LVL0_120, mesh_version: m1.0, texture_references: [tex_diffuse_v2.png, tex_normal_v2.ktx]로 링크를 관리합니다.",
            "id": "sample_042_0064_000009",
            "annotations": []
        },
        {
            "sentence": "동의 로그 참조: consent_log_ref: https://internal.consent.corp/logs/5467는 내부 접근 제어가 적용된 위치입니다.",
            "id": "sample_042_0064_000010",
            "annotations": [
                {
                    "word": "https://internal.consent.corp/logs/5467",
                    "start": 27,
                    "end": 66,
                    "label": "기밀정보"
                }
            ]
        },
        {
            "sentence": "프라이버시 레벨: privacy_level: Pseudonymized으로 사용자의 직접 식별 정보를 최소화하며 동의 상태와 연동합니다.",
            "id": "sample_042_0064_000011",
            "annotations": []
        },
        {
            "sentence": "사용자 식별자(익명화): user_id: sha256:9b1d1fef4c3a2b6d8e7f6a5c4b3d2e1f0a9b8c7d6e5f4a3b2c1d0e9f8a7b6c5.",
            "id": "sample_042_0064_000012",
            "annotations": [
                {
                    "word": "sha256:9b1d1fef4c3a2b6d8e7f6a5c4b3d2e1f0a9b8c7d6e5f4a3b2c1d0e9f8a7b6c5",
                    "start": 23,
                    "end": 93,
                    "label": "개인정보"
                }
            ]
        },
        {
            "sentence": "센서 스트림 참조: sensor_stream_refs: [{uri: 'https://sensors.corp/stream/imu_01', type: 'IMU', sampling_rate: 200.0}, {uri: 'https://sensors.corp/stream/rgb_01', type: 'RGB', sampling_rate: 30.0}].",
            "id": "sample_042_0064_000013",
            "annotations": []
        },
        {
            "sentence": "심도 포인트클라우드 요약: depth_pointcloud_summary: points=12,345, density=0.45 points/m2, range=0.5-8.0 meters, 불확실성(σ)=0.02m를 표기합니다.",
            "id": "sample_042_0064_000014",
            "annotations": []
        },
        {
            "sentence": "포즈 표기 예시: pose: position: [1.234, -0.056, 0.782] (meters), quaternion: [0.7071, 0.0, 0.7071, 0.0], timestamp: 2026-01-08T09:15:30.123Z.",
            "id": "sample_042_0064_000015",
            "annotations": []
        },
        {
            "sentence": "좌표 변환 문서화: SLAM 로그(AR_LOCAL)과 GPS 기반 글로벌 좌표(WGS84) 병합 시 변환 행렬과 회전 순서를 상세히 기록합니다.",
            "id": "sample_042_0064_000016",
            "annotations": []
        },
        {
            "sentence": "레이턴시·프레임레이트 지표: latency_ms: render=12.5, tracking=8.0, network=6.2, total_budget_ms=30.0, frame_rate_fps: 60.0을 유지합니다.",
            "id": "sample_042_0064_000017",
            "annotations": []
        },
        {
            "sentence": "렌더링 텔레메트리: shader_parameters: {roughness:0.5, metallic:0.0, emissive: [0.0,0.0,0.0]}, LOD 정책과 쉐이더 컴파일 버전을 포함합니다.",
            "id": "sample_042_0064_000018",
            "annotations": []
        },
        {
            "sentence": "상호작용 이벤트 예시: interaction_events: [{event_type:'gesture_tap', timestamp:'2026-01-08T09:15:31.200Z', metadata:{target:'virtual_button_01'}}].",
            "id": "sample_042_0064_000019",
            "annotations": []
        },
        {
            "sentence": "접근성 및 안전 메타데이터: safety_distance_m: 0.5, occlusion_zones: [{id:'zone_a', bounds:[...]}], 물리적 경계는 실제 m 단위로 표기합니다.",
            "id": "sample_042_0064_000020",
            "annotations": []
        },
        {
            "sentence": "호환성 매니페스트: compatibility_manifest은 플랫폼 최소 요구사항, SDK 버전, 권장 GPU 프로파일을 명시합니다.",
            "id": "sample_042_0064_000021",
            "annotations": []
        },
        {
            "sentence": "위치메타데이터: location_city: 서울특별시, location_admin: 강남구(시/군/구 수준으로 분리하여 저장)로 준식별자 규칙을 준수합니다.",
            "id": "sample_042_0064_000022",
            "annotations": [
                {
                    "word": "서울특별시",
                    "start": 24,
                    "end": 29,
                    "label": "준식별자"
                }
            ]
        },
        {
            "sentence": "사용자 속성(익명화 전): 성별: 남성, 연령대: 30-35세는 준식별자 조합에 따라 추가 보호가 필요합니다.",
            "id": "sample_042_0064_000023",
            "annotations": [
                {
                    "word": "남성",
                    "start": 19,
                    "end": 21,
                    "label": "준식별자"
                }
            ]
        },
        {
            "sentence": "콘텐츠 라이선스: license_info: 'CC-BY-NC-4.0' 또는 상업적 사용 제한이 있는 경우 상세 조건을 매니페스트에 포함합니다.",
            "id": "sample_042_0064_000024",
            "annotations": []
        },
        {
            "sentence": "대형 바이너리 전송 정책: CDN 경로와 스트리밍 청크 크기, delta-patch 전략을 명시하여 저장·전송 비용을 최적화합니다.",
            "id": "sample_042_0064_000025",
            "annotations": []
        },
        {
            "sentence": "시뮬레이션 재현성: RNG seed: 20260108, 시뮬레이션 파라미터와 불확실성(uncertainty) 분포를 기록합니다.",
            "id": "sample_042_0064_000026",
            "annotations": []
        },
        {
            "sentence": "보안 및 기밀 항목: 내부 자산 URI asset_uri: https://cdn.corp.private/assets/scene_001 및 접근 제어 로그는 기밀로 분류됩니다.",
            "id": "sample_042_0064_000027",
            "annotations": [
                {
                    "word": "https://cdn.corp.private/assets/scene_001",
                    "start": 33,
                    "end": 74,
                    "label": "기밀정보"
                }
            ]
        },
        {
            "sentence": "운영 권고: 정기적인 체크섬 검증, 타임스탬프 동기화 점검, 프라이버시 로그의 보존 기간 정책을 수립하십시오.",
            "id": "sample_042_0064_000028",
            "annotations": []
        },
        {
            "sentence": "결론: 본 메타데이터 스펙은 재현성, 안전성, 호환성, 그리고 최소한의 개인정보 노출 원칙을 균형 있게 반영합니다.",
            "id": "sample_042_0064_000029",
            "annotations": []
        }
    ]
}