{
    "document_id": "042_0022",
    "document_title": "AR/MR 씬 메타데이터 및 시스템 규격서",
    "data": [
        {
            "sentence": "이 문서는 증강현실 및 혼합현실(XR) 시스템의 씬 메타데이터, 센서 로그, 성능지표 및 배포 매니페스트를 규격화하기 위한 기술 문서입니다.",
            "id": "sample_042_0022_000001",
            "annotations": []
        },
        {
            "sentence": "문서 식별자는 042_0022이며 모든 JSON 엔트리와 레퍼런스는 UTC ISO8601 타임스탬프를 사용합니다.",
            "id": "sample_042_0022_000002",
            "annotations": []
        },
        {
            "sentence": "scene_id는 SCN-0007로 표기하며 asset_id는 ASSET-1A2B, content_version은 v2.3.0으로 기록됩니다.",
            "id": "sample_042_0022_000003",
            "annotations": []
        },
        {
            "sentence": "asset_checksum은 SHA256: e3b0c44298fc1c149afbf4c8996fb92427ae41e4649b934ca495991b7852b855로 명시되어 무결성을 보장합니다.",
            "id": "sample_042_0022_000004",
            "annotations": []
        },
        {
            "sentence": "device_id는 DEV-9F7C(내부 자산 식별자)로 적시되며, 해당 값은 조직 기밀로 취급합니다.",
            "id": "sample_042_0022_000005",
            "annotations": [
                {
                    "word": "DEV-9F7C",
                    "start": 11,
                    "end": 19,
                    "label": "기밀정보"
                }
            ]
        },
        {
            "sentence": "device_model은 HMD-XRPro v1.4이며 호환성 매니페스트에 플랫폼 지원 목록과 최소 SDK 버전을 포함합니다.",
            "id": "sample_042_0022_000006",
            "annotations": []
        },
        {
            "sentence": "타임스탬프 예시는 2025-08-12T14:23:45.123Z 형식을 따르며 센서 동기화는 NTP+PPS 하드웨어 캡처를 사용해 정밀도를 보장합니다.",
            "id": "sample_042_0022_000007",
            "annotations": []
        },
        {
            "sentence": "pose 데이터는 position_xyz_quaternion으로 표기하고 좌표계는 좌측-상향 Z(좌표계: local_LEFT_UP_Z), 단위는 미터(m)로 명시합니다.",
            "id": "sample_042_0022_000008",
            "annotations": []
        },
        {
            "sentence": "예시 포즈: position [1.234, -0.567, 0.890] meters, quaternion [0.7071, 0.0, 0.7071, 0.0]이며 좌표 변환은 ENU↔local_LEFT_UP_Z 변환 행렬을 문서화합니다.",
            "id": "sample_042_0022_000009",
            "annotations": []
        },
        {
            "sentence": "mesh_id는 MESH-0A12, mesh_version 5, semantic_labels에는 '벽','문','의자' 등의 클래스가 포함됩니다.",
            "id": "sample_042_0022_000010",
            "annotations": []
        },
        {
            "sentence": "texture_references는 CDN URI와 용량, LOD별 전송 우선순위를 포함하며 텍스처 바이너리는 checksum과 version tag를 동봉합니다.",
            "id": "sample_042_0022_000011",
            "annotations": []
        },
        {
            "sentence": "shader_parameters는 PBR 기반 베이스컬러, 메탈릭, 러프니스 및 커스텀 유틸리티 쉐이더 파라미터 키-값 쌍으로 기록합니다.",
            "id": "sample_042_0022_000012",
            "annotations": []
        },
        {
            "sentence": "interaction_events는 event_type, timestamp, metadata를 포함하며 예: 'select'|2025-08-12T14:23:46.234Z|{target_mesh:MESH-0A12, input:controller_button_A} 형태로 저장됩니다.",
            "id": "sample_042_0022_000013",
            "annotations": []
        },
        {
            "sentence": "sensor_stream_refs는 uri, type, sampling_rate로 표기하며 예로 rgb_stream에 rtsp://media.internal/xr/rgb, type:RGB, sampling_rate:30Hz를 기록합니다.",
            "id": "sample_042_0022_000014",
            "annotations": [
                {
                    "word": "rtsp://media.internal/xr/rgb",
                    "start": 66,
                    "end": 94,
                    "label": "기밀정보"
                }
            ]
        },
        {
            "sentence": "depth_pointcloud_summary는 포인트 수, 평균거리, 분해능과 uncertainty sigma 값을 포함해 재현성 및 퀄리티를 평가합니다.",
            "id": "sample_042_0022_000015",
            "annotations": []
        },
        {
            "sentence": "퍼포먼스 메트릭은 latency_ms 18.7ms, frame_rate_fps 72로 기록되어 실시간성 요구(응답 예산)를 검증합니다.",
            "id": "sample_042_0022_000016",
            "annotations": []
        },
        {
            "sentence": "사용자 식별은 최소화되어 user_id는 SHA256 해시(예: u_hash_5f4dcc3b5aa765d61d8327deb882cf99)로 저장됩니다.",
            "id": "sample_042_0022_000017",
            "annotations": [
                {
                    "word": "u_hash_5f4dcc3b5aa765d61d8327deb882cf99",
                    "start": 36,
                    "end": 75,
                    "label": "개인정보"
                }
            ]
        },
        {
            "sentence": "privacy_level은 'high'로 설정되어 있으며 동의 로그 참조(consent_log_ref)는 CONSENT-2025-08-12-7788 토큰으로 연결됩니다.",
            "id": "sample_042_0022_000018",
            "annotations": [
                {
                    "word": "CONSENT-2025-08-12-7788",
                    "start": 59,
                    "end": 82,
                    "label": "기밀정보"
                }
            ]
        },
        {
            "sentence": "동의 로그에는 익명화된 사용자 토큰, 동의 시각(UTC ISO8601), 동의 범위(데이터 수집, 상업적 사용 여부)가 포함되어 감사 가능하도록 보존됩니다.",
            "id": "sample_042_0022_000019",
            "annotations": []
        },
        {
            "sentence": "접근성 및 안전 메타데이터는 안전거리 1.5m, 시선차단 영역(blind_zone) 정의, 물리적 경계(fallback_boundary)를 포함합니다.",
            "id": "sample_042_0022_000020",
            "annotations": []
        },
        {
            "sentence": "시뮬레이션 RNG 시드 seed: 20250812_314159 이 포함되어 재현가능성을 확보하며 시뮬레이션 불확실성은 표준편차로 명시합니다.",
            "id": "sample_042_0022_000021",
            "annotations": []
        },
        {
            "sentence": "콘텐츠 라이선스는 'CC-BY-NC-4.0'이며 상업적 사용 제한 및 저작권 소유권을 명확히 표기합니다.",
            "id": "sample_042_0022_000022",
            "annotations": []
        },
        {
            "sentence": "호환성 매니페스트는 플랫폼: Android/Windows/Quest, SDK 최소버전: XRSDK 3.2, 필요한 센서 프로파일 목록을 포함합니다.",
            "id": "sample_042_0022_000023",
            "annotations": []
        },
        {
            "sentence": "SLAM 로그 예시는 trajectory_id TRJ-77, timestamped pose 시퀀스, 그리고 로컬 맵(VoxelGrid) 해시를 포함합니다.",
            "id": "sample_042_0022_000024",
            "annotations": []
        },
        {
            "sentence": "운영팀 연락책임자 필드를 예시로 표기하였으며 담당자 이름은 안샛별(프로젝트 리드, 내부 역할용 명칭)로 표기되지만 외부 공개는 제한됩니다.",
            "id": "sample_042_0022_000025",
            "annotations": [
                {
                    "word": "안샛별",
                    "start": 33,
                    "end": 36,
                    "label": "개인정보"
                }
            ]
        },
        {
            "sentence": "문서 내 경로 및 내부 미디어 서버 주소는 제한적 공개로 처리되며 예시 내부 리소스 경로는 /srv/xr/assets/MESH-0A12.bin 입니다.",
            "id": "sample_042_0022_000026",
            "annotations": [
                {
                    "word": "/srv/xr/assets/MESH-0A12.bin",
                    "start": 51,
                    "end": 79,
                    "label": "기밀정보"
                }
            ]
        },
        {
            "sentence": "보안 권고로 모든 바이너리 전송은 CDN과 TLS1.3을 통해 암호화하고 checksum 검증 후 마이그레이션을 진행하도록 명시합니다.",
            "id": "sample_042_0022_000027",
            "annotations": []
        },
        {
            "sentence": "결론 및 조치항목으로는 메타데이터 스키마 검증, 좌표계 변환 유닛 테스트, 개인정보 최소화 정책 검토를 포함합니다.",
            "id": "sample_042_0022_000028",
            "annotations": []
        }
    ]
}