{
    "document_id": "042_0025",
    "document_title": "증강현실 통합 콘텐츠·공간 메타데이터 사양서",
    "data": [
        {
            "sentence": "본 문서는 증강현실(AR) 및 혼합현실(MR) 시스템의 콘텐츠와 공간 메타데이터 통합 사양을 기술합니다.",
            "id": "sample_042_0025_000001",
            "annotations": []
        },
        {
            "sentence": "문서는 실시간 렌더링 요구, 센서 퓨전, 개인정보 비식별화 및 바이너리 자산 무결성 관리 방안을 포함합니다.",
            "id": "sample_042_0025_000002",
            "annotations": []
        },
        {
            "sentence": "필수 식별자 예: scene_id=scene_00042, asset_id=asset_2025_004, content_version=1.2.0을 메타데이터에 포함합니다.",
            "id": "sample_042_0025_000003",
            "annotations": []
        },
        {
            "sentence": "대형 바이너리(메시/텍스처)에는 asset_checksum=sha256:fa3b2c1d...와 버전 태그(version=mesh_v3.1)를 모두 명기해야 합니다.",
            "id": "sample_042_0025_000004",
            "annotations": []
        },
        {
            "sentence": "디바이스 식별은 최소화하되 device_id: dv-7f9b2a 형식의 토큰화된 값과 device_model=ARGlassPro-X를 기록합니다.",
            "id": "sample_042_0025_000005",
            "annotations": [
                {
                    "word": "device_id: dv-7f9b2a",
                    "start": 15,
                    "end": 35,
                    "label": "기밀정보"
                }
            ]
        },
        {
            "sentence": "타임스탬프는 UTC ISO8601을 사용하며 예: timestamp_iso8601=2025-01-08T12:00:00Z, 동기화는 NTP와 PPS 병행을 권장합니다.",
            "id": "sample_042_0025_000006",
            "annotations": []
        },
        {
            "sentence": "모든 포즈는 좌표계와 단위를 명시합니다; pose(position_xyz_quaternion) 예: position=[1.234,0.000,−0.567]m, quaternion=[0.707,0,0.707,0].",
            "id": "sample_042_0025_000007",
            "annotations": []
        },
        {
            "sentence": "여러 소스 병합 시 좌표 변환을 문서화해야 하며 예: local_AR -> global_enu 변환행렬 및 단위(m)를 명시합니다.",
            "id": "sample_042_0025_000008",
            "annotations": []
        },
        {
            "sentence": "메시 메타데이터는 mesh_id=mesh_007, mesh_version=3.1, LOD=[high,medium,low], semantic_labels=[floor,wall,table]를 포함합니다.",
            "id": "sample_042_0025_000009",
            "annotations": []
        },
        {
            "sentence": "텍스처 참조는 texture_references 배열을 사용하며 URI, 해상도(픽셀), 압축 포맷을 명시하고 shader_parameters도 함께 기록합니다.",
            "id": "sample_042_0025_000010",
            "annotations": []
        },
        {
            "sentence": "상호작용 로그 예시는 interaction_events 항목으로 event_type|timestamp|metadata 형식으로 기록됩니다; 예: tap|2025-01-08T12:00:05Z|{target:mesh_007}.",
            "id": "sample_042_0025_000011",
            "annotations": []
        },
        {
            "sentence": "센서 스트림 참조는 sensor_stream_refs에 URI|type|sampling_rate를 포함합니다; 예: uri=rtsp://sensor01/depth|type=depth|sampling_rate=30Hz.",
            "id": "sample_042_0025_000012",
            "annotations": []
        },
        {
            "sentence": "깊이 포인트클라우드 요약(depth_pointcloud_summary)은 포인트 수, 평균밀도(pt/m3), 범위(m) 및 좌표계(예:ENU, meters)를 표기합니다.",
            "id": "sample_042_0025_000013",
            "annotations": []
        },
        {
            "sentence": "성능 메트릭은 latency_ms=render:8,tracking:12,network:20 과 frame_rate_fps=60를 포함하여 실시간성 예산을 검증해야 합니다.",
            "id": "sample_042_0025_000014",
            "annotations": []
        },
        {
            "sentence": "안전·접근성 메타데이터는 안전거리(safety_distance=0.5m), 시선차단 영역(occlusion_zones) 및 물리적 경계(physical_boundaries) 항목을 필수로 포함합니다.",
            "id": "sample_042_0025_000015",
            "annotations": []
        },
        {
            "sentence": "콘텐츠 라이선스는 license_info에 저작권자, 상업적 사용 제한, 표준 SPDX 태그와 함께 명시하고 호환성 매니페스트를 첨부합니다.",
            "id": "sample_042_0025_000016",
            "annotations": []
        },
        {
            "sentence": "호환성 매니페스트(compatibility_manifest)는 플랫폼, SDK, 최소 하드웨어 프로파일 및 권장 드라이버 버전을 포함해야 합니다.",
            "id": "sample_042_0025_000017",
            "annotations": []
        },
        {
            "sentence": "동의 로그의 참조는 consent_log_ref에 내부 경로 또는 토큰으로 포함하되 접근 제어를 명시합니다; 예: /internal/consent/consent_2024-08-01.log.",
            "id": "sample_042_0025_000018",
            "annotations": [
                {
                    "word": "/internal/consent/consent_2024-08-01.log",
                    "start": 64,
                    "end": 104,
                    "label": "기밀정보"
                }
            ]
        },
        {
            "sentence": "사용자 식별자는 익명화된 토큰을 사용하며 예: user_id: sha256:3a7b2c9f4e8d2b1c6f0e5d4c9b8a7f6e3d2c1b0a9f8e7d6c5b4a3f2e1d0c9b8, privacy_level=high 로 연계합니다.",
            "id": "sample_042_0025_000019",
            "annotations": [
                {
                    "word": "user_id: sha256:3a7b2c9f4e8d2b1c6f0e5d4c9b8a7f6e3d2c1b0a9f8e7d6c5b4a3f2e1d0c9b8",
                    "start": 26,
                    "end": 105,
                    "label": "개인정보"
                }
            ]
        },
        {
            "sentence": "콘텐츠 저작권자 표기는 실명과 직책으로 기록할 수 있으나 최소화 권고; 예: 저작권자=신채온, 직업: 시스템 엔지니어, 단 익명화 옵션을 제공해야 합니다.",
            "id": "sample_042_0025_000020",
            "annotations": [
                {
                    "word": "직업: 시스템 엔지니어",
                    "start": 53,
                    "end": 65,
                    "label": "준식별자"
                },
                {
                    "word": "신채온",
                    "start": 48,
                    "end": 51,
                    "label": "개인정보"
                }
            ]
        },
        {
            "sentence": "내부 자산 저장 경로는 기밀로 취급해야 하며 예: /srv/assets/meshes/mesh_internal_v3.bundle 와 같은 경로는 접근 로그와 함께 관리합니다.",
            "id": "sample_042_0025_000021",
            "annotations": [
                {
                    "word": "/srv/assets/meshes/mesh_internal_v3.bundle",
                    "start": 28,
                    "end": 70,
                    "label": "기밀정보"
                }
            ]
        },
        {
            "sentence": "시간 동기화와 내부 서비스 접근을 위한 NTP 정보는 제한 공개로 관리해야 하며 예: ntp_server=10.0.0.5 (사내 전용)로 표기합니다.",
            "id": "sample_042_0025_000022",
            "annotations": [
                {
                    "word": "10.0.0.5",
                    "start": 59,
                    "end": 67,
                    "label": "기밀정보"
                }
            ]
        },
        {
            "sentence": "시뮬레이션과 합성 데이터 생성 시 RNG 시드(seed=482917)와 불확실성(uncertainty=±0.02m)을 포함하여 재현성을 보장합니다.",
            "id": "sample_042_0025_000023",
            "annotations": []
        },
        {
            "sentence": "CDN 및 스트리밍 요구사항은 대형 바이너리 전송 비용과 지연을 고려하여 스트리밍 레벨(예:adaptive bitrate, chunk_size)과 체크섬을 명시합니다.",
            "id": "sample_042_0025_000024",
            "annotations": []
        },
        {
            "sentence": "데이터 보존 정책은 보관 기간, 접근 권한, 감사 로그 보존을 포함하고 GDPR 및 관련 규정 준수 여부를 문서화해야 합니다.",
            "id": "sample_042_0025_000025",
            "annotations": []
        },
        {
            "sentence": "결론 및 조치항목: 좌표변환 표준화, 타임스탬프 동기화 검증, 개인 식별자 익명화 규칙 강제, 바이너리 무결성 체크를 즉시 적용합니다.",
            "id": "sample_042_0025_000026",
            "annotations": []
        }
    ]
}