{
    "document_id": "042_0072",
    "document_title": "혼합현실 씬 메타데이터 및 배포·호환성 매니페스트",
    "data": [
        {
            "sentence": "문서 개요: 본 문서는 혼합현실(MR) 씬의 공간·자산·센서·퍼포먼스 메타데이터와 배포 매니페스트를 포함한다.",
            "id": "sample_042_0072_000001",
            "annotations": []
        },
        {
            "sentence": "본 문서는 좌표계, 단위, 시간동기화 방법 및 바이너리 무결성 검증 절차를 명확히 문서화한다.",
            "id": "sample_042_0072_000002",
            "annotations": []
        },
        {
            "sentence": "scene_id는 scene_042_0072로 표기하며 asset_id는 asset_042_v03로 관리한다.",
            "id": "sample_042_0072_000003",
            "annotations": []
        },
        {
            "sentence": "content_version은 3.1.0으로 명시하고 대형 바이너리에는 version 태그와 체크섬을 병기한다.",
            "id": "sample_042_0072_000004",
            "annotations": []
        },
        {
            "sentence": "asset_checksum(바이너리 무결성): sha256:5f2e9b8c3a1d4e6f7b0c9d2a3e4f5a6b7c8d9e0f1a2b3c4d5e6f7a8b9c0d1e2.",
            "id": "sample_042_0072_000005",
            "annotations": []
        },
        {
            "sentence": "승인 담당자(기록): 채현은 QA 검수자로서 메타데이터 일괄 품질검토에 서명하였다.",
            "id": "sample_042_0072_000006",
            "annotations": [
                {
                    "word": "채현",
                    "start": 12,
                    "end": 14,
                    "label": "개인정보"
                }
            ]
        },
        {
            "sentence": "device_id와 device_model은 dev-AC12-45 및 HoloXR-Pro v2로 표기하며 하드웨어 프로파일을 호환성 매니페스트에 연결한다.",
            "id": "sample_042_0072_000007",
            "annotations": []
        },
        {
            "sentence": "기준 타임스탬프(timestamp_iso8601)는 2025-11-12T08:15:30Z이며 모든 센서 로그는 UTC ISO8601로 동기화한다.",
            "id": "sample_042_0072_000008",
            "annotations": [
                {
                    "word": "2025-11-12T08:15:30Z",
                    "start": 29,
                    "end": 49,
                    "label": "준식별자"
                }
            ]
        },
        {
            "sentence": "시간 동기화 방법: 주 시스템은 NTP로 보조 동기화하며 외부 GNSS PPS 신호가 가능할 경우 PPS 보정 전략을 적용한다.",
            "id": "sample_042_0072_000009",
            "annotations": []
        },
        {
            "sentence": "pose 표기법: position_xyz_quaternion 형식으로 미터 단위이며 예시값은 position (m): [1.234, -0.045, 0.875], quaternion: [0.707, 0.0, 0.707, 0.0]이다.",
            "id": "sample_042_0072_000010",
            "annotations": []
        },
        {
            "sentence": "coordinate_system: 로컬 AR 좌표(오른손, 단위: meter)로 통일하였으며 글로벌 GPS 좌표는 WGS84로 별도 보관한다.",
            "id": "sample_042_0072_000011",
            "annotations": []
        },
        {
            "sentence": "user_id(익명화): sha256:3a7f5e9b8c2d4f1a9e0b6c3d2a1f0e5b9c2d7e1f4a0b3c6d8e9f1a2b3c4d5e6로 저장되며 원본 식별자는 분리 보관한다.",
            "id": "sample_042_0072_000012",
            "annotations": [
                {
                    "word": "sha256:3a7f5e9b8c2d4f1a9e0b6c3d2a1f0e5b9c2d7e1f4a0b3c6d8e9f1a2b3c4d5e6",
                    "start": 14,
                    "end": 84,
                    "label": "개인정보"
                }
            ]
        },
        {
            "sentence": "privacy_level: high로 설정하고 동의로그와 연계하여 접근 권한 및 보존 기간을 정책에 따라 제어한다.",
            "id": "sample_042_0072_000013",
            "annotations": []
        },
        {
            "sentence": "consent_log_ref(내부 참조): https://internal.corp.local/consent/consent-0007을 통해 동의 상태와 버전을 추적한다.",
            "id": "sample_042_0072_000014",
            "annotations": [
                {
                    "word": "https://internal.corp.local/consent/consent-0007",
                    "start": 24,
                    "end": 72,
                    "label": "기밀정보"
                }
            ]
        },
        {
            "sentence": "license_info: 상업적 사용은 금지되며 CC BY-NC-ND 4.0 조항을 적용하고 저작권자 표시는 매니페스트에 포함한다.",
            "id": "sample_042_0072_000015",
            "annotations": []
        },
        {
            "sentence": "compatibility_manifest는 플랫폼(Windows MR, Android XR, iOS MR), SDK(ARCore 1.27, ARKit 5.3) 및 필수 드라이버 버전을 명시한다.",
            "id": "sample_042_0072_000016",
            "annotations": []
        },
        {
            "sentence": "대형 자산 저장 위치(내부): s3://internal-assets/private/asset_042_00072_v3.glb이며 접근은 CDN 토큰화 스트리밍으로 제어한다.",
            "id": "sample_042_0072_000017",
            "annotations": [
                {
                    "word": "s3://internal-assets/private/asset_042_00072_v3.glb",
                    "start": 17,
                    "end": 68,
                    "label": "기밀정보"
                }
            ]
        },
        {
            "sentence": "내부 리포지토리 서버 IP(관리전용): 10.0.3.45는 배포 파이프라인에서 비공개 네트워크로 사용된다.",
            "id": "sample_042_0072_000018",
            "annotations": [
                {
                    "word": "10.0.3.45",
                    "start": 22,
                    "end": 31,
                    "label": "기밀정보"
                }
            ]
        },
        {
            "sentence": "mesh_id와 mesh_version은 mesh_042_roomA_v2로 표기하고 LOD는 0~3으로 분류하여 스트리밍 우선순위를 부여한다.",
            "id": "sample_042_0072_000019",
            "annotations": []
        },
        {
            "sentence": "semantic_labels는 벽, 바닥, 창문, 문, 테이블 등으로 어노테이션하며 라벨링 스키마와 요약을 메타데이터에 포함한다.",
            "id": "sample_042_0072_000020",
            "annotations": []
        },
        {
            "sentence": "texture_references는 텍스처 URI 목록과 각 텍스처의 압축 레벨, 해상도(예: 2048x2048)를 명시한다.",
            "id": "sample_042_0072_000021",
            "annotations": []
        },
        {
            "sentence": "shader_parameters는 PBR 파라미터(albedo, metallic, roughness, normalScale)와 셰이더 버전 v1.2를 포함한다.",
            "id": "sample_042_0072_000022",
            "annotations": []
        },
        {
            "sentence": "interaction_events 예시: {event_type: gaze_fixation, timestamp: 2025-11-12T08:15:31Z, metadata: {duration_ms: 420}} 형식으로 기록한다.",
            "id": "sample_042_0072_000023",
            "annotations": []
        },
        {
            "sentence": "sensor_stream_refs: {uri: rtsp://sensor-hub.local/stream/01, type: RGB, sampling_rate: 30Hz}와 {uri: ntrip://depth.local/pc, type: LIDAR, sampling_rate: 10Hz}를 등록한다.",
            "id": "sample_042_0072_000024",
            "annotations": []
        },
        {
            "sentence": "depth_pointcloud_summary는 평균밀도(pts/m2): 120, 최대지오메트리오차: 0.02m, 포인트포맷: XYZI로 요약한다.",
            "id": "sample_042_0072_000025",
            "annotations": []
        },
        {
            "sentence": "퍼포먼스 메트릭: 평균 렌더링 지연 latency_ms: 18ms, 추적 주기 평균 frame_rate_fps: 72fps를 기준으로 실시간성 요건을 검증한다.",
            "id": "sample_042_0072_000026",
            "annotations": []
        },
        {
            "sentence": "네트워크 조건별 목표 지연 예산과 버퍼링 정책을 매니페스트에 포함하며 스트리밍 비용과 CDN 캐시 전략을 명시한다.",
            "id": "sample_042_0072_000027",
            "annotations": []
        },
        {
            "sentence": "안전·접근성 메타데이터: 최소 안전거리 1.2m, 시선차단 영역(look-block zones) 좌표 및 물리적 경계(체크폴리곤)를 포함한다.",
            "id": "sample_042_0072_000028",
            "annotations": []
        },
        {
            "sentence": "시뮬레이션·합성 데이터는 RNG 시드(예: seed: 442917)와 불확실성(uncertainty) 표기(예: pose_sigma_m: 0.01)를 포함하여 재현성을 보장한다.",
            "id": "sample_042_0072_000029",
            "annotations": []
        },
        {
            "sentence": "좌표 변환 문서화: SLAM맵(local_AR)과 GPS(WGS84)를 합성할 때 적용한 7DOF 변환 매트릭스와 단위(미터)를 명시한다.",
            "id": "sample_042_0072_000030",
            "annotations": []
        }
    ]
}