{
    "document_id": "042_0023",
    "document_title": "증강현실/혼합현실 콘텐츠 및 공간 매핑 메타데이터 사양서",
    "data": [
        {
            "sentence": "문서 개요: 본 사양서는 AR/MR(증강현실 및 혼합현실) 시스템에서 사용하는 씬·자산·센서·퍼포먼스 메타데이터의 구조와 운영 절차를 기술합니다.",
            "id": "sample_042_0023_000001",
            "annotations": []
        },
        {
            "sentence": "기본 식별자: scene_id: SCN-042-20240715, asset_id: AST-042-00023, content_version: v1.3.0을 각 항목으로 사용합니다.",
            "id": "sample_042_0023_000002",
            "annotations": []
        },
        {
            "sentence": "대형 바이너리 무결성: asset_checksum(SHA256): 3f2b1a9e6c4d8b7f2a3e4c5d6b7a9e1f4d3c2b1a6e7f8b9c0d1e2f3a4b5c6d7, asset_version: mesh_v3.1.",
            "id": "sample_042_0023_000003",
            "annotations": []
        },
        {
            "sentence": "디바이스 식별: device_id: DEV-AX3-000129, device_model: HoloView-XR-Pro, 하드웨어 프로파일과 펌웨어 버전은 manifest에 기록합니다.",
            "id": "sample_042_0023_000004",
            "annotations": [
                {
                    "word": "DEV-AX3-000129",
                    "start": 20,
                    "end": 34,
                    "label": "기밀정보"
                }
            ]
        },
        {
            "sentence": "타임스탬프는 UTC ISO8601 포맷을 사용하며 예시 timestamp_iso8601: 2024-07-15T09:12:03.123Z, 시간 동기화는 NTP(NTPv4)와 PPS 보정으로 동작합니다.",
            "id": "sample_042_0023_000005",
            "annotations": []
        },
        {
            "sentence": "디바이스 포즈 표기: pose(position_xyz_quaternion) 예시: position(m) = [1.234, -0.056, 0.982], quaternion = [0.7071, 0, 0.7071, 0], 좌표계: right-handed, Y-up, 단위: meter.",
            "id": "sample_042_0023_000006",
            "annotations": []
        },
        {
            "sentence": "좌표 변환 문서화: 로컬 AR 좌표계 -> 글로벌 GPS 변환은 4x4 동차 변환행렬(T_world_local)로 제공하며 변환 단위는 미터와 WGS84 위도/경도로 명시합니다.",
            "id": "sample_042_0023_000007",
            "annotations": []
        },
        {
            "sentence": "메시 식별: mesh_id: MSH-042-HIGH, mesh_version: 3.1, 메시 LOD는 high/medium/low로 분류하여 전송 비용과 렌더링 제어에 사용합니다.",
            "id": "sample_042_0023_000008",
            "annotations": []
        },
        {
            "sentence": "시맨틱 라벨링: semantic_labels 예: ['floor', 'wall', 'table', 'door', 'human_occluder']를 포함하며 라벨 버전과 라벨링 가이드를 함께 배포합니다.",
            "id": "sample_042_0023_000009",
            "annotations": []
        },
        {
            "sentence": "텍스처 및 쉐이더: texture_references는 URI 리스트로 제공하고 shader_parameters 예시: {albedo_factor:0.98, roughness:0.35, metalness:0.0, pbr_model:'metallic-roughness'}를 명시합니다.",
            "id": "sample_042_0023_000010",
            "annotations": []
        },
        {
            "sentence": "상호작용 이벤트 로그: interaction_events 형식은 event_type|timestamp|metadata로 표준화하며 예시는 'tap|2024-07-15T09:12:05.456Z|{target:mesh,mesh_id:MSH-042-HIGH}'입니다.",
            "id": "sample_042_0023_000011",
            "annotations": []
        },
        {
            "sentence": "센서 스트림 참조: sensor_stream_refs 예시 uri: s3://internal-bucket/streams/scene042/stream01, type: RGB-D, sampling_rate: 30Hz, 스트림 소스 IP는 rtsp://10.0.12.45/stream01로 기록합니다.",
            "id": "sample_042_0023_000012",
            "annotations": [
                {
                    "word": "s3://internal-bucket/streams/scene042/stream01",
                    "start": 38,
                    "end": 84,
                    "label": "기밀정보"
                },
                {
                    "word": "10.0.12.45",
                    "start": 138,
                    "end": 148,
                    "label": "기밀정보"
                }
            ]
        },
        {
            "sentence": "심도 포인트클라우드 요약: depth_pointcloud_summary 예: points=18,456, resolution=0.005m, max_range=8.0m, 평균노이즈=0.012m(표준편차), 단위는 meter로 표기합니다.",
            "id": "sample_042_0023_000013",
            "annotations": []
        },
        {
            "sentence": "실시간성 메트릭: latency_ms(추적/렌더링) 평균=18.7ms P95=34ms, frame_rate_fps 목표=60fps, 프레임 드롭 허용치와 우선순위 큐를 명시합니다.",
            "id": "sample_042_0023_000014",
            "annotations": []
        },
        {
            "sentence": "바이너리 무결성 및 버전 태그: 모든 3D 자산과 텍스처에는 checksum과 semantic version을 포함하며 CDN 업로드 시 ETag와 object-version를 기록합니다.",
            "id": "sample_042_0023_000015",
            "annotations": []
        },
        {
            "sentence": "합성 데이터 재현성: 시뮬레이션 및 합성 데이터는 RNG seed: 20240715_77429를 포함하고 불확실성(uncertainty) 표기는 평균오차와 분산으로 명시합니다.",
            "id": "sample_042_0023_000016",
            "annotations": []
        },
        {
            "sentence": "개인 데이터 최소화: user_id는 해시 처리하여 저장하며 예시 user_id_hash: a3f5d9c7e1b2f4e6d8c9b0a1e2f3d4c5, privacy_level: restricted을 사용합니다.",
            "id": "sample_042_0023_000017",
            "annotations": [
                {
                    "word": "a3f5d9c7e1b2f4e6d8c9b0a1e2f3d4c5",
                    "start": 51,
                    "end": 83,
                    "label": "개인정보"
                }
            ]
        },
        {
            "sentence": "동의 로그 참조: consent_log_ref은 내부 참조 ID와 저장 위치를 포함하며 예시 consent://internal/consent_log_2024_07_15_0001에 증적을 보관합니다.",
            "id": "sample_042_0023_000018",
            "annotations": [
                {
                    "word": "consent://internal/consent_log_2024_07_15_0001",
                    "start": 52,
                    "end": 98,
                    "label": "기밀정보"
                }
            ]
        },
        {
            "sentence": "콘텐츠 라이선스: license_info 예: {type:'CC-BY-NC-4.0', commercial_restriction:true, attribution:'원저작자 표기 필요'}를 명시하여 배포 조건을 명확히 합니다.",
            "id": "sample_042_0023_000019",
            "annotations": []
        },
        {
            "sentence": "호환성 매니페스트: compatibility_manifest는 지원 플랫폼(WindowsXR, AndroidARCore, iOSARKit), 최소 SDK 버전 및 권장 하드웨어 프로파일을 포함합니다.",
            "id": "sample_042_0023_000020",
            "annotations": []
        },
        {
            "sentence": "안전 및 접근성 메타데이터: 안전거리(safety_distance)=0.5m, 시선차단(occlusion_zones) 좌표와 물리적 경계(physical_bounds)를 규정합니다.",
            "id": "sample_042_0023_000021",
            "annotations": []
        },
        {
            "sentence": "SLAM 로그 요약: SLAM 로그는 타임스탬프 동기화(NTP/PPS), keyframe 인덱스, loop-closure 이벤트와 오류 지표를 포함하여 저장합니다.",
            "id": "sample_042_0023_000022",
            "annotations": []
        },
        {
            "sentence": "렌더링 텔레메트리: draw_call 수, shader 스테이트, GPU 프레임 타임(ms) 및 CPU 스케줄러 지연을 포함하여 퍼포먼스를 모니터링합니다.",
            "id": "sample_042_0023_000023",
            "annotations": []
        },
        {
            "sentence": "자산 마이그레이션 정책: 동일 자산의 버전관리 전략은 메타데이터 기반 매핑, 해시 비교, 브랜칭 태그를 통해 자동 마이그레이션을 지원합니다.",
            "id": "sample_042_0023_000024",
            "annotations": []
        },
        {
            "sentence": "저장 및 전송 고려사항: 대형 메시/텍스처는 CDN 스트리밍과 분할 전송을 권장하며 비용-지연 트레이드오프를 메타데이터에 명시합니다.",
            "id": "sample_042_0023_000025",
            "annotations": []
        },
        {
            "sentence": "QA 체크리스트: 레이턴시, 프레임레이트, 추적 정확도, 개인정보 익명화 검증, 라이선스 표기, 안전경계 테스트 항목을 포함합니다.",
            "id": "sample_042_0023_000026",
            "annotations": []
        },
        {
            "sentence": "검증자 표기: 시스템 검증 책임자(로깅)는 오하람으로 기록되며 검증 기록은 감사 로그로 보관하되 개인정보 접근 제어를 적용합니다.",
            "id": "sample_042_0023_000027",
            "annotations": [
                {
                    "word": "오하람",
                    "start": 24,
                    "end": 27,
                    "label": "개인정보"
                }
            ]
        },
        {
            "sentence": "내부 파일 경로와 비공개 자산 예시: assets/private/mesh_high_v3.bin은 내부 전용 파일로 분류되어 접근 권한과 전송 암호화를 요구합니다.",
            "id": "sample_042_0023_000028",
            "annotations": [
                {
                    "word": "assets/private/mesh_high_v3.bin",
                    "start": 21,
                    "end": 52,
                    "label": "기밀정보"
                }
            ]
        },
        {
            "sentence": "결론 및 실행 항목: 모든 자산은 체크섬과 버전 태그를 포함하고 개인정보는 해시·토큰화하며 동의 로그를 연계하여 규정 준수를 보장하십시오.",
            "id": "sample_042_0023_000029",
            "annotations": []
        },
        {
            "sentence": "추가 권고: 좌표계 불일치 문제 완화를 위해 표준 변환 유틸리티와 단위 검증 도구를 배포하고 정기적인 통합 테스트를 수행하십시오.",
            "id": "sample_042_0023_000030",
            "annotations": []
        }
    ]
}