{
    "document_id": "091_0074",
    "document_title": "자금세탁방지(AML) 합성 데이터 생성 및 케이스 파일 사양서",
    "data": [
        {
            "sentence": "본 문서는 자금세탁방지(AML) 및 금융범죄 컴플라이언스 목적의 합성 데이터 생성 원칙과 사례를 기술한 내부 사양서입니다.",
            "id": "sample_091_0074_000001",
            "annotations": []
        },
        {
            "sentence": "문서의 범위는 KYC 프로파일, 거래로그 샘플, 제재·워치리스트 매칭 로그, 의심거래보고(SAR) 초안, 케이스 관리 기록 및 메타데이터를 포함합니다.",
            "id": "sample_091_0074_000002",
            "annotations": []
        },
        {
            "sentence": "생성 데이터는 모두 'synthetic' 태그가 붙어 실제 고객 정보와 혼동되지 않도록 관리하며 규제 리스크를 회피합니다.",
            "id": "sample_091_0074_000003",
            "annotations": []
        },
        {
            "sentence": "데이터 생성 원칙에는 개인식별정보의 마스킹 또는 UUID 대체, 민감필드 암호화, 완전한 감사 추적(audit trail) 유지가 포함됩니다.",
            "id": "sample_091_0074_000004",
            "annotations": []
        },
        {
            "sentence": "모든 레코드에는 data_provenance_timestamp와 data_version을 포함하여 변경 이력과 재현 가능성을 보장합니다.",
            "id": "sample_091_0074_000005",
            "annotations": []
        },
        {
            "sentence": "거래 레코드 샘플은 트랜잭션 ID, 일시, 금액, 통화, 유형을 포함하며 시계열 특성(주기성·시즌성)과 멱법칙적 금액 분포를 반영합니다.",
            "id": "sample_091_0074_000006",
            "annotations": []
        },
        {
            "sentence": "예시 KYC 레코드: 고객명: 엄영후 (synthetic), 주민등록번호: 820101-1******, 생년월일: 1982년 01월 01일, 성별: 남, 주소: 서울특별시 강남구, 직업: 수출입업.",
            "id": "sample_091_0074_000007",
            "annotations": [
                {
                    "word": "엄영후",
                    "start": 17,
                    "end": 20,
                    "label": "개인정보"
                },
                {
                    "word": "820101-1******",
                    "start": 42,
                    "end": 56,
                    "label": "개인정보"
                },
                {
                    "word": "1982",
                    "start": 64,
                    "end": 68,
                    "label": "준식별자"
                },
                {
                    "word": "01",
                    "start": 44,
                    "end": 46,
                    "label": "준식별자"
                },
                {
                    "word": "01",
                    "start": 46,
                    "end": 48,
                    "label": "준식별자"
                },
                {
                    "word": "01",
                    "start": 70,
                    "end": 72,
                    "label": "준식별자"
                },
                {
                    "word": "01",
                    "start": 74,
                    "end": 76,
                    "label": "준식별자"
                },
                {
                    "word": "남",
                    "start": 83,
                    "end": 84,
                    "label": "준식별자"
                },
                {
                    "word": "남",
                    "start": 97,
                    "end": 98,
                    "label": "준식별자"
                },
                {
                    "word": "서울특별시",
                    "start": 90,
                    "end": 95,
                    "label": "준식별자"
                },
                {
                    "word": "강남구",
                    "start": 96,
                    "end": 99,
                    "label": "준식별자"
                }
            ]
        },
        {
            "sentence": "계좌 메타데이터 예시: 계좌번호: XXXX-XXXX-1234, 계좌유형: 당좌, 개설일: 2020-06-15, 통화: KRW, 상태: 정상(모니터링 대상 포함).",
            "id": "sample_091_0074_000008",
            "annotations": [
                {
                    "word": "XXXX-XXXX-1234",
                    "start": 19,
                    "end": 33,
                    "label": "기밀정보"
                }
            ]
        },
        {
            "sentence": "실소유자(BO) 구조 예시: 명칭: 수출입유한회사, 실소유자: 임정빈 (synthetic), 지분율: 67%, 관련 계좌 연결 목록 포함.",
            "id": "sample_091_0074_000009",
            "annotations": [
                {
                    "word": "임정빈",
                    "start": 35,
                    "end": 38,
                    "label": "개인정보"
                }
            ]
        },
        {
            "sentence": "제재·워치리스트 매칭 로그 예시: 매칭 ID: SNT-SIM-0001, 매칭 필드: 이름 유사도 0.72, 신뢰도: 0.72, 매칭 근거: 음절 및 로마자 변형 검사.",
            "id": "sample_091_0074_000010",
            "annotations": []
        },
        {
            "sentence": "제재 매칭 결과는 실제 리스트와 일치하지 않는 합성 엔트리로 구성되며, 매칭 필드와 신뢰도 값을 함께 보존합니다.",
            "id": "sample_091_0074_000011",
            "annotations": []
        },
        {
            "sentence": "의심거래보고(SAR) 초안 예시: 사례 요약, 의심사유(금액·상관관계·빈도 이상), 관련 계좌, 의심 거래 일자 및 사례 담당자 정보를 포함합니다.",
            "id": "sample_091_0074_000012",
            "annotations": []
        },
        {
            "sentence": "사례 관리 파일 예시: 사례 ID: CASE-2024-00074, 사례 오너: 송현진 (synthetic), 상태: 심사중, 우선순위: 중간, 최종 결론 보류.",
            "id": "sample_091_0074_000013",
            "annotations": [
                {
                    "word": "송현진",
                    "start": 44,
                    "end": 47,
                    "label": "개인정보"
                }
            ]
        },
        {
            "sentence": "감사 로그에는 모든 액세스와 변경 사항이 시간순으로 기록되며, 내부 결재자 및 감사자 항목에 관련자 이름이 포함됩니다; 예: 내부결재자: 차승현 (synthetic).",
            "id": "sample_091_0074_000014",
            "annotations": [
                {
                    "word": "차승현",
                    "start": 77,
                    "end": 80,
                    "label": "개인정보"
                }
            ]
        },
        {
            "sentence": "외부 데이터 피드 스냅샷 예시: 제재목록 버전, PEP 레코드 요약, 실시간 환율 스냅샷과 동기화 타임스탬프가 포함됩니다; 예: PEP 명단 예시 항목: 황영국 (synthetic).",
            "id": "sample_091_0074_000015",
            "annotations": [
                {
                    "word": "황영국",
                    "start": 86,
                    "end": 89,
                    "label": "개인정보"
                }
            ]
        },
        {
            "sentence": "자금 출처 증빙 예시: 송금메모, 인보이스 파일(인보이스 번호: INV-2024-000123, 합성), 지급 조건 및 발행일자를 메타데이터로 보존합니다.",
            "id": "sample_091_0074_000016",
            "annotations": [
                {
                    "word": "INV-2024-000123",
                    "start": 36,
                    "end": 51,
                    "label": "기밀정보"
                }
            ]
        },
        {
            "sentence": "리스크 스코어 산출에 사용된 주요 피처와 가중치 예시: 거래금액(가중치 0.35), 거래빈도(0.20), 제재매칭신뢰도(0.25), 비정상지역이동(0.10), 계좌연결도(0.10).",
            "id": "sample_091_0074_000017",
            "annotations": []
        },
        {
            "sentence": "각 피처별 간단한 기여도 설명을 메타데이터로 제공하여 모델 설명 가능성과 규제 대응성을 확보합니다.",
            "id": "sample_091_0074_000018",
            "annotations": []
        },
        {
            "sentence": "탐지 모델의 진단 정보는 룰 기반 근거와 머신러닝 설명자(feature importance, SHAP 등)를 함께 보존합니다.",
            "id": "sample_091_0074_000019",
            "annotations": []
        },
        {
            "sentence": "민감 데이터는 저장중 및 전송중 모두 AES-256 등 강력한 암호화로 보호하며 접근 제어 로그를 별도 저장합니다.",
            "id": "sample_091_0074_000020",
            "annotations": []
        },
        {
            "sentence": "교차국가 전송 시 지역별 규제(예: EU의 데이터 수출요건)를 확인하고 필요한 경우 추가 동의 또는 지역 격리를 수행합니다.",
            "id": "sample_091_0074_000021",
            "annotations": []
        },
        {
            "sentence": "라벨 불균형과 레이블 품질 문제는 오탐(false positive)과 누락(false negative)의 비즈니스 비용을 고려하여 문서화하고 개선 계획을 수립합니다.",
            "id": "sample_091_0074_000022",
            "annotations": []
        },
        {
            "sentence": "합성 데이터 생성 규칙 예시: 거래 금액은 멱법칙 분포를 따르되 상위 0.1%는 고액 시나리오로 오버샘플링하여 모델의 민감도 점검을 지원합니다.",
            "id": "sample_091_0074_000023",
            "annotations": []
        },
        {
            "sentence": "시계열 시뮬레이션은 영업일·주말·월말 패턴과 계절성 요인을 보존하며 이상거래 삽입 시점과 연관 규칙을 명시합니다.",
            "id": "sample_091_0074_000024",
            "annotations": []
        },
        {
            "sentence": "데이터 샘플 분포 요약 통계는 거래건수, 중앙값, 평균, 90/95/99 백분위수와 포함된 이상치 비율을 보고합니다.",
            "id": "sample_091_0074_000025",
            "annotations": []
        },
        {
            "sentence": "재현 가능성 확보를 위해 데이터 생성 파라미터, 시드값, 스크립트 버전 및 data_version을 문서화하여 검증 절차를 마련합니다.",
            "id": "sample_091_0074_000026",
            "annotations": []
        },
        {
            "sentence": "운영 절차와 역할 분담에 대한 행동 지침을 포함하며, SAR 제출 권한과 접근 제어에 대한 법적 책임을 명확히 합니다.",
            "id": "sample_091_0074_000027",
            "annotations": []
        },
        {
            "sentence": "컴플라이언스 문의 담당자 예시: 나희경 (Compliance, synthetic) 이 문서의 기술적 질의 및 테스트 데이터 접근 요청을 접수합니다.",
            "id": "sample_091_0074_000028",
            "annotations": [
                {
                    "word": "나희경",
                    "start": 18,
                    "end": 21,
                    "label": "개인정보"
                }
            ]
        },
        {
            "sentence": "테스트 및 개발 환경에서의 합성 데이터 사용은 프로덕션 실데이터와 엄격히 분리되어야 하며 로그에 'synthetic' 태그가 명시되어야 합니다.",
            "id": "sample_091_0074_000029",
            "annotations": []
        },
        {
            "sentence": "법규 준수 항목으로 GDPR, FATF 권고, 국내 금융감독 규정 준수 요구사항을 검토하고 필요한 통제항목을 체크리스트로 포함합니다.",
            "id": "sample_091_0074_000030",
            "annotations": []
        },
        {
            "sentence": "결론 및 실행 항목: 합성 데이터 파이프라인 검증, 감사로그 활성화, 모델 성능 평가(민감도·특이도), 라벨 개선 계획 수립 및 권한 통제 시행을 권고합니다.",
            "id": "sample_091_0074_000031",
            "annotations": []
        }
    ]
}