{
    "document_id": "091_0038",
    "document_title": "자금세탁방지(AML) 합성 케이스 파일 및 감사 로그",
    "data": [
        {
            "sentence": "본 문서는 자금세탁방지(AML) 및 금융범죄 컴플라이언스 관리를 위한 합성(synthetic) 케이스 파일입니다.",
            "id": "sample_091_0038_000001",
            "annotations": []
        },
        {
            "sentence": "문서 메타데이터: data_provenance_timestamp=2025-01-15T09:32:10Z, data_version=v1.2.0, 저장소 경로는 감사 로그에 불변으로 기록됩니다.",
            "id": "sample_091_0038_000002",
            "annotations": []
        },
        {
            "sentence": "이 데이터셋은 테스트·개발용 합성 데이터이며 실제 고객과 식별되지 않도록 'synthetic' 태그를 명시합니다.",
            "id": "sample_091_0038_000003",
            "annotations": []
        },
        {
            "sentence": "KYC 요약(고객 A): 고객명: 방조안, 주민등록번호: 820101-*******, 주소: 서울특별시 강남구, 전화: 010-****-0001, 이메일: synthetic+1@example.com.",
            "id": "sample_091_0038_000004",
            "annotations": [
                {
                    "word": "방조안",
                    "start": 19,
                    "end": 22,
                    "label": "개인정보"
                },
                {
                    "word": "820101-*******",
                    "start": 32,
                    "end": 46,
                    "label": "개인정보"
                },
                {
                    "word": "서울특별시 강남구",
                    "start": 52,
                    "end": 61,
                    "label": "준식별자"
                },
                {
                    "word": "010-****-0001",
                    "start": 67,
                    "end": 80,
                    "label": "개인정보"
                },
                {
                    "word": "synthetic+1@example.com",
                    "start": 87,
                    "end": 110,
                    "label": "개인정보"
                }
            ]
        },
        {
            "sentence": "KYC 요약(고객 B): 고객명: 류송아, 생년월일: 1990-05-12, 직업: 무역업, 주소: 부산광역시 해운대구, 고객 상태: 정상(합성 데이터).",
            "id": "sample_091_0038_000005",
            "annotations": [
                {
                    "word": "류송아",
                    "start": 19,
                    "end": 22,
                    "label": "개인정보"
                },
                {
                    "word": "1990-05-12",
                    "start": 30,
                    "end": 40,
                    "label": "준식별자"
                },
                {
                    "word": "무역업",
                    "start": 46,
                    "end": 49,
                    "label": "준식별자"
                },
                {
                    "word": "부산광역시 해운대구",
                    "start": 55,
                    "end": 65,
                    "label": "준식별자"
                }
            ]
        },
        {
            "sentence": "계좌 메타데이터 예시: 계좌번호: 111-222-****, 계좌유형: 당좌, 개설일: 2018-06-12, 통화: KRW, 내부계정ID: a1b2c3-uuid-0001.",
            "id": "sample_091_0038_000006",
            "annotations": [
                {
                    "word": "111-222-****",
                    "start": 19,
                    "end": 31,
                    "label": "기밀정보"
                }
            ]
        },
        {
            "sentence": "거래 샘플: 거래ID txn-3f1e-4b2a-9c7d, 일시: 2024-12-05T14:23:09Z, 금액: 3,450,000 KRW, 수취인: 민다운, 수취계좌: ****-6789, 목적: 인보이스 결제(합성).",
            "id": "sample_091_0038_000007",
            "annotations": [
                {
                    "word": "민다운",
                    "start": 82,
                    "end": 85,
                    "label": "개인정보"
                },
                {
                    "word": "****-6789",
                    "start": 93,
                    "end": 102,
                    "label": "기밀정보"
                }
            ]
        },
        {
            "sentence": "국제 송금 예시: 송금인 여권번호: M*******(합성 마스킹), 송금액: 25,000 USD, 중개은행: HK-Branch-01, 메모: Invoice INV-2025-004.",
            "id": "sample_091_0038_000008",
            "annotations": [
                {
                    "word": "M*******",
                    "start": 20,
                    "end": 28,
                    "label": "개인정보"
                }
            ]
        },
        {
            "sentence": "실소유자(BO) 구조: 회사명: 오로라트레이드(합성), BO1: 오채진(지분 60%), BO2: 진아린(지분 40%), 신고 사업자번호: 123-45-****(마스킹).",
            "id": "sample_091_0038_000009",
            "annotations": [
                {
                    "word": "오채진",
                    "start": 36,
                    "end": 39,
                    "label": "개인정보"
                },
                {
                    "word": "진아린",
                    "start": 54,
                    "end": 57,
                    "label": "개인정보"
                },
                {
                    "word": "123-45-****",
                    "start": 77,
                    "end": 88,
                    "label": "개인정보"
                }
            ]
        },
        {
            "sentence": "제재·워치리스트 매칭 로그(예시): 매칭대상: ALPHA SHIPPING LTD.(유사매칭), 매칭필드: name, 신뢰도: 0.82, 주의: 합성 데이터로 실제 목록과 일치하지 않음.",
            "id": "sample_091_0038_000010",
            "annotations": []
        },
        {
            "sentence": "케이스 초안(SAR): 의심사유는 반복적 대규모 해외송금 및 설명 부족이며 관련 내부계좌 계좌번호: 987-654-3210, 관련 고객명: 황은호(합성)로 기재되었습니다.",
            "id": "sample_091_0038_000011",
            "annotations": [
                {
                    "word": "987-654-3210",
                    "start": 56,
                    "end": 68,
                    "label": "기밀정보"
                },
                {
                    "word": "황은호",
                    "start": 78,
                    "end": 81,
                    "label": "개인정보"
                }
            ]
        },
        {
            "sentence": "케이스 관리: 케이스ID case-000238, 오너: 심건이, 상태: 열림, 활동로그에는 검토자 코멘트와 타임스탬프가 포함됩니다.",
            "id": "sample_091_0038_000012",
            "annotations": [
                {
                    "word": "심건이",
                    "start": 31,
                    "end": 34,
                    "label": "개인정보"
                }
            ]
        },
        {
            "sentence": "외부 피드 스냅샷: sanctions_snapshot_2025-01-14.json에는 변형된 워치리스트 레코드와 매칭 메타데이터가 포함되어 있습니다.",
            "id": "sample_091_0038_000013",
            "annotations": []
        },
        {
            "sentence": "리스크 스코어링 예시: 대상 고객 생년월일: 1982-01-01, 국적: 대한민국, 산출된 리스크 스코어: 0.78(0~1 스케일, 합성).",
            "id": "sample_091_0038_000014",
            "annotations": [
                {
                    "word": "1982-01-01",
                    "start": 25,
                    "end": 35,
                    "label": "준식별자"
                },
                {
                    "word": "대한민국",
                    "start": 41,
                    "end": 45,
                    "label": "준식별자"
                }
            ]
        },
        {
            "sentence": "리스크 피처 기여도(간단설명): high_tx_volume(0.45, 최근 90일 거래금액 급증), offshore_counterparty(0.30, 역외 거래 빈도), recent_name_change(0.15, 명의변경 이력).",
            "id": "sample_091_0038_000015",
            "annotations": []
        },
        {
            "sentence": "감사 추적 항목: 변경이력에는 변경자ID와 변경타임스탬프가 포함되며 audit_user_id=550e8400-e29b-41d4-a716-446655440000가 기록됩니다.",
            "id": "sample_091_0038_000016",
            "annotations": []
        },
        {
            "sentence": "민감 필드 취급: 교차국가 전송 시 암호화·접근통제 적용을 권고하며 전송중/저장중 모두 암호화가 적용되어야 합니다.",
            "id": "sample_091_0038_000017",
            "annotations": []
        },
        {
            "sentence": "규모 및 성능 요구: 거래 로그는 초당 수천~수만 건 수준으로 유입될 수 있으므로 배치와 스트리밍 파이프라인을 병행 설계합니다.",
            "id": "sample_091_0038_000018",
            "annotations": []
        },
        {
            "sentence": "라벨 품질 및 불균형: 실제 범죄는 희귀하므로 오탐 비용과 누락 비용을 명확히 정의하고 샘플링·증강 전략을 문서화해야 합니다.",
            "id": "sample_091_0038_000019",
            "annotations": []
        },
        {
            "sentence": "합성 데이터 생성 규칙: 금액 분포는 멱법칙(power-law)을 따르며 시계열의 계절성·업종별 패턴을 반영하도록 파라미터를 설정합니다.",
            "id": "sample_091_0038_000020",
            "annotations": []
        },
        {
            "sentence": "제재/워치리스트 매칭의 실시간성 요구: 최대 허용 지연은 수초~수분이며 매칭 로그에는 매칭필드와 신뢰도(score)를 반드시 기록합니다.",
            "id": "sample_091_0038_000021",
            "annotations": []
        },
        {
            "sentence": "PEP 레코드(예시 합성): PEP 항목에 황수련이 등재되어 있으며 직위·국가·관계자 메타데이터를 별도 필드로 보존합니다.",
            "id": "sample_091_0038_000022",
            "annotations": [
                {
                    "word": "황수련",
                    "start": 24,
                    "end": 27,
                    "label": "개인정보"
                }
            ]
        },
        {
            "sentence": "자금 출처 증빙: 인보이스 및 송금메모를 첨부하며 문서 식별자는 INV-2025-004(합성)처럼 접두사 규칙을 적용합니다.",
            "id": "sample_091_0038_000023",
            "annotations": []
        },
        {
            "sentence": "내부 연락처: 컴플라이언스팀 리포트 전송용 이메일은 synthetic+report@example.com(테스트전용)으로 구성되어 있습니다.",
            "id": "sample_091_0038_000024",
            "annotations": [
                {
                    "word": "synthetic+report@example.com",
                    "start": 29,
                    "end": 57,
                    "label": "개인정보"
                }
            ]
        },
        {
            "sentence": "사례 담당자 연락처 예시(마스킹): 연락처: 010-9***-4321, 접근통제에 따라 전체 번호는 필요시 복호화 로그로만 조회 가능합니다.",
            "id": "sample_091_0038_000025",
            "annotations": [
                {
                    "word": "010-9***-4321",
                    "start": 25,
                    "end": 38,
                    "label": "개인정보"
                }
            ]
        },
        {
            "sentence": "검토 및 승인: 1차 리뷰어 임인우(합성) 담당, 검토기록은 불변 로그에 저장됩니다.",
            "id": "sample_091_0038_000026",
            "annotations": [
                {
                    "word": "임인우",
                    "start": 16,
                    "end": 19,
                    "label": "개인정보"
                }
            ]
        },
        {
            "sentence": "데이터 버전관리: 각 레코드는 data_version과 변경타임스탬프를 포함하며 재현성을 위해 생성 규칙을 함께 저장합니다.",
            "id": "sample_091_0038_000027",
            "annotations": []
        },
        {
            "sentence": "보관 및 암호화 정책: 민감 데이터는 저장중/전송중 모두 암호화하고 권한 기반 접근통제를 적용한 뒤 정기 감사를 수행합니다.",
            "id": "sample_091_0038_000028",
            "annotations": []
        }
    ]
}