{
    "document_id": "091_0003",
    "document_title": "자금세탁방지(AML) 및 금융범죄 컴플라이언스 케이스 파일 (synthetic)",
    "data": [
        {
            "sentence": "본 문서는 자금세탁방지(AML) 및 금융범죄 컴플라이언스 관점에서 합성(test) 데이터를 포함한 케이스 파일과 감사용 메타데이터를 기술합니다.",
            "id": "sample_091_0003_000001",
            "annotations": []
        },
        {
            "sentence": "문서에는 KYC 레코드, 거래 로그, 계좌 및 소유권(BO) 구조, 제재 매칭 로그, 의심거래보고서(SAR) 초안 및 제출 이력이 포함됩니다.",
            "id": "sample_091_0003_000002",
            "annotations": []
        },
        {
            "sentence": "모든 개인식별정보는 마스킹 또는 대체 식별자(UUID)로 처리되며, 본 파일은 명시적으로 'synthetic' 태그가 부여되어 있습니다.",
            "id": "sample_091_0003_000003",
            "annotations": []
        },
        {
            "sentence": "KYC 레코드 예시 — 고객명: 남다안, 주민등록번호: 800101-*******, 생년월일: 1980-01-01, 성별: 남, 주소: 서울특별시 강남구, 휴대폰: 010-****-1234, 이메일: synthetic_nam@synthetic.local.",
            "id": "sample_091_0003_000004",
            "annotations": [
                {
                    "word": "남다안",
                    "start": 18,
                    "end": 21,
                    "label": "개인정보"
                },
                {
                    "word": "주민등록번호: 800101-*******",
                    "start": 23,
                    "end": 45,
                    "label": "개인정보"
                },
                {
                    "word": "생년월일: 1980-01-01",
                    "start": 47,
                    "end": 63,
                    "label": "준식별자"
                },
                {
                    "word": "성별: 남",
                    "start": 65,
                    "end": 70,
                    "label": "준식별자"
                },
                {
                    "word": "주소: 서울특별시 강남구",
                    "start": 72,
                    "end": 85,
                    "label": "준식별자"
                },
                {
                    "word": "휴대폰: 010-****-1234",
                    "start": 87,
                    "end": 105,
                    "label": "개인정보"
                },
                {
                    "word": "이메일: synthetic_nam@synthetic.local",
                    "start": 107,
                    "end": 141,
                    "label": "개인정보"
                }
            ]
        },
        {
            "sentence": "기업 고객 예시 — 대표자명: 방태성, 사업자번호: 123-45-*****, 등록주소: 부산광역시 해운대구, 연락처: 010-****-5678, 이메일: business_tae@synthetic.local.",
            "id": "sample_091_0003_000005",
            "annotations": [
                {
                    "word": "방태성",
                    "start": 17,
                    "end": 20,
                    "label": "개인정보"
                },
                {
                    "word": "사업자번호: 123-45-*****",
                    "start": 22,
                    "end": 41,
                    "label": "개인정보"
                },
                {
                    "word": "등록주소: 부산광역시 해운대구",
                    "start": 43,
                    "end": 59,
                    "label": "준식별자"
                },
                {
                    "word": "연락처: 010-****-5678",
                    "start": 61,
                    "end": 79,
                    "label": "개인정보"
                },
                {
                    "word": "이메일: business_tae@synthetic.local",
                    "start": 81,
                    "end": 114,
                    "label": "개인정보"
                }
            ]
        },
        {
            "sentence": "계좌 메타데이터 예 — 계좌ID(UUID): 9f8b7a6e-xxxx-xxxx-xxxx-xxxxxxxxxxxx (마스킹), 계좌번호: ****-****-1234, 통화: KRW, 계좌유형: 개인예금, 개설일: 2015-06-01.",
            "id": "sample_091_0003_000006",
            "annotations": [
                {
                    "word": "계좌번호: ****-****-1234",
                    "start": 69,
                    "end": 89,
                    "label": "기밀정보"
                }
            ]
        },
        {
            "sentence": "실소유자(BO) 구조 예 — 지분보유자: 고한율(실명, 개인정보 마스킹 적용), 지분율: 45%, 실소유자 식별자: BO-UUID-0001.",
            "id": "sample_091_0003_000007",
            "annotations": [
                {
                    "word": "고한율",
                    "start": 23,
                    "end": 26,
                    "label": "개인정보"
                }
            ]
        },
        {
            "sentence": "거래 기록 예 — 거래ID: tx-00001, 일시: 2025-12-20T14:23:10Z, 금액: 12,500,000 KRW, 유형: 해외송금, 메모: 송금인 남용호.",
            "id": "sample_091_0003_000008",
            "annotations": [
                {
                    "word": "남용호",
                    "start": 90,
                    "end": 93,
                    "label": "개인정보"
                }
            ]
        },
        {
            "sentence": "해외 수취인 사례 — 수취인: 조가현, 국가: 홍콩(HKG), 통화: USD, 금액: 150,000 USD, 수취인 국적: 대한민국.",
            "id": "sample_091_0003_000009",
            "annotations": [
                {
                    "word": "조가현",
                    "start": 17,
                    "end": 20,
                    "label": "개인정보"
                },
                {
                    "word": "수취인 국적: 대한민국",
                    "start": 61,
                    "end": 73,
                    "label": "준식별자"
                }
            ]
        },
        {
            "sentence": "제재·워치리스트 매칭 로그 예시 — 조회시간: 2026-01-20T09:12:05Z, 대상명: ALPHA-ENTITY-001, 매칭필드: 이름(유사), 신뢰도: 0.68, 주석: 합성계정에 대한 테스트 매칭 결과입니다.",
            "id": "sample_091_0003_000010",
            "annotations": []
        },
        {
            "sentence": "PEP 스냅샷 — 피의심인: 오우현, 직책: 전 국회의원, 노출수준: 고위공직자, 확인일: 2026-01-18.",
            "id": "sample_091_0003_000011",
            "annotations": [
                {
                    "word": "오우현",
                    "start": 16,
                    "end": 19,
                    "label": "개인정보"
                },
                {
                    "word": "직책: 전 국회의원",
                    "start": 21,
                    "end": 31,
                    "label": "준식별자"
                }
            ]
        },
        {
            "sentence": "의심거래보고서(SAR) 초안 — 사례ID: SAR-2026-0001, 관련자: 남다안, 의심사유: 반복적 다액 해외송금 및 비상응성, 권고: 심층조사.",
            "id": "sample_091_0003_000012",
            "annotations": [
                {
                    "word": "남다안",
                    "start": 44,
                    "end": 47,
                    "label": "개인정보"
                }
            ]
        },
        {
            "sentence": "케이스 관리 파일 — 케이스 오너: 정기주, 상태: 조사중, 우선순위: 높음, 활동로그는 아래에 별도 보관됩니다.",
            "id": "sample_091_0003_000013",
            "annotations": [
                {
                    "word": "정기주",
                    "start": 20,
                    "end": 23,
                    "label": "개인정보"
                }
            ]
        },
        {
            "sentence": "감사 로그 예 — 이벤트: KYC 수정, 수행자 사번: EMP-0001, 수행일시: 2026-01-21T11:00:00Z, 변경이력은 불변 로그로 보관됩니다.",
            "id": "sample_091_0003_000014",
            "annotations": [
                {
                    "word": "사번: EMP-0001",
                    "start": 27,
                    "end": 39,
                    "label": "개인정보"
                }
            ]
        },
        {
            "sentence": "리스크 스코어링 요약 — 케이스ID: SAR-2026-0001, 점수: 87/100, 주요 피처: 거래빈도(0.35 기여), 국가리스크(0.25), 과거제재연관(0.20), 비정상송금(0.20).",
            "id": "sample_091_0003_000015",
            "annotations": []
        },
        {
            "sentence": "피처별 기여도 메타데이터는 모델의 재현 가능성과 설명 가능성을 위해 보존되며, 각 피처의 가중치와 해석을 함께 제공합니다.",
            "id": "sample_091_0003_000016",
            "annotations": []
        },
        {
            "sentence": "데이터 변경 이력 — data_provenance_timestamp: 2026-01-22T08:00:00Z, data_version: v1.3.0, 변경사유 및 담당자 메타는 감사 로그에 연결됩니다.",
            "id": "sample_091_0003_000017",
            "annotations": []
        },
        {
            "sentence": "민감 데이터는 전송중 및 저장중 암호화되며, 접근 통제는 역할기반(RBAC)으로 제한됩니다.",
            "id": "sample_091_0003_000018",
            "annotations": []
        },
        {
            "sentence": "교차국가 전송 시 지역별 규제를 검토해야 하며, EU→비EU 전송의 경우 추가 법적 검토 항목을 수행합니다.",
            "id": "sample_091_0003_000019",
            "annotations": []
        },
        {
            "sentence": "샘플링 정책은 희귀사례 보존을 우선으로 하며, 합성 데이터는 현실적 분포(금액 멱법칙, 시계열 시즌성)를 반영하도록 생성합니다.",
            "id": "sample_091_0003_000020",
            "annotations": []
        },
        {
            "sentence": "거래 증빙 — 인보이스 예시 ID: INV-2025-045, 발행자: 구명우무역(합성), 발행일: 2025-12-01, 금액: 10,000 USD.",
            "id": "sample_091_0003_000021",
            "annotations": [
                {
                    "word": "구명우무역",
                    "start": 39,
                    "end": 44,
                    "label": "개인정보"
                }
            ]
        },
        {
            "sentence": "송금증빙 메모 — 수취계좌: ****-****-5678, 송금사유: 서비스대금, 첨부파일: INV-2025-045.pdf.",
            "id": "sample_091_0003_000022",
            "annotations": [
                {
                    "word": "수취계좌: ****-****-5678",
                    "start": 10,
                    "end": 30,
                    "label": "기밀정보"
                }
            ]
        },
        {
            "sentence": "SAR 제출 연락처(테스트) — 이메일: compliance+sar@syntheticbank.local, 전화: 02-****-2000, 제출시 각 문서는 'synthetic' 태그 필수.",
            "id": "sample_091_0003_000023",
            "annotations": [
                {
                    "word": "이메일: compliance+sar@syntheticbank.local",
                    "start": 18,
                    "end": 57,
                    "label": "개인정보"
                },
                {
                    "word": "전화: 02-****-2000",
                    "start": 59,
                    "end": 75,
                    "label": "개인정보"
                }
            ]
        },
        {
            "sentence": "테스트·개발용 데이터는 모두 'synthetic' 태그가 적용되어 있으며, 실제 고객 데이터와 명확히 분리 관리됩니다.",
            "id": "sample_091_0003_000024",
            "annotations": []
        },
        {
            "sentence": "후속조치 — 케이스 담당자 지정: 천형찬, 마감기한: 2026-02-15, 보고라인: 준법감시부.",
            "id": "sample_091_0003_000025",
            "annotations": [
                {
                    "word": "천형찬",
                    "start": 19,
                    "end": 22,
                    "label": "개인정보"
                }
            ]
        },
        {
            "sentence": "오탐과 누락의 비즈니스 비용을 산정하여 라벨 불균형 및 라벨 품질 관리를 문서화해야 합니다.",
            "id": "sample_091_0003_000026",
            "annotations": []
        },
        {
            "sentence": "외부 데이터 피드 — 제재목록 스냅샷 파일: sanctions_snapshot_2026_01_20.csv, 업데이트주기: 일별.",
            "id": "sample_091_0003_000027",
            "annotations": []
        },
        {
            "sentence": "신분증류 예시 — 여권번호: P******* (마스킹), 운전면허번호: D******* (마스킹), 실제 값은 암호화 저장됩니다.",
            "id": "sample_091_0003_000028",
            "annotations": [
                {
                    "word": "여권번호: P*******",
                    "start": 10,
                    "end": 24,
                    "label": "개인정보"
                },
                {
                    "word": "운전면허번호: D*******",
                    "start": 32,
                    "end": 48,
                    "label": "개인정보"
                }
            ]
        }
    ]
}