{
    "document_id": "091_0094",
    "document_title": "자금세탁방지(AML) 컴플라이언스 사례집(합성 데이터)",
    "data": [
        {
            "sentence": "본 문서는 자금세탁방지(AML) 및 금융범죄 컴플라이언스 관련 합성(synthetic) 데이터와 절차를 기술한 내부 참조용 파일입니다.",
            "id": "sample_091_0094_000001",
            "annotations": []
        },
        {
            "sentence": "문서는 테스트·개발 용도로 생성된 합성 데이터임을 명확히 표시하며 실제 고객정보와 혼동되지 않도록 분리되어 있습니다.",
            "id": "sample_091_0094_000002",
            "annotations": []
        },
        {
            "sentence": "고객 KYC 요약: 고객명 노재경, 생년월일 1985-07-13, 성별 남성, 주소 서울시 강남구, 주민등록번호(마스킹) 850713-1******, 연락처 010-****-1234.",
            "id": "sample_091_0094_000003",
            "annotations": [
                {
                    "word": "노재경",
                    "start": 15,
                    "end": 18,
                    "label": "개인정보"
                },
                {
                    "word": "1985-07-13",
                    "start": 25,
                    "end": 35,
                    "label": "준식별자"
                },
                {
                    "word": "남성",
                    "start": 40,
                    "end": 42,
                    "label": "준식별자"
                },
                {
                    "word": "서울시",
                    "start": 47,
                    "end": 50,
                    "label": "준식별자"
                },
                {
                    "word": "강남구",
                    "start": 51,
                    "end": 54,
                    "label": "준식별자"
                },
                {
                    "word": "850713-1******",
                    "start": 68,
                    "end": 82,
                    "label": "개인정보"
                },
                {
                    "word": "010-****-1234",
                    "start": 88,
                    "end": 101,
                    "label": "개인정보"
                }
            ]
        },
        {
            "sentence": "계좌 메타데이터 예시: account_id UUID_3f2b1a9, 계좌번호 ****-****-1234, 통화 KRW, 계좌유형 개인, 개설일 2019-04-15.",
            "id": "sample_091_0094_000004",
            "annotations": [
                {
                    "word": "****-****-1234",
                    "start": 43,
                    "end": 57,
                    "label": "기밀정보"
                }
            ]
        },
        {
            "sentence": "트랜잭션 레코드 예시: tx_id TX-0001, 일시 2025-11-05T14:32:10Z, 금액 12,500,000 KRW, 유형 국제송금, 출금계좌 ****-****-1234, 입금계좌 ****-****-5678.",
            "id": "sample_091_0094_000005",
            "annotations": [
                {
                    "word": "****-****-1234",
                    "start": 86,
                    "end": 100,
                    "label": "기밀정보"
                },
                {
                    "word": "****-****-5678",
                    "start": 107,
                    "end": 121,
                    "label": "기밀정보"
                }
            ]
        },
        {
            "sentence": "계좌 소유구조(BO) 요약: 실소유자 노정현(지분 60%), 공동주(지분 40%), 관련 소유권 문서와 등기부 등본(합성) 참조.",
            "id": "sample_091_0094_000006",
            "annotations": [
                {
                    "word": "노정현",
                    "start": 21,
                    "end": 24,
                    "label": "개인정보"
                },
                {
                    "word": "공동주",
                    "start": 34,
                    "end": 37,
                    "label": "개인정보"
                }
            ]
        },
        {
            "sentence": "제재·워치리스트 매칭 로그 예시: 매칭대상 '정하윤', 매칭필드 name, 매칭방식 fuzzy, 매칭신뢰도 0.76, 주석으로 합성 처리 표기.",
            "id": "sample_091_0094_000007",
            "annotations": [
                {
                    "word": "정하윤",
                    "start": 25,
                    "end": 28,
                    "label": "개인정보"
                }
            ]
        },
        {
            "sentence": "의심거래보고서(SAR) 초안: 케이스 오너 임선율이 초기분석을 수행하고 의심 근거와 증빙 목록을 포함하여 초안을 작성함.",
            "id": "sample_091_0094_000008",
            "annotations": [
                {
                    "word": "임선율",
                    "start": 24,
                    "end": 27,
                    "label": "개인정보"
                }
            ]
        },
        {
            "sentence": "SAR 제출 이력 샘플: 제출자 최명완, 제출일 2025-11-06T09:12:00Z, 접수번호 SAR-20251106-001, 관련 감사로그 참조.",
            "id": "sample_091_0094_000009",
            "annotations": [
                {
                    "word": "최명완",
                    "start": 18,
                    "end": 21,
                    "label": "개인정보"
                }
            ]
        },
        {
            "sentence": "케이스 관리 파일 예시: 상태 OPEN, 우선순위 HIGH, 활동 로그에 우율하가 1차 분석 메모를 등록함.",
            "id": "sample_091_0094_000010",
            "annotations": [
                {
                    "word": "우율하",
                    "start": 41,
                    "end": 44,
                    "label": "개인정보"
                }
            ]
        },
        {
            "sentence": "외부 데이터 피드 스냅샷: 제재 목록은 합성 스냅샷을 사용하며 PEP 레코드에는 방현정(가명) 정보와 리스크 태그가 포함됨.",
            "id": "sample_091_0094_000011",
            "annotations": [
                {
                    "word": "방현정",
                    "start": 45,
                    "end": 48,
                    "label": "개인정보"
                }
            ]
        },
        {
            "sentence": "자금 출처 증빙 예시: 송금메모 'Invoice payment', 송금자 남민조, 수취인 계좌 ****-****-9012, 인보이스 INV-20241188(합성).",
            "id": "sample_091_0094_000012",
            "annotations": [
                {
                    "word": "남민조",
                    "start": 41,
                    "end": 44,
                    "label": "개인정보"
                },
                {
                    "word": "****-****-9012",
                    "start": 53,
                    "end": 67,
                    "label": "기밀정보"
                }
            ]
        },
        {
            "sentence": "리스크 스코어링 요약: 최종 리스크 점수 87, 주요 피처로 국적 대한민국, 거래빈도, 고액거래 여부 등이 반영됨.",
            "id": "sample_091_0094_000013",
            "annotations": [
                {
                    "word": "대한민국",
                    "start": 37,
                    "end": 41,
                    "label": "준식별자"
                }
            ]
        },
        {
            "sentence": "탐지 모델 설명: 피처별 기여도는 금액규모 +0.35, 거래빈도 +0.25, 제재매칭신뢰도 +0.20, 소유구조리스크 +0.10, 송금메모 의심표현 +0.10로 기록됨.",
            "id": "sample_091_0094_000014",
            "annotations": []
        },
        {
            "sentence": "데이터 변경 이력은 필수로 보존되며 예시 필드로 data_provenance_timestamp 2025-11-06T10:00:00Z, data_version v1.4.2를 포함함.",
            "id": "sample_091_0094_000015",
            "annotations": []
        },
        {
            "sentence": "감사추적성 예시: 감사로그 레코드는 audit_id, actor_id(UUID), action, timestamp를 포함하며 불변 로그로 저장됨.",
            "id": "sample_091_0094_000016",
            "annotations": []
        },
        {
            "sentence": "민감데이터 보호: 계좌번호와 주민등록번호 등 민감 필드는 저장중과 전송중 모두 AES-256 기준으로 암호화하여 접근통제를 적용함.",
            "id": "sample_091_0094_000017",
            "annotations": []
        },
        {
            "sentence": "교차국가 전송 시 규제 검토 원칙을 명시하며 EU→비EU 전송의 경우 사전 법률검토 및 적법성 평가를 수행해야 함.",
            "id": "sample_091_0094_000018",
            "annotations": []
        },
        {
            "sentence": "라벨 품질과 불균형: 실제 의심거래 비율은 매우 희소해 대략 0.08% 수준이며 오탐과 누락의 비즈니스 비용을 함께 문서화함.",
            "id": "sample_091_0094_000019",
            "annotations": []
        },
        {
            "sentence": "테스트·개발용 데이터는 'synthetic' 태그를 부여하고 실운영 고객과 혼동되지 않게 별도 리포지토리와 접근통제로 관리합니다.",
            "id": "sample_091_0094_000020",
            "annotations": []
        },
        {
            "sentence": "데이터 샘플 분포 요약: 거래 금액 평균 2,500,000 KRW, 중앙값 120,000 KRW, 상위 1%가 총 거래금액의 약 45%를 차지하는 멱법칙적 분포를 가짐.",
            "id": "sample_091_0094_000021",
            "annotations": []
        },
        {
            "sentence": "오탐 비용 영향 평가: 일일 오탐 건수 증가 시 검토 인력 비용과 고객불만 비용을 합산하여 의사결정에 반영함.",
            "id": "sample_091_0094_000022",
            "annotations": []
        },
        {
            "sentence": "재현성 보장: 합성 데이터 생성은 고정 랜덤시드와 버전 관리된 스크립트(aml-gen v2.0)를 사용하여 동일한 분포를 재생산할 수 있도록 설계됨.",
            "id": "sample_091_0094_000023",
            "annotations": []
        },
        {
            "sentence": "의심거래(SAR) 기밀성 통제 예시: 접근 권한은 컴플라이언스 팀으로 제한되며 승인자는 강화연으로 지정되어 있음.",
            "id": "sample_091_0094_000024",
            "annotations": [
                {
                    "word": "강화연",
                    "start": 49,
                    "end": 52,
                    "label": "개인정보"
                }
            ]
        },
        {
            "sentence": "검토 및 결재 체계: 1차 리뷰자는 양윤성이며 결재일과 결재 로그를 변경이력으로 보존함.",
            "id": "sample_091_0094_000025",
            "annotations": [
                {
                    "word": "양윤성",
                    "start": 20,
                    "end": 23,
                    "label": "개인정보"
                }
            ]
        },
        {
            "sentence": "암호화 키 관리 원칙: 키 교체 주기와 키ID로의 추적 가능성을 기록하여 외부감사 시 검증가능하게 유지함.",
            "id": "sample_091_0094_000026",
            "annotations": []
        },
        {
            "sentence": "권고사항: 이상거래 룰의 민감도 재조정, 제재매칭 임계치 검토, 고위험 케이스에 대한 우선수작업 검토 강화를 권고합니다.",
            "id": "sample_091_0094_000027",
            "annotations": []
        },
        {
            "sentence": "문서 메타데이터: document_id 091_0094, document_title '자금세탁방지(AML) 컴플라이언스 사례집(합성 데이터)', synthetic 태그와 data_version v1.4.2 포함.",
            "id": "sample_091_0094_000028",
            "annotations": []
        }
    ]
}