{
    "document_id": "091_0095",
    "document_title": "AML 합성 테스트 데이터 사양서 및 케이스 관리 파일",
    "data": [
        {
            "sentence": "본 문서는 자금세탁방지(AML) 및 금융범죄 컴플라이언스 영역의 합성(synthetic) 테스트 데이터 구성과 사용지침을 설명합니다.",
            "id": "sample_091_0095_000001",
            "annotations": []
        },
        {
            "sentence": "문서는 GDPR, FATF 권고 및 국내 개인정보보호법 준수를 전제로 하며 모든 테스트 레코드는 'synthetic' 태그로 구분하여 관리합니다.",
            "id": "sample_091_0095_000002",
            "annotations": []
        },
        {
            "sentence": "KYC 예시 레코드: 고객명: 지슬기 (synthetic 태그, 실제 고객 아님).",
            "id": "sample_091_0095_000003",
            "annotations": [
                {
                    "word": "지슬기",
                    "start": 17,
                    "end": 20,
                    "label": "개인정보"
                }
            ]
        },
        {
            "sentence": "KYC 예시 레코드: 주민등록번호(마스킹): 900101-1***** 는 식별용 샘플 필드로만 사용됩니다.",
            "id": "sample_091_0095_000004",
            "annotations": [
                {
                    "word": "900101-1*****",
                    "start": 25,
                    "end": 38,
                    "label": "개인정보"
                }
            ]
        },
        {
            "sentence": "연락처 예시(마스킹): 휴대전화: 010-****-1234 로 저장되며 평문 노출을 금지합니다.",
            "id": "sample_091_0095_000005",
            "annotations": [
                {
                    "word": "010-****-1234",
                    "start": 19,
                    "end": 32,
                    "label": "개인정보"
                }
            ]
        },
        {
            "sentence": "이메일 예시(테스트용): jslg.synthetic@example.com 은 합성 도메인으로 실사용 이메일과 분리됩니다.",
            "id": "sample_091_0095_000006",
            "annotations": [
                {
                    "word": "jslg.synthetic@example.com",
                    "start": 14,
                    "end": 40,
                    "label": "개인정보"
                }
            ]
        },
        {
            "sentence": "준식별자 예시: 생년월일: 1990-01-01 은 연도·월·일 단위로 분리하여 저장할 수 있습니다.",
            "id": "sample_091_0095_000007",
            "annotations": [
                {
                    "word": "1990-01-01",
                    "start": 15,
                    "end": 25,
                    "label": "준식별자"
                }
            ]
        },
        {
            "sentence": "준식별자 예시: 성별: 여성 은 재식별 가능성 평가시 고려되는 피처입니다.",
            "id": "sample_091_0095_000008",
            "annotations": [
                {
                    "word": "여성",
                    "start": 13,
                    "end": 15,
                    "label": "준식별자"
                }
            ]
        },
        {
            "sentence": "주소 예시(분리필드): 서울특별시, 강남구, 역삼동 은 시·군/구·동 단위로 분리하여 준식별자로 처리합니다.",
            "id": "sample_091_0095_000009",
            "annotations": [
                {
                    "word": "서울특별시",
                    "start": 13,
                    "end": 18,
                    "label": "준식별자"
                },
                {
                    "word": "강남구",
                    "start": 20,
                    "end": 23,
                    "label": "준식별자"
                },
                {
                    "word": "역삼동",
                    "start": 25,
                    "end": 28,
                    "label": "준식별자"
                }
            ]
        },
        {
            "sentence": "계좌 메타데이터 예시: 계좌번호(마스킹): ****-******-1234, 통화: KRW 은 저장중·전송중 암호화를 적용합니다.",
            "id": "sample_091_0095_000010",
            "annotations": [
                {
                    "word": "****-******-1234",
                    "start": 24,
                    "end": 40,
                    "label": "기밀정보"
                }
            ]
        },
        {
            "sentence": "거래 로그 샘플: 트랜잭션 ID: tx-091-0001, 일시: 2025-11-15T07:45:00Z, 금액: 25,000,000 KRW, 유형: 해외송금.",
            "id": "sample_091_0095_000011",
            "annotations": []
        },
        {
            "sentence": "실소유자(BO) 예시 구조: 서나령(지분 40%), 주봄(지분 60%) 은 소유구조 분석용 합성 레코드입니다.",
            "id": "sample_091_0095_000012",
            "annotations": [
                {
                    "word": "서나령",
                    "start": 16,
                    "end": 19,
                    "label": "개인정보"
                },
                {
                    "word": "주봄",
                    "start": 29,
                    "end": 31,
                    "label": "개인정보"
                }
            ]
        },
        {
            "sentence": "소유지분 및 관계망은 노드·에지 형태로 저장하며 개인식별정보는 항상 마스킹 기준을 따릅니다.",
            "id": "sample_091_0095_000013",
            "annotations": []
        },
        {
            "sentence": "제재/워치리스트 매칭 로그 예시: 대상명 '성호정', 매칭필드: 이름, 매칭신뢰도: 0.72 로 표기됩니다.",
            "id": "sample_091_0095_000014",
            "annotations": [
                {
                    "word": "성호정",
                    "start": 24,
                    "end": 27,
                    "label": "개인정보"
                }
            ]
        },
        {
            "sentence": "매칭 상세는 매칭 후보 ID(wl-2025-045)와 타임스탬프를 포함하며 실제 제재목록과 직접 일치하지 않도록 변형합니다.",
            "id": "sample_091_0095_000015",
            "annotations": []
        },
        {
            "sentence": "의심거래보고서(SAR) 초안 예시: 제목 '복합 해외송금 패턴 의심', 의심자명: 지건후, 관련계좌: ****-****-6789.",
            "id": "sample_091_0095_000016",
            "annotations": [
                {
                    "word": "지건후",
                    "start": 46,
                    "end": 49,
                    "label": "개인정보"
                },
                {
                    "word": "****-****-6789",
                    "start": 57,
                    "end": 71,
                    "label": "기밀정보"
                }
            ]
        },
        {
            "sentence": "SAR 작성 및 제출 이력 예시: draft_id: sar-091-0001, 작성자: 공재이 (컴플라인스팀), 제출일: 2025-11-15T08:00:00Z.",
            "id": "sample_091_0095_000017",
            "annotations": [
                {
                    "word": "공재이",
                    "start": 48,
                    "end": 51,
                    "label": "개인정보"
                }
            ]
        },
        {
            "sentence": "케이스 관리 메타: 케이스 오너: 유명희, 상태: 대기(리뷰중), 우선순위: 높음, SLA: 72시간 이내.",
            "id": "sample_091_0095_000018",
            "annotations": [
                {
                    "word": "유명희",
                    "start": 19,
                    "end": 22,
                    "label": "개인정보"
                }
            ]
        },
        {
            "sentence": "활동로그 예시: 2025-11-15T08:05:12Z, 이벤트: 추가서류요청, 담당자: 안나단, 메모: 추가 신원확인 요구.",
            "id": "sample_091_0095_000019",
            "annotations": [
                {
                    "word": "안나단",
                    "start": 49,
                    "end": 52,
                    "label": "개인정보"
                }
            ]
        },
        {
            "sentence": "외부 피드 스냅샷: 제재목록(feed_id: sanction-20251115) 버전관리와 릴리즈 노트를 보존합니다.",
            "id": "sample_091_0095_000020",
            "annotations": []
        },
        {
            "sentence": "PEP 레코드 예시: 천지음, 포지션: 전직 정부관료, 국적: 대한민국 은 PEP 리스크 피처로 표시됩니다.",
            "id": "sample_091_0095_000021",
            "annotations": [
                {
                    "word": "천지음",
                    "start": 12,
                    "end": 15,
                    "label": "개인정보"
                },
                {
                    "word": "대한민국",
                    "start": 35,
                    "end": 39,
                    "label": "준식별자"
                }
            ]
        },
        {
            "sentence": "자금출처 증빙 예시: 인보이스(invoice-091-332), 송금메모 수취인: 박리온 으로 합성된 문서입니다.",
            "id": "sample_091_0095_000022",
            "annotations": [
                {
                    "word": "박리온",
                    "start": 45,
                    "end": 48,
                    "label": "개인정보"
                }
            ]
        },
        {
            "sentence": "리스크 스코어링 예시: 리스크 스코어 0.78 (모델: aml-v2), 주요 피처 기여도는 거래금액(0.42), 국가리스크(0.25), PEP_매칭(0.11), 계좌이력(0.10) 입니다.",
            "id": "sample_091_0095_000023",
            "annotations": []
        },
        {
            "sentence": "데이터 변경 이력 및 감사필드: data_provenance_timestamp: 2025-11-15T08:10:00Z, data_version: v0.95, 변경사유를 필수로 기록합니다.",
            "id": "sample_091_0095_000024",
            "annotations": []
        },
        {
            "sentence": "민감필드 보호정책: 계좌번호, 연락처 등은 저장중(encryption at rest)과 전송중(encryption in transit) 모두 암호화합니다.",
            "id": "sample_091_0095_000025",
            "annotations": []
        },
        {
            "sentence": "라벨 품질 및 불균형 관리: 의심거래는 희귀하므로 오탐·누락 비용을 고려한 샘플링과 라벨링 가이드를 제시합니다.",
            "id": "sample_091_0095_000026",
            "annotations": []
        },
        {
            "sentence": "감사추적성 확보를 위해 모든 변경은 불변 로그로 보관하고 접근 통제 및 역할기반 권한을 적용합니다.",
            "id": "sample_091_0095_000027",
            "annotations": []
        },
        {
            "sentence": "결론 및 권장조치: 테스트 환경에서 개인식별정보는 마스킹 또는 UUID로 대체하고 실제 제재자·PEP 이름과 일치하지 않도록 검토하십시오.",
            "id": "sample_091_0095_000028",
            "annotations": []
        }
    ]
}