{
    "document_id": "091_0029",
    "document_title": "합성 AML(자금세탁방지) 컴플라이언스 데이터셋 및 사례 설명서 (synthetic)",
    "data": [
        {
            "sentence": "본 문서는 자금세탁방지(AML) 및 금융범죄 컴플라이언스 관련 합성 데이터셋과 사례 설명을 제공하기 위해 작성되었습니다.",
            "id": "sample_091_0029_000001",
            "annotations": []
        },
        {
            "sentence": "데이터는 테스트·개발용으로 합성되었으며 모든 개인식별정보는 마스킹 또는 대체 식별자(UUID)로 처리되었음을 명시합니다.",
            "id": "sample_091_0029_000002",
            "annotations": []
        },
        {
            "sentence": "문서에는 KYC 레코드, 거래로그, 제재·워치리스트 매칭 로그, SAR 초안, 케이스 관리 파일 및 외부 피드 스냅샷을 포함합니다.",
            "id": "sample_091_0029_000003",
            "annotations": []
        },
        {
            "sentence": "KYC 예시: 고객명: 최하령, 고객ID: uuid-8a3f-4b2c, 주민등록번호: ********-*******, 생년월일: 1985-07-13, 성별: 여성, 주소(시): 서울특별시, 주소(구): 강남구, 주소(동): 역삼동.",
            "id": "sample_091_0029_000004",
            "annotations": [
                {
                    "word": "최하령",
                    "start": 13,
                    "end": 16,
                    "label": "개인정보"
                },
                {
                    "word": "주민등록번호: ********-*******",
                    "start": 40,
                    "end": 64,
                    "label": "개인정보"
                },
                {
                    "word": "생년월일: 1985-07-13",
                    "start": 66,
                    "end": 82,
                    "label": "준식별자"
                },
                {
                    "word": "성별: 여성",
                    "start": 84,
                    "end": 90,
                    "label": "준식별자"
                },
                {
                    "word": "서울특별시",
                    "start": 99,
                    "end": 104,
                    "label": "준식별자"
                },
                {
                    "word": "강남구",
                    "start": 113,
                    "end": 116,
                    "label": "준식별자"
                },
                {
                    "word": "역삼동",
                    "start": 125,
                    "end": 128,
                    "label": "준식별자"
                }
            ]
        },
        {
            "sentence": "KYC 예시: 고객명: 나보석, 연락처: 휴대폰: 010-****-4321, 이메일: naboseok+synthetic@example.com, 고객상태: 활성.",
            "id": "sample_091_0029_000005",
            "annotations": [
                {
                    "word": "나보석",
                    "start": 13,
                    "end": 16,
                    "label": "개인정보"
                },
                {
                    "word": "휴대폰: 010-****-4321",
                    "start": 23,
                    "end": 41,
                    "label": "개인정보"
                },
                {
                    "word": "이메일: naboseok+synthetic@example.com",
                    "start": 43,
                    "end": 78,
                    "label": "개인정보"
                }
            ]
        },
        {
            "sentence": "계좌 메타데이터 예시: 계좌번호: 112-****-0001, 계좌유형: 법인당좌, 계좌소유자: 안장원, 통화: KRW, 개설일: 2020-03-12.",
            "id": "sample_091_0029_000006",
            "annotations": [
                {
                    "word": "계좌번호: 112-****-0001",
                    "start": 13,
                    "end": 32,
                    "label": "기밀정보"
                },
                {
                    "word": "안장원",
                    "start": 53,
                    "end": 56,
                    "label": "개인정보"
                }
            ]
        },
        {
            "sentence": "실소유자(BO) 구조 예시: 법인 A-Solutions Ltd. 실소유자(BO): 임지현(지분 75%), 지분 소유 증빙: 합성 인보이스 첨부.",
            "id": "sample_091_0029_000007",
            "annotations": [
                {
                    "word": "임지현",
                    "start": 46,
                    "end": 49,
                    "label": "개인정보"
                }
            ]
        },
        {
            "sentence": "워치리스트 매칭 예시: 매칭식별자: WL-ALPHA-2024, 매칭대상이름(합성): 양기찬, 매칭필드: 이름/생년월, 신뢰도: 0.83, 주석: 실목록과 직접 일치하지 않음.",
            "id": "sample_091_0029_000008",
            "annotations": [
                {
                    "word": "양기찬",
                    "start": 47,
                    "end": 50,
                    "label": "개인정보"
                }
            ]
        },
        {
            "sentence": "의심거래보고(SAR) 초안 예시: 케이스ID: SAR-2024-0001, 보고자: 박예찬, 의심거래요약: 고액 입출금 패턴 의심, 권고조치: 추가 KYC 및 거래동결 검토.",
            "id": "sample_091_0029_000009",
            "annotations": [
                {
                    "word": "박예찬",
                    "start": 46,
                    "end": 49,
                    "label": "개인정보"
                }
            ]
        },
        {
            "sentence": "내부 검토 로그 예시: 최종검토자: 차은, 검토일시: 2024-11-02T14:23:00Z, 검토의견: 추가 서류 요청.",
            "id": "sample_091_0029_000010",
            "annotations": [
                {
                    "word": "차은",
                    "start": 20,
                    "end": 22,
                    "label": "개인정보"
                }
            ]
        },
        {
            "sentence": "PEP 레코드 예시: PEP 등록여부: 예, 해당인: 이유석, 직책: 전 고위공무원, 관련 리스크 메모 포함.",
            "id": "sample_091_0029_000011",
            "annotations": [
                {
                    "word": "이유석",
                    "start": 30,
                    "end": 33,
                    "label": "개인정보"
                },
                {
                    "word": "직책: 전 고위공무원",
                    "start": 35,
                    "end": 46,
                    "label": "준식별자"
                }
            ]
        },
        {
            "sentence": "신분증 문서 예시(마스킹): 신분증종류: 여권, 여권번호: <MASKED-P-9876>, 발급국: 대한민국, 유효기간: 2029-05-01.",
            "id": "sample_091_0029_000012",
            "annotations": [
                {
                    "word": "여권번호: <MASKED-P-9876>",
                    "start": 27,
                    "end": 48,
                    "label": "개인정보"
                }
            ]
        },
        {
            "sentence": "거래 증빙 예시: 인보이스 #INV-2024-332, 결제수단: 전신송금, 수취계좌: ****-1111, 금액 USD 50,000, 송금메모 포함.",
            "id": "sample_091_0029_000013",
            "annotations": [
                {
                    "word": "수취계좌: ****-1111",
                    "start": 42,
                    "end": 57,
                    "label": "기밀정보"
                }
            ]
        },
        {
            "sentence": "행동 특성 예시: 거래자 성별: 남성, 연령대: 40대, 표기(합성): 1980년생, 거래시간대 편중: 야간 집중.",
            "id": "sample_091_0029_000014",
            "annotations": [
                {
                    "word": "성별: 남성",
                    "start": 14,
                    "end": 20,
                    "label": "준식별자"
                },
                {
                    "word": "1980년생",
                    "start": 40,
                    "end": 46,
                    "label": "준식별자"
                }
            ]
        },
        {
            "sentence": "케이스 관리 예시: 케이스 오너: 문한민, 상태: 조사중, 우선순위: 높음, 활동로그와 증빙파일이 첨부되어 있습니다.",
            "id": "sample_091_0029_000015",
            "annotations": [
                {
                    "word": "문한민",
                    "start": 19,
                    "end": 22,
                    "label": "개인정보"
                }
            ]
        },
        {
            "sentence": "감사 로그 예시: 활동ID: ACT-2024-451, 수행자: 백하윤, 작업: SAR 초안 검토, 타임스탬프 포함으로 재현 가능성 확보.",
            "id": "sample_091_0029_000016",
            "annotations": [
                {
                    "word": "백하윤",
                    "start": 35,
                    "end": 38,
                    "label": "개인정보"
                }
            ]
        },
        {
            "sentence": "탐지 모델 설명 예시: 리스크스코어는 거래금액, 거래빈도, 해외송금비율, 제재매칭신호 등 피처의 선형 가중합으로 계산됩니다.",
            "id": "sample_091_0029_000017",
            "annotations": []
        },
        {
            "sentence": "주요 피처별 기여도 예시: transaction_amount(가중치 0.35) - 큰 금액에 민감, sanction_match(가중치 0.25) - 워치리스트 연관성, freq_24h(가중치 0.20) - 짧은 시간 다수거래.",
            "id": "sample_091_0029_000018",
            "annotations": []
        },
        {
            "sentence": "데이터 변경 이력 예시: data_provenance_timestamp: 2025-01-15T08:00:00Z, data_version: v1.3.0, 변경사유와 변경자 로그가 모두 보존됩니다.",
            "id": "sample_091_0029_000019",
            "annotations": []
        },
        {
            "sentence": "저장 및 전송 보안 예시: 민감필드(휴대폰, 계좌번호 등)는 저장중 및 전송중 모두 암호화되며 접근통제가 적용됩니다.",
            "id": "sample_091_0029_000020",
            "annotations": []
        },
        {
            "sentence": "암호화 정책 예시: TLS 기반 전송, 저장소는 KMS로 키 관리, 필드단위 마스킹 규칙이 운영 환경과 개발 환경에서 분리됩니다.",
            "id": "sample_091_0029_000021",
            "annotations": []
        },
        {
            "sentence": "SAR 제출 이력 예시: 제출ID: SUB-2024-77, 제출자: 장서아, 제출일: 2024-12-03T09:12:00Z, 법적 검토 메모 포함.",
            "id": "sample_091_0029_000022",
            "annotations": [
                {
                    "word": "장서아",
                    "start": 38,
                    "end": 41,
                    "label": "개인정보"
                }
            ]
        },
        {
            "sentence": "여권 및 국적 관련 예시: 고객 국적: 대한민국, 비거주 여부 및 교차국가 전송 제한 여부는 별도 검토됩니다.",
            "id": "sample_091_0029_000023",
            "annotations": [
                {
                    "word": "국적: 대한민국",
                    "start": 18,
                    "end": 26,
                    "label": "준식별자"
                }
            ]
        },
        {
            "sentence": "직업·소득 프로필 예시: 직업: 금융 컨설턴트, 소득 증빙은 합성 급여명세서로 생성되어 모델 학습에 사용됩니다.",
            "id": "sample_091_0029_000024",
            "annotations": [
                {
                    "word": "직업: 금융 컨설턴트",
                    "start": 14,
                    "end": 25,
                    "label": "준식별자"
                }
            ]
        },
        {
            "sentence": "레이블 품질 및 불균형 설명: 실제 범죄는 희귀하므로 오탐·누락 비용을 정량화하고 샘플링·증강 규칙을 문서화해야 합니다.",
            "id": "sample_091_0029_000025",
            "annotations": []
        },
        {
            "sentence": "제재목록 스냅샷 예시: 외부 피드 ID: SAN-2024-09, 스냅샷타임: 2024-12-31T23:59:00Z, 컨텐츠는 합성으로 실제 제재자와 일치하지 않습니다.",
            "id": "sample_091_0029_000026",
            "annotations": []
        },
        {
            "sentence": "검증과 재현성 예시: 모든 합성 데이터 생성 규칙은 버전 관리되며 시드값과 통계적 분포(금액 멱법칙, 시계열 시즌성)를 포함해 재현 가능합니다.",
            "id": "sample_091_0029_000027",
            "annotations": []
        },
        {
            "sentence": "감사 추적 및 접근 통제 예시: SAR과 케이스 파일은 별도 접근 그룹으로 제한되며 열람 기록이 불변 로그에 저장됩니다.",
            "id": "sample_091_0029_000028",
            "annotations": []
        },
        {
            "sentence": "운영 권고 예시: 합성 데이터에는 'synthetic' 태그를 명시적으로 표기하고 실제 고객 데이터와 분리된 스토리지에 보관하십시오.",
            "id": "sample_091_0029_000029",
            "annotations": []
        },
        {
            "sentence": "요약 결론: 본 문서의 모든 개인식별정보는 마스킹 처리되며 테스트 목적 외 사용 제한을 권고합니다.",
            "id": "sample_091_0029_000030",
            "annotations": []
        }
    ]
}