{
    "document_id": "091_0022",
    "document_title": "자금세탁방지(AML) 합성 데이터 운영 및 케이스 관리 가이드",
    "data": [
        {
            "sentence": "자금세탁방지 및 금융범죄 컴플라이언스(Synthetic) 문서는 테스트·개발 용도로 합성 데이터라는 표기를 포함합니다.",
            "id": "sample_091_0022_000001",
            "annotations": []
        },
        {
            "sentence": "본 문서는 data_provenance_timestamp: 2026-01-15T08:23:45Z 및 data_version: v1.3.2를 포함하여 변경 이력과 감사 추적성을 보장합니다.",
            "id": "sample_091_0022_000002",
            "annotations": []
        },
        {
            "sentence": "KYC 고객 레코드 예시: 고객명: 장태관, 주민등록번호: 850523-1******, 생년월일: 1985-05-23, 성별: 남, 주소: 서울특별시 중구, 이메일: jtk.***@synthetic.example, 휴대폰: 010-****-1234.",
            "id": "sample_091_0022_000003",
            "annotations": [
                {
                    "word": "장태관",
                    "start": 20,
                    "end": 23,
                    "label": "개인정보"
                },
                {
                    "word": "850523-1******",
                    "start": 33,
                    "end": 47,
                    "label": "개인정보"
                },
                {
                    "word": "1985-05-23",
                    "start": 55,
                    "end": 65,
                    "label": "준식별자"
                },
                {
                    "word": "성별: 남",
                    "start": 67,
                    "end": 72,
                    "label": "준식별자"
                },
                {
                    "word": "서울특별시 중구",
                    "start": 78,
                    "end": 86,
                    "label": "준식별자"
                },
                {
                    "word": "jtk.***@synthetic.example",
                    "start": 93,
                    "end": 118,
                    "label": "개인정보"
                },
                {
                    "word": "010-****-1234",
                    "start": 125,
                    "end": 138,
                    "label": "개인정보"
                }
            ]
        },
        {
            "sentence": "계좌 메타데이터 예시: account_id: 7f3e2a1b-9c2d-4f1a-bc3a-000000000001, 계좌번호: ****-****-1234, 통화: KRW, 은행명: 한국은행, 계좌상태: Active.",
            "id": "sample_091_0022_000004",
            "annotations": [
                {
                    "word": "****-****-1234",
                    "start": 69,
                    "end": 83,
                    "label": "기밀정보"
                }
            ]
        },
        {
            "sentence": "거래 레코드 샘플: transaction_id: tx-00000001-uuid, 일시: 2026-01-10T14:12:00Z, 금액: 5,200,000 KRW, 유형: 이체, 통화: KRW, 송금메모: INV-20260110-0001.",
            "id": "sample_091_0022_000005",
            "annotations": []
        },
        {
            "sentence": "실시간 스트림 예시에서는 동일 계좌에서 대량 출금 패턴이 탐지되었으며 의심금액은 120,000,000 KRW이고 출금계좌: ****-****-5678로 표기됩니다.",
            "id": "sample_091_0022_000006",
            "annotations": [
                {
                    "word": "****-****-5678",
                    "start": 69,
                    "end": 83,
                    "label": "기밀정보"
                }
            ]
        },
        {
            "sentence": "실소유자(BO) 구조 예: 소유자명: 한미아(개인), 지분율: 100%, 기업등록ID: corp-uuid-0002, 실소유자 관련 문서는 합성처리했습니다.",
            "id": "sample_091_0022_000007",
            "annotations": [
                {
                    "word": "한미아",
                    "start": 21,
                    "end": 24,
                    "label": "개인정보"
                }
            ]
        },
        {
            "sentence": "제재·워치리스트 매칭 로그: match_id: sm-0001, candidate_name: 송크리스토퍼, match_score: 0.74, matched_field: name, match_type: fuzzy, notes: 유사명 일치.",
            "id": "sample_091_0022_000008",
            "annotations": [
                {
                    "word": "송크리스토퍼",
                    "start": 51,
                    "end": 57,
                    "label": "개인정보"
                }
            ]
        },
        {
            "sentence": "매칭 상세: matched_passport: P-XXXX123 (마스킹), matched_country: 국가A, match_confidence: 0.67, 조치권고: 심층검토.",
            "id": "sample_091_0022_000009",
            "annotations": [
                {
                    "word": "P-XXXX123",
                    "start": 25,
                    "end": 34,
                    "label": "개인정보"
                }
            ]
        },
        {
            "sentence": "의심거래보고서(SAR) 초안: case_id: cas-20260112-0003, 작성자: 방영신, 요약: 다중 입출금 패턴과 거래량 불일치로 의심됨.",
            "id": "sample_091_0022_000010",
            "annotations": [
                {
                    "word": "방영신",
                    "start": 50,
                    "end": 53,
                    "label": "개인정보"
                }
            ]
        },
        {
            "sentence": "SAR 제출 이력: submitted_at: 2026-01-13T09:00:00Z, submitted_by: 조영남(Compliance Officer), report_ref: SAR-20260113-001.",
            "id": "sample_091_0022_000011",
            "annotations": [
                {
                    "word": "조영남",
                    "start": 61,
                    "end": 64,
                    "label": "개인정보"
                }
            ]
        },
        {
            "sentence": "케이스 관리 파일: case_id: cas-20260112-0003, owner: 서진유, 상태: Under Review, 최근 활동: 내부검토 요청.",
            "id": "sample_091_0022_000012",
            "annotations": [
                {
                    "word": "서진유",
                    "start": 46,
                    "end": 49,
                    "label": "개인정보"
                }
            ]
        },
        {
            "sentence": "감사 로그 예시: action_id: a-00021, action: 내부결재 승인, 담당자: 장태관, timestamp: 2026-01-14T12:00:00Z.",
            "id": "sample_091_0022_000013",
            "annotations": [
                {
                    "word": "장태관",
                    "start": 52,
                    "end": 55,
                    "label": "개인정보"
                }
            ]
        },
        {
            "sentence": "외부 데이터 피드 스냅샷: sanctions_snapshot_id: ss-20260115-01, 출처: 써드파티 데이터파트너, 업데이트 시차: 00:00:45.",
            "id": "sample_091_0022_000014",
            "annotations": []
        },
        {
            "sentence": "PEP 레코드 예시: pep_id: pep-1001, 이름: 류이건, 직책: 전정부 관료, 국적: 국가B, first_seen: 2010-06-01.",
            "id": "sample_091_0022_000015",
            "annotations": [
                {
                    "word": "류이건",
                    "start": 34,
                    "end": 37,
                    "label": "개인정보"
                },
                {
                    "word": "국적: 국가B",
                    "start": 51,
                    "end": 58,
                    "label": "준식별자"
                }
            ]
        },
        {
            "sentence": "자금 출처 증빙: 인보이스 INV-EXT-20260109, 수취인 법인: ACME Synthetic Ltd, 사업자등록번호: 123-45-67890(마스킹), 금액: 25,000,000 KRW.",
            "id": "sample_091_0022_000016",
            "annotations": [
                {
                    "word": "123-45-67890",
                    "start": 70,
                    "end": 82,
                    "label": "기밀정보"
                }
            ]
        },
        {
            "sentence": "리스크 스코어 예: risk_score: 82, 사용 피처: 거래금액(0.5), 거래빈도(0.2), 제재매칭(0.3), 설명: 피처 가중치는 총합 1로 정규화되어 있습니다.",
            "id": "sample_091_0022_000017",
            "annotations": []
        },
        {
            "sentence": "피처별 기여도 메타데이터: 거래금액 기여도 0.5(대규모 일회성 이체 가중), 제재매칭 기여도 0.3(유사명·여권매칭), 거래빈도 기여도 0.2(단기간 빈번거래).",
            "id": "sample_091_0022_000018",
            "annotations": []
        },
        {
            "sentence": "탐지 모델 설명: model_id: aml-ensemble-v2, version: 2.1.0, 설명가능성 제공용 로깅에 feature_contributions와 decision_path를 저장합니다.",
            "id": "sample_091_0022_000019",
            "annotations": []
        },
        {
            "sentence": "민감필드 암호화 정책: 저장중/전송중 암호화 대상 필드로 계좌번호, 주민등록번호, 이메일을 포함하여 키 관리 및 접근 제어를 적용합니다.",
            "id": "sample_091_0022_000020",
            "annotations": [
                {
                    "word": "계좌번호",
                    "start": 32,
                    "end": 36,
                    "label": "기밀정보"
                },
                {
                    "word": "주민등록번호",
                    "start": 38,
                    "end": 44,
                    "label": "개인정보"
                },
                {
                    "word": "이메일",
                    "start": 46,
                    "end": 49,
                    "label": "개인정보"
                }
            ]
        },
        {
            "sentence": "감사 추적 예: audit_event_id: ev-20260115-0001, 변경자: 송크리스토퍼, 변경내용: SAR 초안 버전 업데이트, data_version: v1.3.2.",
            "id": "sample_091_0022_000021",
            "annotations": [
                {
                    "word": "송크리스토퍼",
                    "start": 48,
                    "end": 54,
                    "label": "개인정보"
                }
            ]
        },
        {
            "sentence": "교차국가 전송 규약: EU→비EU 전송 시 지역별 규제 검토 필수, 민감필드는 전송 전 추가 암호화와 최소 권한 접근이 요구됩니다.",
            "id": "sample_091_0022_000022",
            "annotations": []
        },
        {
            "sentence": "레이블 품질 및 불균형: 의심거래는 희귀하므로 오탐 비용이 높아 샘플링·증강 규칙과 라벨 검증 프로세스를 문서화합니다.",
            "id": "sample_091_0022_000023",
            "annotations": []
        },
        {
            "sentence": "합성 데이터 사용 규칙: synthetic 태그가 포함된 데이터셋만 테스트에 사용하며 실제 제재목록과 직접 일치하지 않도록 네임매핑을 수행합니다.",
            "id": "sample_091_0022_000024",
            "annotations": []
        },
        {
            "sentence": "액션 아이템: 모델 검증 담당자 박다올은 2026-02-01까지 재현성 테스트 결과를 제출하고 결과를 케이스 파일에 첨부합니다.",
            "id": "sample_091_0022_000025",
            "annotations": [
                {
                    "word": "박다올",
                    "start": 18,
                    "end": 21,
                    "label": "개인정보"
                }
            ]
        },
        {
            "sentence": "비상연락처(에스컬레이션): 담당자 연락처: 010-9999-0000, 담당자 이메일: escalation@synthetic.example, 접근권한은 최소화됩니다.",
            "id": "sample_091_0022_000026",
            "annotations": [
                {
                    "word": "010-9999-0000",
                    "start": 24,
                    "end": 37,
                    "label": "개인정보"
                },
                {
                    "word": "escalation@synthetic.example",
                    "start": 48,
                    "end": 76,
                    "label": "개인정보"
                }
            ]
        },
        {
            "sentence": "데이터 샘플 분포(요약): 거래 금액 중앙값 45,000 KRW, 평균 120,000 KRW, 상위 1% 평균 5,500,000 KRW 등 멱법칙 분포를 따릅니다.",
            "id": "sample_091_0022_000027",
            "annotations": []
        },
        {
            "sentence": "재현성 규칙: 랜덤 시드와 생성 규칙을 문서화하여 동일한 합성 샘플을 재생성할 수 있도록 UUID 기반 seed 값을 노출합니다.",
            "id": "sample_091_0022_000028",
            "annotations": []
        },
        {
            "sentence": "키 관리 및 인프라: 암호화 키 저장소는 내부 전용 네트워크에 배치되며, 관리 서버 IP: 10.0.0.12은 내부식별자이므로 공개 금지입니다.",
            "id": "sample_091_0022_000029",
            "annotations": [
                {
                    "word": "10.0.0.12",
                    "start": 51,
                    "end": 60,
                    "label": "기밀정보"
                }
            ]
        },
        {
            "sentence": "결론: 본 문서는 합성 데이터 사용 원칙, 감사추적, 리스크 스코어링 설명을 포함하며 다음 리뷰 일정은 2026-02-15로 설정합니다.",
            "id": "sample_091_0022_000030",
            "annotations": []
        }
    ]
}