{
    "document_id": "091_0009",
    "document_title": "자금세탁방지(AML) 및 금융범죄 컴플라이언스 합성데이터 설계 및 사례 문서",
    "data": [
        {
            "sentence": "본 문서는 자금세탁방지(AML) 및 금융범죄 컴플라이언스 도메인에서 사용 가능한 합성 데이터 설계와 운영 지침을 제시합니다.",
            "id": "sample_091_0009_000001",
            "annotations": []
        },
        {
            "sentence": "문서 목적은 합성 데이터의 생성 규칙, 감사 추적, 리스크 스코어링 설명, 제재·워치리스트 매칭 시나리오 및 SAR 작성 샘플을 제공하는 것입니다.",
            "id": "sample_091_0009_000002",
            "annotations": []
        },
        {
            "sentence": "모든 테스트·개발용 레코드는 명확히 'synthetic' 태그가 부착되며 실제 고객과 혼동되지 않도록 분리 저장됩니다.",
            "id": "sample_091_0009_000003",
            "annotations": []
        },
        {
            "sentence": "KYC 레코드 예시: 고객명: 류배종, 고객ID(UUID): 3fa85f64-5717-4562-b3fc-2c963f66afa6.",
            "id": "sample_091_0009_000004",
            "annotations": [
                {
                    "word": "류배종",
                    "start": 17,
                    "end": 20,
                    "label": "개인정보"
                }
            ]
        },
        {
            "sentence": "주민등록번호는 규제 준수를 위해 마스킹되어 저장됩니다: 주민등록번호: 780101-1******.",
            "id": "sample_091_0009_000005",
            "annotations": [
                {
                    "word": "780101-1******",
                    "start": 39,
                    "end": 53,
                    "label": "개인정보"
                }
            ]
        },
        {
            "sentence": "생년월일(연): 1978, (월): 01, (일): 01, 성별: 남성과 같은 준식별자는 분리 필드로 보관되어 익명화 정책에 따라 처리됩니다.",
            "id": "sample_091_0009_000006",
            "annotations": [
                {
                    "word": "1978",
                    "start": 9,
                    "end": 13,
                    "label": "준식별자"
                },
                {
                    "word": "01",
                    "start": 20,
                    "end": 22,
                    "label": "준식별자"
                },
                {
                    "word": "01",
                    "start": 29,
                    "end": 31,
                    "label": "준식별자"
                },
                {
                    "word": "남성",
                    "start": 37,
                    "end": 39,
                    "label": "준식별자"
                }
            ]
        },
        {
            "sentence": "주소는 계층화하여 보관합니다: 시: 서울특별시, 군/구: 강남구, 동/읍/면: 역삼동, 상세주소는 별도 마스킹 처리(예: 101-12호는 비공개)합니다.",
            "id": "sample_091_0009_000007",
            "annotations": [
                {
                    "word": "서울특별시",
                    "start": 20,
                    "end": 25,
                    "label": "준식별자"
                },
                {
                    "word": "강남구",
                    "start": 32,
                    "end": 35,
                    "label": "준식별자"
                },
                {
                    "word": "역삼동",
                    "start": 44,
                    "end": 47,
                    "label": "준식별자"
                },
                {
                    "word": "101-12호",
                    "start": 68,
                    "end": 75,
                    "label": "개인정보"
                }
            ]
        },
        {
            "sentence": "연락처와 이메일은 민감정보로 암호화하며 예시값을 기록합니다: 연락처: 010-1234-****, 이메일: ryu_bj@synthetic.example.",
            "id": "sample_091_0009_000008",
            "annotations": [
                {
                    "word": "010-1234-****",
                    "start": 39,
                    "end": 52,
                    "label": "개인정보"
                },
                {
                    "word": "ryu_bj@synthetic.example",
                    "start": 59,
                    "end": 83,
                    "label": "개인정보"
                }
            ]
        },
        {
            "sentence": "계좌 메타데이터 샘플: 계좌번호: XXXX-XXXX-1234, 은행코드: 001, 통화: KRW, 계좌유형: 당좌/보통 등.",
            "id": "sample_091_0009_000009",
            "annotations": [
                {
                    "word": "XXXX-XXXX-1234",
                    "start": 19,
                    "end": 33,
                    "label": "기밀정보"
                }
            ]
        },
        {
            "sentence": "실소유자(BO) 구조 예시: BO1 유노을(지분 100%)은 소유구조 플로우 다이어그램에 합성 데이터로 표시됩니다.",
            "id": "sample_091_0009_000010",
            "annotations": [
                {
                    "word": "유노을",
                    "start": 20,
                    "end": 23,
                    "label": "개인정보"
                }
            ]
        },
        {
            "sentence": "제재·워치리스트 매칭 로그는 매칭필드와 신뢰도(score)를 기록하며, 실목록과 직접 일치하지 않는 합성 후보를 사용합니다.",
            "id": "sample_091_0009_000011",
            "annotations": []
        },
        {
            "sentence": "매칭 대상 예시로 저장된 필드값: 고객명: 박연오, 생년월일(연): 1965, (월): 06, (일): 15는 합성값입니다.",
            "id": "sample_091_0009_000012",
            "annotations": [
                {
                    "word": "박연오",
                    "start": 24,
                    "end": 27,
                    "label": "개인정보"
                },
                {
                    "word": "1965",
                    "start": 38,
                    "end": 42,
                    "label": "준식별자"
                },
                {
                    "word": "06",
                    "start": 49,
                    "end": 51,
                    "label": "준식별자"
                },
                {
                    "word": "15",
                    "start": 58,
                    "end": 60,
                    "label": "준식별자"
                }
            ]
        },
        {
            "sentence": "트랜잭션 샘플: 거래ID txn-00012345, 일시: 2025-11-29T09:12:33Z, 금액: 12,345,678, 통화: KRW, 유형: 해외송금.",
            "id": "sample_091_0009_000013",
            "annotations": []
        },
        {
            "sentence": "송금 메모에는 수취인 및 인보이스 참조가 포함될 수 있으며 예시 메모: 'Invoice 2025-11 INV-9923 수취: 엄연후'를 기재했습니다.",
            "id": "sample_091_0009_000014",
            "annotations": [
                {
                    "word": "엄연후",
                    "start": 70,
                    "end": 73,
                    "label": "개인정보"
                }
            ]
        },
        {
            "sentence": "의심거래보고서(SAR) 초안 예시에는 사례번호 SAR-2025-00077, 의심사유, 관련 계좌(계좌번호: XXXX-XXXX-1234)와 고객명(최준선)이 포함됩니다.",
            "id": "sample_091_0009_000015",
            "annotations": [
                {
                    "word": "XXXX-XXXX-1234",
                    "start": 60,
                    "end": 74,
                    "label": "기밀정보"
                },
                {
                    "word": "최준선",
                    "start": 81,
                    "end": 84,
                    "label": "개인정보"
                }
            ]
        },
        {
            "sentence": "케이스 관리 파일 예시: 케이스 오너: 윤다혜, 상태: 조사중, 활동 로그에는 액션 타임스탬프와 변경자 정보가 기록됩니다.",
            "id": "sample_091_0009_000016",
            "annotations": [
                {
                    "word": "윤다혜",
                    "start": 22,
                    "end": 25,
                    "label": "개인정보"
                }
            ]
        },
        {
            "sentence": "감사 로그 예시: 변경이력 data_provenance_timestamp: 2025-11-30T12:34:56Z, data_version: v1.3, 변경자: 공상영.",
            "id": "sample_091_0009_000017",
            "annotations": [
                {
                    "word": "공상영",
                    "start": 89,
                    "end": 92,
                    "label": "개인정보"
                }
            ]
        },
        {
            "sentence": "민감필드는 저장중 및 전송중 암호화해야 하며 예시 암호화 대상필드 목록은 [계좌번호, 주민등록번호, 이메일, 전화번호]입니다.",
            "id": "sample_091_0009_000018",
            "annotations": []
        },
        {
            "sentence": "리스크 스코어링 메타데이터 예시: score: 87.5, 주요피처 및 기여도는 거래빈도(0.35), 평균송금액(0.25), 계좌수변동(0.15), 제재유사도(0.25)로 문서화됩니다.",
            "id": "sample_091_0009_000019",
            "annotations": []
        },
        {
            "sentence": "피처별 설명에는 계산식과 윈도우 크기, 결측치 처리 전략을 포함하여 모델 설명 가능성을 확보합니다.",
            "id": "sample_091_0009_000020",
            "annotations": []
        },
        {
            "sentence": "오탐과 누락의 비즈니스 비용을 정량화하고 라벨 불균형을 완화하기 위한 샘플링·증강 규칙을 운영 가이드에 포함합니다.",
            "id": "sample_091_0009_000021",
            "annotations": []
        },
        {
            "sentence": "외부 데이터 피드 스냅샷 예시: 제재목록 스냅샷 ID: SNAP-2025-11-30-WL, PEP 레코드 예시 대상명: 심연숙, 직책: 국회의원 보좌관.",
            "id": "sample_091_0009_000022",
            "annotations": [
                {
                    "word": "심연숙",
                    "start": 67,
                    "end": 70,
                    "label": "개인정보"
                },
                {
                    "word": "국회의원 보좌관",
                    "start": 76,
                    "end": 84,
                    "label": "준식별자"
                }
            ]
        },
        {
            "sentence": "교차국가 전송 시 지역별 규제(예: EU→비EU 전송 제한)를 검토하고 적정 보호조치와 계약을 의무화합니다.",
            "id": "sample_091_0009_000023",
            "annotations": []
        },
        {
            "sentence": "샘플링·증강 규칙 예시: 희귀 고위험 사례는 오버샘플링, 정상 다수는 언더샘플링으로 불균형을 완화합니다.",
            "id": "sample_091_0009_000024",
            "annotations": []
        },
        {
            "sentence": "데이터 품질 및 라벨링 가이드에는 라벨 우선순위, 라벨링 정확도 목표(>98%), 리뷰 주기 및 불일치 처리 절차를 포함합니다.",
            "id": "sample_091_0009_000025",
            "annotations": []
        },
        {
            "sentence": "테스트 데이터는 별도 스토리지에 보관하며 모든 레코드에 'synthetic' 태그를 부여하고 접속 권한을 제한합니다.",
            "id": "sample_091_0009_000026",
            "annotations": []
        },
        {
            "sentence": "운영 개선 권고사항에는 암호화 키 회전 주기 설정, 접근 통제 강화, SAR 제출 권한 로그 기록 등이 포함됩니다.",
            "id": "sample_091_0009_000027",
            "annotations": []
        },
        {
            "sentence": "결론 및 권고: 본 문서의 샘플값은 합성 데이터이며 실제 인물, 계좌, 제재목록과 일치하지 않음을 명확히 합니다.",
            "id": "sample_091_0009_000028",
            "annotations": []
        },
        {
            "sentence": "추가 참고로 케이스 소유권 변경 예시 담당자는 송명호로 변경되었다고 기록했습니다.",
            "id": "sample_091_0009_000029",
            "annotations": [
                {
                    "word": "송명호",
                    "start": 26,
                    "end": 29,
                    "label": "개인정보"
                }
            ]
        },
        {
            "sentence": "문서 버전 관리 예시: data_version: v1.3.1, provenance UUID: a0eebc99-9c0b-4ef8-bb6d-6bb9bd380a11.",
            "id": "sample_091_0009_000030",
            "annotations": []
        }
    ]
}