{
    "document_id": "091_0035",
    "document_title": "자금세탁방지(AML) 합성 테스트 데이터 및 SAR 초안 리포트",
    "data": [
        {
            "sentence": "본 문서는 자금세탁방지(AML) 및 금융범죄 컴플라이언스를 위한 합성 테스트 데이터와 리포트입니다.",
            "id": "sample_091_0035_000001",
            "annotations": []
        },
        {
            "sentence": "문서 ID: 091_0035, 생성일자 및 버전 정보가 포함되어 있으며 모든 샘플은 'synthetic' 태그가 부여되었습니다.",
            "id": "sample_091_0035_000002",
            "annotations": []
        },
        {
            "sentence": "KYC 프로필 예시로 고객명 천라율이 포함되어 있으며, 본 문서의 이름은 합성 정보를 사용합니다.",
            "id": "sample_091_0035_000003",
            "annotations": [
                {
                    "word": "천라율",
                    "start": 16,
                    "end": 19,
                    "label": "개인정보"
                }
            ]
        },
        {
            "sentence": "동 고객의 주민등록번호는 마스킹되어 '820101-1******'로 표기되어 있습니다.",
            "id": "sample_091_0035_000004",
            "annotations": [
                {
                    "word": "820101-1******",
                    "start": 21,
                    "end": 35,
                    "label": "개인정보"
                }
            ]
        },
        {
            "sentence": "생년월일 표기는 연·월·일로 분리되어 있으며, 예시로 1982년 01월 01일(생년월일 연:1982, 월:01, 일:01)이 제공됩니다.",
            "id": "sample_091_0035_000005",
            "annotations": [
                {
                    "word": "1982년 01월 01일",
                    "start": 30,
                    "end": 43,
                    "label": "준식별자"
                },
                {
                    "word": "연:1982",
                    "start": 49,
                    "end": 55,
                    "label": "준식별자"
                },
                {
                    "word": "월:01",
                    "start": 57,
                    "end": 61,
                    "label": "준식별자"
                },
                {
                    "word": "일:01",
                    "start": 63,
                    "end": 67,
                    "label": "준식별자"
                }
            ]
        },
        {
            "sentence": "주소는 시군구 단위로 표기되어 서울특별시 강남구로 표기되어 있으며 상세 호수는 제거했습니다.",
            "id": "sample_091_0035_000006",
            "annotations": [
                {
                    "word": "서울특별시 강남구",
                    "start": 17,
                    "end": 26,
                    "label": "준식별자"
                }
            ]
        },
        {
            "sentence": "연락처는 테스트용으로 '010-****-1234' 형태로 마스킹되어 제공됩니다.",
            "id": "sample_091_0035_000007",
            "annotations": [
                {
                    "word": "010-****-1234",
                    "start": 13,
                    "end": 26,
                    "label": "개인정보"
                }
            ]
        },
        {
            "sentence": "전자우편은 개발용으로 'user+test@redacted.example'로 대체 표기했습니다.",
            "id": "sample_091_0035_000008",
            "annotations": [
                {
                    "word": "user+test@redacted.example",
                    "start": 13,
                    "end": 39,
                    "label": "개인정보"
                }
            ]
        },
        {
            "sentence": "법인 계좌 메타데이터에 계좌번호는 '계좌번호: XXX-XXXX-4567'로 마스킹되어 기재되어 있습니다.",
            "id": "sample_091_0035_000009",
            "annotations": [
                {
                    "word": "계좌번호: XXX-XXXX-4567",
                    "start": 20,
                    "end": 39,
                    "label": "기밀정보"
                }
            ]
        },
        {
            "sentence": "거래 기록 샘플: 트랜잭션 ID tx-3f1e-uuid, 일시 2025-03-15T14:23:10Z, 금액 15,300,000 KRW, 유형: 해외송금입니다.",
            "id": "sample_091_0035_000010",
            "annotations": []
        },
        {
            "sentence": "거래에는 송금 메모로 'Invoice INV-20250315-009'가 첨부되어 있으며, 송금자 설명과 인보이스 이미지는 참조용입니다.",
            "id": "sample_091_0035_000011",
            "annotations": []
        },
        {
            "sentence": "실소유자(BO) 구조 예시로 원혜서가 단일 BO로 등재되어 있으며 소유지분 100%로 기재되어 있습니다.",
            "id": "sample_091_0035_000012",
            "annotations": [
                {
                    "word": "원혜서",
                    "start": 16,
                    "end": 19,
                    "label": "개인정보"
                }
            ]
        },
        {
            "sentence": "제재·워치리스트 매칭 로그에는 매칭 후보 ID WL-2024-0001과 매칭 이름 '원혜서_Sim'이 기록되며, 일치도(confidence) 0.72로 표기됩니다.",
            "id": "sample_091_0035_000013",
            "annotations": [
                {
                    "word": "WL-2024-0001",
                    "start": 26,
                    "end": 38,
                    "label": "기밀정보"
                },
                {
                    "word": "원혜서_Sim",
                    "start": 47,
                    "end": 54,
                    "label": "개인정보"
                }
            ]
        },
        {
            "sentence": "매칭 결과는 내부 규정에 따라 검사자와 매칭 신뢰도, 매칭 필드(이름, 생년월일 대체값) 및 일시를 함께 로그합니다.",
            "id": "sample_091_0035_000014",
            "annotations": []
        },
        {
            "sentence": "의심거래보고서(SAR) 초안에는 사례 요약, 개별 거래목록, 관련 계정(계좌번호: XXX-XXXX-4567 참조)과 조사 권고가 포함되어 있습니다.",
            "id": "sample_091_0035_000015",
            "annotations": [
                {
                    "word": "계좌번호: XXX-XXXX-4567",
                    "start": 40,
                    "end": 59,
                    "label": "기밀정보"
                }
            ]
        },
        {
            "sentence": "케이스 관리 파일은 오너를 '박채운'으로 지정하고 상태는 '조사중', 활동 로그와 결론이 포함됩니다.",
            "id": "sample_091_0035_000016",
            "annotations": [
                {
                    "word": "박채운",
                    "start": 16,
                    "end": 19,
                    "label": "개인정보"
                }
            ]
        },
        {
            "sentence": "활동 로그 예시에는 검토자 지윤하가 2025-03-16T09:12:00Z에 '추가 문서 요청' 코멘트를 남겼습니다.",
            "id": "sample_091_0035_000017",
            "annotations": [
                {
                    "word": "지윤하",
                    "start": 15,
                    "end": 18,
                    "label": "개인정보"
                }
            ]
        },
        {
            "sentence": "리스크 스코어링 모델 설명에서는 주요 피처와 가중치를 제공하며, 예시로 '거래 금액(가중치 0.35): 고액 빈도', '거래국가(가중치 0.25): 고위험국가 빈도'가 포함됩니다.",
            "id": "sample_091_0035_000018",
            "annotations": []
        },
        {
            "sentence": "피처별 기여도 메타데이터는 모델 진단용으로 보존되며, explainability를 위해 각 피처의 간단한 설명을 첨부합니다.",
            "id": "sample_091_0035_000019",
            "annotations": []
        },
        {
            "sentence": "데이터 변경 이력 필드로 data_version: v1.2.3 및 data_provenance_timestamp: 2025-03-16T10:00:00Z가 모든 레코드에 포함됩니다.",
            "id": "sample_091_0035_000020",
            "annotations": []
        },
        {
            "sentence": "외부 제재목록 스냅샷은 실제 목록과는 불일치하도록 변형된 식별자(WL-2024-XXXX)를 사용합니다.",
            "id": "sample_091_0035_000021",
            "annotations": []
        },
        {
            "sentence": "시스템 및 보안 관련 기밀로서 서버 IP는 내부망을 뜻하는 '192.168.100.10'으로 표기되어 있으며 접근 제어가 필요합니다.",
            "id": "sample_091_0035_000022",
            "annotations": [
                {
                    "word": "192.168.100.10",
                    "start": 34,
                    "end": 48,
                    "label": "기밀정보"
                }
            ]
        },
        {
            "sentence": "교차국가 전송 주의: EU 지역 데이터를 비EU로 전송하기 전에 규제 검토가 필요하다는 지침을 명시했습니다.",
            "id": "sample_091_0035_000023",
            "annotations": []
        },
        {
            "sentence": "오탐과 누락의 비즈니스 비용을 문서화했으며, 레이블 불균형(positive:negative 약 1:1000) 및 라벨 품질 이슈를 기술했습니다.",
            "id": "sample_091_0035_000024",
            "annotations": []
        },
        {
            "sentence": "모든 샘플 데이터는 암호화 저장 및 전송 원칙을 따르며 민감 필드는 별도 키로 보호되어 있습니다.",
            "id": "sample_091_0035_000025",
            "annotations": []
        },
        {
            "sentence": "감사 로그는 변경 불변성을 보장하기 위해 타임스탬프와 변경자, 변경 사유가 포함되어 블록체인 유사 구조로 보관될 수 있습니다.",
            "id": "sample_091_0035_000026",
            "annotations": []
        },
        {
            "sentence": "테스트 데이터의 식별관리는 실제 고객과의 혼동을 피하기 위해 'synthetic' 라벨과 별도 네임스페이스로 관리됩니다.",
            "id": "sample_091_0035_000027",
            "annotations": []
        },
        {
            "sentence": "데이터 샘플 분포 요약: 거래 금액의 90%는 1,000만원 이하, 상위 1%는 1억원을 초과하는 멱법칙 분포를 따릅니다.",
            "id": "sample_091_0035_000028",
            "annotations": []
        },
        {
            "sentence": "제재 매칭 시 오탐을 줄이기 위해 동음이의어 및 약식 일치 로직과 신뢰도 임계값을 운영중입니다.",
            "id": "sample_091_0035_000029",
            "annotations": []
        },
        {
            "sentence": "결론 및 권고: 샘플 데이터로 모델을 재현할 수 있도록 생성 규칙과 통계 요약, 피처 가중치 문서를 함께 배포합니다.",
            "id": "sample_091_0035_000030",
            "annotations": []
        }
    ]
}