{
    "document_id": "091_0070",
    "document_title": "AML(자금세탁방지) 합성 테스트 데이터 설명서 및 SAR 예시",
    "data": [
        {
            "sentence": "문서 개요: 본 문서는 자금세탁방지(AML) 및 금융범죄 컴플라이언스 관점에서 합성 테스트 데이터를 설명합니다.",
            "id": "sample_091_0070_000001",
            "annotations": []
        },
        {
            "sentence": "목적: 모델 평가와 내부 감사에 사용하기 위한 합성 거래로그, KYC, 제재 매칭 및 SAR 초안을 포함합니다.",
            "id": "sample_091_0070_000002",
            "annotations": []
        },
        {
            "sentence": "모든 개인식별정보는 실데이터와 일치하지 않으며 마스킹 또는 대체 식별자(UUID)로 처리되어 있습니다.",
            "id": "sample_091_0070_000003",
            "annotations": []
        },
        {
            "sentence": "본 문서의 샘플 고객 중 한 명은 오선하로 표기되며 이는 실제 인물과 무관한 합성 이름입니다.",
            "id": "sample_091_0070_000004",
            "annotations": [
                {
                    "word": "오선하",
                    "start": 19,
                    "end": 22,
                    "label": "개인정보"
                }
            ]
        },
        {
            "sentence": "오선하의 등록된 생년월일은 1985년 03월 12일로 저장되었으며, 연·월·일 단위로 분리 보관합니다.",
            "id": "sample_091_0070_000005",
            "annotations": [
                {
                    "word": "1985년",
                    "start": 15,
                    "end": 20,
                    "label": "준식별자"
                },
                {
                    "word": "03월",
                    "start": 21,
                    "end": 24,
                    "label": "준식별자"
                },
                {
                    "word": "12일",
                    "start": 25,
                    "end": 28,
                    "label": "준식별자"
                }
            ]
        },
        {
            "sentence": "성별은 여성으로 분류되어 리스크 피처에 반영됩니다.",
            "id": "sample_091_0070_000006",
            "annotations": [
                {
                    "word": "여성",
                    "start": 4,
                    "end": 6,
                    "label": "준식별자"
                }
            ]
        },
        {
            "sentence": "주소는 서울특별시 강남구 역삼동 형태로 시·군·구 단위까지 구조화되어 있습니다.",
            "id": "sample_091_0070_000007",
            "annotations": [
                {
                    "word": "서울특별시",
                    "start": 4,
                    "end": 9,
                    "label": "준식별자"
                },
                {
                    "word": "강남구",
                    "start": 10,
                    "end": 13,
                    "label": "준식별자"
                },
                {
                    "word": "역삼동",
                    "start": 14,
                    "end": 17,
                    "label": "준식별자"
                }
            ]
        },
        {
            "sentence": "자세한 배송지 필드에는 역삼동 건물번호가 내부적으로 '역삼동 123-**' 형식으로 마스킹되어 저장됩니다.",
            "id": "sample_091_0070_000008",
            "annotations": [
                {
                    "word": "역삼동 123-**",
                    "start": 30,
                    "end": 40,
                    "label": "개인정보"
                }
            ]
        },
        {
            "sentence": "연락처는 010-****-1234 형식으로 마스킹하여 저장하며 이메일은 seonha@[redacted].bank로 처리합니다.",
            "id": "sample_091_0070_000009",
            "annotations": [
                {
                    "word": "010-****-1234",
                    "start": 5,
                    "end": 18,
                    "label": "개인정보"
                },
                {
                    "word": "seonha@[redacted].bank",
                    "start": 40,
                    "end": 62,
                    "label": "개인정보"
                }
            ]
        },
        {
            "sentence": "계좌 메타데이터 예: 계좌번호 ****-****-070, 은행코드 023, 계좌상태 ACTIVE.",
            "id": "sample_091_0070_000010",
            "annotations": [
                {
                    "word": "****-****-070",
                    "start": 17,
                    "end": 30,
                    "label": "기밀정보"
                }
            ]
        },
        {
            "sentence": "고객 사업자등록번호는 합성 코드 'BIZ-2023-0001'로 대체되어 실식별정보와 분리됩니다.",
            "id": "sample_091_0070_000011",
            "annotations": [
                {
                    "word": "BIZ-2023-0001",
                    "start": 19,
                    "end": 32,
                    "label": "개인정보"
                }
            ]
        },
        {
            "sentence": "실소유자(BO) 구조 예시: 권경율(UUID: uuid-0001)과 조서율(UUID: uuid-0002)이 최종 소유자로 등재되어 있습니다.",
            "id": "sample_091_0070_000012",
            "annotations": [
                {
                    "word": "권경율",
                    "start": 16,
                    "end": 19,
                    "label": "개인정보"
                },
                {
                    "word": "조서율",
                    "start": 38,
                    "end": 41,
                    "label": "개인정보"
                }
            ]
        },
        {
            "sentence": "제재/워치리스트 매칭 로그 예: 후보코드 KOR-SANC-2024-07, 매칭필드: 이름, 신뢰도 0.78, 최종검토자 박규희.",
            "id": "sample_091_0070_000013",
            "annotations": [
                {
                    "word": "박규희",
                    "start": 67,
                    "end": 70,
                    "label": "개인정보"
                }
            ]
        },
        {
            "sentence": "매칭 결과는 실제 제재목록과 직접 일치하지 않으며, 사용자 지정 신뢰도(score)와 매칭 필드를 함께 기록합니다.",
            "id": "sample_091_0070_000014",
            "annotations": []
        },
        {
            "sentence": "거래 레코드 샘플: trx_id TX-20240101-0001, 일시 2024-01-10T11:23:45Z, 금액 12500.00 USD, 유형: 국제송금.",
            "id": "sample_091_0070_000015",
            "annotations": []
        },
        {
            "sentence": "거래 관련 송금메모에는 '인보이스 INV-2023-559'와 함께 거래 목적이 간략히 기재됩니다.",
            "id": "sample_091_0070_000016",
            "annotations": []
        },
        {
            "sentence": "의심거래보고(SAR) 초안에는 사례 개요, 관련 계좌(계좌번호 ****-****-070), 관련자 오선하, 근거자료 요약이 포함됩니다.",
            "id": "sample_091_0070_000017",
            "annotations": [
                {
                    "word": "****-****-070",
                    "start": 35,
                    "end": 48,
                    "label": "기밀정보"
                },
                {
                    "word": "오선하",
                    "start": 55,
                    "end": 58,
                    "label": "개인정보"
                }
            ]
        },
        {
            "sentence": "케이스 관리 파일 예시: 케이스 ID CASE-2024-0007, 오너 신은봄, 상태 OPEN, 활동 로그 포함.",
            "id": "sample_091_0070_000018",
            "annotations": [
                {
                    "word": "신은봄",
                    "start": 40,
                    "end": 43,
                    "label": "개인정보"
                }
            ]
        },
        {
            "sentence": "활동 로그에는 승인자, 검토 메모, 변경 이력(data_provenance_timestamp: 2024-01-12T09:15:00Z, data_version: v1.2)이 기록됩니다.",
            "id": "sample_091_0070_000019",
            "annotations": []
        },
        {
            "sentence": "리스크 스코어링 메타데이터: 피처별 가중치 예시 — 거래금액(0.35), 거래빈도(0.20), 지리적위험(0.15), PEP매칭(0.20), 제재매칭(0.10).",
            "id": "sample_091_0070_000020",
            "annotations": []
        },
        {
            "sentence": "피처 기여도 설명: 거래금액은 로그 스케일 변환 후 상위 1%의 영향력을 강조합니다.",
            "id": "sample_091_0070_000021",
            "annotations": []
        },
        {
            "sentence": "외부 데이터 피드 스냅샷: 제재목록 버전 SANCLIST-20240101, PEP 레코드 중 합성인물 하장우가 포함됩니다.",
            "id": "sample_091_0070_000022",
            "annotations": [
                {
                    "word": "하장우",
                    "start": 57,
                    "end": 60,
                    "label": "개인정보"
                }
            ]
        },
        {
            "sentence": "민감 데이터 저장 정책: DB 내 민감 필드는 at-rest 암호화 적용, 전송 중 TLS 1.2 이상 사용을 명시합니다.",
            "id": "sample_091_0070_000023",
            "annotations": []
        },
        {
            "sentence": "접근 통제: SAR 문서는 최소 필요권한 원칙에 따라 지정된 역할만 열람 가능하도록 설정되어 있습니다.",
            "id": "sample_091_0070_000024",
            "annotations": []
        },
        {
            "sentence": "테스트 데이터 태그: 모든 샘플 레코드에 'synthetic' 태그를 추가하여 실제 고객과 혼동하지 않도록 관리합니다.",
            "id": "sample_091_0070_000025",
            "annotations": []
        },
        {
            "sentence": "샘플 데이터 분포: 거래금액은 멱법칙 분포를 따르며 평균 중앙값과 상위 꼬리 분포를 문서화합니다.",
            "id": "sample_091_0070_000026",
            "annotations": []
        },
        {
            "sentence": "라벨 품질 및 불균형: 오탐과 누락의 비용을 산정하고, 불균형 보정을 위한 가중치 샘플링 정책을 명시합니다.",
            "id": "sample_091_0070_000027",
            "annotations": []
        },
        {
            "sentence": "규제 준수 메모: 국경간 데이터 이전 시 지역별 규제(예: EU→비EU 전송 제한) 검토 절차를 포함합니다.",
            "id": "sample_091_0070_000028",
            "annotations": []
        },
        {
            "sentence": "결론 및 권고사항: 감사 로그 강화, 라벨링 가이드라인 보완, 민감 데이터 암호화 정책의 주기적 검토를 권고합니다.",
            "id": "sample_091_0070_000029",
            "annotations": []
        }
    ]
}