{
    "document_id": "091_0051",
    "document_title": "자금세탁방지(AML) 합성 사례파일 및 SAR 초안 (synthetic)",
    "data": [
        {
            "sentence": "문서 개요: 본 파일은 자금세탁방지(AML) 및 금융범죄 컴플라이언스 테스트를 위한 synthetic 데이터 샘플이다.",
            "id": "sample_091_0051_000001",
            "annotations": []
        },
        {
            "sentence": "데이터는 'synthetic' 태그가 포함되어 있으며 실제 고객 정보와 혼동되지 않도록 처리되었다.",
            "id": "sample_091_0051_000002",
            "annotations": []
        },
        {
            "sentence": "데이터 변경 이력(data_provenance_timestamp, data_version)과 감사 로그는 각 레코드에 포함되어 추적 가능하도록 설계되었다.",
            "id": "sample_091_0051_000003",
            "annotations": []
        },
        {
            "sentence": "테스트용 고객 목록에는 지도겸, 안혜준, 임민설 세 명의 합성 인물이 사례 소유자로 등재되어 있다.",
            "id": "sample_091_0051_000004",
            "annotations": [
                {
                    "word": "지도겸",
                    "start": 13,
                    "end": 16,
                    "label": "개인정보"
                },
                {
                    "word": "안혜준",
                    "start": 18,
                    "end": 21,
                    "label": "개인정보"
                },
                {
                    "word": "임민설",
                    "start": 23,
                    "end": 26,
                    "label": "개인정보"
                }
            ]
        },
        {
            "sentence": "각 고객의 기본 정보는 성별과 생년월일을 [년],[월],[일] 단위로 분리해 준식별자로 저장한다.",
            "id": "sample_091_0051_000005",
            "annotations": []
        },
        {
            "sentence": "지도겸의 프로필에는 성별: 남성, 생년:1985, 월:07, 일:12, 거주시:서울특별시, 거주구:강남구로 표기되어 있다.",
            "id": "sample_091_0051_000006",
            "annotations": [
                {
                    "word": "지도겸",
                    "start": 0,
                    "end": 3,
                    "label": "개인정보"
                },
                {
                    "word": "남성",
                    "start": 15,
                    "end": 17,
                    "label": "준식별자"
                },
                {
                    "word": "1985",
                    "start": 22,
                    "end": 26,
                    "label": "준식별자"
                },
                {
                    "word": "07",
                    "start": 30,
                    "end": 32,
                    "label": "준식별자"
                },
                {
                    "word": "12",
                    "start": 36,
                    "end": 38,
                    "label": "준식별자"
                },
                {
                    "word": "서울특별시",
                    "start": 44,
                    "end": 49,
                    "label": "준식별자"
                },
                {
                    "word": "강남구",
                    "start": 55,
                    "end": 58,
                    "label": "준식별자"
                }
            ]
        },
        {
            "sentence": "안혜준의 프로필에는 성별: 남성, 생년:1990, 월:11, 일:03, 거주시:부산광역시, 거주구:해운대구로 표기되어 있다.",
            "id": "sample_091_0051_000007",
            "annotations": [
                {
                    "word": "안혜준",
                    "start": 0,
                    "end": 3,
                    "label": "개인정보"
                },
                {
                    "word": "남성",
                    "start": 15,
                    "end": 17,
                    "label": "준식별자"
                },
                {
                    "word": "1990",
                    "start": 22,
                    "end": 26,
                    "label": "준식별자"
                },
                {
                    "word": "11",
                    "start": 30,
                    "end": 32,
                    "label": "준식별자"
                },
                {
                    "word": "03",
                    "start": 36,
                    "end": 38,
                    "label": "준식별자"
                },
                {
                    "word": "부산광역시",
                    "start": 44,
                    "end": 49,
                    "label": "준식별자"
                },
                {
                    "word": "해운대구",
                    "start": 55,
                    "end": 59,
                    "label": "준식별자"
                }
            ]
        },
        {
            "sentence": "임민설의 프로필에는 성별: 여성, 생년:1978, 월:02, 일:24, 거주시:대구광역시, 거주구:수성구가 기록되어 있다.",
            "id": "sample_091_0051_000008",
            "annotations": [
                {
                    "word": "임민설",
                    "start": 0,
                    "end": 3,
                    "label": "개인정보"
                },
                {
                    "word": "여성",
                    "start": 15,
                    "end": 17,
                    "label": "준식별자"
                },
                {
                    "word": "1978",
                    "start": 22,
                    "end": 26,
                    "label": "준식별자"
                },
                {
                    "word": "02",
                    "start": 30,
                    "end": 32,
                    "label": "준식별자"
                },
                {
                    "word": "24",
                    "start": 36,
                    "end": 38,
                    "label": "준식별자"
                },
                {
                    "word": "대구광역시",
                    "start": 44,
                    "end": 49,
                    "label": "준식별자"
                },
                {
                    "word": "수성구",
                    "start": 55,
                    "end": 58,
                    "label": "준식별자"
                }
            ]
        },
        {
            "sentence": "계좌 메타데이터 예시는 계좌번호: ACCT-MASKED-0001(기밀), 계좌유형: 당좌, 통화: KRW 로 표기되어 있다.",
            "id": "sample_091_0051_000009",
            "annotations": [
                {
                    "word": "ACCT-MASKED-0001",
                    "start": 19,
                    "end": 35,
                    "label": "기밀정보"
                }
            ]
        },
        {
            "sentence": "거래 레코드 예시: 트랜잭션ID txn-0001, 일시:2025-06-01T12:34:56Z, 금액:12,500,000 KRW, 유형:국내송금.",
            "id": "sample_091_0051_000010",
            "annotations": []
        },
        {
            "sentence": "의심거래 의심요지: 동일 계좌에서 단기간 다수의 대규모 출금 발생, 권준연 계좌와 빈번한 자금 교차가 확인되었다.",
            "id": "sample_091_0051_000011",
            "annotations": [
                {
                    "word": "권준연",
                    "start": 38,
                    "end": 41,
                    "label": "개인정보"
                }
            ]
        },
        {
            "sentence": "권준연의 계좌 식별자는 계좌번호: ACCT-MASKED-0099로 저장되어 있고 해당 필드는 기밀정보로 분류된다.",
            "id": "sample_091_0051_000012",
            "annotations": [
                {
                    "word": "권준연",
                    "start": 0,
                    "end": 3,
                    "label": "개인정보"
                },
                {
                    "word": "ACCT-MASKED-0099",
                    "start": 19,
                    "end": 35,
                    "label": "기밀정보"
                }
            ]
        },
        {
            "sentence": "KYC 문서에는 신분증 종류: 주민등록증(마스킹), 주민등록번호: RRN-MASKED-0001(마스킹) 항목이 존재한다.",
            "id": "sample_091_0051_000013",
            "annotations": [
                {
                    "word": "RRN-MASKED-0001",
                    "start": 37,
                    "end": 52,
                    "label": "개인정보"
                }
            ]
        },
        {
            "sentence": "연락처 항목은 테스트 목적상 휴대전화:010-XXXX-YYYY, 이메일:anon_091@synthetic.test로 마스킹하여 기록하였다.",
            "id": "sample_091_0051_000014",
            "annotations": [
                {
                    "word": "010-XXXX-YYYY",
                    "start": 21,
                    "end": 34,
                    "label": "개인정보"
                },
                {
                    "word": "anon_091@synthetic.test",
                    "start": 40,
                    "end": 63,
                    "label": "개인정보"
                }
            ]
        },
        {
            "sentence": "실소유자(BO) 구조는 지분 100% 소유자 주재율로 표기되어 있으며, BO 정보는 내부 감사 대상이다.",
            "id": "sample_091_0051_000015",
            "annotations": [
                {
                    "word": "주재율",
                    "start": 25,
                    "end": 28,
                    "label": "개인정보"
                }
            ]
        },
        {
            "sentence": "제재·워치리스트 매칭 로그는 실목록과 직접 일치하지 않는 합성 매칭명과 신뢰도 점수(confidence:0.78)를 포함한다.",
            "id": "sample_091_0051_000016",
            "annotations": []
        },
        {
            "sentence": "매칭 필드 예시: matched_name: 허위워치_시나리오_001, matched_dob_year:1970, confidence:0.78.",
            "id": "sample_091_0051_000017",
            "annotations": [
                {
                    "word": "1970",
                    "start": 56,
                    "end": 60,
                    "label": "준식별자"
                }
            ]
        },
        {
            "sentence": "의심거래보고서(SAR) 초안은 케이스 오너: 장다온, 상태:초안, 의심사유 요약 및 제출 이력 항목을 포함한다.",
            "id": "sample_091_0051_000018",
            "annotations": [
                {
                    "word": "장다온",
                    "start": 25,
                    "end": 28,
                    "label": "개인정보"
                }
            ]
        },
        {
            "sentence": "케이스 활동 로그는 오너의 변경, 검토자 코멘트, 각 단계의 타임스탬프를 불변 로그로 저장한다.",
            "id": "sample_091_0051_000019",
            "annotations": []
        },
        {
            "sentence": "SAR 제출 히스토리는 제출자 식별을 위해 합성 ID와 오너명(장다온)이 연결되어 기록된다.",
            "id": "sample_091_0051_000020",
            "annotations": [
                {
                    "word": "장다온",
                    "start": 35,
                    "end": 38,
                    "label": "개인정보"
                }
            ]
        },
        {
            "sentence": "외부 데이터 피드 스냅샷에는 제재목록 버전:2025-06-01, PEP 레코드 예시(PEP명: 엄영윤, 직책: 전공직)가 포함되어 있다.",
            "id": "sample_091_0051_000021",
            "annotations": [
                {
                    "word": "엄영윤",
                    "start": 53,
                    "end": 56,
                    "label": "개인정보"
                }
            ]
        },
        {
            "sentence": "자금 출처 증빙으로 첨부된 인보이스 메모에는 송금메모: Invoice-2025-055 및 수취인: 김민승으로 표기되어 있다.",
            "id": "sample_091_0051_000022",
            "annotations": [
                {
                    "word": "김민승",
                    "start": 55,
                    "end": 58,
                    "label": "개인정보"
                }
            ]
        },
        {
            "sentence": "리스크 스코어링 섹션에는 주요 피처와 가중치가 명시되어 있다: 거래금액(w:0.35), 거래빈도(w:0.20), 지리적위험(w:0.15), PEP여부(w:0.20), 제재매칭(w:0.10).",
            "id": "sample_091_0051_000023",
            "annotations": []
        },
        {
            "sentence": "피처 기여도 예시는 특정 거래에 대해 거래금액이 0.60, PEP여부가 0.40으로 합산되어 높은 리스크를 유발한 사례를 보여준다.",
            "id": "sample_091_0051_000024",
            "annotations": []
        },
        {
            "sentence": "데이터 품질 섹션은 레이블 불균형과 오탐 비용을 명시하고, 라벨링 정책과 샘플링 규칙을 기술한다.",
            "id": "sample_091_0051_000025",
            "annotations": []
        },
        {
            "sentence": "암호화와 접근 통제 정책은 민감필드(계좌, 식별번호, 연락처)에 대해 전송중·저장중 암호화를 요구한다.",
            "id": "sample_091_0051_000026",
            "annotations": []
        },
        {
            "sentence": "감사 및 변경 이력 예시: data_provenance_timestamp:2025-06-01T12:45:00Z, data_version:v1.3.2, audit_log_id:AUD-2025-0001.",
            "id": "sample_091_0051_000027",
            "annotations": []
        },
        {
            "sentence": "검토 및 액션 항목에는 담당자 주윤슬의 검토 예정일과 우선순위가 포함되어 있어 추적 가능하다.",
            "id": "sample_091_0051_000028",
            "annotations": [
                {
                    "word": "주윤슬",
                    "start": 17,
                    "end": 20,
                    "label": "개인정보"
                }
            ]
        },
        {
            "sentence": "테스트 데이터 생성 규칙 요약: 금액 분포는 멱법칙을 따르며, 시계열에는 영업일·월말·연말의 계절성이 반영된다.",
            "id": "sample_091_0051_000029",
            "annotations": []
        },
        {
            "sentence": "결론 및 권고: 합성 데이터 사용은 규제 리스크를 줄이나 실제 제재자 식별정보와의 절대 일치 금지를 엄격히 준수해야 한다.",
            "id": "sample_091_0051_000030",
            "annotations": []
        }
    ]
}