{
    "document_id": "091_0082",
    "document_title": "자금세탁방지(AML) 및 금융범죄 컴플라이언스 합성 데이터 설명서 및 사례 파일",
    "data": [
        {
            "sentence": "본 문서는 자금세탁방지(AML) 및 금융범죄 컴플라이언스 도메인의 테스트용 합성 데이터와 운영 지침을 설명한다.",
            "id": "sample_091_0082_000001",
            "annotations": []
        },
        {
            "sentence": "문서 목적은 탐지 모델 학습, 검증 및 내부 감사용으로 사용되는 synthetic 데이터의 구조와 제약을 명확히 하는 것이다.",
            "id": "sample_091_0082_000002",
            "annotations": []
        },
        {
            "sentence": "데이터 생성 원칙에는 개인식별정보 마스킹, 합성 샘플의 현실적 분포 유지, 감사추적성 및 라벨 품질 관리가 포함된다.",
            "id": "sample_091_0082_000003",
            "annotations": []
        },
        {
            "sentence": "KYC 레코드 샘플: 고객명은 송반석으로 등록되어 있으며 내부 식별자 customer_id: UUID('c9f8a1e2-4b7f-4d3a-9a1c-abcdef012345')로 관리된다.",
            "id": "sample_091_0082_000004",
            "annotations": [
                {
                    "word": "송반석",
                    "start": 17,
                    "end": 20,
                    "label": "개인정보"
                }
            ]
        },
        {
            "sentence": "주민등록번호는 운영 규정에 따라 부분 마스킹 처리함: 주민등록번호: 800101-1******.",
            "id": "sample_091_0082_000005",
            "annotations": [
                {
                    "word": "800101-1******",
                    "start": 38,
                    "end": 52,
                    "label": "개인정보"
                }
            ]
        },
        {
            "sentence": "생년월일은 년·월·일 단위로 분리해 저장함: 1980 / 01 / 01.",
            "id": "sample_091_0082_000006",
            "annotations": [
                {
                    "word": "1980",
                    "start": 25,
                    "end": 29,
                    "label": "준식별자"
                },
                {
                    "word": "01",
                    "start": 32,
                    "end": 34,
                    "label": "준식별자"
                },
                {
                    "word": "01",
                    "start": 37,
                    "end": 39,
                    "label": "준식별자"
                }
            ]
        },
        {
            "sentence": "준식별자 필드 예시: 성별: 남성, 국적: 대한민국, 직업: 무역업체 대표.",
            "id": "sample_091_0082_000007",
            "annotations": [
                {
                    "word": "남성",
                    "start": 16,
                    "end": 18,
                    "label": "준식별자"
                },
                {
                    "word": "대한민국",
                    "start": 24,
                    "end": 28,
                    "label": "준식별자"
                },
                {
                    "word": "무역업체 대표",
                    "start": 34,
                    "end": 41,
                    "label": "준식별자"
                }
            ]
        },
        {
            "sentence": "주소는 시·군·구·동 단위로 분리 보관함: 시: 서울특별시, 군/구: 중구, 동/읍/면: 을지로 (상세주소 마스킹 적용).",
            "id": "sample_091_0082_000008",
            "annotations": [
                {
                    "word": "서울특별시",
                    "start": 27,
                    "end": 32,
                    "label": "준식별자"
                },
                {
                    "word": "중구",
                    "start": 39,
                    "end": 41,
                    "label": "준식별자"
                },
                {
                    "word": "을지로",
                    "start": 50,
                    "end": 53,
                    "label": "준식별자"
                }
            ]
        },
        {
            "sentence": "연락처는 마스킹 또는 별도 동의 기반 처리를 적용함: 휴대폰: 010-1234-****, 이메일: song.banseok@synthetic.example.",
            "id": "sample_091_0082_000009",
            "annotations": [
                {
                    "word": "010-1234-****",
                    "start": 35,
                    "end": 48,
                    "label": "개인정보"
                },
                {
                    "word": "song.banseok@synthetic.example",
                    "start": 55,
                    "end": 85,
                    "label": "개인정보"
                }
            ]
        },
        {
            "sentence": "계좌·카드 메타데이터 예시: 계좌번호: 123-4567-****, 통화: KRW, 은행코드: 004, 계좌유형: 당좌.",
            "id": "sample_091_0082_000010",
            "annotations": [
                {
                    "word": "123-4567-****",
                    "start": 22,
                    "end": 35,
                    "label": "기밀정보"
                }
            ]
        },
        {
            "sentence": "거래 로그 예시: transaction_id: TX-0001, 일시: 2025-01-15T10:23:00Z, 금액: 12,500,000 KRW, 유형: 송금(국내), 상대: 법인 B.",
            "id": "sample_091_0082_000011",
            "annotations": []
        },
        {
            "sentence": "실소유자(BO) 구조 샘플: 법인 A의 실소유자로 송경덕과 문혜란이 등재되어 있으며 지분관계 및 지배구조가 메타데이터로 연결되어 있다.",
            "id": "sample_091_0082_000012",
            "annotations": [
                {
                    "word": "송경덕",
                    "start": 28,
                    "end": 31,
                    "label": "개인정보"
                },
                {
                    "word": "문혜란",
                    "start": 33,
                    "end": 36,
                    "label": "개인정보"
                }
            ]
        },
        {
            "sentence": "BO 데이터는 소유지분(%), 등기정보 링크, 신분증 마스킹본을 포함하며 익명화 규칙을 문서화한다.",
            "id": "sample_091_0082_000013",
            "annotations": []
        },
        {
            "sentence": "제재·워치리스트 매칭 로그 예시에는 match_id, matched_name(합성), match_confidence가 포함되며 실목록과 직접일치하지 않는다.",
            "id": "sample_091_0082_000014",
            "annotations": []
        },
        {
            "sentence": "의심거래보고(SAR) 초안 예시에는 사건 요약, 근거 규칙, 제출 권고 사항 및 관련 증빙 문서 목록이 포함되어 있다.",
            "id": "sample_091_0082_000015",
            "annotations": []
        },
        {
            "sentence": "사건 예시: SAR 초안에 '송반석 계정에서 반복적 고액 송금 발생'으로 기재되어 있으며 내부 검토 전 상태임을 명시한다.",
            "id": "sample_091_0082_000016",
            "annotations": [
                {
                    "word": "송반석",
                    "start": 16,
                    "end": 19,
                    "label": "개인정보"
                }
            ]
        },
        {
            "sentence": "SAR 제출 이력 예시: submitted_by: 임제민, 제출일시: 2025-01-20T14:05:00Z, 제출상태: 보류로 기록된다.",
            "id": "sample_091_0082_000017",
            "annotations": [
                {
                    "word": "임제민",
                    "start": 28,
                    "end": 31,
                    "label": "개인정보"
                }
            ]
        },
        {
            "sentence": "케이스 관리 파일에는 케이스 오너, 상태, 우선순위, 활동 로그가 포함되며 활동 예로 '문서요청', '추가분석' 등이 기록된다.",
            "id": "sample_091_0082_000018",
            "annotations": []
        },
        {
            "sentence": "케이스 관리 샘플: 케이스 오너로 임제민이 지정되어 있으며 상태는 '조사중'으로 표기되어 있다.",
            "id": "sample_091_0082_000019",
            "annotations": [
                {
                    "word": "임제민",
                    "start": 19,
                    "end": 22,
                    "label": "개인정보"
                }
            ]
        },
        {
            "sentence": "리스크 스코어링 예시: 고객 리스크 점수 0.78, 주요 피처 기여도는 거래금액(0.35), 국가위험(0.25), PEP매칭(0.18), 계좌유형(0.12)이다.",
            "id": "sample_091_0082_000020",
            "annotations": []
        },
        {
            "sentence": "피처별 설명은 모델의 설명 가능성을 위해 저장되며 거래금액은 고액·빈도성 지표로 해석된다.",
            "id": "sample_091_0082_000021",
            "annotations": []
        },
        {
            "sentence": "데이터 변경 이력은 모든 레코드에 포함되어 추적 가능하도록 data_version: v2.1 및 data_provenance_timestamp: 2025-01-21T09:30:00Z를 기록한다.",
            "id": "sample_091_0082_000022",
            "annotations": []
        },
        {
            "sentence": "감사 로그 예시: audit_id: AUD-0001, 변경자: 유대훈, 변경내역: KYC 주소 필드 마스킹 적용으로 기록된다.",
            "id": "sample_091_0082_000023",
            "annotations": [
                {
                    "word": "유대훈",
                    "start": 35,
                    "end": 38,
                    "label": "개인정보"
                }
            ]
        },
        {
            "sentence": "외부 피드 스냅샷 예시: 제재목록 스냅샷 버전 SANC-2025-01-20, PEP 레코드에는 양석주가 합성 PEP로 표기되어 있으나 실목록과 직접 동일하지 않다.",
            "id": "sample_091_0082_000024",
            "annotations": [
                {
                    "word": "양석주",
                    "start": 53,
                    "end": 56,
                    "label": "개인정보"
                }
            ]
        },
        {
            "sentence": "자금 출처 증빙 예시: 송금메모 '인보이스 INV-2024-045', 상대는 '해외 수출업자'로 표기되며 인보이스는 메타데이터로 연결된다.",
            "id": "sample_091_0082_000025",
            "annotations": []
        },
        {
            "sentence": "시스템 보안 민감항목은 기밀정보로 분류함: 내부 시스템 접속 계정 svc_aml_processor 및 서버 IP 10.0.0.5는 접근 통제 대상이다.",
            "id": "sample_091_0082_000026",
            "annotations": [
                {
                    "word": "svc_aml_processor",
                    "start": 37,
                    "end": 54,
                    "label": "기밀정보"
                },
                {
                    "word": "10.0.0.5",
                    "start": 63,
                    "end": 71,
                    "label": "기밀정보"
                }
            ]
        },
        {
            "sentence": "데이터 파이프라인과 암호화: 민감 필드는 저장중·전송중 모두 암호화되며 교차국가 전송 정책을 준수한다.",
            "id": "sample_091_0082_000027",
            "annotations": []
        },
        {
            "sentence": "라벨 불균형과 오탐 비용을 고려해 샘플링 규칙, 검증 루틴 및 이중검토 프로세스를 도입하여 라벨 품질을 관리한다.",
            "id": "sample_091_0082_000028",
            "annotations": []
        },
        {
            "sentence": "문서 말미에는 본 데이터가 테스트·개발용임을 명확히 표기하고 synthetic 태그와 보존 정책을 포함하여 운영 데이터와 분리 관리한다.",
            "id": "sample_091_0082_000029",
            "annotations": []
        }
    ]
}