{
    "document_id": "091_0012",
    "document_title": "AML 합성데이터 및 컴플라이언스 샘플 문서",
    "data": [
        {
            "sentence": "본 문서는 자금세탁방지(AML) 및 금융범죄 컴플라이언스 업무용으로 설계된 synthetic 테스트 데이터 설명서입니다.",
            "id": "sample_091_0012_000001",
            "annotations": []
        },
        {
            "sentence": "문서 식별자(document_id)는 091_0012이며 모든 샘플 데이터에는 'synthetic' 태그가 포함됩니다.",
            "id": "sample_091_0012_000002",
            "annotations": []
        },
        {
            "sentence": "KYC 샘플 레코드 예시는 고객명: 이지범 (pseudonym, synthetic)로 표기되어 있습니다.",
            "id": "sample_091_0012_000003",
            "annotations": [
                {
                    "word": "이지범",
                    "start": 20,
                    "end": 23,
                    "label": "개인정보"
                }
            ]
        },
        {
            "sentence": "주민등록번호(마스킹): 850101-******* 형식으로 원문 대신 부분마스킹하여 저장합니다.",
            "id": "sample_091_0012_000004",
            "annotations": [
                {
                    "word": "주민등록번호(마스킹): 850101-*******",
                    "start": 0,
                    "end": 27,
                    "label": "개인정보"
                }
            ]
        },
        {
            "sentence": "생년월일은 연/월/일 단위로 분리 저장하며 예시값은 1985/01/01 입니다.",
            "id": "sample_091_0012_000005",
            "annotations": [
                {
                    "word": "1985/01/01",
                    "start": 29,
                    "end": 39,
                    "label": "준식별자"
                }
            ]
        },
        {
            "sentence": "성별: 남성 항목은 준식별자 범주로 처리되어 통계적 익명화 정책 하에 관리됩니다.",
            "id": "sample_091_0012_000006",
            "annotations": [
                {
                    "word": "남성",
                    "start": 4,
                    "end": 6,
                    "label": "준식별자"
                }
            ]
        },
        {
            "sentence": "주소는 시/군/구 수준으로 예시를 제공하며 예시는 서울특별시 강남구 입니다.",
            "id": "sample_091_0012_000007",
            "annotations": [
                {
                    "word": "서울특별시 강남구",
                    "start": 28,
                    "end": 37,
                    "label": "준식별자"
                }
            ]
        },
        {
            "sentence": "연락처(마스킹): 010-XXXX-5678 은 개인식별정보로 분류되어 암호화 저장됩니다.",
            "id": "sample_091_0012_000008",
            "annotations": [
                {
                    "word": "010-XXXX-5678",
                    "start": 10,
                    "end": 23,
                    "label": "개인정보"
                }
            ]
        },
        {
            "sentence": "이메일: ezb.synth@example.com 은 식별가능 정보로 표시되며 접근 제어가 적용됩니다.",
            "id": "sample_091_0012_000009",
            "annotations": [
                {
                    "word": "ezb.synth@example.com",
                    "start": 5,
                    "end": 26,
                    "label": "개인정보"
                }
            ]
        },
        {
            "sentence": "계좌메타데이터 예시는 계좌번호(마스킹): XXXX-XXXX-1234 로 표기되어 있으며 기밀정보로 취급합니다.",
            "id": "sample_091_0012_000010",
            "annotations": [
                {
                    "word": "계좌번호(마스킹): XXXX-XXXX-1234",
                    "start": 12,
                    "end": 37,
                    "label": "기밀정보"
                }
            ]
        },
        {
            "sentence": "카드거래 샘플에 포함된 카드번호(마스킹): ****-****-****-9876 은 기밀정보입니다.",
            "id": "sample_091_0012_000011",
            "annotations": [
                {
                    "word": "카드번호(마스킹): ****-****-****-9876",
                    "start": 13,
                    "end": 43,
                    "label": "기밀정보"
                }
            ]
        },
        {
            "sentence": "실소유자(BO) 구조에는 개인 소유자명으로 공승표가 등재된 예시를 포함하고 있습니다.",
            "id": "sample_091_0012_000012",
            "annotations": [
                {
                    "word": "공승표",
                    "start": 24,
                    "end": 27,
                    "label": "개인정보"
                }
            ]
        },
        {
            "sentence": "법인 계좌의 소유구조에는 BO 이름과 관계를 UUID로 연결하여 익명화 규칙을 적용했습니다.",
            "id": "sample_091_0012_000013",
            "annotations": []
        },
        {
            "sentence": "제재·워치리스트 매칭 로그는 match_id: WL-2025-XYZ, match_field: name_similarity, confidence:0.82 로 기록됩니다.",
            "id": "sample_091_0012_000014",
            "annotations": []
        },
        {
            "sentence": "매칭 결과에 포함된 matched_name 필드는 외부 목록과 직접 일치하지 않는 합성 문자열로 생성합니다.",
            "id": "sample_091_0012_000015",
            "annotations": []
        },
        {
            "sentence": "의심거래보고서(SAR) 초안에는 피의자 표기 고객명: 이지범, 관련계좌: XXXX-XXXX-1234 를 예시로 작성합니다.",
            "id": "sample_091_0012_000016",
            "annotations": [
                {
                    "word": "이지범",
                    "start": 30,
                    "end": 33,
                    "label": "개인정보"
                },
                {
                    "word": "XXXX-XXXX-1234",
                    "start": 41,
                    "end": 55,
                    "label": "기밀정보"
                }
            ]
        },
        {
            "sentence": "SAR 제출 이력에는 제출자 필드에 케이스 오너: 안원빈 이 기록되어 접근제어 규칙을 적용합니다.",
            "id": "sample_091_0012_000017",
            "annotations": [
                {
                    "word": "안원빈",
                    "start": 28,
                    "end": 31,
                    "label": "개인정보"
                }
            ]
        },
        {
            "sentence": "케이스 관리 파일에는 케이스ID, 상태, 활동 로그 및 마지막 업데이트(data_provenance_timestamp) 항목이 포함됩니다.",
            "id": "sample_091_0012_000018",
            "annotations": []
        },
        {
            "sentence": "데이터 변경 이력에는 data_version: v1.3.0 과 변경자 식별자(팀 내부 UUID) 가 기록됩니다.",
            "id": "sample_091_0012_000019",
            "annotations": []
        },
        {
            "sentence": "감사 로그에는 액세스 타임스탬프와 변경 사유, 검토자명이 포함되며 검토자 예시는 이은태 로 표기됩니다.",
            "id": "sample_091_0012_000020",
            "annotations": [
                {
                    "word": "이은태",
                    "start": 45,
                    "end": 48,
                    "label": "개인정보"
                }
            ]
        },
        {
            "sentence": "리스크 스코어는 0~100 스케일로 제공되며 주요 피처별 가중치는 거래금액(0.35), 거래빈도(0.25), 국가리스크(0.20), PEP매칭(0.10), 계좌연령(0.10) 입니다.",
            "id": "sample_091_0012_000021",
            "annotations": []
        },
        {
            "sentence": "피처별 기여도 설명은 모델 설명서에 보존되며 예: 거래금액 가중치 0.35은 고액 거래 기여도임을 의미합니다.",
            "id": "sample_091_0012_000022",
            "annotations": []
        },
        {
            "sentence": "외부 데이터 피드는 제재목록 스냅샷(watchlist_snapshot_20260101.csv)과 PEP 레코드 예시를 포함합니다.",
            "id": "sample_091_0012_000023",
            "annotations": []
        },
        {
            "sentence": "PEP 레코드 샘플에는 명확히 합성 표기만 허용하며 실제 인물과 일치하지 않도록 설계되었습니다.",
            "id": "sample_091_0012_000024",
            "annotations": []
        },
        {
            "sentence": "거래 로그 예시는 transaction_id: tx_123e4567-e89b-12d3-a456-426614174000, 일시: 2025-12-01T14:23:05Z, 금액: 1250000 KRW 로 구성됩니다.",
            "id": "sample_091_0012_000025",
            "annotations": []
        },
        {
            "sentence": "거래액 분포는 멱법칙을 따르며 일별 시즌성, 주기적 급증 패턴을 반영하여 합성 데이터 생성 규칙을 문서화했습니다.",
            "id": "sample_091_0012_000026",
            "annotations": []
        },
        {
            "sentence": "민감 필드는 저장중 및 전송중 모두 AES-256으로 암호화되며 키 관리는 별도 KMS로 통제됩니다.",
            "id": "sample_091_0012_000027",
            "annotations": []
        },
        {
            "sentence": "테스트·개발용 데이터는 synthetic 태그와 함께 별도 네임스페이스에 보관되어 실제 고객 데이터와 분리됩니다.",
            "id": "sample_091_0012_000028",
            "annotations": []
        },
        {
            "sentence": "오탐과 누락의 비즈니스 비용을 고려해 라벨 품질 지표와 클래스 불균형 보정 전략을 명시합니다.",
            "id": "sample_091_0012_000029",
            "annotations": []
        },
        {
            "sentence": "본 문서의 모든 샘플값은 재현 가능한 랜덤시드와 생성 규칙을 포함하며 data_version 및 감사 로그로 추적 가능합니다.",
            "id": "sample_091_0012_000030",
            "annotations": []
        }
    ]
}