{
    "document_id": "046_0019",
    "document_title": "탄소시장 배출권 발행·거래·소각 종합 보고서 (합성 데이터 예시)",
    "data": [
        {
            "sentence": "해당 문서는 탄소시장 및 배출권 거래 관련 합성(synthetic) 데이터 예시와 운영·검증 절차를 기술합니다.",
            "id": "sample_046_0019_000001",
            "annotations": []
        },
        {
            "sentence": "문서 메타데이터에는 synthetic: true가 포함되어 있으며 jurisdiction은 KR로 표기됩니다.",
            "id": "sample_046_0019_000002",
            "annotations": []
        },
        {
            "sentence": "생성일 및 타임스탬프는 ISO 8601(UTC) 형식으로 표기되며 예시 생성일은 2025-01-15T12:00:00Z입니다.",
            "id": "sample_046_0019_000003",
            "annotations": []
        },
        {
            "sentence": "보고서 책임자: 방희도 (프로젝트 운영 담당)이며 해당 표기는 합성 데이터로 생성되었습니다.",
            "id": "sample_046_0019_000004",
            "annotations": [
                {
                    "word": "방희도",
                    "start": 9,
                    "end": 12,
                    "label": "개인정보"
                }
            ]
        },
        {
            "sentence": "KYC 담당자(연락): 류찬슬; 실제 연락처는 법규에 따라 암호화·비식별화된 상태로 보관됩니다.",
            "id": "sample_046_0019_000005",
            "annotations": [
                {
                    "word": "류찬슬",
                    "start": 13,
                    "end": 16,
                    "label": "개인정보"
                }
            ]
        },
        {
            "sentence": "프로젝트 식별자 예시: project_id=PRJ-2024-00019, credit_id=CREDIT-2024-04567, registry=Verra, credit_type=VCU, vintage_year=2024.",
            "id": "sample_046_0019_000006",
            "annotations": []
        },
        {
            "sentence": "수량 및 단위 표기: quantity_tCO2e=10,000 tCO2e; 단위 표준은 tCO2e이며 온실가스 환산 계수는 메타데이터에 명시합니다.",
            "id": "sample_046_0019_000007",
            "annotations": []
        },
        {
            "sentence": "발행자(issuer) 표기 예시: GreenFuture Inc.; 발행일(ISO 8601 UTC): issued_date=2024-11-30T00:00:00Z.",
            "id": "sample_046_0019_000008",
            "annotations": []
        },
        {
            "sentence": "거래 이력 참조: transaction_id=TX-2025-000112, buyer_seller_info=Buyer: ClimateFund Ltd., Seller: GreenFuture Inc.; 원문 레지스트리 링크로 추적 가능합니다.",
            "id": "sample_046_0019_000009",
            "annotations": []
        },
        {
            "sentence": "거래 가격 예시로 price_usd=12.50 USD를 표기하며 가격 피드는 15초 지연(latency)으로 수집됩니다.",
            "id": "sample_046_0019_000010",
            "annotations": []
        },
        {
            "sentence": "소각 상태 표기: status=retired; retired_date=2025-02-20T00:00:00Z이며 레지스트리 원문 링크는 https://registry.verra.org/credits/CREDIT-2024-04567 입니다.",
            "id": "sample_046_0019_000011",
            "annotations": []
        },
        {
            "sentence": "검증 선언 예시: verification_statement='검증기관 KOREA-VERIFIERS에 의해 범위(scope): project-level, GHG: CO2 검증 완료'.",
            "id": "sample_046_0019_000012",
            "annotations": []
        },
        {
            "sentence": "검증 기관 메타데이터에는 verifier_name=KOREA-VERIFIERS, 등록상태=Registered, registration_id=VRF-2023-009가 포함됩니다.",
            "id": "sample_046_0019_000013",
            "annotations": []
        },
        {
            "sentence": "MRV 보고서 관련: monitoring_report 파일과 발행일은 monitoring_report.pdf, issued_date=2024-10-15T00:00:00Z로 표기됩니다.",
            "id": "sample_046_0019_000014",
            "annotations": []
        },
        {
            "sentence": "프로젝트 문서화 항목: methodology=VM0012 (reforestation), project_documentation=https://example.org/docs/PRJ-2024-00019-proposal.pdf.",
            "id": "sample_046_0019_000015",
            "annotations": []
        },
        {
            "sentence": "지리공간 정보는 WGS84 좌표계로 제공되며 예시 중심좌표(centroid)=35.1796,129.0756 및 GeoJSON 경계가 포함됩니다.",
            "id": "sample_046_0019_000016",
            "annotations": []
        },
        {
            "sentence": "country=KR, jurisdiction=Korea-Republic로 법적 관할을 명확히 구분하여 규제 차이를 관리합니다.",
            "id": "sample_046_0019_000017",
            "annotations": []
        },
        {
            "sentence": "추가성 증거(additionality_evidence)는 별도 분석보고서와 함께 프로젝트 문서에 연결되어 있습니다.",
            "id": "sample_046_0019_000018",
            "annotations": []
        },
        {
            "sentence": "데이터 표준 항목: 좌표계=WGS84, 단위=tCO2e, 온실가스 환산계수는 IPCC AR6 기준을 따릅니다.",
            "id": "sample_046_0019_000019",
            "annotations": []
        },
        {
            "sentence": "감사 가능성(audit trail): 모든 발행·거래·소각 변경 이력은 트랜잭션 ID와 레지스트리 링크로 불변 로그가 유지됩니다.",
            "id": "sample_046_0019_000020",
            "annotations": []
        },
        {
            "sentence": "이중 계상 방지 절차: 크로스레지스트리 체크 및 credit_id 중복 탐지를 통해 동일 credit_id 중복 기록이 없음을 확인합니다.",
            "id": "sample_046_0019_000021",
            "annotations": []
        },
        {
            "sentence": "적용 규정은 EU ETS, VCS, 한국법 등 레지스트리·jurisdiction 별로 분리 관리하며 규정 변경 이력은 별도 로그로 보관합니다.",
            "id": "sample_046_0019_000022",
            "annotations": []
        },
        {
            "sentence": "예시 KYC 레코드 (비식별화 전): 이름=이한슬, 생년월일=1985-07-12, 성별=여성, 주소=서울특별시 강남구 테헤란로 123-45, 이메일=ihs_kyc@example.com, 전화=+82-10-1234-5678.",
            "id": "sample_046_0019_000023",
            "annotations": [
                {
                    "word": "이한슬",
                    "start": 24,
                    "end": 27,
                    "label": "개인정보"
                },
                {
                    "word": "1985-07-12",
                    "start": 34,
                    "end": 44,
                    "label": "준식별자"
                },
                {
                    "word": "여성",
                    "start": 49,
                    "end": 51,
                    "label": "준식별자"
                },
                {
                    "word": "서울특별시 강남구 테헤란로 123-45",
                    "start": 56,
                    "end": 77,
                    "label": "개인정보"
                },
                {
                    "word": "ihs_kyc@example.com",
                    "start": 83,
                    "end": 102,
                    "label": "개인정보"
                },
                {
                    "word": "+82-10-1234-5678",
                    "start": 107,
                    "end": 123,
                    "label": "개인정보"
                }
            ]
        },
        {
            "sentence": "위 KYC 레코드는 실제가 아닌 합성 데이터이며 저장 시 해시·암호화가 적용되어 접근 제어가 시행됩니다.",
            "id": "sample_046_0019_000024",
            "annotations": []
        },
        {
            "sentence": "기밀 항목 예시로 은행계좌번호=123-456789-01, 내부 파일경로=/srv/mrv/private/검증보고서_2025.pdf, 비공개 URL=http://internal-registry.local/secure/report.pdf를 포함합니다.",
            "id": "sample_046_0019_000025",
            "annotations": [
                {
                    "word": "123-456789-01",
                    "start": 17,
                    "end": 30,
                    "label": "기밀정보"
                },
                {
                    "word": "/srv/mrv/private/검증보고서_2025.pdf",
                    "start": 40,
                    "end": 71,
                    "label": "기밀정보"
                },
                {
                    "word": "http://internal-registry.local/secure/report.pdf",
                    "start": 81,
                    "end": 129,
                    "label": "기밀정보"
                }
            ]
        },
        {
            "sentence": "거래 토큰화 예시: underlying_asset_token=0xABCDEF1234567890 및 관련 블록체인 트랜잭션 해시를 트랜잭션 메타에 포함합니다.",
            "id": "sample_046_0019_000026",
            "annotations": []
        },
        {
            "sentence": "회계 연계 메타데이터는 IFRS 기준 및 지역별 세무 처리를 위한 분류코드를 포함하여 금융보고 목적에 맞게 구성합니다.",
            "id": "sample_046_0019_000027",
            "annotations": []
        },
        {
            "sentence": "가격 시계열은 UTC 타임스탬프(ISO 8601)로 저장하며 각 피드의 지연(latency) 정보를 메타데이터로 표기합니다.",
            "id": "sample_046_0019_000028",
            "annotations": []
        },
        {
            "sentence": "규정 변경 이력 예시: regulation_change_log에 2024-12-01T00:00:00Z의 규정 개정 기록이 등록되어 있으며 근거 문서를 첨부합니다.",
            "id": "sample_046_0019_000029",
            "annotations": []
        },
        {
            "sentence": "결론 및 권고: 운영자는 KYC 접근권한을 최소화하고 모든 레지스트리 링크와 트랜잭션 참조를 검증 가능하도록 유지해야 합니다.",
            "id": "sample_046_0019_000030",
            "annotations": []
        },
        {
            "sentence": "문서 생성 근거: 합성 데이터 기준 및 레지스트리 샘플을 기반으로 작성되었으며 메타데이터에 'synthetic': true 태그가 포함되어 있습니다.",
            "id": "sample_046_0019_000031",
            "annotations": []
        }
    ]
}