{
    "document_id": "046_0099",
    "document_title": "VCS 기반 재생에너지 프로젝트 발행·거래·검증 종합보고서 (synthetic 데이터)",
    "data": [
        {
            "sentence": "본 문서는 VCS(Verra) 레지스트리 기준에 따라 생성된 합성(synthetic) 데이터 샘플로, 실제 검증서 참조는 레지스트리 링크를 통해 가능함을 명시합니다.",
            "id": "sample_046_0099_000001",
            "annotations": []
        },
        {
            "sentence": "이 문서의 메타태그에는 명시적으로 \"synthetic\": true가 포함되어 있으며, 모든 레코드는 추적가능한 감사 로그를 포함합니다.",
            "id": "sample_046_0099_000002",
            "annotations": []
        },
        {
            "sentence": "프로젝트 기본 식별자: project_id=PRJ-VCS-2024-0099, credit_id=VCS-CR-2024-000123, registry=https://registry.verra.org/certificates/VCS-CR-2024-000123.",
            "id": "sample_046_0099_000003",
            "annotations": []
        },
        {
            "sentence": "신용세부: credit_type=Emission Reduction, vintage_year=2023, quantity_tCO2e=15000.00, status=issued, issuer=Verra, owner=Special Purpose Vehicle (SPV).",
            "id": "sample_046_0099_000004",
            "annotations": []
        },
        {
            "sentence": "발행일(issued_date)은 2024-11-15T00:00:00Z(ISO 8601, UTC)로 기록되며, 소각(retired_date)은 2025-12-31T00:00:00Z로 예정되어 있습니다.",
            "id": "sample_046_0099_000005",
            "annotations": [
                {
                    "word": "2024-11-15T00:00:00Z",
                    "start": 18,
                    "end": 38,
                    "label": "준식별자"
                },
                {
                    "word": "2025-12-31T00:00:00Z",
                    "start": 79,
                    "end": 99,
                    "label": "준식별자"
                }
            ]
        },
        {
            "sentence": "가격 정보는 price_usd=USD 7.50 / tCO2e로 표기되어 있으며, 가격 피드는 5분 지연(latency=PT5M)으로 수집된 마켓 피드를 사용합니다.",
            "id": "sample_046_0099_000006",
            "annotations": []
        },
        {
            "sentence": "거래 히스토리와 트랜잭션 참조: transaction_id=tx_20240115_0001, registry_transaction_link=https://registry.verra.org/transactions/tx_20240115_0001, audit_trail_ref=AT-2024-0099-01.",
            "id": "sample_046_0099_000007",
            "annotations": []
        },
        {
            "sentence": "구매자·판매자 메타데이터(buyer_seller_info)는 KYC/AML 요구사항에 따라 접근 통제 대상이며, 공개 항목으로는 기관형태와 관할(jurisdiction)만 노출합니다.",
            "id": "sample_046_0099_000008",
            "annotations": []
        },
        {
            "sentence": "본 케이스의 구매자 표기는 기관명 'GreenPower Trading Ltd.'이며, 판매자는 SPV 'PRJ-VCS-2024-0099-SPV'로 레지스트리에 등록되어 있습니다.",
            "id": "sample_046_0099_000009",
            "annotations": []
        },
        {
            "sentence": "프로젝트의 거버넌스 담당자(프로젝트 연락처): 임하승은 프로젝트의 운영·검증 대응을 담당하는 연락책으로 레코드에 기재되어 있습니다.",
            "id": "sample_046_0099_000010",
            "annotations": [
                {
                    "word": "임하승",
                    "start": 26,
                    "end": 29,
                    "label": "개인정보"
                }
            ]
        },
        {
            "sentence": "검증인 정보: Verifier=조초원(등록상태: accredited), verification_statement='The project meets VCS methodology requirements for additionality and monitoring'.",
            "id": "sample_046_0099_000011",
            "annotations": [
                {
                    "word": "조초원",
                    "start": 17,
                    "end": 20,
                    "label": "개인정보"
                }
            ]
        },
        {
            "sentence": "방법론(methodology)은 VCS VM0009 Rev.3 기반의 재생에너지 대체 배출 저감 계산 방식을 사용하며, 온실가스 환산 계수 및 단위는 tCO2e로 표준화했습니다.",
            "id": "sample_046_0099_000012",
            "annotations": []
        },
        {
            "sentence": "프로젝트 문서(project_documentation)와 MRV 보고서(monitoring_report)는 레지스트리 링크와 함께 발행일(2024-10-01T00:00:00Z)과 검증 범위(scope)를 포함합니다.",
            "id": "sample_046_0099_000013",
            "annotations": [
                {
                    "word": "2024-10-01T00:00:00Z",
                    "start": 77,
                    "end": 97,
                    "label": "준식별자"
                }
            ]
        },
        {
            "sentence": "MRV 보고서 발행일은 2024-10-01T00:00:00Z이며, 검증 범위는 Scope 1 및 Scope 2 배출에 대한 연간 계정입니다.",
            "id": "sample_046_0099_000014",
            "annotations": []
        },
        {
            "sentence": "추적성: 모든 발행·거래·소각 이벤트는 레지스트리 상의 고유 transaction_id와 로컬 감사 식별자(audit_id)를 통해 검증 가능합니다.",
            "id": "sample_046_0099_000015",
            "annotations": []
        },
        {
            "sentence": "지리공간: geolocation은 WGS84 좌표계를 사용하며, 중심점 좌표는 37.497942, 127.027621로 프로젝트 경계(Polygon) 메타데이터에 포함됩니다.",
            "id": "sample_046_0099_000016",
            "annotations": []
        },
        {
            "sentence": "프로젝트 위치의 행정구역은 대한민국, 서울특별시, 강남구로 표기되며, 관할(jurisdiction)은 Korea Republic (KR)로 명시합니다.",
            "id": "sample_046_0099_000017",
            "annotations": [
                {
                    "word": "서울특별시, 강남구",
                    "start": 21,
                    "end": 31,
                    "label": "준식별자"
                }
            ]
        },
        {
            "sentence": "추가성(additionality_evidence)은 재무·기술적 장벽 분석, 투자 기준선 작성, 제3자 독립 검증서 링크를 통해 문서화되어 있습니다.",
            "id": "sample_046_0099_000018",
            "annotations": []
        },
        {
            "sentence": "기술적 세부사항에는 계측 장치와 검정 주기, 데이터 수집 빈도, 측정 불확실성 등 MRV 표준에 따른 입력값이 포함됩니다.",
            "id": "sample_046_0099_000019",
            "annotations": []
        },
        {
            "sentence": "디지털 원장 연동 정보: underlying_asset_token=ERC20 0xAbC123... (토큰화 참조), 블록체인 트랜잭션 해시도 감사 로그에 포함됩니다.",
            "id": "sample_046_0099_000020",
            "annotations": []
        },
        {
            "sentence": "규정 변경 이력과 jurisdiction별 규정 차이는 별도 로그로 보관하며, 예를 들어 EU ETS 및 VCS 규정 간 매핑 테이블을 유지합니다.",
            "id": "sample_046_0099_000021",
            "annotations": []
        },
        {
            "sentence": "이 문서에는 내부 보안·재무 항목이 포함되어 있으며, 예시로 내부 결재선 참조 및 은행 계좌 정보는 접근 통제가 필요합니다.",
            "id": "sample_046_0099_000022",
            "annotations": []
        },
        {
            "sentence": "재무 세부 예시: 계좌번호=KR123-456789-0000(예시값, 접근통제 필요), 계약 내부 문서 경로=/secure/internal/contracts/PRJ-VCS-2024-0099.pdf.",
            "id": "sample_046_0099_000023",
            "annotations": [
                {
                    "word": "계좌번호=KR123-456789-0000",
                    "start": 10,
                    "end": 32,
                    "label": "기밀정보"
                },
                {
                    "word": "/secure/internal/contracts/PRJ-VCS-2024-0099.pdf",
                    "start": 60,
                    "end": 108,
                    "label": "기밀정보"
                }
            ]
        },
        {
            "sentence": "이중 계상 방지: 레지스트리 교차체크를 통해 동일 credit_id의 중복 발행 여부를 확인하며, 본 데이터셋에서는 중복된 credit_id가 존재하지 않음을 검증했습니다.",
            "id": "sample_046_0099_000024",
            "annotations": []
        },
        {
            "sentence": "감사가능성: 주요 변경 이력은 audit_log_id로 기록되며, 예시 항목 AT-2024-0099-01에는 생성자·수정자·타임스탬프가 포함됩니다.",
            "id": "sample_046_0099_000025",
            "annotations": []
        },
        {
            "sentence": "데이터 표준: 단위는 tCO2e, 좌표계 WGS84, 환산 계수는 IPCC 가이드라인을 기준으로 명시되어 있습니다.",
            "id": "sample_046_0099_000026",
            "annotations": []
        },
        {
            "sentence": "거래 지연성 및 스트리밍: 가격 민감 항목은 별도 스트리밍 채널로 처리하며, 정적 리포트에는 latency 메타데이터를 명시합니다.",
            "id": "sample_046_0099_000027",
            "annotations": []
        },
        {
            "sentence": "권장 액션 아이템: 1) KYC 민감정보 접근 제한, 2) 레지스트리 교차검증 자동화, 3) MRV 검증주기 단축 및 감시 강화.",
            "id": "sample_046_0099_000028",
            "annotations": []
        },
        {
            "sentence": "담당자 및 연락처는 내부 기록으로 별도 접근제어 하며, 외부 공개 레포트에는 담당자명(예: 임하승)과 역할만 최소한으로 표기합니다.",
            "id": "sample_046_0099_000029",
            "annotations": []
        },
        {
            "sentence": "최종 결론: 본 합성 문서는 환경 무결성, 추적성, 규정 준수를 우선시하여 설계되었으며 실제 운영 전에는 반드시 실데이터와 교차검증해야 합니다.",
            "id": "sample_046_0099_000030",
            "annotations": []
        }
    ]
}