{
    "document_id": "046_0058",
    "document_title": "자발적 탄소시장 VCS 프로젝트 발행·거래·소각 종합보고서 (합성 데이터)",
    "data": [
        {
            "sentence": "본 문서는 자발적 탄소시장(VCS/Verra) 기준 하에 구성된 합성(synthetic) 데이터 세트로, 추적성·불변성·감사가능성 요구를 반영한 샘플 레코드입니다.",
            "id": "sample_046_0058_000001",
            "annotations": []
        },
        {
            "sentence": "'synthetic': true 메타태그가 본 데이터 세트의 모든 관련 레코드에 적용되어 있습니다.",
            "id": "sample_046_0058_000002",
            "annotations": []
        },
        {
            "sentence": "핵심 식별자 및 발행정보 예시로 credit_id: VCS-CR-2023-00012345, project_id: VCS-PJ-2021-00421가 본 문서에 포함됩니다.",
            "id": "sample_046_0058_000003",
            "annotations": []
        },
        {
            "sentence": "레지스트리(registry)는 Verra(VCS)이며 원본 레지스트리 링크 또는 검증 가능한 식별자로 cross-check가 가능하도록 메타데이터를 제공합니다.",
            "id": "sample_046_0058_000004",
            "annotations": []
        },
        {
            "sentence": "credit_type: Avoided Emissions (renewable energy)이며 vintage_year: 2022, quantity_tCO2e: 1250.00 tCO2e, status: issued 로 표기됩니다.",
            "id": "sample_046_0058_000005",
            "annotations": []
        },
        {
            "sentence": "issuer: Verra Registry 발행자 표기가 포함되고 owner: ProjectSPV Ltd. 소유권 메타데이터가 연결되어 있습니다.",
            "id": "sample_046_0058_000006",
            "annotations": []
        },
        {
            "sentence": "issued_date: 2023-11-15T00:00:00Z, retired_date: 2024-06-30T00:00:00Z와 같은 모든 날짜는 ISO 8601(UTC) 형식으로 표기되어 있습니다.",
            "id": "sample_046_0058_000007",
            "annotations": []
        },
        {
            "sentence": "price_usd: 12.50 USD는 거래 시점의 가격 정보로서, 가격 피드는 latency: 120s(지연 120초) 메타데이터와 함께 제공됩니다.",
            "id": "sample_046_0058_000008",
            "annotations": []
        },
        {
            "sentence": "방법론(methodology)은 'VM0001: Renewable Energy Grid Emission Factor'를 사용하였고, 온실가스 계수와 단위는 tCO2e로 명시되었습니다.",
            "id": "sample_046_0058_000009",
            "annotations": []
        },
        {
            "sentence": "검증(verification) 관련으로 verification_statement에는 검증범위(scope): Scope 1·2 배출량 감축, 검증기관: K-Verifier Inc.(등록상태: accredited)가 명시됩니다.",
            "id": "sample_046_0058_000010",
            "annotations": []
        },
        {
            "sentence": "MRV·검증 보고서(monitoring_report)는 발행일 2023-10-30T00:00:00Z와 검증범위(scope)를 포함하며, 검증기관의 인증/등록 상태를 메타데이터로 표기합니다.",
            "id": "sample_046_0058_000011",
            "annotations": []
        },
        {
            "sentence": "프로젝트 문서(project_documentation)는 PDD, MRV 보고서, 추가성(additionality) 근거자료를 포함하고, 원문은 레지스트리 링크 및 내부 감사 로그로 검증 가능해야 합니다.",
            "id": "sample_046_0058_000012",
            "annotations": []
        },
        {
            "sentence": "추가성 증빙(additionality_evidence)은 경제성 분석, 기준 시나리오, 정책 대체성 평가 등을 포함하며 문서 내 참조문헌과 데이터 소스를 명확히 명시합니다.",
            "id": "sample_046_0058_000013",
            "annotations": []
        },
        {
            "sentence": "프로젝트 지리공간 정보는 WGS84 좌표계로 geolocation: Point(127.02758, 37.49794) 형태로 제공되며 경계와 좌표 정확도(좌표계, 해상도)를 표시합니다.",
            "id": "sample_046_0058_000014",
            "annotations": []
        },
        {
            "sentence": "국가(country): KOR, jurisdiction: Republic of Korea (national 법적 관할 표기)로 규정 변경 이력은 별도 로그로 보관합니다.",
            "id": "sample_046_0058_000015",
            "annotations": []
        },
        {
            "sentence": "거래 메타데이터는 transaction_id: TX-20240601-000789, buyer_seller_info: {buyer: 'GreenFund LLC', seller: 'ProjectSPV Ltd.'} 형태로 기록됩니다.",
            "id": "sample_046_0058_000016",
            "annotations": []
        },
        {
            "sentence": "토큰화 연동은 underlying_asset_token: 0xabc123def4567890abcdef1234567890abcdef12 형식으로 디지털 원장에 해시·트랜잭션 참조를 포함합니다.",
            "id": "sample_046_0058_000017",
            "annotations": []
        },
        {
            "sentence": "소각(retirement) 이벤트는 레지스트리 상에서 retired_status와 감사 로그(audit trail)를 통해 불가역적으로 기록되고, 이중 계상 방지를 위한 크로스체크 알고리즘이 적용됩니다.",
            "id": "sample_046_0058_000018",
            "annotations": []
        },
        {
            "sentence": "감사 가능성(provenance)은 발행 근거 문서, 검증서 원본 링크, 거래 트랜잭션 ID 및 블록체인 해시를 포함해 모든 변경 이력을 남깁니다.",
            "id": "sample_046_0058_000019",
            "annotations": []
        },
        {
            "sentence": "데이터 표준화 항목으로 단위는 tCO2e, 좌표계는 WGS84, 온실가스 환산 계수는 IPCC 2019 권고치를 기본으로 사용합니다.",
            "id": "sample_046_0058_000020",
            "annotations": []
        },
        {
            "sentence": "레지스트리 간 상호운용성을 위해 매핑 테이블(mapping table)을 유지하며 레지스트리별 필드 차이를 변환 규칙으로 관리합니다.",
            "id": "sample_046_0058_000021",
            "annotations": []
        },
        {
            "sentence": "KYC/AML 관련 인물 식별 정보는 접근 통제하에 저장되며 문서 내 담당자 표기는 최소화하고 비식별화 또는 해시 처리합니다; 예시로 담당자(비식별화 표기)를 아래에 기재합니다.",
            "id": "sample_046_0058_000022",
            "annotations": []
        },
        {
            "sentence": "데이터 책임자: 우소율 (역할: KYC 담당자, id_hash: sha256:3f79bb7b435b05321651daefd374cd21)으로 내부 기록에 명시됩니다.",
            "id": "sample_046_0058_000023",
            "annotations": [
                {
                    "word": "우소율",
                    "start": 9,
                    "end": 12,
                    "label": "개인정보"
                }
            ]
        },
        {
            "sentence": "검증 리드: 허보명 (역할: Lead Verifier, contact: redacted) 항목은 감사 로그와 KYC 접근 통제를 통해 열람 권한이 관리됩니다.",
            "id": "sample_046_0058_000024",
            "annotations": [
                {
                    "word": "허보명",
                    "start": 7,
                    "end": 10,
                    "label": "개인정보"
                }
            ]
        },
        {
            "sentence": "프로젝트 재무담당: 김주언 (역할: Treasury, 결제 승인 권한은 다중 서명 절차로 보호) 항목이 메타데이터에 포함됩니다.",
            "id": "sample_046_0058_000025",
            "annotations": [
                {
                    "word": "김주언",
                    "start": 11,
                    "end": 14,
                    "label": "개인정보"
                }
            ]
        },
        {
            "sentence": "시스템 기밀 항목 예시로 내부 파일 경로(internal_file_path): /prod/secrets/mrv_report_2023.pdf 와 같은 값은 기밀정보로 분류되고 접근 제한 대상입니다.",
            "id": "sample_046_0058_000026",
            "annotations": [
                {
                    "word": "/prod/secrets/mrv_report_2023.pdf",
                    "start": 44,
                    "end": 77,
                    "label": "기밀정보"
                }
            ]
        },
        {
            "sentence": "인프라 기밀 예시로 서버 IP: 10.8.0.5 는 내부망 주소이며 기밀정보로 분류되어 로그와 접근 이력이 추적됩니다.",
            "id": "sample_046_0058_000027",
            "annotations": [
                {
                    "word": "10.8.0.5",
                    "start": 18,
                    "end": 26,
                    "label": "기밀정보"
                }
            ]
        },
        {
            "sentence": "결론적으로 본 합성 문서는 발행·거래·소각의 전 과정을 추적 가능하게 구성하며, 규제별(jurisdiction) 차이를 메타데이터로 분리해 법적 준수를 보장합니다.",
            "id": "sample_046_0058_000028",
            "annotations": []
        }
    ]
}