﻿word,document,sentence,label
허효진,046_0001,sample_046_0001_000011,개인정보
민태인,046_0001,sample_046_0001_000017,개인정보
mti@buyer.example.com,046_0001,sample_046_0001_000017,개인정보
+82-10-8765-4321,046_0001,sample_046_0001_000017,개인정보
허효진,046_0001,sample_046_0001_000018,개인정보
hho@greenco.example.com,046_0001,sample_046_0001_000018,개인정보
+82-10-1234-5678,046_0001,sample_046_0001_000018,개인정보
허효진,046_0001,sample_046_0001_000024,개인정보
1985,046_0001,sample_046_0001_000024,준식별자
07,046_0001,sample_046_0001_000024,준식별자
15,046_0001,sample_046_0001_000024,준식별자
여성,046_0001,sample_046_0001_000024,준식별자
대한민국,046_0001,sample_046_0001_000024,준식별자
서울특별시,046_0001,sample_046_0001_000024,준식별자
강남구,046_0001,sample_046_0001_000024,준식별자
역삼동,046_0001,sample_046_0001_000024,준식별자
P12345678,046_0001,sample_046_0001_000025,개인정보
KR12-3456-7890-1234,046_0001,sample_046_0001_000026,기밀정보
https://internal.registry.local/secure,046_0001,sample_046_0001_000026,기밀정보
하서웅,046_0001,sample_046_0001_000027,개인정보
류준원,046_0002,sample_046_0002_000006,개인정보
심주율,046_0002,sample_046_0002_000010,개인정보
백세한,046_0002,sample_046_0002_000014,개인정보
홍소유,046_0002,sample_046_0002_000018,개인정보
한별아,046_0003,sample_046_0003_000007,개인정보
hanb.ara@example.com,046_0003,sample_046_0003_000008,개인정보
010-1234-5678,046_0003,sample_046_0003_000009,개인정보
M123456789,046_0003,sample_046_0003_000010,개인정보
EMP-2024-0012,046_0003,sample_046_0003_000011,개인정보
"서울특별시 강남구 테헤란로 100, 12층 1203호",046_0003,sample_046_0003_000012,개인정보
1985-07-12,046_0003,sample_046_0003_000013,준식별자
남,046_0003,sample_046_0003_000013,준식별자
서울특별시,046_0003,sample_046_0003_000013,준식별자
강남구,046_0003,sample_046_0003_000013,준식별자
곽윤채,046_0003,sample_046_0003_000024,개인정보
110-123-456789,046_0003,sample_046_0003_000026,기밀정보
https://internal.corp.local/report/2024,046_0003,sample_046_0003_000027,기밀정보
수익분배 60/40,046_0003,sample_046_0003_000028,기밀정보
공태건,046_0004,sample_046_0004_000016,개인정보
하다인,046_0004,sample_046_0004_000027,개인정보
박성열,046_0004,sample_046_0004_000027,개인정보
허문정,046_0004,sample_046_0004_000027,개인정보
사번: 2024-0056,046_0004,sample_046_0004_000027,개인정보
서울특별시 강남구,046_0004,sample_046_0004_000020,준식별자
https://internal.corp.example/audit/046,046_0004,sample_046_0004_000025,기밀정보
****-****-1234,046_0004,sample_046_0004_000026,기밀정보
공반석,046_0005,sample_046_0005_000006,개인정보
ENC_3f2a9b,046_0005,sample_046_0005_000006,기밀정보
2024-03-15T00:00:00Z,046_0005,sample_046_0005_000007,준식별자
박옥,046_0005,sample_046_0005_000008,개인정보
2023-12-01T00:00:00Z,046_0005,sample_046_0005_000010,준식별자
윤세성,046_0005,sample_046_0005_000012,개인정보
CONF-2024-042,046_0005,sample_046_0005_000014,기밀정보
2025-01-10T00:00:00Z,046_0005,sample_046_0005_000016,준식별자
****5678,046_0005,sample_046_0005_000025,기밀정보
조형철,046_0006,sample_046_0006_000011,개인정보
하동구,046_0006,sample_046_0006_000017,개인정보
010-1234-5678,046_0006,sample_046_0006_000017,개인정보
hadonggu@example.org,046_0006,sample_046_0006_000017,개인정보
1982-01-15,046_0006,sample_046_0006_000018,준식별자
KOR,046_0006,sample_046_0006_000018,준식별자
코리아클린에너지,046_0006,sample_046_0006_000018,준식별자
110-123-456789,046_0006,sample_046_0006_000019,기밀정보
https://internal.corp/secure-docs/MRV-approval,046_0006,sample_046_0006_000020,기밀정보
임원진,046_0006,sample_046_0006_000030,개인정보
이다민,046_0006,sample_046_0006_000030,개인정보
지이솔,046_0007,sample_046_0007_000003,개인정보
010-1234-5678,046_0007,sample_046_0007_000004,개인정보
jisol@example.com,046_0007,sample_046_0007_000005,개인정보
P0001234,046_0007,sample_046_0007_000006,개인정보
서울특별시 강남구,046_0007,sample_046_0007_000007,준식별자
1985-07-12T00:00:00Z,046_0007,sample_046_0007_000008,준식별자
KR00-1234-5678-9012,046_0007,sample_046_0007_000009,기밀정보
TX-20240520-0001,046_0007,sample_046_0007_000010,기밀정보
2024-05-20T12:34:56Z,046_0007,sample_046_0007_000010,준식별자
2024-05-20T00:00:00Z,046_0007,sample_046_0007_000012,준식별자
2025-12-31T00:00:00Z,046_0007,sample_046_0007_000013,준식별자
문해랑,046_0008,sample_046_0008_000005,개인정보
2024-09-15T00:00:00Z,046_0008,sample_046_0008_000006,준식별자
2025-06-30T00:00:00Z,046_0008,sample_046_0008_000007,준식별자
이재훈,046_0008,sample_046_0008_000008,개인정보
project_id: PRJ-RE-2024-77,046_0008,sample_046_0008_000009,일반정보
서울특별시,046_0008,sample_046_0008_000010,준식별자
강남구,046_0008,sample_046_0008_000010,준식별자
송동진,046_0008,sample_046_0008_000012,개인정보
contact@carbonco.example,046_0008,sample_046_0008_000013,개인정보
+82-10-1234-****,046_0008,sample_046_0008_000013,개인정보
계좌번호: 110-123-456789,046_0008,sample_046_0008_000015,기밀정보
192.168.100.5,046_0008,sample_046_0008_000016,기밀정보
전세정,046_0009,sample_046_0009_000022,개인정보
진라엘,046_0009,sample_046_0009_000023,개인정보
조지상,046_0009,sample_046_0009_000024,개인정보
엄건효,046_0009,sample_046_0009_000025,개인정보
황로윤,046_0009,sample_046_0009_000027,개인정보
1985-07-21T00:00:00Z,046_0009,sample_046_0009_000023,준식별자
서울특별시 강남구,046_0009,sample_046_0009_000016,준식별자
/srv/secure/audit/046/0009.log,046_0009,sample_046_0009_000018,기밀정보
ACCT-998877,046_0009,sample_046_0009_000026,기밀정보
윤승연,046_0010,sample_046_0010_000005,개인정보
최주원,046_0010,sample_046_0010_000006,개인정보
남지형,046_0010,sample_046_0010_000007,개인정보
2026-01-08T00:00:00Z,046_0010,sample_046_0010_000002,준식별자
2024-07-01T00:00:00Z,046_0010,sample_046_0010_000010,준식별자
2025-03-15T12:00:00Z,046_0010,sample_046_0010_000011,준식별자
2024-06-20T09:00:00Z,046_0010,sample_046_0010_000014,준식별자
최주원,046_0010,sample_046_0010_000014,개인정보
Seoul,046_0010,sample_046_0010_000015,준식별자
서울특별시,046_0010,sample_046_0010_000016,준식별자
강남구,046_0010,sample_046_0010_000016,준식별자
삼성동,046_0010,sample_046_0010_000016,준식별자
ENC:****1234,046_0010,sample_046_0010_000021,기밀정보
tok_0xABCD_MASkED,046_0010,sample_046_0010_000022,기밀정보
https://internal.corp.local/logs/transaction/789,046_0010,sample_046_0010_000023,기밀정보
원세진,046_0011,sample_046_0011_000013,개인정보
정성운,046_0011,sample_046_0011_000022,개인정보
정일우,046_0011,sample_046_0011_000025,개인정보
1980-05-12,046_0011,sample_046_0011_000022,준식별자
서울특별시,046_0011,sample_046_0011_000016,준식별자
서울특별시,046_0011,sample_046_0011_000023,준식별자
강남구,046_0011,sample_046_0011_000023,준식별자
삼성동,046_0011,sample_046_0011_000023,준식별자
주식회사 녹색에너지,046_0011,sample_046_0011_000008,준식별자
주식회사 녹색에너지,046_0011,sample_046_0011_000018,준식별자
대한민국,046_0011,sample_046_0011_000016,준식별자
ACC-2024-0001,046_0011,sample_046_0011_000024,기밀정보
10.10.10.5,046_0011,sample_046_0011_000024,기밀정보
섹션 5.2,046_0011,sample_046_0011_000024,기밀정보
최보규,046_0012,sample_046_0012_000007,개인정보
진유영,046_0012,sample_046_0012_000016,개인정보
진유영,046_0012,sample_046_0012_000019,개인정보
jinyoung@example.com,046_0012,sample_046_0012_000019,개인정보
010-****-****,046_0012,sample_046_0012_000018,개인정보
서울특별시 강남구 삼성동,046_0012,sample_046_0012_000014,준식별자
그린마켓 LLC,046_0012,sample_046_0012_000016,준식별자
한국그린은행,046_0012,sample_046_0012_000021,준식별자
계좌번호: 123-45-678901,046_0012,sample_046_0012_000021,기밀정보
/srv/mrv/reports/2024/report_046_0012.pdf,046_0012,sample_046_0012_000026,기밀정보
https://internal-registry.local/api/records/PRJ-2024-00046,046_0012,sample_046_0012_000026,기밀정보
KYC-202401,046_0012,sample_046_0012_000016,기밀정보
hash: ea3f5b9c2d4e6f7a...,046_0012,sample_046_0012_000017,기밀정보
임유석,046_0013,sample_046_0013_000008,개인정보
유제원,046_0013,sample_046_0013_000008,개인정보
우태수,046_0013,sample_046_0013_000013,개인정보
송겨레,046_0013,sample_046_0013_000018,개인정보
사번: 20241234,046_0013,sample_046_0013_000026,개인정보
chm@greenenergy.co.kr,046_0013,sample_046_0013_000007,개인정보
1985-07-12,046_0013,sample_046_0013_000008,준식별자
남성,046_0013,sample_046_0013_000008,준식별자
서울특별시 강남구,046_0013,sample_046_0013_000015,준식별자
GreenEnergy Co.,046_0013,sample_046_0013_000007,준식별자
계좌번호: 123-456-7890,046_0013,sample_046_0013_000027,기밀정보
internal_api_key: AKIA-EXAMPLE-000,046_0013,sample_046_0013_000027,기밀정보
VPN 주소: 10.8.0.1,046_0013,sample_046_0013_000027,기밀정보
방동경,046_0014,sample_046_0014_000007,개인정보
사번: 20240007,046_0014,sample_046_0014_000007,개인정보
에코트레이드(주),046_0014,sample_046_0014_000007,준식별자
성원식,046_0014,sample_046_0014_000012,개인정보
https://docs.synthetic.org/projects/PROJ-046-2024-001/mrv.pdf,046_0014,sample_046_0014_000013,기밀정보
서울특별시,046_0014,sample_046_0014_000014,준식별자
중구,046_0014,sample_046_0014_000014,준식별자
명동,046_0014,sample_046_0014_000014,준식별자
대한민국,046_0014,sample_046_0014_000014,준식별자
유성희,046_0014,sample_046_0014_000016,개인정보
KR1234567890,046_0014,sample_046_0014_000023,기밀정보
https://intranet.ecotrade.local/finance,046_0014,sample_046_0014_000024,기밀정보
AUD-046-2024-001,046_0014,sample_046_0014_000029,기밀정보
엄재익,046_0014,sample_046_0014_000030,개인정보
엄호종,046_0015,sample_046_0015_000025,개인정보
000099,046_0015,sample_046_0015_000025,개인정보
홍하경,046_0015,sample_046_0015_000026,개인정보
000201,046_0015,sample_046_0015_000026,개인정보
대한민국,046_0015,sample_046_0015_000016,준식별자
서울특별시,046_0015,sample_046_0015_000016,준식별자
강남구,046_0015,sample_046_0015_000016,준식별자
https://internal.registry.local/rec-0001,046_0015,sample_046_0015_000027,기밀정보
채하영,046_0016,sample_046_0016_000011,개인정보
황주아,046_0016,sample_046_0016_000017,개인정보
GreenCo Ltd.,046_0016,sample_046_0016_000011,준식별자
CarbonBuyer Inc.,046_0016,sample_046_0016_000020,준식별자
경기도,046_0016,sample_046_0016_000013,준식별자
성남시,046_0016,sample_046_0016_000013,준식별자
분당구,046_0016,sample_046_0016_000013,준식별자
1985,046_0016,sample_046_0016_000011,준식별자
07,046_0016,sample_046_0016_000011,준식별자
19,046_0016,sample_046_0016_000011,준식별자
심미우,046_0017,sample_046_0017_000005,개인정보
한강탄소개발(주),046_0017,sample_046_0017_000005,준식별자
여성,046_0017,sample_046_0017_000006,준식별자
1985-04-12,046_0017,sample_046_0017_000006,준식별자
서울특별시,046_0017,sample_046_0017_000006,준식별자
녹색에너지펀드,046_0017,sample_046_0017_000008,준식별자
K-Verifier Co.,046_0017,sample_046_0017_000010,준식별자
123-456-789,046_0017,sample_046_0017_000022,기밀정보
https://internal-ledger.example.com/tx/tx-0001,046_0017,sample_046_0017_000023,기밀정보
10.0.0.5,046_0017,sample_046_0017_000023,기밀정보
안율하,046_0018,sample_046_0018_000005,개인정보
ayulha@example.com,046_0018,sample_046_0018_000005,개인정보
010-1234-5678,046_0018,sample_046_0018_000005,개인정보
서울특별시 강남구 삼성동 123-45,046_0018,sample_046_0018_000005,개인정보
성별: 여자,046_0018,sample_046_0018_000006,준식별자
1985-03-14,046_0018,sample_046_0018_000006,준식별자
프로젝트 매니저,046_0018,sample_046_0018_000006,준식별자
배현승,046_0018,sample_046_0018_000009,개인정보
배현승,046_0018,sample_046_0018_000010,개인정보
P12345678,046_0018,sample_046_0018_000011,개인정보
123-456-789012,046_0018,sample_046_0018_000012,기밀정보
https://internal.corp.local/registry/046,046_0018,sample_046_0018_000013,기밀정보
10.10.10.5,046_0018,sample_046_0018_000013,기밀정보
유호성,046_0018,sample_046_0018_000015,개인정보
유호성,046_0018,sample_046_0018_000017,개인정보
ENC:AbCdEf1234,046_0018,sample_046_0018_000017,기밀정보
방희도,046_0019,sample_046_0019_000004,개인정보
류찬슬,046_0019,sample_046_0019_000005,개인정보
이한슬,046_0019,sample_046_0019_000023,개인정보
1985-07-12,046_0019,sample_046_0019_000023,준식별자
여성,046_0019,sample_046_0019_000023,준식별자
서울특별시 강남구 테헤란로 123-45,046_0019,sample_046_0019_000023,개인정보
ihs_kyc@example.com,046_0019,sample_046_0019_000023,개인정보
+82-10-1234-5678,046_0019,sample_046_0019_000023,개인정보
123-456789-01,046_0019,sample_046_0019_000025,기밀정보
/srv/mrv/private/검증보고서_2025.pdf,046_0019,sample_046_0019_000025,기밀정보
http://internal-registry.local/secure/report.pdf,046_0019,sample_046_0019_000025,기밀정보
박형식,046_0020,sample_046_0020_000006,개인정보
유수완,046_0020,sample_046_0020_000007,개인정보
usuwan@example.com,046_0020,sample_046_0020_000007,개인정보
1985-06-12,046_0020,sample_046_0020_000008,준식별자
남성,046_0020,sample_046_0020_000008,준식별자
서울특별시,046_0020,sample_046_0020_000009,준식별자
마포구,046_0020,sample_046_0020_000009,준식별자
상암동,046_0020,sample_046_0020_000009,준식별자
110-123-456789,046_0020,sample_046_0020_000010,기밀정보
10.0.0.5,046_0020,sample_046_0020_000011,기밀정보
INT-APV-2024-55,046_0020,sample_046_0020_000011,기밀정보
안설아,046_0020,sample_046_0020_000015,개인정보
채홍태,046_0020,sample_046_0020_000025,개인정보
우에스더,046_0020,sample_046_0020_000026,개인정보
010-1234-5678,046_0020,sample_046_0020_000026,개인정보
강윤혜,046_0021,sample_046_0021_000004,개인정보
강윤혜,046_0021,sample_046_0021_000005,개인정보
강윤혜,046_0021,sample_046_0021_000013,개인정보
010-1234-5678,046_0021,sample_046_0021_000005,개인정보
hy.kang@example.com,046_0021,sample_046_0021_000005,개인정보
M1234567,046_0021,sample_046_0021_000005,개인정보
1990,046_0021,sample_046_0021_000005,준식별자
05,046_0021,sample_046_0021_000005,준식별자
12,046_0021,sample_046_0021_000005,준식별자
여성,046_0021,sample_046_0021_000005,준식별자
서울특별시,046_0021,sample_046_0021_000005,준식별자
강남구,046_0021,sample_046_0021_000005,준식별자
삼성동,046_0021,sample_046_0021_000005,준식별자
환경컨설턴트,046_0021,sample_046_0021_000005,준식별자
대한민국,046_0021,sample_046_0021_000005,준식별자
하미리,046_0021,sample_046_0021_000010,개인정보
KR12345678901234567890,046_0021,sample_046_0021_000021,기밀정보
https://internal.registry.corp/api/keys,046_0021,sample_046_0021_000021,기밀정보
CONF-2024-9876,046_0021,sample_046_0021_000021,기밀정보
ENC-AES256-EXAMPLE,046_0021,sample_046_0021_000021,기밀정보
진아로,046_0021,sample_046_0021_000025,개인정보
조종헌,046_0021,sample_046_0021_000026,개인정보
우신비,046_0022,sample_046_0022_000015,개인정보
usinbi@example.com,046_0022,sample_046_0022_000015,개인정보
010-1234-5678,046_0022,sample_046_0022_000015,개인정보
그린에너지코리아,046_0022,sample_046_0022_000005,준식별자
그린에너지코리아,046_0022,sample_046_0022_000013,준식별자
그린에너지코리아,046_0022,sample_046_0022_000015,준식별자
****-****-1234,046_0022,sample_046_0022_000016,기밀정보
차오현,046_0022,sample_046_0022_000027,개인정보
chahohyun@corp.example.com,046_0022,sample_046_0022_000027,개인정보
010-9876-5432,046_0022,sample_046_0022_000027,개인정보
VCS-CR-2024-00012345,046_0023,sample_046_0023_000003,기밀정보
https://registry.verra.org/credits/VCS-CR-2024-00012345,046_0023,sample_046_0023_000005,기밀정보
2024-06-15T00:00:00Z,046_0023,sample_046_0023_000010,일반정보
2025-06-15T00:00:00Z,046_0023,sample_046_0023_000011,일반정보
150000.00 USD,046_0023,sample_046_0023_000012,일반정보
"37.4979,127.0276",046_0023,sample_046_0023_000016,일반정보
서울특별시,046_0023,sample_046_0023_000017,준식별자
강남구,046_0023,sample_046_0023_000017,준식별자
TX-CA-2024-00098765,046_0023,sample_046_0023_000018,기밀정보
KYC_0001,046_0023,sample_046_0023_000019,준식별자
0xAbC1234567890DefABC1234567890dEFaBc12345,046_0023,sample_046_0023_000020,기밀정보
2024-04-01T00:00:00Z,046_0023,sample_046_0023_000022,일반정보
synthetic': true,046_0023,sample_046_0023_000026,일반정보
최상율,046_0023,sample_046_0023_000028,개인정보
송환석,046_0024,sample_046_0024_000020,개인정보
010-1234-5678,046_0024,sample_046_0024_000020,개인정보
songhs@example.com,046_0024,sample_046_0024_000020,개인정보
원재익,046_0024,sample_046_0024_000021,개인정보
사번: 20240012,046_0024,sample_046_0024_000021,개인정보
1985-05-20,046_0024,sample_046_0024_000021,준식별자
성별: 남,046_0024,sample_046_0024_000021,준식별자
손치호,046_0024,sample_046_0024_000022,개인정보
내부 결재선,046_0024,sample_046_0024_000022,기밀정보
서울특별시 종로구 새문안로 1번지 10층,046_0024,sample_046_0024_000018,개인정보
123-456-789012,046_0024,sample_046_0024_000023,기밀정보
https://internal.example.com/reports/abcd,046_0024,sample_046_0024_000023,기밀정보
진하승,046_0025,sample_046_0025_000005,개인정보
조세정,046_0025,sample_046_0025_000010,개인정보
문초아,046_0025,sample_046_0025_000014,개인정보
하윤,046_0025,sample_046_0025_000017,개인정보
류동섭,046_0025,sample_046_0025_000025,개인정보
사번:2025-0099,046_0025,sample_046_0025_000028,개인정보
서울특별시,046_0025,sample_046_0025_000011,준식별자
강남구,046_0025,sample_046_0025_000011,준식별자
에코솔루션즈,046_0025,sample_046_0025_000018,준식별자
남성,046_0025,sample_046_0025_000026,준식별자
1980,046_0025,sample_046_0025_000027,준식별자
11,046_0025,sample_046_0025_000027,준식별자
23,046_0025,sample_046_0025_000027,준식별자
110-9876-54321,046_0025,sample_046_0025_000023,기밀정보
https://internal.registry.local/asset/CR-2025-0001,046_0025,sample_046_0025_000024,기밀정보
나겸서,046_0026,sample_046_0026_000006,개인정보
sha256:3b7f1e4c9a2d4b6f8c0e1d2a3b4c5d6e,046_0026,sample_046_0026_000006,개인정보
임효재,046_0026,sample_046_0026_000012,개인정보
ENC:verifier_2024_a1b2,046_0026,sample_046_0026_000012,기밀정보
Manaus,046_0026,sample_046_0026_000015,준식별자
Amazonas,046_0026,sample_046_0026_000015,준식별자
진윤,046_0026,sample_046_0026_000017,개인정보
010-****-1234,046_0026,sample_046_0026_000017,개인정보
ENC(mail_sha256_5f4d),046_0026,sample_046_0026_000017,개인정보
장은솔,046_0026,sample_046_0026_000023,개인정보
/internal/ops/mrv/PRJ-2024-0007.pdf,046_0026,sample_046_0026_000025,기밀정보
/var/ledger/keys/wallet_01,046_0026,sample_046_0026_000026,기밀정보
keystore_v2.enc,046_0026,sample_046_0026_000026,기밀정보
****-****-0001,046_0026,sample_046_0026_000027,기밀정보
2024-01-15T00:00:00Z,046_0027,sample_046_0027_000006,준식별자
"GreenCarbon Co., Ltd.",046_0027,sample_046_0027_000007,준식별자
서울특별시,046_0027,sample_046_0027_000007,준식별자
강남구,046_0027,sample_046_0027_000007,준식별자
유혜율,046_0027,sample_046_0027_000009,개인정보
yhyule@example.com,046_0027,sample_046_0027_000010,개인정보
010-1234-5678,046_0027,sample_046_0027_000010,개인정보
M12345678,046_0027,sample_046_0027_000011,개인정보
110-123-456789,046_0027,sample_046_0027_000012,기밀정보
https://internal.registry.local/audit/CR-2024-0001,046_0027,sample_046_0027_000013,기밀정보
2023-12-20T00:00:00Z,046_0027,sample_046_0027_000016,준식별자
대한민국,046_0027,sample_046_0027_000021,준식별자
2023-12-20T00:00:00Z,046_0027,sample_046_0027_000024,준식별자
2024-06-30T00:00:00Z,046_0027,sample_046_0027_000025,준식별자
원리준,046_0027,sample_046_0027_000027,개인정보
하준기,046_0028,sample_046_0028_000004,개인정보
사번: 20240017,046_0028,sample_046_0028_000004,개인정보
배빈,046_0028,sample_046_0028_000005,개인정보
+82-10-1234-5678,046_0028,sample_046_0028_000005,개인정보
babin@example.com,046_0028,sample_046_0028_000005,개인정보
정민호,046_0028,sample_046_0028_000006,개인정보
110-123-456789,046_0028,sample_046_0028_000007,기밀정보
sftp://internal.example.org/credits/046_0028,046_0028,sample_046_0028_000008,기밀정보
하준기,046_0028,sample_046_0028_000009,개인정보
1982-05-12T00:00:00Z,046_0028,sample_046_0028_000009,준식별자
서울특별시,046_0028,sample_046_0028_000010,준식별자
종로구,046_0028,sample_046_0028_000010,준식별자
청운효자동,046_0028,sample_046_0028_000010,준식별자
남성,046_0028,sample_046_0028_000011,준식별자
대한민국,046_0028,sample_046_0028_000011,준식별자
프로젝트 매니저,046_0028,sample_046_0028_000011,준식별자
허대겸,046_0028,sample_046_0028_000012,개인정보
M12345678,046_0028,sample_046_0028_000013,개인정보
정민호,046_0028,sample_046_0028_000013,개인정보
tx_2024_000345,046_0028,sample_046_0028_000018,일반정보
지유안,046_0028,sample_046_0028_000019,개인정보
민시하,046_0028,sample_046_0028_000026,개인정보
백영란,046_0028,sample_046_0028_000027,개인정보
허이삭,046_0028,sample_046_0028_000028,개인정보
신현학,046_0029,sample_046_0029_000021,개인정보
shh@carbonco.com,046_0029,sample_046_0029_000021,개인정보
1986-01-01,046_0029,sample_046_0029_000022,준식별자
서울특별시,046_0029,sample_046_0029_000022,준식별자
종로구,046_0029,sample_046_0029_000022,준식별자
세종로 1-1,046_0029,sample_046_0029_000022,개인정보
860101-1******,046_0029,sample_046_0029_000023,개인정보
110-123-456789,046_0029,sample_046_0029_000024,기밀정보
https://internal-registry.company.local,046_0029,sample_046_0029_000025,기밀정보
sk_test_ABCDEF123456,046_0029,sample_046_0029_000025,기밀정보
윤신혁,046_0029,sample_046_0029_000027,개인정보
방승현,046_0030,sample_046_0030_000010,개인정보
+82-10-1234-5678,046_0030,sample_046_0030_000011,개인정보
bangsh@example.com,046_0030,sample_046_0030_000012,개인정보
1980-05-10,046_0030,sample_046_0030_000013,준식별자
서울특별시 강남구 테헤란로 100,046_0030,sample_046_0030_000014,개인정보
110-123456-789,046_0030,sample_046_0030_000015,기밀정보
유성숙,046_0030,sample_046_0030_000018,개인정보
손재범,046_0030,sample_046_0030_000029,개인정보
김철운,046_0031,sample_046_0031_000009,개인정보
2024-05-15T00:00:00Z,046_0031,sample_046_0031_000010,준식별자
2025-01-15T00:00:00Z,046_0031,sample_046_0031_000011,준식별자
2024-06-01T00:00:00Z,046_0031,sample_046_0031_000012,준식별자
2024-05-20T00:00:00Z,046_0031,sample_046_0031_000014,준식별자
"37.5665,126.9780",046_0031,sample_046_0031_000016,준식별자
서울특별시,046_0031,sample_046_0031_000016,준식별자
TXN-VCS-20240601-0001,046_0031,sample_046_0031_000017,기밀정보
방푸름,046_0031,sample_046_0031_000017,개인정보
bangpurum@example.org,046_0031,sample_046_0031_000017,개인정보
2024-04-30T00:00:00Z,046_0031,sample_046_0031_000020,준식별자
문환서,046_0031,sample_046_0031_000021,개인정보
2024-06-01T12:00:00Z,046_0031,sample_046_0031_000022,준식별자
2024-06-15T09:30:00Z,046_0031,sample_046_0031_000022,준식별자
123-456-789,046_0031,sample_046_0031_000027,기밀정보
허라경,046_0032,sample_046_0032_000008,개인정보
구율하,046_0032,sample_046_0032_000014,개인정보
hrk@example.com,046_0032,sample_046_0032_000027,개인정보
123-456-789012,046_0032,sample_046_0032_000025,기밀정보
sftp://10.0.0.5/internal,046_0032,sample_046_0032_000025,기밀정보
1982-07-12T00:00:00Z,046_0032,sample_046_0032_000026,준식별자
서울특별시,046_0032,sample_046_0032_000026,준식별자
강남구,046_0032,sample_046_0032_000026,준식별자
삼성동,046_0032,sample_046_0032_000026,준식별자
대한민국,046_0032,sample_046_0032_000017,준식별자
강여름,046_0033,sample_046_0033_000009,개인정보
성별 여,046_0033,sample_046_0033_000009,준식별자
1985-07-12T00:00:00Z,046_0033,sample_046_0033_000009,준식별자
서울특별시 강남구,046_0033,sample_046_0033_000009,준식별자
민윤겸,046_0033,sample_046_0033_000016,개인정보
123-456789-00,046_0033,sample_046_0033_000024,기밀정보
/srv/registry/audit/secret.log,046_0033,sample_046_0033_000024,기밀정보
문종성,046_0034,sample_046_0034_000020,개인정보
김승언,046_0034,sample_046_0034_000021,개인정보
허윤송,046_0034,sample_046_0034_000021,개인정보
1980-03-22T00:00:00Z,046_0034,sample_046_0034_000022,준식별자
서울특별시 종로구,046_0034,sample_046_0034_000023,준식별자
https://internal.corp.example/secure/contract/PRJ-VCS-045,046_0034,sample_046_0034_000024,기밀정보
ACC-987654321,046_0034,sample_046_0034_000024,기밀정보
10.0.0.5,046_0034,sample_046_0034_000025,기밀정보
/srv/private/mrv/PRJ-VCS-045/report.pdf,046_0034,sample_046_0034_000025,기밀정보
안예완,046_0035,sample_046_0035_000017,개인정보
전영호,046_0035,sample_046_0035_000025,개인정보
남성,046_0035,sample_046_0035_000025,준식별자
KOR,046_0035,sample_046_0035_000025,준식별자
하범규,046_0036,sample_046_0036_000007,개인정보
habum*****@example.com,046_0036,sample_046_0036_000007,개인정보
*************,046_0036,sample_046_0036_000008,개인정보
1985-03-15T00:00:00Z,046_0036,sample_046_0036_000008,준식별자
서울특별시,046_0036,sample_046_0036_000009,준식별자
중구,046_0036,sample_046_0036_000009,준식별자
을지로1가,046_0036,sample_046_0036_000009,준식별자
https://registry.internal/sessions/abcd1234,046_0036,sample_046_0036_000017,기밀정보
****-****-1234,046_0036,sample_046_0036_000017,기밀정보
이나희,046_0036,sample_046_0036_000015,개인정보
심태운,046_0036,sample_046_0036_000028,개인정보
shimtae****@example.com,046_0036,sample_046_0036_000028,개인정보
강우섭,046_0037,sample_046_0037_000005,개인정보
850412-1234567,046_0037,sample_046_0037_000005,개인정보
010-1234-5678,046_0037,sample_046_0037_000005,개인정보
kangws@example.com,046_0037,sample_046_0037_000005,개인정보
차엘리,046_0037,sample_046_0037_000006,개인정보
ceo@verra.example.org,046_0037,sample_046_0037_000006,개인정보
박나리,046_0037,sample_046_0037_000008,개인정보
주연택,046_0037,sample_046_0037_000013,개인정보
jooyt@example.kr,046_0037,sample_046_0037_000013,개인정보
110-123-456789,046_0037,sample_046_0037_000013,기밀정보
KR-55-1234-5678-00,046_0037,sample_046_0037_000022,기밀정보
"서울특별시 강남구 테헤란로 123, 101동 1001호",046_0037,sample_046_0037_000023,개인정보
임민혜,046_0037,sample_046_0037_000024,개인정보
02-02-2345-6789,046_0037,sample_046_0037_000024,개인정보
2024-HR-0003,046_0037,sample_046_0037_000024,개인정보
조현희,046_0038,sample_046_0038_000005,개인정보
+82-10-1234-5678,046_0038,sample_046_0038_000005,개인정보
chohyunhee@example.com,046_0038,sample_046_0038_000005,개인정보
1985-06-15,046_0038,sample_046_0038_000005,준식별자
20234001,046_0038,sample_046_0038_000008,개인정보
서울특별시,046_0038,sample_046_0038_000012,준식별자
KR12-XXXX-XXXX-5678,046_0038,sample_046_0038_000021,기밀정보
https://internal.registry.local/api/verify/CR-000123,046_0038,sample_046_0038_000021,기밀정보
10.0.0.12,046_0038,sample_046_0038_000021,기밀정보
김재림,046_0038,sample_046_0038_000018,개인정보
박병율,046_0039,sample_046_0039_000021,개인정보
bypark@example.com,046_0039,sample_046_0039_000021,개인정보
+82-10-1234-5678,046_0039,sample_046_0039_000021,개인정보
남성,046_0039,sample_046_0039_000022,준식별자
서울특별시 강남구,046_0039,sample_046_0039_000022,준식별자
1980-05-12T00:00:00Z,046_0039,sample_046_0039_000022,준식별자
20231234,046_0039,sample_046_0039_000023,개인정보
110-123-456789,046_0039,sample_046_0039_000024,기밀정보
/srv/secure/mrv/2023/report.pdf,046_0039,sample_046_0039_000025,기밀정보
sk_live_ABCDEF123456,046_0039,sample_046_0039_000026,기밀정보
성시언,046_0040,sample_046_0040_000026,개인정보
1985년,046_0040,sample_046_0040_000026,준식별자
07월,046_0040,sample_046_0040_000026,준식별자
12일,046_0040,sample_046_0040_000026,준식별자
에코코어 에너지,046_0040,sample_046_0040_000009,준식별자
에코코어 에너지,046_0040,sample_046_0040_000026,준식별자
EMP-2024-001,046_0040,sample_046_0040_000026,개인정보
seong.sieun@ecocore.kr,046_0040,sample_046_0040_000027,개인정보
010-1234-5678,046_0040,sample_046_0040_000027,개인정보
https://internal.ecocore.local/audit/12345,046_0040,sample_046_0040_000028,기밀정보
ACC-09-7781,046_0040,sample_046_0040_000028,기밀정보
엄현정,046_0041,sample_046_0041_000006,개인정보
010-1234-5678,046_0041,sample_046_0041_000006,개인정보
user@example.com,046_0041,sample_046_0041_000006,개인정보
허도균,046_0041,sample_046_0041_000007,개인정보
허도균,046_0041,sample_046_0041_000010,개인정보
곽범준,046_0041,sample_046_0041_000015,개인정보
허도균,046_0041,sample_046_0041_000018,개인정보
1980-05-12T00:00:00Z,046_0041,sample_046_0041_000022,준식별자
시: 서울특별시,046_0041,sample_046_0041_000022,준식별자
군/구: 강남구,046_0041,sample_046_0041_000022,준식별자
동: 역삼동,046_0041,sample_046_0041_000022,준식별자
직업=프로젝트 매니저,046_0041,sample_046_0041_000022,준식별자
123-456-789012,046_0041,sample_046_0041_000023,기밀정보
https://internal.example.com/secrets,046_0041,sample_046_0041_000023,기밀정보
AlphaEnergy Ltd.,046_0041,sample_046_0041_000023,기밀정보
성유라,046_0041,sample_046_0041_000029,개인정보
contact@synthetic.example,046_0041,sample_046_0041_000029,개인정보
한보금,046_0041,sample_046_0041_000030,개인정보
고길현,046_0042,sample_046_0042_000011,개인정보
1985-07-12,046_0042,sample_046_0042_000011,준식별자
20230456,046_0042,sample_046_0042_000011,개인정보
+82-10-1234-5678,046_0042,sample_046_0042_000011,개인정보
gokilhyun@example.com,046_0042,sample_046_0042_000011,개인정보
서울특별시,046_0042,sample_046_0042_000012,준식별자
강남구,046_0042,sample_046_0042_000012,준식별자
삼성동,046_0042,sample_046_0042_000012,준식별자
123-45,046_0042,sample_046_0042_000012,개인정보
배영석,046_0042,sample_046_0042_000024,개인정보
123-456-789012,046_0042,sample_046_0042_000025,기밀정보
vault://internal/kyc/2025/ACME,046_0042,sample_046_0042_000026,기밀정보
곽리안,046_0042,sample_046_0042_000027,개인정보
20241234,046_0042,sample_046_0042_000027,개인정보
유규진,046_0043,sample_046_0043_000006,개인정보
ygj@example.com,046_0043,sample_046_0043_000007,개인정보
010-1234-5678,046_0043,sample_046_0043_000008,개인정보
1985-06-12T00:00:00Z,046_0043,sample_046_0043_000009,준식별자
성별: 남,046_0043,sample_046_0043_000009,준식별자
서울특별시 강남구,046_0043,sample_046_0043_000010,준식별자
프로젝트 매니저,046_0043,sample_046_0043_000011,준식별자
110-123456-789,046_0043,sample_046_0043_000012,기밀정보
s3://corp-secure/registry/046_0043/credentials.json,046_0043,sample_046_0043_000013,기밀정보
우나무,046_0043,sample_046_0043_000014,개인정보
오승준,046_0043,sample_046_0043_000019,개인정보
조태빈,046_0044,sample_046_0044_000016,개인정보
그린파이낸스 유한회사,046_0044,sample_046_0044_000016,준식별자
에코트레이드 주식회사,046_0044,sample_046_0044_000017,준식별자
그린에너지 엑셀러레이터,046_0044,sample_046_0044_000017,준식별자
송유진,046_0044,sample_046_0044_000018,개인정보
+82-10-1234-5678,046_0044,sample_046_0044_000018,개인정보
yj.song@example.com,046_0044,sample_046_0044_000018,개인정보
1985-07-15,046_0044,sample_046_0044_000020,준식별자
KR-110-123456-789,046_0044,sample_046_0044_000021,기밀정보
임유지,046_0044,sample_046_0044_000022,개인정보
2024-06-30T00:00:00Z,046_0044,sample_046_0044_000009,준식별자
2025-01-15T00:00:00Z,046_0044,sample_046_0044_000010,준식별자
2024-07-15T09:30:00Z,046_0044,sample_046_0044_000017,준식별자
2024-05-31,046_0044,sample_046_0044_000013,준식별자
2024-06-15T00:00:00Z,046_0044,sample_046_0044_000023,준식별자
"서울특별시 강남구 테헤란로 123, 10층",046_0044,sample_046_0044_000015,개인정보
GreenIssuance Ltd,046_0044,sample_046_0044_000009,준식별자
VeriCheck LLC,046_0044,sample_046_0044_000022,준식별자
임우찬,046_0044,sample_046_0044_000026,개인정보
2024-07-01T14:05:00Z,046_0044,sample_046_0044_000026,준식별자
최소라,046_0045,sample_046_0045_000003,개인정보
채대우,046_0045,sample_046_0045_000004,개인정보
20234567,046_0045,sample_046_0045_000004,개인정보
1985,046_0045,sample_046_0045_000004,준식별자
04,046_0045,sample_046_0045_000004,준식별자
12,046_0045,sample_046_0045_000004,준식별자
남성,046_0045,sample_046_0045_000004,준식별자
+82-10-1234-5678,046_0045,sample_046_0045_000005,개인정보
min-gyeol@example.com,046_0045,sample_046_0045_000005,개인정보
서울특별시,046_0045,sample_046_0045_000006,준식별자
강남구,046_0045,sample_046_0045_000006,준식별자
역삼동,046_0045,sample_046_0045_000006,준식별자
M12345678,046_0045,sample_046_0045_000007,개인정보
110-123-456789,046_0045,sample_046_0045_000008,기밀정보
문중호,046_0045,sample_046_0045_000024,기밀정보
강유현,046_0045,sample_046_0045_000025,개인정보
10.0.0.12,046_0045,sample_046_0045_000027,기밀정보
/internal/contracts/PRJ-2025-0001.docx,046_0045,sample_046_0045_000028,기밀정보
최민결,046_0045,sample_046_0045_000020,개인정보
KYC-2025-0001,046_0045,sample_046_0045_000026,기밀정보
류지오,046_0046,sample_046_0046_000021,개인정보
2024-0001,046_0046,sample_046_0046_000022,개인정보
ryujo@example.com,046_0046,sample_046_0046_000023,개인정보
1980-05-20,046_0046,sample_046_0046_000024,준식별자
서울특별시,046_0046,sample_046_0046_000025,준식별자
종로구,046_0046,sample_046_0046_000025,준식별자
대한민국,046_0046,sample_046_0046_000026,준식별자
KYC_ID_ENC: ENC(a1b2c3),046_0046,sample_046_0046_000027,기밀정보
계좌번호: 110-222-333333,046_0046,sample_046_0046_000028,기밀정보
/secure/internal/mrv/report_v1.pdf,046_0046,sample_046_0046_000029,기밀정보
이도준,046_0046,sample_046_0046_000030,개인정보
2024,046_0047,sample_046_0047_000008,준식별자
05,046_0047,sample_046_0047_000008,준식별자
15,046_0047,sample_046_0047_000008,준식별자
2025,046_0047,sample_046_0047_000009,준식별자
12,046_0047,sample_046_0047_000009,준식별자
31,046_0047,sample_046_0047_000009,준식별자
2024,046_0047,sample_046_0047_000014,준식별자
11,046_0047,sample_046_0047_000014,준식별자
01,046_0047,sample_046_0047_000014,준식별자
황래현,046_0047,sample_046_0047_000011,개인정보
문근아,046_0047,sample_046_0047_000012,개인정보
심리원,046_0047,sample_046_0047_000013,개인정보
진경택,046_0047,sample_046_0047_000020,개인정보
서울특별시,046_0047,sample_046_0047_000018,준식별자
강남구,046_0047,sample_046_0047_000018,준식별자
https://internal.corp.registry.local/api/token,046_0047,sample_046_0047_000025,기밀정보
000-123456-789,046_0047,sample_046_0047_000027,기밀정보
우준엽,046_0048,sample_046_0048_000007,개인정보
고세령,046_0048,sample_046_0048_000011,개인정보
우준엽,046_0048,sample_046_0048_000026,개인정보
ENC(a1b2c3f4),046_0048,sample_046_0048_000026,기밀정보
1985-07-12T00:00:00Z,046_0048,sample_046_0048_000027,준식별자
서울특별시 강남구 역삼동,046_0048,sample_046_0048_000027,준식별자
서울특별시,046_0048,sample_046_0048_000016,준식별자
ENC(a9f8e7d6),046_0048,sample_046_0048_000028,기밀정보
/secure/mrv/2023/REPORT_PROJ0987.pdf,046_0048,sample_046_0048_000029,기밀정보
https://mrv.registry.example/reports/MRV-2023-0987,046_0048,sample_046_0048_000013,기밀정보
심진태,046_0049,sample_046_0049_000005,개인정보
EMP-0049,046_0049,sample_046_0049_000005,개인정보
sim.jintae@example.com,046_0049,sample_046_0049_000005,개인정보
1990-05-21T00:00:00Z,046_0049,sample_046_0049_000005,준식별자
배윤서,046_0049,sample_046_0049_000006,개인정보
서울특별시,046_0049,sample_046_0049_000008,준식별자
강남구,046_0049,sample_046_0049_000008,준식별자
역삼동,046_0049,sample_046_0049_000008,준식별자
110-123-456789,046_0049,sample_046_0049_000010,기밀정보
https://internal.registry.local/records/CR-0001,046_0049,sample_046_0049_000012,기밀정보
남제하,046_0049,sample_046_0049_000021,개인정보
노우림,046_0049,sample_046_0049_000023,개인정보
nam.jh@example.org,046_0049,sample_046_0049_000025,개인정보
DOC-2024-049,046_0049,sample_046_0049_000015,기밀정보
장영희,046_0051,sample_046_0051_000013,개인정보
손노은,046_0051,sample_046_0051_000014,개인정보
최준협,046_0051,sample_046_0051_000022,개인정보
여성,046_0051,sample_046_0051_000023,준식별자
1980,046_0051,sample_046_0051_000023,준식별자
05,046_0051,sample_046_0051_000023,준식별자
12,046_0051,sample_046_0051_000023,준식별자
서울특별시,046_0051,sample_046_0051_000023,준식별자
강남구,046_0051,sample_046_0051_000023,준식별자
역삼동,046_0051,sample_046_0051_000023,준식별자
110-123456-789,046_0051,sample_046_0051_000024,기밀정보
10.10.10.5,046_0051,sample_046_0051_000025,기밀정보
차영훈,046_0054,sample_046_0054_000006,개인정보
원기동,046_0054,sample_046_0054_000011,개인정보
서울특별시,046_0054,sample_046_0054_000014,준식별자
강남구,046_0054,sample_046_0054_000014,준식별자
역삼동,046_0054,sample_046_0054_000014,준식별자
KYC-2024-0005,046_0054,sample_046_0054_000022,기밀정보
000-000000-000,046_0054,sample_046_0054_000023,기밀정보
10.10.10.10,046_0054,sample_046_0054_000023,기밀정보
고경준,046_0054,sample_046_0054_000024,개인정보
전혁,046_0055,sample_046_0055_000019,개인정보
진경진,046_0055,sample_046_0055_000027,개인정보
1985-07-23T00:00:00Z,046_0055,sample_046_0055_000027,준식별자
여성,046_0055,sample_046_0055_000027,준식별자
서울특별시 강남구,046_0055,sample_046_0055_000027,준식별자
****1234,046_0055,sample_046_0055_000028,기밀정보
민준기,046_0056,sample_046_0056_000003,개인정보
ENC_KYC_6f7b9a,046_0056,sample_046_0056_000003,개인정보
하은규,046_0056,sample_046_0056_000005,개인정보
서울특별시,046_0056,sample_046_0056_000008,준식별자
종로구,046_0056,sample_046_0056_000008,준식별자
경기도,046_0056,sample_046_0056_000009,준식별자
성남시,046_0056,sample_046_0056_000009,준식별자
분당구,046_0056,sample_046_0056_000009,준식별자
ENC_PAS_9c2d,046_0056,sample_046_0056_000012,개인정보
류영조,046_0056,sample_046_0056_000016,개인정보
전다훈,046_0056,sample_046_0056_000024,개인정보
전명후,046_0057,sample_046_0057_000006,개인정보
jmh@example.com,046_0057,sample_046_0057_000006,개인정보
+82-10-1234-5678,046_0057,sample_046_0057_000006,개인정보
사번: 20240057,046_0057,sample_046_0057_000006,개인정보
배민현,046_0057,sample_046_0057_000007,개인정보
1980-05-12,046_0057,sample_046_0057_000007,준식별자
GreenCarbon Corp,046_0057,sample_046_0057_000007,준식별자
https://internal-registry.example.local/record/CR-2024-0001,046_0057,sample_046_0057_000004,기밀정보
10.0.0.45,046_0057,sample_046_0057_000018,기밀정보
110-1234-5678,046_0057,sample_046_0057_000019,기밀정보
서울특별시,046_0057,sample_046_0057_000029,준식별자
중구,046_0057,sample_046_0057_000029,준식별자
우소율,046_0058,sample_046_0058_000023,개인정보
허보명,046_0058,sample_046_0058_000024,개인정보
김주언,046_0058,sample_046_0058_000025,개인정보
/prod/secrets/mrv_report_2023.pdf,046_0058,sample_046_0058_000026,기밀정보
10.8.0.5,046_0058,sample_046_0058_000027,기밀정보
손나원,046_0059,sample_046_0059_000008,개인정보
2024-05-15T00:00:00Z,046_0059,sample_046_0059_000009,준식별자
2024-11-30T00:00:00Z,046_0059,sample_046_0059_000009,준식별자
윤도환,046_0059,sample_046_0059_000012,개인정보
2024-05-10T00:00:00Z,046_0059,sample_046_0059_000012,준식별자
2024-04-30T00:00:00Z,046_0059,sample_046_0059_000013,준식별자
서울특별시,046_0059,sample_046_0059_000014,준식별자
종로구,046_0059,sample_046_0059_000014,준식별자
대한민국,046_0059,sample_046_0059_000015,준식별자
s3://corp-internal/audit/046_0059/2024.log,046_0059,sample_046_0059_000023,기밀정보
노하은,046_0059,sample_046_0059_000024,개인정보
김효빈,046_0059,sample_046_0059_000025,개인정보
2024-05-20T00:00:00Z,046_0059,sample_046_0059_000025,준식별자
2024-01-01T00:00:00Z,046_0059,sample_046_0059_000027,준식별자
황차민,046_0060,sample_046_0060_000006,개인정보
800512-1234567,046_0060,sample_046_0060_000006,개인정보
1980,046_0060,sample_046_0060_000006,준식별자
05,046_0060,sample_046_0060_000006,준식별자
12,046_0060,sample_046_0060_000006,준식별자
남,046_0060,sample_046_0060_000006,준식별자
서울특별시,046_0060,sample_046_0060_000006,준식별자
강남구,046_0060,sample_046_0060_000006,준식별자
테헤란로 1,046_0060,sample_046_0060_000006,개인정보
엄유진,046_0060,sample_046_0060_000016,개인정보
민미진,046_0060,sample_046_0060_000016,개인정보
123-456789-01,046_0060,sample_046_0060_000020,기밀정보
BC-9987,046_0060,sample_046_0060_000021,기밀정보
https://internal.corp.example.com/registry/VCS-2024-00012345,046_0060,sample_046_0060_000022,기밀정보
민창민,046_0060,sample_046_0060_000023,개인정보
INT-PROJ-2024-01,046_0061,sample_046_0061_000004,기밀정보
유태후,046_0061,sample_046_0061_000007,개인정보
엄설,046_0061,sample_046_0061_000012,개인정보
서울특별시,046_0061,sample_046_0061_000014,준식별자
강남구,046_0061,sample_046_0061_000014,준식별자
류태랑,046_0061,sample_046_0061_000015,개인정보
고리원,046_0061,sample_046_0061_000015,개인정보
KYC_3fa85f64,046_0061,sample_046_0061_000019,기밀정보
윤영록,046_0061,sample_046_0061_000019,개인정보
EMP-2024-015,046_0061,sample_046_0061_000019,개인정보
1985-07-12,046_0061,sample_046_0061_000019,준식별자
여성,046_0061,sample_046_0061_000019,준식별자
계좌번호: 110-123-456789,046_0061,sample_046_0061_000020,기밀정보
박승주,046_0061,sample_046_0061_000023,개인정보
유태후,046_0061,sample_046_0061_000029,개인정보
조경원,046_0062,sample_046_0062_000004,개인정보
권하성,046_0062,sample_046_0062_000013,개인정보
류서율,046_0062,sample_046_0062_000026,개인정보
ENC:3f2a1b9c5d8e4f7a9b0c2d1e3f4a5b6c,046_0062,sample_046_0062_000006,기밀정보
XXXX-XXXX-XXXX-1234,046_0062,sample_046_0062_000007,기밀정보
서울특별시,046_0062,sample_046_0062_000010,준식별자
마포구,046_0062,sample_046_0062_000010,준식별자
합정동,046_0062,sample_046_0062_000010,준식별자
한나윤,046_0063,sample_046_0063_000010,개인정보
010-1234-5678,046_0063,sample_046_0063_000010,개인정보
1985,046_0063,sample_046_0063_000010,준식별자
07,046_0063,sample_046_0063_000010,준식별자
12,046_0063,sample_046_0063_000010,준식별자
서울특별시,046_0063,sample_046_0063_000010,준식별자
강남구,046_0063,sample_046_0063_000010,준식별자
역삼동,046_0063,sample_046_0063_000010,준식별자
110-220-330000,046_0063,sample_046_0063_000026,기밀정보
https://internal.corp.local/approval/2024-0063,046_0063,sample_046_0063_000027,기밀정보
LOG-2024-000300,046_0063,sample_046_0063_000023,기밀정보
방동은,046_0063,sample_046_0063_000028,개인정보
20240063,046_0063,sample_046_0063_000028,개인정보
이성운,046_0064,sample_046_0064_000005,개인정보
010-1234-5678,046_0064,sample_046_0064_000005,개인정보
leesungwoon@example.com,046_0064,sample_046_0064_000005,개인정보
서울특별시 강남구 테헤란로 12-34,046_0064,sample_046_0064_000005,개인정보
장예율,046_0064,sample_046_0064_000006,개인정보
1985-07-15,046_0064,sample_046_0064_000005,준식별자
여성,046_0064,sample_046_0064_000005,준식별자
서울특별시,046_0064,sample_046_0064_000005,준식별자
강남구,046_0064,sample_046_0064_000005,준식별자
에코그린 주식회사,046_0064,sample_046_0064_000005,준식별자
계좌번호: 110-123-456789,046_0064,sample_046_0064_000010,기밀정보
서버 IP: 10.82.16.5,046_0064,sample_046_0064_000010,기밀정보
C:\internal\audit\2025\log.txt,046_0064,sample_046_0064_000010,기밀정보
비공개 계약 조항,046_0064,sample_046_0064_000026,기밀정보
지나령,046_0064,sample_046_0064_000015,개인정보
원려은,046_0064,sample_046_0064_000023,개인정보
채재경,046_0064,sample_046_0064_000031,개인정보
양성호,046_0064,sample_046_0064_000031,개인정보
방이랑,046_0065,sample_046_0065_000003,개인정보
KYC-0001,046_0065,sample_046_0065_000003,개인정보
+82-10-1234-5678,046_0065,sample_046_0065_000003,개인정보
bangirang@example.com,046_0065,sample_046_0065_000003,개인정보
장은우,046_0065,sample_046_0065_000004,개인정보
ENC:RRN_0x9f3a,046_0065,sample_046_0065_000008,개인정보
신데이빗,046_0065,sample_046_0065_000015,개인정보
VLD-2024-334,046_0065,sample_046_0065_000015,기밀정보
P12345678,046_0065,sample_046_0065_000016,개인정보
000-123456-789,046_0065,sample_046_0065_000017,기밀정보
s3://company-internal/mrv/audit/2024/CRD-VC-2024-00012345.log,046_0065,sample_046_0065_000018,기밀정보
"서울특별시 강남구 테헤란로 10길 5-2, 101호",046_0065,sample_046_0065_000019,개인정보
성채운,046_0065,sample_046_0065_000020,개인정보
송가연,046_0065,sample_046_0065_000020,개인정보
조별,046_0065,sample_046_0065_000020,개인정보
1985-07-14,046_0065,sample_046_0065_000021,준식별자
남성,046_0065,sample_046_0065_000021,준식별자
서울특별시 강남구,046_0065,sample_046_0065_000021,준식별자
2024-00567,046_0065,sample_046_0065_000022,개인정보
심용하,046_0066,sample_046_0066_000007,개인정보
010-1234-5678,046_0066,sample_046_0066_000007,개인정보
syh@greencarbon.example.com,046_0066,sample_046_0066_000007,개인정보
손성재,046_0066,sample_046_0066_000008,개인정보
1985-07-20,046_0066,sample_046_0066_000008,준식별자
남성,046_0066,sample_046_0066_000008,준식별자
서울특별시 강남구 삼성로 123-45,046_0066,sample_046_0066_000009,개인정보
서울특별시,046_0066,sample_046_0066_000009,준식별자
강남구,046_0066,sample_046_0066_000009,준식별자
GreenCarbon Co.,046_0066,sample_046_0066_000006,준식별자
KYC-ENCRYPTED-001,046_0066,sample_046_0066_000006,개인정보
M12345678,046_0066,sample_046_0066_000022,개인정보
****-****-1234,046_0066,sample_046_0066_000023,기밀정보
https://internal.registry.local/api/credentials,046_0066,sample_046_0066_000024,기밀정보
10.0.0.45,046_0066,sample_046_0066_000024,기밀정보
20234567,046_0066,sample_046_0066_000026,개인정보
백도연,046_0066,sample_046_0066_000026,개인정보
탄소솔루션(주),046_0067,sample_046_0067_000011,준식별자
서울특별시,046_0067,sample_046_0067_000013,준식별자
강남구,046_0067,sample_046_0067_000013,준식별자
차서안,046_0067,sample_046_0067_000016,개인정보
ENC:ab12cd34,046_0067,sample_046_0067_000016,개인정보
류건이,046_0067,sample_046_0067_000022,개인정보
ENC:ef56gh78,046_0067,sample_046_0067_000022,개인정보
ENC:734a9f0b8c,046_0067,sample_046_0067_000023,기밀정보
https://internal.carboreg.local/asset/CR-0001,046_0067,sample_046_0067_000024,기밀정보
주무혁,046_0068,sample_046_0068_000005,개인정보
1985-07-20T00:00:00Z,046_0068,sample_046_0068_000005,준식별자
서울특별시,046_0068,sample_046_0068_000005,준식별자
강남구,046_0068,sample_046_0068_000005,준식별자
jmh@example.com,046_0068,sample_046_0068_000005,개인정보
010-1234-5678,046_0068,sample_046_0068_000005,개인정보
한전에너지,046_0068,sample_046_0068_000005,준식별자
문찬이,046_0068,sample_046_0068_000012,개인정보
계좌번호: 000-111-222333,046_0068,sample_046_0068_000020,기밀정보
https://internal.registry.local/api/key,046_0068,sample_046_0068_000021,기밀정보
C:/internal/mrvs/confidential.pdf,046_0068,sample_046_0068_000022,기밀정보
민오현,046_0068,sample_046_0068_000024,개인정보
손조은,046_0069,sample_046_0069_000005,개인정보
오윤석,046_0069,sample_046_0069_000006,개인정보
1985-07-20T00:00:00Z,046_0069,sample_046_0069_000006,준식별자
배민희,046_0069,sample_046_0069_000007,개인정보
010-1234-5678,046_0069,sample_046_0069_000007,개인정보
서울특별시,046_0069,sample_046_0069_000008,준식별자
용산구,046_0069,sample_046_0069_000008,준식별자
오아영,046_0069,sample_046_0069_000014,개인정보
2024-10-15T00:00:00Z,046_0069,sample_046_0069_000009,준식별자
2025-03-30T00:00:00Z,046_0069,sample_046_0069_000010,준식별자
2023-12-31T00:00:00Z,046_0069,sample_046_0069_000015,준식별자
123-456-789012,046_0069,sample_046_0069_000019,기밀정보
10.0.0.5,046_0069,sample_046_0069_000020,기밀정보
TX-20241015-0001,046_0069,sample_046_0069_000016,기밀정보
노세호,046_0070,sample_046_0070_000005,개인정보
noseho@carbonco.kr,046_0070,sample_046_0070_000005,개인정보
+82-10-1234-5678,046_0070,sample_046_0070_000005,개인정보
CarbonCo,046_0070,sample_046_0070_000005,준식별자
1985-07-12,046_0070,sample_046_0070_000006,준식별자
대한민국,046_0070,sample_046_0070_000006,준식별자
서울특별시 종로구 새문안로 60-1,046_0070,sample_046_0070_000007,개인정보
CRD-VCS-2024-00012345,046_0070,sample_046_0070_000009,일반정보
110-123-456789,046_0070,sample_046_0070_000012,기밀정보
https://internal.corp.local/mrv/2024/alpha,046_0070,sample_046_0070_000018,기밀정보
남은경,046_0070,sample_046_0070_000020,개인정보
윤선준,046_0070,sample_046_0070_000021,개인정보
차태리,046_0071,sample_046_0071_000005,개인정보
사번: 20240123,046_0071,sample_046_0071_000005,개인정보
서울특별시,046_0071,sample_046_0071_000007,준식별자
강남구,046_0071,sample_046_0071_000007,준식별자
계좌번호: ****5678,046_0071,sample_046_0071_000010,기밀정보
김이현,046_0071,sample_046_0071_000012,개인정보
2024,046_0071,sample_046_0071_000008,준식별자
03,046_0071,sample_046_0071_000008,준식별자
15,046_0071,sample_046_0071_000008,준식별자
2025,046_0071,sample_046_0071_000009,준식별자
01,046_0071,sample_046_0071_000009,준식별자
12,046_0071,sample_046_0071_000009,준식별자
2024,046_0071,sample_046_0071_000025,준식별자
02,046_0071,sample_046_0071_000025,준식별자
28,046_0071,sample_046_0071_000025,준식별자
심연두,046_0072,sample_046_0072_000006,개인정보
simyundo@example.com,046_0072,sample_046_0072_000006,개인정보
1985,046_0072,sample_046_0072_000007,준식별자
07,046_0072,sample_046_0072_000007,준식별자
12,046_0072,sample_046_0072_000007,준식별자
서울특별시,046_0072,sample_046_0072_000007,준식별자
강남구,046_0072,sample_046_0072_000007,준식별자
삼성동,046_0072,sample_046_0072_000007,준식별자
2023-001,046_0072,sample_046_0072_000008,개인정보
양영훈,046_0072,sample_046_0072_000009,개인정보
KR-110-123-456789,046_0072,sample_046_0072_000014,기밀정보
https://internal-registry.local/path,046_0072,sample_046_0072_000023,기밀정보
윤율,046_0072,sample_046_0072_000024,개인정보
허해빈,046_0073,sample_046_0073_000008,개인정보
사번: 00073,046_0073,sample_046_0073_000009,개인정보
1988-09-15T00:00:00Z,046_0073,sample_046_0073_000009,준식별자
hhebin[at]masked.example.com,046_0073,sample_046_0073_000009,개인정보
010-****-1234,046_0073,sample_046_0073_000009,개인정보
진교연,046_0073,sample_046_0073_000014,개인정보
천나엘,046_0073,sample_046_0073_000020,개인정보
tnael[at]masked.example.com,046_0073,sample_046_0073_000020,개인정보
https://internal.corp.local/audit/tx-0073,046_0073,sample_046_0073_000024,기밀정보
IBAN: KR12-XXXX-XXXX-0001,046_0073,sample_046_0073_000025,기밀정보
윤다원,046_0073,sample_046_0073_000029,개인정보
손지예,046_0074,sample_046_0074_000015,개인정보
+82-10-1234-5678,046_0074,sample_046_0074_000015,개인정보
son.jiye@example.com,046_0074,sample_046_0074_000015,개인정보
111-222-333333,046_0074,sample_046_0074_000022,기밀정보
\\fileserver\\internal\\audit\\2024\\review.docx,046_0074,sample_046_0074_000023,기밀정보
sk_test_abcdef123456,046_0074,sample_046_0074_000023,기밀정보
2024-0456,046_0074,sample_046_0074_000024,개인정보
손건이,046_0074,sample_046_0074_000024,개인정보
서울특별시 강남구 테헤란로 123,046_0074,sample_046_0074_000025,개인정보
서울특별시,046_0074,sample_046_0074_000025,준식별자
강남구,046_0074,sample_046_0074_000025,준식별자
여성,046_0074,sample_046_0074_000026,준식별자
1985-06-15,046_0074,sample_046_0074_000026,준식별자
류재윤,046_0074,sample_046_0074_000029,개인정보
+82-10-9999-8888,046_0074,sample_046_0074_000029,개인정보
류다함,046_0075,sample_046_0075_000006,개인정보
류다함@kyc.example.com,046_0075,sample_046_0075_000007,개인정보
+82-10-1234-5678,046_0075,sample_046_0075_000007,개인정보
1980-05-12,046_0075,sample_046_0075_000007,준식별자
여성,046_0075,sample_046_0075_000007,준식별자
서울특별시,046_0075,sample_046_0075_000008,준식별자
종로구,046_0075,sample_046_0075_000008,준식별자
지서헌,046_0075,sample_046_0075_000014,개인정보
지서헌@verifier.example.org,046_0075,sample_046_0075_000014,개인정보
권아름,046_0075,sample_046_0075_000015,개인정보
우언,046_0075,sample_046_0075_000015,개인정보
ACCT-00012345,046_0075,sample_046_0075_000016,기밀정보
TOKEN-0xABCD1234EF5678,046_0075,sample_046_0075_000017,기밀정보
https://internal.corp.local/audit/046_0075,046_0075,sample_046_0075_000021,기밀정보
https://internal.corp.local/mrv/2024,046_0075,sample_046_0075_000021,기밀정보
EMP-2024-077,046_0075,sample_046_0075_000024,개인정보
권아름,046_0075,sample_046_0075_000024,개인정보
방민환,046_0076,sample_046_0076_000006,개인정보
bang.mh@example.com,046_0076,sample_046_0076_000006,개인정보
010-1234-5678,046_0076,sample_046_0076_000006,개인정보
1982-04-15,046_0076,sample_046_0076_000006,준식별자
서울특별시,046_0076,sample_046_0076_000007,준식별자
마포구,046_0076,sample_046_0076_000007,준식별자
서교동,046_0076,sample_046_0076_000007,준식별자
곽라영,046_0076,sample_046_0076_000009,개인정보
신현제,046_0076,sample_046_0076_000012,개인정보
한규선,046_0076,sample_046_0076_000012,개인정보
INT-ACCT-00987654,046_0076,sample_046_0076_000018,기밀정보
KR12INTL00000098765432,046_0076,sample_046_0076_000019,기밀정보
곽라영,046_0076,sample_046_0076_000023,개인정보
김효우,046_0076,sample_046_0076_000024,개인정보
배영일,046_0076,sample_046_0076_000028,개인정보
PRJ-2024-045,046_0077,sample_046_0077_000003,기밀정보
CRD-00012345-VCS,046_0077,sample_046_0077_000003,기밀정보
CRD-00012345-VCS,046_0077,sample_046_0077_000004,기밀정보
홍주언,046_0077,sample_046_0077_000009,개인정보
20240077,046_0077,sample_046_0077_000009,개인정보
hong.jooeon@example.com,046_0077,sample_046_0077_000009,개인정보
010-1111-2222,046_0077,sample_046_0077_000009,개인정보
1989-05-16,046_0077,sample_046_0077_000009,준식별자
류지헌,046_0077,sample_046_0077_000011,개인정보
TXN-20241001-0009,046_0077,sample_046_0077_000017,기밀정보
홍주언,046_0077,sample_046_0077_000017,개인정보
LOG-9843-XYZ,046_0077,sample_046_0077_000019,기밀정보
KR-110-1234-5678,046_0077,sample_046_0077_000020,기밀정보
서울특별시,046_0077,sample_046_0077_000014,준식별자
강남구,046_0077,sample_046_0077_000014,준식별자
테헤란로 7,046_0077,sample_046_0077_000014,준식별자
PRJ-2024-045,046_0077,sample_046_0077_000013,기밀정보
최민숙,046_0077,sample_046_0077_000022,개인정보
허강욱,046_0077,sample_046_0077_000025,개인정보
백호정,046_0077,sample_046_0077_000026,개인정보
backup@example.com,046_0077,sample_046_0077_000026,개인정보
02-555-0100,046_0077,sample_046_0077_000026,개인정보
https://internal.example.com/agreements/AG-2024-07,046_0077,sample_046_0077_000027,기밀정보
LOG-9843-XYZ,046_0077,sample_046_0077_000019,기밀정보
CRD-00012345-VCS,046_0077,sample_046_0077_000004,기밀정보
PRJ-2024-045,046_0077,sample_046_0077_000003,기밀정보
배정엽,046_0077,sample_046_0077_000028,개인정보
강원희,046_0078,sample_046_0078_000005,개인정보
1985,046_0078,sample_046_0078_000005,준식별자
06,046_0078,sample_046_0078_000005,준식별자
15,046_0078,sample_046_0078_000005,준식별자
서울특별시,046_0078,sample_046_0078_000005,준식별자
강남구,046_0078,sample_046_0078_000005,준식별자
KYC_DOC_ENC: ENC(A1B2C3),046_0078,sample_046_0078_000005,기밀정보
김지혁,046_0078,sample_046_0078_000009,개인정보
kimjh@buyers.example.com,046_0078,sample_046_0078_000010,개인정보
010-1234-5678,046_0078,sample_046_0078_000010,개인정보
EMP-2024-0007,046_0078,sample_046_0078_000010,개인정보
이슬아,046_0078,sample_046_0078_000012,개인정보
123-456-789012,046_0078,sample_046_0078_000023,기밀정보
https://internal.corp.registry.local/admin,046_0078,sample_046_0078_000023,기밀정보
10.0.0.5,046_0078,sample_046_0078_000023,기밀정보
황도완,046_0078,sample_046_0078_000027,개인정보
compliance@registry.example.org,046_0078,sample_046_0078_000028,개인정보
임수종,046_0079,sample_046_0079_000005,개인정보
방민주,046_0079,sample_046_0079_000010,개인정보
공재웅,046_0079,sample_046_0079_000015,개인정보
NL12BANK0001234567,046_0079,sample_046_0079_000008,기밀정보
https://internal.example.com/audit/logs/ret-20240101,046_0079,sample_046_0079_000009,기밀정보
KYC-ENC-0001,046_0079,sample_046_0079_000011,기밀정보
박동해,046_0080,sample_046_0080_000016,개인정보
ENC_KYC_0001,046_0080,sample_046_0080_000016,개인정보
1980-05-20,046_0080,sample_046_0080_000016,준식별자
신서빈,046_0080,sample_046_0080_000019,개인정보
ENC_KYC_0002,046_0080,sample_046_0080_000019,개인정보
성정인,046_0080,sample_046_0080_000030,개인정보
ENC_REVIEW_09A,046_0080,sample_046_0080_000030,개인정보
2024-07-15T00:00:00Z,046_0080,sample_046_0080_000007,준식별자
2025-02-10T00:00:00Z,046_0080,sample_046_0080_000008,준식별자
2024-06-30T00:00:00Z,046_0080,sample_046_0080_000013,준식별자
2025-01-02T12:00:00Z,046_0080,sample_046_0080_000024,준식별자
서울특별시,046_0080,sample_046_0080_000015,준식별자
이은유,046_0081,sample_046_0081_000006,개인정보
eunyoo@example.com,046_0081,sample_046_0081_000007,개인정보
010-1234-5678,046_0081,sample_046_0081_000008,개인정보
서울특별시 강남구 테헤란로 123-45,046_0081,sample_046_0081_000009,개인정보
1980-06-15,046_0081,sample_046_0081_000010,준식별자
계좌번호: 123-456-789012,046_0081,sample_046_0081_000012,기밀정보
https://internal.corp/secret,046_0081,sample_046_0081_000013,기밀정보
10.0.0.42,046_0081,sample_046_0081_000014,기밀정보
구명근,046_0082,sample_046_0082_000019,개인정보
gmgeun@example.com,046_0082,sample_046_0082_000019,개인정보
010-1234-5678,046_0082,sample_046_0082_000019,개인정보
서울특별시,046_0082,sample_046_0082_000020,준식별자
서초구,046_0082,sample_046_0082_000020,준식별자
반포동,046_0082,sample_046_0082_000020,준식별자
1985-06-15,046_0082,sample_046_0082_000021,준식별자
대한민국,046_0082,sample_046_0082_000021,준식별자
111-222-333333,046_0082,sample_046_0082_000023,기밀정보
FIN-COMM-2024-09,046_0082,sample_046_0082_000023,기밀정보
주리희,046_0083,sample_046_0083_000011,개인정보
서울특별시 중구,046_0083,sample_046_0083_000012,준식별자
신민설,046_0083,sample_046_0083_000013,개인정보
TXN-20240115-0001,046_0083,sample_046_0083_000014,일반정보
USD 12.50,046_0083,sample_046_0083_000015,일반정보
엄한음,046_0083,sample_046_0083_000016,개인정보
1980-01-01T00:00:00Z,046_0083,sample_046_0083_000022,준식별자
계좌번호: ****1234,046_0083,sample_046_0083_000023,기밀정보
s3://internal-audit/046_0083.log,046_0083,sample_046_0083_000024,기밀정보
신민설,046_0083,sample_046_0083_000022,개인정보
이효준,046_0084,sample_046_0084_000007,개인정보
사번: 2024-0001,046_0084,sample_046_0084_000007,개인정보
생년월일: 1980-05-12,046_0084,sample_046_0084_000007,준식별자
lee.hj@example.org,046_0084,sample_046_0084_000007,개인정보
+82-10-1234-5678,046_0084,sample_046_0084_000007,개인정보
서울특별시 종로구 세종로 1-1,046_0084,sample_046_0084_000008,개인정보
종로구,046_0084,sample_046_0084_000009,준식별자
대한민국,046_0084,sample_046_0084_000010,준식별자
프로젝트 매니저,046_0084,sample_046_0084_000011,준식별자
110-123-456789,046_0084,sample_046_0084_000012,기밀정보
https://internal-registry.company.local/records/abc123,046_0084,sample_046_0084_000013,기밀정보
에너지솔루션즈(내부협약),046_0084,sample_046_0084_000014,기밀정보
강은하,046_0085,sample_046_0085_000019,개인정보
20240045,046_0085,sample_046_0085_000019,개인정보
hana.kang@example.com,046_0085,sample_046_0085_000020,개인정보
010-5555-1212,046_0085,sample_046_0085_000020,개인정보
서울특별시 강남구 삼성1동 123-45,046_0085,sample_046_0085_000021,개인정보
1985-06-15,046_0085,sample_046_0085_000022,준식별자
GreenCarbon Inc.,046_0085,sample_046_0085_000006,준식별자
CarbonBuyer Co.,046_0085,sample_046_0085_000015,준식별자
GreenCarbon Inc.,046_0085,sample_046_0085_000015,준식별자
https://internal.greencarbon.local/mrv/PRJ-2024-00085/report.pdf,046_0085,sample_046_0085_000024,기밀정보
123-456789-01,046_0085,sample_046_0085_000025,기밀정보
KYC_TOKEN: ENC(eyJraWQiOiJhYmMi...),046_0085,sample_046_0085_000026,기밀정보
강수비,046_0086,sample_046_0086_000009,개인정보
류연수,046_0086,sample_046_0086_000021,개인정보
대한민국,046_0086,sample_046_0086_000018,준식별자
서울특별시,046_0086,sample_046_0086_000019,준식별자
강남구,046_0086,sample_046_0086_000019,준식별자
계좌번호: XXXX-XXXX-1234,046_0086,sample_046_0086_000028,기밀정보
구미교,046_0087,sample_046_0087_000003,개인정보
우로윤,046_0087,sample_046_0087_000005,개인정보
1985-06-12,046_0087,sample_046_0087_000005,준식별자
서울특별시,046_0087,sample_046_0087_000005,준식별자
강남구,046_0087,sample_046_0087_000005,준식별자
110-123-789012,046_0087,sample_046_0087_000010,기밀정보
s3://private-audit/046_0087/audit.log,046_0087,sample_046_0087_000012,기밀정보
우헌,046_0087,sample_046_0087_000026,개인정보
진윤기,046_0088,sample_046_0088_000007,개인정보
오다미,046_0088,sample_046_0088_000009,개인정보
조명준,046_0088,sample_046_0088_000022,개인정보
조명준,046_0088,sample_046_0088_000022,기밀정보
1980,046_0088,sample_046_0088_000020,준식별자
05,046_0088,sample_046_0088_000020,준식별자
12,046_0088,sample_046_0088_000020,준식별자
010-1234-5678,046_0088,sample_046_0088_000020,개인정보
서울특별시 강남구 테헤란로 123,046_0088,sample_046_0088_000021,개인정보
서울특별시,046_0088,sample_046_0088_000021,준식별자
강남구,046_0088,sample_046_0088_000021,준식별자
****-****-7890,046_0088,sample_046_0088_000023,기밀정보
10.10.10.5,046_0088,sample_046_0088_000023,기밀정보
백시은,046_0089,sample_046_0089_000026,개인정보
곽수빈,046_0089,sample_046_0089_000027,개인정보
조두원,046_0089,sample_046_0089_000028,개인정보
곽철영,046_0089,sample_046_0089_000028,개인정보
서울특별시,046_0089,sample_046_0089_000019,준식별자
강남구,046_0089,sample_046_0089_000019,준식별자
부산광역시,046_0089,sample_046_0089_000029,준식별자
해운대구,046_0089,sample_046_0089_000029,준식별자
윤시아,046_0090,sample_046_0090_000026,개인정보
공라엘,046_0090,sample_046_0090_000031,개인정보
차찬욱,046_0090,sample_046_0090_000017,개인정보
송혁수,046_0091,sample_046_0091_000008,개인정보
문치영,046_0091,sample_046_0091_000009,개인정보
S-00045,046_0091,sample_046_0091_000009,개인정보
shsong@example.com,046_0091,sample_046_0091_000010,개인정보
010-1234-5678,046_0091,sample_046_0091_000010,개인정보
M12345678,046_0091,sample_046_0091_000011,개인정보
1980-05-12T00:00:00Z,046_0091,sample_046_0091_000011,준식별자
서울특별시,046_0091,sample_046_0091_000012,준식별자
강남구,046_0091,sample_046_0091_000012,준식별자
123-456-789012,046_0091,sample_046_0091_000011,기밀정보
전여원,046_0091,sample_046_0091_000019,개인정보
오수리,046_0092,sample_046_0092_000016,개인정보
허민교,046_0092,sample_046_0092_000014,개인정보
민예준,046_0092,sample_046_0092_000014,개인정보
오아빈,046_0092,sample_046_0092_000027,개인정보
2024-01-15T00:00:00Z,046_0092,sample_046_0092_000005,준식별자
2025-06-30T23:59:59Z,046_0092,sample_046_0092_000007,준식별자
2023-11-20T09:30:00Z,046_0092,sample_046_0092_000010,준식별자
2023-08-15T10:00:00Z,046_0092,sample_046_0092_000016,준식별자
2024-02-01T15:45:12Z,046_0092,sample_046_0092_000014,준식별자
2022-01-01T00:00:00Z,046_0092,sample_046_0092_000019,준식별자
2022-12-31T23:59:59Z,046_0092,sample_046_0092_000019,준식별자
서울특별시,046_0092,sample_046_0092_000018,준식별자
종로구,046_0092,sample_046_0092_000018,준식별자
KYC_ID: ENC:0f4a1b2c3d4e5f6a7b8c9d0e,046_0092,sample_046_0092_000017,기밀정보
내부 결재선: 승인자 오수리,046_0092,sample_046_0092_000016,기밀정보
audit_tx: TX-AUD-20240102-0001,046_0092,sample_046_0092_000028,기밀정보
정주원,046_0093,sample_046_0093_000008,개인정보
허주상,046_0093,sample_046_0093_000017,개인정보
채윤혁,046_0093,sample_046_0093_000019,개인정보
장재록,046_0093,sample_046_0093_000019,개인정보
심리나,046_0093,sample_046_0093_000023,개인정보
서울특별시,046_0093,sample_046_0093_000014,준식별자
강남구,046_0093,sample_046_0093_000014,준식별자
1985-07-20T00:00:00Z,046_0093,sample_046_0093_000023,준식별자
우태복,046_0094,sample_046_0094_000016,개인정보
1980-01-01,046_0094,sample_046_0094_000016,준식별자
남성,046_0094,sample_046_0094_000016,준식별자
010-1234-5678,046_0094,sample_046_0094_000016,개인정보
wtb@example.net,046_0094,sample_046_0094_000016,개인정보
서울특별시 강남구 논현로 100-5,046_0094,sample_046_0094_000016,개인정보
800101-1******,046_0094,sample_046_0094_000016,개인정보
123-456-789012,046_0094,sample_046_0094_000016,기밀정보
신해온,046_0094,sample_046_0094_000024,개인정보
강시훈,046_0094,sample_046_0094_000027,개인정보
나시온,046_0094,sample_046_0094_000028,개인정보
원민슬,046_0094,sample_046_0094_000028,개인정보
오성찬,046_0095,sample_046_0095_000005,개인정보
사번: 2024-0057,046_0095,sample_046_0095_000006,개인정보
1985-06-15T00:00:00Z,046_0095,sample_046_0095_000006,준식별자
김서이,046_0095,sample_046_0095_000012,개인정보
/internal/mrv/2024/report_v3.pdf,046_0095,sample_046_0095_000013,기밀정보
박상효,046_0095,sample_046_0095_000016,개인정보
registry_api_key: *****,046_0095,sample_046_0095_000023,기밀정보
계좌번호: ER-REDACTED-0001,046_0095,sample_046_0095_000024,기밀정보
서울특별시 종로구,046_0095,sample_046_0095_000025,준식별자
구보정,046_0095,sample_046_0095_000026,개인정보
양현서,046_0095,sample_046_0095_000026,개인정보
곽화영,046_0096,sample_046_0096_000004,개인정보
최경선,046_0096,sample_046_0096_000005,개인정보
1980-05-12,046_0096,sample_046_0096_000006,준식별자
서울특별시,046_0096,sample_046_0096_000007,준식별자
강남구,046_0096,sample_046_0096_000007,준식별자
123-456789-01,046_0096,sample_046_0096_000008,기밀정보
010-1234-5678,046_0096,sample_046_0096_000009,개인정보
800512-1******,046_0096,sample_046_0096_000010,개인정보
10.10.10.23,046_0096,sample_046_0096_000011,기밀정보
https://internal.corp.local/proc/approval,046_0096,sample_046_0096_000012,기밀정보
GreenCarbon Ltd.,046_0096,sample_046_0096_000026,준식별자
프로젝트 매니저,046_0096,sample_046_0096_000027,준식별자
조로건,046_0096,sample_046_0096_000028,개인정보
2026-01-08T00:00:00Z,046_0097,sample_046_0097_000002,준식별자
문세정,046_0097,sample_046_0097_000007,개인정보
1985-07-23,046_0097,sample_046_0097_000007,준식별자
2024-01-01T00:00:00Z,046_0097,sample_046_0097_000010,준식별자
2024-12-31T23:59:59Z,046_0097,sample_046_0097_000010,준식별자
성창식,046_0097,sample_046_0097_000012,개인정보
2025-11-15T10:30:00Z,046_0097,sample_046_0097_000012,준식별자
서울특별시 강남구,046_0097,sample_046_0097_000015,준식별자
2024-06-01T12:00:00Z,046_0097,sample_046_0097_000016,준식별자
2025-12-31T00:00:00Z,046_0097,sample_046_0097_000016,준식별자
2025-12-31T00:00:00Z,046_0097,sample_046_0097_000017,준식별자
2025-01-30T09:00:00Z,046_0097,sample_046_0097_000022,준식별자
문세정,046_0097,sample_046_0097_000023,개인정보
2025-06-01T15:45:00Z,046_0097,sample_046_0097_000023,준식별자
1234,046_0097,sample_046_0097_000024,기밀정보
류휘,046_0098,sample_046_0098_000003,개인정보
010-1234-5678,046_0098,sample_046_0098_000003,개인정보
ryu.hui@example.com,046_0098,sample_046_0098_000003,개인정보
서울특별시,046_0098,sample_046_0098_000003,준식별자
강남구,046_0098,sample_046_0098_000003,준식별자
한금조,046_0098,sample_046_0098_000010,개인정보
VA-2023-88,046_0098,sample_046_0098_000010,개인정보
구미희,046_0098,sample_046_0098_000013,개인정보
KYC-2024-0001,046_0098,sample_046_0098_000013,개인정보
gumihee@example.org,046_0098,sample_046_0098_000013,개인정보
계좌번호:123-456789-01,046_0098,sample_046_0098_000014,기밀정보
/internal/mrv/2024/PRJ-046-1001/report.pdf,046_0098,sample_046_0098_000017,기밀정보
구미희,046_0098,sample_046_0098_000018,개인정보
2024-88,046_0098,sample_046_0098_000018,개인정보
최범근,046_0098,sample_046_0098_000022,개인정보
채용후,046_0098,sample_046_0098_000027,개인정보
임하승,046_0099,sample_046_0099_000010,개인정보
조초원,046_0099,sample_046_0099_000011,개인정보
"서울특별시, 강남구",046_0099,sample_046_0099_000017,준식별자
2024-11-15T00:00:00Z,046_0099,sample_046_0099_000005,준식별자
2025-12-31T00:00:00Z,046_0099,sample_046_0099_000005,준식별자
2024-10-01T00:00:00Z,046_0099,sample_046_0099_000013,준식별자
계좌번호=KR123-456789-0000,046_0099,sample_046_0099_000023,기밀정보
/secure/internal/contracts/PRJ-VCS-2024-0099.pdf,046_0099,sample_046_0099_000023,기밀정보
문성숙,046_0100,sample_046_0100_000006,개인정보
원태림,046_0100,sample_046_0100_000028,개인정보
1980-05-12,046_0100,sample_046_0100_000031,준식별자
KYC_encrypted: ENC(AES-256):b64:Q2FyYm9uS0lZQmxvYjEyMzQ1,046_0100,sample_046_0100_000018,기밀정보
계좌번호: 110-123456-789,046_0100,sample_046_0100_000026,기밀정보
법인등록번호 880-12-34567,046_0100,sample_046_0100_000027,기밀정보
