{
    "document_id": "012_0007",
    "document_title": "스마트미터 기반 월간 검침 및 설비 점검 보고서",
    "data": [
        {
            "sentence": "본 검침 보고서는 스마트 미터를 기반으로 전력 소비 패턴을 분석한 정밀 시뮬레이션 결과를 포함합니다.",
            "id": "sample_012_0007_000001",
            "annotations": []
        },
        {
            "sentence": "문서 구성은 검침 보고서, 요금 고지서, 및 설비 점검표로 이루어져 있습니다.",
            "id": "sample_012_0007_000002",
            "annotations": []
        },
        {
            "sentence": "검침 주기는 월간으로 설정되어 있으며 사용량은 kWh 단위로 일관되게 기록됩니다.",
            "id": "sample_012_0007_000003",
            "annotations": []
        },
        {
            "sentence": "검침 기준 일자는 2025년 11월 01일로 고정되어 월간 비교를 수행합니다.",
            "id": "sample_012_0007_000004",
            "annotations": [
                {
                    "word": "2025년",
                    "start": 10,
                    "end": 15,
                    "label": "준식별자"
                },
                {
                    "word": "11월",
                    "start": 16,
                    "end": 19,
                    "label": "준식별자"
                },
                {
                    "word": "01일",
                    "start": 20,
                    "end": 23,
                    "label": "준식별자"
                }
            ]
        },
        {
            "sentence": "고객 정보: 고객명 심중원, 연락처 010-1234-5678, 이메일 sjw@example.com.",
            "id": "sample_012_0007_000005",
            "annotations": [
                {
                    "word": "심중원",
                    "start": 11,
                    "end": 14,
                    "label": "개인정보"
                },
                {
                    "word": "010-1234-5678",
                    "start": 20,
                    "end": 33,
                    "label": "개인정보"
                },
                {
                    "word": "sjw@example.com",
                    "start": 39,
                    "end": 54,
                    "label": "개인정보"
                }
            ]
        },
        {
            "sentence": "주소: 서울특별시 강남구 역삼동 123-45번지 101호에 등록된 계약 건입니다.",
            "id": "sample_012_0007_000006",
            "annotations": [
                {
                    "word": "서울특별시 강남구 역삼동 123-45번지 101호",
                    "start": 4,
                    "end": 31,
                    "label": "개인정보"
                },
                {
                    "word": "서울특별시",
                    "start": 4,
                    "end": 9,
                    "label": "준식별자"
                },
                {
                    "word": "강남구",
                    "start": 10,
                    "end": 13,
                    "label": "준식별자"
                },
                {
                    "word": "역삼동",
                    "start": 14,
                    "end": 17,
                    "label": "준식별자"
                }
            ]
        },
        {
            "sentence": "계약정보: 계약종류 주택용(저압), 계약전력 3kW, 고객번호 20251234로 시스템에 등록되어 있습니다.",
            "id": "sample_012_0007_000007",
            "annotations": [
                {
                    "word": "20251234",
                    "start": 35,
                    "end": 43,
                    "label": "개인정보"
                }
            ]
        },
        {
            "sentence": "검침 데이터 범위는 2025년 10월 01일부터 2025년 11월 01일까지이며 총 사용량은 345.7 kWh입니다.",
            "id": "sample_012_0007_000008",
            "annotations": [
                {
                    "word": "2025년",
                    "start": 11,
                    "end": 16,
                    "label": "준식별자"
                },
                {
                    "word": "2025년",
                    "start": 27,
                    "end": 32,
                    "label": "준식별자"
                },
                {
                    "word": "10월",
                    "start": 17,
                    "end": 20,
                    "label": "준식별자"
                },
                {
                    "word": "01일",
                    "start": 21,
                    "end": 24,
                    "label": "준식별자"
                },
                {
                    "word": "01일",
                    "start": 37,
                    "end": 40,
                    "label": "준식별자"
                },
                {
                    "word": "11월",
                    "start": 33,
                    "end": 36,
                    "label": "준식별자"
                }
            ]
        },
        {
            "sentence": "월간 사용량: 2025년 10월 345.7 kWh, 2025년 11월 412.3 kWh로 증가 추세입니다.",
            "id": "sample_012_0007_000009",
            "annotations": [
                {
                    "word": "2025년",
                    "start": 8,
                    "end": 13,
                    "label": "준식별자"
                },
                {
                    "word": "2025년",
                    "start": 29,
                    "end": 34,
                    "label": "준식별자"
                },
                {
                    "word": "10월",
                    "start": 14,
                    "end": 17,
                    "label": "준식별자"
                },
                {
                    "word": "11월",
                    "start": 35,
                    "end": 38,
                    "label": "준식별자"
                }
            ]
        },
        {
            "sentence": "검침 메터 정보: 미터번호 MTR-00987654, 시리얼 9876-54321을 장비 레지스트리에 기록했습니다.",
            "id": "sample_012_0007_000010",
            "annotations": [
                {
                    "word": "MTR-00987654",
                    "start": 15,
                    "end": 27,
                    "label": "기밀정보"
                },
                {
                    "word": "9876-54321",
                    "start": 33,
                    "end": 43,
                    "label": "기밀정보"
                }
            ]
        },
        {
            "sentence": "요금 산출 근거는 기본요금, 누진세율, 연료비 조정비 및 세금을 포함합니다.",
            "id": "sample_012_0007_000011",
            "annotations": []
        },
        {
            "sentence": "11월 요금 고지 요약: 청구기간 2025년 10월 01일~2025년 10월 31일, 사용량 412.3 kWh, 청구금액 78,320원입니다.",
            "id": "sample_012_0007_000012",
            "annotations": [
                {
                    "word": "2025년",
                    "start": 19,
                    "end": 24,
                    "label": "준식별자"
                },
                {
                    "word": "2025년",
                    "start": 33,
                    "end": 38,
                    "label": "준식별자"
                },
                {
                    "word": "10월",
                    "start": 25,
                    "end": 28,
                    "label": "준식별자"
                },
                {
                    "word": "10월",
                    "start": 39,
                    "end": 42,
                    "label": "준식별자"
                },
                {
                    "word": "01일",
                    "start": 29,
                    "end": 32,
                    "label": "준식별자"
                },
                {
                    "word": "31일",
                    "start": 43,
                    "end": 46,
                    "label": "준식별자"
                }
            ]
        },
        {
            "sentence": "청구서 수납처: 서울특별시 강남구 테헤란로 200, 담당자 유승주로 송부합니다.",
            "id": "sample_012_0007_000013",
            "annotations": [
                {
                    "word": "서울특별시",
                    "start": 9,
                    "end": 14,
                    "label": "준식별자"
                },
                {
                    "word": "강남구",
                    "start": 15,
                    "end": 18,
                    "label": "준식별자"
                },
                {
                    "word": "유승주",
                    "start": 33,
                    "end": 36,
                    "label": "개인정보"
                }
            ]
        },
        {
            "sentence": "납부 정보: 은행계좌 345-678901-01-234, 예금주 한국전력공사(법인계좌)입니다.",
            "id": "sample_012_0007_000014",
            "annotations": [
                {
                    "word": "345-678901-01-234",
                    "start": 12,
                    "end": 29,
                    "label": "기밀정보"
                }
            ]
        },
        {
            "sentence": "연체 및 분할 납부 안내는 내부 정책에 따라 최대 3%의 지연이자가 적용됩니다.",
            "id": "sample_012_0007_000015",
            "annotations": []
        },
        {
            "sentence": "설비 점검표: 점검일 2025년 11월 02일, 점검담당자 황이수, 주요 항목은 접지저항과 누설전류입니다.",
            "id": "sample_012_0007_000016",
            "annotations": [
                {
                    "word": "2025년",
                    "start": 12,
                    "end": 17,
                    "label": "준식별자"
                },
                {
                    "word": "11월",
                    "start": 18,
                    "end": 21,
                    "label": "준식별자"
                },
                {
                    "word": "02일",
                    "start": 22,
                    "end": 25,
                    "label": "준식별자"
                },
                {
                    "word": "황이수",
                    "start": 33,
                    "end": 36,
                    "label": "개인정보"
                }
            ]
        },
        {
            "sentence": "설비 결과 요약: 접지저항 0.35Ω, 누설전류 평균 1.2mA, 변압기 표면 온도 최대 62°C입니다.",
            "id": "sample_012_0007_000017",
            "annotations": []
        },
        {
            "sentence": "권고 조치로 변압기 주변 통풍 개선 및 절연 상태 추가 점검을 권고합니다.",
            "id": "sample_012_0007_000018",
            "annotations": []
        },
        {
            "sentence": "내부 결재선: 작성자 신혜서, 검토자 류성헌, 승인자 원찬휘가 결재하였습니다.",
            "id": "sample_012_0007_000019",
            "annotations": [
                {
                    "word": "신혜서",
                    "start": 12,
                    "end": 15,
                    "label": "개인정보"
                },
                {
                    "word": "류성헌",
                    "start": 21,
                    "end": 24,
                    "label": "개인정보"
                },
                {
                    "word": "원찬휘",
                    "start": 30,
                    "end": 33,
                    "label": "개인정보"
                }
            ]
        },
        {
            "sentence": "시스템 로그 및 접근 정보: 내부서버 IP 10.0.4.12, 접속계정 admin_sg은 보안상 제한 정보입니다.",
            "id": "sample_012_0007_000020",
            "annotations": [
                {
                    "word": "10.0.4.12",
                    "start": 24,
                    "end": 33,
                    "label": "기밀정보"
                },
                {
                    "word": "admin_sg",
                    "start": 40,
                    "end": 48,
                    "label": "기밀정보"
                }
            ]
        },
        {
            "sentence": "데이터 무결성은 TLS 전송 및 HMAC-SHA256 검증으로 확인하였으며 로그 해시를 보관합니다.",
            "id": "sample_012_0007_000021",
            "annotations": []
        },
        {
            "sentence": "비상 연락망: 유지보수팀 연락처 02-555-0101, 담당자 심민영으로 연결됩니다.",
            "id": "sample_012_0007_000022",
            "annotations": [
                {
                    "word": "02-555-0101",
                    "start": 18,
                    "end": 29,
                    "label": "개인정보"
                },
                {
                    "word": "심민영",
                    "start": 35,
                    "end": 38,
                    "label": "개인정보"
                }
            ]
        },
        {
            "sentence": "에너지 절감 권장안으로 시간대별 수요응답 프로그램 참여 및 부하분산을 제안합니다.",
            "id": "sample_012_0007_000023",
            "annotations": []
        },
        {
            "sentence": "시뮬레이션 파라미터에는 기본 부하곡선, 계절 보정계수, 평균 가정용 소비 패턴을 반영했습니다.",
            "id": "sample_012_0007_000024",
            "annotations": []
        },
        {
            "sentence": "데이터 보관 정책에 따라 원본 로그는 5년간 보관되며 접근은 최소 권한으로 통제됩니다.",
            "id": "sample_012_0007_000025",
            "annotations": []
        },
        {
            "sentence": "보안 권고 사항은 계정 공유 금지, 주기적 비밀번호 변경, 다중인증 적용입니다.",
            "id": "sample_012_0007_000026",
            "annotations": []
        },
        {
            "sentence": "요청 액션 아이템: 점검 결과 보고서 제출, 변압기 통풍 개선 완료 보고, 고객 안내문 발송을 수행합니다.",
            "id": "sample_012_0007_000027",
            "annotations": []
        },
        {
            "sentence": "보고서 발행일은 2025년 11월 05일이며 발행자는 정하영입니다.",
            "id": "sample_012_0007_000028",
            "annotations": [
                {
                    "word": "2025년",
                    "start": 9,
                    "end": 14,
                    "label": "준식별자"
                },
                {
                    "word": "11월",
                    "start": 15,
                    "end": 18,
                    "label": "준식별자"
                },
                {
                    "word": "05일",
                    "start": 19,
                    "end": 22,
                    "label": "준식별자"
                },
                {
                    "word": "정하영",
                    "start": 30,
                    "end": 33,
                    "label": "개인정보"
                }
            ]
        },
        {
            "sentence": "첨부 파일: 원시검침로그.csv, 설비사진_20251102.zip, 내부정책_비공개.pdf가 포함됩니다.",
            "id": "sample_012_0007_000029",
            "annotations": [
                {
                    "word": "원시검침로그.csv",
                    "start": 7,
                    "end": 17,
                    "label": "기밀정보"
                },
                {
                    "word": "설비사진_20251102.zip",
                    "start": 19,
                    "end": 36,
                    "label": "기밀정보"
                },
                {
                    "word": "내부정책_비공개.pdf",
                    "start": 38,
                    "end": 50,
                    "label": "기밀정보"
                }
            ]
        },
        {
            "sentence": "문의: 고객지원팀 이메일 support@kepco.co.kr, 담당자 서호정에게 연락하시기 바랍니다.",
            "id": "sample_012_0007_000030",
            "annotations": [
                {
                    "word": "support@kepco.co.kr",
                    "start": 14,
                    "end": 33,
                    "label": "개인정보"
                },
                {
                    "word": "서호정",
                    "start": 39,
                    "end": 42,
                    "label": "개인정보"
                }
            ]
        }
    ]
}