{
    "document_id": "012_0027",
    "document_title": "스마트 미터 통합 검침 및 청구 통합보고서",
    "data": [
        {
            "sentence": "스마트 미터 통합 검침 및 청구 보고서의 개요를 제공하며 월간 요약을 포함합니다.",
            "id": "sample_012_0027_000001",
            "annotations": []
        },
        {
            "sentence": "검침 대상: 계약번호 CTR-2025-998877, 고객 주소 서울특별시 강남구 역삼동 123-45로 등록되어 있습니다.",
            "id": "sample_012_0027_000002",
            "annotations": [
                {
                    "word": "CTR-2025-998877",
                    "start": 12,
                    "end": 27,
                    "label": "기밀정보"
                },
                {
                    "word": "서울특별시 강남구 역삼동 123-45",
                    "start": 35,
                    "end": 55,
                    "label": "개인정보"
                },
                {
                    "word": "서울특별시",
                    "start": 35,
                    "end": 40,
                    "label": "준식별자"
                },
                {
                    "word": "강남구",
                    "start": 41,
                    "end": 44,
                    "label": "준식별자"
                },
                {
                    "word": "역삼동",
                    "start": 45,
                    "end": 48,
                    "label": "준식별자"
                }
            ]
        },
        {
            "sentence": "검침 주기: 1시간(매시 정각)으로 설정되어 있으며 데이터 포인트는 시간당 1개씩 수집됩니다.",
            "id": "sample_012_0027_000003",
            "annotations": []
        },
        {
            "sentence": "검침 기간: 2025년 11월 1일부터 2025년 11월 30일까지 월간 집계가 수행되었습니다.",
            "id": "sample_012_0027_000004",
            "annotations": [
                {
                    "word": "2025년",
                    "start": 7,
                    "end": 12,
                    "label": "준식별자"
                },
                {
                    "word": "2025년",
                    "start": 22,
                    "end": 27,
                    "label": "준식별자"
                },
                {
                    "word": "11월",
                    "start": 13,
                    "end": 16,
                    "label": "준식별자"
                },
                {
                    "word": "11월",
                    "start": 28,
                    "end": 31,
                    "label": "준식별자"
                },
                {
                    "word": "1일",
                    "start": 17,
                    "end": 19,
                    "label": "준식별자"
                },
                {
                    "word": "30일",
                    "start": 32,
                    "end": 35,
                    "label": "준식별자"
                }
            ]
        },
        {
            "sentence": "총 사용량(검침 합계)은 3,860.5 kWh로 집계되었으며 전월 대비 4.2% 증가했습니다.",
            "id": "sample_012_0027_000005",
            "annotations": []
        },
        {
            "sentence": "부하 특성: 최대 부하 8.6 kW, 최소 부하 0.4 kW, 평균 부하 5.3 kW로 피크 시간대는 19시대였습니다.",
            "id": "sample_012_0027_000006",
            "annotations": []
        },
        {
            "sentence": "미터 상세 정보: 미터번호 MTR-2025-00012345, 설치 위치는 건물 지하 전기실, 계측 장비 모델은 SMG-X900입니다.",
            "id": "sample_012_0027_000007",
            "annotations": [
                {
                    "word": "MTR-2025-00012345",
                    "start": 15,
                    "end": 32,
                    "label": "기밀정보"
                }
            ]
        },
        {
            "sentence": "스마트 미터 통신 상태는 정상이며 최근 통신 로그에 내부 접속 IP 10.8.0.12가 기록되어 있습니다.",
            "id": "sample_012_0027_000008",
            "annotations": [
                {
                    "word": "10.8.0.12",
                    "start": 38,
                    "end": 47,
                    "label": "기밀정보"
                }
            ]
        },
        {
            "sentence": "요금 산출 기준은 기본요금과 사용량(kWh) 단가를 합산하는 구조로 계절별 요율을 반영합니다.",
            "id": "sample_012_0027_000009",
            "annotations": []
        },
        {
            "sentence": "요금 내역 예시: 기본요금 12,000원, 사용량 요금 3,860.5 kWh × 182.3원/kWh로 계산합니다.",
            "id": "sample_012_0027_000010",
            "annotations": []
        },
        {
            "sentence": "청구 금액 합계는 본 검침 기준으로 총 703,393원으로 산출되었습니다.",
            "id": "sample_012_0027_000011",
            "annotations": []
        },
        {
            "sentence": "청구서 발행일은 2025년 11월 30일이며 납부기한은 2025년 12월 15일로 명시되어 있습니다.",
            "id": "sample_012_0027_000012",
            "annotations": [
                {
                    "word": "2025년",
                    "start": 9,
                    "end": 14,
                    "label": "준식별자"
                },
                {
                    "word": "2025년",
                    "start": 31,
                    "end": 36,
                    "label": "준식별자"
                },
                {
                    "word": "11월",
                    "start": 15,
                    "end": 18,
                    "label": "준식별자"
                },
                {
                    "word": "30일",
                    "start": 19,
                    "end": 22,
                    "label": "준식별자"
                },
                {
                    "word": "12월",
                    "start": 37,
                    "end": 40,
                    "label": "준식별자"
                },
                {
                    "word": "15일",
                    "start": 41,
                    "end": 44,
                    "label": "준식별자"
                }
            ]
        },
        {
            "sentence": "납부 계좌 정보: 국민은행 123-456789-01-234567(사업자 계좌)로의 입금을 요청합니다.",
            "id": "sample_012_0027_000013",
            "annotations": [
                {
                    "word": "123-456789-01-234567",
                    "start": 15,
                    "end": 35,
                    "label": "기밀정보"
                }
            ]
        },
        {
            "sentence": "고객 문의 담당자 정보: 류브랜든, 사번 20241001, 연락처 010-9123-4567, 이메일 ryu.brand@energyco.kr로 안내합니다.",
            "id": "sample_012_0027_000014",
            "annotations": [
                {
                    "word": "류브랜든",
                    "start": 14,
                    "end": 18,
                    "label": "개인정보"
                },
                {
                    "word": "20241001",
                    "start": 23,
                    "end": 31,
                    "label": "개인정보"
                },
                {
                    "word": "010-9123-4567",
                    "start": 37,
                    "end": 50,
                    "label": "개인정보"
                },
                {
                    "word": "ryu.brand@energyco.kr",
                    "start": 56,
                    "end": 77,
                    "label": "개인정보"
                }
            ]
        },
        {
            "sentence": "긴급 장애 연락처는 1588-9999이며 기술지원팀의 24시간 핫라인으로 운영됩니다.",
            "id": "sample_012_0027_000015",
            "annotations": []
        },
        {
            "sentence": "설비 점검표 요약: 점검일 2025년 11월 29일, 점검자 송찬빈, 점검 결과는 전체적으로 양호로 판정되었습니다.",
            "id": "sample_012_0027_000016",
            "annotations": [
                {
                    "word": "2025년",
                    "start": 15,
                    "end": 20,
                    "label": "준식별자"
                },
                {
                    "word": "11월",
                    "start": 21,
                    "end": 24,
                    "label": "준식별자"
                },
                {
                    "word": "29일",
                    "start": 25,
                    "end": 28,
                    "label": "준식별자"
                },
                {
                    "word": "송찬빈",
                    "start": 34,
                    "end": 37,
                    "label": "개인정보"
                }
            ]
        },
        {
            "sentence": "점검 항목별 결과: 배선 연결 상태 정상, 차단기 동작 확인, 누전 차단기 테스트 통과, 통신 모듈 펌웨어 버전 v3.2.1입니다.",
            "id": "sample_012_0027_000017",
            "annotations": [
                {
                    "word": "v3.2.1",
                    "start": 63,
                    "end": 69,
                    "label": "기밀정보"
                }
            ]
        },
        {
            "sentence": "교정 데이터: 교정 계수 0.9985가 적용되었으며 검침 보정은 소수점 4자리까지 반영되었습니다.",
            "id": "sample_012_0027_000018",
            "annotations": []
        },
        {
            "sentence": "이상 패턴 탐지 결과: 11월 15일 14시부터 16시 사이에 비정상적인 급상승 프로파일이 감지되었습니다.",
            "id": "sample_012_0027_000019",
            "annotations": [
                {
                    "word": "11월",
                    "start": 13,
                    "end": 16,
                    "label": "준식별자"
                },
                {
                    "word": "15일",
                    "start": 17,
                    "end": 20,
                    "label": "준식별자"
                }
            ]
        },
        {
            "sentence": "비정상 원인 분석: 외부 공사에 따른 부하 변동 가능성이 있어 현장 확인을 권고합니다.",
            "id": "sample_012_0027_000020",
            "annotations": []
        },
        {
            "sentence": "현장 확인 요청 일정: 2025년 12월 02일로 조율되었으며 담당 기술자 우제우가 배치될 예정입니다.",
            "id": "sample_012_0027_000021",
            "annotations": [
                {
                    "word": "2025년",
                    "start": 13,
                    "end": 18,
                    "label": "준식별자"
                },
                {
                    "word": "12월",
                    "start": 19,
                    "end": 22,
                    "label": "준식별자"
                },
                {
                    "word": "02일",
                    "start": 23,
                    "end": 26,
                    "label": "준식별자"
                },
                {
                    "word": "우제우",
                    "start": 42,
                    "end": 45,
                    "label": "개인정보"
                }
            ]
        },
        {
            "sentence": "안전 조치 결과: 절연 저항 측정값은 2.5 MΩ로 안전 기준을 만족합니다.",
            "id": "sample_012_0027_000022",
            "annotations": []
        },
        {
            "sentence": "요금 이의 제기 절차는 청구서 수령 후 30일 이내 접수 가능하며 접수 기록을 보존합니다.",
            "id": "sample_012_0027_000023",
            "annotations": []
        },
        {
            "sentence": "내부 결재선 정보: 승인자 허영택, 결재 문서 ID DOC-ENERGY-2025-11030은 내부 문서로 분류됩니다.",
            "id": "sample_012_0027_000024",
            "annotations": [
                {
                    "word": "허영택",
                    "start": 15,
                    "end": 18,
                    "label": "개인정보"
                },
                {
                    "word": "DOC-ENERGY-2025-11030",
                    "start": 29,
                    "end": 50,
                    "label": "기밀정보"
                }
            ]
        },
        {
            "sentence": "보안 관련 정보: 로그 저장 경로 /var/logs/metering/secret.log 및 내부 VPN 주소 vpn.energyco.local 는 외부 공개 금지로 지정됩니다.",
            "id": "sample_012_0027_000025",
            "annotations": [
                {
                    "word": "/var/logs/metering/secret.log",
                    "start": 19,
                    "end": 48,
                    "label": "기밀정보"
                },
                {
                    "word": "vpn.energyco.local",
                    "start": 61,
                    "end": 79,
                    "label": "기밀정보"
                }
            ]
        },
        {
            "sentence": "데이터 무결성 점검 결과 전송 패킷의 체크섬이 일치하며 누락 샘플 비율은 0.2%로 허용 범위 내입니다.",
            "id": "sample_012_0027_000026",
            "annotations": []
        },
        {
            "sentence": "권장 조치: 미터 통신 모듈의 펌웨어 업데이트, 현장 회선 재점검 및 계약자 대상 전력 사용 교육을 실시할 것을 권고합니다.",
            "id": "sample_012_0027_000027",
            "annotations": []
        },
        {
            "sentence": "보고서 발행자: 문윤지(스마트그리드운영팀), 보고서 번호 RPT-012-20251130이 부여되었습니다.",
            "id": "sample_012_0027_000028",
            "annotations": [
                {
                    "word": "문윤지",
                    "start": 9,
                    "end": 12,
                    "label": "개인정보"
                },
                {
                    "word": "RPT-012-20251130",
                    "start": 32,
                    "end": 48,
                    "label": "기밀정보"
                }
            ]
        }
    ]
}