{
    "document_id": "012_0038",
    "document_title": "스마트 미터 검침 및 요금 고지 및 설비 점검 보고서",
    "data": [
        {
            "sentence": "본 문서는 스마트 미터를 통한 전력 검침 및 요금 고지의 정밀 시뮬레이션 결과를 보고합니다.",
            "id": "sample_012_0038_000001",
            "annotations": []
        },
        {
            "sentence": "검침 주기는 30일로 설정되어 있으며 일일 검침 패턴은 시간대별로 평균 15분 간격 샘플링으로 일관되게 유지됩니다.",
            "id": "sample_012_0038_000002",
            "annotations": []
        },
        {
            "sentence": "모든 에너지 단위는 kWh로 표기하였고 계산 기준은 표준 요율과 손실 보정을 포함합니다.",
            "id": "sample_012_0038_000003",
            "annotations": []
        },
        {
            "sentence": "대상 네트워크는 저압 배전망 테스트 토폴로지를 기반으로 구성되었으며 검침 무결성 확인을 위한 교차 검증을 수행했습니다.",
            "id": "sample_012_0038_000004",
            "annotations": []
        },
        {
            "sentence": "고객 연락 담당자는 방근휘로 지정되어 있으며 현장 기술 문의는 010-2345-6789로 연결됩니다.",
            "id": "sample_012_0038_000005",
            "annotations": [
                {
                    "word": "방근휘",
                    "start": 11,
                    "end": 14,
                    "label": "개인정보"
                },
                {
                    "word": "010-2345-6789",
                    "start": 35,
                    "end": 48,
                    "label": "개인정보"
                }
            ]
        },
        {
            "sentence": "요금 고지서 샘플에는 이메일 주소 contact@energy-test.co.kr이 포함되어 있습니다.",
            "id": "sample_012_0038_000006",
            "annotations": [
                {
                    "word": "contact@energy-test.co.kr",
                    "start": 19,
                    "end": 44,
                    "label": "개인정보"
                }
            ]
        },
        {
            "sentence": "현장 소재지는 서울특별시 강남구 역삼동 123-45번지로 표기되어 있습니다.",
            "id": "sample_012_0038_000007",
            "annotations": [
                {
                    "word": "서울특별시 강남구 역삼동 123-45번지",
                    "start": 8,
                    "end": 30,
                    "label": "개인정보"
                }
            ]
        },
        {
            "sentence": "일반 지역 기준으로는 부산광역시 해운대구 범천동 일원을 기준으로 통계가 산출되었습니다.",
            "id": "sample_012_0038_000008",
            "annotations": [
                {
                    "word": "부산광역시",
                    "start": 12,
                    "end": 17,
                    "label": "준식별자"
                },
                {
                    "word": "해운대구",
                    "start": 18,
                    "end": 22,
                    "label": "준식별자"
                },
                {
                    "word": "범천동",
                    "start": 23,
                    "end": 26,
                    "label": "준식별자"
                }
            ]
        },
        {
            "sentence": "고객 생년월일은 테스트용으로 1985년 04월 12일로 입력되어 있으며 거주자 연령대 통계를 보정하는 데 사용됩니다.",
            "id": "sample_012_0038_000009",
            "annotations": [
                {
                    "word": "1985년",
                    "start": 16,
                    "end": 21,
                    "label": "준식별자"
                },
                {
                    "word": "04월",
                    "start": 22,
                    "end": 25,
                    "label": "준식별자"
                },
                {
                    "word": "12일",
                    "start": 26,
                    "end": 29,
                    "label": "준식별자"
                }
            ]
        },
        {
            "sentence": "미터 장비의 고유식별자로 미터번호 MTR-2025-000112233가 기록되어 있습니다.",
            "id": "sample_012_0038_000010",
            "annotations": [
                {
                    "word": "MTR-2025-000112233",
                    "start": 19,
                    "end": 37,
                    "label": "기밀정보"
                }
            ]
        },
        {
            "sentence": "내부 결재선에는 승인자 표기가 있으며 최종 승인자는 류안으로 표기되어 있습니다.",
            "id": "sample_012_0038_000011",
            "annotations": [
                {
                    "word": "류안",
                    "start": 29,
                    "end": 31,
                    "label": "개인정보"
                }
            ]
        },
        {
            "sentence": "기술 보안 항목으로는 내부 서버 IP 예시 10.0.8.45 및 접속 포트 8443이 문서 테스트에 포함되어 있습니다.",
            "id": "sample_012_0038_000012",
            "annotations": [
                {
                    "word": "10.0.8.45",
                    "start": 24,
                    "end": 33,
                    "label": "기밀정보"
                },
                {
                    "word": "8443",
                    "start": 42,
                    "end": 46,
                    "label": "기밀정보"
                }
            ]
        },
        {
            "sentence": "재무 항목 예시로 계좌번호 123-4567890-12(신한은행)이 내부검증용으로 기재되었습니다.",
            "id": "sample_012_0038_000013",
            "annotations": [
                {
                    "word": "123-4567890-12",
                    "start": 15,
                    "end": 29,
                    "label": "기밀정보"
                }
            ]
        },
        {
            "sentence": "월별 사용량 표본은 2025년 01월 28일 기준 총 사용량 1,248.7 kWh가 기록되었습니다.",
            "id": "sample_012_0038_000014",
            "annotations": [
                {
                    "word": "2025년",
                    "start": 11,
                    "end": 16,
                    "label": "준식별자"
                },
                {
                    "word": "01월",
                    "start": 17,
                    "end": 20,
                    "label": "준식별자"
                },
                {
                    "word": "28일",
                    "start": 21,
                    "end": 24,
                    "label": "준식별자"
                }
            ]
        },
        {
            "sentence": "검침 로그에는 시간대별 kWh 소모 패턴과 최대부하 시간대(18:00-20:00)가 상세히 기재되어 있습니다.",
            "id": "sample_012_0038_000015",
            "annotations": []
        },
        {
            "sentence": "구성된 요율은 기본요금과 종량요금을 포함하며 기본요금은 월 6,000원으로 시뮬레이션되었습니다.",
            "id": "sample_012_0038_000016",
            "annotations": []
        },
        {
            "sentence": "요금 고지서 예시에는 고객명으로 윤다엘이 기재되어 있고 납부기한은 2025년 02월 15일로 표기되어 있습니다.",
            "id": "sample_012_0038_000017",
            "annotations": [
                {
                    "word": "윤다엘",
                    "start": 18,
                    "end": 21,
                    "label": "개인정보"
                },
                {
                    "word": "2025년",
                    "start": 37,
                    "end": 42,
                    "label": "준식별자"
                },
                {
                    "word": "02월",
                    "start": 43,
                    "end": 46,
                    "label": "준식별자"
                },
                {
                    "word": "15일",
                    "start": 47,
                    "end": 50,
                    "label": "준식별자"
                }
            ]
        },
        {
            "sentence": "검침 담당자 방문 기록에는 '점검 완료'와 함께 담당자 서명란에 윤엘리야 이름이 삽입되어 있습니다.",
            "id": "sample_012_0038_000018",
            "annotations": [
                {
                    "word": "윤엘리야",
                    "start": 36,
                    "end": 40,
                    "label": "개인정보"
                }
            ]
        },
        {
            "sentence": "설비 점검표에는 테스트용 장비 시리얼 경로 C:\\internal\\devices\\meter_log.csv가 참조 예시로 포함되어 있습니다.",
            "id": "sample_012_0038_000019",
            "annotations": [
                {
                    "word": "C:\\internal\\devices\\meter_log.csv",
                    "start": 24,
                    "end": 57,
                    "label": "기밀정보"
                }
            ]
        },
        {
            "sentence": "현장 기술자 연락처로 차찬희(직책: 현장기사) 연락처 02-345-6789가 표기되어 있습니다.",
            "id": "sample_012_0038_000020",
            "annotations": [
                {
                    "word": "차찬희",
                    "start": 12,
                    "end": 15,
                    "label": "개인정보"
                },
                {
                    "word": "02-345-6789",
                    "start": 30,
                    "end": 41,
                    "label": "개인정보"
                },
                {
                    "word": "현장기사",
                    "start": 20,
                    "end": 24,
                    "label": "준식별자"
                }
            ]
        },
        {
            "sentence": "에너지 손실 분석 결과에 따르면 배전변압기 부하 불균형으로 인한 손실이 평균 2.3%로 추정되었습니다.",
            "id": "sample_012_0038_000021",
            "annotations": []
        },
        {
            "sentence": "비상연락망에는 고소아(안전담당)과 엄해온(운영담당)이 예비 연락자로 등재되어 있습니다.",
            "id": "sample_012_0038_000022",
            "annotations": [
                {
                    "word": "고소아",
                    "start": 8,
                    "end": 11,
                    "label": "개인정보"
                },
                {
                    "word": "엄해온",
                    "start": 19,
                    "end": 22,
                    "label": "개인정보"
                },
                {
                    "word": "안전담당",
                    "start": 12,
                    "end": 16,
                    "label": "준식별자"
                },
                {
                    "word": "운영담당",
                    "start": 23,
                    "end": 27,
                    "label": "준식별자"
                }
            ]
        },
        {
            "sentence": "데이터베이스 샘플 쿼리는 접속계정 db_readonly와 임시 토큰 토큰값 abcdef123456를 예시로 포함하고 있습니다.",
            "id": "sample_012_0038_000023",
            "annotations": [
                {
                    "word": "db_readonly",
                    "start": 19,
                    "end": 30,
                    "label": "기밀정보"
                },
                {
                    "word": "abcdef123456",
                    "start": 42,
                    "end": 54,
                    "label": "기밀정보"
                }
            ]
        },
        {
            "sentence": "월간 청구서 샘플에는 소비자 식별용 고객번호 CUST-2025-0007이 사용되었습니다.",
            "id": "sample_012_0038_000024",
            "annotations": [
                {
                    "word": "CUST-2025-0007",
                    "start": 25,
                    "end": 39,
                    "label": "개인정보"
                }
            ]
        },
        {
            "sentence": "요금 납부 이력 샘플에는 가상 계좌 340-12-567890(국민은행)으로의 거래내역이 포함되어 있습니다.",
            "id": "sample_012_0038_000025",
            "annotations": [
                {
                    "word": "340-12-567890",
                    "start": 20,
                    "end": 33,
                    "label": "기밀정보"
                }
            ]
        },
        {
            "sentence": "검침 주기의 일관성을 위해 매월 검침 날짜는 25일로 고정하여 시뮬레이션을 수행했습니다.",
            "id": "sample_012_0038_000026",
            "annotations": []
        },
        {
            "sentence": "장비 교체 권고: 미터 번호 MTR-2025-000112233의 전기 연결 상태가 권장 안전 기준 미만으로 판정되어 교체 권고가 발행되었습니다.",
            "id": "sample_012_0038_000027",
            "annotations": [
                {
                    "word": "MTR-2025-000112233",
                    "start": 16,
                    "end": 34,
                    "label": "기밀정보"
                }
            ]
        },
        {
            "sentence": "보고서 결론 및 행동 항목: 장비 교체, 요금 오류 검증, 내부 보안 토큰 회수 절차를 우선적으로 진행합니다.",
            "id": "sample_012_0038_000028",
            "annotations": []
        },
        {
            "sentence": "담당자 연락 및 후속 조치 담당은 강완규이며 추가 문의는 이리유에게 전달됩니다.",
            "id": "sample_012_0038_000029",
            "annotations": [
                {
                    "word": "강완규",
                    "start": 19,
                    "end": 22,
                    "label": "개인정보"
                },
                {
                    "word": "이리유",
                    "start": 32,
                    "end": 35,
                    "label": "개인정보"
                }
            ]
        },
        {
            "sentence": "문서 작성일은 2025년 02월 20일이며 문서 보관은 내부 정책에 따라 암호화 저장됩니다.",
            "id": "sample_012_0038_000030",
            "annotations": [
                {
                    "word": "2025년",
                    "start": 8,
                    "end": 13,
                    "label": "준식별자"
                },
                {
                    "word": "02월",
                    "start": 14,
                    "end": 17,
                    "label": "준식별자"
                },
                {
                    "word": "20일",
                    "start": 18,
                    "end": 21,
                    "label": "준식별자"
                }
            ]
        }
    ]
}