{
    "document_id": "012_0073",
    "document_title": "스마트미터 월간 검침 및 요금 청구 보고서(2025년 6월)",
    "data": [
        {
            "sentence": "문서 서두: 본 검침 및 요금 보고서는 스마트 그리드 검침 데이터를 기반으로 작성되었습니다.",
            "id": "sample_012_0073_000001",
            "annotations": []
        },
        {
            "sentence": "보고서 목적: 월간 전력 소비 패턴 분석과 청구 무결성 확인을 위해 작성되었습니다.",
            "id": "sample_012_0073_000002",
            "annotations": []
        },
        {
            "sentence": "검침 주기: 본 시스템은 30일 주기(월 단위) 검침을 일관되게 수행합니다.",
            "id": "sample_012_0073_000003",
            "annotations": []
        },
        {
            "sentence": "검침 대상 지역: 부산광역시 해운대구 우동.",
            "id": "sample_012_0073_000004",
            "annotations": [
                {
                    "word": "부산광역시",
                    "start": 10,
                    "end": 15,
                    "label": "준식별자"
                },
                {
                    "word": "해운대구",
                    "start": 16,
                    "end": 20,
                    "label": "준식별자"
                },
                {
                    "word": "우동",
                    "start": 21,
                    "end": 23,
                    "label": "준식별자"
                }
            ]
        },
        {
            "sentence": "검침 대상 상세주소 및 고객명: 부산광역시 해운대구 우동 123-45 101호, 고객 송덕환.",
            "id": "sample_012_0073_000005",
            "annotations": [
                {
                    "word": "부산광역시 해운대구 우동 123-45 101호",
                    "start": 18,
                    "end": 43,
                    "label": "개인정보"
                },
                {
                    "word": "송덕환",
                    "start": 48,
                    "end": 51,
                    "label": "개인정보"
                }
            ]
        },
        {
            "sentence": "고객 연락처: 010-1234-5678, 이메일: songdh@example.com.",
            "id": "sample_012_0073_000006",
            "annotations": [
                {
                    "word": "010-1234-5678",
                    "start": 8,
                    "end": 21,
                    "label": "개인정보"
                },
                {
                    "word": "songdh@example.com",
                    "start": 28,
                    "end": 46,
                    "label": "개인정보"
                }
            ]
        },
        {
            "sentence": "검침일: 2025-06-30에 원격 검침을 완료하였습니다.",
            "id": "sample_012_0073_000007",
            "annotations": [
                {
                    "word": "2025",
                    "start": 5,
                    "end": 9,
                    "label": "준식별자"
                },
                {
                    "word": "06",
                    "start": 10,
                    "end": 12,
                    "label": "준식별자"
                },
                {
                    "word": "30",
                    "start": 13,
                    "end": 15,
                    "label": "준식별자"
                }
            ]
        },
        {
            "sentence": "청구기간은 2025-05-01부터 2025-05-31까지이며 검침 주기와 일치합니다.",
            "id": "sample_012_0073_000008",
            "annotations": [
                {
                    "word": "2025",
                    "start": 6,
                    "end": 10,
                    "label": "준식별자"
                },
                {
                    "word": "2025",
                    "start": 19,
                    "end": 23,
                    "label": "준식별자"
                },
                {
                    "word": "05",
                    "start": 11,
                    "end": 13,
                    "label": "준식별자"
                },
                {
                    "word": "05",
                    "start": 24,
                    "end": 26,
                    "label": "준식별자"
                },
                {
                    "word": "01",
                    "start": 14,
                    "end": 16,
                    "label": "준식별자"
                },
                {
                    "word": "31",
                    "start": 27,
                    "end": 29,
                    "label": "준식별자"
                }
            ]
        },
        {
            "sentence": "검침 방식: 스마트 미터 원격 검침(RT, Remote Telemetry) 및 일별 집계 알고리즘을 사용하였습니다.",
            "id": "sample_012_0073_000009",
            "annotations": []
        },
        {
            "sentence": "총 사용량: 청구기간 동안 총 소비 전력은 1,254.7 kWh로 집계되었습니다.",
            "id": "sample_012_0073_000010",
            "annotations": []
        },
        {
            "sentence": "피크 수요: 최고 수요 시점의 계측값은 12.8 kW였습니다.",
            "id": "sample_012_0073_000011",
            "annotations": []
        },
        {
            "sentence": "기본 요금 및 종량 요율을 적용한 청구 금액은 98,450원입니다.",
            "id": "sample_012_0073_000012",
            "annotations": []
        },
        {
            "sentence": "납부 정보: 자동이체 계좌번호는 123-456-789012로 등록되어 있습니다.",
            "id": "sample_012_0073_000013",
            "annotations": [
                {
                    "word": "123-456-789012",
                    "start": 18,
                    "end": 32,
                    "label": "기밀정보"
                }
            ]
        },
        {
            "sentence": "결제 담당자 및 사내 결재선: 결재 승인 담당자 전래호, 내부 결재 코드 및 기록은 내부 보안 대상입니다.",
            "id": "sample_012_0073_000014",
            "annotations": [
                {
                    "word": "전래호",
                    "start": 27,
                    "end": 30,
                    "label": "개인정보"
                }
            ]
        },
        {
            "sentence": "시스템 로그 및 접속 정보: 백엔드 서버 IP 192.168.10.5와 VPN 주소 vpn.internal.energycorp.local은 내부 운영 기밀입니다.",
            "id": "sample_012_0073_000015",
            "annotations": [
                {
                    "word": "192.168.10.5",
                    "start": 26,
                    "end": 38,
                    "label": "기밀정보"
                },
                {
                    "word": "vpn.internal.energycorp.local",
                    "start": 47,
                    "end": 76,
                    "label": "기밀정보"
                }
            ]
        },
        {
            "sentence": "계량기 정보: 계량기 모델 LSG-MT100 및 일련번호 MT-202506-0001을 기록하였습니다.",
            "id": "sample_012_0073_000016",
            "annotations": [
                {
                    "word": "MT-202506-0001",
                    "start": 32,
                    "end": 46,
                    "label": "기밀정보"
                }
            ]
        },
        {
            "sentence": "데이터 무결성 검증: 엔드투엔드 체크섬 및 타임스탬프 동기화를 통해 이상치를 제거하였습니다.",
            "id": "sample_012_0073_000017",
            "annotations": []
        },
        {
            "sentence": "검침 담당자 현장 점검: 현장 담당자 박현진이 계량기 상태를 확인하고 이상 징후를 기록하였습니다.",
            "id": "sample_012_0073_000018",
            "annotations": [
                {
                    "word": "박현진",
                    "start": 21,
                    "end": 24,
                    "label": "개인정보"
                }
            ]
        },
        {
            "sentence": "점검 결과 요약: 배터리 상태 양호, 통신 신호 강도 RSSI -65 dBm, 펌웨어 버전 3.4.2 적용.",
            "id": "sample_012_0073_000019",
            "annotations": []
        },
        {
            "sentence": "설비 점검표 항목: 외함 상태, 접지 저항, 종단 커넥터 상태, 누전 여부, 모든 항목에서 허용 범위 내입니다.",
            "id": "sample_012_0073_000020",
            "annotations": []
        },
        {
            "sentence": "보정 및 교정 이력: 최근 교정 일자는 2024-11-15이며 공인 교정기관에서 수행되었습니다.",
            "id": "sample_012_0073_000021",
            "annotations": [
                {
                    "word": "2024",
                    "start": 22,
                    "end": 26,
                    "label": "준식별자"
                },
                {
                    "word": "11",
                    "start": 27,
                    "end": 29,
                    "label": "준식별자"
                },
                {
                    "word": "15",
                    "start": 30,
                    "end": 32,
                    "label": "준식별자"
                }
            ]
        },
        {
            "sentence": "추가 조치 권고: 통신 모듈 펌웨어 업데이트와 외함 실링 보강을 권장합니다.",
            "id": "sample_012_0073_000022",
            "annotations": []
        },
        {
            "sentence": "요금 문의 및 고객 대응: 고객센터 운영시간은 평일 09:00-18:00이며 담당자 연락은 유선 및 이메일을 통해 진행됩니다.",
            "id": "sample_012_0073_000023",
            "annotations": []
        },
        {
            "sentence": "내부 검토 메모: 오류 발생 시 로그 파일은 내부 경로 /var/log/metering/2025/06/에 보관되며 접근 권한이 제한됩니다.",
            "id": "sample_012_0073_000024",
            "annotations": [
                {
                    "word": "/var/log/metering/2025/06/",
                    "start": 31,
                    "end": 57,
                    "label": "기밀정보"
                }
            ]
        },
        {
            "sentence": "프로젝트 담당자 명단: 유진, 강상규, 문성호가 데이터 검증과 품질 관리를 수행했습니다.",
            "id": "sample_012_0073_000025",
            "annotations": [
                {
                    "word": "유진",
                    "start": 13,
                    "end": 15,
                    "label": "개인정보"
                },
                {
                    "word": "강상규",
                    "start": 17,
                    "end": 20,
                    "label": "개인정보"
                },
                {
                    "word": "문성호",
                    "start": 22,
                    "end": 25,
                    "label": "개인정보"
                }
            ]
        },
        {
            "sentence": "고객 서비스 처리내역: 환불 요청 접수와 이력은 고객 번호 2025-089에 기록되어 있습니다.",
            "id": "sample_012_0073_000026",
            "annotations": [
                {
                    "word": "2025-089",
                    "start": 33,
                    "end": 41,
                    "label": "개인정보"
                }
            ]
        },
        {
            "sentence": "기밀 취급 주의: 외부 공개 금지 문구와 함께 문서 보안 등급 'Internal-Restricted'가 부여되었습니다.",
            "id": "sample_012_0073_000027",
            "annotations": []
        },
        {
            "sentence": "보고서 결론: 검침 데이터 무결성은 확인되었으며 다음 청구 주기까지 모니터링을 지속 권장합니다.",
            "id": "sample_012_0073_000028",
            "annotations": []
        },
        {
            "sentence": "추후 조치: 월별 이상 패턴 발생 시 알림을 강화하고 자동 차단 기준을 재검토하겠습니다.",
            "id": "sample_012_0073_000029",
            "annotations": []
        },
        {
            "sentence": "문서 작성자: 차설희, 검토자: 허상율.",
            "id": "sample_012_0073_000030",
            "annotations": [
                {
                    "word": "차설희",
                    "start": 8,
                    "end": 11,
                    "label": "개인정보"
                },
                {
                    "word": "허상율",
                    "start": 18,
                    "end": 21,
                    "label": "개인정보"
                }
            ]
        }
    ]
}