{
    "document_id": "012_0071",
    "document_title": "스마트 미터 검침 및 요금 고지서 - 2025년 12월",
    "data": [
        {
            "sentence": "문서 제목: 스마트 미터 검침 및 요금 고지서(월간) - 2025년 12월 보고서입니다.",
            "id": "sample_012_0071_000001",
            "annotations": []
        },
        {
            "sentence": "본 보고서는 주거용 고객의 월간 전력 검침, 요금 산정, 설비 점검 결과를 종합하여 작성되었습니다.",
            "id": "sample_012_0071_000002",
            "annotations": []
        },
        {
            "sentence": "검침 주기: 월간이며 검침일은 매월 20일로 일관되게 수집됩니다.",
            "id": "sample_012_0071_000003",
            "annotations": []
        },
        {
            "sentence": "계정 정보: 가입자명 김보정, 주소 서울특별시 강남구 역삼동 123-45번지 101호, 연락처 010-1234-5678, 이메일 kim.bonjeong@example.com 입니다.",
            "id": "sample_012_0071_000004",
            "annotations": [
                {
                    "word": "김보정",
                    "start": 12,
                    "end": 15,
                    "label": "개인정보"
                },
                {
                    "word": "서울특별시 강남구 역삼동 123-45번지 101호",
                    "start": 20,
                    "end": 47,
                    "label": "개인정보"
                },
                {
                    "word": "010-1234-5678",
                    "start": 53,
                    "end": 66,
                    "label": "개인정보"
                },
                {
                    "word": "kim.bonjeong@example.com",
                    "start": 72,
                    "end": 96,
                    "label": "개인정보"
                },
                {
                    "word": "서울특별시",
                    "start": 20,
                    "end": 25,
                    "label": "준식별자"
                },
                {
                    "word": "강남구",
                    "start": 26,
                    "end": 29,
                    "label": "준식별자"
                },
                {
                    "word": "역삼동",
                    "start": 30,
                    "end": 33,
                    "label": "준식별자"
                }
            ]
        },
        {
            "sentence": "가입자 추가 정보: 생년월일 1985-07-12, 성별 여성, 직장 한국에너지연구원으로 등록되어 있습니다.",
            "id": "sample_012_0071_000005",
            "annotations": [
                {
                    "word": "1985-07-12",
                    "start": 16,
                    "end": 26,
                    "label": "준식별자"
                },
                {
                    "word": "여성",
                    "start": 31,
                    "end": 33,
                    "label": "준식별자"
                },
                {
                    "word": "한국에너지연구원",
                    "start": 38,
                    "end": 46,
                    "label": "준식별자"
                }
            ]
        },
        {
            "sentence": "계약 유형: 주거용 요금제(일반 전력), 계약전력 미설정, 계량기 ID MTR-20251234-0001로 표기됩니다.",
            "id": "sample_012_0071_000006",
            "annotations": [
                {
                    "word": "MTR-20251234-0001",
                    "start": 40,
                    "end": 57,
                    "label": "기밀정보"
                }
            ]
        },
        {
            "sentence": "검침 기록 요약: 이전 검침일자 2025-11-20, 이전 계량값 4,120 kWh, 현재 계량값 4,386 kWh 입니다.",
            "id": "sample_012_0071_000007",
            "annotations": [
                {
                    "word": "2025-11-20",
                    "start": 18,
                    "end": 28,
                    "label": "준식별자"
                }
            ]
        },
        {
            "sentence": "해당 청구기간 총 사용량은 266 kWh로 계산되며 단위는 kWh입니다.",
            "id": "sample_012_0071_000008",
            "annotations": []
        },
        {
            "sentence": "시간대별 최대수요는 2025-11-14 19:00에 3.6 kW로 기록되었습니다.",
            "id": "sample_012_0071_000009",
            "annotations": [
                {
                    "word": "2025-11-14 19:00",
                    "start": 11,
                    "end": 27,
                    "label": "준식별자"
                }
            ]
        },
        {
            "sentence": "요금 산정: 기본요금 5,000원, 사용요금 266 kWh × 150원/kWh = 39,900원으로 계산됩니다.",
            "id": "sample_012_0071_000010",
            "annotations": []
        },
        {
            "sentence": "세금 및 기타 수수료 포함 최종 청구금액은 44,000원으로 고지됩니다.",
            "id": "sample_012_0071_000011",
            "annotations": []
        },
        {
            "sentence": "지불 정보: 계좌번호 110-123-456789(청구용 계좌)로 이체 요청 안내가 포함됩니다.",
            "id": "sample_012_0071_000012",
            "annotations": [
                {
                    "word": "110-123-456789",
                    "start": 12,
                    "end": 26,
                    "label": "기밀정보"
                }
            ]
        },
        {
            "sentence": "내부 처리 메모: 승인자 곽경록, 검토자 류택현이 문서 검토 및 승인 절차를 완료했습니다.",
            "id": "sample_012_0071_000013",
            "annotations": [
                {
                    "word": "곽경록",
                    "start": 14,
                    "end": 17,
                    "label": "개인정보"
                },
                {
                    "word": "류택현",
                    "start": 23,
                    "end": 26,
                    "label": "개인정보"
                }
            ]
        },
        {
            "sentence": "설비 점검 결과: 계량기 외관 이상 없음, 단자판 청결 상태 양호, 접지 저항 12.5Ω로 기준치 이내입니다.",
            "id": "sample_012_0071_000014",
            "annotations": []
        },
        {
            "sentence": "소비 패턴 분석: 평일 저녁 사용률이 상승하며 피크 시간대는 18시부터 21시입니다.",
            "id": "sample_012_0071_000015",
            "annotations": []
        },
        {
            "sentence": "권고 사항: 전력 피크 저감을 위해 스마트 플러그 및 시간대별 부하 분산 적용을 권장합니다.",
            "id": "sample_012_0071_000016",
            "annotations": []
        },
        {
            "sentence": "장비 정보: 검침 단말기 MAC/계정 정보는 내부 보안상 문서 외부 제공 금지 항목입니다.",
            "id": "sample_012_0071_000017",
            "annotations": []
        },
        {
            "sentence": "시스템 로그 및 접속 정보 예시: 관리 계정 sg_admin, 내부 VPN 주소 vpn.internal.company, 서버 IP 10.10.10.5가 기록되었습니다.",
            "id": "sample_012_0071_000018",
            "annotations": [
                {
                    "word": "sg_admin",
                    "start": 25,
                    "end": 33,
                    "label": "기밀정보"
                },
                {
                    "word": "vpn.internal.company",
                    "start": 45,
                    "end": 65,
                    "label": "기밀정보"
                },
                {
                    "word": "10.10.10.5",
                    "start": 73,
                    "end": 83,
                    "label": "기밀정보"
                }
            ]
        },
        {
            "sentence": "점검 일자 및 담당: 현장 점검일 2025-12-15, 담당 엔지니어 손솔미가 점검을 수행했습니다.",
            "id": "sample_012_0071_000019",
            "annotations": [
                {
                    "word": "2025-12-15",
                    "start": 19,
                    "end": 29,
                    "label": "준식별자"
                },
                {
                    "word": "손솔미",
                    "start": 39,
                    "end": 42,
                    "label": "개인정보"
                }
            ]
        },
        {
            "sentence": "비고: 검침 데이터의 시간 동기화는 NTP를 통해 이루어졌으며, 오차 범위는 ±2초입니다.",
            "id": "sample_012_0071_000020",
            "annotations": []
        },
        {
            "sentence": "데이터 무결성: 검침 로그의 해시값 및 서명은 내부 보안서버에 저장되며 외부 노출을 제한합니다.",
            "id": "sample_012_0071_000021",
            "annotations": []
        },
        {
            "sentence": "소비자 문의 창구: 고객센터 운영시간 평일 09:00-18:00, 연락처 02-555-0123로 안내합니다.",
            "id": "sample_012_0071_000022",
            "annotations": []
        },
        {
            "sentence": "이의 신청 및 정정 절차: 청구서 수령 후 20일 이내 서면 또는 이메일로 이의신청 가능합니다.",
            "id": "sample_012_0071_000023",
            "annotations": []
        },
        {
            "sentence": "향후 개선 계획: 스마트 그리드 데이터 샘플링 주기를 15분에서 5분으로 단축하는 시범사업을 2026년 1분기에 도입 예정입니다.",
            "id": "sample_012_0071_000024",
            "annotations": []
        },
        {
            "sentence": "첨부 파일 목록: 검침 로그 CSV, 설비 점검 사진, 내부 보고서(기밀)로 구분되어 보관됩니다.",
            "id": "sample_012_0071_000025",
            "annotations": [
                {
                    "word": "내부 보고서(기밀)",
                    "start": 31,
                    "end": 41,
                    "label": "기밀정보"
                }
            ]
        },
        {
            "sentence": "내부 보고서 접근권한은 운영팀 및 관리인에게만 부여되며 접근 기록은 보안 로그에 남습니다.",
            "id": "sample_012_0071_000026",
            "annotations": []
        },
        {
            "sentence": "긴급 연락처: 현장 긴급 상황 시 담당자 연락처로 곽경록(내선 2104)으로 연결됩니다.",
            "id": "sample_012_0071_000027",
            "annotations": [
                {
                    "word": "곽경록",
                    "start": 28,
                    "end": 31,
                    "label": "개인정보"
                }
            ]
        },
        {
            "sentence": "결론 및 조치사항: 청구 이의가 없을 경우 고지서 납부기한까지 납부하시고, 기술적 문의는 점검팀 손솔미에게 연락 바랍니다.",
            "id": "sample_012_0071_000028",
            "annotations": [
                {
                    "word": "손솔미",
                    "start": 54,
                    "end": 57,
                    "label": "개인정보"
                }
            ]
        }
    ]
}