{
    "document_id": "074_0068",
    "document_title": "Radiance Balance Cream 제품 사양서 및 규제·품질 통합 보고서",
    "data": [
        {
            "sentence": "문서 개요: 본 문서는 미용·개인관리 제품 'Radiance Balance Cream'의 제품사양서 및 규제·품질 관련 모든 배치 데이터를 통합하여 제공한다.",
            "id": "sample_074_0068_000001",
            "annotations": []
        },
        {
            "sentence": "제품 식별자: document_id 074_0068, 내부 제품코드 RBC-074, SKU: RBC-50ML-01을 기본 식별자로 사용한다.",
            "id": "sample_074_0068_000002",
            "annotations": []
        },
        {
            "sentence": "생성 타임스탬프: 2026-01-23T00:00:00Z, 문서 버전(version): 1.0이며 변경 이력은 별도 로그로 추적 가능하다.",
            "id": "sample_074_0068_000003",
            "annotations": []
        },
        {
            "sentence": "제품 사양 요약: 용도는 스킨케어 보습제로, 권장 사용 연령은 만 15세 이상이며 포장 용량은 50 mL이다.",
            "id": "sample_074_0068_000004",
            "annotations": []
        },
        {
            "sentence": "배치 정보: batch_number 'BATCH-20250115-074A'는 제조일 2025-01-15T08:00:00Z에 생산되었으며 모든 제조·시험 데이터는 해당 배치번호로 연결된다.",
            "id": "sample_074_0068_000005",
            "annotations": []
        },
        {
            "sentence": "포뮬러(INCI 표기) 및 농도(w/w%): Aqua 58.0%, Glycerin 5.0%, Caprylic/Capric Triglyceride 8.0%, Niacinamide 2.0% (trade_name: NiaCare), Cetearyl Alcohol 3.0%.",
            "id": "sample_074_0068_000006",
            "annotations": []
        },
        {
            "sentence": "계속된 성분 목록: Dimethicone 1.5%, Butylene Glycol 4.0%, Phenoxyethanol 0.9%, Ethylhexylglycerin 0.5%, Parfum (Fragrance) 0.5%, Carbomer 0.2%.",
            "id": "sample_074_0068_000007",
            "annotations": []
        },
        {
            "sentence": "마무리 성분: Triethanolamine 0.2%, Sodium Hyaluronate 0.1%, Butyl Stearate 8.0%, Butyrospermum Parkii Butter 4.1%, Preservative Blend 3.0%, CI 19140 1.0%.",
            "id": "sample_074_0068_000008",
            "annotations": []
        },
        {
            "sentence": "성분 합계 검증: 상기 포뮬레이션의 w/w% 합계는 100.0%로 검증되었으며 모든 농도 단위는 w/w%로 일관성 있게 표기한다.",
            "id": "sample_074_0068_000009",
            "annotations": []
        },
        {
            "sentence": "알레르기 유발 성분 및 보존제: 알레르겐으로는 Parfum(Fragrance)과 CI 19140을 명시하고 보존제 목록은 Phenoxyethanol, Ethylhexylglycerin 및 Preservative Blend로 별도 필드에 표기한다.",
            "id": "sample_074_0068_000010",
            "annotations": []
        },
        {
            "sentence": "SDS(Safety Data Sheet): 본 제품의 SDS는 GHS 분류, 취급·보관 및 응급처치 지침을 포함하고 원문(SDS)은 https://simulated.example/sds/074_0068_SDS.pdf에 저장되어 있다(simulated).",
            "id": "sample_074_0068_000011",
            "annotations": []
        },
        {
            "sentence": "CPSR(Cosmetic Product Safety Report): CPSR 요약은 독성학적 평가, 노출평가 및 지역별 규제 적합성을 포함하며 원문은 내부 링크로 연결되고 'simulated' 태그를 명시한다.",
            "id": "sample_074_0068_000012",
            "annotations": []
        },
        {
            "sentence": "규제 제출·상태: 한국(MFDS) 사전통보는 2025-02-01T09:30:00Z 제출, EU CPNP 등록은 2025-02-10T12:00:00Z에 완료되었음을 기록한다.",
            "id": "sample_074_0068_000013",
            "annotations": []
        },
        {
            "sentence": "안정성 시험 개요: 6개월 가속 안정성 시험은 2025-03-01T00:00:00Z에 시작해 2025-09-01T00:00:00Z에 종료되었고 pH 변화는 5.8에서 5.7로 유지되었다.",
            "id": "sample_074_0068_000014",
            "annotations": []
        },
        {
            "sentence": "미생물시험 요약: 총호기성균수(TAMC) 원시값 10 CFU/g, 총효모·곰팡이(TYC) 원시값 <10 CFU/g로 배치 기준에 따라 'pass' 판정되었으며 원자료는 microbiology_raw_074_0068.xlsx에 저장되어 있다.",
            "id": "sample_074_0068_000015",
            "annotations": []
        },
        {
            "sentence": "COA(분석성적서): Niacinamide 정량 결과는 2.01%로 표시값 2.0%의 허용오차 ±0.1% 내에 있어 'pass' 판정이며 원시분석파일은 COA_074_0068_raw.xlsx에 저장되어 있다.",
            "id": "sample_074_0068_000016",
            "annotations": []
        },
        {
            "sentence": "패치테스트 요약: 패치테스트는 24명 패널 대상, 검사일 2025-04-15T10:00:00Z, 국소 자극 평균 점수 0으로 'pass' 판정이며 원자료는 patch_raw_074_0068.csv에 링크되어 있다.",
            "id": "sample_074_0068_000017",
            "annotations": []
        },
        {
            "sentence": "이미지·아트웍 메타데이터: filename 'RBC_pack_front_v1.png', resolution 3000x2000 px, color_space sRGB, format PNG이며 원본 아트웍은 art_assets/RBC/에 저장된다.",
            "id": "sample_074_0068_000018",
            "annotations": []
        },
        {
            "sentence": "포장 사양: 튜브 용량 50 mL, 재질 LDPE, 라벨 인쇄 4색(CMYK), 외부 박스 규격 140x45x45 mm 및 보관조건은 실온(15-25°C) 직사광선 회피로 명시한다.",
            "id": "sample_074_0068_000019",
            "annotations": []
        },
        {
            "sentence": "제조 공정 기록: 혼합(혼합기 MX-2), 유화(유화기 EM-1), 충전(라인 OP-3) 순서로 제조되었고 관련 SOP와 제조 파라미터는 batch_number 'BATCH-20250115-074A'에 연동된다.",
            "id": "sample_074_0068_000020",
            "annotations": []
        },
        {
            "sentence": "배치기록 연계: batch_number 'BATCH-20250115-074A'의 모든 검사결과, 원료로트 및 포장로트는 배치레코드에 연결되며 추적성 체계로 관리된다.",
            "id": "sample_074_0068_000021",
            "annotations": []
        },
        {
            "sentence": "제조장소: 제조공장 소재지는 서울특별시 강남구 역삼동에 위치하며 위탁생산 및 포장업체와의 계약서가 내부 DB와 연동되어 있다.",
            "id": "sample_074_0068_000022",
            "annotations": [
                {
                    "word": "서울특별시",
                    "start": 16,
                    "end": 21,
                    "label": "준식별자"
                },
                {
                    "word": "강남구",
                    "start": 22,
                    "end": 25,
                    "label": "준식별자"
                },
                {
                    "word": "역삼동",
                    "start": 26,
                    "end": 29,
                    "label": "준식별자"
                }
            ]
        },
        {
            "sentence": "공급망 추적 세부: Glycerin 공급사 GlobalChem Co., Ltd. 로트와 Niacinamide 공급사 PureIngred Ltd. 로트가 원료 입고시 자동 매칭되어 공급망 이력에 기록된다.",
            "id": "sample_074_0068_000023",
            "annotations": [
                {
                    "word": "GlobalChem Co., Ltd.",
                    "start": 24,
                    "end": 44,
                    "label": "준식별자"
                },
                {
                    "word": "PureIngred Ltd.",
                    "start": 65,
                    "end": 80,
                    "label": "준식별자"
                }
            ]
        },
        {
            "sentence": "GTIN 및 바코드: 제품 GTIN은 8801234567890로 표기되며 바코드 파일명 gtin_8801234567890.svg가 자산관리 시스템에 등록되어 있다.",
            "id": "sample_074_0068_000024",
            "annotations": []
        },
        {
            "sentence": "재고 현황: 중앙창고(서울 WH-01) 기준 가용재고 12,450개, 안전재고 2,000개로 2026-01-23T00:00:00Z 기준으로 업데이트되었다.",
            "id": "sample_074_0068_000025",
            "annotations": [
                {
                    "word": "서울",
                    "start": 12,
                    "end": 14,
                    "label": "준식별자"
                }
            ]
        },
        {
            "sentence": "판매기록 요약: 온라인 채널 집계기간 2025-01-15T08:00:00Z~2026-01-22T23:59:59Z 동안 누적 판매량 34,120개, 고객클레임 비율 0.45%로 집계되었다.",
            "id": "sample_074_0068_000026",
            "annotations": []
        },
        {
            "sentence": "소비자 리뷰 관리: 리뷰는 비식별 처리하여 user_anon_001 형식으로 저장하며 각 리뷰에 사용자 동의 여부(consent:true/false)를 명시한다.",
            "id": "sample_074_0068_000027",
            "annotations": []
        },
        {
            "sentence": "품질승인: 품질관리 담당자 전무룡이 2026-01-22T10:15:00Z에 batch 'BATCH-20250115-074A'의 COA를 검토하고 최종 승인하였다.",
            "id": "sample_074_0068_000028",
            "annotations": [
                {
                    "word": "전무룡",
                    "start": 15,
                    "end": 18,
                    "label": "개인정보"
                }
            ]
        },
        {
            "sentence": "담당자 정보 및 직장: 담당자 조대영의 내부 연락처는 내부기록으로만 보관되며 직장명은 AB코스메틱스로 시스템에 등록되어 있다.",
            "id": "sample_074_0068_000029",
            "annotations": [
                {
                    "word": "조대영",
                    "start": 17,
                    "end": 20,
                    "label": "개인정보"
                },
                {
                    "word": "AB코스메틱스",
                    "start": 48,
                    "end": 55,
                    "label": "준식별자"
                }
            ]
        },
        {
            "sentence": "내부 기밀 링크 및 파일경로: CPSR 원문은 /srv/internal/cpsr/074_0068/CPSR_v1.pdf에 저장되어 있고 내부 서버 IP 10.10.0.5에서만 접근 가능하도록 설정되어 있다.",
            "id": "sample_074_0068_000030",
            "annotations": [
                {
                    "word": "/srv/internal/cpsr/074_0068/CPSR_v1.pdf",
                    "start": 26,
                    "end": 65,
                    "label": "기밀정보"
                },
                {
                    "word": "10.10.0.5",
                    "start": 84,
                    "end": 93,
                    "label": "기밀정보"
                }
            ]
        },
        {
            "sentence": "리콜 및 모니터링: 해당 배치에 대한 제품 리콜 이력은 없으며 정기 모니터링 로그는 internal_audit/074_0068_audit.log에 기록되어 내부감사 대상이다.",
            "id": "sample_074_0068_000031",
            "annotations": []
        }
    ]
}