{
    "document_id": "074_0061",
    "document_title": "모이스처 밸런스 데일리 크림 완제품 규격서 및 시험보고서",
    "data": [
        {
            "sentence": "본 문서는 모이스처 밸런스 데일리 크림(완제품, SKU 074-0061)에 대한 제품 규격서, 시험보고서, CPSR 및 배치 추적 정보를 포함합니다.",
            "id": "sample_074_0061_000001",
            "annotations": []
        },
        {
            "sentence": "문서 생성일은 2025-01-20T09:00:00Z이며 버전은 1.0으로 기록되어 변경 이력이 추적 가능합니다.",
            "id": "sample_074_0061_000002",
            "annotations": []
        },
        {
            "sentence": "제품 기본 정보: 제품명='Moisture Balance Daily Cream', SKU='074-0061', 포장용량=50.0 g, GTIN=8807400000617입니다.",
            "id": "sample_074_0061_000003",
            "annotations": []
        },
        {
            "sentence": "배치 정보: batch_number='BATCH-20250115-074', 제조일자=2025-01-15T00:00:00Z, 유통기한=2027-01-14T00:00:00Z, 보관조건=실온(15-25°C)입니다.",
            "id": "sample_074_0061_000004",
            "annotations": []
        },
        {
            "sentence": "포뮬러(원료별 INCI 및 w/w%): Aqua (Water) 61.00%, Glycerin 6.00%, Caprylic/Capric Triglyceride 8.00% (trade_name: CapTri™), Butylene Glycol 4.00%.",
            "id": "sample_074_0061_000005",
            "annotations": []
        },
        {
            "sentence": "포뮬러(계속): Phenyl Trimethicone 10.00%, Cetearyl Alcohol 3.00%, Dimethicone 1.00%, Sodium Hyaluronate 5.00%, Phenoxyethanol 0.90%, Ethylhexylglycerin 0.40%.",
            "id": "sample_074_0061_000006",
            "annotations": []
        },
        {
            "sentence": "포뮬러(마무리): Parfum (Fragrance) 0.50%, Tocopherol 0.10%, Citric Acid 0.10%; 총합계=100.00%로 백분율 합계 검증을 완료하였습니다.",
            "id": "sample_074_0061_000007",
            "annotations": []
        },
        {
            "sentence": "알레르기 유발 성분 및 프래그런스 관련 성분: Parfum에 Limonene 및 Linalool 함유 가능성이 있으며 별도 경고문 표기를 권장합니다.",
            "id": "sample_074_0061_000008",
            "annotations": []
        },
        {
            "sentence": "보존제 목록: Phenoxyethanol 0.90% 및 Ethylhexylglycerin 0.40%를 보존제로 사용하였고, 각 성분의 허용 최대 사용량 규제(유럽 및 대한민국)를 검토하였습니다.",
            "id": "sample_074_0061_000009",
            "annotations": []
        },
        {
            "sentence": "원료 공급자 및 로트: CapTri™ 공급사=GreenChem Co., lot_no=GC-20241209-301, 수령일=2024-12-12T08:00:00Z, 품질확인 완료.",
            "id": "sample_074_0061_000010",
            "annotations": []
        },
        {
            "sentence": "SDS(물질안전보건자료)는 공급자 제공 원문을 참조하며 파일명='SDS_GreenChem_GC-20241209-301.pdf', 생성일=2024-12-10T12:00:00Z입니다.",
            "id": "sample_074_0061_000011",
            "annotations": []
        },
        {
            "sentence": "CPSR 요약: 본 제품의 Cosmetic Product Safety Report는 EU 가이드라인과 MFDS 요구사항을 반영하여 작성되었으며 CPSR 파일은 내부 저장소에 보관되어 있습니다.",
            "id": "sample_074_0061_000012",
            "annotations": []
        },
        {
            "sentence": "CPSR 원문 파일 경로(내부): internal:/srv/cpsr/074_0061_CPSR.pdf 및 접근 로그는 보안 정책에 따라 제한됩니다.",
            "id": "sample_074_0061_000013",
            "annotations": [
                {
                    "word": "internal:/srv/cpsr/074_0061_CPSR.pdf",
                    "start": 19,
                    "end": 55,
                    "label": "기밀정보"
                }
            ]
        },
        {
            "sentence": "안정성 시험: 가속 안정성 6주(40°C, 75% RH) 시험이 2025-01-16T09:00:00Z에 시작되어 2025-02-27T09:00:00Z에 종료되었고 외관, pH(초기 5.6 → 후 5.5), 점도 변화는 허용범위 내였습니다.",
            "id": "sample_074_0061_000014",
            "annotations": []
        },
        {
            "sentence": "미생물 시험 보고서: 총호기성미생물수(TAMC) 원시값=10 CFU/g, 허용기준<1000 CFU/g, 결과=pass; Pseudomonas aeruginosa 및 Staphylococcus aureus 부재 확인, 결과=pass입니다.",
            "id": "sample_074_0061_000015",
            "annotations": []
        },
        {
            "sentence": "COA(성적서) 요약: pH 측정 원시값=5.6(측정기록 참조), 중량균일성=50.1 g(허용±2%), 결과=pass; 원시측정값은 COA 원문에 포함되어 있습니다.",
            "id": "sample_074_0061_000016",
            "annotations": []
        },
        {
            "sentence": "패치 테스트(민감성): 본 패치 테스트는 30명의 자발적 성인 참가자(익명화된 참여자 ID 사용, 동의서 확보) 대상으로 2025-02-01T09:00:00Z에 시행되었고 평균 반응 등급은 0-1로 요약됩니다.",
            "id": "sample_074_0061_000017",
            "annotations": []
        },
        {
            "sentence": "패치 테스트 원자료는 anonymized_participants.zip으로 내부 보관하며 개별 참가자 식별정보는 비식별화되어 있습니다.",
            "id": "sample_074_0061_000018",
            "annotations": []
        },
        {
            "sentence": "라벨링 및 경고문구: 사용법, 전성분(INCI), 알레르기 경고(Fragrance 관련), 보관조건 및 배치번호 표기를 제품라벨에 적용하였습니다.",
            "id": "sample_074_0061_000019",
            "annotations": []
        },
        {
            "sentence": "라벨 아트웍 메타데이터: 파일명='label_front_074_0061.png', 해상도=3500x2400 px, 색공간=sRGB, 포맷=PNG입니다.",
            "id": "sample_074_0061_000020",
            "annotations": []
        },
        {
            "sentence": "포장 사양: 튜브 재질=HDPE, 캡=PP, 인쇄 잉크는 식품접촉 안전성을 검토하였고 재활용 코드 포함하였습니다.",
            "id": "sample_074_0061_000021",
            "annotations": []
        },
        {
            "sentence": "규제 상태: 대한민국 MFDS 사전 통보 준비 완료, EU CPNP 제출 준비 중, 미국 FDA는 화장품 신고 제도 대상 아님을 확인하였습니다(규제 문구 원문 링크 첨부 가능).",
            "id": "sample_074_0061_000022",
            "annotations": []
        },
        {
            "sentence": "공급망 추적: 주요 원료 CapTri™의 공급자 은행 이체를 위해 제공된 계좌번호(공급자 서류 참조)=123-456-789012는 내부 결제 정보로 취급됩니다.",
            "id": "sample_074_0061_000023",
            "annotations": [
                {
                    "word": "123-456-789012",
                    "start": 57,
                    "end": 71,
                    "label": "기밀정보"
                }
            ]
        },
        {
            "sentence": "재고 현황 및 출고 기록: 배치 BATCH-20250115-074는 2025-01-20T10:00:00Z 기준 창고 재고 12개로 등록되어 있으며 유통기한 라벨링이 완료되었습니다.",
            "id": "sample_074_0061_000024",
            "annotations": []
        },
        {
            "sentence": "소비자 리뷰 및 클레임 처리: 리뷰는 익명화(user_****)되어 저장되며 개인 식별정보가 포함된 경우 동의 여부를 기록하여 비식별 처리하였습니다.",
            "id": "sample_074_0061_000025",
            "annotations": []
        },
        {
            "sentence": "리콜 프로토콜: 배치 리콜 기준 및 트리거 이벤트, 회수 시나리오와 연락 책임자 및 절차는 내부 지침서에 정의되어 있습니다.",
            "id": "sample_074_0061_000026",
            "annotations": []
        },
        {
            "sentence": "품질 책임자 서명: 최종검토자=천가현, 직책=품질관리팀장, 검토일자=2025-01-20T11:00:00Z으로 문서에 명기되어 있습니다.",
            "id": "sample_074_0061_000027",
            "annotations": [
                {
                    "word": "천가현",
                    "start": 17,
                    "end": 20,
                    "label": "개인정보"
                }
            ]
        },
        {
            "sentence": "시험분석 담당자: 분석자=민연욱, 사번=EID-00421, 분석일자=2025-01-16T08:30:00Z으로 COA 및 미생물시험 문서에 기록되어 있습니다.",
            "id": "sample_074_0061_000028",
            "annotations": [
                {
                    "word": "민연욱",
                    "start": 14,
                    "end": 17,
                    "label": "개인정보"
                },
                {
                    "word": "EID-00421",
                    "start": 22,
                    "end": 31,
                    "label": "개인정보"
                }
            ]
        },
        {
            "sentence": "기술 문서(레시피, SOP) 원문은 보안 저장소 internal:/srv/formula/074_0061 및 권한 기반 접근 통제로 관리됩니다.",
            "id": "sample_074_0061_000029",
            "annotations": [
                {
                    "word": "internal:/srv/formula/074_0061",
                    "start": 27,
                    "end": 57,
                    "label": "기밀정보"
                }
            ]
        },
        {
            "sentence": "결론 및 권장조치: 출시 전 라벨 최종검토, CPSR 원문 검토, 보존제 노출평가 보완을 권고하며 후속 모니터링 계획을 수립할 것을 제안합니다.",
            "id": "sample_074_0061_000030",
            "annotations": []
        }
    ]
}