{
    "document_id": "074_0084",
    "document_title": "리바이브 모이스처 크림 제품 사양서 및 품질·규제 통합 기록",
    "data": [
        {
            "sentence": "문서 개요: 본 문서는 '리바이브 모이스처 크림'의 제품 사양서, 규제 제출 자료 및 품질관리 기록을 통합한 공식 문서입니다.",
            "id": "sample_074_0084_000001",
            "annotations": []
        },
        {
            "sentence": "문서 생성일: 2026-01-10T10:00:00Z, 버전(version): 1.0, 기록은 변경 이력으로 추적됩니다.",
            "id": "sample_074_0084_000002",
            "annotations": []
        },
        {
            "sentence": "제품 기본정보: 제품명 '리바이브 모이스처 크림', SKU: RVM-50ML, 용량 50 mL, GTIN 8801234567890.",
            "id": "sample_074_0084_000003",
            "annotations": []
        },
        {
            "sentence": "배치 및 추적성: batch_number BATCH-20260110-001에 모든 제조·시험 데이터가 연결되어 있습니다.",
            "id": "sample_074_0084_000004",
            "annotations": []
        },
        {
            "sentence": "제조일(ISO 8601, UTC): 2026-01-10T08:30:00Z, 유효기한(ISO 8601, UTC): 2028-01-09T08:30:00Z.",
            "id": "sample_074_0084_000005",
            "annotations": []
        },
        {
            "sentence": "원료 성분은 INCI 표기법을 사용하였고 동의어는 trade_name 필드에 병기하였습니다.",
            "id": "sample_074_0084_000006",
            "annotations": []
        },
        {
            "sentence": "포뮬러(중량 w/w% 기준): Aqua 60.000%, Glycerin 5.000%, Caprylic/Capric Triglyceride 8.000%.",
            "id": "sample_074_0084_000007",
            "annotations": []
        },
        {
            "sentence": "계속되는 성분: Cetyl Alcohol 3.000%, Cetearyl Alcohol 2.500%, Glyceryl Stearate 1.500%, Dimethicone 1.000%.",
            "id": "sample_074_0084_000008",
            "annotations": []
        },
        {
            "sentence": "활성·첨가제: Niacinamide 2.000%, Tocopherol 0.500%, Phenoxyethanol 0.900%, Ethylhexylglycerin 0.200%, Parfum 0.400%.",
            "id": "sample_074_0084_000009",
            "annotations": []
        },
        {
            "sentence": "포뮬러 총합 검증: 성분 합계는 85.000%로 100% 이하임을 확인하였고 잔여량은 Purified Water 및 생산 공차로 처리됩니다.",
            "id": "sample_074_0084_000010",
            "annotations": []
        },
        {
            "sentence": "pH 측정값: 최종 배치 pH 5.60 (측정일 2026-01-10T09:00:00Z), 허용범위 5.0–6.0, 결과 PASS.",
            "id": "sample_074_0084_000011",
            "annotations": []
        },
        {
            "sentence": "알레르기 유발 성분(별도 표기): Limonene (INCI), Linalool (INCI), Fragrance 관련 알레르겐을 라벨에 표기하였습니다.",
            "id": "sample_074_0084_000012",
            "annotations": []
        },
        {
            "sentence": "보존제 목록: Phenoxyethanol (0.900% w/w), Ethylhexylglycerin (0.200% w/w)을 사용하였고 EU·MFDS 규제 한도를 준수합니다.",
            "id": "sample_074_0084_000013",
            "annotations": []
        },
        {
            "sentence": "SDS(Safety Data Sheet): 물질안전보건자료는 제조사 표준 템플릿을 기반으로 작성하였고 링크는 문서 말미에 참조합니다.",
            "id": "sample_074_0084_000014",
            "annotations": []
        },
        {
            "sentence": "CPSR 요약: Cosmetic Product Safety Report는 EU 가이드라인을 참고하여 작성되었으며 근거문서(CPSR 원본)는 내부 레포지토리(링크, simulated)로 연결됩니다.",
            "id": "sample_074_0084_000015",
            "annotations": []
        },
        {
            "sentence": "안전성 시험결과(패치테스트): 패치테스트 지원자 생년월일 1985-04-12, 성별 여성, 패치 결과 비자극(등급 0)으로 판정되었습니다; 원자료 연결: /data/patch/BATCH-20260110-001 (simulated).",
            "id": "sample_074_0084_000016",
            "annotations": [
                {
                    "word": "1985-04-12",
                    "start": 32,
                    "end": 42,
                    "label": "준식별자"
                },
                {
                    "word": "여성",
                    "start": 47,
                    "end": 49,
                    "label": "준식별자"
                }
            ]
        },
        {
            "sentence": "민감성 테스트 관련 개인정보 취급: 패치테스트 참가자의 개인식별정보는 동의 기반으로 수집하였고 결과는 익명화 및 내부 보관합니다.",
            "id": "sample_074_0084_000017",
            "annotations": []
        },
        {
            "sentence": "패치테스트 담당자 및 제조 책임자 정보는 배치 레코드에 기록되어 있으며 제조 담당자: 안필준이 최종 확인하였습니다.",
            "id": "sample_074_0084_000018",
            "annotations": [
                {
                    "word": "안필준",
                    "start": 48,
                    "end": 51,
                    "label": "개인정보"
                }
            ]
        },
        {
            "sentence": "제조 시설 및 납품지: 공장 주소(납품지): 서울특별시 강남구 테헤란로 100-12, 3층 (납품 담당자: 박연수).",
            "id": "sample_074_0084_000019",
            "annotations": [
                {
                    "word": "박연수",
                    "start": 60,
                    "end": 63,
                    "label": "개인정보"
                },
                {
                    "word": "서울특별시 강남구 테헤란로 100-12, 3층",
                    "start": 25,
                    "end": 50,
                    "label": "개인정보"
                }
            ]
        },
        {
            "sentence": "연락처 및 고객지원: 고객지원 이메일 support@example.com, 고객센터 전화 010-1234-5678; 소비자 데이터는 동의 여부에 따라 비식별화 처리됩니다.",
            "id": "sample_074_0084_000020",
            "annotations": [
                {
                    "word": "support@example.com",
                    "start": 21,
                    "end": 40,
                    "label": "개인정보"
                },
                {
                    "word": "010-1234-5678",
                    "start": 50,
                    "end": 63,
                    "label": "개인정보"
                }
            ]
        },
        {
            "sentence": "COA(Certificate of Analysis): 중금속 시험 - Lead (Pb) 2 mg/kg (한도 10 mg/kg) PASS; Mercury (Hg) <0.1 mg/kg PASS; 원시값과 판정(PASS/FAIL) 모두 저장됩니다.",
            "id": "sample_074_0084_000021",
            "annotations": []
        },
        {
            "sentence": "미생물 시험보고서: 총생균수(TVC) 35 CFU/g 합격(한도 100 CFU/g), 대장균군 음성, 효모·곰팡이 10 CFU/g PASS, 원시 데이터 파일 경로 포함.",
            "id": "sample_074_0084_000022",
            "annotations": []
        },
        {
            "sentence": "보관 조건 및 라벨링: 보관 온도 5–25°C, 직사광선 회피; 제품 라벨에는 사용법, 주의사항, 규제 관련 경고문(영문 원문 포함)을 표기하였습니다.",
            "id": "sample_074_0084_000023",
            "annotations": []
        },
        {
            "sentence": "포장 및 아트웍 메타데이터: artwork_filename 'RVM_50ML_v1.png', 해상도 3000x2000 px, 색공간 sRGB, 파일포맷 PNG.",
            "id": "sample_074_0084_000024",
            "annotations": []
        },
        {
            "sentence": "포장 규격: 용기 재질 PET, 라벨 재질 PE, 용기 중량 18.5 g, 총 중량(포장 포함) 75.0 g.",
            "id": "sample_074_0084_000025",
            "annotations": []
        },
        {
            "sentence": "공급망 추적: 주요 원료 공급자 ACME Ingredients Ltd., 공급 로트 LOT-ACME-2109는 batch_number BATCH-20260110-001과 매핑됩니다.",
            "id": "sample_074_0084_000026",
            "annotations": []
        },
        {
            "sentence": "재고 및 출하: 현재 창고재고 3,250개, 유통기한 임박(90일 내) 제품 수량 120개로 리콜 준비 기준을 확인했습니다.",
            "id": "sample_074_0084_000027",
            "annotations": []
        },
        {
            "sentence": "내부 결제 및 금융정보(기밀): 지급 계좌 기업은행 123-456-789012는 내부 기밀정보로 분류되어 접근 통제가 적용됩니다.",
            "id": "sample_074_0084_000028",
            "annotations": [
                {
                    "word": "123-456-789012",
                    "start": 29,
                    "end": 43,
                    "label": "기밀정보"
                }
            ]
        },
        {
            "sentence": "규제 제출 현황: 한국 MFDS 제출번호 2025-CP-000123, EU CPNP 제출은 2025-07-20T14:30:00Z에 완료되었음을 기록합니다.",
            "id": "sample_074_0084_000029",
            "annotations": []
        },
        {
            "sentence": "결론 및 조치사항: 차기 안정성 시험 일정 2026-07-10T09:00:00Z로 계획하였고 문서 및 배치 레코드는 추적 가능하도록 보관합니다.",
            "id": "sample_074_0084_000030",
            "annotations": []
        }
    ]
}