{
    "document_id": "074_0023",
    "document_title": "라이트-브라이트 하이드레이팅 크림 제품 기술문서 및 배치 검증 보고서",
    "data": [
        {
            "sentence": "문서명: '라이트-브라이트 하이드레이팅 크림 제품 사양서 (Cosmetic Product Specification)'.",
            "id": "sample_074_0023_000001",
            "annotations": []
        },
        {
            "sentence": "본 문서는 제조, 시험, 규제 제출, 라벨링, 패치 테스트 결과를 배치 단위로 통합한 기술 문서입니다.",
            "id": "sample_074_0023_000002",
            "annotations": []
        },
        {
            "sentence": "제품명: Light-Bright Hydrating Cream, SKU: LB-50ML, GTIN: 8801234567890.",
            "id": "sample_074_0023_000003",
            "annotations": []
        },
        {
            "sentence": "배치번호(batch_number): BATCH-20250115-074A, 제조일(manufacture_date): 2025-01-15T08:30:00Z, 유통기한(expiry_date): 2027-01-14T23:59:59Z.",
            "id": "sample_074_0023_000004",
            "annotations": []
        },
        {
            "sentence": "포뮬러(INCI 표기) 검증: Aqua (Water) 68.0 w/w%, Glycerin 5.0 w/w%, Butylene Glycol 4.5 w/w%, Caprylic/Capric Triglyceride 8.0 w/w%.",
            "id": "sample_074_0023_000005",
            "annotations": []
        },
        {
            "sentence": "포뮬러(INCI) 계속: Propanediol 3.0 w/w%, Niacinamide 2.0 w/w%, Sodium Hyaluronate 0.5 w/w%, Carbomer 0.3 w/w%.",
            "id": "sample_074_0023_000006",
            "annotations": []
        },
        {
            "sentence": "포뮬러(INCI) 추가: Triethanolamine 0.2 w/w%, Phenoxyethanol 0.9 w/w% (보존제), Ethylhexylglycerin 0.3 w/w% (보존 보조), Fragrance (Parfum) 0.5 w/w%.",
            "id": "sample_074_0023_000007",
            "annotations": []
        },
        {
            "sentence": "포뮬러(INCI) 마무리: Tocopherol 0.2 w/w%, Disodium EDTA 0.5 w/w%, CI 77491 0.1 w/w%, Excipient 6.0 w/w%으로 합계 100.0 w/w%를 확인했습니다.",
            "id": "sample_074_0023_000008",
            "annotations": []
        },
        {
            "sentence": "동의어 및 trade_name 표기: Aqua (INCI) = Water (trade_name), Caprylic/Capric Triglyceride = MCT Oil (trade_name)로 매핑되었습니다.",
            "id": "sample_074_0023_000009",
            "annotations": []
        },
        {
            "sentence": "알레르기 유발 성분: Linalool, Limonene은 Fragrance 내 각 0.02 w/w% 수준이며, 제품 알레르겐 표기에 반영합니다.",
            "id": "sample_074_0023_000010",
            "annotations": []
        },
        {
            "sentence": "보존제 목록: Phenoxyethanol 0.9 w/w%, Ethylhexylglycerin 0.3 w/w%이며, EU 규정 및 KFDA/MFDS 가이드라인을 기준으로 허용량을 준수합니다.",
            "id": "sample_074_0023_000011",
            "annotations": []
        },
        {
            "sentence": "정밀 시험 결과는 COA와 원시 데이터로 제공되며, COA 파일명은 COA_LB_BATCH-20250115-074A.pdf입니다.",
            "id": "sample_074_0023_000012",
            "annotations": []
        },
        {
            "sentence": "미생물시험(microbiology report) 원시값: 총호기성미생물(TAMC) 10 CFU/g, 효모·곰팡이(TYC) <10 CFU/g, 판정: pass.",
            "id": "sample_074_0023_000013",
            "annotations": []
        },
        {
            "sentence": "안정성 시험(stability test) 요약: 6개월 실온(25°C) 저장 시 pH 5.8→5.7 변화, 색상 및 점도 이상 없음, 판정: pass.",
            "id": "sample_074_0023_000014",
            "annotations": []
        },
        {
            "sentence": "패치테스트(patch_test) 요약: 50명 패널(동의서 보관) 48시간 판독 후 자극지수 평균 0.2, 심한 발적 사례 0건, 판정: pass, 원자료 연결: /srv/internal/qc/reports/patch_074_2025.xlsx.",
            "id": "sample_074_0023_000015",
            "annotations": [
                {
                    "word": "/srv/internal/qc/reports/patch_074_2025.xlsx",
                    "start": 91,
                    "end": 135,
                    "label": "기밀정보"
                }
            ]
        },
        {
            "sentence": "소비자 사용 테스트는 비식별화 처리되어 있으며, 리뷰 ID REV-0001에는 '흡수감이 좋습니다'라는 텍스트가 기록되어 있습니다; 이용자 동의 여부: 동의서 보관.",
            "id": "sample_074_0023_000016",
            "annotations": []
        },
        {
            "sentence": "안전성 평가 보고서(CPSR)는 유럽 규정(EC) No 1223/2009 및 MFDS 가이드라인을 참조하여 작성되었습니다; 참고 링크: https://ec.europa.eu/health/sites/default/files/scientific_committees/docs/cosmetics_1223_2009_en.pdf.",
            "id": "sample_074_0023_000017",
            "annotations": []
        },
        {
            "sentence": "규제 제출 상태: EU CPNP 제출 완료(2025-01-20T10:00:00Z), KFDA(MFDS) 자문완료, 미국 FDA는 자율 규제 대상으로 등록 예정입니다.",
            "id": "sample_074_0023_000018",
            "annotations": []
        },
        {
            "sentence": "라벨링(label artwork) 파일 메타데이터: filename=LB_Label_v1_50ml.png, resolution=3000x2000 px, color_space=sRGB, format=PNG.",
            "id": "sample_074_0023_000019",
            "annotations": []
        },
        {
            "sentence": "포장 사양(packaging_spec): 용기(cap) 재질 PET, 튜브 용량 50 mL, 라벨 소재: 수축필름, 재질 규격은 내부 문서에 명시되어 있습니다.",
            "id": "sample_074_0023_000020",
            "annotations": []
        },
        {
            "sentence": "공급망 추적(supply_chain_trace): 원료 Niacinamide 공급자: Supplier-A, 배치번호 SUP-A-20241201, 원료 SDS는 SDS_Niacinamide_SUP-A.pdf에 연결되어 있습니다.",
            "id": "sample_074_0023_000021",
            "annotations": []
        },
        {
            "sentence": "재고 및 유통(inventory_status): 현재 창고 재고 5,200 개, 판매기록(sales_record) 월평균 1,200 개, GTIN 기반 로트별 추적이 가능합니다.",
            "id": "sample_074_0023_000022",
            "annotations": []
        },
        {
            "sentence": "리콜 이력: 현재 해당 SKU에 대한 리콜 이력 없음, 잠재적 리콜 계획은 내부 절차에 따라 배치별로 평가합니다.",
            "id": "sample_074_0023_000023",
            "annotations": []
        },
        {
            "sentence": "마케팅 클레임 근거: 소비자 사용 만족도 조사 결과 및 소규모 임상(시뮬레이션된 데이터는 'simulated' 태그 표기) 자료를 근거로 광고 문구 초안을 작성합니다.",
            "id": "sample_074_0023_000024",
            "annotations": []
        },
        {
            "sentence": "배치 기록(batch_record) 예시: 제조자 허가서, 사용 원료 LOT, 공정 파라미터, 최종 검사결과가 BATCH-20250115-074A에 연결되어 있습니다.",
            "id": "sample_074_0023_000025",
            "annotations": []
        },
        {
            "sentence": "문서 버전(version): 1.0, 생성 타임스탬프(created_at): 2025-01-16T12:00:00Z, 수정 이력은 변경 로그에 기록됩니다.",
            "id": "sample_074_0023_000026",
            "annotations": []
        },
        {
            "sentence": "문서 작성자: 최예온, 생년월일: 1990-05-14, 성별: 여성, 소속: 규제·품질팀, 연락처: choi.yeon@example.com, 긴급 연락처: 010-1234-5678.",
            "id": "sample_074_0023_000027",
            "annotations": [
                {
                    "word": "최예온",
                    "start": 8,
                    "end": 11,
                    "label": "개인정보"
                },
                {
                    "word": "1990-05-14",
                    "start": 19,
                    "end": 29,
                    "label": "준식별자"
                },
                {
                    "word": "여성",
                    "start": 35,
                    "end": 37,
                    "label": "준식별자"
                },
                {
                    "word": "규제·품질팀",
                    "start": 43,
                    "end": 49,
                    "label": "준식별자"
                },
                {
                    "word": "choi.yeon@example.com",
                    "start": 56,
                    "end": 77,
                    "label": "개인정보"
                },
                {
                    "word": "010-1234-5678",
                    "start": 87,
                    "end": 100,
                    "label": "개인정보"
                }
            ]
        },
        {
            "sentence": "승인자(approver): 배범수, 내부 파일 경로(기밀): /srv/internal/qc/reports/COA_074_2025.pdf, 내부 인트라넷 링크: https://intranet.company.local/report/COA_074, 공급자 계좌(기밀) 계좌번호: 123-456789-01-02.",
            "id": "sample_074_0023_000028",
            "annotations": [
                {
                    "word": "배범수",
                    "start": 15,
                    "end": 18,
                    "label": "개인정보"
                },
                {
                    "word": "/srv/internal/qc/reports/COA_074_2025.pdf",
                    "start": 34,
                    "end": 75,
                    "label": "기밀정보"
                },
                {
                    "word": "https://intranet.company.local/report/COA_074",
                    "start": 89,
                    "end": 134,
                    "label": "기밀정보"
                },
                {
                    "word": "123-456789-01-02",
                    "start": 153,
                    "end": 169,
                    "label": "기밀정보"
                }
            ]
        },
        {
            "sentence": "제조시설 주소: 서울특별시 강남구 테헤란로 123, 우편번호 06134.",
            "id": "sample_074_0023_000029",
            "annotations": [
                {
                    "word": "서울특별시 강남구 테헤란로 123",
                    "start": 9,
                    "end": 27,
                    "label": "개인정보"
                },
                {
                    "word": "우편번호 06134",
                    "start": 29,
                    "end": 39,
                    "label": "개인정보"
                }
            ]
        }
    ]
}