{
    "document_id": "074_0048",
    "document_title": "Moisture Treatment 150ml 제품 사양서 및 규제·품질 통합 보고서",
    "data": [
        {
            "sentence": "본 문서는 Moisture Treatment 150ml(모이스처 트리트먼트, 이하 '제품')에 대한 제품사양서, 시험성적서, CPSR 요약 및 배치 추적 정보를 통합 제공한다.",
            "id": "sample_074_0048_000001",
            "annotations": []
        },
        {
            "sentence": "제품 기본정보: SKU 코드 MT-150-01, GTIN 08801234567890, 용량 150 ml, 포장형태: HDPE 튜브, 색상 표준: sRGB 프로파일 기준이다.",
            "id": "sample_074_0048_000002",
            "annotations": []
        },
        {
            "sentence": "포뮬라(완제품, w/w%): Aqua 65.000%, Glycerin 5.000%, Caprylic/Capric Triglyceride 8.000%, Cetearyl Alcohol 3.000%, Behentrimonium Chloride 0.500%.",
            "id": "sample_074_0048_000003",
            "annotations": []
        },
        {
            "sentence": "계속되는 포뮬라: Phenoxyethanol 0.900% (preservative), Ethylhexylglycerin 0.400% (synergist), Parfum (Fragrance) 0.300%, Tocopherol 0.200%, Citric Acid 0.100%.",
            "id": "sample_074_0048_000004",
            "annotations": []
        },
        {
            "sentence": "추가 보존제/첨가제: Benzyl Alcohol 0.200%, Sodium Benzoate 0.500%, Potassium Sorbate 0.400%이며, 총 합계는 84.500%로 100% 이하임을 검증했다.",
            "id": "sample_074_0048_000005",
            "annotations": []
        },
        {
            "sentence": "성분 표기는 INCI 표기를 기준으로 하였고, trade_name 동의어는 공급자 표기란에 병기한다; 예: Caprylic/Capric Triglyceride (trade_name: MCT-Blend).",
            "id": "sample_074_0048_000006",
            "annotations": []
        },
        {
            "sentence": "알레르기·민감성 성분: Parfum(Fragrance), Benzyl Alcohol는 알레르겐 후보로 별도 알레르겐 목록에 표기하였고 경고문구를 라벨에 포함시킨다.",
            "id": "sample_074_0048_000007",
            "annotations": []
        },
        {
            "sentence": "보존제 목록(preservatives): Phenoxyethanol, Benzyl Alcohol, Sodium Benzoate, Potassium Sorbate를 보존제로 지정하고 함유량을 성분표에 명시하였다.",
            "id": "sample_074_0048_000008",
            "annotations": []
        },
        {
            "sentence": "안전자료(SDS)는 최신 버전으로 첨부하였으며, SDS 버전 2026-01-10T00:00:00Z에 따라 화학적 위험성, 응급조치 및 저장조건을 기술했다.",
            "id": "sample_074_0048_000009",
            "annotations": []
        },
        {
            "sentence": "Cosmetic Product Safety Report(CPSR)는 EU 및 한국 규제 기준을 반영하여 작성하였고, 문서 요약과 함께 원문 링크 또는 내부 원자료 경로를 제공한다(링크는 별도 접근 권한 필요).",
            "id": "sample_074_0048_000010",
            "annotations": []
        },
        {
            "sentence": "안정성 시험(stability_test_report): 6개월 가속(40°C/75% RH) 및 실온(25°C) 장기시험의 물리화학적 변화, pH 변화, 색도 변화를 측정해 합격여부를 판단하였다.",
            "id": "sample_074_0048_000011",
            "annotations": []
        },
        {
            "sentence": "제조시설 위치(준식별자 표기): 제조공장 소재지: 서울특별시 강남구에 위치하며 물류 및 보관 조건은 온도 5-25°C를 권장한다.",
            "id": "sample_074_0048_000012",
            "annotations": [
                {
                    "word": "서울특별시",
                    "start": 28,
                    "end": 33,
                    "label": "준식별자"
                },
                {
                    "word": "강남구",
                    "start": 34,
                    "end": 37,
                    "label": "준식별자"
                }
            ]
        },
        {
            "sentence": "패치테스트 요약: 총 50명 대상 소비자 패치테스트에서 국소 반응률은 0.0%였으며, 피시험자 연령 평균은 34세이고 성별 분포는 여성 중심이었다.",
            "id": "sample_074_0048_000013",
            "annotations": [
                {
                    "word": "34세",
                    "start": 60,
                    "end": 63,
                    "label": "준식별자"
                },
                {
                    "word": "여성",
                    "start": 73,
                    "end": 75,
                    "label": "준식별자"
                }
            ]
        },
        {
            "sentence": "패치테스트 원자료는 비식별화된 원시데이터로 저장되어 있으며, 예시 피시험자 생년월일은 1990-05-12 포맷으로 기록되었고 개별 식별자는 제거되었다(원자료 링크: simulated).",
            "id": "sample_074_0048_000014",
            "annotations": [
                {
                    "word": "1990-05-12",
                    "start": 48,
                    "end": 58,
                    "label": "준식별자"
                }
            ]
        },
        {
            "sentence": "미생물시험(microbiology_report): 배치 BATCH-20260115-001에 대한 총호기성생균수(TAMC) 원시값은 10 CFU/g, 합격판정 PASS로 기록되었다.",
            "id": "sample_074_0048_000015",
            "annotations": []
        },
        {
            "sentence": "배치·로트 추적성: 모든 제조·시험 데이터는 batch_number BATCH-20260115-001로 연결되어 있으며 내부 검증서와 서버 저장소(서버 IP 10.0.5.12)에서 관리된다.",
            "id": "sample_074_0048_000016",
            "annotations": [
                {
                    "word": "10.0.5.12",
                    "start": 88,
                    "end": 97,
                    "label": "기밀정보"
                }
            ]
        },
        {
            "sentence": "COA(Certificate of Analysis)는 배치별 원시값과 합격여부를 병기하여 제공하며, 예: 점도 12000 mPa·s(원시값), 합격(PASS) 표기를 포함한다.",
            "id": "sample_074_0048_000017",
            "annotations": []
        },
        {
            "sentence": "규제 제출 상태: MFDS(한국) 등록 준비중, EU CPNP 제출완료(2026-01-12T00:00:00Z), FDA 관련 비의약외품 해당 여부는 별도 검토 문서 참조(내부 승인코드 INT-APP-00987).",
            "id": "sample_074_0048_000018",
            "annotations": [
                {
                    "word": "INT-APP-00987",
                    "start": 103,
                    "end": 116,
                    "label": "기밀정보"
                }
            ]
        },
        {
            "sentence": "내부 문서 경로 및 SOP: 포뮬레이션 검증을 위한 내부 SOP 경로는 /internal/sop/formulation_v2.pdf로 관리되며 외부공개 대상이 아닌 내부기밀로 분류한다.",
            "id": "sample_074_0048_000019",
            "annotations": [
                {
                    "word": "/internal/sop/formulation_v2.pdf",
                    "start": 40,
                    "end": 72,
                    "label": "기밀정보"
                }
            ]
        },
        {
            "sentence": "라벨 아트웍(label_artwork): 파일명 MT_Label_v1.png, 해상도 3500x2500 px, 색공간 sRGB, 파일포맷 PNG로 저장되어 메타데이터에 포함된다.",
            "id": "sample_074_0048_000020",
            "annotations": []
        },
        {
            "sentence": "패키징 사양(packaging_spec): 튜브 재질 HDPE, 캡 재질 PP, 라벨 인쇄 잉크는 식품접촉 등급 잔류물 평가에 적합함을 명시하였다.",
            "id": "sample_074_0048_000021",
            "annotations": []
        },
        {
            "sentence": "재고 상태(inventory_status): 중앙창고 재고 5,200개이며 유효기간 기준 FEFO(First Expire First Out) 정책을 적용한다; 유통기한 표기 방식은 YYYY-MM-DD(UTC)이다.",
            "id": "sample_074_0048_000022",
            "annotations": []
        },
        {
            "sentence": "판매기록(sales_record): 채널별 판매량과 리턴율은 별도 BI 대시보드에서 집계하며, 소비자 리뷰는 비식별 처리 후 제품 개선 목적으로만 사용한다(동의여부 표기 포함).",
            "id": "sample_074_0048_000023",
            "annotations": []
        },
        {
            "sentence": "소비자 리뷰 예시(비식별): 리뷰 요약 - '사용감이 가벼움, 향이 은은함', 리뷰 원자료는 익명화 되어 있으며 개인정보는 저장하지 않는다(동의 기반 처리 여부 명시).",
            "id": "sample_074_0048_000024",
            "annotations": []
        },
        {
            "sentence": "리콜 정책 및 이력: 현재 해당 제품에 대한 리콜 이력은 없으며, 리콜 발생 시 batch_number를 기준으로 전수 회수 및 MFDS 신고 절차를 실시한다.",
            "id": "sample_074_0048_000025",
            "annotations": []
        },
        {
            "sentence": "마케팅 클레임 및 근거: 본 제품의 보습 관련 문구는 소비자 사용자 테스트 자료와 소비자 인식 조사에 근거하며 임상·치료 효능을 암시하는 표현은 사용하지 않았다; 관련 근거문서는 'simulated' 태그로 표기한다.",
            "id": "sample_074_0048_000026",
            "annotations": []
        },
        {
            "sentence": "공급망 추적(supply_chain_trace): 주요 원료 공급자는 계약상 비공개이며, 입고검사 성적서와 공급자 COA는 batch_number와 연계되어 내부 시스템에 보관된다.",
            "id": "sample_074_0048_000027",
            "annotations": []
        },
        {
            "sentence": "품질관리 책임자 서명란에는 작성자 및 승인자를 기록하도록 되어 있으며, 문서 작성자는 원성자, 최종 검토·승인자는 강채안으로 내부 이력에 남겨진다.",
            "id": "sample_074_0048_000028",
            "annotations": [
                {
                    "word": "원성자",
                    "start": 48,
                    "end": 51,
                    "label": "개인정보"
                },
                {
                    "word": "강채안",
                    "start": 64,
                    "end": 67,
                    "label": "개인정보"
                }
            ]
        },
        {
            "sentence": "문서 변경이력: 생성 타임스탬프 2026-01-23T08:00:00Z, 현재 버전(version) v1.0이며 모든 개정은 버전 규칙에 따라 추적·보존된다.",
            "id": "sample_074_0048_000029",
            "annotations": []
        },
        {
            "sentence": "요약 및 조치항목: 규제 제출 보완(한국 MFDS 문서), 라벨 경고문구 검토, 패치테스트 원자료 접근 통제 강화 등이 우선 조치로 권고된다.",
            "id": "sample_074_0048_000030",
            "annotations": []
        }
    ]
}