{
    "document_id": "074_0038",
    "document_title": "수분장벽 강화 데일리 페이스크림 제품사양서 및 규제·시험 통합보고서",
    "data": [
        {
            "sentence": "본 문서는 '수분장벽 강화 데일리 페이스크림'의 제품사양서, 포뮬러, 시험보고서 및 규제 제출 기록을 통합 제공하기 위해 작성되었습니다.",
            "id": "sample_074_0038_000001",
            "annotations": []
        },
        {
            "sentence": "제품 기본 식별자는 SKU: SPC-074-50ML, GTIN: 8801234567890이며 배치 추적성 확보를 위해 모든 시험·제조 기록은 batch_number: BATCH-20250115-001으로 연결됩니다.",
            "id": "sample_074_0038_000002",
            "annotations": []
        },
        {
            "sentence": "제품 사양서(product_spec_sheet)는 제형 목적, 권장 사용법, 보관조건(실온 15-25°C) 및 유통기한(개봉 전 36개월)을 포함합니다.",
            "id": "sample_074_0038_000003",
            "annotations": []
        },
        {
            "sentence": "포뮬러는 INCI 표기를 기본으로 하였고 trade_name 병기가 필요한 성분은 trade_name 필드에 병기하였습니다; 모든 농도는 w/w%로 표기했습니다.",
            "id": "sample_074_0038_000004",
            "annotations": []
        },
        {
            "sentence": "주요 성분(INCI + % w/w): Aqua 68.50%, Glycerin 5.00%, Caprylic/Capric Triglyceride 10.00%, Cetearyl Alcohol 3.00%, Butyrospermum Parkii (Shea) Butter 2.50%.",
            "id": "sample_074_0038_000005",
            "annotations": []
        },
        {
            "sentence": "기능성·활성 성분은 Niacinamide 2.00% (trade_name: Vitamin B3), Tocopherol 0.20%를 포함하며 보존제 목록은 Phenoxyethanol 0.90% 및 Ethylhexylglycerin 0.20%입니다.",
            "id": "sample_074_0038_000006",
            "annotations": []
        },
        {
            "sentence": "Fragrance는 Parfum (trade_name: FragranceBlend) 0.50%를 사용하였고 해당 Parfum 내 Limonene 0.01%가 포함되어 있어 알레르기 경고 대상으로 표기합니다.",
            "id": "sample_074_0038_000007",
            "annotations": []
        },
        {
            "sentence": "포뮬러 성분의 백분율 합계는 현재 93.40%로 계산되어 100% 이하 제약을 만족하며 미기재분(용기무게·트레이스 불순물 등)은 허용오차로 별도 표기합니다.",
            "id": "sample_074_0038_000008",
            "annotations": []
        },
        {
            "sentence": "SDS(Safety Data Sheet)는 파일명 SDS_SPC-074_20250201.pdf로 보관하며 주요 노출경로, 응급조치 및 폐기절차가 포함되어 있고 링크는 내부 포털에 'simulated' 태그로 연결됩니다.",
            "id": "sample_074_0038_000009",
            "annotations": []
        },
        {
            "sentence": "CPSR(Cosmetic Product Safety Report) 요약에는 위해성 평가, 노출 평가 및 안전결론이 포함되며 완전판은 CPSR_SPC-074_v1.0_2025-02-10.pdf(링크: simulated)로 참조합니다.",
            "id": "sample_074_0038_000010",
            "annotations": []
        },
        {
            "sentence": "안정성 시험(stability_test_report)은 2025-03-01T00:00:00Z부터 2025-09-01T00:00:00Z까지 수행되었고 색도, 점도, pH(최종 pH 5.5 ± 0.2) 및 외관 변화를 원시값과 함께 기록했습니다.",
            "id": "sample_074_0038_000011",
            "annotations": []
        },
        {
            "sentence": "미생물검사(microbiology_report)는 batch_number BATCH-20250115-001의 원시값을 포함하며 총생균수(TAMC) 10 CFU/g, 진균수 0 CFU/g로 측정되어 합격(pass) 판정을 받았습니다.",
            "id": "sample_074_0038_000012",
            "annotations": []
        },
        {
            "sentence": "패치테스트(patch_test_report) 데이터는 배치 BATCH-20250115-001에 연결되어 있으며 패치테스트 참여자: 윤호근, 생년월일: 1985-03-15, 성별: 남성, 주소: 서울특별시 강남구, 동의서: 동의함(전자)으로 기록되었습니다.",
            "id": "sample_074_0038_000013",
            "annotations": [
                {
                    "word": "윤호근",
                    "start": 73,
                    "end": 76,
                    "label": "개인정보"
                },
                {
                    "word": "1985-03-15",
                    "start": 84,
                    "end": 94,
                    "label": "준식별자"
                },
                {
                    "word": "남성",
                    "start": 100,
                    "end": 102,
                    "label": "준식별자"
                },
                {
                    "word": "서울특별시 강남구",
                    "start": 108,
                    "end": 117,
                    "label": "준식별자"
                }
            ]
        },
        {
            "sentence": "패치테스트 결과 요약은 국소자극 지수(Primary Irritation Index) 평균 0.2, 원자료(raw data)는 patchtest_raw_BATCH-20250115-001.csv로 보관되어 있습니다.",
            "id": "sample_074_0038_000014",
            "annotations": []
        },
        {
            "sentence": "COA(Certificate of Analysis)는 원시값과 합격여부를 함께 제공하며 주요 항목으로 함량, 불순물, 중금속 및 잔류용매 테스트가 포함됩니다; COA 파일명 COA_SPC-074_BATCH-20250115-001.pdf.",
            "id": "sample_074_0038_000015",
            "annotations": []
        },
        {
            "sentence": "규제 제출 기록(regulatory_submission_document)은 MFDS(한국) 통지 상태 및 EU CPNP 제출 이력을 포함하며 등록일자는 각각 2025-02-01T12:00:00Z, 2025-02-10T08:00:00Z입니다.",
            "id": "sample_074_0038_000016",
            "annotations": []
        },
        {
            "sentence": "라벨 아트워크(label_artwork) 메타데이터는 파일명 artwork_SPC-074_front_v1.png, 해상도 3000x2000px, 색공간 sRGB, 포맷 PNG로 표준화되어 있습니다.",
            "id": "sample_074_0038_000017",
            "annotations": []
        },
        {
            "sentence": "포장 사양(packaging_spec)은 튜브 재질 알루미늄 코팅 폴리프로필렌, 용량 50 mL, 바코드 데이터는 GTIN을 포함합니다.",
            "id": "sample_074_0038_000018",
            "annotations": []
        },
        {
            "sentence": "재고 및 출고(inventory_status)는 중앙창고 재고 12,345개, 최근 30일 판매(sales_record) 합계 3,210개로 시스템에 기록되어 있습니다.",
            "id": "sample_074_0038_000019",
            "annotations": []
        },
        {
            "sentence": "소비자 테스트와 리뷰는 모두 동의 기반으로 수집되었으며 공개 리뷰 예시로 제공된 항목은 익명화 되었거나 참여자 동의가 명시되어 있습니다.",
            "id": "sample_074_0038_000020",
            "annotations": []
        },
        {
            "sentence": "공급망 추적(supply_chain_trace)에는 원료 공급자 명칭, 로트번호, 수입 통관 문서가 포함되고 주요 공급업체 담당자 기재는 내부접속 권한에 제한됩니다; 공급업체 담당자: 임두산.",
            "id": "sample_074_0038_000021",
            "annotations": [
                {
                    "word": "임두산",
                    "start": 103,
                    "end": 106,
                    "label": "개인정보"
                }
            ]
        },
        {
            "sentence": "계약 및 재무 정보의 일부는 기밀로 분류되며 예시로 계약번호 CNTR-2024-09-337이 내부문서에 기록되어 있습니다.",
            "id": "sample_074_0038_000022",
            "annotations": [
                {
                    "word": "CNTR-2024-09-337",
                    "start": 34,
                    "end": 50,
                    "label": "기밀정보"
                }
            ]
        },
        {
            "sentence": "내부 기술자료 접근경로는 기밀로 취급되며 예시 경로 '/srv/internal/formulations/074_0038/v1/secret_formula.xlsx'이 내부 참고용으로 명시되어 있습니다.",
            "id": "sample_074_0038_000023",
            "annotations": [
                {
                    "word": "/srv/internal/formulations/074_0038/v1/secret_formula.xlsx",
                    "start": 30,
                    "end": 88,
                    "label": "기밀정보"
                }
            ]
        },
        {
            "sentence": "재무 계좌번호 예시는 '계좌번호: 110-123-456789' 형태로 내부 기록에 존재하며 외부 공개 대상이 아닙니다.",
            "id": "sample_074_0038_000024",
            "annotations": [
                {
                    "word": "계좌번호: 110-123-456789",
                    "start": 13,
                    "end": 33,
                    "label": "기밀정보"
                }
            ]
        },
        {
            "sentence": "사내 서버 및 접속 정보 예시는 관리목적으로 기록되며 예시 IP 10.10.0.5는 내부망 주소로 보안관리 하에 보관됩니다.",
            "id": "sample_074_0038_000025",
            "annotations": [
                {
                    "word": "10.10.0.5",
                    "start": 36,
                    "end": 45,
                    "label": "기밀정보"
                }
            ]
        },
        {
            "sentence": "제품 관련 연락처는 동의된 공개용 이메일로 한정되며 예시 연락처 이메일 yoonhg@example.com은 테스트 데이터로 사용되었음을 명시합니다.",
            "id": "sample_074_0038_000026",
            "annotations": [
                {
                    "word": "yoonhg@example.com",
                    "start": 40,
                    "end": 58,
                    "label": "개인정보"
                }
            ]
        },
        {
            "sentence": "리콜이력(recall_notice)은 현재 해당 배치에 대해 없음(no recalls)으로 표시되며 리콜 프로세스 및 책임자 연락처는 내부 절차에 따라 보관됩니다.",
            "id": "sample_074_0038_000027",
            "annotations": []
        },
        {
            "sentence": "문서 변경이력은 생성 타임스탬프 2025-02-20T09:30:00Z와 버전 version: 1.2로 기록되며 향후 수정 시 항목별 변경 로그를 추가합니다.",
            "id": "sample_074_0038_000028",
            "annotations": []
        }
    ]
}