{
    "document_id": "074_0062",
    "document_title": "수분크림 50mL 제품 사양서 및 규제·시험 종합보고서",
    "data": [
        {
            "sentence": "문서 요약: 본 보고서는 50mL 수분크림 제품의 제품사양서 및 규제·시험 종합보고서입니다.",
            "id": "sample_074_0062_000001",
            "annotations": []
        },
        {
            "sentence": "제품명: Hydrate+ Moisture Cream 50mL (가칭), SKU: HMC-50-001, 변형: 무향 50mL.",
            "id": "sample_074_0062_000002",
            "annotations": []
        },
        {
            "sentence": "제품 사양 개요에는 포뮬러, 원료 공급자, 안정성시험, 미생물검사, 패치테스트, COA, 라벨·포장 사양을 포함합니다.",
            "id": "sample_074_0062_000003",
            "annotations": []
        },
        {
            "sentence": "포뮬러(배치 기준 batch_number: BATCH-20250115-0001): 주요 성분은 아래와 같습니다.",
            "id": "sample_074_0062_000004",
            "annotations": []
        },
        {
            "sentence": "성분 리스트(INCI 표기, trade_name 병기): Aqua 60.00% (Water), Glycerin 8.00%.",
            "id": "sample_074_0062_000005",
            "annotations": []
        },
        {
            "sentence": "Caprylic/Capric Triglyceride 10.00%, Cetearyl Alcohol 4.00%, Butyrospermum Parkii (Shea) Butter 3.00%.",
            "id": "sample_074_0062_000006",
            "annotations": []
        },
        {
            "sentence": "Dimethicone 3.00%, Niacinamide 2.00%, Tocopherol 0.50%, Phenoxyethanol 0.80%, Ethylhexylglycerin 0.20%.",
            "id": "sample_074_0062_000007",
            "annotations": []
        },
        {
            "sentence": "Xanthan Gum 0.50%, Citric Acid 0.50%, Fragrance 0.50% (trade_name: FreshAroma)로 총 합계는 93.00%로 100% 이하임을 검증했습니다.",
            "id": "sample_074_0062_000008",
            "annotations": []
        },
        {
            "sentence": "INCI 표기는 국제화장품성분명(INCI)을 기준으로 하였고 동의어는 trade_name 필드에 병기하였습니다.",
            "id": "sample_074_0062_000009",
            "annotations": []
        },
        {
            "sentence": "패치테스트 요약(동의기반 비식별 샘플): 성별: 남성, 생년월일: 1985-07-15, 시: 서울특별시, 군/구: 강남구, 직업: 연구원; 대상자 모두 서면동의 획득.",
            "id": "sample_074_0062_000010",
            "annotations": [
                {
                    "word": "남성",
                    "start": 27,
                    "end": 29,
                    "label": "준식별자"
                },
                {
                    "word": "1985-07-15",
                    "start": 37,
                    "end": 47,
                    "label": "준식별자"
                },
                {
                    "word": "서울특별시",
                    "start": 52,
                    "end": 57,
                    "label": "준식별자"
                },
                {
                    "word": "강남구",
                    "start": 64,
                    "end": 67,
                    "label": "준식별자"
                },
                {
                    "word": "연구원",
                    "start": 73,
                    "end": 76,
                    "label": "준식별자"
                }
            ]
        },
        {
            "sentence": "패치테스트 결과 요약: 100명 대상, 판독일 2025-06-15T09:00:00Z, 1차 접촉 후 양성반응 0명, 민감성 발생률 0.0%, 원자료 링크(simulated): https://example.com/patch_results/BATCH-20250115-0001.",
            "id": "sample_074_0062_000011",
            "annotations": []
        },
        {
            "sentence": "미생물 검사 보고서: 총호기성균수(TAMC) 10 CFU/g (허용기준 ≤1000 CFU/g, pass), 효모·곰팡이 0 CFU/g (허용 ≤100 CFU/g, pass).",
            "id": "sample_074_0062_000012",
            "annotations": []
        },
        {
            "sentence": "미생물 검사 원시값은 COA와 함께 제공되며 배치번호 BATCH-20250115-0001로 모든 시험 기록과 연계됩니다.",
            "id": "sample_074_0062_000013",
            "annotations": []
        },
        {
            "sentence": "COA(분석성적서) 요약: 함량시험 Niacinamide 2.02% (명시값 2.00% ±0.2%, result=2.02%, pass), Tocopherol 0.48% (pass).",
            "id": "sample_074_0062_000014",
            "annotations": []
        },
        {
            "sentence": "안전성 평가(CPSR): 본 제품의 CPSR은 EU 규격 Annex I 및 CPNP 제출 준거로 작성되었으며 문서 링크: https://example.com/CPSR/HMC-50-001 (simulated).",
            "id": "sample_074_0062_000015",
            "annotations": []
        },
        {
            "sentence": "SDS(안전보건자료): SDS 버전 v1.2, 발행일 2025-01-20T00:00:00Z, 파일명 SDS_HMC-50-001_v1.2.pdf, 보존 및 취급 주의사항 포함.",
            "id": "sample_074_0062_000016",
            "annotations": []
        },
        {
            "sentence": "안정성 시험: 가속시험 40°C/75%RH 3개월, 결과는 물리적 외관 이상 없음, pH 5.5±0.2 유지(시험일자 2025-04-01T10:00:00Z).",
            "id": "sample_074_0062_000017",
            "annotations": []
        },
        {
            "sentence": "알레르기 유발 성분 목록: Benzyl Alcohol, Citral, Limonene 등 규정표준에 따라 별도 필드로 표기하고 경고문을 라벨에 포함합니다.",
            "id": "sample_074_0062_000018",
            "annotations": []
        },
        {
            "sentence": "보존제 목록: Phenoxyethanol, Ethylhexylglycerin이 사용되었으며 사용량은 각각 0.80% 및 0.20%로 지역 규제 한도 내입니다.",
            "id": "sample_074_0062_000019",
            "annotations": []
        },
        {
            "sentence": "라벨 아트웍 메타데이터: 파일명 label_front_HMC50_v1.png, 해상도 3000x2000 px, 색공간 sRGB, 포맷 PNG.",
            "id": "sample_074_0062_000020",
            "annotations": []
        },
        {
            "sentence": "패키징 사양: 튜브 용기 50mL, 재질 PE, 외부 포장 상자 규격 120x60x40 mm, 재활용 라벨 포함.",
            "id": "sample_074_0062_000021",
            "annotations": []
        },
        {
            "sentence": "배치기록 및 제조공정 문서 경로(기밀): /internal/SOPs/Formulation/cream_SOP_v3.docx, 배치번호와 연계된 제조일 2025-01-15T08:30:00Z.",
            "id": "sample_074_0062_000022",
            "annotations": [
                {
                    "word": "/internal/SOPs/Formulation/cream_SOP_v3.docx",
                    "start": 23,
                    "end": 67,
                    "label": "기밀정보"
                }
            ]
        },
        {
            "sentence": "재무 관련(기밀): 운영계좌번호 110-123-456789는 내부 결제처리 목적의 비공개 정보로 별도 보관합니다.",
            "id": "sample_074_0062_000023",
            "annotations": [
                {
                    "word": "110-123-456789",
                    "start": 18,
                    "end": 32,
                    "label": "기밀정보"
                }
            ]
        },
        {
            "sentence": "시험담당자 및 승인자: 시험담당자 고준모 (서면동의 확보, 연락처는 비식별 처리), 승인자 차재현 (내부 승인).",
            "id": "sample_074_0062_000024",
            "annotations": [
                {
                    "word": "고준모",
                    "start": 19,
                    "end": 22,
                    "label": "개인정보"
                },
                {
                    "word": "차재현",
                    "start": 51,
                    "end": 54,
                    "label": "개인정보"
                }
            ]
        },
        {
            "sentence": "GTIN/바코드: GTIN 8801234567890, 바코드 형식 EAN-13, 라벨에 GTIN과 배치번호 병기.",
            "id": "sample_074_0062_000025",
            "annotations": []
        },
        {
            "sentence": "재고 및 유통: 창고 A 재고수량 2,450개(유통기한 2027-01-15T00:00:00Z), 출하기록은 배치와 연동되어 추적 가능합니다.",
            "id": "sample_074_0062_000026",
            "annotations": []
        },
        {
            "sentence": "소비자 리뷰 데이터는 비식별화하여 제공하며, 예시 리뷰: '질감이 부드럽고 흡수 잘됨' (익명 user_0001, 동의 기반 수집).",
            "id": "sample_074_0062_000027",
            "annotations": []
        },
        {
            "sentence": "규제 문구 및 경고(영문 병기 포함): '외용으로만 사용하세요 (For external use only)'; 출처: MFDS 가이드라인 https://www.mfds.go.kr, EU CPNP https://ec.europa.eu.",
            "id": "sample_074_0062_000028",
            "annotations": []
        },
        {
            "sentence": "임상·치료 효능 표기는 금지되며 모든 임상 근거는 CPSR 또는 임상보고서 링크로 제공하고, 본 문서의 임상자료는 simulated 태그로 명시합니다.",
            "id": "sample_074_0062_000029",
            "annotations": []
        }
    ]
}