{
    "document_id": "074_0082",
    "document_title": "스킨 밸런스 모이스처라이저 제품 규격서 및 배치별 시험보고서",
    "data": [
        {
            "sentence": "문서 개요: '스킨 밸런스 모이스처라이저' 제품 규격 및 배치별 시험보고서입니다.",
            "id": "sample_074_0082_000001",
            "annotations": []
        },
        {
            "sentence": "이 문서는 제품 설계, 규제준수, 품질관리, 공급망 추적을 위한 배치 기반(batch_number) 데이터 집합을 포함합니다.",
            "id": "sample_074_0082_000002",
            "annotations": []
        },
        {
            "sentence": "제품명: 스킨 밸런스 모이스처라이저, SKU: SB-MOIS-50, 용량: 50 g, GTIN: 8801234567890.",
            "id": "sample_074_0082_000003",
            "annotations": []
        },
        {
            "sentence": "제조배치: BATCH-20250123-001, 제조일: 2025-01-23T08:30:00Z, 제조시설: 서울 R&D 생산라인.",
            "id": "sample_074_0082_000004",
            "annotations": []
        },
        {
            "sentence": "품질책임자: 성동석, 연락: seongd@beautylab.kr, 긴급연락처: +82-10-1234-5678.",
            "id": "sample_074_0082_000005",
            "annotations": [
                {
                    "word": "성동석",
                    "start": 7,
                    "end": 10,
                    "label": "개인정보"
                },
                {
                    "word": "seongd@beautylab.kr",
                    "start": 16,
                    "end": 35,
                    "label": "개인정보"
                },
                {
                    "word": "+82-10-1234-5678",
                    "start": 44,
                    "end": 60,
                    "label": "개인정보"
                }
            ]
        },
        {
            "sentence": "원료 목록(INCI, w/w%): Aqua 65.0%; Glycerin 10.0% (trade_name: Glycerol 99%); Caprylic/Capric Triglyceride 8.0%; Butyrospermum Parkii Butter 3.0%.",
            "id": "sample_074_0082_000006",
            "annotations": []
        },
        {
            "sentence": "원료 목록 계속: Cetearyl Alcohol 4.0%; Niacinamide 2.0%; Pentylene Glycol 2.0%; Phenoxyethanol 0.8%; Ethylhexylglycerin 0.2%; Parfum 0.5%; Tocopherol 0.5%; Xanthan Gum 1.0%.",
            "id": "sample_074_0082_000007",
            "annotations": []
        },
        {
            "sentence": "성분 총합 검증 결과: 총합 97.0 w/w%로 100% 이하임을 확인했습니다.",
            "id": "sample_074_0082_000008",
            "annotations": []
        },
        {
            "sentence": "알레르기 유발 성분(별도표): Linalool, Limonene, Citral을 명시하였습니다.",
            "id": "sample_074_0082_000009",
            "annotations": []
        },
        {
            "sentence": "보존제 목록: Phenoxyethanol 0.8% (INCI: PHENOXYETHANOL), Ethylhexylglycerin 0.2% (trade_name: EHG).",
            "id": "sample_074_0082_000010",
            "annotations": []
        },
        {
            "sentence": "SDS(Material Safety Data Sheet) 문서는 2025-01-20T00:00:00Z에 업데이트되었으며 링크와 파일명은 SDS_SB_MOIS_074_0082.pdf입니다.",
            "id": "sample_074_0082_000011",
            "annotations": []
        },
        {
            "sentence": "CPSR(Cosmetic Product Safety Report) 요약은 내부 문서로 존재하며 임상·치료 주장 없음으로 'simulated' 태그를 포함합니다.",
            "id": "sample_074_0082_000012",
            "annotations": []
        },
        {
            "sentence": "안정성시험: 가속(40°C, 3개월)과 실사용 조건(25°C, 24개월) 결과를 batch BATCH-20250123-001로 연계하였습니다.",
            "id": "sample_074_0082_000013",
            "annotations": []
        },
        {
            "sentence": "마이크로바이올로지 보고서(원시값): 총균수(TAC) 10 CFU/g, 효모·곰팡이 5 CFU/g, Staphylococcus aureus 검출 없음, Pseudomonas aeruginosa 검출 없음; 판정: pass.",
            "id": "sample_074_0082_000014",
            "annotations": []
        },
        {
            "sentence": "COA(성적서) 주요 원시값: Niacinamide 함량 2.03 w/w% (사양 1.8-2.2%), pH 5.45 (사양 4.5-6.0); 판정: pass.",
            "id": "sample_074_0082_000015",
            "annotations": []
        },
        {
            "sentence": "패치테스트 요약: 패널ID P-19850612-01 외에 참가자 예시 데이터가 포함되어 있으며 raw 사진 및 판독 결과를 연결했습니다.",
            "id": "sample_074_0082_000016",
            "annotations": [
                {
                    "word": "P-19850612-01",
                    "start": 15,
                    "end": 28,
                    "label": "준식별자"
                }
            ]
        },
        {
            "sentence": "패치테스트 참가자 예: 생년월일 1985-06-12, 성별 여성, 시군구 서울특별시 강남구, 직업 교사; 동의서 보관(동의: true).",
            "id": "sample_074_0082_000017",
            "annotations": [
                {
                    "word": "1985-06-12",
                    "start": 18,
                    "end": 28,
                    "label": "준식별자"
                },
                {
                    "word": "여성",
                    "start": 33,
                    "end": 35,
                    "label": "준식별자"
                },
                {
                    "word": "서울특별시 강남구",
                    "start": 41,
                    "end": 50,
                    "label": "준식별자"
                },
                {
                    "word": "교사",
                    "start": 55,
                    "end": 57,
                    "label": "준식별자"
                }
            ]
        },
        {
            "sentence": "패치테스트 결과 요약: 대상자 대부분 비자극성(no irritation), 48시간 판독 기준으로 이상 소견 0건, 판정: pass.",
            "id": "sample_074_0082_000018",
            "annotations": []
        },
        {
            "sentence": "이미지 및 아트웍 메타데이터: filename label_front_v1.png, resolution 3000x3000 px, color_profile sRGB, format PNG.",
            "id": "sample_074_0082_000019",
            "annotations": []
        },
        {
            "sentence": "포장 사양: 용기 재질 유리, 내용량 50 g, 라벨 폰트 6pt 이상, 색상 코드: Pantone 7527 C 참조.",
            "id": "sample_074_0082_000020",
            "annotations": []
        },
        {
            "sentence": "라벨링 및 규제 문구: 한국(MFDS) 기준과 EU(CPNP) 등록 요구사항을 반영하였으며 출처 링크를 문서 하단에 명시합니다.",
            "id": "sample_074_0082_000021",
            "annotations": []
        },
        {
            "sentence": "규제 제출 상태: MFDS 제출일 2025-02-10T09:00:00Z, EU CPNP 등록 접수번호 CPNP-2025-00082.",
            "id": "sample_074_0082_000022",
            "annotations": []
        },
        {
            "sentence": "유통기한과 보관: 권장 보관 5-25°C, 개봉 후 12개월, 유통기한(제조일 기준) 2027-01-23T00:00:00Z.",
            "id": "sample_074_0082_000023",
            "annotations": []
        },
        {
            "sentence": "배치기록 요약: 생산량 10,000개, 제조라인 작업자: 최용민, 내역은 batch_number BATCH-20250123-001에 연결됩니다.",
            "id": "sample_074_0082_000024",
            "annotations": [
                {
                    "word": "최용민",
                    "start": 32,
                    "end": 35,
                    "label": "개인정보"
                }
            ]
        },
        {
            "sentence": "내부 승인 기록: QA 승인자 주늘, 승인일 2025-01-24T14:15:00Z, 사번 2025-1001, 변경이력 버전 v1.0.",
            "id": "sample_074_0082_000025",
            "annotations": [
                {
                    "word": "주늘",
                    "start": 17,
                    "end": 19,
                    "label": "개인정보"
                },
                {
                    "word": "2025-1001",
                    "start": 50,
                    "end": 59,
                    "label": "개인정보"
                }
            ]
        },
        {
            "sentence": "공급망 이력: 주요 공급자 Natural Extracts Co., 공급사 계좌번호 000-111222-333(기밀), 원료 로트번호 SUP-NEC-202412-09.",
            "id": "sample_074_0082_000026",
            "annotations": [
                {
                    "word": "000-111222-333",
                    "start": 46,
                    "end": 60,
                    "label": "기밀정보"
                }
            ]
        },
        {
            "sentence": "재고 및 출하: 현재 창고 재고 7,800개, 보관위치 창고B-04, 출하기록은 ERP에서 batch 단위로 관리됩니다.",
            "id": "sample_074_0082_000027",
            "annotations": []
        },
        {
            "sentence": "판매기록 요약(월별): 2025-01 판매 2,300개, 지역별 분포는 국내 70% 해외 30%로 집계되었습니다.",
            "id": "sample_074_0082_000028",
            "annotations": []
        },
        {
            "sentence": "소비자 리뷰(비식별): 리뷰ID R-2025-0001, 내용 '보습력이 좋아요', 동의서: true, 제공자 표기: 홍준기(동의: true).",
            "id": "sample_074_0082_000029",
            "annotations": [
                {
                    "word": "홍준기",
                    "start": 65,
                    "end": 68,
                    "label": "개인정보"
                }
            ]
        },
        {
            "sentence": "기밀 경고 및 파일 경로: 내부 문서(파일경로: /internal/qa/reports/074_0082)는 기밀로 분류되며 접근권한이 제한됩니다.",
            "id": "sample_074_0082_000030",
            "annotations": [
                {
                    "word": "/internal/qa/reports/074_0082",
                    "start": 27,
                    "end": 56,
                    "label": "기밀정보"
                }
            ]
        },
        {
            "sentence": "문서 생성 타임스탬프: 2025-02-11T10:00:00Z, 버전: v1.0, 모든 레코드는 batch_number로 연동되어 변경 이력이 추적됩니다.",
            "id": "sample_074_0082_000031",
            "annotations": []
        }
    ]
}