﻿word,document,sentence,label
서울특별시,074_0001,sample_074_0001_000002,준식별자
강남구,074_0001,sample_074_0001_000002,준식별자
성빛나,074_0001,sample_074_0001_000013,개인정보
20231234,074_0001,sample_074_0001_000013,개인정보
seongbina@beautyco.kr,074_0001,sample_074_0001_000013,개인정보
서성철,074_0001,sample_074_0001_000015,개인정보
오시언,074_0001,sample_074_0001_000016,개인정보
111-222-333333,074_0001,sample_074_0001_000016,기밀정보
1985,074_0001,sample_074_0001_000018,준식별자
06,074_0001,sample_074_0001_000018,준식별자
15,074_0001,sample_074_0001_000018,준식별자
여성,074_0001,sample_074_0001_000018,준식별자
손행운,074_0001,sample_074_0001_000023,개인정보
SOP/production/074/formula_v2.xlsx,074_0001,sample_074_0001_000024,기밀정보
전나율,074_0001,sample_074_0001_000026,개인정보
윤로운,074_0001,sample_074_0001_000028,개인정보
전리온,074_0002,sample_074_0002_000014,개인정보
민은서,074_0002,sample_074_0002_000014,개인정보
전리온,074_0002,sample_074_0002_000015,개인정보
1985-07-12,074_0002,sample_074_0002_000015,준식별자
여성,074_0002,sample_074_0002_000015,준식별자
010-1234-5678,074_0002,sample_074_0002_000015,개인정보
jeon.rion@company.local,074_0002,sample_074_0002_000015,개인정보
1985,074_0002,sample_074_0002_000016,준식별자
07,074_0002,sample_074_0002_000017,준식별자
12,074_0002,sample_074_0002_000018,준식별자
서울특별시,074_0002,sample_074_0002_000019,준식별자
강남구,074_0002,sample_074_0002_000020,준식별자
역삼동,074_0002,sample_074_0002_000021,준식별자
PO-2024-00074,074_0002,sample_074_0002_000029,기밀정보
/srv/internal/formula/074_0002/v1/formula.xlsx,074_0002,sample_074_0002_000030,기밀정보
192.0.2.10,074_0002,sample_074_0002_000030,기밀정보
123-456-789012,074_0002,sample_074_0002_000030,기밀정보
문덕환,074_0002,sample_074_0002_000031,개인정보
20240012,074_0002,sample_074_0002_000031,개인정보
류혜수,074_0003,sample_074_0003_000022,개인정보
qa@samplebrand.com,074_0003,sample_074_0003_000023,개인정보
+82-10-1234-5678,074_0003,sample_074_0003_000024,개인정보
1986-05-12,074_0003,sample_074_0003_000020,준식별자
서울특별시,074_0003,sample_074_0003_000025,준식별자
강남구,074_0003,sample_074_0003_000025,준식별자
노승환,074_0004,sample_074_0004_000003,개인정보
EMP-20245,074_0004,sample_074_0004_000003,개인정보
choi.ja@example.com,074_0004,sample_074_0004_000004,개인정보
+82-10-1234-5678,074_0004,sample_074_0004_000005,개인정보
서울특별시,074_0004,sample_074_0004_000006,준식별자
강남구,074_0004,sample_074_0004_000006,준식별자
역삼동,074_0004,sample_074_0004_000006,준식별자
1985-06-15,074_0004,sample_074_0004_000007,준식별자
여성,074_0004,sample_074_0004_000007,준식별자
CONF-2025-045,074_0004,sample_074_0004_000022,기밀정보
/internal/sops/formula_master.xlsx,074_0004,sample_074_0004_000023,기밀정보
192.168.10.15,074_0004,sample_074_0004_000023,기밀정보
123-45-678901,074_0004,sample_074_0004_000026,기밀정보
류지상,074_0004,sample_074_0004_000029,개인정보
우연후,074_0004,sample_074_0004_000029,개인정보
/internal/tests/patch_202601,074_0004,sample_074_0004_000030,기밀정보
1985-06-15,074_0005,sample_074_0005_000014,준식별자
여성,074_0005,sample_074_0005_000014,준식별자
품질관리자,074_0005,sample_074_0005_000014,준식별자
홍비송,074_0005,sample_074_0005_000019,개인정보
서울특별시,074_0005,sample_074_0005_000020,준식별자
강남구,074_0005,sample_074_0005_000020,준식별자
\\internal\\docs\\formulation\\SOP_v3.pdf,074_0005,sample_074_0005_000021,기밀정보
10.0.0.45,074_0005,sample_074_0005_000021,기밀정보
계좌번호: 123-45-678901,074_0005,sample_074_0005_000022,기밀정보
진현아,074_0005,sample_074_0005_000023,개인정보
사번: 20234567,074_0005,sample_074_0005_000023,개인정보
권세민,074_0005,sample_074_0005_000024,개인정보
차이안,074_0006,sample_074_0006_000021,개인정보
계좌번호: 123-456-789012,074_0006,sample_074_0006_000022,기밀정보
황한빛,074_0006,sample_074_0006_000023,개인정보
민호석,074_0006,sample_074_0006_000024,개인정보
1990-05-12,074_0006,sample_074_0006_000024,준식별자
여성,074_0006,sample_074_0006_000014,준식별자
서울특별시,074_0006,sample_074_0006_000020,준식별자
강남구,074_0006,sample_074_0006_000020,준식별자
역삼동,074_0006,sample_074_0006_000020,준식별자
/srv/internal/sds/products/074_0006.pdf,074_0006,sample_074_0006_000017,기밀정보
/srv/internal/clinical/patch/BATCH-20260115-001/raw.csv,074_0006,sample_074_0006_000015,기밀정보
박민규,074_0006,sample_074_0006_000030,개인정보
SUBJ_0001~SUBJ_0030,074_0007,sample_074_0007_000014,준식별자
SUBJ_0005,074_0007,sample_074_0007_000015,준식별자
여성,074_0007,sample_074_0007_000015,준식별자
1993-06-15T00:00:00Z,074_0007,sample_074_0007_000015,준식별자
서울특별시,074_0007,sample_074_0007_000015,준식별자
강남구,074_0007,sample_074_0007_000015,준식별자
삼성동,074_0007,sample_074_0007_000015,준식별자
문형태,074_0007,sample_074_0007_000018,개인정보
나근아,074_0007,sample_074_0007_000018,개인정보
나근아,074_0007,sample_074_0007_000019,개인정보
na.keuna@example.com,074_0007,sample_074_0007_000019,개인정보
+82-10-1234-5678,074_0007,sample_074_0007_000019,개인정보
"서울특별시 강남구 테헤란로 123, 5층",074_0007,sample_074_0007_000019,개인정보
/srv/internal/reports/CPSR_draft_v2.docx,074_0007,sample_074_0007_000010,기밀정보
ACC-6789,074_0007,sample_074_0007_000022,기밀정보
987-654-3210,074_0007,sample_074_0007_000027,기밀정보
문형태,074_0007,sample_074_0007_000028,개인정보
나근아,074_0007,sample_074_0007_000028,개인정보
서울특별시,074_0007,sample_074_0007_000019,준식별자
강남구,074_0007,sample_074_0007_000019,준식별자
권찬이,074_0008,sample_074_0008_000019,개인정보
정하준,074_0008,sample_074_0008_000026,개인정보
홍희라,074_0008,sample_074_0008_000029,개인정보
서울특별시 강남구 테헤란로 123,074_0008,sample_074_0008_000019,개인정보
IBK 123-456-789012,074_0008,sample_074_0008_000020,기밀정보
S:/projects/Formula/074_0008,074_0008,sample_074_0008_000027,기밀정보
품질담당,074_0008,sample_074_0008_000019,준식별자
품질책임자,074_0008,sample_074_0008_000026,준식별자
1985-06-15,074_0008,sample_074_0008_000015,준식별자
남성,074_0008,sample_074_0008_000015,준식별자
권은우,074_0009,sample_074_0009_000002,개인정보
+82-10-1234-5678,074_0009,sample_074_0009_000003,개인정보
eunwoo.kwon@example.com,074_0009,sample_074_0009_000003,개인정보
1985-07-14,074_0009,sample_074_0009_000015,준식별자
여성,074_0009,sample_074_0009_000015,준식별자
서울특별시 강남구,074_0009,sample_074_0009_000015,준식별자
연구원,074_0009,sample_074_0009_000002,준식별자
양해온,074_0009,sample_074_0009_000026,개인정보
110-123-456789,074_0009,sample_074_0009_000027,기밀정보
10.0.12.45,074_0009,sample_074_0009_000027,기밀정보
/internal/projects/formulation/v2/draft.docx,074_0009,sample_074_0009_000027,기밀정보
박예율,074_0010,sample_074_0010_000031,개인정보
user-consent@masked.com,074_0010,sample_074_0010_000031,개인정보
110-000-123456,074_0010,sample_074_0010_000026,기밀정보
성라헬,074_0010,sample_074_0010_000034,개인정보
강우리,074_0011,sample_074_0011_000010,개인정보
1990-05-21T00:00:00Z,074_0011,sample_074_0011_000010,준식별자
여성,074_0011,sample_074_0011_000010,준식별자
서울특별시 강남구,074_0011,sample_074_0011_000010,준식별자
110-123-456789,074_0011,sample_074_0011_000016,기밀정보
/internal/procurement/contracts/2025/SUP_001.pdf,074_0011,sample_074_0011_000017,기밀정보
강우리,074_0011,sample_074_0011_000018,개인정보
kang.woo.ri@example.com,074_0011,sample_074_0011_000019,개인정보
류서유,074_0011,sample_074_0011_000024,개인정보
류서유,074_0011,sample_074_0011_000025,개인정보
+82-2-1234-5678,074_0011,sample_074_0011_000028,개인정보
박아영,074_0012,sample_074_0012_000005,개인정보
민경숙,074_0012,sample_074_0012_000006,개인정보
EMP-2026-074,074_0012,sample_074_0012_000006,기밀정보
서울특별시 강남구,074_0012,sample_074_0012_000008,준식별자
한은기,074_0012,sample_074_0012_000025,개인정보
1990-05-12,074_0012,sample_074_0012_000027,준식별자
여성,074_0012,sample_074_0012_000027,준식별자
qa@demo-cosmetics.kr,074_0012,sample_074_0012_000031,개인정보
010-1234-5678,074_0012,sample_074_0012_000031,개인정보
/srv/internal/approvals/2026/074_0012_approval.pdf,074_0012,sample_074_0012_000032,기밀정보
Aqua (Water) 65.00% (w/w),074_0013,sample_074_0013_000007,기밀정보
Glycerin 5.00% (w/w),074_0013,sample_074_0013_000008,기밀정보
Butylene Glycol 4.00% (w/w),074_0013,sample_074_0013_000009,기밀정보
Caprylic/Capric Triglyceride 8.00% (w/w),074_0013,sample_074_0013_000010,기밀정보
Niacinamide 2.00% (w/w),074_0013,sample_074_0013_000011,기밀정보
Phenoxyethanol 0.80% (w/w),074_0013,sample_074_0013_000012,기밀정보
Ethylhexylglycerin 0.40% (w/w),074_0013,sample_074_0013_000012,기밀정보
Fragrance (Parfum) 0.20% (w/w),074_0013,sample_074_0013_000012,기밀정보
기타 보조제 및 점증제 합계 14.60% (w/w),074_0013,sample_074_0013_000013,기밀정보
Total aerobic count 10 CFU/g,074_0013,sample_074_0013_000018,기밀정보
Yeast/Mold <1 CFU/g,074_0013,sample_074_0013_000018,기밀정보
Niacinamide assay 2.03% (w/w),074_0013,sample_074_0013_000019,기밀정보
Phenoxyethanol assay 0.78% (w/w),074_0013,sample_074_0013_000019,기밀정보
참가자 P001,074_0013,sample_074_0013_000020,개인정보
여성,074_0013,sample_074_0013_000020,준식별자
1994-05-20,074_0013,sample_074_0013_000020,준식별자
서울특별시 강남구,074_0013,sample_074_0013_000020,준식별자
patch_P001_2026-01-30.jpg,074_0013,sample_074_0013_000021,개인정보
권제하,074_0013,sample_074_0013_000028,개인정보
나윤지,074_0013,sample_074_0013_000028,개인정보
전정연,074_0013,sample_074_0013_000028,개인정보
1986-05-12T00:00:00Z,074_0014,sample_074_0014_000012,준식별자
여성,074_0014,sample_074_0014_000012,준식별자
110-233-445566,074_0014,sample_074_0014_000017,기밀정보
/srv/internal/cpsr/2024/HBS_v1.docx,074_0014,sample_074_0014_000018,기밀정보
류승희,074_0014,sample_074_0014_000027,개인정보
사번 20231234,074_0014,sample_074_0014_000027,개인정보
+82-10-1234-5678,074_0014,sample_074_0014_000027,개인정보
ryu.seunghee@example.com,074_0014,sample_074_0014_000027,개인정보
"서울특별시 강남구 테헤란로12길 34, 6층(우편번호 06134)",074_0014,sample_074_0014_000029,개인정보
임서영,074_0015,sample_074_0015_000023,개인정보
20251234,074_0015,sample_074_0015_000023,개인정보
차나율,074_0015,sample_074_0015_000024,개인정보
INT-2025-045,074_0015,sample_074_0015_000024,기밀정보
/secure/internal/approval/CPSR_GCR_BATCH-2025-00042.pdf,074_0015,sample_074_0015_000013,기밀정보
/secure/internal/approval/INT-2025-045.pdf,074_0015,sample_074_0015_000024,기밀정보
10.0.0.12,074_0015,sample_074_0015_000025,기밀정보
admin_int_74,074_0015,sample_074_0015_000025,기밀정보
1990,074_0015,sample_074_0015_000016,준식별자
05,074_0015,sample_074_0015_000016,준식별자
20,074_0015,sample_074_0015_000016,준식별자
서울특별시,074_0015,sample_074_0015_000031,준식별자
강남구,074_0015,sample_074_0015_000031,준식별자
역삼동,074_0015,sample_074_0015_000031,준식별자
하희성,074_0016,sample_074_0016_000015,개인정보
1985-06-15,074_0016,sample_074_0016_000015,준식별자
여성,074_0016,sample_074_0016_000015,준식별자
서울특별시 강남구,074_0016,sample_074_0016_000015,준식별자
연구개발팀장,074_0016,sample_074_0016_000015,준식별자
송준후,074_0016,sample_074_0016_000018,개인정보
송준후,074_0016,sample_074_0016_000019,개인정보
나서형,074_0016,sample_074_0016_000019,개인정보
110-123-456789,074_0016,sample_074_0016_000020,기밀정보
\\srv\\proj\\rd\\formula_v2.xlsx,074_0016,sample_074_0016_000020,기밀정보
10.10.10.5,074_0016,sample_074_0016_000021,기밀정보
엄혜림,074_0016,sample_074_0016_000030,개인정보
010-1234-5678,074_0016,sample_074_0016_000031,개인정보
권용우,074_0016,sample_074_0016_000031,개인정보
류태복,074_0017,sample_074_0017_000019,개인정보
류태복,074_0017,sample_074_0017_000022,개인정보
한루나,074_0017,sample_074_0017_000020,개인정보
남데이빗,074_0017,sample_074_0017_000026,개인정보
임해민,074_0017,sample_074_0017_000028,개인정보
E-0042,074_0017,sample_074_0017_000019,개인정보
ryutaebok@example.com,074_0017,sample_074_0017_000019,개인정보
han.luna@acorp.co.kr,074_0017,sample_074_0017_000020,개인정보
+82-10-1234-5678,074_0017,sample_074_0017_000019,개인정보
서울특별시 강남구 역삼동 456-7,074_0017,sample_074_0017_000019,개인정보
1985-04-12T00:00:00Z,074_0017,sample_074_0017_000020,준식별자
여성,074_0017,sample_074_0017_000020,준식별자
A코스메틱스,074_0017,sample_074_0017_000019,준식별자
/srv/sds/074_0017/SDS_20250115.pdf,074_0017,sample_074_0017_000010,기밀정보
/srv/internal/cpsr/074_0017/CPSR_draft_v2.docx,074_0017,sample_074_0017_000011,기밀정보
계좌번호: 110-123-456789,074_0017,sample_074_0017_000021,기밀정보
/srv/internal/cpsr/074_0017/approval_log.csv,074_0017,sample_074_0017_000022,기밀정보
https://internal.example.com/patch/BATCH-20250115-01/raw.csv,074_0017,sample_074_0017_000014,기밀정보
/etc/credentials/private.key,074_0017,sample_074_0017_000027,기밀정보
/docs/safety/SDS_HydraGlow_v1.pdf,074_0018,sample_074_0018_000009,기밀정보
/internal/sops/formulation/v2/CPSR_draft.docx,074_0018,sample_074_0018_000010,기밀정보
/contracts/suppliers/GlobalChem_Glycerin.pdf,074_0018,sample_074_0018_000020,기밀정보
110-123456-789,074_0018,sample_074_0018_000021,기밀정보
류연서,074_0018,sample_074_0018_000022,개인정보
2023-005,074_0018,sample_074_0018_000022,개인정보
이건민,074_0018,sample_074_0018_000023,개인정보
1990-05-12,074_0018,sample_074_0018_000024,준식별자
여성,074_0018,sample_074_0018_000024,준식별자
10.0.0.5,074_0018,sample_074_0018_000025,기밀정보
류연서,074_0018,sample_074_0018_000030,개인정보
정담,074_0019,sample_074_0019_000003,개인정보
2024009,074_0019,sample_074_0019_000003,개인정보
jeongdam@example.com,074_0019,sample_074_0019_000003,개인정보
010-1234-5678,074_0019,sample_074_0019_000003,개인정보
여성,074_0019,sample_074_0019_000004,준식별자
1988,074_0019,sample_074_0019_000004,준식별자
05,074_0019,sample_074_0019_000004,준식별자
23,074_0019,sample_074_0019_000004,준식별자
서울특별시,074_0019,sample_074_0019_000004,준식별자
강서구,074_0019,sample_074_0019_000004,준식별자
품질관리자,074_0019,sample_074_0019_000004,준식별자
http://internal.corp.local/contracts/PC_074_0019.pdf,074_0019,sample_074_0019_000024,기밀정보
123-456789-00-01,074_0019,sample_074_0019_000025,기밀정보
10.0.0.45,074_0019,sample_074_0019_000026,기밀정보
vpn.company.local,074_0019,sample_074_0019_000026,기밀정보
손승헌,074_0020,sample_074_0020_000013,개인정보
민지함,074_0020,sample_074_0020_000014,개인정보
sonseunghun@corp.example,074_0020,sample_074_0020_000014,개인정보
여성,074_0020,sample_074_0020_000015,준식별자
1990-04-12,074_0020,sample_074_0020_000015,준식별자
서울특별시 강남구,074_0020,sample_074_0020_000015,준식별자
마케터,074_0020,sample_074_0020_000015,준식별자
계좌번호: 110-123-456789,074_0020,sample_074_0020_000017,기밀정보
/internal/SOPs/formulation_v2.docx,074_0020,sample_074_0020_000017,기밀정보
192.0.2.10,074_0020,sample_074_0020_000017,기밀정보
백전,074_0020,sample_074_0020_000029,개인정보
신혜지,074_0021,sample_074_0021_000024,개인정보
1992-05-20T00:00:00Z,074_0021,sample_074_0021_000024,준식별자
서울특별시,074_0021,sample_074_0021_000025,준식별자
강남구,074_0021,sample_074_0021_000025,준식별자
송한음,074_0022,sample_074_0022_000003,개인정보
송한음,074_0022,sample_074_0022_000026,개인정보
안윤겸,074_0022,sample_074_0022_000022,개인정보
주현태,074_0022,sample_074_0022_000025,개인정보
jhyuntae@example.com,074_0022,sample_074_0022_000025,개인정보
010-1234-5678,074_0022,sample_074_0022_000025,개인정보
s.haneum@example.com,074_0022,sample_074_0022_000026,개인정보
고동권,074_0022,sample_074_0022_000029,개인정보
서울특별시,074_0022,sample_074_0022_000020,준식별자
강남구,074_0022,sample_074_0022_000020,준식별자
QA 담당자,074_0022,sample_074_0022_000025,준식별자
제조담당,074_0022,sample_074_0022_000026,준식별자
제조장 책임자,074_0022,sample_074_0022_000003,준식별자
110-123-456789,074_0022,sample_074_0022_000019,기밀정보
\\corp\\docs\\SOP\\formulation_v3.pdf,074_0022,sample_074_0022_000027,기밀정보
10.0.0.5,074_0022,sample_074_0022_000027,기밀정보
최예온,074_0023,sample_074_0023_000027,개인정보
1990-05-14,074_0023,sample_074_0023_000027,준식별자
여성,074_0023,sample_074_0023_000027,준식별자
규제·품질팀,074_0023,sample_074_0023_000027,준식별자
choi.yeon@example.com,074_0023,sample_074_0023_000027,개인정보
010-1234-5678,074_0023,sample_074_0023_000027,개인정보
배범수,074_0023,sample_074_0023_000028,개인정보
/srv/internal/qc/reports/patch_074_2025.xlsx,074_0023,sample_074_0023_000015,기밀정보
/srv/internal/qc/reports/COA_074_2025.pdf,074_0023,sample_074_0023_000028,기밀정보
https://intranet.company.local/report/COA_074,074_0023,sample_074_0023_000028,기밀정보
123-456789-01-02,074_0023,sample_074_0023_000028,기밀정보
서울특별시 강남구 테헤란로 123,074_0023,sample_074_0023_000029,개인정보
우편번호 06134,074_0023,sample_074_0023_000029,개인정보
1990-05-10,074_0024,sample_074_0024_000017,준식별자
여성,074_0024,sample_074_0024_000017,준식별자
황예슬,074_0024,sample_074_0024_000023,개인정보
20231234,074_0024,sample_074_0024_000023,개인정보
hye@company.co.kr,074_0024,sample_074_0024_000023,개인정보
+82-10-9876-5432,074_0024,sample_074_0024_000023,개인정보
"서울특별시 강남구 테헤란로 123, 7층",074_0024,sample_074_0024_000024,개인정보
SOP://internal/quality/review_v2.docx,074_0024,sample_074_0024_000025,기밀정보
192.168.1.10,074_0024,sample_074_0024_000025,기밀정보
110-123456-789,074_0024,sample_074_0024_000025,기밀정보
110-123-456789,074_0025,sample_074_0025_000009,기밀정보
https://internal.company.local/docs/SDS/Hydra-Repair_v1.pdf,074_0025,sample_074_0025_000012,기밀정보
민은효,074_0025,sample_074_0025_000022,개인정보
백슬우,074_0025,sample_074_0025_000022,개인정보
E2025-001,074_0025,sample_074_0025_000022,개인정보
contact@brand-korealab.com,074_0025,sample_074_0025_000023,개인정보
+82-10-9876-5432,074_0025,sample_074_0025_000023,개인정보
1990-05-12T00:00:00Z,074_0025,sample_074_0025_000018,준식별자
여성,074_0025,sample_074_0025_000018,준식별자
서울특별시 강남구 역삼동 123-45(상세주소 포함),074_0025,sample_074_0025_000029,개인정보
경기도 성남시 분당구,074_0025,sample_074_0025_000030,준식별자
\\assets\pack_images\front_pack_250ml_v1.jpg,074_0025,sample_074_0025_000027,기밀정보
천선아,074_0026,sample_074_0026_000026,개인정보
여성,074_0026,sample_074_0026_000017,준식별자
1987,074_0026,sample_074_0026_000017,준식별자
05,074_0026,sample_074_0026_000017,준식별자
12,074_0026,sample_074_0026_000017,준식별자
서울특별시,074_0026,sample_074_0026_000017,준식별자
강남구,074_0026,sample_074_0026_000017,준식별자
품질관리 엔지니어,074_0026,sample_074_0026_000017,준식별자
/internal/secure/SDS/CP-074_0026.docx,074_0026,sample_074_0026_000027,기밀정보
10.0.12.45,074_0026,sample_074_0026_000027,기밀정보
110-123-456789,074_0026,sample_074_0026_000028,기밀정보
신재성,074_0027,sample_074_0027_000011,개인정보
신재성,074_0027,sample_074_0027_000025,개인정보
shinj@beautyco.com,074_0027,sample_074_0027_000025,개인정보
홍채은,074_0027,sample_074_0027_000026,개인정보
여성,074_0027,sample_074_0027_000010,준식별자
1985,074_0027,sample_074_0027_000010,준식별자
06,074_0027,sample_074_0027_000010,준식별자
15,074_0027,sample_074_0027_000010,준식별자
서울특별시,074_0027,sample_074_0027_000012,준식별자
강남구,074_0027,sample_074_0027_000012,준식별자
\\corp\\contracts\\procurement_agreement_2025.pdf,074_0027,sample_074_0027_000024,기밀정보
양윤주,074_0028,sample_074_0028_000002,개인정보
2024-12-01T08:30:00Z,074_0028,sample_074_0028_000002,준식별자
곽승욱,074_0028,sample_074_0028_000003,개인정보
A-2025-0042,074_0028,sample_074_0028_000003,개인정보
2025-03-12T09:00:00Z,074_0028,sample_074_0028_000010,준식별자
/internal/reports/patch/074_0028/raw.csv,074_0028,sample_074_0028_000010,기밀정보
2025-03-12T09:00:00Z,074_0028,sample_074_0028_000014,준식별자
2027-03-11T23:59:59Z,074_0028,sample_074_0028_000014,준식별자
2025-04-01T10:00:00Z,074_0028,sample_074_0028_000015,준식별자
/internal/reports/cpsr/074_0028/CPSR_v1.pdf,074_0028,sample_074_0028_000016,기밀정보
서울특별시 강남구,074_0028,sample_074_0028_000021,준식별자
2025-03-12T09:00:00Z,074_0028,sample_074_0028_000022,준식별자
2025-03-13T00:00:00Z,074_0028,sample_074_0028_000023,준식별자
/internal/documents/074_0028/,074_0028,sample_074_0028_000027,기밀정보
10.8.0.12,074_0028,sample_074_0028_000027,기밀정보
2024-12-01T08:30:00Z,074_0028,sample_074_0028_000028,준식별자
엄규선,074_0029,sample_074_0029_000003,개인정보
여성,074_0029,sample_074_0029_000015,준식별자
1990-05-14,074_0029,sample_074_0029_000015,준식별자
서울특별시,074_0029,sample_074_0029_000020,준식별자
강남구,074_0029,sample_074_0029_000020,준식별자
문혁민,074_0029,sample_074_0029_000025,개인정보
INT-APPROVAL-2024-07,074_0029,sample_074_0029_000026,기밀정보
엄은우,074_0030,sample_074_0030_000003,개인정보
권예담,074_0030,sample_074_0030_000003,개인정보
민영서,074_0030,sample_074_0030_000016,개인정보
조성욱,074_0030,sample_074_0030_000022,개인정보
2025-01-20T10:30:00Z,074_0030,sample_074_0030_000016,준식별자
여성,074_0030,sample_074_0030_000018,준식별자
1985-06-15,074_0030,sample_074_0030_000018,준식별자
서울특별시 강남구,074_0030,sample_074_0030_000018,준식별자
계좌번호: 000-111-2222,074_0030,sample_074_0030_000022,기밀정보
https://internal.example.com/cpsr/2025/hydra_barrier.pdf,074_0030,sample_074_0030_000028,기밀정보
10.0.0.5,074_0030,sample_074_0030_000030,기밀정보
심정태,074_0031,sample_074_0031_000003,개인정보
한시연,074_0031,sample_074_0031_000020,개인정보
김완수,074_0031,sample_074_0031_000021,개인정보
강슬우,074_0031,sample_074_0031_000022,개인정보
1985,074_0031,sample_074_0031_000012,준식별자
07,074_0031,sample_074_0031_000012,준식별자
12,074_0031,sample_074_0031_000012,준식별자
여성,074_0031,sample_074_0031_000012,준식별자
서울특별시,074_0031,sample_074_0031_000015,준식별자
종로구,074_0031,sample_074_0031_000015,준식별자
광화문동,074_0031,sample_074_0031_000015,준식별자
/secure/contracts/074_0031_supplier.pdf,074_0031,sample_074_0031_000017,기밀정보
하근영,074_0032,sample_074_0032_000023,개인정보
여성,074_0032,sample_074_0032_000023,준식별자
1990,074_0032,sample_074_0032_000023,준식별자
01,074_0032,sample_074_0032_000023,준식별자
01,074_0032,sample_074_0032_000023,준식별자
2023-0457,074_0032,sample_074_0032_000023,개인정보
+82-10-1234-5678,074_0032,sample_074_0032_000023,개인정보
hgy@corp-example.com,074_0032,sample_074_0032_000023,개인정보
"서울특별시 강남구 테헤란로 101, 9층",074_0032,sample_074_0032_000023,개인정보
서울특별시,074_0032,sample_074_0032_000023,준식별자
강남구,074_0032,sample_074_0032_000023,준식별자
테헤란로,074_0032,sample_074_0032_000023,준식별자
signed_consent_hgy.pdf,074_0032,sample_074_0032_000024,기밀정보
10.0.8.5,074_0032,sample_074_0032_000025,기밀정보
https://internal.corp.local/report,074_0032,sample_074_0032_000025,기밀정보
C:\projects\prod\formula\v2\secret_spec.xlsx,074_0032,sample_074_0032_000025,기밀정보
123-456-789012,074_0032,sample_074_0032_000026,기밀정보
원경미,074_0033,sample_074_0033_000002,개인정보
김윤희,074_0033,sample_074_0033_000003,개인정보
+82-10-1234-5678,074_0033,sample_074_0033_000004,개인정보
quality@fauxbeauty.co.kr,074_0033,sample_074_0033_000004,개인정보
사번: 20243,074_0033,sample_074_0033_000005,개인정보
한루호,074_0033,sample_074_0033_000020,개인정보
1990-05-22,074_0033,sample_074_0033_000022,준식별자
서울특별시 강남구,074_0033,sample_074_0033_000015,준식별자
직책: 규제·품질 담당,074_0033,sample_074_0033_000002,준식별자
공급업체 계좌번호: 123-456-789012,074_0033,sample_074_0033_000010,기밀정보
10.0.0.45,074_0033,sample_074_0033_000026,기밀정보
배정음,074_0035,sample_074_0035_000027,개인정보
EMP-0098,074_0035,sample_074_0035_000027,개인정보
baejungeum@example.com,074_0035,sample_074_0035_000027,개인정보
서울특별시,074_0035,sample_074_0035_000014,준식별자
강남구,074_0035,sample_074_0035_000014,준식별자
1985,074_0035,sample_074_0035_000014,준식별자
06,074_0035,sample_074_0035_000014,준식별자
15,074_0035,sample_074_0035_000014,준식별자
여성,074_0035,sample_074_0035_000014,준식별자
/internal/formula/alpha_v2,074_0035,sample_074_0035_000025,기밀정보
123-456-789012,074_0035,sample_074_0035_000026,기밀정보
1990-03-12,074_0036,sample_074_0036_000014,준식별자
여성,074_0036,sample_074_0036_000014,준식별자
서울특별시,074_0036,sample_074_0036_000014,준식별자
1985-06-15,074_0036,sample_074_0036_000015,준식별자
남성,074_0036,sample_074_0036_000015,준식별자
부산광역시,074_0036,sample_074_0036_000015,준식별자
CNF-2025-007,074_0036,sample_074_0036_000018,기밀정보
123-456-789012,074_0036,sample_074_0036_000019,기밀정보
/srv/prod/formulas/074_0036,074_0036,sample_074_0036_000020,기밀정보
APPROVAL-TOKEN-9X7,074_0036,sample_074_0036_000020,기밀정보
한영운,074_0036,sample_074_0036_000021,개인정보
최재율,074_0036,sample_074_0036_000022,개인정보
choi.jaeyul@example.com,074_0036,sample_074_0036_000022,개인정보
+82-10-1234-5678,074_0036,sample_074_0036_000022,개인정보
조윤채,074_0036,sample_074_0036_000023,개인정보
010-9876-5432,074_0036,sample_074_0036_000023,개인정보
인천광역시,074_0036,sample_074_0036_000027,준식별자
류상엽,074_0037,sample_074_0037_000029,개인정보
2020456,074_0037,sample_074_0037_000029,개인정보
1985-05-12,074_0037,sample_074_0037_000022,준식별자
여성,074_0037,sample_074_0037_000022,준식별자
서울특별시 강남구,074_0037,sample_074_0037_000022,준식별자
123-456-789012,074_0037,sample_074_0037_000018,기밀정보
S:/Projects/073/Formula_v2/secret_spec.pdf,074_0037,sample_074_0037_000019,기밀정보
윤호근,074_0038,sample_074_0038_000013,개인정보
1985-03-15,074_0038,sample_074_0038_000013,준식별자
남성,074_0038,sample_074_0038_000013,준식별자
서울특별시 강남구,074_0038,sample_074_0038_000013,준식별자
유두현,074_0038,sample_074_0038_000016,개인정보
임두산,074_0038,sample_074_0038_000021,개인정보
CNTR-2024-09-337,074_0038,sample_074_0038_000022,기밀정보
/srv/internal/formulations/074_0038/v1/secret_formula.xlsx,074_0038,sample_074_0038_000023,기밀정보
계좌번호: 110-123-456789,074_0038,sample_074_0038_000024,기밀정보
10.10.0.5,074_0038,sample_074_0038_000025,기밀정보
yoonhg@example.com,074_0038,sample_074_0038_000026,개인정보
원태형,074_0039,sample_074_0039_000005,개인정보
배서형,074_0039,sample_074_0039_000006,개인정보
+82-10-5555-1212,074_0039,sample_074_0039_000006,개인정보
qa@beautyco.com,074_0039,sample_074_0039_000006,개인정보
1990-03-15T00:00:00Z,074_0039,sample_074_0039_000010,준식별자
여성,074_0039,sample_074_0039_000010,준식별자
"서울특별시, 강남구, 테헤란로 123",074_0039,sample_074_0039_000012,준식별자
110-123-456789,074_0039,sample_074_0039_000020,기밀정보
S:\QA\Formulation\074_0039\batch_records\BATCH-20260115-001.pdf,074_0039,sample_074_0039_000021,기밀정보
한소혜,074_0039,sample_074_0039_000030,개인정보
엄수향,074_0040,sample_074_0040_000005,개인정보
2025,074_0040,sample_074_0040_000002,준식별자
01,074_0040,sample_074_0040_000002,준식별자
20,074_0040,sample_074_0040_000002,준식별자
2025,074_0040,sample_074_0040_000006,준식별자
01,074_0040,sample_074_0040_000006,준식별자
15,074_0040,sample_074_0040_000006,준식별자
2027,074_0040,sample_074_0040_000006,준식별자
01,074_0040,sample_074_0040_000006,준식별자
15,074_0040,sample_074_0040_000006,준식별자
박도환,074_0041,sample_074_0041_000007,개인정보
EMP-0421,074_0041,sample_074_0041_000007,개인정보
park.dh@corp-example.com,074_0041,sample_074_0041_000008,개인정보
010-5555-1212,074_0041,sample_074_0041_000008,개인정보
02-1234-5678,074_0041,sample_074_0041_000008,개인정보
"ABC Supplier Co., Ltd.",074_0041,sample_074_0041_000009,준식별자
서울특별시 강남구,074_0041,sample_074_0041_000009,준식별자
문상준,074_0041,sample_074_0041_000016,개인정보
허태룡,074_0041,sample_074_0041_000025,개인정보
hty@corp-example.com,074_0041,sample_074_0041_000025,개인정보
1985-06-15,074_0041,sample_074_0041_000026,준식별자
남성,074_0041,sample_074_0041_000026,준식별자
173 cm,074_0041,sample_074_0041_000026,준식별자
68 kg,074_0041,sample_074_0041_000026,준식별자
110-123-456789,074_0041,sample_074_0041_000027,기밀정보
10.0.12.45,074_0041,sample_074_0041_000027,기밀정보
\\prod\\recipes\\cream_v3.xlsx,074_0041,sample_074_0041_000027,기밀정보
/internal/sds/SDS_BATCH-20260122-0041.pdf,074_0041,sample_074_0041_000011,기밀정보
심제윤,074_0041,sample_074_0041_000030,개인정보
EMP-0789,074_0041,sample_074_0041_000030,개인정보
조서정,074_0042,sample_074_0042_000008,개인정보
전아린,074_0042,sample_074_0042_000008,개인정보
202501-001,074_0042,sample_074_0042_000008,개인정보
2025-01-15T08:00:00Z,074_0042,sample_074_0042_000007,준식별자
2025-01-20T14:30:00Z,074_0042,sample_074_0042_000016,준식별자
2025-01-21T09:15:00Z,074_0042,sample_074_0042_000028,준식별자
서울특별시,074_0042,sample_074_0042_000021,준식별자
강남구,074_0042,sample_074_0042_000021,준식별자
https://internal.company.local/approval/12345,074_0042,sample_074_0042_000026,기밀정보
/srv/qa/coareports/074_0042/2025-01-20_COA.xlsx,074_0042,sample_074_0042_000026,기밀정보
500-ACCT-7721,074_0042,sample_074_0042_000027,기밀정보
구은별,074_0043,sample_074_0043_000026,개인정보
+82-10-1234-5678,074_0043,sample_074_0043_000026,개인정보
qa+0740043@company.example,074_0043,sample_074_0043_000026,개인정보
배광현,074_0043,sample_074_0043_000027,개인정보
품질관리 이사,074_0043,sample_074_0043_000027,준식별자
1990-06-21,074_0043,sample_074_0043_000011,준식별자
여성,074_0043,sample_074_0043_000011,준식별자
PANEL-003,074_0043,sample_074_0043_000011,개인정보
서울특별시,074_0043,sample_074_0043_000016,준식별자
강서구,074_0043,sample_074_0043_000016,준식별자
123-456-789012,074_0043,sample_074_0043_000017,기밀정보
/srv/internal/docs/SOP/074/recipe_v3.docx,074_0043,sample_074_0043_000028,기밀정보
천규형,074_0044,sample_074_0044_000010,개인정보
서울특별시,074_0044,sample_074_0044_000010,준식별자
강남구,074_0044,sample_074_0044_000010,준식별자
"BeautyLab Co., Ltd.",074_0044,sample_074_0044_000010,준식별자
권윤석,074_0044,sample_074_0044_000011,개인정보
전은경,074_0044,sample_074_0044_000011,개인정보
품질관리 담당자,074_0044,sample_074_0044_000011,준식별자
제조 책임자,074_0044,sample_074_0044_000010,준식별자
제조시설 소재지,074_0044,sample_074_0044_000010,준식별자
직장명,074_0044,sample_074_0044_000010,준식별자
심초아,074_0045,sample_074_0045_000023,개인정보
배서휘,074_0045,sample_074_0045_000017,개인정보
주선희,074_0045,sample_074_0045_000013,개인정보
1988-03-22,074_0045,sample_074_0045_000014,준식별자
여성,074_0045,sample_074_0045_000014,준식별자
서울특별시 강남구,074_0045,sample_074_0045_000021,준식별자
S:\R&D\Formulation\SecretFormula_v3.xlsx,074_0045,sample_074_0045_000024,기밀정보
CTR-2025-045,074_0045,sample_074_0045_000025,기밀정보
110-123-456789,074_0045,sample_074_0045_000026,기밀정보
주민선,074_0046,sample_074_0046_000005,개인정보
jmsun@example.com,074_0046,sample_074_0046_000005,개인정보
서울특별시 강서구 공항대로 88,074_0046,sample_074_0046_000006,개인정보
여성,074_0046,sample_074_0046_000015,준식별자
간호사,074_0046,sample_074_0046_000015,준식별자
/srv/internal/qc/reports/074_0046/batch_BATCH-20240110-074.pdf,074_0046,sample_074_0046_000020,기밀정보
123-456-789,074_0046,sample_074_0046_000021,기밀정보
CONSENT-074-20240110,074_0046,sample_074_0046_000016,기밀정보
하윤서,074_0047,sample_074_0047_000029,개인정보
채규한,074_0047,sample_074_0047_000029,개인정보
서울특별시 강남구,074_0047,sample_074_0047_000024,준식별자
여성,074_0047,sample_074_0047_000018,준식별자
남성,074_0047,sample_074_0047_000018,준식별자
2025-03-15T08:00:00Z,074_0047,sample_074_0047_000020,준식별자
2027-03-14T23:59:59Z,074_0047,sample_074_0047_000021,준식별자
2025-03-20T09:00:00Z,074_0047,sample_074_0047_000025,준식별자
2025-03-21T10:30:00Z,074_0047,sample_074_0047_000029,준식별자
2025-03-22T14:45:00Z,074_0047,sample_074_0047_000029,준식별자
2025-03-23T08:00:00Z,074_0047,sample_074_0047_000031,준식별자
\\srv-internal\\projects\\formulation\\074\\batch_20250315,074_0047,sample_074_0047_000030,기밀정보
10.0.8.42,074_0047,sample_074_0047_000030,기밀정보
123-456-789,074_0047,sample_074_0047_000030,기밀정보
원성자,074_0048,sample_074_0048_000028,개인정보
강채안,074_0048,sample_074_0048_000028,개인정보
34세,074_0048,sample_074_0048_000013,준식별자
여성,074_0048,sample_074_0048_000013,준식별자
서울특별시,074_0048,sample_074_0048_000012,준식별자
강남구,074_0048,sample_074_0048_000012,준식별자
1990-05-12,074_0048,sample_074_0048_000014,준식별자
10.0.5.12,074_0048,sample_074_0048_000016,기밀정보
INT-APP-00987,074_0048,sample_074_0048_000018,기밀정보
/internal/sop/formulation_v2.pdf,074_0048,sample_074_0048_000019,기밀정보
권기영,074_0049,sample_074_0049_000015,개인정보
1980-03-12,074_0049,sample_074_0049_000015,준식별자
품질관리팀장,074_0049,sample_074_0049_000015,준식별자
서울특별시 강남구,074_0049,sample_074_0049_000017,준식별자
배지온,074_0049,sample_074_0049_000018,개인정보
010-1234-5678,074_0049,sample_074_0049_000018,개인정보
b.jaeon@example.com,074_0049,sample_074_0049_000018,개인정보
규제·품질 담당,074_0049,sample_074_0049_000018,준식별자
123-456-7890,074_0049,sample_074_0049_000020,기밀정보
/srv/private/artwork,074_0049,sample_074_0049_000020,기밀정보
/srv/private/artwork/label_v1.ai,074_0049,sample_074_0049_000021,기밀정보
송희진,074_0049,sample_074_0049_000030,개인정보
10.0.0.12,074_0049,sample_074_0049_000031,기밀정보
임리엘,074_0050,sample_074_0050_000009,개인정보
1990-03-12T00:00:00Z,074_0050,sample_074_0050_000009,준식별자
강정엽,074_0050,sample_074_0050_000010,개인정보
오애리,074_0050,sample_074_0050_000011,개인정보
강다엘,074_0050,sample_074_0050_000013,개인정보
1985-07-23T00:00:00Z,074_0050,sample_074_0050_000014,준식별자
여성,074_0050,sample_074_0050_000014,준식별자
서울특별시,074_0050,sample_074_0050_000014,준식별자
강남구,074_0050,sample_074_0050_000014,준식별자
10.0.0.5,074_0050,sample_074_0050_000025,기밀정보
/internal/QC/reports/074_0050_2025.xls,074_0050,sample_074_0050_000026,기밀정보
임리엘,074_0050,sample_074_0050_000027,개인정보
고승목,074_0050,sample_074_0050_000030,개인정보
심도윤,074_0051,sample_074_0051_000006,개인정보
방성하,074_0051,sample_074_0051_000007,개인정보
EMP-00987,074_0051,sample_074_0051_000007,개인정보
전강희,074_0051,sample_074_0051_000008,개인정보
1988-04-22,074_0051,sample_074_0051_000008,준식별자
경기도 성남시 분당구,074_0051,sample_074_0051_000005,준식별자
서울특별시 강남구,074_0051,sample_074_0051_000010,준식별자
qa@radiant.co.kr,074_0051,sample_074_0051_000011,개인정보
123-456-789012,074_0051,sample_074_0051_000012,기밀정보
/internal/docs/CPSR/2025/Radiant_CPSR_v1.pdf,074_0051,sample_074_0051_000013,기밀정보
남성,074_0051,sample_074_0051_000025,준식별자
여성,074_0051,sample_074_0051_000025,준식별자
우완규,074_0051,sample_074_0051_000023,개인정보
류상범,074_0051,sample_074_0051_000030,개인정보
서경은,074_0053,sample_074_0053_000009,개인정보
1985-07-12,074_0053,sample_074_0053_000014,준식별자
여성,074_0053,sample_074_0053_000014,준식별자
서울특별시 강남구,074_0053,sample_074_0053_000014,준식별자
손채윤,074_0053,sample_074_0053_000019,개인정보
+82-10-9876-5432,074_0053,sample_074_0053_000019,개인정보
son.chaeyun@corp.example,074_0053,sample_074_0053_000019,개인정보
임주형,074_0053,sample_074_0053_000020,개인정보
진준민,074_0053,sample_074_0053_000021,개인정보
+82-2-3456-7890,074_0053,sample_074_0053_000021,개인정보
jjin@supplier.example,074_0053,sample_074_0053_000021,개인정보
/srv/prod/formulations/074_0053/formula_v1.docx,074_0053,sample_074_0053_000023,기밀정보
110-123456-00-01,074_0053,sample_074_0053_000023,기밀정보
백서진,074_0053,sample_074_0053_000028,개인정보
서울특별시 강남구,074_0054,sample_074_0054_000002,준식별자
여성,074_0054,sample_074_0054_000010,준식별자
1985-07-12T00:00:00Z,074_0054,sample_074_0054_000010,준식별자
연구원,074_0054,sample_074_0054_000010,준식별자
BioRawCo,074_0054,sample_074_0054_000015,기밀정보
황연우,074_0054,sample_074_0054_000016,개인정보
윤서후,074_0054,sample_074_0054_000017,개인정보
110-123-456789,074_0054,sample_074_0054_000020,기밀정보
/srv/prod/formula_v3.2,074_0054,sample_074_0054_000023,기밀정보
10.0.0.45,074_0054,sample_074_0054_000023,기밀정보
방서완,074_0054,sample_074_0054_000028,개인정보
구상율,074_0055,sample_074_0055_000015,개인정보
1985-07-12,074_0055,sample_074_0055_000015,준식별자
천건후,074_0055,sample_074_0055_000015,개인정보
1990-03-05,074_0055,sample_074_0055_000015,준식별자
서울특별시 강남구,074_0055,sample_074_0055_000020,준식별자
구상율,074_0055,sample_074_0055_000023,개인정보
최명일,074_0056,sample_074_0056_000010,개인정보
2025-0456,074_0056,sample_074_0056_000010,개인정보
+82-10-1234-5678,074_0056,sample_074_0056_000010,개인정보
choimyeongil@example.com,074_0056,sample_074_0056_000010,개인정보
주예진,074_0056,sample_074_0056_000011,개인정보
juejin@example.com,074_0056,sample_074_0056_000011,개인정보
공대우,074_0056,sample_074_0056_000012,개인정보
2024-3312,074_0056,sample_074_0056_000012,개인정보
1985-06-15,074_0056,sample_074_0056_000013,준식별자
여성,074_0056,sample_074_0056_000013,준식별자
\\internal\\docs\\prod\\074_0056\\approval.pdf,074_0056,sample_074_0056_000028,기밀정보
10.0.0.12,074_0056,sample_074_0056_000028,기밀정보
양서연,074_0057,sample_074_0057_000025,개인정보
EMP-2024-009,074_0057,sample_074_0057_000025,개인정보
contact@acme-cosmetics.example.com,074_0057,sample_074_0057_000026,개인정보
1987-05-12,074_0057,sample_074_0057_000015,준식별자
서울특별시,074_0057,sample_074_0057_000027,준식별자
강남구,074_0057,sample_074_0057_000027,준식별자
역삼동,074_0057,sample_074_0057_000027,준식별자
ACME Ingredients Co.,074_0057,sample_074_0057_000019,준식별자
ACME Cosmetics,074_0057,sample_074_0057_000021,준식별자
110-234-567890,074_0057,sample_074_0057_000020,기밀정보
/srv/internal/prod/recipe/BATCH-2024-00123.xlsx,074_0057,sample_074_0057_000028,기밀정보
10.0.0.5,074_0057,sample_074_0057_000028,기밀정보
pricing_q2.xlsx,074_0057,sample_074_0057_000029,기밀정보
우대웅,074_0058,sample_074_0058_000026,개인정보
배혜인,074_0058,sample_074_0058_000022,개인정보
송해니,074_0058,sample_074_0058_000013,개인정보
여성,074_0058,sample_074_0058_000016,준식별자
경기도,074_0058,sample_074_0058_000023,준식별자
성남시,074_0058,sample_074_0058_000023,준식별자
분당구,074_0058,sample_074_0058_000023,준식별자
황규동,074_0059,sample_074_0059_000005,개인정보
1985-06-15,074_0059,sample_074_0059_000005,준식별자
서울특별시 강남구 테헤란로 10,074_0059,sample_074_0059_000006,개인정보
천태산,074_0059,sample_074_0059_000007,개인정보
123-456-789012,074_0059,sample_074_0059_000012,기밀정보
/srv/internal/qa/batch_059/record.pdf,074_0059,sample_074_0059_000011,기밀정보
엄호철,074_0060,sample_074_0060_000022,개인정보
여성,074_0060,sample_074_0060_000024,준식별자
1985,074_0060,sample_074_0060_000024,준식별자
06,074_0060,sample_074_0060_000024,준식별자
15,074_0060,sample_074_0060_000024,준식별자
서울특별시,074_0060,sample_074_0060_000024,준식별자
\\corp\\prod\\formulas\\secret_formula_v2.xlsx,074_0060,sample_074_0060_000023,기밀정보
patch_raw_B-20240115.csv,074_0060,sample_074_0060_000012,기밀정보
천가현,074_0061,sample_074_0061_000027,개인정보
민연욱,074_0061,sample_074_0061_000028,개인정보
EID-00421,074_0061,sample_074_0061_000028,개인정보
1985-04-23,074_0061,sample_074_0061_000000,준식별자
여성,074_0061,sample_074_0061_000017,준식별자
서울특별시 강남구,074_0061,sample_074_0061_000010,준식별자
123-456-789012,074_0061,sample_074_0061_000023,기밀정보
internal:/srv/cpsr/074_0061_CPSR.pdf,074_0061,sample_074_0061_000013,기밀정보
internal:/srv/formula/074_0061,074_0061,sample_074_0061_000029,기밀정보
남성,074_0062,sample_074_0062_000010,준식별자
1985-07-15,074_0062,sample_074_0062_000010,준식별자
서울특별시,074_0062,sample_074_0062_000010,준식별자
강남구,074_0062,sample_074_0062_000010,준식별자
연구원,074_0062,sample_074_0062_000010,준식별자
/internal/SOPs/Formulation/cream_SOP_v3.docx,074_0062,sample_074_0062_000022,기밀정보
110-123-456789,074_0062,sample_074_0062_000023,기밀정보
고준모,074_0062,sample_074_0062_000024,개인정보
차재현,074_0062,sample_074_0062_000024,개인정보
주승민,074_0063,sample_074_0063_000025,개인정보
문정,074_0063,sample_074_0063_000026,개인정보
서울특별시 강남구,074_0063,sample_074_0063_000020,준식별자
/srv/data/private/074_0063,074_0063,sample_074_0063_000029,기밀정보
10.10.0.5,074_0063,sample_074_0063_000030,기밀정보
양지함,074_0064,sample_074_0064_000014,개인정보
조현율,074_0064,sample_074_0064_000014,개인정보
사번: 2024001,074_0064,sample_074_0064_000014,개인정보
성별: 여성,074_0064,sample_074_0064_000012,준식별자
생년월일: 1985-07-21,074_0064,sample_074_0064_000012,준식별자
주소: 서울특별시 강남구 테헤란로 123,074_0064,sample_074_0064_000012,개인정보
계좌번호: 123-456-789012,074_0064,sample_074_0064_000024,기밀정보
\\corp\\prod\\sensitive\\formula_v3.xlsx,074_0064,sample_074_0064_000025,기밀정보
허민국,074_0064,sample_074_0064_000030,개인정보
곽윤나,074_0065,sample_074_0065_000014,개인정보
S:/Corp/Regulatory/CPSR/074_0065_CPSR_v1.pdf,074_0065,sample_074_0065_000014,기밀정보
1988-05-12,074_0065,sample_074_0065_000016,준식별자
여성,074_0065,sample_074_0065_000016,준식별자
서울특별시,074_0065,sample_074_0065_000016,준식별자
강남구,074_0065,sample_074_0065_000016,준식별자
Account# 987-654-321,074_0065,sample_074_0065_000024,기밀정보
2026-01-23T12:00:00Z,074_0066,sample_074_0066_000002,준식별자
2025-01-16T09:00:00Z,074_0066,sample_074_0066_000009,준식별자
2025-01-18T10:00:00Z,074_0066,sample_074_0066_000010,준식별자
2025-03-15T00:00:00Z,074_0066,sample_074_0066_000011,준식별자
2025-06-15T00:00:00Z,074_0066,sample_074_0066_000011,준식별자
2025-02-01T09:00:00Z,074_0066,sample_074_0066_000013,준식별자
2025-01-16T09:00:00Z,074_0066,sample_074_0066_000014,준식별자
2025-01-15T08:00:00Z,074_0066,sample_074_0066_000016,준식별자
2027-01-14T00:00:00Z,074_0066,sample_074_0066_000016,준식별자
서울특별시 강남구 역삼로 45,074_0066,sample_074_0066_000017,준식별자
서상문,074_0066,sample_074_0066_000025,개인정보
2025-01-17T15:30:00Z,074_0066,sample_074_0066_000025,준식별자
S:/projects/PROD_074/COA/BATCH-20250115-0001/coa_final_v1.xlsx,074_0066,sample_074_0066_000026,기밀정보
110-123-456789,074_0066,sample_074_0066_000026,기밀정보
2026-06-01T00:00:00Z,074_0066,sample_074_0066_000028,준식별자
우민겸,074_0066,sample_074_0066_000028,개인정보
공리사,074_0067,sample_074_0067_000012,개인정보
2024-045,074_0067,sample_074_0067_000012,개인정보
010-1234-5678,074_0067,sample_074_0067_000012,개인정보
qa_sample@example.com,074_0067,sample_074_0067_000012,개인정보
정영욱,074_0067,sample_074_0067_000013,개인정보
CONTRACT-5789,074_0067,sample_074_0067_000011,기밀정보
123-456-789012,074_0067,sample_074_0067_000011,기밀정보
/srv/internal/qa/074_0067/,074_0067,sample_074_0067_000022,기밀정보
10.0.0.45,074_0067,sample_074_0067_000022,기밀정보
PT-001,074_0067,sample_074_0067_000018,개인정보
1988-07-15T00:00:00Z,074_0067,sample_074_0067_000018,준식별자
여성,074_0067,sample_074_0067_000018,준식별자
서울특별시 강남구 강남대로,074_0067,sample_074_0067_000018,준식별자
user_1234,074_0067,sample_074_0067_000020,준식별자
전무룡,074_0068,sample_074_0068_000028,개인정보
조대영,074_0068,sample_074_0068_000029,개인정보
AB코스메틱스,074_0068,sample_074_0068_000029,준식별자
서울특별시,074_0068,sample_074_0068_000022,준식별자
강남구,074_0068,sample_074_0068_000022,준식별자
역삼동,074_0068,sample_074_0068_000022,준식별자
서울,074_0068,sample_074_0068_000025,준식별자
"GlobalChem Co., Ltd.",074_0068,sample_074_0068_000023,준식별자
PureIngred Ltd.,074_0068,sample_074_0068_000023,준식별자
/srv/internal/cpsr/074_0068/CPSR_v1.pdf,074_0068,sample_074_0068_000030,기밀정보
10.10.0.5,074_0068,sample_074_0068_000030,기밀정보
EverGlow Cosmetics,074_0069,sample_074_0069_000001,준식별자
진시연,074_0069,sample_074_0069_000031,개인정보
사번 20240077,074_0069,sample_074_0069_000031,개인정보
서울특별시,074_0069,sample_074_0069_000031,준식별자
강남구,074_0069,sample_074_0069_000031,준식별자
1985,074_0069,sample_074_0069_000032,준식별자
07,074_0069,sample_074_0069_000032,준식별자
14,074_0069,sample_074_0069_000032,준식별자
여성,074_0069,sample_074_0069_000032,준식별자
제품관리팀,074_0069,sample_074_0069_000031,준식별자
신미주,074_0070,sample_074_0070_000012,개인정보
2023-009,074_0070,sample_074_0070_000012,개인정보
010-1234-5678,074_0070,sample_074_0070_000012,개인정보
qa@beautyco.example.com,074_0070,sample_074_0070_000012,개인정보
1985-06-15,074_0070,sample_074_0070_000011,준식별자
여성,074_0070,sample_074_0070_000011,준식별자
서울특별시 강남구 삼성로 85,074_0070,sample_074_0070_000021,준식별자
홍인회,074_0070,sample_074_0070_000025,개인정보
차해담,074_0070,sample_074_0070_000025,개인정보
배지승,074_0070,sample_074_0070_000029,개인정보
110-123-456789,074_0070,sample_074_0070_000026,기밀정보
10.10.10.5,074_0070,sample_074_0070_000026,기밀정보
https://internal.beautyco.local/sops/CPSR_074_0070_v1.pdf,074_0070,sample_074_0070_000017,기밀정보
김선정,074_0071,sample_074_0071_000030,개인정보
품질관리자,074_0071,sample_074_0071_000030,준식별자
성선웅,074_0071,sample_074_0071_000031,개인정보
내부 결재선,074_0071,sample_074_0071_000031,기밀정보
홍재빈,074_0072,sample_074_0072_000021,개인정보
2024-0099,074_0072,sample_074_0072_000021,개인정보
hongjb@example.com,074_0072,sample_074_0072_000022,개인정보
\\corp-files\cpsr\074_0072\version1.docx,074_0072,sample_074_0072_000023,기밀정보
123-456-789012,074_0072,sample_074_0072_000024,기밀정보
지민솔,074_0072,sample_074_0072_000025,개인정보
여성,074_0072,sample_074_0072_000025,준식별자
1985-07-22,074_0072,sample_074_0072_000025,준식별자
서울특별시 강남구,074_0072,sample_074_0072_000025,준식별자
류한결,074_0073,sample_074_0073_000021,개인정보
원홍주,074_0073,sample_074_0073_000022,개인정보
A-2023-0456,074_0073,sample_074_0073_000023,개인정보
1985,074_0073,sample_074_0073_000024,준식별자
07,074_0073,sample_074_0073_000025,준식별자
12,074_0073,sample_074_0073_000026,준식별자
서울특별시,074_0073,sample_074_0073_000027,준식별자
강남구,074_0073,sample_074_0073_000028,준식별자
역삼동,074_0073,sample_074_0073_000029,준식별자
/srv/prod/formulation/074_0073/v1,074_0073,sample_074_0073_000030,기밀정보
110-123-456789,074_0073,sample_074_0073_000031,기밀정보
서울특별시,074_0074,sample_074_0074_000003,준식별자
강남구,074_0074,sample_074_0074_000003,준식별자
역삼동 123-45,074_0074,sample_074_0074_000003,개인정보
admin_qa@beautylab.co.kr,074_0074,sample_074_0074_000007,개인정보
010-1234-5678,074_0074,sample_074_0074_000007,개인정보
1988-07-15T00:00:00Z,074_0074,sample_074_0074_000012,준식별자
여성,074_0074,sample_074_0074_000012,준식별자
진다엘,074_0074,sample_074_0074_000015,개인정보
구시윤,074_0074,sample_074_0074_000023,개인정보
2026-0099,074_0074,sample_074_0074_000023,개인정보
/srv/qa/live/batch/BATCH-2026-00074/coafile.pdf,074_0074,sample_074_0074_000027,기밀정보
10.0.10.5,074_0074,sample_074_0074_000027,기밀정보
http://internal.example.local/qa/BATCH-2026-00074,074_0074,sample_074_0074_000027,기밀정보
110-222-333333,074_0074,sample_074_0074_000028,기밀정보
B20260115001,074_0075,sample_074_0075_000003,기밀정보
우마음,074_0075,sample_074_0075_000004,개인정보
umam@example.com,074_0075,sample_074_0075_000004,개인정보
2026-0001,074_0075,sample_074_0075_000004,개인정보
서울특별시,074_0075,sample_074_0075_000005,준식별자
강남구,074_0075,sample_074_0075_000005,준식별자
역삼동,074_0075,sample_074_0075_000005,준식별자
여성,074_0075,sample_074_0075_000006,준식별자
1985-07-12,074_0075,sample_074_0075_000006,준식별자
/srv/internal/cpsr/074_0075/CPSR_2026_v1.docx,074_0075,sample_074_0075_000026,기밀정보
10.0.0.42,074_0075,sample_074_0075_000027,기밀정보
곽무현,074_0075,sample_074_0075_000028,개인정보
백하나,074_0075,sample_074_0075_000028,개인정보
이창혁,074_0076,sample_074_0076_000021,개인정보
신은유,074_0076,sample_074_0076_000022,개인정보
0001234,074_0076,sample_074_0076_000022,개인정보
1985-06-15,074_0076,sample_074_0076_000022,준식별자
방서진,074_0076,sample_074_0076_000023,개인정보
123-456789-00,074_0076,sample_074_0076_000024,기밀정보
https://internal-corp.example.com/data/patch/074_0076/raw,074_0076,sample_074_0076_000019,기밀정보
\\internal\\docs\\SDS\\074_0076\\SDS_v1.pdf,074_0076,sample_074_0076_000020,기밀정보
서울특별시 강남구,074_0076,sample_074_0076_000029,준식별자
여성,074_0077,sample_074_0077_000013,준식별자
1985-07-23,074_0077,sample_074_0077_000013,준식별자
165 cm,074_0077,sample_074_0077_000013,준식별자
58 kg,074_0077,sample_074_0077_000013,준식별자
경기도 성남시 분당구,074_0077,sample_074_0077_000019,준식별자
송하슬,074_0077,sample_074_0077_000021,개인정보
2025-0009,074_0077,sample_074_0077_000021,개인정보
000-00-000000,074_0077,sample_074_0077_000022,기밀정보
https://internal.company.local/approval/8743,074_0077,sample_074_0077_000023,기밀정보
/secure/contracts/supplier_A.pdf,074_0077,sample_074_0077_000020,기밀정보
홍영화,074_0077,sample_074_0077_000025,개인정보
홍우,074_0077,sample_074_0077_000031,개인정보
최주훈,074_0078,sample_074_0078_000020,개인정보
20245,074_0078,sample_074_0078_000020,개인정보
010-1234-5678,074_0078,sample_074_0078_000020,개인정보
choi.jh@example.com,074_0078,sample_074_0078_000020,개인정보
"서울특별시 강남구 테헤란로 123, 3층",074_0078,sample_074_0078_000021,개인정보
서울특별시,074_0078,sample_074_0078_000022,준식별자
강남구,074_0078,sample_074_0078_000022,준식별자
123-456-789012,074_0078,sample_074_0078_000023,기밀정보
/srv/internal/ops/formulation/F074_B0078.csv,074_0078,sample_074_0078_000024,기밀정보
https://internal.company.local/secure/report/COA_BL0740078.pdf,074_0078,sample_074_0078_000024,기밀정보
\finance\reports\FY2025\Q1_exec_summary.pdf,074_0078,sample_074_0078_000028,기밀정보
서우주,074_0079,sample_074_0079_000005,개인정보
품질관리,074_0079,sample_074_0079_000005,준식별자
류정미,074_0079,sample_074_0079_000006,개인정보
사번: 2024-0456,074_0079,sample_074_0079_000006,개인정보
민영은,074_0079,sample_074_0079_000018,개인정보
여성,074_0079,sample_074_0079_000021,준식별자
1988-07-15,074_0079,sample_074_0079_000021,준식별자
서울특별시 강남구 서초동,074_0079,sample_074_0079_000021,준식별자
/internal/cpsr/DRAFT/CPSR_B001.docx,074_0079,sample_074_0079_000015,기밀정보
COA_BATCH2025_0001.raw,074_0079,sample_074_0079_000022,기밀정보
계좌번호: 123-456-789012,074_0079,sample_074_0079_000025,기밀정보
10.0.4.21,074_0079,sample_074_0079_000027,기밀정보
qa-team@beautylab.co.kr,074_0079,sample_074_0079_000028,개인정보
010-5555-1234,074_0079,sample_074_0079_000028,개인정보
서울특별시 강남구,074_0080,sample_074_0080_000004,준식별자
2025-01-15T09:00:00Z,074_0080,sample_074_0080_000006,준식별자
임성,074_0080,sample_074_0080_000030,개인정보
S:/Projects/Formula/074_0080,074_0080,sample_074_0080_000014,기밀정보
10.10.10.5,074_0080,sample_074_0080_000015,기밀정보
CONF-074-2025,074_0080,sample_074_0080_000016,기밀정보
2025-01-15T08:00:00Z,074_0081,sample_074_0081_000005,준식별자
2027-01-14T08:00:00Z,074_0081,sample_074_0081_000005,준식별자
2025-02-10T12:00:00Z,074_0081,sample_074_0081_000019,준식별자
2024-12-05T09:00:00Z,074_0081,sample_074_0081_000022,준식별자
2025-01-20T09:00:00Z,074_0081,sample_074_0081_000027,준식별자
2025-01-16T00:00:00Z,074_0081,sample_074_0081_000028,준식별자
2026-01-15T00:00:00Z,074_0081,sample_074_0081_000028,준식별자
2025-01-22T14:30:00Z,074_0081,sample_074_0081_000034,준식별자
서울특별시,074_0081,sample_074_0081_000014,준식별자
강남구,074_0081,sample_074_0081_000014,준식별자
역삼동,074_0081,sample_074_0081_000014,준식별자
여성,074_0081,sample_074_0081_000023,준식별자
남성,074_0081,sample_074_0081_000023,준식별자
공윤범,074_0081,sample_074_0081_000033,개인정보
원채이,074_0081,sample_074_0081_000033,개인정보
나태희,074_0081,sample_074_0081_000033,개인정보
CONF-2025-09,074_0081,sample_074_0081_000015,기밀정보
10.0.0.5,074_0081,sample_074_0081_000016,기밀정보
성동석,074_0082,sample_074_0082_000005,개인정보
seongd@beautylab.kr,074_0082,sample_074_0082_000005,개인정보
+82-10-1234-5678,074_0082,sample_074_0082_000005,개인정보
P-19850612-01,074_0082,sample_074_0082_000016,준식별자
1985-06-12,074_0082,sample_074_0082_000017,준식별자
여성,074_0082,sample_074_0082_000017,준식별자
서울특별시 강남구,074_0082,sample_074_0082_000017,준식별자
교사,074_0082,sample_074_0082_000017,준식별자
최용민,074_0082,sample_074_0082_000024,개인정보
주늘,074_0082,sample_074_0082_000025,개인정보
2025-1001,074_0082,sample_074_0082_000025,개인정보
000-111222-333,074_0082,sample_074_0082_000026,기밀정보
홍준기,074_0082,sample_074_0082_000029,개인정보
/internal/qa/reports/074_0082,074_0082,sample_074_0082_000030,기밀정보
송재홍,074_0083,sample_074_0083_000010,개인정보
정광원,074_0083,sample_074_0083_000024,개인정보
서울특별시,074_0083,sample_074_0083_000004,준식별자
강남구,074_0083,sample_074_0083_000004,준식별자
역삼동,074_0083,sample_074_0083_000004,준식별자
2025,074_0083,sample_074_0083_000003,준식별자
01,074_0083,sample_074_0083_000003,준식별자
15,074_0083,sample_074_0083_000003,준식별자
2027,074_0083,sample_074_0083_000003,준식별자
01,074_0083,sample_074_0083_000003,준식별자
15,074_0083,sample_074_0083_000003,준식별자
123-456-789012,074_0083,sample_074_0083_000019,기밀정보
2025,074_0083,sample_074_0083_000020,준식별자
01,074_0083,sample_074_0083_000020,준식별자
20,074_0083,sample_074_0083_000020,준식별자
2025,074_0083,sample_074_0083_000024,준식별자
01,074_0083,sample_074_0083_000024,준식별자
16,074_0083,sample_074_0083_000024,준식별자
000123,074_0083,sample_074_0083_000027,개인정보
안필준,074_0084,sample_074_0084_000018,개인정보
박연수,074_0084,sample_074_0084_000019,개인정보
"서울특별시 강남구 테헤란로 100-12, 3층",074_0084,sample_074_0084_000019,개인정보
support@example.com,074_0084,sample_074_0084_000020,개인정보
010-1234-5678,074_0084,sample_074_0084_000020,개인정보
1985-04-12,074_0084,sample_074_0084_000016,준식별자
여성,074_0084,sample_074_0084_000016,준식별자
123-456-789012,074_0084,sample_074_0084_000028,기밀정보
임강진,074_0085,sample_074_0085_000016,개인정보
1985-06-15,074_0085,sample_074_0085_000016,준식별자
남성,074_0085,sample_074_0085_000016,준식별자
BATCH-20250115-01,074_0085,sample_074_0085_000017,기밀정보
012-345678-90,074_0085,sample_074_0085_000019,기밀정보
SOP/secure/internal_guideline.pdf,074_0085,sample_074_0085_000022,기밀정보
남이진,074_0085,sample_074_0085_000026,개인정보
nam@example.com,074_0085,sample_074_0085_000026,개인정보
010-1234-5678,074_0085,sample_074_0085_000026,개인정보
서울특별시 강남구 역삼동 45-12,074_0085,sample_074_0085_000027,개인정보
강남구,074_0085,sample_074_0085_000016,준식별자
BATCH-20250115-01,074_0085,sample_074_0085_000024,기밀정보
류장미,074_0086,sample_074_0086_000005,개인정보
주석기,074_0086,sample_074_0086_000010,개인정보
사번 2024-0456,074_0086,sample_074_0086_000010,개인정보
서울특별시 강남구,074_0086,sample_074_0086_000012,준식별자
1988-05-14,074_0086,sample_074_0086_000014,준식별자
/srv/internal/SOPs/CPSR_v2.pdf,074_0086,sample_074_0086_000020,기밀정보
지용운,074_0087,sample_074_0087_000010,개인정보
20240087,074_0087,sample_074_0087_000010,개인정보
+82-10-1234-5678,074_0087,sample_074_0087_000010,개인정보
jyw.qc@dermacare.kr,074_0087,sample_074_0087_000010,개인정보
나현경,074_0087,sample_074_0087_000014,개인정보
원강현,074_0087,sample_074_0087_000021,개인정보
123-456-789012,074_0087,sample_074_0087_000021,기밀정보
S:/supply/kor_raw/contract_2025.pdf,074_0087,sample_074_0087_000021,기밀정보
서엘리나,074_0087,sample_074_0087_000024,개인정보
1985,074_0087,sample_074_0087_000024,준식별자
07,074_0087,sample_074_0087_000024,준식별자
23,074_0087,sample_074_0087_000024,준식별자
여성,074_0087,sample_074_0087_000024,준식별자
서울특별시,074_0087,sample_074_0087_000024,준식별자
강남구,074_0087,sample_074_0087_000024,준식별자
지명기,074_0087,sample_074_0087_000025,개인정보
T:/clinical/patch/raw/patch_20260120.csv,074_0087,sample_074_0087_000027,기밀정보
지명기,074_0087,sample_074_0087_000028,개인정보
김종찬,074_0087,sample_074_0087_000029,개인정보
safety@dermacare.kr,074_0087,sample_074_0087_000029,개인정보
+82-10-9876-5432,074_0087,sample_074_0087_000029,개인정보
천현근,074_0087,sample_074_0087_000032,개인정보
양준이,074_0088,sample_074_0088_000021,개인정보
qa.contact@example.com,074_0088,sample_074_0088_000021,개인정보
2023001,074_0088,sample_074_0088_000021,개인정보
박시형,074_0088,sample_074_0088_000022,개인정보
1985-07-12T00:00:00Z,074_0088,sample_074_0088_000022,준식별자
남성,074_0088,sample_074_0088_000022,준식별자
서울특별시 종로구,074_0088,sample_074_0088_000022,준식별자
원승아,074_0088,sample_074_0088_000023,개인정보
연구개발팀장,074_0088,sample_074_0088_000023,준식별자
/internal/sop/recipe_v2.docx,074_0088,sample_074_0088_000023,기밀정보
192.0.2.10,074_0088,sample_074_0088_000023,기밀정보
110-123-456789,074_0088,sample_074_0088_000023,기밀정보
엄보승,074_0088,sample_074_0088_000030,개인정보
지태희,074_0089,sample_074_0089_000011,개인정보
010-5555-1234,074_0089,sample_074_0089_000011,개인정보
j.thaehui@brandkorea.com,074_0089,sample_074_0089_000011,개인정보
배조한,074_0089,sample_074_0089_000016,개인정보
2024-5598,074_0089,sample_074_0089_000016,개인정보
1985-07-23,074_0089,sample_074_0089_000016,준식별자
제조팀장,074_0089,sample_074_0089_000016,준식별자
ACCT-554321,074_0089,sample_074_0089_000015,기밀정보
CTR-2024-77,074_0089,sample_074_0089_000017,기밀정보
123-456-789012,074_0089,sample_074_0089_000017,기밀정보
\\int-srv\projects\074_0089\cpsr_draft.docx,074_0089,sample_074_0089_000027,기밀정보
성수현,074_0089,sample_074_0089_000028,개인정보
서울특별시 강남구 역삼동 123-45 101호,074_0089,sample_074_0089_000028,개인정보
여성,074_0089,sample_074_0089_000028,준식별자
대한민국,074_0089,sample_074_0089_000028,준식별자
https://internal.acme.local/cpsr/074_0089,074_0089,sample_074_0089_000006,기밀정보
곽성연,074_0090,sample_074_0090_000016,개인정보
사번 000123,074_0090,sample_074_0090_000016,개인정보
계좌번호: 123-45-678901(기밀),074_0090,sample_074_0090_000018,기밀정보
S:\R&D\Formulas\secret.xlsx,074_0090,sample_074_0090_000027,기밀정보
10.0.0.5,074_0090,sample_074_0090_000027,기밀정보
원민결,074_0090,sample_074_0090_000028,개인정보
품질관리자,074_0090,sample_074_0090_000028,준식별자
전제은,074_0090,sample_074_0090_000029,개인정보
1985-07-14,074_0090,sample_074_0090_000029,준식별자
여성,074_0090,sample_074_0090_000029,준식별자
대한민국 서울특별시 강남구 테헤란로 12,074_0090,sample_074_0090_000030,개인정보
전승후,074_0091,sample_074_0091_000024,개인정보
최현태,074_0091,sample_074_0091_000025,개인정보
1985-07-21,074_0091,sample_074_0091_000026,준식별자
여성,074_0091,sample_074_0091_000026,준식별자
서울특별시,074_0091,sample_074_0091_000026,준식별자
강남구,074_0091,sample_074_0091_000026,준식별자
주식회사뷰티코리아,074_0091,sample_074_0091_000023,준식별자
주식회사뷰티코리아,074_0091,sample_074_0091_000026,준식별자
110-123456-01234,074_0091,sample_074_0091_000027,기밀정보
s3://private.company.local/074_0091/patch/patch_raw_BN-074-0091_20240515.csv,074_0091,sample_074_0091_000018,기밀정보
/srv/internal/formulations/074_0091/formulation_v1.xlsx,074_0091,sample_074_0091_000028,기밀정보
배현수,074_0092,sample_074_0092_000002,개인정보
서라현,074_0092,sample_074_0092_000003,개인정보
사번: 2024-1101,074_0092,sample_074_0092_000004,개인정보
서울특별시,074_0092,sample_074_0092_000005,준식별자
강남구,074_0092,sample_074_0092_000006,준식별자
internal://R&D/formula/074_0092/secret_master_v2,074_0092,sample_074_0092_000007,기밀정보
internal://SOP/074_0092/process_v3,074_0092,sample_074_0092_000027,기밀정보
심보윤,074_0093,sample_074_0093_000003,개인정보
2026-00123,074_0093,sample_074_0093_000003,개인정보
youn.sim@example.com,074_0093,sample_074_0093_000003,개인정보
010-1234-5678,074_0093,sample_074_0093_000003,개인정보
서울특별시 강남구 논현동 12-3,074_0093,sample_074_0093_000004,개인정보
900101-1234567,074_0093,sample_074_0093_000005,개인정보
여성,074_0093,sample_074_0093_000006,준식별자
1990-01-01,074_0093,sample_074_0093_000006,준식별자
165 cm,074_0093,sample_074_0093_000006,준식별자
52 kg,074_0093,sample_074_0093_000006,준식별자
연구원,074_0093,sample_074_0093_000006,준식별자
N12345678,074_0093,sample_074_0093_000007,개인정보
123-456-789012,074_0093,sample_074_0093_000025,기밀정보
/srv/internal/policies/CPSR_draft_v2.docx,074_0093,sample_074_0093_000025,기밀정보
10.0.0.12,074_0093,sample_074_0093_000025,기밀정보
전대욱,074_0093,sample_074_0093_000027,개인정보
조소아,074_0094,sample_074_0094_000006,개인정보
EMP-2023-045,074_0094,sample_074_0094_000006,개인정보
soah.cho@example.com,074_0094,sample_074_0094_000006,개인정보
여성,074_0094,sample_074_0094_000010,준식별자
1988-05-12,074_0094,sample_074_0094_000010,준식별자
서울특별시 강남구,074_0094,sample_074_0094_000014,준식별자
S:/projects/Formula/secret.xlsx,074_0094,sample_074_0094_000018,기밀정보
10.0.0.42,074_0094,sample_074_0094_000019,기밀정보
admin_prod,074_0094,sample_074_0094_000019,기밀정보
110-12345-67890,074_0094,sample_074_0094_000020,기밀정보
곽호정,074_0094,sample_074_0094_000030,개인정보
오은빈,074_0095,sample_074_0095_000022,개인정보
여성,074_0095,sample_074_0095_000022,준식별자
1985-04-12,074_0095,sample_074_0095_000022,준식별자
서울특별시 강남구,074_0095,sample_074_0095_000022,준식별자
\internal\artwork\cream_front_v2.psd,074_0095,sample_074_0095_000026,기밀정보
987-654321-00,074_0095,sample_074_0095_000027,기밀정보
\internal\docs\CPSR\final_v2.docx,074_0095,sample_074_0095_000028,기밀정보
이태운,074_0095,sample_074_0095_000028,개인정보
박현규,074_0095,sample_074_0095_000030,개인정보
전동관,074_0096,sample_074_0096_000022,개인정보
임승목,074_0096,sample_074_0096_000019,개인정보
서울특별시 강남구,074_0096,sample_074_0096_000023,준식별자
여성,074_0096,sample_074_0096_000016,준식별자
조세영,074_0097,sample_074_0097_000007,개인정보
김광원,074_0097,sample_074_0097_000010,개인정보
서울특별시,074_0097,sample_074_0097_000013,준식별자
강남구,074_0097,sample_074_0097_000013,준식별자
123-456-789012,074_0097,sample_074_0097_000014,기밀정보
\\internal\\files\\SDS\\074_0097\\SDS_v1.pdf,074_0097,sample_074_0097_000015,기밀정보
1985-05-12,074_0097,sample_074_0097_000018,준식별자
여성,074_0097,sample_074_0097_000019,준식별자
노현동,074_0098,sample_074_0098_000013,개인정보
1988-05-12T00:00:00Z,074_0098,sample_074_0098_000013,준식별자
남성,074_0098,sample_074_0098_000013,준식별자
여성,074_0098,sample_074_0098_000012,준식별자
유슬기,074_0098,sample_074_0098_000016,개인정보
qa@beautyco.kr,074_0098,sample_074_0098_000016,개인정보
+82-10-1234-5678,074_0098,sample_074_0098_000016,개인정보
안별,074_0098,sample_074_0098_000017,개인정보
123-456789-00,074_0098,sample_074_0098_000017,기밀정보
서울특별시,074_0098,sample_074_0098_000017,준식별자
강남구,074_0098,sample_074_0098_000017,준식별자
역삼동 123-45,074_0098,sample_074_0098_000017,준식별자
/internal/sop/formulation_v3.docx,074_0098,sample_074_0098_000023,기밀정보
10.0.0.5,074_0098,sample_074_0098_000024,기밀정보
문미라,074_0098,sample_074_0098_000028,개인정보
윤영달,074_0099,sample_074_0099_000022,개인정보
김효연,074_0099,sample_074_0099_000022,개인정보
+82-10-1234-5678,074_0099,sample_074_0099_000023,개인정보
y.ydal@company.com,074_0099,sample_074_0099_000023,개인정보
/internal/prod/supply_chain/074_0099_trace.xlsx,074_0099,sample_074_0099_000021,기밀정보
계좌번호 110-123456-01-0,074_0099,sample_074_0099_000024,기밀정보
서버 IP: 10.0.4.12,074_0099,sample_074_0099_000024,기밀정보
/internal/prod/coa/074_0099_coa.pdf,074_0099,sample_074_0099_000029,기밀정보
1988-05-12,074_0099,sample_074_0099_000030,준식별자
여성,074_0099,sample_074_0099_000030,준식별자
서울특별시 강남구,074_0099,sample_074_0099_000030,준식별자
노다민,074_0100,sample_074_0100_000026,개인정보
nodamin@example.com,074_0100,sample_074_0100_000026,개인정보
010-1234-5678,074_0100,sample_074_0100_000026,개인정보
1990-05-12,074_0100,sample_074_0100_000026,준식별자
여성,074_0100,sample_074_0100_000026,준식별자
서울특별시 강남구,074_0100,sample_074_0100_000026,준식별자
이재창,074_0100,sample_074_0100_000019,개인정보
/srv/internal/sds/074_0100_v1.pdf,074_0100,sample_074_0100_000021,기밀정보
10.0.0.45,074_0100,sample_074_0100_000022,기밀정보
110-123-456789,074_0100,sample_074_0100_000022,기밀정보
남세민,074_0100,sample_074_0100_000030,개인정보
