{
    "document_id": "011_0049",
    "document_title": "스마트 물류센터 운송·정비 통합 보고서 (일별)",
    "data": [
        {
            "sentence": "문서 제목: 스마트 물류센터 운송 및 정비 통합 보고서.",
            "id": "sample_011_0049_000001",
            "annotations": []
        },
        {
            "sentence": "작성자: 운영팀장 심강호가 운송 흐름을 시계열로 기록하고 분석하였다.",
            "id": "sample_011_0049_000002",
            "annotations": [
                {
                    "word": "심강호",
                    "start": 10,
                    "end": 13,
                    "label": "개인정보"
                }
            ]
        },
        {
            "sentence": "보고 목적은 당일 운송 현황, 차량 정비 이력, 및 이상 징후 분석을 포함한다.",
            "id": "sample_011_0049_000003",
            "annotations": []
        },
        {
            "sentence": "문서는 운행 일지 섹션부터 화물 운송장 섹션, 정비 로그 섹션 순으로 구성되어 있다.",
            "id": "sample_011_0049_000004",
            "annotations": []
        },
        {
            "sentence": "운송 일자: 2025년 11월 15일에 출발 및 도착 기록이 수집되었다.",
            "id": "sample_011_0049_000005",
            "annotations": [
                {
                    "word": "2025년",
                    "start": 7,
                    "end": 12,
                    "label": "준식별자"
                },
                {
                    "word": "11월",
                    "start": 13,
                    "end": 16,
                    "label": "준식별자"
                },
                {
                    "word": "15일",
                    "start": 17,
                    "end": 20,
                    "label": "준식별자"
                }
            ]
        },
        {
            "sentence": "출발지: 인천광역시 남동구, 도착지: 경기도 화성시로 경로가 설정되었다.",
            "id": "sample_011_0049_000006",
            "annotations": [
                {
                    "word": "인천광역시",
                    "start": 5,
                    "end": 10,
                    "label": "준식별자"
                },
                {
                    "word": "남동구",
                    "start": 11,
                    "end": 14,
                    "label": "준식별자"
                },
                {
                    "word": "화성시",
                    "start": 25,
                    "end": 28,
                    "label": "준식별자"
                }
            ]
        },
        {
            "sentence": "화물 운송장 번호: WG-20251115-00087로 등록되어 운송 추적이 가능하다.",
            "id": "sample_011_0049_000007",
            "annotations": []
        },
        {
            "sentence": "차량 번호판은 82가1234이며 주행 속도는 최고 95 km/h로 계측되었다.",
            "id": "sample_011_0049_000008",
            "annotations": []
        },
        {
            "sentence": "운전기사: 구우빈이 해당 노선을 운행하였으며 연락처는 010-3456-7890로 기록되었다.",
            "id": "sample_011_0049_000009",
            "annotations": [
                {
                    "word": "구우빈",
                    "start": 6,
                    "end": 9,
                    "label": "개인정보"
                },
                {
                    "word": "010-3456-7890",
                    "start": 30,
                    "end": 43,
                    "label": "개인정보"
                }
            ]
        },
        {
            "sentence": "운전 시작 시 GPS 좌표는 N37.456789 E126.678901로 기록되었고 최종 좌표는 N37.423456 E126.634567이다.",
            "id": "sample_011_0049_000010",
            "annotations": []
        },
        {
            "sentence": "총 주행 거리는 128.7 km로 누적 주행거리는 정비 기준에 반영되었다.",
            "id": "sample_011_0049_000011",
            "annotations": []
        },
        {
            "sentence": "평균 속도는 62.4 km/h로, 구간별 속도 편차를 동시간대별로 분석하였다.",
            "id": "sample_011_0049_000012",
            "annotations": []
        },
        {
            "sentence": "화물 품목: 전자부품(온도 민감), 적재 중량 1,250 kg으로 적재 상태를 확인하였다.",
            "id": "sample_011_0049_000013",
            "annotations": []
        },
        {
            "sentence": "정비 요청 접수일: 2025년 11월 10일에 차체 점검 및 브레이크 패드 교체가 접수되었다.",
            "id": "sample_011_0049_000014",
            "annotations": [
                {
                    "word": "2025년",
                    "start": 11,
                    "end": 16,
                    "label": "준식별자"
                },
                {
                    "word": "11월",
                    "start": 17,
                    "end": 20,
                    "label": "준식별자"
                },
                {
                    "word": "10일",
                    "start": 21,
                    "end": 24,
                    "label": "준식별자"
                }
            ]
        },
        {
            "sentence": "정비 담당자: 권은지가 점검을 수행하였고 정비 완료 보고를 등록하였다.",
            "id": "sample_011_0049_000015",
            "annotations": [
                {
                    "word": "권은지",
                    "start": 8,
                    "end": 11,
                    "label": "개인정보"
                }
            ]
        },
        {
            "sentence": "정비 항목: 브레이크 패드 교체, 엔진 오일 교환, 타이어 공기압 조정(단위: psi)을 실시하였다.",
            "id": "sample_011_0049_000016",
            "annotations": []
        },
        {
            "sentence": "정비 후 계측값: 엔진오일 점도 10W-40, 브레이크 마모잉여 3.2 mm, 타이어 공기압 36 psi로 정상 판정.",
            "id": "sample_011_0049_000017",
            "annotations": []
        },
        {
            "sentence": "정비 완료일: 2025년 11월 11일에 모든 점검 항목이 정상으로 확인되었다.",
            "id": "sample_011_0049_000018",
            "annotations": [
                {
                    "word": "2025년",
                    "start": 8,
                    "end": 13,
                    "label": "준식별자"
                },
                {
                    "word": "11월",
                    "start": 14,
                    "end": 17,
                    "label": "준식별자"
                },
                {
                    "word": "11일",
                    "start": 18,
                    "end": 21,
                    "label": "준식별자"
                }
            ]
        },
        {
            "sentence": "차량 정비 이력은 내부 자산관리 시스템에 저장되어 있으며 내부서버 IP는 10.10.50.12로 지정되어 있다.",
            "id": "sample_011_0049_000019",
            "annotations": [
                {
                    "word": "10.10.50.12",
                    "start": 41,
                    "end": 52,
                    "label": "기밀정보"
                }
            ]
        },
        {
            "sentence": "시스템 접근은 사내 계정으로 제한되며 접근 로그는 보안 규정에 따라 보관된다.",
            "id": "sample_011_0049_000020",
            "annotations": []
        },
        {
            "sentence": "내부 결재 라인: 운영팀장 심강호 검토 후 결재자 천호원이 최종 승인 처리하였다.",
            "id": "sample_011_0049_000021",
            "annotations": [
                {
                    "word": "심강호",
                    "start": 15,
                    "end": 18,
                    "label": "기밀정보"
                },
                {
                    "word": "천호원",
                    "start": 28,
                    "end": 31,
                    "label": "기밀정보"
                }
            ]
        },
        {
            "sentence": "결재 일자: 2025년 11월 12일.",
            "id": "sample_011_0049_000022",
            "annotations": [
                {
                    "word": "2025년",
                    "start": 7,
                    "end": 12,
                    "label": "준식별자"
                },
                {
                    "word": "11월",
                    "start": 13,
                    "end": 16,
                    "label": "준식별자"
                },
                {
                    "word": "12일",
                    "start": 17,
                    "end": 20,
                    "label": "준식별자"
                }
            ]
        },
        {
            "sentence": "승인 관련 문서는 내부 파일 경로 \\\\internal\\\\operations\\\\approvals\\\\2025\\\\WG-00087.pdf에 저장되어 있다.",
            "id": "sample_011_0049_000023",
            "annotations": [
                {
                    "word": "\\\\internal\\\\operations\\\\approvals\\\\2025\\\\WG-00087.pdf",
                    "start": 19,
                    "end": 72,
                    "label": "기밀정보"
                }
            ]
        },
        {
            "sentence": "회사는 스마트로지스(주)로 표기되어 있으며 협력사 계약 조건이 운송단가에 반영된다.",
            "id": "sample_011_0049_000024",
            "annotations": [
                {
                    "word": "스마트로지스(주)",
                    "start": 4,
                    "end": 13,
                    "label": "준식별자"
                }
            ]
        },
        {
            "sentence": "재무 정산 계좌번호는 101-234567-01-01로 기입되어 있어 외부 유출 시 문제를 초래할 수 있다.",
            "id": "sample_011_0049_000025",
            "annotations": [
                {
                    "word": "101-234567-01-01",
                    "start": 12,
                    "end": 28,
                    "label": "기밀정보"
                }
            ]
        },
        {
            "sentence": "운행 중 비상 연락처로는 물류센터 총괄 고지홍의 사무실 연락처 02-712-3344가 등록되어 있다.",
            "id": "sample_011_0049_000026",
            "annotations": [
                {
                    "word": "고지홍",
                    "start": 22,
                    "end": 25,
                    "label": "개인정보"
                },
                {
                    "word": "02-712-3344",
                    "start": 35,
                    "end": 46,
                    "label": "개인정보"
                }
            ]
        },
        {
            "sentence": "운행 후 액션 아이템: 주행 중 속도 이상 발생 구간에 대한 추가 데이터 수집과 정비 예측 모델 업데이트를 수행할 예정이다.",
            "id": "sample_011_0049_000027",
            "annotations": []
        },
        {
            "sentence": "보고서 최종 검토는 내부 보안 절차에 따라 암호화 저장하며 필요시 운영 회의를 통해 조치 사항을 배포한다.",
            "id": "sample_011_0049_000028",
            "annotations": []
        }
    ]
}