{
    "document_id": "011_0008",
    "document_title": "교통물류 운행 및 정비 기록 보고서 (2025년 05월 주간)",
    "data": [
        {
            "sentence": "문서 제목: 교통물류 운행 및 정비 기록 보고서(2025년 05월 주간).",
            "id": "sample_011_0008_000001",
            "annotations": [
                {
                    "word": "2025",
                    "start": 27,
                    "end": 31,
                    "label": "준식별자"
                },
                {
                    "word": "05",
                    "start": 33,
                    "end": 35,
                    "label": "준식별자"
                }
            ]
        },
        {
            "sentence": "작성부서: 스마트물류주식회사 운영팀이며 문서 담당자는 팀장 양서형입니다.",
            "id": "sample_011_0008_000002",
            "annotations": [
                {
                    "word": "스마트물류주식회사",
                    "start": 6,
                    "end": 15,
                    "label": "준식별자"
                },
                {
                    "word": "양서형",
                    "start": 33,
                    "end": 36,
                    "label": "개인정보"
                }
            ]
        },
        {
            "sentence": "문의 연락처는 운영팀 대표 전화 02-3456-7890과 담당자 휴대폰 010-2598-3347입니다.",
            "id": "sample_011_0008_000003",
            "annotations": [
                {
                    "word": "010-2598-3347",
                    "start": 40,
                    "end": 53,
                    "label": "개인정보"
                }
            ]
        },
        {
            "sentence": "이 문서는 물류 흐름의 시계열적 특성을 반영하여 화물 운송장, 차량 정비 로그, 운행 일지를 통합 기록합니다.",
            "id": "sample_011_0008_000004",
            "annotations": []
        },
        {
            "sentence": "운송장 번호 TN-20250517-001은 화물 A(전자부품, 중량 1200kg)의 출고를 기록합니다.",
            "id": "sample_011_0008_000005",
            "annotations": []
        },
        {
            "sentence": "출발지: 서울특별시 강남구 역삼동 822-5, 도착지: 경기도 화성시 봉담읍 물류로 12-4, 운행 거리 약 78.3km이며 속도 단위는 km/h입니다.",
            "id": "sample_011_0008_000006",
            "annotations": [
                {
                    "word": "서울특별시",
                    "start": 5,
                    "end": 10,
                    "label": "준식별자"
                },
                {
                    "word": "강남구",
                    "start": 11,
                    "end": 14,
                    "label": "준식별자"
                },
                {
                    "word": "역삼동",
                    "start": 15,
                    "end": 18,
                    "label": "준식별자"
                },
                {
                    "word": "화성시",
                    "start": 35,
                    "end": 38,
                    "label": "준식별자"
                },
                {
                    "word": "봉담읍",
                    "start": 39,
                    "end": 42,
                    "label": "준식별자"
                }
            ]
        },
        {
            "sentence": "차량 번호판은 74버1234로 표기하였으며 차량 유형은 대형(대형탑차)입니다.",
            "id": "sample_011_0008_000007",
            "annotations": []
        },
        {
            "sentence": "운전자: 유제현(사번 EMP-20258), 운전면허번호 D-990912-1234, 생년월일 1990년 03월 22일, 성별 남성.",
            "id": "sample_011_0008_000008",
            "annotations": [
                {
                    "word": "유제현",
                    "start": 5,
                    "end": 8,
                    "label": "개인정보"
                },
                {
                    "word": "EMP-20258",
                    "start": 12,
                    "end": 21,
                    "label": "개인정보"
                },
                {
                    "word": "D-990912-1234",
                    "start": 31,
                    "end": 44,
                    "label": "개인정보"
                },
                {
                    "word": "1990",
                    "start": 51,
                    "end": 55,
                    "label": "준식별자"
                },
                {
                    "word": "03",
                    "start": 57,
                    "end": 59,
                    "label": "준식별자"
                },
                {
                    "word": "22",
                    "start": 61,
                    "end": 63,
                    "label": "준식별자"
                },
                {
                    "word": "남성",
                    "start": 69,
                    "end": 71,
                    "label": "준식별자"
                }
            ]
        },
        {
            "sentence": "운행 시작 시각은 2025년 05월 17일 08:15이며 종료 시각은 2025년 05월 17일 11:02입니다.",
            "id": "sample_011_0008_000009",
            "annotations": [
                {
                    "word": "2025",
                    "start": 10,
                    "end": 14,
                    "label": "준식별자"
                },
                {
                    "word": "2025",
                    "start": 39,
                    "end": 43,
                    "label": "준식별자"
                },
                {
                    "word": "05",
                    "start": 16,
                    "end": 18,
                    "label": "준식별자"
                },
                {
                    "word": "05",
                    "start": 45,
                    "end": 47,
                    "label": "준식별자"
                },
                {
                    "word": "17",
                    "start": 20,
                    "end": 22,
                    "label": "준식별자"
                },
                {
                    "word": "17",
                    "start": 49,
                    "end": 51,
                    "label": "준식별자"
                }
            ]
        },
        {
            "sentence": "주행 중 최고속도 98km/h, 평균속도 62.4km/h, 총주행거리 78.3km로 운행 상태가 양호했습니다.",
            "id": "sample_011_0008_000010",
            "annotations": []
        },
        {
            "sentence": "적재 상태와 고정 장비는 정기점검을 통해 이상 없음이 확인되었습니다.",
            "id": "sample_011_0008_000011",
            "annotations": []
        },
        {
            "sentence": "정비 이력: 2025년 05월 16일 엔진오일 교환 및 브레이크 패드 점검을 수행했습니다.",
            "id": "sample_011_0008_000012",
            "annotations": [
                {
                    "word": "2025",
                    "start": 7,
                    "end": 11,
                    "label": "준식별자"
                },
                {
                    "word": "05",
                    "start": 13,
                    "end": 15,
                    "label": "준식별자"
                },
                {
                    "word": "16",
                    "start": 17,
                    "end": 19,
                    "label": "준식별자"
                }
            ]
        },
        {
            "sentence": "정비 담당자: 고희온 정비사, 내부 승인자: 양서형(팀장), 정비 기록 파일 경로는 /internal/logs/maintenance/2025/05/16_rep.pdf 입니다.",
            "id": "sample_011_0008_000013",
            "annotations": [
                {
                    "word": "고희온",
                    "start": 8,
                    "end": 11,
                    "label": "개인정보"
                },
                {
                    "word": "양서형",
                    "start": 25,
                    "end": 28,
                    "label": "개인정보"
                },
                {
                    "word": "/internal/logs/maintenance/2025/05/16_rep.pdf",
                    "start": 47,
                    "end": 92,
                    "label": "기밀정보"
                }
            ]
        },
        {
            "sentence": "정비 항목별 교체 부품 번호는 P-ENG-2025-017, P-BRK-045로 관리 중이며 재고 위치는 창고 B-02입니다.",
            "id": "sample_011_0008_000014",
            "annotations": []
        },
        {
            "sentence": "정기 안전점검 체크리스트는 내부 보안 정책 3조에 따라 취합되어 기밀로 분류됩니다.",
            "id": "sample_011_0008_000015",
            "annotations": [
                {
                    "word": "내부 보안 정책 3조",
                    "start": 15,
                    "end": 26,
                    "label": "기밀정보"
                }
            ]
        },
        {
            "sentence": "연료비 결제 계좌는 농협 301-0234-5678-01이며 결제 승인은 엄민창 재무담당자가 처리했습니다.",
            "id": "sample_011_0008_000016",
            "annotations": [
                {
                    "word": "농협 301-0234-5678-01",
                    "start": 11,
                    "end": 30,
                    "label": "기밀정보"
                },
                {
                    "word": "엄민창",
                    "start": 40,
                    "end": 43,
                    "label": "개인정보"
                }
            ]
        },
        {
            "sentence": "GPS 로그 예시: 2025-05-17T08:15:30Z, 위도 37.498095, 경도 127.027610, 속도 45.6km/h.",
            "id": "sample_011_0008_000017",
            "annotations": [
                {
                    "word": "2025",
                    "start": 11,
                    "end": 15,
                    "label": "준식별자"
                },
                {
                    "word": "05",
                    "start": 16,
                    "end": 18,
                    "label": "준식별자"
                },
                {
                    "word": "17",
                    "start": 19,
                    "end": 21,
                    "label": "준식별자"
                }
            ]
        },
        {
            "sentence": "차량 내부 온도 센서 데이터(흐름): 08:16 19.8°C, 09:30 20.1°C로 기록되어 냉·난방 제어가 정상 동작했습니다.",
            "id": "sample_011_0008_000018",
            "annotations": []
        },
        {
            "sentence": "운송물 수령인 정보는 최소화되어 수취인명 정율리, 연락처 010-9987-2211, 수취주소 서울특별시 마포구 연남동 55-3입니다.",
            "id": "sample_011_0008_000019",
            "annotations": [
                {
                    "word": "정율리",
                    "start": 23,
                    "end": 26,
                    "label": "개인정보"
                },
                {
                    "word": "010-9987-2211",
                    "start": 32,
                    "end": 45,
                    "label": "개인정보"
                },
                {
                    "word": "서울특별시",
                    "start": 52,
                    "end": 57,
                    "label": "준식별자"
                },
                {
                    "word": "마포구",
                    "start": 58,
                    "end": 61,
                    "label": "준식별자"
                },
                {
                    "word": "연남동",
                    "start": 62,
                    "end": 65,
                    "label": "준식별자"
                }
            ]
        },
        {
            "sentence": "운송 중 발생한 경미한 사고는 사진으로 기록되어 내부 보고서에 첨부되었으며 사고조치 완료 처리되었음.",
            "id": "sample_011_0008_000020",
            "annotations": []
        },
        {
            "sentence": "시스템 접속 계정 logistics_admin은 점검 기간에 사용되었으며 접속 IP는 10.0.4.12입니다.",
            "id": "sample_011_0008_000021",
            "annotations": [
                {
                    "word": "logistics_admin",
                    "start": 10,
                    "end": 25,
                    "label": "기밀정보"
                },
                {
                    "word": "10.0.4.12",
                    "start": 48,
                    "end": 57,
                    "label": "기밀정보"
                }
            ]
        },
        {
            "sentence": "보안 로그에 기록된 세션 ID는 sess-9f8b7a2이며 세부 로그는 보안상 공개 불가입니다.",
            "id": "sample_011_0008_000022",
            "annotations": [
                {
                    "word": "sess-9f8b7a2",
                    "start": 18,
                    "end": 30,
                    "label": "기밀정보"
                }
            ]
        },
        {
            "sentence": "차량 검수 증빙으로 첨부된 도면 및 내부 회로도는 외부 배포 금지 문서로 기밀 등급으로 분류됩니다.",
            "id": "sample_011_0008_000023",
            "annotations": [
                {
                    "word": "내부 회로도",
                    "start": 20,
                    "end": 26,
                    "label": "기밀정보"
                }
            ]
        },
        {
            "sentence": "운행 보고서 결재선: 작성자 권강, 검토자 구현희, 승인자 권홍석.",
            "id": "sample_011_0008_000024",
            "annotations": [
                {
                    "word": "권강",
                    "start": 16,
                    "end": 18,
                    "label": "개인정보"
                },
                {
                    "word": "구현희",
                    "start": 24,
                    "end": 27,
                    "label": "개인정보"
                },
                {
                    "word": "권홍석",
                    "start": 33,
                    "end": 36,
                    "label": "개인정보"
                },
                {
                    "word": "운행 보고서 결재선: 작성자 권강, 검토자 구현희, 승인자 권홍석",
                    "start": 0,
                    "end": 36,
                    "label": "기밀정보"
                }
            ]
        },
        {
            "sentence": "다음 점검 예정일은 2025년 06월 01일이며 점검 항목은 브레이크 오일 상태 및 타이어 마모도 측정입니다.",
            "id": "sample_011_0008_000025",
            "annotations": [
                {
                    "word": "2025",
                    "start": 11,
                    "end": 15,
                    "label": "준식별자"
                },
                {
                    "word": "06",
                    "start": 17,
                    "end": 19,
                    "label": "준식별자"
                },
                {
                    "word": "01",
                    "start": 21,
                    "end": 23,
                    "label": "준식별자"
                }
            ]
        },
        {
            "sentence": "담당자 개인 이메일 주소 ys_hyung@smartlogi.co.kr은 내부 알림 수신에 사용됩니다.",
            "id": "sample_011_0008_000026",
            "annotations": [
                {
                    "word": "ys_hyung@smartlogi.co.kr",
                    "start": 14,
                    "end": 38,
                    "label": "개인정보"
                }
            ]
        },
        {
            "sentence": "운송 중 비상연락망으로 등록된 외부 협력사 연락처는 공우용(주식회사 트랜스원) 031-775-3344입니다.",
            "id": "sample_011_0008_000027",
            "annotations": [
                {
                    "word": "공우용",
                    "start": 29,
                    "end": 32,
                    "label": "개인정보"
                },
                {
                    "word": "031-775-3344",
                    "start": 44,
                    "end": 56,
                    "label": "개인정보"
                },
                {
                    "word": "주식회사 트랜스원",
                    "start": 33,
                    "end": 42,
                    "label": "준식별자"
                }
            ]
        },
        {
            "sentence": "정비 기록의 원본 파일은 /internal/db/maintenance/entries.db에 저장되어 관리 중입니다.",
            "id": "sample_011_0008_000028",
            "annotations": [
                {
                    "word": "/internal/db/maintenance/entries.db",
                    "start": 14,
                    "end": 49,
                    "label": "기밀정보"
                }
            ]
        },
        {
            "sentence": "차후 조치: 운전자 교육 자료 업데이트, GPS 전송 주기 10초로 변경, 보안 로그 모니터링 강화.",
            "id": "sample_011_0008_000029",
            "annotations": []
        },
        {
            "sentence": "보고서 최종 검토일은 2025년 05월 20일이며 검토자 성진만이 확인하였습니다.",
            "id": "sample_011_0008_000030",
            "annotations": [
                {
                    "word": "2025",
                    "start": 12,
                    "end": 16,
                    "label": "준식별자"
                },
                {
                    "word": "05",
                    "start": 18,
                    "end": 20,
                    "label": "준식별자"
                },
                {
                    "word": "20",
                    "start": 12,
                    "end": 14,
                    "label": "준식별자"
                },
                {
                    "word": "20",
                    "start": 22,
                    "end": 24,
                    "label": "준식별자"
                },
                {
                    "word": "성진만",
                    "start": 32,
                    "end": 35,
                    "label": "개인정보"
                }
            ]
        }
    ]
}