{
    "document_id": "011_0091",
    "document_title": "물류센터 일별 운송·정비 일지 및 화물 운송장",
    "data": [
        {
            "sentence": "문서 목적: 본 보고서는 당일 교통/물류운송의 운행 기록과 차량 정비 로그를 통합 보고하기 위해 작성되었습니다.",
            "id": "sample_011_0091_000001",
            "annotations": []
        },
        {
            "sentence": "적용 범위: 본 문서는 중앙 스마트 물류센터의 출고, 운송, 정비, 인수인계 절차를 포함합니다.",
            "id": "sample_011_0091_000002",
            "annotations": []
        },
        {
            "sentence": "요약: 총 3대 차량의 주행을 관리하였고, 총 누적 주행거리는 1,342 km이며 단일 운행 최장거리는 452 km였습니다.",
            "id": "sample_011_0091_000003",
            "annotations": []
        },
        {
            "sentence": "화물 운송장(Waybill) 개요: 운송장 번호 WL-20251234, 화물종류 전자부품, 중량 1,800 kg, 적재형태 파레트 적재로 기록되었습니다.",
            "id": "sample_011_0091_000004",
            "annotations": []
        },
        {
            "sentence": "출발지 검수: 적재 상태 및 고정 바인딩 확인, 적재 이상 없음으로 표준체결 토크 준수 여부를 점검했습니다.",
            "id": "sample_011_0091_000005",
            "annotations": []
        },
        {
            "sentence": "운전자 정보: 운전자 곽재혁은 출발 전 브리핑을 완료했으며 비상연락처 010-1234-5678을 제출했습니다.",
            "id": "sample_011_0091_000006",
            "annotations": [
                {
                    "word": "곽재혁",
                    "start": 12,
                    "end": 15,
                    "label": "개인정보"
                },
                {
                    "word": "010-1234-5678",
                    "start": 39,
                    "end": 52,
                    "label": "개인정보"
                }
            ]
        },
        {
            "sentence": "운영팀 연락처: 운영팀 메일 mincenter@logi.co.kr로 보고 되었고 일차 책임자는 담당자 최우용이었습니다.",
            "id": "sample_011_0091_000007",
            "annotations": [
                {
                    "word": "mincenter@logi.co.kr",
                    "start": 16,
                    "end": 36,
                    "label": "개인정보"
                },
                {
                    "word": "최우용",
                    "start": 57,
                    "end": 60,
                    "label": "개인정보"
                }
            ]
        },
        {
            "sentence": "운행 차량 목록: 차량 A(차량번호 12가3456), 차량 B(차량번호 85무1234), 차량 C(차량번호 701나2345)를 사용했습니다.",
            "id": "sample_011_0091_000008",
            "annotations": [
                {
                    "word": "12가3456",
                    "start": 20,
                    "end": 27,
                    "label": "준식별자"
                },
                {
                    "word": "85무1234",
                    "start": 40,
                    "end": 47,
                    "label": "준식별자"
                },
                {
                    "word": "701나2345",
                    "start": 60,
                    "end": 68,
                    "label": "준식별자"
                }
            ]
        },
        {
            "sentence": "차량 A 정비 기록: 차량번호 12가3456, 자산번호 ASSET-0091, 점검항목 엔진오일 교체 및 브레이크 패드 마모 확인을 시행했습니다.",
            "id": "sample_011_0091_000009",
            "annotations": [
                {
                    "word": "ASSET-0091",
                    "start": 31,
                    "end": 41,
                    "label": "기밀정보"
                }
            ]
        },
        {
            "sentence": "정비 상세: 차량 A 엔진번호 ENG-XZ-991, VIN 1HGBH41JXMN109186를 기준으로 부품 교환 이력을 갱신했습니다.",
            "id": "sample_011_0091_000010",
            "annotations": [
                {
                    "word": "ENG-XZ-991",
                    "start": 17,
                    "end": 27,
                    "label": "기밀정보"
                },
                {
                    "word": "1HGBH41JXMN109186",
                    "start": 33,
                    "end": 50,
                    "label": "기밀정보"
                }
            ]
        },
        {
            "sentence": "운행 일지(요약): 차량 A는 06:20에 출고하여 12:05에 인수지 도착을 보고했고 GPS 로그 지점 하나는 37.456321,126.705123로 기록되었습니다.",
            "id": "sample_011_0091_000011",
            "annotations": [
                {
                    "word": "37.456321,126.705123",
                    "start": 63,
                    "end": 83,
                    "label": "기밀정보"
                }
            ]
        },
        {
            "sentence": "운행 상태: 차량 A 평균속도 68 km/h, 최고속도 102 km/h, 해당 세그먼트 주행거리 452 km로 집계되었습니다.",
            "id": "sample_011_0091_000012",
            "annotations": []
        },
        {
            "sentence": "운행 중 이슈: 차량 B(85무1234)는 오후 15:30에 타이어 압력 경고등 표시로 유턴 후 임시정비소에서 압력 보충을 시행하였습니다.",
            "id": "sample_011_0091_000013",
            "annotations": []
        },
        {
            "sentence": "운행 로그 항목: 차량 C는 전자제어장치(ECU) 이상 징후로 자율감시 경보를 기록하였고 즉시 관제센터로 알림이 전송되었습니다.",
            "id": "sample_011_0091_000014",
            "annotations": []
        },
        {
            "sentence": "GPS 궤적 분석: 관제 시스템은 각 차대별 1초 단위 위치를 수집하여 속도와 경로 편차를 분석하였으며 리포트는 TMS에 저장됩니다.",
            "id": "sample_011_0091_000015",
            "annotations": []
        },
        {
            "sentence": "정비 권고: 엔진오일 교체 주기 단축 및 브레이크 캘리퍼 점검을 권장하며 권장 주행거리 기준은 10,000 km 마다입니다.",
            "id": "sample_011_0091_000016",
            "annotations": []
        },
        {
            "sentence": "교통법 준수 사항: 모든 운전자는 법적 제한속도와 휴게시간 규정을 준수하였으며 초과속 기록은 관제 로그에서 검토하였습니다.",
            "id": "sample_011_0091_000017",
            "annotations": []
        },
        {
            "sentence": "정비 담당자 서명: 정비작업은 정비팀장 고명호와 기술자 하원일이 수행 및 확인하였습니다.",
            "id": "sample_011_0091_000018",
            "annotations": [
                {
                    "word": "고명호",
                    "start": 22,
                    "end": 25,
                    "label": "개인정보"
                },
                {
                    "word": "하원일",
                    "start": 31,
                    "end": 34,
                    "label": "개인정보"
                }
            ]
        },
        {
            "sentence": "인수인계 기록: 인수 담당자 엄명식이 인수확인서에 서명했고 차주 확인은 공하루가 수행했습니다.",
            "id": "sample_011_0091_000019",
            "annotations": [
                {
                    "word": "엄명식",
                    "start": 16,
                    "end": 19,
                    "label": "개인정보"
                },
                {
                    "word": "공하루",
                    "start": 40,
                    "end": 43,
                    "label": "개인정보"
                }
            ]
        },
        {
            "sentence": "추가 보고: 관제 알림으로 권성문이 경로 리디렉션을 승인했고 원호정이 최종 점검을 수행했습니다.",
            "id": "sample_011_0091_000020",
            "annotations": [
                {
                    "word": "권성문",
                    "start": 15,
                    "end": 18,
                    "label": "개인정보"
                },
                {
                    "word": "원호정",
                    "start": 34,
                    "end": 37,
                    "label": "개인정보"
                }
            ]
        },
        {
            "sentence": "사고 및 이상 기록: 소규모 접촉 사고는 없었으나 센서 이상 이벤트가 있어 신진구가 로그를 분석하였습니다.",
            "id": "sample_011_0091_000021",
            "annotations": [
                {
                    "word": "신진구",
                    "start": 42,
                    "end": 45,
                    "label": "개인정보"
                }
            ]
        },
        {
            "sentence": "교육 및 안전 점검: 신규 안전교육은 임민경이 주관하였고 비상조치 시나리오 점검 결과 이상 없음으로 보고되었습니다.",
            "id": "sample_011_0091_000022",
            "annotations": [
                {
                    "word": "임민경",
                    "start": 21,
                    "end": 24,
                    "label": "개인정보"
                }
            ]
        },
        {
            "sentence": "품질 검증: 품질관리팀 강재서는 적재 균형 및 고정상태 확인 항목을 통해 최종 검수를 완료하였습니다.",
            "id": "sample_011_0091_000023",
            "annotations": [
                {
                    "word": "강재서",
                    "start": 13,
                    "end": 16,
                    "label": "개인정보"
                }
            ]
        },
        {
            "sentence": "추가 정비 일정: 다음 정비 예정일은 예비부품 수급 상태에 따라 조정되며 담당자 하한나가 스케줄을 관리합니다.",
            "id": "sample_011_0091_000024",
            "annotations": [
                {
                    "word": "하한나",
                    "start": 45,
                    "end": 48,
                    "label": "개인정보"
                }
            ]
        },
        {
            "sentence": "결론 및 조치사항: 자산번호 ASSET-0091에 대한 부품 교체 완료, NG 발생요인에 대한 원인분석 진행, 결과는 차주 통보 후 문서화 예정입니다.",
            "id": "sample_011_0091_000025",
            "annotations": [
                {
                    "word": "ASSET-0091",
                    "start": 16,
                    "end": 26,
                    "label": "기밀정보"
                }
            ]
        },
        {
            "sentence": "후속조치: 정비 부품 발주 및 교체 이력은 시스템에 입력되었고 관련 문서는 30일간 내부서버에 보관됩니다.",
            "id": "sample_011_0091_000026",
            "annotations": []
        },
        {
            "sentence": "보고서 제출: 본 보고서는 당일 운영팀장 곽재혁에게 제출되었으며 내부 검토 후 승인 처리됩니다.",
            "id": "sample_011_0091_000027",
            "annotations": []
        },
        {
            "sentence": "첨부: 운행 로그 원본, 정비 영수증, GPS 원시데이터(예: 37.456321,126.705123)를 함께 제출합니다.",
            "id": "sample_011_0091_000028",
            "annotations": [
                {
                    "word": "37.456321,126.705123",
                    "start": 35,
                    "end": 55,
                    "label": "기밀정보"
                }
            ]
        }
    ]
}