{
    "document_id": "011_0085",
    "document_title": "스마트 물류센터 일일 운송 및 정비 통합보고서",
    "data": [
        {
            "sentence": "스마트 물류센터 운송 및 정비 통합보고서입니다.",
            "id": "sample_011_0085_000001",
            "annotations": []
        },
        {
            "sentence": "본 문서는 일일 운송 현황과 차량 정비 이력을 통합 관리하기 위해 작성되었습니다.",
            "id": "sample_011_0085_000002",
            "annotations": []
        },
        {
            "sentence": "보고 기간은 2025년 12월 01일 하루의 운행과 정비를 대상으로 합니다.",
            "id": "sample_011_0085_000003",
            "annotations": []
        },
        {
            "sentence": "운송장 번호: WBL-20251201-0085.",
            "id": "sample_011_0085_000004",
            "annotations": [
                {
                    "word": "WBL-20251201-0085",
                    "start": 8,
                    "end": 25,
                    "label": "기밀정보"
                }
            ]
        },
        {
            "sentence": "발송인: 주식회사 스마트로지스, 연락처 02-777-8899, 사업장 주소: 서울특별시 송파구 백제고분로 45.",
            "id": "sample_011_0085_000005",
            "annotations": [
                {
                    "word": "주식회사 스마트로지스",
                    "start": 5,
                    "end": 16,
                    "label": "준식별자"
                }
            ]
        },
        {
            "sentence": "수하인: 장보빈, 수취인 연락처: 010-9876-5432, 배송지: 서울특별시 송파구 문정동 632-1 301호.",
            "id": "sample_011_0085_000006",
            "annotations": [
                {
                    "word": "장보빈",
                    "start": 5,
                    "end": 8,
                    "label": "개인정보"
                },
                {
                    "word": "010-9876-5432",
                    "start": 19,
                    "end": 32,
                    "label": "개인정보"
                },
                {
                    "word": "서울특별시 송파구 문정동 632-1 301호",
                    "start": 39,
                    "end": 63,
                    "label": "개인정보"
                },
                {
                    "word": "서울특별시",
                    "start": 39,
                    "end": 44,
                    "label": "준식별자"
                },
                {
                    "word": "송파구",
                    "start": 45,
                    "end": 48,
                    "label": "준식별자"
                },
                {
                    "word": "문정동",
                    "start": 49,
                    "end": 52,
                    "label": "준식별자"
                }
            ]
        },
        {
            "sentence": "화물: 전자부품(PCB), 순중량 1,250.0kg, 규격 1,200×800×900mm, 온도관리 불필요.",
            "id": "sample_011_0085_000007",
            "annotations": []
        },
        {
            "sentence": "픽업 예정일시: 2025년 12월 01일 08:30, 출발지 GPS 좌표: 37.4983,127.0276.",
            "id": "sample_011_0085_000008",
            "annotations": []
        },
        {
            "sentence": "예상 도착일시: 2025년 12월 01일 12:20, 목적지 GPS 좌표: 37.5139,127.1025.",
            "id": "sample_011_0085_000009",
            "annotations": []
        },
        {
            "sentence": "차량 배차: 차량번호 12가3456, 차량종류 4톤 윙바디, 적재량 2,500kg.",
            "id": "sample_011_0085_000010",
            "annotations": []
        },
        {
            "sentence": "담당기사: 남진환, 운전면허번호: 98-765432-1, 휴대전화: 010-1234-5678, 생년 1985년, 생월 05월, 생일 12일, 성별: 남.",
            "id": "sample_011_0085_000011",
            "annotations": [
                {
                    "word": "남진환",
                    "start": 6,
                    "end": 9,
                    "label": "개인정보"
                },
                {
                    "word": "98-765432-1",
                    "start": 19,
                    "end": 30,
                    "label": "개인정보"
                },
                {
                    "word": "010-1234-5678",
                    "start": 38,
                    "end": 51,
                    "label": "개인정보"
                },
                {
                    "word": "1985년",
                    "start": 56,
                    "end": 61,
                    "label": "준식별자"
                },
                {
                    "word": "05월",
                    "start": 66,
                    "end": 69,
                    "label": "준식별자"
                },
                {
                    "word": "12일",
                    "start": 74,
                    "end": 77,
                    "label": "준식별자"
                },
                {
                    "word": "남",
                    "start": 6,
                    "end": 7,
                    "label": "준식별자"
                },
                {
                    "word": "남",
                    "start": 83,
                    "end": 84,
                    "label": "준식별자"
                }
            ]
        },
        {
            "sentence": "출발시간 2025-12-01T08:45:12Z, 운행 시작 위치 GPS 37.4983,127.0276, 주행거리 기록계 0 km.",
            "id": "sample_011_0085_000012",
            "annotations": []
        },
        {
            "sentence": "주행 중 최고속도 89 km/h, 평균속도 62 km/h, 총 주행거리 142.7 km 기록.",
            "id": "sample_011_0085_000013",
            "annotations": []
        },
        {
            "sentence": "주요 경유지 GPS 타임스탬프: 08:58 37.5041,127.0412; 10:15 37.5402,127.0865; 11:50 37.5139,127.1025.",
            "id": "sample_011_0085_000014",
            "annotations": []
        },
        {
            "sentence": "11:05 도로공사 구간 통과로 인해 10분 지연 발생, 화물 상태 이상 없음.",
            "id": "sample_011_0085_000015",
            "annotations": []
        },
        {
            "sentence": "도착시간 2025-12-01T12:22:34Z, 도착 위치 GPS 37.5139,127.1025, 하역 시작 12:30, 완료 12:45.",
            "id": "sample_011_0085_000016",
            "annotations": []
        },
        {
            "sentence": "수취인 확인 서명: 장보빈, 전화 재확인 완료.",
            "id": "sample_011_0085_000017",
            "annotations": []
        },
        {
            "sentence": "정비 및 점검 이력은 점검항목, 교체부품, 정비담당으로 기록합니다.",
            "id": "sample_011_0085_000018",
            "annotations": []
        },
        {
            "sentence": "정비일: 2025-11-25, 정비코드 MNT-20251125-045, 정비 내용: 엔진 오일 교체 및 브레이크 패드 점검.",
            "id": "sample_011_0085_000019",
            "annotations": [
                {
                    "word": "MNT-20251125-045",
                    "start": 22,
                    "end": 38,
                    "label": "기밀정보"
                }
            ]
        },
        {
            "sentence": "교체부품: 엔진오일(5W-30) 12L, 브레이크패드 FR-A 제조번호 BP-98765, 소요시간 2시간.",
            "id": "sample_011_0085_000020",
            "annotations": []
        },
        {
            "sentence": "정비담당: 하유림(정비팀), 사번 SL-0456, 연락처 010-2222-7777.",
            "id": "sample_011_0085_000021",
            "annotations": [
                {
                    "word": "하유림",
                    "start": 6,
                    "end": 9,
                    "label": "개인정보"
                },
                {
                    "word": "SL-0456",
                    "start": 19,
                    "end": 26,
                    "label": "개인정보"
                },
                {
                    "word": "010-2222-7777",
                    "start": 32,
                    "end": 45,
                    "label": "개인정보"
                }
            ]
        },
        {
            "sentence": "점검 시 누적주행거리 84,320 km, 다음 점검 예정 90,000 km 또는 2026-01-15 중 빠른 시점.",
            "id": "sample_011_0085_000022",
            "annotations": []
        },
        {
            "sentence": "OBD 로그 요약: 주행 중 O2 센서 변동성 확인, 에러 코드 P0171 기록, 세부 로그는 내부 서버에 보관되어 있습니다.",
            "id": "sample_011_0085_000023",
            "annotations": []
        },
        {
            "sentence": "로그 보관 위치: \\\\10.0.0.12\\ops\\logs\\WBL\\2025\\0085, 접속 계정: ops_admin, 접근은 권한 승인 필요.",
            "id": "sample_011_0085_000024",
            "annotations": [
                {
                    "word": "\\\\10.0.0.12\\ops\\logs\\WBL\\2025\\0085",
                    "start": 10,
                    "end": 44,
                    "label": "기밀정보"
                },
                {
                    "word": "10.0.0.12",
                    "start": 12,
                    "end": 21,
                    "label": "기밀정보"
                },
                {
                    "word": "ops_admin",
                    "start": 53,
                    "end": 62,
                    "label": "기밀정보"
                }
            ]
        },
        {
            "sentence": "배차 담당: 조의준, 비고: 물류센터 2층 적치 공간 확보 필요.",
            "id": "sample_011_0085_000025",
            "annotations": [
                {
                    "word": "조의준",
                    "start": 7,
                    "end": 10,
                    "label": "개인정보"
                }
            ]
        },
        {
            "sentence": "다음 운행 전 타이어 공기압 700 kPa로 맞출 것, 타이어 규격 215/75R17.5 명시.",
            "id": "sample_011_0085_000026",
            "annotations": []
        },
        {
            "sentence": "겨울철 결빙 대비 주행속도 제한 권고 80 km/h, 제설 장비 확인 요청.",
            "id": "sample_011_0085_000027",
            "annotations": []
        },
        {
            "sentence": "보고서 검토자: 임승리(운영팀장), 검토일 2025-12-01, 승인 요청.",
            "id": "sample_011_0085_000028",
            "annotations": [
                {
                    "word": "임승리",
                    "start": 9,
                    "end": 12,
                    "label": "개인정보"
                }
            ]
        },
        {
            "sentence": "최종 승인자: 임승리, 전자서명 ID: esign-IL-20251201-0085.",
            "id": "sample_011_0085_000029",
            "annotations": [
                {
                    "word": "esign-IL-20251201-0085",
                    "start": 22,
                    "end": 44,
                    "label": "기밀정보"
                }
            ]
        },
        {
            "sentence": "조치 사항: 1) 문정동 배송지 GPS 정확도 재검증 2) 엔진오일 교체내역 ERP 입력 3) 내부 로그 접근 권한 재검토.",
            "id": "sample_011_0085_000030",
            "annotations": []
        }
    ]
}