{
    "document_id": "011_0069",
    "document_title": "화물 운송 및 차량 정비 운행 일지",
    "data": [
        {
            "sentence": "문서 개요: 본 문서는 교통/물류운송 과정의 운행 이력과 차량 정비 내역을 시계열로 정리한 운영 기록입니다.",
            "id": "sample_011_0069_000001",
            "annotations": []
        },
        {
            "sentence": "목적: 화물 운송의 추적성 확보와 차량 상태 관리, 정비 이력 기록을 통한 안전 운행 보장을 위함입니다.",
            "id": "sample_011_0069_000002",
            "annotations": []
        },
        {
            "sentence": "적용범위: 본 문서는 한라물류(주) 소속 해당 차량과 당일 운행에 한해 적용됩니다.",
            "id": "sample_011_0069_000003",
            "annotations": [
                {
                    "word": "한라물류(주)",
                    "start": 12,
                    "end": 19,
                    "label": "준식별자"
                }
            ]
        },
        {
            "sentence": "작성일: 2025-03-15, 작성자: 민조현, 소속: 한라물류(주) 운행관리팀에서 본 일지를 작성하였습니다.",
            "id": "sample_011_0069_000004",
            "annotations": [
                {
                    "word": "민조현",
                    "start": 22,
                    "end": 25,
                    "label": "개인정보"
                },
                {
                    "word": "2025",
                    "start": 5,
                    "end": 9,
                    "label": "준식별자"
                },
                {
                    "word": "03",
                    "start": 10,
                    "end": 12,
                    "label": "준식별자"
                },
                {
                    "word": "15",
                    "start": 13,
                    "end": 15,
                    "label": "준식별자"
                }
            ]
        },
        {
            "sentence": "화물 운송장: 운송장 번호 WB-20250315-001로 등록되었으며 상기 번호로 화물 추적과 청구 처리를 진행합니다.",
            "id": "sample_011_0069_000005",
            "annotations": [
                {
                    "word": "WB-20250315-001",
                    "start": 15,
                    "end": 30,
                    "label": "기밀정보"
                }
            ]
        },
        {
            "sentence": "발송지: 경기도 성남시 분당구 정자동, 수취지: 부산광역시 해운대구 우동으로 접수되었으며 발송자 연락처는 010-1234-5678로 기재되어 있습니다.",
            "id": "sample_011_0069_000006",
            "annotations": [
                {
                    "word": "성남시",
                    "start": 9,
                    "end": 12,
                    "label": "준식별자"
                },
                {
                    "word": "분당구",
                    "start": 13,
                    "end": 16,
                    "label": "준식별자"
                },
                {
                    "word": "정자동",
                    "start": 17,
                    "end": 20,
                    "label": "준식별자"
                },
                {
                    "word": "부산광역시",
                    "start": 27,
                    "end": 32,
                    "label": "준식별자"
                },
                {
                    "word": "해운대구",
                    "start": 33,
                    "end": 37,
                    "label": "준식별자"
                },
                {
                    "word": "우동",
                    "start": 38,
                    "end": 40,
                    "label": "준식별자"
                },
                {
                    "word": "010-1234-5678",
                    "start": 59,
                    "end": 72,
                    "label": "개인정보"
                }
            ]
        },
        {
            "sentence": "화물 정보: 전자부품, 총중량 1,200 kg, 치수 2400 mm x 1200 mm x 1800 mm, 취급주의 표기가 부착되었습니다.",
            "id": "sample_011_0069_000007",
            "annotations": []
        },
        {
            "sentence": "차량 배정: 주차량 번호 12가3456이 배정되었고 예비차량으로 34바7890이 대기 중이며 담당 운전사는 류우정(연락처 010-9876-5432)입니다.",
            "id": "sample_011_0069_000008",
            "annotations": [
                {
                    "word": "12가3456",
                    "start": 14,
                    "end": 21,
                    "label": "개인정보"
                },
                {
                    "word": "34바7890",
                    "start": 36,
                    "end": 43,
                    "label": "개인정보"
                },
                {
                    "word": "류우정",
                    "start": 60,
                    "end": 63,
                    "label": "개인정보"
                },
                {
                    "word": "010-9876-5432",
                    "start": 68,
                    "end": 81,
                    "label": "개인정보"
                }
            ]
        },
        {
            "sentence": "예상 운행 거리 및 속도: 일반 경로 기준 예상 운행거리 412 km, 권장 주행속도 80 km/h, 고속도로 구간 최대 100 km/h를 권고합니다.",
            "id": "sample_011_0069_000009",
            "annotations": []
        },
        {
            "sentence": "출발 좌표(시작점): GPS 37.3945N, 127.1112E에서 트립 로그가 시작되었으며 좌표는 차량 단말기 수신값을 표기합니다.",
            "id": "sample_011_0069_000010",
            "annotations": [
                {
                    "word": "37.3945N, 127.1112E",
                    "start": 16,
                    "end": 35,
                    "label": "기밀정보"
                }
            ]
        },
        {
            "sentence": "출발 시간: 2025-03-16 08:30에 주차장을 출발하였으며 출발 전 연료 및 적재 상태 점검을 완료했습니다.",
            "id": "sample_011_0069_000011",
            "annotations": [
                {
                    "word": "2025",
                    "start": 7,
                    "end": 11,
                    "label": "준식별자"
                },
                {
                    "word": "03",
                    "start": 12,
                    "end": 14,
                    "label": "준식별자"
                },
                {
                    "word": "16",
                    "start": 15,
                    "end": 17,
                    "label": "준식별자"
                }
            ]
        },
        {
            "sentence": "주행 이력(중간): 09:15 기준 주행속도 92 km/h, 10:30 교통 정체로 25분간 정체, 11:40 구간 평균속도 78 km/h로 기록되었습니다.",
            "id": "sample_011_0069_000012",
            "annotations": []
        },
        {
            "sentence": "도착 시간: 2025-03-16 14:20에 지정 수취지에 도착하였고 하차 후 적재 상태 및 외관 손상 여부를 점검하였습니다.",
            "id": "sample_011_0069_000013",
            "annotations": [
                {
                    "word": "2025",
                    "start": 7,
                    "end": 11,
                    "label": "준식별자"
                },
                {
                    "word": "03",
                    "start": 12,
                    "end": 14,
                    "label": "준식별자"
                },
                {
                    "word": "16",
                    "start": 15,
                    "end": 17,
                    "label": "준식별자"
                }
            ]
        },
        {
            "sentence": "인수 확인: 수취 확인자는 오채빈으로 현장에서 서명 및 적재물 확인을 완료하였습니다.",
            "id": "sample_011_0069_000014",
            "annotations": [
                {
                    "word": "오채빈",
                    "start": 15,
                    "end": 18,
                    "label": "개인정보"
                }
            ]
        },
        {
            "sentence": "차량 정비 로그: 본 항은 당일 운행 전후의 점검과 최근 정비 이력을 기록하는 섹션입니다.",
            "id": "sample_011_0069_000015",
            "annotations": []
        },
        {
            "sentence": "최근 정비일: 2025-02-28에 정기 점검을 시행하였고 소모품 교환 및 주요 부품 점검을 완료하였습니다.",
            "id": "sample_011_0069_000016",
            "annotations": [
                {
                    "word": "2025",
                    "start": 8,
                    "end": 12,
                    "label": "준식별자"
                },
                {
                    "word": "02",
                    "start": 9,
                    "end": 11,
                    "label": "준식별자"
                },
                {
                    "word": "02",
                    "start": 13,
                    "end": 15,
                    "label": "준식별자"
                },
                {
                    "word": "28",
                    "start": 16,
                    "end": 18,
                    "label": "준식별자"
                }
            ]
        },
        {
            "sentence": "교환 부품: 엔진 오일(필터 포함) 교체, 브레이크 패드 교체 및 PN-ENGL-4521, PN-BRK-3309 부품 번호로 기록되어 있습니다.",
            "id": "sample_011_0069_000017",
            "annotations": [
                {
                    "word": "PN-ENGL-4521",
                    "start": 37,
                    "end": 49,
                    "label": "기밀정보"
                },
                {
                    "word": "PN-BRK-3309",
                    "start": 51,
                    "end": 62,
                    "label": "기밀정보"
                }
            ]
        },
        {
            "sentence": "정비 진단: OBD 진단 결과 P0501 입력, 센서 보정 후 이상 소거 여부를 확인하였으며 테스트 드라이브를 통해 정상 범위를 확인했습니다.",
            "id": "sample_011_0069_000018",
            "annotations": []
        },
        {
            "sentence": "정비 시 계기판 기록: 정비 시점 누적 주행거리 182,430 km로 계측되었고 점검 항목별 결함 유무를 체크리스트에 기록했습니다.",
            "id": "sample_011_0069_000019",
            "annotations": []
        },
        {
            "sentence": "다음 정기 점검 예정일은 2025-06-28로 등록되었으며 마일스톤 기반 정비 스케줄에 따라 소모품 교체를 권고합니다.",
            "id": "sample_011_0069_000020",
            "annotations": [
                {
                    "word": "2025",
                    "start": 14,
                    "end": 18,
                    "label": "준식별자"
                },
                {
                    "word": "06",
                    "start": 19,
                    "end": 21,
                    "label": "준식별자"
                },
                {
                    "word": "28",
                    "start": 22,
                    "end": 24,
                    "label": "준식별자"
                }
            ]
        },
        {
            "sentence": "정비 담당자 서명: 정비 작업은 민조현 정비기술자가 수행하고 작업 내역에 서명하여 기록하였습니다.",
            "id": "sample_011_0069_000021",
            "annotations": [
                {
                    "word": "민조현",
                    "start": 18,
                    "end": 21,
                    "label": "개인정보"
                }
            ]
        },
        {
            "sentence": "연료 및 연비 기록: 출발 전 연료탱크 520 L, 귀환 후 잔량 210 L로 계산되며 실주행 연비는 약 24.5 L/100 km로 산출되었습니다.",
            "id": "sample_011_0069_000022",
            "annotations": []
        },
        {
            "sentence": "도착 좌표(종점): GPS 35.1631N, 129.1604E에서 운행 로그가 종료되었으며 위치 검증은 단말기 로그와 비교하여 이루어졌습니다.",
            "id": "sample_011_0069_000023",
            "annotations": [
                {
                    "word": "35.1631N, 129.1604E",
                    "start": 15,
                    "end": 34,
                    "label": "기밀정보"
                }
            ]
        },
        {
            "sentence": "조치 사항: 운행 중 과속 구간 발생에 따른 속도 제한 준수 교육 및 경로 최적화 검토를 권고합니다.",
            "id": "sample_011_0069_000024",
            "annotations": []
        },
        {
            "sentence": "검토 및 승인: 운행일지 최종 검토자는 전하늬 팀장으로 승인 절차에 따라 확인을 완료하였습니다.",
            "id": "sample_011_0069_000025",
            "annotations": [
                {
                    "word": "전하늬",
                    "start": 22,
                    "end": 25,
                    "label": "개인정보"
                }
            ]
        },
        {
            "sentence": "문서 보관: 본 문서는 내부용으로 분류되며 접근 권한이 있는 운영팀과 정비팀만 열람 가능합니다.",
            "id": "sample_011_0069_000026",
            "annotations": []
        },
        {
            "sentence": "기록 보존일자: 본 운행·정비 일지는 2025-03-16 기준으로 최종 갱신되었으며 관련 로그는 중앙 서버에 백업되었습니다.",
            "id": "sample_011_0069_000027",
            "annotations": [
                {
                    "word": "2025",
                    "start": 21,
                    "end": 25,
                    "label": "준식별자"
                },
                {
                    "word": "03",
                    "start": 26,
                    "end": 28,
                    "label": "준식별자"
                },
                {
                    "word": "16",
                    "start": 29,
                    "end": 31,
                    "label": "준식별자"
                }
            ]
        }
    ]
}