{
    "document_id": "011_0028",
    "document_title": "스마트로지스 운송 및 정비 이력 종합 보고서",
    "data": [
        {
            "sentence": "문서 개요: 본 보고서는 스마트 물류 센터의 교통 및 물류운송 흐름과 정비 이력을 시계열로 종합한 기술 문서입니다.",
            "id": "sample_011_0028_000001",
            "annotations": []
        },
        {
            "sentence": "목적: 운행 안전성 확보, 정비 이력 관리, GPS 기반 경로 최적화 및 사고 분석을 위한 근거 자료를 제공합니다.",
            "id": "sample_011_0028_000002",
            "annotations": []
        },
        {
            "sentence": "작성일: 2025-12-02.",
            "id": "sample_011_0028_000003",
            "annotations": [
                {
                    "word": "2025",
                    "start": 5,
                    "end": 9,
                    "label": "준식별자"
                },
                {
                    "word": "12",
                    "start": 10,
                    "end": 12,
                    "label": "준식별자"
                },
                {
                    "word": "02",
                    "start": 6,
                    "end": 8,
                    "label": "준식별자"
                },
                {
                    "word": "02",
                    "start": 13,
                    "end": 15,
                    "label": "준식별자"
                }
            ]
        },
        {
            "sentence": "보고 담당자: 물류운영팀장 양광명.",
            "id": "sample_011_0028_000004",
            "annotations": [
                {
                    "word": "양광명",
                    "start": 15,
                    "end": 18,
                    "label": "개인정보"
                }
            ]
        },
        {
            "sentence": "검토자: 운영관리 박보윤, 정비승인자: 배시윤.",
            "id": "sample_011_0028_000005",
            "annotations": [
                {
                    "word": "박보윤",
                    "start": 10,
                    "end": 13,
                    "label": "개인정보"
                },
                {
                    "word": "배시윤",
                    "start": 22,
                    "end": 25,
                    "label": "개인정보"
                }
            ]
        },
        {
            "sentence": "본 문서는 회사명 스마트로지스(주)의 내부 운영 절차와 차량 운행 기록을 포함합니다.",
            "id": "sample_011_0028_000006",
            "annotations": [
                {
                    "word": "스마트로지스(주)",
                    "start": 10,
                    "end": 19,
                    "label": "준식별자"
                }
            ]
        },
        {
            "sentence": "사업장 주소: 경기도 화성시 동탄면 물류로 12-3, 제1센터.",
            "id": "sample_011_0028_000007",
            "annotations": [
                {
                    "word": "화성시",
                    "start": 12,
                    "end": 15,
                    "label": "준식별자"
                },
                {
                    "word": "동탄면",
                    "start": 16,
                    "end": 19,
                    "label": "준식별자"
                }
            ]
        },
        {
            "sentence": "차량 운행 요약: 차량번호 32가1234, 차종 5톤 윙바디, 적재중량 3,500 kg, 주행거리 단위: km, 속도 단위: km/h.",
            "id": "sample_011_0028_000008",
            "annotations": []
        },
        {
            "sentence": "화물 운송장 번호: WAYB-20251201-0007, 화물 종류: 전자부품, 적재 시작 시각: 2025-12-01 08:15.",
            "id": "sample_011_0028_000009",
            "annotations": [
                {
                    "word": "2025",
                    "start": 16,
                    "end": 20,
                    "label": "준식별자"
                },
                {
                    "word": "2025",
                    "start": 54,
                    "end": 58,
                    "label": "준식별자"
                },
                {
                    "word": "12",
                    "start": 20,
                    "end": 22,
                    "label": "준식별자"
                },
                {
                    "word": "12",
                    "start": 59,
                    "end": 61,
                    "label": "준식별자"
                },
                {
                    "word": "01",
                    "start": 22,
                    "end": 24,
                    "label": "준식별자"
                },
                {
                    "word": "01",
                    "start": 62,
                    "end": 64,
                    "label": "준식별자"
                }
            ]
        },
        {
            "sentence": "출발지: 인천항 컨테이너 야적장, 도착지: 경기 화성 스마트로지스 제1센터, 예정 소요시간: 02:30, 실제 소요시간: 02:45.",
            "id": "sample_011_0028_000010",
            "annotations": []
        },
        {
            "sentence": "운전사 정보: 운전사명 고태룡, 사번 20234, 연락처 010-1234-5678.",
            "id": "sample_011_0028_000011",
            "annotations": [
                {
                    "word": "고태룡",
                    "start": 13,
                    "end": 16,
                    "label": "개인정보"
                },
                {
                    "word": "20234",
                    "start": 21,
                    "end": 26,
                    "label": "개인정보"
                },
                {
                    "word": "010-1234-5678",
                    "start": 32,
                    "end": 45,
                    "label": "개인정보"
                }
            ]
        },
        {
            "sentence": "운전면허 정보: 운전면허번호 98-12-345678-90, 면허등급 1종 보통.",
            "id": "sample_011_0028_000012",
            "annotations": [
                {
                    "word": "98-12-345678-90",
                    "start": 16,
                    "end": 31,
                    "label": "개인정보"
                }
            ]
        },
        {
            "sentence": "운행 로그(시계열): 2025-12-01 08:15 출발 GPS 37.234567,127.038912 속도 56 km/h.",
            "id": "sample_011_0028_000013",
            "annotations": [
                {
                    "word": "2025",
                    "start": 12,
                    "end": 16,
                    "label": "준식별자"
                },
                {
                    "word": "12",
                    "start": 17,
                    "end": 19,
                    "label": "준식별자"
                },
                {
                    "word": "12",
                    "start": 46,
                    "end": 48,
                    "label": "준식별자"
                },
                {
                    "word": "12",
                    "start": 54,
                    "end": 56,
                    "label": "준식별자"
                },
                {
                    "word": "01",
                    "start": 20,
                    "end": 22,
                    "label": "준식별자"
                }
            ]
        },
        {
            "sentence": "09:00 GPS 37.210001,127.110234 고속도로 진입, 구간 평균속도 88 km/h, 연료 소비율 18.5 L/100km.",
            "id": "sample_011_0028_000014",
            "annotations": []
        },
        {
            "sentence": "정비 이력 요약: 최근 정비일자 2025-11-28, 정비 내용: 엔진 오일 교환 및 냉각수 점검, 작업자: 정비팀 차대헌.",
            "id": "sample_011_0028_000015",
            "annotations": [
                {
                    "word": "2025",
                    "start": 18,
                    "end": 22,
                    "label": "준식별자"
                },
                {
                    "word": "11",
                    "start": 23,
                    "end": 25,
                    "label": "준식별자"
                },
                {
                    "word": "28",
                    "start": 26,
                    "end": 28,
                    "label": "준식별자"
                },
                {
                    "word": "차대헌",
                    "start": 65,
                    "end": 68,
                    "label": "개인정보"
                }
            ]
        },
        {
            "sentence": "정비 승인: 담당자 배시윤 승인 완료, 승인 기록은 내부결재선에 보관.",
            "id": "sample_011_0028_000016",
            "annotations": [
                {
                    "word": "배시윤",
                    "start": 11,
                    "end": 14,
                    "label": "개인정보"
                },
                {
                    "word": "담당자 배시윤 승인 완료",
                    "start": 7,
                    "end": 20,
                    "label": "기밀정보"
                }
            ]
        },
        {
            "sentence": "정밀 진단 결과: 브레이크 패드 잔존 3.2 mm, 타이어 마모율 측정값 21%, ABS 센서 정상 동작.",
            "id": "sample_011_0028_000017",
            "annotations": []
        },
        {
            "sentence": "정비 로그 파일은 내부 서버에 저장됨: /srv/gps/tracker/logs/2025/11/28.log, 접근은 인증된 계정으로만 허용.",
            "id": "sample_011_0028_000018",
            "annotations": [
                {
                    "word": "/srv/gps/tracker/logs/2025/11/28.log",
                    "start": 22,
                    "end": 58,
                    "label": "기밀정보"
                }
            ]
        },
        {
            "sentence": "내부 모니터링 서버 IP: 10.45.200.5, 포트 8080, VPN 접속 정보는 별도 보안 문서 참조.",
            "id": "sample_011_0028_000019",
            "annotations": [
                {
                    "word": "10.45.200.5",
                    "start": 15,
                    "end": 26,
                    "label": "기밀정보"
                }
            ]
        },
        {
            "sentence": "운행 사고 시나리오 분석: 급감속 이벤트(2025-12-01 10:14)에서 EDR 데이터와 영상 동기화로 원인 규명 시도.",
            "id": "sample_011_0028_000020",
            "annotations": [
                {
                    "word": "2025",
                    "start": 23,
                    "end": 27,
                    "label": "준식별자"
                },
                {
                    "word": "12",
                    "start": 28,
                    "end": 30,
                    "label": "준식별자"
                },
                {
                    "word": "01",
                    "start": 31,
                    "end": 33,
                    "label": "준식별자"
                }
            ]
        },
        {
            "sentence": "화물 상태 점검: 온도센서 평균 4.2°C, 습도 45%, 충격 이벤트 2건 기록.",
            "id": "sample_011_0028_000021",
            "annotations": []
        },
        {
            "sentence": "운행 코멘트: 야간 구간에서 제한속도 준수, 휴게소 1회 정비 점검 후 출발.",
            "id": "sample_011_0028_000022",
            "annotations": []
        },
        {
            "sentence": "결함 조치 계획: 브레이크 패드 교환 예정, 부품 코드 BPD-5T-202, 예상 비용은 내부 예산에서 집행.",
            "id": "sample_011_0028_000023",
            "annotations": []
        },
        {
            "sentence": "재무 관련 기밀: 결재 계좌번호 110-123-456789(회사 결제 전용)는 내부 결제 담당만 열람 가능.",
            "id": "sample_011_0028_000024",
            "annotations": [
                {
                    "word": "110-123-456789",
                    "start": 18,
                    "end": 32,
                    "label": "기밀정보"
                }
            ]
        },
        {
            "sentence": "운행 데이터 접근 권한은 role-based로 통제되며, 시스템 접속 계정과 패스워드는 기밀로 분류됩니다.",
            "id": "sample_011_0028_000025",
            "annotations": []
        },
        {
            "sentence": "비상 연락망: 대리점 연락처 031-555-0123, 센터장 연락처 010-9876-5432(내부망).",
            "id": "sample_011_0028_000026",
            "annotations": [
                {
                    "word": "031-555-0123",
                    "start": 16,
                    "end": 28,
                    "label": "개인정보"
                },
                {
                    "word": "010-9876-5432",
                    "start": 38,
                    "end": 51,
                    "label": "개인정보"
                }
            ]
        },
        {
            "sentence": "규정 준수 항목: 운전 전 점검표, 휴게시간 준수, 속도제한 경고 로그 보관 의무.",
            "id": "sample_011_0028_000027",
            "annotations": []
        },
        {
            "sentence": "추천 액션 아이템: 정비 주기 단축, GPS 로그 보존 기간 연장, 내부 보안 프로토콜 재검토.",
            "id": "sample_011_0028_000028",
            "annotations": []
        },
        {
            "sentence": "결론: 본 문서는 운행 안전성 확보와 정비 투명성 강화를 위한 기초 자료로 활용됩니다.",
            "id": "sample_011_0028_000029",
            "annotations": []
        },
        {
            "sentence": "첨부: 화물 운송장 복사본(WAYB-20251201-0007), 정비 상세 로그, GPS 원본 데이터는 별도 암호화 저장.",
            "id": "sample_011_0028_000030",
            "annotations": []
        }
    ]
}