{
    "document_id": "011_0074",
    "document_title": "운행 및 정비 통합 로그 - 2025년 07월 15일",
    "data": [
        {
            "sentence": "운행 및 정비 통합 로그 - 문서일자 2025-07-15.",
            "id": "sample_011_0074_000001",
            "annotations": [
                {
                    "word": "2025-07-15",
                    "start": 21,
                    "end": 31,
                    "label": "준식별자"
                }
            ]
        },
        {
            "sentence": "작성자: 공준승, 직책: 스마트 물류 센터 운영 팀장.",
            "id": "sample_011_0074_000002",
            "annotations": [
                {
                    "word": "공준승",
                    "start": 5,
                    "end": 8,
                    "label": "개인정보"
                },
                {
                    "word": "스마트 물류 센터 운영 팀장",
                    "start": 14,
                    "end": 29,
                    "label": "준식별자"
                }
            ]
        },
        {
            "sentence": "작성자 연락처: 010-9876-5432, 이메일: pjsung.team@smarthub.corp.",
            "id": "sample_011_0074_000003",
            "annotations": [
                {
                    "word": "010-9876-5432",
                    "start": 9,
                    "end": 22,
                    "label": "개인정보"
                },
                {
                    "word": "pjsung.team@smarthub.corp",
                    "start": 29,
                    "end": 54,
                    "label": "개인정보"
                }
            ]
        },
        {
            "sentence": "검토자: 남상률, 검토일자: 2025-07-16.",
            "id": "sample_011_0074_000004",
            "annotations": [
                {
                    "word": "남상률",
                    "start": 5,
                    "end": 8,
                    "label": "개인정보"
                },
                {
                    "word": "2025-07-16",
                    "start": 16,
                    "end": 26,
                    "label": "준식별자"
                }
            ]
        },
        {
            "sentence": "운행요약: 총주행거리 1,248.6 km, 평균속도 62.4 km/h, 연료 평균소모율 산출 포함.",
            "id": "sample_011_0074_000005",
            "annotations": []
        },
        {
            "sentence": "물류센터 집결지 주소: 서울특별시 강서구 화곡로 88-12, 305호(집결처).",
            "id": "sample_011_0074_000006",
            "annotations": [
                {
                    "word": "서울특별시 강서구 화곡로 88-12, 305호",
                    "start": 13,
                    "end": 38,
                    "label": "개인정보"
                }
            ]
        },
        {
            "sentence": "화물 운송장 번호: AWB-20250715-000312, 화물 중량: 1,120 kg, 포장 형식: 파렛트 적재.",
            "id": "sample_011_0074_000007",
            "annotations": []
        },
        {
            "sentence": "수취인: 전예련, 수취인 상세주소: 서울특별시 강서구 화곡로 88-12, 305호, 연락처: 010-5555-1212.",
            "id": "sample_011_0074_000008",
            "annotations": [
                {
                    "word": "전예련",
                    "start": 5,
                    "end": 8,
                    "label": "개인정보"
                },
                {
                    "word": "010-5555-1212",
                    "start": 52,
                    "end": 65,
                    "label": "개인정보"
                }
            ]
        },
        {
            "sentence": "운송차량: 서울 12가3456, 차량형식: 4톤 탑차, 등록차량 코드: FLEET-45B, 텔레매틱스 연동 확인.",
            "id": "sample_011_0074_000009",
            "annotations": []
        },
        {
            "sentence": "운전자: 송주혁, 운전면허번호: 12-345678-901234, 생년월일: 1985-03-22.",
            "id": "sample_011_0074_000010",
            "annotations": [
                {
                    "word": "송주혁",
                    "start": 5,
                    "end": 8,
                    "label": "개인정보"
                },
                {
                    "word": "12-345678-901234",
                    "start": 18,
                    "end": 34,
                    "label": "개인정보"
                },
                {
                    "word": "1985-03-22",
                    "start": 42,
                    "end": 52,
                    "label": "준식별자"
                }
            ]
        },
        {
            "sentence": "사번(운전자ID): EMP-009872, 소속 부서: 운송2팀, 근무교대: 주간(08:00-20:00).",
            "id": "sample_011_0074_000011",
            "annotations": [
                {
                    "word": "EMP-009872",
                    "start": 11,
                    "end": 21,
                    "label": "개인정보"
                },
                {
                    "word": "운송2팀",
                    "start": 30,
                    "end": 34,
                    "label": "준식별자"
                }
            ]
        },
        {
            "sentence": "운행 시작일시: 2025-07-15 08:15, 운행 종료일시: 2025-07-15 18:40, 총운행시간 산정 포함.",
            "id": "sample_011_0074_000012",
            "annotations": [
                {
                    "word": "2025-07-15 08:15",
                    "start": 9,
                    "end": 25,
                    "label": "준식별자"
                },
                {
                    "word": "2025-07-15 18:40",
                    "start": 36,
                    "end": 52,
                    "label": "준식별자"
                }
            ]
        },
        {
            "sentence": "주행 중 최고속도 기록: 112 km/h, 위치(GPS): 37.5512,126.8493, 이벤트 시간: 2025-07-15 10:23.",
            "id": "sample_011_0074_000013",
            "annotations": [
                {
                    "word": "2025-07-15 10:23",
                    "start": 59,
                    "end": 75,
                    "label": "준식별자"
                }
            ]
        },
        {
            "sentence": "정비기록 요약: 2025-06-20에 엔진오일 교체, 오일 규격: SAE 5W-30, 교체 주행거리: 98,720 km.",
            "id": "sample_011_0074_000014",
            "annotations": [
                {
                    "word": "2025-06-20",
                    "start": 9,
                    "end": 19,
                    "label": "준식별자"
                }
            ]
        },
        {
            "sentence": "정비 담당자: 류가영, 정비 직원 연락처: 010-2222-3333, 정비 메모: DTC P0420 확인 및 촉매효율 검사 권장.",
            "id": "sample_011_0074_000015",
            "annotations": [
                {
                    "word": "류가영",
                    "start": 8,
                    "end": 11,
                    "label": "개인정보"
                },
                {
                    "word": "010-2222-3333",
                    "start": 24,
                    "end": 37,
                    "label": "개인정보"
                }
            ]
        },
        {
            "sentence": "정비 승인: 운영본부장 송다정 승인(결재선 내부문서 참조).",
            "id": "sample_011_0074_000016",
            "annotations": [
                {
                    "word": "운영본부장 송다정 승인",
                    "start": 7,
                    "end": 19,
                    "label": "기밀정보"
                },
                {
                    "word": "송다정",
                    "start": 13,
                    "end": 16,
                    "label": "개인정보"
                }
            ]
        },
        {
            "sentence": "차량 센서 로그 파일 경로: \\\\fleet-server\\logs\\vehicle\\서울12가3456\\20250715.log, 파일 무결성 체크 수행.",
            "id": "sample_011_0074_000017",
            "annotations": [
                {
                    "word": "\\\\fleet-server\\logs\\vehicle\\서울12가3456\\20250715.log",
                    "start": 16,
                    "end": 66,
                    "label": "기밀정보"
                }
            ]
        },
        {
            "sentence": "관리 시스템 접속 IP: 10.200.45.12, 서비스 포트: 8443, 접속 기록은 감사로그에 저장.",
            "id": "sample_011_0074_000018",
            "annotations": [
                {
                    "word": "10.200.45.12",
                    "start": 14,
                    "end": 26,
                    "label": "기밀정보"
                }
            ]
        },
        {
            "sentence": "비상연락망: 팀장 공준승(010-9876-5432), 물류매니저 남상률(010-4444-6666), 교대연락체계 명시.",
            "id": "sample_011_0074_000019",
            "annotations": [
                {
                    "word": "공준승",
                    "start": 10,
                    "end": 13,
                    "label": "개인정보"
                },
                {
                    "word": "010-9876-5432",
                    "start": 14,
                    "end": 27,
                    "label": "개인정보"
                },
                {
                    "word": "남상률",
                    "start": 36,
                    "end": 39,
                    "label": "개인정보"
                },
                {
                    "word": "010-4444-6666",
                    "start": 40,
                    "end": 53,
                    "label": "개인정보"
                }
            ]
        },
        {
            "sentence": "운행 중 연료소모율: 평균 12.8 L/100km, 주유 시점: 2025-07-15 13:05, 주유소 위치: 경기 김포시 고촌읍.",
            "id": "sample_011_0074_000020",
            "annotations": [
                {
                    "word": "경기 김포시 고촌읍",
                    "start": 62,
                    "end": 72,
                    "label": "준식별자"
                },
                {
                    "word": "2025-07-15 13:05",
                    "start": 36,
                    "end": 52,
                    "label": "준식별자"
                }
            ]
        },
        {
            "sentence": "배송 지연 사유: 수취인 부재로 재배달 요청, 재배달 예정일: 2025-07-16, 고객 요청사항 기록.",
            "id": "sample_011_0074_000021",
            "annotations": [
                {
                    "word": "2025-07-16",
                    "start": 35,
                    "end": 45,
                    "label": "준식별자"
                }
            ]
        },
        {
            "sentence": "차량 정비 히스토리 상세: 2024-12-01 브레이크 패드 교체, 2025-03-10 타이어 교체, 2025-06-20 엔진오일 교체 내역 포함.",
            "id": "sample_011_0074_000022",
            "annotations": [
                {
                    "word": "2024-12-01",
                    "start": 15,
                    "end": 25,
                    "label": "준식별자"
                },
                {
                    "word": "2025-03-10",
                    "start": 38,
                    "end": 48,
                    "label": "준식별자"
                },
                {
                    "word": "2025-06-20",
                    "start": 57,
                    "end": 67,
                    "label": "준식별자"
                }
            ]
        },
        {
            "sentence": "진단 장치 보고: ECU 오류코드 P0420, OBD 커넥터 버전: 2.1, 캘리브레이션 필요 항목 표기.",
            "id": "sample_011_0074_000023",
            "annotations": []
        },
        {
            "sentence": "운송 계약서 파일명: contracts\\2025\\AWB-20250715-000312.pdf(내부 보관용), 접근제한 적용.",
            "id": "sample_011_0074_000024",
            "annotations": [
                {
                    "word": "contracts\\2025\\AWB-20250715-000312.pdf",
                    "start": 12,
                    "end": 50,
                    "label": "기밀정보"
                }
            ]
        },
        {
            "sentence": "보안 지침 요약: 차량 원격잠금 명령은 관리자 인증 후 실행하며 관련 절차는 내부 매뉴얼에 존재.",
            "id": "sample_011_0074_000025",
            "annotations": [
                {
                    "word": "내부 매뉴얼",
                    "start": 43,
                    "end": 49,
                    "label": "기밀정보"
                }
            ]
        },
        {
            "sentence": "향후 조치: 송주혁 운전자 교육일정 2025-07-20로 계획, 교육 담당자: 정규림.",
            "id": "sample_011_0074_000026",
            "annotations": [
                {
                    "word": "송주혁",
                    "start": 7,
                    "end": 10,
                    "label": "개인정보"
                },
                {
                    "word": "정규림",
                    "start": 44,
                    "end": 47,
                    "label": "개인정보"
                },
                {
                    "word": "2025-07-20",
                    "start": 20,
                    "end": 30,
                    "label": "준식별자"
                }
            ]
        },
        {
            "sentence": "요약 결론: 차량 서울 12가3456는 주요 점검 대상이며 다음 정비기한은 2025-09-15로 설정.",
            "id": "sample_011_0074_000027",
            "annotations": [
                {
                    "word": "2025-09-15",
                    "start": 42,
                    "end": 52,
                    "label": "준식별자"
                }
            ]
        },
        {
            "sentence": "문서 보관 위치: \\repository\\logistics\\011_0074\\final.pdf, 접근 권한은 운영팀으로 제한됨.",
            "id": "sample_011_0074_000028",
            "annotations": [
                {
                    "word": "\\repository\\logistics\\011_0074\\final.pdf",
                    "start": 10,
                    "end": 50,
                    "label": "기밀정보"
                }
            ]
        }
    ]
}