{
    "document_id": "011_0096",
    "document_title": "통합 운행 및 정비 기록서 - 교통/물류운송",
    "data": [
        {
            "sentence": "문서 목적: 본 문서는 교통/물류운송 분야의 일일 운행 및 정비 이력을 통합 기록하기 위해 작성되었습니다.",
            "id": "sample_011_0096_000001",
            "annotations": []
        },
        {
            "sentence": "작성자: 나민결, 스마트 물류 센터 운영 팀장으로서 운행 흐름과 정비 이력의 관리 책임을 집니다.",
            "id": "sample_011_0096_000002",
            "annotations": [
                {
                    "word": "나민결",
                    "start": 5,
                    "end": 8,
                    "label": "개인정보"
                }
            ]
        },
        {
            "sentence": "작성일: 2025-06-15, 본 기록은 시계열적 데이터로 분류되어 장기 분석에 활용됩니다.",
            "id": "sample_011_0096_000003",
            "annotations": [
                {
                    "word": "2025-06-15",
                    "start": 5,
                    "end": 15,
                    "label": "준식별자"
                }
            ]
        },
        {
            "sentence": "차량 정보: 차량번호 12가3456, 차량모델 Hino Ranger, 차량식별번호(VIN) HINO-ABCDEFG-123456이 등록되어 있습니다.",
            "id": "sample_011_0096_000004",
            "annotations": [
                {
                    "word": "12가3456",
                    "start": 12,
                    "end": 19,
                    "label": "개인정보"
                },
                {
                    "word": "HINO-ABCDEFG-123456",
                    "start": 51,
                    "end": 70,
                    "label": "기밀정보"
                }
            ]
        },
        {
            "sentence": "화물 운송장: 운송장번호 AWB-20250615-0096, 화물명 '전자부품', 적재중량 1,200 kg로 표기됩니다.",
            "id": "sample_011_0096_000005",
            "annotations": []
        },
        {
            "sentence": "운전자 정보: 운전자 이연수가 해당 운행을 수행하였으며 운행 책임을 집니다.",
            "id": "sample_011_0096_000006",
            "annotations": [
                {
                    "word": "이연수",
                    "start": 12,
                    "end": 15,
                    "label": "개인정보"
                }
            ]
        },
        {
            "sentence": "운전면허: 운전면허번호 D-202504-9988이 기록되어 있으며 등급과 유효기간은 내부 시스템에서 확인 가능합니다.",
            "id": "sample_011_0096_000007",
            "annotations": [
                {
                    "word": "D-202504-9988",
                    "start": 13,
                    "end": 26,
                    "label": "개인정보"
                }
            ]
        },
        {
            "sentence": "연락처: 운전자 휴대폰 010-9876-5432로 비상 연락망이 구성되어 있습니다.",
            "id": "sample_011_0096_000008",
            "annotations": [
                {
                    "word": "010-9876-5432",
                    "start": 13,
                    "end": 26,
                    "label": "개인정보"
                }
            ]
        },
        {
            "sentence": "직원 식별: 운송 담당 사번 2023-0456이 본 운행의 사내 식별번호로 사용되었습니다.",
            "id": "sample_011_0096_000009",
            "annotations": [
                {
                    "word": "2023-0456",
                    "start": 16,
                    "end": 25,
                    "label": "개인정보"
                }
            ]
        },
        {
            "sentence": "발송지: 경기도 성남시 분당구 야탑동 123-45에서 적재가 완료되었습니다.",
            "id": "sample_011_0096_000010",
            "annotations": [
                {
                    "word": "경기도 성남시 분당구 야탑동 123-45",
                    "start": 5,
                    "end": 27,
                    "label": "개인정보"
                }
            ]
        },
        {
            "sentence": "수취지: 서울특별시 강남구 역삼동 9-8로 도착 예정이며 도착 후 서명 절차가 진행됩니다.",
            "id": "sample_011_0096_000011",
            "annotations": [
                {
                    "word": "서울특별시 강남구 역삼동 9-8",
                    "start": 5,
                    "end": 22,
                    "label": "개인정보"
                }
            ]
        },
        {
            "sentence": "운행 시작: 2025-06-15 08:20에 출발하였고 초기 연료 잔량과 타이어 공기압을 기록했습니다.",
            "id": "sample_011_0096_000012",
            "annotations": [
                {
                    "word": "2025-06-15 08:20",
                    "start": 7,
                    "end": 23,
                    "label": "준식별자"
                }
            ]
        },
        {
            "sentence": "운행 종료: 2025-06-15 12:35에 목적지 도착 후 화물 인계 및 하차 상태를 점검했습니다.",
            "id": "sample_011_0096_000013",
            "annotations": [
                {
                    "word": "2025-06-15 12:35",
                    "start": 7,
                    "end": 23,
                    "label": "준식별자"
                }
            ]
        },
        {
            "sentence": "주행 성능: 총 주행거리 142.7 km, 평균속도 62.3 km/h, 최고속도 98 km/h로 로그에 저장되었습니다.",
            "id": "sample_011_0096_000014",
            "annotations": []
        },
        {
            "sentence": "GPS 로그: 주행 중 핵심 지점 좌표는 GPS: 37.3456, 127.1234 등으로 시간대별로 기록되었습니다.",
            "id": "sample_011_0096_000015",
            "annotations": [
                {
                    "word": "37.3456, 127.1234",
                    "start": 28,
                    "end": 45,
                    "label": "준식별자"
                }
            ]
        },
        {
            "sentence": "정비 담당자: 정비 담당 성고은이 정기 점검을 수행하였고 점검 목록에 체크 표기가 완료되었습니다.",
            "id": "sample_011_0096_000016",
            "annotations": [
                {
                    "word": "성고은",
                    "start": 14,
                    "end": 17,
                    "label": "개인정보"
                }
            ]
        },
        {
            "sentence": "정비 일자: 2025-06-10에 정기 점검이 시행되었으며 점검 결과는 하단 정비 로그에 포함됩니다.",
            "id": "sample_011_0096_000017",
            "annotations": [
                {
                    "word": "2025-06-10",
                    "start": 7,
                    "end": 17,
                    "label": "준식별자"
                }
            ]
        },
        {
            "sentence": "부품 교체: 브레이크패드 모델 BP-457을 교체하였고 교체 부품 시리얼 SN-BP457-2025가 등록되었습니다.",
            "id": "sample_011_0096_000018",
            "annotations": [
                {
                    "word": "SN-BP457-2025",
                    "start": 41,
                    "end": 54,
                    "label": "기밀정보"
                }
            ]
        },
        {
            "sentence": "엔진 정비: 엔진 교체 및 점검으로 엔진 시리얼 EJ-202406-0001이 정비 기록에 추가되었습니다.",
            "id": "sample_011_0096_000019",
            "annotations": [
                {
                    "word": "EJ-202406-0001",
                    "start": 27,
                    "end": 41,
                    "label": "기밀정보"
                }
            ]
        },
        {
            "sentence": "시스템 연동: 정비 리포트는 내부 서버로 업로드되었으며 서버 접속 이력에 서버 IP 10.10.10.5가 남아 있습니다.",
            "id": "sample_011_0096_000020",
            "annotations": [
                {
                    "word": "10.10.10.5",
                    "start": 47,
                    "end": 57,
                    "label": "기밀정보"
                }
            ]
        },
        {
            "sentence": "비용 정산: 정비 및 운송 비용은 계좌번호 123-45-678901로 청구 처리할 예정입니다.",
            "id": "sample_011_0096_000021",
            "annotations": [
                {
                    "word": "123-45-678901",
                    "start": 24,
                    "end": 37,
                    "label": "기밀정보"
                }
            ]
        },
        {
            "sentence": "내부 결재: 결재 라인 상 백세경 승인으로 처리되었으며 결재 시간과 결재 사유는 기록 파일에 보관됩니다.",
            "id": "sample_011_0096_000022",
            "annotations": [
                {
                    "word": "백세경",
                    "start": 15,
                    "end": 18,
                    "label": "기밀정보"
                }
            ]
        },
        {
            "sentence": "운송 조건: 온도 민감 화물은 차내 온도 4±2°C 유지 조건이 적용되었고 냉장 장비 작동 상태를 모니터링했습니다.",
            "id": "sample_011_0096_000023",
            "annotations": []
        },
        {
            "sentence": "서명: 화물 인수 확인 서명은 우지욱이 진행하였으며 서명 이미지는 전자문서로 보관됩니다.",
            "id": "sample_011_0096_000024",
            "annotations": [
                {
                    "word": "우지욱",
                    "start": 17,
                    "end": 20,
                    "label": "개인정보"
                }
            ]
        },
        {
            "sentence": "향후 조치: 부품 재고와 점검 주기를 재조정하여 주간 점검 주기를 5,000 km로 변경할 것을 권고합니다.",
            "id": "sample_011_0096_000025",
            "annotations": []
        },
        {
            "sentence": "문서 보관: 본 문서는 내부서버 경로 /docs/shipping/011_0096에 암호화 저장되며 접근 권한이 제한됩니다.",
            "id": "sample_011_0096_000026",
            "annotations": [
                {
                    "word": "/docs/shipping/011_0096",
                    "start": 21,
                    "end": 44,
                    "label": "기밀정보"
                }
            ]
        }
    ]
}