{
    "document_id": "050_0060",
    "document_title": "기상 및 기후 모델링 데이터셋 메타데이터 및 처리보고서",
    "data": [
        {
            "sentence": "본 문서는 관측 및 수치모델링 산출물의 메타데이터, 처리이력, QC 및 동질화 절차를 기술하기 위해 작성되었습니다.",
            "id": "sample_050_0060_000001",
            "annotations": []
        },
        {
            "sentence": "문서 생성일시(UTC): 2025-12-01T00:00:00Z이며 담당 연구원은 백루하입니다.",
            "id": "sample_050_0060_000002",
            "annotations": [
                {
                    "word": "백루하",
                    "start": 45,
                    "end": 48,
                    "label": "개인정보"
                }
            ]
        },
        {
            "sentence": "프로세싱 레벨은 processing_level=\"L2->L3\"이고 소스 버전은 v1.4.2, provenance는 Git 태그와 DOI로 기록됩니다.",
            "id": "sample_050_0060_000003",
            "annotations": []
        },
        {
            "sentence": "파일 포맷 표준은 NetCDF-4 (CF-1.8 준수) 및 GRIB2를 사용하며 글로벌 어트리뷰트(Global attributes)를 포함합니다.",
            "id": "sample_050_0060_000004",
            "annotations": []
        },
        {
            "sentence": "예시 global attributes: Conventions=\"CF-1.8\", title=\"기상-기후 합성데이터셋\", institution=\"Synthetic Climate Lab\", history=\"2025-12-01T00:00:00Z processing v1.4.2\".",
            "id": "sample_050_0060_000005",
            "annotations": []
        },
        {
            "sentence": "관측 플랫폼 예시는 station_id=synthetic_001, observation_platform=surface_station, instrument_type=automatic_weather_station 으로 표기합니다.",
            "id": "sample_050_0060_000006",
            "annotations": []
        },
        {
            "sentence": "관측 예시 레코드: timestamp=2025-12-01T00:10:00Z, latitude=37.5665, longitude=126.9780, altitude_or_pressure=10 m, variable_name=temperature, units=K, value=280.15, qc_flag=0, observation_platform=surface_station, station_id=synthetic_001.",
            "id": "sample_050_0060_000007",
            "annotations": []
        },
        {
            "sentence": "라디오존데 예시: timestamp=2025-12-01T00:00:00Z, latitude=36.0, longitude=127.0, altitude_or_pressure=850 hPa, variable_name=humidity, units=percent, value=65.0, qc_flag=1, observation_platform=radiosonde, station_id=synthetic_RS001, instrument_type=RS41.",
            "id": "sample_050_0060_000008",
            "annotations": []
        },
        {
            "sentence": "위성 원자료 예시: timestamp=2025-12-01T00:05:30Z, channel=7, variable_name=brightness_temperature, units=K, value=255.4, qc_flag=2, observation_platform=satellite, instrument_type=IR_sensor, license_note=\"상업위성자료 제한적 접근\".",
            "id": "sample_050_0060_000009",
            "annotations": []
        },
        {
            "sentence": "모델 출력 예시 헤더: model_name=NWP-ModelZ, model_version=3.2.1, initial_condition=synthetic_ic_20251201T00Z.nc, boundary_condition=synthetic_bc_20251201T00Z.nc.",
            "id": "sample_050_0060_000010",
            "annotations": []
        },
        {
            "sentence": "예보 구성: ensemble_size=51, ensemble_member=m01, forecast_lead_time_hours=6, valid_time=2025-12-01T06:00:00Z, grid_definition=\"latlon, EPSG:4326, resolution=0.125 deg\".",
            "id": "sample_050_0060_000011",
            "annotations": []
        },
        {
            "sentence": "격자 정의 상세: projection=\"latlon (EPSG:4326)\", grid_spacing=0.125, extent=\"lon:120.0-150.0, lat:20.0-50.0\", units=\"degrees\".",
            "id": "sample_050_0060_000012",
            "annotations": []
        },
        {
            "sentence": "앙상블 불확실성 보고: 평균장 필드와 표준편차 필드를 함께 제공하며 ensemble_std=1.25 K (예시), 90% 신뢰구간은 mean±1.645*std로 산출합니다.",
            "id": "sample_050_0060_000013",
            "annotations": []
        },
        {
            "sentence": "극값 처리 정책: 극단강수 이벤트는 threshold_p90 및 event_tag=\"extreme_precipitation\"로 태깅하고 재현성 확보를 위해 보정 로그를 기록합니다.",
            "id": "sample_050_0060_000014",
            "annotations": []
        },
        {
            "sentence": "QC 플래그 정책 예시: qc_flag 비트마스크(0=good,1=suspect,2=bad,4=missing), 각 스텝에서 변경 시 변경이력(history attribute)에 타임스탬프와 이유를 기록합니다.",
            "id": "sample_050_0060_000015",
            "annotations": []
        },
        {
            "sentence": "계측기 교정 및 결함 기록은 instrument_calibration_date 및 instrument_status 필드에 UTC ISO8601로 표기하며 수동 라벨링 내역을 포함합니다.",
            "id": "sample_050_0060_000016",
            "annotations": []
        },
        {
            "sentence": "자료동화(assimilation) 로그 예시: assimilation_log=\"3DVar_v2.1 | obs_preproc v1.0 | 2025-12-01T00:00:00Z\"으로 표기하고 참조 가능한 메타데이터 URL을 연결합니다.",
            "id": "sample_050_0060_000017",
            "annotations": []
        },
        {
            "sentence": "검증 절차: 관측 기반 검증은 ERA5 재분석 및 네트워크 관측과의 교차검증으로 수행하며 RMSE, BIAS, CRPS를 산출하여 보고합니다.",
            "id": "sample_050_0060_000018",
            "annotations": []
        },
        {
            "sentence": "처리 이력 기록 예시: history=\"2025-12-01T00:10:00Z: ingest v1.0; 2025-12-01T00:15:00Z: qc_apply v1.2; 2025-12-01T00:30:00Z: grid_interp v0.9\".",
            "id": "sample_050_0060_000019",
            "annotations": []
        },
        {
            "sentence": "메타데이터 URL 예시: metadata_url=\"https://data.syntheticclimatelab.org/datasets/050_0060/metadata.json\"를 통해 어트리뷰트 및 DOI를 확인할 수 있습니다.",
            "id": "sample_050_0060_000020",
            "annotations": []
        },
        {
            "sentence": "대용량 전송 전략: NetCDF 청크(chunk) 단위는 시간 축 기준 chunking(time=24)으로 권장하고 zlib 압축(level=4)과 parallel-IO를 사용합니다.",
            "id": "sample_050_0060_000021",
            "annotations": []
        },
        {
            "sentence": "지연(latency) 요구사항: 실시간 예보 파이프라인은 원자료 수집부터 제품 배포까지 최대 10분 이내 처리 지연을 목표로 합니다.",
            "id": "sample_050_0060_000022",
            "annotations": []
        },
        {
            "sentence": "라이선스 및 접근제한: 상업위성 원자료는 별도 라이선스가 필요하며 상업 데이터 접근 정책을 반드시 준수해야 합니다.",
            "id": "sample_050_0060_000023",
            "annotations": []
        },
        {
            "sentence": "스트리밍 및 차등전송: 변경분 중심 전송(delta encoding)과 OPeNDAP/THREDDS를 통한 부분 다운로드를 권장합니다.",
            "id": "sample_050_0060_000024",
            "annotations": []
        },
        {
            "sentence": "데이터 무결성: 전송 파일마다 checksum(MD5 또는 SHA256)을 포함하고 검증 실패 시 재전송 절차를 자동화합니다.",
            "id": "sample_050_0060_000025",
            "annotations": []
        },
        {
            "sentence": "용량 추정 예시: 전 지구 0.125도 6시간 간격 예보 51멤버의 연간 원자료 용량은 수십 TB 수준으로 병렬 파일시스템을 권장합니다.",
            "id": "sample_050_0060_000026",
            "annotations": []
        },
        {
            "sentence": "품질관리 권고사항: 동질화(homogenization) 절차와 계절적 보정 계수는 메타데이터에 명확히 기술해야 합니다.",
            "id": "sample_050_0060_000027",
            "annotations": []
        },
        {
            "sentence": "데이터 접근 및 문의 담당자는 연구책임자 류견후이며 공개 데이터 요청 절차는 metadata_url을 통해 안내됩니다.",
            "id": "sample_050_0060_000028",
            "annotations": [
                {
                    "word": "류견후",
                    "start": 23,
                    "end": 26,
                    "label": "개인정보"
                }
            ]
        },
        {
            "sentence": "윤리·법적 준수: 개인을 식별할 수 있는 정보는 포함하지 않으며 공개 전 모든 준식별자 및 라이선스 검토를 수행합니다.",
            "id": "sample_050_0060_000029",
            "annotations": []
        },
        {
            "sentence": "실무적 액션아이템: 모든 제품에 대해 QC 플래그와 처리이력을 포함시키고, 재현성 확보를 위한 스크립트와 컨테이너 이미지를 보관하십시오.",
            "id": "sample_050_0060_000030",
            "annotations": []
        },
        {
            "sentence": "참고문헌 및 표준: CF conventions, WMO GRIB2 매뉴얼, 그리고 관련 재분석 데이터셋(예: ERA5) 문서를 참조하십시오.",
            "id": "sample_050_0060_000031",
            "annotations": []
        }
    ]
}