{
    "document_id": "050_0020",
    "document_title": "기상 및 기후 모델링 운영 및 메타데이터 규격서",
    "data": [
        {
            "sentence": "본 문서는 관측과 수치모델링 결과의 교환·보관·검증을 위한 운영·메타데이터 규격을 기술한다.",
            "id": "sample_050_0020_000001",
            "annotations": []
        },
        {
            "sentence": "모든 시간 표기는 UTC 기준 ISO8601 형식으로 표기하며 예시 형식은 2026-01-01T00:00:00Z이다.",
            "id": "sample_050_0020_000002",
            "annotations": []
        },
        {
            "sentence": "파일 포맷은 GRIB2 또는 NetCDF(Climate and Forecast metadata conventions 준수)를 기본으로 하며 Global attributes를 완전하게 기록해야 한다.",
            "id": "sample_050_0020_000003",
            "annotations": []
        },
        {
            "sentence": "Global attributes에는 title, institution, source, history, references, processing_level, version, creation_date(ISO8601) 등을 포함한다.",
            "id": "sample_050_0020_000004",
            "annotations": []
        },
        {
            "sentence": "QC 플래그와 품질관리 규칙은 변수별로 명시하며 결함 유형(coding), 값 범주(outlier, missing, suspect)를 표준화해서 기록한다.",
            "id": "sample_050_0020_000005",
            "annotations": []
        },
        {
            "sentence": "관측 메타데이터에는 station_id, observation_platform, latitude, longitude, altitude_or_pressure, instrument_type이 포함되어야 한다.",
            "id": "sample_050_0020_000006",
            "annotations": []
        },
        {
            "sentence": "예시 관측 ID는 실제식별자 생성을 금지하므로 station_id: synthetic_STN001 처럼 'synthetic_' 접두어를 사용해 표기한다.",
            "id": "sample_050_0020_000007",
            "annotations": []
        },
        {
            "sentence": "관측 시각·유효시(valid_time)·리드타임(forecast_lead_time_hours)은 초·분·시 단위를 명시하고 UTC로 통일한다.",
            "id": "sample_050_0020_000008",
            "annotations": []
        },
        {
            "sentence": "변수명(variable_name)은 표준 명세를 따르며 예컨대 temperature(K), precipitation(mm), wind_speed(m s-1)처럼 단위와 함께 표기한다.",
            "id": "sample_050_0020_000009",
            "annotations": []
        },
        {
            "sentence": "수직 좌표는 고도(m) 또는 기압(hPa)을 명확히 표기하고 필요한 경우 등압면 또는 등고선 표기를 함께 제공한다.",
            "id": "sample_050_0020_000010",
            "annotations": []
        },
        {
            "sentence": "격자 정의(grid_definition)는 투영법(projection), 해상도(resolution), 시작 좌표와 격자 크기(nx, ny)를 포함해 기술한다.",
            "id": "sample_050_0020_000011",
            "annotations": []
        },
        {
            "sentence": "모델 메타데이터에는 model_name, model_version, initial_conditions, boundary_conditions, physics_suite, resolution을 포함한다.",
            "id": "sample_050_0020_000012",
            "annotations": []
        },
        {
            "sentence": "앙상블 구성은 ensemble_member 식별자 리스트와 초기조건 불확실성 설명, 앙상블 평균·표준편차 및 95% 신뢰구간을 함께 제공해야 한다.",
            "id": "sample_050_0020_000013",
            "annotations": []
        },
        {
            "sentence": "극단치 처치 정책은 극심한 강수·강풍 이벤트를 별도 태그로 표기하고 검증 절차와 참조 출처(예: 관측 레이더, 위성, 현장보고)를 명시한다.",
            "id": "sample_050_0020_000014",
            "annotations": []
        },
        {
            "sentence": "데이터 동화 절차(assimilation_log)는 사용된 관측 종류, 전처리 스크립트 버전, 관측 제약자 및 비용 함수 설정을 포함해 보존한다.",
            "id": "sample_050_0020_000015",
            "annotations": []
        },
        {
            "sentence": "실시간 예보 처리의 지연(latency) 요구사항은 서비스별로 다르며 운영 기준 예시는 5–30분 내부 처리로 규정한다.",
            "id": "sample_050_0020_000016",
            "annotations": []
        },
        {
            "sentence": "대용량 그리드 데이터는 청크(chunk)와 압축(compression, zstd 또는 deflate) 전략을 채택하고 병렬 I/O와 분산 파일시스템을 권장한다.",
            "id": "sample_050_0020_000017",
            "annotations": []
        },
        {
            "sentence": "차분전송(delta updates)은 변경된 그리드 블록만 전송하도록 설계해 대역폭을 최소화하고 재동기화 절차를 명확히 기술한다.",
            "id": "sample_050_0020_000018",
            "annotations": []
        },
        {
            "sentence": "상업 위성 원자료의 경우 라이선스·접근제한을 준수하며 사용 허가 범위와 보관 기간을 메타데이터에 기록한다.",
            "id": "sample_050_0020_000019",
            "annotations": []
        },
        {
            "sentence": "관측 장비의 보정(calibration) 기록과 결함 로그는 instrument_type별로 시리얼과 교정일자를 포함해 보관하고 결함 태깅을 수행한다.",
            "id": "sample_050_0020_000020",
            "annotations": []
        },
        {
            "sentence": "검증 지표로는 RMSE, BIAS, CRPS, 복원력 지표를 채택하고 검증 데이터셋과 비교 방법을 명확히 기술한다.",
            "id": "sample_050_0020_000021",
            "annotations": []
        },
        {
            "sentence": "검토자 권한 및 문서 승인자는 기록하며 검토자: 권길현 형식으로 담당 검토자를 메타데이터에 남긴다.",
            "id": "sample_050_0020_000022",
            "annotations": [
                {
                    "word": "권길현",
                    "start": 27,
                    "end": 30,
                    "label": "개인정보"
                }
            ]
        },
        {
            "sentence": "운영 기관 표기는 직장명 및 주소 수준으로 남기며 예시로 국립기상연구원, 서울특별시 종로구 소재로 표기한다.",
            "id": "sample_050_0020_000023",
            "annotations": [
                {
                    "word": "국립기상연구원",
                    "start": 32,
                    "end": 39,
                    "label": "준식별자"
                },
                {
                    "word": "서울특별시 종로구",
                    "start": 41,
                    "end": 50,
                    "label": "준식별자"
                }
            ]
        },
        {
            "sentence": "내부 배치 서버 및 처리 노드의 식별은 보안 규칙에 따라 기록하되 예시로 내부 테스트 네트워크 주소 192.0.2.10을 참조한다.",
            "id": "sample_050_0020_000024",
            "annotations": [
                {
                    "word": "192.0.2.10",
                    "start": 56,
                    "end": 66,
                    "label": "기밀정보"
                }
            ]
        },
        {
            "sentence": "초기조건 파일의 예시 경로는 /srv/data/model/initial/IC_v1.2.nc 처럼 파일 경로와 버전을 포함해 기술하되 내부 경로 노출은 접근제어를 적용한다.",
            "id": "sample_050_0020_000025",
            "annotations": [
                {
                    "word": "/srv/data/model/initial/IC_v1.2.nc",
                    "start": 16,
                    "end": 50,
                    "label": "기밀정보"
                }
            ]
        },
        {
            "sentence": "프로비넌스(provenance) URL은 접근권한이 필요한 내부 자료를 가리킬 수 있으므로 예시로 http://internal.example.local/provenance 를 사용해 접근 통제를 명시한다.",
            "id": "sample_050_0020_000026",
            "annotations": [
                {
                    "word": "http://internal.example.local/provenance",
                    "start": 55,
                    "end": 95,
                    "label": "기밀정보"
                }
            ]
        },
        {
            "sentence": "결론적으로 본 규격서는 재현성, 불확실성 정량화, 데이터 보안·접근통제 및 대용량 처리 전략을 포함해 운영 지침으로 활용된다.",
            "id": "sample_050_0020_000027",
            "annotations": []
        },
        {
            "sentence": "액션 아이템으로는 메타데이터 템플릿 배포, 동화 로그 표준화, 청크·압축 정책 시행 및 라이선스 점검을 권고한다.",
            "id": "sample_050_0020_000028",
            "annotations": []
        }
    ]
}