{
    "document_id": "050_0083",
    "document_title": "기상 및 기후 모델링 데이터 생성·처리·검증 운영 매뉴얼",
    "data": [
        {
            "sentence": "본 문서는 관측계 및 수치모델 출력의 생성, 메타데이터 표준화, 품질관리 및 재현성 확보 절차를 기술합니다.",
            "id": "sample_050_0083_000001",
            "annotations": []
        },
        {
            "sentence": "모든 시간표기는 UTC 기준 ISO8601 형식으로 표기하며 예시는 2025-01-01T00:00:00Z 입니다.",
            "id": "sample_050_0083_000002",
            "annotations": []
        },
        {
            "sentence": "관측 레코드는 timestamp(ISO8601), latitude(deg_north), longitude(deg_east), altitude_or_pressure(m, hPa), variable_name, units, value, qc_flag, observation_platform 필드를 필수로 포함합니다.",
            "id": "sample_050_0083_000003",
            "annotations": []
        },
        {
            "sentence": "지상 관측 예시: timestamp=2025-01-01T00:10:00Z, station_id=synthetic_station_001, latitude=37.5665, longitude=126.9780, altitude_or_pressure=50.0 m, variable_name=temperature, units=degC, value=-1.2, qc_flag=0, observation_platform=surface_station.",
            "id": "sample_050_0083_000004",
            "annotations": []
        },
        {
            "sentence": "라디오존데 관측 예시: timestamp=2025-01-01T00:00:00Z, station_id=synthetic_rs_001, profile_levels=0.1–1000 hPa, variable_name=humidity, units=%, qc_flag=1, instrument_type=RS41-SG, observation_platform=radiosonde.",
            "id": "sample_050_0083_000005",
            "annotations": []
        },
        {
            "sentence": "위성 원자료는 채널별 brightness_temperature(K)와 위성-관측 지오메트리(zenith/azimuth) 메타데이터를 포함하며 상업위성 데이터는 라이선스 제약을 명시합니다.",
            "id": "sample_050_0083_000006",
            "annotations": []
        },
        {
            "sentence": "레이더 데이터는 반사도(dBZ), 도플러 속도(m s-1), 심도 계층 및 스캔시간을 포함하고 좌표계는 WGS84 위경도로 표기합니다.",
            "id": "sample_050_0083_000007",
            "annotations": []
        },
        {
            "sentence": "해양 관측 부이 예시는 station_id=synthetic_buoy_001, variable_name=sea_surface_temperature, units=degC, timestamp=2025-01-01T00:05:00Z, qc_flag=2, observation_platform=buoy 입니다.",
            "id": "sample_050_0083_000008",
            "annotations": []
        },
        {
            "sentence": "모델 산출물 메타데이터는 model_name, model_version, initial_conditions, boundary_conditions, ensemble_member, forecast_lead_time_hours, valid_time을 반드시 포함해야 합니다.",
            "id": "sample_050_0083_000009",
            "annotations": []
        },
        {
            "sentence": "예시 모델 출력: model_name=GSM-CLIM, model_version=3.2.1, ensemble_members=51(ens000–ens050), initial_conditions=2025-01-01T00:00:00Z, forecast_lead_time_hours=0–240, valid_time=2025-01-02T00:00:00Z.",
            "id": "sample_050_0083_000010",
            "annotations": []
        },
        {
            "sentence": "불확실성 표기는 앙상블 평균, 표준편차, 5–95% 신뢰구간을 제공하며 예시로 강수량의 ensemble_mean=12.3 mm, ensemble_std=4.1 mm, 5p=5.0 mm, 95p=20.5 mm 로 보고합니다.",
            "id": "sample_050_0083_000011",
            "annotations": []
        },
        {
            "sentence": "격자 및 투영: grid_definition은 projection=latlon(WGS84), resolution=0.1 deg, nx=3600, ny=1800, vertical_coordinate=pressure(hPa)로 명시해야 합니다.",
            "id": "sample_050_0083_000012",
            "annotations": []
        },
        {
            "sentence": "파일 형식은 NetCDF-4(ClassicModel)와 GRIB2를 병행하며 global attributes에 institution, title, history, references, source, Conventions, creation_date(ISO8601) 등을 포함합니다.",
            "id": "sample_050_0083_000013",
            "annotations": []
        },
        {
            "sentence": "NetCDF global attributes 예시: title='GSM-CLIM ensemble forecast', institution='Synthetic Climate Lab', source='GSM-CLIM v3.2.1', history='2025-01-01T00:30:00Z processed with regrid v1.4', processing_level='L2', version='v3.2.1'.",
            "id": "sample_050_0083_000014",
            "annotations": []
        },
        {
            "sentence": "품질관리(QC) 규칙: qc_flag 정의는 0=good, 1=suspect, 2=bad, 3=corrected이며 보정·동질화 처리 기록을 별도의 qc_history 변수로 보관합니다.",
            "id": "sample_050_0083_000015",
            "annotations": []
        },
        {
            "sentence": "데이터 동화(assimilation) 로그는 assimilation_log 파일에 time(ISO8601), obs_type, obs_id, innovation, used_flag, preprocessing_steps를 기록하고 버전 관리를 시행합니다.",
            "id": "sample_050_0083_000016",
            "annotations": []
        },
        {
            "sentence": "계측기 교정·결함 정보는 instrument_type, calibration_date(ISO8601), calibration_coefficients, failure_log를 포함하여 관측 메타데이터와 연결합니다.",
            "id": "sample_050_0083_000017",
            "annotations": []
        },
        {
            "sentence": "극값 및 이상치 정책: 극심 강수나 폭풍 이벤트는 event_tag를 부여하고 이벤트 검증 절차로 레이더·위성 교차검증과 재분석(예: ERA5) 비교를 수행합니다.",
            "id": "sample_050_0083_000018",
            "annotations": []
        },
        {
            "sentence": "검증 절차는 입력 오차, 초기조건 민감도, 비선형성 효과를 분석하며 검증 지표로 RMSE, CRPS, Brier score, ROC-AUC 등을 사용합니다.",
            "id": "sample_050_0083_000019",
            "annotations": []
        },
        {
            "sentence": "데이터 처리 효율화를 위해 청크 전략을 권고합니다; 예로 NetCDF chunking은 time=1, lat=360, lon=720 단위이며 Zarr 또는 NetCDF-4 compression(deflate level=4)을 병행합니다.",
            "id": "sample_050_0083_000020",
            "annotations": []
        },
        {
            "sentence": "대용량 전송을 위해 증분 전송(diff-only), 압축 전송(예: blosc, gzip), 병렬 스트리밍(예: HTTP range, S3 byte-range)과 병렬 처리(분산 파일시스템)를 권장합니다.",
            "id": "sample_050_0083_000021",
            "annotations": []
        },
        {
            "sentence": "실시간 예보 파이프라인은 처리 지연(latency)을 5–60분으로 제한하며 지연 초과 시 오류 로그에 경고를 남기고 페일오버 절차를 가동합니다.",
            "id": "sample_050_0083_000022",
            "annotations": []
        },
        {
            "sentence": "상업 위성 원자료는 제공사 라이선스 및 접근 제약을 준수하며 metadata_url에 라이선스 정보와 접근권한(contact point)을 기록해야 합니다.",
            "id": "sample_050_0083_000023",
            "annotations": []
        },
        {
            "sentence": "재현성 확보를 위해 모든 처리 코드, 컨테이너 이미지 태그, 소스 리포지토리 커밋ID 및 실험설계(input config)를 함께 보관합니다.",
            "id": "sample_050_0083_000024",
            "annotations": []
        },
        {
            "sentence": "데이터 보안 및 접근제어 항목에는 역할기반 접근제어(RBAC), 네트워크 접근 로그, 감사로그가 포함되며 내부 운영자는 최소 권한 원칙을 준수해야 합니다.",
            "id": "sample_050_0083_000025",
            "annotations": []
        },
        {
            "sentence": "검토자: 백찬우, 사번: 2024-0001, 검토일자=2025-01-02T09:00:00Z, 비고=배포 전 최종검토 완료.",
            "id": "sample_050_0083_000026",
            "annotations": [
                {
                    "word": "백찬우",
                    "start": 5,
                    "end": 8,
                    "label": "개인정보"
                },
                {
                    "word": "2024-0001",
                    "start": 14,
                    "end": 23,
                    "label": "개인정보"
                }
            ]
        },
        {
            "sentence": "중요 인프라 정보는 별도 보안문서에서 관리합니다; 예시로 서버 IP: 10.0.0.5 는 내부 운영 서버로 접근이 제한됩니다.",
            "id": "sample_050_0083_000027",
            "annotations": [
                {
                    "word": "10.0.0.5",
                    "start": 39,
                    "end": 47,
                    "label": "기밀정보"
                }
            ]
        },
        {
            "sentence": "내부 저장소 경로: /srv/internal/model/ens_v1 은 프로비저닝·백업 대상이며 접근권한은 최소 권한으로 관리합니다.",
            "id": "sample_050_0083_000028",
            "annotations": [
                {
                    "word": "/srv/internal/model/ens_v1",
                    "start": 11,
                    "end": 37,
                    "label": "기밀정보"
                }
            ]
        },
        {
            "sentence": "비공개 URL: https://internal.example.com/forecast 은 내부 포털로서 외부공유가 금지됩니다.",
            "id": "sample_050_0083_000029",
            "annotations": [
                {
                    "word": "https://internal.example.com/forecast",
                    "start": 9,
                    "end": 46,
                    "label": "기밀정보"
                }
            ]
        },
        {
            "sentence": "VPN 주소: vpn.internal.example.com 은 원격 접속 제어를 위해 MFA와 연동되며 계정별 로그가 기록됩니다.",
            "id": "sample_050_0083_000030",
            "annotations": [
                {
                    "word": "vpn.internal.example.com",
                    "start": 8,
                    "end": 32,
                    "label": "기밀정보"
                }
            ]
        },
        {
            "sentence": "결론 및 실행 항목: 메타데이터 템플릿 강제화, 정기 검증(월간), 라이선스 점검(분기), 비상 대응 시나리오 수립을 권고합니다.",
            "id": "sample_050_0083_000031",
            "annotations": []
        },
        {
            "sentence": "프로비넌스(provenance)는 processing_level, processor_id, processing_date(ISO8601), code_version, input_checksums를 포함하여 자동 생성하도록 설정합니다.",
            "id": "sample_050_0083_000032",
            "annotations": []
        },
        {
            "sentence": "데이터 배포 시 메타데이터 URL(metadata_url)과 파일 형식(file_format=NetCDF/GRIB2), 권한 레이블을 함께 제공하여 수신자가 자동 파싱 가능하도록 합니다.",
            "id": "sample_050_0083_000033",
            "annotations": []
        }
    ]
}