{
    "document_id": "050_0082",
    "document_title": "기상 및 기후 모델링 데이터셋 생성·처리·배포 지침서",
    "data": [
        {
            "sentence": "문서 개요: 본 문서는 기상 및 기후 모델링 데이터셋의 생성·처리·배포 절차를 기술하며 UTC ISO8601 시간표기를 사용합니다.",
            "id": "sample_050_0082_000001",
            "annotations": []
        },
        {
            "sentence": "데이터 생성 시 모든 타임스탬프는 UTC 기준 ISO8601 형식(e.g., 2025-01-08T12:00:00Z)으로 표기하며 초·분·시 단위를 명시합니다.",
            "id": "sample_050_0082_000002",
            "annotations": []
        },
        {
            "sentence": "관측 메타데이터 예시: station_id는 synthetic_KMA_0001로 표기하며 위도 37.572, 경도 126.976, 표고 45.0 m를 포함합니다.",
            "id": "sample_050_0082_000003",
            "annotations": []
        },
        {
            "sentence": "관측 레코드 예시: timestamp=2025-01-08T12:00:00Z, latitude=37.572, longitude=126.976, altitude_or_pressure=45 m, variable_name=temperature, units=K, value=276.15, qc_flag=0, observation_platform=surface_station.",
            "id": "sample_050_0082_000004",
            "annotations": []
        },
        {
            "sentence": "라디오존데 예시: platform=radiosonde, timestamp=2025-01-08T00:00:00Z, altitude_or_pressure=850 hPa, variable_name=humidity, units=percent, value=65, qc_flag=1, instrument_type=RS41.",
            "id": "sample_050_0082_000005",
            "annotations": []
        },
        {
            "sentence": "위성 원자료 사용 시 라이선스와 접근제한을 준수하며 상업위성 원자료는 별도 승인 절차와 접근 로그를 기록합니다.",
            "id": "sample_050_0082_000006",
            "annotations": []
        },
        {
            "sentence": "모델 출력 메타: model_name=GFS-Custom, model_version=4.2.1, initial_conditions=2025-01-08T00:00:00Z UTC, boundary_conditions=ERA5_reanalysis_v2, ensemble_size=20.",
            "id": "sample_050_0082_000007",
            "annotations": []
        },
        {
            "sentence": "앙상블 멤버는 ensemble_member=mem01~mem20로 식별하며 각 멤버의 forecast_lead_time_hours는 0,3,6,12,24,48,72 등으로 표기합니다.",
            "id": "sample_050_0082_000008",
            "annotations": []
        },
        {
            "sentence": "각 그리드 필드는 투영법: 위경도(latitude/longitude), 해상도: 0.25deg, 그리드 기준점: 북극 기준 위경도를 명시합니다.",
            "id": "sample_050_0082_000009",
            "annotations": []
        },
        {
            "sentence": "파일 포맷과 글로벌 어트리뷰트: file_format=NetCDF, conventions=CF-1.8, history=Created by GFS-Custom v4.2.1, processing_level=2, institution=Synthetic Climate Lab, metadata_url=https://metadata.synthetic.example/datasets/050_0082.",
            "id": "sample_050_0082_000010",
            "annotations": []
        },
        {
            "sentence": "NetCDF 전역 속성에는 title, institution, source, references, history, processing_level, license, geospatial_lat_min/max, geospatial_lon_min/max 등을 포함합니다.",
            "id": "sample_050_0082_000011",
            "annotations": []
        },
        {
            "sentence": "QC 플래그 정책: 0=정상, 1=경계값 경고, 2=결측/비검증, 3=교정필요이며 각 레코드는 qc_flag와 qc_history를 보유합니다.",
            "id": "sample_050_0082_000012",
            "annotations": []
        },
        {
            "sentence": "프로세싱 이력과 provenance: processing_level=3, version=2025.01.08.v1, provenance_log=assimilation v5 -> bias_correction v2 -> downscaling v1을 기록합니다.",
            "id": "sample_050_0082_000013",
            "annotations": []
        },
        {
            "sentence": "데이터 동화 로그 예시: assimilation_log=3DVAR v2.4 applied at 2025-01-08T00:30:00Z using obs operator v1.1; obs_preproc_version=2024-11-15.",
            "id": "sample_050_0082_000014",
            "annotations": []
        },
        {
            "sentence": "검증 절차: 모델 출력은 관측 검증, 위성 상호검증, 레이더 동기검증을 수행하며 검증 리포트와 소스코드를 보존합니다.",
            "id": "sample_050_0082_000015",
            "annotations": []
        },
        {
            "sentence": "불확실성 기술: 앙상블 평균, 표준편차, 95% 신뢰구간을 제공하며 극단치는 이벤트 태깅 및 재현성 검사로 검증합니다.",
            "id": "sample_050_0082_000016",
            "annotations": []
        },
        {
            "sentence": "극단치 정책: 강수 극값과 폭풍 이벤트는 event_id로 태그하며 bias 조정 전후의 변경 내역을 모두 기록합니다.",
            "id": "sample_050_0082_000017",
            "annotations": []
        },
        {
            "sentence": "청크 및 압축 전략: NetCDF-4 HDF5 chunking을 사용하고 zlib 압축(level=4), 병렬 I/O와 블록별 전송을 권장합니다.",
            "id": "sample_050_0082_000018",
            "annotations": []
        },
        {
            "sentence": "스트리밍 요구사항: 실시간 예보 처리 지연(latency)은 5분에서 60분을 목표로 하며 필요시 증분 전송(diff transfer)을 적용합니다.",
            "id": "sample_050_0082_000019",
            "annotations": []
        },
        {
            "sentence": "관측소 장비 메타: station_id=synthetic_KMA_0001, instrument_type=MP101A, calibration_date=2024-06-10T00:00:00Z, calibration_notes=factory certified.",
            "id": "sample_050_0082_000020",
            "annotations": []
        },
        {
            "sentence": "관측소 주소와 운영자 정보: 관측소 주소=서울특별시 종로구 사직로 1, 운영담당자=한윤서, 사번=synthetic_0001.",
            "id": "sample_050_0082_000021",
            "annotations": [
                {
                    "word": "한윤서",
                    "start": 46,
                    "end": 49,
                    "label": "개인정보"
                },
                {
                    "word": "사번=synthetic_0001",
                    "start": 51,
                    "end": 68,
                    "label": "개인정보"
                },
                {
                    "word": "관측소 주소=서울특별시 종로구 사직로 1",
                    "start": 16,
                    "end": 38,
                    "label": "개인정보"
                },
                {
                    "word": "서울특별시",
                    "start": 23,
                    "end": 28,
                    "label": "준식별자"
                },
                {
                    "word": "종로구",
                    "start": 29,
                    "end": 32,
                    "label": "준식별자"
                }
            ]
        },
        {
            "sentence": "개인정보 보호: 인적 데이터는 최소화하고 필요시 익명화 절차를 통해 시공간 해상도를 축소하여 공개합니다.",
            "id": "sample_050_0082_000022",
            "annotations": []
        },
        {
            "sentence": "기밀 정보 항목: 내부 저장소 경로=/srv/internal/private/model_runs/050_0082, 내부 접속 주소=https://intranet.internal.example/, internal_server_ip=10.0.0.99.",
            "id": "sample_050_0082_000023",
            "annotations": [
                {
                    "word": "/srv/internal/private/model_runs/050_0082",
                    "start": 20,
                    "end": 61,
                    "label": "기밀정보"
                },
                {
                    "word": "https://intranet.internal.example/",
                    "start": 72,
                    "end": 106,
                    "label": "기밀정보"
                },
                {
                    "word": "10.0.0.99",
                    "start": 127,
                    "end": 136,
                    "label": "기밀정보"
                }
            ]
        },
        {
            "sentence": "라이선스: 위성 데이터는 상업 위성의 경우 공급사 라이선스에 따르며 접근 권한과 사용 내역을 메타데이터에 기술합니다.",
            "id": "sample_050_0082_000024",
            "annotations": []
        },
        {
            "sentence": "파일 용량 안내: 전체 시나리오 출력은 약 2.5 TB이며 청크별 병렬 다운로드 및 증분 동기화를 권장합니다.",
            "id": "sample_050_0082_000025",
            "annotations": []
        },
        {
            "sentence": "파일 포맷 예시: GRIB2 파일은 GRIB Edition 2 표준을 따르고 메시지 섹션과 bitmap을 포함합니다.",
            "id": "sample_050_0082_000026",
            "annotations": []
        },
        {
            "sentence": "검교정 로그: 기기별 calibration_history에는 교정일시(UTC), 교정자(이름 대신 식별자 사용), 교정 결과 요약을 포함합니다.",
            "id": "sample_050_0082_000027",
            "annotations": []
        },
        {
            "sentence": "배포 및 접근 통제: 민감 자료는 허가된 사용자에게만 접근 권한을 부여하며 접근 로그를 180일 이상 보관합니다.",
            "id": "sample_050_0082_000028",
            "annotations": []
        },
        {
            "sentence": "데이터 예시 레코드 추가: timestamp=2025-01-08T03:00:00Z, latitude=34.123, longitude=128.456, altitude_or_pressure=10 m, variable_name=precipitation, units=mm, value=12.4, qc_flag=1, observation_platform=radar, station_id=synthetic_RADAR_001.",
            "id": "sample_050_0082_000029",
            "annotations": []
        },
        {
            "sentence": "참고 문헌 및 문의: 기술문의 담당자 천진환에게 문의를 권장하지만 개인 이메일은 문서에 포함하지 않습니다.",
            "id": "sample_050_0082_000030",
            "annotations": [
                {
                    "word": "천진환",
                    "start": 21,
                    "end": 24,
                    "label": "개인정보"
                }
            ]
        }
    ]
}