{
    "document_id": "050_0092",
    "document_title": "기상·기후 모델링 메타데이터, 품질관리 및 운영지침",
    "data": [
        {
            "sentence": "문서 개요: 본 문서는 기상 및 기후 모델링 데이터셋의 메타데이터 정의와 품질관리 절차를 기술합니다.",
            "id": "sample_050_0092_000001",
            "annotations": []
        },
        {
            "sentence": "시간 표기는 모두 UTC ISO8601을 따르며 예시 형식은 2026-01-08T12:00:00Z 입니다.",
            "id": "sample_050_0092_000002",
            "annotations": []
        },
        {
            "sentence": "관측 예시(지상): timestamp=2026-01-08T00:00:00Z, latitude=36.1234, longitude=127.1234, altitude_or_pressure=1000 hPa, variable_name=temperature, units=K, value=288.15, qc_flag=0, observation_platform=surface_station.",
            "id": "sample_050_0092_000003",
            "annotations": []
        },
        {
            "sentence": "해당 지상관측의 station_id는 synthetic_001이며 instrument_type=thermistor, file_format=NetCDF, processing_level=level1a로 표기합니다.",
            "id": "sample_050_0092_000004",
            "annotations": []
        },
        {
            "sentence": "관측 메타데이터 및 원자료 접근은 metadata_url=https://internal.met.local/metadata/050_0092에서 관리하며 접근 제어를 적용합니다.",
            "id": "sample_050_0092_000005",
            "annotations": [
                {
                    "word": "https://internal.met.local/metadata/050_0092",
                    "start": 32,
                    "end": 76,
                    "label": "기밀정보"
                }
            ]
        },
        {
            "sentence": "라디오존데 예시: timestamp=2026-01-08T00:12:00Z, platform=radiosonde, latitude=35.9876, longitude=128.5432, altitude_or_pressure=850 hPa, variable_name=relative_humidity, units=%, value=56.3, qc_flag=1.",
            "id": "sample_050_0092_000006",
            "annotations": []
        },
        {
            "sentence": "레이다 데이터는 시간 동기화를 위해 valid_time=2026-01-08T00:05:00Z를 사용하며 반사도는 dBZ 단위로 저장합니다.",
            "id": "sample_050_0092_000007",
            "annotations": []
        },
        {
            "sentence": "위성 원자료는 라이선스 제약을 준수하며 상업위성 채널별 밝기온도는 processing_level=level0로 보존 및 접근 통제를 적용합니다.",
            "id": "sample_050_0092_000008",
            "annotations": []
        },
        {
            "sentence": "모델 출력 예시: model_name=GFS-exp, model_version=GFSv16.3, initial_conditions=synthetic_ic_20260108, boundary_conditions=ERA5_downscaled, ensemble_member=ens_01, forecast_lead_time_hours=24.",
            "id": "sample_050_0092_000009",
            "annotations": []
        },
        {
            "sentence": "격자 정의는 grid_definition: projection=latlon, resolution=0.25deg, vertical_coordinate=pressure(1000-1 hPa), file_format=GRIB2으로 명시합니다.",
            "id": "sample_050_0092_000010",
            "annotations": []
        },
        {
            "sentence": "앙상블 구성은 50개 멤버로 운영하며 ensemble_mean, ensemble_std, 95pct_confidence_interval을 함께 제공합니다.",
            "id": "sample_050_0092_000011",
            "annotations": []
        },
        {
            "sentence": "불확실성 표기는 시간별 ensemble_std 값을 NetCDF 변수로 포함하고 95% 신뢰구간은 percentiles(2.5,97.5)로 명시합니다.",
            "id": "sample_050_0092_000012",
            "annotations": []
        },
        {
            "sentence": "초기조건 민감도 분석은 실험별 초기조건 해상도와 초깃값 노이즈 스펙을 기록하며 재현 가능한 시드값을 보관합니다.",
            "id": "sample_050_0092_000013",
            "annotations": []
        },
        {
            "sentence": "데이터 동화 로그(assimilation_log)는 관측 사용 여부, 오차공간 파라미터, 관측 선처리 필터를 포함하며 버전은 v2.1입니다.",
            "id": "sample_050_0092_000014",
            "annotations": []
        },
        {
            "sentence": "동질화 및 이상치 정책: 극값은 자동 태깅 후 수동 검토를 수행하고 보정 절차와 교정계수는 레코드에 저장합니다.",
            "id": "sample_050_0092_000015",
            "annotations": []
        },
        {
            "sentence": "QC 플래그 정의는 0=valid, 1=suspect, 2=bad, 3=missing으로 표준화되어 전처리 파이프라인에 적용됩니다.",
            "id": "sample_050_0092_000016",
            "annotations": []
        },
        {
            "sentence": "프로세싱 이력에는 processing_level, 소프트웨어 버전, 생성일시, 생성 노드 정보를 기록하며 모든 일자는 UTC 기준입니다.",
            "id": "sample_050_0092_000017",
            "annotations": []
        },
        {
            "sentence": "검증 절차는 관측교차검증, 재분석 비교(예: ERA5), 이벤트 기반 케이스 스터디를 포함하며 검증 보고서의 출처를 명시합니다.",
            "id": "sample_050_0092_000018",
            "annotations": []
        },
        {
            "sentence": "극한강수와 폭풍 이벤트는 검증 소스(국가기상청 레포트 또는 레퍼런스 위성 제품)를 명시하여 과대·과소 추정을 방지합니다.",
            "id": "sample_050_0092_000019",
            "annotations": []
        },
        {
            "sentence": "대용량 처리를 위해 청크 전략(chunk_size: time=24, lat=180, lon=360), 압축(zlib level=4), 병렬 IO와 분산 파일시스템을 권장합니다.",
            "id": "sample_050_0092_000020",
            "annotations": []
        },
        {
            "sentence": "실시간 예보 파이프라인의 지연 요구사항은 관측 수신부터 예보 배포까지 30분 이내로 규정합니다.",
            "id": "sample_050_0092_000021",
            "annotations": []
        },
        {
            "sentence": "데이터 접근 제어와 라이선스는 위성 공급사의 계약 조건을 준수하며 상업데이터는 별도 접근 권한을 요구합니다.",
            "id": "sample_050_0092_000022",
            "annotations": []
        },
        {
            "sentence": "프로비넌스 정보는 source_system, ingestion_timestamp, operator_id 항목을 포함하여 각 파일의 유래를 추적합니다.",
            "id": "sample_050_0092_000023",
            "annotations": []
        },
        {
            "sentence": "담당자 연락처는 내부 기록에 양서현과 정규현으로 등록되어 있으며 권한 검증 후 접근이 허용됩니다.",
            "id": "sample_050_0092_000024",
            "annotations": [
                {
                    "word": "양서현",
                    "start": 16,
                    "end": 19,
                    "label": "개인정보"
                },
                {
                    "word": "정규현",
                    "start": 21,
                    "end": 24,
                    "label": "개인정보"
                }
            ]
        },
        {
            "sentence": "운영 파일 경로 및 초기조건 파일은 /srv/model/initials/ic_2026-01-01.nc에 저장되어 있으며 백업 정책을 적용합니다.",
            "id": "sample_050_0092_000025",
            "annotations": [
                {
                    "word": "/srv/model/initials/ic_2026-01-01.nc",
                    "start": 20,
                    "end": 56,
                    "label": "기밀정보"
                }
            ]
        },
        {
            "sentence": "내부 서버와 엔드포인트 예시는 private IP 10.0.8.12와 포트 8080을 테스트 환경에서 사용했다고 기록합니다.",
            "id": "sample_050_0092_000026",
            "annotations": [
                {
                    "word": "10.0.8.12",
                    "start": 28,
                    "end": 37,
                    "label": "기밀정보"
                }
            ]
        },
        {
            "sentence": "재현성 보장을 위해 실험설계, 시드값, 소스코드 커밋 SHA를 메타데이터에 포함하고 접근 로그를 보관합니다.",
            "id": "sample_050_0092_000027",
            "annotations": []
        },
        {
            "sentence": "요약 및 권장사항: 메타데이터 완전성, QC 로그 보전, 압축·청크 기반 전송, 접근 제어 정책 이행을 지속 모니터링하세요.",
            "id": "sample_050_0092_000028",
            "annotations": []
        }
    ]
}