{
    "document_id": "050_0005",
    "document_title": "기상 및 기후 모델링 운영·데이터 제품 명세서 및 처리 지침서",
    "data": [
        {
            "sentence": "본 문서는 관측계 및 수치모델을 통한 대기 상태 기술과 기후 분석 절차를 기술하기 위한 운영·데이터 제품 명세서이다.",
            "id": "sample_050_0005_000001",
            "annotations": []
        },
        {
            "sentence": "문서의 범위는 지상관측, 라디오존데·프로파일, 레이더·위성 원자료, 부이 관측, 재분석 및 NWP·GCM 출력과 품질관리 절차를 포함한다.",
            "id": "sample_050_0005_000002",
            "annotations": []
        },
        {
            "sentence": "문서 책임자: 성서주 (생년월일: 1980-05-12), 책임자는 데이터 품질·출시 승인 및 프로세스 레벨 검증을 수행한다.",
            "id": "sample_050_0005_000003",
            "annotations": [
                {
                    "word": "성서주",
                    "start": 8,
                    "end": 11,
                    "label": "개인정보"
                },
                {
                    "word": "1980",
                    "start": 19,
                    "end": 23,
                    "label": "준식별자"
                },
                {
                    "word": "05",
                    "start": 24,
                    "end": 26,
                    "label": "준식별자"
                },
                {
                    "word": "12",
                    "start": 27,
                    "end": 29,
                    "label": "준식별자"
                }
            ]
        },
        {
            "sentence": "운영 총괄 연락처 부서 책임자: 고윤경, 연락 사무실 위치(행정구역 단위): 서울특별시 종로구, 상세 주소는 내부 기록에 준하여 관리한다.",
            "id": "sample_050_0005_000004",
            "annotations": [
                {
                    "word": "고윤경",
                    "start": 18,
                    "end": 21,
                    "label": "개인정보"
                },
                {
                    "word": "서울특별시",
                    "start": 43,
                    "end": 48,
                    "label": "준식별자"
                },
                {
                    "word": "종로구",
                    "start": 49,
                    "end": 52,
                    "label": "준식별자"
                }
            ]
        },
        {
            "sentence": "데이터 제품은 GRIB2, NetCDF CF-1.8 준수, BUFR 관측 패킷, HDF5 레이더 상품 및 GeoTIFF 기반의 공간 출력 등 표준 포맷을 따른다.",
            "id": "sample_050_0005_000005",
            "annotations": []
        },
        {
            "sentence": "모든 시간 표기는 UTC ISO8601로 표기하며 예: 2025-01-15T00:00:00Z, 리드타임과 시간 해상도는 초/분/시/일 단위로 명시한다.",
            "id": "sample_050_0005_000006",
            "annotations": []
        },
        {
            "sentence": "관측 예시(지상): station_id=synthetic_STN_001, timestamp=2025-01-15T00:10:00Z, latitude=37.570, longitude=126.976, altitude_or_pressure=45 m, variable_name=temperature, units=C, value=3.2, qc_flag=0, observation_platform=surface_station, instrument_type=thermometer.",
            "id": "sample_050_0005_000007",
            "annotations": []
        },
        {
            "sentence": "라디오존데 예시: station_id=synthetic_RS_01, launch_time=2025-01-15T00:00:00Z, profile_levels=1000 hPa→10 hPa, variable_names=[temperature, humidity, wind], units=[C, %RH, m s-1], qc_flag per-level included.",
            "id": "sample_050_0005_000008",
            "annotations": []
        },
        {
            "sentence": "상업 위성 원자료 사용 시 라이선스 및 이용조건을 준수하며 예시 토큰 표기: commercial_satellite_license_key=SYNTH-LIC-0001, 해당 키는 접근 제어 목록에 등록된다.",
            "id": "sample_050_0005_000009",
            "annotations": [
                {
                    "word": "SYNTH-LIC-0001",
                    "start": 76,
                    "end": 90,
                    "label": "기밀정보"
                }
            ]
        },
        {
            "sentence": "레이더 산출물은 반사도(dBZ)와 강수속도(mm h-1)를 포함하고 주기·격자화는 NetCDF 또는 HDF5로 저장하며 메타데이터에 기기 캘리브레이션 정보를 포함한다.",
            "id": "sample_050_0005_000010",
            "annotations": []
        },
        {
            "sentence": "해양 부이 예시: platform=buoy, station_id=synthetic_BUOY_01, timestamp=2025-01-15T00:05:00Z, variable_name=sea_surface_temperature, units=C, value=2.8, qc_flag=1(자동검증 통과).",
            "id": "sample_050_0005_000011",
            "annotations": []
        },
        {
            "sentence": "모델 출력 메타데이터는 model_name=K-NWP-GRID, model_version=2.3.1, initial_conditions=IC_20250115T0000Z, boundary_conditions=GFS_20250115T0000Z, ensemble_member=member_01, forecast_lead_time_hours=0, valid_time=2025-01-15T00:00:00Z를 포함해야 한다.",
            "id": "sample_050_0005_000012",
            "annotations": []
        },
        {
            "sentence": "그리드 정의(grid_definition)는 좌표계=WGS84 위경도, 해상도=0.025 deg, 프로젝션=latlon, vertical_coordinate=pressure(hPa), file_format=NetCDF, global attributes에 표준 메타데이터를 기입한다.",
            "id": "sample_050_0005_000013",
            "annotations": []
        },
        {
            "sentence": "처리 이력과 데이터 동화 로그는 processing_level=L2, provenance_version=2025.01.v1, assimilation_log 경로를 메타데이터에 포함하여 재현성을 확보한다.",
            "id": "sample_050_0005_000014",
            "annotations": []
        },
        {
            "sentence": "동화 로그 및 운영 파일 예시 경로: /srv/prod/assimilation/logs/2025-01-15.log, 내부 데이터 서버 IP 및 메타데이터 엔드포인트 예시: internal_data_server_ip=10.0.0.5, metadata_url=https://internal.example.local/assimilation, 접근 제어 필요.",
            "id": "sample_050_0005_000015",
            "annotations": [
                {
                    "word": "10.0.0.5",
                    "start": 120,
                    "end": 128,
                    "label": "기밀정보"
                },
                {
                    "word": "https://internal.example.local/assimilation",
                    "start": 143,
                    "end": 186,
                    "label": "기밀정보"
                },
                {
                    "word": "/srv/prod/assimilation/logs/2025-01-15.log",
                    "start": 21,
                    "end": 63,
                    "label": "기밀정보"
                }
            ]
        },
        {
            "sentence": "품질관리(QC)는 시계열·공간적 일관성, 기본 범위 검사, 동적 필터링, 휴먼 라벨링 이력을 포함하며 캘리브레이션·결함 정보는 장비별로 기록한다.",
            "id": "sample_050_0005_000016",
            "annotations": []
        },
        {
            "sentence": "극단치 및 이상치 정책은 극심 강수, 폭풍 등 이벤트에 대해 태깅(tag_extreme=true), 외부 관측(예: 레이더·강수관측)과 교차검증한 후 보정(또는 주석) 절차를 적용한다.",
            "id": "sample_050_0005_000017",
            "annotations": []
        },
        {
            "sentence": "모델 불확실성 보고는 앙상블 평균과 표준편차(stddev), 90%·95% 신뢰구간을 제공하며 앙상블 분포 히스토그램과 멤버별 시계열을 메타데이터로 포함한다.",
            "id": "sample_050_0005_000018",
            "annotations": []
        },
        {
            "sentence": "예시 불확실성 값: ensemble_mean_precip=5.2 mm h-1, ensemble_stddev_precip=1.8 mm h-1, 95CI=[2.0, 8.4] mm h-1, 기준 시각 valid_time=2025-01-15T03:00:00Z.",
            "id": "sample_050_0005_000019",
            "annotations": []
        },
        {
            "sentence": "대용량 파일 전송을 위한 전략으로는 청크(chunk) 크기 64–256 MB 권장, zstd 또는 netCDF4-4.8 압축, 병렬 스트리밍과 차등전송(delta transfer)을 결합하여 대역폭을 최적화한다.",
            "id": "sample_050_0005_000020",
            "annotations": []
        },
        {
            "sentence": "실시간 예보 파이프라인의 지연(latency) 제약은 데이터 수집→전처리→동화→예보 산출까지 5–60분 내 처리 목표를 명시하며 모니터링 및 SLA를 적용한다.",
            "id": "sample_050_0005_000021",
            "annotations": []
        },
        {
            "sentence": "상업 위성 원자료 등 민감 데이터는 라이선스 계약과 접근 권한을 준수하며 데이터 이용 기록과 접근 로그를 감사용으로 보관한다.",
            "id": "sample_050_0005_000022",
            "annotations": []
        },
        {
            "sentence": "동질화(homogenization) 및 바이어스 보정 절차는 버전 관리하며 각 보정 스텝별 입력·출력 파일과 스크립트 해시를 메타데이터에 포함한다.",
            "id": "sample_050_0005_000023",
            "annotations": []
        },
        {
            "sentence": "검증 리포트에는 RMSE, 편향(bias), POD(Probability of Detection), FAR(False Alarm Rate) 등 지표와 비교 기준 데이터셋(레퍼런스)을 명시한다.",
            "id": "sample_050_0005_000024",
            "annotations": []
        },
        {
            "sentence": "보관 정책은 원자료 및 처리 산출물의 보존 기간과 접근 제어를 정의하며 파일 포맷, 체크섬, 저장소 위치를 메타데이터로 기록한다.",
            "id": "sample_050_0005_000025",
            "annotations": []
        },
        {
            "sentence": "조치 항목과 책임자는 문서에 명시하며 예시로 데이터 검증 리뷰어: 장기원, 리뷰 일정과 산출물을 트래킹한다.",
            "id": "sample_050_0005_000026",
            "annotations": [
                {
                    "word": "장기원",
                    "start": 37,
                    "end": 40,
                    "label": "개인정보"
                }
            ]
        },
        {
            "sentence": "운영 중 발생한 보안·접근 문제는 즉시 기록하고 내부 보안절차에 따라 대응하며 기밀정보와 라이선스 조건 위반을 방지한다.",
            "id": "sample_050_0005_000027",
            "annotations": []
        },
        {
            "sentence": "결론적으로 본 명세서는 표준 준수, 재현성 확보, 불확실성 정량화 및 라이선스·접근 정책 준수를 통해 신뢰성 있는 기상 및 기후 데이터 제품을 제공하는 것을 목표로 한다.",
            "id": "sample_050_0005_000028",
            "annotations": []
        }
    ]
}