{
    "document_id": "050_0018",
    "document_title": "기상 및 기후 모델링 운영 데이터 패키지 설명서",
    "data": [
        {
            "sentence": "본 문서는 2026-01-08T00:00:00Z 기준으로 준비된 기상 및 기후 모델링 운영 데이터 패키지의 기술적 설명서입니다.",
            "id": "sample_050_0018_000001",
            "annotations": []
        },
        {
            "sentence": "데이터 패키지는 관측(지상·라디오존데·위성·부이·레이더)과 NWP 모델 출력물을 포함하며 모든 시간표기는 UTC ISO8601로 표기됩니다.",
            "id": "sample_050_0018_000002",
            "annotations": []
        },
        {
            "sentence": "샘플 관측 레코드는 timestamp, latitude, longitude, altitude_or_pressure, variable_name, units, value, qc_flag, observation_platform 필드를 포함합니다.",
            "id": "sample_050_0018_000003",
            "annotations": []
        },
        {
            "sentence": "예시 관측: timestamp=2026-01-07T12:00:00Z, latitude=37.5685, longitude=126.9779, altitude_or_pressure=10m, variable_name=temperature, units=K, value=279.15, qc_flag=0, observation_platform=surface_station, station_id=synthetic_station_001.",
            "id": "sample_050_0018_000004",
            "annotations": []
        },
        {
            "sentence": "고도 표기는 표고(m)로 통일하고 프로파일 자료는 수직좌표를 pressure_hPa로 제공합니다.",
            "id": "sample_050_0018_000005",
            "annotations": []
        },
        {
            "sentence": "모델 출력에는 model_name, model_version, ensemble_member, forecast_lead_time_hours, valid_time이 명시되어야 하며 예를 들어 model_name=GFS-like, model_version=GCMv3.2, ensemble_member=ens_01, forecast_lead_time_hours=24, valid_time=2026-01-08T00:00:00Z와 같이 기록됩니다.",
            "id": "sample_050_0018_000006",
            "annotations": []
        },
        {
            "sentence": "그리드 정의는 projection=EPSG:4326(위경도), resolution=0.125deg, grid_definition 및 NetCDF/GRIB2 파일 포맷을 메타데이터에 포함하여 기술합니다.",
            "id": "sample_050_0018_000007",
            "annotations": []
        },
        {
            "sentence": "파일 포맷 표준 준수를 위해 Global attributes에 title, institution, source, history, references, processing_level, Conventions 항목을 반드시 포함합니다.",
            "id": "sample_050_0018_000008",
            "annotations": []
        },
        {
            "sentence": "예: processing_level=L2A, history='2026-01-08T00:30:00Z - QC applied - bias correction v1.2', Conventions='CF-1.8', file_format=NetCDF-4.",
            "id": "sample_050_0018_000009",
            "annotations": []
        },
        {
            "sentence": "QC 플래그는 정수 비트필드로 정의하며 비트맵 문서를 포함하여 qc_flag=0(양호),1(결측),2(이상치),4(교정필요) 등으로 사용합니다.",
            "id": "sample_050_0018_000010",
            "annotations": []
        },
        {
            "sentence": "데이터 동화 로그(assimilation_log)는 사용된 관측 타입, 배치 시간, 가중치와 전처리 버전을 기록해야 하며 예: assimilation_log='2026-01-07T23:45Z: radiosonde preproc v2.1 applied; satellite bias corr v1.0'.",
            "id": "sample_050_0018_000011",
            "annotations": []
        },
        {
            "sentence": "초기조건·경계조건 파일 경로와 버전은 재현성을 위해 기록하며 예시 파일명은 IC_v3.2.nc, BC_20260107.grb2 등으로 표기합니다.",
            "id": "sample_050_0018_000012",
            "annotations": []
        },
        {
            "sentence": "초기조건 파일의 provenance는 '/srv/prod/model/initials/IC_v3.nc'와 같이 절대경로와 체크섬(sha256)을 함께 기록하여 데이터 정합성을 보증합니다.",
            "id": "sample_050_0018_000013",
            "annotations": [
                {
                    "word": "/srv/prod/model/initials/IC_v3.nc",
                    "start": 22,
                    "end": 55,
                    "label": "기밀정보"
                }
            ]
        },
        {
            "sentence": "운영 담당자 연락처는 책임자 이름과 부서 정보만을 메타데이터에 표기하며 예: 책임자=양영화, 소속=기후운영팀으로 기록합니다.",
            "id": "sample_050_0018_000014",
            "annotations": [
                {
                    "word": "양영화",
                    "start": 47,
                    "end": 50,
                    "label": "개인정보"
                }
            ]
        },
        {
            "sentence": "업무용 이메일은 시스템 통보용으로 기록되며 예시 계정 yangyounghwa@synthetic.example 은 알림 및 접근 제어를 위해 사용됩니다.",
            "id": "sample_050_0018_000015",
            "annotations": [
                {
                    "word": "yangyounghwa@synthetic.example",
                    "start": 30,
                    "end": 60,
                    "label": "개인정보"
                }
            ]
        },
        {
            "sentence": "상업위성 원자료는 라이선스 제약이 크므로 메타데이터에 license='restricted'와 소유권을 명시하고 접근 제어 절차를 포함합니다.",
            "id": "sample_050_0018_000016",
            "annotations": []
        },
        {
            "sentence": "예시로 포함된 상업 위성 데이터셋 명은 commercial_sat_data_v2 (license: restricted)이며 상업 데이터의 재배포 금지 조건을 명확히 표기합니다.",
            "id": "sample_050_0018_000017",
            "annotations": [
                {
                    "word": "commercial_sat_data_v2 (license: restricted)",
                    "start": 22,
                    "end": 66,
                    "label": "기밀정보"
                }
            ]
        },
        {
            "sentence": "내부 서비스 계정과 서버 정보는 공개 문서에서 누출되지 않도록 통제하며 예시 내부 서비스 계정은 svc_assim_user 이고 내부 IP는 10.0.0.5 로 표기합니다.",
            "id": "sample_050_0018_000018",
            "annotations": [
                {
                    "word": "svc_assim_user",
                    "start": 54,
                    "end": 68,
                    "label": "기밀정보"
                },
                {
                    "word": "10.0.0.5",
                    "start": 79,
                    "end": 87,
                    "label": "기밀정보"
                }
            ]
        },
        {
            "sentence": "데이터의 불확실성 표시는 앙상블 평균, 표준편차, 신뢰구간(90% CI)을 포함해야 하며 예: ensemble_mean=281.2 K, ensemble_std=1.5 K, CI90=[278.4,284.0] K 로 보고합니다.",
            "id": "sample_050_0018_000019",
            "annotations": []
        },
        {
            "sentence": "앙상블 구성은 초기조건 불확실성·물리파라미터 변동을 포함하여 구성원 수와 생성 방법을 명시하고 예시로 51멤버(perturbed IC + stochastic physics)를 사용했습니다.",
            "id": "sample_050_0018_000020",
            "annotations": []
        },
        {
            "sentence": "극단 이벤트(예: 극심한 강수)는 원시 관측과 격자화된 모델 출력의 크로스검증으로 태깅하고 검증절차 및 출처(레이더, 관측망, 위성)를 기록합니다.",
            "id": "sample_050_0018_000021",
            "annotations": []
        },
        {
            "sentence": "검증 보고서는 EPS, RMSE, BIAS, POD, FAR 등의 지표와 사용된 관측 레퍼런스 목록(예: synthetic_station_001, synthetic_buoy_03)을 포함합니다.",
            "id": "sample_050_0018_000022",
            "annotations": []
        },
        {
            "sentence": "대용량 데이터 전송을 위해 NetCDF-4/HDF5의 chunking, zlib 압축(level=4), 병렬 IO(PNetCDF, MPI-IO) 및 차등전송(rsync --checksum) 전략을 권고합니다.",
            "id": "sample_050_0018_000023",
            "annotations": []
        },
        {
            "sentence": "실시간 예보 파이프라인의 지연요구는 수집에서 제공까지 5–60분 내로 지정되며 지연 초과시 자동 알림과 롤백 절차를 시행합니다.",
            "id": "sample_050_0018_000024",
            "annotations": []
        },
        {
            "sentence": "메타데이터 URL은 공개 접근 가능한 리포지터리로 제공하되 데이터 접근 권한은 별도 제어하며 예: https://data.example.org/metadata/050_0018 로 참조합니다.",
            "id": "sample_050_0018_000025",
            "annotations": []
        },
        {
            "sentence": "관측 장비의 교정·결함 기록은 instrument_type(thermometer, anemometer, radar), last_calibration_date, failure_log를 포함하여 저장합니다.",
            "id": "sample_050_0018_000026",
            "annotations": []
        },
        {
            "sentence": "재현성을 위해 실험설계 문서에는 초기조건 민감도 실험, 경계조건 변경 이력, 모델 버전 관리(GIT 해시 또는 릴리스 태그)를 명시합니다.",
            "id": "sample_050_0018_000027",
            "annotations": []
        },
        {
            "sentence": "데이터 보안 정책에 따라 내부 파일 경로 및 서비스 계정은 최소 권한 원칙으로 관리되어야 하며 예시 경로 '/srv/prod/model/initials/IC_v3.nc' 는 내부 참조용입니다.",
            "id": "sample_050_0018_000028",
            "annotations": [
                {
                    "word": "/srv/prod/model/initials/IC_v3.nc",
                    "start": 60,
                    "end": 93,
                    "label": "기밀정보"
                }
            ]
        },
        {
            "sentence": "운영 개선을 위한 액션 아이템으로는 메타데이터 표준화, 자동 QC 파이프라인 도입, 앙상블 리샘플링 정책 수립을 권고합니다.",
            "id": "sample_050_0018_000029",
            "annotations": []
        },
        {
            "sentence": "문의 및 접근 요청은 책임자 양영화에게 접수하며 내부 승인 후 접근 토큰이 발급됩니다.",
            "id": "sample_050_0018_000030",
            "annotations": [
                {
                    "word": "양영화",
                    "start": 16,
                    "end": 19,
                    "label": "개인정보"
                }
            ]
        }
    ]
}