{
    "document_id": "050_0042",
    "document_title": "기상 및 기후 모델링 종합 데이터 기술서",
    "data": [
        {
            "sentence": "본 문서는 관측 및 수치모델 출력의 메타데이터, 처리이력, QC, 앙상블 불확실성 및 전송 전략을 규정하며 모든 시간은 UTC ISO8601 기준으로 표기합니다.",
            "id": "sample_050_0042_000001",
            "annotations": []
        },
        {
            "sentence": "문서 생성일: 2025-01-01T00:00:00Z.",
            "id": "sample_050_0042_000002",
            "annotations": [
                {
                    "word": "2025-01-01T00:00:00Z",
                    "start": 8,
                    "end": 28,
                    "label": "준식별자"
                }
            ]
        },
        {
            "sentence": "데이터 책임자(담당자): 장종석, 소속: 연구개발부, 연락 방식은 내부 승인 후 제공됩니다.",
            "id": "sample_050_0042_000003",
            "annotations": [
                {
                    "word": "장종석",
                    "start": 14,
                    "end": 17,
                    "label": "개인정보"
                }
            ]
        },
        {
            "sentence": "검토 및 승인: 박클로이가 수행하였으며 문서 버전과 승인 일시는 provenance 로그에 기록됩니다.",
            "id": "sample_050_0042_000004",
            "annotations": [
                {
                    "word": "박클로이",
                    "start": 9,
                    "end": 13,
                    "label": "개인정보"
                }
            ]
        },
        {
            "sentence": "예시 지상관측 스테이션은 station_id 'synthetic_STN_001'로 표기되며 위치는 서울특별시 강남구, 위도 37.4979N, 경도 127.0276E, 고도 15 m로 기록됩니다.",
            "id": "sample_050_0042_000005",
            "annotations": [
                {
                    "word": "서울특별시 강남구",
                    "start": 55,
                    "end": 64,
                    "label": "준식별자"
                }
            ]
        },
        {
            "sentence": "관측 타임스탬프는 2024-12-31T12:00:00Z로 UTC ISO8601로 표기되며, 변수는 temperature(단위 K), 값 285.15, qc_flag 0, observation_platform surface_station, instrument_type automatic_weather_station로 기록됩니다.",
            "id": "sample_050_0042_000006",
            "annotations": [
                {
                    "word": "2024-12-31T12:00:00Z",
                    "start": 10,
                    "end": 30,
                    "label": "준식별자"
                }
            ]
        },
        {
            "sentence": "라디오존데 프로파일 예시는 타임스텝 00:00 UTC, 압력 레벨 1000–10 hPa, 변수에는 temperature, humidity, wind_u, wind_v가 포함됩니다.",
            "id": "sample_050_0042_000007",
            "annotations": []
        },
        {
            "sentence": "데이터 저장 서버 IP는 10.0.0.5로 내부망에 존재하며 외부 유출 금지 대상 기밀정보로 분류됩니다.",
            "id": "sample_050_0042_000008",
            "annotations": [
                {
                    "word": "10.0.0.5",
                    "start": 14,
                    "end": 22,
                    "label": "기밀정보"
                }
            ]
        },
        {
            "sentence": "초기조건 파일 경로 예시는 /data/private/model/init_20241231.nc로 내부 파일 경로는 기밀정보로 취급해야 합니다.",
            "id": "sample_050_0042_000009",
            "annotations": [
                {
                    "word": "/data/private/model/init_20241231.nc",
                    "start": 15,
                    "end": 51,
                    "label": "기밀정보"
                }
            ]
        },
        {
            "sentence": "수치예보 모델은 model_name GFS-synthetic_v1.2, model_version 1.2.0, 초기조건 파일 synthetic_INIT_20250101.nc, 앙상블 구성 20 members(ensemble_member 01–20)을 사용합니다.",
            "id": "sample_050_0042_000010",
            "annotations": []
        },
        {
            "sentence": "forecast_lead_time_hours는 0–240h 범위로 명시되고 valid_time은 각 멤버별로 UTC ISO8601로 표기됩니다.",
            "id": "sample_050_0042_000011",
            "annotations": []
        },
        {
            "sentence": "그리드 정의는 WGS84 위경도(projection: latlon), 해상도 0.25°×0.25°, 수직좌표는 압력고(hPa) 또는 표고(m)로 일관화됩니다.",
            "id": "sample_050_0042_000012",
            "annotations": []
        },
        {
            "sentence": "파일 포맷은 NetCDF 및 GRIB2를 기본으로 하며 Global attributes에 title, institution, source, history, references, Conventions를 포함해야 합니다.",
            "id": "sample_050_0042_000013",
            "annotations": []
        },
        {
            "sentence": "처리 레벨(processing_level)은 L0부터 L3까지 정의되며 provenance 로그와 processing_version을 NetCDF global attribute로 기록합니다.",
            "id": "sample_050_0042_000014",
            "annotations": []
        },
        {
            "sentence": "계기 교정(calibration) 정보, 결함(logbook) 및 휴먼 라벨링 정보는 instrument_metadata에 포함하고 결함 발생시 QC 플래그를 3으로 태깅합니다.",
            "id": "sample_050_0042_000015",
            "annotations": []
        },
        {
            "sentence": "데이터 동화(assimilation) 로그는 assimilation_log v2.0에 저장되며 관측 사전처리 단계, 오프셋 보정 및 관측 운영자 주석을 포함합니다.",
            "id": "sample_050_0042_000016",
            "annotations": []
        },
        {
            "sentence": "앙상블 불확실성은 멤버별 분포, 표준편차 및 95% 신뢰구간으로 정량화하며 ensemble_mean, ensemble_std, ci95 필드를 포함합니다.",
            "id": "sample_050_0042_000017",
            "annotations": []
        },
        {
            "sentence": "극값 처리 정책은 극단 강수와 폭풍 이벤트를 태깅하여 bias-correction과 수동 검증 절차를 거치도록 규정합니다.",
            "id": "sample_050_0042_000018",
            "annotations": []
        },
        {
            "sentence": "검증 절차는 ERA5 재분석과 관측 교차검증을 포함하며 검증 결과와 코드버전, 사용된 필터 파라미터를 문서화합니다.",
            "id": "sample_050_0042_000019",
            "annotations": []
        },
        {
            "sentence": "대용량 전송은 청크(chunk) 단위(추천 256×256 블록), zlib 압축, 체크섬, 병렬 스트리밍과 차등전송(delta transfer)을 조합하여 대역폭을 최적화합니다.",
            "id": "sample_050_0042_000020",
            "annotations": []
        },
        {
            "sentence": "실시간 예보 파이프라인의 지연(latency) 목표는 원자료 수신부터 처리·배포까지 5–60분 이내로 설정되어야 합니다.",
            "id": "sample_050_0042_000021",
            "annotations": []
        },
        {
            "sentence": "상업 위성 원자료는 라이선스 조건에 따라 접근 권한을 제어하며 라이선스 URL과 사용승인 정보를 메타데이터에 포함해야 합니다.",
            "id": "sample_050_0042_000022",
            "annotations": []
        },
        {
            "sentence": "데이터 공개·배포 시 민감 데이터는 마스킹하거나 요약 통계만 공개하고 상업위성 원자료는 접근 로그를 별도 보관합니다.",
            "id": "sample_050_0042_000023",
            "annotations": []
        },
        {
            "sentence": "데이터 접근은 승인자 전명호의 서면 승인을 필요로 하며 접근 기록은 감사 로그에 보존됩니다.",
            "id": "sample_050_0042_000024",
            "annotations": [
                {
                    "word": "전명호",
                    "start": 12,
                    "end": 15,
                    "label": "개인정보"
                }
            ]
        },
        {
            "sentence": "참고 문헌 및 메타데이터 URL은 https://metadata.example.org/dataset/050_0042로 public access를 지원하며 모든 파일은 processing_level과 checksum을 포함합니다.",
            "id": "sample_050_0042_000025",
            "annotations": []
        }
    ]
}