﻿word,document,sentence,label
남주일,050_0001,sample_050_0001_000022,개인정보
synthetic_0001,050_0001,sample_050_0001_000023,개인정보
1985-07-13,050_0001,sample_050_0001_000023,준식별자
남성,050_0001,sample_050_0001_000023,준식별자
서울특별시 강남구,050_0001,sample_050_0001_000023,준식별자
국립기상연구소,050_0001,sample_050_0001_000024,준식별자
10.10.10.55,050_0001,sample_050_0001_000025,기밀정보
/data/private/model_init/rc_20250101.nc,050_0001,sample_050_0001_000025,기밀정보
https://intranet.local/internal_dashboard,050_0001,sample_050_0001_000025,기밀정보
성선화,050_0002,sample_050_0002_000002,개인정보
국립기상연구소,050_0002,sample_050_0002_000002,준식별자
허민형,050_0002,sample_050_0002_000003,개인정보
남성,050_0002,sample_050_0002_000003,준식별자
2026-01-07T12:00:00Z,050_0002,sample_050_0002_000003,준식별자
2026-01-08T00:00:00Z,050_0002,sample_050_0002_000004,준식별자
2026-01-08T06:00:00Z,050_0002,sample_050_0002_000006,준식별자
/data/private/model/initial_conditions_v1.2.nc,050_0002,sample_050_0002_000011,기밀정보
김진,050_0002,sample_050_0002_000012,개인정보
1990-12-01T08:00:00Z,050_0002,sample_050_0002_000012,준식별자
/srv/assim/logs/assimil_v2.0.log,050_0002,sample_050_0002_000015,기밀정보
2019-01-15,050_0002,sample_050_0002_000016,준식별자
2025-12-31,050_0002,sample_050_0002_000016,준식별자
https://internal.example.com/reports/val_2026_v1.pdf,050_0002,sample_050_0002_000018,기밀정보
/opt/storage/forecast/2026/forecast_20260108_06Z.nc,050_0002,sample_050_0002_000021,기밀정보
윤현오,050_0002,sample_050_0002_000022,개인정보
서울특별시 종로구,050_0002,sample_050_0002_000023,준식별자
vpn.internal.example.com,050_0002,sample_050_0002_000025,기밀정보
주정안,050_0002,sample_050_0002_000026,개인정보
2026-01-08T12:30:00Z,050_0002,sample_050_0002_000026,준식별자
원미소,050_0003,sample_050_0003_000026,개인정보
여성,050_0003,sample_050_0003_000026,준식별자
1985-04-12,050_0003,sample_050_0003_000026,준식별자
연구원,050_0003,sample_050_0003_000026,준식별자
192.168.100.10,050_0003,sample_050_0003_000025,기밀정보
/mnt/prod/models/run_20260101,050_0003,sample_050_0003_000025,기밀정보
https://internal.example.com/provenance/20260101,050_0003,sample_050_0003_000025,기밀정보
https://intranet.local/metadata/050_0004,050_0004,sample_050_0004_000009,기밀정보
임희우,050_0004,sample_050_0004_000010,개인정보
20204567,050_0004,sample_050_0004_000011,개인정보
1985,050_0004,sample_050_0004_000012,준식별자
07,050_0004,sample_050_0004_000012,준식별자
12,050_0004,sample_050_0004_000012,준식별자
남,050_0004,sample_050_0004_000012,준식별자
서울특별시,050_0004,sample_050_0004_000013,준식별자
중구,050_0004,sample_050_0004_000013,준식별자
을지로1가,050_0004,sample_050_0004_000013,준식별자
192.168.100.12,050_0004,sample_050_0004_000014,기밀정보
/srv/data/assimilation/run_20260101.log,050_0004,sample_050_0004_000015,기밀정보
vpn.internal.example,050_0004,sample_050_0004_000016,기밀정보
ABCD-1234-EFGH,050_0004,sample_050_0004_000017,기밀정보
임희우,050_0004,sample_050_0004_000027,개인정보
성서주,050_0005,sample_050_0005_000003,개인정보
1980,050_0005,sample_050_0005_000003,준식별자
05,050_0005,sample_050_0005_000003,준식별자
12,050_0005,sample_050_0005_000003,준식별자
고윤경,050_0005,sample_050_0005_000004,개인정보
서울특별시,050_0005,sample_050_0005_000004,준식별자
종로구,050_0005,sample_050_0005_000004,준식별자
SYNTH-LIC-0001,050_0005,sample_050_0005_000009,기밀정보
10.0.0.5,050_0005,sample_050_0005_000015,기밀정보
https://internal.example.local/assimilation,050_0005,sample_050_0005_000015,기밀정보
/srv/prod/assimilation/logs/2025-01-15.log,050_0005,sample_050_0005_000015,기밀정보
장기원,050_0005,sample_050_0005_000026,개인정보
신정우,050_0006,sample_050_0006_000025,개인정보
https://intranet.example.org/metadata/050_0006,050_0006,sample_050_0006_000026,기밀정보
/data/private/model_runs/050_0006/initial.nc,050_0006,sample_050_0006_000027,기밀정보
10.10.0.12,050_0006,sample_050_0006_000028,기밀정보
admin_050,050_0006,sample_050_0006_000028,기밀정보
천민후,050_0007,sample_050_0007_000024,개인정보
하성광,050_0007,sample_050_0007_000024,개인정보
윤민영,050_0007,sample_050_0007_000024,개인정보
/srv/model/run/secret_config.cfg,050_0007,sample_050_0007_000025,기밀정보
10.0.0.5,050_0007,sample_050_0007_000025,기밀정보
허한민,050_0008,sample_050_0008_000026,개인정보
hhmin@synthetic_org.kr,050_0008,sample_050_0008_000026,개인정보
사번 2024-0001,050_0008,sample_050_0008_000026,개인정보
1985-07-23,050_0008,sample_050_0008_000026,준식별자
남성,050_0008,sample_050_0008_000026,준식별자
서울특별시,050_0008,sample_050_0008_000026,준식별자
기상연구소,050_0008,sample_050_0008_000026,준식별자
송성철,050_0008,sample_050_0008_000027,개인정보
https://internal.example.org/forecast_repo,050_0008,sample_050_0008_000017,기밀정보
/srv/private/model_init/rc_20240101.nc,050_0008,sample_050_0008_000018,기밀정보
192.168.10.5,050_0008,sample_050_0008_000018,기밀정보
vpn.internal.example,050_0008,sample_050_0008_000018,기밀정보
양민,050_0009,sample_050_0009_000025,개인정보
/srv/internal/data/model/init_20251101.nc,050_0009,sample_050_0009_000026,기밀정보
10.10.10.5,050_0009,sample_050_0009_000027,기밀정보
홍승권,050_0010,sample_050_0010_000020,개인정보
하은솔,050_0010,sample_050_0010_000028,개인정보
1985-06-12,050_0010,sample_050_0010_000021,준식별자
https://internal-api.nims.local/ingest,050_0010,sample_050_0010_000022,기밀정보
/srv/internal/initial_conditions/IC_20260107_v2.nc,050_0010,sample_050_0010_000023,기밀정보
김동진,050_0012,sample_050_0012_000006,개인정보
synthetic_staff_0001,050_0012,sample_050_0012_000006,개인정보
1985-06-12,050_0012,sample_050_0012_000007,준식별자
10.8.32.12,050_0012,sample_050_0012_000010,기밀정보
http://intranet.local/assim,050_0012,sample_050_0012_000010,기밀정보
/internal/assim/logs/2026/assimil.log,050_0012,sample_050_0012_000010,기밀정보
/srv/internal/assim/init_files/private_init_20260101.nc,050_0012,sample_050_0012_000012,기밀정보
남보정,050_0013,sample_050_0013_000024,개인정보
사번: 20231234,050_0013,sample_050_0013_000024,개인정보
연락처: +82-10-1234-5678,050_0013,sample_050_0013_000024,개인정보
성별: 남,050_0013,sample_050_0013_000025,준식별자
생년월일: 1985-07-12,050_0013,sample_050_0013_000025,준식별자
시/군/구: 서울특별시 종로구,050_0013,sample_050_0013_000025,준식별자
assimilation_log: /srv/prod/assimilation/run_20251130.log,050_0013,sample_050_0013_000014,기밀정보
내부 파일 경로: /opt/repos/model/experiment,050_0013,sample_050_0013_000023,기밀정보
서버: 10.0.0.5,050_0013,sample_050_0013_000026,기밀정보
비공개 URL: http://internal.example.local/secret,050_0013,sample_050_0013_000026,기밀정보
내부 파일 경로: /srv/prod/assimilation/secret_config.yml,050_0013,sample_050_0013_000027,기밀정보
부산광역시 해운대구,050_0014,sample_050_0014_000003,준식별자
https://internal.svc.local/assimilation/2024/run_01.log,050_0014,sample_050_0014_000014,기밀정보
10.0.0.5,050_0014,sample_050_0014_000014,기밀정보
황명후,050_0014,sample_050_0014_000025,개인정보
국가중기센터,050_0014,sample_050_0014_000026,준식별자
우훤,050_0015,sample_050_0015_000022,개인정보
1985,050_0015,sample_050_0015_000023,준식별자
06,050_0015,sample_050_0015_000023,준식별자
15,050_0015,sample_050_0015_000023,준식별자
서울특별시,050_0015,sample_050_0015_000024,준식별자
/srv/internal/model_init/seed.nc,050_0015,sample_050_0015_000025,기밀정보
10.0.0.5,050_0015,sample_050_0015_000025,기밀정보
https://intranet.meteo.local/provenance/050_0015,050_0015,sample_050_0015_000026,기밀정보
10.10.5.12,050_0016,sample_050_0016_000020,기밀정보
/srv/internal/assimilation/logs/2026/rcv.log,050_0016,sample_050_0016_000020,기밀정보
http://internal.company.local/prov,050_0016,sample_050_0016_000020,기밀정보
전종우,050_0016,sample_050_0016_000026,개인정보
사번 2024-001,050_0016,sample_050_0016_000026,개인정보
노종학,050_0016,sample_050_0016_000027,개인정보
사번 2024-002,050_0016,sample_050_0016_000027,개인정보
1980-07-15,050_0016,sample_050_0016_000028,준식별자
부산광역시 해운대구,050_0016,sample_050_0016_000029,준식별자
대한민국,050_0016,sample_050_0016_000030,준식별자
손채아,050_0017,sample_050_0017_000025,개인정보
고제인,050_0017,sample_050_0017_000025,개인정보
10.0.42.17,050_0017,sample_050_0017_000026,기밀정보
/srv/prod/assimilation/ic_v2.3.nc,050_0017,sample_050_0017_000017,기밀정보
/data/private/assimilation/logs/assimilation_log_v1.4.txt,050_0017,sample_050_0017_000016,기밀정보
양영화,050_0018,sample_050_0018_000014,개인정보
yangyounghwa@synthetic.example,050_0018,sample_050_0018_000015,개인정보
commercial_sat_data_v2 (license: restricted),050_0018,sample_050_0018_000017,기밀정보
svc_assim_user,050_0018,sample_050_0018_000018,기밀정보
10.0.0.5,050_0018,sample_050_0018_000018,기밀정보
/srv/prod/model/initials/IC_v3.nc,050_0018,sample_050_0018_000013,기밀정보
/srv/prod/model/initials/IC_v3.nc,050_0018,sample_050_0018_000028,기밀정보
양영화,050_0018,sample_050_0018_000030,개인정보
민범진,050_0019,sample_050_0019_000007,개인정보
박미나,050_0019,sample_050_0019_000017,개인정보
강시안,050_0019,sample_050_0019_000018,개인정보
주수석,050_0019,sample_050_0019_000030,개인정보
https://internal.nwp.local/prov/050_0019,050_0019,sample_050_0019_000009,기밀정보
/srv/private/forecast/050_0019,050_0019,sample_050_0019_000010,기밀정보
admin_050,050_0019,sample_050_0019_000011,기밀정보
10.10.10.5,050_0019,sample_050_0019_000012,기밀정보
권길현,050_0020,sample_050_0020_000022,개인정보
국립기상연구원,050_0020,sample_050_0020_000023,준식별자
서울특별시 종로구,050_0020,sample_050_0020_000023,준식별자
192.0.2.10,050_0020,sample_050_0020_000024,기밀정보
/srv/data/model/initial/IC_v1.2.nc,050_0020,sample_050_0020_000025,기밀정보
http://internal.example.local/provenance,050_0020,sample_050_0020_000026,기밀정보
조래아,050_0021,sample_050_0021_000016,개인정보
joraea@research.example.com,050_0021,sample_050_0021_000016,개인정보
+82-10-1234-5678,050_0021,sample_050_0021_000016,개인정보
20231234,050_0021,sample_050_0021_000016,개인정보
남성,050_0021,sample_050_0021_000017,준식별자
1990-05-20,050_0021,sample_050_0021_000017,준식별자
서울특별시 중구,050_0021,sample_050_0021_000018,준식별자
10.0.0.5,050_0021,sample_050_0021_000019,기밀정보
/srv/private/init/obs_init_v1.2.nc,050_0021,sample_050_0021_000020,기밀정보
https://internal.weather.local/metadata/123,050_0021,sample_050_0021_000021,기밀정보
정종필,050_0021,sample_050_0021_000022,개인정보
배재하,050_0021,sample_050_0021_000027,개인정보
주성용,050_0022,sample_050_0022_000012,개인정보
ju_seongyong@synthetic.org,050_0022,sample_050_0022_000013,개인정보
서울특별시,050_0022,sample_050_0022_000014,준식별자
강남구,050_0022,sample_050_0022_000014,준식별자
1985-06-23,050_0022,sample_050_0022_000015,준식별자
남성,050_0022,sample_050_0022_000015,준식별자
/mnt/secure/model_runs/run_20240115/initial_conditions.nc,050_0022,sample_050_0022_000008,기밀정보
https://intranet.internal.meteo.local/provenance/1234,050_0022,sample_050_0022_000011,기밀정보
192.168.0.18,050_0022,sample_050_0022_000016,기밀정보
API_KEY=ABC123SECRET,050_0022,sample_050_0022_000017,기밀정보
registry.internal.meteo/model:v1.2.3,050_0022,sample_050_0022_000018,기밀정보
고재훈,050_0023,sample_050_0023_000003,개인정보
서울특별시,050_0023,sample_050_0023_000004,준식별자
강남구,050_0023,sample_050_0023_000004,준식별자
http://internal.ncserver.local/data,050_0023,sample_050_0023_000013,기밀정보
10.10.10.5,050_0023,sample_050_0023_000013,기밀정보
admin_service,050_0023,sample_050_0023_000014,기밀정보
김진이,050_0024,sample_050_0024_000003,개인정보
허문현,050_0024,sample_050_0024_000003,개인정보
민준후,050_0024,sample_050_0024_000004,개인정보
경기도,050_0024,sample_050_0024_000006,준식별자
성남시,050_0024,sample_050_0024_000006,준식별자
분당구,050_0024,sample_050_0024_000006,준식별자
2025,050_0024,sample_050_0024_000002,준식별자
12,050_0024,sample_050_0024_000002,준식별자
31,050_0024,sample_050_0024_000002,준식별자
2026,050_0024,sample_050_0024_000008,준식별자
01,050_0024,sample_050_0024_000008,준식별자
01,050_0024,sample_050_0024_000008,준식별자
s3://internal-bucket/private/forecast_init_v2.nc,050_0024,sample_050_0024_000011,기밀정보
10.0.0.5,050_0024,sample_050_0024_000012,기밀정보
svc_meteo,050_0024,sample_050_0024_000013,기밀정보
2025,050_0024,sample_050_0024_000016,준식별자
12,050_0024,sample_050_0024_000016,준식별자
31,050_0024,sample_050_0024_000016,준식별자
2025,050_0024,sample_050_0024_000022,준식별자
06,050_0024,sample_050_0024_000022,준식별자
15,050_0024,sample_050_0024_000022,준식별자
천열음,050_0024,sample_050_0024_000024,개인정보
백현욱,050_0024,sample_050_0024_000026,개인정보
2026,050_0024,sample_050_0024_000027,준식별자
01,050_0024,sample_050_0024_000027,준식별자
05,050_0024,sample_050_0024_000027,준식별자
/srv/data/private/forecast/2025/run01/output.nc,050_0024,sample_050_0024_000028,기밀정보
유여민,050_0024,sample_050_0024_000029,개인정보
엄명순,050_0024,sample_050_0024_000029,개인정보
허수윤,050_0025,sample_050_0025_000019,개인정보
010-9999-0000,050_0025,sample_050_0025_000019,개인정보
hsy@synthetic.org,050_0025,sample_050_0025_000019,개인정보
황성화,050_0025,sample_050_0025_000019,개인정보
1985-07-12,050_0025,sample_050_0025_000020,준식별자
남성,050_0025,sample_050_0025_000020,준식별자
/srv/internal/assim/assim_v2.3.nc,050_0025,sample_050_0025_000021,기밀정보
192.168.100.12,050_0025,sample_050_0025_000021,기밀정보
https://vpn.internal.local,050_0025,sample_050_0025_000021,기밀정보
강수석,050_0026,sample_050_0026_000004,개인정보
1985-07-12,050_0026,sample_050_0026_000005,준식별자
10.0.0.5,050_0026,sample_050_0026_000010,기밀정보
/data/internal/processing/ingest.sh,050_0026,sample_050_0026_000010,기밀정보
/srv/prod/models/050_0027/initial_conditions.nc,050_0027,sample_050_0027_000008,기밀정보
https://internal.company.local/metadata/050_0027,050_0027,sample_050_0027_000011,기밀정보
/srv/prod/assim_logs/assim_20260107_v3.log,050_0027,sample_050_0027_000012,기밀정보
ops@synthetic.org,050_0027,sample_050_0027_000016,개인정보
서상연,050_0027,sample_050_0027_000020,개인정보
서상연,050_0027,sample_050_0027_000021,개인정보
1987-04-15,050_0027,sample_050_0027_000021,준식별자
남성,050_0027,sample_050_0027_000021,준식별자
서울특별시,050_0027,sample_050_0027_000021,준식별자
10.0.4.12,050_0027,sample_050_0027_000024,기밀정보
vpn.internal.example.local,050_0027,sample_050_0027_000025,기밀정보
강민철,050_0028,sample_050_0028_000005,개인정보
kang.mincheol@synthetic_org.kr,050_0028,sample_050_0028_000005,개인정보
10.10.10.5,050_0028,sample_050_0028_000012,기밀정보
/srv/internal/data/grib2/private_orog.nc,050_0028,sample_050_0028_000013,기밀정보
원범규,050_0029,sample_050_0029_000003,개인정보
won@kmri.example,050_0029,sample_050_0029_000003,개인정보
+82-10-1234-5678,050_0029,sample_050_0029_000003,개인정보
1985-07-23,050_0029,sample_050_0029_000003,준식별자
한국기상연구원,050_0029,sample_050_0029_000003,준식별자
서울특별시 종로구,050_0029,sample_050_0029_000003,준식별자
https://internal.kweather.local/prov/exp123,050_0029,sample_050_0029_000018,기밀정보
/srv/internal/models/nwp_v3/config.yaml,050_0029,sample_050_0029_000019,기밀정보
10.8.0.12,050_0029,sample_050_0029_000020,기밀정보
신연석,050_0030,sample_050_0030_000004,개인정보
/srv/data/private/model_init_v1.nc,050_0030,sample_050_0030_000006,기밀정보
민다비,050_0031,sample_050_0031_000026,개인정보
임지운,050_0031,sample_050_0031_000027,개인정보
서울특별시 중구,050_0031,sample_050_0031_000007,준식별자
부산광역시 해운대구,050_0031,sample_050_0031_000007,준식별자
CONTRACT-2023-07,050_0031,sample_050_0031_000021,기밀정보
/data/prod/assimilation/run1234/nc,050_0031,sample_050_0031_000022,기밀정보
https://internal.example.org/provenance/assim_v2,050_0031,sample_050_0031_000022,기밀정보
10.0.0.5,050_0031,sample_050_0031_000023,기밀정보
강혜란,050_0032,sample_050_0032_000002,개인정보
gh.ran@example.com,050_0032,sample_050_0032_000002,개인정보
010-1234-5678,050_0032,sample_050_0032_000002,개인정보
https://internal.example.com/datasets/sat_raw,050_0032,sample_050_0032_000009,기밀정보
/opt/internal/assim_logs/assim_20251201.log,050_0032,sample_050_0032_000014,기밀정보
10.10.0.5,050_0032,sample_050_0032_000021,기밀정보
https://internal.example.com/protected/data,050_0032,sample_050_0032_000021,기밀정보
admin_user,050_0032,sample_050_0032_000022,기밀정보
정준환,050_0032,sample_050_0032_000023,개인정보
1978-03-05,050_0032,sample_050_0032_000023,준식별자
서울특별시 강남구,050_0032,sample_050_0032_000023,준식별자
/srv/git/private/repo,050_0032,sample_050_0032_000026,기밀정보
data.request@agency.example.org,050_0032,sample_050_0032_000028,개인정보
윤예란,050_0034,sample_050_0034_000004,개인정보
송보아,050_0034,sample_050_0034_000005,개인정보
sbo@synthetic.example,050_0034,sample_050_0034_000005,개인정보
1985-06-12,050_0034,sample_050_0034_000005,준식별자
여성,050_0034,sample_050_0034_000005,준식별자
서울특별시,050_0034,sample_050_0034_000006,준식별자
종로구,050_0034,sample_050_0034_000006,준식별자
10.0.0.5,050_0034,sample_050_0034_000010,기밀정보
/srv/private/obs/20251101/,050_0034,sample_050_0034_000010,기밀정보
https://intranet.internal.local/proc/approval,050_0034,sample_050_0034_000010,기밀정보
admin_model,050_0034,sample_050_0034_000011,기밀정보
문성헌,050_0034,sample_050_0034_000012,개인정보
/data/assimilation/logs/run_20260108.log,050_0035,sample_050_0035_000015,기밀정보
https://intranet.internal.local/secure,050_0035,sample_050_0035_000022,기밀정보
10.0.0.12,050_0035,sample_050_0035_000023,기밀정보
/srv/prod/assimilation/private_credentials.cfg,050_0035,sample_050_0035_000023,기밀정보
하승미,050_0035,sample_050_0035_000024,개인정보
20230045,050_0035,sample_050_0035_000024,개인정보
여성,050_0035,sample_050_0035_000026,준식별자
1985-07-21,050_0035,sample_050_0035_000026,준식별자
춘천시,050_0035,sample_050_0035_000026,준식별자
강규현,050_0035,sample_050_0035_000027,개인정보
ganggyuhyun@synthetic.local,050_0035,sample_050_0035_000027,개인정보
2026-01-08T12:00:00Z,050_0036,sample_050_0036_000002,준식별자
2026-01-08T06:00:00Z,050_0036,sample_050_0036_000003,준식별자
2026-01-07T00:00:00Z,050_0036,sample_050_0036_000005,준식별자
2026-01-07T00:00:00Z,050_0036,sample_050_0036_000006,준식별자
2026-01-07T06:00:00Z,050_0036,sample_050_0036_000007,준식별자
2026-01-09T00:00:00Z,050_0036,sample_050_0036_000010,준식별자
2026-01-08T00:00:00Z,050_0036,sample_050_0036_000012,준식별자
정해리,050_0036,sample_050_0036_000004,개인정보
서울특별시 종로구,050_0037,sample_050_0037_000006,준식별자
박지섭,050_0037,sample_050_0037_000008,개인정보
park.jisub@agency.example,050_0037,sample_050_0037_000008,개인정보
https://internal.kma.local/provenance/assimil,050_0037,sample_050_0037_000012,기밀정보
10.8.0.12,050_0037,sample_050_0037_000012,기밀정보
/srv/data/private/assimilation/logs/20260108.log,050_0037,sample_050_0037_000012,기밀정보
admin_kma,050_0037,sample_050_0037_000012,기밀정보
김인재,050_0038,sample_050_0038_000005,개인정보
유성영,050_0038,sample_050_0038_000006,개인정보
10.0.0.5,050_0038,sample_050_0038_000012,기밀정보
/srv/forecast/private/ICs_v2.nc,050_0038,sample_050_0038_000013,기밀정보
vpn.internal.example,050_0038,sample_050_0038_000014,기밀정보
/etc/keys/server_private_key.pem,050_0038,sample_050_0038_000015,기밀정보
전민형,050_0039,sample_050_0039_000003,개인정보
공서정,050_0039,sample_050_0039_000015,개인정보
황상민,050_0039,sample_050_0039_000030,개인정보
홍관우,050_0040,sample_050_0040_000003,개인정보
hong.kanwoo@example.org,050_0040,sample_050_0040_000003,개인정보
02-1234-5678,050_0040,sample_050_0040_000003,개인정보
엄나민,050_0040,sample_050_0040_000026,개인정보
진수현,050_0040,sample_050_0040_000029,개인정보
서울특별시 종로구 사직로 123,050_0040,sample_050_0040_000009,개인정보
/srv/internal/model_runs/exp42/results.nc,050_0040,sample_050_0040_000027,기밀정보
10.0.0.5,050_0040,sample_050_0040_000028,기밀정보
https://internal.example.local/model/docs,050_0040,sample_050_0040_000028,기밀정보
PRJ-2026-001,050_0040,sample_050_0040_000029,기밀정보
주효석,050_0041,sample_050_0041_000029,개인정보
주효석,050_0041,sample_050_0041_000030,개인정보
채희승,050_0041,sample_050_0041_000030,개인정보
안규연,050_0041,sample_050_0041_000030,개인정보
2025-01-01T00:00:00Z,050_0042,sample_050_0042_000002,준식별자
장종석,050_0042,sample_050_0042_000003,개인정보
박클로이,050_0042,sample_050_0042_000004,개인정보
서울특별시 강남구,050_0042,sample_050_0042_000005,준식별자
2024-12-31T12:00:00Z,050_0042,sample_050_0042_000006,준식별자
10.0.0.5,050_0042,sample_050_0042_000008,기밀정보
/data/private/model/init_20241231.nc,050_0042,sample_050_0042_000009,기밀정보
전명호,050_0042,sample_050_0042_000024,개인정보
지연서,050_0043,sample_050_0043_000006,개인정보
synthetic_jys@synthetic.example.org,050_0043,sample_050_0043_000007,개인정보
010-0000-0000,050_0043,sample_050_0043_000007,개인정보
주승윤,050_0043,sample_050_0043_000015,개인정보
https://internal.metadb.local/provenance,050_0043,sample_050_0043_000025,기밀정보
10.10.10.2,050_0043,sample_050_0043_000025,기밀정보
/var/secure/assim/level2/expA_v3.nc,050_0043,sample_050_0043_000025,기밀정보
황채연,050_0044,sample_050_0044_000020,개인정보
황채연,050_0044,sample_050_0044_000021,개인정보
진형섭,050_0044,sample_050_0044_000022,개인정보
1985-07-12,050_0044,sample_050_0044_000023,준식별자
여성,050_0044,sample_050_0044_000024,준식별자
10.10.32.5,050_0044,sample_050_0044_000025,기밀정보
/srv/obs/raw/2025/,050_0044,sample_050_0044_000025,기밀정보
https://intranet.nwp.local/datasets/secure,050_0044,sample_050_0044_000026,기밀정보
123-45-678901,050_0044,sample_050_0044_000027,기밀정보
노문현,050_0045,sample_050_0045_000010,개인정보
서울특별시 종로구,050_0045,sample_050_0045_000006,준식별자
2025-05-15,050_0045,sample_050_0045_000012,준식별자
/srv/private/model/forecast_v3,050_0045,sample_050_0045_000020,기밀정보
10.0.0.5,050_0045,sample_050_0045_000021,기밀정보
구경태,050_0046,sample_050_0046_000003,개인정보
내부 서버 IP: 10.0.0.5,050_0047,sample_050_0047_000025,기밀정보
비공개 URL: https://internal.example.local/model_repo,050_0047,sample_050_0047_000026,기밀정보
VPN 주소: vpn.internal.example.local,050_0047,sample_050_0047_000026,기밀정보
계좌번호: 123-456-789,050_0047,sample_050_0047_000029,기밀정보
생년월일: 1985-07-13,050_0047,sample_050_0047_000027,준식별자
성별: 남,050_0047,sample_050_0047_000027,준식별자
주소: 서울특별시 강남구,050_0047,sample_050_0047_000027,준식별자
사번: 20230456,050_0047,sample_050_0047_000028,개인정보
작성자: 채지오,050_0047,sample_050_0047_000030,개인정보
검토자: 권서영,050_0047,sample_050_0047_000030,개인정보
우대영,050_0048,sample_050_0048_000025,개인정보
서울특별시 강남구,050_0048,sample_050_0048_000025,준식별자
10.8.0.12,050_0048,sample_050_0048_000024,기밀정보
/srv/prod/model_initials_v2.nc,050_0048,sample_050_0048_000024,기밀정보
model_user,050_0048,sample_050_0048_000026,기밀정보
윤승석,050_0049,sample_050_0049_000003,개인정보
010-0000-0001,050_0049,sample_050_0049_000003,개인정보
synthetic_email_01@synthetic.example,050_0049,sample_050_0049_000003,개인정보
부산광역시,050_0049,sample_050_0049_000005,준식별자
해운대구,050_0049,sample_050_0049_000005,준식별자
2025-11-15T00:00:00Z,050_0049,sample_050_0049_000006,준식별자
https://internal.repo.local/forecast/050_0049,050_0049,sample_050_0049_000008,기밀정보
s3://private-bucket/internal/050_0049,050_0049,sample_050_0049_000008,기밀정보
10.0.4.12,050_0049,sample_050_0049_000008,기밀정보
svc_forecast,050_0049,sample_050_0049_000008,기밀정보
2025-11-15T02:45:00Z,050_0049,sample_050_0049_000012,준식별자
/srv/forecast/prod/050_0049/processing.log,050_0049,sample_050_0049_000015,기밀정보
https://internal.repo.local/metadata/050_0049/assimilate.log,050_0049,sample_050_0049_000020,기밀정보
엄정,050_0050,sample_050_0050_000001,개인정보
윤진서,050_0050,sample_050_0050_000001,개인정보
경기도 성남시 분당구,050_0050,sample_050_0050_000005,준식별자
/srv/models/prod/initial_conditions_v2.nc,050_0050,sample_050_0050_000010,기밀정보
10.8.0.12,050_0050,sample_050_0050_000010,기밀정보
한기주,050_0050,sample_050_0050_000022,개인정보
sftp://10.8.0.12/data/initial_conditions_v2.nc,050_0050,sample_050_0050_000026,기밀정보
10.8.0.12,050_0050,sample_050_0050_000026,기밀정보
윤진서,050_0050,sample_050_0050_000027,개인정보
이지니,050_0051,sample_050_0051_000003,개인정보
권해빈,050_0051,sample_050_0051_000004,개인정보
https://internal.prod.example.local/assim/2026/experimentA,050_0051,sample_050_0051_000019,기밀정보
양재하,050_0052,sample_050_0052_000005,개인정보
20204567,050_0052,sample_050_0052_000005,개인정보
나명희,050_0052,sample_050_0052_000008,개인정보
1984-07-12,050_0052,sample_050_0052_000012,준식별자
서울특별시 강남구,050_0052,sample_050_0052_000013,준식별자
10.0.0.12,050_0052,sample_050_0052_000017,기밀정보
/srv/internal/model/forecast_v1,050_0052,sample_050_0052_000017,기밀정보
vpn.internal.local,050_0052,sample_050_0052_000018,기밀정보
채민율,050_0053,sample_050_0053_000004,개인정보
박상윤,050_0053,sample_050_0053_000005,개인정보
심원찬,050_0053,sample_050_0053_000006,개인정보
2025001,050_0053,sample_050_0053_000006,개인정보
경기도 용인시 수지구,050_0053,sample_050_0053_000008,준식별자
/srv/internal/prod/assimilation/2025/assim_log_v1.nc,050_0053,sample_050_0053_000010,기밀정보
https://internal.met.prod/assimilate/logs/2025/,050_0053,sample_050_0053_000011,기밀정보
10.0.0.5,050_0053,sample_050_0053_000012,기밀정보
오효우,050_0054,sample_050_0054_000021,개인정보
장선예,050_0054,sample_050_0054_000021,개인정보
남진열,050_0054,sample_050_0054_000021,개인정보
백기훈,050_0054,sample_050_0054_000021,개인정보
/srv/prod/model_runs/run_20260101/initial_conditions.nc,050_0054,sample_050_0054_000020,기밀정보
10.254.0.12,050_0054,sample_050_0054_000020,기밀정보
vpn.internal.corp,050_0054,sample_050_0054_000020,기밀정보
1985-07-16,050_0054,sample_050_0054_000022,준식별자
민규동,050_0055,sample_050_0055_000023,개인정보
오건희,050_0055,sample_050_0055_000024,개인정보
백진이,050_0057,sample_050_0057_000002,개인정보
우강유,050_0057,sample_050_0057_000003,개인정보
서울특별시,050_0057,sample_050_0057_000005,준식별자
종로구,050_0057,sample_050_0057_000005,준식별자
https://internal.example.local/data/forecast_v1,050_0057,sample_050_0057_000008,기밀정보
10.0.0.5,050_0057,sample_050_0057_000008,기밀정보
/srv/private/data/forecast_v1.nc,050_0057,sample_050_0057_000008,기밀정보
data_ingest,050_0057,sample_050_0057_000015,기밀정보
심윤한,050_0058,sample_050_0058_000005,개인정보
최율이,050_0058,sample_050_0058_000005,개인정보
서울특별시,050_0058,sample_050_0058_000008,준식별자
종로구,050_0058,sample_050_0058_000008,준식별자
/srv/prod/model/IC_v1_20250101.nc,050_0058,sample_050_0058_000013,기밀정보
10.0.0.42,050_0058,sample_050_0058_000014,기밀정보
심윤한,050_0058,sample_050_0058_000018,개인정보
노대성,050_0058,sample_050_0058_000030,개인정보
하서아,050_0059,sample_050_0059_000002,개인정보
전용후,050_0059,sample_050_0059_000004,개인정보
황현도,050_0059,sample_050_0059_000006,개인정보
김광철,050_0059,sample_050_0059_000008,개인정보
서울특별시 강서구,050_0059,sample_050_0059_000010,준식별자
https://internal.wrf.local/prov,050_0059,sample_050_0059_000015,기밀정보
10.10.10.5,050_0059,sample_050_0059_000016,기밀정보
/srv/data/private/initial_conditions_v2.nc,050_0059,sample_050_0059_000017,기밀정보
/internal/docs/approval_chain.pdf,050_0059,sample_050_0059_000018,기밀정보
백루하,050_0060,sample_050_0060_000002,개인정보
류견후,050_0060,sample_050_0060_000028,개인정보
문가령,050_0061,sample_050_0061_000002,개인정보
munga@synthetic.org,050_0061,sample_050_0061_000002,개인정보
10.0.0.42,050_0061,sample_050_0061_000029,기밀정보
/srv/data/private/model_init_v1.nc,050_0061,sample_050_0061_000029,기밀정보
vpn.internal.example.com,050_0061,sample_050_0061_000030,기밀정보
https://internal.local/provenance/assimilation/2025-01-15,050_0062,sample_050_0062_000012,기밀정보
한경미,050_0062,sample_050_0062_000023,개인정보
20240012,050_0062,sample_050_0062_000023,개인정보
/srv/calibration/2025/thermistor_cal_011.pdf,050_0062,sample_050_0062_000023,기밀정보
서울특별시,050_0062,sample_050_0062_000026,준식별자
송파구,050_0062,sample_050_0062_000026,준식별자
10.0.4.12,050_0062,sample_050_0062_000027,기밀정보
배무영,050_0064,sample_050_0064_000002,개인정보
baemw@example.org,050_0064,sample_050_0064_000002,개인정보
S-2024-001,050_0064,sample_050_0064_000002,개인정보
1985-07-12,050_0064,sample_050_0064_000003,준식별자
남성,050_0064,sample_050_0064_000003,준식별자
서울특별시 종로구,050_0064,sample_050_0064_000003,준식별자
https://internal.company.local/data/initial_conditions,050_0064,sample_050_0064_000010,기밀정보
192.168.10.5,050_0064,sample_050_0064_000010,기밀정보
/srv/models/ic/v1.2/IC_20250101.nc,050_0064,sample_050_0064_000010,기밀정보
svc_wf_engine,050_0064,sample_050_0064_000011,기밀정보
https://internal.company.local/data/initial_conditions,050_0064,sample_050_0064_000030,기밀정보
svc_wf_engine,050_0064,sample_050_0064_000030,기밀정보
192.168.10.5,050_0064,sample_050_0064_000030,기밀정보
엄세아,050_0065,sample_050_0065_000003,개인정보
1985-07-12,050_0065,sample_050_0065_000004,준식별자
/data/prod/assim_v2/config.yml,050_0065,sample_050_0065_000025,기밀정보
10.0.0.5,050_0065,sample_050_0065_000025,기밀정보
심용석,050_0066,sample_050_0066_000006,개인정보
정여린,050_0066,sample_050_0066_000007,개인정보
synthetic_0001,050_0066,sample_050_0066_000008,개인정보
남,050_0066,sample_050_0066_000009,준식별자
1985,050_0066,sample_050_0066_000010,준식별자
06,050_0066,sample_050_0066_000011,준식별자
15,050_0066,sample_050_0066_000012,준식별자
서울특별시,050_0066,sample_050_0066_000013,준식별자
종로구,050_0066,sample_050_0066_000014,준식별자
한국기후연구원,050_0066,sample_050_0066_000015,준식별자
10.0.0.12,050_0066,sample_050_0066_000016,기밀정보
vpn.internal.example.org,050_0066,sample_050_0066_000017,기밀정보
/secure/prod/model/init/secret.nc,050_0066,sample_050_0066_000018,기밀정보
최강유,050_0067,sample_050_0067_000018,개인정보
synthetic_email@domain.test,050_0067,sample_050_0067_000018,개인정보
synthetic_0001,050_0067,sample_050_0067_000018,개인정보
여성,050_0067,sample_050_0067_000019,준식별자
1980,050_0067,sample_050_0067_000019,준식별자
05,050_0067,sample_050_0067_000019,준식별자
12,050_0067,sample_050_0067_000019,준식별자
서울특별시,050_0067,sample_050_0067_000019,준식별자
강남구,050_0067,sample_050_0067_000019,준식별자
synthetic_phone_01000000000,050_0067,sample_050_0067_000020,개인정보
10.0.0.5,050_0067,sample_050_0067_000021,기밀정보
/srv/internal/data/model/run_v3/,050_0067,sample_050_0067_000021,기밀정보
synthetic_LICENSE_KEY_01,050_0067,sample_050_0067_000021,기밀정보
https://internal.svc.local/prov,050_0067,sample_050_0067_000022,기밀정보
commercial_sat_license_ABC,050_0067,sample_050_0067_000023,기밀정보
임서인,050_0067,sample_050_0067_000025,개인정보
2026-01-08T00:00:00Z,050_0068,sample_050_0068_000002,준식별자
2026-01-08T06:00:00Z,050_0068,sample_050_0068_000004,준식별자
2026-01-08T00:00:00Z,050_0068,sample_050_0068_000005,준식별자
2026-01-08T00:00:00Z,050_0068,sample_050_0068_000011,준식별자
2026-01-09T00:00:00Z,050_0068,sample_050_0068_000014,준식별자
2026-01-08T00:05:00Z,050_0068,sample_050_0068_000009,준식별자
2026-01-08T00:05:00Z,050_0068,sample_050_0068_000020,준식별자
손지우,050_0069,sample_050_0069_000003,개인정보
sonjiwoo@synthetic.org,050_0069,sample_050_0069_000003,개인정보
사번: 2023-0456,050_0069,sample_050_0069_000003,개인정보
박나예,050_0069,sample_050_0069_000004,개인정보
서울특별시 강남구,050_0069,sample_050_0069_000006,준식별자
https://internal.nwp.local/050_0069,050_0069,sample_050_0069_000023,기밀정보
10.0.0.5,050_0069,sample_050_0069_000024,기밀정보
admin_vpn_01,050_0069,sample_050_0069_000024,기밀정보
우안나,050_0070,sample_050_0070_000005,개인정보
윤이서,050_0070,sample_050_0070_000006,개인정보
서울특별시 종로구,050_0070,sample_050_0070_000007,준식별자
10.0.0.5,050_0070,sample_050_0070_000008,기밀정보
sftp://internal.server.local/data,050_0070,sample_050_0070_000009,기밀정보
/srv/data/processed/050_0070.nc,050_0070,sample_050_0070_000010,기밀정보
정라영,050_0071,sample_050_0071_000003,개인정보
synthetic_contact@example.com,050_0071,sample_050_0071_000003,개인정보
/srv/data/private/initial_conditions_v2.nc,050_0071,sample_050_0071_000025,기밀정보
https://internal.agency.local/ingest,050_0071,sample_050_0071_000025,기밀정보
10.0.0.5,050_0071,sample_050_0071_000025,기밀정보
신그린,050_0072,sample_050_0072_000002,개인정보
권석진,050_0072,sample_050_0072_000003,개인정보
신그린@agency.kr,050_0072,sample_050_0072_000005,개인정보
10.0.8.12,050_0072,sample_050_0072_000012,기밀정보
/srv/proc/models/exp42/config.yaml,050_0072,sample_050_0072_000013,기밀정보
신태수,050_0072,sample_050_0072_000027,개인정보
서재연,050_0073,sample_050_0073_000004,개인정보
서울특별시 종로구,050_0073,sample_050_0073_000005,준식별자
http://internal.example.local/archive/model_outputs/001,050_0073,sample_050_0073_000010,기밀정보
/srv/secure/model_outputs/v1/,050_0073,sample_050_0073_000010,기밀정보
10.0.0.5,050_0073,sample_050_0073_000011,기밀정보
임은미,050_0074,sample_050_0074_000024,개인정보
이주미,050_0074,sample_050_0074_000025,개인정보
/srv/internal/model/initial_conditions_v1.nc,050_0074,sample_050_0074_000026,기밀정보
10.254.0.12,050_0074,sample_050_0074_000027,기밀정보
http://internal.example.local/metadata/050_0074,050_0074,sample_050_0074_000027,기밀정보
원희윤,050_0075,sample_050_0075_000003,개인정보
2025,050_0075,sample_050_0075_000005,준식별자
01,050_0075,sample_050_0075_000005,준식별자
08,050_0075,sample_050_0075_000005,준식별자
서울특별시,050_0075,sample_050_0075_000008,준식별자
종로구,050_0075,sample_050_0075_000008,준식별자
사직동,050_0075,sample_050_0075_000008,준식별자
file:///srv/internal/processing/logs/forecast_run_20250108.log,050_0075,sample_050_0075_000016,기밀정보
s3://internal.company/data/050_0075/metadata.json,050_0075,sample_050_0075_000027,기밀정보
차영화,050_0076,sample_050_0076_000026,개인정보
오기성,050_0076,sample_050_0076_000027,개인정보
류혜인,050_0076,sample_050_0076_000028,개인정보
이민건,050_0077,sample_050_0077_000005,개인정보
서울특별시 중구,050_0077,sample_050_0077_000026,준식별자
https://internal.ops.example.org/dataset/050_0077,050_0077,sample_050_0077_000003,기밀정보
10.0.0.5,050_0077,sample_050_0077_000004,기밀정보
/srv/internal/data/model/initial_conditions/IC_20250101.nc,050_0077,sample_050_0077_000004,기밀정보
/opt/nwp/initial/IC_v1.2.nc,050_0078,sample_050_0078_000010,기밀정보
https://internal.nwp.local/reports/verification_20260108.pdf,050_0078,sample_050_0078_000018,기밀정보
assimilation_log_v1.5.txt,050_0078,sample_050_0078_000015,기밀정보
10.10.0.5,050_0078,sample_050_0078_000025,기밀정보
/var/log/assimilation.log,050_0078,sample_050_0078_000025,기밀정보
허보현,050_0078,sample_050_0078_000023,개인정보
hbohyun@synthetic.example,050_0078,sample_050_0078_000023,개인정보
010-0000-0000,050_0078,sample_050_0078_000023,개인정보
오인숙,050_0078,sample_050_0078_000024,개인정보
윤윤채,050_0078,sample_050_0078_000024,개인정보
1988-05-12,050_0078,sample_050_0078_000024,준식별자
이래온,050_0078,sample_050_0078_000024,개인정보
허보현,050_0078,sample_050_0078_000030,개인정보
한민슬,050_0078,sample_050_0078_000030,개인정보
양연우,050_0079,sample_050_0079_000006,개인정보
배무건,050_0079,sample_050_0079_000007,개인정보
http://internal.kma.local/metadata/050_0079,050_0079,sample_050_0079_000010,기밀정보
/var/data/assimilation/run_2026-01-08.log,050_0079,sample_050_0079_000011,기밀정보
10.8.3.12,050_0079,sample_050_0079_000012,기밀정보
류로운,050_0080,sample_050_0080_000026,개인정보
10.0.0.12,050_0080,sample_050_0080_000027,기밀정보
/srv/data/prod/assimilation,050_0080,sample_050_0080_000027,기밀정보
http://internal.example.local/assimilation_log,050_0080,sample_050_0080_000027,기밀정보
민선빈,050_0081,sample_050_0081_000003,개인정보
minseonbin@synthetic_org.example,050_0081,sample_050_0081_000003,개인정보
+82-10-0000-0000,050_0081,sample_050_0081_000003,개인정보
수석 수치모델러,050_0081,sample_050_0081_000003,준식별자
차정,050_0081,sample_050_0081_000004,개인정보
남도겸,050_0081,sample_050_0081_000022,개인정보
"서울특별시 중구 세종대로 110, 우편번호 04524",050_0081,sample_050_0081_000022,개인정보
10.254.0.12,050_0081,sample_050_0081_000023,기밀정보
/srv/internal/db/assim_v2,050_0081,sample_050_0081_000023,기밀정보
vpn.internal.example,050_0081,sample_050_0081_000023,기밀정보
000-111-222-333,050_0081,sample_050_0081_000024,기밀정보
차진효,050_0081,sample_050_0081_000025,개인정보
우승표,050_0081,sample_050_0081_000025,개인정보
주도경,050_0081,sample_050_0081_000025,개인정보
한윤서,050_0082,sample_050_0082_000021,개인정보
천진환,050_0082,sample_050_0082_000030,개인정보
사번=synthetic_0001,050_0082,sample_050_0082_000021,개인정보
관측소 주소=서울특별시 종로구 사직로 1,050_0082,sample_050_0082_000021,개인정보
서울특별시,050_0082,sample_050_0082_000021,준식별자
종로구,050_0082,sample_050_0082_000021,준식별자
/srv/internal/private/model_runs/050_0082,050_0082,sample_050_0082_000023,기밀정보
https://intranet.internal.example/,050_0082,sample_050_0082_000023,기밀정보
10.0.0.99,050_0082,sample_050_0082_000023,기밀정보
백찬우,050_0083,sample_050_0083_000026,개인정보
2024-0001,050_0083,sample_050_0083_000026,개인정보
10.0.0.5,050_0083,sample_050_0083_000027,기밀정보
/srv/internal/model/ens_v1,050_0083,sample_050_0083_000028,기밀정보
https://internal.example.com/forecast,050_0083,sample_050_0083_000029,기밀정보
vpn.internal.example.com,050_0083,sample_050_0083_000030,기밀정보
구혁기,050_0084,sample_050_0084_000021,개인정보
guhyukgi@synthetic.local,050_0084,sample_050_0084_000022,개인정보
https://intranet.synthetic.nwp.local/processing/level2,050_0084,sample_050_0084_000023,기밀정보
10.0.0.5,050_0084,sample_050_0084_000024,기밀정보
/srv/data/prod/nwp/secret_init.nc,050_0084,sample_050_0084_000024,기밀정보
2026-01-08T00:00:00Z,050_0086,sample_050_0086_000002,준식별자
공석민,050_0086,sample_050_0086_000003,개인정보
gong.sm@synthetic.example.org,050_0086,sample_050_0086_000004,개인정보
사번: 2026001,050_0086,sample_050_0086_000005,개인정보
2026-01-07T12:00:00Z,050_0086,sample_050_0086_000008,준식별자
2026-01-07T00:00:00Z,050_0086,sample_050_0086_000009,준식별자
/srv/internal/model_runs/IC_v1.2/IC_20260108.nc,050_0086,sample_050_0086_000012,기밀정보
10.0.8.45,050_0086,sample_050_0086_000013,기밀정보
https://internal.example.org/metadata/run_050_0086,050_0086,sample_050_0086_000015,기밀정보
인천광역시 연수구,050_0086,sample_050_0086_000024,준식별자
2025-12-15T09:00:00Z,050_0086,sample_050_0086_000025,준식별자
안결,050_0086,sample_050_0086_000028,개인정보
공서호,050_0087,sample_050_0087_000032,개인정보
한초이,050_0087,sample_050_0087_000033,개인정보
/srv/data/prod/assim_logs/assim_v3.log,050_0088,sample_050_0088_000014,기밀정보
전영훈,050_0088,sample_050_0088_000017,개인정보
10.0.0.5,050_0088,sample_050_0088_000022,기밀정보
https://intranet.example.org/proj/weather,050_0088,sample_050_0088_000023,기밀정보
/srv/data/prod/forecast_v3/,050_0088,sample_050_0088_000024,기밀정보
서울특별시 서초구,050_0088,sample_050_0088_000025,준식별자
서성재,050_0088,sample_050_0088_000028,개인정보
박힘찬,050_0089,sample_050_0089_000003,개인정보
emp_02145,050_0089,sample_050_0089_000004,개인정보
박규미,050_0089,sample_050_0089_000023,개인정보
1985,050_0089,sample_050_0089_000024,준식별자
07,050_0089,sample_050_0089_000024,준식별자
12,050_0089,sample_050_0089_000024,준식별자
F,050_0089,sample_050_0089_000024,준식별자
서울특별시,050_0089,sample_050_0089_000024,준식별자
강남구,050_0089,sample_050_0089_000024,준식별자
/srv/forecast/prod/model_v1.2/run_2025-12-01,050_0089,sample_050_0089_000025,기밀정보
http://internal.nwp.local/login,050_0089,sample_050_0089_000025,기밀정보
10.0.0.5,050_0089,sample_050_0089_000025,기밀정보
dataops@synthetic.example,050_0089,sample_050_0089_000029,개인정보
/logs/assim/v2.3/assim_20250108.log,050_0090,sample_050_0090_000008,기밀정보
/srv/internal/station_catalog/private.csv,050_0090,sample_050_0090_000017,기밀정보
한희선,050_0090,sample_050_0090_000018,개인정보
00012345,050_0090,sample_050_0090_000018,개인정보
분석팀,050_0090,sample_050_0090_000018,준식별자
여성,050_0090,sample_050_0090_000019,준식별자
1985-07-14,050_0090,sample_050_0090_000019,준식별자
서울특별시,050_0090,sample_050_0090_000019,준식별자
종로구,050_0090,sample_050_0090_000019,준식별자
10.0.0.42,050_0090,sample_050_0090_000020,기밀정보
vpn.internal.example.com,050_0090,sample_050_0090_000020,기밀정보
https://intranet.internal.example.local/api/data,050_0090,sample_050_0090_000020,기밀정보
123-456-789012,050_0090,sample_050_0090_000026,기밀정보
하건웅,050_0090,sample_050_0090_000029,개인정보
황로이,050_0091,sample_050_0091_000015,개인정보
정주용,050_0091,sample_050_0091_000016,개인정보
서울특별시,050_0091,sample_050_0091_000017,준식별자
종로구,050_0091,sample_050_0091_000017,준식별자
http://internal.metadata.local/records/050_0091/manifest.html,050_0091,sample_050_0091_000025,기밀정보
10.10.10.5,050_0091,sample_050_0091_000026,기밀정보
/srv/internal/model_v2/output,050_0091,sample_050_0091_000026,기밀정보
calibration_log_v3.csv,050_0091,sample_050_0091_000027,기밀정보
https://internal.met.local/metadata/050_0092,050_0092,sample_050_0092_000005,기밀정보
양서현,050_0092,sample_050_0092_000024,개인정보
정규현,050_0092,sample_050_0092_000024,개인정보
/srv/model/initials/ic_2026-01-01.nc,050_0092,sample_050_0092_000025,기밀정보
10.0.8.12,050_0092,sample_050_0092_000026,기밀정보
양태리,050_0093,sample_050_0093_000025,개인정보
백보금,050_0093,sample_050_0093_000025,개인정보
서울특별시 강남구,050_0093,sample_050_0093_000026,준식별자
/internal/data/forecast/050_0093,050_0093,sample_050_0093_000024,기밀정보
vpn.internal.local,050_0093,sample_050_0093_000024,기밀정보
admin,050_0093,sample_050_0093_000024,기밀정보
10.0.0.15,050_0093,sample_050_0093_000024,기밀정보
박예라,050_0094,sample_050_0094_000016,개인정보
지대겸,050_0094,sample_050_0094_000017,개인정보
허수민,050_0094,sample_050_0094_000018,개인정보
010-0000-0001,050_0094,sample_050_0094_000018,개인정보
hsm@synthetic.local,050_0094,sample_050_0094_000018,개인정보
오해민,050_0094,sample_050_0094_000019,개인정보
1980-01-01,050_0094,sample_050_0094_000019,준식별자
서울특별시,050_0094,sample_050_0094_000020,준식별자
강남구,050_0094,sample_050_0094_000020,준식별자
10.10.10.5,050_0094,sample_050_0094_000021,기밀정보
/opt/internal/models/runA/,050_0094,sample_050_0094_000022,기밀정보
123-456789-000,050_0094,sample_050_0094_000023,기밀정보
https://internal.example.local/secure,050_0094,sample_050_0094_000024,기밀정보
박예라,050_0094,sample_050_0094_000025,개인정보
/srv/data/nwp/private/assimilations/v3.2/,050_0095,sample_050_0095_000021,기밀정보
https://intranet.meteo.internal/assimilate,050_0095,sample_050_0095_000022,기밀정보
10.0.0.12,050_0095,sample_050_0095_000023,기밀정보
서슬,050_0095,sample_050_0095_000024,개인정보
사번=20245,050_0095,sample_050_0095_000024,개인정보
차대석,050_0095,sample_050_0095_000025,개인정보
사번=20246,050_0095,sample_050_0095_000025,개인정보
황영후,050_0096,sample_050_0096_000016,개인정보
지은유,050_0096,sample_050_0096_000017,개인정보
국립기상연구원,050_0096,sample_050_0096_000017,준식별자
1985-07-16,050_0096,sample_050_0096_000017,준식별자
서울특별시 중구,050_0096,sample_050_0096_000017,준식별자
https://internal.example.local/provenance,050_0096,sample_050_0096_000018,기밀정보
/srv/internal/forecast,050_0096,sample_050_0096_000019,기밀정보
10.0.0.5,050_0096,sample_050_0096_000020,기밀정보
admin_user,050_0096,sample_050_0096_000021,기밀정보
vpn.internal.local,050_0096,sample_050_0096_000022,기밀정보
전건용,050_0098,sample_050_0098_000003,개인정보
jeon.geon@example.com,050_0098,sample_050_0098_000003,개인정보
1985-07-13,050_0098,sample_050_0098_000005,준식별자
서울특별시,050_0098,sample_050_0098_000008,준식별자
강남구,050_0098,sample_050_0098_000008,준식별자
10.0.0.12,050_0098,sample_050_0098_000012,기밀정보
/srv/prod/model/init/20240101.nc,050_0098,sample_050_0098_000012,기밀정보
vpn.internal.example.com,050_0098,sample_050_0098_000013,기밀정보
주현숙,050_0099,sample_050_0099_000012,개인정보
/srv/internal/synthetic_ic_v1.nc,050_0099,sample_050_0099_000010,기밀정보
10.0.0.5,050_0099,sample_050_0099_000014,기밀정보
원하영,050_0100,sample_050_0100_000025,개인정보
10.0.0.5,050_0100,sample_050_0100_000027,기밀정보
/srv/private/model_init_v2.1.nc,050_0100,sample_050_0100_000028,기밀정보
