{
    "document_id": "044_0072",
    "document_title": "특허 포트폴리오 및 권리관리 보고서(음향 신호 처리 장치)",
    "data": [
        {
            "sentence": "이 문서는 특허 포트폴리오 및 권리관리 보고서로, 대상 발명은 음향 신호 처리 장치에 관한 것입니다.",
            "id": "sample_044_0072_000001",
            "annotations": []
        },
        {
            "sentence": "문서 식별자(document_id)는 044_0072이며 내부 감사 추적에 사용됩니다.",
            "id": "sample_044_0072_000002",
            "annotations": []
        },
        {
            "sentence": "출원번호는 KR20240012345A로 기록되었으며 제출일은 2024-06-15입니다.",
            "id": "sample_044_0072_000003",
            "annotations": []
        },
        {
            "sentence": "출원 타이틀은 '적응형 잡음 제거를 위한 실시간 음향 신호 처리 장치'로 표기합니다.",
            "id": "sample_044_0072_000004",
            "annotations": []
        },
        {
            "sentence": "요약(abstract)은 실시간 필터링, 주파수 도메인 변환, 적응형 가중치 업데이트를 포함한다고 기재합니다.",
            "id": "sample_044_0072_000005",
            "annotations": []
        },
        {
            "sentence": "청구항은 독립항 1개와 종속항 15개로 분리하여 구조화된 필드에 저장합니다.",
            "id": "sample_044_0072_000006",
            "annotations": []
        },
        {
            "sentence": "명세서 전체 텍스트는 specification_text 필드에 저장되며 도면 원문은 drawings_pdf로 연결합니다.",
            "id": "sample_044_0072_000007",
            "annotations": []
        },
        {
            "sentence": "도면 원문 파일 메타데이터에는 OCR 엔진과 버전 정보(ocr_engine: Tesseract 4.1.1, ocr_confidence: 0.93)를 포함합니다.",
            "id": "sample_044_0072_000008",
            "annotations": []
        },
        {
            "sentence": "우선권 주장으로 US20230098765A가 기재되어 있으며 우선일은 2023-12-10입니다.",
            "id": "sample_044_0072_000009",
            "annotations": []
        },
        {
            "sentence": "패밀리 식별자는 KR_FAM_000123, EP_FAM_000123으로 표기하여 관할별 연계를 보장합니다.",
            "id": "sample_044_0072_000010",
            "annotations": []
        },
        {
            "sentence": "관할권(jurisdiction)은 KR이며 심사 단계와 법적 상태는 legal_status_history에 시간순으로 저장합니다.",
            "id": "sample_044_0072_000011",
            "annotations": []
        },
        {
            "sentence": "심사보고서와 심사관 코멘트는 office_actions 및 examiner_reports 필드로 분리합니다.",
            "id": "sample_044_0072_000012",
            "annotations": []
        },
        {
            "sentence": "현재 법적 상태는 '심사중'이며 마지막 심사통지일은 2025-01-20로 기록되어 있습니다.",
            "id": "sample_044_0072_000013",
            "annotations": []
        },
        {
            "sentence": "출원인(applicants)은 주식회사 에이아이사운드로 표기하고 주소는 서울특별시 강남구로 등록합니다.",
            "id": "sample_044_0072_000014",
            "annotations": [
                {
                    "word": "서울특별시",
                    "start": 40,
                    "end": 45,
                    "label": "준식별자"
                },
                {
                    "word": "강남구",
                    "start": 46,
                    "end": 49,
                    "label": "준식별자"
                }
            ]
        },
        {
            "sentence": "발명자(inventors)는 정성헌, 한기용, 성형진으로 기재되어 있으며 각 발명자 정보는 발명자 프로필에 연결됩니다.",
            "id": "sample_044_0072_000015",
            "annotations": [
                {
                    "word": "정성헌",
                    "start": 16,
                    "end": 19,
                    "label": "개인정보"
                },
                {
                    "word": "한기용",
                    "start": 21,
                    "end": 24,
                    "label": "개인정보"
                },
                {
                    "word": "성형진",
                    "start": 26,
                    "end": 29,
                    "label": "개인정보"
                }
            ]
        },
        {
            "sentence": "발명자 생년월일은 정성헌: 1980-05-12, 한기용: 1975-11-03, 성형진: 1990-07-21로 내부 프로필에 저장됩니다.",
            "id": "sample_044_0072_000016",
            "annotations": [
                {
                    "word": "정성헌",
                    "start": 10,
                    "end": 13,
                    "label": "개인정보"
                },
                {
                    "word": "한기용",
                    "start": 27,
                    "end": 30,
                    "label": "개인정보"
                },
                {
                    "word": "성형진",
                    "start": 44,
                    "end": 47,
                    "label": "개인정보"
                },
                {
                    "word": "1980-05-12",
                    "start": 15,
                    "end": 25,
                    "label": "준식별자"
                },
                {
                    "word": "1975-11-03",
                    "start": 32,
                    "end": 42,
                    "label": "준식별자"
                },
                {
                    "word": "1990-07-21",
                    "start": 49,
                    "end": 59,
                    "label": "준식별자"
                }
            ]
        },
        {
            "sentence": "권리자(assignees)는 주식회사 에이아이사운드이며 권리 이전 문서는 assignment_documents 필드로 관리합니다.",
            "id": "sample_044_0072_000017",
            "annotations": []
        },
        {
            "sentence": "양도 문서 원본은 /srv/patent/private/assignment_KR20240012345A.pdf 경로에 저장되어 있으며 접근은 권한 레벨로 통제합니다.",
            "id": "sample_044_0072_000018",
            "annotations": [
                {
                    "word": "/srv/patent/private/assignment_KR20240012345A.pdf",
                    "start": 10,
                    "end": 59,
                    "label": "기밀정보"
                }
            ]
        },
        {
            "sentence": "라이선스 계약서는 기밀로 분류되며 비공개 로열티율 7.5% 및 연간 최소금액 50,000,000 KRW가 명시되어 있습니다.",
            "id": "sample_044_0072_000019",
            "annotations": [
                {
                    "word": "7.5%",
                    "start": 28,
                    "end": 32,
                    "label": "기밀정보"
                },
                {
                    "word": "50,000,000 KRW",
                    "start": 43,
                    "end": 57,
                    "label": "기밀정보"
                }
            ]
        },
        {
            "sentence": "NDA 원본은 NDA_2024_045_signed.pdf로 저장되어 있고 관련 서명자는 배유하와 원진선입니다.",
            "id": "sample_044_0072_000020",
            "annotations": [
                {
                    "word": "NDA_2024_045_signed.pdf",
                    "start": 8,
                    "end": 31,
                    "label": "기밀정보"
                },
                {
                    "word": "배유하",
                    "start": 49,
                    "end": 52,
                    "label": "개인정보"
                },
                {
                    "word": "원진선",
                    "start": 54,
                    "end": 57,
                    "label": "개인정보"
                }
            ]
        },
        {
            "sentence": "계좌 이체를 위한 은행 계좌번호는 123-456-789012로 계약서에 기재되어 있으므로 기밀로 태깅합니다.",
            "id": "sample_044_0072_000021",
            "annotations": [
                {
                    "word": "123-456-789012",
                    "start": 19,
                    "end": 33,
                    "label": "기밀정보"
                }
            ]
        },
        {
            "sentence": "유지보수·연차료 일정(maintenance_fee_schedule)은 2026-06-15, 2027-06-15 등에 예정되어 있으며 자동 알림 시스템으로 연동됩니다.",
            "id": "sample_044_0072_000022",
            "annotations": []
        },
        {
            "sentence": "권리 존속 만료일(expiration_date)은 2044-06-15로 계산되어 기록됩니다.",
            "id": "sample_044_0072_000023",
            "annotations": []
        },
        {
            "sentence": "분류코드로 IPC: G10L 21/02, CPC: G10L 21/023을 사용하였으며 원표기는 'G10L21/02'로 정규화하였습니다.",
            "id": "sample_044_0072_000024",
            "annotations": []
        },
        {
            "sentence": "선행기술 검색 보고서와 인용 목록(citation_list)은 prior_art_search_reports 필드에 JSON 구조로 저장됩니다.",
            "id": "sample_044_0072_000025",
            "annotations": []
        },
        {
            "sentence": "소송 기록(litigation_records)에는 진행중인 이의신청 사례 1건이 등재되어 있으며 관련 판결문 링크와 근거를 명시합니다.",
            "id": "sample_044_0072_000026",
            "annotations": []
        },
        {
            "sentence": "가치평가 보고서(patent_valuation_report)는 비공개로 분류되며 평가 금액 추정치와 근거 자료는 내부 기밀입니다.",
            "id": "sample_044_0072_000027",
            "annotations": []
        },
        {
            "sentence": "자유실시권 분석(freedom_to_operate_analysis)은 관할권별 예외사항을 포함하여 별도 문서로 관리합니다.",
            "id": "sample_044_0072_000028",
            "annotations": []
        },
        {
            "sentence": "시스템 보안에는 감사 추적(audit trail), 권한 레벨, 암호화 키 관리가 포함되며 접속 로그는 90일 보관됩니다.",
            "id": "sample_044_0072_000029",
            "annotations": []
        },
        {
            "sentence": "법적 판단이 필요한 항목은 '법적 자문 아님' 경고와 함께 특허청 문서 및 판결문 링크를 근거로 제시합니다.",
            "id": "sample_044_0072_000030",
            "annotations": []
        },
        {
            "sentence": "데이터 입수 경로와 신뢰도는 원본/청구된/추정으로 표기하며 각 항목에 출처(URL)와 수집일을 명시합니다.",
            "id": "sample_044_0072_000031",
            "annotations": []
        }
    ]
}