{
    "document_id": "044_0065",
    "document_title": "통신 네트워크 수신 최적화 장치에 관한 특허 출원 및 권리관리 문서",
    "data": [
        {
            "sentence": "본 문서는 지식재산권 및 특허관리 관점에서 본 출원건의 서지, 원문, 심사기록 및 거래·권리정보를 통합하여 정리한 내부 운용용 문서입니다.",
            "id": "sample_044_0065_000001",
            "annotations": []
        },
        {
            "sentence": "문서 구성은 서론, 기술개요, 청구항·명세서 분리, 도면 메타데이터, 심사이력, 권리이전 및 계약문서, 유지관리 스케줄, 결론 및 권고안 순입니다.",
            "id": "sample_044_0065_000002",
            "annotations": []
        },
        {
            "sentence": "출원번호(applicant_reference)는 KR20240012345A로 표기되며, 관할 접두사 표준을 준수하여 모든 식별자는 동일 규칙으로 관리됩니다.",
            "id": "sample_044_0065_000003",
            "annotations": []
        },
        {
            "sentence": "발명자 목록에는 허원(생년월일: 1985-06-15)과 남성율이 등재되어 있으며, 발명 기여도 및 서명 데이터는 별도 원문 PDF로 보관됩니다.",
            "id": "sample_044_0065_000004",
            "annotations": [
                {
                    "word": "허원",
                    "start": 9,
                    "end": 11,
                    "label": "개인정보"
                },
                {
                    "word": "1985-06-15",
                    "start": 18,
                    "end": 28,
                    "label": "준식별자"
                },
                {
                    "word": "남성율",
                    "start": 31,
                    "end": 34,
                    "label": "개인정보"
                }
            ]
        },
        {
            "sentence": "대리인(대리인 연락처): 배수예, 이메일 nsy@company[dot]com, 연락처 010-****-3456로 기재되어 있으나 실제 연락처는 권한자에게만 제공됩니다.",
            "id": "sample_044_0065_000005",
            "annotations": [
                {
                    "word": "배수예",
                    "start": 14,
                    "end": 17,
                    "label": "개인정보"
                },
                {
                    "word": "nsy@company[dot]com",
                    "start": 23,
                    "end": 42,
                    "label": "개인정보"
                },
                {
                    "word": "010-****-3456",
                    "start": 48,
                    "end": 61,
                    "label": "개인정보"
                }
            ]
        },
        {
            "sentence": "출원일은 2024-05-10이며, 우선권 주장은 US2023-000111A(우선일: 2023-04-15)로 표기되어 국제 우선권 규정에 따라 관리됩니다.",
            "id": "sample_044_0065_000006",
            "annotations": []
        },
        {
            "sentence": "분류코드(정규화): IPC H04L29/06, CPC H04L29/067로 표준 표기법을 적용하였고 원본 표기(예: H04L 29/06)도 메타데이터에 보존합니다.",
            "id": "sample_044_0065_000007",
            "annotations": []
        },
        {
            "sentence": "청구항 분리는 기계독해용으로 독립항과 종속항을 개별 필드로 보관하며, 요약본은 별도 '발명요약' 필드에 기술됩니다.",
            "id": "sample_044_0065_000008",
            "annotations": []
        },
        {
            "sentence": "청구범위 요약: 본 출원은 무선 수신 최적화 장치의 패킷 스케줄링 및 적응형 필터 구성에 관한 것으로, 1항은 시스템 구조를 포괄적으로 청구합니다.",
            "id": "sample_044_0065_000009",
            "annotations": []
        },
        {
            "sentence": "명세서 요약: 본 발명은 모듈화된 처리 유닛으로 구성되며, 구현예 1~3에서는 하드웨어·소프트웨어 혼합형 구현을 예시로 상세기술을 제공합니다.",
            "id": "sample_044_0065_000010",
            "annotations": []
        },
        {
            "sentence": "도면 원문(drawings_pdf)은 원본 스캔과 OCR 텍스트를 연계 보관하며 OCR 버전 v1.2, OCR 정확도 98.4% 및 스캔 해상도 600dpi 메타데이터를 포함합니다.",
            "id": "sample_044_0065_000011",
            "annotations": []
        },
        {
            "sentence": "Family 관계는 family_ids: KR2024FAM0001, EP20240123456A, US20240123456A로 기재되어 있으며 각 패밀리별 상태를 별도 필드로 관리합니다.",
            "id": "sample_044_0065_000012",
            "annotations": []
        },
        {
            "sentence": "선행기술 검색 보고서에는 인용특허 12건(예: US20200098765A, WO2019123456A1 등)이 수록되어 있고 인용 네트워크는 그래프 형태로 저장됩니다.",
            "id": "sample_044_0065_000013",
            "annotations": []
        },
        {
            "sentence": "법적 상태 이력(legal_status_history)은 사건별 날짜 ISO-8601 형식으로 기록되며, 2024-08-12에 중간 심사통지가 접수된 이력이 있습니다.",
            "id": "sample_044_0065_000014",
            "annotations": []
        },
        {
            "sentence": "심사관 보고서(Examiner report) 초안 작성자는 노준택으로 표기되어 있으며 보고서 초안은 검토용으로 내부 보관됩니다.",
            "id": "sample_044_0065_000015",
            "annotations": [
                {
                    "word": "노준택",
                    "start": 33,
                    "end": 36,
                    "label": "개인정보"
                }
            ]
        },
        {
            "sentence": "거절이유 통지는 기술적 진보성 관련 지적으로 2024-09-10 접수되었고 회신기한은 2024-10-15로 시스템에 등록되어 있습니다.",
            "id": "sample_044_0065_000016",
            "annotations": []
        },
        {
            "sentence": "권리자(assignee) 관련 문서에는 현재 권리자 유도연이 등재되어 있으며 연락 이메일 udyon@company[dot]com이 권한 보유자에게 공유됩니다.",
            "id": "sample_044_0065_000017",
            "annotations": [
                {
                    "word": "유도연",
                    "start": 29,
                    "end": 32,
                    "label": "개인정보"
                },
                {
                    "word": "udyon@company[dot]com",
                    "start": 50,
                    "end": 71,
                    "label": "개인정보"
                }
            ]
        },
        {
            "sentence": "라이선스 계약서와 NDA는 문서별로 기밀 태그(confidentiality: HIGH)를 부여하여 접근제어 및 암호화를 적용하고 메타데이터로 권한레벨을 관리합니다.",
            "id": "sample_044_0065_000018",
            "annotations": []
        },
        {
            "sentence": "내부 메모에는 전략적 가격평가 코드 ACCT-2024-009가 기재되어 있으며 해당 값은 조직의 재무·전략 정보로 기밀 분류됩니다.",
            "id": "sample_044_0065_000019",
            "annotations": [
                {
                    "word": "ACCT-2024-009",
                    "start": 20,
                    "end": 33,
                    "label": "기밀정보"
                }
            ]
        },
        {
            "sentence": "비밀유지계약(NDA) 서명자는 방본호로 등재되어 있으며 서명일은 2024-06-20로 기록되어 있습니다.",
            "id": "sample_044_0065_000020",
            "annotations": [
                {
                    "word": "방본호",
                    "start": 17,
                    "end": 20,
                    "label": "개인정보"
                }
            ]
        },
        {
            "sentence": "유지보수 일정(maintenance_fee_schedule)은 연차료 납부예정일을 포함하며 다음 납부일은 2025-05-10로 시스템에 알림이 설정되어 있습니다.",
            "id": "sample_044_0065_000021",
            "annotations": []
        },
        {
            "sentence": "만료일(expiration_date)은 출원일로부터 20년 후인 2044-05-10로 계산되었으나 관할권별 예외(연차료 미납, 디자인 연장 등)는 별도 규정에 따릅니다.",
            "id": "sample_044_0065_000022",
            "annotations": []
        },
        {
            "sentence": "특허가치평가 보고서(patent_valuation_report)는 정성·정량 지표를 병행하여 작성하였고 내부 가정 및 민감한 금융 추정치는 기밀로 분류합니다.",
            "id": "sample_044_0065_000023",
            "annotations": []
        },
        {
            "sentence": "자유실시권(FTO) 분석 결과는 활동지역 내 충돌 가능성 및 권고조치를 포함하며, 법적 판단이 필요한 부분은 별도 법률검토를 권고합니다.",
            "id": "sample_044_0065_000024",
            "annotations": []
        },
        {
            "sentence": "원문 PDF와 이미지의 메타데이터에는 입수경로(원본/청구된/추정), OCR·버전 정보 및 감사 추적(audit trail)을 연계하여 보관합니다.",
            "id": "sample_044_0065_000025",
            "annotations": []
        },
        {
            "sentence": "결재 기록은 내부 결재선 'R&D팀 -> IP팀 -> 경영진'으로 구성되며 결재자 허원 승인(2024-07-01)은 내부 의사결정 기록으로 기밀정보로 분류됩니다.",
            "id": "sample_044_0065_000026",
            "annotations": [
                {
                    "word": "결재자 허원 승인",
                    "start": 42,
                    "end": 51,
                    "label": "기밀정보"
                }
            ]
        },
        {
            "sentence": "법적 고지: 본 문서는 법적 자문이 아니며 법적 판단이 필요한 사안은 변호사·변리사와의 별도 자문을 권고합니다; 참고 출처로 KIPO 가이드라인을 명시합니다.",
            "id": "sample_044_0065_000027",
            "annotations": []
        }
    ]
}