{
    "document_id": "044_0073",
    "document_title": "지식재산권 통합 관리 보고서 — 출원 KR20240012345A",
    "data": [
        {
            "sentence": "문서 개요: 본 문서는 지식재산권 및 특허관리 관련 종합 관리보고서입니다.",
            "id": "sample_044_0073_000001",
            "annotations": []
        },
        {
            "sentence": "본 보고서는 출원·심사·등록·권리이전·계약·유지관리 등을 통합 관리하기 위한 내부 운영용 문서입니다.",
            "id": "sample_044_0073_000002",
            "annotations": []
        },
        {
            "sentence": "발명자 정보: 양승하, 연락처 yangs***@example.com, 대리인 장태금.",
            "id": "sample_044_0073_000003",
            "annotations": [
                {
                    "word": "양승하",
                    "start": 8,
                    "end": 11,
                    "label": "개인정보"
                },
                {
                    "word": "yangs***@example.com",
                    "start": 17,
                    "end": 37,
                    "label": "개인정보"
                }
            ]
        },
        {
            "sentence": "서지정보: 출원번호 KR20240012345A, 명칭 '반도체 패키지 열분산 구조', 공개번호 KR20240056789A.",
            "id": "sample_044_0073_000004",
            "annotations": []
        },
        {
            "sentence": "발명자 상세: 양승하, 생년월일 1985-06-15, 성별 남성.",
            "id": "sample_044_0073_000005",
            "annotations": [
                {
                    "word": "양승하",
                    "start": 8,
                    "end": 11,
                    "label": "개인정보"
                },
                {
                    "word": "1985-06-15",
                    "start": 18,
                    "end": 28,
                    "label": "준식별자"
                },
                {
                    "word": "남성",
                    "start": 33,
                    "end": 35,
                    "label": "준식별자"
                }
            ]
        },
        {
            "sentence": "주소: 서울특별시, 강남구, 역삼동 123-45(사무실) — 신청자 주소의 시/군/구/동 및 상세호수를 기재합니다.",
            "id": "sample_044_0073_000006",
            "annotations": [
                {
                    "word": "서울특별시, 강남구, 역삼동 123-45(사무실)",
                    "start": 4,
                    "end": 31,
                    "label": "개인정보"
                }
            ]
        },
        {
            "sentence": "대리인 연락처: 010-1234-5678, 이메일 jangtaegum@example.com.",
            "id": "sample_044_0073_000007",
            "annotations": [
                {
                    "word": "jangtaegum@example.com",
                    "start": 28,
                    "end": 50,
                    "label": "개인정보"
                },
                {
                    "word": "010-1234-5678",
                    "start": 9,
                    "end": 22,
                    "label": "개인정보"
                }
            ]
        },
        {
            "sentence": "권리자: 주식회사 에이아이솔루션(대표 나건이) — 권리관계 및 대표자 정보는 등기부 첨부로 검증합니다.",
            "id": "sample_044_0073_000008",
            "annotations": [
                {
                    "word": "나건이",
                    "start": 21,
                    "end": 24,
                    "label": "개인정보"
                }
            ]
        },
        {
            "sentence": "내부 기밀: 프로젝트 코드 CONF-PJT-2024-A 및 기술 로드맵은 비공개로 취급하며 접근권한을 제한합니다.",
            "id": "sample_044_0073_000009",
            "annotations": [
                {
                    "word": "CONF-PJT-2024-A",
                    "start": 15,
                    "end": 30,
                    "label": "기밀정보"
                }
            ]
        },
        {
            "sentence": "재무 기밀: 계좌번호 110-123456-01-001은 라이선스 수익 입금용으로 등록되어 있습니다.",
            "id": "sample_044_0073_000010",
            "annotations": [
                {
                    "word": "110-123456-01-001",
                    "start": 12,
                    "end": 29,
                    "label": "기밀정보"
                }
            ]
        },
        {
            "sentence": "양도서 스캔은 drawings_pdf/assignment_양승하_2024-04-01.pdf로 저장되어 있으며 OCR 버전 2024-04-02 v1을 포함합니다.",
            "id": "sample_044_0073_000011",
            "annotations": [
                {
                    "word": "drawings_pdf/assignment_양승하_2024-04-01.pdf",
                    "start": 8,
                    "end": 50,
                    "label": "기밀정보"
                },
                {
                    "word": "양승하",
                    "start": 32,
                    "end": 35,
                    "label": "개인정보"
                }
            ]
        },
        {
            "sentence": "심사보고서 초안은 검토 중이며 심사관 지정 및 응답기한 관리가 우선순위입니다.",
            "id": "sample_044_0073_000012",
            "annotations": []
        },
        {
            "sentence": "선행기술 검색보고서에는 경쟁사 자료(청구된 출처)와 내부 조사 결과가 병기되어 있습니다.",
            "id": "sample_044_0073_000013",
            "annotations": []
        },
        {
            "sentence": "계약 관련: NDA 문서 'NDA_에이아이솔루션_2024.pdf'에는 비공개 조항과 위반시 손해배상 조치가 명시되어 있습니다.",
            "id": "sample_044_0073_000014",
            "annotations": [
                {
                    "word": "NDA_에이아이솔루션_2024.pdf",
                    "start": 15,
                    "end": 35,
                    "label": "기밀정보"
                },
                {
                    "word": "에이아이솔루션",
                    "start": 19,
                    "end": 26,
                    "label": "준식별자"
                }
            ]
        },
        {
            "sentence": "발명 요약: 본 발명은 반도체 패키지의 열 분산 개선을 위한 구조적 개선을 기술합니다.",
            "id": "sample_044_0073_000015",
            "annotations": []
        },
        {
            "sentence": "청구항 구성: 청구항 1은 독립항으로 히트 스프레더와 접합 구조를 포함하며 종속항에서 실시예를 한정합니다.",
            "id": "sample_044_0073_000016",
            "annotations": []
        },
        {
            "sentence": "우선권 및 패밀리: 우선권 서류 FR2023-012345 및 국제출원 WO2024/000001이 관련되어 있습니다.",
            "id": "sample_044_0073_000017",
            "annotations": []
        },
        {
            "sentence": "권리 이전: 양승하로부터 주식회사 에이아이솔루션으로의 양도가 2024-04-01에 등기되었습니다.",
            "id": "sample_044_0073_000018",
            "annotations": [
                {
                    "word": "양승하",
                    "start": 7,
                    "end": 10,
                    "label": "개인정보"
                }
            ]
        },
        {
            "sentence": "양승하의 이메일 yangs***@example.com은 예비 연락처로 기록되어 있습니다.",
            "id": "sample_044_0073_000019",
            "annotations": [
                {
                    "word": "yangs***@example.com",
                    "start": 9,
                    "end": 29,
                    "label": "개인정보"
                }
            ]
        },
        {
            "sentence": "발명자 목록에 장송주, 우수현, 전요엘이 추가 기재되어 있고 각자 소속은 문서별로 확인 가능합니다.",
            "id": "sample_044_0073_000020",
            "annotations": [
                {
                    "word": "장송주",
                    "start": 8,
                    "end": 11,
                    "label": "개인정보"
                },
                {
                    "word": "우수현",
                    "start": 13,
                    "end": 16,
                    "label": "개인정보"
                },
                {
                    "word": "전요엘",
                    "start": 18,
                    "end": 21,
                    "label": "개인정보"
                }
            ]
        },
        {
            "sentence": "발명자 소속: 장송주(주식회사 에이아이솔루션), 우수현(프리랜서), 전요엘(연구소)로 표기되어 있습니다.",
            "id": "sample_044_0073_000021",
            "annotations": [
                {
                    "word": "장송주",
                    "start": 8,
                    "end": 11,
                    "label": "개인정보"
                },
                {
                    "word": "우수현",
                    "start": 27,
                    "end": 30,
                    "label": "개인정보"
                },
                {
                    "word": "전요엘",
                    "start": 38,
                    "end": 41,
                    "label": "개인정보"
                },
                {
                    "word": "주식회사 에이아이솔루션",
                    "start": 12,
                    "end": 24,
                    "label": "준식별자"
                }
            ]
        },
        {
            "sentence": "유지보수 일정: 연차료 납부일은 매년 10월 01일로 기재되어 있으며 상태는 '유효'로 관리됩니다.",
            "id": "sample_044_0073_000022",
            "annotations": []
        },
        {
            "sentence": "소송 기록: 2025-01-15에 제기된 특허침해 소송 건은 기밀로 분류되어 절차상 공개가 제한됩니다.",
            "id": "sample_044_0073_000023",
            "annotations": []
        },
        {
            "sentence": "법적 유의사항: 본 문서는 법적 자문이 아니며 관련 판례 및 특허청 문서를 참조하되 법적 판단은 변호사 자문을 권고합니다.",
            "id": "sample_044_0073_000024",
            "annotations": []
        },
        {
            "sentence": "원문 PDF 메타데이터에는 OCR 정확도 98% 및 버전 v1.2가 기록되어 있으며 원문 파일은 별도 보관합니다.",
            "id": "sample_044_0073_000025",
            "annotations": []
        },
        {
            "sentence": "파일 저장 경로는 /secure/repo/044_0073/drawings_pdf/이며 접근 권한은 기밀 태그로 제한됩니다.",
            "id": "sample_044_0073_000026",
            "annotations": [
                {
                    "word": "/secure/repo/044_0073/drawings_pdf/",
                    "start": 10,
                    "end": 45,
                    "label": "기밀정보"
                }
            ]
        },
        {
            "sentence": "담당자: 특허 담당 윤금서, 내부 결재권자는 성선준으로 지정되어 있으며 권한 레벨 로그를 남깁니다.",
            "id": "sample_044_0073_000027",
            "annotations": [
                {
                    "word": "윤금서",
                    "start": 11,
                    "end": 14,
                    "label": "개인정보"
                },
                {
                    "word": "성선준",
                    "start": 25,
                    "end": 28,
                    "label": "개인정보"
                }
            ]
        },
        {
            "sentence": "대리인 허명서의 사번은 2024-PT-009이며 이 정보는 내부 인사 데이터로 분류됩니다.",
            "id": "sample_044_0073_000028",
            "annotations": [
                {
                    "word": "허명서",
                    "start": 4,
                    "end": 7,
                    "label": "개인정보"
                },
                {
                    "word": "2024-PT-009",
                    "start": 13,
                    "end": 24,
                    "label": "개인정보"
                }
            ]
        },
        {
            "sentence": "라이선스 계약 요약: 에이아이솔루션과 배찬후 간의 독점 라이선스 조건은 비공개이며 계약서 파일은 licensing_agreements/license_044_0073.pdf입니다.",
            "id": "sample_044_0073_000029",
            "annotations": [
                {
                    "word": "배찬후",
                    "start": 21,
                    "end": 24,
                    "label": "개인정보"
                },
                {
                    "word": "licensing_agreements/license_044_0073.pdf",
                    "start": 54,
                    "end": 95,
                    "label": "기밀정보"
                }
            ]
        },
        {
            "sentence": "결론 및 조치: 감사 추적 및 권한 레벨 재검토, 기밀 태그 적용, 문서 접근 로그 보관을 권고합니다.",
            "id": "sample_044_0073_000030",
            "annotations": []
        }
    ]
}