{
    "document_id": "044_0007",
    "document_title": "특허 출원 및 권리관리 종합 리포트 — 광학 센서 기반 제어장치",
    "data": [
        {
            "sentence": "본 문서는 지식재산권 및 특허관리 관점에서 KR20240012345A 출원 건의 서지·심사·계약·권리현황을 종합적으로 정리한 내부 운영용 리포트입니다.",
            "id": "sample_044_0007_000001",
            "annotations": []
        },
        {
            "sentence": "해당 출원(application_number)은 KR20240012345A로 표기되며 본 리포트는 출원번호·등록번호·패밀리ID 등 식별자를 관할 접두사 포함 표기 원칙에 따라 작성되었습니다.",
            "id": "sample_044_0007_000002",
            "annotations": []
        },
        {
            "sentence": "발명의 명칭은 '광학 센서 기반의 제어장치 및 그 제어방법'으로 요약되며 본 문서에서는 명세서·청구항·도면 연계를 명확히 제시합니다.",
            "id": "sample_044_0007_000003",
            "annotations": []
        },
        {
            "sentence": "초록은 시스템 구성요소, 신호처리 흐름, 핵심 이점(고감도 검출, 저전력 동작)을 중심으로 200자 내외로 정리되어 있습니다.",
            "id": "sample_044_0007_000004",
            "annotations": []
        },
        {
            "sentence": "주요 청구항은 독립항 1개와 종속항 6개로 구성되며 독립항은 '광학 센서, 신호증폭부, 제어유닛'의 결합을 중심으로 청구하고 있습니다.",
            "id": "sample_044_0007_000005",
            "annotations": []
        },
        {
            "sentence": "명세서 본문은 발명의 기술적 배경, 문제해결수단, 실시예, 효과 및 실시형태를 분리된 섹션으로 제공하여 기계독해 및 분류에 적합하도록 구성했습니다.",
            "id": "sample_044_0007_000006",
            "annotations": []
        },
        {
            "sentence": "도면 원문은 'KR20240012345A_drawings_v1.pdf' 파일명으로 저장되었고 OCR·버전 정보를 메타데이터에 포함하였습니다.",
            "id": "sample_044_0007_000007",
            "annotations": []
        },
        {
            "sentence": "출원일(filing_date)은 2024-03-15로 표기하였고 우선권 주장 및 만료계산은 국제적 관행을 기준으로 하되 관할권별 예외를 별도 표기합니다.",
            "id": "sample_044_0007_000008",
            "annotations": []
        },
        {
            "sentence": "우선권 주장(priority_claims)은 JP2023-012345(우선일 2023-09-30)를 포함하며 관련 문서는 메타데이터로 연결되어 있습니다.",
            "id": "sample_044_0007_000009",
            "annotations": []
        },
        {
            "sentence": "패밀리 식별자(family_ids)는 KR-FAM-0005678로 표기하였고 국제 패밀리 관계는 EPO 및 WIPO 데이터와 매핑하였습니다.",
            "id": "sample_044_0007_000010",
            "annotations": []
        },
        {
            "sentence": "관할(jurisdiction)은 대한민국(KR)이며 관할별 심사 규칙 차이와 레이트리밋을 고려한 갱신·연차료 스케줄을 포함합니다.",
            "id": "sample_044_0007_000011",
            "annotations": []
        },
        {
            "sentence": "법적 상태 갱신(legal_status_history)은 공개일 2024-09-15, 심사중, 답변서 제출, 등록결정(예상) 등 단계별 타임스탬프와 소스 신뢰도를 명시합니다.",
            "id": "sample_044_0007_000012",
            "annotations": []
        },
        {
            "sentence": "심사보고서 및 거절이유통지(office_actions)는 각 문서의 OCR 정밀도와 버전번호를 포함해 원문 링크와 함께 저장하였습니다.",
            "id": "sample_044_0007_000013",
            "annotations": []
        },
        {
            "sentence": "신청인(applicants)은 나래테크 주식회사이며 대표자는 방주승으로 등재되어 있고 본사 연락처는 010-****-5678, 공식 이메일은 w.hanna@naratech.com으로 기록되어 있습니다.",
            "id": "sample_044_0007_000014",
            "annotations": [
                {
                    "word": "방주승",
                    "start": 34,
                    "end": 37,
                    "label": "개인정보"
                },
                {
                    "word": "010-****-5678",
                    "start": 56,
                    "end": 69,
                    "label": "개인정보"
                },
                {
                    "word": "w.hanna@naratech.com",
                    "start": 79,
                    "end": 99,
                    "label": "개인정보"
                }
            ]
        },
        {
            "sentence": "발명자(inventors) 목록은 원한나, 방주승으로 표기하였고 원한나의 생년월일은 1987-11-15로 명시되어 있어 우편·법적 통지 관리에 참고됩니다.",
            "id": "sample_044_0007_000015",
            "annotations": [
                {
                    "word": "원한나",
                    "start": 19,
                    "end": 22,
                    "label": "개인정보"
                },
                {
                    "word": "원한나",
                    "start": 36,
                    "end": 39,
                    "label": "개인정보"
                },
                {
                    "word": "1987-11-15",
                    "start": 47,
                    "end": 57,
                    "label": "준식별자"
                }
            ]
        },
        {
            "sentence": "권리자(assignees) 및 권리 이전 문서는 시스템 연계로 관리되며 본사 주소는 서울특별시 강남구 테헤란로 12길 34, 101동 202호로 기재되어 있습니다.",
            "id": "sample_044_0007_000016",
            "annotations": [
                {
                    "word": "서울특별시 강남구 테헤란로 12길 34, 101동 202호",
                    "start": 47,
                    "end": 79,
                    "label": "개인정보"
                }
            ]
        },
        {
            "sentence": "권리 이전 관련 원본 문서(assignment_documents)는 내부 파일 시스템에 보관되어 있으며 파일 경로는 S:/IP/CONFIDENTIAL/License/2024/TermSheet_v2.docx로 표기됩니다.",
            "id": "sample_044_0007_000017",
            "annotations": [
                {
                    "word": "S:/IP/CONFIDENTIAL/License/2024/TermSheet_v2.docx",
                    "start": 65,
                    "end": 114,
                    "label": "기밀정보"
                }
            ]
        },
        {
            "sentence": "라이선스 계약서(licensing_agreements)에는 지급계좌 정보가 포함되어 있으며 예시로 지급계좌: 123-456789-01-234(국민은행) 항목이 계약서에 기재되어 있습니다.",
            "id": "sample_044_0007_000018",
            "annotations": [
                {
                    "word": "123-456789-01-234",
                    "start": 61,
                    "end": 78,
                    "label": "기밀정보"
                }
            ]
        },
        {
            "sentence": "비밀유지계약(NDA) 관련 항목은 당사자 및 발효일을 포함하며 당사자 예시는 나래테크 주식회사와 연구원 민형순으로 기록되어 있습니다.",
            "id": "sample_044_0007_000019",
            "annotations": [
                {
                    "word": "민형순",
                    "start": 58,
                    "end": 61,
                    "label": "개인정보"
                }
            ]
        },
        {
            "sentence": "연차료 및 유지보수 일정(maintenance_fee_schedule)은 연도별 납부기한과 금액을 표준화된 테이블로 제공하고 실시간 상태 동기화를 명시합니다.",
            "id": "sample_044_0007_000020",
            "annotations": []
        },
        {
            "sentence": "만료일(expiration_date)은 우선권을 고려한 계산으로 2044-03-15(예상)로 표기하였고 예외 규정은 주석으로 분리 표시했습니다.",
            "id": "sample_044_0007_000021",
            "annotations": []
        },
        {
            "sentence": "분류코드(classification_codes_IPC_CPC)는 IPC G01S 13/00, CPC G01S 13/005로 공식 표준 형식에 맞춰 정규화하였고 원본 표기는 메타필드에 보존했습니다.",
            "id": "sample_044_0007_000022",
            "annotations": []
        },
        {
            "sentence": "선행기술 검색 보고서(prior_art_search_reports)는 검색식, 데이터베이스, 키워드, 결과별 신뢰도와 인용 네트워크를 분리된 필드로 제공했습니다.",
            "id": "sample_044_0007_000023",
            "annotations": []
        },
        {
            "sentence": "인용목록(citation_list)은 우선순위에 따라 외부 특허·문헌을 나열하며 각 항목은 문헌 ID와 연결된 원문 링크를 포함합니다.",
            "id": "sample_044_0007_000024",
            "annotations": []
        },
        {
            "sentence": "법적 사건(litigation_records) 및 분쟁 리스크에 관한 메모에는 기밀로 분류된 내부 기술 노출 항목이 포함되어 있으며 해당 항목은 접근제어가 필요합니다.",
            "id": "sample_044_0007_000025",
            "annotations": []
        },
        {
            "sentence": "기밀 기술 노트 예시로 비공개 알고리즘 파라미터 alpha=0.002, beta=0.8은 내부 분석 보고서에만 포함되어 외부에는 공개되지 않습니다.",
            "id": "sample_044_0007_000026",
            "annotations": [
                {
                    "word": "alpha=0.002, beta=0.8",
                    "start": 27,
                    "end": 48,
                    "label": "기밀정보"
                }
            ]
        },
        {
            "sentence": "특허 가치평가(patent_valuation_report) 요약에는 예상 로열티율과 민감한 재무 수치가 포함되어 있으며 기밀 태그로 분류되어 있습니다.",
            "id": "sample_044_0007_000027",
            "annotations": []
        },
        {
            "sentence": "자유실시권 분석(freedom_to_operate_analysis)은 침해 리스크 분류와 회피 설계안을 별도 필드로 제공하여 실무 적용성을 높였습니다.",
            "id": "sample_044_0007_000028",
            "annotations": []
        },
        {
            "sentence": "권고 조치 및 후속업무에는 내부 포털 링크(https://intranet.naratech.local/license/term/123)와 담당자 확인 절차를 포함하며 접근 권한을 제한합니다.",
            "id": "sample_044_0007_000029",
            "annotations": [
                {
                    "word": "https://intranet.naratech.local/license/term/123",
                    "start": 24,
                    "end": 72,
                    "label": "기밀정보"
                }
            ]
        },
        {
            "sentence": "감사 추적(audit trail)과 권한 레벨, 기밀 태그(confidentiality tags)는 메타데이터 수준에서 관리되며 변경 이력은 모두 버전으로 보관됩니다.",
            "id": "sample_044_0007_000030",
            "annotations": []
        }
    ]
}