{
    "document_id": "044_0016",
    "document_title": "특허관리 사례보고서 및 메타데이터: KR20240012345A",
    "data": [
        {
            "sentence": "본 문서는 지식재산권 및 특허관리 실무용 사례파일로서 서지데이터, 원문(PDF·도면), 심사·쟁송 기록 및 거래정보를 통합 제공하기 위해 작성되었습니다.",
            "id": "sample_044_0016_000001",
            "annotations": []
        },
        {
            "sentence": "문서는 소개, 상세 본문(서지·명세서·청구항·도면 메타데이터 포함), 결론 및 실무권고의 구조로 구성되어 있습니다.",
            "id": "sample_044_0016_000002",
            "annotations": []
        },
        {
            "sentence": "출원번호는 KR20240012345A이며, 문서 제목과 요약은 본 보고서 본문에 분리된 필드로 수록되어 있습니다.",
            "id": "sample_044_0016_000003",
            "annotations": []
        },
        {
            "sentence": "발명자 및 신청인 정보는 발명자: 원라경 (생년월일: 1985-07-15), 박리하; 신청인(대표): 바이오텍주식회사로 기재되어 있으며 담당자 연락처는 박리하, 이메일: p****@example.com, 전화: 010-****-5678 입니다.",
            "id": "sample_044_0016_000004",
            "annotations": [
                {
                    "word": "원라경",
                    "start": 19,
                    "end": 22,
                    "label": "개인정보"
                },
                {
                    "word": "박리하",
                    "start": 43,
                    "end": 46,
                    "label": "개인정보"
                },
                {
                    "word": "박리하",
                    "start": 85,
                    "end": 88,
                    "label": "개인정보"
                },
                {
                    "word": "1985",
                    "start": 30,
                    "end": 34,
                    "label": "준식별자"
                },
                {
                    "word": "07",
                    "start": 35,
                    "end": 37,
                    "label": "준식별자"
                },
                {
                    "word": "15",
                    "start": 38,
                    "end": 40,
                    "label": "준식별자"
                },
                {
                    "word": "p****@example.com",
                    "start": 95,
                    "end": 112,
                    "label": "개인정보"
                },
                {
                    "word": "010-****-5678",
                    "start": 118,
                    "end": 131,
                    "label": "개인정보"
                },
                {
                    "word": "바이오텍주식회사",
                    "start": 57,
                    "end": 65,
                    "label": "준식별자"
                }
            ]
        },
        {
            "sentence": "신청인 등록상 기재된 주소는 서울특별시 강남구 역삼동이며, 주소 구성요소는 문서에서 시/군/구/동 단위로 별도 필드화했습니다.",
            "id": "sample_044_0016_000005",
            "annotations": [
                {
                    "word": "서울특별시",
                    "start": 16,
                    "end": 21,
                    "label": "준식별자"
                },
                {
                    "word": "강남구",
                    "start": 22,
                    "end": 25,
                    "label": "준식별자"
                },
                {
                    "word": "역삼동",
                    "start": 26,
                    "end": 29,
                    "label": "준식별자"
                }
            ]
        },
        {
            "sentence": "양수인(assignee)은 에이아이솔루션즈주식회사로 등재되어 있고, 권리 이전 문서(assignment_documents)와 연계된 스캔 원문이 저장되어 있습니다.",
            "id": "sample_044_0016_000006",
            "annotations": [
                {
                    "word": "에이아이솔루션즈주식회사",
                    "start": 15,
                    "end": 27,
                    "label": "준식별자"
                }
            ]
        },
        {
            "sentence": "우선권 주장 목록에는 우선권 출원번호 US2023-0004567A가 포함되어 있으며 ISO-8601 형식의 우선권일자는 별도 필드로 보존됩니다.",
            "id": "sample_044_0016_000007",
            "annotations": []
        },
        {
            "sentence": "분류코드는 IPC: G06F 17/30 및 CPC: G06F 17/30로 정규화하여 기록했고 원문 표기(비표준 표기)는 별도 필드에 병기했습니다.",
            "id": "sample_044_0016_000008",
            "annotations": []
        },
        {
            "sentence": "요약(Abstract)은 본 문서의 별도 필드에 기계독해 최적화를 위해 200자 내외로 표준화하여 수록했습니다.",
            "id": "sample_044_0016_000009",
            "annotations": []
        },
        {
            "sentence": "청구항(Claims) 정보는 독립항과 종속항을 분리하여 구조화했고 핵심 키워드와 발명요약을 별도 요약 필드에 포함했습니다.",
            "id": "sample_044_0016_000010",
            "annotations": []
        },
        {
            "sentence": "명세서 및 도면 원문은 drawings_pdf 필드로 연결되며 파일 메타데이터에는 OCR 결과, OCR 버전 및 OCR 정확도 점수가 포함되어 있습니다.",
            "id": "sample_044_0016_000011",
            "annotations": []
        },
        {
            "sentence": "해당 도면 파일명은 /pdfs/drawings_KR20240012345A.pdf로 저장되었고 OCR은 Tesseract 4.1.1으로 수행되어 OCR_accuracy: 98.5%로 표기되었습니다.",
            "id": "sample_044_0016_000012",
            "annotations": []
        },
        {
            "sentence": "패밀리 정보는 Family ID: KR2024FAM0016로 기입했고, 동일 패밀리내 관련 출원들은 연동 링크로 연결되어 있습니다.",
            "id": "sample_044_0016_000013",
            "annotations": []
        },
        {
            "sentence": "법적 상태 히스토리(legal_status_history)는 ISO-8601 형식으로 이벤트별 일자를 기록하였으며 공개, 심사중, 등록, 권리소멸 등의 상태 전이가 추적 가능합니다.",
            "id": "sample_044_0016_000014",
            "annotations": []
        },
        {
            "sentence": "최근 사무소통지(office_action)는 2025-02-10일자 거절이유 통지로 접수되었고 요지 및 반박기한은 별도 필드에 요약되어 있습니다.",
            "id": "sample_044_0016_000015",
            "annotations": []
        },
        {
            "sentence": "심사관 리포트(examiner_reports)는 의견요지와 인용된 선행기술 목록을 포함하며 해당 리포트의 원문 스캔본과 OCR 버전 정보를 연계 저장합니다.",
            "id": "sample_044_0016_000016",
            "annotations": []
        },
        {
            "sentence": "권리이전 관련 문서(assignment_documents)는 체인오브타이틀 검증을 위해 스캔 원본, 서명 OCR, 검증로그를 포함하여 저장되어 있습니다.",
            "id": "sample_044_0016_000017",
            "annotations": []
        },
        {
            "sentence": "라이선스 계약서 라이선스_계약서_v2에는 비공개 조항이 포함되어 있으며 예시로 비밀 라이선스 조건에는 로열티율 8.5% 및 선급금 50,000,000원이 명시되어 있습니다.",
            "id": "sample_044_0016_000018",
            "annotations": [
                {
                    "word": "로열티율 8.5%",
                    "start": 57,
                    "end": 66,
                    "label": "기밀정보"
                },
                {
                    "word": "50,000,000원",
                    "start": 73,
                    "end": 84,
                    "label": "기밀정보"
                }
            ]
        },
        {
            "sentence": "해당 라이선스 계약의 재무정보는 내부 재무 파일과 연계되어 있으며 계좌번호: ****-****-1234 및 계약 원문 경로 /internal/docs/secret/contract_v2.docx에 저장되어 있습니다.",
            "id": "sample_044_0016_000019",
            "annotations": [
                {
                    "word": "****-****-1234",
                    "start": 43,
                    "end": 57,
                    "label": "기밀정보"
                },
                {
                    "word": "/internal/docs/secret/contract_v2.docx",
                    "start": 69,
                    "end": 107,
                    "label": "기밀정보"
                }
            ]
        },
        {
            "sentence": "비밀유지계약(NDA)은 문서번호 NDA-2024-0007로 관리되며 해당 계약서와 연관된 접근권한은 엄격히 제한됩니다.",
            "id": "sample_044_0016_000020",
            "annotations": [
                {
                    "word": "NDA-2024-0007",
                    "start": 18,
                    "end": 31,
                    "label": "기밀정보"
                }
            ]
        },
        {
            "sentence": "연차료 및 유지비 일정(maintenance_fee_schedule)은 만기 및 납부기한을 ISO-8601 형식으로 표기하여 자동경고 시스템과 연동합니다.",
            "id": "sample_044_0016_000021",
            "annotations": []
        },
        {
            "sentence": "권리 만료일(expiration_date)은 2044-05-12로 계산되어 있고 우선권 및 보정사항을 반영한 만료 계산법은 관할권별 예외를 별도 명시했습니다.",
            "id": "sample_044_0016_000022",
            "annotations": []
        },
        {
            "sentence": "선행기술 조사(prior_art_search_reports)에는 인용문헌 목록 US20190012345A1, EP3456789B1 등이 포함되어 있으며 인출 경로와 신뢰도(원본/청구된/추정)를 표기했습니다.",
            "id": "sample_044_0016_000023",
            "annotations": []
        },
        {
            "sentence": "소송 및 분쟁기록(litigation_records)은 2025-10-01 접수된 무효심판 사건을 포함하며 관련 문서와 판결문 링크를 근거로 보관합니다.",
            "id": "sample_044_0016_000024",
            "annotations": []
        },
        {
            "sentence": "특허 가치평가 보고서(patent_valuation_report)는 내부 평가 기준에 따라 작성되었고 본 건의 추정 평가액은 1,200,000,000원으로 기밀 등급으로 분류합니다.",
            "id": "sample_044_0016_000025",
            "annotations": [
                {
                    "word": "1,200,000,000원",
                    "start": 70,
                    "end": 84,
                    "label": "기밀정보"
                }
            ]
        },
        {
            "sentence": "자유실시권 분석(FTO)은 주요 관할권별 침해위험을 기술적으로 서술하였고 법적 판단이 필요한 경우 '법적 자문 아님' 경고문과 출처(KIPO, 판결문 링크)를 명시했습니다.",
            "id": "sample_044_0016_000026",
            "annotations": []
        },
        {
            "sentence": "문서 원문(PDF·이미지)은 메타데이터와 연계하여 저장하며 OCR·버전 정보 및 스캔 품질(스캔해상도, 컬러/흑백) 정보를 포함합니다.",
            "id": "sample_044_0016_000027",
            "annotations": []
        },
        {
            "sentence": "감사추적(audit trail)은 변경이력, 접근자, 접근일시를 기록하고 권한레벨과 기밀 태그(confidentiality tags)를 실무에 적용 가능하도록 설계했습니다.",
            "id": "sample_044_0016_000028",
            "annotations": []
        },
        {
            "sentence": "데이터 입수 경로와 신뢰도는 각 항목별로 표기되며 본 건은 입수 경로: 원본(출원서류 제출본)으로 등급화되어 있습니다.",
            "id": "sample_044_0016_000029",
            "annotations": []
        },
        {
            "sentence": "결론 및 권장조치로는 강력한 접근제어, 저장 암호화, 우선권·연차료 자동알림 설정 및 법률검토 필요시 외부 법무법인 의뢰를 권고합니다.",
            "id": "sample_044_0016_000030",
            "annotations": []
        },
        {
            "sentence": "문서 최종 검토 및 연락 담당자는 류준후이며 법률적 후속조치 필요시 대리인 신미숙, 이메일: s*****@lawfirm.kr로 연락받도록 기재되어 있습니다.",
            "id": "sample_044_0016_000031",
            "annotations": [
                {
                    "word": "류준후",
                    "start": 19,
                    "end": 22,
                    "label": "개인정보"
                },
                {
                    "word": "신미숙",
                    "start": 42,
                    "end": 45,
                    "label": "개인정보"
                },
                {
                    "word": "s*****@lawfirm.kr",
                    "start": 52,
                    "end": 69,
                    "label": "개인정보"
                }
            ]
        }
    ]
}