{
    "document_id": "044_0091",
    "document_title": "촉매 기반 고효율 합성 방법에 관한 출원 문서 및 관리 메타데이터",
    "data": [
        {
            "sentence": "문서 개요: 본 문서는 지식재산권 및 특허관리 관련 전과정 데이터 레코드로서 출원·심사·권리관리 정보를 포함합니다.",
            "id": "sample_044_0091_000001",
            "annotations": []
        },
        {
            "sentence": "출원번호: KR20240012345A, 발명의 명칭: 촉매 기반 고효율 합성 방법에 관한 발명.",
            "id": "sample_044_0091_000002",
            "annotations": []
        },
        {
            "sentence": "요약: 본 발명은 공정 효율을 개선하는 촉매 조성 및 공정 조건을 제공하여 수율을 향상시키는 기술적 해결수단을 개시합니다.",
            "id": "sample_044_0091_000003",
            "annotations": []
        },
        {
            "sentence": "청구범위 요약: 독립항은 촉매 조성 및 공정 변수의 특정 조합을 포함하며, 종속항은 조성비와 운전 조건을 한정합니다.",
            "id": "sample_044_0091_000004",
            "annotations": []
        },
        {
            "sentence": "발명자: 차휘 (공동발명자 포함) 및 정지원이 주 작성자로 기재되어 있습니다.",
            "id": "sample_044_0091_000005",
            "annotations": [
                {
                    "word": "차휘",
                    "start": 5,
                    "end": 7,
                    "label": "개인정보"
                },
                {
                    "word": "정지원",
                    "start": 21,
                    "end": 24,
                    "label": "개인정보"
                }
            ]
        },
        {
            "sentence": "출원일: 2024-03-15, 우선권 주장: KR20230098765A에 대해 2023-09-10에 우선권을 주장하였습니다.",
            "id": "sample_044_0091_000006",
            "annotations": []
        },
        {
            "sentence": "패밀리 관계: KR20240012345A, EP20240067890, US20240123456 등으로 패밀리ID를 관할 접두사와 함께 표기하였습니다.",
            "id": "sample_044_0091_000007",
            "annotations": []
        },
        {
            "sentence": "분류코드: IPC: C07C 1/00; CPC: C07C 1/00; 정규화된 표기법으로 제공하며 원본 표기 'C07C1/00'는 보존합니다.",
            "id": "sample_044_0091_000008",
            "annotations": []
        },
        {
            "sentence": "도면 원문은 저장소에 저장되어 있으며 파일명은 drawings_KR20240012345A_v1.pdf로 OCR 버전 및 벡터/비트맵 처리 메타데이터를 포함합니다.",
            "id": "sample_044_0091_000009",
            "annotations": []
        },
        {
            "sentence": "심사보고서 요약: 심사관은 선행기술 X1 대비 진보성 부족을 지적하였고 추가 실험데이터 제출을 요구하였습니다.",
            "id": "sample_044_0091_000010",
            "annotations": []
        },
        {
            "sentence": "사무소 통지(office action): 2024-06-30에 보정 통지가 발송되었고 응답 기한과 관련 절차를 문서화하였습니다.",
            "id": "sample_044_0091_000011",
            "annotations": []
        },
        {
            "sentence": "권리자(assignee): 에이치테크 주식회사로 기록되어 있으며 권리 이전 문서와 체인오브타이틀을 연계 저장하였습니다.",
            "id": "sample_044_0091_000012",
            "annotations": [
                {
                    "word": "에이치테크 주식회사",
                    "start": 15,
                    "end": 25,
                    "label": "준식별자"
                }
            ]
        },
        {
            "sentence": "대리인 연락처는 보안상 마스킹되어 기록됩니다: 이메일 gwak***@example.com, 전화 010-****-1234.",
            "id": "sample_044_0091_000013",
            "annotations": [
                {
                    "word": "gwak***@example.com",
                    "start": 30,
                    "end": 49,
                    "label": "개인정보"
                },
                {
                    "word": "010-****-1234",
                    "start": 54,
                    "end": 67,
                    "label": "개인정보"
                }
            ]
        },
        {
            "sentence": "발명자 상세: 유세찬은 생년월일 1985-06-12, 성별: 남, 소속: 에이치테크 연구소로 등록되어 있습니다.",
            "id": "sample_044_0091_000014",
            "annotations": [
                {
                    "word": "유세찬",
                    "start": 8,
                    "end": 11,
                    "label": "개인정보"
                },
                {
                    "word": "1985-06-12",
                    "start": 18,
                    "end": 28,
                    "label": "준식별자"
                },
                {
                    "word": "성별: 남",
                    "start": 30,
                    "end": 35,
                    "label": "준식별자"
                },
                {
                    "word": "소속: 에이치테크 연구소",
                    "start": 37,
                    "end": 50,
                    "label": "준식별자"
                }
            ]
        },
        {
            "sentence": "권리 존속 및 만료일: 갱신료 납부 현황과 만료예정일 2044-03-15을 포함하여 관리합니다.",
            "id": "sample_044_0091_000015",
            "annotations": []
        },
        {
            "sentence": "갱신·연차료 일정은 maintenance_fee_schedule에 표준화된 형식으로 기록되어 있으며 담당자 승인 로그를 포함합니다.",
            "id": "sample_044_0091_000016",
            "annotations": []
        },
        {
            "sentence": "양도 및 라이선스: 본 문서에는 양도계약서(assignment_KR20240012345A.pdf)와 라이선스 합의서 초안이 첨부되어 있습니다.",
            "id": "sample_044_0091_000017",
            "annotations": []
        },
        {
            "sentence": "라이선스 주요 조건 중 일부는 기밀로 분류되어 있으며, 예시로 로열티율 3.5%와 최소매출보장 조항이 포함됩니다.",
            "id": "sample_044_0091_000018",
            "annotations": [
                {
                    "word": "로열티율 3.5%",
                    "start": 35,
                    "end": 44,
                    "label": "기밀정보"
                }
            ]
        },
        {
            "sentence": "기밀기술사항: 내부 비공개 기술 사양에는 공정 변수 압력 15.2 MPa, 온도 420 K, 촉매 조성 12.5 wt%가 상세히 기재되어 있습니다.",
            "id": "sample_044_0091_000019",
            "annotations": [
                {
                    "word": "공정 변수 압력 15.2 MPa, 온도 420 K, 촉매 조성 12.5 wt%",
                    "start": 23,
                    "end": 66,
                    "label": "기밀정보"
                }
            ]
        },
        {
            "sentence": "선행기술 검색보고서와 인용목록은 별도 파일로 연결되어 있으며 인용문헌 X1, X2, X3이 포함됩니다.",
            "id": "sample_044_0091_000020",
            "annotations": []
        },
        {
            "sentence": "소송 및 분쟁기록: 현재 본 출원과 관련된 소송 사건은 없으나 잠재적 침해경고서가 접수된 기록이 있습니다.",
            "id": "sample_044_0091_000021",
            "annotations": []
        },
        {
            "sentence": "FTO(자유실시권) 분석 결과는 특정 시장에서의 침해 위험을 지적하며 회피 설계 권고를 제시합니다.",
            "id": "sample_044_0091_000022",
            "annotations": []
        },
        {
            "sentence": "가치평가 보고서 초안은 내부 기밀로 평가 방법론과 할인율 가정 등의 세부사항은 비공개입니다.",
            "id": "sample_044_0091_000023",
            "annotations": []
        },
        {
            "sentence": "비밀유지계약(NDA): 당사자 명단에 방신비가 포함되어 있으며 계약서는 NDA_2024_01.pdf로 저장되어 있습니다.",
            "id": "sample_044_0091_000024",
            "annotations": [
                {
                    "word": "방신비",
                    "start": 21,
                    "end": 24,
                    "label": "개인정보"
                }
            ]
        },
        {
            "sentence": "재무 정보 링크에는 계좌번호: ****-****-1234가 표기되어 있고 이 정보는 기밀태그가 부착되어 있습니다.",
            "id": "sample_044_0091_000025",
            "annotations": [
                {
                    "word": "계좌번호: ****-****-1234",
                    "start": 11,
                    "end": 31,
                    "label": "기밀정보"
                }
            ]
        },
        {
            "sentence": "감사추적(audit trail)은 접근 로그와 권한 레벨을 포함하여 암호화 방식으로 보존됩니다.",
            "id": "sample_044_0091_000026",
            "annotations": []
        },
        {
            "sentence": "데이터 출처와 신뢰도 표기는 원본(원문), 청구된 정보, 추정(estimated)을 각 레코드에 메타데이터로 명시합니다.",
            "id": "sample_044_0091_000027",
            "annotations": []
        },
        {
            "sentence": "법적 판단이 필요한 항목에 대해서는 '법적 자문 아님' 경고를 포함하였고 관련 근거로 특허청 심사결과와 판결문 링크를 참조하도록 하였습니다.",
            "id": "sample_044_0091_000028",
            "annotations": []
        },
        {
            "sentence": "문서 관리권한은 기밀 태그별로 분류되며 접근은 최소권한 원칙에 따라 역할기반 접근제어로 운영됩니다.",
            "id": "sample_044_0091_000029",
            "annotations": []
        },
        {
            "sentence": "결론 및 액션 항목: 보정자료 제출 기한을 2024-08-30으로 설정하고 기술자료 중 민감항목은 별도 암호화 저장을 권고합니다.",
            "id": "sample_044_0091_000030",
            "annotations": []
        }
    ]
}