{
    "document_id": "044_0079",
    "document_title": "지식재산권 및 특허관리 통합 보고서 — 출원 KR20240012345A",
    "data": [
        {
            "sentence": "문서 개요: 본 문서는 지식재산권 및 특허관리 관점에서 작성된 내역서로서 출원·심사·권리 이전·라이선스 정보를 포함합니다.",
            "id": "sample_044_0079_000001",
            "annotations": []
        },
        {
            "sentence": "문서 식별자 및 메타데이터: document_id는 044_0079이며, 원문 PDF 메타데이터와 OCR 버전 정보를 연계하여 보관합니다.",
            "id": "sample_044_0079_000002",
            "annotations": []
        },
        {
            "sentence": "출원번호는 KR20240012345A로 표기하며, 출원일은 2024-06-17로 ISO-8601 형식으로 기재합니다.",
            "id": "sample_044_0079_000003",
            "annotations": []
        },
        {
            "sentence": "발명의 명칭은 '무선 통신 장치의 전력 효율 최적화 장치'로 표준 분류는 IPC G06F 17/30 및 CPC G06F17/30로 정규화되어 기재합니다.",
            "id": "sample_044_0079_000004",
            "annotations": []
        },
        {
            "sentence": "초록: 본 발명은 전력 소모를 예측하는 알고리즘과 하드웨어 인터페이스를 결합하여 배터리 수명을 20% 이상 연장하는 시스템을 제안합니다.",
            "id": "sample_044_0079_000005",
            "annotations": []
        },
        {
            "sentence": "청구항 구성: 독립항 1항은 전력 예측 모듈과 제어 인터페이스를 포함하며 종속항은 센서 유형별 파라미터 보정 절차를 상세화합니다.",
            "id": "sample_044_0079_000006",
            "annotations": []
        },
        {
            "sentence": "명세서 본문은 발명의 기술적 배경, 문제점, 해결수단 및 실시예를 구분된 필드로 저장하며, 중요 키워드를 별도 요약 필드로 제공합니다.",
            "id": "sample_044_0079_000007",
            "annotations": []
        },
        {
            "sentence": "가족관계: 패밀리ID는 EP20240056789, US20240123456으로 표기하며 우선권 관계 및 우선권 날짜는 별도로 링크합니다.",
            "id": "sample_044_0079_000008",
            "annotations": []
        },
        {
            "sentence": "우선권 주장: 우선권 출원번호는 KR20230004567A이며 관련 문서의 입수 경로와 신뢰도는 원본으로 표기합니다.",
            "id": "sample_044_0079_000009",
            "annotations": []
        },
        {
            "sentence": "권리자 및 신청인: 출원인은 에이엠피테크 주식회사이며 대리인은 백미승 변리사로 기록되어 있습니다.",
            "id": "sample_044_0079_000010",
            "annotations": [
                {
                    "word": "백미승",
                    "start": 35,
                    "end": 38,
                    "label": "개인정보"
                }
            ]
        },
        {
            "sentence": "발명자: 민민성 및 진다윤이 공동 발명자로 등재되어 있으며 소속 및 역할은 명세서에 상세 기재되어 있습니다.",
            "id": "sample_044_0079_000011",
            "annotations": [
                {
                    "word": "민민성",
                    "start": 5,
                    "end": 8,
                    "label": "개인정보"
                },
                {
                    "word": "진다윤",
                    "start": 11,
                    "end": 14,
                    "label": "개인정보"
                }
            ]
        },
        {
            "sentence": "연락처: 발명자에게는 마스킹된 이메일 m*****@ampprotected.com과 전화번호 010-****-5678이 등록되어 있으며 개인정보 보호 규정에 따라 접근 통제가 필요합니다.",
            "id": "sample_044_0079_000012",
            "annotations": [
                {
                    "word": "m*****@ampprotected.com",
                    "start": 21,
                    "end": 44,
                    "label": "개인정보"
                },
                {
                    "word": "010-****-5678",
                    "start": 51,
                    "end": 64,
                    "label": "개인정보"
                }
            ]
        },
        {
            "sentence": "발명자 생년월일: 민민성(1985-07-15), 진다윤(1990-03-22) 정보는 준식별자로 처리되어 연·월·일 단위로 분리 보관합니다.",
            "id": "sample_044_0079_000013",
            "annotations": [
                {
                    "word": "1985-07-15",
                    "start": 14,
                    "end": 24,
                    "label": "준식별자"
                },
                {
                    "word": "1990-03-22",
                    "start": 31,
                    "end": 41,
                    "label": "준식별자"
                }
            ]
        },
        {
            "sentence": "주소(준식별자): 발명자 자료에는 근무지 주소가 '서울특별시 중구'로 표기되어 있으며 상세 주소는 내부 원본에만 제한 접근으로 보관합니다.",
            "id": "sample_044_0079_000014",
            "annotations": [
                {
                    "word": "서울특별시 중구",
                    "start": 28,
                    "end": 36,
                    "label": "준식별자"
                }
            ]
        },
        {
            "sentence": "법적 상태 이력: 공개일 2024-12-01, 심사중->보류->등록예정 등의 상태 변경 로그는 감사 추적과 권한 레벨 정보를 포함합니다.",
            "id": "sample_044_0079_000015",
            "annotations": []
        },
        {
            "sentence": "심사관 보고서 및 사무소 통지: 참조용 심사보고서는 Examiner Report ID: EPO-REPR-2024-009을 포함하며, 거절이유 통지는 상세 코멘트와 함께 저장됩니다.",
            "id": "sample_044_0079_000016",
            "annotations": []
        },
        {
            "sentence": "사무소 대응 기록에는 내부 검토 메모 path 'INTERNAL/CONF/assignment_044_0079.pdf'가 연결되어 있으며 해당 파일 경로는 기밀정보로 태깅합니다.",
            "id": "sample_044_0079_000017",
            "annotations": [
                {
                    "word": "INTERNAL/CONF/assignment_044_0079.pdf",
                    "start": 27,
                    "end": 64,
                    "label": "기밀정보"
                }
            ]
        },
        {
            "sentence": "권리 이전 문서에는 양도서 스캔본과 OCR 버전 1.2가 첨부되며, 체인오브타이틀 검증을 위해 서명 페이지의 메타데이터를 연계합니다.",
            "id": "sample_044_0079_000018",
            "annotations": []
        },
        {
            "sentence": "라이선스 계약 요약: 비공개 라이선스 계약서에 따르면 로열티율은 6.5%로 고정되어 있고 최소 지급보증금은 명시되어 있습니다.",
            "id": "sample_044_0079_000019",
            "annotations": []
        },
        {
            "sentence": "비밀유지계약(NDA): NDA에는 비밀유지기간 7년과 경쟁금지 조항이 포함되어 있어 관련 조항은 기밀로 분류됩니다.",
            "id": "sample_044_0079_000020",
            "annotations": [
                {
                    "word": "비밀유지기간 7년",
                    "start": 19,
                    "end": 28,
                    "label": "기밀정보"
                }
            ]
        },
        {
            "sentence": "유지비 일정: 연차료 납부 예정일은 2025-09-01, 2026-09-01로 예측되며 실시간 상태 업데이트 정책에 따라 모니터링됩니다.",
            "id": "sample_044_0079_000021",
            "annotations": []
        },
        {
            "sentence": "선행기술 검색보고서 및 인용문헌: 주요 인용은 US1000001A, EP2500000B를 포함하며 인용 네트워크는 그래프 데이터로 관리됩니다.",
            "id": "sample_044_0079_000022",
            "annotations": []
        },
        {
            "sentence": "소송 및 분쟁 기록: 현재 자유실시권 분석 중이며, 잠재적 침해자 목록은 내부 조사 중으로 외부 공개 금지입니다.",
            "id": "sample_044_0079_000023",
            "annotations": []
        },
        {
            "sentence": "재무 정보(기밀): 협상 중인 거래의 대금 정산을 위한 계좌번호는 ****-**1234로 마스킹 보관하며 실제 계좌번호는 암호화 저장합니다.",
            "id": "sample_044_0079_000024",
            "annotations": [
                {
                    "word": "****-**1234",
                    "start": 37,
                    "end": 48,
                    "label": "기밀정보"
                }
            ]
        },
        {
            "sentence": "특허평가 보고서: 정성적 분석과 정량적 가치평가 모델이 포함되며, 평가 결과는 내부 등급체계로 기밀 태그가 부여됩니다.",
            "id": "sample_044_0079_000025",
            "annotations": []
        },
        {
            "sentence": "자문 고지: 본 문서의 법적 해석이 필요한 항목은 '법적 자문 아님' 문구를 포함하며 관련 근거 출처(특허청 문서, 판결문 링크)를 참조하도록 권고합니다.",
            "id": "sample_044_0079_000026",
            "annotations": []
        },
        {
            "sentence": "문서 관리 정책: 모든 바이너리 원문은 메타데이터, OCR 버전, 저장 위치, 접근 로그를 포함한 감사 추적을 유지하며 권한 별 암호화가 적용됩니다.",
            "id": "sample_044_0079_000027",
            "annotations": []
        },
        {
            "sentence": "결론 및 권고사항: 민감한 발명·거래 정보는 별도 접근제어와 암호화 키 관리가 필요하며, 추가 검토를 위해 담당자 백미승에게 내부 결재 요청을 권고합니다.",
            "id": "sample_044_0079_000028",
            "annotations": [
                {
                    "word": "백미승",
                    "start": 64,
                    "end": 67,
                    "label": "개인정보"
                }
            ]
        }
    ]
}