{
    "document_id": "044_0036",
    "document_title": "에코테크 지식재산권 포트폴리오 관리 보고서",
    "data": [
        {
            "sentence": "본 문서는 에코테크(Ecotech)의 지식재산권 포트폴리오와 관련된 기술·법무 요약 및 관리 권고안을 포함합니다.",
            "id": "sample_044_0036_000001",
            "annotations": []
        },
        {
            "sentence": "문서는 출원·심사·공개·등록·거절사유·계약서·소송기록 등 전 과정의 서지 및 원문을 통합 관리하는 것을 목적으로 합니다.",
            "id": "sample_044_0036_000002",
            "annotations": []
        },
        {
            "sentence": "주요 대상 출원으로는 KR20240012345A가 있으며 관련 가족군에는 US20240123456A1, EP20230098765A1 등이 포함되어 있습니다.",
            "id": "sample_044_0036_000003",
            "annotations": []
        },
        {
            "sentence": "출원일 및 우선권 일자는 ISO-8601 형식으로 표기하며 예시로 출원일 2024-03-15, 우선권일 2023-09-10를 사용했습니다.",
            "id": "sample_044_0036_000004",
            "annotations": []
        },
        {
            "sentence": "발명명칭은 '고효율 열교환 구조 및 제어 알고리즘'으로 정의되어 있으며 요약(Abstract)과 주요 키워드는 별도 필드에 분리 저장됩니다.",
            "id": "sample_044_0036_000005",
            "annotations": []
        },
        {
            "sentence": "청구항(Claims)은 독립항 3건, 종속항 12건으로 구성되어 있으며 청구항 텍스트는 기계독해와 분류를 위해 별도 필드에 적재됩니다.",
            "id": "sample_044_0036_000006",
            "annotations": []
        },
        {
            "sentence": "명세서 전체(specification_text)와 도면(drawings_pdf)의 원문은 메타데이터, OCR 버전, PDF 해시값과 연계하여 보관합니다.",
            "id": "sample_044_0036_000007",
            "annotations": []
        },
        {
            "sentence": "우선권 주장 필드는 권리자 표기와 우선권 출원번호, 우선권일자를 명확히 기록하며 예: JP2023-987654 2023-08-01.",
            "id": "sample_044_0036_000008",
            "annotations": []
        },
        {
            "sentence": "분류코드는 IPC B01D 53/00 및 CPC B01D53/007 형태로 표준화하여 저장하며 원본 비표준 표기는 정규화 전후로 모두 보존합니다.",
            "id": "sample_044_0036_000009",
            "annotations": []
        },
        {
            "sentence": "출원인(applicant): 주식회사 에코테크(대표자: 차한규, 주소: 서울특별시, 강남구)로 등재되어 있습니다.",
            "id": "sample_044_0036_000010",
            "annotations": [
                {
                    "word": "차한규",
                    "start": 31,
                    "end": 34,
                    "label": "개인정보"
                },
                {
                    "word": "서울특별시",
                    "start": 40,
                    "end": 45,
                    "label": "준식별자"
                },
                {
                    "word": "강남구",
                    "start": 47,
                    "end": 50,
                    "label": "준식별자"
                }
            ]
        },
        {
            "sentence": "발명자(inventors): 권철운(1980-05-20, 남), 류주훈, 유이든 순으로 명시되어 있으며 대리인(agent): 심호영로 등록되어 있습니다.",
            "id": "sample_044_0036_000011",
            "annotations": [
                {
                    "word": "권철운",
                    "start": 16,
                    "end": 19,
                    "label": "개인정보"
                },
                {
                    "word": "1980-05-20",
                    "start": 20,
                    "end": 30,
                    "label": "준식별자"
                },
                {
                    "word": "남",
                    "start": 32,
                    "end": 33,
                    "label": "준식별자"
                },
                {
                    "word": "류주훈",
                    "start": 36,
                    "end": 39,
                    "label": "개인정보"
                },
                {
                    "word": "유이든",
                    "start": 41,
                    "end": 44,
                    "label": "개인정보"
                },
                {
                    "word": "심호영",
                    "start": 70,
                    "end": 73,
                    "label": "개인정보"
                }
            ]
        },
        {
            "sentence": "대리인 연락처: c***@ecotech.co.kr 및 010-1111-****로 표시하여 개인정보는 마스킹 처리했습니다.",
            "id": "sample_044_0036_000012",
            "annotations": [
                {
                    "word": "c***@ecotech.co.kr",
                    "start": 9,
                    "end": 27,
                    "label": "개인정보"
                },
                {
                    "word": "010-1111-****",
                    "start": 30,
                    "end": 43,
                    "label": "개인정보"
                }
            ]
        },
        {
            "sentence": "권리자(assignee)는 에코테크로 표기되어 있으며 권리이전 기록은 assignment_documents로 원문 스캔본과 연결됩니다.",
            "id": "sample_044_0036_000013",
            "annotations": []
        },
        {
            "sentence": "라이선스·양도 관련 계약서에는 로열티, 갱신조항, 독점권 범위가 포함되며 일부 거래조건은 기밀로 분류됩니다.",
            "id": "sample_044_0036_000014",
            "annotations": []
        },
        {
            "sentence": "내부 기밀 항목으로 프로젝트 코드명 'Project-Alpha'와 내부 파일 경로 /corp/ip/secret/Project-Alpha/KR20240012345A.pdf는 제한된 권한으로만 접근 가능합니다.",
            "id": "sample_044_0036_000015",
            "annotations": [
                {
                    "word": "/corp/ip/secret/Project-Alpha/KR20240012345A.pdf",
                    "start": 46,
                    "end": 94,
                    "label": "기밀정보"
                }
            ]
        },
        {
            "sentence": "핵심 기술 파라미터 예시로 learning_rate=0.0001, encoder_depth=12, optimizer='adam' 등은 공개 전까지 기밀로 관리해야 합니다.",
            "id": "sample_044_0036_000016",
            "annotations": [
                {
                    "word": "learning_rate=0.0001",
                    "start": 15,
                    "end": 35,
                    "label": "기밀정보"
                },
                {
                    "word": "encoder_depth=12",
                    "start": 37,
                    "end": 53,
                    "label": "기밀정보"
                },
                {
                    "word": "optimizer='adam'",
                    "start": 55,
                    "end": 71,
                    "label": "기밀정보"
                }
            ]
        },
        {
            "sentence": "심사 현황(legal_status_history): 2024-06-20 심사개시, 2024-09-01 의견제출, 2025-01-15 보정서 제출 등의 로그가 존재합니다.",
            "id": "sample_044_0036_000017",
            "annotations": []
        },
        {
            "sentence": "오피스액션 및 examiner_reports 원문은 심사관 주석을 포함하여 별도 필드에 저장하고 법적 판단이 필요한 경우 '법적 자문 아님' 경고를 명시합니다.",
            "id": "sample_044_0036_000018",
            "annotations": []
        },
        {
            "sentence": "선행기술 검색보고서(prior_art_search_reports)는 내부 검토용이며 선행문헌 목록, 인용네트워크, 유사성 점수를 포함합니다.",
            "id": "sample_044_0036_000019",
            "annotations": []
        },
        {
            "sentence": "권리이전 검증(chain of title)은 assignment_documents와 등기 기록을 대조하며 현재 등기번호는 EP-REG-2024-0098로 확인됩니다.",
            "id": "sample_044_0036_000020",
            "annotations": []
        },
        {
            "sentence": "유지비(maintenance_fee_schedule): 다음 납부기한 2026-03-15, 납부계좌는 내부관리 계정으로 표기되어 있으며 계좌: ****-****-1234로 기록되어 있습니다.",
            "id": "sample_044_0036_000021",
            "annotations": [
                {
                    "word": "****-****-1234",
                    "start": 80,
                    "end": 94,
                    "label": "기밀정보"
                }
            ]
        },
        {
            "sentence": "만료일(expiration_date)은 2044-03-15로 계산되었으며 관할권별 만료 규정의 예외사항은 별첨 표준을 참조하십시오.",
            "id": "sample_044_0036_000022",
            "annotations": []
        },
        {
            "sentence": "소송·분쟁기록(litigation_records)은 공개 소송 여부와 잠재 리스크를 포함하며 모든 소송 관련 문서는 출처와 신뢰도(원본/청구된/추정)를 명시합니다.",
            "id": "sample_044_0036_000023",
            "annotations": []
        },
        {
            "sentence": "NDA 문서(nondisclosure_agreements): 2023-11-01에 서명된 비밀유지계약서가 존재하며 서명자 중 하나는 권철운입니다.",
            "id": "sample_044_0036_000024",
            "annotations": [
                {
                    "word": "권철운",
                    "start": 74,
                    "end": 77,
                    "label": "개인정보"
                }
            ]
        },
        {
            "sentence": "양도서(assignment_documents) 원문에는 공증 스캔본과 OCR·버전(metadata)이 연계되어 있고 OCR 정확도와 검증 로그를 기록합니다.",
            "id": "sample_044_0036_000025",
            "annotations": []
        },
        {
            "sentence": "FTO(freedom_to_operate_analysis)는 경쟁사 특허 회피 디자인과 라이선스 필요성 평가를 포함하고 권리침해 리스크를 정성·정량 분석합니다.",
            "id": "sample_044_0036_000026",
            "annotations": []
        },
        {
            "sentence": "특허가치평가(patent_valuation_report)는 DCF 기반으로 수행되며 평가 기준일은 2024-12-31입니다.",
            "id": "sample_044_0036_000027",
            "annotations": []
        },
        {
            "sentence": "시스템 보안 항목으로 감사 추적(audit trail), 권한 레벨, 기밀 태그(confidentiality tags)를 포함하고 접근 로그를 정기 보관합니다.",
            "id": "sample_044_0036_000028",
            "annotations": []
        },
        {
            "sentence": "연락 담당자: 발명자 권철운, 대리인 심호영; 내부 공개 이메일은 p********@ecotech.co.kr로 제한 공개합니다.",
            "id": "sample_044_0036_000029",
            "annotations": [
                {
                    "word": "권철운",
                    "start": 12,
                    "end": 15,
                    "label": "개인정보"
                },
                {
                    "word": "심호영",
                    "start": 21,
                    "end": 24,
                    "label": "개인정보"
                },
                {
                    "word": "p********@ecotech.co.kr",
                    "start": 37,
                    "end": 60,
                    "label": "개인정보"
                }
            ]
        },
        {
            "sentence": "권고 조치로는 기밀 정보 암호화, 문서 별 접근제어, 정기적 권리 상태 업데이트 및 외부 API 레이트리밋 고려를 권고합니다.",
            "id": "sample_044_0036_000030",
            "annotations": []
        }
    ]
}