{
    "document_id": "044_0047",
    "document_title": "통합 지식재산권(IP) 레코드: 소형 모듈형 에너지 저장 장치 출원 및 관리 기록",
    "data": [
        {
            "sentence": "문서 개요: 본 문서는 지식재산권 및 특허관리 전과정의 메타데이터와 원문을 통합 관리하기 위한 사례형 레코드입니다.",
            "id": "sample_044_0047_000001",
            "annotations": []
        },
        {
            "sentence": "서지항목: 출원번호 KR20240012345A, 명칭 '소형 모듈형 에너지 저장 장치', 공개번호 KR20240067890A를 포함합니다.",
            "id": "sample_044_0047_000002",
            "annotations": []
        },
        {
            "sentence": "출원일: 2024-05-15, 우선권 주장: US2023-9876543A (우선일 2023-11-01) 등이 기록되어 있습니다.",
            "id": "sample_044_0047_000003",
            "annotations": [
                {
                    "word": "2024-05-15",
                    "start": 5,
                    "end": 15,
                    "label": "준식별자"
                },
                {
                    "word": "2023-11-01",
                    "start": 46,
                    "end": 56,
                    "label": "준식별자"
                }
            ]
        },
        {
            "sentence": "만료예정일(권리존속): 2044-05-15로 계산되었으며 관할권별 조정 규칙은 본문에 별도로 기술되어 있습니다.",
            "id": "sample_044_0047_000004",
            "annotations": [
                {
                    "word": "2044-05-15",
                    "start": 13,
                    "end": 23,
                    "label": "준식별자"
                }
            ]
        },
        {
            "sentence": "분류: IPC G11B 20/00; CPC H01M 10/00로 정규화하였고 원본 표기는 'G11B20'으로 보존하여 메타데이터에 연결합니다.",
            "id": "sample_044_0047_000005",
            "annotations": []
        },
        {
            "sentence": "발명자 목록: 구무건(창작자), 박현진(공동발명자), 연락처 및 대리인 정보는 별도 기밀섹션에 암호화하여 저장합니다.",
            "id": "sample_044_0047_000006",
            "annotations": [
                {
                    "word": "구무건",
                    "start": 8,
                    "end": 11,
                    "label": "개인정보"
                },
                {
                    "word": "박현진",
                    "start": 18,
                    "end": 21,
                    "label": "개인정보"
                }
            ]
        },
        {
            "sentence": "구무건의 기술적 기여 설명과 약력에는 이메일 gmg@masked-example.com이 기재되어 있으며, 해당 연락처는 표시를 마스킹하여 저장합니다.",
            "id": "sample_044_0047_000007",
            "annotations": [
                {
                    "word": "gmg@masked-example.com",
                    "start": 25,
                    "end": 47,
                    "label": "개인정보"
                }
            ]
        },
        {
            "sentence": "박현진의 연락처는 휴대폰 010-****-1234로 마스킹되어 문서에 표기되며, 실제 번호는 접근권한이 있는 사용자만 복호화 가능합니다.",
            "id": "sample_044_0047_000008",
            "annotations": [
                {
                    "word": "010-****-1234",
                    "start": 14,
                    "end": 27,
                    "label": "개인정보"
                }
            ]
        },
        {
            "sentence": "권리자(Assignee): 주식회사 에너지솔루션, 주소 서울특별시 강남구 테헤란로 1길 10로 등록되어 있으며 주소의 구성요소는 준식별자로 분리 저장됩니다.",
            "id": "sample_044_0047_000009",
            "annotations": [
                {
                    "word": "서울특별시",
                    "start": 31,
                    "end": 36,
                    "label": "준식별자"
                },
                {
                    "word": "강남구",
                    "start": 37,
                    "end": 40,
                    "label": "준식별자"
                },
                {
                    "word": "테헤란로 1길 10",
                    "start": 41,
                    "end": 51,
                    "label": "준식별자"
                }
            ]
        },
        {
            "sentence": "양도문서 및 체인오브타이틀: 양도 계약서 번호 ASSIGN-KR-2024-001이 첨부되어 있고 스캔 원문은 drawings_pdf와 함께 저장됩니다.",
            "id": "sample_044_0047_000010",
            "annotations": []
        },
        {
            "sentence": "원문 관리: 스캔 PDF 파일(dr_awings.pdf)에는 OCR 텍스트와 OCR 버전 3.2 정보, 파일 해시(sha256:abcd1234...)가 메타데이터로 연계되어 있습니다.",
            "id": "sample_044_0047_000011",
            "annotations": []
        },
        {
            "sentence": "재무 정보 및 출원비용: 계좌번호 110-123-456789로 입금된 거래기록이 계약서에 연결되어 있으므로 해당 번호는 기밀 태그가 부여됩니다.",
            "id": "sample_044_0047_000012",
            "annotations": [
                {
                    "word": "계좌번호 110-123-456789",
                    "start": 14,
                    "end": 33,
                    "label": "기밀정보"
                }
            ]
        },
        {
            "sentence": "내부 파일 경로 및 저장소: \\\\corp\\\\ip\\\\assignments\\\\KR20240012345.pdf 는 내부 시스템 경로로 기밀정보로 분류됩니다.",
            "id": "sample_044_0047_000013",
            "annotations": [
                {
                    "word": "\\\\corp\\\\ip\\\\assignments\\\\KR20240012345.pdf",
                    "start": 16,
                    "end": 58,
                    "label": "기밀정보"
                }
            ]
        },
        {
            "sentence": "라이선스 요건 중 일부는 비공개로 처리되어 비공개 로열티율 2.5% 및 지급조건이 계약서에 명시되어 있습니다.",
            "id": "sample_044_0047_000014",
            "annotations": [
                {
                    "word": "비공개 로열티율 2.5%",
                    "start": 24,
                    "end": 37,
                    "label": "기밀정보"
                }
            ]
        },
        {
            "sentence": "비밀유지계약(NDA)의 핵심조항은 비밀유지기간 5년과 위반시 과징금 조항으로 구성되며 전사 기밀로 분류됩니다.",
            "id": "sample_044_0047_000015",
            "annotations": [
                {
                    "word": "비밀유지기간 5년",
                    "start": 19,
                    "end": 28,
                    "label": "기밀정보"
                }
            ]
        },
        {
            "sentence": "심사 이력: 심사관 보고서 및 거절이유통지에는 성이정 심사관의 코멘트가 포함되어 있습니다.",
            "id": "sample_044_0047_000016",
            "annotations": [
                {
                    "word": "성이정",
                    "start": 26,
                    "end": 29,
                    "label": "개인정보"
                }
            ]
        },
        {
            "sentence": "심사관 코멘트는 기술적 근거, 인용문헌 및 추가 보정 요구사항을 상세히 기재하고 있습니다.",
            "id": "sample_044_0047_000017",
            "annotations": []
        },
        {
            "sentence": "주요 청구항(예시): 청구항 1은 '모듈형 전지 팩의 구성요소와 결합부를 포함하는 에너지 저장 장치'로 요약됩니다.",
            "id": "sample_044_0047_000018",
            "annotations": []
        },
        {
            "sentence": "청구범위 원문과 요소별 해설은 구조화 필드에 분리하여 저장하며 기계 독해용으로 토큰화 메타데이터를 포함합니다.",
            "id": "sample_044_0047_000019",
            "annotations": []
        },
        {
            "sentence": "선행기술 조사보고서: 주요 인용문헌으로 EP2022001234A1, US2019005678A1이 보고되었으며 인용 네트워크가 시각화되어 있습니다.",
            "id": "sample_044_0047_000020",
            "annotations": []
        },
        {
            "sentence": "법적 사건: 현재 별도 소송기록이 존재하지 않지만 잠재적 침해분석을 위해 FTO 보고서를 주기적으로 갱신할 것을 권고합니다.",
            "id": "sample_044_0047_000021",
            "annotations": []
        },
        {
            "sentence": "FTO 분석 요약에는 주요 경쟁사 제품 매핑과 잠재적 회피설계 권고가 포함됩니다.",
            "id": "sample_044_0047_000022",
            "annotations": []
        },
        {
            "sentence": "평가 보고서: 최근 특허 가치평가에서는 할인된 현금흐름법(DCF)을 적용하여 추정가치를 산출하였으며 세부 수치는 내부 기밀입니다.",
            "id": "sample_044_0047_000023",
            "annotations": []
        },
        {
            "sentence": "유지비 일정: 연차료 납부 예정일은 2025-06-30, 2026-06-30 등으로 관리되고 알림은 권한에 따라 발송됩니다.",
            "id": "sample_044_0047_000024",
            "annotations": [
                {
                    "word": "2025-06-30",
                    "start": 20,
                    "end": 30,
                    "label": "준식별자"
                },
                {
                    "word": "2026-06-30",
                    "start": 32,
                    "end": 42,
                    "label": "준식별자"
                }
            ]
        },
        {
            "sentence": "우선권 문서 및 증거자료의 원문 PDF는 OCR 버전과 스캔 해상도 정보를 포함하여 보관되며 원본 신뢰도는 '원본'으로 표기됩니다.",
            "id": "sample_044_0047_000025",
            "annotations": []
        },
        {
            "sentence": "감사 추적(audit trail): 모든 접근 및 변경 이력은 사용자ID 및 타임스탬프와 함께 기록되며 권한 레벨과 기밀 태그가 연계됩니다.",
            "id": "sample_044_0047_000026",
            "annotations": []
        },
        {
            "sentence": "접근권한: 문서는 '기밀', '내부', '공개' 3단계로 태그되며, 기밀문서에는 추가 암호화와 감사 로그가 요구됩니다.",
            "id": "sample_044_0047_000027",
            "annotations": []
        },
        {
            "sentence": "권장 조치: 우선권 증거 보완, 청구항 범위 축소 또는 보정, 라이선스 전략 검토 및 NDA 갱신을 포함합니다.",
            "id": "sample_044_0047_000028",
            "annotations": []
        },
        {
            "sentence": "참고 출처: 특허청 심사 가이드라인, 주요 판결문 링크 및 KIPO 데이터베이스를 근거로 하였으나 본 문서는 법적 자문이 아닙니다.",
            "id": "sample_044_0047_000029",
            "annotations": []
        },
        {
            "sentence": "문서 관리 담당자: 접수·등록 담당자 전보민이 검토하였으며 내부 연락처 등은 기밀 섹션에 보관됩니다.",
            "id": "sample_044_0047_000030",
            "annotations": [
                {
                    "word": "전보민",
                    "start": 21,
                    "end": 24,
                    "label": "개인정보"
                }
            ]
        }
    ]
}