{
    "document_id": "084_0018",
    "document_title": "데이터센터 및 클라우드 인프라 운영·감사 종합 보고서",
    "data": [
        {
            "sentence": "문서 개요: 본 문서는 데이터센터 및 클라우드 인프라 운영의 운영절차, 모니터링 샘플, 변경 및 감사증빙을 포함한 종합 운영 문서입니다.",
            "id": "sample_084_0018_000001",
            "annotations": []
        },
        {
            "sentence": "대상 인프라는 facility_id FAC-SEA-001의 RACK-A12-U42에 배치된 server-nyc-r12-42 서버와 연계된 호스트로 구성되어 있습니다.",
            "id": "sample_084_0018_000002",
            "annotations": [
                {
                    "word": "server-nyc-r12-42",
                    "start": 51,
                    "end": 68,
                    "label": "기밀정보"
                }
            ]
        },
        {
            "sentence": "해당 호스트의 식별자는 host_uuid 3f2a1b4e-9c8d-4f1a-a1b2-3c4d5e6f7a8b로, 구성 버전은 config_v2.4.1이며 변경 이력은 불변으로 보관됩니다.",
            "id": "sample_084_0018_000003",
            "annotations": [
                {
                    "word": "3f2a1b4e-9c8d-4f1a-a1b2-3c4d5e6f7a8b",
                    "start": 23,
                    "end": 59,
                    "label": "기밀정보"
                }
            ]
        },
        {
            "sentence": "네트워크 토폴로지 검토 중 내부관리용 IP 블록에서 10.10.12.34가 해당 랙의 스위치에 할당된 것을 확인하였습니다.",
            "id": "sample_084_0018_000004",
            "annotations": [
                {
                    "word": "10.10.12.34",
                    "start": 29,
                    "end": 40,
                    "label": "기밀정보"
                }
            ]
        },
        {
            "sentence": "유지보수 기록에는 점검 담당자 천재준이 2026-01-20T07:00:00Z에 전원 재분배 작업을 수행했다고 기재되어 있습니다.",
            "id": "sample_084_0018_000005",
            "annotations": [
                {
                    "word": "천재준",
                    "start": 17,
                    "end": 20,
                    "label": "개인정보"
                },
                {
                    "word": "2026-01-20T07:00:00Z",
                    "start": 22,
                    "end": 42,
                    "label": "준식별자"
                }
            ]
        },
        {
            "sentence": "멀티테넌시 표기를 위해 tenant_id tenant_azk12가 모든 관련 메트릭과 로그에 연동되어 데이터 격리를 보장합니다.",
            "id": "sample_084_0018_000006",
            "annotations": [
                {
                    "word": "tenant_azk12",
                    "start": 23,
                    "end": 35,
                    "label": "기밀정보"
                }
            ]
        },
        {
            "sentence": "청구 및 비용 관리를 위해 billing_account BA-9876543210가 비용청구 계정으로 사용되며 청구 리포트는 월별로 집계됩니다.",
            "id": "sample_084_0018_000007",
            "annotations": [
                {
                    "word": "BA-9876543210",
                    "start": 31,
                    "end": 44,
                    "label": "기밀정보"
                }
            ]
        },
        {
            "sentence": "자산 식별자는 inventory_item_code INV-SW-0001234로 표기되어 있으며 공급사는 vendor AcmeTech입니다.",
            "id": "sample_084_0018_000008",
            "annotations": [
                {
                    "word": "INV-SW-0001234",
                    "start": 28,
                    "end": 42,
                    "label": "기밀정보"
                }
            ]
        },
        {
            "sentence": "서버 하드웨어 보증 만료일은 warranty_expiry 2026-11-30로 기록되어 있으며 보증 기간은 증빙용으로 암호화 저장됩니다.",
            "id": "sample_084_0018_000009",
            "annotations": [
                {
                    "word": "2026-11-30",
                    "start": 32,
                    "end": 42,
                    "label": "준식별자"
                }
            ]
        },
        {
            "sentence": "모니터링 샘플: 2026-01-23T12:34:56Z에 수집된 metric_timestamp 기준 CPU 사용률 cpu_util_percent 72.5%, memory_used_mb 16384, disk_io_iops 450, network_tx_mbps 120.5, network_rx_mbps 98.3가 관측되었습니다.",
            "id": "sample_084_0018_000010",
            "annotations": [
                {
                    "word": "2026-01-23T12:34:56Z",
                    "start": 9,
                    "end": 29,
                    "label": "준식별자"
                }
            ]
        },
        {
            "sentence": "중요 변경 사항: change_request_id CR-2025-0456으로 승인되었고 변경 시간은 change_window_start 2026-02-01T02:00:00Z부터 change_window_end 2026-02-01T04:00:00Z까지로 지정되어 롤백 가능성이 명시되어 있습니다.",
            "id": "sample_084_0018_000011",
            "annotations": [
                {
                    "word": "CR-2025-0456",
                    "start": 28,
                    "end": 40,
                    "label": "기밀정보"
                },
                {
                    "word": "2026-02-01T02:00:00Z",
                    "start": 76,
                    "end": 96,
                    "label": "준식별자"
                },
                {
                    "word": "2026-02-01T04:00:00Z",
                    "start": 117,
                    "end": 137,
                    "label": "준식별자"
                }
            ]
        },
        {
            "sentence": "해당 변경의 승인자는 엄미현으로 기록되어 있으며 롤백 절차는 config_version config_v2.4.0으로부터 호환되도록 설계되었습니다.",
            "id": "sample_084_0018_000012",
            "annotations": [
                {
                    "word": "엄미현",
                    "start": 12,
                    "end": 15,
                    "label": "개인정보"
                }
            ]
        },
        {
            "sentence": "보안 패치 참조: patch_id PATCH-2025-11-07-03가 적용되었으며 패치 내역은 패치 스크립트의 검토 로그와 함께 암호화된 패치저장소에 보관됩니다.",
            "id": "sample_084_0018_000013",
            "annotations": [
                {
                    "word": "PATCH-2025-11-07-03",
                    "start": 19,
                    "end": 38,
                    "label": "기밀정보"
                }
            ]
        },
        {
            "sentence": "감사 로그 샘플: audit_log_entry '파일 접근: /etc/secure/config.yaml 읽기, 변경자: system'이 기록되어 있고 로그는 SOC2 요구사항에 따라 보존 및 암호화됩니다.",
            "id": "sample_084_0018_000014",
            "annotations": [
                {
                    "word": "/etc/secure/config.yaml",
                    "start": 34,
                    "end": 57,
                    "label": "기밀정보"
                }
            ]
        },
        {
            "sentence": "네트워크 접근점 예시로 vpn.internal.corp 도메인을 통한 관리 접속이 제한된 네트워크 세그먼트에서만 허용됩니다.",
            "id": "sample_084_0018_000015",
            "annotations": [
                {
                    "word": "vpn.internal.corp",
                    "start": 13,
                    "end": 30,
                    "label": "기밀정보"
                }
            ]
        },
        {
            "sentence": "환경 텔레메트리: temperature_celsius 27.4°C, humidity_percent 42.1%로 정상 범위이며 전력 소비 power_draw_kw 35.6kW, 최근 PUE는 1.45로 보고되었습니다.",
            "id": "sample_084_0018_000016",
            "annotations": []
        },
        {
            "sentence": "SLA 식별자 sla_id SLA-STD-99는 가용성 목표 availability_percent 99.99%와 RTO 목표를 포함하고 있으며 측정 기준은 uptime_seconds 단위로 집계됩니다.",
            "id": "sample_084_0018_000017",
            "annotations": []
        },
        {
            "sentence": "인시던트 샘플: incident_id INC-2026-1001, incident_severity P2로 분류되었고 RCA 문서는 내부 감사용으로 작성되었습니다.",
            "id": "sample_084_0018_000018",
            "annotations": [
                {
                    "word": "INC-2026-1001",
                    "start": 21,
                    "end": 34,
                    "label": "기밀정보"
                }
            ]
        },
        {
            "sentence": "로그 레벨 log_level ERROR와 log_message 'kubelet pod crashloop detected on vm-prod-021'은 연관 리소스 vm_id vm-prod-021을 포함하여 캡쳐되었습니다.",
            "id": "sample_084_0018_000019",
            "annotations": [
                {
                    "word": "vm-prod-021",
                    "start": 70,
                    "end": 81,
                    "label": "기밀정보"
                },
                {
                    "word": "vm-prod-021",
                    "start": 97,
                    "end": 108,
                    "label": "기밀정보"
                }
            ]
        },
        {
            "sentence": "컨테이너 레퍼런스는 container_id ctr-frontend-7b9c로 표기되며 컨테이너별 메트릭 수집 정책은 태그 기반으로 분리됩니다.",
            "id": "sample_084_0018_000020",
            "annotations": [
                {
                    "word": "ctr-frontend-7b9c",
                    "start": 24,
                    "end": 41,
                    "label": "기밀정보"
                }
            ]
        },
        {
            "sentence": "디스크 I/O 스파이크 관측 시나리오에서 disk_io_iops이 1200으로 급증했고 이와 연계된 네트워크 트래픽 network_tx_mbps 560.2를 동반했습니다.",
            "id": "sample_084_0018_000021",
            "annotations": []
        },
        {
            "sentence": "용량 계획은 memory_used_mb 트렌드와 CPU 부하 예측을 기반으로 하며, 장기 보관은 rollup 정책으로 주간과 월간 집계로 요약됩니다.",
            "id": "sample_084_0018_000022",
            "annotations": []
        },
        {
            "sentence": "운영 변경에는 변경 요청(change_request_id)과 config_version, 적용 시간, 롤백 플래그가 불변 감사 레코드로 기록됩니다.",
            "id": "sample_084_0018_000023",
            "annotations": []
        },
        {
            "sentence": "유지보수 로그(maintenance_log)에는 작업 내용, 적용시간, 담당자 및 승인자 기록이 포함되며 증빙기간은 ISO27001 요구사항에 맞춰 5년으로 설정됩니다.",
            "id": "sample_084_0018_000024",
            "annotations": []
        },
        {
            "sentence": "배포 파이프라인에서 빌드와 배포는 테넌트별 격리를 위해 tenant_id 레이블을 사용하고, cloud_region은 seoul-1, availability_zone은 seoul-1a로 매핑됩니다.",
            "id": "sample_084_0018_000025",
            "annotations": []
        },
        {
            "sentence": "계약 및 공급망 증빙에서는 vendor AcmeTech와 계약번호 CONTRACT-2024-AC-998이 기록되어 있으며 관련 재고는 inventory_item_code로 추적됩니다.",
            "id": "sample_084_0018_000026",
            "annotations": [
                {
                    "word": "CONTRACT-2024-AC-998",
                    "start": 37,
                    "end": 57,
                    "label": "기밀정보"
                }
            ]
        },
        {
            "sentence": "전력계약 및 환경 제약은 전력 용량과 쿨링 한계를 반영하여 PUE 목표를 설정하고 정기 점검 목록에 포함합니다.",
            "id": "sample_084_0018_000027",
            "annotations": []
        },
        {
            "sentence": "감사자 기록에는 최종 검토자 명단이 포함되며 샘플 감사자 중 신희우가 기술검토를 수행한 내역이 있습니다.",
            "id": "sample_084_0018_000028",
            "annotations": [
                {
                    "word": "신희우",
                    "start": 34,
                    "end": 37,
                    "label": "개인정보"
                }
            ]
        },
        {
            "sentence": "운영 결론 및 권고: 다중 AZ 복제와 NTP 동기화 강화, 로그 암호화 및 키관리 정책 검토를 권장합니다.",
            "id": "sample_084_0018_000029",
            "annotations": []
        },
        {
            "sentence": "액션 아이템: change_request_id CR-2026-0111를 제출하여 롤링 패치를 스케줄하고, 담당자 고준범에게 진행 보고를 요청합니다.",
            "id": "sample_084_0018_000030",
            "annotations": [
                {
                    "word": "CR-2026-0111",
                    "start": 26,
                    "end": 38,
                    "label": "기밀정보"
                },
                {
                    "word": "고준범",
                    "start": 63,
                    "end": 66,
                    "label": "개인정보"
                }
            ]
        }
    ]
}