{
    "document_id": "084_0087",
    "document_title": "데이터센터 및 클라우드 인프라 운영·감사 통합 리포트",
    "data": [
        {
            "sentence": "본 문서는 데이터센터 및 클라우드 인프라 운영 현황과 감사 증적을 통합하여 기록한 기술 보고서입니다.",
            "id": "sample_084_0087_000001",
            "annotations": []
        },
        {
            "sentence": "시설 식별자는 facility_id: FAC-SEA-0001로 표기되며 물리적 자산 매핑과 용량계획에 사용됩니다.",
            "id": "sample_084_0087_000002",
            "annotations": [
                {
                    "word": "FAC-SEA-0001",
                    "start": 21,
                    "end": 33,
                    "label": "기밀정보"
                }
            ]
        },
        {
            "sentence": "해당 데이터는 랙 식별(rack_id: RACK-U12-07)과 랙 내부 U 단위 분배 정보를 포함합니다.",
            "id": "sample_084_0087_000003",
            "annotations": [
                {
                    "word": "RACK-U12-07",
                    "start": 22,
                    "end": 33,
                    "label": "기밀정보"
                }
            ]
        },
        {
            "sentence": "서버 식별(server_id: srv-az1-0007)과 호스트 UUID(host_uuid: host-3f5a-4b2c-91e7)는 구성·배포·패치 추적에 활용됩니다.",
            "id": "sample_084_0087_000004",
            "annotations": [
                {
                    "word": "srv-az1-0007",
                    "start": 17,
                    "end": 29,
                    "label": "기밀정보"
                },
                {
                    "word": "host-3f5a-4b2c-91e7",
                    "start": 52,
                    "end": 71,
                    "label": "기밀정보"
                }
            ]
        },
        {
            "sentence": "가상화 계층 식별자는 vm_id: vm-82a1로, 컨테이너 식별자는 container_id: ctr-7f4b2로 표기하여 테넌트 매핑을 수행했습니다.",
            "id": "sample_084_0087_000005",
            "annotations": [
                {
                    "word": "vm-82a1",
                    "start": 19,
                    "end": 26,
                    "label": "기밀정보"
                },
                {
                    "word": "ctr-7f4b2",
                    "start": 53,
                    "end": 62,
                    "label": "기밀정보"
                }
            ]
        },
        {
            "sentence": "모든 메트릭은 metric_timestamp: 2026-01-15T12:00:00Z(UTC) 형식으로 수집·기록되며 시계열 정합성을 보장합니다.",
            "id": "sample_084_0087_000006",
            "annotations": [
                {
                    "word": "2026-01-15T12:00:00Z",
                    "start": 26,
                    "end": 46,
                    "label": "준식별자"
                }
            ]
        },
        {
            "sentence": "수집된 성능 예시: cpu_util_percent: 78.4% , memory_used_mb: 18432 MB, disk_io_iops: 1423 IOPS, network_tx_mbps: 420.7 Mbps, network_rx_mbps: 389.2 Mbps.",
            "id": "sample_084_0087_000007",
            "annotations": []
        },
        {
            "sentence": "환경 텔레메트리 예시: temperature_celsius: 24.1 C, humidity_percent: 42.5%, power_draw_kw: 18.32 kW, pue: 1.37, 모든 단위는 명시적으로 기록됩니다.",
            "id": "sample_084_0087_000008",
            "annotations": []
        },
        {
            "sentence": "최근 인시던트는 incident_id: INC-2026-0012로 기록되었고 incident_severity: P1(심각)으로 분류되어 긴급 대응이 이루어졌습니다.",
            "id": "sample_084_0087_000009",
            "annotations": [
                {
                    "word": "INC-2026-0012",
                    "start": 22,
                    "end": 35,
                    "label": "기밀정보"
                }
            ]
        },
        {
            "sentence": "변경 요청은 change_request_id: CR-2026-1704이며 계획 변경 창(change_window_start: 2026-01-20T01:00:00Z, change_window_end: 2026-01-20T03:00:00Z)을 따릅니다.",
            "id": "sample_084_0087_000010",
            "annotations": [
                {
                    "word": "CR-2026-1704",
                    "start": 26,
                    "end": 38,
                    "label": "기밀정보"
                },
                {
                    "word": "2026-01-20T01:00:00Z",
                    "start": 70,
                    "end": 90,
                    "label": "준식별자"
                },
                {
                    "word": "2026-01-20T03:00:00Z",
                    "start": 111,
                    "end": 131,
                    "label": "준식별자"
                }
            ]
        },
        {
            "sentence": "적용된 패치는 patch_id: PATCH-2026-045로 기록되었고 적용 시간은 2026-01-21T04:15:00Z이며 config_version: v3.2.1으로 불변 이력이 저장됩니다.",
            "id": "sample_084_0087_000011",
            "annotations": [
                {
                    "word": "PATCH-2026-045",
                    "start": 18,
                    "end": 32,
                    "label": "기밀정보"
                },
                {
                    "word": "2026-01-21T04:15:00Z",
                    "start": 47,
                    "end": 67,
                    "label": "준식별자"
                },
                {
                    "word": "v3.2.1",
                    "start": 86,
                    "end": 92,
                    "label": "기밀정보"
                }
            ]
        },
        {
            "sentence": "SLA 식별(sla_id: SLA-ENT-99)에 따른 가용성 목표가 availability_percent: 99.95%이며 현재 누적 uptime_seconds: 2592000 초를 보고합니다.",
            "id": "sample_084_0087_000012",
            "annotations": [
                {
                    "word": "SLA-ENT-99",
                    "start": 15,
                    "end": 25,
                    "label": "기밀정보"
                },
                {
                    "word": "2592000",
                    "start": 92,
                    "end": 99,
                    "label": "일반정보"
                }
            ]
        },
        {
            "sentence": "정기 유지보수 기록(maintenance_log)은 점검 시각, 수행자, 수행내용, 롤백 가능성 등을 포함하며 최근 항목에 담당자 심시혁에 의한 하드웨어 교체가 기재되어 있습니다.",
            "id": "sample_084_0087_000013",
            "annotations": [
                {
                    "word": "심시혁",
                    "start": 73,
                    "end": 76,
                    "label": "개인정보"
                }
            ]
        },
        {
            "sentence": "자산 정보: inventory_item_code: INV-RA-000321, vendor: NetRackCo, warranty_expiry: 2028-11-30T00:00:00Z(UTC)으로 자산 재평가 및 교체 일정을 관리합니다.",
            "id": "sample_084_0087_000014",
            "annotations": [
                {
                    "word": "INV-RA-000321",
                    "start": 28,
                    "end": 41,
                    "label": "기밀정보"
                },
                {
                    "word": "NetRackCo",
                    "start": 51,
                    "end": 60,
                    "label": "일반정보"
                },
                {
                    "word": "2028-11-30T00:00:00Z",
                    "start": 79,
                    "end": 99,
                    "label": "준식별자"
                }
            ]
        },
        {
            "sentence": "감사 로그 예시(audit_log_entry)는 'AUDIT: user=장조셉 action=approve resource=CR-2026-1704 time=2026-01-10T09:22:00Z' 형태로 변경이력과 증빙을 남깁니다.",
            "id": "sample_084_0087_000015",
            "annotations": [
                {
                    "word": "장조셉",
                    "start": 40,
                    "end": 43,
                    "label": "개인정보"
                }
            ]
        },
        {
            "sentence": "로그 레벨(log_level: ERROR)과 log_message: 'Disk controller timeout on srv-az1-0007 during IO burst'가 수집되어 장애 RCA에 활용되었습니다.",
            "id": "sample_084_0087_000016",
            "annotations": [
                {
                    "word": "ERROR",
                    "start": 17,
                    "end": 22,
                    "label": "일반정보"
                }
            ]
        },
        {
            "sentence": "청구 계정 정보(billing_account: BILL-XXXX-0001)는 비용 정산·청구 매핑용으로 토큰화하여 보관하되 접근 제어를 적용합니다.",
            "id": "sample_084_0087_000017",
            "annotations": [
                {
                    "word": "BILL-XXXX-0001",
                    "start": 26,
                    "end": 40,
                    "label": "기밀정보"
                }
            ]
        },
        {
            "sentence": "클라우드 리전은 cloud_region: ap-northeast-2이며 가동 중인 가용영역은 availability_zone: ap-northeast-2a로 다중 AZ 배포가 이루어집니다.",
            "id": "sample_084_0087_000018",
            "annotations": [
                {
                    "word": "ap-northeast-2",
                    "start": 23,
                    "end": 37,
                    "label": "일반정보"
                },
                {
                    "word": "ap-northeast-2",
                    "start": 71,
                    "end": 85,
                    "label": "일반정보"
                },
                {
                    "word": "ap-northeast-2a",
                    "start": 71,
                    "end": 86,
                    "label": "일반정보"
                }
            ]
        },
        {
            "sentence": "멀티테넌시 환경을 위해 tenant_id: tenant-84a7을 명시하고 테넌트별 데이터 격리 및 권한 모델을 적용하였습니다.",
            "id": "sample_084_0087_000019",
            "annotations": [
                {
                    "word": "tenant-84a7",
                    "start": 24,
                    "end": 35,
                    "label": "기밀정보"
                }
            ]
        },
        {
            "sentence": "모니터링 지표는 정상 분포와 함께 주기적인 스파이크가 관찰되며, 최근 24시간 동안 네트워크 송신량(network_tx_mbps)과 디스크 IOPS의 급증이 감지되었습니다.",
            "id": "sample_084_0087_000020",
            "annotations": []
        },
        {
            "sentence": "용량 계획은 현재 전력한도와 랙 여유(UU)를 고려하여 6개월 단위로 재산정하며 예측보전을 통한 하드웨어 교체를 스케줄링합니다.",
            "id": "sample_084_0087_000021",
            "annotations": []
        },
        {
            "sentence": "데이터 복제 및 백업 전략은 RTO와 RPO 목표에 부합하도록 다중 AZ와 별도 사이트에 암호화 복사본을 유지합니다.",
            "id": "sample_084_0087_000022",
            "annotations": []
        },
        {
            "sentence": "보안·규정 준수 항목으로 SOC2 및 ISO27001 표준을 준수하며 GDPR 관련 데이터주체 요청 처리를 위한 로그 보존 정책을 수립했습니다; 감사자 문은하가 증빙 기간을 검토합니다.",
            "id": "sample_084_0087_000023",
            "annotations": [
                {
                    "word": "SOC2",
                    "start": 14,
                    "end": 18,
                    "label": "일반정보"
                },
                {
                    "word": "ISO27001",
                    "start": 21,
                    "end": 29,
                    "label": "일반정보"
                },
                {
                    "word": "GDPR",
                    "start": 39,
                    "end": 43,
                    "label": "일반정보"
                },
                {
                    "word": "문은하",
                    "start": 85,
                    "end": 88,
                    "label": "개인정보"
                }
            ]
        },
        {
            "sentence": "최근 인시던트의 근본원인분석(RCA) 결과는 '컨트롤러 펌웨어 결함으로 인한 I/O 타임아웃'으로 확인되었고 관련 incident_id: INC-2026-0012가 추적됩니다.",
            "id": "sample_084_0087_000024",
            "annotations": [
                {
                    "word": "INC-2026-0012",
                    "start": 77,
                    "end": 90,
                    "label": "기밀정보"
                }
            ]
        },
        {
            "sentence": "변경 이력 변경기록에는 change_request_id: CR-2026-1704, 적용 시간, config_version: v3.2.1, 롤백 가능성 및 관련 티켓 번호가 불변적으로 기록됩니다.",
            "id": "sample_084_0087_000025",
            "annotations": []
        },
        {
            "sentence": "향후 조치 항목에는 네트워크 재설계, 디스크 교체 계획 및 담당자 구승권·전상진의 확인 및 서명이 포함됩니다.",
            "id": "sample_084_0087_000026",
            "annotations": [
                {
                    "word": "구승권",
                    "start": 37,
                    "end": 40,
                    "label": "개인정보"
                },
                {
                    "word": "전상진",
                    "start": 41,
                    "end": 44,
                    "label": "개인정보"
                }
            ]
        },
        {
            "sentence": "에너지 텔레메트리 장기 관측을 위해 power_draw_kw: 18.32 kW와 pue: 1.37의 추이를 분기별로 요약·보존합니다.",
            "id": "sample_084_0087_000027",
            "annotations": [
                {
                    "word": "18.32 kW",
                    "start": 35,
                    "end": 43,
                    "label": "일반정보"
                },
                {
                    "word": "1.37",
                    "start": 50,
                    "end": 54,
                    "label": "일반정보"
                }
            ]
        },
        {
            "sentence": "컨테이너 오케스트레이션 로그에는 container_id: ctr-7f4b2 관련 스케줄링 지연과 자원 할당 이벤트가 기록되어 운영팀에 의해 검토됩니다.",
            "id": "sample_084_0087_000028",
            "annotations": [
                {
                    "word": "ctr-7f4b2",
                    "start": 32,
                    "end": 41,
                    "label": "기밀정보"
                }
            ]
        },
        {
            "sentence": "마지막으로 테넌트 데이터 격리 정책, 암호화(전송·저장), 접근 로깅 및 과금 매핑(billing_account: BILL-XXXX-0001) 절차를 재검토하여 준법성과 가용성을 확보합니다.",
            "id": "sample_084_0087_000029",
            "annotations": []
        }
    ]
}