{
    "document_id": "084_0091",
    "document_title": "데이터센터 및 클라우드 인프라 운영 기록 및 샘플 메트릭",
    "data": [
        {
            "sentence": "본 문서는 데이터센터 및 클라우드 인프라 운영을 위한 운영기록과 샘플 메트릭을 포함하며 감사·변경관리 규칙을 설명합니다.",
            "id": "sample_084_0091_000001",
            "annotations": []
        },
        {
            "sentence": "문서 식별자는 내부 추적용으로 document_id 084_0091을 사용하며 변경 이력은 불변 감사 항목으로 보존됩니다.",
            "id": "sample_084_0091_000002",
            "annotations": []
        },
        {
            "sentence": "운영 담당자 토큰 [USER:한인기]와 [USER:고창욱]이 교대 근무를 수행하며 역할은 변경관리 승인과 인시던트 대응입니다.",
            "id": "sample_084_0091_000003",
            "annotations": [
                {
                    "word": "[USER:한인기]",
                    "start": 10,
                    "end": 20,
                    "label": "개인정보"
                },
                {
                    "word": "[USER:고창욱]",
                    "start": 22,
                    "end": 32,
                    "label": "개인정보"
                }
            ]
        },
        {
            "sentence": "시설 분리는 facility_id: FAC-SEA-01로 관리되며 리전·사이트 레벨 복제 규칙이 적용됩니다.",
            "id": "sample_084_0091_000004",
            "annotations": [
                {
                    "word": "FAC-SEA-01",
                    "start": 20,
                    "end": 30,
                    "label": "기밀정보"
                }
            ]
        },
        {
            "sentence": "물리적 랙은 rack_id: RACK-42U-17에 매핑되어 전원 PDU, 냉각 경로, UU(유닛) 할당이 기록됩니다.",
            "id": "sample_084_0091_000005",
            "annotations": [
                {
                    "word": "RACK-42U-17",
                    "start": 16,
                    "end": 27,
                    "label": "기밀정보"
                }
            ]
        },
        {
            "sentence": "물리 서버 식별 server_id: SRV-NODE-17A와 host_uuid: host-uuid-1111-2222-3333-4444는 구성 버전 추적에 사용됩니다.",
            "id": "sample_084_0091_000006",
            "annotations": [
                {
                    "word": "SRV-NODE-17A",
                    "start": 20,
                    "end": 32,
                    "label": "기밀정보"
                },
                {
                    "word": "host-uuid-1111-2222-3333-4444",
                    "start": 45,
                    "end": 74,
                    "label": "기밀정보"
                }
            ]
        },
        {
            "sentence": "가상 인스턴스 vm_id: vm-1001과 컨테이너 container_id: cont-7b4f의 네트워크 네임스페이스와 스토리지 매핑이 변경관리 항목에 기록됩니다.",
            "id": "sample_084_0091_000007",
            "annotations": [
                {
                    "word": "vm-1001",
                    "start": 15,
                    "end": 22,
                    "label": "기밀정보"
                },
                {
                    "word": "cont-7b4f",
                    "start": 43,
                    "end": 52,
                    "label": "기밀정보"
                }
            ]
        },
        {
            "sentence": "샘플 메트릭은 metric_timestamp: 2026-01-15T12:34:56Z에 수집되었으며 cpu_util_percent: 72.5, memory_used_mb: 16384, disk_io_iops: 1200으로 기록되었습니다.",
            "id": "sample_084_0091_000008",
            "annotations": [
                {
                    "word": "2026-01-15T12:34:56Z",
                    "start": 26,
                    "end": 46,
                    "label": "준식별자"
                }
            ]
        },
        {
            "sentence": "동일 시간대 네트워크 사용량은 network_tx_mbps: 450.3 및 network_rx_mbps: 312.8로 관찰되어 대역폭 계획에 반영됩니다.",
            "id": "sample_084_0091_000009",
            "annotations": []
        },
        {
            "sentence": "랙 내부 온도 temperature_celsius: 27.4 및 습도 humidity_percent: 48.2 값은 냉각 정책의 임계치에 부합합니다.",
            "id": "sample_084_0091_000010",
            "annotations": []
        },
        {
            "sentence": "데이터센터 전력 소비 power_draw_kw: 18.6 및 PUE: 1.45 지표는 월간 에너지 보고서에 집계됩니다.",
            "id": "sample_084_0091_000011",
            "annotations": []
        },
        {
            "sentence": "인시던트 추적은 incident_id: INC-2026-0007로 수행되며 incident_severity: SEV2로 분류되어 즉시 대응합니다.",
            "id": "sample_084_0091_000012",
            "annotations": [
                {
                    "word": "INC-2026-0007",
                    "start": 22,
                    "end": 35,
                    "label": "기밀정보"
                }
            ]
        },
        {
            "sentence": "변경 요청 change_request_id: CR-2026-0456는 change_window_start: 2026-02-10T02:00:00Z부터 change_window_end: 2026-02-10T04:00:00Z까지 예약되어 있습니다.",
            "id": "sample_084_0091_000013",
            "annotations": [
                {
                    "word": "CR-2026-0456",
                    "start": 25,
                    "end": 37,
                    "label": "기밀정보"
                },
                {
                    "word": "2026-02-10T02:00:00Z",
                    "start": 60,
                    "end": 80,
                    "label": "준식별자"
                },
                {
                    "word": "2026-02-10T04:00:00Z",
                    "start": 102,
                    "end": 122,
                    "label": "준식별자"
                }
            ]
        },
        {
            "sentence": "패치 항목 patch_id: PATCH-2026-02-11-DB는 config_version: v2.14.3과 연동되어 롤아웃 전 검증 및 Canary 테스트를 수행합니다.",
            "id": "sample_084_0091_000014",
            "annotations": [
                {
                    "word": "PATCH-2026-02-11-DB",
                    "start": 16,
                    "end": 35,
                    "label": "기밀정보"
                }
            ]
        },
        {
            "sentence": "서비스 목표는 sla_id: SLA-DC-99에 정의되어 있으며 목표 availability_percent: 99.995와 목표 uptime_seconds: 2592000을 포함합니다.",
            "id": "sample_084_0091_000015",
            "annotations": [
                {
                    "word": "SLA-DC-99",
                    "start": 16,
                    "end": 25,
                    "label": "기밀정보"
                }
            ]
        },
        {
            "sentence": "유지보수 로그 maintenance_log에는 점검 항목과 완료 시간, 담당자 토큰 [USER:나다호]의 승인 기록이 압축형태로 포함됩니다.",
            "id": "sample_084_0091_000016",
            "annotations": [
                {
                    "word": "[USER:나다호]",
                    "start": 47,
                    "end": 57,
                    "label": "개인정보"
                }
            ]
        },
        {
            "sentence": "자산 인벤토리 inventory_item_code: INV-RACK-0007, vendor: Dell EMC, warranty_expiry: 2028-07-14이 자산관리 DB에 기록됩니다.",
            "id": "sample_084_0091_000017",
            "annotations": [
                {
                    "word": "INV-RACK-0007",
                    "start": 29,
                    "end": 42,
                    "label": "기밀정보"
                },
                {
                    "word": "2028-07-14",
                    "start": 79,
                    "end": 89,
                    "label": "준식별자"
                }
            ]
        },
        {
            "sentence": "감사 로그 예시 audit_log_entry: AUDIT-2026-0009 - '[USER:서교성]이 2026-01-20T09:15:00Z에 구성 변경을 신청함'이 보존정책에 따라 암호화 저장됩니다.",
            "id": "sample_084_0091_000018",
            "annotations": [
                {
                    "word": "AUDIT-2026-0009",
                    "start": 26,
                    "end": 41,
                    "label": "기밀정보"
                },
                {
                    "word": "[USER:서교성]",
                    "start": 45,
                    "end": 55,
                    "label": "개인정보"
                },
                {
                    "word": "2026-01-20T09:15:00Z",
                    "start": 57,
                    "end": 77,
                    "label": "준식별자"
                }
            ]
        },
        {
            "sentence": "로그 레벨 log_level: ERROR 및 log_message: '디스크 I/O 경합으로 인한 응답지연 발생, 디스크 교체 예정'은 RCA 문서에 포함됩니다.",
            "id": "sample_084_0091_000019",
            "annotations": []
        },
        {
            "sentence": "청구 계정 billing_account: BILL-ACCT-5873과 cloud_region: ap-northeast-2, availability_zone: ap-northeast-2a가 비용 보고서에 매핑됩니다.",
            "id": "sample_084_0091_000020",
            "annotations": [
                {
                    "word": "BILL-ACCT-5873",
                    "start": 23,
                    "end": 37,
                    "label": "기밀정보"
                },
                {
                    "word": "ap-northeast-2",
                    "start": 53,
                    "end": 67,
                    "label": "기밀정보"
                },
                {
                    "word": "ap-northeast-2",
                    "start": 88,
                    "end": 102,
                    "label": "기밀정보"
                },
                {
                    "word": "ap-northeast-2a",
                    "start": 88,
                    "end": 103,
                    "label": "기밀정보"
                }
            ]
        },
        {
            "sentence": "멀티테넌시 원칙에 따라 tenant_id: tenant_azk_001을 기준으로 권한과 데이터 분리를 시행합니다.",
            "id": "sample_084_0091_000021",
            "annotations": [
                {
                    "word": "tenant_azk_001",
                    "start": 24,
                    "end": 38,
                    "label": "기밀정보"
                }
            ]
        },
        {
            "sentence": "모니터링 데이터는 초단위 수집을 기본으로 하며 2026-01-15T12:35:00Z에서 CPU 급증의 스파이크가 관찰되었습니다.",
            "id": "sample_084_0091_000022",
            "annotations": [
                {
                    "word": "2026-01-15T12:35:00Z",
                    "start": 26,
                    "end": 46,
                    "label": "준식별자"
                }
            ]
        },
        {
            "sentence": "롤백 가능성은 변경기록에 명시되어 있으며 자동 롤백 절차는 config_version: v2.14.2로 준비됩니다.",
            "id": "sample_084_0091_000023",
            "annotations": []
        },
        {
            "sentence": "운영절차는 SOC2 및 ISO27001 감사 요건을 준수하며 증빙기간: 3년으로 감사자: [PERSON_백승표]가 기록됩니다.",
            "id": "sample_084_0091_000024",
            "annotations": [
                {
                    "word": "[PERSON_백승표]",
                    "start": 50,
                    "end": 62,
                    "label": "개인정보"
                }
            ]
        },
        {
            "sentence": "에너지 및 환경 텔레메트리는 PUE, 전력, 온습도 및 센서별 고장률을 주기적으로 요약하여 보관하고 이상치는 알람으로 전파합니다.",
            "id": "sample_084_0091_000025",
            "annotations": []
        },
        {
            "sentence": "인시던트 RCA에는 incident_id: INC-2026-0007의 근본원인과 복구시간, 관련 리소스(host_uuid: host-uuid-1111-2222-3333-4444, vm_id: vm-1001)를 포함합니다.",
            "id": "sample_084_0091_000026",
            "annotations": [
                {
                    "word": "INC-2026-0007",
                    "start": 24,
                    "end": 37,
                    "label": "기밀정보"
                },
                {
                    "word": "host-uuid-1111-2222-3333-4444",
                    "start": 69,
                    "end": 98,
                    "label": "기밀정보"
                },
                {
                    "word": "vm-1001",
                    "start": 107,
                    "end": 114,
                    "label": "기밀정보"
                }
            ]
        },
        {
            "sentence": "패치 및 패치이력은 patch_id와 배포시각을 immutable audit trail로 유지하며 변경 이력은 CR-ID와 연계되어 추적 가능합니다.",
            "id": "sample_084_0091_000027",
            "annotations": []
        },
        {
            "sentence": "운영 자동화 스크립트는 자격증명 노출을 방지하도록 설계되어 있으며 실제 키와 비밀번호는 문서에 포함되지 않습니다.",
            "id": "sample_084_0091_000028",
            "annotations": []
        },
        {
            "sentence": "재해복구(BCP) 절차는 다중 AZ와 다중 사이트 복제를 포함하며 RTO 15분과 RPO 1시간 목표를 명시합니다.",
            "id": "sample_084_0091_000029",
            "annotations": []
        },
        {
            "sentence": "결론적으로 모든 로그와 감사데이터는 암호화 저장 및 접근 제어 하에 보존되며 추가 조치와 검토는 변경 요청 CR-2026-0456으로 관리됩니다.",
            "id": "sample_084_0091_000030",
            "annotations": [
                {
                    "word": "CR-2026-0456",
                    "start": 60,
                    "end": 72,
                    "label": "기밀정보"
                }
            ]
        }
    ]
}