{
    "document_id": "084_0082",
    "document_title": "데이터센터 및 클라우드 인프라 운영 일일 리포트 - 2026-01-22",
    "data": [
        {
            "sentence": "본 문서는 2026-01-22T08:00:00Z 기준으로 데이터센터 및 클라우드 인프라 운영 현황을 요약한 리포트입니다.",
            "id": "sample_084_0082_000001",
            "annotations": []
        },
        {
            "sentence": "리포트 범위에는 물리 인벤토리, 가상화 계층, 네트워크 토폴로지, 모니터링 지표, 변경 및 패치 내역, 인시던트 RCA, SLA 준수 현황이 포함됩니다.",
            "id": "sample_084_0082_000002",
            "annotations": []
        },
        {
            "sentence": "facility_id는 FCL-SEOUL-01로 표기했고 위치는 서울특별시로 레지던시 규제를 확인했습니다.",
            "id": "sample_084_0082_000003",
            "annotations": [
                {
                    "word": "서울특별시",
                    "start": 36,
                    "end": 41,
                    "label": "준식별자"
                }
            ]
        },
        {
            "sentence": "랙 식별값은 rack_id=RACK-12-U42이며 관련 서버 식별은 server_id=srv-DC1-R12-U42로 표기했습니다.",
            "id": "sample_084_0082_000004",
            "annotations": [
                {
                    "word": "RACK-12-U42",
                    "start": 15,
                    "end": 26,
                    "label": "기밀정보"
                },
                {
                    "word": "srv-DC1-R12-U42",
                    "start": 49,
                    "end": 64,
                    "label": "기밀정보"
                }
            ]
        },
        {
            "sentence": "물리서버 고유식별자 host_uuid=host-9f8b7a6c-4d2b-11ec-9a66-000000000001로 자산관리 DB와 매칭되었음을 기록합니다.",
            "id": "sample_084_0082_000005",
            "annotations": [
                {
                    "word": "host-9f8b7a6c-4d2b-11ec-9a66-000000000001",
                    "start": 21,
                    "end": 62,
                    "label": "기밀정보"
                }
            ]
        },
        {
            "sentence": "가상머신 vm_id=vm-88e5a9c3 및 컨테이너 container_id=ctr-5f2b-77d 기록은 변경불변성으로 보관됩니다.",
            "id": "sample_084_0082_000006",
            "annotations": [
                {
                    "word": "vm-88e5a9c3",
                    "start": 11,
                    "end": 22,
                    "label": "기밀정보"
                },
                {
                    "word": "ctr-5f2b-77d",
                    "start": 43,
                    "end": 55,
                    "label": "기밀정보"
                }
            ]
        },
        {
            "sentence": "metric_timestamp=2026-01-22T07:59:00Z에 측정된 CPU 사용률 cpu_util_percent=72.5%, memory_used_mb=16384, disk_io_iops=420, network_tx_mbps=120.3, network_rx_mbps=98.7로 요약했습니다.",
            "id": "sample_084_0082_000007",
            "annotations": []
        },
        {
            "sentence": "환경 텔레메트리에서 temperature_celsius=27.1, humidity_percent=45.2, power_draw_kw=12.45, pue=1.45로 정상 허용범위 내에 있음을 확인했습니다.",
            "id": "sample_084_0082_000008",
            "annotations": []
        },
        {
            "sentence": "동일 기간 중 CPU 사용률 스파이크는 2026-01-22T07:55:30Z에 발생했으며 상위 원인은 배치 작업의 동시 실행으로 추정됩니다.",
            "id": "sample_084_0082_000009",
            "annotations": []
        },
        {
            "sentence": "incident_id=INC-20260122-004 severity=high로 지정된 인시던트가 접수되었고 관련 리소스는 server_id=srv-DC1-R12-U42였습니다.",
            "id": "sample_084_0082_000010",
            "annotations": [
                {
                    "word": "srv-DC1-R12-U42",
                    "start": 78,
                    "end": 93,
                    "label": "기밀정보"
                }
            ]
        },
        {
            "sentence": "인시던트 초기 RCA 단계에서는 네트워크 병목과 스토리지 I/O 과부하가 확인되었고 후속 조치로 스토리지 큐 조정이 수행되었습니다.",
            "id": "sample_084_0082_000011",
            "annotations": []
        },
        {
            "sentence": "change_request_id=CR-20260122-88는 2026-01-23T01:00:00Z부터 change_window_start이며 change_window_end=2026-01-23T03:00:00Z으로 계획되었습니다.",
            "id": "sample_084_0082_000012",
            "annotations": []
        },
        {
            "sentence": "해당 변경은 config_version=v3.2.1-build-20260115로 적용 예정이며 롤백 가능성을 유지하도록 배포 스크립트를 준비했습니다.",
            "id": "sample_084_0082_000013",
            "annotations": []
        },
        {
            "sentence": "patch_id=PATCH-2026-01-15-47은 보안 패치 적용 이력으로 패치 전후 메트릭을 비교하여 회귀가 없는지 확인했습니다.",
            "id": "sample_084_0082_000014",
            "annotations": []
        },
        {
            "sentence": "SLA 식별 sla_id=SLA-ENT-99에 따른 가용성 목표 availability_percent=99.95%이고 측정된 uptime_seconds=2592000으로 집계했습니다.",
            "id": "sample_084_0082_000015",
            "annotations": []
        },
        {
            "sentence": "유지보수 로그 maintenance_log에는 2026-01-15T02:00:00Z에 수행한 랙 전원 교체 기록이 포함되어 있습니다.",
            "id": "sample_084_0082_000016",
            "annotations": []
        },
        {
            "sentence": "인벤토리 항목 inventory_item_code=INV-2024-5501은 HDD 4TB SAS 모델로 vendor=Infratek에서 공급되었고 warranty_expiry=2026-12-31으로 기재되었습니다.",
            "id": "sample_084_0082_000017",
            "annotations": [
                {
                    "word": "INV-2024-5501",
                    "start": 28,
                    "end": 41,
                    "label": "기밀정보"
                },
                {
                    "word": "Infratek",
                    "start": 66,
                    "end": 74,
                    "label": "기밀정보"
                },
                {
                    "word": "2026-12-31",
                    "start": 99,
                    "end": 109,
                    "label": "준식별자"
                }
            ]
        },
        {
            "sentence": "감사 로그 audit_log_entry='2026-01-22T07:58:10Z AUDIT user_login_failure user=조승은 [PERSON_TOKEN:0001] source_ip=10.0.4.12' 항목을 암호화하여 보관했습니다.",
            "id": "sample_084_0082_000018",
            "annotations": [
                {
                    "word": "조승은",
                    "start": 74,
                    "end": 77,
                    "label": "개인정보"
                },
                {
                    "word": "[PERSON_TOKEN:0001]",
                    "start": 78,
                    "end": 97,
                    "label": "개인정보"
                },
                {
                    "word": "10.0.4.12",
                    "start": 108,
                    "end": 117,
                    "label": "기밀정보"
                }
            ]
        },
        {
            "sentence": "로그 레벨 log_level=ERROR와 log_message='disk latency exceeded threshold on srv-DC1-R12-U42'로 모니터링 시스템에 경보가 등록되었습니다.",
            "id": "sample_084_0082_000019",
            "annotations": [
                {
                    "word": "srv-DC1-R12-U42",
                    "start": 71,
                    "end": 86,
                    "label": "기밀정보"
                }
            ]
        },
        {
            "sentence": "청구 계정 billing_account=billing_acct_7789는 별도 결제 권한으로 관리되며 비용 분석과 레지던시 규제 확인 대상입니다.",
            "id": "sample_084_0082_000020",
            "annotations": [
                {
                    "word": "billing_acct_7789",
                    "start": 22,
                    "end": 39,
                    "label": "기밀정보"
                }
            ]
        },
        {
            "sentence": "클라우드 리전 cloud_region=ap-northeast-3 및 availability_zone=ap-northeast-3a에跨거점 복제를 구성하여 RTO 목표를 만족합니다.",
            "id": "sample_084_0082_000021",
            "annotations": []
        },
        {
            "sentence": "멀티테넌시를 고려하여 tenant_id=tenant_8347의 리소스 격리 상태를 검증했고 네트워크 ACL이 올바르게 적용되었습니다.",
            "id": "sample_084_0082_000022",
            "annotations": [
                {
                    "word": "tenant_8347",
                    "start": 22,
                    "end": 33,
                    "label": "기밀정보"
                }
            ]
        },
        {
            "sentence": "운영 담당자 확인: 변경 승인자 조승은 [PERSON_TOKEN:0001] 및 기술검토 주한선 [PERSON_TOKEN:0002]이 서명했습니다.",
            "id": "sample_084_0082_000023",
            "annotations": [
                {
                    "word": "조승은",
                    "start": 18,
                    "end": 21,
                    "label": "개인정보"
                },
                {
                    "word": "[PERSON_TOKEN:0001]",
                    "start": 22,
                    "end": 41,
                    "label": "개인정보"
                },
                {
                    "word": "주한선",
                    "start": 49,
                    "end": 52,
                    "label": "개인정보"
                },
                {
                    "word": "[PERSON_TOKEN:0002]",
                    "start": 53,
                    "end": 72,
                    "label": "개인정보"
                }
            ]
        },
        {
            "sentence": "RCA 보고서 결론에 따라 재발방지 조치가 config_version=v3.2.2로 문서화되어 다음 배포에 포함합니다.",
            "id": "sample_084_0082_000024",
            "annotations": []
        },
        {
            "sentence": "전력 계약 및 사용량 보고서는 외부 규제에 따라 3년치 증빙을 유지하며 암호화와 접근통제를 적용합니다.",
            "id": "sample_084_0082_000025",
            "annotations": []
        },
        {
            "sentence": "에너지 효율 지표 PUE는 24시간 롤업 기준으로 1.42, 피크 시간대는 1.58로 예측 모델에 반영했습니다.",
            "id": "sample_084_0082_000026",
            "annotations": []
        },
        {
            "sentence": "감사자 노무영은 SOC2 및 ISO27001 준수 확인을 위해 2026-01-20T09:30:00Z에 현장 감사를 수행했습니다.",
            "id": "sample_084_0082_000027",
            "annotations": [
                {
                    "word": "노무영",
                    "start": 4,
                    "end": 7,
                    "label": "개인정보"
                }
            ]
        },
        {
            "sentence": "결론 및 권고: 재현 가능한 부하 패턴은 자동 스케줄링과 큐 우선순위 조정으로 완화하고 모니터링 알람은 config_version 기준으로 동기화할 것을 권고합니다.",
            "id": "sample_084_0082_000028",
            "annotations": []
        }
    ]
}