{
    "document_id": "084_0049",
    "document_title": "데이터센터 및 클라우드 인프라 운영 기록 및 RCA 보고서",
    "data": [
        {
            "sentence": "문서 목적: 본 문서는 데이터센터 및 클라우드 인프라 운영 상태, 변경 이력, 인시던트 RCA 및 규정 준수 증빙을 통합적으로 기록하기 위한 기술 운영 문서입니다.",
            "id": "sample_084_0049_000001",
            "annotations": []
        },
        {
            "sentence": "facility_id는 내부 관리용 식별자이며 해당 문서에서 사용된 값은 facility_id: FAC-SEA-001 입니다.",
            "id": "sample_084_0049_000002",
            "annotations": [
                {
                    "word": "FAC-SEA-001",
                    "start": 54,
                    "end": 65,
                    "label": "기밀정보"
                }
            ]
        },
        {
            "sentence": "물리 랙 식별자는 rack_id: RACK-UU12-45로 표기하였으며 랙 열, PDU 레이아웃 및 남은 UU(래크 유닛)는 별도 표에 기록되어 있습니다.",
            "id": "sample_084_0049_000003",
            "annotations": [
                {
                    "word": "RACK-UU12-45",
                    "start": 19,
                    "end": 31,
                    "label": "기밀정보"
                }
            ]
        },
        {
            "sentence": "해당 장비의 서버 식별자는 server_id: SRV-084-0049-01로, 자산관리와 변경 추적에 동일 식별자를 사용합니다.",
            "id": "sample_084_0049_000004",
            "annotations": [
                {
                    "word": "SRV-084-0049-01",
                    "start": 26,
                    "end": 41,
                    "label": "기밀정보"
                }
            ]
        },
        {
            "sentence": "호스트 고유식별자는 host_uuid: HOST_UUID_REDACTED_1 로 토큰화하여 기록하며 UUID는 구성 변경 시 불변추적용으로 사용됩니다.",
            "id": "sample_084_0049_000005",
            "annotations": [
                {
                    "word": "HOST_UUID_REDACTED_1",
                    "start": 22,
                    "end": 42,
                    "label": "기밀정보"
                }
            ]
        },
        {
            "sentence": "가상머신 식별자 vm_id: VM-84-9001 및 메타데이터는 테넌트 격리 규칙에 따라 암호화된 상태로 저장됩니다.",
            "id": "sample_084_0049_000006",
            "annotations": [
                {
                    "word": "VM-84-9001",
                    "start": 16,
                    "end": 26,
                    "label": "기밀정보"
                }
            ]
        },
        {
            "sentence": "컨테이너 식별자는 container_id: CONT-84-A1B2로 표기하며 오케스트레이션 레이블로 네임스페이스와 매핑됩니다.",
            "id": "sample_084_0049_000007",
            "annotations": [
                {
                    "word": "CONT-84-A1B2",
                    "start": 24,
                    "end": 36,
                    "label": "기밀정보"
                }
            ]
        },
        {
            "sentence": "샘플 메트릭(UTC): metric_timestamp=2026-01-23T11:59:00Z, cpu_util_percent=85.4, memory_used_mb=16384, disk_io_iops=12000, network_tx_mbps=450.5, network_rx_mbps=320.2, tenant_id=TENANT_REDACTED_T01.",
            "id": "sample_084_0049_000008",
            "annotations": [
                {
                    "word": "TENANT_REDACTED_T01",
                    "start": 173,
                    "end": 192,
                    "label": "기밀정보"
                }
            ]
        },
        {
            "sentence": "환경 텔레메트리(UTC): metric_timestamp=2026-01-23T11:59:30Z, temperature_celsius=27.3, humidity_percent=42.5, power_draw_kw=12.8, pue=1.45로 관측되어 정상 범위 내에 있습니다.",
            "id": "sample_084_0049_000009",
            "annotations": []
        },
        {
            "sentence": "인시던트 기본정보: incident_id=INC-2026-0005, incident_severity=critical, 감지시간=2026-01-23T11:59:45Z, 증상은 네트워크 패킷 손실과 I/O 지연 증가였습니다.",
            "id": "sample_084_0049_000010",
            "annotations": [
                {
                    "word": "INC-2026-0005",
                    "start": 23,
                    "end": 36,
                    "label": "기밀정보"
                }
            ]
        },
        {
            "sentence": "변경요청: change_request_id=CR-2026-0001, change_window_start=2026-01-24T02:00:00Z, change_window_end=2026-01-24T03:00:00Z, config_version=v2.3.1, rollback=true로 기록되어 불변 감사 추적이 보장됩니다.",
            "id": "sample_084_0049_000011",
            "annotations": [
                {
                    "word": "CR-2026-0001",
                    "start": 24,
                    "end": 36,
                    "label": "기밀정보"
                }
            ]
        },
        {
            "sentence": "패치 이력: patch_id=PATCH-8821가 2026-01-23T03:15:00Z에 적용되었으며 적용 전후 체크리스트와 자동화 테스트 결과가 부속 문서로 보관됩니다.",
            "id": "sample_084_0049_000012",
            "annotations": [
                {
                    "word": "PATCH-8821",
                    "start": 16,
                    "end": 26,
                    "label": "기밀정보"
                }
            ]
        },
        {
            "sentence": "SLA 항목: sla_id=SLA-STD-99, availability_percent=99.95, uptime_seconds=2592000(30일 기준 누적)이며 SLO 초과 미달 시 자동 알림이 생성됩니다.",
            "id": "sample_084_0049_000013",
            "annotations": [
                {
                    "word": "SLA-STD-99",
                    "start": 15,
                    "end": 25,
                    "label": "기밀정보"
                }
            ]
        },
        {
            "sentence": "유지보수 로그: maintenance_log 항목에 승인자는 [MASKED_NAME_윤근오]로 토큰화되어 기록되며 승인 시간과 작업자 목록은 별도 감사 로그와 연계됩니다.",
            "id": "sample_084_0049_000014",
            "annotations": [
                {
                    "word": "[MASKED_NAME_윤근오]",
                    "start": 34,
                    "end": 51,
                    "label": "개인정보"
                }
            ]
        },
        {
            "sentence": "자산 항목: inventory_item_code=INV-2026-R1, vendor=ACME Systems, warranty_expiry=2028-05-01T00:00:00Z로 자산 수명주기 관리가 수행됩니다.",
            "id": "sample_084_0049_000015",
            "annotations": [
                {
                    "word": "INV-2026-R1",
                    "start": 27,
                    "end": 38,
                    "label": "기밀정보"
                }
            ]
        },
        {
            "sentence": "감사 로그 예시: audit_log_entry=AUDIT_000123, 항목에는 작업타입, 타임스탬프, 연관 자산 식별자 및 참조 키가 포함되며 보존정책과 암호화 규칙을 따릅니다.",
            "id": "sample_084_0049_000016",
            "annotations": [
                {
                    "word": "AUDIT_000123",
                    "start": 26,
                    "end": 38,
                    "label": "기밀정보"
                }
            ]
        },
        {
            "sentence": "운영 로그 예시: log_level=ERROR, log_message=\"구성 파일 접근 실패: FILEPATH_REDACTED_01 권한 없음\", 민감 데이터는 마스킹된 채로 저장됩니다.",
            "id": "sample_084_0049_000017",
            "annotations": [
                {
                    "word": "FILEPATH_REDACTED_01",
                    "start": 53,
                    "end": 73,
                    "label": "기밀정보"
                }
            ]
        },
        {
            "sentence": "청구 관련: billing_account=BILL_ACCT_REDACTED_001은 비용 할당 및 비용 최적화 리포트용으로 태깅되며 세부 청구 항목은 암호화된 청구 원장에 보관됩니다.",
            "id": "sample_084_0049_000018",
            "annotations": [
                {
                    "word": "BILL_ACCT_REDACTED_001",
                    "start": 23,
                    "end": 45,
                    "label": "기밀정보"
                }
            ]
        },
        {
            "sentence": "클라우드 분포: cloud_region=ap-northeast-2, availability_zone=ap-northeast-2a에 걸쳐 다중 AZ 복제 구성이 적용되어 있습니다.",
            "id": "sample_084_0049_000019",
            "annotations": []
        },
        {
            "sentence": "모니터링 예시(스파이크): 2026-01-23T11:58:00Z~2026-01-23T12:02:00Z 구간에서 cpu_util_percent가 25%에서 92%로 급증했고 network_tx_mbps가 단기적으로 감소하는 상관관계가 포착되었습니다.",
            "id": "sample_084_0049_000020",
            "annotations": []
        },
        {
            "sentence": "RCA 요약: 네트워크 경로 재검증 결과, INC-2026-0005는 특정 호스트의 네트워크 버퍼 오버플로우 및 연관 VM의 I/O 큐 병목으로 판명되었습니다.",
            "id": "sample_084_0049_000021",
            "annotations": []
        },
        {
            "sentence": "변경 이력 불변성: 모든 구성 변경은 CR-2026-0001과 연결된 불변 기록으로 저장되며, 변경 로그에 변경자, 시간, 적용버전 및 롤백 가능 여부가 포함됩니다.",
            "id": "sample_084_0049_000022",
            "annotations": [
                {
                    "word": "CR-2026-0001",
                    "start": 21,
                    "end": 33,
                    "label": "기밀정보"
                }
            ]
        },
        {
            "sentence": "보안·컴플라이언스: 본 운영은 SOC2, ISO27001, GDPR 요구사항을 준수하며 감사자 명단에 감사자=[MASKED_NAME_진승현]이 토큰화되어 기록됩니다; 증빙기간은 3년입니다.",
            "id": "sample_084_0049_000023",
            "annotations": [
                {
                    "word": "[MASKED_NAME_진승현]",
                    "start": 61,
                    "end": 78,
                    "label": "개인정보"
                }
            ]
        },
        {
            "sentence": "백업·복제 정책: RTO 목표는 1시간, RPO 목표는 15분이며 데이터 주권 규정상 백업의 레지던시는 서울특별시 내 지정 리전에 한정됩니다.",
            "id": "sample_084_0049_000024",
            "annotations": [
                {
                    "word": "서울특별시",
                    "start": 58,
                    "end": 63,
                    "label": "준식별자"
                }
            ]
        },
        {
            "sentence": "에너지·환경: 최대 허용 온도 임계값은 30.0°C, 권장 냉각 여유는 2°C, 최근 관측 PUE는 1.45이며 전력 한계는 rack 단위로 관리됩니다.",
            "id": "sample_084_0049_000025",
            "annotations": []
        },
        {
            "sentence": "자산 폐기 및 이력: 해당 장비 SRV-084-0049-01은 2026-03-01T00:00:00Z에 예정된 폐기 목록에 등재되어 있으며 폐기 절차는 자산관리 정책을 따릅니다.",
            "id": "sample_084_0049_000026",
            "annotations": [
                {
                    "word": "SRV-084-0049-01",
                    "start": 18,
                    "end": 33,
                    "label": "기밀정보"
                }
            ]
        },
        {
            "sentence": "테넌시 격리 및 접근제어: tenant_id=TENANT_REDACTED_T01는 네임스페이스, 네트워크 세그먼트, 암호화 키링과 매핑되어 데이터 분리와 RBAC가 적용됩니다.",
            "id": "sample_084_0049_000027",
            "annotations": [
                {
                    "word": "TENANT_REDACTED_T01",
                    "start": 25,
                    "end": 44,
                    "label": "기밀정보"
                }
            ]
        },
        {
            "sentence": "결론 및 액션 아이템: 1) 네트워크 버퍼 설정 수정, 2) CR-2026-0001 검토 및 자동 롤백 테스트, 3) 다음 검토는 2026-02-01T09:00:00Z에 수행합니다.",
            "id": "sample_084_0049_000028",
            "annotations": []
        }
    ]
}