{
    "document_id": "084_0043",
    "document_title": "데이터센터 및 클라우드 인프라 운영 기록 및 변경 감사 보고서",
    "data": [
        {
            "sentence": "본 문서는 데이터센터 및 클라우드 인프라 운영 전반의 모니터링, 변경관리, 인시던트 및 감사 기록을 통합한 운영 문서입니다.",
            "id": "sample_084_0043_000001",
            "annotations": []
        },
        {
            "sentence": "운영 책임자는 운영팀장으로 지정되어 있으며 사례별 책임자 표기는 내부 인력명단을 따릅니다; 최초 책임자 연락은 이채환가 지정되어 있습니다.",
            "id": "sample_084_0043_000002",
            "annotations": [
                {
                    "word": "이채환",
                    "start": 62,
                    "end": 65,
                    "label": "개인정보"
                }
            ]
        },
        {
            "sentence": "구성 검토 및 승인 담당자로 오미경가 감사 서명을 수행하였고, 모든 변경은 변경요청 ID로 추적됩니다.",
            "id": "sample_084_0043_000003",
            "annotations": [
                {
                    "word": "오미경",
                    "start": 16,
                    "end": 19,
                    "label": "개인정보"
                }
            ]
        },
        {
            "sentence": "데이터센터 식별자는 facility_id: FAC-SEA-001로 표기하며, 물리적 위치와 수용 랙 정보는 별도 인벤토리로 관리합니다.",
            "id": "sample_084_0043_000004",
            "annotations": []
        },
        {
            "sentence": "멀티테넌시 격리를 위해 tenant_id: tenant-0a1b2c3d를 각 로그와 메트릭에 포함하여 테넌트 단위로 데이터 분리 정책을 적용합니다.",
            "id": "sample_084_0043_000005",
            "annotations": [
                {
                    "word": "tenant-0a1b2c3d",
                    "start": 24,
                    "end": 39,
                    "label": "기밀정보"
                }
            ]
        },
        {
            "sentence": "랙 및 서버 식별 예시는 rack_id: rack-42, server_id: srv-zz-001, host_uuid: 123e4567-e89b-12d3-a456-426614174000 형태로 불변성을 유지합니다.",
            "id": "sample_084_0043_000006",
            "annotations": [
                {
                    "word": "123e4567-e89b-12d3-a456-426614174000",
                    "start": 66,
                    "end": 102,
                    "label": "기밀정보"
                },
                {
                    "word": "srv-zz-001",
                    "start": 43,
                    "end": 53,
                    "label": "기밀정보"
                }
            ]
        },
        {
            "sentence": "가상화 계층은 vm_id: vm-077, container_id: cont-e3로 표기하며, 컨테이너 레이블과 이미지 해시는 구성 버전으로 기록합니다.",
            "id": "sample_084_0043_000007",
            "annotations": []
        },
        {
            "sentence": "샘플 메트릭 레코드는 metric_timestamp: 2026-01-23T12:00:00Z, cpu_util_percent: 72.5, memory_used_mb: 24576로 저장됩니다.",
            "id": "sample_084_0043_000008",
            "annotations": []
        },
        {
            "sentence": "I/O 및 네트워크 메트릭은 disk_io_iops: 1250, network_tx_mbps: 850.2, network_rx_mbps: 420.7로 시계열 DB에 1분 단위로 적재됩니다.",
            "id": "sample_084_0043_000009",
            "annotations": []
        },
        {
            "sentence": "환경 텔레메트리는 temperature_celsius: 27.4, humidity_percent: 46.2, power_draw_kw: 18.45, pue: 1.28로 센서 게이트웨이에 의해 수집됩니다.",
            "id": "sample_084_0043_000010",
            "annotations": []
        },
        {
            "sentence": "인시던트 레코드는 incident_id: INC-20260123-0007, incident_severity: critical, 발생시각 및 연관 리소스를 함께 기록하여 RCA 트래킹을 가능하게 합니다.",
            "id": "sample_084_0043_000011",
            "annotations": []
        },
        {
            "sentence": "변경관리 레코드는 change_request_id: CR-20260122-110, change_window_start: 2026-01-25T01:00:00Z, change_window_end: 2026-01-25T03:00:00Z을 포함합니다.",
            "id": "sample_084_0043_000012",
            "annotations": []
        },
        {
            "sentence": "패치 및 구성정보는 patch_id: PCH-202601-09, config_version: cfg-v2.14.0으로 불변 로그에 기록되며 롤백 가능 여부를 명시합니다.",
            "id": "sample_084_0043_000013",
            "annotations": []
        },
        {
            "sentence": "SLA 항목은 sla_id: SLA-CORE-001, availability_percent: 99.995, uptime_seconds: 2591990로 집계되어 분기별 검증 리포트에 포함됩니다.",
            "id": "sample_084_0043_000014",
            "annotations": []
        },
        {
            "sentence": "유지보수 기록은 maintenance_log에 저장되며, 예시로 2026-01-10T02:30:00Z에 냉각팬 교체 작업이 기록되어 있습니다.",
            "id": "sample_084_0043_000015",
            "annotations": []
        },
        {
            "sentence": "자산 관리는 inventory_item_code: INV-RACK-000123, vendor: ACME Infra, warranty_expiry: 2028-11-30으로 문서화되어 재고·보증 관리를 지원합니다.",
            "id": "sample_084_0043_000016",
            "annotations": []
        },
        {
            "sentence": "감사 로그 예시는 audit_log_entry: '2026-01-20T09:45:12Z | LOGIN | user:svc-monitor | action:query | resource:srv-zz-001' 형태로 암호화 저장됩니다.",
            "id": "sample_084_0043_000017",
            "annotations": []
        },
        {
            "sentence": "시스템 로그 레벨과 메시지는 log_level: WARN, log_message: 'Disk I/O latency spike on device nvme0n1'처럼 보안적으로 민감한 상세는 제거하거나 마스킹합니다.",
            "id": "sample_084_0043_000018",
            "annotations": []
        },
        {
            "sentence": "청구 관련 메타는 billing_account: ACCT-987654321, cloud_region: asia-northeast1, availability_zone: asia-northeast1-a로 비용 분석에 사용됩니다.",
            "id": "sample_084_0043_000019",
            "annotations": [
                {
                    "word": "ACCT-987654321",
                    "start": 27,
                    "end": 41,
                    "label": "기밀정보"
                }
            ]
        },
        {
            "sentence": "운영 지역 표기는 법적 요구사항 준수를 위해 city: 서울특별시, country: KR로 기록하되 데이터주권 규정을 따릅니다.",
            "id": "sample_084_0043_000020",
            "annotations": [
                {
                    "word": "서울특별시",
                    "start": 31,
                    "end": 36,
                    "label": "준식별자"
                }
            ]
        },
        {
            "sentence": "모니터링 데이터는 실시간 경고와 함께 평균, p95, p99 요약을 보관하며 과거 90일은 초단위 원시, 1년은 요약(rollup)으로 관리합니다.",
            "id": "sample_084_0043_000021",
            "annotations": []
        },
        {
            "sentence": "장애 발생 예시는 2026-01-23T11:58:00Z에 네트워크 송신량 급증으로 network_tx_mbps가 1분 내 2500으로 스파이크가 발생한 케이스입니다.",
            "id": "sample_084_0043_000022",
            "annotations": []
        },
        {
            "sentence": "구성 변경 불변 로그에는 적용시간과 작성자, change_request_id, config_version, 롤백 절차 유무를 명시하여 감사 추적을 보장합니다.",
            "id": "sample_084_0043_000023",
            "annotations": []
        },
        {
            "sentence": "보안·컴플라이언스 증빙은 SOC2와 ISO27001 요구사항을 참조하며 감사자 및 증빙기간을 메타데이터로 포함합니다; 예: auditor: 허세현, retention: 7 years.",
            "id": "sample_084_0043_000024",
            "annotations": []
        },
        {
            "sentence": "개인데이터와 관련된 로그는 GDPR/개인정보법을 준수하여 최소화, 마스킹, 암호화하며 액세스는 RBAC로 통제합니다.",
            "id": "sample_084_0043_000025",
            "annotations": []
        },
        {
            "sentence": "네트워크 관리용 내부 IP 예시는 mgmt_ip: 10.200.0.5로 내부문서에 기재되며 외부 공유는 금지됩니다.",
            "id": "sample_084_0043_000026",
            "annotations": [
                {
                    "word": "10.200.0.5",
                    "start": 28,
                    "end": 38,
                    "label": "기밀정보"
                }
            ]
        },
        {
            "sentence": "장애 근본원인 분석(RCA) 결과는 문서화하여 재발방지 조치, 담당자 지정, 완료 기한을 포함하며 필요시 변경요청으로 전환합니다.",
            "id": "sample_084_0043_000027",
            "annotations": []
        },
        {
            "sentence": "요약 및 액션 항목으로는 1) 구성 버전 통합 검토, 2) 테넌트별 데이터 접근 정책 재점검, 3) 분기별 컴플라이언스 증빙 제출 등을 권고합니다.",
            "id": "sample_084_0043_000028",
            "annotations": []
        }
    ]
}