{
    "document_id": "058_0020",
    "document_title": "고출력 리튬이차전지용 계면 안정화 나노복합체 개발 및 품질관리 상세보고서",
    "data": [
        {
            "sentence": "본 문서는 고출력 리튬이차전지용 계면 안정화 나노복합체 개발에 관한 연구 보고서이며, 실험 재현성 확보를 위해 상세한 데이터 및 프로비넌스가 포함되어 있습니다.",
            "id": "sample_058_0020_000001",
            "annotations": []
        },
        {
            "sentence": "material_id: MAT-2025-LN01; material_name: LiNiCoO2-계면나노복합체; 구성(composition): Li:0.33, Ni:0.33, Co:0.33, 표면코팅 5 wt%.",
            "id": "sample_058_0020_000002",
            "annotations": []
        },
        {
            "sentence": "합성 방법(synthesis_method): 솔-젤법 및 기계적 혼합 후 열처리(가스환원)으로 제조하였으며, 전체 질량 표시는 SI 단위로 통일합니다.",
            "id": "sample_058_0020_000003",
            "annotations": []
        },
        {
            "sentence": "주요 성형 및 처리(processing_parameters): 소결온도 750 °C ±5 °C (대기: Ar/H2 95:5), 소결시간 6 h ±0.1 h, 압력은 1.0×10^5 Pa로 기록하였습니다.",
            "id": "sample_058_0020_000004",
            "annotations": []
        },
        {
            "sentence": "합성 레시피(민감): 전구체 0.5 mol, 첨가제 0.05 mol, 환원온도 350 °C, 환원시간 2 h; 해당 합성 레시피와 핵심 공정 파라미터는 기밀정보로 제한된 접근 대상입니다.",
            "id": "sample_058_0020_000005",
            "annotations": [
                {
                    "word": "전구체 0.5 mol, 첨가제 0.05 mol, 환원온도 350 °C, 환원시간 2 h",
                    "start": 12,
                    "end": 60,
                    "label": "기밀정보"
                }
            ]
        },
        {
            "sentence": "미세구조 이미지는 SEM 및 TEM으로 확보하였으며, 모든 이미지 파일은 원본 URI와 검출기·가속전압·해상도 등의 메타데이터를 포함합니다.",
            "id": "sample_058_0020_000006",
            "annotations": []
        },
        {
            "sentence": "SEM 이미지 원본 URI: s3://materials-data/058/MAT-2025-LN01/SEM/ln01_sem_001.tif; 장비 메타데이터: 장비모델 FEI-Inspect, 시리얼 SEM-7782-AX, 가속전압 15 kV, 캘리브레이션일 2025-01-10.",
            "id": "sample_058_0020_000007",
            "annotations": [
                {
                    "word": "s3://materials-data/058/MAT-2025-LN01/SEM/ln01_sem_001.tif",
                    "start": 16,
                    "end": 74,
                    "label": "기밀정보"
                },
                {
                    "word": "SEM-7782-AX",
                    "start": 108,
                    "end": 119,
                    "label": "기밀정보"
                }
            ]
        },
        {
            "sentence": "프로비넌스: 실험자(담당자) 류명근, 시약 LOT: Reag-210307-A, 실험일시 2025-01-17T09:30:00Z, 장비 캘리브레이션 이력 포함.",
            "id": "sample_058_0020_000008",
            "annotations": [
                {
                    "word": "류명근",
                    "start": 16,
                    "end": 19,
                    "label": "개인정보"
                },
                {
                    "word": "Reag-210307-A",
                    "start": 29,
                    "end": 42,
                    "label": "기밀정보"
                },
                {
                    "word": "2025-01-17T09:30:00Z",
                    "start": 49,
                    "end": 69,
                    "label": "준식별자"
                }
            ]
        },
        {
            "sentence": "이미지 및 스펙트럼 파일(대용량)은 객체 스토리지에 보관하며 데이터베이스에는 메타데이터만 저장합니다; 파일 예: s3://materials-data/058/MAT-2025-LN01/FTIR/ln01_ftir_001.xy.",
            "id": "sample_058_0020_000009",
            "annotations": []
        },
        {
            "sentence": "기계적 물성: 인장강도 520 MPa ±12 MPa (시험법: ASTM E8), 연신율 8.5 % ±0.3 % (시험법: ASTM E8), 시편 치수와 시험속도 기록 포함.",
            "id": "sample_058_0020_000010",
            "annotations": []
        },
        {
            "sentence": "전기적 물성: 전기전도도 1.2×10^4 S·m^-1 ±1.0×10^2 S·m^-1 (측정법: 4-포인트 프로브, IEC 60068-2-1 적용), 임피던스 스펙트럼 파일 URI 포함.",
            "id": "sample_058_0020_000011",
            "annotations": []
        },
        {
            "sentence": "열적 물성: 열전도도 0.85 W·m^-1·K^-1 ±0.02 W·m^-1·K^-1 (측정법: ISO 22007-2), TGA 가열속도 10 K·min^-1 및 분해온도 표기를 포함합니다.",
            "id": "sample_058_0020_000012",
            "annotations": []
        },
        {
            "sentence": "XRD 패턴은 raw 데이터와 보정된 Rietveld 분석 결과를 포함하며, 보정 표준 및 캘리브레이션 파일 URI를 함께 보관합니다.",
            "id": "sample_058_0020_000013",
            "annotations": []
        },
        {
            "sentence": "특성화 보고서에는 FTIR, Raman, XPS 스펙트럼의 분석결과 및 원본 스펙트럼 파일의 메타데이터(분해능, 스캔수, 레이저파장)를 명시합니다.",
            "id": "sample_058_0020_000014",
            "annotations": []
        },
        {
            "sentence": "데이터 품질(QC) 플래그: PASS/FAIL/REVIEW; 현재 배치 MAT-2025-LN01은 QC 결과 'REVIEW'로 표시되어 있으며, 버전 v1.3.2로 기록되어 있습니다.",
            "id": "sample_058_0020_000015",
            "annotations": []
        },
        {
            "sentence": "단위 불일치 감지: 일부 레코드에 질량이 '2.5'로 단위 누락이 발견되었음; 권장 자동 변환 제안: 2.5 g (SI 단위) 및 해당 레코드 검증 요청.",
            "id": "sample_058_0020_000016",
            "annotations": []
        },
        {
            "sentence": "안전자료(SDS) 및 화학적 안정성: 주요 구성성분에 대한 SDS 링크 및 열분해·독성 정보가 포함되어 있으며, SDS URI는 https://sds.example.com/ln01_sds.pdf 입니다.",
            "id": "sample_058_0020_000017",
            "annotations": []
        },
        {
            "sentence": "공급업체 및 배치 정보: 공급업체 ACME Materials Ltd., 공급계정 ACCT-4521-XYZ (기밀), 배치번호 BATCH-20250117-09 (기밀), 제조일자 2025-01-17.",
            "id": "sample_058_0020_000018",
            "annotations": [
                {
                    "word": "ACME Materials Ltd.",
                    "start": 19,
                    "end": 38,
                    "label": "기밀정보"
                },
                {
                    "word": "ACCT-4521-XYZ",
                    "start": 45,
                    "end": 58,
                    "label": "기밀정보"
                },
                {
                    "word": "BATCH-20250117-09",
                    "start": 70,
                    "end": 87,
                    "label": "기밀정보"
                },
                {
                    "word": "2025-01-17",
                    "start": 99,
                    "end": 109,
                    "label": "준식별자"
                }
            ]
        },
        {
            "sentence": "제조일자(Manufacture_date)는 2025-01-17로 기록되어 있으며, 데이터 보존 정책 및 암호화·접근 제어 적용 여부가 메타데이터에 명시되어 있습니다.",
            "id": "sample_058_0020_000019",
            "annotations": [
                {
                    "word": "2025-01-17",
                    "start": 24,
                    "end": 34,
                    "label": "준식별자"
                }
            ]
        },
        {
            "sentence": "특허 및 지식재산: 관련 출원번호 KR2025-0001234가 존재하며, 특허 명세서 초안은 제한된 접근 권한으로 보관됩니다.",
            "id": "sample_058_0020_000020",
            "annotations": [
                {
                    "word": "KR2025-0001234",
                    "start": 19,
                    "end": 33,
                    "label": "기밀정보"
                }
            ]
        },
        {
            "sentence": "전 과정에 대해 재현성 보장을 위해 프로토콜(step-by-step), 온도·압력·시간 로그, 샘플링 방법 및 통계적 샘플링 수량이 기록되어 있습니다.",
            "id": "sample_058_0020_000021",
            "annotations": []
        },
        {
            "sentence": "대용량 바이너리는 메타데이터만 DB에 저장하고 객체 스토리지를 참조하도록 명시했으며, 예시 URI: s3://materials-data/058/MAT-2025-LN01/XRD/ln01_xrd_01.raw.",
            "id": "sample_058_0020_000022",
            "annotations": [
                {
                    "word": "s3://materials-data/058/MAT-2025-LN01/XRD/ln01_xrd_01.raw",
                    "start": 56,
                    "end": 113,
                    "label": "기밀정보"
                }
            ]
        },
        {
            "sentence": "내부 파일 경로(기밀): /data/private/experiment/058/seq1.raw; 내부 접근 로그와 암호화 키 관리 정보는 별도 보안 저장소에 있습니다.",
            "id": "sample_058_0020_000023",
            "annotations": [
                {
                    "word": "/data/private/experiment/058/seq1.raw",
                    "start": 14,
                    "end": 51,
                    "label": "기밀정보"
                }
            ]
        },
        {
            "sentence": "레시피 원문 파일 경로(기밀): /srv/internal/research/ruy_lab/recipes/ln01.protocol; 합성 프로토콜 전문은 제한된 사용자에게만 노출됩니다.",
            "id": "sample_058_0020_000024",
            "annotations": [
                {
                    "word": "/srv/internal/research/ruy_lab/recipes/ln01.protocol",
                    "start": 18,
                    "end": 70,
                    "label": "기밀정보"
                }
            ]
        },
        {
            "sentence": "규격 준수 체크리스트: ASTM E8, ISO 22007-2, IEC 60068-2-1 준수 여부를 확인하였고 미비항목은 보완조치 항목으로 등록합니다.",
            "id": "sample_058_0020_000025",
            "annotations": []
        },
        {
            "sentence": "재현성 책임자 및 조작자: 표준 운영절차에 따라 작업자 송영인(인증 ID: OP-045)을 지정하였으며, 작업 로그는 서명 및 타임스탬프 포함으로 저장됩니다.",
            "id": "sample_058_0020_000026",
            "annotations": [
                {
                    "word": "송영인",
                    "start": 31,
                    "end": 34,
                    "label": "개인정보"
                },
                {
                    "word": "OP-045",
                    "start": 42,
                    "end": 48,
                    "label": "개인정보"
                }
            ]
        },
        {
            "sentence": "샘플 소유자 연락처 및 주소: 이메일 ryu.mg@nanolab.kr, 전화 010-5555-1234, 소재지 서울특별시 강서구(시: 서울특별시, 군/구: 강서구).",
            "id": "sample_058_0020_000027",
            "annotations": [
                {
                    "word": "ryu.mg@nanolab.kr",
                    "start": 21,
                    "end": 38,
                    "label": "개인정보"
                },
                {
                    "word": "010-5555-1234",
                    "start": 43,
                    "end": 56,
                    "label": "개인정보"
                },
                {
                    "word": "서울특별시 강서구",
                    "start": 62,
                    "end": 71,
                    "label": "준식별자"
                }
            ]
        },
        {
            "sentence": "불일치 및 이상치 처리 권장: 전기전도도에서 단일 아웃라이어가 발견되어 재측정 권고(샘플 인덱스 LN01-03).",
            "id": "sample_058_0020_000028",
            "annotations": []
        },
        {
            "sentence": "보안 및 접근 제어: 합성 레시피·핵심 공정 파라미터는 민감정보로 분류되어 RBAC 기반 접근 제어와 마스킹 정책을 적용합니다.",
            "id": "sample_058_0020_000029",
            "annotations": []
        },
        {
            "sentence": "버전 이력 및 롤백: 현재 버전 v1.3.2, 최종수정자 고치훈, 최종수정일 2025-01-20T15:45:00Z; 이전 상태로 언제든 롤백 가능하도록 스냅샷을 유지합니다.",
            "id": "sample_058_0020_000030",
            "annotations": [
                {
                    "word": "고치훈",
                    "start": 32,
                    "end": 35,
                    "label": "개인정보"
                }
            ]
        }
    ]
}