{
    "document_id": "058_0065",
    "document_title": "고강도 나노복합 알루미나-카본 복합재료(058_0065) 분석 및 프로세스 기록",
    "data": [
        {
            "sentence": "본 문서는 재료 ID 058_0065에 해당하는 고강도 나노복합 알루미나-카본 복합재료의 종합 분석 및 데이터 관리 기록입니다.",
            "id": "sample_058_0065_000001",
            "annotations": []
        },
        {
            "sentence": "문서의 목적은 합성·공정 파라미터, 물성, 미세구조 이미지, 시뮬레이션 결과, 안전자료 및 데이터 프로비넌스를 통합적으로 기록하는 것입니다.",
            "id": "sample_058_0065_000002",
            "annotations": []
        },
        {
            "sentence": "material_id: MAT-058-0065; material_name: 고강도 나노복합 알루미나-카본 복합재료; 요약: 경량·고강도 전력·열 관리용 소재 개발 대상.",
            "id": "sample_058_0065_000003",
            "annotations": []
        },
        {
            "sentence": "조성(composition): Al2O3 65 wt%, C-nanofiller 20 wt%, polymeric binder 15 wt%; 조성치는 질량비로 표기하였으며 단위는 무차원 비율입니다.",
            "id": "sample_058_0065_000004",
            "annotations": []
        },
        {
            "sentence": "합성방법(synthesis_method) 개요: 수열합성(hydrothermal) 후 건조, 소결 및 고온 핫프레싱(분말 메탈로지 기반)으로 복합 구조를 형성합니다.",
            "id": "sample_058_0065_000005",
            "annotations": []
        },
        {
            "sentence": "처리 파라미터(processing_parameters) 개요는 문서에 포함되며, 핵심 레시피 및 파라미터는 민감정보로 분류되어 접근 통제가 필요합니다.",
            "id": "sample_058_0065_000006",
            "annotations": []
        },
        {
            "sentence": "합성 레시피: 전구체 Al(NO3)3·9H2O 0.50 mol, C-precursor 0.25 mol, 용매 EtOH 0.050 L, 가열 180 °C 6 h, 가압 5 MPa, 교반 500 rpm; 모든 값은 원문 그대로 기록되어 기밀로 관리됨.",
            "id": "sample_058_0065_000007",
            "annotations": [
                {
                    "word": "Al(NO3)3·9H2O 0.50 mol",
                    "start": 12,
                    "end": 34,
                    "label": "기밀정보"
                },
                {
                    "word": "C-precursor 0.25 mol",
                    "start": 36,
                    "end": 56,
                    "label": "기밀정보"
                },
                {
                    "word": "EtOH 0.050 L",
                    "start": 61,
                    "end": 73,
                    "label": "기밀정보"
                },
                {
                    "word": "가열 180 °C 6 h",
                    "start": 75,
                    "end": 88,
                    "label": "기밀정보"
                },
                {
                    "word": "가압 5 MPa",
                    "start": 90,
                    "end": 98,
                    "label": "기밀정보"
                },
                {
                    "word": "교반 500 rpm",
                    "start": 100,
                    "end": 110,
                    "label": "기밀정보"
                }
            ]
        },
        {
            "sentence": "해당 합성 레시피와 핵심 공정 파라미터는 기밀정보로 분류되며 권한이 부여된 ProcessEngineers 그룹만 조회할 수 있도록 접근 제어가 설정되어 있습니다.",
            "id": "sample_058_0065_000008",
            "annotations": [
                {
                    "word": "ProcessEngineers",
                    "start": 42,
                    "end": 58,
                    "label": "기밀정보"
                }
            ]
        },
        {
            "sentence": "SEM 이미지 메타데이터: 저장소 URI s3://lab-data/sem/058_0065/sem1.tif; 장비: JEOL JSM-7800F, S/N: J7800F-20245; 가속전압 15 kV(±0.2 kV), 검출기 ETD.",
            "id": "sample_058_0065_000009",
            "annotations": [
                {
                    "word": "s3://lab-data/sem/058_0065/sem1.tif",
                    "start": 23,
                    "end": 58,
                    "label": "기밀정보"
                },
                {
                    "word": "J7800F-20245",
                    "start": 85,
                    "end": 97,
                    "label": "기밀정보"
                }
            ]
        },
        {
            "sentence": "TEM 이미지 메타데이터: URI s3://lab-data/tem/058_0065/tem1.mrc; 장비: Thermo Fisher Titan, S/N: TF-TITAN-9876; 가속전압 300 kV(±0.5 kV), 캘리브레이션 이력 포함.",
            "id": "sample_058_0065_000010",
            "annotations": [
                {
                    "word": "s3://lab-data/tem/058_0065/tem1.mrc",
                    "start": 19,
                    "end": 54,
                    "label": "기밀정보"
                },
                {
                    "word": "TF-TITAN-9876",
                    "start": 86,
                    "end": 99,
                    "label": "기밀정보"
                }
            ]
        },
        {
            "sentence": "분석보고서 및 패턴 파일: XRD 패턴 파일 경로 /data/projects/058_0065/xrd_pattern_01.xy; 측정조건: CuKα, 2θ 10–80°(step 0.02°), 캘리브레이션 로그 첨부.",
            "id": "sample_058_0065_000011",
            "annotations": [
                {
                    "word": "/data/projects/058_0065/xrd_pattern_01.xy",
                    "start": 28,
                    "end": 69,
                    "label": "기밀정보"
                }
            ]
        },
        {
            "sentence": "기계적 물성: 인장강도 820 ±15 MPa(평균, ASTM E8, n=5, 표본형상: dog-bone); 표준불확실도 표기 및 시험법 명시를 준수하였습니다.",
            "id": "sample_058_0065_000012",
            "annotations": []
        },
        {
            "sentence": "영률(Young's modulus): 210 ±5 GPa(ISO 527, n=5, 측정시편 치수 및 표본제조 이력 기록 포함).",
            "id": "sample_058_0065_000013",
            "annotations": []
        },
        {
            "sentence": "전기적 특성: 전기전도도 1.25e7 ±0.05e7 S·m⁻1(4-점법, IEC 표준 준용, 시험온도 298.15 K, 샘플 접촉저항 보정 포함).",
            "id": "sample_058_0065_000014",
            "annotations": []
        },
        {
            "sentence": "열적 특성: 열전도도 34.2 ±0.8 W·m⁻1·K⁻1(라이트-플래시법, ISO 22007-2, 시료 치수 10.0 ±0.1 mm, 시험조건 명시).",
            "id": "sample_058_0065_000015",
            "annotations": []
        },
        {
            "sentence": "DSC/TGA 데이터: s3://lab-data/thermal/058_0065/dsc_tga.zip; 장비: TA Instruments Q2000, S/N: Q2000-445; 시료 중량 12.0 ±0.1 mg, 승온률 10 K·min⁻1.",
            "id": "sample_058_0065_000016",
            "annotations": [
                {
                    "word": "s3://lab-data/thermal/058_0065/dsc_tga.zip",
                    "start": 13,
                    "end": 55,
                    "label": "기밀정보"
                },
                {
                    "word": "Q2000-445",
                    "start": 88,
                    "end": 97,
                    "label": "기밀정보"
                }
            ]
        },
        {
            "sentence": "시뮬레이션 결과 및 입력파일: DFT 계산 파일 /home/research/058_0065/dft_v1.inp; 소프트웨어 VASP 6.3.2, 계산조건 ENCUT=520 eV, k-point 6x6x6, 입력 및 출력 파일은 내부 저장소에 보관됩니다.",
            "id": "sample_058_0065_000017",
            "annotations": [
                {
                    "word": "/home/research/058_0065/dft_v1.inp",
                    "start": 27,
                    "end": 61,
                    "label": "기밀정보"
                }
            ]
        },
        {
            "sentence": "데이터 계보(provenance): 실험자: 서무빈; 실험일시: 2025-05-12T09:34:00Z; 샘플 배치: BATCH-2025-1234; 공급사: NanoMat Co., Ltd., 서울특별시 강남구; 공급사 연락처: sales@nanomat.com, 02-123-4567.",
            "id": "sample_058_0065_000018",
            "annotations": [
                {
                    "word": "서무빈",
                    "start": 25,
                    "end": 28,
                    "label": "개인정보"
                },
                {
                    "word": "2025",
                    "start": 36,
                    "end": 40,
                    "label": "준식별자"
                },
                {
                    "word": "2025",
                    "start": 71,
                    "end": 75,
                    "label": "준식별자"
                },
                {
                    "word": "05",
                    "start": 41,
                    "end": 43,
                    "label": "준식별자"
                },
                {
                    "word": "12",
                    "start": 44,
                    "end": 46,
                    "label": "준식별자"
                },
                {
                    "word": "12",
                    "start": 76,
                    "end": 78,
                    "label": "준식별자"
                },
                {
                    "word": "12",
                    "start": 148,
                    "end": 150,
                    "label": "준식별자"
                },
                {
                    "word": "BATCH-2025-1234",
                    "start": 65,
                    "end": 80,
                    "label": "기밀정보"
                },
                {
                    "word": "NanoMat Co., Ltd.",
                    "start": 87,
                    "end": 104,
                    "label": "기밀정보"
                },
                {
                    "word": "서울특별시",
                    "start": 106,
                    "end": 111,
                    "label": "준식별자"
                },
                {
                    "word": "강남구",
                    "start": 112,
                    "end": 115,
                    "label": "준식별자"
                },
                {
                    "word": "sales@nanomat.com",
                    "start": 126,
                    "end": 143,
                    "label": "개인정보"
                },
                {
                    "word": "02-123-4567",
                    "start": 145,
                    "end": 156,
                    "label": "개인정보"
                }
            ]
        },
        {
            "sentence": "데이터 품질 및 버전: QC_FLAG=PASS; 버전 v1.3.2; 변경이력과 롤백 가능성을 보장하기 위해 모든 수정은 감사 로그에 기록됩니다.",
            "id": "sample_058_0065_000019",
            "annotations": []
        },
        {
            "sentence": "안전자료(SDS): s3://lab-data/sds/058_0065/SDS.pdf; Hazard statements: H302, H314; SDS 원문은 내부 경로로 관리되며 접근은 제한됩니다.",
            "id": "sample_058_0065_000020",
            "annotations": [
                {
                    "word": "s3://lab-data/sds/058_0065/SDS.pdf",
                    "start": 11,
                    "end": 45,
                    "label": "기밀정보"
                }
            ]
        },
        {
            "sentence": "규격·안전 체크리스트: ASTM E8(인장) — 준수, ISO 22007(열전도) — 부분 준수, REACH 규제 — 검토 필요; SDS 및 시험법 일치 여부는 검증 완료.",
            "id": "sample_058_0065_000021",
            "annotations": []
        },
        {
            "sentence": "데이터 저장 정책: 대용량 바이너리는 객체 스토리지에 보관하고 메타데이터만 DB에 적재하며 암호화는 AES-256을 사용하고 KMS 키 식별자 kms-az-001로 키 관리를 수행합니다.",
            "id": "sample_058_0065_000022",
            "annotations": [
                {
                    "word": "kms-az-001",
                    "start": 80,
                    "end": 90,
                    "label": "기밀정보"
                }
            ]
        },
        {
            "sentence": "불일치·단위 검사: 교반속도에 rpm이 사용된 항목을 감지하였으며 권장 SI 단위인 rad·s⁻1로 자동 변환 제안(예: 500 rpm = 52.36 rad·s⁻1) 및 변환 로그를 남깁니다.",
            "id": "sample_058_0065_000023",
            "annotations": []
        },
        {
            "sentence": "측정 불확실성 정책: 모든 물성치는 ± 표기법으로 표기하고, 사용한 시험법(예: ASTM, ISO)과 샘플링 방법을 명시하여 재현성을 확보합니다.",
            "id": "sample_058_0065_000024",
            "annotations": []
        },
        {
            "sentence": "권장 조치: 장비 시리얼과 내부 파일경로는 토큰화 또는 해시 처리하여 기밀성을 유지하고 공개 레포트에는 마스킹된 식별자만 표기할 것을 권고합니다.",
            "id": "sample_058_0065_000025",
            "annotations": []
        },
        {
            "sentence": "접근 제어 및 마스킹 정책: 합성 레시피와 핵심 공정 파라미터는 민감정보로서 마스킹 정책을 적용하고 접근 권한은 감사 로그로 추적합니다.",
            "id": "sample_058_0065_000026",
            "annotations": []
        },
        {
            "sentence": "즉시 조치 항목: 레시피 마스킹 적용, S3 경로의 ACL 재검토 및 필요시 KMS 키 교체와 감사를 실시하여 데이터 노출 위험을 제거합니다.",
            "id": "sample_058_0065_000027",
            "annotations": []
        },
        {
            "sentence": "문서 및 접근문의 담당자: 엄시호, 이메일: eomsiho@lab.example; 비상연락 및 추가 요청은 내부 포탈을 통해 접수하시기 바랍니다.",
            "id": "sample_058_0065_000028",
            "annotations": [
                {
                    "word": "엄시호",
                    "start": 15,
                    "end": 18,
                    "label": "개인정보"
                },
                {
                    "word": "eomsiho@lab.example",
                    "start": 25,
                    "end": 44,
                    "label": "개인정보"
                }
            ]
        }
    ]
}