{
    "document_id": "058_0070",
    "document_title": "고강도 알루미늄 합금 AMX-58 합성·가공·특성화 보고서",
    "data": [
        {
            "sentence": "본 문서는 재료과학 및 첨단소재 분야의 고강도 알루미늄 합금 AMX-58에 대한 합성, 가공 및 물성 평가 전 과정을 기록합니다.",
            "id": "sample_058_0070_000001",
            "annotations": []
        },
        {
            "sentence": "문서 목적은 합성 레시피와 공정 파라미터의 데이터 계보(provenance) 확보와 실험 재현성 보장에 있습니다.",
            "id": "sample_058_0070_000002",
            "annotations": []
        },
        {
            "sentence": "material_id는 AMX-58, material_name은 'High-Strength Aluminum AMX-58'로 표준화하여 기록했습니다.",
            "id": "sample_058_0070_000003",
            "annotations": []
        },
        {
            "sentence": "조성(composition)은 Al 87.3 wt%, Cu 4.2 wt%, Mg 3.5 wt%, Si 1.5 wt%, 기타 불순물 3.5 wt%로 ICP-OES 정량 결과를 포함합니다.",
            "id": "sample_058_0070_000004",
            "annotations": []
        },
        {
            "sentence": "실험자 및 프로비넌스: 실험자 홍도휘, 사번 2023-0456, 연락처 010-1234-5678, 이메일 hdhong@researchlab.kr이 모든 측정을 수행했고 캘리브레이션 로그를 남겼습니다.",
            "id": "sample_058_0070_000005",
            "annotations": [
                {
                    "word": "홍도휘",
                    "start": 17,
                    "end": 20,
                    "label": "개인정보"
                },
                {
                    "word": "사번 2023-0456",
                    "start": 22,
                    "end": 34,
                    "label": "개인정보"
                },
                {
                    "word": "010-1234-5678",
                    "start": 40,
                    "end": 53,
                    "label": "개인정보"
                },
                {
                    "word": "hdhong@researchlab.kr",
                    "start": 59,
                    "end": 80,
                    "label": "개인정보"
                }
            ]
        },
        {
            "sentence": "실험자 준식별자 항목으로 홍도휘의 생년월일 1985-06-12를 실험자 기록에 포함하여 표본별 추적에 사용했습니다.",
            "id": "sample_058_0070_000006",
            "annotations": [
                {
                    "word": "생년월일 1985-06-12",
                    "start": 19,
                    "end": 34,
                    "label": "준식별자"
                }
            ]
        },
        {
            "sentence": "실험실 주소 및 보관 위치: 서울특별시 강남구 테헤란로 5길 12 실험동 3층 시료보관함에 배치함으로써 샘플 위치 추적이 가능하도록 기록했습니다.",
            "id": "sample_058_0070_000007",
            "annotations": [
                {
                    "word": "서울특별시 강남구 테헤란로 5길 12",
                    "start": 16,
                    "end": 36,
                    "label": "개인정보"
                }
            ]
        },
        {
            "sentence": "합성 레시피(민감 정보, 접근 제한): 합성 레시피: 전구체 A 0.5 mol, 전구체 B 0.2 mol, 용매 5.0e-05 m³ DMF, 첨가제 0.01 mol, 반응온도 453.15 K, 반응시간 43200 s, 압력 1.5e5 Pa; 이 항목은 기밀로 마스킹/권한 제한이 필요합니다.",
            "id": "sample_058_0070_000008",
            "annotations": [
                {
                    "word": "합성 레시피: 전구체 A 0.5 mol, 전구체 B 0.2 mol, 용매 5.0e-05 m³ DMF, 첨가제 0.01 mol, 반응온도 453.15 K, 반응시간 43200 s, 압력 1.5e5 Pa",
                    "start": 22,
                    "end": 133,
                    "label": "기밀정보"
                }
            ]
        },
        {
            "sentence": "배치 정보: batch_number BATCH-2025-0034, 제조일 2025-01-15로 라벨링하였고 추적성을 위해 샘플별 바코드를 부여했습니다.",
            "id": "sample_058_0070_000009",
            "annotations": [
                {
                    "word": "BATCH-2025-0034",
                    "start": 20,
                    "end": 35,
                    "label": "기밀정보"
                },
                {
                    "word": "2025-01-15",
                    "start": 41,
                    "end": 51,
                    "label": "준식별자"
                }
            ]
        },
        {
            "sentence": "공급사 및 구매 정보: 공급사명 XYZ Advanced Materials (비공개), 공급사 계좌번호 123-456-789012, 시약 로트 및 구매일을 포함하여 공급망 계보를 유지합니다.",
            "id": "sample_058_0070_000010",
            "annotations": [
                {
                    "word": "XYZ Advanced Materials",
                    "start": 18,
                    "end": 40,
                    "label": "기밀정보"
                },
                {
                    "word": "공급사 계좌번호 123-456-789012",
                    "start": 48,
                    "end": 71,
                    "label": "기밀정보"
                }
            ]
        },
        {
            "sentence": "대용량 이미지 원본 위치는 내부 NAS에 저장되어 있으며 예시 URI는 smb://10.0.0.45/images/SEM/sample123.tif이고 접근은 인증된 사용자로 제한합니다.",
            "id": "sample_058_0070_000011",
            "annotations": [
                {
                    "word": "smb://10.0.0.45/images/SEM/sample123.tif",
                    "start": 40,
                    "end": 80,
                    "label": "기밀정보"
                }
            ]
        },
        {
            "sentence": "시약 로트 정보 예: Lot# SN-778912은 물질 안정성 추적을 위해 바인딩되어 있으며 시험 시료와 연계되어 저장합니다.",
            "id": "sample_058_0070_000012",
            "annotations": [
                {
                    "word": "Lot# SN-778912",
                    "start": 12,
                    "end": 26,
                    "label": "기밀정보"
                }
            ]
        },
        {
            "sentence": "장비 및 계측기 계보: SEM 장비 S/N: SEM-2021-3345, 캘리브레이션 날짜 2024-11-02, 운영 소프트웨어 버전 3.4.1을 기록했습니다.",
            "id": "sample_058_0070_000013",
            "annotations": [
                {
                    "word": "S/N: SEM-2021-3345",
                    "start": 20,
                    "end": 38,
                    "label": "기밀정보"
                }
            ]
        },
        {
            "sentence": "파일 참조 및 접근 정책 예시: 검사 원본은 sftp://internal.lab.local/data/exp_058_0070에 저장되며 대용량 바이너리는 오브젝트 스토리지 참조로만 DB에 메타데이터를 남깁니다.",
            "id": "sample_058_0070_000014",
            "annotations": [
                {
                    "word": "sftp://internal.lab.local/data/exp_058_0070",
                    "start": 25,
                    "end": 68,
                    "label": "기밀정보"
                }
            ]
        },
        {
            "sentence": "연구책임자 정보: 연구책임자: 나유연은 연구 설계와 검토를 담당하였고 권한 기반 접근 제어(ACL)가 적용되어 있습니다.",
            "id": "sample_058_0070_000015",
            "annotations": [
                {
                    "word": "나유연",
                    "start": 17,
                    "end": 20,
                    "label": "개인정보"
                }
            ]
        },
        {
            "sentence": "미세구조 데이터: SEM 이미지는 3000×2000 픽셀 TIFF 파일로 저장되었으며 URI, 획득 장비, 가속전압 15 kV, 탐지기 유형, 촬영 일시를 메타데이터로 포함합니다.",
            "id": "sample_058_0070_000016",
            "annotations": []
        },
        {
            "sentence": "기계적 물성: 인장강도 820 ± 12 MPa (측정오차 ± 표준오차, ASTM E8), 항복강도 680 ± 15 MPa (ASTM E8), 연신율 8.2 ± 0.5 % (샘플크기 n=5)로 표기했습니다.",
            "id": "sample_058_0070_000017",
            "annotations": []
        },
        {
            "sentence": "전기적 물성: 전기전도도 2.1 × 10⁷ ± 0.1 × 10⁷ S·m⁻¹ (4-프로브법, ASTM E1004)로 측정했으며 측정 조건을 메타데이터에 기록했습니다.",
            "id": "sample_058_0070_000018",
            "annotations": []
        },
        {
            "sentence": "열적 물성: 열전도도 135 ± 4 W·m⁻¹·K⁻¹ (랩 측정, ISO 22007-2), 열적 안정성은 TGA로 600 K까지 평가했습니다.",
            "id": "sample_058_0070_000019",
            "annotations": []
        },
        {
            "sentence": "품질검사 리포트: QC 검사 담당자 윤상연이 검사 결과를 검토했고 담당자 연락처 02-987-6543을 내부 기록에 남겼습니다.",
            "id": "sample_058_0070_000020",
            "annotations": [
                {
                    "word": "윤상연",
                    "start": 20,
                    "end": 23,
                    "label": "개인정보"
                },
                {
                    "word": "02-987-6543",
                    "start": 45,
                    "end": 56,
                    "label": "개인정보"
                }
            ]
        },
        {
            "sentence": "측정 불확실도 표기 원칙: 모든 물성치는 ±값과 사용한 시험법(예: ASTM, ISO)을 명시하였고 샘플링 방법과 n값을 함께 기입하였습니다.",
            "id": "sample_058_0070_000021",
            "annotations": []
        },
        {
            "sentence": "단위 표준화 검증: 원시 데이터에 단위 누락이 발견되면 경고를 생성하고 자동 변환(예: 50 mL → 5.0e-05 m³, 180 °C → 453.15 K, 12 h → 43200 s)을 권장합니다.",
            "id": "sample_058_0070_000022",
            "annotations": []
        },
        {
            "sentence": "특성화 리포트에는 XRD 패턴, DSC/TGA 곡선, FTIR, Raman, XPS 스펙트럼의 원본 파일 URI와 획득 파라미터를 모두 포함하여 재분석 가능하도록 했습니다.",
            "id": "sample_058_0070_000023",
            "annotations": []
        },
        {
            "sentence": "시뮬레이션 결과: DFT 계산은 VASP v5.4.4로 수행하였고 입력파일 및 포스트프로세싱 스크립트는 내부 레포지토리에서 버전 관리됩니다.",
            "id": "sample_058_0070_000024",
            "annotations": []
        },
        {
            "sentence": "안전성 및 규정 준수: SDS(안전자료) 참조번호 SDS-AMX58-2024와 관련 화학물질 분류를 문서화하였고 규격(예: REACH, GHS) 준수 여부를 체크리스트로 검증했습니다.",
            "id": "sample_058_0070_000025",
            "annotations": []
        },
        {
            "sentence": "지적재산 및 접근제어: 합성 레시피 및 핵심 공정 파라미터는 기밀정보로 분류하며 접근 권한 또는 마스킹 정책을 적용하도록 명시했습니다.",
            "id": "sample_058_0070_000026",
            "annotations": []
        },
        {
            "sentence": "데이터 보존 및 버전관리: 모든 원본 파일은 객체 스토리지에 암호화하여 보관하고 메타데이터만 DB에 저장하며 QC 플래그와 버전 정보를 포함하여 롤백을 가능하게 합니다.",
            "id": "sample_058_0070_000027",
            "annotations": []
        },
        {
            "sentence": "결론 및 권장 조치: 민감정보(합성 레시피, 계정번호, 내부 URI 등)는 권한 기반 접근 제어 하에 보관하고 개인정보는 익명화 후 공유하되 프로비넌스는 유지할 것을 권고합니다.",
            "id": "sample_058_0070_000028",
            "annotations": []
        }
    ]
}