{
    "document_id": "058_0094",
    "document_title": "Ni-코어/SiO2 셸 복합재료 실험 및 데이터 계보 보고서",
    "data": [
        {
            "sentence": "본 문서는 금속-세라믹 복합소재 개발을 위한 실험 보고서로 데이터 계보와 품질관리 정보를 포함합니다.",
            "id": "sample_058_0094_000001",
            "annotations": []
        },
        {
            "sentence": "문서에는 material_id, 조성, 합성법, 공정 파라미터, 미세구조 이미지, 물성치, 시뮬레이션 결과 및 안전자료가 포함되어 있습니다.",
            "id": "sample_058_0094_000002",
            "annotations": []
        },
        {
            "sentence": "Material ID는 MAT-058-0094로 내부 데이터베이스에 등록되어 있으며 material_id 필드를 기준으로 추적 가능합니다.",
            "id": "sample_058_0094_000003",
            "annotations": []
        },
        {
            "sentence": "소재 명칭은 'Ni-코어/SiO2 셸 복합재료'로 표기되어 있으며 적용 대상 및 사용 조건이 문서에 기술되어 있습니다.",
            "id": "sample_058_0094_000004",
            "annotations": []
        },
        {
            "sentence": "조성은 Ni 65.0 ± 0.5 wt% 및 SiO2 35.0 ± 0.5 wt%로 원자비 환산 시 부피분율이 별도 표기됩니다.",
            "id": "sample_058_0094_000005",
            "annotations": []
        },
        {
            "sentence": "합성법(민감): 전구체 담금법 및 열처리 환원 공정이 사용되었으며, 합성 레시피와 핵심 공정 파라미터는 기밀로 제한됩니다.",
            "id": "sample_058_0094_000006",
            "annotations": [
                {
                    "word": "합성 레시피와 핵심 공정 파라미터",
                    "start": 38,
                    "end": 56,
                    "label": "기밀정보"
                }
            ]
        },
        {
            "sentence": "핵심 공정 파라미터 예시: 환원온도 623 K, 환원시간 7200 s, 가스분위기 H2 5 vol%, 승온속도 5 K·min^-1.",
            "id": "sample_058_0094_000007",
            "annotations": [
                {
                    "word": "환원온도 623 K, 환원시간 7200 s, 가스분위기 H2 5 vol%, 승온속도 5 K·min^-1",
                    "start": 15,
                    "end": 72,
                    "label": "기밀정보"
                }
            ]
        },
        {
            "sentence": "위 파라미터는 기밀정보로서 접근 권한과 마스킹 정책을 적용해야 하며 접근 로그를 기록해야 합니다.",
            "id": "sample_058_0094_000008",
            "annotations": []
        },
        {
            "sentence": "제조 배치 정보: batch_number=BATCH-20250315-42로 기록되어 있으며 이 항목은 내부 기밀로 취급됩니다.",
            "id": "sample_058_0094_000009",
            "annotations": [
                {
                    "word": "BATCH-20250315-42",
                    "start": 23,
                    "end": 40,
                    "label": "기밀정보"
                }
            ]
        },
        {
            "sentence": "제조일자는 2025년 03월 15일로 기록되어 있고 보관 정책에 따라 만료일을 계산합니다.",
            "id": "sample_058_0094_000010",
            "annotations": [
                {
                    "word": "2025년 03월 15일",
                    "start": 6,
                    "end": 19,
                    "label": "준식별자"
                }
            ]
        },
        {
            "sentence": "실험 책임자: 고승학, 실험자: 임장한, 승인자: 박준모로 문서에 기재되어 있습니다.",
            "id": "sample_058_0094_000011",
            "annotations": [
                {
                    "word": "고승학",
                    "start": 8,
                    "end": 11,
                    "label": "개인정보"
                },
                {
                    "word": "임장한",
                    "start": 18,
                    "end": 21,
                    "label": "개인정보"
                },
                {
                    "word": "박준모",
                    "start": 28,
                    "end": 31,
                    "label": "개인정보"
                }
            ]
        },
        {
            "sentence": "실험자 고승학의 소속은 KAIST 재료공학과이며 직책은 연구교수(재현성 추적용)입니다.",
            "id": "sample_058_0094_000012",
            "annotations": [
                {
                    "word": "고승학",
                    "start": 4,
                    "end": 7,
                    "label": "개인정보"
                }
            ]
        },
        {
            "sentence": "실험자 임장한의 생년월일은 1988년 11월 05일로 기록되어 있으나 개인식별 최소화를 위해 접근 제한을 권고합니다.",
            "id": "sample_058_0094_000013",
            "annotations": [
                {
                    "word": "임장한",
                    "start": 4,
                    "end": 7,
                    "label": "개인정보"
                },
                {
                    "word": "1988년 11월 05일",
                    "start": 15,
                    "end": 28,
                    "label": "준식별자"
                }
            ]
        },
        {
            "sentence": "실험실 위치는 서울특별시 강남구 대치동으로 기록되어 있으며 주소 정보는 준식별자로 분류됩니다.",
            "id": "sample_058_0094_000014",
            "annotations": [
                {
                    "word": "서울특별시 강남구 대치동",
                    "start": 8,
                    "end": 21,
                    "label": "준식별자"
                }
            ]
        },
        {
            "sentence": "시약 로트번호: Ni(NO3)2 Lot# NM-202412-A, SiO2 Lot# SIO2-202501-B; 공급사: NanoMaterials Inc.; 시약 로트는 재현성 위해 기록되었습니다.",
            "id": "sample_058_0094_000015",
            "annotations": [
                {
                    "word": "NM-202412-A",
                    "start": 23,
                    "end": 34,
                    "label": "기밀정보"
                },
                {
                    "word": "SIO2-202501-B",
                    "start": 46,
                    "end": 59,
                    "label": "기밀정보"
                },
                {
                    "word": "NanoMaterials Inc.",
                    "start": 66,
                    "end": 84,
                    "label": "기밀정보"
                }
            ]
        },
        {
            "sentence": "장비 메타데이터: SEM(Model: FEI Scios, S/N: SN-1876), XRD(Model: PANalytical Empyrean, S/N: PX-3345)로 캘리브레이션 이력이 첨부됩니다.",
            "id": "sample_058_0094_000016",
            "annotations": [
                {
                    "word": "SN-1876",
                    "start": 37,
                    "end": 44,
                    "label": "기밀정보"
                },
                {
                    "word": "PX-3345",
                    "start": 85,
                    "end": 92,
                    "label": "기밀정보"
                }
            ]
        },
        {
            "sentence": "미세구조 이미지 URI는 s3://lab-data/058_0094/sem_001.tif이며 파일 크기 및 해상도 메타데이터가 함께 저장됩니다.",
            "id": "sample_058_0094_000017",
            "annotations": [
                {
                    "word": "s3://lab-data/058_0094/sem_001.tif",
                    "start": 14,
                    "end": 48,
                    "label": "기밀정보"
                }
            ]
        },
        {
            "sentence": "스펙트럼 데이터(FTIR, Raman)는 바이너리 포맷으로 객체 스토리지에 저장하고 메타데이터만 DB에 보존합니다.",
            "id": "sample_058_0094_000018",
            "annotations": []
        },
        {
            "sentence": "기계적 물성: 인장강도 850 ± 12 MPa (평균, n=5, 시험법: ASTM E8), 항복강도 430 ± 8 MPa로 보고합니다.",
            "id": "sample_058_0094_000019",
            "annotations": []
        },
        {
            "sentence": "열적 물성: DSC 측정에서 비정질 전이 503 ± 3 K (DSC, ISO 11357-2)를 관찰했습니다.",
            "id": "sample_058_0094_000020",
            "annotations": []
        },
        {
            "sentence": "전기적 물성: 전기전도도 1.2 ± 0.1e6 S·m^-1 (4점 프로브, IEC 601)로 기록됩니다.",
            "id": "sample_058_0094_000021",
            "annotations": []
        },
        {
            "sentence": "전기전도도 일부 레코드에 단위 누락이 발생하여 경고: 누락 단위를 S·m^-1로 자동 변환 제안합니다.",
            "id": "sample_058_0094_000022",
            "annotations": []
        },
        {
            "sentence": "데이터 품질(QC) 플래그: PASS/FAIL/REVIEW 체계가 적용되며 각 시료에 버전 및 이력 로그가 연동됩니다.",
            "id": "sample_058_0094_000023",
            "annotations": []
        },
        {
            "sentence": "안전자료: 주요 시약의 SDS 링크와 발화점, 분해온도 등 안전 파라미터가 첨부되어 있습니다.",
            "id": "sample_058_0094_000024",
            "annotations": []
        },
        {
            "sentence": "특허 및 IP: 관련 기술은 사전 심사 중이며 미공개 특허 출원번호 KR2025-0001234는 내부 기밀로 관리됩니다.",
            "id": "sample_058_0094_000025",
            "annotations": [
                {
                    "word": "KR2025-0001234",
                    "start": 38,
                    "end": 52,
                    "label": "기밀정보"
                }
            ]
        },
        {
            "sentence": "파일 경로 및 내부 URL: /srv/lab/recipes/secret_recipe_v3.csv 및 http://internal.server.local/058_0094/recipe 는 기밀 경로입니다.",
            "id": "sample_058_0094_000026",
            "annotations": [
                {
                    "word": "/srv/lab/recipes/secret_recipe_v3.csv",
                    "start": 16,
                    "end": 53,
                    "label": "기밀정보"
                },
                {
                    "word": "http://internal.server.local/058_0094/recipe",
                    "start": 56,
                    "end": 100,
                    "label": "기밀정보"
                }
            ]
        },
        {
            "sentence": "접근 통제: 합성 레시피는 최소권한 원칙에 따라 암호화 저장 및 롤백 가능한 버전관리 시스템에 보관합니다.",
            "id": "sample_058_0094_000027",
            "annotations": []
        },
        {
            "sentence": "권장 조치: 합성 레시피 및 배치 정보는 마스킹, 접근 로그, 역할기반 접근제어(RBAC)를 즉시 적용하십시오.",
            "id": "sample_058_0094_000028",
            "annotations": []
        }
    ]
}