{
    "document_id": "054_0005",
    "document_title": "소프트웨어 로컬라이제이션 프로젝트 파일: UI 문자열 및 리뷰 기획서",
    "data": [
        {
            "sentence": "소개: 본 문서는 번역·로컬라이제이션 서비스 파이프라인과 QA 요구사항을 기술한 내부 작업 지침서입니다.",
            "id": "sample_054_0005_000001",
            "annotations": []
        },
        {
            "sentence": "프로젝트 메타: project_id: 054_0005, client_id: CLNT_1001, source_language: en-US, target_language: ko-KR.",
            "id": "sample_054_0005_000002",
            "annotations": []
        },
        {
            "sentence": "원문 발췌(source_text_excerpt): \"Welcome, {username}! Click <b>here</b> to continue.\"는 태그·플레이스홀더 보존 필요 문장입니다.",
            "id": "sample_054_0005_000003",
            "annotations": []
        },
        {
            "sentence": "파일 포맷(file_format): XLIFF 1.2를 기준으로 세그먼트 ID와 타임코드 매핑을 유지합니다.",
            "id": "sample_054_0005_000004",
            "annotations": []
        },
        {
            "sentence": "세그먼트 예: segment_id: sample_054_0005_000010, TM_match_percentage: 87%, 원문 태그 <b></b>와 변수 {username}의 위치 보존을 우선합니다.",
            "id": "sample_054_0005_000005",
            "annotations": []
        },
        {
            "sentence": "용어집 적용: glossary_terms_applied: '로그인: 로그인', '계정: 계정(고객용)', '설정: 설정'을 우선으로 적용하였고 충돌 시 충돌 로그를 생성합니다.",
            "id": "sample_054_0005_000006",
            "annotations": []
        },
        {
            "sentence": "스타일 가이드(style_guide_reference): 'Client_CLNT1001_StyleGuide_v2.1.xlsx'를 따르며 어조는 중간 정도의 비공식(formal-casual) 레지스터입니다.",
            "id": "sample_054_0005_000007",
            "annotations": []
        },
        {
            "sentence": "번역자 및 검수자: translator_id: TR_007 백기령, reviewer_id: RV_012 서정인, LQA 담당은 현지 SME 검토를 권장합니다.",
            "id": "sample_054_0005_000008",
            "annotations": []
        },
        {
            "sentence": "단어 수 및 비용: word_count: 12,345 단어, estimated_cost: KRW 1,850,000(계약 단가 기준)으로 계산하였습니다.",
            "id": "sample_054_0005_000009",
            "annotations": []
        },
        {
            "sentence": "납기: deadline_iso8601: 2026-02-28T18:00:00Z, SLA 미준수 시 자동 알림 및 보상 정책이 적용됩니다.",
            "id": "sample_054_0005_000010",
            "annotations": []
        },
        {
            "sentence": "기밀 수준(confidentiality_level): 높음(High)으로 분류되며 PII 및 기밀정보는 암호화 전송 및 저장이 필수입니다.",
            "id": "sample_054_0005_000011",
            "annotations": []
        },
        {
            "sentence": "QA 결과 요약(QA_checks_passed): linguistic: passed, formatting: pending(태그 정합성 확인 필요), functional: pending(리소스 통합 테스트 필요).",
            "id": "sample_054_0005_000012",
            "annotations": []
        },
        {
            "sentence": "변경 이력 및 접근: change_log_url: https://changes.example.com/054_0005, 변경사항은 작성자와 타임스탬프를 포함해 기록합니다.",
            "id": "sample_054_0005_000013",
            "annotations": []
        },
        {
            "sentence": "MT 사용 권고: mt_provider: DeepL, confidence: 0.92, post_edit_type: heavy(전문가 심층 후편집 권장)로 권고합니다.",
            "id": "sample_054_0005_000014",
            "annotations": []
        },
        {
            "sentence": "문화적 민감성: 마케팅 카피 중 일부 문장은 현지 문화 규범과 충돌할 소지가 있어 SME 검토 플래그를 달았습니다.",
            "id": "sample_054_0005_000015",
            "annotations": []
        },
        {
            "sentence": "태그·변수 보존 원칙: 모든 출력에서 %s, {username}, <b></b> 등의 토큰을 반드시 보존하며, 위치 변경 시 의도를 주석으로 표기합니다.",
            "id": "sample_054_0005_000016",
            "annotations": []
        },
        {
            "sentence": "형식 변환 규칙: 숫자/통화는 ko-KR 규칙을 적용하되 원문과 다를 경우 변환 규칙을 명시합니다(예: 1,234.56 -> 1,234.56 또는 1,234.56원 표기 규칙).",
            "id": "sample_054_0005_000017",
            "annotations": []
        },
        {
            "sentence": "민감정보 처리: 본 문서 예시에는 암호화 및 최소화 원칙을 적용하였으며 원문 접근 로그에는 접근 이유를 기록해야 합니다.",
            "id": "sample_054_0005_000018",
            "annotations": []
        },
        {
            "sentence": "담당자 연락처(예시): 담당자: 서혜나, 이메일: seohena@client.com, 연락처: 010-1234-5678, 위 모든 PII는 암호화 전송 필요합니다.",
            "id": "sample_054_0005_000019",
            "annotations": [
                {
                    "word": "서혜나",
                    "start": 18,
                    "end": 21,
                    "label": "개인정보"
                },
                {
                    "word": "seohena@client.com",
                    "start": 28,
                    "end": 46,
                    "label": "개인정보"
                },
                {
                    "word": "010-1234-5678",
                    "start": 53,
                    "end": 66,
                    "label": "개인정보"
                }
            ]
        },
        {
            "sentence": "사번 및 내부 식별자: 사번: 20230901은 직원 식별용으로 PII로 분류하였고 접근 권한을 제한합니다.",
            "id": "sample_054_0005_000020",
            "annotations": [
                {
                    "word": "사번: 20230901",
                    "start": 13,
                    "end": 25,
                    "label": "개인정보"
                }
            ]
        },
        {
            "sentence": "생년월일(생성 규칙): 생년월일(년): 1985, (월): 06, (일): 15는 준식별자로 취급하여 분리 보관합니다.",
            "id": "sample_054_0005_000021",
            "annotations": [
                {
                    "word": "1985",
                    "start": 22,
                    "end": 26,
                    "label": "준식별자"
                },
                {
                    "word": "06",
                    "start": 33,
                    "end": 35,
                    "label": "준식별자"
                },
                {
                    "word": "15",
                    "start": 42,
                    "end": 44,
                    "label": "준식별자"
                }
            ]
        },
        {
            "sentence": "주소(분리 보관): 주소(시): 서울특별시, 주소(군/구): 강남구, 주소(동/읍/면): 역삼동은 준식별자 규칙에 따라 분리 어노테이션합니다.",
            "id": "sample_054_0005_000022",
            "annotations": [
                {
                    "word": "서울특별시",
                    "start": 18,
                    "end": 23,
                    "label": "준식별자"
                },
                {
                    "word": "강남구",
                    "start": 34,
                    "end": 37,
                    "label": "준식별자"
                },
                {
                    "word": "역삼동",
                    "start": 50,
                    "end": 53,
                    "label": "준식별자"
                }
            ]
        },
        {
            "sentence": "재무 및 보안 기밀: 계좌번호: 110-123-456789는 재무 기밀로 분류하여 암호화 저장 및 최소화 원칙을 적용합니다.",
            "id": "sample_054_0005_000023",
            "annotations": [
                {
                    "word": "계좌번호: 110-123-456789",
                    "start": 12,
                    "end": 32,
                    "label": "기밀정보"
                }
            ]
        },
        {
            "sentence": "기술·보안 기밀: 내부 서버 IP: 192.168.1.100 및 비공개 URL: https://internal.corp.local은 기밀정보로 분류됩니다.",
            "id": "sample_054_0005_000024",
            "annotations": [
                {
                    "word": "192.168.1.100",
                    "start": 20,
                    "end": 33,
                    "label": "기밀정보"
                },
                {
                    "word": "https://internal.corp.local",
                    "start": 45,
                    "end": 72,
                    "label": "기밀정보"
                }
            ]
        },
        {
            "sentence": "법적·규제 리스크: 의료·법률·금융 용어가 포함된 세그먼트는 전문 번역사 또는 검수자의 검토를 필수로 지정합니다.",
            "id": "sample_054_0005_000025",
            "annotations": []
        },
        {
            "sentence": "용어 충돌 로그: 고객 용어집 우선순위가 TM과 충돌할 경우 충돌 로그를 자동 생성하고 충돌 ID를 기록합니다.",
            "id": "sample_054_0005_000026",
            "annotations": []
        },
        {
            "sentence": "자동화 및 파이프라인: XLIFF 파서, API 기반 MT, CI/CD 로컬라이제이션 플로우와의 통합 테스트 절차를 기술합니다.",
            "id": "sample_054_0005_000027",
            "annotations": []
        },
        {
            "sentence": "QA 체크리스트(샘플): 1) Linguistic: 용어집 준수, 2) Formatting: 태그 정합성, 3) Functional: 리소스 결합 테스트, 각 항목별 검사 결과를 기록합니다.",
            "id": "sample_054_0005_000028",
            "annotations": []
        },
        {
            "sentence": "LQA 점수 산출 방식: 가중치 기반(linguistic 50%, formatting 30%, functional 20%)으로 총점 100점 스케일을 적용합니다.",
            "id": "sample_054_0005_000029",
            "annotations": []
        },
        {
            "sentence": "결론 및 액션 아이템: 기밀정보는 즉시 암호화하고 접근 로그를 남기며, MT 후편집은 heavy로 할당하고 SME 리뷰 일정을 예약하십시오.",
            "id": "sample_054_0005_000030",
            "annotations": []
        }
    ]
}