{
    "document_id": "054_0053",
    "document_title": "로컬라이제이션 프로젝트 브리프 및 LQA 지침서",
    "data": [
        {
            "sentence": "본 문서는 번역·로컬라이제이션 프로젝트의 메타데이터, 품질보증 절차, 민감정보 처리 및 변경 이력 규칙을 기술합니다.",
            "id": "sample_054_0053_000001",
            "annotations": []
        },
        {
            "sentence": "project_id: proj_054_0053_0001, client_id: CLIENT_789, source_language: ko, target_language: en-US.",
            "id": "sample_054_0053_000002",
            "annotations": []
        },
        {
            "sentence": "source_text_excerpt: \"안녕하세요, {username}님. <b>서비스에 오신 것을 환영합니다</b>\"(원문 일부, 태그 및 변수 보존 필수).",
            "id": "sample_054_0053_000003",
            "annotations": []
        },
        {
            "sentence": "file_format: XLIFF v1.2, segment_id: seg_00123, TM_match_percentage: 85%, 원문 내 %s 및 ICU 플레어스 보존 우선.",
            "id": "sample_054_0053_000004",
            "annotations": []
        },
        {
            "sentence": "glossary_terms_applied: '제품명: 로컬라이즈360', '용어: 서비스->Service', style_guide_reference: 'ClientStyleGuide_v2'을 우선 적용합니다.",
            "id": "sample_054_0053_000005",
            "annotations": []
        },
        {
            "sentence": "translator_id: 한승운 (암호화 및 최소화 정책 적용, 원본값은 키관리 서버에 안전 저장함).",
            "id": "sample_054_0053_000006",
            "annotations": [
                {
                    "word": "한승운",
                    "start": 15,
                    "end": 18,
                    "label": "개인정보"
                }
            ]
        },
        {
            "sentence": "reviewer_id: 류예현 (검수 접근 시 접근 사유를 로그에 기록하며 값은 저장 시 암호화됩니다).",
            "id": "sample_054_0053_000007",
            "annotations": [
                {
                    "word": "류예현",
                    "start": 13,
                    "end": 16,
                    "label": "개인정보"
                }
            ]
        },
        {
            "sentence": "contact_email: [ENCRYPTED_EMAIL_1] (이메일은 전송 시 TLS 사용, 저장 시 암호화하고 로그는 최소화함).",
            "id": "sample_054_0053_000008",
            "annotations": [
                {
                    "word": "[ENCRYPTED_EMAIL_1]",
                    "start": 15,
                    "end": 34,
                    "label": "개인정보"
                }
            ]
        },
        {
            "sentence": "contact_phone: [REDACTED_PHONE_1] (휴대폰 번호는 마스킹하여 표시하며 저장 시 접근 이유 기록을 필수화합니다).",
            "id": "sample_054_0053_000009",
            "annotations": [
                {
                    "word": "[REDACTED_PHONE_1]",
                    "start": 15,
                    "end": 33,
                    "label": "개인정보"
                }
            ]
        },
        {
            "sentence": "client_identifier 예시: 사번 20260012는 내부 식별자이며 개인정보로 분류되어 암호화 저장 대상입니다.",
            "id": "sample_054_0053_000010",
            "annotations": [
                {
                    "word": "사번 20260012",
                    "start": 22,
                    "end": 33,
                    "label": "개인정보"
                }
            ]
        },
        {
            "sentence": "참여자 신원 예시(마스킹): 여권번호 M12*****7는 PII로 취급되며 로그 최소화 및 접근제한 대상입니다.",
            "id": "sample_054_0053_000011",
            "annotations": [
                {
                    "word": "M12*****7",
                    "start": 21,
                    "end": 30,
                    "label": "개인정보"
                }
            ]
        },
        {
            "sentence": "원문에 포함된 생년월일 예시: 1990년 01월 01일 (날짜는 [년],[월],[일] 단위로 분리하여 어노테이션합니다).",
            "id": "sample_054_0053_000012",
            "annotations": [
                {
                    "word": "1990년",
                    "start": 17,
                    "end": 22,
                    "label": "준식별자"
                },
                {
                    "word": "01월",
                    "start": 23,
                    "end": 26,
                    "label": "준식별자"
                },
                {
                    "word": "01일",
                    "start": 27,
                    "end": 30,
                    "label": "준식별자"
                }
            ]
        },
        {
            "sentence": "주소 예시(준식별자 기준): 서울특별시 강남구 역삼동 (주소는 시/군/구/동 단위로 분리하여 어노테이션합니다).",
            "id": "sample_054_0053_000013",
            "annotations": [
                {
                    "word": "서울특별시",
                    "start": 16,
                    "end": 21,
                    "label": "준식별자"
                },
                {
                    "word": "강남구",
                    "start": 22,
                    "end": 25,
                    "label": "준식별자"
                },
                {
                    "word": "역삼동",
                    "start": 26,
                    "end": 29,
                    "label": "준식별자"
                }
            ]
        },
        {
            "sentence": "국적 필드 예시: 대한민국 (국적은 준식별자 범주로 분류되어 지역별 로케일 분기로 사용됨).",
            "id": "sample_054_0053_000014",
            "annotations": [
                {
                    "word": "대한민국",
                    "start": 10,
                    "end": 14,
                    "label": "준식별자"
                }
            ]
        },
        {
            "sentence": "직장명 예시: 주식회사 예시로컬 (직장명은 준식별자로 분류되며 용어집 우선순위 적용 여부 검토 필요).",
            "id": "sample_054_0053_000015",
            "annotations": [
                {
                    "word": "주식회사 예시로컬",
                    "start": 8,
                    "end": 17,
                    "label": "준식별자"
                }
            ]
        },
        {
            "sentence": "TM 콘텍스트 메모: segment seg_00123는 TM 85% 일치, 태그(%s, {username})와 HTML 엔터티 보존을 우선적으로 적용합니다.",
            "id": "sample_054_0053_000016",
            "annotations": []
        },
        {
            "sentence": "MT 추천: mt_provider: DeepL, confidence: 0.82, post_edit_type: light; 근거: 용어집 일치도가 높고 반복문장이 많음.",
            "id": "sample_054_0053_000017",
            "annotations": []
        },
        {
            "sentence": "문화적 민감성: 일부 의료·법률 용어는 문화적·규제 리스크가 있어 SME 검토 플래그를 달고 전문 검수 권장합니다.",
            "id": "sample_054_0053_000018",
            "annotations": []
        },
        {
            "sentence": "포맷별 변환 규칙: 날짜 표기는 대상 로케일 규칙을 따릅니다(예: ko-KR 2026-01-31 -> en-US 01/31/2026), 변환 규칙 문서화 필요.",
            "id": "sample_054_0053_000019",
            "annotations": []
        },
        {
            "sentence": "기밀정보 예시(네트워크): 내부 서버 IP 10.0.0.45는 외부 노출 금지이며 기밀로 분류됩니다.",
            "id": "sample_054_0053_000020",
            "annotations": [
                {
                    "word": "10.0.0.45",
                    "start": 24,
                    "end": 33,
                    "label": "기밀정보"
                }
            ]
        },
        {
            "sentence": "기밀정보 예시(내부 리소스): 내부 URL https://internal.corp.example.com/secret는 공개 금지, 전달 시 토큰화 처리 필요합니다.",
            "id": "sample_054_0053_000021",
            "annotations": [
                {
                    "word": "https://internal.corp.example.com/secret",
                    "start": 24,
                    "end": 64,
                    "label": "기밀정보"
                }
            ]
        },
        {
            "sentence": "기밀정보 예시(재무): 계좌번호 123-456-789012(출금용)는 재무 기밀로 분류되어 접근 로그 기록이 필수입니다.",
            "id": "sample_054_0053_000022",
            "annotations": [
                {
                    "word": "123-456-789012",
                    "start": 18,
                    "end": 32,
                    "label": "기밀정보"
                }
            ]
        },
        {
            "sentence": "내부 결재선 예시: 결재 담당자 김우겸(직책: 팀장)은 승인 권한 보유로 해당 항목은 기밀정보로 분류합니다.",
            "id": "sample_054_0053_000023",
            "annotations": [
                {
                    "word": "김우겸",
                    "start": 18,
                    "end": 21,
                    "label": "기밀정보"
                }
            ]
        },
        {
            "sentence": "저작권 및 배포 권한: 클라이언트가 배포 권한을 보유하나 라이선스 조건은 계약서(비공개)를 따릅니다.",
            "id": "sample_054_0053_000024",
            "annotations": []
        },
        {
            "sentence": "deadline_iso8601: 2026-02-10T18:00:00Z, word_count: 4,350, estimated_cost: KRW 1,245,000 (견적은 세금·옵션별 분리 표기).",
            "id": "sample_054_0053_000025",
            "annotations": []
        },
        {
            "sentence": "confidentiality_level: confidential, QA_checks_passed: false(형식/기능/언어 체크 항목 일부 미완료).",
            "id": "sample_054_0053_000026",
            "annotations": []
        },
        {
            "sentence": "change_log_url: https://pm.example.com/changelog/proj_054_0053 (변경 이력 접근은 권한자만 가능하며 접근 로그를 남깁니다).",
            "id": "sample_054_0053_000027",
            "annotations": [
                {
                    "word": "https://pm.example.com/changelog/proj_054_0053",
                    "start": 16,
                    "end": 62,
                    "label": "기밀정보"
                }
            ]
        },
        {
            "sentence": "LQA 체크리스트 요약: 언어(용어집 일관성), 형식(태그·엔터티·타임코드), 기능(변수 치환, UI 길이) 항목을 점검합니다.",
            "id": "sample_054_0053_000028",
            "annotations": []
        },
        {
            "sentence": "검수 권고: 법률·의료 관련 문장은 SME 검토 필수이며 애매한 원문은 'ambiguous' 표기로 검수 요청을 생성하세요.",
            "id": "sample_054_0053_000029",
            "annotations": []
        },
        {
            "sentence": "변경 이력 정책 예시: 모든 변경사항은 change_log에 작성자와 타임스탬프를 기록해야 하며 예시 작성자: 신요엘, 타임스탬프: 2026-01-20T09:15:00Z.",
            "id": "sample_054_0053_000030",
            "annotations": [
                {
                    "word": "신요엘",
                    "start": 62,
                    "end": 65,
                    "label": "개인정보"
                }
            ]
        }
    ]
}