{
    "document_id": "054_0007",
    "document_title": "로컬라이제이션 프로젝트 브리핑 및 LQA 체크리스트",
    "data": [
        {
            "sentence": "프로젝트 054_0007은 모바일 앱 UI 문자열을 대상으로 하는 번역·로컬라이제이션 작업입니다.",
            "id": "sample_054_0007_000001",
            "annotations": []
        },
        {
            "sentence": "클라이언트 식별자(client_id)는 0007-ACME로 표기되며, SLA와 라이선스 조건이 계약서에 명시되어 있습니다.",
            "id": "sample_054_0007_000002",
            "annotations": []
        },
        {
            "sentence": "프로젝트 매니저는 서채민이며, 연락처는 010-1234-5678, 이메일은 chaemin@example.com으로 등록되어 있습니다.",
            "id": "sample_054_0007_000003",
            "annotations": [
                {
                    "word": "서채민",
                    "start": 10,
                    "end": 13,
                    "label": "개인정보"
                },
                {
                    "word": "010-1234-5678",
                    "start": 22,
                    "end": 35,
                    "label": "개인정보"
                },
                {
                    "word": "chaemin@example.com",
                    "start": 42,
                    "end": 61,
                    "label": "개인정보"
                }
            ]
        },
        {
            "sentence": "번역 담당자 사번은 A12345이고, 리뷰어는 엄희로로 지정되어 있습니다.",
            "id": "sample_054_0007_000004",
            "annotations": [
                {
                    "word": "A12345",
                    "start": 11,
                    "end": 17,
                    "label": "개인정보"
                },
                {
                    "word": "엄희로",
                    "start": 26,
                    "end": 29,
                    "label": "개인정보"
                }
            ]
        },
        {
            "sentence": "원문에 포함된 변수 {username}과 <b>%s</b> 태그는 위치 변경 없이 그대로 유지해야 합니다.",
            "id": "sample_054_0007_000005",
            "annotations": []
        },
        {
            "sentence": "프로젝트 컨텍스트는 제품 설명 마케팅이며, 톤은 브랜드 가이드에 따라 친근하되 전문적으로 조정합니다.",
            "id": "sample_054_0007_000006",
            "annotations": []
        },
        {
            "sentence": "용어집에서 우선 적용되는 항목은 '로컬라이즈랩'이라는 기업명이며, 고객용어집과 TM 충돌 시 충돌 로그를 생성합니다.",
            "id": "sample_054_0007_000007",
            "annotations": [
                {
                    "word": "로컬라이즈랩",
                    "start": 19,
                    "end": 25,
                    "label": "준식별자"
                }
            ]
        },
        {
            "sentence": "문서 포맷은 XLIFF이며, 소스 세그먼트 id는 's-1203'으로 표기됩니다.",
            "id": "sample_054_0007_000008",
            "annotations": []
        },
        {
            "sentence": "원문에 표기된 생년월일은 1990년 05월 12일로 기록되어 있으며, 연, 월, 일을 각각 분리하여 처리해야 합니다.",
            "id": "sample_054_0007_000009",
            "annotations": [
                {
                    "word": "1990년",
                    "start": 14,
                    "end": 19,
                    "label": "준식별자"
                },
                {
                    "word": "05월",
                    "start": 20,
                    "end": 23,
                    "label": "준식별자"
                },
                {
                    "word": "12일",
                    "start": 24,
                    "end": 27,
                    "label": "준식별자"
                }
            ]
        },
        {
            "sentence": "대상자 성별은 여성으로 표기되어 있으며, 이는 준식별자로 취급해야 합니다.",
            "id": "sample_054_0007_000010",
            "annotations": [
                {
                    "word": "여성",
                    "start": 8,
                    "end": 10,
                    "label": "준식별자"
                }
            ]
        },
        {
            "sentence": "주소 샘플은 서울특별시 강남구 삼성동 123-45, 101동 202호로 되어 있어 상세 주소(호수 포함)는 개인정보로 분류됩니다.",
            "id": "sample_054_0007_000011",
            "annotations": [
                {
                    "word": "서울특별시 강남구 삼성동 123-45, 101동 202호",
                    "start": 7,
                    "end": 38,
                    "label": "개인정보"
                },
                {
                    "word": "서울특별시",
                    "start": 7,
                    "end": 12,
                    "label": "준식별자"
                },
                {
                    "word": "강남구",
                    "start": 13,
                    "end": 16,
                    "label": "준식별자"
                },
                {
                    "word": "삼성동",
                    "start": 17,
                    "end": 20,
                    "label": "준식별자"
                }
            ]
        },
        {
            "sentence": "법적·의료용어가 포함된 경우 전문 검수가 필수이며, 본 프로젝트에는 해당 문서는 포함되지 않습니다.",
            "id": "sample_054_0007_000012",
            "annotations": []
        },
        {
            "sentence": "기밀정보 예시로 내부 서버 접속 IP 10.0.4.12와 내부 파일 경로 /srv/localization/projects/054_0007/strings.xliff이 문서에 표기되어 있습니다.",
            "id": "sample_054_0007_000013",
            "annotations": [
                {
                    "word": "10.0.4.12",
                    "start": 21,
                    "end": 30,
                    "label": "기밀정보"
                },
                {
                    "word": "/srv/localization/projects/054_0007/strings.xliff",
                    "start": 41,
                    "end": 90,
                    "label": "기밀정보"
                }
            ]
        },
        {
            "sentence": "비공개 URL https://internal.company.com/secret/proposal.pdf은 암호화 저장 및 접근 로그 최소화 정책을 적용해야 합니다.",
            "id": "sample_054_0007_000014",
            "annotations": [
                {
                    "word": "https://internal.company.com/secret/proposal.pdf",
                    "start": 8,
                    "end": 56,
                    "label": "기밀정보"
                }
            ]
        },
        {
            "sentence": "재무 정보 예시로 계좌번호 110-123-456789와 협력사 코드 C-550가 비공개로 분류됩니다.",
            "id": "sample_054_0007_000015",
            "annotations": [
                {
                    "word": "110-123-456789",
                    "start": 15,
                    "end": 29,
                    "label": "기밀정보"
                },
                {
                    "word": "C-550",
                    "start": 38,
                    "end": 43,
                    "label": "기밀정보"
                }
            ]
        },
        {
            "sentence": "MT 권장: Google MT(신뢰도 medium)와 DeepL(신뢰도 high)을 비교 추천하며, 초기 제안은 DeepL 우선 사용입니다.",
            "id": "sample_054_0007_000016",
            "annotations": []
        },
        {
            "sentence": "추천 후편집 수준은 heavy로 명시하며, 근거는 MT 성능 및 전문용어 비율이 높기 때문입니다.",
            "id": "sample_054_0007_000017",
            "annotations": []
        },
        {
            "sentence": "날짜 표기 규칙은 타깃 로케일인 ko-KR 기준으로 YYYY.MM.DD로 변환하며, 원문과 다른 표기 시 변환 규칙을 문서화합니다.",
            "id": "sample_054_0007_000018",
            "annotations": []
        },
        {
            "sentence": "문화 민감 문장 플래그: 특정 종교 및 정치 관련 문장이 포함될 경우 SME 검토를 요청하도록 지정합니다.",
            "id": "sample_054_0007_000019",
            "annotations": []
        },
        {
            "sentence": "QA 체크리스트 항목에는 언어적 검사, 태그·플레이스홀더 보존 검사, 렌더링·포맷팅 검사, 기능적 빌드 검사가 포함됩니다.",
            "id": "sample_054_0007_000020",
            "annotations": []
        },
        {
            "sentence": "LQA 점수 산출 방식은 오류 심각도별 가중치를 적용하여 100점 만점 환산 방식으로 문서화되어 있습니다.",
            "id": "sample_054_0007_000021",
            "annotations": []
        },
        {
            "sentence": "변경 이력은 change_log_url: https://git.company.com/loc/054_0007/changes 및 각 변경에 작성자와 타임스탬프를 기록해야 합니다.",
            "id": "sample_054_0007_000022",
            "annotations": [
                {
                    "word": "https://git.company.com/loc/054_0007/changes",
                    "start": 23,
                    "end": 67,
                    "label": "기밀정보"
                }
            ]
        },
        {
            "sentence": "검수 담당자 원태이는 파일 접근 이유를 로그에 남기고, 개인정보 접근 시 암호화 전송을 우선 적용해야 합니다.",
            "id": "sample_054_0007_000023",
            "annotations": [
                {
                    "word": "원태이",
                    "start": 7,
                    "end": 10,
                    "label": "개인정보"
                }
            ]
        },
        {
            "sentence": "참고 샘플 문자열: '안녕하세요, {username}님. 지난 주문번호 %s의 배송 상태를 확인하세요.'는 플레이스홀더를 유지해야 합니다.",
            "id": "sample_054_0007_000024",
            "annotations": []
        },
        {
            "sentence": "프로젝트 납기 ISO 8601 표기는 2026-02-15T18:00:00Z로 표기하며, 시간대 변환 규칙을 문서화합니다.",
            "id": "sample_054_0007_000025",
            "annotations": []
        },
        {
            "sentence": "테스트 케이스에 포함된 샘플 연락처는 010-9999-8888로 표기되어 있으나, 샘플이라도 휴대폰 번호 형태는 개인정보로 취급해야 합니다.",
            "id": "sample_054_0007_000026",
            "annotations": [
                {
                    "word": "010-9999-8888",
                    "start": 21,
                    "end": 34,
                    "label": "개인정보"
                }
            ]
        },
        {
            "sentence": "혈액형 A형과 직장 로컬라이즈랩의 직무 '번역자' 정보는 준식별자 범주에 속합니다.",
            "id": "sample_054_0007_000027",
            "annotations": [
                {
                    "word": "A형",
                    "start": 4,
                    "end": 6,
                    "label": "준식별자"
                },
                {
                    "word": "번역자",
                    "start": 23,
                    "end": 26,
                    "label": "준식별자"
                },
                {
                    "word": "로컬라이즈랩",
                    "start": 11,
                    "end": 17,
                    "label": "준식별자"
                }
            ]
        },
        {
            "sentence": "결론 및 액션: 모든 PII는 일괄 암호화 저장, 기밀정보는 접근권한 관리, 용어집 우선순위 정책 적용, SME 검토가 필요한 문장은 별도 티켓 생성으로 처리합니다.",
            "id": "sample_054_0007_000028",
            "annotations": []
        }
    ]
}