{
    "document_id": "054_0008",
    "document_title": "번역·로컬라이제이션 프로젝트 운영 및 QA 가이드라인",
    "data": [
        {
            "sentence": "이 문서는 번역·로컬라이제이션 서비스의 작업 지침, 기술 통합, 품질보증(LQA) 절차를 종합적으로 정리한 운영 가이드입니다.",
            "id": "sample_054_0008_000001",
            "annotations": []
        },
        {
            "sentence": "문서의 적용 범위는 소프트웨어 리소스 파일, 마케팅 카피, 법률 문서, 자막(SRT) 및 XLIFF 기반 워크플로우를 포함합니다.",
            "id": "sample_054_0008_000002",
            "annotations": []
        },
        {
            "sentence": "지원되는 파일 포맷에는 JSON, HTML, XLIFF, SDLXLIFF, SRT가 포함되며 포맷별 특이사항은 각 섹션에서 명세합니다.",
            "id": "sample_054_0008_000003",
            "annotations": []
        },
        {
            "sentence": "원문 내 태그와 플레이스홀더(예: {username}, %s, <b></b>, &amp;nbsp;)는 위치와 형태를 보존해야 하며 변형 시 의도를 명시해야 합니다.",
            "id": "sample_054_0008_000004",
            "annotations": []
        },
        {
            "sentence": "프로젝트 메타데이터: project_id: 054_0008, client_id: CL-0987, 담당자: 남영석.",
            "id": "sample_054_0008_000005",
            "annotations": [
                {
                    "word": "남영석",
                    "start": 59,
                    "end": 62,
                    "label": "개인정보"
                }
            ]
        },
        {
            "sentence": "담당자 연락처 정보(업무용 이메일/휴대폰)는 암호화 전송을 원칙으로 하며 예시로 nam.ys@example.com 및 010-1234-5678가 등록되어 있습니다.",
            "id": "sample_054_0008_000006",
            "annotations": [
                {
                    "word": "nam.ys@example.com",
                    "start": 45,
                    "end": 63,
                    "label": "개인정보"
                },
                {
                    "word": "010-1234-5678",
                    "start": 66,
                    "end": 79,
                    "label": "개인정보"
                }
            ]
        },
        {
            "sentence": "예시 고객 데이터에는 민감도 테스트용 주민등록번호 900101-1234567이 포함되어 있어 실제 배포 시에는 즉시 마스킹해야 합니다.",
            "id": "sample_054_0008_000007",
            "annotations": [
                {
                    "word": "900101-1234567",
                    "start": 28,
                    "end": 42,
                    "label": "개인정보"
                }
            ]
        },
        {
            "sentence": "내부 직원 식별용 사번 표기 예시는 EID-201234로 되어 있으며 사번은 개인식별정보로 취급합니다.",
            "id": "sample_054_0008_000008",
            "annotations": [
                {
                    "word": "EID-201234",
                    "start": 20,
                    "end": 30,
                    "label": "개인정보"
                }
            ]
        },
        {
            "sentence": "검수 히스토리에는 검수자 기본정보로 생년월일 1985-07-20과 성별 남이 테스트 항목으로 들어갈 수 있으므로 별도 암호화가 필요합니다.",
            "id": "sample_054_0008_000009",
            "annotations": [
                {
                    "word": "1985-07-20",
                    "start": 25,
                    "end": 35,
                    "label": "준식별자"
                },
                {
                    "word": "남",
                    "start": 40,
                    "end": 41,
                    "label": "준식별자"
                }
            ]
        },
        {
            "sentence": "주소 처리 규칙: 주소는 시/군/구/동 단위로 분리 저장해야 하며 예시 주소는 서울특별시 강남구 역삼동 123-45로 표기되어 있습니다.",
            "id": "sample_054_0008_000010",
            "annotations": [
                {
                    "word": "서울특별시 강남구 역삼동 123-45",
                    "start": 44,
                    "end": 64,
                    "label": "개인정보"
                }
            ]
        },
        {
            "sentence": "준식별자 항목 예시로 국적: 대한민국, 직업/직장명: Acme로컬라이제이션이 기록되어 있으며 이는 익명화 대상입니다.",
            "id": "sample_054_0008_000011",
            "annotations": [
                {
                    "word": "대한민국",
                    "start": 16,
                    "end": 20,
                    "label": "준식별자"
                },
                {
                    "word": "Acme로컬라이제이션",
                    "start": 30,
                    "end": 41,
                    "label": "준식별자"
                }
            ]
        },
        {
            "sentence": "번역메모리(TM) 일치율은 세그먼트별로 표기되며 예: segment_id s_000125 TM_match_percentage 85%가 각 세그먼트 메타데이터에 포함됩니다.",
            "id": "sample_054_0008_000012",
            "annotations": []
        },
        {
            "sentence": "기밀정보 예시로 내부 서버 IP 10.0.0.12는 외부 유출 시 보안 문제가 발생하므로 별도의 접근 제어가 필요합니다.",
            "id": "sample_054_0008_000013",
            "annotations": [
                {
                    "word": "10.0.0.12",
                    "start": 18,
                    "end": 27,
                    "label": "기밀정보"
                }
            ]
        },
        {
            "sentence": "프로젝트 구성 파일의 내부 경로 예시로 /srv/localize/projects/054/config.yml이 명시되어 있는데, 경로 정보는 기밀정보로 분류합니다.",
            "id": "sample_054_0008_000014",
            "annotations": [
                {
                    "word": "/srv/localize/projects/054/config.yml",
                    "start": 22,
                    "end": 59,
                    "label": "기밀정보"
                }
            ]
        },
        {
            "sentence": "재무 관련 기밀로 예시 계좌번호 123-456-789012는 문서 내 직접 표기 금지이며 전송 시 암호화된 토큰으로 대체해야 합니다.",
            "id": "sample_054_0008_000015",
            "annotations": [
                {
                    "word": "123-456-789012",
                    "start": 18,
                    "end": 32,
                    "label": "기밀정보"
                }
            ]
        },
        {
            "sentence": "내부 전용 비공개 URL 예시 https://internal.example.com/secure/054과 VPN 주소 vpn.internal.example.com은 외부 공유 금지 항목입니다.",
            "id": "sample_054_0008_000016",
            "annotations": [
                {
                    "word": "https://internal.example.com/secure/054",
                    "start": 17,
                    "end": 56,
                    "label": "기밀정보"
                },
                {
                    "word": "vpn.internal.example.com",
                    "start": 65,
                    "end": 89,
                    "label": "기밀정보"
                }
            ]
        },
        {
            "sentence": "MT 사용 권고: mt_provider는 DeepL 및 Google MT를 병행 권장하며 confidence 레벨은 세그먼트별로 표시해야 합니다.",
            "id": "sample_054_0008_000017",
            "annotations": []
        },
        {
            "sentence": "후편집 수준은 프로젝트 정책에 따라 light 또는 heavy로 명시하며 현재 프로젝트는 post_edit_type: heavy로 권장됩니다.",
            "id": "sample_054_0008_000018",
            "annotations": []
        },
        {
            "sentence": "여권번호 예시로 M12345678이 테스트 데이터에 포함되어 있어 실데이터 사용 시 즉시 마스킹해야 합니다.",
            "id": "sample_054_0008_000019",
            "annotations": [
                {
                    "word": "M12345678",
                    "start": 9,
                    "end": 18,
                    "label": "개인정보"
                }
            ]
        },
        {
            "sentence": "운전면허번호 예시 D987654321은 식별성이 높으므로 저장 시 별도 암호화 규칙을 적용해야 합니다.",
            "id": "sample_054_0008_000020",
            "annotations": [
                {
                    "word": "D987654321",
                    "start": 10,
                    "end": 20,
                    "label": "개인정보"
                }
            ]
        },
        {
            "sentence": "검수 담당자 정보 예시로 서지원@acme.com 및 검수자 명 서지원이 기록되어 있으므로 개인정보 처리 동의가 필요합니다.",
            "id": "sample_054_0008_000021",
            "annotations": [
                {
                    "word": "서지원@acme.com",
                    "start": 14,
                    "end": 26,
                    "label": "개인정보"
                },
                {
                    "word": "서지원",
                    "start": 14,
                    "end": 17,
                    "label": "개인정보"
                },
                {
                    "word": "서지원",
                    "start": 35,
                    "end": 38,
                    "label": "개인정보"
                }
            ]
        },
        {
            "sentence": "용어집 우선순위: 고객 용어집(glossary)이 TM보다 우선 적용되며 용어 충돌 발생 시 충돌 로그를 생성해 고객 승인 절차를 따릅니다.",
            "id": "sample_054_0008_000022",
            "annotations": []
        },
        {
            "sentence": "문화적 민감성 검토가 필요한 문장은 별도 플래그를 달아 SME(Subject Matter Expert) 검토를 권장하며 규제 리스크를 명시해야 합니다.",
            "id": "sample_054_0008_000023",
            "annotations": []
        },
        {
            "sentence": "숫자, 통화, 단위, 날짜 표기 방식은 타깃 로케일 규칙을 따르며 원문과 다른 표기 시 변환 규칙을 변경 로그에 기록합니다.",
            "id": "sample_054_0008_000024",
            "annotations": []
        },
        {
            "sentence": "QA 체크리스트에는 linguistic, formatting, functional 항목을 포함하며 LQA 점수 산출 방식은 가중치 기반(용어, 일관성, 자연스러움)으로 문서화합니다.",
            "id": "sample_054_0008_000025",
            "annotations": []
        },
        {
            "sentence": "번역가/검수자 매핑 예시는 translator_id T-5678 담당 번역가 정준형, reviewer_id R-0091 담당 검수자 박노엘로 표기되어 있습니다.",
            "id": "sample_054_0008_000026",
            "annotations": [
                {
                    "word": "정준형",
                    "start": 43,
                    "end": 46,
                    "label": "개인정보"
                },
                {
                    "word": "박노엘",
                    "start": 74,
                    "end": 77,
                    "label": "개인정보"
                }
            ]
        },
        {
            "sentence": "변경 이력은 change_log_url에 기록하며 모든 변경사항에는 작성자, 변경사유, 타임스탬프를 포함해야 합니다; 예시 URL: https://changelog.example.com/054.",
            "id": "sample_054_0008_000027",
            "annotations": []
        },
        {
            "sentence": "납기 및 SLA 규정은 마일스톤 단위로 정의하며 미준수 시 자동 알림 및 보상 정책 적용 절차를 명확히 기술합니다.",
            "id": "sample_054_0008_000028",
            "annotations": []
        },
        {
            "sentence": "저작권 및 배포 권한은 클라이언트 계약서에 기반해 명시하며 라이선스 조건과 재사용 규정을 문서에 포함합니다.",
            "id": "sample_054_0008_000029",
            "annotations": []
        },
        {
            "sentence": "최종 액션 아이템: 민감정보(PII/기밀) 목록 마스킹·암호화 적용, 용어 충돌 로그 제출, SME 검토 요청 및 최종 LQA 보고서 제출입니다.",
            "id": "sample_054_0008_000030",
            "annotations": []
        }
    ]
}