{
    "document_id": "054_0083",
    "document_title": "PRJ-2026-001 번역·로컬라이제이션 QA 및 작업 지시서",
    "data": [
        {
            "sentence": "문서 개요: PRJ-2026-001 번역·로컬라이제이션 QA 및 작업 지시서.",
            "id": "sample_054_0083_000001",
            "annotations": [
                {
                    "word": "PRJ-2026-001",
                    "start": 7,
                    "end": 19,
                    "label": "기밀정보"
                }
            ]
        },
        {
            "sentence": "클라이언트: CL-349 (고객사 내역은 기밀로 취급).",
            "id": "sample_054_0083_000002",
            "annotations": [
                {
                    "word": "CL-349",
                    "start": 7,
                    "end": 13,
                    "label": "기밀정보"
                }
            ]
        },
        {
            "sentence": "소스언어: ko-KR, 타깃언어: en-US.",
            "id": "sample_054_0083_000003",
            "annotations": []
        },
        {
            "sentence": "원문 발췌: '안녕하세요, {username}님, <b>환영합니다</b>. 로그인이 필요합니다.' 라는 문장에는 플레이스홀더 {username}과 태그 <b></b>가 포함되어 있습니다.",
            "id": "sample_054_0083_000004",
            "annotations": []
        },
        {
            "sentence": "파일 포맷: XLIFF, 세그먼트 ID: seg-0001, TM 매치율: 85%.",
            "id": "sample_054_0083_000005",
            "annotations": []
        },
        {
            "sentence": "적용된 용어집: 브랜드명 'MyApp Pro', 제품명 'SecureSync' 등이 고객 용어집에 등록되어 우선 적용됩니다.",
            "id": "sample_054_0083_000006",
            "annotations": []
        },
        {
            "sentence": "스타일 가이드 참조: client_style_v3.docx, 레지스터는 formal로 설정합니다.",
            "id": "sample_054_0083_000007",
            "annotations": []
        },
        {
            "sentence": "번역자 ID: T-009, 번역자 성명: 우제민 (담당 번역자).",
            "id": "sample_054_0083_000008",
            "annotations": [
                {
                    "word": "우제민",
                    "start": 23,
                    "end": 26,
                    "label": "개인정보"
                }
            ]
        },
        {
            "sentence": "검수자 ID: R-002, 검수자 성명: 류정 (최종 검수 담당).",
            "id": "sample_054_0083_000009",
            "annotations": [
                {
                    "word": "류정",
                    "start": 23,
                    "end": 25,
                    "label": "개인정보"
                }
            ]
        },
        {
            "sentence": "PM: 민현유, 연락처: 010-1234-5678, 이메일: ujm@example.com (연락용).",
            "id": "sample_054_0083_000010",
            "annotations": [
                {
                    "word": "민현유",
                    "start": 4,
                    "end": 7,
                    "label": "개인정보"
                },
                {
                    "word": "010-1234-5678",
                    "start": 14,
                    "end": 27,
                    "label": "개인정보"
                },
                {
                    "word": "ujm@example.com",
                    "start": 34,
                    "end": 49,
                    "label": "개인정보"
                }
            ]
        },
        {
            "sentence": "단어수(Word Count): 12,345 단어, 견적 금액(원화): KRW 1,250,000.",
            "id": "sample_054_0083_000011",
            "annotations": []
        },
        {
            "sentence": "납기(Deadline): 2026-02-15T18:00:00Z (ISO 8601 형식).",
            "id": "sample_054_0083_000012",
            "annotations": []
        },
        {
            "sentence": "기밀 등급: High, 보관 및 전송 시 암호화 필요, 접근 로그 최소화 지침 적용.",
            "id": "sample_054_0083_000013",
            "annotations": []
        },
        {
            "sentence": "변경 이력 URL: https://internal.example.com/changelog/PRJ-2026-001 (내부 비공개 URL).",
            "id": "sample_054_0083_000014",
            "annotations": [
                {
                    "word": "https://internal.example.com/changelog/PRJ-2026-001",
                    "start": 11,
                    "end": 62,
                    "label": "기밀정보"
                }
            ]
        },
        {
            "sentence": "MT 엔진: Google Translate, MT confidence: 0.73, 후편집 권장 수준: heavy.",
            "id": "sample_054_0083_000015",
            "annotations": []
        },
        {
            "sentence": "후편집 유형(post_edit_type): heavy, 근거: mt_provider=Google, confidence=0.73, PE 권장 사유는 용어 일관성 및 브랜드 톤 유지 필요.",
            "id": "sample_054_0083_000016",
            "annotations": []
        },
        {
            "sentence": "QA 체크리스트: linguistic, formatting, functional 항목을 포함하며 LQA 점수 산출 방식은 Weighted scoring입니다.",
            "id": "sample_054_0083_000017",
            "annotations": []
        },
        {
            "sentence": "포맷별 주의사항: XLIFF의 경우 <trans-unit> 태그 내부의 CDATA와 변수(%s, {username}) 보존을 필수화합니다.",
            "id": "sample_054_0083_000018",
            "annotations": []
        },
        {
            "sentence": "서버 접속 정보(내부): API endpoint 10.0.4.12:8443 and file path /data/localization/PRJ-2026-001/ 원문 저장 위치.",
            "id": "sample_054_0083_000019",
            "annotations": [
                {
                    "word": "10.0.4.12:8443",
                    "start": 27,
                    "end": 41,
                    "label": "기밀정보"
                },
                {
                    "word": "/data/localization/PRJ-2026-001/",
                    "start": 56,
                    "end": 88,
                    "label": "기밀정보"
                },
                {
                    "word": "PRJ-2026-001",
                    "start": 75,
                    "end": 87,
                    "label": "기밀정보"
                }
            ]
        },
        {
            "sentence": "계좌 정보(청구용): 은행 계좌번호 123-456-789012로 송금 요청, 금융 세부내역은 기밀로 분류됩니다.",
            "id": "sample_054_0083_000020",
            "annotations": [
                {
                    "word": "123-456-789012",
                    "start": 20,
                    "end": 34,
                    "label": "기밀정보"
                }
            ]
        },
        {
            "sentence": "주소: 서울특별시 강남구 테헤란로 10, 503호 (청구서 발송용 상세 주소).",
            "id": "sample_054_0083_000021",
            "annotations": [
                {
                    "word": "서울특별시 강남구 테헤란로 10, 503호",
                    "start": 4,
                    "end": 27,
                    "label": "개인정보"
                }
            ]
        },
        {
            "sentence": "저작권 및 배포 권한: 클라이언트 소유이며 배포 조건은 계약서에 명시되어 있습니다.",
            "id": "sample_054_0083_000022",
            "annotations": []
        },
        {
            "sentence": "법적/규제 리스크: 금융·의료 용어가 포함될 경우 SME(전문가) 검토 필수로 별도 플래그를 달아 처리합니다.",
            "id": "sample_054_0083_000023",
            "annotations": []
        },
        {
            "sentence": "용어 충돌 로그: 고객 용어집 우선순위 적용 중 TM 일치 용어 'SecureSync'와 용어집 'SecureSync' 충돌 없음.",
            "id": "sample_054_0083_000024",
            "annotations": []
        },
        {
            "sentence": "포함 태그·플레이스홀더 보존 여부는 자동화 파이프라인에서 검증되며, 변경 시 change_log에 이유를 기록합니다.",
            "id": "sample_054_0083_000025",
            "annotations": []
        },
        {
            "sentence": "다국적 로케일 분기: ko-KR과 ko-KP 간의 지역적 표현 차이는 Locale Rule에 따라 브랜치 처리합니다.",
            "id": "sample_054_0083_000026",
            "annotations": []
        },
        {
            "sentence": "LQA 세부: linguistic 검수 60점, formatting 25점, functional 15점 가중치로 합산하여 LQA 점수 산출.",
            "id": "sample_054_0083_000027",
            "annotations": []
        },
        {
            "sentence": "작업자 배정: 번역자 우제민, 검수자 류정, PM 민현유, 클라이언트 담당 권세윤으로 연락 조정.",
            "id": "sample_054_0083_000028",
            "annotations": [
                {
                    "word": "우제민",
                    "start": 12,
                    "end": 15,
                    "label": "개인정보"
                },
                {
                    "word": "류정",
                    "start": 21,
                    "end": 23,
                    "label": "개인정보"
                },
                {
                    "word": "민현유",
                    "start": 28,
                    "end": 31,
                    "label": "개인정보"
                },
                {
                    "word": "권세윤",
                    "start": 42,
                    "end": 45,
                    "label": "개인정보"
                }
            ]
        },
        {
            "sentence": "민감정보 처리 규정: PII는 암호화 전송 및 저장을 원칙으로 하며 접근 로그에는 접근 목적을 기록합니다.",
            "id": "sample_054_0083_000029",
            "annotations": []
        },
        {
            "sentence": "액션 아이템: SME 검토 요청(의료/법률), MT 후편집 배포 전 최종 승인, 변경 이력 및 LQA 결과 공유.",
            "id": "sample_054_0083_000030",
            "annotations": []
        }
    ]
}