{
    "document_id": "054_0004",
    "document_title": "번역·로컬라이제이션 프로젝트 작업 지침서 및 보안·QA 개요",
    "data": [
        {
            "sentence": "본 문서는 번역·로컬라이제이션(Translation & Localization) 작업의 범위와 보안, QA 절차를 기술합니다.",
            "id": "sample_054_0004_000001",
            "annotations": []
        },
        {
            "sentence": "프로젝트 메타데이터에는 project_id, client_id, source_language, target_language, deadline_iso8601 등의 필드가 포함되어야 합니다.",
            "id": "sample_054_0004_000002",
            "annotations": []
        },
        {
            "sentence": "지원 파일 포맷은 XLIFF, SDLXLIFF, JSON, HTML, SRT를 기본으로 하며 각 포맷별 처리 파이프라인을 준수합니다.",
            "id": "sample_054_0004_000003",
            "annotations": []
        },
        {
            "sentence": "고객 용어집(glossary)과 스타일 가이드(style_guide_reference)는 TM보다 우선 적용되며 충돌 발생 시 충돌 로그를 생성합니다.",
            "id": "sample_054_0004_000004",
            "annotations": []
        },
        {
            "sentence": "세그먼트별 TM_match_percentage는 레코드로 남기고, 예시로 85% 이상은 Fuzzy 85로 표기합니다.",
            "id": "sample_054_0004_000005",
            "annotations": []
        },
        {
            "sentence": "MT 권장 문구에는 mt_provider와 confidence 레벨을 기록하고 post_edit_type(light/heavy/none)을 명시해야 합니다.",
            "id": "sample_054_0004_000006",
            "annotations": []
        },
        {
            "sentence": "원문 내 모든 태그와 변수는 보존되어야 하므로 {username}, %s, <b></b> 등의 플레이스홀더를 유지하세요.",
            "id": "sample_054_0004_000007",
            "annotations": []
        },
        {
            "sentence": "변수 위치를 변경할 경우 의도를 명확히 주석으로 남기고 예시로 \"{username}님, 환영합니다.\"의 위치 변경은 별도 로그에 기록합니다.",
            "id": "sample_054_0004_000008",
            "annotations": []
        },
        {
            "sentence": "담당자 연락처는 아래와 같이 기재되어 있으며 담당자: 하로이 로컬라이제이션 매니저입니다.",
            "id": "sample_054_0004_000009",
            "annotations": [
                {
                    "word": "하로이",
                    "start": 30,
                    "end": 33,
                    "label": "개인정보"
                }
            ]
        },
        {
            "sentence": "담당자 휴대폰: +82-10-1234-5678 로 등록되어 있으며 PII는 암호화 전송 및 저장이 필요합니다.",
            "id": "sample_054_0004_000010",
            "annotations": [
                {
                    "word": "+82-10-1234-5678",
                    "start": 9,
                    "end": 25,
                    "label": "개인정보"
                }
            ]
        },
        {
            "sentence": "담당자 이메일: haroi@example.com 은 연락 및 파일 전송 용도로만 사용하며 로그는 최소화합니다.",
            "id": "sample_054_0004_000011",
            "annotations": [
                {
                    "word": "haroi@example.com",
                    "start": 9,
                    "end": 26,
                    "label": "개인정보"
                }
            ]
        },
        {
            "sentence": "개인 식별용 예시로 주민등록번호: 900101-1234567 은 내부 검수 목적에 한해 암호화된 형태로만 보관합니다.",
            "id": "sample_054_0004_000012",
            "annotations": [
                {
                    "word": "900101-1234567",
                    "start": 19,
                    "end": 33,
                    "label": "개인정보"
                }
            ]
        },
        {
            "sentence": "생년월일은 검수 과정에서 연/월/일 단위로 분리하여 기록하며 예시로 1990년 5월 7일 로 표기합니다.",
            "id": "sample_054_0004_000013",
            "annotations": [
                {
                    "word": "1990년",
                    "start": 38,
                    "end": 43,
                    "label": "준식별자"
                },
                {
                    "word": "5월",
                    "start": 44,
                    "end": 46,
                    "label": "준식별자"
                },
                {
                    "word": "7일",
                    "start": 47,
                    "end": 49,
                    "label": "준식별자"
                }
            ]
        },
        {
            "sentence": "성별 표기는 준식별자로 분류되며 예시로 성별: 남성 과 같이 구조화된 필드로 관리합니다.",
            "id": "sample_054_0004_000014",
            "annotations": [
                {
                    "word": "남성",
                    "start": 26,
                    "end": 28,
                    "label": "준식별자"
                }
            ]
        },
        {
            "sentence": "주소 예시는 상세 주소 포함 시 개인정보로 취급하며 예: 서울특별시 중구 을지로 12 는 암호화 저장 대상입니다.",
            "id": "sample_054_0004_000015",
            "annotations": [
                {
                    "word": "서울특별시 중구 을지로 12",
                    "start": 32,
                    "end": 47,
                    "label": "개인정보"
                }
            ]
        },
        {
            "sentence": "주소는 시/군/구/동 단위로 분리하여 어노테이션해야 하며 예로 시: 서울특별시, 구: 중구, 동: 을지로 로 표기합니다.",
            "id": "sample_054_0004_000016",
            "annotations": [
                {
                    "word": "서울특별시",
                    "start": 38,
                    "end": 43,
                    "label": "준식별자"
                },
                {
                    "word": "중구",
                    "start": 48,
                    "end": 50,
                    "label": "준식별자"
                },
                {
                    "word": "을지로",
                    "start": 55,
                    "end": 58,
                    "label": "준식별자"
                }
            ]
        },
        {
            "sentence": "직업 및 직장명은 준식별자에 해당하므로 직장: ABC로컬라이제이션 과 같은 항목을 별도 필드로 관리합니다.",
            "id": "sample_054_0004_000017",
            "annotations": [
                {
                    "word": "ABC로컬라이제이션",
                    "start": 26,
                    "end": 36,
                    "label": "준식별자"
                }
            ]
        },
        {
            "sentence": "시스템 관련 기밀정보 예시로 내부 서버 IP: 10.0.0.15 는 공개 금지 항목이며 접근 통제로 보호합니다.",
            "id": "sample_054_0004_000018",
            "annotations": [
                {
                    "word": "10.0.0.15",
                    "start": 26,
                    "end": 35,
                    "label": "기밀정보"
                }
            ]
        },
        {
            "sentence": "내부 파일 경로는 기밀로 분류되며 예시 경로 /srv/localization/secrets/config.yml 는 제한 접근 대상입니다.",
            "id": "sample_054_0004_000019",
            "annotations": [
                {
                    "word": "/srv/localization/secrets/config.yml",
                    "start": 25,
                    "end": 61,
                    "label": "기밀정보"
                }
            ]
        },
        {
            "sentence": "재무적 기밀정보로 계좌번호: 123-456-7890 과 같은 항목은 전송 시 반드시 암호화하고 액세스 로그를 남깁니다.",
            "id": "sample_054_0004_000020",
            "annotations": [
                {
                    "word": "123-456-7890",
                    "start": 16,
                    "end": 28,
                    "label": "기밀정보"
                }
            ]
        },
        {
            "sentence": "비공개 URL 및 내부 리소스는 기밀로 처리하며 예시 https://internal.client.local/secret 은 외부 배포 금지입니다.",
            "id": "sample_054_0004_000021",
            "annotations": [
                {
                    "word": "https://internal.client.local/secret",
                    "start": 30,
                    "end": 66,
                    "label": "기밀정보"
                }
            ]
        },
        {
            "sentence": "검수자 정보는 문서화되어야 하며 검수자: 송연 은 권한과 검수 이력을 기록합니다.",
            "id": "sample_054_0004_000022",
            "annotations": [
                {
                    "word": "송연",
                    "start": 23,
                    "end": 25,
                    "label": "개인정보"
                }
            ]
        },
        {
            "sentence": "번역자 식별자는 translator_id 항목으로 관리하며 번역가: 백선우 의 작업 로그는 별도 보관됩니다.",
            "id": "sample_054_0004_000023",
            "annotations": [
                {
                    "word": "백선우",
                    "start": 38,
                    "end": 41,
                    "label": "개인정보"
                }
            ]
        },
        {
            "sentence": "여권번호와 같은 고유 식별자 예시로 여권번호: M12345678 은 PII로 분류되어 최소 보유 원칙을 적용합니다.",
            "id": "sample_054_0004_000024",
            "annotations": [
                {
                    "word": "M12345678",
                    "start": 26,
                    "end": 35,
                    "label": "개인정보"
                }
            ]
        },
        {
            "sentence": "LQA 체크리스트에는 linguistic, formatting, functional 항목을 포함하며 deadline_iso8601: 2026-02-15T18:00:00Z 로 스케줄합니다.",
            "id": "sample_054_0004_000025",
            "annotations": []
        },
        {
            "sentence": "문화적 민감성이나 규제 리스크가 있는 문장은 별도 플래그를 달아 SME 검토를 권장하며 해당 문장은 검수 라인에 회부합니다.",
            "id": "sample_054_0004_000026",
            "annotations": []
        },
        {
            "sentence": "PII 접근 시 암호화 및 최소화 원칙을 적용하며 로그 접근자와 접근 이유를 남겨야 하고 예시 로그 접근자: 하대환, 접근 이유: 검수 및 보안 감사 로 기록합니다.",
            "id": "sample_054_0004_000027",
            "annotations": [
                {
                    "word": "하대환",
                    "start": 61,
                    "end": 64,
                    "label": "개인정보"
                }
            ]
        },
        {
            "sentence": "변경 이력(change_log)은 작성자 및 ISO8601 타임스탬프와 함께 기록하고 예시 change_log_url: https://change.log/054_0004 에 링크합니다.",
            "id": "sample_054_0004_000028",
            "annotations": []
        }
    ]
}