{
    "document_id": "054_0052",
    "document_title": "번역·로컬라이제이션 프로젝트 054_0052 작업 지침 및 검수 메모",
    "data": [
        {
            "sentence": "프로젝트 개요: 본 문서는 번역·로컬라이제이션 서비스의 작업 지침과 LQA 결과, 그리고 기술적 통합 요구사항을 정리합니다.",
            "id": "sample_054_0052_000001",
            "annotations": []
        },
        {
            "sentence": "project_id: 054_0052.",
            "id": "sample_054_0052_000002",
            "annotations": []
        },
        {
            "sentence": "client_id: CLT-8901.",
            "id": "sample_054_0052_000003",
            "annotations": []
        },
        {
            "sentence": "source_language: en-US, target_language: ko-KR.",
            "id": "sample_054_0052_000004",
            "annotations": []
        },
        {
            "sentence": "source_text_excerpt: \"Welcome, {username}! Click <b>here</b> to continue.\"와 같은 변수 {username} 및 태그 <b></b>는 위치 변경 없이 보존해야 합니다.",
            "id": "sample_054_0052_000005",
            "annotations": []
        },
        {
            "sentence": "file_format: XLIFF, 처리 파이프라인은 SDLXLIFF와 연동되며 segment_id는 seg_000123으로 표기합니다.",
            "id": "sample_054_0052_000006",
            "annotations": []
        },
        {
            "sentence": "TM_match_percentage: 85%로 보고되었으며, TM 일치율 정보는 세그먼트별로 기록되어야 합니다.",
            "id": "sample_054_0052_000007",
            "annotations": []
        },
        {
            "sentence": "glossary_terms_applied: 고객 용어집의 'AcmePay'는 브랜드 고정명사로 적용하였고 충돌이 발생하면 충돌 로그를 생성합니다.",
            "id": "sample_054_0052_000008",
            "annotations": []
        },
        {
            "sentence": "style_guide_reference: client_style_v3를 우선 적용하며 스타일 가이드와 용어집 충돌 시 우선순위를 명시합니다.",
            "id": "sample_054_0052_000009",
            "annotations": []
        },
        {
            "sentence": "translator_id: 한현택; 번역 작업자는 고객 용어집 우선순위와 태그 보존 규칙을 확인해야 합니다.",
            "id": "sample_054_0052_000010",
            "annotations": [
                {
                    "word": "한현택",
                    "start": 15,
                    "end": 18,
                    "label": "개인정보"
                }
            ]
        },
        {
            "sentence": "reviewer_id: 송주빈; 검수자는 규제 리스크가 있는 문장을 SME에게 검토 의뢰해야 합니다.",
            "id": "sample_054_0052_000011",
            "annotations": [
                {
                    "word": "송주빈",
                    "start": 13,
                    "end": 16,
                    "label": "개인정보"
                }
            ]
        },
        {
            "sentence": "word_count: 4,215단어, estimated_cost: KRW 650,000, deadline_iso8601: 2026-02-15T18:00:00Z.",
            "id": "sample_054_0052_000012",
            "annotations": []
        },
        {
            "sentence": "confidentiality_level: 기밀(Internal), QA_checks_passed: false 및 미해결 이슈는 LQA 체크리스트에 기록됩니다.",
            "id": "sample_054_0052_000013",
            "annotations": []
        },
        {
            "sentence": "change_log_url: https://client.example.com/changelog/054_0052; 변경 이력은 모든 변경 시 작성자와 타임스탬프와 함께 기록됩니다.",
            "id": "sample_054_0052_000014",
            "annotations": []
        },
        {
            "sentence": "mt_provider: Google Translate, post_edit_type: light; MT 추천 근거는 provider와 confidence 레벨로 문서화해야 합니다.",
            "id": "sample_054_0052_000015",
            "annotations": []
        },
        {
            "sentence": "파일 내 변수 예: %s, {count}, ICU 플레어스 등은 그대로 유지하고 위치 변경 시 의도를 주석으로 명시합니다.",
            "id": "sample_054_0052_000016",
            "annotations": []
        },
        {
            "sentence": "용어 충돌 예시: 원문 '보증'과 고객 용어집 '워런티'가 상충할 경우 충돌 로그를 생성하고 클라이언트 승인 절차를 진행합니다.",
            "id": "sample_054_0052_000017",
            "annotations": []
        },
        {
            "sentence": "문화적 민감성 플래그: 광고 카피 '최고의' 표현은 현지 문화에서 과장으로 받아들여질 수 있으므로 SME 검토를 권장합니다.",
            "id": "sample_054_0052_000018",
            "annotations": []
        },
        {
            "sentence": "숫자 및 통화 표기: 원문 $49.99는 타깃 로케일 규칙에 따라 KRW 65,000으로 변환하였으며 변환 규칙을 기록했습니다.",
            "id": "sample_054_0052_000019",
            "annotations": []
        },
        {
            "sentence": "법적·의료·금융용어는 전문 번역사 또는 검수자의 검토가 필수이며 heavy PE를 권장합니다.",
            "id": "sample_054_0052_000020",
            "annotations": []
        },
        {
            "sentence": "translator 연락처: 한현택, 이메일 han.hyuntak@example.com, 휴대폰 010-1234-5678; 개인정보는 암호화 전송 및 최소화 원칙을 준수해야 합니다.",
            "id": "sample_054_0052_000021",
            "annotations": [
                {
                    "word": "한현택",
                    "start": 16,
                    "end": 19,
                    "label": "개인정보"
                },
                {
                    "word": "han.hyuntak@example.com",
                    "start": 25,
                    "end": 48,
                    "label": "개인정보"
                },
                {
                    "word": "010-1234-5678",
                    "start": 54,
                    "end": 67,
                    "label": "개인정보"
                }
            ]
        },
        {
            "sentence": "검수자 생년월일: 1985-07-23; 날짜는 [년]=1985 [월]=07 [일]=23로 분리하여 어노테이션합니다.",
            "id": "sample_054_0052_000022",
            "annotations": [
                {
                    "word": "1985",
                    "start": 10,
                    "end": 14,
                    "label": "준식별자"
                },
                {
                    "word": "1985",
                    "start": 30,
                    "end": 34,
                    "label": "준식별자"
                },
                {
                    "word": "07",
                    "start": 15,
                    "end": 17,
                    "label": "준식별자"
                },
                {
                    "word": "07",
                    "start": 39,
                    "end": 41,
                    "label": "준식별자"
                },
                {
                    "word": "23",
                    "start": 18,
                    "end": 20,
                    "label": "준식별자"
                },
                {
                    "word": "23",
                    "start": 46,
                    "end": 48,
                    "label": "준식별자"
                }
            ]
        },
        {
            "sentence": "샘플 주소(테스트 데이터): 서울특별시 강남구 역삼동 123-45; 주소는 [시], [군/구], [동] 단위로 분리 어노테이션 필요합니다.",
            "id": "sample_054_0052_000023",
            "annotations": [
                {
                    "word": "서울특별시",
                    "start": 16,
                    "end": 21,
                    "label": "준식별자"
                },
                {
                    "word": "강남구",
                    "start": 22,
                    "end": 25,
                    "label": "준식별자"
                },
                {
                    "word": "역삼동",
                    "start": 26,
                    "end": 29,
                    "label": "준식별자"
                },
                {
                    "word": "역삼동 123-45",
                    "start": 26,
                    "end": 36,
                    "label": "개인정보"
                }
            ]
        },
        {
            "sentence": "사번: 2020456 (번역 시스템 사용자 ID) 은 개인정보로 분류되어 암호화 저장 대상입니다.",
            "id": "sample_054_0052_000024",
            "annotations": [
                {
                    "word": "2020456",
                    "start": 4,
                    "end": 11,
                    "label": "개인정보"
                }
            ]
        },
        {
            "sentence": "프리랜서 계약서에 표기된 여권번호: M12345678; 여권번호 등 식별자는 엄격히 보호해야 합니다.",
            "id": "sample_054_0052_000025",
            "annotations": [
                {
                    "word": "M12345678",
                    "start": 20,
                    "end": 29,
                    "label": "개인정보"
                }
            ]
        },
        {
            "sentence": "시스템 접속 정보(기밀): 서버 IP 192.168.1.10 및 내부 파일 경로 /srv/localization/projects/054_0052/secret.tmx는 기밀정보로 취급합니다.",
            "id": "sample_054_0052_000026",
            "annotations": [
                {
                    "word": "192.168.1.10",
                    "start": 21,
                    "end": 33,
                    "label": "기밀정보"
                },
                {
                    "word": "/srv/localization/projects/054_0052/secret.tmx",
                    "start": 45,
                    "end": 91,
                    "label": "기밀정보"
                }
            ]
        },
        {
            "sentence": "지급 관련 기밀 정보: 계좌번호 123-456-789012는 재무 기밀로 암호화 저장 및 접근 로그를 최소화해야 합니다.",
            "id": "sample_054_0052_000027",
            "annotations": [
                {
                    "word": "123-456-789012",
                    "start": 18,
                    "end": 32,
                    "label": "기밀정보"
                }
            ]
        },
        {
            "sentence": "비공개 결재선: 담당자 한현택 승인; 내부 결재선 및 담당자 정보는 기밀 및 개인정보 성격을 동시에 가질 수 있습니다.",
            "id": "sample_054_0052_000028",
            "annotations": [
                {
                    "word": "비공개 결재선",
                    "start": 0,
                    "end": 7,
                    "label": "기밀정보"
                },
                {
                    "word": "한현택",
                    "start": 13,
                    "end": 16,
                    "label": "개인정보"
                }
            ]
        },
        {
            "sentence": "저작권 및 배포 권한: 모든 번역 산출물은 클라이언트 소유이며 라이선스 조건은 NDA에 따릅니다.",
            "id": "sample_054_0052_000029",
            "annotations": []
        },
        {
            "sentence": "액션 아이템: SME 검토 요청, MT 후편집 수준 heavy 권장, QA 체크리스트 완료 후 change_log_url에 변경 이력 업로드.",
            "id": "sample_054_0052_000030",
            "annotations": []
        }
    ]
}