{
    "document_id": "054_0071",
    "document_title": "UI 문자열 로컬라이제이션 브리프 — 데스크톱 애플리케이션 (ko-KR → en-US)",
    "data": [
        {
            "sentence": "문서 제목: 소프트웨어 UI 로컬라이제이션 프로젝트 브리프 (문서 ID: 054_0071).",
            "id": "sample_054_0071_000001",
            "annotations": []
        },
        {
            "sentence": "프로젝트 개요: 클라이언트의 데스크톱 애플리케이션 UI 문자열을 ko-KR에서 en-US로 로컬라이즈합니다.",
            "id": "sample_054_0071_000002",
            "annotations": []
        },
        {
            "sentence": "project_id: PRJ-054-0071, client_id: CLT-2009.",
            "id": "sample_054_0071_000003",
            "annotations": []
        },
        {
            "sentence": "source_language: ko-KR, target_language: en-US, source_text_excerpt: '설정 메뉴에서 {username}을(를) 선택하세요.' 태그 및 변수 보존.",
            "id": "sample_054_0071_000004",
            "annotations": []
        },
        {
            "sentence": "file_format: XLIFF, segment_id: xliff-seg-001, TM_match_percentage: 85%.",
            "id": "sample_054_0071_000005",
            "annotations": []
        },
        {
            "sentence": "glossary_terms_applied: 고객용어집 적용(사용자→User, 설정→Settings), 스타일 가이드 우선순위: client_glossary > TM.",
            "id": "sample_054_0071_000006",
            "annotations": []
        },
        {
            "sentence": "style_guide_reference: '클라이언트 스타일 가이드 v3.2', 용어집 버전: glossary_v2.1.",
            "id": "sample_054_0071_000007",
            "annotations": []
        },
        {
            "sentence": "translator_id: 차태금, reviewer_id: 이니나, 프로젝트 매니저: 양현웅.",
            "id": "sample_054_0071_000008",
            "annotations": [
                {
                    "word": "차태금",
                    "start": 15,
                    "end": 18,
                    "label": "개인정보"
                },
                {
                    "word": "이니나",
                    "start": 33,
                    "end": 36,
                    "label": "개인정보"
                },
                {
                    "word": "양현웅",
                    "start": 48,
                    "end": 51,
                    "label": "개인정보"
                }
            ]
        },
        {
            "sentence": "word_count: 3240, estimated_cost: KRW 1,123,200, 납기(ISO8601): 2025-03-15T18:00:00+09:00.",
            "id": "sample_054_0071_000009",
            "annotations": [
                {
                    "word": "2025-03-15T18:00:00+09:00",
                    "start": 62,
                    "end": 87,
                    "label": "준식별자"
                }
            ]
        },
        {
            "sentence": "confidentiality_level: 내부 기밀, 저작권·배포 권한: 클라이언트 소유, 라이선스 조건 별도 첨부.",
            "id": "sample_054_0071_000010",
            "annotations": []
        },
        {
            "sentence": "QA_checks_passed: linguistic=true, formatting=true, functional=false, LQA 점수 산출 방식: 오류당 1~5점 가중치 합산.",
            "id": "sample_054_0071_000011",
            "annotations": []
        },
        {
            "sentence": "change_log_url: https://internal.example.com/changelog/054_0071 (비공개 URL은 암호화 전송 및 접근 로그 최소화).",
            "id": "sample_054_0071_000012",
            "annotations": [
                {
                    "word": "https://internal.example.com/changelog/054_0071",
                    "start": 16,
                    "end": 63,
                    "label": "기밀정보"
                }
            ]
        },
        {
            "sentence": "mt_provider: DeepL, mt_confidence_estimate: 0.72, post_edit_type: heavy, 후편집 필요성: 전문용어 및 텍스트 일관성 확보.",
            "id": "sample_054_0071_000013",
            "annotations": []
        },
        {
            "sentence": "문화적 민감성 플래그: 의료·법률 용어 섹션은 SME 검토 권장, 해당 섹션은 별도 라벨링함.",
            "id": "sample_054_0071_000014",
            "annotations": []
        },
        {
            "sentence": "파일 포맷별 처리: XLIFF는 segment id 보존, JSON은 변수(%s, {username}) 보존, SRT는 타임코드 변환 규칙 적용.",
            "id": "sample_054_0071_000015",
            "annotations": []
        },
        {
            "sentence": "보안·접근: PII 데이터는 암호화 전송(PGP) 및 최소화 저장 정책 적용, 접근 사유를 로그로 남깁니다.",
            "id": "sample_054_0071_000016",
            "annotations": []
        },
        {
            "sentence": "담당자 연락처: 차태금, 이메일: chaetaegum@agency.kr, 휴대폰: 010-1234-5678.",
            "id": "sample_054_0071_000017",
            "annotations": [
                {
                    "word": "차태금",
                    "start": 9,
                    "end": 12,
                    "label": "개인정보"
                },
                {
                    "word": "chaetaegum@agency.kr",
                    "start": 19,
                    "end": 39,
                    "label": "개인정보"
                },
                {
                    "word": "010-1234-5678",
                    "start": 46,
                    "end": 59,
                    "label": "개인정보"
                }
            ]
        },
        {
            "sentence": "통관용 서류 정보: 번역가 강애린 여권번호 K12345678, 비자 유형: 단기상용.",
            "id": "sample_054_0071_000018",
            "annotations": [
                {
                    "word": "강애린",
                    "start": 15,
                    "end": 18,
                    "label": "개인정보"
                },
                {
                    "word": "K12345678",
                    "start": 24,
                    "end": 33,
                    "label": "개인정보"
                }
            ]
        },
        {
            "sentence": "국내법 준수: 법적 문서 섹션은 전문 번역사 진영으로 검수 필요(담당자: 남예나, 생년월일: 1990-07-22).",
            "id": "sample_054_0071_000019",
            "annotations": [
                {
                    "word": "남예나",
                    "start": 41,
                    "end": 44,
                    "label": "개인정보"
                },
                {
                    "word": "1990-07-22",
                    "start": 52,
                    "end": 62,
                    "label": "준식별자"
                }
            ]
        },
        {
            "sentence": "납품 주소 및 청구 정보: 서울특별시 강남구 역삼동 123-45 101동 202호, 수신인: 송채민.",
            "id": "sample_054_0071_000020",
            "annotations": [
                {
                    "word": "서울특별시 강남구 역삼동 123-45 101동 202호",
                    "start": 15,
                    "end": 45,
                    "label": "개인정보"
                },
                {
                    "word": "송채민",
                    "start": 52,
                    "end": 55,
                    "label": "개인정보"
                }
            ]
        },
        {
            "sentence": "시/군/구 레벨 주소(참고): 부산광역시 해운대구, 지역 분기 규칙 필요.",
            "id": "sample_054_0071_000021",
            "annotations": [
                {
                    "word": "부산광역시 해운대구",
                    "start": 17,
                    "end": 27,
                    "label": "준식별자"
                }
            ]
        },
        {
            "sentence": "사번 및 내부 ID: 사원번호 E2023001 (사번은 직원 식별자이므로 개인정보로 취급).",
            "id": "sample_054_0071_000022",
            "annotations": [
                {
                    "word": "E2023001",
                    "start": 17,
                    "end": 25,
                    "label": "개인정보"
                }
            ]
        },
        {
            "sentence": "계좌 및 결제 정보: 지급 계좌 345-123456-78 (우리은행), 결제 승인자는 진호성.",
            "id": "sample_054_0071_000023",
            "annotations": [
                {
                    "word": "345-123456-78",
                    "start": 18,
                    "end": 31,
                    "label": "기밀정보"
                },
                {
                    "word": "진호성",
                    "start": 48,
                    "end": 51,
                    "label": "개인정보"
                }
            ]
        },
        {
            "sentence": "시스템/네트워크: 사내 서버 IP 10.0.0.21, 내부 파일 경로 /srv/localization/054_0071/strings.xliff (기술기밀).",
            "id": "sample_054_0071_000024",
            "annotations": [
                {
                    "word": "10.0.0.21",
                    "start": 19,
                    "end": 28,
                    "label": "기밀정보"
                },
                {
                    "word": "/srv/localization/054_0071/strings.xliff",
                    "start": 39,
                    "end": 79,
                    "label": "기밀정보"
                }
            ]
        },
        {
            "sentence": "저작권 표기: © 2025 클라이언트사명. 배포 권한 및 라이선스 유효기간은 계약서 참조.",
            "id": "sample_054_0071_000025",
            "annotations": []
        },
        {
            "sentence": "TM 일치율 로그: segment xliff-seg-001은 85% 매치, 제안 번역은 {tm_suggestion}로 제공됨.",
            "id": "sample_054_0071_000026",
            "annotations": []
        },
        {
            "sentence": "용어 충돌 로그: 고객 용어집의 '로그인'과 TM의 '로그온' 충돌, 충돌 해결 방안은 클라이언트 확인 필요.",
            "id": "sample_054_0071_000027",
            "annotations": []
        },
        {
            "sentence": "QA 체크리스트(linguistic, formatting, functional)를 적용하고 LQA 점수와 이슈 티켓을 연동하여 리포트합니다.",
            "id": "sample_054_0071_000028",
            "annotations": []
        },
        {
            "sentence": "보안 권고: 내부 URL 및 계좌번호 등 기밀정보는 전달 시 PGP 암호화 또는 전용 포털 사용을 의무화합니다.",
            "id": "sample_054_0071_000029",
            "annotations": []
        },
        {
            "sentence": "변경 이력에는 변경자와 타임스탬프를 기록합니다: 작성자 강애린, 변경일 2024-11-02T09:12:00+09:00.",
            "id": "sample_054_0071_000030",
            "annotations": [
                {
                    "word": "강애린",
                    "start": 31,
                    "end": 34,
                    "label": "개인정보"
                }
            ]
        }
    ]
}