{
    "document_id": "055_0064",
    "document_title": "화학 공정 데이터 통합 보고서 및 배치기록(요약)",
    "data": [
        {
            "sentence": "본 문서는 플랜트 운영 데이터의 통합 검토와 배치 추적성 검증을 위해 작성되었습니다.",
            "id": "sample_055_0064_000001",
            "annotations": []
        },
        {
            "sentence": "문서 범위는 고빈도 시계열(sensor), 배치기록(batch_record), LIMS 분석, SOP·P&ID 참조, 유지보수·캘리브레이션 이력 및 규제 제출 참조를 포함합니다.",
            "id": "sample_055_0064_000002",
            "annotations": []
        },
        {
            "sentence": "대상 플랜트 식별자는 PLT-045이며 분석 대상 유닛은 UNIT-3로 표준 식별자 체계를 사용합니다.",
            "id": "sample_055_0064_000003",
            "annotations": []
        },
        {
            "sentence": "실시간 데이터는 ISO8601 타임스탬프(예: 2026-01-22T08:15:30.000Z)와 SI 단위(온도 °C, 압력 kPa, 유량 m3·h-1, 레벨 m)를 포함하여 낮은 지연으로 수집됩니다.",
            "id": "sample_055_0064_000004",
            "annotations": []
        },
        {
            "sentence": "샘플 시계열 예시: 2026-01-22T08:15:30.000Z T-301=152.3 °C, P-301=450.2 kPa, F-101=12.45 m3·h-1, L-201=2.34 m, C-401=5.2 mol% (단위 표기 포함).",
            "id": "sample_055_0064_000005",
            "annotations": []
        },
        {
            "sentence": "센서 노이즈는 가우시안 분포 기반 백색잡음, 장기 드리프트(캘리브레이션 간격 연관), 그리고 유지보수 구간의 결측 패턴을 모사합니다.",
            "id": "sample_055_0064_000006",
            "annotations": []
        },
        {
            "sentence": "유지보수로 인한 결측 구간 예시: 2026-01-21T02:00:00Z부터 2026-01-21T04:00:00Z까지 일부 센서 데이터가 수집되지 않았으며 롤업 규칙으로 보간·플래그 처리합니다.",
            "id": "sample_055_0064_000007",
            "annotations": []
        },
        {
            "sentence": "배치 요약: batch_id=BATCH-20260122-001, recipe_id=RCP-2025-01, material_lot_ids=[LOT-A-0001, LOT-B-0007], start_time=2026-01-22T00:15:00Z, end_time=2026-01-22T08:45:00Z, yield=1020 kg.",
            "id": "sample_055_0064_000008",
            "annotations": [
                {
                    "word": "BATCH-20260122-001",
                    "start": 16,
                    "end": 34,
                    "label": "기밀정보"
                },
                {
                    "word": "RCP-2025-01",
                    "start": 46,
                    "end": 57,
                    "label": "기밀정보"
                },
                {
                    "word": "LOT-A-0001",
                    "start": 77,
                    "end": 87,
                    "label": "기밀정보"
                },
                {
                    "word": "LOT-B-0007",
                    "start": 89,
                    "end": 99,
                    "label": "기밀정보"
                }
            ]
        },
        {
            "sentence": "물질수지 요약: 투입원료 총질량=1100 kg, 최종제품=1020 kg, 공정손실(증발·배출)=80 kg으로 질량보존(입력=출력+손실)을 만족합니다.",
            "id": "sample_055_0064_000009",
            "annotations": []
        },
        {
            "sentence": "LIMS 핵심검사: GC/MS 상대면적비 주요성분=0.012, HPLC 순도=98.6 %, pH=6.8 (unitless), 수분함량=0.45 wt%로 규격 대비 적합 판정입니다.",
            "id": "sample_055_0064_000010",
            "annotations": []
        },
        {
            "sentence": "참조 P&ID·플로우시트: 도면 참조번호 P&ID-UNIT3-2025-07에 따라 장비 연결과 제어 루프가 정의되어 있습니다.",
            "id": "sample_055_0064_000011",
            "annotations": [
                {
                    "word": "P&ID-UNIT3-2025-07",
                    "start": 23,
                    "end": 41,
                    "label": "기밀정보"
                }
            ]
        },
        {
            "sentence": "SOP 및 안전자료 요약: 레시피 상세와 MSDS 원문은 외부 노출 방지를 위해 요약 제공하며 참조ID MSDS-2024-09-11-01로 관리됩니다; 원문 열람은 승인 절차 필요합니다.",
            "id": "sample_055_0064_000012",
            "annotations": [
                {
                    "word": "MSDS-2024-09-11-01",
                    "start": 58,
                    "end": 76,
                    "label": "기밀정보"
                }
            ]
        },
        {
            "sentence": "HAZOP 평가 요약: 보고서 HAZOP-2025-11에 따라 주요 위험은 과압 및 배출가스 농도 상승으로 확인되었으며 개선 조치가 권고되었습니다.",
            "id": "sample_055_0064_000013",
            "annotations": []
        },
        {
            "sentence": "캘리브레이션 로그: 2026-01-20T09:30:00Z에 T-301 센서 캘리브레이션을 수행하였으며 수행자 기록: 윤민율, 장비 일련번호 SN-77821에 대해 보정값이 적용되었습니다.",
            "id": "sample_055_0064_000014",
            "annotations": [
                {
                    "word": "윤민율",
                    "start": 65,
                    "end": 68,
                    "label": "개인정보"
                },
                {
                    "word": "SN-77821",
                    "start": 78,
                    "end": 86,
                    "label": "기밀정보"
                }
            ]
        },
        {
            "sentence": "캘리브레이션 보정: 최근 보정에서 온도 오프셋 -0.8 °C가 적용되었으며 보정 이력은 캘리브레이션 데이터베이스에 영구 보관됩니다.",
            "id": "sample_055_0064_000015",
            "annotations": []
        },
        {
            "sentence": "알람·이벤트 로그 예시: 2026-01-22T09:14:12Z PV-301 고압 알람 발생, 조치 완료 시간 2026-01-22T09:22:05Z, 처리자 기록: 강민호.",
            "id": "sample_055_0064_000016",
            "annotations": [
                {
                    "word": "강민호",
                    "start": 91,
                    "end": 94,
                    "label": "개인정보"
                }
            ]
        },
        {
            "sentence": "배치 기록 검토 및 승인: 검토자 하영지가 BATCH-20260122-001의 생산기록을 검토·승인하였습니다(승인 시간 2026-01-22T12:05:00Z).",
            "id": "sample_055_0064_000017",
            "annotations": [
                {
                    "word": "하영지",
                    "start": 19,
                    "end": 22,
                    "label": "개인정보"
                }
            ]
        },
        {
            "sentence": "인사 예시(익명화 기준 설명용): 생년월일 1982-03-15, 성별 남성, 직책 공정팀장으로 내부 인사기록에 준식별자 항목으로 저장됩니다.",
            "id": "sample_055_0064_000018",
            "annotations": [
                {
                    "word": "1982-03-15",
                    "start": 24,
                    "end": 34,
                    "label": "준식별자"
                },
                {
                    "word": "남성",
                    "start": 39,
                    "end": 41,
                    "label": "준식별자"
                },
                {
                    "word": "공정팀장",
                    "start": 46,
                    "end": 50,
                    "label": "준식별자"
                }
            ]
        },
        {
            "sentence": "환경 배출 모니터링(요약): 대기 배출 NOx 평균 24 mg·m-3, SOx 평균 3.2 mg·m-3, 모니터링 보고서 ID EMISS-2026-01-22-001에 데이터가 집계되어 있습니다.",
            "id": "sample_055_0064_000019",
            "annotations": [
                {
                    "word": "EMISS-2026-01-22-001",
                    "start": 71,
                    "end": 91,
                    "label": "기밀정보"
                }
            ]
        },
        {
            "sentence": "규제 제출 및 문서화: REACH 제출 레퍼런스 REACH-Submit-2025-CH-09가 등록되어 있으며 원문은 내부 저장소 경로 /srv/regs/REACH-Submit-2025-CH-09.pdf에 보관됩니다.",
            "id": "sample_055_0064_000020",
            "annotations": [
                {
                    "word": "REACH-Submit-2025-CH-09",
                    "start": 27,
                    "end": 50,
                    "label": "기밀정보"
                },
                {
                    "word": "REACH-Submit-2025-CH-09",
                    "start": 85,
                    "end": 108,
                    "label": "기밀정보"
                },
                {
                    "word": "/srv/regs/REACH-Submit-2025-CH-09.pdf",
                    "start": 75,
                    "end": 112,
                    "label": "기밀정보"
                }
            ]
        },
        {
            "sentence": "품질 성적서 참조: Certificate ID Q-COA-20260122-01, 제품 로트 PROD-LOT-20260122A에 대해 허용오차 내 합격 처리되었습니다.",
            "id": "sample_055_0064_000021",
            "annotations": [
                {
                    "word": "Q-COA-20260122-01",
                    "start": 26,
                    "end": 43,
                    "label": "기밀정보"
                },
                {
                    "word": "PROD-LOT-20260122A",
                    "start": 51,
                    "end": 69,
                    "label": "기밀정보"
                }
            ]
        },
        {
            "sentence": "생산 계획(예측): 월간 목표 생산량 60,000 kg, 일별 롤업 집계 및 보관 주기는 원시 1초, 중간 1분, 장기 1시간 집계로 정의합니다.",
            "id": "sample_055_0064_000022",
            "annotations": []
        },
        {
            "sentence": "보안·접근 기록: 레시피 리포지토리는 내부 서버(예: 10.0.12.45)로 관리되며 레시피 파일 예시 경로는 /srv/plant/recipes/RCP-2025-01.json입니다; 접근은 VPN 및 권한검증이 필요합니다.",
            "id": "sample_055_0064_000023",
            "annotations": [
                {
                    "word": "10.0.12.45",
                    "start": 30,
                    "end": 40,
                    "label": "기밀정보"
                },
                {
                    "word": "/srv/plant/recipes/RCP-2025-01.json",
                    "start": 62,
                    "end": 97,
                    "label": "기밀정보"
                }
            ]
        },
        {
            "sentence": "시스템 계정 및 감사: 접근자 식별은 시스템 계정으로 관리되며 예시 계정 user: m_choi가 최근 감사 로그에 등재되어 있습니다.",
            "id": "sample_055_0064_000024",
            "annotations": [
                {
                    "word": "m_choi",
                    "start": 47,
                    "end": 53,
                    "label": "기밀정보"
                }
            ]
        },
        {
            "sentence": "배치 변경 이력: 2026-01-21T15:45:00Z에 레시피 RCP-2025-01에 대한 메타데이터 변경이 기록되었고 변경 사유에는 'composition redacted'로 표기되어 있습니다.",
            "id": "sample_055_0064_000025",
            "annotations": [
                {
                    "word": "RCP-2025-01",
                    "start": 36,
                    "end": 47,
                    "label": "기밀정보"
                }
            ]
        },
        {
            "sentence": "데이터 거버넌스: 센서 캘리브레이션 이력과 장비 상태를 반영한 보정 로직을 적용하며 결측·이상치 표기는 원인 코드와 함께 보존합니다.",
            "id": "sample_055_0064_000026",
            "annotations": []
        },
        {
            "sentence": "안전·규제 주의사항: 일부 원료는 유해물질로 분류되어 상세 취급 절차는 요약 수준으로만 제공하며, 위해성 높은 정보는 내부 승인 절차 후 열람 가능합니다.",
            "id": "sample_055_0064_000027",
            "annotations": []
        },
        {
            "sentence": "문서관리: 작성자 윤민율, 검토자 강민호, 승인자 하영지가 기록되어 있으며 문서번호 DOC-055-0064, 작성일 2026-01-23로 버전관리되었습니다.",
            "id": "sample_055_0064_000028",
            "annotations": [
                {
                    "word": "윤민율",
                    "start": 10,
                    "end": 13,
                    "label": "개인정보"
                },
                {
                    "word": "강민호",
                    "start": 19,
                    "end": 22,
                    "label": "개인정보"
                },
                {
                    "word": "하영지",
                    "start": 28,
                    "end": 31,
                    "label": "개인정보"
                },
                {
                    "word": "DOC-055-0064",
                    "start": 47,
                    "end": 59,
                    "label": "기밀정보"
                }
            ]
        }
    ]
}