{
    "document_id": "055_0074",
    "document_title": "동해화학공장 공정운영 및 배치기록 종합보고서",
    "data": [
        {
            "sentence": "본 문서는 동해화학공장 연속·배치 공정의 운영 기록과 관련 문서의 종합 요약을 제공한다.",
            "id": "sample_055_0074_000001",
            "annotations": [
                {
                    "word": "동해화학공장",
                    "start": 6,
                    "end": 12,
                    "label": "준식별자"
                }
            ]
        },
        {
            "sentence": "문서는 울산광역시 남구에 위치한 생산설비의 운영 현황을 포함하며, 보안상 일부 민감값은 익명화되어 있다.",
            "id": "sample_055_0074_000002",
            "annotations": [
                {
                    "word": "울산광역시",
                    "start": 4,
                    "end": 9,
                    "label": "준식별자"
                },
                {
                    "word": "남구",
                    "start": 10,
                    "end": 12,
                    "label": "준식별자"
                }
            ]
        },
        {
            "sentence": "실시간 센서 데이터 샘플은 ISO8601 타임스탬프를 포함하며 단위는 SI 기준으로 표기된다.",
            "id": "sample_055_0074_000003",
            "annotations": []
        },
        {
            "sentence": "2026-01-22T14:23:45.123Z 온도 350.15 K, 압력 2.50e5 Pa, 유량 0.120 m3·s-1, 레벨 1.80 m, 조성(무차원) 0.085 mol/mol.",
            "id": "sample_055_0074_000004",
            "annotations": []
        },
        {
            "sentence": "위 값들은 물성·질량수지 검토를 통해 내부 밸런스와 일치하도록 조정되었으며 에너지 흐름도 검증되었다.",
            "id": "sample_055_0074_000005",
            "annotations": []
        },
        {
            "sentence": "배치 기록은 batch_id BATCH-20260122-009, recipe_id RECIPE-RX-77로 참조되며 시작시간 2026-01-22T08:00:00Z, 종료시간 2026-01-22T16:30:00Z로 명기되어 있다.",
            "id": "sample_055_0074_000006",
            "annotations": [
                {
                    "word": "BATCH-20260122-009",
                    "start": 16,
                    "end": 34,
                    "label": "기밀정보"
                },
                {
                    "word": "RECIPE-RX-77",
                    "start": 46,
                    "end": 58,
                    "label": "기밀정보"
                }
            ]
        },
        {
            "sentence": "레시피 상세는 영업비밀 보호 원칙에 따라 마스킹되어 있으며, 요약만 제공한다(단계 개수, 온도 범위 등의 일반화 정보).",
            "id": "sample_055_0074_000007",
            "annotations": []
        },
        {
            "sentence": "원료 입고 검사 결과는 lot_id LOT-NT-5521, 수량 2,500 kg, 입고일 2026-01-20T09:12:00Z로 기록되었다.",
            "id": "sample_055_0074_000008",
            "annotations": [
                {
                    "word": "LOT-NT-5521",
                    "start": 20,
                    "end": 31,
                    "label": "기밀정보"
                }
            ]
        },
        {
            "sentence": "LIMS 분석 보고서 샘플은 샘플ID LIMS-SMP-00057로 참조되며 GC/MS, HPLC, pH, 수분 측정 결과가 포함되어 있다.",
            "id": "sample_055_0074_000009",
            "annotations": [
                {
                    "word": "LIMS-SMP-00057",
                    "start": 21,
                    "end": 35,
                    "label": "기밀정보"
                }
            ]
        },
        {
            "sentence": "GC/MS 결과는 주요 불순물의 상대 면적비와 검출한계(LOQ)를 제공하며, 원소 균형을 침해하지 않도록 보고서에 주석 처리되었다.",
            "id": "sample_055_0074_000010",
            "annotations": []
        },
        {
            "sentence": "P&ID 및 공정 흐름도는 파일 참조 P&ID/UNIT-A/diagram_v3.dwg와 함께 버전 관리되어 보관된다; 원문 열람은 승인 필요.",
            "id": "sample_055_0074_000011",
            "annotations": [
                {
                    "word": "P&ID/UNIT-A/diagram_v3.dwg",
                    "start": 21,
                    "end": 47,
                    "label": "기밀정보"
                }
            ]
        },
        {
            "sentence": "표준작업절차(SOP)는 작업자 교육용으로 요약본을 제공하며, 상세 안전 임계값·비상절차는 승인 경로를 통해서만 배포된다.",
            "id": "sample_055_0074_000012",
            "annotations": []
        },
        {
            "sentence": "유지보수 로그에는 캘리브레이션 이력 CAL-THERM-2025-11이 포함되어 있으며 센서별 보정 계수와 보정일시가 기록되었다.",
            "id": "sample_055_0074_000013",
            "annotations": [
                {
                    "word": "CAL-THERM-2025-11",
                    "start": 20,
                    "end": 37,
                    "label": "기밀정보"
                }
            ]
        },
        {
            "sentence": "캘리브레이션 기록에는 드리프트 보정값, 사용된 표준 장비의 불확도, 다음 검교정 예정일이 명시된다.",
            "id": "sample_055_0074_000014",
            "annotations": []
        },
        {
            "sentence": "안전자료는 MSDS 참조 ID MSDS-REF-2025-45로 요약 제공되며, 원문 접근은 승인 절차 및 규제 준수를 요한다.",
            "id": "sample_055_0074_000015",
            "annotations": [
                {
                    "word": "MSDS-REF-2025-45",
                    "start": 17,
                    "end": 33,
                    "label": "기밀정보"
                }
            ]
        },
        {
            "sentence": "HAZOP 및 리스크 평가 보고서는 설비별 위험원인, 영향도, 제한조치 및 권고사항을 포함하는 요약본으로 보관된다.",
            "id": "sample_055_0074_000016",
            "annotations": []
        },
        {
            "sentence": "배출 모니터링 데이터는 대기 및 폐수 계측기로부터 초단위 샘플링을 통해 취합되며 배출허용치와의 비교 결과를 포함한다.",
            "id": "sample_055_0074_000017",
            "annotations": []
        },
        {
            "sentence": "알람 로그는 우선순위, 발생시각(ISO8601), 복구시각 및 관련 조치 내역을 포함하며 주간 집계와 발생 패턴을 제공한다.",
            "id": "sample_055_0074_000018",
            "annotations": []
        },
        {
            "sentence": "품질검사 성적서는 수율, 순도, 불순물 프로파일 등을 포함하고 배치별 추적이 가능하도록 배치ID와 연동되어 있다.",
            "id": "sample_055_0074_000019",
            "annotations": []
        },
        {
            "sentence": "생산 계획 문서는 참조 ID PRODPLAN-2026-Q1로 관리되며 월별 목표, 설비가동률, 예측 재고가 포함된다.",
            "id": "sample_055_0074_000020",
            "annotations": [
                {
                    "word": "PRODPLAN-2026-Q1",
                    "start": 16,
                    "end": 32,
                    "label": "기밀정보"
                }
            ]
        },
        {
            "sentence": "규제 제출 문서와 환경보고서는 제출번호와 요약본으로 제공되며, 원문 제출 이력은 규정에 따라 접근 통제가 적용된다.",
            "id": "sample_055_0074_000021",
            "annotations": []
        },
        {
            "sentence": "운영 책임자 서명란에는 손태길 운영팀장이 검토·승인한 기록이 포함되어 있다.",
            "id": "sample_055_0074_000022",
            "annotations": [
                {
                    "word": "손태길",
                    "start": 13,
                    "end": 16,
                    "label": "개인정보"
                }
            ]
        },
        {
            "sentence": "공정 엔지니어로서 천석환이 배치 밸런스 점검을 수행했으며 점검 결과는 내부 검토 파일에 기록되었다.",
            "id": "sample_055_0074_000023",
            "annotations": [
                {
                    "word": "천석환",
                    "start": 10,
                    "end": 13,
                    "label": "개인정보"
                }
            ]
        },
        {
            "sentence": "시험분석 담당 홍지안은 LIMS 결과를 검토하고 분석 보고서 최종 서명을 하였음을 확인한다.",
            "id": "sample_055_0074_000024",
            "annotations": [
                {
                    "word": "홍지안",
                    "start": 8,
                    "end": 11,
                    "label": "개인정보"
                }
            ]
        },
        {
            "sentence": "데이터 보존 정책은 원데이터와 집계데이터의 보존기간, 접근 권한, 백업 주기를 명시하여 규정 준수를 보장한다.",
            "id": "sample_055_0074_000025",
            "annotations": []
        },
        {
            "sentence": "센서 잡음은 가우시안 분포 기반으로 모델링되었으며, 장기 드리프트와 유지보수 관련 결측 패턴이 메타데이터로 표기되어 있다.",
            "id": "sample_055_0074_000026",
            "annotations": []
        },
        {
            "sentence": "이상치 이벤트는 희귀 이벤트로 라벨링되어 운영자 알람과 함께 분리 저장되며 포렌식 분석이 가능하도록 메타데이터를 보존한다.",
            "id": "sample_055_0074_000027",
            "annotations": []
        },
        {
            "sentence": "물질수지와 에너지 밸런스는 배치 전후의 총질량과 에너지 플럭스를 계산하여 0.5% 이내의 보정 한도 내에서 일치하도록 관리된다.",
            "id": "sample_055_0074_000028",
            "annotations": []
        },
        {
            "sentence": "보안·윤리 검토 결과, 원료·촉매의 상세 조성·제조법은 문서에서 직접 공개하지 않으며, 필요한 경우 승인된 연구 협약을 통해 제한적으로 제공한다.",
            "id": "sample_055_0074_000029",
            "annotations": []
        },
        {
            "sentence": "문서 마지막 부분에는 조치 항목과 책임자, 완료예정일을 명시하고 있으며, 추가 검토를 위해 천석환에게 검토를 요청하였음을 기재한다.",
            "id": "sample_055_0074_000030",
            "annotations": [
                {
                    "word": "천석환",
                    "start": 51,
                    "end": 54,
                    "label": "개인정보"
                }
            ]
        }
    ]
}