{
    "document_id": "055_0036",
    "document_title": "에틸화 유닛 배치 운영 및 품질·안전 기록서(요약)",
    "data": [
        {
            "sentence": "문서 목적: 에틸화 유닛의 배치 운영 기록과 관련 데이터의 종합 보고서입니다.",
            "id": "sample_055_0036_000001",
            "annotations": []
        },
        {
            "sentence": "공장 위치: 서울특별시 강서구 소재 본플랜트(위치 정보는 준식별자 성격으로 제한 제공).",
            "id": "sample_055_0036_000002",
            "annotations": [
                {
                    "word": "서울특별시 강서구",
                    "start": 7,
                    "end": 16,
                    "label": "준식별자"
                }
            ]
        },
        {
            "sentence": "문서 범위는 배치기록, 시계열 센서 데이터, LIMS 결과, SOP, 유지보수 로그 및 규제 제출 참조를 포함합니다.",
            "id": "sample_055_0036_000003",
            "annotations": []
        },
        {
            "sentence": "배치 요약: batch_id BATCH-00045, recipe_id RCP-2026-AX1, 레시피 상세: [비공개_RX-9A], 시작 2026-01-20T07:30:00.000Z, 종료 2026-01-20T13:45:00.000Z, 수율 96.7%.",
            "id": "sample_055_0036_000004",
            "annotations": [
                {
                    "word": "RCP-2026-AX1",
                    "start": 39,
                    "end": 51,
                    "label": "기밀정보"
                },
                {
                    "word": "[비공개_RX-9A]",
                    "start": 61,
                    "end": 72,
                    "label": "기밀정보"
                },
                {
                    "word": "BATCH-00045",
                    "start": 16,
                    "end": 27,
                    "label": "기밀정보"
                }
            ]
        },
        {
            "sentence": "원료 입고: material_lot_ids ['LOT-20260112-A1','LOT-20260112-B3'] 각 1200.0 kg, 300.0 kg 투입으로 총 투입질량 1500.0 kg을 기록하였으며 폐기물 포함 산출물 1450.0 kg, 누락 50.0 kg로 질량보존이 성립합니다.",
            "id": "sample_055_0036_000005",
            "annotations": []
        },
        {
            "sentence": "LIMS 요약(주요항): GC/MS 순도 99.2% (wt%), HPLC 불순물 합 0.6% (wt%), 수분 0.35% (w/w), 검사원 생년월일: 1985-07-12.",
            "id": "sample_055_0036_000006",
            "annotations": [
                {
                    "word": "1985-07-12",
                    "start": 85,
                    "end": 95,
                    "label": "준식별자"
                }
            ]
        },
        {
            "sentence": "시계열(샘플): 2026-01-20T08:00:00.000Z, T-101 125.4 °C, P-101 3.48 bar, F-101 120.3 kg·h-1, L-101 1.23 m, 조성(C1) 0.012 mol·mol-1.",
            "id": "sample_055_0036_000007",
            "annotations": []
        },
        {
            "sentence": "시계열(연속): 2026-01-20T08:00:01.000Z ~ 2026-01-20T12:00:00.000Z 간 1 s 해상도로 수집되었으며 타임스탬프는 ISO8601, 단위는 SI 기반으로 표기합니다.",
            "id": "sample_055_0036_000008",
            "annotations": []
        },
        {
            "sentence": "센서 노이즈 모델: 온도센서 T-101은 가우시안 분포 σ=0.15 °C와 하루당 드리프트 +0.02 °C/day를 모사하고 결측은 정기 보정 시간(08:00~08:10)과 연관됩니다.",
            "id": "sample_055_0036_000009",
            "annotations": []
        },
        {
            "sentence": "캘리브레이션 기록: T-101 마지막 교정 2026-01-19T14:10:00.000Z, 담당자 조현솔, 사번: 2026-0007, 교정메모 및 보정계수 포함.",
            "id": "sample_055_0036_000010",
            "annotations": [
                {
                    "word": "조현솔",
                    "start": 54,
                    "end": 57,
                    "label": "개인정보"
                },
                {
                    "word": "사번: 2026-0007",
                    "start": 59,
                    "end": 72,
                    "label": "개인정보"
                }
            ]
        },
        {
            "sentence": "유지보수 로그: 2026-01-18T09:30:00.000Z P-101 펌프 교환, 작업자 지영윤, 소요시간 2h, 부품 ID PB-221-A, 관련 WR 번호 WR-20260118-09.",
            "id": "sample_055_0036_000011",
            "annotations": [
                {
                    "word": "지영윤",
                    "start": 51,
                    "end": 54,
                    "label": "개인정보"
                }
            ]
        },
        {
            "sentence": "SOP 참조: 표준작업절차서 SOP-ET-002 v3.1을 적용하였으며 레시피 세부절차는 비공개로 마스킹 처리합니다.",
            "id": "sample_055_0036_000012",
            "annotations": []
        },
        {
            "sentence": "P&ID 및 플로우시트: 참조파일 /srv/internal/plants/chem/flows/eth_unit_p&id.pdf는 내부 경로로 기밀문서로 분류됩니다.",
            "id": "sample_055_0036_000013",
            "annotations": [
                {
                    "word": "/srv/internal/plants/chem/flows/eth_unit_p&id.pdf",
                    "start": 19,
                    "end": 68,
                    "label": "기밀정보"
                }
            ]
        },
        {
            "sentence": "HAZOP 요약: 주요 위험 항목은 과압(압력 임계값 4.5 bar)과 과열(온도 임계값 180 °C)이며, 안전설계와 릴리프 밸브로 완화되어 있습니다.",
            "id": "sample_055_0036_000014",
            "annotations": []
        },
        {
            "sentence": "MSDS 관련: 원료 MSDS는 MSDS-ID MSDS-ET-2025로 참조하고 원문 열람은 승인 절차 필요함을 명시합니다.",
            "id": "sample_055_0036_000015",
            "annotations": []
        },
        {
            "sentence": "배출 모니터링: 대기 배출 NOx 42 mg·Nm-3, SOx 5 mg·Nm-3, VOC 12 mg·Nm-3로 허용기준 내이며 시간평균 기준은 1시간입니다.",
            "id": "sample_055_0036_000016",
            "annotations": []
        },
        {
            "sentence": "알람 로그 샘플: 2026-01-20T09:14:22.500Z ALARM001 PRESS_HIGH P-101 3.92 bar 트립 전 단계 경보.",
            "id": "sample_055_0036_000017",
            "annotations": []
        },
        {
            "sentence": "품질검사 성적서: 출하 전 품질검사 결과는 규격 내이며 성적서 ID QC-20260120-45로 저장합니다.",
            "id": "sample_055_0036_000018",
            "annotations": []
        },
        {
            "sentence": "생산계획(예측): 다음 주 예측 생산량 12 배치, 목표 가동률 92%, 예측값은 과거 12주 데이터 기반 ARIMA 모델 결과입니다.",
            "id": "sample_055_0036_000019",
            "annotations": []
        },
        {
            "sentence": "규제 제출 참조: 정부 제출 문서 번호 EPA-2026-PT-004를 내부 기록에 포함하였으며 제출원문은 규제 담당 승인 후 제공됩니다.",
            "id": "sample_055_0036_000020",
            "annotations": []
        },
        {
            "sentence": "에너지 밸런스: 투입 열량 5.0e6 kJ, 반응열 방출 4.7e6 kJ, 손실 및 보유 0.3e6 kJ로 에너지 보존이 성립합니다.",
            "id": "sample_055_0036_000021",
            "annotations": []
        },
        {
            "sentence": "데이터 무결성: 모든 배치 레코드는 batch_id ↔ recipe_id 참조 무결성 검증 절차를 통과해야 하며 정합성 로그를 보관합니다.",
            "id": "sample_055_0036_000022",
            "annotations": []
        },
        {
            "sentence": "데이터 보관·집계 전략: 고빈도 시계열은 원시 1 s 데이터를 1 min, 1 h 롤업으로 보관하고 압축 및 요약 통계를 별도 저장합니다.",
            "id": "sample_055_0036_000023",
            "annotations": []
        },
        {
            "sentence": "계측 서버 네트워크: 계측 서버 IP 10.0.12.5와 내부 네트워크 경로는 보안정책상 기밀로 취급합니다.",
            "id": "sample_055_0036_000024",
            "annotations": [
                {
                    "word": "10.0.12.5",
                    "start": 21,
                    "end": 30,
                    "label": "기밀정보"
                }
            ]
        },
        {
            "sentence": "민감 정보 처리 고지: 레시피 및 촉매 관련 민감항목은 상세 공개 금지이며 촉매 조성: [CONFIDENTIAL]로 표기했습니다.",
            "id": "sample_055_0036_000025",
            "annotations": [
                {
                    "word": "[CONFIDENTIAL]",
                    "start": 49,
                    "end": 63,
                    "label": "기밀정보"
                }
            ]
        },
        {
            "sentence": "승인 기록: 생산 최종 승인 담당자 민영선, 승인일 2026-01-20T15:30:00.000Z, 전자서명 로그는 감사용으로 보관됩니다.",
            "id": "sample_055_0036_000026",
            "annotations": [
                {
                    "word": "민영선",
                    "start": 20,
                    "end": 23,
                    "label": "개인정보"
                }
            ]
        },
        {
            "sentence": "내부 경로 예시: 기밀 레시피 원본은 /srv/internal/plants/chem/recipes/RX-9A.pdf에 보관되며 접근은 최소권한 원칙을 적용합니다.",
            "id": "sample_055_0036_000027",
            "annotations": [
                {
                    "word": "/srv/internal/plants/chem/recipes/RX-9A.pdf",
                    "start": 21,
                    "end": 64,
                    "label": "기밀정보"
                }
            ]
        },
        {
            "sentence": "결론 및 조치: 레시피는 비공개를 유지하고 캘리브레이션 및 유지보수 주기 단축을 권고하며 규제 제출 서류는 담당자에게 승인 요청을 명시합니다.",
            "id": "sample_055_0036_000028",
            "annotations": []
        }
    ]
}