{
    "document_id": "055_0088",
    "document_title": "Unit-05 배치운전 및 공정운영 일일보고서 — 2025-01-15",
    "data": [
        {
            "sentence": "본 보고서는 Unit-05의 일일 배치운전, 시계열 센서데이터, 배치기록, LIMS 결과 및 관련 문서의 요약을 제공합니다.",
            "id": "sample_055_0088_000001",
            "annotations": []
        },
        {
            "sentence": "문서 대상 플랜트는 한강화학본사(운영지역: 울산광역시)이며 책임조직에는 공정엔지니어 팀이 포함됩니다.",
            "id": "sample_055_0088_000002",
            "annotations": [
                {
                    "word": "한강화학본사",
                    "start": 11,
                    "end": 17,
                    "label": "준식별자"
                },
                {
                    "word": "울산광역시",
                    "start": 24,
                    "end": 29,
                    "label": "준식별자"
                },
                {
                    "word": "공정엔지니어",
                    "start": 40,
                    "end": 46,
                    "label": "준식별자"
                }
            ]
        },
        {
            "sentence": "포함된 데이터 유형은 고빈도 센서 시계열(timestamp, 단위 표기), 배치 메타데이터, 원료LOT 검사, LIMS 분석보고서, SOP, P&ID 참조 및 유지보수 로그입니다.",
            "id": "sample_055_0088_000003",
            "annotations": []
        },
        {
            "sentence": "시계열 예시: 2025-01-15T08:00:00.000Z, T-105 온도 185.3 °C (±0.5 °C, 센서 오프셋 보정 적용, Unit-05).",
            "id": "sample_055_0088_000004",
            "annotations": []
        },
        {
            "sentence": "시계열 예시: 2025-01-15T08:00:00.000Z, P-05 압력 1,250.5 kPa (정상 운전 범위 1,100–1,300 kPa).",
            "id": "sample_055_0088_000005",
            "annotations": []
        },
        {
            "sentence": "시계열 예시: 2025-01-15T08:00:01.000Z, F-501 유량 0.125 m3/s (데이터 샘플링 주기 1 s, 저주파 필터 적용).",
            "id": "sample_055_0088_000006",
            "annotations": []
        },
        {
            "sentence": "조성(무작위화된 식별표기): 2025-01-15T08:00:05.000Z, 구성성분 A 2.35 mol% / 구성성분 B 97.65 mol% (분석 오차 ±0.02 mol%).",
            "id": "sample_055_0088_000007",
            "annotations": []
        },
        {
            "sentence": "센서 노이즈 모델: 측정값 = 실제값 + N(0, σ2) + drift(day)*t이며 σ_T=0.5 °C, σ_P=3.0 kPa, 일일 드리프트 예시 0.2 °C/day를 사용합니다.",
            "id": "sample_055_0088_000008",
            "annotations": []
        },
        {
            "sentence": "결측 패턴 예시: 2025-01-14T22:00:00Z~2025-01-15T02:00:00Z 유지보수로 데이터 단절 발생(보수 이력 참조).",
            "id": "sample_055_0088_000009",
            "annotations": []
        },
        {
            "sentence": "이상치 예시: 2025-01-15T08:12:34.500Z에 압력 급증 스파이크가 관측되어 알람 코드 ALM-OVP-3101이 생성되었습니다.",
            "id": "sample_055_0088_000010",
            "annotations": [
                {
                    "word": "ALM-OVP-3101",
                    "start": 57,
                    "end": 69,
                    "label": "기밀정보"
                }
            ]
        },
        {
            "sentence": "배치기록: batch_id BATCH-20250115-01, recipe_id RCP-2025-AX7(세부 레시피 비공개), material_lot_ids [LOT-UM-20251234, LOT-CAT-9901], 시작 2025-01-15T07:00:00.000Z, 종료 2025-01-15T11:30:00.000Z, 수율 99.0%.",
            "id": "sample_055_0088_000011",
            "annotations": [
                {
                    "word": "BATCH-20250115-01",
                    "start": 15,
                    "end": 32,
                    "label": "기밀정보"
                },
                {
                    "word": "RCP-2025-AX7",
                    "start": 44,
                    "end": 56,
                    "label": "기밀정보"
                },
                {
                    "word": "LOT-UM-20251234",
                    "start": 88,
                    "end": 103,
                    "label": "기밀정보"
                },
                {
                    "word": "LOT-CAT-9901",
                    "start": 105,
                    "end": 117,
                    "label": "기밀정보"
                }
            ]
        },
        {
            "sentence": "물질수지 예시: 투입원료 총질량 1,500.000 kg (원료A 1,200.000 kg, 원료B 300.000 kg), 제품수확 1,485.000 kg, 공정손실 15.000 kg으로 질량보존(입=출+손실)이 성립합니다.",
            "id": "sample_055_0088_000012",
            "annotations": []
        },
        {
            "sentence": "원료 LOT 입고검사: LOT-UM-20251234 순도 99.5 wt% (수분 0.12 wt%), LOT-CAT-9901 외형 및 무게 규격 적합 판정.",
            "id": "sample_055_0088_000013",
            "annotations": [
                {
                    "word": "LOT-UM-20251234",
                    "start": 13,
                    "end": 28,
                    "label": "기밀정보"
                },
                {
                    "word": "LOT-CAT-9901",
                    "start": 56,
                    "end": 68,
                    "label": "기밀정보"
                }
            ]
        },
        {
            "sentence": "LIMS(GC/MS, HPLC) 샘플: sample_id SMP-20250115-001 GC/MS 불순물 X 120 ppm, sample_id SMP-20250115-002 HPLC 주성분 순도 99.1 wt%로 규격 내 합격입니다.",
            "id": "sample_055_0088_000014",
            "annotations": [
                {
                    "word": "SMP-20250115-001",
                    "start": 32,
                    "end": 48,
                    "label": "기밀정보"
                },
                {
                    "word": "SMP-20250115-002",
                    "start": 80,
                    "end": 96,
                    "label": "기밀정보"
                }
            ]
        },
        {
            "sentence": "추가 분석: pH 6.8 (25 °C), 수분 0.15 wt%로 규격 범위에 있으며 세부 LIMS 리포트는 참조 ID로 관리됩니다.",
            "id": "sample_055_0088_000015",
            "annotations": []
        },
        {
            "sentence": "P&ID 및 플로우시트 참조: 도면 P&ID_U5_v3.1과 내부 경로 /internal/pids/plantA/unit05.pid에 버전이 저장되어 있으나 원문은 내부 기밀로 관리됩니다.",
            "id": "sample_055_0088_000016",
            "annotations": [
                {
                    "word": "P&ID_U5_v3.1",
                    "start": 20,
                    "end": 32,
                    "label": "기밀정보"
                },
                {
                    "word": "/internal/pids/plantA/unit05.pid",
                    "start": 40,
                    "end": 72,
                    "label": "기밀정보"
                }
            ]
        },
        {
            "sentence": "표준작업절차(SOP) 참조: 문서 SOP-배치운전-U5에 따라 배치 단계가 규정되어 있으며 레시피 상세는 영업비밀 보호를 위해 마스킹 처리했습니다.",
            "id": "sample_055_0088_000017",
            "annotations": [
                {
                    "word": "SOP-배치운전-U5",
                    "start": 19,
                    "end": 30,
                    "label": "기밀정보"
                }
            ]
        },
        {
            "sentence": "유지보수 로그: 2025-01-10에 F-501 유량계 캘리브레이션 수행, 보정값 오프셋 +0.003 m3/s 적용, 장비 시리얼 SN-PLT055-VT03에 기록되었습니다.",
            "id": "sample_055_0088_000018",
            "annotations": [
                {
                    "word": "SN-PLT055-VT03",
                    "start": 73,
                    "end": 87,
                    "label": "기밀정보"
                }
            ]
        },
        {
            "sentence": "캘리브레이션 이력은 주기적 검증과 교차보정 절차가 적용되며 다음 예정일은 2025-04-10로 스케줄에 반영되어 있습니다.",
            "id": "sample_055_0088_000019",
            "annotations": []
        },
        {
            "sentence": "안전자료: MSDS는 요약 참조만 제공하며 원문은 접근 승인 필요(MSDS-REF-7789, 원문 공개절차 준수 권고).",
            "id": "sample_055_0088_000020",
            "annotations": [
                {
                    "word": "MSDS-REF-7789",
                    "start": 37,
                    "end": 50,
                    "label": "기밀정보"
                }
            ]
        },
        {
            "sentence": "HAZOP 및 위험평가: 보고서 HAZOP-2025-05-U5에서 과압 시 차단 및 릴리프 동작을 권고하였고 권고안은 본 문서에 요약 기재합니다.",
            "id": "sample_055_0088_000021",
            "annotations": [
                {
                    "word": "HAZOP-2025-05-U5",
                    "start": 18,
                    "end": 34,
                    "label": "기밀정보"
                }
            ]
        },
        {
            "sentence": "배출모니터링(대기·수질): 2025-01-15T08:05:00.000Z NOx 12.3 mg/m3, 폐수 COD 15 mg/L로 배출허용치 미만이며 상세 리포트는 EMIS-PLT055-2025Q1로 관리됩니다.",
            "id": "sample_055_0088_000022",
            "annotations": [
                {
                    "word": "EMIS-PLT055-2025Q1",
                    "start": 91,
                    "end": 109,
                    "label": "기밀정보"
                }
            ]
        },
        {
            "sentence": "알람/이벤트 로그 예: 2025-01-15T08:12:35.000Z ALM-OVP-3101 발생, 운영자 손설아가 알람을 확인하고 08:15:00에 정상복귀 조치 기록을 등록했습니다.",
            "id": "sample_055_0088_000023",
            "annotations": [
                {
                    "word": "ALM-OVP-3101",
                    "start": 38,
                    "end": 50,
                    "label": "기밀정보"
                },
                {
                    "word": "손설아",
                    "start": 59,
                    "end": 62,
                    "label": "개인정보"
                }
            ]
        },
        {
            "sentence": "품질검사 성적서: 배치 BATCH-20250115-01에 대한 QC 인증서 QC-CERT-055-2025-01B가 발행되었으며 책임QC 역 류정렬이 검토 서명하였습니다.",
            "id": "sample_055_0088_000024",
            "annotations": [
                {
                    "word": "QC-CERT-055-2025-01B",
                    "start": 42,
                    "end": 62,
                    "label": "기밀정보"
                },
                {
                    "word": "류정렬",
                    "start": 78,
                    "end": 81,
                    "label": "개인정보"
                }
            ]
        },
        {
            "sentence": "생산계획 문서: 분기 생산계획 ProdPlan-2025-Q1-v2에 따라 Unit-05의 목표 처리량은 120 톤/일로 설정되어 있습니다.",
            "id": "sample_055_0088_000025",
            "annotations": [
                {
                    "word": "ProdPlan-2025-Q1-v2",
                    "start": 17,
                    "end": 36,
                    "label": "기밀정보"
                }
            ]
        },
        {
            "sentence": "규제 제출: 본 배치 관련 핵심 요약은 내부 규제 제출식에 포함되어 있으며 제출 레퍼런스는 EPA_SUB_2025_PLT055로 관리됩니다.",
            "id": "sample_055_0088_000026",
            "annotations": [
                {
                    "word": "EPA_SUB_2025_PLT055",
                    "start": 51,
                    "end": 70,
                    "label": "기밀정보"
                }
            ]
        },
        {
            "sentence": "데이터 무결성: batch_id와 recipe_id 매칭 검증을 수행했으며 참조 무결성은 양호로 확인되었습니다(레시피 세부는 마스킹).",
            "id": "sample_055_0088_000027",
            "annotations": []
        },
        {
            "sentence": "보안·기밀주의: 레시피 상세·촉매 조성 등 민감정보는 기밀로 분류되며 내부 파일경로와 문서 ID는 접근권한이 없는 사용자에게마스킹되어야 합니다.",
            "id": "sample_055_0088_000028",
            "annotations": []
        },
        {
            "sentence": "조치사항: 1) F-501 추가 캘리브레이션 스케줄 확인, 2) HAZOP 권고안 이행상태 점검, 3) 센서 드리프트 모니터링 강화.",
            "id": "sample_055_0088_000029",
            "annotations": []
        },
        {
            "sentence": "책임자 및 연락: 현장 감독 황영진이 총괄하며 세부 연락처는 내부 디렉토리에 등록되어 있어 본 문서에서는 생략합니다.",
            "id": "sample_055_0088_000030",
            "annotations": [
                {
                    "word": "황영진",
                    "start": 16,
                    "end": 19,
                    "label": "개인정보"
                }
            ]
        },
        {
            "sentence": "문서 보존: 본 보고서는 전자보관소에 보관되며 보존기간은 내부 규정에 따라 7년으로 지정됩니다.",
            "id": "sample_055_0088_000031",
            "annotations": []
        }
    ]
}