{
    "document_id": "055_0100",
    "document_title": "플랜트 운영 및 배치 기록 종합보고서 - 일산공장",
    "data": [
        {
            "sentence": "본 문서는 화학 공정의 운영 이력, 배치 기록, 시험성적서 및 안전·규제 관련 요약을 통합 제공하기 위해 작성되었습니다.",
            "id": "sample_055_0100_000001",
            "annotations": []
        },
        {
            "sentence": "대상 설비는 일산공장(경기도 고양시) 내 플랜트 운영팀이 관리하는 반응·분리 유닛으로 정의됩니다.",
            "id": "sample_055_0100_000002",
            "annotations": [
                {
                    "word": "플랜트 운영팀",
                    "start": 23,
                    "end": 30,
                    "label": "준식별자"
                },
                {
                    "word": "경기도 고양시",
                    "start": 12,
                    "end": 19,
                    "label": "준식별자"
                }
            ]
        },
        {
            "sentence": "작성자: 윤도겸, 직책: 공정팀장이며 문서 검토와 승인 절차는 내부 규정에 따릅니다.",
            "id": "sample_055_0100_000003",
            "annotations": [
                {
                    "word": "윤도겸",
                    "start": 5,
                    "end": 8,
                    "label": "개인정보"
                },
                {
                    "word": "공정팀장",
                    "start": 14,
                    "end": 18,
                    "label": "준식별자"
                }
            ]
        },
        {
            "sentence": "검토자: 나은세, 검증자: 전민상가 품질 및 공정 데이터의 일관성을 확인하였습니다.",
            "id": "sample_055_0100_000004",
            "annotations": [
                {
                    "word": "나은세",
                    "start": 5,
                    "end": 8,
                    "label": "개인정보"
                },
                {
                    "word": "전민상",
                    "start": 15,
                    "end": 18,
                    "label": "개인정보"
                }
            ]
        },
        {
            "sentence": "배치 기록: batch_id=BATCH-20250115-001, recipe_id=RCP-2024-045, start_time=2025-01-15T07:30:00Z, end_time=2025-01-15T19:45:00Z, 원료투입질량=1000 kg, 제품질량=920 kg, 기록된 손실=80 kg.",
            "id": "sample_055_0100_000005",
            "annotations": [
                {
                    "word": "BATCH-20250115-001",
                    "start": 16,
                    "end": 34,
                    "label": "기밀정보"
                },
                {
                    "word": "RCP-2024-045",
                    "start": 46,
                    "end": 58,
                    "label": "기밀정보"
                }
            ]
        },
        {
            "sentence": "원료 로트: raw_material_lot_ids=[LOT-RAW-0001, LOT-RAW-0002], 입고검사 합격 및 LIMS 연계 추적이 가능합니다.",
            "id": "sample_055_0100_000006",
            "annotations": [
                {
                    "word": "LOT-RAW-0001",
                    "start": 29,
                    "end": 41,
                    "label": "기밀정보"
                },
                {
                    "word": "LOT-RAW-0002",
                    "start": 43,
                    "end": 55,
                    "label": "기밀정보"
                }
            ]
        },
        {
            "sentence": "LIMS 분석(샘플ID QC-2025-015, 2025-01-15T20:05:00Z): GC/MS 주요 불순물 0.12 wt%, HPLC 주요성분 92.0 wt%, pH=6.8 (25 °C), 수분=0.8 wt%.",
            "id": "sample_055_0100_000007",
            "annotations": []
        },
        {
            "sentence": "시간계열 예시(UTC): 2025-01-15T08:00:00.000Z T1=85.3 °C, P1=3.21 bar, F1=120.5 m3/h, L1=4.25 m, C1=12.4 wt%.",
            "id": "sample_055_0100_000008",
            "annotations": []
        },
        {
            "sentence": "센서 캘리브레이션 이력: T1 캘리브레이션 완료, 담당자=천선영, 수행일=2024-12-01T09:15:00Z, 보정오프셋 +0.50 °C가 적용되었습니다.",
            "id": "sample_055_0100_000009",
            "annotations": [
                {
                    "word": "천선영",
                    "start": 32,
                    "end": 35,
                    "label": "개인정보"
                }
            ]
        },
        {
            "sentence": "유지보수 로그: WR-2024-110 밸브 교체(분리유닛), 수행일 2024-11-20T13:40:00Z, 부품교체 내역과 테스트 압력값이 기록되었습니다.",
            "id": "sample_055_0100_000010",
            "annotations": []
        },
        {
            "sentence": "P&ID 및 도면 참조: P&ID 파일 경로=file://srv/plants/055/pid/PID_v3.dwg, 플로우시트와의 버전일치는 PLM 시스템에서 확인요망.",
            "id": "sample_055_0100_000011",
            "annotations": [
                {
                    "word": "file://srv/plants/055/pid/PID_v3.dwg",
                    "start": 25,
                    "end": 61,
                    "label": "기밀정보"
                }
            ]
        },
        {
            "sentence": "표준작업절차(SOP): 반응기 시동 절차, 온도 상승 제어, 비상 셧다운 절차 및 안전계통 점검 항목이 요약되어 있습니다.",
            "id": "sample_055_0100_000012",
            "annotations": []
        },
        {
            "sentence": "HAZOP 요약: 주요 위험요소로는 고온·고압 운전 상태에서의 누설과 과충전이며, 권고조치로 안전계전기 세분화 및 경보 임계치 재설정이 제시되었습니다.",
            "id": "sample_055_0100_000013",
            "annotations": []
        },
        {
            "sentence": "배출 모니터링(대기): 2025-01-15T20:00:00Z 측정 결과 CO2 배출률은 1.25 kg/h, 배출농도는 허용기준 이하로 보고되었습니다.",
            "id": "sample_055_0100_000014",
            "annotations": []
        },
        {
            "sentence": "이벤트·알람 로그 예시: 2025-01-15T10:12:03Z ALARM P1_HIGH 발생, 설정치 3.5 bar 초과전후로 조치내역과 복귀시간이 기록되어 있습니다.",
            "id": "sample_055_0100_000015",
            "annotations": []
        },
        {
            "sentence": "품질검사 성적서 요약: 외관, 조성, 불순물 한도치 준수 및 최종 수율 보고, 관련 증빙은 전자배치기록에 첨부되어 있습니다.",
            "id": "sample_055_0100_000016",
            "annotations": []
        },
        {
            "sentence": "MSDS 참조 ID: MSDS-2024-CH-01로 요약 정보가 제공되며 원문 전문 공개는 승인 절차를 거쳐야 한다는 점을 명시합니다.",
            "id": "sample_055_0100_000017",
            "annotations": []
        },
        {
            "sentence": "레시피 관련 주의: 레시피의 상세 조성 및 공정 파라미터는 영업비밀에 해당하므로 본 문서에는 식별자 수준(RCP-2024-045)만 기술하고 상세값은 비공개 처리했습니다.",
            "id": "sample_055_0100_000018",
            "annotations": []
        },
        {
            "sentence": "에너지 밸런스(요약): 투입열량 1000 MJ, 회수열 990 MJ, 시스템 손실 10 MJ로 기록되어 에너지 보존 조건을 충족합니다.",
            "id": "sample_055_0100_000019",
            "annotations": []
        },
        {
            "sentence": "센서 노이즈 모델링: 온도 T1은 Gaussian 잡음(σ=0.15 °C)과 장기간 드리프트(+0.02 °C/주)를 반영하여 보정 로직을 적용하였습니다.",
            "id": "sample_055_0100_000020",
            "annotations": []
        },
        {
            "sentence": "물질수지 검증: 원료 총합 1000 kg, 생성물 920 kg, 회수·증발·운송 손실 합 80 kg로 질량보존을 만족하도록 계산 검증을 수행했습니다.",
            "id": "sample_055_0100_000021",
            "annotations": []
        },
        {
            "sentence": "배치 간 트레이서빌리티: batch_id, recipe_id, raw_material_lot_ids 및 LIMS 샘플ID가 상호 참조되어 완전한 추적성이 보장됩니다.",
            "id": "sample_055_0100_000022",
            "annotations": []
        },
        {
            "sentence": "생산 계획(예측): 다음 분기 예측치는 주당 14배치로 가정하였고 원료 확보 및 장비 가동률을 고려한 스케줄을 제시합니다.",
            "id": "sample_055_0100_000023",
            "annotations": []
        },
        {
            "sentence": "승인 요청 항목: 배치 기록 및 최종 성적서의 정식 승인을 위해 승인자 전민상에게 2025-01-20까지 결재를 상신합니다.",
            "id": "sample_055_0100_000024",
            "annotations": [
                {
                    "word": "전민상",
                    "start": 40,
                    "end": 43,
                    "label": "개인정보"
                }
            ]
        },
        {
            "sentence": "보안 및 규제 준수 안내: MSDS·배출보고 등 원문 자료는 규제 검토 및 승인 후 제공 가능하며 무단 유출 금지를 경고합니다.",
            "id": "sample_055_0100_000025",
            "annotations": []
        },
        {
            "sentence": "향후 조치: 센서 추가 캘리브레이션 스케줄, HAZOP 권고안 이행 계획, SOP 업데이트 및 교육 계획을 30일 내에 실행하도록 지시합니다.",
            "id": "sample_055_0100_000026",
            "annotations": []
        }
    ]
}