{
    "document_id": "055_0023",
    "document_title": "플랜트 생산 및 공정운영 배치기록 및 품질보고서",
    "data": [
        {
            "sentence": "본 문서는 화학 공정 및 플랜트 운영 전반에 대한 배치기록과 품질검사 결과를 통합 보고하기 위해 작성되었습니다.",
            "id": "sample_055_0023_000001",
            "annotations": []
        },
        {
            "sentence": "적용 범위는 원료 입고부터 반응, 분리, 정제 및 제품 출하까지의 배치 및 연속 공정 데이터입니다.",
            "id": "sample_055_0023_000002",
            "annotations": []
        },
        {
            "sentence": "운영 장소: 경기도 성남시 분당구 설비단지 2공구에 위치한 생산유닛을 대상으로 합니다.",
            "id": "sample_055_0023_000003",
            "annotations": [
                {
                    "word": "경기도",
                    "start": 7,
                    "end": 10,
                    "label": "준식별자"
                },
                {
                    "word": "성남시",
                    "start": 11,
                    "end": 14,
                    "label": "준식별자"
                },
                {
                    "word": "분당구",
                    "start": 15,
                    "end": 18,
                    "label": "준식별자"
                }
            ]
        },
        {
            "sentence": "문서 작성자: 황승재.",
            "id": "sample_055_0023_000004",
            "annotations": [
                {
                    "word": "황승재",
                    "start": 8,
                    "end": 11,
                    "label": "개인정보"
                }
            ]
        },
        {
            "sentence": "검토자: 차대석.",
            "id": "sample_055_0023_000005",
            "annotations": [
                {
                    "word": "차대석",
                    "start": 5,
                    "end": 8,
                    "label": "개인정보"
                }
            ]
        },
        {
            "sentence": "승인: 엄율희.",
            "id": "sample_055_0023_000006",
            "annotations": [
                {
                    "word": "엄율희",
                    "start": 4,
                    "end": 7,
                    "label": "개인정보"
                }
            ]
        },
        {
            "sentence": "설비 식별자 plant_id: PLANT_12는 내부 자산 관리용 ID로 참조 무결성 및 접근 제어 대상입니다.",
            "id": "sample_055_0023_000007",
            "annotations": [
                {
                    "word": "PLANT_12",
                    "start": 17,
                    "end": 25,
                    "label": "기밀정보"
                }
            ]
        },
        {
            "sentence": "배치 기록(batch_record): batch_id=BATCH_20250115_0003, recipe_id=RECIPE_0421, start_time=2025-01-15T08:00:00.000Z, end_time=2025-01-15T20:30:00.000Z, yield=1200.0 kg.",
            "id": "sample_055_0023_000008",
            "annotations": [
                {
                    "word": "BATCH_20250115_0003",
                    "start": 30,
                    "end": 49,
                    "label": "기밀정보"
                },
                {
                    "word": "RECIPE_0421",
                    "start": 61,
                    "end": 72,
                    "label": "기밀정보"
                }
            ]
        },
        {
            "sentence": "원료 로트(raw_material_lot) 참조: LOT_AZ-20240122-07, LOT_BX-20240122-09는 입고 검사와 트레이서빌리티 로그에 기록됩니다.",
            "id": "sample_055_0023_000009",
            "annotations": [
                {
                    "word": "LOT_AZ-20240122-07",
                    "start": 28,
                    "end": 46,
                    "label": "기밀정보"
                },
                {
                    "word": "LOT_BX-20240122-09",
                    "start": 48,
                    "end": 66,
                    "label": "기밀정보"
                }
            ]
        },
        {
            "sentence": "시계열 센서 스냅샷 2025-01-15T08:00:00.000Z: T-101 temperature=150.2 °C (±0.5 °C), P-201 pressure=2.45 bar, F-301 flow=12.3 m3/h, L-401 level=3.25 m, composition component_A=12.3 %.",
            "id": "sample_055_0023_000010",
            "annotations": [
                {
                    "word": "T-101",
                    "start": 37,
                    "end": 42,
                    "label": "기밀정보"
                },
                {
                    "word": "P-201",
                    "start": 75,
                    "end": 80,
                    "label": "기밀정보"
                },
                {
                    "word": "F-301",
                    "start": 100,
                    "end": 105,
                    "label": "기밀정보"
                },
                {
                    "word": "L-401",
                    "start": 122,
                    "end": 127,
                    "label": "기밀정보"
                }
            ]
        },
        {
            "sentence": "동일 장비의 센서 노이즈는 가우시안 분포와 장기 드리프트를 포함하며, 캘리브레이션 상태는 '보정필요'로 표시됩니다.",
            "id": "sample_055_0023_000011",
            "annotations": []
        },
        {
            "sentence": "LIMS 분석: sample_id=SAMP_20250115_01, GC/MS 스펙트럼 요약과 HPLC 정량값(purity=99.2 %)이 기록되어 있습니다.",
            "id": "sample_055_0023_000012",
            "annotations": [
                {
                    "word": "SAMP_20250115_01",
                    "start": 19,
                    "end": 35,
                    "label": "기밀정보"
                }
            ]
        },
        {
            "sentence": "원료 입고 검사 결과: LOT_AZ-20240122-07의 수분 0.32 % (w/w), 이물 없음, 합격 판정.",
            "id": "sample_055_0023_000013",
            "annotations": [
                {
                    "word": "LOT_AZ-20240122-07",
                    "start": 13,
                    "end": 31,
                    "label": "기밀정보"
                }
            ]
        },
        {
            "sentence": "P&ID 및 공정 흐름도는 참조ID PANDID_REF_0005로 관리되고, 상세 열람은 권한 승인 필요합니다.",
            "id": "sample_055_0023_000014",
            "annotations": [
                {
                    "word": "PANDID_REF_0005",
                    "start": 20,
                    "end": 35,
                    "label": "기밀정보"
                }
            ]
        },
        {
            "sentence": "표준작업절차(SOP)는 문서번호 SOP_21 버전 4로 등록되어 있으며, 작업 전 체크리스트 준수가 요구됩니다.",
            "id": "sample_055_0023_000015",
            "annotations": [
                {
                    "word": "SOP_21",
                    "start": 18,
                    "end": 24,
                    "label": "기밀정보"
                }
            ]
        },
        {
            "sentence": "정비 로그: 2025-01-10T10:30:00Z T-101 센서 캘리브레이션 CAL_20240108_001 수행, 정비 담당: 나태기.",
            "id": "sample_055_0023_000016",
            "annotations": [
                {
                    "word": "CAL_20240108_001",
                    "start": 44,
                    "end": 60,
                    "label": "기밀정보"
                },
                {
                    "word": "나태기",
                    "start": 72,
                    "end": 75,
                    "label": "개인정보"
                },
                {
                    "word": "T-101",
                    "start": 28,
                    "end": 33,
                    "label": "기밀정보"
                }
            ]
        },
        {
            "sentence": "안전자료: MSDS는 요약 참조 ID MSDS_REF_789로 표기하였으며, 원문 열람은 승인 절차를 따라야 합니다.",
            "id": "sample_055_0023_000017",
            "annotations": [
                {
                    "word": "MSDS_REF_789",
                    "start": 21,
                    "end": 33,
                    "label": "기밀정보"
                }
            ]
        },
        {
            "sentence": "HAZOP 요약: 주요 위험은 고압 운전과 열교환기 막힘이며, 권고 조치가 기록되어 있습니다. HAZOP 검토자 성한준 승인.",
            "id": "sample_055_0023_000018",
            "annotations": [
                {
                    "word": "성한준",
                    "start": 63,
                    "end": 66,
                    "label": "개인정보"
                }
            ]
        },
        {
            "sentence": "배출 모니터링(대기): 2025-01-15T09:00:00Z, Stack1 NOx=35 ppm, 규제 한도 50 ppm 이하 준수.",
            "id": "sample_055_0023_000019",
            "annotations": []
        },
        {
            "sentence": "알람/이벤트 로그 샘플: 2025-01-15T09:12:23Z alarm_id=ALARM_000123, 내용='레벨 L-401 경보', 상태=복구됨.",
            "id": "sample_055_0023_000020",
            "annotations": [
                {
                    "word": "ALARM_000123",
                    "start": 44,
                    "end": 56,
                    "label": "기밀정보"
                },
                {
                    "word": "L-401",
                    "start": 65,
                    "end": 70,
                    "label": "기밀정보"
                }
            ]
        },
        {
            "sentence": "품질검사 성적서: QC_report_id=QC_20250115_01, 검사자: 김정민, 최종판정: 규격 만족.",
            "id": "sample_055_0023_000021",
            "annotations": [
                {
                    "word": "QC_20250115_01",
                    "start": 23,
                    "end": 37,
                    "label": "기밀정보"
                },
                {
                    "word": "김정민",
                    "start": 44,
                    "end": 47,
                    "label": "개인정보"
                }
            ]
        },
        {
            "sentence": "생산 계획 문서: PROD_PLAN_Q1_2025에 따라 월간 생산량 목표와 원자재 수급 계획이 수립되어 있습니다.",
            "id": "sample_055_0023_000022",
            "annotations": [
                {
                    "word": "PROD_PLAN_Q1_2025",
                    "start": 10,
                    "end": 27,
                    "label": "기밀정보"
                }
            ]
        },
        {
            "sentence": "규제 제출 문서 참조: submission_id=REG_SUB_2025_01, 제출 전 내부 검토 및 안전심사 필수.",
            "id": "sample_055_0023_000023",
            "annotations": [
                {
                    "word": "REG_SUB_2025_01",
                    "start": 27,
                    "end": 42,
                    "label": "기밀정보"
                }
            ]
        },
        {
            "sentence": "비상 대응 연락처는 내부 문서에서 비공개로 관리하며, 공개 버전에는 '[비공개]'로 표기합니다.",
            "id": "sample_055_0023_000024",
            "annotations": []
        },
        {
            "sentence": "센서 노이즈 모델: 가우시안 노이즈 평균 0, 표준편차 0.5 °C와 드리프트 0.02 °C/일을 적용하였습니다.",
            "id": "sample_055_0023_000025",
            "annotations": []
        },
        {
            "sentence": "결측 패턴은 정기 캘리브레이션 기간과 연계되어 있으며, 결측치 대체는 도메인 인지 기반 보간을 사용합니다.",
            "id": "sample_055_0023_000026",
            "annotations": []
        },
        {
            "sentence": "데이터 무결성 점검 결과: batch_id와 recipe_id의 참조 무결성이 확인되었으며, 물질수지와 에너지 밸런스가 보존됩니다.",
            "id": "sample_055_0023_000027",
            "annotations": []
        },
        {
            "sentence": "조치 항목: 이상치 재분석, SOP 갱신, 담당자 지정 후 완료 보고를 요청합니다. 조치 담당: 하택훈.",
            "id": "sample_055_0023_000028",
            "annotations": [
                {
                    "word": "하택훈",
                    "start": 54,
                    "end": 57,
                    "label": "개인정보"
                }
            ]
        }
    ]
}