{
    "document_id": "092_0051",
    "document_title": "음악 권리 및 로열티 관리 샘플 정산·감사 문서",
    "data": [
        {
            "sentence": "문서 개요: 본 문서는 음악 권리 및 로열티 관리의 샘플 정산·감사 파일로, 권리 계층화와 정산 흐름을 기술합니다.",
            "id": "sample_092_0051_000001",
            "annotations": []
        },
        {
            "sentence": "문서는 composition(작사·작곡) 권리와 master(녹음) 권리를 분리 저장하고 각 권리자와 요율을 명확히 연결하는 표준을 제시합니다.",
            "id": "sample_092_0051_000002",
            "annotations": []
        },
        {
            "sentence": "메타데이터 예시로 ISRC는 KRABC2100001, ISWC는 T-034.123.456-1, UPC는 123456789012 형식을 사용하며 유효성 검증 규칙을 포함합니다.",
            "id": "sample_092_0051_000003",
            "annotations": []
        },
        {
            "sentence": "레지스트리 예시의 권리보유자에는 가명 아티스트와 퍼블리셔만을 사용하며, 권리자 명단에는 류예훈, 박무빈, 정강준이 포함됩니다.",
            "id": "sample_092_0051_000004",
            "annotations": [
                {
                    "word": "류예훈",
                    "start": 49,
                    "end": 52,
                    "label": "개인정보"
                },
                {
                    "word": "박무빈",
                    "start": 54,
                    "end": 57,
                    "label": "개인정보"
                },
                {
                    "word": "정강준",
                    "start": 59,
                    "end": 62,
                    "label": "개인정보"
                }
            ]
        },
        {
            "sentence": "각 권리의 스플릿 시트는 composition과 master를 분리하고, 합계는 항상 100.00%가 되도록 소수점 둘째 자리까지 반올림하며 잔액은 첫번째 권리보유자에게 배정합니다.",
            "id": "sample_092_0051_000005",
            "annotations": []
        },
        {
            "sentence": "예: composition 분배 - 류예훈 50.00%, 박무빈 30.00%, 정강준 20.00% (합계 100.00%, 반올림 규칙 적용).",
            "id": "sample_092_0051_000006",
            "annotations": [
                {
                    "word": "류예훈",
                    "start": 20,
                    "end": 23,
                    "label": "개인정보"
                },
                {
                    "word": "박무빈",
                    "start": 32,
                    "end": 35,
                    "label": "개인정보"
                },
                {
                    "word": "정강준",
                    "start": 44,
                    "end": 47,
                    "label": "개인정보"
                }
            ]
        },
        {
            "sentence": "master 분배 - 레이블(오시환) 70.00%, 퍼포머(원사라) 30.00%로 정규화되어 저장됩니다.",
            "id": "sample_092_0051_000007",
            "annotations": [
                {
                    "word": "오시환",
                    "start": 16,
                    "end": 19,
                    "label": "개인정보"
                },
                {
                    "word": "원사라",
                    "start": 33,
                    "end": 36,
                    "label": "개인정보"
                }
            ]
        },
        {
            "sentence": "스플릿 반올림 정책: 모든 비율은 소수점 둘째 자리까지 반올림하며, 반올림 오차로 인한 잔액은 스플릿 순서상 첫 권리자에게 자동 보정 로그를 남깁니다.",
            "id": "sample_092_0051_000008",
            "annotations": []
        },
        {
            "sentence": "라이선스 계약서에는 라이선스 유형(동기화, 기계적, 공연권), 영토, 기간, 배타성 여부와 구체적 요율표가 포함됩니다.",
            "id": "sample_092_0051_000009",
            "annotations": []
        },
        {
            "sentence": "계약 예시: 동기화 라이선스(비독점, 글로벌, 2025-01-01~2026-12-31) and reference_document_id DCON_202501_0003를 포함합니다.",
            "id": "sample_092_0051_000010",
            "annotations": []
        },
        {
            "sentence": "사용 로그 예시: DSP 보고서에는 재생수, 재생시간, 사용유형, source_system=MusicStreamAPI, reference_document_id=DDEX_202601_0007이 포함되어 감사 추적이 가능합니다.",
            "id": "sample_092_0051_000011",
            "annotations": []
        },
        {
            "sentence": "예상 지급: 지급 레포트는 수령자 식별자, 지급액, 통화, 환율정보, 송금일, source_system=PaymentRail을 포함하여 생성합니다.",
            "id": "sample_092_0051_000012",
            "annotations": []
        },
        {
            "sentence": "통화 예시: 지급은 KRW 및 USD로 표시되며, 환율은 '1 USD = 1,300.50 KRW' 적용일 2025-01-15로 기록됩니다.",
            "id": "sample_092_0051_000013",
            "annotations": []
        },
        {
            "sentence": "지급 수령자 정보는 보안 규정에 따라 마스킹 또는 암호화되어 저장됩니다; 예시 수령자 연락처는 ryu***@example.com, 전화 010-****-1234로 표기합니다.",
            "id": "sample_092_0051_000014",
            "annotations": [
                {
                    "word": "ryu***@example.com",
                    "start": 53,
                    "end": 71,
                    "label": "개인정보"
                },
                {
                    "word": "010-****-1234",
                    "start": 76,
                    "end": 89,
                    "label": "개인정보"
                }
            ]
        },
        {
            "sentence": "수령자 계좌 정보는 기밀로 취급되어 부분 마스킹된 형태(계좌: 12-3456-****-7890) 또는 암호화 참조 토큰만을 데이터베이스에 보관합니다.",
            "id": "sample_092_0051_000015",
            "annotations": [
                {
                    "word": "12-3456-****-7890",
                    "start": 35,
                    "end": 52,
                    "label": "기밀정보"
                }
            ]
        },
        {
            "sentence": "KYC 및 내부 사번 예시: 제출자 사번은 EMP-000123로 마스킹 형식으로 보유하며 원문은 암호화 저장합니다.",
            "id": "sample_092_0051_000016",
            "annotations": [
                {
                    "word": "EMP-000123",
                    "start": 24,
                    "end": 34,
                    "label": "개인정보"
                }
            ]
        },
        {
            "sentence": "프로세스 로그에는 source_system과 원자료(reference_document_id)를 포함한 감사 추적 행이 있으며, 예: usage_log_0001의 source_system=RadioLogFeed, reference_document_id=RADIO_202512_0045.",
            "id": "sample_092_0051_000017",
            "annotations": []
        },
        {
            "sentence": "레포트의 퍼포먼스 메타데이터에는 사용자의 준식별자 예시로 성별=여, 생년월일(연)=1985, (월)=07, (일)=23, 시=서울특별시, 군구=강남구, 동=역삼동 항목이 분리 저장됩니다.",
            "id": "sample_092_0051_000018",
            "annotations": [
                {
                    "word": "여",
                    "start": 35,
                    "end": 36,
                    "label": "준식별자"
                },
                {
                    "word": "1985",
                    "start": 46,
                    "end": 50,
                    "label": "준식별자"
                },
                {
                    "word": "07",
                    "start": 56,
                    "end": 58,
                    "label": "준식별자"
                },
                {
                    "word": "23",
                    "start": 64,
                    "end": 66,
                    "label": "준식별자"
                },
                {
                    "word": "서울특별시",
                    "start": 70,
                    "end": 75,
                    "label": "준식별자"
                },
                {
                    "word": "강남구",
                    "start": 80,
                    "end": 83,
                    "label": "준식별자"
                },
                {
                    "word": "역삼동",
                    "start": 87,
                    "end": 90,
                    "label": "준식별자"
                }
            ]
        },
        {
            "sentence": "정산 유형은 실시간 스트리밍 집계와 배치 월간 정산으로 분리되어 모델링되며, 지연·정합성 위험과 보정 주기(correction_reason 코드 포함)가 명시됩니다.",
            "id": "sample_092_0051_000019",
            "annotations": []
        },
        {
            "sentence": "소급조정과 분쟁 처리 예시: correction_reason=RATE_ADJUST_2025, dispute_id=DISP-2025-009, 조정 내역과 근거 문서를 함께 보관합니다.",
            "id": "sample_092_0051_000020",
            "annotations": []
        },
        {
            "sentence": "감사용 증빙으로 DDEX XML 및 CSV 피드 원문이 보관되고, 비표준 포맷은 DDEX 매핑 규칙에 따라 정규화됩니다.",
            "id": "sample_092_0051_000021",
            "annotations": []
        },
        {
            "sentence": "데이터 파이프라인 설계: 스트리밍 로그는 Kafka 토픽으로 수집되어 실시간 집계 레이어로 들어가며, 배치 정산은 일괄처리로 월말에 실행됩니다.",
            "id": "sample_092_0051_000022",
            "annotations": []
        },
        {
            "sentence": "지연 위험: 실시간은 부분 손실과 지연이 발생할 수 있어 확인 불일치의 경우 소급 보정 프로세스로 전환합니다.",
            "id": "sample_092_0051_000023",
            "annotations": []
        },
        {
            "sentence": "배치 정산 위험: 레거시 식별자 문제(ISRC·ISWC 불일치)는 수동 매칭 규칙과 가중치 기반 정합성 알고리즘으로 해결합니다.",
            "id": "sample_092_0051_000024",
            "annotations": []
        },
        {
            "sentence": "안전 통제: 민감정보는 암호화 키 관리 정책 하에 보관되며, 접근은 역할기반(RBAC)으로 제한됩니다.",
            "id": "sample_092_0051_000025",
            "annotations": []
        },
        {
            "sentence": "내부 담당자 예시: 정산 담당자 연락 책임은 김대건이 주 담당이며 대체 담당자는 권현서로 지정되어 있습니다.",
            "id": "sample_092_0051_000026",
            "annotations": [
                {
                    "word": "김대건",
                    "start": 25,
                    "end": 28,
                    "label": "개인정보"
                },
                {
                    "word": "권현서",
                    "start": 45,
                    "end": 48,
                    "label": "개인정보"
                }
            ]
        },
        {
            "sentence": "민감 또는 기밀 정보 접근 로그는 허리호의 검토와 승인을 거쳐 보안 감사에 포함됩니다.",
            "id": "sample_092_0051_000027",
            "annotations": [
                {
                    "word": "허리호",
                    "start": 19,
                    "end": 22,
                    "label": "개인정보"
                }
            ]
        },
        {
            "sentence": "테스트 데이터 정책: 실제 아티스트·곡명은 사용하지 않으며 모든 샘플 데이터는 가명으로 대체됩니다.",
            "id": "sample_092_0051_000028",
            "annotations": []
        },
        {
            "sentence": "문서 하단에는 실행 작업 목록이 포함되며 예: 매월 환율 업데이트 반영, 분배 합계 검증, 소급조정 알림 발송 등의 작업 항목을 기재합니다.",
            "id": "sample_092_0051_000029",
            "annotations": []
        },
        {
            "sentence": "최종 검토: 본 샘플 문서는 감사 가능성, 정합성 유지, 개인정보·기밀정보의 가명화 및 마스킹 원칙을 준수하도록 설계되었습니다.",
            "id": "sample_092_0051_000030",
            "annotations": []
        }
    ]
}