{
    "document_id": "092_0093",
    "document_title": "음악 권리 및 로열티 관리 운영 및 정산 감사보고서",
    "data": [
        {
            "sentence": "문서 개요: 이 문서는 음악 권리 및 로열티 관리의 운영 절차, 계정 구조, 정산 및 감사 추적을 포함합니다.",
            "id": "sample_092_0093_000001",
            "annotations": []
        },
        {
            "sentence": "본 보고서는 composition과 master 권리 계층을 분리하여 메타데이터와 스플릿을 개별 저장하는 정책을 기술합니다.",
            "id": "sample_092_0093_000002",
            "annotations": []
        },
        {
            "sentence": "메타데이터 표준으로 ISRC는 12자 형식(KRABC2000001), ISWC는 표준 포맷(T-123.456.789-0), UPC는 12자리(012345678905)를 사용합니다.",
            "id": "sample_092_0093_000003",
            "annotations": []
        },
        {
            "sentence": "곡 레코드 예시: 음원 ID=KRABC2000001, 작품 ID=T-123.456.789-0, 타이틀은 가명 '노래A'로 표기합니다.",
            "id": "sample_092_0093_000004",
            "annotations": []
        },
        {
            "sentence": "퍼블리셔 레지스트리에는 퍼블리셔명, 퍼블리셔 ID, 국가 코드(ISO 3166-1 alpha-2)를 저장하고 매핑 규칙을 포함합니다.",
            "id": "sample_092_0093_000005",
            "annotations": []
        },
        {
            "sentence": "분배 스플릿 시트(Composition): 작사자 손수환 40.00%, 작곡가 유은상 40.00%, 퍼블리셔 강도형 20.00%로 합계는 100.00%로 유지됩니다.",
            "id": "sample_092_0093_000006",
            "annotations": [
                {
                    "word": "손수환",
                    "start": 28,
                    "end": 31,
                    "label": "개인정보"
                },
                {
                    "word": "유은상",
                    "start": 44,
                    "end": 47,
                    "label": "개인정보"
                },
                {
                    "word": "강도형",
                    "start": 61,
                    "end": 64,
                    "label": "개인정보"
                }
            ]
        },
        {
            "sentence": "분배 스플릿 시트(Master): 레코드소유 레이블 'LabelX' 70.00%, 수행연주자 임슬기 30.00%로 합계 100.00%이며 소수점 둘째 자리 반올림 정책을 적용합니다.",
            "id": "sample_092_0093_000007",
            "annotations": [
                {
                    "word": "임슬기",
                    "start": 52,
                    "end": 55,
                    "label": "개인정보"
                }
            ]
        },
        {
            "sentence": "소수점 반올림 정책: 모든 비율은 소수점 둘째 자리까지 반올림하며 잔액은 마지막 권리자에게 할당하여 합계가 100.00%가 되도록 합니다.",
            "id": "sample_092_0093_000008",
            "annotations": []
        },
        {
            "sentence": "라이선스 계약(동기화): 계약 ID DDX-20251231-0001, 라이선스 유형 Non-Exclusive, 영토 KR, 기간 2026-01-01~2026-12-31.",
            "id": "sample_092_0093_000009",
            "annotations": []
        },
        {
            "sentence": "계약에는 로열티율, 최소 보증금, 세금 처리(원천징수율), 지급 주기 및 지불 통화가 명시됩니다.",
            "id": "sample_092_0093_000010",
            "annotations": []
        },
        {
            "sentence": "사용 로그 예시(DSP 보고서): source_system=SpotifyAPI, reference_document_id=DSP_20260115_000123, 재생수 1,234,567건, 지역 US.",
            "id": "sample_092_0093_000011",
            "annotations": []
        },
        {
            "sentence": "방송 큐시트 예: source_system=RadioFeed, reference_document_id=RAD_20260114_045, 사용유형=방송, 시청권역=KR.",
            "id": "sample_092_0093_000012",
            "annotations": []
        },
        {
            "sentence": "정산서 예: 지급ID PAY_20260201_0009, 지급액 1,234.56 USD, 수수료 12.34 USD, 세금 원천징수 61.72 USD, currency=USD, 환율 1 USD = 1,200.00 KRW 적용일 2026-02-01.",
            "id": "sample_092_0093_000013",
            "annotations": []
        },
        {
            "sentence": "지급 수령자 레코드: 수령자명 최효원, 이메일 [MASKED_EMAIL], 수령계좌 [ENC:acct_4f3a], 사번 [MASKED_ID_009] 은 암호화 저장됩니다.",
            "id": "sample_092_0093_000014",
            "annotations": [
                {
                    "word": "최효원",
                    "start": 17,
                    "end": 20,
                    "label": "개인정보"
                },
                {
                    "word": "[MASKED_EMAIL]",
                    "start": 26,
                    "end": 40,
                    "label": "개인정보"
                },
                {
                    "word": "[ENC:acct_4f3a]",
                    "start": 47,
                    "end": 62,
                    "label": "기밀정보"
                },
                {
                    "word": "[MASKED_ID_009]",
                    "start": 67,
                    "end": 82,
                    "label": "개인정보"
                }
            ]
        },
        {
            "sentence": "KYC 및 세무 문서에는 수령인 국적, 생년월일 1988-05-16, 주소 서울특별시 강남구(시/구 단위 저장) 등이 포함되며 민감정보는 암호화됩니다.",
            "id": "sample_092_0093_000015",
            "annotations": [
                {
                    "word": "1988-05-16",
                    "start": 27,
                    "end": 37,
                    "label": "준식별자"
                },
                {
                    "word": "서울특별시 강남구",
                    "start": 42,
                    "end": 51,
                    "label": "준식별자"
                }
            ]
        },
        {
            "sentence": "수수료 및 세액공제 로직은 국가별 규정에 따라 다르게 적용되며, 환율 적용일자를 정산 레코드에 기록합니다.",
            "id": "sample_092_0093_000016",
            "annotations": []
        },
        {
            "sentence": "소급 조정 예시: 원자료 reference_document_id=DSP_202512_00077, correction_reason=late_report, adjustment_amount -123.45 EUR, dispute_id DIS_20260210_77.",
            "id": "sample_092_0093_000017",
            "annotations": []
        },
        {
            "sentence": "분쟁 처리 절차는 dispute_id와 관련 증빙(reference_document_id), 조정금액, 담당자 승인 로그를 포함하여 변경 이력을 기록합니다.",
            "id": "sample_092_0093_000018",
            "annotations": []
        },
        {
            "sentence": "감사 추적 로그 항목: event_time(ISO 8601), actor_id(내부사용자ID), action_type, source_system, reference_document_id, 변경전/후 값이 포함됩니다.",
            "id": "sample_092_0093_000019",
            "annotations": []
        },
        {
            "sentence": "내부 결재선: 운영팀장 고모건 승인(결재ID APP_20260120_05) 및 최해리 검토 코멘트가 기록되어 있습니다.",
            "id": "sample_092_0093_000020",
            "annotations": [
                {
                    "word": "고모건",
                    "start": 13,
                    "end": 16,
                    "label": "개인정보"
                },
                {
                    "word": "최해리",
                    "start": 44,
                    "end": 47,
                    "label": "개인정보"
                }
            ]
        },
        {
            "sentence": "데이터 파이프라인 설계: 실시간 스트리밍은 Kafka 기반으로 집계하고, 배치 정산은 월말에 배치 스냅샷으로 수행하여 각 파이프라인의 지연 및 정합성 위험을 문서화합니다.",
            "id": "sample_092_0093_000021",
            "annotations": []
        },
        {
            "sentence": "실시간 위험: 고용량 재생 로그의 처리 지연, 키 중복, 정렬 지연으로 인한 집계 불일치 가능성을 기술합니다.",
            "id": "sample_092_0093_000022",
            "annotations": []
        },
        {
            "sentence": "배치 위험: 레포트 지연, 소급 조정 반영 지연, 환율 변동에 따른 재계산 필요성을 포함합니다.",
            "id": "sample_092_0093_000023",
            "annotations": []
        },
        {
            "sentence": "표준화 맵핑: 비표준 DSP 필드 'track_code'는 ISRC로 매핑하고, 퍼블리셔명은 퍼블리셔 ID로 정규화하는 맵을 제공합니다.",
            "id": "sample_092_0093_000024",
            "annotations": []
        },
        {
            "sentence": "DDEX 및 CSV 피드 샘플: feed_id DDEX_202601_0002, 레코드 예시는 메타데이터, 권리 스플릿, 사용 로그, 지급 레코드를 포함합니다.",
            "id": "sample_092_0093_000025",
            "annotations": []
        },
        {
            "sentence": "결론 및 권고: 민감정보는 최소 저장 원칙으로 암호화하며 접근 통제를 엄격히 운영하고 정기적 감사와 자동화된 정합성 검증을 권장합니다.",
            "id": "sample_092_0093_000026",
            "annotations": []
        }
    ]
}