{
    "document_id": "092_0080",
    "document_title": "샘플: 음악 권리 및 로열티 정산·감사 운영 가이드 및 사례 보고서",
    "data": [
        {
            "sentence": "본 문서는 음악 권리 및 로열티 관리의 샘플 운영·정산·감사 절차를 설명하며 시스템 설계와 데이터 규칙을 예시합니다.",
            "id": "sample_092_0080_000001",
            "annotations": []
        },
        {
            "sentence": "문서는 권리의 계층성(composition vs master)을 엄격히 분리하여 저장하고 추적하는 것을 전제로 합니다.",
            "id": "sample_092_0080_000002",
            "annotations": []
        },
        {
            "sentence": "메타데이터 예시로 ISRC는 KRABC2000001, ISWC는 T-000.123.456-7, UPC는 012345678905 형태를 사용하여 유효성 검증을 적용합니다.",
            "id": "sample_092_0080_000003",
            "annotations": []
        },
        {
            "sentence": "샘플 트랙명은 가명곡_001로 표기하며 실제 아티스트·곡명은 사용하지 않습니다.",
            "id": "sample_092_0080_000004",
            "annotations": []
        },
        {
            "sentence": "권리자 프로필 예시: 작곡가 양유린, 생년월일 1988년 07월 15일, 거주지 서울특별시 강남구; 작사가 전성자.",
            "id": "sample_092_0080_000005",
            "annotations": [
                {
                    "word": "양유린",
                    "start": 16,
                    "end": 19,
                    "label": "개인정보"
                },
                {
                    "word": "1988년",
                    "start": 26,
                    "end": 31,
                    "label": "준식별자"
                },
                {
                    "word": "07월",
                    "start": 32,
                    "end": 35,
                    "label": "준식별자"
                },
                {
                    "word": "15일",
                    "start": 36,
                    "end": 39,
                    "label": "준식별자"
                },
                {
                    "word": "서울특별시",
                    "start": 45,
                    "end": 50,
                    "label": "준식별자"
                },
                {
                    "word": "강남구",
                    "start": 51,
                    "end": 54,
                    "label": "준식별자"
                },
                {
                    "word": "전성자",
                    "start": 60,
                    "end": 63,
                    "label": "개인정보"
                }
            ]
        },
        {
            "sentence": "퍼블리셔 및 레이블 정보는 표준 코드와 내부 레지스트리 ID로 매핑하며 공개·비공개 속성을 명시합니다.",
            "id": "sample_092_0080_000006",
            "annotations": []
        },
        {
            "sentence": "스플릿 합계는 항상 100%를 보장하며 소수점 반올림 정책은 소수점 둘째 자리까지 반올림을 적용하고 잔액은 퍼블리셔 측 계정으로 이월 처리합니다.",
            "id": "sample_092_0080_000007",
            "annotations": []
        },
        {
            "sentence": "작품(composition) 분배 예시: 작곡가 양유린 60.00%, 작사가 전성자 40.00%로 합계 100.00%로 기록합니다.",
            "id": "sample_092_0080_000008",
            "annotations": [
                {
                    "word": "양유린",
                    "start": 27,
                    "end": 30,
                    "label": "개인정보"
                },
                {
                    "word": "전성자",
                    "start": 43,
                    "end": 46,
                    "label": "개인정보"
                }
            ]
        },
        {
            "sentence": "마스터(master) 분배 예시: 레코드 소유자 레이블엘 30.00%, 퍼포머 남라원 70.00%로 별도 테이블에 저장합니다.",
            "id": "sample_092_0080_000009",
            "annotations": [
                {
                    "word": "남라원",
                    "start": 44,
                    "end": 47,
                    "label": "개인정보"
                }
            ]
        },
        {
            "sentence": "라이선스 계약 예시: 동기화 계약 ID LIC_SYNC_202501_001의 서명자는 곽유현으로 계약서 메타데이터에 서명자명을 기재합니다.",
            "id": "sample_092_0080_000010",
            "annotations": [
                {
                    "word": "곽유현",
                    "start": 48,
                    "end": 51,
                    "label": "개인정보"
                }
            ]
        },
        {
            "sentence": "계약 조건은 적용 영토(예: KR, US, JP), 화폐(예: USD), 기간, 배타성 여부를 구조화된 필드로 관리합니다.",
            "id": "sample_092_0080_000011",
            "annotations": []
        },
        {
            "sentence": "DSP 사용 보고서 샘플 행은 play_count 12345, source_system Spotify, reference_document_id DSP_202501_A01 형태로 원본 포맷과 함께 저장합니다.",
            "id": "sample_092_0080_000012",
            "annotations": []
        },
        {
            "sentence": "대량 스트리밍 로그는 원시 레코드(raw_event)를 유지하고 파생 집계는 실시간 파이프라인과 배치 정산 파이프라인으로 분리하여 보관합니다.",
            "id": "sample_092_0080_000013",
            "annotations": []
        },
        {
            "sentence": "지급 레포트 예시: payment_id PAY_202501_0001, 지급액 USD 1,250.00, 수령자 임영남, 계좌 [ENC]****-****-1234, 출처 source_system=LabelPayout, reference_document_id PAYREP_202501_01.",
            "id": "sample_092_0080_000014",
            "annotations": [
                {
                    "word": "임영남",
                    "start": 61,
                    "end": 64,
                    "label": "개인정보"
                },
                {
                    "word": "[ENC]****-****-1234",
                    "start": 69,
                    "end": 88,
                    "label": "기밀정보"
                }
            ]
        },
        {
            "sentence": "세율·수수료 항목은 항목별로 분리하여 원천징수율과 정산 후 지급액을 계산하고 정산 근거를 정산서에 링크합니다.",
            "id": "sample_092_0080_000015",
            "annotations": []
        },
        {
            "sentence": "다중 통화 환경을 고려하여 환율은 ISO 4217 화폐코드와 환율값, 적용일을 기록하며 예: USD→KRW 1180.50(적용일 2025-01-15)로 저장합니다.",
            "id": "sample_092_0080_000016",
            "annotations": []
        },
        {
            "sentence": "감사 로그 예시: 승인자 임영남, 승인시간 2025-01-20T10:15:00Z, 변경파일 경로 /srv/rights/confidential/settlement_v2.csv, 시스템계정 svc_account_settlement로 기록합니다.",
            "id": "sample_092_0080_000017",
            "annotations": [
                {
                    "word": "임영남",
                    "start": 14,
                    "end": 17,
                    "label": "개인정보"
                },
                {
                    "word": "/srv/rights/confidential/settlement_v2.csv",
                    "start": 54,
                    "end": 96,
                    "label": "기밀정보"
                },
                {
                    "word": "svc_account_settlement",
                    "start": 104,
                    "end": 126,
                    "label": "기밀정보"
                }
            ]
        },
        {
            "sentence": "소급 조정 및 분쟁 예시: correction_reason=retro_adjustment, dispute_id DIS_202412-001, 클레임 제기자 김사랑, 관련 참조문서 DISPUTE_DOC_202412_001을 연결합니다.",
            "id": "sample_092_0080_000018",
            "annotations": [
                {
                    "word": "김사랑",
                    "start": 86,
                    "end": 89,
                    "label": "개인정보"
                }
            ]
        },
        {
            "sentence": "외부 표준 맵핑 규칙: DDEX 필드 artistName→internal.artist_display로 정규화하고 비표준 필드는 변환 로그에 저장합니다.",
            "id": "sample_092_0080_000019",
            "annotations": []
        },
        {
            "sentence": "식별자 유효성 검증은 ISRC, ISWC, UPC 규격을 우선 적용하며 규격 미준수 레코드는 별도 큐로 분리하여 오류 사유를 기록합니다.",
            "id": "sample_092_0080_000020",
            "annotations": []
        },
        {
            "sentence": "테스트 데이터 정책: 실제 아티스트·곡명 사용 금지, 허용 샘플 이름 목록 예시에는 양유린, 전성자, 남라원, 곽유현, 김사랑, 조푸름, 장리라를 사용합니다.",
            "id": "sample_092_0080_000021",
            "annotations": [
                {
                    "word": "양유린",
                    "start": 47,
                    "end": 50,
                    "label": "개인정보"
                },
                {
                    "word": "전성자",
                    "start": 52,
                    "end": 55,
                    "label": "개인정보"
                },
                {
                    "word": "남라원",
                    "start": 57,
                    "end": 60,
                    "label": "개인정보"
                },
                {
                    "word": "곽유현",
                    "start": 62,
                    "end": 65,
                    "label": "개인정보"
                },
                {
                    "word": "김사랑",
                    "start": 67,
                    "end": 70,
                    "label": "개인정보"
                },
                {
                    "word": "조푸름",
                    "start": 72,
                    "end": 75,
                    "label": "개인정보"
                },
                {
                    "word": "장리라",
                    "start": 77,
                    "end": 80,
                    "label": "개인정보"
                }
            ]
        },
        {
            "sentence": "파이프라인 설계 관점에서 실시간 집계는 지연(Latency)·정합성 위험이 크므로 배치 월 정산과의 라인 레벨 리컨실리어션을 권고합니다.",
            "id": "sample_092_0080_000022",
            "annotations": []
        },
        {
            "sentence": "소급 조정 발생 시 correction_reason 코드와 reference_document_id를 포함한 변경이력(versioned_record)을 통해 정합성 복구 절차를 추적합니다.",
            "id": "sample_092_0080_000023",
            "annotations": []
        },
        {
            "sentence": "KYC 관련 식별자 및 계좌정보는 암호화 키관리 하에 보관하며 예시 KYC_ID는 KYC-****890로 마스킹합니다.",
            "id": "sample_092_0080_000024",
            "annotations": [
                {
                    "word": "KYC-****890",
                    "start": 46,
                    "end": 57,
                    "label": "기밀정보"
                }
            ]
        },
        {
            "sentence": "보관기간·접근통제 정책은 민감정보 분류에 따라 차등 적용하며 암호화, 접근로그, 최소권한 원칙을 문서화합니다.",
            "id": "sample_092_0080_000025",
            "annotations": []
        },
        {
            "sentence": "문의 담당자 정보(예시) 담당자 장리라, 연락처 010-****-2345, 이메일 jangr****@example.com, 사번 EMP-****0007로 마스킹하여 표기합니다.",
            "id": "sample_092_0080_000026",
            "annotations": [
                {
                    "word": "장리라",
                    "start": 18,
                    "end": 21,
                    "label": "개인정보"
                },
                {
                    "word": "010-****-2345",
                    "start": 27,
                    "end": 40,
                    "label": "개인정보"
                },
                {
                    "word": "jangr****@example.com",
                    "start": 46,
                    "end": 67,
                    "label": "개인정보"
                },
                {
                    "word": "EMP-****0007",
                    "start": 72,
                    "end": 84,
                    "label": "개인정보"
                }
            ]
        },
        {
            "sentence": "최종 액션 아이템과 소유자는 문서 말미에 기록하며 담당자 조푸름이 월간 리컨실리어션을 총괄하도록 지정합니다.",
            "id": "sample_092_0080_000027",
            "annotations": [
                {
                    "word": "조푸름",
                    "start": 32,
                    "end": 35,
                    "label": "개인정보"
                }
            ]
        },
        {
            "sentence": "모든 사용 로그와 지급 레코드는 source_system과 reference_document_id를 포함해 감사 추적(audit trail)을 보장하도록 설계합니다.",
            "id": "sample_092_0080_000028",
            "annotations": []
        }
    ]
}