{
    "document_id": "092_0048",
    "document_title": "음악 권리 및 로열티 관리 운영 가이드 및 감사 로그 샘플",
    "data": [
        {
            "sentence": "문서 제목과 목적: 본 문서는 음악 권리 및 로열티 관리 전반의 메타데이터, 계약, 사용로그, 정산 및 감사 추적 절차를 기술합니다.",
            "id": "sample_092_0048_000001",
            "annotations": []
        },
        {
            "sentence": "문서 관리 책임자(프로젝트 리드)는 채서영이며 프로젝트 연락처 및 승인 흐름을 총괄합니다.",
            "id": "sample_092_0048_000002",
            "annotations": [
                {
                    "word": "채서영",
                    "start": 20,
                    "end": 23,
                    "label": "개인정보"
                }
            ]
        },
        {
            "sentence": "프로젝트 연락처 이메일은 csy***@example.com로 마스킹 처리되어 저장되며 실제 주소는 KMS에 암호화 보관합니다.",
            "id": "sample_092_0048_000003",
            "annotations": [
                {
                    "word": "csy***@example.com",
                    "start": 14,
                    "end": 32,
                    "label": "개인정보"
                }
            ]
        },
        {
            "sentence": "적용 범위에는 ISRC, ISWC, UPC 등의 표준 식별자 검증, DDEX 정규화, 다중 통화 환산 및 세금·수수료 처리가 포함됩니다.",
            "id": "sample_092_0048_000004",
            "annotations": []
        },
        {
            "sentence": "샘플 메타데이터 예: ISRC=USRC17607839, ISWC=T-123.456.789-0, UPC=012345678905; 모두 표준 포맷 검증 규칙을 따릅니다.",
            "id": "sample_092_0048_000005",
            "annotations": []
        },
        {
            "sentence": "작품(Composition) 레지스트리 항목: 작곡가 류재영, 소유지분(작사가/작곡가 합산) 및 ISWC 연결 정보를 기록합니다.",
            "id": "sample_092_0048_000006",
            "annotations": [
                {
                    "word": "류재영",
                    "start": 30,
                    "end": 33,
                    "label": "개인정보"
                }
            ]
        },
        {
            "sentence": "컴포지션 스플릿시트 예: 작곡가(류재영) 60.00%, 퍼블리셔 40.00%로 총합 100.00%이며 소수점 둘째 자리까지 반올림 정책을 적용합니다.",
            "id": "sample_092_0048_000007",
            "annotations": [
                {
                    "word": "류재영",
                    "start": 18,
                    "end": 21,
                    "label": "개인정보"
                }
            ]
        },
        {
            "sentence": "마스터 권리(Master) 스플릿 예: 레이블 한윤규 70.00%, 아티스트 30.00%로 분리하여 저장하며 각 권리 유형에 요율을 명시합니다.",
            "id": "sample_092_0048_000008",
            "annotations": [
                {
                    "word": "한윤규",
                    "start": 26,
                    "end": 29,
                    "label": "개인정보"
                }
            ]
        },
        {
            "sentence": "소수점 반올림 정책: 분배비율은 소수점 둘째 자리까지 반올림하며 잔액은 가장 낮은 우선순위 수취인에게 이월 처리합니다.",
            "id": "sample_092_0048_000009",
            "annotations": []
        },
        {
            "sentence": "라이선스 계약서는 동기화, 기계적(마스터·컴포지션 별도), 공연권 등 유형을 분리해 계약ID와 유효기간, 영토, 배타성 정보를 기록합니다.",
            "id": "sample_092_0048_000010",
            "annotations": []
        },
        {
            "sentence": "요율 적용 예: 스트리밍(서브스크립션)은 국가별 기본 단가와 가중치가 적용되며 라디오·방송은 PRO 고유 요율 테이블을 참조합니다.",
            "id": "sample_092_0048_000011",
            "annotations": []
        },
        {
            "sentence": "지급 레코드 샘플: 지급ID PAY_20250131_0001, 지급일 2025-01-31, 지급액 환산 후 수취인 계좌로 송금 처리, 수취계좌(마스킹) 계좌: ****-****-1234, source_system=FinanceEngine, reference_document_id=INV_20250131_089.",
            "id": "sample_092_0048_000012",
            "annotations": [
                {
                    "word": "계좌: ****-****-1234",
                    "start": 85,
                    "end": 103,
                    "label": "기밀정보"
                }
            ]
        },
        {
            "sentence": "사용 로그 예시: DSP 재생 로그 source_system=SpotifyFeed, reference_document_id=DSP_202501_0001, track_isrc=USRC17607839, play_count=12543, 집계시스템으로 실시간 스트리밍 로그 전송.",
            "id": "sample_092_0048_000013",
            "annotations": []
        },
        {
            "sentence": "방송 큐시트 예: 방송사 RadioKo, transmission_date=2025-01-15, track_isrc=USRC17607839, cue_id=CUE_20250115_2100, source_system=RadioReportAPI.",
            "id": "sample_092_0048_000014",
            "annotations": []
        },
        {
            "sentence": "환율 적용 기록: 기준통화 USD에서 KRW 환율 2025-01-31 기준 1 USD = 1320.50 KRW를 사용했으며 환율적용일을 지급 레코드에 기록합니다.",
            "id": "sample_092_0048_000015",
            "annotations": []
        },
        {
            "sentence": "지급 수령자 레지스트리 예: 수령자명 배정서, 수령자 유형 퍼블리셔, KYC_ID: KYC-****5678, 지급 조건 및 통화 정보를 연결합니다.",
            "id": "sample_092_0048_000016",
            "annotations": [
                {
                    "word": "배정서",
                    "start": 21,
                    "end": 24,
                    "label": "개인정보"
                },
                {
                    "word": "KYC-****5678",
                    "start": 47,
                    "end": 59,
                    "label": "기밀정보"
                }
            ]
        },
        {
            "sentence": "소급 조정 및 분쟁 처리 예: correction_reason=RETRO_ADJ_202412, dispute_id=DSP_DISP_20250115_0001, 원인 코드와 관련 reference_document_id를 명시해 회계 재계산을 트래킹합니다.",
            "id": "sample_092_0048_000017",
            "annotations": []
        },
        {
            "sentence": "DDEX 및 CSV 메타데이터 피드 처리 규칙: 비표준 필드는 내부 매핑테이블로 ISO 표준으로 정규화하고 매핑로그를 유지합니다.",
            "id": "sample_092_0048_000018",
            "annotations": []
        },
        {
            "sentence": "파이프라인 설계: 실시간 스트리밍 로그(카프카 기반)와 배치 정산(월/분기 정산 DB 스냅샷)을 분리해 저장 및 모니터링합니다.",
            "id": "sample_092_0048_000019",
            "annotations": []
        },
        {
            "sentence": "실시간 집계 지연 리스크: 대용량 ingest 시 점유 리소스 및 이벤트 지연이 발생하며 결과적으로 최종 정산과의 정합성 검증을 위한 리컨실리에이션이 필요합니다.",
            "id": "sample_092_0048_000020",
            "annotations": []
        },
        {
            "sentence": "배치 정산 지연·소급 처리: 월별 정산은 소급 조정 레코드를 별도 테이블에 버전으로 저장해 시간여행(versioning)과 감사 추적을 지원합니다.",
            "id": "sample_092_0048_000021",
            "annotations": []
        },
        {
            "sentence": "세금 및 수수료 처리: 국가별 원천징수율과 플랫폼 수수료를 별도 라인아이템으로 계산하고 지급레포트에 명시합니다.",
            "id": "sample_092_0048_000022",
            "annotations": []
        },
        {
            "sentence": "송금 레포트 예시: remittance_id=REMIT_20250201_0009, 지급액(총)=USD 1,234.56, 수취계좌(암호화) ENC[AES256]:dG9rZW4tMTIz, 환율적용일=2025-01-31.",
            "id": "sample_092_0048_000023",
            "annotations": [
                {
                    "word": "ENC[AES256]:dG9rZW4tMTIz",
                    "start": 77,
                    "end": 101,
                    "label": "기밀정보"
                }
            ]
        },
        {
            "sentence": "접근제어 및 암호화 정책: 개인식별정보와 재무정보는 최소 권한 원칙으로 접근통제하며 데이터베이스에서는 AES-256 암호화를 적용합니다.",
            "id": "sample_092_0048_000024",
            "annotations": []
        },
        {
            "sentence": "변경이력 추적: 스플릿 변경, 계약수정, 소급조정 등 모든 변경은 변경자, 변경일시, 변경사유를 함께 기록합니다.",
            "id": "sample_092_0048_000025",
            "annotations": []
        },
        {
            "sentence": "소급조정 예시 시나리오: DSP 보고서 재집계로 5회 재생이 취소되어 RETRO_ADJ_202412로 분배비율 재계산 후 지급레코드 수정 로그를 남깁니다.",
            "id": "sample_092_0048_000026",
            "annotations": []
        },
        {
            "sentence": "검토 및 승인 워크플로우: 담당자 채동률이 조정안 검토를 수행하고 최종 승인은 프로젝트 리드 채서영이 진행합니다.",
            "id": "sample_092_0048_000027",
            "annotations": [
                {
                    "word": "채동률",
                    "start": 19,
                    "end": 22,
                    "label": "개인정보"
                },
                {
                    "word": "채서영",
                    "start": 52,
                    "end": 55,
                    "label": "개인정보"
                }
            ]
        },
        {
            "sentence": "액션 아이템: 1) DDEX 매핑테이블 검토, 2) 환율 공급자 다변화, 3) PII 및 계좌 데이터의 정기 키로테이션, 문의는 csy***@example.com로 요청하십시오.",
            "id": "sample_092_0048_000028",
            "annotations": [
                {
                    "word": "csy***@example.com",
                    "start": 72,
                    "end": 90,
                    "label": "개인정보"
                }
            ]
        }
    ]
}