{
    "document_id": "092_0009",
    "document_title": "음악 권리 및 로열티 정산 및 감사 보고서(샘플)",
    "data": [
        {
            "sentence": "문서 목적과 범위를 설명합니다: 본 문서는 음악 권리 및 로열티 관리 시스템의 샘플 데이터와 감사 추적 지침을 제공합니다.",
            "id": "sample_092_0009_000001",
            "annotations": []
        },
        {
            "sentence": "이 문서는 작품과 마스터 권리의 분리, 분배 규칙, 사용 로그 및 지급 레포트의 표준화 예시를 포함합니다.",
            "id": "sample_092_0009_000002",
            "annotations": []
        },
        {
            "sentence": "컴포지션 메타데이터 예시: 작품명 'Composition A (Sample)', ISWC: T-000.000.001-0, 출처 표준: ISWC 표준 준수.",
            "id": "sample_092_0009_000003",
            "annotations": []
        },
        {
            "sentence": "마스터 메타데이터 예시: 녹음명 'Master A (Sample)', ISRC: KRABC2100001, UPC: 880000000001, 녹음 소유 라벨명: Label Sample.",
            "id": "sample_092_0009_000004",
            "annotations": []
        },
        {
            "sentence": "작품 권리 보유자(composition) 스플릿: 작곡가 지수연 50.00%, 작사가 천루아 50.00%로 합계 100.00%이며 반올림은 소수점 둘째 자리까지 적용합니다.",
            "id": "sample_092_0009_000005",
            "annotations": [
                {
                    "word": "지수연",
                    "start": 32,
                    "end": 35,
                    "label": "개인정보"
                },
                {
                    "word": "천루아",
                    "start": 48,
                    "end": 51,
                    "label": "개인정보"
                }
            ]
        },
        {
            "sentence": "마스터 권리(master) 소유권: 레이블 'MasterLabel Inc.'이 마스터 권리를 100.00% 보유하며 배분은 별도 분배표로 관리합니다.",
            "id": "sample_092_0009_000006",
            "annotations": []
        },
        {
            "sentence": "스플릿 정책: 소수점 둘째 자리까지 반올림하고 잔액(100.00 합계 미달)은 우선권자(레이블 소유자)에게 이월하여 조정합니다.",
            "id": "sample_092_0009_000007",
            "annotations": []
        },
        {
            "sentence": "라이선스 조건 예시: 동기화(sync) 라이선스, 비독점, 기간 2025-01-01부터 2026-12-31까지, 영토: KOR, 통화: KRW, 고정료 1,000,000 KRW.",
            "id": "sample_092_0009_000008",
            "annotations": []
        },
        {
            "sentence": "환율 기록 예시: 적용일 2025-12-31, 기준: 1 USD = 1,200 KRW, 환율소스 ECB, 환율은 컨버전 로그에 저장됩니다.",
            "id": "sample_092_0009_000009",
            "annotations": []
        },
        {
            "sentence": "사용 로그 예시(DSP): source_system: DSP_FAKEDSP, reference_document_id: DSPREP_20251231_0001, play_count: 1,234,567, 집계타임스탬프: 2025-12-31T23:59:59Z.",
            "id": "sample_092_0009_000010",
            "annotations": [
                {
                    "word": "DSPREP_20251231_0001",
                    "start": 66,
                    "end": 86,
                    "label": "기밀정보"
                }
            ]
        },
        {
            "sentence": "정산 레포트 예시: payment_id: PAY-20251231-0001, 지급액 총합 10,000.00 USD, 수수료 및 세금 공제 항목이 포함되어 있습니다.",
            "id": "sample_092_0009_000011",
            "annotations": [
                {
                    "word": "PAY-20251231-0001",
                    "start": 23,
                    "end": 40,
                    "label": "기밀정보"
                }
            ]
        },
        {
            "sentence": "지급 수령자 정보(마스킹): 수령자명 지수연, 이메일 jiyu***@example.com, 연락처 010-****-1234, 계좌번호(암호화): ENC[AES256]:a1b2c3d4e5f6.",
            "id": "sample_092_0009_000012",
            "annotations": [
                {
                    "word": "지수연",
                    "start": 21,
                    "end": 24,
                    "label": "개인정보"
                },
                {
                    "word": "jiyu***@example.com",
                    "start": 30,
                    "end": 49,
                    "label": "개인정보"
                },
                {
                    "word": "010-****-1234",
                    "start": 55,
                    "end": 68,
                    "label": "개인정보"
                },
                {
                    "word": "ENC[AES256]:a1b2c3d4e5f6",
                    "start": 81,
                    "end": 105,
                    "label": "기밀정보"
                }
            ]
        },
        {
            "sentence": "KYC 및 내부 식별자: KYC_ID: KYC-0009-2025(암호화 보관), 사번: EMP-000123(마스킹 및 접근제어 적용).",
            "id": "sample_092_0009_000013",
            "annotations": [
                {
                    "word": "KYC-0009-2025",
                    "start": 22,
                    "end": 35,
                    "label": "기밀정보"
                },
                {
                    "word": "EMP-000123",
                    "start": 49,
                    "end": 59,
                    "label": "개인정보"
                }
            ]
        },
        {
            "sentence": "감사 로그: source_system: PAYMENT_GATEWAY, 서버 IP(마스킹): 10.10.XX.XX, 내부 경로 S3://private-bucket/daily/settlements/20251231.csv.",
            "id": "sample_092_0009_000014",
            "annotations": [
                {
                    "word": "10.10.XX.XX",
                    "start": 51,
                    "end": 62,
                    "label": "기밀정보"
                },
                {
                    "word": "S3://private-bucket/daily/settlements/20251231.csv",
                    "start": 70,
                    "end": 120,
                    "label": "기밀정보"
                }
            ]
        },
        {
            "sentence": "소급 조정 예시: correction_reason: late_report, correction_id: CORR-2026-0001, dispute_id: DISP-2025-0007, 조정금액 및 원자료 참조로 정합성 복구를 수행합니다.",
            "id": "sample_092_0009_000015",
            "annotations": [
                {
                    "word": "CORR-2026-0001",
                    "start": 57,
                    "end": 71,
                    "label": "기밀정보"
                },
                {
                    "word": "DISP-2025-0007",
                    "start": 85,
                    "end": 99,
                    "label": "기밀정보"
                }
            ]
        },
        {
            "sentence": "방송 큐시트 예시: 공연자 서곤, 방송일 2025-11-15, 방송국: SampleFM, 사용 트랙: Master A (Sample), 영토: 서울특별시 강남구.",
            "id": "sample_092_0009_000016",
            "annotations": [
                {
                    "word": "서곤",
                    "start": 15,
                    "end": 17,
                    "label": "개인정보"
                },
                {
                    "word": "2025-11-15",
                    "start": 23,
                    "end": 33,
                    "label": "준식별자"
                },
                {
                    "word": "서울특별시 강남구",
                    "start": 80,
                    "end": 89,
                    "label": "준식별자"
                }
            ]
        },
        {
            "sentence": "퍼포먼스 리포트 일부: 성별: 남, 생년월일(년): 1988, 생년월일(월): 05, 공연시간: 00:03:45.",
            "id": "sample_092_0009_000017",
            "annotations": [
                {
                    "word": "성별: 남",
                    "start": 13,
                    "end": 18,
                    "label": "준식별자"
                },
                {
                    "word": "생년월일(년): 1988",
                    "start": 20,
                    "end": 33,
                    "label": "준식별자"
                },
                {
                    "word": "생년월일(월): 05",
                    "start": 35,
                    "end": 46,
                    "label": "준식별자"
                }
            ]
        },
        {
            "sentence": "DDEX 피드 샘플: 파일명 ddex_feed_20251231.xml, 매핑 규칙: non-standard 필드 'artist_alias'는 registry_artist_name으로 정규화합니다.",
            "id": "sample_092_0009_000018",
            "annotations": []
        },
        {
            "sentence": "비표준 매핑 규칙: 레이블 CSV 'label_owner_id' -> 표준 owner_id 매핑, PRO 코드와 내부 레이블코드의 매핑 테이블은 변경이력과 함께 버전 관리합니다.",
            "id": "sample_092_0009_000019",
            "annotations": []
        },
        {
            "sentence": "실시간 파이프라인: 스트리밍 로그는 Kafka 토픽에서 실시간 집계되며 지연시간(SLA)은 초 단위로, 정합성 리스크는 집계 중복과 이벤트 지연입니다.",
            "id": "sample_092_0009_000020",
            "annotations": []
        },
        {
            "sentence": "배치 정산 파이프라인: 월별 정산은 배치로 처리하고, 소급 조정은 correction 로그로 별도 취합하여 버전 및 감사 이력을 유지합니다.",
            "id": "sample_092_0009_000021",
            "annotations": []
        },
        {
            "sentence": "반올림 정책 및 잔액 처리: 분배비율은 소수점 둘째 자리까지 반올림하고 합계가 100.00 미만인 경우 잔액을 레이블 소유자에게 이월합니다.",
            "id": "sample_092_0009_000022",
            "annotations": []
        },
        {
            "sentence": "통화 변환 히스토리: 적용일 2025-12-31, base_currency: USD, target_currency: KRW, rate: 1200.00, 환율참조문서: FX-ECB-20251231.",
            "id": "sample_092_0009_000023",
            "annotations": []
        },
        {
            "sentence": "세금 및 공제 예시: 원천징수 3.3%, tax_document_id: TAX-20251231-XYZ, 원천징수 후 지급액 및 증빙은 정산 레포트에 링크됩니다.",
            "id": "sample_092_0009_000024",
            "annotations": [
                {
                    "word": "TAX-20251231-XYZ",
                    "start": 40,
                    "end": 56,
                    "label": "기밀정보"
                }
            ]
        },
        {
            "sentence": "지급 원장 샘플: 은행 가상은행, 계좌번호: ****-****-1234 (암호화 저장), 지급상태: COMPLETED, 지급일: 2026-01-15.",
            "id": "sample_092_0009_000025",
            "annotations": [
                {
                    "word": "****-****-1234",
                    "start": 25,
                    "end": 39,
                    "label": "기밀정보"
                }
            ]
        },
        {
            "sentence": "접근 통제 및 암호화: 계약서 DOC-0009-CONTRACT는 전사 암호화 정책에 따라 접근 권한이 부여되며 로그가 기록됩니다.",
            "id": "sample_092_0009_000026",
            "annotations": [
                {
                    "word": "DOC-0009-CONTRACT",
                    "start": 17,
                    "end": 34,
                    "label": "기밀정보"
                }
            ]
        },
        {
            "sentence": "레지스트리 예시: 퍼블리셔 등록 정보에는 주소 수준으로 서울특별시 종로구가 포함되며 지역별 요율 매핑에 사용됩니다.",
            "id": "sample_092_0009_000027",
            "annotations": [
                {
                    "word": "서울특별시 종로구",
                    "start": 31,
                    "end": 40,
                    "label": "준식별자"
                }
            ]
        },
        {
            "sentence": "계약 승인 담당자: 원예련이 계약을 승인하였으며 승인일은 2025-12-05로 기록되어 있습니다.",
            "id": "sample_092_0009_000028",
            "annotations": [
                {
                    "word": "원예련",
                    "start": 11,
                    "end": 14,
                    "label": "개인정보"
                },
                {
                    "word": "2025-12-05",
                    "start": 32,
                    "end": 42,
                    "label": "준식별자"
                }
            ]
        },
        {
            "sentence": "담당자 연락처(마스킹): 승인자 이메일 wonye***@example.com, 내부 연락처 02-****-5678(마스킹)로 저장됩니다.",
            "id": "sample_092_0009_000029",
            "annotations": [
                {
                    "word": "wonye***@example.com",
                    "start": 22,
                    "end": 42,
                    "label": "개인정보"
                },
                {
                    "word": "02-****-5678",
                    "start": 51,
                    "end": 63,
                    "label": "개인정보"
                }
            ]
        },
        {
            "sentence": "결론 및 권고사항: 샘플 데이터는 표준화 규약을 따르며 실제 운영 적용 전 보안 및 프라이버시 검토를 권장합니다.",
            "id": "sample_092_0009_000030",
            "annotations": []
        }
    ]
}