{
    "document_id": "092_0029",
    "document_title": "음악 권리 및 로열티 종합 정산·감사 보고서 샘플",
    "data": [
        {
            "sentence": "본 문서는 음악 권리 및 로열티 관리(Music Rights & Royalty Management) 시스템의 샘플 정산·감사 문서로서 내부 검증 및 파이프라인 설계 검증용으로 작성되었습니다.",
            "id": "sample_092_0029_000001",
            "annotations": []
        },
        {
            "sentence": "문서 범위는 곡/녹음 메타데이터, 권리자 레지스트리, 스플릿 시트, 라이선스 계약, 사용 로그, 정산서, 지급 레포트, 수정요청·분쟁 기록 및 감사 로그를 포함합니다.",
            "id": "sample_092_0029_000002",
            "annotations": []
        },
        {
            "sentence": "외부 표준 우선 적용 원칙을 채택하며 DDEX, ISRC, ISWC 및 ISO 날짜·통화 코드 표준을 기본으로 비표준 포맷은 정규화 매핑 규칙으로 변환합니다.",
            "id": "sample_092_0029_000003",
            "annotations": []
        },
        {
            "sentence": "문서에는 권리의 계층성(composition vs master)을 분리하여 저장한 예시와, 각 권리에 연결된 권리 보유자 및 요율을 명확히 매핑한 샘플 레코드를 포함합니다.",
            "id": "sample_092_0029_000004",
            "annotations": []
        },
        {
            "sentence": "권리 등록 담당자 신승택(마스킹: 신**택)의 내부 연락처는 010-****-1234로 마스킹 저장되어 있으며 외부 전송 시에는 암호화 토큰화 절차를 적용합니다.",
            "id": "sample_092_0029_000005",
            "annotations": [
                {
                    "word": "신**택",
                    "start": 19,
                    "end": 23,
                    "label": "개인정보"
                },
                {
                    "word": "010-****-1234",
                    "start": 34,
                    "end": 47,
                    "label": "개인정보"
                }
            ]
        },
        {
            "sentence": "연락용 이메일도 마스킹되어 shtae****@masked.example 형태로 저장되며 원자료 전송은 SFTP 및 암호화 키 관리시스템(KMS)을 통해서만 가능합니다.",
            "id": "sample_092_0029_000006",
            "annotations": [
                {
                    "word": "shtae****@masked.example",
                    "start": 15,
                    "end": 39,
                    "label": "개인정보"
                }
            ]
        },
        {
            "sentence": "내부 사번은 사번: EMP-****09 형식으로 마스킹하여 인사 연동 레지스트리에 보관하고 열람 시 최소 권한 원칙을 적용합니다.",
            "id": "sample_092_0029_000007",
            "annotations": [
                {
                    "word": "EMP-****09",
                    "start": 11,
                    "end": 21,
                    "label": "개인정보"
                }
            ]
        },
        {
            "sentence": "권리자 준식별자 예시로 생년월일은 1985-05-XX 형식으로 부분 마스킹하여 통계적 익명성 확보 후 프로파일링 용도로 사용합니다.",
            "id": "sample_092_0029_000008",
            "annotations": [
                {
                    "word": "1985-05-XX",
                    "start": 19,
                    "end": 29,
                    "label": "준식별자"
                }
            ]
        },
        {
            "sentence": "주소는 시/군/구 단위로 분리 저장하며 본 샘플에는 서울특별시 강남구 항목이 포함되어 있어 준식별자 규칙을 따릅니다.",
            "id": "sample_092_0029_000009",
            "annotations": [
                {
                    "word": "서울특별시 강남구",
                    "start": 29,
                    "end": 38,
                    "label": "준식별자"
                }
            ]
        },
        {
            "sentence": "국적 정보는 준식별자로 분류하여 국적: 대한민국으로 표기하되 외부 공유 시 집계 레벨로만 공개합니다.",
            "id": "sample_092_0029_000010",
            "annotations": [
                {
                    "word": "국적: 대한민국",
                    "start": 18,
                    "end": 26,
                    "label": "준식별자"
                }
            ]
        },
        {
            "sentence": "대표 메타데이터 예시는 ISRC: KRABC2000001, ISRC: USXYZ2101234, ISWC: T-123.456.789-0, UPC: 123456789012 형식의 유효한 식별자 예시를 포함합니다.",
            "id": "sample_092_0029_000011",
            "annotations": []
        },
        {
            "sentence": "Composition 권리의 스플릿 예시는 작사·작곡 분리로 허**찬(작곡) 33.33%, 류**로(작곡) 33.33%, 손**인(작사) 33.34%로 소수점 둘째 자리까지 반올림하고 잔액은 마지막 권리자에게 할당합니다.",
            "id": "sample_092_0029_000012",
            "annotations": [
                {
                    "word": "허**찬",
                    "start": 34,
                    "end": 38,
                    "label": "개인정보"
                },
                {
                    "word": "류**로",
                    "start": 51,
                    "end": 55,
                    "label": "개인정보"
                },
                {
                    "word": "손**인",
                    "start": 68,
                    "end": 72,
                    "label": "개인정보"
                }
            ]
        },
        {
            "sentence": "Master 권리의 소유권 및 분배 예시는 레이블 민**화 60.00%, 퍼블리셔 주**승 40.00%로 별도 테이블에 분리 저장하여 composition 레이어와 충돌이 없도록 설계합니다.",
            "id": "sample_092_0029_000013",
            "annotations": [
                {
                    "word": "민**화",
                    "start": 28,
                    "end": 32,
                    "label": "개인정보"
                },
                {
                    "word": "주**승",
                    "start": 46,
                    "end": 50,
                    "label": "개인정보"
                }
            ]
        },
        {
            "sentence": "라이선스 계약서는 라이선스 유형(동기화·기계적·공연권 등), 영토, 기간, 배타성 여부 및 레이트시트(rate table) 참조 ID(CONTRACT-2025-001)를 포함하여 버전관리합니다.",
            "id": "sample_092_0029_000014",
            "annotations": []
        },
        {
            "sentence": "사용 로그 수집은 DSP 제공 리포트, 라디오 큐시트, 공연 리포트 등 복수 소스로부터 수집하며 source_system과 원자료 reference_document_id를 각 레코드에 반드시 기록합니다.",
            "id": "sample_092_0029_000015",
            "annotations": []
        },
        {
            "sentence": "사용 로그 예시: source_system=DSP_A, reference_document_id=DDEX_20260101_0001, play_count=12345, territory=KR, usage_type=streaming 형태로 집계됩니다.",
            "id": "sample_092_0029_000016",
            "annotations": []
        },
        {
            "sentence": "지급 레포트 예시에는 지급액, 수수료·세금 공제항목, 지급일, 지급통화 및 수취인 마스킹된 계좌 정보가 포함되며 계좌번호는 계좌번호: 12****3456 형식으로 암호화 저장됩니다.",
            "id": "sample_092_0029_000017",
            "annotations": [
                {
                    "word": "계좌번호: 12****3456",
                    "start": 69,
                    "end": 85,
                    "label": "기밀정보"
                }
            ]
        },
        {
            "sentence": "다국적 정산을 위해 지급 통화(currency)와 적용 환율(exchange_rate)을 기록하며 환율 적용일(exchange_rate_date)은 2026-01-15 형식으로 표기합니다.",
            "id": "sample_092_0029_000018",
            "annotations": []
        },
        {
            "sentence": "세금·원천징수 계산 내역은 tax_document_id=TAX-2026-004와 함께 보관하며 세율 적용 근거와 공제 금액을 감사 추적 필드에 남깁니다.",
            "id": "sample_092_0029_000019",
            "annotations": []
        },
        {
            "sentence": "감사 추적 로그에는 이벤트ID, 타임스탬프, 변경자 ID(마스킹), 변경전·후 값, source_system, reference_document_id를 포함하여 완전한 증빙 라인을 제공합니다.",
            "id": "sample_092_0029_000020",
            "annotations": []
        },
        {
            "sentence": "KYC 관련 내부 식별자는 KYC-2024-009로 표기하며 KYC 문서는 기밀정보로 분류되어 접근통제를 통해서만 열람 가능합니다.",
            "id": "sample_092_0029_000021",
            "annotations": [
                {
                    "word": "KYC-2024-009",
                    "start": 15,
                    "end": 27,
                    "label": "기밀정보"
                }
            ]
        },
        {
            "sentence": "소급 조정·분쟁 시뮬레이션 예시로 dispute_id=DISP-2025-0007, correction_reason=LateReportAdjustment 코드와 함께 정합성 복구 절차를 로그에 기록합니다.",
            "id": "sample_092_0029_000022",
            "annotations": [
                {
                    "word": "DISP-2025-0007",
                    "start": 30,
                    "end": 44,
                    "label": "기밀정보"
                }
            ]
        },
        {
            "sentence": "중복보고 탐지 및 처리 로직은 reference_document_id 비교, usage fingerprinting, 중복 마킹 후 재계산 워크플로우를 통해 자동화됩니다.",
            "id": "sample_092_0029_000023",
            "annotations": []
        },
        {
            "sentence": "비표준 소스 매핑 규칙: 레이블 CSV의 TrackID -> ISRC, 퍼블리셔 피드의 WorkCode -> ISWC로 매핑하며 매핑 실패 시 에러 코드 MAP-ERR-01을 생성합니다.",
            "id": "sample_092_0029_000024",
            "annotations": []
        },
        {
            "sentence": "실시간 집계(스트리밍 로그)는 낮은 레이턴시를 우선하되 정합성 희생 가능성을 문서화하고, 배치 정산(월/분기)은 완전한 소스 검증과 보정이 가능한 프로세스로 분리합니다.",
            "id": "sample_092_0029_000025",
            "annotations": []
        },
        {
            "sentence": "소수점 반올림 정책은 소수점 둘째 자리까지 반올림(ROUND_HALF_UP)을 적용하며 잔액은 마지막 분배 대상자에게 배분하여 스플릿 합계가 항상 100.00%가 되도록 합니다.",
            "id": "sample_092_0029_000026",
            "annotations": []
        },
        {
            "sentence": "데이터 보존 및 암호화 정책에 따라 개인정보는 마스킹 또는 KMS 기반 암호화 형태로만 저장하며 원본 노출 없이 감사만 가능하도록 로그를 설계합니다.",
            "id": "sample_092_0029_000027",
            "annotations": []
        },
        {
            "sentence": "접근통제는 최소 권한 원칙을 적용하며 권한 부여 로그는 별도 감사 테이블에 기록되어 보안 사고 발생 시 추적 가능해야 합니다.",
            "id": "sample_092_0029_000028",
            "annotations": []
        },
        {
            "sentence": "샘플 DDEX/CSV 메타데이터 피드는 track_title, artist, isrc, iswc, upc, splits, source_system, reference_document_id 순으로 구성되어 들어오며 스키마는 버전 관리됩니다.",
            "id": "sample_092_0029_000029",
            "annotations": []
        },
        {
            "sentence": "결론 및 실행 항목으로 스플릿 검증 자동화, 매핑 룰 테스트 케이스 확장, 민감정보 암호화 정책 재점검, 그리고 분쟁·수정 워크플로우의 SLA 정의를 제안합니다.",
            "id": "sample_092_0029_000030",
            "annotations": []
        },
        {
            "sentence": "문서 최종 승인자는 오해빈(마스킹: 오해**)으로 표기되며 승인 로그는 승인자 마스킹 ID와 타임스탬프를 포함하여 감사 테이블에 보관됩니다.",
            "id": "sample_092_0029_000031",
            "annotations": [
                {
                    "word": "오해**",
                    "start": 20,
                    "end": 24,
                    "label": "개인정보"
                }
            ]
        }
    ]
}