{
    "document_id": "092_0047",
    "document_title": "음악 권리·로열티 통합 정산 및 감사 레코드",
    "data": [
        {
            "sentence": "본 문서는 음악 권리 및 로열티 관리 시스템의 통합 정산·감사 레코드 샘플을 제공합니다.",
            "id": "sample_092_0047_000001",
            "annotations": []
        },
        {
            "sentence": "문서는 작품 메타데이터, 권리자 레지스트리, 스플릿 시트, 사용 로그, 정산·지급 레포트, 수정·분쟁 기록을 포함합니다.",
            "id": "sample_092_0047_000002",
            "annotations": []
        },
        {
            "sentence": "메타데이터 샘플: ISRC(표준 검증): USRC11900001, ISWC(표준 형식): T-000.000.001-0, UPC: 012345678901.",
            "id": "sample_092_0047_000003",
            "annotations": []
        },
        {
            "sentence": "ISRC는 12자 알파뉴메릭 규격을 엄격히 검증하며, 비표준 입력은 수집 단계에서 거부 또는 정규화합니다.",
            "id": "sample_092_0047_000004",
            "annotations": []
        },
        {
            "sentence": "스플릿 정책은 composition 권리와 master 권리를 분리하여 저장하며 각각 별도의 분배 배열을 유지합니다.",
            "id": "sample_092_0047_000005",
            "annotations": []
        },
        {
            "sentence": "반올림 정책: 분배 비율은 소수점 둘째 자리까지 반올림하며 반올림 오차 발생 시 잔액은 우선순위가 가장 낮은 수령자에게 배분합니다.",
            "id": "sample_092_0047_000006",
            "annotations": []
        },
        {
            "sentence": "Composition split 예시: 신윤태 60.25%, 손미소 39.75%로 합계 100.00%를 만족하도록 기록합니다.",
            "id": "sample_092_0047_000007",
            "annotations": [
                {
                    "word": "신윤태",
                    "start": 22,
                    "end": 25,
                    "label": "개인정보"
                },
                {
                    "word": "손미소",
                    "start": 34,
                    "end": 37,
                    "label": "개인정보"
                }
            ]
        },
        {
            "sentence": "Master split 예시: 레이블 A(권리자: 나다빈) 70.00%, 아티스트(권리자: 전만수) 30.00%로 별도 계층에 저장합니다.",
            "id": "sample_092_0047_000008",
            "annotations": [
                {
                    "word": "나다빈",
                    "start": 28,
                    "end": 31,
                    "label": "개인정보"
                },
                {
                    "word": "전만수",
                    "start": 51,
                    "end": 54,
                    "label": "개인정보"
                }
            ]
        },
        {
            "sentence": "계약 레코드에는 라이선스 종류(동기화, 기계적, 공연권), 기간, 독점성, 영토, 비율 및 통화가 명시됩니다.",
            "id": "sample_092_0047_000009",
            "annotations": []
        },
        {
            "sentence": "사용 로그 예시에는 source_system과 reference_document_id가 반드시 포함되어 감사 추적성을 보장합니다.",
            "id": "sample_092_0047_000010",
            "annotations": []
        },
        {
            "sentence": "DSP 보고서 예: 재생수 1,234,567회, 지급 통화 USD, 환율 적용일 2025-01-15에 USD->KRW 1,200.50을 사용합니다.",
            "id": "sample_092_0047_000011",
            "annotations": [
                {
                    "word": "2025",
                    "start": 45,
                    "end": 49,
                    "label": "준식별자"
                },
                {
                    "word": "01",
                    "start": 50,
                    "end": 52,
                    "label": "준식별자"
                },
                {
                    "word": "15",
                    "start": 53,
                    "end": 55,
                    "label": "준식별자"
                }
            ]
        },
        {
            "sentence": "지급 레코드 예: 지급 수령자: 신윤태, 계좌(마스킹): ****-****-1234, 계좌_암호화: ENC(aes256:YWJjZGVm), 지급 통화: KRW.",
            "id": "sample_092_0047_000012",
            "annotations": [
                {
                    "word": "신윤태",
                    "start": 18,
                    "end": 21,
                    "label": "개인정보"
                },
                {
                    "word": "****-****-1234",
                    "start": 32,
                    "end": 46,
                    "label": "기밀정보"
                },
                {
                    "word": "ENC(aes256:YWJjZGVm)",
                    "start": 56,
                    "end": 76,
                    "label": "기밀정보"
                }
            ]
        },
        {
            "sentence": "정산서에는 총액, 원천징수(세율), 수수료 공제 내역과 순지급액, 지급일 및 지급자·수령자 KYC 참조가 포함됩니다.",
            "id": "sample_092_0047_000013",
            "annotations": []
        },
        {
            "sentence": "모든 사용 로그와 지급 레코드는 source_system 및 reference_document_id를 포함하여 버전별 변경이력을 남깁니다.",
            "id": "sample_092_0047_000014",
            "annotations": []
        },
        {
            "sentence": "분쟁 기록 예: dispute_id DSP_2025_00021, correction_reason: late_report_adjustment, 원자료 참조 REF_DSP_20250131_001.",
            "id": "sample_092_0047_000015",
            "annotations": []
        },
        {
            "sentence": "중복보고로 인한 소급 조정은 correction_reason 코드와 수정 전후 밸런스를 모두 보관합니다.",
            "id": "sample_092_0047_000016",
            "annotations": []
        },
        {
            "sentence": "비표준 필드의 정규화 맵핑 규칙: 레이블·퍼블리셔 필드 매핑, 저작자 명칭 표준화, DDEX 필드 대체 규칙을 문서화합니다.",
            "id": "sample_092_0047_000017",
            "annotations": []
        },
        {
            "sentence": "수집 단계에서 ISRC/ISWC 형식 검증 실패 시 거부 사유와 변환 룰을 기록하여 재처리 파이프라인에서 추적 가능하게 합니다.",
            "id": "sample_092_0047_000018",
            "annotations": []
        },
        {
            "sentence": "실시간(스트리밍 로그) 파이프라인은 지연과 비용 제약으로 근사치를 사용하며 배치(월별/분기별) 정산 파이프라인과 분리하여 설계합니다.",
            "id": "sample_092_0047_000019",
            "annotations": []
        },
        {
            "sentence": "실시간 집계는 최종 정합성 리스크가 있으므로 배치 정산에서 재조정과 소급 반영 절차를 명시합니다.",
            "id": "sample_092_0047_000020",
            "annotations": []
        },
        {
            "sentence": "PRO 등록 및 영토별 요율은 국가 코드와 사용 유형별 테이블로 관리하며, 요율 변경 이력도 보관합니다.",
            "id": "sample_092_0047_000021",
            "annotations": []
        },
        {
            "sentence": "KYC 및 계약 상 민감정보는 접근 제어와 암호화 전용 영역에 저장하며 KYC 데이터 예: ENC(aes256:QmFzZTY0ZW5j)로 처리합니다.",
            "id": "sample_092_0047_000022",
            "annotations": [
                {
                    "word": "ENC(aes256:QmFzZTY0ZW5j)",
                    "start": 51,
                    "end": 75,
                    "label": "기밀정보"
                }
            ]
        },
        {
            "sentence": "담당자 연락처 예시: 담당자: 나다빈, 이메일(마스킹): n****@masked.example, 전화(마스킹): 010-****-5678로 내부 참조합니다.",
            "id": "sample_092_0047_000023",
            "annotations": [
                {
                    "word": "나다빈",
                    "start": 17,
                    "end": 20,
                    "label": "개인정보"
                },
                {
                    "word": "n****@masked.example",
                    "start": 32,
                    "end": 52,
                    "label": "개인정보"
                },
                {
                    "word": "010-****-5678",
                    "start": 63,
                    "end": 76,
                    "label": "개인정보"
                }
            ]
        },
        {
            "sentence": "수령자 주소 기록은 시/군/구 단위로 분리 저장 예: 서울특별시, 강남구, 역삼동으로 준식별자 규칙을 적용합니다.",
            "id": "sample_092_0047_000024",
            "annotations": [
                {
                    "word": "서울특별시",
                    "start": 30,
                    "end": 35,
                    "label": "준식별자"
                },
                {
                    "word": "강남구",
                    "start": 37,
                    "end": 40,
                    "label": "준식별자"
                },
                {
                    "word": "역삼동",
                    "start": 42,
                    "end": 45,
                    "label": "준식별자"
                }
            ]
        },
        {
            "sentence": "로그 수집 서버 관련 메타정보는 내부 식별자 및 IP로 기록됩니다 예: 내부 IP 10.10.20.30, 파일경로 /var/logs/ddex_feed.log.",
            "id": "sample_092_0047_000025",
            "annotations": [
                {
                    "word": "10.10.20.30",
                    "start": 46,
                    "end": 57,
                    "label": "기밀정보"
                },
                {
                    "word": "/var/logs/ddex_feed.log",
                    "start": 64,
                    "end": 87,
                    "label": "기밀정보"
                }
            ]
        },
        {
            "sentence": "DDEX 피드 샘플 파일명: DDEX_FEED_20250131.xml, 행 식별자 row_id: R_00012345, 원자료 연계성을 유지합니다.",
            "id": "sample_092_0047_000026",
            "annotations": []
        },
        {
            "sentence": "대사 및 정산 조치 예시: 지급자: 전만수, 연락처(마스킹): 010-****-6789, 조정 내역과 승인 로그를 보관합니다.",
            "id": "sample_092_0047_000027",
            "annotations": [
                {
                    "word": "전만수",
                    "start": 20,
                    "end": 23,
                    "label": "개인정보"
                },
                {
                    "word": "010-****-6789",
                    "start": 35,
                    "end": 48,
                    "label": "개인정보"
                }
            ]
        },
        {
            "sentence": "감사 종료 요약에는 수정된 항목, 소급 반영액, 관련 문서 ID와 담당자 서명이 포함됩니다.",
            "id": "sample_092_0047_000028",
            "annotations": []
        },
        {
            "sentence": "규정 준수 및 보유 기간: 원자료는 최소 7년 보관하며 접근 기록과 감사 로그를 함께 유지합니다.",
            "id": "sample_092_0047_000029",
            "annotations": []
        },
        {
            "sentence": "승인 서명(샘플): 승인: 조여린 (검토 완료), 모든 변경은 사용자별 감사 로그에 기록됩니다.",
            "id": "sample_092_0047_000030",
            "annotations": [
                {
                    "word": "조여린",
                    "start": 15,
                    "end": 18,
                    "label": "개인정보"
                }
            ]
        }
    ]
}