{
    "document_id": "092_0014",
    "document_title": "음악 권리 및 로열티 정산 감사 샘플 레코드",
    "data": [
        {
            "sentence": "문서 개요: 본 문서는 음악 권리 및 로열티 관리에 관한 종합 감사용 샘플 문서입니다.",
            "id": "sample_092_0014_000001",
            "annotations": []
        },
        {
            "sentence": "목적: 권리 소유자 등록, 사용 보고, 정산, 지급 및 분쟁 추적의 표준화된 데이터 형식을 제공합니다.",
            "id": "sample_092_0014_000002",
            "annotations": []
        },
        {
            "sentence": "곡 및 녹음 메타데이터 표준을 준수하며 주요 식별자는 ISRC, ISWC, UPC를 사용합니다.",
            "id": "sample_092_0014_000003",
            "annotations": []
        },
        {
            "sentence": "작품(composition) 권리 보유자 예시: 작사자 구**희 지분 60.00%.",
            "id": "sample_092_0014_000004",
            "annotations": [
                {
                    "word": "구**희",
                    "start": 31,
                    "end": 35,
                    "label": "개인정보"
                }
            ]
        },
        {
            "sentence": "작품(composition) 공동저작자 예시: 작곡가 우**은 지분 40.00%.",
            "id": "sample_092_0014_000005",
            "annotations": [
                {
                    "word": "우**은",
                    "start": 30,
                    "end": 34,
                    "label": "개인정보"
                }
            ]
        },
        {
            "sentence": "마스터(master) 권리 보유자 예시: 퍼블리셔 유**원 70.00% 및 레이블 파트너 윤**건 30.00%.",
            "id": "sample_092_0014_000006",
            "annotations": [
                {
                    "word": "유**원",
                    "start": 28,
                    "end": 32,
                    "label": "개인정보"
                },
                {
                    "word": "윤**건",
                    "start": 50,
                    "end": 54,
                    "label": "개인정보"
                }
            ]
        },
        {
            "sentence": "식별자 예시: ISRC USABC2100001, ISWC T-123.456.789-0, UPC 012345678905.",
            "id": "sample_092_0014_000007",
            "annotations": []
        },
        {
            "sentence": "스플릿 합계는 항상 100.00%로 유지되며 소수점 둘째 자리까지 반올림합니다.",
            "id": "sample_092_0014_000008",
            "annotations": []
        },
        {
            "sentence": "반올림 정책: 소수점 셋째 자리에서 반올림(half up)하고 잔액은 리스트의 첫 번째 수취인에게 배정합니다.",
            "id": "sample_092_0014_000009",
            "annotations": []
        },
        {
            "sentence": "계약 요약: 동기화 라이선스는 비독점, 기간 2023-01-01부터 2025-12-31까지, 적용 영토는 KR 및 EU로 명시됩니다.",
            "id": "sample_092_0014_000010",
            "annotations": []
        },
        {
            "sentence": "사용 로그 예시: source_system=Streamify, reference_document_id=REF_20230131_0001, plays=125472.",
            "id": "sample_092_0014_000011",
            "annotations": []
        },
        {
            "sentence": "정산서 예시: 지급 수령자 구**희, 지급액 KRW 1,250,000, reference_document_id=SETTLE_20230228_0001, 지급수단 은행이체.",
            "id": "sample_092_0014_000012",
            "annotations": [
                {
                    "word": "구**희",
                    "start": 15,
                    "end": 19,
                    "label": "개인정보"
                }
            ]
        },
        {
            "sentence": "세금 및 수수료 항목은 별도 라인으로 기록하며 원천징수율과 수수료는 지급 레코드에 명시합니다.",
            "id": "sample_092_0014_000013",
            "annotations": []
        },
        {
            "sentence": "수령자 계좌(암호화): 유**원 계좌 [ENC:BK_0001], 지급 통화 USD, 환율 적용일 2023-12-31.",
            "id": "sample_092_0014_000014",
            "annotations": [
                {
                    "word": "유**원",
                    "start": 13,
                    "end": 17,
                    "label": "개인정보"
                },
                {
                    "word": "[ENC:BK_0001]",
                    "start": 21,
                    "end": 34,
                    "label": "기밀정보"
                }
            ]
        },
        {
            "sentence": "KYC 샘플(마스킹된 레지스트리): 우**은 생년월일 1985-07-23, 성별 여성, 신분증은 암호화 처리합니다.",
            "id": "sample_092_0014_000015",
            "annotations": [
                {
                    "word": "우**은",
                    "start": 20,
                    "end": 24,
                    "label": "개인정보"
                },
                {
                    "word": "1985",
                    "start": 30,
                    "end": 34,
                    "label": "준식별자"
                },
                {
                    "word": "07",
                    "start": 35,
                    "end": 37,
                    "label": "준식별자"
                },
                {
                    "word": "23",
                    "start": 38,
                    "end": 40,
                    "label": "준식별자"
                },
                {
                    "word": "여성",
                    "start": 45,
                    "end": 47,
                    "label": "준식별자"
                }
            ]
        },
        {
            "sentence": "주소(마스킹/분리): 허**진 시 서울특별시, 구 강남구, 동 역삼동으로 레코드에 분리 저장합니다.",
            "id": "sample_092_0014_000016",
            "annotations": [
                {
                    "word": "허**진",
                    "start": 12,
                    "end": 16,
                    "label": "개인정보"
                },
                {
                    "word": "서울특별시",
                    "start": 19,
                    "end": 24,
                    "label": "준식별자"
                },
                {
                    "word": "강남구",
                    "start": 28,
                    "end": 31,
                    "label": "준식별자"
                },
                {
                    "word": "역삼동",
                    "start": 35,
                    "end": 38,
                    "label": "준식별자"
                }
            ]
        },
        {
            "sentence": "연락처(마스킹): 휴대전화 010-****-1234는 접속 권한이 있는 담당자만 복호화 가능합니다.",
            "id": "sample_092_0014_000017",
            "annotations": [
                {
                    "word": "010-****-1234",
                    "start": 15,
                    "end": 28,
                    "label": "개인정보"
                }
            ]
        },
        {
            "sentence": "연락 이메일(마스킹): gdh***@example.com은 통신용으로만 사용하며 로그에 해시를 남깁니다.",
            "id": "sample_092_0014_000018",
            "annotations": [
                {
                    "word": "gdh***@example.com",
                    "start": 13,
                    "end": 31,
                    "label": "개인정보"
                }
            ]
        },
        {
            "sentence": "금융정보(마스킹): 계좌번호 ****-****-1234는 저장시 토큰화되어 원문은 별도 키 관리시스템에 보관됩니다.",
            "id": "sample_092_0014_000019",
            "annotations": [
                {
                    "word": "****-****-1234",
                    "start": 16,
                    "end": 30,
                    "label": "기밀정보"
                }
            ]
        },
        {
            "sentence": "시스템 보안 정보(기밀): 내부 서버 IP 10.0.0.5 및 접속 포트는 접속 로그에만 보관됩니다.",
            "id": "sample_092_0014_000020",
            "annotations": [
                {
                    "word": "10.0.0.5",
                    "start": 24,
                    "end": 32,
                    "label": "기밀정보"
                }
            ]
        },
        {
            "sentence": "파일 및 경로(기밀): 지급 파일 경로 /srv/secure/settlements/2023/pay_0001.csv는 접근 제어 하에 보관됩니다.",
            "id": "sample_092_0014_000021",
            "annotations": [
                {
                    "word": "/srv/secure/settlements/2023/pay_0001.csv",
                    "start": 22,
                    "end": 63,
                    "label": "기밀정보"
                }
            ]
        },
        {
            "sentence": "소급 조정 프로세스: correction_reason=late_report, adjusted_period=2022-Q4, adjustment_amount KRW 320,000.",
            "id": "sample_092_0014_000022",
            "annotations": []
        },
        {
            "sentence": "분쟁 예시: dispute_id=DSP_DISP_00034, 상태=open, 원인 코드=duplicate_report로 처리흐름을 기록합니다.",
            "id": "sample_092_0014_000023",
            "annotations": []
        },
        {
            "sentence": "DDEX 및 비표준 매핑: 비표준 필드는 매핑 테이블 DDEX_MAP_V1을 통해 표준 필드로 정규화합니다.",
            "id": "sample_092_0014_000024",
            "annotations": []
        },
        {
            "sentence": "매핑 규칙 예: 'label_owner'->'rights_holder', 'song_title_alt'->'title' 등이며 변경 이력은 버전관리합니다.",
            "id": "sample_092_0014_000025",
            "annotations": []
        },
        {
            "sentence": "실시간(스트리밍) 파이프라인은 로그 수집 지연이 1~5분이며 배치 정산은 월별 집계로 최대 지연이 45일일 수 있습니다.",
            "id": "sample_092_0014_000026",
            "annotations": []
        },
        {
            "sentence": "결재 및 감사 로그: 박**윤 수령자 지급액 KRW 2,800,000 수취계좌 ****-****-5678, 감사 로그 ID AUD_20240115_009.",
            "id": "sample_092_0014_000027",
            "annotations": [
                {
                    "word": "박**윤",
                    "start": 12,
                    "end": 16,
                    "label": "개인정보"
                },
                {
                    "word": "****-****-5678",
                    "start": 44,
                    "end": 58,
                    "label": "기밀정보"
                }
            ]
        },
        {
            "sentence": "직원 식별 정보(마스킹): 사번 ****1234는 내부 결재 권한과 연결되어 있으며 외부로는 노출 금지입니다.",
            "id": "sample_092_0014_000028",
            "annotations": [
                {
                    "word": "****1234",
                    "start": 18,
                    "end": 26,
                    "label": "개인정보"
                }
            ]
        },
        {
            "sentence": "준식별자 예시: 직업 레이블 매니저는 시스템 내 집계에서 준식별자로 취급되어 가명처리 대상입니다.",
            "id": "sample_092_0014_000029",
            "annotations": [
                {
                    "word": "레이블 매니저",
                    "start": 12,
                    "end": 19,
                    "label": "준식별자"
                }
            ]
        },
        {
            "sentence": "결론 및 권고: 모든 민감데이터는 마스킹·토큰화·암호화하되 감사 추적을 유지하고 정기 감사를 권고합니다.",
            "id": "sample_092_0014_000030",
            "annotations": []
        }
    ]
}