{
    "document_id": "092_0099",
    "document_title": "음악 권리 및 로열티 정산 및 감사 샘플 문서",
    "data": [
        {
            "sentence": "소개: 본 문서는 음악 권리 및 로열티 관리 시스템의 샘플 감사 문서이며, 데이터 파이프라인 설계와 정산 규칙을 포함합니다.",
            "id": "sample_092_0099_000001",
            "annotations": []
        },
        {
            "sentence": "문서 범위는 곡·녹음 메타데이터(ISRC, ISWC, UPC), 권리 보유자 레지스트리, 사용 로그, 정산서 및 지급 레포트를 포괄합니다.",
            "id": "sample_092_0099_000002",
            "annotations": []
        },
        {
            "sentence": "메타데이터 샘플: ISRC=KRABC2000001, ISWC=T-000.000.001-0, UPC=012345678905; 식별자 포맷은 ISO·DDEX 규격을 준수합니다.",
            "id": "sample_092_0099_000003",
            "annotations": []
        },
        {
            "sentence": "ISRC와 ISWC의 유효성 검사는 수집 단계에서 자동화되며, 잘못된 식별자는 거부하고 소스에 정규화 오류 리포트를 생성합니다.",
            "id": "sample_092_0099_000004",
            "annotations": []
        },
        {
            "sentence": "작사·작곡 권리 보유자(Composition): 저자 가명 '정채환'이 주요 저작권자로 등록되어 있으며, 퍼블리셔 연결 정보가 레지스트리에 보관됩니다.",
            "id": "sample_092_0099_000005",
            "annotations": [
                {
                    "word": "정채환",
                    "start": 34,
                    "end": 37,
                    "label": "개인정보"
                }
            ]
        },
        {
            "sentence": "레코딩·마스터 권리 보유자(Master): 레이블 담당자 가명 '백봉준'이 권리 관리자 역할을 수행하도록 등록되어 있습니다.",
            "id": "sample_092_0099_000006",
            "annotations": [
                {
                    "word": "백봉준",
                    "start": 36,
                    "end": 39,
                    "label": "개인정보"
                }
            ]
        },
        {
            "sentence": "연락처(마스킹): 작가 정채환 이메일은 jch@****.example로 마스킹 저장되며 원본은 암호화된 KMS 참조로 별도 보관합니다.",
            "id": "sample_092_0099_000007",
            "annotations": [
                {
                    "word": "정채환",
                    "start": 13,
                    "end": 16,
                    "label": "개인정보"
                },
                {
                    "word": "jch@****.example",
                    "start": 22,
                    "end": 38,
                    "label": "개인정보"
                }
            ]
        },
        {
            "sentence": "수령자 연락처(마스킹): 레이블 담당자 전화번호는 010-****-1234로 마스킹되어 있으며 송금 전 확인 시 KYC 절차에 따라 복호화 권한이 필요합니다.",
            "id": "sample_092_0099_000008",
            "annotations": [
                {
                    "word": "010-****-1234",
                    "start": 28,
                    "end": 41,
                    "label": "개인정보"
                }
            ]
        },
        {
            "sentence": "지급정보(암호화): 수취 계좌는 ENC:acct:****1234 형태로 저장되며, 원본 계좌는 별도 HSM에 암호화 보관됩니다.",
            "id": "sample_092_0099_000009",
            "annotations": [
                {
                    "word": "ENC:acct:****1234",
                    "start": 18,
                    "end": 35,
                    "label": "기밀정보"
                }
            ]
        },
        {
            "sentence": "주소(준식별자 분리): 권리 보유자 주소는 서울특별시, 강남구 단위로 분리 저장하며 상세 주소는 마스킹합니다.",
            "id": "sample_092_0099_000010",
            "annotations": [
                {
                    "word": "서울특별시",
                    "start": 24,
                    "end": 29,
                    "label": "준식별자"
                },
                {
                    "word": "강남구",
                    "start": 31,
                    "end": 34,
                    "label": "준식별자"
                }
            ]
        },
        {
            "sentence": "정산 기간 및 적용일: 이번 정산의 기준일은 2025-01-31이며, 환율 적용일과 지급일은 명시적으로 기록됩니다.",
            "id": "sample_092_0099_000011",
            "annotations": [
                {
                    "word": "2025-01-31",
                    "start": 25,
                    "end": 35,
                    "label": "준식별자"
                }
            ]
        },
        {
            "sentence": "통화 및 환율: 정산 통화는 KRW, 지급 통화는 USD로 혼재할 경우 환율은 2025-01-15 기준 1 USD = 1,200 KRW로 적용합니다.",
            "id": "sample_092_0099_000012",
            "annotations": []
        },
        {
            "sentence": "환율 이력은 환율표(reference_rate_id=RR-20250115-0001)와 함께 기록되어 환전 적용일자와 소수점 처리 규칙을 감시합니다.",
            "id": "sample_092_0099_000013",
            "annotations": []
        },
        {
            "sentence": "KYC 및 문서 참조: KYC_ID는 ENC:KYC:ABCD1234로 암호화되어 저장되며, KYC 원본은 권한자만 열람 가능합니다.",
            "id": "sample_092_0099_000014",
            "annotations": [
                {
                    "word": "ENC:KYC:ABCD1234",
                    "start": 21,
                    "end": 37,
                    "label": "기밀정보"
                }
            ]
        },
        {
            "sentence": "내부 시스템 정보(기밀): 정산 파이프라인 구성 파일은 /srv/prod/royalties/confidential 경로로 관리되며 접근 제어가 적용됩니다.",
            "id": "sample_092_0099_000015",
            "annotations": [
                {
                    "word": "/srv/prod/royalties/confidential",
                    "start": 31,
                    "end": 63,
                    "label": "기밀정보"
                }
            ]
        },
        {
            "sentence": "분배 스플릿 예시(Composition): 작곡가 분배는 정채환 60.00%, 손준승 40.00%로 합계 100.00%이며 소수점 둘째 자리까지 반올림합니다.",
            "id": "sample_092_0099_000016",
            "annotations": [
                {
                    "word": "정채환",
                    "start": 32,
                    "end": 35,
                    "label": "개인정보"
                },
                {
                    "word": "손준승",
                    "start": 44,
                    "end": 47,
                    "label": "개인정보"
                }
            ]
        },
        {
            "sentence": "분배 스플릿 예시(Master): 마스터 레코딩 분배는 레이블 백봉준 70.00%, 퍼블리셔 장나혜 30.00%로 합계 100.00%입니다.",
            "id": "sample_092_0099_000017",
            "annotations": [
                {
                    "word": "백봉준",
                    "start": 35,
                    "end": 38,
                    "label": "개인정보"
                },
                {
                    "word": "장나혜",
                    "start": 52,
                    "end": 55,
                    "label": "개인정보"
                }
            ]
        },
        {
            "sentence": "반올림 정책: 소수점 둘째 자리까지 반올림하고 잔액은 레이블 측 계정에 이월하는 '잔액 처리 규칙'을 적용합니다.",
            "id": "sample_092_0099_000018",
            "annotations": []
        },
        {
            "sentence": "사용 로그(Streaming): source_system='Spotify' report_id=DSP-2025-001 reference_document_id=DSP_REF_0001으로 집계되며 원자료를 감사 트레일에 기록합니다.",
            "id": "sample_092_0099_000019",
            "annotations": []
        },
        {
            "sentence": "수입금 지급 레포트: 지급 실행 시 송금 레퍼런스와 함께 은행 라우팅 정보(암호화: ENC:bank:****)가 지급 레코드에 포함됩니다.",
            "id": "sample_092_0099_000020",
            "annotations": [
                {
                    "word": "ENC:bank:****",
                    "start": 47,
                    "end": 60,
                    "label": "기밀정보"
                }
            ]
        },
        {
            "sentence": "분쟁 및 소급 조정: dispute_id=DISP-2025-07, correction_reason='late report adjustment'가 정산 라인에 기록되어 트레이스 가능합니다.",
            "id": "sample_092_0099_000021",
            "annotations": []
        },
        {
            "sentence": "지급 수령인(가명): 수령인명 장나혜는 지급 레코드에 가명으로 등재되며, 실제 수령인 식별은 KYC 데시보드에서 권한자만 확인합니다.",
            "id": "sample_092_0099_000022",
            "annotations": [
                {
                    "word": "장나혜",
                    "start": 17,
                    "end": 20,
                    "label": "개인정보"
                }
            ]
        },
        {
            "sentence": "수령인 연락처(마스킹): 장나혜 이메일 jnh@****.example 및 전화 010-****-5678은 외부 노출값으로 마스킹되어 저장됩니다.",
            "id": "sample_092_0099_000023",
            "annotations": [
                {
                    "word": "장나혜",
                    "start": 14,
                    "end": 17,
                    "label": "개인정보"
                },
                {
                    "word": "jnh@****.example",
                    "start": 22,
                    "end": 38,
                    "label": "개인정보"
                },
                {
                    "word": "010-****-5678",
                    "start": 44,
                    "end": 57,
                    "label": "개인정보"
                }
            ]
        },
        {
            "sentence": "세금 및 수수료 공제: 지급 전 원천징수율과 국가별 세법 적용 내역은 지급 레포트에 분리 컬럼으로 저장됩니다.",
            "id": "sample_092_0099_000024",
            "annotations": []
        },
        {
            "sentence": "개인식별정보 저장 규칙: 주민등록번호 등 고유 식별자는 문서에 직접 기록하지 않으며, 테스트 데이터로는 마스킹된 '******-*******' 형태만 사용합니다.",
            "id": "sample_092_0099_000025",
            "annotations": [
                {
                    "word": "******-*******",
                    "start": 64,
                    "end": 78,
                    "label": "개인정보"
                }
            ]
        },
        {
            "sentence": "데이터 정규화 매핑: 비표준 DSP 필드명은 DDEX 표준으로 정규화하며 매핑 규칙은 변환 테이블(mapping_table_v1)을 참조합니다.",
            "id": "sample_092_0099_000026",
            "annotations": []
        },
        {
            "sentence": "파이프라인 설계: 실시간 스트리밍 로그는 Kafka 토픽으로 수집해 실시간 집계를 수행하고, 월별 배치 정산은 데이터 웨어하우스에서 정합성 검증 후 롤업합니다.",
            "id": "sample_092_0099_000027",
            "annotations": []
        },
        {
            "sentence": "지연·정합성 위험: 실시간 파이프라인은 데이터 지연과 이벤트 순서 문제에 취약하며, 배치 파이프라인은 소급 보정과 중복 보고 처리 비용이 증대됩니다.",
            "id": "sample_092_0099_000028",
            "annotations": []
        },
        {
            "sentence": "감사 추적: 모든 사용 로그와 지급 레코드는 source_system과 reference_document_id, 적용환율과 적용일을 함께 보관해 재현 가능한 감사 트레일을 제공합니다.",
            "id": "sample_092_0099_000029",
            "annotations": []
        },
        {
            "sentence": "결론 및 권고: 개인식별정보는 암호화·마스킹으로 처리하고, 권리 계층을 분리 관리하며, 소급 조정 정책과 분쟁 처리 절차를 문서화할 것을 권고합니다.",
            "id": "sample_092_0099_000030",
            "annotations": []
        }
    ]
}