{
    "document_id": "092_0035",
    "document_title": "음악 권리 및 로열티 정산 감사 로그 및 샘플 레코드",
    "data": [
        {
            "sentence": "본 문서는 음악 권리 및 로열티 관리 시스템의 감사 가능 샘플 데이터를 기술한 예시 파일입니다.",
            "id": "sample_092_0035_000001",
            "annotations": []
        },
        {
            "sentence": "문서는 메타데이터, 권리자 레지스트리, 스플릿 시트, 사용 로그, 정산서, 지급 레포트, 소급 조정 및 분쟁 기록을 포함합니다.",
            "id": "sample_092_0035_000002",
            "annotations": []
        },
        {
            "sentence": "메타데이터 예: 녹음 ISRC KRABC2100001, 작품 ISWC T-000.000.001-0, 앨범 UPC 012345678901로 표준화하여 저장합니다.",
            "id": "sample_092_0035_000003",
            "annotations": []
        },
        {
            "sentence": "권리 계층은 composition(작사·작곡)과 master(녹음)으로 분리하여 두 개의 레코드로 저장하고 서로 다른 소유자와 요율을 연결합니다.",
            "id": "sample_092_0035_000004",
            "annotations": []
        },
        {
            "sentence": "composition 권리 레코드에 참조된 ISWC와 master 권리 레코드에 참조된 ISRC는 상호 연동키로 사용하며 ID 유효성 검사를 통과해야 집계에 반영합니다.",
            "id": "sample_092_0035_000005",
            "annotations": []
        },
        {
            "sentence": "권리자 레지스트리(샘플): 작곡가 등록자 천창우, 퍼블리셔 등록자 류세림 등은 권리 유형에 따라 별도 엔티티로 관리됩니다.",
            "id": "sample_092_0035_000006",
            "annotations": [
                {
                    "word": "천창우",
                    "start": 23,
                    "end": 26,
                    "label": "개인정보"
                },
                {
                    "word": "류세림",
                    "start": 37,
                    "end": 40,
                    "label": "개인정보"
                }
            ]
        },
        {
            "sentence": "master 권리 보유자는 레이블로 분류하고 공개 레이블명과 내부 레이블 코드를 분리하여 저장하며, 공개명 예시로 체인뮤직을 사용합니다.",
            "id": "sample_092_0035_000007",
            "annotations": []
        },
        {
            "sentence": "스플릿 시트(작곡권): 천창우 50.00%, 임다니엘 30.00%, 퍼블리셔(류세림) 20.00%로 합계는 항상 100.00%로 저장됩니다.",
            "id": "sample_092_0035_000008",
            "annotations": [
                {
                    "word": "임다니엘",
                    "start": 25,
                    "end": 29,
                    "label": "개인정보"
                }
            ]
        },
        {
            "sentence": "소수점 반올림 정책: 분배 비율은 소수점 둘째 자리까지 반올림하고 잔액은 주된 권리 보유자에게 배분하는 규칙을 메타에 기록합니다.",
            "id": "sample_092_0035_000009",
            "annotations": []
        },
        {
            "sentence": "사용 로그 예시: source_system DSP-A, reference_document_id DSP-A_20241231_0001, 사용유형 streaming, 재생수 12500 건으로 수집됩니다.",
            "id": "sample_092_0035_000010",
            "annotations": []
        },
        {
            "sentence": "성능 보고서는 영토 및 사용유형 기준으로 집계되며, 국가별 요율 테이블과 매칭하여 수익을 계산합니다.",
            "id": "sample_092_0035_000011",
            "annotations": []
        },
        {
            "sentence": "정산 및 지급 레포트 예시: 지급 ID PAY-2024-0912-0007, 수령자 임다니엘, 수령자 계좌(마스킹) ****5678, 공시 금액 1,250.00 USD로 기록됩니다.",
            "id": "sample_092_0035_000012",
            "annotations": [
                {
                    "word": "****5678",
                    "start": 64,
                    "end": 72,
                    "label": "기밀정보"
                }
            ]
        },
        {
            "sentence": "세금·수수료 공제는 지급 레코드에 별도 항목으로 보관하고 원천징수율 및 세금 증빙 문서의 reference_document_id를 연결합니다.",
            "id": "sample_092_0035_000013",
            "annotations": []
        },
        {
            "sentence": "데이터 인제스트 감사 로그에는 source_system, ingest_timestamp, reference_document_id, ingested_by 서진이를 포함해 추적 가능한 체인을 유지합니다.",
            "id": "sample_092_0035_000014",
            "annotations": [
                {
                    "word": "서진이",
                    "start": 85,
                    "end": 88,
                    "label": "개인정보"
                }
            ]
        },
        {
            "sentence": "권리자 주소(예시)는 서울특별시, 강남구 단위로 저장하며 주소 필드는 시/군/구 단위로 분리하여 준식별자 관리 규칙을 적용합니다.",
            "id": "sample_092_0035_000015",
            "annotations": [
                {
                    "word": "서울특별시",
                    "start": 12,
                    "end": 17,
                    "label": "준식별자"
                },
                {
                    "word": "강남구",
                    "start": 19,
                    "end": 22,
                    "label": "준식별자"
                }
            ]
        },
        {
            "sentence": "등록자 천창우의 생년월일(분리 저장 규칙): 1985 / 04 / 12 (년 / 월 / 일)로 보관하되, 조회 시 준식별자 보호 정책을 적용합니다.",
            "id": "sample_092_0035_000016",
            "annotations": [
                {
                    "word": "1985",
                    "start": 25,
                    "end": 29,
                    "label": "준식별자"
                },
                {
                    "word": "04",
                    "start": 32,
                    "end": 34,
                    "label": "준식별자"
                },
                {
                    "word": "12",
                    "start": 37,
                    "end": 39,
                    "label": "준식별자"
                }
            ]
        },
        {
            "sentence": "개인 연락처 전송은 암호화 채널을 통해 진행하며 예시로 이메일 tch****@example.com, 휴대폰 010-****-1234는 마스킹 상태로만 저장됩니다.",
            "id": "sample_092_0035_000017",
            "annotations": [
                {
                    "word": "tch****@example.com",
                    "start": 35,
                    "end": 54,
                    "label": "개인정보"
                },
                {
                    "word": "010-****-1234",
                    "start": 60,
                    "end": 73,
                    "label": "개인정보"
                }
            ]
        },
        {
            "sentence": "계약서 메타데이터 예: 계약 ID LCN-2024-KR-0001, 라이선스 유형 동기화 비독점, 계약기간 2024-01-01 ~ 2026-12-31로 표준화합니다.",
            "id": "sample_092_0035_000018",
            "annotations": []
        },
        {
            "sentence": "내부 결재선 및 승인 정보는 기밀로 분류되며 예시로 내부 결재선: 승인자 이하담, 승인일 2024-02-15와 같이 내부 이력으로 남깁니다.",
            "id": "sample_092_0035_000019",
            "annotations": [
                {
                    "word": "이하담",
                    "start": 41,
                    "end": 44,
                    "label": "개인정보"
                },
                {
                    "word": "내부 결재선",
                    "start": 0,
                    "end": 6,
                    "label": "기밀정보"
                },
                {
                    "word": "내부 결재선",
                    "start": 29,
                    "end": 35,
                    "label": "기밀정보"
                }
            ]
        },
        {
            "sentence": "감사 로그의 물리적 저장 위치는 내부 기밀 경로로 표시하며 예시 경로 /var/internal/audit/royalty/2024/rec.log를 사용하여 접근 통제를 시연합니다.",
            "id": "sample_092_0035_000020",
            "annotations": [
                {
                    "word": "/var/internal/audit/royalty/2024/rec.log",
                    "start": 39,
                    "end": 79,
                    "label": "기밀정보"
                }
            ]
        },
        {
            "sentence": "소급 조정 사례 기록: correction_reason 'DSP 리포트 지연'으로 표시하고 dispute_id DISP-2024-0007에 정정 전후 라인을 연결합니다.",
            "id": "sample_092_0035_000021",
            "annotations": []
        },
        {
            "sentence": "통화 및 환율 기록: 지급 통화 KRW, 참조 통화 USD, 환율 1 USD = 1,200.00 KRW 적용일 2024-12-31로 환율 출처와 적용일을 명시합니다.",
            "id": "sample_092_0035_000022",
            "annotations": []
        },
        {
            "sentence": "영토별 배분 규칙: JP, KR, US 등 국가 코드로 분리하여 요율 테이블을 적용하고 지역별 집계와 지급 라인을 별도로 보관합니다.",
            "id": "sample_092_0035_000023",
            "annotations": []
        },
        {
            "sentence": "비표준 소스 매핑 규칙: DSP CSV 필드 'artist_name'은 DDEX 'PartyName'으로 매핑하고 비정형 필드는 정규화 룰셋으로 변환합니다.",
            "id": "sample_092_0035_000024",
            "annotations": []
        },
        {
            "sentence": "실시간 스트리밍 로그 파이프라인은 집계 지연과 중복 이벤트 위험을 문서화하고 배치 정산 파이프라인과 별도 버전 관리 및 조정 프로세스를 둡니다.",
            "id": "sample_092_0035_000025",
            "annotations": []
        },
        {
            "sentence": "증빙 자료 연결 규칙: 모든 지급 라인에는 reference_document_id, source_system, ingest_timestamp를 포함하여 감사 가능한 라인을 만듭니다.",
            "id": "sample_092_0035_000026",
            "annotations": []
        },
        {
            "sentence": "분쟁 해결 절차 예시: dispute_id DISP-2024-0007에 관련 증빙을 첨부하고 correction_reason을 명확히 기술하여 소급 정산을 트래킹합니다.",
            "id": "sample_092_0035_000027",
            "annotations": []
        },
        {
            "sentence": "송금 레포트 예시 상세: payment_id PAY-2024-0912-0007, 수취인 임다니엘(마스킹 ID ENC:UAXY...), 계좌 ****5678, 금액 1,250.00 USD로 기록됩니다.",
            "id": "sample_092_0035_000028",
            "annotations": [
                {
                    "word": "ENC:UAXY...",
                    "start": 61,
                    "end": 72,
                    "label": "기밀정보"
                }
            ]
        },
        {
            "sentence": "원천징수 항목은 별도 라인으로 보관하며 예시로 세율 10% 적용, 세금액 125.00 USD, 증빙 reference TAX-2024-0912-01로 연결합니다.",
            "id": "sample_092_0035_000029",
            "annotations": []
        },
        {
            "sentence": "결론 및 액션 아이템: ID 표준화, 스플릿 합계 검증 자동화, 스트리밍 실시간 집계의 중복 제거, 기밀 데이터 접근 통제 강화를 권고합니다.",
            "id": "sample_092_0035_000030",
            "annotations": []
        }
    ]
}