{
    "document_id": "092_0064",
    "document_title": "음악 권리 및 로열티 관리 표준 운영 및 감사 지침서",
    "data": [
        {
            "sentence": "이 문서는 음악 권리 및 로열티 관리의 감사 가능성, 식별자 유효성, 스플릿 규칙, 환율 추적 및 수정 이력 관리를 상세히 기술한 표준 운영 문서입니다.",
            "id": "sample_092_0064_000001",
            "annotations": []
        },
        {
            "sentence": "문서 ID 체계는 내부 도메인 코드와 문서 일련번호를 결합하여 사용하며, 예시 문서 식별자는 092_0064입니다.",
            "id": "sample_092_0064_000002",
            "annotations": []
        },
        {
            "sentence": "곡 메타데이터 항목은 ISRC, ISWC, UPC를 우선 수집하며, 예시 ISRC 값은 USRC17607839로 표준 12자 포맷을 준수합니다.",
            "id": "sample_092_0064_000003",
            "annotations": []
        },
        {
            "sentence": "작품 식별자 예시는 ISWC 형식으로 표기하며 예시 값 T-123.456.789-0을 사용해 국제 표준 서식을 따릅니다.",
            "id": "sample_092_0064_000004",
            "annotations": []
        },
        {
            "sentence": "음반 식별자는 UPC 012345678905와 같이 12자리 숫자 포맷으로 기록합니다.",
            "id": "sample_092_0064_000005",
            "annotations": []
        },
        {
            "sentence": "권리 계층은 composition(작사·작곡)과 master(녹음)으로 분리 저장하며, 각 계층에 별도 권리 보유자와 요율을 연결합니다.",
            "id": "sample_092_0064_000006",
            "annotations": []
        },
        {
            "sentence": "composition 소유권 예시는 채대근(권리보유자, 생년월일 1984-05-12)과 정지함(퍼블리셔)로 등록되어 있고, 두 사람의 역할과 계약 ID를 별도 필드로 관리합니다.",
            "id": "sample_092_0064_000007",
            "annotations": [
                {
                    "word": "채대근",
                    "start": 20,
                    "end": 23,
                    "label": "개인정보"
                },
                {
                    "word": "정지함",
                    "start": 49,
                    "end": 52,
                    "label": "개인정보"
                },
                {
                    "word": "1984-05-12",
                    "start": 36,
                    "end": 46,
                    "label": "준식별자"
                }
            ]
        },
        {
            "sentence": "master 소유권 예시는 안승훈(아티스트)과 이미화(레이블)로 표기하며, 레이블 계약 참조번호와 권리 분할을 연결합니다.",
            "id": "sample_092_0064_000008",
            "annotations": [
                {
                    "word": "안승훈",
                    "start": 15,
                    "end": 18,
                    "label": "개인정보"
                },
                {
                    "word": "이미화",
                    "start": 26,
                    "end": 29,
                    "label": "개인정보"
                }
            ]
        },
        {
            "sentence": "권리 분배 스플릿은 소수점 둘째 자리까지 반올림하며 합이 100%가 되도록 하고, 잔액 발생 시 최대 지분자에게 이월 처리합니다.",
            "id": "sample_092_0064_000009",
            "annotations": []
        },
        {
            "sentence": "예시 스플릿 시트: composition 총계 100.00%에서 채대근 60.00%, 정지함 40.00%로 합계 100.00%를 보장합니다.",
            "id": "sample_092_0064_000010",
            "annotations": [
                {
                    "word": "채대근",
                    "start": 36,
                    "end": 39,
                    "label": "개인정보"
                },
                {
                    "word": "정지함",
                    "start": 48,
                    "end": 51,
                    "label": "개인정보"
                }
            ]
        },
        {
            "sentence": "master 스플릿 예시: 안승훈 70.00%, 이미화 30.00%로 명시하며 반올림 정책은 분배 로직에 내장됩니다.",
            "id": "sample_092_0064_000011",
            "annotations": [
                {
                    "word": "안승훈",
                    "start": 15,
                    "end": 18,
                    "label": "개인정보"
                },
                {
                    "word": "이미화",
                    "start": 27,
                    "end": 30,
                    "label": "개인정보"
                }
            ]
        },
        {
            "sentence": "분배 비율 저장은 소수점 둘째 자리까지 기록하며 내부 합계 검증 로직으로 일관성을 보장합니다.",
            "id": "sample_092_0064_000012",
            "annotations": []
        },
        {
            "sentence": "사용 로그(usage)는 소스 시스템(source_system)과 원자료(reference_document_id)를 반드시 포함하여 감사 추적을 유지합니다.",
            "id": "sample_092_0064_000013",
            "annotations": []
        },
        {
            "sentence": "예시 사용 로그 항목: DSP 보고서, 재생수 1,234,567, 사용유형 streaming, source_system: DSP_XYZ, reference_document_id: DSP_XYZ_20240131_0001.",
            "id": "sample_092_0064_000014",
            "annotations": []
        },
        {
            "sentence": "정산 및 지급 레포트(payment)는 지급일, 금액, 통화(currency), 환율(exchange_rate) 및 환율 적용일(exchange_rate_date)을 포함합니다.",
            "id": "sample_092_0064_000015",
            "annotations": []
        },
        {
            "sentence": "예시 지급: 지급일 2024-02-28, 금액 10,000.00, currency: USD, exchange_rate: 1,200.50 KRW/USD, exchange_rate_date: 2024-02-28.",
            "id": "sample_092_0064_000016",
            "annotations": [
                {
                    "word": "2024-02-28",
                    "start": 11,
                    "end": 21,
                    "label": "준식별자"
                },
                {
                    "word": "2024-02-28",
                    "start": 105,
                    "end": 115,
                    "label": "준식별자"
                }
            ]
        },
        {
            "sentence": "지급 수령자 정보는 마스킹 처리하여 보관하며 예시 계좌는 계좌: ********1234로 표기하고 전체 계좌번호는 저장하지 않습니다.",
            "id": "sample_092_0064_000017",
            "annotations": [
                {
                    "word": "계좌: ********1234",
                    "start": 32,
                    "end": 48,
                    "label": "기밀정보"
                }
            ]
        },
        {
            "sentence": "수수료·세금 공제 내역은 공급자 ID와 세율을 명시하되, 개인 세부정보는 암호화하여 접근 통제를 적용합니다.",
            "id": "sample_092_0064_000018",
            "annotations": []
        },
        {
            "sentence": "KYC 참조는 내부 식별자 KYC-2024-001로 관리하며 KYC 관련 원자료는 기밀로 분류하여 접근 로그를 남깁니다.",
            "id": "sample_092_0064_000019",
            "annotations": [
                {
                    "word": "KYC-2024-001",
                    "start": 15,
                    "end": 27,
                    "label": "기밀정보"
                }
            ]
        },
        {
            "sentence": "소급 조정과 분쟁 처리에는 correction_reason 코드와 dispute_id를 포함하여 정합성 복구 절차를 추적 가능하게 기록합니다.",
            "id": "sample_092_0064_000020",
            "annotations": []
        },
        {
            "sentence": "예시 소급 조정 항목: reference_document_id DSP_XYZ_20231130_009, correction_reason: LATE_REPORT_ADJUST, dispute_id: DISP-2024-0007.",
            "id": "sample_092_0064_000021",
            "annotations": []
        },
        {
            "sentence": "DDEX 맵핑 규칙은 비표준 필드를 DDEX 표준 필드로 정규화하는 매핑 테이블을 포함하고, 매핑 로그를 감사에 남깁니다.",
            "id": "sample_092_0064_000022",
            "annotations": []
        },
        {
            "sentence": "파이프라인 설계는 실시간 스트리밍 로그 집계와 배치 정산(월간·분기) 파이프라인을 분리하여 각각의 지연·정합성 위험을 문서화합니다.",
            "id": "sample_092_0064_000023",
            "annotations": []
        },
        {
            "sentence": "실시간 파이프라인 위험: 메시지 지연, 누락, 중복 보고로 인한 합계 불일치 가능성이 있으며 보정 프로세스를 통해 이벤트 재처리를 수행합니다.",
            "id": "sample_092_0064_000024",
            "annotations": []
        },
        {
            "sentence": "배치 정산 위험: 소스 리포트 지연과 환율 변동으로 인한 금액 재계산이 발생할 수 있으며, 재계산 사유는 정산 이력에 기록됩니다.",
            "id": "sample_092_0064_000025",
            "annotations": []
        },
        {
            "sentence": "국가·사용유형별 요율 테이블에는 영토 코드(ISO 3166-1 alpha-2), 사용유형(streaming, radio, sync 등)과 요율을 분리하여 관리합니다.",
            "id": "sample_092_0064_000026",
            "annotations": []
        },
        {
            "sentence": "예시 레지스트리 연락처는 마스킹된 이메일 chae***@example.com 및 연락처 010-****-1234로 표시하며 원본은 암호화 저장됩니다.",
            "id": "sample_092_0064_000027",
            "annotations": [
                {
                    "word": "chae***@example.com",
                    "start": 23,
                    "end": 42,
                    "label": "개인정보"
                },
                {
                    "word": "010-****-1234",
                    "start": 49,
                    "end": 62,
                    "label": "개인정보"
                }
            ]
        },
        {
            "sentence": "주소 정보는 시/군/구 단위로 분리하여 저장하며 예시 주소는 서울특별시, 강남구, 상세주소는 암호화합니다.",
            "id": "sample_092_0064_000028",
            "annotations": [
                {
                    "word": "서울특별시",
                    "start": 34,
                    "end": 39,
                    "label": "준식별자"
                },
                {
                    "word": "강남구",
                    "start": 41,
                    "end": 44,
                    "label": "준식별자"
                }
            ]
        },
        {
            "sentence": "국적은 레지스트리 필드로 보관하며 예시 값은 대한민국으로 표기하고 국적은 준식별자 분류 규칙을 따릅니다.",
            "id": "sample_092_0064_000029",
            "annotations": [
                {
                    "word": "대한민국",
                    "start": 25,
                    "end": 29,
                    "label": "준식별자"
                }
            ]
        },
        {
            "sentence": "감사 로그 예시 항목에는 사용자 채대근의 액세스 이벤트, reference_document_id와 timestamp가 포함되며 로그는 불변의 WORM 저장소에 보관됩니다.",
            "id": "sample_092_0064_000030",
            "annotations": [
                {
                    "word": "채대근",
                    "start": 18,
                    "end": 21,
                    "label": "개인정보"
                }
            ]
        }
    ]
}