{
    "document_id": "040_0095",
    "document_title": "인사기록 및 인재관리 종합보고서(익명화 합성본)",
    "data": [
        {
            "sentence": "본 문서는 인사관리 및 인재관리 목적으로 생성된 합성 테스트용 인사기록 보고서입니다.",
            "id": "sample_040_0095_000001",
            "annotations": []
        },
        {
            "sentence": "보고서는 ATS, HRIS, Payroll, LMS 등 주요 시스템의 통합 데이터 스냅샷을 기반으로 작성되었습니다.",
            "id": "sample_040_0095_000002",
            "annotations": []
        },
        {
            "sentence": "직원 기본정보: 사번 EMP-040-0095-0001, 성명 남기준, 주민등록번호 해시 sha256$9b74c9897bac770ffc029102a200c5de.",
            "id": "sample_040_0095_000003",
            "annotations": [
                {
                    "word": "EMP-040-0095-0001",
                    "start": 12,
                    "end": 29,
                    "label": "개인정보"
                },
                {
                    "word": "남기준",
                    "start": 34,
                    "end": 37,
                    "label": "개인정보"
                },
                {
                    "word": "sha256$9b74c9897bac770ffc029102a200c5de",
                    "start": 49,
                    "end": 88,
                    "label": "개인정보"
                }
            ]
        },
        {
            "sentence": "성별: 남성, 생년월일: 1985-06-15, 주소: 서울특별시 강남구.",
            "id": "sample_040_0095_000004",
            "annotations": [
                {
                    "word": "남성",
                    "start": 4,
                    "end": 6,
                    "label": "준식별자"
                },
                {
                    "word": "1985-06-15",
                    "start": 14,
                    "end": 24,
                    "label": "준식별자"
                },
                {
                    "word": "서울특별시",
                    "start": 30,
                    "end": 35,
                    "label": "준식별자"
                },
                {
                    "word": "강남구",
                    "start": 36,
                    "end": 39,
                    "label": "준식별자"
                }
            ]
        },
        {
            "sentence": "연락처: 이메일 nam.gijun@synthetic.hr, 휴대전화 010-0000-0001(자료는 합성 처리되어 원본 식별자가 없습니다).",
            "id": "sample_040_0095_000005",
            "annotations": [
                {
                    "word": "nam.gijun@synthetic.hr",
                    "start": 9,
                    "end": 31,
                    "label": "개인정보"
                },
                {
                    "word": "010-0000-0001",
                    "start": 38,
                    "end": 51,
                    "label": "개인정보"
                }
            ]
        },
        {
            "sentence": "직무: Senior Software Engineer (SWE), 직급: Senior, 부서: R&D로 직무코드와 매핑되어 있습니다.",
            "id": "sample_040_0095_000006",
            "annotations": [
                {
                    "word": "Senior Software Engineer",
                    "start": 4,
                    "end": 28,
                    "label": "준식별자"
                },
                {
                    "word": "Senior",
                    "start": 4,
                    "end": 10,
                    "label": "준식별자"
                },
                {
                    "word": "Senior",
                    "start": 40,
                    "end": 46,
                    "label": "준식별자"
                },
                {
                    "word": "R&D",
                    "start": 52,
                    "end": 55,
                    "label": "준식별자"
                }
            ]
        },
        {
            "sentence": "직속상사: 정진구(사번 EMP-040-0095-000002)로 조직도에서 보고 라인이 검증됩니다.",
            "id": "sample_040_0095_000007",
            "annotations": [
                {
                    "word": "정진구",
                    "start": 6,
                    "end": 9,
                    "label": "개인정보"
                },
                {
                    "word": "EMP-040-0095-000002",
                    "start": 13,
                    "end": 32,
                    "label": "개인정보"
                }
            ]
        },
        {
            "sentence": "고용형태: 정규직, 입사일: 2018-03-01, 수습종료일: 2018-08-31, 현재 퇴직 예정 없음.",
            "id": "sample_040_0095_000008",
            "annotations": [
                {
                    "word": "2018-03-01",
                    "start": 16,
                    "end": 26,
                    "label": "준식별자"
                },
                {
                    "word": "2018-08-31",
                    "start": 35,
                    "end": 45,
                    "label": "준식별자"
                }
            ]
        },
        {
            "sentence": "퇴직사유: 해당 없음(N/A).",
            "id": "sample_040_0095_000009",
            "annotations": []
        },
        {
            "sentence": "기본급: KRW 6,500,000(월), 보너스 구조: 연간 성과연동 10%로 보상정책에 근거하여 산정됩니다.",
            "id": "sample_040_0095_000010",
            "annotations": [
                {
                    "word": "KRW 6,500,000",
                    "start": 5,
                    "end": 18,
                    "label": "기밀정보"
                },
                {
                    "word": "연간 성과연동 10%",
                    "start": 31,
                    "end": 42,
                    "label": "기밀정보"
                }
            ]
        },
        {
            "sentence": "스톡옵션 플랜: 없음, 급여계좌: 은행 신한, 계좌번호 ****-****-1234(테스트 데이터 마스킹 처리).",
            "id": "sample_040_0095_000011",
            "annotations": [
                {
                    "word": "****-****-1234",
                    "start": 31,
                    "end": 45,
                    "label": "기밀정보"
                }
            ]
        },
        {
            "sentence": "세금원천징수코드: TAX-KR-STD가 적용되며 급여시스템과 연동되어 세무처리가 자동화됩니다.",
            "id": "sample_040_0095_000012",
            "annotations": [
                {
                    "word": "TAX-KR-STD",
                    "start": 10,
                    "end": 20,
                    "label": "기밀정보"
                }
            ]
        },
        {
            "sentence": "근무시간 기본 스케줄: 09:00-18:00 주5일, 유연근무 및 초과근무 승인 프로세스가 적용됩니다.",
            "id": "sample_040_0095_000013",
            "annotations": []
        },
        {
            "sentence": "출근기록 샘플: 2025-01-03T09:02:00 출근, 2025-01-03T18:05:00 퇴근, 해당일 휴가유형 없음으로 처리됨.",
            "id": "sample_040_0095_000014",
            "annotations": [
                {
                    "word": "2025-01-03T09:02:00",
                    "start": 9,
                    "end": 28,
                    "label": "준식별자"
                },
                {
                    "word": "2025-01-03T18:05:00",
                    "start": 33,
                    "end": 52,
                    "label": "준식별자"
                }
            ]
        },
        {
            "sentence": "초과근무(월): 12.5 시간, 휴가잔여: 연차 12.0일, 병가 5.0일로 휴가잔액 규칙을 준수합니다.",
            "id": "sample_040_0095_000015",
            "annotations": []
        },
        {
            "sentence": "성과평가(2024-12-15): 평가자 장희경, 점수 4.2/5.0, 코멘트: 일정 준수 및 기술 리더십 우수.",
            "id": "sample_040_0095_000016",
            "annotations": [
                {
                    "word": "2024-12-15",
                    "start": 5,
                    "end": 15,
                    "label": "준식별자"
                },
                {
                    "word": "장희경",
                    "start": 22,
                    "end": 25,
                    "label": "개인정보"
                }
            ]
        },
        {
            "sentence": "역량매트릭스는 기술역량·리더십·커뮤니케이션 항목으로 구성되어 있으며 표준 직무코드에 매핑 중입니다.",
            "id": "sample_040_0095_000017",
            "annotations": []
        },
        {
            "sentence": "교육이력: 사내 정보보안 교육 완료(2024-12-15), 외부 과정 '고급분산시스템' 수료 기록 포함.",
            "id": "sample_040_0095_000018",
            "annotations": [
                {
                    "word": "2024-12-15",
                    "start": 20,
                    "end": 30,
                    "label": "준식별자"
                }
            ]
        },
        {
            "sentence": "자격증: 정보처리기사(취득연도 2010) 및 클라우드 인증 보유, 자격증 검증은 외부 DB와 대조 후 요약 보관됩니다.",
            "id": "sample_040_0095_000019",
            "annotations": []
        },
        {
            "sentence": "채용경로: LinkedIn 지원, 이력서 요약: '분산 시스템 설계 및 운영 경험 8년, 마이크로서비스 아키텍처 설계 주도'.",
            "id": "sample_040_0095_000020",
            "annotations": []
        },
        {
            "sentence": "면접점수: 기술면접 4.5, 인성면접 4.0, 종합점수 4.25로 내부 합격 기준을 충족했습니다.",
            "id": "sample_040_0095_000021",
            "annotations": []
        },
        {
            "sentence": "오퍼레터 ID: OFFER-040-0001, 계약서 문서ID: CONTRACT-040-9001, 관련 문서는 버전관리 하에 보관됩니다.",
            "id": "sample_040_0095_000022",
            "annotations": []
        },
        {
            "sentence": "징계이력: 없음, 승진이력: 2021-06-01에 주니어에서 시니어로 승진 기록이 있습니다.",
            "id": "sample_040_0095_000023",
            "annotations": [
                {
                    "word": "2021-06-01",
                    "start": 16,
                    "end": 26,
                    "label": "준식별자"
                }
            ]
        },
        {
            "sentence": "승계계획: 핵심 포지션 후보자로 분류되어 맞춤형 교육 및 멘토링 계획이 수립되어 있습니다.",
            "id": "sample_040_0095_000024",
            "annotations": []
        },
        {
            "sentence": "개인정보처리동의: 사용 목적 동의됨(true), 동의일 2018-02-28, 보관 및 삭제정책이 명시되어 있습니다.",
            "id": "sample_040_0095_000025",
            "annotations": [
                {
                    "word": "2018-02-28",
                    "start": 31,
                    "end": 41,
                    "label": "준식별자"
                }
            ]
        },
        {
            "sentence": "신원조회 결과: 배경검증통과(true), 형사처벌 기록 없음(민감정보는 요약형 Boolean으로 표기).",
            "id": "sample_040_0095_000026",
            "annotations": [
                {
                    "word": "형사처벌 기록 없음",
                    "start": 23,
                    "end": 33,
                    "label": "기밀정보"
                }
            ]
        },
        {
            "sentence": "장애·편의지원 요청: 없음으로 등록되어 있으며 요청 시 합법적 근거에 따라 최소한의 정보만 수집합니다.",
            "id": "sample_040_0095_000027",
            "annotations": []
        },
        {
            "sentence": "복리후생 가입현황: 건강보험·국민연금·고용보험 가입, 급여이력 최근지급일 2024-12-31 금액 KRW 6,500,000이 지급되었습니다.",
            "id": "sample_040_0095_000028",
            "annotations": [
                {
                    "word": "2024-12-31",
                    "start": 41,
                    "end": 51,
                    "label": "준식별자"
                },
                {
                    "word": "KRW 6,500,000",
                    "start": 55,
                    "end": 68,
                    "label": "기밀정보"
                }
            ]
        },
        {
            "sentence": "세금서류 문서ID: TAXDOC-040-2024-001, 고용상태 변경이력 및 컴플라이언스 교육 로그는 감사로그로 보관됩니다.",
            "id": "sample_040_0095_000029",
            "annotations": []
        },
        {
            "sentence": "데이터 출처 및 변경이력(data_provenance): 수집시스템 [ATS, HRIS, Payroll], 생성일 2025-01-15T12:00:00Z, synthetic:true, 변경이력은 감사로그에 보존됩니다.",
            "id": "sample_040_0095_000030",
            "annotations": []
        },
        {
            "sentence": "경고: 본 문서는 테스트 및 분석 목적의 합성 데이터이며 실제 채용 대상이나 개인정보로 오용되어서는 안 됩니다.",
            "id": "sample_040_0095_000031",
            "annotations": []
        }
    ]
}