{
    "document_id": "040_0052",
    "document_title": "직원 인사기록 및 프로파일(권대규) - 인사관리 종합서",
    "data": [
        {
            "sentence": "본 문서는 인사관리 목적의 직원 프로파일로, 대상자는 권대규이며 시스템 레코드에 따라 종합 정보가 정리되어 있습니다.",
            "id": "sample_040_0052_000001",
            "annotations": [
                {
                    "word": "권대규",
                    "start": 30,
                    "end": 33,
                    "label": "개인정보"
                }
            ]
        },
        {
            "sentence": "사번(Employee ID)은 EMP-040-0052-1001로 HRIS 및 연계 시스템에 등록되어 있습니다.",
            "id": "sample_040_0052_000002",
            "annotations": [
                {
                    "word": "EMP-040-0052-1001",
                    "start": 17,
                    "end": 34,
                    "label": "개인정보"
                }
            ]
        },
        {
            "sentence": "주민등록번호는 원본 비저장 원칙에 따라 해시값(national_id_hash)으로 보관되며 예시 해시: sha256:3f5a9c8b9e1d4f6a2c8b9d0e1f2a3b4c5d6e7f8a9b0c1d2e3f4a5b6c7d8e9f0로 표기됩니다.",
            "id": "sample_040_0052_000003",
            "annotations": [
                {
                    "word": "sha256:3f5a9c8b9e1d4f6a2c8b9d0e1f2a3b4c5d6e7f8a9b0c1d2e3f4a5b6c7d8e9f0",
                    "start": 58,
                    "end": 128,
                    "label": "개인정보"
                }
            ]
        },
        {
            "sentence": "성별(gender)은 남(Male)으로 분류되어 있으며 생년월일(date_of_birth)은 1985-07-23(ISO8601)으로 HRIS에 저장됩니다.",
            "id": "sample_040_0052_000004",
            "annotations": [
                {
                    "word": "남",
                    "start": 12,
                    "end": 13,
                    "label": "준식별자"
                },
                {
                    "word": "1985",
                    "start": 52,
                    "end": 56,
                    "label": "준식별자"
                },
                {
                    "word": "07",
                    "start": 57,
                    "end": 59,
                    "label": "준식별자"
                },
                {
                    "word": "23",
                    "start": 60,
                    "end": 62,
                    "label": "준식별자"
                }
            ]
        },
        {
            "sentence": "연락처(contact_email)은 kwondg.hr+1001@example.com이고 휴대전화(phone_number)는 010-1234-5678로 내부 테스트용 합성값을 사용합니다.",
            "id": "sample_040_0052_000005",
            "annotations": [
                {
                    "word": "kwondg.hr+1001@example.com",
                    "start": 20,
                    "end": 46,
                    "label": "개인정보"
                },
                {
                    "word": "010-1234-5678",
                    "start": 69,
                    "end": 82,
                    "label": "개인정보"
                }
            ]
        },
        {
            "sentence": "주소(address_level)는 시·군·구 수준으로 기록되며 본 레코드는 서울특별시 강남구 단위로 집계되어 있습니다.",
            "id": "sample_040_0052_000006",
            "annotations": [
                {
                    "word": "서울특별시",
                    "start": 42,
                    "end": 47,
                    "label": "준식별자"
                },
                {
                    "word": "강남구",
                    "start": 48,
                    "end": 51,
                    "label": "준식별자"
                }
            ]
        },
        {
            "sentence": "직무(job_title)는 Senior Software Engineer이고 직급(job_level)은 Senior, 소속 부서(department)는 R&D(연구개발)로 명시됩니다.",
            "id": "sample_040_0052_000007",
            "annotations": [
                {
                    "word": "Senior Software Engineer",
                    "start": 15,
                    "end": 39,
                    "label": "준식별자"
                },
                {
                    "word": "Senior",
                    "start": 15,
                    "end": 21,
                    "label": "준식별자"
                },
                {
                    "word": "Senior",
                    "start": 57,
                    "end": 63,
                    "label": "준식별자"
                },
                {
                    "word": "R&D",
                    "start": 84,
                    "end": 87,
                    "label": "준식별자"
                }
            ]
        },
        {
            "sentence": "직속 상사(manager_id)는 사번 EMP-040-0052-1000으로 연결되어 있으며 조직도 참조 무결성을 유지합니다.",
            "id": "sample_040_0052_000008",
            "annotations": [
                {
                    "word": "EMP-040-0052-1000",
                    "start": 22,
                    "end": 39,
                    "label": "개인정보"
                }
            ]
        },
        {
            "sentence": "고용형태(employment_type)는 정규직이며 입사일(hire_date)은 2021-03-15, 수습종료일(probation_end_date)은 2021-09-15로 기록됩니다.",
            "id": "sample_040_0052_000009",
            "annotations": [
                {
                    "word": "2021",
                    "start": 45,
                    "end": 49,
                    "label": "준식별자"
                },
                {
                    "word": "2021",
                    "start": 84,
                    "end": 88,
                    "label": "준식별자"
                },
                {
                    "word": "03",
                    "start": 50,
                    "end": 52,
                    "label": "준식별자"
                },
                {
                    "word": "15",
                    "start": 53,
                    "end": 55,
                    "label": "준식별자"
                },
                {
                    "word": "15",
                    "start": 92,
                    "end": 94,
                    "label": "준식별자"
                },
                {
                    "word": "09",
                    "start": 89,
                    "end": 91,
                    "label": "준식별자"
                }
            ]
        },
        {
            "sentence": "퇴직일(termination_date)은 현재 미등록 상태이며 퇴직사유(termination_reason)는 해당 없음으로 표시됩니다.",
            "id": "sample_040_0052_000010",
            "annotations": []
        },
        {
            "sentence": "기본연봉(salary_base)은 연봉 기준 ₩78,000,000로 기재되어 있으며 급여 산정은 지역 노동법과 세법을 준수합니다.",
            "id": "sample_040_0052_000011",
            "annotations": [
                {
                    "word": "₩78,000,000",
                    "start": 25,
                    "end": 36,
                    "label": "기밀정보"
                }
            ]
        },
        {
            "sentence": "보너스 구조(bonus_structure)는 연 10% 성과연동이며 스톡옵션(stock_option_plan)은 1,000옵션 부여 조건을 포함합니다.",
            "id": "sample_040_0052_000012",
            "annotations": [
                {
                    "word": "연 10%",
                    "start": 25,
                    "end": 30,
                    "label": "기밀정보"
                },
                {
                    "word": "1,000옵션",
                    "start": 63,
                    "end": 70,
                    "label": "기밀정보"
                }
            ]
        },
        {
            "sentence": "급여지급 계좌(payroll_account)는 은행계좌 123-456789-01-001(합성값)로 등록되어 있으며 전송 및 저장 시 암호화됩니다.",
            "id": "sample_040_0052_000013",
            "annotations": [
                {
                    "word": "123-456789-01-001",
                    "start": 31,
                    "end": 48,
                    "label": "기밀정보"
                }
            ]
        },
        {
            "sentence": "원천징수 코드(tax_withholding_code)는 TX-KR-2021-07로 세무계산 시 참조됩니다.",
            "id": "sample_040_0052_000014",
            "annotations": []
        },
        {
            "sentence": "근무시간(working_time_schedule)은 평일 09:00-18:00, 주 40시간제로 규정되어 있으며 초과근무는 사전 승인 절차를 따릅니다.",
            "id": "sample_040_0052_000015",
            "annotations": []
        },
        {
            "sentence": "출퇴근 기록(attendance_records) 샘플로 2024-12-30 출근 09:02 퇴근 18:10, 2024-12-31 출근 09:05 퇴근 18:00가 저장되어 있습니다.",
            "id": "sample_040_0052_000016",
            "annotations": [
                {
                    "word": "2024",
                    "start": 31,
                    "end": 35,
                    "label": "준식별자"
                },
                {
                    "word": "2024",
                    "start": 61,
                    "end": 65,
                    "label": "준식별자"
                },
                {
                    "word": "12",
                    "start": 36,
                    "end": 38,
                    "label": "준식별자"
                },
                {
                    "word": "12",
                    "start": 66,
                    "end": 68,
                    "label": "준식별자"
                },
                {
                    "word": "30",
                    "start": 39,
                    "end": 41,
                    "label": "준식별자"
                },
                {
                    "word": "31",
                    "start": 69,
                    "end": 71,
                    "label": "준식별자"
                }
            ]
        },
        {
            "sentence": "해당 기간 초과근무(overtime_hours)는 월 6.5시간으로 집계되며 연차 잔여(leave_balances)는 7.5일로 표기됩니다.",
            "id": "sample_040_0052_000017",
            "annotations": []
        },
        {
            "sentence": "성과평가(performance_reviews)는 2024-12-20에 허다솔 리뷰어가 평가를 수행했고 점수(score) 4.2, 코멘트는 '프로젝트 리더십 및 코드 품질 우수'입니다.",
            "id": "sample_040_0052_000018",
            "annotations": [
                {
                    "word": "허다솔",
                    "start": 39,
                    "end": 42,
                    "label": "개인정보"
                },
                {
                    "word": "2024",
                    "start": 27,
                    "end": 31,
                    "label": "준식별자"
                },
                {
                    "word": "12",
                    "start": 32,
                    "end": 34,
                    "label": "준식별자"
                },
                {
                    "word": "20",
                    "start": 27,
                    "end": 29,
                    "label": "준식별자"
                },
                {
                    "word": "20",
                    "start": 35,
                    "end": 37,
                    "label": "준식별자"
                }
            ]
        },
        {
            "sentence": "역량매트릭스(competency_matrix)는 기술역량, 문제해결, 커뮤니케이션 등 항목별로 1-5 등급 스케일로 표준화되어 관리됩니다.",
            "id": "sample_040_0052_000019",
            "annotations": []
        },
        {
            "sentence": "교육이수 기록(training_records)은 2022-05-10 'Advanced Kotlin' 수료로 등록되어 있고 자격증(certifications)에는 '정보처리기사'가 포함됩니다.",
            "id": "sample_040_0052_000020",
            "annotations": [
                {
                    "word": "2022",
                    "start": 27,
                    "end": 31,
                    "label": "준식별자"
                },
                {
                    "word": "05",
                    "start": 32,
                    "end": 34,
                    "label": "준식별자"
                },
                {
                    "word": "10",
                    "start": 35,
                    "end": 37,
                    "label": "준식별자"
                }
            ]
        },
        {
            "sentence": "채용경로(recruitment_source)는 내부 추천(employee referral)이며 지원서(application_resume_text)는 ATS에 텍스트 형태로 보관됩니다.",
            "id": "sample_040_0052_000021",
            "annotations": []
        },
        {
            "sentence": "면접점수(interview_scores) 예시는 2021-02-20 기술면접 8/10, 임원면접 7/10으로 기록되어 있습니다.",
            "id": "sample_040_0052_000022",
            "annotations": [
                {
                    "word": "2021",
                    "start": 27,
                    "end": 31,
                    "label": "준식별자"
                },
                {
                    "word": "02",
                    "start": 28,
                    "end": 30,
                    "label": "준식별자"
                },
                {
                    "word": "02",
                    "start": 32,
                    "end": 34,
                    "label": "준식별자"
                },
                {
                    "word": "20",
                    "start": 27,
                    "end": 29,
                    "label": "준식별자"
                },
                {
                    "word": "20",
                    "start": 35,
                    "end": 37,
                    "label": "준식별자"
                }
            ]
        },
        {
            "sentence": "오퍼레터(offer_letter) 참조번호는 OFR-2021-040-0052-01이며 근로계약서(contract_documents)는 전자서명·문서관리시스템에 보관됩니다.",
            "id": "sample_040_0052_000023",
            "annotations": [
                {
                    "word": "OFR-2021-040-0052-01",
                    "start": 25,
                    "end": 45,
                    "label": "기밀정보"
                }
            ]
        },
        {
            "sentence": "징계기록(disciplinary_actions)은 최근 3년간 없으며 승진이력(promotion_history)은 2023-06-01에 Senior로 승진한 기록이 있습니다.",
            "id": "sample_040_0052_000024",
            "annotations": [
                {
                    "word": "2023",
                    "start": 64,
                    "end": 68,
                    "label": "준식별자"
                },
                {
                    "word": "06",
                    "start": 69,
                    "end": 71,
                    "label": "준식별자"
                },
                {
                    "word": "01",
                    "start": 72,
                    "end": 74,
                    "label": "준식별자"
                }
            ]
        },
        {
            "sentence": "승계계획(succession_plan)은 중간관리자 후보군으로 분류되어 개발리더 역할의 잠재성을 평가받았습니다.",
            "id": "sample_040_0052_000025",
            "annotations": []
        },
        {
            "sentence": "개인정보처리동의(consent_records)는 CONS-2021-EMP-040-0052-01로 수집되었고 동의철회 시 삭제 절차가 적용됩니다.",
            "id": "sample_040_0052_000026",
            "annotations": [
                {
                    "word": "CONS-2021-EMP-040-0052-01",
                    "start": 27,
                    "end": 52,
                    "label": "기밀정보"
                }
            ]
        },
        {
            "sentence": "신원조회(background_check_result)는 범죄·신용조회 통과로 요약 저장되며 원문 민감정보는 Boolean 요약으로만 보관합니다.",
            "id": "sample_040_0052_000027",
            "annotations": []
        },
        {
            "sentence": "근무환경조정(accommodation_requests)은 없음으로 표기되어 있고 복리후생(benefits_enrollment)은 건강보험·국민연금·퇴직연금에 가입되어 있습니다.",
            "id": "sample_040_0052_000028",
            "annotations": []
        },
        {
            "sentence": "급여이력(payroll_history)은 2024-12에 지급액 ₩6,500,000으로 기록되었고 세금문서(tax_documents)는 연말정산 자료로 내부 보관됩니다.",
            "id": "sample_040_0052_000029",
            "annotations": [
                {
                    "word": "₩6,500,000",
                    "start": 36,
                    "end": 46,
                    "label": "기밀정보"
                },
                {
                    "word": "2024",
                    "start": 23,
                    "end": 27,
                    "label": "준식별자"
                },
                {
                    "word": "12",
                    "start": 28,
                    "end": 30,
                    "label": "준식별자"
                }
            ]
        },
        {
            "sentence": "컴플라이언스 교육(compliance_training_status)은 2024-11-01 완료로 등록되어 있으며 data_provenance에는 synthetic:true, 생성일 2026-01-08, 생성목적은 테스트/분석으로 명시되어 있습니다.",
            "id": "sample_040_0052_000030",
            "annotations": [
                {
                    "word": "2024",
                    "start": 39,
                    "end": 43,
                    "label": "준식별자"
                },
                {
                    "word": "11",
                    "start": 44,
                    "end": 46,
                    "label": "준식별자"
                },
                {
                    "word": "01",
                    "start": 47,
                    "end": 49,
                    "label": "준식별자"
                },
                {
                    "word": "01",
                    "start": 106,
                    "end": 108,
                    "label": "준식별자"
                },
                {
                    "word": "2026",
                    "start": 101,
                    "end": 105,
                    "label": "준식별자"
                },
                {
                    "word": "08",
                    "start": 109,
                    "end": 111,
                    "label": "준식별자"
                }
            ]
        },
        {
            "sentence": "본 문서는 합성 데이터로 생성되었으며 오직 테스트 및 분석 목적으로만 사용하시고 실제 채용 대상이나 개인정보로 오용하지 마십시오.",
            "id": "sample_040_0052_000031",
            "annotations": []
        }
    ]
}