{
    "document_id": "040_0021",
    "document_title": "직원 인사관리 통합 프로필 및 감사 기록",
    "data": [
        {
            "sentence": "본 문서는 인사관리(채용·근로계약·급여·근태·교육·성과) 통합 프로필 및 감사 기록을 위한 합성 데이터 샘플입니다.",
            "id": "sample_040_0021_000001",
            "annotations": []
        },
        {
            "sentence": "이 문서는 합성 데이터임을 명확히 하기 위해 synthetic:true 플래그와 변경 이력(data_provenance)을 포함하며 테스트용으로만 사용됩니다.",
            "id": "sample_040_0021_000002",
            "annotations": []
        },
        {
            "sentence": "문서 목적은 ATS/HRIS/Payroll/LMS 연동 검증, 권한 및 감사 로그 검토, 데이터 품질·규정준수 테스트입니다.",
            "id": "sample_040_0021_000003",
            "annotations": []
        },
        {
            "sentence": "직원 프로파일 예시: 이름 민시은, 사번 EMP-040-0001, ATS ID ATS-2024-9001로 시스템에 등록되어 있습니다.",
            "id": "sample_040_0021_000004",
            "annotations": [
                {
                    "word": "민시은",
                    "start": 15,
                    "end": 18,
                    "label": "개인정보"
                },
                {
                    "word": "EMP-040-0001",
                    "start": 23,
                    "end": 35,
                    "label": "개인정보"
                },
                {
                    "word": "ATS-2024-9001",
                    "start": 44,
                    "end": 57,
                    "label": "기밀정보"
                }
            ]
        },
        {
            "sentence": "민시은의 주민등록번호는 원문 저장을 피하고 해시로 보관하며 해시값 예시는 sha256:3b8f9a1d9e4f6c2a7b8e1c4d5e6f7a8b 입니다.",
            "id": "sample_040_0021_000005",
            "annotations": [
                {
                    "word": "sha256:3b8f9a1d9e4f6c2a7b8e1c4d5e6f7a8b",
                    "start": 41,
                    "end": 80,
                    "label": "개인정보"
                }
            ]
        },
        {
            "sentence": "성별은 여성으로 기록되며 생년월일은 1985-07-12(ISO8601)로 표기되어 준식별자 관리 규칙을 따릅니다.",
            "id": "sample_040_0021_000006",
            "annotations": [
                {
                    "word": "여성",
                    "start": 4,
                    "end": 6,
                    "label": "준식별자"
                },
                {
                    "word": "1985-07-12",
                    "start": 20,
                    "end": 30,
                    "label": "준식별자"
                }
            ]
        },
        {
            "sentence": "연락처는 이메일 min.sieun@hr-test.example, 전화 +82-10-9123-4567로 가명 처리·암호화하여 저장합니다.",
            "id": "sample_040_0021_000007",
            "annotations": [
                {
                    "word": "min.sieun@hr-test.example",
                    "start": 9,
                    "end": 34,
                    "label": "개인정보"
                },
                {
                    "word": "+82-10-9123-4567",
                    "start": 39,
                    "end": 55,
                    "label": "개인정보"
                }
            ]
        },
        {
            "sentence": "주소는 레벨화하여 저장(시: 서울특별시, 군/구: 강남구, 동/읍/면: 역삼동)하며 상세 호수는 수집하지 않습니다.",
            "id": "sample_040_0021_000008",
            "annotations": [
                {
                    "word": "서울특별시",
                    "start": 16,
                    "end": 21,
                    "label": "준식별자"
                },
                {
                    "word": "강남구",
                    "start": 28,
                    "end": 31,
                    "label": "준식별자"
                },
                {
                    "word": "역삼동",
                    "start": 40,
                    "end": 43,
                    "label": "준식별자"
                }
            ]
        },
        {
            "sentence": "직무 정보는 직무명 Senior Software Engineer(직무코드: IT-SWE-02), 직급은 Senior로 표준 직무코드를 사용합니다.",
            "id": "sample_040_0021_000009",
            "annotations": [
                {
                    "word": "Senior Software Engineer",
                    "start": 11,
                    "end": 35,
                    "label": "준식별자"
                },
                {
                    "word": "IT-SWE-02",
                    "start": 42,
                    "end": 51,
                    "label": "준식별자"
                },
                {
                    "word": "Senior",
                    "start": 11,
                    "end": 17,
                    "label": "준식별자"
                },
                {
                    "word": "Senior",
                    "start": 58,
                    "end": 64,
                    "label": "준식별자"
                }
            ]
        },
        {
            "sentence": "부서명은 플랫폼개발팀이며 관리자 사번(manager_id)은 EMP-040-0003로 조직도 참조 무결성을 유지합니다.",
            "id": "sample_040_0021_000010",
            "annotations": [
                {
                    "word": "플랫폼개발팀",
                    "start": 5,
                    "end": 11,
                    "label": "준식별자"
                },
                {
                    "word": "EMP-040-0003",
                    "start": 34,
                    "end": 46,
                    "label": "개인정보"
                }
            ]
        },
        {
            "sentence": "고용형태는 정규직이며 입사일 2015-03-02, 수습종료일 2015-09-01을 ISO8601로 기록합니다.",
            "id": "sample_040_0021_000011",
            "annotations": [
                {
                    "word": "2015-03-02",
                    "start": 16,
                    "end": 26,
                    "label": "준식별자"
                },
                {
                    "word": "2015-09-01",
                    "start": 34,
                    "end": 44,
                    "label": "준식별자"
                }
            ]
        },
        {
            "sentence": "기본급 정보 예시로 KRW 7,800,000가 기초급여로 기재되어 있고 보너스는 연간 성과급 10%와 분기별 스팟보너스로 설계됩니다.",
            "id": "sample_040_0021_000012",
            "annotations": [
                {
                    "word": "KRW 7,800,000",
                    "start": 11,
                    "end": 24,
                    "label": "기밀정보"
                }
            ]
        },
        {
            "sentence": "스톡옵션 플랜은 ESOP(클래스B) 참여로 표기되며 관련 계약은 contract_id: PAY-CT-00021로 참조됩니다.",
            "id": "sample_040_0021_000013",
            "annotations": [
                {
                    "word": "PAY-CT-00021",
                    "start": 49,
                    "end": 61,
                    "label": "기밀정보"
                }
            ]
        },
        {
            "sentence": "급여지급 계좌는 은행코드 IBK, 계좌마스킹 IBK-****-1234 형태로 표기하여 지급시스템에 연동합니다.",
            "id": "sample_040_0021_000014",
            "annotations": [
                {
                    "word": "IBK-****-1234",
                    "start": 25,
                    "end": 38,
                    "label": "기밀정보"
                }
            ]
        },
        {
            "sentence": "원천징수 코드(tax_withholding_code)는 KR-TAX-01로 설정되어 급여 계산 로직에 매핑됩니다.",
            "id": "sample_040_0021_000015",
            "annotations": []
        },
        {
            "sentence": "근무시간 스케줄은 주40시간(09:00-18:00, 점심 12:30-13:30)으로 정의되며 초과근무는 승인·기록 기반입니다.",
            "id": "sample_040_0021_000016",
            "annotations": []
        },
        {
            "sentence": "근태 예시 레코드: 2025-01-02 출근 09:02 퇴근 18:05, 2025-01-03 유급휴가(연차)로 처리되어 근태 테이블에 저장됩니다.",
            "id": "sample_040_0021_000017",
            "annotations": [
                {
                    "word": "2025-01-02",
                    "start": 11,
                    "end": 21,
                    "label": "준식별자"
                },
                {
                    "word": "2025-01-03",
                    "start": 41,
                    "end": 51,
                    "label": "준식별자"
                }
            ]
        },
        {
            "sentence": "월별 초과근무 누계는 12.5시간이며 연차 잔여 5.5일, 병가 잔여 7일로 leave_balances에 기록됩니다.",
            "id": "sample_040_0021_000018",
            "annotations": []
        },
        {
            "sentence": "성과평가 예시: 2023-12-15 평가에서 검토자 진소영, 총점 4.2/5.0, 코멘트는 '아키텍처 리더십 우수'로 요약됩니다.",
            "id": "sample_040_0021_000019",
            "annotations": [
                {
                    "word": "2023-12-15",
                    "start": 9,
                    "end": 19,
                    "label": "준식별자"
                },
                {
                    "word": "진소영",
                    "start": 29,
                    "end": 32,
                    "label": "개인정보"
                }
            ]
        },
        {
            "sentence": "역량 매트릭스는 기술·리더십·커뮤니케이션으로 구성되며 민시은은 아키텍처 역량 상위 10%로 표기됩니다.",
            "id": "sample_040_0021_000020",
            "annotations": [
                {
                    "word": "민시은",
                    "start": 30,
                    "end": 33,
                    "label": "개인정보"
                }
            ]
        },
        {
            "sentence": "교육·인증 기록: 'Cloud Architecture' 수료(2022-05-20, LMS ID: LMS-CLD-003), 인증서 AWS-SAA-2022 보유로 이력이 저장됩니다.",
            "id": "sample_040_0021_000021",
            "annotations": [
                {
                    "word": "2022-05-20",
                    "start": 34,
                    "end": 44,
                    "label": "준식별자"
                },
                {
                    "word": "LMS-CLD-003",
                    "start": 54,
                    "end": 65,
                    "label": "기밀정보"
                }
            ]
        },
        {
            "sentence": "채용 소스는 LinkedIn이며 지원서 텍스트(application_resume_text)는 ATS에 보관하되 민감필드 마스킹 정책을 적용합니다.",
            "id": "sample_040_0021_000022",
            "annotations": []
        },
        {
            "sentence": "면접 점수(기술면접 4.5, 문화적합 4.0)는 ATS의 구조화된 스케일에 따라 기록·동기화됩니다.",
            "id": "sample_040_0021_000023",
            "annotations": []
        },
        {
            "sentence": "오퍼레터 및 근로계약서 문서는 문서ID DOC-HR-2024-021로 참조되며 전자서명 상태와 계약 만료 규칙이 포함됩니다.",
            "id": "sample_040_0021_000024",
            "annotations": [
                {
                    "word": "DOC-HR-2024-021",
                    "start": 22,
                    "end": 37,
                    "label": "기밀정보"
                }
            ]
        },
        {
            "sentence": "징계 이력은 현재 없음으로 표시되며 승진 이력은 2018-08-01 Senior, 2021-07-01 Lead로 기록되어 있습니다.",
            "id": "sample_040_0021_000025",
            "annotations": [
                {
                    "word": "2018-08-01",
                    "start": 27,
                    "end": 37,
                    "label": "준식별자"
                },
                {
                    "word": "2021-07-01",
                    "start": 46,
                    "end": 56,
                    "label": "준식별자"
                }
            ]
        },
        {
            "sentence": "후속 계획(succession_plan)은 플랫폼개발팀 내 리더 후보로 문서화되어 내부 기밀로 분류됩니다.",
            "id": "sample_040_0021_000026",
            "annotations": []
        },
        {
            "sentence": "개인정보 처리 동의(consent_records)는 동의일 2015-03-02, 버전 v1.2로 보존되며 동의 철회 절차가 명시되어 있습니다.",
            "id": "sample_040_0021_000027",
            "annotations": [
                {
                    "word": "2015-03-02",
                    "start": 33,
                    "end": 43,
                    "label": "준식별자"
                }
            ]
        },
        {
            "sentence": "배경조사 결과는 통과(true)로 요약되어 기록되며 상세 민감정보는 목적·최소수집 원칙에 따라 저장하지 않습니다.",
            "id": "sample_040_0021_000028",
            "annotations": []
        },
        {
            "sentence": "지원자의 근무환경 편의 요청 예: 화면 확대 기능 요청 승인(요청자: 민시은)과 같은 accommodation_requests는 요약으로 보관됩니다.",
            "id": "sample_040_0021_000029",
            "annotations": [
                {
                    "word": "민시은",
                    "start": 39,
                    "end": 42,
                    "label": "개인정보"
                }
            ]
        },
        {
            "sentence": "복리후생 가입 내역(health_insurance: 국민건강보험, pension: 국민연금)은 benefits_enrollment 테이블에 연동되어 있습니다.",
            "id": "sample_040_0021_000030",
            "annotations": []
        },
        {
            "sentence": "급여 이력(payroll_history)은 연월별 레코드로 보존되며 필요한 경우 세금보고용 tax_documents와 매핑됩니다.",
            "id": "sample_040_0021_000031",
            "annotations": []
        },
        {
            "sentence": "사례: 고하람은 2024-10-15 자발적 퇴사로 기록되었으며 퇴직사유는 '개인사유'로 기입되어 퇴직일은 2024-10-15입니다.",
            "id": "sample_040_0021_000032",
            "annotations": [
                {
                    "word": "고하람",
                    "start": 4,
                    "end": 7,
                    "label": "개인정보"
                },
                {
                    "word": "2024-10-15",
                    "start": 9,
                    "end": 19,
                    "label": "준식별자"
                },
                {
                    "word": "2024-10-15",
                    "start": 59,
                    "end": 69,
                    "label": "준식별자"
                }
            ]
        },
        {
            "sentence": "데이터 출처 및 변경이력(data_provenance)은 생성일 2026-01-08, 생성자 hr-synth-generator v1.0, 변경 로그를 포함합니다.",
            "id": "sample_040_0021_000033",
            "annotations": [
                {
                    "word": "2026-01-08",
                    "start": 36,
                    "end": 46,
                    "label": "준식별자"
                }
            ]
        },
        {
            "sentence": "접근통제 및 감사로그는 RBAC 정책에 따라 운영되며 감사 이벤트는 가명화된 사용자 식별자와 변경내역을 기록합니다.",
            "id": "sample_040_0021_000034",
            "annotations": []
        },
        {
            "sentence": "경고: 본 문서는 테스트 및 분석용 합성 데이터이며 실제 채용 대상이나 개인정보로 오용해서는 안 됩니다.",
            "id": "sample_040_0021_000035",
            "annotations": []
        }
    ]
}