{
    "document_id": "040_0062",
    "document_title": "직원 인사프로파일 및 인사기록(합성 데이터)",
    "data": [
        {
            "sentence": "본 문서는 인사관리 및 인재관리 목적의 직원 프로파일을 합성 데이터로 상세히 기술한 문서입니다.",
            "id": "sample_040_0062_000001",
            "annotations": []
        },
        {
            "sentence": "문서 메타정보: document_id=040_0062, 작성일=2026-01-08T09:00:00Z, 버전=1.0.",
            "id": "sample_040_0062_000002",
            "annotations": []
        },
        {
            "sentence": "기본 식별자: employee_id=EMP-040-0062, full_name=임형민.",
            "id": "sample_040_0062_000003",
            "annotations": [
                {
                    "word": "임형민",
                    "start": 44,
                    "end": 47,
                    "label": "개인정보"
                },
                {
                    "word": "EMP-040-0062",
                    "start": 20,
                    "end": 32,
                    "label": "개인정보"
                }
            ]
        },
        {
            "sentence": "national_id_hash: sha256:a3f5b2c1e6d4f0a9b7c8d6e2f1a9b3c4d5e6f7a8b9c0d1e2f3a4b5c6d7e8f9a0 (해시값, 원본 미포함).",
            "id": "sample_040_0062_000004",
            "annotations": [
                {
                    "word": "sha256:a3f5b2c1e6d4f0a9b7c8d6e2f1a9b3c4d5e6f7a8b9c0d1e2f3a4b5c6d7e8f9a0",
                    "start": 18,
                    "end": 89,
                    "label": "개인정보"
                }
            ]
        },
        {
            "sentence": "date_of_birth: 1985-05-12 (생년: 1985, 생월: 05, 생일: 12) — 모든 날짜는 ISO8601 형식으로 표기합니다.",
            "id": "sample_040_0062_000005",
            "annotations": [
                {
                    "word": "1985-05-12",
                    "start": 15,
                    "end": 25,
                    "label": "준식별자"
                },
                {
                    "word": "1985",
                    "start": 15,
                    "end": 19,
                    "label": "준식별자"
                },
                {
                    "word": "1985",
                    "start": 31,
                    "end": 35,
                    "label": "준식별자"
                },
                {
                    "word": "05",
                    "start": 20,
                    "end": 22,
                    "label": "준식별자"
                },
                {
                    "word": "05",
                    "start": 41,
                    "end": 43,
                    "label": "준식별자"
                },
                {
                    "word": "12",
                    "start": 23,
                    "end": 25,
                    "label": "준식별자"
                },
                {
                    "word": "12",
                    "start": 49,
                    "end": 51,
                    "label": "준식별자"
                }
            ]
        },
        {
            "sentence": "gender: 남성, contact_email: imhyungmin.hr@synthetic.example.com (합성 이메일, 실제 전송 불가).",
            "id": "sample_040_0062_000006",
            "annotations": [
                {
                    "word": "남성",
                    "start": 8,
                    "end": 10,
                    "label": "준식별자"
                },
                {
                    "word": "imhyungmin.hr@synthetic.example.com",
                    "start": 27,
                    "end": 62,
                    "label": "개인정보"
                }
            ]
        },
        {
            "sentence": "phone_number: 010-1234-5678 (합성값, 실제 개인번호 아님).",
            "id": "sample_040_0062_000007",
            "annotations": [
                {
                    "word": "010-1234-5678",
                    "start": 14,
                    "end": 27,
                    "label": "개인정보"
                }
            ]
        },
        {
            "sentence": "주소(주소레벨): 시=서울특별시, 군/구=강남구, 동=역삼동 (동·읍·면 단위까지 표기).",
            "id": "sample_040_0062_000008",
            "annotations": [
                {
                    "word": "서울특별시",
                    "start": 12,
                    "end": 17,
                    "label": "준식별자"
                },
                {
                    "word": "강남구",
                    "start": 23,
                    "end": 26,
                    "label": "준식별자"
                },
                {
                    "word": "역삼동",
                    "start": 30,
                    "end": 33,
                    "label": "준식별자"
                }
            ]
        },
        {
            "sentence": "직무: job_title=Senior Software Engineer, job_level=Senior (L4), department=Product Development.",
            "id": "sample_040_0062_000009",
            "annotations": [
                {
                    "word": "Senior Software Engineer",
                    "start": 14,
                    "end": 38,
                    "label": "준식별자"
                }
            ]
        },
        {
            "sentence": "상급자 정보: manager_name=박명훈, manager_id=EMP-040-0032 (조직도 참조 무결성 유지).",
            "id": "sample_040_0062_000010",
            "annotations": [
                {
                    "word": "박명훈",
                    "start": 21,
                    "end": 24,
                    "label": "개인정보"
                },
                {
                    "word": "EMP-040-0032",
                    "start": 37,
                    "end": 49,
                    "label": "개인정보"
                }
            ]
        },
        {
            "sentence": "고용형태 및 입사일: employment_type=정규직, hire_date=2018-09-03, probation_end_date=2018-12-03.",
            "id": "sample_040_0062_000011",
            "annotations": [
                {
                    "word": "2018-09-03",
                    "start": 43,
                    "end": 53,
                    "label": "준식별자"
                },
                {
                    "word": "2018-12-03",
                    "start": 74,
                    "end": 84,
                    "label": "준식별자"
                }
            ]
        },
        {
            "sentence": "퇴직 관련: termination_date=null, termination_reason=null; employment_status_history는 별도 로그로 관리합니다.",
            "id": "sample_040_0062_000012",
            "annotations": []
        },
        {
            "sentence": "보수: salary_base=6800000 KRW (월 총액, gross), bonus_structure=연봉의 10% 성과연동으로 설계됨.",
            "id": "sample_040_0062_000013",
            "annotations": [
                {
                    "word": "6800000 KRW",
                    "start": 16,
                    "end": 27,
                    "label": "기밀정보"
                }
            ]
        },
        {
            "sentence": "주식보상: stock_option_plan=RSU 2000 units, vesting_schedule=4 years (기밀정책에 따라 접근제어 대상).",
            "id": "sample_040_0062_000014",
            "annotations": [
                {
                    "word": "RSU 2000 units",
                    "start": 24,
                    "end": 38,
                    "label": "기밀정보"
                }
            ]
        },
        {
            "sentence": "급여지급 계좌 및 세금: payroll_account=KB-****1234 (마스킹), tax_withholding_code=TAX-KR-21.",
            "id": "sample_040_0062_000015",
            "annotations": [
                {
                    "word": "KB-****1234",
                    "start": 30,
                    "end": 41,
                    "label": "기밀정보"
                }
            ]
        },
        {
            "sentence": "근무시간: working_time_schedule=09:30-18:30, 유연출근 옵션 적용, 주 법정근로시간 준수 확인.",
            "id": "sample_040_0062_000016",
            "annotations": []
        },
        {
            "sentence": "출퇴근/근태(샘플): 2025-12-01 출근 09:32 퇴근 18:29, 2025-12-02 출근 09:28 퇴근 20:15 (초과근무 1.5h).",
            "id": "sample_040_0062_000017",
            "annotations": [
                {
                    "word": "2025-12-01",
                    "start": 12,
                    "end": 22,
                    "label": "준식별자"
                },
                {
                    "word": "2025-12-02",
                    "start": 42,
                    "end": 52,
                    "label": "준식별자"
                }
            ]
        },
        {
            "sentence": "초과근무 및 휴가: overtime_hours_month=12.5, leave_balances={annual:10, sick:5}.",
            "id": "sample_040_0062_000018",
            "annotations": []
        },
        {
            "sentence": "성과평가: performance_reviews=[{date:2025-11-20, reviewer:하효은, score:4.5, comments:'프로젝트 주도 및 기술적 영향력 확인'}].",
            "id": "sample_040_0062_000019",
            "annotations": [
                {
                    "word": "2025-11-20",
                    "start": 33,
                    "end": 43,
                    "label": "준식별자"
                },
                {
                    "word": "하효은",
                    "start": 54,
                    "end": 57,
                    "label": "개인정보"
                }
            ]
        },
        {
            "sentence": "역량 매트릭스: 소프트웨어 설계 4.5, 시스템 아키텍처 4.2, 리더십 4.0 (정규화된 직무코드 매핑 포함).",
            "id": "sample_040_0062_000020",
            "annotations": []
        },
        {
            "sentence": "교육/자격: training_records=[{lms_ref:LMS-TR-012, course:'Advanced System Design', date:2024-08-15}], certifications=[{name:'AWS Solutions Architect - Associate', issued:2024-09-10}].",
            "id": "sample_040_0062_000021",
            "annotations": [
                {
                    "word": "2024-08-15",
                    "start": 84,
                    "end": 94,
                    "label": "준식별자"
                },
                {
                    "word": "2024-09-10",
                    "start": 166,
                    "end": 176,
                    "label": "준식별자"
                }
            ]
        },
        {
            "sentence": "채용이력: recruitment_source=LinkedIn, application_resume_text='대규모 분산시스템 설계 및 운영 경험 보유'.",
            "id": "sample_040_0062_000022",
            "annotations": []
        },
        {
            "sentence": "면접/오퍼: interview_scores={tech:4.6, competency:4.4}, 최종결정=합격, offer_letter_ref=ATS-APP-0042, offer_date=2018-08-20.",
            "id": "sample_040_0062_000023",
            "annotations": [
                {
                    "word": "ATS-APP-0042",
                    "start": 78,
                    "end": 90,
                    "label": "기밀정보"
                },
                {
                    "word": "2018-08-20",
                    "start": 103,
                    "end": 113,
                    "label": "준식별자"
                }
            ]
        },
        {
            "sentence": "계약/시스템 참조: contract_documents=[HR-CTR-0062], hr_system_ref=HRIS-EMP-040-0062, payroll_system_ref=PAY-PR-0062.",
            "id": "sample_040_0062_000024",
            "annotations": [
                {
                    "word": "HR-CTR-0062",
                    "start": 31,
                    "end": 42,
                    "label": "기밀정보"
                },
                {
                    "word": "PAY-PR-0062",
                    "start": 97,
                    "end": 108,
                    "label": "기밀정보"
                }
            ]
        },
        {
            "sentence": "징계/승진: disciplinary_actions=없음, promotion_history=[{title:'Senior', date:2021-05-10, approved_by:원세윤}].",
            "id": "sample_040_0062_000025",
            "annotations": [
                {
                    "word": "원세윤",
                    "start": 97,
                    "end": 100,
                    "label": "개인정보"
                },
                {
                    "word": "2021-05-10",
                    "start": 73,
                    "end": 83,
                    "label": "준식별자"
                }
            ]
        },
        {
            "sentence": "후계자관리: succession_plan={key_role_candidate:임형민, readiness:4/5}.",
            "id": "sample_040_0062_000026",
            "annotations": [
                {
                    "word": "임형민",
                    "start": 43,
                    "end": 46,
                    "label": "개인정보"
                }
            ]
        },
        {
            "sentence": "동의기록: consent_records={personal_data_processing:true, consent_date:2018-09-01, scope:'채용·평가·급여'} (동의 철회 처리 절차 포함).",
            "id": "sample_040_0062_000027",
            "annotations": [
                {
                    "word": "2018-09-01",
                    "start": 67,
                    "end": 77,
                    "label": "준식별자"
                }
            ]
        },
        {
            "sentence": "신원조회요약: background_check_result={criminal_record_clearance:true, health_screening:approved} (민감정보는 요약으로만 보관).",
            "id": "sample_040_0062_000028",
            "annotations": [
                {
                    "word": "criminal_record_clearance:true",
                    "start": 33,
                    "end": 63,
                    "label": "기밀정보"
                }
            ]
        },
        {
            "sentence": "복리후생: benefits_enrollment=[국민건강보험, 국민연금, 단체상해보험], 복지포인트 제도 적용 여부 명시.",
            "id": "sample_040_0062_000029",
            "annotations": []
        },
        {
            "sentence": "급여이력 및 세무: payroll_history=[{period:2025-11, amount:6800000}, {period:2025-12, amount:6800000}], tax_documents_ref=TAXDOC-2025-IMH.",
            "id": "sample_040_0062_000030",
            "annotations": [
                {
                    "word": "2025-11",
                    "start": 36,
                    "end": 43,
                    "label": "준식별자"
                },
                {
                    "word": "2025-12",
                    "start": 70,
                    "end": 77,
                    "label": "준식별자"
                },
                {
                    "word": "TAXDOC-2025-IMH",
                    "start": 115,
                    "end": 130,
                    "label": "기밀정보"
                }
            ]
        },
        {
            "sentence": "데이터 출처 및 변경이력: data_provenance={generated_by:'HR-Data-Engine v1.2', generated_date:2026-01-08T09:00:00Z, synthetic:true, source_systems:[ATS,HRIS,Payroll,LMS]}, 변경로그는 RBAC 및 감사 로그로 보존합니다.",
            "id": "sample_040_0062_000031",
            "annotations": []
        },
        {
            "sentence": "경고: 본 데이터는 합성 테스트용으로만 사용해야 하며 실제 채용 대상이나 개인정보로 오용하면 안 됩니다.",
            "id": "sample_040_0062_000032",
            "annotations": []
        }
    ]
}