{
    "document_id": "040_0082",
    "document_title": "인사기록 및 성과관리 종합보고서",
    "data": [
        {
            "sentence": "본 문서는 인사관리 및 인재관리 종합보고서로서 채용, 평가, 급여, 교육 데이터를 통합 제공하기 위한 목적입니다.",
            "id": "sample_040_0082_000001",
            "annotations": []
        },
        {
            "sentence": "문서 내 예시는 모두 테스트용 합성 데이터이며 실제 개인 식별용으로 사용할 수 없습니다.",
            "id": "sample_040_0082_000002",
            "annotations": []
        },
        {
            "sentence": "메타데이터로 문서 ID는 040_0082이며 변경 이력(data_provenance)에는 synthetic:true, created_by:HR_ETL_v1, created_at:2026-01-08T10:00:00Z가 기록됩니다.",
            "id": "sample_040_0082_000003",
            "annotations": [
                {
                    "word": "2026-01-08T10:00:00Z",
                    "start": 99,
                    "end": 119,
                    "label": "준식별자"
                }
            ]
        },
        {
            "sentence": "이 보고서는 서론, 상세 본문(레코드 샘플), 결론 및 권고 사항으로 구조화되어 있습니다.",
            "id": "sample_040_0082_000004",
            "annotations": []
        },
        {
            "sentence": "샘플 직원 레코드의 사번(employee_id)은 테스트용 합성 포맷 EMP-040-1001로 표기합니다.",
            "id": "sample_040_0082_000005",
            "annotations": [
                {
                    "word": "EMP-040-1001",
                    "start": 39,
                    "end": 51,
                    "label": "개인정보"
                }
            ]
        },
        {
            "sentence": "샘플 레코드 예: 직원명(full_name): 정송현, 성별(gender): 여성, 생년월일(year:1985, month:07, day:14).",
            "id": "sample_040_0082_000006",
            "annotations": [
                {
                    "word": "정송현",
                    "start": 26,
                    "end": 29,
                    "label": "개인정보"
                },
                {
                    "word": "여성",
                    "start": 43,
                    "end": 45,
                    "label": "준식별자"
                },
                {
                    "word": "1985",
                    "start": 57,
                    "end": 61,
                    "label": "준식별자"
                },
                {
                    "word": "07",
                    "start": 69,
                    "end": 71,
                    "label": "준식별자"
                },
                {
                    "word": "14",
                    "start": 77,
                    "end": 79,
                    "label": "준식별자"
                }
            ]
        },
        {
            "sentence": "주민등록번호 원본은 저장하지 않으며 national_id_hash: sha256:5f2d3a9b9c0e1f2a3b4c5d6e7f8a9b0c 형식의 해시값을 연결합니다.",
            "id": "sample_040_0082_000007",
            "annotations": [
                {
                    "word": "sha256:5f2d3a9b9c0e1f2a3b4c5d6e7f8a9b0c",
                    "start": 38,
                    "end": 77,
                    "label": "개인정보"
                }
            ]
        },
        {
            "sentence": "연락처는 원형 대신 contact_email_hash: sha256:aa11bb22cc33dd44ee55ff66, phone_hash: sha256:cc33dd44ee55ff66aa77bb88 형태로 저장합니다.",
            "id": "sample_040_0082_000008",
            "annotations": [
                {
                    "word": "sha256:aa11bb22cc33dd44ee55ff66",
                    "start": 31,
                    "end": 62,
                    "label": "개인정보"
                },
                {
                    "word": "sha256:cc33dd44ee55ff66aa77bb88",
                    "start": 76,
                    "end": 107,
                    "label": "개인정보"
                }
            ]
        },
        {
            "sentence": "주소는 시/군/구 단위로 분리하여 표기하며 예시로 주소(시): 서울특별시, 주소(군/구): 강남구를 사용합니다.",
            "id": "sample_040_0082_000009",
            "annotations": [
                {
                    "word": "서울특별시",
                    "start": 35,
                    "end": 40,
                    "label": "준식별자"
                },
                {
                    "word": "강남구",
                    "start": 51,
                    "end": 54,
                    "label": "준식별자"
                }
            ]
        },
        {
            "sentence": "직무(job_title): 선임 소프트웨어 엔지니어(Senior Software Engineer), 직급(job_level): Senior, 부서(department): R&D로 표준 직무코드를 매핑합니다.",
            "id": "sample_040_0082_000010",
            "annotations": [
                {
                    "word": "선임 소프트웨어 엔지니어",
                    "start": 15,
                    "end": 28,
                    "label": "준식별자"
                },
                {
                    "word": "Senior",
                    "start": 29,
                    "end": 35,
                    "label": "준식별자"
                },
                {
                    "word": "Senior",
                    "start": 71,
                    "end": 77,
                    "label": "준식별자"
                },
                {
                    "word": "R&D",
                    "start": 95,
                    "end": 98,
                    "label": "준식별자"
                }
            ]
        },
        {
            "sentence": "관리자 레퍼런스는 manager_id로 관리하며 예시값은 EMP-040-1002로 조직도와 참조 무결성을 유지합니다.",
            "id": "sample_040_0082_000011",
            "annotations": [
                {
                    "word": "EMP-040-1002",
                    "start": 32,
                    "end": 44,
                    "label": "개인정보"
                }
            ]
        },
        {
            "sentence": "고용형태(employment_type): 정규직, 입사일(hire_date): 2018-06-01, 수습종료(probation_end_date): 2018-12-01로 ISO8601 포맷을 사용합니다.",
            "id": "sample_040_0082_000012",
            "annotations": [
                {
                    "word": "2018-06-01",
                    "start": 44,
                    "end": 54,
                    "label": "준식별자"
                },
                {
                    "word": "2018-12-01",
                    "start": 82,
                    "end": 92,
                    "label": "준식별자"
                }
            ]
        },
        {
            "sentence": "퇴직일(termination_date) 및 퇴직사유(termination_reason)는 기록이 없을 경우 null로 명시하고 변경이력을 보존합니다.",
            "id": "sample_040_0082_000013",
            "annotations": []
        },
        {
            "sentence": "보상 관련 필드는 기본급(salary_base), 보너스 구조(bonus_structure), 주식옵션(stock_option_plan)으로 분리하여 관리합니다.",
            "id": "sample_040_0082_000014",
            "annotations": []
        },
        {
            "sentence": "샘플 기본급 예시는 KRW 5,500,000 월액으로 기밀 등급으로 분류하고 접근 제어가 적용됩니다.",
            "id": "sample_040_0082_000015",
            "annotations": [
                {
                    "word": "KRW 5,500,000",
                    "start": 11,
                    "end": 24,
                    "label": "기밀정보"
                }
            ]
        },
        {
            "sentence": "주식옵션 계획은 RSU 1,000주(3년 베스팅, 1년 cliff)로 계약문서에 명시되며 내부적으로 기밀로 취급됩니다.",
            "id": "sample_040_0082_000016",
            "annotations": [
                {
                    "word": "RSU 1,000주",
                    "start": 9,
                    "end": 19,
                    "label": "기밀정보"
                }
            ]
        },
        {
            "sentence": "급여지급계좌(payroll_account)는 마스킹된 BANK-IBK-****1234 형태로 저장하고 원본은 암호화하여 별도 보관합니다.",
            "id": "sample_040_0082_000017",
            "annotations": [
                {
                    "word": "BANK-IBK-****1234",
                    "start": 30,
                    "end": 47,
                    "label": "기밀정보"
                }
            ]
        },
        {
            "sentence": "세금 원천징수 매핑은 tax_withholding_code: TAX-KR-STD-2023으로 표준화하여 급여시스템과 동기화합니다.",
            "id": "sample_040_0082_000018",
            "annotations": [
                {
                    "word": "TAX-KR-STD-2023",
                    "start": 34,
                    "end": 49,
                    "label": "기밀정보"
                }
            ]
        },
        {
            "sentence": "근무시간 스케줄은 주 40시간, 평일 09:00-18:00으로 설정하여 지역 노동법을 준수합니다.",
            "id": "sample_040_0082_000019",
            "annotations": []
        },
        {
            "sentence": "출근기록(attendance_records) 예: 2025-11-03T09:02:00Z 출근, 2025-11-03T18:12:00Z 퇴근, 휴가유형: 없음으로 저장됩니다.",
            "id": "sample_040_0082_000020",
            "annotations": [
                {
                    "word": "2025-11-03T09:02:00Z",
                    "start": 28,
                    "end": 48,
                    "label": "준식별자"
                },
                {
                    "word": "2025-11-03T18:12:00Z",
                    "start": 53,
                    "end": 73,
                    "label": "준식별자"
                }
            ]
        },
        {
            "sentence": "초과근무(overtime_hours)는 월별 합계로 집계하며 이 샘플의 월별 합계는 12.5시간으로 법정 한도 내입니다.",
            "id": "sample_040_0082_000021",
            "annotations": []
        },
        {
            "sentence": "연차 잔여(leave_balances)는 연차 15일 중 잔여 7.5일로 표준화된 포맷으로 관리합니다.",
            "id": "sample_040_0082_000022",
            "annotations": []
        },
        {
            "sentence": "성과평가(performance_reviews) 예: 2025-12-15에 평가자 남규혁, 점수(score): 4.3/5, 코멘트: '프로젝트 리더십 우수'가 기록되었습니다.",
            "id": "sample_040_0082_000023",
            "annotations": [
                {
                    "word": "2025-12-15",
                    "start": 29,
                    "end": 39,
                    "label": "준식별자"
                },
                {
                    "word": "남규혁",
                    "start": 45,
                    "end": 48,
                    "label": "개인정보"
                },
                {
                    "word": "4.3/5",
                    "start": 61,
                    "end": 66,
                    "label": "기밀정보"
                }
            ]
        },
        {
            "sentence": "역량매트릭스(competency_matrix)는 기술스택, 리더십, 커뮤니케이션 항목별 1-5 점수로 표준화되어 저장됩니다.",
            "id": "sample_040_0082_000024",
            "annotations": []
        },
        {
            "sentence": "교육이수내역(training_records) 예: 2024-03-20에 이준택 강사의 '안전코딩' 과정 수료, 관련 인증서(certifications) 메타데이터 보관.",
            "id": "sample_040_0082_000025",
            "annotations": [
                {
                    "word": "2024-03-20",
                    "start": 28,
                    "end": 38,
                    "label": "준식별자"
                },
                {
                    "word": "이준택",
                    "start": 40,
                    "end": 43,
                    "label": "개인정보"
                }
            ]
        },
        {
            "sentence": "채용원천(recruitment_source): 내부추천(referral) 및 ATS 참조 ATS-2024-089를 통해 출처 정합성을 보장합니다.",
            "id": "sample_040_0082_000026",
            "annotations": []
        },
        {
            "sentence": "지원서 원문(application_resume_text)은 암호화 저장하고 요약본만 HR분석에 사용하며 원본 접근은 엄격히 통제합니다.",
            "id": "sample_040_0082_000027",
            "annotations": []
        },
        {
            "sentence": "면접점수(interview_scores) 예: 최종면접 85점, 평가자 전렌, 구조화된 질문지로 재현 가능하게 저장합니다.",
            "id": "sample_040_0082_000028",
            "annotations": [
                {
                    "word": "85점",
                    "start": 31,
                    "end": 34,
                    "label": "기밀정보"
                },
                {
                    "word": "전렌",
                    "start": 40,
                    "end": 42,
                    "label": "개인정보"
                }
            ]
        },
        {
            "sentence": "제안서(offer_letter) 및 근로계약서(contract_documents)는 디지털 서명과 함께 문서관리시스템에 보관하고 접근 로그를 남깁니다.",
            "id": "sample_040_0082_000029",
            "annotations": []
        },
        {
            "sentence": "징계기록(disciplinary_actions)은 최소수집 원칙에 따라 목적 기반으로만 보관하며 현재 샘플에는 관련 항목이 없습니다.",
            "id": "sample_040_0082_000030",
            "annotations": []
        },
        {
            "sentence": "승진이력(promotion_history) 예: 2021-09-01에 직급 승진이 기록되어 있으며 변경 이력이 추적됩니다.",
            "id": "sample_040_0082_000031",
            "annotations": []
        },
        {
            "sentence": "후속계획(succession_plan) 샘플: 핵심 역량 보유자 명단에 이아림 포함, 후속 후보로 지정되어 있습니다.",
            "id": "sample_040_0082_000032",
            "annotations": [
                {
                    "word": "이아림",
                    "start": 40,
                    "end": 43,
                    "label": "개인정보"
                }
            ]
        },
        {
            "sentence": "개인정보처리동의(consent_records): 동의 여부 true, 동의일: 2018-05-30T09:00:00Z로 동의 이력 보존 정책을 적용합니다.",
            "id": "sample_040_0082_000033",
            "annotations": [
                {
                    "word": "2018-05-30T09:00:00Z",
                    "start": 44,
                    "end": 64,
                    "label": "준식별자"
                }
            ]
        },
        {
            "sentence": "배경조사(background_check_result): 본인확인 및 범죄경력조회 결과 이상 없음(pass: true)로 요약 Boolean만 보관합니다.",
            "id": "sample_040_0082_000034",
            "annotations": [
                {
                    "word": "범죄경력조회 결과 이상 없음",
                    "start": 38,
                    "end": 53,
                    "label": "기밀정보"
                }
            ]
        },
        {
            "sentence": "복리후생 등록(benefits_enrollment)에는 건강보험, 국민연금, 선택적 복지포인트 등 가입 정보가 포함됩니다.",
            "id": "sample_040_0082_000035",
            "annotations": []
        },
        {
            "sentence": "급여이력(payroll_history) 예: 2023-12 급여는 KRW 5,000,000으로 기록되며 세금문서(tax_documents)는 전자문서로 보관됩니다.",
            "id": "sample_040_0082_000036",
            "annotations": [
                {
                    "word": "KRW 5,000,000",
                    "start": 37,
                    "end": 50,
                    "label": "기밀정보"
                }
            ]
        },
        {
            "sentence": "고용상태변경 이력(employment_status_history) 예: 2018-06-01 고용, 2020-08-15 휴직, 2021-10-01 복직의 시계열을 저장합니다.",
            "id": "sample_040_0082_000037",
            "annotations": [
                {
                    "word": "2018-06-01",
                    "start": 40,
                    "end": 50,
                    "label": "준식별자"
                },
                {
                    "word": "2020-08-15",
                    "start": 55,
                    "end": 65,
                    "label": "준식별자"
                },
                {
                    "word": "2021-10-01",
                    "start": 70,
                    "end": 80,
                    "label": "준식별자"
                }
            ]
        },
        {
            "sentence": "컴플라이언스 교육(compliance_training_status): 개인정보보호 교육 완료 2025-06-12, 보안 교육 완료 2025-06-12로 기록됩니다.",
            "id": "sample_040_0082_000038",
            "annotations": [
                {
                    "word": "2025-06-12",
                    "start": 52,
                    "end": 62,
                    "label": "준식별자"
                },
                {
                    "word": "2025-06-12",
                    "start": 73,
                    "end": 83,
                    "label": "준식별자"
                }
            ]
        },
        {
            "sentence": "데이터 보존정책은 보존기간 5년으로 명시하고 동의 철회 시 삭제 또는 비식별화 절차를 실행합니다.",
            "id": "sample_040_0082_000039",
            "annotations": []
        },
        {
            "sentence": "이 문서는 전적으로 테스트 및 분석 목적의 합성 데이터임을 재차 강조하며 실제 채용 대상이나 개인정보로 오용하지 마십시오.",
            "id": "sample_040_0082_000040",
            "annotations": []
        }
    ]
}