{
    "document_id": "040_0016",
    "document_title": "인사관리 종합 직원 프로파일 및 운영 기록(샘플, 합성 데이터)",
    "data": [
        {
            "sentence": "본 문서는 인사관리 및 인재관리 통합 직원 프로파일과 운영 기록을 포함한 샘플 문서이며, 모든 데이터는 합성 처리되었습니다.",
            "id": "sample_040_0016_000001",
            "annotations": []
        },
        {
            "sentence": "목적은 HR 시스템 통합 테스트 및 분석이며, ATS/HRMS/Payroll/LMS 연동 시나리오를 검증하기 위한 용도입니다.",
            "id": "sample_040_0016_000002",
            "annotations": []
        },
        {
            "sentence": "문서에는 직원 식별자, 고용이력, 급여정보, 근태기록, 교육이수, 평가 및 컴플라이언스 이력이 포함됩니다.",
            "id": "sample_040_0016_000003",
            "annotations": []
        },
        {
            "sentence": "데이터는 GDPR 및 국내 개인정보 보호 규정을 준수하도록 익명화·암호화되어 저장되며, 원문 식별자는 해시 또는 마스킹으로 대체됩니다.",
            "id": "sample_040_0016_000004",
            "annotations": []
        },
        {
            "sentence": "직원 레코드: 사번 EMP-040-0001, 이름 심근호, 주민등록번호 해시 SHA256:9f86d081884c7d659a2feaa0c55ad015a3bf4f1b2b0b822cd15d6c15b0f00a08.",
            "id": "sample_040_0016_000005",
            "annotations": [
                {
                    "word": "EMP-040-0001",
                    "start": 11,
                    "end": 23,
                    "label": "개인정보"
                },
                {
                    "word": "심근호",
                    "start": 28,
                    "end": 31,
                    "label": "개인정보"
                },
                {
                    "word": "SHA256:9f86d081884c7d659a2feaa0c55ad015a3bf4f1b2b0b822cd15d6c15b0f00a08",
                    "start": 43,
                    "end": 114,
                    "label": "개인정보"
                }
            ]
        },
        {
            "sentence": "성별 남, 생년월일 1988-03-21, 연락처 sim.geunho@hr.example.test, 휴대폰 010-0001-0001, 주소 서울특별시 중구로 기록되어 있습니다.",
            "id": "sample_040_0016_000006",
            "annotations": [
                {
                    "word": "남",
                    "start": 3,
                    "end": 4,
                    "label": "준식별자"
                },
                {
                    "word": "1988",
                    "start": 11,
                    "end": 15,
                    "label": "준식별자"
                },
                {
                    "word": "03",
                    "start": 16,
                    "end": 18,
                    "label": "준식별자"
                },
                {
                    "word": "21",
                    "start": 19,
                    "end": 21,
                    "label": "준식별자"
                },
                {
                    "word": "sim.geunho@hr.example.test",
                    "start": 27,
                    "end": 53,
                    "label": "개인정보"
                },
                {
                    "word": "010-0001-0001",
                    "start": 59,
                    "end": 72,
                    "label": "개인정보"
                },
                {
                    "word": "서울특별시",
                    "start": 77,
                    "end": 82,
                    "label": "준식별자"
                },
                {
                    "word": "중구",
                    "start": 83,
                    "end": 85,
                    "label": "준식별자"
                }
            ]
        },
        {
            "sentence": "직무는 Senior Software Engineer, 직급 Senior, 부서 R&D이며, 직속 상사는 사번 EMP-040-0005(채준엽)으로 참조 무결성이 유지됩니다.",
            "id": "sample_040_0016_000007",
            "annotations": [
                {
                    "word": "EMP-040-0005",
                    "start": 61,
                    "end": 73,
                    "label": "개인정보"
                },
                {
                    "word": "채준엽",
                    "start": 74,
                    "end": 77,
                    "label": "개인정보"
                }
            ]
        },
        {
            "sentence": "고용형태는 정규직이며, 입사일 2016-07-01, 수습종료일 2016-10-01로 계약기간과 시험기간 정보가 기록됩니다.",
            "id": "sample_040_0016_000008",
            "annotations": [
                {
                    "word": "2016",
                    "start": 17,
                    "end": 21,
                    "label": "준식별자"
                },
                {
                    "word": "2016",
                    "start": 35,
                    "end": 39,
                    "label": "준식별자"
                },
                {
                    "word": "07",
                    "start": 22,
                    "end": 24,
                    "label": "준식별자"
                },
                {
                    "word": "01",
                    "start": 18,
                    "end": 20,
                    "label": "준식별자"
                },
                {
                    "word": "01",
                    "start": 25,
                    "end": 27,
                    "label": "준식별자"
                },
                {
                    "word": "01",
                    "start": 36,
                    "end": 38,
                    "label": "준식별자"
                },
                {
                    "word": "01",
                    "start": 43,
                    "end": 45,
                    "label": "준식별자"
                },
                {
                    "word": "10",
                    "start": 40,
                    "end": 42,
                    "label": "준식별자"
                }
            ]
        },
        {
            "sentence": "퇴사일 및 사유는 현재 미기재이며, 고용상태는 활성(active)으로 표시됩니다.",
            "id": "sample_040_0016_000009",
            "annotations": []
        },
        {
            "sentence": "기본급 6,200,000KRW, 연간 성과급 구조: 연 10% 차감지급, 스톡옵션 플랜 1,200주(베스팅 4년)로 보상 패키지가 설계되어 있습니다.",
            "id": "sample_040_0016_000010",
            "annotations": [
                {
                    "word": "6,200,000KRW",
                    "start": 4,
                    "end": 16,
                    "label": "기밀정보"
                },
                {
                    "word": "연 10%",
                    "start": 29,
                    "end": 34,
                    "label": "기밀정보"
                },
                {
                    "word": "1,200주",
                    "start": 49,
                    "end": 55,
                    "label": "기밀정보"
                }
            ]
        },
        {
            "sentence": "급여지급 계좌는 ACCT_HASH:ab12cd34ef56 및 마스킹 계좌번호 ****1234가 등록되어 있으며, 원본 계좌는 암호화 저장됩니다.",
            "id": "sample_040_0016_000011",
            "annotations": [
                {
                    "word": "ACCT_HASH:ab12cd34ef56",
                    "start": 9,
                    "end": 31,
                    "label": "기밀정보"
                },
                {
                    "word": "****1234",
                    "start": 43,
                    "end": 51,
                    "label": "기밀정보"
                }
            ]
        },
        {
            "sentence": "원천징수 코드 TAX-KR-0401이 적용되어 있으며, 세금 관련 문서는 내부 세무시스템 참조(DOC-040-TAX2023)로 연동됩니다.",
            "id": "sample_040_0016_000012",
            "annotations": [
                {
                    "word": "TAX-KR-0401",
                    "start": 8,
                    "end": 19,
                    "label": "기밀정보"
                },
                {
                    "word": "DOC-040-TAX2023",
                    "start": 53,
                    "end": 68,
                    "label": "기밀정보"
                }
            ]
        },
        {
            "sentence": "근무시간은 주 40시간, 근무일 월~금 09:00-18:00이며, 탄력근무 및 리모트 근무 규정은 인사규정에 따릅니다.",
            "id": "sample_040_0016_000013",
            "annotations": []
        },
        {
            "sentence": "근태예시: 2024-11-15 출근 09:05 퇴근 18:10, 해당 일자는 초과근무 0.17시간으로 계산되어 출퇴근 로그에 저장됩니다.",
            "id": "sample_040_0016_000014",
            "annotations": [
                {
                    "word": "2024",
                    "start": 6,
                    "end": 10,
                    "label": "준식별자"
                },
                {
                    "word": "11",
                    "start": 11,
                    "end": 13,
                    "label": "준식별자"
                },
                {
                    "word": "15",
                    "start": 14,
                    "end": 16,
                    "label": "준식별자"
                }
            ]
        },
        {
            "sentence": "월별 초과근무 누적은 12.5시간이며, 연차 잔여일수 8.5일, 병가 잔여 5일로 휴가잔액이 관리됩니다.",
            "id": "sample_040_0016_000015",
            "annotations": []
        },
        {
            "sentence": "성과평가: 2023-12-20 리뷰어 김라온, 점수 4.5/5.0, 코멘트 '아키텍처 개선과 팀 리더십에서 우수'로 등급과 피드백이 기록됩니다.",
            "id": "sample_040_0016_000016",
            "annotations": [
                {
                    "word": "2023",
                    "start": 6,
                    "end": 10,
                    "label": "준식별자"
                },
                {
                    "word": "12",
                    "start": 11,
                    "end": 13,
                    "label": "준식별자"
                },
                {
                    "word": "20",
                    "start": 6,
                    "end": 8,
                    "label": "준식별자"
                },
                {
                    "word": "20",
                    "start": 14,
                    "end": 16,
                    "label": "준식별자"
                },
                {
                    "word": "김라온",
                    "start": 21,
                    "end": 24,
                    "label": "개인정보"
                }
            ]
        },
        {
            "sentence": "역량매트릭스에는 프로그래밍(상), 시스템설계(상), 커뮤니케이션(중) 항목이 포함되어 있으며, 직무 역량 기반 육성 계획이 연계됩니다.",
            "id": "sample_040_0016_000017",
            "annotations": []
        },
        {
            "sentence": "교육이력: 클라우드 아키텍처 과정 수료 2022-05-10, LMS 연계 기록 ID LMS-040-5501, 자격증: 정보처리기사 등록증 보유.",
            "id": "sample_040_0016_000018",
            "annotations": [
                {
                    "word": "2022",
                    "start": 22,
                    "end": 26,
                    "label": "준식별자"
                },
                {
                    "word": "05",
                    "start": 27,
                    "end": 29,
                    "label": "준식별자"
                },
                {
                    "word": "10",
                    "start": 30,
                    "end": 32,
                    "label": "준식별자"
                },
                {
                    "word": "LMS-040-5501",
                    "start": 47,
                    "end": 59,
                    "label": "기밀정보"
                }
            ]
        },
        {
            "sentence": "채용 경로: 채용공고(내부추천), 이력서 텍스트는 ATS 필드에 축약 저장되어 있으며, 지원서 전문은 별도 접근제어 대상입니다.",
            "id": "sample_040_0016_000019",
            "annotations": []
        },
        {
            "sentence": "면접평가 점수: 기술 4/5, 역량 5/5, 총점 4.5/5이며, 면접관 평가는 내부 문서 DOC-040-INTV-01로 참조됩니다.",
            "id": "sample_040_0016_000020",
            "annotations": [
                {
                    "word": "DOC-040-INTV-01",
                    "start": 51,
                    "end": 66,
                    "label": "기밀정보"
                }
            ]
        },
        {
            "sentence": "제안서(오퍼레터) 참조 ID: OFFER-040-2023-001, 고용계약서 문서 ID: CONTRACT-040-2023-001이 전자서명 및 감사로그와 연계되어 보관됩니다.",
            "id": "sample_040_0016_000021",
            "annotations": [
                {
                    "word": "OFFER-040-2023-001",
                    "start": 17,
                    "end": 35,
                    "label": "기밀정보"
                },
                {
                    "word": "CONTRACT-040-2023-001",
                    "start": 50,
                    "end": 71,
                    "label": "기밀정보"
                }
            ]
        },
        {
            "sentence": "징계기록: 현재 해당 직원에 대한 징계이력은 없으며, 모든 징계이력은 감사로그로 보존됩니다.",
            "id": "sample_040_0016_000022",
            "annotations": []
        },
        {
            "sentence": "승진이력: 2019-08-01에 Senior로 승진(이전 직급: Mid), 승진기록은 인사이동 히스토리에 시계열로 저장됩니다.",
            "id": "sample_040_0016_000023",
            "annotations": [
                {
                    "word": "2019",
                    "start": 6,
                    "end": 10,
                    "label": "준식별자"
                },
                {
                    "word": "08",
                    "start": 11,
                    "end": 13,
                    "label": "준식별자"
                },
                {
                    "word": "01",
                    "start": 7,
                    "end": 9,
                    "label": "준식별자"
                },
                {
                    "word": "01",
                    "start": 14,
                    "end": 16,
                    "label": "준식별자"
                }
            ]
        },
        {
            "sentence": "후보자 승계계획(Succession Plan)에는 핵심역량 기반 후보군으로 이기백, 천설현이 지정되어 있으며, 내부 식별자 REF-SP-040-01로 관리됩니다.",
            "id": "sample_040_0016_000024",
            "annotations": [
                {
                    "word": "이기백",
                    "start": 42,
                    "end": 45,
                    "label": "개인정보"
                },
                {
                    "word": "천설현",
                    "start": 47,
                    "end": 50,
                    "label": "개인정보"
                },
                {
                    "word": "REF-SP-040-01",
                    "start": 69,
                    "end": 82,
                    "label": "기밀정보"
                }
            ]
        },
        {
            "sentence": "개인정보처리동의(consent)는 2024-01-10에 수집되었으며, 동의항목은 채용/인사/급여 목적에 한정되어 기록됩니다.",
            "id": "sample_040_0016_000025",
            "annotations": [
                {
                    "word": "2024",
                    "start": 19,
                    "end": 23,
                    "label": "준식별자"
                },
                {
                    "word": "01",
                    "start": 24,
                    "end": 26,
                    "label": "준식별자"
                },
                {
                    "word": "10",
                    "start": 27,
                    "end": 29,
                    "label": "준식별자"
                }
            ]
        },
        {
            "sentence": "배경조사 결과는 요약으로 '통과'(true)로 표기하며, 범죄기록 원문은 수집하지 않고 필요 시 법적절차에 따라 조회합니다.",
            "id": "sample_040_0016_000026",
            "annotations": [
                {
                    "word": "통과",
                    "start": 15,
                    "end": 17,
                    "label": "기밀정보"
                }
            ]
        },
        {
            "sentence": "복지 및 급여가입내역: 건강보험, 국민연금, 퇴직연금에 등록되어 있으며, 혜택선택 정보는 혜택코드 BEN-040-01로 관리됩니다.",
            "id": "sample_040_0016_000027",
            "annotations": [
                {
                    "word": "BEN-040-01",
                    "start": 55,
                    "end": 65,
                    "label": "기밀정보"
                }
            ]
        },
        {
            "sentence": "데이터 변경이력과 출처는 data_provenance 필드에 기록되며, synthetic:true, author:HR-ENG-040, timestamp:2025-01-08T09:30:00Z로 표기됩니다.",
            "id": "sample_040_0016_000028",
            "annotations": [
                {
                    "word": "author:HR-ENG-040",
                    "start": 56,
                    "end": 73,
                    "label": "기밀정보"
                }
            ]
        },
        {
            "sentence": "경고: 이 데이터는 테스트·분석용으로만 사용하시고 실제 채용 대상 또는 개인정보로 오용하지 마십시오.",
            "id": "sample_040_0016_000029",
            "annotations": []
        }
    ]
}