{
    "document_id": "040_0002",
    "document_title": "인사기록 및 인재관리 종합보고서",
    "data": [
        {
            "sentence": "본 문서는 인사관리 및 인재관리(HR) 관점에서 직원 프로필, 근태, 성과, 보상 및 규정 준수 정보를 종합적으로 기술한 인사기록 문서입니다.",
            "id": "sample_040_0002_000001",
            "annotations": []
        },
        {
            "sentence": "문서 ID는 040_0002이며 본 문서는 테스트 목적의 합성 데이터로 생성되었음을 명시합니다.",
            "id": "sample_040_0002_000002",
            "annotations": []
        },
        {
            "sentence": "대상 샘플 직원은 최소을(사번 EMP-2024-0001)이며 개인정보는 암호화·익명화 처리하여 저장합니다.",
            "id": "sample_040_0002_000003",
            "annotations": [
                {
                    "word": "최소을",
                    "start": 10,
                    "end": 13,
                    "label": "개인정보"
                },
                {
                    "word": "EMP-2024-0001",
                    "start": 17,
                    "end": 30,
                    "label": "개인정보"
                }
            ]
        },
        {
            "sentence": "최소을의 주민등록번호 해시값은 sha256:3a1f5b9c7e8d9f0a... 형식의 해시로 표기되어 원본 식별자가 노출되지 않습니다.",
            "id": "sample_040_0002_000004",
            "annotations": [
                {
                    "word": "sha256:3a1f5b9c7e8d9f0a...",
                    "start": 17,
                    "end": 43,
                    "label": "개인정보"
                }
            ]
        },
        {
            "sentence": "성별은 남성, 생년월일(date_of_birth)은 1988-03-22(ISO8601) 형식으로 기록하며 년/월/일 단위로 로그가 관리됩니다.",
            "id": "sample_040_0002_000005",
            "annotations": [
                {
                    "word": "남성",
                    "start": 4,
                    "end": 6,
                    "label": "준식별자"
                },
                {
                    "word": "1988-03-22",
                    "start": 29,
                    "end": 39,
                    "label": "준식별자"
                }
            ]
        },
        {
            "sentence": "연락처(contact_phone)은 010-1234-5678, 연락 이메일(contact_email)은 minsoe.hr@example.com으로 합성 표기되어 있습니다.",
            "id": "sample_040_0002_000006",
            "annotations": [
                {
                    "word": "010-1234-5678",
                    "start": 20,
                    "end": 33,
                    "label": "개인정보"
                },
                {
                    "word": "minsoe.hr@example.com",
                    "start": 58,
                    "end": 79,
                    "label": "개인정보"
                }
            ]
        },
        {
            "sentence": "주소(address_level)는 서울특별시, 강남구, 역삼동 수준으로 표준화하여 시·군·구·동 단위로 분리보관하고 상세 호수는 제거합니다.",
            "id": "sample_040_0002_000007",
            "annotations": [
                {
                    "word": "서울특별시",
                    "start": 19,
                    "end": 24,
                    "label": "준식별자"
                },
                {
                    "word": "강남구",
                    "start": 26,
                    "end": 29,
                    "label": "준식별자"
                },
                {
                    "word": "역삼동",
                    "start": 31,
                    "end": 34,
                    "label": "준식별자"
                }
            ]
        },
        {
            "sentence": "직무(job_title)는 소프트웨어 엔지니어(Software Engineer)로 기재하였고 직급(job_level)은 Senior Engineer로 표기하여 보상 및 승진 확률을 반영합니다.",
            "id": "sample_040_0002_000008",
            "annotations": []
        },
        {
            "sentence": "담당 부서는 R&D이며 직속매니저는 윤덕성(사번 EMP-2023-0102)으로 조직도와 참조 무결성을 유지합니다.",
            "id": "sample_040_0002_000009",
            "annotations": [
                {
                    "word": "윤덕성",
                    "start": 20,
                    "end": 23,
                    "label": "개인정보"
                },
                {
                    "word": "EMP-2023-0102",
                    "start": 27,
                    "end": 40,
                    "label": "개인정보"
                }
            ]
        },
        {
            "sentence": "고용형태(employment_type)는 정규직이며 입사일(hire_date)은 2020-06-01, 수습종료(probation_end_date)는 2020-11-30으로 기록했습니다.",
            "id": "sample_040_0002_000010",
            "annotations": [
                {
                    "word": "2020-06-01",
                    "start": 45,
                    "end": 55,
                    "label": "준식별자"
                },
                {
                    "word": "2020-11-30",
                    "start": 83,
                    "end": 93,
                    "label": "준식별자"
                }
            ]
        },
        {
            "sentence": "퇴직 사항은 해당자 미발생으로 termination_date와 termination_reason은 null로 표기됩니다.",
            "id": "sample_040_0002_000011",
            "annotations": []
        },
        {
            "sentence": "기본급(salary_base)은 연봉 65,000,000원으로 기재하였으며 지역별 최저임금과 세법을 준수하여 급여 산식으로 검증했습니다.",
            "id": "sample_040_0002_000012",
            "annotations": [
                {
                    "word": "65,000,000원",
                    "start": 21,
                    "end": 32,
                    "label": "기밀정보"
                }
            ]
        },
        {
            "sentence": "보너스 구조(bonus_structure)는 성과연동형으로 연간 최대 10%의 성과급을 지급하는 정책으로 명세되어 있습니다.",
            "id": "sample_040_0002_000013",
            "annotations": []
        },
        {
            "sentence": "스톡옵션 계획(stock_option_plan)은 RSU 1,000주(베스팅 4년, 클리프 1년)로 명시되어 장기인센티브가 반영됩니다.",
            "id": "sample_040_0002_000014",
            "annotations": [
                {
                    "word": "RSU 1,000주",
                    "start": 28,
                    "end": 38,
                    "label": "기밀정보"
                }
            ]
        },
        {
            "sentence": "급여지급을 위한 계좌(payroll_account)는 은행명 신한은행, 계좌번호 110-****-123456으로 마스킹·암호화하여 저장합니다.",
            "id": "sample_040_0002_000015",
            "annotations": [
                {
                    "word": "110-****-123456",
                    "start": 45,
                    "end": 60,
                    "label": "기밀정보"
                }
            ]
        },
        {
            "sentence": "원천징수 코드(tax_withholding_code)는 TAX-KR-2024-01로 표기되어 세금처리 룰셋과 연동됩니다.",
            "id": "sample_040_0002_000016",
            "annotations": []
        },
        {
            "sentence": "근무시간 스케줄(working_time_schedule)은 주 40시간(월-금 09:00-18:00)으로 설정되며 정책에 맞게 초과근무 트래킹이 됩니다.",
            "id": "sample_040_0002_000017",
            "annotations": []
        },
        {
            "sentence": "출퇴근 근태(attendance_records) 예시로 2024-01-03 09:05 출근, 2024-01-03 18:10 퇴근 기록을 ISO8601로 저장합니다.",
            "id": "sample_040_0002_000018",
            "annotations": [
                {
                    "word": "2024-01-03 09:05",
                    "start": 31,
                    "end": 47,
                    "label": "준식별자"
                }
            ]
        },
        {
            "sentence": "해당 월의 초과근무(overtime_hours)는 총 12.5시간으로 집계되어 수당지급 라인과 연계됩니다.",
            "id": "sample_040_0002_000019",
            "annotations": []
        },
        {
            "sentence": "연차 및 휴가 잔액(leave_balances)은 본인 연차 12.5일, 병가 5일로 표기되어 자동 승인 규칙과 연동됩니다.",
            "id": "sample_040_0002_000020",
            "annotations": []
        },
        {
            "sentence": "성과평가(performance_reviews)는 2023-12-15에 평가자 윤덕성이 수행하였고 총점 4.2/5.0 및 코멘트가 기록되어 있습니다.",
            "id": "sample_040_0002_000021",
            "annotations": [
                {
                    "word": "2023-12-15",
                    "start": 27,
                    "end": 37,
                    "label": "준식별자"
                }
            ]
        },
        {
            "sentence": "역량 매트릭스(competency_matrix)는 기술역량, 리더십, 협업 등 항목별 점수를 표준 템플릿으로 관리합니다.",
            "id": "sample_040_0002_000022",
            "annotations": []
        },
        {
            "sentence": "교육 이력(training_records)에는 '보안의식' 강의 수료 일자 2022-09-10 및 자격증(certifications) AWS-Certified-Developer가 포함됩니다.",
            "id": "sample_040_0002_000023",
            "annotations": [
                {
                    "word": "2022-09-10",
                    "start": 42,
                    "end": 52,
                    "label": "준식별자"
                }
            ]
        },
        {
            "sentence": "채용 출처(recruitment_source)는 내부 추천으로 표기되며 자기소개서(application_resume_text)는 프로젝트 중심 서술로 보관합니다.",
            "id": "sample_040_0002_000024",
            "annotations": []
        },
        {
            "sentence": "면접점수(interview_scores)는 기술면접 4/5, 임원면접 3/5로 구조화되어 offer_letter 및 contract_documents에 연결됩니다.",
            "id": "sample_040_0002_000025",
            "annotations": []
        },
        {
            "sentence": "범죄경력 조회(background_check_result)는 합격으로 Boolean true만 기록하며 원문 증빙은 별도 제한된 저장소에 보관합니다.",
            "id": "sample_040_0002_000026",
            "annotations": [
                {
                    "word": "합격",
                    "start": 34,
                    "end": 36,
                    "label": "기밀정보"
                },
                {
                    "word": "true",
                    "start": 47,
                    "end": 51,
                    "label": "기밀정보"
                }
            ]
        },
        {
            "sentence": "편의제공 요청(accommodation_requests)은 현재 없음으로 표기되며 필요 시 최소 정보만 수집하는 정책을 적용합니다.",
            "id": "sample_040_0002_000027",
            "annotations": []
        },
        {
            "sentence": "복리후생 등록(benefits_enrollment)에는 건강보험, 국민연금, 퇴직연금이 포함되며 가입 정보는 암호화되어 관리됩니다.",
            "id": "sample_040_0002_000028",
            "annotations": []
        },
        {
            "sentence": "급여 이력(payroll_history)은 지급일자, 금액, 세금공제 내역을 포함하며 변경 시 감사 로그로 추적됩니다.",
            "id": "sample_040_0002_000029",
            "annotations": []
        },
        {
            "sentence": "세금문서(tax_documents)는 지급명세서와 원천징수 영수증을 포함하며 법정 보존기간에 따라 안전하게 보관합니다.",
            "id": "sample_040_0002_000030",
            "annotations": []
        },
        {
            "sentence": "고용상태 변경 히스토리(employment_status_history)는 승진, 직무전환, 부서이동의 시점과 사유를 포함하여 promotion_history로 연결됩니다.",
            "id": "sample_040_0002_000031",
            "annotations": []
        },
        {
            "sentence": "준법교육(compliance_training_status)은 필수로 지정되며 완료 여부는 LMS와 동기화되어 접근제어 로그에 기록됩니다.",
            "id": "sample_040_0002_000032",
            "annotations": []
        },
        {
            "sentence": "데이터 출처 및 변경 이력(data_provenance)은 생성일 2026-01-08, 작성 시스템 synth-generator v1.2, synthetic:true 플래그를 포함합니다.",
            "id": "sample_040_0002_000033",
            "annotations": [
                {
                    "word": "2026-01-08",
                    "start": 37,
                    "end": 47,
                    "label": "준식별자"
                }
            ]
        },
        {
            "sentence": "본 문서는 테스트 및 분석 목적 전용이며 실제 채용 대상이나 개인정보로 오용되지 않도록 엄격히 제한되어야 합니다.",
            "id": "sample_040_0002_000034",
            "annotations": []
        }
    ]
}