{
    "document_id": "029_0047",
    "document_title": "초전도 큐비트 플랫폼 29호 장비 성능 및 캘리브레이션 보고서 (실험 0047)",
    "data": [
        {
            "sentence": "본 문서는 초전도 큐비트 플랫폼 29호 장비에 대한 실험보고서(실험ID: exp-20260107-0001)로 재현성과 데이터 무결성을 우선으로 작성되었다.",
            "id": "sample_029_0047_000001",
            "annotations": []
        },
        {
            "sentence": "문서 식별자는 '029_0047'이며 내부 참조용 device_id는 dev-029-0047로 표기한다.",
            "id": "sample_029_0047_000002",
            "annotations": []
        },
        {
            "sentence": "실험 식별자 experiment_id: exp-20260107-0001 및 타임스탬프 timestamp: 2026-01-07T09:12:34Z를 기록하였다.",
            "id": "sample_029_0047_000003",
            "annotations": []
        },
        {
            "sentence": "해당 장비의 qubit_count는 7개이며 토폴로지는 nearest-neighbor linear chain으로 정의하였다.",
            "id": "sample_029_0047_000004",
            "annotations": []
        },
        {
            "sentence": "연결성 매핑 connectivity_map은 {0-1,1-2,2-3,3-4,4-5,5-6}로 기술하였고 물리적 설계 도면의 상세는 보안 저장소에 별도 보관한다.",
            "id": "sample_029_0047_000005",
            "annotations": []
        },
        {
            "sentence": "T1 측정값은 T1_ms: 평균 45.7 ms ± 1.2 ms(표준오차), 샷수 N=4096으로 보고하였다.",
            "id": "sample_029_0047_000006",
            "annotations": []
        },
        {
            "sentence": "T2 측정값은 T2_ms: 평균 28.3 ms ± 0.9 ms(표준오차), Hahn-echo 포함하며 샷수 N=4096으로 기록하였다.",
            "id": "sample_029_0047_000007",
            "annotations": []
        },
        {
            "sentence": "게이트 세트 gate_set는 {X, Y, Z, H, S, T, CZ, CNOT}를 사용하였고 세부 파형은 요약 수준으로만 표기한다.",
            "id": "sample_029_0047_000008",
            "annotations": []
        },
        {
            "sentence": "단일 큐비트 평균 게이트 피델리티 single_qubit_fidelity_pct: 99.45% ± 0.03%(95% CI), 기반 샷수는 N≈1000 per RB sequence이다.",
            "id": "sample_029_0047_000009",
            "annotations": []
        },
        {
            "sentence": "2큐비트 평균 게이트 피델리티 two_qubit_fidelity_pct: 97.8% ± 0.2%(95% CI), randomized benchmarking 결과를 기반으로 산출하였다.",
            "id": "sample_029_0047_000010",
            "annotations": []
        },
        {
            "sentence": "대표적인 측정 결과 measurement_counts는 선택 회로에 대해 총 샷수 8192이며 counts 예시로 {'0000000':4020,'0000001':2100,'0000010':1030,'기타':1942}로 표기했다.",
            "id": "sample_029_0047_000011",
            "annotations": []
        },
        {
            "sentence": "캘리브레이션 버전 calibration_version은 cal_v1.3.2로 기록하였고 캘리브레이션 절차와 파라미터는 메타데이터 수준으로 요약 제공된다.",
            "id": "sample_029_0047_000012",
            "annotations": []
        },
        {
            "sentence": "노이즈 모델 식별자 noise_model_id는 noise_model_thermal_202601이며 채널별 thermal 및 1/f 노이즈 요약 파라미터만 포함한다.",
            "id": "sample_029_0047_000013",
            "annotations": []
        },
        {
            "sentence": "크라이오스타트 온도 cryostat_temperature_K는 0.015 K(15.0 mK) ± 0.002 K이며 값은 4채널 센서 평균으로 보고되었다.",
            "id": "sample_029_0047_000014",
            "annotations": []
        },
        {
            "sentence": "제어 펄스 정의 control_pulse_definitions은 Gaussian envelope(표준편차 표기)와 중심주파수 및 정규화된 진폭의 메타데이터만 공개하며 원시 파형 파일은 보안 처리하였다.",
            "id": "sample_029_0047_000015",
            "annotations": []
        },
        {
            "sentence": "소프트웨어 버전 software_version은 qctrl_sw_v2.5.1-release이며 펌웨어 버전은 fwr_v1.4.0으로 문서에 명시하였다.",
            "id": "sample_029_0047_000016",
            "annotations": []
        },
        {
            "sentence": "운영자 식별 operator_id는 operator_029_0047_A(익명화된 내부 아이디)로 표기하였으며 실제 개인식별정보는 본 문서에 포함하지 않는다.",
            "id": "sample_029_0047_000017",
            "annotations": []
        },
        {
            "sentence": "환경 로그 environment_log에는 실험실 온도 295.3 K, 대기압 101.3 kPa, 배경자기장 0.5 μT, 진동 가속도 RMS 0.03 m/s^2를 기록하였다.",
            "id": "sample_029_0047_000018",
            "annotations": []
        },
        {
            "sentence": "원시 데이터(raw)의 분리 보관 정책 및 provenance(생성자, 스크립트, 버전, 타임스탬프)는 모든 실험에 대해 상세히 남겨 재현성을 보장한다.",
            "id": "sample_029_0047_000019",
            "annotations": []
        },
        {
            "sentence": "원시 데이터 저장소는 내부 안전 스토리지(raw_store_029, 접근제어됨)이며 접근 로그와 SHA256 해시값이 체인오브커스터디에 포함된다.",
            "id": "sample_029_0047_000020",
            "annotations": []
        },
        {
            "sentence": "전처리된 데이터는 별도 저장소로 분리 보관하며 사용된 전처리 스크립트와 버전 정보(preprocess_v1.2, git tag v1.2.0)를 명시하여 추적 가능하도록 하였다.",
            "id": "sample_029_0047_000021",
            "annotations": []
        },
        {
            "sentence": "측정 샷 및 통계 표기 원칙: 모든 측정값은 샷수(N), 표준오차(S.E.), 및 신뢰구간(95% CI)을 함께 표기한다.",
            "id": "sample_029_0047_000022",
            "annotations": []
        },
        {
            "sentence": "노이즈·불확실성 특성은 decoherence(탈동조화), fidelity(충실도), SPAM error(준비/측정 오류) 등의 용어로 기술하였고 한국어 병기를 병행하였다.",
            "id": "sample_029_0047_000023",
            "annotations": []
        },
        {
            "sentence": "실시간 제어 데이터는 스트리밍 파이프라인과 배치 파이프라인으로 분리 설계하였으며 목표 지연(latency)은 200 μs 이하로 설정하였다.",
            "id": "sample_029_0047_000024",
            "annotations": []
        },
        {
            "sentence": "민감·수출통제 대상인 설계 도면, 원시 펄스 파라미터 및 제조 공정 세부는 본 문서에서 제거하거나 메타데이터 수준으로만 표기하였다.",
            "id": "sample_029_0047_000025",
            "annotations": []
        },
        {
            "sentence": "결과의 통계적 변동성은 부트스트랩(bootstrap) 방법으로 확인하였고 예시로 단일 큐비트 피델리티의 95% CI는 [99.39%, 99.51%]로 계산되었다.",
            "id": "sample_029_0047_000026",
            "annotations": []
        },
        {
            "sentence": "데이터 스키마 변경 이력으로 v1.0→v1.1 마이그레이션 시 noise_model_id 필드를 추가하였으며 마이그레이션 스크립트와 역호환성 지침을 포함하였다.",
            "id": "sample_029_0047_000027",
            "annotations": []
        },
        {
            "sentence": "향후 조치로 캘리브레이션 주기 단축(주 1회 권고)과 원시 데이터 접근 권한 재검토를 권고하며 관련 작업은 별도 승인절차로 관리할 것을 제안한다.",
            "id": "sample_029_0047_000028",
            "annotations": []
        }
    ]
}