{
    "document_id": "029_0062",
    "document_title": "초전도 큐비트 실험 로그 및 캘리브레이션 최종보고서",
    "data": [
        {
            "sentence": "본 문서는 초전도 기반 양자컴퓨팅 장치의 실험 로그와 캘리브레이션 메타데이터를 기록하여 재현성을 보장하기 위해 작성되었습니다.",
            "id": "sample_029_0062_000001",
            "annotations": []
        },
        {
            "sentence": "요약 섹션에는 device_id, experiment_id, 타임스탬프, 큐비트 성능 지표 및 노이즈 모델 식별자를 포함합니다.",
            "id": "sample_029_0062_000002",
            "annotations": []
        },
        {
            "sentence": "장치 식별자는 device_id: device_029A이며 실험 식별자는 experiment_id: exp_0062_20251112으로 표기했습니다.",
            "id": "sample_029_0062_000003",
            "annotations": []
        },
        {
            "sentence": "기록된 주 실험 타임스탬프는 2025-11-12T14:35:21Z(UTC)이며, 모든 로그는 ISO8601 형식으로 정렬되어 있습니다.",
            "id": "sample_029_0062_000004",
            "annotations": []
        },
        {
            "sentence": "실험에 사용된 qubit_count는 7개이며 토폴로지 정보는 논리적 연결성을 요약한 adjacency list 형태로 보관했습니다.",
            "id": "sample_029_0062_000005",
            "annotations": []
        },
        {
            "sentence": "connectivity_map은 논리적 엣지 목록으로 표기되며 예: [(Q0,Q1),(Q1,Q2),(Q2,Q3),(Q3,Q4),(Q4,Q5),(Q5,Q6)]입니다.",
            "id": "sample_029_0062_000006",
            "annotations": []
        },
        {
            "sentence": "큐비트급 성능 지표로서 평균 T1은 45.2 ms ± 2.1 ms(표준오차), 샘플 수 N=70(샷/큐비트별 분포 포함)으로 측정되었습니다.",
            "id": "sample_029_0062_000007",
            "annotations": []
        },
        {
            "sentence": "평균 T2 (Hahn-echo)는 28.7 ms ± 1.8 ms(표준오차), 샘플 수 N=70이며 개별 큐비트별 분산과 95% 신뢰구간을 별도 표로 보관합니다.",
            "id": "sample_029_0062_000008",
            "annotations": []
        },
        {
            "sentence": "gate_set은 {X,Y,Z,Hadamard,Phase,CNOT}으로 정의했으며 게이트 정의는 표준 게이트셋 메타데이터로만 제공하고 상세 펄스 파라미터는 요약 레벨로만 표기했습니다.",
            "id": "sample_029_0062_000009",
            "annotations": []
        },
        {
            "sentence": "single_qubit_fidelity_pct 평균은 99.15% ± 0.12% (RB 평균, 샷수 total_RB_shots=10,000), 표준오차는 bootstrap(1000 resamples)을 사용하여 계산했습니다.",
            "id": "sample_029_0062_000010",
            "annotations": []
        },
        {
            "sentence": "two_qubit_fidelity_pct 평균(인접 쌍)은 97.2% ± 0.4% (interleaved RB 기반, pair_shots=5,000), 쌍별 상세값은 부록의 표에 포함됩니다.",
            "id": "sample_029_0062_000011",
            "annotations": []
        },
        {
            "sentence": "측정 결과는 샷 기반 분포로 저장되며 예시 measurement_counts는 {\"000\": 1250, \"001\": 980, \"010\": 1105, \"011\": 865, 총샷수=4,200} 형태입니다.",
            "id": "sample_029_0062_000012",
            "annotations": []
        },
        {
            "sentence": "calibration_version은 v2.4.1이며 캘리브레이션 스크립트와 파라미터는 버전별로 태깅되어 변경 이력을 추적합니다.",
            "id": "sample_029_0062_000013",
            "annotations": []
        },
        {
            "sentence": "noise_model_id는 NM_2025_V1로 식별되며 채널별 노이즈 스펙(백색 잡음 스펙트럼, 1/f 성분, 채널별 SPAM error)은 요약 통계로 제공됩니다.",
            "id": "sample_029_0062_000014",
            "annotations": []
        },
        {
            "sentence": "cryostat_temperature_K는 0.0120 K ± 0.0005 K(센서 평균, 표준오차)이며 리드타임별 온도 편차와 센서 교정 로그를 함께 기록했습니다.",
            "id": "sample_029_0062_000015",
            "annotations": []
        },
        {
            "sentence": "control_pulse_definitions는 민감수출통제 우려로 상세 웨이브폼과 샘플링 포인트를 제외하고 요약 메타데이터(중심주파수, RMS 진폭 범위, 시간대역폭 등)로만 제공됩니다.",
            "id": "sample_029_0062_000016",
            "annotations": []
        },
        {
            "sentence": "operator_id: A-1001, operator_name: 안택훈, 소속: 국립양자연구소, 위치: 서울특별시, 직책: 연구원으로 내부 식별자는 익명화 맵에 의해 관리됩니다.",
            "id": "sample_029_0062_000017",
            "annotations": [
                {
                    "word": "안택훈",
                    "start": 36,
                    "end": 39,
                    "label": "개인정보"
                },
                {
                    "word": "A-1001",
                    "start": 13,
                    "end": 19,
                    "label": "개인정보"
                },
                {
                    "word": "국립양자연구소",
                    "start": 45,
                    "end": 52,
                    "label": "준식별자"
                },
                {
                    "word": "서울특별시",
                    "start": 58,
                    "end": 63,
                    "label": "준식별자"
                },
                {
                    "word": "연구원",
                    "start": 69,
                    "end": 72,
                    "label": "준식별자"
                }
            ]
        },
        {
            "sentence": "environment_log에는 실험실 대기압 101.3 kPa, 상대습도 36% ± 2%, 주변자기장 45 nT ± 5 nT의 측정값과 타임스탬프가 포함됩니다.",
            "id": "sample_029_0062_000018",
            "annotations": []
        },
        {
            "sentence": "원시 데이터(raw)는 /srv/internal/calib_logs/v2/calib_2025-11-12.log에 저장되었고 처리 파이프라인 스텝과 스크립트 해시가 provenance에 포함됩니다.",
            "id": "sample_029_0062_000019",
            "annotations": [
                {
                    "word": "/srv/internal/calib_logs/v2/calib_2025-11-12.log",
                    "start": 13,
                    "end": 61,
                    "label": "기밀정보"
                }
            ]
        },
        {
            "sentence": "원시 데이터 저장 서버의 내부 IP는 10.0.5.12이며 접속 기록 및 체인오브커스터디(log)도 동시 보관됩니다.",
            "id": "sample_029_0062_000020",
            "annotations": [
                {
                    "word": "10.0.5.12",
                    "start": 21,
                    "end": 30,
                    "label": "기밀정보"
                }
            ]
        },
        {
            "sentence": "원시(raw)와 전처리(processed) 데이터는 별도 디렉터리와 메타데이터로 분리하여 보관하며 전처리 스크립트의 버전(qproc v1.7.3)과 커맨드 라인을 기록했습니다.",
            "id": "sample_029_0062_000021",
            "annotations": []
        },
        {
            "sentence": "노이즈·불확실성 특성은 decoherence(탈동조화), fidelity(피델리티), SPAM error(준비·측정 오류) 등의 기술적 용어로 정밀히 표기하고 수치와 신뢰구간을 병기했습니다.",
            "id": "sample_029_0062_000022",
            "annotations": []
        },
        {
            "sentence": "샷 기반 측정값 표기는 각 빈도수에 대해 총샷수와 95% 신뢰구간을 포함하고, 신뢰구간은 이항분포 근사를 사용해 계산했습니다.",
            "id": "sample_029_0062_000023",
            "annotations": []
        },
        {
            "sentence": "시뮬레이션 및 벤치마크 결과로 Quantum Volume은 QV=16(±2, 부트스트랩 95% CI)로 보고되며 Randomized Benchmarking과 Tomography 결과는 부록에 정리했습니다.",
            "id": "sample_029_0062_000024",
            "annotations": []
        },
        {
            "sentence": "보안 및 규제 참고: 상세 펄스 파라미터, 설계 도면, 제조 공정 파일은 수출통제 및 내부 보안 정책에 따라 문서에서 제외되며 프로젝트 코드 QP-ITAR-45로 관리됩니다.",
            "id": "sample_029_0062_000025",
            "annotations": [
                {
                    "word": "QP-ITAR-45",
                    "start": 79,
                    "end": 89,
                    "label": "기밀정보"
                }
            ]
        },
        {
            "sentence": "데이터 스키마 변경 이력은 마이그레이션 가이드와 함께 보관하며 backward compatibility를 유지하기 위한 필드 매핑과 테스트 체크리스트를 포함합니다.",
            "id": "sample_029_0062_000026",
            "annotations": []
        },
        {
            "sentence": "결론 및 조치항목: 캘리브레이션 주기 단축(2주), 노이즈 모델 업데이트 트리거, raw 데이터 보존정책 검토를 권고합니다.",
            "id": "sample_029_0062_000027",
            "annotations": []
        },
        {
            "sentence": "문의는 연구관리팀으로 요청하시기 바라며 개인 이메일이나 전화번호는 본 보고서에서 삭제되어 있습니다.",
            "id": "sample_029_0062_000028",
            "annotations": []
        }
    ]
}