﻿word,document,sentence,label
2026-01-05T13:12:05Z,029_0001,sample_029_0001_000002,준식별자
2026-01-04T09:07:30Z,029_0001,sample_029_0001_000010,준식별자
2026-01-05T14:02:12Z,029_0001,sample_029_0001_000017,준식별자
방동은,029_0002,sample_029_0002_000004,개인정보
조성찬,029_0002,sample_029_0002_000005,개인정보
성서영,029_0002,sample_029_0002_000006,개인정보
대전광역시,029_0002,sample_029_0002_000007,준식별자
서구,029_0002,sample_029_0002_000007,준식별자
둔산동,029_0002,sample_029_0002_000007,준식별자
1985,029_0002,sample_029_0002_000008,준식별자
03,029_0002,sample_029_0002_000008,준식별자
12,029_0002,sample_029_0002_000008,준식별자
/internal/qchip/designs/processor_v3.gds,029_0002,sample_029_0002_000009,기밀정보
10.0.0.42,029_0002,sample_029_0002_000010,기밀정보
CONFIDENTIAL-2025-07,029_0002,sample_029_0002_000011,기밀정보
민정렬,029_0003,sample_029_0003_000017,개인정보
황윤서,029_0003,sample_029_0003_000027,개인정보
/srv/quantum/proj/alpha/calibration_v2.3.cfg,029_0004,sample_029_0004_000013,기밀정보
천서영,029_0004,sample_029_0004_000018,개인정보
10.0.1.12,029_0004,sample_029_0004_000020,기밀정보
방창희,029_0004,sample_029_0004_000022,개인정보
국방연구소,029_0004,sample_029_0004_000023,준식별자
지태영,029_0005,sample_029_0005_000006,개인정보
원예리,029_0005,sample_029_0005_000028,개인정보
2026-01-07T10:15:00Z,029_0005,sample_029_0005_000004,준식별자
2026-01-07T10:20:05Z,029_0005,sample_029_0005_000021,준식별자
2026-01-07T11:00:12Z,029_0005,sample_029_0005_000022,준식별자
029_DEVICE_A7,029_0006,sample_029_0006_000002,기밀정보
EXP-2025-00123,029_0006,sample_029_0006_000003,기밀정보
2025-01-15T14:23:05Z,029_0006,sample_029_0006_000004,준식별자
2025-01-15,029_0006,sample_029_0006_000005,준식별자
대전광역시 서구,029_0006,sample_029_0006_000006,준식별자
이태호,029_0006,sample_029_0006_000007,개인정보
정효원,029_0006,sample_029_0006_000008,개인정보
/srv/quantum/exp/029_0006/raw/2025-01-15_exp001.h5,029_0006,sample_029_0006_000009,기밀정보
10.42.17.5,029_0006,sample_029_0006_000010,기밀정보
cal_v3.14.2-build57,029_0006,sample_029_0006_000011,기밀정보
2025-01-15T16:02:10Z,029_0006,sample_029_0006_000024,준식별자
고은선,029_0007,sample_029_0007_000004,개인정보
raw_measurements_20260105_v1.csv,029_0007,sample_029_0007_000016,기밀정보
processed_histograms_20260105_v1.csv,029_0007,sample_029_0007_000016,기밀정보
/srv/quantum/internal/calib/secret_params.cfg,029_0007,sample_029_0007_000023,기밀정보
10.0.8.12,029_0007,sample_029_0007_000024,기밀정보
op_07,029_0007,sample_029_0007_000017,준식별자
op_01,029_0007,sample_029_0007_000028,준식별자
op_02,029_0007,sample_029_0007_000028,준식별자
op_07,029_0007,sample_029_0007_000028,준식별자
calib_v1.2,029_0009,sample_029_0009_000009,기밀정보
NM-A23-2025,029_0009,sample_029_0009_000010,기밀정보
남도민,029_0009,sample_029_0009_000014,개인정보
서울특별시,029_0009,sample_029_0009_000015,준식별자
관악구,029_0009,sample_029_0009_000015,준식별자
/srv/qpu/calib_v1.2/logs/calib_20250115.json,029_0009,sample_029_0009_000017,기밀정보
10.0.0.5,029_0009,sample_029_0009_000018,기밀정보
s3://internal-bucket/qpu/raw/20250115/exp_004,029_0009,sample_029_0009_000020,기밀정보
서울대학교 양자연구소,029_0009,sample_029_0009_000022,준식별자
노문걸,029_0009,sample_029_0009_000023,개인정보
/opt/firmware/qpu/fw_3.4.1.bin,029_0009,sample_029_0009_000024,기밀정보
proc_pipeline_v2.py,029_0009,sample_029_0009_000016,기밀정보
유서한,029_0010,sample_029_0010_000005,개인정보
사번: 20230045,029_0010,sample_029_0010_000006,개인정보
서울시 강남구,029_0010,sample_029_0010_000007,준식별자
192.168.1.10,029_0010,sample_029_0010_000024,기밀정보
/home/quantum/secret_designs/qchip_v2.dwg,029_0010,sample_029_0010_000024,기밀정보
vpn.internal.acme,029_0010,sample_029_0010_000024,기밀정보
DEV-QUANT-001A,029_0011,sample_029_0011_000002,기밀정보
EXP-20251120-07,029_0011,sample_029_0011_000003,기밀정보
2025-11-20T14:32:10Z,029_0011,sample_029_0011_000003,준식별자
성남시,029_0011,sample_029_0011_000004,준식별자
분당구,029_0011,sample_029_0011_000004,준식별자
배승기,029_0011,sample_029_0011_000017,개인정보
NOISE-MDL-042,029_0011,sample_029_0011_000013,기밀정보
/data/raw/DEV-QUANT-001A/EXP-20251120-07/shot_counts.h5,029_0011,sample_029_0011_000019,기밀정보
/srv/calib/DEV-QUANT-001A/v1.3/calib.json,029_0011,sample_029_0011_000020,기밀정보
scripts/qubit_preproc.py v1.4,029_0011,sample_029_0011_000021,기밀정보
2025-11-20T16:10:05Z,029_0011,sample_029_0011_000021,준식별자
/data/processed/DEV-QUANT-001A/EXP-20251120-07/processed_v1.pkl,029_0011,sample_029_0011_000022,기밀정보
2025-12-20,029_0011,sample_029_0011_000028,준식별자
DEV-2023-045,029_0013,sample_029_0013_000002,기밀정보
EXP-2025-1103-01,029_0013,sample_029_0013_000002,기밀정보
2025-11-03T14:23:05Z,029_0013,sample_029_0013_000002,준식별자
"인접 연결(0-1,1-2,2-3,3-4,4-5,5-6)",029_0013,sample_029_0013_000003,기밀정보
cal_v2.7.1,029_0013,sample_029_0013_000010,기밀정보
2025-10-20T09:12:00Z,029_0013,sample_029_0013_000010,준식별자
NM-LOCAL-07,029_0013,sample_029_0013_000011,기밀정보
qc_control_v3.4.0,029_0013,sample_029_0013_000014,기밀정보
abc1234,029_0013,sample_029_0013_000014,기밀정보
박인철,029_0013,sample_029_0013_000015,개인정보
서울특별시 강남구,029_0013,sample_029_0013_000016,준식별자
RAW-20251103-EXP01,029_0013,sample_029_0013_000017,기밀정보
rb_analysis_v1.2.py,029_0013,sample_029_0013_000018,기밀정보
c9e8b2,029_0013,sample_029_0013_000018,기밀정보
2025-11-03T16:45:10Z,029_0013,sample_029_0013_000018,준식별자
성중현,029_0013,sample_029_0013_000019,개인정보
2025-11-03T14:30:00Z,029_0013,sample_029_0013_000019,준식별자
백의진,029_0013,sample_029_0013_000019,개인정보
2025-11-03T16:50:00Z,029_0013,sample_029_0013_000019,준식별자
schema_v1,029_0013,sample_029_0013_000023,기밀정보
schema_v2,029_0013,sample_029_0013_000023,기밀정보
2025-09-15T11:00:00Z,029_0013,sample_029_0013_000023,준식별자
2025-11-10T08:00:00Z,029_0013,sample_029_0013_000024,준식별자
우혜수,029_0013,sample_029_0013_000024,개인정보
DEV-AX12-202501,029_0014,sample_029_0014_000002,기밀정보
EXP-20250107-0007,029_0014,sample_029_0014_000003,기밀정보
윤한음,029_0014,sample_029_0014_000005,개인정보
문상희,029_0014,sample_029_0014_000006,개인정보
INT_CAL_2025_v1.4,029_0014,sample_029_0014_000015,기밀정보
NM_INTERNAL_ALPHA,029_0014,sample_029_0014_000016,기밀정보
/data/raw/2025/EXP-20250107-0007/raw_counts.csv,029_0014,sample_029_0014_000021,기밀정보
/data/processed/,029_0014,sample_029_0014_000022,기밀정보
lab_automation_v2,029_0014,sample_029_0014_000023,기밀정보
process_v1.8.py,029_0014,sample_029_0014_000023,기밀정보
3a1b7f,029_0014,sample_029_0014_000023,기밀정보
윤한음,029_0014,sample_029_0014_000030,개인정보
문상희,029_0014,sample_029_0014_000030,개인정보
EXP-20250107-0007,029_0014,sample_029_0014_000021,기밀정보
허용석,029_0015,sample_029_0015_000003,개인정보
QDEV-2025-029A,029_0015,sample_029_0015_000006,기밀정보
/srv/projects/quantum/exp_029_0015/calib_v3.2/notes.pdf,029_0015,sample_029_0015_000008,기밀정보
10.0.0.12,029_0015,sample_029_0015_000009,기밀정보
DEV-029-A,029_0016,sample_029_0016_000002,기밀정보
EXP-20251112-014,029_0016,sample_029_0016_000003,기밀정보
2025-11-12T14:23:05Z,029_0016,sample_029_0016_000003,준식별자
안승하,029_0016,sample_029_0016_000004,개인정보
대전광역시,029_0016,sample_029_0016_000005,준식별자
DEV-029-0017,029_0017,sample_029_0017_000002,기밀정보
EXP-20260105-001,029_0017,sample_029_0017_000003,준식별자
2026-01-05T14:32:12Z,029_0017,sample_029_0017_000004,준식별자
EXP-20260105-17,029_0018,sample_029_0018_000003,기밀정보
DEV-AX-9372,029_0018,sample_029_0018_000004,기밀정보
connectivity_map: 0-1-2-3-4-5-6,029_0018,sample_029_0018_000007,기밀정보
cal_v2.4.1_internal,029_0018,sample_029_0018_000017,기밀정보
NM-202512,029_0018,sample_029_0018_000018,기밀정보
/redacted/data/EXP-20260105-17/raw_counts.csv,029_0018,sample_029_0018_000026,기밀정보
/opt/lab/internal/scripts/exp_runner_v2.py,029_0018,sample_029_0018_000027,기밀정보
2025,029_0019,sample_029_0019_000004,준식별자
01,029_0019,sample_029_0019_000004,준식별자
15,029_0019,sample_029_0019_000004,준식별자
오선유,029_0020,sample_029_0020_000015,개인정보
사번: 20242,029_0020,sample_029_0020_000015,개인정보
1985-07-12,029_0020,sample_029_0020_000016,준식별자
서울특별시,029_0020,sample_029_0020_000017,준식별자
강남구,029_0020,sample_029_0020_000017,준식별자
/internal/repos/qchip/exp/EXP-20260107/raw_counts.h5,029_0020,sample_029_0020_000018,기밀정보
scripts/preprocess_v1.py,029_0020,sample_029_0020_000019,기밀정보
10.1.2.3,029_0020,sample_029_0020_000020,기밀정보
설계 도면,029_0020,sample_029_0020_000021,기밀정보
/internal/repos/qchip/design_v2.spec,029_0020,sample_029_0020_000021,기밀정보
제조 공정 파일,029_0020,sample_029_0020_000021,기밀정보
계좌번호: 123-456-789,029_0020,sample_029_0020_000022,기밀정보
vpn.internal.example,029_0020,sample_029_0020_000023,기밀정보
관리자 계정: admin,029_0020,sample_029_0020_000024,기밀정보
D-2025-AQ1,029_0021,sample_029_0021_000002,기밀정보
EXP-2025-001,029_0021,sample_029_0021_000003,기밀정보
2025-10-15 14:32:05,029_0021,sample_029_0021_000004,준식별자
박민유,029_0021,sample_029_0021_000005,개인정보
여성,029_0021,sample_029_0021_000006,준식별자
calib_v3.2_private,029_0021,sample_029_0021_000014,기밀정보
nm-priv-07,029_0021,sample_029_0021_000015,기밀정보
/data/exp/EXP-2025-001/raw_counts.h5,029_0021,sample_029_0021_000020,기밀정보
scripts/preproc/v1.4.py,029_0021,sample_029_0021_000021,기밀정보
abc123def,029_0021,sample_029_0021_000021,기밀정보
성지형,029_0021,sample_029_0021_000024,개인정보
10.0.12.34,029_0021,sample_029_0021_000025,기밀정보
WL-2024-09-15-A,029_0021,sample_029_0021_000026,기밀정보
최진오,029_0021,sample_029_0021_000027,개인정보
PHX-THETA,029_0022,sample_029_0022_000002,기밀정보
류유정,029_0022,sample_029_0022_000004,개인정보
국립양자연구소,029_0022,sample_029_0022_000004,준식별자
op_2026_009,029_0022,sample_029_0022_000004,개인정보
cal_v3.7.12_internal,029_0022,sample_029_0022_000014,기밀정보
곽경덕,029_0022,sample_029_0022_000028,개인정보
QUANTUM-7A,029_0023,sample_029_0023_000002,기밀정보
EXP-20251234,029_0023,sample_029_0023_000003,기밀정보
cal_v3.2.1,029_0023,sample_029_0023_000011,기밀정보
NM_PRV_12,029_0023,sample_029_0023_000012,기밀정보
주성미,029_0023,sample_029_0023_000017,개인정보
OP-0003,029_0023,sample_029_0023_000017,개인정보
유예한,029_0023,sample_029_0023_000018,개인정보
raw_counts_20250415_exp20251234.bin,029_0023,sample_029_0023_000019,기밀정보
/srv/qlab/configs/secret.cfg,029_0023,sample_029_0023_000020,기밀정보
scripts/acq_v1.4.py,029_0023,sample_029_0023_000021,기밀정보
cal_v3.2.1,029_0023,sample_029_0023_000030,기밀정보
NM_PRV_12,029_0023,sample_029_0023_000030,기밀정보
DEV-XY-2025-091,029_0024,sample_029_0024_000002,기밀정보
EXP-029-0024-20251103-A,029_0024,sample_029_0024_000003,기밀정보
2025-11-03T14:23:00Z,029_0024,sample_029_0024_000004,준식별자
공도현,029_0024,sample_029_0024_000018,개인정보
OP-029-01,029_0024,sample_029_0024_000018,기밀정보
김정하,029_0024,sample_029_0024_000020,개인정보
preprocess_v1.py,029_0024,sample_029_0024_000020,기밀정보
a1b2c3d4,029_0024,sample_029_0024_000020,기밀정보
2025-11-03T14:40:12Z,029_0024,sample_029_0024_000020,준식별자
2025-11-02,029_0024,sample_029_0024_000024,준식별자
김정하,029_0024,sample_029_0024_000024,개인정보
CAL-20251102-07,029_0024,sample_029_0024_000025,기밀정보
QPU-029-A1,029_0025,sample_029_0025_000002,기밀정보
SN-ACME-00012345,029_0025,sample_029_0025_000003,기밀정보
/srv/qc/private/calib_v1.2/,029_0025,sample_029_0025_000021,기밀정보
10.10.10.5,029_0025,sample_029_0025_000022,기밀정보
배보라,029_0026,sample_029_0026_000004,개인정보
우수헌,029_0026,sample_029_0026_000004,개인정보
서울특별시 강서구,029_0026,sample_029_0026_000005,준식별자
dev-029A-0456,029_0026,sample_029_0026_000002,기밀정보
/srv/quantum/control/v1.2/seq_config.yaml,029_0026,sample_029_0026_000022,기밀정보
10.1.5.23,029_0026,sample_029_0026_000023,기밀정보
문하윤,029_0026,sample_029_0026_000028,개인정보
2025-01-07T14:32:10Z,029_0027,sample_029_0027_000003,준식별자
2025-01-07T14:45:00Z,029_0027,sample_029_0027_000008,준식별자
2025-01-07T15:12:30Z,029_0027,sample_029_0027_000016,준식별자
/opt/secure/qc_firmware/secure_v2.bin,029_0027,sample_029_0027_000021,기밀정보
svc_qc_admin,029_0027,sample_029_0027_000021,기밀정보
192.0.2.1,029_0027,sample_029_0027_000022,기밀정보
LOT-2024-11,029_0027,sample_029_0027_000023,기밀정보
2025-11-03T14:23:12Z,029_0028,sample_029_0028_000002,준식별자
차찬웅,029_0028,sample_029_0028_000005,개인정보
양자정보연구실,029_0028,sample_029_0028_000006,준식별자
2025-11-02T09:12:00Z,029_0028,sample_029_0028_000013,준식별자
raw/exp/EXP-20251103-001/raw_counts_20251103.h5,029_0028,sample_029_0028_000018,기밀정보
processed/EXP-20251103-001/processed_v1.parquet,029_0028,sample_029_0028_000019,기밀정보
/srv/qc/calibrate_v3.sh,029_0028,sample_029_0028_000020,기밀정보
10.0.0.5,029_0028,sample_029_0028_000021,기밀정보
정지함,029_0028,sample_029_0028_000022,개인정보
2026-01-06,029_0030,sample_029_0030_000002,준식별자
2026-01-06T14:23:10Z,029_0030,sample_029_0030_000005,준식별자
DEV-AX-2026-01,029_0030,sample_029_0030_000003,기밀정보
EXP-20260106-0007,029_0030,sample_029_0030_000004,기밀정보
"connectivity_map: edges: (0-1),(1-2),(2-3),(3-4),(4-5),(5-6),(6-7)",029_0030,sample_029_0030_000006,기밀정보
cal_v3.2.1_int,029_0030,sample_029_0030_000013,기밀정보
NM-042-internal,029_0030,sample_029_0030_000014,기밀정보
cryo_stat_temperature_K = 0.015 K,029_0030,sample_029_0030_000015,일반정보
lib_pulse_v2.0,029_0030,sample_029_0030_000016,기밀정보
fw_qctrl_1.4.0-priv,029_0030,sample_029_0030_000017,기밀정보
허수훈,029_0030,sample_029_0030_000018,개인정보
연구원,029_0030,sample_029_0030_000018,준식별자
/srv/qdata/EXP-20260106-0007/raw,029_0030,sample_029_0030_000020,기밀정보
proc_script_v0.9.py,029_0030,sample_029_0030_000022,기밀정보
원근원,029_0031,sample_029_0031_000019,개인정보
국립대학교 양자연구실,029_0031,sample_029_0031_000020,준식별자
/srv/qc/raw/exp_029_0031/measurements_2025-11-12.h5,029_0031,sample_029_0031_000017,기밀정보
/srv/qc/processed/exp_029_0031/processed_v1.csv,029_0031,sample_029_0031_000018,기밀정보
/srv/qc/designs/alpha_circuit_spec_v3.enc,029_0031,sample_029_0031_000025,기밀정보
10.10.10.5,029_0031,sample_029_0031_000026,기밀정보
안율건,029_0032,sample_029_0032_000008,개인정보
박난영,029_0032,sample_029_0032_000011,개인정보
사번 20230045,029_0032,sample_029_0032_000011,개인정보
1985,029_0032,sample_029_0032_000010,준식별자
07,029_0032,sample_029_0032_000010,준식별자
12,029_0032,sample_029_0032_000010,준식별자
서울특별시,029_0032,sample_029_0032_000009,준식별자
강남구,029_0032,sample_029_0032_000009,준식별자
10.10.23.5,029_0032,sample_029_0032_000024,기밀정보
/srv/quantum/controls/v1.2/firmware.bin,029_0032,sample_029_0032_000024,기밀정보
vpn.internal.quantum.example.com,029_0032,sample_029_0032_000025,기밀정보
ITAR,029_0032,sample_029_0032_000023,기밀정보
QTECH-2024-07,029_0032,sample_029_0032_000026,기밀정보
029_DEV_A,029_0034,sample_029_0034_000003,기밀정보
exp_029_0034_0001,029_0034,sample_029_0034_000004,기밀정보
2025-11-03T14:23:05Z,029_0034,sample_029_0034_000005,준식별자
2025-11-03T09:12:00Z,029_0034,sample_029_0034_000015,준식별자
민세한,029_0034,sample_029_0034_000020,개인정보
류재린,029_0034,sample_029_0034_000026,개인정보
민가린,029_0035,sample_029_0035_000017,개인정보
전정철,029_0035,sample_029_0035_000028,개인정보
QPU-029-A,029_0036,sample_029_0036_000002,기밀정보
EXP-0036-20251118-01,029_0036,sample_029_0036_000003,기밀정보
2025-11-18T14:23:05Z,029_0036,sample_029_0036_000004,준식별자
CAL_v2.4.1,029_0036,sample_029_0036_000013,기밀정보
NM-2025-quantumlab-1,029_0036,sample_029_0036_000014,기밀정보
"qctrl-suite v3.11.0-beta (git commit abcdef0, timestamp 2025-11-18T12:00:00Z)",029_0036,sample_029_0036_000017,기밀정보
quantum_lab_acq_script.py,029_0036,sample_029_0036_000020,기밀정보
da39a3ee,029_0036,sample_029_0036_000020,기밀정보
2025-11-18T14:25:00Z,029_0036,sample_029_0036_000020,준식별자
migrate_v1_to_v12.py,029_0036,sample_029_0036_000024,기밀정보
민규동,029_0037,sample_029_0037_000004,개인정보
2025-01-07 14:23:00 KST,029_0037,sample_029_0037_000003,준식별자
2025,029_0037,sample_029_0037_000003,준식별자
01,029_0037,sample_029_0037_000003,준식별자
07,029_0037,sample_029_0037_000003,준식별자
QPU-029-0038,029_0038,sample_029_0038_000002,기밀정보
EXP-20250115-001,029_0038,sample_029_0038_000003,기밀정보
2025-01-15T09:32:12Z,029_0038,sample_029_0038_000004,준식별자
cal_v3.2.1,029_0038,sample_029_0038_000013,기밀정보
2025-01-14,029_0038,sample_029_0038_000013,준식별자
NM-ALPHA-07,029_0038,sample_029_0038_000014,기밀정보
ctrl_sw_5.4.2,029_0038,sample_029_0038_000017,기밀정보
fw_qc_1.8.0,029_0038,sample_029_0038_000017,기밀정보
심빈,029_0038,sample_029_0038_000018,개인정보
qpu_stream_20250115_093212.h5,029_0038,sample_029_0038_000020,기밀정보
전주헌,029_0038,sample_029_0038_000021,개인정보
analysis_v1.4.py,029_0038,sample_029_0038_000021,기밀정보
a1b2c3d,029_0038,sample_029_0038_000021,기밀정보
2025-01-15T09:45:00Z,029_0038,sample_029_0038_000021,준식별자
DEV-029-0007,029_0039,sample_029_0039_000002,기밀정보
EXP-20260106-017,029_0039,sample_029_0039_000003,기밀정보
고명규,029_0039,sample_029_0039_000018,개인정보
손지완,029_0039,sample_029_0039_000027,개인정보
dev-029a,029_0040,sample_029_0040_000001,기밀정보
박하희,029_0040,sample_029_0040_000004,개인정보
researcher_001,029_0040,sample_029_0040_000004,개인정보
사번: 2024-0001,029_0040,sample_029_0040_000004,개인정보
성별: 여성,029_0040,sample_029_0040_000005,준식별자
생년월일: 1985-07-12,029_0040,sample_029_0040_000005,준식별자
소속: 한국양자연구소,029_0040,sample_029_0040_000005,준식별자
exp-20251115-0040,029_0040,sample_029_0040_000006,기밀정보
dev-029a,029_0040,sample_029_0040_000006,기밀정보
/opt/quantum/calib/v3.2/run_calib.sh,029_0040,sample_029_0040_000019,기밀정보
/srv/internal/exp_data/029/0040/raw/exp-20251115-0040.h5,029_0040,sample_029_0040_000020,기밀정보
/srv/internal/exp_data/029/0040/processed/,029_0040,sample_029_0040_000021,기밀정보
git.internal/quantum/seq_cal_v3,029_0040,sample_029_0040_000022,기밀정보
a1b2c3d4,029_0040,sample_029_0040_000022,기밀정보
10.0.4.22,029_0040,sample_029_0040_000026,기밀정보
MB-2024-07-15,029_0040,sample_029_0040_000027,기밀정보
QPU-Alpha-001,029_0041,sample_029_0041_000003,기밀정보
EXP-20250115-42,029_0041,sample_029_0041_000004,기밀정보
cal_v3.2.1,029_0041,sample_029_0041_000014,기밀정보
NM-2025-v1,029_0041,sample_029_0041_000015,기밀정보
0.015 K,029_0041,sample_029_0041_000016,일반정보
안태환,029_0041,sample_029_0041_000019,개인정보
/data/experiments/2025/EXP-20250115-42/raw_8192.h5,029_0041,sample_029_0041_000021,기밀정보
/data/experiments/2025/EXP-20250115-42/processed_8192_v1.parquet,029_0041,sample_029_0041_000022,기밀정보
aq_v2.1.py,029_0041,sample_029_0041_000023,기밀정보
a1b2c3d,029_0041,sample_029_0041_000023,기밀정보
김시현,029_0041,sample_029_0041_000023,개인정보
EXP-20250115-42,029_0041,sample_029_0041_000021,기밀정보
EXP-20250115-42,029_0041,sample_029_0041_000022,기밀정보
허하성,029_0042,sample_029_0042_000018,개인정보
operator_001,029_0042,sample_029_0042_000018,개인정보
문동형,029_0042,sample_029_0042_000021,개인정보
사번: 2024-0012,029_0042,sample_029_0042_000018,개인정보
남성,029_0042,sample_029_0042_000019,준식별자
1985-07-12,029_0042,sample_029_0042_000019,준식별자
QuantumLab-X,029_0042,sample_029_0042_000019,준식별자
서울특별시,029_0042,sample_029_0042_000020,준식별자
/srv/quantum/scripts/run_experiment_v2.py,029_0042,sample_029_0042_000021,기밀정보
/srv/quantum/control/fw/v2/calib.bin,029_0042,sample_029_0042_000021,기밀정보
/data/experiments/029/0042/raw_counts.h5,029_0042,sample_029_0042_000022,기밀정보
/data/experiments/029/0042/processed/summary_v1.csv,029_0042,sample_029_0042_000023,기밀정보
10.0.5.12,029_0042,sample_029_0042_000025,기밀정보
vpn.internal.quantum,029_0042,sample_029_0042_000025,기밀정보
ABCD-1234-XYZ,029_0042,sample_029_0042_000026,기밀정보
백제영,029_0043,sample_029_0043_000005,개인정보
2025,029_0043,sample_029_0043_000005,준식별자
11,029_0043,sample_029_0043_000005,준식별자
15,029_0043,sample_029_0043_000005,준식별자
2025,029_0043,sample_029_0043_000021,준식별자
11,029_0043,sample_029_0043_000021,준식별자
15,029_0043,sample_029_0043_000021,준식별자
양미영,029_0044,sample_029_0044_000019,개인정보
2025,029_0044,sample_029_0044_000004,준식별자
09,029_0044,sample_029_0044_000004,준식별자
17,029_0044,sample_029_0044_000004,준식별자
윤리준,029_0045,sample_029_0045_000004,개인정보
029_0045,029_0045,sample_029_0045_000002,기밀정보
EXP_20251112_0007,029_0045,sample_029_0045_000003,기밀정보
2025,029_0045,sample_029_0045_000003,준식별자
11,029_0045,sample_029_0045_000003,준식별자
12,029_0045,sample_029_0045_000003,준식별자
raw_20251112_001.dat,029_0045,sample_029_0045_000020,기밀정보
QC_DEV_029-0046,029_0046,sample_029_0046_000003,기밀정보
/internal/configs/cryostat_v2.cfg,029_0046,sample_029_0046_000027,기밀정보
10.8.0.5,029_0046,sample_029_0046_000028,기밀정보
ITAR/EAR,029_0046,sample_029_0046_000029,기밀정보
2025-05-12T14:23:00Z,029_0048,sample_029_0048_000004,준식별자
2025-05-12T14:23:46Z,029_0048,sample_029_0048_000022,준식별자
10.10.10.8,029_0048,sample_029_0048_000027,기밀정보
admin_qctrl,029_0048,sample_029_0048_000027,기밀정보
LOT-42,029_0048,sample_029_0048_000026,기밀정보
임새라,029_0049,sample_029_0049_000005,개인정보
/srv/internal/configs/quantum/ctrl_secret_v2.yaml,029_0049,sample_029_0049_000012,기밀정보
10.8.12.5,029_0049,sample_029_0049_000020,기밀정보
장정헌,029_0050,sample_029_0050_000005,개인정보
op_2025_045,029_0050,sample_029_0050_000005,개인정보
조두현,029_0050,sample_029_0050_000021,개인정보
민기영,029_0050,sample_029_0050_000030,개인정보
양자하드웨어연구실,029_0050,sample_029_0050_000025,준식별자
/srv/internal/calibration/029/exp_003/cal_v3.2.1.json,029_0050,sample_029_0050_000014,기밀정보
/data/raw/029/exp_003/shots_8192.h5,029_0050,sample_029_0050_000020,기밀정보
10.0.0.45,029_0050,sample_029_0050_000022,기밀정보
https://internal.company.local/secure,029_0050,sample_029_0050_000023,기밀정보
SN-QUANT-2025-0098,029_0050,sample_029_0050_000024,기밀정보
2024-11-15T14:23:05Z,029_0051,sample_029_0051_000004,준식별자
양은겸,029_0051,sample_029_0051_000018,개인정보
internal_repo_qa,029_0051,sample_029_0051_000019,기밀정보
임유나,029_0051,sample_029_0051_000021,개인정보
정설우,029_0051,sample_029_0051_000024,개인정보
한국양자연구소,029_0052,sample_029_0052_000002,준식별자
전권,029_0052,sample_029_0052_000014,개인정보
전아인,029_0052,sample_029_0052_000015,개인정보
사번: 2023-045,029_0052,sample_029_0052_000015,개인정보
민기윤,029_0052,sample_029_0052_000016,개인정보
사번: 2021-118,029_0052,sample_029_0052_000016,개인정보
\\srv-internal\\projects\\quantum\\calibration\\cal_v3.7.12.json,029_0052,sample_029_0052_000018,기밀정보
ITAR_RESTRICTED,029_0052,sample_029_0052_000019,기밀정보
10.0.4.12,029_0052,sample_029_0052_000020,기밀정보
오민유,029_0052,sample_029_0052_000026,개인정보
QDEV-2025-042,029_0053,sample_029_0053_000002,기밀정보
EXP-00012345,029_0053,sample_029_0053_000003,기밀정보
서진하,029_0053,sample_029_0053_000004,개인정보
2025,029_0053,sample_029_0053_000003,준식별자
11,029_0053,sample_029_0053_000003,준식별자
13,029_0053,sample_029_0053_000003,준식별자
2025,029_0053,sample_029_0053_000019,준식별자
11,029_0053,sample_029_0053_000019,준식별자
13,029_0053,sample_029_0053_000019,준식별자
2025,029_0053,sample_029_0053_000027,준식별자
11,029_0053,sample_029_0053_000027,준식별자
27,029_0053,sample_029_0053_000027,준식별자
QC-029-0057,029_0057,sample_029_0057_000002,기밀정보
EXP-2025-001,029_0057,sample_029_0057_000003,기밀정보
cal_v1.3.2-priv,029_0057,sample_029_0057_000012,기밀정보
NM-2024-A,029_0057,sample_029_0057_000013,기밀정보
qctrl-suite-2.7.1,029_0057,sample_029_0057_000016,기밀정보
노해온,029_0057,sample_029_0057_000017,개인정보
고하림,029_0057,sample_029_0057_000018,개인정보
배승리,029_0057,sample_029_0057_000027,개인정보
CRYO-SN-8891,029_0057,sample_029_0057_000028,기밀정보
서아진,029_0058,sample_029_0058_000014,개인정보
op-az-0001,029_0058,sample_029_0058_000014,개인정보
여성,029_0058,sample_029_0058_000015,준식별자
서울특별시,029_0058,sample_029_0058_000016,준식별자
/srv/qc/device_config/chip_v2,029_0058,sample_029_0058_000020,기밀정보
10.0.0.5,029_0058,sample_029_0058_000021,기밀정보
전이솜,029_0059,sample_029_0059_000015,개인정보
여성,029_0059,sample_029_0059_000015,준식별자
서울특별시 강남구,029_0059,sample_029_0059_000016,준식별자
/srv/internal/qc/exp59/calib_v3.2/secret_config.yaml,029_0059,sample_029_0059_000018,기밀정보
10.1.4.12,029_0059,sample_029_0059_000025,기밀정보
최송주,029_0059,sample_029_0059_000026,개인정보
승인자: 최송주(내부결재),029_0059,sample_029_0059_000026,기밀정보
QPU-ACME-0007,029_0060,sample_029_0060_000002,기밀정보
EXP-2025-029-0060,029_0060,sample_029_0060_000002,기밀정보
2025-06-01T12:34:56Z,029_0060,sample_029_0060_000002,준식별자
Q0-Q1-Q2-Q3-Q4,029_0060,sample_029_0060_000004,기밀정보
NM-PRIV-2025,029_0060,sample_029_0060_000012,기밀정보
OP-0001,029_0060,sample_029_0060_000017,개인정보
/srv/qdata/experiment/029/0060/raw,029_0060,sample_029_0060_000019,기밀정보
git.internal.acme/qc/firmware.git,029_0060,sample_029_0060_000021,기밀정보
2025-06-15,029_0060,sample_029_0060_000027,준식별자
QPU-ALPHA-027,029_0061,sample_029_0061_000002,기밀정보
EXP-2025-0423-07,029_0061,sample_029_0061_000003,기밀정보
한담이,029_0061,sample_029_0061_000007,개인정보
윤예송,029_0061,sample_029_0061_000012,개인정보
/srv/qdata/raw/029/0061/exp07.h5,029_0061,sample_029_0061_000019,기밀정보
ctl-node-12.internal,029_0061,sample_029_0061_000027,기밀정보
안택훈,029_0062,sample_029_0062_000017,개인정보
A-1001,029_0062,sample_029_0062_000017,개인정보
국립양자연구소,029_0062,sample_029_0062_000017,준식별자
서울특별시,029_0062,sample_029_0062_000017,준식별자
연구원,029_0062,sample_029_0062_000017,준식별자
/srv/internal/calib_logs/v2/calib_2025-11-12.log,029_0062,sample_029_0062_000019,기밀정보
10.0.5.12,029_0062,sample_029_0062_000020,기밀정보
QP-ITAR-45,029_0062,sample_029_0062_000025,기밀정보
QC_DEV_SN-00012345,029_0066,sample_029_0066_000002,기밀정보
EXP-2025-07-18-042,029_0066,sample_029_0066_000003,기밀정보
cal_v2.14_internal,029_0066,sample_029_0066_000011,기밀정보
nm_alpha_7b_internal,029_0066,sample_029_0066_000012,기밀정보
/internal/calibration/logs/cal_v2.14/log_042.json,029_0066,sample_029_0066_000024,기밀정보
고라인,029_0067,sample_029_0067_000015,개인정보
고라인,029_0067,sample_029_0067_000026,개인정보
2025-10-14T09:23:45Z,029_0067,sample_029_0067_000002,준식별자
EXP-20251014-001,029_0067,sample_029_0067_000002,준식별자
2025.10.14-rc2,029_0067,sample_029_0067_000009,준식별자
raw_counts_2025-10-14_v1,029_0067,sample_029_0067_000017,준식별자
2025-10-14T10:05:12Z,029_0067,sample_029_0067_000018,준식별자
2025-11-01,029_0067,sample_029_0067_000026,준식별자
2025-01-05T09:15:00Z,029_0068,sample_029_0068_000002,준식별자
정여름,029_0068,sample_029_0068_000014,개인정보
서울특별시,029_0068,sample_029_0068_000015,준식별자
/opt/quantum/internal/cal_v1.4.3.cfg,029_0068,sample_029_0068_000009,기밀정보
/data/raw/exp029_0068_v1.h5,029_0068,sample_029_0068_000016,기밀정보
192.168.10.45,029_0068,sample_029_0068_000017,기밀정보
vpn.internal.example.com,029_0068,sample_029_0068_000018,기밀정보
유늘,029_0068,sample_029_0068_000019,개인정보
2025-02-10,029_0068,sample_029_0068_000026,준식별자
조중기,029_0068,sample_029_0068_000027,개인정보
황효연,029_0069,sample_029_0069_000012,개인정보
황효연,029_0069,sample_029_0069_000013,개인정보
emp_00721,029_0069,sample_029_0069_000013,개인정보
성별: 남,029_0069,sample_029_0069_000014,준식별자
생년월일: 1985-07-12,029_0069,sample_029_0069_000014,준식별자
/srv/internal/calib/sequence_v1.2/proc.cal,029_0069,sample_029_0069_000015,기밀정보
vpn.internal.example.com,029_0069,sample_029_0069_000021,기밀정보
10.0.3.21,029_0069,sample_029_0069_000021,기밀정보
/internal/reports/quantum/2025_QV_report.pdf,029_0069,sample_029_0069_000027,기밀정보
임희진,029_0070,sample_029_0070_000002,개인정보
1985-06-15,029_0070,sample_029_0070_000005,준식별자
서울특별시,029_0070,sample_029_0070_000006,준식별자
실험물리학자,029_0070,sample_029_0070_000007,준식별자
10.10.10.12,029_0070,sample_029_0070_000010,기밀정보
2026-01-07T10:15:23Z,029_0071,sample_029_0071_000002,준식별자
2026-01-07T12:00:00Z,029_0071,sample_029_0071_000021,준식별자
/internal/experiment/2025/raw/EXP-2025-0072.h5,029_0072,sample_029_0072_000013,기밀정보
10.0.0.12,029_0072,sample_029_0072_000015,기밀정보
http://int-corp.local/secure,029_0072,sample_029_0072_000015,기밀정보
고계순,029_0072,sample_029_0072_000016,개인정보
여성,029_0072,sample_029_0072_000016,준식별자
최시현,029_0072,sample_029_0072_000017,개인정보
서울 관악구,029_0072,sample_029_0072_000018,준식별자
/internal/manufacturing/wafer_layouts/2025,029_0072,sample_029_0072_000022,기밀정보
원리영,029_0074,sample_029_0074_000019,개인정보
윤현희,029_0074,sample_029_0074_000020,개인정보
OP_ANON_0001,029_0075,sample_029_0075_000016,개인정보
OP_ANON_0001,029_0075,sample_029_0075_000025,개인정보
/srv/internal/calib/v3.log,029_0075,sample_029_0075_000011,기밀정보
국립양자연구소,029_0075,sample_029_0075_000017,준식별자
10.0.3.12,029_0075,sample_029_0075_000019,기밀정보
/data/experiments/029/2025-01-07/raw_counts.h5,029_0075,sample_029_0075_000020,기밀정보
/data/experiments/029/2025-01-07/processed_probs.csv,029_0075,sample_029_0075_000021,기밀정보
ITAR/EAR 적용 대상(세부파라미터 비공개),029_0075,sample_029_0075_000026,기밀정보
홍정인,029_0076,sample_029_0076_000002,개인정보
S-2025-01,029_0076,sample_029_0076_000003,개인정보
양자정보연구실,029_0076,sample_029_0076_000004,준식별자
서울특별시 관악구,029_0076,sample_029_0076_000004,준식별자
ITAR,029_0076,sample_029_0076_000005,기밀정보
QCHIP-RED,029_0076,sample_029_0076_000006,기밀정보
10.0.0.42,029_0076,sample_029_0076_000025,기밀정보
/srv/internal/qubit_designs/alpha_override,029_0076,sample_029_0076_000026,기밀정보
지찬규,029_0077,sample_029_0077_000017,개인정보
op_029_0077_01,029_0077,sample_029_0077_000017,개인정보
한국양자연구소,029_0077,sample_029_0077_000019,준식별자
raw_counts_20260107.h5,029_0077,sample_029_0077_000020,기밀정보
QC-029-A,029_0078,sample_029_0078_000002,기밀정보
EXP-2025-078,029_0078,sample_029_0078_000003,기밀정보
2025-01-06T14:23:07Z,029_0078,sample_029_0078_000003,준식별자
NM-78,029_0078,sample_029_0078_000013,기밀정보
허인우,029_0078,sample_029_0078_000017,개인정보
윤경애,029_0078,sample_029_0078_000019,개인정보
엄이봄,029_0080,sample_029_0080_000017,개인정보
2025-12-03T09:15:00Z,029_0080,sample_029_0080_000002,준식별자
국립양자연구소,029_0081,sample_029_0081_000003,준식별자
서울특별시,029_0081,sample_029_0081_000004,준식별자
강남구,029_0081,sample_029_0081_000004,준식별자
황남규,029_0081,sample_029_0081_000007,개인정보
채윤혁,029_0081,sample_029_0081_000011,개인정보
cal_v3.2.1_internal,029_0081,sample_029_0081_000012,기밀정보
nm_qlab_A_v1,029_0081,sample_029_0081_000013,기밀정보
qc_control_v1.14.0_build23,029_0081,sample_029_0081_000014,기밀정보
10.0.3.12,029_0081,sample_029_0081_000020,기밀정보
/srv/quantum/experiments/029_0081/raw/,029_0081,sample_029_0081_000021,기밀정보
proc_v2.py,029_0081,sample_029_0081_000022,기밀정보
CAL-2025-01-07-29.pdf,029_0081,sample_029_0081_000023,기밀정보
device_029_QPU_0001,029_0082,sample_029_0082_000003,기밀정보
exp_029_20251112_001,029_0082,sample_029_0082_000004,기밀정보
2025,029_0082,sample_029_0082_000004,준식별자
11,029_0082,sample_029_0082_000004,준식별자
12,029_0082,sample_029_0082_000004,준식별자
09:23:15,029_0082,sample_029_0082_000004,준식별자
원어진,029_0082,sample_029_0082_000005,개인정보
noise_XYZ-2025,029_0082,sample_029_0082_000015,기밀정보
raw_20251112_001,029_0082,sample_029_0082_000019,기밀정보
대전광역시,029_0082,sample_029_0082_000021,준식별자
나우진,029_0083,sample_029_0083_000016,개인정보
서울특별시,029_0083,sample_029_0083_000017,준식별자
국가과학기술연구소,029_0083,sample_029_0083_000018,준식별자
/srv/internal/calibration/secret_config.yaml,029_0083,sample_029_0083_000019,기밀정보
10.0.0.5,029_0083,sample_029_0083_000030,기밀정보
vpn.lab.internal,029_0083,sample_029_0083_000030,기밀정보
2025-06-15T14:23:10Z,029_0084,sample_029_0084_000003,준식별자
DEV-029-QC-001,029_0084,sample_029_0084_000004,기밀정보
EXP-029-20250615-001,029_0084,sample_029_0084_000005,기밀정보
full_mesh_7,029_0084,sample_029_0084_000006,기밀정보
민환,029_0084,sample_029_0084_000020,개인정보
박크리스토퍼,029_0084,sample_029_0084_000026,개인정보
2025-06-15T15:10:05Z,029_0084,sample_029_0084_000031,준식별자
DEV-QPU-042,029_0085,sample_029_0085_000002,기밀정보
EXP-2026-001,029_0085,sample_029_0085_000003,기밀정보
2026,029_0085,sample_029_0085_000004,준식별자
01,029_0085,sample_029_0085_000005,준식별자
05,029_0085,sample_029_0085_000006,준식별자
cal_v3.7.2_internal,029_0085,sample_029_0085_000015,기밀정보
noiseModel_internal_09,029_0085,sample_029_0085_000016,기밀정보
qc_control_v2.14.0-beta,029_0085,sample_029_0085_000019,기밀정보
고수정,029_0085,sample_029_0085_000020,개인정보
대전시 유성구,029_0085,sample_029_0085_000021,준식별자
RAW_2026_001,029_0085,sample_029_0085_000022,기밀정보
analysis_pipeline_v1.02,029_0085,sample_029_0085_000022,기밀정보
preproc_v1.02,029_0085,sample_029_0085_000023,기밀정보
2026,029_0085,sample_029_0085_000026,준식별자
02,029_0085,sample_029_0085_000027,준식별자
15,029_0085,sample_029_0085_000028,준식별자
DEV-029-0086-SN42,029_0086,sample_029_0086_000002,기밀정보
EXP-20260105-1145,029_0086,sample_029_0086_000003,기밀정보
차찬규,029_0086,sample_029_0086_000005,개인정보
KAIST 양자연구실,029_0086,sample_029_0086_000006,준식별자
gitlab.internal/quantum/firmware,029_0086,sample_029_0086_000020,기밀정보
ITAR/EAR,029_0086,sample_029_0086_000021,기밀정보
/srv/internal/cal/seq_v3.2,029_0086,sample_029_0086_000022,기밀정보
류태강,029_0087,sample_029_0087_000013,개인정보
오준협,029_0087,sample_029_0087_000020,개인정보
홍겸서,029_0087,sample_029_0087_000026,개인정보
op_office@internal.quant,029_0087,sample_029_0087_000020,개인정보
1985년 07월 12일,029_0087,sample_029_0087_000022,준식별자
서울특별시 관악구 봉천동,029_0087,sample_029_0087_000023,준식별자
한국양자연구소,029_0087,sample_029_0087_000023,준식별자
10.0.16.45,029_0087,sample_029_0087_000024,기밀정보
/srv/internal/calib/v1.4/secret_config.json,029_0087,sample_029_0087_000024,기밀정보
vpn.quantum.local,029_0087,sample_029_0087_000025,기밀정보
wafer_map_v3_internal.xlsx,029_0087,sample_029_0087_000025,기밀정보
문연주,029_0088,sample_029_0088_000018,개인정보
QDEV-029-88-A,029_0088,sample_029_0088_000002,기밀정보
EXP-2025-12-01-0007,029_0088,sample_029_0088_000003,기밀정보
/srv/internal/qdata/029_0088/calib/calib_v3.json,029_0088,sample_029_0088_000021,기밀정보
10.10.88.29,029_0088,sample_029_0088_000022,기밀정보
한국양자연구소,029_0088,sample_029_0088_000027,준식별자
관악구,029_0088,sample_029_0088_000019,준식별자
CRYO-88-2025,029_0088,sample_029_0088_000015,기밀정보
cal_v2.3.7-internal,029_0089,sample_029_0089_000007,기밀정보
/srv/internal/exp/029_0089/raw_20260105.h5,029_0089,sample_029_0089_000007,기밀정보
윤영대,029_0089,sample_029_0089_000012,개인정보
국가양자연구소,029_0089,sample_029_0089_000012,준식별자
윤영대,029_0089,sample_029_0089_000013,개인정보
/srv/internal/calibration/2026-01-05/cal.dat,029_0089,sample_029_0089_000016,기밀정보
device_029_0001,029_0090,sample_029_0090_000002,기밀정보
exp_20250315_0001,029_0090,sample_029_0090_000003,기밀정보
2025-03-15 14:23:00 UTC,029_0090,sample_029_0090_000004,준식별자
2025-03-16 09:12:45 UTC,029_0090,sample_029_0090_000005,준식별자
권윤나,029_0090,sample_029_0090_000006,개인정보
주강욱,029_0090,sample_029_0090_000007,개인정보
CH-2025-0007,029_0090,sample_029_0090_000017,기밀정보
dev-QUANT-0007,029_0091,sample_029_0091_000002,기밀정보
exp-2026-0421-A,029_0091,sample_029_0091_000003,기밀정보
백중원,029_0091,sample_029_0091_000004,개인정보
DEV-029-A1,029_0092,sample_029_0092_000002,기밀정보
EXP-20260105-042,029_0092,sample_029_0092_000003,기밀정보
2026-01-05T14:23:12Z,029_0092,sample_029_0092_000004,준식별자
엄예설,029_0092,sample_029_0092_000011,개인정보
ID_OP_0001,029_0092,sample_029_0092_000011,개인정보
cal_v3.2.1,029_0092,sample_029_0092_000013,기밀정보
NM-07b,029_0092,sample_029_0092_000014,기밀정보
qctrl-2.5.0,029_0092,sample_029_0092_000018,기밀정보
raw_data_20260105_exp042.h5,029_0092,sample_029_0092_000020,기밀정보
device_029_093A,029_0093,sample_029_0093_000002,기밀정보
exp_20250105_0001,029_0093,sample_029_0093_000003,기밀정보
2025-01-05T14:32:10Z,029_0093,sample_029_0093_000003,준식별자
유영서,029_0093,sample_029_0093_000004,개인정보
nm_2025_07,029_0093,sample_029_0093_000010,기밀정보
cal_v3.2.1_internal,029_0093,sample_029_0093_000012,기밀정보
2025-01-19,029_0093,sample_029_0093_000024,준식별자
우연수,029_0094,sample_029_0094_000004,개인정보
사번: 20231234,029_0094,sample_029_0094_000004,개인정보
2025,029_0094,sample_029_0094_000005,준식별자
01,029_0094,sample_029_0094_000005,준식별자
06,029_0094,sample_029_0094_000005,준식별자
서울대학교 양자연구소,029_0094,sample_029_0094_000019,준식별자
강남구,029_0094,sample_029_0094_000019,준식별자
/opt/quantum/calibration/v1,029_0094,sample_029_0094_000014,기밀정보
internal-db.quantum.local,029_0094,sample_029_0094_000018,기밀정보
192.168.10.5,029_0094,sample_029_0094_000020,기밀정보
qadmin,029_0094,sample_029_0094_000021,기밀정보
ITAR,029_0094,sample_029_0094_000023,기밀정보
유하랑,029_0095,sample_029_0095_000007,개인정보
internal_calib_v1.2.bin,029_0095,sample_029_0095_000012,기밀정보
/srv/qctrl/proc/pipeline_v1.4/internal_clean.py,029_0095,sample_029_0095_000020,기밀정보
int-server.lab.internal,029_0095,sample_029_0095_000021,기밀정보
백세령,029_0096,sample_029_0096_000005,개인정보
성남시 분당구,029_0096,sample_029_0096_000006,준식별자
2025-06-15T13:22:10Z,029_0096,sample_029_0096_000004,준식별자
Atlas-Phase2,029_0096,sample_029_0096_000007,기밀정보
천나임,029_0097,sample_029_0097_000018,개인정보
실험물리학자,029_0097,sample_029_0097_000018,준식별자
서울특별시 양자연구소,029_0097,sample_029_0097_000018,준식별자
1985-07-12,029_0097,sample_029_0097_000018,준식별자
공희은,029_0097,sample_029_0097_000019,개인정보
전무형,029_0097,sample_029_0097_000019,개인정보
raw/EXP-20251112-0097-raw.h5,029_0097,sample_029_0097_000013,기밀정보
/internal/approvals/exp_0097/approval_v2.pdf,029_0097,sample_029_0097_000020,기밀정보
op_qdev,029_0097,sample_029_0097_000021,기밀정보
vpn.internal.quantum,029_0097,sample_029_0097_000021,기밀정보
10.8.0.12,029_0097,sample_029_0097_000021,기밀정보
한시환,029_0099,sample_029_0099_000024,개인정보
민수경,029_0099,sample_029_0099_000025,개인정보
서윤수,029_0100,sample_029_0100_000023,개인정보
029-0100-DEV-A,029_0100,sample_029_0100_000003,기밀정보
EXP-2025-0007,029_0100,sample_029_0100_000004,기밀정보
/srv/quantum/exp/029/0100/raw_shots_20250115.h5,029_0100,sample_029_0100_000018,기밀정보
/srv/quantum/exp/029/0100/calib_v3.log,029_0100,sample_029_0100_000019,기밀정보
git.internal.company/quantum/029_0100,029_0100,sample_029_0100_000022,기밀정보
10.12.34.56,029_0100,sample_029_0100_000029,기밀정보
SN-AB1234,029_0100,sample_029_0100_000008,기밀정보
서울특별시 강서구,029_0100,sample_029_0100_000030,준식별자
