{
    "document_id": "020_0024",
    "document_title": "미디어 자산 메타데이터 및 권리관리 종합보고서",
    "data": [
        {
            "sentence": "본 문서는 방송·영화·디지털 콘텐츠의 메타데이터와 권리관리 현황을 종합적으로 기록한 보고서이며 기술적·상업적 파이프라인 요구사항을 포함합니다.",
            "id": "sample_020_0024_000001",
            "annotations": []
        },
        {
            "sentence": "대상 자산은 content_id CNT-020-0024-0001로 식별되며 EIDR 식별자는 10.5240/ABCD-1234-5678-9ABC-DEF0-0000-C로 매핑되어 있습니다.",
            "id": "sample_020_0024_000002",
            "annotations": []
        },
        {
            "sentence": "title은 '심야의 고요', original_title은 'Silent Nightfall'로 다국어 표기 규약에 따라 기록되어 있습니다.",
            "id": "sample_020_0024_000003",
            "annotations": []
        },
        {
            "sentence": "synopsis는 장르적 배경과 주제, 권리 이슈를 포함한 3문단 형식의 설명으로 보관되며 synopsis_short는 140자 이내의 요약으로 레포지토리에 등록됩니다.",
            "id": "sample_020_0024_000004",
            "annotations": []
        },
        {
            "sentence": "genre는 Drama, subgenre는 Psychological이며 tags에는 '미스터리','심리','야간촬영' 등이 표준화된 태그 코드를 사용해 첨부됩니다.",
            "id": "sample_020_0024_000005",
            "annotations": []
        },
        {
            "sentence": "language_original은 ko, language_subtitles는 ['ko','en','ja']로 명시하고 다국어 필드는 ISO 언어코드를 사용합니다.",
            "id": "sample_020_0024_000006",
            "annotations": []
        },
        {
            "sentence": "duration_seconds는 6120, release_date는 2024-11-15T00:00:00Z, production_year는 2024, country_of_origin는 KR로 기록합니다.",
            "id": "sample_020_0024_000007",
            "annotations": []
        },
        {
            "sentence": "distributor는 '오로라미디어 배급사'로, publisher와 rights_holder는 계약서 명칭을 기준으로 각각 등록되어 권한 소유를 증명합니다.",
            "id": "sample_020_0024_000008",
            "annotations": []
        },
        {
            "sentence": "license_type은 exclusive OTT SVOD 영구라이선스가 아닌 기간제 non-exclusive로, license_start_date는 2024-11-15, license_end_date는 2027-11-14로 명시됩니다.",
            "id": "sample_020_0024_000009",
            "annotations": []
        },
        {
            "sentence": "territories는 ['KR','JP']로 한정되며 미허가 지역은 접근 허용 플래그를 절대 true로 설정하지 않습니다; 지역별 DRM 정책이 적용됩니다.",
            "id": "sample_020_0024_000010",
            "annotations": []
        },
        {
            "sentence": "rating_board는 'KMRB', rating_value는 '15세 이상 관람가'로 심의 이력을 포함해 권한별 제공 가능 여부를 판단합니다.",
            "id": "sample_020_0024_000011",
            "annotations": []
        },
        {
            "sentence": "cast_creatives 주연에는 성상욱(가명)과 심희원(가명)이 등록되어 있으며 출연자 크레딧과 계약서 참조 필드에 배우 식별자만 저장합니다.",
            "id": "sample_020_0024_000012",
            "annotations": [
                {
                    "word": "성상욱",
                    "start": 20,
                    "end": 23,
                    "label": "개인정보"
                },
                {
                    "word": "심희원",
                    "start": 29,
                    "end": 32,
                    "label": "개인정보"
                }
            ]
        },
        {
            "sentence": "주요 크루 필드에는 director 김수안, producer 남레아, composer 문호천, 촬영감독 임혜서가 등록되어 있으며 제작사 주소는 서울특별시 강남구로 표준화되어 있습니다.",
            "id": "sample_020_0024_000013",
            "annotations": [
                {
                    "word": "김수안",
                    "start": 20,
                    "end": 23,
                    "label": "개인정보"
                },
                {
                    "word": "남레아",
                    "start": 34,
                    "end": 37,
                    "label": "개인정보"
                },
                {
                    "word": "임혜서",
                    "start": 58,
                    "end": 61,
                    "label": "개인정보"
                },
                {
                    "word": "서울특별시 강남구",
                    "start": 80,
                    "end": 89,
                    "label": "준식별자"
                }
            ]
        },
        {
            "sentence": "촬영감독 임혜서의 내부 기록에는 참고용으로 생년월일 1985-07-13이 마스킹 규칙에 따라 별도 보관소에 저장되어 있습니다.",
            "id": "sample_020_0024_000014",
            "annotations": [
                {
                    "word": "1985-07-13",
                    "start": 29,
                    "end": 39,
                    "label": "준식별자"
                }
            ]
        },
        {
            "sentence": "file_format은 MXF(OP1a), codec은 AVC-Intra100, resolution은 3840x2160, framerate는 23.976fps, audio_channels는 5.1로 표준화되어 있습니다.",
            "id": "sample_020_0024_000015",
            "annotations": []
        },
        {
            "sentence": "bitrate_kbps는 100000, file_size_bytes는 5242880000, checksum은 SHA256: d2c7e8b6a9f4b8c3e1f2d5a0b7c9e3f4d6a8b9c1e2f3a4b5c6d7e8f9a0b1c2d3로 기록됩니다.",
            "id": "sample_020_0024_000016",
            "annotations": []
        },
        {
            "sentence": "ingest_timestamp는 2024-09-02T14:35:20Z로 기록되며 transcoding_jobs는 [{job_id: 'TR-00021', status: 'completed', profile: 'OTT-HEVC-4K'}] 형식으로 관리합니다.",
            "id": "sample_020_0024_000017",
            "annotations": []
        },
        {
            "sentence": "thumbnails_urls는 CDN에 호스팅된 공개 썸네일과 내부 프리뷰를 분리해 등록하며 cdn_endpoints는 ['https://cdn.prod.example.com/assets/020_0024']로 명시합니다.",
            "id": "sample_020_0024_000018",
            "annotations": []
        },
        {
            "sentence": "transcript는 시간코드 포함 SRT와 JSON 트랜스크립트로 보관하며 captions_languages는 ['ko','en']이고 subtitle_files는 버전별로 추적됩니다.",
            "id": "sample_020_0024_000019",
            "annotations": []
        },
        {
            "sentence": "iptc_metadata는 IPTC Core 필드 매핑을 사용해 입력하고 pbcore_metadata는 PBCore 2.1 스키마로 매핑해 상호운용성을 확보합니다.",
            "id": "sample_020_0024_000020",
            "annotations": []
        },
        {
            "sentence": "ad_config은 서버사이드 광고와 SSAI 구성이 포함되며 monetization_type은 'SVOD+AVOD 혼합'으로 price_tiers 및 subscription_plans에 규칙이 설정되어 있습니다.",
            "id": "sample_020_0024_000021",
            "annotations": []
        },
        {
            "sentence": "view_count, unique_viewers, watch_time_seconds는 Analytics 소스와 타임스탬프를 동기화해 기록하고 retention_curve 및 drop_off_points는 분석 레포트에 반영됩니다.",
            "id": "sample_020_0024_000022",
            "annotations": []
        },
        {
            "sentence": "payout_schedule은 분기별 정산으로 정의되며 royalty_percentage는 플랫폼별 계약에 따라 지역 및 광고/구독 비중을 고려해 자동 계산됩니다; 지급 관련 내부 표에는 계좌번호: 110-238-004556와 사번: 2024001이 참조됩니다.",
            "id": "sample_020_0024_000023",
            "annotations": [
                {
                    "word": "110-238-004556",
                    "start": 111,
                    "end": 125,
                    "label": "기밀정보"
                },
                {
                    "word": "사번: 2024001",
                    "start": 127,
                    "end": 138,
                    "label": "개인정보"
                }
            ]
        },
        {
            "sentence": "embargo_windows와 availability_windows는 ISO 기간으로 정의되며 regional_restrictions는 국가별 심의 및 검열 규정에 따라 접근을 제한합니다.",
            "id": "sample_020_0024_000024",
            "annotations": []
        },
        {
            "sentence": "접근성 기능(accessibility_features), content_warning_tags, localization_status 및 subtitle_review_notes는 QA 체크리스트와 연동되어 배포 전 검증됩니다.",
            "id": "sample_020_0024_000025",
            "annotations": []
        },
        {
            "sentence": "자동화된 품질지표(automated_quality_metrics)와 스트리밍 QoS 샘플(streaming_qos_samples)은 내부 로그와 연계되며 내부 로그 링크는 https://internal.ingest.corp.local/asset/0001, 내부 IP 10.10.0.12 및 VPN 주소 vpn.corp.internal에 저장됩니다.",
            "id": "sample_020_0024_000026",
            "annotations": [
                {
                    "word": "https://internal.ingest.corp.local/asset/0001",
                    "start": 96,
                    "end": 141,
                    "label": "기밀정보"
                },
                {
                    "word": "10.10.0.12",
                    "start": 149,
                    "end": 159,
                    "label": "기밀정보"
                },
                {
                    "word": "vpn.corp.internal",
                    "start": 169,
                    "end": 186,
                    "label": "기밀정보"
                }
            ]
        },
        {
            "sentence": "archival_status는 'long-term cold storage', deprecated_flag는 false로 버전관리와 마이그레이션 정책을 포함해 기록합니다.",
            "id": "sample_020_0024_000027",
            "annotations": []
        },
        {
            "sentence": "결론 및 액션 아이템으로는 권리 갱신 일정 확인, 지역별 심의 대응, 트랜스코딩 프로파일 최적화가 포함되며 담당자 연락처는 엄문경, 이메일 eum.mg@example.com, 연락처 +82-10-9876-5432로 명시되어 있습니다.",
            "id": "sample_020_0024_000028",
            "annotations": [
                {
                    "word": "엄문경",
                    "start": 69,
                    "end": 72,
                    "label": "개인정보"
                },
                {
                    "word": "eum.mg@example.com",
                    "start": 78,
                    "end": 96,
                    "label": "개인정보"
                },
                {
                    "word": "+82-10-9876-5432",
                    "start": 102,
                    "end": 118,
                    "label": "개인정보"
                }
            ]
        }
    ]
}