{
    "document_id": "020_0079",
    "document_title": "합성 미디어 자산 메타데이터 및 권리관리 레코드",
    "data": [
        {
            "sentence": "문서 개요: 이 문서는 미디어 및 엔터테인먼트 자산의 메타데이터·권리·기술·수익 파이프라인을 종합적으로 기록한 합성 사례 파일입니다.",
            "id": "sample_020_0079_000001",
            "annotations": []
        },
        {
            "sentence": "식별자: content_id CNT-020-00079, EIDR 10.5240/EA12-3456-789A-B123-F를 기본 식별자로 사용합니다.",
            "id": "sample_020_0079_000002",
            "annotations": []
        },
        {
            "sentence": "제목: '도시의 소리'; original_title: 'Sounds of the City'이며 다국어 메타데이터를 포함합니다.",
            "id": "sample_020_0079_000003",
            "annotations": []
        },
        {
            "sentence": "시놉시스: 젊은 DJ가 도시의 소리를 모아 음악으로 재탄생시키는 과정을 다룬 다큐멘터리입니다.",
            "id": "sample_020_0079_000004",
            "annotations": []
        },
        {
            "sentence": "장르: 다큐멘터리; 서브장르: 음악·문화; 태그: 음악, 도시, 소리; 언어_original: ko; language_subtitles: [en, ja].",
            "id": "sample_020_0079_000005",
            "annotations": []
        },
        {
            "sentence": "재생시간 duration_seconds: 5400, release_date: 2024-11-01, production_year: 2024, country_of_origin: KR, distributor: 합성배급사(유).",
            "id": "sample_020_0079_000006",
            "annotations": []
        },
        {
            "sentence": "rights_holder: 스튜디오신스(합성); license_type: ExclusiveStream; license_start_date: 2024-11-01T00:00:00Z; license_end_date: 2027-10-31T23:59:59Z; territories: KR, JP.",
            "id": "sample_020_0079_000007",
            "annotations": []
        },
        {
            "sentence": "rating_board: KMRB; rating_value: 15세관람가; regional_restrictions: KR 허용, CN 금지, IR 금지; embargo_windows 및 availability_windows는 하단 참조됩니다.",
            "id": "sample_020_0079_000008",
            "annotations": []
        },
        {
            "sentence": "주연 및 크레딧: 배우(Lead) 엄미승, 조연 오나겸; 캐스팅 및 계약은 권리자 기록에 영구 보관합니다.",
            "id": "sample_020_0079_000009",
            "annotations": [
                {
                    "word": "엄미승",
                    "start": 19,
                    "end": 22,
                    "label": "개인정보"
                }
            ]
        },
        {
            "sentence": "감독: 나아솔, 촬영감독: 전성기; 제작사: StudioSynth 합성제작, 프로덕션 관련 계약서 버전이 메타데이터에 연결돼 있습니다.",
            "id": "sample_020_0079_000010",
            "annotations": [
                {
                    "word": "나아솔",
                    "start": 4,
                    "end": 7,
                    "label": "개인정보"
                },
                {
                    "word": "전성기",
                    "start": 15,
                    "end": 18,
                    "label": "개인정보"
                }
            ]
        },
        {
            "sentence": "프로듀서: 배원희, 작곡가: 남강진, 편집: 우경율; 크레딧은 PBCore 스키마로 매핑되어 있습니다.",
            "id": "sample_020_0079_000011",
            "annotations": [
                {
                    "word": "배원희",
                    "start": 6,
                    "end": 9,
                    "label": "개인정보"
                },
                {
                    "word": "남강진",
                    "start": 16,
                    "end": 19,
                    "label": "개인정보"
                }
            ]
        },
        {
            "sentence": "파일 메타: file_format: MXF, codec: ProRes 4444, resolution: 4096x2160, framerate: 23.976, audio_channels: 5.1, bitrate_kbps: 25000, file_size_bytes: 12884901888, checksum(SHA256): d2a3b3c4e5f67890123456789abcdef0123456789abcdef0123456789abcdef0.",
            "id": "sample_020_0079_000012",
            "annotations": []
        },
        {
            "sentence": "ingest_timestamp: 2024-10-15T08:34:22Z, ingest_operator: 배병준, 사번: EMP-20245, 연락처: 010-9876-5432, email: bbj.ingest@studio-synth.kr, 모든 연락처는 합성입니다.",
            "id": "sample_020_0079_000013",
            "annotations": [
                {
                    "word": "배병준",
                    "start": 57,
                    "end": 60,
                    "label": "개인정보"
                },
                {
                    "word": "EMP-20245",
                    "start": 66,
                    "end": 75,
                    "label": "개인정보"
                },
                {
                    "word": "010-9876-5432",
                    "start": 82,
                    "end": 95,
                    "label": "개인정보"
                },
                {
                    "word": "bbj.ingest@studio-synth.kr",
                    "start": 104,
                    "end": 130,
                    "label": "개인정보"
                }
            ]
        },
        {
            "sentence": "transcoding_jobs: [{job_id: TCJ-1001, started: 2024-10-15T09:00:00Z, status: completed}], 원본 경로: /srv/ingest/secure/episode01_master.mxf, 처리서버 IP: 10.8.0.15.",
            "id": "sample_020_0079_000014",
            "annotations": [
                {
                    "word": "/srv/ingest/secure/episode01_master.mxf",
                    "start": 97,
                    "end": 136,
                    "label": "기밀정보"
                },
                {
                    "word": "10.8.0.15",
                    "start": 147,
                    "end": 156,
                    "label": "기밀정보"
                }
            ]
        },
        {
            "sentence": "thumbnails_urls: [https://cdn.studio-synth.kr/thumbs/CNT-020-00079-0001.jpg], cdn_endpoints: [https://edge1.cdn.studio-synth.kr/asset/CNT-020-00079].",
            "id": "sample_020_0079_000015",
            "annotations": []
        },
        {
            "sentence": "대사·트랜스크립트와 캡션: transcript 포함, captions_languages: [ko, en], subtitle_files: [/subs/CNT-020-00079_ko.srt], IPTC 메타데이터와 PBCore 매핑이 존재합니다.",
            "id": "sample_020_0079_000016",
            "annotations": []
        },
        {
            "sentence": "localization_status: partial, subtitle_review_notes: '영어자막은 시간코드 재검수 필요', 접근성 태그와 리뷰 로그가 기록됐습니다.",
            "id": "sample_020_0079_000017",
            "annotations": []
        },
        {
            "sentence": "accessibility_features: [audio_description, closed_captions], content_warning_tags: [flashing_lights, strong_language], QA 체크 항목과 연결됩니다.",
            "id": "sample_020_0079_000018",
            "annotations": []
        },
        {
            "sentence": "ad_config: {pre_roll: true, mid_roll: [00:15:00], ad_server: AdServerX}, monetization_type: SVOD+AVOD, price_tiers: {rental: KRW 2500, purchase: KRW 12500}.",
            "id": "sample_020_0079_000019",
            "annotations": []
        },
        {
            "sentence": "subscription_plans: [{plan_id: S1, name: 'Premium', price: KRW 9900}], view_count: 124587, unique_viewers: 98765, view_metrics_source: Analytics, metrics_timestamp: 2025-01-05T12:00:00Z.",
            "id": "sample_020_0079_000020",
            "annotations": []
        },
        {
            "sentence": "watch_time_seconds: 3492000, retention_curve: 'high 0-10%, mid 10-50%, tail 50-100%', drop_off_points: [00:02:30, 00:34:10, 00:52:50] 근거는 이벤트 로그입니다.",
            "id": "sample_020_0079_000021",
            "annotations": []
        },
        {
            "sentence": "user_ratings: 평균 4.3, comments_count: 1254, moderation_actions: 34 건(스팸 제거 20, 저작권 신고 처리 14), 모든 모더레이션 로그는 별도 리얼타임 스트림으로 분리됩니다.",
            "id": "sample_020_0079_000022",
            "annotations": []
        },
        {
            "sentence": "infringement_claims: 1 건 접수(제3자 음악 샘플 주장), payout_schedule: quarterly, royalty_percentage: {rights_holder: 70, platform: 30}, payment_records: [{date: 2025-01-15, amount: KRW 3,450,000, 계좌번호: 110-123-456789}].",
            "id": "sample_020_0079_000023",
            "annotations": [
                {
                    "word": "110-123-456789",
                    "start": 192,
                    "end": 206,
                    "label": "기밀정보"
                }
            ]
        },
        {
            "sentence": "embargo_windows: [{start: 2024-10-30T00:00:00Z, end: 2024-11-01T00:00:00Z}], availability_windows: global except regional_restrictions, DRM 및 토큰 기반 접근 제어가 적용됩니다.",
            "id": "sample_020_0079_000024",
            "annotations": []
        },
        {
            "sentence": "qa_checks: ['color check', 'audio loudness'], automated_quality_metrics: {loudness_LUFS: -23, chroma_loss_pct: 0.2}, 보정 작업 로그가 트랜스코딩 파이프라인과 연동됩니다.",
            "id": "sample_020_0079_000025",
            "annotations": []
        },
        {
            "sentence": "streaming_qos_samples: [{timestamp: 2025-01-05T12:00:00Z, buffer_ms: 120, bitrate_kbps: 5000}], logs_links: ['/var/logs/ingest/2024-01-10.log'], 이 경로는 내부 보안 대상입니다.",
            "id": "sample_020_0079_000026",
            "annotations": [
                {
                    "word": "/var/logs/ingest/2024-01-10.log",
                    "start": 110,
                    "end": 141,
                    "label": "기밀정보"
                }
            ]
        },
        {
            "sentence": "archival_status: preserved, deprecated_flag: false, 촬영감독 전성기 생년월일 1985-07-12, 주소: 서울특별시 강남구, 개인식별 데이터는 적법한 거버넌스 하에 관리됩니다.",
            "id": "sample_020_0079_000027",
            "annotations": [
                {
                    "word": "전성기",
                    "start": 57,
                    "end": 60,
                    "label": "개인정보"
                },
                {
                    "word": "1985-07-12",
                    "start": 66,
                    "end": 76,
                    "label": "준식별자"
                },
                {
                    "word": "서울특별시 강남구",
                    "start": 82,
                    "end": 91,
                    "label": "준식별자"
                }
            ]
        },
        {
            "sentence": "액세스 및 거버넌스: 모든 지역별 허가·심의 규정 준수, 미허가 지역에 대한 허용 플래그는 절대 true로 설정하지 않으며 DRM과 토큰이 필수입니다.",
            "id": "sample_020_0079_000028",
            "annotations": []
        }
    ]
}