{
    "document_id": "020_0053",
    "document_title": "메타데이터·권리관리 종합 리포트 (콘텐츠 020_0053)",
    "data": [
        {
            "sentence": "본 문서는 스트리밍 배포·권리관리·메타데이터 검증을 위해 생성된 합성 리포트이며 법적·운영적 검토용으로 사용됩니다.",
            "id": "sample_020_0053_000001",
            "annotations": []
        },
        {
            "sentence": "content_id는 CONTENT-020-0053이며 EIDR 매핑은 eidr:10.5240/0000-0000-0000-0000-0000-C 입니다.",
            "id": "sample_020_0053_000002",
            "annotations": []
        },
        {
            "sentence": "title은 '별의 기록'이고 original_title은 'Record of Stars'로 다국어 제목이 등록되어 있습니다.",
            "id": "sample_020_0053_000003",
            "annotations": []
        },
        {
            "sentence": "synopsis는 장대한 가족 드라마와 음악적 요소가 결합된 서사로, synopsis_short는 '세대와 음악을 잇는 가족의 이야기'입니다.",
            "id": "sample_020_0053_000004",
            "annotations": []
        },
        {
            "sentence": "genre는 Drama, subgenre는 FamilyDrama, tags에는 music, coming-of-age, legacy가 포함되어 표준화되어 있습니다.",
            "id": "sample_020_0053_000005",
            "annotations": []
        },
        {
            "sentence": "language_original은 ko, language_subtitles로는 en, ja가 명시되어 다국어 현장화 작업 계획이 수립되어 있습니다.",
            "id": "sample_020_0053_000006",
            "annotations": []
        },
        {
            "sentence": "duration_seconds는 7260이며 release_date는 2024-11-01, production_year는 2023, country_of_origin은 대한민국으로 기록되어 있습니다.",
            "id": "sample_020_0053_000007",
            "annotations": [
                {
                    "word": "대한민국",
                    "start": 93,
                    "end": 97,
                    "label": "준식별자"
                }
            ]
        },
        {
            "sentence": "distributor는 루미나미디어 주식회사, publisher와 rights_holder도 루미나미디어 주식회사로 표기되어 권리 소유가 명확합니다.",
            "id": "sample_020_0053_000008",
            "annotations": []
        },
        {
            "sentence": "license_type은 Exclusive SVOD이며 license_start_date는 2024-11-01, license_end_date는 2027-11-01이고 계약번호는 LIC-2025-0001로 내부 관리됩니다.",
            "id": "sample_020_0053_000009",
            "annotations": [
                {
                    "word": "LIC-2025-0001",
                    "start": 100,
                    "end": 113,
                    "label": "기밀정보"
                }
            ]
        },
        {
            "sentence": "rating_board는 KMRB(가상 심의 기관)로 등록되어 있고 rating_value는 15세 이상 관람가로 표기되어 있습니다.",
            "id": "sample_020_0053_000010",
            "annotations": []
        },
        {
            "sentence": "감독: 공현 (생년월일: 1978-05-12, 성별: 남성, 국적: 대한민국, 출신지: 서울특별시)으로 합성 프로필이 연결되어 있습니다.",
            "id": "sample_020_0053_000011",
            "annotations": [
                {
                    "word": "공현",
                    "start": 4,
                    "end": 6,
                    "label": "개인정보"
                },
                {
                    "word": "1978-05-12",
                    "start": 14,
                    "end": 24,
                    "label": "준식별자"
                },
                {
                    "word": "남성",
                    "start": 30,
                    "end": 32,
                    "label": "준식별자"
                },
                {
                    "word": "대한민국",
                    "start": 38,
                    "end": 42,
                    "label": "준식별자"
                },
                {
                    "word": "서울특별시",
                    "start": 49,
                    "end": 54,
                    "label": "준식별자"
                }
            ]
        },
        {
            "sentence": "프로듀서: 나유현, 제작 담당 연락처 이메일은 nayuhyun@luminamedia.test이며 대표 연락처는 010-1234-5678로 테스트용 합성값입니다.",
            "id": "sample_020_0053_000012",
            "annotations": [
                {
                    "word": "나유현",
                    "start": 6,
                    "end": 9,
                    "label": "개인정보"
                },
                {
                    "word": "nayuhyun@luminamedia.test",
                    "start": 26,
                    "end": 51,
                    "label": "개인정보"
                },
                {
                    "word": "010-1234-5678",
                    "start": 62,
                    "end": 75,
                    "label": "개인정보"
                }
            ]
        },
        {
            "sentence": "크레딧에는 작곡가 김채유, 촬영감독 노민유, 주연 배우 오윤검 및 조연 주윤후 등이 합성 이름으로 표기되어 있습니다.",
            "id": "sample_020_0053_000013",
            "annotations": [
                {
                    "word": "김채유",
                    "start": 10,
                    "end": 13,
                    "label": "개인정보"
                },
                {
                    "word": "노민유",
                    "start": 20,
                    "end": 23,
                    "label": "개인정보"
                },
                {
                    "word": "오윤검",
                    "start": 31,
                    "end": 34,
                    "label": "개인정보"
                },
                {
                    "word": "주윤후",
                    "start": 40,
                    "end": 43,
                    "label": "개인정보"
                }
            ]
        },
        {
            "sentence": "production_company 주소(관리 연락처): 서울특별시 강남구 테헤란로 123로 등록되어 있으며 이는 내부 연락용 합성 주소입니다.",
            "id": "sample_020_0053_000014",
            "annotations": [
                {
                    "word": "서울특별시 강남구 테헤란로 123",
                    "start": 31,
                    "end": 49,
                    "label": "개인정보"
                },
                {
                    "word": "서울특별시",
                    "start": 31,
                    "end": 36,
                    "label": "준식별자"
                },
                {
                    "word": "강남구",
                    "start": 37,
                    "end": 40,
                    "label": "준식별자"
                }
            ]
        },
        {
            "sentence": "file_format은 MXF(OP1a), codec 비디오 AVC/H.264, resolution 1920x1080, framerate 24.000, audio_channels 6(5.1), bitrate_kbps 8500로 표준화되어 있습니다.",
            "id": "sample_020_0053_000015",
            "annotations": []
        },
        {
            "sentence": "file_size_bytes는 6291456000이며 checksum은 SHA256: d2c2b9f3e4d7a1f9b6c3d2e1f0a9b8c7d6e5f4a3b2c1d0e9f8a7b6c5d4e3f2a1(합성)로 기록되어 있습니다.",
            "id": "sample_020_0053_000016",
            "annotations": []
        },
        {
            "sentence": "ingest_timestamp는 2024-09-15T10:30:00Z이며 ingest 엔드포인트는 https://internal.ingest.luminamedia.local/ingest, 노드 IP는 10.0.12.45입니다.",
            "id": "sample_020_0053_000017",
            "annotations": [
                {
                    "word": "https://internal.ingest.luminamedia.local/ingest",
                    "start": 55,
                    "end": 103,
                    "label": "기밀정보"
                },
                {
                    "word": "10.0.12.45",
                    "start": 112,
                    "end": 122,
                    "label": "기밀정보"
                }
            ]
        },
        {
            "sentence": "트랜스코딩 파이프라인에는 job-789 (1080p H.264), job-790 (720p H.264)등이 있으며 내부 로그 링크는 https://internal.logs.luminamedia.local/jobs/job-789 입니다.",
            "id": "sample_020_0053_000018",
            "annotations": [
                {
                    "word": "https://internal.logs.luminamedia.local/jobs/job-789",
                    "start": 74,
                    "end": 126,
                    "label": "기밀정보"
                }
            ]
        },
        {
            "sentence": "thumbnails_urls는 https://cdn.luminamedia.test/thumbs/020_0053/0001.jpg 등 CDN 공개 엔드포인트와 매핑되어 있습니다.",
            "id": "sample_020_0053_000019",
            "annotations": []
        },
        {
            "sentence": "transcript는 스크립트(Ingest 기준)로 저장되어 있고 captions_languages는 ko,en이며 subtitle_files로는 /subs/020_0053/ko.srt, /subs/020_0053/en.srt가 있습니다.",
            "id": "sample_020_0053_000020",
            "annotations": []
        },
        {
            "sentence": "iptc_metadata 매핑과 pbcore_metadata 매핑이 포함되어 IPTC:040000, PBCoreIdentifier:pc-020-0053 형태로 표준화되어 있습니다.",
            "id": "sample_020_0053_000021",
            "annotations": []
        },
        {
            "sentence": "ad_config은 pre-roll 1개, monetization_type은 Hybrid(Subscription+Ad)로 설정되어 있으며 가격 티어와 구독 플랜 매핑이 포함됩니다.",
            "id": "sample_020_0053_000022",
            "annotations": []
        },
        {
            "sentence": "Analytics 소스(Analytics) 기준으로 view_count는 1,234,567, unique_viewers는 987,654, watch_time_seconds는 8,123,456이며 측정 타임스탬프가 함께 제공됩니다.",
            "id": "sample_020_0053_000023",
            "annotations": []
        },
        {
            "sentence": "streaming_qos_samples에는 평균 버퍼링 0.8초, 재생 시작지연 1.2초가 포함되며 내부 QoS 로그 엔드포인트는 https://cdn.logs.luminamedia.test/020_0053/qos 입니다.",
            "id": "sample_020_0053_000024",
            "annotations": [
                {
                    "word": "https://cdn.logs.luminamedia.test/020_0053/qos",
                    "start": 73,
                    "end": 119,
                    "label": "기밀정보"
                }
            ]
        },
        {
            "sentence": "moderation_actions로는 UGC 관련 자동필터 적용 12건, infringement_claims로는 CLAIM-2025-042가 접수되어 모니터링 중입니다.",
            "id": "sample_020_0053_000025",
            "annotations": []
        },
        {
            "sentence": "payout_schedule은 분기별 지급으로 정의되어 있고 royalty_percentage는 12.5%이며 최근 결제 레코드에는 합계 58,000.00 KRW가 포함되어 있습니다.",
            "id": "sample_020_0053_000026",
            "annotations": []
        },
        {
            "sentence": "권리자 지급을 위한 테스트 계좌번호(합성)는 123-456-789012로 내부 회계시스템에 암호화되어 저장됩니다.",
            "id": "sample_020_0053_000027",
            "annotations": [
                {
                    "word": "123-456-789012",
                    "start": 25,
                    "end": 39,
                    "label": "기밀정보"
                }
            ]
        },
        {
            "sentence": "embargo_windows와 availability_windows는 지역별로 관리되며 territories 필드는 KOR,JPN,USA로 매핑되어 비허용 지역은 명시적으로 false로 설정됩니다.",
            "id": "sample_020_0053_000028",
            "annotations": []
        },
        {
            "sentence": "subtitle_review_notes는 번역 일관성 체크 완료, localization_status는 KO->EN/JA 완료로 표기되어 접근성 태그와 함께 저장됩니다.",
            "id": "sample_020_0053_000029",
            "annotations": []
        },
        {
            "sentence": "archival_status는 장기보관 후보로 표시되었고 deprecated_flag는 false이며 법적·운영 문의 담당자(합성)는 원성룡, 이메일 wonsung@luminamedia.test로 기재되어 있습니다.",
            "id": "sample_020_0053_000030",
            "annotations": [
                {
                    "word": "원성룡",
                    "start": 75,
                    "end": 78,
                    "label": "개인정보"
                },
                {
                    "word": "wonsung@luminamedia.test",
                    "start": 84,
                    "end": 108,
                    "label": "개인정보"
                }
            ]
        }
    ]
}