{
    "document_id": "033_0098",
    "document_title": "양자컴퓨팅 실험 실행 로그 및 장비 메타데이터 통합 보고서",
    "data": [
        {
            "sentence": "문서 개요: 본 문서는 양자컴퓨팅 실험 실행 로그와 하드웨어 메타데이터, 보정 보고서 및 보안·수출통제 태그를 통합한 기술 문서입니다.",
            "id": "sample_033_0098_000001",
            "annotations": []
        },
        {
            "sentence": "문서 목적: 재현성 확보와 교차검증을 위해 OpenQASM 및 상세 메타데이터를 중심으로 표준화된 형식으로 기록합니다.",
            "id": "sample_033_0098_000002",
            "annotations": []
        },
        {
            "sentence": "요약: 포함 항목은 실험 실행 로그, QuantumCircuit 코드, 펄스 스케줄 요약, 피델리티 보고서, 토모그래피 결과, 시뮬레이션 시드, 노이즈 모델, 액세스 로그 등입니다.",
            "id": "sample_033_0098_000003",
            "annotations": []
        },
        {
            "sentence": "실험 메타: experiment_id: EXP-2025-0007, timestamp(UTC): 2025-01-15T12:34:56Z, measurement_shots: 8192.",
            "id": "sample_033_0098_000004",
            "annotations": []
        },
        {
            "sentence": "장비 식별: device_id: QPU-AX-7, location: rack-3, operating_temperature: 10 mK, firmware_summary: vendor-proprietary 요약메타만 공개.",
            "id": "sample_033_0098_000005",
            "annotations": [
                {
                    "word": "QPU-AX-7",
                    "start": 18,
                    "end": 26,
                    "label": "기밀정보"
                }
            ]
        },
        {
            "sentence": "펄스 스케줄(요약): sampling_rate: 2.4 GHz, waveform_summary: Gaussian-envelope with constrained amplitude; 펄스 레벨 상세 파라미터는 벤더 IP로 요약만 표기합니다.",
            "id": "sample_033_0098_000006",
            "annotations": []
        },
        {
            "sentence": "QuantumCircuit(OpenQASM) 예시: OPENQASM 2.0; qubits 5; gate sequence: h q[0]; cx q[0],q[1]; measure q -> c; 실제 코드는 첨부 파일로 관리합니다.",
            "id": "sample_033_0098_000007",
            "annotations": []
        },
        {
            "sentence": "큐빗 토폴로지: 5큐빗 선형 연결으로 연결 행렬(adj_matrix): [[0,1,0,0,0],[1,0,1,0,0],[0,1,0,1,0],[0,0,1,0,1],[0,0,0,1,0]].",
            "id": "sample_033_0098_000008",
            "annotations": []
        },
        {
            "sentence": "게이트 보정 보고서 요약: 평균 단일큐빗 피델리티 0.998(±0.0005), 양자논리게이트 에러 바운드 2.1e-3(95% CI)로 산출되었습니다.",
            "id": "sample_033_0098_000009",
            "annotations": []
        },
        {
            "sentence": "토모그래피 결과: 상태 밀도행렬 rho = [[0.499,0.001+0.002j],[0.001-0.002j,0.501]]로 재구성되었고 재구성 오차는 0.003(표준편차)입니다.",
            "id": "sample_033_0098_000010",
            "annotations": []
        },
        {
            "sentence": "시뮬레이션 환경: simulator: qiskit-aer v0.9.0, rng_seed: 123456789, noise_model: thermal_relaxation(T1=30e-6, T2=40e-6, readout_error=0.002).",
            "id": "sample_033_0098_000011",
            "annotations": []
        },
        {
            "sentence": "raw_counts 및 통계: raw_counts: {'00000': 4123, '00001': 2034, '00010': 1034, '00011': 201}, measurement_shots: 8192, 불확실도는 부트스트랩 95% CI로 표기했습니다.",
            "id": "sample_033_0098_000012",
            "annotations": []
        },
        {
            "sentence": "노이즈 모델 파라미터: 채널 감쇠(γ)=0.015±0.002, 위상잡음 스펙트럼 S_phi(f) 요약과 공칭 파라미터가 기록되었습니다.",
            "id": "sample_033_0098_000013",
            "annotations": []
        },
        {
            "sentence": "하드웨어 메타데이터 상세: device_serial: DEV-AX-1001, firmware_version: fw_qpu_1.4.9, control_server_ip: 192.168.101.12, calibration_path: /srv/internal/calib/v1.",
            "id": "sample_033_0098_000014",
            "annotations": [
                {
                    "word": "DEV-AX-1001",
                    "start": 30,
                    "end": 41,
                    "label": "기밀정보"
                },
                {
                    "word": "fw_qpu_1.4.9",
                    "start": 61,
                    "end": 73,
                    "label": "기밀정보"
                },
                {
                    "word": "192.168.101.12",
                    "start": 94,
                    "end": 108,
                    "label": "기밀정보"
                },
                {
                    "word": "/srv/internal/calib/v1",
                    "start": 128,
                    "end": 150,
                    "label": "기밀정보"
                }
            ]
        },
        {
            "sentence": "성능 지표: 처리량(throughput) 평균 12 jobs/day, 큐비트 고장률(mean qubit failure rate) 0.3%로 집계되었습니다.",
            "id": "sample_033_0098_000015",
            "annotations": []
        },
        {
            "sentence": "보안 및 수출통제: export_control_flag: true, 관련 연구는 양자암호화 규격 및 Wassenaar Arrangement 가이드라인을 준수해야 합니다.",
            "id": "sample_033_0098_000016",
            "annotations": []
        },
        {
            "sentence": "사용자 접근 로그(요약): 2025-01-15T12:30:05Z 로그인 성공 - 사용자: 노영찬; 2025-01-15T12:31:10Z 로그인 실패 - 사용자: 성신비.",
            "id": "sample_033_0098_000017",
            "annotations": [
                {
                    "word": "노영찬",
                    "start": 50,
                    "end": 53,
                    "label": "개인정보"
                },
                {
                    "word": "성신비",
                    "start": 90,
                    "end": 93,
                    "label": "개인정보"
                }
            ]
        },
        {
            "sentence": "운영 담당자 정보(연락처 미공개): 담당자명: 류성미, 소속: Q-Research Lab, 역할: 실험 운영 및 교정 검증.",
            "id": "sample_033_0098_000018",
            "annotations": [
                {
                    "word": "류성미",
                    "start": 26,
                    "end": 29,
                    "label": "개인정보"
                },
                {
                    "word": "Q-Research Lab",
                    "start": 35,
                    "end": 49,
                    "label": "준식별자"
                }
            ]
        },
        {
            "sentence": "데이터 거버넌스: 실험 데이터는 하드웨어와 시뮬레이션 데이터를 분리 보관하며 접근 제어가 적용됩니다.",
            "id": "sample_033_0098_000019",
            "annotations": []
        },
        {
            "sentence": "재현성 표준: 모든 실행은 UTC 타임스탬프와 펌웨어 요약, 교정 버전 태그를 포함하여 기록됩니다.",
            "id": "sample_033_0098_000020",
            "annotations": []
        },
        {
            "sentence": "파일 관리: 대용량 raw_counts는 압축 및 샤딩 저장을 권고하며 스토리지 비용 분석을 부록에 포함합니다.",
            "id": "sample_033_0098_000021",
            "annotations": []
        },
        {
            "sentence": "검증 절차: 드리프트 검출을 위한 주기적 재교정과 통계적 유의성 테스트(p-value 기준 0.01)를 적용합니다.",
            "id": "sample_033_0098_000022",
            "annotations": []
        },
        {
            "sentence": "동의 및 접근 정책: 외부 협력자에 대한 데이터 접근은 익명화 및 최소 권한 원칙에 따라 승인됩니다.",
            "id": "sample_033_0098_000023",
            "annotations": []
        },
        {
            "sentence": "참고 OpenQASM 코드 스니펫: qreg q[5]; creg c[5]; h q[0]; cx q[0],q[1]; measure q[0] -> c[0]; 이는 샘플 코드이며 원문은 리포지토리에 저장됩니다.",
            "id": "sample_033_0098_000024",
            "annotations": []
        },
        {
            "sentence": "테스트 로그 예시: run_id: RUN-00042, operator: 강민결, start_time: 2025-01-15T12:32:10Z, end_time: 2025-01-15T12:34:50Z, result: SUCCESS.",
            "id": "sample_033_0098_000025",
            "annotations": [
                {
                    "word": "강민결",
                    "start": 40,
                    "end": 43,
                    "label": "개인정보"
                }
            ]
        },
        {
            "sentence": "윤리 및 법적 검토: 양자암호화 관련 상세 구현은 수출통제 대상이므로 법무팀 검토 전에는 기술적 절차를 공개하지 않습니다.",
            "id": "sample_033_0098_000026",
            "annotations": []
        },
        {
            "sentence": "요약 권장 조치: 민감한 장비 식별자와 내부 IP는 문서 본문에서 마스킹하며 별도 승인 절차를 통해서만 공유하십시오.",
            "id": "sample_033_0098_000027",
            "annotations": []
        },
        {
            "sentence": "보관 및 폐기 정책: 원시 데이터는 최소 5년 보관 후 안전 삭제를 권장하며 접근 로그는 보존기간을 별도 규정에 따릅니다.",
            "id": "sample_033_0098_000028",
            "annotations": []
        },
        {
            "sentence": "연락 포인트(공개용): 연구총괄: 민별아, 문의는 기관 공식 채널을 통해 접수하십시오; 개인 연락처는 본 문서에서 생략됩니다.",
            "id": "sample_033_0098_000029",
            "annotations": [
                {
                    "word": "민별아",
                    "start": 19,
                    "end": 22,
                    "label": "개인정보"
                }
            ]
        },
        {
            "sentence": "결론: 본 문서는 표준 포맷 호환성, 재현성, 보안 요구사항을 고려한 실무 지침을 제공하며 추가 질문은 운영팀으로 문의하십시오.",
            "id": "sample_033_0098_000030",
            "annotations": []
        }
    ]
}