{
    "document_id": "033_0044",
    "document_title": "양자컴퓨팅 연구 운영 실험 기록 및 메타데이터 가이드라인",
    "data": [
        {
            "sentence": "목적: 본 문서는 양자컴퓨팅 연구 및 산업 적용을 위한 실험 기록 표준과 메타데이터 관리 절차를 정의한다.",
            "id": "sample_033_0044_000001",
            "annotations": []
        },
        {
            "sentence": "서론: 재현성 확보와 보안 준수를 위해 실험 수준의 메타데이터와 로깅 표준을 적용한다.",
            "id": "sample_033_0044_000002",
            "annotations": []
        },
        {
            "sentence": "핵심원칙: 모든 실험 레코드에는 experiment_id, timestamp, device_id, firmware_version, measurement_shots 등을 포함해야 한다.",
            "id": "sample_033_0044_000003",
            "annotations": []
        },
        {
            "sentence": "샘플 레코드: experiment_id=EXP-20250115-0001, timestamp=2025-01-15T14:23:05Z, device_id=QPU-AX-01, firmware_version=v2.4.7-beta.",
            "id": "sample_033_0044_000004",
            "annotations": [
                {
                    "word": "QPU-AX-01",
                    "start": 83,
                    "end": 92,
                    "label": "기밀정보"
                },
                {
                    "word": "v2.4.7-beta",
                    "start": 111,
                    "end": 122,
                    "label": "기밀정보"
                },
                {
                    "word": "2025",
                    "start": 26,
                    "end": 30,
                    "label": "준식별자"
                },
                {
                    "word": "2025",
                    "start": 51,
                    "end": 55,
                    "label": "준식별자"
                },
                {
                    "word": "01",
                    "start": 30,
                    "end": 32,
                    "label": "준식별자"
                },
                {
                    "word": "01",
                    "start": 37,
                    "end": 39,
                    "label": "준식별자"
                },
                {
                    "word": "01",
                    "start": 56,
                    "end": 58,
                    "label": "준식별자"
                },
                {
                    "word": "01",
                    "start": 90,
                    "end": 92,
                    "label": "준식별자"
                },
                {
                    "word": "15",
                    "start": 32,
                    "end": 34,
                    "label": "준식별자"
                },
                {
                    "word": "15",
                    "start": 59,
                    "end": 61,
                    "label": "준식별자"
                }
            ]
        },
        {
            "sentence": "실험 책임자 메타데이터 예: 책임자=임성민(연구책임자), 연락처=seongmin.im@example.com, 사번=HR-2023-0123.",
            "id": "sample_033_0044_000005",
            "annotations": [
                {
                    "word": "임성민",
                    "start": 20,
                    "end": 23,
                    "label": "개인정보"
                },
                {
                    "word": "seongmin.im@example.com",
                    "start": 36,
                    "end": 59,
                    "label": "개인정보"
                },
                {
                    "word": "HR-2023-0123",
                    "start": 64,
                    "end": 76,
                    "label": "개인정보"
                }
            ]
        },
        {
            "sentence": "공동연구자 및 검증자: 주로윤과 신경주가 데이터 검증 및 품질 평가를 수행하였다.",
            "id": "sample_033_0044_000006",
            "annotations": [
                {
                    "word": "주로윤",
                    "start": 13,
                    "end": 16,
                    "label": "개인정보"
                },
                {
                    "word": "신경주",
                    "start": 18,
                    "end": 21,
                    "label": "개인정보"
                }
            ]
        },
        {
            "sentence": "시설 정보: 본 연구실 소재지는 서울특별시 강남구이며 시설 관련 상세 위치는 내부 접근권한으로 관리한다.",
            "id": "sample_033_0044_000007",
            "annotations": [
                {
                    "word": "서울특별시",
                    "start": 18,
                    "end": 23,
                    "label": "준식별자"
                },
                {
                    "word": "강남구",
                    "start": 24,
                    "end": 27,
                    "label": "준식별자"
                }
            ]
        },
        {
            "sentence": "실험 환경 메타데이터: 운영 온도 15mK, 냉각기 모델, 내부 온도 센서 ID 및 교정 상태를 기록한다.",
            "id": "sample_033_0044_000008",
            "annotations": []
        },
        {
            "sentence": "측정 파라미터: measurement_shots=8192로 설정하였으며 raw_counts는 각 상태에 대한 정수 카운트로 제공한다.",
            "id": "sample_033_0044_000009",
            "annotations": []
        },
        {
            "sentence": "토모그래피와 상태 재구성: 상태 밀도행렬(rho)과 95% 신뢰구간을 포함해 통계적 불확실도를 명시한다.",
            "id": "sample_033_0044_000010",
            "annotations": []
        },
        {
            "sentence": "시뮬레이션 재현성: 시뮬레이터명, 버전, rng_seed=1357911 등 시드 및 환경 정보를 함께 기록한다.",
            "id": "sample_033_0044_000011",
            "annotations": []
        },
        {
            "sentence": "데이터 저장: 내부 서버 10.0.3.45의 /data/quantum/record 경로에 실험 로그와 결과가 저장되며 접근권한을 제한한다.",
            "id": "sample_033_0044_000012",
            "annotations": [
                {
                    "word": "10.0.3.45",
                    "start": 14,
                    "end": 23,
                    "label": "기밀정보"
                },
                {
                    "word": "/data/quantum/record",
                    "start": 25,
                    "end": 45,
                    "label": "기밀정보"
                }
            ]
        },
        {
            "sentence": "접근 로그 예시: user=임성민, action=submit_experiment, timestamp=2024-12-02T09:05:12Z으로 기록되었다.",
            "id": "sample_033_0044_000013",
            "annotations": [
                {
                    "word": "임성민",
                    "start": 15,
                    "end": 18,
                    "label": "개인정보"
                },
                {
                    "word": "2024",
                    "start": 56,
                    "end": 60,
                    "label": "준식별자"
                },
                {
                    "word": "12",
                    "start": 61,
                    "end": 63,
                    "label": "준식별자"
                },
                {
                    "word": "12",
                    "start": 73,
                    "end": 75,
                    "label": "준식별자"
                },
                {
                    "word": "02",
                    "start": 57,
                    "end": 59,
                    "label": "준식별자"
                },
                {
                    "word": "02",
                    "start": 64,
                    "end": 66,
                    "label": "준식별자"
                }
            ]
        },
        {
            "sentence": "수출통제 및 보안 표기: 양자암호화 관련 민감 항목은 export_control_flag=true로 표기하고 법무 검토를 거쳐 공유한다.",
            "id": "sample_033_0044_000014",
            "annotations": []
        },
        {
            "sentence": "펄스 스케줄 정책: 샘플링 레이트 1GS/s, 파형 요약 메타데이터 제공, 벤더 IP에 해당하는 펄스 레벨 세부는 요약정보로만 공개한다.",
            "id": "sample_033_0044_000015",
            "annotations": []
        },
        {
            "sentence": "하드웨어 정비 이력 예시: 장비 QPU-AX-01에 대해 2024-11-20에 칩 교체 및 펌웨어 v2.4.7-beta 적용이 기록되었다.",
            "id": "sample_033_0044_000016",
            "annotations": [
                {
                    "word": "QPU-AX-01",
                    "start": 18,
                    "end": 27,
                    "label": "기밀정보"
                },
                {
                    "word": "v2.4.7-beta",
                    "start": 55,
                    "end": 66,
                    "label": "기밀정보"
                },
                {
                    "word": "2024",
                    "start": 32,
                    "end": 36,
                    "label": "준식별자"
                },
                {
                    "word": "11",
                    "start": 37,
                    "end": 39,
                    "label": "준식별자"
                },
                {
                    "word": "20",
                    "start": 32,
                    "end": 34,
                    "label": "준식별자"
                },
                {
                    "word": "20",
                    "start": 40,
                    "end": 42,
                    "label": "준식별자"
                }
            ]
        },
        {
            "sentence": "성능 지표 보고: 평균 게이트 피델리티 0.992 ± 0.001, 단일 큐비트 T1/T2 및 월간 고장률을 주기적으로 보고한다.",
            "id": "sample_033_0044_000017",
            "annotations": []
        },
        {
            "sentence": "노이즈 모델 및 채널 파라미터: 채널별 감쇠, 위상잡음, 디포일러링 확률을 수치 모델로 기록한다.",
            "id": "sample_033_0044_000018",
            "annotations": []
        },
        {
            "sentence": "시스템 계정 및 내부 리소스: 시스템 접속 계정과 내부 URL은 기밀로 분류되며 예시로 admin@internal.example.com 계정 접근은 제한된다.",
            "id": "sample_033_0044_000019",
            "annotations": [
                {
                    "word": "admin@internal.example.com",
                    "start": 49,
                    "end": 75,
                    "label": "기밀정보"
                }
            ]
        },
        {
            "sentence": "법적 준수: 암호해독 관련 구체적 절차는 문서에 기재하지 않으며 관련 연구는 법무팀 승인 후 공개한다.",
            "id": "sample_033_0044_000020",
            "annotations": []
        },
        {
            "sentence": "데이터 포맷 표준: OpenQASM, QIR 예시를 포함하며 QuantumCircuit 표기와 raw_counts, measurement_shots를 함께 명시한다.",
            "id": "sample_033_0044_000021",
            "annotations": []
        },
        {
            "sentence": "재현성 체크리스트: 실험자 식별(이름·사번), timestamp(UTC), RNG seed, 장비 ID, 펌웨어 버전을 레코드에 포함한다.",
            "id": "sample_033_0044_000022",
            "annotations": []
        },
        {
            "sentence": "실험 로그 예: operator=주로윤, phone=010-1234-5678, note=calibration_ok와 같이 최소 필드를 기록한다.",
            "id": "sample_033_0044_000023",
            "annotations": [
                {
                    "word": "주로윤",
                    "start": 18,
                    "end": 21,
                    "label": "개인정보"
                },
                {
                    "word": "010-1234-5678",
                    "start": 29,
                    "end": 42,
                    "label": "개인정보"
                }
            ]
        },
        {
            "sentence": "연구 책임자 승인: 전자서명 방식으로 대체 가능하며 최종 검토는 담당자 임성민이 수행한다.",
            "id": "sample_033_0044_000024",
            "annotations": [
                {
                    "word": "임성민",
                    "start": 40,
                    "end": 43,
                    "label": "개인정보"
                }
            ]
        },
        {
            "sentence": "데이터 공유 방침: 개인정보 및 접근로그는 익명화하거나 접근제어를 적용한 후 외부 공유를 허용한다.",
            "id": "sample_033_0044_000025",
            "annotations": []
        },
        {
            "sentence": "결론 및 조치: export_control_flag가 true로 표시된 항목은 외부 전송 전 법무 및 보안팀의 사전 승인을 필수로 한다.",
            "id": "sample_033_0044_000026",
            "annotations": []
        }
    ]
}