{
    "document_id": "033_0097",
    "document_title": "양자컴퓨팅 실험 데이터 관리 및 보안 가이드라인",
    "data": [
        {
            "sentence": "문서 개요: 본 가이드는 양자컴퓨팅 연구 및 산업 적용을 위한 실험 데이터 기록, 공유, 보안 절차를 기술한다.",
            "id": "sample_033_0097_000001",
            "annotations": []
        },
        {
            "sentence": "적용 범위는 초전도 큐빗, 이온트랩, 광자 기반 시스템의 실험 로그와 시뮬레이션 결과를 포함한다.",
            "id": "sample_033_0097_000002",
            "annotations": []
        },
        {
            "sentence": "기본 원칙으로는 표준 포맷(OpenQASM, QuantumCircuit, QIR 우선 사용), 메타데이터 완전성, 재현성 확보를 둔다.",
            "id": "sample_033_0097_000003",
            "annotations": []
        },
        {
            "sentence": "실험 메타데이터 예시: experiment_id: exp-2025-0001, timestamp: 2025-01-08T12:34:56Z, device_id: QPU-AX-00987.",
            "id": "sample_033_0097_000004",
            "annotations": [
                {
                    "word": "exp-2025-0001",
                    "start": 28,
                    "end": 41,
                    "label": "기밀정보"
                },
                {
                    "word": "QPU-AX-00987",
                    "start": 87,
                    "end": 99,
                    "label": "기밀정보"
                }
            ]
        },
        {
            "sentence": "실험 책임자 및 소속 예시: 책임자: 유도윤, 소속: 퀀텀랩 코리아, 이메일: yudoyun@quantumlab.kr, 사번: 2024001.",
            "id": "sample_033_0097_000005",
            "annotations": [
                {
                    "word": "유도윤",
                    "start": 21,
                    "end": 24,
                    "label": "개인정보"
                },
                {
                    "word": "퀀텀랩 코리아",
                    "start": 30,
                    "end": 37,
                    "label": "준식별자"
                },
                {
                    "word": "yudoyun@quantumlab.kr",
                    "start": 44,
                    "end": 65,
                    "label": "개인정보"
                },
                {
                    "word": "사번: 2024001",
                    "start": 67,
                    "end": 78,
                    "label": "개인정보"
                }
            ]
        },
        {
            "sentence": "액세스 로그 샘플: user_id=u_1023, IP=10.23.56.12, action=submit, timestamp=2025-01-08T12:35:00Z로 기록된다.",
            "id": "sample_033_0097_000006",
            "annotations": [
                {
                    "word": "user_id=u_1023",
                    "start": 11,
                    "end": 25,
                    "label": "기밀정보"
                },
                {
                    "word": "10.23.56.12",
                    "start": 30,
                    "end": 41,
                    "label": "기밀정보"
                }
            ]
        },
        {
            "sentence": "OpenQASM 예시 스니펫은 재현성 확보를 위해 문서에 포함하되, 공개 시 민감 파라미터는 마스킹한다.",
            "id": "sample_033_0097_000007",
            "annotations": []
        },
        {
            "sentence": "QuantumCircuit 예시: QuantumCircuit(3); H 0; CX 0,1; CX 1,2; 측정 및 raw_counts 저장 절차를 명시한다.",
            "id": "sample_033_0097_000008",
            "annotations": []
        },
        {
            "sentence": "측정 출력 예시: measurement_shots=1000000, raw_counts={'00':499872,'01':250123,'10':249005}, 불확실도 ±0.0005(95% CI).",
            "id": "sample_033_0097_000009",
            "annotations": []
        },
        {
            "sentence": "펄스 스케줄 요약 예: sampling_rate=1e9Hz, AWG_waveform_id=wf_77, 게이트 지속시간 20ns, 상세 파형은 벤더 요약만 공개.",
            "id": "sample_033_0097_000010",
            "annotations": [
                {
                    "word": "AWG_waveform_id=wf_77",
                    "start": 34,
                    "end": 55,
                    "label": "기밀정보"
                }
            ]
        },
        {
            "sentence": "하드웨어 메타데이터 예: qubit_count=27, operating_temperature=15mK, firmware_version=v3.14.159, 연결성 매트릭스는 별도 보관.",
            "id": "sample_033_0097_000011",
            "annotations": [
                {
                    "word": "firmware_version=v3.14.159",
                    "start": 58,
                    "end": 84,
                    "label": "기밀정보"
                }
            ]
        },
        {
            "sentence": "게이트 보정 보고서에는 single-qubit 평균 피델리티 0.9982±0.0003 및 two-qubit 평균 피델리티 0.963±0.002을 기재한다.",
            "id": "sample_033_0097_000012",
            "annotations": []
        },
        {
            "sentence": "토모그래피 결과는 상태 밀도행렬(rho)과 신뢰구간을 포함하며, 관련 파일 tomog_exp-2025-0001.mat에 저장되어 있다.",
            "id": "sample_033_0097_000013",
            "annotations": [
                {
                    "word": "tomog_exp-2025-0001.mat",
                    "start": 42,
                    "end": 65,
                    "label": "기밀정보"
                }
            ]
        },
        {
            "sentence": "시뮬레이션 환경 표기는 backend, rng_seed, noise_model, 시뮬레이션 시간 등 재현 가능한 모든 파라미터를 포함해야 한다.",
            "id": "sample_033_0097_000014",
            "annotations": []
        },
        {
            "sentence": "시뮬레이션 예시: backend='density_matrix', rng_seed=314159, noise_model='depolarizing', duration=120s로 명세한다.",
            "id": "sample_033_0097_000015",
            "annotations": []
        },
        {
            "sentence": "노이즈 모델에는 채널 파라미터(T1, T2, readout_error 등)와 드리프트 보정 이력이 포함되어야 하며 주기적 재측정을 권장한다.",
            "id": "sample_033_0097_000016",
            "annotations": []
        },
        {
            "sentence": "보안 및 수출통제 항목: export_control_flag=true로 표시하고 양자암호화 관련 민감 기술은 공유 전 법적 검토를 필수화한다.",
            "id": "sample_033_0097_000017",
            "annotations": []
        },
        {
            "sentence": "펌웨어 및 펄스 레벨 파일은 벤더 IP로 분류될 수 있어 원본은 내부 저장소에 보관하고 요약 메타데이터만 공개한다.",
            "id": "sample_033_0097_000018",
            "annotations": []
        },
        {
            "sentence": "데이터 공유 정책: 개인정보 및 접근 로그는 익명화 또는 세분화된 접근제어를 적용하며 시간은 UTC를 사용해 표준화한다.",
            "id": "sample_033_0097_000019",
            "annotations": []
        },
        {
            "sentence": "재현성 확보를 위해 실험 환경(온도, 교정 상태, 펌웨어 버전), RNG 시드 및 측정 샷 수를 메타데이터에 명시한다.",
            "id": "sample_033_0097_000020",
            "annotations": []
        },
        {
            "sentence": "고샷 실험의 저장 비용 절감을 위해 raw_counts 압축과 요약 통계 보존 정책을 병행 적용한다.",
            "id": "sample_033_0097_000021",
            "annotations": []
        },
        {
            "sentence": "접근 제어 원칙: 최소 권한, 내부 VPN 및 MFA 적용, 접근 로그의 감사 및 장기 보관 정책을 수립한다.",
            "id": "sample_033_0097_000022",
            "annotations": []
        },
        {
            "sentence": "보안 사고 대응: 내부 결재선에 따른 보고, 포렌식 수집 절차, 관련 로그의 보존 범위를 미리 정의한다.",
            "id": "sample_033_0097_000023",
            "annotations": []
        },
        {
            "sentence": "프로젝트 기여자 예시: 채용훈, 송찬희, 하정희가 데이터 파이프라인 및 실험 설계를 담당했다.",
            "id": "sample_033_0097_000024",
            "annotations": [
                {
                    "word": "채용훈",
                    "start": 13,
                    "end": 16,
                    "label": "개인정보"
                },
                {
                    "word": "송찬희",
                    "start": 18,
                    "end": 21,
                    "label": "개인정보"
                },
                {
                    "word": "하정희",
                    "start": 23,
                    "end": 26,
                    "label": "개인정보"
                }
            ]
        },
        {
            "sentence": "검토자 예시: 이윤솔이 분석 파이프라인과 보안 정책 검토를 수행했다.",
            "id": "sample_033_0097_000025",
            "annotations": [
                {
                    "word": "이윤솔",
                    "start": 8,
                    "end": 11,
                    "label": "개인정보"
                }
            ]
        },
        {
            "sentence": "동의서 및 거버넌스: 연구 참여 동의서는 내부 보안 분류에 따라 서면 보관하고 외부 공유 시 익명화된 메타데이터만 제공한다.",
            "id": "sample_033_0097_000026",
            "annotations": []
        },
        {
            "sentence": "권장 조치: (1) 펌웨어 변경 시 버전 관리와 로그화, (2) 펄스 레퍼런스의 요약화 및 암호화 저장, (3) 수출통제 검토 프로세스 확립.",
            "id": "sample_033_0097_000027",
            "annotations": []
        },
        {
            "sentence": "결론: 본 문서는 보안, 재현성, 표준화 관행을 통합하여 실험 데이터의 신뢰성과 산업 적용 가능성을 높이는 것을 목표로 한다.",
            "id": "sample_033_0097_000028",
            "annotations": []
        }
    ]
}