{
    "document_id": "041_0035",
    "document_title": "상업우주비행 승객 및 미션 운영 통합 문서 (미션 041_0035)",
    "data": [
        {
            "sentence": "문서 개요: 본 문서는 상업우주비행 미션 041_0035의 승객 등록, 의료적합성, 훈련, 텔레메트리, 정비, 규제 준수 및 비상대응 절차를 통합한 운영용 레퍼런스입니다.",
            "id": "sample_041_0035_000001",
            "annotations": []
        },
        {
            "sentence": "문서 메타데이터는 원본 서명, 생성시각(2026-05-18T09:00:00Z), 버전(v1.2), 발행기관(SpaceCo Operational Office)을 포함합니다.",
            "id": "sample_041_0035_000002",
            "annotations": []
        },
        {
            "sentence": "데이터 무결성은 SHA256 해시를 이용해 검증되며 provenance 항목에 생성시스템(ground-ingest-v2), 생성시간(2026-05-18T09:00:00Z) 및 해시값을 기록합니다.",
            "id": "sample_041_0035_000003",
            "annotations": []
        },
        {
            "sentence": "승객 프로필 샘플: 이름: 남예승, 생년월일: 1985-07-23, 성별: 여성, 국적: 대한민국.",
            "id": "sample_041_0035_000004",
            "annotations": [
                {
                    "word": "남예승",
                    "start": 15,
                    "end": 18,
                    "label": "개인정보"
                },
                {
                    "word": "1985",
                    "start": 26,
                    "end": 30,
                    "label": "준식별자"
                },
                {
                    "word": "07",
                    "start": 31,
                    "end": 33,
                    "label": "준식별자"
                },
                {
                    "word": "23",
                    "start": 34,
                    "end": 36,
                    "label": "준식별자"
                },
                {
                    "word": "여성",
                    "start": 42,
                    "end": 44,
                    "label": "준식별자"
                },
                {
                    "word": "대한민국",
                    "start": 50,
                    "end": 54,
                    "label": "준식별자"
                }
            ]
        },
        {
            "sentence": "승객 연락처 및 신원: 이메일: naye.seung@example.org, 휴대전화: +82-10-1234-5678, 여권번호: P-987654321, 사번(사내ID): 2026001.",
            "id": "sample_041_0035_000005",
            "annotations": [
                {
                    "word": "naye.seung@example.org",
                    "start": 18,
                    "end": 40,
                    "label": "개인정보"
                },
                {
                    "word": "+82-10-1234-5678",
                    "start": 48,
                    "end": 64,
                    "label": "개인정보"
                },
                {
                    "word": "P-987654321",
                    "start": 72,
                    "end": 83,
                    "label": "개인정보"
                },
                {
                    "word": "2026001",
                    "start": 95,
                    "end": 102,
                    "label": "개인정보"
                }
            ]
        },
        {
            "sentence": "의료 적합성 요약(검사일 2026-05-12T14:30:00Z): 혈압 120/78 mmHg, 심전도 소견 정상, 혈액형: O+.",
            "id": "sample_041_0035_000006",
            "annotations": [
                {
                    "word": "120/78 mmHg",
                    "start": 40,
                    "end": 51,
                    "label": "준식별자"
                },
                {
                    "word": "O+",
                    "start": 69,
                    "end": 71,
                    "label": "준식별자"
                }
            ]
        },
        {
            "sentence": "신체계측치는 키: 1.72 m, 체중: 68 kg로 기록되며, 모든 단위는 SI 단위를 사용합니다.",
            "id": "sample_041_0035_000007",
            "annotations": [
                {
                    "word": "1.72 m",
                    "start": 10,
                    "end": 16,
                    "label": "준식별자"
                },
                {
                    "word": "68 kg",
                    "start": 22,
                    "end": 27,
                    "label": "준식별자"
                }
            ]
        },
        {
            "sentence": "훈련 완료 기록: 남예승은 기본 LSS 교육 및 무중력 적응 세션을 종료했고, 완료일은 2026-05-10T16:00:00Z입니다.",
            "id": "sample_041_0035_000008",
            "annotations": [
                {
                    "word": "남예승",
                    "start": 10,
                    "end": 13,
                    "label": "개인정보"
                }
            ]
        },
        {
            "sentence": "승무원 및 운영 승인: 승인자 홍찬성, 승인일 2026-05-15T10:15:30Z, 관련 문서 참조번호 INS-2026-0001-ABCD.",
            "id": "sample_041_0035_000009",
            "annotations": [
                {
                    "word": "홍찬성",
                    "start": 17,
                    "end": 20,
                    "label": "개인정보"
                },
                {
                    "word": "INS-2026-0001-ABCD",
                    "start": 59,
                    "end": 77,
                    "label": "기밀정보"
                }
            ]
        },
        {
            "sentence": "기술/보안 메모: 내부 저장소 경로 /srv/telemetry/archive/2026/mission_041/ 은 접근제어가 필요합니다.",
            "id": "sample_041_0035_000010",
            "annotations": [
                {
                    "word": "/srv/telemetry/archive/2026/mission_041/",
                    "start": 20,
                    "end": 60,
                    "label": "기밀정보"
                }
            ]
        },
        {
            "sentence": "네트워크 자원: 내부 서버 IP 10.200.4.12 및 VPN 주소 vpn.spaceco.internal는 공개 금지 항목입니다.",
            "id": "sample_041_0035_000011",
            "annotations": [
                {
                    "word": "10.200.4.12",
                    "start": 18,
                    "end": 29,
                    "label": "기밀정보"
                },
                {
                    "word": "vpn.spaceco.internal",
                    "start": 39,
                    "end": 59,
                    "label": "기밀정보"
                }
            ]
        },
        {
            "sentence": "비상연락(지상) 명단 예시: 의무 관제관 노희경, 의료 담당 신지운, 비상 대응 팀장 박희민.",
            "id": "sample_041_0035_000012",
            "annotations": [
                {
                    "word": "노희경",
                    "start": 23,
                    "end": 26,
                    "label": "개인정보"
                },
                {
                    "word": "신지운",
                    "start": 34,
                    "end": 37,
                    "label": "개인정보"
                },
                {
                    "word": "박희민",
                    "start": 48,
                    "end": 51,
                    "label": "개인정보"
                }
            ]
        },
        {
            "sentence": "비상 절차 요약: 비정상 대기압(kPa 단위) 상승 감지 시 2026-05-18T09:02:00Z를 기준으로 자동 경보 및 LSS 셧오프 절차를 실행합니다.",
            "id": "sample_041_0035_000013",
            "annotations": []
        },
        {
            "sentence": "텔레메트리 스트림은 topic URL로 제공되며 예시 주소는 https://internal.spaceco.corp/mission/041/details 입니다; 외부 노출 금지.",
            "id": "sample_041_0035_000014",
            "annotations": [
                {
                    "word": "https://internal.spaceco.corp/mission/041/details",
                    "start": 34,
                    "end": 83,
                    "label": "기밀정보"
                }
            ]
        },
        {
            "sentence": "텔레메트리 샘플 이벤트: 2026-05-18T09:00:00.123Z 위치(ECI): [MASKED], 속도 7800 m/s, 자세 쿼터니언 q=[0.707,0.0,0.707,0.0].",
            "id": "sample_041_0035_000015",
            "annotations": [
                {
                    "word": "[MASKED]",
                    "start": 48,
                    "end": 56,
                    "label": "기밀정보"
                }
            ]
        },
        {
            "sentence": "센서 노이즈 모델: 가속도계 노이즈는 백색 가우시안(σ=0.002 m/s^2)과 1/f 저주파 성분을 포함하며 PSD 특성은 문서에 첨부됩니다.",
            "id": "sample_041_0035_000016",
            "annotations": []
        },
        {
            "sentence": "연료 상태 보고: 메인탱크 잔량 [SIMULATED], 연료 유량 측정은 10 Hz 샘플링, 단위는 kg 및 s로 표기합니다.",
            "id": "sample_041_0035_000017",
            "annotations": []
        },
        {
            "sentence": "방사선 선량 보고: 승객 개별 누적선량(예시): 0.45 mSv, 측정시간 2026-05-18T09:30:00Z.",
            "id": "sample_041_0035_000018",
            "annotations": [
                {
                    "word": "0.45 mSv",
                    "start": 27,
                    "end": 35,
                    "label": "준식별자"
                }
            ]
        },
        {
            "sentence": "정비 및 검사 로그: 마지막 점검 2026-05-12T08:00:00Z, 담당 엔지니어 김승엽, 점검 코드 유지관리/표준 절차 참조.",
            "id": "sample_041_0035_000019",
            "annotations": [
                {
                    "word": "김승엽",
                    "start": 49,
                    "end": 52,
                    "label": "개인정보"
                }
            ]
        },
        {
            "sentence": "규제 준수 메모: ITAR 관련 민감항목은 요약 보고로 제한하며, 세부 치수 및 설계도는 기밀 분류로 보관합니다.",
            "id": "sample_041_0035_000020",
            "annotations": []
        },
        {
            "sentence": "보험 및 배상: 보험증권 번호 INS-2026-0001-ABCD는 계약 문서에 기록되며 원본 서명과 타임스탬프가 필요합니다.",
            "id": "sample_041_0035_000021",
            "annotations": [
                {
                    "word": "INS-2026-0001-ABCD",
                    "start": 17,
                    "end": 35,
                    "label": "기밀정보"
                }
            ]
        },
        {
            "sentence": "지상 지원 체크리스트 일부: 발사창 운영 담당자 서치호, 착륙장 가용성 확인 2026-05-18T07:00:00Z.",
            "id": "sample_041_0035_000022",
            "annotations": [
                {
                    "word": "서치호",
                    "start": 27,
                    "end": 30,
                    "label": "개인정보"
                }
            ]
        },
        {
            "sentence": "개인정보 보호 조치: 예시 데이터에서는 실 개인정보를 해시 또는 가명 처리하며 운영 데이터에는 암호화와 역할 기반 접근제를 적용합니다.",
            "id": "sample_041_0035_000023",
            "annotations": []
        },
        {
            "sentence": "비행 후 건강 추적: 추적ID patient_041_0035, 후속검진 권고 7일내, 담당 의료진 배지용.",
            "id": "sample_041_0035_000024",
            "annotations": [
                {
                    "word": "patient_041_0035",
                    "start": 17,
                    "end": 33,
                    "label": "개인정보"
                },
                {
                    "word": "배지용",
                    "start": 55,
                    "end": 58,
                    "label": "개인정보"
                }
            ]
        },
        {
            "sentence": "후송 및 응급절차: 의료 긴급 시 착륙 후 30분 이내 의료소 이동을 권고하며, 응급 연락처는 통신보안 준수 하에 제공됩니다.",
            "id": "sample_041_0035_000025",
            "annotations": []
        },
        {
            "sentence": "변경 이력: v1.1 -> v1.2 변경 사유 '승객 의료정보 업데이트', 변경일 2026-05-16T12:00:00Z, 변경자 지상호.",
            "id": "sample_041_0035_000026",
            "annotations": [
                {
                    "word": "지상호",
                    "start": 72,
                    "end": 75,
                    "label": "개인정보"
                }
            ]
        },
        {
            "sentence": "문서 보관: 원본 PDF는 암호화된 아카이브에 보관되며 접근 로그는 감사용으로 10년간 보존됩니다.",
            "id": "sample_041_0035_000027",
            "annotations": []
        },
        {
            "sentence": "계정 및 접근 제어: 운영 관리자 계정ID secho_admin은 최소 권한 원칙에 따라 관리됩니다.",
            "id": "sample_041_0035_000028",
            "annotations": [
                {
                    "word": "secho_admin",
                    "start": 24,
                    "end": 35,
                    "label": "기밀정보"
                }
            ]
        },
        {
            "sentence": "파일 접근 경고: 민감 파일 경로 /etc/spaceco/keys/private.key 는 엄격한 키 관리 절차 하에 보관됩니다.",
            "id": "sample_041_0035_000029",
            "annotations": [
                {
                    "word": "/etc/spaceco/keys/private.key",
                    "start": 19,
                    "end": 48,
                    "label": "기밀정보"
                }
            ]
        },
        {
            "sentence": "담당자 연락 및 문의: 고객서비스 담당 허하영, 대외협력 임효린, 법무 검토 황우제.",
            "id": "sample_041_0035_000030",
            "annotations": [
                {
                    "word": "허하영",
                    "start": 22,
                    "end": 25,
                    "label": "개인정보"
                },
                {
                    "word": "임효린",
                    "start": 32,
                    "end": 35,
                    "label": "개인정보"
                },
                {
                    "word": "황우제",
                    "start": 43,
                    "end": 46,
                    "label": "개인정보"
                }
            ]
        },
        {
            "sentence": "승객 주소 예시(부분): 서울특별시, 강남구, 상세주소는 내부 DB에 암호화 보관됩니다.",
            "id": "sample_041_0035_000031",
            "annotations": [
                {
                    "word": "서울특별시",
                    "start": 14,
                    "end": 19,
                    "label": "준식별자"
                },
                {
                    "word": "강남구",
                    "start": 21,
                    "end": 24,
                    "label": "준식별자"
                }
            ]
        }
    ]
}