{
    "document_id": "041_0044",
    "document_title": "상업 우주관광 비행 미션 플랜 및 운영·안전 기록",
    "data": [
        {
            "sentence": "본 문서는 우주관광 및 상업 우주비행(투자자·승객 대상) 미션의 운영·안전·규정 준수 이력을 기록하기 위해 발행되었습니다.",
            "id": "sample_041_0044_000001",
            "annotations": []
        },
        {
            "sentence": "문서 메타데타는 발행기관, 버전, 원본 서명, 발행시간을 포함하며 발행시간은 2026-01-08T14:30:00Z (UTC)로 표기되었습니다.",
            "id": "sample_041_0044_000002",
            "annotations": []
        },
        {
            "sentence": "data_provenance 항목에는 생성 시스템('mission_control_v3'), 생성시간(2026-01-08T14:29:58Z UTC) 및 무결성 해시(SHA256:ab12cd34ef56...)가 포함됩니다.",
            "id": "sample_041_0044_000003",
            "annotations": []
        },
        {
            "sentence": "이 문서는 버전관리와 변경이력(version 2.1, 변경일 2026-01-07T09:00:00Z UTC)을 포함하며 모든 변경은 서명과 타임스탬프를 동반합니다.",
            "id": "sample_041_0044_000004",
            "annotations": []
        },
        {
            "sentence": "승객 프로필: 이름(가명): 황문현, passenger_id: PID_9f3a1b, passport_hash: PPT_HSH_3b9c, 이메일: hmh.pax@example.com, 전화: HSH_tel_01, 생년: 1985, 생월: 07, 생일: 22, 성별: 남, 국적: 대한민국, 주소: 서울특별시 강남구 역삼동, 신장: 1.82 m, 체중: 85 kg, 혈액형: O형, 의료인증서: MEDCERT_HSH_0044.",
            "id": "sample_041_0044_000005",
            "annotations": [
                {
                    "word": "황문현",
                    "start": 16,
                    "end": 19,
                    "label": "개인정보"
                },
                {
                    "word": "PID_9f3a1b",
                    "start": 35,
                    "end": 45,
                    "label": "개인정보"
                },
                {
                    "word": "PPT_HSH_3b9c",
                    "start": 62,
                    "end": 74,
                    "label": "개인정보"
                },
                {
                    "word": "hmh.pax@example.com",
                    "start": 81,
                    "end": 100,
                    "label": "개인정보"
                },
                {
                    "word": "HSH_tel_01",
                    "start": 106,
                    "end": 116,
                    "label": "개인정보"
                },
                {
                    "word": "1985",
                    "start": 122,
                    "end": 126,
                    "label": "준식별자"
                },
                {
                    "word": "07",
                    "start": 132,
                    "end": 134,
                    "label": "준식별자"
                },
                {
                    "word": "22",
                    "start": 140,
                    "end": 142,
                    "label": "준식별자"
                },
                {
                    "word": "남",
                    "start": 148,
                    "end": 149,
                    "label": "준식별자"
                },
                {
                    "word": "남",
                    "start": 172,
                    "end": 173,
                    "label": "준식별자"
                },
                {
                    "word": "대한민국",
                    "start": 155,
                    "end": 159,
                    "label": "준식별자"
                },
                {
                    "word": "서울특별시",
                    "start": 165,
                    "end": 170,
                    "label": "준식별자"
                },
                {
                    "word": "강남구",
                    "start": 171,
                    "end": 174,
                    "label": "준식별자"
                },
                {
                    "word": "역삼동",
                    "start": 175,
                    "end": 178,
                    "label": "준식별자"
                },
                {
                    "word": "1.82 m",
                    "start": 184,
                    "end": 190,
                    "label": "준식별자"
                },
                {
                    "word": "85 kg",
                    "start": 196,
                    "end": 201,
                    "label": "준식별자"
                },
                {
                    "word": "O형",
                    "start": 208,
                    "end": 210,
                    "label": "준식별자"
                },
                {
                    "word": "MEDCERT_HSH_0044",
                    "start": 219,
                    "end": 235,
                    "label": "개인정보"
                }
            ]
        },
        {
            "sentence": "의료 심사 담당자: 나은빈, 연락처: naebin.med@ksac.internal, 의료심사 완료 타임스탬프: 2025-12-20T11:45:00Z UTC, 심사결론: 비행 적합(추적관찰 필요사항 명시).",
            "id": "sample_041_0044_000006",
            "annotations": [
                {
                    "word": "나은빈",
                    "start": 11,
                    "end": 14,
                    "label": "개인정보"
                },
                {
                    "word": "naebin.med@ksac.internal",
                    "start": 21,
                    "end": 45,
                    "label": "개인정보"
                }
            ]
        },
        {
            "sentence": "훈련 완료 기록: 주강사 배명현이 2025-12-15T09:30:00Z UTC에 항공·무중력 안전훈련을 완료했으며 훈련 ID는 TRN_041_2025입니다.",
            "id": "sample_041_0044_000007",
            "annotations": [
                {
                    "word": "배명현",
                    "start": 14,
                    "end": 17,
                    "label": "개인정보"
                }
            ]
        },
        {
            "sentence": "훈련 데이터의 data_provenance는 'training_sim_v2' 시스템과 타임스탬프 2025-12-15T09:30:12Z UTC, 무결성 해시(SHA256:d4e5f6...)를 포함합니다.",
            "id": "sample_041_0044_000008",
            "annotations": []
        },
        {
            "sentence": "미션 플랜 요약: 비행 유형은 아고스틱(suborbital), 창(launch window)은 2026-02-14T07:00:00Z~2026-02-14T09:00:00Z UTC로 계획되었습니다.",
            "id": "sample_041_0044_000009",
            "annotations": []
        },
        {
            "sentence": "발사창 스케줄과 지상 타임라인은 CSV 형식으로 관리되며 모든 항목은 UTC ISO8601 타임스탬프로 동기화됩니다.",
            "id": "sample_041_0044_000010",
            "annotations": []
        },
        {
            "sentence": "실시간 텔레메트리 스트림(보안 전송): wss://telemetry.ksac.internal/mission/041_0044 는 TLS 암호화와 역할 기반 접근 제어가 적용되어야 합니다.",
            "id": "sample_041_0044_000011",
            "annotations": [
                {
                    "word": "wss://telemetry.ksac.internal/mission/041_0044",
                    "start": 22,
                    "end": 68,
                    "label": "기밀정보"
                }
            ]
        },
        {
            "sentence": "텔레메트리 백엔드 서버(사내)는 주소 10.100.5.12로 라우팅되며 내부 네트워크 접근은 VPN과 MFA 설정으로 제한합니다.",
            "id": "sample_041_0044_000012",
            "annotations": [
                {
                    "word": "10.100.5.12",
                    "start": 21,
                    "end": 32,
                    "label": "기밀정보"
                }
            ]
        },
        {
            "sentence": "생명유지장치(LSS) 로그 요약: 산소 부분압력 20.8 kPa, CO2 부분압력 0.6 kPa, 객실압력 101.3 kPa, 온도 21.5 °C, 습도 45 %RH; 안전임계값과 센서 잡음 분포(N(0,σ=0.02 kPa))가 정의되어 있습니다.",
            "id": "sample_041_0044_000013",
            "annotations": []
        },
        {
            "sentence": "방사선선량 보고서(승객별 누적): 황문현의 비행 전후 누적 선량은 0.15 mSv로 기록되었으며 측정기 보정과 검증 로그가 포함됩니다.",
            "id": "sample_041_0044_000014",
            "annotations": []
        },
        {
            "sentence": "정비 및 검사 이력: 차체 시리얼 VSN-REDACTED-0044의 2025-12-01 정비에서 점검자 서준하가 점검을 완료했고 주요 토크·유격 값은 요약서에 보관됩니다.",
            "id": "sample_041_0044_000015",
            "annotations": [
                {
                    "word": "VSN-REDACTED-0044",
                    "start": 19,
                    "end": 36,
                    "label": "기밀정보"
                },
                {
                    "word": "서준하",
                    "start": 58,
                    "end": 61,
                    "label": "개인정보"
                }
            ]
        },
        {
            "sentence": "내부 네트워크 리소스 식별자 중 VPN 호스트명은 vpn.ksac.internal이며 접근 로그는 90일 보관·암호화 대상입니다.",
            "id": "sample_041_0044_000016",
            "annotations": [
                {
                    "word": "vpn.ksac.internal",
                    "start": 28,
                    "end": 45,
                    "label": "기밀정보"
                }
            ]
        },
        {
            "sentence": "상업 보험 정보: 보험증권 번호 INS-2026-KSAC-0044, 보험계약자(가명): 황문현, 보험 범위와 면책 조항은 보험사와의 원문에 따라 보존됩니다.",
            "id": "sample_041_0044_000017",
            "annotations": [
                {
                    "word": "INS-2026-KSAC-0044",
                    "start": 18,
                    "end": 36,
                    "label": "기밀정보"
                },
                {
                    "word": "황문현",
                    "start": 49,
                    "end": 52,
                    "label": "개인정보"
                }
            ]
        },
        {
            "sentence": "보험·재무 연동을 위한 결제 계좌(마스크 처리) 참조: 계좌번호 XXX-XX-678901은 내부 결제 시스템에서 암호화되어 저장됩니다.",
            "id": "sample_041_0044_000018",
            "annotations": [
                {
                    "word": "XXX-XX-678901",
                    "start": 36,
                    "end": 49,
                    "label": "기밀정보"
                }
            ]
        },
        {
            "sentence": "비상대응 계획 요약에는 미션 디렉터 안리세와 현장 책임자 공찬슬의 역할 정의와 응급 연락망이 포함되어 있습니다.",
            "id": "sample_041_0044_000019",
            "annotations": [
                {
                    "word": "안리세",
                    "start": 20,
                    "end": 23,
                    "label": "개인정보"
                },
                {
                    "word": "공찬슬",
                    "start": 32,
                    "end": 35,
                    "label": "개인정보"
                }
            ]
        },
        {
            "sentence": "규제 준수 항목: ITAR·수출통제 체크리스트가 적용되며 민감 기술은 요약 제공 및 좌표·추진제 제원은 REDACTED로 마스킹합니다.",
            "id": "sample_041_0044_000020",
            "annotations": []
        },
        {
            "sentence": "변경 이력 샘플: 변경자 서명(가명)와 타임스탬프 2026-01-07T09:00:00Z UTC, 변경 사유와 무결성 체크섬이 함께 기록됩니다.",
            "id": "sample_041_0044_000021",
            "annotations": []
        },
        {
            "sentence": "데이터 보관 정책: 안전·생명 관련 원본 로그는 무손실 압축 후 장기보관이며 접근은 역할 기반 접근제어(RBAC)와 감사로그로 통제합니다.",
            "id": "sample_041_0044_000022",
            "annotations": []
        },
        {
            "sentence": "접근 통제 및 보안: 텔레메트리·의료 데이터 전송은 TLS1.3과 AES-256 암호화를 사용하며 키 관리는 HSM에서 수행됩니다.",
            "id": "sample_041_0044_000023",
            "annotations": []
        },
        {
            "sentence": "착륙 후 사후 건강 추적 일정은 2026-02-15T10:00:00Z UTC로 예약되었으며 추적 기록은 postflight_health_followup.csv에 저장됩니다.",
            "id": "sample_041_0044_000024",
            "annotations": []
        },
        {
            "sentence": "지상지원 체크리스트(엑셀): s3://ksac-secure/gs/checklist_041_0044.xlsx 는 버전관리와 접근제어가 적용된 내부 저장소에 위치합니다.",
            "id": "sample_041_0044_000025",
            "annotations": [
                {
                    "word": "s3://ksac-secure/gs/checklist_041_0044.xlsx",
                    "start": 16,
                    "end": 59,
                    "label": "기밀정보"
                }
            ]
        },
        {
            "sentence": "고객서비스 담당자(가명): 송경남은 탑승자 상담 및 사후관리 연락을 담당하며 고객 문의는 custsvc@ksac.com으로 접수됩니다.",
            "id": "sample_041_0044_000026",
            "annotations": [
                {
                    "word": "송경남",
                    "start": 15,
                    "end": 18,
                    "label": "개인정보"
                }
            ]
        },
        {
            "sentence": "문서 결론 및 액션 아이템: 출발 48시간 전 최종 LSS·텔레메트리 검증, 승객 의료 재확인, 보험 문서 원본 확인 및 접근 권한 점검을 실행합니다.",
            "id": "sample_041_0044_000027",
            "annotations": []
        }
    ]
}