{
    "document_id": "076_0095",
    "document_title": "컨테이너팜 수경재배 운영 및 센서데이터 통합 로그 리포트",
    "data": [
        {
            "sentence": "본 문서는 컨테이너 기반 실내농업 수경재배 시설의 운영 데이터와 레시피 변경 이력을 통합한 기술 리포트입니다.",
            "id": "sample_076_0095_000001",
            "annotations": []
        },
        {
            "sentence": "시설 메타데이터: farm_id는 FARM-0095로 고유 식별하였으며, 로컬 타임존은 Asia/Seoul로 메타데이터에 별도 기록합니다.",
            "id": "sample_076_0095_000002",
            "annotations": []
        },
        {
            "sentence": "현장 위치는 경기도 성남시 분당구로 기록되어 있으며, 물리적 위치는 준식별자 기준으로 접근 제어가 적용됩니다.",
            "id": "sample_076_0095_000003",
            "annotations": [
                {
                    "word": "경기도 성남시 분당구",
                    "start": 7,
                    "end": 18,
                    "label": "준식별자"
                }
            ]
        },
        {
            "sentence": "데이터 기준 타임스탬프 예시: 2025-06-01T08:30:00Z로 모든 로그는 UTC ISO8601로 표준화되어 저장됩니다.",
            "id": "sample_076_0095_000004",
            "annotations": [
                {
                    "word": "2025-06-01T08:30:00Z",
                    "start": 17,
                    "end": 37,
                    "label": "준식별자"
                }
            ]
        },
        {
            "sentence": "작물 정보: crop_type은 Lactuca sativa (양상추), growth_stage는 '유묘~초기 생장(14일차)'로 배치별로 버전 관리합니다.",
            "id": "sample_076_0095_000005",
            "annotations": []
        },
        {
            "sentence": "환경 센서 동시 측정값(샘플링 60초): air_temperature_C=22.4 °C, relative_humidity_pct=62 %, CO2_ppm=800 ppm, light_intensity_PPFD_umol_m2_s=180 μmol·m⁻²·s⁻¹.",
            "id": "sample_076_0095_000006",
            "annotations": []
        },
        {
            "sentence": "센서 캘리브레이션 이력: Temp/Hum 센서 SN-TH-2024-009는 2025-05-15에 보정되었으며 보정 계수와 교정 레포트가 별도 저장됩니다.",
            "id": "sample_076_0095_000007",
            "annotations": [
                {
                    "word": "SN-TH-2024-009",
                    "start": 26,
                    "end": 40,
                    "label": "기밀정보"
                }
            ]
        },
        {
            "sentence": "센서 상태 필드 예: sensor_status=OPERATIONAL, last_maintenance=2025-05-15T09:00:00Z, sampling_interval_s=60, 오류코드 결측값은 -9999로 표기합니다.",
            "id": "sample_076_0095_000008",
            "annotations": []
        },
        {
            "sentence": "레시피 메타: recipe_id=recipe_v2.1, version=2.1, 적용기간=2025-06-01T08:00:00Z - 2025-06-21T08:00:00Z, 변경 이력(change_log)은 타임스탬프와 작성자를 포함합니다.",
            "id": "sample_076_0095_000009",
            "annotations": [
                {
                    "word": "2025-06-01T08:00:00Z - 2025-06-21T08:00:00Z",
                    "start": 49,
                    "end": 92,
                    "label": "준식별자"
                }
            ]
        },
        {
            "sentence": "change_log 예시: 2025-05-28T14:20:00Z에 EC 목표를 1.8→2.0 mS/cm로 조정하고 승인자는 권요한으로 기록되었습니다.",
            "id": "sample_076_0095_000010",
            "annotations": [
                {
                    "word": "권요한",
                    "start": 69,
                    "end": 72,
                    "label": "개인정보"
                }
            ]
        },
        {
            "sentence": "수질 측정값: pH=5.9, EC_mS_cm=2.0 mS/cm, dissolved_oxygen_mg_L=7.2 mg/L, nutrient_A_mg_L=120 mg/L, nutrient_B_mg_L=45 mg/L로 배치별 평균값을 표준화합니다.",
            "id": "sample_076_0095_000011",
            "annotations": []
        },
        {
            "sentence": "관수 이력: irrigation_volume_L=12.5 L, irrigation_duration_s=45 s, 관수 사이클은 06:00, 12:00, 18:00 UTC 타임스탬프로 기록됩니다.",
            "id": "sample_076_0095_000012",
            "annotations": []
        },
        {
            "sentence": "설비 상태: pump_status=ON, 펌프 펄스 주파수와 전류값은 연속 로그로 보관하며, 펌프 이상에는 오류코드 PUMP_E02를 부여합니다.",
            "id": "sample_076_0095_000013",
            "annotations": []
        },
        {
            "sentence": "광환경: light_spectrum_ratio_RB=2.1 (R:B), photoperiod_hours=16 h, 최대 PPFD 허용값은 400 μmol·m⁻²·s⁻¹로 물리적 제약을 준수합니다.",
            "id": "sample_076_0095_000014",
            "annotations": []
        },
        {
            "sentence": "표피 생장지표: leaf_area_cm2 (평균)=48.2 cm², plant_height_cm (평균)=12.4 cm, estimated_yield_kg_per_m2=2.3 kg·m⁻²로 예측 모델 결과를 저장합니다.",
            "id": "sample_076_0095_000015",
            "annotations": []
        },
        {
            "sentence": "병해충 관찰: pest_observation_flag=true로 설정되었고, 현장 사진과 라벨은 등급별(경미, 중등도, 심각)으로 다중 검수 결과를 함께 보관합니다.",
            "id": "sample_076_0095_000016",
            "annotations": []
        },
        {
            "sentence": "이미지 메타데이터: image_file_path=images/20250601_cam03_0001.jpg, cameraID=CAM-03, resolution=4000x3000, 촬영거리=1.2 m, 라벨링은 3인 다중검수로 합의 라벨을 기록합니다.",
            "id": "sample_076_0095_000017",
            "annotations": []
        },
        {
            "sentence": "에너지 사용: energy_consumption_kWh=24.6 kWh는 시간대별 미터링으로 수집되며, 효율지표는 kWh·kg⁻¹ 수확량 기준으로 계산합니다.",
            "id": "sample_076_0095_000018",
            "annotations": []
        },
        {
            "sentence": "정비 로그 예시: 2025-06-01T07:00:00Z에 정비를 수행한 점검자는 손정음이며 점검 항목과 교체 부품은 정비표에 기록됩니다.",
            "id": "sample_076_0095_000019",
            "annotations": [
                {
                    "word": "손정음",
                    "start": 45,
                    "end": 48,
                    "label": "개인정보"
                }
            ]
        },
        {
            "sentence": "운영자 식별자: operator_id는 손정음 (마스킹 저장 정책 적용)으로 시스템에는 마스킹된 형태로만 보관되며 원본은 접근 통제 하에 관리합니다.",
            "id": "sample_076_0095_000020",
            "annotations": [
                {
                    "word": "손정음",
                    "start": 22,
                    "end": 25,
                    "label": "개인정보"
                }
            ]
        },
        {
            "sentence": "감사 로그: 데이터 변경 승인 절차는 서명과 타임스탬프를 포함하며 최근 승인자는 엄현민으로 기록되어 내부 감사의 근거로 보관됩니다.",
            "id": "sample_076_0095_000021",
            "annotations": [
                {
                    "word": "엄현민",
                    "start": 45,
                    "end": 48,
                    "label": "개인정보"
                }
            ]
        },
        {
            "sentence": "프라이버시 정책: 개인식별정보(PII)는 최소 수집 원칙을 준수하고, 이름·사번 등은 마스킹 또는 익명화 처리 후 저장합니다.",
            "id": "sample_076_0095_000022",
            "annotations": []
        },
        {
            "sentence": "결측·이상치 표준: 결측값은 -9999, 센서 오류는 에러코드 규약(E01~E99)을 사용하며 원시(raw) 데이터와 전처리(preprocessed) 데이터를 모두 보존합니다.",
            "id": "sample_076_0095_000023",
            "annotations": []
        },
        {
            "sentence": "데이터 보존 정책: 원시 로그는 최소 2년 보존하고 전처리 결과는 별도 버전관리 시스템에 저장하여 재현성을 보장합니다.",
            "id": "sample_076_0095_000024",
            "annotations": []
        },
        {
            "sentence": "합성 데이터 메타: 일부 실험 데이터는 합성으로 생성되었으며 synthetic=true, 생성 규칙과 제약(pH 4.5~6.5, EC 0.8~3.0 mS/cm 등)을 메타데이터로 명시합니다.",
            "id": "sample_076_0095_000025",
            "annotations": []
        },
        {
            "sentence": "내부 파일 경로 및 서비스 정보는 기밀로 분류되며 예시로 internal://server/ops/recipes/recipe_v2.1.json 과 호스트 10.0.12.45 같은 내부 자산 식별자가 존재합니다.",
            "id": "sample_076_0095_000026",
            "annotations": [
                {
                    "word": "internal://server/ops/recipes/recipe_v2.1.json",
                    "start": 32,
                    "end": 78,
                    "label": "기밀정보"
                },
                {
                    "word": "10.0.12.45",
                    "start": 85,
                    "end": 95,
                    "label": "기밀정보"
                }
            ]
        },
        {
            "sentence": "보안 통신: 원격 접속은 VPN을 통해 이루어지며 내부 주소 예시 vpn.internal.corp는 접근 제어와 감사 로그 대상입니다.",
            "id": "sample_076_0095_000027",
            "annotations": [
                {
                    "word": "vpn.internal.corp",
                    "start": 37,
                    "end": 54,
                    "label": "기밀정보"
                }
            ]
        },
        {
            "sentence": "결론 및 권고: 레시피 버전관리 강화, 센서 캘리브레이션 주기 단축, PII 마스킹 정책 엄수, 내부 기밀자산 접근 로그 강화 등 조치를 권고합니다.",
            "id": "sample_076_0095_000028",
            "annotations": []
        }
    ]
}