{
    "document_id": "076_0001",
    "document_title": "수경재배 시설 환경·운영 통합 데이터 리포트",
    "data": [
        {
            "sentence": "본 문서는 실내수경재배 시설의 환경·수질·운영 데이터를 표준화된 형식으로 기록하기 위한 기술·운영 리포트입니다.",
            "id": "sample_076_0001_000001",
            "annotations": []
        },
        {
            "sentence": "대상 설비는 farm_id=FARM-GREEN-001이며 주요 측정 기준시간은 2025-06-01T08:30:00Z(UTC)로 표기합니다.",
            "id": "sample_076_0001_000002",
            "annotations": []
        },
        {
            "sentence": "로컬 타임존은 Asia/Seoul로 메타데이터에 별도 기록하며 위치는 서울특별시 강남구로 요약 메타에 포함합니다.",
            "id": "sample_076_0001_000003",
            "annotations": [
                {
                    "word": "서울특별시 강남구",
                    "start": 39,
                    "end": 48,
                    "label": "준식별자"
                }
            ]
        },
        {
            "sentence": "작물 종류는 crop_type=상추(Lactuca sativa), 생육단계는 growth_stage=유묘에서 착과 전 단계로 기록됩니다.",
            "id": "sample_076_0001_000004",
            "annotations": []
        },
        {
            "sentence": "환경 센서는 초당 1Hz 또는 분단위(60s) 샘플링으로 연속 수집되며 타임스탬프 정렬된 시계열로 손실 없이 보관합니다.",
            "id": "sample_076_0001_000005",
            "annotations": []
        },
        {
            "sentence": "공기온도 air_temperature_C=22.4°C, 상대습도 relative_humidity_pct=65%, CO2=850ppm은 2025-06-01T08:30:00Z에 기록되었으며 센서 상태 및 캘리브레이션 이력이 동반됩니다.",
            "id": "sample_076_0001_000006",
            "annotations": []
        },
        {
            "sentence": "조도 PPFD light_intensity_PPFD_umol_m2_s=220 μmol·m⁻²·s⁻¹, 광주기 photoperiod_hours=16h, 스펙트럼 비율 light_spectrum_ratio_RB=2.1(R/B)로 설정하여 레시피와 비교합니다.",
            "id": "sample_076_0001_000007",
            "annotations": []
        },
        {
            "sentence": "배양액 pH=5.8, 전기전도도 EC_mS_cm=1.6 mS/cm, 용존산소 dissolved_oxygen_mg_L=7.2 mg/L, nutrient_A_mg_L=95 mg/L, nutrient_B_mg_L=40 mg/L로 측정되었습니다.",
            "id": "sample_076_0001_000008",
            "annotations": []
        },
        {
            "sentence": "관수 이력은 irrigation_volume_L=12.5 L, irrigation_duration_s=45 s, pump_status=ON으로 펌프 상태와 펌프 회전수 및 오류코드를 함께 기록합니다.",
            "id": "sample_076_0001_000009",
            "annotations": []
        },
        {
            "sentence": "개별 식물의 생장 지표로 leaf_area_cm2=137.4 cm2, plant_height_cm=12.3 cm, estimated_yield_kg_per_m2=2.6 kg/m2(추정값)을 주 단위로 산출합니다.",
            "id": "sample_076_0001_000010",
            "annotations": []
        },
        {
            "sentence": "해충 관찰 결과 pest_observation_flag=true로 기록되었으며 발현 부위, 발생 밀도 및 사진 참조를 병기합니다.",
            "id": "sample_076_0001_000011",
            "annotations": []
        },
        {
            "sentence": "이미지 경로 image_file_path=/data/images/20250601/tray03_img00012.jpg, 촬영시간=2025-06-01T08:29:58Z, cameraID=CAM-RH-03, 해상도=4032x3024, 촬영거리=0.45m로 메타를 저장합니다.",
            "id": "sample_076_0001_000012",
            "annotations": []
        },
        {
            "sentence": "해당 이미지 라벨링은 다중 검수로 진행되며 검수자 수=2, 검수결과={'병해충':1,'건강':1} 형태의 합의 레이블과 각 검수자의 의견을 보존합니다.",
            "id": "sample_076_0001_000013",
            "annotations": []
        },
        {
            "sentence": "검수자 목록에는 윤혁진과 서원종이 기입되어 있으며 검수 시각과 검수 버전도 함께 기록됩니다.",
            "id": "sample_076_0001_000014",
            "annotations": [
                {
                    "word": "윤혁진",
                    "start": 9,
                    "end": 12,
                    "label": "개인정보"
                },
                {
                    "word": "서원종",
                    "start": 14,
                    "end": 17,
                    "label": "개인정보"
                }
            ]
        },
        {
            "sentence": "에너지 사용량 energy_consumption_kWh=3.45 kWh는 시간 단위 누적으로 저장되며 조명·펌프·HVAC별 소비 분리를 권장합니다.",
            "id": "sample_076_0001_000015",
            "annotations": []
        },
        {
            "sentence": "운영자 정보는 operator_id=OP-20234, 운영자명=백중원, 사번: 20234, 소속: 그린팜연구소로 기록되었으나 개인식별정보는 최소화·마스킹 정책을 별도 적용합니다.",
            "id": "sample_076_0001_000016",
            "annotations": [
                {
                    "word": "백중원",
                    "start": 35,
                    "end": 38,
                    "label": "개인정보"
                },
                {
                    "word": "사번: 20234",
                    "start": 40,
                    "end": 49,
                    "label": "개인정보"
                },
                {
                    "word": "그린팜연구소",
                    "start": 55,
                    "end": 61,
                    "label": "준식별자"
                }
            ]
        },
        {
            "sentence": "운영·정비 이력 maintenance_log에는 2025-05-28T10:00:00Z에 실시한 펌프 교체와 2025-05-30T09:00:00Z에 수행한 조도 캘리브레이션이 포함됩니다.",
            "id": "sample_076_0001_000017",
            "annotations": []
        },
        {
            "sentence": "레시피는 recipe_id=REC-LETT-002, 버전 version=2.3, 적용기간=2025-05-15T00:00:00Z/2025-06-15T00:00:00Z로 관리되며 change_log에 변경 사유와 승인자를 기록합니다.",
            "id": "sample_076_0001_000018",
            "annotations": []
        },
        {
            "sentence": "센서 캘리브레이션 이력 예시: pH 센서 SN=PH-298 캘리브레이션 일자=2025-05-20T14:10:00Z, 캘리브레이션 표준용액=4.01/7.00, 센서상태=status=OK로 보관합니다.",
            "id": "sample_076_0001_000019",
            "annotations": []
        },
        {
            "sentence": "데이터 무결성 표준으로 결측코드 MISSING_NA, 센서오류코드 SERR_01(ADC 이상), SERR_02(통신 실패)를 정의하고 원시(raw)와 전처리(preprocessed) 버전을 함께 보존합니다.",
            "id": "sample_076_0001_000020",
            "annotations": []
        },
        {
            "sentence": "샘플링 규약은 초당 1Hz 환경센서, 배양액 5분 간격, 이미지 10분 간격으로 명시하며 타임스탬프는 UTC ISO8601을 사용합니다.",
            "id": "sample_076_0001_000021",
            "annotations": []
        },
        {
            "sentence": "접근 통제는 PII 마스킹, 역할 기반 접근제어(RBAC) 및 감사지 로그(audit_log)를 적용하여 데이터 열람·수정 이력을 기록합니다.",
            "id": "sample_076_0001_000022",
            "annotations": []
        },
        {
            "sentence": "본 데이터셋의 일부는 합성 데이터로 생성되었으며 synthetic_flag=true, 생성규칙은 생리학적 제약(pH 4.0-7.5, EC 0.8-2.5 mS/cm, 최대 PPFD 600 μmol·m⁻²·s⁻¹)을 준수했다고 메타데이터에 명시합니다.",
            "id": "sample_076_0001_000023",
            "annotations": []
        },
        {
            "sentence": "데이터 품질 체크 항목으로는 범위 초과 이상치(예: pH<4.0 또는 pH>7.5), 급격한 온도변동(ΔT>5°C/10min) 및 급증 CO2(ΔCO2>400ppm/5min)를 설정합니다.",
            "id": "sample_076_0001_000024",
            "annotations": []
        },
        {
            "sentence": "펌프·팬 장비 상태는 상태코드와 마지막 정비일을 포함하여 주간 점검 로그로 기록하며 예비부품 교체 주기를 명시합니다.",
            "id": "sample_076_0001_000025",
            "annotations": []
        },
        {
            "sentence": "레시피 파일 경로는 내부 저장소에 /srv/internal/recipes/veg/veg_v2.3.yaml로 존재하며 파일 경로는 기밀정보로 접근제어 대상입니다.",
            "id": "sample_076_0001_000026",
            "annotations": [
                {
                    "word": "/srv/internal/recipes/veg/veg_v2.3.yaml",
                    "start": 19,
                    "end": 58,
                    "label": "기밀정보"
                }
            ]
        },
        {
            "sentence": "시스템 연동을 위한 내부 서버 IP는 10.0.4.22로 할당되어 있으며 네트워크 자원과 VPN 주소는 보안 정책에 따라 기밀 등급으로 분류됩니다.",
            "id": "sample_076_0001_000027",
            "annotations": [
                {
                    "word": "10.0.4.22",
                    "start": 21,
                    "end": 30,
                    "label": "기밀정보"
                }
            ]
        },
        {
            "sentence": "거래·결제 관련 정보 예시로 계좌번호: 123-45-678901은 기밀정보로 취급되며 문서 내 실제 계좌는 마스킹되어야 합니다.",
            "id": "sample_076_0001_000028",
            "annotations": [
                {
                    "word": "계좌번호: 123-45-678901",
                    "start": 16,
                    "end": 35,
                    "label": "기밀정보"
                }
            ]
        }
    ]
}