{
    "document_id": "076_0086",
    "document_title": "실내농업(수경재배) 운영 데이터 레코드 및 메타데이터 사양서",
    "data": [
        {
            "sentence": "본 문서는 실내농업 및 수경재배 설비에서 생성되는 센서, 수질, 관수, 생육, 이미지 및 운영 로그의 표준화된 데이터 레코드를 정의합니다.",
            "id": "sample_076_0086_000001",
            "annotations": []
        },
        {
            "sentence": "문서 범위에는 온도·습도·CO2·PPFD와 같은 환경 센서 데이터, 배양액 pH·EC·DO, 영양성분 농도, 관수 이력, 이미지 메타데이터 및 레시피 버전 관리가 포함됩니다.",
            "id": "sample_076_0086_000002",
            "annotations": []
        },
        {
            "sentence": "모든 타임스탬프는 UTC ISO8601 형식으로 표준화되어 저장됩니다(예: 2025-06-01T08:30:00Z)이며 로컬 타임존은 별도 메타데이터 필드에 보관합니다.",
            "id": "sample_076_0086_000003",
            "annotations": []
        },
        {
            "sentence": "대표 식별자 필드 예시는 farm_id, timestamp, crop_type, growth_stage이며 farm_id는 '076_0086' 규칙을 준수합니다.",
            "id": "sample_076_0086_000004",
            "annotations": []
        },
        {
            "sentence": "환경 데이터 예시: air_temperature_C=22.5°C, relative_humidity_pct=62.0%, CO2_ppm=900 ppm로 표기하며 단위는 모두 SI 기준을 사용합니다.",
            "id": "sample_076_0086_000005",
            "annotations": []
        },
        {
            "sentence": "조도 및 조명 프로파일 예시: light_intensity_PPFD_umol_m2_s=220 μmol·m⁻²·s⁻¹, photoperiod_hours=16 h, light_spectrum_ratio_RB=2.5로 기록합니다.",
            "id": "sample_076_0086_000006",
            "annotations": []
        },
        {
            "sentence": "배양액 상태 예시: pH=5.8, EC_mS_cm=1.8 mS/cm, dissolved_oxygen_mg_L=7.2 mg/L, nutrient_A_mg_L=150 mg/L, nutrient_B_mg_L=80 mg/L의 형식으로 저장합니다.",
            "id": "sample_076_0086_000007",
            "annotations": []
        },
        {
            "sentence": "관수 이력은 irrigation_volume_L=12.5 L, irrigation_duration_s=90 s, pump_status='ON'과 같이 시간 순으로 저장하며 펌프 상태 및 오류코드를 함께 기록합니다.",
            "id": "sample_076_0086_000008",
            "annotations": []
        },
        {
            "sentence": "작물 생장 지표 예시: leaf_area_cm2=230.4 cm², plant_height_cm=18.6 cm, estimated_yield_kg_per_m2=0.85 kg/m², pest_observation_flag=false로 표기합니다.",
            "id": "sample_076_0086_000009",
            "annotations": []
        },
        {
            "sentence": "운영자 및 접근 관련 예시는 operator_id와 최소한의 식별자로 로그를 남기되 PII 마스킹을 권장하며 예시로 작업자 정보: 이름 백성호, 사번 EMP-2023-045, 연락처 010-****-5678을 기록합니다.",
            "id": "sample_076_0086_000010",
            "annotations": [
                {
                    "word": "백성호",
                    "start": 76,
                    "end": 79,
                    "label": "개인정보"
                },
                {
                    "word": "EMP-2023-045",
                    "start": 84,
                    "end": 96,
                    "label": "개인정보"
                }
            ]
        },
        {
            "sentence": "정비 및 유지보수 로그(maintenance_log)는 작업일시, 작업내용, 부품교체, 담당자 및 관련 센서 상태를 포함하여 기록하며 변경 이력은 변경 전후 값을 보존합니다.",
            "id": "sample_076_0086_000011",
            "annotations": []
        },
        {
            "sentence": "센서 메타데이터는 sensor_id, 제조사, 모델명, 캘리브레이션 이력, 최근 캘리브레이션 일시(UTC), 센서 상태 필드(status: OK/WARN/ERR)를 포함해야 합니다.",
            "id": "sample_076_0086_000012",
            "annotations": []
        },
        {
            "sentence": "캘리브레이션 히스토리 예시 항목: {calibration_date:'2025-05-25T09:00:00Z', technician:'황인영', method:'표준용액 비교', uncertainty:±0.02}로 저장합니다.",
            "id": "sample_076_0086_000013",
            "annotations": []
        },
        {
            "sentence": "시계열 데이터는 손실 없이 타임스탬프 정렬된 상태로 보존하며 샘플링 주기와 원시(raw) 데이터 및 전처리(preprocessed) 데이터를 모두 유지합니다.",
            "id": "sample_076_0086_000014",
            "annotations": []
        },
        {
            "sentence": "레시피(영양·조명·관수 프로파일)는 version, 적용기간(start/end UTC), change_log(작성자, 변경일시, 변경요약)를 포함하며 내부 경로 예시 /srv/data/recipes/secret_recipe_v3.json에 버전 파일을 보관합니다.",
            "id": "sample_076_0086_000015",
            "annotations": [
                {
                    "word": "/srv/data/recipes/secret_recipe_v3.json",
                    "start": 93,
                    "end": 132,
                    "label": "기밀정보"
                }
            ]
        },
        {
            "sentence": "이미지 메타데이터는 image_file_path, 촬영시간(UTC), cameraID, 해상도, 촬영거리, 라벨링 결과 및 다중 검수자 판정(consensus)을 포함하여 저장합니다.",
            "id": "sample_076_0086_000016",
            "annotations": []
        },
        {
            "sentence": "라벨링 항목은 라벨러ID(가능 시 익명화), 라벨링버전, 검수자 목록, 검수일시(UTC) 및 라벨 신뢰도 점수를 함께 기록합니다.",
            "id": "sample_076_0086_000017",
            "annotations": []
        },
        {
            "sentence": "프라이버시 정책에 따라 개인식별정보(PII)는 저장하지 않거나 마스킹하며 접근 제어와 감사 로그(audit log)를 통해 열람 이력을 보존합니다.",
            "id": "sample_076_0086_000018",
            "annotations": []
        },
        {
            "sentence": "결측값 및 이상치 처리는 결측 코드(NaC, sensor_err_code), 재시도 정책, 원시값 보존 규칙을 명시하고 처리 이력은 전처리 메타데이터에 기록합니다.",
            "id": "sample_076_0086_000019",
            "annotations": []
        },
        {
            "sentence": "네트워크 및 시스템 관련 민감 정보는 별도 보안 정책으로 관리하며 예시로 내부서버 IP 10.0.0.12는 접근권한이 제한된 기밀정보로 분류됩니다.",
            "id": "sample_076_0086_000020",
            "annotations": [
                {
                    "word": "10.0.0.12",
                    "start": 49,
                    "end": 58,
                    "label": "기밀정보"
                }
            ]
        },
        {
            "sentence": "접근 로그 예시 항목에는 접속일시(UTC), operator_id, 원격IP, 작업요청ID, 담당자 이메일(예: bae.s@company.com)이 포함되지만 이메일 등 PII는 필요 시 익명화해야 합니다.",
            "id": "sample_076_0086_000021",
            "annotations": [
                {
                    "word": "bae.s@company.com",
                    "start": 63,
                    "end": 80,
                    "label": "개인정보"
                }
            ]
        },
        {
            "sentence": "위치 정보는 시설 단위로 관리하며 예시 주소는 서울특별시 성동구 왕십리로 123과 같이 기록하되 상세 개인주소는 저장하지 않습니다.",
            "id": "sample_076_0086_000022",
            "annotations": [
                {
                    "word": "서울특별시 성동구 왕십리로 123",
                    "start": 26,
                    "end": 44,
                    "label": "준식별자"
                }
            ]
        },
        {
            "sentence": "운영자 프로필 예시는 생년월일(예: 1985-03-12), 직무, 자격증 등을 준식별자로 간주하고 결합 위험을 줄이기 위해 최소한으로 수집합니다.",
            "id": "sample_076_0086_000023",
            "annotations": [
                {
                    "word": "1985-03-12",
                    "start": 20,
                    "end": 30,
                    "label": "준식별자"
                }
            ]
        },
        {
            "sentence": "내부 운영 절차 및 비공개 레시피(예: 비공개 레시피 v3.2)는 조직의 경쟁력과 직결되므로 기밀정보로 분류하여 암호화 저장 및 접근 통제를 적용합니다.",
            "id": "sample_076_0086_000024",
            "annotations": [
                {
                    "word": "비공개 레시피 v3.2",
                    "start": 22,
                    "end": 34,
                    "label": "기밀정보"
                }
            ]
        },
        {
            "sentence": "데이터 사용 권한, 보존 기간, 익명화 수준 및 감사 주체를 명시한 운영 가이드라인을 수립하고 정기적인 보안 검토를 권고합니다.",
            "id": "sample_076_0086_000025",
            "annotations": []
        },
        {
            "sentence": "합성 데이터 생성 시에는 합성 여부를 메타데이터로 표기하고 생성 규칙과 근거 모델을 기록하되 물리적·생물학적 제약(예: pH 4.0–7.0, EC 0.5–3.0 mS/cm)을 준수합니다.",
            "id": "sample_076_0086_000026",
            "annotations": []
        },
        {
            "sentence": "센서 캘리브레이션 표준 코드 목록과 센서 오류코드 매핑표는 운영자 매뉴얼에 포함하며 예시로 ERR_TEMP_01: 온도 센서 단락을 정의합니다.",
            "id": "sample_076_0086_000027",
            "annotations": []
        },
        {
            "sentence": "결론적으로 모든 데이터는 원시(raw) 및 전처리(preprocessed) 상태로 보존하고 레시피 버전관리, 캘리브레이션 이력, 감사 로그를 통해 데이터 신뢰성을 보장합니다.",
            "id": "sample_076_0086_000028",
            "annotations": []
        }
    ]
}