{
    "document_id": "076_0013",
    "document_title": "실내농업(F_076_A01) 수경재배 운영 및 센서데이터 통합 리포트",
    "data": [
        {
            "sentence": "문서 소개: 본 리포트는 실내농업 및 수경재배 시설의 운영 로그와 센서 데이터를 통합 기록한 합성 문서입니다.",
            "id": "sample_076_0013_000001",
            "annotations": []
        },
        {
            "sentence": "본 문서는 합성 데이터이며 메타데이터에 합성 여부와 생성 규칙을 명시했습니다.",
            "id": "sample_076_0013_000002",
            "annotations": []
        },
        {
            "sentence": "farm_id는 F_076_A01로 표준화하여 모든 레코드에 기재했습니다.",
            "id": "sample_076_0013_000003",
            "annotations": []
        },
        {
            "sentence": "모든 타임스탬프는 UTC ISO8601 형식으로 표기하며 예시로 2025-06-01T08:30:00Z를 사용했습니다.",
            "id": "sample_076_0013_000004",
            "annotations": []
        },
        {
            "sentence": "로컬 타임존은 메타데이터에 Asia/Seoul로 별도 기록하여 해석 혼선을 줄였습니다.",
            "id": "sample_076_0013_000005",
            "annotations": []
        },
        {
            "sentence": "샘플링 주기는 60 s(초)로 설정했고 연속 센서 데이터는 손실 없이 타임스탬프 정렬된 시계열로 보관합니다.",
            "id": "sample_076_0013_000006",
            "annotations": []
        },
        {
            "sentence": "crop_type은 상추(Lactuca sativa)로 표기했고 growth_stage는 유묘(Seedling) - 12일차로 기록했습니다.",
            "id": "sample_076_0013_000007",
            "annotations": []
        },
        {
            "sentence": "환경 센서 측정 예: air_temperature_C 22.4 °C, relative_humidity_pct 62.0 %, CO2_ppm 850 ppm 입니다.",
            "id": "sample_076_0013_000008",
            "annotations": []
        },
        {
            "sentence": "광 환경 항목: light_intensity_PPFD_umol_m2_s 210 μmol·m⁻²·s⁻¹, photoperiod_hours 16 h, light_spectrum_ratio_RB 3.2 (R:B)입니다.",
            "id": "sample_076_0013_000009",
            "annotations": []
        },
        {
            "sentence": "배양액 수질 항목: pH 5.8, EC_mS_cm 1.45 mS/cm, dissolved_oxygen_mg_L 7.2 mg/L로 측정되었습니다.",
            "id": "sample_076_0013_000010",
            "annotations": []
        },
        {
            "sentence": "영양성분: nutrient_A_mg_L 120 mg/L, nutrient_B_mg_L 45 mg/L이며 레시피 버전 recipe_v2.1을 적용했습니다.",
            "id": "sample_076_0013_000011",
            "annotations": []
        },
        {
            "sentence": "레시피 적용 기간은 2025-05-01T00:00:00Z부터 2025-06-01T00:00:00Z까지로 메타데이터에 명시했습니다.",
            "id": "sample_076_0013_000012",
            "annotations": []
        },
        {
            "sentence": "레시피 변경 이력(change_log): 2025-05-15T03:00:00Z EC +0.1 mS/cm, 2025-05-20T12:00:00Z 질소(N) +10 mg/L로 기록했습니다.",
            "id": "sample_076_0013_000013",
            "annotations": []
        },
        {
            "sentence": "관수 이력: irrigation_volume_L 2.5 L, irrigation_duration_s 45 s, pump_status ON으로 기록되어 있습니다.",
            "id": "sample_076_0013_000014",
            "annotations": []
        },
        {
            "sentence": "생장 지표: leaf_area_cm2 18.4 cm², plant_height_cm 9.2 cm, estimated_yield_kg_per_m2 2.1 kg/m²로 계산했습니다.",
            "id": "sample_076_0013_000015",
            "annotations": []
        },
        {
            "sentence": "해충 관찰 여부 pest_observation_flag false이며 이미지 경로 image_file_path '/data/images/F_076_A01/2025-06-01T08:30:00Z_cam03_4000x3000.jpg'로 연계했습니다.",
            "id": "sample_076_0013_000016",
            "annotations": [
                {
                    "word": "/data/images/F_076_A01/2025-06-01T08:30:00Z_cam03_4000x3000.jpg",
                    "start": 63,
                    "end": 126,
                    "label": "기밀정보"
                }
            ]
        },
        {
            "sentence": "이미지 메타: cameraID cam03, 해상도 4000x3000, 촬영거리 1.2 m, 촬영시간 2025-06-01T08:30:00Z, 라벨링 검수 3/3 일치입니다.",
            "id": "sample_076_0013_000017",
            "annotations": []
        },
        {
            "sentence": "에너지 사용 예: energy_consumption_kWh 0.72 kWh(2025-06-01T08:00:00Z~2025-06-01T09:00:00Z 기준)로 집계했습니다.",
            "id": "sample_076_0013_000018",
            "annotations": []
        },
        {
            "sentence": "작업자 식별은 최소화 정책을 적용하지만 운영 로그에는 operator_id 지우남으로 표기된 샘플 레코드가 존재합니다.",
            "id": "sample_076_0013_000019",
            "annotations": [
                {
                    "word": "지우남",
                    "start": 42,
                    "end": 45,
                    "label": "개인정보"
                }
            ]
        },
        {
            "sentence": "유지보수 로그(maintenance_log): 2025-05-25T10:00:00Z 펌프 교체(모델 PUM-XL), 담당자 차근영, 교체 사유 베어링 마모로 기록했습니다.",
            "id": "sample_076_0013_000020",
            "annotations": [
                {
                    "word": "차근영",
                    "start": 69,
                    "end": 72,
                    "label": "개인정보"
                }
            ]
        },
        {
            "sentence": "센서 상태 및 캘리브레이션 이력: EC_sensor_01 상태 OK, last_calibration 2025-04-15T09:00:00Z, calibration_note standard solution 2.00 mS/cm입니다.",
            "id": "sample_076_0013_000021",
            "annotations": []
        },
        {
            "sentence": "결측·오류 표준: 결측코드 NaN, 센서오류 코드 E_SENSOR_03(통신오류)로 정의하며 raw와 preprocessed 데이터를 모두 보존합니다.",
            "id": "sample_076_0013_000022",
            "annotations": []
        },
        {
            "sentence": "운영 보안 메모: 내부 서버 주소 10.10.0.5 및 파일 경로 /srv/internal/recipes/alpha_v2.json은 접근 제어 대상으로 분류합니다.",
            "id": "sample_076_0013_000023",
            "annotations": [
                {
                    "word": "10.10.0.5",
                    "start": 19,
                    "end": 28,
                    "label": "기밀정보"
                },
                {
                    "word": "/srv/internal/recipes/alpha_v2.json",
                    "start": 37,
                    "end": 72,
                    "label": "기밀정보"
                }
            ]
        },
        {
            "sentence": "테스트용 비밀 토큰 예시 APIKEY-SECRET-12345는 문서 예시이며 실제 시스템에서는 키 관리 시스템을 사용합니다.",
            "id": "sample_076_0013_000024",
            "annotations": [
                {
                    "word": "APIKEY-SECRET-12345",
                    "start": 14,
                    "end": 33,
                    "label": "기밀정보"
                }
            ]
        },
        {
            "sentence": "운영 제약: 조명 최대 PPFD 600 μmol·m⁻²·s⁻¹, 관수 최대 유량 10 L/min, pH 범위 5.0~6.5, EC 범위 0.8~2.5 mS/cm을 준수합니다.",
            "id": "sample_076_0013_000025",
            "annotations": []
        },
        {
            "sentence": "합성 데이터 생성 규칙은 메타데이터에 난수 시드 20250601과 트렁케이션 규칙을 명시하여 반복 가능하게 설계했습니다.",
            "id": "sample_076_0013_000026",
            "annotations": []
        },
        {
            "sentence": "감사 로그 설계는 접근 통제, 변경 이력, 작업자 작업시간 및 IP 추적을 포함하며 로그 보존 기간은 1년입니다.",
            "id": "sample_076_0013_000027",
            "annotations": []
        },
        {
            "sentence": "데이터 품질 지표 예: EC_sensor_01 신뢰도 0.98, temp_sensor_02 0.95, DO_sensor_01 0.92로 센서별 점수를 기록합니다.",
            "id": "sample_076_0013_000028",
            "annotations": []
        },
        {
            "sentence": "실험별 레시피 버전 관리 표준은 버전명, 적용기간, 변경사유, 변경자(마스킹 가능)를 포함하도록 규정했습니다.",
            "id": "sample_076_0013_000029",
            "annotations": []
        },
        {
            "sentence": "결론 및 권고: 캘리브레이션 주기 단축, 관수량 모니터링 강화, 레시피 변경 전 A/B 테스트 수행을 권고사항으로 문서화합니다.",
            "id": "sample_076_0013_000030",
            "annotations": []
        }
    ]
}