{
    "document_id": "076_0099",
    "document_title": "실내농업(수경재배) 운영 데이터 및 레시피 관리 리포트",
    "data": [
        {
            "sentence": "본 문서는 실내농업 수경재배 시설의 운영 데이터, 센서 이력, 레시피 변경내역 및 보안·접근 통제 설계를 포함한 종합 리포트입니다.",
            "id": "sample_076_0099_000001",
            "annotations": []
        },
        {
            "sentence": "메타데이터에는 farm_id, 로컬 타임존, 데이터 생성일시, 샘플링 주기와 데이터 합성 여부가 표준화되어 기록됩니다.",
            "id": "sample_076_0099_000002",
            "annotations": []
        },
        {
            "sentence": "본 리포트의 farm_id는 \"FARM_076_0099\"로 표기되며, 로컬 타임존은 Asia/Seoul 로 명시하고 모든 타임스탬프는 UTC ISO8601로 저장합니다.",
            "id": "sample_076_0099_000003",
            "annotations": []
        },
        {
            "sentence": "샘플 타임스탬프 예시는 2025-06-01T08:30:00Z 이며, 연속 센서 데이터는 손실 없이 타임스탬프 정렬된 시계열로 보관됩니다.",
            "id": "sample_076_0099_000004",
            "annotations": []
        },
        {
            "sentence": "기본 작물·공정 필드는 crop_type: 상추, growth_stage: 유묘기 로 명시되며 모든 단위는 국제표준(SI)을 준수합니다.",
            "id": "sample_076_0099_000005",
            "annotations": []
        },
        {
            "sentence": "실측 환경값 예시는 air_temperature_C: 22.5 °C, relative_humidity_pct: 65 %, CO2_ppm: 850 ppm 로 기록됩니다.",
            "id": "sample_076_0099_000006",
            "annotations": []
        },
        {
            "sentence": "광 관련 값은 light_intensity_PPFD_umol_m2_s: 220 μmol·m⁻²·s⁻¹, photoperiod_hours: 16 h 로 표준화되어 저장됩니다.",
            "id": "sample_076_0099_000007",
            "annotations": []
        },
        {
            "sentence": "배양액·수질 지표는 pH: 5.8, EC_mS_cm: 1.6 mS/cm, dissolved_oxygen_mg_L: 7.2 mg/L, nutrient_A_mg_L: 45 mg/L, nutrient_B_mg_L: 12 mg/L 로 기록됩니다.",
            "id": "sample_076_0099_000008",
            "annotations": []
        },
        {
            "sentence": "관수 이력에는 irrigation_volume_L: 2.5 L, irrigation_duration_s: 30 s, pump_status: ON/OFF 및 펌프 상태 코드가 포함됩니다.",
            "id": "sample_076_0099_000009",
            "annotations": []
        },
        {
            "sentence": "광 스펙트럼은 light_spectrum_ratio_RB: 3.2 (R:B 비율) 로 표기하며 식물지표는 leaf_area_cm2: 18.7 cm2, plant_height_cm: 12.4 cm 로 저장됩니다.",
            "id": "sample_076_0099_000010",
            "annotations": []
        },
        {
            "sentence": "생산성 지표는 estimated_yield_kg_per_m2: 3.2 kg/m2, pest_observation_flag: false 로 집계되며 이미지 경로(image_file_path)와 연계됩니다.",
            "id": "sample_076_0099_000011",
            "annotations": []
        },
        {
            "sentence": "이미지 메타데이터는 촬영시간(UTC), cameraID: CAM_05, 해상도: 4000x3000, 촬영거리_m: 0.8 m 를 포함합니다.",
            "id": "sample_076_0099_000012",
            "annotations": []
        },
        {
            "sentence": "이미지 파일 예시는 /data/images/2025-06-01_cam05_0001.jpg 이며 라벨링 시 다중 검수(검수자 수, 합의결과, 불일치 유형)를 함께 보존합니다.",
            "id": "sample_076_0099_000013",
            "annotations": []
        },
        {
            "sentence": "에너지 사용량은 energy_consumption_kWh: 12.6 kWh 로 일일 집계되며 샘플링 주기(sample_rate): 60 s 로 메타데이터에 명시됩니다.",
            "id": "sample_076_0099_000014",
            "annotations": []
        },
        {
            "sentence": "센서 캘리브레이션 이력은 sensor_id, cal_date(UTC), cal_offset, cal_by, 교정방법과 유효기간으로 구성되며 sensor_status: OK/DEGRADED/FAILED 필드를 포함합니다.",
            "id": "sample_076_0099_000015",
            "annotations": []
        },
        {
            "sentence": "센서 raw 데이터와 전처리 데이터는 모두 보존되며 결측값 표시는 결측코드: MISSING, 센서오류코드 예시: E001(통신불가), E002(오프셋초과)로 표준화됩니다.",
            "id": "sample_076_0099_000016",
            "annotations": []
        },
        {
            "sentence": "레시피는 레시피ID, 버전(version: v1.2), 적용기간(applied_from: 2025-05-01T00:00:00Z, applied_to: 2025-06-01T00:00:00Z) 및 change_log를 포함합니다.",
            "id": "sample_076_0099_000017",
            "annotations": []
        },
        {
            "sentence": "레시피 파일은 내부 저장소 경로 /srv/internal/recipes/veg_a_v1.2.json 에 보관되며 비공개 접근 제어와 변경이력 로그가 적용됩니다.",
            "id": "sample_076_0099_000018",
            "annotations": [
                {
                    "word": "/srv/internal/recipes/veg_a_v1.2.json",
                    "start": 18,
                    "end": 55,
                    "label": "기밀정보"
                }
            ]
        },
        {
            "sentence": "운영·정비 로그(maintenance_log)는 점검일시(UTC), 설비ID, 수행자 및 교체부품, 비고를 포함하며 점검자 이름과 작업요약을 기록합니다.",
            "id": "sample_076_0099_000019",
            "annotations": []
        },
        {
            "sentence": "최근 펌프 정비 기록 예시는 2025-05-28T09:15:00Z, 설비ID PUMP_03, 점검자 유해율, 정비내역: 임펠러 교체 및 밸런스 조정 입니다.",
            "id": "sample_076_0099_000020",
            "annotations": [
                {
                    "word": "유해율",
                    "start": 56,
                    "end": 59,
                    "label": "개인정보"
                }
            ]
        },
        {
            "sentence": "실시간 운영을 위한 operator_id 는 접근 제어를 위해 별도 식별자와 연동되며 예시 필드에는 operator_id: 백재영 으로 매핑된 계정이 존재합니다.",
            "id": "sample_076_0099_000021",
            "annotations": [
                {
                    "word": "백재영",
                    "start": 69,
                    "end": 72,
                    "label": "개인정보"
                }
            ]
        },
        {
            "sentence": "보안 로그는 접속 시간(UTC), 출처 IP, 활동유형, 대상 리소스 및 감사로그 id 를 포함하며 관리서버 IP 192.168.10.12 와 계정 admin_greenfarm 는 내부 기밀로 취급됩니다.",
            "id": "sample_076_0099_000022",
            "annotations": [
                {
                    "word": "192.168.10.12",
                    "start": 64,
                    "end": 77,
                    "label": "기밀정보"
                },
                {
                    "word": "admin_greenfarm",
                    "start": 83,
                    "end": 98,
                    "label": "기밀정보"
                }
            ]
        },
        {
            "sentence": "현장 위치 메타는 시군구 단위로 분리하여 보관하며 예시로 서울특별시 강남구 에 위치한 컨테이너팜 임을 기록합니다.",
            "id": "sample_076_0099_000023",
            "annotations": [
                {
                    "word": "서울특별시",
                    "start": 32,
                    "end": 37,
                    "label": "준식별자"
                },
                {
                    "word": "강남구",
                    "start": 38,
                    "end": 41,
                    "label": "준식별자"
                }
            ]
        },
        {
            "sentence": "근로자 준식별자 관리는 최소화되어야 하며 예시로 근로자 생년월일은 연/월/일 단위로 분리 저장합니다; 예: 1985-06-15 를 1985, 06, 15 로 분리 보관합니다.",
            "id": "sample_076_0099_000024",
            "annotations": [
                {
                    "word": "1985",
                    "start": 60,
                    "end": 64,
                    "label": "준식별자"
                },
                {
                    "word": "1985",
                    "start": 73,
                    "end": 77,
                    "label": "준식별자"
                },
                {
                    "word": "06",
                    "start": 65,
                    "end": 67,
                    "label": "준식별자"
                },
                {
                    "word": "06",
                    "start": 79,
                    "end": 81,
                    "label": "준식별자"
                },
                {
                    "word": "15",
                    "start": 68,
                    "end": 70,
                    "label": "준식별자"
                },
                {
                    "word": "15",
                    "start": 83,
                    "end": 85,
                    "label": "준식별자"
                }
            ]
        },
        {
            "sentence": "조직·협력사 표기는 직장명 수준으로 관리하며 예시 company: 그린팜 은 실험 레시피 협업 주체 명시용 준식별자입니다.",
            "id": "sample_076_0099_000025",
            "annotations": [
                {
                    "word": "그린팜",
                    "start": 37,
                    "end": 40,
                    "label": "준식별자"
                }
            ]
        },
        {
            "sentence": "합성 데이터 생성 여부는 metadata.synthetic: true 로 표기하며 생성 규칙(rule_set), 물리·생물학적 제약(허용 pH 4.5~7.5, EC 0.8~3.0 mS/cm 등)을 명시합니다.",
            "id": "sample_076_0099_000026",
            "annotations": []
        },
        {
            "sentence": "라벨링 검수 결과는 multi_review: {reviewers: [\"신세라\",\"백유라\"], consensus: true, disagreement_items: []} 형식으로 보존합니다.",
            "id": "sample_076_0099_000027",
            "annotations": [
                {
                    "word": "신세라",
                    "start": 39,
                    "end": 42,
                    "label": "개인정보"
                },
                {
                    "word": "백유라",
                    "start": 45,
                    "end": 48,
                    "label": "개인정보"
                }
            ]
        },
        {
            "sentence": "원시 및 전처리 데이터 보존 정책, 접근 제어 설계, 감사 로그 보관 기간과 VPN 주소(vpn.greenfarm.internal) 및 내부 접근 절차를 운영 규정에 포함합니다.",
            "id": "sample_076_0099_000028",
            "annotations": [
                {
                    "word": "vpn.greenfarm.internal",
                    "start": 50,
                    "end": 72,
                    "label": "기밀정보"
                }
            ]
        },
        {
            "sentence": "결론적으로 모든 PII는 최소화 또는 마스킹 저장하고 기밀정보는 접근 제어·암호화하며 운영자는 정기 보안 교육을 실시할 것을 권고합니다.",
            "id": "sample_076_0099_000029",
            "annotations": []
        },
        {
            "sentence": "액션 아이템으로 레시피 버전관리 정책 강화, 캘리브레이션 주기 표준화, 이미지 라벨링 다중검수 워크플로우 도입을 제시합니다.",
            "id": "sample_076_0099_000030",
            "annotations": []
        }
    ]
}