{
    "document_id": "076_0046",
    "document_title": "수경재배 실내농업 운영·센서 로그 및 레시피 기록 (샘플)",
    "data": [
        {
            "sentence": "본 문서는 수경재배(실내농업) 시설의 운영 기록과 센서 시계열, 레시피 변경 이력 및 이미지 라벨링 결과를 종합한 샘플 리포트입니다.",
            "id": "sample_076_0046_000001",
            "annotations": []
        },
        {
            "sentence": "모든 타임스탬프는 UTC ISO8601 형식으로 표준화되어 저장되며, 로컬 타임존 정보는 별도 메타데이터 필드에 Asia/Seoul로 기록되어 있습니다.",
            "id": "sample_076_0046_000002",
            "annotations": []
        },
        {
            "sentence": "기본 식별자: farm_id는 'FARM-076'으로 설정되어 있으며, 이 값은 시설 식별을 위해 사용되는 비식별 코드입니다.",
            "id": "sample_076_0046_000003",
            "annotations": []
        },
        {
            "sentence": "기록된 관측 타임스탬프 예시: 2025-06-01T08:30:00Z (UTC)로 해당 시점의 센서·이미지·운영 로그가 동기화되어 있습니다.",
            "id": "sample_076_0046_000004",
            "annotations": []
        },
        {
            "sentence": "작물 정보: crop_type은 '상추(Lactuca sativa)'이며 growth_stage는 '개화 전 성장기(유묘기→초생장)'로 분류되어 있습니다.",
            "id": "sample_076_0046_000005",
            "annotations": []
        },
        {
            "sentence": "환경 센서 요약(동일 타임스탬프 기준): air_temperature_C=22.4 °C, relative_humidity_pct=62 %, CO2_ppm=800 ppm, light_intensity_PPFD_umol_m2_s=240 μmol·m⁻²·s⁻¹입니다.",
            "id": "sample_076_0046_000006",
            "annotations": []
        },
        {
            "sentence": "광주기 정보: photoperiod_hours는 16 h로 설정되어 있으며 LED 프로파일은 낮 시간 동안 일정한 PPFD를 유지합니다.",
            "id": "sample_076_0046_000007",
            "annotations": []
        },
        {
            "sentence": "배양액 수질: pH=5.8, EC_mS_cm=1.45 mS/cm, dissolved_oxygen_mg_L=7.2 mg/L로 측정되어 정상 범위 내에 있습니다.",
            "id": "sample_076_0046_000008",
            "annotations": []
        },
        {
            "sentence": "영양성분 농도: nutrient_A_mg_L(질소 혼합)=110 mg/L, nutrient_B_mg_L(칼륨/인 혼합)=45 mg/L로 기록되어 레시피와 일치합니다.",
            "id": "sample_076_0046_000009",
            "annotations": []
        },
        {
            "sentence": "관수 이력: irrigation_volume_L=3.5 L, irrigation_duration_s=120 s, pump_status='ON'으로 해당 사이클에 급수 펌프가 작동했습니다.",
            "id": "sample_076_0046_000010",
            "annotations": []
        },
        {
            "sentence": "광 스펙트럼 정보: light_spectrum_ratio_RB=2.3 (R:B 비율), 해당 값은 광합성 효율 개선 목적의 조명 레시피에 따른 값입니다.",
            "id": "sample_076_0046_000011",
            "annotations": []
        },
        {
            "sentence": "식물 형태 측정: leaf_area_cm2=32.5 cm2(평균 개체당), plant_height_cm=12.8 cm로 정밀 계측 장비에서 얻은 값입니다.",
            "id": "sample_076_0046_000012",
            "annotations": []
        },
        {
            "sentence": "생산성 예측: estimated_yield_kg_per_m2=1.8 kg/m2(예측치)는 현재 생육 지표와 레시피 데이터를 결합한 모델 결과입니다.",
            "id": "sample_076_0046_000013",
            "annotations": []
        },
        {
            "sentence": "병해충 관찰 플래그: pest_observation_flag=false로 입력되어 금일 시점에서 유의미한 병해충 징후는 발견되지 않았습니다.",
            "id": "sample_076_0046_000014",
            "annotations": []
        },
        {
            "sentence": "이미지 및 비전데이터: image_file_path='image_0001.jpg'이며 메타데이터에는 촬영시간 2025-06-01T08:30:05Z, cameraID='CAM-XXXX', resolution='1920x1080', 촬영거리=0.50 m가 포함되어 있습니다.",
            "id": "sample_076_0046_000015",
            "annotations": []
        },
        {
            "sentence": "이미지 라벨링 결과는 다중 검수로 제공되며, 라벨링 합의율 및 검수자 메타는 각각 검수_vote=0.92와 검수자_count=3으로 기록됩니다.",
            "id": "sample_076_0046_000016",
            "annotations": []
        },
        {
            "sentence": "에너지 사용량: 해당 운영 사이클의 energy_consumption_kWh=0.85 kWh로 LED 및 펌프 운전 전력 합산 값입니다.",
            "id": "sample_076_0046_000017",
            "annotations": []
        },
        {
            "sentence": "운영자 ID는 개인정보 비저장 정책에 따라 마스킹되어 operator_id='[MASKED_OP_01]'로 기록하며, 접근 제어 및 감사 로그는 별도 시스템에서 관리됩니다.",
            "id": "sample_076_0046_000018",
            "annotations": []
        },
        {
            "sentence": "정비 및 유지보수 로그 예시: maintenance_log에 '2025-05-28T02:00:00Z 펌프 교체(모델 P-200), 캘리브레이션 완료' 항목이 포함되어 있습니다.",
            "id": "sample_076_0046_000019",
            "annotations": []
        },
        {
            "sentence": "센서 캘리브레이션 이력 및 상태: temp_sensor {last_calibration: '2025-05-01T00:00:00Z', method: 'two-point', status: 'OK'}, ec_sensor {last_calibration: '2025-04-25T12:00:00Z', status: 'OK'}로 표기됩니다.",
            "id": "sample_076_0046_000020",
            "annotations": []
        },
        {
            "sentence": "센서 상태 필드는 센서별 health_score(0-1)와 오류코드(error_code)를 포함하며 예시로 ec_sensor.health_score=0.98, ec_sensor.error_code='NONE'이 기록됩니다.",
            "id": "sample_076_0046_000021",
            "annotations": []
        },
        {
            "sentence": "결측 및 이상치 표준: 결측치는 결측 코드 'NA' 또는 'NA_CAL'(캘리브레이션 누락)으로 표기되며 센서 오류는 'SENSOR_ERR' 코드로 로깅됩니다.",
            "id": "sample_076_0046_000022",
            "annotations": []
        },
        {
            "sentence": "원시 데이터와 전처리 데이터는 모두 보존되며 파일 네이밍 규칙은 raw_YYYYMMDD_HHMMSS.csv 및 preproc_YYYYMMDD_HHMMSS.csv로 관리됩니다.",
            "id": "sample_076_0046_000023",
            "annotations": []
        },
        {
            "sentence": "레시피(영양·조명·관수 프로파일)는 version과 적용 기간이 명시되어 있으며 현재 적용 레시피는 recipe_id='RCP-2025-v1.2', version='1.2', 적용기간='2025-05-01'~'2025-06-30'입니다.",
            "id": "sample_076_0046_000024",
            "annotations": []
        },
        {
            "sentence": "레시피 변경 이력(change_log) 예시는: [2025-05-01T00:00:00Z, v1.1→v1.2, R:B 2.0→2.3, EC 1.30→1.45 mS/cm, note:'생육 가속화 실험']로 기록됩니다.",
            "id": "sample_076_0046_000025",
            "annotations": []
        },
        {
            "sentence": "데이터 생성 규칙 및 합성 표기: 본 문서의 일부 샘플 데이터는 합성 데이터로 생성되었으며 메타데이터에 synthetic=true와 생성 규칙(rule_summary)이 포함됩니다.",
            "id": "sample_076_0046_000026",
            "annotations": []
        },
        {
            "sentence": "시계열 저장 규칙: 연속 센서 데이터는 손실 없이 타임스탬프 정렬된 시계열로 보관되며 샘플링 주기는 60 s로 표기됩니다.",
            "id": "sample_076_0046_000027",
            "annotations": []
        },
        {
            "sentence": "결론 및 권고: 데이터 신뢰성 확보를 위해 센서 캘리브레이션 주기 준수, 레시피 변경 시 버전 관리 강화, 이미지 라벨링 다중 검수 프로세스 유지가 권고됩니다.",
            "id": "sample_076_0046_000028",
            "annotations": []
        }
    ]
}