{
    "document_id": "076_0077",
    "document_title": "수직형 수경재배 시설 운영·모니터링 및 레시피 기록서 (AlphaGrowth_v2)",
    "data": [
        {
            "sentence": "본 문서는 실내농업 수경재배(수직농장) 시설의 운영 데이터, 센서 로그, 레시피 변경 이력 및 장비 정비 내역을 통합하여 기술합니다.",
            "id": "sample_076_0077_000001",
            "annotations": []
        },
        {
            "sentence": "farm_id는 FARM-076로 표기되며 문서 단위 식별은 document_id 076_0077로 고정합니다.",
            "id": "sample_076_0077_000002",
            "annotations": []
        },
        {
            "sentence": "이 리포트의 기준 타임스탬프는 2025-06-01T08:30:00Z(UTC)이며, 모든 타임스탬프는 ISO8601 UTC 형식으로 기록됩니다.",
            "id": "sample_076_0077_000003",
            "annotations": []
        },
        {
            "sentence": "로컬 타임존은 Asia/Seoul로 메타데이터에 별도 기록하며 표준 시간대 오프셋은 +09:00으로 명시합니다.",
            "id": "sample_076_0077_000004",
            "annotations": []
        },
        {
            "sentence": "crop_type은 상추(lettuce)이며 현재 growth_stage는 유묘(vegetative, V4) 상태로 표기합니다.",
            "id": "sample_076_0077_000005",
            "annotations": []
        },
        {
            "sentence": "환경 센서 실측값 샘플: timestamp=2025-06-01T08:30:00Z, air_temperature_C=22.4 °C, relative_humidity_pct=62 %, CO2_ppm=850 ppm.",
            "id": "sample_076_0077_000006",
            "annotations": []
        },
        {
            "sentence": "광환경: light_intensity_PPFD_umol_m2_s=220 μmol·m⁻²·s⁻¹, photoperiod_hours=16 h, light_spectrum_ratio_RB=1.8(레드/블루 비율).",
            "id": "sample_076_0077_000007",
            "annotations": []
        },
        {
            "sentence": "배양액 수질: pH=5.8, EC_mS_cm=1.6 mS/cm, dissolved_oxygen_mg_L=7.2 mg/L, nutrient_A_mg_L=120 mg/L, nutrient_B_mg_L=45 mg/L.",
            "id": "sample_076_0077_000008",
            "annotations": []
        },
        {
            "sentence": "관수 이력: irrigation_volume_L=2.5 L/plant, irrigation_duration_s=45 s, pump_status=ON(펌프 주기 06:00~22:00, 사이클 30분), 누적 주입량 기록 포함.",
            "id": "sample_076_0077_000009",
            "annotations": []
        },
        {
            "sentence": "식물 물리량: leaf_area_cm2=85.4 cm2, plant_height_cm=12.3 cm, estimated_yield_kg_per_m2=1.25 kg/m2(예측 모델 v1.3 기준).",
            "id": "sample_076_0077_000010",
            "annotations": []
        },
        {
            "sentence": "해충 관찰: pest_observation_flag=false이며, 이미지 연계(image_file_path) 예시는 images/2025-06-01/row03_camA_0830.jpg로 표기합니다.",
            "id": "sample_076_0077_000011",
            "annotations": []
        },
        {
            "sentence": "이미지 메타: 촬영시간=2025-06-01T08:30:02Z, cameraID=CAM-A-03, resolution=4032x3024, 촬영거리=0.8 m, 라벨링 다중검수 결과 포함.",
            "id": "sample_076_0077_000012",
            "annotations": []
        },
        {
            "sentence": "에너지 사용: energy_consumption_kWh=12.45 kWh(해당 샘플링 윈도우 1시간 누적), 조명·펌프·환기 개별 분해값 포함.",
            "id": "sample_076_0077_000013",
            "annotations": []
        },
        {
            "sentence": "operator_id는 박성율로 기록되며 내부 운영 로그에 operator_id와 작업 내용이 연계 저장됩니다.",
            "id": "sample_076_0077_000014",
            "annotations": [
                {
                    "word": "박성율",
                    "start": 13,
                    "end": 16,
                    "label": "개인정보"
                }
            ]
        },
        {
            "sentence": "사번은 EMP-2023-0007로 내부 식별에 사용되며 PII는 접근 제어 하에 보관됩니다.",
            "id": "sample_076_0077_000015",
            "annotations": [
                {
                    "word": "EMP-2023-0007",
                    "start": 4,
                    "end": 17,
                    "label": "개인정보"
                }
            ]
        },
        {
            "sentence": "기초 인적 준식별자: 생년월일은 1985-07-14로 내부 인증용으로 등록되어 있으며 연도·월·일 단위로 분리 보관합니다.",
            "id": "sample_076_0077_000016",
            "annotations": [
                {
                    "word": "1985",
                    "start": 18,
                    "end": 22,
                    "label": "준식별자"
                },
                {
                    "word": "07",
                    "start": 23,
                    "end": 25,
                    "label": "준식별자"
                },
                {
                    "word": "14",
                    "start": 26,
                    "end": 28,
                    "label": "준식별자"
                }
            ]
        },
        {
            "sentence": "운영 위치는 서울특별시 강남구 역삼동으로 기록되어 있으며 주소는 [시],[구],[동] 단위로 분리 표준화합니다.",
            "id": "sample_076_0077_000017",
            "annotations": [
                {
                    "word": "서울특별시",
                    "start": 7,
                    "end": 12,
                    "label": "준식별자"
                },
                {
                    "word": "강남구",
                    "start": 13,
                    "end": 16,
                    "label": "준식별자"
                },
                {
                    "word": "역삼동",
                    "start": 17,
                    "end": 20,
                    "label": "준식별자"
                }
            ]
        },
        {
            "sentence": "점검 및 유지보수 로그: 2025-05-28T09:15:00Z 점검자 방우진가 펌프 교체 및 밸브 클리닝을 수행하였고 세부 정비내역을 기록했습니다.",
            "id": "sample_076_0077_000018",
            "annotations": [
                {
                    "word": "방우진",
                    "start": 39,
                    "end": 42,
                    "label": "개인정보"
                }
            ]
        },
        {
            "sentence": "센서 캘리브레이션 이력: sensor_id=TEMP-01, last_calibrated=2025-04-10T10:00:00Z, method=NIST traceable, 캘리브레이션 오차 범위 ±0.2 °C, sensor_status=OK.",
            "id": "sample_076_0077_000019",
            "annotations": []
        },
        {
            "sentence": "센서 데이터 저장 정책: 샘플링 주기=60 s(1분), 시계열은 손실 없이 타임스탬프 정렬로 보관하며 raw 데이터와 전처리(preprocessed) 데이터를 모두 보존합니다.",
            "id": "sample_076_0077_000020",
            "annotations": []
        },
        {
            "sentence": "결측 및 이상치 표준: 결측코드=NA_SENSOR, 센서오류코드=ERR_CAL, 이상치 식별 시 원시값을 보존하고 전처리 버전에는 imputed 값을 별도 컬럼으로 저장합니다.",
            "id": "sample_076_0077_000021",
            "annotations": []
        },
        {
            "sentence": "레시피(영양·조명·관수) 정보: recipe_id=AlphaGrowth_v2, version=2.1, 적용기간=2025-05-01T00:00:00Z~2025-06-15T23:59:59Z, change_log는 하단에 연대기적으로 기록합니다.",
            "id": "sample_076_0077_000022",
            "annotations": []
        },
        {
            "sentence": "레시피 변경이력 예: 2025-05-20T12:00:00Z 변경자=관리자, 변경항목=EC 증가 1.4→1.6 mS/cm, 이유=생장 가속화 실험, 변경 전·후값과 적용 구역을 명시합니다.",
            "id": "sample_076_0077_000023",
            "annotations": []
        },
        {
            "sentence": "이미지 라벨링은 다중검수로 수행되며 검수자 목록과 합의결과(confidence score, annotator_ids)를 메타데이터로 보관합니다.",
            "id": "sample_076_0077_000024",
            "annotations": []
        },
        {
            "sentence": "보안·접근제어 설계: PII는 최소화·마스킹 저장하며 접근 권한(Role-based access)과 감사 로그(audit_log)를 적용하여 이상 접근 시 알람을 발생시킵니다.",
            "id": "sample_076_0077_000025",
            "annotations": []
        },
        {
            "sentence": "시스템 기밀자원 예시: PLC IP=10.0.0.12, 사내 서버 IP=10.0.0.45, 내부 파일 경로=/srv/internal/recipes/alpha_v2.json을 포함하는 항목은 기밀정보로 분류합니다.",
            "id": "sample_076_0077_000026",
            "annotations": [
                {
                    "word": "10.0.0.12",
                    "start": 20,
                    "end": 29,
                    "label": "기밀정보"
                },
                {
                    "word": "10.0.0.45",
                    "start": 40,
                    "end": 49,
                    "label": "기밀정보"
                },
                {
                    "word": "/srv/internal/recipes/alpha_v2.json",
                    "start": 60,
                    "end": 95,
                    "label": "기밀정보"
                }
            ]
        },
        {
            "sentence": "내부 네트워크·VPN 정보: 관리용 VPN URL=vpn.internal.company.local 및 접속계정 admin_plc는 운영 보안 정책상 기밀로 취급합니다.",
            "id": "sample_076_0077_000027",
            "annotations": [
                {
                    "word": "admin_plc",
                    "start": 62,
                    "end": 71,
                    "label": "기밀정보"
                },
                {
                    "word": "vpn.internal.company.local",
                    "start": 28,
                    "end": 54,
                    "label": "기밀정보"
                }
            ]
        },
        {
            "sentence": "실험적 제약과 물리적 경계: pH 범위는 5.0~6.5, EC 범위는 0.8~2.5 mS/cm, 최대 광강도는 600 μmol·m⁻²·s⁻¹, 관수 최고 유량은 5 L/min을 초과하지 않습니다.",
            "id": "sample_076_0077_000028",
            "annotations": []
        },
        {
            "sentence": "운영 최적화 권고: 에너지 피크 저감 위해 조명 디밍(16:00~18:00)과 관수 스케줄 조정, 레시피 버전별 생산성 비교 분석을 권장합니다.",
            "id": "sample_076_0077_000029",
            "annotations": []
        },
        {
            "sentence": "데이터 보존 정책: 원시(raw) 데이터는 5년 보관, 전처리 데이터와 메타데이터는 변경 이력과 함께 무기한 보존하며 합성 데이터 생성 시 synthetic=true 및 생성 규칙을 메타데이터에 명시합니다.",
            "id": "sample_076_0077_000030",
            "annotations": []
        }
    ]
}