{
    "document_id": "076_0007",
    "document_title": "실내농업(수경재배) 운영·모니터링 및 레시피 버전관리 보고서",
    "data": [
        {
            "sentence": "본 문서는 실내농업 및 수경재배 시설의 운영, 센서 데이터, 레시피 이력 및 유지보수 로그를 통합 보고하기 위해 작성되었습니다.",
            "id": "sample_076_0007_000001",
            "annotations": []
        },
        {
            "sentence": "대상 시설 식별자(farm_id)는 FAM-076-2025이며, 시설 위치 메타데이터는 서울특별시 강동구 둔촌동 수준으로 기록됩니다.",
            "id": "sample_076_0007_000002",
            "annotations": [
                {
                    "word": "서울특별시",
                    "start": 49,
                    "end": 54,
                    "label": "준식별자"
                },
                {
                    "word": "강동구",
                    "start": 55,
                    "end": 58,
                    "label": "준식별자"
                },
                {
                    "word": "둔촌동",
                    "start": 59,
                    "end": 62,
                    "label": "준식별자"
                }
            ]
        },
        {
            "sentence": "각 레코드는 UTC ISO8601 표준 타임스탬프(예: 2025-06-01T08:30:00Z)를 사용하여 저장되며, 로컬 타임존은 별도 메타데이터(timezone: Asia/Seoul)로 유지됩니다.",
            "id": "sample_076_0007_000003",
            "annotations": []
        },
        {
            "sentence": "샘플 문서의 대표 작물(crop_type)은 상추(Lactuca sativa)로 명시되며, 현재 생육 단계(growth_stage)는 유묘(Seedling)에서 로지스틱 성숙(Vegetative) 전이 단계입니다.",
            "id": "sample_076_0007_000004",
            "annotations": []
        },
        {
            "sentence": "환경 센서 주요값은 air_temperature_C=22.4°C, relative_humidity_pct=62.1%, CO2_ppm=820 ppm으로 기록되었습니다.",
            "id": "sample_076_0007_000005",
            "annotations": []
        },
        {
            "sentence": "광환경 값은 light_intensity_PPFD_umol_m2_s=220 μmol·m⁻²·s⁻¹, photoperiod_hours=16 h로 설정되어 있으며 샘플링 간격은 60초로 타임스탬프 정렬된 시계열로 보관됩니다.",
            "id": "sample_076_0007_000006",
            "annotations": []
        },
        {
            "sentence": "양액 수질은 pH=5.8, EC_mS_cm=1.45 mS/cm, dissolved_oxygen_mg_L=7.8 mg/L로 기록되었고 측정 단위는 모두 SI 기준으로 통일했습니다.",
            "id": "sample_076_0007_000007",
            "annotations": []
        },
        {
            "sentence": "주요 비료 성분 농도는 nutrient_A_mg_L=120 mg/L (질소 기반), nutrient_B_mg_L=45 mg/L (칼륨/인 복합)으로 표준화하여 저장합니다.",
            "id": "sample_076_0007_000008",
            "annotations": []
        },
        {
            "sentence": "관수 이력은 irrigation_volume_L=2.5 L, irrigation_duration_s=90 s, pump_status=ON/FAULT 형태로 기록하며 펌프 상태별 센서 상태(sensor_status)와 캘리브레이션 이력(calibration_history)을 포함합니다.",
            "id": "sample_076_0007_000009",
            "annotations": []
        },
        {
            "sentence": "조명 스펙트럼 비율은 light_spectrum_ratio_RB=2.8 (R:B 비율)로 표기하고 광원별 캘리브레이션 이력과 출력 신뢰도 정보를 병기합니다.",
            "id": "sample_076_0007_000010",
            "annotations": []
        },
        {
            "sentence": "작물 생체 지표는 leaf_area_cm2=34.2 cm², plant_height_cm=12.8 cm이며, 단위와 측정 방법(예: 이미징 기반 면적 측정)을 메타데이터로 설명합니다.",
            "id": "sample_076_0007_000011",
            "annotations": []
        },
        {
            "sentence": "추정 생산성은 estimated_yield_kg_per_m2=3.2 kg/m2로 표기하고, 산출 근거와 불확실성 범위(confidence_interval)를 함께 보존합니다.",
            "id": "sample_076_0007_000012",
            "annotations": []
        },
        {
            "sentence": "병해충 관찰 여부는 pest_observation_flag=true로 표기되었고, 관찰 상세는 '진딧물 유충 소수 집단'으로 수동 로깅 및 이미지로 보존합니다.",
            "id": "sample_076_0007_000013",
            "annotations": []
        },
        {
            "sentence": "이미지/비전 데이터는 image_file_path=/data/images/20250601/plotA_cam03_0830.jpg로 연결되며 촬영 메타에 cameraID=CAM-03, resolution=4032x3024, 촬영거리=0.8 m를 포함합니다.",
            "id": "sample_076_0007_000014",
            "annotations": []
        },
        {
            "sentence": "라벨링은 다중 검수자(multi-review) 결과로 보관하며 검수자 ID는 내부 익명화 규칙에 따라 매핑하고 검수결과(confidence, labeler_votes)를 함께 기록합니다.",
            "id": "sample_076_0007_000015",
            "annotations": []
        },
        {
            "sentence": "에너지 사용량은 energy_consumption_kWh=12.4 kWh로 시간대별 누적 값을 기록하며 조명·펌프별 분해능을 제공합니다.",
            "id": "sample_076_0007_000016",
            "annotations": []
        },
        {
            "sentence": "운영자 식별(operator_id)은 접근 제어를 위해 마스킹하여 기록하였으며 예시 표기는 operator_id: 안유빈 (마스킹 적용)으로 처리됩니다.",
            "id": "sample_076_0007_000017",
            "annotations": [
                {
                    "word": "안유빈",
                    "start": 64,
                    "end": 67,
                    "label": "개인정보"
                }
            ]
        },
        {
            "sentence": "유지보수 로그(maintenance_log)는 장비별 정비일자, 정비자, 수행항목, 교체 부품과 함께 센서 캘리브레이션 이력(calibration_history)을 포함하여 보관합니다.",
            "id": "sample_076_0007_000018",
            "annotations": []
        },
        {
            "sentence": "예시 캘리브레이션 기록은 온도센서(T-01): 마지막캘리브레이션=2025-05-15T09:00:00Z, 보정상태=OK, 교정자=신정민(직무기록은 접근통제 대상)으로 표기됩니다.",
            "id": "sample_076_0007_000019",
            "annotations": [
                {
                    "word": "신정민",
                    "start": 71,
                    "end": 74,
                    "label": "개인정보"
                }
            ]
        },
        {
            "sentence": "시계열 데이터는 raw 및 preprocessed 버전 모두 보존하며 결측값 표준은 결측코드=NAN_RAW, 센서오류코드=ERR_SENS_n 형식으로 명시합니다.",
            "id": "sample_076_0007_000020",
            "annotations": []
        },
        {
            "sentence": "레시피(영양·조명·관수 프로파일)는 recipe_id=RCP-VEG-002, version=2.1로 버전 관리하고 적용 기간(applied_from, applied_to)과 변경 이력(change_log)을 기록합니다.",
            "id": "sample_076_0007_000021",
            "annotations": []
        },
        {
            "sentence": "레시피 변경 이력 예시는 change_log:[{\"ts\":\"2025-05-20T00:00:00Z\",\"user\":\"ops\",\"change\":\"EC 1.2→1.45 mS/cm\"}] 형태로 보존합니다.",
            "id": "sample_076_0007_000022",
            "annotations": []
        },
        {
            "sentence": "생물학적·물리적 제약은 문서화되어 있으며 예컨대 pH 범위는 5.5–6.5, EC 상한은 2.0 mS/cm, 최대 광강도는 시설 안전한 500 μmol·m⁻²·s⁻¹로 제한됩니다.",
            "id": "sample_076_0007_000023",
            "annotations": []
        },
        {
            "sentence": "운영 중인 내부 기밀 파일 경로와 시스템 예시는 내부 사용 전용으로 표기되며 예: /srv/recipes/prod/recipe_v2.1.json 및 서버 IP: 10.0.0.5는 기밀정보로 분류합니다.",
            "id": "sample_076_0007_000024",
            "annotations": [
                {
                    "word": "/srv/recipes/prod/recipe_v2.1.json",
                    "start": 46,
                    "end": 80,
                    "label": "기밀정보"
                },
                {
                    "word": "10.0.0.5",
                    "start": 90,
                    "end": 98,
                    "label": "기밀정보"
                }
            ]
        },
        {
            "sentence": "접근 통제 및 감사 로그(audit_log)는 누가, 언제, 어떤 데이터에 접근했는지 UTC 타임스탬프와 함께 기록하며 비인가 접근 시 알림 체계를 운영합니다.",
            "id": "sample_076_0007_000025",
            "annotations": []
        },
        {
            "sentence": "이상치 탐지 및 전처리 규칙은 문서화되어 있으며 예컨대 pH 측정값이 4.0 이하 또는 8.5 이상이면 센서 오류로 표기하고 원시값은 보존합니다.",
            "id": "sample_076_0007_000026",
            "annotations": []
        },
        {
            "sentence": "권장 조치로는 레시피 버전 2.1의 EC 상승 검토, 펌프 2의 교체 계획 수립, 이미지 기반 병해충 추적을 위한 추가 라벨링 및 보안 감사 시행을 제시합니다.",
            "id": "sample_076_0007_000027",
            "annotations": []
        }
    ]
}