﻿word,document,sentence,label
서울특별시 강남구,076_0001,sample_076_0001_000003,준식별자
윤혁진,076_0001,sample_076_0001_000014,개인정보
서원종,076_0001,sample_076_0001_000014,개인정보
백중원,076_0001,sample_076_0001_000016,개인정보
사번: 20234,076_0001,sample_076_0001_000016,개인정보
그린팜연구소,076_0001,sample_076_0001_000016,준식별자
/srv/internal/recipes/veg/veg_v2.3.yaml,076_0001,sample_076_0001_000026,기밀정보
10.0.4.22,076_0001,sample_076_0001_000027,기밀정보
계좌번호: 123-45-678901,076_0001,sample_076_0001_000028,기밀정보
서울특별시 강남구,076_0002,sample_076_0002_000002,준식별자
곽찬하,076_0002,sample_076_0002_000014,개인정보
2025-0034,076_0002,sample_076_0002_000014,개인정보
김인서,076_0002,sample_076_0002_000015,개인정보
이현희,076_0002,sample_076_0002_000012,개인정보
윤리예,076_0002,sample_076_0002_000012,개인정보
성하경,076_0002,sample_076_0002_000012,개인정보
10.0.5.12,076_0002,sample_076_0002_000021,기밀정보
https://internal.local/farmdata,076_0002,sample_076_0002_000021,기밀정보
/srv/secret/recipes/veg1_v2.json,076_0002,sample_076_0002_000021,기밀정보
서울특별시 마포구,076_0003,sample_076_0003_000002,준식별자
차인영,076_0003,sample_076_0003_000027,개인정보
사번: 20234,076_0003,sample_076_0003_000027,개인정보
10.0.3.12,076_0003,sample_076_0003_000028,기밀정보
C:\internal\recipes\secret_v1.json,076_0003,sample_076_0003_000028,기밀정보
admin,076_0003,sample_076_0003_000028,기밀정보
vpn.internal.corp,076_0003,sample_076_0003_000029,기밀정보
https://internal.api.local,076_0003,sample_076_0003_000029,기밀정보
서울특별시 강서구,076_0004,sample_076_0004_000003,준식별자
류정운,076_0004,sample_076_0004_000005,개인정보
2025-06-01T00:00:00Z,076_0004,sample_076_0004_000008,준식별자
2025-07-01T00:00:00Z,076_0004,sample_076_0004_000008,준식별자
안세민,076_0004,sample_076_0004_000012,개인정보
2025-0045,076_0004,sample_076_0004_000012,개인정보
2025-06-15T03:00:00Z,076_0004,sample_076_0004_000012,준식별자
황찬진,076_0004,sample_076_0004_000014,개인정보
신래인,076_0004,sample_076_0004_000014,개인정보
/srv/greenhouse/control/config.yaml,076_0004,sample_076_0004_000020,기밀정보
10.0.0.12,076_0004,sample_076_0004_000021,기밀정보
vpn.company.internal,076_0004,sample_076_0004_000022,기밀정보
admin,076_0004,sample_076_0004_000023,기밀정보
NFormula_v3,076_0004,sample_076_0004_000024,기밀정보
/etc/keys/greenhouse.key,076_0004,sample_076_0004_000028,기밀정보
s3://prod-greenhouse,076_0004,sample_076_0004_000029,기밀정보
류정운,076_0004,sample_076_0004_000030,개인정보
이호산,076_0005,sample_076_0005_000014,개인정보
성유빈,076_0005,sample_076_0005_000015,개인정보
성유빈,076_0005,sample_076_0005_000024,개인정보
서도희,076_0005,sample_076_0005_000010,개인정보
공다솜,076_0005,sample_076_0005_000010,개인정보
최재원,076_0005,sample_076_0005_000010,개인정보
문소명,076_0005,sample_076_0005_000023,개인정보
황경림,076_0005,sample_076_0005_000026,개인정보
심승,076_0005,sample_076_0005_000028,개인정보
서울특별시 강남구,076_0005,sample_076_0005_000016,준식별자
1990-05-12,076_0005,sample_076_0005_000016,준식별자
10.0.5.21,076_0005,sample_076_0005_000017,기밀정보
/internal/data/vault/recipes/,076_0005,sample_076_0005_000017,기밀정보
vpn.corp.internal,076_0005,sample_076_0005_000017,기밀정보
/images/2025-06-01/cam03_20250601T083000Z.jpg,076_0005,sample_076_0005_000009,기밀정보
/raw/2025-06-01/env/,076_0005,sample_076_0005_000018,기밀정보
/proc/2025-06-01/env/,076_0005,sample_076_0005_000018,기밀정보
서울특별시 강서구 화곡동,076_0006,sample_076_0006_000002,준식별자
2025-06-01T08:30:00Z,076_0006,sample_076_0006_000003,준식별자
/srv/data/images/greenhouse/FARM-076/img_20250601_083000.jpg,076_0006,sample_076_0006_000012,기밀정보
2025-06-01T08:30:00Z,076_0006,sample_076_0006_000013,준식별자
2025-06-01T09:00:00Z,076_0006,sample_076_0006_000020,준식별자
2025-06-15T09:00:00Z,076_0006,sample_076_0006_000020,준식별자
지정용,076_0006,sample_076_0006_000023,개인정보
EMP-2024-045,076_0006,sample_076_0006_000023,개인정보
/etc/greenhouse/credentials.cfg,076_0006,sample_076_0006_000027,기밀정보
10.0.3.12,076_0006,sample_076_0006_000027,기밀정보
admin_user,076_0006,sample_076_0006_000027,기밀정보
차성연,076_0006,sample_076_0006_000029,개인정보
안유빈,076_0007,sample_076_0007_000017,개인정보
서울특별시,076_0007,sample_076_0007_000002,준식별자
강동구,076_0007,sample_076_0007_000002,준식별자
둔촌동,076_0007,sample_076_0007_000002,준식별자
/srv/recipes/prod/recipe_v2.1.json,076_0007,sample_076_0007_000024,기밀정보
10.0.0.5,076_0007,sample_076_0007_000024,기밀정보
신정민,076_0007,sample_076_0007_000019,개인정보
FARM-076-0008,076_0008,sample_076_0008_000002,기밀정보
/data/vision/076/0008/img_2026-01-20T08:00:00Z_cam03.jpg,076_0008,sample_076_0008_000012,기밀정보
192.168.10.42,076_0008,sample_076_0008_000020,기밀정보
SN-PUMP-2026-AX12,076_0008,sample_076_0008_000020,기밀정보
/etc/configs/greenhouse/controller.conf,076_0008,sample_076_0008_000020,기밀정보
s3://internal-bucket/farm/076/0008/raw/2026-01-20.csv,076_0008,sample_076_0008_000021,기밀정보
2025-06-01T00:00:00Z,076_0009,sample_076_0009_000005,준식별자
서울특별시 강남구,076_0009,sample_076_0009_000003,준식별자
2025-06-01T08:30:00Z,076_0009,sample_076_0009_000008,준식별자
2025-06-01T12:00:00Z,076_0009,sample_076_0009_000008,준식별자
박제연,076_0009,sample_076_0009_000006,개인정보
사번: 2024-0009,076_0009,sample_076_0009_000006,개인정보
/mnt/data/camera/zoneA/IMG_20250601_083000.jpg,076_0009,sample_076_0009_000010,기밀정보
2025-06-01T08:30:00Z,076_0009,sample_076_0009_000011,준식별자
server_ip: 10.0.0.12,076_0009,sample_076_0009_000013,기밀정보
configs/recipes/v1.2/private_rcp.yaml,076_0009,sample_076_0009_000014,기밀정보
원유라,076_0009,sample_076_0009_000015,개인정보
박도원,076_0010,sample_076_0010_000008,개인정보
S-1023,076_0010,sample_076_0010_000008,개인정보
서울특별시 강남구 테헤란로 123,076_0010,sample_076_0010_000012,준식별자
10.0.0.45,076_0010,sample_076_0010_000014,기밀정보
/srv/recipes/rec_v2.yaml,076_0010,sample_076_0010_000016,기밀정보
1987-05-21,076_0010,sample_076_0010_000018,준식별자
민천용,076_0010,sample_076_0010_000022,개인정보
구건형@farmcorp.kr,076_0010,sample_076_0010_000024,개인정보
2025-06-01T08:30:00Z,076_0011,sample_076_0011_000002,준식별자
서울특별시 강남구,076_0011,sample_076_0011_000003,준식별자
2025-05-31T23:00:00Z,076_0011,sample_076_0011_000006,준식별자
2025-06-01T08:30:15Z,076_0011,sample_076_0011_000017,준식별자
장지완,076_0011,sample_076_0011_000018,개인정보
나인수,076_0011,sample_076_0011_000018,개인정보
한은교,076_0011,sample_076_0011_000020,개인정보
20234,076_0011,sample_076_0011_000020,개인정보
강세영,076_0011,sample_076_0011_000021,개인정보
20235,076_0011,sample_076_0011_000021,개인정보
/srv/internal/maintenance/logs/076_20250601.log,076_0011,sample_076_0011_000021,기밀정보
2025-06-01T09:00:00Z,076_0011,sample_076_0011_000021,준식별자
2025-05-20T12:00:00Z,076_0011,sample_076_0011_000022,준식별자
2025-07-01T00:00:00Z,076_0011,sample_076_0011_000022,준식별자
/srv/internal/recipes/nutrition_v2.json,076_0011,sample_076_0011_000023,기밀정보
https://intranet.brightfarm.local/admin,076_0011,sample_076_0011_000026,기밀정보
10.0.0.5,076_0011,sample_076_0011_000026,기밀정보
BrightFarm Inc.,076_0011,sample_076_0011_000003,준식별자
서울특별시 강남구,076_0012,sample_076_0012_000003,준식별자
백예겸,076_0012,sample_076_0012_000016,개인정보
공지후,076_0012,sample_076_0012_000023,개인정보
안리유,076_0012,sample_076_0012_000023,개인정보
차연후,076_0012,sample_076_0012_000023,개인정보
/opt/farm_system/credentials.yaml,076_0012,sample_076_0012_000025,기밀정보
192.168.1.12,076_0012,sample_076_0012_000025,기밀정보
지우남,076_0013,sample_076_0013_000019,개인정보
차근영,076_0013,sample_076_0013_000020,개인정보
/data/images/F_076_A01/2025-06-01T08:30:00Z_cam03_4000x3000.jpg,076_0013,sample_076_0013_000016,기밀정보
10.10.0.5,076_0013,sample_076_0013_000023,기밀정보
/srv/internal/recipes/alpha_v2.json,076_0013,sample_076_0013_000023,기밀정보
APIKEY-SECRET-12345,076_0013,sample_076_0013_000024,기밀정보
서울특별시 강서구,076_0014,sample_076_0014_000002,준식별자
EMP-00021,076_0014,sample_076_0014_000013,개인정보
천수임,076_0014,sample_076_0014_000013,개인정보
/srv/greenhouse/control/profiles/recipe_v2.1.json,076_0014,sample_076_0014_000022,기밀정보
10.10.5.12,076_0014,sample_076_0014_000023,기밀정보
vpn.internal.corp,076_0014,sample_076_0014_000023,기밀정보
root,076_0014,sample_076_0014_000024,기밀정보
권해니,076_0014,sample_076_0014_000028,개인정보
부산광역시 해운대구,076_0014,sample_076_0014_000028,준식별자
2025-06-01T08:30:00Z,076_0015,sample_076_0015_000002,준식별자
권재경,076_0015,sample_076_0015_000012,개인정보
2023-0456,076_0015,sample_076_0015_000012,개인정보
2025-05-25T12:00:00Z,076_0015,sample_076_0015_000013,준식별자
2025-05-20T09:00:00Z,076_0015,sample_076_0015_000014,준식별자
/data/images/2025-06-01/row12_plant03_cam03_20250601T083000Z.jpg,076_0015,sample_076_0015_000010,기밀정보
192.168.10.5,076_0015,sample_076_0015_000023,기밀정보
/srv/controls/recipe_v2.3.json,076_0015,sample_076_0015_000023,기밀정보
조충현,076_0015,sample_076_0015_000021,개인정보
한은수,076_0015,sample_076_0015_000021,개인정보
성남시 분당구,076_0015,sample_076_0015_000022,준식별자
2025-05-01T00:00:00Z,076_0015,sample_076_0015_000016,준식별자
2025-06-15T23:59:59Z,076_0015,sample_076_0015_000016,준식별자
2025-05-20T10:15:00Z,076_0015,sample_076_0015_000017,준식별자
2025-05-20T10:16:05Z,076_0015,sample_076_0015_000024,준식별자
ACT-20250520-001,076_0015,sample_076_0015_000024,기밀정보
NB-4521,076_0015,sample_076_0015_000025,기밀정보
2025-05-19T07:00:00Z,076_0015,sample_076_0015_000025,준식별자
류세경,076_0015,sample_076_0015_000027,개인정보
2025-06-10T09:00:00Z,076_0015,sample_076_0015_000027,준식별자
권재경,076_0015,sample_076_0015_000017,개인정보
권재경,076_0015,sample_076_0015_000024,개인정보
채효우,076_0017,sample_076_0017_000012,개인정보
임선아,076_0017,sample_076_0017_000013,개인정보
S-2024-0098,076_0017,sample_076_0017_000013,개인정보
심시율,076_0017,sample_076_0017_000020,개인정보
서울특별시,076_0017,sample_076_0017_000025,준식별자
강서구,076_0017,sample_076_0017_000025,준식별자
1985,076_0017,sample_076_0017_000026,준식별자
07,076_0017,sample_076_0017_000026,준식별자
12,076_0017,sample_076_0017_000026,준식별자
GreenGrow Lab,076_0017,sample_076_0017_000030,준식별자
/srv/indoorfarm/config/recipe_v3.yaml,076_0017,sample_076_0017_000019,기밀정보
10.0.3.15,076_0017,sample_076_0017_000022,기밀정보
FARM-076_MAIN,076_0018,sample_076_0018_000002,기밀정보
2025-06-01T08:30:00Z,076_0018,sample_076_0018_000002,준식별자
안이,076_0018,sample_076_0018_000003,개인정보
서울특별시,076_0018,sample_076_0018_000004,준식별자
강남구,076_0018,sample_076_0018_000004,준식별자
/srv/secret/recipes/v2_config.json,076_0018,sample_076_0018_000005,기밀정보
공천용,076_0019,sample_076_0019_000014,개인정보
공천용,076_0019,sample_076_0019_000020,개인정보
홍기정,076_0019,sample_076_0019_000016,개인정보
남창훈,076_0019,sample_076_0019_000017,개인정보
남창훈,076_0019,sample_076_0019_000021,개인정보
사번 2024-0056,076_0019,sample_076_0019_000029,개인정보
서울특별시 마포구,076_0019,sample_076_0019_000003,준식별자
192.168.10.45,076_0019,sample_076_0019_000023,기밀정보
/srv/internal/recipes/rv1.json,076_0019,sample_076_0019_000022,기밀정보
/srv/internal/audit/logs/2025/05/15.log,076_0019,sample_076_0019_000022,기밀정보
/srv/confidential/regulatory/pesticide_records.pdf,076_0019,sample_076_0019_000030,기밀정보
황예건,076_0020,sample_076_0020_000015,개인정보
전민희,076_0020,sample_076_0020_000016,개인정보
양병현,076_0020,sample_076_0020_000013,개인정보
주세람,076_0020,sample_076_0020_000013,개인정보
정윤소,076_0020,sample_076_0020_000013,개인정보
GreenFarm 연구센터,076_0020,sample_076_0020_000023,준식별자
서울특별시,076_0020,sample_076_0020_000024,준식별자
10.8.12.34,076_0020,sample_076_0020_000025,기밀정보
/srv/data/recipes/private/recipe_v3.json,076_0020,sample_076_0020_000025,기밀정보
vpn.internal.greenfarm.local,076_0020,sample_076_0020_000026,기밀정보
한송아,076_0021,sample_076_0021_000003,개인정보
S-2024-001,076_0021,sample_076_0021_000003,개인정보
하다솔,076_0021,sample_076_0021_000004,개인정보
임준승,076_0021,sample_076_0021_000004,개인정보
서울특별시 강서구 마곡동,076_0021,sample_076_0021_000005,준식별자
1988-05-12,076_0021,sample_076_0021_000006,준식별자
한송아,076_0021,sample_076_0021_000021,개인정보
하다솔,076_0021,sample_076_0021_000022,개인정보
/srv/farm/config/credentials.json,076_0021,sample_076_0021_000023,기밀정보
10.10.10.5,076_0021,sample_076_0021_000024,기밀정보
vpn.farmcorp.internal,076_0021,sample_076_0021_000024,기밀정보
110-123456-01,076_0021,sample_076_0021_000025,기밀정보
공주현,076_0023,sample_076_0023_000012,개인정보
채영윤,076_0023,sample_076_0023_000012,개인정보
사번 2023-0456,076_0023,sample_076_0023_000014,개인정보
오규민,076_0023,sample_076_0023_000014,개인정보
주태주,076_0023,sample_076_0023_000024,개인정보
10.0.3.45,076_0023,sample_076_0023_000024,기밀정보
/data/images/FARM_076/20260122/cam07_083000.jpg,076_0023,sample_076_0023_000011,기밀정보
/data/raw,076_0023,sample_076_0023_000021,기밀정보
/data/processed,076_0023,sample_076_0023_000021,기밀정보
vpn.internal.farm.local,076_0023,sample_076_0023_000025,기밀정보
남이한,076_0024,sample_076_0024_000012,개인정보
2025-00123,076_0024,sample_076_0024_000012,개인정보
남,076_0024,sample_076_0024_000012,준식별자
1990-05-12,076_0024,sample_076_0024_000012,준식별자
장탁,076_0024,sample_076_0024_000013,개인정보
장탁,076_0024,sample_076_0024_000014,개인정보
배애리,076_0024,sample_076_0024_000016,개인정보
10.0.0.45,076_0024,sample_076_0024_000017,기밀정보
/srv/recipes/private_recipe_v3.json,076_0024,sample_076_0024_000017,기밀정보
원유솔,076_0024,sample_076_0024_000010,개인정보
유선후,076_0024,sample_076_0024_000010,개인정보
원유솔,076_0024,sample_076_0024_000020,개인정보
유선후,076_0024,sample_076_0024_000020,개인정보
권현규,076_0024,sample_076_0024_000020,개인정보
부산광역시 해운대구,076_0024,sample_076_0024_000025,준식별자
배애리,076_0024,sample_076_0024_000026,개인정보
심린,076_0024,sample_076_0024_000026,개인정보
고소예,076_0024,sample_076_0024_000029,개인정보
FARM-076-0025,076_0025,sample_076_0025_000003,기밀정보
서울특별시 강서구,076_0025,sample_076_0025_000004,준식별자
서가인,076_0025,sample_076_0025_000013,개인정보
배윤환,076_0025,sample_076_0025_000013,개인정보
안란,076_0025,sample_076_0025_000019,개인정보
2025-0042,076_0025,sample_076_0025_000019,개인정보
/srv/farm/control,076_0025,sample_076_0025_000020,기밀정보
10.0.4.12,076_0025,sample_076_0025_000020,기밀정보
류예람,076_0025,sample_076_0025_000021,개인정보
최형신,076_0025,sample_076_0025_000025,개인정보
신영****,076_0026,sample_076_0026_000018,개인정보
경기도 성남시 분당구,076_0026,sample_076_0026_000019,준식별자
/srv/ops/recipes/prod_v3.yaml,076_0026,sample_076_0026_000030,기밀정보
사번_2025_0001,076_0028,sample_076_0028_000010,개인정보
조◯연,076_0028,sample_076_0028_000011,개인정보
여성,076_0028,sample_076_0028_000012,준식별자
1985-07-15,076_0028,sample_076_0028_000013,준식별자
서울특별시,076_0028,sample_076_0028_000014,준식별자
강남구,076_0028,sample_076_0028_000014,준식별자
10.10.20.30,076_0028,sample_076_0028_000020,기밀정보
/srv/farm/data/recipes/secure.yaml,076_0028,sample_076_0028_000020,기밀정보
원민유,076_0030,sample_076_0030_000018,개인정보
정은재,076_0030,sample_076_0030_000021,개인정보
손율찬,076_0030,sample_076_0030_000027,개인정보
송윤수,076_0030,sample_076_0030_000027,개인정보
지리빈,076_0030,sample_076_0030_000027,개인정보
20230456,076_0030,sample_076_0030_000020,개인정보
남,076_0030,sample_076_0030_000019,준식별자
1985-07-12,076_0030,sample_076_0030_000019,준식별자
서울특별시,076_0030,sample_076_0030_000019,준식별자
강남구,076_0030,sample_076_0030_000019,준식별자
10.0.0.42,076_0030,sample_076_0030_000029,기밀정보
/srv/farm/recipes/proprietary.csv,076_0030,sample_076_0030_000029,기밀정보
ProNutrientV3,076_0030,sample_076_0030_000025,기밀정보
operator_admin,076_0030,sample_076_0030_000030,기밀정보
ACC-99877,076_0030,sample_076_0030_000030,기밀정보
서단하,076_0031,sample_076_0031_000017,개인정보
차노아,076_0031,sample_076_0031_000018,개인정보
경기도 성남시 분당구,076_0031,sample_076_0031_000024,준식별자
/srv/farm/control/recipes/recipe_v2.json,076_0031,sample_076_0031_000024,기밀정보
10.32.16.5,076_0031,sample_076_0031_000025,기밀정보
윤경민,076_0032,sample_076_0032_000006,개인정보
20210456,076_0032,sample_076_0032_000006,개인정보
경기도,076_0032,sample_076_0032_000012,준식별자
성남시,076_0032,sample_076_0032_000012,준식별자
분당구,076_0032,sample_076_0032_000012,준식별자
지진웅,076_0032,sample_076_0032_000020,개인정보
류재하,076_0032,sample_076_0032_000020,개인정보
192.168.10.12,076_0032,sample_076_0032_000024,기밀정보
admin_farm,076_0032,sample_076_0032_000024,기밀정보
/srv/farm/config/secret.yaml,076_0032,sample_076_0032_000024,기밀정보
주승희,076_0032,sample_076_0032_000029,개인정보
성세린,076_0033,sample_076_0033_000005,개인정보
2025-0001,076_0033,sample_076_0033_000005,개인정보
010-1234-5678,076_0033,sample_076_0033_000005,개인정보
seong@example.com,076_0033,sample_076_0033_000005,개인정보
1985-06-15,076_0033,sample_076_0033_000005,준식별자
여성,076_0033,sample_076_0033_000005,준식별자
서울특별시,076_0033,sample_076_0033_000006,준식별자
강남구,076_0033,sample_076_0033_000006,준식별자
컨테이너팜 운영팀,076_0033,sample_076_0033_000006,준식별자
10.0.4.12,076_0033,sample_076_0033_000010,기밀정보
/srv/greenhouse/recipes/prod_v3.json,076_0033,sample_076_0033_000010,기밀정보
vpn.internal.acme,076_0033,sample_076_0033_000010,기밀정보
진창대,076_0033,sample_076_0033_000017,개인정보
천성헌,076_0034,sample_076_0034_000019,개인정보
사번: 2025-0001,076_0034,sample_076_0034_000027,개인정보
권우혁,076_0034,sample_076_0034_000027,개인정보
비공개 영양 혼합 비율,076_0034,sample_076_0034_000024,기밀정보
192.168.10.45,076_0034,sample_076_0034_000025,기밀정보
/opt/verticalfarm/recipes/secret_v3.json,076_0034,sample_076_0034_000025,기밀정보
admin_root,076_0034,sample_076_0034_000026,기밀정보
FARM-076-0035,076_0035,sample_076_0035_000003,기밀정보
정태오,076_0035,sample_076_0035_000007,개인정보
1990-05-21,076_0035,sample_076_0035_000007,준식별자
10.10.35.12,076_0035,sample_076_0035_000020,기밀정보
/srv/recipes/private/veg/recipe_v2.json,076_0035,sample_076_0035_000020,기밀정보
조미서,076_0036,sample_076_0036_000013,개인정보
사번=202311,076_0036,sample_076_0036_000013,개인정보
1985-07-12,076_0036,sample_076_0036_000013,준식별자
그린팜주식회사,076_0036,sample_076_0036_000013,준식별자
서울특별시 강남구,076_0036,sample_076_0036_000013,준식별자
지수미,076_0036,sample_076_0036_000014,개인정보
/srv/data/076/images/2025-06-01_cam01_083000.jpg,076_0036,sample_076_0036_000011,기밀정보
/srv/maintenance/076/pump_log_20250530.csv,076_0036,sample_076_0036_000014,기밀정보
10.0.0.5,076_0036,sample_076_0036_000014,기밀정보
PUMP-SN-8891,076_0036,sample_076_0036_000014,기밀정보
진영조,076_0036,sample_076_0036_000018,개인정보
지수미,076_0036,sample_076_0036_000019,개인정보
차이나,076_0036,sample_076_0036_000019,개인정보
vpn.greenfarm.local,076_0036,sample_076_0036_000025,기밀정보
admin,076_0036,sample_076_0036_000025,기밀정보
공민애,076_0036,sample_076_0036_000027,개인정보
우영수,076_0036,sample_076_0036_000027,개인정보
/etc/policies/security_policy_v2.pdf,076_0036,sample_076_0036_000028,기밀정보
송무건,076_0036,sample_076_0036_000029,개인정보
홍시윤,076_0037,sample_076_0037_000013,개인정보
EMP-000123,076_0037,sample_076_0037_000013,개인정보
박하겸,076_0037,sample_076_0037_000015,개인정보
서울특별시,076_0037,sample_076_0037_000021,준식별자
서초구,076_0037,sample_076_0037_000021,준식별자
/etc/secure/credentials.env,076_0037,sample_076_0037_000022,기밀정보
https://internal.farm.local,076_0037,sample_076_0037_000023,기밀정보
10.0.0.5,076_0037,sample_076_0037_000023,기밀정보
조혜림,076_0038,sample_076_0038_000010,개인정보
2025-0456,076_0038,sample_076_0038_000010,개인정보
한현유,076_0038,sample_076_0038_000015,개인정보
문아윤,076_0038,sample_076_0038_000027,개인정보
서울특별시 강서구,076_0038,sample_076_0038_000018,준식별자
1985-03-12,076_0038,sample_076_0038_000019,준식별자
여성,076_0038,sample_076_0038_000019,준식별자
스마트팜코리아,076_0038,sample_076_0038_000019,준식별자
10.10.10.42,076_0038,sample_076_0038_000020,기밀정보
/internal/ops/recipes/secret.yaml,076_0038,sample_076_0038_000020,기밀정보
110-234567-890,076_0038,sample_076_0038_000021,기밀정보
부산광역시 해운대구,076_0039,sample_076_0039_000003,준식별자
장민제,076_0039,sample_076_0039_000019,개인정보
송정우,076_0039,sample_076_0039_000017,개인정보
강강희,076_0039,sample_076_0039_000017,개인정보
10.0.12.45,076_0039,sample_076_0039_000020,기밀정보
vpn.internal.farmcorp.local,076_0039,sample_076_0039_000020,기밀정보
/srv/farm/recipes/private_recipe_v2.json,076_0039,sample_076_0039_000021,기밀정보
나소현,076_0039,sample_076_0039_000022,개인정보
권수연,076_0039,sample_076_0039_000024,개인정보
허소진,076_0040,sample_076_0040_000019,개인정보
성남시,076_0040,sample_076_0040_000002,준식별자
/srv/internal/images/lot_FARM0901_batch_20251015_cam03.jpg,076_0040,sample_076_0040_000016,기밀정보
황세성,076_0041,sample_076_0041_000004,개인정보
2023045,076_0041,sample_076_0041_000004,개인정보
전지우,076_0041,sample_076_0041_000005,개인정보
여성,076_0041,sample_076_0041_000005,준식별자
경기도 성남시 분당구,076_0041,sample_076_0041_000006,준식별자
RECIPE-ALPHA-3,076_0041,sample_076_0041_000020,기밀정보
황세성,076_0041,sample_076_0041_000021,개인정보
/srv/internal/recipes/alpha_v3.json,076_0041,sample_076_0041_000022,기밀정보
신재은,076_0041,sample_076_0041_000023,개인정보
10.0.8.15,076_0041,sample_076_0041_000024,기밀정보
/srv/private/recipes/alpha_v3.json,076_0041,sample_076_0041_000024,기밀정보
AgriTech Solutions,076_0041,sample_076_0041_000025,기밀정보
203-456789-01,076_0041,sample_076_0041_000026,기밀정보
허윤주,076_0041,sample_076_0041_000029,개인정보
서울특별시 강남구 삼성동,076_0042,sample_076_0042_000004,준식별자
채태강,076_0042,sample_076_0042_000010,개인정보
양연지,076_0042,sample_076_0042_000010,개인정보
/images/2025-06-01/cam09_0001.jpg,076_0042,sample_076_0042_000010,기밀정보
안채원,076_0042,sample_076_0042_000011,개인정보
엄승욱,076_0042,sample_076_0042_000012,개인정보
/srv/internal/config,076_0042,sample_076_0042_000012,기밀정보
채문현,076_0042,sample_076_0042_000016,개인정보
윤덕호,076_0042,sample_076_0042_000016,개인정보
10.0.0.12,076_0042,sample_076_0042_000017,기밀정보
emp_0042,076_0042,sample_076_0042_000018,개인정보
/opt/farm/secrets/credentials.conf,076_0042,sample_076_0042_000024,기밀정보
천현솔,076_0043,sample_076_0043_000012,개인정보
황채윤,076_0043,sample_076_0043_000012,개인정보
심세연,076_0043,sample_076_0043_000012,개인정보
유재준,076_0043,sample_076_0043_000013,개인정보
정성도,076_0043,sample_076_0043_000014,개인정보
주원우,076_0043,sample_076_0043_000024,개인정보
유라엘,076_0043,sample_076_0043_000028,개인정보
https://intranet.greenhouse.local/control,076_0043,sample_076_0043_000025,기밀정보
10.10.43.12,076_0043,sample_076_0043_000025,기밀정보
/data/images/farm7/2025-06-01_083000.jpg,076_0043,sample_076_0043_000010,기밀정보
류솔,076_0044,sample_076_0044_000017,개인정보
이경태,076_0044,sample_076_0044_000014,개인정보
배중민,076_0044,sample_076_0044_000014,개인정보
류솔,076_0044,sample_076_0044_000022,개인정보
류솔,076_0044,sample_076_0044_000023,개인정보
백유원,076_0044,sample_076_0044_000024,개인정보
이경태,076_0044,sample_076_0044_000021,개인정보
박장민,076_0045,sample_076_0045_000013,개인정보
한성문,076_0045,sample_076_0045_000014,개인정보
전예란,076_0045,sample_076_0045_000017,개인정보
op_0045,076_0045,sample_076_0045_000011,개인정보
1985-07-12,076_0045,sample_076_0045_000015,준식별자
남성,076_0045,sample_076_0045_000015,준식별자
그린팜주식회사,076_0045,sample_076_0045_000016,준식별자
서울특별시,076_0045,sample_076_0045_000016,준식별자
성동구,076_0045,sample_076_0045_000016,준식별자
10.0.0.45,076_0045,sample_076_0045_000022,기밀정보
/srv/greenhouse/controls/config.yaml,076_0045,sample_076_0045_000022,기밀정보
RCP-AX12,076_0045,sample_076_0045_000019,기밀정보
admin,076_0045,sample_076_0045_000023,기밀정보
서울특별시 강서구,076_0047,sample_076_0047_000003,준식별자
op_2024_001,076_0047,sample_076_0047_000016,개인정보
손재현,076_0047,sample_076_0047_000017,개인정보
오윤호,076_0047,sample_076_0047_000019,개인정보
/srv/internal/infra/controls/credentials.txt,076_0047,sample_076_0047_000024,기밀정보
admin_farm,076_0047,sample_076_0047_000024,기밀정보
10.0.0.5,076_0047,sample_076_0047_000025,기밀정보
심일호,076_0048,sample_076_0048_000010,개인정보
사번: 2021-0047,076_0048,sample_076_0048_000010,개인정보
성별: 남,076_0048,sample_076_0048_000011,준식별자
생년월일: 1985-07-12,076_0048,sample_076_0048_000011,준식별자
admin_grow,076_0048,sample_076_0048_000012,기밀정보
/srv/private/recipes/v2/secure_recipe.json,076_0048,sample_076_0048_000012,기밀정보
10.10.0.5,076_0048,sample_076_0048_000012,기밀정보
유강빈,076_0048,sample_076_0048_000014,개인정보
박아솔,076_0048,sample_076_0048_000014,개인정보
노래인,076_0048,sample_076_0048_000014,개인정보
주예라,076_0048,sample_076_0048_000017,개인정보
유강빈,076_0048,sample_076_0048_000025,개인정보
조유준,076_0049,sample_076_0049_000015,개인정보
남성,076_0049,sample_076_0049_000016,준식별자
10.10.10.5,076_0049,sample_076_0049_000023,기밀정보
성라원,076_0050,sample_076_0050_000006,개인정보
1985-07-12,076_0050,sample_076_0050_000007,준식별자
서울특별시,076_0050,sample_076_0050_000008,준식별자
강남구,076_0050,sample_076_0050_000008,준식별자
에코팜,076_0050,sample_076_0050_000008,준식별자
10.0.12.5,076_0050,sample_076_0050_000012,기밀정보
/srv/recipes/private/formula_v3.1.json,076_0050,sample_076_0050_000013,기밀정보
R&D_v1,076_0050,sample_076_0050_000013,기밀정보
서현상,076_0050,sample_076_0050_000015,개인정보
/data/images/2026-01-10_cam03_00123.jpg,076_0050,sample_076_0050_000020,기밀정보
오장환,076_0050,sample_076_0050_000021,개인정보
황지현,076_0050,sample_076_0050_000021,개인정보
허보라,076_0050,sample_076_0050_000021,개인정보
경기도 성남시 분당구,076_0051,sample_076_0051_000003,준식별자
방선우,076_0051,sample_076_0051_000005,개인정보
황지니,076_0051,sample_076_0051_000007,개인정보
권혁,076_0051,sample_076_0051_000007,개인정보
10.0.0.12,076_0051,sample_076_0051_000010,기밀정보
/internal/ops/recipe_v2.docx,076_0051,sample_076_0051_000011,기밀정보
admin,076_0051,sample_076_0051_000012,기밀정보
GreenLab Central,076_0051,sample_076_0051_000016,기밀정보
"5,000,000원",076_0051,sample_076_0051_000017,기밀정보
윤혜인,076_0052,sample_076_0052_000008,개인정보
구혜정,076_0052,sample_076_0052_000011,개인정보
구혜정,076_0052,sample_076_0052_000012,개인정보
허리하,076_0052,sample_076_0052_000013,개인정보
권지연,076_0052,sample_076_0052_000013,개인정보
2025-004,076_0052,sample_076_0052_000014,개인정보
성별=여성,076_0052,sample_076_0052_000015,준식별자
birth_year=1985,076_0052,sample_076_0052_000016,준식별자
birth_month=6,076_0052,sample_076_0052_000016,준식별자
birth_day=12,076_0052,sample_076_0052_000016,준식별자
경기도 성남시 분당구,076_0052,sample_076_0052_000017,준식별자
192.168.1.10,076_0052,sample_076_0052_000018,기밀정보
/srv/greenfarm/private/recipes/v2.3/secret.yaml,076_0052,sample_076_0052_000018,기밀정보
123-456789-00,076_0052,sample_076_0052_000018,기밀정보
admin,076_0052,sample_076_0052_000019,기밀정보
백이수,076_0052,sample_076_0052_000026,개인정보
2025-06-01T08:30:00Z,076_0053,sample_076_0053_000003,준식별자
공효민,076_0054,sample_076_0054_000014,개인정보
민은율,076_0054,sample_076_0054_000014,개인정보
임인혁,076_0054,sample_076_0054_000014,개인정보
김담솔,076_0054,sample_076_0054_000015,개인정보
20240012,076_0054,sample_076_0054_000016,개인정보
이성율,076_0054,sample_076_0054_000026,개인정보
1985-07-12,076_0054,sample_076_0054_000018,준식별자
GreenFarms,076_0054,sample_076_0054_000017,준식별자
서울특별시 강서구,076_0054,sample_076_0054_000019,준식별자
/data/raw/FARM-076-0054/2025-06-01.csv,076_0054,sample_076_0054_000022,기밀정보
/srv/recipes/veg_v2.json,076_0054,sample_076_0054_000024,기밀정보
10.10.200.45,076_0054,sample_076_0054_000025,기밀정보
operator_admin,076_0054,sample_076_0054_000025,기밀정보
SECRET_PROTO_42,076_0054,sample_076_0054_000025,기밀정보
이하음,076_0055,sample_076_0055_000012,개인정보
1985-07-12,076_0055,sample_076_0055_000013,준식별자
서울특별시 강남구,076_0055,sample_076_0055_000014,준식별자
GreenFarm,076_0055,sample_076_0055_000015,준식별자
10.0.4.22,076_0055,sample_076_0055_000020,기밀정보
/srv/greenfarm/recipes/recipe_v3.yaml,076_0055,sample_076_0055_000021,기밀정보
류정연,076_0055,sample_076_0055_000022,개인정보
OP-2025-0007,076_0056,sample_076_0056_000016,개인정보
권인선,076_0056,sample_076_0056_000016,개인정보
류로은,076_0056,sample_076_0056_000018,개인정보
박세리,076_0056,sample_076_0056_000022,개인정보
/images/20250601/plotA_cam03_083000.jpg,076_0056,sample_076_0056_000013,기밀정보
/srv/calibration/S-TH-01_20250530.pdf,076_0056,sample_076_0056_000019,기밀정보
10.0.12.8,076_0056,sample_076_0056_000024,기밀정보
/etc/automation/conf.d/credentials.yaml,076_0056,sample_076_0056_000024,기밀정보
양동균,076_0057,sample_076_0057_000005,개인정보
EMP-20245,076_0057,sample_076_0057_000005,개인정보
문미현,076_0057,sample_076_0057_000018,개인정보
한부건,076_0057,sample_076_0057_000018,개인정보
정대욱,076_0057,sample_076_0057_000020,개인정보
/srv/production/recipes/vertical_v3.2.yaml,076_0057,sample_076_0057_000020,기밀정보
10.10.4.12,076_0057,sample_076_0057_000020,기밀정보
AquaBoost_v3.2,076_0057,sample_076_0057_000023,기밀정보
경기도 성남시 분당구,076_0057,sample_076_0057_000027,준식별자
윤석원,076_0057,sample_076_0057_000028,개인정보
https://internal.company.local/recipes,076_0057,sample_076_0057_000029,기밀정보
장건웅,076_0057,sample_076_0057_000030,개인정보
서울특별시 서초구,076_0058,sample_076_0058_000003,준식별자
그린팜테크,076_0058,sample_076_0058_000004,준식별자
원진만,076_0058,sample_076_0058_000006,개인정보
사번=00084,076_0058,sample_076_0058_000006,개인정보
오희수,076_0058,sample_076_0058_000016,개인정보
오희수,076_0058,sample_076_0058_000023,개인정보
/internal/maintenance/2025/pump_report.pdf,076_0058,sample_076_0058_000018,기밀정보
10.0.4.12,076_0058,sample_076_0058_000018,기밀정보
orchard_admin,076_0058,sample_076_0058_000018,기밀정보
원현호,076_0058,sample_076_0058_000019,개인정보
/srv/data/recipes/v2/recipe_2025-06.json,076_0058,sample_076_0058_000020,기밀정보
/internal/maintenance/2025/pump_report.pdf,076_0058,sample_076_0058_000023,기밀정보
https://intranet.greenfarm.local/login,076_0058,sample_076_0058_000025,기밀정보
vpn.greenfarm.local,076_0058,sample_076_0058_000025,기밀정보
오동건,076_0059,sample_076_0059_000005,개인정보
\\internal\\farm\\data\\076_0059,076_0059,sample_076_0059_000004,기밀정보
PUMP-SN-00012345,076_0059,sample_076_0059_000020,기밀정보
farm_admin,076_0059,sample_076_0059_000028,기밀정보
황지영,076_0059,sample_076_0059_000029,개인정보
서영광,076_0060,sample_076_0060_000006,개인정보
차사윤,076_0060,sample_076_0060_000007,개인정보
S12345,076_0060,sample_076_0060_000008,개인정보
GreenFarm Co.,076_0060,sample_076_0060_000009,준식별자
서울특별시 강서구,076_0060,sample_076_0060_000010,준식별자
10.0.3.12,076_0060,sample_076_0060_000020,기밀정보
/srv/controls/recipes/rcp_v2.json,076_0060,sample_076_0060_000021,기밀정보
svc_admin,076_0060,sample_076_0060_000022,기밀정보
나범주,076_0060,sample_076_0060_000027,개인정보
하진유,076_0060,sample_076_0060_000029,개인정보
정민슬,076_0061,sample_076_0061_000017,개인정보
2024-045,076_0061,sample_076_0061_000017,개인정보
기술자,076_0061,sample_076_0061_000017,준식별자
서울특별시 강서구,076_0061,sample_076_0061_000003,준식별자
10.0.5.12,076_0061,sample_076_0061_000026,기밀정보
/srv/internal/recipes/recipe_v2.db,076_0061,sample_076_0061_000027,기밀정보
https://intranet.local/ops,076_0061,sample_076_0061_000028,기밀정보
서울특별시 강남구 테헤란로 10,076_0062,sample_076_0062_000002,개인정보
CHS-2024-0001,076_0062,sample_076_0062_000018,개인정보
채솔지,076_0062,sample_076_0062_000018,개인정보
정자은,076_0062,sample_076_0062_000019,개인정보
배유담,076_0062,sample_076_0062_000020,개인정보
성주이,076_0062,sample_076_0062_000021,개인정보
/srv/indoorfarm/recipes/private_recipe_v3.json,076_0062,sample_076_0062_000022,기밀정보
https://vpn.indoorfarm.internal,076_0062,sample_076_0062_000022,기밀정보
10.10.10.22,076_0062,sample_076_0062_000022,기밀정보
안전절차_내부_v2.docx,076_0062,sample_076_0062_000026,기밀정보
구슬,076_0062,sample_076_0062_000027,개인정보
ops@indoorfarm.kr,076_0062,sample_076_0062_000028,개인정보
장정안,076_0064,sample_076_0064_000016,개인정보
OPR-2025-0001,076_0064,sample_076_0064_000016,개인정보
전이솜,076_0064,sample_076_0064_000017,개인정보
사번: 2025-0012,076_0064,sample_076_0064_000017,개인정보
기술팀장,076_0064,sample_076_0064_000017,준식별자
박민조,076_0064,sample_076_0064_000014,개인정보
심에이든,076_0064,sample_076_0064_000014,개인정보
서울특별시 강동구,076_0064,sample_076_0064_000028,준식별자
internal.farm.local,076_0064,sample_076_0064_000027,기밀정보
/srv/internal/recipes/secret_formula_v2.3.json,076_0064,sample_076_0064_000027,기밀정보
10.10.10.5,076_0064,sample_076_0064_000027,기밀정보
서울특별시 강서구,076_0065,sample_076_0065_000003,준식별자
지수아,076_0065,sample_076_0065_000016,개인정보
20250456,076_0065,sample_076_0065_000016,개인정보
문유마,076_0065,sample_076_0065_000023,개인정보
백원혁,076_0065,sample_076_0065_000027,개인정보
방윤영,076_0065,sample_076_0065_000027,개인정보
/srv/controls/recipes/v2.3/secret,076_0065,sample_076_0065_000024,기밀정보
10.0.0.5,076_0065,sample_076_0065_000024,기밀정보
남세온,076_0067,sample_076_0067_000016,개인정보
2025-0042,076_0067,sample_076_0067_000017,개인정보
192.168.10.45,076_0067,sample_076_0067_000018,기밀정보
/srv/internal/camera_images/lot_2025_06_01/img_000123.jpg,076_0067,sample_076_0067_000012,기밀정보
부산광역시,076_0067,sample_076_0067_000024,준식별자
서이설,076_0068,sample_076_0068_000010,개인정보
나지유,076_0068,sample_076_0068_000010,개인정보
유영훈,076_0068,sample_076_0068_000015,개인정보
서이설,076_0068,sample_076_0068_000017,개인정보
유영훈,076_0068,sample_076_0068_000019,개인정보
2025-001,076_0068,sample_076_0068_000019,개인정보
010-2025-0001,076_0068,sample_076_0068_000019,개인정보
서울특별시 강서구 마곡동 123-45,076_0068,sample_076_0068_000020,개인정보
서울특별시,076_0068,sample_076_0068_000020,준식별자
강서구,076_0068,sample_076_0068_000020,준식별자
마곡동,076_0068,sample_076_0068_000020,준식별자
vpn.internal.local,076_0068,sample_076_0068_000023,기밀정보
10.0.4.12,076_0068,sample_076_0068_000024,기밀정보
/srv/farm/data/recipes/recipe_v1.2.json,076_0068,sample_076_0068_000024,기밀정보
/srv/farm/logs/maintenance/2025-05-20_log.txt,076_0068,sample_076_0068_000017,기밀정보
허유이,076_0068,sample_076_0068_000027,개인정보
나지유,076_0068,sample_076_0068_000027,개인정보
서이설,076_0068,sample_076_0068_000027,개인정보
FARM-1007,076_0070,sample_076_0070_000002,기밀정보
인천광역시,076_0070,sample_076_0070_000003,준식별자
연수구,076_0070,sample_076_0070_000003,준식별자
/data/images/farm1007/2025-06-01_cam01_0830.jpg,076_0070,sample_076_0070_000010,기밀정보
/mnt/storage/farms/FARM-1007/raw/2025-06-01/,076_0070,sample_076_0070_000026,기밀정보
황이서,076_0071,sample_076_0071_000005,개인정보
사번: 20230071,076_0071,sample_076_0071_000006,개인정보
생년월일: 1986-05-12,076_0071,sample_076_0071_000007,준식별자
"경기도 성남시 분당구 불정로 6, 101동 201호",076_0071,sample_076_0071_000008,개인정보
인도어팜코리아,076_0071,sample_076_0071_000009,준식별자
10.254.128.7,076_0071,sample_076_0071_000010,기밀정보
/opt/internal/recipes/private_recipe_v2.json,076_0071,sample_076_0071_000011,기밀정보
계좌번호: 123-456-789012,076_0071,sample_076_0071_000012,기밀정보
직책: 운영팀장,076_0071,sample_076_0071_000013,준식별자
/data/images/20250601/plotA_cam03_20250601T083000Z.jpg,076_0072,sample_076_0072_000013,기밀정보
한정범,076_0072,sample_076_0072_000014,개인정보
20231234,076_0072,sample_076_0072_000014,개인정보
이창윤,076_0072,sample_076_0072_000015,개인정보
192.168.10.12,076_0072,sample_076_0072_000015,기밀정보
/srv/greenlab/recipes/private_recipe_v3.json,076_0072,sample_076_0072_000015,기밀정보
admin,076_0072,sample_076_0072_000020,기밀정보
한정범,076_0072,sample_076_0072_000020,개인정보
이창윤,076_0072,sample_076_0072_000020,개인정보
정로이,076_0072,sample_076_0072_000020,개인정보
성남시,076_0072,sample_076_0072_000021,준식별자
분당구,076_0072,sample_076_0072_000021,준식별자
임리윤,076_0072,sample_076_0072_000022,개인정보
1990-03-22,076_0072,sample_076_0072_000022,준식별자
GreenLab,076_0072,sample_076_0072_000023,준식별자
admin,076_0072,sample_076_0072_000024,기밀정보
https://internal.greenlab.local/secure,076_0072,sample_076_0072_000024,기밀정보
허경희,076_0072,sample_076_0072_000025,개인정보
20240021,076_0072,sample_076_0072_000025,개인정보
/etc/greenlab/secrets/credentials.yaml,076_0072,sample_076_0072_000027,기밀정보
서울특별시,076_0074,sample_076_0074_000003,준식별자
전신혁,076_0074,sample_076_0074_000014,개인정보
2023-0001,076_0074,sample_076_0074_000014,개인정보
임진형,076_0074,sample_076_0074_000026,개인정보
문지아,076_0074,sample_076_0074_000026,개인정보
/srv/farm_control/recipes/private/alpha_v1.json,076_0074,sample_076_0074_000027,기밀정보
10.8.0.12,076_0074,sample_076_0074_000027,기밀정보
2025-06-01T08:30:00Z,076_0075,sample_076_0075_000003,준식별자
성남시 분당구,076_0075,sample_076_0075_000004,준식별자
/data/images/2025-06-01_cam07_plotA_0001.jpg,076_0075,sample_076_0075_000012,기밀정보
CAM-07-A,076_0075,sample_076_0075_000012,기밀정보
윤재서,076_0075,sample_076_0075_000014,개인정보
S-0342,076_0075,sample_076_0075_000014,개인정보
2025-05-28T03:15:00Z,076_0075,sample_076_0075_000015,준식별자
sensor_id T1,076_0075,sample_076_0075_000015,기밀정보
2025-05-01T00:00:00Z,076_0075,sample_076_0075_000015,준식별자
2025-05-28T03:15:00Z,076_0075,sample_076_0075_000016,준식별자
레시피_A,076_0075,sample_076_0075_000019,기밀정보
2025-05-01T00:00:00Z,076_0075,sample_076_0075_000019,준식별자
2025-06-01T00:00:00Z,076_0075,sample_076_0075_000019,준식별자
2025-05-15T12:00:00Z,076_0075,sample_076_0075_000020,준식별자
10.0.3.12,076_0075,sample_076_0075_000023,기밀정보
admin_plot,076_0075,sample_076_0075_000023,기밀정보
/srv/data/recipes/레시피_A_v1.yaml,076_0075,sample_076_0075_000023,기밀정보
****-****-9012,076_0075,sample_076_0075_000024,기밀정보
그린테크팜,076_0075,sample_076_0075_000029,준식별자
CT-2025-09,076_0075,sample_076_0075_000029,기밀정보
서울특별시 성동구,076_0076,sample_076_0076_000003,준식별자
배상호,076_0076,sample_076_0076_000016,개인정보
공재하,076_0076,sample_076_0076_000023,개인정보
조재은,076_0076,sample_076_0076_000023,개인정보
김하울,076_0076,sample_076_0076_000023,개인정보
/data/images/2025/06/01/cam01_img0001.jpg,076_0076,sample_076_0076_000014,기밀정보
/srv/data/private/recipes/v2/recipe_2025.yaml,076_0076,sample_076_0076_000025,기밀정보
10.0.3.45,076_0076,sample_076_0076_000025,기밀정보
박성율,076_0077,sample_076_0077_000014,개인정보
EMP-2023-0007,076_0077,sample_076_0077_000015,개인정보
방우진,076_0077,sample_076_0077_000018,개인정보
1985,076_0077,sample_076_0077_000016,준식별자
07,076_0077,sample_076_0077_000016,준식별자
14,076_0077,sample_076_0077_000016,준식별자
서울특별시,076_0077,sample_076_0077_000017,준식별자
강남구,076_0077,sample_076_0077_000017,준식별자
역삼동,076_0077,sample_076_0077_000017,준식별자
admin_plc,076_0077,sample_076_0077_000027,기밀정보
10.0.0.12,076_0077,sample_076_0077_000026,기밀정보
10.0.0.45,076_0077,sample_076_0077_000026,기밀정보
/srv/internal/recipes/alpha_v2.json,076_0077,sample_076_0077_000026,기밀정보
vpn.internal.company.local,076_0077,sample_076_0077_000027,기밀정보
GrowLab Inc.,076_0077,sample_076_0077_000017,준식별자
심태완,076_0078,sample_076_0078_000019,개인정보
나혁주,076_0078,sample_076_0078_000020,개인정보
수원시,076_0078,sample_076_0078_000005,준식별자
권선구,076_0078,sample_076_0078_000005,준식별자
/data/images/2025-06-01_CAM-ENT-001_00012.jpg,076_0078,sample_076_0078_000017,기밀정보
/srv/internal/recipes/recipe_v2.yml,076_0078,sample_076_0078_000023,기밀정보
10.0.4.12,076_0078,sample_076_0078_000025,기밀정보
https://vpn.internal.example.com,076_0078,sample_076_0078_000025,기밀정보
2025-06-01T08:30:00Z,076_0079,sample_076_0079_000002,준식별자
2025-06-01T12:00:00Z,076_0079,sample_076_0079_000004,준식별자
2025-06-15T09:00:00Z,076_0079,sample_076_0079_000023,준식별자
서울특별시,076_0079,sample_076_0079_000003,준식별자
강서구,076_0079,sample_076_0079_000003,준식별자
10.0.5.12,076_0079,sample_076_0079_000019,기밀정보
/srv/data/farm/076/recipes/v2.json,076_0079,sample_076_0079_000019,기밀정보
서울특별시 강서구,076_0080,sample_076_0080_000002,준식별자
노명주,076_0080,sample_076_0080_000010,개인정보
2023-0456,076_0080,sample_076_0080_000010,개인정보
장나임,076_0080,sample_076_0080_000011,개인정보
안태산,076_0080,sample_076_0080_000015,개인정보
하온유,076_0080,sample_076_0080_000016,개인정보
김현수,076_0080,sample_076_0080_000016,개인정보
진영욱,076_0080,sample_076_0080_000016,개인정보
admin_farm,076_0080,sample_076_0080_000019,기밀정보
10.0.3.12,076_0080,sample_076_0080_000020,기밀정보
/srv/data/recipes/prod_v3.json,076_0080,sample_076_0080_000021,기밀정보
vpn.corp.internal,076_0080,sample_076_0080_000022,기밀정보
나혜린,076_0080,sample_076_0080_000023,개인정보
1985-07-12,076_0080,sample_076_0080_000024,준식별자
010-1234-5678,076_0080,sample_076_0080_000025,개인정보
nmy@example.com,076_0080,sample_076_0080_000025,개인정보
장서영,076_0081,sample_076_0081_000006,개인정보
S-2023-045,076_0081,sample_076_0081_000006,개인정보
서울특별시,076_0081,sample_076_0081_000002,준식별자
강남구,076_0081,sample_076_0081_000002,준식별자
오선재,076_0081,sample_076_0081_000008,개인정보
지현상,076_0081,sample_076_0081_000010,개인정보
10.0.0.12,076_0081,sample_076_0081_000017,기밀정보
/srv/internal/recipes/LEDbatch_v2.conf,076_0081,sample_076_0081_000017,기밀정보
/srv/internal/reports/2025/06/alpha_summary.pdf,076_0081,sample_076_0081_000027,기밀정보
채영혜,076_0082,sample_076_0082_000014,개인정보
재배관리자,076_0082,sample_076_0082_000014,준식별자
서울특별시 송파구,076_0082,sample_076_0082_000014,준식별자
채영혜,076_0082,sample_076_0082_000015,개인정보
10.0.1.12,076_0082,sample_076_0082_000022,기밀정보
/internal/recipes/vertical_farm_v3.json,076_0082,sample_076_0082_000022,기밀정보
GreenAgri Ltd.,076_0082,sample_076_0082_000023,기밀정보
서울특별시,076_0083,sample_076_0083_000003,준식별자
강남구,076_0083,sample_076_0083_000003,준식별자
조동율,076_0083,sample_076_0083_000014,개인정보
고소진,076_0083,sample_076_0083_000014,개인정보
최은지,076_0083,sample_076_0083_000014,개인정보
/data/images/20250601/IMG_0001.jpg,076_0083,sample_076_0083_000013,기밀정보
문병훈,076_0083,sample_076_0083_000020,개인정보
/data/raw/,076_0083,sample_076_0083_000023,기밀정보
/data/processed/,076_0083,sample_076_0083_000023,기밀정보
임유근,076_0083,sample_076_0083_000024,개인정보
사번=13045,076_0083,sample_076_0083_000024,개인정보
윤수원,076_0083,sample_076_0083_000025,개인정보
/var/log/audit/,076_0083,sample_076_0083_000026,기밀정보
서울특별시 강서구,076_0084,sample_076_0084_000002,준식별자
나은겸,076_0084,sample_076_0084_000013,개인정보
S-2024-045,076_0084,sample_076_0084_000013,개인정보
1990-05-12,076_0084,sample_076_0084_000013,준식별자
10.0.0.15,076_0084,sample_076_0084_000021,기밀정보
/srv/data/recipes/recipe_v3.2.json,076_0084,sample_076_0084_000021,기밀정보
vpn.internal.example.com,076_0084,sample_076_0084_000021,기밀정보
GreenCo,076_0084,sample_076_0084_000021,기밀정보
엄예솔,076_0085,sample_076_0085_000017,개인정보
공루하,076_0085,sample_076_0085_000030,개인정보
Seoul,076_0085,sample_076_0085_000003,준식별자
Gangnam-gu,076_0085,sample_076_0085_000003,준식별자
2025,076_0085,sample_076_0085_000006,준식별자
05,076_0085,sample_076_0085_000006,준식별자
10,076_0085,sample_076_0085_000006,준식별자
192.168.100.22,076_0085,sample_076_0085_000019,기밀정보
/srv/greenhouse/control/config.yaml,076_0085,sample_076_0085_000020,기밀정보
백성호,076_0086,sample_076_0086_000010,개인정보
EMP-2023-045,076_0086,sample_076_0086_000010,개인정보
bae.s@company.com,076_0086,sample_076_0086_000021,개인정보
서울특별시 성동구 왕십리로 123,076_0086,sample_076_0086_000022,준식별자
1985-03-12,076_0086,sample_076_0086_000023,준식별자
/srv/data/recipes/secret_recipe_v3.json,076_0086,sample_076_0086_000015,기밀정보
10.0.0.12,076_0086,sample_076_0086_000020,기밀정보
비공개 레시피 v3.2,076_0086,sample_076_0086_000024,기밀정보
백창렬,076_0087,sample_076_0087_000015,개인정보
우미란,076_0087,sample_076_0087_000015,개인정보
최도희,076_0087,sample_076_0087_000015,개인정보
방동규,076_0087,sample_076_0087_000022,개인정보
지난영,076_0087,sample_076_0087_000023,개인정보
백세준,076_0087,sample_076_0087_000024,개인정보
2024-007,076_0087,sample_076_0087_000024,개인정보
남,076_0087,sample_076_0087_000024,준식별자
1985,076_0087,sample_076_0087_000024,준식별자
06,076_0087,sample_076_0087_000024,준식별자
12,076_0087,sample_076_0087_000024,준식별자
10.0.8.12,076_0087,sample_076_0087_000026,기밀정보
/srv/internal/recipes/veg_v2.json,076_0087,sample_076_0087_000026,기밀정보
farm_admin,076_0087,sample_076_0087_000026,기밀정보
https://intranet.farm.local/recipes/veg_v2,076_0087,sample_076_0087_000026,기밀정보
서울특별시 강동구,076_0088,sample_076_0088_000003,준식별자
김호준,076_0088,sample_076_0088_000017,개인정보
kim.hojun@example.com,076_0088,sample_076_0088_000017,개인정보
사번: 20231234,076_0088,sample_076_0088_000018,개인정보
전해찬,076_0088,sample_076_0088_000019,개인정보
유차연,076_0088,sample_076_0088_000020,개인정보
유예봄,076_0088,sample_076_0088_000023,개인정보
/srv/production/recipes/recipe_alpha_v2.yaml,076_0088,sample_076_0088_000024,기밀정보
10.8.4.12,076_0088,sample_076_0088_000025,기밀정보
https://internal.cultivarpanel.local,076_0088,sample_076_0088_000025,기밀정보
2025-06-01T08:30:00Z,076_0089,sample_076_0089_000003,준식별자
2025-06-01T08:31:00Z,076_0089,sample_076_0089_000018,준식별자
심윤건,076_0089,sample_076_0089_000021,개인정보
2024-005,076_0089,sample_076_0089_000021,개인정보
2025-05-28T14:00:00Z,076_0089,sample_076_0089_000022,준식별자
\\internal\\recipes\\basal_v2.json,076_0089,sample_076_0089_000022,기밀정보
10.0.4.21,076_0089,sample_076_0089_000023,기밀정보
2025-05-01T09:00:00Z,076_0089,sample_076_0089_000024,준식별자
장도윤,076_0089,sample_076_0089_000024,개인정보
2025-05-20T00:00:00Z,076_0089,sample_076_0089_000027,준식별자
2025-06-02T00:00:00Z,076_0089,sample_076_0089_000027,준식별자
2025-05-25T12:10:00Z,076_0089,sample_076_0089_000027,준식별자
전라북도 전주시 완산구,076_0090,sample_076_0090_000002,준식별자
10.10.10.22,076_0090,sample_076_0090_000026,기밀정보
/srv/internal/recipes/veg_recipe_v2.json,076_0090,sample_076_0090_000026,기밀정보
류인준,076_0091,sample_076_0091_000016,개인정보
/srv/internal/recipes/secret_v2.json,076_0091,sample_076_0091_000017,기밀정보
10.10.10.5,076_0091,sample_076_0091_000017,기밀정보
공하겸,076_0092,sample_076_0092_000014,개인정보
권재빈,076_0092,sample_076_0092_000015,개인정보
서울특별시,076_0092,sample_076_0092_000022,준식별자
강남구,076_0092,sample_076_0092_000022,준식별자
1985-07-12,076_0092,sample_076_0092_000023,준식별자
여성,076_0092,sample_076_0092_000023,준식별자
10.0.0.5,076_0092,sample_076_0092_000024,기밀정보
/srv/data/recipes/secret_recipe_v3.json,076_0092,sample_076_0092_000024,기밀정보
vpn.internal.corp,076_0092,sample_076_0092_000024,기밀정보
한유겸,076_0093,sample_076_0093_000005,개인정보
남다솔,076_0093,sample_076_0093_000006,개인정보
20240123,076_0093,sample_076_0093_000007,개인정보
서울특별시 강서구,076_0093,sample_076_0093_000008,준식별자
1985-07-12,076_0093,sample_076_0093_000009,준식별자
EcoGrow Co.,076_0093,sample_076_0093_000010,준식별자
10.0.0.5,076_0093,sample_076_0093_000011,기밀정보
/internal/greenhouse/secret/076/2025.db,076_0093,sample_076_0093_000012,기밀정보
proprietary_nutrient_ratio_v3,076_0093,sample_076_0093_000013,기밀정보
서울특별시 강남구,076_0094,sample_076_0094_000002,준식별자
임명근,076_0094,sample_076_0094_000017,개인정보
imyeomgeun@farm.example.com,076_0094,sample_076_0094_000018,개인정보
진진구,076_0094,sample_076_0094_000015,개인정보
임혜찬,076_0094,sample_076_0094_000015,개인정보
백재훈,076_0094,sample_076_0094_000019,개인정보
차제훈,076_0094,sample_076_0094_000019,개인정보
차제훈,076_0094,sample_076_0094_000020,개인정보
10.0.0.12,076_0094,sample_076_0094_000025,기밀정보
/srv/control/credentials.json,076_0094,sample_076_0094_000025,기밀정보
110-123-456789,076_0094,sample_076_0094_000026,기밀정보
경기도 성남시 분당구,076_0095,sample_076_0095_000003,준식별자
2025-06-01T08:30:00Z,076_0095,sample_076_0095_000004,준식별자
2025-06-01T08:00:00Z - 2025-06-21T08:00:00Z,076_0095,sample_076_0095_000009,준식별자
권요한,076_0095,sample_076_0095_000010,개인정보
SN-TH-2024-009,076_0095,sample_076_0095_000007,기밀정보
손정음,076_0095,sample_076_0095_000019,개인정보
사번: 20250601-01,076_0095,sample_076_0095_000019,개인정보
손정음,076_0095,sample_076_0095_000020,개인정보
엄현민,076_0095,sample_076_0095_000021,개인정보
internal://server/ops/recipes/recipe_v2.1.json,076_0095,sample_076_0095_000026,기밀정보
10.0.12.45,076_0095,sample_076_0095_000026,기밀정보
vpn.internal.corp,076_0095,sample_076_0095_000027,기밀정보
양승천,076_0096,sample_076_0096_000008,개인정보
손리한,076_0096,sample_076_0096_000018,개인정보
지성미,076_0096,sample_076_0096_000023,개인정보
한원일,076_0096,sample_076_0096_000030,개인정보
서울특별시 강남구,076_0096,sample_076_0096_000002,준식별자
그린팜주식회사,076_0096,sample_076_0096_000027,준식별자
1985-07-12,076_0096,sample_076_0096_000028,준식별자
192.168.10.25,076_0096,sample_076_0096_000020,기밀정보
farm_admin,076_0096,sample_076_0096_000020,기밀정보
123-456-7890,076_0096,sample_076_0096_000020,기밀정보
/srv/internal/db/credentials,076_0096,sample_076_0096_000026,기밀정보
SENS-00045,076_0096,sample_076_0096_000026,기밀정보
이선민,076_0097,sample_076_0097_000006,개인정보
2024-0077,076_0097,sample_076_0097_000006,개인정보
서울특별시 강서구,076_0097,sample_076_0097_000008,준식별자
2025-06-01T08:30:00Z,076_0097,sample_076_0097_000005,준식별자
greenhouse_admin,076_0097,sample_076_0097_000024,기밀정보
10.10.254.22,076_0097,sample_076_0097_000024,기밀정보
나유비,076_0098,sample_076_0098_000017,개인정보
S-2025-0456,076_0098,sample_076_0098_000017,개인정보
서울특별시 강서구,076_0098,sample_076_0098_000002,준식별자
2025-06-01T08:30:00Z,076_0098,sample_076_0098_000004,준식별자
10.0.5.12,076_0098,sample_076_0098_000026,기밀정보
110-123-456789,076_0098,sample_076_0098_000027,기밀정보
유해율,076_0099,sample_076_0099_000020,개인정보
백재영,076_0099,sample_076_0099_000021,개인정보
신세라,076_0099,sample_076_0099_000027,개인정보
백유라,076_0099,sample_076_0099_000027,개인정보
서울특별시,076_0099,sample_076_0099_000023,준식별자
강남구,076_0099,sample_076_0099_000023,준식별자
1985,076_0099,sample_076_0099_000024,준식별자
06,076_0099,sample_076_0099_000024,준식별자
15,076_0099,sample_076_0099_000024,준식별자
그린팜,076_0099,sample_076_0099_000025,준식별자
/srv/internal/recipes/veg_a_v1.2.json,076_0099,sample_076_0099_000018,기밀정보
192.168.10.12,076_0099,sample_076_0099_000022,기밀정보
admin_greenfarm,076_0099,sample_076_0099_000022,기밀정보
vpn.greenfarm.internal,076_0099,sample_076_0099_000028,기밀정보
2025-06-01T08:30:00Z,076_0100,sample_076_0100_000002,준식별자
2025-06-01T08:30:05Z,076_0100,sample_076_0100_000006,준식별자
2025-06-01T08:30:10Z,076_0100,sample_076_0100_000016,준식별자
2025-05-15T00:00:00Z,076_0100,sample_076_0100_000023,준식별자
2025-06-15T00:00:00Z,076_0100,sample_076_0100_000023,준식별자
