{
    "document_id": "077_0022",
    "document_title": "오픈소스 소프트웨어 라이선스 및 거버넌스 감사 보고서",
    "data": [
        {
            "sentence": "본 문서는 오픈소스 소프트웨어의 라이선스 상태와 거버넌스 현황을 기술하고 법적·운영적 의사결정에 필요한 근거를 제공합니다.",
            "id": "sample_077_0022_000001",
            "annotations": []
        },
        {
            "sentence": "repository_id: repo-2026-acme-01로 식별되는 저장소의 메타데이터와 스캔 결과를 본 보고서에 포함합니다.",
            "id": "sample_077_0022_000002",
            "annotations": []
        },
        {
            "sentence": "repository_name: ACME-OpenSDK이며 주 저장소 URL과 커밋 기반 출처는 내부 감사 기록에 링크됩니다.",
            "id": "sample_077_0022_000003",
            "annotations": []
        },
        {
            "sentence": "primary_license_spdx: Apache-2.0으로 자동 판독되었으나 파일 간 불일치에 대한 우선순위 규칙을 적용했습니다.",
            "id": "sample_077_0022_000004",
            "annotations": []
        },
        {
            "sentence": "license_text_snippet: \"Licensed under the Apache License, Version 2.0 (the \"License\");\" SHA256(license_full_text): d4f6e3b9a2c5f0e8b1a9c3d4e5f6a7b8c9d0e1f2a3b4c5d6e7f8a9b0c1d2e3f4.",
            "id": "sample_077_0022_000005",
            "annotations": []
        },
        {
            "sentence": "license_file_path: /LICENSE; 저장소 내 LICENSE 파일을 우선 근거로 하며 매칭 실패 시 패키지 매니페스트를 보조 근거로 사용합니다.",
            "id": "sample_077_0022_000006",
            "annotations": []
        },
        {
            "sentence": "license_scanner_tool: ScanCode-30.1.0; report_path: /reports/scancode-report.json; scan_date: 2026-01-20; db_hash: scdb:9f8e7d6c5b4a3e2f.",
            "id": "sample_077_0022_000007",
            "annotations": []
        },
        {
            "sentence": "스캐너 로그는 tool·version·scan_date·DB 해시를 포함해 보관하며 출처 불일치 시 LICENSE 파일 우선 규칙을 적용한다고 명시합니다.",
            "id": "sample_077_0022_000008",
            "annotations": []
        },
        {
            "sentence": "dependency_list 예시: requests@2.28.1:Apache-2.0, libfoo@1.2.3:GPL-3.0-only, utilbar@0.9.0:MIT; 각 항목은 SPDX 식별자를 우선 기록했습니다.",
            "id": "sample_077_0022_000009",
            "annotations": []
        },
        {
            "sentence": "contributors: 성하민:s*****@example.com:오픈소스재단:yes, 윤찬우:y*****@example.org:ACME Corp:no, 홍재림:h*****@acme.com:ACME Corp:yes 형식으로 기여자 명세를 보관합니다.",
            "id": "sample_077_0022_000010",
            "annotations": [
                {
                    "word": "성하민",
                    "start": 14,
                    "end": 17,
                    "label": "개인정보"
                },
                {
                    "word": "s*****@example.com",
                    "start": 18,
                    "end": 36,
                    "label": "개인정보"
                },
                {
                    "word": "오픈소스재단",
                    "start": 37,
                    "end": 43,
                    "label": "준식별자"
                },
                {
                    "word": "윤찬우",
                    "start": 49,
                    "end": 52,
                    "label": "개인정보"
                },
                {
                    "word": "y*****@example.org",
                    "start": 53,
                    "end": 71,
                    "label": "개인정보"
                },
                {
                    "word": "ACME Corp",
                    "start": 72,
                    "end": 81,
                    "label": "준식별자"
                },
                {
                    "word": "ACME Corp",
                    "start": 106,
                    "end": 115,
                    "label": "준식별자"
                },
                {
                    "word": "홍재림",
                    "start": 86,
                    "end": 89,
                    "label": "개인정보"
                },
                {
                    "word": "h*****@acme.com",
                    "start": 90,
                    "end": 105,
                    "label": "개인정보"
                }
            ]
        },
        {
            "sentence": "maintainers: 권다비:Lead Maintainer:c*****@acme.com, 황이서:Release Manager:w*****@example.net, 신재웅:Security Contact:sj*****@oss-foundation.org 형식으로 주요 연락처를 기록합니다.",
            "id": "sample_077_0022_000011",
            "annotations": [
                {
                    "word": "권다비",
                    "start": 13,
                    "end": 16,
                    "label": "개인정보"
                },
                {
                    "word": "c*****@acme.com",
                    "start": 33,
                    "end": 48,
                    "label": "개인정보"
                },
                {
                    "word": "황이서",
                    "start": 50,
                    "end": 53,
                    "label": "개인정보"
                },
                {
                    "word": "w*****@example.net",
                    "start": 70,
                    "end": 88,
                    "label": "개인정보"
                },
                {
                    "word": "신재웅",
                    "start": 90,
                    "end": 93,
                    "label": "개인정보"
                },
                {
                    "word": "sj*****@oss-foundation.org",
                    "start": 111,
                    "end": 137,
                    "label": "개인정보"
                }
            ]
        },
        {
            "sentence": "governance_model: meritocratic으로 정의되며 의사결정은 러프 컨센서스와 주요 유지관리자의 승인으로 진행됩니다.",
            "id": "sample_077_0022_000012",
            "annotations": []
        },
        {
            "sentence": "code_of_conduct_path: /CODE_OF_CONDUCT.md와 security_policy_path: /SECURITY.md 경로를 저장소 루트에 명시했습니다.",
            "id": "sample_077_0022_000013",
            "annotations": []
        },
        {
            "sentence": "copyright_holders: ACME Corp, 오픈소스재단으로 등록되어 있으며 저작권 귀속과 관련된 커밋 근거를 함께 보관합니다.",
            "id": "sample_077_0022_000014",
            "annotations": [
                {
                    "word": "ACME Corp",
                    "start": 19,
                    "end": 28,
                    "label": "준식별자"
                },
                {
                    "word": "오픈소스재단",
                    "start": 30,
                    "end": 36,
                    "label": "준식별자"
                }
            ]
        },
        {
            "sentence": "last_license_audit_date: 2026-01-21로 기록되어 있으며 감사 로그와 스캐너 보고서를 교차 검증했습니다.",
            "id": "sample_077_0022_000015",
            "annotations": []
        },
        {
            "sentence": "license_compatibility_issues: GPL-3.0-only 의존성(libfoo@1.2.3)이 Apache-2.0 주 라이선스와 배포 조건에서 충돌 가능성이 있으며 조항 근거(APLv2 조항 4, GPLv3 조항 13 등)를 참조했습니다.",
            "id": "sample_077_0022_000016",
            "annotations": []
        },
        {
            "sentence": "해당 호환성 평가는 자동 스캐너 출력과 텍스트 매칭에 기반한 권고이며 확신이 낮은 항목은 ambiguous로 표기하고 권고: 법률자문 필요 태그를 남깁니다.",
            "id": "sample_077_0022_000017",
            "annotations": []
        },
        {
            "sentence": "legal_opinion_reference: 내부 법무 검토 문서 LEGAL-2025-045와 외부 로펌 검토 요청서 REF-LAW-2026-01이 관련 증빙으로 첨부되어 있습니다.",
            "id": "sample_077_0022_000018",
            "annotations": []
        },
        {
            "sentence": "relicense_history: 2024-10-01 ACME Corp 주도로 MIT에서 Apache-2.0으로 리라이선스된 기록이 존재하며 변경 커밋과 저작권자 동의를 보관합니다.",
            "id": "sample_077_0022_000019",
            "annotations": [
                {
                    "word": "ACME Corp",
                    "start": 30,
                    "end": 39,
                    "label": "준식별자"
                }
            ]
        },
        {
            "sentence": "라이선스 전문은 원문을 아카이브로 저장하되 기계 판독 불가 가능성을 명시하고 SPDX 식별자는 자동화 용도로 우선 사용합니다.",
            "id": "sample_077_0022_000020",
            "annotations": []
        },
        {
            "sentence": "커밋·릴리스 히스토리는 출처(commit SHA)와 타임스탬프를 포함해 증거로 보관하며 예: commit: abcde12345fghij67890 참조가 가능합니다.",
            "id": "sample_077_0022_000021",
            "annotations": []
        },
        {
            "sentence": "CLA 및 기여 정책은 서명 스캔본과 메타데이터를 높은 신뢰도로 보존하며 감사 추적 가능하도록 관리합니다.",
            "id": "sample_077_0022_000022",
            "annotations": []
        },
        {
            "sentence": "개인정보(이메일)는 최소화 원칙을 적용해 문서에는 마스킹된 형태로 저장하며 원본은 법적 근거가 있는 경우에만 제한적 접근을 허용합니다.",
            "id": "sample_077_0022_000023",
            "annotations": []
        },
        {
            "sentence": "데이터 출처 불일치(예: manifest vs LICENSE)는 LICENSE 파일 우선, 그 다음에 패키지 매니페스트, 마지막으로 스캐너 텍스트 매칭 순으로 판단 기준을 명시합니다.",
            "id": "sample_077_0022_000024",
            "annotations": []
        },
        {
            "sentence": "자동화된 스캐너 결과는 권고 수준으로 제공하며 최종 컴플라이언스 결론은 법무팀 또는 외부 변호사 검토가 필요합니다.",
            "id": "sample_077_0022_000025",
            "annotations": []
        },
        {
            "sentence": "권장 실행 항목: (1) GPL 의존성 제거 또는 예외 협의, (2) 법무팀에 호환성 재검토 요청, (3) 유지관리자 연락처 검증 및 CLA 현행화입니다.",
            "id": "sample_077_0022_000026",
            "annotations": []
        }
    ]
}