{
    "document_id": "077_0099",
    "document_title": "오픈소스 소프트웨어 라이선스 및 거버넌스 감사 보고서",
    "data": [
        {
            "sentence": "본 문서는 저장소의 오픈소스 소프트웨어(OSS) 라이선스 및 거버넌스 상태를 기술적·운영적 관점에서 기록합니다.",
            "id": "sample_077_0099_000001",
            "annotations": []
        },
        {
            "sentence": "repository_id는 repo-2025-0001이며 repository_name은 ks-open-project로 표기합니다.",
            "id": "sample_077_0099_000002",
            "annotations": []
        },
        {
            "sentence": "primary_license_spdx는 SPDX: Apache-2.0으로 자동화 검출 및 수동 확인을 병행했습니다.",
            "id": "sample_077_0099_000003",
            "annotations": []
        },
        {
            "sentence": "라이선스 파일 경로는 /LICENSE이며 해당 파일을 우선 근거로 삼는 정책을 적용했습니다.",
            "id": "sample_077_0099_000004",
            "annotations": []
        },
        {
            "sentence": "license_text_snippet로 LICENSE 파일에서 발췌한 문장은 \"Licensed under the Apache License, Version 2.0 (the \"License\");\" 입니다.",
            "id": "sample_077_0099_000005",
            "annotations": []
        },
        {
            "sentence": "LICENSE 전문(full text)은 저장되어 있으며 SHA256 해시값은 3f786850e387550fdab836ed7e6dc881de23001b으로 기록했습니다.",
            "id": "sample_077_0099_000006",
            "annotations": []
        },
        {
            "sentence": "license_scanner_tool은 ScanCode Toolkit 3.3.2이며 report_path는 /scancode/report.json, 스캔일은 2025-01-15, DB 해시값은 dbhash-20250115-abc123입니다.",
            "id": "sample_077_0099_000007",
            "annotations": []
        },
        {
            "sentence": "Contributors 목록 예시: 하선오:hseon@*****.com:오픈소스랩스:yes, 민승인:msi@*****.com:네트워크솔루션즈:no로 기록했습니다.",
            "id": "sample_077_0099_000008",
            "annotations": [
                {
                    "word": "하선오",
                    "start": 20,
                    "end": 23,
                    "label": "개인정보"
                },
                {
                    "word": "hseon@*****.com",
                    "start": 24,
                    "end": 39,
                    "label": "개인정보"
                },
                {
                    "word": "오픈소스랩스",
                    "start": 40,
                    "end": 46,
                    "label": "준식별자"
                },
                {
                    "word": "민승인",
                    "start": 52,
                    "end": 55,
                    "label": "개인정보"
                },
                {
                    "word": "msi@*****.com",
                    "start": 56,
                    "end": 69,
                    "label": "개인정보"
                },
                {
                    "word": "네트워크솔루션즈",
                    "start": 70,
                    "end": 78,
                    "label": "준식별자"
                }
            ]
        },
        {
            "sentence": "추가 기여자 예시: 강서빈:ksb@*****.org:코어시스템즈:yes, 방로이:broi@*****.org:데이터매니지먼트:no로 저장합니다.",
            "id": "sample_077_0099_000009",
            "annotations": [
                {
                    "word": "강서빈",
                    "start": 11,
                    "end": 14,
                    "label": "개인정보"
                },
                {
                    "word": "ksb@*****.org",
                    "start": 15,
                    "end": 28,
                    "label": "개인정보"
                },
                {
                    "word": "코어시스템즈",
                    "start": 29,
                    "end": 35,
                    "label": "준식별자"
                },
                {
                    "word": "방로이",
                    "start": 41,
                    "end": 44,
                    "label": "개인정보"
                },
                {
                    "word": "broi@*****.org",
                    "start": 45,
                    "end": 59,
                    "label": "개인정보"
                },
                {
                    "word": "데이터매니지먼트",
                    "start": 60,
                    "end": 68,
                    "label": "준식별자"
                }
            ]
        },
        {
            "sentence": "Maintainers 예시: 차태강:Release Manager:ctk@*****.org, 나주온:Security Lead:njoon@*****.org으로 연락처는 마스킹하여 기록했습니다.",
            "id": "sample_077_0099_000010",
            "annotations": [
                {
                    "word": "차태강",
                    "start": 16,
                    "end": 19,
                    "label": "개인정보"
                },
                {
                    "word": "ctk@*****.org",
                    "start": 36,
                    "end": 49,
                    "label": "개인정보"
                },
                {
                    "word": "나주온",
                    "start": 51,
                    "end": 54,
                    "label": "개인정보"
                },
                {
                    "word": "njoon@*****.org",
                    "start": 69,
                    "end": 84,
                    "label": "개인정보"
                }
            ]
        },
        {
            "sentence": "거버넌스 모델은 foundation 방식으로 분류되며 의사결정 구조와 재단 참여 기업 목록을 별도 문서로 연동합니다.",
            "id": "sample_077_0099_000011",
            "annotations": []
        },
        {
            "sentence": "code_of_conduct_path는 /CODE_OF_CONDUCT.md로 명시되어 있으며 커뮤니티 규범 적용 범위를 기술했습니다.",
            "id": "sample_077_0099_000012",
            "annotations": []
        },
        {
            "sentence": "security_policy_path는 /SECURITY.md로 보고된 취약점 신고 절차와 책임자 연락 방법을 포함합니다.",
            "id": "sample_077_0099_000013",
            "annotations": []
        },
        {
            "sentence": "dependency_list 예시는 libhttp@2.1.0:MIT, libcrypto@1.4.5:Apache-2.0, libsecure@1.2.0:GPL-2.0-only로 기록했습니다.",
            "id": "sample_077_0099_000014",
            "annotations": []
        },
        {
            "sentence": "저작권자(copyright_holders)는 'KS Open Project contributors'로 집계되며 개별 명시가 필요한 항목은 별도 표로 관리합니다.",
            "id": "sample_077_0099_000015",
            "annotations": []
        },
        {
            "sentence": "last_license_audit_date는 2025-01-15로 스캔과 수동 검토가 병행된 날짜입니다.",
            "id": "sample_077_0099_000016",
            "annotations": []
        },
        {
            "sentence": "라이선스 호환성 이슈 요약: libsecure@1.2.0의 GPL-2.0-only가 상위 프로젝트의 Apache-2.0과 충돌할 가능성이 있어 ambiguous로 표기했습니다.",
            "id": "sample_077_0099_000017",
            "annotations": []
        },
        {
            "sentence": "호환성 근거로는 GPL v2 섹션 2의 복제·배포 제한과 Apache-2.0의 특허 언급 충돌 가능성을 기술했으며 스캐너 출력과 과거 판례를 교차참조했습니다.",
            "id": "sample_077_0099_000018",
            "annotations": []
        },
        {
            "sentence": "메타데이터 불일치 해결 규칙: LICENSE 파일을 우선으로 하고 패키지 매니페스트는 보조 근거로 취급하는 정책을 명확히 했습니다.",
            "id": "sample_077_0099_000019",
            "annotations": []
        },
        {
            "sentence": "실제 불일치 예: package.json은 MIT로 기재되었으나 /LICENSE는 Apache-2.0으로 스캐너가 두 가지를 모두 검출했으며 LICENSE 파일을 우선 적용했습니다.",
            "id": "sample_077_0099_000020",
            "annotations": []
        },
        {
            "sentence": "스캐너 결과는 도구명·버전·스캔일·DB 해시를 함께 기록하며 오탐·미탐 가능성을 명시했습니다.",
            "id": "sample_077_0099_000021",
            "annotations": []
        },
        {
            "sentence": "법적 판단이 필요한 경우 문서 내 항목에 '권고: 법률자문 필요'를 표기하고 외부 변호사 검토를 권합니다.",
            "id": "sample_077_0099_000022",
            "annotations": []
        },
        {
            "sentence": "legal_opinion_reference는 legal_opinion_2025_01.pdf로 연결되어 있으며 해당 문서의 검토 결과를 요약해 둡니다.",
            "id": "sample_077_0099_000023",
            "annotations": []
        },
        {
            "sentence": "relicense_history 예시는 2019-06-01 커밋(sha:abcde12345)에서 MIT에서 2023-04-10에 Apache-2.0으로 리라이선스된 기록이 존재합니다.",
            "id": "sample_077_0099_000024",
            "annotations": []
        },
        {
            "sentence": "기여자 라이선스 계약(CLA)은 /CONTRIBUTOR_LICENSE.md에 보관되며 서명 여부는 감사 추적 항목으로 저장합니다.",
            "id": "sample_077_0099_000025",
            "annotations": []
        },
        {
            "sentence": "자동화 도구의 산출물은 권고 수준으로 제공되며 최종 컴플라이언스 결론은 법무팀 또는 외부 변호사의 검토가 필요합니다.",
            "id": "sample_077_0099_000026",
            "annotations": []
        },
        {
            "sentence": "불확실도 마커(ambiguous, unknown)를 사용해 자신감이 낮은 판단을 명시하고 최종 책임을 회피하도록 문서화했습니다.",
            "id": "sample_077_0099_000027",
            "annotations": []
        },
        {
            "sentence": "개인정보 취급 방침에 따라 이메일 등 개인 연락처는 최소화·마스킹 옵션을 제공하며 원본 접근은 보안 요청 절차를 요구합니다.",
            "id": "sample_077_0099_000028",
            "annotations": []
        },
        {
            "sentence": "권장 액션 아이템: 법률자문 요청, GPL-2.0-only 의존성 제거 또는 별도 격리, 라이선스 메타데이터 정렬 및 재감사를 권고합니다.",
            "id": "sample_077_0099_000029",
            "annotations": []
        }
    ]
}