{
    "document_id": "077_0024",
    "document_title": "오픈소스 소프트웨어 라이선스 및 거버넌스 감사보고서",
    "data": [
        {
            "sentence": "본 문서는 저장소의 오픈소스 소프트웨어 라이선스 상태와 거버넌스 구조를 기술한 감사보고서입니다.",
            "id": "sample_077_0024_000001",
            "annotations": []
        },
        {
            "sentence": "repository_id는 repo-example-2026이며 repository_name은 example-service입니다.",
            "id": "sample_077_0024_000002",
            "annotations": []
        },
        {
            "sentence": "primary_license_spdx는 SPDX: Apache-2.0으로 자동 식별되었으나 수동 확인이 필요합니다.",
            "id": "sample_077_0024_000003",
            "annotations": []
        },
        {
            "sentence": "license_text_snippet에는 'Licensed under the Apache License, Version 2.0 (the \"License\");'의 발췌가 저장되어 있습니다.",
            "id": "sample_077_0024_000004",
            "annotations": []
        },
        {
            "sentence": "license_file_path는 루트의 LICENSE 파일로 기록되어 있으며 LICENSE 파일 우선 원칙으로 판별합니다.",
            "id": "sample_077_0024_000005",
            "annotations": []
        },
        {
            "sentence": "license_fulltext_hash(SHA256)는 a3b1c4d5e6f7890abc123def4567890abcdef1234567890abcdef1234567890ab로 저장했습니다.",
            "id": "sample_077_0024_000006",
            "annotations": []
        },
        {
            "sentence": "license_scanner_tool: 도구명 ScanCode, 버전 3.1.2, 스캔일 2026-01-15, DB 해시 3f2e5b7c9aefabcd1234567890abcdef로 보고서가 생성되었습니다.",
            "id": "sample_077_0024_000007",
            "annotations": []
        },
        {
            "sentence": "scanner_report_path는 reports/scancode/example-service-20260115.json에 위치합니다.",
            "id": "sample_077_0024_000008",
            "annotations": []
        },
        {
            "sentence": "스캐너와 메타데이터 간 불일치(예: package manifest의 SPDX표시 vs LICENSE 파일)가 발견되면 LICENSE 파일 우선 규칙을 적용합니다.",
            "id": "sample_077_0024_000009",
            "annotations": []
        },
        {
            "sentence": "dependency_list 예시는 lodash@4.17.21:MIT, guava@28.2-jre:Apache-2.0, protobuf@3.15.8:BSD-3-Clause, mysql-connector@8.0.23:GPL-2.0-only 입니다.",
            "id": "sample_077_0024_000010",
            "annotations": []
        },
        {
            "sentence": "contributors 목록에는 홍기쁨, 곽다윗, 윤민권이 포함되어 있으며 각 contributor의 이메일은 마스킹 옵션으로 저장됩니다.",
            "id": "sample_077_0024_000011",
            "annotations": [
                {
                    "word": "홍기쁨",
                    "start": 18,
                    "end": 21,
                    "label": "개인정보"
                },
                {
                    "word": "곽다윗",
                    "start": 23,
                    "end": 26,
                    "label": "개인정보"
                },
                {
                    "word": "윤민권",
                    "start": 28,
                    "end": 31,
                    "label": "개인정보"
                }
            ]
        },
        {
            "sentence": "contributors 상세: 홍기쁨:h****@example.com:ExampleCorp:CLA_signed, 곽다윗:k****@example.net:PartnerInc:CLA_signed, 윤민권:y****@example.org:Independent:CLA_not_signed.",
            "id": "sample_077_0024_000012",
            "annotations": [
                {
                    "word": "h****@example.com",
                    "start": 21,
                    "end": 38,
                    "label": "개인정보"
                },
                {
                    "word": "k****@example.net",
                    "start": 67,
                    "end": 84,
                    "label": "개인정보"
                },
                {
                    "word": "y****@example.org",
                    "start": 112,
                    "end": 129,
                    "label": "개인정보"
                }
            ]
        },
        {
            "sentence": "maintainers에는 하도경(Lead): hdo_admin@example.com(contact)과 곽크리스토퍼(Release Manager): ckr_admin@example.com(contact)가 등록되어 있습니다.",
            "id": "sample_077_0024_000013",
            "annotations": [
                {
                    "word": "하도경",
                    "start": 14,
                    "end": 17,
                    "label": "개인정보"
                },
                {
                    "word": "hdo_admin@example.com",
                    "start": 25,
                    "end": 46,
                    "label": "개인정보"
                },
                {
                    "word": "곽크리스토퍼",
                    "start": 57,
                    "end": 63,
                    "label": "개인정보"
                },
                {
                    "word": "ckr_admin@example.com",
                    "start": 82,
                    "end": 103,
                    "label": "개인정보"
                }
            ]
        },
        {
            "sentence": "연락처는 개인정보 최소화 원칙에 따라 마스킹을 기본으로 하고 필요 시 내부 검토용으로만 전체 연락처를 제공합니다.",
            "id": "sample_077_0024_000014",
            "annotations": []
        },
        {
            "sentence": "governance_model은 meritocratic으로 분류되며 의사결정 기록과 거버넌스 로그가 감사용으로 보관되어 있습니다.",
            "id": "sample_077_0024_000015",
            "annotations": []
        },
        {
            "sentence": "code_of_conduct_path는 .github/CODE_OF_CONDUCT.md이며 security_policy_path는 .github/SECURITY.md로 지정되어 있습니다.",
            "id": "sample_077_0024_000016",
            "annotations": []
        },
        {
            "sentence": "copyright_holders는 ExampleCorp와 공동저작자 명단으로 구성되어 있으며 저작권 이전 기록은 별도 보관 중입니다.",
            "id": "sample_077_0024_000017",
            "annotations": []
        },
        {
            "sentence": "last_license_audit_date는 2026-01-20로 기록되어 있으며 감사 로그에는 커밋 SHA 9f8d7c6a가 참조됩니다.",
            "id": "sample_077_0024_000018",
            "annotations": []
        },
        {
            "sentence": "license_compatibility_issues 섹션에는 Apache-2.0과 GPL-2.0-only 간의 특허권 언급 조항 충돌 가능성이 ambiguous로 표기되어 있습니다.",
            "id": "sample_077_0024_000019",
            "annotations": []
        },
        {
            "sentence": "호환성 판단 근거로는 스캐너 출력, Apache-2.0 조항 3와 GPL-2.0-only 조항의 상호작용을 분석한 메모를 포함했습니다.",
            "id": "sample_077_0024_000020",
            "annotations": []
        },
        {
            "sentence": "법적 판단이 필요한 항목에는 '권고: 법률자문 필요' 태그를 명시하며 최종 컴플라이언스 결정은 법무팀 검토를 요구합니다.",
            "id": "sample_077_0024_000021",
            "annotations": []
        },
        {
            "sentence": "legal_opinion_reference는 외부 로펌의 예비 의견서 참조 번호 LEG-2026-001로 표기되어 있으며 원문은 법무팀 전용 저장소에 보관됩니다.",
            "id": "sample_077_0024_000022",
            "annotations": []
        },
        {
            "sentence": "relicense_history에는 초기 MIT에서 2024-06-01에 Apache-2.0으로 변경한 기록과 관련 커밋 SHA ab12cd34가 포함되어 있습니다.",
            "id": "sample_077_0024_000023",
            "annotations": []
        },
        {
            "sentence": "스캐너 메타데이터와 수동 매칭 결과는 출처(원저장소 URL, 커밋 SHA)를 함께 기록하며 불일치 시 우선순위 규칙을 적용합니다.",
            "id": "sample_077_0024_000024",
            "annotations": []
        },
        {
            "sentence": "자동화 결과는 권고 수준으로 제공되며 최종 법적 결론은 법무팀 또는 외부 변호사의 검토가 필요합니다.",
            "id": "sample_077_0024_000025",
            "annotations": []
        },
        {
            "sentence": "보안 관련 기밀정보 예시는 내부 키 파일 경로 /internal/secrets/keys.env, 사내 URL http://intranet.corp.local/repo, 서버 IP 10.0.0.12입니다.",
            "id": "sample_077_0024_000026",
            "annotations": [
                {
                    "word": "/internal/secrets/keys.env",
                    "start": 26,
                    "end": 52,
                    "label": "기밀정보"
                },
                {
                    "word": "http://intranet.corp.local/repo",
                    "start": 61,
                    "end": 92,
                    "label": "기밀정보"
                },
                {
                    "word": "10.0.0.12",
                    "start": 100,
                    "end": 109,
                    "label": "기밀정보"
                }
            ]
        },
        {
            "sentence": "기여자 기록에는 우로하: uroh@example.org:OpenSourceLab:CLA_signed, 진지호: jinho@example.com:ExampleCorp:CLA_signed 항목이 포함되어 있습니다.",
            "id": "sample_077_0024_000027",
            "annotations": [
                {
                    "word": "우로하",
                    "start": 9,
                    "end": 12,
                    "label": "개인정보"
                },
                {
                    "word": "uroh@example.org",
                    "start": 14,
                    "end": 30,
                    "label": "개인정보"
                },
                {
                    "word": "진지호",
                    "start": 57,
                    "end": 60,
                    "label": "개인정보"
                },
                {
                    "word": "jinho@example.com",
                    "start": 62,
                    "end": 79,
                    "label": "개인정보"
                }
            ]
        },
        {
            "sentence": "권한 및 접근제어 로그는 내부 정책상 기밀이며 감사 시 특정 담당자 트레일이 포함될 수 있습니다.",
            "id": "sample_077_0024_000028",
            "annotations": []
        },
        {
            "sentence": "거버넌스 관련 결정문에는 류솜, 차성용, 조하현, 천유니, 천진한 등의 참여자가 서명한 결재흐름이 기록되어 있습니다.",
            "id": "sample_077_0024_000029",
            "annotations": [
                {
                    "word": "류솜",
                    "start": 14,
                    "end": 16,
                    "label": "개인정보"
                },
                {
                    "word": "차성용",
                    "start": 18,
                    "end": 21,
                    "label": "개인정보"
                },
                {
                    "word": "조하현",
                    "start": 23,
                    "end": 26,
                    "label": "개인정보"
                },
                {
                    "word": "천유니",
                    "start": 28,
                    "end": 31,
                    "label": "개인정보"
                },
                {
                    "word": "천진한",
                    "start": 33,
                    "end": 36,
                    "label": "개인정보"
                }
            ]
        },
        {
            "sentence": "개인정보 보호 원칙에 따라 전자메일은 기본 마스킹 처리하고 전체 주소와 전화번호는 내부 접근 통제 하에 보관합니다.",
            "id": "sample_077_0024_000030",
            "annotations": []
        }
    ]
}