{
    "document_id": "002_0071",
    "document_title": "외래 진료기록 및 처방전·검사보고서 (전자차트 사본)",
    "data": [
        {
            "sentence": "문서 목적: 본 문서는 외래 진료에 대한 진료기록, 처방전 및 검사보고서를 종합적으로 제공하기 위해 작성되었다.",
            "id": "sample_002_0071_000001",
            "annotations": []
        },
        {
            "sentence": "환자 정보: 환자명 오원준, 환자번호 MRN-20251234, 내원일 2025-12-15에 외래 방문함.",
            "id": "sample_002_0071_000002",
            "annotations": [
                {
                    "word": "오원준",
                    "start": 11,
                    "end": 14,
                    "label": "개인정보"
                },
                {
                    "word": "MRN-20251234",
                    "start": 21,
                    "end": 33,
                    "label": "개인정보"
                },
                {
                    "word": "2025-12-15",
                    "start": 39,
                    "end": 49,
                    "label": "준식별자"
                }
            ]
        },
        {
            "sentence": "기초 신상정보: 생년월일 1985-07-21, 성별 남성, 주민등록번호 850721-1234567으로 등록되어 있음.",
            "id": "sample_002_0071_000003",
            "annotations": [
                {
                    "word": "1985-07-21",
                    "start": 14,
                    "end": 24,
                    "label": "준식별자"
                },
                {
                    "word": "남성",
                    "start": 29,
                    "end": 31,
                    "label": "준식별자"
                },
                {
                    "word": "850721-1234567",
                    "start": 40,
                    "end": 54,
                    "label": "개인정보"
                }
            ]
        },
        {
            "sentence": "연락처 및 주소: 연락처 010-1234-5678, 주소 서울특별시 강남구 역삼동 22-5로 기재되어 있음을 확인함.",
            "id": "sample_002_0071_000004",
            "annotations": [
                {
                    "word": "010-1234-5678",
                    "start": 14,
                    "end": 27,
                    "label": "개인정보"
                },
                {
                    "word": "서울특별시",
                    "start": 32,
                    "end": 37,
                    "label": "준식별자"
                },
                {
                    "word": "강남구",
                    "start": 38,
                    "end": 41,
                    "label": "준식별자"
                },
                {
                    "word": "역삼동",
                    "start": 42,
                    "end": 45,
                    "label": "준식별자"
                },
                {
                    "word": "역삼동 22-5",
                    "start": 42,
                    "end": 50,
                    "label": "개인정보"
                }
            ]
        },
        {
            "sentence": "사회력 및 담당자: 직업 회사원으로 표기되어 있으며 주치의 장정아, 담당 간호사 홍우연이 배정되었음.",
            "id": "sample_002_0071_000005",
            "annotations": [
                {
                    "word": "회사원",
                    "start": 14,
                    "end": 17,
                    "label": "준식별자"
                },
                {
                    "word": "장정아",
                    "start": 33,
                    "end": 36,
                    "label": "개인정보"
                },
                {
                    "word": "홍우연",
                    "start": 45,
                    "end": 48,
                    "label": "개인정보"
                }
            ]
        },
        {
            "sentence": "진료과 및 내원경위: 내과 외래로 내원하였으며 내원 이유는 고혈압 및 혈당 조절 불량으로 추적 관찰 목적임.",
            "id": "sample_002_0071_000006",
            "annotations": []
        },
        {
            "sentence": "진단 요약: 주요 진단은 본태성(필수) 고혈압(ICD-10: I10) 및 제2형 당뇨병(ICD-10: E11.9)으로 표기됨.",
            "id": "sample_002_0071_000007",
            "annotations": []
        },
        {
            "sentence": "과거력: 특별한 수술력은 없으며 약물 알레르기 이력으로 페니실린 계열 과민반응이 보고되어 있음.",
            "id": "sample_002_0071_000008",
            "annotations": []
        },
        {
            "sentence": "신체검진(2025-12-15): 혈압 148/92 mmHg, 맥박 78회/분, 호흡 18회/분, 체온 36.7°C로 측정됨.",
            "id": "sample_002_0071_000009",
            "annotations": [
                {
                    "word": "2025-12-15",
                    "start": 5,
                    "end": 15,
                    "label": "준식별자"
                }
            ]
        },
        {
            "sentence": "신체계측: 신장 175 cm, 체중 78 kg, 체질량지수(BMI) 25.5로 기록되며 혈액형 O형임.",
            "id": "sample_002_0071_000010",
            "annotations": [
                {
                    "word": "신장 175 cm",
                    "start": 6,
                    "end": 15,
                    "label": "준식별자"
                },
                {
                    "word": "체중 78 kg",
                    "start": 17,
                    "end": 25,
                    "label": "준식별자"
                },
                {
                    "word": "혈액형 O형",
                    "start": 49,
                    "end": 55,
                    "label": "준식별자"
                }
            ]
        },
        {
            "sentence": "검사 의뢰일 2025-12-15에 혈액검사 의뢰 후 혈액검사 결과(2025-12-16)로 HbA1c 7.8%, 공복혈당 156 mg/dL가 보고됨.",
            "id": "sample_002_0071_000011",
            "annotations": [
                {
                    "word": "2025-12-15",
                    "start": 7,
                    "end": 17,
                    "label": "준식별자"
                },
                {
                    "word": "2025-12-16",
                    "start": 37,
                    "end": 47,
                    "label": "준식별자"
                }
            ]
        },
        {
            "sentence": "소변검사(2025-12-16): 단백뇨 음성, 케톤 음성으로 확인되어 신장 관련 급성 이상 소견은 없음.",
            "id": "sample_002_0071_000012",
            "annotations": [
                {
                    "word": "2025-12-16",
                    "start": 5,
                    "end": 15,
                    "label": "준식별자"
                }
            ]
        },
        {
            "sentence": "심전도 검사(2025-12-16): 정상 동리듬 소견이며 유의한 심전도 이상 소견(특이 Q파, ST변화)은 관찰되지 않음.",
            "id": "sample_002_0071_000013",
            "annotations": [
                {
                    "word": "2025-12-16",
                    "start": 7,
                    "end": 17,
                    "label": "준식별자"
                }
            ]
        },
        {
            "sentence": "영상의학 소견(2025-12-16): 흉부 X-ray 상 폐침윤 또는 심비대 등의 이상 소견은 관찰되지 않음.",
            "id": "sample_002_0071_000014",
            "annotations": [
                {
                    "word": "2025-12-16",
                    "start": 8,
                    "end": 18,
                    "label": "준식별자"
                }
            ]
        },
        {
            "sentence": "처방전 발행일 2025-12-15: 로사르탄 50 mg 1정, 1일 1회 복용, 30일 분 처방함.",
            "id": "sample_002_0071_000015",
            "annotations": [
                {
                    "word": "2025-12-15",
                    "start": 8,
                    "end": 18,
                    "label": "준식별자"
                }
            ]
        },
        {
            "sentence": "추가 처방: 메트포르민 서방정 500 mg 1정, 1일 2회 식후 투여로 90일 분 처방함.",
            "id": "sample_002_0071_000016",
            "annotations": []
        },
        {
            "sentence": "해열 진통 보조 처방: 아세트아미노펜 500 mg 필요 시 1정, 일 최대 4회 이내로 사용 권장함.",
            "id": "sample_002_0071_000017",
            "annotations": []
        },
        {
            "sentence": "주사 및 수액 처치: 0.9% 생리식염수 500 ml 정맥주입 지시가 포함되었으며 필요 시 추가 수액 투여 가능함.",
            "id": "sample_002_0071_000018",
            "annotations": []
        },
        {
            "sentence": "약물 알레르기 주의: 페니실린 계열 약물은 과민반응 기왕력으로 사용 금기 처리함.",
            "id": "sample_002_0071_000019",
            "annotations": []
        },
        {
            "sentence": "추적관찰 계획: 외래 1개월 후 재방문 예약일 2026-01-15에 혈압 및 혈당 재평가 예정임.",
            "id": "sample_002_0071_000020",
            "annotations": [
                {
                    "word": "2026-01-15",
                    "start": 26,
                    "end": 36,
                    "label": "준식별자"
                }
            ]
        },
        {
            "sentence": "의무기록 비고: 환자교육 자료와 식이조절, 운동 처방문이 동봉되었으며 환자에게 구두 교육을 시행함.",
            "id": "sample_002_0071_000021",
            "annotations": []
        },
        {
            "sentence": "결재 및 내부메모: 담당 수석관리자 승인: 류성수, 문서식별코드 002_0071로 내부 결재 완료됨.",
            "id": "sample_002_0071_000022",
            "annotations": [
                {
                    "word": "담당 수석관리자 승인: 류성수",
                    "start": 11,
                    "end": 27,
                    "label": "기밀정보"
                },
                {
                    "word": "류성수",
                    "start": 24,
                    "end": 27,
                    "label": "개인정보"
                }
            ]
        },
        {
            "sentence": "시스템 기록: 파일 경로 \\\\intranet\\\\records\\\\002_0071\\\\오원준.pdf에 전자문서가 저장되어 있으며 접근계정 emr_admin으로 등록됨.",
            "id": "sample_002_0071_000023",
            "annotations": [
                {
                    "word": "\\\\intranet\\\\records\\\\002_0071\\\\오원준.pdf",
                    "start": 14,
                    "end": 52,
                    "label": "기밀정보"
                },
                {
                    "word": "emr_admin",
                    "start": 74,
                    "end": 83,
                    "label": "기밀정보"
                },
                {
                    "word": "오원준",
                    "start": 45,
                    "end": 48,
                    "label": "개인정보"
                }
            ]
        },
        {
            "sentence": "네트워크 및 보안 로그: VPN 접속 IP 10.0.0.12 및 내부 서버 IP 192.168.10.5에 대한 접속 기록이 존재함.",
            "id": "sample_002_0071_000024",
            "annotations": [
                {
                    "word": "10.0.0.12",
                    "start": 24,
                    "end": 33,
                    "label": "기밀정보"
                },
                {
                    "word": "192.168.10.5",
                    "start": 45,
                    "end": 57,
                    "label": "기밀정보"
                }
            ]
        },
        {
            "sentence": "작성자 정보: 사번 20241234, 작성자 심루호가 문서를 입력하였으며 내부 연락처 내선 212가 기재됨.",
            "id": "sample_002_0071_000025",
            "annotations": [
                {
                    "word": "20241234",
                    "start": 11,
                    "end": 19,
                    "label": "개인정보"
                },
                {
                    "word": "심루호",
                    "start": 25,
                    "end": 28,
                    "label": "개인정보"
                }
            ]
        },
        {
            "sentence": "환자 동의: 본 진료기록은 개인정보보호법 및 의료법에 따라 환자 동의 없이 제3자 제공이 제한됨을 명시함.",
            "id": "sample_002_0071_000026",
            "annotations": []
        },
        {
            "sentence": "문서 작성일 2025-12-15 및 검토자 우초원이 최종 확인하였음.",
            "id": "sample_002_0071_000027",
            "annotations": [
                {
                    "word": "2025-12-15",
                    "start": 7,
                    "end": 17,
                    "label": "준식별자"
                },
                {
                    "word": "우초원",
                    "start": 24,
                    "end": 27,
                    "label": "개인정보"
                }
            ]
        },
        {
            "sentence": "보관 및 폐기: 전자기록은 병원 내부 규정에 따라 5년간 보관 후 폐기하며 외부 공유 시 익명화 절차를 준수함.",
            "id": "sample_002_0071_000028",
            "annotations": []
        }
    ]
}