{
    "document_id": "002_0062",
    "document_title": "외래 진료 및 검사 종합 기록지",
    "data": [
        {
            "sentence": "외래 진료 및 검사에 대한 종합 기록지입니다.",
            "id": "sample_002_0062_000001",
            "annotations": []
        },
        {
            "sentence": "문서 작성일: 2025-11-20.",
            "id": "sample_002_0062_000002",
            "annotations": [
                {
                    "word": "2025",
                    "start": 8,
                    "end": 12,
                    "label": "준식별자"
                },
                {
                    "word": "11",
                    "start": 13,
                    "end": 15,
                    "label": "준식별자"
                },
                {
                    "word": "20",
                    "start": 8,
                    "end": 10,
                    "label": "준식별자"
                },
                {
                    "word": "20",
                    "start": 16,
                    "end": 18,
                    "label": "준식별자"
                }
            ]
        },
        {
            "sentence": "환자 정보: 이름 양가림, 생년월일 1990-01-01, 성별 여성.",
            "id": "sample_002_0062_000003",
            "annotations": [
                {
                    "word": "양가림",
                    "start": 10,
                    "end": 13,
                    "label": "개인정보"
                },
                {
                    "word": "1990",
                    "start": 20,
                    "end": 24,
                    "label": "준식별자"
                },
                {
                    "word": "01",
                    "start": 25,
                    "end": 27,
                    "label": "준식별자"
                },
                {
                    "word": "01",
                    "start": 28,
                    "end": 30,
                    "label": "준식별자"
                },
                {
                    "word": "여성",
                    "start": 35,
                    "end": 37,
                    "label": "준식별자"
                }
            ]
        },
        {
            "sentence": "주민등록번호: 900101-1234567, 사번 EMP2025-0456.",
            "id": "sample_002_0062_000004",
            "annotations": [
                {
                    "word": "900101-1234567",
                    "start": 8,
                    "end": 22,
                    "label": "개인정보"
                },
                {
                    "word": "EMP2025-0456",
                    "start": 27,
                    "end": 39,
                    "label": "개인정보"
                }
            ]
        },
        {
            "sentence": "주소: 서울특별시 강남구 역삼동 123-45, 상세주소 포함.",
            "id": "sample_002_0062_000005",
            "annotations": [
                {
                    "word": "서울특별시 강남구 역삼동 123-45",
                    "start": 4,
                    "end": 24,
                    "label": "개인정보"
                },
                {
                    "word": "서울특별시",
                    "start": 4,
                    "end": 9,
                    "label": "준식별자"
                },
                {
                    "word": "강남구",
                    "start": 10,
                    "end": 13,
                    "label": "준식별자"
                },
                {
                    "word": "역삼동",
                    "start": 14,
                    "end": 17,
                    "label": "준식별자"
                }
            ]
        },
        {
            "sentence": "연락처: 010-1234-5678, 이메일 yang.garim@example.com.",
            "id": "sample_002_0062_000006",
            "annotations": [
                {
                    "word": "010-1234-5678",
                    "start": 5,
                    "end": 18,
                    "label": "개인정보"
                },
                {
                    "word": "yang.garim@example.com",
                    "start": 24,
                    "end": 46,
                    "label": "개인정보"
                }
            ]
        },
        {
            "sentence": "진료 접수일: 2025-11-20T09:30:00+09:00, 내원 경로: 외래접수.",
            "id": "sample_002_0062_000007",
            "annotations": [
                {
                    "word": "2025",
                    "start": 8,
                    "end": 12,
                    "label": "준식별자"
                },
                {
                    "word": "11",
                    "start": 13,
                    "end": 15,
                    "label": "준식별자"
                },
                {
                    "word": "20",
                    "start": 8,
                    "end": 10,
                    "label": "준식별자"
                },
                {
                    "word": "20",
                    "start": 16,
                    "end": 18,
                    "label": "준식별자"
                }
            ]
        },
        {
            "sentence": "주호소: 2주간 지속된 기침과 발열, 호흡곤란 호소.",
            "id": "sample_002_0062_000008",
            "annotations": []
        },
        {
            "sentence": "현병력: 발열은 최고 38.7°C이며 가래는 녹색을 띔.",
            "id": "sample_002_0062_000009",
            "annotations": []
        },
        {
            "sentence": "과거력: 2019-06-15 급성기관지염 입원력(ICD-10 J20.9).",
            "id": "sample_002_0062_000010",
            "annotations": [
                {
                    "word": "2019",
                    "start": 5,
                    "end": 9,
                    "label": "준식별자"
                },
                {
                    "word": "06",
                    "start": 10,
                    "end": 12,
                    "label": "준식별자"
                },
                {
                    "word": "15",
                    "start": 13,
                    "end": 15,
                    "label": "준식별자"
                }
            ]
        },
        {
            "sentence": "알레르기: 페니실린 반응 없음.",
            "id": "sample_002_0062_000011",
            "annotations": []
        },
        {
            "sentence": "신체검진: 체온 38.2°C, 혈압 130/82 mmHg, 맥박 92회/분, 호흡수 20회/분.",
            "id": "sample_002_0062_000012",
            "annotations": []
        },
        {
            "sentence": "신체계측: 키 165 cm, 몸무게 62 kg, 혈액형 A+.",
            "id": "sample_002_0062_000013",
            "annotations": [
                {
                    "word": "165 cm",
                    "start": 8,
                    "end": 14,
                    "label": "준식별자"
                },
                {
                    "word": "62 kg",
                    "start": 20,
                    "end": 25,
                    "label": "준식별자"
                },
                {
                    "word": "A+",
                    "start": 31,
                    "end": 33,
                    "label": "준식별자"
                }
            ]
        },
        {
            "sentence": "임상진단: 폐렴 의심, 진단코드 J18.9 적용.",
            "id": "sample_002_0062_000014",
            "annotations": []
        },
        {
            "sentence": "검사 지시: 흉부 X선 촬영(2025-11-21), 혈액검사 CBC 및 CRP 채혈(2025-11-21).",
            "id": "sample_002_0062_000015",
            "annotations": [
                {
                    "word": "2025",
                    "start": 16,
                    "end": 20,
                    "label": "준식별자"
                },
                {
                    "word": "2025",
                    "start": 47,
                    "end": 51,
                    "label": "준식별자"
                },
                {
                    "word": "11",
                    "start": 21,
                    "end": 23,
                    "label": "준식별자"
                },
                {
                    "word": "11",
                    "start": 52,
                    "end": 54,
                    "label": "준식별자"
                },
                {
                    "word": "21",
                    "start": 24,
                    "end": 26,
                    "label": "준식별자"
                },
                {
                    "word": "21",
                    "start": 55,
                    "end": 57,
                    "label": "준식별자"
                }
            ]
        },
        {
            "sentence": "검사 결과(2025-11-21): 흉부 X선 소견 우하엽 침윤 의심, 백혈구 14.2 x10^9/L, CRP 8.5 mg/L.",
            "id": "sample_002_0062_000016",
            "annotations": [
                {
                    "word": "2025",
                    "start": 6,
                    "end": 10,
                    "label": "준식별자"
                },
                {
                    "word": "11",
                    "start": 11,
                    "end": 13,
                    "label": "준식별자"
                },
                {
                    "word": "21",
                    "start": 14,
                    "end": 16,
                    "label": "준식별자"
                }
            ]
        },
        {
            "sentence": "미생물 검사: 객담 배양에서 Streptococcus pneumoniae 동정.",
            "id": "sample_002_0062_000017",
            "annotations": []
        },
        {
            "sentence": "처방전: 아목시실린 500 mg 정제, 하루 3회 7일 투여; 해열제 아세트아미노펜 500 mg 필요시 투여.",
            "id": "sample_002_0062_000018",
            "annotations": []
        },
        {
            "sentence": "정맥 주사 처방: 세프트리악손 1 g IV 하루 1회 3일, 100 ml 생리식염수로 희석.",
            "id": "sample_002_0062_000019",
            "annotations": []
        },
        {
            "sentence": "약물주의: 신기능 저하시 용량조절 필요, 약물상호작용 확인함.",
            "id": "sample_002_0062_000020",
            "annotations": []
        },
        {
            "sentence": "입원 권고: 산소치료 및 정맥주사 요법 필요, 응급시는 119 응급처치 지시.",
            "id": "sample_002_0062_000021",
            "annotations": []
        },
        {
            "sentence": "퇴원 계획: 상태 호전시 2025-11-22 퇴원 예정, 외래 추적검사 예약 2025-12-05.",
            "id": "sample_002_0062_000022",
            "annotations": [
                {
                    "word": "2025",
                    "start": 14,
                    "end": 18,
                    "label": "준식별자"
                },
                {
                    "word": "2025",
                    "start": 43,
                    "end": 47,
                    "label": "준식별자"
                },
                {
                    "word": "11",
                    "start": 19,
                    "end": 21,
                    "label": "준식별자"
                },
                {
                    "word": "22",
                    "start": 22,
                    "end": 24,
                    "label": "준식별자"
                },
                {
                    "word": "12",
                    "start": 48,
                    "end": 50,
                    "label": "준식별자"
                },
                {
                    "word": "05",
                    "start": 51,
                    "end": 53,
                    "label": "준식별자"
                }
            ]
        },
        {
            "sentence": "추적검사 항목: 흉부 X선, CBC, CRP, 요추천자 필요시 시행.",
            "id": "sample_002_0062_000023",
            "annotations": []
        },
        {
            "sentence": "담당의: 조지홍, 수간호사: 윤가현, 행정담당자: 안승협.",
            "id": "sample_002_0062_000024",
            "annotations": [
                {
                    "word": "조지홍",
                    "start": 5,
                    "end": 8,
                    "label": "개인정보"
                },
                {
                    "word": "윤가현",
                    "start": 16,
                    "end": 19,
                    "label": "개인정보"
                },
                {
                    "word": "안승협",
                    "start": 28,
                    "end": 31,
                    "label": "개인정보"
                }
            ]
        },
        {
            "sentence": "내부 메모: 결재파일 경로 /srv/hospital/confidential/protocol_2025.docx, 서버 IP 10.10.10.5.",
            "id": "sample_002_0062_000025",
            "annotations": [
                {
                    "word": "/srv/hospital/confidential/protocol_2025.docx",
                    "start": 15,
                    "end": 60,
                    "label": "기밀정보"
                },
                {
                    "word": "10.10.10.5",
                    "start": 68,
                    "end": 78,
                    "label": "기밀정보"
                }
            ]
        },
        {
            "sentence": "재무 정보: 환자 부담금 입금 계좌번호 123-456-789012, 처리 담당자 백수.",
            "id": "sample_002_0062_000026",
            "annotations": [
                {
                    "word": "123-456-789012",
                    "start": 22,
                    "end": 36,
                    "label": "기밀정보"
                },
                {
                    "word": "백수",
                    "start": 45,
                    "end": 47,
                    "label": "개인정보"
                }
            ]
        },
        {
            "sentence": "통보 동의: 환자 본인 동의 확보, 연락 방법으로는 휴대전화와 이메일 사용 동의.",
            "id": "sample_002_0062_000027",
            "annotations": []
        },
        {
            "sentence": "환자 교육: 약 복용법 및 부작용 설명 제공, 필요시 응급실로 내원하도록 안내함.",
            "id": "sample_002_0062_000028",
            "annotations": []
        },
        {
            "sentence": "문서 저장 위치: 내부 전자의무기록 시스템, 접근 권한은 의료진으로 제한됨.",
            "id": "sample_002_0062_000029",
            "annotations": []
        },
        {
            "sentence": "작성자 서명: 문동진, 문서 검토자: 차도현, 최종 확인자: 안승협.",
            "id": "sample_002_0062_000030",
            "annotations": [
                {
                    "word": "문동진",
                    "start": 8,
                    "end": 11,
                    "label": "개인정보"
                },
                {
                    "word": "차도현",
                    "start": 21,
                    "end": 24,
                    "label": "개인정보"
                },
                {
                    "word": "안승협",
                    "start": 34,
                    "end": 37,
                    "label": "개인정보"
                }
            ]
        }
    ]
}