{
    "document_id": "002_0014",
    "document_title": "입원 및 외래 진료기록(내분비대사내과)",
    "data": [
        {
            "sentence": "입원 및 외래 진료기록 요약서입니다.",
            "id": "sample_002_0014_000001",
            "annotations": []
        },
        {
            "sentence": "환자명: 나광철; 의무기록번호: MRN-0008452; 주민등록번호: 981230-1234567; 생년월일: 1998-12-30; 성별: 남자; 연락처: 010-1234-5678; 이메일: nkgc@example.com.",
            "id": "sample_002_0014_000002",
            "annotations": [
                {
                    "word": "나광철",
                    "start": 5,
                    "end": 8,
                    "label": "개인정보"
                },
                {
                    "word": "MRN-0008452",
                    "start": 18,
                    "end": 29,
                    "label": "개인정보"
                },
                {
                    "word": "981230-1234567",
                    "start": 39,
                    "end": 53,
                    "label": "개인정보"
                },
                {
                    "word": "1998",
                    "start": 61,
                    "end": 65,
                    "label": "준식별자"
                },
                {
                    "word": "12",
                    "start": 41,
                    "end": 43,
                    "label": "준식별자"
                },
                {
                    "word": "12",
                    "start": 46,
                    "end": 48,
                    "label": "준식별자"
                },
                {
                    "word": "12",
                    "start": 66,
                    "end": 68,
                    "label": "준식별자"
                },
                {
                    "word": "12",
                    "start": 90,
                    "end": 92,
                    "label": "준식별자"
                },
                {
                    "word": "30",
                    "start": 43,
                    "end": 45,
                    "label": "준식별자"
                },
                {
                    "word": "30",
                    "start": 69,
                    "end": 71,
                    "label": "준식별자"
                },
                {
                    "word": "010-1234-5678",
                    "start": 86,
                    "end": 99,
                    "label": "개인정보"
                },
                {
                    "word": "nkgc@example.com",
                    "start": 106,
                    "end": 122,
                    "label": "개인정보"
                }
            ]
        },
        {
            "sentence": "주소: 서울특별시 서초구 반포동 77-1, 상세주소는 내부기록에 별도 보관합니다.",
            "id": "sample_002_0014_000003",
            "annotations": [
                {
                    "word": "서울특별시",
                    "start": 4,
                    "end": 9,
                    "label": "준식별자"
                },
                {
                    "word": "서초구",
                    "start": 10,
                    "end": 13,
                    "label": "준식별자"
                },
                {
                    "word": "반포동",
                    "start": 14,
                    "end": 17,
                    "label": "준식별자"
                }
            ]
        },
        {
            "sentence": "입원일: 2025-05-12, 퇴원일: 2025-05-20, 주진료과: 내분비대사내과.",
            "id": "sample_002_0014_000004",
            "annotations": [
                {
                    "word": "2025",
                    "start": 5,
                    "end": 9,
                    "label": "준식별자"
                },
                {
                    "word": "2025",
                    "start": 22,
                    "end": 26,
                    "label": "준식별자"
                },
                {
                    "word": "05",
                    "start": 10,
                    "end": 12,
                    "label": "준식별자"
                },
                {
                    "word": "05",
                    "start": 27,
                    "end": 29,
                    "label": "준식별자"
                },
                {
                    "word": "12",
                    "start": 13,
                    "end": 15,
                    "label": "준식별자"
                },
                {
                    "word": "20",
                    "start": 5,
                    "end": 7,
                    "label": "준식별자"
                },
                {
                    "word": "20",
                    "start": 22,
                    "end": 24,
                    "label": "준식별자"
                },
                {
                    "word": "20",
                    "start": 30,
                    "end": 32,
                    "label": "준식별자"
                }
            ]
        },
        {
            "sentence": "주치의: 주그린 (사번 20230456), 전화 내선 2412.",
            "id": "sample_002_0014_000005",
            "annotations": [
                {
                    "word": "주그린",
                    "start": 5,
                    "end": 8,
                    "label": "개인정보"
                },
                {
                    "word": "20230456",
                    "start": 13,
                    "end": 21,
                    "label": "개인정보"
                }
            ]
        },
        {
            "sentence": "담당간호사: 김도규; 투약 및 간호기록은 전자차트에 기재되어 있습니다.",
            "id": "sample_002_0014_000006",
            "annotations": [
                {
                    "word": "김도규",
                    "start": 7,
                    "end": 10,
                    "label": "개인정보"
                }
            ]
        },
        {
            "sentence": "과거력: 고혈압 및 제2형 당뇨병 병력이 있으며 진단코드 I10, E11.9로 표기되어 있습니다.",
            "id": "sample_002_0014_000007",
            "annotations": []
        },
        {
            "sentence": "신체검진: 키 172 cm, 체중 68 kg, 체질량지수 23.0, 혈액형 A+.",
            "id": "sample_002_0014_000008",
            "annotations": [
                {
                    "word": "172 cm",
                    "start": 8,
                    "end": 14,
                    "label": "준식별자"
                },
                {
                    "word": "68 kg",
                    "start": 19,
                    "end": 24,
                    "label": "준식별자"
                },
                {
                    "word": "A+",
                    "start": 42,
                    "end": 44,
                    "label": "준식별자"
                }
            ]
        },
        {
            "sentence": "검사일: 2025-05-13, 검사번호 LAB-20250513-0098, 혈액검사 결과가 입력되었습니다.",
            "id": "sample_002_0014_000009",
            "annotations": [
                {
                    "word": "2025",
                    "start": 5,
                    "end": 9,
                    "label": "준식별자"
                },
                {
                    "word": "2025",
                    "start": 26,
                    "end": 30,
                    "label": "준식별자"
                },
                {
                    "word": "05",
                    "start": 10,
                    "end": 12,
                    "label": "준식별자"
                },
                {
                    "word": "05",
                    "start": 30,
                    "end": 32,
                    "label": "준식별자"
                },
                {
                    "word": "13",
                    "start": 13,
                    "end": 15,
                    "label": "준식별자"
                },
                {
                    "word": "13",
                    "start": 32,
                    "end": 34,
                    "label": "준식별자"
                }
            ]
        },
        {
            "sentence": "검사소견: Hb 13.2 g/dL, WBC 6.1 x10^3/µL, 혈청크레아티닌 0.9 mg/dL, 공복혈당 142 mg/dL.",
            "id": "sample_002_0014_000010",
            "annotations": []
        },
        {
            "sentence": "영상검사: 흉부 X-ray(2025-05-14) 상 폐야음성으로 명시되어 추가 관찰 권고.",
            "id": "sample_002_0014_000011",
            "annotations": [
                {
                    "word": "2025",
                    "start": 15,
                    "end": 19,
                    "label": "준식별자"
                },
                {
                    "word": "05",
                    "start": 20,
                    "end": 22,
                    "label": "준식별자"
                },
                {
                    "word": "14",
                    "start": 23,
                    "end": 25,
                    "label": "준식별자"
                }
            ]
        },
        {
            "sentence": "처방: Amlodipine 5 mg PO qd, Metformin 500 mg PO bid, Omeprazole 20 mg PO qd, Salbutamol 100 µg 흡입 PRN.",
            "id": "sample_002_0014_000012",
            "annotations": []
        },
        {
            "sentence": "주사·수액: 비타민K 10 mg IV, 생리식염수 500 ml IV stat.",
            "id": "sample_002_0014_000013",
            "annotations": []
        },
        {
            "sentence": "퇴원시 처방전 및 복약지도는 환자에게 구두로 설명되었으며, 조제 관련 문의는 약국 031-9987-1122로 연락하십시오.",
            "id": "sample_002_0014_000014",
            "annotations": []
        },
        {
            "sentence": "외래추적관찰 예약일: 2025-06-03 오전 09:00, 방문부서: 내분비대사내과 외래.",
            "id": "sample_002_0014_000015",
            "annotations": [
                {
                    "word": "2025",
                    "start": 12,
                    "end": 16,
                    "label": "준식별자"
                },
                {
                    "word": "06",
                    "start": 17,
                    "end": 19,
                    "label": "준식별자"
                },
                {
                    "word": "03",
                    "start": 20,
                    "end": 22,
                    "label": "준식별자"
                }
            ]
        },
        {
            "sentence": "동의서 서명: 환자 나광철, 서명일 2025-05-12, 의료행위 설명 및 동의 내용은 의무기록에 기록됨.",
            "id": "sample_002_0014_000016",
            "annotations": [
                {
                    "word": "나광철",
                    "start": 11,
                    "end": 14,
                    "label": "개인정보"
                },
                {
                    "word": "2025",
                    "start": 20,
                    "end": 24,
                    "label": "준식별자"
                },
                {
                    "word": "05",
                    "start": 25,
                    "end": 27,
                    "label": "준식별자"
                },
                {
                    "word": "12",
                    "start": 28,
                    "end": 30,
                    "label": "준식별자"
                }
            ]
        },
        {
            "sentence": "진료비 결제 및 계좌 정보: 계좌번호 123-456-789012, 담당자 곽재호.",
            "id": "sample_002_0014_000017",
            "annotations": [
                {
                    "word": "123-456-789012",
                    "start": 21,
                    "end": 35,
                    "label": "기밀정보"
                },
                {
                    "word": "곽재호",
                    "start": 41,
                    "end": 44,
                    "label": "개인정보"
                }
            ]
        },
        {
            "sentence": "내부메모: 문서관리 코드는 CONF-2025-05-12-0845이며 내부결재가 필요합니다.",
            "id": "sample_002_0014_000018",
            "annotations": []
        },
        {
            "sentence": "시스템 기밀정보: 의료정보시스템 접속계정 admin_hosp, VPN 주소 vpn.hospital.internal.",
            "id": "sample_002_0014_000019",
            "annotations": [
                {
                    "word": "admin_hosp",
                    "start": 23,
                    "end": 33,
                    "label": "기밀정보"
                },
                {
                    "word": "vpn.hospital.internal",
                    "start": 42,
                    "end": 63,
                    "label": "기밀정보"
                }
            ]
        },
        {
            "sentence": "서버 IP와 내부 네트워크 정보가 표기됨: 192.168.10.12; 외부 유출시 보안상 위험합니다.",
            "id": "sample_002_0014_000020",
            "annotations": [
                {
                    "word": "192.168.10.12",
                    "start": 24,
                    "end": 37,
                    "label": "기밀정보"
                }
            ]
        },
        {
            "sentence": "간호기록 중 비상연락처: 연락처명 이성, 관계: 형, 연락처 010-8765-4321.",
            "id": "sample_002_0014_000021",
            "annotations": [
                {
                    "word": "이성",
                    "start": 19,
                    "end": 21,
                    "label": "개인정보"
                },
                {
                    "word": "010-8765-4321",
                    "start": 34,
                    "end": 47,
                    "label": "개인정보"
                }
            ]
        },
        {
            "sentence": "알레르기: 페니실린에 대한 즉시형 과민반응 병력 기재.",
            "id": "sample_002_0014_000022",
            "annotations": []
        },
        {
            "sentence": "퇴원요약 진단명: 위식도역류질환 K21.9; 치료경과 및 권고사항이 포함되어 있습니다.",
            "id": "sample_002_0014_000023",
            "annotations": []
        },
        {
            "sentence": "복용중인 약제 복약확인: Metformin 500 mg, Amlodipine 5 mg, Omeprazole 20 mg을 복용중입니다.",
            "id": "sample_002_0014_000024",
            "annotations": []
        },
        {
            "sentence": "문서 작성자: 주그린, 작성일 2025-05-20, 문서 보관은 전자의무기록 시스템에 보관됩니다.",
            "id": "sample_002_0014_000025",
            "annotations": [
                {
                    "word": "주그린",
                    "start": 8,
                    "end": 11,
                    "label": "개인정보"
                },
                {
                    "word": "2025",
                    "start": 17,
                    "end": 21,
                    "label": "준식별자"
                },
                {
                    "word": "05",
                    "start": 22,
                    "end": 24,
                    "label": "준식별자"
                },
                {
                    "word": "20",
                    "start": 17,
                    "end": 19,
                    "label": "준식별자"
                },
                {
                    "word": "20",
                    "start": 25,
                    "end": 27,
                    "label": "준식별자"
                }
            ]
        },
        {
            "sentence": "문서 관련 기밀 유출 방지 문구: 이 자료는 내부 보관용이며 외부 배포 금지입니다.",
            "id": "sample_002_0014_000026",
            "annotations": []
        },
        {
            "sentence": "환자에 대한 상담결과와 추후 권고사항은 전자의무기록에 상세히 기록되어 있습니다.",
            "id": "sample_002_0014_000027",
            "annotations": []
        },
        {
            "sentence": "문의 및 추가 정보는 담당자 주그린에게 전자우편 nkgc@example.com 또는 내선 2412로 연락 바랍니다.",
            "id": "sample_002_0014_000028",
            "annotations": [
                {
                    "word": "nkgc@example.com",
                    "start": 27,
                    "end": 43,
                    "label": "개인정보"
                },
                {
                    "word": "주그린",
                    "start": 16,
                    "end": 19,
                    "label": "개인정보"
                }
            ]
        }
    ]
}