{
    "document_id": "002_0089",
    "document_title": "외래 진료기록 및 검사결과 통합보고서",
    "data": [
        {
            "sentence": "문서 개요: 본 문서는 외래 진료기록과 검사결과를 통합하여 요약한 보고서입니다.",
            "id": "sample_002_0089_000001",
            "annotations": []
        },
        {
            "sentence": "환자 기본정보: 성명 류승유, 주민등록번호 850723-1234567.",
            "id": "sample_002_0089_000002",
            "annotations": [
                {
                    "word": "류승유",
                    "start": 12,
                    "end": 15,
                    "label": "개인정보"
                },
                {
                    "word": "850723-1234567",
                    "start": 24,
                    "end": 38,
                    "label": "개인정보"
                }
            ]
        },
        {
            "sentence": "출생일은 1985-07-23이며 성별은 남성으로 기록되었습니다.",
            "id": "sample_002_0089_000003",
            "annotations": [
                {
                    "word": "1985",
                    "start": 5,
                    "end": 9,
                    "label": "준식별자"
                },
                {
                    "word": "07",
                    "start": 10,
                    "end": 12,
                    "label": "준식별자"
                },
                {
                    "word": "23",
                    "start": 13,
                    "end": 15,
                    "label": "준식별자"
                },
                {
                    "word": "남성",
                    "start": 22,
                    "end": 24,
                    "label": "준식별자"
                }
            ]
        },
        {
            "sentence": "주소는 서울특별시 강남구 역삼동 123-45로 기재되어 있습니다.",
            "id": "sample_002_0089_000004",
            "annotations": [
                {
                    "word": "서울특별시 강남구 역삼동 123-45",
                    "start": 4,
                    "end": 24,
                    "label": "개인정보"
                },
                {
                    "word": "서울특별시",
                    "start": 4,
                    "end": 9,
                    "label": "준식별자"
                },
                {
                    "word": "강남구",
                    "start": 10,
                    "end": 13,
                    "label": "준식별자"
                },
                {
                    "word": "역삼동",
                    "start": 14,
                    "end": 17,
                    "label": "준식별자"
                }
            ]
        },
        {
            "sentence": "연락처는 010-1234-5678, 이메일은 ryuseungyu@example.com입니다.",
            "id": "sample_002_0089_000005",
            "annotations": [
                {
                    "word": "010-1234-5678",
                    "start": 5,
                    "end": 18,
                    "label": "개인정보"
                },
                {
                    "word": "ryuseungyu@example.com",
                    "start": 25,
                    "end": 47,
                    "label": "개인정보"
                }
            ]
        },
        {
            "sentence": "현재 주진료과는 서울중앙대학교병원 소화기내과이며 담당의는 손소예입니다.",
            "id": "sample_002_0089_000006",
            "annotations": [
                {
                    "word": "서울중앙대학교병원 소화기내과",
                    "start": 9,
                    "end": 24,
                    "label": "준식별자"
                },
                {
                    "word": "손소예",
                    "start": 32,
                    "end": 35,
                    "label": "개인정보"
                }
            ]
        },
        {
            "sentence": "간호사 기록 담당자는 박재의이며 간호 소견이 본 문서에 포함됩니다.",
            "id": "sample_002_0089_000007",
            "annotations": [
                {
                    "word": "박재의",
                    "start": 12,
                    "end": 15,
                    "label": "개인정보"
                }
            ]
        },
        {
            "sentence": "초진일 2025-12-01에 외래 내원하였고 통증 악화 소견으로 내시경 검사를 권유했습니다.",
            "id": "sample_002_0089_000008",
            "annotations": []
        },
        {
            "sentence": "진단명: 역류성식도염(K21.0) 및 위궤양(K25.9) 의심 소견으로 기록합니다.",
            "id": "sample_002_0089_000009",
            "annotations": []
        },
        {
            "sentence": "내시경 소견: 하부 식도 점막 미란 및 위 전정부 미세 궤양을 관찰하였습니다.",
            "id": "sample_002_0089_000010",
            "annotations": []
        },
        {
            "sentence": "검사 결과: CBC WBC 8.3 x10^9/L, Hb 13.5 g/dL, PLT 230 x10^9/L로 정상 범위입니다.",
            "id": "sample_002_0089_000011",
            "annotations": []
        },
        {
            "sentence": "생화학 검사: AST 22 U/L, ALT 18 U/L, BUN 12 mg/dL, Cr 0.9 mg/dL로 보고합니다.",
            "id": "sample_002_0089_000012",
            "annotations": []
        },
        {
            "sentence": "Helicobacter 검사: urease 검사 양성 소견으로 제균 치료가 권장됩니다.",
            "id": "sample_002_0089_000013",
            "annotations": []
        },
        {
            "sentence": "처방: 오메프라졸 20 mg, 1일 1회 식전 복용, 총 30정 처방하였습니다.",
            "id": "sample_002_0089_000014",
            "annotations": []
        },
        {
            "sentence": "추가 처방: 아목시실린 500 mg, 1회 1정, 1일 3회, 7일간 투여합니다.",
            "id": "sample_002_0089_000015",
            "annotations": []
        },
        {
            "sentence": "진통제: 이부프로펜 200 mg 필요 시 단회 사용을 지시하였습니다.",
            "id": "sample_002_0089_000016",
            "annotations": []
        },
        {
            "sentence": "투약 관련 주의사항과 약물 상호작용을 설명하고 환자 동의를 문서화하였습니다.",
            "id": "sample_002_0089_000017",
            "annotations": []
        },
        {
            "sentence": "신체 계측: 키 178 cm, 체중 78 kg, 혈액형 O+로 기록되어 있습니다.",
            "id": "sample_002_0089_000018",
            "annotations": [
                {
                    "word": "178 cm",
                    "start": 9,
                    "end": 15,
                    "label": "준식별자"
                },
                {
                    "word": "78 kg",
                    "start": 20,
                    "end": 25,
                    "label": "준식별자"
                },
                {
                    "word": "O+",
                    "start": 31,
                    "end": 33,
                    "label": "준식별자"
                }
            ]
        },
        {
            "sentence": "과거력: 위궤양 수술력 및 약물 알레르기 반응은 보고되지 않았습니다.",
            "id": "sample_002_0089_000019",
            "annotations": []
        },
        {
            "sentence": "사회력: 음주 빈도는 주 1-2회, 흡연은 과거 5년 전 중단하였다고 기재되었습니다.",
            "id": "sample_002_0089_000020",
            "annotations": []
        },
        {
            "sentence": "퇴원 및 추후 계획: 외래 추적관찰 2025-12-15 예약을 권유했습니다.",
            "id": "sample_002_0089_000021",
            "annotations": []
        },
        {
            "sentence": "의무기록 비고: 진료비 감액 관련 내부 결재선 검토가 필요하며 승인자는 신봉준입니다.",
            "id": "sample_002_0089_000022",
            "annotations": [
                {
                    "word": "신봉준",
                    "start": 40,
                    "end": 43,
                    "label": "개인정보"
                }
            ]
        },
        {
            "sentence": "시스템 보안: 내부 서버 접속IP 10.0.4.12 및 안전한 전송을 위한 VPN 사용을 권장합니다.",
            "id": "sample_002_0089_000023",
            "annotations": [
                {
                    "word": "10.0.4.12",
                    "start": 19,
                    "end": 28,
                    "label": "기밀정보"
                }
            ]
        },
        {
            "sentence": "파일 저장 경로 예시: /srv/confidential/002_0089/notes.pdf는 내부 전용 경로입니다.",
            "id": "sample_002_0089_000024",
            "annotations": [
                {
                    "word": "/srv/confidential/002_0089/notes.pdf",
                    "start": 13,
                    "end": 49,
                    "label": "기밀정보"
                }
            ]
        },
        {
            "sentence": "문서 작성자: 전자의무기록 작성자 지효경이 소견을 입력하였습니다.",
            "id": "sample_002_0089_000025",
            "annotations": [
                {
                    "word": "지효경",
                    "start": 19,
                    "end": 22,
                    "label": "개인정보"
                }
            ]
        },
        {
            "sentence": "간단 소견: 제산제 및 항생제 병용요법을 통해 2주 내 증상 호전이 예상됩니다.",
            "id": "sample_002_0089_000026",
            "annotations": []
        },
        {
            "sentence": "ICD-10 코드: K21.0, K25.9를 병록에 명시하고 추적 관찰을 권고합니다.",
            "id": "sample_002_0089_000027",
            "annotations": []
        },
        {
            "sentence": "환자 고유 이메일 및 전화번호를 통해 추적 연락을 시행할 예정입니다.",
            "id": "sample_002_0089_000028",
            "annotations": []
        },
        {
            "sentence": "문서 보관 및 접근 통제는 병원 내 개인정보 보호 정책에 따르며 외부유출 방지 대책을 시행합니다.",
            "id": "sample_002_0089_000029",
            "annotations": []
        },
        {
            "sentence": "문의사항은 원무팀으로 연락하거나 담당의 손소예에게 직접 문의하시기 바랍니다.",
            "id": "sample_002_0089_000030",
            "annotations": [
                {
                    "word": "손소예",
                    "start": 22,
                    "end": 25,
                    "label": "개인정보"
                }
            ]
        }
    ]
}