{
    "document_id": "036_0001",
    "document_title": "해운 및 항만 운영 합성 데이터세트 기술 보고서",
    "data": [
        {
            "sentence": "본 문서는 해운 및 항만 운영(domain: Shipping & Port Operations) 관련 합성 데이터셋 생성 절차와 품질제약을 기술하기 위해 작성되었습니다.",
            "id": "sample_036_0001_000001",
            "annotations": []
        },
        {
            "sentence": "문서는 AIS 위치, 선박 메타데이터, 항차정보, 화물명세서, 위험물 신고, 터미널 이벤트, 정비·검사 기록 및 환경모니터링을 포괄합니다.",
            "id": "sample_036_0001_000002",
            "annotations": []
        },
        {
            "sentence": "생성일은 2026-01-08T12:00:00Z이며 버전은 v1.0, 재현성 보장을 위한 random_seed=20260108_42를 메타데이터에 포함합니다.",
            "id": "sample_036_0001_000003",
            "annotations": []
        },
        {
            "sentence": "데이터 민감도는 'restricted'로 표기하고 보관만료일(retention_until)은 2031-01-08T00:00:00Z로 설정하였으며 역할기반 접근제어(RBAC)를 적용합니다.",
            "id": "sample_036_0001_000004",
            "annotations": []
        },
        {
            "sentence": "AIS_position 예시: latitude=35.101234 WGS84, longitude=129.041234 WGS84, speed=12.3 knots, course=087.5 deg, timestamp=2026-01-08T11:59:50Z.",
            "id": "sample_036_0001_000005",
            "annotations": []
        },
        {
            "sentence": "Vessel_metadata 예시: IMO=9900001, MMSI=123456789, callsign=HJKL, flag=KR, vessel_type=Container Ship, LOA=299.9 m, beam=48.0 m, draught=13.5 m.",
            "id": "sample_036_0001_000006",
            "annotations": []
        },
        {
            "sentence": "Voyage_info 예시: voyage_number=VY-20260108-01, port_of_departure=KRBSN (UN/LOCODE), port_of_arrival=KRPUS (UN/LOCODE), route_plan 포함.",
            "id": "sample_036_0001_000007",
            "annotations": []
        },
        {
            "sentence": "스케줄 타임스탬프는 ETA_UTC=2026-01-10T03:00:00Z, ETD_UTC=2026-01-10T18:00:00Z, ATA_UTC는 실운항 발생 시 기록됩니다.",
            "id": "sample_036_0001_000008",
            "annotations": []
        },
        {
            "sentence": "Cargo_manifest 요약: itemized_cargo는 컨테이너 3개, total_weight_kg=249600 kg, container_count=3, ISO6346_container_ids=[KRTU1234561, KRTU2345675, KRTU3456789].",
            "id": "sample_036_0001_000009",
            "annotations": []
        },
        {
            "sentence": "컨테이너별 중량(kg): KRTU1234561=80000 kg, KRTU2345675=90000 kg, KRTU3456789=79600 kg로 합산 시 total_weight_kg과 일치합니다.",
            "id": "sample_036_0001_000010",
            "annotations": []
        },
        {
            "sentence": "Dangerous_goods 보고: 해당 컨테이너 KRTU2345675에 UN_number=1993, IMDG_class=3, packing_group=III로 표기되어 포장그룹과 UN번호 연계 검증을 완료했습니다.",
            "id": "sample_036_0001_000011",
            "annotations": []
        },
        {
            "sentence": "Terminal_events 예: berth_allocation=Berth-12, planned_start_stowage_time=2026-01-10T04:00:00Z, finish_unstow_time=2026-01-10T16:30:00Z.",
            "id": "sample_036_0001_000012",
            "annotations": []
        },
        {
            "sentence": "Pilot_tug_events 예: pilot_onboard_time=2026-01-10T02:45:00Z, tug_assist_required=true, tug_ids=[TUG-42, TUG-43], 보조시간 및 연료소요량 기록 포함.",
            "id": "sample_036_0001_000013",
            "annotations": []
        },
        {
            "sentence": "Bunkering_events 예: fuel_type=IFO380, quantity_MT=150.0 MT, bunker_supplier=BusanBunker Co., supplier_account=123-456-78901234(내부 기록: 계좌번호).",
            "id": "sample_036_0001_000014",
            "annotations": [
                {
                    "word": "123-456-78901234",
                    "start": 110,
                    "end": 126,
                    "label": "기밀정보"
                }
            ]
        },
        {
            "sentence": "Maintenance_logs 예: work_type=aux_engine_overhaul, parts_changed=[FuelPump PN:FP-2201, Seal PN:SL-990], next_due_date=2027-07-15T00:00:00Z로 기록했습니다.",
            "id": "sample_036_0001_000015",
            "annotations": []
        },
        {
            "sentence": "Inspection_reports 예: classification_society=LR, survey_date=2026-01-05T09:00:00Z, deficiencies=['aux_fuel_leak_minor'], 시정조치 권고 포함.",
            "id": "sample_036_0001_000016",
            "annotations": []
        },
        {
            "sentence": "Customs_clearance 상태: status=Pending for inspection, manifest_reference=MAN-20260108-0001, 보관기간 규정에 따라 전자문서 보관 메타데이터 포함.",
            "id": "sample_036_0001_000017",
            "annotations": []
        },
        {
            "sentence": "Environmental_incidents 예: oil_spill_volume_L=0 L(보고된 누출 없음), emission_reports는 선박 별 SCR/EGCS 가동로그로 첨부합니다.",
            "id": "sample_036_0001_000018",
            "annotations": []
        },
        {
            "sentence": "Crew_manifest(익명화 기준): crew_count=5, 승무원(가명 표기): 주미자 (Nationality: KOR, Birth: 1985-06-15), 노태인 (Nationality: PHL, Birth: 1979-11-03), 류태규 (Nationality: IND, Birth: 1990-02-20), 차새빛 (Nationality: KOR, Birth: 1988-08-08), 허제린 (Nationality: VNM, Birth: 1992-12-01).",
            "id": "sample_036_0001_000019",
            "annotations": [
                {
                    "word": "주미자",
                    "start": 49,
                    "end": 52,
                    "label": "개인정보"
                },
                {
                    "word": "노태인",
                    "start": 92,
                    "end": 95,
                    "label": "개인정보"
                },
                {
                    "word": "류태규",
                    "start": 135,
                    "end": 138,
                    "label": "개인정보"
                },
                {
                    "word": "차새빛",
                    "start": 178,
                    "end": 181,
                    "label": "개인정보"
                },
                {
                    "word": "허제린",
                    "start": 221,
                    "end": 224,
                    "label": "개인정보"
                },
                {
                    "word": "KOR",
                    "start": 67,
                    "end": 70,
                    "label": "준식별자"
                },
                {
                    "word": "KOR",
                    "start": 196,
                    "end": 199,
                    "label": "준식별자"
                },
                {
                    "word": "PHL",
                    "start": 110,
                    "end": 113,
                    "label": "준식별자"
                },
                {
                    "word": "IND",
                    "start": 153,
                    "end": 156,
                    "label": "준식별자"
                },
                {
                    "word": "VNM",
                    "start": 239,
                    "end": 242,
                    "label": "준식별자"
                },
                {
                    "word": "1985-06-15",
                    "start": 79,
                    "end": 89,
                    "label": "준식별자"
                },
                {
                    "word": "1979-11-03",
                    "start": 122,
                    "end": 132,
                    "label": "준식별자"
                },
                {
                    "word": "1990-02-20",
                    "start": 165,
                    "end": 175,
                    "label": "준식별자"
                },
                {
                    "word": "1988-08-08",
                    "start": 208,
                    "end": 218,
                    "label": "준식별자"
                },
                {
                    "word": "1992-12-01",
                    "start": 251,
                    "end": 261,
                    "label": "준식별자"
                }
            ]
        },
        {
            "sentence": "Insurance_claims 예: claim_id=CLM-20260108-005, loss_amount_USD=125000.00, 피보험항목 및 손해내역 매핑파일 첨부.",
            "id": "sample_036_0001_000020",
            "annotations": []
        },
        {
            "sentence": "Bathymetry_survey 파일메타예시: filename=sector12.tif, filesize=12485760 bytes, checksum=sha256:3a5b..., repo_path=/srv/data/bathy/2026/sector12.tif, 측량 좌표계 및 메타 포함.",
            "id": "sample_036_0001_000021",
            "annotations": [
                {
                    "word": "/srv/data/bathy/2026/sector12.tif",
                    "start": 109,
                    "end": 142,
                    "label": "기밀정보"
                }
            ]
        },
        {
            "sentence": "VTS_alerts 예: alert_type=NAV_WARNING, severity=HIGH, timestamp=2026-01-08T11:58:12Z, alert_detail='unexpected_course_change detected exceeding safe_turn_radius'.",
            "id": "sample_036_0001_000022",
            "annotations": []
        },
        {
            "sentence": "데이터 품질 프로파일: AIS 간헐적 누락 비율=0.8% (범위 0.1–5%), 위치 드리프트 분포 평균 ±50 m, 지연(latency) 요구치는 관제용 최대 30 s로 설정했습니다.",
            "id": "sample_036_0001_000023",
            "annotations": []
        },
        {
            "sentence": "센서 노이즈 모델링은 AIS 스푸핑 플래그 태깅과 GPS 드리프트(±10–200 m) 및 레이더 오클루전 확률을 포함하여 이상탐지용 레이블을 부여했습니다.",
            "id": "sample_036_0001_000024",
            "annotations": []
        },
        {
            "sentence": "데이터 변환 예시는 JSON 기본형 이외에 EDI/EDIFACT 및 XML 예시를 제공하며 B/L, CMR 매핑 스키마 버전 관리를 병기합니다.",
            "id": "sample_036_0001_000025",
            "annotations": []
        },
        {
            "sentence": "보안·접근 제어 메타데이터 예: encryption_at_rest=AES-256, key_store_path=/etc/secure/vts/credentials, admin_account=vts_admin, 내부 서버IP=10.0.0.5로 표기했습니다.",
            "id": "sample_036_0001_000026",
            "annotations": [
                {
                    "word": "vts_admin",
                    "start": 104,
                    "end": 113,
                    "label": "기밀정보"
                },
                {
                    "word": "/etc/secure/vts/credentials",
                    "start": 61,
                    "end": 88,
                    "label": "기밀정보"
                },
                {
                    "word": "10.0.0.5",
                    "start": 123,
                    "end": 131,
                    "label": "기밀정보"
                }
            ]
        },
        {
            "sentence": "식별자 표준 준수 사항: IMO는 7자리, MMSI는 9자리, ISO6346 컨테이너번호 형식은 11문자(알파벳3+U+숫자7)로 생성·검증했습니다.",
            "id": "sample_036_0001_000027",
            "annotations": []
        },
        {
            "sentence": "규제·보고 필드(SOLAS, MARPOL)는 항만별 요구주기와 보관기간을 고려해 시나리오별 포함 또는 제외 처리된 샘플 레코드를 제공합니다.",
            "id": "sample_036_0001_000028",
            "annotations": []
        },
        {
            "sentence": "데이터 상호운용성 테스트용으로 EDI 메시지 예시와 XML 변환본, 그리고 JSON-LD 컨텍스트를 함께 첨부하여 시스템 연계성을 검증할 수 있게 구성했습니다.",
            "id": "sample_036_0001_000029",
            "annotations": []
        },
        {
            "sentence": "결론 및 권고: 운영자는 민감정보(승무원 실명·계좌번호·내부경로)를 접근제어 하에 관리하고 정기적 익명화 점검을 수행할 것을 권고하며 검토자: 공하원 (pseudonym)가 최종 확인합니다.",
            "id": "sample_036_0001_000030",
            "annotations": [
                {
                    "word": "공하원",
                    "start": 80,
                    "end": 83,
                    "label": "개인정보"
                }
            ]
        }
    ]
}