{
    "document_id": "036_0082",
    "document_title": "부산항 컨테이너터미널 통합운영보고서(2026-01-08)",
    "data": [
        {
            "sentence": "문서 개요: 본 문서는 해운 및 항만 운영(항행·정박·하역·규정준수)을 위한 통합 운영보고서이며 생성일과 버전, 재현성 메타데이터를 포함합니다.",
            "id": "sample_036_0082_000001",
            "annotations": []
        },
        {
            "sentence": "Vessel metadata(선박 메타데이터): IMO 9990001, MMSI 438001234, callsign HLXQ, flag Republic of Korea (KOR), vessel_type Container Ship, LOA 300.0 m, beam 48.0 m, draught 12.5 m.",
            "id": "sample_036_0082_000002",
            "annotations": []
        },
        {
            "sentence": "AIS_position (WGS84): latitude 35.123456, longitude 129.123456, speed 14.2 knots, course 87.5 deg, timestamp 2026-01-08T06:12:30Z.",
            "id": "sample_036_0082_000003",
            "annotations": []
        },
        {
            "sentence": "AIS 연속성: 동일 항로에서 2026-01-08T06:12:30Z~2026-01-08T06:17:30Z 간격으로 5초 단위 스트림을 시뮬레이션하며 AIS 간헐적 누락 비율은 0.8%로 모델링했습니다.",
            "id": "sample_036_0082_000004",
            "annotations": []
        },
        {
            "sentence": "Voyage info: voyage_number VYG-20260108-001, port_of_departure UN/LOCODE KRPUS, port_of_arrival UN/LOCODE KRINC, ETA_UTC 2026-01-09T03:00:00Z, ETD_UTC 2026-01-08T20:00:00Z.",
            "id": "sample_036_0082_000005",
            "annotations": []
        },
        {
            "sentence": "Cargo manifest 요약: total_weight_kg 512000 kg, container_count 16, ISO6346 container_ids [MSCU1234567, HLCU7654321, OOLU1357913, ABCU2468135, TGHU5550001].",
            "id": "sample_036_0082_000006",
            "annotations": []
        },
        {
            "sentence": "Itemized cargo: 컨테이너별 검증된 중량(kg)은 32000, 32000, 32000, 32000, 32000, 32000, 32000, 32000, 32000, 32000, 32000, 32000, 32000, 32000, 32000, 32000으로 합계 512000 kg로 total_weight와 일치합니다.",
            "id": "sample_036_0082_000007",
            "annotations": []
        },
        {
            "sentence": "Dangerous goods 신고: IMDG class 3 (Flammable liquid), UN 1993, Packing Group II; IMDG class 8 (Corrosive), UN 1824, Packing Group II; 각각 포장그룹 및 UN번호와 라벨을 매칭하여 검증했습니다.",
            "id": "sample_036_0082_000008",
            "annotations": []
        },
        {
            "sentence": "Terminal events: berth_allocation Berth-12, start_stowage_time 2026-01-09T04:10:00Z, finish_unstow_time 2026-01-09T18:45:00Z, 하역율 및 야간작업 플래그를 포함합니다.",
            "id": "sample_036_0082_000009",
            "annotations": []
        },
        {
            "sentence": "Pilot 및 Tug 이벤트: pilot_onboard_time 2026-01-08T19:05:00Z, tug_assist_required true, 예인선 2척 배치 및 예상 소요시간 00:25:00로 계획되었습니다.",
            "id": "sample_036_0082_000010",
            "annotations": []
        },
        {
            "sentence": "Bunkering events: fuel_type MGO, quantity_MT 35.4 MT, bunker_supplier Korea Bunker Co., bunkering_start 2026-01-08T21:00:00Z, bunkering_end 2026-01-08T21:40:00Z.",
            "id": "sample_036_0082_000011",
            "annotations": []
        },
        {
            "sentence": "Maintenance logs: work_type Main engine routine service, parts_changed [fuel_pump, oil_filter], maintenance_timestamp 2026-01-07T09:30:00Z, next_due_date 2026-07-07T00:00:00Z.",
            "id": "sample_036_0082_000012",
            "annotations": []
        },
        {
            "sentence": "Inspection reports: classification_society Korean Register (KR), last_survey 2025-12-15T10:00:00Z, reported_deficiencies none, 문서화된 검사보고서 메타데이터 포함.",
            "id": "sample_036_0082_000013",
            "annotations": []
        },
        {
            "sentence": "Customs clearance 상태: status CLEARED, manifest_reference MAN-20260108-0082, 신고서 보관 주기 및 포트별 규정에 따라 접근권한을 제한합니다.",
            "id": "sample_036_0082_000014",
            "annotations": []
        },
        {
            "sentence": "Environmental incidents: oil_spill_volume_L 0 L, emission_reports NOx 120 mg/Nm3, SOx 15 mg/Nm3, 실시간 환경 모니터링 로그 첨부.",
            "id": "sample_036_0082_000015",
            "annotations": []
        },
        {
            "sentence": "VTS alerts: alert_type AIS Anomaly, severity Medium, timestamp 2026-01-08T06:14:05Z, 이상탐지 태그와 스푸핑 플래그를 명시했습니다.",
            "id": "sample_036_0082_000016",
            "annotations": []
        },
        {
            "sentence": "Bathymetry survey 메타데이터: survey_file 부산항_수심_2025_12_01.tif, CRS WGS84, resolution 1 m, 파일체크섬 sha256:3a7b... 포함.",
            "id": "sample_036_0082_000017",
            "annotations": []
        },
        {
            "sentence": "터미널 위치(상세주소): 부산광역시 해운대구 우동 123-45에 위치한 컨테이너터미널로서 상세 주소는 접근·보안 통제 메타데이터에 등록되어 있습니다.",
            "id": "sample_036_0082_000018",
            "annotations": [
                {
                    "word": "부산광역시 해운대구 우동 123-45",
                    "start": 14,
                    "end": 34,
                    "label": "개인정보"
                }
            ]
        },
        {
            "sentence": "Crew manifest (승무원 명단) 파트1: crew_count 18, 승무원 예시 항목 민윤승(국적: 대한민국, 성별: 남, 생년월일: 1985-07-23, passport M12345678, phone 010-1234-5678, email miny@seafarer.kr).",
            "id": "sample_036_0082_000019",
            "annotations": [
                {
                    "word": "민윤승",
                    "start": 53,
                    "end": 56,
                    "label": "개인정보"
                },
                {
                    "word": "대한민국",
                    "start": 61,
                    "end": 65,
                    "label": "준식별자"
                },
                {
                    "word": "남",
                    "start": 71,
                    "end": 72,
                    "label": "준식별자"
                },
                {
                    "word": "1985-07-23",
                    "start": 80,
                    "end": 90,
                    "label": "준식별자"
                },
                {
                    "word": "M12345678",
                    "start": 101,
                    "end": 110,
                    "label": "개인정보"
                },
                {
                    "word": "010-1234-5678",
                    "start": 118,
                    "end": 131,
                    "label": "개인정보"
                },
                {
                    "word": "miny@seafarer.kr",
                    "start": 139,
                    "end": 155,
                    "label": "개인정보"
                }
            ]
        },
        {
            "sentence": "Crew manifest (승무원 명단) 파트2: 노모건(국적: 필리핀, 생년월일: 1990-02-15, passport P987654321, phone +63-912-345-6789, email nogo@seafarer.ph), 심석우(국적: 대한민국, 생년월일: 1978-11-05, passport S11122233, phone 010-2345-6789, email ssw@crew.kr).",
            "id": "sample_036_0082_000020",
            "annotations": [
                {
                    "word": "노모건",
                    "start": 28,
                    "end": 31,
                    "label": "개인정보"
                },
                {
                    "word": "필리핀",
                    "start": 36,
                    "end": 39,
                    "label": "준식별자"
                },
                {
                    "word": "1990-02-15",
                    "start": 47,
                    "end": 57,
                    "label": "준식별자"
                },
                {
                    "word": "P987654321",
                    "start": 68,
                    "end": 78,
                    "label": "개인정보"
                },
                {
                    "word": "+63-912-345-6789",
                    "start": 86,
                    "end": 102,
                    "label": "개인정보"
                },
                {
                    "word": "nogo@seafarer.ph",
                    "start": 110,
                    "end": 126,
                    "label": "개인정보"
                },
                {
                    "word": "심석우",
                    "start": 129,
                    "end": 132,
                    "label": "개인정보"
                },
                {
                    "word": "대한민국",
                    "start": 137,
                    "end": 141,
                    "label": "준식별자"
                },
                {
                    "word": "1978-11-05",
                    "start": 149,
                    "end": 159,
                    "label": "준식별자"
                },
                {
                    "word": "S11122233",
                    "start": 170,
                    "end": 179,
                    "label": "개인정보"
                },
                {
                    "word": "010-2345-6789",
                    "start": 187,
                    "end": 200,
                    "label": "개인정보"
                },
                {
                    "word": "ssw@crew.kr",
                    "start": 208,
                    "end": 219,
                    "label": "개인정보"
                }
            ]
        },
        {
            "sentence": "Crew manifest (승무원 명단) 파트3: 민선유(국적: 대한민국, 생년월일: 1992-05-12, passport R22334455, phone 010-3456-7890), 구동주(국적: 대한민국, 생년월일: 1988-03-30, passport K99887766, phone 010-4567-8901), 서보권(국적: 대한민국, 생년월일: 1980-01-01, passport Z33445566, phone 010-5678-9012).",
            "id": "sample_036_0082_000021",
            "annotations": [
                {
                    "word": "민선유",
                    "start": 28,
                    "end": 31,
                    "label": "개인정보"
                },
                {
                    "word": "대한민국",
                    "start": 36,
                    "end": 40,
                    "label": "준식별자"
                },
                {
                    "word": "대한민국",
                    "start": 110,
                    "end": 114,
                    "label": "준식별자"
                },
                {
                    "word": "대한민국",
                    "start": 184,
                    "end": 188,
                    "label": "준식별자"
                },
                {
                    "word": "1992-05-12",
                    "start": 48,
                    "end": 58,
                    "label": "준식별자"
                },
                {
                    "word": "R22334455",
                    "start": 69,
                    "end": 78,
                    "label": "개인정보"
                },
                {
                    "word": "010-3456-7890",
                    "start": 86,
                    "end": 99,
                    "label": "개인정보"
                },
                {
                    "word": "구동주",
                    "start": 102,
                    "end": 105,
                    "label": "개인정보"
                },
                {
                    "word": "1988-03-30",
                    "start": 122,
                    "end": 132,
                    "label": "준식별자"
                },
                {
                    "word": "K99887766",
                    "start": 143,
                    "end": 152,
                    "label": "개인정보"
                },
                {
                    "word": "010-4567-8901",
                    "start": 160,
                    "end": 173,
                    "label": "개인정보"
                },
                {
                    "word": "서보권",
                    "start": 176,
                    "end": 179,
                    "label": "개인정보"
                },
                {
                    "word": "1980-01-01",
                    "start": 196,
                    "end": 206,
                    "label": "준식별자"
                },
                {
                    "word": "Z33445566",
                    "start": 217,
                    "end": 226,
                    "label": "개인정보"
                },
                {
                    "word": "010-5678-9012",
                    "start": 234,
                    "end": 247,
                    "label": "개인정보"
                }
            ]
        },
        {
            "sentence": "내부 승인 이력 및 기밀 필드: 배선 정비비용 승인자 서보권(내부담당자) 명시, 결재서버 IP 10.0.4.12, 결재 계좌 110-987-654321, 이 값들은 내부 기밀로 분류됩니다.",
            "id": "sample_036_0082_000022",
            "annotations": [
                {
                    "word": "서보권",
                    "start": 30,
                    "end": 33,
                    "label": "기밀정보"
                },
                {
                    "word": "10.0.4.12",
                    "start": 53,
                    "end": 62,
                    "label": "기밀정보"
                },
                {
                    "word": "110-987-654321",
                    "start": 70,
                    "end": 84,
                    "label": "기밀정보"
                }
            ]
        },
        {
            "sentence": "데이터 무결성 및 이상탐지: AIS 스푸핑 의심 이벤트 2026-01-08T06:14:05Z에 탐지, 스푸핑 태그(spoofing_flag true)와 별도 레이블로 저장하여 탐지·학습용으로 제공합니다.",
            "id": "sample_036_0082_000023",
            "annotations": []
        },
        {
            "sentence": "규제보고: SOLAS 및 MARPOL 관련 신고서는 항만별 요구주기와 보관기간 규정에 따라 일부 포털에 익명요약본만 공개하고 원본은 접근제어 하에 보관합니다.",
            "id": "sample_036_0082_000024",
            "annotations": []
        },
        {
            "sentence": "데이터 상호운용성: 전송포맷은 JSON 기본, 요청시 EDIFACT 및 XML 샘플을 제공하며 메시지 스키마 버전관리(schema v1.0)를 적용합니다.",
            "id": "sample_036_0082_000025",
            "annotations": []
        },
        {
            "sentence": "센서 노이즈 모델: AIS 간헐적 누락 0.1~5% 분포(본 시나리오 0.8%), 위치 드리프트 ±45 m로 시뮬레이션, 실제 물리제약(최대속도, 선회반경)을 반영합니다.",
            "id": "sample_036_0082_000026",
            "annotations": []
        },
        {
            "sentence": "재현성 메타데이터: 생성일 2026-01-08T06:30:00Z, dataset_version v1.0, random_seed 824193, 보관 만료일 2028-01-08T00:00:00Z, 접근권한 role-based로 정의됩니다.",
            "id": "sample_036_0082_000027",
            "annotations": []
        },
        {
            "sentence": "결론 및 권고: 위험물 적재 시 포장그룹·UN번호 재검증, AIS 이상탐지 규칙 튜닝, 민감정보(승무원 PII, 내부IP, 계좌)는 암호화 및 역할기반 접근제어를 적용할 것을 권고합니다.",
            "id": "sample_036_0082_000028",
            "annotations": []
        },
        {
            "sentence": "운영문의 연락처: 항만 운영팀 operations@terminal.kr로 이메일 문의 가능하며, 운영 관련 민감정보 접근은 별도 인증 절차가 필요합니다.",
            "id": "sample_036_0082_000029",
            "annotations": [
                {
                    "word": "operations@terminal.kr",
                    "start": 17,
                    "end": 39,
                    "label": "개인정보"
                }
            ]
        }
    ]
}