{
    "document_id": "036_0079",
    "document_title": "부산항 합성 운항·하역·화물보고서 (Synthetic Operational & Cargo Report)",
    "data": [
        {
            "sentence": "본 문서는 해운 및 항만 운영 시나리오를 위한 합성 데이터 샘플을 제공하며, AIS, 화물명세, 터미널 이벤트 및 규제보고 관련 항목을 포함합니다.",
            "id": "sample_036_0079_000001",
            "annotations": []
        },
        {
            "sentence": "Vessel metadata: IMO 9990001, MMSI 999000001, callsign CALL1234, flag: Republic of Korea, vessel_type: Container Ship, LOA: 199.5 m, beam: 32.2 m, draught: 10.5 m.",
            "id": "sample_036_0079_000002",
            "annotations": [
                {
                    "word": "IMO 9990001",
                    "start": 17,
                    "end": 28,
                    "label": "기밀정보"
                },
                {
                    "word": "MMSI 999000001",
                    "start": 30,
                    "end": 44,
                    "label": "기밀정보"
                },
                {
                    "word": "CALL1234",
                    "start": 55,
                    "end": 63,
                    "label": "기밀정보"
                }
            ]
        },
        {
            "sentence": "Voyage info: voyage_number VN-20260123-01, port_of_departure_UNLOCODE KRPUS, port_of_arrival_UNLOCODE KRKOA, ETA_UTC 2026-01-25T06:00:00Z, ETD_UTC 2026-01-25T20:00:00Z.",
            "id": "sample_036_0079_000003",
            "annotations": []
        },
        {
            "sentence": "AIS_position sample: 35.098723 N, 129.075412 E (WGS84), speed_over_ground 12.3 knots, course_over_ground 087.5°, timestamp 2026-01-24T23:45:10Z.",
            "id": "sample_036_0079_000004",
            "annotations": []
        },
        {
            "sentence": "AIS_position follow-up: 35.100012 N, 129.087001 E (WGS84) at 2026-01-24T23:47:10Z, speed_over_ground 12.0 knots, course_over_ground adjusted to 089.0°, 거리 이동은 물리적 제약에 부합합니다.",
            "id": "sample_036_0079_000005",
            "annotations": []
        },
        {
            "sentence": "AIS 데이터 품질 노트: 간헐적 누락 비율 0.8% (모의값), 위치 드리프트 ±25 m (Gaussian), 시간 지연(latency) 평균 3.2 s로 시나리오에 주입되어 있습니다.",
            "id": "sample_036_0079_000006",
            "annotations": []
        },
        {
            "sentence": "Cargo manifest summary: itemized_cargo 포함, total_weight_kg 56000 kg, container_count 3, ISO6346_container_ids: TESTU0000015, TESTU0000023, TESTU0000031; 모든 중량 단위는 kg로 표기합니다.",
            "id": "sample_036_0079_000007",
            "annotations": [
                {
                    "word": "TESTU0000015",
                    "start": 111,
                    "end": 123,
                    "label": "기밀정보"
                },
                {
                    "word": "TESTU0000023",
                    "start": 125,
                    "end": 137,
                    "label": "기밀정보"
                },
                {
                    "word": "TESTU0000031",
                    "start": 139,
                    "end": 151,
                    "label": "기밀정보"
                }
            ]
        },
        {
            "sentence": "Container weight details: TESTU0000015 = 20000 kg, TESTU0000023 = 18000 kg, TESTU0000031 = 18000 kg; 개별 중량 합계 56000 kg로 총중량과 일치함을 검증했습니다.",
            "id": "sample_036_0079_000008",
            "annotations": []
        },
        {
            "sentence": "Dangerous goods manifest: TESTU0000023 contains UN1203 (Petrol), IMDG_class 3, packing_group II; TESTU0000031 contains UN3082 (Environmentally Hazardous Substance), IMDG_class 9, packing_group III.",
            "id": "sample_036_0079_000009",
            "annotations": []
        },
        {
            "sentence": "Terminal events: berth_allocation: Berth B-12, start_stowage_time 2026-01-25T07:30:00Z, finish_unstow_time 2026-01-25T16:45:00Z, 야간 작업 여부 및 하역율이 이벤트에 기록됩니다.",
            "id": "sample_036_0079_000010",
            "annotations": []
        },
        {
            "sentence": "Pilot and tug events: pilot_onboard_time 2026-01-25T06:45:00Z, tug_assist_required true, 지원 소요선 수 2척(tugs), 로그는 ISO 8601 UTC로 표기됩니다.",
            "id": "sample_036_0079_000011",
            "annotations": []
        },
        {
            "sentence": "Bunkering events: fuel_type MGO, quantity_MT 45.0 MT, bunker_supplier BunkerCo Ltd., bunkering_start 2026-01-25T08:10:00Z, bunkering_end 2026-01-25T09:05:00Z.",
            "id": "sample_036_0079_000012",
            "annotations": [
                {
                    "word": "BunkerCo Ltd.",
                    "start": 70,
                    "end": 83,
                    "label": "기밀정보"
                }
            ]
        },
        {
            "sentence": "Maintenance logs: work_type Main Engine fuel filter 교체, parts_changed: fuel_filter_model FF-450A, work_completed 2026-01-20T14:00:00Z, next_due_date 2026-07-20T00:00:00Z.",
            "id": "sample_036_0079_000013",
            "annotations": []
        },
        {
            "sentence": "Inspection reports: classification_society KRS, deficiencies noted: 2건(연료 누유 점검 권고 포함), report_id KRS-2026-03, inspection_date 2026-01-18T10:30:00Z.",
            "id": "sample_036_0079_000014",
            "annotations": [
                {
                    "word": "KRS-2026-03",
                    "start": 98,
                    "end": 109,
                    "label": "기밀정보"
                }
            ]
        },
        {
            "sentence": "Customs clearance: status Pending, manifest_reference MF-2026-PUS-0007, 보세장치 필요 여부 및 신고서 제출 이력은 관련 필드에 포함됩니다.",
            "id": "sample_036_0079_000015",
            "annotations": []
        },
        {
            "sentence": "Environmental incidents: oil_spill_volume_L 0 L 보고됨(주요 유출 없음), emission_reports 포함(연료 연소량 및 NOx 배출 추적 데이터 첨부 가능).",
            "id": "sample_036_0079_000016",
            "annotations": []
        },
        {
            "sentence": "Crew manifest: crew_count 12, 명단 예시 강승혁, 송세리, 국적 표기: 대한민국 등, 모든 PII 항목은 로그에 익명화·가명화 규칙을 적용하여 저장합니다.",
            "id": "sample_036_0079_000017",
            "annotations": [
                {
                    "word": "강승혁",
                    "start": 36,
                    "end": 39,
                    "label": "개인정보"
                },
                {
                    "word": "송세리",
                    "start": 41,
                    "end": 44,
                    "label": "개인정보"
                },
                {
                    "word": "대한민국",
                    "start": 53,
                    "end": 57,
                    "label": "준식별자"
                }
            ]
        },
        {
            "sentence": "Crew PII 처리: 실제 운영 데이터는 해시+salt 처리로 저장하며 본 합성 예시는 지침 준수를 위해 이름 목록을 시나리오용으로 사용했습니다.",
            "id": "sample_036_0079_000018",
            "annotations": []
        },
        {
            "sentence": "Insurance claims: claim_id CLAIM-2026-0001, loss_amount_USD 125000.00, 클레임 발생일 2026-01-24T00:00:00Z, 관련 증빙은 별도 보안 저장소에 보관됩니다.",
            "id": "sample_036_0079_000019",
            "annotations": [
                {
                    "word": "CLAIM-2026-0001",
                    "start": 27,
                    "end": 42,
                    "label": "기밀정보"
                }
            ]
        },
        {
            "sentence": "Bathymetry survey metadata: survey_id BATH-2025-11-A, file_refs: ['survey_TILE_35N_129E.geojson'], resolution 1 m, 수심 단위 m로 표기, 좌표계 WGS84.",
            "id": "sample_036_0079_000020",
            "annotations": []
        },
        {
            "sentence": "VTS alerts: alert_type 'CPA Warning', severity Medium, timestamp 2026-01-24T23:46:10Z, 관제용 최대 허용 지연은 5초~1분 사이로 시나리오별 정의가 가능합니다.",
            "id": "sample_036_0079_000021",
            "annotations": []
        },
        {
            "sentence": "보안 및 접근제어 메타데이터: data_sensitivity 'confidential', retention_policy 5 years, access_roles ['PortOperator','Customs','PilotService']로 권한 관리 표기가 포함됩니다.",
            "id": "sample_036_0079_000022",
            "annotations": []
        },
        {
            "sentence": "데이터셋 재현성 메타: 생성일 2026-01-24T23:50:00Z, version 1.0, random_seed 482910, 모든 시뮬레이션은 seed로 재현 가능하도록 기록합니다.",
            "id": "sample_036_0079_000023",
            "annotations": []
        },
        {
            "sentence": "센서 노이즈·지연 모델: AIS 신호 드롭아웃 확률 0.8%, position drift ±25 m (normal), timestamp jitter 평균 1.2 s; 스푸핑 탐지 태그는 별도 필드로 제공됩니다.",
            "id": "sample_036_0079_000024",
            "annotations": []
        },
        {
            "sentence": "항행 연속성 및 물리적 제약: 최대속도 제한 24.0 knots(시나리오 값), 횡회전 반경 및 가속도 한계는 선형 운동 모델로 적용되어 AIS 경로를 생성했습니다.",
            "id": "sample_036_0079_000025",
            "annotations": []
        },
        {
            "sentence": "컨테이너 중량 정합성 검증: 개별 컨테이너 중량 합계와 cargo_manifest.total_weight_kg 값이 일치하는지 자동화 체크를 수행했으며 불일치 시 알람을 발생시킵니다.",
            "id": "sample_036_0079_000026",
            "annotations": []
        },
        {
            "sentence": "규제·보고 필드 처리: SOLAS/MARPOL 신고서는 항만·노선별 보관주기 및 제출주기에 따라 시나리오별 포함 또는 제외가 가능하도록 메타데이터로 분기 처리합니다.",
            "id": "sample_036_0079_000027",
            "annotations": []
        },
        {
            "sentence": "메시지 상호운용성: 기본 포맷은 JSON이며 EDI/EDIFACT 및 XML 변환 예시는 별도 샘플로 제공됩니다(스키마 버전 관리 포함).",
            "id": "sample_036_0079_000028",
            "annotations": []
        },
        {
            "sentence": "AIS 스푸핑 또는 이상행동 표기: 이상탐지 태그 spooﬁng_flag true로 마크된 레코드는 별도 필드로 분리하여 분류·탐지 테스트에 사용 가능합니다.",
            "id": "sample_036_0079_000029",
            "annotations": []
        },
        {
            "sentence": "결론 및 조치사항: 데이터 접근 제어 강화, 정기적 일치성 검증, SOLAS/MARPOL 규정 준수 검토 및 시나리오 기반 이상탐지 규칙 튜닝을 권고합니다.",
            "id": "sample_036_0079_000030",
            "annotations": []
        }
    ]
}