{
    "document_id": "036_0004",
    "document_title": "합성 선박 운항 및 항만 운영 로그(규정준수 포함)",
    "data": [
        {
            "sentence": "문서 개요: 본 문서는 해운 및 항만 운영을 위한 합성 운항·하역·규정 준수 기록을 포함합니다.",
            "id": "sample_036_0004_000001",
            "annotations": []
        },
        {
            "sentence": "생성 메타데이터: created_at 2026-01-08T12:00:00Z, version 1.0, random_seed 482913으로 재현성 확보를 기록합니다.",
            "id": "sample_036_0004_000002",
            "annotations": []
        },
        {
            "sentence": "데이터 민감도: CONFIDENTIAL, 보관 만료일 2031-01-07T23:59:59Z, 접근권한(role-based) 예: ['port_ops','marine_watch'].",
            "id": "sample_036_0004_000003",
            "annotations": []
        },
        {
            "sentence": "AIS_position: MMSI 123456789, IMO 1234567, callsign HLKJ, lat 35.096524, lon 129.036471, speed 12.5 knots, course 087.3°, timestamp 2026-01-08T11:58:55Z.",
            "id": "sample_036_0004_000004",
            "annotations": []
        },
        {
            "sentence": "AIS_position 연속성: MMSI 123456789, lat 35.097010, lon 129.037220, speed 12.8 knots, course 088.1°, timestamp 2026-01-08T11:59:25Z, 물리적 가속도 한계 반영.",
            "id": "sample_036_0004_000005",
            "annotations": []
        },
        {
            "sentence": "센서 노이즈·오류 모델: AIS 간헐적 누락 0.8%, 위치 드리프트 ±45m, 레이더 오클루전 및 스푸핑 태그(spoofing_flag:false) 포함.",
            "id": "sample_036_0004_000006",
            "annotations": []
        },
        {
            "sentence": "vessel_metadata: vessel_type CONTAINER, LOA 299.9 m, beam 32.2 m, draught 10.5 m, registered_flag KOR, callsign HLKJ, MMSI 123456789, IMO 1234567.",
            "id": "sample_036_0004_000007",
            "annotations": []
        },
        {
            "sentence": "voyage_info: voyage_number VYG-20260108-01, port_of_departure_UNLOCODE KRINC, port_of_arrival_UNLOCODE KRPUS, ETA_UTC 2026-01-09T03:00:00Z, ETD_UTC 2026-01-08T14:00:00Z.",
            "id": "sample_036_0004_000008",
            "annotations": []
        },
        {
            "sentence": "cargo_manifest: container_count 4, total_weight_kg 50000, containers: [MSCU1234561 weight_kg 15000, CSQU9876543 weight_kg 12000, HLCU0000005 weight_kg 18000, OOLU7654321 weight_kg 5000].",
            "id": "sample_036_0004_000009",
            "annotations": []
        },
        {
            "sentence": "dangerous_goods: container CSQU9876543 contains IMDG_class 3, UN_number 1993, packing_group II, dangerous_quantity_kg 12000, 적절한 포장그룹과 연계 검증 완료.",
            "id": "sample_036_0004_000010",
            "annotations": []
        },
        {
            "sentence": "terminal_events: berth_allocation berth A3 effective_from 2026-01-08T12:30:00Z, start_stowage_time 2026-01-08T13:00:00Z, finish_unstow_time 예정 2026-01-08T18:45:00Z.",
            "id": "sample_036_0004_000011",
            "annotations": []
        },
        {
            "sentence": "pilot_tug_events: pilot_onboard_time 2026-01-08T11:45:00Z, tug_assist_required true, tugs_assigned ['TUG-ALPHA','TUG-BETA'], 조치 로그 저장 기간 규정 준수 확인.",
            "id": "sample_036_0004_000012",
            "annotations": []
        },
        {
            "sentence": "bunkering_events: fuel_type MGO, quantity_MT 30.5, bunker_supplier Hanjin Bunker Co., 계좌번호: 111-222-333 (공급업체 결제정보는 기밀로 분류됨).",
            "id": "sample_036_0004_000013",
            "annotations": [
                {
                    "word": "계좌번호: 111-222-333",
                    "start": 86,
                    "end": 103,
                    "label": "기밀정보"
                }
            ]
        },
        {
            "sentence": "maintenance_logs: work_type engine_oil_change, parts_changed ['filter_X','seal_A3'], next_due_date 2026-07-01T00:00:00Z, 정비 로그는 암호화 저장.",
            "id": "sample_036_0004_000014",
            "annotations": []
        },
        {
            "sentence": "inspection_reports: classification_society KR Class, last_inspection 2025-12-15T09:00:00Z, deficiencies none, 검사보고는 규정 보관기간에 따라 관리.",
            "id": "sample_036_0004_000015",
            "annotations": []
        },
        {
            "sentence": "customs_clearance: status CLEARED, manifest_reference MAN-20260108-0001, 세관 신고 주기 및 보관기간에 따라 원본 및 전자사본 보관.",
            "id": "sample_036_0004_000016",
            "annotations": []
        },
        {
            "sentence": "environmental_incidents: oil_spill_volume_L 0, emission_reports {NOx_tonnes 0.45, SOx_tonnes 0.05}, 환경보고서와 MARPOL 관련 연동 상태 기록.",
            "id": "sample_036_0004_000017",
            "annotations": []
        },
        {
            "sentence": "crew_manifest: crew_count 16, nationalities ['대한민국','필리핀'], 주요 승무원 예: 윤승 (Chief Engineer), 노규은 (Deck Officer), 곽소이 (Cook).",
            "id": "sample_036_0004_000018",
            "annotations": [
                {
                    "word": "윤승",
                    "start": 70,
                    "end": 72,
                    "label": "개인정보"
                },
                {
                    "word": "노규은",
                    "start": 91,
                    "end": 94,
                    "label": "개인정보"
                },
                {
                    "word": "곽소이",
                    "start": 111,
                    "end": 114,
                    "label": "개인정보"
                }
            ]
        },
        {
            "sentence": "crew_personal: 윤승 생년월일 1985-06-12, 여권번호 M12345678, 주소 부산광역시 남구, 연락처 010-5555-1212, 이메일 yseung@example.com, 일부 PII는 테스트 목적으로 합성 처리함.",
            "id": "sample_036_0004_000019",
            "annotations": [
                {
                    "word": "윤승",
                    "start": 15,
                    "end": 17,
                    "label": "개인정보"
                },
                {
                    "word": "1985-06-12",
                    "start": 23,
                    "end": 33,
                    "label": "준식별자"
                },
                {
                    "word": "M12345678",
                    "start": 40,
                    "end": 49,
                    "label": "개인정보"
                },
                {
                    "word": "부산광역시",
                    "start": 54,
                    "end": 59,
                    "label": "준식별자"
                },
                {
                    "word": "남구",
                    "start": 60,
                    "end": 62,
                    "label": "준식별자"
                },
                {
                    "word": "010-5555-1212",
                    "start": 68,
                    "end": 81,
                    "label": "개인정보"
                },
                {
                    "word": "yseung@example.com",
                    "start": 87,
                    "end": 105,
                    "label": "개인정보"
                }
            ]
        },
        {
            "sentence": "insurance_claims: claim_id CLM-20260108-0001, loss_amount_USD 125000, 클레임 관련 문서는 접근권한 기반으로 분리 보관.",
            "id": "sample_036_0004_000020",
            "annotations": []
        },
        {
            "sentence": "인사정보 예시: 사번 EMP-2026-004 assigned to 윤승, 사번은 개인정보로 분류되며 내부 접근 통제로 보호됩니다.",
            "id": "sample_036_0004_000021",
            "annotations": [
                {
                    "word": "사번 EMP-2026-004",
                    "start": 9,
                    "end": 24,
                    "label": "개인정보"
                }
            ]
        },
        {
            "sentence": "bathymetry_survey: files ['survey_20260107.geojson'], CRS WGS84, file_size 12.4MB, 메타데이터에는 측정 시간과 장비 정보 포함.",
            "id": "sample_036_0004_000022",
            "annotations": []
        },
        {
            "sentence": "VTS_alerts: alert_type CONGESTION, severity MEDIUM, timestamp 2026-01-08T12:05:00Z, 관제 지연 허용치(예: <1분) 초과 여부 판정 로그 포함.",
            "id": "sample_036_0004_000023",
            "annotations": []
        },
        {
            "sentence": "데이터 상호운용성: 원본은 JSON 기반이며 EDIFACT 및 XML 변환 샘플을 함께 제공하여 EDI 연동 테스트에 사용합니다.",
            "id": "sample_036_0004_000024",
            "annotations": []
        },
        {
            "sentence": "규제보고: SOLAS VGM 총중량 50000 kg은 컨테이너 개별 중량 합계와 일치함을 검증했고 보관 주기 규정에 따라 기록됩니다.",
            "id": "sample_036_0004_000025",
            "annotations": []
        },
        {
            "sentence": "센서 이상탐지: 특정 AIS 메시지 패턴에서 스푸핑 의심도를 계산했으며, 알림은 등급·타임스탬프와 함께 저장됩니다.",
            "id": "sample_036_0004_000026",
            "annotations": []
        },
        {
            "sentence": "시스템 보안 메타: 내부서버 IP 10.10.100.5 및 모니터링 엔드포인트는 비공개로 분류되며 접근 로그는 별도 보관됩니다.",
            "id": "sample_036_0004_000027",
            "annotations": [
                {
                    "word": "내부서버 IP 10.10.100.5",
                    "start": 11,
                    "end": 30,
                    "label": "기밀정보"
                }
            ]
        },
        {
            "sentence": "운영내부결재선: 승인자 문은겸, VPN 주소: vpn.corp.internal, 내부 결재·통제 절차 문서는 기밀로 관리됩니다.",
            "id": "sample_036_0004_000028",
            "annotations": [
                {
                    "word": "문은겸",
                    "start": 13,
                    "end": 16,
                    "label": "개인정보"
                },
                {
                    "word": "운영내부결재선: 승인자 문은겸",
                    "start": 0,
                    "end": 16,
                    "label": "기밀정보"
                },
                {
                    "word": "VPN 주소: vpn.corp.internal",
                    "start": 18,
                    "end": 43,
                    "label": "기밀정보"
                }
            ]
        },
        {
            "sentence": "운영 담당자 연락: 담당자 곽소이, 연락처(마스킹) SHA256:3f786850e387550fdab836ed7e6dc881de23001b, 실제 연락처는 접근 권한자에게만 제공됩니다.",
            "id": "sample_036_0004_000029",
            "annotations": [
                {
                    "word": "곽소이",
                    "start": 15,
                    "end": 18,
                    "label": "개인정보"
                }
            ]
        },
        {
            "sentence": "결론 및 조치: 규정 준수 항목을 점검하고 민감정보(PII·계좌번호·내부서버 등)는 암호화·접근통제 후 보관할 것을 권고합니다.",
            "id": "sample_036_0004_000030",
            "annotations": []
        }
    ]
}