{
    "document_id": "085_0096",
    "document_title": "산업안전보건 사고보고서 및 시정조치 기록",
    "data": [
        {
            "sentence": "문서 개요: 본 보고서는 2025-01-15T09:23:00+09:00에 접수된 산업안전보건 사고 및 관련 시정조치 내역을 기록한다.",
            "id": "sample_085_0096_000001",
            "annotations": []
        },
        {
            "sentence": "사건 식별자 incident_id: INC-20250115-085_0096로 등록하였다.",
            "id": "sample_085_0096_000002",
            "annotations": []
        },
        {
            "sentence": "발생 장소: 울산제조공장 (facility), 위도 35.538000, 경도 129.311000으로 위치가 표준화되어 있다.",
            "id": "sample_085_0096_000003",
            "annotations": []
        },
        {
            "sentence": "위해요인(hazard_type): chemical로 분류하고 관련 통제어휘를 사용하였다.",
            "id": "sample_085_0096_000004",
            "annotations": []
        },
        {
            "sentence": "심각도(severity_level): major로 코드화하여 보고서 전반에 일관되게 적용하였다.",
            "id": "sample_085_0096_000005",
            "annotations": []
        },
        {
            "sentence": "영향자 개인정보(가명처리)와 준식별자: 성별 여성, 생년월일 1985-06-15, 직무 용접공으로 기재하였다.",
            "id": "sample_085_0096_000006",
            "annotations": [
                {
                    "word": "성별 여성",
                    "start": 22,
                    "end": 27,
                    "label": "준식별자"
                },
                {
                    "word": "1985-06-15",
                    "start": 34,
                    "end": 44,
                    "label": "준식별자"
                },
                {
                    "word": "용접공",
                    "start": 49,
                    "end": 52,
                    "label": "준식별자"
                }
            ]
        },
        {
            "sentence": "영향자 상세: employee_id EMP-2023-0456, 이름 유서빈, 부상유형 화상(2도)로 보고되었다.",
            "id": "sample_085_0096_000007",
            "annotations": [
                {
                    "word": "유서빈",
                    "start": 38,
                    "end": 41,
                    "label": "개인정보"
                },
                {
                    "word": "EMP-2023-0456",
                    "start": 20,
                    "end": 33,
                    "label": "개인정보"
                }
            ]
        },
        {
            "sentence": "근접오류 보고서 참조 near_miss_id NM-20241230-004가 사고 전 10분 내 접수되었다.",
            "id": "sample_085_0096_000008",
            "annotations": []
        },
        {
            "sentence": "위험성평가 참조 risk_assessment_id RA-2024-11-085, 평가결론과 권장통제가 첨부되어 있다.",
            "id": "sample_085_0096_000009",
            "annotations": []
        },
        {
            "sentence": "점검보고서 inspection_report_id INS-2025-01-15-1001, 점검자 송렌, 점검결과 환기팬 이상으로 기록하였다.",
            "id": "sample_085_0096_000010",
            "annotations": [
                {
                    "word": "송렌",
                    "start": 52,
                    "end": 54,
                    "label": "개인정보"
                }
            ]
        },
        {
            "sentence": "작업허가서 permit_to_work_id PTW-2025-01-15-07는 고압세척 범위로 2025-01-15T08:00:00+09:00부터 2025-01-15T10:00:00+09:00까지 유효하다.",
            "id": "sample_085_0096_000011",
            "annotations": []
        },
        {
            "sentence": "sds_id SDS-CL-045-2023, 물질명 N,N-디메틸폼아미드(DMF)의 MSDS가 참조되었으며 파일이 첨부되어 있다.",
            "id": "sample_085_0096_000012",
            "annotations": []
        },
        {
            "sentence": "시정조치 corrective_action_id CA-2025-0009는 상태 open, 담당자 엄택근, 완료기한 2025-02-01T17:00:00+09:00로 등록되었다; 고위험 항목으로 플래그됨.",
            "id": "sample_085_0096_000013",
            "annotations": [
                {
                    "word": "엄택근",
                    "start": 53,
                    "end": 56,
                    "label": "개인정보"
                }
            ]
        },
        {
            "sentence": "교육기록 training_record_id TR-2024-12-20-33, 과정명 위험물 취급안전, 수료일 2024-12-20T15:00:00+09:00, 수강자 EMP-2023-0456 및 EMP-2022-0345가 명시되었다.",
            "id": "sample_085_0096_000014",
            "annotations": [
                {
                    "word": "EMP-2023-0456",
                    "start": 91,
                    "end": 104,
                    "label": "개인정보"
                },
                {
                    "word": "EMP-2022-0345",
                    "start": 107,
                    "end": 120,
                    "label": "개인정보"
                }
            ]
        },
        {
            "sentence": "PPE 기록 ppe_record: 방염복, issued_date 2024-11-01T09:00:00+09:00, 발급자 조하라, 수령자 유서빈으로 기록되었다.",
            "id": "sample_085_0096_000015",
            "annotations": [
                {
                    "word": "유서빈",
                    "start": 76,
                    "end": 79,
                    "label": "개인정보"
                },
                {
                    "word": "조하라",
                    "start": 67,
                    "end": 70,
                    "label": "개인정보"
                }
            ]
        },
        {
            "sentence": "센서 로그 메타데이터: sensor_type H2S, 단위 ppm, 샘플링주기 PT1M(ISO8601), 타임존 Asia/Seoul, 이상값 아웃라이어와 결측치는 명시한다.",
            "id": "sample_085_0096_000016",
            "annotations": []
        },
        {
            "sentence": "센서 로그 예시 항목: timestamp 2025-01-15T09:15:00+09:00, sensor_type H2S, value 2.3 ppm, 상태 정상으로 기록되었다.",
            "id": "sample_085_0096_000017",
            "annotations": []
        },
        {
            "sentence": "동일 로그에서 이상치 항목: timestamp 2025-01-15T09:16:00+09:00, sensor_type H2S, value 9999 ppm(센서 오류로 처리), 해당 레코드는 제외 표기되었다.",
            "id": "sample_085_0096_000018",
            "annotations": []
        },
        {
            "sentence": "사진 첨부 메타: file_name incident_photo_20250115.jpg, mime_type image/jpeg, size_bytes 254321, checksum_sha256 3f5a8b1c9d4e6f7a2b3c4d5e6f7a8b9c0d1e2f3a4b5c6d7e8f9a0b1c2d3e4f5.",
            "id": "sample_085_0096_000019",
            "annotations": []
        },
        {
            "sentence": "규제 제출 보고 regulatory_report: submission_date 2025-01-16T10:00:00+09:00, regulator 고용노동부, 보고서번호 RR-2025-085로 접수되었다.",
            "id": "sample_085_0096_000020",
            "annotations": []
        },
        {
            "sentence": "감사추적 audit_trail entry_id AT-000321, user safety_admin, timestamp 2025-01-15T10:05:12+09:00, 변경 이력은 불변으로 보관된다.",
            "id": "sample_085_0096_000021",
            "annotations": [
                {
                    "word": "safety_admin",
                    "start": 42,
                    "end": 54,
                    "label": "기밀정보"
                }
            ]
        },
        {
            "sentence": "컴플라이언스 상태 compliance_status partial_noncompliance, 권고 이행률 60%, estimated_cost 5,400,000 KRW로 비용 추정하였다.",
            "id": "sample_085_0096_000022",
            "annotations": []
        },
        {
            "sentence": "완화 계획 mitigation_plan: 단기 환기 개선, 중기 밀폐 설계 변경, 책임자 임영훈, 목표기한 2025-06-30T23:59:59+09:00으로 설정되었다.",
            "id": "sample_085_0096_000023",
            "annotations": [
                {
                    "word": "임영훈",
                    "start": 50,
                    "end": 53,
                    "label": "개인정보"
                }
            ]
        },
        {
            "sentence": "증거 보관 정책: 보존기간 규제상 5년, 문서 버전 v1.2, 체인오브커스토디 및 무결성 검증 절차가 적용된다.",
            "id": "sample_085_0096_000024",
            "annotations": []
        },
        {
            "sentence": "접근 제어 및 권한: 보안 레벨 admin 및 reviewer로 제한되며 로그보존 정책은 7년으로 명시되었다.",
            "id": "sample_085_0096_000025",
            "annotations": []
        },
        {
            "sentence": "고위험 미완료 항목 플래그: CA-2025-0009는 high-risk 및 overdue 상태로 즉시 시정필요로 표시되었다.",
            "id": "sample_085_0096_000026",
            "annotations": []
        },
        {
            "sentence": "연락처 샘플(합성): 전화 +82-10-1234-5678, 이메일 sample.contact@company.local은 규정에 따라 가명 샘플이다.",
            "id": "sample_085_0096_000027",
            "annotations": [
                {
                    "word": "+82-10-1234-5678",
                    "start": 15,
                    "end": 31,
                    "label": "개인정보"
                },
                {
                    "word": "sample.contact@company.local",
                    "start": 37,
                    "end": 65,
                    "label": "개인정보"
                }
            ]
        },
        {
            "sentence": "기밀정보 예시: 내부 서버 IP 10.0.12.8, 파일경로 /srv/secure/permits/2023/085_0096.pdf, 은행계좌 KR01-000123-0004567는 접근 제한 대상이다.",
            "id": "sample_085_0096_000028",
            "annotations": [
                {
                    "word": "10.0.12.8",
                    "start": 18,
                    "end": 27,
                    "label": "기밀정보"
                },
                {
                    "word": "/srv/secure/permits/2023/085_0096.pdf",
                    "start": 34,
                    "end": 71,
                    "label": "기밀정보"
                },
                {
                    "word": "KR01-000123-0004567",
                    "start": 78,
                    "end": 97,
                    "label": "기밀정보"
                }
            ]
        }
    ]
}