{
    "document_id": "085_0092",
    "document_title": "부산공장 화학물질 누출 사고 보고서 및 시정조치 내역",
    "data": [
        {
            "sentence": "문서 식별자 085_0092, 문서명: 부산공장 화학물질 누출 사고 보고서 및 시정조치 내역입니다.",
            "id": "sample_085_0092_000001",
            "annotations": []
        },
        {
            "sentence": "사고 요약: 사고 ID INC-20260120-0001이 2026-01-20T14:32:00+09:00에 기록되었습니다.",
            "id": "sample_085_0092_000002",
            "annotations": []
        },
        {
            "sentence": "발생 장소: 부산공장(부산광역시, 해운대구) 좌표 35.1631N, 129.1630E로 기록되었습니다.",
            "id": "sample_085_0092_000003",
            "annotations": [
                {
                    "word": "부산광역시",
                    "start": 12,
                    "end": 17,
                    "label": "준식별자"
                },
                {
                    "word": "해운대구",
                    "start": 19,
                    "end": 23,
                    "label": "준식별자"
                }
            ]
        },
        {
            "sentence": "위해요인(hazard_type): chemical / 화학물질로 분류되었으며 코드북 값은 'chemical'입니다.",
            "id": "sample_085_0092_000004",
            "annotations": []
        },
        {
            "sentence": "심각도(severity_level): major(주요)로 코드북 기준에 따라 표준화하여 기록했습니다.",
            "id": "sample_085_0092_000005",
            "annotations": []
        },
        {
            "sentence": "영향자: EMP-085-0001, 이름 남보검, 역할: 현장작업자, 부상유형: 2도 화상으로 응급처치 후 관찰 중입니다.",
            "id": "sample_085_0092_000006",
            "annotations": [
                {
                    "word": "남보검",
                    "start": 22,
                    "end": 25,
                    "label": "개인정보"
                },
                {
                    "word": "EMP-085-0001",
                    "start": 5,
                    "end": 17,
                    "label": "개인정보"
                }
            ]
        },
        {
            "sentence": "영향자 추가: EMP-085-0002, 이름 심믿음, 역할: 관제팀, 부상유형: 흡입 증상으로 현장 이송 및 모니터링 대상입니다.",
            "id": "sample_085_0092_000007",
            "annotations": [
                {
                    "word": "심믿음",
                    "start": 25,
                    "end": 28,
                    "label": "개인정보"
                },
                {
                    "word": "EMP-085-0002",
                    "start": 8,
                    "end": 20,
                    "label": "개인정보"
                }
            ]
        },
        {
            "sentence": "근접오류(near_miss) 기록: NM-20260120-010이 사고 10분 전 동일 설비에서 검출된 누출 경보와 연계되어 있습니다.",
            "id": "sample_085_0092_000008",
            "annotations": []
        },
        {
            "sentence": "위험성평가(risk_assessment_id): RA-085-2026-0009, 주요 위험은 화학적 노출 및 화재 확산 가능성으로 평가되었습니다.",
            "id": "sample_085_0092_000009",
            "annotations": []
        },
        {
            "sentence": "점검보고서(inspection_report_id): IR-20260121-045, 점검일 2026-01-21T09:00:00+09:00에 기록된 불일치 항목이 포함됩니다.",
            "id": "sample_085_0092_000010",
            "annotations": []
        },
        {
            "sentence": "작업허가서(permit_to_work_id): PTW-085-1120, 허가상태: 폐쇄 후 재발 방지를 위한 조건부 재개 검토 중입니다.",
            "id": "sample_085_0092_000011",
            "annotations": []
        },
        {
            "sentence": "SDS 참조(sds_id): SDS-CH-2025-78, 물질명: 클로로에틸렌(고위험), 관련 노출제한값 및 응급조치 항목 포함.",
            "id": "sample_085_0092_000012",
            "annotations": []
        },
        {
            "sentence": "시정조치(corrective_action_id): CA-085-0007, 상태: open(미완료), 담당자: 구누리, 완료기한: 2026-02-05T18:00:00+09:00, 고위험 항목으로 플래그 처리되었습니다.",
            "id": "sample_085_0092_000013",
            "annotations": [
                {
                    "word": "구누리",
                    "start": 61,
                    "end": 64,
                    "label": "개인정보"
                }
            ]
        },
        {
            "sentence": "교육기록(training_record_id): TR-085-2025-301, 과정명: 화학물질 응급대응, 수료자 안지아, 완료일 2025-11-15T16:00:00+09:00입니다.",
            "id": "sample_085_0092_000014",
            "annotations": [
                {
                    "word": "안지아",
                    "start": 63,
                    "end": 66,
                    "label": "개인정보"
                }
            ]
        },
        {
            "sentence": "PPE 기록: N95 마스크 및 화학보호복 지급 기록이 있으며 지급일은 EMP-085-0001 기준 2026-01-20T13:00:00+09:00 입니다.",
            "id": "sample_085_0092_000015",
            "annotations": []
        },
        {
            "sentence": "센서 로그 메타데이터: 샘플링 주기 1초(1 Hz), 단위 ppm, 측정기기 ID SL-CH-21, 단위 및 샘플링 주기는 로그에 일관되게 포함됩니다.",
            "id": "sample_085_0092_000016",
            "annotations": []
        },
        {
            "sentence": "센서 값 예: 2026-01-20T14:28:45+09:00, sensor_type: VOC_detector, value: 48.5 ppm, 이상값(outlier) 여부: false, 결측치: 없음.",
            "id": "sample_085_0092_000017",
            "annotations": []
        },
        {
            "sentence": "임계치 초과 경보: 2026-01-20T14:31:58+09:00, sensor_type: VOC_detector, value: 312.4 ppm, 임계치 초과로 실시간 경보 전송이 발생했습니다.",
            "id": "sample_085_0092_000018",
            "annotations": []
        },
        {
            "sentence": "사진 첨부 메타데이터: file_name: leak_scene_20260120.jpg, mime_type: image/jpeg, size_bytes: 452108, checksum_sha256: a3b1f4c9e5d2f8c1e6a7b9c0d1e2f3a4b5c6d7e8f9a0b1c2d3e4f5a6b7c8d9e0.",
            "id": "sample_085_0092_000019",
            "annotations": []
        },
        {
            "sentence": "규제 제출(regulatory_report): 제출일 2026-01-22T10:00:00+09:00, 규제기관: 고용노동부(Ministry of Employment and Labor), 보존기간: 10년, 버전관리 v1.0.",
            "id": "sample_085_0092_000020",
            "annotations": []
        },
        {
            "sentence": "감사추적(audit_trail) 항목: AT-0001, user: 황윤모, timestamp: 2026-01-20T15:05:12+09:00, 변경내용: 사건 상태 '조사중' 등록.",
            "id": "sample_085_0092_000021",
            "annotations": [
                {
                    "word": "황윤모",
                    "start": 37,
                    "end": 40,
                    "label": "개인정보"
                }
            ]
        },
        {
            "sentence": "컴플라이언스 상태: non-compliant로 표기되며 관련 법령 준수 회복을 위한 우선순위가 지정되었습니다.",
            "id": "sample_085_0092_000022",
            "annotations": []
        },
        {
            "sentence": "추정 비용(estimated_cost): 초기 복구비용 15,400,000 KRW로 산정되었으며 상세 비용내역은 별첨 예산표에 기록됩니다.",
            "id": "sample_085_0092_000023",
            "annotations": []
        },
        {
            "sentence": "완화계획(mitigation_plan): 단기(격리 및 진압), 중기(설비 교체 및 재설계), 장기(운영절차 개선 및 교육 강화)를 포함합니다.",
            "id": "sample_085_0092_000024",
            "annotations": []
        },
        {
            "sentence": "증거관리(chain of custody): 사진 파일과 센서 로그는 체인오브커스토디 표준에 따라 체크섬·타임스탬프·관리자 정보를 포함해 보관됩니다.",
            "id": "sample_085_0092_000025",
            "annotations": []
        },
        {
            "sentence": "데이터 주권 및 저장 위치: 본 사건 관련 원시 로그 및 첨부자료는 한국 온프레미스 데이터센터에 보관됩니다.",
            "id": "sample_085_0092_000026",
            "annotations": []
        },
        {
            "sentence": "접근 제어: 권한 레벨은 Read/Write/Admin으로 구분되며 로그보존 정책에 따라 모든 접근 로그는 7년간 보관됩니다.",
            "id": "sample_085_0092_000027",
            "annotations": []
        },
        {
            "sentence": "연락처 샘플(가명 포맷): 안전담당자 연락처 +82-10-1234-5678, 보고용 이메일 safety_085@example.com은 샘플 포맷으로 명시됩니다.",
            "id": "sample_085_0092_000028",
            "annotations": [
                {
                    "word": "+82-10-1234-5678",
                    "start": 25,
                    "end": 41,
                    "label": "개인정보"
                },
                {
                    "word": "safety_085@example.com",
                    "start": 51,
                    "end": 73,
                    "label": "개인정보"
                }
            ]
        },
        {
            "sentence": "결론 및 후속조치: 고위험 시정조치 CA-085-0007의 조속한 완료, 교육 재실시, 점검 강화 및 규제보고 후속 확인을 권고합니다.",
            "id": "sample_085_0092_000029",
            "annotations": []
        },
        {
            "sentence": "문서 버전관리: v1.0 초안 생성 2026-01-22T11:00:00+09:00, 변경 불가한 감사 로그와 함께 보존됩니다.",
            "id": "sample_085_0092_000030",
            "annotations": []
        }
    ]
}