{
    "document_id": "085_0042",
    "document_title": "인천제조공장 전기아크 사고 조사보고서",
    "data": [
        {
            "sentence": "문서 개요: 본 사고조사는 산업안전보건 규정 준수 및 재발방지 목적의 현장 조사보고서이다.",
            "id": "sample_085_0042_000001",
            "annotations": []
        },
        {
            "sentence": "사고 식별자: incident_id=INC-085-0042-0001이며 사고 발생일시는 2026-01-20T14:35:00+09:00로 표준화하여 기록한다.",
            "id": "sample_085_0042_000002",
            "annotations": [
                {
                    "word": "2026-01-20T14:35:00+09:00",
                    "start": 49,
                    "end": 74,
                    "label": "준식별자"
                }
            ]
        },
        {
            "sentence": "장소: 인천현장(시설명: 인천제조공장), 행정구역: 인천광역시, 위도:37.456000, 경도:126.705000로 좌표를 포함하여 기록한다.",
            "id": "sample_085_0042_000003",
            "annotations": [
                {
                    "word": "인천광역시",
                    "start": 29,
                    "end": 34,
                    "label": "준식별자"
                }
            ]
        },
        {
            "sentence": "위해요인 분류: 화학적(유기용제), 물리적(전기아크), 인체공학적 요인으로 식별하였고 codebook 기반 표준어휘로 라벨링했다.",
            "id": "sample_085_0042_000004",
            "annotations": []
        },
        {
            "sentence": "심각도 평가는 내부 산정기준에 따라 major로 판정되었으며 잠재 치명성 항목은 별도 플래그로 critical로 표시했다.",
            "id": "sample_085_0042_000005",
            "annotations": []
        },
        {
            "sentence": "피해자: 최인준 (사번: EMP-085-0042-0001), 역할: 전기기사, 상해유형: 2도 화상, 처치: 현장 응급처치 및 병원 이송.",
            "id": "sample_085_0042_000006",
            "annotations": [
                {
                    "word": "최인준",
                    "start": 5,
                    "end": 8,
                    "label": "개인정보"
                },
                {
                    "word": "EMP-085-0042-0001",
                    "start": 14,
                    "end": 31,
                    "label": "개인정보"
                },
                {
                    "word": "전기기사",
                    "start": 38,
                    "end": 42,
                    "label": "준식별자"
                }
            ]
        },
        {
            "sentence": "피해추가: 원유린 (사번: EMP-085-0042-0002), 역할: 보조기사, 상해유형: 피부자극으로 통보 및 추적 관찰 대상이다.",
            "id": "sample_085_0042_000007",
            "annotations": [
                {
                    "word": "원유린",
                    "start": 6,
                    "end": 9,
                    "label": "개인정보"
                },
                {
                    "word": "EMP-085-0042-0002",
                    "start": 15,
                    "end": 32,
                    "label": "개인정보"
                },
                {
                    "word": "보조기사",
                    "start": 39,
                    "end": 43,
                    "label": "준식별자"
                }
            ]
        },
        {
            "sentence": "근접오류 보고: near_miss_id=NM-085-010, 사건 전조 및 CCTV 확인 결과를 별첨 사진과 대조하여 시퀀스 분석을 수행했다.",
            "id": "sample_085_0042_000008",
            "annotations": []
        },
        {
            "sentence": "위험성평가서 참조: risk_assessment_id=RA-085-20260120이며 작업절차별 위험점수 및 통제대책을 정량적으로 산정했다.",
            "id": "sample_085_0042_000009",
            "annotations": []
        },
        {
            "sentence": "시정조치(우선순위): corrective_action_id=CA-085-0001, 상태: 미완료, 담당자: 배경율 (사번: EMP-085-0042-0003), 완료기한: 2026-02-05T17:00:00+09:00.",
            "id": "sample_085_0042_000010",
            "annotations": [
                {
                    "word": "배경율",
                    "start": 60,
                    "end": 63,
                    "label": "개인정보"
                },
                {
                    "word": "EMP-085-0042-0003",
                    "start": 69,
                    "end": 86,
                    "label": "개인정보"
                },
                {
                    "word": "2026-02-05T17:00:00+09:00",
                    "start": 95,
                    "end": 120,
                    "label": "준식별자"
                }
            ]
        },
        {
            "sentence": "시정조치 상세 항목에는 전기설비 차단 절차 개선, 접지 보강, 절연장비 교체 및 주기적 점검 항목을 포함한다.",
            "id": "sample_085_0042_000011",
            "annotations": []
        },
        {
            "sentence": "교육 및 훈련기록: training_record_id=TR-085-202501, 완료자: 류하경 (사번: EMP-085-0042-0004), 완료일: 2025-12-15T09:30:00+09:00, 과정: 전기안전기초.",
            "id": "sample_085_0042_000012",
            "annotations": [
                {
                    "word": "류하경",
                    "start": 50,
                    "end": 53,
                    "label": "개인정보"
                },
                {
                    "word": "EMP-085-0042-0004",
                    "start": 59,
                    "end": 76,
                    "label": "개인정보"
                },
                {
                    "word": "2025-12-15T09:30:00+09:00",
                    "start": 84,
                    "end": 109,
                    "label": "준식별자"
                }
            ]
        },
        {
            "sentence": "개인보호구 지급: ppe_record - 헬멧(발급일:2026-01-01T08:00:00+09:00), 내화장갑(발급일:2026-01-01T08:05:00+09:00) 지급 및 착용 확인 절차를 명시했다.",
            "id": "sample_085_0042_000013",
            "annotations": []
        },
        {
            "sentence": "센서 로그 메타데이터: 샘플링주기=1s, 단위=ppm(가스농도), 장비: PID 모델 X100, 캘리브레이션 이력과 단위통일 정보를 포함한다.",
            "id": "sample_085_0042_000014",
            "annotations": []
        },
        {
            "sentence": "센서 샘플 레코드 예시: timestamp=2026-01-20T14:34:58+09:00, sensor_type=VOC, value=5.2 ppm, 상태: 정상, 이상값 및 결측치는 로그에 마킹했다.",
            "id": "sample_085_0042_000015",
            "annotations": [
                {
                    "word": "2026-01-20T14:34:58+09:00",
                    "start": 24,
                    "end": 49,
                    "label": "준식별자"
                }
            ]
        },
        {
            "sentence": "사진첨부 메타: file_name=IMG_INC_085_0001.jpg, mime_type=image/jpeg, size_bytes=452128, checksum_sha256=3b5d5c3712955042212316173ccf37beabcdef1234567890abcdef1234567890.",
            "id": "sample_085_0042_000016",
            "annotations": []
        },
        {
            "sentence": "증거 보관 정책: 체인오브커스토디는 불변 로그로 유지하며 파일 무결성 검증을 위해 체크섬과 저장 위치, 접근 이력을 기록한다.",
            "id": "sample_085_0042_000017",
            "annotations": []
        },
        {
            "sentence": "규제 보고: regulatory_report submission_date=2026-01-21T10:00:00+09:00, 제출처: 고용노동부 지역사무소로 보고를 완료했다.",
            "id": "sample_085_0042_000018",
            "annotations": [
                {
                    "word": "2026-01-21T10:00:00+09:00",
                    "start": 41,
                    "end": 66,
                    "label": "준식별자"
                }
            ]
        },
        {
            "sentence": "감사 추적 레코드: audit_trail entry_id=AT-085-0001, user: 김진한 (사번: EMP-085-0042-0005), timestamp=2026-01-20T15:10:12+09:00, 변경내역 기록됨.",
            "id": "sample_085_0042_000019",
            "annotations": [
                {
                    "word": "김진한",
                    "start": 51,
                    "end": 54,
                    "label": "개인정보"
                },
                {
                    "word": "EMP-085-0042-0005",
                    "start": 60,
                    "end": 77,
                    "label": "개인정보"
                },
                {
                    "word": "2026-01-20T15:10:12+09:00",
                    "start": 90,
                    "end": 115,
                    "label": "준식별자"
                }
            ]
        },
        {
            "sentence": "규정 준수 상태: compliance_status=partial_noncompliant로 판정되었으며 고위험 미이행 항목은 별도 우선순위로 재점검한다.",
            "id": "sample_085_0042_000020",
            "annotations": []
        },
        {
            "sentence": "비용 추정: estimated_cost=KRW 8,500,000(응급치료 및 장비교체 포함)로 산정하였고 상세 비용내역은 별첨 회계전표를 참조한다.",
            "id": "sample_085_0042_000021",
            "annotations": []
        },
        {
            "sentence": "완화계획: mitigation_plan은 기술적(장비교체), 관리적(절차개정), 교육적(재교육) 조치로 구분된 3단계 실행계획을 포함한다.",
            "id": "sample_085_0042_000022",
            "annotations": []
        },
        {
            "sentence": "보존기간 및 버전관리: 본 문서는 보존기간 5년으로 지정하며 version=1.0, 변경이력은 불변 감사로그로 보존한다.",
            "id": "sample_085_0042_000023",
            "annotations": []
        },
        {
            "sentence": "접근제어 정책: 데이터 접근 권한은 역할기반(RBAC)으로 제한하며 로그보존정책은 7년으로 설정한다.",
            "id": "sample_085_0042_000024",
            "annotations": []
        },
        {
            "sentence": "증거자료 접근 요청 시에는 체인오브커스토디 증빙과 요청자의 접근권한 레코드를 함께 제출하도록 규정한다.",
            "id": "sample_085_0042_000025",
            "annotations": []
        },
        {
            "sentence": "현장 재발방지 권고: 고전압 작업 시 최소 2인 이상 배치, 정전 절차(Permit to Work) 엄수, 비상정지스위치 가시성 확보를 권고한다.",
            "id": "sample_085_0042_000026",
            "annotations": []
        },
        {
            "sentence": "담당자 연락(합성 포맷): 안전관리자 연락처 예시 tel:+82-10-0000-0000, 이메일: hse-contact@example.com(실제 연락처 아님).",
            "id": "sample_085_0042_000027",
            "annotations": [
                {
                    "word": "+82-10-0000-0000",
                    "start": 32,
                    "end": 48,
                    "label": "개인정보"
                },
                {
                    "word": "hse-contact@example.com",
                    "start": 55,
                    "end": 78,
                    "label": "개인정보"
                },
                {
                    "word": "안전관리자",
                    "start": 15,
                    "end": 20,
                    "label": "준식별자"
                }
            ]
        },
        {
            "sentence": "결론: 본 보고서는 규제제출용 요건을 충족하도록 버전관리 및 감사추적을 반영하였으며 시정조치 미완료 고위험 항목에 대해 우선 자원 배분을 권고한다.",
            "id": "sample_085_0042_000028",
            "annotations": []
        }
    ]
}