{
    "document_id": "085_0086",
    "document_title": "산업현장 사고 조사 및 시정조치 보고서",
    "data": [
        {
            "sentence": "문서개요: 본 보고서는 2026-01-22 발생한 산업현장 사고의 조사·분석 및 시정조치 계획을 기록합니다.",
            "id": "sample_085_0086_000001",
            "annotations": []
        },
        {
            "sentence": "incident_id: 085-0086-20260122는 내부 트래킹을 위한 고유 식별자이며 문서 버전 v1.0이 적용되었습니다.",
            "id": "sample_085_0086_000002",
            "annotations": []
        },
        {
            "sentence": "incident_date: 2026-01-22T08:42:00+09:00로 사건 발생 시점은 ISO 8601 표준과 타임존을 준수하여 기록되었습니다.",
            "id": "sample_085_0086_000003",
            "annotations": []
        },
        {
            "sentence": "시설명: 강서공장(서울특별시, 강서구), 위도: 37.5563, 경도: 126.8368로 위치가 표준화되어 저장됩니다.",
            "id": "sample_085_0086_000004",
            "annotations": [
                {
                    "word": "서울특별시",
                    "start": 10,
                    "end": 15,
                    "label": "준식별자"
                },
                {
                    "word": "강서구",
                    "start": 17,
                    "end": 20,
                    "label": "준식별자"
                }
            ]
        },
        {
            "sentence": "hazard_type: 화학(산성 용액 취급) 및 물리(열원 접촉) 혼합 위험으로 분류되며 다중 노출 가능성을 평가했습니다.",
            "id": "sample_085_0086_000005",
            "annotations": []
        },
        {
            "sentence": "severity_level: major로 판단되며 TRIR 등 지표와 연계한 후속 조치가 필요합니다.",
            "id": "sample_085_0086_000006",
            "annotations": []
        },
        {
            "sentence": "affected_person: 이름(가명): 문일호, employee_id: EMP-085-0001, role: 용접사, injury_type: 화상(2도), 연락처(샘플): 010-0000-0001.",
            "id": "sample_085_0086_000007",
            "annotations": [
                {
                    "word": "문일호",
                    "start": 25,
                    "end": 28,
                    "label": "개인정보"
                },
                {
                    "word": "EMP-085-0001",
                    "start": 43,
                    "end": 55,
                    "label": "개인정보"
                },
                {
                    "word": "용접사",
                    "start": 63,
                    "end": 66,
                    "label": "준식별자"
                },
                {
                    "word": "010-0000-0001",
                    "start": 98,
                    "end": 111,
                    "label": "개인정보"
                }
            ]
        },
        {
            "sentence": "생년월일(연): 1985, (월): 04, (일): 12로 날짜 구성요소를 분리하여 준식별자 처리를 적용하였습니다.",
            "id": "sample_085_0086_000008",
            "annotations": [
                {
                    "word": "1985",
                    "start": 9,
                    "end": 13,
                    "label": "준식별자"
                },
                {
                    "word": "04",
                    "start": 20,
                    "end": 22,
                    "label": "준식별자"
                },
                {
                    "word": "12",
                    "start": 29,
                    "end": 31,
                    "label": "준식별자"
                }
            ]
        },
        {
            "sentence": "추가 피해자: 이름(가명): 유서웅, employee_id: EMP-085-0002, role: 보조, injury_type: 타박상 경미, 연락처(샘플): 010-0000-0002.",
            "id": "sample_085_0086_000009",
            "annotations": [
                {
                    "word": "유서웅",
                    "start": 16,
                    "end": 19,
                    "label": "개인정보"
                },
                {
                    "word": "EMP-085-0002",
                    "start": 34,
                    "end": 46,
                    "label": "개인정보"
                },
                {
                    "word": "보조",
                    "start": 54,
                    "end": 56,
                    "label": "준식별자"
                },
                {
                    "word": "010-0000-0002",
                    "start": 88,
                    "end": 101,
                    "label": "개인정보"
                }
            ]
        },
        {
            "sentence": "near_miss_id: NM-085-20260121 및 risk_assessment_id: RA-085-20260120는 상호 연계되어 사건 전후 위험도를 추적합니다.",
            "id": "sample_085_0086_000010",
            "annotations": []
        },
        {
            "sentence": "inspection_report_id: IR-085-20260122는 현장점검 결과를 요약하며 이상·결함 항목을 포함합니다.",
            "id": "sample_085_0086_000011",
            "annotations": []
        },
        {
            "sentence": "permit_to_work_id: PTW-085-20260122는 작업허가 이력과 연계되어 권한·유효기간을 검증합니다.",
            "id": "sample_085_0086_000012",
            "annotations": []
        },
        {
            "sentence": "sds_id: SDS-CH-045은 해당 화학물질의 안전보건자료와 연동됩니다.",
            "id": "sample_085_0086_000013",
            "annotations": []
        },
        {
            "sentence": "corrective_action_id: CA-085-0005, status: Open, risk_flag: HighRisk로 판정되어 즉시 이행이 요구됩니다.",
            "id": "sample_085_0086_000014",
            "annotations": []
        },
        {
            "sentence": "시정조치 담당자(가명): 신근태, 완료기한: 2026-02-05T17:00:00+09:00, 상태: Open으로 미완료 고위험 항목으로 플래그 처리했습니다.",
            "id": "sample_085_0086_000015",
            "annotations": [
                {
                    "word": "신근태",
                    "start": 14,
                    "end": 17,
                    "label": "개인정보"
                }
            ]
        },
        {
            "sentence": "training_record_id: TR-085-202412, course_id: HOTWORK_SAFE, completion_date: 2025-11-30T09:00:00+09:00가 기록되어 교육 이력이 확인됩니다.",
            "id": "sample_085_0086_000016",
            "annotations": []
        },
        {
            "sentence": "ppe_record: PPE-ISSUE-085, ppe_type: 방화복, issued_date: 2026-01-10T08:00:00+09:00로 지급 이력이 있습니다.",
            "id": "sample_085_0086_000017",
            "annotations": []
        },
        {
            "sentence": "sensor_log: timestamp: 2026-01-22T08:40:00+09:00, sensor_type: CO2, value: 6,200 ppm, sampling_rate: 1s, unit: ppm, 이상값: 한 개(62,000 ppm 오입력 의심), 결측치: 2개.",
            "id": "sample_085_0086_000018",
            "annotations": []
        },
        {
            "sentence": "첨부파일: file_name: incident_photo_085_0086.jpg, mime_type: image/jpeg, size_bytes: 234512, checksum_sha256: a3b1c...f9e (체크섬은 예시), 체인오브커스토디는 로그와 연동됩니다.",
            "id": "sample_085_0086_000019",
            "annotations": []
        },
        {
            "sentence": "regulatory_report 제출일: 2026-01-23T10:00:00+09:00, regulator: 고용노동부에 보고 예정이며 법정 보존기간은 5년으로 표기합니다.",
            "id": "sample_085_0086_000020",
            "annotations": []
        },
        {
            "sentence": "audit_trail: entry_id: AT-085-0001, user: 장병준, timestamp: 2026-01-22T09:15:00+09:00로 변경 로그가 불변 기록됩니다.",
            "id": "sample_085_0086_000021",
            "annotations": [
                {
                    "word": "장병준",
                    "start": 42,
                    "end": 45,
                    "label": "개인정보"
                }
            ]
        },
        {
            "sentence": "compliance_status: Non-compliant로 표시되며 즉시 시정조치 계획 제출이 요구됩니다.",
            "id": "sample_085_0086_000022",
            "annotations": []
        },
        {
            "sentence": "estimated_cost: 3,500,000원(예상치)로 회계 코드와 연계하여 비용 추적이 가능합니다.",
            "id": "sample_085_0086_000023",
            "annotations": []
        },
        {
            "sentence": "mitigation_plan: 단기(임시 차폐 및 격리), 중기(공정 변경), 장기(자동화·원격화)로 단계별 대책을 수립하였습니다.",
            "id": "sample_085_0086_000024",
            "annotations": []
        },
        {
            "sentence": "다국어 필드: incident_summary_ko: '용접 중 용융 금속 비산으로 화재 발생', incident_summary_en: 'Fire due to molten metal splash during welding'를 함께 보관합니다.",
            "id": "sample_085_0086_000025",
            "annotations": []
        },
        {
            "sentence": "보존정책: 규제 제출용 문서는 보존기간 5년, 버전관리 v1.0→v1.1 등을 기록하며 감사추적을 보존합니다.",
            "id": "sample_085_0086_000026",
            "annotations": []
        },
        {
            "sentence": "접근 제어: 권한 레벨은 role 기반으로 구분하며 관리자(Admin), 안전담당(SafetyOfficer), 현장(Operator)별 로그 보존 기간을 명시했습니다.",
            "id": "sample_085_0086_000027",
            "annotations": []
        },
        {
            "sentence": "기밀사항(시스템): 내부 서버 IP: 10.8.86.15 및 내부 파일경로: /srv/hse/reports/085/0086/draft_v1.docx는 기밀정보로 분류되어 접근이 제한됩니다.",
            "id": "sample_085_0086_000028",
            "annotations": [
                {
                    "word": "10.8.86.15",
                    "start": 21,
                    "end": 31,
                    "label": "기밀정보"
                },
                {
                    "word": "/srv/hse/reports/085/0086/draft_v1.docx",
                    "start": 43,
                    "end": 82,
                    "label": "기밀정보"
                }
            ]
        },
        {
            "sentence": "시정조치 추가 담당자(가명): 허태진, 담당 항목: 설비 차단 밸브 개선, 완료기한: 2026-02-12T17:00:00+09:00, 상태: InProgress.",
            "id": "sample_085_0086_000029",
            "annotations": [
                {
                    "word": "허태진",
                    "start": 17,
                    "end": 20,
                    "label": "개인정보"
                }
            ]
        }
    ]
}