{
    "document_id": "085_0007",
    "document_title": "부산항물류센터 화학물질 누유 사고조사 보고서",
    "data": [
        {
            "sentence": "본 문서는 부산항물류센터에서 발생한 화학물질 누유사고에 대한 조사보고서로 규제 제출용으로 작성되었습니다.",
            "id": "sample_085_0007_000001",
            "annotations": []
        },
        {
            "sentence": "문서 메타정보: document_id=085_0007, version=v1.0, 보존기간=10년, 저장위치=onpremise/secure.",
            "id": "sample_085_0007_000002",
            "annotations": []
        },
        {
            "sentence": "incident_id: INC-085-0007-20260115; incident_date: 2026-01-15T08:34:22+09:00(ISO 8601, KST).",
            "id": "sample_085_0007_000003",
            "annotations": []
        },
        {
            "sentence": "location: facility=부산항물류센터, latitude=35.123456, longitude=129.123456; 작업구역=A동 3층 화학저장구역.",
            "id": "sample_085_0007_000004",
            "annotations": []
        },
        {
            "sentence": "hazard_type: chemical; substance: CH4(메탄, SDS 참조); severity_level: moderate(중간).",
            "id": "sample_085_0007_000005",
            "annotations": []
        },
        {
            "sentence": "피해자(가명): 공기성, employee_id: EMP-085-0007-001, role: 톱니바퀴 정비기사, injury_type: 타박상(좌측 손등).",
            "id": "sample_085_0007_000006",
            "annotations": [
                {
                    "word": "공기성",
                    "start": 9,
                    "end": 12,
                    "label": "개인정보"
                },
                {
                    "word": "EMP-085-0007-001",
                    "start": 27,
                    "end": 43,
                    "label": "개인정보"
                },
                {
                    "word": "톱니바퀴 정비기사",
                    "start": 51,
                    "end": 60,
                    "label": "준식별자"
                }
            ]
        },
        {
            "sentence": "피해자 연락처(샘플): 010-0000-0001; 긴급연락자: 고해민(가족, 샘플 연락처 010-0000-0002).",
            "id": "sample_085_0007_000007",
            "annotations": [
                {
                    "word": "010-0000-0001",
                    "start": 13,
                    "end": 26,
                    "label": "개인정보"
                },
                {
                    "word": "고해민",
                    "start": 35,
                    "end": 38,
                    "label": "개인정보"
                },
                {
                    "word": "010-0000-0002",
                    "start": 50,
                    "end": 63,
                    "label": "개인정보"
                }
            ]
        },
        {
            "sentence": "near_miss_id: NM-085-0007-0003; risk_assessment_id: RA-085-202601; inspection_report_id: IR-085-0007-12.",
            "id": "sample_085_0007_000008",
            "annotations": []
        },
        {
            "sentence": "permit_to_work_id: PTW-085-0007-07; sds_id: SDS-CH4-085; 관련 절차서와 매뉴얼은 버전관리 하에 보관됩니다.",
            "id": "sample_085_0007_000009",
            "annotations": []
        },
        {
            "sentence": "corrective_action_id: CA-085-0007-21, status: open, assignee: 허유성, due_date: 2026-02-10T17:00:00+09:00.",
            "id": "sample_085_0007_000010",
            "annotations": [
                {
                    "word": "허유성",
                    "start": 62,
                    "end": 65,
                    "label": "개인정보"
                }
            ]
        },
        {
            "sentence": "training_record_id: TR-085-2025-11, course_id: 안전관리기초, completion_date: 2025-11-05T14:30:00+09:00, trainee: 고해온(사번 EMP-085-0007-002).",
            "id": "sample_085_0007_000011",
            "annotations": [
                {
                    "word": "고해온",
                    "start": 108,
                    "end": 111,
                    "label": "개인정보"
                },
                {
                    "word": "EMP-085-0007-002",
                    "start": 115,
                    "end": 131,
                    "label": "개인정보"
                }
            ]
        },
        {
            "sentence": "ppe_record: ppe_type=안전장갑, issued_date=2025-12-01T08:00:00+09:00, issued_to=고채우, ppe_id=PPE-085-003.",
            "id": "sample_085_0007_000012",
            "annotations": [
                {
                    "word": "고채우",
                    "start": 76,
                    "end": 79,
                    "label": "개인정보"
                }
            ]
        },
        {
            "sentence": "sensor_log 메타: sensor_type=H2S, unit=ppm, sampling_rate=1Hz, missing_values=none, outliers=one value at 15:23:45Z flagged.",
            "id": "sample_085_0007_000013",
            "annotations": []
        },
        {
            "sentence": "sensor_log 데이터 샘플: 2026-01-15T08:32:00+09:00 H2S 0.5 ppm; 2026-01-15T08:33:00+09:00 H2S 120.5 ppm(임계치 초과, 이상값).",
            "id": "sample_085_0007_000014",
            "annotations": []
        },
        {
            "sentence": "photo_attachment: file_name=leak_photo_20260115.jpg, mime_type=image/jpeg, size=2,450,321 bytes, checksum=sha256:abcd1234ef5678... (예시값).",
            "id": "sample_085_0007_000015",
            "annotations": []
        },
        {
            "sentence": "regulatory_report: submission_date=2026-01-16T10:00:00+09:00, regulator=고용노동부, report_ref=RR-085-20260116.",
            "id": "sample_085_0007_000016",
            "annotations": []
        },
        {
            "sentence": "audit_trail 첫 항목: entry_id=AT-0001, user=안영욱, timestamp=2026-01-15T09:00:00+09:00, action=보고서생성.",
            "id": "sample_085_0007_000017",
            "annotations": [
                {
                    "word": "안영욱",
                    "start": 41,
                    "end": 44,
                    "label": "개인정보"
                }
            ]
        },
        {
            "sentence": "compliance_status: non-compliant(보고의무 지연), estimated_cost: KRW 3,200,000, mitigation_plan: 임시 차단 및 환기 강화.",
            "id": "sample_085_0007_000018",
            "annotations": []
        },
        {
            "sentence": "추가 조사 결과: 유해물질 잔류는 낮음, 작업프로세스 미준수와 절차서 미비가 주요 원인으로 확인되었습니다.",
            "id": "sample_085_0007_000019",
            "annotations": []
        },
        {
            "sentence": "근본원인분석(RCA): 작업허가 미비(관리적), 봉합구 누락(기술적), 교육 미흡(조직적)으로 분류됨.",
            "id": "sample_085_0007_000020",
            "annotations": []
        },
        {
            "sentence": "시정조치 항목: CA-085-0007-01, 담당자: 나채율, due_date: 2026-01-30T18:00:00+09:00, 상태: in_progress.",
            "id": "sample_085_0007_000021",
            "annotations": [
                {
                    "word": "나채율",
                    "start": 30,
                    "end": 33,
                    "label": "개인정보"
                }
            ]
        },
        {
            "sentence": "고위험 미완료 항목 플래그: CA-085-0007-01(High Risk, 미완료) — 즉시 재점검 및 추가 통제가 필요합니다.",
            "id": "sample_085_0007_000022",
            "annotations": []
        },
        {
            "sentence": "증거 보관 체인: 사진(leak_photo_20260115.jpg) 체크섬, 저장위치:onpremise/secure/evidence, 접근권한: role-based, 감사로그 보존기간: 10년.",
            "id": "sample_085_0007_000023",
            "annotations": []
        },
        {
            "sentence": "보안/접근제어 정책: 권한레벨(Admin/Engineer/Viewer) 정의, 접근 로그는 불변성 확보를 위해 WORM 스토리지로 보존합니다.",
            "id": "sample_085_0007_000024",
            "annotations": []
        },
        {
            "sentence": "데이터 주권 정책: 본 문서는 대한민국 내 온프레미스 저장소에 보존되며 클라우드 이전은 규제검토 후 결정됩니다.",
            "id": "sample_085_0007_000025",
            "annotations": []
        },
        {
            "sentence": "참고자료 및 첨부파일: SDS-CH4-085.pdf(체크섬 sha256:dcba4321...), 내부 경로: \\\\internal\\\\docs\\\\SDS-CH4-085.pdf.",
            "id": "sample_085_0007_000026",
            "annotations": [
                {
                    "word": "\\\\internal\\\\docs\\\\SDS-CH4-085.pdf",
                    "start": 61,
                    "end": 94,
                    "label": "기밀정보"
                }
            ]
        },
        {
            "sentence": "내부 시스템 식별자 및 네트워크 정보: bastion 서버 IP=10.0.0.5, 접속계정=svc_leak_checker, 접속로그는 기밀로 분류됩니다.",
            "id": "sample_085_0007_000027",
            "annotations": [
                {
                    "word": "10.0.0.5",
                    "start": 36,
                    "end": 44,
                    "label": "기밀정보"
                },
                {
                    "word": "svc_leak_checker",
                    "start": 51,
                    "end": 67,
                    "label": "기밀정보"
                }
            ]
        },
        {
            "sentence": "훈련 및 인증 기록: 시뮬레이션 훈련에 허유성, 고은정, 안교빈이 참석하였으며 참석자 목록은 내부관리용으로 제한 공개됩니다.",
            "id": "sample_085_0007_000028",
            "annotations": [
                {
                    "word": "허유성",
                    "start": 22,
                    "end": 25,
                    "label": "개인정보"
                },
                {
                    "word": "고은정",
                    "start": 27,
                    "end": 30,
                    "label": "개인정보"
                },
                {
                    "word": "안교빈",
                    "start": 32,
                    "end": 35,
                    "label": "개인정보"
                }
            ]
        },
        {
            "sentence": "연락처 및 후속조치 안내: 긴급연락망은 샘플 포맷 000-0000-0000으로 표기하였으며 실제 연락망은 별도 암호화 저장됩니다.",
            "id": "sample_085_0007_000029",
            "annotations": [
                {
                    "word": "000-0000-0000",
                    "start": 28,
                    "end": 41,
                    "label": "개인정보"
                }
            ]
        },
        {
            "sentence": "종결요약: 본 보고서는 규제 제출, 감사 추적 및 시정조치 이행을 위해 버전관리와 타임스탬프를 포함하여 보존됩니다.",
            "id": "sample_085_0007_000030",
            "annotations": []
        }
    ]
}