{
    "document_id": "085_0088",
    "document_title": "산업안전보건 사고조사 및 시정조치 보고서",
    "data": [
        {
            "sentence": "본 문서는 산업안전보건(산업현장 HSE) 관점의 사고조사 및 시정조치 이력을 기록한 공식 보고서입니다.",
            "id": "sample_085_0088_000001",
            "annotations": []
        },
        {
            "sentence": "보고서 ID는 INC-085-20250115-0001이며 규제 제출용 버전관리 및 감사추적을 포함합니다.",
            "id": "sample_085_0088_000002",
            "annotations": []
        },
        {
            "sentence": "사고 발생 일시(incident_date)는 2025-01-15T08:34:00+09:00로 표준 ISO 8601 타임존으로 기록합니다.",
            "id": "sample_085_0088_000003",
            "annotations": []
        },
        {
            "sentence": "발생 위치(location): 인천공장(facility) 및 시군구: 서울특별시 중구(Seoul Jung-gu), 위도 37.5665, 경도 126.9780으로 정규화했습니다.",
            "id": "sample_085_0088_000004",
            "annotations": [
                {
                    "word": "서울특별시 중구",
                    "start": 39,
                    "end": 47,
                    "label": "준식별자"
                }
            ]
        },
        {
            "sentence": "위해요인(hazard_type)은 화학적(chemical)로 분류되었으며, 통제 어휘(codebook)를 따라 코딩했습니다.",
            "id": "sample_085_0088_000005",
            "annotations": []
        },
        {
            "sentence": "심각도(severity_level)는 critical(중대)로 판정되었고 위험성 평가 문서(RA-085-2025-001)에 근거했습니다.",
            "id": "sample_085_0088_000006",
            "annotations": []
        },
        {
            "sentence": "영향을 받은 인원(affected_persons)은 합성 식별자 및 익명화 정책을 적용하여 기록합니다.",
            "id": "sample_085_0088_000007",
            "annotations": []
        },
        {
            "sentence": "피해자 정보: 이름 우보경, 사번 EMP-085-0001, 직무 작업자(role), 부상유형 화상(2도)로 사고보고서에 기재되었습니다.",
            "id": "sample_085_0088_000008",
            "annotations": [
                {
                    "word": "우보경",
                    "start": 11,
                    "end": 14,
                    "label": "개인정보"
                },
                {
                    "word": "EMP-085-0001",
                    "start": 19,
                    "end": 31,
                    "label": "개인정보"
                }
            ]
        },
        {
            "sentence": "응급 연락처(샘플): 010-0000-0001(샘플 연락처) 및 대체 연락처 010-0000-0009로 표기하였고 실제 운영 DB에는 접근제어를 적용합니다.",
            "id": "sample_085_0088_000009",
            "annotations": [
                {
                    "word": "010-0000-0001",
                    "start": 12,
                    "end": 25,
                    "label": "개인정보"
                },
                {
                    "word": "010-0000-0009",
                    "start": 43,
                    "end": 56,
                    "label": "개인정보"
                }
            ]
        },
        {
            "sentence": "추가 당사자: 나하경 사번 EMP-085-0002가 현장 지원으로 투입되었으며 상황보고에 참여했습니다.",
            "id": "sample_085_0088_000010",
            "annotations": [
                {
                    "word": "나하경",
                    "start": 8,
                    "end": 11,
                    "label": "개인정보"
                },
                {
                    "word": "EMP-085-0002",
                    "start": 15,
                    "end": 27,
                    "label": "개인정보"
                }
            ]
        },
        {
            "sentence": "당사자 준식별자: 생년월일 1985-07-12(년 1985, 월 07, 일 12)으로 기록하였고 개인정보 분리 저장 정책을 적용했습니다.",
            "id": "sample_085_0088_000011",
            "annotations": [
                {
                    "word": "1985",
                    "start": 15,
                    "end": 19,
                    "label": "준식별자"
                },
                {
                    "word": "1985",
                    "start": 28,
                    "end": 32,
                    "label": "준식별자"
                },
                {
                    "word": "07",
                    "start": 20,
                    "end": 22,
                    "label": "준식별자"
                },
                {
                    "word": "07",
                    "start": 36,
                    "end": 38,
                    "label": "준식별자"
                },
                {
                    "word": "12",
                    "start": 23,
                    "end": 25,
                    "label": "준식별자"
                },
                {
                    "word": "12",
                    "start": 42,
                    "end": 44,
                    "label": "준식별자"
                }
            ]
        },
        {
            "sentence": "성별 및 인구통계: 성별 남성(male)은 준식별자로 분류되어 별도 테이블에서 처리됩니다.",
            "id": "sample_085_0088_000012",
            "annotations": [
                {
                    "word": "남성",
                    "start": 14,
                    "end": 16,
                    "label": "준식별자"
                }
            ]
        },
        {
            "sentence": "시스템/인프라 기밀: 사고 관련 로그가 저장된 내부 서버 IP는 10.10.200.5이며 접근제어 로그가 필수입니다.",
            "id": "sample_085_0088_000013",
            "annotations": [
                {
                    "word": "10.10.200.5",
                    "start": 36,
                    "end": 47,
                    "label": "기밀정보"
                }
            ]
        },
        {
            "sentence": "증거 파일 경로(체인오브커스토디): s3://corp-private-bucket/hse/reports/085_0088.pdf, MIME: application/pdf, 체크섬 sha256:abcd1234...으로 무결성 기록을 남깁니다.",
            "id": "sample_085_0088_000014",
            "annotations": [
                {
                    "word": "s3://corp-private-bucket/hse/reports/085_0088.pdf",
                    "start": 20,
                    "end": 69,
                    "label": "기밀정보"
                }
            ]
        },
        {
            "sentence": "재무 정보(기밀): 손해예상 계정 및 내부 결제 참조에 사용된 계좌번호 000-000-000000은 암호화하여 보관합니다.",
            "id": "sample_085_0088_000015",
            "annotations": [
                {
                    "word": "000-000-000000",
                    "start": 40,
                    "end": 54,
                    "label": "기밀정보"
                }
            ]
        },
        {
            "sentence": "센서 로그(sensor_log)는 샘플링 주기 1s, 단위 ppm으로 정상화했으며 이상값(outlier)과 결측값(null)을 메타데이터로 표기했습니다.",
            "id": "sample_085_0088_000016",
            "annotations": []
        },
        {
            "sentence": "센서 예시: 2025-01-15T08:34:05+09:00, sensor_type: H2S, value: 45 ppm, 메타: unit=ppm, sampling_rate=1s, outlier=false, missing=false.",
            "id": "sample_085_0088_000017",
            "annotations": []
        },
        {
            "sentence": "포토 증거(photo_attachment): file_name=INC-085-20250115-0001_scene.jpg, mime_type=image/jpeg, size=3,145,728, sha256=ef56ab90... 으로 저장되었습니다.",
            "id": "sample_085_0088_000018",
            "annotations": []
        },
        {
            "sentence": "시정조치(corrective_action) #CA-085-0005: 담당자 우보경(EMP-085-0001), 상태 open, 완료기한 2025-02-15T17:00:00+09:00, 우선순위 High로 플래그되었습니다.",
            "id": "sample_085_0088_000019",
            "annotations": [
                {
                    "word": "우보경",
                    "start": 42,
                    "end": 45,
                    "label": "개인정보"
                },
                {
                    "word": "EMP-085-0001",
                    "start": 46,
                    "end": 58,
                    "label": "개인정보"
                }
            ]
        },
        {
            "sentence": "교육 기록(training_record): 교육 ID TR-2025-010, 참가자 전태경, 이수일 2024-12-20T15:30:00+09:00으로 확인했습니다.",
            "id": "sample_085_0088_000020",
            "annotations": [
                {
                    "word": "전태경",
                    "start": 47,
                    "end": 50,
                    "label": "개인정보"
                }
            ]
        },
        {
            "sentence": "개인보호구(PPE) 발급 기록: PPE 유형 안전모, 발급일 2024-11-01, 수령자 차도한, 사번 EMP-085-0003로 로그를 남겼습니다.",
            "id": "sample_085_0088_000021",
            "annotations": [
                {
                    "word": "차도한",
                    "start": 50,
                    "end": 53,
                    "label": "개인정보"
                },
                {
                    "word": "EMP-085-0003",
                    "start": 58,
                    "end": 70,
                    "label": "개인정보"
                }
            ]
        },
        {
            "sentence": "감사 추적(audit_trail) 항목: entry_id AT-085-20250115-01, user 류영수, action 수정, timestamp 2025-01-15T09:00:00+09:00로 불변 로그에 기록됩니다.",
            "id": "sample_085_0088_000022",
            "annotations": [
                {
                    "word": "류영수",
                    "start": 57,
                    "end": 60,
                    "label": "개인정보"
                }
            ]
        },
        {
            "sentence": "감사 인프라 관련 기밀: 로그 서버 IP 10.10.200.6은 내부 네트워크 상 위치이며 접속 정보는 기밀로 분류합니다.",
            "id": "sample_085_0088_000023",
            "annotations": [
                {
                    "word": "10.10.200.6",
                    "start": 23,
                    "end": 34,
                    "label": "기밀정보"
                }
            ]
        },
        {
            "sentence": "규제 보고(regulatory_report): 제출일 2025-01-20T10:00:00+09:00, 제출처 규제기관 고용노동부로 기록되어 법정보고 의무를 충족합니다.",
            "id": "sample_085_0088_000024",
            "annotations": []
        },
        {
            "sentence": "접근제어 및 권한: 역할기반 권한 HSE_ADMIN, 권한레벨 최소화 원칙을 적용하고 모든 변경은 감사추적에 남깁니다.",
            "id": "sample_085_0088_000025",
            "annotations": [
                {
                    "word": "HSE_ADMIN",
                    "start": 19,
                    "end": 28,
                    "label": "기밀정보"
                }
            ]
        },
        {
            "sentence": "보존기간 및 버전관리: 본 문서는 규제 보존기간 10년을 적용하며 버전 v1.0, 변경이력은 immutable audit trail로 관리됩니다.",
            "id": "sample_085_0088_000026",
            "annotations": []
        },
        {
            "sentence": "연락용 이메일(샘플): sample.hse@example.com을 표본으로 기입하였고 실제 연락처는 별도 관리 DB에서 권한제어합니다.",
            "id": "sample_085_0088_000027",
            "annotations": [
                {
                    "word": "sample.hse@example.com",
                    "start": 13,
                    "end": 35,
                    "label": "개인정보"
                }
            ]
        },
        {
            "sentence": "현장 상세 주소: 서울특별시 중구 을지로 100-5(샘플 주소) 는 증거보관 및 접근제어 대상이며 상세 주소는 개인정보로 취급됩니다.",
            "id": "sample_085_0088_000028",
            "annotations": [
                {
                    "word": "서울특별시 중구 을지로 100-5",
                    "start": 10,
                    "end": 28,
                    "label": "개인정보"
                }
            ]
        }
    ]
}