{
    "document_id": "085_0024",
    "document_title": "공장A 용접구역 화학적 노출 및 화상 사고보고서",
    "data": [
        {
            "sentence": "문서 개요: 본 사고보고서는 2025-03-15T09:28:00+09:00에 발생한 현장 사고를 규명하고 시정조치를 기록하기 위해 작성되었습니다.",
            "id": "sample_085_0024_000001",
            "annotations": []
        },
        {
            "sentence": "사고 식별자(incident_id)는 INC-085-0024-0001로 지정되어 규제 제출 및 버전관리 대상에 포함됩니다.",
            "id": "sample_085_0024_000002",
            "annotations": []
        },
        {
            "sentence": "사고 발생일(incident_date)은 ISO 8601 표준으로 2025-03-15T09:28:00+09:00로 기록되었으며 타임존은 Asia/Seoul입니다.",
            "id": "sample_085_0024_000003",
            "annotations": []
        },
        {
            "sentence": "현장 위치는 공장A(Facility A), 위도 37.123456, 경도 127.123456으로 표준 좌표계(WGS84)를 사용하여 저장했습니다.",
            "id": "sample_085_0024_000004",
            "annotations": []
        },
        {
            "sentence": "위해요인(hazard_type)은 chemical(CHEM)으로 분류되었고, 심각도(severity_level)는 major로 코드북에 따라 기록되었습니다.",
            "id": "sample_085_0024_000005",
            "annotations": []
        },
        {
            "sentence": "영향받은자: 이름=심주화, employee_id=EMP-085-0024-0001, 역할=용접원, 부상유형=화상(2도)로 보고되었습니다.",
            "id": "sample_085_0024_000006",
            "annotations": [
                {
                    "word": "심주화",
                    "start": 10,
                    "end": 13,
                    "label": "개인정보"
                },
                {
                    "word": "EMP-085-0024-0001",
                    "start": 27,
                    "end": 44,
                    "label": "개인정보"
                },
                {
                    "word": "용접원",
                    "start": 49,
                    "end": 52,
                    "label": "준식별자"
                }
            ]
        },
        {
            "sentence": "추가 영향자: 이름=손세준, employee_id=EMP-085-0024-0002, 역할=설비정비, 부상유형=무릎타박상으로 응급처치 후 관찰 중입니다.",
            "id": "sample_085_0024_000007",
            "annotations": [
                {
                    "word": "손세준",
                    "start": 11,
                    "end": 14,
                    "label": "개인정보"
                },
                {
                    "word": "EMP-085-0024-0002",
                    "start": 28,
                    "end": 45,
                    "label": "개인정보"
                },
                {
                    "word": "설비정비",
                    "start": 50,
                    "end": 54,
                    "label": "준식별자"
                }
            ]
        },
        {
            "sentence": "근접오류 관련 참조값은 near_miss_id NEAR-085-100이며, 위험성평가 risk_assessment_id는 RA-085-2024-77입니다.",
            "id": "sample_085_0024_000008",
            "annotations": []
        },
        {
            "sentence": "정기점검 보고서는 inspection_report_id INSP-085-0045에 저장되어 있으며 작업허가서 permit_to_work_id는 PTW-085-0099로 연결됩니다.",
            "id": "sample_085_0024_000009",
            "annotations": []
        },
        {
            "sentence": "물질안전보건자료(SDS)는 sds_id SDS-085-012에 체계적으로 참조되며 물질의 화학적 성질과 응급조치 절차가 포함되어 있습니다.",
            "id": "sample_085_0024_000010",
            "annotations": []
        },
        {
            "sentence": "시정조치 corrective_action_id CA-085-0007은 상태=open, 담당자=하승학(EMP-085-0024-0003), 완료기한=2025-04-01T17:00:00+09:00로 등록되었습니다.",
            "id": "sample_085_0024_000011",
            "annotations": [
                {
                    "word": "하승학",
                    "start": 52,
                    "end": 55,
                    "label": "개인정보"
                },
                {
                    "word": "EMP-085-0024-0003",
                    "start": 56,
                    "end": 73,
                    "label": "개인정보"
                }
            ]
        },
        {
            "sentence": "교육 기록 training_record_id TR-085-050, course_id=SAF-WELD-01, 완료일=2024-11-20T15:30:00+09:00, 수료자=윤리원(EMP-085-0024-0004)로 저장되어 있습니다.",
            "id": "sample_085_0024_000012",
            "annotations": [
                {
                    "word": "윤리원",
                    "start": 95,
                    "end": 98,
                    "label": "개인정보"
                },
                {
                    "word": "EMP-085-0024-0004",
                    "start": 99,
                    "end": 116,
                    "label": "개인정보"
                }
            ]
        },
        {
            "sentence": "PPE 발급 기록: ppe_type=불연장갑(HeatResistant Glove), issued_date=2025-01-10T08:00:00+09:00, 대상자=강태근(EMP-085-0024-0005)으로 관리됩니다.",
            "id": "sample_085_0024_000013",
            "annotations": [
                {
                    "word": "강태근",
                    "start": 90,
                    "end": 93,
                    "label": "개인정보"
                },
                {
                    "word": "EMP-085-0024-0005",
                    "start": 94,
                    "end": 111,
                    "label": "개인정보"
                }
            ]
        },
        {
            "sentence": "센서 로그(sensor_log) 메타데이터: log_id=SL-085-01, sensor_type=gas_detector, 샘플링주기=5s, 단위=ppm으로 통일하여 저장합니다.",
            "id": "sample_085_0024_000014",
            "annotations": []
        },
        {
            "sentence": "센서 데이터 내용: 타임스탬프 2025-03-15T09:24:55+09:00~2025-03-15T09:30:00+09:00, 결측치=2건, 이상값(outlier)=1건(값=9999ppm, 2025-03-15T09:26:00+09:00)으로 표기합니다.",
            "id": "sample_085_0024_000015",
            "annotations": []
        },
        {
            "sentence": "사진 첨부(photo_attachment) 메타데이터: file_name=photo_incident_085_0001.jpg, mime_type=image/jpeg, size=258432 bytes, checksum_sha256=3a7bd3e9f1a6d5e4b9f2c3d4e5f67890abcdef1234567890abcdef1234567890으로 기록했습니다.",
            "id": "sample_085_0024_000016",
            "annotations": []
        },
        {
            "sentence": "규제 제출(regulatory_report): submission_date=2025-03-16T10:00:00+09:00, regulator=고용노동부(Ministry of Employment and Labor, MOL), 보고서ID=REG-085-2025-01로 제출하였습니다.",
            "id": "sample_085_0024_000017",
            "annotations": []
        },
        {
            "sentence": "감사추적(audit_trail) 항목: entry_id=AT-0001, user=류로이(EMP-085-0024-0006), timestamp=2025-03-15T10:00:00+09:00, 변경내역=시정조치 상태 변경 open->in progress를 기록했습니다.",
            "id": "sample_085_0024_000018",
            "annotations": [
                {
                    "word": "류로이",
                    "start": 45,
                    "end": 48,
                    "label": "개인정보"
                },
                {
                    "word": "EMP-085-0024-0006",
                    "start": 49,
                    "end": 66,
                    "label": "개인정보"
                }
            ]
        },
        {
            "sentence": "준수상태(compliance_status)는 current=non-compliant로 플래그되었으며 관련 증빙은 보존기간 retention=7 years로 설정되어 있습니다.",
            "id": "sample_085_0024_000019",
            "annotations": []
        },
        {
            "sentence": "추정비용(estimated_cost)은 3,500,000 KRW로 책정되었으며 비용분류 및 회계코드는 내부규정에 따라 분리 보관됩니다.",
            "id": "sample_085_0024_000020",
            "annotations": []
        },
        {
            "sentence": "완화계획(mitigation_plan)은 공정정지, 유해물질 차단, PTW 재발급, 대상자 추가교육 및 재평가를 포함합니다.",
            "id": "sample_085_0024_000021",
            "annotations": []
        },
        {
            "sentence": "증거물 체인오브커스토디(COC)는 수집자, 수집시각, 무결성 체크섬을 포함하며 변경 불가 로그로 보관됩니다.",
            "id": "sample_085_0024_000022",
            "annotations": []
        },
        {
            "sentence": "센서 이상값 처리 절차: 이상값은 스파이크로 분류하고 센서 자체 고장 여부를 판단하기 위해 재검정을 계획합니다.",
            "id": "sample_085_0024_000023",
            "annotations": []
        },
        {
            "sentence": "현장 다국어 필드 저장: '화학적 위험' 원문(한국어) 및 표준 영문번역 'chemical hazard'를 함께 보관하여 용어 맵핑을 유지합니다.",
            "id": "sample_085_0024_000024",
            "annotations": []
        },
        {
            "sentence": "체인오브커스토디 수집자 기록에 안채호(EMP-085-0024-0007)가 포함되어 있으며 해당 수집 기록은 서명과 타임스탬프를 포함합니다.",
            "id": "sample_085_0024_000025",
            "annotations": [
                {
                    "word": "안채호",
                    "start": 17,
                    "end": 20,
                    "label": "개인정보"
                },
                {
                    "word": "EMP-085-0024-0007",
                    "start": 21,
                    "end": 38,
                    "label": "개인정보"
                }
            ]
        },
        {
            "sentence": "근접오류 NEAR-085-100 관련 추가 시정조치 CA-085-0008은 담당자=주현재(EMP-085-0024-0008), 상태=critical로 플래그되었고 완료기한=2025-03-20T12:00:00+09:00입니다.",
            "id": "sample_085_0024_000026",
            "annotations": [
                {
                    "word": "주현재",
                    "start": 46,
                    "end": 49,
                    "label": "개인정보"
                },
                {
                    "word": "EMP-085-0024-0008",
                    "start": 50,
                    "end": 67,
                    "label": "개인정보"
                }
            ]
        },
        {
            "sentence": "미완료 고위험 항목은 우선순위로 빨간색 플래그 처리하고 외부감사 및 추가 검증을 통해 종결 처리할 계획입니다.",
            "id": "sample_085_0024_000027",
            "annotations": []
        },
        {
            "sentence": "보고서 작성자 서명란: 작성자=공남희(EMP-085-0024-0009), 소속=안전팀, 작성일=2025-03-15T11:30:00+09:00로 저장됩니다.",
            "id": "sample_085_0024_000028",
            "annotations": [
                {
                    "word": "공남희",
                    "start": 17,
                    "end": 20,
                    "label": "개인정보"
                },
                {
                    "word": "EMP-085-0024-0009",
                    "start": 21,
                    "end": 38,
                    "label": "개인정보"
                },
                {
                    "word": "안전팀",
                    "start": 44,
                    "end": 47,
                    "label": "준식별자"
                }
            ]
        }
    ]
}