{
    "document_id": "085_0090",
    "document_title": "가산동 A공장 화학물질 사고 조사 및 시정조치보고서",
    "data": [
        {
            "sentence": "본 보고서는 산업현장에서 발생한 사고에 대한 조사 및 시정조치 기록을 포함합니다.",
            "id": "sample_085_0090_000001",
            "annotations": []
        },
        {
            "sentence": "문서 식별자(document_id)는 085_0090으로 규정되며 보존기간과 버전정보는 하단에 명시됩니다.",
            "id": "sample_085_0090_000002",
            "annotations": []
        },
        {
            "sentence": "사고 식별자(incident_id)는 INC-085-20250115-0001로 부여되었습니다.",
            "id": "sample_085_0090_000003",
            "annotations": []
        },
        {
            "sentence": "사고 발생 일시(incident_date)는 2025-01-15T14:23:00+09:00로 ISO 8601 표준으로 기록되어 있습니다.",
            "id": "sample_085_0090_000004",
            "annotations": []
        },
        {
            "sentence": "발생 위치: 가산동 A공장(서울특별시 금천구), 위도 37.4785, 경도 126.8882.",
            "id": "sample_085_0090_000005",
            "annotations": [
                {
                    "word": "서울특별시",
                    "start": 15,
                    "end": 20,
                    "label": "준식별자"
                },
                {
                    "word": "금천구",
                    "start": 21,
                    "end": 24,
                    "label": "준식별자"
                },
                {
                    "word": "가산동",
                    "start": 7,
                    "end": 10,
                    "label": "준식별자"
                }
            ]
        },
        {
            "sentence": "위해요인 분류: 화학적(chemical), 물리적(physical), 생물학적(biological), 인체공학적(ergonomic), 정신사회적(psychosocial) 코드북을 사용하여 'chemical'으로 코딩함.",
            "id": "sample_085_0090_000006",
            "annotations": []
        },
        {
            "sentence": "심각도 등급(severity_level)은 표준 통제 어휘에 따라 'major'로 지정되었습니다.",
            "id": "sample_085_0090_000007",
            "annotations": []
        },
        {
            "sentence": "영향을 받은 근로자: 우다훈(사번 EMP-085-0001), 직무: 설비기사(role: equipment operator), 부상유형: 화학물질 접촉에 의한 피부화상(2도).",
            "id": "sample_085_0090_000008",
            "annotations": [
                {
                    "word": "우다훈",
                    "start": 12,
                    "end": 15,
                    "label": "개인정보"
                },
                {
                    "word": "EMP-085-0001",
                    "start": 19,
                    "end": 31,
                    "label": "개인정보"
                }
            ]
        },
        {
            "sentence": "증인: 강하승(사번 EMP-085-0002), 진술은 면담 기록으로 별도 저장됩니다.",
            "id": "sample_085_0090_000009",
            "annotations": [
                {
                    "word": "강하승",
                    "start": 4,
                    "end": 7,
                    "label": "개인정보"
                },
                {
                    "word": "EMP-085-0002",
                    "start": 11,
                    "end": 23,
                    "label": "개인정보"
                }
            ]
        },
        {
            "sentence": "해당 근로자의 생년월일은 1987-05-12로 기록되었으나 개인정보 보호를 위해 원본은 가명화된 별도 저장소에 보관됩니다.",
            "id": "sample_085_0090_000010",
            "annotations": [
                {
                    "word": "1987-05-12",
                    "start": 14,
                    "end": 24,
                    "label": "준식별자"
                }
            ]
        },
        {
            "sentence": "근접오류 보고서 ID는 NM-085-0007이며 관련 로그와 함께 참조됩니다.",
            "id": "sample_085_0090_000011",
            "annotations": []
        },
        {
            "sentence": "위험성 평가서(risk_assessment_id)는 RA-085-20250115-01로 링크되며 통제조치 권고사항을 포함합니다.",
            "id": "sample_085_0090_000012",
            "annotations": []
        },
        {
            "sentence": "점검 보고서(inspection_report_id)는 IR-085-20250115-02로 감사 추적이 가능하게 기록됩니다.",
            "id": "sample_085_0090_000013",
            "annotations": []
        },
        {
            "sentence": "작업허가서(permit_to_work_id)는 PTW-085-0009이며 발행자 및 유효기간이 명시됩니다.",
            "id": "sample_085_0090_000014",
            "annotations": []
        },
        {
            "sentence": "SDS 참조번호(sds_id)는 SDS-CH-085-14이며 물질별 노출한계값 및 취급지침을 포함합니다.",
            "id": "sample_085_0090_000015",
            "annotations": []
        },
        {
            "sentence": "시정조치(corrective_action_id)는 CA-085-1001이며 담당자(assignee): 원승주, 완료기한(due_date): 2025-02-28T23:59:59+09:00, 상태(status): 진행중.",
            "id": "sample_085_0090_000016",
            "annotations": [
                {
                    "word": "원승주",
                    "start": 57,
                    "end": 60,
                    "label": "개인정보"
                }
            ]
        },
        {
            "sentence": "교육기록(training_record_id): TR-085-2019, 과정(course_id): 화학물질 취급 안전교육, 이수일(completion_date): 2024-11-30T10:15:00+09:00.",
            "id": "sample_085_0090_000017",
            "annotations": []
        },
        {
            "sentence": "PPE 발급기록: N95 마스크(ppe_type) 발급일(issued_date): 2025-01-10T08:00:00+09:00.",
            "id": "sample_085_0090_000018",
            "annotations": []
        },
        {
            "sentence": "센서 로그 샘플: 측정타임스탬프 2025-01-15T14:22:30+09:00, 센서유형: H2S 가스센서, 값 12.4 ppm, 단위 ppm, 샘플링 주기 1초, 이상값 없음, 결측치 0건.",
            "id": "sample_085_0090_000019",
            "annotations": []
        },
        {
            "sentence": "센서 메타데이터: 장비ID SN-085-H2S-01, 위치: 가산동 A공장, 단위 표준화 및 샘플링주기 명시.",
            "id": "sample_085_0090_000020",
            "annotations": []
        },
        {
            "sentence": "사진 첨부: 사건 사진 file_name IMG_20250115_1423.jpg, mime_type image/jpeg, 크기 2,450,112 바이트, checksum sha256: 3a7f9b2d4e5c6f7a8b9c0d1e2f3a4b5c6d7e8f9a0b1c2d3e4f5a6b7c8d9e0f1 (체크섬은 예시값임).",
            "id": "sample_085_0090_000021",
            "annotations": []
        },
        {
            "sentence": "첨부파일 무결성 및 체인오브커스토디는 파일별 체크섬과 접근로그로 증빙합니다.",
            "id": "sample_085_0090_000022",
            "annotations": []
        },
        {
            "sentence": "규제 제출(regulatory_report) 제출일(submission_date): 2025-01-20T09:00:00+09:00, 규제기관(regulator): 고용노동부(MOL).",
            "id": "sample_085_0090_000023",
            "annotations": []
        },
        {
            "sentence": "감사추적(audit_trail) 항목: entry_id AT-085-0001, 사용자(user): auditor_admin, 타임스탬프 2025-01-15T15:00:00+09:00, 변경불가(immutable)로 보관됩니다.",
            "id": "sample_085_0090_000024",
            "annotations": [
                {
                    "word": "auditor_admin",
                    "start": 55,
                    "end": 68,
                    "label": "기밀정보"
                }
            ]
        },
        {
            "sentence": "준수상태(compliance_status): 비준수(non-compliant) 항목 1건, 추정비용(estimated_cost): 3,200,000 KRW, 비용추계 방법론을 별도 문서로 보관합니다.",
            "id": "sample_085_0090_000025",
            "annotations": []
        },
        {
            "sentence": "시정조치 우선순위 및 완화계획(mitigation_plan)에는 담당자·완료기한·상태가 포함되며 미완료 고위험 항목은 플래그 처리됩니다.",
            "id": "sample_085_0090_000026",
            "annotations": []
        },
        {
            "sentence": "보존기간(retention_policy): 이 문서는 사건 발생일로부터 최소 7년 보존하며 버전관리 및 접근권한 로그를 유지합니다.",
            "id": "sample_085_0090_000027",
            "annotations": []
        },
        {
            "sentence": "시스템 저장 위치는 온프레미스(국내 데이터센터)로 명시되어 있으며 데이터 주권 요구사항을 준수합니다.",
            "id": "sample_085_0090_000028",
            "annotations": []
        },
        {
            "sentence": "내부 저장 경로: /srv/storage/case_085/IMG_20250115.jpg, 원본은 증거 보관을 위해 오프사이트 백업으로 이관됩니다.",
            "id": "sample_085_0090_000029",
            "annotations": [
                {
                    "word": "/srv/storage/case_085/IMG_20250115.jpg",
                    "start": 10,
                    "end": 48,
                    "label": "기밀정보"
                }
            ]
        },
        {
            "sentence": "결론 및 권고: 즉시 환기 및 해당 물질 취급 절차 개선, 시정조치 완료 후 추적감사 수행을 권고합니다.",
            "id": "sample_085_0090_000030",
            "annotations": []
        }
    ]
}