{
    "document_id": "085_0029",
    "document_title": "공장 A 전기설비 감전사고 조사 및 시정조치 보고서",
    "data": [
        {
            "sentence": "본 문서는 2025-01-12T14:32:00+09:00에 발생한 사고(INC-2025-00029)에 대한 조사·분석·시정조치 계획을 기록한 공식 보고서입니다.",
            "id": "sample_085_0029_000001",
            "annotations": [
                {
                    "word": "INC-2025-00029",
                    "start": 40,
                    "end": 54,
                    "label": "기밀정보"
                }
            ]
        },
        {
            "sentence": "사고 발생 지점은 공장 A 제2전력실(위치: 울산광역시 북구, 위도:35.538300, 경도:129.311400)이며 현장 좌표는 ISO 표준 좌표계에 따라 기록되었습니다.",
            "id": "sample_085_0029_000002",
            "annotations": [
                {
                    "word": "울산광역시 북구",
                    "start": 25,
                    "end": 33,
                    "label": "준식별자"
                }
            ]
        },
        {
            "sentence": "사고 유형은 hazard_type 코드북에 따라 'physical:electrical'로 분류되었으며 위해요인은 전기적 접촉·절연불량으로 확인되었습니다.",
            "id": "sample_085_0029_000003",
            "annotations": []
        },
        {
            "sentence": "심각도는 표준 심각도 코드집에 따라 'major'로 등급화되었으며 초기 영향평가는 작업중지 조치와 외부보고 요건을 수반합니다.",
            "id": "sample_085_0029_000004",
            "annotations": []
        },
        {
            "sentence": "영향을 받은 직원은 합성 사번 EMP-085-0001(이하 가명)로 식별되며 역할은 전기기사(role: 전기기사)이고 부상유형은 전기감전 및 2도 화상으로 보고되었습니다.",
            "id": "sample_085_0029_000005",
            "annotations": [
                {
                    "word": "EMP-085-0001",
                    "start": 17,
                    "end": 29,
                    "label": "개인정보"
                },
                {
                    "word": "전기기사",
                    "start": 47,
                    "end": 51,
                    "label": "준식별자"
                },
                {
                    "word": "전기기사",
                    "start": 58,
                    "end": 62,
                    "label": "준식별자"
                }
            ]
        },
        {
            "sentence": "사고 관련자 가명 표기는 규정에 따라 수행되었으며 실제 개인정보는 내부 접근통제 하에 암호화 저장됩니다.",
            "id": "sample_085_0029_000006",
            "annotations": []
        },
        {
            "sentence": "피해자 이름(가명)은 문별하로 기록되어 있으며 응급처치 후 추가 진단을 위해 외부 병원으로 이송되었습니다.",
            "id": "sample_085_0029_000007",
            "annotations": [
                {
                    "word": "문별하",
                    "start": 12,
                    "end": 15,
                    "label": "개인정보"
                }
            ]
        },
        {
            "sentence": "연락처는 규정 샘플 포맷을 사용하여 010-0000-0001로 기재하였고 이메일은 mbh@sample.corp로 표기하였습니다; 실제 연락처는 암호화 원본에 보관됩니다.",
            "id": "sample_085_0029_000008",
            "annotations": [
                {
                    "word": "010-0000-0001",
                    "start": 20,
                    "end": 33,
                    "label": "개인정보"
                },
                {
                    "word": "mbh@sample.corp",
                    "start": 46,
                    "end": 61,
                    "label": "개인정보"
                }
            ]
        },
        {
            "sentence": "피해자 생년월일은 1990-05-12로 내부 건강기록과 연동되어 노출 모니터링 대상자로 지정되었습니다.",
            "id": "sample_085_0029_000009",
            "annotations": [
                {
                    "word": "1990-05-12",
                    "start": 10,
                    "end": 20,
                    "label": "준식별자"
                }
            ]
        },
        {
            "sentence": "본 사건과 연계된 근접오류 보고서는 NM-2025-004으로 등록되었으며 근접오류 발생 시점은 2025-01-12T14:15:00+09:00로 기록되었습니다.",
            "id": "sample_085_0029_000010",
            "annotations": [
                {
                    "word": "NM-2025-004",
                    "start": 20,
                    "end": 31,
                    "label": "기밀정보"
                }
            ]
        },
        {
            "sentence": "위험성평가 문서(risk_assessment_id: RA-085-2024-11)는 전기설비 작업허가서(permit_to_work_id: PTW-085-20250112)와 대조 검토되었습니다.",
            "id": "sample_085_0029_000011",
            "annotations": [
                {
                    "word": "RA-085-2024-11",
                    "start": 29,
                    "end": 43,
                    "label": "기밀정보"
                },
                {
                    "word": "PTW-085-20250112",
                    "start": 76,
                    "end": 92,
                    "label": "기밀정보"
                }
            ]
        },
        {
            "sentence": "작업허가서 원본은 체인오브커스토디를 위해 내부 경로에 보관되며 파일 경로는 /srv/internal/docs/permit_085_20250112.pdf로 메타데이터에 기록되었습니다.",
            "id": "sample_085_0029_000012",
            "annotations": [
                {
                    "word": "/srv/internal/docs/permit_085_20250112.pdf",
                    "start": 42,
                    "end": 84,
                    "label": "기밀정보"
                }
            ]
        },
        {
            "sentence": "첨부사진은 IMG_INC_085_20250112.jpg로 저장되었고 MIME type은 image/jpeg, 파일크기 3,142,112 바이트, SHA256 체크섬은 e3b0c44298fc1c149afbf4c8996fb92427ae41e4649b934ca495991b7852b855으로 기재되었습니다.",
            "id": "sample_085_0029_000013",
            "annotations": [
                {
                    "word": "IMG_INC_085_20250112.jpg",
                    "start": 6,
                    "end": 30,
                    "label": "기밀정보"
                },
                {
                    "word": "e3b0c44298fc1c149afbf4c8996fb92427ae41e4649b934ca495991b7852b855",
                    "start": 93,
                    "end": 157,
                    "label": "기밀정보"
                }
            ]
        },
        {
            "sentence": "SDS 참조 ID는 SDS-CL-2023-78이며 해당 화학물질은 비가연성 절연유로 분류되어 별도 보관 및 접근 제어가 적용됩니다.",
            "id": "sample_085_0029_000014",
            "annotations": [
                {
                    "word": "SDS-CL-2023-78",
                    "start": 11,
                    "end": 25,
                    "label": "기밀정보"
                }
            ]
        },
        {
            "sentence": "시정조치(ca_id: CA-085-20250112-01)는 상태(status: open), 담당자(assignee: 채은유), 완료기한(due_date: 2025-02-15T17:00:00+09:00)을 포함하며 고위험 미완료 항목은 플래그 처리됩니다.",
            "id": "sample_085_0029_000015",
            "annotations": [
                {
                    "word": "채은유",
                    "start": 65,
                    "end": 68,
                    "label": "개인정보"
                },
                {
                    "word": "2025-02-15T17:00:00+09:00",
                    "start": 86,
                    "end": 111,
                    "label": "일반정보"
                }
            ]
        },
        {
            "sentence": "추가 시정조치로 보호구(PPE) 재검토가 지정되었고 해당 PPE 기록(ppe_type: 절연장갑, issued_date: 2024-12-01T09:00:00+09:00)이 점검되었습니다.",
            "id": "sample_085_0029_000016",
            "annotations": [
                {
                    "word": "절연장갑",
                    "start": 49,
                    "end": 53,
                    "label": "일반정보"
                }
            ]
        },
        {
            "sentence": "교육기록(training_record_id: TR-2024-09-085)은 과정(course_id: ELEC_SAFE_V2) 이수일(completion_date: 2024-11-20T16:00:00+09:00)을 포함하며 일부 근로자는 재교육이 요구됩니다.",
            "id": "sample_085_0029_000017",
            "annotations": [
                {
                    "word": "TR-2024-09-085",
                    "start": 25,
                    "end": 39,
                    "label": "기밀정보"
                }
            ]
        },
        {
            "sentence": "센서 로그는 샘플링 주기(sampling_rate: 1Hz), 단위(unit: V), 로그에는 결측치 및 이상값(outlier: 482.7V, 정상 기준 380±20V 초과)이 명시되어 있습니다.",
            "id": "sample_085_0029_000018",
            "annotations": [
                {
                    "word": "sampling_rate: 1Hz",
                    "start": 14,
                    "end": 32,
                    "label": "일반정보"
                },
                {
                    "word": "482.7V",
                    "start": 72,
                    "end": 78,
                    "label": "일반정보"
                }
            ]
        },
        {
            "sentence": "연속 모니터링 로그 예시: 2025-01-12T14:30:00+09:00, sensor_type: voltage_meter, value: 378.2V; 2025-01-12T14:31:00+09:00, value: null(결측치); 2025-01-12T14:32:00+09:00, value: 482.7V(이상값).",
            "id": "sample_085_0029_000019",
            "annotations": []
        },
        {
            "sentence": "내부 감사 및 규제 제출을 위해 규제보고서(regulatory_report) 제출일은 2025-01-20T10:00:00+09:00이며 제출 기관은 지역산업안전청(regulator: 울산지청)으로 명시됩니다.",
            "id": "sample_085_0029_000020",
            "annotations": []
        },
        {
            "sentence": "감사추적(audit_trail) 항목 중 entry_id: AT-085-0001은 사용자(user: 김기호), 타임스탬프(timestamp: 2025-01-12T15:05:00+09:00)와 함께 변경 로그를 불변형식으로 저장합니다.",
            "id": "sample_085_0029_000021",
            "annotations": [
                {
                    "word": "김기호",
                    "start": 56,
                    "end": 59,
                    "label": "개인정보"
                }
            ]
        },
        {
            "sentence": "추가 감사 항목 entry_id: AT-085-0002는 사용자(user: 우승완), 타임스탬프(timestamp: 2025-01-12T15:12:00+09:00)로 기록되어 접근 이력 검토에 활용됩니다.",
            "id": "sample_085_0029_000022",
            "annotations": [
                {
                    "word": "우승완",
                    "start": 42,
                    "end": 45,
                    "label": "개인정보"
                }
            ]
        },
        {
            "sentence": "규정 준수 상태(compliance_status)는 현재 '부분준수'로 표기되며 예상 보완비용(estimated_cost)은 ₩12,500,000으로 추정되어 예산 반영이 요구됩니다.",
            "id": "sample_085_0029_000023",
            "annotations": [
                {
                    "word": "₩12,500,000",
                    "start": 70,
                    "end": 81,
                    "label": "기밀정보"
                }
            ]
        },
        {
            "sentence": "본 문서는 규제 제출용 문서 요건을 충족하도록 버전관리(version: v1.2), 보존기간(retention_period: 7년), 감사지침(audit_requirements)을 포함하여 설계되었습니다.",
            "id": "sample_085_0029_000024",
            "annotations": []
        },
        {
            "sentence": "완화 계획(mitigation_plan)에는 절연재 교체, 표준작업절차(SOP) 개정, 잠금장치(LOTO) 강화, 주기적 교육이 포함되며 책임 구분과 기한을 명시합니다.",
            "id": "sample_085_0029_000025",
            "annotations": []
        },
        {
            "sentence": "현장 조사 중 확보된 내부 시스템 접속 로그에는 내부 IP(10.8.12.5)와 서비스 경로 기록이 포함되어 있어 보안팀의 추가 조사가 요구됩니다.",
            "id": "sample_085_0029_000026",
            "annotations": [
                {
                    "word": "10.8.12.5",
                    "start": 33,
                    "end": 42,
                    "label": "기밀정보"
                }
            ]
        },
        {
            "sentence": "시정조치의 우선순위는 위험성 재평가 결과에 따라 지정되며 고위험 항목은 시정 완료 전까지 작업정지 플래그를 유지합니다.",
            "id": "sample_085_0029_000027",
            "annotations": []
        },
        {
            "sentence": "외부 제출용 파일 및 증거자료는 체크섬 및 체인오브커스토디 정보를 포함하여 무결성이 검증되며 원본과 복사본의 버전이 명확히 관리됩니다.",
            "id": "sample_085_0029_000028",
            "annotations": []
        },
        {
            "sentence": "보고서 말미에는 관련 연락 담당자(안전담당: 정로아, 보건담당: 심재진)의 합성 식별자와 내부 참조 코드가 포함되어 있으며 실제 연락정보는 접근권한에 따라 분리 보관됩니다.",
            "id": "sample_085_0029_000029",
            "annotations": [
                {
                    "word": "정로아",
                    "start": 25,
                    "end": 28,
                    "label": "개인정보"
                },
                {
                    "word": "심재진",
                    "start": 36,
                    "end": 39,
                    "label": "개인정보"
                }
            ]
        },
        {
            "sentence": "보고서 작성자는 문서 버전 기록에 따라 최종 작성자(작성자: 방재영)와 검토자(검토자: 양규석)를 명시하였으며 결재라인은 내부 규정에 따릅니다.",
            "id": "sample_085_0029_000030",
            "annotations": [
                {
                    "word": "방재영",
                    "start": 34,
                    "end": 37,
                    "label": "개인정보"
                },
                {
                    "word": "양규석",
                    "start": 49,
                    "end": 52,
                    "label": "개인정보"
                }
            ]
        }
    ]
}