{
    "document_id": "017_0044",
    "document_title": "내부 네트워크 침해 사고 조사 및 분석 보고서",
    "data": [
        {
            "sentence": "본 보고서는 2025-11-15T08:00:00Z에 시작된 내부 사이버 보안 사고 조사 요약문서입니다.",
            "id": "sample_017_0044_000001",
            "annotations": []
        },
        {
            "sentence": "탐지 개요: 2025-11-15T07:45:12Z에 IDS 경보가 발생했고, 로그 상 소스 IP는 198.51.100.45로 기록되었습니다.",
            "id": "sample_017_0044_000002",
            "annotations": [
                {
                    "word": "198.51.100.45",
                    "start": 55,
                    "end": 68,
                    "label": "기밀정보"
                }
            ]
        },
        {
            "sentence": "해당 패킷은 프로토콜 TCP 포트 445(파일 공유)로 목적지 203.0.113.10을 향해 있었습니다.",
            "id": "sample_017_0044_000003",
            "annotations": [
                {
                    "word": "203.0.113.10",
                    "start": 35,
                    "end": 47,
                    "label": "기밀정보"
                }
            ]
        },
        {
            "sentence": "EDR 이벤트 타임라인에서는 사용자 노보검의 워크스테이션 asset_id: asset_017_44_aa01에서 이상 프로세스 실행이 감지되었습니다.",
            "id": "sample_017_0044_000004",
            "annotations": [
                {
                    "word": "노보검",
                    "start": 20,
                    "end": 23,
                    "label": "개인정보"
                },
                {
                    "word": "asset_017_44_aa01",
                    "start": 42,
                    "end": 59,
                    "label": "기밀정보"
                }
            ]
        },
        {
            "sentence": "노보검 계정의 로그인 성공 기록은 2025-11-15T07:40:00Z로 확인되었습니다.",
            "id": "sample_017_0044_000005",
            "annotations": [
                {
                    "word": "노보검",
                    "start": 0,
                    "end": 3,
                    "label": "개인정보"
                }
            ]
        },
        {
            "sentence": "사용자 메타데이터에는 성별: 남성, 생년: 1985, 생월: 06, 생일: 15가 포함되어 있어 준식별자로 분류됩니다.",
            "id": "sample_017_0044_000006",
            "annotations": [
                {
                    "word": "남성",
                    "start": 16,
                    "end": 18,
                    "label": "준식별자"
                },
                {
                    "word": "1985",
                    "start": 24,
                    "end": 28,
                    "label": "준식별자"
                },
                {
                    "word": "06",
                    "start": 34,
                    "end": 36,
                    "label": "준식별자"
                },
                {
                    "word": "15",
                    "start": 42,
                    "end": 44,
                    "label": "준식별자"
                }
            ]
        },
        {
            "sentence": "접속 로그에는 사번: EMP-2025-4433가 참조되어 있으며, 이 값은 식별 가능성이 있으므로 개인정보로 분류됩니다.",
            "id": "sample_017_0044_000007",
            "annotations": [
                {
                    "word": "EMP-2025-4433",
                    "start": 12,
                    "end": 25,
                    "label": "개인정보"
                }
            ]
        },
        {
            "sentence": "취약점 스캔 결과로 내부 DB서버 internal-db-01.testnet의 취약점 TEST-CVE-0001이 CVSS 7.5로 탐지되었습니다.",
            "id": "sample_017_0044_000008",
            "annotations": [
                {
                    "word": "internal-db-01.testnet",
                    "start": 19,
                    "end": 41,
                    "label": "기밀정보"
                }
            ]
        },
        {
            "sentence": "취약한 호스트의 IP는 192.0.2.77로 스캔에 의해 확인되었고, 패치 우선순위는 높은 것으로 판정되었습니다.",
            "id": "sample_017_0044_000009",
            "annotations": [
                {
                    "word": "192.0.2.77",
                    "start": 13,
                    "end": 23,
                    "label": "기밀정보"
                }
            ]
        },
        {
            "sentence": "IDS 경보 ID AV-2025-1101는 서명 매칭 기반이며 오탐율은 추정 8%로 모델링되었습니다.",
            "id": "sample_017_0044_000010",
            "annotations": []
        },
        {
            "sentence": "네트워크 트래픽 요약(PCAP 메타): 관련 세션은 2025-11-15T07:44:50Z에 시작되어 2025-11-15T07:45:20Z에 종료되었습니다.",
            "id": "sample_017_0044_000011",
            "annotations": []
        },
        {
            "sentence": "raw_pcap_reference는 민감 페이로드를 제거한 요약 문자열 'PCAP_SUMMARY_20251115_0744'로 대체되어 저장되었습니다.",
            "id": "sample_017_0044_000012",
            "annotations": []
        },
        {
            "sentence": "포렌식 타임라인: 2025-11-15T07:39:58Z 노보검의 워크스테이션에서 프로세스 spawn, 2025-11-15T07:40:10Z 외부 연결 시도가 관찰되었습니다.",
            "id": "sample_017_0044_000013",
            "annotations": [
                {
                    "word": "노보검",
                    "start": 31,
                    "end": 34,
                    "label": "개인정보"
                }
            ]
        },
        {
            "sentence": "추가 IOC로는 파일 해시 sha256: d41d8cd98f00b204e9800998ecf8427e가 보고되었고, confidence_score: 0.72, ttl: 2026-01-15T12:00:00Z, tactic_technique: TA0007:T1027가 포함됩니다.",
            "id": "sample_017_0044_000014",
            "annotations": []
        },
        {
            "sentence": "탐지 심각도는 'high'로 분류되며 근거는 CVSS 7.5 기반 취약점 노출과 이상 연결 행위의 동시 관측입니다.",
            "id": "sample_017_0044_000015",
            "annotations": []
        },
        {
            "sentence": "관련 계정명 'svc_backup'이 내부 스케줄러에서 실행 기록이 있어 해당 계정은 기밀정보로 분류합니다.",
            "id": "sample_017_0044_000016",
            "annotations": [
                {
                    "word": "svc_backup",
                    "start": 8,
                    "end": 18,
                    "label": "기밀정보"
                }
            ]
        },
        {
            "sentence": "로그 상 파일 경로 '/opt/internal/config/secret.conf'에 접근한 흔적이 있어 기밀정보 노출로 간주됩니다.",
            "id": "sample_017_0044_000017",
            "annotations": [
                {
                    "word": "/opt/internal/config/secret.conf",
                    "start": 12,
                    "end": 44,
                    "label": "기밀정보"
                }
            ]
        },
        {
            "sentence": "탐지 대응으로 2025-11-15T08:10:00Z에 asset_id: asset_017_44_aa01을 격리하고 패치 작업을 시작했습니다.",
            "id": "sample_017_0044_000018",
            "annotations": [
                {
                    "word": "asset_017_44_aa01",
                    "start": 40,
                    "end": 57,
                    "label": "기밀정보"
                }
            ]
        },
        {
            "sentence": "티켓 TG-2025-443는 기록되어 대응 상태는 'In Progress'로 남겨졌고 추가 조사가 진행 중입니다.",
            "id": "sample_017_0044_000019",
            "annotations": []
        },
        {
            "sentence": "샘플링 비율은 원본 로그 대비 10%로 설정하였고 압축과 인덱싱 정책을 적용하여 처리 비용을 절감했습니다.",
            "id": "sample_017_0044_000020",
            "annotations": []
        },
        {
            "sentence": "프로비넌스 메타데이터: 생성 툴 'sec-simgen v2.1', 규칙 버전 'rules-2025-11-01', 샘플링 비율 10%로 기록됩니다.",
            "id": "sample_017_0044_000021",
            "annotations": []
        },
        {
            "sentence": "규정 준수 체크 플래그: GDPR_impact=true, KISA_sensitive=true가 설정되어 접근 제한과 감사 트래킹을 권고합니다.",
            "id": "sample_017_0044_000022",
            "annotations": []
        },
        {
            "sentence": "보고서 검토자는 원재율에게 배포되었으며 분배 기록은 감사 로그에 남아 있습니다.",
            "id": "sample_017_0044_000023",
            "annotations": [
                {
                    "word": "원재율",
                    "start": 9,
                    "end": 12,
                    "label": "개인정보"
                }
            ]
        },
        {
            "sentence": "환경 통계: 포트 분포 상 TCP 80/443가 35%, SMB 445가 12%, RDP 3389가 3%로 모델링되었습니다.",
            "id": "sample_017_0044_000024",
            "annotations": []
        },
        {
            "sentence": "탐지율은 전체 이벤트 대비 0.045(4.5%)이며 추정 오탐율은 8%로 설정하여 현실적 범위를 반영했습니다.",
            "id": "sample_017_0044_000025",
            "annotations": []
        },
        {
            "sentence": "권장 조치: 취약 호스트 192.0.2.77에 대한 패치, 'svc_backup' 계정 비밀번호 재설정과 '/opt/internal/config/secret.conf' 접근 통제 강화를 권고합니다.",
            "id": "sample_017_0044_000026",
            "annotations": [
                {
                    "word": "192.0.2.77",
                    "start": 14,
                    "end": 24,
                    "label": "기밀정보"
                },
                {
                    "word": "svc_backup",
                    "start": 34,
                    "end": 44,
                    "label": "기밀정보"
                },
                {
                    "word": "/opt/internal/config/secret.conf",
                    "start": 60,
                    "end": 92,
                    "label": "기밀정보"
                }
            ]
        },
        {
            "sentence": "본 문서의 합성 데이터 표기는 is_synthetic=true로 설정되어 있으며 테스트용 RFC5737/TEST-NET 리소스와 가명화를 사용했습니다.",
            "id": "sample_017_0044_000027",
            "annotations": []
        }
    ]
}