{
    "document_id": "017_0081",
    "document_title": "합성 침해사고 대응 보고서 - 네트워크 및 엔드포인트 분석 (2025-03)",
    "data": [
        {
            "sentence": "본 문서는 2025-03-12T08:00:00Z 기준으로 수집된 합성 사이버 보안 사고 개요를 기술한다.",
            "id": "sample_017_0081_000001",
            "annotations": []
        },
        {
            "sentence": "보고서에는 네트워크 트래픽 요약, IDS 경보, EDR 이벤트, 취약점 스캔 리포트 및 포렌식 타임라인이 포함되어 있다.",
            "id": "sample_017_0081_000002",
            "annotations": []
        },
        {
            "sentence": "데이터는 스트리밍 친화적 스키마로 수집되었으며 샘플링 비율은 1.0%에서 시작해 이상 발생구간은 최대 10%로 동적으로 증가했다.",
            "id": "sample_017_0081_000003",
            "annotations": []
        },
        {
            "sentence": "타임스탬프는 모두 UTC ISO 8601 형식으로 정규화되어 있으며 시스템 간 시간 동기화는 NTP 기반으로 가정했다.",
            "id": "sample_017_0081_000004",
            "annotations": []
        },
        {
            "sentence": "탐지 기준은 low/medium/high/critical 4단계로 통일하였고 각 경보에는 근거와 탐지 룰 버전을 함께 기록했다.",
            "id": "sample_017_0081_000005",
            "annotations": []
        },
        {
            "sentence": "탐지 룰 버전은 rules_v2.4.1이고 재현성 보장을 위해 생성 툴은 synth-gen v1.0을 사용했다.",
            "id": "sample_017_0081_000006",
            "annotations": []
        },
        {
            "sentence": "네트워크 트래픽 샘플에서 의심스러운 세션이 발견되었으며 해당 세션의 메타는 raw_pcap_reference로 요약 제공된다.",
            "id": "sample_017_0081_000007",
            "annotations": []
        },
        {
            "sentence": "raw_pcap_reference: 2025-03-12T07:59:30Z_sample_pcap_summary_1 (원문은 마스킹되어 보관된다).",
            "id": "sample_017_0081_000008",
            "annotations": []
        },
        {
            "sentence": "IDS 알림은 2025-03-12T07:59:45Z에 1건이 발생했고 분류는 anomalous_tcp_seq로 기록되었다.",
            "id": "sample_017_0081_000009",
            "annotations": []
        },
        {
            "sentence": "해당 세션에서 송신지 IP는 192.0.2.45로 식별되었고 수신지 IP는 198.51.100.23으로 확인되었다.",
            "id": "sample_017_0081_000010",
            "annotations": [
                {
                    "word": "192.0.2.45",
                    "start": 16,
                    "end": 26,
                    "label": "기밀정보"
                },
                {
                    "word": "198.51.100.23",
                    "start": 42,
                    "end": 55,
                    "label": "기밀정보"
                }
            ]
        },
        {
            "sentence": "로그에서 asset_id: asset_017_0001이 취약한 서비스 포트를 통해 비정상 연결을 수신한 흔적이 탐지되었다.",
            "id": "sample_017_0081_000011",
            "annotations": [
                {
                    "word": "asset_017_0001",
                    "start": 15,
                    "end": 29,
                    "label": "기밀정보"
                }
            ]
        },
        {
            "sentence": "EDR 이벤트에는 프로세스 실행 흐름과 사용자 context가 포함되며 예시로 사용자 user_017_0042(성별:남성, 생년월일:1990-05-21)가 2025-03-10T03:12:20Z에 로그인했다.",
            "id": "sample_017_0081_000012",
            "annotations": [
                {
                    "word": "user_017_0042",
                    "start": 48,
                    "end": 61,
                    "label": "개인정보"
                },
                {
                    "word": "남성",
                    "start": 65,
                    "end": 67,
                    "label": "준식별자"
                },
                {
                    "word": "1990-05-21",
                    "start": 74,
                    "end": 84,
                    "label": "준식별자"
                }
            ]
        },
        {
            "sentence": "해당 사용자 계정과 매핑되는 이름은 안탁이며 내부 감사용으로 가명 표기가 적용되었다.",
            "id": "sample_017_0081_000013",
            "annotations": [
                {
                    "word": "안탁",
                    "start": 20,
                    "end": 22,
                    "label": "개인정보"
                }
            ]
        },
        {
            "sentence": "또 다른 관련 계정으로 나선빈(소속:보안운영팀, 시:서울특별시)이 동일 호스트에서 의심스러운 파일 접근을 시도한 로그가 존재한다.",
            "id": "sample_017_0081_000014",
            "annotations": [
                {
                    "word": "나선빈",
                    "start": 13,
                    "end": 16,
                    "label": "개인정보"
                },
                {
                    "word": "보안운영팀",
                    "start": 20,
                    "end": 25,
                    "label": "준식별자"
                },
                {
                    "word": "서울특별시",
                    "start": 29,
                    "end": 34,
                    "label": "준식별자"
                }
            ]
        },
        {
            "sentence": "파일 경로 /srv/internal/config/secret.conf에 대한 접근은 권한 상승 시나리오의 핵심 단서로 기록되었다.",
            "id": "sample_017_0081_000015",
            "annotations": [
                {
                    "word": "/srv/internal/config/secret.conf",
                    "start": 6,
                    "end": 38,
                    "label": "기밀정보"
                }
            ]
        },
        {
            "sentence": "취약점 스캔 결과 요약: TEST-2025-0001 취약, CVSS 9.1, 악용가능성 높음으로 평가되어 패치 우선순위를 높음으로 설정했다.",
            "id": "sample_017_0081_000016",
            "annotations": []
        },
        {
            "sentence": "취약점 근거는 포트 3389(RDP)에서의 서비스 노출과 인증 우회 시나리오에서의 유효성 검증 결과를 기반으로 한다.",
            "id": "sample_017_0081_000017",
            "annotations": []
        },
        {
            "sentence": "IOC 목록에는 203.0.113.77, C2 도메인 maltest.example.test 및 SHA256 요약이 포함되어 있다.",
            "id": "sample_017_0081_000018",
            "annotations": [
                {
                    "word": "203.0.113.77",
                    "start": 9,
                    "end": 21,
                    "label": "기밀정보"
                },
                {
                    "word": "maltest.example.test",
                    "start": 30,
                    "end": 50,
                    "label": "기밀정보"
                }
            ]
        },
        {
            "sentence": "각 IOC에는 confidence_score:0.85, ttl:2025-04-12T08:00:00Z, tactic_technique:TA0001/T1566(MITRE) 형태의 메타를 부여했다.",
            "id": "sample_017_0081_000019",
            "annotations": []
        },
        {
            "sentence": "포렌식 타임라인은 2025-03-10T03:00:00Z부터 2025-03-12T08:00:00Z까지의 이벤트를 포함하며 상관관계 분석 결과를 첨부했다.",
            "id": "sample_017_0081_000020",
            "annotations": []
        },
        {
            "sentence": "증거 보관 정책과 GDPR 준수 검토 결과, 사용자 이름과 이메일은 별도 접근 제약을 두고 암호화된 로그로 보관한다.",
            "id": "sample_017_0081_000021",
            "annotations": []
        },
        {
            "sentence": "사건 티켓 INC-2025-081이 생성되었고 담당자 가명은 민율찬으로 기표되었다.",
            "id": "sample_017_0081_000022",
            "annotations": [
                {
                    "word": "민율찬",
                    "start": 34,
                    "end": 37,
                    "label": "개인정보"
                }
            ]
        },
        {
            "sentence": "접근 로그 샘플: 2025-03-10T03:12:20Z, user_017_0042, 나선빈, src_ip=203.0.113.21, src_port=53245, protocol=TCP.",
            "id": "sample_017_0081_000023",
            "annotations": [
                {
                    "word": "user_017_0042",
                    "start": 32,
                    "end": 45,
                    "label": "개인정보"
                },
                {
                    "word": "나선빈",
                    "start": 47,
                    "end": 50,
                    "label": "개인정보"
                },
                {
                    "word": "203.0.113.21",
                    "start": 59,
                    "end": 71,
                    "label": "기밀정보"
                }
            ]
        },
        {
            "sentence": "구성 변경 이력에는 VPN 엔드포인트 vpn-corp-01.internal과 내부 LDAP 경로 ldap://10.0.0.5/cn=users가 포함되어 있다.",
            "id": "sample_017_0081_000024",
            "annotations": [
                {
                    "word": "vpn-corp-01.internal",
                    "start": 21,
                    "end": 41,
                    "label": "기밀정보"
                },
                {
                    "word": "10.0.0.5",
                    "start": 61,
                    "end": 69,
                    "label": "기밀정보"
                }
            ]
        },
        {
            "sentence": "탐지 성능: 전체 이벤트 120,000건 중 경보 발생 1,850건, 탐지율 1.54%, 추정 오탐률 12%로 모델링했다.",
            "id": "sample_017_0081_000025",
            "annotations": []
        },
        {
            "sentence": "포트 및 프로토콜 분포는 TCP 72%, UDP 20%, ICMP 8%이며 상위 포트는 80, 443, 3389 순으로 관측되었다.",
            "id": "sample_017_0081_000026",
            "annotations": []
        },
        {
            "sentence": "증상 요약: 비정상 세션 연결과 권한 상승 흔적, 내부 파일 무단 접근, 외부 C2 통신 의심을 주요 지표로 기록했다.",
            "id": "sample_017_0081_000027",
            "annotations": []
        },
        {
            "sentence": "권고 조치: 즉시 관련 호스트의 네트워크 분리, 취약점 패치, 계정 비활성화 및 로그 보존을 권고한다.",
            "id": "sample_017_0081_000028",
            "annotations": []
        },
        {
            "sentence": "프로비넌스 메타: 생성툴 synth-gen v1.0, 규칙버전 rules_v2.4.1, 샘플링비율 표준 0.01, is_synthetic=true로 표기한다.",
            "id": "sample_017_0081_000029",
            "annotations": []
        },
        {
            "sentence": "접근 제한 권고: GDPR 및 KISA 준수 필요 항목에는 gdpr_flag:true와 access_restriction:high를 설정하였으며 별도 감사 로그를 권고한다.",
            "id": "sample_017_0081_000030",
            "annotations": []
        },
        {
            "sentence": "연락처는 가명 이메일 naseonbin@example.test로 기록되었으며 실제 연락처는 로그에서 마스킹되어 있다.",
            "id": "sample_017_0081_000031",
            "annotations": [
                {
                    "word": "naseonbin@example.test",
                    "start": 12,
                    "end": 34,
                    "label": "개인정보"
                }
            ]
        }
    ]
}