{
    "document_id": "017_0068",
    "document_title": "침해사고 대응 보고서 - 네트워크·엔드포인트 상관관계 및 포렌식 요약",
    "data": [
        {
            "sentence": "본 문서는 2025-12-01에 수집된 네트워크 및 엔드포인트 로그를 기반으로 한 침해사고 대응 보고서이며 분석 목적과 권한 범위를 명시합니다.",
            "id": "sample_017_0068_000001",
            "annotations": []
        },
        {
            "sentence": "문서 메타데이터: document_id=017_0068, is_synthetic=true, created_at=2025-12-01T08:00:00Z, timezone=UTC로 표준화되어 있습니다.",
            "id": "sample_017_0068_000002",
            "annotations": []
        },
        {
            "sentence": "Provenance: 생성툴=SimSecLab v1.3, 규칙버전=2025-12-01.r1, 샘플링율=0.10(10%), 재현성 정보 포함입니다.",
            "id": "sample_017_0068_000003",
            "annotations": []
        },
        {
            "sentence": "탐지 요약: 초기 이상패턴은 2025-12-01T07:42:10Z에 감지되었으며 이후 상관관계 분석으로 에스컬레이션되었습니다.",
            "id": "sample_017_0068_000004",
            "annotations": []
        },
        {
            "sentence": "IDS 최초 경보(2025-12-01T07:42:12Z): 목적지 IP 192.0.2.45에서 의심스러운 실행 트래픽이 관찰되었으며 서명 기반 탐지와 이상행위 점수가 결합되어 경보가 발생했습니다.",
            "id": "sample_017_0068_000005",
            "annotations": [
                {
                    "word": "192.0.2.45",
                    "start": 40,
                    "end": 50,
                    "label": "기밀정보"
                }
            ]
        },
        {
            "sentence": "EDR 이벤트(2025-12-01T07:42:15Z): asset_id=asset_042에서 프로세스 인젝션 탐지, user_id=user_1001(사용자: 신라윤) 계정으로 프로세스 실행이 확인되었습니다.",
            "id": "sample_017_0068_000006",
            "annotations": [
                {
                    "word": "asset_042",
                    "start": 40,
                    "end": 49,
                    "label": "기밀정보"
                },
                {
                    "word": "user_1001",
                    "start": 73,
                    "end": 82,
                    "label": "개인정보"
                },
                {
                    "word": "신라윤",
                    "start": 88,
                    "end": 91,
                    "label": "개인정보"
                }
            ]
        },
        {
            "sentence": "접속 로그(2025-12-01T07:40:00Z): 인증 성공 항목에 사용자 이메일 test.user@example.test가 기록되어 있으며 세션 토큰 발급 내역이 남아있습니다.",
            "id": "sample_017_0068_000007",
            "annotations": [
                {
                    "word": "test.user@example.test",
                    "start": 47,
                    "end": 69,
                    "label": "개인정보"
                }
            ]
        },
        {
            "sentence": "사용자 프로필(수집): 성별=여자, 생년=1985, 생월=07, 생일=12, 소속=서비스운영팀으로 시스템 사용자 메타데이터가 동기화되어 있습니다.",
            "id": "sample_017_0068_000008",
            "annotations": [
                {
                    "word": "여자",
                    "start": 16,
                    "end": 18,
                    "label": "준식별자"
                },
                {
                    "word": "1985",
                    "start": 23,
                    "end": 27,
                    "label": "준식별자"
                },
                {
                    "word": "07",
                    "start": 32,
                    "end": 34,
                    "label": "준식별자"
                },
                {
                    "word": "12",
                    "start": 39,
                    "end": 41,
                    "label": "준식별자"
                },
                {
                    "word": "서비스운영팀",
                    "start": 46,
                    "end": 52,
                    "label": "준식별자"
                }
            ]
        },
        {
            "sentence": "PCAP 메타데이터: capture_id=pcap_0001, 캡처창 2025-12-01T07:40:00Z-2025-12-01T07:50:00Z, raw_pcap_reference는 민감정보 마스킹으로 [pcap_meta:redacted] 표기합니다.",
            "id": "sample_017_0068_000009",
            "annotations": []
        },
        {
            "sentence": "IDS 세부: alert_id=sig-789, signature='ET MALWARE Executable', confidence_score=0.92, ttl=2025-12-15T07:42:12Z, tactic_technique=Initial Access (T1190)로 매핑되었습니다.",
            "id": "sample_017_0068_000010",
            "annotations": []
        },
        {
            "sentence": "위협 인텔리전스(도메인 IOC): 'malicious.example.test'가 C2 도메인으로 식별되었으며 confidence_score=0.88, ttl=2025-12-08T00:00:00Z, tactic_technique=Command and Control (T1071)입니다.",
            "id": "sample_017_0068_000011",
            "annotations": [
                {
                    "word": "malicious.example.test",
                    "start": 20,
                    "end": 42,
                    "label": "기밀정보"
                }
            ]
        },
        {
            "sentence": "위협 인텔리전스(네트워크 IOC): 소스 IP 198.51.100.23가 의심 활동에 반복 관여했으며 confidence_score=0.95, ttl=2025-12-10T00:00:00Z, tactic_technique=Command and Control (T1071)로 표기합니다.",
            "id": "sample_017_0068_000012",
            "annotations": [
                {
                    "word": "198.51.100.23",
                    "start": 26,
                    "end": 39,
                    "label": "기밀정보"
                }
            ]
        },
        {
            "sentence": "파일 IOC: SHA256=9f86d081884c7d659a2feaa0c55ad015a3bf4f1b2b0b822cd15d6c15b0f00a08가 관련 악성 샘플로 등록되었고 confidence_score=0.90, ttl=2025-12-12T00:00:00Z, tactic_technique=Execution (T1204)입니다.",
            "id": "sample_017_0068_000013",
            "annotations": [
                {
                    "word": "9f86d081884c7d659a2feaa0c55ad015a3bf4f1b2b0b822cd15d6c15b0f00a08",
                    "start": 15,
                    "end": 79,
                    "label": "기밀정보"
                }
            ]
        },
        {
            "sentence": "취약점 스캔 결과: 합성 식별자 CVE-2025-TEST0001이 asset_042에서 감지되었고 CVSS 7.8로 산정되어 severity=high, 조치권고(패치 권고)를 제시합니다.",
            "id": "sample_017_0068_000014",
            "annotations": [
                {
                    "word": "asset_042",
                    "start": 37,
                    "end": 46,
                    "label": "기밀정보"
                }
            ]
        },
        {
            "sentence": "취약한 파일/서비스: 내부 저장소 경로 '/srv/internal/credentials.db'에서 민감 자격증명 흔적이 발견되었고, 내부 VPN 호스트 vpn.internal.test와 연관성이 확인되었습니다.",
            "id": "sample_017_0068_000015",
            "annotations": [
                {
                    "word": "/srv/internal/credentials.db",
                    "start": 23,
                    "end": 51,
                    "label": "기밀정보"
                },
                {
                    "word": "vpn.internal.test",
                    "start": 85,
                    "end": 102,
                    "label": "기밀정보"
                }
            ]
        },
        {
            "sentence": "구성 변경 이력(2025-11-30T23:59:00Z): 변경자=안규연, 변경내역=방화벽 룰셋 수정(포트 제한 완화), 변경 전후 해시와 승인이 기록되어 있습니다.",
            "id": "sample_017_0068_000016",
            "annotations": [
                {
                    "word": "안규연",
                    "start": 36,
                    "end": 39,
                    "label": "개인정보"
                }
            ]
        },
        {
            "sentence": "사건 티켓(생성 2025-12-01T08:05:00Z): ticket_id=TKT-2025-0001, 담당자=류단비, 상태=조사중, 우선순위=높음으로 레코드화했습니다.",
            "id": "sample_017_0068_000017",
            "annotations": [
                {
                    "word": "TKT-2025-0001",
                    "start": 42,
                    "end": 55,
                    "label": "기밀정보"
                },
                {
                    "word": "류단비",
                    "start": 61,
                    "end": 64,
                    "label": "개인정보"
                }
            ]
        },
        {
            "sentence": "상관관계 매핑: IDS(sig-789)와 EDR(edr-555)의 이벤트가 동일 세션과 동일 프로세스 흐름으로 연결되어 severity=critical로 에스컬레이션되었으며 근거는 이상행동 기반 점수와 CVSS 기준입니다.",
            "id": "sample_017_0068_000018",
            "annotations": []
        },
        {
            "sentence": "포렌식 조치(2025-12-01T08:10:00Z): asset_042를 네트워크에서 격리하고 이미지 수집을 시작했으며 변경 불가 보존 모드를 적용했습니다.",
            "id": "sample_017_0068_000019",
            "annotations": [
                {
                    "word": "asset_042",
                    "start": 30,
                    "end": 39,
                    "label": "기밀정보"
                }
            ]
        },
        {
            "sentence": "EDR 대응: 의심 프로세스 강제 종료 및 관련 파일 격리 조치가 수행되었고 샘플 참조는 해시 일부를 마스킹해 '9f86d081...00a08'로 기록했습니다.",
            "id": "sample_017_0068_000020",
            "annotations": [
                {
                    "word": "9f86d081...00a08",
                    "start": 63,
                    "end": 79,
                    "label": "기밀정보"
                }
            ]
        },
        {
            "sentence": "원시로그 요약: raw_log 항목은 민감정보 마스킹으로 '[redacted:auth.log:entries=12]'와 같이 기록되며 raw_pcap_reference는 별도 안전 저장소에 보관됩니다.",
            "id": "sample_017_0068_000021",
            "annotations": [
                {
                    "word": "auth.log",
                    "start": 43,
                    "end": 51,
                    "label": "기밀정보"
                }
            ]
        },
        {
            "sentence": "데이터 보존 및 접근제어: gdpr_affected=true, kisa_flag=true로 표시하고 민감 규정 준수 접근제한을 권고합니다.",
            "id": "sample_017_0068_000022",
            "annotations": []
        },
        {
            "sentence": "인덱싱·샘플링 정책: 샘플링율=0.10(10%), 압축=gzip, 샤드수=7로 설정해 대용량 로그 보관과 검색 성능을 균형화했습니다.",
            "id": "sample_017_0068_000023",
            "annotations": []
        },
        {
            "sentence": "통계: 포트/프로토콜 분포(샘플): 포트80=35%, 포트443=50%, 포트22=5%, 탐지율(detection_rate)=0.78, 오탐률(false_positive_rate)=0.12로 모델링했습니다.",
            "id": "sample_017_0068_000024",
            "annotations": []
        },
        {
            "sentence": "보안정책 변경: 정책ID=POL-2025-11의 승인 워크플로가 업데이트되었고 변경 이력은 감사 로그에 저장되어 있습니다.",
            "id": "sample_017_0068_000025",
            "annotations": []
        },
        {
            "sentence": "권고 조치: asset_042 패치 수행, IP 198.51.100.23 및 도메인 malicious.example.test 차단, 내부 자격증명 교체 및 모니터링 강화 권고합니다.",
            "id": "sample_017_0068_000026",
            "annotations": [
                {
                    "word": "asset_042",
                    "start": 7,
                    "end": 16,
                    "label": "기밀정보"
                },
                {
                    "word": "malicious.example.test",
                    "start": 47,
                    "end": 69,
                    "label": "기밀정보"
                },
                {
                    "word": "198.51.100.23",
                    "start": 27,
                    "end": 40,
                    "label": "기밀정보"
                }
            ]
        },
        {
            "sentence": "부록(가명 처리): 조사 관련 내부 대응자 목록에는 문이슬, 윤지효 등이 포함되어 있으며 모두 가명으로 표기했습니다.",
            "id": "sample_017_0068_000027",
            "annotations": [
                {
                    "word": "문이슬",
                    "start": 29,
                    "end": 32,
                    "label": "개인정보"
                },
                {
                    "word": "윤지효",
                    "start": 34,
                    "end": 37,
                    "label": "개인정보"
                }
            ]
        },
        {
            "sentence": "마지막으로 본 문서의 모든 타임스탬프는 UTC ISO 8601 형식으로 표기되었으며 시스템 간 시간 동기화를 전제로 분석을 진행했음을 확인합니다.",
            "id": "sample_017_0068_000028",
            "annotations": []
        }
    ]
}