{
    "document_id": "017_0023",
    "document_title": "침해사고 대응 및 위협 인텔리전스 종합보고서",
    "data": [
        {
            "sentence": "본 문서는 2025년 12월 1일 발생한 사이버 보안 사고에 대한 분석과 대응 기록을 종합한 보고서입니다.",
            "id": "sample_017_0023_000001",
            "annotations": []
        },
        {
            "sentence": "문서는 범위, 탐지 요약, 포렌식 타임라인, 취약점 스캔 결과, IOC 목록, 대응 권고 및 규정 준수 지침으로 구성됩니다.",
            "id": "sample_017_0023_000002",
            "annotations": []
        },
        {
            "sentence": "리드 분석가는 박설하이며 본 보고서의 기술·분석 책임을 맡아 타임라인과 증거를 검증했습니다.",
            "id": "sample_017_0023_000003",
            "annotations": [
                {
                    "word": "박설하",
                    "start": 8,
                    "end": 11,
                    "label": "개인정보"
                }
            ]
        },
        {
            "sentence": "초기 탐지는 2025-12-01T08:15:00Z에 네트워크 IDS에서 발생하였고 해당 이벤트는 UTC 기준으로 기록되어 시간적 정합성이 확보되었습니다.",
            "id": "sample_017_0023_000004",
            "annotations": []
        },
        {
            "sentence": "IDS 경보는 비정상적 대역폭 상승과 포트스캐닝 패턴을 동시 검출하여 심각도 high로 표시되었으며 근거는 이상트래픽 임계치 초과입니다.",
            "id": "sample_017_0023_000005",
            "annotations": []
        },
        {
            "sentence": "EDR 이벤트에서는 사용자 식별자 user-0001이 2025-12-01T08:14:56Z에 의심스러운 쉘 실행을 발생시킨 자산 asset-001에서 프로세스 생성 로그가 확인되었습니다.",
            "id": "sample_017_0023_000006",
            "annotations": [
                {
                    "word": "user-0001",
                    "start": 19,
                    "end": 28,
                    "label": "개인정보"
                },
                {
                    "word": "asset-001",
                    "start": 72,
                    "end": 81,
                    "label": "기밀정보"
                }
            ]
        },
        {
            "sentence": "자산 인벤토리 항목에는 자산 분류, 운영체제, 설치된 에이전트 버전 및 최근 패치 이력이 스트럭처로 저장되어 있습니다.",
            "id": "sample_017_0023_000007",
            "annotations": []
        },
        {
            "sentence": "분석 중 내부 서비스 IP 192.0.2.45에서 의심스러운 외부 연결 시도가 확인되어 네트워크 레벨에서 트래픽 차단을 수행했습니다.",
            "id": "sample_017_0023_000008",
            "annotations": [
                {
                    "word": "192.0.2.45",
                    "start": 15,
                    "end": 25,
                    "label": "기밀정보"
                }
            ]
        },
        {
            "sentence": "포렌식 단계에서 /srv/internal/secrets.conf 파일에 대한 비정상적 접근 로그가 2025-12-01T08:16:12Z에 기록된 것이 확인되었습니다.",
            "id": "sample_017_0023_000009",
            "annotations": [
                {
                    "word": "/srv/internal/secrets.conf",
                    "start": 9,
                    "end": 35,
                    "label": "기밀정보"
                }
            ]
        },
        {
            "sentence": "해당 접근은 서비스 계정 svc_admin으로 수행된 것으로 보이며 계정 권한 검토와 비밀번호 교체 권고가 즉시 발령되었습니다.",
            "id": "sample_017_0023_000010",
            "annotations": [
                {
                    "word": "svc_admin",
                    "start": 14,
                    "end": 23,
                    "label": "기밀정보"
                }
            ]
        },
        {
            "sentence": "외부 접속점으로 사용된 VPN 엔드포인트는 198.51.100.12로 확인되었으며 접속 로그는 보존 및 추가 분석 대상입니다.",
            "id": "sample_017_0023_000011",
            "annotations": [
                {
                    "word": "198.51.100.12",
                    "start": 24,
                    "end": 37,
                    "label": "기밀정보"
                }
            ]
        },
        {
            "sentence": "사건 대응 팀은 테스트기관-보안운영팀과 협업하여 로그 수집과 증거 보전을 진행했습니다.",
            "id": "sample_017_0023_000012",
            "annotations": [
                {
                    "word": "테스트기관-보안운영팀",
                    "start": 9,
                    "end": 20,
                    "label": "준식별자"
                }
            ]
        },
        {
            "sentence": "담당자 직책은 보안분석가로 표기되며 역할 분담과 승인 기록은 내부 감사용으로 별도 보관됩니다.",
            "id": "sample_017_0023_000013",
            "annotations": [
                {
                    "word": "보안분석가",
                    "start": 8,
                    "end": 13,
                    "label": "준식별자"
                }
            ]
        },
        {
            "sentence": "샘플 사용자 메타데이터에는 생년월일 항목이 테스트용으로 포함되었고 예시는 1985-07-21 형태로 표기되어 있습니다.",
            "id": "sample_017_0023_000014",
            "annotations": [
                {
                    "word": "1985-07-21",
                    "start": 41,
                    "end": 51,
                    "label": "준식별자"
                }
            ]
        },
        {
            "sentence": "익명화된 주소 예시는 시: 테스트시, 군/구: 테스트구 형태로 분리 저장되어 준식별자 처리가 적용됩니다.",
            "id": "sample_017_0023_000015",
            "annotations": [
                {
                    "word": "테스트시",
                    "start": 15,
                    "end": 19,
                    "label": "준식별자"
                },
                {
                    "word": "테스트구",
                    "start": 26,
                    "end": 30,
                    "label": "준식별자"
                }
            ]
        },
        {
            "sentence": "취약점 스캔 결과에는 테스트용 식별자 CVE-TEST-2025-0001이 발견되었고 CVSS 기준으로 점수는 7.8로 평가되어 우선 패치 권고대상으로 분류했습니다.",
            "id": "sample_017_0023_000016",
            "annotations": []
        },
        {
            "sentence": "위협 인텔리전스 섹션의 IOC 예시는 203.0.113.76이며 각 IOC에는 confidence_score=0.85, ttl=2025-12-08T08:15:00Z, tactic_technique 매핑(T1078,T1059)이 포함됩니다.",
            "id": "sample_017_0023_000017",
            "annotations": [
                {
                    "word": "203.0.113.76",
                    "start": 21,
                    "end": 33,
                    "label": "기밀정보"
                }
            ]
        },
        {
            "sentence": "raw_pcap_reference는 원본 PCAP을 포함하지 않고 pcap_summary_id: pcap-20251201-0001 및 패킷수: 12,000과 요약 필드만 제공됩니다.",
            "id": "sample_017_0023_000018",
            "annotations": []
        },
        {
            "sentence": "IDS/EDR 상관관계 매핑은 서명명, 연관 자산, 탐지 시간 및 근거(이상행동·시그니처)를 포함해 자동 상관 규칙으로 저장됩니다.",
            "id": "sample_017_0023_000019",
            "annotations": []
        },
        {
            "sentence": "포렌식 타임라인은 UTC ISO 8601로 정렬되어 있으며 탐지 2025-12-01T08:15:00Z, 에스컬레이션 2025-12-01T08:20:30Z, 격리 2025-12-01T09:00:00Z 순으로 기록됩니다.",
            "id": "sample_017_0023_000020",
            "annotations": []
        },
        {
            "sentence": "사건 티켓 INC-20251201-0001은 user-0001에 할당되었고 상태는 '조사중'으로 표기되어 추적 로그에 남아 있습니다.",
            "id": "sample_017_0023_000021",
            "annotations": [
                {
                    "word": "user-0001",
                    "start": 25,
                    "end": 34,
                    "label": "개인정보"
                }
            ]
        },
        {
            "sentence": "구성 변경 이력에서는 asset-001에 대해 2025-12-01T10:05:00Z에 임시 차단 룰이 적용된 기록이 남아 있습니다.",
            "id": "sample_017_0023_000022",
            "annotations": [
                {
                    "word": "asset-001",
                    "start": 12,
                    "end": 21,
                    "label": "기밀정보"
                }
            ]
        },
        {
            "sentence": "접근 로그 요약은 포트/프로토콜 분포를 포함하며 80/tcp, 443/tcp, 22/tcp가 상위 3개 포트를 차지하는 현실적 분포로 모델링했습니다.",
            "id": "sample_017_0023_000023",
            "annotations": []
        },
        {
            "sentence": "프로비넌스 메타데이터에는 generation_tool: ThreatDocGen v1.2, rule_version: r2025-12-01, sampling_rate: 1.0%가 포함되어 재현 가능성을 보장합니다.",
            "id": "sample_017_0023_000024",
            "annotations": []
        },
        {
            "sentence": "GDPR_KISA_flag는 사용자 식별자와 로그인 로그에 대해 true로 설정되어 접근 제약과 감사 로그 보존 정책을 권고합니다.",
            "id": "sample_017_0023_000025",
            "annotations": []
        },
        {
            "sentence": "권고 조치에는 계정 비밀번호 변경, 영향 자산 격리, 취약점 패치(CVE-TEST-2025-0001 우선적용), 그리고 추가 모니터링 플레이북 실행이 포함됩니다.",
            "id": "sample_017_0023_000026",
            "annotations": []
        },
        {
            "sentence": "탐지 통계는 전체 이벤트 대비 탐지율 92%, 추정 오탐율 8%로 보고되었고 이는 룰 튜닝과 샘플링 전략으로 더욱 최적화 가능합니다.",
            "id": "sample_017_0023_000027",
            "annotations": []
        },
        {
            "sentence": "결론적으로 격리와 초기 차단 조치로 추가 유출은 차단된 것으로 보이나 근본 원인 제거와 권한 재검토가 필요합니다.",
            "id": "sample_017_0023_000028",
            "annotations": []
        }
    ]
}