{
    "document_id": "017_0006",
    "document_title": "사이버 침해 사고 대응 및 분석 보고서(합성 데이터)",
    "data": [
        {
            "sentence": "문서 개요: 본 보고서는 2025-12-28T08:00:00Z 기준으로 수집된 사이버 보안 사고 대응 및 분석 결과를 요약합니다.",
            "id": "sample_017_0006_000001",
            "annotations": []
        },
        {
            "sentence": "작성자(조치 담당): 오연성, 손윤하, 배솔비가 사건 대응팀으로 지정되어 역할 분담을 수행했습니다.",
            "id": "sample_017_0006_000002",
            "annotations": [
                {
                    "word": "오연성",
                    "start": 12,
                    "end": 15,
                    "label": "개인정보"
                },
                {
                    "word": "손윤하",
                    "start": 17,
                    "end": 20,
                    "label": "개인정보"
                },
                {
                    "word": "배솔비",
                    "start": 22,
                    "end": 25,
                    "label": "개인정보"
                }
            ]
        },
        {
            "sentence": "사건 요약: 2025-12-27T22:14:05Z에 내부 시스템 간 비정상적 트래픽이 탐지되어 초기 경보가 생성되었습니다.",
            "id": "sample_017_0006_000003",
            "annotations": []
        },
        {
            "sentence": "탐지 소스는 네트워크 센서이며 관련 호스트는 asset_id: asset-017-0006-01와 호스트네임 srv-app-01으로 식별되었습니다.",
            "id": "sample_017_0006_000004",
            "annotations": [
                {
                    "word": "asset-017-0006-01",
                    "start": 35,
                    "end": 52,
                    "label": "기밀정보"
                },
                {
                    "word": "srv-app-01",
                    "start": 60,
                    "end": 70,
                    "label": "기밀정보"
                }
            ]
        },
        {
            "sentence": "해당 호스트의 IP는 192.0.2.45(테스트 대역, RFC5737)로 내부망에서 비정상 연결이 수립된 것이 확인되었습니다.",
            "id": "sample_017_0006_000005",
            "annotations": [
                {
                    "word": "192.0.2.45",
                    "start": 12,
                    "end": 22,
                    "label": "기밀정보"
                }
            ]
        },
        {
            "sentence": "로그 샘플(요약): 2025-12-27T22:13:58Z 로그인 시도 user_id=user-017-0006-0001가 실패하고 이후 성공하여 세션 생성 로그가 확인되었습니다.",
            "id": "sample_017_0006_000006",
            "annotations": [
                {
                    "word": "user-017-0006-0001",
                    "start": 47,
                    "end": 65,
                    "label": "개인정보"
                }
            ]
        },
        {
            "sentence": "추가로 외부로 향하는 연결은 198.51.100.23:443로 요약되며, 이 IP는 RFC5737 테스트 대역을 사용한 것으로 표기했습니다.",
            "id": "sample_017_0006_000007",
            "annotations": [
                {
                    "word": "198.51.100.23",
                    "start": 16,
                    "end": 29,
                    "label": "기밀정보"
                }
            ]
        },
        {
            "sentence": "PCAP 메타데이터: pcap_ref=pcap://masked_017_0006_20251227, 요약은 TLS 핸드셰이크 후 대량의 HTTP POST가 관찰되었다는 것입니다.",
            "id": "sample_017_0006_000008",
            "annotations": []
        },
        {
            "sentence": "IDS 경보: 2025-12-27T22:14:10Z에 서명 기반 IDS에서 'Possible Data Exfiltration' 경보가 생성되었고 시그니처 버전 5.4.2를 사용했습니다.",
            "id": "sample_017_0006_000009",
            "annotations": []
        },
        {
            "sentence": "경보 심각도는 'high'로 설정되었으며 근거는 패턴 매칭 및 비정상 데이터 전송량 분석(로그 기반)으로 판정했습니다.",
            "id": "sample_017_0006_000010",
            "annotations": []
        },
        {
            "sentence": "EDR 이벤트: 엔드포인트에서 2025-12-27T22:14:12Z에 프로세스 spawn과 의심스러운 쉘 연결이 탐지되어 추가 조사 대상이 되었습니다.",
            "id": "sample_017_0006_000011",
            "annotations": []
        },
        {
            "sentence": "포렌식 타임라인(요약): 2025-12-27T22:12:47Z 최초 피어 연결, 2025-12-27T22:13:58Z 인증 시도, 2025-12-27T22:14:10Z 데이터 전송 시작, 2025-12-27T22:20:00Z 차단 조치가 있었습니다.",
            "id": "sample_017_0006_000012",
            "annotations": []
        },
        {
            "sentence": "취약점 스캔 결과: 대상 srv-app-01에서 CVE-TEST-0001(합성) 취약점이 발견되었고 CVSS v3.1 기준 점수는 7.8로 표기되었습니다.",
            "id": "sample_017_0006_000013",
            "annotations": [
                {
                    "word": "srv-app-01",
                    "start": 14,
                    "end": 24,
                    "label": "기밀정보"
                }
            ]
        },
        {
            "sentence": "취약점 근거: 원격 코드 실행 가능성 및 인증 우회 시나리오가 포착되어 CVSS 기반 평가로 'high' 등급을 부여했습니다.",
            "id": "sample_017_0006_000014",
            "annotations": []
        },
        {
            "sentence": "위협 인텔리전스(IOC): 도메인 malicious-example.test, SHA256: abcdef1234567890abcdef1234567890abcdef1234567890abcdef1234567890, confidence_score=0.85, ttl=2026-01-27T00:00:00Z, tactic_technique=Exfiltration/T1041.",
            "id": "sample_017_0006_000015",
            "annotations": []
        },
        {
            "sentence": "추가 IOC: IP 203.0.113.77는 C2로 의심되며 confidence_score=0.7, ttl=2026-01-15T00:00:00Z, tactic_technique=Command-and-Control/T1071로 레이블링했습니다.",
            "id": "sample_017_0006_000016",
            "annotations": [
                {
                    "word": "203.0.113.77",
                    "start": 11,
                    "end": 23,
                    "label": "기밀정보"
                }
            ]
        },
        {
            "sentence": "원인분석: 초기 접근은 외부 피싱 링크를 통한 자격증명 수집으로 추정되며 관련 사용자로 손윤하의 계정이 확인되었습니다.",
            "id": "sample_017_0006_000017",
            "annotations": [
                {
                    "word": "손윤하",
                    "start": 49,
                    "end": 52,
                    "label": "개인정보"
                }
            ]
        },
        {
            "sentence": "영향 범위: 로그 상으로는 ACME_테크(가명) 소속 보안운영팀 계정 3개가 의심스러운 동작을 보였고 추가 모니터링이 필요합니다.",
            "id": "sample_017_0006_000018",
            "annotations": [
                {
                    "word": "ACME_테크(가명)",
                    "start": 15,
                    "end": 26,
                    "label": "준식별자"
                },
                {
                    "word": "보안운영팀",
                    "start": 30,
                    "end": 35,
                    "label": "준식별자"
                }
            ]
        },
        {
            "sentence": "사용자 접근 로그 요약: 2025-12-27T22:10:00Z에 user_id=user-017-0006-0001가 서울특별시 강남구에서 VPN 접속을 시도한 기록이 있습니다.",
            "id": "sample_017_0006_000019",
            "annotations": [
                {
                    "word": "user-017-0006-0001",
                    "start": 44,
                    "end": 62,
                    "label": "개인정보"
                },
                {
                    "word": "서울특별시",
                    "start": 64,
                    "end": 69,
                    "label": "준식별자"
                },
                {
                    "word": "강남구",
                    "start": 70,
                    "end": 73,
                    "label": "준식별자"
                }
            ]
        },
        {
            "sentence": "구성 변경 이력: 2025-11-15T03:00:00Z에 /srv/app/config/secrets.yml 파일에 권한 변경(commited) 기록이 있으며 변경자는 배솔비로 기록되어 있습니다.",
            "id": "sample_017_0006_000020",
            "annotations": [
                {
                    "word": "배솔비",
                    "start": 93,
                    "end": 96,
                    "label": "개인정보"
                },
                {
                    "word": "/srv/app/config/secrets.yml",
                    "start": 32,
                    "end": 59,
                    "label": "기밀정보"
                }
            ]
        },
        {
            "sentence": "보안 정책: 데이터 유출 방지 정책(DLP v2.1)은 민감 데이터 전송 감지를 우선 조치하도록 명시하고 있으며 관련 플레이북이 연결되어 있습니다.",
            "id": "sample_017_0006_000021",
            "annotations": []
        },
        {
            "sentence": "상관관계 매핑: IDS 경보와 EDR 이벤트, 취약점 스캔 결과를 기준으로 incident_id=017-0006-INC-0001로 상관관계가 생성되었습니다.",
            "id": "sample_017_0006_000022",
            "annotations": []
        },
        {
            "sentence": "티켓 기록: 조치 티켓은 우창렬이 배정되어 2025-12-27T23:00:00Z에 우선 대응으로 설정되었고 진행 상태는 'In Progress'입니다.",
            "id": "sample_017_0006_000023",
            "annotations": [
                {
                    "word": "우창렬",
                    "start": 14,
                    "end": 17,
                    "label": "개인정보"
                }
            ]
        },
        {
            "sentence": "탐지/오탐 통계: 최근 30일 기준 경보 중 탐지율 0.78, 오탐율 0.12로 현실적 분포를 반영하여 경보 임계값을 조정했습니다.",
            "id": "sample_017_0006_000024",
            "annotations": []
        },
        {
            "sentence": "포트·프로토콜 분포: 443/TCP 62%, 80/TCP 18%, 22/TCP 5%, 기타 15%로 집계되어 네트워크 기반 탐지 규칙 조정이 필요합니다.",
            "id": "sample_017_0006_000025",
            "annotations": []
        },
        {
            "sentence": "로그 샘플링 및 보존: 원시로그는 압축 및 샘플링 비율 1:10로 저장되며 원본은 안전한 아카이브에 장기 보존됩니다.",
            "id": "sample_017_0006_000026",
            "annotations": []
        },
        {
            "sentence": "규정 준수 경고: 본 문서에는 개인식별정보가 포함될 수 있으므로 GDPR 및 KISA 준수 플래그가 설정되어 있으며 접근 제약을 권고합니다.",
            "id": "sample_017_0006_000027",
            "annotations": []
        },
        {
            "sentence": "추천 조치: 즉시 asset_id: asset-017-0006-01 격리, 관련 계정 패스워드 리셋, 취약점 패치 및 DLP 룰 강화를 권고합니다.",
            "id": "sample_017_0006_000028",
            "annotations": [
                {
                    "word": "asset-017-0006-01",
                    "start": 20,
                    "end": 37,
                    "label": "기밀정보"
                }
            ]
        },
        {
            "sentence": "증거 보존: pcap 및 EDR 스냅샷은 2026-01-27T00:00:00Z까지 TTL로 보관 예정이며 증거 무결성 검사를 위한 해시 목록을 별도 저장합니다.",
            "id": "sample_017_0006_000029",
            "annotations": []
        },
        {
            "sentence": "출처 및 프로비넌스: 문서 생성 도구 'synth-sec-tool v1.4', 규칙 버전 'rules-2025-12-01', 샘플링 비율 1:10, is_synthetic=true로 표기되어 재현 가능성을 보장합니다.",
            "id": "sample_017_0006_000030",
            "annotations": []
        }
    ]
}