{
    "document_id": "017_0037",
    "document_title": "합성 사이버 보안 사고 보고서(샘플)",
    "data": [
        {
            "sentence": "본 문서는 2025-12-20T08:00:00Z에 수집된 합성 사이버 보안 사고 보고서의 개요를 제공합니다.",
            "id": "sample_017_0037_000001",
            "annotations": []
        },
        {
            "sentence": "보고서는 네트워크, EDR, IDS, 취약점 스캔, 위협 인텔리전스 및 포렌식 타임라인을 통합합니다.",
            "id": "sample_017_0037_000002",
            "annotations": []
        },
        {
            "sentence": "데이터는 합성으로 분류되며 is_synthetic=true로 표기합니다.",
            "id": "sample_017_0037_000003",
            "annotations": []
        },
        {
            "sentence": "타임라인은 UTC ISO 8601을 기준으로 정렬되어 있으며, 모든 이벤트 간 시간적 일관성을 유지합니다.",
            "id": "sample_017_0037_000004",
            "annotations": []
        },
        {
            "sentence": "탐지 요약: 2025-12-20T09:12:34Z에 IDS에서 'Suspicious-Connection' 경보가 발생했으며, severity=high로 분류되었습니다.",
            "id": "sample_017_0037_000005",
            "annotations": []
        },
        {
            "sentence": "IDS 경보는 시그니처 기반과 행위 기반 상관관계를 결합하여 생성되었고, 근거는 비정상적 포트 스캔 빈도 및 세션 지속시간입니다.",
            "id": "sample_017_0037_000006",
            "annotations": []
        },
        {
            "sentence": "EDR 이벤트: 2025-12-20T09:13:10Z에 asset_id vm-037a에서 비인가 프로세스 생성이 감지되었습니다.",
            "id": "sample_017_0037_000007",
            "annotations": [
                {
                    "word": "vm-037a",
                    "start": 40,
                    "end": 47,
                    "label": "기밀정보"
                }
            ]
        },
        {
            "sentence": "해당 호스트의 내부 IP는 192.0.2.45이며, 연결된 VPN 엔드포인트는 198.51.100.22로 식별되었습니다.",
            "id": "sample_017_0037_000008",
            "annotations": [
                {
                    "word": "192.0.2.45",
                    "start": 15,
                    "end": 25,
                    "label": "기밀정보"
                },
                {
                    "word": "198.51.100.22",
                    "start": 44,
                    "end": 57,
                    "label": "기밀정보"
                }
            ]
        },
        {
            "sentence": "호스트 소유자 표시로 나찬원이 최초 알림을 수신했으며, 초기 대응을 시작했습니다.",
            "id": "sample_017_0037_000009",
            "annotations": [
                {
                    "word": "나찬원",
                    "start": 12,
                    "end": 15,
                    "label": "개인정보"
                }
            ]
        },
        {
            "sentence": "/srv/internal/config/secret.yml 파일에 비정상적 접근 흔적이 확인되었고, 파일 변경 이력도 분석 대상입니다.",
            "id": "sample_017_0037_000010",
            "annotations": [
                {
                    "word": "/srv/internal/config/secret.yml",
                    "start": 0,
                    "end": 31,
                    "label": "기밀정보"
                }
            ]
        },
        {
            "sentence": "영향을 받은 계정의 프로파일에는 시: 가상시와 생년월일: 1990-05-12가 등록되어 있었으나 식별정보는 익명화되었습니다.",
            "id": "sample_017_0037_000011",
            "annotations": [
                {
                    "word": "가상시",
                    "start": 21,
                    "end": 24,
                    "label": "준식별자"
                },
                {
                    "word": "1990-05-12",
                    "start": 32,
                    "end": 42,
                    "label": "준식별자"
                }
            ]
        },
        {
            "sentence": "해당 접근에는 svc_backup 계정이 사용되었으며, 비정상 로그인 시도가 반복되었습니다.",
            "id": "sample_017_0037_000012",
            "annotations": [
                {
                    "word": "svc_backup",
                    "start": 8,
                    "end": 18,
                    "label": "기밀정보"
                }
            ]
        },
        {
            "sentence": "네트워크 PCAP 메타: cap_20251220_0913.pcap (크기 12.4MB, 샘플링 1:10)로 저장되었고 raw_pcap_reference는 마스킹 요약으로 제공됩니다.",
            "id": "sample_017_0037_000013",
            "annotations": []
        },
        {
            "sentence": "raw_pcap_reference 요약: 다수의 내부->외부 세션이 확인되었으며, 민감한 페이로드는 마스킹되어 있습니다.",
            "id": "sample_017_0037_000014",
            "annotations": []
        },
        {
            "sentence": "위협 인텔리전스: IOC 리스트에 203.0.113.55와 sha256:abcd1234abcd1234abcd1234abcd1234abcd1234abcd1234abcd1234abcd1234가 포함됩니다.",
            "id": "sample_017_0037_000015",
            "annotations": [
                {
                    "word": "203.0.113.55",
                    "start": 19,
                    "end": 31,
                    "label": "기밀정보"
                },
                {
                    "word": "sha256:abcd1234abcd1234abcd1234abcd1234abcd1234abcd1234abcd1234abcd1234",
                    "start": 33,
                    "end": 104,
                    "label": "기밀정보"
                }
            ]
        },
        {
            "sentence": "각 IOC는 confidence_score=0.78, ttl=2025-12-27T00:00:00Z로 표기되며 tactic_technique는 MITRE ATT&CK T1071.001로 매핑됩니다.",
            "id": "sample_017_0037_000016",
            "annotations": []
        },
        {
            "sentence": "취약점 스캔 결과: CVE-TEST-2025-0001이 발견되었고 CVSSv3.1 score=7.5로 중상위 위험으로 판단됩니다.",
            "id": "sample_017_0037_000017",
            "annotations": []
        },
        {
            "sentence": "패치 권고는 패치 우선순위 기준을 사용해 결정되었고, 우선권은 높은 순서입니다.",
            "id": "sample_017_0037_000018",
            "annotations": []
        },
        {
            "sentence": "EDR 포렌식: 2025-12-20T09:14:05Z에 프로세스 트리와 메모리 덤프가 수집되었고, 수집물은 암호화 저장소로 이관되었습니다.",
            "id": "sample_017_0037_000019",
            "annotations": []
        },
        {
            "sentence": "포렌식 타임라인에 따르면 초기 침투는 2025-12-20T09:11:50Z 전후로 추정되며, 시간선은 IDS 이벤트와 일치합니다.",
            "id": "sample_017_0037_000020",
            "annotations": []
        },
        {
            "sentence": "조사팀의 보안 분석가 유승연은 로그 상관관계와 룰 기반 탐지 파라미터를 검토하여 오탐 여부를 평가했습니다.",
            "id": "sample_017_0037_000021",
            "annotations": [
                {
                    "word": "유승연",
                    "start": 12,
                    "end": 15,
                    "label": "개인정보"
                }
            ]
        },
        {
            "sentence": "컴플라이언스: 개인정보 포함 가능성으로 GDPR 및 KISA 규정 준수 플래그를 설정하고 접근 제한을 권고합니다.",
            "id": "sample_017_0037_000022",
            "annotations": []
        },
        {
            "sentence": "감사 메타데이터: 생성툴=sec-sim-generator v1.2, 룰버전=2025-12-01, 샘플링율=10%가 기록되어 재현 가능성을 보장합니다.",
            "id": "sample_017_0037_000023",
            "annotations": []
        },
        {
            "sentence": "포렌식 증거 항목에는 raw_log(마스킹), pcap_meta, vuln_scan_report, ioc_list, 대응 조치 로그가 포함됩니다.",
            "id": "sample_017_0037_000024",
            "annotations": []
        },
        {
            "sentence": "raw_log 예시 요약: 2025-12-20T09:12:30Z LOGIN_FAIL user_id=user-1001 ip=192.0.2.45 source=masked_payload",
            "id": "sample_017_0037_000025",
            "annotations": [
                {
                    "word": "user-1001",
                    "start": 55,
                    "end": 64,
                    "label": "개인정보"
                },
                {
                    "word": "192.0.2.45",
                    "start": 68,
                    "end": 78,
                    "label": "기밀정보"
                }
            ]
        },
        {
            "sentence": "경보 상관관계 매핑: IDS 경보와 EDR 이벤트, 위협 인텔을 매칭하여 incident_ticket INC-20251220-0001을 생성했습니다.",
            "id": "sample_017_0037_000026",
            "annotations": []
        },
        {
            "sentence": "운영 권고: svc_backup 계정의 비밀번호 교체, 해당 호스트 격리, 로그 보존 기간 연장 등의 조치를 권고합니다.",
            "id": "sample_017_0037_000027",
            "annotations": [
                {
                    "word": "svc_backup",
                    "start": 7,
                    "end": 17,
                    "label": "기밀정보"
                }
            ]
        },
        {
            "sentence": "통계: 최근 30일 포트 분포는 80/443 45%, 22 10%, 기타 45%로 모델링되며 탐지율은 0.92, 오탐률은 0.08입니다.",
            "id": "sample_017_0037_000028",
            "annotations": []
        },
        {
            "sentence": "결론 및 다음 단계: 2025-12-21T10:00:00Z까지 모든 패치와 계정 점검을 완료하고 재평가 회의를 소집할 것을 권고합니다.",
            "id": "sample_017_0037_000029",
            "annotations": []
        }
    ]
}