{
    "document_id": "017_0001",
    "document_title": "사이버 보안 사고 대응 및 위협 인텔리전스 종합 보고서",
    "data": [
        {
            "sentence": "이 문서는 2025-12-28T10:00:00Z에 생성된 사이버 보안 사고 대응 및 위협 인텔리전스 종합 보고서입니다.",
            "id": "sample_017_0001_000001",
            "annotations": []
        },
        {
            "sentence": "보고 대상은 내부 테스트 네트워크와 RFC5737 대역 테스트 자산을 포함하며, 모든 IP는 테스트용으로 RFC5737 범위를 사용합니다.",
            "id": "sample_017_0001_000002",
            "annotations": []
        },
        {
            "sentence": "수집된 로그는 UTC 기준으로 정규화되었으며 타임스탬프 동기화 상태는 2025-12-28T09:59:58Z로 표시됩니다.",
            "id": "sample_017_0001_000003",
            "annotations": []
        },
        {
            "sentence": "네트워크 트래픽 요약(PCAP 메타)은 2025-12-27T22:00:00Z부터 2025-12-28T09:45:00Z까지 수집된 샘플을 포함합니다.",
            "id": "sample_017_0001_000004",
            "annotations": []
        },
        {
            "sentence": "대표적 내부 서버는 테스트 IP 192.0.2.45 및 198.51.100.23에서 비정상적 포트 스캐닝이 탐지되었습니다.",
            "id": "sample_017_0001_000005",
            "annotations": [
                {
                    "word": "192.0.2.45",
                    "start": 18,
                    "end": 28,
                    "label": "기밀정보"
                },
                {
                    "word": "198.51.100.23",
                    "start": 31,
                    "end": 44,
                    "label": "기밀정보"
                }
            ]
        },
        {
            "sentence": "해당 세션 요약에는 src_ip=192.0.2.45, dst_ip=203.0.113.5, src_port=445, dst_port=53421, protocol=TCP가 포함됩니다.",
            "id": "sample_017_0001_000006",
            "annotations": [
                {
                    "word": "192.0.2.45",
                    "start": 18,
                    "end": 28,
                    "label": "기밀정보"
                },
                {
                    "word": "203.0.113.5",
                    "start": 37,
                    "end": 48,
                    "label": "기밀정보"
                }
            ]
        },
        {
            "sentence": "IDS 경보 ID id_0584는 2025-12-28T03:12:30Z에 발행되었고 탐지 룰은 anomalous_tcp_scan_v2입니다.",
            "id": "sample_017_0001_000007",
            "annotations": [
                {
                    "word": "id_0584",
                    "start": 10,
                    "end": 17,
                    "label": "기밀정보"
                }
            ]
        },
        {
            "sentence": "경보 세부: signature=anomalous_tcp_scan_v2, severity=medium, 근거=비정상적 포트 스캔 빈도(평균 대비 12배)로 판단하였습니다.",
            "id": "sample_017_0001_000008",
            "annotations": []
        },
        {
            "sentence": "EDR 이벤트 asset_id=asset_017_0001에서 2025-12-28T03:12:35Z에 프로세스 spawn(unknown_bin) 행위가 포착되었습니다.",
            "id": "sample_017_0001_000009",
            "annotations": [
                {
                    "word": "asset_017_0001",
                    "start": 17,
                    "end": 31,
                    "label": "기밀정보"
                }
            ]
        },
        {
            "sentence": "해당 에이전트 로그에는 user_account=user_local_0001가 sudo 권한으로 의심스러운 명령을 실행한 흔적이 기록되어 있습니다.",
            "id": "sample_017_0001_000010",
            "annotations": [
                {
                    "word": "user_local_0001",
                    "start": 26,
                    "end": 41,
                    "label": "기밀정보"
                }
            ]
        },
        {
            "sentence": "원격 접속은 VPN을 통해 이루어졌으며 연결 끝점은 198.51.100.23:443로 집계되었습니다.",
            "id": "sample_017_0001_000011",
            "annotations": [
                {
                    "word": "198.51.100.23",
                    "start": 29,
                    "end": 42,
                    "label": "기밀정보"
                }
            ]
        },
        {
            "sentence": "취약점 스캔 결과 요약: 스캔 일시 2025-12-27T21:50:00Z, 스캔 툴 버전 vulnscan 3.2.1, 샘플 취약점 CVE-TEST-2025-0001, CVSSv3.1 7.8(High)로 표기되었습니다.",
            "id": "sample_017_0001_000012",
            "annotations": []
        },
        {
            "sentence": "취약점 근거: CVSS 점수 7.8은 공개 취약성 모듈을 기준으로 산정되었으며 패치 권고 우선순위는 high입니다.",
            "id": "sample_017_0001_000013",
            "annotations": []
        },
        {
            "sentence": "위협 인텔리전스(IOC) 목록에는 다음 항목이 포함됩니다: ip:203.0.113.200, md5:5d41402abc4b2a76b9719d911017c592, domain:malicious-test.local.",
            "id": "sample_017_0001_000014",
            "annotations": [
                {
                    "word": "203.0.113.200",
                    "start": 36,
                    "end": 49,
                    "label": "기밀정보"
                },
                {
                    "word": "malicious-test.local",
                    "start": 96,
                    "end": 116,
                    "label": "기밀정보"
                }
            ]
        },
        {
            "sentence": "각 IOC에는 confidence_score=0.78 및 ttl=2026-01-28T00:00:00Z 필드가 포함되어 있어 최신성 및 신뢰도를 명시합니다.",
            "id": "sample_017_0001_000015",
            "annotations": []
        },
        {
            "sentence": "IOC의 MITRE 매핑은 tactic_technique: [initial-access:T1078, discovery:T1087]로 표기되어 있습니다.",
            "id": "sample_017_0001_000016",
            "annotations": []
        },
        {
            "sentence": "포렌식 타임라인: 2025-12-28T03:12:30Z IDS alert 발생, 2025-12-28T03:12:35Z EDR process spawn, 2025-12-28T03:13:02Z 네트워크 세션 종료 순입니다.",
            "id": "sample_017_0001_000017",
            "annotations": []
        },
        {
            "sentence": "원시 로그(raw_log)는 민감정보를 마스킹하여 요약만 제공되며 예: 'AUTH user_local_0001 from 198.51.100.23 masked_cmd' 형태로 기록됩니다.",
            "id": "sample_017_0001_000018",
            "annotations": [
                {
                    "word": "user_local_0001",
                    "start": 46,
                    "end": 61,
                    "label": "기밀정보"
                },
                {
                    "word": "198.51.100.23",
                    "start": 67,
                    "end": 80,
                    "label": "기밀정보"
                }
            ]
        },
        {
            "sentence": "raw_pcap_reference는 pcap_id=pcap_20251228_0001으로 메타만 제공하고 원본 패킷은 접근 통제 하에 보관됩니다.",
            "id": "sample_017_0001_000019",
            "annotations": [
                {
                    "word": "pcap_20251228_0001",
                    "start": 28,
                    "end": 46,
                    "label": "기밀정보"
                }
            ]
        },
        {
            "sentence": "구성 변경 이력: 2025-11-10T08:00:00Z ssh_config 변경, 변경자 asset_admin_id=asset_admin_9001, 변경 내용은 'PermitRootLogin no' 입니다.",
            "id": "sample_017_0001_000020",
            "annotations": [
                {
                    "word": "asset_admin_9001",
                    "start": 65,
                    "end": 81,
                    "label": "기밀정보"
                }
            ]
        },
        {
            "sentence": "민감 파일 경로 예: /srv/internal/config.yaml는 접근제한 대상이며 별도 감사 로그로 취합됩니다.",
            "id": "sample_017_0001_000021",
            "annotations": [
                {
                    "word": "/srv/internal/config.yaml",
                    "start": 12,
                    "end": 37,
                    "label": "기밀정보"
                }
            ]
        },
        {
            "sentence": "보안 정책 요약: 접근 제어 정책은 최소 권한 원칙을 적용하며 감사 로깅은 180일 보존으로 규정합니다.",
            "id": "sample_017_0001_000022",
            "annotations": []
        },
        {
            "sentence": "GDPR 및 KISA 준수 경고: 본 문서의 일부 항목(계정, 내부IP, 로그)은 규제상 접근 제한이 필요하며 접근시 별도 승인 프로세스를 권고합니다.",
            "id": "sample_017_0001_000023",
            "annotations": []
        },
        {
            "sentence": "통계: 포트 분포는 TCP 74%, UDP 20%, 기타 6%로 모델링 되었으며 상위 포트는 443, 445, 22 순입니다.",
            "id": "sample_017_0001_000024",
            "annotations": []
        },
        {
            "sentence": "탐지 비율은 전체 이벤트 중 탐지 12%, 오탐 2%로 보고되며, 룰 튜닝 전 오탐율은 5% 수준이었습니다.",
            "id": "sample_017_0001_000025",
            "annotations": []
        },
        {
            "sentence": "권고 조치: 대상 자산 asset_017_0001에 대한 임시 네트워크 격리 및 비밀번호 리셋, 취약 패치 적용을 권고합니다.",
            "id": "sample_017_0001_000026",
            "annotations": [
                {
                    "word": "asset_017_0001",
                    "start": 13,
                    "end": 27,
                    "label": "기밀정보"
                }
            ]
        },
        {
            "sentence": "추적 티켓은 incident_20251228_01로 생성되었으며 우선순위 P1, 담당팀은 대응팀으로 배정되었습니다.",
            "id": "sample_017_0001_000027",
            "annotations": [
                {
                    "word": "incident_20251228_01",
                    "start": 7,
                    "end": 27,
                    "label": "기밀정보"
                }
            ]
        },
        {
            "sentence": "프로비넌스 메타데이터: 생성툴=threatsim_v2.5, 룰버전=2025-12-01, 샘플링비율=1.0(무샘플링)로 기록됩니다.",
            "id": "sample_017_0001_000028",
            "annotations": []
        },
        {
            "sentence": "결론: 추가 조치로 2026-01-28T00:00:00Z까지 IOC 모니터링 지속과 규정 준수 리뷰를 권고합니다.",
            "id": "sample_017_0001_000029",
            "annotations": []
        }
    ]
}