{
    "document_id": "094_0028",
    "document_title": "치과 임상 진료기록 및 치료계획서(환자 요약)",
    "data": [
        {
            "sentence": "문서 개요: 본 문서는 치과 클리닉의 환자 진료기록, 영상·3D 데이터 메타, 멸균 및 장비 유지보수 로그, 기공 지시서와 보험청구 내역을 통합한 사례 파일입니다.",
            "id": "sample_094_0028_000001",
            "annotations": []
        },
        {
            "sentence": "환자 식별자(patient_id)는 익명화된 UUID로 기록되어 있으며 본 사례의 patient_id: 3fa85f64-5717-4562-b3fc-2c963f66afa6 으로 표시됩니다.",
            "id": "sample_094_0028_000002",
            "annotations": [
                {
                    "word": "3fa85f64-5717-4562-b3fc-2c963f66afa6",
                    "start": 58,
                    "end": 94,
                    "label": "개인정보"
                }
            ]
        },
        {
            "sentence": "방문 기록은 visit_id: VST-094-0028-00001 로 등록되어 있으며 최초 방문일은 visit_date: 2026-01-20 로 입력되어 있습니다.",
            "id": "sample_094_0028_000003",
            "annotations": [
                {
                    "word": "VST-094-0028-00001",
                    "start": 17,
                    "end": 35,
                    "label": "개인정보"
                },
                {
                    "word": "2026",
                    "start": 67,
                    "end": 71,
                    "label": "준식별자"
                },
                {
                    "word": "01",
                    "start": 33,
                    "end": 35,
                    "label": "준식별자"
                },
                {
                    "word": "01",
                    "start": 72,
                    "end": 74,
                    "label": "준식별자"
                },
                {
                    "word": "20",
                    "start": 67,
                    "end": 69,
                    "label": "준식별자"
                },
                {
                    "word": "20",
                    "start": 75,
                    "end": 77,
                    "label": "준식별자"
                }
            ]
        },
        {
            "sentence": "환자 기본정보 요약: 성별: 남성, 생년월일: 1982-05-14, 거주지: 서울특별시 종로구 청운효자동 으로 전자의무기록상 요약되어 있습니다.",
            "id": "sample_094_0028_000004",
            "annotations": [
                {
                    "word": "남성",
                    "start": 16,
                    "end": 18,
                    "label": "준식별자"
                },
                {
                    "word": "1982",
                    "start": 26,
                    "end": 30,
                    "label": "준식별자"
                },
                {
                    "word": "05",
                    "start": 31,
                    "end": 33,
                    "label": "준식별자"
                },
                {
                    "word": "14",
                    "start": 34,
                    "end": 36,
                    "label": "준식별자"
                },
                {
                    "word": "서울특별시",
                    "start": 43,
                    "end": 48,
                    "label": "준식별자"
                },
                {
                    "word": "종로구",
                    "start": 49,
                    "end": 52,
                    "label": "준식별자"
                },
                {
                    "word": "청운효자동",
                    "start": 53,
                    "end": 58,
                    "label": "준식별자"
                }
            ]
        },
        {
            "sentence": "담당 진료의는 provider_id: 윤신 으로 표기되며, 보조 의사로 문용운이 진료에 참여하였습니다.",
            "id": "sample_094_0028_000005",
            "annotations": [
                {
                    "word": "윤신",
                    "start": 21,
                    "end": 23,
                    "label": "개인정보"
                },
                {
                    "word": "문용운",
                    "start": 40,
                    "end": 43,
                    "label": "개인정보"
                }
            ]
        },
        {
            "sentence": "주호소: 좌측 하악 제6치(FDI 36) 부위의 지속적 통증 및 압통으로 내원하였으며, 발현시점과 악화요인을 문진으로 확보하였습니다.",
            "id": "sample_094_0028_000006",
            "annotations": []
        },
        {
            "sentence": "임상검사 결과 요약: 치주 탐침에 의한 포켓 깊이 최대 6 mm, 출혈지수(BOP) 다수 부위 양성, 이동도는 0~1 수준으로 측정되었습니다.",
            "id": "sample_094_0028_000007",
            "annotations": []
        },
        {
            "sentence": "방사선촬영상: OPG 및 치근단(periapical) 촬영을 시행하였고 DICOM 메타데이터에는 StudyUID: 1.2.840.10008.1.2.3.4.5.6 예시값이 포함되어 있습니다.",
            "id": "sample_094_0028_000008",
            "annotations": []
        },
        {
            "sentence": "CBCT 메타: voxel size 0.2 mm, FOV 8x8 cm, 촬영 프로토콜은 표준 하중(low-dose)으로 기록되었고 원본 픽셀은 압축 샘플로 보관됩니다.",
            "id": "sample_094_0028_000009",
            "annotations": []
        },
        {
            "sentence": "치아별 소견: 36번 치아에서는 치수병변 의심 소견과 근관치료 적응증이 확인되었으며 주변 골흡수 범위는 제한적입니다.",
            "id": "sample_094_0028_000010",
            "annotations": []
        },
        {
            "sentence": "치료계획: 36번에 대해 1단계 근관치료(RCT) 시행 후 전장관(Full coverage crown) 수복을 계획하며 사용 재료는 Ni-Ti 파일, Gutta-percha, 레진 시멘트로 명시하였습니다.",
            "id": "sample_094_0028_000011",
            "annotations": []
        },
        {
            "sentence": "시술기록 샘플: 첫 방문 시 근관장 측정 20 mm, 작업길이(WL) = 19.5 mm로 설정 후 근관성형 및 세척을 시행하였고 사용 기구와 로트는 차후 참조용으로 기록됩니다.",
            "id": "sample_094_0028_000012",
            "annotations": []
        },
        {
            "sentence": "기공 지시서는 lab_prescription_id: LAB-2026-0012 로 발행되었으며 보철물 규격, 색상(C3), 잇몸 마진 심도 등 기공소 전달사항이 상세히 기재되어 있습니다.",
            "id": "sample_094_0028_000013",
            "annotations": [
                {
                    "word": "LAB-2026-0012",
                    "start": 29,
                    "end": 42,
                    "label": "개인정보"
                }
            ]
        },
        {
            "sentence": "동의서: consent_form_id: CONS-094-0028-0003 에 환자 서명이 첨부되어 있으며 문서상 서명자 표기는 필명 '민래인' 으로 기입되어 있습니다.",
            "id": "sample_094_0028_000014",
            "annotations": [
                {
                    "word": "CONS-094-0028-0003",
                    "start": 22,
                    "end": 40,
                    "label": "개인정보"
                },
                {
                    "word": "민래인",
                    "start": 75,
                    "end": 78,
                    "label": "개인정보"
                }
            ]
        },
        {
            "sentence": "멸균·재료 정보: 사용된 임플란트 어버트먼트 배치번호 LOT-IMP-7788, 유효기간(expiry): 2028-09-30 로 재고관리 시스템에 기록되어 있습니다.",
            "id": "sample_094_0028_000015",
            "annotations": [
                {
                    "word": "2028",
                    "start": 58,
                    "end": 62,
                    "label": "준식별자"
                },
                {
                    "word": "09",
                    "start": 63,
                    "end": 65,
                    "label": "준식별자"
                },
                {
                    "word": "30",
                    "start": 66,
                    "end": 68,
                    "label": "준식별자"
                }
            ]
        },
        {
            "sentence": "멸균로그는 sterilization_log_id: STER-2026-0007 로 관리되며 멸균 배치 완료시간 및 담당자 신선율 이력까지 포함되어 있습니다.",
            "id": "sample_094_0028_000016",
            "annotations": [
                {
                    "word": "STER-2026-0007",
                    "start": 28,
                    "end": 42,
                    "label": "개인정보"
                },
                {
                    "word": "신선율",
                    "start": 67,
                    "end": 70,
                    "label": "개인정보"
                }
            ]
        },
        {
            "sentence": "멸균 이벤트 시퀀스 예시: 멸균 완료(2026-01-18 09:15) → 사용(2026-01-18 10:05) → 멸균 실패 경고(2026-01-19 08:40) 의 순으로 로그가 남아 있습니다.",
            "id": "sample_094_0028_000017",
            "annotations": [
                {
                    "word": "2026",
                    "start": 21,
                    "end": 25,
                    "label": "준식별자"
                },
                {
                    "word": "2026",
                    "start": 44,
                    "end": 48,
                    "label": "준식별자"
                },
                {
                    "word": "2026",
                    "start": 73,
                    "end": 77,
                    "label": "준식별자"
                },
                {
                    "word": "01",
                    "start": 26,
                    "end": 28,
                    "label": "준식별자"
                },
                {
                    "word": "01",
                    "start": 49,
                    "end": 51,
                    "label": "준식별자"
                },
                {
                    "word": "01",
                    "start": 78,
                    "end": 80,
                    "label": "준식별자"
                },
                {
                    "word": "18",
                    "start": 29,
                    "end": 31,
                    "label": "준식별자"
                },
                {
                    "word": "18",
                    "start": 52,
                    "end": 54,
                    "label": "준식별자"
                },
                {
                    "word": "19",
                    "start": 81,
                    "end": 83,
                    "label": "준식별자"
                }
            ]
        },
        {
            "sentence": "장비 유지보수: OPG 장비 시리얼 EQ-OPG-5599, 최근 교정일 2025-12-15, 교정 담당자 배동구 의 서명이 첨부되어 있습니다.",
            "id": "sample_094_0028_000018",
            "annotations": [
                {
                    "word": "EQ-OPG-5599",
                    "start": 20,
                    "end": 31,
                    "label": "기밀정보"
                },
                {
                    "word": "2025",
                    "start": 40,
                    "end": 44,
                    "label": "준식별자"
                },
                {
                    "word": "12",
                    "start": 45,
                    "end": 47,
                    "label": "준식별자"
                },
                {
                    "word": "15",
                    "start": 48,
                    "end": 50,
                    "label": "준식별자"
                },
                {
                    "word": "배동구",
                    "start": 59,
                    "end": 62,
                    "label": "개인정보"
                }
            ]
        },
        {
            "sentence": "서버 및 보안 관련: 내부 파일경로 \\\\srv-clinic\\data\\patients 와 접속계정 admin_clinic 이 존재하며 원내 서버 IP는 10.10.10.5 로 표기되어 있습니다.",
            "id": "sample_094_0028_000019",
            "annotations": [
                {
                    "word": "\\\\srv-clinic\\data\\patients",
                    "start": 20,
                    "end": 46,
                    "label": "기밀정보"
                },
                {
                    "word": "admin_clinic",
                    "start": 54,
                    "end": 66,
                    "label": "기밀정보"
                },
                {
                    "word": "10.10.10.5",
                    "start": 84,
                    "end": 94,
                    "label": "기밀정보"
                }
            ]
        },
        {
            "sentence": "보험청구 내역: insurance_claim_id: CLAIM-094-00028, 코드: D0210(진단 방사선 단일 촬영), 청구금액 120,000원, 심사상태: 승인 으로 기록되어 있습니다.",
            "id": "sample_094_0028_000020",
            "annotations": [
                {
                    "word": "CLAIM-094-00028",
                    "start": 29,
                    "end": 44,
                    "label": "개인정보"
                }
            ]
        },
        {
            "sentence": "청구 코드 매핑은 CDT 표준을 기반으로 하되 지역별 코드 매핑 테이블을 별도 메타로 보관하여 상호운용성을 유지합니다.",
            "id": "sample_094_0028_000021",
            "annotations": []
        },
        {
            "sentence": "감염관리 교육 이수 기록에는 교육일자 2025-11-30 및 이수자 손해리 의 이름과 서명 여부가 기록되어 있습니다.",
            "id": "sample_094_0028_000022",
            "annotations": [
                {
                    "word": "2025",
                    "start": 21,
                    "end": 25,
                    "label": "준식별자"
                },
                {
                    "word": "11",
                    "start": 26,
                    "end": 28,
                    "label": "준식별자"
                },
                {
                    "word": "30",
                    "start": 29,
                    "end": 31,
                    "label": "준식별자"
                },
                {
                    "word": "손해리",
                    "start": 38,
                    "end": 41,
                    "label": "개인정보"
                }
            ]
        },
        {
            "sentence": "환자 추적관리: follow_up_reminder 는 2026-02-20 로 설정되어 있으며 자동 알림 발송 일정이 예약되어 있습니다.",
            "id": "sample_094_0028_000023",
            "annotations": [
                {
                    "word": "2026",
                    "start": 30,
                    "end": 34,
                    "label": "준식별자"
                },
                {
                    "word": "02",
                    "start": 31,
                    "end": 33,
                    "label": "준식별자"
                },
                {
                    "word": "02",
                    "start": 35,
                    "end": 37,
                    "label": "준식별자"
                },
                {
                    "word": "20",
                    "start": 30,
                    "end": 32,
                    "label": "준식별자"
                },
                {
                    "word": "20",
                    "start": 38,
                    "end": 40,
                    "label": "준식별자"
                }
            ]
        },
        {
            "sentence": "임상사진 메타데이터: 전·후 사진 해상도 3024x4032, 컬러 프로파일 sRGB, 파일명 sample_pre_094_0028.jpg 및 sample_post_094_0028.jpg 로 보관됩니다.",
            "id": "sample_094_0028_000024",
            "annotations": []
        },
        {
            "sentence": "3D 스캔 메타: STL 파일 모델 해상도 0.1 mm, 버텍스 수 124,532, 스캔 참조명 scan_094_0028_partA.stl 로 보존되어 기공소와 공유 가능합니다.",
            "id": "sample_094_0028_000025",
            "annotations": []
        },
        {
            "sentence": "추가 의뢰: 외과적 발치가 필요할 경우 교정 전문의 신도이 와 협진을 권고하며, 임플란트 시술 시에는 모델 EQ-IMPL-2025-7788 을 사용하도록 지시합니다.",
            "id": "sample_094_0028_000026",
            "annotations": [
                {
                    "word": "신도이",
                    "start": 29,
                    "end": 32,
                    "label": "개인정보"
                },
                {
                    "word": "EQ-IMPL-2025-7788",
                    "start": 60,
                    "end": 77,
                    "label": "기밀정보"
                }
            ]
        },
        {
            "sentence": "결제·영수증 기록: 결제ID PAY-2026-0098, 총액 450,000원, 결제수단 카드 승인 정보는 내부 결제 로그에 보관되어 있습니다.",
            "id": "sample_094_0028_000027",
            "annotations": [
                {
                    "word": "PAY-2026-0098",
                    "start": 16,
                    "end": 29,
                    "label": "기밀정보"
                }
            ]
        },
        {
            "sentence": "감사 로그(Audit trail) 예시: 2026-01-20 11:32 에 사용자 ID '진정미' 가 '치료계획' 필드를 수정하였고 해당 변경 이력은 보존되어 있습니다.",
            "id": "sample_094_0028_000028",
            "annotations": [
                {
                    "word": "진정미",
                    "start": 50,
                    "end": 53,
                    "label": "개인정보"
                },
                {
                    "word": "2026",
                    "start": 23,
                    "end": 27,
                    "label": "준식별자"
                },
                {
                    "word": "01",
                    "start": 28,
                    "end": 30,
                    "label": "준식별자"
                },
                {
                    "word": "20",
                    "start": 23,
                    "end": 25,
                    "label": "준식별자"
                },
                {
                    "word": "20",
                    "start": 31,
                    "end": 33,
                    "label": "준식별자"
                }
            ]
        },
        {
            "sentence": "데이터 보관 정책: 개인식별자는 익명화·암호화하여 저장하며 대용량 영상의 경우 메타데이터만 보존하고 원본은 오프라인 암호화 저장소에 보관합니다.",
            "id": "sample_094_0028_000029",
            "annotations": []
        },
        {
            "sentence": "결론 및 권고: 36번 치아에 대해 우선 근관치료를 시행하고 6주 후 임상 재검 및 방사선 추적을 권고하며, 필요 시 기공 지시서와 보험청구를 동시 진행하십시오.",
            "id": "sample_094_0028_000030",
            "annotations": []
        }
    ]
}