{
    "document_id": "094_0093",
    "document_title": "치과 진료기록 및 운영 통합 보고서",
    "data": [
        {
            "sentence": "본 문서는 치과 클리닉의 진료기록 및 운영 로그를 통합한 보고서입니다.",
            "id": "sample_094_0093_000001",
            "annotations": []
        },
        {
            "sentence": "문서 목적은 임상 진단, 치료계획, 멸균관리, 기공 의뢰 및 보험청구의 일관성 검증입니다.",
            "id": "sample_094_0093_000002",
            "annotations": []
        },
        {
            "sentence": "주치의: 홍정운; 교정 담당: 허두원.",
            "id": "sample_094_0093_000003",
            "annotations": [
                {
                    "word": "홍정운",
                    "start": 5,
                    "end": 8,
                    "label": "개인정보"
                },
                {
                    "word": "허두원",
                    "start": 17,
                    "end": 20,
                    "label": "개인정보"
                }
            ]
        },
        {
            "sentence": "patient_id: 3f8d4c2e-9b7a-4bf7-8a2e-1b2c3d4e5f60.",
            "id": "sample_094_0093_000004",
            "annotations": [
                {
                    "word": "3f8d4c2e-9b7a-4bf7-8a2e-1b2c3d4e5f60",
                    "start": 12,
                    "end": 48,
                    "label": "개인정보"
                }
            ]
        },
        {
            "sentence": "생년월일(년): 1985.",
            "id": "sample_094_0093_000005",
            "annotations": [
                {
                    "word": "1985",
                    "start": 9,
                    "end": 13,
                    "label": "준식별자"
                }
            ]
        },
        {
            "sentence": "생년월일(월): 07.",
            "id": "sample_094_0093_000006",
            "annotations": [
                {
                    "word": "07",
                    "start": 9,
                    "end": 11,
                    "label": "준식별자"
                }
            ]
        },
        {
            "sentence": "생년월일(일): 21.",
            "id": "sample_094_0093_000007",
            "annotations": [
                {
                    "word": "21",
                    "start": 9,
                    "end": 11,
                    "label": "준식별자"
                }
            ]
        },
        {
            "sentence": "성별: 남성.",
            "id": "sample_094_0093_000008",
            "annotations": [
                {
                    "word": "남성",
                    "start": 4,
                    "end": 6,
                    "label": "준식별자"
                }
            ]
        },
        {
            "sentence": "주소(시): 서울특별시.",
            "id": "sample_094_0093_000009",
            "annotations": [
                {
                    "word": "서울특별시",
                    "start": 7,
                    "end": 12,
                    "label": "준식별자"
                }
            ]
        },
        {
            "sentence": "주소(구): 강남구.",
            "id": "sample_094_0093_000010",
            "annotations": [
                {
                    "word": "강남구",
                    "start": 7,
                    "end": 10,
                    "label": "준식별자"
                }
            ]
        },
        {
            "sentence": "visit_id: v-00081234.",
            "id": "sample_094_0093_000011",
            "annotations": [
                {
                    "word": "v-00081234",
                    "start": 10,
                    "end": 20,
                    "label": "개인정보"
                }
            ]
        },
        {
            "sentence": "visit_date(년): 2025.",
            "id": "sample_094_0093_000012",
            "annotations": [
                {
                    "word": "2025",
                    "start": 15,
                    "end": 19,
                    "label": "준식별자"
                }
            ]
        },
        {
            "sentence": "visit_date(월): 11.",
            "id": "sample_094_0093_000013",
            "annotations": [
                {
                    "word": "11",
                    "start": 15,
                    "end": 17,
                    "label": "준식별자"
                }
            ]
        },
        {
            "sentence": "visit_date(일): 02.",
            "id": "sample_094_0093_000014",
            "annotations": [
                {
                    "word": "02",
                    "start": 15,
                    "end": 17,
                    "label": "준식별자"
                }
            ]
        },
        {
            "sentence": "provider_id: prov-009; provider_name: 주태욱.",
            "id": "sample_094_0093_000015",
            "annotations": [
                {
                    "word": "prov-009",
                    "start": 13,
                    "end": 21,
                    "label": "개인정보"
                },
                {
                    "word": "주태욱",
                    "start": 38,
                    "end": 41,
                    "label": "개인정보"
                }
            ]
        },
        {
            "sentence": "procedure_code: CDT D2740 (Crown) / SNODENT map: available; 지역 메타 포함.",
            "id": "sample_094_0093_000016",
            "annotations": []
        },
        {
            "sentence": "tooth_id(FDI): 16; surfaces: O, B; treatment: PFM crown; lab instruction과 일치함.",
            "id": "sample_094_0093_000017",
            "annotations": []
        },
        {
            "sentence": "clinical_note: 환자는 16번 치아의 파절을 호소하였으며 보철 치료 계획을 수락하였음.",
            "id": "sample_094_0093_000018",
            "annotations": []
        },
        {
            "sentence": "periodontal_measurements: 16M PD 3mm, 16B PD 4mm, BOP 16B positive; FM 평균 PD 2.4mm.",
            "id": "sample_094_0093_000019",
            "annotations": []
        },
        {
            "sentence": "imaging_files: CBCT (DICOM) metadata만 제공; StudyInstanceUID: uid-20251102-0001; voxel_size 0.3mm.",
            "id": "sample_094_0093_000020",
            "annotations": [
                {
                    "word": "uid-20251102-0001",
                    "start": 60,
                    "end": 77,
                    "label": "개인정보"
                }
            ]
        },
        {
            "sentence": "3d_scan_files: stl-0001.stl; mesh_resolution 0.05mm; vertex_count 1,254,322; binary 생략.",
            "id": "sample_094_0093_000021",
            "annotations": []
        },
        {
            "sentence": "lab_prescription_id: LAB-2025-1102-77; 지시: PFM crown, shade A2, margin chamfer.",
            "id": "sample_094_0093_000022",
            "annotations": []
        },
        {
            "sentence": "consent_form_id: CONS-2025-1102-003; 종류: 보철물 동의서; 서명기록 보관.",
            "id": "sample_094_0093_000023",
            "annotations": [
                {
                    "word": "CONS-2025-1102-003",
                    "start": 17,
                    "end": 35,
                    "label": "개인정보"
                }
            ]
        },
        {
            "sentence": "sterilization_log_id: STER-2025-11-02-05; autoclave_batch: BATCH-AC-9821; sterilized_by: 전동민; cycle_result: PASS.",
            "id": "sample_094_0093_000024",
            "annotations": [
                {
                    "word": "전동민",
                    "start": 89,
                    "end": 92,
                    "label": "개인정보"
                }
            ]
        },
        {
            "sentence": "equipment_maintenance_record: Xray_EQUIP_SN XR-2009-77; last_calibration_date: 2025-06-15; technician: 강하담; next_due: 2026-06-15.",
            "id": "sample_094_0093_000025",
            "annotations": [
                {
                    "word": "강하담",
                    "start": 103,
                    "end": 106,
                    "label": "개인정보"
                },
                {
                    "word": "2025-06-15",
                    "start": 79,
                    "end": 89,
                    "label": "준식별자"
                },
                {
                    "word": "2026-06-15",
                    "start": 118,
                    "end": 128,
                    "label": "준식별자"
                }
            ]
        },
        {
            "sentence": "material_lot_number: RX-IMPL-2024-045; material_expiry_date(년): 2026; (월): 05; (일): 30.",
            "id": "sample_094_0093_000026",
            "annotations": [
                {
                    "word": "2026",
                    "start": 64,
                    "end": 68,
                    "label": "준식별자"
                },
                {
                    "word": "05",
                    "start": 75,
                    "end": 77,
                    "label": "준식별자"
                },
                {
                    "word": "30",
                    "start": 84,
                    "end": 86,
                    "label": "준식별자"
                }
            ]
        },
        {
            "sentence": "insurance_claim_id: CLAIM-INS-5566; claim_status: 승인; billed_amount: KRW 1,250,000.",
            "id": "sample_094_0093_000027",
            "annotations": [
                {
                    "word": "CLAIM-INS-5566",
                    "start": 20,
                    "end": 34,
                    "label": "개인정보"
                }
            ]
        },
        {
            "sentence": "billing_amount: KRW 1,250,000; payment_status: 부분승인; receipt_id: RCPT-2025-1102-99.",
            "id": "sample_094_0093_000028",
            "annotations": [
                {
                    "word": "RCPT-2025-1102-99",
                    "start": 65,
                    "end": 82,
                    "label": "개인정보"
                }
            ]
        },
        {
            "sentence": "appointment_schedule: 예약일 2025-11-30 09:30; status: 예정; follow_up_reminder_sent: true; reminder_id: REM-2025-1130-09.",
            "id": "sample_094_0093_000029",
            "annotations": [
                {
                    "word": "2025-11-30 09:30",
                    "start": 26,
                    "end": 42,
                    "label": "준식별자"
                },
                {
                    "word": "REM-2025-1130-09",
                    "start": 100,
                    "end": 116,
                    "label": "개인정보"
                }
            ]
        },
        {
            "sentence": "audit_log: 2025-11-02T10:45:12Z에 clinical_note 수정됨; modifier: 홍정운; change_summary: 치료계획 수정; ip_origin: 10.0.0.99; system_account: db_admin@intranet.local.",
            "id": "sample_094_0093_000030",
            "annotations": [
                {
                    "word": "홍정운",
                    "start": 62,
                    "end": 65,
                    "label": "개인정보"
                },
                {
                    "word": "2025-11-02T10:45:12Z",
                    "start": 11,
                    "end": 31,
                    "label": "준식별자"
                },
                {
                    "word": "10.0.0.99",
                    "start": 103,
                    "end": 112,
                    "label": "기밀정보"
                },
                {
                    "word": "db_admin@intranet.local",
                    "start": 130,
                    "end": 153,
                    "label": "기밀정보"
                }
            ]
        },
        {
            "sentence": "결론 및 조치: 임플란트 대체 방안 검토, 기공물 재확인, 환자 재평가 예약 및 멸균 로그 장기 보관.",
            "id": "sample_094_0093_000031",
            "annotations": []
        }
    ]
}