{
    "document_id": "094_0068",
    "document_title": "치과 임상·장비·재료 통합 관리 및 진료기록 보고서",
    "data": [
        {
            "sentence": "patient_id는 익명화된 UUID 8f14e45f-ceea-4d2b-9f23-1a2b3c4d5e6f으로 등록되어 있습니다.",
            "id": "sample_094_0068_000001",
            "annotations": [
                {
                    "word": "8f14e45f-ceea-4d2b-9f23-1a2b3c4d5e6f",
                    "start": 22,
                    "end": 58,
                    "label": "개인정보"
                }
            ]
        },
        {
            "sentence": "환자 기본정보에는 생년월일 1985-07-21과 성별 남성이 전자차트에 입력되어 있습니다.",
            "id": "sample_094_0068_000002",
            "annotations": [
                {
                    "word": "1985",
                    "start": 15,
                    "end": 19,
                    "label": "준식별자"
                },
                {
                    "word": "07",
                    "start": 20,
                    "end": 22,
                    "label": "준식별자"
                },
                {
                    "word": "21",
                    "start": 23,
                    "end": 25,
                    "label": "준식별자"
                },
                {
                    "word": "남성",
                    "start": 30,
                    "end": 32,
                    "label": "준식별자"
                }
            ]
        },
        {
            "sentence": "거주지는 서울특별시 강남구로 등록되었으며 응급연락처는 내부 암호화 정책에 따라 저장됩니다.",
            "id": "sample_094_0068_000003",
            "annotations": [
                {
                    "word": "서울특별시",
                    "start": 5,
                    "end": 10,
                    "label": "준식별자"
                },
                {
                    "word": "강남구",
                    "start": 11,
                    "end": 14,
                    "label": "준식별자"
                }
            ]
        },
        {
            "sentence": "초진 방문일(visit_date)은 2025-03-12이며 시스템 방문 ID는 visit-20250312-0001로 기록되어 있습니다.",
            "id": "sample_094_0068_000004",
            "annotations": [
                {
                    "word": "2025",
                    "start": 20,
                    "end": 24,
                    "label": "준식별자"
                },
                {
                    "word": "2025",
                    "start": 50,
                    "end": 54,
                    "label": "준식별자"
                },
                {
                    "word": "03",
                    "start": 25,
                    "end": 27,
                    "label": "준식별자"
                },
                {
                    "word": "03",
                    "start": 54,
                    "end": 56,
                    "label": "준식별자"
                },
                {
                    "word": "12",
                    "start": 28,
                    "end": 30,
                    "label": "준식별자"
                },
                {
                    "word": "12",
                    "start": 56,
                    "end": 58,
                    "label": "준식별자"
                }
            ]
        },
        {
            "sentence": "주진료의(provider_id)는 진료과장 윤진욱으로 지정되었고 관련 권한·역할이 전자차트에 매핑되어 있습니다.",
            "id": "sample_094_0068_000005",
            "annotations": [
                {
                    "word": "윤진욱",
                    "start": 24,
                    "end": 27,
                    "label": "개인정보"
                }
            ]
        },
        {
            "sentence": "주증상은 상악 우측 제2대구치(FDI 17) 치관 파절과 동반 통증이며 임상사진 및 방사선 촬영이 권고되었습니다.",
            "id": "sample_094_0068_000006",
            "annotations": []
        },
        {
            "sentence": "임상 진단은 치관파절(crown fracture, SNODENT: 123456)으로 기록되었고 상세 소견은 임상노트에 기재되어 있습니다.",
            "id": "sample_094_0068_000007",
            "annotations": []
        },
        {
            "sentence": "치료계획은 근관치료 후 근관충전 및 크라운 보철 수복을 권고하였고 우선순위와 예상 기간을 포함합니다.",
            "id": "sample_094_0068_000008",
            "annotations": []
        },
        {
            "sentence": "시술기록: 2025-03-12에 근관치료(RCT, CDT:D3310)를 시행하였고 사용 재료는 NiTi 파일, Gutta-percha, AH Plus 실란트입니다.",
            "id": "sample_094_0068_000009",
            "annotations": []
        },
        {
            "sentence": "시술 중 사용된 소모품과 배치 정보는 처치와 연계되어 재고·로트로 추적 가능하도록 기록됩니다.",
            "id": "sample_094_0068_000010",
            "annotations": []
        },
        {
            "sentence": "치주 상태 측정: 11개 측정점 평균 포켓 깊이 3.4mm(범위 1–6mm), 최대 6mm, 출혈지수 BOP 28%로 측정되어 차트에 저장되었습니다.",
            "id": "sample_094_0068_000011",
            "annotations": []
        },
        {
            "sentence": "치아 차트: FDI 17의 치면 손상은 치경부 표면(B)이며 수복 전 사진과 표면 코드가 일치하도록 기록됩니다.",
            "id": "sample_094_0068_000012",
            "annotations": []
        },
        {
            "sentence": "방사선 메타데이터: CBCT DICOM 파일은 SeriesInstanceUID 2.25.1234567890, voxel size 0.3mm, slice thickness 0.3mm로 저장됩니다.",
            "id": "sample_094_0068_000013",
            "annotations": []
        },
        {
            "sentence": "3D 스캔 파일(STL) 메타데이터는 해상도 0.1mm로 표기되며 대용량 바이너리는 외부 저장소에 보관되어 샘플 프리뷰만 첨부됩니다.",
            "id": "sample_094_0068_000014",
            "annotations": []
        },
        {
            "sentence": "임상사진은 전·후 사진을 JPEG로 보관하며 파일명은 환자 식별정보를 제거한 익명화 규칙으로 생성됩니다.",
            "id": "sample_094_0068_000015",
            "annotations": []
        },
        {
            "sentence": "기공소 지시서 ID LAB-20250315-45에는 재료 지시 지르코니아(A2)와 탑재 사양이 포함되며 담당 기공사 문재이가 확인 서명했습니다.",
            "id": "sample_094_0068_000016",
            "annotations": [
                {
                    "word": "문재이",
                    "start": 65,
                    "end": 68,
                    "label": "개인정보"
                }
            ]
        },
        {
            "sentence": "동의서(consent_form_id CONS-20250310-11)는 보존되며 수술·보철 관련 설명 및 환자 서명 관련 메타데이터가 첨부되어 있습니다.",
            "id": "sample_094_0068_000017",
            "annotations": []
        },
        {
            "sentence": "멸균 로그(sterilization_log_id STER-20250312-03)에 배치 번호 BATCH-PL-00045와 멸균 완료 시간 2025-03-12T09:35:00 및 담당자 최솔민이 기록되어 있습니다.",
            "id": "sample_094_0068_000018",
            "annotations": [
                {
                    "word": "최솔민",
                    "start": 103,
                    "end": 106,
                    "label": "개인정보"
                },
                {
                    "word": "2025",
                    "start": 32,
                    "end": 36,
                    "label": "준식별자"
                },
                {
                    "word": "2025",
                    "start": 77,
                    "end": 81,
                    "label": "준식별자"
                },
                {
                    "word": "03",
                    "start": 36,
                    "end": 38,
                    "label": "준식별자"
                },
                {
                    "word": "03",
                    "start": 41,
                    "end": 43,
                    "label": "준식별자"
                },
                {
                    "word": "03",
                    "start": 82,
                    "end": 84,
                    "label": "준식별자"
                },
                {
                    "word": "12",
                    "start": 38,
                    "end": 40,
                    "label": "준식별자"
                },
                {
                    "word": "12",
                    "start": 85,
                    "end": 87,
                    "label": "준식별자"
                }
            ]
        },
        {
            "sentence": "장비 유지보수 기록 EQM-20250228-02에는 치과용 엑스레이 수리 내역과 교정자 강세훈의 서명이 포함되며 다음 예정 교정일 2025-08-01이 명시되어 있습니다.",
            "id": "sample_094_0068_000019",
            "annotations": [
                {
                    "word": "강세훈",
                    "start": 49,
                    "end": 52,
                    "label": "개인정보"
                },
                {
                    "word": "2025",
                    "start": 15,
                    "end": 19,
                    "label": "준식별자"
                },
                {
                    "word": "2025",
                    "start": 73,
                    "end": 77,
                    "label": "준식별자"
                },
                {
                    "word": "08",
                    "start": 78,
                    "end": 80,
                    "label": "준식별자"
                },
                {
                    "word": "01",
                    "start": 81,
                    "end": 83,
                    "label": "준식별자"
                }
            ]
        },
        {
            "sentence": "재료 LOT 정보: 충전재 LOT-ZR-2024-334, 유효기간 2026-11-30로 재고 관리에 등록되어 있습니다.",
            "id": "sample_094_0068_000020",
            "annotations": []
        },
        {
            "sentence": "임상 파일 및 로그 일부는 내부 시스템 경로에 저장되며 예시 메타데이터는 접근 제어와 함께 보존됩니다.",
            "id": "sample_094_0068_000021",
            "annotations": []
        },
        {
            "sentence": "내부 시스템 경로 예시로 /srv/dental/ehr/production과 접속 계정 admin_ehr가 문서에 기술되어 있어 해당 항목은 기밀로 분류됩니다.",
            "id": "sample_094_0068_000022",
            "annotations": [
                {
                    "word": "/srv/dental/ehr/production",
                    "start": 14,
                    "end": 40,
                    "label": "기밀정보"
                },
                {
                    "word": "admin_ehr",
                    "start": 48,
                    "end": 57,
                    "label": "기밀정보"
                }
            ]
        },
        {
            "sentence": "보험 청구(claim_id INS-20250320-789)는 CDT 코드 매핑 및 청구금액 1,250,000원이 포함되어 있으며 심사 상태는 부분승인으로 표기되어 있습니다.",
            "id": "sample_094_0068_000023",
            "annotations": []
        },
        {
            "sentence": "환자 청구 총액(billing_amount)은 1,250,000원이며 전자 영수증이 발행되어 결제 내역에 연결되어 있습니다.",
            "id": "sample_094_0068_000024",
            "annotations": []
        },
        {
            "sentence": "예약 스케줄: 다음 재내원 예약일은 2025-04-10 14:00으로 설정되어 있으며 예약 알림은 시스템에서 자동 발송됩니다.",
            "id": "sample_094_0068_000025",
            "annotations": [
                {
                    "word": "2025",
                    "start": 20,
                    "end": 24,
                    "label": "준식별자"
                },
                {
                    "word": "04",
                    "start": 25,
                    "end": 27,
                    "label": "준식별자"
                },
                {
                    "word": "10",
                    "start": 28,
                    "end": 30,
                    "label": "준식별자"
                }
            ]
        },
        {
            "sentence": "추적관리 알림은 치료 후 3개월에 자동 발송되도록 설정되어 있으며 재검진 권고 메시지가 포함됩니다.",
            "id": "sample_094_0068_000026",
            "annotations": []
        },
        {
            "sentence": "감사 로그(audit trail)에는 2025-03-12T10:15:32에 진료기록 수정 이벤트가 있으며 수정자 유선후의 변경 이력이 기록되어 있습니다.",
            "id": "sample_094_0068_000027",
            "annotations": [
                {
                    "word": "유선후",
                    "start": 63,
                    "end": 66,
                    "label": "개인정보"
                }
            ]
        },
        {
            "sentence": "장비 교정 이력과 교정자 서명 PDF는 첨부되어 보관되며 교정자 강세훈의 전자서명이 검증 로그에 포함되어 있습니다.",
            "id": "sample_094_0068_000028",
            "annotations": [
                {
                    "word": "강세훈",
                    "start": 36,
                    "end": 39,
                    "label": "개인정보"
                }
            ]
        },
        {
            "sentence": "결론 및 권고: 환자는 근관치료 후 크라운 보철을 진행하고 차후 방문에서 치주 상태 재평가와 보철 적합성 검토를 권장합니다.",
            "id": "sample_094_0068_000029",
            "annotations": []
        }
    ]
}