{
    "document_id": "094_0080",
    "document_title": "치주 및 보철 통합 전자차트 및 치료계획서",
    "data": [
        {
            "sentence": "환자 기본 레코드: patient_id: 3f9b6a9e-8c2a-4f1d-9e2b-0a1b2c3d4e5f 로 생성된 전자차트입니다.",
            "id": "sample_094_0080_000001",
            "annotations": [
                {
                    "word": "3f9b6a9e-8c2a-4f1d-9e2b-0a1b2c3d4e5f",
                    "start": 23,
                    "end": 59,
                    "label": "개인정보"
                }
            ]
        },
        {
            "sentence": "환자 정보(익명화 표기): 생년월일: 1985-07-14, 성별: 남성, 주소(시군구): 서울특별시 강남구 로 등록되어 있습니다.",
            "id": "sample_094_0080_000002",
            "annotations": [
                {
                    "word": "1985-07-14",
                    "start": 21,
                    "end": 31,
                    "label": "준식별자"
                },
                {
                    "word": "남성",
                    "start": 37,
                    "end": 39,
                    "label": "준식별자"
                },
                {
                    "word": "서울특별시 강남구",
                    "start": 50,
                    "end": 59,
                    "label": "준식별자"
                }
            ]
        },
        {
            "sentence": "본 진료는 visit_id: vis-1a2b3c4d, 방문일자: 2025-01-15, 주치의 provider_id: prov-77b2-4c9a(담당: 지상준)로 수행되었습니다.",
            "id": "sample_094_0080_000003",
            "annotations": [
                {
                    "word": "vis-1a2b3c4d",
                    "start": 16,
                    "end": 28,
                    "label": "개인정보"
                },
                {
                    "word": "2025-01-15",
                    "start": 36,
                    "end": 46,
                    "label": "준식별자"
                },
                {
                    "word": "prov-77b2-4c9a",
                    "start": 65,
                    "end": 79,
                    "label": "개인정보"
                },
                {
                    "word": "지상준",
                    "start": 84,
                    "end": 87,
                    "label": "개인정보"
                }
            ]
        },
        {
            "sentence": "초진 소견: 상악 우측 소구치(FDI 14) 부위에 만성 치주염 소견과 치간 치수근부의 국소 치석 침착이 관찰됩니다.",
            "id": "sample_094_0080_000004",
            "annotations": []
        },
        {
            "sentence": "치주 검사: 14 치아의 PD(포켓 깊이) MB 5mm, B 4mm, DB 3mm, BOP(출혈지수) 양성으로 기록하였습니다.",
            "id": "sample_094_0080_000005",
            "annotations": []
        },
        {
            "sentence": "치료계획: 비수술적 치주치료(scaling and root planing) 우선 시행 후 보철적 수복(크라운) 필요 시 진행으로 계획하고, 코드 표기는 CDT:D4341 로 기재합니다.",
            "id": "sample_094_0080_000006",
            "annotations": []
        },
        {
            "sentence": "시술 내역(예정->실시): 2025-01-15에 FDI 14에 대한 임시 수복 후 D2750(고정성 크라운)으로 전환 예정이며, 관련 lab_prescription_id: LAB-PR-0F4E-9A22 및 consent_form_id: CONS-5c3f-2a1b 을 문서화하였습니다.",
            "id": "sample_094_0080_000007",
            "annotations": [
                {
                    "word": "LAB-PR-0F4E-9A22",
                    "start": 96,
                    "end": 112,
                    "label": "개인정보"
                },
                {
                    "word": "CONS-5c3f-2a1b",
                    "start": 132,
                    "end": 146,
                    "label": "개인정보"
                }
            ]
        },
        {
            "sentence": "영상자료(참조 메타데이터): 구강파노라마 DICOM UID: 1.2.840.113619.2.55.3.283116435.20150714.123456, modality: OPG, voxel_size: N/A, pixel_sample: 샘플만 제공됩니다.",
            "id": "sample_094_0080_000008",
            "annotations": [
                {
                    "word": "1.2.840.113619.2.55.3.283116435.20150714.123456",
                    "start": 34,
                    "end": 81,
                    "label": "기밀정보"
                }
            ]
        },
        {
            "sentence": "CAD/CAM 3D 스캔 파일은 scan_3d_9b8f.stl 로 보관 중이며 메타: mesh_vertices=128k, mesh_faces=256k, units:mm, 원본 바이너리는 참조용으로만 저장합니다.",
            "id": "sample_094_0080_000009",
            "annotations": [
                {
                    "word": "scan_3d_9b8f.stl",
                    "start": 18,
                    "end": 34,
                    "label": "기밀정보"
                }
            ]
        },
        {
            "sentence": "기공소 지시서 요약: 기공 담당자: 나하랑, 재료 지정: zirconia full-contour, 두께 기준 1.2mm, 마진 보정 +0.1mm, 기공소 접수 ID는 LAB-PR-0F4E-9A22 입니다.",
            "id": "sample_094_0080_000010",
            "annotations": [
                {
                    "word": "나하랑",
                    "start": 20,
                    "end": 23,
                    "label": "개인정보"
                }
            ]
        },
        {
            "sentence": "멸균 로그 요약: sterilization_log_id: STLZ-20250113-089, 멸균기 사이클 완료(134°C, 4분), 작업자 서명: 전경주, 사용된 포장 배치와 연결되어 있습니다.",
            "id": "sample_094_0080_000011",
            "annotations": [
                {
                    "word": "STLZ-20250113-089",
                    "start": 32,
                    "end": 49,
                    "label": "기밀정보"
                },
                {
                    "word": "전경주",
                    "start": 82,
                    "end": 85,
                    "label": "개인정보"
                }
            ]
        },
        {
            "sentence": "장비 유지보수: 고속핸드피스 SN: HP-SN-88122 의 윤활 및 밸런스 점검이 수행되었고 유지보수 레코드 EQM-20241130-33 에 저장하였습니다.",
            "id": "sample_094_0080_000012",
            "annotations": [
                {
                    "word": "HP-SN-88122",
                    "start": 20,
                    "end": 31,
                    "label": "기밀정보"
                },
                {
                    "word": "EQM-20241130-33",
                    "start": 62,
                    "end": 77,
                    "label": "기밀정보"
                }
            ]
        },
        {
            "sentence": "재료 재고: 지르코니아 블록 LOT: MAT-2024-00567(유효기간: 2026-04-30) 보관 위치: 재료실 A선반, 담당자: 박재표 가 입고 및 검수하였습니다.",
            "id": "sample_094_0080_000013",
            "annotations": [
                {
                    "word": "MAT-2024-00567",
                    "start": 21,
                    "end": 35,
                    "label": "기밀정보"
                },
                {
                    "word": "박재표",
                    "start": 75,
                    "end": 78,
                    "label": "개인정보"
                }
            ]
        },
        {
            "sentence": "보험·청구 요약: insurance_claim_id: CLAIM-8a7c-1122 로 청구했으며 청구금액(billing_amount): KRW 450,000, 심사상태: 승인(부분) 으로 접수되었습니다.",
            "id": "sample_094_0080_000014",
            "annotations": [
                {
                    "word": "CLAIM-8a7c-1122",
                    "start": 30,
                    "end": 45,
                    "label": "개인정보"
                },
                {
                    "word": "KRW 450,000",
                    "start": 76,
                    "end": 87,
                    "label": "기밀정보"
                }
            ]
        },
        {
            "sentence": "예약 스케줄: 다음 재내원 예약일은 2025-02-10 14:30 으로 등록되었고 상태는 확정입니다; 리마인더 자동 전송 대상입니다.",
            "id": "sample_094_0080_000015",
            "annotations": [
                {
                    "word": "2025-02-10 14:30",
                    "start": 20,
                    "end": 36,
                    "label": "준식별자"
                }
            ]
        },
        {
            "sentence": "추적관리: 재검진 알림 ID REM-20250210-01 로 시스템에 등록되었고 재내원 7일 전 및 1일 전에 알림이 예약됩니다.",
            "id": "sample_094_0080_000016",
            "annotations": [
                {
                    "word": "REM-20250210-01",
                    "start": 16,
                    "end": 31,
                    "label": "개인정보"
                }
            ]
        },
        {
            "sentence": "동의서 기록: 수술/보철 동의서 원본은 CONS-5c3f-2a1b 에 보관되며 동의서 서명 담당 치과의는 주설현 으로 명기되어 있습니다.",
            "id": "sample_094_0080_000017",
            "annotations": [
                {
                    "word": "주설현",
                    "start": 59,
                    "end": 62,
                    "label": "개인정보"
                }
            ]
        },
        {
            "sentence": "감사로그 예시: 2025-01-15T09:35:21Z 에 clinical_note 필드를 수정한 사용자: 곽혜윤, 변경내용: 'SRP 후 크라운 전환 계획으로 업데이트' 로 기록되어 있습니다.",
            "id": "sample_094_0080_000018",
            "annotations": [
                {
                    "word": "곽혜윤",
                    "start": 59,
                    "end": 62,
                    "label": "개인정보"
                },
                {
                    "word": "2025-01-15T09:35:21Z",
                    "start": 9,
                    "end": 29,
                    "label": "준식별자"
                }
            ]
        },
        {
            "sentence": "외부 연계 메타: 기공소 연동 SFTP 엔드포인트는 sftp.internal.clinic.local 로 등록되어 있으며 인증·전송 로그는 별도 보관합니다.",
            "id": "sample_094_0080_000019",
            "annotations": [
                {
                    "word": "sftp.internal.clinic.local",
                    "start": 29,
                    "end": 55,
                    "label": "기밀정보"
                }
            ]
        },
        {
            "sentence": "코드 매핑 메모: 본 문서의 procedure_code 표기는 CDT 표준을 우선으로 기입하였고 지역별 로컬 코드 매핑은 메타 필드에 기록합니다.",
            "id": "sample_094_0080_000020",
            "annotations": []
        },
        {
            "sentence": "멸균 이벤트 시퀀스 예: 멸균 완료 -> 사용(체어에 적용) -> 재사용 전 점검으로 이어지는 로그 체인이 차례대로 저장됩니다.",
            "id": "sample_094_0080_000021",
            "annotations": []
        },
        {
            "sentence": "장비 교정 계획: 교정기록에는 교정자 신동훈 의 서명 항목이 있으며 교정 증명서 id CAL-202407-12 로 보관됩니다.",
            "id": "sample_094_0080_000022",
            "annotations": [
                {
                    "word": "신동훈",
                    "start": 21,
                    "end": 24,
                    "label": "개인정보"
                },
                {
                    "word": "CAL-202407-12",
                    "start": 48,
                    "end": 61,
                    "label": "기밀정보"
                }
            ]
        },
        {
            "sentence": "환자 교육 자료: 구강 위생 관리 지침서와 보철 후 주의사항이 PDF로 첨부되어 있으며 일반적 권고와 링크만 제공합니다.",
            "id": "sample_094_0080_000023",
            "annotations": []
        },
        {
            "sentence": "영상 보관 정책: DICOM/CBCT 원본은 메타데이터 보존 원칙에 따르며 원본 픽셀 데이터는 대용량 저장소에 암호화되어 보관됩니다.",
            "id": "sample_094_0080_000024",
            "annotations": []
        },
        {
            "sentence": "데이터 보존 및 삭제 정책: 법정 보존기간 종료 시 별도 검토 후 익명화 또는 안전 폐기 절차를 통해 제거합니다.",
            "id": "sample_094_0080_000025",
            "annotations": []
        },
        {
            "sentence": "액션 아이템: LAB-PR-0F4E-9A22 의 기공물 초도 샘플 승인 여부 회신, REM-20250210-01 리마인더 내용 검토 필요로 기록합니다.",
            "id": "sample_094_0080_000026",
            "annotations": []
        },
        {
            "sentence": "내부 시스템 참조: 데이터베이스 파일 경로 /srv/clinic/internal/patients.db 는 운영팀 전용으로 보호되며 접근 로그가 남습니다.",
            "id": "sample_094_0080_000027",
            "annotations": [
                {
                    "word": "/srv/clinic/internal/patients.db",
                    "start": 24,
                    "end": 56,
                    "label": "기밀정보"
                }
            ]
        },
        {
            "sentence": "문서 최종 작성자: 유민건, 문서 버전 v1.2, 작성일 2025-01-15 로 전자서명이 첨부되어 있습니다.",
            "id": "sample_094_0080_000028",
            "annotations": [
                {
                    "word": "유민건",
                    "start": 11,
                    "end": 14,
                    "label": "개인정보"
                }
            ]
        }
    ]
}