{
    "document_id": "094_0025",
    "document_title": "근관치료(RCT) 임상기록 및 영상·멸균·청구 통합 문서",
    "data": [
        {
            "sentence": "환자 등록: patient_id: f47ac10b-58cc-4372-a567-0e02b2c3d479, visit_id: 3fa85f64-5717-4562-b3fc-2c963f66afa6, 방문일: 2024년 11월 15일, 생년월일: 1985년 06월 12일, 성별: 여성, 주소: 서울특별시 강남구 역삼동.",
            "id": "sample_094_0025_000001",
            "annotations": [
                {
                    "word": "f47ac10b-58cc-4372-a567-0e02b2c3d479",
                    "start": 19,
                    "end": 55,
                    "label": "개인정보"
                },
                {
                    "word": "3fa85f64-5717-4562-b3fc-2c963f66afa6",
                    "start": 67,
                    "end": 103,
                    "label": "개인정보"
                },
                {
                    "word": "2024",
                    "start": 110,
                    "end": 114,
                    "label": "준식별자"
                },
                {
                    "word": "11",
                    "start": 116,
                    "end": 118,
                    "label": "준식별자"
                },
                {
                    "word": "15",
                    "start": 120,
                    "end": 122,
                    "label": "준식별자"
                },
                {
                    "word": "1985",
                    "start": 131,
                    "end": 135,
                    "label": "준식별자"
                },
                {
                    "word": "06",
                    "start": 137,
                    "end": 139,
                    "label": "준식별자"
                },
                {
                    "word": "12",
                    "start": 141,
                    "end": 143,
                    "label": "준식별자"
                },
                {
                    "word": "여성",
                    "start": 150,
                    "end": 152,
                    "label": "준식별자"
                },
                {
                    "word": "서울특별시",
                    "start": 158,
                    "end": 163,
                    "label": "준식별자"
                },
                {
                    "word": "강남구",
                    "start": 164,
                    "end": 167,
                    "label": "준식별자"
                },
                {
                    "word": "역삼동",
                    "start": 168,
                    "end": 171,
                    "label": "준식별자"
                }
            ]
        },
        {
            "sentence": "초진 담당의(Provider): 신병석 원장이 예진 및 구강검진을 수행하였고, 초기 소견을 기록하였다.",
            "id": "sample_094_0025_000002",
            "annotations": [
                {
                    "word": "신병석",
                    "start": 18,
                    "end": 21,
                    "label": "개인정보"
                }
            ]
        },
        {
            "sentence": "주증상: 우측 상악 통증 및 냉감 과민을 주소로 방문하였으며, 임상 소견으로 우상악 제1대구치(#16, FDI) 치수염이 의심된다.",
            "id": "sample_094_0025_000003",
            "annotations": []
        },
        {
            "sentence": "방사선 촬영: PA 및 OPG 촬영을 시행하였고, CBCT 참고용 DICOM 참조 경로 dicom://studies/CBCT_20241115_001을 기록하였으며 픽셀 데이터는 샘플만 제공한다.",
            "id": "sample_094_0025_000004",
            "annotations": []
        },
        {
            "sentence": "치주 검사 결과: 전악 포켓 깊이(PD) 3–5 mm, 출혈지수(BOP) 우측 상악 #16 부위에서 2/6 관찰, 최대 치주낭 깊이 5 mm로 기록함.",
            "id": "sample_094_0025_000005",
            "annotations": []
        },
        {
            "sentence": "진단 소견: #16 치수염(경증)으로 근관치료(RCT)를 권고하며, 보존적 처치 및 통증 조절을 우선 시행한다.",
            "id": "sample_094_0025_000006",
            "annotations": []
        },
        {
            "sentence": "치료계획: 근관치료(Procedure code: CDT-D3310, 표기: D3310) 예정, 사용 재료 표준으로 NiTi 파일 시스템 및 GIC(Glass Ionomer Cement) 사용을 계획하였다.",
            "id": "sample_094_0025_000007",
            "annotations": []
        },
        {
            "sentence": "초진 동의서 보관: consent_form_id: CONS-8a1b2c3d를 전자서명으로 확보하였고, 해당 동의서의 접근 권한을 제한한다.",
            "id": "sample_094_0025_000008",
            "annotations": [
                {
                    "word": "CONS-8a1b2c3d",
                    "start": 28,
                    "end": 41,
                    "label": "개인정보"
                }
            ]
        },
        {
            "sentence": "근관치료 예정일: 2024년 12월 02일로 지정하였으며, 시술 당일 문진으로 고혈압·알레르기 여부를 재확인할 예정이다.",
            "id": "sample_094_0025_000009",
            "annotations": []
        },
        {
            "sentence": "시술 전 준비물 및 Lot 정보: 근관 파일 Lot LF-2023-998, 근관 충전재 AH-Plus Lot AH-2023-A7를 준비하였고 무균 상태를 확인하였다.",
            "id": "sample_094_0025_000010",
            "annotations": []
        },
        {
            "sentence": "시술 기록 요약: 2024-12-02 10:15에 근관치료 시작, 담당 의사 신병석, 보조 엄율희가 참여하였으며 치료 흐름을 순차적으로 기록하였다.",
            "id": "sample_094_0025_000011",
            "annotations": [
                {
                    "word": "2024",
                    "start": 10,
                    "end": 14,
                    "label": "준식별자"
                },
                {
                    "word": "12",
                    "start": 15,
                    "end": 17,
                    "label": "준식별자"
                },
                {
                    "word": "02",
                    "start": 11,
                    "end": 13,
                    "label": "준식별자"
                },
                {
                    "word": "02",
                    "start": 18,
                    "end": 20,
                    "label": "준식별자"
                },
                {
                    "word": "신병석",
                    "start": 43,
                    "end": 46,
                    "label": "개인정보"
                },
                {
                    "word": "엄율희",
                    "start": 51,
                    "end": 54,
                    "label": "개인정보"
                }
            ]
        },
        {
            "sentence": "임상 소견: 근관 형성 및 세척이 적절히 이루어졌고, 최종 봉쇄는 04호 gutta-percha로 시행하였다; 시술 중 출혈량은 경미하였다.",
            "id": "sample_094_0025_000012",
            "annotations": []
        },
        {
            "sentence": "기공소 지시서: lab_prescription_id: LAB-00047에 보철 wax-up 지시와 교정 margin 정보를 포함하여 전달하였다.",
            "id": "sample_094_0025_000013",
            "annotations": []
        },
        {
            "sentence": "영상 메타데이터: CBCT study UID 1.2.840.113619.2.55.3.604688.202411151234, voxel size 0.3 mm, slice 수 256이며 원본 픽셀 데이터는 미제공으로 표기하였다.",
            "id": "sample_094_0025_000014",
            "annotations": []
        },
        {
            "sentence": "3D 스캔: 임상용 STL 파일명 STL_RCT_16_20241202.stl, 스캐너 해상도 50 µm, 서브샘플만 첨부하고 전체 바이너리는 기록 보관 서버에 저장하였다.",
            "id": "sample_094_0025_000015",
            "annotations": []
        },
        {
            "sentence": "멸균 로그(sterilization_log_id: STER-20241201-01): 멸균 배치 BATCH-221, 담당자 전석헌, 멸균 완료 2024-12-01 08:45로 기록되어 사용되었다.",
            "id": "sample_094_0025_000016",
            "annotations": [
                {
                    "word": "STER-20241201-01",
                    "start": 28,
                    "end": 44,
                    "label": "기밀정보"
                },
                {
                    "word": "전석헌",
                    "start": 68,
                    "end": 71,
                    "label": "개인정보"
                },
                {
                    "word": "2024",
                    "start": 33,
                    "end": 37,
                    "label": "준식별자"
                },
                {
                    "word": "2024",
                    "start": 79,
                    "end": 83,
                    "label": "준식별자"
                },
                {
                    "word": "12",
                    "start": 37,
                    "end": 39,
                    "label": "준식별자"
                },
                {
                    "word": "12",
                    "start": 84,
                    "end": 86,
                    "label": "준식별자"
                },
                {
                    "word": "01",
                    "start": 39,
                    "end": 41,
                    "label": "준식별자"
                },
                {
                    "word": "01",
                    "start": 42,
                    "end": 44,
                    "label": "준식별자"
                },
                {
                    "word": "01",
                    "start": 87,
                    "end": 89,
                    "label": "준식별자"
                }
            ]
        },
        {
            "sentence": "멸균 실패 경고는 없었고, 해당 기구들은 autoclave A-3(Serial AC-3345)에서 처리되어 추적 가능하게 하였다.",
            "id": "sample_094_0025_000017",
            "annotations": []
        },
        {
            "sentence": "재고 관리: 복합레진 Lot RES-2023-554의 유효기간은 2025-08-31로 표기되어 있으며 유효기간 이전 사용 지침을 준수하였다.",
            "id": "sample_094_0025_000018",
            "annotations": []
        },
        {
            "sentence": "장비 유지보수: OPG 장비 정기 교정 수행, 교정자 채기찬, 교정일 2024-10-10에 계측 보정 및 안전점검을 완료하였다.",
            "id": "sample_094_0025_000019",
            "annotations": [
                {
                    "word": "채기찬",
                    "start": 30,
                    "end": 33,
                    "label": "개인정보"
                },
                {
                    "word": "2024",
                    "start": 39,
                    "end": 43,
                    "label": "준식별자"
                },
                {
                    "word": "10",
                    "start": 44,
                    "end": 46,
                    "label": "준식별자"
                },
                {
                    "word": "10",
                    "start": 47,
                    "end": 49,
                    "label": "준식별자"
                }
            ]
        },
        {
            "sentence": "청구 정보: 보험청구ID: INS-4f8b2c1a-0001, 적용 코드 D3310(근관치료), 청구 금액 KRW 320,000, 심사 결과에 따라 승인/부분승인/거부 처리된다.",
            "id": "sample_094_0025_000020",
            "annotations": [
                {
                    "word": "INS-4f8b2c1a-0001",
                    "start": 15,
                    "end": 32,
                    "label": "개인정보"
                }
            ]
        },
        {
            "sentence": "수납 처리: 영수증ID REC-20241202-900로 결제 기록을 생성하였고 결제 수단은 카드로 처리되었음을 시스템에 저장하였다.",
            "id": "sample_094_0025_000021",
            "annotations": []
        },
        {
            "sentence": "감사 로그(audit): 필드 수정 내역 - 2024-12-02 11:10에 treatment_plan 변경, 수정자 신병석, 변경 사유는 CBCT 소견 반영으로 기록함.",
            "id": "sample_094_0025_000022",
            "annotations": [
                {
                    "word": "2024",
                    "start": 25,
                    "end": 29,
                    "label": "준식별자"
                },
                {
                    "word": "12",
                    "start": 30,
                    "end": 32,
                    "label": "준식별자"
                },
                {
                    "word": "02",
                    "start": 26,
                    "end": 28,
                    "label": "준식별자"
                },
                {
                    "word": "02",
                    "start": 33,
                    "end": 35,
                    "label": "준식별자"
                },
                {
                    "word": "신병석",
                    "start": 66,
                    "end": 69,
                    "label": "개인정보"
                }
            ]
        },
        {
            "sentence": "서버 및 파일 경로(기밀): EHR DB 경로 /srv/ehr/prod/patients.db와 내부 서버 IP 10.0.12.45는 접근 통제를 적용하여 외부 유출을 차단한다.",
            "id": "sample_094_0025_000023",
            "annotations": [
                {
                    "word": "/srv/ehr/prod/patients.db",
                    "start": 26,
                    "end": 51,
                    "label": "기밀정보"
                },
                {
                    "word": "10.0.12.45",
                    "start": 62,
                    "end": 72,
                    "label": "기밀정보"
                }
            ]
        },
        {
            "sentence": "환자 추적관리: 재내원 알림 follow_up_reminder를 2025년 01월 15일로 설정하였고 알림 담당자는 조승리로 지정하였다.",
            "id": "sample_094_0025_000024",
            "annotations": [
                {
                    "word": "2025",
                    "start": 36,
                    "end": 40,
                    "label": "준식별자"
                },
                {
                    "word": "01",
                    "start": 42,
                    "end": 44,
                    "label": "준식별자"
                },
                {
                    "word": "15",
                    "start": 46,
                    "end": 48,
                    "label": "준식별자"
                },
                {
                    "word": "조승리",
                    "start": 65,
                    "end": 68,
                    "label": "개인정보"
                }
            ]
        },
        {
            "sentence": "동의서 재확인 및 보관: consent_form_id CONS-8a1b2c3d는 전자서명 파일로 보관되며 접근 로그를 통해 열람 이력을 추적한다.",
            "id": "sample_094_0025_000025",
            "annotations": [
                {
                    "word": "CONS-8a1b2c3d",
                    "start": 30,
                    "end": 43,
                    "label": "개인정보"
                }
            ]
        },
        {
            "sentence": "기공소 통신·전송: 외부 lab 연계 시 SFTP 전송을 사용하고 기공소 대상 파일은 시스템 ID로 매핑하여 전송 로그를 남긴다.",
            "id": "sample_094_0025_000026",
            "annotations": []
        },
        {
            "sentence": "환자 교육자료: 근관치료 후 관리 지침, 통증 완화 방법, 항생제 복용 시 유의사항을 PDF로 제공하고 교육일지를 전자기록에 첨부하였다.",
            "id": "sample_094_0025_000027",
            "annotations": []
        },
        {
            "sentence": "결론 및 권고: 근관치료는 계획대로 마무리되었고, 2주 후 내원하여 임상 경과 확인 및 보철적 처치(충전/크라운) 필요성을 재평가할 것을 권장한다.",
            "id": "sample_094_0025_000028",
            "annotations": []
        }
    ]
}