{
    "document_id": "094_0088",
    "document_title": "치과 진료기록 및 치료계획서(임플란트 포함) - 내부보존용",
    "data": [
        {
            "sentence": "본 문서는 클리닉 내 보존을 위한 치과 진료기록 및 치료계획서이며 임플란트 및 보철 관련 모든 연계 문서를 포함합니다.",
            "id": "sample_094_0088_000001",
            "annotations": []
        },
        {
            "sentence": "환자 식별자는 익명화된 값으로 기록하며 본 건 환자 환자ID는 b3f8c2a4-6d7e-4b2a-9f0d-0a1b2c3d4e5f 입니다.",
            "id": "sample_094_0088_000002",
            "annotations": [
                {
                    "word": "b3f8c2a4-6d7e-4b2a-9f0d-0a1b2c3d4e5f",
                    "start": 35,
                    "end": 71,
                    "label": "개인정보"
                }
            ]
        },
        {
            "sentence": "환자 기본정보: 생년월일 1985 년 07 월 14 일, 성별 남성, 직업 회사원으로 등록되어 있습니다.",
            "id": "sample_094_0088_000003",
            "annotations": [
                {
                    "word": "1985",
                    "start": 14,
                    "end": 18,
                    "label": "준식별자"
                },
                {
                    "word": "07",
                    "start": 21,
                    "end": 23,
                    "label": "준식별자"
                },
                {
                    "word": "14",
                    "start": 26,
                    "end": 28,
                    "label": "준식별자"
                },
                {
                    "word": "남성",
                    "start": 35,
                    "end": 37,
                    "label": "준식별자"
                },
                {
                    "word": "회사원",
                    "start": 42,
                    "end": 45,
                    "label": "준식별자"
                }
            ]
        },
        {
            "sentence": "주소(행정구역): 서울특별시, 강남구 단위까지 기입되며 세부 동·호수는 비식별화 처리하였습니다.",
            "id": "sample_094_0088_000004",
            "annotations": [
                {
                    "word": "서울특별시",
                    "start": 10,
                    "end": 15,
                    "label": "준식별자"
                },
                {
                    "word": "강남구",
                    "start": 17,
                    "end": 20,
                    "label": "준식별자"
                }
            ]
        },
        {
            "sentence": "본 방문의 방문ID는 VIS-2026-0001이며 내원일자는 2026 년 01 월 12 일, 담당의(provider_id)는 강민건 원장입니다.",
            "id": "sample_094_0088_000005",
            "annotations": [
                {
                    "word": "VIS-2026-0001",
                    "start": 12,
                    "end": 25,
                    "label": "개인정보"
                },
                {
                    "word": "2026",
                    "start": 16,
                    "end": 20,
                    "label": "준식별자"
                },
                {
                    "word": "2026",
                    "start": 34,
                    "end": 38,
                    "label": "준식별자"
                },
                {
                    "word": "01",
                    "start": 23,
                    "end": 25,
                    "label": "준식별자"
                },
                {
                    "word": "01",
                    "start": 41,
                    "end": 43,
                    "label": "준식별자"
                },
                {
                    "word": "12",
                    "start": 46,
                    "end": 48,
                    "label": "준식별자"
                },
                {
                    "word": "강민건",
                    "start": 70,
                    "end": 73,
                    "label": "개인정보"
                }
            ]
        },
        {
            "sentence": "주증상은 좌측 하악 통증 및 보철 파절이며 임상 소견에는 #36(46, FDI 표기) 부위의 치수 근접 소견과 심한 우식이 관찰되었습니다.",
            "id": "sample_094_0088_000006",
            "annotations": []
        },
        {
            "sentence": "치주 검사: 전구간 평균 치주포켓 2~4 mm이며 #36 부위 최대 포켓 6 mm, 출혈지수(BOP) 양성으로 기록하였습니다.",
            "id": "sample_094_0088_000007",
            "annotations": []
        },
        {
            "sentence": "진단 및 치료계획: #36 상실위험으로 발치(D7140, 치아 발거)를 권유하고 이후 임플란트 식립(D6010, 하악 우측 46)에 따른 치조골 평가 및 상악동/하악 신경 위치 확인을 계획합니다.",
            "id": "sample_094_0088_000008",
            "annotations": []
        },
        {
            "sentence": "수술 동의서 ID는 CONSENT-2026-0042이며 외과적 절차 및 합병증 설명 후 주창훈 원장이 서명하였습니다.",
            "id": "sample_094_0088_000009",
            "annotations": [
                {
                    "word": "CONSENT-2026-0042",
                    "start": 11,
                    "end": 28,
                    "label": "기밀정보"
                },
                {
                    "word": "주창훈",
                    "start": 49,
                    "end": 52,
                    "label": "개인정보"
                }
            ]
        },
        {
            "sentence": "방사선 · CBCT 파일: CBCT_094_0088_PAT1.dcm (sample pixel data 제공, voxel size 0.3 mm³, FOV 8x8 cm, metadata만 보존함).",
            "id": "sample_094_0088_000010",
            "annotations": [
                {
                    "word": "CBCT_094_0088_PAT1.dcm",
                    "start": 15,
                    "end": 37,
                    "label": "기밀정보"
                }
            ]
        },
        {
            "sentence": "구강 스캔 3D 파일: upper_scan_094_0088.stl (mesh resolution 0.2 mm, 파일은 참조 샘플만 저장, 대용량 바이너리는 별도 보관).",
            "id": "sample_094_0088_000011",
            "annotations": [
                {
                    "word": "upper_scan_094_0088.stl",
                    "start": 13,
                    "end": 36,
                    "label": "기밀정보"
                }
            ]
        },
        {
            "sentence": "기공소 지시서 ID LABP-5501로 면밀한 임프레스 및 교합 조정 지시를 전달하였고 담당 기공사는 양하경으로 표기하였습니다.",
            "id": "sample_094_0088_000012",
            "annotations": [
                {
                    "word": "LABP-5501",
                    "start": 11,
                    "end": 20,
                    "label": "기밀정보"
                },
                {
                    "word": "양하경",
                    "start": 57,
                    "end": 60,
                    "label": "개인정보"
                }
            ]
        },
        {
            "sentence": "시술에 사용할 임플란트 모델은 Straumann BLX 4.1 x 10mm이며 관련 재료 LOT-IMPL-7788을 사용하고 제조사 권장 유효기간은 2024 년 12 월 31 일로 기록했습니다.",
            "id": "sample_094_0088_000013",
            "annotations": [
                {
                    "word": "LOT-IMPL-7788",
                    "start": 50,
                    "end": 63,
                    "label": "기밀정보"
                },
                {
                    "word": "2024",
                    "start": 83,
                    "end": 87,
                    "label": "준식별자"
                },
                {
                    "word": "12",
                    "start": 90,
                    "end": 92,
                    "label": "준식별자"
                },
                {
                    "word": "31",
                    "start": 95,
                    "end": 97,
                    "label": "준식별자"
                }
            ]
        },
        {
            "sentence": "사용 복합레진 LOT-COMP-2023-7788은 배치번호·로트·유효기간을 재고 시스템에 동기화하였고 만료일은 2024 년 12 월 31 일입니다.",
            "id": "sample_094_0088_000014",
            "annotations": [
                {
                    "word": "LOT-COMP-2023-7788",
                    "start": 8,
                    "end": 26,
                    "label": "기밀정보"
                }
            ]
        },
        {
            "sentence": "멸균 로그: sterilization_log_id STERIL-2026-1110, 멸균기 EQ-Ster-03 배치 S20260111, 멸균 담당자 손호석, 멸균 완료 후 포장 상태를 확인하였습니다.",
            "id": "sample_094_0088_000015",
            "annotations": [
                {
                    "word": "STERIL-2026-1110",
                    "start": 28,
                    "end": 44,
                    "label": "기밀정보"
                },
                {
                    "word": "EQ-Ster-03",
                    "start": 50,
                    "end": 60,
                    "label": "기밀정보"
                },
                {
                    "word": "손호석",
                    "start": 82,
                    "end": 85,
                    "label": "개인정보"
                }
            ]
        },
        {
            "sentence": "장비 유지보수: 구강파노라마 장비 시리얼 EQ-OPG-2021-3345 정밀교정 수행(2026 년 01 월 10 일), 정비 담당자 백민정이 점검 및 시운전을 기록했습니다.",
            "id": "sample_094_0088_000016",
            "annotations": [
                {
                    "word": "EQ-OPG-2021-3345",
                    "start": 23,
                    "end": 39,
                    "label": "기밀정보"
                },
                {
                    "word": "2026",
                    "start": 48,
                    "end": 52,
                    "label": "준식별자"
                },
                {
                    "word": "01",
                    "start": 55,
                    "end": 57,
                    "label": "준식별자"
                },
                {
                    "word": "10",
                    "start": 60,
                    "end": 62,
                    "label": "준식별자"
                },
                {
                    "word": "백민정",
                    "start": 74,
                    "end": 77,
                    "label": "개인정보"
                }
            ]
        },
        {
            "sentence": "보험·청구: 보험청구ID CLAIM-2026-0007, 보험자ID INS-9A7B-001로 CDT 매핑 후 청구액 1,250,000원, 심사상태는 부분승인으로 접수되었습니다.",
            "id": "sample_094_0088_000017",
            "annotations": [
                {
                    "word": "CLAIM-2026-0007",
                    "start": 14,
                    "end": 29,
                    "label": "개인정보"
                },
                {
                    "word": "INS-9A7B-001",
                    "start": 37,
                    "end": 49,
                    "label": "개인정보"
                },
                {
                    "word": "1,250,000원",
                    "start": 64,
                    "end": 74,
                    "label": "일반정보"
                }
            ]
        },
        {
            "sentence": "수납 영수증 및 결제 ID PAY-2026-115는 가명화하여 보관하고 환자 직접 결제 내역은 전표로 별도 보존합니다.",
            "id": "sample_094_0088_000018",
            "annotations": [
                {
                    "word": "PAY-2026-115",
                    "start": 15,
                    "end": 27,
                    "label": "기밀정보"
                }
            ]
        },
        {
            "sentence": "감사 로그(audit trail): 2026 년 01 월 15 일 09:42에 차트 수정자가 백민정으로 표기되었으며 수정 항목은 진단코드와 치료계획 변경입니다.",
            "id": "sample_094_0088_000019",
            "annotations": [
                {
                    "word": "2026",
                    "start": 20,
                    "end": 24,
                    "label": "준식별자"
                },
                {
                    "word": "01",
                    "start": 27,
                    "end": 29,
                    "label": "준식별자"
                },
                {
                    "word": "15",
                    "start": 32,
                    "end": 34,
                    "label": "준식별자"
                },
                {
                    "word": "백민정",
                    "start": 52,
                    "end": 55,
                    "label": "개인정보"
                },
                {
                    "word": "09",
                    "start": 37,
                    "end": 39,
                    "label": "준식별자"
                },
                {
                    "word": "42",
                    "start": 40,
                    "end": 42,
                    "label": "준식별자"
                }
            ]
        },
        {
            "sentence": "추가 감사 로그: 2026 년 01 월 15 일 11:05에 차트 확인자가 윤가이로 기록되어 자료 열람이 추적되었습니다.",
            "id": "sample_094_0088_000020",
            "annotations": [
                {
                    "word": "윤가이",
                    "start": 42,
                    "end": 45,
                    "label": "개인정보"
                },
                {
                    "word": "2026",
                    "start": 10,
                    "end": 14,
                    "label": "준식별자"
                },
                {
                    "word": "01",
                    "start": 17,
                    "end": 19,
                    "label": "준식별자"
                },
                {
                    "word": "15",
                    "start": 22,
                    "end": 24,
                    "label": "준식별자"
                }
            ]
        },
        {
            "sentence": "예약 및 추적관리: 다음 재내원 예약은 2026 년 02 월 12 일 14:30(치료 보철 협의)로 등록되었으며 알림은 자동 전송됩니다.",
            "id": "sample_094_0088_000021",
            "annotations": [
                {
                    "word": "2026",
                    "start": 22,
                    "end": 26,
                    "label": "준식별자"
                },
                {
                    "word": "02",
                    "start": 23,
                    "end": 25,
                    "label": "준식별자"
                },
                {
                    "word": "02",
                    "start": 29,
                    "end": 31,
                    "label": "준식별자"
                },
                {
                    "word": "12",
                    "start": 34,
                    "end": 36,
                    "label": "준식별자"
                },
                {
                    "word": "14",
                    "start": 39,
                    "end": 41,
                    "label": "준식별자"
                }
            ]
        },
        {
            "sentence": "감염관리 이벤트: 멸균 경고 발생 시 내부 모니터 server01.internal.clinic.local로 경보가 전송되고 관련 로그와 담당자 알림이 생성됩니다.",
            "id": "sample_094_0088_000022",
            "annotations": [
                {
                    "word": "server01.internal.clinic.local",
                    "start": 28,
                    "end": 58,
                    "label": "기밀정보"
                }
            ]
        },
        {
            "sentence": "DICOM 및 3D 스캔의 픽셀·메시 바이너리는 샘플로 첨부하며 원본 대용량 데이터는 별도 PACS/SAN에 암호화 저장합니다.",
            "id": "sample_094_0088_000023",
            "annotations": []
        },
        {
            "sentence": "STL 샘플 메타데이터에는 mesh count 1,240,000, unit mm, 항목별 권장 제조사 정보가 포함되어 있습니다.",
            "id": "sample_094_0088_000024",
            "annotations": []
        },
        {
            "sentence": "코드 매핑 및 상호운용성: CDT-ICD 매핑 파일은 mapping/codes/cdt_to_icd.csv에 버전 관리되며 지역별 코드 매핑 테이블을 별도 제공합니다.",
            "id": "sample_094_0088_000025",
            "annotations": [
                {
                    "word": "mapping/codes/cdt_to_icd.csv",
                    "start": 30,
                    "end": 58,
                    "label": "기밀정보"
                }
            ]
        },
        {
            "sentence": "데이터 보존정책: 임상 영상과 기록은 지역 법규에 따라 최소 보존기간을 준수하며 폐기 전 관리자 승인 절차를 따릅니다.",
            "id": "sample_094_0088_000026",
            "annotations": []
        },
        {
            "sentence": "환자 동의 및 서명: 외과 동의서에 주창훈 원장(서명)과 접수담당 진영빈이 확인 서명하였으며 스캔본은 전자문서로 보관합니다.",
            "id": "sample_094_0088_000027",
            "annotations": [
                {
                    "word": "주창훈",
                    "start": 20,
                    "end": 23,
                    "label": "개인정보"
                },
                {
                    "word": "진영빈",
                    "start": 37,
                    "end": 40,
                    "label": "개인정보"
                }
            ]
        },
        {
            "sentence": "요약 및 조치사항: 발치 시행 후 8주 추적 관찰, 임플란트 식립은 골이식 필요 시 보완 계획 수립, 기공물 지시 후 결과를 LABP-5501으로 회신받기로 합의했습니다.",
            "id": "sample_094_0088_000028",
            "annotations": [
                {
                    "word": "LABP-5501",
                    "start": 70,
                    "end": 79,
                    "label": "기밀정보"
                }
            ]
        }
    ]
}