{
    "document_id": "094_0003",
    "document_title": "치과 임상 진료기록 및 운영관리 파일(임플란트·기공·멸균·청구 포함)",
    "data": [
        {
            "sentence": "본 문서는 1명의 환자에 대한 치과 임상 진료기록과 운영·장비·재고·청구 로그를 통합하여 기록한 문서입니다.",
            "id": "sample_094_0003_000001",
            "annotations": []
        },
        {
            "sentence": "환자 기본정보(익명화 ID)는 patient_id: 123e4567-e89b-12d3-a456-426614174000으로 등록되어 있으며, 환자명 표기는 내부 기록용으로 진규탁으로 기입하였습니다.",
            "id": "sample_094_0003_000002",
            "annotations": [
                {
                    "word": "진규탁",
                    "start": 95,
                    "end": 98,
                    "label": "개인정보"
                },
                {
                    "word": "123e4567-e89b-12d3-a456-426614174000",
                    "start": 29,
                    "end": 65,
                    "label": "개인정보"
                }
            ]
        },
        {
            "sentence": "환자의 생년월일은 1984-05-12, 성별은 남성으로 입력되어 있으며, 이는 재내원 스케줄과 위험요인 평가에 활용되었습니다.",
            "id": "sample_094_0003_000003",
            "annotations": [
                {
                    "word": "1984-05-12",
                    "start": 10,
                    "end": 20,
                    "label": "준식별자"
                },
                {
                    "word": "남성",
                    "start": 26,
                    "end": 28,
                    "label": "준식별자"
                }
            ]
        },
        {
            "sentence": "이번 방문의 visit_id는 VISIT-094-0003-20250115이며, 내원일(visit_date)은 2025-01-15로 기록되어 있습니다.",
            "id": "sample_094_0003_000004",
            "annotations": [
                {
                    "word": "VISIT-094-0003-20250115",
                    "start": 17,
                    "end": 40,
                    "label": "개인정보"
                },
                {
                    "word": "2025-01-15",
                    "start": 61,
                    "end": 71,
                    "label": "준식별자"
                }
            ]
        },
        {
            "sentence": "주진료 담당자(provider)는 prov_0007(담당자명: 배윤송)으로 지정되었고, 보조진료 및 기공 의뢰 담당자로 윤서빈이 배정되었습니다.",
            "id": "sample_094_0003_000005",
            "annotations": [
                {
                    "word": "prov_0007",
                    "start": 19,
                    "end": 28,
                    "label": "개인정보"
                },
                {
                    "word": "배윤송",
                    "start": 35,
                    "end": 38,
                    "label": "개인정보"
                },
                {
                    "word": "윤서빈",
                    "start": 67,
                    "end": 70,
                    "label": "개인정보"
                }
            ]
        },
        {
            "sentence": "주호소는 상악 우측 대구치 부위의 통증이며, 임상 소견은 치수증상 의심 및 교합성 마모가 동반된 상태로 표기되었습니다.",
            "id": "sample_094_0003_000006",
            "annotations": []
        },
        {
            "sentence": "치아 별 소견은 FDI 방식을 사용하여 16(상악 우측 제1대구치)에 심한 치수근관 병변 의심, 11(상악 좌측 중절치)에는 전치부 치면파절이 관찰되었습니다.",
            "id": "sample_094_0003_000007",
            "annotations": []
        },
        {
            "sentence": "치료계획에는 진단(근관치료 필요)→치수처리(D3310 권장, CDT 코드 예시)→보철 수복(크라운 제작, D2750 권장) 순으로 명시되어 있으며 지역 코드 매핑은 한국 코딩 표준을 메타로 포함했습니다.",
            "id": "sample_094_0003_000008",
            "annotations": []
        },
        {
            "sentence": "치주 측정값은 전악 기준으로 pocket depth 1–5mm 범위이며, 해당 부위별 수치는 우측 하악 구치부 최소 1mm, 최대 5mm로 기록되어 있고 Bleeding on Probing(BOP)은 0–3등급으로 표기했습니다.",
            "id": "sample_094_0003_000009",
            "annotations": []
        },
        {
            "sentence": "방사선 및 영상 파일 항목에는 CBCT(DICOM) 메타데이터를 포함하고, 예시로 SeriesUID: 1.2.840.113619.2.55.3.604688432.20250115.0001, voxel size 0.2 mm, matrix 512×512으로 기록하였으며 픽셀 데이터는 샘플만 첨부했습니다.",
            "id": "sample_094_0003_000010",
            "annotations": []
        },
        {
            "sentence": "구강 스캔(STL) 파일 메타데이터는 units: mm, mesh vertices 약 250k, bounding box 80×60×50 mm, 저장파일은 참조용 샘플만 제공하며 전체 바이너리는 내부 저장소에 보관합니다.",
            "id": "sample_094_0003_000011",
            "annotations": []
        },
        {
            "sentence": "기공소 지시서(lab_prescription_id: LAB-2025-0003)는 상악 우측 임플란트 보철물 제작 지시로, 사용 임플란트 모델은 Straumann BLX RC 4.1x10mm으로 명기되어 있습니다.",
            "id": "sample_094_0003_000012",
            "annotations": []
        },
        {
            "sentence": "동의서(consent_form_id: CONS-094-0003)는 발치 및 임플란트 수술 동의로 보관하며 서명란은 '서명(익명화)' 표기로 대체해 원문은 별도 암호화 저장처리합니다.",
            "id": "sample_094_0003_000013",
            "annotations": []
        },
        {
            "sentence": "멸균 로그(sterilization_log_id: STER-2025-0115)에는 멸균 배치 ID, 온도·압력 그래프 요약, 담당자명이 기록되며 최근 배치는 LOT-STER-778, 담당자: 윤서빈으로 기입되어 있습니다.",
            "id": "sample_094_0003_000014",
            "annotations": [
                {
                    "word": "STER-2025-0115",
                    "start": 28,
                    "end": 42,
                    "label": "일반정보"
                },
                {
                    "word": "윤서빈",
                    "start": 107,
                    "end": 110,
                    "label": "개인정보"
                }
            ]
        },
        {
            "sentence": "멸균 이벤트 시퀀스 예시는 '멸균 완료→기구 출고→사용→멸균 실패 경고(알림 발송)'과 같이 트리거 로그를 포함하여 재현 가능하게 기록했습니다.",
            "id": "sample_094_0003_000015",
            "annotations": []
        },
        {
            "sentence": "장비 유지보수 기록에는 장비명(엑스레이 장치), 시리얼 S/N: XR-2020-556, 최종 교정일 2024-12-10, 차기 예정일 2025-12-10 및 유지보수 담당자 류진효의 점검 서명이 포함됩니다.",
            "id": "sample_094_0003_000016",
            "annotations": [
                {
                    "word": "류진효",
                    "start": 97,
                    "end": 100,
                    "label": "개인정보"
                }
            ]
        },
        {
            "sentence": "재료 및 소모품 기록은 배치·로트·유효기간을 포함하며 예시로 충전재 LOT: RXM-4512, 유효기간(material_expiry_date): 2026-04-30, 담당자명 남채범으로 등록했습니다.",
            "id": "sample_094_0003_000017",
            "annotations": [
                {
                    "word": "남채범",
                    "start": 98,
                    "end": 101,
                    "label": "개인정보"
                }
            ]
        },
        {
            "sentence": "처방 내역은 Amoxicillin 500mg tid 7일 투약 지시와 주의사항을 포함하며 처방전 기록과 약국 전달 로그가 연계되어 있습니다.",
            "id": "sample_094_0003_000018",
            "annotations": []
        },
        {
            "sentence": "청구 및 보험 데이터는 insurance_claim_id: CLAIM-INS-0009, 보험ID(익명화): INS-UUID-9a7b로 연결되어 코드-설명-금액-상태(부분승인) 형식으로 보관됩니다.",
            "id": "sample_094_0003_000019",
            "annotations": [
                {
                    "word": "CLAIM-INS-0009",
                    "start": 33,
                    "end": 47,
                    "label": "개인정보"
                },
                {
                    "word": "INS-UUID-9a7b",
                    "start": 60,
                    "end": 73,
                    "label": "개인정보"
                }
            ]
        },
        {
            "sentence": "청구 금액(billing_amount)은 총 1,250,000원으로 청구되었고, 현재 상태(status)는 '부분승인(partial_approved)'으로 보험사 응답을 기록했습니다.",
            "id": "sample_094_0003_000020",
            "annotations": []
        },
        {
            "sentence": "예약 정보(appointment_schedule)는 추적검진 2025-02-20 09:30로 설정되어 있으며 자동 리마인더 및 후속 추적 알림(follow_up_reminder)이 예약 상태에 연결됩니다.",
            "id": "sample_094_0003_000021",
            "annotations": []
        },
        {
            "sentence": "감사 로그(audit trail)에는 필드 변경 이력과 변경자 기록이 필수이며 예시로 clinical_note를 2025-01-15T10:12:23에 수정한 기록이 있습니다.",
            "id": "sample_094_0003_000022",
            "annotations": []
        },
        {
            "sentence": "감사 로그 세부에는 수정자 진규탁(sample role: 정규의사) 기록이 포함되어 있으며, 해당 변경은 '진단 업데이트' 사유로 기록되어 있습니다.",
            "id": "sample_094_0003_000023",
            "annotations": [
                {
                    "word": "진규탁",
                    "start": 15,
                    "end": 18,
                    "label": "개인정보"
                }
            ]
        },
        {
            "sentence": "추가 감사 항목으로 2025-01-16T08:45:10에 멸균로그 STER-2025-0115를 업데이트한 담당자 류민조의 기록이 남아 있습니다.",
            "id": "sample_094_0003_000024",
            "annotations": [
                {
                    "word": "류민조",
                    "start": 63,
                    "end": 66,
                    "label": "개인정보"
                }
            ]
        },
        {
            "sentence": "내부 시스템 참조를 위해 저장 경로와 서비스 계정 정보가 문서에 메모되어 있으나 실제 운영환경에서는 접근권한이 제한됩니다(예시: server_ip 10.0.3.21, path /srv/ehr/patient_data/094/0003, svc_account svc_admin, 병원계좌 000-111222-33).",
            "id": "sample_094_0003_000025",
            "annotations": [
                {
                    "word": "10.0.3.21",
                    "start": 82,
                    "end": 91,
                    "label": "기밀정보"
                },
                {
                    "word": "/srv/ehr/patient_data/094/0003",
                    "start": 98,
                    "end": 128,
                    "label": "기밀정보"
                },
                {
                    "word": "svc_admin",
                    "start": 142,
                    "end": 151,
                    "label": "기밀정보"
                },
                {
                    "word": "000-111222-33",
                    "start": 158,
                    "end": 171,
                    "label": "기밀정보"
                }
            ]
        },
        {
            "sentence": "임상적 일관성을 위해 임플란트 모델과 기공 지시서 내용이 상호 검증되었으며, 필요한 경우 외부 교정·기공소와 코드 매핑을 통해 상호운용성을 확보합니다.",
            "id": "sample_094_0003_000026",
            "annotations": []
        },
        {
            "sentence": "DICOM 이미지 및 STL 3D 스캔은 환자 식별정보 익명화(De-identification) 절차를 거쳐 저장하며 메타데이터(촬영일, 기기, 해상도)는 기록해 추적이 가능하도록 했습니다.",
            "id": "sample_094_0003_000027",
            "annotations": []
        },
        {
            "sentence": "최종 권고사항으로는 근관치료 후 2주 추적, 임플란트 수술 전 구강위생 강화 교육, 재내원 시 포켓 깊이·출혈 지수 재측정을 권고합니다.",
            "id": "sample_094_0003_000028",
            "annotations": []
        },
        {
            "sentence": "문서 최하단에는 주진료의 배윤송(prov_0007) 서명란과 작성일자 2025-01-15가 포함되어 있으며, 기록 보존 및 삭제 정책은 현행 법규에 준해 운영됩니다.",
            "id": "sample_094_0003_000029",
            "annotations": [
                {
                    "word": "배윤송",
                    "start": 14,
                    "end": 17,
                    "label": "개인정보"
                },
                {
                    "word": "prov_0007",
                    "start": 18,
                    "end": 27,
                    "label": "개인정보"
                }
            ]
        }
    ]
}