{
    "document_id": "094_0019",
    "document_title": "치과 진료 통합 사례 기록 및 운영 로그",
    "data": [
        {
            "sentence": "문서 개요: 본 문서는 치과 클리닉의 환자 진료기록, 영상, 3D 스캔, 멸균 로그 및 청구 내역을 통합한 사례 파일입니다.",
            "id": "sample_094_0019_000001",
            "annotations": []
        },
        {
            "sentence": "환자 식별자는 익명화되어 있으며 patient_id: UUID: 3f9b7a2e-8c4d-4a1b-9cde-1f2a3b4c5d6e 로 표기됩니다.",
            "id": "sample_094_0019_000002",
            "annotations": [
                {
                    "word": "3f9b7a2e-8c4d-4a1b-9cde-1f2a3b4c5d6e",
                    "start": 36,
                    "end": 72,
                    "label": "개인정보"
                }
            ]
        },
        {
            "sentence": "visit_id는 visit-20260115-00042로 표기되어 진료 시퀀스 추적에 사용됩니다.",
            "id": "sample_094_0019_000003",
            "annotations": [
                {
                    "word": "visit-20260115-00042",
                    "start": 10,
                    "end": 30,
                    "label": "개인정보"
                }
            ]
        },
        {
            "sentence": "초진일(visit_date)은 2026-01-15로 기록되어 있으며 재내원 스케줄 연동에 사용됩니다.",
            "id": "sample_094_0019_000004",
            "annotations": [
                {
                    "word": "2026",
                    "start": 17,
                    "end": 21,
                    "label": "준식별자"
                },
                {
                    "word": "01",
                    "start": 22,
                    "end": 24,
                    "label": "준식별자"
                },
                {
                    "word": "15",
                    "start": 25,
                    "end": 27,
                    "label": "준식별자"
                }
            ]
        },
        {
            "sentence": "환자 준식별자 항목으로 성별: 남성, 생년월일: 1988-06-22(연:1988 월:06 일:22), 거주지: 서울특별시로 기록됩니다.",
            "id": "sample_094_0019_000005",
            "annotations": [
                {
                    "word": "남성",
                    "start": 17,
                    "end": 19,
                    "label": "준식별자"
                },
                {
                    "word": "1988",
                    "start": 27,
                    "end": 31,
                    "label": "준식별자"
                },
                {
                    "word": "1988",
                    "start": 40,
                    "end": 44,
                    "label": "준식별자"
                },
                {
                    "word": "06",
                    "start": 32,
                    "end": 34,
                    "label": "준식별자"
                },
                {
                    "word": "06",
                    "start": 47,
                    "end": 49,
                    "label": "준식별자"
                },
                {
                    "word": "22",
                    "start": 35,
                    "end": 37,
                    "label": "준식별자"
                },
                {
                    "word": "22",
                    "start": 52,
                    "end": 54,
                    "label": "준식별자"
                },
                {
                    "word": "서울특별시",
                    "start": 62,
                    "end": 67,
                    "label": "준식별자"
                }
            ]
        },
        {
            "sentence": "주치의(provider)는 전미르(전문의, 책임치과의)로 지정되었으며 provider_id: PRV-9a7c-221 입니다.",
            "id": "sample_094_0019_000006",
            "annotations": [
                {
                    "word": "전미르",
                    "start": 15,
                    "end": 18,
                    "label": "개인정보"
                },
                {
                    "word": "PRV-9a7c-221",
                    "start": 52,
                    "end": 64,
                    "label": "개인정보"
                }
            ]
        },
        {
            "sentence": "임상노트: 상악 우측 제1대구치(FDI 13)를 중심으로 우식 소견 관찰되며, 치수반응은 음성으로 판정되었습니다.",
            "id": "sample_094_0019_000007",
            "annotations": []
        },
        {
            "sentence": "진단코드: SNODENT SRT-0012 (coronal caries), 지역 코드 매핑은 CDT D2140로 권장됩니다(지역별 차이 메타 포함).",
            "id": "sample_094_0019_000008",
            "annotations": []
        },
        {
            "sentence": "치료계획: 보존적 치료 후 상부 표면 충전으로서 FDI 13번 치아에 CDT 2391 적용 예정이며, 치료 우선순위를 명시하였습니다.",
            "id": "sample_094_0019_000009",
            "annotations": []
        },
        {
            "sentence": "시술에 사용된 재료 Lot: LOT-AC-2025-778(만료일: 2027-12-31)로 기록되었고 보관위치 및 로트 추적 정보를 포함합니다.",
            "id": "sample_094_0019_000010",
            "annotations": [
                {
                    "word": "LOT-AC-2025-778",
                    "start": 16,
                    "end": 31,
                    "label": "기밀정보"
                }
            ]
        },
        {
            "sentence": "시술 내용: 2026-01-15 10:30에 국소마취(LA 2% lidocaine 1.8ml) 후 절개 및 충전 시행, 사용 봉합사: Vicryl 5-0로 표기합니다.",
            "id": "sample_094_0019_000011",
            "annotations": []
        },
        {
            "sentence": "방사선 파일: OPG DICOM 파일(patient_uuid: 3f9b7a2e-8c4d-4a1b-9cde-1f2a3b4c5d6e, SOPInstanceUID: 1.2.840.113619.2.55.3.1234567890) 메타데이터만 샘플 제공됩니다.",
            "id": "sample_094_0019_000012",
            "annotations": [
                {
                    "word": "3f9b7a2e-8c4d-4a1b-9cde-1f2a3b4c5d6e",
                    "start": 35,
                    "end": 71,
                    "label": "개인정보"
                },
                {
                    "word": "1.2.840.113619.2.55.3.1234567890",
                    "start": 89,
                    "end": 121,
                    "label": "개인정보"
                }
            ]
        },
        {
            "sentence": "CBCT 메타: voxel size 0.2 mm, dimensions 512x512x256, acquisition_time 2026-01-15T10:28:45Z 로 보관합니다.",
            "id": "sample_094_0019_000013",
            "annotations": []
        },
        {
            "sentence": "3D 스캔 파일: STL patient_scan_3f9b7a2e.stl(샘플 데이터만 첨부, 해상도: 0.1mm, polygon_count: 1,250,000)로 보관됩니다.",
            "id": "sample_094_0019_000014",
            "annotations": [
                {
                    "word": "patient_scan_3f9b7a2e.stl",
                    "start": 14,
                    "end": 39,
                    "label": "개인정보"
                }
            ]
        },
        {
            "sentence": "기공소 지시서(lab_prescription_id: LAB-0002987)는 인상채득, 베이스라인 색상: A2, 지시: 크라운(지대치 FDI 13)용으로 발송되었습니다.",
            "id": "sample_094_0019_000015",
            "annotations": [
                {
                    "word": "LAB-0002987",
                    "start": 29,
                    "end": 40,
                    "label": "기밀정보"
                }
            ]
        },
        {
            "sentence": "동의서(consent_form_id: CONS-2026-0159)는 환자로부터 전자서명되었으며 동의서 텍스트는 PDF로 보관합니다.",
            "id": "sample_094_0019_000016",
            "annotations": [
                {
                    "word": "CONS-2026-0159",
                    "start": 21,
                    "end": 35,
                    "label": "기밀정보"
                }
            ]
        },
        {
            "sentence": "멸균 로그(sterilization_log_id: STER-725)는 멸균 배치 LOT-ST-20260115로 기록되었고 담당자: 권수린이 멸균 완료를 확인하였습니다.",
            "id": "sample_094_0019_000017",
            "annotations": [
                {
                    "word": "STER-725",
                    "start": 28,
                    "end": 36,
                    "label": "기밀정보"
                },
                {
                    "word": "LOT-ST-20260115",
                    "start": 45,
                    "end": 60,
                    "label": "기밀정보"
                },
                {
                    "word": "권수린",
                    "start": 73,
                    "end": 76,
                    "label": "개인정보"
                }
            ]
        },
        {
            "sentence": "멸균 이벤트 순서: 멸균 시작(2026-01-15T08:00) → 멸균 완료(2026-01-15T08:45) → 사용(2026-01-15T10:00)으로 로그가 연결됩니다.",
            "id": "sample_094_0019_000018",
            "annotations": []
        },
        {
            "sentence": "장비 유지보수: 엑스레이기기 serial: XR-2048-77(교정주기 6개월), 유지보수 기록서 record_id: MAINT-334 포함, 최종교정자: 엄희수로 서명되었습니다.",
            "id": "sample_094_0019_000019",
            "annotations": [
                {
                    "word": "XR-2048-77",
                    "start": 24,
                    "end": 34,
                    "label": "기밀정보"
                },
                {
                    "word": "MAINT-334",
                    "start": 66,
                    "end": 75,
                    "label": "기밀정보"
                },
                {
                    "word": "엄희수",
                    "start": 87,
                    "end": 90,
                    "label": "개인정보"
                }
            ]
        },
        {
            "sentence": "재고 내역: 재료명 Amalgam X, lot LOT-AC-2025-778, 수량 12개, 유효기간 2027-12-31, 입고 담당자: 박유온으로 등록되었습니다.",
            "id": "sample_094_0019_000020",
            "annotations": [
                {
                    "word": "박유온",
                    "start": 76,
                    "end": 79,
                    "label": "개인정보"
                },
                {
                    "word": "LOT-AC-2025-778",
                    "start": 26,
                    "end": 41,
                    "label": "기밀정보"
                }
            ]
        },
        {
            "sentence": "청구 및 보험: insurance_claim_id: CLM-550-2026-01-15, 보험사 익명ID: INS-87a2, 청구코드 CDT 2391, 청구금액 billing_amount: KRW 120,000, 상태: 승인으로 표기됩니다.",
            "id": "sample_094_0019_000021",
            "annotations": [
                {
                    "word": "CLM-550-2026-01-15",
                    "start": 29,
                    "end": 47,
                    "label": "개인정보"
                },
                {
                    "word": "INS-87a2",
                    "start": 59,
                    "end": 67,
                    "label": "개인정보"
                }
            ]
        },
        {
            "sentence": "결제 영수증은 영수증번호 RCPT-20260115-900으로 발행되었으며 결제방법은 신용카드(카드번호 마스킹)로 기록됩니다.",
            "id": "sample_094_0019_000022",
            "annotations": [
                {
                    "word": "RCPT-20260115-900",
                    "start": 14,
                    "end": 31,
                    "label": "기밀정보"
                }
            ]
        },
        {
            "sentence": "예약 스케줄: follow_up_reminder 재검진 알림 2026-02-15으로 설정되었고 알림 담당자 강하연이 확인하였습니다.",
            "id": "sample_094_0019_000023",
            "annotations": [
                {
                    "word": "2026",
                    "start": 34,
                    "end": 38,
                    "label": "준식별자"
                },
                {
                    "word": "02",
                    "start": 35,
                    "end": 37,
                    "label": "준식별자"
                },
                {
                    "word": "02",
                    "start": 39,
                    "end": 41,
                    "label": "준식별자"
                },
                {
                    "word": "15",
                    "start": 42,
                    "end": 44,
                    "label": "준식별자"
                },
                {
                    "word": "강하연",
                    "start": 60,
                    "end": 63,
                    "label": "개인정보"
                }
            ]
        },
        {
            "sentence": "감사 로그(audit trail): 전미르가 2026-01-15T11:05에 clinical_note 필드를 수정하였고 변경 전/후 버전이 저장되었습니다.",
            "id": "sample_094_0019_000024",
            "annotations": [
                {
                    "word": "전미르",
                    "start": 20,
                    "end": 23,
                    "label": "개인정보"
                }
            ]
        },
        {
            "sentence": "데이터 보존정책: 임상기록은 최소 10년 보관되며 삭제 요청시 익명화 절차 및 관련 로그가 기록됩니다.",
            "id": "sample_094_0019_000025",
            "annotations": []
        },
        {
            "sentence": "시스템 접근 권한은 역할기반(RBAC)으로 구분되며 진료진·기공소·보험심사자 등 역할별 접근제어를 적용합니다.",
            "id": "sample_094_0019_000026",
            "annotations": []
        },
        {
            "sentence": "외부 연계: 기공소 전송 시 파일명과 환자 식별자는 대칭 암호화(AES-256 권장)하여 전송하고 전송 로그는 해시로 보관합니다.",
            "id": "sample_094_0019_000027",
            "annotations": []
        },
        {
            "sentence": "결론 및 권고사항: 환자 정보는 UUID 기반 익명화 준수, 멸균 및 장비 로그 정기 검토, 보험청구 매핑 검증을 권고합니다.",
            "id": "sample_094_0019_000028",
            "annotations": []
        }
    ]
}