{
    "document_id": "094_0095",
    "document_title": "치과 임상기록 및 운영 로그(근관치료 사례)",
    "data": [
        {
            "sentence": "환자 기록 요약: patient_id: 550e8400-e29b-41d4-a716-446655440000, visit_id: VST-20260115-0001, visit_date: 2026-01-15.",
            "id": "sample_094_0095_000001",
            "annotations": [
                {
                    "word": "550e8400-e29b-41d4-a716-446655440000",
                    "start": 22,
                    "end": 58,
                    "label": "개인정보"
                },
                {
                    "word": "VST-20260115-0001",
                    "start": 70,
                    "end": 87,
                    "label": "개인정보"
                },
                {
                    "word": "2026",
                    "start": 74,
                    "end": 78,
                    "label": "준식별자"
                },
                {
                    "word": "2026",
                    "start": 101,
                    "end": 105,
                    "label": "준식별자"
                },
                {
                    "word": "01",
                    "start": 78,
                    "end": 80,
                    "label": "준식별자"
                },
                {
                    "word": "01",
                    "start": 85,
                    "end": 87,
                    "label": "준식별자"
                },
                {
                    "word": "01",
                    "start": 106,
                    "end": 108,
                    "label": "준식별자"
                },
                {
                    "word": "15",
                    "start": 80,
                    "end": 82,
                    "label": "준식별자"
                },
                {
                    "word": "15",
                    "start": 109,
                    "end": 111,
                    "label": "준식별자"
                }
            ]
        },
        {
            "sentence": "담당의: 손다니엘(전문의, provider_id: PRV-001), 보조간호: 장윤미.",
            "id": "sample_094_0095_000002",
            "annotations": [
                {
                    "word": "손다니엘",
                    "start": 5,
                    "end": 9,
                    "label": "개인정보"
                },
                {
                    "word": "장윤미",
                    "start": 44,
                    "end": 47,
                    "label": "개인정보"
                }
            ]
        },
        {
            "sentence": "환자 성별: 남성, 생년월일: 1985-07-13, 거주지: 서울특별시 강남구.",
            "id": "sample_094_0095_000003",
            "annotations": [
                {
                    "word": "남성",
                    "start": 7,
                    "end": 9,
                    "label": "준식별자"
                },
                {
                    "word": "1985",
                    "start": 17,
                    "end": 21,
                    "label": "준식별자"
                },
                {
                    "word": "07",
                    "start": 22,
                    "end": 24,
                    "label": "준식별자"
                },
                {
                    "word": "13",
                    "start": 25,
                    "end": 27,
                    "label": "준식별자"
                },
                {
                    "word": "서울특별시",
                    "start": 34,
                    "end": 39,
                    "label": "준식별자"
                },
                {
                    "word": "강남구",
                    "start": 40,
                    "end": 43,
                    "label": "준식별자"
                }
            ]
        },
        {
            "sentence": "초진 소견: 상악 우측 제6치(FDI 16) 근관치료 필요, 치수염 관련 통증 및 국소 압통 호소.",
            "id": "sample_094_0095_000004",
            "annotations": []
        },
        {
            "sentence": "치주 측정: 우측 상악(16) 전면 PD: 3 mm, BOP: 0(출혈 없음), 치은퇴축: 0.5 mm로 기록됨.",
            "id": "sample_094_0095_000005",
            "annotations": []
        },
        {
            "sentence": "진단 코드: SNODENT-2506002 (Pulpitis, irreversible)로 분류하였고 근관치료(RCT)를 권고함.",
            "id": "sample_094_0095_000006",
            "annotations": []
        },
        {
            "sentence": "치료계획: 1차 RCT(치아 16), 치료코드: CDT D3310(지역 코드 매핑 필요), 2차 보철로 PFM crown 예정.",
            "id": "sample_094_0095_000007",
            "annotations": []
        },
        {
            "sentence": "시술일자: 2026-01-16, 시술시간: 09:30-10:45, 체어타임: 75분, 시술팀 구성 및 자재 준비 확인.",
            "id": "sample_094_0095_000008",
            "annotations": [
                {
                    "word": "2026",
                    "start": 6,
                    "end": 10,
                    "label": "준식별자"
                },
                {
                    "word": "01",
                    "start": 11,
                    "end": 13,
                    "label": "준식별자"
                },
                {
                    "word": "16",
                    "start": 14,
                    "end": 16,
                    "label": "준식별자"
                }
            ]
        },
        {
            "sentence": "사용 재료 목록: Gutta-percha lot: GP-LOT-2025-045(유효기간: 2028-04-30), 근단봉, NiTi 파일 세트 사용.",
            "id": "sample_094_0095_000009",
            "annotations": []
        },
        {
            "sentence": "임상사진 및 방사선 파일: OPG_550e8400_e29b_20260115.dcm 참조, DICOM 메타: voxel_size 0.3 mm, rows 2048, cols 2048.",
            "id": "sample_094_0095_000010",
            "annotations": [
                {
                    "word": "2026",
                    "start": 33,
                    "end": 37,
                    "label": "준식별자"
                },
                {
                    "word": "01",
                    "start": 37,
                    "end": 39,
                    "label": "준식별자"
                },
                {
                    "word": "15",
                    "start": 39,
                    "end": 41,
                    "label": "준식별자"
                }
            ]
        },
        {
            "sentence": "CBCT 스캔: dataset ID CBCT-550e8400-0001, 메타: FOV 100 mm, slice_thickness 0.3 mm, manufacturer: Planmeca.",
            "id": "sample_094_0095_000011",
            "annotations": []
        },
        {
            "sentence": "3D 스캔(STL): full-arch_preop_550e8400.stl, 메타: mesh_vertices 1,200,000, model_resolution: 0.1 mm, sample binary 포함.",
            "id": "sample_094_0095_000012",
            "annotations": []
        },
        {
            "sentence": "기공요청서(lab_prescription_id: LAB-00087): 임플란트 디지털 지시서, 임플란트 모델은 NobelActive RA 4.3x13 mm로 명시.",
            "id": "sample_094_0095_000013",
            "annotations": []
        },
        {
            "sentence": "동의서(consent_form_id: CONS-20260115-009): 시술 및 보철 관련 설명 후 서면 동의 완료, 서명파일은 암호화 저장.",
            "id": "sample_094_0095_000014",
            "annotations": []
        },
        {
            "sentence": "멸균 로그(sterilization_log_id: STER-20260115-03): 배치번호 STB-2101, 멸균 시작 2026-01-15T07:45Z, 완료 2026-01-15T08:12Z, 담당자: 장기준.",
            "id": "sample_094_0095_000015",
            "annotations": [
                {
                    "word": "장기준",
                    "start": 114,
                    "end": 117,
                    "label": "개인정보"
                },
                {
                    "word": "2026",
                    "start": 33,
                    "end": 37,
                    "label": "준식별자"
                },
                {
                    "word": "2026",
                    "start": 68,
                    "end": 72,
                    "label": "준식별자"
                },
                {
                    "word": "2026",
                    "start": 90,
                    "end": 94,
                    "label": "준식별자"
                },
                {
                    "word": "01",
                    "start": 37,
                    "end": 39,
                    "label": "준식별자"
                },
                {
                    "word": "01",
                    "start": 58,
                    "end": 60,
                    "label": "준식별자"
                },
                {
                    "word": "01",
                    "start": 73,
                    "end": 75,
                    "label": "준식별자"
                },
                {
                    "word": "01",
                    "start": 95,
                    "end": 97,
                    "label": "준식별자"
                },
                {
                    "word": "15",
                    "start": 39,
                    "end": 41,
                    "label": "준식별자"
                },
                {
                    "word": "15",
                    "start": 76,
                    "end": 78,
                    "label": "준식별자"
                },
                {
                    "word": "15",
                    "start": 98,
                    "end": 100,
                    "label": "준식별자"
                }
            ]
        },
        {
            "sentence": "멸균 이벤트 시퀀스: 멸균 완료→기구 사용→멸균 실패 경고 발생(ALERT-771), 검토 및 결재: 담당자 손다니엘 최종 승인.",
            "id": "sample_094_0095_000016",
            "annotations": [
                {
                    "word": "담당자 손다니엘 최종 승인",
                    "start": 57,
                    "end": 71,
                    "label": "기밀정보"
                },
                {
                    "word": "손다니엘",
                    "start": 61,
                    "end": 65,
                    "label": "개인정보"
                }
            ]
        },
        {
            "sentence": "장비 유지보수 기록: X-ray 장비(Planmeca ProMax) maintenance_id MT-20251201-09, 교정자: 서강찬, 교정완료일: 2025-12-01.",
            "id": "sample_094_0095_000017",
            "annotations": [
                {
                    "word": "서강찬",
                    "start": 74,
                    "end": 77,
                    "label": "개인정보"
                },
                {
                    "word": "2025",
                    "start": 56,
                    "end": 60,
                    "label": "준식별자"
                },
                {
                    "word": "2025",
                    "start": 86,
                    "end": 90,
                    "label": "준식별자"
                },
                {
                    "word": "12",
                    "start": 60,
                    "end": 62,
                    "label": "준식별자"
                },
                {
                    "word": "12",
                    "start": 91,
                    "end": 93,
                    "label": "준식별자"
                },
                {
                    "word": "01",
                    "start": 62,
                    "end": 64,
                    "label": "준식별자"
                },
                {
                    "word": "01",
                    "start": 94,
                    "end": 96,
                    "label": "준식별자"
                }
            ]
        },
        {
            "sentence": "재고관리: 레진충전재 lot: RES-2023-778, 수량 12개, 유효기간 2025-09-30, 최종 재고확인 담당자: 전재정.",
            "id": "sample_094_0095_000018",
            "annotations": [
                {
                    "word": "전재정",
                    "start": 69,
                    "end": 72,
                    "label": "개인정보"
                },
                {
                    "word": "2025",
                    "start": 44,
                    "end": 48,
                    "label": "준식별자"
                },
                {
                    "word": "09",
                    "start": 49,
                    "end": 51,
                    "label": "준식별자"
                },
                {
                    "word": "30",
                    "start": 52,
                    "end": 54,
                    "label": "준식별자"
                }
            ]
        },
        {
            "sentence": "청구 및 보험: insurance_claim_id: CLM-20260115-334, 보험자코드 K-INS-001(지역 코드 매핑 필요), 청구금액 KRW 420,000, 상태: 부분승인.",
            "id": "sample_094_0095_000019",
            "annotations": [
                {
                    "word": "CLM-20260115-334",
                    "start": 29,
                    "end": 45,
                    "label": "개인정보"
                },
                {
                    "word": "2026",
                    "start": 33,
                    "end": 37,
                    "label": "준식별자"
                },
                {
                    "word": "01",
                    "start": 37,
                    "end": 39,
                    "label": "준식별자"
                },
                {
                    "word": "01",
                    "start": 60,
                    "end": 62,
                    "label": "준식별자"
                },
                {
                    "word": "15",
                    "start": 39,
                    "end": 41,
                    "label": "준식별자"
                }
            ]
        },
        {
            "sentence": "지불 영수증: 결제ID PAY-20260115-550e8400, 결제수단: 신용카드(마지막 4자리 ****1234로 마스킹), 결제일: 2026-01-15.",
            "id": "sample_094_0095_000020",
            "annotations": [
                {
                    "word": "PAY-20260115-550e8400",
                    "start": 13,
                    "end": 34,
                    "label": "개인정보"
                },
                {
                    "word": "****1234",
                    "start": 55,
                    "end": 63,
                    "label": "기밀정보"
                },
                {
                    "word": "2026",
                    "start": 17,
                    "end": 21,
                    "label": "준식별자"
                },
                {
                    "word": "2026",
                    "start": 76,
                    "end": 80,
                    "label": "준식별자"
                },
                {
                    "word": "01",
                    "start": 21,
                    "end": 23,
                    "label": "준식별자"
                },
                {
                    "word": "01",
                    "start": 81,
                    "end": 83,
                    "label": "준식별자"
                },
                {
                    "word": "15",
                    "start": 23,
                    "end": 25,
                    "label": "준식별자"
                },
                {
                    "word": "15",
                    "start": 84,
                    "end": 86,
                    "label": "준식별자"
                }
            ]
        },
        {
            "sentence": "예약 스케줄: 재내원일 2026-02-12 10:00으로 등록, 자동 follow_up_reminder D-7 발송 예정.",
            "id": "sample_094_0095_000021",
            "annotations": [
                {
                    "word": "2026",
                    "start": 13,
                    "end": 17,
                    "label": "준식별자"
                },
                {
                    "word": "02",
                    "start": 14,
                    "end": 16,
                    "label": "준식별자"
                },
                {
                    "word": "02",
                    "start": 18,
                    "end": 20,
                    "label": "준식별자"
                },
                {
                    "word": "12",
                    "start": 21,
                    "end": 23,
                    "label": "준식별자"
                }
            ]
        },
        {
            "sentence": "임상노트: 시술 중 출혈량 약 12 ml 측정, 지혈제로 조절 후 안정화, 처치 후 통증 경감 보고됨.",
            "id": "sample_094_0095_000022",
            "annotations": []
        },
        {
            "sentence": "처방전: Amoxicillin 500 mg, 1일 3회 7일분, 처방일: 2026-01-16, 처방자: 이여정(수간호사).",
            "id": "sample_094_0095_000023",
            "annotations": [
                {
                    "word": "이여정",
                    "start": 58,
                    "end": 61,
                    "label": "개인정보"
                },
                {
                    "word": "2026",
                    "start": 41,
                    "end": 45,
                    "label": "준식별자"
                },
                {
                    "word": "01",
                    "start": 46,
                    "end": 48,
                    "label": "준식별자"
                },
                {
                    "word": "16",
                    "start": 49,
                    "end": 51,
                    "label": "준식별자"
                }
            ]
        },
        {
            "sentence": "이미지 저장 경로(내부): \\\\server\\\\clinic_data\\\\550e8400\\\\OPG\\\\20260115\\\\OPG_550e8400_e29b_20260115.dcm, 접근권한은 진료팀으로 제한됨.",
            "id": "sample_094_0095_000024",
            "annotations": [
                {
                    "word": "\\\\server\\\\clinic_data\\\\550e8400\\\\OPG\\\\20260115\\\\OPG_550e8400_e29b_20260115.dcm",
                    "start": 15,
                    "end": 93,
                    "label": "기밀정보"
                }
            ]
        },
        {
            "sentence": "감사 로그(audit): 수정자: 엄로나, 필드: billing_amount, 이전값: 450000, 수정값: 420000, 수정일: 2026-01-17T14:22:05Z.",
            "id": "sample_094_0095_000025",
            "annotations": [
                {
                    "word": "엄로나",
                    "start": 19,
                    "end": 22,
                    "label": "개인정보"
                },
                {
                    "word": "2026",
                    "start": 75,
                    "end": 79,
                    "label": "준식별자"
                },
                {
                    "word": "01",
                    "start": 80,
                    "end": 82,
                    "label": "준식별자"
                },
                {
                    "word": "17",
                    "start": 83,
                    "end": 85,
                    "label": "준식별자"
                }
            ]
        },
        {
            "sentence": "데이터 액세스 권한: 외부 기공소는 LAB-PORTAL 계정으로 업로드만 가능, 내부 서버 IP: 10.10.55.21(내부망, 접근 제한).",
            "id": "sample_094_0095_000026",
            "annotations": [
                {
                    "word": "10.10.55.21",
                    "start": 55,
                    "end": 66,
                    "label": "기밀정보"
                }
            ]
        },
        {
            "sentence": "환자 교육자료 전송: 시술 후 주의사항 PDF 전송 예정, 전송로그 ID: MSG-20260115-77, 전송 결과는 별도 로그에 보관.",
            "id": "sample_094_0095_000027",
            "annotations": []
        },
        {
            "sentence": "임상 포괄 체크리스트: 감염관리 준수, 방사선 보호장비 착용 확인, 동의서 파일 및 이미지 암호화 보관 확인 완료.",
            "id": "sample_094_0095_000028",
            "annotations": []
        },
        {
            "sentence": "관찰 및 추적 계획: 6주 후 재내원 권고, 재평가 시 임플란트 부하 여부와 보철 적합성 확인 예정.",
            "id": "sample_094_0095_000029",
            "annotations": []
        },
        {
            "sentence": "문서 작성자 및 버전: 작성자 손원용, 문서 버전 v1.2, 문서 최종수정 2026-01-17T15:00Z.",
            "id": "sample_094_0095_000030",
            "annotations": [
                {
                    "word": "손원용",
                    "start": 17,
                    "end": 20,
                    "label": "개인정보"
                },
                {
                    "word": "2026",
                    "start": 42,
                    "end": 46,
                    "label": "준식별자"
                },
                {
                    "word": "01",
                    "start": 47,
                    "end": 49,
                    "label": "준식별자"
                },
                {
                    "word": "17",
                    "start": 50,
                    "end": 52,
                    "label": "준식별자"
                }
            ]
        }
    ]
}