{
    "document_id": "094_0061",
    "document_title": "치과 클리닉 통합 진료·운영 기록 샘플",
    "data": [
        {
            "sentence": "문서 개요: 본 파일은 치과 클리닉의 진료·영상·기공·멸균·청구 데이터를 통합한 샘플 리포트입니다.",
            "id": "sample_094_0061_000001",
            "annotations": []
        },
        {
            "sentence": "환자 식별자는 익명화된 UUID로 표기하며 본 케이스의 환자_id는 3f9a8b7e-1c4a-4d7e-8a12-0b6e4f9a2d1f로 기록되어 있습니다.",
            "id": "sample_094_0061_000002",
            "annotations": [
                {
                    "word": "3f9a8b7e-1c4a-4d7e-8a12-0b6e4f9a2d1f",
                    "start": 38,
                    "end": 74,
                    "label": "개인정보"
                }
            ]
        },
        {
            "sentence": "환자 기본정보: 성별은 여성으로 표기했고 생년월일은 1985-06-14로 입력되어 있습니다.",
            "id": "sample_094_0061_000003",
            "annotations": [
                {
                    "word": "여성",
                    "start": 13,
                    "end": 15,
                    "label": "준식별자"
                },
                {
                    "word": "1985-06-14",
                    "start": 29,
                    "end": 39,
                    "label": "준식별자"
                }
            ]
        },
        {
            "sentence": "내원기록: visit_id는 VISIT-20250115-001이며 방문일시는 2025-01-15로 등록되어 있습니다.",
            "id": "sample_094_0061_000004",
            "annotations": [
                {
                    "word": "VISIT-20250115-001",
                    "start": 16,
                    "end": 34,
                    "label": "개인정보"
                },
                {
                    "word": "2025-01-15",
                    "start": 43,
                    "end": 53,
                    "label": "준식별자"
                }
            ]
        },
        {
            "sentence": "담당의료진: primary provider는 류은구(의사 ID: prov-004)을 담당자로 등록했습니다.",
            "id": "sample_094_0061_000005",
            "annotations": [
                {
                    "word": "류은구",
                    "start": 25,
                    "end": 28,
                    "label": "개인정보"
                },
                {
                    "word": "prov-004",
                    "start": 36,
                    "end": 44,
                    "label": "개인정보"
                }
            ]
        },
        {
            "sentence": "초진 소견: 환자는 상악 우측 절치부(11) 치수염 증상으로 내원하였으며 통증 등급은 VAS 6/10으로 기록했습니다.",
            "id": "sample_094_0061_000006",
            "annotations": []
        },
        {
            "sentence": "진단코드 및 절차: CDT 코드 D3310(근관치료, anterior)와 SNODENT 24005002 매핑을 적용하여 치료계획을 수립했습니다.",
            "id": "sample_094_0061_000007",
            "annotations": []
        },
        {
            "sentence": "치아처치: FDI 11 치아의 교근근관치료 시행, 근관 충전재로 Gutta-percha 사용, 기공물 지시서는 LABRX-2025-0007로 발행했습니다.",
            "id": "sample_094_0061_000008",
            "annotations": [
                {
                    "word": "LABRX-2025-0007",
                    "start": 62,
                    "end": 77,
                    "label": "기밀정보"
                }
            ]
        },
        {
            "sentence": "동의서: 학술적 설명 및 합병증 고지를 포함한 동의서는 CONSENT-2025-01-15-A로 전자 보관되어 있습니다.",
            "id": "sample_094_0061_000009",
            "annotations": [
                {
                    "word": "CONSENT-2025-01-15-A",
                    "start": 31,
                    "end": 51,
                    "label": "기밀정보"
                }
            ]
        },
        {
            "sentence": "임상기록: 처치 중 출혈량은 약 15 mL로 측정되었고, 술 후지시 및 항생제 처방이 문서화되어 있습니다.",
            "id": "sample_094_0061_000010",
            "annotations": []
        },
        {
            "sentence": "치주 측정: 6개 지점 포켓 깊이 측정값은 11번 치아에서 2/3/2 mm, 출혈 지수(BOP)는 1(양성)로 기록했습니다.",
            "id": "sample_094_0061_000011",
            "annotations": []
        },
        {
            "sentence": "방사선 스캔: PA 영상(DICOM) 메타정보에 SeriesInstanceUID 1.2.840.113619.2.55.3.604688221.20250115.123456이 포함되어 있습니다.",
            "id": "sample_094_0061_000012",
            "annotations": [
                {
                    "word": "1.2.840.113619.2.55.3.604688221.20250115.123456",
                    "start": 45,
                    "end": 92,
                    "label": "기밀정보"
                }
            ]
        },
        {
            "sentence": "CBCT 요약: 볼륨 크기 8x8x8 cm, voxel 크기 0.2 mm, study_date 2025-01-15로 기록하였고 원본은 익명 처리된 DICOM 샘플로 보관합니다.",
            "id": "sample_094_0061_000013",
            "annotations": [
                {
                    "word": "2025-01-15",
                    "start": 53,
                    "end": 63,
                    "label": "준식별자"
                }
            ]
        },
        {
            "sentence": "3D 스캔(STL): STL 파일은 stl_model_3d_20250115.stl로 샘플 메타데이터에 모델 해상도 0.1 mm, 삼각형 수 125432가 포함되어 있습니다.",
            "id": "sample_094_0061_000014",
            "annotations": []
        },
        {
            "sentence": "기공 지시: 보철 제작 사양은 고정성 크라운 형태, 재료는 지르코니아, 기공소 담당자 명시는 안이로 기입했습니다.",
            "id": "sample_094_0061_000015",
            "annotations": [
                {
                    "word": "안이",
                    "start": 52,
                    "end": 54,
                    "label": "개인정보"
                }
            ]
        },
        {
            "sentence": "멸균 로그: 멸균 배치 ID STER-2025-B12는 2025-01-14에 처리가 완료되었고 담당자는 곽서헌이 점검하였습니다.",
            "id": "sample_094_0061_000016",
            "annotations": [
                {
                    "word": "STER-2025-B12",
                    "start": 16,
                    "end": 29,
                    "label": "기밀정보"
                },
                {
                    "word": "곽서헌",
                    "start": 58,
                    "end": 61,
                    "label": "개인정보"
                },
                {
                    "word": "2025-01-14",
                    "start": 31,
                    "end": 41,
                    "label": "준식별자"
                }
            ]
        },
        {
            "sentence": "멸균 이벤트 시퀀스는 멸균 완료→사용→멸균 실패 경고로 기록되었으며 실패 알람은 자동으로 관리자에게 통보됩니다.",
            "id": "sample_094_0061_000017",
            "annotations": []
        },
        {
            "sentence": "장비 유지보수: 치과용 엑스레이 장비의 유지보수 기록은 EMR-2025-003으로, 최근 교정일은 2024-12-20입니다.",
            "id": "sample_094_0061_000018",
            "annotations": [
                {
                    "word": "EMR-2025-003",
                    "start": 31,
                    "end": 43,
                    "label": "기밀정보"
                },
                {
                    "word": "2024-12-20",
                    "start": 55,
                    "end": 65,
                    "label": "준식별자"
                }
            ]
        },
        {
            "sentence": "소모품 재고: 사용된 근관 충전재 로트번호 LOT-DA-2025-0457, 유효기간 2027-06-30, 보관위치는 중앙소모품창고입니다.",
            "id": "sample_094_0061_000019",
            "annotations": [
                {
                    "word": "LOT-DA-2025-0457",
                    "start": 24,
                    "end": 40,
                    "label": "기밀정보"
                }
            ]
        },
        {
            "sentence": "보험 청구: 보험청구 ID는 CLAIM-9f2b1c로 제출하였고 청구금액은 450,000 KRW, 상태는 부분승인으로 기재되었습니다.",
            "id": "sample_094_0061_000020",
            "annotations": [
                {
                    "word": "CLAIM-9f2b1c",
                    "start": 16,
                    "end": 28,
                    "label": "개인정보"
                }
            ]
        },
        {
            "sentence": "결제 및 영수증: 환자 부담금 120,000 KRW은 카드 결제로 완료되었으며 영수증은 전자문서로 발행되었습니다.",
            "id": "sample_094_0061_000021",
            "annotations": []
        },
        {
            "sentence": "예약 스케줄: 다음 재내원 예약은 2025-02-10 14:30으로 설정되었고 알림은 재내원 7일 전 자동 발송됩니다.",
            "id": "sample_094_0061_000022",
            "annotations": [
                {
                    "word": "2025-02-10 14:30",
                    "start": 19,
                    "end": 35,
                    "label": "준식별자"
                }
            ]
        },
        {
            "sentence": "추적관리: 6주 추적 관찰이 권고되었으며 치료 후 경과 관찰 및 치주 재평가 일정이 포함됩니다.",
            "id": "sample_094_0061_000023",
            "annotations": []
        },
        {
            "sentence": "외부 연계: 본 케이스의 방사선 원본과 기공 지시서는 송수신 로그로 전달되었으며 수신자 기관 ID는 CLAB-57으로 표기되어 있습니다.",
            "id": "sample_094_0061_000024",
            "annotations": [
                {
                    "word": "CLAB-57",
                    "start": 56,
                    "end": 63,
                    "label": "기밀정보"
                }
            ]
        },
        {
            "sentence": "감사 로그: 2025-01-16T09:12:45Z에 차규담 사용자가 '진단코드' 필드를 수정했고 변경 사유는 근관치료 범위 명확화입니다.",
            "id": "sample_094_0061_000025",
            "annotations": [
                {
                    "word": "2025-01-16T09:12:45Z",
                    "start": 7,
                    "end": 27,
                    "label": "준식별자"
                },
                {
                    "word": "차규담",
                    "start": 29,
                    "end": 32,
                    "label": "개인정보"
                }
            ]
        },
        {
            "sentence": "감사 로그 2: 2025-01-16T09:15:02Z에 곽서헌 사용자가 '기공지시서' 항목을 LABRX-2025-0007으로 최종 확정하였습니다.",
            "id": "sample_094_0061_000026",
            "annotations": [
                {
                    "word": "2025-01-16T09:15:02Z",
                    "start": 9,
                    "end": 29,
                    "label": "준식별자"
                },
                {
                    "word": "곽서헌",
                    "start": 31,
                    "end": 34,
                    "label": "개인정보"
                },
                {
                    "word": "LABRX-2025-0007",
                    "start": 52,
                    "end": 67,
                    "label": "기밀정보"
                }
            ]
        },
        {
            "sentence": "데이터 보호: 환자 식별자와 민감 필드는 접근제어로 제한되며 로그는 암호화된 저장소에 보관합니다.",
            "id": "sample_094_0061_000027",
            "annotations": []
        },
        {
            "sentence": "권장 조치: 보험 부정확성 확인 및 부분승인 사유 조회를 위해 보험사에 추가 서류 제출을 권고합니다.",
            "id": "sample_094_0061_000028",
            "annotations": []
        },
        {
            "sentence": "첨부 파일 목록: PA 이미지(DICOM 샘플), CBCT 리포트 PDF, STL 샘플 파일, 전자의무기록 내역 CSV를 포함합니다.",
            "id": "sample_094_0061_000029",
            "annotations": []
        },
        {
            "sentence": "종결: 본 기록은 내부 검토 후 5년 보존 정책에 따라 관리되며 필요 시 익명화된 자료로 연구 활용이 가능합니다.",
            "id": "sample_094_0061_000030",
            "annotations": []
        }
    ]
}