[
    {
        "sentence": "병원기록 시작.",
        "id": "sample_002_0076_000001",
        "annotations": []
    },
    {
        "sentence": "문서번호 76.",
        "id": "sample_002_0076_000002",
        "annotations": []
    },
    {
        "sentence": "작성병동/작성부서 응급실.",
        "id": "sample_002_0076_000003",
        "annotations": []
    },
    {
        "sentence": "환자정보 환자명 유민재.",
        "id": "sample_002_0076_000004",
        "annotations": [
            {
                "word": "유민재",
                "start": 9,
                "end": 12,
                "label": "개인정보"
            }
        ]
    },
    {
        "sentence": "생년월일 1982년 03월 11일.",
        "id": "sample_002_0076_000005",
        "annotations": [
            {
                "word": "1982년",
                "start": 5,
                "end": 10,
                "label": "준식별자"
            },
            {
                "word": "03월",
                "start": 11,
                "end": 14,
                "label": "준식별자"
            },
            {
                "word": "11일",
                "start": 15,
                "end": 18,
                "label": "준식별자"
            }
        ]
    },
    {
        "sentence": "성별 남성.",
        "id": "sample_002_0076_000006",
        "annotations": [
            {
                "word": "남성",
                "start": 3,
                "end": 5,
                "label": "준식별자"
            }
        ]
    },
    {
        "sentence": "환자ID UMJ-20250527-76.",
        "id": "sample_002_0076_000007",
        "annotations": [
            {
                "word": "UMJ-20250527-76",
                "start": 5,
                "end": 20,
                "label": "개인정보"
            }
        ]
    },
    {
        "sentence": "연락처 010-8326-5712.",
        "id": "sample_002_0076_000008",
        "annotations": [
            {
                "word": "010-8326-5712",
                "start": 4,
                "end": 17,
                "label": "개인정보"
            }
        ]
    },
    {
        "sentence": "긴급연락처 010-9999-0000.",
        "id": "sample_002_0076_000009",
        "annotations": [
            {
                "word": "010-9999-0000",
                "start": 6,
                "end": 19,
                "label": "개인정보"
            }
        ]
    },
    {
        "sentence": "주소 서울특별시 노원구 중계동 중계주공10단지 1006동 203호.",
        "id": "sample_002_0076_000010",
        "annotations": [
            {
                "word": "서울특별시",
                "start": 3,
                "end": 8,
                "label": "준식별자"
            },
            {
                "word": "노원구",
                "start": 9,
                "end": 12,
                "label": "준식별자"
            },
            {
                "word": "중계동",
                "start": 13,
                "end": 16,
                "label": "준식별자"
            },
            {
                "word": "중계주공10단지",
                "start": 17,
                "end": 25,
                "label": "준식별자"
            },
            {
                "word": "1006동",
                "start": 26,
                "end": 31,
                "label": "준식별자"
            },
            {
                "word": "203호",
                "start": 32,
                "end": 36,
                "label": "준식별자"
            }
        ]
    },
    {
        "sentence": "보험정보 820311-1539821.",
        "id": "sample_002_0076_000011",
        "annotations": [
            {
                "word": "820311-1539821",
                "start": 5,
                "end": 19,
                "label": "개인정보"
            }
        ]
    },
    {
        "sentence": "진료정보 내원일 2025-05-27.",
        "id": "sample_002_0076_000012",
        "annotations": [
            {
                "word": "2025-05-27",
                "start": 9,
                "end": 19,
                "label": "준식별자"
            }
        ]
    },
    {
        "sentence": "입원일 2025년 05월 27일.",
        "id": "sample_002_0076_000013",
        "annotations": [
            {
                "word": "2025년",
                "start": 4,
                "end": 9,
                "label": "준식별자"
            },
            {
                "word": "05월",
                "start": 10,
                "end": 13,
                "label": "준식별자"
            },
            {
                "word": "27일",
                "start": 14,
                "end": 17,
                "label": "준식별자"
            }
        ]
    },
    {
        "sentence": "퇴원일 미정.",
        "id": "sample_002_0076_000014",
        "annotations": []
    },
    {
        "sentence": "주요호소및증상 우측 상복부 통증 지속성 호소.",
        "id": "sample_002_0076_000015",
        "annotations": []
    },
    {
        "sentence": "발병일 2025-05-26.",
        "id": "sample_002_0076_000016",
        "annotations": [
            {
                "word": "2025-05-26",
                "start": 4,
                "end": 14,
                "label": "준식별자"
            }
        ]
    },
    {
        "sentence": "기저질환 없음.",
        "id": "sample_002_0076_000017",
        "annotations": []
    },
    {
        "sentence": "현재복용약물 없음.",
        "id": "sample_002_0076_000018",
        "annotations": []
    },
    {
        "sentence": "과거수술력 복부수술력 없음.",
        "id": "sample_002_0076_000019",
        "annotations": []
    },
    {
        "sentence": "병원장 김영선.",
        "id": "sample_002_0076_000020",
        "annotations": [
            {
                "word": "김영선",
                "start": 4,
                "end": 7,
                "label": "기밀정보"
            },
            {
                "word": "김영선",
                "start": 4,
                "end": 7,
                "label": "개인정보"
            }
        ]
    },
    {
        "sentence": "내선번호 031-555-1010.",
        "id": "sample_002_0076_000021",
        "annotations": [
            {
                "word": "031-555-1010",
                "start": 5,
                "end": 17,
                "label": "기밀정보"
            },
            {
                "word": "031-555-1010",
                "start": 5,
                "end": 17,
                "label": "개인정보"
            }
        ]
    },
    {
        "sentence": "내부 이메일 youngsun.kim@hanbitsolutions.com.",
        "id": "sample_002_0076_000022",
        "annotations": [
            {
                "word": "youngsun.kim@hanbitsolutions.com",
                "start": 7,
                "end": 39,
                "label": "기밀정보"
            },
            {
                "word": "youngsun.kim@hanbitsolutions.com",
                "start": 7,
                "end": 39,
                "label": "개인정보"
            }
        ]
    },
    {
        "sentence": "임상소견 001 환자는 통증을 호소하며 약물 반응 양호하다.",
        "id": "sample_002_0076_000023",
        "annotations": []
    },
    {
        "sentence": "임상소견 002 환자의 복부 압통은 경미하며 특별한 발적은 없다.",
        "id": "sample_002_0076_000024",
        "annotations": []
    },
    {
        "sentence": "임상소견 003 혈액검사상 급성 염증 반응이 미약하게 나타난다.",
        "id": "sample_002_0076_000025",
        "annotations": []
    },
    {
        "sentence": "임상소견 004 초음파 소견은 추가 영상검사가 필요하다.",
        "id": "sample_002_0076_000026",
        "annotations": []
    },
    {
        "sentence": "임상소견 005 통증 조절을 위해 진통제 투여 후 경과 관찰 중이다.",
        "id": "sample_002_0076_000027",
        "annotations": []
    },
    {
        "sentence": "임상소견 006 환자는 과거 수술력이 없다고 보고하였다.",
        "id": "sample_002_0076_000028",
        "annotations": []
    },
    {
        "sentence": "임상소견 007 현재전해질 수치 정상이지만 주기적 검사 권유한다.",
        "id": "sample_002_0076_000029",
        "annotations": []
    },
    {
        "sentence": "임상소견 008 간기능 검사 ALT 경도 상승 소견 관찰된다.",
        "id": "sample_002_0076_000030",
        "annotations": []
    },
    {
        "sentence": "임상소견 009 환자는 소변검사에서 이상 소견이 관찰되지 않았다.",
        "id": "sample_002_0076_000031",
        "annotations": []
    },
    {
        "sentence": "임상소견 010 환자 상태 안정으로 입원 관찰 결정하였다.",
        "id": "sample_002_0076_000032",
        "annotations": []
    },
    {
        "sentence": "임상소견 011 수액요법 시행 후 활력징후 안정화 양상 보였다.",
        "id": "sample_002_0076_000033",
        "annotations": []
    },
    {
        "sentence": "임상소견 012 통증 완화에 따라 식이 재개 검토할 예정이다.",
        "id": "sample_002_0076_000034",
        "annotations": []
    },
    {
        "sentence": "임상소견 013 수술 적응증 여부는 외과 협진 후 결정될 예정입니다.",
        "id": "sample_002_0076_000035",
        "annotations": []
    },
    {
        "sentence": "임상소견 014 환자 심리적 불안 호소로 상담 지원 제공하였다.",
        "id": "sample_002_0076_000036",
        "annotations": []
    },
    {
        "sentence": "임상소견 015 퇴원 계획은 검사 결과에 따라 변경될 수 있다.",
        "id": "sample_002_0076_000037",
        "annotations": []
    },
    {
        "sentence": "임상소견 016 간 수치 모니터링을 위해 추적검사 필요합니다.",
        "id": "sample_002_0076_000038",
        "annotations": []
    },
    {
        "sentence": "임상소견 017 항생제 사용 여부는 감염 지표 추이를 근거로 결정합니다.",
        "id": "sample_002_0076_000039",
        "annotations": []
    },
    {
        "sentence": "임상소견 018 추가 영상의학과 소견 회신 대기 중입니다.",
        "id": "sample_002_0076_000040",
        "annotations": []
    },
    {
        "sentence": "임상소견 019 환자 통증 수치 통증척도 6에서 3으로 감소하였습니다.",
        "id": "sample_002_0076_000041",
        "annotations": []
    },
    {
        "sentence": "임상소견 020 일반 혈액검사 반복 검사 예정입니다.",
        "id": "sample_002_0076_000042",
        "annotations": []
    },
    {
        "sentence": "임상소견 021 임상 결과에 따른 약물 조정 계획입니다.",
        "id": "sample_002_0076_000043",
        "annotations": []
    },
    {
        "sentence": "임상소견 022 임상 관찰 중 합병증 징후는 발견되지 않았습니다.",
        "id": "sample_002_0076_000044",
        "annotations": []
    },
    {
        "sentence": "임상소견 023 환자에게 통증관리 및 경과 설명을 하였습니다.",
        "id": "sample_002_0076_000045",
        "annotations": []
    },
    {
        "sentence": "임상소견 024 검사 결과는 전자의무기록에 업데이트 완료하였습니다.",
        "id": "sample_002_0076_000046",
        "annotations": []
    },
    {
        "sentence": "임상소견 025 외과 협진 요청 문서 전달 완료하였습니다.",
        "id": "sample_002_0076_000047",
        "annotations": []
    },
    {
        "sentence": "임상소견 026 환자 보호자에게 현재 경과와 계획을 설명하였습니다.",
        "id": "sample_002_0076_000048",
        "annotations": []
    },
    {
        "sentence": "임상소견 027 응급상황 시 연락 가능한 전화번호를 재확인하였습니다.",
        "id": "sample_002_0076_000049",
        "annotations": []
    },
    {
        "sentence": "임상소견 028 침습적 시술 필요 시 동의 절차를 설명하였습니다.",
        "id": "sample_002_0076_000050",
        "annotations": []
    },
    {
        "sentence": "임상소견 029 혈액검사 수치 표준 범위 내 비교적 안정적입니다.",
        "id": "sample_002_0076_000051",
        "annotations": []
    },
    {
        "sentence": "임상소견 030 산소포화도 정상 범위를 유지하고 있습니다.",
        "id": "sample_002_0076_000052",
        "annotations": []
    },
    {
        "sentence": "임상소견 031 환자 활동 시 통증 증가 여부 관찰 중입니다.",
        "id": "sample_002_0076_000053",
        "annotations": []
    },
    {
        "sentence": "임상소견 032 약물 투여 후 알레르기 반응 없음 확인하였습니다.",
        "id": "sample_002_0076_000054",
        "annotations": []
    },
    {
        "sentence": "임상소견 033 수액 공급으로 탈수 소견 호전되었습니다.",
        "id": "sample_002_0076_000055",
        "annotations": []
    },
    {
        "sentence": "임상소견 034 식이 재개 시점은 증상 소실 여부에 따라 결정됩니다.",
        "id": "sample_002_0076_000056",
        "annotations": []
    },
    {
        "sentence": "임상소견 035 환자는 평소 기저질환이 없다고 보고하였습니다.",
        "id": "sample_002_0076_000057",
        "annotations": []
    },
    {
        "sentence": "임상소견 036 흉부 청진에서 호흡음 특별한 이상 없음 보고되었습니다.",
        "id": "sample_002_0076_000058",
        "annotations": []
    },
    {
        "sentence": "임상소견 037 통증 부위를 국소 마취 후 평가할 예정입니다.",
        "id": "sample_002_0076_000059",
        "annotations": []
    },
    {
        "sentence": "임상소견 038 간 초음파 소견 정밀 판독 의뢰하였습니다.",
        "id": "sample_002_0076_000060",
        "annotations": []
    },
    {
        "sentence": "임상소견 039 입원 후 첫 24시간 동안 상태 안정적 유지되었습니다.",
        "id": "sample_002_0076_000061",
        "annotations": []
    },
    {
        "sentence": "임상소견 040 환자 수면 양호하며 불편감 소폭 호소하였습니다.",
        "id": "sample_002_0076_000062",
        "annotations": []
    },
    {
        "sentence": "임상소견 041 체온 변화는 미미하며 발열 소견 관찰되지 않았습니다.",
        "id": "sample_002_0076_000063",
        "annotations": []
    },
    {
        "sentence": "임상소견 042 환자에게 병원 생활 안내문을 전달하였습니다.",
        "id": "sample_002_0076_000064",
        "annotations": []
    },
    {
        "sentence": "임상소견 043 외래 추적 검사 예약을 위한 안내를 시행하였습니다.",
        "id": "sample_002_0076_000065",
        "annotations": []
    },
    {
        "sentence": "임상소견 044 약물 복용 시간과 용법을 서면으로 제공하였습니다.",
        "id": "sample_002_0076_000066",
        "annotations": []
    },
    {
        "sentence": "임상소견 045 환자 개인위생 및 상처관리 교육을 실시하였습니다.",
        "id": "sample_002_0076_000067",
        "annotations": []
    },
    {
        "sentence": "임상소견 046 퇴원 시 필요한 약 처방 목록을 준비 중입니다.",
        "id": "sample_002_0076_000068",
        "annotations": []
    },
    {
        "sentence": "임상소견 047 수술 필요 시 예상 절차와 위험을 설명하였습니다.",
        "id": "sample_002_0076_000069",
        "annotations": []
    },
    {
        "sentence": "임상소견 048 치료 계획 변경 시 보호자에게 즉시 통보하기로 하였습니다.",
        "id": "sample_002_0076_000070",
        "annotations": []
    },
    {
        "sentence": "임상소견 049 응급 상황 발생 시 응급실로 즉시 이송 예정입니다.",
        "id": "sample_002_0076_000071",
        "annotations": []
    },
    {
        "sentence": "임상소견 050 간 기능 재검사 일정은 외래에서 조율합니다.",
        "id": "sample_002_0076_000072",
        "annotations": []
    },
    {
        "sentence": "임상소견 051 약물 부작용 모니터링을 지속합니다.",
        "id": "sample_002_0076_000073",
        "annotations": []
    },
    {
        "sentence": "임상소견 052 검사 결과 해석 관련 다학제 회의 예정입니다.",
        "id": "sample_002_0076_000074",
        "annotations": []
    },
    {
        "sentence": "임상소견 053 환자 통증 관리 기록은 진료기록에 기재하였습니다.",
        "id": "sample_002_0076_000075",
        "annotations": []
    },
    {
        "sentence": "임상소견 054 회진 시 추가 질문 사항을 정리하도록 안내하였습니다.",
        "id": "sample_002_0076_000076",
        "annotations": []
    },
    {
        "sentence": "임상소견 055 간호 기록과 의무기록 간 일치 여부 확인하였습니다.",
        "id": "sample_002_0076_000077",
        "annotations": []
    },
    {
        "sentence": "임상소견 056 환자 활동량은 제한적이며 점차 회복 중입니다.",
        "id": "sample_002_0076_000078",
        "annotations": []
    },
    {
        "sentence": "임상소견 057 심리사회적 지원이 필요한 경우 상담 의뢰합니다.",
        "id": "sample_002_0076_000079",
        "annotations": []
    },
    {
        "sentence": "임상소견 058 외래 추적 시 동일 증상 반복 시 재평가 예정입니다.",
        "id": "sample_002_0076_000080",
        "annotations": []
    },
    {
        "sentence": "임상소견 059 처방 변경 시 약국과 연계하여 제공 예정입니다.",
        "id": "sample_002_0076_000081",
        "annotations": []
    },
    {
        "sentence": "임상소견 060 통증 완화를 위해 온열요법 적용을 고려하였습니다.",
        "id": "sample_002_0076_000082",
        "annotations": []
    },
    {
        "sentence": "임상소견 061 환자 혈압은 측정 시 약간 변동성 보였습니다.",
        "id": "sample_002_0076_000083",
        "annotations": []
    },
    {
        "sentence": "임상소견 062 맥박은 규칙적이며 빈맥 소견은 없습니다.",
        "id": "sample_002_0076_000084",
        "annotations": []
    },
    {
        "sentence": "임상소견 063 호흡수는 안정적이며 산소 필요성은 없습니다.",
        "id": "sample_002_0076_000085",
        "annotations": []
    },
    {
        "sentence": "임상소견 064 임상 데이터는 전자의무기록에 안전하게 저장됩니다.",
        "id": "sample_002_0076_000086",
        "annotations": []
    },
    {
        "sentence": "임상소견 065 환자에게 증상 변화 시 즉시 신고 안내했습니다.",
        "id": "sample_002_0076_000087",
        "annotations": []
    },
    {
        "sentence": "임상소견 066 필요시 추가 항생제 전환을 고려하기로 하였습니다.",
        "id": "sample_002_0076_000088",
        "annotations": []
    },
    {
        "sentence": "임상소견 067 간 수치 지속 상승 시 간 전문의 자문 예정입니다.",
        "id": "sample_002_0076_000089",
        "annotations": []
    },
    {
        "sentence": "임상소견 068 복부 초음파 재검은 72시간 후 예정입니다.",
        "id": "sample_002_0076_000090",
        "annotations": []
    },
    {
        "sentence": "임상소견 069 통증 강도 변화에 따른 약물 용량 조절 검토 예정입니다.",
        "id": "sample_002_0076_000091",
        "annotations": []
    },
    {
        "sentence": "임상소견 070 환자 일상 복귀 시점은 주치의 판단에 따릅니다.",
        "id": "sample_002_0076_000092",
        "annotations": []
    },
    {
        "sentence": "임상소견 071 수술 전 평가를 위한 혈액검사 항목을 지시하였습니다.",
        "id": "sample_002_0076_000093",
        "annotations": []
    },
    {
        "sentence": "임상소견 072 의료진 회진 시 환자 상태 상세 설명하였습니다.",
        "id": "sample_002_0076_000094",
        "annotations": []
    },
    {
        "sentence": "임상소견 073 의무기록 보완 사항은 보완 완료하였습니다.",
        "id": "sample_002_0076_000095",
        "annotations": []
    },
    {
        "sentence": "임상소견 074 약물 처방 내역 환자에게 확인 받았습니다.",
        "id": "sample_002_0076_000096",
        "annotations": []
    },
    {
        "sentence": "임상소견 075 환자 식이 상태는 금식 유지 중입니다.",
        "id": "sample_002_0076_000097",
        "annotations": []
    },
    {
        "sentence": "임상소견 076 보존적 치료로 증상 개선 시 수술 회피 시도합니다.",
        "id": "sample_002_0076_000098",
        "annotations": []
    },
    {
        "sentence": "임상소견 077 필요시 전문과 협진을 확대하기로 하였습니다.",
        "id": "sample_002_0076_000099",
        "annotations": []
    },
    {
        "sentence": "임상소견 078 이후 경과는 전자의무기록을 통해 공유됩니다.",
        "id": "sample_002_0076_000100",
        "annotations": []
    },
    {
        "sentence": "임상소견 079 환자 허가 하에 가족에게 진료 내용 설명하였습니다.",
        "id": "sample_002_0076_000101",
        "annotations": []
    },
    {
        "sentence": "임상소견 080 응급 검사 결과 즉시 보호자에게 통보 예정입니다.",
        "id": "sample_002_0076_000102",
        "annotations": []
    },
    {
        "sentence": "임상소견 081 통증 조절을 위한 비약물적 방법도 병행하였습니다.",
        "id": "sample_002_0076_000103",
        "annotations": []
    },
    {
        "sentence": "임상소견 082 환자 상태에 따라 간헐적 모니터링을 지속합니다.",
        "id": "sample_002_0076_000104",
        "annotations": []
    },
    {
        "sentence": "임상소견 083 수액 종류와 투여량은 기록에 명확히 기재하였습니다.",
        "id": "sample_002_0076_000105",
        "annotations": []
    },
    {
        "sentence": "임상소견 084 약물 투여 후 이상 반응은 즉시 중단 조치합니다.",
        "id": "sample_002_0076_000106",
        "annotations": []
    },
    {
        "sentence": "임상소견 085 수술 전 평가를 위한 혈액검사 항목을 지시하였습니다.",
        "id": "sample_002_0076_000107",
        "annotations": []
    },
    {
        "sentence": "임상소견 086 외과의 소견 회신은 별도 문서로 첨부됩니다.",
        "id": "sample_002_0076_000108",
        "annotations": []
    },
    {
        "sentence": "임상소견 087 환자에게 퇴원 전 주의사항을 구두로 안내하였습니다.",
        "id": "sample_002_0076_000109",
        "annotations": []
    },
    {
        "sentence": "임상소견 088 치료 효과 평가를 위해 객관적 지표를 사용합니다.",
        "id": "sample_002_0076_000110",
        "annotations": []
    },
    {
        "sentence": "임상소견 089 의사소통 기록은 담당 간호사가 작성하였습니다.",
        "id": "sample_002_0076_000111",
        "annotations": []
    },
    {
        "sentence": "임상소견 090 입원 기간 중 감염관리 수칙을 준수하도록 하였습니다.",
        "id": "sample_002_0076_000112",
        "annotations": []
    },
    {
        "sentence": "임상소견 091 간헐적 통증은 야간에 다소 증가 경향 보였습니다.",
        "id": "sample_002_0076_000113",
        "annotations": []
    },
    {
        "sentence": "임상소견 092 필요시 진통제 종류 변경을 검토합니다.",
        "id": "sample_002_0076_000114",
        "annotations": []
    },
    {
        "sentence": "임상소견 093 환자에게 외래 예약일을 안내문으로 제공하였습니다.",
        "id": "sample_002_0076_000115",
        "annotations": []
    },
    {
        "sentence": "임상소견 094 검사 일정 변경 시 즉시 통보하기로 하였습니다.",
        "id": "sample_002_0076_000116",
        "annotations": []
    },
    {
        "sentence": "임상소견 095 입원 중 추가 검사 비용 설명을 제공하였습니다.",
        "id": "sample_002_0076_000117",
        "annotations": []
    },
    {
        "sentence": "임상소견 096 환자 상태는 전반적으로 안정세를 보입니다.",
        "id": "sample_002_0076_000118",
        "annotations": []
    },
    {
        "sentence": "임상소견 097 퇴원 시 약물 복용법을 재차 확인할 예정입니다.",
        "id": "sample_002_0076_000119",
        "annotations": []
    },
    {
        "sentence": "임상소견 098 외과적 처치 시 합병증 가능성을 상의하였습니다.",
        "id": "sample_002_0076_000120",
        "annotations": []
    },
    {
        "sentence": "임상소견 099 응급수술 필요 시 즉시 진행 방침입니다.",
        "id": "sample_002_0076_000121",
        "annotations": []
    },
    {
        "sentence": "임상소견 100 전원 또는 추가 치료 필요 시 조치 계획 수립 예정.",
        "id": "sample_002_0076_000122",
        "annotations": []
    },
    {
        "sentence": "임상소견 101 환자 교육 자료를 전자의무기록에 첨부하였습니다.",
        "id": "sample_002_0076_000123",
        "annotations": []
    },
    {
        "sentence": "임상소견 102 보호자 질문에 대해 서면으로 답변 준비하였습니다.",
        "id": "sample_002_0076_000124",
        "annotations": []
    },
    {
        "sentence": "임상소견 103 외래 추적 빈도는 환자 상태에 따라 조정됩니다.",
        "id": "sample_002_0076_000125",
        "annotations": []
    },
    {
        "sentence": "임상소견 104 추가 영상의학 검사 결과는 24시간 내 회신 예정입니다.",
        "id": "sample_002_0076_000126",
        "annotations": []
    },
    {
        "sentence": "임상소견 105 약물 상호작용 여부를 확인 후 처방하였습니다.",
        "id": "sample_002_0076_000127",
        "annotations": []
    },
    {
        "sentence": "임상소견 106 병실 배정은 감염관리 기준을 고려하여 결정하였습니다.",
        "id": "sample_002_0076_000128",
        "annotations": []
    },
    {
        "sentence": "임상소견 107 환자에게 응급 연락처를 재차 확인받았습니다.",
        "id": "sample_002_0076_000129",
        "annotations": []
    },
    {
        "sentence": "임상소견 108 필요시 사회복지사 상담 연계 가능합니다.",
        "id": "sample_002_0076_000130",
        "annotations": []
    },
    {
        "sentence": "임상소견 109 퇴원 후 경과 관찰을 위해 외래 예약 안내합니다.",
        "id": "sample_002_0076_000131",
        "annotations": []
    },
    {
        "sentence": "임상소견 110 임상기록 보완 사항 발생 시 즉시 수정하겠습니다.",
        "id": "sample_002_0076_000132",
        "annotations": []
    },
    {
        "sentence": "임상소견 111 환자 통증 관리 기록은 간호 기록에 상세 기재됩니다.",
        "id": "sample_002_0076_000133",
        "annotations": []
    },
    {
        "sentence": "임상소견 112 약물 투여 시간은 전산으로 자동 기록됩니다.",
        "id": "sample_002_0076_000134",
        "annotations": []
    },
    {
        "sentence": "임상소견 113 환자 활동 제한 사항을 명확히 안내하였습니다.",
        "id": "sample_002_0076_000135",
        "annotations": []
    },
    {
        "sentence": "임상소견 114 감염 징후 관찰 시 즉각 격리 및 조치 예정입니다.",
        "id": "sample_002_0076_000136",
        "annotations": []
    },
    {
        "sentence": "임상소견 115 간 기능 이상 소견 시 추가 검사 지시하였습니다.",
        "id": "sample_002_0076_000137",
        "annotations": []
    },
    {
        "sentence": "임상소견 116 외과 결정 전 영상의학 재판독 권고하였습니다.",
        "id": "sample_002_0076_000138",
        "annotations": []
    },
    {
        "sentence": "임상소견 117 회진 시 환자 상태 변화는 즉시 보고하기로 하였습니다.",
        "id": "sample_002_0076_000139",
        "annotations": []
    },
    {
        "sentence": "임상소견 118 외래 추적 시 간 수치 모니터링 예정입니다.",
        "id": "sample_002_0076_000140",
        "annotations": []
    },
    {
        "sentence": "임상소견 119 항생제 처방 기간은 임상 지표에 따릅니다.",
        "id": "sample_002_0076_000141",
        "annotations": []
    },
    {
        "sentence": "임상소견 120 환자 호소 증상에 대한 상세 기록을 남겼습니다.",
        "id": "sample_002_0076_000142",
        "annotations": []
    },
    {
        "sentence": "임상소견 121 추적 관찰 중 이상 징후는 발견되지 않았습니다.",
        "id": "sample_002_0076_000143",
        "annotations": []
    },
    {
        "sentence": "임상소견 122 통증 관리를 위한 약물 용량은 점검 완료하였습니다.",
        "id": "sample_002_0076_000144",
        "annotations": []
    },
    {
        "sentence": "임상소견 123 환자 식욕은 소폭 감소하였으나 안정적입니다.",
        "id": "sample_002_0076_000145",
        "annotations": []
    },
    {
        "sentence": "임상소견 124 체온 상승 시 즉시 대처 계획을 수립하였습니다.",
        "id": "sample_002_0076_000146",
        "annotations": []
    },
    {
        "sentence": "임상소견 125 간 전문의 자문의견을 청취할 예정입니다.",
        "id": "sample_002_0076_000147",
        "annotations": []
    },
    {
        "sentence": "임상소견 126 필요시 간 조직검사 여부를 논의합니다.",
        "id": "sample_002_0076_000148",
        "annotations": []
    },
    {
        "sentence": "임상소견 127 환자 상태에 따른 재활 계획을 수립했습니다.",
        "id": "sample_002_0076_000149",
        "annotations": []
    },
    {
        "sentence": "임상소견 128 퇴원 후 복약 순응도 향상을 위한 교육 계획입니다.",
        "id": "sample_002_0076_000150",
        "annotations": []
    },
    {
        "sentence": "임상소견 129 환자 회복도를 평가하기 위한 지표를 적용합니다.",
        "id": "sample_002_0076_000151",
        "annotations": []
    },
    {
        "sentence": "임상소견 130 외래 방문 시 증상 악화 징후 점검 예정입니다.",
        "id": "sample_002_0076_000152",
        "annotations": []
    },
    {
        "sentence": "임상소견 131 수술 전후 감염관리 지침을 준수하도록 교육합니다.",
        "id": "sample_002_0076_000153",
        "annotations": []
    },
    {
        "sentence": "임상소견 132 통증 조절 평가를 위해 표준화된 도구 사용합니다.",
        "id": "sample_002_0076_000154",
        "annotations": []
    },
    {
        "sentence": "임상소견 133 입원 중 문제 발생 시 다학제 논의 진행합니다.",
        "id": "sample_002_0076_000155",
        "annotations": []
    },
    {
        "sentence": "임상소견 134 환자 상태 호전 시 퇴원 준비 절차를 진행합니다.",
        "id": "sample_002_0076_000156",
        "annotations": []
    },
    {
        "sentence": "임상소견 135 퇴원 시 의약품 목록과 복용 일정 제공 예정입니다.",
        "id": "sample_002_0076_000157",
        "annotations": []
    },
    {
        "sentence": "임상소견 136 외래 재방문 시 동일 증상 반복 여부를 확인합니다.",
        "id": "sample_002_0076_000158",
        "annotations": []
    },
    {
        "sentence": "임상소견 137 환자 회복 상태를 정기적으로 모니터링합니다.",
        "id": "sample_002_0076_000159",
        "annotations": []
    },
    {
        "sentence": "임상소견 138 필요시 추가 전문과 협진을 요청합니다.",
        "id": "sample_002_0076_000160",
        "annotations": []
    }
]