[
    {
        "sentence": "문서명은 병원기록_01.json이다.",
        "id": "sample_002_0029_000001",
        "annotations": []
    },
    {
        "sentence": "문서번호는 29이다.",
        "id": "sample_002_0029_000002",
        "annotations": []
    },
    {
        "sentence": "작성병동은 내과외래이다.",
        "id": "sample_002_0029_000003",
        "annotations": []
    },
    {
        "sentence": "작성부서는 외래진료과이다.",
        "id": "sample_002_0029_000004",
        "annotations": []
    },
    {
        "sentence": "환자명은 김예린이다.",
        "id": "sample_002_0029_000005",
        "annotations": [
            {
                "word": "김예린",
                "start": 5,
                "end": 8,
                "label": "개인정보"
            }
        ]
    },
    {
        "sentence": "생년월일은 1997년 05월 15일이다.",
        "id": "sample_002_0029_000006",
        "annotations": [
            {
                "word": "1997년",
                "start": 6,
                "end": 11,
                "label": "준식별자"
            },
            {
                "word": "05월",
                "start": 12,
                "end": 15,
                "label": "준식별자"
            },
            {
                "word": "15일",
                "start": 16,
                "end": 19,
                "label": "준식별자"
            }
        ]
    },
    {
        "sentence": "성별은 여성이다.",
        "id": "sample_002_0029_000007",
        "annotations": [
            {
                "word": "여성",
                "start": 4,
                "end": 6,
                "label": "준식별자"
            }
        ]
    },
    {
        "sentence": "환자ID는 P20250219-029이다.",
        "id": "sample_002_0029_000008",
        "annotations": [
            {
                "word": "P20250219-029",
                "start": 6,
                "end": 19,
                "label": "개인정보"
            }
        ]
    },
    {
        "sentence": "연락처는 010-9647-3510이다.",
        "id": "sample_002_0029_000009",
        "annotations": [
            {
                "word": "010-9647-3510",
                "start": 5,
                "end": 18,
                "label": "개인정보"
            }
        ]
    },
    {
        "sentence": "긴급연락처는 010-1111-2222이다.",
        "id": "sample_002_0029_000010",
        "annotations": [
            {
                "word": "010-1111-2222",
                "start": 7,
                "end": 20,
                "label": "개인정보"
            }
        ]
    },
    {
        "sentence": "주소는 인천광역시 연수구 송도동 송도더샵퍼스트파크 204동 1102호이다.",
        "id": "sample_002_0029_000011",
        "annotations": [
            {
                "word": "인천광역시",
                "start": 4,
                "end": 9,
                "label": "준식별자"
            },
            {
                "word": "연수구",
                "start": 10,
                "end": 13,
                "label": "준식별자"
            },
            {
                "word": "송도동",
                "start": 14,
                "end": 17,
                "label": "준식별자"
            },
            {
                "word": "송도더샵퍼스트파크",
                "start": 18,
                "end": 27,
                "label": "준식별자"
            },
            {
                "word": "204동",
                "start": 28,
                "end": 32,
                "label": "준식별자"
            },
            {
                "word": "1102호",
                "start": 33,
                "end": 38,
                "label": "준식별자"
            }
        ]
    },
    {
        "sentence": "보험정보는 970515-2459825이다.",
        "id": "sample_002_0029_000012",
        "annotations": [
            {
                "word": "970515-2459825",
                "start": 6,
                "end": 20,
                "label": "개인정보"
            }
        ]
    },
    {
        "sentence": "내원일은 2025-02-19이다.",
        "id": "sample_002_0029_000013",
        "annotations": [
            {
                "word": "2025-02-19",
                "start": 5,
                "end": 15,
                "label": "준식별자"
            }
        ]
    },
    {
        "sentence": "입원일은 2025-02-19이다.",
        "id": "sample_002_0029_000014",
        "annotations": [
            {
                "word": "2025-02-19",
                "start": 5,
                "end": 15,
                "label": "준식별자"
            }
        ]
    },
    {
        "sentence": "퇴원일은 미정이다.",
        "id": "sample_002_0029_000015",
        "annotations": []
    },
    {
        "sentence": "주요호소및증상은 복통과 메스꺼움이며 증상은 점진적으로 악화되었다.",
        "id": "sample_002_0029_000016",
        "annotations": []
    },
    {
        "sentence": "발병일은 2025-02-17이다.",
        "id": "sample_002_0029_000017",
        "annotations": [
            {
                "word": "2025-02-17",
                "start": 5,
                "end": 15,
                "label": "준식별자"
            }
        ]
    },
    {
        "sentence": "기저질환으로 특이 소견은 없다.",
        "id": "sample_002_0029_000018",
        "annotations": []
    },
    {
        "sentence": "현재복용약물은 만성 복용 약물이 없다고 보고되었다.",
        "id": "sample_002_0029_000019",
        "annotations": []
    },
    {
        "sentence": "과거수술력으로는 충수절제술을 받았다는 과거력이 있다.",
        "id": "sample_002_0029_000020",
        "annotations": []
    },
    {
        "sentence": "알레르기정보는 알려진 약물 알레르기가 없다.",
        "id": "sample_002_0029_000021",
        "annotations": []
    },
    {
        "sentence": "흡연력은 비흡연이며 음주력은 가끔 음주한다.",
        "id": "sample_002_0029_000022",
        "annotations": []
    },
    {
        "sentence": "직업은 학생으로 기록되어 있다.",
        "id": "sample_002_0029_000023",
        "annotations": [
            {
                "word": "학생",
                "start": 4,
                "end": 6,
                "label": "준식별자"
            }
        ]
    },
    {
        "sentence": "활력징후 체온은 37.4도이다.",
        "id": "sample_002_0029_000024",
        "annotations": []
    },
    {
        "sentence": "활력징후 맥박은 분당 82회이다.",
        "id": "sample_002_0029_000025",
        "annotations": []
    },
    {
        "sentence": "활력징후 호흡은 분당 18회이다.",
        "id": "sample_002_0029_000026",
        "annotations": []
    },
    {
        "sentence": "활력징후 혈압은 122/78 mmHg이다.",
        "id": "sample_002_0029_000027",
        "annotations": []
    },
    {
        "sentence": "활력징후 SpO2는 98퍼센트이다.",
        "id": "sample_002_0029_000028",
        "annotations": []
    },
    {
        "sentence": "신체검사 HEENT에서는 안면 압통 없이 안구주위 출혈 소견이 없다.",
        "id": "sample_002_0029_000029",
        "annotations": []
    },
    {
        "sentence": "신체검사 흉부에서는 호흡음이 정상이지만 경미한 천명음이 들린다.",
        "id": "sample_002_0029_000030",
        "annotations": []
    },
    {
        "sentence": "신체검사 복부에서는 우하 복부 압통이 관찰되며 반발압이 부분적으로 있다.",
        "id": "sample_002_0029_000031",
        "annotations": []
    },
    {
        "sentence": "신체검사 사지피부에서는 창상이나 발진 소견이 없다.",
        "id": "sample_002_0029_000032",
        "annotations": []
    },
    {
        "sentence": "검사결과 혈액검사에서 백혈구와 CRP가 상승되어 염증 소견이 있다.",
        "id": "sample_002_0029_000033",
        "annotations": []
    },
    {
        "sentence": "검사결과 영상검사로 복부 단순 촬영과 초음파 검사를 시행할 예정이다.",
        "id": "sample_002_0029_000034",
        "annotations": []
    },
    {
        "sentence": "검사결과 신속검사로 임상적으로 필요 시 소변검사와 요속도 검사를 시행한다.",
        "id": "sample_002_0029_000035",
        "annotations": []
    },
    {
        "sentence": "임상진단은 급성 복부 통증으로 우하 복부염 가능성을 배제할 수 없다.",
        "id": "sample_002_0029_000036",
        "annotations": []
    },
    {
        "sentence": "치료계획은 초기 보존적 치료와 경과 관찰이며 필요 시 수술적 치료를 고려한다.",
        "id": "sample_002_0029_000037",
        "annotations": []
    },
    {
        "sentence": "약물처방으로는 해열진통제와 항생제를 증례에 맞게 투여할 계획이다.",
        "id": "sample_002_0029_000038",
        "annotations": []
    },
    {
        "sentence": "추적관찰및재방문계획은 48시간 내 증상 악화 시 즉시 응급실 재방문을 권고한다.",
        "id": "sample_002_0029_000039",
        "annotations": []
    },
    {
        "sentence": "환자교육내용은 통증 악화 시 증상 기록과 진통제 복용 기록을 유지하도록 교육하였다.",
        "id": "sample_002_0029_000040",
        "annotations": []
    },
    {
        "sentence": "진료담당의는 김민준이다.",
        "id": "sample_002_0029_000041",
        "annotations": [
            {
                "word": "김민준",
                "start": 7,
                "end": 10,
                "label": "개인정보"
            }
        ]
    },
    {
        "sentence": "작성일은 2025-02-19이다.",
        "id": "sample_002_0029_000042",
        "annotations": [
            {
                "word": "2025-02-19",
                "start": 5,
                "end": 15,
                "label": "준식별자"
            }
        ]
    },
    {
        "sentence": "진료노트및특이사항은 환자가 통증의 위치를 명확히 설명하였고 생활력은 양호하다.",
        "id": "sample_002_0029_000043",
        "annotations": []
    },
    {
        "sentence": "기록001 문장으로 추가 경과 관찰 소견을 기재한다.",
        "id": "sample_002_0029_000044",
        "annotations": []
    },
    {
        "sentence": "기록002 복부 검사 이후 환자 상태를 재평가한다.",
        "id": "sample_002_0029_000045",
        "annotations": []
    },
    {
        "sentence": "기록003 혈액검사 결과 수치 변화를 모니터링한다.",
        "id": "sample_002_0029_000046",
        "annotations": []
    },
    {
        "sentence": "기록004 초음파 결과에 따라 추가 영상검사를 고려한다.",
        "id": "sample_002_0029_000047",
        "annotations": []
    },
    {
        "sentence": "기록005 환자의 통증 점수를 매회 기록한다.",
        "id": "sample_002_0029_000048",
        "annotations": []
    },
    {
        "sentence": "기록006 투약 후 부작용 여부를 주의 깊게 관찰한다.",
        "id": "sample_002_0029_000049",
        "annotations": []
    },
    {
        "sentence": "기록007 보호자와 통화하여 경과를 설명한다.",
        "id": "sample_002_0029_000050",
        "annotations": []
    },
    {
        "sentence": "기록008 입원 여부는 진료진 회의를 통해 결정한다.",
        "id": "sample_002_0029_000051",
        "annotations": []
    },
    {
        "sentence": "기록009 환자 상태가 호전되면 퇴원 계획을 수립한다.",
        "id": "sample_002_0029_000052",
        "annotations": []
    },
    {
        "sentence": "기록010 통증 관리 계획을 수립하고 필요 시 조정한다.",
        "id": "sample_002_0029_000053",
        "annotations": []
    },
    {
        "sentence": "기록011 환자에게 휴식과 수분 섭취를 권고한다.",
        "id": "sample_002_0029_000054",
        "annotations": []
    },
    {
        "sentence": "기록012 식이 제한은 증상에 따라 조정한다.",
        "id": "sample_002_0029_000055",
        "annotations": []
    },
    {
        "sentence": "기록013 환자의 배변 상태를 기록한다.",
        "id": "sample_002_0029_000056",
        "annotations": []
    },
    {
        "sentence": "기록014 배뇨 이상 여부를 확인한다.",
        "id": "sample_002_0029_000057",
        "annotations": []
    },
    {
        "sentence": "기록015 발열 여부를 지속 관찰한다.",
        "id": "sample_002_0029_000058",
        "annotations": []
    },
    {
        "sentence": "기록016 상처나 외상 병력 유무를 재확인한다.",
        "id": "sample_002_0029_000059",
        "annotations": []
    },
    {
        "sentence": "기록017 일상 생활 기능을 사정한다.",
        "id": "sample_002_0029_000060",
        "annotations": []
    },
    {
        "sentence": "기록018 통증 완화에 도움이 되는 자세를 안내한다.",
        "id": "sample_002_0029_000061",
        "annotations": []
    },
    {
        "sentence": "기록019 필요시 통증 완화 보조도구를 제공한다.",
        "id": "sample_002_0029_000062",
        "annotations": []
    },
    {
        "sentence": "기록020 진료 기록은 전자의무기록에 입력한다.",
        "id": "sample_002_0029_000063",
        "annotations": []
    },
    {
        "sentence": "기록021 환자 상태 악화 시 즉시 의료진 호출 절차를 시행한다.",
        "id": "sample_002_0029_000064",
        "annotations": []
    },
    {
        "sentence": "기록022 검사 의뢰와 검체 채취를 신속히 진행한다.",
        "id": "sample_002_0029_000065",
        "annotations": []
    },
    {
        "sentence": "기록023 검체 운송 시 표준 절차를 준수한다.",
        "id": "sample_002_0029_000066",
        "annotations": []
    },
    {
        "sentence": "기록024 수술 필요 시 사전 동의 과정을 안내한다.",
        "id": "sample_002_0029_000067",
        "annotations": []
    },
    {
        "sentence": "기록025 환자의 현재 복용 약물을 목록화하여 간호 기록에 첨부한다.",
        "id": "sample_002_0029_000068",
        "annotations": []
    },
    {
        "sentence": "기록026 약물 간섭 가능성 여부를 확인한다.",
        "id": "sample_002_0029_000069",
        "annotations": []
    },
    {
        "sentence": "기록027 통증 관리의 일환으로 약물 용량을 재평가한다.",
        "id": "sample_002_0029_000070",
        "annotations": []
    },
    {
        "sentence": "기록028 감염 위험을 고려하여 항생제 선택을 신중히 한다.",
        "id": "sample_002_0029_000071",
        "annotations": []
    },
    {
        "sentence": "기록029 환자에게 위생 관리 지침을 교육한다.",
        "id": "sample_002_0029_000072",
        "annotations": []
    },
    {
        "sentence": "기록030 깊은 호흡과 기침 운동을 권장한다.",
        "id": "sample_002_0029_000073",
        "annotations": []
    },
    {
        "sentence": "기록031 움직임 시 통증 변화 양상을 관찰한다.",
        "id": "sample_002_0029_000074",
        "annotations": []
    },
    {
        "sentence": "기록032 환자에게 통증 발생 시 기록 양식을 제공한다.",
        "id": "sample_002_0029_000075",
        "annotations": []
    },
    {
        "sentence": "기록033 입원 시 필요한 물품을 확인한다.",
        "id": "sample_002_0029_000076",
        "annotations": []
    },
    {
        "sentence": "기록034 외래 추적 일정은 담당의와 협의한다.",
        "id": "sample_002_0029_000077",
        "annotations": []
    },
    {
        "sentence": "기록035 통증 악화 요인을 환자와 함께 확인한다.",
        "id": "sample_002_0029_000078",
        "annotations": []
    },
    {
        "sentence": "기록036 복부 초음파 전 준비사항을 안내한다.",
        "id": "sample_002_0029_000079",
        "annotations": []
    },
    {
        "sentence": "기록037 검사 전 금식 여부를 확인한다.",
        "id": "sample_002_0029_000080",
        "annotations": []
    },
    {
        "sentence": "기록038 검사 장비 상태를 점검한다.",
        "id": "sample_002_0029_000081",
        "annotations": []
    },
    {
        "sentence": "기록039 검사 후 결과 상담 일정을 조율한다.",
        "id": "sample_002_0029_000082",
        "annotations": []
    },
    {
        "sentence": "기록040 응급 상황 발생 시 대응 매뉴얼을 숙지한다.",
        "id": "sample_002_0029_000083",
        "annotations": []
    },
    {
        "sentence": "기록041 간호사는 일일 상태 기록을 작성한다.",
        "id": "sample_002_0029_000084",
        "annotations": []
    },
    {
        "sentence": "기록042 환자 상태의 미세한 변화도 기록한다.",
        "id": "sample_002_0029_000085",
        "annotations": []
    },
    {
        "sentence": "기록043 환자의 통증 표현 방식에 유의한다.",
        "id": "sample_002_0029_000086",
        "annotations": []
    },
    {
        "sentence": "기록044 필요 시 통증 스케일을 재측정한다.",
        "id": "sample_002_0029_000087",
        "annotations": []
    },
    {
        "sentence": "기록045 의료진 간 정보 전달을 명확히 한다.",
        "id": "sample_002_0029_000088",
        "annotations": []
    },
    {
        "sentence": "기록046 전자의무기록 저장 방식의 안전성을 확인한다.",
        "id": "sample_002_0029_000089",
        "annotations": []
    },
    {
        "sentence": "기록047 환자 개인정보는 보안 절차에 따라 관리한다.",
        "id": "sample_002_0029_000090",
        "annotations": []
    },
    {
        "sentence": "기록048 검사 결과는 검사실과 직접 연계하여 확인한다.",
        "id": "sample_002_0029_000091",
        "annotations": []
    },
    {
        "sentence": "기록049 영상의학 결과는 전문의 판독을 의뢰한다.",
        "id": "sample_002_0029_000092",
        "annotations": []
    },
    {
        "sentence": "기록050 외부 진료 의뢰가 필요할 경우 절차를 안내한다.",
        "id": "sample_002_0029_000093",
        "annotations": []
    },
    {
        "sentence": "기록051 환자의 신체적 상태에 따라 활동 범위를 조절한다.",
        "id": "sample_002_0029_000094",
        "annotations": []
    },
    {
        "sentence": "기록052 통증 조절을 위해 비약물적 방법도 병행한다.",
        "id": "sample_002_0029_000095",
        "annotations": []
    },
    {
        "sentence": "기록053 심리적 안정을 위한 상담 서비스를 안내한다.",
        "id": "sample_002_0029_000096",
        "annotations": []
    },
    {
        "sentence": "기록054 통증 완화에 도움이 되는 온열요법을 고려한다.",
        "id": "sample_002_0029_000097",
        "annotations": []
    },
    {
        "sentence": "기록055 환자 가족의 협조를 구한다.",
        "id": "sample_002_0029_000098",
        "annotations": []
    },
    {
        "sentence": "기록056 치료 계획 변경 시 환자 동의를 받는다.",
        "id": "sample_002_0029_000099",
        "annotations": []
    },
    {
        "sentence": "기록057 추적 검사 시점을 명확히 기록한다.",
        "id": "sample_002_0029_000100",
        "annotations": []
    },
    {
        "sentence": "기록058 약물 처방 내역을 환자에게 제공한다.",
        "id": "sample_002_0029_000101",
        "annotations": []
    },
    {
        "sentence": "기록059 복약 지도서를 교부한다.",
        "id": "sample_002_0029_000102",
        "annotations": []
    },
    {
        "sentence": "기록060 약물 부작용 발생 시 대처법을 설명한다.",
        "id": "sample_002_0029_000103",
        "annotations": []
    },
    {
        "sentence": "기록061 환자의 섭취량과 배설량을 모니터링한다.",
        "id": "sample_002_0029_000104",
        "annotations": []
    },
    {
        "sentence": "기록062 입원 시 환자 편의를 위한 지원을 안내한다.",
        "id": "sample_002_0029_000105",
        "annotations": []
    },
    {
        "sentence": "기록063 의료진 회의록을 작성하여 보관한다.",
        "id": "sample_002_0029_000106",
        "annotations": []
    },
    {
        "sentence": "기록064 간호 인계 사항을 상세히 기재한다.",
        "id": "sample_002_0029_000107",
        "annotations": []
    },
    {
        "sentence": "기록065 통증 관리 회의를 정기적으로 실시한다.",
        "id": "sample_002_0029_000108",
        "annotations": []
    },
    {
        "sentence": "기록066 환자 만족도 조사를 계획한다.",
        "id": "sample_002_0029_000109",
        "annotations": []
    },
    {
        "sentence": "기록067 치료 경과에 따라 재평가 주기를 단축할 수 있다.",
        "id": "sample_002_0029_000110",
        "annotations": []
    },
    {
        "sentence": "기록068 불필요한 검사 반복을 최소화한다.",
        "id": "sample_002_0029_000111",
        "annotations": []
    },
    {
        "sentence": "기록069 비용 효율적 치료를 고려한다.",
        "id": "sample_002_0029_000112",
        "annotations": []
    },
    {
        "sentence": "기록070 환자의 안전을 최우선으로 한다.",
        "id": "sample_002_0029_000113",
        "annotations": []
    },
    {
        "sentence": "기록071 감염 예방 수칙을 철저히 지킨다.",
        "id": "sample_002_0029_000114",
        "annotations": []
    },
    {
        "sentence": "기록072 의료진 간 역할 분담을 명확히 한다.",
        "id": "sample_002_0029_000115",
        "annotations": []
    },
    {
        "sentence": "기록073 응급 상황 발생 시 담당자를 지정한다.",
        "id": "sample_002_0029_000116",
        "annotations": []
    },
    {
        "sentence": "기록074 의료기기 사용법을 숙지한다.",
        "id": "sample_002_0029_000117",
        "annotations": []
    },
    {
        "sentence": "기록075 환자 상태에 따른 투약 스케줄을 조정한다.",
        "id": "sample_002_0029_000118",
        "annotations": []
    },
    {
        "sentence": "기록076 복용 편의성을 고려한 약물 선택을 검토한다.",
        "id": "sample_002_0029_000119",
        "annotations": []
    },
    {
        "sentence": "기록077 약물 상호작용을 사전에 차단한다.",
        "id": "sample_002_0029_000120",
        "annotations": []
    },
    {
        "sentence": "기록078 검사 결과의 임상적 의미를 환자에게 설명한다.",
        "id": "sample_002_0029_000121",
        "annotations": []
    },
    {
        "sentence": "기록079 환자의 생활습관 개선 방안을 제시한다.",
        "id": "sample_002_0029_000122",
        "annotations": []
    },
    {
        "sentence": "기록080 통증 유발 활동을 피하도록 교육한다.",
        "id": "sample_002_0029_000123",
        "annotations": []
    },
    {
        "sentence": "기록081 휴식과 수면의 중요성을 강조한다.",
        "id": "sample_002_0029_000124",
        "annotations": []
    },
    {
        "sentence": "기록082 스트레스 관리법을 안내한다.",
        "id": "sample_002_0029_000125",
        "annotations": []
    },
    {
        "sentence": "기록083 식이 조절을 위한 구체적 지침을 제공한다.",
        "id": "sample_002_0029_000126",
        "annotations": []
    },
    {
        "sentence": "기록084 수분 섭취량을 권장량에 맞추도록 안내한다.",
        "id": "sample_002_0029_000127",
        "annotations": []
    },
    {
        "sentence": "기록085 물리치료가 유익할 경우 연계한다.",
        "id": "sample_002_0029_000128",
        "annotations": []
    },
    {
        "sentence": "기록086 추가 전문과 협진을 추천한다.",
        "id": "sample_002_0029_000129",
        "annotations": []
    },
    {
        "sentence": "기록087 환자 기록은 일정 기간 보관된다.",
        "id": "sample_002_0029_000130",
        "annotations": []
    },
    {
        "sentence": "기록088 필요한 경우 보험 청구를 지원한다.",
        "id": "sample_002_0029_000131",
        "annotations": []
    },
    {
        "sentence": "기록089 의료진은 최신 진료 지침을 준수한다.",
        "id": "sample_002_0029_000132",
        "annotations": []
    },
    {
        "sentence": "기록090 진료 과정의 투명성을 유지한다.",
        "id": "sample_002_0029_000133",
        "annotations": []
    },
    {
        "sentence": "기록091 환자와 가족에게 충분한 설명을 제공한다.",
        "id": "sample_002_0029_000134",
        "annotations": []
    },
    {
        "sentence": "기록092 치료의 기대 효과와 위험를 설명한다.",
        "id": "sample_002_0029_000135",
        "annotations": []
    },
    {
        "sentence": "기록093 환자의 결정권을 존중한다.",
        "id": "sample_002_0029_000136",
        "annotations": []
    },
    {
        "sentence": "기록094 환자 동의 절차를 문서화한다.",
        "id": "sample_002_0029_000137",
        "annotations": []
    },
    {
        "sentence": "기록095 퇴원 시 상태 확인을 위한 체크리스트를 사용한다.",
        "id": "sample_002_0029_000138",
        "annotations": []
    },
    {
        "sentence": "기록096 퇴원 후 재발 시 대처 방법을 안내한다.",
        "id": "sample_002_0029_000139",
        "annotations": []
    },
    {
        "sentence": "기록097 지역 보건 서비스와 연계할 수 있다.",
        "id": "sample_002_0029_000140",
        "annotations": []
    },
    {
        "sentence": "기록098 외래 방문 시 필요한 서류를 안내한다.",
        "id": "sample_002_0029_000141",
        "annotations": []
    },
    {
        "sentence": "기록099 예약 변경 절차를 설명한다.",
        "id": "sample_002_0029_000142",
        "annotations": []
    },
    {
        "sentence": "기록100 응급연락망을 최신으로 유지한다.",
        "id": "sample_002_0029_000143",
        "annotations": []
    },
    {
        "sentence": "기록101 의료기록 접근 권한은 엄격하게 통제한다.",
        "id": "sample_002_0029_000144",
        "annotations": []
    },
    {
        "sentence": "기록102 개인정보 보호를 위한 교육을 정기적으로 실시한다.",
        "id": "sample_002_0029_000145",
        "annotations": []
    },
    {
        "sentence": "기록103 환자 신원 확인 절차를 준수한다.",
        "id": "sample_002_0029_000146",
        "annotations": []
    },
    {
        "sentence": "기록104 이중 확인 절차를 통해 오류를 줄인다.",
        "id": "sample_002_0029_000147",
        "annotations": []
    },
    {
        "sentence": "기록105 진료 중 발생한 이상 소견은 즉시 보고한다.",
        "id": "sample_002_0029_000148",
        "annotations": []
    },
    {
        "sentence": "기록106 의무기록은 정확히 기재한다.",
        "id": "sample_002_0029_000149",
        "annotations": []
    },
    {
        "sentence": "기록107 진료 과정의 모든 변경 사항을 기록한다.",
        "id": "sample_002_0029_000150",
        "annotations": []
    }
]