[
    {
        "sentence": "문서번호는 37이다.",
        "id": "sample_002_0037_000001",
        "annotations": []
    },
    {
        "sentence": "작성병동/작성부서는 외래진료과이다.",
        "id": "sample_002_0037_000002",
        "annotations": []
    },
    {
        "sentence": "환자정보 환자명 신지연이다.",
        "id": "sample_002_0037_000003",
        "annotations": [
            {
                "word": "신지연",
                "start": 9,
                "end": 12,
                "label": "개인정보"
            }
        ]
    },
    {
        "sentence": "생년월일 1999년 2월 2일이다.",
        "id": "sample_002_0037_000004",
        "annotations": [
            {
                "word": "1999년",
                "start": 5,
                "end": 10,
                "label": "준식별자"
            },
            {
                "word": "2월",
                "start": 11,
                "end": 13,
                "label": "준식별자"
            },
            {
                "word": "2일",
                "start": 14,
                "end": 16,
                "label": "준식별자"
            }
        ]
    },
    {
        "sentence": "성별 여성이다.",
        "id": "sample_002_0037_000005",
        "annotations": [
            {
                "word": "여성",
                "start": 3,
                "end": 5,
                "label": "준식별자"
            }
        ]
    },
    {
        "sentence": "환자ID 990202-2458734이다.",
        "id": "sample_002_0037_000006",
        "annotations": [
            {
                "word": "990202-2458734",
                "start": 5,
                "end": 19,
                "label": "개인정보"
            }
        ]
    },
    {
        "sentence": "연락처 010-7392-1854이다.",
        "id": "sample_002_0037_000007",
        "annotations": [
            {
                "word": "010-7392-1854",
                "start": 4,
                "end": 17,
                "label": "개인정보"
            }
        ]
    },
    {
        "sentence": "긴급연락처 010-1234-5678이다.",
        "id": "sample_002_0037_000008",
        "annotations": [
            {
                "word": "010-1234-5678",
                "start": 6,
                "end": 19,
                "label": "개인정보"
            }
        ]
    },
    {
        "sentence": "주소 경기도 하남시 망월동 미사강변센트럴자이 302동 1503호이다.",
        "id": "sample_002_0037_000009",
        "annotations": [
            {
                "word": "경기도",
                "start": 3,
                "end": 6,
                "label": "준식별자"
            },
            {
                "word": "하남시",
                "start": 7,
                "end": 10,
                "label": "준식별자"
            },
            {
                "word": "망월동",
                "start": 11,
                "end": 14,
                "label": "준식별자"
            },
            {
                "word": "미사강변센트럴자이",
                "start": 15,
                "end": 24,
                "label": "준식별자"
            },
            {
                "word": "302동",
                "start": 25,
                "end": 29,
                "label": "준식별자"
            },
            {
                "word": "1503호",
                "start": 30,
                "end": 35,
                "label": "준식별자"
            }
        ]
    },
    {
        "sentence": "보험정보 990202-2458734이다.",
        "id": "sample_002_0037_000010",
        "annotations": [
            {
                "word": "990202-2458734",
                "start": 5,
                "end": 19,
                "label": "개인정보"
            }
        ]
    },
    {
        "sentence": "내원일 2025년 5월 15일이다.",
        "id": "sample_002_0037_000011",
        "annotations": [
            {
                "word": "2025년",
                "start": 4,
                "end": 9,
                "label": "준식별자"
            },
            {
                "word": "5월",
                "start": 10,
                "end": 12,
                "label": "준식별자"
            },
            {
                "word": "15일",
                "start": 13,
                "end": 16,
                "label": "준식별자"
            }
        ]
    },
    {
        "sentence": "주요호소 기침과 발열이 있다.",
        "id": "sample_002_0037_000012",
        "annotations": []
    },
    {
        "sentence": "발병일 2025년 5월 12일이다.",
        "id": "sample_002_0037_000013",
        "annotations": [
            {
                "word": "2025년",
                "start": 4,
                "end": 9,
                "label": "준식별자"
            },
            {
                "word": "5월",
                "start": 10,
                "end": 12,
                "label": "준식별자"
            },
            {
                "word": "12일",
                "start": 13,
                "end": 16,
                "label": "준식별자"
            },
            {
                "word": "2일",
                "start": 14,
                "end": 16,
                "label": "준식별자"
            }
        ]
    },
    {
        "sentence": "기저질환 없음.",
        "id": "sample_002_0037_000014",
        "annotations": []
    },
    {
        "sentence": "현재복용약물 없음.",
        "id": "sample_002_0037_000015",
        "annotations": []
    },
    {
        "sentence": "과거수술력 없음.",
        "id": "sample_002_0037_000016",
        "annotations": []
    },
    {
        "sentence": "알레르기정보 없음.",
        "id": "sample_002_0037_000017",
        "annotations": []
    },
    {
        "sentence": "흡연력 없음.",
        "id": "sample_002_0037_000018",
        "annotations": []
    },
    {
        "sentence": "음주력 간헐적이다.",
        "id": "sample_002_0037_000019",
        "annotations": []
    },
    {
        "sentence": "직업 자영업이다.",
        "id": "sample_002_0037_000020",
        "annotations": [
            {
                "word": "자영업",
                "start": 3,
                "end": 6,
                "label": "준식별자"
            }
        ]
    },
    {
        "sentence": "활력징후 체온 37.8도이다.",
        "id": "sample_002_0037_000021",
        "annotations": []
    },
    {
        "sentence": "맥박 88회분이다.",
        "id": "sample_002_0037_000022",
        "annotations": []
    },
    {
        "sentence": "호흡 18회분이다.",
        "id": "sample_002_0037_000023",
        "annotations": []
    },
    {
        "sentence": "혈압 128/82mmHg이다.",
        "id": "sample_002_0037_000024",
        "annotations": []
    },
    {
        "sentence": "SpO2 97퍼센트이다.",
        "id": "sample_002_0037_000025",
        "annotations": []
    },
    {
        "sentence": "HEENT 정상이거나 큰 이상 없다.",
        "id": "sample_002_0037_000026",
        "annotations": []
    },
    {
        "sentence": "흉부 청진시 수포음 없다.",
        "id": "sample_002_0037_000027",
        "annotations": []
    },
    {
        "sentence": "복부 촉진시 압통 없다.",
        "id": "sample_002_0037_000028",
        "annotations": []
    },
    {
        "sentence": "사지 피로와 부종 없다.",
        "id": "sample_002_0037_000029",
        "annotations": []
    },
    {
        "sentence": "혈액검사에서 백혈구 상승 소견 있다.",
        "id": "sample_002_0037_000030",
        "annotations": []
    },
    {
        "sentence": "CRP 상승 관찰된다.",
        "id": "sample_002_0037_000031",
        "annotations": []
    },
    {
        "sentence": "간기능 간수치 정상 범위이다.",
        "id": "sample_002_0037_000032",
        "annotations": []
    },
    {
        "sentence": "영상검사 흉부단순촬영에서 침윤소견 없다.",
        "id": "sample_002_0037_000033",
        "annotations": []
    },
    {
        "sentence": "신속검사 인플루엔자 음성이다.",
        "id": "sample_002_0037_000034",
        "annotations": []
    },
    {
        "sentence": "임상진단 급성 기관지염 의심이다.",
        "id": "sample_002_0037_000035",
        "annotations": []
    },
    {
        "sentence": "치료계획 대증치료와 경과관찰이다.",
        "id": "sample_002_0037_000036",
        "annotations": []
    },
    {
        "sentence": "약물처방 해열제 타이레놀 500mg 하루 세번 필요하다.",
        "id": "sample_002_0037_000037",
        "annotations": []
    },
    {
        "sentence": "추적관찰 3일후 외래 재방문 권고한다.",
        "id": "sample_002_0037_000038",
        "annotations": []
    },
    {
        "sentence": "환자교육 열이 있으면 즉시 복용하되 수분을 섭취하라.",
        "id": "sample_002_0037_000039",
        "annotations": []
    },
    {
        "sentence": "진료담당의 김유진이다.",
        "id": "sample_002_0037_000040",
        "annotations": [
            {
                "word": "김유진",
                "start": 6,
                "end": 9,
                "label": "개인정보"
            }
        ]
    },
    {
        "sentence": "작성일 2025년 5월 15일이다.",
        "id": "sample_002_0037_000041",
        "annotations": [
            {
                "word": "2025년",
                "start": 4,
                "end": 9,
                "label": "준식별자"
            },
            {
                "word": "5월",
                "start": 10,
                "end": 12,
                "label": "준식별자"
            },
            {
                "word": "15일",
                "start": 13,
                "end": 16,
                "label": "준식별자"
            }
        ]
    },
    {
        "sentence": "진료노트및특이사항 특별한 소견 없음.",
        "id": "sample_002_0037_000042",
        "annotations": []
    },
    {
        "sentence": "병원장 김민수는 내부보고를 지시하였다.",
        "id": "sample_002_0037_000043",
        "annotations": [
            {
                "word": "김민수",
                "start": 4,
                "end": 7,
                "label": "기밀정보"
            },
            {
                "word": "김민수",
                "start": 4,
                "end": 7,
                "label": "개인정보"
            }
        ]
    },
    {
        "sentence": "내부시스템 계정 clinical_admin은 비공개이다.",
        "id": "sample_002_0037_000044",
        "annotations": [
            {
                "word": "clinical_admin",
                "start": 9,
                "end": 23,
                "label": "기밀정보"
            }
        ]
    },
    {
        "sentence": "연락처 031-555-1010은 내부팀 번호이다.",
        "id": "sample_002_0037_000045",
        "annotations": [
            {
                "word": "031-555-1010",
                "start": 4,
                "end": 16,
                "label": "기밀정보"
            },
            {
                "word": "031-555-1010",
                "start": 4,
                "end": 16,
                "label": "개인정보"
            }
        ]
    },
    {
        "sentence": "진료기록 요약 046 환자 상태는 안정적이며 추가적인 약물 복용은 권고되지 않으며 평소 생활에서 수분 섭취와 충분한 휴식을 권장한다.",
        "id": "sample_002_0037_000046",
        "annotations": []
    },
    {
        "sentence": "진료기록 요약 047 환자 상태는 안정적이며 추가적인 약물 복용은 권고되지 않으며 평소 생활에서 수분 섭취와 충분한 휴식을 권장한다.",
        "id": "sample_002_0037_000047",
        "annotations": []
    },
    {
        "sentence": "진료기록 요약 048 환자 상태는 안정적이며 추가적인 약물 복용은 권고되지 않으며 평소 생활에서 수분 섭취와 충분한 휴식을 권장한다.",
        "id": "sample_002_0037_000048",
        "annotations": []
    },
    {
        "sentence": "진료기록 요약 049 환자 상태는 안정적이며 추가적인 약물 복용은 권고되지 않으며 평소 생활에서 수분 섭취와 충분한 휴식을 권장한다.",
        "id": "sample_002_0037_000049",
        "annotations": []
    },
    {
        "sentence": "진료기록 요약 050 환자 상태는 안정적이며 추가적인 약물 복용은 권고되지 않으며 평소 생활에서 수분 섭취와 충분한 휴식을 권장한다.",
        "id": "sample_002_0037_000050",
        "annotations": []
    },
    {
        "sentence": "진료기록 요약 051 환자 상태는 안정적이며 추가적인 약물 복용은 권고되지 않으며 평소 생활에서 수분 섭취와 충분한 휴식을 권장한다.",
        "id": "sample_002_0037_000051",
        "annotations": []
    },
    {
        "sentence": "진료기록 요약 052 환자 상태는 안정적이며 추가적인 약물 복용은 권고되지 않으며 평소 생활에서 수분 섭취와 충분한 휴식을 권장한다.",
        "id": "sample_002_0037_000052",
        "annotations": []
    },
    {
        "sentence": "진료기록 요약 053 환자 상태는 안정적이며 추가적인 약물 복용은 권고되지 않으며 평소 생활에서 수분 섭취와 충분한 휴식을 권장한다.",
        "id": "sample_002_0037_000053",
        "annotations": []
    },
    {
        "sentence": "진료기록 요약 054 환자 상태는 안정적이며 추가적인 약물 복용은 권고되지 않으며 평소 생활에서 수분 섭취와 충분한 휴식을 권장한다.",
        "id": "sample_002_0037_000054",
        "annotations": []
    },
    {
        "sentence": "진료기록 요약 055 환자 상태는 안정적이며 추가적인 약물 복용은 권고되지 않으며 평소 생활에서 수분 섭취와 충분한 휴식을 권장한다.",
        "id": "sample_002_0037_000055",
        "annotations": []
    },
    {
        "sentence": "진료기록 요약 056 환자 상태는 안정적이며 추가적인 약물 복용은 권고되지 않으며 평소 생활에서 수분 섭취와 충분한 휴식을 권장한다.",
        "id": "sample_002_0037_000056",
        "annotations": []
    },
    {
        "sentence": "진료기록 요약 057 환자 상태는 안정적이며 추가적인 약물 복용은 권고되지 않으며 평소 생활에서 수분 섭취와 충분한 휴식을 권장한다.",
        "id": "sample_002_0037_000057",
        "annotations": []
    },
    {
        "sentence": "진료기록 요약 058 환자 상태는 안정적이며 추가적인 약물 복용은 권고되지 않으며 평소 생활에서 수분 섭취와 충분한 휴식을 권장한다.",
        "id": "sample_002_0037_000058",
        "annotations": []
    },
    {
        "sentence": "진료기록 요약 059 환자 상태는 안정적이며 추가적인 약물 복용은 권고되지 않으며 평소 생활에서 수분 섭취와 충분한 휴식을 권장한다.",
        "id": "sample_002_0037_000059",
        "annotations": []
    },
    {
        "sentence": "진료기록 요약 060 환자 상태는 안정적이며 추가적인 약물 복용은 권고되지 않으며 평소 생활에서 수분 섭취와 충분한 휴식을 권장한다.",
        "id": "sample_002_0037_000060",
        "annotations": []
    },
    {
        "sentence": "진료기록 요약 061 환자 상태는 안정적이며 추가적인 약물 복용은 권고되지 않으며 평소 생활에서 수분 섭취와 충분한 휴식을 권장한다.",
        "id": "sample_002_0037_000061",
        "annotations": []
    },
    {
        "sentence": "진료기록 요약 062 환자 상태는 안정적이며 추가적인 약물 복용은 권고되지 않으며 평소 생활에서 수분 섭취와 충분한 휴식을 권장한다.",
        "id": "sample_002_0037_000062",
        "annotations": []
    },
    {
        "sentence": "진료기록 요약 063 환자 상태는 안정적이며 추가적인 약물 복용은 권고되지 않으며 평소 생활에서 수분 섭취와 충분한 휴식을 권장한다.",
        "id": "sample_002_0037_000063",
        "annotations": []
    },
    {
        "sentence": "진료기록 요약 064 환자 상태는 안정적이며 추가적인 약물 복용은 권고되지 않으며 평소 생활에서 수분 섭취와 충분한 휴식을 권장한다.",
        "id": "sample_002_0037_000064",
        "annotations": []
    },
    {
        "sentence": "진료기록 요약 065 환자 상태는 안정적이며 추가적인 약물 복용은 권고되지 않으며 평소 생활에서 수분 섭취와 충분한 휴식을 권장한다.",
        "id": "sample_002_0037_000065",
        "annotations": []
    },
    {
        "sentence": "진료기록 요약 066 환자 상태는 안정적이며 추가적인 약물 복용은 권고되지 않으며 평소 생활에서 수분 섭취와 충분한 휴식을 권장한다.",
        "id": "sample_002_0037_000066",
        "annotations": []
    },
    {
        "sentence": "진료기록 요약 067 환자 상태는 안정적이며 추가적인 약물 복용은 권고되지 않으며 평소 생활에서 수분 섭취와 충분한 휴식을 권장한다.",
        "id": "sample_002_0037_000067",
        "annotations": []
    },
    {
        "sentence": "진료기록 요약 068 환자 상태는 안정적이며 추가적인 약물 복용은 권고되지 않으며 평소 생활에서 수분 섭취와 충분한 휴식을 권장한다.",
        "id": "sample_002_0037_000068",
        "annotations": []
    },
    {
        "sentence": "진료기록 요약 069 환자 상태는 안정적이며 추가적인 약물 복용은 권고되지 않으며 평소 생활에서 수분 섭취와 충분한 휴식을 권장한다.",
        "id": "sample_002_0037_000069",
        "annotations": []
    },
    {
        "sentence": "진료기록 요약 070 환자 상태는 안정적이며 추가적인 약물 복용은 권고되지 않으며 평소 생활에서 수분 섭취와 충분한 휴식을 권장한다.",
        "id": "sample_002_0037_000070",
        "annotations": []
    },
    {
        "sentence": "진료기록 요약 071 환자 상태는 안정적이며 추가적인 약물 복용은 권고되지 않으며 평소 생활에서 수분 섭취와 충분한 휴식을 권장한다.",
        "id": "sample_002_0037_000071",
        "annotations": []
    },
    {
        "sentence": "진료기록 요약 072 환자 상태는 안정적이며 추가적인 약물 복용은 권고되지 않으며 평소 생활에서 수분 섭취와 충분한 휴식을 권장한다.",
        "id": "sample_002_0037_000072",
        "annotations": []
    },
    {
        "sentence": "진료기록 요약 073 환자 상태는 안정적이며 추가적인 약물 복용은 권고되지 않으며 평소 생활에서 수분 섭취와 충분한 휴식을 권장한다.",
        "id": "sample_002_0037_000073",
        "annotations": []
    },
    {
        "sentence": "진료기록 요약 074 환자 상태는 안정적이며 추가적인 약물 복용은 권고되지 않으며 평소 생활에서 수분 섭취와 충분한 휴식을 권장한다.",
        "id": "sample_002_0037_000074",
        "annotations": []
    },
    {
        "sentence": "진료기록 요약 075 환자 상태는 안정적이며 추가적인 약물 복용은 권고되지 않으며 평소 생활에서 수분 섭취와 충분한 휴식을 권장한다.",
        "id": "sample_002_0037_000075",
        "annotations": []
    },
    {
        "sentence": "진료기록 요약 076 환자 상태는 안정적이며 추가적인 약물 복용은 권고되지 않으며 평소 생활에서 수분 섭취와 충분한 휴식을 권장한다.",
        "id": "sample_002_0037_000076",
        "annotations": []
    },
    {
        "sentence": "진료기록 요약 077 환자 상태는 안정적이며 추가적인 약물 복용은 권고되지 않으며 평소 생활에서 수분 섭취와 충분한 휴식을 권장한다.",
        "id": "sample_002_0037_000077",
        "annotations": []
    },
    {
        "sentence": "진료기록 요약 078 환자 상태는 안정적이며 추가적인 약물 복용은 권고되지 않으며 평소 생활에서 수분 섭취와 충분한 휴식을 권장한다.",
        "id": "sample_002_0037_000078",
        "annotations": []
    },
    {
        "sentence": "진료기록 요약 079 환자 상태는 안정적이며 추가적인 약물 복용은 권고되지 않으며 평소 생활에서 수분 섭취와 충분한 휴식을 권장한다.",
        "id": "sample_002_0037_000079",
        "annotations": []
    },
    {
        "sentence": "진료기록 요약 080 환자 상태는 안정적이며 추가적인 약물 복용은 권고되지 않으며 평소 생활에서 수분 섭취와 충분한 휴식을 권장한다.",
        "id": "sample_002_0037_000080",
        "annotations": []
    },
    {
        "sentence": "진료기록 요약 081 환자 상태는 안정적이며 추가적인 약물 복용은 권고되지 않으며 평소 생활에서 수분 섭취와 충분한 휴식을 권장한다.",
        "id": "sample_002_0037_000081",
        "annotations": []
    },
    {
        "sentence": "진료기록 요약 082 환자 상태는 안정적이며 추가적인 약물 복용은 권고되지 않으며 평소 생활에서 수분 섭취와 충분한 휴식을 권장한다.",
        "id": "sample_002_0037_000082",
        "annotations": []
    },
    {
        "sentence": "진료기록 요약 083 환자 상태는 안정적이며 추가적인 약물 복용은 권고되지 않으며 평소 생활에서 수분 섭취와 충분한 휴식을 권장한다.",
        "id": "sample_002_0037_000083",
        "annotations": []
    },
    {
        "sentence": "진료기록 요약 084 환자 상태는 안정적이며 추가적인 약물 복용은 권고되지 않으며 평소 생활에서 수분 섭취와 충분한 휴식을 권장한다.",
        "id": "sample_002_0037_000084",
        "annotations": []
    },
    {
        "sentence": "진료기록 요약 085 환자 상태는 안정적이며 추가적인 약물 복용은 권고되지 않으며 평소 생활에서 수분 섭취와 충분한 휴식을 권장한다.",
        "id": "sample_002_0037_000085",
        "annotations": []
    },
    {
        "sentence": "진료기록 요약 086 환자 상태는 안정적이며 추가적인 약물 복용은 권고되지 않으며 평소 생활에서 수분 섭취와 충분한 휴식을 권장한다.",
        "id": "sample_002_0037_000086",
        "annotations": []
    },
    {
        "sentence": "진료기록 요약 087 환자 상태는 안정적이며 추가적인 약물 복용은 권고되지 않으며 평소 생활에서 수분 섭취와 충분한 휴식을 권장한다.",
        "id": "sample_002_0037_000087",
        "annotations": []
    },
    {
        "sentence": "진료기록 요약 088 환자 상태는 안정적이며 추가적인 약물 복용은 권고되지 않으며 평소 생활에서 수분 섭취와 충분한 휴식을 권장한다.",
        "id": "sample_002_0037_000088",
        "annotations": []
    },
    {
        "sentence": "진료기록 요약 089 환자 상태는 안정적이며 추가적인 약물 복용은 권고되지 않으며 평소 생활에서 수분 섭취와 충분한 휴식을 권장한다.",
        "id": "sample_002_0037_000089",
        "annotations": []
    },
    {
        "sentence": "진료기록 요약 090 환자 상태는 안정적이며 추가적인 약물 복용은 권고되지 않으며 평소 생활에서 수분 섭취와 충분한 휴식을 권장한다.",
        "id": "sample_002_0037_000090",
        "annotations": []
    },
    {
        "sentence": "진료기록 요약 091 환자 상태는 안정적이며 추가적인 약물 복용은 권고되지 않으며 평소 생활에서 수분 섭취와 충분한 휴식을 권장한다.",
        "id": "sample_002_0037_000091",
        "annotations": []
    },
    {
        "sentence": "진료기록 요약 092 환자 상태는 안정적이며 추가적인 약물 복용은 권고되지 않으며 평소 생활에서 수분 섭취와 충분한 휴식을 권장한다.",
        "id": "sample_002_0037_000092",
        "annotations": []
    },
    {
        "sentence": "진료기록 요약 093 환자 상태는 안정적이며 추가적인 약물 복용은 권고되지 않으며 평소 생활에서 수분 섭취와 충분한 휴식을 권장한다.",
        "id": "sample_002_0037_000093",
        "annotations": []
    },
    {
        "sentence": "진료기록 요약 094 환자 상태는 안정적이며 추가적인 약물 복용은 권고되지 않으며 평소 생활에서 수분 섭취와 충분한 휴식을 권장한다.",
        "id": "sample_002_0037_000094",
        "annotations": []
    },
    {
        "sentence": "진료기록 요약 095 환자 상태는 안정적이며 추가적인 약물 복용은 권고되지 않으며 평소 생활에서 수분 섭취와 충분한 휴식을 권장한다.",
        "id": "sample_002_0037_000095",
        "annotations": []
    },
    {
        "sentence": "진료기록 요약 096 환자 상태는 안정적이며 추가적인 약물 복용은 권고되지 않으며 평소 생활에서 수분 섭취와 충분한 휴식을 권장한다.",
        "id": "sample_002_0037_000096",
        "annotations": []
    },
    {
        "sentence": "진료기록 요약 097 환자 상태는 안정적이며 추가적인 약물 복용은 권고되지 않으며 평소 생활에서 수분 섭취와 충분한 휴식을 권장한다.",
        "id": "sample_002_0037_000097",
        "annotations": []
    },
    {
        "sentence": "진료기록 요약 098 환자 상태는 안정적이며 추가적인 약물 복용은 권고되지 않으며 평소 생활에서 수분 섭취와 충분한 휴식을 권장한다.",
        "id": "sample_002_0037_000098",
        "annotations": []
    },
    {
        "sentence": "진료기록 요약 099 환자 상태는 안정적이며 추가적인 약물 복용은 권고되지 않으며 평소 생활에서 수분 섭취와 충분한 휴식을 권장한다.",
        "id": "sample_002_0037_000099",
        "annotations": []
    },
    {
        "sentence": "진료기록 요약 100 환자 상태는 안정적이며 추가적인 약물 복용은 권고되지 않으며 평소 생활에서 수분 섭취와 충분한 휴식을 권장한다.",
        "id": "sample_002_0037_000100",
        "annotations": []
    },
    {
        "sentence": "진료기록 요약 101 환자 상태는 안정적이며 추가적인 약물 복용은 권고되지 않으며 평소 생활에서 수분 섭취와 충분한 휴식을 권장한다.",
        "id": "sample_002_0037_000101",
        "annotations": []
    },
    {
        "sentence": "진료기록 요약 102 환자 상태는 안정적이며 추가적인 약물 복용은 권고되지 않으며 평소 생활에서 수분 섭취와 충분한 휴식을 권장한다.",
        "id": "sample_002_0037_000102",
        "annotations": []
    },
    {
        "sentence": "진료기록 요약 103 환자 상태는 안정적이며 추가적인 약물 복용은 권고되지 않으며 평소 생활에서 수분 섭취와 충분한 휴식을 권장한다.",
        "id": "sample_002_0037_000103",
        "annotations": []
    },
    {
        "sentence": "진료기록 요약 104 환자 상태는 안정적이며 추가적인 약물 복용은 권고되지 않으며 평소 생활에서 수분 섭취와 충분한 휴식을 권장한다.",
        "id": "sample_002_0037_000104",
        "annotations": []
    },
    {
        "sentence": "진료기록 요약 105 환자 상태는 안정적이며 추가적인 약물 복용은 권고되지 않으며 평소 생활에서 수분 섭취와 충분한 휴식을 권장한다.",
        "id": "sample_002_0037_000105",
        "annotations": []
    },
    {
        "sentence": "진료기록 요약 106 환자 상태는 안정적이며 추가적인 약물 복용은 권고되지 않으며 평소 생활에서 수분 섭취와 충분한 휴식을 권장한다.",
        "id": "sample_002_0037_000106",
        "annotations": []
    },
    {
        "sentence": "진료기록 요약 107 환자 상태는 안정적이며 추가적인 약물 복용은 권고되지 않으며 평소 생활에서 수분 섭취와 충분한 휴식을 권장한다.",
        "id": "sample_002_0037_000107",
        "annotations": []
    },
    {
        "sentence": "진료기록 요약 108 환자 상태는 안정적이며 추가적인 약물 복용은 권고되지 않으며 평소 생활에서 수분 섭취와 충분한 휴식을 권장한다.",
        "id": "sample_002_0037_000108",
        "annotations": []
    },
    {
        "sentence": "진료기록 요약 109 환자 상태는 안정적이며 추가적인 약물 복용은 권고되지 않으며 평소 생활에서 수분 섭취와 충분한 휴식을 권장한다.",
        "id": "sample_002_0037_000109",
        "annotations": []
    },
    {
        "sentence": "진료기록 요약 110 환자 상태는 안정적이며 추가적인 약물 복용은 권고되지 않으며 평소 생활에서 수분 섭취와 충분한 휴식을 권장한다.",
        "id": "sample_002_0037_000110",
        "annotations": []
    },
    {
        "sentence": "진료기록 요약 111 환자 상태는 안정적이며 추가적인 약물 복용은 권고되지 않으며 평소 생활에서 수분 섭취와 충분한 휴식을 권장한다.",
        "id": "sample_002_0037_000111",
        "annotations": []
    },
    {
        "sentence": "진료기록 요약 112 환자 상태는 안정적이며 추가적인 약물 복용은 권고되지 않으며 평소 생활에서 수분 섭취와 충분한 휴식을 권장한다.",
        "id": "sample_002_0037_000112",
        "annotations": []
    },
    {
        "sentence": "진료기록 요약 113 환자 상태는 안정적이며 추가적인 약물 복용은 권고되지 않으며 평소 생활에서 수분 섭취와 충분한 휴식을 권장한다.",
        "id": "sample_002_0037_000113",
        "annotations": []
    },
    {
        "sentence": "진료기록 요약 114 환자 상태는 안정적이며 추가적인 약물 복용은 권고되지 않으며 평소 생활에서 수분 섭취와 충분한 휴식을 권장한다.",
        "id": "sample_002_0037_000114",
        "annotations": []
    },
    {
        "sentence": "진료기록 요약 115 환자 상태는 안정적이며 추가적인 약물 복용은 권고되지 않으며 평소 생활에서 수분 섭취와 충분한 휴식을 권장한다.",
        "id": "sample_002_0037_000115",
        "annotations": []
    },
    {
        "sentence": "진료기록 요약 116 환자 상태는 안정적이며 추가적인 약물 복용은 권고되지 않으며 평소 생활에서 수분 섭취와 충분한 휴식을 권장한다.",
        "id": "sample_002_0037_000116",
        "annotations": []
    },
    {
        "sentence": "진료기록 요약 117 환자 상태는 안정적이며 추가적인 약물 복용은 권고되지 않으며 평소 생활에서 수분 섭취와 충분한 휴식을 권장한다.",
        "id": "sample_002_0037_000117",
        "annotations": []
    },
    {
        "sentence": "진료기록 요약 118 환자 상태는 안정적이며 추가적인 약물 복용은 권고되지 않으며 평소 생활에서 수분 섭취와 충분한 휴식을 권장한다.",
        "id": "sample_002_0037_000118",
        "annotations": []
    },
    {
        "sentence": "진료기록 요약 119 환자 상태는 안정적이며 추가적인 약물 복용은 권고되지 않으며 평소 생활에서 수분 섭취와 충분한 휴식을 권장한다.",
        "id": "sample_002_0037_000119",
        "annotations": []
    },
    {
        "sentence": "진료기록 요약 120 환자 상태는 안정적이며 추가적인 약물 복용은 권고되지 않으며 평소 생활에서 수분 섭취와 충분한 휴식을 권장한다.",
        "id": "sample_002_0037_000120",
        "annotations": []
    },
    {
        "sentence": "진료기록 요약 121 환자 상태는 안정적이며 추가적인 약물 복용은 권고되지 않으며 평소 생활에서 수분 섭취와 충분한 휴식을 권장한다.",
        "id": "sample_002_0037_000121",
        "annotations": []
    },
    {
        "sentence": "진료기록 요약 122 환자 상태는 안정적이며 추가적인 약물 복용은 권고되지 않으며 평소 생활에서 수분 섭취와 충분한 휴식을 권장한다.",
        "id": "sample_002_0037_000122",
        "annotations": []
    },
    {
        "sentence": "진료기록 요약 123 환자 상태는 안정적이며 추가적인 약물 복용은 권고되지 않으며 평소 생활에서 수분 섭취와 충분한 휴식을 권장한다.",
        "id": "sample_002_0037_000123",
        "annotations": []
    },
    {
        "sentence": "진료기록 요약 124 환자 상태는 안정적이며 추가적인 약물 복용은 권고되지 않으며 평소 생활에서 수분 섭취와 충분한 휴식을 권장한다.",
        "id": "sample_002_0037_000124",
        "annotations": []
    },
    {
        "sentence": "진료기록 요약 125 환자 상태는 안정적이며 추가적인 약물 복용은 권고되지 않으며 평소 생활에서 수분 섭취와 충분한 휴식을 권장한다.",
        "id": "sample_002_0037_000125",
        "annotations": []
    },
    {
        "sentence": "진료기록 요약 126 환자 상태는 안정적이며 추가적인 약물 복용은 권고되지 않으며 평소 생활에서 수분 섭취와 충분한 휴식을 권장한다.",
        "id": "sample_002_0037_000126",
        "annotations": []
    },
    {
        "sentence": "진료기록 요약 127 환자 상태는 안정적이며 추가적인 약물 복용은 권고되지 않으며 평소 생활에서 수분 섭취와 충분한 휴식을 권장한다.",
        "id": "sample_002_0037_000127",
        "annotations": []
    },
    {
        "sentence": "진료기록 요약 128 환자 상태는 안정적이며 추가적인 약물 복용은 권고되지 않으며 평소 생활에서 수분 섭취와 충분한 휴식을 권장한다.",
        "id": "sample_002_0037_000128",
        "annotations": []
    },
    {
        "sentence": "진료기록 요약 129 환자 상태는 안정적이며 추가적인 약물 복용은 권고되지 않으며 평소 생활에서 수분 섭취와 충분한 휴식을 권장한다.",
        "id": "sample_002_0037_000129",
        "annotations": []
    },
    {
        "sentence": "진료기록 요약 130 환자 상태는 안정적이며 추가적인 약물 복용은 권고되지 않으며 평소 생활에서 수분 섭취와 충분한 휴식을 권장한다.",
        "id": "sample_002_0037_000130",
        "annotations": []
    },
    {
        "sentence": "진료기록 요약 131 환자 상태는 안정적이며 추가적인 약물 복용은 권고되지 않으며 평소 생활에서 수분 섭취와 충분한 휴식을 권장한다.",
        "id": "sample_002_0037_000131",
        "annotations": []
    },
    {
        "sentence": "진료기록 요약 132 환자 상태는 안정적이며 추가적인 약물 복용은 권고되지 않으며 평소 생활에서 수분 섭취와 충분한 휴식을 권장한다.",
        "id": "sample_002_0037_000132",
        "annotations": []
    },
    {
        "sentence": "진료기록 요약 133 환자 상태는 안정적이며 추가적인 약물 복용은 권고되지 않으며 평소 생활에서 수분 섭취와 충분한 휴식을 권장한다.",
        "id": "sample_002_0037_000133",
        "annotations": []
    },
    {
        "sentence": "진료기록 요약 134 환자 상태는 안정적이며 추가적인 약물 복용은 권고되지 않으며 평소 생활에서 수분 섭취와 충분한 휴식을 권장한다.",
        "id": "sample_002_0037_000134",
        "annotations": []
    },
    {
        "sentence": "진료기록 요약 135 환자 상태는 안정적이며 추가적인 약물 복용은 권고되지 않으며 평소 생활에서 수분 섭취와 충분한 휴식을 권장한다.",
        "id": "sample_002_0037_000135",
        "annotations": []
    },
    {
        "sentence": "진료기록 요약 136 환자 상태는 안정적이며 추가적인 약물 복용은 권고되지 않으며 평소 생활에서 수분 섭취와 충분한 휴식을 권장한다.",
        "id": "sample_002_0037_000136",
        "annotations": []
    },
    {
        "sentence": "진료기록 요약 137 환자 상태는 안정적이며 추가적인 약물 복용은 권고되지 않으며 평소 생활에서 수분 섭취와 충분한 휴식을 권장한다.",
        "id": "sample_002_0037_000137",
        "annotations": []
    },
    {
        "sentence": "진료기록 요약 138 환자 상태는 안정적이며 추가적인 약물 복용은 권고되지 않으며 평소 생활에서 수분 섭취와 충분한 휴식을 권장한다.",
        "id": "sample_002_0037_000138",
        "annotations": []
    },
    {
        "sentence": "진료기록 요약 139 환자 상태는 안정적이며 추가적인 약물 복용은 권고되지 않으며 평소 생활에서 수분 섭취와 충분한 휴식을 권장한다.",
        "id": "sample_002_0037_000139",
        "annotations": []
    },
    {
        "sentence": "진료기록 요약 140 환자 상태는 안정적이며 추가적인 약물 복용은 권고되지 않으며 평소 생활에서 수분 섭취와 충분한 휴식을 권장한다.",
        "id": "sample_002_0037_000140",
        "annotations": []
    },
    {
        "sentence": "진료기록 요약 141 환자 상태는 안정적이며 추가적인 약물 복용은 권고되지 않으며 평소 생활에서 수분 섭취와 충분한 휴식을 권장한다.",
        "id": "sample_002_0037_000141",
        "annotations": []
    },
    {
        "sentence": "진료기록 요약 142 환자 상태는 안정적이며 추가적인 약물 복용은 권고되지 않으며 평소 생활에서 수분 섭취와 충분한 휴식을 권장한다.",
        "id": "sample_002_0037_000142",
        "annotations": []
    },
    {
        "sentence": "진료기록 요약 143 환자 상태는 안정적이며 추가적인 약물 복용은 권고되지 않으며 평소 생활에서 수분 섭취와 충분한 휴식을 권장한다.",
        "id": "sample_002_0037_000143",
        "annotations": []
    },
    {
        "sentence": "진료기록 요약 144 환자 상태는 안정적이며 추가적인 약물 복용은 권고되지 않으며 평소 생활에서 수분 섭취와 충분한 휴식을 권장한다.",
        "id": "sample_002_0037_000144",
        "annotations": []
    },
    {
        "sentence": "진료기록 요약 145 환자 상태는 안정적이며 추가적인 약물 복용은 권고되지 않으며 평소 생활에서 수분 섭취와 충분한 휴식을 권장한다.",
        "id": "sample_002_0037_000145",
        "annotations": []
    },
    {
        "sentence": "진료기록 요약 146 환자 상태는 안정적이며 추가적인 약물 복용은 권고되지 않으며 평소 생활에서 수분 섭취와 충분한 휴식을 권장한다.",
        "id": "sample_002_0037_000146",
        "annotations": []
    },
    {
        "sentence": "진료기록 요약 147 환자 상태는 안정적이며 추가적인 약물 복용은 권고되지 않으며 평소 생활에서 수분 섭취와 충분한 휴식을 권장한다.",
        "id": "sample_002_0037_000147",
        "annotations": []
    },
    {
        "sentence": "진료기록 요약 148 환자 상태는 안정적이며 추가적인 약물 복용은 권고되지 않으며 평소 생활에서 수분 섭취와 충분한 휴식을 권장한다.",
        "id": "sample_002_0037_000148",
        "annotations": []
    },
    {
        "sentence": "진료기록 요약 149 환자 상태는 안정적이며 추가적인 약물 복용은 권고되지 않으며 평소 생활에서 수분 섭취와 충분한 휴식을 권장한다.",
        "id": "sample_002_0037_000149",
        "annotations": []
    },
    {
        "sentence": "진료기록 요약 150 환자 상태는 안정적이며 추가적인 약물 복용은 권고되지 않으며 평소 생활에서 수분 섭취와 충분한 휴식을 권장한다.",
        "id": "sample_002_0037_000150",
        "annotations": []
    },
    {
        "sentence": "진료기록 요약 151 환자 상태는 안정적이며 추가적인 약물 복용은 권고되지 않으며 평소 생활에서 수분 섭취와 충분한 휴식을 권장한다.",
        "id": "sample_002_0037_000151",
        "annotations": []
    },
    {
        "sentence": "진료기록 요약 152 환자 상태는 안정적이며 추가적인 약물 복용은 권고되지 않으며 평소 생활에서 수분 섭취와 충분한 휴식을 권장한다.",
        "id": "sample_002_0037_000152",
        "annotations": []
    }
]