[
    {
        "sentence": "병원기록 문서번호는 40이다.",
        "id": "sample_002_0040_000001",
        "annotations": []
    },
    {
        "sentence": "작성병동 작성부서는 내과이다.",
        "id": "sample_002_0040_000002",
        "annotations": []
    },
    {
        "sentence": "환자명 이현우.",
        "id": "sample_002_0040_000003",
        "annotations": [
            {
                "word": "이현우",
                "start": 4,
                "end": 7,
                "label": "개인정보"
            }
        ]
    },
    {
        "sentence": "생년 1987년.",
        "id": "sample_002_0040_000004",
        "annotations": [
            {
                "word": "1987년",
                "start": 3,
                "end": 8,
                "label": "준식별자"
            }
        ]
    },
    {
        "sentence": "생월 11월.",
        "id": "sample_002_0040_000005",
        "annotations": [
            {
                "word": "11월",
                "start": 3,
                "end": 6,
                "label": "준식별자"
            }
        ]
    },
    {
        "sentence": "생일 03일.",
        "id": "sample_002_0040_000006",
        "annotations": [
            {
                "word": "03일",
                "start": 3,
                "end": 6,
                "label": "준식별자"
            }
        ]
    },
    {
        "sentence": "성별 남성.",
        "id": "sample_002_0040_000007",
        "annotations": [
            {
                "word": "남성",
                "start": 3,
                "end": 5,
                "label": "준식별자"
            }
        ]
    },
    {
        "sentence": "연락처 010-5321-9182.",
        "id": "sample_002_0040_000008",
        "annotations": [
            {
                "word": "010-5321-9182",
                "start": 4,
                "end": 17,
                "label": "개인정보"
            }
        ]
    },
    {
        "sentence": "주소 서울특별시.",
        "id": "sample_002_0040_000009",
        "annotations": [
            {
                "word": "서울특별시",
                "start": 3,
                "end": 8,
                "label": "준식별자"
            }
        ]
    },
    {
        "sentence": "주소 강남구.",
        "id": "sample_002_0040_000010",
        "annotations": [
            {
                "word": "강남구",
                "start": 3,
                "end": 6,
                "label": "준식별자"
            }
        ]
    },
    {
        "sentence": "주소 삼성동.",
        "id": "sample_002_0040_000011",
        "annotations": [
            {
                "word": "삼성동",
                "start": 3,
                "end": 6,
                "label": "준식별자"
            }
        ]
    },
    {
        "sentence": "주소 힐스테이트삼성.",
        "id": "sample_002_0040_000012",
        "annotations": [
            {
                "word": "힐스테이트삼성",
                "start": 3,
                "end": 10,
                "label": "준식별자"
            }
        ]
    },
    {
        "sentence": "주소 동호 203동 504호.",
        "id": "sample_002_0040_000013",
        "annotations": [
            {
                "word": "203동",
                "start": 6,
                "end": 10,
                "label": "준식별자"
            },
            {
                "word": "504호",
                "start": 11,
                "end": 15,
                "label": "준식별자"
            }
        ]
    },
    {
        "sentence": "보험정보 871103-1359274.",
        "id": "sample_002_0040_000014",
        "annotations": [
            {
                "word": "871103-1359274",
                "start": 5,
                "end": 19,
                "label": "개인정보"
            }
        ]
    },
    {
        "sentence": "내원일 2023-09-07.",
        "id": "sample_002_0040_000015",
        "annotations": [
            {
                "word": "2023-09-07",
                "start": 4,
                "end": 14,
                "label": "준식별자"
            }
        ]
    },
    {
        "sentence": "입원일 2023-09-07.",
        "id": "sample_002_0040_000016",
        "annotations": [
            {
                "word": "2023-09-07",
                "start": 4,
                "end": 14,
                "label": "준식별자"
            }
        ]
    },
    {
        "sentence": "퇴원일 미정.",
        "id": "sample_002_0040_000017",
        "annotations": []
    },
    {
        "sentence": "주요호소및증상 가슴 통증과 호흡곤란.",
        "id": "sample_002_0040_000018",
        "annotations": []
    },
    {
        "sentence": "발병일 2023-09-06.",
        "id": "sample_002_0040_000019",
        "annotations": [
            {
                "word": "2023-09-06",
                "start": 4,
                "end": 14,
                "label": "준식별자"
            }
        ]
    },
    {
        "sentence": "기저질환 고혈압 당뇨병 없음.",
        "id": "sample_002_0040_000020",
        "annotations": []
    },
    {
        "sentence": "현재복용약물 없음.",
        "id": "sample_002_0040_000021",
        "annotations": []
    },
    {
        "sentence": "과거수술력 없음.",
        "id": "sample_002_0040_000022",
        "annotations": []
    },
    {
        "sentence": "알레르기정보 없음.",
        "id": "sample_002_0040_000023",
        "annotations": []
    },
    {
        "sentence": "흡연/음주력 비흡연 과음 안함.",
        "id": "sample_002_0040_000024",
        "annotations": []
    },
    {
        "sentence": "직업 소프트웨어 개발자.",
        "id": "sample_002_0040_000025",
        "annotations": [
            {
                "word": "소프트웨어 개발자",
                "start": 3,
                "end": 12,
                "label": "준식별자"
            }
        ]
    },
    {
        "sentence": "활력징후 체온 37.2도.",
        "id": "sample_002_0040_000026",
        "annotations": []
    },
    {
        "sentence": "맥박 84회분.",
        "id": "sample_002_0040_000027",
        "annotations": []
    },
    {
        "sentence": "호흡 20회분.",
        "id": "sample_002_0040_000028",
        "annotations": []
    },
    {
        "sentence": "혈압 138/86 mmHg.",
        "id": "sample_002_0040_000029",
        "annotations": []
    },
    {
        "sentence": "SpO2 96퍼센트.",
        "id": "sample_002_0040_000030",
        "annotations": []
    },
    {
        "sentence": "신체검사 HEENT 검사에서 특이소견 없음.",
        "id": "sample_002_0040_000031",
        "annotations": []
    },
    {
        "sentence": "흉부 호흡음 감소 소견 우측 하부.",
        "id": "sample_002_0040_000032",
        "annotations": []
    },
    {
        "sentence": "복부 부드럽고 압통 없음.",
        "id": "sample_002_0040_000033",
        "annotations": []
    },
    {
        "sentence": "사지 피부 창백하지 않음.",
        "id": "sample_002_0040_000034",
        "annotations": []
    },
    {
        "sentence": "혈액검사 백혈구 8.5 CRP 1.2 크레아티닌 정상.",
        "id": "sample_002_0040_000035",
        "annotations": []
    },
    {
        "sentence": "영상검사 흉부단순촬영 우측무기폐 소견.",
        "id": "sample_002_0040_000036",
        "annotations": []
    },
    {
        "sentence": "신속검사 호흡기패널 음성.",
        "id": "sample_002_0040_000037",
        "annotations": []
    },
    {
        "sentence": "임상진단 급성 기관지염 가능성.",
        "id": "sample_002_0040_000038",
        "annotations": []
    },
    {
        "sentence": "치료계획 산소치료 및 진통제 투여.",
        "id": "sample_002_0040_000039",
        "annotations": []
    },
    {
        "sentence": "약물처방 아세트아미노펜 500mg 하루 3회 5일.",
        "id": "sample_002_0040_000040",
        "annotations": []
    },
    {
        "sentence": "추적관찰및재방문계획 3일 후 외래 내원 예정.",
        "id": "sample_002_0040_000041",
        "annotations": [
            {
                "word": "3일 후",
                "start": 11,
                "end": 15,
                "label": "준식별자"
            }
        ]
    },
    {
        "sentence": "환자교육내용 흡연 금지 및 충분한 휴식 권고.",
        "id": "sample_002_0040_000042",
        "annotations": []
    },
    {
        "sentence": "진료담당의 김민수.",
        "id": "sample_002_0040_000043",
        "annotations": [
            {
                "word": "김민수",
                "start": 6,
                "end": 9,
                "label": "개인정보"
            }
        ]
    },
    {
        "sentence": "작성일 2023-09-07.",
        "id": "sample_002_0040_000044",
        "annotations": [
            {
                "word": "2023-09-07",
                "start": 4,
                "end": 14,
                "label": "준식별자"
            }
        ]
    },
    {
        "sentence": "진료노트및특이사항 환자는 증상 호소 후 즉시 내원하였다.",
        "id": "sample_002_0040_000045",
        "annotations": []
    },
    {
        "sentence": "병원 내부 연락처 031-555-1010.",
        "id": "sample_002_0040_000046",
        "annotations": [
            {
                "word": "031-555-1010",
                "start": 10,
                "end": 22,
                "label": "기밀정보"
            },
            {
                "word": "031-555-1010",
                "start": 10,
                "end": 22,
                "label": "개인정보"
            }
        ]
    },
    {
        "sentence": "시스템관리자 이메일 youngsun.kim@hanbitsolutions.com.",
        "id": "sample_002_0040_000047",
        "annotations": [
            {
                "word": "youngsun.kim@hanbitsolutions.com",
                "start": 11,
                "end": 43,
                "label": "기밀정보"
            },
            {
                "word": "youngsun.kim@hanbitsolutions.com",
                "start": 11,
                "end": 43,
                "label": "개인정보"
            }
        ]
    },
    {
        "sentence": "상태 관찰 기록 049 환자는 내원 초기에 불안을 호소하였으나 처치 후 안정되었다.",
        "id": "sample_002_0040_000048",
        "annotations": []
    },
    {
        "sentence": "상태 관찰 기록 050 통증 점수는 10점 기준으로 6점에서 3점으로 호전되었다.",
        "id": "sample_002_0040_000049",
        "annotations": []
    },
    {
        "sentence": "상태 관찰 기록 051 산소치료 시작 후 SpO2가 92퍼센트에서 96퍼센트로 상승하였다.",
        "id": "sample_002_0040_000050",
        "annotations": []
    },
    {
        "sentence": "상태 관찰 기록 052 혈압은 지속적으로 130대에서 유지되었다.",
        "id": "sample_002_0040_000051",
        "annotations": []
    },
    {
        "sentence": "상태 관찰 기록 053 심전도 검사는 특이 소견을 보이지 않았다.",
        "id": "sample_002_0040_000052",
        "annotations": []
    },
    {
        "sentence": "상태 관찰 기록 054 추가 혈액검사 결과는 심근효소 정상 범위였다.",
        "id": "sample_002_0040_000053",
        "annotations": []
    },
    {
        "sentence": "상태 관찰 기록 055 흉부 영상에서 폐야의 경미한 침윤 소견이 관찰되었다.",
        "id": "sample_002_0040_000054",
        "annotations": []
    },
    {
        "sentence": "상태 관찰 기록 056 환자에게 흡연력 여부를 재확인하였고 이전에 금연 중임을 확인하였다.",
        "id": "sample_002_0040_000055",
        "annotations": []
    },
    {
        "sentence": "상태 관찰 기록 057 약물 투여 후 알레르기 반응은 관찰되지 않았다.",
        "id": "sample_002_0040_000056",
        "annotations": []
    },
    {
        "sentence": "상태 관찰 기록 058 환자에게 휴식과 충분한 수분 섭취를 권고하였다.",
        "id": "sample_002_0040_000057",
        "annotations": []
    },
    {
        "sentence": "상태 관찰 기록 059 간호기록에 통증 감소 소견을 기재하였다.",
        "id": "sample_002_0040_000058",
        "annotations": []
    },
    {
        "sentence": "상태 관찰 기록 060 야간 관찰 중 호흡곤란 악화 소견은 없었다.",
        "id": "sample_002_0040_000059",
        "annotations": []
    },
    {
        "sentence": "상태 관찰 기록 061 필요시 흉부 CT를 시행하여 자세히 평가할 계획이다.",
        "id": "sample_002_0040_000060",
        "annotations": []
    },
    {
        "sentence": "상태 관찰 기록 062 외래 전 추적검사로 흉부 방사선 촬영을 시행하기로 결정하였다.",
        "id": "sample_002_0040_000061",
        "annotations": []
    },
    {
        "sentence": "상태 관찰 기록 063 환자의 주요 증상은 야간에 악화되는 경향을 보였다.",
        "id": "sample_002_0040_000062",
        "annotations": []
    },
    {
        "sentence": "상태 관찰 기록 064 산소 공급 중 피부 색 변화나 발한은 관찰되지 않았다.",
        "id": "sample_002_0040_000063",
        "annotations": []
    },
    {
        "sentence": "상태 관찰 기록 065 간호사는 호흡 재활 운동을 교육하였다.",
        "id": "sample_002_0040_000064",
        "annotations": []
    },
    {
        "sentence": "상태 관찰 기록 066 환자는 가벼운 기침과 가래를 동반하였다.",
        "id": "sample_002_0040_000065",
        "annotations": []
    },
    {
        "sentence": "상태 관찰 기록 067 일상 생활 수행 능도는 경미한 제한을 보였다.",
        "id": "sample_002_0040_000066",
        "annotations": []
    },
    {
        "sentence": "상태 관찰 기록 068 가정에서의 약물 복용 방법을 교육하였다.",
        "id": "sample_002_0040_000067",
        "annotations": []
    },
    {
        "sentence": "상태 관찰 기록 069 환자는 약 복용 후 졸림을 호소하였다.",
        "id": "sample_002_0040_000068",
        "annotations": []
    },
    {
        "sentence": "상태 관찰 기록 070 졸림 증상은 투약 후 관찰 기간에 점차 완화되었다.",
        "id": "sample_002_0040_000069",
        "annotations": []
    },
    {
        "sentence": "상태 관찰 기록 071 이후 경과 관찰을 위해 전화 상담 일정을 잡았다.",
        "id": "sample_002_0040_000070",
        "annotations": []
    },
    {
        "sentence": "상태 관찰 기록 072 통증 조절을 위해 추가 처방을 고려 중이다.",
        "id": "sample_002_0040_000071",
        "annotations": []
    },
    {
        "sentence": "상태 관찰 기록 073 환자는 이전에 위장 관련 증상이 없었음을 보고하였다.",
        "id": "sample_002_0040_000072",
        "annotations": []
    },
    {
        "sentence": "상태 관찰 기록 074 필요 시 소화기 내과와의 협진을 계획하였다.",
        "id": "sample_002_0040_000073",
        "annotations": []
    },
    {
        "sentence": "상태 관찰 기록 075 환자 및 보호자에게 응급상황 시 연락방법을 설명하였다.",
        "id": "sample_002_0040_000074",
        "annotations": []
    },
    {
        "sentence": "상태 관찰 기록 076 검사 결과는 전반적으로 경증의 염증 반응을 시사하였다.",
        "id": "sample_002_0040_000075",
        "annotations": []
    },
    {
        "sentence": "상태 관찰 기록 077 진료팀은 매일 아침 경과 회의를 실시하였다.",
        "id": "sample_002_0040_000076",
        "annotations": []
    },
    {
        "sentence": "상태 관찰 기록 078 검사 샘플은 지정된 전송 절차에 따라 보관되었다.",
        "id": "sample_002_0040_000077",
        "annotations": []
    },
    {
        "sentence": "상태 관찰 기록 079 추가 항생제 치료는 임상 소견에 따라 결정될 것이다.",
        "id": "sample_002_0040_000078",
        "annotations": []
    },
    {
        "sentence": "상태 관찰 기록 080 환자는 식욕이 다소 감소하였으나 수분 섭취는 양호하였다.",
        "id": "sample_002_0040_000079",
        "annotations": []
    },
    {
        "sentence": "상태 관찰 기록 081 물리치료가 필요하다고 판단되어 의뢰하였고 초기 평가를 진행하였다.",
        "id": "sample_002_0040_000080",
        "annotations": []
    },
    {
        "sentence": "상태 관찰 기록 082 통증 완화에 대한 환자 만족도는 중간 수준이었다.",
        "id": "sample_002_0040_000081",
        "annotations": []
    },
    {
        "sentence": "상태 관찰 기록 083 의료진은 환자의 수면 패턴에 대해 문진을 실시하였다.",
        "id": "sample_002_0040_000082",
        "annotations": []
    },
    {
        "sentence": "상태 관찰 기록 084 환자의 생활습관 개선을 위해 상담 자료를 제공하였다.",
        "id": "sample_002_0040_000083",
        "annotations": []
    },
    {
        "sentence": "상태 관찰 기록 085 외래 방문 시 혈압과 체중 측정을 권고하였다.",
        "id": "sample_002_0040_000084",
        "annotations": []
    },
    {
        "sentence": "상태 관찰 기록 086 환자는 직장에서의 스트레스를 호소하였다.",
        "id": "sample_002_0040_000085",
        "annotations": []
    },
    {
        "sentence": "상태 관찰 기록 087 정신건강 상담이 필요할 경우 연계할 예정임을 알렸다.",
        "id": "sample_002_0040_000086",
        "annotations": []
    },
    {
        "sentence": "상태 관찰 기록 088 약물의 부작용 가능성에 대해 설명을 제공하였다.",
        "id": "sample_002_0040_000087",
        "annotations": []
    },
    {
        "sentence": "상태 관찰 기록 089 환자의 통증 위치와 양상을 상세히 기록하였다.",
        "id": "sample_002_0040_000088",
        "annotations": []
    },
    {
        "sentence": "상태 관찰 기록 090 혈압 변동 시 기록을 유지하고 추적하기로 하였다.",
        "id": "sample_002_0040_000089",
        "annotations": []
    },
    {
        "sentence": "상태 관찰 기록 091 호흡곤란 악화 시 즉시 응급실 방문을 권고하였다.",
        "id": "sample_002_0040_000090",
        "annotations": []
    },
    {
        "sentence": "상태 관찰 기록 092 검사 의뢰서와 탁송 기록은 병동 전산에 입력되었다.",
        "id": "sample_002_0040_000091",
        "annotations": []
    },
    {
        "sentence": "상태 관찰 기록 093 간호 기록에 약물 투여 시각을 정확히 기재하였다.",
        "id": "sample_002_0040_000092",
        "annotations": []
    },
    {
        "sentence": "상태 관찰 기록 094 환자 복용 이력은 전자의무기록에 등록되었다.",
        "id": "sample_002_0040_000093",
        "annotations": []
    },
    {
        "sentence": "상태 관찰 기록 095 당일 아침 채혈은 정상 범위의 혈액소견을 보였다.",
        "id": "sample_002_0040_000094",
        "annotations": []
    },
    {
        "sentence": "상태 관찰 기록 096 영상의학과와 협의하여 판독 소견을 확인하였다.",
        "id": "sample_002_0040_000095",
        "annotations": []
    },
    {
        "sentence": "상태 관찰 기록 097 환자에게 금식 지시가 필요한 경우 별도로 안내하였다.",
        "id": "sample_002_0040_000096",
        "annotations": []
    },
    {
        "sentence": "상태 관찰 기록 098 필요 시 심장효소 검사를 반복하기로 하였다.",
        "id": "sample_002_0040_000097",
        "annotations": []
    },
    {
        "sentence": "상태 관찰 기록 099 추후 검사 결과에 따라 치료 변경을 고려한다.",
        "id": "sample_002_0040_000098",
        "annotations": []
    },
    {
        "sentence": "상태 관찰 기록 100 환자 가족과의 면담을 통해 병력 정보를 확인하였다.",
        "id": "sample_002_0040_000099",
        "annotations": []
    },
    {
        "sentence": "상태 관찰 기록 101 환자 상태에 대한 서면 요약을 제공하였다.",
        "id": "sample_002_0040_000100",
        "annotations": []
    },
    {
        "sentence": "상태 관찰 기록 102 외래 예약은 진료부 직원이 조정하였다.",
        "id": "sample_002_0040_000101",
        "annotations": []
    },
    {
        "sentence": "상태 관찰 기록 103 약 처방전은 전산 시스템을 통해 출력되었다.",
        "id": "sample_002_0040_000102",
        "annotations": []
    },
    {
        "sentence": "상태 관찰 기록 104 퇴원 시 처방 약 목록을 환자에게 설명할 예정이다.",
        "id": "sample_002_0040_000103",
        "annotations": []
    },
    {
        "sentence": "상태 관찰 기록 105 퇴원 후 증상 악화 시 즉시 연락하도록 안내하였다.",
        "id": "sample_002_0040_000104",
        "annotations": []
    },
    {
        "sentence": "상태 관찰 기록 106 외래 방문 전 검사를 사전 안내하였다.",
        "id": "sample_002_0040_000105",
        "annotations": []
    },
    {
        "sentence": "상태 관찰 기록 107 약물 투약 스케줄을 환자와 함께 확인하였다.",
        "id": "sample_002_0040_000106",
        "annotations": []
    },
    {
        "sentence": "상태 관찰 기록 108 환자의 수면과 휴식 패턴을 개선하도록 권고하였다.",
        "id": "sample_002_0040_000107",
        "annotations": []
    },
    {
        "sentence": "상태 관찰 기록 109 추가 검사 결과는 전산에 업로드되었다.",
        "id": "sample_002_0040_000108",
        "annotations": []
    },
    {
        "sentence": "상태 관찰 기록 110 검사 결과는 주치의가 최종 확인하였다.",
        "id": "sample_002_0040_000109",
        "annotations": []
    },
    {
        "sentence": "상태 관찰 기록 111 환자의 통증은 점차 경감되는 추세였다.",
        "id": "sample_002_0040_000110",
        "annotations": []
    },
    {
        "sentence": "상태 관찰 기록 112 응급 상황 발생 시 행동 요령을 문서로 제공하였다.",
        "id": "sample_002_0040_000111",
        "annotations": []
    },
    {
        "sentence": "상태 관찰 기록 113 환자에게 혈압 측정 방법 교육을 실시하였다.",
        "id": "sample_002_0040_000112",
        "annotations": []
    },
    {
        "sentence": "상태 관찰 기록 114 호흡곤란 개선을 위해 자세 변경을 권장하였다.",
        "id": "sample_002_0040_000113",
        "annotations": []
    },
    {
        "sentence": "상태 관찰 기록 115 필요 시 산소 농도 조절을 시행하였다.",
        "id": "sample_002_0040_000114",
        "annotations": []
    },
    {
        "sentence": "상태 관찰 기록 116 환자에게 흡입제 사용법을 교육하였다.",
        "id": "sample_002_0040_000115",
        "annotations": []
    },
    {
        "sentence": "상태 관찰 기록 117 증상 기록지를 작성하여 다음 방문 시 지참하도록 요청하였다.",
        "id": "sample_002_0040_000116",
        "annotations": []
    },
    {
        "sentence": "상태 관찰 기록 118 간호팀은 환자 상태를 4시간 간격으로 점검하였다.",
        "id": "sample_002_0040_000117",
        "annotations": []
    },
    {
        "sentence": "상태 관찰 기록 119 환자는 통증 완화를 위해 온찜질을 시도하였다.",
        "id": "sample_002_0040_000118",
        "annotations": []
    },
    {
        "sentence": "상태 관찰 기록 120 치료에 대한 환자의 이해도를 확인하였다.",
        "id": "sample_002_0040_000119",
        "annotations": []
    },
    {
        "sentence": "상태 관찰 기록 121 치료 계획 변경 시 환자 동의를 얻었다.",
        "id": "sample_002_0040_000120",
        "annotations": []
    },
    {
        "sentence": "상태 관찰 기록 122 환자에게 필요한 생활관리 지침을 제공하였다.",
        "id": "sample_002_0040_000121",
        "annotations": []
    },
    {
        "sentence": "상태 관찰 기록 123 귀가 후 증상 악화 시 대처 방법을 설명하였다.",
        "id": "sample_002_0040_000122",
        "annotations": []
    },
    {
        "sentence": "상태 관찰 기록 124 다음 진료 예약은 진료보조 직원이 전화로 확인하였다.",
        "id": "sample_002_0040_000123",
        "annotations": []
    },
    {
        "sentence": "상태 관찰 기록 125 환자는 평상시 복용 중인 약물 목록을 제공하였다.",
        "id": "sample_002_0040_000124",
        "annotations": []
    },
    {
        "sentence": "상태 관찰 기록 126 투약 후 구역질이 발생하여 관찰하였다.",
        "id": "sample_002_0040_000125",
        "annotations": []
    },
    {
        "sentence": "상태 관찰 기록 127 환자는 자신의 병력에 대해 상세히 설명하였다.",
        "id": "sample_002_0040_000126",
        "annotations": []
    },
    {
        "sentence": "상태 관찰 기록 128 검사 결과에 따른 약물 조정이 필요하다고 판단되었다.",
        "id": "sample_002_0040_000127",
        "annotations": []
    },
    {
        "sentence": "상태 관찰 기록 129 의사소견서 작성이 필요하여 관련 정보를 수집하였다.",
        "id": "sample_002_0040_000128",
        "annotations": []
    },
    {
        "sentence": "상태 관찰 기록 130 환자의 증상 악화 요인을 평가하였다.",
        "id": "sample_002_0040_000129",
        "annotations": []
    },
    {
        "sentence": "상태 관찰 기록 131 재활치료 필요성을 평가하여 의뢰하였다.",
        "id": "sample_002_0040_000130",
        "annotations": []
    },
    {
        "sentence": "상태 관찰 기록 132 영양 상태 평가를 위해 영양팀과 협의하였다.",
        "id": "sample_002_0040_000131",
        "annotations": []
    },
    {
        "sentence": "상태 관찰 기록 133 환자의 활동량 증감을 기록하였다.",
        "id": "sample_002_0040_000132",
        "annotations": []
    },
    {
        "sentence": "상태 관찰 기록 134 진료 과정에서 특이사항은 별도 메모로 남겼다.",
        "id": "sample_002_0040_000133",
        "annotations": []
    },
    {
        "sentence": "상태 관찰 기록 135 당일 투약 후 즉각적인 이상반응은 없었다.",
        "id": "sample_002_0040_000134",
        "annotations": []
    },
    {
        "sentence": "상태 관찰 기록 136 추가 검사 예정 시 필요한 동의를 받았다.",
        "id": "sample_002_0040_000135",
        "annotations": []
    },
    {
        "sentence": "상태 관찰 기록 137 환자 보관용 교육 자료를 전달하였다.",
        "id": "sample_002_0040_000136",
        "annotations": []
    },
    {
        "sentence": "상태 관찰 기록 138 필요 시 전문가 상담을 연결할 계획이다.",
        "id": "sample_002_0040_000137",
        "annotations": []
    },
    {
        "sentence": "상태 관찰 기록 139 호흡 재활 프로그램 참여를 권고하였다.",
        "id": "sample_002_0040_000138",
        "annotations": []
    },
    {
        "sentence": "상태 관찰 기록 140 환자의 치료 반응은 양호하였다.",
        "id": "sample_002_0040_000139",
        "annotations": []
    },
    {
        "sentence": "상태 관찰 기록 141 다음 외래 방문 시 추가 검사 일정을 안내하였다.",
        "id": "sample_002_0040_000140",
        "annotations": []
    },
    {
        "sentence": "상태 관찰 기록 142 환자와 보호자의 이해 여부를 재확인하였다.",
        "id": "sample_002_0040_000141",
        "annotations": []
    },
    {
        "sentence": "상태 관찰 기록 143 환자 상태 변화 시 즉시 의료진에게 보고하도록 하였다.",
        "id": "sample_002_0040_000142",
        "annotations": []
    },
    {
        "sentence": "상태 관찰 기록 144 기타 필요한 사항은 진료팀에서 조정하였다.",
        "id": "sample_002_0040_000143",
        "annotations": []
    },
    {
        "sentence": "상태 관찰 기록 145 처치 후 환자는 안정을 되찾았다.",
        "id": "sample_002_0040_000144",
        "annotations": []
    },
    {
        "sentence": "상태 관찰 기록 146 환자 교육 자료에 관한 추가 질문을 받았다.",
        "id": "sample_002_0040_000145",
        "annotations": []
    },
    {
        "sentence": "상태 관찰 기록 147 외래 진료 시 증상 변화를 상세히 기록하기로 하였다.",
        "id": "sample_002_0040_000146",
        "annotations": []
    },
    {
        "sentence": "상태 관찰 기록 148 진료 기록은 전자의무기록 시스템에 안전하게 저장되었다.",
        "id": "sample_002_0040_000147",
        "annotations": []
    },
    {
        "sentence": "상태 관찰 기록 149 환자의 직업적 특성을 고려한 상담을 진행하였다.",
        "id": "sample_002_0040_000148",
        "annotations": []
    },
    {
        "sentence": "상태 관찰 기록 150 증상 발생 시 초기 대응 요령을 안내하였다.",
        "id": "sample_002_0040_000149",
        "annotations": []
    },
    {
        "sentence": "상태 관찰 기록 151 환자 상태 추적을 위해 간호사가 통화 점검을 실시하였다.",
        "id": "sample_002_0040_000150",
        "annotations": []
    },
    {
        "sentence": "상태 관찰 기록 152 필요한 경우 가족 상담을 권유하였다.",
        "id": "sample_002_0040_000151",
        "annotations": []
    },
    {
        "sentence": "상태 관찰 기록 153 외래 진료 시 복약 순응도를 확인하기로 하였다.",
        "id": "sample_002_0040_000152",
        "annotations": []
    },
    {
        "sentence": "상태 관찰 기록 154 환자 스스로 기록한 증상 일지를 검토하였다.",
        "id": "sample_002_0040_000153",
        "annotations": []
    },
    {
        "sentence": "상태 관찰 기록 155 주치의는 검사 소견을 토대로 치료 계획을 재검토하였다.",
        "id": "sample_002_0040_000154",
        "annotations": []
    },
    {
        "sentence": "상태 관찰 기록 156 환자에게 증상 완화를 위한 자가 관리법을 설명하였다.",
        "id": "sample_002_0040_000155",
        "annotations": []
    },
    {
        "sentence": "상태 관찰 기록 157 통증 조절을 위해 약물 용량을 조절하였다.",
        "id": "sample_002_0040_000156",
        "annotations": []
    },
    {
        "sentence": "상태 관찰 기록 158 치료 경과에 따라 추가 상담을 시행할 예정이다.",
        "id": "sample_002_0040_000157",
        "annotations": []
    },
    {
        "sentence": "상태 관찰 기록 159 환자는 일상으로의 복귀를 희망하였다.",
        "id": "sample_002_0040_000158",
        "annotations": []
    },
    {
        "sentence": "상태 관찰 기록 160 퇴원 후 추적 관찰 일정에 대해 합의하였다.",
        "id": "sample_002_0040_000159",
        "annotations": []
    },
    {
        "sentence": "상태 관찰 기록 161 필요 시 지역 보건소와 연계할 예정이다.",
        "id": "sample_002_0040_000160",
        "annotations": []
    },
    {
        "sentence": "상태 관찰 기록 162 환자 상태에 대한 요약 보고서를 작성하였다.",
        "id": "sample_002_0040_000161",
        "annotations": []
    },
    {
        "sentence": "상태 관찰 기록 163 외래 방문 시 검사 결과를 재확인하였다.",
        "id": "sample_002_0040_000162",
        "annotations": []
    },
    {
        "sentence": "상태 관찰 기록 164 환자에게 생활 습관 개선을 위한 구체적인 지침을 제시하였다.",
        "id": "sample_002_0040_000163",
        "annotations": []
    },
    {
        "sentence": "상태 관찰 기록 165 치료 종료 후 추적 관찰 계획을 안내하였다.",
        "id": "sample_002_0040_000164",
        "annotations": []
    },
    {
        "sentence": "상태 관찰 기록 166 환자의 가족력에 대해 추가 문진을 실시하였다.",
        "id": "sample_002_0040_000165",
        "annotations": []
    },
    {
        "sentence": "상태 관찰 기록 167 환자에게 스트레스 관리법을 교육하였다.",
        "id": "sample_002_0040_000166",
        "annotations": []
    },
    {
        "sentence": "상태 관찰 기록 168 환자 상태를 고려해 업무 복귀 시기를 조정하기로 하였다.",
        "id": "sample_002_0040_000167",
        "annotations": []
    },
    {
        "sentence": "상태 관찰 기록 169 환자는 치료 과정을 긍정적으로 평가하였다.",
        "id": "sample_002_0040_000168",
        "annotations": []
    },
    {
        "sentence": "상태 관찰 기록 170 치료 중 발생한 경미한 부작용은 관리되었다.",
        "id": "sample_002_0040_000169",
        "annotations": []
    },
    {
        "sentence": "상태 관찰 기록 171 환자 증상에 관한 추가 질문을 접수하였다.",
        "id": "sample_002_0040_000170",
        "annotations": []
    },
    {
        "sentence": "상태 관찰 기록 172 진료팀은 환자 상태를 주기적으로 검토하기로 하였다.",
        "id": "sample_002_0040_000171",
        "annotations": []
    },
    {
        "sentence": "상태 관찰 기록 173 환자에게 운동 요법을 권고하였다.",
        "id": "sample_002_0040_000172",
        "annotations": []
    },
    {
        "sentence": "상태 관찰 기록 174 의료진은 기록된 모든 데이터를 검토하였다.",
        "id": "sample_002_0040_000173",
        "annotations": []
    },
    {
        "sentence": "상태 관찰 기록 175 필요 시 추가 전문과와의 상담을 진행하였다.",
        "id": "sample_002_0040_000174",
        "annotations": []
    },
    {
        "sentence": "상태 관찰 기록 176 환자 증상에 따른 우선 순위를 설정하였다.",
        "id": "sample_002_0040_000175",
        "annotations": []
    },
    {
        "sentence": "상태 관찰 기록 177 최종 진단은 추적 검사 후 확정될 예정이다.",
        "id": "sample_002_0040_000176",
        "annotations": []
    },
    {
        "sentence": "상태 관찰 기록 178 약물 복용 시 주의사항을 재차 설명하였다.",
        "id": "sample_002_0040_000177",
        "annotations": []
    },
    {
        "sentence": "상태 관찰 기록 179 환자의 상태는 점차 안정화되었다.",
        "id": "sample_002_0040_000178",
        "annotations": []
    },
    {
        "sentence": "상태 관찰 기록 180 치료 전후의 상태를 비교하여 기록하였다.",
        "id": "sample_002_0040_000179",
        "annotations": []
    },
    {
        "sentence": "상태 관찰 기록 181 환자 교육을 위한 자료를 전자 파일로 제공하였다.",
        "id": "sample_002_0040_000180",
        "annotations": []
    },
    {
        "sentence": "상태 관찰 기록 182 환자의 상태 변화는 간호 전산에 즉시 입력되었다.",
        "id": "sample_002_0040_000181",
        "annotations": []
    },
    {
        "sentence": "상태 관찰 기록 183 통증 완화 후 일상 생활에서의 변화가 관찰되었다.",
        "id": "sample_002_0040_000182",
        "annotations": []
    },
    {
        "sentence": "상태 관찰 기록 184 환자와 보호자의 의견을 진료 회의에서 반영하였다.",
        "id": "sample_002_0040_000183",
        "annotations": []
    },
    {
        "sentence": "상태 관찰 기록 185 치료 팀은 환자 상황에 맞춰 유연하게 대응하였다.",
        "id": "sample_002_0040_000184",
        "annotations": []
    },
    {
        "sentence": "상태 관찰 기록 186 이후 경과에 따라 치료 계획을 수정할 수 있다.",
        "id": "sample_002_0040_000185",
        "annotations": []
    },
    {
        "sentence": "상태 관찰 기록 187 환자 복약 이력은 의료진이 공유하였다.",
        "id": "sample_002_0040_000186",
        "annotations": []
    },
    {
        "sentence": "상태 관찰 기록 188 환자 상태에 대한 정기적인 문서화를 시행하였다.",
        "id": "sample_002_0040_000187",
        "annotations": []
    },
    {
        "sentence": "상태 관찰 기록 189 환자에게 다음 방문 시 준비물 목록을 전달하였다.",
        "id": "sample_002_0040_000188",
        "annotations": []
    },
    {
        "sentence": "상태 관찰 기록 190 검사 결과에 따라 추가적인 전문 검사 의뢰가 필요하다.",
        "id": "sample_002_0040_000189",
        "annotations": []
    },
    {
        "sentence": "상태 관찰 기록 191 환자의 생활 환경을 고려한 지지 방안을 모색하였다.",
        "id": "sample_002_0040_000190",
        "annotations": []
    },
    {
        "sentence": "상태 관찰 기록 192 환자의 증상 변화는 전화로 모니터링하였다.",
        "id": "sample_002_0040_000191",
        "annotations": []
    },
    {
        "sentence": "상태 관찰 기록 193 필요 시 심리적 지원을 연계할 예정이다.",
        "id": "sample_002_0040_000192",
        "annotations": []
    },
    {
        "sentence": "상태 관찰 기록 194 치료 후 환자의 만족도를 평가하였다.",
        "id": "sample_002_0040_000193",
        "annotations": []
    },
    {
        "sentence": "상태 관찰 기록 195 퇴원 당일 교육 내용을 요약하여 제공하였다.",
        "id": "sample_002_0040_000194",
        "annotations": []
    },
    {
        "sentence": "상태 관찰 기록 196 환자와 보호자의 질문에 대한 서면 답변을 준비하였다.",
        "id": "sample_002_0040_000195",
        "annotations": []
    },
    {
        "sentence": "상태 관찰 기록 197 이후 추적 관찰을 통해 상태 변화를 모니터링한다.",
        "id": "sample_002_0040_000196",
        "annotations": []
    },
    {
        "sentence": "상태 관찰 기록 198 외래 방문 전 필요한 검사를 사전 안내하였다.",
        "id": "sample_002_0040_000197",
        "annotations": []
    },
    {
        "sentence": "상태 관찰 기록 199 환자가 보고한 증상과 관찰 소견을 비교 검토하였다.",
        "id": "sample_002_0040_000198",
        "annotations": []
    },
    {
        "sentence": "상태 관찰 기록 200 환자 경과 관찰을 위해 팀 회의를 주기적으로 진행한다.",
        "id": "sample_002_0040_000199",
        "annotations": []
    },
    {
        "sentence": "상태 관찰 기록 201 환자 상태는 전반적으로 안정적이며 추가 관찰이 필요하다.",
        "id": "sample_002_0040_000200",
        "annotations": []
    }
]