[
    {
        "sentence": "병원기록 문서번호는 163입니다.",
        "id": "sample_002_0176_000001",
        "annotations": []
    },
    {
        "sentence": "작성병동/작성부서는 내과입니다.",
        "id": "sample_002_0176_000002",
        "annotations": []
    },
    {
        "sentence": "환자정보 환자명은 이재민입니다.",
        "id": "sample_002_0176_000003",
        "annotations": [
            {
                "word": "이재민",
                "start": 10,
                "end": 13,
                "label": "개인정보"
            }
        ]
    },
    {
        "sentence": "생년월일은 1977-08-08입니다.",
        "id": "sample_002_0176_000004",
        "annotations": [
            {
                "word": "1977-08-08",
                "start": 6,
                "end": 16,
                "label": "개인정보"
            }
        ]
    },
    {
        "sentence": "성별은 남성입니다.",
        "id": "sample_002_0176_000005",
        "annotations": []
    },
    {
        "sentence": "환자ID는 163-IM-20240621입니다.",
        "id": "sample_002_0176_000006",
        "annotations": [
            {
                "word": "163-IM-20240621",
                "start": 6,
                "end": 21,
                "label": "준식별자"
            }
        ]
    },
    {
        "sentence": "연락처는 010-3142-6578입니다.",
        "id": "sample_002_0176_000007",
        "annotations": [
            {
                "word": "010-3142-6578",
                "start": 5,
                "end": 18,
                "label": "기밀정보"
            }
        ]
    },
    {
        "sentence": "긴급연락처는 010-6677-8899입니다.",
        "id": "sample_002_0176_000008",
        "annotations": [
            {
                "word": "010-6677-8899",
                "start": 7,
                "end": 20,
                "label": "기밀정보"
            }
        ]
    },
    {
        "sentence": "주소는 부산광역시 연제구 연산동 연산삼성아파트 202동 903호입니다.",
        "id": "sample_002_0176_000009",
        "annotations": [
            {
                "word": "부산광역시 연제구 연산동 연산삼성아파트 202동 903호",
                "start": 4,
                "end": 35,
                "label": "준식별자"
            }
        ]
    },
    {
        "sentence": "보험정보는 770808-1539721입니다.",
        "id": "sample_002_0176_000010",
        "annotations": [
            {
                "word": "770808-1539721",
                "start": 6,
                "end": 20,
                "label": "개인정보"
            }
        ]
    },
    {
        "sentence": "진료정보 내원일은 2024-06-21입니다.",
        "id": "sample_002_0176_000011",
        "annotations": [
            {
                "word": "2024-06-21",
                "start": 10,
                "end": 20,
                "label": "준식별자"
            }
        ]
    },
    {
        "sentence": "입원일은 2024-06-21입니다.",
        "id": "sample_002_0176_000012",
        "annotations": [
            {
                "word": "2024-06-21",
                "start": 5,
                "end": 15,
                "label": "준식별자"
            }
        ]
    },
    {
        "sentence": "퇴원일은 2024-06-28입니다.",
        "id": "sample_002_0176_000013",
        "annotations": []
    },
    {
        "sentence": "주요호소및증상은 가슴 통증과 호흡곤란입니다.",
        "id": "sample_002_0176_000014",
        "annotations": []
    },
    {
        "sentence": "발병일은 2024-06-20입니다.",
        "id": "sample_002_0176_000015",
        "annotations": []
    },
    {
        "sentence": "기저질환으로 고혈압과 당뇨병이 있습니다.",
        "id": "sample_002_0176_000016",
        "annotations": []
    },
    {
        "sentence": "현재복용약물로 아스피린과 메트포르민을 복용 중입니다.",
        "id": "sample_002_0176_000017",
        "annotations": []
    },
    {
        "sentence": "과거수술력으로 충수돌기 제거술이 있습니다.",
        "id": "sample_002_0176_000018",
        "annotations": []
    },
    {
        "sentence": "알레르기정보는 없습니다.",
        "id": "sample_002_0176_000019",
        "annotations": []
    },
    {
        "sentence": "흡연력은 과거 20갑년이며 현재 금연 중입니다.",
        "id": "sample_002_0176_000020",
        "annotations": []
    },
    {
        "sentence": "음주력은 주말에 소주 1병 미만입니다.",
        "id": "sample_002_0176_000021",
        "annotations": []
    },
    {
        "sentence": "직업은 사무직입니다.",
        "id": "sample_002_0176_000022",
        "annotations": []
    },
    {
        "sentence": "활력징후 체온은 36.8도입니다.",
        "id": "sample_002_0176_000023",
        "annotations": []
    },
    {
        "sentence": "활력징후 맥박은 분당 82회입니다.",
        "id": "sample_002_0176_000024",
        "annotations": []
    },
    {
        "sentence": "활력징후 호흡은 분당 18회입니다.",
        "id": "sample_002_0176_000025",
        "annotations": []
    },
    {
        "sentence": "활력징후 혈압은 142에 88입니다.",
        "id": "sample_002_0176_000026",
        "annotations": []
    },
    {
        "sentence": "활력징후 SpO2는 94퍼센트입니다.",
        "id": "sample_002_0176_000027",
        "annotations": []
    },
    {
        "sentence": "신체검사결과 HEENT 특이소견은 없습니다.",
        "id": "sample_002_0176_000028",
        "annotations": []
    },
    {
        "sentence": "흉부 청진에서 좌측 기관지음이 감소되었습니다.",
        "id": "sample_002_0176_000029",
        "annotations": []
    },
    {
        "sentence": "복부 진찰에서 압통은 없었습니다.",
        "id": "sample_002_0176_000030",
        "annotations": []
    },
    {
        "sentence": "사지와 피부는 창백함 외에 특이소견 없습니다.",
        "id": "sample_002_0176_000031",
        "annotations": []
    },
    {
        "sentence": "검사결과 혈액검사에서 백혈구 수치가 약간 상승했습니다.",
        "id": "sample_002_0176_000032",
        "annotations": []
    },
    {
        "sentence": "영상검사 흉부 X선에서 좌하 폐야 비후 소견이 보였습니다.",
        "id": "sample_002_0176_000033",
        "annotations": []
    },
    {
        "sentence": "신속검사에서 C반응성단백질이 상승했습니다.",
        "id": "sample_002_0176_000034",
        "annotations": []
    },
    {
        "sentence": "임상진단은 급성 폐렴과 협심증 감별진단입니다.",
        "id": "sample_002_0176_000035",
        "annotations": []
    },
    {
        "sentence": "치료계획으로 항생제 투여와 심전도 모니터링 예정입니다.",
        "id": "sample_002_0176_000036",
        "annotations": []
    },
    {
        "sentence": "약물처방으로 세프트리악손 주사와 아세트아미노펜 경구제를 처방했습니다.",
        "id": "sample_002_0176_000037",
        "annotations": []
    },
    {
        "sentence": "추적관찰및재방문계획은 일주일 후 외래 추적입니다.",
        "id": "sample_002_0176_000038",
        "annotations": []
    },
    {
        "sentence": "환자교육내용으로 충분한 수분 섭취와 안정 권유를 설명했습니다.",
        "id": "sample_002_0176_000039",
        "annotations": []
    },
    {
        "sentence": "진료담당의는 김도현 내과전문의입니다.",
        "id": "sample_002_0176_000040",
        "annotations": []
    },
    {
        "sentence": "작성일은 2024-06-21입니다.",
        "id": "sample_002_0176_000041",
        "annotations": [
            {
                "word": "2024-06-21",
                "start": 5,
                "end": 15,
                "label": "준식별자"
            }
        ]
    },
    {
        "sentence": "진료노트및특이사항으로 통증 조절이 필요합니다.",
        "id": "sample_002_0176_000042",
        "annotations": []
    },
    {
        "sentence": "추가 관찰 소견 번호 043 환자는 안정적인 상태를 유지하고 있습니다.",
        "id": "sample_002_0176_000043",
        "annotations": []
    },
    {
        "sentence": "추가 관찰 소견 번호 044 환자는 안정적인 상태를 유지하고 있습니다.",
        "id": "sample_002_0176_000044",
        "annotations": []
    },
    {
        "sentence": "추가 관찰 소견 번호 045 환자는 안정적인 상태를 유지하고 있습니다.",
        "id": "sample_002_0176_000045",
        "annotations": []
    },
    {
        "sentence": "추가 관찰 소견 번호 046 환자는 안정적인 상태를 유지하고 있습니다.",
        "id": "sample_002_0176_000046",
        "annotations": []
    },
    {
        "sentence": "추가 관찰 소견 번호 047 환자는 안정적인 상태를 유지하고 있습니다.",
        "id": "sample_002_0176_000047",
        "annotations": []
    },
    {
        "sentence": "추가 관찰 소견 번호 048 환자는 안정적인 상태를 유지하고 있습니다.",
        "id": "sample_002_0176_000048",
        "annotations": []
    },
    {
        "sentence": "추가 관찰 소견 번호 049 환자는 안정적인 상태를 유지하고 있습니다.",
        "id": "sample_002_0176_000049",
        "annotations": []
    },
    {
        "sentence": "추가 관찰 소견 번호 050 환자는 안정적인 상태를 유지하고 있습니다.",
        "id": "sample_002_0176_000050",
        "annotations": []
    },
    {
        "sentence": "추가 관찰 소견 번호 051 환자는 안정적인 상태를 유지하고 있습니다.",
        "id": "sample_002_0176_000051",
        "annotations": []
    },
    {
        "sentence": "추가 관찰 소견 번호 052 환자는 안정적인 상태를 유지하고 있습니다.",
        "id": "sample_002_0176_000052",
        "annotations": []
    },
    {
        "sentence": "추가 관찰 소견 번호 053 환자는 안정적인 상태를 유지하고 있습니다.",
        "id": "sample_002_0176_000053",
        "annotations": []
    },
    {
        "sentence": "추가 관찰 소견 번호 054 환자는 안정적인 상태를 유지하고 있습니다.",
        "id": "sample_002_0176_000054",
        "annotations": []
    },
    {
        "sentence": "추가 관찰 소견 번호 055 환자는 안정적인 상태를 유지하고 있습니다.",
        "id": "sample_002_0176_000055",
        "annotations": []
    },
    {
        "sentence": "추가 관찰 소견 번호 056 환자는 안정적인 상태를 유지하고 있습니다.",
        "id": "sample_002_0176_000056",
        "annotations": []
    },
    {
        "sentence": "추가 관찰 소견 번호 057 환자는 안정적인 상태를 유지하고 있습니다.",
        "id": "sample_002_0176_000057",
        "annotations": []
    },
    {
        "sentence": "추가 관찰 소견 번호 058 환자는 안정적인 상태를 유지하고 있습니다.",
        "id": "sample_002_0176_000058",
        "annotations": []
    },
    {
        "sentence": "추가 관찰 소견 번호 059 환자는 안정적인 상태를 유지하고 있습니다.",
        "id": "sample_002_0176_000059",
        "annotations": []
    },
    {
        "sentence": "추가 관찰 소견 번호 060 환자는 안정적인 상태를 유지하고 있습니다.",
        "id": "sample_002_0176_000060",
        "annotations": []
    },
    {
        "sentence": "추가 관찰 소견 번호 061 환자는 안정적인 상태를 유지하고 있습니다.",
        "id": "sample_002_0176_000061",
        "annotations": []
    },
    {
        "sentence": "추가 관찰 소견 번호 062 환자는 안정적인 상태를 유지하고 있습니다.",
        "id": "sample_002_0176_000062",
        "annotations": []
    },
    {
        "sentence": "추가 관찰 소견 번호 063 환자는 안정적인 상태를 유지하고 있습니다.",
        "id": "sample_002_0176_000063",
        "annotations": []
    },
    {
        "sentence": "추가 관찰 소견 번호 064 환자는 안정적인 상태를 유지하고 있습니다.",
        "id": "sample_002_0176_000064",
        "annotations": []
    },
    {
        "sentence": "추가 관찰 소견 번호 065 환자는 안정적인 상태를 유지하고 있습니다.",
        "id": "sample_002_0176_000065",
        "annotations": []
    },
    {
        "sentence": "추가 관찰 소견 번호 066 환자는 안정적인 상태를 유지하고 있습니다.",
        "id": "sample_002_0176_000066",
        "annotations": []
    },
    {
        "sentence": "추가 관찰 소견 번호 067 환자는 안정적인 상태를 유지하고 있습니다.",
        "id": "sample_002_0176_000067",
        "annotations": []
    },
    {
        "sentence": "추가 관찰 소견 번호 068 환자는 안정적인 상태를 유지하고 있습니다.",
        "id": "sample_002_0176_000068",
        "annotations": []
    },
    {
        "sentence": "추가 관찰 소견 번호 069 환자는 안정적인 상태를 유지하고 있습니다.",
        "id": "sample_002_0176_000069",
        "annotations": []
    },
    {
        "sentence": "추가 관찰 소견 번호 070 환자는 안정적인 상태를 유지하고 있습니다.",
        "id": "sample_002_0176_000070",
        "annotations": []
    },
    {
        "sentence": "추가 관찰 소견 번호 071 환자는 안정적인 상태를 유지하고 있습니다.",
        "id": "sample_002_0176_000071",
        "annotations": []
    },
    {
        "sentence": "추가 관찰 소견 번호 072 환자는 안정적인 상태를 유지하고 있습니다.",
        "id": "sample_002_0176_000072",
        "annotations": []
    },
    {
        "sentence": "추가 관찰 소견 번호 073 환자는 안정적인 상태를 유지하고 있습니다.",
        "id": "sample_002_0176_000073",
        "annotations": []
    },
    {
        "sentence": "추가 관찰 소견 번호 074 환자는 안정적인 상태를 유지하고 있습니다.",
        "id": "sample_002_0176_000074",
        "annotations": []
    },
    {
        "sentence": "추가 관찰 소견 번호 075 환자는 안정적인 상태를 유지하고 있습니다.",
        "id": "sample_002_0176_000075",
        "annotations": []
    },
    {
        "sentence": "추가 관찰 소견 번호 076 환자는 안정적인 상태를 유지하고 있습니다.",
        "id": "sample_002_0176_000076",
        "annotations": []
    },
    {
        "sentence": "추가 관찰 소견 번호 077 환자는 안정적인 상태를 유지하고 있습니다.",
        "id": "sample_002_0176_000077",
        "annotations": []
    },
    {
        "sentence": "추가 관찰 소견 번호 078 환자는 안정적인 상태를 유지하고 있습니다.",
        "id": "sample_002_0176_000078",
        "annotations": []
    },
    {
        "sentence": "추가 관찰 소견 번호 079 환자는 안정적인 상태를 유지하고 있습니다.",
        "id": "sample_002_0176_000079",
        "annotations": []
    },
    {
        "sentence": "추가 관찰 소견 번호 080 환자는 안정적인 상태를 유지하고 있습니다.",
        "id": "sample_002_0176_000080",
        "annotations": []
    },
    {
        "sentence": "추가 관찰 소견 번호 081 환자는 안정적인 상태를 유지하고 있습니다.",
        "id": "sample_002_0176_000081",
        "annotations": []
    },
    {
        "sentence": "추가 관찰 소견 번호 082 환자는 안정적인 상태를 유지하고 있습니다.",
        "id": "sample_002_0176_000082",
        "annotations": []
    },
    {
        "sentence": "추가 관찰 소견 번호 083 환자는 안정적인 상태를 유지하고 있습니다.",
        "id": "sample_002_0176_000083",
        "annotations": []
    },
    {
        "sentence": "추가 관찰 소견 번호 084 환자는 안정적인 상태를 유지하고 있습니다.",
        "id": "sample_002_0176_000084",
        "annotations": []
    },
    {
        "sentence": "추가 관찰 소견 번호 085 환자는 안정적인 상태를 유지하고 있습니다.",
        "id": "sample_002_0176_000085",
        "annotations": []
    },
    {
        "sentence": "추가 관찰 소견 번호 086 환자는 안정적인 상태를 유지하고 있습니다.",
        "id": "sample_002_0176_000086",
        "annotations": []
    },
    {
        "sentence": "추가 관찰 소견 번호 087 환자는 안정적인 상태를 유지하고 있습니다.",
        "id": "sample_002_0176_000087",
        "annotations": []
    },
    {
        "sentence": "추가 관찰 소견 번호 088 환자는 안정적인 상태를 유지하고 있습니다.",
        "id": "sample_002_0176_000088",
        "annotations": []
    },
    {
        "sentence": "추가 관찰 소견 번호 089 환자는 안정적인 상태를 유지하고 있습니다.",
        "id": "sample_002_0176_000089",
        "annotations": []
    },
    {
        "sentence": "추가 관찰 소견 번호 090 환자는 안정적인 상태를 유지하고 있습니다.",
        "id": "sample_002_0176_000090",
        "annotations": []
    },
    {
        "sentence": "추가 관찰 소견 번호 091 환자는 안정적인 상태를 유지하고 있습니다.",
        "id": "sample_002_0176_000091",
        "annotations": []
    },
    {
        "sentence": "추가 관찰 소견 번호 092 환자는 안정적인 상태를 유지하고 있습니다.",
        "id": "sample_002_0176_000092",
        "annotations": []
    },
    {
        "sentence": "추가 관찰 소견 번호 093 환자는 안정적인 상태를 유지하고 있습니다.",
        "id": "sample_002_0176_000093",
        "annotations": []
    },
    {
        "sentence": "추가 관찰 소견 번호 094 환자는 안정적인 상태를 유지하고 있습니다.",
        "id": "sample_002_0176_000094",
        "annotations": []
    },
    {
        "sentence": "추가 관찰 소견 번호 095 환자는 안정적인 상태를 유지하고 있습니다.",
        "id": "sample_002_0176_000095",
        "annotations": []
    },
    {
        "sentence": "추가 관찰 소견 번호 096 환자는 안정적인 상태를 유지하고 있습니다.",
        "id": "sample_002_0176_000096",
        "annotations": []
    },
    {
        "sentence": "추가 관찰 소견 번호 097 환자는 안정적인 상태를 유지하고 있습니다.",
        "id": "sample_002_0176_000097",
        "annotations": []
    },
    {
        "sentence": "추가 관찰 소견 번호 098 환자는 안정적인 상태를 유지하고 있습니다.",
        "id": "sample_002_0176_000098",
        "annotations": []
    },
    {
        "sentence": "추가 관찰 소견 번호 099 환자는 안정적인 상태를 유지하고 있습니다.",
        "id": "sample_002_0176_000099",
        "annotations": []
    },
    {
        "sentence": "추가 관찰 소견 번호 100 환자는 안정적인 상태를 유지하고 있습니다.",
        "id": "sample_002_0176_000100",
        "annotations": []
    },
    {
        "sentence": "추가 관찰 소견 번호 101 환자는 안정적인 상태를 유지하고 있습니다.",
        "id": "sample_002_0176_000101",
        "annotations": []
    },
    {
        "sentence": "추가 관찰 소견 번호 102 환자는 안정적인 상태를 유지하고 있습니다.",
        "id": "sample_002_0176_000102",
        "annotations": []
    },
    {
        "sentence": "추가 관찰 소견 번호 103 환자는 안정적인 상태를 유지하고 있습니다.",
        "id": "sample_002_0176_000103",
        "annotations": []
    },
    {
        "sentence": "추가 관찰 소견 번호 104 환자는 안정적인 상태를 유지하고 있습니다.",
        "id": "sample_002_0176_000104",
        "annotations": []
    },
    {
        "sentence": "추가 관찰 소견 번호 105 환자는 안정적인 상태를 유지하고 있습니다.",
        "id": "sample_002_0176_000105",
        "annotations": []
    },
    {
        "sentence": "추가 관찰 소견 번호 106 환자는 안정적인 상태를 유지하고 있습니다.",
        "id": "sample_002_0176_000106",
        "annotations": []
    },
    {
        "sentence": "추가 관찰 소견 번호 107 환자는 안정적인 상태를 유지하고 있습니다.",
        "id": "sample_002_0176_000107",
        "annotations": []
    },
    {
        "sentence": "추가 관찰 소견 번호 108 환자는 안정적인 상태를 유지하고 있습니다.",
        "id": "sample_002_0176_000108",
        "annotations": []
    },
    {
        "sentence": "추가 관찰 소견 번호 109 환자는 안정적인 상태를 유지하고 있습니다.",
        "id": "sample_002_0176_000109",
        "annotations": []
    },
    {
        "sentence": "추가 관찰 소견 번호 110 환자는 안정적인 상태를 유지하고 있습니다.",
        "id": "sample_002_0176_000110",
        "annotations": []
    },
    {
        "sentence": "추가 관찰 소견 번호 111 환자는 안정적인 상태를 유지하고 있습니다.",
        "id": "sample_002_0176_000111",
        "annotations": []
    },
    {
        "sentence": "추가 관찰 소견 번호 112 환자는 안정적인 상태를 유지하고 있습니다.",
        "id": "sample_002_0176_000112",
        "annotations": []
    },
    {
        "sentence": "추가 관찰 소견 번호 113 환자는 안정적인 상태를 유지하고 있습니다.",
        "id": "sample_002_0176_000113",
        "annotations": []
    },
    {
        "sentence": "추가 관찰 소견 번호 114 환자는 안정적인 상태를 유지하고 있습니다.",
        "id": "sample_002_0176_000114",
        "annotations": []
    },
    {
        "sentence": "추가 관찰 소견 번호 115 환자는 안정적인 상태를 유지하고 있습니다.",
        "id": "sample_002_0176_000115",
        "annotations": []
    },
    {
        "sentence": "추가 관찰 소견 번호 116 환자는 안정적인 상태를 유지하고 있습니다.",
        "id": "sample_002_0176_000116",
        "annotations": []
    },
    {
        "sentence": "추가 관찰 소견 번호 117 환자는 안정적인 상태를 유지하고 있습니다.",
        "id": "sample_002_0176_000117",
        "annotations": []
    },
    {
        "sentence": "추가 관찰 소견 번호 118 환자는 안정적인 상태를 유지하고 있습니다.",
        "id": "sample_002_0176_000118",
        "annotations": []
    },
    {
        "sentence": "추가 관찰 소견 번호 119 환자는 안정적인 상태를 유지하고 있습니다.",
        "id": "sample_002_0176_000119",
        "annotations": []
    },
    {
        "sentence": "추가 관찰 소견 번호 120 환자는 안정적인 상태를 유지하고 있습니다.",
        "id": "sample_002_0176_000120",
        "annotations": []
    },
    {
        "sentence": "추가 관찰 소견 번호 121 환자는 안정적인 상태를 유지하고 있습니다.",
        "id": "sample_002_0176_000121",
        "annotations": []
    },
    {
        "sentence": "추가 관찰 소견 번호 122 환자는 안정적인 상태를 유지하고 있습니다.",
        "id": "sample_002_0176_000122",
        "annotations": []
    },
    {
        "sentence": "추가 관찰 소견 번호 123 환자는 안정적인 상태를 유지하고 있습니다.",
        "id": "sample_002_0176_000123",
        "annotations": []
    },
    {
        "sentence": "추가 관찰 소견 번호 124 환자는 안정적인 상태를 유지하고 있습니다.",
        "id": "sample_002_0176_000124",
        "annotations": []
    },
    {
        "sentence": "추가 관찰 소견 번호 125 환자는 안정적인 상태를 유지하고 있습니다.",
        "id": "sample_002_0176_000125",
        "annotations": []
    },
    {
        "sentence": "추가 관찰 소견 번호 126 환자는 안정적인 상태를 유지하고 있습니다.",
        "id": "sample_002_0176_000126",
        "annotations": []
    },
    {
        "sentence": "추가 관찰 소견 번호 127 환자는 안정적인 상태를 유지하고 있습니다.",
        "id": "sample_002_0176_000127",
        "annotations": []
    },
    {
        "sentence": "추가 관찰 소견 번호 128 환자는 안정적인 상태를 유지하고 있습니다.",
        "id": "sample_002_0176_000128",
        "annotations": []
    },
    {
        "sentence": "추가 관찰 소견 번호 129 환자는 안정적인 상태를 유지하고 있습니다.",
        "id": "sample_002_0176_000129",
        "annotations": []
    },
    {
        "sentence": "추가 관찰 소견 번호 130 환자는 안정적인 상태를 유지하고 있습니다.",
        "id": "sample_002_0176_000130",
        "annotations": []
    },
    {
        "sentence": "추가 관찰 소견 번호 131 환자는 안정적인 상태를 유지하고 있습니다.",
        "id": "sample_002_0176_000131",
        "annotations": []
    },
    {
        "sentence": "추가 관찰 소견 번호 132 환자는 안정적인 상태를 유지하고 있습니다.",
        "id": "sample_002_0176_000132",
        "annotations": []
    },
    {
        "sentence": "추가 관찰 소견 번호 133 환자는 안정적인 상태를 유지하고 있습니다.",
        "id": "sample_002_0176_000133",
        "annotations": []
    },
    {
        "sentence": "추가 관찰 소견 번호 134 환자는 안정적인 상태를 유지하고 있습니다.",
        "id": "sample_002_0176_000134",
        "annotations": []
    },
    {
        "sentence": "추가 관찰 소견 번호 135 환자는 안정적인 상태를 유지하고 있습니다.",
        "id": "sample_002_0176_000135",
        "annotations": []
    },
    {
        "sentence": "추가 관찰 소견 번호 136 환자는 안정적인 상태를 유지하고 있습니다.",
        "id": "sample_002_0176_000136",
        "annotations": []
    },
    {
        "sentence": "추가 관찰 소견 번호 137 환자는 안정적인 상태를 유지하고 있습니다.",
        "id": "sample_002_0176_000137",
        "annotations": []
    },
    {
        "sentence": "추가 관찰 소견 번호 138 환자는 안정적인 상태를 유지하고 있습니다.",
        "id": "sample_002_0176_000138",
        "annotations": []
    },
    {
        "sentence": "추가 관찰 소견 번호 139 환자는 안정적인 상태를 유지하고 있습니다.",
        "id": "sample_002_0176_000139",
        "annotations": []
    },
    {
        "sentence": "추가 관찰 소견 번호 140 환자는 안정적인 상태를 유지하고 있습니다.",
        "id": "sample_002_0176_000140",
        "annotations": []
    },
    {
        "sentence": "추가 관찰 소견 번호 141 환자는 안정적인 상태를 유지하고 있습니다.",
        "id": "sample_002_0176_000141",
        "annotations": []
    },
    {
        "sentence": "추가 관찰 소견 번호 142 환자는 안정적인 상태를 유지하고 있습니다.",
        "id": "sample_002_0176_000142",
        "annotations": []
    },
    {
        "sentence": "추가 관찰 소견 번호 143 환자는 안정적인 상태를 유지하고 있습니다.",
        "id": "sample_002_0176_000143",
        "annotations": []
    },
    {
        "sentence": "추가 관찰 소견 번호 144 환자는 안정적인 상태를 유지하고 있습니다.",
        "id": "sample_002_0176_000144",
        "annotations": []
    },
    {
        "sentence": "추가 관찰 소견 번호 145 환자는 안정적인 상태를 유지하고 있습니다.",
        "id": "sample_002_0176_000145",
        "annotations": []
    },
    {
        "sentence": "추가 관찰 소견 번호 146 환자는 안정적인 상태를 유지하고 있습니다.",
        "id": "sample_002_0176_000146",
        "annotations": []
    },
    {
        "sentence": "추가 관찰 소견 번호 147 환자는 안정적인 상태를 유지하고 있습니다.",
        "id": "sample_002_0176_000147",
        "annotations": []
    },
    {
        "sentence": "추가 관찰 소견 번호 148 환자는 안정적인 상태를 유지하고 있습니다.",
        "id": "sample_002_0176_000148",
        "annotations": []
    },
    {
        "sentence": "추가 관찰 소견 번호 149 환자는 안정적인 상태를 유지하고 있습니다.",
        "id": "sample_002_0176_000149",
        "annotations": []
    },
    {
        "sentence": "추가 관찰 소견 번호 150 환자는 안정적인 상태를 유지하고 있습니다.",
        "id": "sample_002_0176_000150",
        "annotations": []
    }
]