[
    {
        "sentence": "문서번호는 52이다.",
        "id": "sample_002_0052_000001",
        "annotations": []
    },
    {
        "sentence": "작성병동은 내과이며 작성부서는 외래이다.",
        "id": "sample_002_0052_000002",
        "annotations": []
    },
    {
        "sentence": "환자명은 한서영이다.",
        "id": "sample_002_0052_000003",
        "annotations": [
            {
                "word": "한서영",
                "start": 5,
                "end": 8,
                "label": "개인정보"
            }
        ]
    },
    {
        "sentence": "생년월일은 1990년 01월 19일이다.",
        "id": "sample_002_0052_000004",
        "annotations": [
            {
                "word": "1990년",
                "start": 6,
                "end": 11,
                "label": "준식별자"
            },
            {
                "word": "01월",
                "start": 12,
                "end": 15,
                "label": "준식별자"
            },
            {
                "word": "19일",
                "start": 16,
                "end": 19,
                "label": "준식별자"
            }
        ]
    },
    {
        "sentence": "성별은 여성이다.",
        "id": "sample_002_0052_000005",
        "annotations": [
            {
                "word": "여성",
                "start": 4,
                "end": 6,
                "label": "준식별자"
            }
        ]
    },
    {
        "sentence": "환자ID는 900119-2456723이다.",
        "id": "sample_002_0052_000006",
        "annotations": [
            {
                "word": "900119-2456723",
                "start": 6,
                "end": 20,
                "label": "기밀정보"
            },
            {
                "word": "900119-2456723",
                "start": 6,
                "end": 20,
                "label": "개인정보"
            }
        ]
    },
    {
        "sentence": "연락처는 010-6528-3741이다.",
        "id": "sample_002_0052_000007",
        "annotations": [
            {
                "word": "010-6528-3741",
                "start": 5,
                "end": 18,
                "label": "기밀정보"
            },
            {
                "word": "010-6528-3741",
                "start": 5,
                "end": 18,
                "label": "개인정보"
            }
        ]
    },
    {
        "sentence": "긴급연락처는 미기재이다.",
        "id": "sample_002_0052_000008",
        "annotations": []
    },
    {
        "sentence": "주소는 경기도 용인시 기흥구 보정동 보정자이 203동 1205호이다.",
        "id": "sample_002_0052_000009",
        "annotations": [
            {
                "word": "경기도",
                "start": 4,
                "end": 7,
                "label": "준식별자"
            },
            {
                "word": "용인시",
                "start": 8,
                "end": 11,
                "label": "준식별자"
            },
            {
                "word": "기흥구",
                "start": 12,
                "end": 15,
                "label": "준식별자"
            },
            {
                "word": "보정동",
                "start": 16,
                "end": 19,
                "label": "준식별자"
            },
            {
                "word": "보정자이",
                "start": 20,
                "end": 24,
                "label": "준식별자"
            },
            {
                "word": "203동",
                "start": 25,
                "end": 29,
                "label": "준식별자"
            },
            {
                "word": "1205호",
                "start": 30,
                "end": 35,
                "label": "준식별자"
            }
        ]
    },
    {
        "sentence": "보험정보는 국민건강보험이다.",
        "id": "sample_002_0052_000010",
        "annotations": []
    },
    {
        "sentence": "내원일은 2024-03-03이다.",
        "id": "sample_002_0052_000011",
        "annotations": [
            {
                "word": "2024-03-03",
                "start": 5,
                "end": 15,
                "label": "준식별자"
            }
        ]
    },
    {
        "sentence": "입원일은 2024-03-03로 기록되어있다.",
        "id": "sample_002_0052_000012",
        "annotations": [
            {
                "word": "2024-03-03",
                "start": 5,
                "end": 15,
                "label": "준식별자"
            }
        ]
    },
    {
        "sentence": "퇴원일은 미정이다.",
        "id": "sample_002_0052_000013",
        "annotations": []
    },
    {
        "sentence": "주요호소 및 증상은 복통과 오심 구토이다.",
        "id": "sample_002_0052_000014",
        "annotations": []
    },
    {
        "sentence": "발병일은 2024-02-28이다.",
        "id": "sample_002_0052_000015",
        "annotations": [
            {
                "word": "2024-02-28",
                "start": 5,
                "end": 15,
                "label": "준식별자"
            }
        ]
    },
    {
        "sentence": "기저질환으로 고혈압이 있다.",
        "id": "sample_002_0052_000016",
        "annotations": []
    },
    {
        "sentence": "현재 복용 중인 약물은 없다.",
        "id": "sample_002_0052_000017",
        "annotations": []
    },
    {
        "sentence": "과거 수술력은 없다.",
        "id": "sample_002_0052_000018",
        "annotations": []
    },
    {
        "sentence": "알레르기 정보는 약물 알레르기 없음이다.",
        "id": "sample_002_0052_000019",
        "annotations": []
    },
    {
        "sentence": "흡연력은 비흡연이며 음주력은 가끔이다.",
        "id": "sample_002_0052_000020",
        "annotations": [
            {
                "word": "비흡연",
                "start": 5,
                "end": 8,
                "label": "준식별자"
            }
        ]
    },
    {
        "sentence": "직업은 회사원이다.",
        "id": "sample_002_0052_000021",
        "annotations": [
            {
                "word": "회사원",
                "start": 4,
                "end": 7,
                "label": "준식별자"
            }
        ]
    },
    {
        "sentence": "활력징후 체온은 37.2도이다.",
        "id": "sample_002_0052_000022",
        "annotations": []
    },
    {
        "sentence": "맥박은 분당 82회이다.",
        "id": "sample_002_0052_000023",
        "annotations": []
    },
    {
        "sentence": "호흡수는 분당 18회이다.",
        "id": "sample_002_0052_000024",
        "annotations": []
    },
    {
        "sentence": "혈압은 128/82 mmHg이다.",
        "id": "sample_002_0052_000025",
        "annotations": []
    },
    {
        "sentence": "SpO2는 98퍼센트이다.",
        "id": "sample_002_0052_000026",
        "annotations": []
    },
    {
        "sentence": "신체검진 HEENT은 정상이었다.",
        "id": "sample_002_0052_000027",
        "annotations": []
    },
    {
        "sentence": "흉부 청진에서 수포음은 없었다.",
        "id": "sample_002_0052_000028",
        "annotations": []
    },
    {
        "sentence": "복부는 압통 우측 하복부에 국한되어 있다.",
        "id": "sample_002_0052_000029",
        "annotations": []
    },
    {
        "sentence": "사지와 피부는 특이 소견 없다.",
        "id": "sample_002_0052_000030",
        "annotations": []
    },
    {
        "sentence": "혈액검사에서 백혈구는 8.2 10^3로 정상 범위이다.",
        "id": "sample_002_0052_000031",
        "annotations": []
    },
    {
        "sentence": "영상검사 복부 단순촬영에서 장폐색 소견은 없었다.",
        "id": "sample_002_0052_000032",
        "annotations": []
    },
    {
        "sentence": "신속검사 C 반응성 단백은 경미 상승이다.",
        "id": "sample_002_0052_000033",
        "annotations": []
    },
    {
        "sentence": "임상진단은 급성 위장염 의심이다.",
        "id": "sample_002_0052_000034",
        "annotations": []
    },
    {
        "sentence": "치료계획은 수액 공급과 증상 치료이며 경과 관찰이다.",
        "id": "sample_002_0052_000035",
        "annotations": []
    },
    {
        "sentence": "약물처방으로 항구토제와 진통제를 처방하였다.",
        "id": "sample_002_0052_000036",
        "annotations": []
    },
    {
        "sentence": "추적관찰은 3일 후 외래 방문으로 계획하였다.",
        "id": "sample_002_0052_000037",
        "annotations": []
    },
    {
        "sentence": "환자교육은 수분 섭취와 식이조절에 대해 설명하였다.",
        "id": "sample_002_0052_000038",
        "annotations": []
    },
    {
        "sentence": "진료담당의는 김민수이다.",
        "id": "sample_002_0052_000039",
        "annotations": [
            {
                "word": "김민수",
                "start": 7,
                "end": 10,
                "label": "기밀정보"
            },
            {
                "word": "김민수",
                "start": 7,
                "end": 10,
                "label": "개인정보"
            }
        ]
    },
    {
        "sentence": "작성일은 2024-03-04이다.",
        "id": "sample_002_0052_000040",
        "annotations": [
            {
                "word": "2024-03-04",
                "start": 5,
                "end": 15,
                "label": "준식별자"
            }
        ]
    },
    {
        "sentence": "추가 임상 메모 041 해당 문장은 임상 소견 메모로 번호 041이다.",
        "id": "sample_002_0052_000041",
        "annotations": []
    },
    {
        "sentence": "추가 임상 메모 042 해당 문장은 임상 소견 메모로 번호 042이다.",
        "id": "sample_002_0052_000042",
        "annotations": []
    },
    {
        "sentence": "추가 임상 메모 043 해당 문장은 임상 소견 메모로 번호 043이다.",
        "id": "sample_002_0052_000043",
        "annotations": []
    },
    {
        "sentence": "추가 임상 메모 044 해당 문장은 임상 소견 메모로 번호 044이다.",
        "id": "sample_002_0052_000044",
        "annotations": []
    },
    {
        "sentence": "추가 임상 메모 045 해당 문장은 임상 소견 메모로 번호 045이다.",
        "id": "sample_002_0052_000045",
        "annotations": []
    },
    {
        "sentence": "추가 임상 메모 046 해당 문장은 임상 소견 메모로 번호 046이다.",
        "id": "sample_002_0052_000046",
        "annotations": []
    },
    {
        "sentence": "추가 임상 메모 047 해당 문장은 임상 소견 메모로 번호 047이다.",
        "id": "sample_002_0052_000047",
        "annotations": []
    },
    {
        "sentence": "추가 임상 메모 048 해당 문장은 임상 소견 메모로 번호 048이다.",
        "id": "sample_002_0052_000048",
        "annotations": []
    },
    {
        "sentence": "추가 임상 메모 049 해당 문장은 임상 소견 메모로 번호 049이다.",
        "id": "sample_002_0052_000049",
        "annotations": []
    },
    {
        "sentence": "추가 임상 메모 050 해당 문장은 임상 소견 메모로 번호 050이다.",
        "id": "sample_002_0052_000050",
        "annotations": []
    },
    {
        "sentence": "추가 임상 메모 051 해당 문장은 임상 소견 메모로 번호 051이다.",
        "id": "sample_002_0052_000051",
        "annotations": []
    },
    {
        "sentence": "추가 임상 메모 052 해당 문장은 임상 소견 메모로 번호 052이다.",
        "id": "sample_002_0052_000052",
        "annotations": []
    },
    {
        "sentence": "추가 임상 메모 053 해당 문장은 임상 소견 메모로 번호 053이다.",
        "id": "sample_002_0052_000053",
        "annotations": []
    },
    {
        "sentence": "추가 임상 메모 054 해당 문장은 임상 소견 메모로 번호 054이다.",
        "id": "sample_002_0052_000054",
        "annotations": []
    },
    {
        "sentence": "추가 임상 메모 055 해당 문장은 임상 소견 메모로 번호 055이다.",
        "id": "sample_002_0052_000055",
        "annotations": []
    },
    {
        "sentence": "추가 임상 메모 056 해당 문장은 임상 소견 메모로 번호 056이다.",
        "id": "sample_002_0052_000056",
        "annotations": []
    },
    {
        "sentence": "추가 임상 메모 057 해당 문장은 임상 소견 메모로 번호 057이다.",
        "id": "sample_002_0052_000057",
        "annotations": []
    },
    {
        "sentence": "추가 임상 메모 058 해당 문장은 임상 소견 메모로 번호 058이다.",
        "id": "sample_002_0052_000058",
        "annotations": []
    },
    {
        "sentence": "추가 임상 메모 059 해당 문장은 임상 소견 메모로 번호 059이다.",
        "id": "sample_002_0052_000059",
        "annotations": []
    },
    {
        "sentence": "추가 임상 메모 060 해당 문장은 임상 소견 메모로 번호 060이다.",
        "id": "sample_002_0052_000060",
        "annotations": []
    },
    {
        "sentence": "추가 임상 메모 061 해당 문장은 임상 소견 메모로 번호 061이다.",
        "id": "sample_002_0052_000061",
        "annotations": []
    },
    {
        "sentence": "추가 임상 메모 062 해당 문장은 임상 소견 메모로 번호 062이다.",
        "id": "sample_002_0052_000062",
        "annotations": []
    },
    {
        "sentence": "추가 임상 메모 063 해당 문장은 임상 소견 메모로 번호 063이다.",
        "id": "sample_002_0052_000063",
        "annotations": []
    },
    {
        "sentence": "추가 임상 메모 064 해당 문장은 임상 소견 메모로 번호 064이다.",
        "id": "sample_002_0052_000064",
        "annotations": []
    },
    {
        "sentence": "추가 임상 메모 065 해당 문장은 임상 소견 메모로 번호 065이다.",
        "id": "sample_002_0052_000065",
        "annotations": []
    },
    {
        "sentence": "추가 임상 메모 066 해당 문장은 임상 소견 메모로 번호 066이다.",
        "id": "sample_002_0052_000066",
        "annotations": []
    },
    {
        "sentence": "추가 임상 메모 067 해당 문장은 임상 소견 메모로 번호 067이다.",
        "id": "sample_002_0052_000067",
        "annotations": []
    },
    {
        "sentence": "추가 임상 메모 068 해당 문장은 임상 소견 메모로 번호 068이다.",
        "id": "sample_002_0052_000068",
        "annotations": []
    },
    {
        "sentence": "추가 임상 메모 069 해당 문장은 임상 소견 메모로 번호 069이다.",
        "id": "sample_002_0052_000069",
        "annotations": []
    },
    {
        "sentence": "추가 임상 메모 070 해당 문장은 임상 소견 메모로 번호 070이다.",
        "id": "sample_002_0052_000070",
        "annotations": []
    },
    {
        "sentence": "추가 임상 메모 071 해당 문장은 임상 소견 메모로 번호 071이다.",
        "id": "sample_002_0052_000071",
        "annotations": []
    },
    {
        "sentence": "추가 임상 메모 072 해당 문장은 임상 소견 메모로 번호 072이다.",
        "id": "sample_002_0052_000072",
        "annotations": []
    },
    {
        "sentence": "추가 임상 메모 073 해당 문장은 임상 소견 메모로 번호 073이다.",
        "id": "sample_002_0052_000073",
        "annotations": []
    },
    {
        "sentence": "추가 임상 메모 074 해당 문장은 임상 소견 메모로 번호 074이다.",
        "id": "sample_002_0052_000074",
        "annotations": []
    },
    {
        "sentence": "추가 임상 메모 075 해당 문장은 임상 소견 메모로 번호 075이다.",
        "id": "sample_002_0052_000075",
        "annotations": []
    },
    {
        "sentence": "추가 임상 메모 076 해당 문장은 임상 소견 메모로 번호 076이다.",
        "id": "sample_002_0052_000076",
        "annotations": []
    },
    {
        "sentence": "추가 임상 메모 077 해당 문장은 임상 소견 메모로 번호 077이다.",
        "id": "sample_002_0052_000077",
        "annotations": []
    },
    {
        "sentence": "추가 임상 메모 078 해당 문장은 임상 소견 메모로 번호 078이다.",
        "id": "sample_002_0052_000078",
        "annotations": []
    },
    {
        "sentence": "추가 임상 메모 079 해당 문장은 임상 소견 메모로 번호 079이다.",
        "id": "sample_002_0052_000079",
        "annotations": []
    },
    {
        "sentence": "추가 임상 메모 080 해당 문장은 임상 소견 메모로 번호 080이다.",
        "id": "sample_002_0052_000080",
        "annotations": []
    },
    {
        "sentence": "추가 임상 메모 081 해당 문장은 임상 소견 메모로 번호 081이다.",
        "id": "sample_002_0052_000081",
        "annotations": []
    },
    {
        "sentence": "추가 임상 메모 082 해당 문장은 임상 소견 메모로 번호 082이다.",
        "id": "sample_002_0052_000082",
        "annotations": []
    },
    {
        "sentence": "추가 임상 메모 083 해당 문장은 임상 소견 메모로 번호 083이다.",
        "id": "sample_002_0052_000083",
        "annotations": []
    },
    {
        "sentence": "추가 임상 메모 084 해당 문장은 임상 소견 메모로 번호 084이다.",
        "id": "sample_002_0052_000084",
        "annotations": []
    },
    {
        "sentence": "추가 임상 메모 085 해당 문장은 임상 소견 메모로 번호 085이다.",
        "id": "sample_002_0052_000085",
        "annotations": []
    },
    {
        "sentence": "추가 임상 메모 086 해당 문장은 임상 소견 메모로 번호 086이다.",
        "id": "sample_002_0052_000086",
        "annotations": []
    },
    {
        "sentence": "추가 임상 메모 087 해당 문장은 임상 소견 메모로 번호 087이다.",
        "id": "sample_002_0052_000087",
        "annotations": []
    },
    {
        "sentence": "추가 임상 메모 088 해당 문장은 임상 소견 메모로 번호 088이다.",
        "id": "sample_002_0052_000088",
        "annotations": []
    },
    {
        "sentence": "추가 임상 메모 089 해당 문장은 임상 소견 메모로 번호 089이다.",
        "id": "sample_002_0052_000089",
        "annotations": []
    },
    {
        "sentence": "추가 임상 메모 090 해당 문장은 임상 소견 메모로 번호 090이다.",
        "id": "sample_002_0052_000090",
        "annotations": []
    }
]