[
    {
        "sentence": "문서종류는 병원기록이다.",
        "id": "sample_002_0142_000001",
        "annotations": []
    },
    {
        "sentence": "문서번호는 129이다.",
        "id": "sample_002_0142_000002",
        "annotations": []
    },
    {
        "sentence": "작성병동/작성부서는 응급의료센터이다.",
        "id": "sample_002_0142_000003",
        "annotations": []
    },
    {
        "sentence": "환자명은 안소희이다.",
        "id": "sample_002_0142_000004",
        "annotations": [
            {
                "word": "안소희",
                "start": 5,
                "end": 8,
                "label": "개인정보"
            }
        ]
    },
    {
        "sentence": "생년월일은 1996-07-19이다.",
        "id": "sample_002_0142_000005",
        "annotations": [
            {
                "word": "1996-07-19",
                "start": 6,
                "end": 16,
                "label": "개인정보"
            }
        ]
    },
    {
        "sentence": "성별은 여성이다.",
        "id": "sample_002_0142_000006",
        "annotations": []
    },
    {
        "sentence": "환자ID는 PID129이다.",
        "id": "sample_002_0142_000007",
        "annotations": []
    },
    {
        "sentence": "연락처는 010-1904-5623이다.",
        "id": "sample_002_0142_000008",
        "annotations": [
            {
                "word": "010-1904-5623",
                "start": 5,
                "end": 18,
                "label": "기밀정보"
            }
        ]
    },
    {
        "sentence": "긴급연락처는 031-555-1010이다.",
        "id": "sample_002_0142_000009",
        "annotations": [
            {
                "word": "031-555-1010",
                "start": 7,
                "end": 19,
                "label": "기밀정보"
            }
        ]
    },
    {
        "sentence": "주소는 대구광역시 달서구 두류동 삼성래미안 101동 804호이다.",
        "id": "sample_002_0142_000010",
        "annotations": [
            {
                "word": "대구광역시 달서구 두류동 삼성래미안 101동 804호",
                "start": 4,
                "end": 33,
                "label": "준식별자"
            }
        ]
    },
    {
        "sentence": "보험정보는 960719-2456198이다.",
        "id": "sample_002_0142_000011",
        "annotations": [
            {
                "word": "960719-2456198",
                "start": 6,
                "end": 20,
                "label": "개인정보"
            }
        ]
    },
    {
        "sentence": "내원일은 2024-01-10이다.",
        "id": "sample_002_0142_000012",
        "annotations": []
    },
    {
        "sentence": "입원일은 2024-01-10이다.",
        "id": "sample_002_0142_000013",
        "annotations": []
    },
    {
        "sentence": "퇴원일은 미기재이다.",
        "id": "sample_002_0142_000014",
        "annotations": []
    },
    {
        "sentence": "주요호소는 복통 및 구토이다.",
        "id": "sample_002_0142_000015",
        "annotations": []
    },
    {
        "sentence": "현재증상은 우상복부 통증이다.",
        "id": "sample_002_0142_000016",
        "annotations": []
    },
    {
        "sentence": "발병일은 2024-01-09이다.",
        "id": "sample_002_0142_000017",
        "annotations": []
    },
    {
        "sentence": "기저질환은 없다.",
        "id": "sample_002_0142_000018",
        "annotations": []
    },
    {
        "sentence": "현재복용약물은 없다.",
        "id": "sample_002_0142_000019",
        "annotations": []
    },
    {
        "sentence": "과거수술력은 없다.",
        "id": "sample_002_0142_000020",
        "annotations": []
    },
    {
        "sentence": "알레르기정보는 없다.",
        "id": "sample_002_0142_000021",
        "annotations": []
    },
    {
        "sentence": "흡연력은 비흡연이다.",
        "id": "sample_002_0142_000022",
        "annotations": []
    },
    {
        "sentence": "음주력은 가끔이다.",
        "id": "sample_002_0142_000023",
        "annotations": []
    },
    {
        "sentence": "직업은 사무직이다.",
        "id": "sample_002_0142_000024",
        "annotations": []
    },
    {
        "sentence": "체온은 37.2도이다.",
        "id": "sample_002_0142_000025",
        "annotations": []
    },
    {
        "sentence": "맥박은 분당 84회이다.",
        "id": "sample_002_0142_000026",
        "annotations": []
    },
    {
        "sentence": "호흡수는 분당 18회이다.",
        "id": "sample_002_0142_000027",
        "annotations": []
    },
    {
        "sentence": "혈압은 120/78 mmHg이다.",
        "id": "sample_002_0142_000028",
        "annotations": []
    },
    {
        "sentence": "산소포화도는 98퍼센트이다.",
        "id": "sample_002_0142_000029",
        "annotations": []
    },
    {
        "sentence": "HEENT 검사는 특이 소견 없다.",
        "id": "sample_002_0142_000030",
        "annotations": []
    },
    {
        "sentence": "흉부 청진에서 이상 음견 없다.",
        "id": "sample_002_0142_000031",
        "annotations": []
    },
    {
        "sentence": "복부 검사에서 우상복부에 압통 있다.",
        "id": "sample_002_0142_000032",
        "annotations": []
    },
    {
        "sentence": "사지 및 피부 상태는 정상이었다.",
        "id": "sample_002_0142_000033",
        "annotations": []
    },
    {
        "sentence": "혈액검사에서 WBC는 8.9이다.",
        "id": "sample_002_0142_000034",
        "annotations": []
    },
    {
        "sentence": "혈액검사에서 Hb는 13.2이다.",
        "id": "sample_002_0142_000035",
        "annotations": []
    },
    {
        "sentence": "복부 CT에서 충수염 의심 소견 보인다.",
        "id": "sample_002_0142_000036",
        "annotations": []
    },
    {
        "sentence": "신속검사는 모두 음성이었다.",
        "id": "sample_002_0142_000037",
        "annotations": []
    },
    {
        "sentence": "임상진단은 급성 충수염 의심이다.",
        "id": "sample_002_0142_000038",
        "annotations": []
    },
    {
        "sentence": "치료계획은 수술적 치료가 필요하다.",
        "id": "sample_002_0142_000039",
        "annotations": []
    },
    {
        "sentence": "수술 전 금식 및 동의 절차를 진행했다.",
        "id": "sample_002_0142_000040",
        "annotations": []
    },
    {
        "sentence": "항생제 투여를 시작하였다.",
        "id": "sample_002_0142_000041",
        "annotations": []
    },
    {
        "sentence": "수술 전 혈액검사를 추가로 시행했다.",
        "id": "sample_002_0142_000042",
        "annotations": []
    },
    {
        "sentence": "수액요법을 통해 수분 보충하였다.",
        "id": "sample_002_0142_000043",
        "annotations": []
    },
    {
        "sentence": "진통제를 필요 시 투여하기로 하였다.",
        "id": "sample_002_0142_000044",
        "annotations": []
    },
    {
        "sentence": "수술 전 마취과와 협진을 요청했다.",
        "id": "sample_002_0142_000045",
        "annotations": []
    },
    {
        "sentence": "응급 수술 가능성을 설명하였다.",
        "id": "sample_002_0142_000046",
        "annotations": []
    },
    {
        "sentence": "환자 및 보호자에게 수술 위험을 설명하였다.",
        "id": "sample_002_0142_000047",
        "annotations": []
    },
    {
        "sentence": "수술 동의서는 보호자가 서명하였다.",
        "id": "sample_002_0142_000048",
        "annotations": []
    },
    {
        "sentence": "진료담당의는 이진호이다.",
        "id": "sample_002_0142_000049",
        "annotations": []
    },
    {
        "sentence": "작성일은 2024-01-10이다.",
        "id": "sample_002_0142_000050",
        "annotations": []
    },
    {
        "sentence": "환자는 응급으로 내원하였다.",
        "id": "sample_002_0142_000051",
        "annotations": []
    },
    {
        "sentence": "증상은 내원 1일 전부터 시작되었다.",
        "id": "sample_002_0142_000052",
        "annotations": []
    },
    {
        "sentence": "구토가 동반되어 탈수 증상 우려된다.",
        "id": "sample_002_0142_000053",
        "annotations": []
    },
    {
        "sentence": "식욕은 감소하였다고 하였다.",
        "id": "sample_002_0142_000054",
        "annotations": []
    },
    {
        "sentence": "최근 발열은 호소하지 않았다.",
        "id": "sample_002_0142_000055",
        "annotations": []
    },
    {
        "sentence": "대변과 소변 상태는 평소와 같다.",
        "id": "sample_002_0142_000056",
        "annotations": []
    },
    {
        "sentence": "과거 병력에서 수술 경험은 없었다.",
        "id": "sample_002_0142_000057",
        "annotations": []
    },
    {
        "sentence": "가족력에서 유전성 질환은 보고되지 않았다.",
        "id": "sample_002_0142_000058",
        "annotations": []
    },
    {
        "sentence": "신체검진 시 활력징후는 안정적이었다.",
        "id": "sample_002_0142_000059",
        "annotations": []
    },
    {
        "sentence": "흉부 방사선 촬영은 이상 소견 없었다.",
        "id": "sample_002_0142_000060",
        "annotations": []
    },
    {
        "sentence": "복부 초음파는 충수 비대 소견 의심되었다.",
        "id": "sample_002_0142_000061",
        "annotations": []
    },
    {
        "sentence": "영상의학과 판독 결과 확인 예정이다.",
        "id": "sample_002_0142_000062",
        "annotations": []
    },
    {
        "sentence": "응급실에서 혈액응고 검사를 시행하였다.",
        "id": "sample_002_0142_000063",
        "annotations": []
    },
    {
        "sentence": "수술실 예약을 위한 준비를 진행했다.",
        "id": "sample_002_0142_000064",
        "annotations": []
    },
    {
        "sentence": "수술 전 금식 상태를 유지 중이다.",
        "id": "sample_002_0142_000065",
        "annotations": []
    },
    {
        "sentence": "수술 관련 검사 결과는 수술 전 점검한다.",
        "id": "sample_002_0142_000066",
        "annotations": []
    },
    {
        "sentence": "환자의 통증 정도는 중등도였다.",
        "id": "sample_002_0142_000067",
        "annotations": []
    },
    {
        "sentence": "통증 평가 점수는 6점으로 기록하였다.",
        "id": "sample_002_0142_000068",
        "annotations": []
    },
    {
        "sentence": "항생제는 1차로 정맥 투여하였다.",
        "id": "sample_002_0142_000069",
        "annotations": []
    },
    {
        "sentence": "수술 후 감염 예방을 위하여 처방하였다.",
        "id": "sample_002_0142_000070",
        "annotations": []
    },
    {
        "sentence": "수액 처방은 표준 용량으로 적용하였다.",
        "id": "sample_002_0142_000071",
        "annotations": []
    },
    {
        "sentence": "입원 중 혈당 관리는 필요 없었다.",
        "id": "sample_002_0142_000072",
        "annotations": []
    },
    {
        "sentence": "심전도는 정상 범위 내였다.",
        "id": "sample_002_0142_000073",
        "annotations": []
    },
    {
        "sentence": "흉부 청진은 특별한 이상을 보이지 않았다.",
        "id": "sample_002_0142_000074",
        "annotations": []
    },
    {
        "sentence": "복부 촉진 시 장음은 정상이었다.",
        "id": "sample_002_0142_000075",
        "annotations": []
    },
    {
        "sentence": "환자의 의식 상태는 명료하였다.",
        "id": "sample_002_0142_000076",
        "annotations": []
    },
    {
        "sentence": "체액 균형을 지속적으로 관찰할 것이다.",
        "id": "sample_002_0142_000077",
        "annotations": []
    },
    {
        "sentence": "실시간으로 검사 결과를 모니터링하였다.",
        "id": "sample_002_0142_000078",
        "annotations": []
    },
    {
        "sentence": "수술 시 출혈 대비를 준비하였다.",
        "id": "sample_002_0142_000079",
        "annotations": []
    },
    {
        "sentence": "수혈 필요성은 현재로서는 없다.",
        "id": "sample_002_0142_000080",
        "annotations": []
    },
    {
        "sentence": "마취 방법은 전신마취로 계획하였다.",
        "id": "sample_002_0142_000081",
        "annotations": []
    },
    {
        "sentence": "마취 전 평가에서 이상 소견은 없었다.",
        "id": "sample_002_0142_000082",
        "annotations": []
    },
    {
        "sentence": "수술 중 발생 가능한 합병증을 설명했다.",
        "id": "sample_002_0142_000083",
        "annotations": []
    },
    {
        "sentence": "수술 후 통증 조절 계획을 마련했다.",
        "id": "sample_002_0142_000084",
        "annotations": []
    },
    {
        "sentence": "상처 감염 방지를 위한 교육을 하였다.",
        "id": "sample_002_0142_000085",
        "annotations": []
    },
    {
        "sentence": "배변 및 배뇨 상태를 수술 후 관찰한다.",
        "id": "sample_002_0142_000086",
        "annotations": []
    },
    {
        "sentence": "수술 후 식이전환은 단계적으로 시행한다.",
        "id": "sample_002_0142_000087",
        "annotations": []
    },
    {
        "sentence": "환자에게 금식 및 활동 제한을 교육했다.",
        "id": "sample_002_0142_000088",
        "annotations": []
    },
    {
        "sentence": "퇴원 예정일은 수술 경과에 따라 결정한다.",
        "id": "sample_002_0142_000089",
        "annotations": []
    },
    {
        "sentence": "재활이 필요한 경우 물리치료를 연계한다.",
        "id": "sample_002_0142_000090",
        "annotations": []
    },
    {
        "sentence": "퇴원 시 상처 관리를 자세히 안내할 것이다.",
        "id": "sample_002_0142_000091",
        "annotations": []
    },
    {
        "sentence": "외래 추적관찰 일정은 수술 후 정한다.",
        "id": "sample_002_0142_000092",
        "annotations": []
    },
    {
        "sentence": "환자와 보호자에게 응급 시 연락 방법을 알렸다.",
        "id": "sample_002_0142_000093",
        "annotations": []
    },
    {
        "sentence": "수술 동의서를 문서로 보관하였다.",
        "id": "sample_002_0142_000094",
        "annotations": []
    },
    {
        "sentence": "진료 노트에 모든 진찰과 처치를 기재하였다.",
        "id": "sample_002_0142_000095",
        "annotations": []
    },
    {
        "sentence": "감염 관리 지침을 준수하며 환자를 관리한다.",
        "id": "sample_002_0142_000096",
        "annotations": []
    },
    {
        "sentence": "의료진 간 커뮤니케이션을 통해 상태를 공유했다.",
        "id": "sample_002_0142_000097",
        "annotations": []
    },
    {
        "sentence": "환자의 피부 상태를 수술 전 재평가하였다.",
        "id": "sample_002_0142_000098",
        "annotations": []
    },
    {
        "sentence": "환자는 불안감을 호소하여 심리적 지지를 제공하였다.",
        "id": "sample_002_0142_000099",
        "annotations": []
    },
    {
        "sentence": "필요 시 정신건강 상담을 연계할 계획이다.",
        "id": "sample_002_0142_000100",
        "annotations": []
    },
    {
        "sentence": "환자의 상태 변화 시 즉시 보고하도록 하였다.",
        "id": "sample_002_0142_000101",
        "annotations": []
    },
    {
        "sentence": "간호사에게 활력징후 측정을 지시하였다.",
        "id": "sample_002_0142_000102",
        "annotations": []
    },
    {
        "sentence": "검사 결과는 전자의무기록에 입력하였다.",
        "id": "sample_002_0142_000103",
        "annotations": []
    },
    {
        "sentence": "수술 후 합병증에 대한 모니터링을 강화하였다.",
        "id": "sample_002_0142_000104",
        "annotations": []
    },
    {
        "sentence": "항생제 내성 여부는 수술 후 검사로 확인한다.",
        "id": "sample_002_0142_000105",
        "annotations": []
    },
    {
        "sentence": "외과 팀과 정기적으로 회진을 실시한다.",
        "id": "sample_002_0142_000106",
        "annotations": []
    },
    {
        "sentence": "수술실 간호사와 수술 일정을 확인하였다.",
        "id": "sample_002_0142_000107",
        "annotations": []
    },
    {
        "sentence": "추가적인 혈액검사는 필요 시 반복한다.",
        "id": "sample_002_0142_000108",
        "annotations": []
    },
    {
        "sentence": "환자 교육 자료를 작성하여 제공하였다.",
        "id": "sample_002_0142_000109",
        "annotations": []
    },
    {
        "sentence": "영양 상태 개선을 위한 상담을 계획한다.",
        "id": "sample_002_0142_000110",
        "annotations": []
    },
    {
        "sentence": "통증 조절이 어려운 경우 통증클리닉 연계한다.",
        "id": "sample_002_0142_000111",
        "annotations": []
    },
    {
        "sentence": "수술 후 호흡운동을 교육하였다.",
        "id": "sample_002_0142_000112",
        "annotations": []
    },
    {
        "sentence": "심리적 안정을 위해 보호자와 상의하였다.",
        "id": "sample_002_0142_000113",
        "annotations": []
    },
    {
        "sentence": "환자의 개인 물품 관리를 확인하였다.",
        "id": "sample_002_0142_000114",
        "annotations": []
    },
    {
        "sentence": "감염 시 표준 예방조치를 시행한다.",
        "id": "sample_002_0142_000115",
        "annotations": []
    },
    {
        "sentence": "퇴원 시 복약 지침을 상세히 설명한다.",
        "id": "sample_002_0142_000116",
        "annotations": []
    },
    {
        "sentence": "추적 관찰을 위해 외래 방문을 예약했다.",
        "id": "sample_002_0142_000117",
        "annotations": []
    },
    {
        "sentence": "외래 방문 시 혈액검사 및 영상검사를 시행한다.",
        "id": "sample_002_0142_000118",
        "annotations": []
    },
    {
        "sentence": "필요 시 전문의 컨설팅을 의뢰한다.",
        "id": "sample_002_0142_000119",
        "annotations": []
    },
    {
        "sentence": "수술 후 통증 및 발열 여부를 확인한다.",
        "id": "sample_002_0142_000120",
        "annotations": []
    },
    {
        "sentence": "상처의 발적이나 분비물 유무를 점검한다.",
        "id": "sample_002_0142_000121",
        "annotations": []
    },
    {
        "sentence": "퇴원 후 활동제한 기간을 안내한다.",
        "id": "sample_002_0142_000122",
        "annotations": []
    },
    {
        "sentence": "환자 상태에 따라 퇴원 시 교육을 추가한다.",
        "id": "sample_002_0142_000123",
        "annotations": []
    },
    {
        "sentence": "응급상황 발생 시 응급실로 즉시 내원하도록 설명했다.",
        "id": "sample_002_0142_000124",
        "annotations": []
    },
    {
        "sentence": "진료기록은 보안 규정에 따라 관리한다.",
        "id": "sample_002_0142_000125",
        "annotations": []
    },
    {
        "sentence": "개인정보는 법적 기준에 맞게 보호한다.",
        "id": "sample_002_0142_000126",
        "annotations": []
    },
    {
        "sentence": "의무기록 열람 요청 시 절차를 안내한다.",
        "id": "sample_002_0142_000127",
        "annotations": []
    },
    {
        "sentence": "추가적인 문의는 담당 의사에게 연락하라고 안내하였다.",
        "id": "sample_002_0142_000128",
        "annotations": []
    },
    {
        "sentence": "환자 보호자는 치료 과정을 잘 이해하였다.",
        "id": "sample_002_0142_000129",
        "annotations": []
    },
    {
        "sentence": "입원 동안 정기적으로 혈압과 맥박을 측정하였다.",
        "id": "sample_002_0142_000130",
        "annotations": []
    },
    {
        "sentence": "식이 상태 및 소화 기능을 지속적으로 관찰하였다.",
        "id": "sample_002_0142_000131",
        "annotations": []
    },
    {
        "sentence": "전반적인 회복 상태는 양호한 편이다.",
        "id": "sample_002_0142_000132",
        "annotations": []
    },
    {
        "sentence": "수술 후 합병증 발생 여부를 주의 깊게 관찰한다.",
        "id": "sample_002_0142_000133",
        "annotations": []
    },
    {
        "sentence": "처방 약물은 약국을 통해 정확히 조제하도록 하였다.",
        "id": "sample_002_0142_000134",
        "annotations": []
    },
    {
        "sentence": "환자가 보고한 모든 이상 증상을 기록하였다.",
        "id": "sample_002_0142_000135",
        "annotations": []
    },
    {
        "sentence": "의료진은 환자에게 친절하게 설명하였다.",
        "id": "sample_002_0142_000136",
        "annotations": []
    },
    {
        "sentence": "의무기록에 기록된 모든 정보는 정확하다.",
        "id": "sample_002_0142_000137",
        "annotations": []
    },
    {
        "sentence": "사후관리 계획을 수립하여 환자에게 전달하였다.",
        "id": "sample_002_0142_000138",
        "annotations": []
    },
    {
        "sentence": "환자의 증상 호전 여부를 주기적으로 평가한다.",
        "id": "sample_002_0142_000139",
        "annotations": []
    },
    {
        "sentence": "필요 시 추가 검사를 통해 원인을 규명한다.",
        "id": "sample_002_0142_000140",
        "annotations": []
    },
    {
        "sentence": "환자의 개인정보는 보호되며 외부에 노출되지 않는다.",
        "id": "sample_002_0142_000141",
        "annotations": []
    },
    {
        "sentence": "응급 상황 시 신속한 대응을 우선으로 한다.",
        "id": "sample_002_0142_000142",
        "annotations": []
    },
    {
        "sentence": "수술 후 재입원 가능성에 대해 설명하였다.",
        "id": "sample_002_0142_000143",
        "annotations": []
    },
    {
        "sentence": "퇴원 시 통증 관리법을 반복 설명하였다.",
        "id": "sample_002_0142_000144",
        "annotations": []
    },
    {
        "sentence": "응급의료센터 팀은 협력하여 환자를 돌본다.",
        "id": "sample_002_0142_000145",
        "annotations": []
    },
    {
        "sentence": "환자는 담당 의료진의 지시에 잘 따랐다.",
        "id": "sample_002_0142_000146",
        "annotations": []
    },
    {
        "sentence": "퇴원 후 회복을 돕기 위한 생활수칙을 안내하였다.",
        "id": "sample_002_0142_000147",
        "annotations": []
    },
    {
        "sentence": "모든 치료 과정은 환자 동의 하에 시행되었다.",
        "id": "sample_002_0142_000148",
        "annotations": []
    },
    {
        "sentence": "환자 만족도 조사를 추후에 시행할 계획이다.",
        "id": "sample_002_0142_000149",
        "annotations": []
    },
    {
        "sentence": "이상 소견 발생 시 즉시 외래로 재방문시키겠다.",
        "id": "sample_002_0142_000150",
        "annotations": []
    }
]