[
    {
        "sentence": "병원기록 시작.",
        "id": "sample_002_0110_000001",
        "annotations": []
    },
    {
        "sentence": "문서번호는 97이다.",
        "id": "sample_002_0110_000002",
        "annotations": []
    },
    {
        "sentence": "작성병동은 내과 외래이다.",
        "id": "sample_002_0110_000003",
        "annotations": []
    },
    {
        "sentence": "환자명은 정우석이다.",
        "id": "sample_002_0110_000004",
        "annotations": [
            {
                "word": "정우석",
                "start": 5,
                "end": 8,
                "label": "개인정보"
            }
        ]
    },
    {
        "sentence": "생년월일은 1980-09-30이다.",
        "id": "sample_002_0110_000005",
        "annotations": [
            {
                "word": "1980-09-30",
                "start": 6,
                "end": 16,
                "label": "개인정보"
            }
        ]
    },
    {
        "sentence": "성별은 남성이다.",
        "id": "sample_002_0110_000006",
        "annotations": []
    },
    {
        "sentence": "환자ID는 PID097이다.",
        "id": "sample_002_0110_000007",
        "annotations": [
            {
                "word": "PID097",
                "start": 6,
                "end": 12,
                "label": "준식별자"
            }
        ]
    },
    {
        "sentence": "연락처는 010-4718-6203이다.",
        "id": "sample_002_0110_000008",
        "annotations": [
            {
                "word": "010-4718-6203",
                "start": 5,
                "end": 18,
                "label": "기밀정보"
            }
        ]
    },
    {
        "sentence": "긴급연락처는 010-4718-9999이다.",
        "id": "sample_002_0110_000009",
        "annotations": [
            {
                "word": "010-4718-9999",
                "start": 7,
                "end": 20,
                "label": "기밀정보"
            }
        ]
    },
    {
        "sentence": "주소는 서울특별시 영등포구 문래동 문래롯데캐슬 302동 804호이다.",
        "id": "sample_002_0110_000010",
        "annotations": [
            {
                "word": "서울특별시 영등포구 문래동 문래롯데캐슬 302동 804호",
                "start": 4,
                "end": 35,
                "label": "준식별자"
            }
        ]
    },
    {
        "sentence": "보험정보는 800930-1539743이다.",
        "id": "sample_002_0110_000011",
        "annotations": [
            {
                "word": "800930-1539743",
                "start": 6,
                "end": 20,
                "label": "개인정보"
            }
        ]
    },
    {
        "sentence": "내원일은 2024-11-03이다.",
        "id": "sample_002_0110_000012",
        "annotations": [
            {
                "word": "2024-11-03",
                "start": 5,
                "end": 15,
                "label": "준식별자"
            }
        ]
    },
    {
        "sentence": "입원일은 2024-11-03이다.",
        "id": "sample_002_0110_000013",
        "annotations": [
            {
                "word": "2024-11-03",
                "start": 5,
                "end": 15,
                "label": "준식별자"
            }
        ]
    },
    {
        "sentence": "퇴원일은 미정이다.",
        "id": "sample_002_0110_000014",
        "annotations": []
    },
    {
        "sentence": "주요호소및증상은 복통과 오심이다.",
        "id": "sample_002_0110_000015",
        "annotations": []
    },
    {
        "sentence": "발병일은 2024-11-01이다.",
        "id": "sample_002_0110_000016",
        "annotations": [
            {
                "word": "2024-11-01",
                "start": 5,
                "end": 15,
                "label": "준식별자"
            }
        ]
    },
    {
        "sentence": "기저질환은 고혈압과 고지혈증이다.",
        "id": "sample_002_0110_000017",
        "annotations": []
    },
    {
        "sentence": "현재복용약물은 아스피린 단독이다.",
        "id": "sample_002_0110_000018",
        "annotations": []
    },
    {
        "sentence": "과거수술력은 없음이다.",
        "id": "sample_002_0110_000019",
        "annotations": []
    },
    {
        "sentence": "알레르기정보는 없음이다.",
        "id": "sample_002_0110_000020",
        "annotations": []
    },
    {
        "sentence": "흡연음주력은 과거흡연자이다.",
        "id": "sample_002_0110_000021",
        "annotations": []
    },
    {
        "sentence": "직업은 회사원이다.",
        "id": "sample_002_0110_000022",
        "annotations": []
    },
    {
        "sentence": "활력징후 체온은 37.2도이다.",
        "id": "sample_002_0110_000023",
        "annotations": []
    },
    {
        "sentence": "활력징후 맥박은 78회분이다.",
        "id": "sample_002_0110_000024",
        "annotations": []
    },
    {
        "sentence": "활력징후 호흡은 18회분이다.",
        "id": "sample_002_0110_000025",
        "annotations": []
    },
    {
        "sentence": "활력징후 혈압은 132/84mmHg이다.",
        "id": "sample_002_0110_000026",
        "annotations": []
    },
    {
        "sentence": "활력징후 SpO2는 98%이다.",
        "id": "sample_002_0110_000027",
        "annotations": []
    },
    {
        "sentence": "신체검사 HEENT는 특이소견 없음이다.",
        "id": "sample_002_0110_000028",
        "annotations": []
    },
    {
        "sentence": "신체검사 흉부는 무호흡음 소견이다.",
        "id": "sample_002_0110_000029",
        "annotations": []
    },
    {
        "sentence": "신체검사 복부는 우상복부 압통 소견이다.",
        "id": "sample_002_0110_000030",
        "annotations": []
    },
    {
        "sentence": "신체검사 사지피부는 부종없음이다.",
        "id": "sample_002_0110_000031",
        "annotations": []
    },
    {
        "sentence": "검사결과 혈액검사는 WBC 8.6로 정상범위이다.",
        "id": "sample_002_0110_000032",
        "annotations": []
    },
    {
        "sentence": "검사결과 영상검사는 복부초음파에서 지방간 소견이 관찰되었다.",
        "id": "sample_002_0110_000033",
        "annotations": []
    },
    {
        "sentence": "검사결과 신속검사는 음성으로 확인되었다.",
        "id": "sample_002_0110_000034",
        "annotations": []
    },
    {
        "sentence": "임상진단은 급성 위장염 의심이다.",
        "id": "sample_002_0110_000035",
        "annotations": []
    },
    {
        "sentence": "치료계획은 수액공급과 대증치료이다.",
        "id": "sample_002_0110_000036",
        "annotations": []
    },
    {
        "sentence": "약물처방은 항생제와 진통제 위점막보호제이다.",
        "id": "sample_002_0110_000037",
        "annotations": []
    },
    {
        "sentence": "추적관찰및재방문계획은 3일 후 외래 추적이다.",
        "id": "sample_002_0110_000038",
        "annotations": []
    },
    {
        "sentence": "환자교육내용은 식이조절과 휴식 권고이다.",
        "id": "sample_002_0110_000039",
        "annotations": []
    },
    {
        "sentence": "진료담당의는 이진호이다.",
        "id": "sample_002_0110_000040",
        "annotations": []
    },
    {
        "sentence": "작성일은 2024-11-03이다.",
        "id": "sample_002_0110_000041",
        "annotations": [
            {
                "word": "2024-11-03",
                "start": 5,
                "end": 15,
                "label": "준식별자"
            }
        ]
    },
    {
        "sentence": "진료노트및특이사항은 상태 변화 관찰 필요이다.",
        "id": "sample_002_0110_000042",
        "annotations": []
    },
    {
        "sentence": "임상진행 기록 1: 환자는 내원당시 호흡곤란은 호소하지 않았다.",
        "id": "sample_002_0110_000043",
        "annotations": []
    },
    {
        "sentence": "임상진행 기록 2: 환자는 내원당시 구토는 1회 보고하였다.",
        "id": "sample_002_0110_000044",
        "annotations": []
    },
    {
        "sentence": "임상진행 기록 3: 복부 진찰에서 압통은 우상복부에 국한되었다.",
        "id": "sample_002_0110_000045",
        "annotations": []
    },
    {
        "sentence": "임상진행 기록 4: 환자에게 정맥로 확보 후 수액을 투여하였다.",
        "id": "sample_002_0110_000046",
        "annotations": []
    },
    {
        "sentence": "임상진행 기록 5: 초기 혈압은 안정적이었다.",
        "id": "sample_002_0110_000047",
        "annotations": []
    },
    {
        "sentence": "임상진행 기록 6: 통증 강도는 주관적 5점으로 기록되었다.",
        "id": "sample_002_0110_000048",
        "annotations": []
    },
    {
        "sentence": "임상진행 기록 7: 진통제 투여 후 통증 경감이 관찰되었다.",
        "id": "sample_002_0110_000049",
        "annotations": []
    },
    {
        "sentence": "임상진행 기록 8: 항생제는 경구 투여로 시작하였다.",
        "id": "sample_002_0110_000050",
        "annotations": []
    },
    {
        "sentence": "임상진행 기록 9: 오심 완화를 위해 제산제 처방하였다.",
        "id": "sample_002_0110_000051",
        "annotations": []
    },
    {
        "sentence": "임상진행 기록 10: 소변검사는 단백뇨 소견은 없었다.",
        "id": "sample_002_0110_000052",
        "annotations": []
    },
    {
        "sentence": "임상진행 기록 11: 혈액검사 결과는 즉시 보고되었다.",
        "id": "sample_002_0110_000053",
        "annotations": []
    },
    {
        "sentence": "임상진행 기록 12: 간수치는 약간 상승 소견이었다.",
        "id": "sample_002_0110_000054",
        "annotations": []
    },
    {
        "sentence": "임상진행 기록 13: 췌장효소는 정상범위에 있었다.",
        "id": "sample_002_0110_000055",
        "annotations": []
    },
    {
        "sentence": "임상진행 기록 14: 영상의학 결과는 외래로 통보받았다.",
        "id": "sample_002_0110_000056",
        "annotations": []
    },
    {
        "sentence": "임상진행 기록 15: 환자에게 식이제한을 안내하였다.",
        "id": "sample_002_0110_000057",
        "annotations": []
    },
    {
        "sentence": "임상진행 기록 16: 관찰 중 혈압 변화는 미미하였다.",
        "id": "sample_002_0110_000058",
        "annotations": []
    },
    {
        "sentence": "임상진행 기록 17: 심전도는 정상 소견으로 확인되었다.",
        "id": "sample_002_0110_000059",
        "annotations": []
    },
    {
        "sentence": "임상진행 기록 18: 산소포화도는 안정적이었다.",
        "id": "sample_002_0110_000060",
        "annotations": []
    },
    {
        "sentence": "임상진행 기록 19: 배변 상태는 내원 전 정상적이었다.",
        "id": "sample_002_0110_000061",
        "annotations": []
    },
    {
        "sentence": "임상진행 기록 20: 추가 통증 발생시 내원 권고하였다.",
        "id": "sample_002_0110_000062",
        "annotations": []
    },
    {
        "sentence": "임상진행 기록 21: 환자에게 휴식과 수분섭취를 강조하였다.",
        "id": "sample_002_0110_000063",
        "annotations": []
    },
    {
        "sentence": "임상진행 기록 22: 약 복용 후 알레르기 반응은 없었다.",
        "id": "sample_002_0110_000064",
        "annotations": []
    },
    {
        "sentence": "임상진행 기록 23: 환자 상태는 점진적으로 호전되었다.",
        "id": "sample_002_0110_000065",
        "annotations": []
    },
    {
        "sentence": "임상진행 기록 24: 내원 후 6시간 경과 관찰을 시행하였다.",
        "id": "sample_002_0110_000066",
        "annotations": []
    },
    {
        "sentence": "임상진행 기록 25: 추가 검사 필요성은 낮다고 판단하였다.",
        "id": "sample_002_0110_000067",
        "annotations": []
    },
    {
        "sentence": "임상진행 기록 26: 환자 의식상태는 명료하였다.",
        "id": "sample_002_0110_000068",
        "annotations": []
    },
    {
        "sentence": "임상진행 기록 27: 피부 색조는 정상 범주의 분류이었다.",
        "id": "sample_002_0110_000069",
        "annotations": []
    },
    {
        "sentence": "임상진행 기록 28: 혈액응고검사는 특별한 이상이 없었다.",
        "id": "sample_002_0110_000070",
        "annotations": []
    },
    {
        "sentence": "임상진행 기록 29: 소화기 증상은 점차 호전 양상을 보였다.",
        "id": "sample_002_0110_000071",
        "annotations": []
    },
    {
        "sentence": "임상진행 기록 30: 진료팀은 정기적으로 상태를 체크하였다.",
        "id": "sample_002_0110_000072",
        "annotations": []
    },
    {
        "sentence": "임상진행 기록 31: 환자는 교육 내용에 대해 이해를 표시하였다.",
        "id": "sample_002_0110_000073",
        "annotations": []
    },
    {
        "sentence": "임상진행 기록 32: 추적검사는 외래에서 시행 예정으로 기록하였다.",
        "id": "sample_002_0110_000074",
        "annotations": []
    },
    {
        "sentence": "임상진행 기록 33: 입원 필요성은 최종적으로 낮게 평가되었다.",
        "id": "sample_002_0110_000075",
        "annotations": []
    },
    {
        "sentence": "임상진행 기록 34: 환자 신분 및 연락처는 등록 완료되었다.",
        "id": "sample_002_0110_000076",
        "annotations": []
    },
    {
        "sentence": "임상진행 기록 35: 보호자와의 소통은 원활하게 이루어졌다.",
        "id": "sample_002_0110_000077",
        "annotations": []
    },
    {
        "sentence": "임상진행 기록 36: 검사 결과는 전자의무기록에 입력되었다.",
        "id": "sample_002_0110_000078",
        "annotations": []
    },
    {
        "sentence": "임상진행 기록 37: 감염 징후는 명확하게 보이지 않았다.",
        "id": "sample_002_0110_000079",
        "annotations": []
    },
    {
        "sentence": "임상진행 기록 38: 증상 악화 시 응급실로 재방문 권고되었다.",
        "id": "sample_002_0110_000080",
        "annotations": []
    },
    {
        "sentence": "임상진행 기록 39: 약물복용 중 위장관 부작용은 관찰되지 않았다.",
        "id": "sample_002_0110_000081",
        "annotations": []
    },
    {
        "sentence": "임상진행 기록 40: 환자는 규칙적인 식사 섭취를 권유받았다.",
        "id": "sample_002_0110_000082",
        "annotations": []
    },
    {
        "sentence": "임상진행 기록 41: 통증 위치는 우상복부로 지속되었다.",
        "id": "sample_002_0110_000083",
        "annotations": []
    },
    {
        "sentence": "임상진행 기록 42: 임상소견은 일관되게 기록되었다.",
        "id": "sample_002_0110_000084",
        "annotations": []
    },
    {
        "sentence": "임상진행 기록 43: 환자의 수면은 내원 전과 유사하였다.",
        "id": "sample_002_0110_000085",
        "annotations": []
    },
    {
        "sentence": "임상진행 기록 44: 기능적 활동 제한은 경미하였다.",
        "id": "sample_002_0110_000086",
        "annotations": []
    },
    {
        "sentence": "임상진행 기록 45: 필요시 추가 영상검사를 계획하였다.",
        "id": "sample_002_0110_000087",
        "annotations": []
    },
    {
        "sentence": "임상진행 기록 46: 외래 추적 시 증상 소실 여부를 확인할 계획이다.",
        "id": "sample_002_0110_000088",
        "annotations": []
    },
    {
        "sentence": "임상진행 기록 47: 환자의 혈청 효소는 추적 관찰 예정이다.",
        "id": "sample_002_0110_000089",
        "annotations": []
    },
    {
        "sentence": "임상진행 기록 48: 간염 표지는 음성으로 보고되었다.",
        "id": "sample_002_0110_000090",
        "annotations": []
    },
    {
        "sentence": "임상진행 기록 49: 환자에게 약 복용법을 서면으로 제공하였다.",
        "id": "sample_002_0110_000091",
        "annotations": []
    },
    {
        "sentence": "임상진행 기록 50: 간헐적 복통은 경과 관찰 대상이다.",
        "id": "sample_002_0110_000092",
        "annotations": []
    },
    {
        "sentence": "임상진행 기록 51: 환자 수분 섭취량은 권고량에 준하였다.",
        "id": "sample_002_0110_000093",
        "annotations": []
    },
    {
        "sentence": "임상진행 기록 52: 냉온 찜질은 권장하지 않았다.",
        "id": "sample_002_0110_000094",
        "annotations": []
    },
    {
        "sentence": "임상진행 기록 53: 복부 촉진에서 반발압통은 없었다.",
        "id": "sample_002_0110_000095",
        "annotations": []
    },
    {
        "sentence": "임상진행 기록 54: 식사 후 증상 악화 여부를 확인하였다.",
        "id": "sample_002_0110_000096",
        "annotations": []
    },
    {
        "sentence": "임상진행 기록 55: 가족력에 특이사항은 보고되지 않았다.",
        "id": "sample_002_0110_000097",
        "annotations": []
    },
    {
        "sentence": "임상진행 기록 56: 환자의 활동력은 양호하였다.",
        "id": "sample_002_0110_000098",
        "annotations": []
    },
    {
        "sentence": "임상진행 기록 57: 퇴원 시 약물 복용 계획을 설명하였다.",
        "id": "sample_002_0110_000099",
        "annotations": []
    },
    {
        "sentence": "임상진행 기록 58: 약물 상호작용 여부를 검토하였다.",
        "id": "sample_002_0110_000100",
        "annotations": []
    },
    {
        "sentence": "임상진행 기록 59: 외래 담당 의사는 동일 팀으로 지정되었다.",
        "id": "sample_002_0110_000101",
        "annotations": []
    },
    {
        "sentence": "임상진행 기록 60: 환자 상태에 대한 메모는 전자의무기록에 보관되었다.",
        "id": "sample_002_0110_000102",
        "annotations": []
    },
    {
        "sentence": "임상진행 기록 61: 검사 채혈 후 출혈 소견은 관찰되지 않았다.",
        "id": "sample_002_0110_000103",
        "annotations": []
    },
    {
        "sentence": "임상진행 기록 62: 환자의 통증은 약물로 잘 조절되었다.",
        "id": "sample_002_0110_000104",
        "annotations": []
    },
    {
        "sentence": "임상진행 기록 63: 추가적인 식이상담이 필요할 수 있다.",
        "id": "sample_002_0110_000105",
        "annotations": []
    },
    {
        "sentence": "임상진행 기록 64: 증상 추이에 따라 치료 변경 가능하다.",
        "id": "sample_002_0110_000106",
        "annotations": []
    },
    {
        "sentence": "임상진행 기록 65: 임상회의에서 사례를 공유하였다.",
        "id": "sample_002_0110_000107",
        "annotations": []
    },
    {
        "sentence": "임상진행 기록 66: 환자는 의료진의 지시에 협조적이었다.",
        "id": "sample_002_0110_000108",
        "annotations": []
    },
    {
        "sentence": "임상진행 기록 67: 환자 기록은 보호자 동의 하에 열람된다.",
        "id": "sample_002_0110_000109",
        "annotations": []
    },
    {
        "sentence": "임상진행 기록 68: 필요 시 전문과 협진을 고려한다.",
        "id": "sample_002_0110_000110",
        "annotations": []
    },
    {
        "sentence": "임상진행 기록 69: 입원 결정은 당일 재평가로 진행될 수 있다.",
        "id": "sample_002_0110_000111",
        "annotations": []
    },
    {
        "sentence": "임상진행 기록 70: 보존적 치료로도 증상 호전 가능성이 높다.",
        "id": "sample_002_0110_000112",
        "annotations": []
    },
    {
        "sentence": "임상진행 기록 71: 추적 검사 일정은 환자와 합의하였다.",
        "id": "sample_002_0110_000113",
        "annotations": []
    },
    {
        "sentence": "임상진행 기록 72: 외래 예약은 접수 데스크에서 안내하였다.",
        "id": "sample_002_0110_000114",
        "annotations": []
    },
    {
        "sentence": "임상진행 기록 73: 치료 반응은 주기적으로 평가될 예정이다.",
        "id": "sample_002_0110_000115",
        "annotations": []
    },
    {
        "sentence": "임상진행 기록 74: 환자의 기본활동은 자립적이었다.",
        "id": "sample_002_0110_000116",
        "annotations": []
    },
    {
        "sentence": "임상진행 기록 75: 추가적인 연구검사는 필요 시 시행한다.",
        "id": "sample_002_0110_000117",
        "annotations": []
    },
    {
        "sentence": "임상진행 기록 76: 약물 부작용 발생 시 즉시 보고하도록 안내하였다.",
        "id": "sample_002_0110_000118",
        "annotations": []
    },
    {
        "sentence": "임상진행 기록 77: 환자 상태 기록은 매 교대마다 업데이트되었다.",
        "id": "sample_002_0110_000119",
        "annotations": []
    },
    {
        "sentence": "임상진행 기록 78: 환자의 통증 양상은 명확히 기술되었다.",
        "id": "sample_002_0110_000120",
        "annotations": []
    },
    {
        "sentence": "임상진행 기록 79: 야간 증상 발생 여부를 청취하였다.",
        "id": "sample_002_0110_000121",
        "annotations": []
    },
    {
        "sentence": "임상진행 기록 80: 퇴원 시점은 증상 소실 시로 계획되었다.",
        "id": "sample_002_0110_000122",
        "annotations": []
    },
    {
        "sentence": "임상진행 기록 81: 환자에게 재발 시 행동요령을 서면으로 전달하였다.",
        "id": "sample_002_0110_000123",
        "annotations": []
    },
    {
        "sentence": "임상진행 기록 82: 외래 방문 시 혈액검사 결과를 비교할 예정이다.",
        "id": "sample_002_0110_000124",
        "annotations": []
    },
    {
        "sentence": "임상진행 기록 83: 복부 초음파 영상은 연구용으로 저장되었다.",
        "id": "sample_002_0110_000125",
        "annotations": []
    },
    {
        "sentence": "임상진행 기록 84: 환자의 통증 조절 목표를 설정하였다.",
        "id": "sample_002_0110_000126",
        "annotations": []
    },
    {
        "sentence": "임상진행 기록 85: 치료 일정을 환자와 공유하였다.",
        "id": "sample_002_0110_000127",
        "annotations": []
    },
    {
        "sentence": "임상진행 기록 86: 외래 담당 간호사가 환자 상태를 모니터링한다.",
        "id": "sample_002_0110_000128",
        "annotations": []
    },
    {
        "sentence": "임상진행 기록 87: 환자 보조기구 필요성은 낮았다.",
        "id": "sample_002_0110_000129",
        "annotations": []
    },
    {
        "sentence": "임상진행 기록 88: 증상 호전을 위해 활동량을 조절하도록 권고하였다.",
        "id": "sample_002_0110_000130",
        "annotations": []
    },
    {
        "sentence": "임상진행 기록 89: 임상 사진 촬영은 이루어지지 않았다.",
        "id": "sample_002_0110_000131",
        "annotations": []
    },
    {
        "sentence": "임상진행 기록 90: 의료진은 환자의 불편감을 최소화하였다.",
        "id": "sample_002_0110_000132",
        "annotations": []
    },
    {
        "sentence": "임상진행 기록 91: 추가적인 약물 변경은 없었다.",
        "id": "sample_002_0110_000133",
        "annotations": []
    },
    {
        "sentence": "임상진행 기록 92: 보호자 교육도 함께 진행되었다.",
        "id": "sample_002_0110_000134",
        "annotations": []
    },
    {
        "sentence": "임상진행 기록 93: 환자 상태는 안정적이며 퇴원 가능성이 높다.",
        "id": "sample_002_0110_000135",
        "annotations": []
    },
    {
        "sentence": "임상진행 기록 94: 외래 추적 예약은 3일 후로 확정되었다.",
        "id": "sample_002_0110_000136",
        "annotations": []
    },
    {
        "sentence": "임상진행 기록 95: 환자에게 자가 관리 수칙을 설명하였다.",
        "id": "sample_002_0110_000137",
        "annotations": []
    },
    {
        "sentence": "임상진행 기록 96: 식이 일지를 작성하도록 권유하였다.",
        "id": "sample_002_0110_000138",
        "annotations": []
    },
    {
        "sentence": "임상진행 기록 97: 약 복용 체크리스트를 제공하였다.",
        "id": "sample_002_0110_000139",
        "annotations": []
    },
    {
        "sentence": "임상진행 기록 98: 약물 복용 후 이상반응은 즉시 중단토록 안내하였다.",
        "id": "sample_002_0110_000140",
        "annotations": []
    },
    {
        "sentence": "임상진행 기록 99: 환자 동의 하에 사례보고서 작성 예정이다.",
        "id": "sample_002_0110_000141",
        "annotations": []
    },
    {
        "sentence": "임상진행 기록 100: 진료종결 전 최종 상태를 다시 평가한다.",
        "id": "sample_002_0110_000142",
        "annotations": []
    },
    {
        "sentence": "임상진행 기록 101: 퇴원 수속은 외래에서 진행 가능하다.",
        "id": "sample_002_0110_000143",
        "annotations": []
    },
    {
        "sentence": "임상진행 기록 102: 환자의 복약 순응도는 양호하였다.",
        "id": "sample_002_0110_000144",
        "annotations": []
    },
    {
        "sentence": "임상진행 기록 103: 필요 시 심리적 지지 서비스를 연계한다.",
        "id": "sample_002_0110_000145",
        "annotations": []
    },
    {
        "sentence": "임상진행 기록 104: 환자 생활습관 개선을 권고하였다.",
        "id": "sample_002_0110_000146",
        "annotations": []
    },
    {
        "sentence": "임상진행 기록 105: 추후 재발 시 검사 항목을 지정하였다.",
        "id": "sample_002_0110_000147",
        "annotations": []
    },
    {
        "sentence": "임상진행 기록 106: 간단한 운동은 증상 개선에 도움이 된다.",
        "id": "sample_002_0110_000148",
        "annotations": []
    },
    {
        "sentence": "임상진행 기록 107: 환자 불편 사항은 즉각 대응하였다.",
        "id": "sample_002_0110_000149",
        "annotations": []
    },
    {
        "sentence": "임상진행 기록 108: 투약 기록은 전자의무기록에 보관되었다.",
        "id": "sample_002_0110_000150",
        "annotations": []
    }
]