[
    {
        "sentence": "문서번호는 24이다.",
        "id": "sample_002_0024_000001",
        "annotations": []
    },
    {
        "sentence": "작성병동은 내과중환자실이다.",
        "id": "sample_002_0024_000002",
        "annotations": []
    },
    {
        "sentence": "작성부서는 내과중환자팀이다.",
        "id": "sample_002_0024_000003",
        "annotations": []
    },
    {
        "sentence": "환자명은 한도윤이다.",
        "id": "sample_002_0024_000004",
        "annotations": [
            {
                "word": "한도윤",
                "start": 5,
                "end": 8,
                "label": "개인정보"
            }
        ]
    },
    {
        "sentence": "생년월일은 1976년 09월 12일이다.",
        "id": "sample_002_0024_000005",
        "annotations": [
            {
                "word": "1976년",
                "start": 6,
                "end": 11,
                "label": "준식별자"
            },
            {
                "word": "09월",
                "start": 12,
                "end": 15,
                "label": "준식별자"
            },
            {
                "word": "12일",
                "start": 16,
                "end": 19,
                "label": "준식별자"
            }
        ]
    },
    {
        "sentence": "연령은 49세이다.",
        "id": "sample_002_0024_000006",
        "annotations": [
            {
                "word": "49세",
                "start": 4,
                "end": 7,
                "label": "준식별자"
            }
        ]
    },
    {
        "sentence": "성별은 남성이다.",
        "id": "sample_002_0024_000007",
        "annotations": [
            {
                "word": "남성",
                "start": 4,
                "end": 6,
                "label": "준식별자"
            }
        ]
    },
    {
        "sentence": "보험정보는 760912-1528712이다.",
        "id": "sample_002_0024_000008",
        "annotations": [
            {
                "word": "760912-1528712",
                "start": 6,
                "end": 20,
                "label": "개인정보"
            }
        ]
    },
    {
        "sentence": "주소는 부산광역시 사상구 감전동 감전그린빌라 3동 201호이다.",
        "id": "sample_002_0024_000009",
        "annotations": [
            {
                "word": "부산광역시",
                "start": 4,
                "end": 9,
                "label": "준식별자"
            },
            {
                "word": "사상구",
                "start": 10,
                "end": 13,
                "label": "준식별자"
            },
            {
                "word": "감전동",
                "start": 14,
                "end": 17,
                "label": "준식별자"
            },
            {
                "word": "감전그린빌라",
                "start": 18,
                "end": 24,
                "label": "준식별자"
            },
            {
                "word": "3동",
                "start": 25,
                "end": 27,
                "label": "준식별자"
            },
            {
                "word": "201호",
                "start": 28,
                "end": 32,
                "label": "준식별자"
            }
        ]
    },
    {
        "sentence": "연락처는 010-7128-9042이다.",
        "id": "sample_002_0024_000010",
        "annotations": [
            {
                "word": "010-7128-9042",
                "start": 5,
                "end": 18,
                "label": "개인정보"
            }
        ]
    },
    {
        "sentence": "긴급연락처는 가족 연락처로 등록되어 있다.",
        "id": "sample_002_0024_000011",
        "annotations": []
    },
    {
        "sentence": "입원일은 2025년 7월 10일이다.",
        "id": "sample_002_0024_000012",
        "annotations": [
            {
                "word": "2025년",
                "start": 5,
                "end": 10,
                "label": "기밀정보"
            },
            {
                "word": "2025년",
                "start": 5,
                "end": 10,
                "label": "준식별자"
            },
            {
                "word": "7월",
                "start": 11,
                "end": 13,
                "label": "기밀정보"
            },
            {
                "word": "7월",
                "start": 11,
                "end": 13,
                "label": "준식별자"
            },
            {
                "word": "10일",
                "start": 14,
                "end": 17,
                "label": "기밀정보"
            },
            {
                "word": "10일",
                "start": 14,
                "end": 17,
                "label": "준식별자"
            }
        ]
    },
    {
        "sentence": "퇴원일은 추후 결정될 예정이다.",
        "id": "sample_002_0024_000013",
        "annotations": []
    },
    {
        "sentence": "주요호소및증상은 흉통과 호흡곤란이다.",
        "id": "sample_002_0024_000014",
        "annotations": []
    },
    {
        "sentence": "발병일은 2025년 7월 9일 전후로 보인다.",
        "id": "sample_002_0024_000015",
        "annotations": [
            {
                "word": "2025년",
                "start": 5,
                "end": 10,
                "label": "기밀정보"
            },
            {
                "word": "2025년",
                "start": 5,
                "end": 10,
                "label": "준식별자"
            },
            {
                "word": "7월",
                "start": 11,
                "end": 13,
                "label": "기밀정보"
            },
            {
                "word": "7월",
                "start": 11,
                "end": 13,
                "label": "준식별자"
            },
            {
                "word": "9일",
                "start": 14,
                "end": 16,
                "label": "준식별자"
            }
        ]
    },
    {
        "sentence": "기저질환에는 고혈압 고지혈증이 포함된다.",
        "id": "sample_002_0024_000016",
        "annotations": []
    },
    {
        "sentence": "현재복용약물로 아스피린과 스타틴이 있다.",
        "id": "sample_002_0024_000017",
        "annotations": []
    },
    {
        "sentence": "과거수술력으로는 맹장수술이 있다.",
        "id": "sample_002_0024_000018",
        "annotations": []
    },
    {
        "sentence": "알레르기정보는 페니실린 알레르기이다.",
        "id": "sample_002_0024_000019",
        "annotations": []
    },
    {
        "sentence": "흡연력은 과거 10년 흡연 후 금연 중이다.",
        "id": "sample_002_0024_000020",
        "annotations": []
    },
    {
        "sentence": "음주력은 주말 위주의 음주이다.",
        "id": "sample_002_0024_000021",
        "annotations": []
    },
    {
        "sentence": "직업은 자영업이다.",
        "id": "sample_002_0024_000022",
        "annotations": []
    },
    {
        "sentence": "활력징후 체온 37.2도이다.",
        "id": "sample_002_0024_000023",
        "annotations": []
    },
    {
        "sentence": "활력징후 맥박 82회 분당이다.",
        "id": "sample_002_0024_000024",
        "annotations": []
    },
    {
        "sentence": "활력징후 호흡 18회 분당이다.",
        "id": "sample_002_0024_000025",
        "annotations": []
    },
    {
        "sentence": "활력징후 혈압 132 대 84 밀리미터수은주이다.",
        "id": "sample_002_0024_000026",
        "annotations": []
    },
    {
        "sentence": "활력징후 SpO2는 96퍼센트이다.",
        "id": "sample_002_0024_000027",
        "annotations": []
    },
    {
        "sentence": "HEENT 검사에서 이비인후과적 이상 소견은 없다.",
        "id": "sample_002_0024_000028",
        "annotations": []
    },
    {
        "sentence": "흉부 검사에서 수축기 잡음은 관찰되지 않았다.",
        "id": "sample_002_0024_000029",
        "annotations": []
    },
    {
        "sentence": "복부검사에서 압통이나 종괴는 발견되지 않았다.",
        "id": "sample_002_0024_000030",
        "annotations": []
    },
    {
        "sentence": "사지 피부에 발진이나 궤양은 없다.",
        "id": "sample_002_0024_000031",
        "annotations": []
    },
    {
        "sentence": "혈액검사 결과는 백혈구 정상 범위이다.",
        "id": "sample_002_0024_000032",
        "annotations": []
    },
    {
        "sentence": "혈색소 수치는 경미한 빈혈 소견이다.",
        "id": "sample_002_0024_000033",
        "annotations": []
    },
    {
        "sentence": "혈소판은 정상 범위 내이다.",
        "id": "sample_002_0024_000034",
        "annotations": []
    },
    {
        "sentence": "간기능 검사에서 AST ALT는 경미 상승이다.",
        "id": "sample_002_0024_000035",
        "annotations": []
    },
    {
        "sentence": "신기능 검사에서 크레아티닌은 정상 범위이다.",
        "id": "sample_002_0024_000036",
        "annotations": []
    },
    {
        "sentence": "전해질은 정상이었다.",
        "id": "sample_002_0024_000037",
        "annotations": []
    },
    {
        "sentence": "심전도 검사에서 비정상 리듬은 관찰되지 않았다.",
        "id": "sample_002_0024_000038",
        "annotations": []
    },
    {
        "sentence": "흉부 X선 촬영에서 폐침윤 소견은 관찰되지 않았다.",
        "id": "sample_002_0024_000039",
        "annotations": []
    },
    {
        "sentence": "내부 시스템 계정명은 admin_internal이다.",
        "id": "sample_002_0024_000040",
        "annotations": [
            {
                "word": "admin_internal",
                "start": 12,
                "end": 26,
                "label": "기밀정보"
            }
        ]
    },
    {
        "sentence": "내부 URL은 intranet.hospital.local 이다.",
        "id": "sample_002_0024_000041",
        "annotations": [
            {
                "word": "intranet.hospital.local",
                "start": 8,
                "end": 31,
                "label": "기밀정보"
            }
        ]
    },
    {
        "sentence": "병원장 김민수는 회의에서 보고하였다.",
        "id": "sample_002_0024_000042",
        "annotations": [
            {
                "word": "김민수",
                "start": 4,
                "end": 7,
                "label": "기밀정보"
            }
        ]
    },
    {
        "sentence": "회계관리 파일명은 accounting_2025_q3.xlsx 이다.",
        "id": "sample_002_0024_000043",
        "annotations": [
            {
                "word": "accounting_2025_q3.xlsx",
                "start": 10,
                "end": 33,
                "label": "기밀정보"
            }
        ]
    },
    {
        "sentence": "서버 경로는 /srv/hospital/data/patient_records/ 이다.",
        "id": "sample_002_0024_000044",
        "annotations": [
            {
                "word": "/srv/hospital/data/patient_records/",
                "start": 7,
                "end": 42,
                "label": "기밀정보"
            }
        ]
    },
    {
        "sentence": "의료장비 계약내역 파일명은 med_contract_orthopedics_2025.pdf 이다.",
        "id": "sample_002_0024_000045",
        "annotations": [
            {
                "word": "med_contract_orthopedics_2025.pdf",
                "start": 15,
                "end": 48,
                "label": "기밀정보"
            }
        ]
    },
    {
        "sentence": "임상진단은 급성 관상동맥 증후군으로 의심된다.",
        "id": "sample_002_0024_000046",
        "annotations": []
    },
    {
        "sentence": "추가 검사로 심초음파 검사를 시행할 예정이다.",
        "id": "sample_002_0024_000047",
        "annotations": []
    },
    {
        "sentence": "치료계획으로 항혈소판제 투여를 유지한다.",
        "id": "sample_002_0024_000048",
        "annotations": []
    },
    {
        "sentence": "필요시 혈관조영술을 고려한다.",
        "id": "sample_002_0024_000049",
        "annotations": []
    },
    {
        "sentence": "혈압과 심전도 모니터링을 지속한다.",
        "id": "sample_002_0024_000050",
        "annotations": []
    },
    {
        "sentence": "약물처방으로 아스피린 100mg 하루 1정 처방했다.",
        "id": "sample_002_0024_000051",
        "annotations": []
    },
    {
        "sentence": "스타틴은 하루 1회 복용하도록 지시했다.",
        "id": "sample_002_0024_000052",
        "annotations": []
    },
    {
        "sentence": "진통제는 필요시 복용하도록 안내했다.",
        "id": "sample_002_0024_000053",
        "annotations": []
    },
    {
        "sentence": "추적관찰및재방문계획은 일주일 후 외래이다.",
        "id": "sample_002_0024_000054",
        "annotations": []
    },
    {
        "sentence": "환자교육내용으로 약물 복용 준수 중요성을 설명했다.",
        "id": "sample_002_0024_000055",
        "annotations": []
    },
    {
        "sentence": "흡연과 음주에 대한 금지 교육을 하였다.",
        "id": "sample_002_0024_000056",
        "annotations": []
    },
    {
        "sentence": "식이요법과 운동 권고를 설명하였다.",
        "id": "sample_002_0024_000057",
        "annotations": []
    },
    {
        "sentence": "퇴원 후 일상생활 복귀 시 주의사항을 안내했다.",
        "id": "sample_002_0024_000058",
        "annotations": []
    },
    {
        "sentence": "진료담당의는 이준호 원장이다.",
        "id": "sample_002_0024_000059",
        "annotations": [
            {
                "word": "이준호",
                "start": 7,
                "end": 10,
                "label": "기밀정보"
            },
            {
                "word": "이준호",
                "start": 7,
                "end": 10,
                "label": "개인정보"
            }
        ]
    },
    {
        "sentence": "작성일은 2025년 7월 10일로 표기한다.",
        "id": "sample_002_0024_000060",
        "annotations": [
            {
                "word": "2025년",
                "start": 5,
                "end": 10,
                "label": "기밀정보"
            },
            {
                "word": "2025년",
                "start": 5,
                "end": 10,
                "label": "준식별자"
            },
            {
                "word": "7월",
                "start": 11,
                "end": 13,
                "label": "기밀정보"
            },
            {
                "word": "7월",
                "start": 11,
                "end": 13,
                "label": "준식별자"
            },
            {
                "word": "10일",
                "start": 14,
                "end": 17,
                "label": "기밀정보"
            },
            {
                "word": "10일",
                "start": 14,
                "end": 17,
                "label": "준식별자"
            }
        ]
    },
    {
        "sentence": "진료노트및특이사항으로 흉통 재발 위험을 경고하였다.",
        "id": "sample_002_0024_000061",
        "annotations": []
    },
    {
        "sentence": "환자 가족에게 현재 상태를 설명하였다.",
        "id": "sample_002_0024_000062",
        "annotations": []
    },
    {
        "sentence": "외래 추적은 심장내과에서 진행 예정이다.",
        "id": "sample_002_0024_000063",
        "annotations": []
    },
    {
        "sentence": "응급시 응급실로 즉시 내원하도록 교육했다.",
        "id": "sample_002_0024_000064",
        "annotations": []
    },
    {
        "sentence": "필요시 다른 전문과의 협진을 요청할 수 있다.",
        "id": "sample_002_0024_000065",
        "annotations": []
    },
    {
        "sentence": "심혈관 위험인자 관리가 중요하다.",
        "id": "sample_002_0024_000066",
        "annotations": []
    },
    {
        "sentence": "결과 설명 및 치료 동의는 서면으로 받았다.",
        "id": "sample_002_0024_000067",
        "annotations": []
    },
    {
        "sentence": "검사 결과는 전자의무기록에 입력하였다.",
        "id": "sample_002_0024_000068",
        "annotations": []
    },
    {
        "sentence": "의무기록 파일은 내부 서버에 저장되어 있다.",
        "id": "sample_002_0024_000069",
        "annotations": []
    },
    {
        "sentence": "간호기록은 입원 중 매일 작성되었다.",
        "id": "sample_002_0024_000070",
        "annotations": []
    },
    {
        "sentence": "재활치료가 필요한 경우 재활과 상담을 권유한다.",
        "id": "sample_002_0024_000071",
        "annotations": []
    },
    {
        "sentence": "영양평가가 필요하다고 판단되면 영양팀 의뢰한다.",
        "id": "sample_002_0024_000072",
        "annotations": []
    },
    {
        "sentence": "통증 관리에 있어 약물 조절을 지속 관찰한다.",
        "id": "sample_002_0024_000073",
        "annotations": []
    },
    {
        "sentence": "환자의 활동량 제한은 증상 호전에 따라 완화한다.",
        "id": "sample_002_0024_000074",
        "annotations": []
    },
    {
        "sentence": "모니터링 계획을 입원 중 간호팀과 공유한다.",
        "id": "sample_002_0024_000075",
        "annotations": []
    },
    {
        "sentence": "환자 상태 변화 시 즉시 주치의에게 보고하도록 지시했다.",
        "id": "sample_002_0024_000076",
        "annotations": []
    },
    {
        "sentence": "예후는 환자의 기저질환에 따라 다를 수 있다.",
        "id": "sample_002_0024_000077",
        "annotations": []
    },
    {
        "sentence": "심혈관계 상태 악화 시 즉시 중재가 필요하다.",
        "id": "sample_002_0024_000078",
        "annotations": []
    },
    {
        "sentence": "이 기록은 교육 및 진료 목적으로 사용될 수 있다.",
        "id": "sample_002_0024_000079",
        "annotations": []
    },
    {
        "sentence": "환자 개인정보는 법적 절차에 의해 제공될 수 있다.",
        "id": "sample_002_0024_000080",
        "annotations": []
    },
    {
        "sentence": "추가 검사 결과가 나오면 진료기록을 갱신한다.",
        "id": "sample_002_0024_000081",
        "annotations": []
    },
    {
        "sentence": "필요시 혈액검사를 추가로 시행한다.",
        "id": "sample_002_0024_000082",
        "annotations": []
    },
    {
        "sentence": "스텐트 삽입 시 합병증에 대해 설명한다.",
        "id": "sample_002_0024_000083",
        "annotations": []
    },
    {
        "sentence": "수술이 필요한 경우 전문의와 상의 후 결정한다.",
        "id": "sample_002_0024_000084",
        "annotations": []
    },
    {
        "sentence": "내과적 치료로 증상 개선을 목표로 한다.",
        "id": "sample_002_0024_000085",
        "annotations": []
    },
    {
        "sentence": "입원 기간은 환자 반응에 따라 변동된다.",
        "id": "sample_002_0024_000086",
        "annotations": []
    },
    {
        "sentence": "진료 기록은 보관 기간 동안 안전하게 관리된다.",
        "id": "sample_002_0024_000087",
        "annotations": []
    },
    {
        "sentence": "데이터 접근은 권한 있는 직원만 가능하다.",
        "id": "sample_002_0024_000088",
        "annotations": []
    },
    {
        "sentence": "모든 처방과 조치는 전자의무기록에 기록한다.",
        "id": "sample_002_0024_000089",
        "annotations": []
    },
    {
        "sentence": "필요한 임상 사진은 PACS에 저장된다.",
        "id": "sample_002_0024_000090",
        "annotations": []
    },
    {
        "sentence": "영상검사 결과는 영상의학과 소견을 참조한다.",
        "id": "sample_002_0024_000091",
        "annotations": []
    },
    {
        "sentence": "병실 배정은 의료진 판단에 따라 이루어진다.",
        "id": "sample_002_0024_000092",
        "annotations": []
    },
    {
        "sentence": "비용 및 청구 내역은 병원 회계시스템에 등록된다.",
        "id": "sample_002_0024_000093",
        "annotations": []
    },
    {
        "sentence": "환자 만족도 조사는 퇴원 후 시행될 수 있다.",
        "id": "sample_002_0024_000094",
        "annotations": []
    },
    {
        "sentence": "환자의 법적 대리인 정보는 별도 기록되어 있다.",
        "id": "sample_002_0024_000095",
        "annotations": []
    },
    {
        "sentence": "투약 내역은 간호기록과 약물관리시스템에 연동된다.",
        "id": "sample_002_0024_000096",
        "annotations": []
    },
    {
        "sentence": "감염관리 지침을 준수하여 환자를 보호한다.",
        "id": "sample_002_0024_000097",
        "annotations": []
    },
    {
        "sentence": "병원 내 안전사고 예방을 위해 교육을 실시한다.",
        "id": "sample_002_0024_000098",
        "annotations": []
    },
    {
        "sentence": "연구 목적으로 데이터 사용 시 윤리심의 승인을 받는다.",
        "id": "sample_002_0024_000099",
        "annotations": []
    },
    {
        "sentence": "진료 기록은 환자의 동의하에 외부에 제공될 수 있다.",
        "id": "sample_002_0024_000100",
        "annotations": []
    },
    {
        "sentence": "의료진은 환자 진료에 대해 서명하여 책임을 진다.",
        "id": "sample_002_0024_000101",
        "annotations": []
    },
    {
        "sentence": "모든 절차는 관련 법규와 지침을 준수한다.",
        "id": "sample_002_0024_000102",
        "annotations": []
    },
    {
        "sentence": "응급상황 처리 프로토콜을 숙지하도록 교육하였다.",
        "id": "sample_002_0024_000103",
        "annotations": []
    },
    {
        "sentence": "환자에 대한 상담 기록은 상담일자와 함께 기록한다.",
        "id": "sample_002_0024_000104",
        "annotations": []
    },
    {
        "sentence": "필요시 통역 서비스를 제공할 수 있다.",
        "id": "sample_002_0024_000105",
        "annotations": []
    },
    {
        "sentence": "안전한 약물 관리를 위해 확인 절차를 시행한다.",
        "id": "sample_002_0024_000106",
        "annotations": []
    },
    {
        "sentence": "환자의 치료 거부 의사가 있을 경우 기록한다.",
        "id": "sample_002_0024_000107",
        "annotations": []
    },
    {
        "sentence": "임상시험 참여 의사는 별도 동의서에 기록한다.",
        "id": "sample_002_0024_000108",
        "annotations": []
    },
    {
        "sentence": "환자에게 복약 확인 절차를 교육하였다.",
        "id": "sample_002_0024_000109",
        "annotations": []
    },
    {
        "sentence": "통계 목적의 익명화는 관련 규정에 따른다.",
        "id": "sample_002_0024_000110",
        "annotations": []
    },
    {
        "sentence": "환자에게 증상 발생 시 연락 방법을 안내하였다.",
        "id": "sample_002_0024_000111",
        "annotations": []
    },
    {
        "sentence": "진료 중 발생한 이상 징후는 즉시 보고되었다.",
        "id": "sample_002_0024_000112",
        "annotations": []
    },
    {
        "sentence": "필요시 응급처치 장비를 즉시 사용한다.",
        "id": "sample_002_0024_000113",
        "annotations": []
    },
    {
        "sentence": "추가 전문의 소견이 요구되는 경우 조율한다.",
        "id": "sample_002_0024_000114",
        "annotations": []
    },
    {
        "sentence": "심장재활 프로그램 참여를 권유하였다.",
        "id": "sample_002_0024_000115",
        "annotations": []
    },
    {
        "sentence": "환자 보험적용 여부는 보험팀으로 확인한다.",
        "id": "sample_002_0024_000116",
        "annotations": []
    },
    {
        "sentence": "수술 기록은 수술실 간호사가 작성한다.",
        "id": "sample_002_0024_000117",
        "annotations": []
    },
    {
        "sentence": "마취기록은 마취과에서 별도 관리한다.",
        "id": "sample_002_0024_000118",
        "annotations": []
    },
    {
        "sentence": "특수 검사 결과는 해당 검사의 기준을 따른다.",
        "id": "sample_002_0024_000119",
        "annotations": []
    },
    {
        "sentence": "의료기록 열람 요청 시 규정에 따라 처리한다.",
        "id": "sample_002_0024_000120",
        "annotations": []
    },
    {
        "sentence": "환자 교육자료는 퇴원 시 제공되었다.",
        "id": "sample_002_0024_000121",
        "annotations": []
    },
    {
        "sentence": "필요시 가정의학과 연계 후 가정간호를 권고한다.",
        "id": "sample_002_0024_000122",
        "annotations": []
    },
    {
        "sentence": "환자 상태에 따라 방문 간호를 연계할 수 있다.",
        "id": "sample_002_0024_000123",
        "annotations": []
    },
    {
        "sentence": "모니터링 기록은 전자의무기록에 일괄 입력한다.",
        "id": "sample_002_0024_000124",
        "annotations": []
    },
    {
        "sentence": "퇴원 처방은 외래에서 재평가 받을 것을 권유한다.",
        "id": "sample_002_0024_000125",
        "annotations": []
    },
    {
        "sentence": "필요시 정신건강 평가를 의뢰할 수 있다.",
        "id": "sample_002_0024_000126",
        "annotations": []
    },
    {
        "sentence": "환자의 수면 패턴에 대해 관찰하였다.",
        "id": "sample_002_0024_000127",
        "annotations": []
    },
    {
        "sentence": "호흡기 치료는 증상에 따라 조절한다.",
        "id": "sample_002_0024_000128",
        "annotations": []
    },
    {
        "sentence": "피부 상처 관리는 감염 예방을 우선한다.",
        "id": "sample_002_0024_000129",
        "annotations": []
    },
    {
        "sentence": "재활 목표는 일상생활 자립에 맞춰 설정한다.",
        "id": "sample_002_0024_000130",
        "annotations": []
    },
    {
        "sentence": "혈액응고지표는 치료 전후로 추적 측정한다.",
        "id": "sample_002_0024_000131",
        "annotations": []
    },
    {
        "sentence": "임상 소견은 진단적 판단에 중요하다.",
        "id": "sample_002_0024_000132",
        "annotations": []
    },
    {
        "sentence": "치료 반응은 약물 투여 후 경과를 관찰한다.",
        "id": "sample_002_0024_000133",
        "annotations": []
    },
    {
        "sentence": "의료진 간 커뮤니케이션은 정기적으로 시행한다.",
        "id": "sample_002_0024_000134",
        "annotations": []
    },
    {
        "sentence": "환자 정보 보호 교육은 정기적으로 진행한다.",
        "id": "sample_002_0024_000135",
        "annotations": []
    },
    {
        "sentence": "병원 운영 관련 내부지침은 별도 문서로 관리한다.",
        "id": "sample_002_0024_000136",
        "annotations": []
    },
    {
        "sentence": "장비 유지보수 기록은 시설팀이 관리한다.",
        "id": "sample_002_0024_000137",
        "annotations": []
    },
    {
        "sentence": "임시 소견은 추가 검사를 통해 확정한다.",
        "id": "sample_002_0024_000138",
        "annotations": []
    },
    {
        "sentence": "환자 만족도는 진료의 질 평가에 참고한다.",
        "id": "sample_002_0024_000139",
        "annotations": []
    },
    {
        "sentence": "중대한 이상 소견은 원내 보고 체계를 통해 공유한다.",
        "id": "sample_002_0024_000140",
        "annotations": []
    },
    {
        "sentence": "진료기록 보존 기간은 관련 법령을 따른다.",
        "id": "sample_002_0024_000141",
        "annotations": []
    },
    {
        "sentence": "환자의 증상 변화를 일일 단위로 기록한다.",
        "id": "sample_002_0024_000142",
        "annotations": []
    },
    {
        "sentence": "필요시 환자 가족과 다학제 회의를 진행한다.",
        "id": "sample_002_0024_000143",
        "annotations": []
    },
    {
        "sentence": "의학적 판단에 따라 치료 변경을 결정한다.",
        "id": "sample_002_0024_000144",
        "annotations": []
    },
    {
        "sentence": "환자의 요청사항은 진료팀이 검토한다.",
        "id": "sample_002_0024_000145",
        "annotations": []
    },
    {
        "sentence": "의료분쟁 예방을 위해 모든 소통을 기록한다.",
        "id": "sample_002_0024_000146",
        "annotations": []
    },
    {
        "sentence": "환자 퇴원 계획은 퇴원 전 회의를 통해 조정한다.",
        "id": "sample_002_0024_000147",
        "annotations": []
    },
    {
        "sentence": "추가 상담이 필요한 경우 전문 상담팀에 의뢰한다.",
        "id": "sample_002_0024_000148",
        "annotations": []
    },
    {
        "sentence": "환자의 예후에 대한 설명은 가족과 공유했다.",
        "id": "sample_002_0024_000149",
        "annotations": []
    },
    {
        "sentence": "모든 기록은 작성자 서명으로 확인되었다.",
        "id": "sample_002_0024_000150",
        "annotations": []
    }
]