[
    {
        "sentence": "문서번호는 153이다.",
        "id": "sample_002_0166_000001",
        "annotations": []
    },
    {
        "sentence": "작성병동 작성부서는 일반외과이다.",
        "id": "sample_002_0166_000002",
        "annotations": []
    },
    {
        "sentence": "환자명 최민재.",
        "id": "sample_002_0166_000003",
        "annotations": [
            {
                "word": "최민재",
                "start": 4,
                "end": 7,
                "label": "개인정보"
            }
        ]
    },
    {
        "sentence": "생년월일 1988-12-01.",
        "id": "sample_002_0166_000004",
        "annotations": [
            {
                "word": "1988-12-01",
                "start": 5,
                "end": 15,
                "label": "개인정보"
            }
        ]
    },
    {
        "sentence": "성별 남성.",
        "id": "sample_002_0166_000005",
        "annotations": []
    },
    {
        "sentence": "환자ID 881201-1539819.",
        "id": "sample_002_0166_000006",
        "annotations": [
            {
                "word": "881201-1539819",
                "start": 5,
                "end": 19,
                "label": "기밀정보"
            }
        ]
    },
    {
        "sentence": "연락처 010-6385-2749.",
        "id": "sample_002_0166_000007",
        "annotations": [
            {
                "word": "010-6385-2749",
                "start": 4,
                "end": 17,
                "label": "기밀정보"
            }
        ]
    },
    {
        "sentence": "긴급연락처 없음.",
        "id": "sample_002_0166_000008",
        "annotations": []
    },
    {
        "sentence": "주소 부산광역시 동래구 온천동 온천삼성래미안 104동 803호.",
        "id": "sample_002_0166_000009",
        "annotations": [
            {
                "word": "부산광역시 동래구 온천동 온천삼성래미안 104동 803호",
                "start": 3,
                "end": 34,
                "label": "개인정보"
            }
        ]
    },
    {
        "sentence": "보험정보 881201-1539819 국민건강보험.",
        "id": "sample_002_0166_000010",
        "annotations": [
            {
                "word": "881201-1539819",
                "start": 5,
                "end": 19,
                "label": "기밀정보"
            }
        ]
    },
    {
        "sentence": "내원일 2025-01-16.",
        "id": "sample_002_0166_000011",
        "annotations": []
    },
    {
        "sentence": "입원일 2025-01-16.",
        "id": "sample_002_0166_000012",
        "annotations": []
    },
    {
        "sentence": "퇴원일 미정.",
        "id": "sample_002_0166_000013",
        "annotations": []
    },
    {
        "sentence": "주요호소및증상 복부 통증 오심 구토와 미열이 있다.",
        "id": "sample_002_0166_000014",
        "annotations": []
    },
    {
        "sentence": "발병일 2025-01-14.",
        "id": "sample_002_0166_000015",
        "annotations": []
    },
    {
        "sentence": "기저질환 고혈압 없음 당뇨병 없음 천식 없음.",
        "id": "sample_002_0166_000016",
        "annotations": []
    },
    {
        "sentence": "현재복용약물 없음.",
        "id": "sample_002_0166_000017",
        "annotations": []
    },
    {
        "sentence": "과거수술력 충수돌기절제술 2010년 시행.",
        "id": "sample_002_0166_000018",
        "annotations": []
    },
    {
        "sentence": "알레르기정보 약물 알레르기 없음.",
        "id": "sample_002_0166_000019",
        "annotations": []
    },
    {
        "sentence": "흡연/음주력 과거 흡연 경험 있으나 현재 금연중이며 음주는 소량임.",
        "id": "sample_002_0166_000020",
        "annotations": []
    },
    {
        "sentence": "직업 회사원 사무직.",
        "id": "sample_002_0166_000021",
        "annotations": []
    },
    {
        "sentence": "활력징후 체온 37.8도.",
        "id": "sample_002_0166_000022",
        "annotations": []
    },
    {
        "sentence": "맥박 92회분.",
        "id": "sample_002_0166_000023",
        "annotations": []
    },
    {
        "sentence": "호흡 18회분.",
        "id": "sample_002_0166_000024",
        "annotations": []
    },
    {
        "sentence": "혈압 132/84mmHg.",
        "id": "sample_002_0166_000025",
        "annotations": []
    },
    {
        "sentence": "SpO2 98퍼센트.",
        "id": "sample_002_0166_000026",
        "annotations": []
    },
    {
        "sentence": "신체검사결과 HEENT 이비인후 검사상 특이소견 없음.",
        "id": "sample_002_0166_000027",
        "annotations": []
    },
    {
        "sentence": "흉부 호흡음 양호.",
        "id": "sample_002_0166_000028",
        "annotations": []
    },
    {
        "sentence": "복부 압통 우하복부에서 경미한 압통이 관찰됨.",
        "id": "sample_002_0166_000029",
        "annotations": []
    },
    {
        "sentence": "사지 피부 창상이나 발진 없음.",
        "id": "sample_002_0166_000030",
        "annotations": []
    },
    {
        "sentence": "검사결과 혈액검사 백혈구 수치 상승 소견 백혈구 12.4 10^9/L.",
        "id": "sample_002_0166_000031",
        "annotations": []
    },
    {
        "sentence": "영상검사 복부 CT에서 충수염 의심 소견.",
        "id": "sample_002_0166_000032",
        "annotations": []
    },
    {
        "sentence": "신속검사 코로나 검사 음성.",
        "id": "sample_002_0166_000033",
        "annotations": []
    },
    {
        "sentence": "임상진단 급성 충수염 의심.",
        "id": "sample_002_0166_000034",
        "annotations": []
    },
    {
        "sentence": "치료계획 수액 보존적 치료 및 수술적 평가 예정.",
        "id": "sample_002_0166_000035",
        "annotations": []
    },
    {
        "sentence": "약물처방 진통제 타이레놀 500mg 필요 시 6시간 간격으로 투여.",
        "id": "sample_002_0166_000036",
        "annotations": []
    },
    {
        "sentence": "항생제 세프트리악손 정맥 투여 1회.",
        "id": "sample_002_0166_000037",
        "annotations": []
    },
    {
        "sentence": "추적관찰및재방문계획 외과 수술팀 협진 및 상태 관찰 6시간마다 활력징후 확인.",
        "id": "sample_002_0166_000038",
        "annotations": []
    },
    {
        "sentence": "환자교육내용 금식수액 유지 통증 발생 시 즉시 보고 설명 완료.",
        "id": "sample_002_0166_000039",
        "annotations": []
    },
    {
        "sentence": "진료담당의 김도현.",
        "id": "sample_002_0166_000040",
        "annotations": []
    },
    {
        "sentence": "작성일 2025-01-16.",
        "id": "sample_002_0166_000041",
        "annotations": []
    },
    {
        "sentence": "진료노트및특이사항 응급외과 평가 대기 중이다.",
        "id": "sample_002_0166_000042",
        "annotations": []
    },
    {
        "sentence": "환자는 통증 위치를 우하복부로 명확히 설명하였다.",
        "id": "sample_002_0166_000043",
        "annotations": []
    },
    {
        "sentence": "환자는 구토를 2회 겪었다.",
        "id": "sample_002_0166_000044",
        "annotations": []
    },
    {
        "sentence": "환자는 경미한 발열을 호소하였다.",
        "id": "sample_002_0166_000045",
        "annotations": []
    },
    {
        "sentence": "처치로 정맥로 확보 및 초기 수액이 이루어졌다.",
        "id": "sample_002_0166_000046",
        "annotations": []
    },
    {
        "sentence": "정맥주사용 항생제 시작하였다.",
        "id": "sample_002_0166_000047",
        "annotations": []
    },
    {
        "sentence": "통증 조절을 위해 진통제를 투여하였다.",
        "id": "sample_002_0166_000048",
        "annotations": []
    },
    {
        "sentence": "향후 외과적 평가 후 수술 여부 결정 예정이다.",
        "id": "sample_002_0166_000049",
        "annotations": []
    },
    {
        "sentence": "환자 상태는 안정적이나 악화 가능성 있어 지속 관찰 필요하다.",
        "id": "sample_002_0166_000050",
        "annotations": []
    },
    {
        "sentence": "간호기록 체온 측정 및 통증 평가 시행하였다.",
        "id": "sample_002_0166_000051",
        "annotations": []
    },
    {
        "sentence": "배뇨 및 배변 상태는 정상이었다.",
        "id": "sample_002_0166_000052",
        "annotations": []
    },
    {
        "sentence": "식이는 금식 상태로 유지하였다.",
        "id": "sample_002_0166_000053",
        "annotations": []
    },
    {
        "sentence": "검사 의뢰 혈액검사 혈액응고 검사 요청하였다.",
        "id": "sample_002_0166_000054",
        "annotations": []
    },
    {
        "sentence": "이미징 검사 복부초음파 추가 촬영 의뢰하였다.",
        "id": "sample_002_0166_000055",
        "annotations": []
    },
    {
        "sentence": "상담 소화기내과 협진 필요 시 연계하기로 하였다.",
        "id": "sample_002_0166_000056",
        "annotations": []
    },
    {
        "sentence": "진료회의 결과 수술 가능성 논의하였다.",
        "id": "sample_002_0166_000057",
        "annotations": []
    },
    {
        "sentence": "수술 동의서 설명 준비 중이다.",
        "id": "sample_002_0166_000058",
        "annotations": []
    },
    {
        "sentence": "수술 전 검사로 흉부엑스레이 및 심전도 예정이다.",
        "id": "sample_002_0166_000059",
        "annotations": []
    },
    {
        "sentence": "수술 팀에서 환자 상태 확인 후 수술 일정을 결정한다.",
        "id": "sample_002_0166_000060",
        "annotations": []
    },
    {
        "sentence": "수술 전 금식 및 항생제 투여 지침을 교육하였다.",
        "id": "sample_002_0166_000061",
        "annotations": []
    },
    {
        "sentence": "회복실 배치 계획을 수술팀과 협의하였다.",
        "id": "sample_002_0166_000062",
        "annotations": []
    },
    {
        "sentence": "수술 후 통증 조절 계획과 항생제 연속 투여 계획을 설명하였다.",
        "id": "sample_002_0166_000063",
        "annotations": []
    },
    {
        "sentence": "입원실 배정은 일반병동 302호로 결정되었다.",
        "id": "sample_002_0166_000064",
        "annotations": []
    },
    {
        "sentence": "간호사는 입원 초기 기록을 작성하고 교육을 실시하였다.",
        "id": "sample_002_0166_000065",
        "annotations": []
    },
    {
        "sentence": "환자 가족에게 현재 상태와 예정된 검사 수술에 대해 설명하였다.",
        "id": "sample_002_0166_000066",
        "annotations": []
    },
    {
        "sentence": "추가 검사 결과에 따라 치료 전략을 수정할 예정이다.",
        "id": "sample_002_0166_000067",
        "annotations": []
    },
    {
        "sentence": "임상의는 환자 증상 악화 시 재평가하기로 하였다.",
        "id": "sample_002_0166_000068",
        "annotations": []
    },
    {
        "sentence": "혈액검사 추적검사를 12시간 간격으로 시행한다.",
        "id": "sample_002_0166_000069",
        "annotations": []
    },
    {
        "sentence": "소변 관찰 및 배출량 측정은 지속한다.",
        "id": "sample_002_0166_000070",
        "annotations": []
    },
    {
        "sentence": "상처 관리 및 감염 예방 교육을 환자에게 시행하였다.",
        "id": "sample_002_0166_000071",
        "annotations": []
    },
    {
        "sentence": "수술 예정 시 혈액형과 교차검사 진행 필요성 알렸다.",
        "id": "sample_002_0166_000072",
        "annotations": []
    },
    {
        "sentence": "수술 시 예상 출혈 대비 수혈 준비를 요청하였다.",
        "id": "sample_002_0166_000073",
        "annotations": []
    },
    {
        "sentence": "마취 위험성 및 합병증 설명서를 환자에게 제공하였다.",
        "id": "sample_002_0166_000074",
        "annotations": []
    },
    {
        "sentence": "수술 동의서에 환자 서명 확보 절차를 진행하였다.",
        "id": "sample_002_0166_000075",
        "annotations": []
    },
    {
        "sentence": "환자의 통증 척도는 0에서 10중 6정도로 보고되었다.",
        "id": "sample_002_0166_000076",
        "annotations": []
    },
    {
        "sentence": "진통제로 즉시 통증이 경감되었고 추가 모니터링을 시행했다.",
        "id": "sample_002_0166_000077",
        "annotations": []
    },
    {
        "sentence": "감염 위험을 낮추기 위한 무균적 처치 및 항생제 사용을 유지한다.",
        "id": "sample_002_0166_000078",
        "annotations": []
    },
    {
        "sentence": "모니터링은 초기에 집중적이며 안정 시 간헐적으로 전환한다.",
        "id": "sample_002_0166_000079",
        "annotations": []
    },
    {
        "sentence": "간호기록은 전산 시스템에 입력하였다.",
        "id": "sample_002_0166_000080",
        "annotations": []
    },
    {
        "sentence": "필요 시 병리검사 결과에 따라 항생제 조정 계획이 있다.",
        "id": "sample_002_0166_000081",
        "annotations": []
    },
    {
        "sentence": "병실 담당 간호사와 외과 의료진 간 인수인계가 이루어졌다.",
        "id": "sample_002_0166_000082",
        "annotations": []
    },
    {
        "sentence": "퇴원 계획은 수술 후 상태 회복 시 결정된다.",
        "id": "sample_002_0166_000083",
        "annotations": []
    },
    {
        "sentence": "환자 교육 자료를 제공하고 질문에 응답하였다.",
        "id": "sample_002_0166_000084",
        "annotations": []
    },
    {
        "sentence": "환자는 현재 통증 조절과 안정화가 우선이라고 이해하였다.",
        "id": "sample_002_0166_000085",
        "annotations": []
    },
    {
        "sentence": "의무기록에 모든 중대한 변동 사항을 기록하였다.",
        "id": "sample_002_0166_000086",
        "annotations": []
    },
    {
        "sentence": "의학적 판단 하에 치료 계획을 수시로 조정할 예정이다.",
        "id": "sample_002_0166_000087",
        "annotations": []
    },
    {
        "sentence": "회진 시 외과 및 마취과가 함께 환자 상태를 평가할 예정이다.",
        "id": "sample_002_0166_000088",
        "annotations": []
    },
    {
        "sentence": "향후 경과에 따라 물리치료나 영양 상담을 고려한다.",
        "id": "sample_002_0166_000089",
        "annotations": []
    },
    {
        "sentence": "혈압 및 심박수 변동 시 즉시 보고하도록 간호사에게 지시했다.",
        "id": "sample_002_0166_000090",
        "annotations": []
    },
    {
        "sentence": "감염 지표가 호전되지 않으면 항생제 변경을 고려한다.",
        "id": "sample_002_0166_000091",
        "annotations": []
    },
    {
        "sentence": "수술 이후 합병증 발생 여부를 면밀히 관찰할 계획이다.",
        "id": "sample_002_0166_000092",
        "annotations": []
    },
    {
        "sentence": "통증 관리 계획은 다학제 팀과 협의하여 수립한다.",
        "id": "sample_002_0166_000093",
        "annotations": []
    },
    {
        "sentence": "영양사는 금식 상태에서 정맥영양 대체 여부를 평가할 것이다.",
        "id": "sample_002_0166_000094",
        "annotations": []
    },
    {
        "sentence": "환자의 심리적 불안을 낮추기 위한 지원을 제공할 예정이다.",
        "id": "sample_002_0166_000095",
        "annotations": []
    },
    {
        "sentence": "환자의 개인 물품과 귀중품 관리는 보호자에게 안내하였다.",
        "id": "sample_002_0166_000096",
        "annotations": []
    },
    {
        "sentence": "퇴원 시 복용 약물과 외래 추적 계획을 서면으로 제공할 것이다.",
        "id": "sample_002_0166_000097",
        "annotations": []
    },
    {
        "sentence": "모든 처치와 검사 결과는 전자의무기록에 기록 보관된다.",
        "id": "sample_002_0166_000098",
        "annotations": []
    },
    {
        "sentence": "외래 방문 시 필요한 검사와 예약 일정에 대해 안내하였다.",
        "id": "sample_002_0166_000099",
        "annotations": []
    },
    {
        "sentence": "향후 재발 가능성에 대해 환자에게 교육을 시행하였다.",
        "id": "sample_002_0166_000100",
        "annotations": []
    },
    {
        "sentence": "증상 악화 시 응급실로 즉시 내원하도록 교육하였다.",
        "id": "sample_002_0166_000101",
        "annotations": []
    },
    {
        "sentence": "간호사는 환자의 통증과 활력징후를 정기적으로 기록할 것이다.",
        "id": "sample_002_0166_000102",
        "annotations": []
    },
    {
        "sentence": "퇴원 후 추적관찰 일정은 외과 외래 1주 차 예정이다.",
        "id": "sample_002_0166_000103",
        "annotations": []
    },
    {
        "sentence": "필요 시 통증 클리닉과 연계 가능하다.",
        "id": "sample_002_0166_000104",
        "annotations": []
    },
    {
        "sentence": "의사는 환자와 보호자의 질문에 대해 충분히 답변하였다.",
        "id": "sample_002_0166_000105",
        "annotations": []
    },
    {
        "sentence": "환자 상태와 검사 결과는 지속적으로 업데이트 된다.",
        "id": "sample_002_0166_000106",
        "annotations": []
    },
    {
        "sentence": "입원 중 계획된 검사와 일정은 환자에게 설명되었다.",
        "id": "sample_002_0166_000107",
        "annotations": []
    },
    {
        "sentence": "외과 회진 결과를 토대로 추가 처치가 결정될 것이다.",
        "id": "sample_002_0166_000108",
        "annotations": []
    },
    {
        "sentence": "환자의 통증 호소와 검사 소견을 종합하여 진단을 내린다.",
        "id": "sample_002_0166_000109",
        "annotations": []
    },
    {
        "sentence": "환자 교육은 간호사와 담당의가 공동으로 진행하였다.",
        "id": "sample_002_0166_000110",
        "annotations": []
    },
    {
        "sentence": "감염 예방을 위해 손 위생과 무균 처리 중요성을 설명하였다.",
        "id": "sample_002_0166_000111",
        "annotations": []
    },
    {
        "sentence": "의무기록 상 모든 약물 처방은 확인 후 시행되었다.",
        "id": "sample_002_0166_000112",
        "annotations": []
    },
    {
        "sentence": "수술 전 혈액검사 결과가 수술 가능 범위 내인지 확인한다.",
        "id": "sample_002_0166_000113",
        "annotations": []
    },
    {
        "sentence": "응급 상황 발생 시 즉시 소생술 지침에 따라 대응한다.",
        "id": "sample_002_0166_000114",
        "annotations": []
    },
    {
        "sentence": "환자 상태가 악화될 경우 중환자실 전환을 고려한다.",
        "id": "sample_002_0166_000115",
        "annotations": []
    },
    {
        "sentence": "외래 추적은 퇴원 후 지정된 날짜에 예약한다.",
        "id": "sample_002_0166_000116",
        "annotations": []
    },
    {
        "sentence": "의료진은 환자 보고 사항을 중요하게 수렴하였다.",
        "id": "sample_002_0166_000117",
        "annotations": []
    },
    {
        "sentence": "진료 과정에서 환자 안전을 최우선으로 고려하였다.",
        "id": "sample_002_0166_000118",
        "annotations": []
    },
    {
        "sentence": "필요 시 추가 영상 검사와 혈액 검사를 시행 예정이다.",
        "id": "sample_002_0166_000119",
        "annotations": []
    },
    {
        "sentence": "회진 시 외과 전문의가 상태를 직접 확인하였다.",
        "id": "sample_002_0166_000120",
        "annotations": []
    },
    {
        "sentence": "환자는 현재 보호자와 동행하지 않았으나 연락처를 제공하였다.",
        "id": "sample_002_0166_000121",
        "annotations": []
    },
    {
        "sentence": "통증 완화 후 활동량을 점차 증가시키는 계획을 제안하였다.",
        "id": "sample_002_0166_000122",
        "annotations": []
    },
    {
        "sentence": "퇴원 기준은 통증 조절 가능 여부 및 합병증 여부로 판단한다.",
        "id": "sample_002_0166_000123",
        "annotations": []
    },
    {
        "sentence": "환자에게 투약된 약물에 대한 부작용을 설명하였다.",
        "id": "sample_002_0166_000124",
        "annotations": []
    },
    {
        "sentence": "모든 검사 결과는 치료 결정에 반영될 것이다.",
        "id": "sample_002_0166_000125",
        "annotations": []
    },
    {
        "sentence": "환자와 보호자가 치료 계획에 대해 이해하는지 확인하였다.",
        "id": "sample_002_0166_000126",
        "annotations": []
    },
    {
        "sentence": "의료진은 환자의 통증 완화를 최우선으로 조치하였다.",
        "id": "sample_002_0166_000127",
        "annotations": []
    },
    {
        "sentence": "수술 후 합병증 예방을 위한 프로토콜을 적용하기로 하였다.",
        "id": "sample_002_0166_000128",
        "annotations": []
    },
    {
        "sentence": "간호사는 환자 교육과 약물 관리에 대해 지속적으로 확인한다.",
        "id": "sample_002_0166_000129",
        "annotations": []
    },
    {
        "sentence": "진료 기록은 환자의 치료 연속성을 위해 명확히 작성되었다.",
        "id": "sample_002_0166_000130",
        "annotations": []
    },
    {
        "sentence": "환자 증상 변화에 따라 치료 방향을 유연하게 조정한다.",
        "id": "sample_002_0166_000131",
        "annotations": []
    },
    {
        "sentence": "필요 시 외부 전문과와 협진을 진행할 계획이다.",
        "id": "sample_002_0166_000132",
        "annotations": []
    },
    {
        "sentence": "환자의 이해도를 고려하여 쉬운 용어로 설명하였다.",
        "id": "sample_002_0166_000133",
        "annotations": []
    },
    {
        "sentence": "진료 중 발생한 주요 소견을 가족에게 즉시 통보하였다.",
        "id": "sample_002_0166_000134",
        "annotations": []
    },
    {
        "sentence": "환자 상태에 대해 정기적으로 팀 회의를 통해 공유한다.",
        "id": "sample_002_0166_000135",
        "annotations": []
    },
    {
        "sentence": "모든 의료진은 환자 프라이버시를 준수하며 진료하였다.",
        "id": "sample_002_0166_000136",
        "annotations": []
    },
    {
        "sentence": "치료 과정에서 환자 안전사고 예방을 위하여 조치하였다.",
        "id": "sample_002_0166_000137",
        "annotations": []
    },
    {
        "sentence": "향후 치료 경과는 전자의무기록을 통해 확인 가능하다.",
        "id": "sample_002_0166_000138",
        "annotations": []
    },
    {
        "sentence": "환자 상태 악화 시 즉시 담당의에게 보고하도록 지시하였다.",
        "id": "sample_002_0166_000139",
        "annotations": []
    },
    {
        "sentence": "치료 종료 후 환자 만족도 조사를 시행할 계획이다.",
        "id": "sample_002_0166_000140",
        "annotations": []
    },
    {
        "sentence": "외래 예약 일정과 연락처를 환자에게 재확인하였다.",
        "id": "sample_002_0166_000141",
        "annotations": []
    },
    {
        "sentence": "입원 중 발생한 모든 이상소견은 즉시 문서화하였다.",
        "id": "sample_002_0166_000142",
        "annotations": []
    },
    {
        "sentence": "환자에게 제공된 정보는 환자 동의 하에 공유되었다.",
        "id": "sample_002_0166_000143",
        "annotations": []
    },
    {
        "sentence": "치료 후 회복 상황을 주기적으로 평가할 예정이다.",
        "id": "sample_002_0166_000144",
        "annotations": []
    },
    {
        "sentence": "모든 조치는 최신 임상지침을 바탕으로 시행되었다.",
        "id": "sample_002_0166_000145",
        "annotations": []
    },
    {
        "sentence": "환자 상태에 대한 요약 보고서를 진료팀과 공유하였다.",
        "id": "sample_002_0166_000146",
        "annotations": []
    },
    {
        "sentence": "필요 시 환자에 대한 추가 검사를 신속히 진행할 것이다.",
        "id": "sample_002_0166_000147",
        "annotations": []
    },
    {
        "sentence": "의료진은 환자의 회복을 위해 최선을 다해 치료하였다.",
        "id": "sample_002_0166_000148",
        "annotations": []
    }
]