[
    {
        "sentence": "문서번호 117.",
        "id": "sample_002_0130_000001",
        "annotations": []
    },
    {
        "sentence": "작성병동 응급실.",
        "id": "sample_002_0130_000002",
        "annotations": []
    },
    {
        "sentence": "작성부서 응급의학과.",
        "id": "sample_002_0130_000003",
        "annotations": []
    },
    {
        "sentence": "환자명 남도현.",
        "id": "sample_002_0130_000004",
        "annotations": [
            {
                "word": "남도현",
                "start": 4,
                "end": 7,
                "label": "개인정보"
            }
        ]
    },
    {
        "sentence": "생년월일 1983년 12월 23일.",
        "id": "sample_002_0130_000005",
        "annotations": [
            {
                "word": "1983년 12월 23일",
                "start": 5,
                "end": 18,
                "label": "개인정보"
            }
        ]
    },
    {
        "sentence": "성별 남성.",
        "id": "sample_002_0130_000006",
        "annotations": []
    },
    {
        "sentence": "환자ID NDH831223.",
        "id": "sample_002_0130_000007",
        "annotations": [
            {
                "word": "NDH831223",
                "start": 5,
                "end": 14,
                "label": "준식별자"
            }
        ]
    },
    {
        "sentence": "연락처 010-9087-5436.",
        "id": "sample_002_0130_000008",
        "annotations": [
            {
                "word": "010-9087-5436",
                "start": 4,
                "end": 17,
                "label": "기밀정보"
            }
        ]
    },
    {
        "sentence": "긴급연락처 031-555-1010.",
        "id": "sample_002_0130_000009",
        "annotations": [
            {
                "word": "031-555-1010",
                "start": 6,
                "end": 18,
                "label": "기밀정보"
            }
        ]
    },
    {
        "sentence": "주소 서울특별시 서초구 서초동 래미안서초에스티지 303동 1104호.",
        "id": "sample_002_0130_000010",
        "annotations": [
            {
                "word": "서울특별시",
                "start": 3,
                "end": 8,
                "label": "준식별자"
            },
            {
                "word": "서초구",
                "start": 9,
                "end": 12,
                "label": "준식별자"
            }
        ]
    },
    {
        "sentence": "보험정보 831223-1358729.",
        "id": "sample_002_0130_000011",
        "annotations": [
            {
                "word": "831223-1358729",
                "start": 5,
                "end": 19,
                "label": "개인정보"
            }
        ]
    },
    {
        "sentence": "내원일 2024년 02월 14일.",
        "id": "sample_002_0130_000012",
        "annotations": [
            {
                "word": "2024년 02월 14일",
                "start": 4,
                "end": 17,
                "label": "개인정보"
            }
        ]
    },
    {
        "sentence": "입원일 2024-02-14.",
        "id": "sample_002_0130_000013",
        "annotations": []
    },
    {
        "sentence": "퇴원일 미정.",
        "id": "sample_002_0130_000014",
        "annotations": []
    },
    {
        "sentence": "주요호소및증상 좌측 흉부 통증 및 호흡곤란.",
        "id": "sample_002_0130_000015",
        "annotations": []
    },
    {
        "sentence": "발병일 2024년 02월 13일.",
        "id": "sample_002_0130_000016",
        "annotations": []
    },
    {
        "sentence": "기저질환 고혈압 고지혈증.",
        "id": "sample_002_0130_000017",
        "annotations": []
    },
    {
        "sentence": "현재복용약물 아스피린 100밀리그램 하루 1회.",
        "id": "sample_002_0130_000018",
        "annotations": []
    },
    {
        "sentence": "과거수술력 2010년 충수절제술.",
        "id": "sample_002_0130_000019",
        "annotations": []
    },
    {
        "sentence": "알레르기정보 없음.",
        "id": "sample_002_0130_000020",
        "annotations": []
    },
    {
        "sentence": "흡연력 금연 10년.",
        "id": "sample_002_0130_000021",
        "annotations": []
    },
    {
        "sentence": "음주력 주말에 소량.",
        "id": "sample_002_0130_000022",
        "annotations": []
    },
    {
        "sentence": "직업 금융업 사무직.",
        "id": "sample_002_0130_000023",
        "annotations": []
    },
    {
        "sentence": "활력징후 체온 36.8도 맥박 88회분호 호흡 20회 혈압 140 90.",
        "id": "sample_002_0130_000024",
        "annotations": []
    },
    {
        "sentence": "SpO2 측정 95퍼센트.",
        "id": "sample_002_0130_000025",
        "annotations": []
    },
    {
        "sentence": "신체검사 HEENT 특이소견 없음.",
        "id": "sample_002_0130_000026",
        "annotations": []
    },
    {
        "sentence": "흉부 청진시 좌하부에서 수포음이 감소됨.",
        "id": "sample_002_0130_000027",
        "annotations": []
    },
    {
        "sentence": "복부 촉진시 압통은 관찰되지 않음.",
        "id": "sample_002_0130_000028",
        "annotations": []
    },
    {
        "sentence": "사지 피부 부종 없음 감각저하 없음.",
        "id": "sample_002_0130_000029",
        "annotations": []
    },
    {
        "sentence": "검사결과 혈액검사 백혈구 증가 경향 CRP 상승.",
        "id": "sample_002_0130_000030",
        "annotations": []
    },
    {
        "sentence": "영상검사 흉부엑스레이 좌하엽의 침윤 소견.",
        "id": "sample_002_0130_000031",
        "annotations": []
    },
    {
        "sentence": "신속검사 코로나19 음성.",
        "id": "sample_002_0130_000032",
        "annotations": []
    },
    {
        "sentence": "임상진단 급성 폐렴 의심.",
        "id": "sample_002_0130_000033",
        "annotations": []
    },
    {
        "sentence": "치료계획 항생제 투여 산소요법 필요시 시행.",
        "id": "sample_002_0130_000034",
        "annotations": []
    },
    {
        "sentence": "약물처방 레보플록사신 500mg 하루 1회 7일.",
        "id": "sample_002_0130_000035",
        "annotations": []
    },
    {
        "sentence": "추적관찰및재방문계획 3일후 외래 재방문 권고.",
        "id": "sample_002_0130_000036",
        "annotations": []
    },
    {
        "sentence": "환자교육내용 호흡곤란 시 즉시 응급실로 내원 지시.",
        "id": "sample_002_0130_000037",
        "annotations": []
    },
    {
        "sentence": "진료담당의 김윤호 전문의.",
        "id": "sample_002_0130_000038",
        "annotations": []
    },
    {
        "sentence": "작성일 2024년 02월 14일.",
        "id": "sample_002_0130_000039",
        "annotations": [
            {
                "word": "2024년 02월 14일",
                "start": 4,
                "end": 17,
                "label": "개인정보"
            }
        ]
    },
    {
        "sentence": "진료노트및특이사항 환자는 통증 완화 반응 보임.",
        "id": "sample_002_0130_000040",
        "annotations": []
    },
    {
        "sentence": "임상기록 상세사항 041 환자의 상태와 경과를 상세히 기재합니다.",
        "id": "sample_002_0130_000041",
        "annotations": []
    },
    {
        "sentence": "임상기록 상세사항 042 환자의 증상 변화와 검사결과를 연속적으로 기록합니다.",
        "id": "sample_002_0130_000042",
        "annotations": []
    },
    {
        "sentence": "임상기록 상세사항 043 환자의 호흡 상태와 산소포화도 경과를 관찰하여 기술합니다.",
        "id": "sample_002_0130_000043",
        "annotations": []
    },
    {
        "sentence": "임상기록 상세사항 044 진통제 투여 후 통증 변화와 부작용 여부를 기재합니다.",
        "id": "sample_002_0130_000044",
        "annotations": []
    },
    {
        "sentence": "임상기록 상세사항 045 항생제 시작 후 임상 반응과 발열 경과를 기술합니다.",
        "id": "sample_002_0130_000045",
        "annotations": []
    },
    {
        "sentence": "임상기록 상세사항 046 검사 결과 수치 변화와 추이를 상세히 기재합니다.",
        "id": "sample_002_0130_000046",
        "annotations": []
    },
    {
        "sentence": "임상기록 상세사항 047 환자 상담 내용과 교육 제공 사항을 기록합니다.",
        "id": "sample_002_0130_000047",
        "annotations": []
    },
    {
        "sentence": "임상기록 상세사항 048 외래 추적 계획과 예약 일정을 기록합니다.",
        "id": "sample_002_0130_000048",
        "annotations": []
    },
    {
        "sentence": "임상기록 상세사항 049 영상검사 소견과 판독 결과를 상세히 기재합니다.",
        "id": "sample_002_0130_000049",
        "annotations": []
    },
    {
        "sentence": "임상기록 상세사항 050 혈액검사 결과의 정상범위 대비 이상 소견을 기술합니다.",
        "id": "sample_002_0130_000050",
        "annotations": []
    },
    {
        "sentence": "임상기록 상세사항 051 환자의 과거력과 가족력 정보를 상세히 정리합니다.",
        "id": "sample_002_0130_000051",
        "annotations": []
    },
    {
        "sentence": "임상기록 상세사항 052 약물 상호작용 및 기존 복용약물 기록을 확인하여 기재합니다.",
        "id": "sample_002_0130_000052",
        "annotations": []
    },
    {
        "sentence": "임상기록 상세사항 053 환자 상태 악화 시 응급대응 계획을 작성합니다.",
        "id": "sample_002_0130_000053",
        "annotations": []
    },
    {
        "sentence": "임상기록 상세사항 054 감염관리 지침 준수 여부와 격리 필요성을 기록합니다.",
        "id": "sample_002_0130_000054",
        "annotations": []
    },
    {
        "sentence": "임상기록 상세사항 055 호흡재활 및 물리치료 필요성 여부를 평가하여 기재합니다.",
        "id": "sample_002_0130_000055",
        "annotations": []
    },
    {
        "sentence": "임상기록 상세사항 056 검사 추가 요청 이유와 예상 시점을 기록합니다.",
        "id": "sample_002_0130_000056",
        "annotations": []
    },
    {
        "sentence": "임상기록 상세사항 057 혈압 심박수 호흡수 등의 활력징후 추이를 기술합니다.",
        "id": "sample_002_0130_000057",
        "annotations": []
    },
    {
        "sentence": "임상기록 상세사항 058 통증 평가 도구를 이용한 통증 점수 변화를 기록합니다.",
        "id": "sample_002_0130_000058",
        "annotations": []
    },
    {
        "sentence": "임상기록 상세사항 059 환자 생활습관 개선 교육 내용과 교육수용도를 기재합니다.",
        "id": "sample_002_0130_000059",
        "annotations": []
    },
    {
        "sentence": "임상기록 상세사항 060 임상검사에 대한 동의 여부와 설명 기록을 보관합니다.",
        "id": "sample_002_0130_000060",
        "annotations": []
    },
    {
        "sentence": "임상기록 상세사항 061 환자 상태에 따른 투약 용량 조절 내역을 기록합니다.",
        "id": "sample_002_0130_000061",
        "annotations": []
    },
    {
        "sentence": "임상기록 상세사항 062 합병증 의심 소견 발생 시 경과 관찰 계획을 기재합니다.",
        "id": "sample_002_0130_000062",
        "annotations": []
    },
    {
        "sentence": "임상기록 상세사항 063 대상자에 대한 영양상태 평가와 필요 시 영양상담 계획을 작성합니다.",
        "id": "sample_002_0130_000063",
        "annotations": []
    },
    {
        "sentence": "임상기록 상세사항 064 환자의 통증 완화 방안과 비약물적 중재 내용을 기록합니다.",
        "id": "sample_002_0130_000064",
        "annotations": []
    },
    {
        "sentence": "임상기록 상세사항 065 응급상황 발생 시 연락체계 및 응급처치 수행 내용을 기록합니다.",
        "id": "sample_002_0130_000065",
        "annotations": []
    },
    {
        "sentence": "임상기록 상세사항 066 환자 심리상태 평가와 필요시 정신건강 상담 연계 계획을 작성합니다.",
        "id": "sample_002_0130_000066",
        "annotations": []
    },
    {
        "sentence": "임상기록 상세사항 067 검사결과 이상 시 담당과 상의 내용과 의뢰 내용을 기재합니다.",
        "id": "sample_002_0130_000067",
        "annotations": []
    },
    {
        "sentence": "임상기록 상세사항 068 치료 반응 미흡 시 차선 치료 옵션과 설명 내용을 기록합니다.",
        "id": "sample_002_0130_000068",
        "annotations": []
    },
    {
        "sentence": "임상기록 상세사항 069 퇴원 전 평가 항목과 퇴원 후 관리 계획을 상세히 기재합니다.",
        "id": "sample_002_0130_000069",
        "annotations": []
    },
    {
        "sentence": "임상기록 상세사항 070 퇴원 시 필요한 약물 및 복용법을 정리하여 제공한 내용을 기록합니다.",
        "id": "sample_002_0130_000070",
        "annotations": []
    },
    {
        "sentence": "임상기록 상세사항 071 약물 부작용 의심 시 즉시 보고 및 중단 지침을 기록합니다.",
        "id": "sample_002_0130_000071",
        "annotations": []
    },
    {
        "sentence": "임상기록 상세사항 072 환자 보호자에게 제공한 교육 내용과 이해도를 기재합니다.",
        "id": "sample_002_0130_000072",
        "annotations": []
    },
    {
        "sentence": "임상기록 상세사항 073 재활치료 계획 및 목표 설정을 환자와 협의한 내용을 기록합니다.",
        "id": "sample_002_0130_000073",
        "annotations": []
    },
    {
        "sentence": "임상기록 상세사항 074 검사 결과에 따른 수술 필요성 여부와 설명 내용을 기재합니다.",
        "id": "sample_002_0130_000074",
        "annotations": []
    },
    {
        "sentence": "임상기록 상세사항 075 감염 증상 발생 시 표본 채취와 검사 절차를 기록합니다.",
        "id": "sample_002_0130_000075",
        "annotations": []
    },
    {
        "sentence": "임상기록 상세사항 076 응급실 내 모니터링 항목과 주기적 기록을 상세히 기재합니다.",
        "id": "sample_002_0130_000076",
        "annotations": []
    },
    {
        "sentence": "임상기록 상세사항 077 환자 이동 및 이송 시 전달사항과 안전 조치 내용을 기록합니다.",
        "id": "sample_002_0130_000077",
        "annotations": []
    },
    {
        "sentence": "임상기록 상세사항 078 입원 중 영양 섭취량과 체중 변화를 주기적으로 기록합니다.",
        "id": "sample_002_0130_000078",
        "annotations": []
    },
    {
        "sentence": "임상기록 상세사항 079 수액투여 종류 용량 및 주입속도 변경 내역을 기재합니다.",
        "id": "sample_002_0130_000079",
        "annotations": []
    },
    {
        "sentence": "임상기록 상세사항 080 드레싱 교체 및 상처관리 내용 기록과 경과를 기재합니다.",
        "id": "sample_002_0130_000080",
        "annotations": []
    },
    {
        "sentence": "임상기록 상세사항 081 배뇨 배변 상태 및 관련 간호 관찰 내용을 기록합니다.",
        "id": "sample_002_0130_000081",
        "annotations": []
    },
    {
        "sentence": "임상기록 상세사항 082 주기적 활력징후 측정 결과와 이상 소견 발생 시 조치사항을 기록합니다.",
        "id": "sample_002_0130_000082",
        "annotations": []
    },
    {
        "sentence": "임상기록 상세사항 083 검사 결과 인지 후 환자에게 전달한 교육 및 설명을 기록합니다.",
        "id": "sample_002_0130_000083",
        "annotations": []
    },
    {
        "sentence": "임상기록 상세사항 084 환자 생활습관 변화 목표 설정과 추적 관찰 방안을 기재합니다.",
        "id": "sample_002_0130_000084",
        "annotations": []
    },
    {
        "sentence": "임상기록 상세사항 085 치료 중 발생한 이상반응과 조치 내용을 시기별로 기록합니다.",
        "id": "sample_002_0130_000085",
        "annotations": []
    },
    {
        "sentence": "임상기록 상세사항 086 혈당 관리가 필요한 환자의 식이 및 인슐린 투여 계획을 기록합니다.",
        "id": "sample_002_0130_000086",
        "annotations": []
    },
    {
        "sentence": "임상기록 상세사항 087 호흡기 증상의 악화 시 응급 대응 요령을 환자에게 설명한 내용을 기록합니다.",
        "id": "sample_002_0130_000087",
        "annotations": []
    },
    {
        "sentence": "임상기록 상세사항 088 약물 스케줄 준수 여부와 복용 확인을 위한 교육 내용을 기록합니다.",
        "id": "sample_002_0130_000088",
        "annotations": []
    },
    {
        "sentence": "임상기록 상세사항 089 퇴원 후 외래 방문 시 필요한 검사와 그 시점을 안내한 내용을 기록합니다.",
        "id": "sample_002_0130_000089",
        "annotations": []
    },
    {
        "sentence": "임상기록 상세사항 090 진료진간 의사소통 내용 및 전달사항을 기록합니다.",
        "id": "sample_002_0130_000090",
        "annotations": []
    },
    {
        "sentence": "임상기록 상세사항 091 다학제 회의에서 논의된 사항과 합의된 치료계획을 기록합니다.",
        "id": "sample_002_0130_000091",
        "annotations": []
    },
    {
        "sentence": "임상기록 상세사항 092 검사 결과의 판독 오류 가능성 여부와 재판독 요청 내역을 기재합니다.",
        "id": "sample_002_0130_000092",
        "annotations": []
    },
    {
        "sentence": "임상기록 상세사항 093 진단적 시술 계획과 환자 동의서 작성 여부를 기록합니다.",
        "id": "sample_002_0130_000093",
        "annotations": []
    },
    {
        "sentence": "임상기록 상세사항 094 출혈 징후 관찰 항목 및 출혈 관리 지침 준수 여부를 기록합니다.",
        "id": "sample_002_0130_000094",
        "annotations": []
    },
    {
        "sentence": "임상기록 상세사항 095 흉부 X선 CT 판독 결과 상세 설명과 의학적 의미를 기록합니다.",
        "id": "sample_002_0130_000095",
        "annotations": []
    },
    {
        "sentence": "임상기록 상세사항 096 혈액검사에서 확인된 전해질 이상과 교정 계획을 기재합니다.",
        "id": "sample_002_0130_000096",
        "annotations": []
    },
    {
        "sentence": "임상기록 상세사항 097 약물 처방 단계에서 중복 처방 여부 검토 내용을 기록합니다.",
        "id": "sample_002_0130_000097",
        "annotations": []
    },
    {
        "sentence": "임상기록 상세사항 098 감염관리 지침 위반 시 보고 및 시정 조치 내역을 기재합니다.",
        "id": "sample_002_0130_000098",
        "annotations": []
    },
    {
        "sentence": "임상기록 상세사항 099 중환자실 전환 필요성 평가와 전원 계획을 기록합니다.",
        "id": "sample_002_0130_000099",
        "annotations": []
    },
    {
        "sentence": "임상기록 상세사항 100 환자 상태 변화에 따른 치료목표 수정 내역을 상세히 기록합니다.",
        "id": "sample_002_0130_000100",
        "annotations": []
    },
    {
        "sentence": "임상기록 상세사항 101 폐렴 치료 반응을 시간경과에 따라 표기하고 분석합니다.",
        "id": "sample_002_0130_000101",
        "annotations": []
    },
    {
        "sentence": "임상기록 상세사항 102 환자의 수면양상 식이 섭취 변화 등을 주기적으로 관찰하여 기록합니다.",
        "id": "sample_002_0130_000102",
        "annotations": []
    },
    {
        "sentence": "임상기록 상세사항 103 환자 자가관리 능력 평가와 교육 필요도를 기록합니다.",
        "id": "sample_002_0130_000103",
        "annotations": []
    },
    {
        "sentence": "임상기록 상세사항 104 심전도 변화 관찰 시 조치 내용과 결과를 기재합니다.",
        "id": "sample_002_0130_000104",
        "annotations": []
    },
    {
        "sentence": "임상기록 상세사항 105 흉통 악화 시 응급 심혈관계 검사의 실행 여부와 소견을 기록합니다.",
        "id": "sample_002_0130_000105",
        "annotations": []
    },
    {
        "sentence": "임상기록 상세사항 106 전해질 불균형 시 투약 및 교정 조치 내역을 기록합니다.",
        "id": "sample_002_0130_000106",
        "annotations": []
    },
    {
        "sentence": "임상기록 상세사항 107 환자 이동 제한이 필요한 경우 이유와 기간을 기록합니다.",
        "id": "sample_002_0130_000107",
        "annotations": []
    },
    {
        "sentence": "임상기록 상세사항 108 가족력 관련 중요 소견 및 유전성 질환 가능성 평가를 기록합니다.",
        "id": "sample_002_0130_000108",
        "annotations": []
    },
    {
        "sentence": "임상기록 상세사항 109 검사결과 전달 과정과 환자의 수용 정도를 기재합니다.",
        "id": "sample_002_0130_000109",
        "annotations": []
    },
    {
        "sentence": "임상기록 상세사항 110 투약 기록의 정확성 확인을 위한 이중 체크 내용 기록합니다.",
        "id": "sample_002_0130_000110",
        "annotations": []
    },
    {
        "sentence": "임상기록 상세사항 111 환자 통증 완화에 대한 비약물적 중재 효과를 기록합니다.",
        "id": "sample_002_0130_000111",
        "annotations": []
    },
    {
        "sentence": "임상기록 상세사항 112 퇴원 후 재입원 위험도 평가와 예방 계획을 기재합니다.",
        "id": "sample_002_0130_000112",
        "annotations": []
    },
    {
        "sentence": "임상기록 상세사항 113 재활 목표 달성도 평가와 향후 계획을 기록합니다.",
        "id": "sample_002_0130_000113",
        "annotations": []
    },
    {
        "sentence": "임상기록 상세사항 114 호흡기 물리치료 시행 내용과 효과를 주기적으로 기록합니다.",
        "id": "sample_002_0130_000114",
        "annotations": []
    },
    {
        "sentence": "임상기록 상세사항 115 환자 교육자료 배포 및 이해도 확인 결과를 기록합니다.",
        "id": "sample_002_0130_000115",
        "annotations": []
    },
    {
        "sentence": "임상기록 상세사항 116 병실 간 감염 전파 차단을 위한 조치 사항을 기록합니다.",
        "id": "sample_002_0130_000116",
        "annotations": []
    },
    {
        "sentence": "임상기록 상세사항 117 약물 부작용 보고 절차 이행 여부를 기록합니다.",
        "id": "sample_002_0130_000117",
        "annotations": []
    },
    {
        "sentence": "임상기록 상세사항 118 환자 안전사고 발생 시 상황보고 및 처리 내역을 상세히 기록합니다.",
        "id": "sample_002_0130_000118",
        "annotations": []
    },
    {
        "sentence": "임상기록 상세사항 119 혈액 제제 투여 시 적응증 및 경과 관찰 사항을 기록합니다.",
        "id": "sample_002_0130_000119",
        "annotations": []
    },
    {
        "sentence": "임상기록 상세사항 120 간호기록과 의무기록 간의 정보 일치 여부를 확인하여 기재합니다.",
        "id": "sample_002_0130_000120",
        "annotations": []
    },
    {
        "sentence": "임상기록 상세사항 121 환자 추적 연락 방법과 연락처 변경 시 조치 내역을 기록합니다.",
        "id": "sample_002_0130_000121",
        "annotations": []
    },
    {
        "sentence": "임상기록 상세사항 122 증상 악화 징후 발견 시 즉시 상위 의료진에 보고한 내용을 기록합니다.",
        "id": "sample_002_0130_000122",
        "annotations": []
    },
    {
        "sentence": "임상기록 상세사항 123 투약 중단 및 대체 요법 시행 내역과 이유를 기록합니다.",
        "id": "sample_002_0130_000123",
        "annotations": []
    },
    {
        "sentence": "임상기록 상세사항 124 필요시 타과 협진 의뢰 내용과 협진 결과를 기록합니다.",
        "id": "sample_002_0130_000124",
        "annotations": []
    },
    {
        "sentence": "임상기록 상세사항 125 환자 일상생활 능력 평가 및 보조기구 필요성 여부를 기록합니다.",
        "id": "sample_002_0130_000125",
        "annotations": []
    },
    {
        "sentence": "임상기록 상세사항 126 치료계획 변경 시 환자와 보호자에게 설명한 내용을 기재합니다.",
        "id": "sample_002_0130_000126",
        "annotations": []
    },
    {
        "sentence": "임상기록 상세사항 127 검사 결과 기반으로 한 예후 평가 및 예상 경과를 기록합니다.",
        "id": "sample_002_0130_000127",
        "annotations": []
    },
    {
        "sentence": "임상기록 상세사항 128 입원 중 발생한 의료행위 비용 관련 설명과 동의 여부를 기록합니다.",
        "id": "sample_002_0130_000128",
        "annotations": []
    },
    {
        "sentence": "임상기록 상세사항 129 환자 영양 섭취 개선을 위한 식단 조절 권고 사항을 기록합니다.",
        "id": "sample_002_0130_000129",
        "annotations": []
    },
    {
        "sentence": "임상기록 상세사항 130 호흡곤란 증상 관리 시 적용한 약물 및 용량을 기록합니다.",
        "id": "sample_002_0130_000130",
        "annotations": []
    },
    {
        "sentence": "임상기록 상세사항 131 재활 치료 참여도와 회복 속도를 주기적으로 기술합니다.",
        "id": "sample_002_0130_000131",
        "annotations": []
    },
    {
        "sentence": "임상기록 상세사항 132 검사 결과 재검 필요 시 재검 사유 및 일정 기록합니다.",
        "id": "sample_002_0130_000132",
        "annotations": []
    },
    {
        "sentence": "임상기록 상세사항 133 환자 소화기 증상 발생 시 관련 검사 및 처치 내역을 기록합니다.",
        "id": "sample_002_0130_000133",
        "annotations": []
    },
    {
        "sentence": "임상기록 상세사항 134 퇴원 시 환자 및 보호자의 질문과 그에 대한 답변을 기록합니다.",
        "id": "sample_002_0130_000134",
        "annotations": []
    },
    {
        "sentence": "임상기록 상세사항 135 환자 상태 악화 시 응급 수술 필요성 평가와 준비 사항을 기록합니다.",
        "id": "sample_002_0130_000135",
        "annotations": []
    },
    {
        "sentence": "임상기록 상세사항 136 병동 간 환자 이동 시 전달사항과 이송 기록을 상세히 기재합니다.",
        "id": "sample_002_0130_000136",
        "annotations": []
    },
    {
        "sentence": "임상기록 상세사항 137 혈액검사 수치 변동에 따른 임상적 의미와 대책을 기록합니다.",
        "id": "sample_002_0130_000137",
        "annotations": []
    },
    {
        "sentence": "임상기록 상세사항 138 재입원 방지를 위한 환자 교육 및 지역사회 자원 연계 사항을 기록합니다.",
        "id": "sample_002_0130_000138",
        "annotations": []
    },
    {
        "sentence": "임상기록 상세사항 139 주요 검사 결과의 수치와 정상 범위를 함께 기재합니다.",
        "id": "sample_002_0130_000139",
        "annotations": []
    },
    {
        "sentence": "임상기록 상세사항 140 환자의 활동 제한 및 휴식 권고 내용을 기록합니다.",
        "id": "sample_002_0130_000140",
        "annotations": []
    },
    {
        "sentence": "임상기록 상세사항 141 약물 복용 스케줄과 복용 확인 방법을 상세히 기술합니다.",
        "id": "sample_002_0130_000141",
        "annotations": []
    },
    {
        "sentence": "임상기록 상세사항 142 환자 모니터링 플로우차트에 따른 수행 내역을 기록합니다.",
        "id": "sample_002_0130_000142",
        "annotations": []
    },
    {
        "sentence": "임상기록 상세사항 143 치료 종료 시 평가 항목과 결과를 기록합니다.",
        "id": "sample_002_0130_000143",
        "annotations": []
    },
    {
        "sentence": "임상기록 상세사항 144 환자의 전반적 건강상태 평가 결과를 요약하여 기재합니다.",
        "id": "sample_002_0130_000144",
        "annotations": []
    },
    {
        "sentence": "임상기록 상세사항 145 검사 및 시술 후 합병증 관찰 항목과 경과를 기록합니다.",
        "id": "sample_002_0130_000145",
        "annotations": []
    },
    {
        "sentence": "임상기록 상세사항 146 환자 상태에 따른 입원 연장 또는 조기 퇴원 결정 사유를 기록합니다.",
        "id": "sample_002_0130_000146",
        "annotations": []
    },
    {
        "sentence": "임상기록 상세사항 147 치료과정 중 발생한 의사결정 기록과 근거를 상세히 작성합니다.",
        "id": "sample_002_0130_000147",
        "annotations": []
    },
    {
        "sentence": "임상기록 상세사항 148 환자 재활 목표 설정 시 단기 장기 목표를 구분하여 기록합니다.",
        "id": "sample_002_0130_000148",
        "annotations": []
    },
    {
        "sentence": "임상기록 상세사항 149 병동 내 감염 발생 시 역학 조사 및 대처 내용을 기록합니다.",
        "id": "sample_002_0130_000149",
        "annotations": []
    },
    {
        "sentence": "임상기록 상세사항 150 환자 상태 변화에 따른 간호계획 수정 내역을 기록합니다.",
        "id": "sample_002_0130_000150",
        "annotations": []
    },
    {
        "sentence": "임상기록 상세사항 151 약물 변경 내역과 그에 따른 환자의 반응을 기록합니다.",
        "id": "sample_002_0130_000151",
        "annotations": []
    },
    {
        "sentence": "임상기록 상세사항 152 검사 결과 확인 후 추가 검사 요청 사유를 기록합니다.",
        "id": "sample_002_0130_000152",
        "annotations": []
    },
    {
        "sentence": "임상기록 상세사항 153 환자 상태 악화 시 다학제 협의 결과를 기록합니다.",
        "id": "sample_002_0130_000153",
        "annotations": []
    },
    {
        "sentence": "임상기록 상세사항 154 퇴원 후 지역사회 연계 서비스 추천 내역을 기록합니다.",
        "id": "sample_002_0130_000154",
        "annotations": []
    },
    {
        "sentence": "임상기록 상세사항 155 환자 안전을 위한 환경개선 권고 사항을 기록합니다.",
        "id": "sample_002_0130_000155",
        "annotations": []
    },
    {
        "sentence": "임상기록 상세사항 156 중환자 전환 기준 충족 여부 및 판단 근거를 기록합니다.",
        "id": "sample_002_0130_000156",
        "annotations": []
    },
    {
        "sentence": "임상기록 상세사항 157 검체 채취 과정에서의 문제 및 보완 조치를 기록합니다.",
        "id": "sample_002_0130_000157",
        "annotations": []
    },
    {
        "sentence": "임상기록 상세사항 158 환자의 약물 복용 순응도 평가 결과를 기록합니다.",
        "id": "sample_002_0130_000158",
        "annotations": []
    },
    {
        "sentence": "임상기록 상세사항 159 치료 계획에 대한 환자 동의 여부와 서면 동의서 보관 여부를 기록합니다.",
        "id": "sample_002_0130_000159",
        "annotations": []
    },
    {
        "sentence": "임상기록 상세사항 160 병원 내 교육 프로그램 참여 여부와 효과를 기록합니다.",
        "id": "sample_002_0130_000160",
        "annotations": []
    },
    {
        "sentence": "임상기록 상세사항 161 의료진 교대 시 인계인수 사항과 중요 전달사항을 기록합니다.",
        "id": "sample_002_0130_000161",
        "annotations": []
    },
    {
        "sentence": "임상기록 상세사항 162 환자 가족과의 면담 내용 및 합의 사항을 기록합니다.",
        "id": "sample_002_0130_000162",
        "annotations": []
    },
    {
        "sentence": "임상기록 상세사항 163 진료 시점별 중요한 결정 사항을 연대기적으로 기록합니다.",
        "id": "sample_002_0130_000163",
        "annotations": []
    },
    {
        "sentence": "임상기록 상세사항 164 치료 중 변경된 검사 일정과 그 이유를 기록합니다.",
        "id": "sample_002_0130_000164",
        "annotations": []
    },
    {
        "sentence": "임상기록 상세사항 165 환자 상태 호전 시 단계적 활동 증진 계획을 기록합니다.",
        "id": "sample_002_0130_000165",
        "annotations": []
    },
    {
        "sentence": "임상기록 상세사항 166 통증 관리 계획의 실행 여부와 효과를 기록합니다.",
        "id": "sample_002_0130_000166",
        "annotations": []
    },
    {
        "sentence": "임상기록 상세사항 167 치료 종료 후 추적 관찰 기간과 평가 항목을 기록합니다.",
        "id": "sample_002_0130_000167",
        "annotations": []
    },
    {
        "sentence": "임상기록 상세사항 168 환자 상태에 따라 추가 의뢰가 필요한 경우 내용을 기록합니다.",
        "id": "sample_002_0130_000168",
        "annotations": []
    },
    {
        "sentence": "임상기록 상세사항 169 의료진 판단으로 시행한 비표준 치료의 근거와 결과를 기록합니다.",
        "id": "sample_002_0130_000169",
        "annotations": []
    },
    {
        "sentence": "임상기록 상세사항 170 퇴원 시 필요한 사회복지 서비스 연계 사항을 기록합니다.",
        "id": "sample_002_0130_000170",
        "annotations": []
    }
]