[
    {
        "sentence": "병원기록 문서번호 169.",
        "id": "sample_002_0182_000001",
        "annotations": [
            {
                "word": "169",
                "start": 10,
                "end": 13,
                "label": "준식별자"
            }
        ]
    },
    {
        "sentence": "작성병동/작성부서 내과.",
        "id": "sample_002_0182_000002",
        "annotations": [
            {
                "word": "내과",
                "start": 10,
                "end": 12,
                "label": "준식별자"
            }
        ]
    },
    {
        "sentence": "환자정보 환자명 박도윤.",
        "id": "sample_002_0182_000003",
        "annotations": [
            {
                "word": "박도윤",
                "start": 9,
                "end": 12,
                "label": "개인정보"
            }
        ]
    },
    {
        "sentence": "생년월일 1982-10-04.",
        "id": "sample_002_0182_000004",
        "annotations": [
            {
                "word": "1982-10-04",
                "start": 5,
                "end": 15,
                "label": "개인정보"
            }
        ]
    },
    {
        "sentence": "성별 남성.",
        "id": "sample_002_0182_000005",
        "annotations": []
    },
    {
        "sentence": "환자ID D169-821004.",
        "id": "sample_002_0182_000006",
        "annotations": [
            {
                "word": "D169-821004",
                "start": 5,
                "end": 16,
                "label": "준식별자"
            },
            {
                "word": "169",
                "start": 6,
                "end": 9,
                "label": "준식별자"
            }
        ]
    },
    {
        "sentence": "연락처 010-8132-9725.",
        "id": "sample_002_0182_000007",
        "annotations": [
            {
                "word": "010-8132-9725",
                "start": 4,
                "end": 17,
                "label": "기밀정보"
            },
            {
                "word": "010-8132-9725",
                "start": 4,
                "end": 17,
                "label": "개인정보"
            }
        ]
    },
    {
        "sentence": "긴급연락처 02-555-1010.",
        "id": "sample_002_0182_000008",
        "annotations": [
            {
                "word": "02-555-1010",
                "start": 6,
                "end": 17,
                "label": "기밀정보"
            },
            {
                "word": "02-555-1010",
                "start": 6,
                "end": 17,
                "label": "개인정보"
            }
        ]
    },
    {
        "sentence": "주소 서울특별시 강서구 화곡동 강서힐스테이트 105동 1304호.",
        "id": "sample_002_0182_000009",
        "annotations": [
            {
                "word": "서울특별시",
                "start": 3,
                "end": 8,
                "label": "준식별자"
            },
            {
                "word": "강서구",
                "start": 9,
                "end": 12,
                "label": "준식별자"
            },
            {
                "word": "화곡동 강서힐",
                "start": 13,
                "end": 20,
                "label": "준식별자"
            }
        ]
    },
    {
        "sentence": "보험정보 821004-1537621.",
        "id": "sample_002_0182_000010",
        "annotations": [
            {
                "word": "821004-1537621",
                "start": 5,
                "end": 19,
                "label": "기밀정보"
            },
            {
                "word": "821004-1537621",
                "start": 5,
                "end": 19,
                "label": "개인정보"
            }
        ]
    },
    {
        "sentence": "진료정보 내원일 2023-12-19.",
        "id": "sample_002_0182_000011",
        "annotations": [
            {
                "word": "2023-12-19",
                "start": 9,
                "end": 19,
                "label": "준식별자"
            }
        ]
    },
    {
        "sentence": "입원일 2023-12-19.",
        "id": "sample_002_0182_000012",
        "annotations": [
            {
                "word": "2023-12-19",
                "start": 4,
                "end": 14,
                "label": "준식별자"
            }
        ]
    },
    {
        "sentence": "퇴원일 2023-12-25.",
        "id": "sample_002_0182_000013",
        "annotations": [
            {
                "word": "2023-12-25",
                "start": 4,
                "end": 14,
                "label": "준식별자"
            }
        ]
    },
    {
        "sentence": "주요호소및증상 복부통증과 구토.",
        "id": "sample_002_0182_000014",
        "annotations": []
    },
    {
        "sentence": "발병일 2023-12-18.",
        "id": "sample_002_0182_000015",
        "annotations": [
            {
                "word": "2023-12-18",
                "start": 4,
                "end": 14,
                "label": "준식별자"
            }
        ]
    },
    {
        "sentence": "기저질환 고혈압과 당뇨병.",
        "id": "sample_002_0182_000016",
        "annotations": []
    },
    {
        "sentence": "현재복용약물 아스피린 하루 1정.",
        "id": "sample_002_0182_000017",
        "annotations": []
    },
    {
        "sentence": "과거수술력 맹장수술 2010년.",
        "id": "sample_002_0182_000018",
        "annotations": [
            {
                "word": "2010",
                "start": 11,
                "end": 15,
                "label": "준식별자"
            }
        ]
    },
    {
        "sentence": "알레르기정보 페니실린 알레르기 없음.",
        "id": "sample_002_0182_000019",
        "annotations": []
    },
    {
        "sentence": "흡연/음주력 비흡연자이다.",
        "id": "sample_002_0182_000020",
        "annotations": []
    },
    {
        "sentence": "직업 소프트웨어 개발자.",
        "id": "sample_002_0182_000021",
        "annotations": []
    },
    {
        "sentence": "활력징후 체온 37.8도.",
        "id": "sample_002_0182_000022",
        "annotations": [
            {
                "word": "37.8도",
                "start": 8,
                "end": 13,
                "label": "준식별자"
            }
        ]
    },
    {
        "sentence": "맥박 92회분.",
        "id": "sample_002_0182_000023",
        "annotations": [
            {
                "word": "92회",
                "start": 3,
                "end": 6,
                "label": "준식별자"
            }
        ]
    },
    {
        "sentence": "호흡 18회분.",
        "id": "sample_002_0182_000024",
        "annotations": [
            {
                "word": "18회",
                "start": 3,
                "end": 6,
                "label": "준식별자"
            }
        ]
    },
    {
        "sentence": "혈압 142/88 mmHg.",
        "id": "sample_002_0182_000025",
        "annotations": [
            {
                "word": "142/88 mmHg",
                "start": 3,
                "end": 14,
                "label": "준식별자"
            }
        ]
    },
    {
        "sentence": "SpO2 97퍼센트.",
        "id": "sample_002_0182_000026",
        "annotations": [
            {
                "word": "97퍼센트",
                "start": 5,
                "end": 10,
                "label": "준식별자"
            }
        ]
    },
    {
        "sentence": "신체검사결과 HEENT 정상소견.",
        "id": "sample_002_0182_000027",
        "annotations": []
    },
    {
        "sentence": "흉부 호흡음 정상.",
        "id": "sample_002_0182_000028",
        "annotations": []
    },
    {
        "sentence": "복부 압통 우하복부.",
        "id": "sample_002_0182_000029",
        "annotations": []
    },
    {
        "sentence": "사지/피부 발진 없음.",
        "id": "sample_002_0182_000030",
        "annotations": []
    },
    {
        "sentence": "검사결과 혈액검사 백혈구 12.3x109.",
        "id": "sample_002_0182_000031",
        "annotations": [
            {
                "word": "백혈구 12.3x109",
                "start": 10,
                "end": 22,
                "label": "준식별자"
            }
        ]
    },
    {
        "sentence": "영상검사 복부CT 충수염 소견.",
        "id": "sample_002_0182_000032",
        "annotations": []
    },
    {
        "sentence": "신속검사 소변검사 단백뇨 미미.",
        "id": "sample_002_0182_000033",
        "annotations": []
    },
    {
        "sentence": "임상진단 급성충수염 의심.",
        "id": "sample_002_0182_000034",
        "annotations": []
    },
    {
        "sentence": "치료계획 응급수술 권유.",
        "id": "sample_002_0182_000035",
        "annotations": []
    },
    {
        "sentence": "약물처방 항생제 세프타지딤 정맥주사.",
        "id": "sample_002_0182_000036",
        "annotations": []
    },
    {
        "sentence": "추적관찰및재방문계획 수술 후 1주일 뒤 외래.",
        "id": "sample_002_0182_000037",
        "annotations": [
            {
                "word": "1주일 뒤",
                "start": 16,
                "end": 21,
                "label": "준식별자"
            }
        ]
    },
    {
        "sentence": "환자교육내용 수술 후 상처관리 교육함.",
        "id": "sample_002_0182_000038",
        "annotations": []
    },
    {
        "sentence": "진료담당의 원장 이재훈.",
        "id": "sample_002_0182_000039",
        "annotations": [
            {
                "word": "이재훈",
                "start": 9,
                "end": 12,
                "label": "준식별자"
            }
        ]
    },
    {
        "sentence": "작성일 2023-12-19.",
        "id": "sample_002_0182_000040",
        "annotations": [
            {
                "word": "2023-12-19",
                "start": 4,
                "end": 14,
                "label": "준식별자"
            }
        ]
    },
    {
        "sentence": "진료노트및특이사항 금식 유지 중.",
        "id": "sample_002_0182_000041",
        "annotations": []
    }
]