[
    {
        "sentence": "병원기록 문서번호 186.",
        "id": "sample_002_0199_000001",
        "annotations": []
    },
    {
        "sentence": "작성병동/작성부서 응급의학과.",
        "id": "sample_002_0199_000002",
        "annotations": []
    },
    {
        "sentence": "환자정보 이름 한태민.",
        "id": "sample_002_0199_000003",
        "annotations": [
            {
                "word": "한태민",
                "start": 8,
                "end": 11,
                "label": "개인정보"
            }
        ]
    },
    {
        "sentence": "생년월일 1975-08-25.",
        "id": "sample_002_0199_000004",
        "annotations": [
            {
                "word": "1975-08-25",
                "start": 5,
                "end": 15,
                "label": "개인정보"
            }
        ]
    },
    {
        "sentence": "성별 남성.",
        "id": "sample_002_0199_000005",
        "annotations": []
    },
    {
        "sentence": "환자ID HTM18620230529.",
        "id": "sample_002_0199_000006",
        "annotations": []
    },
    {
        "sentence": "연락처 010-5923-1487.",
        "id": "sample_002_0199_000007",
        "annotations": [
            {
                "word": "010-5923-1487",
                "start": 4,
                "end": 17,
                "label": "기밀정보"
            }
        ]
    },
    {
        "sentence": "긴급연락처 010-0000-0000.",
        "id": "sample_002_0199_000008",
        "annotations": [
            {
                "word": "010-0000-0000",
                "start": 6,
                "end": 19,
                "label": "기밀정보"
            }
        ]
    },
    {
        "sentence": "주소 대구광역시 달서구 용산동 용산우방타운 202동 703호.",
        "id": "sample_002_0199_000009",
        "annotations": [
            {
                "word": "대구광역시 달서구 용산동 용산우방타운 202동 703호",
                "start": 3,
                "end": 33,
                "label": "준식별자"
            }
        ]
    },
    {
        "sentence": "보험정보 750825-1529831.",
        "id": "sample_002_0199_000010",
        "annotations": [
            {
                "word": "750825-1529831",
                "start": 5,
                "end": 19,
                "label": "기밀정보"
            }
        ]
    },
    {
        "sentence": "진료정보 내원일 2023-05-29.",
        "id": "sample_002_0199_000011",
        "annotations": []
    },
    {
        "sentence": "입원일 2023-05-29.",
        "id": "sample_002_0199_000012",
        "annotations": []
    },
    {
        "sentence": "퇴원일 2023-06-05.",
        "id": "sample_002_0199_000013",
        "annotations": []
    },
    {
        "sentence": "주요호소및증상 좌측 흉통과 호흡곤란.",
        "id": "sample_002_0199_000014",
        "annotations": []
    },
    {
        "sentence": "발병일 2023-05-28.",
        "id": "sample_002_0199_000015",
        "annotations": []
    },
    {
        "sentence": "기저질환 고혈압 없음.",
        "id": "sample_002_0199_000016",
        "annotations": []
    },
    {
        "sentence": "현재복용약물 없음.",
        "id": "sample_002_0199_000017",
        "annotations": []
    },
    {
        "sentence": "과거수술력 무.",
        "id": "sample_002_0199_000018",
        "annotations": []
    },
    {
        "sentence": "알레르기정보 없음.",
        "id": "sample_002_0199_000019",
        "annotations": []
    },
    {
        "sentence": "흡연 음주력 과거 흡연 경력 있으며 현재 금연 중.",
        "id": "sample_002_0199_000020",
        "annotations": []
    },
    {
        "sentence": "직업 사무직.",
        "id": "sample_002_0199_000021",
        "annotations": []
    },
    {
        "sentence": "활력징후 체온 37.2도 맥박 88회 호흡 20회 혈압 138/86 SpO2 96%.",
        "id": "sample_002_0199_000022",
        "annotations": []
    },
    {
        "sentence": "신체검사결과 HEENT 이비인후 정상 소견.",
        "id": "sample_002_0199_000023",
        "annotations": []
    },
    {
        "sentence": "신체검사결과 흉부 청진 시 좌하부 쌕쌕거림.",
        "id": "sample_002_0199_000024",
        "annotations": []
    },
    {
        "sentence": "신체검사결과 복부 무통 복부팽만 없음.",
        "id": "sample_002_0199_000025",
        "annotations": []
    },
    {
        "sentence": "신체검사결과 사지 피부 창백 소견 없음.",
        "id": "sample_002_0199_000026",
        "annotations": []
    },
    {
        "sentence": "검사결과 혈액검사 경미한 백혈구 증가 혈색소 정상.",
        "id": "sample_002_0199_000027",
        "annotations": []
    },
    {
        "sentence": "검사결과 영상검사 흉부 X-ray 좌하부 침윤 소견.",
        "id": "sample_002_0199_000028",
        "annotations": []
    },
    {
        "sentence": "검사결과 신속검사 심전도에서 비특이성 변화.",
        "id": "sample_002_0199_000029",
        "annotations": []
    },
    {
        "sentence": "임상진단 좌측 하부 폐렴 의심.",
        "id": "sample_002_0199_000030",
        "annotations": []
    },
    {
        "sentence": "치료계획 항생제 투여 산소치료 및 추적 영상 검사.",
        "id": "sample_002_0199_000031",
        "annotations": []
    },
    {
        "sentence": "약물처방 세프트리악손 정맥주사 투여 예정.",
        "id": "sample_002_0199_000032",
        "annotations": []
    },
    {
        "sentence": "추적관찰및재방문계획 2주 후 외래 내원 예정.",
        "id": "sample_002_0199_000033",
        "annotations": []
    },
    {
        "sentence": "환자교육내용 약물 복용법 안전수칙 및 증상 악화시 응급실 방문 교육 진행.",
        "id": "sample_002_0199_000034",
        "annotations": []
    },
    {
        "sentence": "진료담당의 조현우.",
        "id": "sample_002_0199_000035",
        "annotations": []
    },
    {
        "sentence": "작성일 2023-05-29.",
        "id": "sample_002_0199_000036",
        "annotations": []
    },
    {
        "sentence": "진료노트및특이사항 좌측 흉통 시작 후 3일 내원하였음.",
        "id": "sample_002_0199_000037",
        "annotations": []
    },
    {
        "sentence": "추가 소견 001 환자는 주관적 흉통을 호소하였으며 증상은 간헐적으로 악화되어 활동 제한을 초래하였습니다.",
        "id": "sample_002_0199_000038",
        "annotations": []
    },
    {
        "sentence": "추가 소견 002 환자는 기침과 가래를 동반하였으며 야간에 증상이 더 심하다고 보고하였습니다.",
        "id": "sample_002_0199_000039",
        "annotations": []
    },
    {
        "sentence": "추가 소견 003 통증은 압박감이 동반되었고 때때로 찌르는 느낌을 호소하였습니다.",
        "id": "sample_002_0199_000040",
        "annotations": []
    },
    {
        "sentence": "추가 소견 004 환자는 증상 발생 이후 열이 동반되었다고 진술하였습니다.",
        "id": "sample_002_0199_000041",
        "annotations": []
    },
    {
        "sentence": "추가 소견 005 흡연력은 과거력으로 보고되었으나 현재는 금연 중이라고 응답하였습니다.",
        "id": "sample_002_0199_000042",
        "annotations": []
    },
    {
        "sentence": "추가 소견 006 통증 악화는 활동 시 특히 계단 보행 시 심해진다고 설명하였습니다.",
        "id": "sample_002_0199_000043",
        "annotations": []
    },
    {
        "sentence": "추가 소견 007 야간 통증으로 수면이 자주 깨진다고 하였으며 수면의 질이 저하되었습니다.",
        "id": "sample_002_0199_000044",
        "annotations": []
    },
    {
        "sentence": "추가 소견 008 환자는 이전에 유사한 증상이 없었음을 강조하였습니다.",
        "id": "sample_002_0199_000045",
        "annotations": []
    },
    {
        "sentence": "추가 소견 009 복용 중인 만성약물은 없다고 보고하였습니다.",
        "id": "sample_002_0199_000046",
        "annotations": []
    },
    {
        "sentence": "추가 소견 010 발열 양상은 간헐적이었으며 해열제 복용으로 일부 완화되었다고 하였습니다.",
        "id": "sample_002_0199_000047",
        "annotations": []
    },
    {
        "sentence": "추가 소견 011 호흡곤란은 계단을 오르거나 빠르게 걸을 때 악화된다고 진술하였습니다.",
        "id": "sample_002_0199_000048",
        "annotations": []
    },
    {
        "sentence": "추가 소견 012 가래는 점액성으로 색 변화는 뚜렷하지 않다고 응답하였습니다.",
        "id": "sample_002_0199_000049",
        "annotations": []
    },
    {
        "sentence": "추가 소견 013 객담 배출 시 통증이 일부 완화되는 양상은 없다고 보고하였습니다.",
        "id": "sample_002_0199_000050",
        "annotations": []
    },
    {
        "sentence": "추가 소견 014 통증 강도는 0에서 10까지 척도 중 6 정도로 호소하였습니다.",
        "id": "sample_002_0199_000051",
        "annotations": []
    },
    {
        "sentence": "추가 소견 015 환자는 이전에 호흡기 질환 치료 이력이 없다고 진술하였습니다.",
        "id": "sample_002_0199_000052",
        "annotations": []
    },
    {
        "sentence": "추가 소견 016 과거 수술력은 없으며 큰 입원 병력도 보고되지 않았습니다.",
        "id": "sample_002_0199_000053",
        "annotations": []
    },
    {
        "sentence": "추가 소견 017 알레르기 병력은 없다고 명확히 하였습니다.",
        "id": "sample_002_0199_000054",
        "annotations": []
    },
    {
        "sentence": "추가 소견 018 혈압은 가정에서는 측정하지 않았다고 보고하였습니다.",
        "id": "sample_002_0199_000055",
        "annotations": []
    },
    {
        "sentence": "추가 소견 019 특별한 가족력은 없다고 기술하였습니다.",
        "id": "sample_002_0199_000056",
        "annotations": []
    },
    {
        "sentence": "추가 소견 020 최근 여행력이나 해외 체류력은 없다고 답하였습니다.",
        "id": "sample_002_0199_000057",
        "annotations": []
    },
    {
        "sentence": "추가 소견 021 식욕 저하는 약간 있었으나 전반적 섭취는 유지되었다고 하였습니다.",
        "id": "sample_002_0199_000058",
        "annotations": []
    },
    {
        "sentence": "추가 소견 022 소변 배설 패턴에는 큰 변화가 없다고 보고하였습니다.",
        "id": "sample_002_0199_000059",
        "annotations": []
    },
    {
        "sentence": "추가 소견 023 운동은 가벼운 산책 정도만 하며 증상으로 제한이 생겼다고 하였습니다.",
        "id": "sample_002_0199_000060",
        "annotations": []
    },
    {
        "sentence": "추가 소견 024 직업 관련 특이한 노출력은 없다고 하였습니다.",
        "id": "sample_002_0199_000061",
        "annotations": []
    },
    {
        "sentence": "추가 소견 025 체중변화는 최근 한 달 내 급격한 감소나 증가가 없었다고 하였습니다.",
        "id": "sample_002_0199_000062",
        "annotations": []
    },
    {
        "sentence": "추가 소견 026 수면 패턴은 증상으로 인해 불규칙해졌다고 진술하였습니다.",
        "id": "sample_002_0199_000063",
        "annotations": []
    },
    {
        "sentence": "추가 소견 027 스트레스 요인은 있으나 최근 큰 변화는 없었다고 하였습니다.",
        "id": "sample_002_0199_000064",
        "annotations": []
    },
    {
        "sentence": "추가 소견 028 소화기 증상 동반 여부는 없다고 보고하였습니다.",
        "id": "sample_002_0199_000065",
        "annotations": []
    },
    {
        "sentence": "추가 소견 029 과거 흡연량은 약 10년 전에 중단하였다고 진술하였습니다.",
        "id": "sample_002_0199_000066",
        "annotations": []
    },
    {
        "sentence": "추가 소견 030 음주력은 사회적 음주 수준으로 과다하지 않다고 응답하였습니다.",
        "id": "sample_002_0199_000067",
        "annotations": []
    },
    {
        "sentence": "추가 소견 031 가정에서의 응급상황 대응 계획은 가족들과 논의되어 있다고 하였습니다.",
        "id": "sample_002_0199_000068",
        "annotations": []
    },
    {
        "sentence": "추가 소견 032 환자는 치료에 대한 이해도가 높아 교육 내용을 잘 수용하였습니다.",
        "id": "sample_002_0199_000069",
        "annotations": []
    },
    {
        "sentence": "추가 소견 033 약물 복용 시 구토나 오심은 동반되지 않았다고 보고하였습니다.",
        "id": "sample_002_0199_000070",
        "annotations": []
    },
    {
        "sentence": "추가 소견 034 알레르기 반응은 과거 항생제 투여 시에 없었다고 답하였습니다.",
        "id": "sample_002_0199_000071",
        "annotations": []
    },
    {
        "sentence": "추가 소견 035 외상 병력은 없으며 최근 사고력도 부재하다고 하였습니다.",
        "id": "sample_002_0199_000072",
        "annotations": []
    },
    {
        "sentence": "추가 소견 036 상기도 감염 증상은 초기에는 없었다고 보고하였습니다.",
        "id": "sample_002_0199_000073",
        "annotations": []
    },
    {
        "sentence": "추가 소견 037 기저질환으로 진단받은 내과적 질환은 없다고 하였습니다.",
        "id": "sample_002_0199_000074",
        "annotations": []
    },
    {
        "sentence": "추가 소견 038 혈당 조절 여부 관련 과거력은 없다고 하였습니다.",
        "id": "sample_002_0199_000075",
        "annotations": []
    },
    {
        "sentence": "추가 소견 039 환자의 일상 생활 활동 능력은 점차 저하되었음을 보고하였습니다.",
        "id": "sample_002_0199_000076",
        "annotations": []
    },
    {
        "sentence": "추가 소견 040 자가 관리 능력은 보통 수준이며 일부 도움을 필요로 한다고 하였습니다.",
        "id": "sample_002_0199_000077",
        "annotations": []
    },
    {
        "sentence": "추가 소견 041 가정에서의 약물 보관 상태는 양호하다고 보고하였습니다.",
        "id": "sample_002_0199_000078",
        "annotations": []
    },
    {
        "sentence": "추가 소견 042 가족들이 증상 관찰을 돕고 있고 이상 시 즉시 병원 방문을 권유하였습니다.",
        "id": "sample_002_0199_000079",
        "annotations": []
    },
    {
        "sentence": "추가 소견 043 호흡곤란 악화 시 즉시 의료진에 연락하라는 교육을 제공하였습니다.",
        "id": "sample_002_0199_000080",
        "annotations": []
    },
    {
        "sentence": "추가 소견 044 환자의 통증 표현 방식은 비교적 명확하여 평가에 도움이 되었습니다.",
        "id": "sample_002_0199_000081",
        "annotations": []
    },
    {
        "sentence": "추가 소견 045 심전도 이상 소견은 비특이적으로 관찰되었으나 응급 소견은 아니었습니다.",
        "id": "sample_002_0199_000082",
        "annotations": []
    },
    {
        "sentence": "추가 소견 046 흉부 X-ray 소견은 좌하엽 침윤을 시사하여 항생제 치료가 권고되었습니다.",
        "id": "sample_002_0199_000083",
        "annotations": []
    },
    {
        "sentence": "추가 소견 047 혈액 검사에서 염증 수치 상승이 관찰되어 폐렴과 일치하는 소견이었습니다.",
        "id": "sample_002_0199_000084",
        "annotations": []
    },
    {
        "sentence": "추가 소견 048 산소 포화도는 안정적이었으나 활동 시 저하 소견이 경미하게 관찰되었습니다.",
        "id": "sample_002_0199_000085",
        "annotations": []
    },
    {
        "sentence": "추가 소견 049 필요 시 산소치료를 시행하기로 결정하였으며 경과 관찰 중입니다.",
        "id": "sample_002_0199_000086",
        "annotations": []
    },
    {
        "sentence": "추가 소견 050 항생제 선택은 지역 내 항생제 가이드라인을 고려하여 결정하였습니다.",
        "id": "sample_002_0199_000087",
        "annotations": []
    },
    {
        "sentence": "추가 소견 051 환자와 보호자에게 약물 부작용에 대해 설명하고 동의를 받았습니다.",
        "id": "sample_002_0199_000088",
        "annotations": []
    },
    {
        "sentence": "추가 소견 052 입원 중 활력징후 추적을 강화하고 필요 시 검사를 반복하기로 하였습니다.",
        "id": "sample_002_0199_000089",
        "annotations": []
    },
    {
        "sentence": "추가 소견 053 배뇨나 소화기 증상 악화 시 추가 평가를 시행하기로 하였습니다.",
        "id": "sample_002_0199_000090",
        "annotations": []
    },
    {
        "sentence": "추가 소견 054 퇴원 시 처방과 재활 방법을 충분히 교육할 예정입니다.",
        "id": "sample_002_0199_000091",
        "annotations": []
    },
    {
        "sentence": "추가 소견 055 외래 추적 시 증상 변화와 약물 반응을 확인할 예정입니다.",
        "id": "sample_002_0199_000092",
        "annotations": []
    },
    {
        "sentence": "추가 소견 056 증상 호전이 없는 경우 추가 전문과 진료 의뢰를 고려하기로 하였습니다.",
        "id": "sample_002_0199_000093",
        "annotations": []
    },
    {
        "sentence": "추가 소견 057 환자는 교육 내용을 이해하였고 서면 교육 자료를 제공받았습니다.",
        "id": "sample_002_0199_000094",
        "annotations": []
    },
    {
        "sentence": "추가 소견 058 보호자는 환자 상태에 대해 적극적으로 협조하겠다고 하였습니다.",
        "id": "sample_002_0199_000095",
        "annotations": []
    },
    {
        "sentence": "추가 소견 059 간헐적 흉통의 추가적 원인 감별을 위해 필요한 검사를 계획하였습니다.",
        "id": "sample_002_0199_000096",
        "annotations": []
    },
    {
        "sentence": "추가 소견 060 추가 검사 결과에 따라 치료 변경을 유연하게 적용할 예정입니다.",
        "id": "sample_002_0199_000097",
        "annotations": []
    },
    {
        "sentence": "추가 소견 061 감염성 원인의 가능성을 우선적으로 고려하였으며 치료가 시행되었습니다.",
        "id": "sample_002_0199_000098",
        "annotations": []
    },
    {
        "sentence": "추가 소견 062 비감염성 원인 배제 위해 심장 관련 검사를 병행할 것을 권고하였습니다.",
        "id": "sample_002_0199_000099",
        "annotations": []
    },
    {
        "sentence": "추가 소견 063 환자의 통증 관리는 약물과 비약물적 방법을 병행하도록 교육하였습니다.",
        "id": "sample_002_0199_000100",
        "annotations": []
    },
    {
        "sentence": "추가 소견 064 물리치료나 호흡 재활은 증상 경감에 도움이 될 수 있음을 설명하였습니다.",
        "id": "sample_002_0199_000101",
        "annotations": []
    },
    {
        "sentence": "추가 소견 065 환자의 영양 상태는 보통 수준으로 추가 영양 평가가 필요하지 않았습니다.",
        "id": "sample_002_0199_000102",
        "annotations": []
    },
    {
        "sentence": "추가 소견 066 추적 관찰 시 통증 양상 변화 기록을 부탁드렸습니다.",
        "id": "sample_002_0199_000103",
        "annotations": []
    },
    {
        "sentence": "추가 소견 067 통증 악화 시 즉시 응급실 방문을 권고하였습니다.",
        "id": "sample_002_0199_000104",
        "annotations": []
    },
    {
        "sentence": "추가 소견 068 퇴원 후 증상 악화 시 전화로 우선 상담하는 방법을 안내하였습니다.",
        "id": "sample_002_0199_000105",
        "annotations": []
    },
    {
        "sentence": "추가 소견 069 환자는 투약 스케줄을 준수하겠다고 서면으로 확인하였습니다.",
        "id": "sample_002_0199_000106",
        "annotations": []
    },
    {
        "sentence": "추가 소견 070 가족력에 특이 소견은 없다고 재확인하였습니다.",
        "id": "sample_002_0199_000107",
        "annotations": []
    },
    {
        "sentence": "추가 소견 071 환자 상태에 따라 심장 초음파 검사를 고려하기로 하였습니다.",
        "id": "sample_002_0199_000108",
        "annotations": []
    },
    {
        "sentence": "추가 소견 072 흉통의 비심장성 원인 배제 가능성도 함께 평가하기로 하였습니다.",
        "id": "sample_002_0199_000109",
        "annotations": []
    },
    {
        "sentence": "추가 소견 073 추가 영상검사 결과는 외래에서 상세히 설명할 예정입니다.",
        "id": "sample_002_0199_000110",
        "annotations": []
    },
    {
        "sentence": "추가 소견 074 환자의 정신 상태는 안정적이며 불안 수준은 보통이었습니다.",
        "id": "sample_002_0199_000111",
        "annotations": []
    },
    {
        "sentence": "추가 소견 075 보호자와의 의사소통은 원활하게 이루어졌습니다.",
        "id": "sample_002_0199_000112",
        "annotations": []
    },
    {
        "sentence": "추가 소견 076 병실 내 감염 예방 수칙을 준수하도록 안내하였습니다.",
        "id": "sample_002_0199_000113",
        "annotations": []
    },
    {
        "sentence": "추가 소견 077 외래 예약 일정을 확인하고 환자에게 전달하였습니다.",
        "id": "sample_002_0199_000114",
        "annotations": []
    },
    {
        "sentence": "추가 소견 078 약물 부작용 발생 시 즉시 보고하도록 안내하였습니다.",
        "id": "sample_002_0199_000115",
        "annotations": []
    },
    {
        "sentence": "추가 소견 079 치료 반응을 평가하기 위해 정기적인 혈액 검사를 시행하기로 하였습니다.",
        "id": "sample_002_0199_000116",
        "annotations": []
    },
    {
        "sentence": "추가 소견 080 환자는 치료 계획에 동의하였고 적극적인 치료를 희망하였습니다.",
        "id": "sample_002_0199_000117",
        "annotations": []
    },
    {
        "sentence": "추가 소견 081 이후 경과에 따라 재활이나 추가 치료를 고려하기로 하였습니다.",
        "id": "sample_002_0199_000118",
        "annotations": []
    },
    {
        "sentence": "추가 소견 082 입원 기간 동안 환자의 통증은 점차 경감되는 양상을 보였습니다.",
        "id": "sample_002_0199_000119",
        "annotations": []
    },
    {
        "sentence": "추가 소견 083 일부 활동 시 일시적인 통증 재발이 관찰되었으나 전반적 호전이었습니다.",
        "id": "sample_002_0199_000120",
        "annotations": []
    },
    {
        "sentence": "추가 소견 084 퇴원 시 기능 회복 수준을 고려한 가정 내 보조가 필요할 수 있음을 설명하였습니다.",
        "id": "sample_002_0199_000121",
        "annotations": []
    },
    {
        "sentence": "추가 소견 085 외래 방문 시 통증 지수와 생활기능을 평가할 예정입니다.",
        "id": "sample_002_0199_000122",
        "annotations": []
    },
    {
        "sentence": "추가 소견 086 환자에게 금연과 건강한 생활습관에 대한 교육을 강화하였습니다.",
        "id": "sample_002_0199_000123",
        "annotations": []
    },
    {
        "sentence": "추가 소견 087 증상이 재발하면 즉시 진료를 받을 것을 환자에게 권고하였습니다.",
        "id": "sample_002_0199_000124",
        "annotations": []
    },
    {
        "sentence": "추가 소견 088 치료 과정에서 나타난 특이 반응은 없었습니다.",
        "id": "sample_002_0199_000125",
        "annotations": []
    },
    {
        "sentence": "추가 소견 089 혈액검사와 영상검사 결과는 치료 적응증을 지지하였습니다.",
        "id": "sample_002_0199_000126",
        "annotations": []
    },
    {
        "sentence": "추가 소견 090 필요 시 전문과 상담을 통한 다학제 접근을 고려하기로 하였습니다.",
        "id": "sample_002_0199_000127",
        "annotations": []
    },
    {
        "sentence": "추가 소견 091 호흡 재활 프로그램 참여를 권유하였으며 환자의 의사를 확인하였습니다.",
        "id": "sample_002_0199_000128",
        "annotations": []
    },
    {
        "sentence": "추가 소견 092 재활 프로그램은 통증 완화와 기능 회복에 도움이 될 수 있습니다.",
        "id": "sample_002_0199_000129",
        "annotations": []
    },
    {
        "sentence": "추가 소견 093 환자와 보호자에게 자가 관리 체크리스트를 제공하였습니다.",
        "id": "sample_002_0199_000130",
        "annotations": []
    },
    {
        "sentence": "추가 소견 094 응급 상황 발생 시 연락처와 절차를 다시 안내하였습니다.",
        "id": "sample_002_0199_000131",
        "annotations": []
    },
    {
        "sentence": "추가 소견 095 환자의 주치의와 간호팀 간 정보 공유를 진행하였습니다.",
        "id": "sample_002_0199_000132",
        "annotations": []
    },
    {
        "sentence": "추가 소견 096 입원 중 환자의 상태 변화는 전자의무기록에 상세히 기재하였습니다.",
        "id": "sample_002_0199_000133",
        "annotations": []
    },
    {
        "sentence": "추가 소견 097 퇴원 요약서를 작성하여 환자에게 제공할 예정입니다.",
        "id": "sample_002_0199_000134",
        "annotations": []
    },
    {
        "sentence": "추가 소견 098 추적 관찰 결과를 바탕으로 치료 계획을 조정할 것입니다.",
        "id": "sample_002_0199_000135",
        "annotations": []
    },
    {
        "sentence": "추가 소견 099 환자의 증상 개선을 위해 지속적인 모니터링이 필요합니다.",
        "id": "sample_002_0199_000136",
        "annotations": []
    },
    {
        "sentence": "추가 소견 100 항생제 투여 후 증상 호전 여부를 주기적으로 확인할 것입니다.",
        "id": "sample_002_0199_000137",
        "annotations": []
    },
    {
        "sentence": "추가 소견 101 통증의 양상과 빈도를 기록하도록 교육하였습니다.",
        "id": "sample_002_0199_000138",
        "annotations": []
    },
    {
        "sentence": "추가 소견 102 환자 상태에 따른 추가 검사를 신속히 시행할 예정입니다.",
        "id": "sample_002_0199_000139",
        "annotations": []
    },
    {
        "sentence": "추가 소견 103 응급 악화 소견은 현재 관찰되지 않았습니다.",
        "id": "sample_002_0199_000140",
        "annotations": []
    },
    {
        "sentence": "추가 소견 104 환자의 전반적 예후는 양호하다고 판단됩니다.",
        "id": "sample_002_0199_000141",
        "annotations": []
    },
    {
        "sentence": "추가 소견 105 치료 중 발생 가능한 합병증에 대해 사전 설명을 진행하였습니다.",
        "id": "sample_002_0199_000142",
        "annotations": []
    },
    {
        "sentence": "추가 소견 106 환자는 치료에 대해 적극적 협조를 약속하였습니다.",
        "id": "sample_002_0199_000143",
        "annotations": []
    },
    {
        "sentence": "추가 소견 107 가족의 지지가 치료 과정에서 중요한 역할을 한다고 설명하였습니다.",
        "id": "sample_002_0199_000144",
        "annotations": []
    },
    {
        "sentence": "추가 소견 108 환자 교육자료는 이해하기 쉬운 언어로 제공하였습니다.",
        "id": "sample_002_0199_000145",
        "annotations": []
    },
    {
        "sentence": "추가 소견 109 외래 방문 시 사진이나 기록을 지참하도록 안내하였습니다.",
        "id": "sample_002_0199_000146",
        "annotations": []
    },
    {
        "sentence": "추가 소견 110 복용 중인 약물 목록을 환자에게 재확인하였습니다.",
        "id": "sample_002_0199_000147",
        "annotations": []
    },
    {
        "sentence": "추가 소견 111 치료 과정에서 추가 상담이 필요한 경우를 기록하였습니다.",
        "id": "sample_002_0199_000148",
        "annotations": []
    },
    {
        "sentence": "추가 소견 112 환자 증상 호전 시 점진적 활동 증가를 권고하였습니다.",
        "id": "sample_002_0199_000149",
        "annotations": []
    },
    {
        "sentence": "추가 소견 113 필요 시 통증 조절을 위한 추가 약물 조정을 고려하겠습니다.",
        "id": "sample_002_0199_000150",
        "annotations": []
    },
    {
        "sentence": "추가 소견 114 환자는 치료 계획을 잘 이해하였으며 서명으로 동의하였습니다.",
        "id": "sample_002_0199_000151",
        "annotations": []
    },
    {
        "sentence": "추가 소견 115 치료 후 회복 상황을 주기적으로 평가할 예정입니다.",
        "id": "sample_002_0199_000152",
        "annotations": []
    },
    {
        "sentence": "추가 소견 116 비약물적 치료의 중요성을 강조하고 생활습관 개선을 권장하였습니다.",
        "id": "sample_002_0199_000153",
        "annotations": []
    },
    {
        "sentence": "추가 소견 117 호흡곤란 악화 시 즉시 응급실로 오도록 교육하였습니다.",
        "id": "sample_002_0199_000154",
        "annotations": []
    },
    {
        "sentence": "추가 소견 118 환자의 증상 완화를 위해 호흡운동을 안내하였습니다.",
        "id": "sample_002_0199_000155",
        "annotations": []
    },
    {
        "sentence": "추가 소견 119 입원 기간 중 통증 조절은 적절히 이루어졌습니다.",
        "id": "sample_002_0199_000156",
        "annotations": []
    },
    {
        "sentence": "추가 소견 120 퇴원 후 외래에서 추적 관찰을 지속할 것입니다.",
        "id": "sample_002_0199_000157",
        "annotations": []
    },
    {
        "sentence": "추가 소견 121 증상 악화 시 바로 연락할 수 있도록 비상 연락처를 확인하였습니다.",
        "id": "sample_002_0199_000158",
        "annotations": []
    },
    {
        "sentence": "추가 소견 122 환자와 가족이 치료 계획에 협조적이어서 치료 진행이 원활하였습니다.",
        "id": "sample_002_0199_000159",
        "annotations": []
    },
    {
        "sentence": "추가 소견 123 재활이나 물리치료 필요 시 연계 서비스를 안내하였습니다.",
        "id": "sample_002_0199_000160",
        "annotations": []
    },
    {
        "sentence": "추가 소견 124 약물 복용 준수 여부를 외래에서 확인할 계획입니다.",
        "id": "sample_002_0199_000161",
        "annotations": []
    },
    {
        "sentence": "추가 소견 125 환자의 통증 완화는 약물과 재활의 병행으로 기대됩니다.",
        "id": "sample_002_0199_000162",
        "annotations": []
    },
    {
        "sentence": "추가 소견 126 외래 방문 시 추가 혈액검사를 시행할 예정입니다.",
        "id": "sample_002_0199_000163",
        "annotations": []
    },
    {
        "sentence": "추가 소견 127 치료의 목표와 예상 회복 기간을 환자에게 설명하였습니다.",
        "id": "sample_002_0199_000164",
        "annotations": []
    },
    {
        "sentence": "추가 소견 128 환자는 회복 의지가 강하다고 표현하였습니다.",
        "id": "sample_002_0199_000165",
        "annotations": []
    },
    {
        "sentence": "추가 소견 129 치료 중 발생한 부작용은 즉시 보고하도록 안내하였습니다.",
        "id": "sample_002_0199_000166",
        "annotations": []
    },
    {
        "sentence": "추가 소견 130 향후 치료 과정에서 생활습관 개선이 중요함을 강조하였습니다.",
        "id": "sample_002_0199_000167",
        "annotations": []
    },
    {
        "sentence": "추가 소견 131 증상 관찰 내용을 환자가 기록하도록 요청하였습니다.",
        "id": "sample_002_0199_000168",
        "annotations": []
    },
    {
        "sentence": "추가 소견 132 환자 상태에 따라 약물 용량 조정을 검토하겠습니다.",
        "id": "sample_002_0199_000169",
        "annotations": []
    },
    {
        "sentence": "추가 소견 133 증상이 호전되지 않으면 추가 전문의 의뢰를 진행할 계획입니다.",
        "id": "sample_002_0199_000170",
        "annotations": []
    },
    {
        "sentence": "추가 소견 134 환자와 보호자에게 복약관리 방법을 재차 설명하였습니다.",
        "id": "sample_002_0199_000171",
        "annotations": []
    },
    {
        "sentence": "추가 소견 135 의료진은 환자의 상태 변화를 주기적으로 평가할 것입니다.",
        "id": "sample_002_0199_000172",
        "annotations": []
    },
    {
        "sentence": "추가 소견 136 퇴원 후에도 증상 관리에 대한 지속적 교육을 제공할 예정입니다.",
        "id": "sample_002_0199_000173",
        "annotations": []
    },
    {
        "sentence": "추가 소견 137 환자의 자가 관리 능력 향상을 위해 교육을 권장하였습니다.",
        "id": "sample_002_0199_000174",
        "annotations": []
    },
    {
        "sentence": "추가 소견 138 치료 후 합병증 발생 시 즉시 보고하도록 안내하였습니다.",
        "id": "sample_002_0199_000175",
        "annotations": []
    },
    {
        "sentence": "추가 소견 139 환자와 보호자는 향후 일정에 대해 충분히 숙지하였습니다.",
        "id": "sample_002_0199_000176",
        "annotations": []
    },
    {
        "sentence": "추가 소견 140 추가 치료 계획은 외래 추적 결과에 따라 유동적으로 변경할 것입니다.",
        "id": "sample_002_0199_000177",
        "annotations": []
    }
]