{
    "document_id": "090_0071",
    "document_title": "국경간 무역 및 관세 준수 — 수입 사전검토 및 신고요건 정리",
    "data": [
        {
            "sentence": "문서 개요: 본 문서는 대한민국 관세청 규정에 따른 수입 사전검토용 통관·관세 준수 보고서입니다.",
            "id": "sample_090_0071_000001",
            "annotations": []
        },
        {
            "sentence": "관할 및 법령 버전: 대한민국(관세청), 관세법령 버전: 2024.12, HS 체계 참조 버전: HS 2022 edition으로 분류를 수행합니다.",
            "id": "sample_090_0071_000002",
            "annotations": []
        },
        {
            "sentence": "shipment_id: SHP-20250110-00071로 내부 추적용 식별자를 부여하였으며 감사추적(Audit trail)이 연계됩니다.",
            "id": "sample_090_0071_000003",
            "annotations": []
        },
        {
            "sentence": "commodity_description: 리튬이온 이차전지(Lithium-ion secondary cells), hs_code(6-digit): 850760, KOR 10-digit 예시: 8507600000으로 신고합니다.",
            "id": "sample_090_0071_000004",
            "annotations": []
        },
        {
            "sentence": "HS 코드 분류 근거: 제품 구성상 전기적 저장장치에 해당하여 HS 8507 적용, 근거: 대한민국 관세청 유권해석(문서번호: KR-ADV-2023-05-10) 및 HS 2022 Explanatory Notes를 참조합니다.",
            "id": "sample_090_0071_000005",
            "annotations": []
        },
        {
            "sentence": "원산지 및 도착지: origin_country: 중화인민공화국(PRC), destination_country: 대한민국(Republic of Korea)로 표기합니다.",
            "id": "sample_090_0071_000006",
            "annotations": []
        },
        {
            "sentence": "invoice_value: 150,000 USD이며 currency는 USD로 신고하였고 관련 세무·환급 검토를 병행합니다.",
            "id": "sample_090_0071_000007",
            "annotations": []
        },
        {
            "sentence": "incoterms: CIF Busan, Incoterms 2020 기준이며 보험·운임·보험료는 신고가치 산정에 포함됩니다.",
            "id": "sample_090_0071_000008",
            "annotations": []
        },
        {
            "sentence": "shipper_name: 임현산 (수출자 대표, 신원은 내부통제하 마스킹 및 접근제어 대상입니다).",
            "id": "sample_090_0071_000009",
            "annotations": [
                {
                    "word": "임현산",
                    "start": 14,
                    "end": 17,
                    "label": "개인정보"
                }
            ]
        },
        {
            "sentence": "consignee_name: 진범준 (수입자 대리인, 고객 DB 참조; 개인정보는 최소화하여 처리합니다).",
            "id": "sample_090_0071_000010",
            "annotations": [
                {
                    "word": "진범준",
                    "start": 16,
                    "end": 19,
                    "label": "개인정보"
                }
            ]
        },
        {
            "sentence": "carrier_name: Hanjin Shipping Co., 선박명 HJS VESSEL 125로 운송사 및 선적정보를 기록합니다.",
            "id": "sample_090_0071_000011",
            "annotations": []
        },
        {
            "sentence": "departure_date: 2025년 01월 10일로 선적일을 기록하며 날짜 구성요소는 연/월/일로 분리하여 관리합니다.",
            "id": "sample_090_0071_000012",
            "annotations": [
                {
                    "word": "2025년",
                    "start": 16,
                    "end": 21,
                    "label": "준식별자"
                },
                {
                    "word": "01월",
                    "start": 22,
                    "end": 25,
                    "label": "준식별자"
                },
                {
                    "word": "10일",
                    "start": 26,
                    "end": 29,
                    "label": "준식별자"
                }
            ]
        },
        {
            "sentence": "arrival_date: 2025년 01월 15일로 도착예정일을 기재하며 추정치는 소프트웨어 스케줄과 대조합니다.",
            "id": "sample_090_0071_000013",
            "annotations": [
                {
                    "word": "2025년",
                    "start": 14,
                    "end": 19,
                    "label": "준식별자"
                },
                {
                    "word": "01월",
                    "start": 20,
                    "end": 23,
                    "label": "준식별자"
                },
                {
                    "word": "15일",
                    "start": 24,
                    "end": 27,
                    "label": "준식별자"
                }
            ]
        },
        {
            "sentence": "bill_of_lading_number: BL-KR-HJS-00012345로 B/L 식별자를 기재하고 원본은 접근제어 하에 저장합니다.",
            "id": "sample_090_0071_000014",
            "annotations": []
        },
        {
            "sentence": "certificate_of_origin_ref: CO-PRC-2025-0110, 발행처: PRC 상공회의소, 발행일: 2025년 01월 09일, 파일 해시 참조: sha256:abcd...ef01, 원본은 암호화 저장 및 접근제한.",
            "id": "sample_090_0071_000015",
            "annotations": [
                {
                    "word": "2025년",
                    "start": 66,
                    "end": 71,
                    "label": "준식별자"
                },
                {
                    "word": "01월",
                    "start": 72,
                    "end": 75,
                    "label": "준식별자"
                },
                {
                    "word": "09일",
                    "start": 76,
                    "end": 79,
                    "label": "준식별자"
                }
            ]
        },
        {
            "sentence": "customs_declaration_number: CUS-KR-2025-00098765로 전자신고 상 고유번호를 기록합니다.",
            "id": "sample_090_0071_000016",
            "annotations": []
        },
        {
            "sentence": "declared_duty_amount: 19,500 USD로 신고하였으며 tariff_rate: 13% (대한민국 관세율표, HS 8507600000 기준, 관세청 고시 2024-11 참조)입니다.",
            "id": "sample_090_0071_000017",
            "annotations": []
        },
        {
            "sentence": "관세 환산 근거: 환율 1 USD = 1,300 KRW (assumption: 한국은행 2025-01-09 중간값 사용), 원화 환산 시 계산근거와 소수점 반올림 규칙을 포함합니다.",
            "id": "sample_090_0071_000018",
            "annotations": []
        },
        {
            "sentence": "license_or_quota_id: LIC-2024-0456 (수입허가 필요, 발급기관: 대한민국 산업통상자원부)로 쿼터·허가 상태를 확인했습니다.",
            "id": "sample_090_0071_000019",
            "annotations": []
        },
        {
            "sentence": "inspection_result: 검사완료, 리튬이온 배터리는 UN 3480 위험물로 분류되어 추가 안전서류 및 포장검사 필요, 위험도는 '중상'으로 리스크 필드에 표기하고 즉시 관련자 알림을 권고합니다.",
            "id": "sample_090_0071_000020",
            "annotations": []
        },
        {
            "sentence": "filing_status: 전자신고(AES) 접수 완료, 상태: ACCEPTED, 접수일시: 2025년 01월 10일 09:15:23로 시스템 로그에 기록됩니다.",
            "id": "sample_090_0071_000021",
            "annotations": [
                {
                    "word": "2025년",
                    "start": 52,
                    "end": 57,
                    "label": "준식별자"
                },
                {
                    "word": "01월",
                    "start": 58,
                    "end": 61,
                    "label": "준식별자"
                },
                {
                    "word": "10일",
                    "start": 62,
                    "end": 65,
                    "label": "준식별자"
                }
            ]
        },
        {
            "sentence": "원본 증빙표시: 상업송장 및 B/L은 문서번호와 발행처로만 참조하며, 원본파일은 문서번호·발행처·발행일·파일해시로 감사참조만 가능하고 실제 민감정보는 마스킹 또는 접근제어합니다.",
            "id": "sample_090_0071_000022",
            "annotations": []
        },
        {
            "sentence": "결제정보: 계좌번호 110-123-456789 은 대금결제용 기밀정보로 분류되며 권한이 있는 업무자만 열람 가능합니다.",
            "id": "sample_090_0071_000023",
            "annotations": [
                {
                    "word": "110-123-456789",
                    "start": 11,
                    "end": 25,
                    "label": "기밀정보"
                }
            ]
        },
        {
            "sentence": "수입자 대리인 여권번호: M12345678 은 개인정보로 분류되어 마스킹 및 암호화 저장 대상입니다.",
            "id": "sample_090_0071_000024",
            "annotations": [
                {
                    "word": "M12345678",
                    "start": 14,
                    "end": 23,
                    "label": "개인정보"
                }
            ]
        },
        {
            "sentence": "검사 담당자: 원범서 (내부담당자 명단에 등재, 접근제한 및 승인기록 보유)로 책임자를 기록합니다.",
            "id": "sample_090_0071_000025",
            "annotations": [
                {
                    "word": "원범서",
                    "start": 8,
                    "end": 11,
                    "label": "개인정보"
                }
            ]
        },
        {
            "sentence": "데이터 포맷 예시: EDIFACT(IFTMIN) / XML(UBL) / JSON(운송·통관 스키마) 샘플을 제공하며 메시지 수신 시 ACK/NACK 시퀀스를 시뮬레이션합니다.",
            "id": "sample_090_0071_000026",
            "annotations": []
        },
        {
            "sentence": "메시지 응답 시뮬레이션 예: ACK(200) - 수신 및 처리 성공, NACK(400) - 포맷 오류(필드누락), NACK(409) - 중복신고, 각 코드에 대한 설명과 재처리 절차를 포함합니다.",
            "id": "sample_090_0071_000027",
            "annotations": []
        }
    ]
}