{
    "document_id": "090_0061",
    "document_title": "수입 통관 사전심사 보고서(폴리프로필렌 원료, HS 3902.10)",
    "data": [
        {
            "sentence": "본 문서는 대한민국 관세청(Korea Customs Service) 관할의 수입 통관 사전심사 보고서로서 무역·관세 준수점검을 위한 내부 검토용입니다.",
            "id": "sample_090_0061_000001",
            "annotations": []
        },
        {
            "sentence": "문서는 최신 HS 코드 버전(HS 2022 기준, 관세청 적용 버전)과 관세율표(관세청 고시 기준)를 근거로 작성되었습니다.",
            "id": "sample_090_0061_000002",
            "annotations": []
        },
        {
            "sentence": "검토 대상 품목은 폴리프로필렌(원료)으로 상업송장과 샘플검사를 바탕으로 분류·평가가 수행되었습니다.",
            "id": "sample_090_0061_000003",
            "annotations": []
        },
        {
            "sentence": "Shipment identifier(내부운송ID): SHP-2025-00077은 본 건의 운영 추적용 참조값으로 기록되어 있습니다.",
            "id": "sample_090_0061_000004",
            "annotations": [
                {
                    "word": "SHP-2025-00077",
                    "start": 29,
                    "end": 43,
                    "label": "기밀정보"
                }
            ]
        },
        {
            "sentence": "Shipper(송하인, 연락책임자): 김민제는 신고서 상의 지정 연락처로 기재되어 있으며 개인정보는 최소화·마스킹 정책이 적용됩니다.",
            "id": "sample_090_0061_000005",
            "annotations": [
                {
                    "word": "김민제",
                    "start": 21,
                    "end": 24,
                    "label": "개인정보"
                }
            ]
        },
        {
            "sentence": "Consignee(수하인, 수입자): 구은아는 수입자 책임자명으로 신고서와 통관서류에 기재되어 있습니다.",
            "id": "sample_090_0061_000006",
            "annotations": [
                {
                    "word": "구은아",
                    "start": 21,
                    "end": 24,
                    "label": "개인정보"
                }
            ]
        },
        {
            "sentence": "Carrier(운송인): 우동관은 본 화물의 선적 및 운송 책임자로 선사와의 통신 채널에 등록되어 있습니다.",
            "id": "sample_090_0061_000007",
            "annotations": [
                {
                    "word": "우동관",
                    "start": 14,
                    "end": 17,
                    "label": "개인정보"
                }
            ]
        },
        {
            "sentence": "상업송장(Invoice)에 기재된 거래금액은 USD 125,000이며, 환율 적용 기준일 및 출처를 명시하여 KRW 150,000,000(환율: 1 USD = 1,200 KRW, Bank of Korea 기준, 적용일: 2025-01-16, assumption)으로 환산하였습니다.",
            "id": "sample_090_0061_000008",
            "annotations": [
                {
                    "word": "USD 125,000",
                    "start": 25,
                    "end": 36,
                    "label": "기밀정보"
                },
                {
                    "word": "KRW 150,000,000",
                    "start": 61,
                    "end": 76,
                    "label": "기밀정보"
                }
            ]
        },
        {
            "sentence": "거래조건(Incoterms): FOB Shanghai로 기재되어 있으며 운임·보험료의 비용귀속은 송하인이 기본적으로 부담합니다.",
            "id": "sample_090_0061_000009",
            "annotations": []
        },
        {
            "sentence": "출발일(출항): 출발일(년): 2025, (월): 01, (일): 15로 신고서에 기록되어 있으며 날짜 구성 요소는 준식별자 처리 대상입니다.",
            "id": "sample_090_0061_000010",
            "annotations": [
                {
                    "word": "2025",
                    "start": 17,
                    "end": 21,
                    "label": "준식별자"
                },
                {
                    "word": "01",
                    "start": 28,
                    "end": 30,
                    "label": "준식별자"
                },
                {
                    "word": "15",
                    "start": 37,
                    "end": 39,
                    "label": "준식별자"
                }
            ]
        },
        {
            "sentence": "도착예정일(도착): 도착일(년): 2025, (월): 01, (일): 30로 선사 ETA에 반영되어 있습니다.",
            "id": "sample_090_0061_000011",
            "annotations": [
                {
                    "word": "2025",
                    "start": 19,
                    "end": 23,
                    "label": "준식별자"
                },
                {
                    "word": "01",
                    "start": 30,
                    "end": 32,
                    "label": "준식별자"
                },
                {
                    "word": "30",
                    "start": 39,
                    "end": 41,
                    "label": "준식별자"
                }
            ]
        },
        {
            "sentence": "HS Code(6자리 국제기준 및 국내 세분화): 3902.10(폴리프로필렌 수지)으로 분류하였고, 분류 근거는 관세청 유권해석 사례 및 상품물성(중합체 조성·용도) 검토입니다.",
            "id": "sample_090_0061_000012",
            "annotations": []
        },
        {
            "sentence": "분류 근거 예시: 관세청 유권해석 2020-무역-1234(폴리머 분류 해석) 및 관세율표 주석을 참조하였고, 판례·유권해석 원문을 증빙자료로 첨부 검토합니다.",
            "id": "sample_090_0061_000013",
            "annotations": []
        },
        {
            "sentence": "관세율(assumption): 본 신고의 적용 관세율은 6.0%(assumption)으로 계산하였으며 적용 근거는 관세청 관세율표(2024 개정안) 예시입니다; 불확실성은 별도 표시합니다.",
            "id": "sample_090_0061_000014",
            "annotations": []
        },
        {
            "sentence": "신고된 관세액 계산 결과는 Invoice 기준 USD 125,000 × Tariff 6.0% = USD 7,500이며, 환율(1,200 KRW/USD) 적용 시 KRW 9,000,000으로 산출되었습니다.",
            "id": "sample_090_0061_000015",
            "annotations": [
                {
                    "word": "USD 7,500",
                    "start": 54,
                    "end": 63,
                    "label": "기밀정보"
                },
                {
                    "word": "KRW 9,000,000",
                    "start": 90,
                    "end": 103,
                    "label": "기밀정보"
                }
            ]
        },
        {
            "sentence": "Customs declaration number(전자신고번호): CUSTDEC-2025-00012345는 관세청 전자시스템 상의 식별자이며 접근 통제 하에 보관합니다.",
            "id": "sample_090_0061_000016",
            "annotations": [
                {
                    "word": "CUSTDEC-2025-00012345",
                    "start": 36,
                    "end": 57,
                    "label": "기밀정보"
                }
            ]
        },
        {
            "sentence": "Bill of Lading(선하증권) 번호: BLCHN20250115001은 운송식별자이며 물량 추적 및 소유권 검증을 위해 신고서와 일치하는지 대조 완료하였습니다.",
            "id": "sample_090_0061_000017",
            "annotations": [
                {
                    "word": "BLCHN20250115001",
                    "start": 25,
                    "end": 41,
                    "label": "기밀정보"
                }
            ]
        },
        {
            "sentence": "원산지증명서 참조번호: CO-KR-2025-00088은 FTA 특혜관세 적용여부 검증을 위한 증빙 식별자입니다; 원본은 검증 후 접근권자만 열람 가능합니다.",
            "id": "sample_090_0061_000018",
            "annotations": [
                {
                    "word": "CO-KR-2025-00088",
                    "start": 13,
                    "end": 29,
                    "label": "기밀정보"
                }
            ]
        },
        {
            "sentence": "수입허가·쿼터 식별자: QUOTA-LX-2025-0099은 적용 대상 여부 확인을 위해 참조되며, 쿼터 잔여량 확인 절차를 이행하였습니다.",
            "id": "sample_090_0061_000019",
            "annotations": [
                {
                    "word": "QUOTA-LX-2025-0099",
                    "start": 13,
                    "end": 31,
                    "label": "기밀정보"
                }
            ]
        },
        {
            "sentence": "검사결과: 현장검사 합격으로 판정되었고 검사기록번호 INS-2025-7788이 발급되어 검사보고서에 연결되어 있습니다.",
            "id": "sample_090_0061_000020",
            "annotations": [
                {
                    "word": "INS-2025-7788",
                    "start": 29,
                    "end": 42,
                    "label": "기밀정보"
                }
            ]
        },
        {
            "sentence": "신고 처리상태: 전자신고 수리(ACK 코드: 200, 설명: Message accepted); 문제 발생 시 관세청 전자통관 시스템의 NACK(코드: 400 또는 422) 응답을 통해 회신됩니다.",
            "id": "sample_090_0061_000021",
            "annotations": []
        },
        {
            "sentence": "시스템 연동 예시(포맷): EDIFACT INVOIC 예시, XML UBL 예시, JSON Schema(통관신고) 예시를 본 보고서 부록에 스키마 샘플로 포함하였습니다.",
            "id": "sample_090_0061_000022",
            "annotations": []
        },
        {
            "sentence": "EDI 수신·응답 시뮬레이션: ACK(200) — 수신·수리, NACK(400) — 형식 오류, NACK(422) — 사업자·데이터 검증 실패 등 상태코드와 설명을 로그에 기록합니다.",
            "id": "sample_090_0061_000023",
            "annotations": []
        },
        {
            "sentence": "원본 증빙 문서 참조: 상업송장(문서번호 INV-2025-3345), 포장명세서(PK-2025-078), 발행처 및 발행일을 메타데이터로 보관하며 파일 해시 SHA256:d2d2f5e8...는 접근제어된 저장소에 보관합니다.",
            "id": "sample_090_0061_000024",
            "annotations": [
                {
                    "word": "SHA256:d2d2f5e8...",
                    "start": 88,
                    "end": 106,
                    "label": "기밀정보"
                }
            ]
        },
        {
            "sentence": "개인정보·민감정보 관리: 본 문서의 개인 담당자명은 최소화하여 기재하였고 마스킹·역할기반 접근통제를 적용합니다(민감필드 필터링 정책 별도 문서 참조).",
            "id": "sample_090_0061_000025",
            "annotations": []
        },
        {
            "sentence": "법적 리스크 항목: 대상 물품은 금수품·제재 리스트와 대조되었으며 불일치 항목 발생 시 즉시 내부 컴플라이언스 팀과 관세청에 통보하도록 권고합니다.",
            "id": "sample_090_0061_000026",
            "annotations": []
        },
        {
            "sentence": "감사 추적(Audit trail): 신고 생성·수정·승인 이력은 타임스탬프 및 승인자 기록으로 보존되며 원본 증빙과 연결된 로그를 통해 무결성 검증이 가능합니다.",
            "id": "sample_090_0061_000027",
            "annotations": []
        },
        {
            "sentence": "담당자 결재 및 연락처: 통관 담당자(내부검토): 이은희에게 추가 자료 요청 및 긴급 통보를 진행하시기 바랍니다.",
            "id": "sample_090_0061_000028",
            "annotations": [
                {
                    "word": "이은희",
                    "start": 28,
                    "end": 31,
                    "label": "개인정보"
                }
            ]
        },
        {
            "sentence": "결론 및 조치항목: 관세 납부(USD 7,500 / KRW 9,000,000), 원산지 원본 제출, 쿼터 적용확인 문서 제출을 요청하며 관련 이행여부를 5영업일 내 회신해 주십시오.",
            "id": "sample_090_0061_000029",
            "annotations": []
        }
    ]
}