{
    "document_id": "090_0097",
    "document_title": "수입 통관 및 관세준수 보고서",
    "data": [
        {
            "sentence": "본 문서는 대한민국 관세청 제출용 수입 통관 및 관세 준수 보고서입니다.",
            "id": "sample_090_0097_000001",
            "annotations": []
        },
        {
            "sentence": "문서 식별자는 090_0097이며 관련 shipment_id는 SHIP-20250123-0097입니다.",
            "id": "sample_090_0097_000002",
            "annotations": []
        },
        {
            "sentence": "관할권: 대한민국(관세법 및 관세율 기준: 관세법 시행령 2024.12.01. 개정 적용, Korean Tariff Schedule 2025 ver.2025.01 기준).",
            "id": "sample_090_0097_000003",
            "annotations": []
        },
        {
            "sentence": "상품 기본 분류(HS 6자리): 847130으로 기재되며, 한국 품목분류상 세분화 코드는 8471.30.0000을 적용합니다.",
            "id": "sample_090_0097_000004",
            "annotations": []
        },
        {
            "sentence": "HS 코드 분류 근거: 본 품목은 휴대형 데이터 처리기능이 주된 제품으로 HS 8471.30 적용, 근거: 관세청 유권해석 2023-FT-0012 및 관세법 해석 지침 참조.",
            "id": "sample_090_0097_000005",
            "annotations": []
        },
        {
            "sentence": "상품 설명(commodity_description): 휴대용 디지털 자동 데이터 처리장치(Portable laptop-type computing device)로 세부사양은 첨부 기술명세서 참조.",
            "id": "sample_090_0097_000006",
            "annotations": []
        },
        {
            "sentence": "원산지(origin_country): 중국(PRC), 목적지(destination_country): 대한민국(Republic of Korea)으로 신고됩니다.",
            "id": "sample_090_0097_000007",
            "annotations": []
        },
        {
            "sentence": "상업송장 금액(invoice_value): 25,000 USD, currency: USD, 결제조건 Incoterms: CIF Busan(Incoterms 2020 준수).",
            "id": "sample_090_0097_000008",
            "annotations": []
        },
        {
            "sentence": "환율 적용: 기준 환율 1 USD = 1,250 KRW (2025-01-20 10:00 KST 기준, 환율 출처: 한국은행 고시), 환산 근거는 본 문서에 기록합니다.",
            "id": "sample_090_0097_000009",
            "annotations": []
        },
        {
            "sentence": "관세율(tariff_rate): 8% (assumption: KTS 2025 표를 기반으로 추정한 값이며 최종신고 시 관세율 테이블 재확인 필요; 'assumption' 표기 포함).",
            "id": "sample_090_0097_000010",
            "annotations": []
        },
        {
            "sentence": "관세 계산 근거: 신고가격 25,000 USD × 8% = 2,000 USD; 환산: 2,000 USD × 1,250 KRW/USD = 2,500,000 KRW으로 declared_duty_amount 산출합니다.",
            "id": "sample_090_0097_000011",
            "annotations": []
        },
        {
            "sentence": "신청자(Shipper) 명: 지예희, shipper_name 필드에 기재되며 본 문서 내 해당 PII는 접근 제어 대상입니다.",
            "id": "sample_090_0097_000012",
            "annotations": [
                {
                    "word": "지예희",
                    "start": 16,
                    "end": 19,
                    "label": "개인정보"
                }
            ]
        },
        {
            "sentence": "수하인(Consignee) 명: 최민석, consignee_name에 기재됩니다; 수하인 상세주소는 서울특별시 강남구 테헤란로 123, 12층으로 기록되어 있습니다.",
            "id": "sample_090_0097_000013",
            "annotations": [
                {
                    "word": "최민석",
                    "start": 18,
                    "end": 21,
                    "label": "개인정보"
                },
                {
                    "word": "서울특별시 강남구 테헤란로 123, 12층",
                    "start": 56,
                    "end": 79,
                    "label": "개인정보"
                }
            ]
        },
        {
            "sentence": "수하인 연락처: 전화 010-1234-5678, 이메일 choi.minseok@example.com으로 통신기록에 포함되어 있습니다.",
            "id": "sample_090_0097_000014",
            "annotations": [
                {
                    "word": "010-1234-5678",
                    "start": 12,
                    "end": 25,
                    "label": "개인정보"
                },
                {
                    "word": "choi.minseok@example.com",
                    "start": 31,
                    "end": 55,
                    "label": "개인정보"
                }
            ]
        },
        {
            "sentence": "운송사(Carrier) 명: 동해해운(주), carrier_name과 선박명·운항정보는 물류시스템에 연계되어 있습니다.",
            "id": "sample_090_0097_000015",
            "annotations": []
        },
        {
            "sentence": "출항일(departure_date): 2025-01-15, 도착예정(arrival_date): 2025-01-25로 항로 일정에 명시되어 있습니다.",
            "id": "sample_090_0097_000016",
            "annotations": [
                {
                    "word": "2025-01-15",
                    "start": 21,
                    "end": 31,
                    "label": "준식별자"
                },
                {
                    "word": "2025-01-25",
                    "start": 53,
                    "end": 63,
                    "label": "준식별자"
                }
            ]
        },
        {
            "sentence": "선하증권 번호(bill_of_lading_number): BL-20250123-KR0097, 전자 B/L 원본은 전자저장소에 보관됩니다.",
            "id": "sample_090_0097_000017",
            "annotations": []
        },
        {
            "sentence": "원산지증명서 참조(certificate_of_origin_ref): CO-2025-00045, 발행처: Korea FTA Center, 발행일: 2025-01-10, 파일 해시: sha256:3a7f... (액세스 제한).",
            "id": "sample_090_0097_000018",
            "annotations": [
                {
                    "word": "sha256:3a7f...",
                    "start": 100,
                    "end": 114,
                    "label": "기밀정보"
                }
            ]
        },
        {
            "sentence": "세관 신고번호(customs_declaration_number): CUST-2025-000987이 전자신고 시스템에 등록되어 있습니다.",
            "id": "sample_090_0097_000019",
            "annotations": []
        },
        {
            "sentence": "허가/쿼터 ID(license_or_quota_id): LIC-EX-2025-001 적용 대상이며 필요 시 원본 허가증 제출 절차를 따릅니다.",
            "id": "sample_090_0097_000020",
            "annotations": []
        },
        {
            "sentence": "검사 결과(inspection_result): 관세·안전 검사 결과는 PASS(적합)으로 기재되며 검사보고서는 감사용 원본으로 보관합니다.",
            "id": "sample_090_0097_000021",
            "annotations": []
        },
        {
            "sentence": "전자신고 포맷 예시: JSON UBL 샘플 제공; 메시지 수신 응답 시 정상 ACK: 200 OK (ACK_RECEIVED), 오류 NACK: 400 INVALID_FORMAT로 처리됩니다.",
            "id": "sample_090_0097_000022",
            "annotations": []
        },
        {
            "sentence": "감사 추적(Audit trail): 원본 증빙은 문서번호 및 파일 해시로 참조하며 민감정보는 마스킹 및 접근제어로 보관합니다.",
            "id": "sample_090_0097_000023",
            "annotations": []
        },
        {
            "sentence": "재무기밀: 거래은행 계좌번호 123-456-789012는 내부 기밀정보로 분류되며 접근은 재무팀 권한으로 제한합니다.",
            "id": "sample_090_0097_000024",
            "annotations": [
                {
                    "word": "123-456-789012",
                    "start": 16,
                    "end": 30,
                    "label": "기밀정보"
                }
            ]
        },
        {
            "sentence": "위험평가: 본 품목은 현행 제재·금수품 목록에 해당하지 않으나 최종목적지 및 최종사용자 검증 절차를 권고합니다.",
            "id": "sample_090_0097_000025",
            "annotations": []
        },
        {
            "sentence": "데이터 최소화 정책: 개인정보 항목은 최소한으로 수집·마스킹하며 민감 필드는 별도 필터링 정책으로 처리됩니다.",
            "id": "sample_090_0097_000026",
            "annotations": []
        },
        {
            "sentence": "관세 리스크 대응: 위반 의심 사례 발생 시 즉시 관세사 및 법무팀에 통보하고 물품 격리 및 보류 절차를 시행할 것을 권고합니다.",
            "id": "sample_090_0097_000027",
            "annotations": []
        },
        {
            "sentence": "담당 승인: 무역 컴플라이언스 담당자 최예경이 본 문서 검토 및 승인(권한자 대체 서명)하였음을 기록합니다.",
            "id": "sample_090_0097_000028",
            "annotations": [
                {
                    "word": "최예경",
                    "start": 21,
                    "end": 24,
                    "label": "개인정보"
                }
            ]
        }
    ]
}