{
    "document_id": "090_0035",
    "document_title": "수입 통관 및 HS 분류 검토 보고서(전자문서)",
    "data": [
        {
            "sentence": "본 문서는 대한민국 관세청(Korea Customs Service) 관할 하에 수입 통관 및 HS 코드 분류의 준수 여부를 검토하기 위한 내부 보고서입니다.",
            "id": "sample_090_0035_000001",
            "annotations": []
        },
        {
            "sentence": "검토 기준으로는 관세법(법령 버전 2024-12-31 기준)과 수입관세율표(국가별 부속표, KCS tariff schedule v2025-01-01)를 적용하였습니다.",
            "id": "sample_090_0035_000002",
            "annotations": []
        },
        {
            "sentence": "해당 선적의 고유 식별자는 shipment_id: SHIP-2025-00035로 등록되어 있으며 원본 시스템 상에서 접근제어 대상으로 지정되어 있습니다.",
            "id": "sample_090_0035_000003",
            "annotations": [
                {
                    "word": "SHIP-2025-00035",
                    "start": 28,
                    "end": 43,
                    "label": "기밀정보"
                }
            ]
        },
        {
            "sentence": "신고 상 발송인(shipper): 진지솔로 기재되어 있으며 개인정보 보호정책에 따라 내부 로그에만 평문 저장됩니다.",
            "id": "sample_090_0035_000004",
            "annotations": [
                {
                    "word": "진지솔",
                    "start": 19,
                    "end": 22,
                    "label": "개인정보"
                }
            ]
        },
        {
            "sentence": "수취인(consignee): 우희제로 명시되어 있으며 수취인 데이터는 최소화 원칙에 따라 마스킹 및 역할기반 접근통제가 적용됩니다.",
            "id": "sample_090_0035_000005",
            "annotations": [
                {
                    "word": "우희제",
                    "start": 16,
                    "end": 19,
                    "label": "개인정보"
                }
            ]
        },
        {
            "sentence": "운송사(carrier)는 K-Global Logistics로 신고되었고 항로 및 선적 스케줄은 전자선하증권 시스템과 동기화되어 있습니다.",
            "id": "sample_090_0035_000006",
            "annotations": []
        },
        {
            "sentence": "상품명(commodity_description)은 '휴대형 태블릿 PC(태블릿 컴퓨터)'로 신고되었으며 우선 국제 HS 6자리(847130)로 분류하였습니다.",
            "id": "sample_090_0035_000007",
            "annotations": []
        },
        {
            "sentence": "HS 코드 세부화는 국가별 확장번호(국내 10자리 맵: 8471.30.0000)를 사용하였고 분류 근거는 관세청 유권해석(유권해석번호: KCS-2024-0815)과 품목의 기능·구성 자료입니다.",
            "id": "sample_090_0035_000008",
            "annotations": []
        },
        {
            "sentence": "원산지(origin_country)는 대한민국(Republic of Korea)이며 도착지(destination_country)는 미국(United States of America)으로 확인되었습니다.",
            "id": "sample_090_0035_000009",
            "annotations": []
        },
        {
            "sentence": "거래금액(invoice_value)은 25,000 USD로 신고되었고 통화(currency)는 USD입니다.",
            "id": "sample_090_0035_000010",
            "annotations": []
        },
        {
            "sentence": "환율은 1 USD = 1,320 KRW(환율 적용 시점: 2025-01-14, 자료원: 중앙은행 일별 고시, 해당 값은 assumption으로 명시됨)입니다.",
            "id": "sample_090_0035_000011",
            "annotations": []
        },
        {
            "sentence": "관세율(tariff_rate)은 FTA 비적용 표준율 가정으로 5.0%를 적용하였으며 이 수치는 불확실한 경우 'assumption' 태그와 근거를 병기하였습니다.",
            "id": "sample_090_0035_000012",
            "annotations": []
        },
        {
            "sentence": "신고된 관세액(declared_duty_amount) 계산근거는 25,000 USD × 5.0% = 1,250 USD이며 환산액은 1,250 × 1,320 KRW = 1,650,000 KRW(계산 근거 포함, assumption 표기)입니다.",
            "id": "sample_090_0035_000013",
            "annotations": []
        },
        {
            "sentence": "거래조건(Incoterms)은 DAP(도착지 인도)로 신고되어 있으며 보험 및 운임 처리 방식은 상업송장에 따라 정리되어 있습니다.",
            "id": "sample_090_0035_000014",
            "annotations": []
        },
        {
            "sentence": "출항일(departure_date)은 2025-01-15로 신고되었으며 신고서에는 연(2025), 월(01), 일(15) 단위로 기록되어 있습니다.",
            "id": "sample_090_0035_000015",
            "annotations": [
                {
                    "word": "2025-01-15",
                    "start": 21,
                    "end": 31,
                    "label": "준식별자"
                }
            ]
        },
        {
            "sentence": "도착예정일(arrival_date)은 2025-01-20로 기재되어 있고 항공/해상 운송 추적과 교차검증을 수행하였습니다.",
            "id": "sample_090_0035_000016",
            "annotations": [
                {
                    "word": "2025-01-20",
                    "start": 21,
                    "end": 31,
                    "label": "준식별자"
                }
            ]
        },
        {
            "sentence": "선하증권 번호(bill_of_lading_number)는 BL-20250115-KR12345로 전자문서 상에 기록되어 있으며 원문은 접근제어된 DMS에 보관됩니다.",
            "id": "sample_090_0035_000017",
            "annotations": [
                {
                    "word": "BL-20250115-KR12345",
                    "start": 32,
                    "end": 51,
                    "label": "기밀정보"
                }
            ]
        },
        {
            "sentence": "원산지증명서(certificate_of_origin_ref)는 CO-2025-KR-0456로 참조되며 원본 스캔 파일은 파일식별자 sha256:MASKED_HASH_1로 DMS에 저장되어 있습니다.",
            "id": "sample_090_0035_000018",
            "annotations": [
                {
                    "word": "CO-2025-KR-0456",
                    "start": 35,
                    "end": 50,
                    "label": "기밀정보"
                },
                {
                    "word": "sha256:MASKED_HASH_1",
                    "start": 73,
                    "end": 93,
                    "label": "기밀정보"
                }
            ]
        },
        {
            "sentence": "관세신고번호(customs_declaration_number)는 CD-2025-0009876로 발급되었고 전자신고 시스템의 감사추적(audit trail)에 기록되어 있습니다.",
            "id": "sample_090_0035_000019",
            "annotations": [
                {
                    "word": "CD-2025-0009876",
                    "start": 36,
                    "end": 51,
                    "label": "기밀정보"
                }
            ]
        },
        {
            "sentence": "해당 품목은 추가 수입허가나 쿼터 대상이 아님을 우선 확인했으나 내부 통제상 license_or_quota_id로 LIC-KR-2025-77을 임시 부여하여 검토를 진행했습니다.",
            "id": "sample_090_0035_000020",
            "annotations": [
                {
                    "word": "LIC-KR-2025-77",
                    "start": 64,
                    "end": 78,
                    "label": "기밀정보"
                }
            ]
        },
        {
            "sentence": "검사기관의 검사 결과(inspection_result)는 '무결점 합격'으로 표기되었고 샘플검사 및 기능검사 목록을 첨부 자료로 보유하고 있습니다.",
            "id": "sample_090_0035_000021",
            "annotations": []
        },
        {
            "sentence": "전자신고의 제출 상태(filing_status)는 '전자신고 완료(ACK 200 Accepted)'로 회신되었으며 수신 응답 메시지에는 상태코드와 설명을 함께 보관합니다.",
            "id": "sample_090_0035_000022",
            "annotations": []
        },
        {
            "sentence": "예시 EDIFACT/JSON 메시지: {\"message_type\":\"eManifest\",\"shipment_id\":\"SHIP-2025-00035\"} 송수신 시 ACK(200) 또는 NACK(400)로 응답하며 상태코드 표준을 따릅니다.",
            "id": "sample_090_0035_000023",
            "annotations": []
        },
        {
            "sentence": "EDIFACT 샘플 라인 예: UNH+MSGID+EMAN:D:96A:UN' ... CNT+X:1' 응답은 'ACK 200 - Accepted' 또는 'NACK 400 - Rejected (Error code 및 이유 포함)'로 표기됩니다.",
            "id": "sample_090_0035_000024",
            "annotations": []
        },
        {
            "sentence": "원본 증빙문서는 문서번호, 발행처, 발행일 및 파일 해시(checksum)로만 내부 참조하며 민감정보는 접근제어로 보호합니다.",
            "id": "sample_090_0035_000025",
            "annotations": []
        },
        {
            "sentence": "HS 코드 및 관세율의 변경 가능성에 대비해 버전관리 체계를 운영하며 현재는 HS 2022 edition과 KCS annex v2025-01-01을 기준으로 삼았습니다.",
            "id": "sample_090_0035_000026",
            "annotations": []
        },
        {
            "sentence": "제재·금수 검토 결과 현재 해당 선적은 제재목록과 일치하지 않았으나 듀얼유즈 가능성 등 리스크 항목은 별도 필드로 등록하고 즉시 통보 절차를 권고합니다.",
            "id": "sample_090_0035_000027",
            "annotations": []
        },
        {
            "sentence": "후속 조치로는 관세납부 전 확인, 수입신고 보완문서 제출, 필요시 관세분류 선결정(advance ruling) 신청을 제안합니다(관세심사번호 예시 AR-2025-0023, assumption 표기).",
            "id": "sample_090_0035_000028",
            "annotations": []
        },
        {
            "sentence": "전자 데이터 연계 예시는 JSON 스키마(샘플): {\"shipment_id\":\"SHIP-2025-00035\",\"hs_code\":\"847130\",\"invoice_value\":25000,\"currency\":\"USD\"} 입니다.",
            "id": "sample_090_0035_000029",
            "annotations": [
                {
                    "word": "SHIP-2025-00035",
                    "start": 44,
                    "end": 59,
                    "label": "기밀정보"
                }
            ]
        },
        {
            "sentence": "보고서 최종 승인 책임자는 무역컴플라이언스 담당자 공승완으로 명기하며 관련 문의는 내부 메시징 시스템을 통해 권한자에게만 허용합니다.",
            "id": "sample_090_0035_000030",
            "annotations": [
                {
                    "word": "공승완",
                    "start": 28,
                    "end": 31,
                    "label": "개인정보"
                }
            ]
        }
    ]
}