{
    "document_id": "090_0027",
    "document_title": "대한민국 수입 통관 심사 보고서(전자기록)",
    "data": [
        {
            "sentence": "문서 목적: 본 보고서는 대한민국 관세청 규정에 따라 수입 화물의 통관 적합성 및 감사용 증빙을 기록하기 위해 작성되었습니다.",
            "id": "sample_090_0027_000001",
            "annotations": []
        },
        {
            "sentence": "관할권 명시: 이 문서는 Republic of Korea(대한민국) 관세법 및 관세율표를 기준으로 작성되었으며 관련 법령 버전과 조문을 명시하여 관리합니다.",
            "id": "sample_090_0027_000002",
            "annotations": []
        },
        {
            "sentence": "문서 식별: 시스템 등록 shipment_id는 SHP0900027-20260115로 표기되며 감사 추적을 위한 메타데이터와 타임스탬프가 연결되어 있습니다.",
            "id": "sample_090_0027_000003",
            "annotations": []
        },
        {
            "sentence": "shipper_name: 전진호, 본 문서 상의 통관담당자 표기는 내부 마스킹 및 접근제어 대상입니다.",
            "id": "sample_090_0027_000004",
            "annotations": [
                {
                    "word": "전진호",
                    "start": 14,
                    "end": 17,
                    "label": "개인정보"
                }
            ]
        },
        {
            "sentence": "shipper address: 서울특별시 강남구(상세주소 마스킹됨), 주소는 시/군/구 단위로 분리하여 준식별자 관리 정책을 적용합니다.",
            "id": "sample_090_0027_000005",
            "annotations": [
                {
                    "word": "서울특별시",
                    "start": 17,
                    "end": 22,
                    "label": "준식별자"
                },
                {
                    "word": "강남구",
                    "start": 23,
                    "end": 26,
                    "label": "준식별자"
                }
            ]
        },
        {
            "sentence": "consignee_name: 주태희, 수입자 담당자명은 최소화 원칙에 따라 필요시 부분 마스킹 후 제공됩니다.",
            "id": "sample_090_0027_000006",
            "annotations": [
                {
                    "word": "주태희",
                    "start": 16,
                    "end": 19,
                    "label": "개인정보"
                }
            ]
        },
        {
            "sentence": "carrier_name: Maersk Line; bill_of_lading_number: BLMSK0900027; 본선 적하항은 Busan(Pusan)으로 기재되어 있습니다.",
            "id": "sample_090_0027_000007",
            "annotations": []
        },
        {
            "sentence": "hs_code: 국제 6자리 847130(automatic data-processing machines), 대한민국 적용 예시 10자리 분류 KR8471300000으로 세분화되어 적용됩니다.",
            "id": "sample_090_0027_000008",
            "annotations": []
        },
        {
            "sentence": "HS 분류 근거 및 논리: 품목이 '휴대용 데이터 처리기기'로서 HS 8471 및 세부 소항에 해당하므로 관련 규정과 품목 표준 설명을 대조하여 분류하였습니다.",
            "id": "sample_090_0027_000009",
            "annotations": []
        },
        {
            "sentence": "출처 표기: 분류 근거는 관세청 고시(관세율표 2024), HS 2022 버전, 관세청 유권해석 및 과거 판례를 참조하였으며 출처 링크는 감사 저장소에 기록됩니다.",
            "id": "sample_090_0027_000010",
            "annotations": []
        },
        {
            "sentence": "commodity_description: '휴대용 데이터 처리기기(래피톱) 및 충전기 등 액세서리'로 기술하였으며 상업송장과 포장명세서를 대조 검증합니다.",
            "id": "sample_090_0027_000011",
            "annotations": []
        },
        {
            "sentence": "invoice_value: 10,000 USD; currency: USD; incoterms: CIF Busan Incoterms 2020; 통관가액 산정에 상기 거래조건을 적용합니다.",
            "id": "sample_090_0027_000012",
            "annotations": []
        },
        {
            "sentence": "환율 및 환산 근거: 기준환율은 2026-01-15 기준 USD/KRW = 1,200.00(assumption: 외부 시장 가용성에 따른 가정)으로, 10,000 USD는 KRW 12,000,000으로 환산됩니다.",
            "id": "sample_090_0027_000013",
            "annotations": []
        },
        {
            "sentence": "declared_duty_amount: 800 USD(assumption: 예시값으로 실제 관세는 관세율표와 추가조정 기준에 따라 변동), 원화환산 근거는 상기 환율을 적용했습니다.",
            "id": "sample_090_0027_000014",
            "annotations": []
        },
        {
            "sentence": "tariff_rate: 8% (관세율표 2024 기준을 예시로 표기하며, 실제 적용세율은 HS 코드 세부항목과 FTA 적용 여부로 결정됩니다).",
            "id": "sample_090_0027_000015",
            "annotations": []
        },
        {
            "sentence": "origin_country: Vietnam; certificate_of_origin_ref: CO-2026-VN-0099로 기재되어 있으며 원산지 증빙은 특혜관세 적용 시 필수입니다.",
            "id": "sample_090_0027_000016",
            "annotations": []
        },
        {
            "sentence": "destination_country: Republic of Korea(대한민국), 통관 최종 목적지는 부산항(Busan)으로 명시되어 있습니다.",
            "id": "sample_090_0027_000017",
            "annotations": []
        },
        {
            "sentence": "certificate_of_origin 상세: 문서번호 CO-2026-VN-0099, 발행처: Vietnam Chamber of Commerce, 발행일: 2026-01-05, 원본은 감사용으로 접근제한 보관됩니다.",
            "id": "sample_090_0027_000018",
            "annotations": []
        },
        {
            "sentence": "customs_declaration_number: CSTM-20260115-00987; 전자신고는 Single Window 연동으로 제출되며 접수번호 및 상태를 시스템에 기록합니다.",
            "id": "sample_090_0027_000019",
            "annotations": []
        },
        {
            "sentence": "전자메시지 예시(EDIFACT): UNH+SHP0900027+CUSCAR:D:96A:UN' ... 형태로 구성되며 메시지 구성은 XSD/EDIFACT 스펙을 준수합니다.",
            "id": "sample_090_0027_000020",
            "annotations": []
        },
        {
            "sentence": "메시지 수신/응답(ACK/NACK) 정책: 정상 수신시 ACK 코드 200 설명='Accepted, message processed'를 기록하고, 검증 실패시 NACK 코드 400 설명='Rejected, validation error'를 반환합니다.",
            "id": "sample_090_0027_000021",
            "annotations": []
        },
        {
            "sentence": "원본 증빙 참조: 상업송장 INV-20260110-3344, 발행처: ExportCo Ltd., 발행일: 2026-01-10, 파일 해시 sha256:3a7f...로 해시값이 감사저장소에 보관됩니다.",
            "id": "sample_090_0027_000022",
            "annotations": []
        },
        {
            "sentence": "Audit trail: 전자문서 접근 로그, 서명 타임스탬프, 버전관리 및 해시값 비교를 통해 무결성 검증과 변경 이력을 보존합니다.",
            "id": "sample_090_0027_000023",
            "annotations": []
        },
        {
            "sentence": "내부 파일 경로(기밀): /internal/erp/shipments/090_0027/bill_of_lading.pdf은 운영자 권한으로만 접근 가능하며 무단 열람을 방지합니다.",
            "id": "sample_090_0027_000024",
            "annotations": [
                {
                    "word": "/internal/erp/shipments/090_0027/bill_of_lading.pdf",
                    "start": 14,
                    "end": 65,
                    "label": "기밀정보"
                }
            ]
        },
        {
            "sentence": "inspection_result: 표본검사 대상이며 결과는 '조건부 통관 허용'으로 표기되었고 추가서류 제출과 물품추적이 요구될 수 있습니다.",
            "id": "sample_090_0027_000025",
            "annotations": []
        },
        {
            "sentence": "license_or_quota_id: LIC-KR-2026-0045가 기재되어 있으며 쿼터 또는 수입허가 적용여부는 세관 최종결정으로 확정됩니다.",
            "id": "sample_090_0027_000026",
            "annotations": []
        },
        {
            "sentence": "보안 및 마스킹 정책: 개인정보는 저장 시 부분 마스킹 또는 암호화하며 권한 기반 접근제어(RBAC)를 적용합니다; 마스킹 예: 전**호.",
            "id": "sample_090_0027_000027",
            "annotations": []
        },
        {
            "sentence": "연락처 원문(기밀/개인정보 예시): 연락처: 010-1234-5678; 여권번호: P12345678; 상기 정보는 감사 목적을 제외하고는 암호화되어 보관됩니다.",
            "id": "sample_090_0027_000028",
            "annotations": [
                {
                    "word": "010-1234-5678",
                    "start": 25,
                    "end": 38,
                    "label": "개인정보"
                },
                {
                    "word": "P12345678",
                    "start": 46,
                    "end": 55,
                    "label": "개인정보"
                }
            ]
        },
        {
            "sentence": "금융정보(기밀): 수입자 은행명 KB국민은행, 계좌번호: 123-456-789012는 내부 결제자료로 암호화 및 접근제한 대상입니다.",
            "id": "sample_090_0027_000029",
            "annotations": [
                {
                    "word": "123-456-789012",
                    "start": 32,
                    "end": 46,
                    "label": "기밀정보"
                }
            ]
        },
        {
            "sentence": "리스크 필드: 제재·금수품 대조 결과 현재 적중 없음으로 표기되었으나, 고위험 판정 시 즉시 관계기관 통보 절차가 자동 트리거됩니다.",
            "id": "sample_090_0027_000030",
            "annotations": []
        },
        {
            "sentence": "권고 조치: 기밀정보 노출 의심 시 즉시 통관담당자 및 보안팀에 통보하고 해당 전자레코드의 접근 로그를 봉인하도록 권고합니다.",
            "id": "sample_090_0027_000031",
            "annotations": []
        },
        {
            "sentence": "데이터 포맷 예시 보관: EDIFACT, XML(XSD), JSON 스키마 샘플을 레포지토리에 보관하며 통신 실패시 재전송 규칙과 ACK/NACK 코드 매핑을 문서화하고 있습니다.",
            "id": "sample_090_0027_000032",
            "annotations": []
        }
    ]
}