{
    "document_id": "090_0025",
    "document_title": "수입통관 심사보고서 및 HS 코드 판정서(대한민국 관세청 적용)",
    "data": [
        {
            "sentence": "본 보고서는 대한민국 관세청(Korea Customs Service) 관할 규정에 따라 작성된 수입통관 심사보고서입니다.",
            "id": "sample_090_0025_000001",
            "annotations": []
        },
        {
            "sentence": "적용 법령은 관세법(2025.12.31 버전), 관세율표 및 관련 시행령을 기준으로 하였으며 법령 버전 관리는 문서 하단에 명시합니다.",
            "id": "sample_090_0025_000002",
            "annotations": []
        },
        {
            "sentence": "Shipment identifier: shipment_id=SHIP-2026-00456로 내부 시스템 및 전자신고 연동 키로 사용됩니다.",
            "id": "sample_090_0025_000003",
            "annotations": []
        },
        {
            "sentence": "HS 코드(6자리 국제표준): 851712 — \"휴대전화용 이동통신 단말기류(telephone sets for cellular networks)\"로 분류됩니다.",
            "id": "sample_090_0025_000004",
            "annotations": []
        },
        {
            "sentence": "HS 코드 분류 근거: 관세청 유권해석 2025-AR-045, WCO HS 해설(Chapter 85) 및 유사제품 기술적 도면 검토를 종합하여 판정하였고 세부 근거는 아래 참조문헌에 기재합니다.",
            "id": "sample_090_0025_000005",
            "annotations": []
        },
        {
            "sentence": "분류 세부화(국가별 10자리): 대한민국 적용 예시는 8517120000으로 표기하였으며 세분율 적용은 관세율표 최신버전으로 확인합니다 [assumption: 세부코드 표기는 관세청 데이터맵을 기준으로 가정].",
            "id": "sample_090_0025_000006",
            "annotations": []
        },
        {
            "sentence": "상품명세(commodity_description): 스마트폰(모델 X, 배터리 포함) 2,000대, origin_country: 중국, destination_country: 대한민국.",
            "id": "sample_090_0025_000007",
            "annotations": [
                {
                    "word": "중국",
                    "start": 72,
                    "end": 74,
                    "label": "준식별자"
                },
                {
                    "word": "대한민국",
                    "start": 97,
                    "end": 101,
                    "label": "준식별자"
                }
            ]
        },
        {
            "sentence": "상업송장(invoice_value): USD 125,000.00, 통화(currency): USD, Incoterms: FOB Shanghai이며 인도지점까지 수출자가 책임을 집니다.",
            "id": "sample_090_0025_000008",
            "annotations": []
        },
        {
            "sentence": "환율 적용일 및 근거: 2026-03-16 기준 한국은행 고시환율 1 USD = KRW 1,350.75를 사용하였으며 환산액은 125,000 * 1,350.75 = KRW 168,843,750입니다 [assumption: 환율은 샘플 데이터로 가정].",
            "id": "sample_090_0025_000009",
            "annotations": []
        },
        {
            "sentence": "Incoterms 설명: FOB 조건에 따라 선적까지 수출자가 비용·위험을 부담하고 운임·보험은 수입자 부담으로 관세평가 시 가격조건을 명확히 반영합니다.",
            "id": "sample_090_0025_000010",
            "annotations": []
        },
        {
            "sentence": "Shipper: (주)한솔트레이드, 통관담당자: 하민우, 연락처: 010-****-5678, 이메일: h*****@example.com (민감정보는 부분마스킹 처리 및 접근제한 적용).",
            "id": "sample_090_0025_000011",
            "annotations": [
                {
                    "word": "하민우",
                    "start": 27,
                    "end": 30,
                    "label": "개인정보"
                },
                {
                    "word": "010-****-5678",
                    "start": 37,
                    "end": 50,
                    "label": "개인정보"
                },
                {
                    "word": "h*****@example.com",
                    "start": 57,
                    "end": 75,
                    "label": "개인정보"
                },
                {
                    "word": "(주)한솔트레이드",
                    "start": 9,
                    "end": 18,
                    "label": "기밀정보"
                }
            ]
        },
        {
            "sentence": "Consignee: (주)영광수출입, 수입자 연락담당자: 송희지, 수신지 통관담당과 문서교환은 Single Window를 통해 진행합니다.",
            "id": "sample_090_0025_000012",
            "annotations": [
                {
                    "word": "(주)영광수출입",
                    "start": 11,
                    "end": 19,
                    "label": "기밀정보"
                },
                {
                    "word": "송희지",
                    "start": 32,
                    "end": 35,
                    "label": "개인정보"
                }
            ]
        },
        {
            "sentence": "운송정보: carrier_name=DHL Korea, 운송수단: 항공(운송경로: PVG→ICN), departure_date: 2026-03-15, arrival_date: 2026-03-22.",
            "id": "sample_090_0025_000013",
            "annotations": [
                {
                    "word": "DHL Korea",
                    "start": 19,
                    "end": 28,
                    "label": "기밀정보"
                },
                {
                    "word": "2026-03-15",
                    "start": 71,
                    "end": 81,
                    "label": "준식별자"
                },
                {
                    "word": "2026-03-22",
                    "start": 97,
                    "end": 107,
                    "label": "준식별자"
                }
            ]
        },
        {
            "sentence": "선하증권(B/L) 또는 전자운송장 참조: bill_of_lading_number=BLKR202600789, 원본 B/L은 전자서명 파일로 보관되며 접근권한이 제한됩니다.",
            "id": "sample_090_0025_000014",
            "annotations": [
                {
                    "word": "BLKR202600789",
                    "start": 45,
                    "end": 58,
                    "label": "기밀정보"
                }
            ]
        },
        {
            "sentence": "원산지 증빙 참조: certificate_of_origin_ref=CO-ROK-2026-0456(공증본 보관), FTA 특혜 적용 여부는 원산지 규정 충족 심사 후 결정합니다.",
            "id": "sample_090_0025_000015",
            "annotations": [
                {
                    "word": "CO-ROK-2026-0456",
                    "start": 37,
                    "end": 53,
                    "label": "기밀정보"
                }
            ]
        },
        {
            "sentence": "수입신고 관련: customs_declaration_number=CUST-2026-00012345로 전자신고가 접수되었으며 해당 번호는 시스템상 기밀문서로 분류됩니다.",
            "id": "sample_090_0025_000016",
            "annotations": [
                {
                    "word": "CUST-2026-00012345",
                    "start": 36,
                    "end": 54,
                    "label": "기밀정보"
                }
            ]
        },
        {
            "sentence": "신고 관세액(declared_duty_amount): USD 18,750.00, 적용 tariff_rate: 15.0% (HS 851712 기준, 대한민국 관세율표 적용).",
            "id": "sample_090_0025_000017",
            "annotations": []
        },
        {
            "sentence": "관세액 KRW 환산 계산 근거: 18,750 USD * 1,350.75 KRW/USD = KRW 25,326,562.50, 환산 근거와 환율 적용시점을 명시하였습니다.",
            "id": "sample_090_0025_000018",
            "annotations": []
        },
        {
            "sentence": "관련 허가·쿼터: license_or_quota_id=LIC-APL-2026-998이 적용되며 쿼터 적격성은 수입허가서 확인으로 검증합니다.",
            "id": "sample_090_0025_000019",
            "annotations": [
                {
                    "word": "LIC-APL-2026-998",
                    "start": 30,
                    "end": 46,
                    "label": "기밀정보"
                }
            ]
        },
        {
            "sentence": "검사정보(inspection_result): 물리검사 합격, 샘플링 검사·X-ray 이상무, 검사보고서 문서번호 INS-2026-210에 근거합니다.",
            "id": "sample_090_0025_000020",
            "annotations": []
        },
        {
            "sentence": "신고 상태(filing_status): 전자신고 접수 상태이며 시스템 응답은 ACK(200: 접수완료)로 확인되었습니다, 현재 세관 심사대기 상태입니다.",
            "id": "sample_090_0025_000021",
            "annotations": []
        },
        {
            "sentence": "전자문서 포맷 및 메시지 예시: EDIFACT 또는 XML(UN/CEFACT) 또는 JSON(UBL) 스키마 준수를 권고하며 표준 필드로 shipment_id, parties, items, values 등을 포함합니다.",
            "id": "sample_090_0025_000022",
            "annotations": []
        },
        {
            "sentence": "메시지 수신·응답 시뮬레이션 예: ACK 200(접수완료), ACK 201(부분검증), NACK 400(스키마오류), NACK 409(중복신고); 각 코드에 대한 설명과 재처리 절차를 명시합니다.",
            "id": "sample_090_0025_000023",
            "annotations": []
        },
        {
            "sentence": "원본 증빙 및 감사추적(provenance): 원본 문서는 문서번호·발행처·발행일·파일해시로 참조하며 예: CommercialInvoice_20260315_01, 발행처: (주)한솔트레이드, 파일해시: sha256:3a7f1e2b..., 결제계좌(부분마스킹): 123-****-01-001.",
            "id": "sample_090_0025_000024",
            "annotations": [
                {
                    "word": "CommercialInvoice_20260315_01",
                    "start": 60,
                    "end": 89,
                    "label": "기밀정보"
                },
                {
                    "word": "123-****-01-001",
                    "start": 146,
                    "end": 161,
                    "label": "기밀정보"
                }
            ]
        },
        {
            "sentence": "제재 및 금수품 체크: 수입자 및 물품은 EU·UN 제재목록 및 국외 규제와 대조하였으며 현재 위반항목은 없으나 상시 모니터링을 권고합니다.",
            "id": "sample_090_0025_000025",
            "annotations": []
        },
        {
            "sentence": "리스크 필드: 배터리 내 리튬함량·SPS(위생·검역) 위험·문서위조 가능성 등 법적 조치 가능성이 있는 항목은 별도 리스크 태그로 관리하고 즉시 관계자 알림을 권고합니다.",
            "id": "sample_090_0025_000026",
            "annotations": []
        },
        {
            "sentence": "민감정보 처리정책: 개인정보(이름·휴대폰·이메일)는 최소화·부분마스킹하며 원문 열람은 역할기반 접근통제로 제한합니다.",
            "id": "sample_090_0025_000027",
            "annotations": []
        },
        {
            "sentence": "[assumption] 표기 원칙: 환율·관세율·HS 분류의 불확실한 값은 반드시 [assumption] 태그와 근거를 함께 표기하고 절대 확정 사실로 기재하지 않습니다.",
            "id": "sample_090_0025_000028",
            "annotations": []
        },
        {
            "sentence": "데이터 포맷 예시 제공: JSON(UBL) 샘플 메시지는 별도 첨부파일로 제공되며 메시지 내 필드는 EDIFACT 매핑표와 함께 유지관리합니다.",
            "id": "sample_090_0025_000029",
            "annotations": []
        },
        {
            "sentence": "결론 및 권고사항: 수입자·운송사·통관대행사와 원본 문서 교차검증, 관세평가 재검토 및 필요시 신고정정 절차 이행을 권고합니다.",
            "id": "sample_090_0025_000030",
            "annotations": []
        }
    ]
}