{
    "document_id": "090_0067",
    "document_title": "수입통관 리스크 평가 및 신고자료(리튬이온 전지 사례)",
    "data": [
        {
            "sentence": "문서명: 수입통관 리스크 평가 및 신고자료 — 리튬이온 전지(휴대용) 사례 분석 보고서.",
            "id": "sample_090_0067_000001",
            "annotations": []
        },
        {
            "sentence": "관할권: 대한민국(관세청), 적용 HS 버전: HS 2022 국제분류 기본 규정 및 한국 통관용 10자리 세분화 규칙을 병기하였다.",
            "id": "sample_090_0067_000002",
            "annotations": []
        },
        {
            "sentence": "본 보고서는 수입 화물 식별자 shipment_id: SHP-202511-0001을 기준으로 작성되었으며 감사 추적을 위해 관련 메타데이터를 보관한다.",
            "id": "sample_090_0067_000003",
            "annotations": []
        },
        {
            "sentence": "거래물품(commodity_description): Lithium-ion rechargeable batteries, 세부명칭: 휴대용 리튬이온배터리(모듈형), HS 코드(국제 6자리): 8507.60, 한국 10자리 제시안: 8507600000.",
            "id": "sample_090_0067_000004",
            "annotations": []
        },
        {
            "sentence": "HS 코드 분류 근거(rationale): 구성 성분(리튬이온 셀·보호회로), 관세품목 유사 판례 및 관세청 유권해석을 기반으로 HS 8507.60에 해당한다고 판단하였다.",
            "id": "sample_090_0067_000005",
            "annotations": []
        },
        {
            "sentence": "출처(source): 관세청 유권해석 AR-2023-045(2023-05-17) 및 관세평가기준 해설서, 관세율표 고시문을 교차 확인하였다.",
            "id": "sample_090_0067_000006",
            "annotations": []
        },
        {
            "sentence": "출발지(origin_country): 중국(중국 강소성 쑤저우), 도착지(destination_country): 대한민국으로 표기되어 있으며, 운항경로와 항로적합성은 선사확인을 거쳤다.",
            "id": "sample_090_0067_000007",
            "annotations": []
        },
        {
            "sentence": "상업송장 상 신고금액(invoice_value): USD 25,000, 통화(currency): USD, Incoterms: CIF 인천항으로 기재되었음을 확인하였다.",
            "id": "sample_090_0067_000008",
            "annotations": []
        },
        {
            "sentence": "환율 및 환산 근거: 환율은 2025-11-20 기준 1 USD = KRW 1,200.00을 적용하였으며 한국은행 고시 환율을 인용했다. [assumption: 실거래일 환율 변동 가능].",
            "id": "sample_090_0067_000009",
            "annotations": []
        },
        {
            "sentence": "KRW 환산 계산근거: 25,000 USD × 1,200 KRW/USD = KRW 30,000,000으로 환산·기재하였다.",
            "id": "sample_090_0067_000010",
            "annotations": []
        },
        {
            "sentence": "관세율(tariff_rate) 적용 근거: 관세율표 MFN 6.0%를 기준으로 산정(관세율표 고시 버전: 2025 고시 기준), 납부세액(declared_duty_amount)은 KRW 1,800,000으로 계산되었다. [assumption: 관세율 변경 가능].",
            "id": "sample_090_0067_000011",
            "annotations": []
        },
        {
            "sentence": "원산지 증빙: certificate_of_origin_ref: COO-SUZ-2025-11-10-0001으로 표기하며 원본은 문서관리시스템에 보관, 파일 해시(sha256): d41d8cd98f00b204e9800998ecf8427e(참조용) 및 접근권한(RBAC) 적용.",
            "id": "sample_090_0067_000012",
            "annotations": []
        },
        {
            "sentence": "선하증권(bill_of_lading_number): BL-ICN-202511-0054, 선사(carrier_name): KoreaFreight Co., 신고번호(customs_declaration_number): CSD2025110001로 전자신고에 포함되었다.",
            "id": "sample_090_0067_000013",
            "annotations": []
        },
        {
            "sentence": "운송일자(departure_date): 2025-11-20, 도착예정일(arrival_date): 2025-11-28로 전산에 기재되었으며 동일한 날짜가 신고·추적 로그에 기록되었다.",
            "id": "sample_090_0067_000014",
            "annotations": [
                {
                    "word": "2025-11-20",
                    "start": 22,
                    "end": 32,
                    "label": "준식별자"
                },
                {
                    "word": "2025-11-28",
                    "start": 55,
                    "end": 65,
                    "label": "준식별자"
                }
            ]
        },
        {
            "sentence": "수출자(Shipper) 명시: shipper_name: 이래인, 다만 개인정보 보호를 위해 내부DB에는 식별자 'SP-90-01'로 마스킹하여 저장함을 표기한다.",
            "id": "sample_090_0067_000015",
            "annotations": [
                {
                    "word": "이래인",
                    "start": 31,
                    "end": 34,
                    "label": "개인정보"
                }
            ]
        },
        {
            "sentence": "수입자(Consignee) 명시: consignee_name: 전나예, 수취지: 대한민국, 서울특별시 강남구(세부주소는 마스킹 처리), 연락처는 접근통제 하에 별도 보관한다.",
            "id": "sample_090_0067_000016",
            "annotations": [
                {
                    "word": "전나예",
                    "start": 35,
                    "end": 38,
                    "label": "개인정보"
                },
                {
                    "word": "서울특별시",
                    "start": 51,
                    "end": 56,
                    "label": "준식별자"
                },
                {
                    "word": "강남구",
                    "start": 57,
                    "end": 60,
                    "label": "준식별자"
                }
            ]
        },
        {
            "sentence": "담당 통관사 담당자 정보: 성종성이 내부결재선에 기재되어 있으며 승인 로그는 감사목적으로 별도 기밀저장소에 기록된다.",
            "id": "sample_090_0067_000017",
            "annotations": [
                {
                    "word": "성종성",
                    "start": 15,
                    "end": 18,
                    "label": "개인정보"
                }
            ]
        },
        {
            "sentence": "라이선스 및 쿼터 관련: license_or_quota_id: LIC-KR-2025-11-007로 표기되었으며 전기화학제품 수입 허가 요건을 충족하는지 추가 검토가 필요하다.",
            "id": "sample_090_0067_000018",
            "annotations": []
        },
        {
            "sentence": "검사 결과(inspection_result): 출하 전 샘플 검사에서 누설·단락 위험은 확인되지 않았으나 UN 위험물 분류에 따른 포장·표시 재검토를 권고한다.",
            "id": "sample_090_0067_000019",
            "annotations": []
        },
        {
            "sentence": "신고 상태(filing_status): 전자신고는 Single Window를 통해 송신 완료되었으며 시스템 응답 ACK(상태코드: 200, 설명: 수신완료)를 확인하였다.",
            "id": "sample_090_0067_000020",
            "annotations": []
        },
        {
            "sentence": "데이터 포맷 예시: UBL JSON 스키마 및 EDIFACT IFTMIN 예시를 첨부하였고 메시지 수신·응답 상태로 ACK 200 및 NACK 400(형식 오류) 시나리오를 명시하였다.",
            "id": "sample_090_0067_000021",
            "annotations": []
        },
        {
            "sentence": "원본 증빙 문서는 문서번호, 발행처, 발행일, 파일 해시(checksum)로만 내부 레퍼런스를 제공하며 원본 스캔본은 RBAC가 적용된 보관소에 저장한다.",
            "id": "sample_090_0067_000022",
            "annotations": []
        },
        {
            "sentence": "위반 리스크 필드(risk_flag): 본 화물은 운송 중 화재 위험 및 일부 경유지·목적지에서의 수입 규제 대상 가능성이 있어 별도 리스크로 분류하였다.",
            "id": "sample_090_0067_000023",
            "annotations": []
        },
        {
            "sentence": "법적 근거: 관세법 제15조 및 시행령·관세율표 고시를 근거로 관세율 및 과세가격 산정 원칙을 적용하였음을 명시한다.",
            "id": "sample_090_0067_000024",
            "annotations": []
        },
        {
            "sentence": "환급 및 보세창고 관련: bonded warehouse 기록 검증 및 창고 입출고 로그의 일치 여부를 통해 환급 요건 충족 여부를 판단할 것을 권고한다.",
            "id": "sample_090_0067_000025",
            "annotations": []
        },
        {
            "sentence": "재무 항목(기밀): 결제계좌 정보는 기밀로 분류하였으며 예시로 결제계좌(계좌번호: 123-456-789012)는 접근권한을 제한하여 저장한다.",
            "id": "sample_090_0067_000026",
            "annotations": [
                {
                    "word": "123-456-789012",
                    "start": 46,
                    "end": 60,
                    "label": "기밀정보"
                }
            ]
        },
        {
            "sentence": "권고 조치: 관세청 사전판정(advance ruling) 신청, 위험물 라벨링 및 포장보완, 원산지 증빙 추가 확보를 즉시 이행할 것을 권고한다.",
            "id": "sample_090_0067_000027",
            "annotations": []
        },
        {
            "sentence": "불확실성 표기: HS 부제목 적용 및 환율 등 불확실한 값은 문서 내에 [assumption] 태그로 표기하였으며 가정 근거를 별도 섹션에 기록한다.",
            "id": "sample_090_0067_000028",
            "annotations": []
        },
        {
            "sentence": "감사 추적 및 알림: 모든 전자 메시지와 신고내역은 타임스탬프·사용자인증을 포함한 감사로그를 생성하고 부정확성 발견 시 즉시 무역컴플라이언스 오피서 및 담당자에게 알림을 권고한다.",
            "id": "sample_090_0067_000029",
            "annotations": []
        }
    ]
}