{
    "document_id": "063_0046",
    "document_title": "장수 및 항노화 연구 데이터 관리 및 메타데이터 표준 운영지침",
    "data": [
        {
            "sentence": "이 문서는 장수 및 항노화(geroscience & longevity intervention) 연구에서 생성되는 데이터의 수집·전처리·보존 정책과 메타데이터 표준을 규정합니다.",
            "id": "sample_063_0046_000001",
            "annotations": []
        },
        {
            "sentence": "목적은 연구재현성(reproducibility), 추적성(provenance), 규제준수(GDPR/HIPAA 등) 및 참가자 보호를 동시에 만족시키는 데이터 파이프라인 설계입니다.",
            "id": "sample_063_0046_000002",
            "annotations": []
        },
        {
            "sentence": "연구책임자(Principal Investigator): 차준구; 역할과 연락처는 내부 운영문서에 따라 관리하되 공개 데이터에는 가명·역추적 불가 형태로 노출합니다.",
            "id": "sample_063_0046_000003",
            "annotations": [
                {
                    "word": "차준구",
                    "start": 31,
                    "end": 34,
                    "label": "개인정보"
                }
            ]
        },
        {
            "sentence": "데이터 관리자(Data Curator): 정옥; 데이터 계보와 ETL 로그는 접근제어(Access Control)와 감사로그(Audit Log)를 통해 모든 변경을 기록합니다.",
            "id": "sample_063_0046_000004",
            "annotations": [
                {
                    "word": "정옥",
                    "start": 23,
                    "end": 25,
                    "label": "개인정보"
                }
            ]
        },
        {
            "sentence": "문서화 원칙 중 하나는 민감정보 및 유전체 자료는 반드시 가명화(pseudonymization)하고 consent_status 필드에 동의 범위를 명확히 기록하는 것입니다.",
            "id": "sample_063_0046_000005",
            "annotations": []
        },
        {
            "sentence": "참가자 기초자료 예시: 성별: 남성; 생년월일(YYYY-MM-DD): 1949-05-12; 해당 날짜 구성요소는 년/월/일로 분리하여 메타데이터에 저장합니다.",
            "id": "sample_063_0046_000006",
            "annotations": [
                {
                    "word": "남성",
                    "start": 17,
                    "end": 19,
                    "label": "준식별자"
                },
                {
                    "word": "1949",
                    "start": 39,
                    "end": 43,
                    "label": "준식별자"
                },
                {
                    "word": "05",
                    "start": 44,
                    "end": 46,
                    "label": "준식별자"
                },
                {
                    "word": "12",
                    "start": 47,
                    "end": 49,
                    "label": "준식별자"
                }
            ]
        },
        {
            "sentence": "거주지 정보는 주소를 시/군/구/동 단위로 분리하여 기록하며 예시로 서울특별시 강남구 수준의 지리정보는 준식별자로 취급합니다.",
            "id": "sample_063_0046_000007",
            "annotations": [
                {
                    "word": "서울특별시",
                    "start": 38,
                    "end": 43,
                    "label": "준식별자"
                },
                {
                    "word": "강남구",
                    "start": 44,
                    "end": 47,
                    "label": "준식별자"
                }
            ]
        },
        {
            "sentence": "신체계측 예시: 키 172 cm; 체중 68 kg; 혈액형 O; 모든 생체측정치는 단위(unit)와 측정법(assay_platform_version 또는 장비ID)을 함께 기록합니다.",
            "id": "sample_063_0046_000008",
            "annotations": [
                {
                    "word": "172 cm",
                    "start": 11,
                    "end": 17,
                    "label": "준식별자"
                },
                {
                    "word": "68 kg",
                    "start": 22,
                    "end": 27,
                    "label": "준식별자"
                },
                {
                    "word": "O",
                    "start": 33,
                    "end": 34,
                    "label": "준식별자"
                }
            ]
        },
        {
            "sentence": "참가자 식별자는 연구 내부키(study_id)를 사용하되 외부 공개 데이터에는 'synthetic' 태그가 없으면 절대 실제 ID를 포함하지 않습니다.",
            "id": "sample_063_0046_000009",
            "annotations": []
        },
        {
            "sentence": "생체시료 메타데이터는 바코드(barcode), 채취일(ISO8601, 예: 2023-01-23T08:30:00Z), 채취자, 보관온도, 체인오브커스터디 로그를 포함합니다.",
            "id": "sample_063_0046_000010",
            "annotations": []
        },
        {
            "sentence": "오믹스 데이터 파일은 원시(raw)와 전처리(processed) 버전을 분리 저장하고 파일명에는 assay_platform_version, kit_batch_id, 실험자ID를 표기합니다.",
            "id": "sample_063_0046_000011",
            "annotations": []
        },
        {
            "sentence": "유전체 변이 표기는 HGVS 표준을 따르며 변이파일(VEP/VCF)은 샘플 가명키와 배치정보(batch_id)를 메타데이터로 연계합니다.",
            "id": "sample_063_0046_000012",
            "annotations": []
        },
        {
            "sentence": "전사체·단백질체·대사체 어세이의 QC 메트릭은 각 파일의 헤더에 포함하고 배치효과(batch effect) 보정을 위한 기술적 공변량을 함께 제공합니다.",
            "id": "sample_063_0046_000013",
            "annotations": []
        },
        {
            "sentence": "에피제네틱 클록(epigenetic clocks)은 Horvath, PhenoAge 등 여러 clock 값을 제공하고 신뢰구간(confidence interval) 및 모델 학습·검증 세부사항을 명시합니다.",
            "id": "sample_063_0046_000014",
            "annotations": []
        },
        {
            "sentence": "텔로미어 길이(telomere length)는 측정법(qPCR 또는 Southern blot), 단위(kb), kit_batch_id 및 assay_platform_version을 메타데이터로 남깁니다.",
            "id": "sample_063_0046_000015",
            "annotations": []
        },
        {
            "sentence": "마이크로바이옴 프로파일은 표준화된 OTU/ASV 테이블과 메타데이터(COPRO-바코드, 추출키트 배치)를 함께 제공하고 데이터 정규화 방식을 기록합니다.",
            "id": "sample_063_0046_000016",
            "annotations": []
        },
        {
            "sentence": "이미징 메타데이터는 DICOM 표준을 따르며 스캐너 모델, 소프트웨어 버전, 촬영파라미터와 함께 파일명 네이밍컨벤션을 적용합니다.",
            "id": "sample_063_0046_000017",
            "annotations": []
        },
        {
            "sentence": "웨어러블 시계열 데이터(심박수 HR, HRV, 가속도, 수면 단계)는 ISO8601 타임스탬프로 저장하고 결측 및 관찰주기 변경은 별도 필드로 문서화합니다.",
            "id": "sample_063_0046_000018",
            "annotations": []
        },
        {
            "sentence": "개입 프로토콜은 용량(dose), 주기(frequency), 기간(duration), 복용 이력(adherence)과 함께 SOP 및 임상시험계획서(Protocol) 버전을 연동합니다.",
            "id": "sample_063_0046_000019",
            "annotations": []
        },
        {
            "sentence": "부작용 리포트(AE/SAE)는 사례기록서(CRF)와 연계하고 발생일시, 심각도, 인과성 평가, 조치 및 추적결과를 구조화된 필드로 보관합니다.",
            "id": "sample_063_0046_000020",
            "annotations": []
        },
        {
            "sentence": "데이터 표준은 LOINC, SNOMED CT, ICD-10, HGVS, HPO 등을 우선 적용하고 파일 및 필드 네이밍 컨벤션을 사전으로 관리합니다.",
            "id": "sample_063_0046_000021",
            "annotations": []
        },
        {
            "sentence": "데이터 접근은 역할기반접근제어(RBAC)를 적용하고 GDPR/HIPAA 요구사항에 따라 암호화 전송과 최소권한 원칙을 준수합니다.",
            "id": "sample_063_0046_000022",
            "annotations": []
        },
        {
            "sentence": "모든 데이터 접근 및 변경은 감사로그에 기록하며 DSA(Data Sharing Agreement)와 IRB 승인조건에 따른 접근승인 프로세스를 운영합니다.",
            "id": "sample_063_0046_000023",
            "annotations": []
        },
        {
            "sentence": "합성 데이터 또는 가상환자 시뮬레이션은 메타데이터에 'synthetic' 태그를 명확히 달아 실제 데이터와 구분하도록 의무화합니다.",
            "id": "sample_063_0046_000024",
            "annotations": []
        },
        {
            "sentence": "원시(raw) 데이터는 장기보존 정책에 따라 삭제 없이 보관하고 전처리(processed) 데이터는 버전관리 시스템에 따라 별도 저장합니다.",
            "id": "sample_063_0046_000025",
            "annotations": []
        },
        {
            "sentence": "분석·보고용 생물학적 연령(biological age) 추정치는 여러 clock별 값과 신뢰구간, 모델의 학습·검증 데이터셋 분할 및 전처리 파라미터를 함께 제공합니다.",
            "id": "sample_063_0046_000026",
            "annotations": []
        },
        {
            "sentence": "파일명 예: LO_BIO_063_0046_subjectbarcodedate_assay_v1_kitA_batch01.raw 형식과 같은 표준 네이밍을 권고하며 내부 경로 노출은 금지합니다.",
            "id": "sample_063_0046_000027",
            "annotations": []
        },
        {
            "sentence": "데이터 운영 및 비상연락체계: 데이터 스튜어드(Data Steward): 손서하; 사고 발생 시 감사로그와 복원계획을 신속히 가동합니다.",
            "id": "sample_063_0046_000028",
            "annotations": [
                {
                    "word": "손서하",
                    "start": 41,
                    "end": 44,
                    "label": "개인정보"
                }
            ]
        }
    ]
}