{
    "document_id": "063_0051",
    "document_title": "장수 및 항노화 중간연구보고서 및 데이터 관리계획",
    "data": [
        {
            "sentence": "본 문서는 장수 및 항노화 연구(geroscience, anti-aging) 프로젝트의 중간연구보고서와 데이터 관리계획(Data Management Plan)을 포함합니다.",
            "id": "sample_063_0051_000001",
            "annotations": []
        },
        {
            "sentence": "문서에는 참가자 임상정보, 생체시료 메타데이터, 오믹스(omics) 파일, 이미징(metadata) 및 웨어러블 시계열(raw/processed) 자료가 포함됩니다.",
            "id": "sample_063_0051_000002",
            "annotations": []
        },
        {
            "sentence": "모든 생성 데이터에는 'synthetic' 태그가 부여되어 실제 식별자와 명확히 구분되며 합성 예시는 별도 라벨로 관리합니다.",
            "id": "sample_063_0051_000003",
            "annotations": []
        },
        {
            "sentence": "연구 책임자(PI)는 한찬빈이며, 데이터 큐레이터는 홍태현이 지정되어 운영 책임을 분담합니다.",
            "id": "sample_063_0051_000004",
            "annotations": [
                {
                    "word": "한찬빈",
                    "start": 12,
                    "end": 15,
                    "label": "개인정보"
                },
                {
                    "word": "홍태현",
                    "start": 29,
                    "end": 32,
                    "label": "개인정보"
                }
            ]
        },
        {
            "sentence": "참가자 식별자는 가명화 규칙을 적용하여 예시 ID PT-0001(synthetic)를 사용하며 원시 식별자는 별도 안전저장소에 보관합니다.",
            "id": "sample_063_0051_000005",
            "annotations": [
                {
                    "word": "PT-0001",
                    "start": 28,
                    "end": 35,
                    "label": "개인정보"
                }
            ]
        },
        {
            "sentence": "동의 범위(consent_status)는 각 레코드에 consent_status 필드로 명시하며 예: 'broad_research_use' 또는 'restricted' 값을 사용합니다.",
            "id": "sample_063_0051_000006",
            "annotations": []
        },
        {
            "sentence": "참가자 예시 정보는 생년월일 1958-07-12, 성별 여성, 주소 서울특별시 강남구로 기록되어 있으며 이는 준식별자입니다.",
            "id": "sample_063_0051_000007",
            "annotations": [
                {
                    "word": "1958-07-12",
                    "start": 16,
                    "end": 26,
                    "label": "준식별자"
                },
                {
                    "word": "여성",
                    "start": 31,
                    "end": 33,
                    "label": "준식별자"
                },
                {
                    "word": "서울특별시 강남구",
                    "start": 38,
                    "end": 47,
                    "label": "준식별자"
                }
            ]
        },
        {
            "sentence": "신체기초값은 키 172 cm, 체중 68 kg, 혈액형 A형과 같은 항목으로 저장되며 단위(unit)와 측정법을 명시합니다.",
            "id": "sample_063_0051_000008",
            "annotations": [
                {
                    "word": "172 cm",
                    "start": 9,
                    "end": 15,
                    "label": "준식별자"
                },
                {
                    "word": "68 kg",
                    "start": 20,
                    "end": 25,
                    "label": "준식별자"
                },
                {
                    "word": "A형",
                    "start": 31,
                    "end": 33,
                    "label": "준식별자"
                }
            ]
        },
        {
            "sentence": "연구 내 연락 담당자는 문나나로 지정되어 있으며 연락처 예시 010-1234-5678과 이메일 nana.moon@example.com은 합성 예시입니다.",
            "id": "sample_063_0051_000009",
            "annotations": [
                {
                    "word": "문나나",
                    "start": 13,
                    "end": 16,
                    "label": "개인정보"
                },
                {
                    "word": "010-1234-5678",
                    "start": 34,
                    "end": 47,
                    "label": "개인정보"
                },
                {
                    "word": "nana.moon@example.com",
                    "start": 53,
                    "end": 74,
                    "label": "개인정보"
                }
            ]
        },
        {
            "sentence": "시계열 데이터의 타임스탬프는 ISO8601 형식(예: 2024-01-15T08:30:00Z)으로 저장되며 결측 및 수집주기 변경은 별도 필드에 기록합니다.",
            "id": "sample_063_0051_000010",
            "annotations": []
        },
        {
            "sentence": "생체시료 메타데이터에는 채취일(ISO8601), 보관온도(-80°C), 바코드 SAMP-0001(synthetic), 체인오브커스터디 로그가 포함됩니다.",
            "id": "sample_063_0051_000011",
            "annotations": [
                {
                    "word": "SAMP-0001",
                    "start": 44,
                    "end": 53,
                    "label": "개인정보"
                }
            ]
        },
        {
            "sentence": "오믹스 데이터 파일은 raw FASTQ/RAW mzML과 전처리된 VCF, normalised expression 테이블로 구분되어 별도 저장소에 보존합니다.",
            "id": "sample_063_0051_000012",
            "annotations": []
        },
        {
            "sentence": "유전체·전사체 측정에는 플랫폼 정보(assay_platform_version: Illumina NovaSeq v1.2), 키트 배치(kit_batch_id: KTB-2023-45), 실험자 ID를 명기합니다.",
            "id": "sample_063_0051_000013",
            "annotations": [
                {
                    "word": "KTB-2023-45",
                    "start": 88,
                    "end": 99,
                    "label": "기밀정보"
                }
            ]
        },
        {
            "sentence": "에피제네틱 클럭 값으로 Horvath, PhenoAge, GrimAge 결과와 신뢰구간(95% CI)을 함께 제공하며 모델 학습·검증 데이터셋 분할 정보를 기록합니다.",
            "id": "sample_063_0051_000014",
            "annotations": []
        },
        {
            "sentence": "텔로미어 길이 측정, p16 발현, SA-β-gal 정량값 등 노화 바이오마커는 측정 단위와 검출 한계(LOD)를 명시해 전처리 로그와 함께 보관합니다.",
            "id": "sample_063_0051_000015",
            "annotations": []
        },
        {
            "sentence": "이미징 메타데이터에는 DICOM 표준, 장비 ID(MRI-3T-Unit4), 촬영일 및 프로토콜명(DEXA_FullBody_v2)을 포함합니다.",
            "id": "sample_063_0051_000016",
            "annotations": []
        },
        {
            "sentence": "웨어러블 데이터는 초당 가속도(accel) 및 HR, HRV, 수면 스테이지를 포함하며 원시(raw)와 전처리(processed) 파일을 분리해 저장합니다.",
            "id": "sample_063_0051_000017",
            "annotations": []
        },
        {
            "sentence": "개입 프로토콜에는 약물명, 용량, 주기, 기간을 LOINC/SNOMED 코드로 표준화해 기록하고 임상시험계획서(Protocol)와 연계합니다.",
            "id": "sample_063_0051_000018",
            "annotations": []
        },
        {
            "sentence": "중대한 이상반응(SAE) 보고는 사례기록서(CRF)에 즉시 입력하고 IRB 승인을 위한 초기보고에 포함합니다.",
            "id": "sample_063_0051_000019",
            "annotations": []
        },
        {
            "sentence": "IRB 승인서 메타데이터에는 승인번호 IRB-2024-015, 버전 2.1, 발행일 2024-01-10이 포함되어 규제 추적성을 확보합니다.",
            "id": "sample_063_0051_000020",
            "annotations": []
        },
        {
            "sentence": "데이터 접근 통제는 역할기반 접근제어(RBAC)로 설정하고 모든 접근에 대해 감사로그(audit_log)와 전송 암호화(HTTPS, SFTP)를 적용합니다.",
            "id": "sample_063_0051_000021",
            "annotations": []
        },
        {
            "sentence": "데이터 저장소의 내부 경로는 /srv/private/clinical_data로 명시되어 있으며 접근 권한이 제한됩니다.",
            "id": "sample_063_0051_000022",
            "annotations": [
                {
                    "word": "/srv/private/clinical_data",
                    "start": 16,
                    "end": 42,
                    "label": "기밀정보"
                }
            ]
        },
        {
            "sentence": "내부 시스템 IP 예시 10.1.2.3 및 VPN 주소 vpn.internal.corp는 운영 기밀로 분류되어 로그에 기록됩니다.",
            "id": "sample_063_0051_000023",
            "annotations": [
                {
                    "word": "10.1.2.3",
                    "start": 13,
                    "end": 21,
                    "label": "기밀정보"
                },
                {
                    "word": "vpn.internal.corp",
                    "start": 31,
                    "end": 48,
                    "label": "기밀정보"
                }
            ]
        },
        {
            "sentence": "연구비·계약 관련 민감항목으로 계좌번호 123-456-789 및 계약번호 DSA-2024-001은 기밀로 취급됩니다.",
            "id": "sample_063_0051_000024",
            "annotations": [
                {
                    "word": "123-456-789",
                    "start": 22,
                    "end": 33,
                    "label": "기밀정보"
                },
                {
                    "word": "DSA-2024-001",
                    "start": 41,
                    "end": 53,
                    "label": "기밀정보"
                }
            ]
        },
        {
            "sentence": "데이터 공유를 위한 DSA(Data Sharing Agreement)는 사용 범위, 재식별 위험 완화, 제3자 전송 조건을 명시하고 접근 시 로그 기록을 요구합니다.",
            "id": "sample_063_0051_000025",
            "annotations": []
        },
        {
            "sentence": "GDPR/HIPAA 준수를 위해 데이터는 전송·저장 시 암호화되며, 유럽 참가자 데이터는 지역별 리전에서 별도 보관합니다.",
            "id": "sample_063_0051_000026",
            "annotations": []
        },
        {
            "sentence": "품질관리 리포트(QC)는 배치별 QC 메트릭, 결측율, RIN, 라이브러리 크기 및 배치효과 보정 파라미터를 포함합니다.",
            "id": "sample_063_0051_000027",
            "annotations": []
        },
        {
            "sentence": "분석 리포트에는 생물학적 연령 추정치(BioAge clocks)와 신뢰구간, 모델 학습 파라미터와 검증 세트 분할 비율을 명시합니다.",
            "id": "sample_063_0051_000028",
            "annotations": []
        },
        {
            "sentence": "모든 문서와 데이터는 버전관리(semantic versioning)와 보존기간 정책을 적용하며 원시(raw) 데이터는 최소 10년 이상 보관합니다.",
            "id": "sample_063_0051_000029",
            "annotations": []
        },
        {
            "sentence": "결론 및 실행항목으로는 동의조건 재검토, 데이터 접근 승인절차 강화, 정기적 감사와 합성데이터(synthetic) 표기 검증을 권고합니다.",
            "id": "sample_063_0051_000030",
            "annotations": []
        }
    ]
}