{
    "document_id": "063_0061",
    "document_title": "장수 및 항노화 연구 데이터 메타데이터 표준 및 운영 지침",
    "data": [
        {
            "sentence": "문서 개요: 본 문서는 장수 및 항노화 연구(geroscience and intervention)의 데이터 가이드라인 및 메타데이터 표준을 기술합니다.",
            "id": "sample_063_0061_000001",
            "annotations": []
        },
        {
            "sentence": "적용 범위에는 임상 및 전임상 코호트, 오믹스(omics), 이미징, 웨어러블 시계열 데이터, SOP와 규제문서가 포함됩니다.",
            "id": "sample_063_0061_000002",
            "annotations": []
        },
        {
            "sentence": "연구책임자(Principal Investigator): 이송윤는 데이터 정책 수립과 IRB 대응을 총괄합니다.",
            "id": "sample_063_0061_000003",
            "annotations": [
                {
                    "word": "이송윤",
                    "start": 31,
                    "end": 34,
                    "label": "개인정보"
                }
            ]
        },
        {
            "sentence": "데이터매니저(Data Manager): 조주성은 ETL 파이프라인과 접근 제어를 운영합니다.",
            "id": "sample_063_0061_000004",
            "annotations": [
                {
                    "word": "조주성",
                    "start": 22,
                    "end": 25,
                    "label": "개인정보"
                }
            ]
        },
        {
            "sentence": "IRB 승인서 최종 서명자: 허은겸, 승인번호 IRB-2023-045, 발행일 2023-06-15.",
            "id": "sample_063_0061_000005",
            "annotations": [
                {
                    "word": "허은겸",
                    "start": 16,
                    "end": 19,
                    "label": "개인정보"
                }
            ]
        },
        {
            "sentence": "모든 참가자 개인식별정보(PII)는 가명화(pseudonymization)하며 consent_status 필드로 동의 범위를 명시합니다.",
            "id": "sample_063_0061_000006",
            "annotations": []
        },
        {
            "sentence": "가명화 예시: 참가자 내부 ID 'SYN-PT-0001'와 실명 분리, 원본 식별자는 안전하게 암호화하여 보관합니다.",
            "id": "sample_063_0061_000007",
            "annotations": []
        },
        {
            "sentence": "데이터셋 예시 레코드에는 성별(sex): 남성, 생년월일(date_of_birth): 1958-03-12, 거주지(시): 서울특별시가 포함됩니다.",
            "id": "sample_063_0061_000008",
            "annotations": [
                {
                    "word": "남성",
                    "start": 23,
                    "end": 25,
                    "label": "준식별자"
                },
                {
                    "word": "1958-03-12",
                    "start": 48,
                    "end": 58,
                    "label": "준식별자"
                },
                {
                    "word": "서울특별시",
                    "start": 68,
                    "end": 73,
                    "label": "준식별자"
                }
            ]
        },
        {
            "sentence": "참가자 코호트의 준식별자 필드는 연도(year), 월(month), 일(day)로 구분 저장합니다.",
            "id": "sample_063_0061_000009",
            "annotations": []
        },
        {
            "sentence": "시료 메타데이터는 채취일(collection_date): 2024-01-15T08:30:00Z, 보관온도(storage_temperature): -80°C, 바코드: SMP-BAR-000123으로 표기합니다.",
            "id": "sample_063_0061_000010",
            "annotations": []
        },
        {
            "sentence": "시료와 오믹스 어세이에는 assay_platform_version: NovaSeq6000_v2와 kit_batch_id: KB-202312-A를 기록합니다.",
            "id": "sample_063_0061_000011",
            "annotations": []
        },
        {
            "sentence": "원시(raw) 데이터 링크와 전처리(processed) 데이터 링크는 분리 보관하며 QC 메트릭과 배치(batch) 정보를 함께 제공합니다.",
            "id": "sample_063_0061_000012",
            "annotations": []
        },
        {
            "sentence": "배치효과 교정을 위해 실험자(experimenter): 손백현, 장비ID: DEXA-Unit-07, 로깅을 포함해 배치별 QC를 저장합니다.",
            "id": "sample_063_0061_000013",
            "annotations": [
                {
                    "word": "손백현",
                    "start": 31,
                    "end": 34,
                    "label": "개인정보"
                }
            ]
        },
        {
            "sentence": "유전체 변이 표기는 HGVS 표준을 따르고 파일명은 '<project>_<sample_barcode>_<HGVS>.vcf' 형식을 권장합니다.",
            "id": "sample_063_0061_000014",
            "annotations": []
        },
        {
            "sentence": "혈액검사 결과에는 LOINC 코드, 단위(unit): mg/dL, 측정법(assay_platform_version)과 kit_batch_id를 메타데이터로 포함합니다.",
            "id": "sample_063_0061_000015",
            "annotations": []
        },
        {
            "sentence": "에피제네틱 클럭 예시는 Horvath clock: 58.2 years (95% CI 56.1-60.3)와 PhenoAge: 60.4 years (95% CI 58.0-62.8)을 병기합니다.",
            "id": "sample_063_0061_000016",
            "annotations": []
        },
        {
            "sentence": "모델 메타데이터에는 학습 데이터 분할(train/validation/test) 비율, 전처리 파라미터(scaling, imputation)와 검증절차를 기록합니다.",
            "id": "sample_063_0061_000017",
            "annotations": []
        },
        {
            "sentence": "시계열 웨어러블 예: HR(heart rate) 연속값, HRV, 걸음수(step_count), 수면(sleep) 타임스탬프는 ISO8601으로 저장하고 결측(reason_missing) 필드를 추가합니다.",
            "id": "sample_063_0061_000018",
            "annotations": []
        },
        {
            "sentence": "이미징 메타데이터는 DICOM 표준을 따르며 장비의 플랫폼 버전과 이미지 해상도, 스캔일시를 기록합니다.",
            "id": "sample_063_0061_000019",
            "annotations": []
        },
        {
            "sentence": "부작용 리포트(AE/SAE)는 사례보고서(CRF)에 기록하며 보고자(contact)의 이름으로 민감정보가 포함될 수 있으므로 최소화합니다.",
            "id": "sample_063_0061_000020",
            "annotations": []
        },
        {
            "sentence": "데이터 접근은 GDPR/HIPAA 준수 기반 권한관리와 감사로그(audit_log)를 통해 통제합니다.",
            "id": "sample_063_0061_000021",
            "annotations": []
        },
        {
            "sentence": "DSA(Data Sharing Agreement)와 샘플 체인오브커스터디 로그는 보관 기간과 접근 권한을 명시합니다.",
            "id": "sample_063_0061_000022",
            "annotations": []
        },
        {
            "sentence": "임상시험계획서(Protocol) 및 통계분석계획(SAP)에는 생존분석과 경쟁위험 모델 적용 방법을 상세히 기술합니다.",
            "id": "sample_063_0061_000023",
            "annotations": []
        },
        {
            "sentence": "연구 운영 문서에는 내부 결재라인과 담당자 목록(예: 민태균, 권병관) 및 역할이 포함되어 있어 기밀성 관리가 필요합니다.",
            "id": "sample_063_0061_000024",
            "annotations": [
                {
                    "word": "민태균",
                    "start": 30,
                    "end": 33,
                    "label": "기밀정보"
                },
                {
                    "word": "권병관",
                    "start": 35,
                    "end": 38,
                    "label": "기밀정보"
                }
            ]
        },
        {
            "sentence": "샘플 체인오브커스터디 로그에는 취급자 리스트(노선교, 오현서, 문건)와 취급시각, 작업장소가 포함되어 변경이력으로 보관됩니다.",
            "id": "sample_063_0061_000025",
            "annotations": [
                {
                    "word": "노선교",
                    "start": 25,
                    "end": 28,
                    "label": "기밀정보"
                },
                {
                    "word": "오현서",
                    "start": 30,
                    "end": 33,
                    "label": "기밀정보"
                },
                {
                    "word": "문건",
                    "start": 35,
                    "end": 37,
                    "label": "기밀정보"
                }
            ]
        },
        {
            "sentence": "QC 리포트는 각 배치별 표준편차, CV(coefficient of variation), 실패율(failure_rate)과 함께 kit_batch_id, operator를 명시합니다.",
            "id": "sample_063_0061_000026",
            "annotations": []
        },
        {
            "sentence": "파일명 컨벤션은 '<study>_<cohort>_<sample_barcode>_<assay>_<platform_ver>_<date>.parquet' 형식을 권고합니다.",
            "id": "sample_063_0061_000027",
            "annotations": []
        },
        {
            "sentence": "합성 데이터는 'synthetic' 태그를 반드시 포함하고 실제 개인 데이터와 분리해 보관하며, 본 문서 예시는 모두 synthetic으로 표기합니다.",
            "id": "sample_063_0061_000028",
            "annotations": []
        },
        {
            "sentence": "데이터 보존 정책에는 원시(raw) 데이터 영구 보관 기간과 버전관리, 접근 제어 및 감사 로그 보존 기간을 포함합니다.",
            "id": "sample_063_0061_000029",
            "annotations": []
        },
        {
            "sentence": "결론 및 실행 항목: 가명화 규정 적용, consent_status 필드 표준화, 배치정보와 QC 메타데이터 수집, IRB·DSA 검토를 완료하도록 책임자에게 요청합니다.",
            "id": "sample_063_0061_000030",
            "annotations": []
        }
    ]
}