{
    "document_id": "063_0034",
    "document_title": "장수 및 항노화 코호트 데이터 및 메타데이터 표준(예시, synthetic)",
    "data": [
        {
            "sentence": "본 문서는 장수 및 항노화 연구 데이터 모델의 synthetic 예시 문서이며, 실제 환자 데이터와 명확히 구분됩니다.",
            "id": "sample_063_0034_000001",
            "annotations": []
        },
        {
            "sentence": "문서 개요에서는 코호트 설계, 데이터 파이프라인(ETL), 보존정책 및 접근제어 요구사항을 요약합니다.",
            "id": "sample_063_0034_000002",
            "annotations": []
        },
        {
            "sentence": "책임연구원(Principal Investigator): 이대겸",
            "id": "sample_063_0034_000003",
            "annotations": [
                {
                    "word": "이대겸",
                    "start": 31,
                    "end": 34,
                    "label": "개인정보"
                }
            ]
        },
        {
            "sentence": "공동연구원(Co-Investigator): 오태율",
            "id": "sample_063_0034_000004",
            "annotations": [
                {
                    "word": "오태율",
                    "start": 24,
                    "end": 27,
                    "label": "개인정보"
                }
            ]
        },
        {
            "sentence": "연구 연락처 이메일: longevity-study@center.org (해당 주소는 예시용 이메일입니다)",
            "id": "sample_063_0034_000005",
            "annotations": [
                {
                    "word": "longevity-study@center.org",
                    "start": 12,
                    "end": 38,
                    "label": "개인정보"
                }
            ]
        },
        {
            "sentence": "연락처 전화번호: 010-1234-5678 (synthetic)",
            "id": "sample_063_0034_000006",
            "annotations": [
                {
                    "word": "010-1234-5678",
                    "start": 10,
                    "end": 23,
                    "label": "개인정보"
                }
            ]
        },
        {
            "sentence": "참가자 고유 식별자(participant_id): SYNTH-0001 - synthetic label이 포함되어 있습니다.",
            "id": "sample_063_0034_000007",
            "annotations": [
                {
                    "word": "SYNTH-0001",
                    "start": 28,
                    "end": 38,
                    "label": "개인정보"
                }
            ]
        },
        {
            "sentence": "생년월일(birth_date): 1950-03-15 - YYYY-MM-DD 형식으로 저장되며 동의 범위(consent_status)가 연결됩니다.",
            "id": "sample_063_0034_000008",
            "annotations": [
                {
                    "word": "1950-03-15",
                    "start": 18,
                    "end": 28,
                    "label": "준식별자"
                }
            ]
        },
        {
            "sentence": "성별(sex): 남성 - 성별 필드는 준식별자으로 간주되어 별도 가명화 정책을 적용합니다.",
            "id": "sample_063_0034_000009",
            "annotations": [
                {
                    "word": "남성",
                    "start": 9,
                    "end": 11,
                    "label": "준식별자"
                }
            ]
        },
        {
            "sentence": "주소(address): 서울특별시 강남구 압구정로 - 주소는 시/군/구 단위로 분리 저장됩니다.",
            "id": "sample_063_0034_000010",
            "annotations": [
                {
                    "word": "서울특별시 강남구 압구정로",
                    "start": 13,
                    "end": 27,
                    "label": "준식별자"
                }
            ]
        },
        {
            "sentence": "혈액형(blood_type): A형 - 혈액형은 준식별자 목록에 포함됩니다.",
            "id": "sample_063_0034_000011",
            "annotations": [
                {
                    "word": "A형",
                    "start": 17,
                    "end": 19,
                    "label": "준식별자"
                }
            ]
        },
        {
            "sentence": "신체표현(height): 172 cm, weight: 68 kg - 신체 수치는 준식별자로 처리됩니다.",
            "id": "sample_063_0034_000012",
            "annotations": [
                {
                    "word": "172 cm",
                    "start": 14,
                    "end": 20,
                    "label": "준식별자"
                },
                {
                    "word": "68 kg",
                    "start": 30,
                    "end": 35,
                    "label": "준식별자"
                }
            ]
        },
        {
            "sentence": "생체시료 바코드(sample_barcode): BC-202501-00012 - 바코드는 샘플-참가자 매핑 키이므로 가명화합니다.",
            "id": "sample_063_0034_000013",
            "annotations": [
                {
                    "word": "BC-202501-00012",
                    "start": 26,
                    "end": 41,
                    "label": "개인정보"
                }
            ]
        },
        {
            "sentence": "유전체 파일 경로(genome_vcf_path): /data/private/genomes/participant/SYNTH-0001.vcf - 내부 경로는 기밀정보로 분류됩니다.",
            "id": "sample_063_0034_000014",
            "annotations": [
                {
                    "word": "/data/private/genomes/participant/SYNTH-0001.vcf",
                    "start": 28,
                    "end": 76,
                    "label": "기밀정보"
                }
            ]
        },
        {
            "sentence": "데이터 저장 서버 IP: 10.0.0.5 - 시스템 접속 정보는 기밀정보로 취급됩니다.",
            "id": "sample_063_0034_000015",
            "annotations": [
                {
                    "word": "10.0.0.5",
                    "start": 14,
                    "end": 22,
                    "label": "기밀정보"
                }
            ]
        },
        {
            "sentence": "후원금 계좌번호(sponsor_account): 123-456-7890 - 재무 정보는 기밀정보에 해당합니다.",
            "id": "sample_063_0034_000016",
            "annotations": [
                {
                    "word": "123-456-7890",
                    "start": 27,
                    "end": 39,
                    "label": "기밀정보"
                }
            ]
        },
        {
            "sentence": "IRB 승인번호: IRB-2024-045, 문서 버전: v1.2, 발행일: 2024-06-12 - 규제 메타데이터로 보관합니다.",
            "id": "sample_063_0034_000017",
            "annotations": []
        },
        {
            "sentence": "담당자 승인: 민경빈 - 담당자 이름은 문서 내 개인정보 항목으로 표기됩니다.",
            "id": "sample_063_0034_000018",
            "annotations": [
                {
                    "word": "민경빈",
                    "start": 8,
                    "end": 11,
                    "label": "개인정보"
                }
            ]
        },
        {
            "sentence": "담당자 이메일: min.kb@institute.example.org - 조직 이메일 주소 역시 개인정보 범주에 들어갑니다.",
            "id": "sample_063_0034_000019",
            "annotations": [
                {
                    "word": "min.kb@institute.example.org",
                    "start": 9,
                    "end": 37,
                    "label": "개인정보"
                }
            ]
        },
        {
            "sentence": "임상평가 예: 혈압 130/80 mmHg, 악력(grip strength) 28 kgf - 임상측정값은 unit과 assay_platform_version을 기록합니다.",
            "id": "sample_063_0034_000020",
            "annotations": []
        },
        {
            "sentence": "유전체 변이 표기: NM_000059.3:c.5266dupC (HGVS nomenclature) 및 샘플 전처리 로그를 함께 저장합니다.",
            "id": "sample_063_0034_000021",
            "annotations": []
        },
        {
            "sentence": "텔로미어 길이 측정 결과: 6.2 kb (assay_platform_version: qPCR_v2, kit_batch_id: KB-202401-B) - 프로비넌스가 필수입니다.",
            "id": "sample_063_0034_000022",
            "annotations": []
        },
        {
            "sentence": "웨어러블 데이터는 가명화된 장치번호와 timestamp(ISO8601)를 사용해 시계열로 저장됩니다.",
            "id": "sample_063_0034_000023",
            "annotations": []
        },
        {
            "sentence": "원시(raw)와 전처리(processed) 데이터 링크는 분리 보관하며, raw는 read-only 스토리지에 유지됩니다.",
            "id": "sample_063_0034_000024",
            "annotations": []
        },
        {
            "sentence": "내부 파일 경로 및 접속 계정 정보는 운영 보안상 기밀로 분류되며 감사로그가 기록됩니다.",
            "id": "sample_063_0034_000025",
            "annotations": []
        },
        {
            "sentence": "추가 연구자 목록: 진예헌, 노담솔 - 연구자 이름은 사람 엔티티 네이밍 규칙에 따릅니다.",
            "id": "sample_063_0034_000026",
            "annotations": [
                {
                    "word": "진예헌",
                    "start": 11,
                    "end": 14,
                    "label": "개인정보"
                },
                {
                    "word": "노담솔",
                    "start": 16,
                    "end": 19,
                    "label": "개인정보"
                }
            ]
        },
        {
            "sentence": "데이터 제공 정책: 동의(consent_status), DSA 서명 여부 및 접근 제어 레벨을 기반으로 데이터 접근을 관리합니다.",
            "id": "sample_063_0034_000027",
            "annotations": []
        },
        {
            "sentence": "결론: 본 문서는 synthetic 데이터 예시로, 모든 PII는 가명화되어 있으며 GDPR/HIPAA 준수를 위한 접근 제어와 로그를 적용했습니다.",
            "id": "sample_063_0034_000028",
            "annotations": []
        }
    ]
}