{
    "document_id": "063_0039",
    "document_title": "장수 및 항노화 연구 데이터 관리·메타데이터 표준화 및 보존지침",
    "data": [
        {
            "sentence": "본 문서는 장수 및 항노화(geroscience, anti-aging intervention) 연구에서 생성되는 데이터의 생성·전처리·보존 정책과 메타데이터 표준을 기술합니다.",
            "id": "sample_063_0039_000001",
            "annotations": []
        },
        {
            "sentence": "목적은 연구재현성, 규제준수(IRB/IRB submission), 개인정보 보호(GDPR/HIPAA) 및 데이터 접근제어를 동시에 충족하는 실무 지침을 제공하는 것입니다.",
            "id": "sample_063_0039_000002",
            "annotations": []
        },
        {
            "sentence": "문서는 소개, 상세 본문(참가자 메타데이터, 오믹스·이미지·시계열 데이터 관리, 배치효과·QC, 체인오브커스터디), 결론 및 권고사항으로 구성됩니다.",
            "id": "sample_063_0039_000003",
            "annotations": []
        },
        {
            "sentence": "참가자 식별자는 원칙적으로 가명화(pseudonymization)를 적용하며 예시로 가명 식별자 SUBJ-0001_Synthetic, SUBJ-0002_Synthetic를 사용합니다.",
            "id": "sample_063_0039_000004",
            "annotations": [
                {
                    "word": "SUBJ-0001_Synthetic",
                    "start": 54,
                    "end": 73,
                    "label": "개인정보"
                },
                {
                    "word": "SUBJ-0002_Synthetic",
                    "start": 75,
                    "end": 94,
                    "label": "개인정보"
                }
            ]
        },
        {
            "sentence": "예시로 SUBJ-0001_Synthetic의 동의상태(consent_status)는 'broad'로 필드에 명시해 동의범위를 추적합니다.",
            "id": "sample_063_0039_000005",
            "annotations": [
                {
                    "word": "SUBJ-0001_Synthetic",
                    "start": 4,
                    "end": 23,
                    "label": "개인정보"
                }
            ]
        },
        {
            "sentence": "연구책임자(PI) 고승유와 데이터관리자 류정한의 연구운영 관련 메타데이터는 기록되며 연구관리자 사번 EMP-2025-09은 내부 관리용으로 보관합니다.",
            "id": "sample_063_0039_000006",
            "annotations": [
                {
                    "word": "고승유",
                    "start": 10,
                    "end": 13,
                    "label": "개인정보"
                },
                {
                    "word": "류정한",
                    "start": 22,
                    "end": 25,
                    "label": "개인정보"
                },
                {
                    "word": "EMP-2025-09",
                    "start": 56,
                    "end": 67,
                    "label": "개인정보"
                }
            ]
        },
        {
            "sentence": "연락처 예시는 고승유의 이메일 주소 go_seungyu@lab.example로 메타데이터에 보관되며 이메일은 접근제어 대상입니다.",
            "id": "sample_063_0039_000007",
            "annotations": [
                {
                    "word": "go_seungyu@lab.example",
                    "start": 20,
                    "end": 42,
                    "label": "개인정보"
                }
            ]
        },
        {
            "sentence": "참가자 준식별자 예시는 성별: 여성, 생년월일: 1980-05-12, 주소(시): 서울특별시, 주소(구): 강남구와 같이 필드를 분리해 저장합니다.",
            "id": "sample_063_0039_000008",
            "annotations": [
                {
                    "word": "여성",
                    "start": 17,
                    "end": 19,
                    "label": "준식별자"
                },
                {
                    "word": "1980-05-12",
                    "start": 27,
                    "end": 37,
                    "label": "준식별자"
                },
                {
                    "word": "서울특별시",
                    "start": 46,
                    "end": 51,
                    "label": "준식별자"
                },
                {
                    "word": "강남구",
                    "start": 60,
                    "end": 63,
                    "label": "준식별자"
                }
            ]
        },
        {
            "sentence": "신체정보는 준식별자로 취급하며 예시로 키: 162 cm, 체중: 58 kg은 가명화 또는 범주화(bucketization) 후 저장을 권장합니다.",
            "id": "sample_063_0039_000009",
            "annotations": [
                {
                    "word": "162 cm",
                    "start": 24,
                    "end": 30,
                    "label": "준식별자"
                },
                {
                    "word": "58 kg",
                    "start": 36,
                    "end": 41,
                    "label": "준식별자"
                }
            ]
        },
        {
            "sentence": "모든 측정값은 단위(unit)와 측정법(assay_platform_version, kit_batch_id)을 포함해 provenance를 남기며 LOINC·SNOMED CT 등 표준 코드를 함께 사용합니다.",
            "id": "sample_063_0039_000010",
            "annotations": []
        },
        {
            "sentence": "assay metadata 예시는 assay_platform_version: Illumina NovaSeq 6000 v1.3, kit_batch_id: KIT-2025-B09, 실험자: 민일, 장비ID: EQ-117입니다.",
            "id": "sample_063_0039_000011",
            "annotations": [
                {
                    "word": "민일",
                    "start": 104,
                    "end": 106,
                    "label": "개인정보"
                }
            ]
        },
        {
            "sentence": "유전체 데이터는 원시(raw.vcf)와 전처리(processed.normalized.vcf)를 분리 보관하고 변이 주석에는 HGVS 표기법을 사용해 추적가능성을 확보합니다.",
            "id": "sample_063_0039_000012",
            "annotations": []
        },
        {
            "sentence": "에피제네틱 클록(epigenetic clocks)은 Horvath, PhenoAge, GrimAge 등별로 점수와 신뢰구간을 제공하고 학습/검증 데이터 분할 정보와 전처리 파라미터를 명시합니다.",
            "id": "sample_063_0039_000013",
            "annotations": []
        },
        {
            "sentence": "텔로미어 길이 측정은 단위(kb)와 방법(qPCR), 측정 키트(TeloqPCR kit v2) 및 kit_batch_id: KTEL-45를 같이 저장합니다.",
            "id": "sample_063_0039_000014",
            "annotations": []
        },
        {
            "sentence": "마이크로바이옴 샘플 메타데이터에는 바코드 barcode: MB-0001123, 냉동보관 온도: -80°C, 채취일: 2024-06-15T09:30:00Z(ISO8601)가 포함됩니다.",
            "id": "sample_063_0039_000015",
            "annotations": [
                {
                    "word": "MB-0001123",
                    "start": 32,
                    "end": 42,
                    "label": "준식별자"
                }
            ]
        },
        {
            "sentence": "이미징 메타데이터는 장비모델, DICOM 경로 예시: /srv/prod/images/patient/SUBJ-0001_Synthetic/2024-06-15/, 해상도 및 스캔파라미터를 명시합니다.",
            "id": "sample_063_0039_000016",
            "annotations": [
                {
                    "word": "/srv/prod/images/patient/SUBJ-0001_Synthetic/2024-06-15/",
                    "start": 30,
                    "end": 86,
                    "label": "기밀정보"
                },
                {
                    "word": "SUBJ-0001_Synthetic",
                    "start": 55,
                    "end": 74,
                    "label": "개인정보"
                }
            ]
        },
        {
            "sentence": "웨어러블 데이터는 HR, HRV, step_count, sleep epochs 등을 ISO8601 타임스탬프와 함께 수집·저장하며 raw와 processed 링크를 분리합니다.",
            "id": "sample_063_0039_000017",
            "annotations": []
        },
        {
            "sentence": "시계열 데이터의 결측은 missing_flag와 missing_reason 필드로 분리하고 관찰주기 변경은 observation_interval_change로 문서화합니다.",
            "id": "sample_063_0039_000018",
            "annotations": []
        },
        {
            "sentence": "QC 리포트는 배치별 QC 메트릭(누락률, MAPQ, RIN 등)과 kit_batch_id, 실험자 정보를 수록해 배치효과 보정이 가능하도록 합니다.",
            "id": "sample_063_0039_000019",
            "annotations": []
        },
        {
            "sentence": "샘플 체인오브커스터디(Chain-of-custody) 로그는 바코드, 핸들러 이름 남현주, 보관위치 및 타임스탬프를 포함해 감사추적을 확보합니다.",
            "id": "sample_063_0039_000020",
            "annotations": [
                {
                    "word": "남현주",
                    "start": 46,
                    "end": 49,
                    "label": "개인정보"
                }
            ]
        },
        {
            "sentence": "동의서와 IRB 승인문서는 메타데이터(승인번호: IRB-2024-007, 버전: v2.1, 발행일: 2024-05-01)를 포함해 보관합니다.",
            "id": "sample_063_0039_000021",
            "annotations": []
        },
        {
            "sentence": "데이터 접근은 역할기반접근제어(RBAC)와 DSA(Data Sharing Agreement)를 통해 제한하고 모든 접근은 감사로그로 기록합니다.",
            "id": "sample_063_0039_000022",
            "annotations": []
        },
        {
            "sentence": "운영·보안 기밀 예시는 운영서버 IP 10.0.12.34, 내부 파일경로 /srv/prod/datasets/secret, VPN 주소 vpn.internal:1194로 내부 관리합니다.",
            "id": "sample_063_0039_000023",
            "annotations": [
                {
                    "word": "10.0.12.34",
                    "start": 21,
                    "end": 31,
                    "label": "기밀정보"
                },
                {
                    "word": "/srv/prod/datasets/secret",
                    "start": 41,
                    "end": 66,
                    "label": "기밀정보"
                },
                {
                    "word": "vpn.internal:1194",
                    "start": 75,
                    "end": 92,
                    "label": "기밀정보"
                }
            ]
        },
        {
            "sentence": "재무 민감자료의 예로 테스트 계좌번호 123-456-789(샘플, 내부용)이 별도 보안 문서에 보관되어 있습니다.",
            "id": "sample_063_0039_000024",
            "annotations": [
                {
                    "word": "123-456-789",
                    "start": 21,
                    "end": 32,
                    "label": "기밀정보"
                }
            ]
        },
        {
            "sentence": "임상시험계획서(Protocol)에는 개입 프로토콜(용량, 주기, 기간), 안전성 모니터링 및 중대한 이상반응(SAE) 보고절차가 포함됩니다.",
            "id": "sample_063_0039_000025",
            "annotations": []
        },
        {
            "sentence": "분석·보고용으로 생물학적 연령(biological_age)은 여러 clock별로 신뢰구간을 제공하고 모델 학습·검증 데이터셋 분할 정보(train/val/test)를 함께 공개합니다.",
            "id": "sample_063_0039_000026",
            "annotations": []
        },
        {
            "sentence": "합성 데이터는 명확히 'synthetic' 태그를 부착하고 실제 데이터와 물리적으로 분리된 저장소에 보관하며 메타데이터에 synthetic=true를 기록합니다.",
            "id": "sample_063_0039_000027",
            "annotations": []
        },
        {
            "sentence": "요약 및 권고: 가명화 규칙 문서화, 배치정보 및 QC기록 보존, 원시(raw) 데이터 영구보관, 접근제어와 감사로그 활성화를 우선으로 시행하십시오.",
            "id": "sample_063_0039_000028",
            "annotations": []
        }
    ]
}