{
    "document_id": "063_0085",
    "document_title": "장수 및 항노화 연구 데이터 관리 및 메타데이터 표준 운영지침 (Synthetic 예시)",
    "data": [
        {
            "sentence": "본 문서는 장수 및 항노화 연구(geroscience)에서 생성되는 데이터의 생성·전처리·보존 정책과 메타데이터 표준을 예시하기 위해 synthetic 데이터로 작성된 운영지침입니다.",
            "id": "sample_063_0085_000001",
            "annotations": []
        },
        {
            "sentence": "문서 목적은 연구재현성(reproducibility), 추적성(provenance), 개인정보보호(compliance)를 동시에 만족시키는 데이터 파이프라인 설계 가이드라인을 제시하는 것입니다.",
            "id": "sample_063_0085_000002",
            "annotations": []
        },
        {
            "sentence": "범위에는 임상·전임상 수집 데이터, 오믹스(omics), 이미징(imaging), 웨어러블 시계열, SOP, IRB 승인서 및 동의서, 체인오브커스터디 로그가 포함됩니다.",
            "id": "sample_063_0085_000003",
            "annotations": []
        },
        {
            "sentence": "민감정보와 유전체 자료에는 가명화(pseudonymization)를 적용하고 동의 범위(consent_status)를 필드로 명확히 기록하도록 요구합니다.",
            "id": "sample_063_0085_000004",
            "annotations": []
        },
        {
            "sentence": "모든 측정값에는 단위(unit), 측정법(assay_platform_version), 키트 배치(kit_batch_id)와 실험자(operator_id)를 포함해 provenance를 남기십시오.",
            "id": "sample_063_0085_000005",
            "annotations": []
        },
        {
            "sentence": "참가자 예시 레코드: 이름 천요한, 연구참여번호 P-1001, 생년월일 1950-05-10, 성별 남, 연락처 010-1234-5678, 주소 서울특별시 강남구 역삼동, consent_status: broad.",
            "id": "sample_063_0085_000006",
            "annotations": [
                {
                    "word": "천요한",
                    "start": 15,
                    "end": 18,
                    "label": "개인정보"
                },
                {
                    "word": "P-1001",
                    "start": 27,
                    "end": 33,
                    "label": "개인정보"
                },
                {
                    "word": "1950-05-10",
                    "start": 40,
                    "end": 50,
                    "label": "준식별자"
                },
                {
                    "word": "남",
                    "start": 55,
                    "end": 56,
                    "label": "준식별자"
                },
                {
                    "word": "남",
                    "start": 87,
                    "end": 88,
                    "label": "준식별자"
                },
                {
                    "word": "010-1234-5678",
                    "start": 62,
                    "end": 75,
                    "label": "개인정보"
                },
                {
                    "word": "서울특별시",
                    "start": 80,
                    "end": 85,
                    "label": "준식별자"
                },
                {
                    "word": "강남구",
                    "start": 86,
                    "end": 89,
                    "label": "준식별자"
                },
                {
                    "word": "역삼동",
                    "start": 90,
                    "end": 93,
                    "label": "준식별자"
                }
            ]
        },
        {
            "sentence": "해당 예시는 synthetic으로 라벨되어 있으며, 실제 식별자는 가명화되었고 원본 식별자는 별도 안전 저장소에 보관됩니다.",
            "id": "sample_063_0085_000007",
            "annotations": []
        },
        {
            "sentence": "추가 참가자 예시: 이름 천미소, 연구참여번호 P-1002, 생년월일 1965-12-21, 성별 여, 이메일 chmiso@example.org, 주소 부산광역시 해운대구, consent_status: limited.",
            "id": "sample_063_0085_000008",
            "annotations": [
                {
                    "word": "천미소",
                    "start": 14,
                    "end": 17,
                    "label": "개인정보"
                },
                {
                    "word": "P-1002",
                    "start": 26,
                    "end": 32,
                    "label": "개인정보"
                },
                {
                    "word": "1965-12-21",
                    "start": 39,
                    "end": 49,
                    "label": "준식별자"
                },
                {
                    "word": "여",
                    "start": 22,
                    "end": 23,
                    "label": "준식별자"
                },
                {
                    "word": "여",
                    "start": 54,
                    "end": 55,
                    "label": "준식별자"
                },
                {
                    "word": "chmiso@example.org",
                    "start": 61,
                    "end": 79,
                    "label": "개인정보"
                },
                {
                    "word": "부산광역시",
                    "start": 84,
                    "end": 89,
                    "label": "준식별자"
                },
                {
                    "word": "해운대구",
                    "start": 90,
                    "end": 94,
                    "label": "준식별자"
                }
            ]
        },
        {
            "sentence": "생체시료 메타데이터 예시: sample_barcode SAMP-000321, 채취일 2023-06-15, 보관온도 -80°C, 냉동실 위치 RACK-12, chain_of_custody 기록 보유.",
            "id": "sample_063_0085_000009",
            "annotations": []
        },
        {
            "sentence": "유전체/전사체 파일은 원시(raw)와 전처리(processed) 파일을 분리해 저장하고 QC 메트릭, 배치정보(batch_id) 및 배치 보정(batch_effect_correction) 로그를 포함합니다.",
            "id": "sample_063_0085_000010",
            "annotations": []
        },
        {
            "sentence": "예시 어세이 메타데이터: assay_platform_version: NovaSeqX_v2.1, kit_batch_id: KTB-202305-A3, 실험자 operator_id: OP-045, 실험일 2023-06-20.",
            "id": "sample_063_0085_000011",
            "annotations": []
        },
        {
            "sentence": "에피제네틱 클럭 예시값: Horvath_clock 72.4 years (unit: years), 95% CI [70.1,74.7], PhenoAge 68.9 years, 신뢰구간과 모델 검증(split, preprocessing params)을 함께 제공해야 합니다.",
            "id": "sample_063_0085_000012",
            "annotations": []
        },
        {
            "sentence": "텔로미어 길이 측정 예시: mean telomere length 6.2 kb, 측정법 qPCR_v1.3, kit_batch_id: TL-KIT-11, QC_RIN: 8.1.",
            "id": "sample_063_0085_000013",
            "annotations": []
        },
        {
            "sentence": "마이크로바이옴 프로필은 16S/shotgun 메타데이터와 샘플바코드, 시퀀싱 플랫폼 및 배치 정보를 포함해 교차플랫폼 정규화가 가능하도록 저장합니다.",
            "id": "sample_063_0085_000014",
            "annotations": []
        },
        {
            "sentence": "이미징 메타데이터 예시: DEXA 스캔, scanner_id SCN-5001, acquisition_date 2023-05-10, 기술자 김희재, 파일명 규칙에 LOINC/SNOMED 코드를 포함합니다.",
            "id": "sample_063_0085_000015",
            "annotations": [
                {
                    "word": "김희재",
                    "start": 77,
                    "end": 80,
                    "label": "개인정보"
                }
            ]
        },
        {
            "sentence": "웨어러블 시계열 예시: 심박수(HR) 샘플링 1Hz, ISO8601 타임스탬프 2024-01-15T08:00:00Z, 배터치 노이즈 및 결측은 별도 필드로 문서화합니다.",
            "id": "sample_063_0085_000016",
            "annotations": []
        },
        {
            "sentence": "부작용 리포트(AE) 예시: 참가자 천요한에게 2023-07-01에 발열이 발생하여 의료적 관찰 후 경도 이상반응(AE)으로 기록되었습니다.",
            "id": "sample_063_0085_000017",
            "annotations": [
                {
                    "word": "천요한",
                    "start": 20,
                    "end": 23,
                    "label": "개인정보"
                },
                {
                    "word": "2023-07-01",
                    "start": 26,
                    "end": 36,
                    "label": "준식별자"
                }
            ]
        },
        {
            "sentence": "샘플 체인오브커스터디 로그 예시에는 취급자 이름과 서명, 예를 들면 오여름이 2023-06-16에 수령 및 입고 기록을 남긴 내용이 포함됩니다.",
            "id": "sample_063_0085_000018",
            "annotations": [
                {
                    "word": "오여름",
                    "start": 38,
                    "end": 41,
                    "label": "개인정보"
                }
            ]
        },
        {
            "sentence": "규제 문서 저장 규정: IRB 승인서 메타데이터(IRB-2023-045, 버전 2.0, 발행일 2023-03-01)를 함께 보관하고 문서 원본과 OCR 텍스트를 분리 보존합니다.",
            "id": "sample_063_0085_000019",
            "annotations": []
        },
        {
            "sentence": "데이터 접근 정책에는 GDPR/HIPAA 요구사항 검토, 최소권한 원칙, 감사로그(audit_log) 활성화 및 데이터 공유를 위한 DSA(Data Sharing Agreement)를 명시합니다.",
            "id": "sample_063_0085_000020",
            "annotations": []
        },
        {
            "sentence": "데이터 보존기간과 버전관리는 장기추적(longitudinal) 성격을 고려해 원시(raw) 데이터는 영구보존, 파생데이터는 버전별 보존정책을 수립합니다.",
            "id": "sample_063_0085_000021",
            "annotations": []
        },
        {
            "sentence": "Data Sharing 예시 항목에는 계약상 비공개 항목 표기를 권장하며, 예를 들어 스폰서 계좌번호 123-456-789012 같은 금융정보는 기밀자료로 접근제어 대상입니다.",
            "id": "sample_063_0085_000022",
            "annotations": [
                {
                    "word": "123-456-789012",
                    "start": 57,
                    "end": 71,
                    "label": "기밀정보"
                }
            ]
        },
        {
            "sentence": "내부 보안 관련 기밀예시: 내부 서버 IP 10.0.0.5, VPN 주소 vpn.internal.example.com, 내부 파일 경로 /srv/data/private 등은 엄격히 통제되어야 합니다.",
            "id": "sample_063_0085_000023",
            "annotations": [
                {
                    "word": "10.0.0.5",
                    "start": 24,
                    "end": 32,
                    "label": "기밀정보"
                },
                {
                    "word": "vpn.internal.example.com",
                    "start": 41,
                    "end": 65,
                    "label": "기밀정보"
                },
                {
                    "word": "/srv/data/private",
                    "start": 76,
                    "end": 93,
                    "label": "기밀정보"
                }
            ]
        },
        {
            "sentence": "합성데이터 생성 시에는 'synthetic' 태그를 필수로 부착하고 실제 데이터와는 명확히 분리해 연구자·윤리심사·규제기관에 보고합니다.",
            "id": "sample_063_0085_000024",
            "annotations": []
        },
        {
            "sentence": "연구자용 액션아이템: 데이터 업로드 전 가명화 절차 준수, consent_status 검증, QC 리포트 첨부, 모델 학습·검증 파라미터 기록을 의무화하십시오.",
            "id": "sample_063_0085_000025",
            "annotations": []
        },
        {
            "sentence": "연락체계: 데이터관리 책임자 방선, 연락처 010-9876-5432, 내부 감사 및 접근로그 확인 요청은 해당 책임자로 연락하시기 바랍니다.",
            "id": "sample_063_0085_000026",
            "annotations": [
                {
                    "word": "방선",
                    "start": 16,
                    "end": 18,
                    "label": "개인정보"
                },
                {
                    "word": "010-9876-5432",
                    "start": 24,
                    "end": 37,
                    "label": "개인정보"
                }
            ]
        },
        {
            "sentence": "결론적으로 본 지침은 장수 및 항노화 연구의 대용량 다중모달 데이터를 규제·윤리적으로 관리하고 재현성 높은 연구 파이프라인을 확보하도록 설계되었습니다.",
            "id": "sample_063_0085_000027",
            "annotations": []
        }
    ]
}