{
    "document_id": "063_0027",
    "document_title": "장수 및 항노화 임상연구 데이터 관리·메타데이터 표준화 매뉴얼 (합성 예시 포함)",
    "data": [
        {
            "sentence": "문서 개요: 본 문서는 장수 및 항노화 연구에서 생성되는 데이터의 관리·보존·메타데이터 표준을 설명하며 'synthetic' 태그가 포함된 합성 예시를 명확히 구분합니다.",
            "id": "sample_063_0027_000001",
            "annotations": []
        },
        {
            "sentence": "연구책임자: 서서혜, 공동연구자: 류상문.",
            "id": "sample_063_0027_000002",
            "annotations": [
                {
                    "word": "서서혜",
                    "start": 7,
                    "end": 10,
                    "label": "개인정보"
                },
                {
                    "word": "류상문",
                    "start": 19,
                    "end": 22,
                    "label": "개인정보"
                }
            ]
        },
        {
            "sentence": "문서 ID와 버전: document_id=063_0027, 버전=1.0, 발행일=2026-01-20.",
            "id": "sample_063_0027_000003",
            "annotations": []
        },
        {
            "sentence": "예시 참가자 레코드(합성): 이름=차유리, participant_id=SUBJ-2026-0001, consent_status=broad (synthetic).",
            "id": "sample_063_0027_000004",
            "annotations": [
                {
                    "word": "차유리",
                    "start": 19,
                    "end": 22,
                    "label": "개인정보"
                },
                {
                    "word": "SUBJ-2026-0001",
                    "start": 39,
                    "end": 53,
                    "label": "개인정보"
                }
            ]
        },
        {
            "sentence": "차유리의 기초정보 예시: 생년월일=1957-04-12, 성별=여성, 등록일=2025-06-01.",
            "id": "sample_063_0027_000005",
            "annotations": [
                {
                    "word": "1957-04-12",
                    "start": 19,
                    "end": 29,
                    "label": "준식별자"
                },
                {
                    "word": "여성",
                    "start": 34,
                    "end": 36,
                    "label": "준식별자"
                }
            ]
        },
        {
            "sentence": "주소(시/군/구 단위) 및 소속 예시: 거주지=서울특별시 종로구, 직장=연세대학교 의과대학.",
            "id": "sample_063_0027_000006",
            "annotations": [
                {
                    "word": "서울특별시 종로구",
                    "start": 26,
                    "end": 35,
                    "label": "준식별자"
                },
                {
                    "word": "연세대학교 의과대학",
                    "start": 40,
                    "end": 50,
                    "label": "준식별자"
                }
            ]
        },
        {
            "sentence": "신체정보 예시: 키=162 cm, 체중=58 kg, 혈액형=A형; 모든 측정값에는 단위(unit)와 측정법을 명시합니다.",
            "id": "sample_063_0027_000007",
            "annotations": [
                {
                    "word": "162 cm",
                    "start": 11,
                    "end": 17,
                    "label": "준식별자"
                },
                {
                    "word": "58 kg",
                    "start": 22,
                    "end": 27,
                    "label": "준식별자"
                },
                {
                    "word": "A형",
                    "start": 33,
                    "end": 35,
                    "label": "준식별자"
                }
            ]
        },
        {
            "sentence": "연구 코디네이터 연락처(합성 예시): 전화=010-0000-0000, 이메일=sseoh@researchlab.kr.",
            "id": "sample_063_0027_000008",
            "annotations": [
                {
                    "word": "010-0000-0000",
                    "start": 24,
                    "end": 37,
                    "label": "개인정보"
                },
                {
                    "word": "sseoh@researchlab.kr",
                    "start": 43,
                    "end": 63,
                    "label": "개인정보"
                }
            ]
        },
        {
            "sentence": "재무·결제 관련(기밀): 계좌번호=110-123456-789, 결제처리 담당자 표기는 내부문서로 분류합니다.",
            "id": "sample_063_0027_000009",
            "annotations": [
                {
                    "word": "110-123456-789",
                    "start": 19,
                    "end": 33,
                    "label": "기밀정보"
                }
            ]
        },
        {
            "sentence": "시료 바코드 및 체인오브커스터디 예시: barcode=BC-0001-2026, 추적로그 보존기간=영구(raw 저장).",
            "id": "sample_063_0027_000010",
            "annotations": []
        },
        {
            "sentence": "유전체 변이 표기 예시(HGVS): BRCA1 c.5266dupC (p.Gln1756Profs) — 유전체 데이터는 가명화 규칙과 consent_status 필드를 적용합니다.",
            "id": "sample_063_0027_000011",
            "annotations": []
        },
        {
            "sentence": "오믹스 메타데이터 예시: assay_platform_version=Illumina NovaSeq6000 v2.1, kit_batch_id=KIT-2026-A12, 실험자=안한우.",
            "id": "sample_063_0027_000012",
            "annotations": [
                {
                    "word": "안한우",
                    "start": 95,
                    "end": 98,
                    "label": "개인정보"
                }
            ]
        },
        {
            "sentence": "원시/전처리 데이터 링크(기밀 경로 예시): raw_data_s3=s3://internal-labs/consent_signed/SUBJ-2026-0001.pdf, processed_data_s3=s3://public-archive/processed/.",
            "id": "sample_063_0027_000013",
            "annotations": [
                {
                    "word": "s3://internal-labs/consent_signed/SUBJ-2026-0001.pdf",
                    "start": 37,
                    "end": 89,
                    "label": "기밀정보"
                },
                {
                    "word": "SUBJ-2026-0001",
                    "start": 71,
                    "end": 85,
                    "label": "개인정보"
                }
            ]
        },
        {
            "sentence": "웨어러블 시계열 예시(HR): 2025-06-01T08:00:00Z, HR=62 bpm, 샘플링=1 Hz; 타임스탬프는 ISO8601로 기록합니다.",
            "id": "sample_063_0027_000014",
            "annotations": []
        },
        {
            "sentence": "이미지 메타데이터 경로(기밀): image_path=/archive/DEXA/subject/SUBJ-2026-0001/mri.dcm, modality=DEXA, resolution=0.5 mm.",
            "id": "sample_063_0027_000015",
            "annotations": [
                {
                    "word": "/archive/DEXA/subject/SUBJ-2026-0001/mri.dcm",
                    "start": 29,
                    "end": 73,
                    "label": "기밀정보"
                },
                {
                    "word": "SUBJ-2026-0001",
                    "start": 51,
                    "end": 65,
                    "label": "개인정보"
                }
            ]
        },
        {
            "sentence": "연구 담당자 연락처(내부): 연구 이메일=sseoh@researchlab.kr, 담당자명=서서혜, 기록은 접근 제어됩니다.",
            "id": "sample_063_0027_000016",
            "annotations": [
                {
                    "word": "sseoh@researchlab.kr",
                    "start": 23,
                    "end": 43,
                    "label": "개인정보"
                },
                {
                    "word": "서서혜",
                    "start": 50,
                    "end": 53,
                    "label": "개인정보"
                }
            ]
        },
        {
            "sentence": "IRB 및 규제 메타데이터: IRB 승인번호=IRB-2025-045, 승인일=2025-05-15, 동의서 버전=3.2.",
            "id": "sample_063_0027_000017",
            "annotations": []
        },
        {
            "sentence": "에피제네틱 클럭 예시: Horvath_age=68.4 years (95% CI 66.8-70.0), PhenoAge=70.1 years (95% CI 68.0-72.2).",
            "id": "sample_063_0027_000018",
            "annotations": []
        },
        {
            "sentence": "텔로미어 길이 측정 예시: 평균=5.2 kb, 측정법=qPCR v3.2, kit_batch_id=TEL-KIT-09.",
            "id": "sample_063_0027_000019",
            "annotations": []
        },
        {
            "sentence": "부작용 보고(합성 예시): 보고자명=전유찬, 사건일=2025-07-10, AE 등급=Grade 2, 결과=회복.",
            "id": "sample_063_0027_000020",
            "annotations": [
                {
                    "word": "전유찬",
                    "start": 20,
                    "end": 23,
                    "label": "개인정보"
                }
            ]
        },
        {
            "sentence": "부작용 발생 위치 예시: 발생지역(시/군/구)=서울특별시 종로구, 의료기관=연세대학교 부속병원.",
            "id": "sample_063_0027_000021",
            "annotations": [
                {
                    "word": "서울특별시 종로구",
                    "start": 26,
                    "end": 35,
                    "label": "준식별자"
                },
                {
                    "word": "연세대학교 부속병원",
                    "start": 42,
                    "end": 52,
                    "label": "준식별자"
                }
            ]
        },
        {
            "sentence": "시스템·보안 기밀 예시: VPN 주소=vpn.internal.researchlab.local, 서버 IP=10.0.0.5, 내부 경로는 제한적 접근입니다.",
            "id": "sample_063_0027_000022",
            "annotations": [
                {
                    "word": "vpn.internal.researchlab.local",
                    "start": 21,
                    "end": 51,
                    "label": "기밀정보"
                },
                {
                    "word": "10.0.0.5",
                    "start": 59,
                    "end": 67,
                    "label": "기밀정보"
                }
            ]
        },
        {
            "sentence": "데이터 사용 계약 예시: DSA 번호=DSA-2025-21, 사용 범위=비상업적 연구, 감사로그 요구사항 포함.",
            "id": "sample_063_0027_000023",
            "annotations": []
        },
        {
            "sentence": "비밀·암호 관련 기밀 예시: encryption_key_path=/secrets/keys/key1, 키 접근은 KMS로 로그 남김.",
            "id": "sample_063_0027_000024",
            "annotations": [
                {
                    "word": "/secrets/keys/key1",
                    "start": 36,
                    "end": 54,
                    "label": "기밀정보"
                }
            ]
        },
        {
            "sentence": "추가 참가자 예시(합성): 이름=나애리, participant_id=SUBJ-2026-0002, consent_status=restricted.",
            "id": "sample_063_0027_000025",
            "annotations": [
                {
                    "word": "나애리",
                    "start": 18,
                    "end": 21,
                    "label": "개인정보"
                },
                {
                    "word": "SUBJ-2026-0002",
                    "start": 38,
                    "end": 52,
                    "label": "개인정보"
                }
            ]
        },
        {
            "sentence": "나애리 기초정보 예시: 생년월일=1948-11-30, 성별=남성, 등록센터=서울아산센터.",
            "id": "sample_063_0027_000026",
            "annotations": [
                {
                    "word": "1948-11-30",
                    "start": 18,
                    "end": 28,
                    "label": "준식별자"
                },
                {
                    "word": "남성",
                    "start": 33,
                    "end": 35,
                    "label": "준식별자"
                }
            ]
        },
        {
            "sentence": "직업 및 사회경제적 준식별자 예시: 직업=교수, 교육수준=박사, 근무기관=연세대학교 의과대학.",
            "id": "sample_063_0027_000027",
            "annotations": [
                {
                    "word": "교수",
                    "start": 23,
                    "end": 25,
                    "label": "준식별자"
                },
                {
                    "word": "연세대학교 의과대학",
                    "start": 41,
                    "end": 51,
                    "label": "준식별자"
                }
            ]
        },
        {
            "sentence": "데이터 보존 정책: 원시(raw) 데이터는 최소 15년 보관, 전처리 파일은 별도 버전관리 및 QC 메트릭과 함께 보관합니다.",
            "id": "sample_063_0027_000028",
            "annotations": []
        },
        {
            "sentence": "규정 준수: GDPR/HIPAA 요구사항 점검, 접근 제어(ACL), 감사로그, DSA 및 IRB 조건을 기반으로 데이터 접근을 제한합니다.",
            "id": "sample_063_0027_000029",
            "annotations": []
        },
        {
            "sentence": "실행 항목: 모든 민감정보 항목은 가명화/암호화하고 consent_status 필드를 포함하며, 문서화와 감사 로그를 통해 추적 가능하도록 합니다.",
            "id": "sample_063_0027_000030",
            "annotations": []
        }
    ]
}