{
    "document_id": "063_0024",
    "document_title": "장수 및 항노화 연구용 합성 메타데이터 표준 및 샘플 레코드",
    "data": [
        {
            "sentence": "본 문서는 장수 및 항노화 연구(Longevity and Geroprotection) 도메인에서 수집·보존되는 데이터의 합성(synthetic) 샘플 및 메타데이터 표준을 기술합니다.",
            "id": "sample_063_0024_000001",
            "annotations": []
        },
        {
            "sentence": "문서는 연구윤리(IRB), 동의(consent) 범위 관리, 데이터 거버넌스 및 규제(HIPAA/GDPR) 준수를 전제로 설계되었습니다.",
            "id": "sample_063_0024_000002",
            "annotations": []
        },
        {
            "sentence": "모든 참가자 식별자는 가명화(pseudonymization)되며 consent_status 필드로 동의 범위를 명확히 기록합니다.",
            "id": "sample_063_0024_000003",
            "annotations": []
        },
        {
            "sentence": "측정값은 값(value)과 함께 단위(unit), assay_platform_version, kit_batch_id, 실험자(operator_id), 장비ID(equipment_id)를 메타데이터로 기록합니다.",
            "id": "sample_063_0024_000004",
            "annotations": []
        },
        {
            "sentence": "원시(raw) 데이터와 전처리(processed) 데이터는 별도 저장소에 분리 보관되며 각 파일은 provenance와 QC 메트릭을 포함합니다.",
            "id": "sample_063_0024_000005",
            "annotations": []
        },
        {
            "sentence": "표준 온톨로지(LOINC, SNOMED CT, ICD-10, HGVS, HPO)를 사용해 변수명과 코드셋을 표준화합니다.",
            "id": "sample_063_0024_000006",
            "annotations": []
        },
        {
            "sentence": "시계열 타임스탬프는 ISO8601 형식(예: 2021-03-15T08:30:00Z)으로 기록하고 결측 및 관찰주기 변경은 별도 필드로 명시합니다.",
            "id": "sample_063_0024_000007",
            "annotations": []
        },
        {
            "sentence": "참가자 기록 예시: 이름(가명) 임다니, 생년월일 1948-07-12, 성별 여성, 주소 서울특별시 강남구, 키 162 cm, 체중 58 kg, consent_status: broad.",
            "id": "sample_063_0024_000008",
            "annotations": [
                {
                    "word": "임다니",
                    "start": 18,
                    "end": 21,
                    "label": "개인정보"
                },
                {
                    "word": "1948-07-12",
                    "start": 28,
                    "end": 38,
                    "label": "준식별자"
                },
                {
                    "word": "여성",
                    "start": 43,
                    "end": 45,
                    "label": "준식별자"
                },
                {
                    "word": "서울특별시 강남구",
                    "start": 50,
                    "end": 59,
                    "label": "준식별자"
                },
                {
                    "word": "162 cm",
                    "start": 63,
                    "end": 69,
                    "label": "준식별자"
                },
                {
                    "word": "58 kg",
                    "start": 74,
                    "end": 79,
                    "label": "준식별자"
                }
            ]
        },
        {
            "sentence": "참가자 기록 예시: 이름(가명) 구서목, 생년월일 1965-03-05, 성별 남성, 주소 부산광역시 해운대구, 키 175 cm, 체중 82 kg, consent_status: limited.",
            "id": "sample_063_0024_000009",
            "annotations": [
                {
                    "word": "구서목",
                    "start": 18,
                    "end": 21,
                    "label": "개인정보"
                },
                {
                    "word": "1965-03-05",
                    "start": 28,
                    "end": 38,
                    "label": "준식별자"
                },
                {
                    "word": "남성",
                    "start": 43,
                    "end": 45,
                    "label": "준식별자"
                },
                {
                    "word": "부산광역시 해운대구",
                    "start": 50,
                    "end": 60,
                    "label": "준식별자"
                },
                {
                    "word": "175 cm",
                    "start": 64,
                    "end": 70,
                    "label": "준식별자"
                },
                {
                    "word": "82 kg",
                    "start": 75,
                    "end": 80,
                    "label": "준식별자"
                }
            ]
        },
        {
            "sentence": "참가자 기록 예시: 이름(가명) 주규원, 생년월일 1972-11-20, 성별 남성, 주소 대전광역시 유성구, 키 168 cm, 체중 72 kg, consent_status: broad.",
            "id": "sample_063_0024_000010",
            "annotations": [
                {
                    "word": "주규원",
                    "start": 18,
                    "end": 21,
                    "label": "개인정보"
                },
                {
                    "word": "1972-11-20",
                    "start": 28,
                    "end": 38,
                    "label": "준식별자"
                },
                {
                    "word": "남성",
                    "start": 43,
                    "end": 45,
                    "label": "준식별자"
                },
                {
                    "word": "대전광역시 유성구",
                    "start": 50,
                    "end": 59,
                    "label": "준식별자"
                },
                {
                    "word": "168 cm",
                    "start": 63,
                    "end": 69,
                    "label": "준식별자"
                },
                {
                    "word": "72 kg",
                    "start": 74,
                    "end": 79,
                    "label": "준식별자"
                }
            ]
        },
        {
            "sentence": "유전체 및 오믹스 파일은 가명화된 샘플바코드(sample_barcode)로 참조되며 원본 FASTQ/RAW 파일의 위치와 전처리된 파일 링크를 분리 보관합니다.",
            "id": "sample_063_0024_000011",
            "annotations": []
        },
        {
            "sentence": "플랫폼 메타데이터 예: assay_platform_version v3.2.1, kit_batch_id KB-2023-07-A, 실험자 임모건, 장비ID EQ-DA-001.",
            "id": "sample_063_0024_000012",
            "annotations": [
                {
                    "word": "임모건",
                    "start": 75,
                    "end": 78,
                    "label": "개인정보"
                }
            ]
        },
        {
            "sentence": "QC 리포트에는 배치별 컨트롤 값, RIN, 평균 Phred score, mapping rate 및 배치효과(batch) 보정 파라미터가 포함됩니다.",
            "id": "sample_063_0024_000013",
            "annotations": []
        },
        {
            "sentence": "에피제네틱 클럭(epigenetic clocks) 산출 예시: Horvath clock 62.3 years (95% CI 59.1–65.5), PhenoAge 64.8 years (95% CI 61.9–67.7).",
            "id": "sample_063_0024_000014",
            "annotations": []
        },
        {
            "sentence": "텔로미어 길이 측정법은 qPCR 기반의 단위 kb로 표기하고 측정법은 assay_platform_version 및 kit_batch_id로 명기합니다.",
            "id": "sample_063_0024_000015",
            "annotations": []
        },
        {
            "sentence": "마이크로바이옴 프로필은 샘플바코드와 메타데이터로 연결되며 16S/shotgun 키트 배치 및 시퀀싱 플랫폼을 기록합니다.",
            "id": "sample_063_0024_000016",
            "annotations": []
        },
        {
            "sentence": "임상평가 항목은 체성분(DEXA), 근력(MVC Newton), 보행속도(m/s), 인지검사(MoCA 점수), 취약성지수(Frailty index)로 표준화합니다.",
            "id": "sample_063_0024_000017",
            "annotations": []
        },
        {
            "sentence": "중재(intervention) 프로토콜은 용량(dose mg), 주기(frequency), 기간(duration days)과 함께 SOP, 제조 LOT, IP 보관 조건을 명시합니다.",
            "id": "sample_063_0024_000018",
            "annotations": []
        },
        {
            "sentence": "부작용(AE/SAE) 보고서는 중증도, 발생일자(ISO8601), 인과관계 평가, 후속조치 및 보고자(operator) 정보를 포함합니다.",
            "id": "sample_063_0024_000019",
            "annotations": []
        },
        {
            "sentence": "운영 기밀: 내부 DB 서버 IP 10.0.0.45 및 관리용 계정명 admin_local은 기밀정보로 접근 제어 및 감사로그 대상입니다.",
            "id": "sample_063_0024_000020",
            "annotations": [
                {
                    "word": "10.0.0.45",
                    "start": 19,
                    "end": 28,
                    "label": "기밀정보"
                },
                {
                    "word": "admin_local",
                    "start": 39,
                    "end": 50,
                    "label": "기밀정보"
                }
            ]
        },
        {
            "sentence": "회계 기밀: 연구후원금 계좌번호 110-234567-89 및 미발표 협력기관 명단은 내부기밀로 분류됩니다.",
            "id": "sample_063_0024_000021",
            "annotations": [
                {
                    "word": "110-234567-89",
                    "start": 18,
                    "end": 31,
                    "label": "기밀정보"
                }
            ]
        },
        {
            "sentence": "데이터 접근은 역할 기반 접근제어(RBAC)로 관리하며 GDPR/HIPAA 준수 로그를 저장합니다.",
            "id": "sample_063_0024_000022",
            "annotations": []
        },
        {
            "sentence": "연구 문서(Protocol, IRB 승인서, 동의서)는 승인번호 IRB-2023-045와 버전 v2.1, 발행일 2023-06-12로 메타데이터를 포함해 보관합니다.",
            "id": "sample_063_0024_000023",
            "annotations": [
                {
                    "word": "IRB-2023-045",
                    "start": 36,
                    "end": 48,
                    "label": "기밀정보"
                }
            ]
        },
        {
            "sentence": "분석 재현성을 위해 생물학적 연령 추정 모델의 학습·검증 데이터셋 분할(training/validation/test) 및 전처리 파라미터를 SAP에 명시합니다.",
            "id": "sample_063_0024_000024",
            "annotations": []
        },
        {
            "sentence": "시계열 웨어러블 데이터는 ISO8601 타임스탬프와 단위(심박수 bpm, 걸음수 steps, 수면 분)를 포함하며 원시 스트림과 요약 통계를 분리 저장합니다.",
            "id": "sample_063_0024_000025",
            "annotations": []
        },
        {
            "sentence": "데이터 보존 정책은 원시(raw) 데이터 무기한 보관 원칙과 버전관리, 데이터 삭제 요청시 프로세스를 규정하며 감사로그를 기록합니다.",
            "id": "sample_063_0024_000026",
            "annotations": []
        },
        {
            "sentence": "합성 데이터 표기: 생성된 합성 예시는 모두 'synthetic' 태그 및 synthetic=true 메타플래그로 표시되며 실제 환자 데이터와 엄격히 분리됩니다.",
            "id": "sample_063_0024_000027",
            "annotations": []
        },
        {
            "sentence": "액션 항목: 1) 모든 샘플에 대해 consent_status 필드 확인, 2) 배치별 QC 실행 기록, 3) 기밀정보(서버·계좌) 접근 권한 검토.",
            "id": "sample_063_0024_000028",
            "annotations": []
        }
    ]
}