{
    "document_id": "089_0099",
    "document_title": "수자원 관리 통합 관측·운영 보고서 (합성 데이터 포함)",
    "data": [
        {
            "sentence": "소개: 이 문서는 수자원 관리 및 수문학 분야의 종합 관측·모델·운영 보고서로서 합성 데이터와 실제 관측을 모사한 샘플을 포함합니다.",
            "id": "sample_089_0099_000001",
            "annotations": []
        },
        {
            "sentence": "문서 목적은 유역 수지 검증, 모니터링 체계 검토, 운영 절차 검증 및 규제 보고서 초안 작성을 지원하는 것입니다.",
            "id": "sample_089_0099_000002",
            "annotations": []
        },
        {
            "sentence": "포함 항목은 streamflow_time_series, rainfall_gauge_observations, groundwater_well_levels, reservoir_operational_logs 등입니다.",
            "id": "sample_089_0099_000003",
            "annotations": []
        },
        {
            "sentence": "모든 시계열은 타임스탬프에 ISO8601 포맷과 시간대(예: 2025-06-01T00:00:00Z)를 사용하고 단위와 좌표계(EPSG:5179)를 명시합니다.",
            "id": "sample_089_0099_000004",
            "annotations": []
        },
        {
            "sentence": "유량 시계열은 단위 m3/s로 제공되며 강수 관측은 mm, 지하수 수위는 m (masl 또는 m bgs)로 표기합니다.",
            "id": "sample_089_0099_000005",
            "annotations": []
        },
        {
            "sentence": "원격탐사 래스터 레이어는 EPSG:4326 및 EPSG:5179 두 투영을 제공하며 해상도와 데이터 사용권(상업/비상업)을 명시합니다.",
            "id": "sample_089_0099_000006",
            "annotations": []
        },
        {
            "sentence": "센서 메타데이터는 검체ID, 교정일(예: 2025-01-15), 측정방법, 제조사 및 품질 플래그(QC: A,B,C)를 포함합니다.",
            "id": "sample_089_0099_000007",
            "annotations": []
        },
        {
            "sentence": "SCADA·Telemetry 로그는 프로토콜, 레거시 포맷 호환성, 낮은 지연성 요구사항(SLA)을 문서화합니다.",
            "id": "sample_089_0099_000008",
            "annotations": []
        },
        {
            "sentence": "물리적 일관성 검증 절차에서 수지 보전 위반 시 자동 경고와 교정 제안(예: 센서 교정, 보정계수 적용)을 포함합니다.",
            "id": "sample_089_0099_000009",
            "annotations": []
        },
        {
            "sentence": "예시 경고: 2025-05-12T03:00:00Z 기준 유입 합계 42.5 m3/s, 보고된 유출 38.0 m3/s로 저장량 변화와 불일치합니다.",
            "id": "sample_089_0099_000010",
            "annotations": []
        },
        {
            "sentence": "권장 조치: 해당 시각에 설치된 유량계의 교정일 확인 및 드리프트 보정, 누수·비누수 점검을 수행하십시오.",
            "id": "sample_089_0099_000011",
            "annotations": []
        },
        {
            "sentence": "홍수 경보 메시지는 낮은 지연성과 명확한 수신자·우선순위·행동 지침을 포함하며 SLA는 15분 이내 수신 보장을 목표로 합니다.",
            "id": "sample_089_0099_000012",
            "annotations": []
        },
        {
            "sentence": "모델 출력은 입력 데이터 버전, 가정, 경계조건을 기록하고 엔섬블 스프레드와 90% 신뢰구간을 함께 제공합니다.",
            "id": "sample_089_0099_000013",
            "annotations": []
        },
        {
            "sentence": "HEC-RAS 및 MODFLOW 구성 파일은 버전 관리, 입력 데이터 출처, 해상도 및 관성 파라미터를 포함하여 제공됩니다.",
            "id": "sample_089_0099_000014",
            "annotations": []
        },
        {
            "sentence": "GIS 데이터는 투영(EPSG 코드), 해상도, 유역 연계 키(catchment_id)와 하천 네트워크 토폴로지를 포함해 공간 조인이 가능하게 합니다.",
            "id": "sample_089_0099_000015",
            "annotations": []
        },
        {
            "sentence": "수질 실험실 보고서는 검체 ID, 채취일시(예: 2025-04-20T10:30:00+09:00), 분석 방법 및 LOD/LOQ, 품질 플래그를 포함합니다.",
            "id": "sample_089_0099_000016",
            "annotations": []
        },
        {
            "sentence": "조사 보고서에는 배수·퇴적물·침식 현장조사 결과와 수심측량(bathymetry) 데이터를 포함하며 좌표계(EPSG:5179)와 해상도를 명시합니다.",
            "id": "sample_089_0099_000017",
            "annotations": []
        },
        {
            "sentence": "원격탐사 데이터의 사용권은 상업용·비상업용으로 구분하며 계약번호 및 보존기간을 명시해야 합니다.",
            "id": "sample_089_0099_000018",
            "annotations": []
        },
        {
            "sentence": "운영 로그 예시: 댐 방류 스케줄과 수문 조작 기록은 수신자 리스트와 우선순위, 실행 트리거를 포함해야 합니다.",
            "id": "sample_089_0099_000019",
            "annotations": []
        },
        {
            "sentence": "민감 예시(기밀): 내부 SCADA 서버 IP는 198.51.100.23이며 접근 경로는 http://internal.scada.local 입니다, 이 값은 내부 기밀입니다.",
            "id": "sample_089_0099_000020",
            "annotations": [
                {
                    "word": "198.51.100.23",
                    "start": 27,
                    "end": 40,
                    "label": "기밀정보"
                },
                {
                    "word": "http://internal.scada.local",
                    "start": 50,
                    "end": 77,
                    "label": "기밀정보"
                }
            ]
        },
        {
            "sentence": "민감 예시(기밀): SCADA 접속 계정 admin_user와 비밀번호 P@ssw0rd!는 문서화되어서는 안 되며 내부 보안 절차에 따라 보호됩니다.",
            "id": "sample_089_0099_000021",
            "annotations": [
                {
                    "word": "admin_user",
                    "start": 23,
                    "end": 33,
                    "label": "기밀정보"
                },
                {
                    "word": "P@ssw0rd!",
                    "start": 40,
                    "end": 49,
                    "label": "기밀정보"
                }
            ]
        },
        {
            "sentence": "민감 예시(기밀): 예비비 계좌번호 543-21-987654 및 내부 파일 경로 C:\\SCADA\\configs\\secret.cfg 는 기밀정보로 분류됩니다.",
            "id": "sample_089_0099_000022",
            "annotations": [
                {
                    "word": "543-21-987654",
                    "start": 20,
                    "end": 33,
                    "label": "기밀정보"
                },
                {
                    "word": "C:\\SCADA\\configs\\secret.cfg",
                    "start": 45,
                    "end": 72,
                    "label": "기밀정보"
                }
            ]
        },
        {
            "sentence": "현장 관측소 위치 예시: 관측소 A는 경기도 수원시 권선구에 위치하며 좌표(UTM/EPSG:5179)는 제공됩니다.",
            "id": "sample_089_0099_000023",
            "annotations": [
                {
                    "word": "경기도 수원시 권선구",
                    "start": 21,
                    "end": 32,
                    "label": "준식별자"
                }
            ]
        },
        {
            "sentence": "현장담당자 정보: 공필준 (생년월일: 1980-06-03), 연락처 010-1234-5678, 이메일 gongpj@example.org, 소속: 국립수문연구원.",
            "id": "sample_089_0099_000024",
            "annotations": [
                {
                    "word": "공필준",
                    "start": 10,
                    "end": 13,
                    "label": "개인정보"
                },
                {
                    "word": "1980-06-03",
                    "start": 21,
                    "end": 31,
                    "label": "준식별자"
                },
                {
                    "word": "010-1234-5678",
                    "start": 38,
                    "end": 51,
                    "label": "개인정보"
                },
                {
                    "word": "gongpj@example.org",
                    "start": 57,
                    "end": 75,
                    "label": "개인정보"
                },
                {
                    "word": "국립수문연구원",
                    "start": 81,
                    "end": 88,
                    "label": "준식별자"
                }
            ]
        },
        {
            "sentence": "보고서 검토자: 노호산, 연락처 010-9876-5432, 이메일 noh@example.org, 검토일 2025-06-10.",
            "id": "sample_089_0099_000025",
            "annotations": [
                {
                    "word": "노호산",
                    "start": 9,
                    "end": 12,
                    "label": "개인정보"
                },
                {
                    "word": "010-9876-5432",
                    "start": 18,
                    "end": 31,
                    "label": "개인정보"
                },
                {
                    "word": "noh@example.org",
                    "start": 37,
                    "end": 52,
                    "label": "개인정보"
                }
            ]
        },
        {
            "sentence": "데이터 사용권 예시: PlanetScope 상업용 라이선스 계약번호 PS-2024-045, 사용제한 및 재배포 금지 조건을 포함합니다.",
            "id": "sample_089_0099_000026",
            "annotations": [
                {
                    "word": "PS-2024-045",
                    "start": 38,
                    "end": 49,
                    "label": "기밀정보"
                }
            ]
        },
        {
            "sentence": "규제 보고 필수항목: 방류허가 번호, 보존기간, 제출 포맷 준수 여부를 기록하고 법적 보존기간을 명시합니다.",
            "id": "sample_089_0099_000027",
            "annotations": []
        },
        {
            "sentence": "결론 및 행동항목: 즉시 조치사항, 책임자 지정, 재검증 일정 및 데이터 공개 범위와 합성 표기 등 최종 권고를 포함합니다.",
            "id": "sample_089_0099_000028",
            "annotations": []
        }
    ]
}