{
    "document_id": "089_0073",
    "document_title": "한강유역 통합 관측·운영 보고서 (합성 데이터, 2025)",
    "data": [
        {
            "sentence": "문서 개요: 본 문서는 한강유역 통합 관측·모델·운영 정보를 포함한 합성 수자원 관리 보고서이며, 생성된 데이터는 합성(synthetic)임을 명시합니다.",
            "id": "sample_089_0073_000001",
            "annotations": []
        },
        {
            "sentence": "보고서 범위는 유역 경계, 관측 시계열, 원격탐사, 수질분석, 저수지 운영로그, 수리모델 구성 및 홍수예보 앙상블을 포함합니다.",
            "id": "sample_089_0073_000002",
            "annotations": []
        },
        {
            "sentence": "모든 시계열은 명확히 ISO8601 시간표기와 표준시간대(예: 2025-05-01T00:00:00+09:00)를 사용하며, 시간대는 각 파일 헤더에 기록됩니다.",
            "id": "sample_089_0073_000003",
            "annotations": []
        },
        {
            "sentence": "유량 시계열(streamflow_time_series)은 EPSG:5179 좌표계와 연계된 유역 키(catchment_id)로 공간 조인이 가능하도록 제공됩니다.",
            "id": "sample_089_0073_000004",
            "annotations": []
        },
        {
            "sentence": "예시 유량 데이터: catchment_id=HKG_001, 좌표계=EPSG:5179, 타임스탬프=2025-05-01T00:00:00+09:00~2025-05-07T00:00:00+09:00, 해상도=15min, 단위=m3/s.",
            "id": "sample_089_0073_000005",
            "annotations": []
        },
        {
            "sentence": "관측 강우(rainfall_gauge_observations)는 측정방법= tipping-bucket, 교정일=2024-11-15, 검체ID=RG_HKG_202505, 품질플래그=G(양호)와 함께 제공됩니다.",
            "id": "sample_089_0073_000006",
            "annotations": []
        },
        {
            "sentence": "지하수 관측정(groundwater_well_levels)은 측정방법=pressure-transducer, 교정일=2024-12-01, 검체ID=GW_WELL_045, 단위=m, 수위는 masl 기준입니다.",
            "id": "sample_089_0073_000007",
            "annotations": []
        },
        {
            "sentence": "센서 메타데이터에는 제조사, 모델, 교정주기, 마지막 교정일과 품질 플래그(QA/QC)가 포함되며, 예: 센서ID=SN-2024-005, 교정일=2024-12-01.",
            "id": "sample_089_0073_000008",
            "annotations": []
        },
        {
            "sentence": "수질 실험실 보고서(water_quality_lab_reports)는 시료채취일(ISO8601), 검체ID, 분석방법(예: EPA 300.0), 검체 보존조건 및 품질플래그를 포함합니다.",
            "id": "sample_089_0073_000009",
            "annotations": []
        },
        {
            "sentence": "원격탐사 레스터(remote_sensing_raster_layers)는 투영=EPSG:4326, 해상도=30m, 제품별 라이선스(상업/비상업)가 메타데이터에 명시됩니다.",
            "id": "sample_089_0073_000010",
            "annotations": []
        },
        {
            "sentence": "배수 및 침식 현장조사에는 측정위치 좌표(EPSG:5179), 측정방법, 시료ID와 함께 획득일시(예: 2025-04-20T09:30:00+09:00)가 기록됩니다.",
            "id": "sample_089_0073_000011",
            "annotations": []
        },
        {
            "sentence": "저수지 운영 로그(reservoir_operational_logs)는 방류량(m3/s), 방류시각(ISO8601), 우선순위, 수신자 목록 및 행동지침을 포함해 낮은 지연(latency)으로 전송됩니다.",
            "id": "sample_089_0073_000012",
            "annotations": []
        },
        {
            "sentence": "긴급 방류 예시: 2025-05-03T14:00:00+09:00에 방류 예고, 목표방류량=120 m3/s, 수신자=수원시 재난안전과 우선통보, 행동지침=하천변 대피 권고(반경 500m).",
            "id": "sample_089_0073_000013",
            "annotations": []
        },
        {
            "sentence": "모델 구성(HEC-RAS, MODFLOW 등)은 입력 데이터 버전, 사용된 관측파일 목록과 가정(예: 침투계수, Manning n)을 문서화하며 불확실성은 앙상블 스프레드로 제시합니다.",
            "id": "sample_089_0073_000014",
            "annotations": []
        },
        {
            "sentence": "홍수예보 앙상블(flood_forecast_ensemble_outputs)은 50개 멤버로 구성되며, 예보기간=72시간, 신뢰구간=수위95%CI와 ensemble spread를 함께 제공합니다.",
            "id": "sample_089_0073_000015",
            "annotations": []
        },
        {
            "sentence": "수지보전 검증: 유입량 합계(기간=2025-05-01T00:00:00+09:00~2025-05-07T00:00:00+09:00)와 유출량 합계를 비교해 0.1% 이내 불일치가 허용됩니다.",
            "id": "sample_089_0073_000016",
            "annotations": []
        },
        {
            "sentence": "검증 결과 경고: 일부 유역(HKG_012)에서 음수 유량(-0.12 m3/s) 검출되어 물리적 불일치가 발생했습니다; 권장 교정절차는 센서 교정 재실시 및 기준치 보정입니다.",
            "id": "sample_089_0073_000017",
            "annotations": []
        },
        {
            "sentence": "교정 권장 예: 센서 SN-2024-005에 대해 교정일을 2025-05-05로 예약하고, 로우패스 필터 및 오프셋 보정을 적용하라.",
            "id": "sample_089_0073_000018",
            "annotations": []
        },
        {
            "sentence": "GIS 유역 셰이프파일(GIS_catchment_shapefiles)은 투영=EPSG:5179, 해상도=10m, catchment_id와 연결되는 하천 네트워크 링크를 포함합니다.",
            "id": "sample_089_0073_000019",
            "annotations": []
        },
        {
            "sentence": "수리모델 출력 파일(hydraulic_model_configuration_files)은 버전관리(GIT 해시 포함), 입력데이터 리스트 및 포스트프로세싱 스크립트를 포함해 재현성을 보장합니다.",
            "id": "sample_089_0073_000020",
            "annotations": []
        },
        {
            "sentence": "SCADA 텔레메트리 로그(SCADA_telemetry_logs)는 시스템 접속계정 및 내부 경로를 포함하며, 예: 접속계정=scada_admin, 내부IP=10.0.1.12, 파일경로=/srv/scada/logs/2025/05/.",
            "id": "sample_089_0073_000021",
            "annotations": [
                {
                    "word": "scada_admin",
                    "start": 70,
                    "end": 81,
                    "label": "기밀정보"
                },
                {
                    "word": "10.0.1.12",
                    "start": 88,
                    "end": 97,
                    "label": "기밀정보"
                },
                {
                    "word": "/srv/scada/logs/2025/05/",
                    "start": 104,
                    "end": 128,
                    "label": "기밀정보"
                }
            ]
        },
        {
            "sentence": "센서 교정증명서(sensor_calibration_certificates)는 교정기관, 교정일, 유효기간, 교정결과(보정계수)와 함께 PDF로 첨부됩니다.",
            "id": "sample_089_0073_000022",
            "annotations": []
        },
        {
            "sentence": "저수지 음수 흐름이 발견될 경우 즉시 데이터 라벨링 및 보정조치를 권고하며, 보정 로그는 원본 파일과 분리 보관합니다.",
            "id": "sample_089_0073_000023",
            "annotations": []
        },
        {
            "sentence": "수자원 사용 허가 문서(water_permit_documents)는 허가번호, 허가기간, 수량제한 및 법적 보존기간을 준수해 보관됩니다; 예: 허가번호=WPD-2024-089.",
            "id": "sample_089_0073_000024",
            "annotations": []
        },
        {
            "sentence": "물권·계약 관련 민감 데이터는 접근제어 대상이며, 계좌번호나 내부 예산항목 등은 기밀정보로 분류합니다.",
            "id": "sample_089_0073_000025",
            "annotations": []
        },
        {
            "sentence": "담당자 연락처: 조경은, 직책=수문팀장, 이메일=jke@water.kr, 연락처=010-1234-5678.",
            "id": "sample_089_0073_000026",
            "annotations": [
                {
                    "word": "조경은",
                    "start": 9,
                    "end": 12,
                    "label": "개인정보"
                },
                {
                    "word": "jke@water.kr",
                    "start": 27,
                    "end": 39,
                    "label": "개인정보"
                },
                {
                    "word": "010-1234-5678",
                    "start": 45,
                    "end": 58,
                    "label": "개인정보"
                }
            ]
        },
        {
            "sentence": "검토자: 류세범, 소속=운영실, 사번=20230045, 검토일=2025-05-08.",
            "id": "sample_089_0073_000027",
            "annotations": [
                {
                    "word": "류세범",
                    "start": 5,
                    "end": 8,
                    "label": "개인정보"
                },
                {
                    "word": "사번=20230045",
                    "start": 18,
                    "end": 29,
                    "label": "개인정보"
                }
            ]
        },
        {
            "sentence": "개인준식별자 예시: 수집된 시군구 정보=경기도 성남시 분당구, 생년월일=1980-05-12.",
            "id": "sample_089_0073_000028",
            "annotations": [
                {
                    "word": "경기도 성남시 분당구",
                    "start": 22,
                    "end": 33,
                    "label": "준식별자"
                },
                {
                    "word": "1980-05-12",
                    "start": 40,
                    "end": 50,
                    "label": "준식별자"
                }
            ]
        },
        {
            "sentence": "기밀 운영 항목 예시: 내부 결재선 파일명=/internal/docs/approval_line/confidential.docx, 계좌번호=345-987654-00.",
            "id": "sample_089_0073_000029",
            "annotations": [
                {
                    "word": "/internal/docs/approval_line/confidential.docx",
                    "start": 24,
                    "end": 70,
                    "label": "기밀정보"
                },
                {
                    "word": "계좌번호=345-987654-00",
                    "start": 72,
                    "end": 90,
                    "label": "기밀정보"
                }
            ]
        },
        {
            "sentence": "결론 및 권고: 합성 데이터임을 재확인하며, 공개 시 개인정보·기밀정보 제거 및 준식별자 익명화 절차를 준수할 것.",
            "id": "sample_089_0073_000030",
            "annotations": []
        }
    ]
}