{
    "document_id": "089_0037",
    "document_title": "수자원 관리 통합 운영 및 합성 데이터 패키지 보고서",
    "data": [
        {
            "sentence": "본 문서는 2025-01-15T08:00:00+09:00에 생성된 수자원 관리 및 수문학 합성 데이터 패키지의 개요문서입니다.",
            "id": "sample_089_0037_000001",
            "annotations": []
        },
        {
            "sentence": "문서의 목적은 관측·모델·운영 로그를 통합 제공하고, 합성 데이터임을 명시하며 사용 제약과 검증 절차를 안내하는 것입니다.",
            "id": "sample_089_0037_000002",
            "annotations": []
        },
        {
            "sentence": "포함된 데이터셋은 streamflow_time_series, rainfall_gauge_observations, groundwater_well_levels, reservoir_operational_logs, water_quality_lab_reports 등입니다.",
            "id": "sample_089_0037_000003",
            "annotations": []
        },
        {
            "sentence": "유량 시계열은 2024-01-01T00:00:00+09:00부터 2024-12-31T23:00:00+09:00까지 수집되었고 시간대는 Asia/Seoul로 표기되었습니다.",
            "id": "sample_089_0037_000004",
            "annotations": []
        },
        {
            "sentence": "유량 단위는 m3/s로 표준화하였고 측정 지점 좌표계는 EPSG:5179이며 각 지점은 catchment_id로 유역 연계가 가능합니다.",
            "id": "sample_089_0037_000005",
            "annotations": []
        },
        {
            "sentence": "강우계 관측은 시계열이 ISO8601 포맷(예: 2024-07-01T00:00:00+09:00)으로 정렬되며 단위는 mm이고 센서 메타에 sensor_id RG-1101과 교정일을 포함합니다.",
            "id": "sample_089_0037_000006",
            "annotations": []
        },
        {
            "sentence": "지하수 관측정은 well_id GW-07로 표기되며 수위는 m (masl) 단위, 좌표계 EPSG:4326(위도·경도), 관측 주기는 1시간으로 제공됩니다.",
            "id": "sample_089_0037_000007",
            "annotations": []
        },
        {
            "sentence": "저수지 운영 긴급연락은 수문 담당자 공제범(연락처 010-1234-5678, 이메일 gjbeom@example.org, 주소 전주시 완산구 풍남동 12-3)에게 우선 발송됩니다.",
            "id": "sample_089_0037_000008",
            "annotations": [
                {
                    "word": "공제범",
                    "start": 20,
                    "end": 23,
                    "label": "개인정보"
                },
                {
                    "word": "010-1234-5678",
                    "start": 28,
                    "end": 41,
                    "label": "개인정보"
                },
                {
                    "word": "gjbeom@example.org",
                    "start": 47,
                    "end": 65,
                    "label": "개인정보"
                },
                {
                    "word": "전주시 완산구 풍남동 12-3",
                    "start": 70,
                    "end": 86,
                    "label": "개인정보"
                }
            ]
        },
        {
            "sentence": "SCADA 접속 로그는 내부 서버 10.0.0.5와 계정 scada_admin를 통해 수집되며 원천 로그는 보안 영역에 보관됩니다.",
            "id": "sample_089_0037_000009",
            "annotations": [
                {
                    "word": "10.0.0.5",
                    "start": 19,
                    "end": 27,
                    "label": "기밀정보"
                },
                {
                    "word": "scada_admin",
                    "start": 32,
                    "end": 43,
                    "label": "기밀정보"
                }
            ]
        },
        {
            "sentence": "로그 원본은 내부 경로 /srv/internal/scada/logs/20240115.log 및 VPN 주소 vpn.corp.internal:1194에 보관되고 접근 제어가 적용됩니다.",
            "id": "sample_089_0037_000010",
            "annotations": [
                {
                    "word": "/srv/internal/scada/logs/20240115.log",
                    "start": 13,
                    "end": 50,
                    "label": "기밀정보"
                },
                {
                    "word": "vpn.corp.internal:1194",
                    "start": 60,
                    "end": 82,
                    "label": "기밀정보"
                }
            ]
        },
        {
            "sentence": "긴급 방류 관련 비용 지출용 계좌번호 123-456-789012는 승인 절차에 따라 회계팀의 추가 확인을 거칩니다.",
            "id": "sample_089_0037_000011",
            "annotations": [
                {
                    "word": "123-456-789012",
                    "start": 21,
                    "end": 35,
                    "label": "기밀정보"
                }
            ]
        },
        {
            "sentence": "현장책임자 공제범의 성별: 남성, 생년월일: 1980-05-12, 직책: 현장운영팀장, 소속: 전주시수자원관리본부로 내부 인력명단에 등재되어 있습니다.",
            "id": "sample_089_0037_000012",
            "annotations": [
                {
                    "word": "공제범",
                    "start": 6,
                    "end": 9,
                    "label": "개인정보"
                },
                {
                    "word": "남성",
                    "start": 15,
                    "end": 17,
                    "label": "준식별자"
                },
                {
                    "word": "1980",
                    "start": 25,
                    "end": 29,
                    "label": "준식별자"
                },
                {
                    "word": "05",
                    "start": 30,
                    "end": 32,
                    "label": "준식별자"
                },
                {
                    "word": "12",
                    "start": 33,
                    "end": 35,
                    "label": "준식별자"
                },
                {
                    "word": "현장운영팀장",
                    "start": 41,
                    "end": 47,
                    "label": "준식별자"
                },
                {
                    "word": "전주시수자원관리본부",
                    "start": 53,
                    "end": 63,
                    "label": "준식별자"
                }
            ]
        },
        {
            "sentence": "수질 시료 메타데이터는 sample_id SAMP-20240115-A, 검체ID LAB-778, 채취시각 2024-01-15T09:30:00+09:00, 좌표 EPSG:4326(35.8201,127.1483)를 포함합니다.",
            "id": "sample_089_0037_000013",
            "annotations": []
        },
        {
            "sentence": "센서 교정문서는 교정일 2024-11-30, 교정기관 '국가수자원시험소', 측정방법 'gravimetric'을 메타로 기록하고 품질플래그를 부여합니다.",
            "id": "sample_089_0037_000014",
            "annotations": []
        },
        {
            "sentence": "HEC-RAS 모델 구성파일은 model_v6.0_cfg.zip(version=6.0.1)로 제공되며 입력자료 버전, 가정(Manning n=0.035)과 함께 ensemble spread 0.15(15%)의 불확실성을 표기합니다.",
            "id": "sample_089_0037_000015",
            "annotations": []
        },
        {
            "sentence": "수지 보전 자동검증에서 2024-07-15T12:00:00Z 시점 유입-유출 차이 2500.0 m3가 탐지되어 경고와 교정 제안(관측 보정 및 누수 조사)을 포함합니다.",
            "id": "sample_089_0037_000016",
            "annotations": []
        },
        {
            "sentence": "원격탐사 래스터는 Landsat-8(라이선스: USGS 공개), 해상도 30m, 좌표계 EPSG:32652로 제공되며 사용권 및 재배포 조건을 메타에 명시합니다.",
            "id": "sample_089_0037_000017",
            "annotations": []
        },
        {
            "sentence": "배경 심도자료(bathymetry)는 수심단위 m, 해상도 1m, 측량일 2024-03-20T10:00:00+09:00, 측량방법 및 장비 메타를 포함합니다.",
            "id": "sample_089_0037_000018",
            "annotations": []
        },
        {
            "sentence": "GIS 유역쉐이프파일은 catchment_id 연계키와 해상도 10m, 좌표계 EPSG:5179, 파일명 catchments_202401.shp로 제공되어 공간조인이 가능합니다.",
            "id": "sample_089_0037_000019",
            "annotations": []
        },
        {
            "sentence": "홍수 예경보는 5분 지연 SLA를 적용하여 전송되며 수신자 우선순위는 긴급: 공제범 > 류유온 > 성건율로 설정되어 있습니다.",
            "id": "sample_089_0037_000020",
            "annotations": [
                {
                    "word": "공제범",
                    "start": 43,
                    "end": 46,
                    "label": "개인정보"
                },
                {
                    "word": "류유온",
                    "start": 49,
                    "end": 52,
                    "label": "개인정보"
                },
                {
                    "word": "성건율",
                    "start": 55,
                    "end": 58,
                    "label": "개인정보"
                }
            ]
        },
        {
            "sentence": "홍수 경보 메시지는 수신자별 우선순위, 행동지침(대피·차단·방재자원 투입), 예상수위 범위와 불확실성 구간을 함께 전송합니다.",
            "id": "sample_089_0037_000021",
            "annotations": []
        },
        {
            "sentence": "원격탐사 상용데이터는 상업적 이용 제한이 있으므로 라이선스 유형(비상업/상업)과 데이터 출처를 보고서에 명시했습니다.",
            "id": "sample_089_0037_000022",
            "annotations": []
        },
        {
            "sentence": "시계열 데이터에는 품질플래그(Q U M B 등)가 포함되어 있으며 결측·드리프트 탐지 시 자동 보정 루틴과 수동 검증 절차를 기술했습니다.",
            "id": "sample_089_0037_000023",
            "annotations": []
        },
        {
            "sentence": "레거시 SCADA 인터페이스는 Modbus RTU 및 DNP3 변환 레이어를 사용하며 외부 연동을 위해 포트 502가 허용되어 있습니다.",
            "id": "sample_089_0037_000024",
            "annotations": [
                {
                    "word": "포트 502",
                    "start": 58,
                    "end": 64,
                    "label": "기밀정보"
                }
            ]
        },
        {
            "sentence": "규제 보고용 물권·방류허가는 법적 포맷 준수(예: PDF/A), 보존기간 10년, 제출 시 필수 필드를 명시하여 제출 양식을 포함합니다.",
            "id": "sample_089_0037_000025",
            "annotations": []
        },
        {
            "sentence": "SCADA·원격 관측 로그의 접근은 최소권한 원칙을 적용하며 내부 접근권한 및 감사로그 보관 정책을 기술했습니다.",
            "id": "sample_089_0037_000026",
            "annotations": []
        },
        {
            "sentence": "관개 스케줄 관련 문의는 현장운영팀장 공제범(010-1234-5678)과 백업 담당자 류유온에게 연락하도록 안내합니다.",
            "id": "sample_089_0037_000027",
            "annotations": [
                {
                    "word": "공제범",
                    "start": 21,
                    "end": 24,
                    "label": "개인정보"
                },
                {
                    "word": "010-1234-5678",
                    "start": 25,
                    "end": 38,
                    "label": "개인정보"
                },
                {
                    "word": "류유온",
                    "start": 48,
                    "end": 51,
                    "label": "개인정보"
                }
            ]
        },
        {
            "sentence": "운영 이메일 계정 admin_ops@corp.local은 운영 통보 전용으로 사용되며 접근 제어와 로그추적을 실시합니다.",
            "id": "sample_089_0037_000028",
            "annotations": [
                {
                    "word": "admin_ops@corp.local",
                    "start": 10,
                    "end": 30,
                    "label": "개인정보"
                }
            ]
        },
        {
            "sentence": "본 문서의 모든 시계열은 표준 시간대 표기와 ISO8601 포맷을 따르며 단위와 좌표계(EPSG 코드)를 명확히 표기했습니다.",
            "id": "sample_089_0037_000029",
            "annotations": []
        },
        {
            "sentence": "이 보고서의 샘플 및 합성 데이터는 실제 사건을 모사하되 합성임을 명시하고 물리적·통계적 일관성을 유지하도록 생성되었음을 분명히 합니다.",
            "id": "sample_089_0037_000030",
            "annotations": []
        }
    ]
}