{
    "document_id": "089_0066",
    "document_title": "경안천 유역 수자원 관리 통합보고서 (합성 데이터)",
    "data": [
        {
            "sentence": "본 문서는 경안천 유역의 수자원 관리 및 수문학 통합보고서(합성 데이터)를 포함한다.",
            "id": "sample_089_0066_000001",
            "annotations": []
        },
        {
            "sentence": "문서 생성일은 2026-01-22T09:30:00+09:00이며 본 데이터는 합성임을 명시한다.",
            "id": "sample_089_0066_000002",
            "annotations": []
        },
        {
            "sentence": "유량 시계열(streamflow_time_series)은 2025-10-01T00:00:00+09:00부터 2026-01-01T00:00:00+09:00까지 15분 간격으로 기록되었고 단위는 m3/s이다.",
            "id": "sample_089_0066_000003",
            "annotations": []
        },
        {
            "sentence": "유량 관측소 좌표는 EPSG:5179로 제공되며 각 지점은 catchment_id=KA-001 등 고유 키로 유역과 연결된다.",
            "id": "sample_089_0066_000004",
            "annotations": []
        },
        {
            "sentence": "강우 관측(rainfall_gauge_observations)은 2025-12-01T00:00:00Z부터 2026-01-15T00:00:00Z까지 UTC로 정렬되어 있고 단위는 mm이다.",
            "id": "sample_089_0066_000005",
            "annotations": []
        },
        {
            "sentence": "지하수 관측정(groundwater_well_levels)의 관측정 ID는 GW-2025-07이며 교정일 2025-11-05, 측정방법은 자동압력센서로 메타데이터가 포함된다.",
            "id": "sample_089_0066_000006",
            "annotations": []
        },
        {
            "sentence": "저수지 운영 로그(reservoir_operational_logs)는 방류량(m3/s), 수위(masl), 밸브상태를 5분 해상도로 수집한다.",
            "id": "sample_089_0066_000007",
            "annotations": []
        },
        {
            "sentence": "수질 실험실 보고서(water_quality_lab_reports)는 샘플ID SAMP-000123, 검체채취일 2025-12-20T10:15:00+09:00, 분석방법 ICP-MS를 포함한다.",
            "id": "sample_089_0066_000008",
            "annotations": []
        },
        {
            "sentence": "원격탐사 래스터(remote_sensing_raster_layers)는 Sentinel-2 L2A 제품을 사용하였고 라이선스는 Copernicus 오픈 라이선스이다.",
            "id": "sample_089_0066_000009",
            "annotations": []
        },
        {
            "sentence": "수심측량(bathymetry_surveys) 결과는 DEM 해상도 1m, 좌표계 EPSG:5179로 제공되며 측정 트랜싯 로그가 함께 제공된다.",
            "id": "sample_089_0066_000010",
            "annotations": []
        },
        {
            "sentence": "수자원 사용 허가 문서(water_permit_documents)는 법정 양식과 10년 보존 규정을 준수하도록 구성되었다.",
            "id": "sample_089_0066_000011",
            "annotations": []
        },
        {
            "sentence": "관개 스케줄(irrigation_schedule_records)은 ID IRR-2025-09, 유량단위 m3/s으로 우선순위 별 시간표를 포함한다.",
            "id": "sample_089_0066_000012",
            "annotations": []
        },
        {
            "sentence": "수리·수문 모델 구성파일(hydraulic_model_configuration_files)은 HEC-RAS v5.0 입력파일과 입력데이터 버전 v2025-12-01을 명시한다.",
            "id": "sample_089_0066_000013",
            "annotations": []
        },
        {
            "sentence": "홍수 예측 앙상블(flood_forecast_ensemble_outputs)은 50 멤버를 사용하며 95% 신뢰구간과 ensemble spread를 함께 제공한다.",
            "id": "sample_089_0066_000014",
            "annotations": []
        },
        {
            "sentence": "모든 시계열은 ISO 8601 표준을 준수하며 각 섹션에 명시된 시간대(UTC 또는 로컬)를 따르도록 설계되었다.",
            "id": "sample_089_0066_000015",
            "annotations": []
        },
        {
            "sentence": "센서 교정 증명서(sensor_calibration_certificates)는 교정일 2025-11-05, 교정기관: 국립수자원품질원, 교정결과 및 품질플래그를 포함한다.",
            "id": "sample_089_0066_000016",
            "annotations": []
        },
        {
            "sentence": "GIS 유역 shapefile(GIS_catchment_shapefiles)은 투영 EPSG:5179, 해상도 벡터이며 각 폴리곤에 catchment_id 키가 포함되어 있다.",
            "id": "sample_089_0066_000017",
            "annotations": []
        },
        {
            "sentence": "SCADA 원격측정 로그(SCADA_telemetry_logs)는 MQTT 및 RTU 포맷을 포함하며 내부 서버 IP 10.0.0.12와 파일경로 /srv/data/scada/internal.log이 참조된다.",
            "id": "sample_089_0066_000018",
            "annotations": [
                {
                    "word": "10.0.0.12",
                    "start": 66,
                    "end": 75,
                    "label": "기밀정보"
                },
                {
                    "word": "/srv/data/scada/internal.log",
                    "start": 82,
                    "end": 110,
                    "label": "기밀정보"
                }
            ]
        },
        {
            "sentence": "긴급 경보: 2026-01-15T02:30:00Z에 홍수위험이 감지되어 수신자 우선순위는 응급관제팀이며 통보수단은 SMS, 행동지침은 즉시 대피명령이다.",
            "id": "sample_089_0066_000019",
            "annotations": []
        },
        {
            "sentence": "담당자 연락처: 우다혜, 전화 010-1234-5678, 이메일 wdh.operator@water-example.com이 운영 연락처로 명시되어 있다.",
            "id": "sample_089_0066_000020",
            "annotations": [
                {
                    "word": "우다혜",
                    "start": 9,
                    "end": 12,
                    "label": "개인정보"
                },
                {
                    "word": "010-1234-5678",
                    "start": 17,
                    "end": 30,
                    "label": "개인정보"
                },
                {
                    "word": "wdh.operator@water-example.com",
                    "start": 36,
                    "end": 66,
                    "label": "개인정보"
                }
            ]
        },
        {
            "sentence": "내부 승인문서에는 결재자 차선미가 서명하였고 결재일은 2026-01-10T14:00:00+09:00이며 해당 결재선 파일은 비공개로 분류되어 있다.",
            "id": "sample_089_0066_000021",
            "annotations": [
                {
                    "word": "차선미",
                    "start": 14,
                    "end": 17,
                    "label": "기밀정보"
                }
            ]
        },
        {
            "sentence": "현장검사 보고서에 조사원 곽소이의 서명이 있으며 서명서에는 연락처 02-555-0123과 소속: 국토수리연구소가 표기되어 있다.",
            "id": "sample_089_0066_000022",
            "annotations": [
                {
                    "word": "곽소이",
                    "start": 14,
                    "end": 17,
                    "label": "개인정보"
                },
                {
                    "word": "02-555-0123",
                    "start": 37,
                    "end": 48,
                    "label": "개인정보"
                },
                {
                    "word": "국토수리연구소",
                    "start": 54,
                    "end": 61,
                    "label": "준식별자"
                }
            ]
        },
        {
            "sentence": "시민제보 섹션에는 익명 데이터만 수집하며 개인식별자는 제거되어 있고 익명화 방법이 기록되어 있다.",
            "id": "sample_089_0066_000023",
            "annotations": []
        },
        {
            "sentence": "규제 제출 자료에는 계좌번호 123-456-789(대금정산용)과 예산 항목 '프로젝트X'의 비공개 금액 50,000,000 KRW가 포함되어 있다.",
            "id": "sample_089_0066_000024",
            "annotations": [
                {
                    "word": "123-456-789",
                    "start": 16,
                    "end": 27,
                    "label": "기밀정보"
                },
                {
                    "word": "50,000,000 KRW",
                    "start": 58,
                    "end": 72,
                    "label": "기밀정보"
                }
            ]
        },
        {
            "sentence": "원격탐사 중 상업용 위성 제품 사용시 라이선스는 Commercial-Restricted로 표기되어 사용 제한을 명확히 하였다.",
            "id": "sample_089_0066_000025",
            "annotations": []
        },
        {
            "sentence": "데이터 품질 플래그는 A, B, C, D로 표기되며 결측 및 센서 드리프트는 자동 보정 및 수동 검토 로그로 관리된다.",
            "id": "sample_089_0066_000026",
            "annotations": []
        },
        {
            "sentence": "모델 입력에는 토지피복 raster EPSG:3857 해상도 10m와 수문지표 catchment_id 매핑 규칙이 포함되어 있다.",
            "id": "sample_089_0066_000027",
            "annotations": []
        },
        {
            "sentence": "지하수 관측자 명세에는 관측자 문루리, 연락처 010-9876-5432, 관측정 위치: 서울특별시 중랑구 상봉동 123-45가 기재되었다.",
            "id": "sample_089_0066_000028",
            "annotations": [
                {
                    "word": "문루리",
                    "start": 17,
                    "end": 20,
                    "label": "개인정보"
                },
                {
                    "word": "010-9876-5432",
                    "start": 26,
                    "end": 39,
                    "label": "개인정보"
                },
                {
                    "word": "서울특별시 중랑구 상봉동 123-45",
                    "start": 49,
                    "end": 69,
                    "label": "개인정보"
                }
            ]
        },
        {
            "sentence": "현장 시료 검체ID LAB-20251220-45는 보관위치 냉장고A에 보관되며 분석결과는 pH 7.4, TDS 120 mg/L로 기록되었다.",
            "id": "sample_089_0066_000029",
            "annotations": []
        },
        {
            "sentence": "결론 및 권고: 물수지 검증에서 2025-12-20부터 2026-01-01까지 누적 유입과 유출 간 차이는 0.02%로 물리적 일관성이 확인되었다.",
            "id": "sample_089_0066_000030",
            "annotations": []
        },
        {
            "sentence": "권고조치로 보정주기 단축, 센서 교체 권고를 제시하며 긴급경보 전송 루틴은 우선순위 1로 설정하고 SLA 문서를 첨부한다.",
            "id": "sample_089_0066_000031",
            "annotations": []
        }
    ]
}