{
    "document_id": "089_0059",
    "document_title": "한강유역 수자원 통합관리 및 수문 모니터링 종합보고서 (합성 데이터 포함)",
    "data": [
        {
            "sentence": "본 문서는 한강유역의 관측·모델·운영 자료를 통합하여 수자원 관리 및 수문학적 판단을 지원하기 위해 작성된 합성 데이터 포함 보고서입니다.",
            "id": "sample_089_0059_000001",
            "annotations": []
        },
        {
            "sentence": "데이터 관리를 담당하는 연락처는 류나우, 사번 EMP-2023-045, 연락처 +82-10-1234-5678, 이메일 ryunau@example.com으로 기록되어 있으나 이 문서는 합성 표본을 포함함을 명시합니다.",
            "id": "sample_089_0059_000002",
            "annotations": [
                {
                    "word": "류나우",
                    "start": 18,
                    "end": 21,
                    "label": "개인정보"
                },
                {
                    "word": "EMP-2023-045",
                    "start": 26,
                    "end": 38,
                    "label": "개인정보"
                },
                {
                    "word": "+82-10-1234-5678",
                    "start": 44,
                    "end": 60,
                    "label": "개인정보"
                },
                {
                    "word": "ryunau@example.com",
                    "start": 66,
                    "end": 84,
                    "label": "개인정보"
                }
            ]
        },
        {
            "sentence": "모든 시계열은 ISO8601 형식과 표준시간대를 사용하여 표기하였고, 예: 강우 관측 시작 2026-01-20T00:00:00+09:00, 단위는 mm로 명시합니다.",
            "id": "sample_089_0059_000003",
            "annotations": []
        },
        {
            "sentence": "유량 시계열 예시는 관측소 ID catch_001에서 2026-01-20T00:00:00+09:00부터 2026-01-22T23:59:00+09:00까지 10분 간격으로 측정된 값(m3/s)을 포함합니다.",
            "id": "sample_089_0059_000004",
            "annotations": []
        },
        {
            "sentence": "현장 운영 담당자는 천수빈으로 명시되어 있으며, 현장 출동 및 시료 수거·검토의 1차 연락처로 지정되어 있습니다.",
            "id": "sample_089_0059_000005",
            "annotations": [
                {
                    "word": "천수빈",
                    "start": 11,
                    "end": 14,
                    "label": "개인정보"
                }
            ]
        },
        {
            "sentence": "현장 메타데이터에는 검체ID sample_WQ_20260120_001, 채취일 1985-06-15 표기(예시), 성별 남성(예시), 주소 레벨 서울특별시 강동구, 직업 수자원관리기술자(예시)가 포함될 수 있으니 준식별자 관리가 필요합니다.",
            "id": "sample_089_0059_000006",
            "annotations": [
                {
                    "word": "1985-06-15",
                    "start": 44,
                    "end": 54,
                    "label": "준식별자"
                },
                {
                    "word": "남성",
                    "start": 66,
                    "end": 68,
                    "label": "준식별자"
                },
                {
                    "word": "서울특별시 강동구",
                    "start": 80,
                    "end": 89,
                    "label": "준식별자"
                },
                {
                    "word": "수자원관리기술자",
                    "start": 94,
                    "end": 102,
                    "label": "준식별자"
                }
            ]
        },
        {
            "sentence": "강우계 관측 메타데이터에는 센서 모델, 교정일 2025-12-15, 측정방법 tipping-bucket, 검체ID 및 quality_flag 'A'/'B'가 포함되어 있습니다.",
            "id": "sample_089_0059_000007",
            "annotations": []
        },
        {
            "sentence": "지하수 관측정 단계자료는 시계열로 제공되며 표고 기준은 masl, 좌표계는 EPSG:5179로 표기하고, 관측정 ID와 GPS 좌표(동경, 북위)를 함께 제공합니다.",
            "id": "sample_089_0059_000008",
            "annotations": []
        },
        {
            "sentence": "SCADA 로그 예시는 내부 서버 IP 10.0.0.12 접속 로그와 함께 전송 지연(latency) 5초, 패킷 손실률 0.1%가 포함되어 운영 연속성 검토를 가능하게 합니다.",
            "id": "sample_089_0059_000009",
            "annotations": [
                {
                    "word": "10.0.0.12",
                    "start": 22,
                    "end": 31,
                    "label": "기밀정보"
                }
            ]
        },
        {
            "sentence": "보안상 기밀인 내부 구성은 별도 기밀 문서로 관리하며 예시로 파일 경로 /srv/scada/secret.cfg, VPN 주소 vpn.internal.example.com, 계좌번호: 987-654-3210, 비밀번호 DamRelease!2026 등이 문서화되어 있으나 기밀 취급이 필요합니다.",
            "id": "sample_089_0059_000010",
            "annotations": [
                {
                    "word": "/srv/scada/secret.cfg",
                    "start": 40,
                    "end": 61,
                    "label": "기밀정보"
                },
                {
                    "word": "vpn.internal.example.com",
                    "start": 70,
                    "end": 94,
                    "label": "기밀정보"
                },
                {
                    "word": "계좌번호: 987-654-3210",
                    "start": 96,
                    "end": 114,
                    "label": "기밀정보"
                },
                {
                    "word": "DamRelease!2026",
                    "start": 121,
                    "end": 136,
                    "label": "기밀정보"
                }
            ]
        },
        {
            "sentence": "원격탐사 기반 지형·토지피복 레이어는 EPSG:4326 좌표계로 제공되며 해상도 30 m, 라이선스 CC-BY-NC 또는 상업용 별도 계약 여부를 명시합니다.",
            "id": "sample_089_0059_000011",
            "annotations": []
        },
        {
            "sentence": "격자형 토양수분 모델 출력은 시간해상도 3시간, 단위 m3/m3로 표기하며 시간동기화 규칙에 따라 UTC로 정렬된 원시 파일도 함께 저장합니다.",
            "id": "sample_089_0059_000012",
            "annotations": []
        },
        {
            "sentence": "저수지 운영 로그에는 방류 스케줄, 제원, 방류허가 ID, 우선순위, 수신자 목록 및 행동지침이 포함되며, 긴급방류 시 낮은 지연(latency) 전송을 SLA로 규정합니다.",
            "id": "sample_089_0059_000013",
            "annotations": []
        },
        {
            "sentence": "홍수경보 예시는 관측 유량이 임계치 500 m3/s를 초과할 경우 수신자 목록(지자체·응급대응팀)에게 5분 내 전송하고 우선순위 '긴급' 및 대피 지침을 명확히 전달하도록 구성합니다.",
            "id": "sample_089_0059_000014",
            "annotations": []
        },
        {
            "sentence": "수질 실험실 보고서 예시는 검체ID sample_WQ_20260120_001, 분석 방법(탁도: ISO 7027), 분석기기 일련번호 및 교정일을 포함하고 품질 플래그 QF=0(정상) 형태로 제공합니다.",
            "id": "sample_089_0059_000015",
            "annotations": []
        },
        {
            "sentence": "해저지형(바스메트리) 조사 결과는 좌표계 EPSG:5179, 표고단위 m, 해상도 및 샘플 간격을 기술하고 catchment_id로 유역 매칭이 가능하게 제공합니다.",
            "id": "sample_089_0059_000016",
            "annotations": []
        },
        {
            "sentence": "유입·저장·방류의 수지 보전 자동검증을 수행한 결과, 2026-01-21 00:00–24:00 사이에 유입 합산 12,500 m3와 방류 합산 13,200 m3로 수지 불일치가 확인되었습니다.",
            "id": "sample_089_0059_000017",
            "annotations": []
        },
        {
            "sentence": "위 수지 보전 위반에 대한 경고: '수지 불일치 경고'를 발행하고, 제안된 교정절차로는 계측기 재검교정, 결측치 보간(선형 또는 다항), 누락 샘플 재수집을 권고합니다.",
            "id": "sample_089_0059_000018",
            "annotations": []
        },
        {
            "sentence": "수리·수문 모델 구성파일(예: HEC-RAS v5 입력)에는 입력 데이터 버전, 가정(경계조건·마찰계수), 모델 소스코드 해시 및 재현 가능한 실행 로그를 포함합니다.",
            "id": "sample_089_0059_000019",
            "annotations": []
        },
        {
            "sentence": "홍수 예측 앙상블 출력은 50개 시나리오, 중앙예측 및 10–90% 신뢰구간을 제공하며 ensemble spread로 불확실성을 정량화합니다.",
            "id": "sample_089_0059_000020",
            "annotations": []
        },
        {
            "sentence": "모델 입력 데이터의 버전과 가정을 명시하지 않을 경우 규제 신고가 유효하지 않으므로 모든 제출 물에는 데이터 버전·날짜·생성자·라이선스를 포함합니다.",
            "id": "sample_089_0059_000021",
            "annotations": []
        },
        {
            "sentence": "GIS 유역 쉐이프파일은 EPSG:5179 투영, 해상도 및 catchment_id 필드를 포함하여 공간 조인 및 유역별 통계 산출이 가능하게 제출합니다.",
            "id": "sample_089_0059_000022",
            "annotations": []
        },
        {
            "sentence": "관개 스케줄 레코드는 관개 시작 2026-04-01T06:00:00+09:00, 종료 2026-10-31T18:00:00+09:00, 흐름 단위 m3/s와 사용권 허가 ID를 명시하여 규제 요건을 충족합니다.",
            "id": "sample_089_0059_000023",
            "annotations": []
        },
        {
            "sentence": "원격탐사·레이더 기반 강우추정 데이터는 제품명, 공간해상도, 시간해상도, 처리알고리즘 버전 및 사용제한(상업/비상업)을 메타데이터로 명시합니다.",
            "id": "sample_089_0059_000024",
            "annotations": []
        },
        {
            "sentence": "샘플 및 합성 데이터 표시는 명확히 'Synthetic' 태그를 부여하며, 통계적·물리적 일관성 유지 절차와 합성 데이터 생성 알고리즘(버전 포함)을 문서화합니다.",
            "id": "sample_089_0059_000025",
            "annotations": []
        },
        {
            "sentence": "센서 교정 증명서는 센서 ID, 교정일 2025-12-15, 교정기관, 허용 오차 및 다음 교정 예정일을 포함하고 전자서명 또는 PDF 스캔을 첨부합니다.",
            "id": "sample_089_0059_000026",
            "annotations": []
        },
        {
            "sentence": "배수·퇴적물 현장조사 보고서는 시료 위치 좌표(EPSG:4326), 샘플링 깊이(m), 입도분석 결과 및 현장 사진 메타데이터를 포함합니다.",
            "id": "sample_089_0059_000027",
            "annotations": []
        },
        {
            "sentence": "결론 및 권고사항으로는 실시간 모니터링 강화, 정기적 교정, 데이터 버전관리 체계 도입, 기밀 정보에 대한 접근통제 및 규제 보고 양식 준수를 권고합니다.",
            "id": "sample_089_0059_000028",
            "annotations": []
        }
    ]
}