{
    "document_id": "089_0011",
    "document_title": "한강유역 통합 수자원 및 수문학 모니터링 보고서",
    "data": [
        {
            "sentence": "본 문서는 한강유역의 관측·모델·운영 데이터를 통합하여 수자원 관리 및 수문학적 분석 결과를 제공하기 위해 작성되었다.",
            "id": "sample_089_0011_000001",
            "annotations": []
        },
        {
            "sentence": "문서 범위는 관측 시계열, 수질 검사, 저수지 운영기록, 수리모델 구성 및 홍수예보 앙상블을 포함한다.",
            "id": "sample_089_0011_000002",
            "annotations": []
        },
        {
            "sentence": "모든 시계열은 표준 시간대로 정렬되었으며 타임스탬프는 ISO8601 형식으로 표기한다(예: 2025-08-15T09:30:00+09:00).",
            "id": "sample_089_0011_000003",
            "annotations": []
        },
        {
            "sentence": "유량은 m3/s, 강수는 mm, 수위는 m (masl) 단위를 준수하며 좌표계는 EPSG:5179와 EPSG:4326를 명시한다.",
            "id": "sample_089_0011_000004",
            "annotations": []
        },
        {
            "sentence": "데이터 소스 목록에는 streamflow_time_series, rainfall_gauge_observations, groundwater_well_levels 등이 포함된다.",
            "id": "sample_089_0011_000005",
            "annotations": []
        },
        {
            "sentence": "관측장비 메타데이터는 센서 유형, 제조사, 교정일, 시리얼번호, 측정방법(Method), 품질플래그(QC flag)를 포함한다.",
            "id": "sample_089_0011_000006",
            "annotations": []
        },
        {
            "sentence": "예시: 강우계 ID RG-001, 위치 EPSG:4326(37.5826,126.9830), 시간해상도 10분, 데이터 레이턴시 평균 00:02:30 UTC로 기록된다.",
            "id": "sample_089_0011_000007",
            "annotations": []
        },
        {
            "sentence": "저수지 운영 담당자 정보(운영담당자: 백승안, 사번: 00012345, 연락처: 010-1234-5678, 이메일: baekseungan@wrm.go.kr, 근무지 주소: 서울특별시 종로구 삼청로 12-3)도 운영로그에 포함되었다.",
            "id": "sample_089_0011_000008",
            "annotations": [
                {
                    "word": "백승안",
                    "start": 21,
                    "end": 24,
                    "label": "개인정보"
                },
                {
                    "word": "사번: 00012345",
                    "start": 26,
                    "end": 38,
                    "label": "개인정보"
                },
                {
                    "word": "010-1234-5678",
                    "start": 45,
                    "end": 58,
                    "label": "개인정보"
                },
                {
                    "word": "baekseungan@wrm.go.kr",
                    "start": 65,
                    "end": 86,
                    "label": "개인정보"
                },
                {
                    "word": "서울특별시 종로구 삼청로 12-3",
                    "start": 96,
                    "end": 114,
                    "label": "개인정보"
                }
            ]
        },
        {
            "sentence": "수질 시료 채취자 및 사양은 수질보고서에 명시되어 있으며, 예시 항목으로 채취자: 신주훈, 성별: 남, 생년월일: 1980-05-12, 검체ID: SAMP-20250815-001, 채취일: 2025-08-15T08:15:00+09:00가 기록되었다.",
            "id": "sample_089_0011_000009",
            "annotations": [
                {
                    "word": "신주훈",
                    "start": 46,
                    "end": 49,
                    "label": "개인정보"
                },
                {
                    "word": "남",
                    "start": 55,
                    "end": 56,
                    "label": "준식별자"
                },
                {
                    "word": "1980-05-12",
                    "start": 64,
                    "end": 74,
                    "label": "준식별자"
                }
            ]
        },
        {
            "sentence": "실험실 분석은 표준 분석법을 사용하며 측정불확실성, 검출한계(LOD/LOQ) 및 분석기기 교정일을 보고서에 포함한다.",
            "id": "sample_089_0011_000010",
            "annotations": []
        },
        {
            "sentence": "SCADA·텔레메트리 로그에는 접속 메타데이터가 포함되며 보안상 내부 주소 예시로 SCADA 접속 서버 IP: 10.0.3.14, DB 접속 문자열: jdbc:postgresql://10.0.3.14:5432/wrm, 내부 VPN: vpn.wrm.internal이 기록되어 있다.",
            "id": "sample_089_0011_000011",
            "annotations": [
                {
                    "word": "10.0.3.14",
                    "start": 62,
                    "end": 71,
                    "label": "기밀정보"
                },
                {
                    "word": "10.0.3.14",
                    "start": 102,
                    "end": 111,
                    "label": "기밀정보"
                },
                {
                    "word": "jdbc:postgresql://10.0.3.14:5432/wrm",
                    "start": 84,
                    "end": 120,
                    "label": "기밀정보"
                },
                {
                    "word": "vpn.wrm.internal",
                    "start": 130,
                    "end": 146,
                    "label": "기밀정보"
                }
            ]
        },
        {
            "sentence": "재무·운영 관련 민감항목으로 재무 결제 계좌번호: 123-456-789012, 예산코드: WRM-2025-07, 승인자: 송동율이 로그에 포함되었다.",
            "id": "sample_089_0011_000012",
            "annotations": [
                {
                    "word": "123-456-789012",
                    "start": 28,
                    "end": 42,
                    "label": "기밀정보"
                },
                {
                    "word": "송동율",
                    "start": 68,
                    "end": 71,
                    "label": "개인정보"
                }
            ]
        },
        {
            "sentence": "내부 결재선 및 승인 요구사항에는 본부장 권도율의 승인 필요 표기가 있으며 내부 의사결정 절차가 명시되어 있다.",
            "id": "sample_089_0011_000013",
            "annotations": [
                {
                    "word": "권도율",
                    "start": 23,
                    "end": 26,
                    "label": "개인정보"
                }
            ]
        },
        {
            "sentence": "원격탐사 레이어는 사용권을 표기하며 상업용 제한(Commercial use restricted) 및 라이선스 버전(예: Copernicus OLCI L2, CC-BY-4.0) 정보를 포함한다.",
            "id": "sample_089_0011_000014",
            "annotations": []
        },
        {
            "sentence": "격자·래스터 데이터는 투영(EPSG:5179), 해상도(30 m), 시간스텝(일별 UTC 00:00 기준)과 catchment_id를 포함하여 공간 결합이 가능하도록 준비된다.",
            "id": "sample_089_0011_000015",
            "annotations": []
        },
        {
            "sentence": "수지 보전(수입 - 유출 - 증발 - 지하수변동)을 자동 검증하며 음수 유량 또는 음수 저장량 발생 시 경고를 발행한다.",
            "id": "sample_089_0011_000016",
            "annotations": []
        },
        {
            "sentence": "검증에서 물리적 불일치가 발견되면 경고 메시지와 교정 제안이 제공된다(예: 강우 관측 누락 보간, 관측치 오프셋 조정 절차 안내).",
            "id": "sample_089_0011_000017",
            "annotations": []
        },
        {
            "sentence": "수리모델 구성파일(예: HEC-RAS v5.0 입력)은 입력데이터 버전, 지점별 단면자료, 마찰계수, 초기저장량 가정과 함께 보존된다.",
            "id": "sample_089_0011_000018",
            "annotations": []
        },
        {
            "sentence": "모델 결과는 입력데이터 버전·가정·물리적 제약을 명시하고 불확실성으로 앙상블 스프레드와 90% 신뢰구간을 제공하여 의사결정을 지원한다.",
            "id": "sample_089_0011_000019",
            "annotations": []
        },
        {
            "sentence": "홍수예보 앙상블 출력에는 중위값과 분산, 10~90 퍼센타일을 제공하며 SLA에 따라 경보 전파 지연은 60초 미만을 목표로 한다.",
            "id": "sample_089_0011_000020",
            "annotations": []
        },
        {
            "sentence": "긴급경보(홍수·댐 방류)는 우선수신자·예비수신자, 우선순위(긴급/주의), 권장 행동지침(대피로·차단판 조작)을 명확히 하여 전송한다.",
            "id": "sample_089_0011_000021",
            "annotations": []
        },
        {
            "sentence": "배치된 센서의 교정기록에는 교정일(예: 2025-07-01), 교정기관, 시리얼번호, 교정자 서명(해당 시 내부ID)과 품질플래그가 포함된다.",
            "id": "sample_089_0011_000022",
            "annotations": []
        },
        {
            "sentence": "지하수 관측정은 well_id, 추정 유수심, 측정시간(UTC), 좌표(EPSG:4326)와 함께 표준화된 수위 시계열로 제공된다.",
            "id": "sample_089_0011_000023",
            "annotations": []
        },
        {
            "sentence": "수질 분석 결과는 검출한계, 분석법 버전, 시약 배치번호 및 검체 체인오브커스터디(예: SAMP-20250815-001)를 포함한다.",
            "id": "sample_089_0011_000024",
            "annotations": []
        },
        {
            "sentence": "측정 불확실성이나 센서 드리프트가 의심될 경우 자동으로 품질플래그를 부여하고 보정 절차(참조수조 재교정, 동시측정 비교)를 권고한다.",
            "id": "sample_089_0011_000025",
            "annotations": []
        },
        {
            "sentence": "저수지 운영은 방류계획, 관개 스케줄, 수문작동 로그 및 유지보수 이력과 연결되어야 하며 catchment_id로 유역 연계가 가능해야 한다.",
            "id": "sample_089_0011_000026",
            "annotations": []
        },
        {
            "sentence": "현장 음향·다중빔 수심조사(bathymetry)는 측정 해상도, 좌표계(EPSG:5179), 측선간격과 데이터 포맷(DXF/XYZ)을 명시한다.",
            "id": "sample_089_0011_000027",
            "annotations": []
        },
        {
            "sentence": "원격탐사 자료의 사용권 및 라이선스는 보고서 최하단에 표기하며 상업적 이용 제한 또는 재배포 조건을 명확히 한다.",
            "id": "sample_089_0011_000028",
            "annotations": []
        },
        {
            "sentence": "보고서의 결론 및 권고는 규제 보고 요건을 만족하도록 포맷을 맞추며 보존기간과 공개범위를 부속서에 명시한다.",
            "id": "sample_089_0011_000029",
            "annotations": []
        },
        {
            "sentence": "추후 조치로 데이터 파이프라인 자동화, 레이턴시 감소, 그리고 민감정보 접근 제어 강화(로그 기록·역할기반 접근)를 권고한다.",
            "id": "sample_089_0011_000030",
            "annotations": []
        }
    ]
}