{
    "document_id": "089_0035",
    "document_title": "금강유역 수자원 관리 통합보고서 (합성 데이터)",
    "data": [
        {
            "sentence": "본 문서는 금강유역의 수자원 관리·수문학 통합보고서이며, 본 데이터는 합성(synthetic) 데이터로 생성되었음을 명시합니다.",
            "id": "sample_089_0035_000001",
            "annotations": []
        },
        {
            "sentence": "보고서는 관측, 모델, 운영 로그, 수질분석 및 GIS 레이어를 포함하며 표준 메타데이터(ISO 19115, WaterML)를 따릅니다.",
            "id": "sample_089_0035_000002",
            "annotations": []
        },
        {
            "sentence": "시계열 관측은 모두 ISO8601 타임스탬프와 명시된 표준시간대(Asia/Seoul, UTC+09:00)를 사용하여 기록합니다.",
            "id": "sample_089_0035_000003",
            "annotations": []
        },
        {
            "sentence": "유량 시계열 예시: 2025-01-01T00:00:00+09:00 to 2025-01-07T23:00:00+09:00, 단위 m3/s, 관측소 좌표 EPSG:5179 (x:953412.12, y:1943213.45).",
            "id": "sample_089_0035_000004",
            "annotations": []
        },
        {
            "sentence": "강우 관측: 자동우량계 관측 데이터는 시간해상도 1시간, 단위 mm, 좌표계 EPSG:4326 (lat:36.123456, lon:127.123456)로 제공됩니다.",
            "id": "sample_089_0035_000005",
            "annotations": []
        },
        {
            "sentence": "지하수 관측정 레벨: 지하수수위 2025-01-03T12:00:00+09:00 기준 23.45 m, 단위 m, 기준면 기준(해발), 좌표 EPSG:5179.",
            "id": "sample_089_0035_000006",
            "annotations": []
        },
        {
            "sentence": "모든 수치 모델 구성파일(HEC-RAS, SWAT, MODFLOW)은 입력 데이터 버전과 가정, 경계조건을 명시하고 불확실성은 ensemble spread(±표준편차)로 제공합니다.",
            "id": "sample_089_0035_000007",
            "annotations": []
        },
        {
            "sentence": "수지 보전(연속성) 자동검증을 수행하며 음수 유량 또는 불연속적 누락이 감지되면 경고와 교정 방안을 제안합니다.",
            "id": "sample_089_0035_000008",
            "annotations": []
        },
        {
            "sentence": "센서 메타데이터 예: 장비ID SND-2025-0001, 교정일 2024-12-15T09:30:00+09:00, 측정방법: 압력 트랜스미터, 검체ID null, 품질플래그: A.",
            "id": "sample_089_0035_000009",
            "annotations": []
        },
        {
            "sentence": "SCADA·텔레메트리 로그 샘플: 로그파일 경로 /srv/scada/logs/2025.log, 서버 IP 10.0.0.45, 프로토콜: DNP3/TCP, 지연(latency) 목표 <30 s.",
            "id": "sample_089_0035_000010",
            "annotations": [
                {
                    "word": "10.0.0.45",
                    "start": 59,
                    "end": 68,
                    "label": "기밀정보"
                },
                {
                    "word": "/srv/scada/logs/2025.log",
                    "start": 27,
                    "end": 51,
                    "label": "기밀정보"
                }
            ]
        },
        {
            "sentence": "급수 및 방류 운영 기록에는 수문장담당자 연락처와 내부 결재선이 포함되며 보안 분류 기준으로 기밀 처리됩니다.",
            "id": "sample_089_0035_000011",
            "annotations": []
        },
        {
            "sentence": "담당자 연락처 예시: 담당자 류시현, 휴대폰 010-1234-5678, 이메일 ryu.sh@example.com, 소속: 한국수자원연구원 수자원관리센터.",
            "id": "sample_089_0035_000012",
            "annotations": [
                {
                    "word": "류시현",
                    "start": 16,
                    "end": 19,
                    "label": "개인정보"
                },
                {
                    "word": "010-1234-5678",
                    "start": 25,
                    "end": 38,
                    "label": "개인정보"
                },
                {
                    "word": "ryu.sh@example.com",
                    "start": 44,
                    "end": 62,
                    "label": "개인정보"
                },
                {
                    "word": "한국수자원연구원 수자원관리센터",
                    "start": 68,
                    "end": 84,
                    "label": "준식별자"
                }
            ]
        },
        {
            "sentence": "법적·행정 문서 예시: 신청인 주소 서울특별시 종로구 세종로 1-1 101호, 허가서 보존기간 10년.",
            "id": "sample_089_0035_000013",
            "annotations": [
                {
                    "word": "서울특별시 종로구 세종로 1-1 101호",
                    "start": 20,
                    "end": 42,
                    "label": "개인정보"
                }
            ]
        },
        {
            "sentence": "규제 관련 항목: 방류허가번호 PERMIT-2024-0893, 허가 기초자료는 비공개 정책에 의해 부분 공개 처리됩니다.",
            "id": "sample_089_0035_000014",
            "annotations": []
        },
        {
            "sentence": "재무 항목 예시(기밀): 계좌번호 110-123-456789, 예산집행 세부내역은 내부보안으로 분류됩니다.",
            "id": "sample_089_0035_000015",
            "annotations": [
                {
                    "word": "110-123-456789",
                    "start": 19,
                    "end": 33,
                    "label": "기밀정보"
                }
            ]
        },
        {
            "sentence": "현장인력 준식별자 예시: 직원 박민지(여), 생년월일 1985-07-12, 직위: 수질기술자.",
            "id": "sample_089_0035_000016",
            "annotations": [
                {
                    "word": "박민지",
                    "start": 17,
                    "end": 20,
                    "label": "개인정보"
                },
                {
                    "word": "여",
                    "start": 21,
                    "end": 22,
                    "label": "준식별자"
                },
                {
                    "word": "1985-07-12",
                    "start": 30,
                    "end": 40,
                    "label": "준식별자"
                },
                {
                    "word": "수질기술자",
                    "start": 46,
                    "end": 51,
                    "label": "준식별자"
                }
            ]
        },
        {
            "sentence": "원격탐사·라이다 산출물: 격자 해상도 10 m, 투영 EPSG:3857, catchment_id: KG_2025_001, 데이터 사용권 CC-BY-NC로 명시.",
            "id": "sample_089_0035_000017",
            "annotations": []
        },
        {
            "sentence": "홍수예보·경보 프로토콜: 경보문은 우선순위, 수신자 목록, 행동 지침을 포함하며 SLA는 평균 지연 10분 이내로 규정합니다.",
            "id": "sample_089_0035_000018",
            "annotations": []
        },
        {
            "sentence": "긴급 운영 예시 문구: 내부 결재선: 심중기 승인, 즉시 댐 저수위 0.5 m 방류 지시.",
            "id": "sample_089_0035_000019",
            "annotations": [
                {
                    "word": "심중기",
                    "start": 21,
                    "end": 24,
                    "label": "개인정보"
                },
                {
                    "word": "내부 결재선: 심중기 승인",
                    "start": 13,
                    "end": 27,
                    "label": "기밀정보"
                }
            ]
        },
        {
            "sentence": "배수·퇴적 조사: 현장조사 보고서에는 측정지점 좌표(EPSG:5179), 샘플 ID SG-2025-045, 채취일 2025-01-04T08:00:00+09:00, 실험실분석 방법이 포함됩니다.",
            "id": "sample_089_0035_000020",
            "annotations": []
        },
        {
            "sentence": "모델 출력 예시: 홍수예측 ensemble 50개 멤버, 중앙값과 90% 신뢰구간을 제공하며 입력데이터 버전 v1.3을 명시합니다.",
            "id": "sample_089_0035_000021",
            "annotations": []
        },
        {
            "sentence": "배수구 모범 사례에는 토지이용 데이터와 인허가문서가 결합되고 데이터 공개범위는 라이선스 및 규제 요구사항에 따릅니다.",
            "id": "sample_089_0035_000022",
            "annotations": []
        },
        {
            "sentence": "SCADA 원격 접속 예시(기밀): VPN 주소 vpn.internal.kwater, 접속계정 scada_ops, 접근제어는 내부 보안정책에 따릅니다.",
            "id": "sample_089_0035_000023",
            "annotations": [
                {
                    "word": "vpn.internal.kwater",
                    "start": 27,
                    "end": 46,
                    "label": "기밀정보"
                },
                {
                    "word": "scada_ops",
                    "start": 53,
                    "end": 62,
                    "label": "기밀정보"
                }
            ]
        },
        {
            "sentence": "센서 교정 증명서 예시: 교정기관 KTC, 교정일 2024-12-15T09:30:00+09:00, 인증번호 CAL-2024-889, 파일첨부 참조.",
            "id": "sample_089_0035_000024",
            "annotations": []
        },
        {
            "sentence": "수질 실험실 결과 예시: 샘플ID WQ-2025-078, 채취위치 lat:36.234567 lon:127.234567 EPSG:4326, 분석결과 pH 7.4, DO 8.6 mg/L, 품질플래그 B.",
            "id": "sample_089_0035_000025",
            "annotations": []
        },
        {
            "sentence": "배포 및 사용권: 원격탐사 데이터 일부는 상업적 사용 제한이 있으며 사용권 계약서(예: 공급업체 계약 NO. SUP-2024-22)를 참조해야 합니다.",
            "id": "sample_089_0035_000026",
            "annotations": []
        },
        {
            "sentence": "물사용 허가 문서 양식은 법적 보존기간 준수와 함께 비공개 조항이 포함될 수 있으므로 공개 전 검토 절차가 필요합니다.",
            "id": "sample_089_0035_000027",
            "annotations": []
        },
        {
            "sentence": "결론 및 권고: 실시간 모니터링의 시간 동기화, 품질플래그 표준화, 물리적 일관성 자동검증 강화를 권고하며 문서 전체는 합성 데이터임을 재차 고지합니다.",
            "id": "sample_089_0035_000028",
            "annotations": []
        }
    ]
}