{
    "document_id": "089_0031",
    "document_title": "홍천유역 종합 수자원 및 수문 운영 보고서",
    "data": [
        {
            "sentence": "본 문서는 홍천유역(대상유역 ID: catchment_089_01)에 대한 종합 수자원 및 수문 운영 보고서입니다.",
            "id": "sample_089_0031_000001",
            "annotations": []
        },
        {
            "sentence": "보고서에는 streamflow_time_series, rainfall_gauge_observations, groundwater_well_levels, reservoir_operational_logs 등이 포함되어 있습니다.",
            "id": "sample_089_0031_000002",
            "annotations": []
        },
        {
            "sentence": "유량 시계열은 ISO8601 포맷(예: 2025-01-01T00:00:00Z)과 단위 m3/s로 표기되며 시간대는 UTC로 정렬되어 있습니다.",
            "id": "sample_089_0031_000003",
            "annotations": [
                {
                    "word": "2025-01-01T00:00:00Z",
                    "start": 22,
                    "end": 42,
                    "label": "준식별자"
                }
            ]
        },
        {
            "sentence": "관측 지점 좌표는 EPSG:4326 위도·경도와 EPSG:5179 투영을 병기하고 있습니다.",
            "id": "sample_089_0031_000004",
            "annotations": []
        },
        {
            "sentence": "강우관측은 게이지 ID RG-045(위치: 강원도 춘천시)에서 10분 간격으로 mm 단위로 측정되었습니다.",
            "id": "sample_089_0031_000005",
            "annotations": [
                {
                    "word": "강원도 춘천시",
                    "start": 24,
                    "end": 31,
                    "label": "준식별자"
                }
            ]
        },
        {
            "sentence": "지하수 관정 레벨은 well_id GW-12, 기준고는 masl로 표기하며 좌표계는 EPSG:5179입니다.",
            "id": "sample_089_0031_000006",
            "annotations": []
        },
        {
            "sentence": "저수지 운영 로그에는 방류량(m3/s), 수위(m), 방류시간(ISO8601) 및 운용 결재자 정보가 포함됩니다.",
            "id": "sample_089_0031_000007",
            "annotations": []
        },
        {
            "sentence": "운영 결재자는 송민범, 유승후이며 보고 담당은 이규비로 지정되어 있습니다.",
            "id": "sample_089_0031_000008",
            "annotations": [
                {
                    "word": "송민범",
                    "start": 8,
                    "end": 11,
                    "label": "개인정보"
                },
                {
                    "word": "유승후",
                    "start": 13,
                    "end": 16,
                    "label": "개인정보"
                },
                {
                    "word": "이규비",
                    "start": 26,
                    "end": 29,
                    "label": "개인정보"
                }
            ]
        },
        {
            "sentence": "본 문서의 긴급 경보 예시는 우선수신자: 송민범, 2차 수신자: 유승후, 행동지침: 즉시 방류게이트 1개 개방(예비수위 대비 +0.5m)로 기술합니다.",
            "id": "sample_089_0031_000009",
            "annotations": [
                {
                    "word": "송민범",
                    "start": 23,
                    "end": 26,
                    "label": "개인정보"
                },
                {
                    "word": "유승후",
                    "start": 36,
                    "end": 39,
                    "label": "개인정보"
                }
            ]
        },
        {
            "sentence": "센서 메타데이터는 교정일(calibration_date: 2025-04-10T08:00:00+09:00), 검체ID, 측정방법(gravimetric, tipping-bucket 등)을 필수로 포함합니다.",
            "id": "sample_089_0031_000010",
            "annotations": [
                {
                    "word": "2025-04-10T08:00:00+09:00",
                    "start": 32,
                    "end": 57,
                    "label": "준식별자"
                }
            ]
        },
        {
            "sentence": "수질 실험실 보고서는 샘플ID SAMPLE_WQ_20250115_001, 채취일 2025-01-15T09:30:00+09:00, 분석방법(HPLC), QC 플래그를 포함합니다.",
            "id": "sample_089_0031_000011",
            "annotations": [
                {
                    "word": "2025-01-15T09:30:00+09:00",
                    "start": 45,
                    "end": 70,
                    "label": "준식별자"
                }
            ]
        },
        {
            "sentence": "물질 보전 검증에서 유입 유량 합계가 유출 유량 합계보다 0.12% 부족하여 보전법칙 위반 경고를 생성했습니다.",
            "id": "sample_089_0031_000012",
            "annotations": []
        },
        {
            "sentence": "물리적 일관성 경고: 유입-유출 불일치 비율 0.12%는 측정 불확실도(센서 드리프트, 결측) 범위내이나 자동 보정 권고를 제시합니다.",
            "id": "sample_089_0031_000013",
            "annotations": []
        },
        {
            "sentence": "교정 제안: 강우 게이지 RG-045의 보정 실시(권장 절차: field calibration, reference gauge와 비교) 및 누락 데이터의 다중보간(MICE) 적용을 권고합니다.",
            "id": "sample_089_0031_000014",
            "annotations": []
        },
        {
            "sentence": "하천 단면 및 수리모델 입력파일(HEC-RAS v5.0 구성)은 모델 가정, 입력 데이터 버전(v2025-01), 경계조건과 함께 제공됩니다.",
            "id": "sample_089_0031_000015",
            "annotations": []
        },
        {
            "sentence": "홍수 예측 ensemble outputs는 50개 멤버의 스프레드(표준편차), 90% 신뢰구간 및 입력 기상자료 버전(ECMWF v2024.12)을 포함합니다.",
            "id": "sample_089_0031_000016",
            "annotations": []
        },
        {
            "sentence": "원격탐사 레이어는 Sentinel-2 기반 토지피복, 해상도 10m, EPSG:3857, 라이선스: Copernicus Sentinel Data 사용규약을 기재합니다.",
            "id": "sample_089_0031_000017",
            "annotations": []
        },
        {
            "sentence": "저수지 배수·침전물 조사(음향측심 bathymetry) 파일은 해상도 1m, 좌표계 EPSG:5179, catchment_id: catch_089_31로 연계됩니다.",
            "id": "sample_089_0031_000018",
            "annotations": []
        },
        {
            "sentence": "SCADA telemetry 로그에는 접속 서버 IP 10.0.0.5, 서비스 계정 scada_admin, 접속 로그 타임스탬프가 포함되어 전송 보안이 필요합니다.",
            "id": "sample_089_0031_000019",
            "annotations": [
                {
                    "word": "10.0.0.5",
                    "start": 30,
                    "end": 38,
                    "label": "기밀정보"
                },
                {
                    "word": "scada_admin",
                    "start": 47,
                    "end": 58,
                    "label": "기밀정보"
                }
            ]
        },
        {
            "sentence": "레거시 SCADA 인터페이스는 Modbus/TCP를 사용하며 내부 파일 경로 /opt/scada/config/secret.cfg가 로그 설명에 참조됩니다.",
            "id": "sample_089_0031_000020",
            "annotations": [
                {
                    "word": "/opt/scada/config/secret.cfg",
                    "start": 43,
                    "end": 71,
                    "label": "기밀정보"
                }
            ]
        },
        {
            "sentence": "물사용 허가 문서에는 허가번호 WP-2023-0456, 허가지역 서울특별시 강동구, 허가량 연간 1,000,000 m3가 명시되어 있습니다.",
            "id": "sample_089_0031_000021",
            "annotations": [
                {
                    "word": "WP-2023-0456",
                    "start": 17,
                    "end": 29,
                    "label": "기밀정보"
                },
                {
                    "word": "서울특별시 강동구",
                    "start": 36,
                    "end": 45,
                    "label": "준식별자"
                }
            ]
        },
        {
            "sentence": "관개 스케줄 기록은 관개구역 ID와 일시 ISO8601, 우선순위 등급을 포함하며 변형된 운영 규칙은 보존기간 10년을 준수합니다.",
            "id": "sample_089_0031_000022",
            "annotations": []
        },
        {
            "sentence": "수치모델 불확실성 보고에는 ensemble spread, confidence intervals, 입력데이터 해상도 불일치에 대한 보정 절차가 명기됩니다.",
            "id": "sample_089_0031_000023",
            "annotations": []
        },
        {
            "sentence": "배포 라이선스: 원격탐사 데이터는 비상업적 연구목적만 허용된 경우가 있으며, 상용 데이터 사용 시 계약조건을 별도 명시합니다.",
            "id": "sample_089_0031_000024",
            "annotations": []
        },
        {
            "sentence": "비상 알림 SLA: 홍수경보는 탐지 후 15분 이내 초기통보를 목표로 하며 우선수신자는 운영팀과 지방자치단체 비상대응담당입니다.",
            "id": "sample_089_0031_000025",
            "annotations": []
        },
        {
            "sentence": "문서 보관 및 접근 권한은 내부 분류체계에 따라 제한되며 접근 계정 및 파일 경로는 보안 사유로 기밀처리합니다.",
            "id": "sample_089_0031_000026",
            "annotations": []
        },
        {
            "sentence": "감수 및 승인 기록: 최종보고서 감수자 백태라, 승인자 권은결로 기록됩니다.",
            "id": "sample_089_0031_000027",
            "annotations": [
                {
                    "word": "백태라",
                    "start": 22,
                    "end": 25,
                    "label": "개인정보"
                },
                {
                    "word": "권은결",
                    "start": 31,
                    "end": 34,
                    "label": "개인정보"
                }
            ]
        },
        {
            "sentence": "생성된 모든 시계열 및 샘플 데이터는 합성(SYNTHETIC)으로 표시되어 있으며 합성 데이터임을 명확히 표기합니다.",
            "id": "sample_089_0031_000028",
            "annotations": []
        }
    ]
}