{
    "document_id": "089_0001",
    "document_title": "수자원 통합 관측·운영 합성 데이터 및 운영 지침 보고서",
    "data": [
        {
            "sentence": "문서 개요: 본 보고서는 수자원 관리 및 수문학 분야의 관측, 모델, 운영 로그를 통합한 합성 데이터 패키지와 운영 지침을 제공한다.",
            "id": "sample_089_0001_000001",
            "annotations": []
        },
        {
            "sentence": "포함 항목: streamflow_time_series, rainfall_gauge_observations, groundwater_well_levels, reservoir_operational_logs, water_quality_lab_reports, remote_sensing_raster_layers, bathymetry_surveys 등이 포함된다.",
            "id": "sample_089_0001_000002",
            "annotations": []
        },
        {
            "sentence": "유량 관측(streamflow_time_series): 관측소 ID 'STN-001'의 시간 범위는 2025-08-01T00:00:00+09:00부터 2025-08-07T23:59:00+09:00까지이며 단위는 m3/s이다.",
            "id": "sample_089_0001_000003",
            "annotations": []
        },
        {
            "sentence": "STN-001의 좌표는 EPSG:5179 기준 X=956321.12, Y=193421.45이며 catchment_id=201002로 공간 조인이 가능하다.",
            "id": "sample_089_0001_000004",
            "annotations": []
        },
        {
            "sentence": "강우계 관측(rainfall_gauge_observations): 강우 시간 해상도는 10분이며 시계열은 ISO8601(예: 2025-08-02T12:10:00+09:00)로 표기하고 단위는 mm이다.",
            "id": "sample_089_0001_000005",
            "annotations": []
        },
        {
            "sentence": "지하수 관측(groundwater_well_levels): 관정 ID 'GW-100'의 수위는 m(msl)로 보고되며 측정 방법 및 검체ID(WELL-GW-100-20250802)를 메타데이터로 포함한다.",
            "id": "sample_089_0001_000006",
            "annotations": []
        },
        {
            "sentence": "저수지 운영 로그(reservoir_operational_logs): 방류량 기록은 m3/s로 표기되고 방류 명령과 실제 유량의 차이는 운영 로그에 시간 동기화된 형태로 기록된다.",
            "id": "sample_089_0001_000007",
            "annotations": []
        },
        {
            "sentence": "수질 검사(water_quality_lab_reports): 검체ID WQ-SMP-20250801-01, 채취일 2025-08-01T09:30:00+09:00, 분석방법은 EPA 200.7, 품질 플래그 및 검정한계(LOD)를 명시한다.",
            "id": "sample_089_0001_000008",
            "annotations": []
        },
        {
            "sentence": "원격탐사 라스터(remote_sensing_raster_layers): Sentinel-2 기반 NDVI 레이어는 EPSG:4326, 해상도 10m, 제공 라이선스는 Copernicus 규정에 따른다.",
            "id": "sample_089_0001_000009",
            "annotations": []
        },
        {
            "sentence": "수심 측량(bathymetry_surveys): 측량은 스와스프라인으로 수행되었고 결과는 DEM과 선형 등고선으로 제공되며 좌표계는 EPSG:5179이다.",
            "id": "sample_089_0001_000010",
            "annotations": []
        },
        {
            "sentence": "수자원 사용 허가 문서(water_permit_documents): 허가번호와 유효기간, 보존 기간(법정 보관 10년), 보고 의무 항목을 문서에 명시한다.",
            "id": "sample_089_0001_000011",
            "annotations": []
        },
        {
            "sentence": "관개 스케줄(irrigation_schedule_records): 관개 시작 및 종료 시간은 현지 시간으로 기록하되 ISO8601 타임스탬프와 함께 타임존을 명시한다.",
            "id": "sample_089_0001_000012",
            "annotations": []
        },
        {
            "sentence": "모형 구성(hydraulic_model_configuration_files): HEC-RAS v5.0.7 입력파일, 지형파일, 경계조건, 입력자료 버전(예: NWM v4.0) 및 가정을 메타데이터로 포함한다.",
            "id": "sample_089_0001_000013",
            "annotations": []
        },
        {
            "sentence": "홍수 예측(flood_forecast_ensemble_outputs): 50-member ensemble을 사용하였고 중앙값 및 5-95% 신뢰구간과 ensemble spread를 함께 보고한다.",
            "id": "sample_089_0001_000014",
            "annotations": []
        },
        {
            "sentence": "센서 교정(certificates): 유속계 센서 ID SENS-VE-09의 최종 교정일은 2025-07-15T10:00:00+09:00이며 교정자, 교정기관, 교정 증명서 번호를 메타데이터로 포함한다.",
            "id": "sample_089_0001_000015",
            "annotations": []
        },
        {
            "sentence": "GIS 쉐이프파일(GIS_catchment_shapefiles): 투영은 EPSG:5179, 해상도 기술은 벡터 단위이며 각 폴리곤에 catchment_id를 포함한다.",
            "id": "sample_089_0001_000016",
            "annotations": []
        },
        {
            "sentence": "SCADA 텔레메트리(SCADA_telemetry_logs): 로그는 MQTT 기반이며 수집 서버의 내부 IP는 10.0.0.5이고 게시 주기는 60초이다.",
            "id": "sample_089_0001_000017",
            "annotations": [
                {
                    "word": "10.0.0.5",
                    "start": 63,
                    "end": 71,
                    "label": "기밀정보"
                }
            ]
        },
        {
            "sentence": "물리적 일관성 검증: 전체 유입 유량 합과 저수지 방류 및 증발량을 합한 값의 차이가 0.5%를 초과하면 경고를 발생시키고 교정 절차를 권고한다.",
            "id": "sample_089_0001_000018",
            "annotations": []
        },
        {
            "sentence": "해당 검증에서 예시적으로 2025-08-03T00:00:00+09:00에 mass balance오차 2.1%가 감지되었고 이는 유량 보정 필요성을 의미한다.",
            "id": "sample_089_0001_000019",
            "annotations": []
        },
        {
            "sentence": "교정 제안: 유량계 드리프트 보정을 위한 보정계수 재산정, 결측 보간 방법의 변경(선형->몽테카를로) 및 재검증을 권장한다.",
            "id": "sample_089_0001_000020",
            "annotations": []
        },
        {
            "sentence": "지연(latency) 및 SLA: 홍수경보는 최대 허용 지연 5분을 목표로 하며 시스템 장애 시 긴급 우회 절차를 명시한다.",
            "id": "sample_089_0001_000021",
            "annotations": []
        },
        {
            "sentence": "데이터 사용권: 원격탐사 자료는 Copernicus 조건을 따르며 상업적 이용은 별도 허가가 필요할 수 있음을 명시한다.",
            "id": "sample_089_0001_000022",
            "annotations": []
        },
        {
            "sentence": "품질 플래그 및 메타데이터: 모든 시계열에는 결측(N), 의심(D), 확정(Q) 등의 플래그를 포함하고 측정방법과 샘플 ID를 기록한다.",
            "id": "sample_089_0001_000023",
            "annotations": []
        },
        {
            "sentence": "모형 불확실성 보고: 입력자료 버전, 경계조건, 물리적 가정 목록과 함께 ensemble spread 및 신뢰구간을 포함하여 정량화한다.",
            "id": "sample_089_0001_000024",
            "annotations": []
        },
        {
            "sentence": "비상 알림 포맷 예시: 수위 급증 시 'ALERT-FLOOD' 메시지를 전송하고 수신자와 우선순위를 명시한다.",
            "id": "sample_089_0001_000025",
            "annotations": []
        },
        {
            "sentence": "수신자 예시: 수문 운영담당자 최유안(우선순위: 1, 연락처: 010-1234-5678, 이메일: choiyuan@example.org)에게 즉시 통보된다.",
            "id": "sample_089_0001_000026",
            "annotations": [
                {
                    "word": "최유안",
                    "start": 17,
                    "end": 20,
                    "label": "개인정보"
                },
                {
                    "word": "010-1234-5678",
                    "start": 35,
                    "end": 48,
                    "label": "개인정보"
                },
                {
                    "word": "choiyuan@example.org",
                    "start": 55,
                    "end": 75,
                    "label": "개인정보"
                }
            ]
        },
        {
            "sentence": "현장 책임자 이재건은 현장 출동 지침을 관할하고 소속은 국토수자원연구원으로 명기되어 운영 체계에 반영되어 있다.",
            "id": "sample_089_0001_000027",
            "annotations": [
                {
                    "word": "이재건",
                    "start": 7,
                    "end": 10,
                    "label": "개인정보"
                },
                {
                    "word": "국토수자원연구원",
                    "start": 31,
                    "end": 39,
                    "label": "준식별자"
                }
            ]
        },
        {
            "sentence": "댐 운영 담당 정희성은 방류 결정 권한을 보유하며 결정시 관련 로그를 SCADA에 기록한다.",
            "id": "sample_089_0001_000028",
            "annotations": [
                {
                    "word": "정희성",
                    "start": 8,
                    "end": 11,
                    "label": "개인정보"
                }
            ]
        },
        {
            "sentence": "보안 권고: SCADA 접근은 VPN을 통해 제한하며 내부 VPN 주소 'vpn.internal.example.local'과 특정 포트는 비공개로 처리한다.",
            "id": "sample_089_0001_000029",
            "annotations": [
                {
                    "word": "vpn.internal.example.local",
                    "start": 41,
                    "end": 67,
                    "label": "기밀정보"
                }
            ]
        },
        {
            "sentence": "출처 및 합성 고지: 이 문서의 시계열 및 샘플 데이터는 합성 데이터임을 명확히 밝히며 실제 사건을 모사하기 위해 물리적·통계적 일관성을 유지하도록 생성되었다.",
            "id": "sample_089_0001_000030",
            "annotations": []
        },
        {
            "sentence": "데이터 보관 및 규제 대응: 규제 보고서 형식, 보존기간, 접근권한 로그를 포함하여 기록하며 감사 추적을 유지한다.",
            "id": "sample_089_0001_000031",
            "annotations": []
        }
    ]
}