﻿word,document,sentence,label
10.0.0.5,089_0001,sample_089_0001_000017,기밀정보
최유안,089_0001,sample_089_0001_000026,개인정보
010-1234-5678,089_0001,sample_089_0001_000026,개인정보
choiyuan@example.org,089_0001,sample_089_0001_000026,개인정보
이재건,089_0001,sample_089_0001_000027,개인정보
국토수자원연구원,089_0001,sample_089_0001_000027,준식별자
정희성,089_0001,sample_089_0001_000028,개인정보
vpn.internal.example.local,089_0001,sample_089_0001_000029,기밀정보
윤해니,089_0002,sample_089_0002_000003,개인정보
하의현,089_0002,sample_089_0002_000003,개인정보
010-1234-5678,089_0002,sample_089_0002_000004,개인정보
yoon.haeni@waterdept.kr,089_0002,sample_089_0002_000004,개인정보
경기도 수원시 권선구,089_0002,sample_089_0002_000005,준식별자
2025-01-01T00:00:00+09:00,089_0002,sample_089_0002_000007,준식별자
2025-01-07T23:00:00+09:00,089_0002,sample_089_0002_000007,준식별자
2025-01-03T12:00:00+09:00,089_0002,sample_089_0002_000011,준식별자
2025-01-04,089_0002,sample_089_0002_000015,준식별자
10.10.100.5,089_0002,sample_089_0002_000018,기밀정보
admin_ops,089_0002,sample_089_0002_000019,기밀정보
v2025-01-10,089_0002,sample_089_0002_000021,준식별자
나원희,089_0002,sample_089_0002_000023,개인정보
WTR-2023-0456,089_0002,sample_089_0002_000024,기밀정보
2025-01-15,089_0002,sample_089_0002_000026,준식별자
2025-03-12,089_0002,sample_089_0002_000027,준식별자
조엘리야,089_0002,sample_089_0002_000030,개인정보
오준아,089_0003,sample_089_0003_000025,개인정보
최해윤,089_0003,sample_089_0003_000025,개인정보
사번: 20231045,089_0003,sample_089_0003_000025,개인정보
10.0.0.45,089_0003,sample_089_0003_000026,기밀정보
192.168.1.100,089_0003,sample_089_0003_000026,기밀정보
원찬일,089_0004,sample_089_0004_000008,개인정보
010-1234-5678,089_0004,sample_089_0004_000008,개인정보
won.chanil@example.org,089_0004,sample_089_0004_000008,개인정보
서울특별시 종로구 사직동 100-1,089_0004,sample_089_0004_000009,개인정보
서울특별시,089_0004,sample_089_0004_000009,준식별자
종로구,089_0004,sample_089_0004_000009,준식별자
사직동,089_0004,sample_089_0004_000009,준식별자
경기도 수원시 장안구 조원동 12-5,089_0004,sample_089_0004_000009,개인정보
경기도,089_0004,sample_089_0004_000009,준식별자
수원시,089_0004,sample_089_0004_000009,준식별자
장안구,089_0004,sample_089_0004_000009,준식별자
조원동,089_0004,sample_089_0004_000009,준식별자
admin_user,089_0004,sample_089_0004_000019,기밀정보
10.10.0.45,089_0004,sample_089_0004_000019,기밀정보
s3://internal-bucket/ops/operations_plan_v2.docx,089_0004,sample_089_0004_000020,기밀정보
301-012345-67890,089_0004,sample_089_0004_000021,기밀정보
서예승,089_0004,sample_089_0004_000022,개인정보
백로원,089_0004,sample_089_0004_000022,개인정보
성권율,089_0004,sample_089_0004_000022,개인정보
EMP-2023-045,089_0004,sample_089_0004_000023,개인정보
010-9876-5432,089_0004,sample_089_0004_000023,개인정보
seo.yeseung@research.kr,089_0004,sample_089_0004_000023,개인정보
윤이든,089_0004,sample_089_0004_000029,개인정보
010-5555-2222,089_0004,sample_089_0004_000029,개인정보
부산광역시 해운대구 우1동 3-2,089_0004,sample_089_0004_000029,개인정보
부산광역시,089_0004,sample_089_0004_000029,준식별자
해운대구,089_0004,sample_089_0004_000029,준식별자
우1동,089_0004,sample_089_0004_000029,준식별자
남이서,089_0005,sample_089_0005_000005,개인정보
010-1234-5678,089_0005,sample_089_0005_000006,개인정보
namsi@example.com,089_0005,sample_089_0005_000007,개인정보
신병길,089_0005,sample_089_0005_000008,개인정보
사번: 20251234,089_0005,sample_089_0005_000009,개인정보
192.168.1.100,089_0005,sample_089_0005_000012,기밀정보
scada_admin,089_0005,sample_089_0005_000013,기밀정보
vpn.internal.example.com,089_0005,sample_089_0005_000014,기밀정보
한국수자원연구원,089_0006,sample_089_0006_000003,준식별자
송여름,089_0006,sample_089_0006_000004,개인정보
김대건,089_0006,sample_089_0006_000005,개인정보
2024-089-006,089_0006,sample_089_0006_000006,개인정보
가평군,089_0006,sample_089_0006_000007,준식별자
한화영,089_0006,sample_089_0006_000011,개인정보
채지민,089_0006,sample_089_0006_000012,개인정보
노영택,089_0006,sample_089_0006_000019,개인정보
10.10.10.42,089_0006,sample_089_0006_000021,기밀정보
scada_admin,089_0006,sample_089_0006_000021,기밀정보
/srv/secure/ops/plan.docx,089_0006,sample_089_0006_000021,기밀정보
vpn.internal.local,089_0006,sample_089_0006_000021,기밀정보
/srv/data/scada_logs/telemetry.db,089_0007,sample_089_0007_000010,기밀정보
scada_admin,089_0007,sample_089_0007_000011,기밀정보
vpn.waterdept.internal,089_0007,sample_089_0007_000011,기밀정보
지용현,089_0007,sample_089_0007_000012,개인정보
2024-0045,089_0007,sample_089_0007_000012,개인정보
한국수문연구원,089_0007,sample_089_0007_000012,준식별자
010-1234-5678,089_0007,sample_089_0007_000012,개인정보
jh.team@hydro.example.com,089_0007,sample_089_0007_000012,개인정보
채시하,089_0007,sample_089_0007_000013,개인정보
김동연,089_0007,sample_089_0007_000013,개인정보
서울특별시 중구 세종대로 110,089_0007,sample_089_0007_000014,개인정보
서울특별시,089_0007,sample_089_0007_000014,준식별자
중구,089_0007,sample_089_0007_000014,준식별자
남성,089_0007,sample_089_0007_000015,준식별자
1985,089_0007,sample_089_0007_000015,준식별자
07,089_0007,sample_089_0007_000015,준식별자
12,089_0007,sample_089_0007_000015,준식별자
수문학자,089_0007,sample_089_0007_000015,준식별자
10.10.20.30,089_0007,sample_089_0007_000018,기밀정보
10.10.20.31,089_0007,sample_089_0007_000018,기밀정보
301-011234-56,089_0007,sample_089_0007_000019,기밀정보
010-9876-5432,089_0007,sample_089_0007_000025,개인정보
/etc/secure/procedures.pdf,089_0007,sample_089_0007_000026,기밀정보
지태욱,089_0008,sample_089_0008_000003,개인정보
조병욱,089_0008,sample_089_0008_000005,개인정보
안정헌,089_0008,sample_089_0008_000018,개인정보
차종준,089_0009,sample_089_0009_000005,개인정보
010-1234-5678,089_0009,sample_089_0009_000005,개인정보
박태현,089_0009,sample_089_0009_000006,개인정보
2024-03-10,089_0009,sample_089_0009_000006,준식별자
1985년 07월 12일,089_0009,sample_089_0009_000007,준식별자
서울특별시,089_0009,sample_089_0009_000008,준식별자
관악구,089_0009,sample_089_0009_000008,준식별자
신림동,089_0009,sample_089_0009_000008,준식별자
20231234,089_0009,sample_089_0009_000009,개인정보
110-123-456789,089_0009,sample_089_0009_000010,기밀정보
10.0.0.45,089_0009,sample_089_0009_000011,기밀정보
http://intranet.local/monitor,089_0009,sample_089_0009_000011,기밀정보
admin_scada,089_0009,sample_089_0009_000012,기밀정보
조새벽,089_0009,sample_089_0009_000018,개인정보
2024-05-12T14:30:00+09:00,089_0009,sample_089_0009_000019,준식별자
2024-04-01T00:00:00+09:00,089_0009,sample_089_0009_000020,준식별자
2024-04-30T23:00:00+09:00,089_0009,sample_089_0009_000020,준식별자
고승목,089_0009,sample_089_0009_000022,개인정보
이정훈,089_0009,sample_089_0009_000023,개인정보
이정훈,089_0009,sample_089_0009_000023,기밀정보
차유희,089_0009,sample_089_0009_000028,개인정보
송무빈,089_0009,sample_089_0009_000028,개인정보
윤윤솔,089_0010,sample_089_0010_000023,개인정보
권선빈,089_0010,sample_089_0010_000023,개인정보
전지안,089_0010,sample_089_0010_000023,개인정보
윤도형,089_0010,sample_089_0010_000024,개인정보
S-2023-0042,089_0010,sample_089_0010_000024,개인정보
10.10.10.5,089_0010,sample_089_0010_000018,기밀정보
https://scada.internal.local,089_0010,sample_089_0010_000028,기밀정보
백승안,089_0011,sample_089_0011_000008,개인정보
사번: 00012345,089_0011,sample_089_0011_000008,개인정보
010-1234-5678,089_0011,sample_089_0011_000008,개인정보
baekseungan@wrm.go.kr,089_0011,sample_089_0011_000008,개인정보
서울특별시 종로구 삼청로 12-3,089_0011,sample_089_0011_000008,개인정보
신주훈,089_0011,sample_089_0011_000009,개인정보
남,089_0011,sample_089_0011_000009,준식별자
1980-05-12,089_0011,sample_089_0011_000009,준식별자
10.0.3.14,089_0011,sample_089_0011_000011,기밀정보
jdbc:postgresql://10.0.3.14:5432/wrm,089_0011,sample_089_0011_000011,기밀정보
vpn.wrm.internal,089_0011,sample_089_0011_000011,기밀정보
123-456-789012,089_0011,sample_089_0011_000012,기밀정보
송동율,089_0011,sample_089_0011_000012,개인정보
권도율,089_0011,sample_089_0011_000013,개인정보
WP-2023-0457,089_0012,sample_089_0012_000011,기밀정보
서동섭,089_0012,sample_089_0012_000015,개인정보
scada_operator,089_0012,sample_089_0012_000017,기밀정보
10.0.0.12,089_0012,sample_089_0012_000017,기밀정보
/srv/data/operational/flows.db,089_0012,sample_089_0012_000017,기밀정보
민수,089_0012,sample_089_0012_000020,개인정보
충청북도 청주시 흥덕구,089_0012,sample_089_0012_000023,준식별자
사번:20234,089_0012,sample_089_0012_000025,개인정보
안도민,089_0012,sample_089_0012_000028,개인정보
배용수,089_0013,sample_089_0013_000008,개인정보
010-1234-5678,089_0013,sample_089_0013_000008,개인정보
baey@water.kr,089_0013,sample_089_0013_000008,개인정보
생년월일: 1982-05-12,089_0013,sample_089_0013_000009,준식별자
직장명: 국립수자원연구소,089_0013,sample_089_0013_000009,준식별자
경기도 성남시 수정구,089_0013,sample_089_0013_000011,준식별자
SCADA 접속 계정: scada_admin,089_0013,sample_089_0013_000012,기밀정보
서버 IP: 10.0.0.12,089_0013,sample_089_0013_000012,기밀정보
/srv/internal/operating/plans/2024_flood_plan.docx,089_0013,sample_089_0013_000012,기밀정보
홍은율,089_0013,sample_089_0013_000019,개인정보
서울특별시 강남구 테헤란로 123-45,089_0013,sample_089_0013_000019,개인정보
엄진환,089_0013,sample_089_0013_000022,개인정보
02-765-4321,089_0013,sample_089_0013_000022,개인정보
계좌번호: 123-456-789012,089_0013,sample_089_0013_000026,기밀정보
차소망,089_0013,sample_089_0013_000028,개인정보
사번: 2024-0157,089_0013,sample_089_0013_000028,개인정보
chaso@water.kr,089_0013,sample_089_0013_000028,개인정보
수원시,089_0014,sample_089_0014_000005,준식별자
권선구,089_0014,sample_089_0014_000005,준식별자
호매실동,089_0014,sample_089_0014_000005,준식별자
2025,089_0014,sample_089_0014_000004,준식별자
01,089_0014,sample_089_0014_000004,준식별자
01,089_0014,sample_089_0014_000004,준식별자
2025,089_0014,sample_089_0014_000004,준식별자
01,089_0014,sample_089_0014_000004,준식별자
07,089_0014,sample_089_0014_000004,준식별자
2025,089_0014,sample_089_0014_000007,준식별자
05,089_0014,sample_089_0014_000007,준식별자
12,089_0014,sample_089_0014_000007,준식별자
2024,089_0014,sample_089_0014_000008,준식별자
11,089_0014,sample_089_0014_000008,준식별자
20,089_0014,sample_089_0014_000008,준식별자
WP-2024-07,089_0014,sample_089_0014_000009,기밀정보
2024,089_0014,sample_089_0014_000010,준식별자
09,089_0014,sample_089_0014_000010,준식별자
10,089_0014,sample_089_0014_000010,준식별자
PMT-2023-089,089_0014,sample_089_0014_000011,기밀정보
2024,089_0014,sample_089_0014_000013,준식별자
12,089_0014,sample_089_0014_000013,준식별자
01,089_0014,sample_089_0014_000013,준식별자
심정민,089_0014,sample_089_0014_000015,개인정보
CAL-2024-117,089_0014,sample_089_0014_000015,기밀정보
10.10.10.5,089_0014,sample_089_0014_000017,기밀정보
/srv/scada/credentials.txt,089_0014,sample_089_0014_000017,기밀정보
op_admin,089_0014,sample_089_0014_000017,기밀정보
WL-202412-001,089_0014,sample_089_0014_000019,일반정보
신하선,089_0014,sample_089_0014_000020,개인정보
shs@waterdept.local,089_0014,sample_089_0014_000020,개인정보
A-1024,089_0014,sample_089_0014_000020,개인정보
WP-2024-07,089_0014,sample_089_0014_000009,기밀정보
010-1234-5678,089_0014,sample_089_0014_000025,개인정보
송성헌,089_0014,sample_089_0014_000025,개인정보
shs@waterdept.local,089_0014,sample_089_0014_000027,개인정보
신하선,089_0014,sample_089_0014_000027,개인정보
2025,089_0014,sample_089_0014_000028,준식별자
01,089_0014,sample_089_0014_000028,준식별자
15,089_0014,sample_089_0014_000028,준식별자
2024,089_0014,sample_089_0014_000015,준식별자
11,089_0014,sample_089_0014_000015,준식별자
20,089_0014,sample_089_0014_000015,준식별자
10.0.0.5,089_0015,sample_089_0015_000009,기밀정보
/srv/scada/config.yaml,089_0015,sample_089_0015_000009,기밀정보
vpn.internal.waterdept.local,089_0015,sample_089_0015_000010,기밀정보
진민서,089_0015,sample_089_0015_000011,개인정보
+82-10-5555-1234,089_0015,sample_089_0015_000011,개인정보
minseo.jin@waterdept.go.kr,089_0015,sample_089_0015_000011,개인정보
최현택,089_0015,sample_089_0015_000013,개인정보
내부 결재선: 팀장 최현택 승인,089_0015,sample_089_0015_000013,기밀정보
노다정,089_0015,sample_089_0015_000014,개인정보
권정진,089_0015,sample_089_0015_000014,개인정보
홍영숙,089_0015,sample_089_0015_000014,개인정보
서울특별시 강남구 역삼동 123-45,089_0015,sample_089_0015_000020,개인정보
신앤드류,089_0015,sample_089_0015_000021,개인정보
사번 20230123,089_0015,sample_089_0015_000021,개인정보
권정진,089_0015,sample_089_0015_000025,개인정보
"￦120,000,000",089_0015,sample_089_0015_000028,기밀정보
우용원,089_0015,sample_089_0015_000029,개인정보
안담솔,089_0015,sample_089_0015_000029,개인정보
홍효우,089_0016,sample_089_0016_000008,개인정보
+82-10-1234-5678,089_0016,sample_089_0016_000008,개인정보
hong.hyo@example.com,089_0016,sample_089_0016_000008,개인정보
1985-07-12,089_0016,sample_089_0016_000008,준식별자
장희율,089_0016,sample_089_0016_000018,개인정보
scada_admin,089_0016,sample_089_0016_000019,기밀정보
10.8.0.12,089_0016,sample_089_0016_000019,기밀정보
/data/internal/HEC-RAS/config_2026_v2.cfg,089_0016,sample_089_0016_000012,기밀정보
한국수자원관리원,089_0016,sample_089_0016_000024,준식별자
서울특별시 종로구 삼봉로 81-2,089_0016,sample_089_0016_000024,개인정보
경기도 수원시 장안구,089_0016,sample_089_0016_000022,준식별자
/srv/calibration/CALLAB-01/SEN-2024-045_20241105.pdf,089_0017,sample_089_0017_000011,기밀정보
노민숙,089_0017,sample_089_0017_000013,개인정보
서울특별시 종로구 사직로 123-45,089_0017,sample_089_0017_000013,개인정보
곽성훈,089_0017,sample_089_0017_000015,개인정보
10.10.10.5,089_0017,sample_089_0017_000017,기밀정보
scada_admin,089_0017,sample_089_0017_000017,기밀정보
/data/models/hecras/han_river_v6/plan.kml,089_0017,sample_089_0017_000020,기밀정보
WTR-2024-0007,089_0017,sample_089_0017_000022,기밀정보
곽성훈,089_0017,sample_089_0017_000023,개인정보
류영빈,089_0017,sample_089_0017_000023,개인정보
긴급댐방류안,089_0017,sample_089_0017_000023,기밀정보
곽성훈,089_0017,sample_089_0017_000026,개인정보
010-5555-1234,089_0017,sample_089_0017_000026,개인정보
gsh.kw@waterlab.example.com,089_0017,sample_089_0017_000026,개인정보
최본호,089_0018,sample_089_0018_000003,개인정보
사번 2023-0456,089_0018,sample_089_0018_000003,개인정보
010-1234-5678,089_0018,sample_089_0018_000003,개인정보
choi.bh@waterlab.kr,089_0018,sample_089_0018_000003,개인정보
서울특별시 강남구 테헤란로 123-45,089_0018,sample_089_0018_000003,개인정보
고혜주,089_0018,sample_089_0018_000004,개인정보
현장기술자,089_0018,sample_089_0018_000004,준식별자
남자,089_0018,sample_089_0018_000004,준식별자
1980-07-15,089_0018,sample_089_0018_000004,준식별자
10.10.100.12,089_0018,sample_089_0018_000019,기밀정보
scada_admin,089_0018,sample_089_0018_000019,기밀정보
/srv/scada/configs/production.conf,089_0018,sample_089_0018_000019,기밀정보
110-87654321,089_0018,sample_089_0018_000021,기밀정보
홍수완,089_0018,sample_089_0018_000022,개인정보
비공개 결재체계,089_0018,sample_089_0018_000022,기밀정보
고혜주,089_0018,sample_089_0018_000023,개인정보
vpn.internal.example.com,089_0018,sample_089_0018_000028,기밀정보
천우민,089_0019,sample_089_0019_000004,개인정보
010-1234-5678,089_0019,sample_089_0019_000004,개인정보
twm.engineer@waterops.kr,089_0019,sample_089_0019_000004,개인정보
한국수자원공사,089_0019,sample_089_0019_000004,준식별자
이재호,089_0019,sample_089_0019_000005,개인정보
1985-07-12,089_0019,sample_089_0019_000005,준식별자
경기도 수원시 장안구,089_0019,sample_089_0019_000005,준식별자
admin_scada,089_0019,sample_089_0019_000022,기밀정보
10.0.0.45,089_0019,sample_089_0019_000022,기밀정보
vpn.internal.example.com,089_0019,sample_089_0019_000022,기밀정보
/srv/data/private/config.yaml,089_0019,sample_089_0019_000022,기밀정보
123-456-789012,089_0019,sample_089_0019_000029,기밀정보
채시유,089_0020,sample_089_0020_000003,개인정보
경기도 성남시 분당구,089_0020,sample_089_0020_000003,준식별자
사번 20230045,089_0020,sample_089_0020_000004,개인정보
신우준,089_0020,sample_089_0020_000005,개인정보
남성,089_0020,sample_089_0020_000005,준식별자
1985-07-12,089_0020,sample_089_0020_000005,준식별자
조희재,089_0020,sample_089_0020_000024,개인정보
고인재,089_0020,sample_089_0020_000024,개인정보
고인재,089_0020,sample_089_0020_000025,개인정보
192.168.10.45,089_0020,sample_089_0020_000028,기밀정보
/srv/waterdata/confidential/operation_plan.docx,089_0020,sample_089_0020_000028,기밀정보
123-456-789012,089_0020,sample_089_0020_000029,기밀정보
유주헌,089_0021,sample_089_0021_000002,개인정보
010-1234-5678,089_0021,sample_089_0021_000002,개인정보
yu.jooheon@waterauthority.kr,089_0021,sample_089_0021_000002,개인정보
정서아,089_0021,sample_089_0021_000003,개인정보
2025-01-15T08:00:00+09:00,089_0021,sample_089_0021_000006,준식별자
2025-01-15T09:30:00+09:00,089_0021,sample_089_0021_000009,준식별자
2024-03-15T00:00:00+09:00,089_0021,sample_089_0021_000012,준식별자
2025-01-15T10:00:00+09:00,089_0021,sample_089_0021_000021,준식별자
192.168.10.5,089_0021,sample_089_0021_000026,기밀정보
/server/projects/hydro/calib.docx,089_0021,sample_089_0021_000026,기밀정보
110-123-456789,089_0021,sample_089_0021_000027,기밀정보
한채연,089_0022,sample_089_0022_000006,개인정보
민한빈,089_0022,sample_089_0022_000006,개인정보
hcyean@water.kr,089_0022,sample_089_0022_000006,개인정보
10.0.3.15,089_0022,sample_089_0022_000007,기밀정보
https://scada.internal.local/login,089_0022,sample_089_0022_000007,기밀정보
심도헌,089_0022,sample_089_0022_000009,개인정보
사번: 2023-0456,089_0022,sample_089_0022_000009,개인정보
서울특별시,089_0022,sample_089_0022_000012,준식별자
강동구,089_0022,sample_089_0022_000012,준식별자
암사동 123-4,089_0022,sample_089_0022_000012,개인정보
암사동,089_0022,sample_089_0022_000012,준식별자
DNP3 over TCP port 20000,089_0022,sample_089_0022_000018,기밀정보
https://scada.internal.local/login,089_0022,sample_089_0022_000018,기밀정보
유리안,089_0022,sample_089_0022_000019,개인정보
이수련,089_0022,sample_089_0022_000020,개인정보
방정인,089_0022,sample_089_0022_000026,개인정보
강재희,089_0022,sample_089_0022_000026,개인정보
10.0.0.0/16,089_0022,sample_089_0022_000027,기밀정보
원효섭,089_0022,sample_089_0022_000029,개인정보
신태환,089_0023,sample_089_0023_000007,개인정보
경기도 수원시 장안구,089_0023,sample_089_0023_000005,준식별자
충청북도 청주시 상당구,089_0023,sample_089_0023_000009,준식별자
2025-01-15T08:00:00+09:00,089_0023,sample_089_0023_000003,준식별자
2025-01-15T00:00:00+09:00,089_0023,sample_089_0023_000004,준식별자
2024-12-30T12:00:00+09:00,089_0023,sample_089_0023_000007,준식별자
2025-01-15T08:05:00+09:00,089_0023,sample_089_0023_000009,준식별자
192.168.100.45,089_0023,sample_089_0023_000010,기밀정보
https://scada.internal.local/login,089_0023,sample_089_0023_000010,기밀정보
2025-01-14T00:00:00+09:00,089_0023,sample_089_0023_000012,준식별자
2025-01-16T06:00:00+09:00,089_0023,sample_089_0023_000023,준식별자
전민엽,089_0023,sample_089_0023_000027,개인정보
송정음,089_0023,sample_089_0023_000029,개인정보
장민,089_0024,sample_089_0024_000015,개인정보
오레오,089_0024,sample_089_0024_000018,개인정보
안희선,089_0024,sample_089_0024_000018,개인정보
안희선,089_0024,sample_089_0024_000019,개인정보
2024-0031,089_0024,sample_089_0024_000019,개인정보
010-1234-5678,089_0024,sample_089_0024_000019,개인정보
anhee@example.kr,089_0024,sample_089_0024_000019,개인정보
전라북도 전주시 덕진구 만성동 123-45,089_0024,sample_089_0024_000020,개인정보
전주시,089_0024,sample_089_0024_000021,준식별자
덕진구,089_0024,sample_089_0024_000021,준식별자
만성동,089_0024,sample_089_0024_000021,준식별자
여성,089_0024,sample_089_0024_000022,준식별자
1980,089_0024,sample_089_0024_000022,준식별자
05,089_0024,sample_089_0024_000022,준식별자
12,089_0024,sample_089_0024_000022,준식별자
10.8.16.72,089_0024,sample_089_0024_000017,기밀정보
scada_admin,089_0024,sample_089_0024_000017,기밀정보
vpn.internal.example,089_0024,sample_089_0024_000024,기밀정보
/srv/private/scada/config.yaml,089_0024,sample_089_0024_000024,기밀정보
https://internal.scada.local,089_0024,sample_089_0024_000024,기밀정보
내부결재선: 팀장 권만수 승인,089_0024,sample_089_0024_000023,기밀정보
권만수,089_0024,sample_089_0024_000023,개인정보
123-456-789012,089_0024,sample_089_0024_000025,기밀정보
공서목,089_0025,sample_089_0025_000003,개인정보
gong.seomok@waterdept.kr,089_0025,sample_089_0025_000004,개인정보
+82-10-1234-5678,089_0025,sample_089_0025_000004,개인정보
S2023-0045,089_0025,sample_089_0025_000005,개인정보
경기도 가평군,089_0025,sample_089_0025_000006,준식별자
1985-07-13,089_0025,sample_089_0025_000007,준식별자
남,089_0025,sample_089_0025_000007,준식별자
admin_user,089_0025,sample_089_0025_000012,기밀정보
임철수,089_0025,sample_089_0025_000019,개인정보
윤해건,089_0025,sample_089_0025_000015,개인정보
010-9876-5432,089_0025,sample_089_0025_000016,개인정보
10.0.3.12,089_0025,sample_089_0025_000021,기밀정보
https://intranet.water.local,089_0025,sample_089_0025_000021,기밀정보
vpn.watercorp.kr,089_0025,sample_089_0025_000021,기밀정보
한진유,089_0025,sample_089_0025_000023,개인정보
+82-10-5555-1212,089_0025,sample_089_0025_000023,개인정보
/srv/internal/reports/flow_2025,089_0025,sample_089_0025_000025,기밀정보
scada_ops,089_0025,sample_089_0025_000026,기밀정보
우두원,089_0025,sample_089_0025_000028,개인정보
나선민,089_0025,sample_089_0025_000028,개인정보
987-654-321000,089_0025,sample_089_0025_000029,기밀정보
오석현,089_0026,sample_089_0026_000014,개인정보
남명서,089_0026,sample_089_0026_000014,개인정보
10.10.10.5,089_0026,sample_089_0026_000016,기밀정보
C:\\ops\\scada\\config.ini,089_0026,sample_089_0026_000016,기밀정보
PERMIT-2023-0456,089_0026,sample_089_0026_000017,기밀정보
김혜윤,089_0026,sample_089_0026_000018,개인정보
국립수문연구소,089_0026,sample_089_0026_000018,준식별자
수석연구원,089_0026,sample_089_0026_000018,준식별자
백선영,089_0026,sample_089_0026_000021,개인정보
분석원,089_0026,sample_089_0026_000021,준식별자
국립수문연구소,089_0026,sample_089_0026_000025,준식별자
오윤혜,089_0027,sample_089_0027_000007,개인정보
10.10.255.12,089_0027,sample_089_0027_000009,기밀정보
/srv/scada/logs/2026/telemetry.log,089_0027,sample_089_0027_000010,기밀정보
주영환,089_0027,sample_089_0027_000018,개인정보
WQ_20260115_01,089_0027,sample_089_0027_000020,일반정보
원기광,089_0027,sample_089_0027_000021,개인정보
남태우 관측소,089_0027,sample_089_0027_000027,개인정보
vpn.internal.example.com,089_0027,sample_089_0027_000028,기밀정보
원기광,089_0027,sample_089_0027_000030,개인정보
춘천시,089_0028,sample_089_0028_000004,준식별자
2025,089_0028,sample_089_0028_000006,준식별자
01,089_0028,sample_089_0028_000006,준식별자
15,089_0028,sample_089_0028_000006,준식별자
10.8.0.12,089_0028,sample_089_0028_000017,기밀정보
/srv/scada/logs/2025/operation.log,089_0028,sample_089_0028_000017,기밀정보
https://intranet.local/waterdata,089_0028,sample_089_0028_000017,기밀정보
양형욱,089_0028,sample_089_0028_000021,개인정보
이수석,089_0028,sample_089_0028_000021,개인정보
박건영,089_0028,sample_089_0028_000028,개인정보
20220123,089_0028,sample_089_0028_000028,개인정보
WP-2023-0482,089_0029,sample_089_0029_000011,기밀정보
경기도 가평군,089_0029,sample_089_0029_000011,준식별자
평창면,089_0029,sample_089_0029_000011,준식별자
서울특별시 노원구 상계동 123-45,089_0029,sample_089_0029_000021,개인정보
나성숙,089_0029,sample_089_0029_000023,개인정보
010-9876-5432,089_0029,sample_089_0029_000023,개인정보
n.sunguk@example.com,089_0029,sample_089_0029_000023,개인정보
원유성,089_0029,sample_089_0029_000024,개인정보
박석이,089_0029,sample_089_0029_000024,개인정보
10.0.12.45,089_0029,sample_089_0029_000017,기밀정보
ACCT-987654321,089_0029,sample_089_0029_000025,기밀정보
/srv/ops/confidential/model_inputs_v2,089_0029,sample_089_0029_000025,기밀정보
황윤나,089_0030,sample_089_0030_000011,개인정보
유재훈,089_0030,sample_089_0030_000012,개인정보
admin_scada,089_0030,sample_089_0030_000013,기밀정보
10.10.10.5,089_0030,sample_089_0030_000013,기밀정보
vpn.internal.company,089_0030,sample_089_0030_000013,기밀정보
서울특별시 강남구,089_0030,sample_089_0030_000007,준식별자
성세건,089_0030,sample_089_0030_000019,개인정보
사번 20231234,089_0030,sample_089_0030_000019,개인정보
010-1234-5678,089_0030,sample_089_0030_000019,개인정보
seong@example.com,089_0030,sample_089_0030_000019,개인정보
홍단,089_0030,sample_089_0030_000021,개인정보
/srv/credentials/scada.key,089_0030,sample_089_0030_000026,기밀정보
최인하,089_0030,sample_089_0030_000027,개인정보
2025-01-01T00:00:00Z,089_0031,sample_089_0031_000003,준식별자
강원도 춘천시,089_0031,sample_089_0031_000005,준식별자
송민범,089_0031,sample_089_0031_000008,개인정보
유승후,089_0031,sample_089_0031_000008,개인정보
이규비,089_0031,sample_089_0031_000008,개인정보
송민범,089_0031,sample_089_0031_000009,개인정보
유승후,089_0031,sample_089_0031_000009,개인정보
2025-04-10T08:00:00+09:00,089_0031,sample_089_0031_000010,준식별자
2025-01-15T09:30:00+09:00,089_0031,sample_089_0031_000011,준식별자
10.0.0.5,089_0031,sample_089_0031_000019,기밀정보
scada_admin,089_0031,sample_089_0031_000019,기밀정보
/opt/scada/config/secret.cfg,089_0031,sample_089_0031_000020,기밀정보
WP-2023-0456,089_0031,sample_089_0031_000021,기밀정보
서울특별시 강동구,089_0031,sample_089_0031_000021,준식별자
백태라,089_0031,sample_089_0031_000027,개인정보
권은결,089_0031,sample_089_0031_000027,개인정보
한열음,089_0032,sample_089_0032_000023,개인정보
강민영,089_0032,sample_089_0032_000024,개인정보
경기도,089_0032,sample_089_0032_000005,준식별자
수원시,089_0032,sample_089_0032_000005,준식별자
영통구,089_0032,sample_089_0032_000005,준식별자
10.0.0.5,089_0032,sample_089_0032_000027,기밀정보
/srv/credentials/private.key,089_0032,sample_089_0032_000027,기밀정보
100-202-123456,089_0032,sample_089_0032_000027,기밀정보
10.128.45.12,089_0033,sample_089_0033_000013,기밀정보
\\fileserver\projects\hydro\2025\config.xml,089_0033,sample_089_0033_000014,기밀정보
123-456-789012,089_0033,sample_089_0033_000015,기밀정보
장채원,089_0033,sample_089_0033_000016,개인정보
한국수자원관리원,089_0033,sample_089_0033_000016,준식별자
010-1234-5678,089_0033,sample_089_0033_000017,개인정보
jangcw@example.com,089_0033,sample_089_0033_000017,개인정보
서울특별시 강남구 테헤란로 100,089_0033,sample_089_0033_000018,개인정보
1980-05-12,089_0033,sample_089_0033_000019,준식별자
고진수,089_0033,sample_089_0033_000020,개인정보
송해인,089_0033,sample_089_0033_000021,개인정보
02-987-6543,089_0033,sample_089_0033_000021,개인정보
원로윤,089_0033,sample_089_0033_000026,개인정보
민준협,089_0033,sample_089_0033_000030,개인정보
민래윤,089_0034,sample_089_0034_000002,개인정보
010-1234-5678,089_0034,sample_089_0034_000002,개인정보
minrae.yun@example.com,089_0034,sample_089_0034_000002,개인정보
방상준,089_0034,sample_089_0034_000004,개인정보
1985-07-12,089_0034,sample_089_0034_000004,준식별자
채선영,089_0034,sample_089_0034_000005,개인정보
서울특별시,089_0034,sample_089_0034_000005,준식별자
강동구,089_0034,sample_089_0034_000005,준식별자
192.168.100.12,089_0034,sample_089_0034_000006,기밀정보
admin_hydro,089_0034,sample_089_0034_000006,기밀정보
C:\internal\hydro\config\secret.cfg,089_0034,sample_089_0034_000006,기밀정보
123-456-789012,089_0034,sample_089_0034_000006,기밀정보
한시헌,089_0034,sample_089_0034_000029,개인정보
박창진,089_0034,sample_089_0034_000030,개인정보
10.0.0.45,089_0035,sample_089_0035_000010,기밀정보
/srv/scada/logs/2025.log,089_0035,sample_089_0035_000010,기밀정보
류시현,089_0035,sample_089_0035_000012,개인정보
010-1234-5678,089_0035,sample_089_0035_000012,개인정보
ryu.sh@example.com,089_0035,sample_089_0035_000012,개인정보
한국수자원연구원 수자원관리센터,089_0035,sample_089_0035_000012,준식별자
서울특별시 종로구 세종로 1-1 101호,089_0035,sample_089_0035_000013,개인정보
110-123-456789,089_0035,sample_089_0035_000015,기밀정보
박민지,089_0035,sample_089_0035_000016,개인정보
여,089_0035,sample_089_0035_000016,준식별자
1985-07-12,089_0035,sample_089_0035_000016,준식별자
수질기술자,089_0035,sample_089_0035_000016,준식별자
심중기,089_0035,sample_089_0035_000019,개인정보
내부 결재선: 심중기 승인,089_0035,sample_089_0035_000019,기밀정보
vpn.internal.kwater,089_0035,sample_089_0035_000023,기밀정보
scada_ops,089_0035,sample_089_0035_000023,기밀정보
류용선,089_0036,sample_089_0036_000004,개인정보
경기도 수원시 영통구,089_0036,sample_089_0036_000007,준식별자
구연옥,089_0036,sample_089_0036_000010,개인정보
10.0.0.12,089_0036,sample_089_0036_000012,기밀정보
공제범,089_0037,sample_089_0037_000008,개인정보
010-1234-5678,089_0037,sample_089_0037_000008,개인정보
gjbeom@example.org,089_0037,sample_089_0037_000008,개인정보
전주시 완산구 풍남동 12-3,089_0037,sample_089_0037_000008,개인정보
10.0.0.5,089_0037,sample_089_0037_000009,기밀정보
scada_admin,089_0037,sample_089_0037_000009,기밀정보
/srv/internal/scada/logs/20240115.log,089_0037,sample_089_0037_000010,기밀정보
vpn.corp.internal:1194,089_0037,sample_089_0037_000010,기밀정보
123-456-789012,089_0037,sample_089_0037_000011,기밀정보
공제범,089_0037,sample_089_0037_000012,개인정보
남성,089_0037,sample_089_0037_000012,준식별자
1980,089_0037,sample_089_0037_000012,준식별자
05,089_0037,sample_089_0037_000012,준식별자
12,089_0037,sample_089_0037_000012,준식별자
현장운영팀장,089_0037,sample_089_0037_000012,준식별자
전주시수자원관리본부,089_0037,sample_089_0037_000012,준식별자
공제범,089_0037,sample_089_0037_000020,개인정보
류유온,089_0037,sample_089_0037_000020,개인정보
성건율,089_0037,sample_089_0037_000020,개인정보
포트 502,089_0037,sample_089_0037_000024,기밀정보
공제범,089_0037,sample_089_0037_000027,개인정보
010-1234-5678,089_0037,sample_089_0037_000027,개인정보
류유온,089_0037,sample_089_0037_000027,개인정보
admin_ops@corp.local,089_0037,sample_089_0037_000028,개인정보
배완,089_0038,sample_089_0038_000010,개인정보
010-1234-5678,089_0038,sample_089_0038_000010,개인정보
baewan@example.com,089_0038,sample_089_0038_000010,개인정보
192.168.10.5,089_0038,sample_089_0038_000011,기밀정보
지보리,089_0038,sample_089_0038_000014,개인정보
서울특별시 강남구 테헤란로 123-45,089_0038,sample_089_0038_000014,개인정보
WP-2024-9988,089_0038,sample_089_0038_000015,기밀정보
계좌번호 123-456-789012,089_0038,sample_089_0038_000016,기밀정보
C:\internal\models\HEC-RAS\project_v2,089_0038,sample_089_0038_000017,기밀정보
10.0.2.15,089_0038,sample_089_0038_000017,기밀정보
vpn.example.internal,089_0038,sample_089_0038_000017,기밀정보
진경빈,089_0038,sample_089_0038_000019,개인정보
S-2023-045,089_0038,sample_089_0038_000019,개인정보
남본호,089_0038,sample_089_0038_000020,개인정보
배상은,089_0038,sample_089_0038_000021,개인정보
02-987-6543,089_0038,sample_089_0038_000021,개인정보
조도검,089_0038,sample_089_0038_000025,개인정보
손소율,089_0038,sample_089_0038_000026,개인정보
son@example.org,089_0038,sample_089_0038_000026,개인정보
생년월일: 1985-07-23,089_0038,sample_089_0038_000027,준식별자
성별: 남성,089_0038,sample_089_0038_000027,준식별자
홍현겸,089_0038,sample_089_0038_000028,개인정보
192.168.10.15,089_0039,sample_089_0039_000017,기밀정보
scada_admin,089_0039,sample_089_0039_000017,기밀정보
110-234567-01,089_0039,sample_089_0039_000026,기밀정보
윤대권,089_0039,sample_089_0039_000027,개인정보
/srv/data/089_0039/,089_0039,sample_089_0039_000030,기밀정보
김은준,089_0040,sample_089_0040_000004,개인정보
010-1111-2222,089_0040,sample_089_0040_000004,개인정보
kim.eunjun@water.go.kr,089_0040,sample_089_0040_000004,개인정보
한민엽,089_0040,sample_089_0040_000005,개인정보
전예소,089_0040,sample_089_0040_000006,개인정보
2025-0456,089_0040,sample_089_0040_000006,개인정보
경기도 수원시 권선구 세류동,089_0040,sample_089_0040_000008,준식별자
192.168.100.5,089_0040,sample_089_0040_000012,기밀정보
scada_admin,089_0040,sample_089_0040_000012,기밀정보
/srv/scada/ops/approval.docx,089_0040,sample_089_0040_000012,기밀정보
DOC-2025-001,089_0040,sample_089_0040_000017,기밀정보
주혜민,089_0040,sample_089_0040_000027,개인정보
송경태,089_0040,sample_089_0040_000028,개인정보
신라현,089_0041,sample_089_0041_000015,개인정보
010-1234-5678,089_0041,sample_089_0041_000015,개인정보
최희제,089_0041,sample_089_0041_000016,개인정보
CONF-2025-009,089_0041,sample_089_0041_000016,기밀정보
10.10.55.2,089_0041,sample_089_0041_000017,기밀정보
/srv/scada/data/logs/2025/01/15.log,089_0041,sample_089_0041_000017,기밀정보
"경기도 성남시 분당구 판교로 123, 101동 201호",089_0041,sample_089_0041_000019,개인정보
우이설,089_0041,sample_089_0041_000019,개인정보
WP-20240123-77,089_0041,sample_089_0041_000019,기밀정보
곽송이,089_0041,sample_089_0041_000026,개인정보
1985-06-15,089_0041,sample_089_0041_000027,준식별자
여,089_0041,sample_089_0041_000027,준식별자
2025,089_0042,sample_089_0042_000003,준식별자
06,089_0042,sample_089_0042_000003,준식별자
15,089_0042,sample_089_0042_000003,준식별자
2025,089_0042,sample_089_0042_000008,준식별자
06,089_0042,sample_089_0042_000008,준식별자
15,089_0042,sample_089_0042_000008,준식별자
2025,089_0042,sample_089_0042_000008,준식별자
06,089_0042,sample_089_0042_000008,준식별자
16,089_0042,sample_089_0042_000008,준식별자
2025,089_0042,sample_089_0042_000015,준식별자
05,089_0042,sample_089_0042_000015,준식별자
20,089_0042,sample_089_0042_000015,준식별자
2025,089_0042,sample_089_0042_000017,준식별자
06,089_0042,sample_089_0042_000017,준식별자
15,089_0042,sample_089_0042_000017,준식별자
https://scada.internal.local/stream,089_0042,sample_089_0042_000017,기밀정보
김진우,089_0042,sample_089_0042_000018,개인정보
운영팀장,089_0042,sample_089_0042_000018,준식별자
한국수자원공사,089_0042,sample_089_0042_000018,준식별자
010-1234-5678,089_0042,sample_089_0042_000019,개인정보
kimjw@hydro.example.org,089_0042,sample_089_0042_000019,개인정보
2025,089_0042,sample_089_0042_000022,준식별자
06,089_0042,sample_089_0042_000022,준식별자
15,089_0042,sample_089_0042_000022,준식별자
2025,089_0042,sample_089_0042_000027,준식별자
05,089_0042,sample_089_0042_000027,준식별자
20,089_0042,sample_089_0042_000027,준식별자
고정인,089_0042,sample_089_0042_000027,개인정보
경기도,089_0042,sample_089_0042_000028,준식별자
수원시,089_0042,sample_089_0042_000028,준식별자
팔달구,089_0042,sample_089_0042_000028,준식별자
/srv/data/secure/operational_plan_v2.xlsx,089_0042,sample_089_0042_000029,기밀정보
192.168.10.5,089_0042,sample_089_0042_000030,기밀정보
vpn.hydro.internal,089_0042,sample_089_0042_000030,기밀정보
오도빈,089_0043,sample_089_0043_000022,개인정보
1985,089_0043,sample_089_0043_000022,준식별자
07,089_0043,sample_089_0043_000022,준식별자
12,089_0043,sample_089_0043_000022,준식별자
남성,089_0043,sample_089_0043_000022,준식별자
010-1234-5678,089_0043,sample_089_0043_000022,개인정보
odobin@hanriver.go.kr,089_0043,sample_089_0043_000022,개인정보
2024,089_0043,sample_089_0043_000007,준식별자
11,089_0043,sample_089_0043_000007,준식별자
05,089_0043,sample_089_0043_000007,준식별자
2025,089_0043,sample_089_0043_000009,준식별자
03,089_0043,sample_089_0043_000009,준식별자
15,089_0043,sample_089_0043_000009,준식별자
192.0.2.45,089_0043,sample_089_0043_000019,기밀정보
/srv/internal/scada/config.yaml,089_0043,sample_089_0043_000020,기밀정보
scada_admin,089_0043,sample_089_0043_000020,기밀정보
WP-2024-0098,089_0043,sample_089_0043_000021,기밀정보
윤래원,089_0044,sample_089_0044_000002,개인정보
010-1234-5678,089_0044,sample_089_0044_000002,개인정보
yraewon@krwater.or.kr,089_0044,sample_089_0044_000002,개인정보
2023-0456,089_0044,sample_089_0044_000002,개인정보
문라영,089_0044,sample_089_0044_000003,개인정보
한국수자원공사,089_0044,sample_089_0044_000003,준식별자
1982-07-15,089_0044,sample_089_0044_000003,준식별자
충청북도 청주시 상당구,089_0044,sample_089_0044_000003,준식별자
임정찬,089_0044,sample_089_0044_000016,개인정보
scada_admin,089_0044,sample_089_0044_000018,기밀정보
192.168.0.10,089_0044,sample_089_0044_000018,기밀정보
vpn.internal.krw,089_0044,sample_089_0044_000018,기밀정보
010-9876-5432,089_0044,sample_089_0044_000026,개인정보
경기도 수원시 영통구 원천동 123-45,089_0044,sample_089_0044_000028,개인정보
123-456-789012,089_0044,sample_089_0044_000029,기밀정보
황지명,089_0044,sample_089_0044_000030,개인정보
진하라,089_0044,sample_089_0044_000030,개인정보
경기도 수원시 장안구,089_0045,sample_089_0045_000004,준식별자
엄치훈,089_0045,sample_089_0045_000007,개인정보
김한슬,089_0045,sample_089_0045_000008,개인정보
구길호,089_0045,sample_089_0045_000010,개인정보
서울특별시 종로구 세종로 1-23,089_0045,sample_089_0045_000011,개인정보
한기연,089_0045,sample_089_0045_000012,개인정보
010-1234-5678,089_0045,sample_089_0045_000012,개인정보
\\internal\\hydro\\models\\hecras\\run1,089_0045,sample_089_0045_000013,기밀정보
오정인,089_0045,sample_089_0045_000015,개인정보
192.168.10.45,089_0045,sample_089_0045_000017,기밀정보
operator01,089_0045,sample_089_0045_000018,기밀정보
유사라,089_0045,sample_089_0045_000021,개인정보
010-9876-5432,089_0045,sample_089_0045_000021,개인정보
채산,089_0045,sample_089_0045_000021,개인정보
02-345-6789,089_0045,sample_089_0045_000021,개인정보
성규림,089_0045,sample_089_0045_000028,개인정보
seong-kyu@example.com,089_0045,sample_089_0045_000028,개인정보
나해연,089_0046,sample_089_0046_000005,개인정보
010-9876-5432,089_0046,sample_089_0046_000005,개인정보
na.haeyun@waterlab.kr,089_0046,sample_089_0046_000005,개인정보
202235,089_0046,sample_089_0046_000005,개인정보
강원도,089_0046,sample_089_0046_000006,준식별자
춘천시,089_0046,sample_089_0046_000006,준식별자
후평동,089_0046,sample_089_0046_000006,준식별자
성기웅,089_0046,sample_089_0046_000007,개인정보
1985,089_0046,sample_089_0046_000007,준식별자
06,089_0046,sample_089_0046_000007,준식별자
12,089_0046,sample_089_0046_000007,준식별자
admin_user,089_0046,sample_089_0046_000008,기밀정보
10.0.0.5,089_0046,sample_089_0046_000008,기밀정보
123-456-789012,089_0046,sample_089_0046_000009,기밀정보
/srv/data/private,089_0046,sample_089_0046_000008,기밀정보
홍현숙,089_0047,sample_089_0047_000003,개인정보
010-1234-5678,089_0047,sample_089_0047_000003,개인정보
hong.hyun@example.com,089_0047,sample_089_0047_000003,개인정보
서울특별시 강남구 역삼동 123-45,089_0047,sample_089_0047_000004,개인정보
서울특별시,089_0047,sample_089_0047_000004,준식별자
강남구,089_0047,sample_089_0047_000004,준식별자
역삼동,089_0047,sample_089_0047_000004,준식별자
진인태,089_0047,sample_089_0047_000005,개인정보
1985,089_0047,sample_089_0047_000005,준식별자
06,089_0047,sample_089_0047_000005,준식별자
15,089_0047,sample_089_0047_000005,준식별자
여성,089_0047,sample_089_0047_000005,준식별자
한국수자원관리연구소,089_0047,sample_089_0047_000006,준식별자
2024-0001,089_0047,sample_089_0047_000006,개인정보
192.168.10.5,089_0047,sample_089_0047_000010,기밀정보
scada_admin,089_0047,sample_089_0047_000010,기밀정보
123-456789-00,089_0047,sample_089_0047_000011,기밀정보
/srv/op/secrets/operations.docx,089_0047,sample_089_0047_000012,기밀정보
정재문,089_0047,sample_089_0047_000020,개인정보
류주상,089_0047,sample_089_0047_000020,개인정보
유재수,089_0047,sample_089_0047_000025,개인정보
문현찬,089_0047,sample_089_0047_000025,개인정보
SN-987654321,089_0047,sample_089_0047_000026,기밀정보
10.8.0.2,089_0047,sample_089_0047_000028,기밀정보
지세영,089_0047,sample_089_0047_000029,개인정보
02-987-6543,089_0047,sample_089_0047_000029,개인정보
jise@example.org,089_0047,sample_089_0047_000029,개인정보
2026-01-23T09:00:00+09:00,089_0048,sample_089_0048_000004,준식별자
2026-01-22T00:00:00Z,089_0048,sample_089_0048_000006,준식별자
2026-01-23T00:00:00Z,089_0048,sample_089_0048_000006,준식별자
2026-01-23T09:00:00+09:00,089_0048,sample_089_0048_000007,준식별자
2025-11-15,089_0048,sample_089_0048_000009,준식별자
남비송,089_0048,sample_089_0048_000010,개인정보
+82-10-1234-5678,089_0048,sample_089_0048_000010,개인정보
nam.bisong@krwater.go.kr,089_0048,sample_089_0048_000010,개인정보
2025-12-05T08:30:00+09:00,089_0048,sample_089_0048_000013,준식별자
2026-01-23T11:15:00+09:00,089_0048,sample_089_0048_000016,준식별자
조우림,089_0048,sample_089_0048_000017,개인정보
박예준,089_0048,sample_089_0048_000017,개인정보
10.10.0.12,089_0048,sample_089_0048_000018,기밀정보
/srv/scada/logs/telemetry_20260123.csv,089_0048,sample_089_0048_000018,기밀정보
v20260115,089_0048,sample_089_0048_000022,준식별자
HEC-RAS_out_v6.3_20260123.nc,089_0048,sample_089_0048_000024,기밀정보
ensemble_summary_20260123.csv,089_0048,sample_089_0048_000024,기밀정보
/data/models/2026/HECRAS,089_0048,sample_089_0048_000024,기밀정보
WP-2025-0098,089_0048,sample_089_0048_000025,기밀정보
WP-2025-0098,089_0048,sample_089_0048_000026,기밀정보
1980-07-12,089_0048,sample_089_0048_000027,준식별자
scada_admin,089_0048,sample_089_0048_000028,기밀정보
123-456789-01,089_0048,sample_089_0048_000029,기밀정보
고혁기,089_0049,sample_089_0049_000004,개인정보
010-1234-5678,089_0049,sample_089_0049_000004,개인정보
gohyukgi@example.org,089_0049,sample_089_0049_000004,개인정보
사번 20230045,089_0049,sample_089_0049_000004,개인정보
WTR-Permit-2023-089,089_0049,sample_089_0049_000011,기밀정보
10.8.0.12,089_0049,sample_089_0049_000013,기밀정보
/srv/scada/logs,089_0049,sample_089_0049_000013,기밀정보
WQ-2024-007,089_0049,sample_089_0049_000015,일반정보
378-01-123456,089_0049,sample_089_0049_000016,기밀정보
"서울특별시 종로구 세종대로 1길 20, 3층(우편번호 포함)",089_0049,sample_089_0049_000018,개인정보
한정필,089_0049,sample_089_0049_000022,개인정보
하진유,089_0049,sample_089_0049_000022,개인정보
주영제,089_0049,sample_089_0049_000028,개인정보
손철민,089_0049,sample_089_0049_000028,개인정보
/data/water/reports/2024/089-0049.pdf,089_0049,sample_089_0049_000028,기밀정보
오영욱,089_0050,sample_089_0050_000016,개인정보
010-1234-5678,089_0050,sample_089_0050_000016,개인정보
oyw@example.com,089_0050,sample_089_0050_000016,개인정보
국립수자원연구원,089_0050,sample_089_0050_000016,준식별자
민은세,089_0050,sample_089_0050_000017,개인정보
국립수자원연구원,089_0050,sample_089_0050_000017,준식별자
1985-07-12,089_0050,sample_089_0050_000017,준식별자
경기도 수원시 팔달구,089_0050,sample_089_0050_000018,준식별자
192.168.100.5,089_0050,sample_089_0050_000020,기밀정보
admin_ops,089_0050,sample_089_0050_000020,기밀정보
2024-WS-00987,089_0050,sample_089_0050_000021,기밀정보
123-456-789012,089_0050,sample_089_0050_000021,기밀정보
우상규,089_0050,sample_089_0050_000025,개인정보
수원시 장안구,089_0051,sample_089_0051_000005,준식별자
용인시 처인구,089_0051,sample_089_0051_000007,준식별자
10.10.254.12,089_0051,sample_089_0051_000009,기밀정보
admin_rw,089_0051,sample_089_0051_000009,기밀정보
수원시 재난안전과,089_0051,sample_089_0051_000016,준식별자
박시헌,089_0051,sample_089_0051_000016,개인정보
010-1234-5678,089_0051,sample_089_0051_000016,개인정보
pshehun@krwater.go.kr,089_0051,sample_089_0051_000016,개인정보
국가하천관리청 수자원본부,089_0051,sample_089_0051_000021,준식별자
허서원,089_0051,sample_089_0051_000022,개인정보
박시헌,089_0051,sample_089_0051_000023,개인정보
사번 20250123,089_0051,sample_089_0051_000023,개인정보
류화영,089_0051,sample_089_0051_000024,개인정보
1985-06-12,089_0051,sample_089_0051_000024,준식별자
192.168.1.10,089_0051,sample_089_0051_000025,기밀정보
/srv/data/private/water_ops.conf,089_0051,sample_089_0051_000025,기밀정보
vpn.internal.krwater.local,089_0051,sample_089_0051_000026,기밀정보
123-456-789012,089_0051,sample_089_0051_000027,기밀정보
경기도 가평군,089_0052,sample_089_0052_000003,준식별자
채수영,089_0052,sample_089_0052_000005,개인정보
010-1234-5678,089_0052,sample_089_0052_000005,개인정보
chaesy@krwater.go.kr,089_0052,sample_089_0052_000005,개인정보
신영남,089_0052,sample_089_0052_000006,개인정보
1980-05-12,089_0052,sample_089_0052_000006,준식별자
남,089_0052,sample_089_0052_000006,준식별자
한국수자원연구소,089_0052,sample_089_0052_000006,준식별자
서울특별시 종로구 청운효자동 12-3,089_0052,sample_089_0052_000007,개인정보
2023-0456,089_0052,sample_089_0052_000009,개인정보
박연하,089_0052,sample_089_0052_000009,개인정보
10.0.0.42,089_0052,sample_089_0052_000012,기밀정보
/srv/data/SCADA/logs/2026/secret.db,089_0052,sample_089_0052_000013,기밀정보
123-456-789012,089_0052,sample_089_0052_000014,기밀정보
홍형순,089_0052,sample_089_0052_000020,개인정보
박우람,089_0052,sample_089_0052_000020,개인정보
채예린,089_0052,sample_089_0052_000026,개인정보
노마루,089_0052,sample_089_0052_000029,개인정보
010-9876-5432,089_0052,sample_089_0052_000029,개인정보
noma@example.org,089_0052,sample_089_0052_000029,개인정보
허현우,089_0053,sample_089_0053_000007,개인정보
010-1234-5678,089_0053,sample_089_0053_000007,개인정보
우솔,089_0053,sample_089_0053_000008,개인정보
wusol.lab@example.com,089_0053,sample_089_0053_000008,개인정보
주용재,089_0053,sample_089_0053_000011,개인정보
경기도 수원시 장안구,089_0053,sample_089_0053_000011,준식별자
계좌번호 123-456-789012,089_0053,sample_089_0053_000011,기밀정보
192.168.10.45,089_0053,sample_089_0053_000015,기밀정보
/srv/data/scada/logs/20260123.log,089_0053,sample_089_0053_000015,기밀정보
안근태,089_0053,sample_089_0053_000016,개인정보
010-9876-5432,089_0053,sample_089_0053_000016,개인정보
최진석,089_0053,sample_089_0053_000016,개인정보
부산광역시 기장군,089_0053,sample_089_0053_000020,준식별자
192.168.0.10,089_0054,sample_089_0054_000016,기밀정보
손태이,089_0054,sample_089_0054_000022,개인정보
신승윤,089_0054,sample_089_0054_000022,개인정보
sontaeyi@example.com,089_0054,sample_089_0054_000023,개인정보
010-1234-5678,089_0054,sample_089_0054_000023,개인정보
https://internal.hanriver.local/login,089_0054,sample_089_0054_000024,기밀정보
/var/data/scada/telemetry.db,089_0054,sample_089_0054_000024,기밀정보
사번 2024-0012,089_0054,sample_089_0054_000029,개인정보
한강유역물관리공단,089_0054,sample_089_0054_000030,준식별자
손한선,089_0055,sample_089_0055_000002,개인정보
010-5555-1234,089_0055,sample_089_0055_000002,개인정보
sonhs@waterlab.kr,089_0055,sample_089_0055_000002,개인정보
경기도 수원시 장안구 권선동 123-45,089_0055,sample_089_0055_000002,개인정보
2024-11-01T00:00:00+09:00,089_0055,sample_089_0055_000004,준식별자
2024-11-01T01:00:00+09:00,089_0055,sample_089_0055_000004,준식별자
2024-05-12,089_0055,sample_089_0055_000008,준식별자
경기도 수원시,089_0055,sample_089_0055_000016,준식별자
192.168.10.5,089_0055,sample_089_0055_000017,기밀정보
/srv/data/SCADA/telemetry.db,089_0055,sample_089_0055_000017,기밀정보
ACC-2023-9988,089_0055,sample_089_0055_000011,기밀정보
123-456-789,089_0055,sample_089_0055_000024,기밀정보
허오윤,089_0055,sample_089_0055_000020,개인정보
임해율,089_0055,sample_089_0055_000030,개인정보
방규나,089_0056,sample_089_0056_000020,개인정보
+82-10-1234-5678,089_0056,sample_089_0056_000020,개인정보
bkna@example.com,089_0056,sample_089_0056_000020,개인정보
김정미,089_0056,sample_089_0056_000021,개인정보
사번 2023-045,089_0056,sample_089_0056_000021,개인정보
2025-04-02,089_0056,sample_089_0056_000021,준식별자
서울특별시 강남구 삼성동 123-4,089_0056,sample_089_0056_000022,개인정보
06236,089_0056,sample_089_0056_000022,개인정보
임지빈,089_0056,sample_089_0056_000023,개인정보
1985-07-12,089_0056,sample_089_0056_000023,준식별자
scada_admin,089_0056,sample_089_0056_000024,기밀정보
192.168.10.20,089_0056,sample_089_0056_000024,기밀정보
/srv/data/hec-ras/configs/operation_v2,089_0056,sample_089_0056_000024,기밀정보
192.168.10.5,089_0057,sample_089_0057_000007,기밀정보
https://intranet.krwater.local/scada,089_0057,sample_089_0057_000007,기밀정보
배연하,089_0057,sample_089_0057_000008,개인정보
010-1234-5678,089_0057,sample_089_0057_000008,개인정보
bae.yeonha@krwater.go.kr,089_0057,sample_089_0057_000008,개인정보
사번 2021-0456,089_0057,sample_089_0057_000008,개인정보
서울특별시 강남구 테헤란로 123,089_0057,sample_089_0057_000008,개인정보
한국수자원연구원,089_0057,sample_089_0057_000008,준식별자
계좌번호 123-456-789012,089_0057,sample_089_0057_000025,기밀정보
우우림,089_0057,sample_089_0057_000009,개인정보
ABC농업회사법인,089_0057,sample_089_0057_000010,준식별자
장정원,089_0057,sample_089_0057_000011,개인정보
1980-05-20,089_0057,sample_089_0057_000011,준식별자
박하린,089_0057,sample_089_0057_000012,개인정보
박하린,089_0057,sample_089_0057_000019,개인정보
나경준,089_0057,sample_089_0057_000018,개인정보
직원ID 9876,089_0057,sample_089_0057_000020,개인정보
10.0.0.5,089_0058,sample_089_0058_000016,기밀정보
vpn.internal.example.com,089_0058,sample_089_0058_000016,기밀정보
이윤우,089_0058,sample_089_0058_000021,개인정보
010-1234-5678,089_0058,sample_089_0058_000021,개인정보
lee.yunwoo@example.org,089_0058,sample_089_0058_000021,개인정보
채봄이,089_0058,sample_089_0058_000022,개인정보
내선 210,089_0058,sample_089_0058_000022,개인정보
서울특별시 강남구 역삼동 123-45,089_0058,sample_089_0058_000022,개인정보
scada_operator,089_0058,sample_089_0058_000023,기밀정보
192.168.10.25,089_0058,sample_089_0058_000023,기밀정보
류나우,089_0059,sample_089_0059_000002,개인정보
EMP-2023-045,089_0059,sample_089_0059_000002,개인정보
+82-10-1234-5678,089_0059,sample_089_0059_000002,개인정보
ryunau@example.com,089_0059,sample_089_0059_000002,개인정보
천수빈,089_0059,sample_089_0059_000005,개인정보
1985-06-15,089_0059,sample_089_0059_000006,준식별자
남성,089_0059,sample_089_0059_000006,준식별자
서울특별시 강동구,089_0059,sample_089_0059_000006,준식별자
수자원관리기술자,089_0059,sample_089_0059_000006,준식별자
10.0.0.12,089_0059,sample_089_0059_000009,기밀정보
/srv/scada/secret.cfg,089_0059,sample_089_0059_000010,기밀정보
vpn.internal.example.com,089_0059,sample_089_0059_000010,기밀정보
계좌번호: 987-654-3210,089_0059,sample_089_0059_000010,기밀정보
DamRelease!2026,089_0059,sample_089_0059_000010,기밀정보
신현우,089_0060,sample_089_0060_000016,개인정보
1985-07-23,089_0060,sample_089_0060_000016,준식별자
10.0.0.45,089_0060,sample_089_0060_000017,기밀정보
정건욱,089_0060,sample_089_0060_000018,개인정보
2024-0457,089_0060,sample_089_0060_000018,개인정보
010-1234-5678,089_0060,sample_089_0060_000018,개인정보
황용희,089_0060,sample_089_0060_000021,개인정보
192.168.10.5,089_0060,sample_089_0060_000023,기밀정보
/srv/scada/logs/2025/secret.log,089_0060,sample_089_0060_000023,기밀정보
110-123-456789,089_0060,sample_089_0060_000024,기밀정보
나윤주,089_0061,sample_089_0061_000006,개인정보
+82-10-1234-5678,089_0061,sample_089_0061_000006,개인정보
nayunju@example.com,089_0061,sample_089_0061_000006,개인정보
경기도 안성시 서운면,089_0061,sample_089_0061_000012,준식별자
10.0.0.45,089_0061,sample_089_0061_000014,기밀정보
/srv/scada/logs/telemetry.log,089_0061,sample_089_0061_000014,기밀정보
진푸름,089_0061,sample_089_0061_000015,개인정보
공광희,089_0061,sample_089_0061_000020,개인정보
공광희,089_0061,sample_089_0061_000020,기밀정보
ACC-2025-007,089_0061,sample_089_0061_000022,기밀정보
vpn-internal.example.local,089_0061,sample_089_0061_000024,기밀정보
박정안,089_0061,sample_089_0061_000026,개인정보
010-9999-0000,089_0061,sample_089_0061_000026,개인정보
admin@corp.local,089_0061,sample_089_0061_000028,기밀정보
공민영,089_0062,sample_089_0062_000009,개인정보
10.0.0.5,089_0062,sample_089_0062_000011,기밀정보
operator_admin,089_0062,sample_089_0062_000011,기밀정보
경기도,089_0062,sample_089_0062_000022,준식별자
화성시,089_0062,sample_089_0062_000022,준식별자
팔탄면,089_0062,sample_089_0062_000022,준식별자
엄철현,089_0062,sample_089_0062_000028,개인정보
010-0000-0000,089_0062,sample_089_0062_000028,개인정보
oops@example.com,089_0062,sample_089_0062_000028,개인정보
황규란,089_0063,sample_089_0063_000002,개인정보
hgr@water.kr,089_0063,sample_089_0063_000002,개인정보
010-1234-5678,089_0063,sample_089_0063_000002,개인정보
서울특별시 강남구 삼성동 123-45,089_0063,sample_089_0063_000003,개인정보
국립수문연구소,089_0063,sample_089_0063_000004,준식별자
국립환경과학원,089_0063,sample_089_0063_000009,준식별자
한국농어촌공사,089_0063,sample_089_0063_000012,준식별자
10.0.0.5,089_0063,sample_089_0063_000020,기밀정보
scada_ops,089_0063,sample_089_0063_000020,기밀정보
A-2025-09,089_0063,sample_089_0063_000025,기밀정보
/srv/internal/drawings/dam_design_v2.dwg,089_0063,sample_089_0063_000025,기밀정보
123-456-789012,089_0063,sample_089_0063_000025,기밀정보
우두희,089_0063,sample_089_0063_000029,개인정보
192.168.10.45,089_0064,sample_089_0064_000022,기밀정보
내부 결재선 '운영팀장 승인',089_0064,sample_089_0064_000023,기밀정보
계좌번호 100-234-56789,089_0064,sample_089_0064_000023,기밀정보
권지강,089_0064,sample_089_0064_000024,개인정보
사번 20231234,089_0064,sample_089_0064_000024,개인정보
010-1234-5678,089_0064,sample_089_0064_000024,개인정보
kjg_water@agency.kr,089_0064,sample_089_0064_000024,개인정보
권지강,089_0064,sample_089_0064_000025,개인정보
남성,089_0064,sample_089_0064_000025,준식별자
1989년,089_0064,sample_089_0064_000025,준식별자
07월,089_0064,sample_089_0064_000025,준식별자
12일,089_0064,sample_089_0064_000025,준식별자
서울특별시,089_0064,sample_089_0064_000025,준식별자
강남구,089_0064,sample_089_0064_000025,준식별자
삼성동,089_0064,sample_089_0064_000025,준식별자
현장 운영 총괄,089_0064,sample_089_0064_000024,준식별자
전성영,089_0065,sample_089_0065_000006,개인정보
010-1234-5678,089_0065,sample_089_0065_000006,개인정보
사번 2023-0456,089_0065,sample_089_0065_000006,개인정보
우명자,089_0065,sample_089_0065_000016,개인정보
박정빈,089_0065,sample_089_0065_000021,개인정보
1980-05-12,089_0065,sample_089_0065_000021,준식별자
여성,089_0065,sample_089_0065_000021,준식별자
김다비,089_0065,sample_089_0065_000023,개인정보
192.168.10.15,089_0065,sample_089_0065_000025,기밀정보
/opt/internal/scada/credentials.txt,089_0065,sample_089_0065_000025,기밀정보
vpn.company.local,089_0065,sample_089_0065_000025,기밀정보
110-123-456789,089_0065,sample_089_0065_000026,기밀정보
10.0.0.12,089_0066,sample_089_0066_000018,기밀정보
/srv/data/scada/internal.log,089_0066,sample_089_0066_000018,기밀정보
우다혜,089_0066,sample_089_0066_000020,개인정보
010-1234-5678,089_0066,sample_089_0066_000020,개인정보
wdh.operator@water-example.com,089_0066,sample_089_0066_000020,개인정보
차선미,089_0066,sample_089_0066_000021,기밀정보
곽소이,089_0066,sample_089_0066_000022,개인정보
02-555-0123,089_0066,sample_089_0066_000022,개인정보
국토수리연구소,089_0066,sample_089_0066_000022,준식별자
123-456-789,089_0066,sample_089_0066_000024,기밀정보
"50,000,000 KRW",089_0066,sample_089_0066_000024,기밀정보
문루리,089_0066,sample_089_0066_000028,개인정보
010-9876-5432,089_0066,sample_089_0066_000028,개인정보
서울특별시 중랑구 상봉동 123-45,089_0066,sample_089_0066_000028,개인정보
오중민,089_0067,sample_089_0067_000010,개인정보
백다인,089_0067,sample_089_0067_000010,개인정보
오중민,089_0067,sample_089_0067_000011,개인정보
010-2222-3333,089_0067,sample_089_0067_000011,개인정보
백다인,089_0067,sample_089_0067_000011,개인정보
010-3333-4444,089_0067,sample_089_0067_000011,개인정보
심예현,089_0067,sample_089_0067_000012,개인정보
20210234,089_0067,sample_089_0067_000012,개인정보
010-1234-5678,089_0067,sample_089_0067_000012,개인정보
yehyun.sim@example.com,089_0067,sample_089_0067_000012,개인정보
채하경,089_0067,sample_089_0067_000013,개인정보
1985-05-20,089_0067,sample_089_0067_000013,준식별자
10.0.12.34,089_0067,sample_089_0067_000019,기밀정보
\\intranet\\scada\\logs,089_0067,sample_089_0067_000019,기밀정보
123-456-789012,089_0067,sample_089_0067_000020,기밀정보
vpn.corp.internal,089_0067,sample_089_0067_000020,기밀정보
경기도 수원시 팔달구 매향로 50-3,089_0067,sample_089_0067_000022,개인정보
방원희,089_0067,sample_089_0067_000022,개인정보
차보나,089_0067,sample_089_0067_000024,개인정보
오중민,089_0067,sample_089_0067_000028,개인정보
백다인,089_0067,sample_089_0067_000028,개인정보
주유건,089_0067,sample_089_0067_000028,개인정보
공교현,089_0067,sample_089_0067_000029,개인정보
정정선,089_0068,sample_089_0068_000022,개인정보
문민형,089_0068,sample_089_0068_000022,개인정보
주혜윤,089_0068,sample_089_0068_000023,개인정보
juheyun@example.com,089_0068,sample_089_0068_000023,개인정보
010-1234-5678,089_0068,sample_089_0068_000023,개인정보
20234567,089_0068,sample_089_0068_000023,개인정보
서울특별시 종로구 세종로 1-1,089_0068,sample_089_0068_000023,개인정보
우정렬,089_0068,sample_089_0068_000024,개인정보
172.16.5.12,089_0068,sample_089_0068_000025,기밀정보
10.0.0.45,089_0068,sample_089_0068_000025,기밀정보
https://intranet.example.local/ops,089_0068,sample_089_0068_000025,기밀정보
vpn.ops.example.local,089_0068,sample_089_0068_000025,기밀정보
123-456-789,089_0068,sample_089_0068_000026,기밀정보
/data/projects/ops/river_model_v1,089_0068,sample_089_0068_000027,기밀정보
1985-07-15,089_0068,sample_089_0068_000029,준식별자
여성,089_0068,sample_089_0068_000029,준식별자
경기도 수원시 장안구,089_0068,sample_089_0068_000029,준식별자
수문부서장,089_0068,sample_089_0068_000029,준식별자
차혜주,089_0068,sample_089_0068_000030,개인정보
채화영,089_0069,sample_089_0069_000003,개인정보
1985,089_0069,sample_089_0069_000003,준식별자
06,089_0069,sample_089_0069_000003,준식별자
12,089_0069,sample_089_0069_000003,준식별자
여성,089_0069,sample_089_0069_000003,준식별자
2023-0456,089_0069,sample_089_0069_000003,개인정보
chaehy@example.com,089_0069,sample_089_0069_000003,개인정보
010-1234-5678,089_0069,sample_089_0069_000003,개인정보
서울특별시,089_0069,sample_089_0069_000003,준식별자
강남구,089_0069,sample_089_0069_000003,준식별자
역삼동,089_0069,sample_089_0069_000003,준식별자
류나래,089_0069,sample_089_0069_000004,개인정보
192.168.10.15,089_0069,sample_089_0069_000010,기밀정보
123-456-789012,089_0069,sample_089_0069_000010,기밀정보
sftp://int-server.example.local,089_0069,sample_089_0069_000010,기밀정보
류준환,089_0070,sample_089_0070_000003,개인정보
010-1234-5678,089_0070,sample_089_0070_000003,개인정보
rj@example.com,089_0070,sample_089_0070_000003,개인정보
엄혜지,089_0070,sample_089_0070_000004,개인정보
1985-07-21,089_0070,sample_089_0070_000004,준식별자
성별: 여,089_0070,sample_089_0070_000004,준식별자
수문기술자,089_0070,sample_089_0070_000004,준식별자
경기도 성남시 분당구 정자동 123-45,089_0070,sample_089_0070_000005,개인정보
대전광역시 유성구,089_0070,sample_089_0070_000006,준식별자
W-2025-0007,089_0070,sample_089_0070_000014,기밀정보
ops_scada_admin,089_0070,sample_089_0070_000019,기밀정보
10.0.0.12,089_0070,sample_089_0070_000019,기밀정보
하명환,089_0070,sample_089_0070_000022,개인정보
하명환,089_0070,sample_089_0070_000023,개인정보
내부 결재선: 본부장 하명환 승인,089_0070,sample_089_0070_000023,기밀정보
110-234-567890,089_0070,sample_089_0070_000024,기밀정보
\\intra-server\hydro\projects,089_0070,sample_089_0070_000025,기밀정보
vpn.internal.example.com,089_0070,sample_089_0070_000025,기밀정보
배재표,089_0070,sample_089_0070_000026,개인정보
배도혁,089_0071,sample_089_0071_000003,개인정보
010-1234-5678,089_0071,sample_089_0071_000003,개인정보
bdh@example.com,089_0071,sample_089_0071_000003,개인정보
2021-0456,089_0071,sample_089_0071_000003,개인정보
팀장->국장,089_0071,sample_089_0071_000004,기밀정보
123-456-789012,089_0071,sample_089_0071_000004,기밀정보
10.8.0.12,089_0071,sample_089_0071_000004,기밀정보
scada_admin,089_0071,sample_089_0071_000004,기밀정보
서울특별시 종로구 삼청로 12-4,089_0071,sample_089_0071_000005,개인정보
1985,089_0071,sample_089_0071_000006,준식별자
07,089_0071,sample_089_0071_000006,준식별자
12,089_0071,sample_089_0071_000006,준식별자
남,089_0071,sample_089_0071_000006,준식별자
대한민국,089_0071,sample_089_0071_000006,준식별자
KMO_023,089_0071,sample_089_0071_000007,일반정보
RG_15,089_0071,sample_089_0071_000008,일반정보
GW_07,089_0071,sample_089_0071_000009,일반정보
RSRV_A,089_0071,sample_089_0071_000010,일반정보
12.50 m3/s,089_0071,sample_089_0071_000011,일반정보
13.80 m3/s,089_0071,sample_089_0071_000011,일반정보
WQ_202501_011,089_0071,sample_089_0071_000013,일반정보
Sentinel-2,089_0071,sample_089_0071_000014,일반정보
BATHY_2101,089_0071,sample_089_0071_000015,일반정보
WP-2024-089,089_0071,sample_089_0071_000016,일반정보
HEC-RAS,089_0071,sample_089_0071_000018,일반정보
정준현,089_0071,sample_089_0071_000020,개인정보
010-2345-6789,089_0071,sample_089_0071_000020,개인정보
CAL_QG11_241201,089_0071,sample_089_0071_000021,일반정보
catchments_KMO_2025.shp,089_0071,sample_089_0071_000022,일반정보
MODBUS/TCP,089_0071,sample_089_0071_000023,일반정보
copernicus,089_0071,sample_089_0071_000024,일반정보
RMSE,089_0071,sample_089_0071_000025,일반정보
900101-1234567,089_0071,sample_089_0071_000029,개인정보
vpn.internal.example.com,089_0071,sample_089_0071_000030,기밀정보
/srv/data/internal/,089_0071,sample_089_0071_000030,기밀정보
홍아엘,089_0072,sample_089_0072_000005,개인정보
010-1234-5678,089_0072,sample_089_0072_000005,개인정보
hong.ael@example.com,089_0072,sample_089_0072_000005,개인정보
2023-0456,089_0072,sample_089_0072_000005,개인정보
경기도 수원시 권선구 매탄동 123-45,089_0072,sample_089_0072_000005,개인정보
수원시,089_0072,sample_089_0072_000005,준식별자
권선구,089_0072,sample_089_0072_000005,준식별자
매탄동,089_0072,sample_089_0072_000005,준식별자
손범진,089_0072,sample_089_0072_000006,개인정보
남,089_0072,sample_089_0072_000006,준식별자
1985,089_0072,sample_089_0072_000006,준식별자
07,089_0072,sample_089_0072_000006,준식별자
12,089_0072,sample_089_0072_000006,준식별자
admin_scada,089_0072,sample_089_0072_000015,기밀정보
10.0.0.5,089_0072,sample_089_0072_000015,기밀정보
/srv/scada/data,089_0072,sample_089_0072_000015,기밀정보
손준혁,089_0072,sample_089_0072_000018,개인정보
송홍기,089_0072,sample_089_0072_000018,개인정보
곽미자,089_0072,sample_089_0072_000027,개인정보
gmw@example.org,089_0072,sample_089_0072_000027,개인정보
scada_admin,089_0073,sample_089_0073_000021,기밀정보
10.0.1.12,089_0073,sample_089_0073_000021,기밀정보
/srv/scada/logs/2025/05/,089_0073,sample_089_0073_000021,기밀정보
/internal/docs/approval_line/confidential.docx,089_0073,sample_089_0073_000029,기밀정보
계좌번호=345-987654-00,089_0073,sample_089_0073_000029,기밀정보
조경은,089_0073,sample_089_0073_000026,개인정보
jke@water.kr,089_0073,sample_089_0073_000026,개인정보
010-1234-5678,089_0073,sample_089_0073_000026,개인정보
류세범,089_0073,sample_089_0073_000027,개인정보
사번=20230045,089_0073,sample_089_0073_000027,개인정보
경기도 성남시 분당구,089_0073,sample_089_0073_000028,준식별자
1980-05-12,089_0073,sample_089_0073_000028,준식별자
신덕성,089_0074,sample_089_0074_000023,개인정보
20230012,089_0074,sample_089_0074_000023,개인정보
010-9876-5432,089_0074,sample_089_0074_000023,개인정보
sds@water.example,089_0074,sample_089_0074_000023,개인정보
경기도 성남시 분당구,089_0074,sample_089_0074_000024,준식별자
1985-07-12,089_0074,sample_089_0074_000025,준식별자
남,089_0074,sample_089_0074_000025,준식별자
비공개 결재선,089_0074,sample_089_0074_000026,기밀정보
scada_approval_v2,089_0074,sample_089_0074_000026,기밀정보
192.168.10.12,089_0074,sample_089_0074_000027,기밀정보
scada_admin,089_0074,sample_089_0074_000027,기밀정보
vpn.internal.example,089_0074,sample_089_0074_000028,기밀정보
301-012345-01-23,089_0074,sample_089_0074_000029,기밀정보
/srv/scada/logs/operation.db,089_0074,sample_089_0074_000030,기밀정보
황재형,089_0074,sample_089_0074_000031,개인정보
구다솔,089_0075,sample_089_0075_000004,개인정보
구다솔,089_0075,sample_089_0075_000004,기밀정보
gdsol@example.com,089_0075,sample_089_0075_000004,개인정보
010-1234-5678,089_0075,sample_089_0075_000004,개인정보
백희창,089_0075,sample_089_0075_000005,개인정보
백희창,089_0075,sample_089_0075_000005,기밀정보
사번: 2023-045,089_0075,sample_089_0075_000005,개인정보
우병규,089_0075,sample_089_0075_000005,개인정보
안현국,089_0075,sample_089_0075_000012,개인정보
1980,089_0075,sample_089_0075_000012,준식별자
06,089_0075,sample_089_0075_000012,준식별자
23,089_0075,sample_089_0075_000012,준식별자
123-456-789012,089_0075,sample_089_0075_000015,기밀정보
10.0.0.45,089_0075,sample_089_0075_000019,기밀정보
scada_admin,089_0075,sample_089_0075_000019,기밀정보
조한결,089_0075,sample_089_0075_000020,개인정보
장찬현,089_0075,sample_089_0075_000025,개인정보
\\internal\\projects\\water_mgmt,089_0075,sample_089_0075_000029,기밀정보
vpn.company.local,089_0075,sample_089_0075_000029,기밀정보
성윤한,089_0075,sample_089_0075_000030,개인정보
오지율,089_0076,sample_089_0076_000005,개인정보
2024-089,089_0076,sample_089_0076_000005,개인정보
010-1234-5678,089_0076,sample_089_0076_000005,개인정보
충청북도,089_0076,sample_089_0076_000006,준식별자
옥천군,089_0076,sample_089_0076_000006,준식별자
군서면,089_0076,sample_089_0076_000006,준식별자
한국수자원연구원,089_0076,sample_089_0076_000006,준식별자
WPR-2023-5567,089_0076,sample_089_0076_000015,기밀정보
심수오,089_0076,sample_089_0076_000019,개인정보
192.168.100.12,089_0076,sample_089_0076_000022,기밀정보
/srv/protected/operational/plans/2024_releases.docx,089_0076,sample_089_0076_000022,기밀정보
vpn.internal.local,089_0076,sample_089_0076_000022,기밀정보
배한비,089_0076,sample_089_0076_000026,개인정보
010-9876-5432,089_0076,sample_089_0076_000026,개인정보
차지영,089_0077,sample_089_0077_000005,개인정보
chajy@example.com,089_0077,sample_089_0077_000005,개인정보
010-1234-5678,089_0077,sample_089_0077_000005,개인정보
경기도,089_0077,sample_089_0077_000006,준식별자
수원시,089_0077,sample_089_0077_000006,준식별자
권선구,089_0077,sample_089_0077_000006,준식별자
10.0.0.5,089_0077,sample_089_0077_000012,기밀정보
차영준,089_0078,sample_089_0078_000007,개인정보
010-1234-5678,089_0078,sample_089_0078_000007,개인정보
cyj_office@example.com,089_0078,sample_089_0078_000007,개인정보
사번 2023-0456,089_0078,sample_089_0078_000007,개인정보
용인시 수지구,089_0078,sample_089_0078_000004,준식별자
1980-05-12,089_0078,sample_089_0078_000026,준식별자
남,089_0078,sample_089_0078_000026,준식별자
서울특별시 강서구 공항대로 123,089_0078,sample_089_0078_000026,개인정보
양경율,089_0078,sample_089_0078_000020,개인정보
곽승후,089_0078,sample_089_0078_000025,개인정보
10.0.0.5,089_0078,sample_089_0078_000017,기밀정보
/srv/data/SCADA/logs/2025/secret.log,089_0078,sample_089_0078_000017,기밀정보
scada_admin,089_0078,sample_089_0078_000017,기밀정보
vpn.internal.company,089_0078,sample_089_0078_000022,기밀정보
scada_user,089_0078,sample_089_0078_000023,기밀정보
계좌번호 321-987-654321,089_0078,sample_089_0078_000027,기밀정보
차영준,089_0078,sample_089_0078_000020,개인정보
성보민,089_0079,sample_089_0079_000003,개인정보
010-1234-5678,089_0079,sample_089_0079_000003,개인정보
seong.bomin@water.kr,089_0079,sample_089_0079_000003,개인정보
"서울특별시 중구 세종대로 110, 7층",089_0079,sample_089_0079_000004,개인정보
scada_admin,089_0079,sample_089_0079_000006,기밀정보
10.0.0.5,089_0079,sample_089_0079_000006,기밀정보
C:\Projects\Hydro\confidential\scada_cfg.txt,089_0079,sample_089_0079_000006,기밀정보
RP-2024-04567,089_0079,sample_089_0079_000010,기밀정보
안연두,089_0079,sample_089_0079_000015,개인정보
2024-089,089_0079,sample_089_0079_000015,개인정보
경기도 고양시 덕양구 암사로 12-3,089_0079,sample_089_0079_000020,개인정보
허려은,089_0079,sample_089_0079_000022,개인정보
070-9876-5432,089_0079,sample_089_0079_000022,개인정보
박시언,089_0080,sample_089_0080_000002,개인정보
park.sioon@example.com,089_0080,sample_089_0080_000003,개인정보
010-1234-5678,089_0080,sample_089_0080_000004,개인정보
2023-0456,089_0080,sample_089_0080_000005,개인정보
경기도 수원시 장안구 연무로 27-5,089_0080,sample_089_0080_000006,개인정보
남,089_0080,sample_089_0080_000007,준식별자
1985년,089_0080,sample_089_0080_000007,준식별자
06월,089_0080,sample_089_0080_000007,준식별자
15일,089_0080,sample_089_0080_000007,준식별자
현장관측원,089_0080,sample_089_0080_000007,준식별자
192.168.10.5,089_0080,sample_089_0080_000008,기밀정보
/srv/scada/data/telemetry.log,089_0080,sample_089_0080_000009,기밀정보
123-456-789012,089_0080,sample_089_0080_000010,기밀정보
한순복,089_0080,sample_089_0080_000011,개인정보
진미송,089_0080,sample_089_0080_000028,개인정보
오우수,089_0081,sample_089_0081_000008,개인정보
진라임,089_0081,sample_089_0081_000018,개인정보
진라임,089_0081,sample_089_0081_000018,기밀정보
백제린,089_0081,sample_089_0081_000024,개인정보
김준용,089_0081,sample_089_0081_000028,개인정보
원철호,089_0081,sample_089_0081_000028,개인정보
하에녹,089_0081,sample_089_0081_000002,개인정보
사번 20230045,089_0081,sample_089_0081_000002,개인정보
양승영,089_0081,sample_089_0081_000015,개인정보
김준용,089_0081,sample_089_0081_000028,기밀정보
10.0.2.15,089_0081,sample_089_0081_000017,기밀정보
scada_admin,089_0081,sample_089_0081_000017,기밀정보
110-123-456789,089_0081,sample_089_0081_000024,기밀정보
세종특별자치시,089_0081,sample_089_0081_000003,준식별자
대전광역시 서구,089_0081,sample_089_0081_000004,준식별자
류관우,089_0082,sample_089_0082_000014,개인정보
010-1234-5678,089_0082,sample_089_0082_000014,개인정보
ryu.k@example.com,089_0082,sample_089_0082_000014,개인정보
10.0.0.42,089_0082,sample_089_0082_000015,기밀정보
/srv/scada/logs/obs_20240115.log,089_0082,sample_089_0082_000015,기밀정보
신명주,089_0082,sample_089_0082_000016,개인정보
남성,089_0082,sample_089_0082_000017,준식별자
1985-07-21,089_0082,sample_089_0082_000017,준식별자
오승천,089_0082,sample_089_0082_000020,개인정보
REG-998877,089_0082,sample_089_0082_000020,기밀정보
한채은,089_0082,sample_089_0082_000021,개인정보
서울특별시 강남구 테헤란로 10-34 502호,089_0082,sample_089_0082_000021,개인정보
구지해,089_0082,sample_089_0082_000022,개인정보
02-987-6543,089_0082,sample_089_0082_000022,개인정보
민승율,089_0082,sample_089_0082_000025,개인정보
svc_hydrology,089_0082,sample_089_0082_000026,기밀정보
192.168.1.10,089_0082,sample_089_0082_000026,기밀정보
vpn.internal.example.com,089_0082,sample_089_0082_000026,기밀정보
나강훈,089_0082,sample_089_0082_000028,개인정보
nakanghun@example.org,089_0082,sample_089_0082_000028,개인정보
010-9876-5432,089_0082,sample_089_0082_000028,개인정보
엄하희,089_0083,sample_089_0083_000005,개인정보
진나림,089_0083,sample_089_0083_000006,개인정보
군산시,089_0083,sample_089_0083_000007,준식별자
익산시,089_0083,sample_089_0083_000007,준식별자
조승건,089_0083,sample_089_0083_000019,개인정보
http://10.0.0.5:8080/login,089_0083,sample_089_0083_000021,기밀정보
\\intranet\\scada\\logs,089_0083,sample_089_0083_000022,기밀정보
진나림,089_0083,sample_089_0083_000026,개인정보
권성주,089_0083,sample_089_0083_000026,개인정보
남영덕,089_0083,sample_089_0083_000030,개인정보
허병호,089_0084,sample_089_0084_000002,개인정보
국토수자원연구원,089_0084,sample_089_0084_000002,준식별자
20230045,089_0084,sample_089_0084_000002,개인정보
hbhong@example.com,089_0084,sample_089_0084_000002,개인정보
010-1234-5678,089_0084,sample_089_0084_000002,개인정보
1980,089_0084,sample_089_0084_000003,준식별자
11,089_0084,sample_089_0084_000003,준식별자
23,089_0084,sample_089_0084_000003,준식별자
배설,089_0084,sample_089_0084_000004,개인정보
서울특별시,089_0084,sample_089_0084_000005,준식별자
강남구,089_0084,sample_089_0084_000005,준식별자
10.0.0.45,089_0084,sample_089_0084_000010,기밀정보
scada_admin,089_0084,sample_089_0084_000010,기밀정보
123-456-789012,089_0084,sample_089_0084_000011,기밀정보
/srv/data/private/ops_plan.docx,089_0084,sample_089_0084_000011,기밀정보
차무승,089_0084,sample_089_0084_000012,개인정보
진솔,089_0084,sample_089_0084_000012,개인정보
신동재,089_0084,sample_089_0084_000012,개인정보
백재윤,089_0085,sample_089_0085_000002,개인정보
bae.yj@example.org,089_0085,sample_089_0085_000003,개인정보
20201234,089_0085,sample_089_0085_000004,개인정보
1985-06-15,089_0085,sample_089_0085_000005,준식별자
경기도 수원시 장안구 율천동 123-45,089_0085,sample_089_0085_000006,개인정보
성별: 남,089_0085,sample_089_0085_000007,준식별자
수문팀장,089_0085,sample_089_0085_000008,준식별자
10.0.0.12,089_0085,sample_089_0085_000009,기밀정보
110-123-456789,089_0085,sample_089_0085_000010,기밀정보
/srv/data/private/model_cfg_v3.cfg,089_0085,sample_089_0085_000011,기밀정보
2024-12-01T00:00:00+09:00,089_0086,sample_089_0086_000003,준식별자
2025-01-15T23:00:00+09:00,089_0086,sample_089_0086_000003,준식별자
2025-01-15T12:00:00+09:00,089_0086,sample_089_0086_000005,준식별자
경기도 고양시 일산동구,089_0086,sample_089_0086_000006,준식별자
2024-11-30T09:00:00+09:00,089_0086,sample_089_0086_000007,준식별자
2025-01-15T06:00:00+09:00,089_0086,sample_089_0086_000008,준식별자
2025-01-10T14:30:00+09:00,089_0086,sample_089_0086_000009,준식별자
2024-10-20T08:00:00+09:00,089_0086,sample_089_0086_000011,준식별자
2025-01-14T18:00:00+09:00,089_0086,sample_089_0086_000015,준식별자
2024-11-15T10:00:00+09:00,089_0086,sample_089_0086_000016,준식별자
천치호,089_0086,sample_089_0086_000019,개인정보
2025-01-15T07:15:00+09:00,089_0086,sample_089_0086_000022,준식별자
2025-01-20T09:00:00+09:00,089_0086,sample_089_0086_000028,준식별자
양정,089_0087,sample_089_0087_000009,개인정보
장하은,089_0087,sample_089_0087_000015,개인정보
하가율,089_0087,sample_089_0087_000020,개인정보
10.0.0.23,089_0087,sample_089_0087_000021,기밀정보
WP-2024-00987,089_0087,sample_089_0087_000024,기밀정보
010-8888-7777,089_0087,sample_089_0087_000027,개인정보
ops_contact@example.org,089_0087,sample_089_0087_000027,개인정보
남송윤,089_0087,sample_089_0087_000027,개인정보
123-456789-01-00,089_0087,sample_089_0087_000028,기밀정보
허근혁,089_0088,sample_089_0088_000003,개인정보
사번: 2024-0077,089_0088,sample_089_0088_000003,개인정보
010-1234-5678,089_0088,sample_089_0088_000003,개인정보
hhy@water.kr,089_0088,sample_089_0088_000003,개인정보
경기도 수원시 장안구 율천동 123-45,089_0088,sample_089_0088_000004,개인정보
경기도,089_0088,sample_089_0088_000005,준식별자
수원시,089_0088,sample_089_0088_000005,준식별자
장안구,089_0088,sample_089_0088_000005,준식별자
WPERM-2024-0099,089_0088,sample_089_0088_000013,기밀정보
192.0.2.55,089_0088,sample_089_0088_000020,기밀정보
우경덕,089_0088,sample_089_0088_000023,개인정보
곽가은,089_0088,sample_089_0088_000026,개인정보
BUD-2024-07-88,089_0088,sample_089_0088_000029,기밀정보
331-04-123456,089_0088,sample_089_0088_000029,기밀정보
전완,089_0089,sample_089_0089_000007,개인정보
배철민,089_0089,sample_089_0089_000010,개인정보
유역관리사무소,089_0089,sample_089_0089_000010,준식별자
경기도,089_0089,sample_089_0089_000010,준식별자
수원시,089_0089,sample_089_0089_000010,준식별자
영통구,089_0089,sample_089_0089_000010,준식별자
한동원,089_0089,sample_089_0089_000012,개인정보
전세찬,089_0089,sample_089_0089_000014,개인정보
10.0.0.5,089_0089,sample_089_0089_000016,기밀정보
/etc/scada/keys.pem,089_0089,sample_089_0089_000016,기밀정보
주혁,089_0089,sample_089_0089_000017,개인정보
010-2345-6789,089_0089,sample_089_0089_000017,개인정보
홍재율,089_0089,sample_089_0089_000017,개인정보
010-3456-7890,089_0089,sample_089_0089_000017,개인정보
신동일,089_0089,sample_089_0089_000024,개인정보
sind@example.org,089_0089,sample_089_0089_000024,개인정보
권태미,089_0089,sample_089_0089_000025,개인정보
2024-045,089_0089,sample_089_0089_000025,개인정보
vpn.ops.local,089_0089,sample_089_0089_000026,기밀정보
유희찬,089_0090,sample_089_0090_000026,개인정보
유희찬,089_0090,sample_089_0090_000027,개인정보
010-1234-5678,089_0090,sample_089_0090_000027,개인정보
yhc@waterdept.kr,089_0090,sample_089_0090_000027,개인정보
192.168.100.12,089_0090,sample_089_0090_000028,기밀정보
scada_admin,089_0090,sample_089_0090_000028,기밀정보
vpn.water.local,089_0090,sample_089_0090_000028,기밀정보
123-456-789012,089_0090,sample_089_0090_000029,기밀정보
지세경,089_0090,sample_089_0090_000030,개인정보
1980-05-12,089_0090,sample_089_0090_000030,준식별자
부산광역시 해운대구,089_0090,sample_089_0090_000031,준식별자
황상민,089_0090,sample_089_0090_000032,개인정보
2021-0456,089_0090,sample_089_0090_000032,개인정보
강정,089_0091,sample_089_0091_000003,개인정보
경기도 화성시,089_0091,sample_089_0091_000005,준식별자
10.10.10.11,089_0091,sample_089_0091_000007,기밀정보
admin,089_0091,sample_089_0091_000009,기밀정보
박루아,089_0091,sample_089_0091_000015,개인정보
수원시 팔달구,089_0091,sample_089_0091_000017,준식별자
192.168.0.42,089_0091,sample_089_0091_000021,기밀정보
문승일,089_0091,sample_089_0091_000023,개인정보
윤효빈,089_0091,sample_089_0091_000025,개인정보
하건효,089_0092,sample_089_0092_000003,개인정보
박경운,089_0092,sample_089_0092_000003,개인정보
원은우,089_0092,sample_089_0092_000003,개인정보
park.kw@testcorp.co.kr,089_0092,sample_089_0092_000004,개인정보
010-1234-5678,089_0092,sample_089_0092_000004,개인정보
서울특별시 강남구 역삼동 823-5,089_0092,sample_089_0092_000005,개인정보
E20231234,089_0092,sample_089_0092_000005,개인정보
1985-07-12,089_0092,sample_089_0092_000005,준식별자
남성,089_0092,sample_089_0092_000005,준식별자
강남구,089_0092,sample_089_0092_000005,준식별자
수문기사,089_0092,sample_089_0092_000003,준식별자
10.0.5.12,089_0092,sample_089_0092_000028,기밀정보
scada_admin,089_0092,sample_089_0092_000028,기밀정보
vpn.internal.example.com,089_0092,sample_089_0092_000028,기밀정보
123-456-789012,089_0092,sample_089_0092_000029,기밀정보
신해원,089_0093,sample_089_0093_000018,개인정보
010-1234-5678,089_0093,sample_089_0093_000018,개인정보
shw@example.com,089_0093,sample_089_0093_000018,개인정보
20240123,089_0093,sample_089_0093_000018,개인정보
신해원,089_0093,sample_089_0093_000019,개인정보
1985,089_0093,sample_089_0093_000019,준식별자
06,089_0093,sample_089_0093_000019,준식별자
15,089_0093,sample_089_0093_000019,준식별자
서울특별시,089_0093,sample_089_0093_000020,준식별자
강남구,089_0093,sample_089_0093_000020,준식별자
역삼동,089_0093,sample_089_0093_000020,준식별자
10.0.0.12,089_0093,sample_089_0093_000021,기밀정보
WP-2024-00027,089_0093,sample_089_0093_000022,기밀정보
123-456-789,089_0093,sample_089_0093_000022,기밀정보
백김,089_0093,sample_089_0093_000025,개인정보
hydrodms.local,089_0093,sample_089_0093_000028,기밀정보
192.168.10.5,089_0093,sample_089_0093_000028,기밀정보
노영도,089_0094,sample_089_0094_000006,개인정보
010-1234-5678,089_0094,sample_089_0094_000006,개인정보
npy@agency.kr,089_0094,sample_089_0094_000006,개인정보
사번 2023-0056,089_0094,sample_089_0094_000006,개인정보
2024-05-12,089_0094,sample_089_0094_000007,준식별자
경기도 성남시 분당구,089_0094,sample_089_0094_000007,준식별자
10.0.0.12,089_0094,sample_089_0094_000009,기밀정보
계좌번호 123-456-789012,089_0094,sample_089_0094_000010,기밀정보
원나연,089_0094,sample_089_0094_000013,개인정보
고온,089_0094,sample_089_0094_000013,개인정보
010-9876-5432,089_0094,sample_089_0094_000013,개인정보
원나연,089_0094,sample_089_0094_000014,개인정보
vpn.hydro.internal,089_0094,sample_089_0094_000016,기밀정보
정혜원,089_0094,sample_089_0094_000024,개인정보
jhwon@agency.kr,089_0094,sample_089_0094_000024,개인정보
02-555-0199,089_0094,sample_089_0094_000024,개인정보
송이안,089_0095,sample_089_0095_000002,개인정보
010-1234-5678,089_0095,sample_089_0095_000002,개인정보
songian.hydro@agency.kr,089_0095,sample_089_0095_000002,개인정보
A20230567,089_0095,sample_089_0095_000005,개인정보
공창윤,089_0095,sample_089_0095_000014,개인정보
서울특별시 강동구 성내동 123-45,089_0095,sample_089_0095_000018,개인정보
scada_admin,089_0095,sample_089_0095_000020,기밀정보
10.8.0.5,089_0095,sample_089_0095_000020,기밀정보
123-456-78-901234,089_0095,sample_089_0095_000024,기밀정보
"5,000만원",089_0095,sample_089_0095_000024,기밀정보
SN-778899,089_0095,sample_089_0095_000026,기밀정보
Permit-HR-2024-009,089_0095,sample_089_0095_000027,기밀정보
충청남도 홍성군,089_0097,sample_089_0097_000005,준식별자
안철우,089_0097,sample_089_0097_000010,개인정보
scada_admin,089_0097,sample_089_0097_000011,기밀정보
10.10.5.12,089_0097,sample_089_0097_000011,기밀정보
WP-2024-0099,089_0097,sample_089_0097_000018,기밀정보
윤지언,089_0097,sample_089_0097_000021,개인정보
관측운영팀장,089_0097,sample_089_0097_000021,준식별자
010-1234-5678,089_0097,sample_089_0097_000021,개인정보
yji.water@synthetic.kr,089_0097,sample_089_0097_000021,개인정보
송승인,089_0097,sample_089_0097_000023,개인정보
/srv/data/private/operational/plan_v2.xlsx,089_0097,sample_089_0097_000027,기밀정보
vpn.internal.water:1194,089_0097,sample_089_0097_000027,기밀정보
백영남,089_0097,sample_089_0097_000028,개인정보
사번: 20221234,089_0097,sample_089_0097_000028,개인정보
data.request@watergov.local,089_0097,sample_089_0097_000029,개인정보
심창훈,089_0098,sample_089_0098_000003,개인정보
010-9876-5432,089_0098,sample_089_0098_000003,개인정보
sch@example.org,089_0098,sample_089_0098_000003,개인정보
서울특별시,089_0098,sample_089_0098_000009,준식별자
강남구,089_0098,sample_089_0098_000009,준식별자
역삼동,089_0098,sample_089_0098_000009,준식별자
2025,089_0098,sample_089_0098_000012,준식별자
03,089_0098,sample_089_0098_000012,준식별자
15,089_0098,sample_089_0098_000012,준식별자
박채운,089_0098,sample_089_0098_000012,개인정보
10.0.0.5,089_0098,sample_089_0098_000018,기밀정보
/srv/internal/plan.docx,089_0098,sample_089_0098_000018,기밀정보
123-456-789012,089_0098,sample_089_0098_000018,기밀정보
A-2024-0456,089_0098,sample_089_0098_000023,기밀정보
주성수,089_0098,sample_089_0098_000021,개인정보
한준승,089_0098,sample_089_0098_000027,개인정보
198.51.100.23,089_0099,sample_089_0099_000020,기밀정보
http://internal.scada.local,089_0099,sample_089_0099_000020,기밀정보
admin_user,089_0099,sample_089_0099_000021,기밀정보
P@ssw0rd!,089_0099,sample_089_0099_000021,기밀정보
543-21-987654,089_0099,sample_089_0099_000022,기밀정보
C:\SCADA\configs\secret.cfg,089_0099,sample_089_0099_000022,기밀정보
경기도 수원시 권선구,089_0099,sample_089_0099_000023,준식별자
경기도 수원시 권선구,089_0099,sample_089_0099_000024,준식별자
공필준,089_0099,sample_089_0099_000024,개인정보
1980-06-03,089_0099,sample_089_0099_000024,준식별자
010-1234-5678,089_0099,sample_089_0099_000024,개인정보
gongpj@example.org,089_0099,sample_089_0099_000024,개인정보
국립수문연구원,089_0099,sample_089_0099_000024,준식별자
노호산,089_0099,sample_089_0099_000025,개인정보
010-9876-5432,089_0099,sample_089_0099_000025,개인정보
noh@example.org,089_0099,sample_089_0099_000025,개인정보
PS-2024-045,089_0099,sample_089_0099_000026,기밀정보
전희제,089_0100,sample_089_0100_000003,개인정보
jeon.h@agency.local,089_0100,sample_089_0100_000003,개인정보
한동욱,089_0100,sample_089_0100_000004,개인정보
1980-05-12,089_0100,sample_089_0100_000004,준식별자
010-1234-5678,089_0100,sample_089_0100_000005,개인정보
서울특별시 강남구 테헤란로 1호 101동 502호,089_0100,sample_089_0100_000006,개인정보
수원시 영통구,089_0100,sample_089_0100_000007,준식별자
성남시 분당구,089_0100,sample_089_0100_000007,준식별자
사번: 2025001,089_0100,sample_089_0100_000008,개인정보
박재하,089_0100,sample_089_0100_000010,개인정보
담당자 박재하가 내부 결재(결재선ID: INT-002)로 승인함,089_0100,sample_089_0100_000010,기밀정보
INT-002,089_0100,sample_089_0100_000010,기밀정보
10.10.10.5,089_0100,sample_089_0100_000012,기밀정보
s3://private-data/reservoir/2025,089_0100,sample_089_0100_000013,기밀정보
123-456-789012,089_0100,sample_089_0100_000014,기밀정보
우유은,089_0100,sample_089_0100_000026,개인정보
김이,089_0100,sample_089_0100_000026,개인정보
임지상,089_0100,sample_089_0100_000026,개인정보
