{
    "document_id": "093_0088",
    "document_title": "위조 의심 제품 조사 보고서 - 케이스 093_0088",
    "data": [
        {
            "sentence": "사건 개요: 본 보고서는 위조 방지 및 브랜드 보호를 위한 사례 조사 보고서로, 사건 ID는 CASE-093-0088입니다.",
            "id": "sample_093_0088_000001",
            "annotations": []
        },
        {
            "sentence": "브랜드명: 아모르브랜드(모의), 제품 SKU: AMR-B-202, 시리얼 넘버 샘플: SN-093-0001, 배치/로트: LOT-202403-A.",
            "id": "sample_093_0088_000002",
            "annotations": []
        },
        {
            "sentence": "제조일자(manufacture_date)는 2024년 03월 15일로 제품 라벨과 회사 원장에 기록되어 있습니다.",
            "id": "sample_093_0088_000003",
            "annotations": [
                {
                    "word": "2024년",
                    "start": 24,
                    "end": 29,
                    "label": "준식별자"
                },
                {
                    "word": "03월",
                    "start": 30,
                    "end": 33,
                    "label": "준식별자"
                },
                {
                    "word": "15일",
                    "start": 34,
                    "end": 37,
                    "label": "준식별자"
                }
            ]
        },
        {
            "sentence": "관찰일자(observed_date)는 2024년 04월 02일이며, 소비자 신고와 현장 검사 사진의 타임스탬프가 일치합니다.",
            "id": "sample_093_0088_000004",
            "annotations": [
                {
                    "word": "2024년",
                    "start": 21,
                    "end": 26,
                    "label": "준식별자"
                },
                {
                    "word": "04월",
                    "start": 27,
                    "end": 30,
                    "label": "준식별자"
                },
                {
                    "word": "02일",
                    "start": 31,
                    "end": 34,
                    "label": "준식별자"
                }
            ]
        },
        {
            "sentence": "발견 위치(location): 서울특별시 강남구 역삼동 인근 물류창고 앞 GPS 좌표는 37.4979,127.0276로 기록되어 있습니다.",
            "id": "sample_093_0088_000005",
            "annotations": [
                {
                    "word": "서울특별시",
                    "start": 17,
                    "end": 22,
                    "label": "준식별자"
                },
                {
                    "word": "강남구",
                    "start": 23,
                    "end": 26,
                    "label": "준식별자"
                },
                {
                    "word": "역삼동",
                    "start": 27,
                    "end": 30,
                    "label": "준식별자"
                }
            ]
        },
        {
            "sentence": "의심 판매자(suspect_vendor)는 온라인 도매상 '강유통'으로 특정되었고, 마켓플레이스 리스팅 URL은 https://market.example.com/listing/AMR-B-202입니다.",
            "id": "sample_093_0088_000006",
            "annotations": []
        },
        {
            "sentence": "증거 유형(evidence_type): image 및 video, 증거 미디어 해시(evidence_media_hash): 3a7c9f2b8e1a9d6f4b2c5e8f7a9d3c1b2e4f6a9c8b7d3e1f2a9b3c7d8e1f2a3 (SHA-256)을 수집하며 타임스탬프를 포함합니다.",
            "id": "sample_093_0088_000007",
            "annotations": []
        },
        {
            "sentence": "고해상도 이미지 URL은 https://evidence.example.com/093_0088/img001.jpg이며 EXIF 메타데이터와 해시가 함께 보존됩니다.",
            "id": "sample_093_0088_000008",
            "annotations": []
        },
        {
            "sentence": "포렌식 보고서 ID: FR-2024-093-001, 실험실 분석에서는 잉크 조성 및 플라스틱 첨가제가 진품 표본과 현저히 다른 결과를 보였습니다.",
            "id": "sample_093_0088_000009",
            "annotations": []
        },
        {
            "sentence": "진위점수(authenticity_score)는 27로 산정되었으며, 알고리즘과 인간 검토 결과의 가중합에 기반합니다.",
            "id": "sample_093_0088_000010",
            "annotations": []
        },
        {
            "sentence": "조사 상태(investigation_status)는 'investigating'으로 표기되어 있으며 추가 증거 확보가 진행 중입니다.",
            "id": "sample_093_0088_000011",
            "annotations": []
        },
        {
            "sentence": "권장 조치(recommended_action)는 우선적인 takedown 요청과 플랫폼 내 즉각적 경고 표출을 포함합니다.",
            "id": "sample_093_0088_000012",
            "annotations": []
        },
        {
            "sentence": "관할 권역(jurisdiction)은 대한민국이며 관련 법령과 GDPR 영향 검토가 문서 하단에 포함됩니다.",
            "id": "sample_093_0088_000013",
            "annotations": []
        },
        {
            "sentence": "체인오브커스터디(chain_of_custody)는 수집, 이동, 보관의 각 단계에서 서명과 로그를 남기며 서명자 중 현장 검사원은 손우경입니다.",
            "id": "sample_093_0088_000014",
            "annotations": [
                {
                    "word": "손우경",
                    "start": 73,
                    "end": 76,
                    "label": "개인정보"
                }
            ]
        },
        {
            "sentence": "첫 증거 수집 타임스탬프는 2024년 04월 02일 10:12:34 UTC로 이미지 파일과 함께 불변 해시가 블록체인에 기록되었습니다.",
            "id": "sample_093_0088_000015",
            "annotations": [
                {
                    "word": "2024년",
                    "start": 15,
                    "end": 20,
                    "label": "준식별자"
                },
                {
                    "word": "04월",
                    "start": 21,
                    "end": 24,
                    "label": "준식별자"
                },
                {
                    "word": "02일",
                    "start": 25,
                    "end": 28,
                    "label": "준식별자"
                }
            ]
        },
        {
            "sentence": "체인오브커스터디 서명 로그에는 '손우경(검사원) 서명', '송윤건(보관자) 서명'이 포함되어 있으며 각각 서명 이미지의 해시와 타임스탬프가 첨부되었습니다.",
            "id": "sample_093_0088_000016",
            "annotations": [
                {
                    "word": "손우경",
                    "start": 18,
                    "end": 21,
                    "label": "개인정보"
                },
                {
                    "word": "송윤건",
                    "start": 33,
                    "end": 36,
                    "label": "개인정보"
                }
            ]
        },
        {
            "sentence": "내부 기밀 경로: \\\\srv\\\\brand\\\\confidential\\\\case093\\\\report_final.docx 는 감사용으로 저장되며 접근 제어 목록에 기록됩니다.",
            "id": "sample_093_0088_000017",
            "annotations": [
                {
                    "word": "\\\\srv\\\\brand\\\\confidential\\\\case093\\\\report_final.docx",
                    "start": 10,
                    "end": 64,
                    "label": "기밀정보"
                }
            ]
        },
        {
            "sentence": "내부 결재선: 승인자 송윤건, 검토자 황준후, 최종 책임자 성은탁으로 명시되어 있으나 공개 시 법적 제한을 따르며 법인계좌번호: XXX-XXXX-XXXX는 내부 재무 기록에만 존재합니다.",
            "id": "sample_093_0088_000018",
            "annotations": [
                {
                    "word": "송윤건",
                    "start": 12,
                    "end": 15,
                    "label": "개인정보"
                },
                {
                    "word": "황준후",
                    "start": 21,
                    "end": 24,
                    "label": "개인정보"
                },
                {
                    "word": "성은탁",
                    "start": 33,
                    "end": 36,
                    "label": "개인정보"
                },
                {
                    "word": "법인계좌번호: XXX-XXXX-XXXX",
                    "start": 64,
                    "end": 85,
                    "label": "기밀정보"
                }
            ]
        },
        {
            "sentence": "저작권 등록 번호(copyright_registration_number)는 CR-2024-0093으로 문서에 인용되어 있습니다.",
            "id": "sample_093_0088_000019",
            "annotations": []
        },
        {
            "sentence": "세관 신고번호(customs_declaration_number)는 CUS-2024-3088로 수입·수출 기록과 연동되어 검토되었습니다.",
            "id": "sample_093_0088_000020",
            "annotations": []
        },
        {
            "sentence": "센서 로그(sensor_log_reference): SENSOR-093-2024-04-02에는 온도·습도·충격 경보가 포함되어 있으며 원시 로그는 암호화 저장됩니다.",
            "id": "sample_093_0088_000021",
            "annotations": []
        },
        {
            "sentence": "블록체인 거래 해시(blockchain_tx_hash): 0x9b1fa7c3d8e6a4f2b1c3d9e6f7a8b2c3d4e5f6a7b8c9d0e1f2a3b4c5d6e7f8가 증거 불변성의 근거로 기록되어 있습니다.",
            "id": "sample_093_0088_000022",
            "annotations": []
        },
        {
            "sentence": "소비자 신고 ID(consumer_report_id): CRPT-20240402-555는 소비자가 제공한 사진과 함께 익명화되어 수집되었습니다.",
            "id": "sample_093_0088_000023",
            "annotations": []
        },
        {
            "sentence": "수사기관 사건번호(law_enforcement_case_number)는 LE-2024-88로 등록되어 지정 수사관 우루이가 사건을 인계받았습니다.",
            "id": "sample_093_0088_000024",
            "annotations": [
                {
                    "word": "우루이",
                    "start": 64,
                    "end": 67,
                    "label": "개인정보"
                }
            ]
        },
        {
            "sentence": "증거물 이미지의 EXIF에는 촬영일시, 카메라모델, GPS 좌표가 포함되어 있으며 최소 해상도 3000x2000을 준수합니다.",
            "id": "sample_093_0088_000025",
            "annotations": []
        },
        {
            "sentence": "법적·윤리적 제약: 본 문서의 개인 식별정보는 마스킹되었으며, 국경간 전송 시 GDPR 영향을 표기하였습니다.",
            "id": "sample_093_0088_000026",
            "annotations": []
        },
        {
            "sentence": "보관 기간 및 플랫폼 조치 SLA는 문서별로 5년 보관과 24-72시간 내 테이크다운 실행을 원칙으로 합니다.",
            "id": "sample_093_0088_000027",
            "annotations": []
        },
        {
            "sentence": "결론 및 권장 실행계획: 즉시 플랫폼 takedown 요청, 현장 증거 추가 수집, 관세 데이터 연계 및 형사고발 포함을 권고합니다.",
            "id": "sample_093_0088_000028",
            "annotations": []
        }
    ]
}