{
    "document_id": "093_0076",
    "document_title": "위조 의심 제품 조사 보고서 및 체인오브커스터디 기록",
    "data": [
        {
            "sentence": "문서 요약: 본 보고서는 위조 의심 제품의 출처 조사와 브랜드 보호 조치 권고를 기록합니다.",
            "id": "sample_093_0076_000001",
            "annotations": []
        },
        {
            "sentence": "사건 식별자(case_id)는 CASE-093-0076으로 내부 추적용으로 부여되었습니다.",
            "id": "sample_093_0076_000002",
            "annotations": []
        },
        {
            "sentence": "권리자 브랜드는 'NOVA-TEK'로 등록되어 있으며 제품 SKU는 NT-540-A입니다.",
            "id": "sample_093_0076_000003",
            "annotations": []
        },
        {
            "sentence": "의심 제품 일련번호(serial_number)는 SN-NT-20240612-0009로 표기되어 있습니다.",
            "id": "sample_093_0076_000004",
            "annotations": []
        },
        {
            "sentence": "로트(batch_lot)는 LOT-7782이며 제조일자(manufacture_date)는 2025-03-15로 기록되었습니다.",
            "id": "sample_093_0076_000005",
            "annotations": []
        },
        {
            "sentence": "최초 관찰일(observed_date)은 2025-06-12이며 수집 위치는 서울특별시 강남구 인근 창고로 기재되어 있습니다.",
            "id": "sample_093_0076_000006",
            "annotations": [
                {
                    "word": "서울특별시",
                    "start": 43,
                    "end": 48,
                    "label": "준식별자"
                },
                {
                    "word": "강남구",
                    "start": 49,
                    "end": 52,
                    "label": "준식별자"
                }
            ]
        },
        {
            "sentence": "의심 판매자는 해외 도매업자 'GlobalTradeX'로 특정되었으며 마켓플레이스 리스팅 URL은 https://market.example.com/listing/NT-540-A-999입니다.",
            "id": "sample_093_0076_000007",
            "annotations": []
        },
        {
            "sentence": "증거 유형은 image 및 chain_of_custody 문서이며 고해상도 이미지 링크가 함께 제출되었습니다.",
            "id": "sample_093_0076_000008",
            "annotations": []
        },
        {
            "sentence": "증거 미디어 해시(evidence_media_hash, SHA-256)는 3f786850e387550fdab836ed7e6dc881de23001b4a9c3d5e6f7a8b9c0d1e2f3a로 시작하는 64자 해시로 기록되어 있습니다.",
            "id": "sample_093_0076_000009",
            "annotations": []
        },
        {
            "sentence": "고해상도 이미지 URL: https://evidence.example.com/images/NT-540-A-20250612.jpg, EXIF 포함 및 촬영타임스탬프가 첨부되어 있습니다.",
            "id": "sample_093_0076_000010",
            "annotations": []
        },
        {
            "sentence": "포렌식 보고서 ID는 FR-2025-0098이며 실험실 검사 결과와 물질 분석 요약이 포함되어 있습니다.",
            "id": "sample_093_0076_000011",
            "annotations": []
        },
        {
            "sentence": "진위 점수(authenticity_score)는 알고리즘 및 전문가 검토 후 22/100으로 낮게 산정되었습니다.",
            "id": "sample_093_0076_000012",
            "annotations": []
        },
        {
            "sentence": "조사 상태(investigation_status)는 'investigating'으로 표기되어 있으며 추가 현장검사가 예정되어 있습니다.",
            "id": "sample_093_0076_000013",
            "annotations": []
        },
        {
            "sentence": "권장 조치(recommended_action)는 초기에는 takedown 및 판매자 경고를 권고하나 추가 증거 시에는 seizure 또는 legal 조치가 검토됩니다.",
            "id": "sample_093_0076_000014",
            "annotations": []
        },
        {
            "sentence": "관할권은 한국(Republic of Korea)으로 명시되어 있으며 국경 간 데이터 전송 제한 사항은 GDPR 준수를 전제로 합니다.",
            "id": "sample_093_0076_000015",
            "annotations": []
        },
        {
            "sentence": "저작권 등록 번호(copyright_registration_number)는 CR-5566-2023으로 기록되어 있으며 권리자 자료와 대조 중입니다.",
            "id": "sample_093_0076_000016",
            "annotations": [
                {
                    "word": "CR-5566-2023",
                    "start": 42,
                    "end": 54,
                    "label": "기밀정보"
                }
            ]
        },
        {
            "sentence": "통관 신고번호(customs_declaration_number)는 CUS-2024-998877로 표기되어 해당 수입 로트의 추적에 사용됩니다.",
            "id": "sample_093_0076_000017",
            "annotations": [
                {
                    "word": "CUS-2024-998877",
                    "start": 37,
                    "end": 52,
                    "label": "기밀정보"
                }
            ]
        },
        {
            "sentence": "센서 로그 참조(sensor_log_reference)는 SL-NT-540-1201로 온도·충격 기록의 인덱스입니다.",
            "id": "sample_093_0076_000018",
            "annotations": []
        },
        {
            "sentence": "블록체인 출처 증명(blockchain_tx_hash)은 9f2d4e5c3b1a9d7e8c6b5a4f3e2d1c0b9a8f7e6d5c4b3a2f1e0d9c8b7a6e5f4로 기록되어 변경 불가성을 보장합니다.",
            "id": "sample_093_0076_000019",
            "annotations": []
        },
        {
            "sentence": "소비자 제보 ID는 CRP-2025-311이며 제보자는 오유림으로 신고 내역과 사진을 제출하였습니다.",
            "id": "sample_093_0076_000020",
            "annotations": [
                {
                    "word": "오유림",
                    "start": 31,
                    "end": 34,
                    "label": "개인정보"
                }
            ]
        },
        {
            "sentence": "체인오브커스터디 항목: 증거 회수 1단계에서 검사원 구주미가 현장 서명을 완료하고 타임스탬프와 파일 해시를 기록했습니다.",
            "id": "sample_093_0076_000021",
            "annotations": [
                {
                    "word": "구주미",
                    "start": 29,
                    "end": 32,
                    "label": "개인정보"
                }
            ]
        },
        {
            "sentence": "동일 문서에 따라 증거 전달 2단계에서는 수거자 조세혁이 서명하고 로그가 교차검증되었습니다.",
            "id": "sample_093_0076_000022",
            "annotations": [
                {
                    "word": "조세혁",
                    "start": 27,
                    "end": 30,
                    "label": "개인정보"
                }
            ]
        },
        {
            "sentence": "관련 서명들에는 서명자 이름과 역할, 서명 타임스탬프, 서명된 파일의 SHA-256 해시가 포함되어 증거 무결성을 확보합니다.",
            "id": "sample_093_0076_000023",
            "annotations": []
        },
        {
            "sentence": "내부 결재선: 승인권자 조세혁, 결재코드 CONF-DELTA로 보고되어 내부 검토 절차와 연계된 기밀 결재 항목입니다.",
            "id": "sample_093_0076_000024",
            "annotations": [
                {
                    "word": "조세혁",
                    "start": 13,
                    "end": 16,
                    "label": "개인정보"
                },
                {
                    "word": "내부 결재선: 승인권자 조세혁, 결재코드 CONF-DELTA",
                    "start": 0,
                    "end": 33,
                    "label": "기밀정보"
                },
                {
                    "word": "CONF-DELTA",
                    "start": 23,
                    "end": 33,
                    "label": "기밀정보"
                }
            ]
        },
        {
            "sentence": "사내 VPN 접속 URL은 https://vpn.internal.brand.local로 명시되어 있으며 접근 로그는 보안상 제한됩니다.",
            "id": "sample_093_0076_000025",
            "annotations": [
                {
                    "word": "https://vpn.internal.brand.local",
                    "start": 15,
                    "end": 47,
                    "label": "기밀정보"
                }
            ]
        },
        {
            "sentence": "재무 관련 참조로 계좌번호(법인 결제 전용)는 123-456-789012으로 표기되어 있으며 이 정보는 기밀로 취급됩니다.",
            "id": "sample_093_0076_000026",
            "annotations": [
                {
                    "word": "123-456-789012",
                    "start": 26,
                    "end": 40,
                    "label": "기밀정보"
                }
            ]
        },
        {
            "sentence": "증거 파일의 EXIF 메타데이터와 타임스탬프(2025-06-12T14:23:07Z)는 파일 해시와 함께 불변성 보고서에 포함됩니다.",
            "id": "sample_093_0076_000027",
            "annotations": []
        },
        {
            "sentence": "포렌식 요약: 라벨 인쇄 패턴과 잉크 성분이 정품 표준과 불일치하며 위조 가능성 높음(점수 반영).",
            "id": "sample_093_0076_000028",
            "annotations": []
        },
        {
            "sentence": "법적·윤리적 제약: 허위 고발 금지 및 수사 중 세부정보 제한 원칙을 표시하며 GDPR 등 국제 규제 준수 여부를 명시하였습니다.",
            "id": "sample_093_0076_000029",
            "annotations": []
        },
        {
            "sentence": "보관 기간 권고: 소송 가능성 고려 시 관련 증거는 최소 10년 이상 보존하되 지역 법령에 따릅니다.",
            "id": "sample_093_0076_000030",
            "annotations": []
        }
    ]
}