{
    "document_id": "093_0047",
    "document_title": "엘리트코퍼레이션 위조품 조사 및 증거보고서",
    "data": [
        {
            "sentence": "본 문서는 엘리트코퍼레이션(브랜드)의 위조품 의심 사례에 대한 공식 조사 기록이며, 증거 무결성과 체인오브커스터디를 우선으로 작성되었다.",
            "id": "sample_093_0047_000001",
            "annotations": []
        },
        {
            "sentence": "케이스 식별자(case_id)는 CASE-2026-093-0047로 지정되었으며 모든 관련 기록은 해당 케이스로 연계 저장된다.",
            "id": "sample_093_0047_000002",
            "annotations": []
        },
        {
            "sentence": "조사 대상 브랜드는 엘리트코퍼레이션이며 대상 품목 SKU는 SKU-ELT-9921로 문서화하였다.",
            "id": "sample_093_0047_000003",
            "annotations": []
        },
        {
            "sentence": "제품 시리얼 및 로트는 SN-00012345, LOT-A-2103으로 표기되었고 제조일자(제조일)는 2026-01-05로 확인되었다.",
            "id": "sample_093_0047_000004",
            "annotations": [
                {
                    "word": "2026",
                    "start": 56,
                    "end": 60,
                    "label": "준식별자"
                },
                {
                    "word": "01",
                    "start": 18,
                    "end": 20,
                    "label": "준식별자"
                },
                {
                    "word": "01",
                    "start": 61,
                    "end": 63,
                    "label": "준식별자"
                },
                {
                    "word": "05",
                    "start": 64,
                    "end": 66,
                    "label": "준식별자"
                }
            ]
        },
        {
            "sentence": "관찰(발견)일은 2026-01-20로 기록되었으며 최초 제보 시점과 현장 검사 타임스탬프를 대조하여 정합성을 검증했다.",
            "id": "sample_093_0047_000005",
            "annotations": [
                {
                    "word": "2026",
                    "start": 9,
                    "end": 13,
                    "label": "준식별자"
                },
                {
                    "word": "01",
                    "start": 14,
                    "end": 16,
                    "label": "준식별자"
                },
                {
                    "word": "20",
                    "start": 9,
                    "end": 11,
                    "label": "준식별자"
                },
                {
                    "word": "20",
                    "start": 17,
                    "end": 19,
                    "label": "준식별자"
                }
            ]
        },
        {
            "sentence": "현장 위치는 서울특별시 강남구 인근으로 보고되었고, 위도·경도는 37.4979, 127.0276으로 현장사진 메타데이터와 일치한다.",
            "id": "sample_093_0047_000006",
            "annotations": [
                {
                    "word": "서울특별시",
                    "start": 7,
                    "end": 12,
                    "label": "준식별자"
                },
                {
                    "word": "강남구",
                    "start": 13,
                    "end": 16,
                    "label": "준식별자"
                }
            ]
        },
        {
            "sentence": "의심 판매자는 온라인 및 오프라인 유통 채널을 모두 활용한 것으로 확인되며, 1차 조사에서 확인된 판매상은 B2B마켓코리아로 기재하였다.",
            "id": "sample_093_0047_000007",
            "annotations": []
        },
        {
            "sentence": "마켓플레이스 리스팅 스냅샷은 https://market.example.com/listing/ELT-9921-FAKE로 저장되었고 원본 스냅샷 파일에는 EXIF 및 타임스탬프를 포함했다.",
            "id": "sample_093_0047_000008",
            "annotations": []
        },
        {
            "sentence": "증거 유형은 high-resolution image, 현장 비디오 및 문서화된 검사보고서로 구분하고 모든 미디어에는 SHA-256 해시와 촬영 타임스탬프를 병기하였다.",
            "id": "sample_093_0047_000009",
            "annotations": []
        },
        {
            "sentence": "증거 미디어 해시(evidence_media_hash)는 3a7f1b2c9d8e4f6a5b0c1d2e3f4a5b6c7d8e9f0a1b2c3d4e5f6a7b8c9d0e1f2로 기록되어 변경 불가성을 확보했다.",
            "id": "sample_093_0047_000010",
            "annotations": []
        },
        {
            "sentence": "고해상도 이미지 원본은 내부 저장소와 분산형 원장에 중복 보관되었으며 참조 URL은 secure://evidence.storage/ELT-9921/hrimg-0001이다.",
            "id": "sample_093_0047_000011",
            "annotations": []
        },
        {
            "sentence": "포렌식 분석 리포트는 식별자 FR-2026-093-47로 발행되었고 재료분석, 잉크 조성, 패키지 구조 비교 항목을 포함한다.",
            "id": "sample_093_0047_000012",
            "annotations": [
                {
                    "word": "FR-2026-093-47",
                    "start": 16,
                    "end": 30,
                    "label": "기밀정보"
                }
            ]
        },
        {
            "sentence": "진위평가 점수(authenticity_score)는 알고리즘 기반 예비값 24/100으로 산정되었고 인간 검토를 통해 신뢰도를 보정하였다.",
            "id": "sample_093_0047_000013",
            "annotations": []
        },
        {
            "sentence": "현재 조사 상태(investigation_status)는 investigating이며 권장 조치(recommended_action)는 takedown과 현장 압수 봉인(seizure) 검토로 기록되었다.",
            "id": "sample_093_0047_000014",
            "annotations": []
        },
        {
            "sentence": "관할권은 대한민국이며 저작권 등록번호는 CR-789456으로 권리자 등록 자료와 대조하였다.",
            "id": "sample_093_0047_000015",
            "annotations": [
                {
                    "word": "대한민국",
                    "start": 5,
                    "end": 9,
                    "label": "준식별자"
                },
                {
                    "word": "CR-789456",
                    "start": 22,
                    "end": 31,
                    "label": "기밀정보"
                }
            ]
        },
        {
            "sentence": "통관 관련 기록으로 customs_declaration_number CD-2026-5544가 확인되었으며 관할 세관과의 협조 하에 세부 내역을 추가 요청할 예정이다.",
            "id": "sample_093_0047_000016",
            "annotations": [
                {
                    "word": "CD-2026-5544",
                    "start": 38,
                    "end": 50,
                    "label": "기밀정보"
                }
            ]
        },
        {
            "sentence": "현장에 설치된 IoT 센서 로그는 SENSOR-LOG-98765 참조로 보존 중이며 온도·충격 이벤트는 포렌식 타임라인에 포함되었다.",
            "id": "sample_093_0047_000017",
            "annotations": [
                {
                    "word": "SENSOR-LOG-98765",
                    "start": 19,
                    "end": 35,
                    "label": "기밀정보"
                }
            ]
        },
        {
            "sentence": "블록체인 기반 출처 증명 항목의 트랜잭션 해시는 a3f1c9e2b4d67f8a9c0d1e2f3a4b5c6d7e8f9012a3b4c5d6e7f8a9b0c1d2e3f으로 원장에 영구 기록되었다.",
            "id": "sample_093_0047_000018",
            "annotations": [
                {
                    "word": "a3f1c9e2b4d67f8a9c0d1e2f3a4b5c6d7e8f9012a3b4c5d6e7f8a9b0c1d2e3f",
                    "start": 27,
                    "end": 90,
                    "label": "기밀정보"
                }
            ]
        },
        {
            "sentence": "소비자 제보는 내부 식별자 CRP-0009로 접수되었으며 제보자 개인정보는 관할법에 따라 익명화해 처리하였다.",
            "id": "sample_093_0047_000019",
            "annotations": [
                {
                    "word": "CRP-0009",
                    "start": 15,
                    "end": 23,
                    "label": "개인정보"
                }
            ]
        },
        {
            "sentence": "수사 협조를 위해 접수된 법집행사건 번호는 LE-2026-77이며 해당 기록은 수사기관과의 비공개 채널로 공유된다.",
            "id": "sample_093_0047_000020",
            "annotations": [
                {
                    "word": "LE-2026-77",
                    "start": 24,
                    "end": 34,
                    "label": "기밀정보"
                }
            ]
        },
        {
            "sentence": "체인오브커스터디 기록: 증거 수집자 서명 수집자: 고소혜, 수집 타임스탬프 및 증거 해시를 함께 기록하여 법적 효력을 확보하였다.",
            "id": "sample_093_0047_000021",
            "annotations": [
                {
                    "word": "고소혜",
                    "start": 28,
                    "end": 31,
                    "label": "개인정보"
                }
            ]
        },
        {
            "sentence": "체인오브커스터디 기록: 최초 인계 수령자 서명 수령자: 권정빈, 인계 시점과 디지털 서명 로그를 원본과 대조하였다.",
            "id": "sample_093_0047_000022",
            "annotations": [
                {
                    "word": "권정빈",
                    "start": 31,
                    "end": 34,
                    "label": "개인정보"
                }
            ]
        },
        {
            "sentence": "법집행 이관 준비 항목에 담당자 주상엽을 지정하였고, 관련 증거 목록과 포렌식 사본을 별도 봉인하였다.",
            "id": "sample_093_0047_000023",
            "annotations": [
                {
                    "word": "주상엽",
                    "start": 18,
                    "end": 21,
                    "label": "개인정보"
                }
            ]
        },
        {
            "sentence": "보관 책임자 원민성의 서명 하에 증거는 지정 창고에 봉인 보관되며 보관 위치 코드는 WH-ELT-03으로 표기되었다.",
            "id": "sample_093_0047_000024",
            "annotations": [
                {
                    "word": "원민성",
                    "start": 7,
                    "end": 10,
                    "label": "개인정보"
                }
            ]
        },
        {
            "sentence": "조사 보고서 의견란에는 포렌식팀 리드 류명서의 종합 소견이 기재되어 있으며 추가 실험 항목을 권고하였다.",
            "id": "sample_093_0047_000025",
            "annotations": [
                {
                    "word": "류명서",
                    "start": 21,
                    "end": 24,
                    "label": "개인정보"
                }
            ]
        },
        {
            "sentence": "권장 조치로 플랫폼 takedown(24시간 SLA)과 현장 증거 seizure 절차 개시, 권리자 경고문 발송을 제안하며 이를 문서화하였다.",
            "id": "sample_093_0047_000026",
            "annotations": []
        },
        {
            "sentence": "증거 불변성 보장을 위해 모든 이미지와 비디오 파일에는 EXIF 타임스탬프와 SHA-256 해시를 표기하고 분산형 원장에 해시를 기록하였다.",
            "id": "sample_093_0047_000027",
            "annotations": []
        },
        {
            "sentence": "법적·윤리적 제약사항으로 GDPR 및 국내 개인정보보호법 적용 여부를 검토하였고, 국경 간 데이터 전송 가능성은 관할법에 따라 제한될 수 있음을 명시했다.",
            "id": "sample_093_0047_000028",
            "annotations": []
        }
    ]
}