{
    "document_id": "093_0055",
    "document_title": "위조품 유통 조사 보고서 - 사례 0055",
    "data": [
        {
            "sentence": "문서 개요: 본 보고서는 위조 방지 및 브랜드 보호를 위한 현장 조사 결과를 공식적으로 기록한 문서입니다.",
            "id": "sample_093_0055_000001",
            "annotations": []
        },
        {
            "sentence": "사건 식별 정보: case_id: CASE-093-0055, 브랜드명: NovaTech(가명), 제품 SKU: NT-XS-001, 제품 시리얼: SN-XXXX-0055.",
            "id": "sample_093_0055_000002",
            "annotations": []
        },
        {
            "sentence": "관찰 및 제조 정보: 제조일자 2025-11-02, 관찰일시 2026-01-12T09:32:00Z, 관찰위치: 서울특별시 강남구, 위도:37.4979, 경도:127.0276.",
            "id": "sample_093_0055_000003",
            "annotations": [
                {
                    "word": "서울특별시 강남구",
                    "start": 62,
                    "end": 71,
                    "label": "준식별자"
                }
            ]
        },
        {
            "sentence": "의심 판매자 정보: 의심 판매자 ID 'store_novatek_seller', 마켓플레이스 리스팅 URL: https://market.example/listing/nt-xs-001, 판매자 프로필 스냅샷 보관.",
            "id": "sample_093_0055_000004",
            "annotations": []
        },
        {
            "sentence": "증거 요약: evidence_type: image/video/documentation/chain_of_custody, 주요 증거 해시(evidence_media_hash, SHA-256)와 타임스탬프가 모든 파일에 첨부되어 있습니다.",
            "id": "sample_093_0055_000005",
            "annotations": []
        },
        {
            "sentence": "고해상도 이미지 접근: high_resolution_image_url: https://evidence.store/093/0055/image_001.jpg, EXIF 포함(해상도:6000x4000px, 카메라:Nikon D850).",
            "id": "sample_093_0055_000006",
            "annotations": []
        },
        {
            "sentence": "포렌식 참조: forensic_report_id: FR-093-2026-001, 실험실 분석 결과 잉크 성분 및 플라스틱 합성물 비교 분석서가 첨부되어 있습니다.",
            "id": "sample_093_0055_000007",
            "annotations": []
        },
        {
            "sentence": "진위 평가: authenticity_score: 23, 알고리즘 기반 점수와 수동 포렌식 점수를 가중 통합하여 산출한 결과입니다.",
            "id": "sample_093_0055_000008",
            "annotations": []
        },
        {
            "sentence": "조사 상태 및 권고: investigation_status: investigating, recommended_action: takedown 및 현장 압수 후 추가 법적 검토 권고.",
            "id": "sample_093_0055_000009",
            "annotations": []
        },
        {
            "sentence": "체인오브커스터디(수집자): 수집자 서명 류승현, 수집일시 2026-01-12T09:46:30Z, 수집 단계별 디지털 서명과 로그를 보존합니다.",
            "id": "sample_093_0055_000010",
            "annotations": [
                {
                    "word": "류승현",
                    "start": 22,
                    "end": 25,
                    "label": "개인정보"
                }
            ]
        },
        {
            "sentence": "체인오브커스터디(인계): 증거 인계서에 인계자 서명 윤혜인, 수취인 서명 오수성이 기록되어 있으며 각 서명은 PKI 기반 디지털 서명으로 검증됩니다.",
            "id": "sample_093_0055_000011",
            "annotations": [
                {
                    "word": "윤혜인",
                    "start": 29,
                    "end": 32,
                    "label": "개인정보"
                },
                {
                    "word": "오수성",
                    "start": 41,
                    "end": 44,
                    "label": "개인정보"
                }
            ]
        },
        {
            "sentence": "소비자 제보(익명화): 신고자 연락처 010-****-1234, 신고자 이메일 contact[at]redacted.example, 소비자 제보 ID: Consumer-CR-093-77로 마스킹 보관합니다.",
            "id": "sample_093_0055_000012",
            "annotations": [
                {
                    "word": "010-****-1234",
                    "start": 21,
                    "end": 34,
                    "label": "개인정보"
                },
                {
                    "word": "contact[at]redacted.example",
                    "start": 44,
                    "end": 71,
                    "label": "개인정보"
                }
            ]
        },
        {
            "sentence": "증거 무결성: 모든 사진과 영상 파일에 대해 SHA-256 해시를 기록했으며 예시 해시값은 b6d4...로 문서화되어 변경 불가성을 보장합니다.",
            "id": "sample_093_0055_000013",
            "annotations": []
        },
        {
            "sentence": "제조·유통 출처 검증: 제조사 provenance는 블록체인에 토큰화되어 등재되어 있으며 blockchain_tx_hash: 0x9a8b7cdeff...로 추적 가능합니다.",
            "id": "sample_093_0055_000014",
            "annotations": []
        },
        {
            "sentence": "통관 및 수입 기록: customs_declaration_number: CUS-093-20251122, 해당 문서는 국경간 전송 시 지역 규제(GDPR, 개인정보보호법)를 준수해야 합니다.",
            "id": "sample_093_0055_000015",
            "annotations": []
        },
        {
            "sentence": "저작권 및 권리자 정보: copyright_registration_number: CRN-NT-2024-5501, 저작권 등록사항은 권리자 제공 문서에 기반합니다.",
            "id": "sample_093_0055_000016",
            "annotations": []
        },
        {
            "sentence": "포렌식 요약: 잉크 분석에서 색소 구성의 분자구조 불일치가 확인되어 제조 표준과의 차이가 존재합니다.",
            "id": "sample_093_0055_000017",
            "annotations": []
        },
        {
            "sentence": "센서 및 IoT 로그: sensor_log_reference: SLOG-093-20260112, 온도·습도·충격 및 tamper-detection 이벤트가 시간순으로 기록되어 있습니다.",
            "id": "sample_093_0055_000018",
            "annotations": []
        },
        {
            "sentence": "내부 시스템 접근 로그: 내부계정 admin_service 및 내부 IP 10.0.0.5의 접속 기록이 조사 로그에 포함되어 있습니다.",
            "id": "sample_093_0055_000019",
            "annotations": [
                {
                    "word": "admin_service",
                    "start": 19,
                    "end": 32,
                    "label": "기밀정보"
                },
                {
                    "word": "10.0.0.5",
                    "start": 41,
                    "end": 49,
                    "label": "기밀정보"
                }
            ]
        },
        {
            "sentence": "비공개 결재선: 본 건의 승인자 원효섭의 결재선은 내부문서로 분류되어 외부 공개가 제한됩니다.",
            "id": "sample_093_0055_000020",
            "annotations": [
                {
                    "word": "원효섭",
                    "start": 18,
                    "end": 21,
                    "label": "개인정보"
                }
            ]
        },
        {
            "sentence": "재무 관련(부분 마스킹): 의심 판매자의 계좌번호 일부는 XXX-XXXX-1234로 기록되어 있으며 추가 금융추적을 위해 법적 절차가 필요합니다.",
            "id": "sample_093_0055_000021",
            "annotations": [
                {
                    "word": "XXX-XXXX-1234",
                    "start": 32,
                    "end": 45,
                    "label": "기밀정보"
                }
            ]
        },
        {
            "sentence": "법집행 협조: law_enforcement_case_number: LE-2026-093-11로 관할 경찰에 정식 접수되었으며 관련 자료는 사건번호 기준으로 관리됩니다.",
            "id": "sample_093_0055_000022",
            "annotations": []
        },
        {
            "sentence": "증거 보관 기간: 관련 법령 및 소송 가능성에 따라 최소 보존기간을 5년으로 설정하고 보존 로그를 감사 가능한 상태로 유지합니다.",
            "id": "sample_093_0055_000023",
            "annotations": []
        },
        {
            "sentence": "플랫폼 조치 SLA: 자동 테이크다운은 접수 후 24시간 이내, 수동 검토는 72시간 이내 완료를 목표로 하며 해당 SLA는 문서화되어 있습니다.",
            "id": "sample_093_0055_000024",
            "annotations": []
        },
        {
            "sentence": "윤리 및 법적 검토: 거짓 고발 방지와 명예훼손 리스크를 고려해 공개 전 법무 검토를 진행하며 GDPR 준수 여부를 명시합니다.",
            "id": "sample_093_0055_000025",
            "annotations": []
        },
        {
            "sentence": "조사 로그: 검사관 기록 ID Inspector-093-55, 기록자 엄태현, 모든 로그는 타임스탬프와 디지털 서명이 포함됩니다.",
            "id": "sample_093_0055_000026",
            "annotations": [
                {
                    "word": "엄태현",
                    "start": 39,
                    "end": 42,
                    "label": "개인정보"
                }
            ]
        },
        {
            "sentence": "현장 결론 요약: 제조지와 유통 경로의 불일치가 관찰되어 즉각적인 테이크다운과 추가 법적 조치를 권고합니다.",
            "id": "sample_093_0055_000027",
            "annotations": []
        },
        {
            "sentence": "보고서 작성 및 검토: 보고서 작성자 심승철, 검토자 전상규, 문서 ID 093_0055, 작성일 2026-01-15, 내부 감사 로그에 저장됩니다.",
            "id": "sample_093_0055_000028",
            "annotations": [
                {
                    "word": "심승철",
                    "start": 21,
                    "end": 24,
                    "label": "개인정보"
                },
                {
                    "word": "전상규",
                    "start": 30,
                    "end": 33,
                    "label": "개인정보"
                }
            ]
        },
        {
            "sentence": "인력 정보(마스킹): 검사관 사번 2021-0001(엄태현)로 기록되며 사번과 개인 식별자는 인사 데이터베이스에서만 열람 가능합니다.",
            "id": "sample_093_0055_000029",
            "annotations": [
                {
                    "word": "사번 2021-0001",
                    "start": 16,
                    "end": 28,
                    "label": "개인정보"
                }
            ]
        }
    ]
}