{
    "document_id": "093_0094",
    "document_title": "오로라 브랜드 위조 유통 조사보고서",
    "data": [
        {
            "sentence": "보고서 제목: 위조 방지 및 브랜드 보호 조사보고서.",
            "id": "sample_093_0094_000001",
            "annotations": []
        },
        {
            "sentence": "요약: 본 문서는 위조 제품의 제조·유통 경로 확인을 위해 수집된 증거와 분석 결과를 정리합니다.",
            "id": "sample_093_0094_000002",
            "annotations": []
        },
        {
            "sentence": "case_id: 093-0094-CASE-2024; 내부 추적용 고유 식별자로 증거 원장에 등록되었습니다.",
            "id": "sample_093_0094_000003",
            "annotations": []
        },
        {
            "sentence": "brand_name: 오로라(가상브랜드); 저작권 등록번호와 GS1 식별자가 연동되어 출처 검증 절차가 진행되었습니다.",
            "id": "sample_093_0094_000004",
            "annotations": []
        },
        {
            "sentence": "product_sku: SKU-AUR-202405; serial_number: SN-000123456; batch_lot: LOT-202405-A가 패키지에서 확인되었습니다.",
            "id": "sample_093_0094_000005",
            "annotations": []
        },
        {
            "sentence": "manufacture_date는 2024-05-12로 기록되어 있으며, 날짜 요소는 [년]/[월]/[일] 단위로 증거 메타데이터에 분리 저장됩니다.",
            "id": "sample_093_0094_000006",
            "annotations": [
                {
                    "word": "2024-05-12",
                    "start": 18,
                    "end": 28,
                    "label": "준식별자"
                }
            ]
        },
        {
            "sentence": "observed_date: 2024-06-03T09:32:10Z에 현장 보관상자에서 회수되었음을 기록합니다.",
            "id": "sample_093_0094_000007",
            "annotations": [
                {
                    "word": "2024-06-03T09:32:10Z",
                    "start": 15,
                    "end": 35,
                    "label": "준식별자"
                }
            ]
        },
        {
            "sentence": "location: 서울특별시 강남구 테헤란로 123-45 10층 (위도:37.4979, 경도:127.0276)에서 위조 의심 제품이 발견되었습니다.",
            "id": "sample_093_0094_000008",
            "annotations": [
                {
                    "word": "서울특별시 강남구 테헤란로 123-45 10층",
                    "start": 10,
                    "end": 35,
                    "label": "개인정보"
                },
                {
                    "word": "서울특별시",
                    "start": 10,
                    "end": 15,
                    "label": "준식별자"
                },
                {
                    "word": "강남구",
                    "start": 16,
                    "end": 19,
                    "label": "준식별자"
                }
            ]
        },
        {
            "sentence": "suspect_vendor: 계정 fast_seller_99의 마켓플레이스 리스팅 스냅샷을 확보했습니다.",
            "id": "sample_093_0094_000009",
            "annotations": []
        },
        {
            "sentence": "marketplace_listing_url: https://market.example/listing/aur-456789 (스크린샷과 HTML 스냅샷 저장, 해시 포함).",
            "id": "sample_093_0094_000010",
            "annotations": []
        },
        {
            "sentence": "evidence_type: image, video, documentation, chain_of_custody가 등록되어 있고 각 미디어에는 SHA-256 해시와 타임스탬프가 삽입되어 있습니다.",
            "id": "sample_093_0094_000011",
            "annotations": []
        },
        {
            "sentence": "evidence_media_hash: 이미지 SHA-256=3b7f1a9e5d9f4c2a1b3d4e5f6a7b8c9d0e1f2a3b4c5d6e7f8a9b0c1d2e3f4a1c9f; 타임스탬프 2024-06-03T09:35:12Z로 불변성이 확보되었습니다.",
            "id": "sample_093_0094_000012",
            "annotations": [
                {
                    "word": "2024-06-03T09:35:12Z",
                    "start": 107,
                    "end": 127,
                    "label": "준식별자"
                }
            ]
        },
        {
            "sentence": "high_resolution_image_url: https://evidence.example/media/093_0094_img01.jpg; EXIF: Camera=Canon EOS R5, FNumber=2.8, DateTime=2024:06:03 09:34:58, GPSLatitude=37.4979, GPSLongitude=127.0276.",
            "id": "sample_093_0094_000013",
            "annotations": [
                {
                    "word": "2024:06:03 09:34:58",
                    "start": 127,
                    "end": 146,
                    "label": "준식별자"
                }
            ]
        },
        {
            "sentence": "forensic_report_id: FR-2024-00094; 실험실 분석은 잉크 성분, 플라스틱 구성, 레이저 마킹 비교를 포함합니다.",
            "id": "sample_093_0094_000014",
            "annotations": []
        },
        {
            "sentence": "authenticity_score는 18로 계산되었으며 알고리즘 기반 진위 점수와 사람 검토를 결합한 결과입니다.",
            "id": "sample_093_0094_000015",
            "annotations": []
        },
        {
            "sentence": "investigation_status는 'investigating'으로 표기되고, recommended_action은 takedown 및 증거 보존을 권고합니다.",
            "id": "sample_093_0094_000016",
            "annotations": []
        },
        {
            "sentence": "chain_of_custody 로그: 수집자 구민호가 2024-06-03T10:15:30Z에 증거 파일을 수령하고 디지털 서명했습니다.",
            "id": "sample_093_0094_000017",
            "annotations": [
                {
                    "word": "구민호",
                    "start": 25,
                    "end": 28,
                    "label": "개인정보"
                },
                {
                    "word": "2024-06-03T10:15:30Z",
                    "start": 30,
                    "end": 50,
                    "label": "준식별자"
                }
            ]
        },
        {
            "sentence": "증거 인계: 검수자 양유은이 2024-06-03T11:02:05Z에 수령, 서명 및 보관 위치로 이관하였음을 기록합니다.",
            "id": "sample_093_0094_000018",
            "annotations": [
                {
                    "word": "양유은",
                    "start": 11,
                    "end": 14,
                    "label": "개인정보"
                },
                {
                    "word": "2024-06-03T11:02:05Z",
                    "start": 16,
                    "end": 36,
                    "label": "준식별자"
                }
            ]
        },
        {
            "sentence": "내부 결재선: 승인(구민호) 문서는 내부 보안으로 분류되어 기밀로 보관됩니다.",
            "id": "sample_093_0094_000019",
            "annotations": [
                {
                    "word": "내부 결재선",
                    "start": 0,
                    "end": 6,
                    "label": "기밀정보"
                },
                {
                    "word": "구민호",
                    "start": 11,
                    "end": 14,
                    "label": "개인정보"
                }
            ]
        },
        {
            "sentence": "보안 인프라 메모: 서버 IP 10.0.0.5와 내부 파일 경로 /internal/provenance/secret_onboarding.pdf는 기밀정보로 마스킹됩니다.",
            "id": "sample_093_0094_000020",
            "annotations": [
                {
                    "word": "10.0.0.5",
                    "start": 17,
                    "end": 25,
                    "label": "기밀정보"
                },
                {
                    "word": "/internal/provenance/secret_onboarding.pdf",
                    "start": 36,
                    "end": 78,
                    "label": "기밀정보"
                }
            ]
        },
        {
            "sentence": "회계 관련: 송금 계좌번호 000-000-000000은 조치 전 내부 검토를 거쳐 기밀 취급합니다.",
            "id": "sample_093_0094_000021",
            "annotations": [
                {
                    "word": "000-000-000000",
                    "start": 15,
                    "end": 29,
                    "label": "기밀정보"
                }
            ]
        },
        {
            "sentence": "소비자 제보: 신고자 구희재가 2024-06-02에 제품 사진과 구매내역을 제출했으며, 신고자 이메일 juhee[at]example.com으로 연락이 있었습니다.",
            "id": "sample_093_0094_000022",
            "annotations": [
                {
                    "word": "구희재",
                    "start": 12,
                    "end": 15,
                    "label": "개인정보"
                },
                {
                    "word": "juhee[at]example.com",
                    "start": 57,
                    "end": 77,
                    "label": "개인정보"
                },
                {
                    "word": "2024-06-02",
                    "start": 17,
                    "end": 27,
                    "label": "준식별자"
                }
            ]
        },
        {
            "sentence": "소비자 연락처는 010-9XXX-1234로 일부 마스킹하여 기록하였고, 개인정보 최소화를 적용했습니다.",
            "id": "sample_093_0094_000023",
            "annotations": [
                {
                    "word": "010-9XXX-1234",
                    "start": 9,
                    "end": 22,
                    "label": "개인정보"
                }
            ]
        },
        {
            "sentence": "관세신고 번호 customs_declaration_number: CUST-2024-5567; 통관 기록은 관할 규정에 따라 국경간 전송 제한 대상일 수 있습니다.",
            "id": "sample_093_0094_000024",
            "annotations": []
        },
        {
            "sentence": "블록체인 원장: provenance 토큰 및 blockchain_tx_hash 0xabc123def456789abcdef123456789abcdef456789abcdef으로 출처가 연계되어 있습니다.",
            "id": "sample_093_0094_000025",
            "annotations": []
        },
        {
            "sentence": "권장 조치 이행 SLA: 마켓플레이스에 대한 takedown 요청은 24-72시간 내 응답을 목표로 자동화 및 수동 검토 절차를 병행합니다.",
            "id": "sample_093_0094_000026",
            "annotations": []
        },
        {
            "sentence": "법적 고지: 조사 중인 사례의 상세 증거는 법적 절차 완료 전까지 제한적으로 공유되며 GDPR 등 국제 규제를 준수합니다.",
            "id": "sample_093_0094_000027",
            "annotations": []
        },
        {
            "sentence": "결론 및 실행 항목: 증거 영구 보존, 추가 검사 지시, 플랫폼 테이크다운 요청, 법집행기관 연계(필요시) 등을 권고하며 관련 로그는 모두 감사 가능하도록 보존합니다.",
            "id": "sample_093_0094_000028",
            "annotations": []
        }
    ]
}