{
    "document_id": "093_0005",
    "document_title": "브랜드 보호 사례보고서 및 증거 수집 기록",
    "data": [
        {
            "sentence": "본 문서는 위조 방지 및 브랜드 보호를 위한 093-0005 케이스의 조사 보고서이자 증거 기록 문서입니다.",
            "id": "sample_093_0005_000001",
            "annotations": []
        },
        {
            "sentence": "사건 식별자(case_id)는 093-0005이며, 브랜드는 'Aurora Cosmetics'로 표기되어 있습니다.",
            "id": "sample_093_0005_000002",
            "annotations": []
        },
        {
            "sentence": "의심 제품의 SKU는 AUR-EX-2024-77, 시리얼 번호는 SN-AUR-2024-000987이며, 배치(LOT)는 BATCH-449-A입니다.",
            "id": "sample_093_0005_000003",
            "annotations": []
        },
        {
            "sentence": "제조일자는 2024-09-15로 기록되어 있으며, 라벨의 제조 코드와 생산설비 로그로 교차검증을 수행했습니다.",
            "id": "sample_093_0005_000004",
            "annotations": [
                {
                    "word": "2024-09-15",
                    "start": 6,
                    "end": 16,
                    "label": "준식별자"
                }
            ]
        },
        {
            "sentence": "검출 및 수거된 관찰일자(observed_date)는 2025-01-12이며, 현장 사진과 거래 스냅샷의 타임스탬프와 일치합니다.",
            "id": "sample_093_0005_000005",
            "annotations": [
                {
                    "word": "2025-01-12",
                    "start": 30,
                    "end": 40,
                    "label": "준식별자"
                }
            ]
        },
        {
            "sentence": "수거 지점은 GPS 좌표 37.498000,127.027000으로 매핑되며, 주소 기록에는 서울특별시 강남구 테헤란로 123-45 101동 1001호가 포함되어 있습니다.",
            "id": "sample_093_0005_000006",
            "annotations": [
                {
                    "word": "서울특별시 강남구 테헤란로 123-45 101동 1001호",
                    "start": 51,
                    "end": 83,
                    "label": "개인정보"
                }
            ]
        },
        {
            "sentence": "의심판매자 배송지는 부산광역시 해운대구로 표기되었으며, 판매자 등록정보와 배송 이력의 준식별자 교차분석이 수행되었습니다.",
            "id": "sample_093_0005_000007",
            "annotations": [
                {
                    "word": "부산광역시 해운대구",
                    "start": 11,
                    "end": 21,
                    "label": "준식별자"
                }
            ]
        },
        {
            "sentence": "의심 판매자 ID와 마켓플레이스 리스팅은 내부 증거로 수집되었으며, 대상 URL은 https://market.example/item/aur-12345 스냅샷으로 보관되었습니다.",
            "id": "sample_093_0005_000008",
            "annotations": []
        },
        {
            "sentence": "증거 유형은 고해상도 이미지(image), 현장 동영상(video), 포렌식 분석보고서(documentation), 체인오브커스터디(chain_of_custody)를 포함합니다.",
            "id": "sample_093_0005_000009",
            "annotations": []
        },
        {
            "sentence": "증거 미디어의 불변성 확보를 위해 이미지 파일의 SHA-256 해시와 타임스탬프를 기록하였고, 예시 해시는 3a7bd3f9c2b9a1e6c2f4d5e6b7f8a9c0d1e2f3a4b5c6d7e8f9a0b1c2d3e4f5a입니다.",
            "id": "sample_093_0005_000010",
            "annotations": []
        },
        {
            "sentence": "원본 고해상도 이미지의 수집 타임스탬프는 2025-01-12T09:15:00Z로 로깅되었으며, EXIF 메타데이터와 함께 저장되었습니다.",
            "id": "sample_093_0005_000011",
            "annotations": [
                {
                    "word": "2025-01-12T09:15:00Z",
                    "start": 23,
                    "end": 43,
                    "label": "준식별자"
                }
            ]
        },
        {
            "sentence": "현장 촬영된 이미지 URL은 https://evidence.example/storage/093_0005/image_001_hires.jpg이며, EXIF 내역과 카메라 정보는 증거 패키지에 포함됩니다.",
            "id": "sample_093_0005_000012",
            "annotations": []
        },
        {
            "sentence": "포렌식 보고서(Forensic Report ID: FR-2025-007)는 물질분석과 잉크 스펙트럼 비교를 포함하며, 분석 담당자는 서금순 연구원으로 표기되어 있습니다.",
            "id": "sample_093_0005_000013",
            "annotations": [
                {
                    "word": "서금순",
                    "start": 74,
                    "end": 77,
                    "label": "개인정보"
                }
            ]
        },
        {
            "sentence": "진위 점수(authenticity_score)는 알고리즘 기반 평가와 전문가 검토를 결합하여 27/100으로 산정되었고, 의심 요인별 점수 내역이 보고서에 첨부됩니다.",
            "id": "sample_093_0005_000014",
            "annotations": []
        },
        {
            "sentence": "현재 조사 상태(investigation_status)는 'investigating'으로 표시되어 있으며, 권장 조치(recommended_action)는 즉시 takedown 요청과 추가 물류 모니터링입니다.",
            "id": "sample_093_0005_000015",
            "annotations": []
        },
        {
            "sentence": "체인오브커스터디 기록에는 초기 수거자 서명 최형우와 증거 인계 서명 손수일이 포함되어 있으며, 인계 타임스탬프는 2025-01-13T14:20:00Z로 로깅되었습니다.",
            "id": "sample_093_0005_000016",
            "annotations": [
                {
                    "word": "최형우",
                    "start": 24,
                    "end": 27,
                    "label": "개인정보"
                },
                {
                    "word": "손수일",
                    "start": 38,
                    "end": 41,
                    "label": "개인정보"
                },
                {
                    "word": "2025-01-13T14:20:00Z",
                    "start": 63,
                    "end": 83,
                    "label": "준식별자"
                }
            ]
        },
        {
            "sentence": "관세·통관 관련 문서의 식별자로 customs_declaration_number CUST-2024-998877가 등재되어 있으며, 해당 문서는 국경간 전송 제한을 검토 중입니다.",
            "id": "sample_093_0005_000017",
            "annotations": [
                {
                    "word": "CUST-2024-998877",
                    "start": 45,
                    "end": 61,
                    "label": "기밀정보"
                }
            ]
        },
        {
            "sentence": "저작권 등록번호(copyright_registration_number)는 CR-5566-2023으로 권리자 제출서류에 기재되어 있으며, 권리자 확인 절차가 진행되었습니다.",
            "id": "sample_093_0005_000018",
            "annotations": [
                {
                    "word": "CR-5566-2023",
                    "start": 41,
                    "end": 53,
                    "label": "기밀정보"
                }
            ]
        },
        {
            "sentence": "센서 및 로그 저장소 참조(sensor_log_reference)는 sensor-logs-8899이며, 저장 시스템의 내부서버 IP는 10.10.10.55로 표기되어 보안 등급상 기밀로 분류됩니다.",
            "id": "sample_093_0005_000019",
            "annotations": [
                {
                    "word": "10.10.10.55",
                    "start": 75,
                    "end": 86,
                    "label": "기밀정보"
                }
            ]
        },
        {
            "sentence": "블록체인 기반 provenance는 트랜잭션 해시 0xabc123def4567890abcdef1234567890abcdef1234567890abcdef1234567890로 토큰화되어 원본 출처와 연결되었습니다.",
            "id": "sample_093_0005_000020",
            "annotations": []
        },
        {
            "sentence": "소비자 제보는 소비자보고 ID CRID-2025-0045로 취합되었으며, 소비자 개인식별정보는 GDPR과 관할법에 따라 익명화되어 저장됩니다.",
            "id": "sample_093_0005_000021",
            "annotations": []
        },
        {
            "sentence": "법집행기관 사건번호는 LE-2025-0897로 기록되어 있으며, 수사공조 필요 시 해당 부서와의 공식 채널을 통해 제한적 정보공유가 가능합니다.",
            "id": "sample_093_0005_000022",
            "annotations": []
        },
        {
            "sentence": "본 건의 관할법령과 데이터 전송 제약을 검토한 결과 GDPR 적용 가능성이 있으며, 국경간 자료 이전은 법적 검토 후 최소화 방안을 적용해야 합니다.",
            "id": "sample_093_0005_000023",
            "annotations": []
        },
        {
            "sentence": "권장 조치 세부항에는 플랫폼 takedown 요청(72시간 SLA), 현장 잔존물 보존, 추가 샘플 채취 및 민형사 검토 요청이 포함됩니다.",
            "id": "sample_093_0005_000024",
            "annotations": []
        },
        {
            "sentence": "증거 보존 기간은 예상 소송 가능성에 따라 관련 법정기한 이상으로 설정하며, 모든 미디어는 해시와 타임스탬프를 유지한 채 암호화 저장됩니다.",
            "id": "sample_093_0005_000025",
            "annotations": []
        },
        {
            "sentence": "알고리즘 기반 탐지의 오탐 관리 절차로서는 임계값 조정과 샘플 기반 인간 심사가 병행되며, 거짓양성 비율 모니터링 로그를 별도 보관합니다.",
            "id": "sample_093_0005_000026",
            "annotations": []
        },
        {
            "sentence": "감사 가능성 확보를 위해 EDI 및 GS1 식별자 연결과 블록체인 타임스탬프를 증빙으로 첨부하였고, 관련 로그는 변경 불가성 기준에 부합하도록 유지됩니다.",
            "id": "sample_093_0005_000027",
            "annotations": []
        },
        {
            "sentence": "문서 최종 검토 및 권한 승인 담당자는 김에이든이며, 내부 승인자 구계순의 확인을 받아 최종 보고서를 배포합니다.",
            "id": "sample_093_0005_000028",
            "annotations": [
                {
                    "word": "김에이든",
                    "start": 22,
                    "end": 26,
                    "label": "개인정보"
                },
                {
                    "word": "구계순",
                    "start": 37,
                    "end": 40,
                    "label": "개인정보"
                }
            ]
        }
    ]
}