{
    "document_id": "093_0081",
    "document_title": "위조 의심품 조사 및 증거 제출 보고서",
    "data": [
        {
            "sentence": "본 문서는 위조 방지 및 브랜드 보호 활동의 일환으로 수집된 증거와 조사 결과를 정리한 공식 보고서입니다.",
            "id": "sample_093_0081_000001",
            "annotations": []
        },
        {
            "sentence": "case_id: CASE-093-0081-2026로 내부 추적과 법적 제출을 위해 고유 식별자를 부여하였습니다.",
            "id": "sample_093_0081_000002",
            "annotations": []
        },
        {
            "sentence": "brand_name: 아스트라브랜즈(가명)이며, 권리자 확인에는 GS1 및 브랜드 자체 등록 정보를 우선 사용하였습니다.",
            "id": "sample_093_0081_000003",
            "annotations": []
        },
        {
            "sentence": "product_sku: SKU-AST-1001, serial_number: SN-2026-000871, batch_lot: BATCH-2111으로 현장 표기를 기록하였습니다.",
            "id": "sample_093_0081_000004",
            "annotations": []
        },
        {
            "sentence": "manufacture_date: 2025-11-05로 포장 라벨 및 제조 디지털 원장 기록과 대조하여 일치 여부를 검증했습니다.",
            "id": "sample_093_0081_000005",
            "annotations": [
                {
                    "word": "2025-11-05",
                    "start": 18,
                    "end": 28,
                    "label": "준식별자"
                }
            ]
        },
        {
            "sentence": "observed_date: 2026-01-10에 시장에서 해당 상품이 관찰되어 즉시 증거 수집 절차를 개시했습니다.",
            "id": "sample_093_0081_000006",
            "annotations": [
                {
                    "word": "2026-01-10",
                    "start": 15,
                    "end": 25,
                    "label": "준식별자"
                }
            ]
        },
        {
            "sentence": "location: 좌표(37.4979,127.0276), 주소 표기: 서울특별시, 강남구, 역삼동에서 수거·촬영이 이루어졌습니다.",
            "id": "sample_093_0081_000007",
            "annotations": [
                {
                    "word": "서울특별시",
                    "start": 39,
                    "end": 44,
                    "label": "준식별자"
                },
                {
                    "word": "강남구",
                    "start": 46,
                    "end": 49,
                    "label": "준식별자"
                },
                {
                    "word": "역삼동",
                    "start": 51,
                    "end": 54,
                    "label": "준식별자"
                }
            ]
        },
        {
            "sentence": "suspect_vendor: '명품리퍼브 마켓'(판매자 ID 마스킹)로 표기하고 플랫폼 내 거래 이력은 스냅샷으로 보관했습니다.",
            "id": "sample_093_0081_000008",
            "annotations": []
        },
        {
            "sentence": "marketplace_listing_url: https://market.example.com/listing/AST-1001-abc 로 마켓플레이스 스냅샷을 캡처했습니다.",
            "id": "sample_093_0081_000009",
            "annotations": []
        },
        {
            "sentence": "evidence_type: image, evidence_media_hash: SHA256:a3f5b1e2c9d4f6a8b2c3d4e5f6a7b8c9d0e1f2a3b4c5d6e7f8a9b0c1d2e3f4a (timestamp:2026-01-11T09:21:35Z).",
            "id": "sample_093_0081_000010",
            "annotations": []
        },
        {
            "sentence": "high_resolution_image_url: https://evidence.example.com/highres/CASE-093-0081-IMG01.jpg 및 EXIF 메타데이터는 원본 보존했습니다.",
            "id": "sample_093_0081_000011",
            "annotations": []
        },
        {
            "sentence": "forensic_report_id: FR-2026-0457로 화학 성분 분석과 잉크 조성 분석 요약을 포함한 포렌식 결과를 첨부했습니다.",
            "id": "sample_093_0081_000012",
            "annotations": []
        },
        {
            "sentence": "authenticity_score: 22(0-100 기준)로 알고리즘 및 전문가 검토를 합산한 위험 점수를 산출하였습니다.",
            "id": "sample_093_0081_000013",
            "annotations": []
        },
        {
            "sentence": "investigation_status: investigating 상태이며, recommended_action: takedown(플랫폼 경고 및 자동 테이크다운 절차 개시)을 권고합니다.",
            "id": "sample_093_0081_000014",
            "annotations": []
        },
        {
            "sentence": "jurisdiction: 대한민국(서울중앙지검 관할)으로 표기하고 법집행기관 공유 가능성은 규제 검토 후 결정합니다.",
            "id": "sample_093_0081_000015",
            "annotations": []
        },
        {
            "sentence": "copyright_registration_number: CR-2019-8421 및 관련 상표·저작권 증빙을 검토해 권리 침해 여부를 확인했습니다.",
            "id": "sample_093_0081_000016",
            "annotations": []
        },
        {
            "sentence": "customs_declaration_number: CUST-2026-8877은 통관 문서로 수집했으며 국경간 전달 시 규제 검토가 필요합니다.",
            "id": "sample_093_0081_000017",
            "annotations": [
                {
                    "word": "CUST-2026-8877",
                    "start": 28,
                    "end": 42,
                    "label": "기밀정보"
                }
            ]
        },
        {
            "sentence": "sensor_log_reference: SENSOR-LOG-77에는 온도·습도·충격 센서 로그가 포함되어 포장 위변조 가능성을 검토했습니다.",
            "id": "sample_093_0081_000018",
            "annotations": []
        },
        {
            "sentence": "blockchain_tx_hash: 0x9f1da2b3c4d5e6f7890abcde12345678f9a0b1c2d3e4f5a6b7c8d9e0f1a2b3c 로 provenance를 확인했습니다.",
            "id": "sample_093_0081_000019",
            "annotations": []
        },
        {
            "sentence": "consumer_report_id: CRP-2026-334로 소비자 제보와 사진을 연결하여 교차검증을 수행했습니다.",
            "id": "sample_093_0081_000020",
            "annotations": []
        },
        {
            "sentence": "chain_of_custody 단계1: 현장수거(2026-01-11T09:30:00Z), 서명자: 손가을, 수거 해시 및 로그를 블록체인 원장에 기록하였습니다.",
            "id": "sample_093_0081_000021",
            "annotations": [
                {
                    "word": "손가을",
                    "start": 55,
                    "end": 58,
                    "label": "개인정보"
                }
            ]
        },
        {
            "sentence": "chain_of_custody 단계2: 증거 전송(2026-01-11T11:05:12Z), 인수자: 곽용건, 전달 로그와 서명 해시를 별도 보관했습니다.",
            "id": "sample_093_0081_000022",
            "annotations": [
                {
                    "word": "곽용건",
                    "start": 56,
                    "end": 59,
                    "label": "개인정보"
                }
            ]
        },
        {
            "sentence": "내부 결재 및 검토: 결재선에 따라 검토 완료(결재일:2026-01-12), 승인자: 차기주가 최종 검토를 진행하였습니다.",
            "id": "sample_093_0081_000023",
            "annotations": [
                {
                    "word": "차기주",
                    "start": 48,
                    "end": 51,
                    "label": "개인정보"
                }
            ]
        },
        {
            "sentence": "기밀정보(내부 경로): /internal/brand-protection/approvals/2026_q1 문서 경로에 원본·검토본을 보관하며 접근 통제를 적용했습니다.",
            "id": "sample_093_0081_000024",
            "annotations": [
                {
                    "word": "/internal/brand-protection/approvals/2026_q1",
                    "start": 13,
                    "end": 57,
                    "label": "기밀정보"
                }
            ]
        },
        {
            "sentence": "이미지·비디오의 EXIF/메타데이터는 원본 보존을 원칙으로 하며 모든 미디어에는 SHA-256 해시와 취득 타임스탬프를 표기했습니다.",
            "id": "sample_093_0081_000025",
            "annotations": []
        },
        {
            "sentence": "법적·윤리적 제약: 허위 고발 금지 조항과 GDPR 등 국제 규제를 고려하여 개인 데이터는 마스킹·익명화로 처리했습니다.",
            "id": "sample_093_0081_000026",
            "annotations": []
        },
        {
            "sentence": "증거 보관 기간은 관할 규정과 소송 가능성을 고려하여 최소 법정기한 이상(특정 사례에 따라 연장) 보존합니다.",
            "id": "sample_093_0081_000027",
            "annotations": []
        },
        {
            "sentence": "플랫폼 조치 신속성: 자동 테이크다운은 24시간 내, 수동 검토는 72시간 SLA를 목표로 하며 조치 이력은 감사가능하게 보관합니다.",
            "id": "sample_093_0081_000028",
            "annotations": []
        },
        {
            "sentence": "결론 및 권고: 현재 근거 요약 점수에 따라 즉시 테이크다운과 추가 포렌식 심층분석을 권고합니다.",
            "id": "sample_093_0081_000029",
            "annotations": []
        },
        {
            "sentence": "보고서 담당자 서명: 손가을(내부 담당자, 연락처는 내부 시스템에 마스킹 처리되어 있음).",
            "id": "sample_093_0081_000030",
            "annotations": [
                {
                    "word": "손가을",
                    "start": 12,
                    "end": 15,
                    "label": "개인정보"
                }
            ]
        }
    ]
}