{
    "document_id": "093_0031",
    "document_title": "위조 방지 및 브랜드 보호 조사보고서(CASE-2026-0031)",
    "data": [
        {
            "sentence": "문서 제목 및 목적: 본 보고서는 위조 방지 및 브랜드 보호 조사 결과와 권고 조치를 기록합니다.",
            "id": "sample_093_0031_000001",
            "annotations": []
        },
        {
            "sentence": "사건 식별자(case_id)는 CASE-2026-0031로 지정되었으며 조사 범위는 제조·유통·마켓플레이스 증거 전반입니다.",
            "id": "sample_093_0031_000002",
            "annotations": []
        },
        {
            "sentence": "브랜드명(brand_name): K-브랜드(모사품 대응 테스트용 합성 표기)와 관련된 표적 감시가 실시되었습니다.",
            "id": "sample_093_0031_000003",
            "annotations": []
        },
        {
            "sentence": "제품 SKU: KBRD-XS-001 및 일련번호(serial_number)는 S/N-20251120-0001로 표기되었습니다.",
            "id": "sample_093_0031_000004",
            "annotations": []
        },
        {
            "sentence": "배치/로트(batch_lot): BATCH-202511-A와 제조일(manufacture_date): 2025-10-05가 증거 문서에 기재되어 있습니다.",
            "id": "sample_093_0031_000005",
            "annotations": []
        },
        {
            "sentence": "관찰일(observed_date): 2025-11-20에 현장 조사 및 증거 채취가 이루어졌습니다.",
            "id": "sample_093_0031_000006",
            "annotations": []
        },
        {
            "sentence": "현장 수거 장소(location): 서울특별시 강남구 테헤란로 123, 5층 502호에서 포장 샘플 및 제품 이미지를 확보했습니다.",
            "id": "sample_093_0031_000007",
            "annotations": [
                {
                    "word": "서울특별시 강남구 테헤란로 123, 5층 502호",
                    "start": 20,
                    "end": 47,
                    "label": "개인정보"
                }
            ]
        },
        {
            "sentence": "의심 판매자(suspect_vendor): 온라인 셀러 'MarketS-501'이 확인되었고 마켓플레이스 목록 URL은 https://market.example.com/listing/KS-501 입니다.",
            "id": "sample_093_0031_000008",
            "annotations": []
        },
        {
            "sentence": "증거 유형(evidence_type): image, video, documentation 및 chain_of_custody가 포함됩니다.",
            "id": "sample_093_0031_000009",
            "annotations": []
        },
        {
            "sentence": "증거 미디어 해시(evidence_media_hash): 3f2e7a9b4cd9e1f6b1a2c3d4e5f60789a1b2c3d4e5f60789a1b2c3d4e5f60789가 모든 파일에 표기되어 변경 불가성을 보장합니다.",
            "id": "sample_093_0031_000010",
            "annotations": []
        },
        {
            "sentence": "고해상도 이미지 URL: https://evidence.example.com/highres/CASE-2026-0031-IMG001.jpg 및 EXIF 메타데이터를 포함하여 포렌식 기준을 충족했습니다.",
            "id": "sample_093_0031_000011",
            "annotations": []
        },
        {
            "sentence": "포렌식 보고서(forensic_report_id): FR-2026-09031이 생성되었으며 물질 분석, 잉크 및 플라스틱 조성 성분 검사가 포함되었습니다.",
            "id": "sample_093_0031_000012",
            "annotations": []
        },
        {
            "sentence": "진위 점수(authenticity_score): 27/100으로 기계학습 모델 결과와 전문가 리뷰를 결합해 산출했습니다.",
            "id": "sample_093_0031_000013",
            "annotations": []
        },
        {
            "sentence": "조사 상태(investigation_status): investigating로 설정되어 추가 실험 및 플랫폼 조치가 진행 중입니다.",
            "id": "sample_093_0031_000014",
            "annotations": []
        },
        {
            "sentence": "권장 조치(recommended_action): 우선 takedown을 요청하고 추가 증거에 따라 seizure 또는 warning, legal 조치를 순차 검토합니다.",
            "id": "sample_093_0031_000015",
            "annotations": []
        },
        {
            "sentence": "관할권(jurisdiction): 대한민국(서울지방검찰청 관할)이며 국경간 데이터 이동은 GDPR 및 개인정보보호법을 고려해 제한될 수 있습니다.",
            "id": "sample_093_0031_000016",
            "annotations": []
        },
        {
            "sentence": "저작권 등록 번호(copyright_registration_number): CR-2025-KBRD-0099가 권리자 제출 서류에 명기되어 있습니다.",
            "id": "sample_093_0031_000017",
            "annotations": []
        },
        {
            "sentence": "통관 신고 번호(customs_declaration_number): CUS-2025-77891가 국경 통관 검토 기록과 연계되어 확인되었습니다.",
            "id": "sample_093_0031_000018",
            "annotations": []
        },
        {
            "sentence": "센서 로그 참조(sensor_log_reference): SL-CA-2026-0031로 온도·충격 센서의 시간대별 로그를 포렌식 해석했습니다.",
            "id": "sample_093_0031_000019",
            "annotations": []
        },
        {
            "sentence": "블록체인 거래 해시(blockchain_tx_hash): 0x9f8a7c6b5d4e3f2a1b0c9d8e7f6a5b4c3d2e1f0a9b8c7d6e5f4a3b2c1d0e9f8가 출처 증빙으로 기록되어 있습니다.",
            "id": "sample_093_0031_000020",
            "annotations": []
        },
        {
            "sentence": "소비자 신고(consumer_report_id): CRP-2025-4410이 접수되어 사진 증거와 리뷰 스냅샷이 첨부되었습니다.",
            "id": "sample_093_0031_000021",
            "annotations": []
        },
        {
            "sentence": "수사기관 사건번호(law_enforcement_case_number): LE-2026-3301이 배정되어 수사 공조 가능성이 열려 있습니다.",
            "id": "sample_093_0031_000022",
            "annotations": []
        },
        {
            "sentence": "조사 책임자(담당자): 공재윤이 현장 지휘 및 초기 체인오브커스터디 서명을 담당했습니다.",
            "id": "sample_093_0031_000023",
            "annotations": [
                {
                    "word": "공재윤",
                    "start": 13,
                    "end": 16,
                    "label": "개인정보"
                }
            ]
        },
        {
            "sentence": "체인오브커스터디 로그: 수거->이관->포장검증 단계마다 서명과 타임스탬프가 기록되었으며 서명자 중 이장수가 최종 수령 확인을 했습니다.",
            "id": "sample_093_0031_000024",
            "annotations": [
                {
                    "word": "이장수",
                    "start": 55,
                    "end": 58,
                    "label": "개인정보"
                }
            ]
        },
        {
            "sentence": "증거 보관용 내부 시스템 접근 계정은 admin_protect로 제한되며 관련 서버 IP는 10.0.0.5로 내부망에 고정되어 있습니다.",
            "id": "sample_093_0031_000025",
            "annotations": [
                {
                    "word": "admin_protect",
                    "start": 21,
                    "end": 34,
                    "label": "기밀정보"
                },
                {
                    "word": "10.0.0.5",
                    "start": 51,
                    "end": 59,
                    "label": "기밀정보"
                }
            ]
        },
        {
            "sentence": "증거 정산 및 비용 처리용 계좌번호는 000-123456-00로 기재되어 있으나 외부 공개는 금지합니다.",
            "id": "sample_093_0031_000026",
            "annotations": [
                {
                    "word": "000-123456-00",
                    "start": 21,
                    "end": 34,
                    "label": "기밀정보"
                }
            ]
        },
        {
            "sentence": "검사원 정보(마스킹): 검사원 백힘찬의 성별은 남성이고 생년월일은 1985-07-12으로 기록되었으나 제3자 공개는 제한합니다.",
            "id": "sample_093_0031_000027",
            "annotations": [
                {
                    "word": "백힘찬",
                    "start": 17,
                    "end": 20,
                    "label": "개인정보"
                },
                {
                    "word": "남성",
                    "start": 26,
                    "end": 28,
                    "label": "준식별자"
                },
                {
                    "word": "1985-07-12",
                    "start": 37,
                    "end": 47,
                    "label": "준식별자"
                }
            ]
        },
        {
            "sentence": "연락처 및 이메일은 최소화하여 보관하며 공개 필요 시 익명화합니다; 현재 보고서에는 담당자 이메일 choi.s@example.com이 기록되어 있습니다.",
            "id": "sample_093_0031_000028",
            "annotations": [
                {
                    "word": "choi.s@example.com",
                    "start": 55,
                    "end": 73,
                    "label": "개인정보"
                }
            ]
        }
    ]
}