{
    "document_id": "093_0007",
    "document_title": "위조품 조사 보고서 및 증거 체인오브커스터디 기록",
    "data": [
        {
            "sentence": "사건 요약: 본 문서는 위조 방지 및 브랜드 보호 목적의 조사 파일로, 증거 무결성과 체인오브커스터디 로그를 포함한다.",
            "id": "sample_093_0007_000001",
            "annotations": []
        },
        {
            "sentence": "case_id는 CASE-093-0007로 지정되었으며, 관련 브랜드는 아트리움(Artirum)으로 기록된다.",
            "id": "sample_093_0007_000002",
            "annotations": []
        },
        {
            "sentence": "대상 상품 메타데이터: product_sku AR-2025-XL, serial_number SN-AR-00012345, batch_lot BATCH-A125, manufacture_date 2025-11-15으로 표기한다.",
            "id": "sample_093_0007_000003",
            "annotations": [
                {
                    "word": "2025",
                    "start": 28,
                    "end": 32,
                    "label": "준식별자"
                },
                {
                    "word": "2025",
                    "start": 106,
                    "end": 110,
                    "label": "준식별자"
                },
                {
                    "word": "11",
                    "start": 111,
                    "end": 113,
                    "label": "준식별자"
                },
                {
                    "word": "15",
                    "start": 114,
                    "end": 116,
                    "label": "준식별자"
                }
            ]
        },
        {
            "sentence": "관찰일자 및 위치: observed_date 2025-12-02, 위치(시/군/구) 서울특별시 중구, 관찰 장소는 유통센터 진열 구역으로 기록한다.",
            "id": "sample_093_0007_000004",
            "annotations": [
                {
                    "word": "2025",
                    "start": 25,
                    "end": 29,
                    "label": "준식별자"
                },
                {
                    "word": "12",
                    "start": 30,
                    "end": 32,
                    "label": "준식별자"
                },
                {
                    "word": "02",
                    "start": 26,
                    "end": 28,
                    "label": "준식별자"
                },
                {
                    "word": "02",
                    "start": 33,
                    "end": 35,
                    "label": "준식별자"
                },
                {
                    "word": "서울특별시",
                    "start": 47,
                    "end": 52,
                    "label": "준식별자"
                },
                {
                    "word": "중구",
                    "start": 53,
                    "end": 55,
                    "label": "준식별자"
                }
            ]
        },
        {
            "sentence": "의심 판매자 정보는 익명화하여 suspect_vendor 가상판매자_007로 표기하고, marketplace_listing_url은 https://market.example/listing/7890로 스냅샷을 보관한다.",
            "id": "sample_093_0007_000005",
            "annotations": []
        },
        {
            "sentence": "증거 유형은 image이며, evidence_media_hash(SHA-256)는 a3f5b7c4e6d89f3a17b9c4d5e6f7a8b9c0d1e2f3a4b5c6d7e8f9a0b1c2d3e4f로 저장된다.",
            "id": "sample_093_0007_000006",
            "annotations": []
        },
        {
            "sentence": "고해상도 이미지(고해상도·EXIF 포함)는 high_resolution_image_url https://evidence.example/images/CASE-093-0007/0001.jpg에 보관하며 EXIF와 촬영타임스탬프를 병기한다.",
            "id": "sample_093_0007_000007",
            "annotations": []
        },
        {
            "sentence": "포렌식 보고서 참조는 forensic_report_id FR-2025-7001이며, 초기 진위점수 authenticity_score 18(0-100 기준)로 계산되었다.",
            "id": "sample_093_0007_000008",
            "annotations": []
        },
        {
            "sentence": "조사 상태는 open으로 표기하고, 권장 조치는 takedown(마켓플레이스 게시중단)과 추가 증거 확보를 권고한다.",
            "id": "sample_093_0007_000009",
            "annotations": []
        },
        {
            "sentence": "저작권·등록 정보는 copyright_registration_number CR-2024-5561로 기록되어 있으며 권리자의 등록 내역과 연결 검증을 진행한다.",
            "id": "sample_093_0007_000010",
            "annotations": [
                {
                    "word": "CR-2024-5561",
                    "start": 41,
                    "end": 53,
                    "label": "기밀정보"
                }
            ]
        },
        {
            "sentence": "통관 관련 문서는 customs_declaration_number CUSD-2025-00987로 색인되어, 수입 경로 추적을 위한 검토 대상에 포함된다.",
            "id": "sample_093_0007_000011",
            "annotations": [
                {
                    "word": "CUSD-2025-00987",
                    "start": 37,
                    "end": 52,
                    "label": "기밀정보"
                }
            ]
        },
        {
            "sentence": "센서 및 IoT 로그 참조는 sensor_log_reference SENSOR-LOG-3301이며, 온도·습도 변동과 충격 이벤트를 타임스탬프와 함께 저장한다.",
            "id": "sample_093_0007_000012",
            "annotations": []
        },
        {
            "sentence": "블록체인 기반 출처는 blockchain_tx_hash 0xabc123def4567890abcdef1234567890abcdef1234567890abcdef1234567890으로 토큰화되어 위조 여부 증빙에 사용된다.",
            "id": "sample_093_0007_000013",
            "annotations": []
        },
        {
            "sentence": "소비자 제보는 consumer_report_id CON-5432로 익명 처리된 제보 사진과 텍스트를 수집하였고, PII는 삭제 또는 마스킹 처리했다.",
            "id": "sample_093_0007_000014",
            "annotations": []
        },
        {
            "sentence": "수사 연계용 law_enforcement_case_number LE-2025-88을 기록하였으며, 관할 기관과의 정보 공유 범위를 사전 협의하였다.",
            "id": "sample_093_0007_000015",
            "annotations": []
        },
        {
            "sentence": "증거 무결성 기록: 모든 미디어는 타임스탬프 2025-12-03T10:24:30Z와 함께 SHA-256 해시를 포함하여 불변성을 보장한다.",
            "id": "sample_093_0007_000016",
            "annotations": [
                {
                    "word": "2025",
                    "start": 25,
                    "end": 29,
                    "label": "준식별자"
                },
                {
                    "word": "12",
                    "start": 30,
                    "end": 32,
                    "label": "준식별자"
                },
                {
                    "word": "03",
                    "start": 33,
                    "end": 35,
                    "label": "준식별자"
                }
            ]
        },
        {
            "sentence": "체인오브커스터디 1단계: 채집자 채연준이 2025-12-03T10:30:00Z에 물품을 현장에서 수집하고 디지털 서명을 남겼다.",
            "id": "sample_093_0007_000017",
            "annotations": [
                {
                    "word": "채연준",
                    "start": 18,
                    "end": 21,
                    "label": "개인정보"
                },
                {
                    "word": "2025",
                    "start": 23,
                    "end": 27,
                    "label": "준식별자"
                },
                {
                    "word": "12",
                    "start": 28,
                    "end": 30,
                    "label": "준식별자"
                },
                {
                    "word": "03",
                    "start": 31,
                    "end": 33,
                    "label": "준식별자"
                }
            ]
        },
        {
            "sentence": "체인오브커스터디 2단계: 1차 인계는 담당자 정세연에게 2025-12-04T09:15:00Z에 전자 인계되어 로그에 서명되었다.",
            "id": "sample_093_0007_000018",
            "annotations": [
                {
                    "word": "정세연",
                    "start": 25,
                    "end": 28,
                    "label": "개인정보"
                },
                {
                    "word": "2025",
                    "start": 31,
                    "end": 35,
                    "label": "준식별자"
                },
                {
                    "word": "12",
                    "start": 36,
                    "end": 38,
                    "label": "준식별자"
                },
                {
                    "word": "04",
                    "start": 39,
                    "end": 41,
                    "label": "준식별자"
                }
            ]
        },
        {
            "sentence": "체인오브커스터디 3단계: 증거는 현장 증인 김한민의 확인 절차(2025-12-04T09:20:00Z)를 거쳐 봉인 및 운송되었다.",
            "id": "sample_093_0007_000019",
            "annotations": [
                {
                    "word": "김한민",
                    "start": 24,
                    "end": 27,
                    "label": "개인정보"
                },
                {
                    "word": "2025",
                    "start": 35,
                    "end": 39,
                    "label": "준식별자"
                },
                {
                    "word": "12",
                    "start": 40,
                    "end": 42,
                    "label": "준식별자"
                },
                {
                    "word": "04",
                    "start": 43,
                    "end": 45,
                    "label": "준식별자"
                }
            ]
        },
        {
            "sentence": "포렌식 분석: 화학·물리 분석은 분석가 심희로가 2025-12-10에 수행하였으며, 실험 로그와 결과 파일은 별도 검증 스토리지에 보관된다.",
            "id": "sample_093_0007_000020",
            "annotations": [
                {
                    "word": "심희로",
                    "start": 22,
                    "end": 25,
                    "label": "개인정보"
                },
                {
                    "word": "2025",
                    "start": 27,
                    "end": 31,
                    "label": "준식별자"
                },
                {
                    "word": "12",
                    "start": 32,
                    "end": 34,
                    "label": "준식별자"
                },
                {
                    "word": "10",
                    "start": 35,
                    "end": 37,
                    "label": "준식별자"
                }
            ]
        },
        {
            "sentence": "증거 저장소는 전용 서버를 사용하며 서버 IP 10.0.0.5와 경로 /secure/evidence/case093_0007에 암호화된 상태로 보존된다.",
            "id": "sample_093_0007_000021",
            "annotations": [
                {
                    "word": "10.0.0.5",
                    "start": 26,
                    "end": 34,
                    "label": "기밀정보"
                },
                {
                    "word": "/secure/evidence/case093_0007",
                    "start": 39,
                    "end": 68,
                    "label": "기밀정보"
                }
            ]
        },
        {
            "sentence": "격리·압수 권고: 현장 상황과 법적 근거를 고려하여 seizure(압수)를 권고하며, 플랫폼 조치 SLA는 24-72시간으로 설정한다.",
            "id": "sample_093_0007_000022",
            "annotations": []
        },
        {
            "sentence": "법적·윤리적 제약: GDPR 및 국내 개인정보보호법을 준수하며 국경간 데이터 전송은 최소화하고 필요한 경우 법적 검토를 거친다.",
            "id": "sample_093_0007_000023",
            "annotations": []
        },
        {
            "sentence": "출처 증빙 표준은 GS1 식별자(GTIN 01234567890123)와 블록체인 토큰화를 우선 적용하여 제조·유통 연계 신뢰도를 확보한다.",
            "id": "sample_093_0007_000024",
            "annotations": []
        },
        {
            "sentence": "이미지 포렌식 요건: EXIF 메타데이터와 최소 해상도 3000x2000px 이상을 유지하며 촬영 기기 정보를 기록한다.",
            "id": "sample_093_0007_000025",
            "annotations": []
        },
        {
            "sentence": "실험실 결과 요약: 잉크 분석에서 의심 물질 및 플라스틱 구성(PVC 계열) 불일치가 확인되어 추가 비교 실험을 지시한다.",
            "id": "sample_093_0007_000026",
            "annotations": []
        },
        {
            "sentence": "증거 보존 기간: 관련 소송 가능성을 고려하여 최소 보관 기간을 7년으로 설정하되 관할법에 따라 연장 가능하다.",
            "id": "sample_093_0007_000027",
            "annotations": []
        },
        {
            "sentence": "권장 조치 상세: 자동화된 takedown 절차를 시작하고, 플랫폼에 warning 서한을 발송하며 필요시 법적 대응을 준비한다.",
            "id": "sample_093_0007_000028",
            "annotations": []
        },
        {
            "sentence": "조사 종결 메모: 최종 보고서 초안에 Lead Analyst 정세연의 결론을 포함하고, 연락처는 내부 기록에서 마스킹 처리한다.",
            "id": "sample_093_0007_000029",
            "annotations": [
                {
                    "word": "정세연",
                    "start": 34,
                    "end": 37,
                    "label": "개인정보"
                }
            ]
        },
        {
            "sentence": "공유 및 감사: 본 케이스의 데이터 공유 가능성은 제한적으로 표기하였고, 모든 액세스는 AUD-093-0007 감사 로그로 추적된다.",
            "id": "sample_093_0007_000030",
            "annotations": []
        }
    ]
}