{
    "document_id": "093_0026",
    "document_title": "SORIA 브랜드 위조품 조사 보고서(초안)",
    "data": [
        {
            "sentence": "본 문서는 브랜드 권리자 의뢰로 수행된 위조품 조사 보고서 초안이며 사건 식별자는 CASE-093-2025-00026입니다.",
            "id": "sample_093_0026_000001",
            "annotations": [
                {
                    "word": "CASE-093-2025-00026",
                    "start": 46,
                    "end": 65,
                    "label": "기밀정보"
                }
            ]
        },
        {
            "sentence": "조사 대상 브랜드명은 SORIA로 표기되며 대응 대상 제품 SKU는 SOR-AC-2025-17로 시스템에 기록되어 있습니다.",
            "id": "sample_093_0026_000002",
            "annotations": []
        },
        {
            "sentence": "조사에 포함된 샘플의 시리얼 번호는 SN-2025-00018745이며 배치(LOT) 표기는 BATCH-0825-A로 확인되었습니다.",
            "id": "sample_093_0026_000003",
            "annotations": []
        },
        {
            "sentence": "제조일자는 2025-08-01로 보고되었고 관찰(발견)일시는 2025-11-12 14:32:10으로 증거 메타데이터에 기록되어 있습니다.",
            "id": "sample_093_0026_000004",
            "annotations": [
                {
                    "word": "2025-08-01",
                    "start": 6,
                    "end": 16,
                    "label": "준식별자"
                },
                {
                    "word": "2025-11-12 14:32:10",
                    "start": 34,
                    "end": 53,
                    "label": "준식별자"
                }
            ]
        },
        {
            "sentence": "관찰 위치는 서울특별시 강남구 테헤란로 인근(위도 37.5012, 경도 127.0396)으로 현장 사진에 GPS EXIF가 포함되어 있습니다.",
            "id": "sample_093_0026_000005",
            "annotations": [
                {
                    "word": "서울특별시 강남구",
                    "start": 7,
                    "end": 16,
                    "label": "준식별자"
                }
            ]
        },
        {
            "sentence": "의심 판매자 정보는 내부 표기 vendor_prim으로 기록되었고 마켓플레이스 리스팅 URL은 https://market.example.com/listing/ML-2025-9981 입니다.",
            "id": "sample_093_0026_000006",
            "annotations": []
        },
        {
            "sentence": "수집된 증거 유형은 image, video, documentation이며 각 미디어는 수집 타임스탬프와 SHA-256 해시로 변경 불가성을 확보했습니다.",
            "id": "sample_093_0026_000007",
            "annotations": []
        },
        {
            "sentence": "수집된 주요 이미지 파일 해시는 e3b0c44298fc1c149afbf4c8996fb92427ae41e4649b934ca495991b7852b855(sha256)로 원본 저장소에 기록되어 있습니다.",
            "id": "sample_093_0026_000008",
            "annotations": []
        },
        {
            "sentence": "고해상도 이미지 원본은 보안 저장소에 저장되며 EXIF 메타데이터와 접근 로그가 연계 저장되어 포렌식 무결성을 보장합니다.",
            "id": "sample_093_0026_000009",
            "annotations": []
        },
        {
            "sentence": "현장 포렌식 시험실에서 발행한 보고서는 식별번호 FR-2025-3412로 관리되며 물질 분석 결과와 기기 분석 로그가 포함되어 있습니다.",
            "id": "sample_093_0026_000010",
            "annotations": [
                {
                    "word": "FR-2025-3412",
                    "start": 27,
                    "end": 39,
                    "label": "기밀정보"
                }
            ]
        },
        {
            "sentence": "포렌식 분석 결과를 기반으로 산출한 진위 점수(authenticity_score)는 28/100으로 산정되어 고위험군으로 분류되었습니다.",
            "id": "sample_093_0026_000011",
            "annotations": []
        },
        {
            "sentence": "현재 조사 상태는 investigating으로 표기되며 권장 조치는 우선 48시간 내 takedown 및 판매중지 요청입니다.",
            "id": "sample_093_0026_000012",
            "annotations": []
        },
        {
            "sentence": "관할권은 대한민국(서울)으로 분류되며 국제 협조 시 GDPR 등 국경간 데이터 전송 제한을 사전 검토해야 합니다.",
            "id": "sample_093_0026_000013",
            "annotations": []
        },
        {
            "sentence": "권리자 제출 자료와 대조한 저작권 등록번호는 CRN-2020-5543이며 문서 대조 결과 일부 불일치 항목이 확인되었습니다.",
            "id": "sample_093_0026_000014",
            "annotations": [
                {
                    "word": "CRN-2020-5543",
                    "start": 25,
                    "end": 38,
                    "label": "기밀정보"
                }
            ]
        },
        {
            "sentence": "통관 기록 상 신고번호(customs_declaration_number)는 CUST-KR-2025-0897로 확인되며 세관 제출 원문을 확보해 대조했습니다.",
            "id": "sample_093_0026_000015",
            "annotations": [
                {
                    "word": "CUST-KR-2025-0897",
                    "start": 42,
                    "end": 59,
                    "label": "기밀정보"
                }
            ]
        },
        {
            "sentence": "패키지 센서 로그 참조는 SLOG-2025-7783으로 표기되어 있으며 온도·습도·충격 로그가 변조 및 재포장 가능성을 시사합니다.",
            "id": "sample_093_0026_000016",
            "annotations": [
                {
                    "word": "SLOG-2025-7783",
                    "start": 14,
                    "end": 28,
                    "label": "기밀정보"
                }
            ]
        },
        {
            "sentence": "블록체인 기반 출처 증빙의 트랜잭션 해시(tx_hash)는 0x9f2b4a6c3d6e8f1a2b3c4d5e6f7a8b9c0d1e2f3a4b5c6d7e8f9a0b1c2d3e4f5로 원장에 기록되어 있습니다.",
            "id": "sample_093_0026_000017",
            "annotations": []
        },
        {
            "sentence": "소비자 제보 식별자는 마스킹 처리된 CR-XXXX-2025로 저장되어 있으며 원본 제출자는 개인정보 보호를 위해 익명화 조치되었습니다.",
            "id": "sample_093_0026_000018",
            "annotations": [
                {
                    "word": "CR-XXXX-2025",
                    "start": 20,
                    "end": 32,
                    "label": "준식별자"
                }
            ]
        },
        {
            "sentence": "현장 체인오브커스터디는 수집, 이전, 보관의 각 단계별로 로그화되어 있으며 단계별 타임스탬프와 서명 로그가 첨부되어 있습니다.",
            "id": "sample_093_0026_000019",
            "annotations": []
        },
        {
            "sentence": "체인오브커스터디 서명 기록에는 2025-11-12 15:02 서명 손봄(검수원)과 2025-11-12 16:20 서명 장효은(운송담당)이 포함됩니다.",
            "id": "sample_093_0026_000020",
            "annotations": [
                {
                    "word": "손봄",
                    "start": 37,
                    "end": 39,
                    "label": "개인정보"
                },
                {
                    "word": "장효은",
                    "start": 66,
                    "end": 69,
                    "label": "개인정보"
                },
                {
                    "word": "2025-11-12 15:02",
                    "start": 17,
                    "end": 33,
                    "label": "준식별자"
                },
                {
                    "word": "2025-11-12 16:20",
                    "start": 46,
                    "end": 62,
                    "label": "준식별자"
                }
            ]
        },
        {
            "sentence": "모든 증거 파일은 이동 시마다 SHA-256 체크섬과 타임스탬프가 자동 생성되어 저장소 진입 시 무결성 검증이 수행됩니다.",
            "id": "sample_093_0026_000021",
            "annotations": []
        },
        {
            "sentence": "브랜드 보호팀은 즉시 플랫폼 기반 테이크다운 초안을 제출하며 SLA는 24시간 내 긴급 대응, 72시간 내 완결을 제안합니다.",
            "id": "sample_093_0026_000022",
            "annotations": []
        },
        {
            "sentence": "법집행기관 협조용 제출 문서는 포렌식 원본, 체인오브커스터디 로그, 통관 자료 및 판매자 거래 이력으로 구성됩니다.",
            "id": "sample_093_0026_000023",
            "annotations": []
        },
        {
            "sentence": "본 문서는 내부 검토용 초안이며 외부 제출 전 법무 검토 및 개인정보 영향평가를 거쳐야 하고 수사 중인 경우 일부 정보는 비공개 유지합니다.",
            "id": "sample_093_0026_000024",
            "annotations": []
        },
        {
            "sentence": "관련 법집행 사례 번호는 LE-2025-1102로 기록되었으며 수사 중임을 고려해 공개 범위를 제한하고 있습니다.",
            "id": "sample_093_0026_000025",
            "annotations": [
                {
                    "word": "LE-2025-1102",
                    "start": 14,
                    "end": 26,
                    "label": "기밀정보"
                }
            ]
        },
        {
            "sentence": "권장 조치는 단계별로 takedown, seizure, warning, legal 조치를 포함하며 각 단계의 증거 보존 기간을 명시했습니다.",
            "id": "sample_093_0026_000026",
            "annotations": []
        },
        {
            "sentence": "조사 가설은 제조 단계의 비표준 잉크성분 및 레이저 마킹 패턴 불일치로 위조 가능성이 높다는 것이며 이를 뒷받침할 추가 샘플링을 권고합니다.",
            "id": "sample_093_0026_000027",
            "annotations": []
        },
        {
            "sentence": "문서 말미에는 GDPR 및 국내 개인정보보호법 준수 사항, 국경간 데이터 전송 제한 및 공유 가능성에 대한 법적 유의사항을 명시했습니다.",
            "id": "sample_093_0026_000028",
            "annotations": []
        }
    ]
}