{
    "document_id": "047_0079",
    "document_title": "경매 로트 2025 프로벤넌스 및 감정 종합보고서",
    "data": [
        {
            "sentence": "본 문서는 미술품의 출처(provenance), 감정(appraisal), 보존(conservation) 및 경매 이력(auction history)을 종합적으로 기록하기 위해 작성되었다.",
            "id": "sample_047_0079_000001",
            "annotations": []
        },
        {
            "sentence": "문서 범위에는 로트 메타데이터, 고해상도 이미지의 IIIF/EXIF 메타데이터, 과학적 포렌식 결과, 소유권 체인(provenance_chain) 및 관련 법적 문서가 포함된다.",
            "id": "sample_047_0079_000002",
            "annotations": []
        },
        {
            "sentence": "본 프로벤넌스 리포트의 책임자는 노부건으로 지정되었으며 내부 감사 절차와 버전 관리 규정을 준수하여 작성되었다.",
            "id": "sample_047_0079_000003",
            "annotations": [
                {
                    "word": "노부건",
                    "start": 18,
                    "end": 21,
                    "label": "개인정보"
                }
            ]
        },
        {
            "sentence": "연락처 정보는 업무용으로 등록된 전화번호 010-9876-5432와 이메일 nobugeon@example.com에 한정하여 접근이 허용된다.",
            "id": "sample_047_0079_000004",
            "annotations": [
                {
                    "word": "010-9876-5432",
                    "start": 23,
                    "end": 36,
                    "label": "개인정보"
                },
                {
                    "word": "nobugeon@example.com",
                    "start": 42,
                    "end": 62,
                    "label": "개인정보"
                }
            ]
        },
        {
            "sentence": "문서는 로트 식별자(lot_id), 작가(artist_name), 제목(title), 제작연도(creation_date), 기법(medium) 및 치수(dimensions)를 구조화된 메타데이터로 포함한다.",
            "id": "sample_047_0079_000005",
            "annotations": []
        },
        {
            "sentence": "원소장자 중 한 명은 전은하이며, 해당 소장자의 관리 이메일 jeoneunha@gallery.kr이 COA 및 보존기록 관리에 사용되었다.",
            "id": "sample_047_0079_000006",
            "annotations": [
                {
                    "word": "전은하",
                    "start": 12,
                    "end": 15,
                    "label": "개인정보"
                },
                {
                    "word": "jeoneunha@gallery.kr",
                    "start": 34,
                    "end": 54,
                    "label": "개인정보"
                }
            ]
        },
        {
            "sentence": "위탁자 식별자는 CNSGN-000123로 내부 시스템에 등록되어 있으며, KYC 문서는 제한 접근으로 별도 암호화 보관한다.",
            "id": "sample_047_0079_000007",
            "annotations": [
                {
                    "word": "CNSGN-000123",
                    "start": 9,
                    "end": 21,
                    "label": "개인정보"
                }
            ]
        },
        {
            "sentence": "수탁자 ID는 CNSGE-000456이며, 오프체인 문서와 연동된 감사 로그(audit trail)가 블록체인 해시와 함께 기록되어 불변성을 보장한다.",
            "id": "sample_047_0079_000008",
            "annotations": [
                {
                    "word": "CNSGE-000456",
                    "start": 8,
                    "end": 20,
                    "label": "개인정보"
                }
            ]
        },
        {
            "sentence": "피감정자(소유권 주장자)로 홍용선이 보고서 상에 명시되어 있으며, 해당자의 진술 및 관련 서류는 증빙자료로 첨부되어 있다.",
            "id": "sample_047_0079_000009",
            "annotations": [
                {
                    "word": "홍용선",
                    "start": 15,
                    "end": 18,
                    "label": "개인정보"
                }
            ]
        },
        {
            "sentence": "초기 낙찰자 식별자 BUYR-7890가 입찰 기록에 남아 있으나, 구매자 실명과 결제 정보는 내부정책에 따라 마스킹 또는 제한 접근 처리되었다.",
            "id": "sample_047_0079_000010",
            "annotations": [
                {
                    "word": "BUYR-7890",
                    "start": 11,
                    "end": 20,
                    "label": "개인정보"
                }
            ]
        },
        {
            "sentence": "소유자 중 한 사람의 생년월일은 1978-05-12이고 성별은 여성으로 기록되어 있어 준식별자 항목으로 분류되어 통계적 익명화 절차 대상이다.",
            "id": "sample_047_0079_000011",
            "annotations": [
                {
                    "word": "1978-05-12",
                    "start": 18,
                    "end": 28,
                    "label": "준식별자"
                },
                {
                    "word": "여성",
                    "start": 35,
                    "end": 37,
                    "label": "준식별자"
                }
            ]
        },
        {
            "sentence": "주소는 서울특별시 강남구 단위로 표준화되어 기록되며, 상세 주소(동·호수 등)는 제한 접근 대상으로 별도 암호화된다.",
            "id": "sample_047_0079_000012",
            "annotations": [
                {
                    "word": "서울특별시 강남구",
                    "start": 4,
                    "end": 13,
                    "label": "준식별자"
                }
            ]
        },
        {
            "sentence": "직업은 갤러리 디렉터(gallery director)로 표기되어 있으며, 이와 같은 준식별자 항목은 다른 속성과 결합 시 신원 노출 위험이 있으므로 최소화 정책을 적용한다.",
            "id": "sample_047_0079_000013",
            "annotations": [
                {
                    "word": "갤러리 디렉터",
                    "start": 4,
                    "end": 11,
                    "label": "준식별자"
                }
            ]
        },
        {
            "sentence": "국적은 대한민국으로 기록되어 있고, 국적 정보는 수출입 규제 및 문화재 심사 시 준식별자 용도로 사용될 수 있다.",
            "id": "sample_047_0079_000014",
            "annotations": [
                {
                    "word": "대한민국",
                    "start": 4,
                    "end": 8,
                    "label": "준식별자"
                }
            ]
        },
        {
            "sentence": "재무 자료 중 계좌번호: 345-678-901234는 정산 확인용으로 참조되며 외부 유출 시 금융피해가 우려되어 기밀정보로 분류된다.",
            "id": "sample_047_0079_000015",
            "annotations": [
                {
                    "word": "345-678-901234",
                    "start": 14,
                    "end": 28,
                    "label": "기밀정보"
                }
            ]
        },
        {
            "sentence": "시스템 로그에 기록된 내부 서버 IP 192.168.10.45와 운영 파일 경로는 운영 보안상 기밀로 취급하며 접근 제어와 모니터링을 적용한다.",
            "id": "sample_047_0079_000016",
            "annotations": [
                {
                    "word": "192.168.10.45",
                    "start": 21,
                    "end": 34,
                    "label": "기밀정보"
                }
            ]
        },
        {
            "sentence": "본 작품과 관련된 법적 분쟁은 사건번호 2024가합12345로 등재되어 있으며 해당 소송 서류는 기밀 문서로 접근 권한이 엄격히 제한된다.",
            "id": "sample_047_0079_000017",
            "annotations": [
                {
                    "word": "사건번호 2024가합12345",
                    "start": 17,
                    "end": 33,
                    "label": "기밀정보"
                }
            ]
        },
        {
            "sentence": "보험 증권 번호 INS-2024-5566은 보험사와의 계약정보로서 재무적 기밀로 분류하고 모든 변경은 감사 로그로 기록한다.",
            "id": "sample_047_0079_000018",
            "annotations": [
                {
                    "word": "INS-2024-5566",
                    "start": 9,
                    "end": 22,
                    "label": "기밀정보"
                }
            ]
        },
        {
            "sentence": "경매 관련 가격은 estimate_low KRW 30,000,000과 estimate_high KRW 50,000,000, reserve_price KRW 45,000,000 @2025-01-15T10:00:00Z로 표준화된 통화 코드와 타임스탬프와 함께 저장된다.",
            "id": "sample_047_0079_000019",
            "annotations": []
        },
        {
            "sentence": "내부 파일 경로 internal/path/consignment/CNSGN-000123/contract.pdf는 계약 원본의 저장 위치로서 접근 로그와 함께 기밀정보로 분류된다.",
            "id": "sample_047_0079_000020",
            "annotations": [
                {
                    "word": "internal/path/consignment/CNSGN-000123/contract.pdf",
                    "start": 9,
                    "end": 60,
                    "label": "기밀정보"
                }
            ]
        },
        {
            "sentence": "온체인 연동 정보는 스마트컨트랙트 주소 0xAbC1234Def567890aBCdEf1234567890aBcDEF12와 토큰 ID TOKEN-421로 기록되어 오프체인 메타데이터와 상호검증 가능하도록 구성되었다.",
            "id": "sample_047_0079_000021",
            "annotations": []
        },
        {
            "sentence": "전문 감정인 최강이가 감정서에 서명하였고, 감정인의 자격 정보와 서명 날짜는 감정서 메타데이터에 명시되어 문서 무결성을 유지한다.",
            "id": "sample_047_0079_000022",
            "annotations": [
                {
                    "word": "최강이",
                    "start": 7,
                    "end": 10,
                    "label": "개인정보"
                }
            ]
        },
        {
            "sentence": "감정일자는 2024-11-20로 표기되며, 이 날짜는 감정서 메타데이터에서 연·월·일 단위로 분해되어 기록되고 버전관리 체계에 반영된다.",
            "id": "sample_047_0079_000023",
            "annotations": [
                {
                    "word": "2024-11-20",
                    "start": 6,
                    "end": 16,
                    "label": "준식별자"
                }
            ]
        },
        {
            "sentence": "세무 문서 ID TAX-2024-7788과 관련 납부 내역은 내부 회계시스템에서 기밀로 관리되며 접근 시 다중 인증이 요구된다.",
            "id": "sample_047_0079_000024",
            "annotations": [
                {
                    "word": "TAX-2024-7788",
                    "start": 9,
                    "end": 22,
                    "label": "기밀정보"
                }
            ]
        },
        {
            "sentence": "수출 허가증 번호 EXP-LIC-55-2024은 수출 심사 지침에 따라 검증되며 관세·수출 규제 체크리스트에 따라 처리한다.",
            "id": "sample_047_0079_000025",
            "annotations": [
                {
                    "word": "EXP-LIC-55-2024",
                    "start": 10,
                    "end": 25,
                    "label": "기밀정보"
                }
            ]
        },
        {
            "sentence": "감정서와 포렌식 리포트는 FR-2024-334 식별자를 부여받아 버전 관리와 서명 기록을 포함해 불변 로그에 저장하고 접근은 최소 권한으로 제한된다.",
            "id": "sample_047_0079_000026",
            "annotations": [
                {
                    "word": "FR-2024-334",
                    "start": 14,
                    "end": 25,
                    "label": "기밀정보"
                }
            ]
        },
        {
            "sentence": "이미지 파일은 IIIF와 EXIF 메타데이터를 완전 포함하여 촬영일, 촬영자, 장비, 이미지 해시값을 명시적으로 기록하고 원본 해시는 불변 스토리지에 저장한다.",
            "id": "sample_047_0079_000027",
            "annotations": []
        },
        {
            "sentence": "권장 조치로는 개인정보는 최소 권한 원칙으로 암호화 저장하고 기밀정보는 접근 감사 로그와 함께 2중 인증 및 역할 기반 접근제어(RBAC)를 적용하는 것이다.",
            "id": "sample_047_0079_000028",
            "annotations": []
        }
    ]
}