{
    "document_id": "047_0069",
    "document_title": "LOT 047_0069 상세 리포트 및 출품·감정 기록",
    "data": [
        {
            "sentence": "본 문서는 경매 로트 LOT0470069에 대한 출품, 감정, 보존 및 거래 관련 종합 기록을 제공합니다.",
            "id": "sample_047_0069_000001",
            "annotations": []
        },
        {
            "sentence": "해당 로트는 2024-11-15에 서울옥션(Seoul Auction) 본사에서 경매에 출품되었으며 auction_house, auction_location, auction_date 필드를 포함합니다.",
            "id": "sample_047_0069_000002",
            "annotations": []
        },
        {
            "sentence": "작품 정보: artist_name: 박모(가명), title: 무제(흰 바탕 위의 혼합기법), creation_date: 1998, medium: 캔버스에 유채 및 혼합재료, dimensions: 120cm x 90cm.",
            "id": "sample_047_0069_000003",
            "annotations": []
        },
        {
            "sentence": "provenance_chain에는 1999년 초대 소장처, 2010년 갤러리 출품, 2018년 프라이빗 세일 등 연대기적 기록과 출처 문서 ID가 연계되어 있습니다.",
            "id": "sample_047_0069_000004",
            "annotations": []
        },
        {
            "sentence": "최종 보유자는 consignor로 표기된 정정민이며, 거래 관련 연락처와 배송지로 서울특별시 강남구 청담동 12-3, 이메일 jjm.collection@example.co.kr이 기록되어 있습니다.",
            "id": "sample_047_0069_000005",
            "annotations": [
                {
                    "word": "정정민",
                    "start": 23,
                    "end": 26,
                    "label": "개인정보"
                },
                {
                    "word": "서울특별시 강남구 청담동 12-3",
                    "start": 46,
                    "end": 64,
                    "label": "개인정보"
                },
                {
                    "word": "jjm.collection@example.co.kr",
                    "start": 70,
                    "end": 98,
                    "label": "개인정보"
                }
            ]
        },
        {
            "sentence": "수탁자 정보(consignee): 공태후가 대리인으로 등록되어 있고 소속은 아트브로커스로 표기되어 있으며 consignment_contract_id와 연동된 내부 문서가 존재합니다.",
            "id": "sample_047_0069_000006",
            "annotations": [
                {
                    "word": "공태후",
                    "start": 19,
                    "end": 22,
                    "label": "개인정보"
                },
                {
                    "word": "아트브로커스",
                    "start": 42,
                    "end": 48,
                    "label": "준식별자"
                }
            ]
        },
        {
            "sentence": "낙찰자는 실거래 기록상 곽리오로 표기된 항목이 존재하나, 내부 정책상 구매자 식별자는 익명화 또는 제한 접근 처리되어야 합니다.",
            "id": "sample_047_0069_000007",
            "annotations": [
                {
                    "word": "곽리오",
                    "start": 13,
                    "end": 16,
                    "label": "개인정보"
                }
            ]
        },
        {
            "sentence": "감정서(appraisal)의 담당 감정인은 윤지승이며 appraiser_name과 appraisal_date 필드, 감정서 ID, 서명 스캔본의 메타버전이 함께 보관됩니다.",
            "id": "sample_047_0069_000008",
            "annotations": [
                {
                    "word": "윤지승",
                    "start": 24,
                    "end": 27,
                    "label": "개인정보"
                }
            ]
        },
        {
            "sentence": "감정인의 준식별자 정보로 생년월일: 1975-03-12(연/월/일 단위로 분리 보관) 및 자격증 정보가 버전 관리됩니다.",
            "id": "sample_047_0069_000009",
            "annotations": [
                {
                    "word": "1975-03-12",
                    "start": 20,
                    "end": 30,
                    "label": "준식별자"
                }
            ]
        },
        {
            "sentence": "condition_report에는 캔버스의 표면 균열, 안료 표면의 크랙, 이전 수복 흔적과 상태 등급(Excellent/Good/Fair) 및 촬영 일자가 상세 기재되어 있습니다.",
            "id": "sample_047_0069_000010",
            "annotations": []
        },
        {
            "sentence": "보수이력(conservation_history)에는 보수 담당자 구주화의 보고서와 사용된 재료, 처리방법, 완료일 및 보수 전후 사진이 포함되어 있습니다.",
            "id": "sample_047_0069_000011",
            "annotations": [
                {
                    "word": "구주화",
                    "start": 36,
                    "end": 39,
                    "label": "개인정보"
                }
            ]
        },
        {
            "sentence": "연락처 비상연락처로 유지안 전화: 010-9999-0000이 레코드에 남아 있으나 외부 노출은 차단되어야 합니다.",
            "id": "sample_047_0069_000012",
            "annotations": [
                {
                    "word": "유지안",
                    "start": 11,
                    "end": 14,
                    "label": "개인정보"
                },
                {
                    "word": "010-9999-0000",
                    "start": 19,
                    "end": 32,
                    "label": "개인정보"
                }
            ]
        },
        {
            "sentence": "certificate_of_authenticity 정보는 COA-2024-047-0069로 표기되어 있으며 발행자, 발행일, 스캔본 해시가 메타데이터에 포함되어 있습니다.",
            "id": "sample_047_0069_000013",
            "annotations": []
        },
        {
            "sentence": "forensic_report_id FR-2024-009에는 분광분석, X-ray 및 적층촬영(CT) 결과의 요약값과 장비 시리얼, 측정일이 명시되어 있습니다.",
            "id": "sample_047_0069_000014",
            "annotations": []
        },
        {
            "sentence": "고해상도 이미지 원본은 저장소 경로 \\internal\\auctions\\data\\lot047_0069/highres.tif에 보관되며 접근 로그와 IIIF 매니페스트가 연결되어 있습니다.",
            "id": "sample_047_0069_000015",
            "annotations": [
                {
                    "word": "\\internal\\auctions\\data\\lot047_0069",
                    "start": 20,
                    "end": 55,
                    "label": "기밀정보"
                }
            ]
        },
        {
            "sentence": "이미지 해시(image_hashes)는 SHA256 기반으로 제공되며 예: sha256:3a7f1c... 형식으로 기록되고 IIIF, EXIF 기반 메타데이터를 우선 적용합니다.",
            "id": "sample_047_0069_000016",
            "annotations": []
        },
        {
            "sentence": "경매 추정가(estimate_low/estimate_high)는 KRW 30,000,000 ~ KRW 45,000,000으로 기입되었고, 내부 보수적 reserve_price는 KRW 50,000,000으로 설정되어 있습니다.",
            "id": "sample_047_0069_000017",
            "annotations": [
                {
                    "word": "KRW 50,000,000",
                    "start": 99,
                    "end": 113,
                    "label": "기밀정보"
                }
            ]
        },
        {
            "sentence": "최종 낙찰(hammer_price)은 KRW 65,000,000으로 기록되었으며 통화 코드와 타임스탬프가 분리 보관되어 정산 프로세스에 활용됩니다.",
            "id": "sample_047_0069_000018",
            "annotations": []
        },
        {
            "sentence": "consignment_contract_id는 CONTRACT-2024-047-0069로 식별되며 계약 전문과 결재선, 감사 로그가 연계되어 내부 접근 통제가 적용됩니다.",
            "id": "sample_047_0069_000019",
            "annotations": [
                {
                    "word": "CONTRACT-2024-047-0069",
                    "start": 25,
                    "end": 47,
                    "label": "기밀정보"
                }
            ]
        },
        {
            "sentence": "지급 정산을 위한 은행 계좌 정보는 계좌번호: 110-123-456789(예금주: 법인계정)로 등록되어 있으며 재무 부서의 제한 접근 대상입니다.",
            "id": "sample_047_0069_000020",
            "annotations": [
                {
                    "word": "110-123-456789",
                    "start": 26,
                    "end": 40,
                    "label": "기밀정보"
                }
            ]
        },
        {
            "sentence": "배송 지침(shipping_instructions)에는 목적지의 행정구역 표기 예: 서울특별시 종로구 및 관세 신고용 HS 코드와 파손 보험 처리 방법이 포함됩니다.",
            "id": "sample_047_0069_000021",
            "annotations": [
                {
                    "word": "서울특별시 종로구",
                    "start": 47,
                    "end": 56,
                    "label": "준식별자"
                }
            ]
        },
        {
            "sentence": "insurance_policy_id INS-2024-334는 보험사 명세, 보상한도, 보험기간 및 보험금 청구 절차가 메타데이터에 연결되어 있습니다.",
            "id": "sample_047_0069_000022",
            "annotations": []
        },
        {
            "sentence": "세무 및 수출 관련 문서(tax_documents, export_license)는 해당 국가 규정 준수를 자동 체크하는 필드를 포함하여 저장됩니다.",
            "id": "sample_047_0069_000023",
            "annotations": []
        },
        {
            "sentence": "디지털 자산 연동의 경우 nft_token_id token-0xA1B2C3와 smart_contract_address 0xaBcDeF...가 오프체인 메타데이터와 상호검증되도록 기록됩니다.",
            "id": "sample_047_0069_000024",
            "annotations": []
        },
        {
            "sentence": "감정, 입찰 및 정산 관련 모든 이벤트는 블록체인 해시와 audit_trail 항목에 타임스탬프로 기록되어 무결성을 확보합니다.",
            "id": "sample_047_0069_000025",
            "annotations": []
        },
        {
            "sentence": "입찰 이력(bid_history)은 익명화된 bidder_id 리스트로 보관되며 bid_time, bid_amount, bidder_status가 로그로 남습니다.",
            "id": "sample_047_0069_000026",
            "annotations": []
        },
        {
            "sentence": "운송 및 보관 중 발생한 이슈는 보수 필요 항목으로 기록되어 관련 보수 요청서와 비용 청구서가 연동됩니다.",
            "id": "sample_047_0069_000027",
            "annotations": []
        },
        {
            "sentence": "민감 문서 및 내부 파일은 접근 제어 목록에 따라 암호화 저장되며 내부 결재문서 경로 예: \\internal\\approvals\\contract에 관련 로그가 남습니다.",
            "id": "sample_047_0069_000028",
            "annotations": [
                {
                    "word": "\\internal\\approvals\\contract",
                    "start": 51,
                    "end": 79,
                    "label": "기밀정보"
                }
            ]
        },
        {
            "sentence": "법적 분쟁 기록(legal_disputes)은 별도 민감도 분류로 보관되며 접근 시 감사 로그를 생성하도록 시스템에 설정되어 있습니다.",
            "id": "sample_047_0069_000029",
            "annotations": []
        },
        {
            "sentence": "요약 및 권고: COA 및 포렌식 결과의 보강, 입찰 익명화 강화, 수출입 규제 자동 체크 강화, 그리고 consignment 및 결제 관련 내부 기밀의 추가 암호화를 권고합니다.",
            "id": "sample_047_0069_000030",
            "annotations": []
        }
    ]
}