{
    "document_id": "047_0071",
    "document_title": "LOT-047_0071 출처 및 경매 종합보고서",
    "data": [
        {
            "sentence": "본 문서는 미술품 LOT-047-0071(작가: 양성화, 제목: '검은 산책')의 경매 및 출처 보고서입니다.",
            "id": "sample_047_0071_000001",
            "annotations": [
                {
                    "word": "양성화",
                    "start": 27,
                    "end": 30,
                    "label": "개인정보"
                }
            ]
        },
        {
            "sentence": "작품의 기본 메타데이터는 제작연도, 매체, 치수 등이 포함되며 통일된 카탈로그 표준으로 기록됩니다.",
            "id": "sample_047_0071_000002",
            "annotations": []
        },
        {
            "sentence": "출처 연쇄(provenance)는 초기 소장자 전호태에서 갤러리 소장기록을 거쳐 위탁자 신채환으로 이어집니다.",
            "id": "sample_047_0071_000003",
            "annotations": [
                {
                    "word": "전호태",
                    "start": 26,
                    "end": 29,
                    "label": "개인정보"
                },
                {
                    "word": "신채환",
                    "start": 49,
                    "end": 52,
                    "label": "개인정보"
                }
            ]
        },
        {
            "sentence": "최종 위탁자는 consignor_id CONS-047-0001로 내부 시스템에 등록되어 있으며, 구매자 식별은 buyer_id BUY-047-0099로 임시 난독화 처리되어 있습니다.",
            "id": "sample_047_0071_000004",
            "annotations": [
                {
                    "word": "CONS-047-0001",
                    "start": 21,
                    "end": 34,
                    "label": "개인정보"
                },
                {
                    "word": "BUY-047-0099",
                    "start": 71,
                    "end": 83,
                    "label": "개인정보"
                }
            ]
        },
        {
            "sentence": "위탁 계약서(consignment_contract_id: CC-2021-71)는 내부 기밀 서류로 경영진 승인 전까지 접근이 제한됩니다.",
            "id": "sample_047_0071_000005",
            "annotations": [
                {
                    "word": "CC-2021-71",
                    "start": 32,
                    "end": 42,
                    "label": "기밀정보"
                }
            ]
        },
        {
            "sentence": "감정서(appraiser: 류차연)는 2021-05-14에 발행되었고 감정번호 APP-2021-071 및 자격정보가 포함되어 있습니다.",
            "id": "sample_047_0071_000006",
            "annotations": [
                {
                    "word": "류차연",
                    "start": 15,
                    "end": 18,
                    "label": "개인정보"
                },
                {
                    "word": "2021-05-14",
                    "start": 21,
                    "end": 31,
                    "label": "준식별자"
                },
                {
                    "word": "APP-2021-071",
                    "start": 44,
                    "end": 56,
                    "label": "기밀정보"
                }
            ]
        },
        {
            "sentence": "감정 결과에는 confidence_score 0.72가 표기되어 있으며 과학적 분석 결과와 불확실성 주석이 병기되어 있습니다.",
            "id": "sample_047_0071_000007",
            "annotations": []
        },
        {
            "sentence": "법적 검토에서는 제작 시기와 문화재 여부를 검토한 후 수출 허가 필요 여부를 판단하였습니다.",
            "id": "sample_047_0071_000008",
            "annotations": []
        },
        {
            "sentence": "전문 보존기록에는 보수일자 2022-03-10과 보수담당자 고선정, 사용 장비 및 처리 내역이 상세히 기재되어 있습니다.",
            "id": "sample_047_0071_000009",
            "annotations": [
                {
                    "word": "고선정",
                    "start": 33,
                    "end": 36,
                    "label": "개인정보"
                },
                {
                    "word": "2022-03-10",
                    "start": 15,
                    "end": 25,
                    "label": "준식별자"
                }
            ]
        },
        {
            "sentence": "상태보고서에는 이미지 해시(hash): sha256:3a7f...c9e와 함께 원본 고해상도 파일이 /data/images/highres/047_0071/lot_0071.tiff에 보관되어 있습니다.",
            "id": "sample_047_0071_000010",
            "annotations": [
                {
                    "word": "/data/images/highres/047_0071/lot_0071.tiff",
                    "start": 56,
                    "end": 99,
                    "label": "기밀정보"
                }
            ]
        },
        {
            "sentence": "고해상도 이미지 메타데이터에는 촬영일 2021-04-02, 촬영자 허주현, 장비 Nikon D850, EXIF 및 변경 이력이 포함됩니다.",
            "id": "sample_047_0071_000011",
            "annotations": [
                {
                    "word": "허주현",
                    "start": 37,
                    "end": 40,
                    "label": "개인정보"
                },
                {
                    "word": "2021-04-02",
                    "start": 21,
                    "end": 31,
                    "label": "준식별자"
                }
            ]
        },
        {
            "sentence": "경매 추정가는 estimate_low 30,000 USD, estimate_high 45,000 USD로 표기되었고 통화 코드는 USD이며 타임스탬프가 명기되어 있습니다.",
            "id": "sample_047_0071_000012",
            "annotations": []
        },
        {
            "sentence": "리저브 가격(reserve_price)은 25,000 USD로 설정되었으며 내부 승인 로그에 의해 잠금 처리되었습니다.",
            "id": "sample_047_0071_000013",
            "annotations": []
        },
        {
            "sentence": "낙찰가는 hammer_price 38,500 USD로 기록되었고 거래 정산 절차 및 관련 문서 보관 방식이 명시되어 있습니다.",
            "id": "sample_047_0071_000014",
            "annotations": []
        },
        {
            "sentence": "결제 관련 문서에는 보험정책 ID POL-2021-5039와 지불계좌(계좌번호: 123-456-789012)가 명시되어 있으며 해당 정보는 비공개로 취급됩니다.",
            "id": "sample_047_0071_000015",
            "annotations": [
                {
                    "word": "POL-2021-5039",
                    "start": 19,
                    "end": 32,
                    "label": "기밀정보"
                },
                {
                    "word": "123-456-789012",
                    "start": 45,
                    "end": 59,
                    "label": "기밀정보"
                }
            ]
        },
        {
            "sentence": "AML/KYC 절차에 따라 구매자 신원 및 자금출처는 검증되었고 민감 정보는 암호화 및 접근 통제로 보호됩니다.",
            "id": "sample_047_0071_000016",
            "annotations": []
        },
        {
            "sentence": "구매자 표기 방식은 익명화가 적용되어 내부 참조명 최아엘로 표기되었고 내부 식별자 CONS-BUY-00099가 할당되어 있습니다.",
            "id": "sample_047_0071_000017",
            "annotations": [
                {
                    "word": "최아엘",
                    "start": 28,
                    "end": 31,
                    "label": "개인정보"
                },
                {
                    "word": "CONS-BUY-00099",
                    "start": 46,
                    "end": 60,
                    "label": "개인정보"
                }
            ]
        },
        {
            "sentence": "전시 이력에는 2019년 서울시립미술관 전시(EX-2019-44)와 2020년 부산현대미술관 출품 이력이 포함됩니다.",
            "id": "sample_047_0071_000018",
            "annotations": []
        },
        {
            "sentence": "과학적 진위 검사 보고서(forensic_report_id: FR-71-2023)는 XRF 스펙트럼과 CT 적층촬영 데이터를 근거로 제시합니다.",
            "id": "sample_047_0071_000019",
            "annotations": []
        },
        {
            "sentence": "온체인 연동 정보로 NFT token_id: 0xA1B2C3D4와 스마트컨트랙트 주소: 0xFfEeDdCcBbAa998877이 오프체인 메타데이터와 상호검증됩니다.",
            "id": "sample_047_0071_000020",
            "annotations": []
        },
        {
            "sentence": "세금 및 관세 문서에는 수출면허(export_license: EX-LIC-2021-77)과 관할 세무서 처리일 2023-12-01이 기재되어 있습니다.",
            "id": "sample_047_0071_000021",
            "annotations": [
                {
                    "word": "2023-12-01",
                    "start": 62,
                    "end": 72,
                    "label": "준식별자"
                }
            ]
        },
        {
            "sentence": "배송 지침에는 수령인 주소: 서울특별시 강남구 삼성동 155-4(건물명 포함)와 연계된 처리절차가 기술되어 있으나 본 문서에서는 상세를 제거했습니다.",
            "id": "sample_047_0071_000022",
            "annotations": [
                {
                    "word": "서울특별시 강남구 삼성동 155-4(건물명 포함)",
                    "start": 16,
                    "end": 43,
                    "label": "개인정보"
                }
            ]
        },
        {
            "sentence": "보존·운송 이력 로그는 블록체인 해시 및 내부 감사 로그로 불변성 증명을 하며 audit_trail과 연계되어 보관됩니다.",
            "id": "sample_047_0071_000023",
            "annotations": []
        },
        {
            "sentence": "법적 분쟁 관련 항목(legal_disputes)은 엄격히 제한된 접근 권한을 적용하며 분쟁 문서 참조 LD-2022-09은 민감도로 분류됩니다.",
            "id": "sample_047_0071_000024",
            "annotations": [
                {
                    "word": "LD-2022-09",
                    "start": 58,
                    "end": 68,
                    "label": "기밀정보"
                }
            ]
        },
        {
            "sentence": "문서 변경 이력에는 작성자 신채환, 검토자 원이원, 최종승인자 류강연이 기록되어 모든 변경은 타임스탬프와 사용자 로그를 포함합니다.",
            "id": "sample_047_0071_000025",
            "annotations": [
                {
                    "word": "신채환",
                    "start": 15,
                    "end": 18,
                    "label": "개인정보"
                },
                {
                    "word": "원이원",
                    "start": 24,
                    "end": 27,
                    "label": "개인정보"
                },
                {
                    "word": "류강연",
                    "start": 35,
                    "end": 38,
                    "label": "개인정보"
                }
            ]
        },
        {
            "sentence": "이미지 및 메타데이터는 IIIF, LIDO, CDWA 표준을 우선 적용하며 EXIF 기반 촬영 정보는 별도로 보존합니다.",
            "id": "sample_047_0071_000026",
            "annotations": []
        },
        {
            "sentence": "저작권 검토 및 라이선스 조건은 오프체인 권리 이전 문서와 일치하도록 검증되며 라이선스는 문서화됩니다.",
            "id": "sample_047_0071_000027",
            "annotations": []
        },
        {
            "sentence": "권장 조치에는 AML/KYC 강화, 내부 문서 암호화 확대, 공급망 검증 절차 표준화 및 감사 로그 보강이 포함됩니다.",
            "id": "sample_047_0071_000028",
            "annotations": []
        }
    ]
}