{
    "document_id": "047_0083",
    "document_title": "로트 LOT-2025-0312 출처·감정·거래 통합보고서",
    "data": [
        {
            "sentence": "본 문서는 2025년 3월 경매에 출품된 LOT-2025-0312 관련 출처·감정·거래·보존 기록을 통합하여 보고하기 위해 작성되었습니다.",
            "id": "sample_047_0083_000001",
            "annotations": []
        },
        {
            "sentence": "해당 로트의 등록정보는 lot_id: LOT-2025-0312, artist_name: 박시몬, title: <무제>, creation_date: 1992, medium: 유화(캔버스)로 등록되어 있습니다.",
            "id": "sample_047_0083_000002",
            "annotations": [
                {
                    "word": "박시몬",
                    "start": 49,
                    "end": 52,
                    "label": "개인정보"
                }
            ]
        },
        {
            "sentence": "작품의 치수는 91 x 72 cm이며, 보존상태는 전반적으로 양호하나 표면의 미세한 크랙과 부분적인 바니시 황변이 관찰됩니다.",
            "id": "sample_047_0083_000003",
            "annotations": []
        },
        {
            "sentence": "제출된 출처 정보(provenance_chain)에는 최근 소유자로 등록된 구해린(consignor)이 포함되어 있으며, 이전 소유 이력은 소장자 간 양도 영수증으로 문서화되어 있습니다.",
            "id": "sample_047_0083_000004",
            "annotations": [
                {
                    "word": "구해린",
                    "start": 42,
                    "end": 45,
                    "label": "개인정보"
                }
            ]
        },
        {
            "sentence": "위탁자 연락처 및 KYC 원본은 내부시스템에 보관되어 있으며 공개 링크는 없고, 등록된 주소는 서울특별시 강남구 논현동 123-45, 연락처 010-1234-5678, 이메일 gurehin@example.com으로 기재되어 있습니다.",
            "id": "sample_047_0083_000005",
            "annotations": [
                {
                    "word": "서울특별시 강남구 논현동 123-45",
                    "start": 53,
                    "end": 73,
                    "label": "개인정보"
                },
                {
                    "word": "010-1234-5678",
                    "start": 79,
                    "end": 92,
                    "label": "개인정보"
                },
                {
                    "word": "gurehin@example.com",
                    "start": 98,
                    "end": 117,
                    "label": "개인정보"
                }
            ]
        },
        {
            "sentence": "낙찰 예정 바이어로 기재된 전용하(buyer)는 KYC 문서상 여권번호 MZ9876543, 생년월일 1978-05-12, 성별 여성으로 확인되었으며 관련 서류는 검증 절차를 거쳤습니다.",
            "id": "sample_047_0083_000006",
            "annotations": [
                {
                    "word": "전용하",
                    "start": 15,
                    "end": 18,
                    "label": "개인정보"
                },
                {
                    "word": "MZ9876543",
                    "start": 40,
                    "end": 49,
                    "label": "개인정보"
                },
                {
                    "word": "1978-05-12",
                    "start": 56,
                    "end": 66,
                    "label": "준식별자"
                },
                {
                    "word": "여성",
                    "start": 71,
                    "end": 73,
                    "label": "준식별자"
                }
            ]
        },
        {
            "sentence": "감정인은 공인 감정사 한재희로 기재되어 있고, 감정서에는 감정사번호 AG-2024-998와 감정일자 2025-02-20이 명시되어 있으며 원본은 서명된 PDF로 보관됩니다.",
            "id": "sample_047_0083_000007",
            "annotations": [
                {
                    "word": "한재희",
                    "start": 12,
                    "end": 15,
                    "label": "개인정보"
                },
                {
                    "word": "AG-2024-998",
                    "start": 38,
                    "end": 49,
                    "label": "개인정보"
                }
            ]
        },
        {
            "sentence": "포렌식 검사 결과는 보고서 ID FR-2025-07에 정리되어 있으며, 분광분석과 X-ray 촬영 결과는 해당 보고서의 부록으로 포함되어 있습니다.",
            "id": "sample_047_0083_000008",
            "annotations": []
        },
        {
            "sentence": "위탁자 대금 지급을 위한 계좌 정보는 내부 결제 시스템에 등록되어 있으며 계좌번호: 110-123-456789 로 지정되어 있고, 실제 이체는 낙찰 확정 후 진행됩니다.",
            "id": "sample_047_0083_000009",
            "annotations": [
                {
                    "word": "110-123-456789",
                    "start": 47,
                    "end": 61,
                    "label": "기밀정보"
                }
            ]
        },
        {
            "sentence": "계약 관련 문서(consignment_contract)는 CONSIGN_2025_0001로 식별되며 원본 파일은 /srv/auction/consign/CONSIGN_2025_0001.pdf 경로에 보관되어 접근 통제 대상입니다.",
            "id": "sample_047_0083_000010",
            "annotations": [
                {
                    "word": "CONSIGN_2025_0001",
                    "start": 32,
                    "end": 49,
                    "label": "기밀정보"
                },
                {
                    "word": "CONSIGN_2025_0001",
                    "start": 84,
                    "end": 101,
                    "label": "기밀정보"
                },
                {
                    "word": "/srv/auction/consign/CONSIGN_2025_0001.pdf",
                    "start": 63,
                    "end": 105,
                    "label": "기밀정보"
                }
            ]
        },
        {
            "sentence": "추정가(estimate)는 USD 40,000~60,000으로 책정되었고, 리저브 가격(reserve_price)은 USD 35,000으로 설정되어 있으며 모든 가격에는 통화 코드와 타임스탬프가 기록됩니다.",
            "id": "sample_047_0083_000011",
            "annotations": []
        },
        {
            "sentence": "실거래가(hammer_price)는 USD 52,500, 거래 통화는 USD, 거래 일시는 2025-03-15T14:32:10Z로 경매 로그에 이벤트로 저장되어 있습니다.",
            "id": "sample_047_0083_000012",
            "annotations": []
        },
        {
            "sentence": "고해상도 이미지 메타데이터는 IIIF 스코어시마와 EXIF를 포함하며 고해상도 파일 경로는 /images/highres/LOT-2025-0312_01.tif, 촬영자 임소은, 해시 3f6e2b9a로 기록되어 있습니다.",
            "id": "sample_047_0083_000013",
            "annotations": [
                {
                    "word": "임소은",
                    "start": 93,
                    "end": 96,
                    "label": "개인정보"
                },
                {
                    "word": "3f6e2b9a",
                    "start": 101,
                    "end": 109,
                    "label": "일반정보"
                }
            ]
        },
        {
            "sentence": "보수·복원 이력(conservation_history)에는 2018년 보수 담당자 백교준의 처리 내역과 사용된 재료 목록이 포함되어 있으며 관련 영수증과 사진이 첨부되어 있습니다.",
            "id": "sample_047_0083_000014",
            "annotations": [
                {
                    "word": "백교준",
                    "start": 46,
                    "end": 49,
                    "label": "개인정보"
                }
            ]
        },
        {
            "sentence": "전시 이력(exhibition_history)은 2010년 국립현대미술관(기획전)부터 2019년 갤러리 개인전까지의 연대기적 기록을 포함하고, 각 전시의 대관 계약 정보는 별도 인덱스로 관리됩니다.",
            "id": "sample_047_0083_000015",
            "annotations": []
        },
        {
            "sentence": "상태 보고서(condition_report)는 서면과 이미지로 병기되어 있으며, 2025-02-18 보고서에는 검사자 정현철의 확인 서명이 포함되어 있습니다.",
            "id": "sample_047_0083_000016",
            "annotations": [
                {
                    "word": "정현철",
                    "start": 66,
                    "end": 69,
                    "label": "개인정보"
                }
            ]
        },
        {
            "sentence": "법적 분쟁 이력(legal_disputes)은 접근 권한이 엄격히 제한된 항목으로 LD-2025-003 케이스 파일에 저장되어 있으며, 해당 문서는 감사 로그가 남도록 설정되어 있습니다.",
            "id": "sample_047_0083_000017",
            "annotations": [
                {
                    "word": "LD-2025-003",
                    "start": 46,
                    "end": 57,
                    "label": "기밀정보"
                }
            ]
        },
        {
            "sentence": "세무·관세 관련 문서(tax_documents)는 낙찰 후 제출되는 부가가치세 신고서와 관세신고서 사본이 포함되며 내부 검토용으로 특정 직원에게만 접근 권한이 부여됩니다.",
            "id": "sample_047_0083_000018",
            "annotations": []
        },
        {
            "sentence": "배송 지침(shipping_instructions)은 국제 운송 규정과 보험 조건을 포함하며, 수취인 정보로 등록된 류대윤(consignee)의 연락처는 별도 KYC 보관소에 암호화되어 저장됩니다.",
            "id": "sample_047_0083_000019",
            "annotations": [
                {
                    "word": "류대윤",
                    "start": 65,
                    "end": 68,
                    "label": "개인정보"
                }
            ]
        },
        {
            "sentence": "보험 정책 번호(insurance_policy_id)는 INS-2025-88로 명시되어 있고 보험 커버리지와 면책조항은 보험사 원문 계약서에 따릅니다.",
            "id": "sample_047_0083_000020",
            "annotations": [
                {
                    "word": "INS-2025-88",
                    "start": 31,
                    "end": 42,
                    "label": "기밀정보"
                }
            ]
        },
        {
            "sentence": "수출 허가(export_license) 번호 EX-2025-KR-009은 문화재·수출 규제 체크 항목으로 기록되어 있으며 관련 허가 문서는 별도 안전 저장소에 보관됩니다.",
            "id": "sample_047_0083_000021",
            "annotations": [
                {
                    "word": "EX-2025-KR-009",
                    "start": 25,
                    "end": 39,
                    "label": "기밀정보"
                }
            ]
        },
        {
            "sentence": "디지털 자산 연동을 위해 등록된 nft_token_id는 0xabcdeffedcba1234567890abcdef, smart_contract_address는 0xfeedbeeffeedbeeffeedbeef으로 오프체인 메타데이터와 상호검증됩니다.",
            "id": "sample_047_0083_000022",
            "annotations": []
        },
        {
            "sentence": "감정서 및 포렌식 결과는 해시값 0xdeadbeefcafebabe를 포함한 불변 증명과 함께 블록체인에 기록되어 변경 불가능성을 확보합니다.",
            "id": "sample_047_0083_000023",
            "annotations": []
        },
        {
            "sentence": "입찰 이력(bid_history)은 실시간으로 이벤트 로그에 저장되며, 각 이벤트에는 타임스탬프와 익명화된 구매자 식별자(buyer_id)로 추적 가능합니다.",
            "id": "sample_047_0083_000024",
            "annotations": []
        },
        {
            "sentence": "감정 관련 주장은 감정서 ID와 발행자, 발행일(감정서 ID: APPRAISAL-2025-02-20, 발행자: 한재희, 발행일: 2025-02-20)을 함께 제시하여 투명성을 확보합니다.",
            "id": "sample_047_0083_000025",
            "annotations": []
        },
        {
            "sentence": "메타데이터 스키마는 우선적으로 IIIF 및 LIDO를 적용하였고, 이미지 라이선스와 저작권 정보는 별도의 라이선스 필드에 명시되어 관리됩니다.",
            "id": "sample_047_0083_000026",
            "annotations": []
        },
        {
            "sentence": "감정 결론의 불확실성은 confidence_score로 표기되며 본 건은 진위 판정 confidence_score: 0.72로 기술되어 불확실성 주석을 병기하였습니다.",
            "id": "sample_047_0083_000027",
            "annotations": []
        },
        {
            "sentence": "모든 민감 문서에 대해서는 접근 제어·암호화 정책이 적용되며, 관련 접근 로그와 변경 이력은 감사용으로 보관됩니다.",
            "id": "sample_047_0083_000028",
            "annotations": []
        },
        {
            "sentence": "권장 액션 항목으로는 1) 법적 분쟁 관련 문서의 권한 재검토, 2) KYC 서류의 최신성 확인, 3) 보존처 방안의 세부 계획 수립이 제안됩니다.",
            "id": "sample_047_0083_000029",
            "annotations": []
        },
        {
            "sentence": "최종 결론으로 본 로트는 현 시점에서 판매 적합성이 확인되었으며, 낙찰 후 통상 절차에 따라 소유권 이전 및 정산을 진행할 것을 권고합니다.",
            "id": "sample_047_0083_000030",
            "annotations": []
        }
    ]
}