{
    "document_id": "047_0020",
    "document_title": "LOT-047 종합 프로벤넌스·감정 및 경매보고서",
    "data": [
        {
            "sentence": "문서 헤더: 미술품 입찰 및 출처 보고서(로트 LOT-047-2024-0001) - 경매회사 내부용.",
            "id": "sample_047_0020_000001",
            "annotations": []
        },
        {
            "sentence": "본 보고서는 LOT-047-2024-0001에 대한 종합 메타데이터와 감정 결과를 기록합니다.",
            "id": "sample_047_0020_000002",
            "annotations": []
        },
        {
            "sentence": "작품 정보: artist_name=구선율, title='무제', creation_date=1998, medium=Oil on canvas, dimensions=120x90cm.",
            "id": "sample_047_0020_000003",
            "annotations": [
                {
                    "word": "구선율",
                    "start": 19,
                    "end": 22,
                    "label": "개인정보"
                }
            ]
        },
        {
            "sentence": "출처(프로벤넌스): 초기 소유자 등록은 consignor_id CN-2024-0001로 표기되어 있습니다.",
            "id": "sample_047_0020_000004",
            "annotations": [
                {
                    "word": "CN-2024-0001",
                    "start": 35,
                    "end": 47,
                    "label": "개인정보"
                }
            ]
        },
        {
            "sentence": "현 소유자(consignee_id CG-2024-0099)는 익명화된 계정으로 보관 중이며, 해외 이전 이력은 별도 검토 대상입니다.",
            "id": "sample_047_0020_000005",
            "annotations": [
                {
                    "word": "CG-2024-0099",
                    "start": 19,
                    "end": 31,
                    "label": "개인정보"
                }
            ]
        },
        {
            "sentence": "지난 전시 이력: 2020년 서울현대미술관, 2022년 국립현대미술관 초대전, 전시담당자: 송영지(연락 비공개).",
            "id": "sample_047_0020_000006",
            "annotations": [
                {
                    "word": "송영지",
                    "start": 51,
                    "end": 54,
                    "label": "개인정보"
                }
            ]
        },
        {
            "sentence": "감정서 정보: appraiser_name=주진욱, appraisal_date=2024-06-12, 보고서 ID FR-2024-047, confidence_score=0.72.",
            "id": "sample_047_0020_000007",
            "annotations": [
                {
                    "word": "주진욱",
                    "start": 23,
                    "end": 26,
                    "label": "개인정보"
                }
            ]
        },
        {
            "sentence": "과학적 분석: 분광분석(spectroscopy) 및 X-ray 촬영이 수행되었고, 보고서 파일은 forensic_report_id FR-2024-047로 식별됩니다.",
            "id": "sample_047_0020_000008",
            "annotations": []
        },
        {
            "sentence": "이미지 메타데이터: high_res_image_paths=/images/lot047_1.tif, image_hashes=sha256:9f2b3c4d5e6f7a8b9c0d..., IIIF manifest attached.",
            "id": "sample_047_0020_000009",
            "annotations": []
        },
        {
            "sentence": "보험 및 운송: 보험정책 보험ID=INS-2024-330, shipping_instructions='온도 21±2℃ 유지', 수취인 정보는 buyer_id BYR-7788로 참조됩니다.",
            "id": "sample_047_0020_000010",
            "annotations": [
                {
                    "word": "BYR-7788",
                    "start": 87,
                    "end": 95,
                    "label": "개인정보"
                }
            ]
        },
        {
            "sentence": "입찰 및 가격: estimate_low=KRW 50,000,000, estimate_high=KRW 80,000,000, reserve_price=KRW 45,000,000, currency=KRW, hammer_price=KRW 62,500,000 at 2024-11-15T14:32:10Z.",
            "id": "sample_047_0020_000011",
            "annotations": []
        },
        {
            "sentence": "입찰 내역(bid_history)은 내부 DB에 실시간으로 기록되며, 변경 이력은 audit trail에 블록체인 해시로 보존됩니다.",
            "id": "sample_047_0020_000012",
            "annotations": []
        },
        {
            "sentence": "세금 문서: tax_documents=TAX-2024-9988이 첨부되어 있고, 세금신고 내역은 별도 암호화 저장소에 보존됩니다.",
            "id": "sample_047_0020_000013",
            "annotations": [
                {
                    "word": "TAX-2024-9988",
                    "start": 21,
                    "end": 34,
                    "label": "기밀정보"
                }
            ]
        },
        {
            "sentence": "수출입 검토: 문화재 여부 확인 결과 비대상으로 판단되었으며, export_license 없음으로 표기됩니다.",
            "id": "sample_047_0020_000014",
            "annotations": []
        },
        {
            "sentence": "보수 이력: conservation_history에 보수 담당자 최은후의 수리 일자와 재료 목록이 기록되어 있습니다.",
            "id": "sample_047_0020_000015",
            "annotations": [
                {
                    "word": "최은후",
                    "start": 36,
                    "end": 39,
                    "label": "개인정보"
                }
            ]
        },
        {
            "sentence": "상태 보고서(condition_report)에는 보존상태 '부분적 채색층 손실', 권장 보수 범위 및 비용 견적이 포함됩니다.",
            "id": "sample_047_0020_000016",
            "annotations": []
        },
        {
            "sentence": "계약 및 결제: consignment_contract_id CONT-2024-555, 결제계좌는 계좌번호 110-123-456789(은행 내부용)으로 기재되어 있습니다.",
            "id": "sample_047_0020_000017",
            "annotations": [
                {
                    "word": "CONT-2024-555",
                    "start": 33,
                    "end": 46,
                    "label": "기밀정보"
                },
                {
                    "word": "계좌번호 110-123-456789",
                    "start": 54,
                    "end": 73,
                    "label": "기밀정보"
                }
            ]
        },
        {
            "sentence": "AML/KYC 검증: KYC-Report-ID KYC-00A 참조, 해당 보고서는 민감정보로 분류되어 접근 통제가 적용됩니다.",
            "id": "sample_047_0020_000018",
            "annotations": [
                {
                    "word": "KYC-00A",
                    "start": 26,
                    "end": 33,
                    "label": "개인정보"
                }
            ]
        },
        {
            "sentence": "법적 분쟁: legal_disputes 항목에 '진위 소송 중'으로 기록되어 있고, 사건번호 2024가단12345가 포함되어 있습니다.",
            "id": "sample_047_0020_000019",
            "annotations": [
                {
                    "word": "사건번호 2024가단12345",
                    "start": 47,
                    "end": 63,
                    "label": "기밀정보"
                }
            ]
        },
        {
            "sentence": "내부 운영 메모: 파일 경로 /srv/provenance/internal/2024/lot047.pdf에 관련 문서가 저장되어 있으며, 접근은 보안레벨3로 제한됩니다.",
            "id": "sample_047_0020_000020",
            "annotations": [
                {
                    "word": "/srv/provenance/internal/2024/lot047.pdf",
                    "start": 16,
                    "end": 56,
                    "label": "기밀정보"
                },
                {
                    "word": "보안레벨3",
                    "start": 79,
                    "end": 84,
                    "label": "기밀정보"
                }
            ]
        },
        {
            "sentence": "담당자 메모: 내부 결재선에 심제우 승인대기가 표기되어 있고, 최종 결재권자는 배정태로 지정되어 있습니다.",
            "id": "sample_047_0020_000021",
            "annotations": [
                {
                    "word": "심제우 승인대기",
                    "start": 16,
                    "end": 24,
                    "label": "기밀정보"
                },
                {
                    "word": "심제우",
                    "start": 16,
                    "end": 19,
                    "label": "개인정보"
                },
                {
                    "word": "배정태",
                    "start": 44,
                    "end": 47,
                    "label": "개인정보"
                }
            ]
        },
        {
            "sentence": "운송 주소(지역 단위): 서울특별시 용산구로 집합 배송 요청이 기록되어 있습니다.",
            "id": "sample_047_0020_000022",
            "annotations": [
                {
                    "word": "서울특별시 용산구",
                    "start": 14,
                    "end": 23,
                    "label": "준식별자"
                }
            ]
        },
        {
            "sentence": "추가 소유자 메모: 이전 소유자 표기에는 '국적: 한국, 성별: 남성, 생년월일: 1978-05-12, 직업: 수집가' 항목이 포함되어 있습니다.",
            "id": "sample_047_0020_000023",
            "annotations": [
                {
                    "word": "한국",
                    "start": 28,
                    "end": 30,
                    "label": "준식별자"
                },
                {
                    "word": "남성",
                    "start": 36,
                    "end": 38,
                    "label": "준식별자"
                },
                {
                    "word": "1978-05-12",
                    "start": 46,
                    "end": 56,
                    "label": "준식별자"
                },
                {
                    "word": "수집가",
                    "start": 62,
                    "end": 65,
                    "label": "준식별자"
                }
            ]
        },
        {
            "sentence": "이미지 및 분석 데이터의 메타데이터는 IIIF와 EXIF 표준을 따르며, 각 파일의 해시와 촬영장비 정보를 포함합니다.",
            "id": "sample_047_0020_000024",
            "annotations": []
        },
        {
            "sentence": "NFT 연동: nft_token_id=0xAB12...3456, smart_contract_address=0xFfEe...0011, 온체인 해시와 오프체인 메타데이터를 상호 검증합니다.",
            "id": "sample_047_0020_000025",
            "annotations": []
        },
        {
            "sentence": "오디오녹취 및 서명: 감정서에는 전자서명과 주진욱의 자필 사인이 스캔본으로 첨부되어 있습니다.",
            "id": "sample_047_0020_000026",
            "annotations": []
        },
        {
            "sentence": "분쟁 관련 문서 접근 기록은 감사 로그로 보관되며, 민감도 레이블로 'restricted'가 적용됩니다.",
            "id": "sample_047_0020_000027",
            "annotations": []
        },
        {
            "sentence": "권장 후속조치: 보수작업 전 KYC 및 수출입 허가 재확인, 보험사와 결제계좌 재검증을 시행할 것을 권고합니다.",
            "id": "sample_047_0020_000028",
            "annotations": []
        },
        {
            "sentence": "담당자 연락처는 내부 정책에 따라 비공개이나, 비상 연락 책임자로 우재상이 지정되어 있습니다.",
            "id": "sample_047_0020_000029",
            "annotations": [
                {
                    "word": "우재상",
                    "start": 37,
                    "end": 40,
                    "label": "개인정보"
                }
            ]
        },
        {
            "sentence": "최종 보고: 본 문서는 내부 검토용으로 분류되며, 외부 공개 전 법무팀의 승인과 보안 검토가 필수입니다.",
            "id": "sample_047_0020_000030",
            "annotations": []
        }
    ]
}