{
    "document_id": "047_0094",
    "document_title": "경매 로트 047_0094 프로베넌스 및 상태보고서",
    "data": [
        {
            "sentence": "문서 제목: 경매 로트 047_0094 프로베넌스 및 상태 보고서.",
            "id": "sample_047_0094_000001",
            "annotations": []
        },
        {
            "sentence": "본 기록은 경매 로트 047_0094에 대한 종합 프로베넌스 및 상태 보고서입니다.",
            "id": "sample_047_0094_000002",
            "annotations": []
        },
        {
            "sentence": "수탁자(Consignor)는 문호연이며, consignor_id는 CN-047-001로 기록되어 있습니다.",
            "id": "sample_047_0094_000003",
            "annotations": [
                {
                    "word": "문호연",
                    "start": 16,
                    "end": 19,
                    "label": "개인정보"
                },
                {
                    "word": "CN-047-001",
                    "start": 37,
                    "end": 47,
                    "label": "개인정보"
                }
            ]
        },
        {
            "sentence": "최종 낙찰 예상 구매자(Buyer)는 송도겸으로 내부 식별자 buyer_id BY-2025-09에 연결되어 있습니다.",
            "id": "sample_047_0094_000004",
            "annotations": [
                {
                    "word": "송도겸",
                    "start": 21,
                    "end": 24,
                    "label": "개인정보"
                },
                {
                    "word": "BY-2025-09",
                    "start": 43,
                    "end": 53,
                    "label": "개인정보"
                }
            ]
        },
        {
            "sentence": "작품의 원소유자 주소 기록은 서울특별시 종로구 세종로 1가 1번지 101호로 등재되어 있으나 접근 권한이 제한됩니다.",
            "id": "sample_047_0094_000005",
            "annotations": [
                {
                    "word": "서울특별시 종로구 세종로 1가 1번지 101호",
                    "start": 16,
                    "end": 41,
                    "label": "개인정보"
                }
            ]
        },
        {
            "sentence": "소유자 연락처로 등록된 전화번호는 010-1111-2222이며, 본 문서에서는 KYC 검증 목적 외에는 비공개 처리됩니다.",
            "id": "sample_047_0094_000006",
            "annotations": [
                {
                    "word": "010-1111-2222",
                    "start": 19,
                    "end": 32,
                    "label": "개인정보"
                }
            ]
        },
        {
            "sentence": "작가명은 양백현이며 작품 제목은 '무제(Reflections)'이고, 제작연도는 1998년으로 메타데이터에 기재되어 있습니다.",
            "id": "sample_047_0094_000007",
            "annotations": [
                {
                    "word": "양백현",
                    "start": 5,
                    "end": 8,
                    "label": "개인정보"
                }
            ]
        },
        {
            "sentence": "작품 크기와 기법은 캔버스에 유화, 120 x 90 cm로 측정되었습니다.",
            "id": "sample_047_0094_000008",
            "annotations": []
        },
        {
            "sentence": "프로베넌스 체인은 3단계로 정리되어 있으며, 최초 소유자는 2000년 경매 이력에 따라 기록되어 있습니다.",
            "id": "sample_047_0094_000009",
            "annotations": []
        },
        {
            "sentence": "감정서는 안별 감정사가 작성하였고, 감정서 ID는 FR-2024-0007로 버전3가 적용되어 있습니다.",
            "id": "sample_047_0094_000010",
            "annotations": [
                {
                    "word": "안별",
                    "start": 5,
                    "end": 7,
                    "label": "개인정보"
                },
                {
                    "word": "FR-2024-0007",
                    "start": 28,
                    "end": 40,
                    "label": "기밀정보"
                }
            ]
        },
        {
            "sentence": "감정서 사본은 내부 검토용으로 저장되어 있으며 파일 경로는 /srv/provenance/private/lot_0094/report_v3.pdf입니다.",
            "id": "sample_047_0094_000011",
            "annotations": [
                {
                    "word": "/srv/provenance/private/lot_0094/report_v3.pdf",
                    "start": 33,
                    "end": 79,
                    "label": "기밀정보"
                }
            ]
        },
        {
            "sentence": "보존 이력에는 2023-06-12에 실시된 보수 작업이 포함되어 있습니다.",
            "id": "sample_047_0094_000012",
            "annotations": [
                {
                    "word": "2023-06-12",
                    "start": 8,
                    "end": 18,
                    "label": "준식별자"
                }
            ]
        },
        {
            "sentence": "고해상도 이미지 파일은 IIIF 기준으로 저장되며 이미지 해시는 sha256:ab12cd34ef56...로 기록되어 있습니다.",
            "id": "sample_047_0094_000013",
            "annotations": []
        },
        {
            "sentence": "이미지 촬영일은 2024-04-10이며 촬영자는 심재윤으로 등록되어 있습니다.",
            "id": "sample_047_0094_000014",
            "annotations": [
                {
                    "word": "심재윤",
                    "start": 27,
                    "end": 30,
                    "label": "개인정보"
                },
                {
                    "word": "2024-04-10",
                    "start": 9,
                    "end": 19,
                    "label": "준식별자"
                }
            ]
        },
        {
            "sentence": "경매 추정가(estimate)는 KRW 20,000,000에서 KRW 35,000,000 사이로 표기되며 타임스탬프는 2025-01-07T10:30:00Z입니다.",
            "id": "sample_047_0094_000015",
            "annotations": []
        },
        {
            "sentence": "예약가(reserve_price)는 KRW 18,000,000으로 설정되어 있고, 보증금 관련 계좌는 은행계좌 123-456-789012로 기재되어 있습니다.",
            "id": "sample_047_0094_000016",
            "annotations": [
                {
                    "word": "123-456-789012",
                    "start": 62,
                    "end": 76,
                    "label": "기밀정보"
                }
            ]
        },
        {
            "sentence": "낙찰가(hammer_price)는 KRW 22,500,000으로 낙찰 시점 타임스탬프는 2025-01-08T15:12:05Z입니다.",
            "id": "sample_047_0094_000017",
            "annotations": []
        },
        {
            "sentence": "송장 및 배송 지침에는 수취인명이 노희승으로 표기되어 있으며 배송지로는 부산광역시 해운대구 우동 등이 기록될 수 있습니다.",
            "id": "sample_047_0094_000018",
            "annotations": [
                {
                    "word": "노희승",
                    "start": 19,
                    "end": 22,
                    "label": "개인정보"
                },
                {
                    "word": "부산광역시 해운대구 우동",
                    "start": 40,
                    "end": 53,
                    "label": "준식별자"
                }
            ]
        },
        {
            "sentence": "세금 신고용 문서에는 사업자 등록번호가 기재되며, 이 번호는 내부적으로 기밀로 분류됩니다.",
            "id": "sample_047_0094_000019",
            "annotations": []
        },
        {
            "sentence": "KYC 문서에는 생년월일 1980-03-15 및 성별 남으로 표기되어 있으며, 검증 레포트는 접근 제어가 적용됩니다.",
            "id": "sample_047_0094_000020",
            "annotations": [
                {
                    "word": "1980-03-15",
                    "start": 14,
                    "end": 24,
                    "label": "준식별자"
                },
                {
                    "word": "남",
                    "start": 30,
                    "end": 31,
                    "label": "준식별자"
                }
            ]
        },
        {
            "sentence": "소유권 이전 관련 계약서 consignment_contract_id CON-0094-2025는 내부 결재가 필요하며 기밀정보로 분류됩니다.",
            "id": "sample_047_0094_000021",
            "annotations": [
                {
                    "word": "CON-0094-2025",
                    "start": 38,
                    "end": 51,
                    "label": "기밀정보"
                }
            ]
        },
        {
            "sentence": "법적 분쟁 이력(legal_disputes)은 아직 보고되지 않았으나 분쟁 발생 시 특수 접근 로그가 남습니다.",
            "id": "sample_047_0094_000022",
            "annotations": []
        },
        {
            "sentence": "온체인 연동 정보로 NFT token_id 0xABCDEF1234567890 및 스마트컨트랙트 주소 0xdeadbeefcafebabe1234567890abcdef가 기록되어 있습니다.",
            "id": "sample_047_0094_000023",
            "annotations": []
        },
        {
            "sentence": "보험정책 ID는 INS-2024-334 및 보장 한도는 USD 50,000로 명시되어 있습니다.",
            "id": "sample_047_0094_000024",
            "annotations": []
        },
        {
            "sentence": "감정사 서명은 디지털 서명으로 보관되며 서명자의 자격증 번호 등 민감 항목은 별도 암호화 저장됩니다.",
            "id": "sample_047_0094_000025",
            "annotations": []
        },
        {
            "sentence": "본 문서는 접근 통제와 감사 로그를 기준으로 보관되며, 민감 정보 접근은 필요한 최소 범위로 제한됩니다.",
            "id": "sample_047_0094_000026",
            "annotations": []
        }
    ]
}