{
    "document_id": "037_0029",
    "document_title": "반려견 임상 진료기록 및 규제보고서",
    "data": [
        {
            "sentence": "본 문서는 반려견 임상기록으로서 진단, 검사, 치료 내역과 규제 보고 이력을 포괄적으로 기록합니다.",
            "id": "sample_037_0029_000001",
            "annotations": []
        },
        {
            "sentence": "환자는 수컷 포메라니안으로 등록된 개체이며 클리닉 내부 식별자는 ANM-2024-091입니다.",
            "id": "sample_037_0029_000002",
            "annotations": [
                {
                    "word": "ANM-2024-091",
                    "start": 36,
                    "end": 48,
                    "label": "기밀정보"
                }
            ]
        },
        {
            "sentence": "마이크로칩 식별은 ISO11784/11785 규격에 따라 900000000123456으로 기록되었습니다.",
            "id": "sample_037_0029_000003",
            "annotations": []
        },
        {
            "sentence": "초기 내원일시는 2024-01-15T09:30:00+09:00 (ISO 8601)로 표기되어 있으며, 주요 호소는 식욕부진과 반복 구토입니다.",
            "id": "sample_037_0029_000004",
            "annotations": [
                {
                    "word": "2024",
                    "start": 9,
                    "end": 13,
                    "label": "준식별자"
                },
                {
                    "word": "01",
                    "start": 14,
                    "end": 16,
                    "label": "준식별자"
                },
                {
                    "word": "01",
                    "start": 42,
                    "end": 44,
                    "label": "준식별자"
                },
                {
                    "word": "15",
                    "start": 17,
                    "end": 19,
                    "label": "준식별자"
                }
            ]
        },
        {
            "sentence": "주진료수의사는 방솔희 수의사로 담당 진료 및 처방을 수행하였습니다.",
            "id": "sample_037_0029_000005",
            "annotations": [
                {
                    "word": "방솔희",
                    "start": 8,
                    "end": 11,
                    "label": "개인정보"
                }
            ]
        },
        {
            "sentence": "소유자 정보는 내부 관리상 소유자 ID OWN-1109로 등록되어 있으며, 소유자 성명은 류태근으로 기재되어 있습니다.",
            "id": "sample_037_0029_000006",
            "annotations": [
                {
                    "word": "OWN-1109",
                    "start": 22,
                    "end": 30,
                    "label": "기밀정보"
                },
                {
                    "word": "류태근",
                    "start": 50,
                    "end": 53,
                    "label": "개인정보"
                }
            ]
        },
        {
            "sentence": "소유자 연락처는 010-5555-1234, 이메일 ryu.taegun@example.com이며, 상세 주소는 서울특별시 강남구 테헤란로 311, 805호로 기록되어 있습니다.",
            "id": "sample_037_0029_000007",
            "annotations": [
                {
                    "word": "010-5555-1234",
                    "start": 9,
                    "end": 22,
                    "label": "개인정보"
                },
                {
                    "word": "ryu.taegun@example.com",
                    "start": 28,
                    "end": 50,
                    "label": "개인정보"
                },
                {
                    "word": "서울특별시",
                    "start": 61,
                    "end": 66,
                    "label": "준식별자"
                },
                {
                    "word": "강남구",
                    "start": 67,
                    "end": 70,
                    "label": "준식별자"
                },
                {
                    "word": "테헤란로 311, 805호",
                    "start": 71,
                    "end": 85,
                    "label": "개인정보"
                }
            ]
        },
        {
            "sentence": "소유자 생년월일은 1976-05-12로 동의서에 표기되어 있으며, 환자 동의서는 CONS-2024-09로 보관되어 있습니다.",
            "id": "sample_037_0029_000008",
            "annotations": [
                {
                    "word": "1976",
                    "start": 10,
                    "end": 14,
                    "label": "준식별자"
                },
                {
                    "word": "05",
                    "start": 15,
                    "end": 17,
                    "label": "준식별자"
                },
                {
                    "word": "12",
                    "start": 18,
                    "end": 20,
                    "label": "준식별자"
                },
                {
                    "word": "CONS-2024-09",
                    "start": 45,
                    "end": 57,
                    "label": "기밀정보"
                }
            ]
        },
        {
            "sentence": "초진 신체검사 소견은 탈수(중등도), 점막 창백, 복부 압통이며 체중은 2.8kg로 소형견 기준에 해당합니다.",
            "id": "sample_037_0029_000009",
            "annotations": [
                {
                    "word": "2.8kg",
                    "start": 40,
                    "end": 45,
                    "label": "준식별자"
                }
            ]
        },
        {
            "sentence": "기초 혈액검사 및 생화학 패널이 시행되었고, 검사일시는 2024-01-15T10:15:00+09:00로 기록되었습니다.",
            "id": "sample_037_0029_000010",
            "annotations": [
                {
                    "word": "2024",
                    "start": 31,
                    "end": 35,
                    "label": "준식별자"
                },
                {
                    "word": "01",
                    "start": 36,
                    "end": 38,
                    "label": "준식별자"
                },
                {
                    "word": "15",
                    "start": 39,
                    "end": 41,
                    "label": "준식별자"
                },
                {
                    "word": "15",
                    "start": 45,
                    "end": 47,
                    "label": "준식별자"
                }
            ]
        },
        {
            "sentence": "혈액검사 결과는 HGB 9.2 g/dL (LOINC:3263-8), WBC 22.4 x10^9/L (LOINC:6690-2)로 빈혈 및 백혈구증가증을 시사합니다.",
            "id": "sample_037_0029_000011",
            "annotations": []
        },
        {
            "sentence": "복부 초음파 영상은 DICOM 포맷으로 저장되었고 참조 파일 경로는 /internal/records/037_0029/IMG_0001.dcm 입니다.",
            "id": "sample_037_0029_000012",
            "annotations": [
                {
                    "word": "/internal/records/037_0029/IMG_0001.dcm",
                    "start": 38,
                    "end": 77,
                    "label": "기밀정보"
                }
            ]
        },
        {
            "sentence": "조직 생검은 조직학적 염증과 세균 감염 소견을 보였고 병리 보고서 ID PATH-2024-57로 등록되었습니다.",
            "id": "sample_037_0029_000013",
            "annotations": [
                {
                    "word": "PATH-2024-57",
                    "start": 40,
                    "end": 52,
                    "label": "기밀정보"
                }
            ]
        },
        {
            "sentence": "진단표기는 VeNom 및 수의학 SNOMED 확장을 병기하였으며 우선 진단은 '세균성 위장염'(VeNom:2012345, SNOMED:95630004)입니다.",
            "id": "sample_037_0029_000014",
            "annotations": []
        },
        {
            "sentence": "치료계획은 수액요법(IV, 2.5 mL/kg/hr), 항생제(Amoxicillin-clavulanate, VeNomDrug:DB12345) 및 항구토제 투약으로 구성되었습니다.",
            "id": "sample_037_0029_000015",
            "annotations": []
        },
        {
            "sentence": "항생제 관련 규제 준수를 확인하였고, 필요 시 보건당국 보고 루틴에 따라 데이터가 제출될 수 있도록 설정하였습니다.",
            "id": "sample_037_0029_000016",
            "annotations": []
        },
        {
            "sentence": "입원 중 감염관리로 격리 프로토콜 Iso-Prot v2.1을 적용하여 교차오염을 최소화했습니다.",
            "id": "sample_037_0029_000017",
            "annotations": [
                {
                    "word": "Iso-Prot v2.1",
                    "start": 19,
                    "end": 32,
                    "label": "기밀정보"
                }
            ]
        },
        {
            "sentence": "청구내역 총액은 185,300원이며 발행된 청구서 번호는 BILL-2024-078입니다.",
            "id": "sample_037_0029_000018",
            "annotations": [
                {
                    "word": "BILL-2024-078",
                    "start": 32,
                    "end": 45,
                    "label": "기밀정보"
                }
            ]
        },
        {
            "sentence": "보험 청구는 접수번호 INS-2024-00987로 제출되었고 보험가입자명은 문서상 류태근으로 확인됩니다.",
            "id": "sample_037_0029_000019",
            "annotations": [
                {
                    "word": "INS-2024-00987",
                    "start": 12,
                    "end": 26,
                    "label": "기밀정보"
                },
                {
                    "word": "류태근",
                    "start": 46,
                    "end": 49,
                    "label": "개인정보"
                }
            ]
        },
        {
            "sentence": "본 사례는 군집 데이터와는 별개로 관리되며, 공중보건 연계성 검토를 위해 zoonosis 가능성을 표기하였습니다.",
            "id": "sample_037_0029_000020",
            "annotations": []
        },
        {
            "sentence": "원격진료 상담 기록은 텍스트와 오디오 파일로 보관되며 상담 담당 수의사는 방솔희로 명시되어 있습니다.",
            "id": "sample_037_0029_000021",
            "annotations": [
                {
                    "word": "방솔희",
                    "start": 41,
                    "end": 44,
                    "label": "개인정보"
                }
            ]
        },
        {
            "sentence": "행동 및 영양 로그는 센서 연동으로 시간대별로 저장되며 일별 활동량과 식사 섭취량이 구조화된 형식으로 보관됩니다.",
            "id": "sample_037_0029_000022",
            "annotations": []
        },
        {
            "sentence": "규제 신고가 필요한 경우 관할 보건당국에 신속 통보하며, 내부 추적을 위해 신고 참조번호 GOV-VD-2024-12를 기록합니다.",
            "id": "sample_037_0029_000023",
            "annotations": []
        },
        {
            "sentence": "문서 접근 권한은 역할 기반 접근제어(RBAC)로 제한되고 내부 시스템 접속 경로 vpn.clinic.internal은 사내 보안정책에 의해 보호됩니다.",
            "id": "sample_037_0029_000024",
            "annotations": [
                {
                    "word": "vpn.clinic.internal",
                    "start": 46,
                    "end": 65,
                    "label": "기밀정보"
                }
            ]
        },
        {
            "sentence": "보존 기간은 지역 규정에 따라 최소 5년이며 추가 문의는 담당 수의사 방솔희(내선 312)에게 연락하시기 바랍니다.",
            "id": "sample_037_0029_000025",
            "annotations": [
                {
                    "word": "방솔희",
                    "start": 39,
                    "end": 42,
                    "label": "개인정보"
                },
                {
                    "word": "내선 312",
                    "start": 43,
                    "end": 49,
                    "label": "개인정보"
                }
            ]
        },
        {
            "sentence": "요약 권고는 48시간 간격 임상 재평가와 항생제 내성 감시를 위한 배양검사 반복 시행이며, 관련 결과는 전자의무기록에 업데이트됩니다.",
            "id": "sample_037_0029_000026",
            "annotations": []
        }
    ]
}