{
    "document_id": "037_0009",
    "document_title": "수의학 임상 사례 보고서: 소형견 GI 이상(입원 관찰 사례)",
    "data": [
        {
            "sentence": "본 문서는 수의학 임상기록 및 규제보고를 위한 사례 보고서이며, 문서 식별자 037_0009로 저장됩니다.",
            "id": "sample_037_0009_000001",
            "annotations": []
        },
        {
            "sentence": "대상 동물은 소형견으로 동물 클리닉 내부 식별번호 ANM-2019-88와 ISO 마이크로칩 900000000123456이 병기되어 있습니다.",
            "id": "sample_037_0009_000002",
            "annotations": [
                {
                    "word": "ANM-2019-88",
                    "start": 28,
                    "end": 39,
                    "label": "준식별자"
                },
                {
                    "word": "900000000123456",
                    "start": 51,
                    "end": 66,
                    "label": "준식별자"
                }
            ]
        },
        {
            "sentence": "기록된 종은 Canis lupus familiaris(견), 품종은 믹스브리드이며 성별은 암컷이고 생년월일은 2018-05-14입니다.",
            "id": "sample_037_0009_000003",
            "annotations": [
                {
                    "word": "2018-05-14",
                    "start": 61,
                    "end": 71,
                    "label": "준식별자"
                },
                {
                    "word": "암컷",
                    "start": 50,
                    "end": 52,
                    "label": "준식별자"
                }
            ]
        },
        {
            "sentence": "체중은 진료 당시 12.4 kg으로 표준단위(kg)를 사용하여 입력하였습니다.",
            "id": "sample_037_0009_000004",
            "annotations": [
                {
                    "word": "12.4 kg",
                    "start": 10,
                    "end": 17,
                    "label": "준식별자"
                }
            ]
        },
        {
            "sentence": "내원일시(ISO8601)는 2025-11-12T09:30:00+09:00으로 원문 시간표기를 준수하여 기록합니다.",
            "id": "sample_037_0009_000005",
            "annotations": [
                {
                    "word": "2025-11-12T09:30:00+09:00",
                    "start": 15,
                    "end": 40,
                    "label": "준식별자"
                }
            ]
        },
        {
            "sentence": "주호소는 간헐적 구토 및 식욕감소이며, 임상 병력상 최근 3주 내 체중감소가 관찰되었다고 기재되어 있습니다.",
            "id": "sample_037_0009_000006",
            "annotations": []
        },
        {
            "sentence": "과거력에는 2024-06에 시행된 복부 초음파와 2024-07-01의 혈액검사 기록이 포함되어 있습니다.",
            "id": "sample_037_0009_000007",
            "annotations": [
                {
                    "word": "2024-07-01",
                    "start": 27,
                    "end": 37,
                    "label": "준식별자"
                }
            ]
        },
        {
            "sentence": "신체검진 소견은 점막 창백, 체온 38.3°C, 심음 정상이었고 복부 팽만감이 관찰되었습니다.",
            "id": "sample_037_0009_000008",
            "annotations": []
        },
        {
            "sentence": "초기 진단 코드는 VeNom ID: 1472 (Gastroenteropathy) 및 SNOMED-Vet 확장코드 40617009이 병기되었습니다.",
            "id": "sample_037_0009_000009",
            "annotations": []
        },
        {
            "sentence": "진단검사로 CBC(LOINC: 57774-8), 혈액화학(LOINC: 24325-0), 복부 초음파(DICOM 참조) 및 복부 방사선 촬영을 권고하였습니다.",
            "id": "sample_037_0009_000010",
            "annotations": []
        },
        {
            "sentence": "혈액검사 결과는 AST 78 U/L(참조범위 10-50), ALT 112 U/L(참조범위 10-100), WBC 14.8 10^3/µL(참조범위 6-17)로 기재되었습니다.",
            "id": "sample_037_0009_000011",
            "annotations": []
        },
        {
            "sentence": "치료계획은 입원 관찰, 수액요법(0.9% NaCl 20 mL/kg IV), 위보호제 투여 및 필요 시 항생제 사용으로 구성됩니다.",
            "id": "sample_037_0009_000012",
            "annotations": []
        },
        {
            "sentence": "수술기록은 없으며, 시술로는 초음파 유도 하 복부 생검을 계획하고 있습니다.",
            "id": "sample_037_0009_000013",
            "annotations": []
        },
        {
            "sentence": "투여 약물은 enrofloxacin(SNOMED: 372729009) 5 mg/kg PO q24h와 metoclopramide 0.3 mg/kg SC q8h로 표준화된 용량을 적용합니다.",
            "id": "sample_037_0009_000014",
            "annotations": []
        },
        {
            "sentence": "백신기록은 광견병 백신 Rabvac R9 로트번호 RV-20240123이 2024-01-23에 접종된 것으로 입력되어 있습니다.",
            "id": "sample_037_0009_000015",
            "annotations": [
                {
                    "word": "2024-01-23",
                    "start": 41,
                    "end": 51,
                    "label": "준식별자"
                }
            ]
        },
        {
            "sentence": "마이크로칩 ID는 ISO 11784/11785 규격에 따라 900000000123456으로 표기되며 귀표는 EAR-TAG-FT92로 병기되어 있습니다.",
            "id": "sample_037_0009_000016",
            "annotations": [
                {
                    "word": "900000000123456",
                    "start": 33,
                    "end": 48,
                    "label": "준식별자"
                },
                {
                    "word": "EAR-TAG-FT92",
                    "start": 60,
                    "end": 72,
                    "label": "준식별자"
                }
            ]
        },
        {
            "sentence": "소유자 정보는 최소수집 원칙에 따라 소유자 ID OWN-0042, 이름 서범석, 연락처 010-1234-5678, 이메일 owner@samplemail.com, 주소 서울특별시 강남구 테헤란로 12-34로 기재되어 있습니다.",
            "id": "sample_037_0009_000017",
            "annotations": [
                {
                    "word": "OWN-0042",
                    "start": 27,
                    "end": 35,
                    "label": "개인정보"
                },
                {
                    "word": "서범석",
                    "start": 40,
                    "end": 43,
                    "label": "개인정보"
                },
                {
                    "word": "010-1234-5678",
                    "start": 49,
                    "end": 62,
                    "label": "개인정보"
                },
                {
                    "word": "owner@samplemail.com",
                    "start": 68,
                    "end": 88,
                    "label": "개인정보"
                },
                {
                    "word": "서울특별시 강남구 테헤란로 12-34",
                    "start": 93,
                    "end": 113,
                    "label": "개인정보"
                }
            ]
        },
        {
            "sentence": "담당 수의사는 지리원 수의사(VET-0012)가 진료를 담당하였으며, 원내 전자차트에 서명과 진료소견을 입력했습니다.",
            "id": "sample_037_0009_000018",
            "annotations": [
                {
                    "word": "지리원",
                    "start": 8,
                    "end": 11,
                    "label": "개인정보"
                },
                {
                    "word": "VET-0012",
                    "start": 16,
                    "end": 24,
                    "label": "개인정보"
                }
            ]
        },
        {
            "sentence": "시설 식별은 CLINIC-092로 등록되어 있고 내부 청구계정 번호 계좌번호 990-12-345678이 청구서에 참조되었습니다.",
            "id": "sample_037_0009_000019",
            "annotations": [
                {
                    "word": "CLINIC-092",
                    "start": 7,
                    "end": 17,
                    "label": "기밀정보"
                },
                {
                    "word": "계좌번호 990-12-345678",
                    "start": 38,
                    "end": 56,
                    "label": "기밀정보"
                }
            ]
        },
        {
            "sentence": "동의서는 소유자 전자서명 해시 a3f5d9e2와 동의일 2025-11-12로 저장되며 원본은 암호화된 저장소에 보관됩니다.",
            "id": "sample_037_0009_000020",
            "annotations": [
                {
                    "word": "2025-11-12",
                    "start": 31,
                    "end": 41,
                    "label": "준식별자"
                }
            ]
        },
        {
            "sentence": "청구 및 보험처리란에는 보험사 청구번호 INS-7782가 기록되어 있으며 보험가입 여부는 가입으로 표기되어 있습니다.",
            "id": "sample_037_0009_000021",
            "annotations": [
                {
                    "word": "INS-7782",
                    "start": 22,
                    "end": 30,
                    "label": "기밀정보"
                }
            ]
        },
        {
            "sentence": "방역 이벤트로서 2025-11-10에 동일 클리닉에서 전염성 장염 의심 사례가 보고되어 역학추적이 시작되었습니다.",
            "id": "sample_037_0009_000022",
            "annotations": [
                {
                    "word": "2025-11-10",
                    "start": 9,
                    "end": 19,
                    "label": "준식별자"
                }
            ]
        },
        {
            "sentence": "군집 데이터는 동일 농장 FLOCK-88의 그룹 레코드와 연결되어 있으며 군집 메타데이터로 밀도 20 두/헥타르와 사육방식 방목이 포함됩니다.",
            "id": "sample_037_0009_000023",
            "annotations": [
                {
                    "word": "FLOCK-88",
                    "start": 14,
                    "end": 22,
                    "label": "기밀정보"
                }
            ]
        },
        {
            "sentence": "행동 및 영양 기록에는 일일 식사량 250 g/day 건식사료와 활동량 모니터링 데이터로 평균 심박수 88 bpm이 기록되어 있습니다.",
            "id": "sample_037_0009_000024",
            "annotations": []
        },
        {
            "sentence": "병리보고서 초안에는 생검 조직명 위장관 점막과 조직학 소견(만성염증, 림프구 침윤)이 기술되어 있습니다.",
            "id": "sample_037_0009_000025",
            "annotations": []
        },
        {
            "sentence": "원격진료 전사에는 소유자와의 통화 기록이 포함되어 있으며 통화에서 소유자는 추가 증상과 약물 반응을 설명하였습니다.",
            "id": "sample_037_0009_000026",
            "annotations": []
        },
        {
            "sentence": "규제 보고로서 인수공통감염 의심 시 관련 보건당국에 24시간 이내 통보하는 절차가 명시되어 있습니다.",
            "id": "sample_037_0009_000027",
            "annotations": []
        },
        {
            "sentence": "문서의 보관기간, 접근제어, 익명화 방법 및 데이터 전송 규정은 병원 내부 정책과 지역 개인정보보호법에 따라 적용됩니다.",
            "id": "sample_037_0009_000028",
            "annotations": []
        }
    ]
}