{
    "document_id": "037_0047",
    "document_title": "강남동물의료원 반려견 간질환 의심 사례 임상기록 및 공중보건 연계보고",
    "data": [
        {
            "sentence": "본 문서는 반려동물 임상기록 및 공중보건 연계 보고를 위한 사례 파일이며, 기록은 진단·검사·치료·백신·보건보고 항목을 포함합니다.",
            "id": "sample_037_0047_000001",
            "annotations": []
        },
        {
            "sentence": "초진 방문일시(ISO8601): 2024-11-06T09:45:00+09:00으로 기록되었고, 시간대 표기는 KST(UTC+9)를 사용합니다.",
            "id": "sample_037_0047_000002",
            "annotations": [
                {
                    "word": "2024-11-06T09:45:00+09:00",
                    "start": 18,
                    "end": 43,
                    "label": "준식별자"
                }
            ]
        },
        {
            "sentence": "클리닉 내부 동물 식별자(clinic_animal_id)는 CLN-2024-0456으로 지정되었고, ISO 마이크로칩(ISO 11784/11785) 표준 번호는 981020012345678입니다.",
            "id": "sample_037_0047_000003",
            "annotations": []
        },
        {
            "sentence": "개체 정보: 종 Canis lupus familiaris(견), 품종 Labrador Retriever, 성별 수컷(중성화됨), 출생일 2021-06-15, 체중 27.3 kg로 등록되어 있습니다.",
            "id": "sample_037_0047_000004",
            "annotations": [
                {
                    "word": "수컷(중성화됨)",
                    "start": 62,
                    "end": 70,
                    "label": "준식별자"
                },
                {
                    "word": "2021-06-15",
                    "start": 76,
                    "end": 86,
                    "label": "준식별자"
                },
                {
                    "word": "27.3 kg",
                    "start": 91,
                    "end": 98,
                    "label": "준식별자"
                }
            ]
        },
        {
            "sentence": "주증상은 무기력 및 식욕감소이며, 내원 당시 식사량 40% 감소와 활력 저하가 관찰되었습니다.",
            "id": "sample_037_0047_000005",
            "annotations": []
        },
        {
            "sentence": "병력 요약: 2주 전부터 증상이 점진적으로 악화되었고 이전에는 예방접종 이력과 만성 소화기 증상 병력은 보고되지 않았습니다.",
            "id": "sample_037_0047_000006",
            "annotations": []
        },
        {
            "sentence": "신체검사 소견: 체온 38.7°C, 심음 규칙적, 복부 촉진 시 약간의 통증과 경도의 탈수 소견이 있습니다.",
            "id": "sample_037_0047_000007",
            "annotations": []
        },
        {
            "sentence": "진단 코드: VeNom:VET-01624(간질환 의심), SNOMEDv:78901234(간효소 상승 연관 코드)로 임시 코딩했습니다.",
            "id": "sample_037_0047_000008",
            "annotations": []
        },
        {
            "sentence": "진단검사 지시: CBC, 혈액화학, 복부 초음파를 시행하며, CBC 항목은 LOINC 매핑을 포함하여 표준화됩니다.",
            "id": "sample_037_0047_000009",
            "annotations": []
        },
        {
            "sentence": "영상 검사 파일은 DICOM 형식으로 저장되며 참조 경로는 /srv/clinic/imaging/2024/CLN-2024-0456/CT_20241106.dcm입니다.",
            "id": "sample_037_0047_000010",
            "annotations": [
                {
                    "word": "/srv/clinic/imaging/2024/CLN-2024-0456/CT_20241106.dcm",
                    "start": 33,
                    "end": 87,
                    "label": "기밀정보"
                }
            ]
        },
        {
            "sentence": "혈액검사 결과 요약: AST 215 U/L(검사코드 LOINC:1901-3), ALT 342 U/L(LOINC:1742-6), 총단백 6.2 g/dL 등으로 기록되었습니다.",
            "id": "sample_037_0047_000011",
            "annotations": []
        },
        {
            "sentence": "치료 계획: 탈수 보정, 간보호제 IV 투여, 식이요법 지침 제공 및 48시간 간격 추적검사 계획을 수립했습니다.",
            "id": "sample_037_0047_000012",
            "annotations": []
        },
        {
            "sentence": "시술 이력: 현재는 수술 이력이 없으며, 침습적 시술이 필요할 경우 전신 마취 전 평가를 별도 실시합니다.",
            "id": "sample_037_0047_000013",
            "annotations": []
        },
        {
            "sentence": "처방 의약품: Amoxicillin-clavulanate (VET:AMOX-CLAV) 20 mg/kg PO q12h, hepatoprotectant IV 1.0 mL/kg q24h, 총 투약기간 7일로 기재했습니다.",
            "id": "sample_037_0047_000014",
            "annotations": []
        },
        {
            "sentence": "백신 기록: DAPP(사백신) 투여, 로트번호 LOT-AZ-334455, 접종일 2023-11-01으로 소독 및 이력관리 데이터베이스에 등록되었습니다.",
            "id": "sample_037_0047_000015",
            "annotations": [
                {
                    "word": "2023-11-01",
                    "start": 45,
                    "end": 55,
                    "label": "준식별자"
                }
            ]
        },
        {
            "sentence": "소유자 정보: owner_id OWN-1009, 이름 배서별, 연락처 010-9876-5432, 이메일 baeseo@example.com, 주소 서울특별시 강남구 역삼동 832-21 3층 301호로 기록됩니다.",
            "id": "sample_037_0047_000016",
            "annotations": [
                {
                    "word": "OWN-1009",
                    "start": 17,
                    "end": 25,
                    "label": "개인정보"
                },
                {
                    "word": "배서별",
                    "start": 30,
                    "end": 33,
                    "label": "개인정보"
                },
                {
                    "word": "010-9876-5432",
                    "start": 39,
                    "end": 52,
                    "label": "개인정보"
                },
                {
                    "word": "baeseo@example.com",
                    "start": 58,
                    "end": 76,
                    "label": "개인정보"
                },
                {
                    "word": "서울특별시 강남구 역삼동 832-21 3층 301호",
                    "start": 81,
                    "end": 109,
                    "label": "개인정보"
                }
            ]
        },
        {
            "sentence": "시설 정보: facility_id CLINIC-07, 병원명 강남동물의료원, 소재지 서울특별시 강남구, 내부 서버 IP 10.8.0.5 및 결제 계좌번호 110-123-456789은 내부 기밀로 관리됩니다.",
            "id": "sample_037_0047_000017",
            "annotations": [
                {
                    "word": "서울특별시 강남구",
                    "start": 47,
                    "end": 56,
                    "label": "준식별자"
                },
                {
                    "word": "10.8.0.5",
                    "start": 67,
                    "end": 75,
                    "label": "기밀정보"
                },
                {
                    "word": "110-123-456789",
                    "start": 86,
                    "end": 100,
                    "label": "기밀정보"
                }
            ]
        },
        {
            "sentence": "담당 수의사: 이름 허봉학, veterinarian_id VET-0047, 수의사 면허번호 SVD-77889, 진료소견은 전자의무기록에 저장됩니다.",
            "id": "sample_037_0047_000018",
            "annotations": [
                {
                    "word": "허봉학",
                    "start": 11,
                    "end": 14,
                    "label": "개인정보"
                },
                {
                    "word": "VET-0047",
                    "start": 32,
                    "end": 40,
                    "label": "개인정보"
                },
                {
                    "word": "SVD-77889",
                    "start": 51,
                    "end": 60,
                    "label": "개인정보"
                }
            ]
        },
        {
            "sentence": "동의서 및 서명: 전자동의서 제출 완료, 서명자 배서별, 파일 참조 경로 /consent/OWN-1009_20241106.pdf은 내부 접근권한이 제한됩니다.",
            "id": "sample_037_0047_000019",
            "annotations": [
                {
                    "word": "/consent/OWN-1009_20241106.pdf",
                    "start": 41,
                    "end": 71,
                    "label": "기밀정보"
                },
                {
                    "word": "배서별",
                    "start": 27,
                    "end": 30,
                    "label": "개인정보"
                }
            ]
        },
        {
            "sentence": "청구 및 보험: 총 진료비 254,000원, 거래번호 TRX-20241106-909, 보험청구번호 INS-987654321로 청구 프로세스가 진행 중입니다.",
            "id": "sample_037_0047_000020",
            "annotations": [
                {
                    "word": "TRX-20241106-909",
                    "start": 30,
                    "end": 46,
                    "label": "기밀정보"
                },
                {
                    "word": "INS-987654321",
                    "start": 55,
                    "end": 68,
                    "label": "기밀정보"
                }
            ]
        },
        {
            "sentence": "공중방역 관련: 역학적 평가 후 2024-11-06T10:00:00+09:00에 질병관리관서에 예비보고(RPT-2024-331)를 완료하였고, 보고번호는 내부기록으로 보관됩니다.",
            "id": "sample_037_0047_000021",
            "annotations": [
                {
                    "word": "2024-11-06T10:00:00+09:00",
                    "start": 18,
                    "end": 43,
                    "label": "준식별자"
                },
                {
                    "word": "RPT-2024-331",
                    "start": 58,
                    "end": 70,
                    "label": "기밀정보"
                }
            ]
        },
        {
            "sentence": "군집(herd) 메타데이터: 해당 사례는 개체 단위이며, 목장 데이터는 FARM-990에 연결되어 있으며, 군집 규모 herd_size 350, 사육밀도 2.3 head/ha로 기록됩니다.",
            "id": "sample_037_0047_000022",
            "annotations": []
        },
        {
            "sentence": "행동·영양 로그: 입원 후 권장식이 2회 소량 급여, 수분 섭취 모니터링 및 활동량은 가속도계 로그로 1일 12회 샘플링됩니다.",
            "id": "sample_037_0047_000023",
            "annotations": []
        },
        {
            "sentence": "병리검사 소견: 간 조직 생검은 미실시였으나 혈액화학 소견 및 초음파 소견으로 만성 간염 의심 소견을 기재했습니다.",
            "id": "sample_037_0047_000024",
            "annotations": []
        },
        {
            "sentence": "부검 결과: 본 개체는 생존 중이며 부검(necropsy)은 시행되지 않았음을 명시합니다.",
            "id": "sample_037_0047_000025",
            "annotations": []
        },
        {
            "sentence": "원격진료 상담 기록(요약): 소유자 배서별과의 전화 상담에서 '증상은 식욕저하와 무기력'이라 보고되었으며, 상담 중 연락처 010-9876-5432로 추가 지침을 안내했습니다.",
            "id": "sample_037_0047_000026",
            "annotations": [
                {
                    "word": "배서별",
                    "start": 20,
                    "end": 23,
                    "label": "개인정보"
                },
                {
                    "word": "010-9876-5432",
                    "start": 69,
                    "end": 82,
                    "label": "개인정보"
                }
            ]
        },
        {
            "sentence": "추후 계획 및 예약: 재평가 방문일시는 2024-11-13T09:00:00+09:00로 예약되었으며, 추적검사(간수치)는 방문 시 시행합니다.",
            "id": "sample_037_0047_000027",
            "annotations": [
                {
                    "word": "2024-11-13T09:00:00+09:00",
                    "start": 22,
                    "end": 47,
                    "label": "준식별자"
                }
            ]
        },
        {
            "sentence": "행동지침 및 긴급연락: 상태 악화 시 즉시 병원으로 연락하되, 개인정보·기밀자료는 암호화된 채널로 전송하고 내부 보안 절차를 준수합니다.",
            "id": "sample_037_0047_000028",
            "annotations": []
        }
    ]
}