{
    "document_id": "037_0077",
    "document_title": "수의학 임상진료기록 및 사건 보고서 - 반려견 CLIN-AN-0456",
    "data": [
        {
            "sentence": "문서 개요: 본 진료기록은 개체 수준 및 군집 건강 데이터를 포함하는 수의학 임상 보고서입니다.",
            "id": "sample_037_0077_000001",
            "annotations": []
        },
        {
            "sentence": "작성 일시는 2025-11-02T10:05:00Z로 표준 ISO 8601 형식을 사용하여 기록했습니다.",
            "id": "sample_037_0077_000002",
            "annotations": [
                {
                    "word": "2025-11-02T10:05:00Z",
                    "start": 7,
                    "end": 27,
                    "label": "준식별자"
                }
            ]
        },
        {
            "sentence": "방문기록: animal_id CLIN-AN-0456, species: Canis lupus familiaris(개), breed: Labrador Retriever, sex: 수컷, age_or_dob: 2018-06-12, weight_kg: 34.5 kg, visit_date_time: 2025-11-02T09:30:00Z.",
            "id": "sample_037_0077_000003",
            "annotations": [
                {
                    "word": "2018-06-12",
                    "start": 114,
                    "end": 124,
                    "label": "준식별자"
                },
                {
                    "word": "수컷",
                    "start": 98,
                    "end": 100,
                    "label": "준식별자"
                },
                {
                    "word": "34.5 kg",
                    "start": 137,
                    "end": 144,
                    "label": "준식별자"
                },
                {
                    "word": "2025-11-02T09:30:00Z",
                    "start": 163,
                    "end": 183,
                    "label": "준식별자"
                }
            ]
        },
        {
            "sentence": "제시된 주 호소(presenting_complaint)는 '3일간 지속된 구토 및 설사'로 기재되어 있습니다.",
            "id": "sample_037_0077_000004",
            "annotations": []
        },
        {
            "sentence": "병력(history): 최근 변경된 식이력과 야외 활동 증가가 관찰되었으며 과거 항생제 투여 이력은 없습니다.",
            "id": "sample_037_0077_000005",
            "annotations": []
        },
        {
            "sentence": "신체검사(physical_exam_findings): 탈수 소견, 체온 39.8°C, 심박수 120 bpm, 점막 창백함 관찰되어 추가 관찰을 권고합니다.",
            "id": "sample_037_0077_000006",
            "annotations": []
        },
        {
            "sentence": "진단(diagnosis_codes): 주진단 '위장염(enteritis)' VeNom 코드 V0001234 및 SNOMED-CT Vet 확장코드 456789012을 병기하였습니다.",
            "id": "sample_037_0077_000007",
            "annotations": []
        },
        {
            "sentence": "진단검사(diagnostic_tests): CBC, 혈액화학검사, 전해질, 복부 초음파(영상참조: IMG-20251102-0001.dcm) 을 요청하였습니다.",
            "id": "sample_037_0077_000008",
            "annotations": []
        },
        {
            "sentence": "검사결과(test_results): CBC WBC 18.2 x10^3/µL(LOINC 57021-8), BUN 32 mg/dL(LOINC 2951-2) 등 비정상 소견이 확인되었습니다.",
            "id": "sample_037_0077_000009",
            "annotations": []
        },
        {
            "sentence": "치료계획(treatment_plan): 입원관찰 하에 정맥유체요법 IV Ringer's lactate 20 mL/kg/시간과 항구토제 투여를 시작합니다.",
            "id": "sample_037_0077_000010",
            "annotations": []
        },
        {
            "sentence": "시술/수술(procedures): 내시경적 위세척(endoscopic lavage) 가능성을 검토하였으나 현재는 보류 중입니다.",
            "id": "sample_037_0077_000011",
            "annotations": []
        },
        {
            "sentence": "약물정보(medications): 항생제 암피실린(Ampicillin) 주사 20 mg/kg IV q8h 5일간 처방하였고 항구토제는 온단세트론 0.1 mg/kg IV q8h로 계획했습니다.",
            "id": "sample_037_0077_000012",
            "annotations": []
        },
        {
            "sentence": "예방접종(vaccine_records): 광견병 백신 RabiesVac lot RAB-2024-7788은 2025-01-15에 접종 기록이 있으며 백신 관련 문서는 보관합니다.",
            "id": "sample_037_0077_000013",
            "annotations": []
        },
        {
            "sentence": "마이크로칩(microchip_id): ISO 11784/11785 규격 985141000012345로 등록되어 있으며 등록기관과 매핑되어 있습니다.",
            "id": "sample_037_0077_000014",
            "annotations": []
        },
        {
            "sentence": "소유자 정보(owner_id): OWN-00023, 이름 백아연, 연락처 010-1234-5678, 주소 서울특별시 강남구 역삼동 12-34.",
            "id": "sample_037_0077_000015",
            "annotations": [
                {
                    "word": "OWN-00023",
                    "start": 18,
                    "end": 27,
                    "label": "개인정보"
                },
                {
                    "word": "백아연",
                    "start": 32,
                    "end": 35,
                    "label": "개인정보"
                },
                {
                    "word": "010-1234-5678",
                    "start": 41,
                    "end": 54,
                    "label": "개인정보"
                },
                {
                    "word": "서울특별시 강남구 역삼동 12-34",
                    "start": 59,
                    "end": 78,
                    "label": "개인정보"
                }
            ]
        },
        {
            "sentence": "소유자 생년월일(owner_dob): 1984-03-05로 소유자 준식별자 항목에 기록하였습니다.",
            "id": "sample_037_0077_000016",
            "annotations": [
                {
                    "word": "1984-03-05",
                    "start": 21,
                    "end": 31,
                    "label": "준식별자"
                }
            ]
        },
        {
            "sentence": "담당수의사(veterinarian_id): 지인건, VET-0098이 본 증례를 진단 및 치료 계획을 승인하였습니다.",
            "id": "sample_037_0077_000017",
            "annotations": [
                {
                    "word": "지인건",
                    "start": 24,
                    "end": 27,
                    "label": "개인정보"
                },
                {
                    "word": "VET-0098",
                    "start": 29,
                    "end": 37,
                    "label": "개인정보"
                }
            ]
        },
        {
            "sentence": "시설정보(facility_id): CLN-1102, 병원명 동물메디컬센터, 주소는 경기도 성남시 분당구 분당로 45로 관리됩니다.",
            "id": "sample_037_0077_000018",
            "annotations": []
        },
        {
            "sentence": "동의서(consent_forms): 동의서ID CONS-20251102-1001에 소유자 서명 '백아연'이 포함되어 있으며 전자서명 시간은 2025-11-02T09:28:00Z입니다.",
            "id": "sample_037_0077_000019",
            "annotations": [
                {
                    "word": "백아연",
                    "start": 54,
                    "end": 57,
                    "label": "개인정보"
                },
                {
                    "word": "2025-11-02T09:28:00Z",
                    "start": 78,
                    "end": 98,
                    "label": "준식별자"
                }
            ]
        },
        {
            "sentence": "청구내역(billing_records): 총 진료비 450,000원, 결제방법 카드, 청구계좌번호 111-222-333333로 입금 대기 중입니다.",
            "id": "sample_037_0077_000020",
            "annotations": [
                {
                    "word": "111-222-333333",
                    "start": 55,
                    "end": 69,
                    "label": "기밀정보"
                }
            ]
        },
        {
            "sentence": "보험청구(insurance_claims): 보험사 코드 INS-ACME, 보험증권번호 INS-2023-889900, 청구상태 '심사중'으로 등록했습니다.",
            "id": "sample_037_0077_000021",
            "annotations": [
                {
                    "word": "INS-2023-889900",
                    "start": 48,
                    "end": 63,
                    "label": "기밀정보"
                }
            ]
        },
        {
            "sentence": "방역/생물안전 이벤트(biosecurity_events): 입원중 격리실 배치 및 노출기록은 내부 통제절차에 따라 전산 기록합니다.",
            "id": "sample_037_0077_000022",
            "annotations": []
        },
        {
            "sentence": "군집기록(herd_or_group_records): 본 사례는 단일 반려동물 사례로 군집 메타데이터는 적용되지 않음을 명시합니다.",
            "id": "sample_037_0077_000023",
            "annotations": []
        },
        {
            "sentence": "행동·영양 로그(behavior_and_nutrition_logs): 최근 2주간 사료 섭취량 감소와 활동량 저하가 관찰되어 식단 조정과 모니터링을 권고합니다.",
            "id": "sample_037_0077_000024",
            "annotations": []
        },
        {
            "sentence": "병리보고(pathological_reports): 대변검사에서 Giardia antigen 음성 판정, 조직검사 의뢰는 임상경과에 따라 추후 결정합니다.",
            "id": "sample_037_0077_000025",
            "annotations": []
        },
        {
            "sentence": "부검/necropsy 보고(necropsy_reports): 해당 사례는 생존중으로 부검보고는 없음을 기록합니다.",
            "id": "sample_037_0077_000026",
            "annotations": []
        },
        {
            "sentence": "원격진료 기록(telemedicine_transcripts): 2025-11-01T20:15:00Z에 소유자 백아연과의 영상상담 로그가 저장되어 있습니다.",
            "id": "sample_037_0077_000027",
            "annotations": [
                {
                    "word": "백아연",
                    "start": 61,
                    "end": 64,
                    "label": "개인정보"
                },
                {
                    "word": "2025-11-01T20:15:00Z",
                    "start": 35,
                    "end": 55,
                    "label": "준식별자"
                }
            ]
        },
        {
            "sentence": "규제보고(regulatory_reports): 인수공통감염(zoonosis) 의심 소견은 현재 없으며 보건당국 통보 요건을 지속 확인합니다.",
            "id": "sample_037_0077_000028",
            "annotations": []
        },
        {
            "sentence": "보안 및 시스템 기밀정보: 내부 서버 IP 10.240.5.12 및 경로 /opt/clinic/db/patients 은 비공개로 관리됩니다.",
            "id": "sample_037_0077_000029",
            "annotations": [
                {
                    "word": "10.240.5.12",
                    "start": 24,
                    "end": 35,
                    "label": "기밀정보"
                },
                {
                    "word": "/opt/clinic/db/patients",
                    "start": 41,
                    "end": 64,
                    "label": "기밀정보"
                }
            ]
        },
        {
            "sentence": "임상시험 관련 사항: 본 기록은 GCP 준거형 임상시험은 아니며 의뢰된 약물은 수의사의 전문판단 하에 사용되었습니다.",
            "id": "sample_037_0077_000030",
            "annotations": []
        },
        {
            "sentence": "권고 및 후속조치: 48시간 내 재평가를 권고하고 증상 악화 시 즉시 내원 및 관련 규제기관 통보 절차를 준수하도록 안내했습니다.",
            "id": "sample_037_0077_000031",
            "annotations": []
        },
        {
            "sentence": "문서 보존: 진료기록은 지역 규정에 따라 최소 5년간 보존되며 관련 접근 권한과 암호화 정책을 적용합니다.",
            "id": "sample_037_0077_000032",
            "annotations": []
        }
    ]
}