{
    "document_id": "037_0031",
    "document_title": "반려견 임상진료 및 감염병 의심 보고서",
    "data": [
        {
            "sentence": "문서 요약: 본 보고서는 반려견 환자의 진단·검사·치료 기록과 역학적 감시 필요성을 기술한 임상 진료보고서입니다.",
            "id": "sample_037_0031_000001",
            "annotations": []
        },
        {
            "sentence": "시설 식별자: facility_id CLINIC-031, 등록 병원명은 서울중앙동물병원이며 시설 유형은 도시형 1차 진료기관입니다.",
            "id": "sample_037_0031_000002",
            "annotations": []
        },
        {
            "sentence": "개체 식별: clinic internal animal_id ANM-2025-0042와 ISO 마이크로칩 코드 ISO11784/11785:990000000123456으로 병기했습니다.",
            "id": "sample_037_0031_000003",
            "annotations": []
        },
        {
            "sentence": "종·품종·성별·생년월일·체중: species Canis lupus familiaris, breed Labrador Retriever, sex M, dob 2018-04-12, weight_kg 28.4.",
            "id": "sample_037_0031_000004",
            "annotations": []
        },
        {
            "sentence": "주호소(presenting_complaint): 우측 외이도 분비물 증가 및 3일간 지속되는 빈번한 긁기 증상으로 내원하였습니다.",
            "id": "sample_037_0031_000005",
            "annotations": []
        },
        {
            "sentence": "병력(history): 이전 알레르기 병력은 없으나 최근 목욕 후 증상 악화 및 가정 내 새 구성원(어린이) 노출력이 확인되었습니다.",
            "id": "sample_037_0031_000006",
            "annotations": []
        },
        {
            "sentence": "신체검사(physical_exam_findings): 체온 38.9°C, 우측 외이도 통증과 발적, 국소 농성 분비물 관찰, 림프절 경미한 팽대 소견이 있습니다.",
            "id": "sample_037_0031_000007",
            "annotations": []
        },
        {
            "sentence": "진단코드: 주요진단 VeNom: 581 (Otitis externa), SNOMED CT Vet extension: 6972007 (외이도 염증)로 코딩하였습니다.",
            "id": "sample_037_0031_000008",
            "annotations": []
        },
        {
            "sentence": "진단검사(orders): 혈액검사(CBC), 혈액화학, 외이도 세균배양 및 항생제 감수성검사, 외이도 방사선 검사 및 초음파를 지시하였습니다.",
            "id": "sample_037_0031_000009",
            "annotations": []
        },
        {
            "sentence": "검사결과(summary): CBC 일부 항목에서 호중구 증가(LOINC 6690-2: Neutrophils 12.3 10^9/L, species-specific ref 2.5-12.0)로 염증 반응을 시사합니다.",
            "id": "sample_037_0031_000010",
            "annotations": []
        },
        {
            "sentence": "영상참조(imaging_refs): DICOM StudyInstanceUID 1.2.826.0.1.3680043.2.1125.20250108.001, modality: XR, series 002, resolution 2048x2048로 저장됨.",
            "id": "sample_037_0031_000011",
            "annotations": []
        },
        {
            "sentence": "미생물검사 결과: 외이도 배양에서 Pseudomonas aeruginosa 동정, 감수성 결과에 따라 항생제 변경을 권고합니다(항생제 규제 절차 준수).",
            "id": "sample_037_0031_000012",
            "annotations": []
        },
        {
            "sentence": "치료계획(treatment_plan): 국소 세척 및 debris 제거, 감염군집 격리 지침 적용, 감염관리 교육 및 가정 방역 권고를 포함합니다.",
            "id": "sample_037_0031_000013",
            "annotations": []
        },
        {
            "sentence": "수술·절차 기록(procedures): 외이도 수압세척 및 이물 제거 시술을 2025-01-09T10:15:00+09:00에 시행하였고 시술 소견을 전자의무기록에 기록했습니다.",
            "id": "sample_037_0031_000014",
            "annotations": []
        },
        {
            "sentence": "약물처방(medications): Amoxicillin-clavulanate (VeNom 308) 20 mg/kg PO q12h, 계산상 투여량 568 mg per dose로 10일간 투여 예정입니다.",
            "id": "sample_037_0031_000015",
            "annotations": []
        },
        {
            "sentence": "백신기록(vaccine_records): 광견병 백신 RabVac lot L2024-334, admin_date 2024-11-02T09:30:00+09:00, 접종부위 표기 및 유효기간 확인 완료.",
            "id": "sample_037_0031_000016",
            "annotations": []
        },
        {
            "sentence": "소유자 식별: owner_id OWN-2025-0012, 소유자명: 홍윤미.",
            "id": "sample_037_0031_000017",
            "annotations": [
                {
                    "word": "홍윤미",
                    "start": 38,
                    "end": 41,
                    "label": "개인정보"
                },
                {
                    "word": "OWN-2025-0012",
                    "start": 17,
                    "end": 30,
                    "label": "개인정보"
                }
            ]
        },
        {
            "sentence": "소유자 연락처: 010-9876-5432로 응급연락 및 진료결과 전달 동의가 확보되어 있습니다.",
            "id": "sample_037_0031_000018",
            "annotations": [
                {
                    "word": "010-9876-5432",
                    "start": 9,
                    "end": 22,
                    "label": "개인정보"
                }
            ]
        },
        {
            "sentence": "소유자 주소: 서울특별시 강남구 테헤란로 88, 3층 301호에 거주한다고 신고되어 있으며 방문·방역 이력과 연계 보관합니다.",
            "id": "sample_037_0031_000019",
            "annotations": [
                {
                    "word": "서울특별시 강남구 테헤란로 88, 3층 301호",
                    "start": 8,
                    "end": 34,
                    "label": "개인정보"
                }
            ]
        },
        {
            "sentence": "소유자 준식별자: 생년월일 1978-06-15(ISO 8601 표기) 정보는 동의 기반으로 최소 보관합니다.",
            "id": "sample_037_0031_000020",
            "annotations": [
                {
                    "word": "1978-06-15",
                    "start": 15,
                    "end": 25,
                    "label": "준식별자"
                }
            ]
        },
        {
            "sentence": "담당 수의사: 정병권 수의사(면허번호 VET-2024-0098)가 진료 및 처방을 시행하였으며 진료기록에 서명하였습니다.",
            "id": "sample_037_0031_000021",
            "annotations": [
                {
                    "word": "정병권",
                    "start": 8,
                    "end": 11,
                    "label": "개인정보"
                },
                {
                    "word": "VET-2024-0098",
                    "start": 21,
                    "end": 34,
                    "label": "개인정보"
                }
            ]
        },
        {
            "sentence": "동의서(consent_forms): 영상 및 검체 채취에 대한 서면 동의가 2025-01-08T09:45:00+09:00에 확보되었고 전자의무기록에 PDF로 저장했습니다.",
            "id": "sample_037_0031_000022",
            "annotations": []
        },
        {
            "sentence": "청구 및 보험(billing_records, insurance_claims): 총진료비 245,000원, 보험청구 정책번호 POL-AXIS-778899으로 보험사에 전송 대기 중입니다.",
            "id": "sample_037_0031_000023",
            "annotations": [
                {
                    "word": "POL-AXIS-778899",
                    "start": 69,
                    "end": 84,
                    "label": "개인정보"
                }
            ]
        },
        {
            "sentence": "기밀 재무정보: 병원 내부 계좌정보 계좌번호 110-223344-556은 결제 및 환불 전용으로 내부 관리 대상입니다.",
            "id": "sample_037_0031_000024",
            "annotations": [
                {
                    "word": "계좌번호 110-223344-556",
                    "start": 20,
                    "end": 39,
                    "label": "기밀정보"
                }
            ]
        },
        {
            "sentence": "시스템·보안 정보: 내부 저장소 접근을 위한 서버 IP 10.14.32.7과 내부 경로는 보안 정책에 따라 제한적으로 관리합니다.",
            "id": "sample_037_0031_000025",
            "annotations": [
                {
                    "word": "10.14.32.7",
                    "start": 31,
                    "end": 41,
                    "label": "기밀정보"
                }
            ]
        },
        {
            "sentence": "방역·공중보건(reporting): Pseudomonas 검출은 인수공통감염 가능성 관점에서 2025-01-09T12:00:00+09:00에 관할 보건소에 신고 대기 처리하였습니다.",
            "id": "sample_037_0031_000026",
            "annotations": []
        },
        {
            "sentence": "군집 및 집단기록(herd_or_group_records): 본 사례는 단일 가정내 반려견 사례이나 동일 가정 내 애완동물 표본감시를 권고합니다.",
            "id": "sample_037_0031_000027",
            "annotations": []
        },
        {
            "sentence": "원격진료(transcript): 2025-01-07T20:05:00+09:00 원격상담 로그에 진료사안 및 가정 환경 사진(메타데이터 포함)이 저장되어 있습니다.",
            "id": "sample_037_0031_000028",
            "annotations": []
        },
        {
            "sentence": "행동·영양 로그(behavior_and_nutrition_logs): 최근 식이 변화와 털갈이, 긁기 빈도 변화가 기록되었으며 식이조절과 환경개선 권고를 문서화했습니다.",
            "id": "sample_037_0031_000029",
            "annotations": []
        },
        {
            "sentence": "데이터 거버넌스 및 보존: 소유자 개인정보는 암호화·접근제어 적용, 진료기록 보존기간은 지역 규정에 따라 최소 5년을 권고합니다.",
            "id": "sample_037_0031_000030",
            "annotations": []
        }
    ]
}