{
    "document_id": "037_0026",
    "document_title": "반려견 임상 전자건강기록 및 규제보고서 (CLIN_ANM_0042)",
    "data": [
        {
            "sentence": "소개: 본 문서는 상용 전자건강기록(EHR) 형식으로 작성된 수의학 임상보고서이며 반려동물 임상, 검사, 치료 및 규제보고 연계를 포함합니다.",
            "id": "sample_037_0026_000001",
            "annotations": []
        },
        {
            "sentence": "문서 목적은 임상 의사결정 지원, 역학 추적, 법적 보고 및 데이터 표준화 점검을 위함입니다.",
            "id": "sample_037_0026_000002",
            "annotations": []
        },
        {
            "sentence": "대상동물: animal_id CLIN_ANM_0042, 종 Canis lupus familiaris(개), 품종: 믹스, 성별: 수컷, 출생일: 2018-05-12, 체중: 12.4 kg, 마이크로칩: ISO11784/11785 900123456789012.",
            "id": "sample_037_0026_000003",
            "annotations": [
                {
                    "word": "수컷",
                    "start": 72,
                    "end": 74,
                    "label": "준식별자"
                },
                {
                    "word": "2018",
                    "start": 81,
                    "end": 85,
                    "label": "준식별자"
                },
                {
                    "word": "05",
                    "start": 86,
                    "end": 88,
                    "label": "준식별자"
                },
                {
                    "word": "12",
                    "start": 89,
                    "end": 91,
                    "label": "준식별자"
                },
                {
                    "word": "12",
                    "start": 97,
                    "end": 99,
                    "label": "준식별자"
                },
                {
                    "word": "12",
                    "start": 131,
                    "end": 133,
                    "label": "준식별자"
                },
                {
                    "word": "12",
                    "start": 141,
                    "end": 143,
                    "label": "준식별자"
                },
                {
                    "word": "12.4 kg",
                    "start": 97,
                    "end": 104,
                    "label": "준식별자"
                }
            ]
        },
        {
            "sentence": "소유자 정보: owner_id OWNER-0003, 소유자명: 천종수, 연락처: 010-1234-5678, 이메일: chun.jongsu@example.com, 주소: 서울특별시 강남구 테헤란로 100-10(세부주소 포함).",
            "id": "sample_037_0026_000004",
            "annotations": [
                {
                    "word": "OWNER-0003",
                    "start": 17,
                    "end": 27,
                    "label": "개인정보"
                },
                {
                    "word": "천종수",
                    "start": 35,
                    "end": 38,
                    "label": "개인정보"
                },
                {
                    "word": "010-1234-5678",
                    "start": 45,
                    "end": 58,
                    "label": "개인정보"
                },
                {
                    "word": "chun.jongsu@example.com",
                    "start": 65,
                    "end": 88,
                    "label": "개인정보"
                },
                {
                    "word": "서울특별시 강남구 테헤란로 100-10",
                    "start": 94,
                    "end": 115,
                    "label": "개인정보"
                }
            ]
        },
        {
            "sentence": "진료시설: facility_id CLINIC-21, 담당수의사: 조아로, 수의사 ID VET-1001, 시설 주소 및 운영시간은 내부 참조입니다.",
            "id": "sample_037_0026_000005",
            "annotations": [
                {
                    "word": "조아로",
                    "start": 36,
                    "end": 39,
                    "label": "개인정보"
                },
                {
                    "word": "VET-1001",
                    "start": 48,
                    "end": 56,
                    "label": "개인정보"
                }
            ]
        },
        {
            "sentence": "초진 방문 일시(ISO8601): 2025-11-20T09:30:00+09:00에 응급 내원으로 접수되었습니다.",
            "id": "sample_037_0026_000006",
            "annotations": [
                {
                    "word": "2025",
                    "start": 19,
                    "end": 23,
                    "label": "준식별자"
                },
                {
                    "word": "11",
                    "start": 24,
                    "end": 26,
                    "label": "준식별자"
                },
                {
                    "word": "20",
                    "start": 19,
                    "end": 21,
                    "label": "준식별자"
                },
                {
                    "word": "20",
                    "start": 27,
                    "end": 29,
                    "label": "준식별자"
                }
            ]
        },
        {
            "sentence": "주호소 및 병력: 최근 48시간 내 구토와 설사, 식욕부진을 보였으며 타 병력으로 만성 기침 없음, 외상력 없음.",
            "id": "sample_037_0026_000007",
            "annotations": []
        },
        {
            "sentence": "신체검사 소견: 활력징후 온전, 탈수 소견 5% 내외, 점막 창백, 복부 압통 경미, 통증개의 호소.",
            "id": "sample_037_0026_000008",
            "annotations": []
        },
        {
            "sentence": "검사: 혈액검사(Lab ID LAB-559), 채혈일시 2025-11-20T10:00:00+09:00, CBC 및 화학패널을 실시하였고 결과는 아래 LOINC 매핑으로 표기됩니다.",
            "id": "sample_037_0026_000009",
            "annotations": [
                {
                    "word": "2025",
                    "start": 31,
                    "end": 35,
                    "label": "준식별자"
                },
                {
                    "word": "11",
                    "start": 36,
                    "end": 38,
                    "label": "준식별자"
                },
                {
                    "word": "20",
                    "start": 31,
                    "end": 33,
                    "label": "준식별자"
                },
                {
                    "word": "20",
                    "start": 39,
                    "end": 41,
                    "label": "준식별자"
                }
            ]
        },
        {
            "sentence": "영상: 복부 초음파(US), 촬영일시 2025-11-20T09:45:00+09:00, 모달리티: US, 해상도 1024x768, DICOM 변환 및 PACS 저장 권장.",
            "id": "sample_037_0026_000010",
            "annotations": [
                {
                    "word": "2025",
                    "start": 21,
                    "end": 25,
                    "label": "준식별자"
                },
                {
                    "word": "11",
                    "start": 26,
                    "end": 28,
                    "label": "준식별자"
                },
                {
                    "word": "20",
                    "start": 21,
                    "end": 23,
                    "label": "준식별자"
                },
                {
                    "word": "20",
                    "start": 29,
                    "end": 31,
                    "label": "준식별자"
                }
            ]
        },
        {
            "sentence": "검사결과 요약: WBC 상승(LOINC: 718-7 매핑 예시), BUN 및 ALT 상승 소견으로 간·신장 관련 추가 평가가 필요합니다.",
            "id": "sample_037_0026_000011",
            "annotations": []
        },
        {
            "sentence": "진단코드: VeNom ID 12345(acute gastroenteritis), SNOMED vet ext 386661006 대응 기재, 감별진단으로 기생충 및 식중독 고려.",
            "id": "sample_037_0026_000012",
            "annotations": []
        },
        {
            "sentence": "치료계획: 입원 관찰, 정맥유체요법(세부 용량은 체중 기준 계산), 항구토제 투여, 감염성 원인 확인 시 항생제 사용은 규제 준수 하에 결정합니다.",
            "id": "sample_037_0026_000013",
            "annotations": []
        },
        {
            "sentence": "약물기록: 항구토제 maropitant 1 mg/kg SC q24h, 시작일 2025-11-20, 기간 3일, 항생제 처방은 현장 감염상태와 공중보건 위험도에 따라 작성합니다.",
            "id": "sample_037_0026_000014",
            "annotations": [
                {
                    "word": "2025",
                    "start": 43,
                    "end": 47,
                    "label": "준식별자"
                },
                {
                    "word": "11",
                    "start": 48,
                    "end": 50,
                    "label": "준식별자"
                },
                {
                    "word": "20",
                    "start": 43,
                    "end": 45,
                    "label": "준식별자"
                },
                {
                    "word": "20",
                    "start": 51,
                    "end": 53,
                    "label": "준식별자"
                }
            ]
        },
        {
            "sentence": "수술/시술 기록: 필요한 경우 위내시경 검사(EGD) 시행 가능, 동의서 및 마취계획은 별도 문서로 관리합니다.",
            "id": "sample_037_0026_000015",
            "annotations": []
        },
        {
            "sentence": "예방접종 기록: 백신명 Rabvac canine, 로트번호 RV-2023-88, 접종일시 2024-03-15T14:00:00+09:00, 접종자 수의사 VET-1001, 경구 금기 사항 확인 완료.",
            "id": "sample_037_0026_000016",
            "annotations": [
                {
                    "word": "2024",
                    "start": 50,
                    "end": 54,
                    "label": "준식별자"
                },
                {
                    "word": "03",
                    "start": 55,
                    "end": 57,
                    "label": "준식별자"
                },
                {
                    "word": "15",
                    "start": 58,
                    "end": 60,
                    "label": "준식별자"
                }
            ]
        },
        {
            "sentence": "역학·생물안전 이벤트: 인수공통감염(zoonosis) 의심되어 보건당국에 보고 준비중이며 관련 샘플은 격리 및 라벨링 하였습니다.",
            "id": "sample_037_0026_000017",
            "annotations": []
        },
        {
            "sentence": "군집 관련 메타데이터: 해당 환자는 가정 내 단독 반려동물로서 군집데이터 해당 없음, 축사나 목장 단위 데이터는 별도 계층으로 저장합니다.",
            "id": "sample_037_0026_000018",
            "annotations": []
        },
        {
            "sentence": "행동 및 영양기록: 현재 권장 사료량은 220 g/일, 섭식 빈도 2회, 활동량 저하 관찰되어 식이조절 계획 권고.",
            "id": "sample_037_0026_000019",
            "annotations": []
        },
        {
            "sentence": "병리보고: 세침흡인 cytology에서 염증성 세포 우세, 배양 필요 시 결과는 LOINC 매핑과 함께 전자보고서에 포함됩니다.",
            "id": "sample_037_0026_000020",
            "annotations": []
        },
        {
            "sentence": "부검(네크롭시) 지침: 인수공통감염 의심 사례는 외부검체 의뢰 및 법정사항 준수 아래 처리합니다.",
            "id": "sample_037_0026_000021",
            "annotations": []
        },
        {
            "sentence": "원격진료(telemedicine) 요약: 전화상담 로그는 시스템에 저장되며 소유자 동의하에 텍스트 및 음성파일이 보관됩니다.",
            "id": "sample_037_0026_000022",
            "annotations": []
        },
        {
            "sentence": "청구 및 보험: 보험청구 ID INS-987654, 청구일 2025-11-21, 근거서류로 검사결과 첨부.",
            "id": "sample_037_0026_000023",
            "annotations": [
                {
                    "word": "2025",
                    "start": 33,
                    "end": 37,
                    "label": "준식별자"
                },
                {
                    "word": "11",
                    "start": 38,
                    "end": 40,
                    "label": "준식별자"
                },
                {
                    "word": "21",
                    "start": 41,
                    "end": 43,
                    "label": "준식별자"
                }
            ]
        },
        {
            "sentence": "동의서: 소유자 동의서에는 개인정보 최소 수집 원칙을 적용하며 서면·전자서명 기록은 암호화하여 저장합니다.",
            "id": "sample_037_0026_000024",
            "annotations": []
        },
        {
            "sentence": "데이터보관 및 접근제어: 의료기록은 지역법 기준에 따라 보존기간을 설정하고, 소유자 개인정보는 암호화된 칼럼으로 분리 저장합니다.",
            "id": "sample_037_0026_000025",
            "annotations": []
        },
        {
            "sentence": "이미지·비디오 파일 관리: 모든 비정형 데이터는 촬영일시, 모달리티, 해상도 메타데이터와 함께 DICOM 또는 표준 컨테이너로 보관합니다.",
            "id": "sample_037_0026_000026",
            "annotations": []
        },
        {
            "sentence": "규제보고: 의심 전염병 또는 항생제 내성 사례는 관련 당국에 전자보고가 필요하며 보고 로그는 추적가능해야 합니다.",
            "id": "sample_037_0026_000027",
            "annotations": []
        },
        {
            "sentence": "윤리적 고지: 본 데이터 생성 및 가공 예시는 개인식별정보 제거 및 법적 요구사항을 준수하여 제작되었습니다.",
            "id": "sample_037_0026_000028",
            "annotations": []
        },
        {
            "sentence": "결론 및 권고: 입원 관찰과 추가 감염학적 검사 권고, 추후 검사 결과에 따라 항생제 사용 여부 결정 및 보건당국 보고서 업데이트 필요.",
            "id": "sample_037_0026_000029",
            "annotations": []
        },
        {
            "sentence": "액션 아이템: 1) 격리 및 샘플 제출 2) 소유자에게 결과 통보 3) 전염병 의심 시 즉시 보건당국 통보(담당 수의사: 조아로).",
            "id": "sample_037_0026_000030",
            "annotations": [
                {
                    "word": "조아로",
                    "start": 68,
                    "end": 71,
                    "label": "개인정보"
                }
            ]
        }
    ]
}