{
    "document_id": "018_0068",
    "document_title": "대형 오피스빌딩 신축공사 시행계획서 및 기술보고서",
    "data": [
        {
            "sentence": "문서 목적: 본 시행계획서는 PRJ-018-0068 대형 오피스빌딩 신축공사의 설계·허가·시공·준공까지의 통합 기술보고서입니다.",
            "id": "sample_018_0068_000001",
            "annotations": []
        },
        {
            "sentence": "프로젝트 위치(site): 서울특별시 강남구 테헤란로 123, 부지 좌표는 37.497942 N, 127.027621 E (WGS84)로 명시합니다.",
            "id": "sample_018_0068_000002",
            "annotations": [
                {
                    "word": "서울특별시 강남구 테헤란로 123",
                    "start": 15,
                    "end": 33,
                    "label": "개인정보"
                },
                {
                    "word": "서울특별시",
                    "start": 15,
                    "end": 20,
                    "label": "준식별자"
                },
                {
                    "word": "강남구",
                    "start": 21,
                    "end": 24,
                    "label": "준식별자"
                }
            ]
        },
        {
            "sentence": "좌표 기준은 WGS84로 통일하였으며, 도로 기준점으로부터의 이격거리와 현장기준점(Control Point)과의 정합성은 별도 표로 관리합니다.",
            "id": "sample_018_0068_000003",
            "annotations": []
        },
        {
            "sentence": "발주처(Owner): 주나라건설(주)이며, 발주처 정보는 계약 및 결재 이력과 연계해 보관합니다.",
            "id": "sample_018_0068_000004",
            "annotations": [
                {
                    "word": "주나라건설",
                    "start": 12,
                    "end": 17,
                    "label": "준식별자"
                }
            ]
        },
        {
            "sentence": "프로젝트 매니저(Project Manager): 유민환이 지정되어 있으며 총괄 의사결정과 설계·시공 인터페이스를 책임집니다.",
            "id": "sample_018_0068_000005",
            "annotations": [
                {
                    "word": "유민환",
                    "start": 27,
                    "end": 30,
                    "label": "개인정보"
                }
            ]
        },
        {
            "sentence": "현장소장(Site Chief): 박아령, 사번 2024-0456으로 내부 인사시스템에 등록되어 현장 운영을 총괄합니다.",
            "id": "sample_018_0068_000006",
            "annotations": [
                {
                    "word": "박아령",
                    "start": 18,
                    "end": 21,
                    "label": "개인정보"
                },
                {
                    "word": "2024-0456",
                    "start": 26,
                    "end": 35,
                    "label": "개인정보"
                }
            ]
        },
        {
            "sentence": "안전담당자(Safety Officer): 홍수빈이 지정되어 사고보고 및 안전교육 이력을 관리합니다.",
            "id": "sample_018_0068_000007",
            "annotations": [
                {
                    "word": "홍수빈",
                    "start": 23,
                    "end": 26,
                    "label": "개인정보"
                }
            ]
        },
        {
            "sentence": "프로젝트 주요 일정: 설계착수일 2023-05-10 (Design v1.0), 건축허가일 2023-11-22 (Permit No. BH-2023-1188).",
            "id": "sample_018_0068_000008",
            "annotations": [
                {
                    "word": "2023",
                    "start": 18,
                    "end": 22,
                    "label": "준식별자"
                },
                {
                    "word": "2023",
                    "start": 50,
                    "end": 54,
                    "label": "준식별자"
                },
                {
                    "word": "2023",
                    "start": 76,
                    "end": 80,
                    "label": "준식별자"
                },
                {
                    "word": "05",
                    "start": 23,
                    "end": 25,
                    "label": "준식별자"
                },
                {
                    "word": "10",
                    "start": 26,
                    "end": 28,
                    "label": "준식별자"
                },
                {
                    "word": "11",
                    "start": 55,
                    "end": 57,
                    "label": "준식별자"
                },
                {
                    "word": "11",
                    "start": 81,
                    "end": 83,
                    "label": "준식별자"
                },
                {
                    "word": "22",
                    "start": 58,
                    "end": 60,
                    "label": "준식별자"
                }
            ]
        },
        {
            "sentence": "착공일(Breakground): 2024-01-15로 확정되었으며 공정 버전은 v2.3으로 관리됩니다.",
            "id": "sample_018_0068_000009",
            "annotations": [
                {
                    "word": "2024",
                    "start": 18,
                    "end": 22,
                    "label": "준식별자"
                },
                {
                    "word": "01",
                    "start": 23,
                    "end": 25,
                    "label": "준식별자"
                },
                {
                    "word": "15",
                    "start": 26,
                    "end": 28,
                    "label": "준식별자"
                }
            ]
        },
        {
            "sentence": "주요 마일스톤: 기초완료 2024-03-20, 구조완성 2024-08-30, 마감 및 준공 예정일 2025-02-28로 계획되었습니다.",
            "id": "sample_018_0068_000010",
            "annotations": [
                {
                    "word": "2024",
                    "start": 14,
                    "end": 18,
                    "label": "준식별자"
                },
                {
                    "word": "2024",
                    "start": 31,
                    "end": 35,
                    "label": "준식별자"
                },
                {
                    "word": "03",
                    "start": 19,
                    "end": 21,
                    "label": "준식별자"
                },
                {
                    "word": "20",
                    "start": 14,
                    "end": 16,
                    "label": "준식별자"
                },
                {
                    "word": "20",
                    "start": 22,
                    "end": 24,
                    "label": "준식별자"
                },
                {
                    "word": "20",
                    "start": 31,
                    "end": 33,
                    "label": "준식별자"
                },
                {
                    "word": "20",
                    "start": 55,
                    "end": 57,
                    "label": "준식별자"
                },
                {
                    "word": "08",
                    "start": 36,
                    "end": 38,
                    "label": "준식별자"
                },
                {
                    "word": "30",
                    "start": 39,
                    "end": 41,
                    "label": "준식별자"
                },
                {
                    "word": "2025",
                    "start": 55,
                    "end": 59,
                    "label": "준식별자"
                },
                {
                    "word": "02",
                    "start": 15,
                    "end": 17,
                    "label": "준식별자"
                },
                {
                    "word": "02",
                    "start": 32,
                    "end": 34,
                    "label": "준식별자"
                },
                {
                    "word": "02",
                    "start": 56,
                    "end": 58,
                    "label": "준식별자"
                },
                {
                    "word": "02",
                    "start": 60,
                    "end": 62,
                    "label": "준식별자"
                },
                {
                    "word": "28",
                    "start": 63,
                    "end": 65,
                    "label": "준식별자"
                }
            ]
        },
        {
            "sentence": "최종 준공일(As-built 확정): 2025-03-15이며 준공도면 버전은 as-built v1.0으로 기록됩니다.",
            "id": "sample_018_0068_000011",
            "annotations": [
                {
                    "word": "2025",
                    "start": 21,
                    "end": 25,
                    "label": "준식별자"
                },
                {
                    "word": "03",
                    "start": 26,
                    "end": 28,
                    "label": "준식별자"
                },
                {
                    "word": "15",
                    "start": 29,
                    "end": 31,
                    "label": "준식별자"
                }
            ]
        },
        {
            "sentence": "재무 요약: 총계약금액(Total Contract Price)은 12,450,000,000원이며 지급일정과 예산배분을 포함해 관리합니다.",
            "id": "sample_018_0068_000012",
            "annotations": [
                {
                    "word": "12,450,000,000원",
                    "start": 36,
                    "end": 51,
                    "label": "기밀정보"
                }
            ]
        },
        {
            "sentence": "예산 상세 산출서: 콘크리트 및 구조공사 2,450,000,000원, 외장·마감 1,850,000,000원, 기계설비 2,300,000,000원으로 분류됩니다.",
            "id": "sample_018_0068_000013",
            "annotations": [
                {
                    "word": "2,450,000,000원",
                    "start": 23,
                    "end": 37,
                    "label": "기밀정보"
                },
                {
                    "word": "1,850,000,000원",
                    "start": 45,
                    "end": 59,
                    "label": "기밀정보"
                },
                {
                    "word": "2,300,000,000원",
                    "start": 66,
                    "end": 80,
                    "label": "기밀정보"
                }
            ]
        },
        {
            "sentence": "지급계좌(업무용): 국민은행 110-123-456789, 예금주: 주나라건설로 표기되어 있으며 금융정보는 재무팀에서 별도 관리합니다.",
            "id": "sample_018_0068_000014",
            "annotations": [
                {
                    "word": "110-123-456789",
                    "start": 16,
                    "end": 30,
                    "label": "기밀정보"
                },
                {
                    "word": "주나라건설",
                    "start": 37,
                    "end": 42,
                    "label": "준식별자"
                }
            ]
        },
        {
            "sentence": "대용량 파일 메타 및 내부 경로: C:\\Projects\\018_0068\\BIM\\model.ifc.v2, 내부 URL: http://intranet.junara.local/project/018_0068에 저장되어 있습니다.",
            "id": "sample_018_0068_000015",
            "annotations": [
                {
                    "word": "C:\\Projects\\018_0068\\BIM\\model.ifc.v2",
                    "start": 19,
                    "end": 56,
                    "label": "기밀정보"
                },
                {
                    "word": "http://intranet.junara.local/project/018_0068",
                    "start": 66,
                    "end": 111,
                    "label": "기밀정보"
                }
            ]
        },
        {
            "sentence": "BIM 메타데이터: 파일명 model.ifc.v2, 형식 IFC, 버전 2.0, 작성일 2023-06-15, 작성팀은 설계팀 vAlpha로 표기합니다.",
            "id": "sample_018_0068_000016",
            "annotations": [
                {
                    "word": "2023",
                    "start": 49,
                    "end": 53,
                    "label": "준식별자"
                },
                {
                    "word": "06",
                    "start": 54,
                    "end": 56,
                    "label": "준식별자"
                },
                {
                    "word": "15",
                    "start": 57,
                    "end": 59,
                    "label": "준식별자"
                }
            ]
        },
        {
            "sentence": "지반조사(Geotech) 요약: 표준관입시험 평균 N-value 12, 최대 28, 지하수위는 약 8.3m로 보고되었습니다.",
            "id": "sample_018_0068_000017",
            "annotations": []
        },
        {
            "sentence": "환경영향평가서(EIA) 참조: 환경부 고시 기준으로 작성된 현장 시료보고서 메타데이터는 EIA-018-2023.pdf로 연결합니다.",
            "id": "sample_018_0068_000018",
            "annotations": []
        },
        {
            "sentence": "변경지시서(Change Order) 요약: CO-2024-003은 외장 마감 변경으로 총변경금액 145,000,000원이 발생하였으며 비용영향분석을 포함합니다.",
            "id": "sample_018_0068_000019",
            "annotations": [
                {
                    "word": "145,000,000원",
                    "start": 54,
                    "end": 66,
                    "label": "기밀정보"
                }
            ]
        },
        {
            "sentence": "비상연락망 및 개인정보 관리: 현장 게시판에는 기본 비상연락망만 게시하고, 개별 연락처는 개인정보로 분리 보관합니다.",
            "id": "sample_018_0068_000020",
            "annotations": []
        },
        {
            "sentence": "사고보고서(Incident Report): 2024-04-02에 발생한 낙하물 사고에 대해 안전담당자 홍수빈이 즉시 현장조치 및 보고를 완료했습니다.",
            "id": "sample_018_0068_000021",
            "annotations": [
                {
                    "word": "2024",
                    "start": 24,
                    "end": 28,
                    "label": "준식별자"
                },
                {
                    "word": "04",
                    "start": 29,
                    "end": 31,
                    "label": "준식별자"
                },
                {
                    "word": "02",
                    "start": 25,
                    "end": 27,
                    "label": "준식별자"
                },
                {
                    "word": "02",
                    "start": 32,
                    "end": 34,
                    "label": "준식별자"
                },
                {
                    "word": "홍수빈",
                    "start": 57,
                    "end": 60,
                    "label": "개인정보"
                }
            ]
        },
        {
            "sentence": "근로자 및 협력사: 총 투입인원 142명이며 주요 협력사는 공하이엔지니어링, 방승천안전관리(계약번호 SUB-2024-12)로 등록되어 있습니다.",
            "id": "sample_018_0068_000022",
            "annotations": [
                {
                    "word": "공하이엔지니어링",
                    "start": 33,
                    "end": 41,
                    "label": "준식별자"
                },
                {
                    "word": "방승천안전관리",
                    "start": 43,
                    "end": 50,
                    "label": "준식별자"
                }
            ]
        },
        {
            "sentence": "드론 촬영 메타: 파일명 DRN_018_20240401_01.jpg, 촬영일 2024-04-01, 해상도 5472x3648, 내부 저장 URL: http://media.local/drone/018/DRN_018_20240401_01.jpg.",
            "id": "sample_018_0068_000023",
            "annotations": [
                {
                    "word": "2024",
                    "start": 22,
                    "end": 26,
                    "label": "준식별자"
                },
                {
                    "word": "2024",
                    "start": 43,
                    "end": 47,
                    "label": "준식별자"
                },
                {
                    "word": "2024",
                    "start": 118,
                    "end": 122,
                    "label": "준식별자"
                },
                {
                    "word": "04",
                    "start": 26,
                    "end": 28,
                    "label": "준식별자"
                },
                {
                    "word": "04",
                    "start": 48,
                    "end": 50,
                    "label": "준식별자"
                },
                {
                    "word": "04",
                    "start": 122,
                    "end": 124,
                    "label": "준식별자"
                },
                {
                    "word": "01",
                    "start": 18,
                    "end": 20,
                    "label": "준식별자"
                },
                {
                    "word": "01",
                    "start": 28,
                    "end": 30,
                    "label": "준식별자"
                },
                {
                    "word": "01",
                    "start": 31,
                    "end": 33,
                    "label": "준식별자"
                },
                {
                    "word": "01",
                    "start": 51,
                    "end": 53,
                    "label": "준식별자"
                },
                {
                    "word": "01",
                    "start": 106,
                    "end": 108,
                    "label": "준식별자"
                },
                {
                    "word": "01",
                    "start": 114,
                    "end": 116,
                    "label": "준식별자"
                },
                {
                    "word": "01",
                    "start": 124,
                    "end": 126,
                    "label": "준식별자"
                },
                {
                    "word": "01",
                    "start": 127,
                    "end": 129,
                    "label": "준식별자"
                },
                {
                    "word": "http://media.local/drone/018/DRN_018_20240401_01.jpg",
                    "start": 81,
                    "end": 133,
                    "label": "기밀정보"
                }
            ]
        },
        {
            "sentence": "현장 계측 데이터: 경사계(tilt) 센서 ID TLT-018-A는 2024-04-01T08:00:00Z부터 1분 간격으로 로깅되며 결측치와 노이즈 패턴을 메타에 기록합니다.",
            "id": "sample_018_0068_000024",
            "annotations": []
        },
        {
            "sentence": "서명 및 결재: 준공 승인 결재자는 유민환이며 전자결재 기록은 내부 시스템에 보관됩니다.",
            "id": "sample_018_0068_000025",
            "annotations": [
                {
                    "word": "유민환",
                    "start": 20,
                    "end": 23,
                    "label": "개인정보"
                }
            ]
        },
        {
            "sentence": "품질시험성적서: 콘크리트 압축강도 시험일 2024-03-18, 성적서 ID LAB-018-0318이 발행되어 품질관리 시스템에 연동됩니다.",
            "id": "sample_018_0068_000026",
            "annotations": [
                {
                    "word": "2024",
                    "start": 23,
                    "end": 27,
                    "label": "준식별자"
                },
                {
                    "word": "03",
                    "start": 28,
                    "end": 30,
                    "label": "준식별자"
                },
                {
                    "word": "03",
                    "start": 50,
                    "end": 52,
                    "label": "준식별자"
                },
                {
                    "word": "18",
                    "start": 31,
                    "end": 33,
                    "label": "준식별자"
                },
                {
                    "word": "18",
                    "start": 47,
                    "end": 49,
                    "label": "준식별자"
                },
                {
                    "word": "18",
                    "start": 52,
                    "end": 54,
                    "label": "준식별자"
                }
            ]
        },
        {
            "sentence": "유지보수 계획: 준공 후 2년간 주요 설비 보증을 제공하며 보증범위와 비용영향은 계약부속서에 정의되어 있습니다.",
            "id": "sample_018_0068_000027",
            "annotations": []
        },
        {
            "sentence": "데이터거버넌스: 바이너리 파일은 메타데이터만 연동하고 원본은 별도 저장소로 분리, 접근통제 정책(CMS 내부문서)을 통해 관리합니다.",
            "id": "sample_018_0068_000028",
            "annotations": []
        },
        {
            "sentence": "현장기준점(Control Point) 검증: CP-01을 기준점으로 BIM 좌표와 지리정합성 검증을 완료했습니다.",
            "id": "sample_018_0068_000029",
            "annotations": []
        },
        {
            "sentence": "첨부 및 액션아이템: 변경지시서 재검토(담당 박아령), 비용영향 재산정(재무팀), 허가서 원본 스캔본을 내부URL로 업로드하고 감사용 메타데이터를 업데이트하십시오.",
            "id": "sample_018_0068_000030",
            "annotations": [
                {
                    "word": "박아령",
                    "start": 25,
                    "end": 28,
                    "label": "개인정보"
                }
            ]
        }
    ]
}