{
    "document_id": "018_0052",
    "document_title": "한솔 강남 복합시설 신축공사 - 시공계획서 및 종합보고",
    "data": [
        {
            "sentence": "프로젝트 문서: '한솔 강남 복합시설 신축공사 - 시공계획서 및 종합보고'.",
            "id": "sample_018_0052_000001",
            "annotations": []
        },
        {
            "sentence": "Project metadata: project_id PRJ-018-0052는 모든 산출물에 일관 적용됩니다.",
            "id": "sample_018_0052_000002",
            "annotations": []
        },
        {
            "sentence": "본 문서는 설계·허가·착공·시공·준공 단계의 주요 산출물을 통합 보고합니다.",
            "id": "sample_018_0052_000003",
            "annotations": []
        },
        {
            "sentence": "목적은 버전관리, 비용추적, 안전관리 및 규제 준수 증빙을 제공하는 것입니다.",
            "id": "sample_018_0052_000004",
            "annotations": []
        },
        {
            "sentence": "주요 이해관계자는 발주처, 시공사, 감리, 지자체 및 하도급사로 구성됩니다.",
            "id": "sample_018_0052_000005",
            "annotations": []
        },
        {
            "sentence": "프로젝트 담당: 현장소장 차지웅, 사번 E-2025-045, 연락처 010-1234-5678, 이메일 cha.jiwung@hansol.co.kr.",
            "id": "sample_018_0052_000006",
            "annotations": [
                {
                    "word": "차지웅",
                    "start": 14,
                    "end": 17,
                    "label": "개인정보"
                },
                {
                    "word": "E-2025-045",
                    "start": 22,
                    "end": 32,
                    "label": "개인정보"
                },
                {
                    "word": "010-1234-5678",
                    "start": 38,
                    "end": 51,
                    "label": "개인정보"
                },
                {
                    "word": "cha.jiwung@hansol.co.kr",
                    "start": 57,
                    "end": 80,
                    "label": "개인정보"
                }
            ]
        },
        {
            "sentence": "안전관리자: 류태혁, 생년월일 1985 06 15, 성별 남, 연락처 010-9876-5432.",
            "id": "sample_018_0052_000007",
            "annotations": [
                {
                    "word": "류태혁",
                    "start": 7,
                    "end": 10,
                    "label": "개인정보"
                },
                {
                    "word": "1985",
                    "start": 17,
                    "end": 21,
                    "label": "준식별자"
                },
                {
                    "word": "06",
                    "start": 22,
                    "end": 24,
                    "label": "준식별자"
                },
                {
                    "word": "15",
                    "start": 25,
                    "end": 27,
                    "label": "준식별자"
                },
                {
                    "word": "남",
                    "start": 32,
                    "end": 33,
                    "label": "준식별자"
                },
                {
                    "word": "010-9876-5432",
                    "start": 39,
                    "end": 52,
                    "label": "개인정보"
                }
            ]
        },
        {
            "sentence": "현장주소: 서울특별시 강남구 테헤란로 123-45 7층.",
            "id": "sample_018_0052_000008",
            "annotations": [
                {
                    "word": "서울특별시 강남구 테헤란로 123-45 7층",
                    "start": 6,
                    "end": 30,
                    "label": "개인정보"
                }
            ]
        },
        {
            "sentence": "시/군/구: 강남구, 현장 좌표 WGS84 위도·경도 37.497922, 127.027583 및 UTM-K 52N 965432.123E 1943123.456N.",
            "id": "sample_018_0052_000009",
            "annotations": [
                {
                    "word": "강남구",
                    "start": 7,
                    "end": 10,
                    "label": "준식별자"
                }
            ]
        },
        {
            "sentence": "설계 버전: ARCH_rev2.1, 도면 파일명 model_v2.ifc, 변경이력 2.1→2.2(2025-03-15).",
            "id": "sample_018_0052_000010",
            "annotations": []
        },
        {
            "sentence": "허가 접수일 2024-11-20, 허가 승인일 2025-01-10, 허가번호 BLD-2025-00987.",
            "id": "sample_018_0052_000011",
            "annotations": []
        },
        {
            "sentence": "착공예정 2025-02-01, 주요 마일스톤: 기초완료 2025-06-10, 골조완료 2026-03-25, 준공예정 2026-11-30.",
            "id": "sample_018_0052_000012",
            "annotations": []
        },
        {
            "sentence": "공정관리 지침에는 콘크리트 양생 버퍼 및 장비 이동 리드타임을 명시하였습니다.",
            "id": "sample_018_0052_000013",
            "annotations": []
        },
        {
            "sentence": "자재명세서 요약: 철근 HRB400 600톤, 콘크리트 C30 3,200㎥, 방수재 4종(상세는 BOM 참조).",
            "id": "sample_018_0052_000014",
            "annotations": []
        },
        {
            "sentence": "하도급사 배치: 하도급사명 건백건설, 계약서 버전 2025-01-v1에는 책임구간 명시.",
            "id": "sample_018_0052_000015",
            "annotations": [
                {
                    "word": "건백건설",
                    "start": 15,
                    "end": 19,
                    "label": "준식별자"
                }
            ]
        },
        {
            "sentence": "변경지시서 CO-2025-012는 기초 설계 변경이며 총 증액 예상액 42,500,000원입니다.",
            "id": "sample_018_0052_000016",
            "annotations": [
                {
                    "word": "42,500,000원",
                    "start": 39,
                    "end": 50,
                    "label": "기밀정보"
                }
            ]
        },
        {
            "sentence": "변경지시서 승인자: 오홍진(감리), 승인일 2025-04-02.",
            "id": "sample_018_0052_000017",
            "annotations": [
                {
                    "word": "오홍진",
                    "start": 11,
                    "end": 14,
                    "label": "개인정보"
                }
            ]
        },
        {
            "sentence": "원가산출서 요약: 직접노무비 1,250,000,000원, 재료비 3,450,000,000원, 장비임차 220,000,000원.",
            "id": "sample_018_0052_000018",
            "annotations": [
                {
                    "word": "1,250,000,000원",
                    "start": 16,
                    "end": 30,
                    "label": "기밀정보"
                },
                {
                    "word": "3,450,000,000원",
                    "start": 36,
                    "end": 50,
                    "label": "기밀정보"
                },
                {
                    "word": "220,000,000원",
                    "start": 57,
                    "end": 69,
                    "label": "기밀정보"
                }
            ]
        },
        {
            "sentence": "결제 조건 요약: 총 계약금액 12,500,000,000원, 지급조건 분할지급 3회로 합의되었습니다.",
            "id": "sample_018_0052_000019",
            "annotations": [
                {
                    "word": "12,500,000,000원",
                    "start": 17,
                    "end": 32,
                    "label": "기밀정보"
                }
            ]
        },
        {
            "sentence": "은행계좌 정보(내부관리): 계좌번호 102-345678-01-001, 예금주 한솔건설.",
            "id": "sample_018_0052_000020",
            "annotations": [
                {
                    "word": "102-345678-01-001",
                    "start": 20,
                    "end": 37,
                    "label": "기밀정보"
                },
                {
                    "word": "한솔건설",
                    "start": 43,
                    "end": 47,
                    "label": "준식별자"
                }
            ]
        },
        {
            "sentence": "내부 리포트 링크 https://intranet.hansol.local/doc/PRJ018/contract.pdf 은 보안구역에 저장되며 서버 IP 10.10.8.12에서 접근 제한됩니다.",
            "id": "sample_018_0052_000021",
            "annotations": [
                {
                    "word": "https://intranet.hansol.local/doc/PRJ018/contract.pdf",
                    "start": 10,
                    "end": 63,
                    "label": "기밀정보"
                },
                {
                    "word": "10.10.8.12",
                    "start": 83,
                    "end": 93,
                    "label": "기밀정보"
                }
            ]
        },
        {
            "sentence": "안전일지 예시 2025-03-10: 근무자 출입 기록 점검, 특이사항 없음, 검사자 지소혜.",
            "id": "sample_018_0052_000022",
            "annotations": [
                {
                    "word": "지소혜",
                    "start": 47,
                    "end": 50,
                    "label": "개인정보"
                }
            ]
        },
        {
            "sentence": "근로자 개인정보는 익명화되어 DB에 보관되며 급여 정보와는 분리해 보안 등급으로 관리합니다.",
            "id": "sample_018_0052_000023",
            "annotations": []
        },
        {
            "sentence": "센서 계측 로그 예시: Tilt-01 2025-03-11T08:00Z 0.12deg, 노이즈 ±0.02deg, 샘플링 10분 간격.",
            "id": "sample_018_0052_000024",
            "annotations": []
        },
        {
            "sentence": "드론촬영 메타: filename DRN_PRJ018_20250312_01.jpg, resolution 5472x3648, 촬영시간 2025-03-12T09:30Z.",
            "id": "sample_018_0052_000025",
            "annotations": []
        },
        {
            "sentence": "BIM 파일 메타와 경로: S:\\\\projects\\\\018\\\\BIM\\\\model_v1.ifc, 최신모델 model_v2.ifc.",
            "id": "sample_018_0052_000026",
            "annotations": [
                {
                    "word": "S:\\\\projects\\\\018\\\\BIM\\\\model_v1.ifc",
                    "start": 15,
                    "end": 51,
                    "label": "기밀정보"
                }
            ]
        },
        {
            "sentence": "지반조사 요약: 지층 A층(점토), N치 5~12, 지하수위 3.8m, 상세보고 참조.",
            "id": "sample_018_0052_000027",
            "annotations": []
        },
        {
            "sentence": "환경영향 요약: 소음 예측 최대 72dB, 오염물질 관리계획 제출 URL https://env.hansol.local/reports/PRJ018.",
            "id": "sample_018_0052_000028",
            "annotations": [
                {
                    "word": "https://env.hansol.local/reports/PRJ018",
                    "start": 41,
                    "end": 80,
                    "label": "기밀정보"
                }
            ]
        },
        {
            "sentence": "감리보고서 서명: 최문정(감리원), 서명일 2025-05-12, 코멘트는 첨부파일 참조.",
            "id": "sample_018_0052_000029",
            "annotations": [
                {
                    "word": "최문정",
                    "start": 10,
                    "end": 13,
                    "label": "개인정보"
                }
            ]
        },
        {
            "sentence": "준공도면 As-built 파일명 PRJ018_AsBuilt_20261130.dwg, 도면 버전 1.0, 보존기간 10년.",
            "id": "sample_018_0052_000030",
            "annotations": []
        },
        {
            "sentence": "프로젝트 식별자 project_id: PRJ-018-0052는 모든 파일명 및 메타데이터에 포함됩니다.",
            "id": "sample_018_0052_000031",
            "annotations": []
        },
        {
            "sentence": "비상연락처(내부관리): 백호산 010-2222-3333, 우도경 010-3333-4444, 연락 우선순위 1·2.",
            "id": "sample_018_0052_000032",
            "annotations": [
                {
                    "word": "백호산",
                    "start": 13,
                    "end": 16,
                    "label": "개인정보"
                },
                {
                    "word": "010-2222-3333",
                    "start": 17,
                    "end": 30,
                    "label": "개인정보"
                },
                {
                    "word": "우도경",
                    "start": 32,
                    "end": 35,
                    "label": "개인정보"
                },
                {
                    "word": "010-3333-4444",
                    "start": 36,
                    "end": 49,
                    "label": "개인정보"
                }
            ]
        },
        {
            "sentence": "조치사항: 변경지시서 반영 후 비용·일정 재검토 및 내부 URL 접근 권한 점검을 수행합니다.",
            "id": "sample_018_0052_000033",
            "annotations": []
        }
    ]
}