{
    "document_id": "018_0040",
    "document_title": "서울 강남역 복합시설 신축공사 종합기술보고서",
    "data": [
        {
            "sentence": "문서 제목과 요약: 프로젝트 PRJ-018-0040는 '서울 강남역 복합시설 신축공사'로, 본 문서는 종합기술보고서와 공정·원가·안전 자료를 포함한다.",
            "id": "sample_018_0040_000001",
            "annotations": []
        },
        {
            "sentence": "project_id는 PRJ-018-0040으로 문서 전체에서 동일하게 사용되며, 좌표계는 WGS84 기준이다.",
            "id": "sample_018_0040_000002",
            "annotations": []
        },
        {
            "sentence": "현장 위치: 서울특별시 강남구 테헤란로 123, 위도 37.497942, 경도 127.027621에 위치하며 관련 환경평가가 연계되어 있다.",
            "id": "sample_018_0040_000003",
            "annotations": [
                {
                    "word": "서울특별시 강남구 테헤란로 123",
                    "start": 7,
                    "end": 25,
                    "label": "준식별자"
                }
            ]
        },
        {
            "sentence": "프로젝트 일정(주요): 설계 완료일 2023-08-15, 건축허가일 2023-10-01, 착공일 2024-01-10, 준공 예정일 2025-12-20.",
            "id": "sample_018_0040_000004",
            "annotations": [
                {
                    "word": "2023-08-15",
                    "start": 20,
                    "end": 30,
                    "label": "준식별자"
                },
                {
                    "word": "2023-10-01",
                    "start": 38,
                    "end": 48,
                    "label": "준식별자"
                },
                {
                    "word": "2024-01-10",
                    "start": 54,
                    "end": 64,
                    "label": "준식별자"
                },
                {
                    "word": "2025-12-20",
                    "start": 73,
                    "end": 83,
                    "label": "준식별자"
                }
            ]
        },
        {
            "sentence": "문서 버전 및 변경이력은 v1.0(초안, 2023-07-01)→v1.2(수정, 2023-09-12)→v2.0(최종, 2024-02-25)로 표기한다.",
            "id": "sample_018_0040_000005",
            "annotations": [
                {
                    "word": "2023-07-01",
                    "start": 23,
                    "end": 33,
                    "label": "준식별자"
                },
                {
                    "word": "2023-09-12",
                    "start": 44,
                    "end": 54,
                    "label": "준식별자"
                },
                {
                    "word": "2024-02-25",
                    "start": 65,
                    "end": 75,
                    "label": "준식별자"
                }
            ]
        },
        {
            "sentence": "예산 요약: 총공사비 총액은 35,400,000,000원으로 계상되었으며, 세부 항목과 집행내역은 내부 감사 대상이다.",
            "id": "sample_018_0040_000006",
            "annotations": [
                {
                    "word": "35,400,000,000원",
                    "start": 16,
                    "end": 31,
                    "label": "기밀정보"
                }
            ]
        },
        {
            "sentence": "변경지시서 예: CO-2024-003는 구조보강 설계변경에 따른 증액 120,000,000원이 승인되었으며, 관련 비용영향은 비용추적표에 반영한다.",
            "id": "sample_018_0040_000007",
            "annotations": [
                {
                    "word": "CO-2024-003",
                    "start": 9,
                    "end": 20,
                    "label": "기밀정보"
                },
                {
                    "word": "120,000,000원",
                    "start": 39,
                    "end": 51,
                    "label": "기밀정보"
                }
            ]
        },
        {
            "sentence": "발주처: 서울로지스개발㈜, 시공사: 삼호건설주식회사, 주요 하도급사 목록은 별첨 참조.",
            "id": "sample_018_0040_000008",
            "annotations": []
        },
        {
            "sentence": "하도급사 현장 책임자 정보: 윤은기, 휴대전화 010-1234-5678, 이메일 eungi.yoon@example.com, 사번 EMP-2024-045, 주민등록번호 850101-1234567.",
            "id": "sample_018_0040_000009",
            "annotations": [
                {
                    "word": "윤은기",
                    "start": 16,
                    "end": 19,
                    "label": "개인정보"
                },
                {
                    "word": "010-1234-5678",
                    "start": 26,
                    "end": 39,
                    "label": "개인정보"
                },
                {
                    "word": "eungi.yoon@example.com",
                    "start": 45,
                    "end": 67,
                    "label": "개인정보"
                },
                {
                    "word": "EMP-2024-045",
                    "start": 72,
                    "end": 84,
                    "label": "개인정보"
                },
                {
                    "word": "850101-1234567",
                    "start": 93,
                    "end": 107,
                    "label": "개인정보"
                }
            ]
        },
        {
            "sentence": "해당 근로자의 생년월일과 성별: 1985-01-01, 남성, 주소(거주) 서울특별시 강남구 역삼동 45-6.",
            "id": "sample_018_0040_000010",
            "annotations": [
                {
                    "word": "1985-01-01",
                    "start": 18,
                    "end": 28,
                    "label": "준식별자"
                },
                {
                    "word": "남성",
                    "start": 30,
                    "end": 32,
                    "label": "준식별자"
                },
                {
                    "word": "서울특별시 강남구 역삼동 45-6",
                    "start": 41,
                    "end": 59,
                    "label": "준식별자"
                }
            ]
        },
        {
            "sentence": "근로자 직무 및 소속: 현장대리인(Construction Manager), 소속 하도급사 대흥건설, 입사일 2022-06-01.",
            "id": "sample_018_0040_000011",
            "annotations": [
                {
                    "word": "대흥건설",
                    "start": 50,
                    "end": 54,
                    "label": "준식별자"
                },
                {
                    "word": "2022-06-01",
                    "start": 60,
                    "end": 70,
                    "label": "준식별자"
                }
            ]
        },
        {
            "sentence": "안전관리 책임자 백지예의 안전점검 승인 기록이 본 문서에 포함되어 있으며, 관련 교육이력은 내부 기록으로 보관된다.",
            "id": "sample_018_0040_000012",
            "annotations": [
                {
                    "word": "백지예",
                    "start": 9,
                    "end": 12,
                    "label": "개인정보"
                }
            ]
        },
        {
            "sentence": "안전일지 요약: 2024-03-12에 발생한 경미한 낙하물 사고 보고가 접수되었으며, 즉시 현장 통제와 재발방지 대책이 시행되었다.",
            "id": "sample_018_0040_000013",
            "annotations": [
                {
                    "word": "2024-03-12",
                    "start": 9,
                    "end": 19,
                    "label": "준식별자"
                }
            ]
        },
        {
            "sentence": "시공공정표 주요 마일스톤: 기초파일 완료 2024-04-15, 골조 착수 2024-08-30, 마감공사 시작 2025-06-10.",
            "id": "sample_018_0040_000014",
            "annotations": [
                {
                    "word": "2024-04-15",
                    "start": 23,
                    "end": 33,
                    "label": "준식별자"
                },
                {
                    "word": "2024-08-30",
                    "start": 41,
                    "end": 51,
                    "label": "준식별자"
                },
                {
                    "word": "2025-06-10",
                    "start": 61,
                    "end": 71,
                    "label": "준식별자"
                }
            ]
        },
        {
            "sentence": "지반조사보고서 메타: 파일명 geotech_PRJ-018_0040_v2.pdf, 보관경로 https://internal.company.local/docs/geotech_PRJ-018_0040_v2.pdf, 발행일 2023-11-20.",
            "id": "sample_018_0040_000015",
            "annotations": [
                {
                    "word": "https://internal.company.local/docs/geotech_PRJ-018_0040_v2.pdf",
                    "start": 50,
                    "end": 113,
                    "label": "기밀정보"
                },
                {
                    "word": "2023-11-20",
                    "start": 119,
                    "end": 129,
                    "label": "준식별자"
                }
            ]
        },
        {
            "sentence": "BIM 메타데이터: 파일명 PRJ-018-0040_model.ifc, 버전 2.1, 내부경로 /mnt/storage/bim/PRJ-018-0040_model_v2.ifc, 체크섬 SHA256:abc123def456...",
            "id": "sample_018_0040_000016",
            "annotations": [
                {
                    "word": "/mnt/storage/bim/PRJ-018-0040_model_v2.ifc",
                    "start": 52,
                    "end": 94,
                    "label": "기밀정보"
                },
                {
                    "word": "SHA256:abc123def456...",
                    "start": 100,
                    "end": 122,
                    "label": "기밀정보"
                }
            ]
        },
        {
            "sentence": "드론사진 메타데이터: 파일명 drone_20240301_01.jpg, GPS 37.497942,127.027621, 촬영일시 2024-03-01T09:15:00Z.",
            "id": "sample_018_0040_000017",
            "annotations": [
                {
                    "word": "2024-03-01T09:15:00Z",
                    "start": 70,
                    "end": 90,
                    "label": "준식별자"
                }
            ]
        },
        {
            "sentence": "센서 계측 메타: 파일 sensor_accel.csv, 장비ID SNR-AX-900, 서버IP 10.10.50.12, 포트 8080, 수집주기 1Hz.",
            "id": "sample_018_0040_000018",
            "annotations": [
                {
                    "word": "SNR-AX-900",
                    "start": 36,
                    "end": 46,
                    "label": "기밀정보"
                },
                {
                    "word": "10.10.50.12",
                    "start": 53,
                    "end": 64,
                    "label": "기밀정보"
                }
            ]
        },
        {
            "sentence": "계측 시계열 예시: 2024-03-01T09:15:00Z, 가속도 0.012g, 온도 9.5°C, 결측치 패턴 및 노이즈 특성이 명시되어 있다.",
            "id": "sample_018_0040_000019",
            "annotations": [
                {
                    "word": "2024-03-01T09:15:00Z",
                    "start": 11,
                    "end": 31,
                    "label": "준식별자"
                }
            ]
        },
        {
            "sentence": "시험성적서: 콘크리트 압축강도 성적서 No. C-2024-097, 발행일 2024-02-20, 발행기관 한국건설재료시험원.",
            "id": "sample_018_0040_000020",
            "annotations": [
                {
                    "word": "2024-02-20",
                    "start": 41,
                    "end": 51,
                    "label": "준식별자"
                }
            ]
        },
        {
            "sentence": "허가서 메타: 허가번호 2023-SEOUL-0897, 발급기관 서울특별시 건축과, 발급일 2023-10-01, 온라인확인 https://e-permit.seoul.go.kr/permits/2023-SEOUL-0897.",
            "id": "sample_018_0040_000021",
            "annotations": [
                {
                    "word": "2023-10-01",
                    "start": 50,
                    "end": 60,
                    "label": "준식별자"
                }
            ]
        },
        {
            "sentence": "내부 결재기록: 승인자 류민하, 승인일 2024-01-05, 내부 파일 경로 /home/approvals/PRJ-018-0040/approval_v3.pdf.",
            "id": "sample_018_0040_000022",
            "annotations": [
                {
                    "word": "류민하",
                    "start": 13,
                    "end": 16,
                    "label": "개인정보"
                },
                {
                    "word": "/home/approvals/PRJ-018-0040/approval_v3.pdf",
                    "start": 43,
                    "end": 87,
                    "label": "기밀정보"
                },
                {
                    "word": "2024-01-05",
                    "start": 22,
                    "end": 32,
                    "label": "준식별자"
                }
            ]
        },
        {
            "sentence": "회계 및 지급내역 요약: 예산 집행 계좌번호 337-04-123456(국민은행)로 집행되었으며, 계좌 정보는 비공개로 취급된다.",
            "id": "sample_018_0040_000023",
            "annotations": [
                {
                    "word": "337-04-123456",
                    "start": 25,
                    "end": 38,
                    "label": "기밀정보"
                }
            ]
        },
        {
            "sentence": "자재명세서(BoM) 예: 레미콘 3,200m3, 철근 SD400 120톤, 주요 공급업체 자격증 및 인증서는 별첨 참조.",
            "id": "sample_018_0040_000024",
            "annotations": []
        },
        {
            "sentence": "장비자산 등록: 굴착기 태그 SN-EXC-00045, 등록일 2024-02-10, 자산관리시스템 내부ID EQP-2024-0012.",
            "id": "sample_018_0040_000025",
            "annotations": [
                {
                    "word": "SN-EXC-00045",
                    "start": 16,
                    "end": 28,
                    "label": "기밀정보"
                },
                {
                    "word": "2024-02-10",
                    "start": 34,
                    "end": 44,
                    "label": "준식별자"
                },
                {
                    "word": "EQP-2024-0012",
                    "start": 59,
                    "end": 72,
                    "label": "기밀정보"
                }
            ]
        },
        {
            "sentence": "변경지시서 이력: CO-2024-003 담당자 임유한, 승인일 2024-03-20, 비용영향 +120,000,000원, 변경사유: 기초앵커 보강.",
            "id": "sample_018_0040_000026",
            "annotations": [
                {
                    "word": "임유한",
                    "start": 26,
                    "end": 29,
                    "label": "개인정보"
                },
                {
                    "word": "2024-03-20",
                    "start": 35,
                    "end": 45,
                    "label": "준식별자"
                },
                {
                    "word": "+120,000,000원",
                    "start": 52,
                    "end": 65,
                    "label": "기밀정보"
                }
            ]
        },
        {
            "sentence": "준공도면(As-built) 메타: 파일명 asbuilt_PRJ-018-0040_rev01.dwg, 공개경로 https://bim-public.example.com/asbuilt_PRJ-018-0040_rev01.dwg, 도면버전 rev01.",
            "id": "sample_018_0040_000027",
            "annotations": []
        },
        {
            "sentence": "품질관리 파일 경로: /mnt/qa/reports/C-2024-097.pdf는 내부 저장소에 보관되어 접근권한이 제한되어 있다.",
            "id": "sample_018_0040_000028",
            "annotations": [
                {
                    "word": "/mnt/qa/reports/C-2024-097.pdf",
                    "start": 12,
                    "end": 42,
                    "label": "기밀정보"
                }
            ]
        },
        {
            "sentence": "프로젝트 변경 로그 최종 수정자 박구현, 타임스탬프 2024-03-22T14:42:10Z, 변경요약은 변경지시서에 링크되어 있다.",
            "id": "sample_018_0040_000029",
            "annotations": [
                {
                    "word": "박구현",
                    "start": 18,
                    "end": 21,
                    "label": "개인정보"
                },
                {
                    "word": "2024-03-22T14:42:10Z",
                    "start": 29,
                    "end": 49,
                    "label": "준식별자"
                }
            ]
        },
        {
            "sentence": "결론 및 조치항목: 안전교육 강화, 변경지시서 전수검토, 내부 파일 백업 및 접근 권한 재검토, 다음 보고서는 2024-04-15에 제출 예정이다.",
            "id": "sample_018_0040_000030",
            "annotations": [
                {
                    "word": "2024-04-15",
                    "start": 62,
                    "end": 72,
                    "label": "준식별자"
                }
            ]
        }
    ]
}