{
    "document_id": "018_0075",
    "document_title": "분당 A-03 복합시설 시공계획서 및 주요 문서",
    "data": [
        {
            "sentence": "Project: project_id PRJ-2025-BD03는 분당 A-03 복합시설 건설공사의 일련 식별자입니다.",
            "id": "sample_018_0075_000001",
            "annotations": []
        },
        {
            "sentence": "문서 제목: 분당 A-03 복합시설 시공계획서 및 주요 자료(Construction Execution Plan).",
            "id": "sample_018_0075_000002",
            "annotations": []
        },
        {
            "sentence": "현장 주소: 경기도 성남시 분당구 정자동 24-6, 상세 위치는 도면과 GIS 좌표에 일치합니다.",
            "id": "sample_018_0075_000003",
            "annotations": [
                {
                    "word": "경기도 성남시 분당구 정자동 24-6",
                    "start": 7,
                    "end": 27,
                    "label": "준식별자"
                }
            ]
        },
        {
            "sentence": "좌표(WGS84): 37.378912, 127.124556로 현장 중심점을 지정했습니다.",
            "id": "sample_018_0075_000004",
            "annotations": []
        },
        {
            "sentence": "발주처(Owner): 주식회사 한빛건설(Hanbit Construction), 연락창구는 계약서 참조입니다.",
            "id": "sample_018_0075_000005",
            "annotations": []
        },
        {
            "sentence": "총 계약금액(Total Contract Value): KRW 42,350,000,000으로 계약서에 명시되어 있습니다.",
            "id": "sample_018_0075_000006",
            "annotations": [
                {
                    "word": "KRW 42,350,000,000",
                    "start": 30,
                    "end": 48,
                    "label": "기밀정보"
                }
            ]
        },
        {
            "sentence": "지급계좌(Payment Account): 123-456-789012 (국민은행, 내부 결제 전용)로 결제 규정에 따라 운용합니다.",
            "id": "sample_018_0075_000007",
            "annotations": [
                {
                    "word": "123-456-789012",
                    "start": 23,
                    "end": 37,
                    "label": "기밀정보"
                }
            ]
        },
        {
            "sentence": "설계 완료(Design Complete) 일자는 2023-11-15이며 버전 v1.3이 기준입니다.",
            "id": "sample_018_0075_000008",
            "annotations": [
                {
                    "word": "2023-11-15",
                    "start": 27,
                    "end": 37,
                    "label": "준식별자"
                }
            ]
        },
        {
            "sentence": "건축허가번호: SNG-2024-0897 및 관련 허가기록은 지자체 문서로 보관합니다.",
            "id": "sample_018_0075_000009",
            "annotations": []
        },
        {
            "sentence": "현장소장(Site Manager): 방유건을 주 담당자로 지정하였으며 시공 총괄 책임을 맡습니다.",
            "id": "sample_018_0075_000010",
            "annotations": [
                {
                    "word": "방유건",
                    "start": 20,
                    "end": 23,
                    "label": "개인정보"
                }
            ]
        },
        {
            "sentence": "현장기술담당(Site Engineer): 천이은이 공정관리와 측량을 책임집니다.",
            "id": "sample_018_0075_000011",
            "annotations": [
                {
                    "word": "천이은",
                    "start": 23,
                    "end": 26,
                    "label": "개인정보"
                }
            ]
        },
        {
            "sentence": "사번(Employee ID): E-20245는 현장 기술자 식별용 내부 사번입니다.",
            "id": "sample_018_0075_000012",
            "annotations": [
                {
                    "word": "E-20245",
                    "start": 17,
                    "end": 24,
                    "label": "개인정보"
                }
            ]
        },
        {
            "sentence": "근로자 개인정보 예시로 생년월일(Birthdate): 1985-07-21이 인사기록에 포함됩니다.",
            "id": "sample_018_0075_000013",
            "annotations": [
                {
                    "word": "1985-07-21",
                    "start": 30,
                    "end": 40,
                    "label": "준식별자"
                }
            ]
        },
        {
            "sentence": "성별(Gender): 남(Male) 표기는 현장 근로자 인원관리 표에 사용됩니다.",
            "id": "sample_018_0075_000014",
            "annotations": [
                {
                    "word": "남",
                    "start": 12,
                    "end": 13,
                    "label": "준식별자"
                }
            ]
        },
        {
            "sentence": "연락처(Contact): 010-5555-0123은 현장 긴급연락망에 등재되어 있습니다.",
            "id": "sample_018_0075_000015",
            "annotations": [
                {
                    "word": "010-5555-0123",
                    "start": 14,
                    "end": 27,
                    "label": "개인정보"
                }
            ]
        },
        {
            "sentence": "이메일(Email): chang@hanbit.co.kr는 발주처 내부 담당자 공식 계정입니다.",
            "id": "sample_018_0075_000016",
            "annotations": [
                {
                    "word": "chang@hanbit.co.kr",
                    "start": 12,
                    "end": 30,
                    "label": "개인정보"
                }
            ]
        },
        {
            "sentence": "사고보고(Incident Report): 2024-06-12에 양채환 근로자 추락, 경미한 골절 1건 발생을 기록했습니다.",
            "id": "sample_018_0075_000017",
            "annotations": [
                {
                    "word": "2024-06-12",
                    "start": 23,
                    "end": 33,
                    "label": "준식별자"
                },
                {
                    "word": "양채환",
                    "start": 35,
                    "end": 38,
                    "label": "개인정보"
                }
            ]
        },
        {
            "sentence": "변경지시서(Change Order): CO-007은 구조보강 항목이며 비용증가 CR: KRW 1,250,000이 발생했습니다.",
            "id": "sample_018_0075_000018",
            "annotations": [
                {
                    "word": "CO-007",
                    "start": 21,
                    "end": 27,
                    "label": "기밀정보"
                },
                {
                    "word": "KRW 1,250,000",
                    "start": 48,
                    "end": 61,
                    "label": "기밀정보"
                }
            ]
        },
        {
            "sentence": "BIM 파일 메타데이터: BD03_v2.ifc, version 2.1, URL: https://internal.hanbit.local/files/BD03_v2.ifc으로 내부저장소에 보관합니다.",
            "id": "sample_018_0075_000019",
            "annotations": [
                {
                    "word": "https://internal.hanbit.local/files/BD03_v2.ifc",
                    "start": 45,
                    "end": 92,
                    "label": "기밀정보"
                }
            ]
        },
        {
            "sentence": "드론영상 메타: BD03_DRN_20240630.mp4, 촬영자: 허해윤, 해상도 4K, 프레임 30fps로 기록합니다.",
            "id": "sample_018_0075_000020",
            "annotations": [
                {
                    "word": "허해윤",
                    "start": 37,
                    "end": 40,
                    "label": "개인정보"
                }
            ]
        },
        {
            "sentence": "지반조사보고서(Geotech): 표층 N-value 평균 12, 연약층 발견 구간에 보강 권고가 포함됩니다.",
            "id": "sample_018_0075_000021",
            "annotations": []
        },
        {
            "sentence": "환경영향평가(EIA): 소음·분진 영향 반경 300m, 저감대책을 설계에 반영했습니다.",
            "id": "sample_018_0075_000022",
            "annotations": []
        },
        {
            "sentence": "계측데이터(인클리노미터): 2024-07-01T08:00:00Z 기준 tilt 0.12° 기록이 시계열로 저장됩니다.",
            "id": "sample_018_0075_000023",
            "annotations": [
                {
                    "word": "2024-07-01T08:00:00Z",
                    "start": 15,
                    "end": 35,
                    "label": "준식별자"
                }
            ]
        },
        {
            "sentence": "준공도면(As-built): BD03_AsBuilt_20250731.dwg, 최종버전 v1.0, 준공일자 2025-07-31로 문서관리에 등록했습니다.",
            "id": "sample_018_0075_000024",
            "annotations": [
                {
                    "word": "2025-07-31",
                    "start": 59,
                    "end": 69,
                    "label": "준식별자"
                }
            ]
        },
        {
            "sentence": "시험성적서(Test Report): 콘크리트 압축강도 평균 32MPa, 시험일자 2024-05-20로 표기되었습니다.",
            "id": "sample_018_0075_000025",
            "annotations": [
                {
                    "word": "2024-05-20",
                    "start": 45,
                    "end": 55,
                    "label": "준식별자"
                }
            ]
        },
        {
            "sentence": "법적 준수사항: 산업안전보건법 및 지역 건축법을 준수하며 증빙 URL을 프로젝트 폴더에 첨부합니다.",
            "id": "sample_018_0075_000026",
            "annotations": []
        },
        {
            "sentence": "검토승인(Approval): 품질팀장 전규상은 전자서명 ID sig-9087로 문서를 승인하였습니다.",
            "id": "sample_018_0075_000027",
            "annotations": [
                {
                    "word": "전규상",
                    "start": 21,
                    "end": 24,
                    "label": "개인정보"
                },
                {
                    "word": "sig-9087",
                    "start": 34,
                    "end": 42,
                    "label": "기밀정보"
                }
            ]
        },
        {
            "sentence": "향후 조치(Action Items): 변경비 산출서 제출, 안전대책 보완, 차기검사 예정일 2024-08-15를 공지합니다.",
            "id": "sample_018_0075_000028",
            "annotations": [
                {
                    "word": "2024-08-15",
                    "start": 51,
                    "end": 61,
                    "label": "준식별자"
                }
            ]
        }
    ]
}