{
    "document_id": "018_0058",
    "document_title": "PRJ-2025-011 역삼동 복합시설 시공계획서 및 현황보고",
    "data": [
        {
            "sentence": "프로젝트 ID PRJ-2025-011은 주관사 주식회사 한빛건설이 발주한 역삼동 복합시설 신축공사입니다.",
            "id": "sample_018_0058_000001",
            "annotations": []
        },
        {
            "sentence": "현장 주소는 서울특별시 강남구 역삼동 123-45이며 좌표는 WGS84 기준 37.4975, 127.0276로 기록되어 있습니다.",
            "id": "sample_018_0058_000002",
            "annotations": [
                {
                    "word": "서울특별시 강남구 역삼동 123-45",
                    "start": 7,
                    "end": 27,
                    "label": "개인정보"
                },
                {
                    "word": "서울특별시",
                    "start": 7,
                    "end": 12,
                    "label": "준식별자"
                },
                {
                    "word": "강남구",
                    "start": 13,
                    "end": 16,
                    "label": "준식별자"
                },
                {
                    "word": "역삼동",
                    "start": 17,
                    "end": 20,
                    "label": "준식별자"
                }
            ]
        },
        {
            "sentence": "현장 좌표는 설계도상의 기준점 및 지하시설물 정합성을 위해도면과 GIS 좌표계를 일치시켜 관리하고 있습니다.",
            "id": "sample_018_0058_000003",
            "annotations": []
        },
        {
            "sentence": "프로젝트 매니저(Project Manager): 전이솜, 연락처 010-5555-1212, 이메일 jeon.123@company.example로 의사결정 라인이 설정되어 있습니다.",
            "id": "sample_018_0058_000004",
            "annotations": [
                {
                    "word": "전이솜",
                    "start": 27,
                    "end": 30,
                    "label": "개인정보"
                },
                {
                    "word": "010-5555-1212",
                    "start": 36,
                    "end": 49,
                    "label": "개인정보"
                },
                {
                    "word": "jeon.123@company.example",
                    "start": 55,
                    "end": 79,
                    "label": "개인정보"
                }
            ]
        },
        {
            "sentence": "현장감리 담당자: 손재운, 소속 감리팀, 사번 EMP-0098로 내부 결재 및 책임 소재에 표기됩니다.",
            "id": "sample_018_0058_000005",
            "annotations": [
                {
                    "word": "손재운",
                    "start": 10,
                    "end": 13,
                    "label": "개인정보"
                },
                {
                    "word": "EMP-0098",
                    "start": 26,
                    "end": 34,
                    "label": "개인정보"
                }
            ]
        },
        {
            "sentence": "안전 관련 사고 보고서 요약에는 작업자 류정서가 경미한 부상을 입었으며, 등록된 생년월일은 1986-07-12입니다.",
            "id": "sample_018_0058_000006",
            "annotations": [
                {
                    "word": "류정서",
                    "start": 22,
                    "end": 25,
                    "label": "개인정보"
                },
                {
                    "word": "1986",
                    "start": 51,
                    "end": 55,
                    "label": "준식별자"
                },
                {
                    "word": "07",
                    "start": 56,
                    "end": 58,
                    "label": "준식별자"
                },
                {
                    "word": "12",
                    "start": 59,
                    "end": 61,
                    "label": "준식별자"
                }
            ]
        },
        {
            "sentence": "사고 당시 기록에는 성별이 '남'으로 표기되어 즉각적인 응급조치 및 추적관리를 시행했습니다.",
            "id": "sample_018_0058_000007",
            "annotations": [
                {
                    "word": "남",
                    "start": 16,
                    "end": 17,
                    "label": "준식별자"
                }
            ]
        },
        {
            "sentence": "계약서 지급용 계좌 정보는 국민은행 203-04-123456(예금주 주식회사 한빛건설)로 명시되어 있습니다.",
            "id": "sample_018_0058_000008",
            "annotations": [
                {
                    "word": "203-04-123456",
                    "start": 20,
                    "end": 33,
                    "label": "기밀정보"
                }
            ]
        },
        {
            "sentence": "BIM 모델 메타데이터: 파일명 HB_PROJECT_v1.ifc, 버전 v1, 내부 저장소 URL https://internal.bim.hbcorp.local/prj/PRJ-2025-011/HB_PROJECT_v1.ifc로 관리합니다.",
            "id": "sample_018_0058_000009",
            "annotations": [
                {
                    "word": "https://internal.bim.hbcorp.local/prj/PRJ-2025-011/HB_PROJECT_v1.ifc",
                    "start": 55,
                    "end": 123,
                    "label": "기밀정보"
                }
            ]
        },
        {
            "sentence": "건축허가증은 허가번호 AP-2024-0911로 발급되었으며 공개 허가 문서는 시청 데이터포털에 등록되어 있습니다.",
            "id": "sample_018_0058_000010",
            "annotations": []
        },
        {
            "sentence": "공정 일정은 설계(2024-05-10 착수) → 허가(2024-11-13 승인) → 착공(2025-02-02) → 주요 마일스톤(골조 2025-08-15) → 준공(2026-01-28) 순으로 계획되어 있습니다.",
            "id": "sample_018_0058_000011",
            "annotations": []
        },
        {
            "sentence": "변경지시서 CO-003은 구조보강 요청으로 비용 증감 +KRW 38,500,000이 발생하였고 승인자는 주보현으로 기록되었습니다.",
            "id": "sample_018_0058_000012",
            "annotations": [
                {
                    "word": "+KRW 38,500,000",
                    "start": 30,
                    "end": 45,
                    "label": "기밀정보"
                },
                {
                    "word": "주보현",
                    "start": 58,
                    "end": 61,
                    "label": "개인정보"
                }
            ]
        },
        {
            "sentence": "지반조사 BH-01 보고서 요약: 시추심도 18.5m, N-value 평균 12, 침투파속도 등 세부값은 별첨 지반보고서에 정리되어 있습니다.",
            "id": "sample_018_0058_000013",
            "annotations": []
        },
        {
            "sentence": "계측 관측 데이터 샘플: 2025-03-21T09:15:00Z 경사계 tilt=0.12deg, 온도 5.4°C, 습도 62%이며 결측률은 관측기간 평균 1%입니다.",
            "id": "sample_018_0058_000014",
            "annotations": []
        },
        {
            "sentence": "드론 사진 메타데이터: 파일 20250320_0830.jpg, 해상도 5472x3648, 공개 CDN https://cdn.hbsite.com/drone/PRJ-2025-011/20250320_0830.jpg에 보관되어 있습니다.",
            "id": "sample_018_0058_000015",
            "annotations": []
        },
        {
            "sentence": "현장 카메라 스트리밍 서버는 사내망에 위치하며 할당된 내부 IP는 10.8.32.11입니다.",
            "id": "sample_018_0058_000016",
            "annotations": [
                {
                    "word": "10.8.32.11",
                    "start": 37,
                    "end": 47,
                    "label": "기밀정보"
                }
            ]
        },
        {
            "sentence": "실시간 스트리밍과 내부 시스템 접근은 사내 VPN을 통해서만 가능하며 접근 URL은 https://vpn.hbcorp.internal 입니다.",
            "id": "sample_018_0058_000017",
            "annotations": [
                {
                    "word": "https://vpn.hbcorp.internal",
                    "start": 47,
                    "end": 74,
                    "label": "기밀정보"
                }
            ]
        },
        {
            "sentence": "하도급사는 주식회사 태성건설이며 현장 연락책은 안보리로 지정되어 하도급 이행과 안전관리 책임을 집니다.",
            "id": "sample_018_0058_000018",
            "annotations": [
                {
                    "word": "안보리",
                    "start": 26,
                    "end": 29,
                    "label": "개인정보"
                }
            ]
        },
        {
            "sentence": "하도급사 비상연락처는 010-3333-7777로 긴급연락망에 등록되어 있고 전달체계에 포함되어 있습니다.",
            "id": "sample_018_0058_000019",
            "annotations": [
                {
                    "word": "010-3333-7777",
                    "start": 12,
                    "end": 25,
                    "label": "개인정보"
                }
            ]
        },
        {
            "sentence": "내부 결재기록에는 승인자 원동균(원동균@hbcorp.internal)이 명시되어 있으며 관련 이력은 전사 결재시스템에 보관됩니다.",
            "id": "sample_018_0058_000020",
            "annotations": [
                {
                    "word": "원동균",
                    "start": 14,
                    "end": 17,
                    "label": "개인정보"
                },
                {
                    "word": "원동균",
                    "start": 18,
                    "end": 21,
                    "label": "개인정보"
                },
                {
                    "word": "원동균@hbcorp.internal",
                    "start": 18,
                    "end": 37,
                    "label": "개인정보"
                }
            ]
        },
        {
            "sentence": "준공도면(As-built) 파일은 ASBUILT_PRJ-2025-011_v2.dwg로 명명되었고 도면 버전 관리 히스토리가 포함되어 있습니다.",
            "id": "sample_018_0058_000021",
            "annotations": []
        },
        {
            "sentence": "환경영향평가서 및 대기·소음 준수 문서는 공공자료와 내부검토자료를 구분하여 보존하고 담당자 검토 기록을 유지합니다.",
            "id": "sample_018_0058_000022",
            "annotations": []
        },
        {
            "sentence": "현장 안전 교육 및 품질관리 담당자는 채지효이며 비상연락망에는 비상연락 010-9999-0001이 등재되어 있습니다.",
            "id": "sample_018_0058_000023",
            "annotations": [
                {
                    "word": "채지효",
                    "start": 21,
                    "end": 24,
                    "label": "개인정보"
                },
                {
                    "word": "010-9999-0001",
                    "start": 40,
                    "end": 53,
                    "label": "개인정보"
                }
            ]
        },
        {
            "sentence": "계약서 및 하도급 계약서는 법적 보존기간에 따라 암호화 저장되며 접근은 권한부여 절차와 감사로그를 통해 통제됩니다.",
            "id": "sample_018_0058_000024",
            "annotations": []
        },
        {
            "sentence": "문서의 변경이력과 책임자 표기는 항상 project_id PRJ-2025-011을 기준으로 참조 무결성을 유지하도록 관리합니다.",
            "id": "sample_018_0058_000025",
            "annotations": []
        }
    ]
}