{
    "document_id": "018_0084",
    "document_title": "PRJ-2024-0184 통합 공사관리 및 변경이력 보고서",
    "data": [
        {
            "sentence": "문서 개요: 본 보고서는 PRJ-2024-0184 프로젝트의 메타데이터, 계약·변경·검사 이력, 도면·BIM 메타정보, 센서・계측 시계열과 안전보고서 등을 통합 서술합니다.",
            "id": "sample_018_0084_000001",
            "annotations": []
        },
        {
            "sentence": "프로젝트 기본정보: project_id는 PRJ-2024-0184이며 현장 위치는 서울특별시 강남구 역삼동 735-21로 등록되어 있으며 좌표와 지형보고서와 연계 관리됩니다.",
            "id": "sample_018_0084_000002",
            "annotations": [
                {
                    "word": "서울특별시",
                    "start": 46,
                    "end": 51,
                    "label": "준식별자"
                },
                {
                    "word": "강남구",
                    "start": 52,
                    "end": 55,
                    "label": "준식별자"
                },
                {
                    "word": "역삼동",
                    "start": 56,
                    "end": 59,
                    "label": "준식별자"
                }
            ]
        },
        {
            "sentence": "재무 개요: 본 공사의 계약상 총공사비는 34,500,000,000원으로 예산·지급 로그 및 변경지시서와 연계되어 회계 감사 대상입니다.",
            "id": "sample_018_0084_000003",
            "annotations": [
                {
                    "word": "34,500,000,000원",
                    "start": 23,
                    "end": 38,
                    "label": "기밀정보"
                }
            ]
        },
        {
            "sentence": "내부문서 저장소: 핵심 결재문서와 변경지시서 초안은 http://intranet.corp.local/projects/PRJ-2024-0184 에 보관되어 접근 로그가 감사 대상입니다.",
            "id": "sample_018_0084_000004",
            "annotations": [
                {
                    "word": "http://intranet.corp.local/projects/PRJ-2024-0184",
                    "start": 29,
                    "end": 78,
                    "label": "기밀정보"
                }
            ]
        },
        {
            "sentence": "인프라 정보: 현장 파일서버는 사내 전용망에 연결된 10.10.5.12 로 식별되며 대용량 BIM/CAD 파일의 버전관리가 이루어집니다.",
            "id": "sample_018_0084_000005",
            "annotations": [
                {
                    "word": "10.10.5.12",
                    "start": 29,
                    "end": 39,
                    "label": "기밀정보"
                }
            ]
        },
        {
            "sentence": "조직 및 연락: 현장소장은 심봉수이며 내부 사번 E20241001 로 등록되어 있고 비상연락처 010-1234-5678 및 이메일 sbs@construct.co.kr 로 통신됩니다.",
            "id": "sample_018_0084_000006",
            "annotations": [
                {
                    "word": "심봉수",
                    "start": 15,
                    "end": 18,
                    "label": "개인정보"
                },
                {
                    "word": "E20241001",
                    "start": 27,
                    "end": 36,
                    "label": "개인정보"
                },
                {
                    "word": "010-1234-5678",
                    "start": 53,
                    "end": 66,
                    "label": "개인정보"
                },
                {
                    "word": "sbs@construct.co.kr",
                    "start": 73,
                    "end": 92,
                    "label": "개인정보"
                }
            ]
        },
        {
            "sentence": "안전관리: 안전담당은 한선빈(사번 H20241177)이며 현장 안전 이슈 신고용 핫라인 010-8765-4321 과 이메일 hse.han@construct.co.kr 을 운영합니다.",
            "id": "sample_018_0084_000007",
            "annotations": [
                {
                    "word": "한선빈",
                    "start": 12,
                    "end": 15,
                    "label": "개인정보"
                },
                {
                    "word": "H20241177",
                    "start": 19,
                    "end": 28,
                    "label": "개인정보"
                },
                {
                    "word": "010-8765-4321",
                    "start": 49,
                    "end": 62,
                    "label": "개인정보"
                },
                {
                    "word": "hse.han@construct.co.kr",
                    "start": 69,
                    "end": 92,
                    "label": "개인정보"
                }
            ]
        },
        {
            "sentence": "사고보고: 2024-03-02에 작업 중 근로자 오도겸이 발목 골절을 보고하였으며 해당 근로자의 기초정보(생년월일 1982-07-15)는 현장 안전기록에 보관됩니다.",
            "id": "sample_018_0084_000008",
            "annotations": [
                {
                    "word": "2024",
                    "start": 6,
                    "end": 10,
                    "label": "준식별자"
                },
                {
                    "word": "03",
                    "start": 11,
                    "end": 13,
                    "label": "준식별자"
                },
                {
                    "word": "02",
                    "start": 7,
                    "end": 9,
                    "label": "준식별자"
                },
                {
                    "word": "02",
                    "start": 14,
                    "end": 16,
                    "label": "준식별자"
                },
                {
                    "word": "오도겸",
                    "start": 27,
                    "end": 30,
                    "label": "개인정보"
                },
                {
                    "word": "1982",
                    "start": 64,
                    "end": 68,
                    "label": "준식별자"
                },
                {
                    "word": "07",
                    "start": 69,
                    "end": 71,
                    "label": "준식별자"
                },
                {
                    "word": "15",
                    "start": 72,
                    "end": 74,
                    "label": "준식별자"
                }
            ]
        },
        {
            "sentence": "변경관리: Change Order CO-005는 전채민이 승인하였고 공사비 증액 영향액은 45,000,000원으로 예산 변동 로그에 반영되었습니다.",
            "id": "sample_018_0084_000009",
            "annotations": [
                {
                    "word": "전채민",
                    "start": 27,
                    "end": 30,
                    "label": "개인정보"
                },
                {
                    "word": "45,000,000원",
                    "start": 50,
                    "end": 61,
                    "label": "기밀정보"
                }
            ]
        },
        {
            "sentence": "설계데이터: 주요 BIM 파일명은 PRJ-2024-0184_v1.ifc 이며 내부 파일저장소 경로는 http://files.corp.local/bim/PRJ-2024-0184_v1.ifc 로 버전 1이 보관되어 있습니다.",
            "id": "sample_018_0084_000010",
            "annotations": [
                {
                    "word": "http://files.corp.local/bim/PRJ-2024-0184_v1.ifc",
                    "start": 56,
                    "end": 104,
                    "label": "기밀정보"
                }
            ]
        },
        {
            "sentence": "공정일정: 설계완료는 2023-10-15, 허가일은 2023-12-01, 착공일은 2024-01-10, 준공예정은 2025-11-30 로 간트차트에 기록되어 있습니다.",
            "id": "sample_018_0084_000011",
            "annotations": [
                {
                    "word": "2023",
                    "start": 12,
                    "end": 16,
                    "label": "준식별자"
                },
                {
                    "word": "2023",
                    "start": 29,
                    "end": 33,
                    "label": "준식별자"
                },
                {
                    "word": "10",
                    "start": 17,
                    "end": 19,
                    "label": "준식별자"
                },
                {
                    "word": "10",
                    "start": 54,
                    "end": 56,
                    "label": "준식별자"
                },
                {
                    "word": "15",
                    "start": 20,
                    "end": 22,
                    "label": "준식별자"
                },
                {
                    "word": "12",
                    "start": 34,
                    "end": 36,
                    "label": "준식별자"
                },
                {
                    "word": "01",
                    "start": 37,
                    "end": 39,
                    "label": "준식별자"
                },
                {
                    "word": "01",
                    "start": 51,
                    "end": 53,
                    "label": "준식별자"
                },
                {
                    "word": "2024",
                    "start": 46,
                    "end": 50,
                    "label": "준식별자"
                },
                {
                    "word": "2025",
                    "start": 64,
                    "end": 68,
                    "label": "준식별자"
                },
                {
                    "word": "11",
                    "start": 69,
                    "end": 71,
                    "label": "준식별자"
                },
                {
                    "word": "30",
                    "start": 72,
                    "end": 74,
                    "label": "준식별자"
                }
            ]
        },
        {
            "sentence": "원가·자재: 자재명세서(BoM)는 품목별 단가, 공급업체, 인증서 링크를 포함하여 버전별 비교가 가능하도록 관리됩니다.",
            "id": "sample_018_0084_000012",
            "annotations": []
        },
        {
            "sentence": "지반조사: 지반조사보고서(Geotech)는 시추로그, 연직전단강도, 지내력시험 결과를 포함하며 BIM과 좌표 기반으로 연동됩니다.",
            "id": "sample_018_0084_000013",
            "annotations": []
        },
        {
            "sentence": "환경평가: 환경영향평가(EIA) 요약에는 소음·분진 기준치와 완화대책이 포함되고 관련 증빙은 별도 첨부파일로 보관됩니다.",
            "id": "sample_018_0084_000014",
            "annotations": []
        },
        {
            "sentence": "계측데이터: 기초파일(엔지니어링계측)은 타임스탬프 기준 오름차순으로 정렬된 센서 데이터(변위·진동·온습도)를 포함하며 결측치 패턴도 로그됩니다.",
            "id": "sample_018_0084_000015",
            "annotations": []
        },
        {
            "sentence": "드론/사진: 드론사진은 filename, 촬영일시, 해상도, URL 메타데이터만 제공하며 실제 바이너리는 중앙저장소에서 별도 관리됩니다.",
            "id": "sample_018_0084_000016",
            "annotations": []
        },
        {
            "sentence": "준공도면(As-built): 준공도면은 IFC 및 DWG 버전으로 저장되고 도면명, 버전, 작성자, 검토자 이력이 메타데이터로 포함됩니다.",
            "id": "sample_018_0084_000017",
            "annotations": []
        },
        {
            "sentence": "지급지시: 하도급사 지급은 계약서에 명시된 절차에 따라 진행되며 지급계좌 정보(주식회사 고려건설 계좌번호 123-456-789012)는 회계팀에 제출됩니다.",
            "id": "sample_018_0084_000018",
            "annotations": [
                {
                    "word": "123-456-789012",
                    "start": 59,
                    "end": 73,
                    "label": "기밀정보"
                }
            ]
        },
        {
            "sentence": "법규준수: 산업안전보건법 및 지역별 건축허가 규정 준수를 위한 필수 체크리스트와 증빙 URL이 본 시스템에 연결되어 있습니다.",
            "id": "sample_018_0084_000019",
            "annotations": []
        },
        {
            "sentence": "리스크관리: 주요 리스크 항목은 품질·안전·지연·비용으로 분류하였고 우선순위와 책임자를 지정하여 주간 모니터링합니다.",
            "id": "sample_018_0084_000020",
            "annotations": []
        },
        {
            "sentence": "회의록: 2024-02-14자로 기록된 핵심 회의 참가자는 공슬기, 민효림, 채혜경이며 행동항목과 책임구분이 기록되어 있습니다.",
            "id": "sample_018_0084_000021",
            "annotations": [
                {
                    "word": "공슬기",
                    "start": 33,
                    "end": 36,
                    "label": "개인정보"
                },
                {
                    "word": "민효림",
                    "start": 38,
                    "end": 41,
                    "label": "개인정보"
                },
                {
                    "word": "채혜경",
                    "start": 43,
                    "end": 46,
                    "label": "개인정보"
                }
            ]
        },
        {
            "sentence": "검사성적서: 품질검사에서는 검사자 주수범에 의해 승인된 시편시험 보고서를 첨부하고 결과값과 기준치 비교표를 포함합니다.",
            "id": "sample_018_0084_000022",
            "annotations": [
                {
                    "word": "주수범",
                    "start": 19,
                    "end": 22,
                    "label": "개인정보"
                }
            ]
        },
        {
            "sentence": "장비배치: 크레인 및 가시설 중심 좌표는 WGS84로 표기(위도 37.499123 경도 127.035456)하며 설치 위치와 안전거리 계산이 병행됩니다.",
            "id": "sample_018_0084_000023",
            "annotations": []
        },
        {
            "sentence": "계측 샘플: 센서타임스탬프 예시(2024-02-28T08:00:00Z)는 로그에 저장되며 누락값은 NaN 표기로 표준화됩니다.",
            "id": "sample_018_0084_000024",
            "annotations": []
        },
        {
            "sentence": "문서보존정책: 법적 보존기간과 내부 감사기준에 따라 안전보고서, 검사성적서, 계약원본은 별도 암호화 저장소에 보관합니다.",
            "id": "sample_018_0084_000025",
            "annotations": []
        },
        {
            "sentence": "조치사항: 다음 주까지 준공도 검토를 책임질 담당자로 원영태와 진채율을 지정하였으며 세부 일정은 별도 배포합니다.",
            "id": "sample_018_0084_000026",
            "annotations": [
                {
                    "word": "원영태",
                    "start": 30,
                    "end": 33,
                    "label": "개인정보"
                },
                {
                    "word": "진채율",
                    "start": 35,
                    "end": 38,
                    "label": "개인정보"
                }
            ]
        },
        {
            "sentence": "대외협력: 지역주민 문의 대응은 공공담당자 명의의 일반 연락처와 공용 이메일(contact@kokoroconst.co.kr)을 통해 처리합니다.",
            "id": "sample_018_0084_000027",
            "annotations": []
        },
        {
            "sentence": "감사로그: 시스템 상의 변경 이력은 사용자ID, 변경일시, 변경내용으로 기록되며 접근권한이 있는 사용자만 조회 가능합니다.",
            "id": "sample_018_0084_000028",
            "annotations": []
        },
        {
            "sentence": "결론: 본 문서는 추적가능성 확보와 법규준수를 목표로 하며 향후 변경관리 절차 개선안을 반영하여 버전 관리를 지속합니다.",
            "id": "sample_018_0084_000029",
            "annotations": []
        },
        {
            "sentence": "버전이력: 본 보고서는 v1.3이며 최근 수정자 손예권이 변경사항 요약을 기재하였고 세부 변경내역은 변경로그에 보관되어 있습니다.",
            "id": "sample_018_0084_000030",
            "annotations": [
                {
                    "word": "손예권",
                    "start": 27,
                    "end": 30,
                    "label": "개인정보"
                }
            ]
        }
    ]
}