{
    "document_id": "018_0010",
    "document_title": "분당 야탑동 복합시설 신축공사 통합보고서",
    "data": [
        {
            "sentence": "프로젝트 개요: project_id PRJ-018-0010, 명칭 '분당 야탑동 복합시설 신축공사', 본 문서는 설계·시공·준공까지 주요 문서와 데이터 메타정보를 통합 제공한다.",
            "id": "sample_018_0010_000001",
            "annotations": []
        },
        {
            "sentence": "현장 위치: 경기도 성남시 분당구 야탑동 123-45, 좌표 WGS84 위도 37.378560, 경도 127.123450.",
            "id": "sample_018_0010_000002",
            "annotations": [
                {
                    "word": "경기도 성남시 분당구 야탑동 123-45",
                    "start": 7,
                    "end": 29,
                    "label": "개인정보"
                },
                {
                    "word": "경기도",
                    "start": 7,
                    "end": 10,
                    "label": "준식별자"
                },
                {
                    "word": "성남시",
                    "start": 11,
                    "end": 14,
                    "label": "준식별자"
                },
                {
                    "word": "분당구",
                    "start": 15,
                    "end": 18,
                    "label": "준식별자"
                },
                {
                    "word": "야탑동",
                    "start": 19,
                    "end": 22,
                    "label": "준식별자"
                }
            ]
        },
        {
            "sentence": "프로젝트 매니저(PM)는 안명성이며, 연락처 010-1234-5678, 이메일 pm_an@example.com, 내부사번 S20240123으로 통신 및 결재 담당이다.",
            "id": "sample_018_0010_000003",
            "annotations": [
                {
                    "word": "안명성",
                    "start": 14,
                    "end": 17,
                    "label": "개인정보"
                },
                {
                    "word": "010-1234-5678",
                    "start": 25,
                    "end": 38,
                    "label": "개인정보"
                },
                {
                    "word": "pm_an@example.com",
                    "start": 44,
                    "end": 61,
                    "label": "개인정보"
                },
                {
                    "word": "S20240123",
                    "start": 68,
                    "end": 77,
                    "label": "개인정보"
                }
            ]
        },
        {
            "sentence": "발주처 결재자 정보: 손제민이 최종 승인권자이며, 내부 결재선에 따라 결재가 진행되었다.",
            "id": "sample_018_0010_000004",
            "annotations": [
                {
                    "word": "손제민",
                    "start": 12,
                    "end": 15,
                    "label": "개인정보"
                }
            ]
        },
        {
            "sentence": "계약 및 결제: 총 계약금액 KRW 12,450,000,000이며 지급계좌는 301-012345-6789로 설정되어 있다.",
            "id": "sample_018_0010_000005",
            "annotations": [
                {
                    "word": "KRW 12,450,000,000",
                    "start": 16,
                    "end": 34,
                    "label": "기밀정보"
                },
                {
                    "word": "301-012345-6789",
                    "start": 43,
                    "end": 58,
                    "label": "기밀정보"
                }
            ]
        },
        {
            "sentence": "주요 하도급사는 품목·금액별로 분리 관리되며 하도급 계약서는 별첨 파일로 저장되어 있다.",
            "id": "sample_018_0010_000006",
            "annotations": []
        },
        {
            "sentence": "설계 버전 및 일정: 설계완료(Design Completion) 일자는 2023-08-15로 버전 v1.3에 반영되었다.",
            "id": "sample_018_0010_000007",
            "annotations": [
                {
                    "word": "2023-08-15",
                    "start": 40,
                    "end": 50,
                    "label": "준식별자"
                }
            ]
        },
        {
            "sentence": "허가(Permit) 관련: 건축허가 접수 및 발급일은 2023-10-02이며 허가번호는 PERMIT-2023-1102로 기록되어 있다.",
            "id": "sample_018_0010_000008",
            "annotations": [
                {
                    "word": "2023-10-02",
                    "start": 30,
                    "end": 40,
                    "label": "준식별자"
                },
                {
                    "word": "PERMIT-2023-1102",
                    "start": 49,
                    "end": 65,
                    "label": "기밀정보"
                }
            ]
        },
        {
            "sentence": "착공(Start of Work)은 2024-01-10로 계획되었고 현장준비와 장비투입이 그 이전에 완료되었다.",
            "id": "sample_018_0010_000009",
            "annotations": [
                {
                    "word": "2024-01-10",
                    "start": 19,
                    "end": 29,
                    "label": "준식별자"
                }
            ]
        },
        {
            "sentence": "주요 마일스톤: 철골구조 완성은 2024-07-20로 계획되어 있으며 공정간 연계 검토가 수행되었다.",
            "id": "sample_018_0010_000010",
            "annotations": [
                {
                    "word": "2024-07-20",
                    "start": 18,
                    "end": 28,
                    "label": "준식별자"
                }
            ]
        },
        {
            "sentence": "예상 준공일(Completion)은 2025-12-20로 산정되며 단계별 인수인계 계획이 수립되어 있다.",
            "id": "sample_018_0010_000011",
            "annotations": [
                {
                    "word": "2025-12-20",
                    "start": 20,
                    "end": 30,
                    "label": "준식별자"
                }
            ]
        },
        {
            "sentence": "BIM·도면 메타: IFC 파일명 ifc_v2.ifc(버전 2.1)이 기준 모델이며 저장경로 s3://private-company-bucket/018/ifc_v2.ifc과 내부검토 URL https://intranet.corp/approval/018에 등록되었다.",
            "id": "sample_018_0010_000012",
            "annotations": [
                {
                    "word": "s3://private-company-bucket/018/ifc_v2.ifc",
                    "start": 52,
                    "end": 94,
                    "label": "기밀정보"
                },
                {
                    "word": "https://intranet.corp/approval/018",
                    "start": 105,
                    "end": 139,
                    "label": "기밀정보"
                }
            ]
        },
        {
            "sentence": "공정관리: Gantt 차트는 Primavera로 작성되었고 주요 작업은 WBS 레벨로 분류되어 리스크 항목과 연계되어 있다.",
            "id": "sample_018_0010_000013",
            "annotations": []
        },
        {
            "sentence": "원가 관리: 최근 변경지시서 CO-007에 따른 비용영향액은 KRW 120,000,000이며 원가변동 보고서에 반영되었다.",
            "id": "sample_018_0010_000014",
            "annotations": [
                {
                    "word": "CO-007",
                    "start": 16,
                    "end": 22,
                    "label": "기밀정보"
                },
                {
                    "word": "KRW 120,000,000",
                    "start": 34,
                    "end": 49,
                    "label": "기밀정보"
                }
            ]
        },
        {
            "sentence": "변경지시서 발행 책임자는 배정찬으로 기록되어 있으며, 변경사유와 비용영향, 승인일자가 명시되어 있다.",
            "id": "sample_018_0010_000015",
            "annotations": [
                {
                    "word": "배정찬",
                    "start": 14,
                    "end": 17,
                    "label": "개인정보"
                }
            ]
        },
        {
            "sentence": "자재명세서(BoM)는 품목, 규격, 수량과 자재인증서 번호를 포함하며 인증번호 예시로 CERT-2024-783이 있다.",
            "id": "sample_018_0010_000016",
            "annotations": []
        },
        {
            "sentence": "지반조사 요약: 현장 시추결과 상부 3m는 사질토, 하부에 암반이 분포하며 보고서 기준 좌표 37.378560, 127.123450을 참고하라.",
            "id": "sample_018_0010_000017",
            "annotations": []
        },
        {
            "sentence": "환경영향평가(EIA)는 EIA-018-2023 참조로 대기·소음 영향이 관리계획 내에 포함되어 있다.",
            "id": "sample_018_0010_000018",
            "annotations": []
        },
        {
            "sentence": "안전보고: 2024-02-14 현장 사고 발생 보고서에 따르면 근로자 류지우가 경미한 골절을 입었으며 연락처 010-9876-5432로 신고되었다.",
            "id": "sample_018_0010_000019",
            "annotations": [
                {
                    "word": "2024-02-14",
                    "start": 6,
                    "end": 16,
                    "label": "준식별자"
                },
                {
                    "word": "류지우",
                    "start": 39,
                    "end": 42,
                    "label": "개인정보"
                },
                {
                    "word": "010-9876-5432",
                    "start": 61,
                    "end": 74,
                    "label": "개인정보"
                }
            ]
        },
        {
            "sentence": "근로자 투입명단 예: 사번 S2024_011, 이름 류지우 등 45명이며 근로자 개인정보는 익명화 정책에 따라 접근제한된다.",
            "id": "sample_018_0010_000020",
            "annotations": [
                {
                    "word": "S2024_011",
                    "start": 15,
                    "end": 24,
                    "label": "개인정보"
                }
            ]
        },
        {
            "sentence": "계측·센서 데이터는 Tilt와 Vibration 센서로 구성되며 시간별 샘플링으로 이상치와 결측패턴이 로그에 기록된다.",
            "id": "sample_018_0010_000021",
            "annotations": []
        },
        {
            "sentence": "드론 촬영 메타데이터: 파일명 drone_018_20240115_001.jpg, 촬영일 2024-01-15, 미디어 URL https://media.corp/018/drone_20240115_001.jpg에 보관된다.",
            "id": "sample_018_0010_000022",
            "annotations": [
                {
                    "word": "https://media.corp/018/drone_20240115_001.jpg",
                    "start": 69,
                    "end": 114,
                    "label": "기밀정보"
                },
                {
                    "word": "2024-01-15",
                    "start": 49,
                    "end": 59,
                    "label": "준식별자"
                }
            ]
        },
        {
            "sentence": "검사·시험성적서: 구조용 강재 인장시험 결과는 규격 적합 판정으로 INS-2024-056에 기록되어 있다.",
            "id": "sample_018_0010_000023",
            "annotations": []
        },
        {
            "sentence": "허가 및 인증: 허가담당자 안석헌이 허가문서와 현장 확인을 관리하며 허가번호 PERMIT-2023-1102가 원문에 표기되어 있다.",
            "id": "sample_018_0010_000024",
            "annotations": [
                {
                    "word": "안석헌",
                    "start": 15,
                    "end": 18,
                    "label": "개인정보"
                },
                {
                    "word": "PERMIT-2023-1102",
                    "start": 43,
                    "end": 59,
                    "label": "기밀정보"
                }
            ]
        },
        {
            "sentence": "지급·회계기록: 지급 스케줄과 세부내역은 내부 전자결재와 연계되며 참고용 파일로 예산 시트가 존재한다.",
            "id": "sample_018_0010_000025",
            "annotations": []
        },
        {
            "sentence": "내부문서 경로 예시로 /srv/documents/projects/018/budget.xlsx에 예산 원본과 변경이력 파일이 저장되어 있다.",
            "id": "sample_018_0010_000026",
            "annotations": [
                {
                    "word": "/srv/documents/projects/018/budget.xlsx",
                    "start": 12,
                    "end": 51,
                    "label": "기밀정보"
                }
            ]
        },
        {
            "sentence": "안전관리자 지정: 서하준이 안전책임자로 선정되었으며 긴급연락처 010-1111-2222를 비상연락망에 등록하였다.",
            "id": "sample_018_0010_000027",
            "annotations": [
                {
                    "word": "서하준",
                    "start": 10,
                    "end": 13,
                    "label": "개인정보"
                },
                {
                    "word": "010-1111-2222",
                    "start": 35,
                    "end": 48,
                    "label": "개인정보"
                }
            ]
        },
        {
            "sentence": "기록 보존 및 액세스: 증빙자료는 내부 레지스트리 https://registry.local/018/records에 보관되며 접근권한은 역할기반으로 제한된다.",
            "id": "sample_018_0010_000028",
            "annotations": [
                {
                    "word": "https://registry.local/018/records",
                    "start": 28,
                    "end": 62,
                    "label": "기밀정보"
                }
            ]
        }
    ]
}