{
    "document_id": "018_0089",
    "document_title": "분당 A-타워 신축공사 종합보고서(초안)",
    "data": [
        {
            "sentence": "문서 개요: PJ-2023-00089 건설공사 종합보고서 초안으로 설계부터 준공까지의 주요 산출물을 정리합니다.",
            "id": "sample_018_0089_000001",
            "annotations": []
        },
        {
            "sentence": "본 보고서는 설계·허가·시공·감리·준공 단계별 산출물과 변경이력, 비용영향을 기록합니다.",
            "id": "sample_018_0089_000002",
            "annotations": []
        },
        {
            "sentence": "프로젝트 명칭은 '분당 A-타워 신축공사'이며 위치는 경기도 성남시 분당구 일대입니다.",
            "id": "sample_018_0089_000003",
            "annotations": [
                {
                    "word": "경기도 성남시 분당구",
                    "start": 30,
                    "end": 41,
                    "label": "준식별자"
                }
            ]
        },
        {
            "sentence": "현장 중심좌표는 WGS84 기준 위도 37.3791, 경도 127.1059로 도면 및 GIS와 연동됩니다.",
            "id": "sample_018_0089_000004",
            "annotations": []
        },
        {
            "sentence": "프로젝트 식별자(project_id)는 PJ-2023-00089로 모든 문서에서 참조 무결성을 유지합니다.",
            "id": "sample_018_0089_000005",
            "annotations": []
        },
        {
            "sentence": "발주처는 주식회사 한빛건설이며 시공사는 한빛건설으로 표기하고 하도급사는 계약서별 명시를 따릅니다.",
            "id": "sample_018_0089_000006",
            "annotations": []
        },
        {
            "sentence": "설계 완료일은 2023-05-12로 설계도면 버전은 R1과 R2로 관리되며 변경이력에 버전별 변경내역을 기재합니다.",
            "id": "sample_018_0089_000007",
            "annotations": [
                {
                    "word": "2023-05-12",
                    "start": 8,
                    "end": 18,
                    "label": "준식별자"
                }
            ]
        },
        {
            "sentence": "건축허가 발급일은 2023-06-20이며 허가기관 승인번호와 허가원문 메타데이터를 문서와 연계합니다.",
            "id": "sample_018_0089_000008",
            "annotations": [
                {
                    "word": "2023-06-20",
                    "start": 10,
                    "end": 20,
                    "label": "준식별자"
                }
            ]
        },
        {
            "sentence": "착공일은 2023-07-01로 안전교육·장비점검 완료 여부를 착공 체크리스트에 기록하였습니다.",
            "id": "sample_018_0089_000009",
            "annotations": [
                {
                    "word": "2023-07-01",
                    "start": 5,
                    "end": 15,
                    "label": "준식별자"
                }
            ]
        },
        {
            "sentence": "주요 마일스톤으로 기반공사 완료는 2023-10-15에 예정되어 있으며 Gantt 공정표에 동기화되어 있습니다.",
            "id": "sample_018_0089_000010",
            "annotations": [
                {
                    "word": "2023-10-15",
                    "start": 19,
                    "end": 29,
                    "label": "준식별자"
                }
            ]
        },
        {
            "sentence": "당초 계약금액은 18,500,000,000원이며 변경지시서와 연계된 비용영향은 회계 검증 기준에 따라 산정했습니다.",
            "id": "sample_018_0089_000011",
            "annotations": []
        },
        {
            "sentence": "변경지시서 CO-2023-005는 외부 전기공사 추가로 비용 증감률 +5%를 보고하며 관련 견적서와 대조했습니다.",
            "id": "sample_018_0089_000012",
            "annotations": []
        },
        {
            "sentence": "해당 변경지시서는 담당자 류가은이 검토하였으며 검토일은 2023-08-02로 결재 이력이 남아 있습니다.",
            "id": "sample_018_0089_000013",
            "annotations": [
                {
                    "word": "류가은",
                    "start": 14,
                    "end": 17,
                    "label": "개인정보"
                },
                {
                    "word": "2023-08-02",
                    "start": 31,
                    "end": 41,
                    "label": "준식별자"
                }
            ]
        },
        {
            "sentence": "현장소장 박명식의 사번은 S-2022-0112로 감리 요청 및 출입통제 기록에 사용되며 사원정보는 내부 DB에서 관리합니다.",
            "id": "sample_018_0089_000014",
            "annotations": [
                {
                    "word": "박명식",
                    "start": 5,
                    "end": 8,
                    "label": "개인정보"
                },
                {
                    "word": "S-2022-0112",
                    "start": 14,
                    "end": 25,
                    "label": "개인정보"
                }
            ]
        },
        {
            "sentence": "안전사고 보고서에는 2023-09-03 발생한 경미한 골절 사례가 기록되어 있으며 사고원인과 재발방지 대책을 포함합니다.",
            "id": "sample_018_0089_000015",
            "annotations": [
                {
                    "word": "2023-09-03",
                    "start": 11,
                    "end": 21,
                    "label": "준식별자"
                }
            ]
        },
        {
            "sentence": "사고 피해 근로자 명단에는 우서주가 포함되었으나 민감정보는 내부 익명처리 절차에 따라 별도 보관됩니다.",
            "id": "sample_018_0089_000016",
            "annotations": [
                {
                    "word": "우서주",
                    "start": 15,
                    "end": 18,
                    "label": "개인정보"
                }
            ]
        },
        {
            "sentence": "대금지급 계좌는 기업은행 123-456789-01234로 기재되어 있으니 송금 전 계좌정보 확인 절차를 준수하십시오.",
            "id": "sample_018_0089_000017",
            "annotations": [
                {
                    "word": "기업은행 123-456789-01234",
                    "start": 9,
                    "end": 30,
                    "label": "기밀정보"
                }
            ]
        },
        {
            "sentence": "내부 파일 경로는 //intranet.agc.local/projects/PJ-2023-00089/drawings/R1.ifc로 버전관리 서버에 보관되어 있습니다.",
            "id": "sample_018_0089_000018",
            "annotations": [
                {
                    "word": "//intranet.agc.local/projects/PJ-2023-00089/drawings/R1.ifc",
                    "start": 10,
                    "end": 69,
                    "label": "기밀정보"
                }
            ]
        },
        {
            "sentence": "건축허가 원문은 https://gov.building.kr/permit/089에 공개되어 있으며 허가 메타데이터를 함께 첨부합니다.",
            "id": "sample_018_0089_000019",
            "annotations": []
        },
        {
            "sentence": "지반조사 결과에서 시료 BH-03의 최심도는 18.5m이며 표준관입시험 N-value 평균은 12로 보고됩니다.",
            "id": "sample_018_0089_000020",
            "annotations": []
        },
        {
            "sentence": "IoT 계측은 경사계와 진동 가속도계로 10분 간격 측정값을 수집하며 시계열 데이터는 원시와 보정값을 함께 보관합니다.",
            "id": "sample_018_0089_000021",
            "annotations": []
        },
        {
            "sentence": "준공 As-built BIM 메타데이터는 파일명 PJ-2023-00089_AsBuilt_v1.ifc, 타입 IFC, 버전 v1.0으로 등록되어 있습니다.",
            "id": "sample_018_0089_000022",
            "annotations": []
        },
        {
            "sentence": "품질검사서 검사자는 안애린으로 서명되었고 검사일은 2023-11-18이며 검사성적서 원문을 첨부합니다.",
            "id": "sample_018_0089_000023",
            "annotations": [
                {
                    "word": "안애린",
                    "start": 11,
                    "end": 14,
                    "label": "개인정보"
                },
                {
                    "word": "2023-11-18",
                    "start": 28,
                    "end": 38,
                    "label": "준식별자"
                }
            ]
        },
        {
            "sentence": "배은결 감독이 최종 점검을 완료하였으며 점검결과는 적합으로 판정되어 다음 단계로 이행합니다.",
            "id": "sample_018_0089_000024",
            "annotations": [
                {
                    "word": "배은결",
                    "start": 0,
                    "end": 3,
                    "label": "개인정보"
                }
            ]
        },
        {
            "sentence": "내부 결재선: 팀장 박명식 승인(내부전용), 관련 결재문서는 사내 전자결재 시스템에 보관됩니다.",
            "id": "sample_018_0089_000025",
            "annotations": [
                {
                    "word": "박명식",
                    "start": 11,
                    "end": 14,
                    "label": "개인정보"
                },
                {
                    "word": "내부 결재선: 팀장 박명식 승인",
                    "start": 0,
                    "end": 17,
                    "label": "기밀정보"
                }
            ]
        },
        {
            "sentence": "환경영향평가서 승인일은 2022-11-30이며 주요 완충구역과 대기·소음 저감대책을 상세히 명시하였습니다.",
            "id": "sample_018_0089_000026",
            "annotations": [
                {
                    "word": "2022-11-30",
                    "start": 13,
                    "end": 23,
                    "label": "준식별자"
                }
            ]
        },
        {
            "sentence": "준공 확인 담당자: 정승겸이며 최종 인수 예정일은 2024-12-30로 관련 서류를 사전 준비합니다.",
            "id": "sample_018_0089_000027",
            "annotations": [
                {
                    "word": "정승겸",
                    "start": 11,
                    "end": 14,
                    "label": "개인정보"
                },
                {
                    "word": "2024-12-30",
                    "start": 28,
                    "end": 38,
                    "label": "준식별자"
                }
            ]
        },
        {
            "sentence": "향후 조치사항과 문서보존 기간은 건축법 및 산업안전보건법에 따라 기록하며 문의는 사내 포털을 통해 접수합니다.",
            "id": "sample_018_0089_000028",
            "annotations": []
        }
    ]
}