{
    "document_id": "018_0038",
    "document_title": "공사 시행계획서 및 주요 문서목록 (PRJ-2025-0001)",
    "data": [
        {
            "sentence": "문서 개요: 본 문서는 PRJ-2025-0001 프로젝트의 시행계획서와 주요 문서목록을 포함하며 참조 무결성은 project_id PRJ-2025-0001로 유지합니다.",
            "id": "sample_018_0038_000001",
            "annotations": []
        },
        {
            "sentence": "프로젝트 개요: PRJ-2025-0001, 명칭 '서울 세종대로 복합개발사업', 현장주소 서울특별시 중구 세종대로 110, 본 주소는 상세 주소로 프로젝트 위치를 식별합니다.",
            "id": "sample_018_0038_000002",
            "annotations": [
                {
                    "word": "서울특별시 중구 세종대로 110",
                    "start": 50,
                    "end": 67,
                    "label": "개인정보"
                }
            ]
        },
        {
            "sentence": "현장 좌표(WGS84): 위도 37.566535, 경도 126.977969이며 좌표계 변환은 EPSG:4326을 기준으로 문서 전반에 일관되게 적용합니다.",
            "id": "sample_018_0038_000003",
            "annotations": []
        },
        {
            "sentence": "일정 개요는 설계(2024-03-01) → 허가(2024-09-15) → 착공(2024-10-01) → 주요 마일스톤 → 준공(2026-06-30) 순으로 기록되어 있으며 버전별 변경이력은 별도 표로 관리합니다.",
            "id": "sample_018_0038_000004",
            "annotations": []
        },
        {
            "sentence": "설계 도면 메타데이터: 파일명 PRJ-2025-0001_bim_v1.ifc, 타입 IFC, 버전 v1.2, 생성자와 변경자는 감사 로그에 기록합니다.",
            "id": "sample_018_0038_000005",
            "annotations": []
        },
        {
            "sentence": "BIM 실물 파일은 내부 저장소 경로 smb://fileserver/PRJ-2025-0001/BIM/PRJ-2025-0001_bim_v1.ifc에 보관되며 외부 공유는 접근제어로 제한됩니다.",
            "id": "sample_018_0038_000006",
            "annotations": [
                {
                    "word": "smb://fileserver/PRJ-2025-0001/BIM/PRJ-2025-0001_bim_v1.ifc",
                    "start": 21,
                    "end": 80,
                    "label": "기밀정보"
                }
            ]
        },
        {
            "sentence": "허가 관련 공개 문서 URL은 https://e-permit.gov.kr/permit/PRJ-2025-0001로 연결되며 지자체 허가증 메타데이터를 근거로 검토합니다.",
            "id": "sample_018_0038_000007",
            "annotations": []
        },
        {
            "sentence": "계약 요약: 총 계약금액 12,450,000,000원(부가세 포함)으로 기록되며 계약금액은 내부 재무관리 관점에서 기밀로 취급합니다.",
            "id": "sample_018_0038_000008",
            "annotations": [
                {
                    "word": "12,450,000,000원",
                    "start": 14,
                    "end": 29,
                    "label": "기밀정보"
                }
            ]
        },
        {
            "sentence": "주 시공사 및 하도급 구성: 주 시공사 태백종합건설(주), 하도급사 리스트와 직장명은 계약관리에서 준식별자로 분류합니다.",
            "id": "sample_018_0038_000009",
            "annotations": [
                {
                    "word": "태백종합건설(주)",
                    "start": 22,
                    "end": 31,
                    "label": "준식별자"
                }
            ]
        },
        {
            "sentence": "프로젝트 책임자(현장소장): 한노엘, 현장 총괄 및 기술결정 권한을 보유하며 결재 이력에 이름이 기록됩니다.",
            "id": "sample_018_0038_000010",
            "annotations": [
                {
                    "word": "한노엘",
                    "start": 16,
                    "end": 19,
                    "label": "개인정보"
                }
            ]
        },
        {
            "sentence": "현장소장 비상연락처는 010-1234-5678로 등록되어 비상시 우선 연락망으로 사용됩니다.",
            "id": "sample_018_0038_000011",
            "annotations": [
                {
                    "word": "010-1234-5678",
                    "start": 12,
                    "end": 25,
                    "label": "개인정보"
                }
            ]
        },
        {
            "sentence": "현장소장 전자우편 연락처 hanoel.project@example.com을 통해 도면 승인 및 변경지시 통보를 수행합니다.",
            "id": "sample_018_0038_000012",
            "annotations": [
                {
                    "word": "hanoel.project@example.com",
                    "start": 14,
                    "end": 40,
                    "label": "개인정보"
                }
            ]
        },
        {
            "sentence": "인사 기록 예시: 사번 EMP-2025-045, 소속 태백종합건설(주) 인사부 등록 번호로 내부 식별에 사용되며 접근 권한이 제한됩니다.",
            "id": "sample_018_0038_000013",
            "annotations": [
                {
                    "word": "EMP-2025-045",
                    "start": 13,
                    "end": 25,
                    "label": "개인정보"
                },
                {
                    "word": "태백종합건설(주)",
                    "start": 30,
                    "end": 39,
                    "label": "준식별자"
                }
            ]
        },
        {
            "sentence": "근로자 개인정보 예시: 배정민, 주민등록번호 850415-1234567, 응급연락처 010-9876-5432는 익명화된 샘플이나 개인정보 관리 대상입니다.",
            "id": "sample_018_0038_000014",
            "annotations": [
                {
                    "word": "배정민",
                    "start": 13,
                    "end": 16,
                    "label": "개인정보"
                },
                {
                    "word": "850415-1234567",
                    "start": 25,
                    "end": 39,
                    "label": "개인정보"
                },
                {
                    "word": "010-9876-5432",
                    "start": 47,
                    "end": 60,
                    "label": "개인정보"
                }
            ]
        },
        {
            "sentence": "근로자 준식별자 예시: 성별 남, 생년월일 1985-04-15, 주소 시군구 서울특별시 중구는 인적정보의 준식별자로 분리·관리합니다.",
            "id": "sample_018_0038_000015",
            "annotations": [
                {
                    "word": "남",
                    "start": 16,
                    "end": 17,
                    "label": "준식별자"
                },
                {
                    "word": "1985-04-15",
                    "start": 24,
                    "end": 34,
                    "label": "준식별자"
                },
                {
                    "word": "서울특별시 중구",
                    "start": 43,
                    "end": 51,
                    "label": "준식별자"
                }
            ]
        },
        {
            "sentence": "지반조사 보고서는 내부 보안 S3 버킷에 보관되며 파일 s3://secure-bucket/PRJ-2025-0001/geotech_report_v2.pdf에 접근권한이 제한됩니다.",
            "id": "sample_018_0038_000016",
            "annotations": [
                {
                    "word": "s3://secure-bucket/PRJ-2025-0001/geotech_report_v2.pdf",
                    "start": 31,
                    "end": 85,
                    "label": "기밀정보"
                }
            ]
        },
        {
            "sentence": "환경영향평가서(EIA)는 공개 요약과 내부 검토용 전문보고서로 구분되어 보관되며 공개용은 지자체 제출본을 기준으로 합니다.",
            "id": "sample_018_0038_000017",
            "annotations": []
        },
        {
            "sentence": "변경지시서 CO-2025-07은 비용영향 120,000,000원 증액으로 기록되었으며 변경사유, 책임자 및 비용분석이 첨부됩니다.",
            "id": "sample_018_0038_000018",
            "annotations": [
                {
                    "word": "120,000,000원",
                    "start": 23,
                    "end": 35,
                    "label": "기밀정보"
                }
            ]
        },
        {
            "sentence": "지급 내역 예시: 대금지급 계좌기업은행 333-12-345678로 정기 지급되며 계좌번호와 금융정보는 기밀로 관리합니다.",
            "id": "sample_018_0038_000019",
            "annotations": [
                {
                    "word": "기업은행 333-12-345678",
                    "start": 17,
                    "end": 35,
                    "label": "기밀정보"
                }
            ]
        },
        {
            "sentence": "내부 시스템 접속 정보 예시로 DB 서버 IP 10.0.3.12 및 내부 경로 /data/PRJ-2025-0001은 보안상 공개 금지 항목입니다.",
            "id": "sample_018_0038_000020",
            "annotations": [
                {
                    "word": "10.0.3.12",
                    "start": 26,
                    "end": 35,
                    "label": "기밀정보"
                },
                {
                    "word": "/data/PRJ-2025-0001",
                    "start": 44,
                    "end": 63,
                    "label": "기밀정보"
                }
            ]
        },
        {
            "sentence": "드론 촬영 메타데이터: 파일 IMG_DRONE_PRJ-2025-0001_0001.jpg, 촬영자 윤자인, 저장 URL https://internal.corp.example.com/drone/PRJ-2025-0001/IMG_0001.jpg에 보관됩니다.",
            "id": "sample_018_0038_000021",
            "annotations": [
                {
                    "word": "윤자인",
                    "start": 54,
                    "end": 57,
                    "label": "개인정보"
                },
                {
                    "word": "https://internal.corp.example.com/drone/PRJ-2025-0001/IMG_0001.jpg",
                    "start": 66,
                    "end": 132,
                    "label": "기밀정보"
                }
            ]
        },
        {
            "sentence": "계측 데이터 예시: 온도 센서 SENSOR-TH-001은 2025-01-15T08:00:00Z부터 1분 간격으로 수집된 시계열을 포함하며 누락과 노이즈 패턴을 로그에 남깁니다.",
            "id": "sample_018_0038_000022",
            "annotations": []
        },
        {
            "sentence": "준공도면(As-built) 메타: 파일명 PRJ-2025-0001_asbuilt.ifc, 내부 경로 smb://fileserver/PRJ-2025-0001/AS-BUILT/PRJ-2025-0001_asbuilt.ifc, 버전 v1.0 등록.",
            "id": "sample_018_0038_000023",
            "annotations": [
                {
                    "word": "smb://fileserver/PRJ-2025-0001/AS-BUILT/PRJ-2025-0001_asbuilt.ifc",
                    "start": 56,
                    "end": 121,
                    "label": "기밀정보"
                }
            ]
        },
        {
            "sentence": "품질검사 성적서 참조: 시험성적서 번호 Q-2025-112, 시험항목별 결과와 인증서 유효성은 별도 첨부파일에 기술됩니다.",
            "id": "sample_018_0038_000024",
            "annotations": []
        },
        {
            "sentence": "공정표 및 간트차트는 MS Project 파일 PRJ-2025-0001_schedule.mpp로 관리되며 변경이력과 버전관리는 필수 요건입니다.",
            "id": "sample_018_0038_000025",
            "annotations": []
        },
        {
            "sentence": "내부 결재선 및 승인 절차는 내부 결재선으로 지정되며 담당 승인자 고근혁의 서명이 필요합니다.",
            "id": "sample_018_0038_000026",
            "annotations": [
                {
                    "word": "내부 결재선",
                    "start": 0,
                    "end": 6,
                    "label": "기밀정보"
                },
                {
                    "word": "내부 결재선",
                    "start": 16,
                    "end": 22,
                    "label": "기밀정보"
                },
                {
                    "word": "고근혁",
                    "start": 37,
                    "end": 40,
                    "label": "개인정보"
                }
            ]
        },
        {
            "sentence": "장비 및 자재 명세서 예시: 주요 공급사 한국시멘트(주), 자재인증서 번호와 배치번호로 추적 가능합니다.",
            "id": "sample_018_0038_000027",
            "annotations": [
                {
                    "word": "한국시멘트(주)",
                    "start": 23,
                    "end": 31,
                    "label": "준식별자"
                }
            ]
        },
        {
            "sentence": "행동요청: 문규아는 2025-02-15까지 변경지시서 CO-2025-07에 대한 비용분석을 제출하고 관련 증빙자료를 업로드할 것.",
            "id": "sample_018_0038_000028",
            "annotations": [
                {
                    "word": "문규아",
                    "start": 6,
                    "end": 9,
                    "label": "개인정보"
                }
            ]
        }
    ]
}