{
    "document_id": "018_0018",
    "document_title": "건축공사 통합공정·안전·품질 보고서 (PRJ-2025-018)",
    "data": [
        {
            "sentence": "문서 개요: 본 보고서는 프로젝트 식별자 PRJ-2025-018에 대한 종합 공정·원가·안전·품질 자료를 통합하여 기록한 기술문서입니다.",
            "id": "sample_018_0018_000001",
            "annotations": []
        },
        {
            "sentence": "프로젝트 위치: 서울특별시 강남구 삼성동 인근에 위치하며 기준 좌표는 위도 37.507845, 경도 127.056777(WGS84)로 표기합니다.",
            "id": "sample_018_0018_000002",
            "annotations": [
                {
                    "word": "서울특별시",
                    "start": 9,
                    "end": 14,
                    "label": "준식별자"
                },
                {
                    "word": "강남구",
                    "start": 15,
                    "end": 18,
                    "label": "준식별자"
                },
                {
                    "word": "삼성동",
                    "start": 19,
                    "end": 22,
                    "label": "준식별자"
                }
            ]
        },
        {
            "sentence": "프로젝트 매니저(Construction PM): 백소이가 총괄하며 연락처 010-1234-5678, 이메일 bsoi.pm@example.com, 내부 사번 20250011로 등록되어 있습니다.",
            "id": "sample_018_0018_000003",
            "annotations": [
                {
                    "word": "백소이",
                    "start": 27,
                    "end": 30,
                    "label": "개인정보"
                },
                {
                    "word": "010-1234-5678",
                    "start": 41,
                    "end": 54,
                    "label": "개인정보"
                },
                {
                    "word": "bsoi.pm@example.com",
                    "start": 60,
                    "end": 79,
                    "label": "개인정보"
                },
                {
                    "word": "20250011",
                    "start": 87,
                    "end": 95,
                    "label": "개인정보"
                }
            ]
        },
        {
            "sentence": "안전담당자(Safety Officer)는 하성훈이며 현장 긴급연락처 010-9876-5432, 내부 사번 20250017이 할당되어 있습니다.",
            "id": "sample_018_0018_000004",
            "annotations": [
                {
                    "word": "하성훈",
                    "start": 23,
                    "end": 26,
                    "label": "개인정보"
                },
                {
                    "word": "010-9876-5432",
                    "start": 38,
                    "end": 51,
                    "label": "개인정보"
                },
                {
                    "word": "20250017",
                    "start": 59,
                    "end": 67,
                    "label": "개인정보"
                }
            ]
        },
        {
            "sentence": "수석 엔지니어(Lead Engineer)는 나한겸으로 설계 검토와 현장 기술지원을 담당합니다.",
            "id": "sample_018_0018_000005",
            "annotations": [
                {
                    "word": "나한겸",
                    "start": 24,
                    "end": 27,
                    "label": "개인정보"
                }
            ]
        },
        {
            "sentence": "설계 완료일은 2023-11-20로 기록되어 있으며 해당 버전은 Design_v1.0입니다.",
            "id": "sample_018_0018_000006",
            "annotations": [
                {
                    "word": "2023",
                    "start": 8,
                    "end": 12,
                    "label": "준식별자"
                },
                {
                    "word": "11",
                    "start": 13,
                    "end": 15,
                    "label": "준식별자"
                },
                {
                    "word": "20",
                    "start": 8,
                    "end": 10,
                    "label": "준식별자"
                },
                {
                    "word": "20",
                    "start": 16,
                    "end": 18,
                    "label": "준식별자"
                }
            ]
        },
        {
            "sentence": "건축허가(permit) 발급일은 2024-01-15로 확인되며 관련 행정서류는 전자파일로 보관합니다.",
            "id": "sample_018_0018_000007",
            "annotations": [
                {
                    "word": "2024",
                    "start": 18,
                    "end": 22,
                    "label": "준식별자"
                },
                {
                    "word": "01",
                    "start": 23,
                    "end": 25,
                    "label": "준식별자"
                },
                {
                    "word": "15",
                    "start": 26,
                    "end": 28,
                    "label": "준식별자"
                }
            ]
        },
        {
            "sentence": "착공일자는 2024-02-01로 결정되었고 착공 전 안전대책이 이행되었습니다.",
            "id": "sample_018_0018_000008",
            "annotations": [
                {
                    "word": "2024",
                    "start": 6,
                    "end": 10,
                    "label": "준식별자"
                },
                {
                    "word": "02",
                    "start": 7,
                    "end": 9,
                    "label": "준식별자"
                },
                {
                    "word": "02",
                    "start": 11,
                    "end": 13,
                    "label": "준식별자"
                },
                {
                    "word": "01",
                    "start": 14,
                    "end": 16,
                    "label": "준식별자"
                }
            ]
        },
        {
            "sentence": "주요 마일스톤으로 기초공사 완료일은 2024-06-15로 계획되었으며 관찰지점별 계측을 병행합니다.",
            "id": "sample_018_0018_000009",
            "annotations": [
                {
                    "word": "2024",
                    "start": 20,
                    "end": 24,
                    "label": "준식별자"
                },
                {
                    "word": "06",
                    "start": 25,
                    "end": 27,
                    "label": "준식별자"
                },
                {
                    "word": "15",
                    "start": 28,
                    "end": 30,
                    "label": "준식별자"
                }
            ]
        },
        {
            "sentence": "예정 준공일은 2025-10-30로 산정되었고 최종 인수검사 일정은 완료 후 30일 내로 계획합니다.",
            "id": "sample_018_0018_000010",
            "annotations": [
                {
                    "word": "2025",
                    "start": 8,
                    "end": 12,
                    "label": "준식별자"
                },
                {
                    "word": "10",
                    "start": 13,
                    "end": 15,
                    "label": "준식별자"
                },
                {
                    "word": "30",
                    "start": 16,
                    "end": 18,
                    "label": "준식별자"
                },
                {
                    "word": "30",
                    "start": 43,
                    "end": 45,
                    "label": "준식별자"
                }
            ]
        },
        {
            "sentence": "원가 현황: 초기 산정 금액은 12,500,000,000원이며 변경지시서 CO-003 적용 후 계약금액은 13,125,000,000원으로 조정되었습니다.",
            "id": "sample_018_0018_000011",
            "annotations": [
                {
                    "word": "12,500,000,000원",
                    "start": 17,
                    "end": 32,
                    "label": "기밀정보"
                },
                {
                    "word": "13,125,000,000원",
                    "start": 59,
                    "end": 74,
                    "label": "기밀정보"
                }
            ]
        },
        {
            "sentence": "지급계좌(수급사 정산용)는 국민은행 123-45-678901로 명시되어 있으며 계좌 이체 내역은 재무팀에서 관리합니다.",
            "id": "sample_018_0018_000012",
            "annotations": [
                {
                    "word": "국민은행 123-45-678901",
                    "start": 15,
                    "end": 33,
                    "label": "기밀정보"
                }
            ]
        },
        {
            "sentence": "대용량 BIM 기본 모델은 내부 저장소 경로 S:\\projects\\018\\BIM\\model_final_v1.2.ifc에 보관되며 내부 서버 IP 10.10.0.45를 통해 접근 권한을 통제합니다.",
            "id": "sample_018_0018_000013",
            "annotations": [
                {
                    "word": "S:\\projects\\018\\BIM\\model_final_v1.2.ifc",
                    "start": 25,
                    "end": 65,
                    "label": "기밀정보"
                },
                {
                    "word": "10.10.0.45",
                    "start": 81,
                    "end": 91,
                    "label": "기밀정보"
                }
            ]
        },
        {
            "sentence": "외부 협업용 모델은 버전별로 CDN에 업로드되며 예시 URL은 https://storage.example.com/prj018/bim/model_v1.2.ifc로 참조합니다.",
            "id": "sample_018_0018_000014",
            "annotations": []
        },
        {
            "sentence": "공정계획 개요: 간트 차트에 따라 기초·골조·마감 공정이 시퀀셜로 구성되어 있으며 각 활동별 기간과 인력투입계획을 첨부합니다.",
            "id": "sample_018_0018_000015",
            "annotations": []
        },
        {
            "sentence": "자재명세(BoM): 주요 자재로 철근, 콘크리트, 단열재 등이 있으며 공급사와 납품 일정은 계약문서에 명기되어 있습니다.",
            "id": "sample_018_0018_000016",
            "annotations": []
        },
        {
            "sentence": "안전일지: 2024-05-20 기록에서 작업 중 경미한 사고 발생 보고가 있으며 대상자는 작업자 박동균(사번 2025022)으로 경미한 찰과상을 입었습니다.",
            "id": "sample_018_0018_000017",
            "annotations": [
                {
                    "word": "박동균",
                    "start": 54,
                    "end": 57,
                    "label": "개인정보"
                },
                {
                    "word": "2025022",
                    "start": 61,
                    "end": 68,
                    "label": "개인정보"
                }
            ]
        },
        {
            "sentence": "시험성적서: 콘크리트 압축강도 시험은 TR-2024-77로 보고되었고 합격 판정이 내려졌습니다.",
            "id": "sample_018_0018_000018",
            "annotations": []
        },
        {
            "sentence": "변경지시서 CO-003는 비용영향을 포함하며 승인자는 안연오로 기록되어 있고 승인일은 2024-04-10입니다.",
            "id": "sample_018_0018_000019",
            "annotations": [
                {
                    "word": "안연오",
                    "start": 30,
                    "end": 33,
                    "label": "개인정보"
                },
                {
                    "word": "2024",
                    "start": 48,
                    "end": 52,
                    "label": "준식별자"
                },
                {
                    "word": "04",
                    "start": 53,
                    "end": 55,
                    "label": "준식별자"
                },
                {
                    "word": "10",
                    "start": 56,
                    "end": 58,
                    "label": "준식별자"
                }
            ]
        },
        {
            "sentence": "지반조사: 보링 위치 기준 좌표는 N37.508120 E127.056400이며 지층구성 및 지하수위 자료를 별도 보고서로 제출합니다.",
            "id": "sample_018_0018_000020",
            "annotations": []
        },
        {
            "sentence": "환경영향평가 결과와 승인 내역은 서울시 환경청 자료로 제출되었으며 승인일은 2024-01-12로 확인됩니다.",
            "id": "sample_018_0018_000021",
            "annotations": [
                {
                    "word": "2024",
                    "start": 42,
                    "end": 46,
                    "label": "준식별자"
                },
                {
                    "word": "01",
                    "start": 47,
                    "end": 49,
                    "label": "준식별자"
                },
                {
                    "word": "12",
                    "start": 50,
                    "end": 52,
                    "label": "준식별자"
                }
            ]
        },
        {
            "sentence": "드론촬영 메타데이터: 파일명 drone_2024-05-20_0930.jpg, 촬영일시 2024-05-20, 촬영고도 80m, 촬영좌표는 보고서에 포함됩니다.",
            "id": "sample_018_0018_000022",
            "annotations": [
                {
                    "word": "2024",
                    "start": 22,
                    "end": 26,
                    "label": "준식별자"
                },
                {
                    "word": "2024",
                    "start": 48,
                    "end": 52,
                    "label": "준식별자"
                },
                {
                    "word": "05",
                    "start": 27,
                    "end": 29,
                    "label": "준식별자"
                },
                {
                    "word": "05",
                    "start": 53,
                    "end": 55,
                    "label": "준식별자"
                },
                {
                    "word": "20",
                    "start": 22,
                    "end": 24,
                    "label": "준식별자"
                },
                {
                    "word": "20",
                    "start": 30,
                    "end": 32,
                    "label": "준식별자"
                },
                {
                    "word": "20",
                    "start": 48,
                    "end": 50,
                    "label": "준식별자"
                },
                {
                    "word": "20",
                    "start": 56,
                    "end": 58,
                    "label": "준식별자"
                }
            ]
        },
        {
            "sentence": "계측 센서 예시: 가속도계 시계열 샘플은 타임스탬프 2024-05-20T09:30:00Z 포맷으로 기록되며 일부 결측 구간과 랜덤 노이즈가 관찰됩니다.",
            "id": "sample_018_0018_000023",
            "annotations": [
                {
                    "word": "2024",
                    "start": 29,
                    "end": 33,
                    "label": "준식별자"
                },
                {
                    "word": "05",
                    "start": 34,
                    "end": 36,
                    "label": "준식별자"
                },
                {
                    "word": "20",
                    "start": 29,
                    "end": 31,
                    "label": "준식별자"
                },
                {
                    "word": "20",
                    "start": 37,
                    "end": 39,
                    "label": "준식별자"
                }
            ]
        },
        {
            "sentence": "계측데이터의 결측·노이즈 패턴은 데이터파이프라인에서 처리 규칙을 적용하며 결측 보간과 이상치 필터링 절차를 명시합니다.",
            "id": "sample_018_0018_000024",
            "annotations": []
        },
        {
            "sentence": "준공도면(As-built)은 모델 버전과 좌표 정합성을 확인한 후 최종 파일명을 AsBuilt_PRJ018_v1.0.ifc로 아카이브합니다.",
            "id": "sample_018_0018_000025",
            "annotations": []
        },
        {
            "sentence": "허가·증빙 URL은 공공 포털에 등록된 문서 외에 내부 인트라넷 문서가 존재할 수 있으므로 접근 권한을 확인해야 합니다.",
            "id": "sample_018_0018_000026",
            "annotations": []
        },
        {
            "sentence": "액션 아이템: 품질 담당 채태연은 시험성적서 검토를, 유지관리 담당 류호산은 준공 후 인수인계 체크리스트를 작성하도록 지정합니다.",
            "id": "sample_018_0018_000027",
            "annotations": [
                {
                    "word": "채태연",
                    "start": 14,
                    "end": 17,
                    "label": "개인정보"
                },
                {
                    "word": "류호산",
                    "start": 38,
                    "end": 41,
                    "label": "개인정보"
                }
            ]
        },
        {
            "sentence": "보존 및 폐기: 법적 보존기간에 따라 전자문서는 중앙 아카이브(archive/PRJ-018/2025)에 보관하며 접근 로그를 기록합니다.",
            "id": "sample_018_0018_000028",
            "annotations": []
        }
    ]
}