{
    "document_id": "018_0091",
    "document_title": "PRJ-2025-003 공공복합시설 건설공사 시공계획서 및 기술보고서",
    "data": [
        {
            "sentence": "본 문서는 PRJ-2025-003 프로젝트의 시공계획, 품질·안전·환경 관리방안 및 주요 기술자료를 종합 정리한 기술보고서입니다.",
            "id": "sample_018_0091_000001",
            "annotations": []
        },
        {
            "sentence": "프로젝트 식별자는 일관성을 위해 project_id: PRJ-2025-003으로 모든 문서와 메타데이터에 표기합니다.",
            "id": "sample_018_0091_000002",
            "annotations": []
        },
        {
            "sentence": "현장 위치는 경기도 성남시 분당구에 위치하며 지자체 허가·환경평가 문서와 좌표의 정합성을 유지합니다.",
            "id": "sample_018_0091_000003",
            "annotations": [
                {
                    "word": "경기도 성남시 분당구",
                    "start": 7,
                    "end": 18,
                    "label": "준식별자"
                }
            ]
        },
        {
            "sentence": "프로젝트 일정은 설계→허가→착공→주요마일스톤→준공의 순서를 따르며, 설계완료 일자는 2023-12-15로 기록되어 있습니다.",
            "id": "sample_018_0091_000004",
            "annotations": [
                {
                    "word": "2023-12-15",
                    "start": 47,
                    "end": 57,
                    "label": "준식별자"
                }
            ]
        },
        {
            "sentence": "지자체 건축허가는 허가일 2024-02-28에 접수되었으며 허가문서는 메타데이터로 연동 저장됩니다.",
            "id": "sample_018_0091_000005",
            "annotations": [
                {
                    "word": "2024-02-28",
                    "start": 14,
                    "end": 24,
                    "label": "준식별자"
                }
            ]
        },
        {
            "sentence": "현장 착공일은 착공일: 2024-04-01로 계획되어 주요 장비·자재의 투입 일정과 연동됩니다.",
            "id": "sample_018_0091_000006",
            "annotations": [
                {
                    "word": "2024-04-01",
                    "start": 13,
                    "end": 23,
                    "label": "준식별자"
                }
            ]
        },
        {
            "sentence": "주요 마일스톤별 완료예정일은 기초·골조·설비·마감 구간으로 구분하며 이번 프로젝트의 예정 준공일은 2025-11-30로 산정했습니다.",
            "id": "sample_018_0091_000007",
            "annotations": [
                {
                    "word": "2025-11-30",
                    "start": 55,
                    "end": 65,
                    "label": "준식별자"
                }
            ]
        },
        {
            "sentence": "BIM 모델은 버전 v2.3으로 관리되며 변경이력은 v2.2->v2.3, 변경일 2024-06-10, 작성자: 진재화로 기록되어 있습니다.",
            "id": "sample_018_0091_000008",
            "annotations": [
                {
                    "word": "진재화",
                    "start": 62,
                    "end": 65,
                    "label": "개인정보"
                },
                {
                    "word": "2024-06-10",
                    "start": 45,
                    "end": 55,
                    "label": "준식별자"
                }
            ]
        },
        {
            "sentence": "현장소장(General Foreman): 고철한이 총괄하며 내부 식별을 위해 사번: EMP-00987이 함께 사용됩니다.",
            "id": "sample_018_0091_000009",
            "annotations": [
                {
                    "word": "고철한",
                    "start": 23,
                    "end": 26,
                    "label": "개인정보"
                },
                {
                    "word": "EMP-00987",
                    "start": 47,
                    "end": 56,
                    "label": "개인정보"
                }
            ]
        },
        {
            "sentence": "현장소장의 연락처 및 전자연락수단은 사업관리상 메타로 등록되어 있으며 예시로 연락처: 010-9123-4567, 이메일: chulhan.goh@example.com이 참조됩니다.",
            "id": "sample_018_0091_000010",
            "annotations": [
                {
                    "word": "010-9123-4567",
                    "start": 48,
                    "end": 61,
                    "label": "개인정보"
                },
                {
                    "word": "chulhan.goh@example.com",
                    "start": 68,
                    "end": 91,
                    "label": "개인정보"
                }
            ]
        },
        {
            "sentence": "안전담당(HS Manager): 박지한이 현장 안전관리 책임자로 지정되어 있으며 성별: 남, 생년월일: 1987-09-21이 인사기록에 기재되어 있습니다.",
            "id": "sample_018_0091_000011",
            "annotations": [
                {
                    "word": "박지한",
                    "start": 18,
                    "end": 21,
                    "label": "개인정보"
                },
                {
                    "word": "남",
                    "start": 49,
                    "end": 50,
                    "label": "준식별자"
                },
                {
                    "word": "1987-09-21",
                    "start": 58,
                    "end": 68,
                    "label": "준식별자"
                }
            ]
        },
        {
            "sentence": "현장 및 사무실 주소는 사무실 주소: 서울특별시 강남구 테헤란로 123-45 호실 101로 표기되어 현장대응팀의 집결지로 사용됩니다.",
            "id": "sample_018_0091_000012",
            "annotations": [
                {
                    "word": "서울특별시 강남구 테헤란로 123-45 호실 101",
                    "start": 21,
                    "end": 49,
                    "label": "개인정보"
                }
            ]
        },
        {
            "sentence": "계약서상의 총공사비(협약가)는 총공사비: 12,345,678,900원으로 산정되어 예산·지급내역과 연계 저장됩니다.",
            "id": "sample_018_0091_000013",
            "annotations": [
                {
                    "word": "12,345,678,900원",
                    "start": 23,
                    "end": 38,
                    "label": "기밀정보"
                }
            ]
        },
        {
            "sentence": "지급을 위한 계좌정보는 보안대상으로 계좌번호(입금용): 110-234-567890로 내부 전자결재 문서에 등록되어 있습니다.",
            "id": "sample_018_0091_000014",
            "annotations": [
                {
                    "word": "110-234-567890",
                    "start": 31,
                    "end": 45,
                    "label": "기밀정보"
                }
            ]
        },
        {
            "sentence": "BIM 파일 메타데이터는 파일명 BIM_Model_v2.ifc, 저장경로 file:///srv/bim/projects/PRJ-2025-003/BIM_v2.ifc, 버전 v2.3으로 관리됩니다.",
            "id": "sample_018_0091_000015",
            "annotations": [
                {
                    "word": "file:///srv/bim/projects/PRJ-2025-003/BIM_v2.ifc",
                    "start": 41,
                    "end": 89,
                    "label": "기밀정보"
                }
            ]
        },
        {
            "sentence": "프로젝트 관련 내부 서버 정보는 접근통제가 필요하며 내부 서버 IP: 10.10.23.45가 구축환경 문서에 표기되어 있습니다.",
            "id": "sample_018_0091_000016",
            "annotations": [
                {
                    "word": "10.10.23.45",
                    "start": 39,
                    "end": 50,
                    "label": "기밀정보"
                }
            ]
        },
        {
            "sentence": "환경영향평가서 제출일은 2023-11-05이며 결과요약과 권고안은 환경관리 섹션에 포함되어 있습니다.",
            "id": "sample_018_0091_000017",
            "annotations": [
                {
                    "word": "2023-11-05",
                    "start": 13,
                    "end": 23,
                    "label": "준식별자"
                }
            ]
        },
        {
            "sentence": "지반조사 및 지형정보는 프로젝트 중심좌표 위도 37.384512, 경도 127.123789(WGS84)로 표준화하여 디지털지도와 연계했습니다.",
            "id": "sample_018_0091_000018",
            "annotations": []
        },
        {
            "sentence": "공정관리(Gantt) 버전 1.4에는 주요공정 기간이 명시되어 있으며 예로 기초공사(2024-04-01~2024-07-31), 골조공사(2024-08-01~2025-03-31)가 포함됩니다.",
            "id": "sample_018_0091_000019",
            "annotations": [
                {
                    "word": "2024-04-01",
                    "start": 47,
                    "end": 57,
                    "label": "준식별자"
                },
                {
                    "word": "2024-07-31",
                    "start": 58,
                    "end": 68,
                    "label": "준식별자"
                },
                {
                    "word": "2024-08-01",
                    "start": 76,
                    "end": 86,
                    "label": "준식별자"
                },
                {
                    "word": "2025-03-31",
                    "start": 87,
                    "end": 97,
                    "label": "준식별자"
                }
            ]
        },
        {
            "sentence": "변경지시서 CO-015는 지하층 배관 설계 변경으로 비용영향액 45,000,000원이 추정되며 책임자: 안정태의 검토를 거쳐 승인대기 상태입니다.",
            "id": "sample_018_0091_000020",
            "annotations": [
                {
                    "word": "45,000,000원",
                    "start": 35,
                    "end": 46,
                    "label": "기밀정보"
                },
                {
                    "word": "안정태",
                    "start": 58,
                    "end": 61,
                    "label": "개인정보"
                }
            ]
        },
        {
            "sentence": "콘크리트 압축강도 시험성적서의 시험일은 2024-05-20로 표기되어 시험결과와 배합관리 이력이 연계됩니다.",
            "id": "sample_018_0091_000021",
            "annotations": [
                {
                    "word": "2024-05-20",
                    "start": 22,
                    "end": 32,
                    "label": "준식별자"
                }
            ]
        },
        {
            "sentence": "현장 계측(기울기·진동)은 타임스탬프 기반으로 저장되며 샘플 기록에 2024-06-15T09:00:00Z 측정값 0.0023rad가 포함됩니다.",
            "id": "sample_018_0091_000022",
            "annotations": [
                {
                    "word": "2024-06-15T09:00:00Z",
                    "start": 38,
                    "end": 58,
                    "label": "준식별자"
                }
            ]
        },
        {
            "sentence": "드론사진 메타데이터는 파일명 IMG_20240615_001.jpg와 URL https://cdn.projectfiles.example.com/PRJ-2025-003/drone/IMG_20240615_001.jpg로 인덱싱됩니다.",
            "id": "sample_018_0091_000023",
            "annotations": [
                {
                    "word": "https://cdn.projectfiles.example.com/PRJ-2025-003/drone/IMG_20240615_001.jpg",
                    "start": 42,
                    "end": 118,
                    "label": "기밀정보"
                }
            ]
        },
        {
            "sentence": "하도급사는 계약서에 따라 ABC건설(대표: 류수호)이 선정되었으며 하도급 금액 4,500,000,000원과 대표 연락처 010-9988-7766이 계약서 메타에 기록됩니다.",
            "id": "sample_018_0091_000024",
            "annotations": [
                {
                    "word": "류수호",
                    "start": 24,
                    "end": 27,
                    "label": "개인정보"
                },
                {
                    "word": "010-9988-7766",
                    "start": 67,
                    "end": 80,
                    "label": "개인정보"
                },
                {
                    "word": "4,500,000,000원",
                    "start": 44,
                    "end": 58,
                    "label": "기밀정보"
                }
            ]
        },
        {
            "sentence": "지자체 허가 관련 증빙은 허가문서 URL: https://epermit.government.kr/permit/PRJ-2025-003/12345와 함께 원본 메타를 연결합니다.",
            "id": "sample_018_0091_000025",
            "annotations": []
        },
        {
            "sentence": "준공 후 As-built 도면은 BIM_v2_asbuilt.ifc로 명명하여 보존하며 법정 보존기간 10년을 적용해 아카이빙합니다.",
            "id": "sample_018_0091_000026",
            "annotations": []
        },
        {
            "sentence": "품질관리 부적합 발생 시 시정조치 보고서를 등록하고 담당자 박지찬에게 통보해 추적관리를 진행합니다.",
            "id": "sample_018_0091_000027",
            "annotations": [
                {
                    "word": "박지찬",
                    "start": 33,
                    "end": 36,
                    "label": "개인정보"
                }
            ]
        },
        {
            "sentence": "산업안전보건법 준수를 위해 안전교육 기록을 별도 DB에 보관하며 교육일자 예시로 2024-03-10이 포함됩니다.",
            "id": "sample_018_0091_000028",
            "annotations": [
                {
                    "word": "2024-03-10",
                    "start": 45,
                    "end": 55,
                    "label": "준식별자"
                }
            ]
        },
        {
            "sentence": "본 문서는 건축법, 산업안전보건법 및 지방자치단체 허가 규정 준수를 전제로 작성되었으며 관련 규정 원문은 메타데이터 링크로 제공됩니다.",
            "id": "sample_018_0091_000029",
            "annotations": []
        },
        {
            "sentence": "즉시 조치사항: 변경지시서 CO-015의 비용영향 검토 및 은행계좌 확인을 담당자 고철한에게 지시하며 처리기한은 7일로 설정합니다.",
            "id": "sample_018_0091_000030",
            "annotations": [
                {
                    "word": "고철한",
                    "start": 46,
                    "end": 49,
                    "label": "개인정보"
                }
            ]
        }
    ]
}