{
    "document_id": "031_0078",
    "document_title": "폐기물 수거·운송·처리 통합 운송장 및 처리보고서 v1.02",
    "data": [
        {
            "sentence": "문서 버전 v1.02, 생성일 2026-01-08T09:30:00Z, 감사타임스탬프 2026-01-08T09:45:00Z이 기록되어 있으며 모든 타임스탬프는 ISO8601(UTC) 형식을 준수합니다.",
            "id": "sample_031_0078_000001",
            "annotations": [
                {
                    "word": "2026-01-08T09:30:00Z",
                    "start": 17,
                    "end": 37,
                    "label": "준식별자"
                },
                {
                    "word": "2026-01-08T09:45:00Z",
                    "start": 47,
                    "end": 67,
                    "label": "준식별자"
                }
            ]
        },
        {
            "sentence": "본 보고서는 가정·사업장·산업계에서 발생하는 혼합 유해성 폐기물의 수거·운송·중간처리·재활용 및 최종처분 이력을 cradle-to-grave 관점에서 기록합니다.",
            "id": "sample_031_0078_000002",
            "annotations": []
        },
        {
            "sentence": "연락 담당자 및 문서관리 책임자: 배은진, 연락처(검증용): 010-1234-5678, 이메일: bae.eunjin@wasteco.kr; 개인정보 수집·이용 근거: 폐기물관리법 및 계약서 명시 동의에 따름.",
            "id": "sample_031_0078_000003",
            "annotations": [
                {
                    "word": "배은진",
                    "start": 19,
                    "end": 22,
                    "label": "개인정보"
                },
                {
                    "word": "010-1234-5678",
                    "start": 34,
                    "end": 47,
                    "label": "개인정보"
                },
                {
                    "word": "bae.eunjin@wasteco.kr",
                    "start": 54,
                    "end": 75,
                    "label": "개인정보"
                }
            ]
        },
        {
            "sentence": "수거 일정: 수거 지점 ID CP-2026-045, 수거 시각 2026-01-07T14:22:00Z, 수거 지점 행정구역(시/군/구): 경기도, 성남시, 분당구(위치정보는 익명화·최소수집 원칙 적용).",
            "id": "sample_031_0078_000004",
            "annotations": [
                {
                    "word": "2026-01-07T14:22:00Z",
                    "start": 35,
                    "end": 55,
                    "label": "준식별자"
                },
                {
                    "word": "경기도",
                    "start": 76,
                    "end": 79,
                    "label": "준식별자"
                },
                {
                    "word": "성남시",
                    "start": 81,
                    "end": 84,
                    "label": "준식별자"
                },
                {
                    "word": "분당구",
                    "start": 86,
                    "end": 89,
                    "label": "준식별자"
                }
            ]
        },
        {
            "sentence": "운송 차량 ID VEH-54-A의 실시간 GPS 로그가 로컬 큐에 저장되었으며, 운전자 정보는 운전자명 곽연후로 기록되었고 오프라인 시 자동 동기화됩니다.",
            "id": "sample_031_0078_000005",
            "annotations": [
                {
                    "word": "곽연후",
                    "start": 58,
                    "end": 61,
                    "label": "개인정보"
                }
            ]
        },
        {
            "sentence": "운송장(Manifest) 번호 MAN-20260108-000114은 체인 오브 카스트를 위해 불변 로그에 해시로 저장되며, 해당 문서는 내부 결재자 엄광혁과 승인코드 INT-APP-88로 인증되었습니다.",
            "id": "sample_031_0078_000006",
            "annotations": [
                {
                    "word": "엄광혁",
                    "start": 83,
                    "end": 86,
                    "label": "개인정보"
                },
                {
                    "word": "INT-APP-88",
                    "start": 93,
                    "end": 103,
                    "label": "기밀정보"
                }
            ]
        },
        {
            "sentence": "폐기물 분류: EWC 20 01 13*(광유·에멀젼류), 국제운송 위험물 UN 1202(DIESEL FUEL) 적용, 참조 SDS: SDS-UN1202-v2에 UN 번호별 안전취급 절차가 명시됩니다.",
            "id": "sample_031_0078_000007",
            "annotations": []
        },
        {
            "sentence": "조성분석 결과 요약: 총중량 1250.3 kg, 수분함량 12.4%, 오염률(비가연성 혼입) 2.1%로 표준 허용치 내외이며 분석보고서 원본이 첨부됩니다.",
            "id": "sample_031_0078_000008",
            "annotations": []
        },
        {
            "sentence": "중량계 기록: 중량계 ID SCALE-03, 교정일 2025-12-01T00:00:00Z(교정증서 참조), 표기 공차 ±0.5 kg, 측정노이즈 ±0.8 kg을 반영하여 보정값을 적용했습니다.",
            "id": "sample_031_0078_000009",
            "annotations": [
                {
                    "word": "2025-12-01T00:00:00Z",
                    "start": 29,
                    "end": 49,
                    "label": "준식별자"
                }
            ]
        },
        {
            "sentence": "IoT 센서 데이터(충만도·경사도)에는 교정계수 및 허용오차가 포함되며 실시간 노이즈 시뮬레이션으로 ±3% 랜덤 변동을 적용하였습니다.",
            "id": "sample_031_0078_000010",
            "annotations": []
        },
        {
            "sentence": "분류 사진 메타데이터: 파일명 IMG_20260107_1422.jpg, 촬영시각 2026-01-07T14:22:30Z, 라벨링: 플라스틱 혼합(라벨링 버전 v1.4), 이미지 해시 및 라벨 신뢰도 포함.",
            "id": "sample_031_0078_000011",
            "annotations": []
        },
        {
            "sentence": "처리 공정 로그(소각/열처리 예시): 단계 A 예열 200°C(30분), 단계 B 연소 450°C(120분), 배출가스 정화장치 가동 여부와 체류시간을 초단위로 기록했습니다.",
            "id": "sample_031_0078_000012",
            "annotations": []
        },
        {
            "sentence": "재활용률 보고서 초안: 처리량 대비 재활용 회수율 72.5%로 집계되었고, 규제 제출 형식(분기별 전자보고)은 CSV·XML 표준을 모두 지원합니다.",
            "id": "sample_031_0078_000013",
            "annotations": []
        },
        {
            "sentence": "운영 허가 정보: 처리시설 허가번호 RCL-2024-7789, 유효기간 2026-12-31, 허가 관련 문서는 접근 권한 기반으로 관리됩니다.",
            "id": "sample_031_0078_000014",
            "annotations": [
                {
                    "word": "RCL-2024-7789",
                    "start": 20,
                    "end": 33,
                    "label": "기밀정보"
                }
            ]
        },
        {
            "sentence": "계약 및 청구: 계약번호 CNT-2025-334, 청구서에 기재된 결제 계좌 기업은행 123-456789-01-001은 기밀정보로 분류되어 권한자만 열람 가능합니다.",
            "id": "sample_031_0078_000015",
            "annotations": [
                {
                    "word": "기업은행 123-456789-01-001",
                    "start": 43,
                    "end": 65,
                    "label": "기밀정보"
                }
            ]
        },
        {
            "sentence": "민원·사고보고: 사고 ID INC-20260107-01, 발생시각 2026-01-07T13:58:00Z, 조치사항 및 사진·영상 증거가 첨부되어 규제기관 제출용 자료로 보관됩니다.",
            "id": "sample_031_0078_000016",
            "annotations": [
                {
                    "word": "2026-01-07T13:58:00Z",
                    "start": 37,
                    "end": 57,
                    "label": "준식별자"
                }
            ]
        },
        {
            "sentence": "시설 유지보수 기록: 정비일 2026-01-06T08:10:00Z, 정비 담당자 곽주혜, 교체부품 및 성능 체크리스트가 전자문서로 저장되었습니다.",
            "id": "sample_031_0078_000017",
            "annotations": [
                {
                    "word": "곽주혜",
                    "start": 45,
                    "end": 48,
                    "label": "개인정보"
                }
            ]
        },
        {
            "sentence": "환경 배출 모니터링 데이터: 연속대기측정기(NOx) 평균 배출량 0.012 kg/h, 로그는 1분 단위로 수집되며 CSV 백업본이 존재합니다.",
            "id": "sample_031_0078_000018",
            "annotations": []
        },
        {
            "sentence": "오프라인 동작 정책: 셀룰러 신호 두절 시 로컬 큐잉을 수행하고 재접속 후 타임스탬프 기반 충돌해결(최신 우선, LWW)을 적용합니다.",
            "id": "sample_031_0078_000019",
            "annotations": []
        },
        {
            "sentence": "감사 불변성 보장을 위해 거래별 체인 해시(SHA256)와 블록타임을 기록하며, 해시값 및 메타데이터는 외부 감사에서 확인 가능합니다.",
            "id": "sample_031_0078_000020",
            "annotations": []
        },
        {
            "sentence": "데이터 보존 정책: 관련 법령에 따라 핵심 기록은 최소 5년 보존되며 보존기간 만료 전 점검 절차를 통해 안전하게 폐기합니다.",
            "id": "sample_031_0078_000021",
            "annotations": []
        },
        {
            "sentence": "교정증서 및 품질보증: 중량계 교정증서 파일 CAL-CERT-20251201.pdf가 첨부되어 있으며 교정기관과 검사결과가 메타데이터로 포함됩니다.",
            "id": "sample_031_0078_000022",
            "annotations": []
        },
        {
            "sentence": "운전자 개인정보 확인용 생년월일(검증목적) 1985-06-12이 차트에 암호화 형태로 보관되며 접근은 최소권한 원칙으로 제한됩니다.",
            "id": "sample_031_0078_000023",
            "annotations": [
                {
                    "word": "1985-06-12",
                    "start": 24,
                    "end": 34,
                    "label": "준식별자"
                }
            ]
        },
        {
            "sentence": "체인 오브 카스트 서명 블록: 서명자 엄광혁(서명이미지 첨부), 서명타임스탬프 2026-01-08T09:40:00Z, 전자서명 무결성은 PKI로 검증됩니다.",
            "id": "sample_031_0078_000024",
            "annotations": [
                {
                    "word": "엄광혁",
                    "start": 21,
                    "end": 24,
                    "label": "개인정보"
                },
                {
                    "word": "2026-01-08T09:40:00Z",
                    "start": 44,
                    "end": 64,
                    "label": "준식별자"
                }
            ]
        },
        {
            "sentence": "권한 및 접근통제: 역할기반 접근제어(RBAC)를 적용하여 수거업체·지자체·재활용업체·규제기관 간 데이터 접근을 세분화하였습니다.",
            "id": "sample_031_0078_000025",
            "annotations": []
        },
        {
            "sentence": "규제 제출 주기: 재활용률·배출량 보고는 분기별 제출이며 다음 전자제출 마감일은 2026-03-31로 시스템 일정에 등록되어 있습니다.",
            "id": "sample_031_0078_000026",
            "annotations": [
                {
                    "word": "2026-03-31",
                    "start": 45,
                    "end": 55,
                    "label": "준식별자"
                }
            ]
        },
        {
            "sentence": "안전보건자료(SDS) 주요사항 요약: 흡입금지·누출시 격리 및 화학적 노출 시 응급처치 절차를 UN 1202 관련 SDS에서 참조하시오.",
            "id": "sample_031_0078_000027",
            "annotations": []
        },
        {
            "sentence": "결론 및 액션아이템: 다음 점검 일정 2026-02-15T10:00:00Z에 맞춰 장비교정·문서갱신을 수행하고 결과를 전자보관소에 등록하십시오.",
            "id": "sample_031_0078_000028",
            "annotations": [
                {
                    "word": "2026-02-15T10:00:00Z",
                    "start": 21,
                    "end": 41,
                    "label": "준식별자"
                }
            ]
        }
    ]
}