{
    "document_id": "031_0063",
    "document_title": "수거·운송·처리 통합 감사보고서 및 체인 오브 카스트(폐기물관리)",
    "data": [
        {
            "sentence": "문서 개요: 본 보고서는 폐기물의 수거, 운송, 중간처리 및 재활용에 관한 체인 오브 카스트(Traceability)와 규제준수 점검사항을 종합적으로 기록합니다.",
            "id": "sample_031_0063_000001",
            "annotations": []
        },
        {
            "sentence": "수거 일정 및 수거 지점: 수거 시각(ISO8601): 2026-01-07T09:15:00Z, 수거 지점 ID: STN-0007 (서울특별시 강서구)로 표기합니다.",
            "id": "sample_031_0063_000002",
            "annotations": [
                {
                    "word": "서울특별시",
                    "start": 73,
                    "end": 78,
                    "label": "준식별자"
                },
                {
                    "word": "강서구",
                    "start": 79,
                    "end": 82,
                    "label": "준식별자"
                },
                {
                    "word": "2026",
                    "start": 31,
                    "end": 35,
                    "label": "준식별자"
                },
                {
                    "word": "01",
                    "start": 26,
                    "end": 28,
                    "label": "준식별자"
                },
                {
                    "word": "01",
                    "start": 36,
                    "end": 38,
                    "label": "준식별자"
                },
                {
                    "word": "07",
                    "start": 39,
                    "end": 41,
                    "label": "준식별자"
                },
                {
                    "word": "07",
                    "start": 69,
                    "end": 71,
                    "label": "준식별자"
                },
                {
                    "word": "STN-0007",
                    "start": 63,
                    "end": 71,
                    "label": "기밀정보"
                }
            ]
        },
        {
            "sentence": "차량 및 운행: 차량 ID: TRK-87-A, 운전자: 고영진, 운행 경로 GPS 로그 요약: 37.5512N,126.8495E -> 37.5620N,126.8630E로 기록됩니다.",
            "id": "sample_031_0063_000003",
            "annotations": [
                {
                    "word": "고영진",
                    "start": 31,
                    "end": 34,
                    "label": "개인정보"
                },
                {
                    "word": "37.5512N,126.8495E",
                    "start": 53,
                    "end": 71,
                    "label": "준식별자"
                },
                {
                    "word": "37.5620N,126.8630E",
                    "start": 75,
                    "end": 93,
                    "label": "준식별자"
                },
                {
                    "word": "TRK-87-A",
                    "start": 16,
                    "end": 24,
                    "label": "기밀정보"
                }
            ]
        },
        {
            "sentence": "운송장(Manifest): 운송장 번호 MAN-031-20260107-0001, 발행시각 2026-01-07T10:05:00Z, 체인 무결성 해시(본문 생략) 및 전자서명을 포함합니다.",
            "id": "sample_031_0063_000004",
            "annotations": [
                {
                    "word": "MAN-031-20260107-0001",
                    "start": 22,
                    "end": 43,
                    "label": "기밀정보"
                },
                {
                    "word": "2026",
                    "start": 30,
                    "end": 34,
                    "label": "준식별자"
                },
                {
                    "word": "2026",
                    "start": 50,
                    "end": 54,
                    "label": "준식별자"
                },
                {
                    "word": "01",
                    "start": 34,
                    "end": 36,
                    "label": "준식별자"
                },
                {
                    "word": "01",
                    "start": 41,
                    "end": 43,
                    "label": "준식별자"
                },
                {
                    "word": "01",
                    "start": 55,
                    "end": 57,
                    "label": "준식별자"
                },
                {
                    "word": "07",
                    "start": 36,
                    "end": 38,
                    "label": "준식별자"
                },
                {
                    "word": "07",
                    "start": 58,
                    "end": 60,
                    "label": "준식별자"
                }
            ]
        },
        {
            "sentence": "중량계 기록: 적재 전 0.0 kg, 하차 후 1,250.6 kg, 측정시각 2026-01-07T10:33:12Z, 스케일 시리얼 SCL-45321, 교정허용오차 ±0.5 kg (교정일: 2025-10-15).",
            "id": "sample_031_0063_000005",
            "annotations": [
                {
                    "word": "SCL-45321",
                    "start": 73,
                    "end": 82,
                    "label": "기밀정보"
                },
                {
                    "word": "2026",
                    "start": 43,
                    "end": 47,
                    "label": "준식별자"
                },
                {
                    "word": "01",
                    "start": 48,
                    "end": 50,
                    "label": "준식별자"
                },
                {
                    "word": "07",
                    "start": 51,
                    "end": 53,
                    "label": "준식별자"
                },
                {
                    "word": "2025",
                    "start": 105,
                    "end": 109,
                    "label": "준식별자"
                },
                {
                    "word": "10",
                    "start": 54,
                    "end": 56,
                    "label": "준식별자"
                },
                {
                    "word": "10",
                    "start": 110,
                    "end": 112,
                    "label": "준식별자"
                },
                {
                    "word": "15",
                    "start": 113,
                    "end": 115,
                    "label": "준식별자"
                }
            ]
        },
        {
            "sentence": "폐기물 분류 및 위험물 표기: EWC 코드 20 01 36(혼합 플라스틱), UN 번호 및 SDS 참조를 병기하며 해당 물질의 SDS 버전과 특별 취급 지침을 명시합니다.",
            "id": "sample_031_0063_000006",
            "annotations": []
        },
        {
            "sentence": "조성분석: 오염률 3.8%, 수분함량 12.4% (샘플링 채취 시각 2026-01-07T09:20:00Z), 분석방법 및 샘플 번호는 내부 분석 로그에 보관합니다.",
            "id": "sample_031_0063_000007",
            "annotations": [
                {
                    "word": "2026",
                    "start": 38,
                    "end": 42,
                    "label": "준식별자"
                },
                {
                    "word": "01",
                    "start": 43,
                    "end": 45,
                    "label": "준식별자"
                },
                {
                    "word": "07",
                    "start": 46,
                    "end": 48,
                    "label": "준식별자"
                }
            ]
        },
        {
            "sentence": "분류 사진 메타데이터: photo_20260107_0916.jpg, 촬영시각 2026-01-07T09:16:10Z, 라벨: 플라스틱 혼합, 해상도 4032x3024, 카메라 ID 마스크 처리 후 저장.",
            "id": "sample_031_0063_000008",
            "annotations": [
                {
                    "word": "2026",
                    "start": 19,
                    "end": 23,
                    "label": "준식별자"
                },
                {
                    "word": "2026",
                    "start": 43,
                    "end": 47,
                    "label": "준식별자"
                },
                {
                    "word": "01",
                    "start": 23,
                    "end": 25,
                    "label": "준식별자"
                },
                {
                    "word": "01",
                    "start": 48,
                    "end": 50,
                    "label": "준식별자"
                },
                {
                    "word": "07",
                    "start": 25,
                    "end": 27,
                    "label": "준식별자"
                },
                {
                    "word": "07",
                    "start": 51,
                    "end": 53,
                    "label": "준식별자"
                }
            ]
        },
        {
            "sentence": "처리 공정 로그: 단계1 세척 85°C 30분, 단계2 분쇄 RPM 1450 12분, 단계3 건조 120°C 45분, 설비 ID: PROC-110(운영기록 보관).",
            "id": "sample_031_0063_000009",
            "annotations": [
                {
                    "word": "PROC-110",
                    "start": 73,
                    "end": 81,
                    "label": "기밀정보"
                }
            ]
        },
        {
            "sentence": "재활용률 보고서(규제 제출용): 2025년 기준 재활용률 62.3%로 집계되었으며 제출 주기는 지방자치단체 규정에 따라 월별 전자보고입니다.",
            "id": "sample_031_0063_000010",
            "annotations": [
                {
                    "word": "2025",
                    "start": 18,
                    "end": 22,
                    "label": "준식별자"
                }
            ]
        },
        {
            "sentence": "허가증 및 유효성: 운영 허가번호 WASTE-PERMIT-2025-0098, 유효기간 2023-01-01 ~ 2028-12-31, 발급기관 표시 및 허가조건을 부기합니다.",
            "id": "sample_031_0063_000011",
            "annotations": [
                {
                    "word": "WASTE-PERMIT-2025-0098",
                    "start": 19,
                    "end": 41,
                    "label": "기밀정보"
                },
                {
                    "word": "2023",
                    "start": 48,
                    "end": 52,
                    "label": "준식별자"
                },
                {
                    "word": "01",
                    "start": 53,
                    "end": 55,
                    "label": "준식별자"
                },
                {
                    "word": "01",
                    "start": 56,
                    "end": 58,
                    "label": "준식별자"
                },
                {
                    "word": "2028",
                    "start": 61,
                    "end": 65,
                    "label": "준식별자"
                },
                {
                    "word": "12",
                    "start": 66,
                    "end": 68,
                    "label": "준식별자"
                },
                {
                    "word": "31",
                    "start": 69,
                    "end": 71,
                    "label": "준식별자"
                }
            ]
        },
        {
            "sentence": "계약·청구: 계약서 버전 3.2에 따른 청구서 INV-2026-00071을 발행했으며 결제조건은 30일 내 지급, 접근권한은 권한 기반으로 제한합니다.",
            "id": "sample_031_0063_000012",
            "annotations": [
                {
                    "word": "INV-2026-00071",
                    "start": 26,
                    "end": 40,
                    "label": "기밀정보"
                }
            ]
        },
        {
            "sentence": "민원 및 사고 보고: 민원 접수 2026-01-06T18:42:00Z, 신고내용 방진 미흡 및 악취, 현장조치 및 후속보고 절차를 기록했습니다.",
            "id": "sample_031_0063_000013",
            "annotations": [
                {
                    "word": "2026",
                    "start": 18,
                    "end": 22,
                    "label": "준식별자"
                },
                {
                    "word": "01",
                    "start": 23,
                    "end": 25,
                    "label": "준식별자"
                },
                {
                    "word": "06",
                    "start": 26,
                    "end": 28,
                    "label": "준식별자"
                }
            ]
        },
        {
            "sentence": "시설 유지보수 기록: 펌프 교체 작업, 정비자 윤아진, 점검시각 2026-01-07T13:10:00Z, 부품번호 PUMP-9A, 점검결과 양호로 보고합니다.",
            "id": "sample_031_0063_000014",
            "annotations": [
                {
                    "word": "윤아진",
                    "start": 26,
                    "end": 29,
                    "label": "개인정보"
                },
                {
                    "word": "2026",
                    "start": 36,
                    "end": 40,
                    "label": "준식별자"
                },
                {
                    "word": "01",
                    "start": 41,
                    "end": 43,
                    "label": "준식별자"
                },
                {
                    "word": "07",
                    "start": 44,
                    "end": 46,
                    "label": "준식별자"
                },
                {
                    "word": "PUMP-9A",
                    "start": 63,
                    "end": 70,
                    "label": "기밀정보"
                }
            ]
        },
        {
            "sentence": "센서 및 중량계 데이터 요약: 센서ID SENS-77 평균충만도 83.2% ±2.1%, 샘플링 주기 60초, 센서 교정정보 및 로컬 큐잉 동기화 로그 포함.",
            "id": "sample_031_0063_000015",
            "annotations": [
                {
                    "word": "SENS-77",
                    "start": 22,
                    "end": 29,
                    "label": "기밀정보"
                }
            ]
        },
        {
            "sentence": "환경배출 모니터링: CO 배출률 0.12 g/s, 연속감시장비 CEMS-Record v1.4, 기록시각 2026-01-07T14:00:00Z, 데이터 보전정책 준수.",
            "id": "sample_031_0063_000016",
            "annotations": [
                {
                    "word": "2026",
                    "start": 58,
                    "end": 62,
                    "label": "준식별자"
                },
                {
                    "word": "01",
                    "start": 63,
                    "end": 65,
                    "label": "준식별자"
                },
                {
                    "word": "07",
                    "start": 66,
                    "end": 68,
                    "label": "준식별자"
                },
                {
                    "word": "CEMS-Record v1.4",
                    "start": 35,
                    "end": 51,
                    "label": "기밀정보"
                }
            ]
        },
        {
            "sentence": "오프라인 작동 및 동기화: 네트워크 단절 발생 2026-01-07T14:12:05Z ~ 2026-01-07T14:23:10Z 동안 로컬 큐에 저장 후 충돌 없이 동기화 완료했습니다.",
            "id": "sample_031_0063_000017",
            "annotations": [
                {
                    "word": "2026",
                    "start": 26,
                    "end": 30,
                    "label": "준식별자"
                },
                {
                    "word": "2026",
                    "start": 49,
                    "end": 53,
                    "label": "준식별자"
                },
                {
                    "word": "01",
                    "start": 31,
                    "end": 33,
                    "label": "준식별자"
                },
                {
                    "word": "01",
                    "start": 54,
                    "end": 56,
                    "label": "준식별자"
                },
                {
                    "word": "07",
                    "start": 34,
                    "end": 36,
                    "label": "준식별자"
                },
                {
                    "word": "07",
                    "start": 57,
                    "end": 59,
                    "label": "준식별자"
                }
            ]
        },
        {
            "sentence": "영상 분류 모델 메타데이터: 모델버전 recyclenet_v2.0, confidence threshold 0.87, 프레임 샘플링 1fps, 모델 업데이트 기록 포함.",
            "id": "sample_031_0063_000018",
            "annotations": []
        },
        {
            "sentence": "안전보건자료(SDS): 위험물 UN 번호 UN1203(가솔린), SDS 문서ID SDS-UN1203-v2, 취급주의 및 개인보호구 권고를 명시했습니다.",
            "id": "sample_031_0063_000019",
            "annotations": []
        },
        {
            "sentence": "운송장·처분 문서의 불변성: 모든 운송장 및 최종처분 기록은 변경불가 로그로 저장되며 디지털서명과 감사타임스탬프를 포함합니다.",
            "id": "sample_031_0063_000020",
            "annotations": []
        },
        {
            "sentence": "감사 로그 예시: 버전 1.0.3 생성시각 2026-01-07T17:45:30Z, 변경자는 시스템(자동 동기화)으로 기록되어 이력추적이 가능합니다.",
            "id": "sample_031_0063_000021",
            "annotations": [
                {
                    "word": "2026",
                    "start": 24,
                    "end": 28,
                    "label": "준식별자"
                },
                {
                    "word": "01",
                    "start": 29,
                    "end": 31,
                    "label": "준식별자"
                },
                {
                    "word": "07",
                    "start": 32,
                    "end": 34,
                    "label": "준식별자"
                }
            ]
        },
        {
            "sentence": "권한·접근 통제: 허가·계약·청구 관련 데이터는 롤 기반 접근 제어(RBAC) 및 암호화 키 관리 하에 저장됩니다.",
            "id": "sample_031_0063_000022",
            "annotations": []
        },
        {
            "sentence": "규제 준수 및 보존기간: 지방자치단체 제출 주기 및 전자보고 형식을 준수하며, 데이터 보존기간은 법정기한 5년을 적용합니다.",
            "id": "sample_031_0063_000023",
            "annotations": []
        },
        {
            "sentence": "권장 조치: 중량계 교정주기 6개월, 센서 재교정 및 SD 카드 교체 권고, 재발방지 교육 및 프로세스 점검을 포함합니다.",
            "id": "sample_031_0063_000024",
            "annotations": []
        },
        {
            "sentence": "민원 후속조치: 접수 후 72시간 이내 재점검 시행, 개선완료 시 전자보고 및 사진 증빙 업로드로 처리완료를 기록합니다.",
            "id": "sample_031_0063_000025",
            "annotations": []
        },
        {
            "sentence": "개인정보 최소화 조치: 수거자 및 신고자의 PII는 익명화 또는 마스킹 처리하며 법적 근거로 폐기물관리법을 준수합니다.",
            "id": "sample_031_0063_000026",
            "annotations": []
        },
        {
            "sentence": "문서 버전 및 최종 승인: 버전 1.0, 최종승인자 임하늬, 승인시각 2026-01-07T18:00:00Z, 감사타임스탬프 2026-01-07T18:00:00Z로 기록됩니다.",
            "id": "sample_031_0063_000027",
            "annotations": [
                {
                    "word": "임하늬",
                    "start": 29,
                    "end": 32,
                    "label": "개인정보"
                },
                {
                    "word": "2026",
                    "start": 39,
                    "end": 43,
                    "label": "준식별자"
                },
                {
                    "word": "2026",
                    "start": 69,
                    "end": 73,
                    "label": "준식별자"
                },
                {
                    "word": "01",
                    "start": 44,
                    "end": 46,
                    "label": "준식별자"
                },
                {
                    "word": "01",
                    "start": 74,
                    "end": 76,
                    "label": "준식별자"
                },
                {
                    "word": "07",
                    "start": 47,
                    "end": 49,
                    "label": "준식별자"
                },
                {
                    "word": "07",
                    "start": 77,
                    "end": 79,
                    "label": "준식별자"
                }
            ]
        },
        {
            "sentence": "보관 및 문의: 본 문서는 전자서명과 블록체인 해시로 보관되며 추가 문의는 권한 있는 담당자를 통해 요청하시기 바랍니다.",
            "id": "sample_031_0063_000028",
            "annotations": []
        }
    ]
}