{
    "document_id": "031_0054",
    "document_title": "수거·운송·처리 통합 운송장 및 처리보고서(체인오브카스트 포함)",
    "data": [
        {
            "sentence": "본 문서는 가정·사업장·산업계에서 발생한 폐기물의 수거, 운송, 중간처리, 재활용 및 최종처분까지의 통합 이력과 규제 제출용 요약을 기술한 공식 보고서입니다.",
            "id": "sample_031_0054_000001",
            "annotations": []
        },
        {
            "sentence": "문서 메타데이터: document_id=031_0054, 버전=1.0, 생성일시(감사타임스탬프)=2026-01-08T10:00:00Z, 체인오브카스트 해시 포함.",
            "id": "sample_031_0054_000002",
            "annotations": [
                {
                    "word": "2026-01-08T10:00:00Z",
                    "start": 54,
                    "end": 74,
                    "label": "준식별자"
                }
            ]
        },
        {
            "sentence": "검수 및 최종승인: 장엘리나(검수책임자) 서명 및 전자서명 해시가 감사 로그에 기록되어 있습니다.",
            "id": "sample_031_0054_000003",
            "annotations": [
                {
                    "word": "장엘리나",
                    "start": 11,
                    "end": 15,
                    "label": "개인정보"
                }
            ]
        },
        {
            "sentence": "수거 스케줄 요약: 출발 예정일시(수거예정)=2026-01-09T07:00:00Z, 오프라인 큐잉 시 로컬 저장 후 동기화 규칙 적용.",
            "id": "sample_031_0054_000004",
            "annotations": [
                {
                    "word": "2026-01-09T07:00:00Z",
                    "start": 25,
                    "end": 45,
                    "label": "준식별자"
                }
            ]
        },
        {
            "sentence": "수거 지점 식별: 지점ID=WPT-20260109-001, 행정구역(시/군/구)=경기도 성남시, 폐기물 성상·용기 유형 및 접근 제한 사항 명시.",
            "id": "sample_031_0054_000005",
            "annotations": [
                {
                    "word": "경기도",
                    "start": 45,
                    "end": 48,
                    "label": "준식별자"
                },
                {
                    "word": "성남시",
                    "start": 49,
                    "end": 52,
                    "label": "준식별자"
                }
            ]
        },
        {
            "sentence": "차량 및 운전자 정보: 차량ID=VEH-007, 운전자=박지찬(운전원), 운행계획 및 교대표가 체인오브카스트에 기록됩니다.",
            "id": "sample_031_0054_000006",
            "annotations": [
                {
                    "word": "박지찬",
                    "start": 31,
                    "end": 34,
                    "label": "개인정보"
                }
            ]
        },
        {
            "sentence": "운행 경로(GPS 로그)는 초당 샘플링으로 기록되며 네트워크 장애 시 1분 단위로 로컬 버퍼링 후 동기화됩니다.",
            "id": "sample_031_0054_000007",
            "annotations": []
        },
        {
            "sentence": "운송장(Manifest) 정보: manifest_no=MNF-20260109-054, 버전·서명·타임스탬프가 포함되어 변경 불가능성(immutable)을 보장합니다.",
            "id": "sample_031_0054_000008",
            "annotations": []
        },
        {
            "sentence": "폐기물 분류: EWC 코드=20 01 29(혼합 일반 폐기물, 예시), 상세 위험물 표기 UN 번호=UN3082 및 관련 SDS 참조가 첨부됩니다.",
            "id": "sample_031_0054_000009",
            "annotations": []
        },
        {
            "sentence": "중량계 기록: 계량시각=2026-01-09T08:05:42Z, 중량=1,235.6 kg, 교정일=2025-12-01, 교정계수 적용(허용오차 ±0.5%), 노이즈 시뮬레이션 ±0.2 kg 포함.",
            "id": "sample_031_0054_000010",
            "annotations": [
                {
                    "word": "2026-01-09T08:05:42Z",
                    "start": 13,
                    "end": 33,
                    "label": "준식별자"
                }
            ]
        },
        {
            "sentence": "오염률 및 수분함량: 오염률=3.6% (표준편차 0.4%), 수분함량=12.2%로 분류 표준에 따라 처리·분류 우선순위가 지정됩니다.",
            "id": "sample_031_0054_000011",
            "annotations": []
        },
        {
            "sentence": "분류 사진·영상 메타데이터: image_0001.jpg(해상도 4032x3024), 촬영타임스탬프 및 라벨링(재활용 가능/비가공)을 포함하여 AI 분류 히스토리를 유지합니다.",
            "id": "sample_031_0054_000012",
            "annotations": []
        },
        {
            "sentence": "시설 허가 및 운영증명: 처리시설 허가번호 RG-2024-0056, 유효기간 및 제출 주기(분기별 보고) 명시로 규제 준수를 확보합니다.",
            "id": "sample_031_0054_000013",
            "annotations": []
        },
        {
            "sentence": "처리 공정 로그: 단계별 파라미터 기록(투입→파쇄→선별→열처리), 단계별 타임스탬프 예: 2026-01-09T12:15:00Z에 2단계 파쇄 완료 기록.",
            "id": "sample_031_0054_000014",
            "annotations": [
                {
                    "word": "2026-01-09T12:15:00Z",
                    "start": 50,
                    "end": 70,
                    "label": "준식별자"
                }
            ]
        },
        {
            "sentence": "재활용률 보고서: 회수량=842.4 kg, 재활용률=68.2%(공정별 손실률과 회수 효율 근거표 포함), 규제 제출 포맷에 맞춰 연간 집계됩니다.",
            "id": "sample_031_0054_000015",
            "annotations": []
        },
        {
            "sentence": "계약·청구 관련: 발주처 계약서에 명시된 지급계좌 및 청구정보는 접근제어 대상이며 예시 계좌번호는 계좌번호: 110-123456-789로 내부결제처리 로그에 기재됩니다.",
            "id": "sample_031_0054_000016",
            "annotations": [
                {
                    "word": "계좌번호: 110-123456-789",
                    "start": 55,
                    "end": 75,
                    "label": "기밀정보"
                }
            ]
        },
        {
            "sentence": "청구서·결제 내역 요약: 청구번호 INV-20260109-178, 청구금액=KRW 1,450,000, 세부 항목별 비용 내역과 전자영수증 해시를 포함합니다.",
            "id": "sample_031_0054_000017",
            "annotations": []
        },
        {
            "sentence": "민원 및 사고 보고: 민원은 익명 처리 절차로 접수되며, 이 문서에는 민원자 식별정보를 포함하지 않고 사건번호만 기록합니다.",
            "id": "sample_031_0054_000018",
            "annotations": []
        },
        {
            "sentence": "시설 유지보수 기록: 정기점검 결과와 교체 부품 번호, 담당 기술자 기록에 따라 유지보수 로그를 작성하였으며 기술자명(현장리더)=류채언이 점검을 수행했습니다.",
            "id": "sample_031_0054_000019",
            "annotations": [
                {
                    "word": "류채언",
                    "start": 72,
                    "end": 75,
                    "label": "개인정보"
                }
            ]
        },
        {
            "sentence": "환경 배출 모니터링: 대기·수질 센서별 교정정보와 허용 한계, 시계열 데이터(샘플링 주기 1분) 및 이상치 탐지 알고리즘 결과를 포함합니다.",
            "id": "sample_031_0054_000020",
            "annotations": []
        },
        {
            "sentence": "체인오브카스트(Chain of Custody): 수거→운송→인수인계 각 단계의 불변 로그와 전자서명 해시가 포함되며 최종 인수자는 전자서명으로 확인됩니다.",
            "id": "sample_031_0054_000021",
            "annotations": []
        },
        {
            "sentence": "오프라인 작동 및 동기화 규칙: 통신두절 발생 시 로컬 큐에 우선 저장하고 복구 시점에 충돌 해결 정책(타임스탬프 우선)을 적용합니다.",
            "id": "sample_031_0054_000022",
            "annotations": []
        },
        {
            "sentence": "데이터 보존 및 삭제정책: 규정에 따른 보존기간(폐기물관리법 기준) 명시와 자동 보존 만료 후 안전 삭제 절차를 기술합니다.",
            "id": "sample_031_0054_000023",
            "annotations": []
        },
        {
            "sentence": "권한 기반 접근 제어: 이해관계자별 최소권한 원칙을 적용하며 민감 필드(계좌번호, 내부시스템 접속정보 등)는 보호 범주로 분류됩니다.",
            "id": "sample_031_0054_000024",
            "annotations": []
        },
        {
            "sentence": "감사 로그: 시스템 접속 및 변경이력에는 소스IP 및 세션ID가 기록되며 예시 소스IP=10.12.34.56이 내부 감사 샘플에 포함됩니다.",
            "id": "sample_031_0054_000025",
            "annotations": [
                {
                    "word": "10.12.34.56",
                    "start": 49,
                    "end": 60,
                    "label": "기밀정보"
                }
            ]
        },
        {
            "sentence": "백업 및 불변성 보장: 백업 시점 확정용 타임스탬프=2026-01-08T10:00:15Z, 백업 해시와 보존 정책을 명시합니다.",
            "id": "sample_031_0054_000026",
            "annotations": [
                {
                    "word": "2026-01-08T10:00:15Z",
                    "start": 29,
                    "end": 49,
                    "label": "준식별자"
                }
            ]
        },
        {
            "sentence": "다음 조치 항목: 규제 제출용 포맷 검증, 체인오브카스트 해시 검증, 분류 사진 재검토 일정을 기술하여 책임자에게 통보합니다.",
            "id": "sample_031_0054_000027",
            "annotations": []
        },
        {
            "sentence": "종결 메모: 본 보고서의 버전 관리는 문서 헤더의 버전번호와 감사타임스탬프를 기준으로 하며 모든 변경은 불변 로그에 기록됩니다.",
            "id": "sample_031_0054_000028",
            "annotations": []
        }
    ]
}