{
    "document_id": "031_0025",
    "document_title": "산업폐기물 수거·운송·처리 통합 기록 및 감사보고서",
    "data": [
        {
            "sentence": "문서 제목: '산업폐기물 수거·운송·처리 통합 기록(감사용) - 버전 v1.2'이며 생성일은 2025-06-01T08:30:00Z입니다.",
            "id": "sample_031_0025_000001",
            "annotations": [
                {
                    "word": "2025",
                    "start": 52,
                    "end": 56,
                    "label": "준식별자"
                },
                {
                    "word": "06",
                    "start": 57,
                    "end": 59,
                    "label": "준식별자"
                },
                {
                    "word": "01",
                    "start": 60,
                    "end": 62,
                    "label": "준식별자"
                }
            ]
        },
        {
            "sentence": "감사 타임스탬프는 2025-06-01T09:00:00Z이며 문서 무결성 해시와 전자서명 정보는 감사 로그에 보존됩니다.",
            "id": "sample_031_0025_000002",
            "annotations": [
                {
                    "word": "2025",
                    "start": 10,
                    "end": 14,
                    "label": "준식별자"
                },
                {
                    "word": "06",
                    "start": 15,
                    "end": 17,
                    "label": "준식별자"
                },
                {
                    "word": "01",
                    "start": 18,
                    "end": 20,
                    "label": "준식별자"
                }
            ]
        },
        {
            "sentence": "문서 식별자(document_id)는 031_0025이며 체인 오브 카스트 유지와 버전 관리는 변경 불가능한 로그로 기록됩니다.",
            "id": "sample_031_0025_000003",
            "annotations": []
        },
        {
            "sentence": "수거 일정: 2025-06-02T07:15:00Z에 부산광역시 해운대구 내 수거지 ID HND-342가 등록되어 있으며 현장 접근 권한은 최소화됩니다.",
            "id": "sample_031_0025_000004",
            "annotations": [
                {
                    "word": "2025",
                    "start": 7,
                    "end": 11,
                    "label": "준식별자"
                },
                {
                    "word": "06",
                    "start": 12,
                    "end": 14,
                    "label": "준식별자"
                },
                {
                    "word": "02",
                    "start": 8,
                    "end": 10,
                    "label": "준식별자"
                },
                {
                    "word": "02",
                    "start": 15,
                    "end": 17,
                    "label": "준식별자"
                },
                {
                    "word": "부산광역시",
                    "start": 29,
                    "end": 34,
                    "label": "준식별자"
                },
                {
                    "word": "해운대구",
                    "start": 35,
                    "end": 39,
                    "label": "준식별자"
                }
            ]
        },
        {
            "sentence": "수거 담당자는 윤에이든으로 표기되며 개인정보 노출 최소화를 위해 제출 목적과 법적 근거(폐기물관리법 제46조)를 명시합니다.",
            "id": "sample_031_0025_000005",
            "annotations": [
                {
                    "word": "윤에이든",
                    "start": 8,
                    "end": 12,
                    "label": "개인정보"
                }
            ]
        },
        {
            "sentence": "차량 ID VH-RT-0923이 운행하며 GPS 로그는 경유지 좌표(축소표기)와 함께 저장되어 체인 오브 카스트를 보장합니다.",
            "id": "sample_031_0025_000006",
            "annotations": []
        },
        {
            "sentence": "운송장(Manifest) 번호 MANIFEST-20250602-789는 체인 오브 카스트 항목으로 블록체인 해시와 연결되어 불변성이 보장됩니다.",
            "id": "sample_031_0025_000007",
            "annotations": []
        },
        {
            "sentence": "폐기물 분류: EWC 19 12 12(오염된 흙 및 오염물질)로 기록되며 추가 화학분석은 SDS-UN3077-2024에 따라 수행됩니다.",
            "id": "sample_031_0025_000008",
            "annotations": []
        },
        {
            "sentence": "위험물 관련 표기: UN 3077(환경에 유해한 물질, 고체, n.o.s.)이 명시되어 있으며 SDS에 따른 특별 취급 및 적재 제약을 준수합니다.",
            "id": "sample_031_0025_000009",
            "annotations": []
        },
        {
            "sentence": "중량계 기록: 수거 전 공차 보정값 tare=12.5 kg, 계측값1 254.3 kg, 계측값2 253.8 kg, 평균 254.05 kg으로 기록됩니다.",
            "id": "sample_031_0025_000010",
            "annotations": []
        },
        {
            "sentence": "스케일 교정 내역: 교정일자 2025-05-20T10:00:00Z, 교정기관 코드 CAL-2024-KR, 허용오차 ±0.5 kg(신뢰수준 95%)가 문서화되어 있습니다.",
            "id": "sample_031_0025_000011",
            "annotations": [
                {
                    "word": "2025",
                    "start": 16,
                    "end": 20,
                    "label": "준식별자"
                },
                {
                    "word": "05",
                    "start": 21,
                    "end": 23,
                    "label": "준식별자"
                },
                {
                    "word": "20",
                    "start": 16,
                    "end": 18,
                    "label": "준식별자"
                },
                {
                    "word": "20",
                    "start": 24,
                    "end": 26,
                    "label": "준식별자"
                },
                {
                    "word": "20",
                    "start": 50,
                    "end": 52,
                    "label": "준식별자"
                }
            ]
        },
        {
            "sentence": "센서(충만도) 로그는 초당 1Hz로 수집되며 센서 잡음으로 인한 표준편차 0.015 수준의 노이즈 모델이 적용되어 저장됩니다.",
            "id": "sample_031_0025_000012",
            "annotations": []
        },
        {
            "sentence": "오염률 측정 결과: 시료 A 오염도 12.4% 및 수분함량 8.1%로 기록되었으며 샘플 ID SAMP-HND-20250602-01이 연계됩니다.",
            "id": "sample_031_0025_000013",
            "annotations": []
        },
        {
            "sentence": "분류 사진 메타데이터: IMG_20250602_001.jpg, 촬영시간 2025-06-02T07:17:12Z, 축소 GPS 메타와 라벨 '건설폐기물'이 포함됩니다.",
            "id": "sample_031_0025_000014",
            "annotations": [
                {
                    "word": "2025",
                    "start": 17,
                    "end": 21,
                    "label": "준식별자"
                },
                {
                    "word": "2025",
                    "start": 40,
                    "end": 44,
                    "label": "준식별자"
                },
                {
                    "word": "06",
                    "start": 21,
                    "end": 23,
                    "label": "준식별자"
                },
                {
                    "word": "06",
                    "start": 45,
                    "end": 47,
                    "label": "준식별자"
                },
                {
                    "word": "02",
                    "start": 18,
                    "end": 20,
                    "label": "준식별자"
                },
                {
                    "word": "02",
                    "start": 23,
                    "end": 25,
                    "label": "준식별자"
                },
                {
                    "word": "02",
                    "start": 41,
                    "end": 43,
                    "label": "준식별자"
                },
                {
                    "word": "02",
                    "start": 48,
                    "end": 50,
                    "label": "준식별자"
                }
            ]
        },
        {
            "sentence": "처리 공정 로그 예시: 소각로 A 예열 350°C(30분), 연소 850°C(120분), 냉각 60분으로 각 단계의 온도·시간이 기록됩니다.",
            "id": "sample_031_0025_000015",
            "annotations": []
        },
        {
            "sentence": "처리시설 허가증: 운영허가 번호 OP-RECY-2020-88이 갱신되어 있으며 허가 만료일은 2026-12-31로 시스템에 등록되어 있습니다.",
            "id": "sample_031_0025_000016",
            "annotations": [
                {
                    "word": "2026",
                    "start": 52,
                    "end": 56,
                    "label": "준식별자"
                },
                {
                    "word": "12",
                    "start": 57,
                    "end": 59,
                    "label": "준식별자"
                },
                {
                    "word": "31",
                    "start": 60,
                    "end": 62,
                    "label": "준식별자"
                }
            ]
        },
        {
            "sentence": "재활용률 보고서: 투입량 10000 kg 대비 재활용량 6200 kg으로 재활용률 62.0%가 계산되어 규제 제출 포맷으로 생성됩니다.",
            "id": "sample_031_0025_000017",
            "annotations": []
        },
        {
            "sentence": "계약 및 청구: 계약번호 CNTR-2024-07-045에 따라 운송비 청구서가 발행되었으며 결제 상태는 권한 기반으로 조회가 제한됩니다.",
            "id": "sample_031_0025_000018",
            "annotations": [
                {
                    "word": "CNTR-2024-07-045",
                    "start": 14,
                    "end": 30,
                    "label": "기밀정보"
                }
            ]
        },
        {
            "sentence": "결제 관련 세부내역과 계좌번호 등 민감정보는 권한 기반 접근 제어로 관리되며 모든 접근 기록은 감사 로그에 저장됩니다.",
            "id": "sample_031_0025_000019",
            "annotations": []
        },
        {
            "sentence": "민원 보고: 신고 접수 일시 2025-06-02T09:20:00Z, 신고 유형 '악취', 처리담당자 방유주(내부표기)로 접수되었으며 신고자는 익명 처리되었습니다.",
            "id": "sample_031_0025_000020",
            "annotations": [
                {
                    "word": "2025",
                    "start": 16,
                    "end": 20,
                    "label": "준식별자"
                },
                {
                    "word": "06",
                    "start": 21,
                    "end": 23,
                    "label": "준식별자"
                },
                {
                    "word": "02",
                    "start": 17,
                    "end": 19,
                    "label": "준식별자"
                },
                {
                    "word": "02",
                    "start": 24,
                    "end": 26,
                    "label": "준식별자"
                },
                {
                    "word": "방유주",
                    "start": 56,
                    "end": 59,
                    "label": "개인정보"
                }
            ]
        },
        {
            "sentence": "사고 보고: 2025-06-02T09:45:30Z에 차량 VH-RT-0923의 도킹 중 소형 누출이 발생하였고 즉시 격리 및 SDS-UN3077 지침을 적용했습니다.",
            "id": "sample_031_0025_000021",
            "annotations": [
                {
                    "word": "2025",
                    "start": 7,
                    "end": 11,
                    "label": "준식별자"
                },
                {
                    "word": "06",
                    "start": 12,
                    "end": 14,
                    "label": "준식별자"
                },
                {
                    "word": "02",
                    "start": 8,
                    "end": 10,
                    "label": "준식별자"
                },
                {
                    "word": "02",
                    "start": 15,
                    "end": 17,
                    "label": "준식별자"
                }
            ]
        },
        {
            "sentence": "시설 유지보수 기록: 전처리 컨베이어 벨트 교체가 2025-05-28T14:00:00Z에 수행되었으며 유지보수 요청자 코드 MTN-778이 기록되어 있습니다.",
            "id": "sample_031_0025_000022",
            "annotations": [
                {
                    "word": "2025",
                    "start": 28,
                    "end": 32,
                    "label": "준식별자"
                },
                {
                    "word": "05",
                    "start": 33,
                    "end": 35,
                    "label": "준식별자"
                },
                {
                    "word": "28",
                    "start": 36,
                    "end": 38,
                    "label": "준식별자"
                }
            ]
        },
        {
            "sentence": "환경 배출 모니터링 결과: 배출가스 NOx 45 mg/m3, SO2 12 mg/m3로 규제한계 이내이며 주간 리포트가 규제기관 포맷으로 제출됩니다.",
            "id": "sample_031_0025_000023",
            "annotations": []
        },
        {
            "sentence": "보안/기술 기밀: 내부 시스템 접근 로그와 서버 인트라넷 주소 10.0.0.12는 기밀정보로 분류되어 외부 비공개이며 접근 통제가 적용됩니다.",
            "id": "sample_031_0025_000024",
            "annotations": [
                {
                    "word": "10.0.0.12",
                    "start": 35,
                    "end": 44,
                    "label": "기밀정보"
                }
            ]
        },
        {
            "sentence": "사진 및 영상 증거의 무결성 보장을 위해 촬영 시간, 해시, 장비ID 및 전자서명이 연동되어 블록체인에 보관됩니다.",
            "id": "sample_031_0025_000025",
            "annotations": []
        },
        {
            "sentence": "데이터 보존 기간은 법적 규정에 따라 5년으로 설정되어 있으며 보존 시작일은 2025-06-01로 명시됩니다.",
            "id": "sample_031_0025_000026",
            "annotations": [
                {
                    "word": "2025",
                    "start": 43,
                    "end": 47,
                    "label": "준식별자"
                },
                {
                    "word": "06",
                    "start": 48,
                    "end": 50,
                    "label": "준식별자"
                },
                {
                    "word": "01",
                    "start": 51,
                    "end": 53,
                    "label": "준식별자"
                }
            ]
        },
        {
            "sentence": "오프라인 작동 정책: 신호 두절 시 로컬 큐에 최장 72시간 보관 후 중앙서버와 동기화하며 충돌 시 최종 타임스탬프를 우선시합니다.",
            "id": "sample_031_0025_000027",
            "annotations": []
        },
        {
            "sentence": "담당자 서명: 문서 검토자 조유식(전자서명 포함), 검토일 2025-06-01T09:05:00Z가 기록되어 있으며 서명 로그는 변경 불가능합니다.",
            "id": "sample_031_0025_000028",
            "annotations": [
                {
                    "word": "조유식",
                    "start": 15,
                    "end": 18,
                    "label": "개인정보"
                },
                {
                    "word": "2025",
                    "start": 33,
                    "end": 37,
                    "label": "준식별자"
                },
                {
                    "word": "06",
                    "start": 38,
                    "end": 40,
                    "label": "준식별자"
                },
                {
                    "word": "01",
                    "start": 41,
                    "end": 43,
                    "label": "준식별자"
                }
            ]
        }
    ]
}