{
    "document_id": "031_0095",
    "document_title": "폐기물 관리 및 재활용 운송·처리 이력 보고서(버전 1.2)",
    "data": [
        {
            "sentence": "문서 제목: 폐기물 관리 및 재활용 운송·처리 이력 보고서(버전 1.2), 작성일 2025-03-16T10:00:00Z.",
            "id": "sample_031_0095_000001",
            "annotations": []
        },
        {
            "sentence": "감사 타임스탬프: 2025-03-16T10:05:12Z, 변경 불가능한 체인 오브 카스트 로그가 본 문서와 연계됩니다.",
            "id": "sample_031_0095_000002",
            "annotations": []
        },
        {
            "sentence": "본 보고서는 사업장 폐기물의 수거부터 최종처분까지 cradle-to-grave 및 재활용 cradle-to-cradle 이력을 기록합니다.",
            "id": "sample_031_0095_000003",
            "annotations": []
        },
        {
            "sentence": "수거 일정은 주간 단위로 계획되며 규제 제출 주기와 일치하도록 월간, 분기별 리포트가 생성됩니다.",
            "id": "sample_031_0095_000004",
            "annotations": []
        },
        {
            "sentence": "이번 회차의 책임 담당자는 백영재이며 담당자 생년월일 1990-05-12, 수거 지점 ID WPT-20250315-042, 위치(시/군/구): 서울특별시 강서구로 기록됩니다.",
            "id": "sample_031_0095_000005",
            "annotations": [
                {
                    "word": "백영재",
                    "start": 15,
                    "end": 18,
                    "label": "개인정보"
                },
                {
                    "word": "1990-05-12",
                    "start": 30,
                    "end": 40,
                    "label": "준식별자"
                },
                {
                    "word": "서울특별시 강서구",
                    "start": 80,
                    "end": 89,
                    "label": "준식별자"
                }
            ]
        },
        {
            "sentence": "수거 시각(현장 도착): 2025-03-15T08:42:30Z, 수거 완료 시각: 2025-03-15T09:15:05Z.",
            "id": "sample_031_0095_000006",
            "annotations": []
        },
        {
            "sentence": "차량 ID TRK-4592의 운행 경로 GPS 로그 예시는 37.5500,126.8500 -> 35.1631,129.1634이며 주 경유지 표기는 서울특별시 강서구 -> 부산광역시 해운대구로 요약됩니다.",
            "id": "sample_031_0095_000007",
            "annotations": [
                {
                    "word": "서울특별시 강서구",
                    "start": 82,
                    "end": 91,
                    "label": "준식별자"
                },
                {
                    "word": "부산광역시 해운대구",
                    "start": 95,
                    "end": 105,
                    "label": "준식별자"
                }
            ]
        },
        {
            "sentence": "운송장(Manifest) 번호: MNF-20250315-0007, 체인오브카스트 해시: 0x4a7b...ef22, 서명된 버전은 불변합니다.",
            "id": "sample_031_0095_000008",
            "annotations": []
        },
        {
            "sentence": "폐기물 분류: 사업장폐기물, EWC 코드 20 01 99(혼합 폐기물) 및 분류 세부: 유류 혼합 잔재 포함.",
            "id": "sample_031_0095_000009",
            "annotations": []
        },
        {
            "sentence": "유해성 물질 식별: UN 번호 UN1760(부식성 액체, n.o.s.), 관련 SDS 참조 SDS-UN1760-v2.1.pdf 및 취급지침 포함.",
            "id": "sample_031_0095_000010",
            "annotations": []
        },
        {
            "sentence": "중량계 기록: 계량 ID SCALE-21, 교정일 2025-02-01T00:00:00Z, 허용 오차 ±0.5 kg(교정증명서 참조).",
            "id": "sample_031_0095_000011",
            "annotations": []
        },
        {
            "sentence": "중량 측정값은 교정 편향 및 랜덤 노이즈를 모사하여 1회차 1245.3 kg, 2회차 1244.9 kg, 표시값에 ±0.2~±0.6 kg 노이즈가 포함됩니다.",
            "id": "sample_031_0095_000012",
            "annotations": []
        },
        {
            "sentence": "샘플 분석 결과 오염률 4.2% 및 평균 수분함량 12.7%이며 오염 측정은 3회 평균값으로 보고됩니다.",
            "id": "sample_031_0095_000013",
            "annotations": []
        },
        {
            "sentence": "분류 사진 메타데이터: IMG_WPT042_20250315T084800Z.jpg, 촬영시각 2025-03-15T08:48:00Z, 해상도 4032x3024px, 해시값 포함.",
            "id": "sample_031_0095_000014",
            "annotations": []
        },
        {
            "sentence": "처리 공정 로그(선별): 단계 A-선별, 체류시간 00:12:30, 온도 N/A, 기계 ID SORT-07, 주파수 장애 로그 포함.",
            "id": "sample_031_0095_000015",
            "annotations": []
        },
        {
            "sentence": "처리 공정 로그(열처리): 단계 B-가열, 목표온도 750 °C, 실제평균 743.6 °C, 체류시간 평균 00:45:00, 센서 오류 허용범위 ±3 °C.",
            "id": "sample_031_0095_000016",
            "annotations": []
        },
        {
            "sentence": "재활용률 보고서: 금속류 회수율 82.4%, 플라스틱 유형별 재활용률 PET 67.1%, HDPE 54.8%, 보고주기 분기별.",
            "id": "sample_031_0095_000017",
            "annotations": []
        },
        {
            "sentence": "운영 허가증: 처리시설 허가번호 PERMIT-RT-2023-114, 유효기간 2023-01-01T00:00:00Z ~ 2028-12-31T23:59:59Z.",
            "id": "sample_031_0095_000018",
            "annotations": []
        },
        {
            "sentence": "계약서 및 청구 정보: 계약서 ID CNTR-202503, 청구계좌(수취): 계좌번호: 123-456-789012, 은행코드 및 세부내역은 권한 기반 접근으로 관리됩니다.",
            "id": "sample_031_0095_000019",
            "annotations": [
                {
                    "word": "계좌번호: 123-456-789012",
                    "start": 43,
                    "end": 63,
                    "label": "기밀정보"
                }
            ]
        },
        {
            "sentence": "청구서 발행일 2025-03-16T09:00:00Z, 청구금액 5,420,000 KRW(부가세 포함), 결제기한 2025-04-15T23:59:59Z.",
            "id": "sample_031_0095_000020",
            "annotations": []
        },
        {
            "sentence": "민원 발생 기록: 신고자 박혜선, 신고유형: 악취 민원, 신고시각 2025-03-15T10:12:05Z, 현장 조치 및 사진 첨부.",
            "id": "sample_031_0095_000021",
            "annotations": [
                {
                    "word": "박혜선",
                    "start": 14,
                    "end": 17,
                    "label": "개인정보"
                }
            ]
        },
        {
            "sentence": "시설 유지보수 기록: 최근 정비 담당자 지중민, 정비일 2025-02-28T14:30:00Z, 교체 부품과 시리얼 넘버 로그 포함.",
            "id": "sample_031_0095_000022",
            "annotations": [
                {
                    "word": "지중민",
                    "start": 22,
                    "end": 25,
                    "label": "개인정보"
                }
            ]
        },
        {
            "sentence": "환경 배출 모니터링: 배출구 NOx 평균 42.7 mg/m3, SO2 평균 5.3 mg/m3, 모니터 보정 주기 30일, 센서 허용오차 ±2.0%.",
            "id": "sample_031_0095_000023",
            "annotations": []
        },
        {
            "sentence": "센서 및 스케일 교정 정보: 교정기관 CAL-LAB-09, 교정증명서 ID CAL-20250201-21, 교정기준 ISO/IEC 17025 준수, 허용오차 명시.",
            "id": "sample_031_0095_000024",
            "annotations": []
        },
        {
            "sentence": "오프라인 작동 정책: 통신 두절 시 로컬 큐잉 보관, 동기화 우선순위는 체인오브카스트 해시 충돌 해결 후에 적용됩니다.",
            "id": "sample_031_0095_000025",
            "annotations": []
        },
        {
            "sentence": "불변성 확보 절차: 모든 운송장 및 중량기록은 해시와 디지털서명으로 보존되며 승인자 안다을의 전자서명이 감사 로그에 포함됩니다.",
            "id": "sample_031_0095_000026",
            "annotations": [
                {
                    "word": "안다을",
                    "start": 47,
                    "end": 50,
                    "label": "개인정보"
                }
            ]
        },
        {
            "sentence": "규제 제출 포맷: 환경부 제출은 월별 CSV(ISO8601 타임스탬프 포함), 지자체는 분기별 PDF 제출을 요구하며 제출 주기가 명시됩니다.",
            "id": "sample_031_0095_000027",
            "annotations": []
        },
        {
            "sentence": "다음 검토 일정은 2025-04-01T09:00:00Z이며 추가 문의는 operator@example.com 혹은 010-1234-5678으로 연락 바랍니다.",
            "id": "sample_031_0095_000028",
            "annotations": [
                {
                    "word": "operator@example.com",
                    "start": 40,
                    "end": 60,
                    "label": "개인정보"
                },
                {
                    "word": "010-1234-5678",
                    "start": 64,
                    "end": 77,
                    "label": "개인정보"
                }
            ]
        }
    ]
}