{
    "document_id": "098_0080",
    "document_title": "M/Y 아쿠아벨로 정밀검사 및 운영·감사 기록서",
    "data": [
        {
            "sentence": "본 문서는 요트 및 슈퍼요트 운영에 관한 정밀검사, 정비, 항해기록 및 감사추적을 통합하여 기술한 전문 보고서입니다.",
            "id": "sample_098_0080_000001",
            "annotations": []
        },
        {
            "sentence": "대상 선박은 선박명 M/Y 아쿠아벨로로 표기되며 등록번호 Y-0980-2025와 플래그는 네덜란드(Netherlands)입니다.",
            "id": "sample_098_0080_000002",
            "annotations": []
        },
        {
            "sentence": "소유자 정보는 개인 소유로 기재되고 소유자(명): 곽라헬, 연락처(휴대폰): 010-1234-5678, 이메일: owner_grand@example.com 으로 등록되어 있습니다.",
            "id": "sample_098_0080_000003",
            "annotations": [
                {
                    "word": "곽라헬",
                    "start": 28,
                    "end": 31,
                    "label": "개인정보"
                },
                {
                    "word": "010-1234-5678",
                    "start": 43,
                    "end": 56,
                    "label": "개인정보"
                },
                {
                    "word": "owner_grand@example.com",
                    "start": 63,
                    "end": 86,
                    "label": "개인정보"
                }
            ]
        },
        {
            "sentence": "주요 크루 명단은 선장 민혁기, 기관장 심은애, 부선장 주현제, 갑판원 조승찬, 요리사 황도율 로 등록되어 있습니다.",
            "id": "sample_098_0080_000004",
            "annotations": [
                {
                    "word": "민혁기",
                    "start": 13,
                    "end": 16,
                    "label": "개인정보"
                },
                {
                    "word": "심은애",
                    "start": 22,
                    "end": 25,
                    "label": "개인정보"
                },
                {
                    "word": "주현제",
                    "start": 31,
                    "end": 34,
                    "label": "개인정보"
                },
                {
                    "word": "조승찬",
                    "start": 40,
                    "end": 43,
                    "label": "개인정보"
                },
                {
                    "word": "황도율",
                    "start": 49,
                    "end": 52,
                    "label": "개인정보"
                }
            ]
        },
        {
            "sentence": "크루 중 민혁기의 생년월일은 1985-09-03T00:00:00Z, 심은애의 생년월일은 1990-06-20T00:00:00Z 로 선박 인사기록에 포함됩니다.",
            "id": "sample_098_0080_000005",
            "annotations": [
                {
                    "word": "1985-09-03T00:00:00Z",
                    "start": 16,
                    "end": 36,
                    "label": "준식별자"
                },
                {
                    "word": "1990-06-20T00:00:00Z",
                    "start": 49,
                    "end": 69,
                    "label": "준식별자"
                }
            ]
        },
        {
            "sentence": "정박지(홈포트)는 부산광역시 해운대구 소재의 민간 마리나로 기재되어 있으며 계류 정보는 내부 레지스트리에 저장됩니다.",
            "id": "sample_098_0080_000006",
            "annotations": [
                {
                    "word": "부산광역시 해운대구",
                    "start": 10,
                    "end": 20,
                    "label": "준식별자"
                }
            ]
        },
        {
            "sentence": "최근 선급 검사 일자는 2025-01-15T09:30:00Z 로 기록되었으며 검사 결과 및 권고사항은 본 보고서 장별로 상세 기재합니다.",
            "id": "sample_098_0080_000007",
            "annotations": [
                {
                    "word": "2025-01-15T09:30:00Z",
                    "start": 13,
                    "end": 33,
                    "label": "준식별자"
                }
            ]
        },
        {
            "sentence": "승선자 신분 확인을 위해 문서상 제시된 여권번호 예시는 P9876543(가명) 형식으로 기록하고 원본은 선주가 보관합니다.",
            "id": "sample_098_0080_000008",
            "annotations": [
                {
                    "word": "P9876543",
                    "start": 31,
                    "end": 39,
                    "label": "개인정보"
                }
            ]
        },
        {
            "sentence": "보험 적용내역은 보험증권번호 POL-2025-000782(언더라이터: Omega Marine Underwriting) 로 표기되며 언더라이팅 조건은 부록에 요약 기재합니다.",
            "id": "sample_098_0080_000009",
            "annotations": [
                {
                    "word": "POL-2025-000782",
                    "start": 16,
                    "end": 31,
                    "label": "기밀정보"
                }
            ]
        },
        {
            "sentence": "문서 무결성 보존을 위해 원문 URI 및 콘텐츠 해시를 저장하였으며 예시 URI는 https://internal.registry.example/records/098_0080 입니다.",
            "id": "sample_098_0080_000010",
            "annotations": [
                {
                    "word": "https://internal.registry.example/records/098_0080",
                    "start": 46,
                    "end": 96,
                    "label": "기밀정보"
                }
            ]
        },
        {
            "sentence": "해당 문서의 콘텐츠 해시는 sha256:3a7b4c1d5e6f7890abcdef1234567890abcdef1234567890abcdef1234567890 로 등록되어 있습니다.",
            "id": "sample_098_0080_000011",
            "annotations": [
                {
                    "word": "sha256:3a7b4c1d5e6f7890abcdef1234567890abcdef1234567890abcdef1234567890",
                    "start": 15,
                    "end": 86,
                    "label": "기밀정보"
                }
            ]
        },
        {
            "sentence": "실시간 위치 보고는 테스트용으로 변형한 좌표를 사용하며 현재보고 위치는 위도 35.1598, 경도 129.1601(속도 8.5 knots, 코스 042°)로 기록됩니다.",
            "id": "sample_098_0080_000012",
            "annotations": []
        },
        {
            "sentence": "선박 식별자 예시로 MMSI: 205123456 가 내부 로그에 기입되며 실제 배치 전 항목은 가명/마스킹 처리 절차를 적용합니다.",
            "id": "sample_098_0080_000013",
            "annotations": [
                {
                    "word": "MMSI: 205123456",
                    "start": 11,
                    "end": 26,
                    "label": "기밀정보"
                }
            ]
        },
        {
            "sentence": "차터 계약 요약에는 임차인 강솔, 차터 기간 2025-06-01T00:00:00Z 부터 2025-06-15T23:59:59Z 까지, 일일 요율 및 보증금 조건이 포함됩니다.",
            "id": "sample_098_0080_000014",
            "annotations": [
                {
                    "word": "강솔",
                    "start": 15,
                    "end": 17,
                    "label": "개인정보"
                },
                {
                    "word": "2025-06-01T00:00:00Z",
                    "start": 25,
                    "end": 45,
                    "label": "준식별자"
                },
                {
                    "word": "2025-06-15T23:59:59Z",
                    "start": 49,
                    "end": 69,
                    "label": "준식별자"
                }
            ]
        },
        {
            "sentence": "브로커 계약에는 백서후(대표 연락처 010-8765-4321) 가 수수료 지급 책임자로 명시되어 있으며 계약서 원본은 익명화된 복사본을 보관합니다.",
            "id": "sample_098_0080_000015",
            "annotations": [
                {
                    "word": "백서후",
                    "start": 9,
                    "end": 12,
                    "label": "개인정보"
                },
                {
                    "word": "010-8765-4321",
                    "start": 20,
                    "end": 33,
                    "label": "개인정보"
                }
            ]
        },
        {
            "sentence": "최근 드라이독 및 리핏 기록은 2024-11-22T08:00:00Z 에 수행된 것으로 기재되며 추진계통 오버홀 및 도장작업이 수행되었습니다.",
            "id": "sample_098_0080_000016",
            "annotations": [
                {
                    "word": "2024-11-22T08:00:00Z",
                    "start": 17,
                    "end": 37,
                    "label": "준식별자"
                }
            ]
        },
        {
            "sentence": "엔진 사양은 주기관 2대, 모델 VMX-12R 각 출력 1,800 hp, 프로펠러 직경과 RPM 매칭은 설계서와 정비기록에 일치하도록 관리합니다.",
            "id": "sample_098_0080_000017",
            "annotations": []
        },
        {
            "sentence": "연료 소비성능은 항속 모드에서 평균 450 L/hr(연료타입: Diesel) 로 측정되며 연료탱크 잔량 및 보충 이력은 연동 데이터베이스에 저장됩니다.",
            "id": "sample_098_0080_000018",
            "annotations": []
        },
        {
            "sentence": "2024-05-02T14:35:00Z 발생한 경미한 접촉사고 보고서가 존재하며 사고 관련자 중 조승찬에 대한 진술이 서면으로 첨부되어 있습니다.",
            "id": "sample_098_0080_000019",
            "annotations": [
                {
                    "word": "2024-05-02T14:35:00Z",
                    "start": 0,
                    "end": 20,
                    "label": "준식별자"
                },
                {
                    "word": "조승찬",
                    "start": 53,
                    "end": 56,
                    "label": "개인정보"
                }
            ]
        },
        {
            "sentence": "승선 허가 및 비자 발급 관리는 내부 코드 SEAPASS-2024-009 로 추적되며 권한 확인 절차와 유효기간이 별도 장으로 기록됩니다.",
            "id": "sample_098_0080_000020",
            "annotations": [
                {
                    "word": "SEAPASS-2024-009",
                    "start": 24,
                    "end": 40,
                    "label": "기밀정보"
                }
            ]
        },
        {
            "sentence": "최종 서베이 담당자는 허인준으로 등재되어 있으며 서베이 일자는 2024-12-10T10:15:00Z 로 표기되어 있습니다.",
            "id": "sample_098_0080_000021",
            "annotations": [
                {
                    "word": "허인준",
                    "start": 12,
                    "end": 15,
                    "label": "개인정보"
                },
                {
                    "word": "2024-12-10T10:15:00Z",
                    "start": 35,
                    "end": 55,
                    "label": "준식별자"
                }
            ]
        },
        {
            "sentence": "재무·세무 문서 중 법인 계좌 및 지급계좌 정보는 보안상 마스킹 처리하였으나 내부기록에는 계좌번호 NL12BANK0000123456(마스킹 전 예시)로 참조됩니다.",
            "id": "sample_098_0080_000022",
            "annotations": [
                {
                    "word": "NL12BANK0000123456",
                    "start": 55,
                    "end": 73,
                    "label": "기밀정보"
                }
            ]
        },
        {
            "sentence": "감사추적(audit_trail)은 모든 문서의 URI, 변경자, 변경일시를 기록하고 내부 식별자 audit_id: AT-2025-0001 로 색인화합니다.",
            "id": "sample_098_0080_000023",
            "annotations": [
                {
                    "word": "audit_id: AT-2025-0001",
                    "start": 54,
                    "end": 76,
                    "label": "기밀정보"
                }
            ]
        },
        {
            "sentence": "선급 인증 및 적합성 증명서는 발행자 Lloyd's Register, 인증번호 LR-AC-2023-0456, 발행일 2023-03-20T00:00:00Z 형태로 보관합니다.",
            "id": "sample_098_0080_000024",
            "annotations": [
                {
                    "word": "LR-AC-2023-0456",
                    "start": 44,
                    "end": 59,
                    "label": "기밀정보"
                },
                {
                    "word": "2023-03-20T00:00:00Z",
                    "start": 65,
                    "end": 85,
                    "label": "준식별자"
                }
            ]
        },
        {
            "sentence": "환경배출 및 폐기물 처리 기록에는 흘수별 오염방지 조치와 항해 후 폐기물 수거영수증이 연결되며 관련 사진과 3D 스캔이 참고자료로 첨부됩니다.",
            "id": "sample_098_0080_000025",
            "annotations": []
        },
        {
            "sentence": "사고 및 인시던트 리포트에는 사건 개요, 관련자 성명, 조치사항 및 보험사 통보 이력이 포함되며 필요시 익명화된 요약본을 외부 제출합니다.",
            "id": "sample_098_0080_000026",
            "annotations": []
        },
        {
            "sentence": "권장 조치로는 향후 12개월 간 AIS·NMEA 텔레메트리 로그의 샘플링 주기 증가, 보안 접근제어 강화 및 정기적 서베이 예약을 제시합니다.",
            "id": "sample_098_0080_000027",
            "annotations": []
        },
        {
            "sentence": "보고서 요약 및 다음 단계는 운영팀(담당자: 곽희서)과 협의 후 문서화하며 보존 정책은 7년 보존 후 안전하게 파기하는 것을 권고합니다.",
            "id": "sample_098_0080_000028",
            "annotations": [
                {
                    "word": "곽희서",
                    "start": 25,
                    "end": 28,
                    "label": "개인정보"
                }
            ]
        }
    ]
}