{
    "document_id": "098_0095",
    "document_title": "요트 운영·검사·서베이 종합 리포트 (가명)",
    "data": [
        {
            "sentence": "본 문서는 요트 및 슈퍼요트 운영에 관한 종합 리포트로서 등록·검사·정비·보험·차터·감사추적 정보를 포함합니다.",
            "id": "sample_098_0095_000001",
            "annotations": []
        },
        {
            "sentence": "요약 섹션에는 선박의 기본 식별정보, 선급·플래그, 건조사·연식, 주요 엔진 스펙 및 현재 운영 상태가 기술되어 있습니다.",
            "id": "sample_098_0095_000002",
            "annotations": []
        },
        {
            "sentence": "선박 식별: 등록번호 YT-2025-010(가명), 선박명 '세일하모니' (가명), IMO: 9999999(가명), MMSI: 123456789(가명)이 명시되어 있습니다.",
            "id": "sample_098_0095_000003",
            "annotations": []
        },
        {
            "sentence": "플래그와 선급: 플래그 국가는 모나코(Monaco, 가명)이며 선급은 ABS로 등재된 상태입니다.",
            "id": "sample_098_0095_000004",
            "annotations": []
        },
        {
            "sentence": "건조사 및 제원: 건조사 OceanCraft Shipyards, 건조연도 2018, 전장 LOA 48.5 m, 총톤수 GRT 420 t으로 기재합니다.",
            "id": "sample_098_0095_000005",
            "annotations": []
        },
        {
            "sentence": "주기관 사양: 메인 엔진 2기, 각 1,200 kW, 디젤 타입, 추진형식 컨투어 프로펠러, 예비 발전기 2기 포함으로 기술되어 있습니다.",
            "id": "sample_098_0095_000006",
            "annotations": []
        },
        {
            "sentence": "소유구조: 소유자는 개인 소유로 등록되어 있으며 소유자 정보와 제한적 연락처는 아래 섹션에 가명화하여 기재합니다.",
            "id": "sample_098_0095_000007",
            "annotations": []
        },
        {
            "sentence": "운영이력 개요: 연간 항해시간, 최근 12개월 정비·검사 내역 요약, 주요 리핏 이력 등 운영 건전성 평가는 본문에 상세 기술됩니다.",
            "id": "sample_098_0095_000008",
            "annotations": []
        },
        {
            "sentence": "보험 및 언더라이팅: 보험종목 및 한도, 보험증권 번호와 언더라이터 정보는 재무 섹션에서 확인할 수 있습니다.",
            "id": "sample_098_0095_000009",
            "annotations": []
        },
        {
            "sentence": "소유자: 개인, 문성규 (가명), 생년월일: 1975-06-12, 연락처(제한): 010-****-8910로 마스킹하여 기재합니다.",
            "id": "sample_098_0095_000010",
            "annotations": [
                {
                    "word": "문성규",
                    "start": 9,
                    "end": 12,
                    "label": "개인정보"
                },
                {
                    "word": "1975",
                    "start": 25,
                    "end": 29,
                    "label": "준식별자"
                },
                {
                    "word": "06",
                    "start": 30,
                    "end": 32,
                    "label": "준식별자"
                },
                {
                    "word": "12",
                    "start": 33,
                    "end": 35,
                    "label": "준식별자"
                },
                {
                    "word": "010-****-8910",
                    "start": 46,
                    "end": 59,
                    "label": "개인정보"
                }
            ]
        },
        {
            "sentence": "소유자 이메일(제한): owner_redacted@example.com 형태로 마스킹 표기하며 직접 연락은 계약상 허가된 채널로만 수행합니다.",
            "id": "sample_098_0095_000011",
            "annotations": [
                {
                    "word": "owner_redacted@example.com",
                    "start": 13,
                    "end": 39,
                    "label": "개인정보"
                }
            ]
        },
        {
            "sentence": "소유자 주소(가명): 부산광역시 해운대구 중동 00, 실제 주소는 프라이버시 보호를 위해 가명·마스킹 처리되어 저장됩니다.",
            "id": "sample_098_0095_000012",
            "annotations": [
                {
                    "word": "부산광역시",
                    "start": 12,
                    "end": 17,
                    "label": "준식별자"
                },
                {
                    "word": "해운대구",
                    "start": 18,
                    "end": 22,
                    "label": "준식별자"
                },
                {
                    "word": "중동",
                    "start": 23,
                    "end": 25,
                    "label": "준식별자"
                }
            ]
        },
        {
            "sentence": "보험증권: 보험증권번호 POL-2025-000123이 기록되어 있으며 언더라이터는 SecureMarine Underwriting Ltd.로 표기합니다.",
            "id": "sample_098_0095_000013",
            "annotations": [
                {
                    "word": "POL-2025-000123",
                    "start": 13,
                    "end": 28,
                    "label": "기밀정보"
                }
            ]
        },
        {
            "sentence": "크루 명단 및 자격: 선장 공준상, 항해사 유영재, 수석엔지니어 공채하 등으로 등재되며 자격증 원본은 검증본에 가명처리되어 첨부됩니다.",
            "id": "sample_098_0095_000014",
            "annotations": [
                {
                    "word": "공준상",
                    "start": 15,
                    "end": 18,
                    "label": "개인정보"
                },
                {
                    "word": "유영재",
                    "start": 24,
                    "end": 27,
                    "label": "개인정보"
                },
                {
                    "word": "공채하",
                    "start": 36,
                    "end": 39,
                    "label": "개인정보"
                }
            ]
        },
        {
            "sentence": "승선 허가·비자: 주요 승선자 중 조보경은 비자 번호 V-00012345(가명)로 기록되며 관련 허가 문서는 PDF 스캔본의 요약만 포함합니다.",
            "id": "sample_098_0095_000015",
            "annotations": [
                {
                    "word": "조보경",
                    "start": 19,
                    "end": 22,
                    "label": "개인정보"
                },
                {
                    "word": "V-00012345",
                    "start": 30,
                    "end": 40,
                    "label": "개인정보"
                }
            ]
        },
        {
            "sentence": "정비이력 샘플: 2025-01-12T08:00:00Z에 추진계 정기점검 수행, 작업항목 교체(부품 PN-OC-452), 검사결과 합격으로 기록되어 있습니다.",
            "id": "sample_098_0095_000016",
            "annotations": []
        },
        {
            "sentence": "드라이독/리핏 기록: 2024-09-03T06:00:00Z부터 2024-09-20T18:00:00Z까지 종합 리핏 수행, 선체도장·주기관 오버홀·내부 리모델링이 시행되었습니다.",
            "id": "sample_098_0095_000017",
            "annotations": []
        },
        {
            "sentence": "AIS 항해로그(샘플): 2025-01-15T10:15:30Z, LAT: 34.123456N, LON: 127.987654E, SOG: 12.5 knots, COG: 087.0 deg, 형식은 가명화된 좌표입니다.",
            "id": "sample_098_0095_000018",
            "annotations": []
        },
        {
            "sentence": "현재위치(보고시각): 2025-01-20T14:05:00Z, 위도 34.234500N, 경도 128.123400E, 속도 0.5 knots, 주차(anchored) 상태로 표기합니다.",
            "id": "sample_098_0095_000019",
            "annotations": []
        },
        {
            "sentence": "연료 및 소비: 연료 타입 디젤, 총 연료탱크 용량 12,000 L, 최근 항해 평균 소비율 420 L/hr(크루 모니터링 데이터 기준)로 분석했습니다.",
            "id": "sample_098_0095_000020",
            "annotations": []
        },
        {
            "sentence": "차터계약 요약: 임차인 법인 'Ocean Events Ltd.'와 2025-03-01T00:00:00Z부터 2025-03-15T00:00:00Z까지 주당 EUR 120,000 조건으로 체결된 계약서가 존재합니다.",
            "id": "sample_098_0095_000021",
            "annotations": []
        },
        {
            "sentence": "결제 및 계좌정보(제한): 차터 보증금 이체용 계좌번호는 4141-XXXX-XXXX-1234(마스킹)로 표기되며 내부 기밀로 관리됩니다.",
            "id": "sample_098_0095_000022",
            "annotations": [
                {
                    "word": "4141-XXXX-XXXX-1234",
                    "start": 32,
                    "end": 51,
                    "label": "기밀정보"
                }
            ]
        },
        {
            "sentence": "브로커 및 수수료: 브로커 백한진이 중개하였으며 계약서에는 수수료 10%가 명시되어 있습니다.",
            "id": "sample_098_0095_000023",
            "annotations": [
                {
                    "word": "백한진",
                    "start": 15,
                    "end": 18,
                    "label": "개인정보"
                }
            ]
        },
        {
            "sentence": "선급 검사·서베이: Lloyd's Register 발행 서베이 보고서(발행일 2024-12-01T12:00:00Z) 요약과 원문 해시 sha256:abc123def456...가 기록되어 있습니다.",
            "id": "sample_098_0095_000024",
            "annotations": []
        },
        {
            "sentence": "인시던트 리포트: 2024-11-20T03:45:00Z 선실 내 소형 화재 발생, 초기진압 및 경미한 연기흡입 피해, 보고서 작성자 신재근이 조사 내용을 작성했습니다.",
            "id": "sample_098_0095_000025",
            "annotations": [
                {
                    "word": "신재근",
                    "start": 74,
                    "end": 77,
                    "label": "개인정보"
                }
            ]
        },
        {
            "sentence": "환경 및 폐기물 처리: 오일 오염 관련 외부 처리비 송금용 계좌 123-45-XXXX-6789(마스킹)가 사용되었으며 처리내역 영수증 요약이 첨부되어 있습니다.",
            "id": "sample_098_0095_000026",
            "annotations": [
                {
                    "word": "123-45-XXXX-6789",
                    "start": 36,
                    "end": 52,
                    "label": "기밀정보"
                }
            ]
        },
        {
            "sentence": "사진·3D 스캔·도면의 원문은 내부 저장소 URI https://internal.example.org/docs/yr-0095(비공개)와 콘텐츠 해시가 함께 보관됩니다.",
            "id": "sample_098_0095_000027",
            "annotations": [
                {
                    "word": "https://internal.example.org/docs/yr-0095",
                    "start": 28,
                    "end": 69,
                    "label": "기밀정보"
                }
            ]
        },
        {
            "sentence": "문서 무결성 및 감사추적: 본 리포트의 문서 URI doc://internal/098_0095(비공개)와 콘텐츠 해시 sha256:9f86d081884c7d659a2feaa0c55ad015a3bf4f1b2b0b822cd15d6c15b0f00a08가 기록됩니다.",
            "id": "sample_098_0095_000028",
            "annotations": [
                {
                    "word": "doc://internal/098_0095",
                    "start": 29,
                    "end": 52,
                    "label": "기밀정보"
                }
            ]
        },
        {
            "sentence": "데이터 보호·보존 정책: 보존기간 및 접근권한은 플래그국·선급·보험사 규정에 따르며 데이터책임자 허원영, 연락처(제한): hw-***@example.com이 관리합니다.",
            "id": "sample_098_0095_000029",
            "annotations": [
                {
                    "word": "허원영",
                    "start": 54,
                    "end": 57,
                    "label": "개인정보"
                },
                {
                    "word": "hw-***@example.com",
                    "start": 68,
                    "end": 86,
                    "label": "개인정보"
                }
            ]
        }
    ]
}