{
    "document_id": "098_0009",
    "document_title": "슈퍼요트 정기검사 및 운영보고서 (내부 요약)",
    "data": [
        {
            "sentence": "문서 개요: 본 보고서는 슈퍼요트의 정기검사, 항해기록, 정비이력 및 보험·재무 관련 주요 자료를 요약한 내부용 기술보고서입니다.",
            "id": "sample_098_0009_000001",
            "annotations": []
        },
        {
            "sentence": "문서 목적: 선급·보험사 제출 전 원자료의 무결성 검증과 감사추적(audit_trail) 보존을 위한 메타데이터를 포함합니다.",
            "id": "sample_098_0009_000002",
            "annotations": []
        },
        {
            "sentence": "선박 식별: 선박명 'SEA ELEGANCE' (가명), IMO: 0000000 (가명 표기), MMSI: 123456789 (가명), 플래그: Marshall Islands.",
            "id": "sample_098_0009_000003",
            "annotations": []
        },
        {
            "sentence": "선급 및 인증: 선급(Class) 명칭은 Lloyd-like Class (가명)이며, 최근 정기 서베이는 2025-06-01T09:00:00Z 기준으로 완료되었습니다.",
            "id": "sample_098_0009_000004",
            "annotations": []
        },
        {
            "sentence": "건조사 및 제원: 건조사 'OceanCraft Shipyards' (가명), 건조연도 2018, 전장_LOA 45.20 m, 총톤수_GRT 480, 주엔진 출력 2x2000 kW.",
            "id": "sample_098_0009_000005",
            "annotations": []
        },
        {
            "sentence": "추력·속성: 최대속도 22 knots, 항속속도 12 knots에서의 연료소모는 평균 450 L/h로 운영 로그에 기록되어 있습니다.",
            "id": "sample_098_0009_000006",
            "annotations": []
        },
        {
            "sentence": "연료 및 환경: 주요 연료타입은 MGO이며, 배출 저감 장치 및 폐기물 처리 기록은 별첨 환경리포트 요약에 포함되어 있습니다.",
            "id": "sample_098_0009_000007",
            "annotations": []
        },
        {
            "sentence": "감사무결성: 모든 제출 문서는 문서 URI 및 SHA256 콘텐츠 해시와 함께 보관되며, 감사추적 로그에는 작성자, 검토자, 타임스탬프가 포함됩니다.",
            "id": "sample_098_0009_000008",
            "annotations": []
        },
        {
            "sentence": "현재 운영 상태: 선박은 상시 원격 모니터링 중이며, 동기화 주기는 이벤트 기반으로 설계되어 오프라인 환경에서도 로컬 로그를 유지합니다.",
            "id": "sample_098_0009_000009",
            "annotations": []
        },
        {
            "sentence": "정비 요약: 최근 12개월 정비이력에는 하부선체 점검, 러더 교정, 메인엔진 연료 인젝터 교체 등의 작업이 포함되어 있습니다.",
            "id": "sample_098_0009_000010",
            "annotations": []
        },
        {
            "sentence": "소유자 정보(요약): 등록상 소유자는 개인(가명)이며 대표 연락처와 주소는 보안상 가명·마스킹하여 내부에 기록됩니다; 소유자 명칭은 진경민입니다.",
            "id": "sample_098_0009_000011",
            "annotations": [
                {
                    "word": "진경민",
                    "start": 74,
                    "end": 77,
                    "label": "개인정보"
                }
            ]
        },
        {
            "sentence": "소유자 연락처(제한적 표시): 소유자 연락처(마스킹) 010-XXXX-1234 및 등록상 주소 서울특별시 강남구 테헤란로 12-34(가명)로 내부 데이터베이스에 암호화 저장됩니다.",
            "id": "sample_098_0009_000012",
            "annotations": [
                {
                    "word": "010-XXXX-1234",
                    "start": 30,
                    "end": 43,
                    "label": "개인정보"
                },
                {
                    "word": "서울특별시 강남구 테헤란로 12-34",
                    "start": 53,
                    "end": 73,
                    "label": "개인정보"
                }
            ]
        },
        {
            "sentence": "등록·브로커: 등록대행 브로커는 홍경원이며, 브로커 계약서와 수수료 명세서는 문서 URI와 해시로 보관됩니다.",
            "id": "sample_098_0009_000013",
            "annotations": [
                {
                    "word": "홍경원",
                    "start": 18,
                    "end": 21,
                    "label": "개인정보"
                }
            ]
        },
        {
            "sentence": "차터·운영 계약: 최근 차터 계약서에는 임차인 조건과 기간, 요율이 명시되어 있으며, 계약서 원문은 접근권한 제한 영역에 저장됩니다.",
            "id": "sample_098_0009_000014",
            "annotations": []
        },
        {
            "sentence": "크루 명단(요약): 선장은 손문현, 첫번째 엔지니어는 서민, 선내매니저는 한대우 등으로 구성되어 있으며 자격증 사본은 별도 보관합니다.",
            "id": "sample_098_0009_000015",
            "annotations": [
                {
                    "word": "손문현",
                    "start": 15,
                    "end": 18,
                    "label": "개인정보"
                },
                {
                    "word": "한대우",
                    "start": 41,
                    "end": 44,
                    "label": "개인정보"
                }
            ]
        },
        {
            "sentence": "크루 상세: Chief Engineer 서민의 등록된 생년월일(UTC 표기)은 1985-06-15T00:00:00Z이며, 자격증과 건강검진 기록은 제한된 접근권으로 관리됩니다.",
            "id": "sample_098_0009_000016",
            "annotations": [
                {
                    "word": "서민",
                    "start": 22,
                    "end": 24,
                    "label": "개인정보"
                },
                {
                    "word": "1985-06-15T00:00:00Z",
                    "start": 44,
                    "end": 64,
                    "label": "준식별자"
                }
            ]
        },
        {
            "sentence": "승선허가 및 비자: 승선 허가 대상 중 승무원 류로나는 비자번호 V ISA-2023-98765(가명)를 보유하고 있으며 관련 문서는 암호화 저장됩니다.",
            "id": "sample_098_0009_000017",
            "annotations": [
                {
                    "word": "류로나",
                    "start": 26,
                    "end": 29,
                    "label": "개인정보"
                }
            ]
        },
        {
            "sentence": "검사·서베이: 외부 서베이어 윤진이 실시한 항만검사는 2024-11-20T14:30:00Z에 완료되었고, 서면 보고서는 PDF 원본으로 유지됩니다.",
            "id": "sample_098_0009_000018",
            "annotations": [
                {
                    "word": "윤진",
                    "start": 16,
                    "end": 18,
                    "label": "개인정보"
                }
            ]
        },
        {
            "sentence": "승선자 준식별자: 보고서에는 국적 필드가 포함되며 예시로 대한민국으로 표기된 항목은 준식별자 처리되어 있습니다.",
            "id": "sample_098_0009_000019",
            "annotations": [
                {
                    "word": "대한민국",
                    "start": 32,
                    "end": 36,
                    "label": "준식별자"
                }
            ]
        },
        {
            "sentence": "보험 및 언더라이팅: 보험증권번호 INS-2025-00012345는 언더라이터에 의해 관리되는 민감 재무 식별자로서 접근 제어가 적용됩니다.",
            "id": "sample_098_0009_000020",
            "annotations": [
                {
                    "word": "INS-2025-00012345",
                    "start": 19,
                    "end": 36,
                    "label": "기밀정보"
                }
            ]
        },
        {
            "sentence": "재무·계좌 정보: 보험금 청구 및 대금 이체 관련 참조 계좌 IBAN-XX00-123456789012(가명 계좌번호)가 메타데이터에 기록되어 있습니다.",
            "id": "sample_098_0009_000021",
            "annotations": [
                {
                    "word": "IBAN-XX00-123456789012",
                    "start": 34,
                    "end": 56,
                    "label": "기밀정보"
                }
            ]
        },
        {
            "sentence": "드라이독·리핏 기록: 최근 리핏은 2024-03-10T08:00:00Z부터 2024-04-02T17:00:00Z까지 진행되었으며 주요 부품 및 교체 이력은 부록에 상세기록됩니다.",
            "id": "sample_098_0009_000022",
            "annotations": []
        },
        {
            "sentence": "내부 IT·보안 메모: 장비 원격접속은 vpn.internal.marina.local을 통해 제한적으로 수행되며 내부관리 IP 10.0.0.5는 보안관제 로그에만 저장됩니다.",
            "id": "sample_098_0009_000023",
            "annotations": [
                {
                    "word": "vpn.internal.marina.local",
                    "start": 22,
                    "end": 47,
                    "label": "기밀정보"
                },
                {
                    "word": "10.0.0.5",
                    "start": 71,
                    "end": 79,
                    "label": "기밀정보"
                }
            ]
        },
        {
            "sentence": "사진·도면: 도면과 3D 스캔 원본은 고해상도 파일로 체인오브커스토디 메타데이터와 함께 문서 URI로 연결되어 있습니다.",
            "id": "sample_098_0009_000024",
            "annotations": []
        },
        {
            "sentence": "사고·인시던트: 2023-09-12T03:20:00Z에 발생한 접촉사고는 경미한 구조손상으로 기록되었고 수리명세서가 정비이력에 반영되어 있습니다.",
            "id": "sample_098_0009_000025",
            "annotations": []
        },
        {
            "sentence": "감사추적: 모든 서명과 승인 로그는 서명자 전용 키로 전자서명이 되며, 최종 승인자 전용 필드에는 전용환이 서명자로 기재되어 있습니다.",
            "id": "sample_098_0009_000026",
            "annotations": [
                {
                    "word": "전용환",
                    "start": 55,
                    "end": 58,
                    "label": "개인정보"
                }
            ]
        },
        {
            "sentence": "데이터 보존·파기 정책: 개인식별정보 및 준식별자는 계약·법규 준수에 따라 보존기간이 명시되며 파기 시점과 방법은 로그에 기록됩니다.",
            "id": "sample_098_0009_000027",
            "annotations": []
        },
        {
            "sentence": "플래그·관할권: 운항 관련 세무·VAT 처리는 플래그 국가 및 기항지의 규정을 따르며 관련 필드는 문서 상에 표준화되어 저장됩니다.",
            "id": "sample_098_0009_000028",
            "annotations": []
        },
        {
            "sentence": "AIS·텔레메트리 샘플: NMEA 형식 샘플과 AIS 타임스탬프는 가명 MMSI로 표기되며 로그는 ISO8601 UTC로 정규화됩니다.",
            "id": "sample_098_0009_000029",
            "annotations": []
        },
        {
            "sentence": "권고사항 및 액션아이템: 문서 접근권한 검토, 암호화 키 교체 주기 설정, 보험서류 접근로그 정기검토를 권고합니다.",
            "id": "sample_098_0009_000030",
            "annotations": []
        }
    ]
}