{
    "document_id": "098_0088",
    "document_title": "요트 정기검사 및 운영보고서 - SEA AMBITION (가명)",
    "data": [
        {
            "sentence": "본 문서는 42.3 m 전장과 380 GRT 규모의 레저 요트에 대한 정기검사, 정비, 항해 및 보험 관련 기록을 종합한 보고서입니다.",
            "id": "sample_098_0088_000001",
            "annotations": []
        },
        {
            "sentence": "문서 목적은 선박 안전성 검증, 보험 언더라이팅 자료 제공, 차터 계약 검토 및 법규 준수 상태 점검입니다.",
            "id": "sample_098_0088_000002",
            "annotations": []
        },
        {
            "sentence": "선박명은 'SEA AMBITION (가명)'이며 등록번호는 REG-KR-2024-0001(가명)으로 표기되어 있습니다.",
            "id": "sample_098_0088_000003",
            "annotations": [
                {
                    "word": "REG-KR-2024-0001(가명)",
                    "start": 33,
                    "end": 53,
                    "label": "기밀정보"
                },
                {
                    "word": "SEA AMBITION (가명)",
                    "start": 6,
                    "end": 23,
                    "label": "기밀정보"
                }
            ]
        },
        {
            "sentence": "IMO는 9000001(가명)이며 MMSI는 123456789(가명)으로 모든 텔레메트리와 로깅에는 가명화된 식별자를 사용했습니다.",
            "id": "sample_098_0088_000004",
            "annotations": [
                {
                    "word": "9000001(가명)",
                    "start": 5,
                    "end": 16,
                    "label": "기밀정보"
                },
                {
                    "word": "123456789(가명)",
                    "start": 25,
                    "end": 38,
                    "label": "기밀정보"
                }
            ]
        },
        {
            "sentence": "플래그 국가는 Panama로 표기하였고 선급(Class)은 Lloyd's Register 등급을 기준으로 LR1 인증을 보유한 것으로 기재되어 있습니다.",
            "id": "sample_098_0088_000005",
            "annotations": []
        },
        {
            "sentence": "건조사는 OceanWorks Shipyards이며 건조연도는 2015, 전장 LOA는 42.3 m, 총톤수 GRT는 380으로 기록되어 있습니다.",
            "id": "sample_098_0088_000006",
            "annotations": []
        },
        {
            "sentence": "엔진 사양은 MTU 2 x 16V4000 M90, 각 엔진 출력 2,680 kW, 최대 항속속도 28 knots로 기술되어 있습니다.",
            "id": "sample_098_0088_000007",
            "annotations": []
        },
        {
            "sentence": "연료 타입은 디젤이며 표준 운항시 소비 연료량은 평균 450 L/hr(크루즈 속도 12 knots 기준)로 보고되었습니다.",
            "id": "sample_098_0088_000008",
            "annotations": []
        },
        {
            "sentence": "소유자는 법인 등록된 선주회사(SeaHoldings Ltd., 가명)이며 선주 대표 연락처로 010-****-1234 및 owner@****.com(제한적 제공)가 문서에 기재되어 있습니다.",
            "id": "sample_098_0088_000009",
            "annotations": [
                {
                    "word": "010-****-1234",
                    "start": 52,
                    "end": 65,
                    "label": "개인정보"
                },
                {
                    "word": "owner@****.com",
                    "start": 68,
                    "end": 82,
                    "label": "개인정보"
                },
                {
                    "word": "SeaHoldings Ltd.",
                    "start": 17,
                    "end": 33,
                    "label": "준식별자"
                }
            ]
        },
        {
            "sentence": "보험증권번호는 POL-2024-99001(가명)이며 언더라이터는 GlobalMarine Underwriting(가명)으로 명시되어 있습니다.",
            "id": "sample_098_0088_000010",
            "annotations": [
                {
                    "word": "POL-2024-99001(가명)",
                    "start": 8,
                    "end": 26,
                    "label": "기밀정보"
                }
            ]
        },
        {
            "sentence": "브로커 계약은 정종준(브로커, 허가번호 BRK-2023-45)과 체결되었고 수수료율은 총 계약 금액의 12.5%로 합의되었습니다.",
            "id": "sample_098_0088_000011",
            "annotations": [
                {
                    "word": "정종준",
                    "start": 8,
                    "end": 11,
                    "label": "개인정보"
                },
                {
                    "word": "BRK-2023-45",
                    "start": 22,
                    "end": 33,
                    "label": "개인정보"
                }
            ]
        },
        {
            "sentence": "차터 계약은 김클로이(임차인, 가명)과 체결되었으며 계약기간은 2025-06-01T08:00:00Z부터 2025-06-14T18:00:00Z까지이고 요율은 EUR 250,000 per week로 기재되어 있습니다.",
            "id": "sample_098_0088_000012",
            "annotations": [
                {
                    "word": "김클로이",
                    "start": 7,
                    "end": 11,
                    "label": "개인정보"
                },
                {
                    "word": "2025-06-01T08:00:00Z",
                    "start": 35,
                    "end": 55,
                    "label": "준식별자"
                },
                {
                    "word": "2025-06-14T18:00:00Z",
                    "start": 58,
                    "end": 78,
                    "label": "준식별자"
                }
            ]
        },
        {
            "sentence": "크루 명단에는 선장 곽대균(자격: STCW II/2), 수석기사 심수임(자격: STCW III/2), 스튜어드 전미현 등이 등재되어 있으며 각 자격증 사본은 감사용으로 보관됩니다.",
            "id": "sample_098_0088_000013",
            "annotations": [
                {
                    "word": "곽대균",
                    "start": 11,
                    "end": 14,
                    "label": "개인정보"
                },
                {
                    "word": "심수임",
                    "start": 36,
                    "end": 39,
                    "label": "개인정보"
                },
                {
                    "word": "전미현",
                    "start": 62,
                    "end": 65,
                    "label": "개인정보"
                }
            ]
        },
        {
            "sentence": "승선 허가 및 비자 기록에는 승선자 김클로이의 VISAPermit ID: VISA-2024-0001(가명)과 입출국 스탬프가 요약되어 있습니다.",
            "id": "sample_098_0088_000014",
            "annotations": [
                {
                    "word": "VISA-2024-0001(가명)",
                    "start": 41,
                    "end": 59,
                    "label": "개인정보"
                }
            ]
        },
        {
            "sentence": "정비 이력은 다음과 같으며 모든 날짜는 ISO8601 UTC 표기법을 사용했습니다: 2024-07-15T09:00:00Z - 주기관 점검 및 ZF-90-0001 기어박스 교체(부품번호 ZF-90-0001).",
            "id": "sample_098_0088_000015",
            "annotations": [
                {
                    "word": "2024-07-15T09:00:00Z",
                    "start": 47,
                    "end": 67,
                    "label": "준식별자"
                },
                {
                    "word": "ZF-90-0001",
                    "start": 79,
                    "end": 89,
                    "label": "기밀정보"
                },
                {
                    "word": "ZF-90-0001",
                    "start": 103,
                    "end": 113,
                    "label": "기밀정보"
                }
            ]
        },
        {
            "sentence": "2023-11-02T06:30:00Z에는 프로펠러 균형조정 및 러버시일 교체가 수행되었고 기록에는 교체된 부품의 제조사 및 로트번호가 포함되어 있습니다.",
            "id": "sample_098_0088_000016",
            "annotations": [
                {
                    "word": "2023-11-02T06:30:00Z",
                    "start": 0,
                    "end": 20,
                    "label": "준식별자"
                }
            ]
        },
        {
            "sentence": "드라이독 및 리핏 기록은 2022-05-10T08:00:00Z~2022-06-02T17:00:00Z 기간 동안 진행되었으며 도크 작업 보고서 원문 URI와 SHA256 해시는 https://example.org/docs/drydock_098_0088.pdf sha256:3a7bd3f4e2c4f9a6c7e8b1d2a3c4e5f6로 첨부되었습니다.",
            "id": "sample_098_0088_000017",
            "annotations": [
                {
                    "word": "2022-05-10T08:00:00Z",
                    "start": 14,
                    "end": 34,
                    "label": "준식별자"
                },
                {
                    "word": "2022-06-02T17:00:00Z",
                    "start": 35,
                    "end": 55,
                    "label": "준식별자"
                },
                {
                    "word": "https://example.org/docs/drydock_098_0088.pdf sha256:3a7bd3f4e2c4f9a6c7e8b1d2a3c4e5f6",
                    "start": 98,
                    "end": 183,
                    "label": "기밀정보"
                }
            ]
        },
        {
            "sentence": "항해로그(AIS)는 가명 처리되어 저장되었으며 예시 샘플은 2024-01-10T12:00:00Z, 위도 35.000000, 경도 129.000000, 속도 12.5 knots, 코스 085.3 deg로 기록되어 있습니다.",
            "id": "sample_098_0088_000018",
            "annotations": [
                {
                    "word": "2024-01-10T12:00:00Z",
                    "start": 33,
                    "end": 53,
                    "label": "준식별자"
                },
                {
                    "word": "위도 35.000000, 경도 129.000000",
                    "start": 55,
                    "end": 82,
                    "label": "기밀정보"
                }
            ]
        },
        {
            "sentence": "NMEA 텔레메트리 샘플은 형식을 모사하되 식별값은 가명 처리했습니다: $GPRMC,120000.00,A,35.000000,N,129.000000,E,12.5,85.3,010124,,,A*68",
            "id": "sample_098_0088_000019",
            "annotations": [
                {
                    "word": "$GPRMC,120000.00,A,35.000000,N,129.000000,E,12.5,85.3,010124,,,A*68",
                    "start": 40,
                    "end": 107,
                    "label": "기밀정보"
                }
            ]
        },
        {
            "sentence": "현재 위치는 2025-01-15T09:30:00Z 기준 위도 35.123456, 경도 129.123456, 속도 0.5 knots, 코스 000.0 deg로 표기되어 있으며 위치 데이터는 민감지역 노출을 고려해 변형되었습니다.",
            "id": "sample_098_0088_000020",
            "annotations": [
                {
                    "word": "2025-01-15T09:30:00Z",
                    "start": 7,
                    "end": 27,
                    "label": "준식별자"
                },
                {
                    "word": "위도 35.123456, 경도 129.123456",
                    "start": 31,
                    "end": 58,
                    "label": "기밀정보"
                }
            ]
        },
        {
            "sentence": "환경배출 및 폐기물 처리 기록에는 오일 교환내역, 흘수 오염물 분리 처리, 고형폐기물 인계증명이 포함되어 있습니다.",
            "id": "sample_098_0088_000021",
            "annotations": []
        },
        {
            "sentence": "검사 및 서베이 보고서는 강동주(서베이어, 가명)가 수행한 요약이 포함되어 있으며 원문 보고서는 보안상 요약본만 본 문서에 첨부합니다.",
            "id": "sample_098_0088_000022",
            "annotations": [
                {
                    "word": "강동주",
                    "start": 14,
                    "end": 17,
                    "label": "개인정보"
                }
            ]
        },
        {
            "sentence": "사고 및 인시던트 리포트에는 2024-03-22T14:45:00Z 발생한 충돌 경미사고(접촉물 손상) 및 보험사에 제출된 사진자료 목록이 포함되어 있습니다.",
            "id": "sample_098_0088_000023",
            "annotations": [
                {
                    "word": "2024-03-22T14:45:00Z",
                    "start": 16,
                    "end": 36,
                    "label": "준식별자"
                }
            ]
        },
        {
            "sentence": "사진, 3D 스캔 및 도면은 URI와 함께 해시값을 기록하여 문서 무결성을 보장하고, 예: https://example.org/media/scan_098_0088.obj sha256:7f9c2d1a6b5c4d3e2f1a0b9c8d7e6f5가 기재되어 있습니다.",
            "id": "sample_098_0088_000024",
            "annotations": [
                {
                    "word": "https://example.org/media/scan_098_0088.obj sha256:7f9c2d1a6b5c4d3e2f1a0b9c8d7e6f5",
                    "start": 51,
                    "end": 133,
                    "label": "기밀정보"
                }
            ]
        },
        {
            "sentence": "재무 및 세무 문서로는 차터 인컴 명세, VAT 신고 요약, 중간 결제 영수증이 포함되며 민감 금융정보는 마스킹하여 보관합니다.",
            "id": "sample_098_0088_000025",
            "annotations": []
        },
        {
            "sentence": "감사추적(audit_trail)은 모든 문서 변경 이력과 접근 로그를 ISO8601 UTC 타임스탬프와 함께 자동 생성하여 저장합니다.",
            "id": "sample_098_0088_000026",
            "annotations": []
        },
        {
            "sentence": "권장 조치로는 보안 민감 지역 항해시 AIS 송출 최소화, 민감 문서 접근 권한 제한, 정기적 해시검증 및 오프라인 백업 정책 시행을 제시합니다.",
            "id": "sample_098_0088_000027",
            "annotations": []
        },
        {
            "sentence": "본 보고서의 문의 및 추가자료 요청은 문서 내 지정 대리인 전미현을 통해 제한적으로 처리되며, 모든 개인정보 처리와 보존정책은 요약본 뒤 별도 문서로 관리됩니다.",
            "id": "sample_098_0088_000028",
            "annotations": [
                {
                    "word": "전미현",
                    "start": 33,
                    "end": 36,
                    "label": "개인정보"
                }
            ]
        }
    ]
}