{
    "document_id": "098_0052",
    "document_title": "ARCADIA 40 정기 점검 및 리핏 통합 기술보고서",
    "data": [
        {
            "sentence": "본 문서는 40.12 m급 슈퍼요트 'ARCADIA 40'의 정기 점검 및 리핏 계획을 통합한 기술보고서입니다.",
            "id": "sample_098_0052_000001",
            "annotations": []
        },
        {
            "sentence": "문서 ID: 098_0052, 작성일: 2025-06-15T08:00:00Z, 발행자: BlueHarbor Marine Services.",
            "id": "sample_098_0052_000002",
            "annotations": [
                {
                    "word": "2025",
                    "start": 22,
                    "end": 26,
                    "label": "준식별자"
                },
                {
                    "word": "06",
                    "start": 27,
                    "end": 29,
                    "label": "준식별자"
                },
                {
                    "word": "15",
                    "start": 30,
                    "end": 32,
                    "label": "준식별자"
                }
            ]
        },
        {
            "sentence": "소유자: NorthStar Holdings (법인, Malta 등록), 소유자 연락처(제한공개): +82-10-****-1234.",
            "id": "sample_098_0052_000003",
            "annotations": [
                {
                    "word": "+82-10-****-1234",
                    "start": 55,
                    "end": 71,
                    "label": "개인정보"
                }
            ]
        },
        {
            "sentence": "선장: 서형기, 국적: KR, 생년월일: 1978-05-12T00:00:00Z, 자격증: STCW 제1항목 보유.",
            "id": "sample_098_0052_000004",
            "annotations": [
                {
                    "word": "서형기",
                    "start": 4,
                    "end": 7,
                    "label": "개인정보"
                },
                {
                    "word": "KR",
                    "start": 13,
                    "end": 15,
                    "label": "준식별자"
                },
                {
                    "word": "1978",
                    "start": 23,
                    "end": 27,
                    "label": "준식별자"
                },
                {
                    "word": "05",
                    "start": 28,
                    "end": 30,
                    "label": "준식별자"
                },
                {
                    "word": "12",
                    "start": 31,
                    "end": 33,
                    "label": "준식별자"
                }
            ]
        },
        {
            "sentence": "제2승무원(Chief Engineer): 허진유, 생년월일: 1985-11-03T00:00:00Z, 자격: 엔진 I·II 보유 및 내부 교육 이수.",
            "id": "sample_098_0052_000005",
            "annotations": [
                {
                    "word": "허진유",
                    "start": 23,
                    "end": 26,
                    "label": "개인정보"
                },
                {
                    "word": "1985",
                    "start": 34,
                    "end": 38,
                    "label": "준식별자"
                },
                {
                    "word": "11",
                    "start": 39,
                    "end": 41,
                    "label": "준식별자"
                },
                {
                    "word": "03",
                    "start": 42,
                    "end": 44,
                    "label": "준식별자"
                }
            ]
        },
        {
            "sentence": "승무원 연락처는 내부 마스킹 처리되어 기록됨: 010-****-5678.",
            "id": "sample_098_0052_000006",
            "annotations": [
                {
                    "word": "010-****-5678",
                    "start": 26,
                    "end": 39,
                    "label": "개인정보"
                }
            ]
        },
        {
            "sentence": "선박등록번호: YT-2021-0047, 선박명: ARCADIA 40, MMSI(가명): 244****123, 콜사인: 9HAQ.",
            "id": "sample_098_0052_000007",
            "annotations": []
        },
        {
            "sentence": "Flag: Malta, 선급(Class): RINA, 건조사: SunShip Yachts, 건조연도: 2019.",
            "id": "sample_098_0052_000008",
            "annotations": []
        },
        {
            "sentence": "전장_LOA: 40.12 m, 총톤수_GRT: 380 t, 엔진사양: MTU 16V 2000 M72 ×2, 최대출력: 2000 kW.",
            "id": "sample_098_0052_000009",
            "annotations": []
        },
        {
            "sentence": "보험증권번호: INS-MLT-2024-7789, 언더라이터: OceanSure Underwriting Ltd., 보험만기: 2026-12-31T23:59:59Z.",
            "id": "sample_098_0052_000010",
            "annotations": [
                {
                    "word": "INS-MLT-2024-7789",
                    "start": 8,
                    "end": 25,
                    "label": "기밀정보"
                },
                {
                    "word": "2026",
                    "start": 69,
                    "end": 73,
                    "label": "준식별자"
                },
                {
                    "word": "12",
                    "start": 74,
                    "end": 76,
                    "label": "준식별자"
                },
                {
                    "word": "31",
                    "start": 77,
                    "end": 79,
                    "label": "준식별자"
                }
            ]
        },
        {
            "sentence": "브로커 계약: BlueWave Brokers, 계약서 UID: CTR-2025-0098, 커미션: 3%.",
            "id": "sample_098_0052_000011",
            "annotations": [
                {
                    "word": "CTR-2025-0098",
                    "start": 35,
                    "end": 48,
                    "label": "기밀정보"
                }
            ]
        },
        {
            "sentence": "정비이력 1: 2024-11-02T09:30:00Z 엔진 오버홀 수행, 교체부품: 시리얼# ENG-AX-3345.",
            "id": "sample_098_0052_000012",
            "annotations": [
                {
                    "word": "2024",
                    "start": 8,
                    "end": 12,
                    "label": "준식별자"
                },
                {
                    "word": "11",
                    "start": 13,
                    "end": 15,
                    "label": "준식별자"
                },
                {
                    "word": "02",
                    "start": 9,
                    "end": 11,
                    "label": "준식별자"
                },
                {
                    "word": "02",
                    "start": 16,
                    "end": 18,
                    "label": "준식별자"
                },
                {
                    "word": "ENG-AX-3345",
                    "start": 51,
                    "end": 62,
                    "label": "기밀정보"
                }
            ]
        },
        {
            "sentence": "정비이력 2: 2023-07-15T14:00:00Z 추진축 정렬 점검, 검사결과: 허용오차 내.",
            "id": "sample_098_0052_000013",
            "annotations": [
                {
                    "word": "2023",
                    "start": 8,
                    "end": 12,
                    "label": "준식별자"
                },
                {
                    "word": "07",
                    "start": 13,
                    "end": 15,
                    "label": "준식별자"
                },
                {
                    "word": "15",
                    "start": 16,
                    "end": 18,
                    "label": "준식별자"
                }
            ]
        },
        {
            "sentence": "드라이독/리핏: 2023-03-20T06:00:00Z ~ 2023-04-10T18:00:00Z, 작업내역: 스테빌라이저 교체 및 선체 도장.",
            "id": "sample_098_0052_000014",
            "annotations": [
                {
                    "word": "2023",
                    "start": 9,
                    "end": 13,
                    "label": "준식별자"
                },
                {
                    "word": "2023",
                    "start": 32,
                    "end": 36,
                    "label": "준식별자"
                },
                {
                    "word": "03",
                    "start": 14,
                    "end": 16,
                    "label": "준식별자"
                },
                {
                    "word": "20",
                    "start": 9,
                    "end": 11,
                    "label": "준식별자"
                },
                {
                    "word": "20",
                    "start": 17,
                    "end": 19,
                    "label": "준식별자"
                },
                {
                    "word": "20",
                    "start": 32,
                    "end": 34,
                    "label": "준식별자"
                },
                {
                    "word": "04",
                    "start": 37,
                    "end": 39,
                    "label": "준식별자"
                },
                {
                    "word": "10",
                    "start": 40,
                    "end": 42,
                    "label": "준식별자"
                }
            ]
        },
        {
            "sentence": "AIS 샘플: !AIVDM,1,1,,A,15MuqP0P00PD;88M`..., MMSI(가명): 244****123, 타임스탬프: 2026-01-23T14:30:00Z.",
            "id": "sample_098_0052_000015",
            "annotations": [
                {
                    "word": "2026",
                    "start": 73,
                    "end": 77,
                    "label": "준식별자"
                },
                {
                    "word": "01",
                    "start": 78,
                    "end": 80,
                    "label": "준식별자"
                },
                {
                    "word": "23",
                    "start": 62,
                    "end": 64,
                    "label": "준식별자"
                },
                {
                    "word": "23",
                    "start": 81,
                    "end": 83,
                    "label": "준식별자"
                }
            ]
        },
        {
            "sentence": "현재위치(가명보정): 위도 36.09N, 경도 129.03E, 속도 8.5 knots, 코스 145deg, 측정시간: 2026-01-23T14:30:00Z.",
            "id": "sample_098_0052_000016",
            "annotations": [
                {
                    "word": "2026",
                    "start": 66,
                    "end": 70,
                    "label": "준식별자"
                },
                {
                    "word": "01",
                    "start": 71,
                    "end": 73,
                    "label": "준식별자"
                },
                {
                    "word": "23",
                    "start": 74,
                    "end": 76,
                    "label": "준식별자"
                }
            ]
        },
        {
            "sentence": "연료 소모량: 평균 420 L/h 항행중, 연료타입: Diesel, 연료잔량: 6,200 L.",
            "id": "sample_098_0052_000017",
            "annotations": []
        },
        {
            "sentence": "차터계약: 임차인(가명) 나송아, 임대기간: 2025-07-01T10:00:00Z ~ 2025-07-14T18:00:00Z, 총요율: EUR 120000.",
            "id": "sample_098_0052_000018",
            "annotations": [
                {
                    "word": "나송아",
                    "start": 14,
                    "end": 17,
                    "label": "개인정보"
                },
                {
                    "word": "2025",
                    "start": 25,
                    "end": 29,
                    "label": "준식별자"
                },
                {
                    "word": "2025",
                    "start": 48,
                    "end": 52,
                    "label": "준식별자"
                },
                {
                    "word": "07",
                    "start": 30,
                    "end": 32,
                    "label": "준식별자"
                },
                {
                    "word": "07",
                    "start": 53,
                    "end": 55,
                    "label": "준식별자"
                },
                {
                    "word": "01",
                    "start": 33,
                    "end": 35,
                    "label": "준식별자"
                },
                {
                    "word": "14",
                    "start": 56,
                    "end": 58,
                    "label": "준식별자"
                }
            ]
        },
        {
            "sentence": "검사/서베이 보고서: 발행자 RINA, 발행일: 2024-10-05T12:00:00Z, 원문 URI: https://example.com/surveys/098_0052_01.pdf, 콘텐츠 해시: sha256:abcd1234ef...",
            "id": "sample_098_0052_000019",
            "annotations": [
                {
                    "word": "2024",
                    "start": 27,
                    "end": 31,
                    "label": "준식별자"
                },
                {
                    "word": "10",
                    "start": 32,
                    "end": 34,
                    "label": "준식별자"
                },
                {
                    "word": "05",
                    "start": 35,
                    "end": 37,
                    "label": "준식별자"
                },
                {
                    "word": "05",
                    "start": 90,
                    "end": 92,
                    "label": "준식별자"
                }
            ]
        },
        {
            "sentence": "사진 및 3D 스캔: 외부 스캔(파일명: ARCADIA40_SCAN_2024.zip)은 문서 저장소에 보관되어 있으며 접근 권한이 제한됩니다.",
            "id": "sample_098_0052_000020",
            "annotations": []
        },
        {
            "sentence": "사고 리포트: 2024-06-18T02:40:00Z 충돌미수 발생, 손상부위: 포어데크 좌현 도장박락, 수리견적 별첨.",
            "id": "sample_098_0052_000021",
            "annotations": [
                {
                    "word": "2024",
                    "start": 8,
                    "end": 12,
                    "label": "준식별자"
                },
                {
                    "word": "06",
                    "start": 13,
                    "end": 15,
                    "label": "준식별자"
                },
                {
                    "word": "18",
                    "start": 16,
                    "end": 18,
                    "label": "준식별자"
                }
            ]
        },
        {
            "sentence": "승선 허가/비자: 선장 서형기 여권: Passport KR P1234567(가명), Schengen 비자 발행일: 2024-05-10T00:00:00Z.",
            "id": "sample_098_0052_000022",
            "annotations": [
                {
                    "word": "서형기",
                    "start": 13,
                    "end": 16,
                    "label": "개인정보"
                },
                {
                    "word": "P1234567",
                    "start": 33,
                    "end": 41,
                    "label": "개인정보"
                },
                {
                    "word": "2024",
                    "start": 64,
                    "end": 68,
                    "label": "준식별자"
                },
                {
                    "word": "05",
                    "start": 69,
                    "end": 71,
                    "label": "준식별자"
                },
                {
                    "word": "10",
                    "start": 72,
                    "end": 74,
                    "label": "준식별자"
                }
            ]
        },
        {
            "sentence": "크루 명단 요약: 총 12명(선장·기술·데크·호스피탈리티), 상세 자격은 첨부된 승선명부 참조.",
            "id": "sample_098_0052_000023",
            "annotations": []
        },
        {
            "sentence": "재무·세무: 2024 회계연도 손익보고서 포함, 은행계좌(가명표기): IBAN MT84MLTB1234567890, VAT 처리내역 별도 보관.",
            "id": "sample_098_0052_000024",
            "annotations": [
                {
                    "word": "MT84MLTB1234567890",
                    "start": 44,
                    "end": 62,
                    "label": "기밀정보"
                }
            ]
        },
        {
            "sentence": "감사추적 로그: 모든 문서의 URI와 sha256 콘텐츠 해시가 기록되어 있고 변경이력은 타임스탬프와 사용자ID로 추적됩니다.",
            "id": "sample_098_0052_000025",
            "annotations": []
        },
        {
            "sentence": "프라이버시·데이터보존 정책: 개인식별정보는 최소화·마스킹 보관하며 보존기간 및 파기절차는 계약서에 따릅니다.",
            "id": "sample_098_0052_000026",
            "annotations": []
        },
        {
            "sentence": "권고사항: 드라이독 전 엔진 압력계 교정, ISPS 규정 대비 보안검사 강화, 보험사 제출용 수리견적서 제출을 권고합니다.",
            "id": "sample_098_0052_000027",
            "annotations": []
        }
    ]
}