{
    "document_id": "098_0076",
    "document_title": "요트 정기 검사 및 운항 보고서 - M/Y 아우로라 (선박 ID: 098_0076)",
    "data": [
        {
            "sentence": "본 문서는 M/Y 아우로라에 대한 정기 검사, 정비이력 및 운항 로그를 요약한 공식 보고서입니다.",
            "id": "sample_098_0076_000001",
            "annotations": []
        },
        {
            "sentence": "선박 기본정보: 선박명 M/Y 아우로라, 등록번호 VES-2025-09, 건조형태: 강재 하이엔드 레저 보트.",
            "id": "sample_098_0076_000002",
            "annotations": []
        },
        {
            "sentence": "식별자(가명): IMO: 9999999 (가명), MMSI: 123456789 (가명), 콜사인: XAAA.",
            "id": "sample_098_0076_000003",
            "annotations": []
        },
        {
            "sentence": "플래그 및 선급: 플래그 PANAMA, 선급 RINA, 관할법규 준수 항목 점검 완료.",
            "id": "sample_098_0076_000004",
            "annotations": []
        },
        {
            "sentence": "건조사 및 연도: 건조사 부산야드, 건조연도 2015, 설계모델: MB-1200 컨템퍼러리 하이퍼포먼스.",
            "id": "sample_098_0076_000005",
            "annotations": []
        },
        {
            "sentence": "규격: 전장 LOA 36.5 m, 총톤수 GRT 240, 승선 정원 12명으로 명시되어 있습니다.",
            "id": "sample_098_0076_000006",
            "annotations": []
        },
        {
            "sentence": "엔진 스펙: 주엔진 CAT C32, 총출력 2 × 1625 kW, 추진속도 설계 24 knots, 연료 타입: Diesel, 연료탱크용량 12,000 L.",
            "id": "sample_098_0076_000007",
            "annotations": []
        },
        {
            "sentence": "소유자(개인): 백세윤.",
            "id": "sample_098_0076_000008",
            "annotations": [
                {
                    "word": "백세윤",
                    "start": 9,
                    "end": 12,
                    "label": "개인정보"
                }
            ]
        },
        {
            "sentence": "소유자 연락처 이메일: baek.seyun@masked.example.com, 여권번호: P1234567 (가명 표기).",
            "id": "sample_098_0076_000009",
            "annotations": [
                {
                    "word": "baek.seyun@masked.example.com",
                    "start": 13,
                    "end": 42,
                    "label": "개인정보"
                },
                {
                    "word": "P1234567",
                    "start": 50,
                    "end": 58,
                    "label": "개인정보"
                }
            ]
        },
        {
            "sentence": "소유자 휴대전화(제한표기): +82-10-****-1234.",
            "id": "sample_098_0076_000010",
            "annotations": [
                {
                    "word": "+82-10-****-1234",
                    "start": 16,
                    "end": 32,
                    "label": "개인정보"
                }
            ]
        },
        {
            "sentence": "소유자 주소(요약): 서울특별시 강남구 (세부 마스킹 처리됨).",
            "id": "sample_098_0076_000011",
            "annotations": []
        },
        {
            "sentence": "소유자 생년월일(ISO8601): 1978-05-14T00:00:00Z.",
            "id": "sample_098_0076_000012",
            "annotations": [
                {
                    "word": "1978-05-14T00:00:00Z",
                    "start": 19,
                    "end": 39,
                    "label": "준식별자"
                }
            ]
        },
        {
            "sentence": "보험 정보(요약): 보험증권번호: INS-2025-009876, 언더라이터: SecureMarine Underwriting Ltd.",
            "id": "sample_098_0076_000013",
            "annotations": [
                {
                    "word": "INS-2025-009876",
                    "start": 19,
                    "end": 34,
                    "label": "기밀정보"
                }
            ]
        },
        {
            "sentence": "결제/정산 관련(제한표기): 보험 입금용 계좌번호: 110-****-9999 (내부 보관).",
            "id": "sample_098_0076_000014",
            "annotations": [
                {
                    "word": "110-****-9999",
                    "start": 29,
                    "end": 42,
                    "label": "기밀정보"
                }
            ]
        },
        {
            "sentence": "크루 명단(주요 역할): 선장 백한준, 엔지니어 허무성, 쿡 차이언, 갑판장 전라헬, 항해사 우인서.",
            "id": "sample_098_0076_000015",
            "annotations": [
                {
                    "word": "백한준",
                    "start": 17,
                    "end": 20,
                    "label": "개인정보"
                },
                {
                    "word": "허무성",
                    "start": 27,
                    "end": 30,
                    "label": "개인정보"
                },
                {
                    "word": "차이언",
                    "start": 34,
                    "end": 37,
                    "label": "개인정보"
                },
                {
                    "word": "전라헬",
                    "start": 43,
                    "end": 46,
                    "label": "개인정보"
                },
                {
                    "word": "우인서",
                    "start": 52,
                    "end": 55,
                    "label": "개인정보"
                }
            ]
        },
        {
            "sentence": "크루 서류상 주요 항목: 항해사 우인서 비자 만료일 2026-03-01T00:00:00Z (ISO8601 표기).",
            "id": "sample_098_0076_000016",
            "annotations": [
                {
                    "word": "2026-03-01T00:00:00Z",
                    "start": 29,
                    "end": 49,
                    "label": "준식별자"
                },
                {
                    "word": "우인서",
                    "start": 18,
                    "end": 21,
                    "label": "개인정보"
                }
            ]
        },
        {
            "sentence": "정비 이력(예): 2025-11-09T09:00:00Z 엔진 오일 및 필터 교환, 교체 부품 PN-FLT-220 적용.",
            "id": "sample_098_0076_000017",
            "annotations": [
                {
                    "word": "2025-11-09T09:00:00Z",
                    "start": 10,
                    "end": 30,
                    "label": "준식별자"
                }
            ]
        },
        {
            "sentence": "드라이독/리핏 기록: 2024-08-15T07:30:00Z 도크 입고, 내부 메모에 승인자 엄진모 기재(권한 확인 필요).",
            "id": "sample_098_0076_000018",
            "annotations": [
                {
                    "word": "2024-08-15T07:30:00Z",
                    "start": 12,
                    "end": 32,
                    "label": "준식별자"
                },
                {
                    "word": "엄진모",
                    "start": 51,
                    "end": 54,
                    "label": "개인정보"
                }
            ]
        },
        {
            "sentence": "항해로그 - AIS 샘플(가명 좌표): 2026-01-20T12:34:56Z, LAT 34.0001, LON 128.0001, SOG 8.5 knots, COG 173.0.",
            "id": "sample_098_0076_000019",
            "annotations": []
        },
        {
            "sentence": "NMEA 엔진 텔레메트리 예시: RPM 1500, 냉각수 온도 78°C, ENG-SN: SN-XXXX-9876 (자산 일련번호, 내부기밀 표기).",
            "id": "sample_098_0076_000020",
            "annotations": [
                {
                    "word": "SN-XXXX-9876",
                    "start": 49,
                    "end": 61,
                    "label": "기밀정보"
                }
            ]
        },
        {
            "sentence": "서베이 문서 메타데이터: 발행자 Marine Survey Co., 발행일 2026-01-22T10:00:00Z, 원문 URI https://registry.example.com/docs/098_0076.pdf, SHA256 abcd1234ef... (요약 포함).",
            "id": "sample_098_0076_000021",
            "annotations": []
        },
        {
            "sentence": "시스템/보안 관련 내부정보: 관리서버 IP 10.10.255.1, 파일경로 /srv/private/surveys/098_0076.pdf (내부 기밀 경로).",
            "id": "sample_098_0076_000022",
            "annotations": [
                {
                    "word": "10.10.255.1",
                    "start": 24,
                    "end": 35,
                    "label": "기밀정보"
                },
                {
                    "word": "/srv/private/surveys/098_0076.pdf",
                    "start": 42,
                    "end": 75,
                    "label": "기밀정보"
                }
            ]
        },
        {
            "sentence": "사고/인시던트 요약: 2025-12-30T03:40:00Z에 접촉 사고 발생, 선상 비상연락처 +82-10-5555-6666로 보고됨.",
            "id": "sample_098_0076_000023",
            "annotations": [
                {
                    "word": "2025-12-30T03:40:00Z",
                    "start": 12,
                    "end": 32,
                    "label": "준식별자"
                },
                {
                    "word": "+82-10-5555-6666",
                    "start": 53,
                    "end": 69,
                    "label": "개인정보"
                }
            ]
        },
        {
            "sentence": "차터 계약 요약: 임차인(법인) BlueCharter Ltd., 브로커 담당자 남시율, 연락처 이메일 namsyul@broker.example.com, 수수료율 12%.",
            "id": "sample_098_0076_000024",
            "annotations": [
                {
                    "word": "남시율",
                    "start": 44,
                    "end": 47,
                    "label": "개인정보"
                },
                {
                    "word": "namsyul@broker.example.com",
                    "start": 57,
                    "end": 83,
                    "label": "개인정보"
                }
            ]
        },
        {
            "sentence": "재무 및 세무 메모: VAT 처리 관할 PANAMA 규정 준수, 결제 증빙은 내부 회계에서 보관 및 가명 처리.",
            "id": "sample_098_0076_000025",
            "annotations": []
        },
        {
            "sentence": "권고사항 및 후속조치: 개인정보 최소화 적용, 위치(좌표) 가명화, 문서 무결성 해시 보존, 보존기간 30년 및 파기정책 명시.",
            "id": "sample_098_0076_000026",
            "annotations": []
        }
    ]
}