{
    "document_id": "009_0047",
    "document_title": "CDR(통화 상세 기록)·요금청구서 및 네트워크 로그 종합 기술보고서",
    "data": [
        {
            "sentence": "보고서 개요: 본 문서는 통신서비스 가입 및 사용 내역(CDR), 요금 청구서, 네트워크 로그를 종합한 기술보고서입니다.",
            "id": "sample_009_0047_000001",
            "annotations": []
        },
        {
            "sentence": "보고서 작성 책임자: 시스템 아키텍트 송선규가 문서 검토를 주관했습니다.",
            "id": "sample_009_0047_000002",
            "annotations": [
                {
                    "word": "송선규",
                    "start": 21,
                    "end": 24,
                    "label": "개인정보"
                }
            ]
        },
        {
            "sentence": "가입자 기본정보: 송선규의 생년월일은 1990-07-21이며 성별은 남성으로 등록되어 있습니다.",
            "id": "sample_009_0047_000003",
            "annotations": [
                {
                    "word": "송선규",
                    "start": 10,
                    "end": 13,
                    "label": "개인정보"
                },
                {
                    "word": "1990",
                    "start": 21,
                    "end": 25,
                    "label": "준식별자"
                },
                {
                    "word": "07",
                    "start": 26,
                    "end": 28,
                    "label": "준식별자"
                },
                {
                    "word": "21",
                    "start": 29,
                    "end": 31,
                    "label": "준식별자"
                },
                {
                    "word": "남성",
                    "start": 38,
                    "end": 40,
                    "label": "준식별자"
                }
            ]
        },
        {
            "sentence": "연락처 및 이메일: 송선규 연락처 010-1234-5678, 이메일 ssong@example.com으로 고객DB에 저장되어 있습니다.",
            "id": "sample_009_0047_000004",
            "annotations": [
                {
                    "word": "010-1234-5678",
                    "start": 19,
                    "end": 32,
                    "label": "개인정보"
                },
                {
                    "word": "ssong@example.com",
                    "start": 38,
                    "end": 55,
                    "label": "개인정보"
                }
            ]
        },
        {
            "sentence": "가입자 황영태의 상세주소는 서울특별시 강남구 역삼동 123-45로 청구자료에 기재되어 있습니다.",
            "id": "sample_009_0047_000005",
            "annotations": [
                {
                    "word": "황영태",
                    "start": 4,
                    "end": 7,
                    "label": "개인정보"
                },
                {
                    "word": "서울특별시",
                    "start": 15,
                    "end": 20,
                    "label": "준식별자"
                },
                {
                    "word": "강남구",
                    "start": 21,
                    "end": 24,
                    "label": "준식별자"
                },
                {
                    "word": "역삼동 123-45",
                    "start": 25,
                    "end": 35,
                    "label": "개인정보"
                }
            ]
        },
        {
            "sentence": "황영태의 연락처는 010-8765-4321로 요금청구 및 SMS 인증에 사용되었습니다.",
            "id": "sample_009_0047_000006",
            "annotations": [
                {
                    "word": "010-8765-4321",
                    "start": 10,
                    "end": 23,
                    "label": "개인정보"
                },
                {
                    "word": "황영태",
                    "start": 0,
                    "end": 3,
                    "label": "개인정보"
                }
            ]
        },
        {
            "sentence": "통화 내역 샘플: 2025-11-15 14:22:10에 황영태(010-8765-4321) 발신, 나현솔(010-5555-6666) 착신으로 00:12:45 통화 기록이 남았습니다.",
            "id": "sample_009_0047_000007",
            "annotations": [
                {
                    "word": "황영태",
                    "start": 31,
                    "end": 34,
                    "label": "개인정보"
                },
                {
                    "word": "010-8765-4321",
                    "start": 35,
                    "end": 48,
                    "label": "개인정보"
                },
                {
                    "word": "나현솔",
                    "start": 54,
                    "end": 57,
                    "label": "개인정보"
                },
                {
                    "word": "010-5555-6666",
                    "start": 58,
                    "end": 71,
                    "label": "개인정보"
                },
                {
                    "word": "2025",
                    "start": 10,
                    "end": 14,
                    "label": "준식별자"
                },
                {
                    "word": "11",
                    "start": 15,
                    "end": 17,
                    "label": "준식별자"
                },
                {
                    "word": "15",
                    "start": 18,
                    "end": 20,
                    "label": "준식별자"
                }
            ]
        },
        {
            "sentence": "데이터 사용량 예시: 고객 민현우는 2025-11월 청구 기간에 12.34 GB의 데이터 트래픽을 사용했습니다.",
            "id": "sample_009_0047_000008",
            "annotations": [
                {
                    "word": "민현우",
                    "start": 15,
                    "end": 18,
                    "label": "개인정보"
                },
                {
                    "word": "2025",
                    "start": 20,
                    "end": 24,
                    "label": "준식별자"
                },
                {
                    "word": "11",
                    "start": 25,
                    "end": 27,
                    "label": "준식별자"
                }
            ]
        },
        {
            "sentence": "요금 청구 요약: 민율리 고객의 이번 청구 금액은 54,320원이며 납부기한은 2025-12-10입니다.",
            "id": "sample_009_0047_000009",
            "annotations": [
                {
                    "word": "민율리",
                    "start": 10,
                    "end": 13,
                    "label": "개인정보"
                },
                {
                    "word": "2025",
                    "start": 44,
                    "end": 48,
                    "label": "준식별자"
                },
                {
                    "word": "12",
                    "start": 49,
                    "end": 51,
                    "label": "준식별자"
                },
                {
                    "word": "10",
                    "start": 52,
                    "end": 54,
                    "label": "준식별자"
                }
            ]
        },
        {
            "sentence": "납부 계좌정보: 고객이 등록한 계좌번호 210-9876-543210은 내부 결제 처리용으로 암호화되어 저장됩니다.",
            "id": "sample_009_0047_000010",
            "annotations": [
                {
                    "word": "210-9876-543210",
                    "start": 22,
                    "end": 37,
                    "label": "기밀정보"
                }
            ]
        },
        {
            "sentence": "긴급 차단 처리: 차민규(010-9999-0000) 번호에 대해 이상 트래픽 감지로 임시 정지 조치가 실행되었습니다.",
            "id": "sample_009_0047_000011",
            "annotations": [
                {
                    "word": "차민규",
                    "start": 10,
                    "end": 13,
                    "label": "개인정보"
                },
                {
                    "word": "010-9999-0000",
                    "start": 14,
                    "end": 27,
                    "label": "개인정보"
                }
            ]
        },
        {
            "sentence": "네트워크 로그: 2025-11-20 03:15:22에 eNodeB 연결 오류가 발생하여 세션 재설정이 기록되었습니다.",
            "id": "sample_009_0047_000012",
            "annotations": [
                {
                    "word": "2025",
                    "start": 9,
                    "end": 13,
                    "label": "준식별자"
                },
                {
                    "word": "11",
                    "start": 14,
                    "end": 16,
                    "label": "준식별자"
                },
                {
                    "word": "20",
                    "start": 9,
                    "end": 11,
                    "label": "준식별자"
                },
                {
                    "word": "20",
                    "start": 17,
                    "end": 19,
                    "label": "준식별자"
                }
            ]
        },
        {
            "sentence": "로그 세부: 사용자 세션은 IMSI, MSISDN 교환 후 HSS와의 인증에 성공하였으나 중간에 RADIUS 인증 지연이 확인되었습니다.",
            "id": "sample_009_0047_000013",
            "annotations": []
        },
        {
            "sentence": "시스템 접속 기록: 운영자 계정 billing-admin이 2025-11-20 03:16:00에 /srv/billing/confidential/charges_202511.csv를 열람했습니다.",
            "id": "sample_009_0047_000014",
            "annotations": [
                {
                    "word": "billing-admin",
                    "start": 18,
                    "end": 31,
                    "label": "기밀정보"
                },
                {
                    "word": "/srv/billing/confidential/charges_202511.csv",
                    "start": 54,
                    "end": 98,
                    "label": "기밀정보"
                },
                {
                    "word": "2025",
                    "start": 33,
                    "end": 37,
                    "label": "준식별자"
                },
                {
                    "word": "2025",
                    "start": 88,
                    "end": 92,
                    "label": "준식별자"
                },
                {
                    "word": "11",
                    "start": 38,
                    "end": 40,
                    "label": "준식별자"
                },
                {
                    "word": "11",
                    "start": 92,
                    "end": 94,
                    "label": "준식별자"
                },
                {
                    "word": "20",
                    "start": 33,
                    "end": 35,
                    "label": "준식별자"
                },
                {
                    "word": "20",
                    "start": 41,
                    "end": 43,
                    "label": "준식별자"
                },
                {
                    "word": "20",
                    "start": 88,
                    "end": 90,
                    "label": "준식별자"
                }
            ]
        },
        {
            "sentence": "서버 접속 IP: 내부 빌링서버 172.16.4.12에서 외부 NAT 203.0.113.45로 트래픽이 발생했음을 확인했습니다.",
            "id": "sample_009_0047_000015",
            "annotations": [
                {
                    "word": "172.16.4.12",
                    "start": 18,
                    "end": 29,
                    "label": "기밀정보"
                },
                {
                    "word": "203.0.113.45",
                    "start": 39,
                    "end": 51,
                    "label": "기밀정보"
                }
            ]
        },
        {
            "sentence": "추가 보안정보: VPN 엔드포인트 vpn.internal.corp:1194 및 내부 URL https://intranet.corp.local/billing은 내부 운영 전용입니다.",
            "id": "sample_009_0047_000016",
            "annotations": [
                {
                    "word": "vpn.internal.corp:1194",
                    "start": 19,
                    "end": 41,
                    "label": "기밀정보"
                },
                {
                    "word": "https://intranet.corp.local/billing",
                    "start": 51,
                    "end": 86,
                    "label": "기밀정보"
                }
            ]
        },
        {
            "sentence": "작업 승인 로그: 담당자 황영태가 2025-11-22 09:00에 요금 조정건에 대해 승인 처리를 완료하였습니다.",
            "id": "sample_009_0047_000017",
            "annotations": [
                {
                    "word": "황영태",
                    "start": 14,
                    "end": 17,
                    "label": "개인정보"
                },
                {
                    "word": "2025",
                    "start": 19,
                    "end": 23,
                    "label": "준식별자"
                },
                {
                    "word": "11",
                    "start": 24,
                    "end": 26,
                    "label": "준식별자"
                },
                {
                    "word": "22",
                    "start": 27,
                    "end": 29,
                    "label": "준식별자"
                }
            ]
        },
        {
            "sentence": "전화번호 포맷 준수: 모든 발신자 및 착신 번호는 010-XXXX-XXXX 또는 지역번호-XXXX-XXXX로 표준화되어 저장됩니다.",
            "id": "sample_009_0047_000018",
            "annotations": []
        },
        {
            "sentence": "트래픽 통계: 2025년 11월 전체 데이터 사용량 합계는 12,430.56 GB이며 최고 동시접속은 18,432 세션입니다.",
            "id": "sample_009_0047_000019",
            "annotations": [
                {
                    "word": "2025",
                    "start": 8,
                    "end": 12,
                    "label": "준식별자"
                },
                {
                    "word": "11",
                    "start": 14,
                    "end": 16,
                    "label": "준식별자"
                }
            ]
        },
        {
            "sentence": "네트워크 장애 대응 로그: BSC와 MME 간 세션 풀 고갈이 감지되어 자동 리커버리 절차가 시행되었습니다.",
            "id": "sample_009_0047_000020",
            "annotations": []
        },
        {
            "sentence": "감사 추적: 모든 파일 접근은 중앙 감사서버 logs-audit.internal:514에 기록되며 접근자는 사유와 함께 기록됩니다.",
            "id": "sample_009_0047_000021",
            "annotations": [
                {
                    "word": "logs-audit.internal:514",
                    "start": 25,
                    "end": 48,
                    "label": "기밀정보"
                }
            ]
        },
        {
            "sentence": "고객지원 접수: 천보현 고객(010-2222-3333)은 청구 오류 신고를 접수했으며 처리건 번호는 CN-202511-0098입니다.",
            "id": "sample_009_0047_000022",
            "annotations": [
                {
                    "word": "천보현",
                    "start": 9,
                    "end": 12,
                    "label": "개인정보"
                },
                {
                    "word": "010-2222-3333",
                    "start": 16,
                    "end": 29,
                    "label": "개인정보"
                },
                {
                    "word": "CN-202511-0098",
                    "start": 56,
                    "end": 70,
                    "label": "기밀정보"
                }
            ]
        },
        {
            "sentence": "시스템 구성: billing-db01 내부 IP 10.0.5.23은 백업 노드로 동작하며 데이터베이스 포트는 5432입니다.",
            "id": "sample_009_0047_000023",
            "annotations": [
                {
                    "word": "billing-db01",
                    "start": 8,
                    "end": 20,
                    "label": "기밀정보"
                },
                {
                    "word": "10.0.5.23",
                    "start": 27,
                    "end": 36,
                    "label": "기밀정보"
                }
            ]
        },
        {
            "sentence": "로그 파일 경로: /var/log/network/cdr/20251115_cdr.log 파일은 30일간 보관 후 보안 삭제됩니다.",
            "id": "sample_009_0047_000024",
            "annotations": [
                {
                    "word": "/var/log/network/cdr/20251115_cdr.log",
                    "start": 10,
                    "end": 47,
                    "label": "기밀정보"
                },
                {
                    "word": "2025",
                    "start": 31,
                    "end": 35,
                    "label": "준식별자"
                },
                {
                    "word": "11",
                    "start": 35,
                    "end": 37,
                    "label": "준식별자"
                },
                {
                    "word": "15",
                    "start": 37,
                    "end": 39,
                    "label": "준식별자"
                }
            ]
        },
        {
            "sentence": "법적 고지: 개인정보 제공 요청 시 관련 법률에 따라 담당자 심인혁이 요청 검토를 수행합니다.",
            "id": "sample_009_0047_000025",
            "annotations": [
                {
                    "word": "심인혁",
                    "start": 34,
                    "end": 37,
                    "label": "개인정보"
                }
            ]
        },
        {
            "sentence": "개인정보 처리 방침: 이메일 문의는 privacy@carrier.example.com로 접수되며 익명화 정책이 적용됩니다.",
            "id": "sample_009_0047_000026",
            "annotations": [
                {
                    "word": "privacy@carrier.example.com",
                    "start": 20,
                    "end": 47,
                    "label": "개인정보"
                }
            ]
        },
        {
            "sentence": "보안 권고: 내부 비밀번호는 최소 12자 복잡도를 적용하고 SSH 접속은 키 기반 인증만 허용합니다.",
            "id": "sample_009_0047_000027",
            "annotations": []
        },
        {
            "sentence": "운영자 연락처 목록: 엄채이 010-3456-7890, 강유안 010-1111-2222, 진의성 010-7777-8888.",
            "id": "sample_009_0047_000028",
            "annotations": [
                {
                    "word": "엄채이",
                    "start": 12,
                    "end": 15,
                    "label": "개인정보"
                },
                {
                    "word": "010-3456-7890",
                    "start": 16,
                    "end": 29,
                    "label": "개인정보"
                },
                {
                    "word": "강유안",
                    "start": 31,
                    "end": 34,
                    "label": "개인정보"
                },
                {
                    "word": "010-1111-2222",
                    "start": 35,
                    "end": 48,
                    "label": "개인정보"
                },
                {
                    "word": "진의성",
                    "start": 50,
                    "end": 53,
                    "label": "개인정보"
                },
                {
                    "word": "010-7777-8888",
                    "start": 54,
                    "end": 67,
                    "label": "개인정보"
                }
            ]
        },
        {
            "sentence": "요청된 액션 아이템: 서버 10.0.5.23의 백업 로그를 /srv/backup/2025-11-23_billing.tar로 이관하고 암호화 후 S3에 업로드합니다.",
            "id": "sample_009_0047_000029",
            "annotations": [
                {
                    "word": "10.0.5.23",
                    "start": 15,
                    "end": 24,
                    "label": "기밀정보"
                },
                {
                    "word": "/srv/backup/2025-11-23_billing.tar",
                    "start": 33,
                    "end": 67,
                    "label": "기밀정보"
                },
                {
                    "word": "2025",
                    "start": 45,
                    "end": 49,
                    "label": "준식별자"
                },
                {
                    "word": "11",
                    "start": 50,
                    "end": 52,
                    "label": "준식별자"
                },
                {
                    "word": "23",
                    "start": 22,
                    "end": 24,
                    "label": "준식별자"
                },
                {
                    "word": "23",
                    "start": 53,
                    "end": 55,
                    "label": "준식별자"
                }
            ]
        },
        {
            "sentence": "보고서 결론: 네트워크 및 과금 시스템 로그는 내부 보안정책에 따라 기밀로 분류되며 외부 공유 금지입니다.",
            "id": "sample_009_0047_000030",
            "annotations": []
        }
    ]
}