{
    "document_id": "009_0067",
    "document_title": "월간 통화 내역서 및 네트워크 로그 통합 보고서",
    "data": [
        {
            "sentence": "보고서 개요: 본 문서는 2025년 09월 통신서비스 가입 및 사용량을 요약한 월간 통화 내역서와 요금 청구서, 네트워크 로그를 포함합니다.",
            "id": "sample_009_0067_000001",
            "annotations": [
                {
                    "word": "2025",
                    "start": 14,
                    "end": 18,
                    "label": "준식별자"
                },
                {
                    "word": "09",
                    "start": 20,
                    "end": 22,
                    "label": "준식별자"
                }
            ]
        },
        {
            "sentence": "작성 담당자: 천보미 팀장이 데이터 정합성 및 과금 기반 검증을 수행하였습니다.",
            "id": "sample_009_0067_000002",
            "annotations": [
                {
                    "word": "천보미",
                    "start": 8,
                    "end": 11,
                    "label": "개인정보"
                }
            ]
        },
        {
            "sentence": "문서 목적: CDR 기반 과금 항목 검토와 트래픽 패턴 분석으로 청구 오류를 최소화하는 것을 목표로 합니다.",
            "id": "sample_009_0067_000003",
            "annotations": []
        },
        {
            "sentence": "가입자 요약: 가입자 천보미(010-1111-2222)와 홍예은(010-2222-3333) 등 2건의 유의미한 통화 케이스를 표본으로 선정했습니다.",
            "id": "sample_009_0067_000004",
            "annotations": [
                {
                    "word": "천보미",
                    "start": 12,
                    "end": 15,
                    "label": "개인정보"
                },
                {
                    "word": "010-1111-2222",
                    "start": 16,
                    "end": 29,
                    "label": "개인정보"
                },
                {
                    "word": "홍예은",
                    "start": 32,
                    "end": 35,
                    "label": "개인정보"
                },
                {
                    "word": "010-2222-3333",
                    "start": 36,
                    "end": 49,
                    "label": "개인정보"
                }
            ]
        },
        {
            "sentence": "상세 CDR 레코드 1: 통화ID cdr-0001, 가입자 천보미, 상대방 홍예은, 발신번호 010-1111-2222, 착신번호 010-2222-3333, 통화시각 2025년 09월 14일 02:12:33, 통화시간 00:12:45.",
            "id": "sample_009_0067_000005",
            "annotations": [
                {
                    "word": "천보미",
                    "start": 33,
                    "end": 36,
                    "label": "개인정보"
                },
                {
                    "word": "홍예은",
                    "start": 42,
                    "end": 45,
                    "label": "개인정보"
                },
                {
                    "word": "010-1111-2222",
                    "start": 52,
                    "end": 65,
                    "label": "개인정보"
                },
                {
                    "word": "010-2222-3333",
                    "start": 72,
                    "end": 85,
                    "label": "개인정보"
                },
                {
                    "word": "2025",
                    "start": 92,
                    "end": 96,
                    "label": "준식별자"
                },
                {
                    "word": "09",
                    "start": 98,
                    "end": 100,
                    "label": "준식별자"
                },
                {
                    "word": "14",
                    "start": 102,
                    "end": 104,
                    "label": "준식별자"
                }
            ]
        },
        {
            "sentence": "상세 CDR 레코드 2: 통화ID cdr-0002, 가입자 김아란(010-3333-4444), 상대방 신이슬(010-4444-5555), 통화시각 2025년 09월 14일 14:45:10, 통화시간 00:03:20.",
            "id": "sample_009_0067_000006",
            "annotations": [
                {
                    "word": "김아란",
                    "start": 33,
                    "end": 36,
                    "label": "개인정보"
                },
                {
                    "word": "010-3333-4444",
                    "start": 37,
                    "end": 50,
                    "label": "개인정보"
                },
                {
                    "word": "신이슬",
                    "start": 57,
                    "end": 60,
                    "label": "개인정보"
                },
                {
                    "word": "010-4444-5555",
                    "start": 61,
                    "end": 74,
                    "label": "개인정보"
                },
                {
                    "word": "2025",
                    "start": 82,
                    "end": 86,
                    "label": "준식별자"
                },
                {
                    "word": "09",
                    "start": 88,
                    "end": 90,
                    "label": "준식별자"
                },
                {
                    "word": "14",
                    "start": 92,
                    "end": 94,
                    "label": "준식별자"
                },
                {
                    "word": "14",
                    "start": 96,
                    "end": 98,
                    "label": "준식별자"
                }
            ]
        },
        {
            "sentence": "데이터 세션 1: 가입자 안동영(010-5555-6666)의 데이터 사용량은 3.5GB로 기록되었으며, 세션 시작은 2025-09-14T08:05:00Z입니다.",
            "id": "sample_009_0067_000007",
            "annotations": [
                {
                    "word": "안동영",
                    "start": 14,
                    "end": 17,
                    "label": "개인정보"
                },
                {
                    "word": "010-5555-6666",
                    "start": 18,
                    "end": 31,
                    "label": "개인정보"
                },
                {
                    "word": "3.5GB",
                    "start": 43,
                    "end": 48,
                    "label": "일반정보"
                },
                {
                    "word": "2025",
                    "start": 65,
                    "end": 69,
                    "label": "준식별자"
                },
                {
                    "word": "09",
                    "start": 70,
                    "end": 72,
                    "label": "준식별자"
                },
                {
                    "word": "14",
                    "start": 73,
                    "end": 75,
                    "label": "준식별자"
                }
            ]
        },
        {
            "sentence": "요금 청구 요약: 총 청구금액은 73,450원이며 부가서비스 및 초과요금 내역은 본문에 상세 기재되어 있습니다.",
            "id": "sample_009_0067_000008",
            "annotations": []
        },
        {
            "sentence": "청구서 상세: 계좌이체 계좌번호 110-123-456789로 청구서 대금이 출금 예정이며, 은행명은 내부 결제 시스템과 연동됩니다.",
            "id": "sample_009_0067_000009",
            "annotations": [
                {
                    "word": "110-123-456789",
                    "start": 18,
                    "end": 32,
                    "label": "기밀정보"
                }
            ]
        },
        {
            "sentence": "고객 연락처 및 이메일: 구대연 고객의 연락처 010-6666-7777과 이메일 gudae@example.com은 고객 대응 기록에 사용됩니다.",
            "id": "sample_009_0067_000010",
            "annotations": [
                {
                    "word": "구대연",
                    "start": 14,
                    "end": 17,
                    "label": "개인정보"
                },
                {
                    "word": "010-6666-7777",
                    "start": 26,
                    "end": 39,
                    "label": "개인정보"
                },
                {
                    "word": "gudae@example.com",
                    "start": 45,
                    "end": 62,
                    "label": "개인정보"
                }
            ]
        },
        {
            "sentence": "연결 로그: SIP INVITE from 203.0.113.45 to 10.10.20.5 via port 5060; 내부 라우터 IP 10.10.20.5가 호출을 처리했습니다.",
            "id": "sample_009_0067_000011",
            "annotations": [
                {
                    "word": "10.10.20.5",
                    "start": 39,
                    "end": 49,
                    "label": "기밀정보"
                },
                {
                    "word": "10.10.20.5",
                    "start": 75,
                    "end": 85,
                    "label": "기밀정보"
                }
            ]
        },
        {
            "sentence": "네트워크 세션 추적: 세션ID sess-890, SRC 192.0.2.10, DST 172.16.100.12, 라우팅 테이블에 따라 DST가 내부 미디어 서버로 전달되었습니다.",
            "id": "sample_009_0067_000012",
            "annotations": [
                {
                    "word": "172.16.100.12",
                    "start": 47,
                    "end": 60,
                    "label": "기밀정보"
                }
            ]
        },
        {
            "sentence": "로그 샘플: IMSI 460011234567890, IMEI 356938035643809가 등록된 단말에서 데이터 세션이 생성되었습니다.",
            "id": "sample_009_0067_000013",
            "annotations": [
                {
                    "word": "460011234567890",
                    "start": 12,
                    "end": 27,
                    "label": "개인정보"
                },
                {
                    "word": "356938035643809",
                    "start": 34,
                    "end": 49,
                    "label": "개인정보"
                }
            ]
        },
        {
            "sentence": "보안 이벤트: 내부 계정 admin_oss에 의한 로그인 이력이 감지되었으며, 접속 호스트는 vpn.corp.internal입니다.",
            "id": "sample_009_0067_000014",
            "annotations": [
                {
                    "word": "admin_oss",
                    "start": 14,
                    "end": 23,
                    "label": "기밀정보"
                },
                {
                    "word": "vpn.corp.internal",
                    "start": 52,
                    "end": 69,
                    "label": "기밀정보"
                }
            ]
        },
        {
            "sentence": "서버 정보: 청구처리 서버 IP 172.16.200.11에서 배치가 실행되었고, 관련 로그 파일 경로는 /opt/billing/processing.log 입니다.",
            "id": "sample_009_0067_000015",
            "annotations": [
                {
                    "word": "172.16.200.11",
                    "start": 18,
                    "end": 31,
                    "label": "기밀정보"
                },
                {
                    "word": "/opt/billing/processing.log",
                    "start": 58,
                    "end": 85,
                    "label": "기밀정보"
                }
            ]
        },
        {
            "sentence": "운영 메모: 담당자 배지석은 과금 이슈에 대해 2025년 09월 15일에 1차 확인을 완료했습니다.",
            "id": "sample_009_0067_000016",
            "annotations": [
                {
                    "word": "배지석",
                    "start": 11,
                    "end": 14,
                    "label": "개인정보"
                },
                {
                    "word": "2025",
                    "start": 26,
                    "end": 30,
                    "label": "준식별자"
                },
                {
                    "word": "09",
                    "start": 32,
                    "end": 34,
                    "label": "준식별자"
                },
                {
                    "word": "15",
                    "start": 36,
                    "end": 38,
                    "label": "준식별자"
                }
            ]
        },
        {
            "sentence": "사내 결재선: 결재자 사번 202331이 권한 승인 처리했음을 기록합니다.",
            "id": "sample_009_0067_000017",
            "annotations": [
                {
                    "word": "202331",
                    "start": 15,
                    "end": 21,
                    "label": "개인정보"
                }
            ]
        },
        {
            "sentence": "트래픽 통계: 피크시간대 데이터 전송량은 120.4GB이며, 평균 일간 트래픽은 48.7GB로 집계되었습니다.",
            "id": "sample_009_0067_000018",
            "annotations": []
        },
        {
            "sentence": "요금 조정 사유: 국제로밍 데이터 트래픽 중 중복 청구 의심 사례가 발견되어 해당 세션을 재검증 중입니다.",
            "id": "sample_009_0067_000019",
            "annotations": []
        },
        {
            "sentence": "재검증 대상: 통화 cdr-0003는 가입자 노무혁(010-7777-8888)의 발신으로 확인되었으며, 통화시각 2025년 09월 16일 11:20:05입니다.",
            "id": "sample_009_0067_000020",
            "annotations": [
                {
                    "word": "노무혁",
                    "start": 25,
                    "end": 28,
                    "label": "개인정보"
                },
                {
                    "word": "010-7777-8888",
                    "start": 29,
                    "end": 42,
                    "label": "개인정보"
                },
                {
                    "word": "2025",
                    "start": 63,
                    "end": 67,
                    "label": "준식별자"
                },
                {
                    "word": "09",
                    "start": 69,
                    "end": 71,
                    "label": "준식별자"
                },
                {
                    "word": "16",
                    "start": 73,
                    "end": 75,
                    "label": "준식별자"
                }
            ]
        },
        {
            "sentence": "네트워크 장비 로그: 라우터 rtr-core-01에서 출력된 에러는 WAN 인터페이스 203.0.113.77에서 발생했으며 내부 인터페이스 10.254.1.11을 경유했습니다.",
            "id": "sample_009_0067_000021",
            "annotations": [
                {
                    "word": "10.254.1.11",
                    "start": 78,
                    "end": 89,
                    "label": "기밀정보"
                }
            ]
        },
        {
            "sentence": "연락처 업데이트 요청: 가입자 양성식은 주소를 서울특별시 강남구 역삼동으로 변경 요청했습니다.",
            "id": "sample_009_0067_000022",
            "annotations": [
                {
                    "word": "양성식",
                    "start": 17,
                    "end": 20,
                    "label": "개인정보"
                },
                {
                    "word": "서울특별시",
                    "start": 26,
                    "end": 31,
                    "label": "준식별자"
                },
                {
                    "word": "강남구",
                    "start": 32,
                    "end": 35,
                    "label": "준식별자"
                },
                {
                    "word": "역삼동",
                    "start": 36,
                    "end": 39,
                    "label": "준식별자"
                }
            ]
        },
        {
            "sentence": "개인정보 동의: 구대연 고객은 문자 수신 동의를 철회하지 않았으며, SMS 번호는 010-6666-7777로 유지됩니다.",
            "id": "sample_009_0067_000023",
            "annotations": [
                {
                    "word": "구대연",
                    "start": 9,
                    "end": 12,
                    "label": "개인정보"
                },
                {
                    "word": "010-6666-7777",
                    "start": 46,
                    "end": 59,
                    "label": "개인정보"
                }
            ]
        },
        {
            "sentence": "장애 대응 이력: 기술담당자 곽리사는 내부 패치 /opt/patches/security_fix.sh를 적용했으며 세부 로그는 내부 저장소에 보관합니다.",
            "id": "sample_009_0067_000024",
            "annotations": [
                {
                    "word": "곽리사",
                    "start": 16,
                    "end": 19,
                    "label": "개인정보"
                },
                {
                    "word": "/opt/patches/security_fix.sh",
                    "start": 27,
                    "end": 55,
                    "label": "기밀정보"
                }
            ]
        },
        {
            "sentence": "계약 정보: 법인 고객 배세영은 기업용 요금제를 사용하며 회사 연락처로 02-345-6789가 등록되어 있습니다.",
            "id": "sample_009_0067_000025",
            "annotations": [
                {
                    "word": "배세영",
                    "start": 13,
                    "end": 16,
                    "label": "개인정보"
                },
                {
                    "word": "02-345-6789",
                    "start": 40,
                    "end": 51,
                    "label": "개인정보"
                }
            ]
        },
        {
            "sentence": "민감 데이터 처리: 계좌번호 및 내부 서버 접속 정보는 접근 권한이 있는 담당자만 열람 가능합니다.",
            "id": "sample_009_0067_000026",
            "annotations": []
        },
        {
            "sentence": "감사 로그: 감사 항목에는 사용자 신원 확인을 위해 이메일 배포 및 접속 IP 기록이 포함됩니다.",
            "id": "sample_009_0067_000027",
            "annotations": []
        },
        {
            "sentence": "권고 사항: 내부 파일 경로와 서버 IP는 암호화된 로그 전송 채널로 이송하고 접근 제어를 강화해야 합니다.",
            "id": "sample_009_0067_000028",
            "annotations": []
        },
        {
            "sentence": "결론: 본 보고서의 CDR 교차검증 결과 소수의 청구 불일치 사례를 확인했으며 후속 조치 계획을 수립합니다.",
            "id": "sample_009_0067_000029",
            "annotations": []
        },
        {
            "sentence": "후속 조치 항목: 1) 구대연 고객 이슈 우선 처리, 2) 내부 계정 admin_oss 비밀번호 초기화, 3) 계좌번호 110-123-456789에 대한 출금 정지 요청.",
            "id": "sample_009_0067_000030",
            "annotations": [
                {
                    "word": "구대연",
                    "start": 13,
                    "end": 16,
                    "label": "개인정보"
                },
                {
                    "word": "admin_oss",
                    "start": 39,
                    "end": 48,
                    "label": "기밀정보"
                },
                {
                    "word": "110-123-456789",
                    "start": 67,
                    "end": 81,
                    "label": "기밀정보"
                }
            ]
        }
    ]
}