{
    "document_id": "009_0084",
    "document_title": "2025년 10월 통신 CDR 및 과금 검증 보고서",
    "data": [
        {
            "sentence": "문서 제목 및 기간: 2025년 10월 국내 통신 CDR 및 과금 내역 검토 보고서입니다.",
            "id": "sample_009_0084_000001",
            "annotations": [
                {
                    "word": "2025",
                    "start": 12,
                    "end": 16,
                    "label": "준식별자"
                },
                {
                    "word": "10",
                    "start": 18,
                    "end": 20,
                    "label": "준식별자"
                }
            ]
        },
        {
            "sentence": "본 보고서는 통화 내역서, 요금 청구서, 네트워크 로그 및 과금 엔진의 트랜잭션 일괄 검증 결과를 포함합니다.",
            "id": "sample_009_0084_000002",
            "annotations": []
        },
        {
            "sentence": "검토 대상 시스템은 billing-engine v3.7과 CDR 수집기 collector-01입니다.",
            "id": "sample_009_0084_000003",
            "annotations": [
                {
                    "word": "collector-01",
                    "start": 40,
                    "end": 52,
                    "label": "기밀정보"
                }
            ]
        },
        {
            "sentence": "집계 기준 일시는 2025-10-13 기준으로 UTC 00:00에서 23:59까지 수집된 데이터입니다.",
            "id": "sample_009_0084_000004",
            "annotations": [
                {
                    "word": "2025",
                    "start": 10,
                    "end": 14,
                    "label": "준식별자"
                },
                {
                    "word": "10",
                    "start": 15,
                    "end": 17,
                    "label": "준식별자"
                },
                {
                    "word": "13",
                    "start": 18,
                    "end": 20,
                    "label": "준식별자"
                }
            ]
        },
        {
            "sentence": "요금 청구 계정(내부코드): ACCT-2025-00984가 이번 검증의 대상입니다.",
            "id": "sample_009_0084_000005",
            "annotations": [
                {
                    "word": "ACCT-2025-00984",
                    "start": 16,
                    "end": 31,
                    "label": "기밀정보"
                }
            ]
        },
        {
            "sentence": "청구계좌 정보는 은행계좌 123-456-789012로 등록되어 있으며 결제 관련 검증을 수행했습니다.",
            "id": "sample_009_0084_000006",
            "annotations": [
                {
                    "word": "123-456-789012",
                    "start": 14,
                    "end": 28,
                    "label": "기밀정보"
                }
            ]
        },
        {
            "sentence": "네트워크 로그에서 내부 VPN 접속 IP는 10.10.32.14이며 전송 경로는 vpn.corp.internal로 표기되어 있습니다.",
            "id": "sample_009_0084_000007",
            "annotations": [
                {
                    "word": "10.10.32.14",
                    "start": 24,
                    "end": 35,
                    "label": "기밀정보"
                },
                {
                    "word": "vpn.corp.internal",
                    "start": 45,
                    "end": 62,
                    "label": "기밀정보"
                }
            ]
        },
        {
            "sentence": "서버 로그 파일 경로는 /var/log/cdr/2025/10/cdr_20251013.log로 기록되어 있습니다.",
            "id": "sample_009_0084_000008",
            "annotations": [
                {
                    "word": "/var/log/cdr/2025/10/cdr_20251013.log",
                    "start": 13,
                    "end": 50,
                    "label": "기밀정보"
                }
            ]
        },
        {
            "sentence": "첫 번째 CDR 항목: 가입자 하채준, 전화번호 010-2143-7765, 통화일시 2025-10-13 09:12:23, 발신지 서울특별시 강남구, 통화시간 00:12:34, 과금초당 단가 0.5원.",
            "id": "sample_009_0084_000009",
            "annotations": [
                {
                    "word": "하채준",
                    "start": 17,
                    "end": 20,
                    "label": "개인정보"
                },
                {
                    "word": "010-2143-7765",
                    "start": 27,
                    "end": 40,
                    "label": "개인정보"
                },
                {
                    "word": "2025",
                    "start": 47,
                    "end": 51,
                    "label": "준식별자"
                },
                {
                    "word": "10",
                    "start": 28,
                    "end": 30,
                    "label": "준식별자"
                },
                {
                    "word": "10",
                    "start": 52,
                    "end": 54,
                    "label": "준식별자"
                },
                {
                    "word": "13",
                    "start": 55,
                    "end": 57,
                    "label": "준식별자"
                },
                {
                    "word": "서울특별시",
                    "start": 72,
                    "end": 77,
                    "label": "준식별자"
                },
                {
                    "word": "강남구",
                    "start": 78,
                    "end": 81,
                    "label": "준식별자"
                }
            ]
        },
        {
            "sentence": "두 번째 CDR 항목: 가입자 전소예, 전화번호 010-9876-5432, 통화일시 2025-10-13 10:05:11, 수신지 부산광역시 해운대구, 통화시간 00:05:10, 데이터세션 0.12GB.",
            "id": "sample_009_0084_000010",
            "annotations": [
                {
                    "word": "전소예",
                    "start": 17,
                    "end": 20,
                    "label": "개인정보"
                },
                {
                    "word": "010-9876-5432",
                    "start": 27,
                    "end": 40,
                    "label": "개인정보"
                },
                {
                    "word": "2025",
                    "start": 47,
                    "end": 51,
                    "label": "준식별자"
                },
                {
                    "word": "10",
                    "start": 28,
                    "end": 30,
                    "label": "준식별자"
                },
                {
                    "word": "10",
                    "start": 52,
                    "end": 54,
                    "label": "준식별자"
                },
                {
                    "word": "10",
                    "start": 58,
                    "end": 60,
                    "label": "준식별자"
                },
                {
                    "word": "10",
                    "start": 95,
                    "end": 97,
                    "label": "준식별자"
                },
                {
                    "word": "13",
                    "start": 55,
                    "end": 57,
                    "label": "준식별자"
                },
                {
                    "word": "부산광역시",
                    "start": 72,
                    "end": 77,
                    "label": "준식별자"
                },
                {
                    "word": "해운대구",
                    "start": 78,
                    "end": 82,
                    "label": "준식별자"
                }
            ]
        },
        {
            "sentence": "세 번째 CDR 항목: 가입자 심하진, 전화번호 010-1111-2222, 통화일시 2025-10-12 22:45:00, 수신지 대전광역시 서구, 통화시간 00:02:15.",
            "id": "sample_009_0084_000011",
            "annotations": [
                {
                    "word": "심하진",
                    "start": 17,
                    "end": 20,
                    "label": "개인정보"
                },
                {
                    "word": "010-1111-2222",
                    "start": 27,
                    "end": 40,
                    "label": "개인정보"
                },
                {
                    "word": "2025",
                    "start": 47,
                    "end": 51,
                    "label": "준식별자"
                },
                {
                    "word": "10",
                    "start": 28,
                    "end": 30,
                    "label": "준식별자"
                },
                {
                    "word": "10",
                    "start": 52,
                    "end": 54,
                    "label": "준식별자"
                },
                {
                    "word": "12",
                    "start": 55,
                    "end": 57,
                    "label": "준식별자"
                },
                {
                    "word": "대전광역시",
                    "start": 72,
                    "end": 77,
                    "label": "준식별자"
                },
                {
                    "word": "서구",
                    "start": 78,
                    "end": 80,
                    "label": "준식별자"
                }
            ]
        },
        {
            "sentence": "네 번째 CDR 항목: 가입자 양효경, 전화번호 010-3333-4444, 통화일시 2025-10-11 08:00:00, 발신지 인천광역시 남동구, 음성/데이터 혼합 세션 데이터 1.25GB.",
            "id": "sample_009_0084_000012",
            "annotations": [
                {
                    "word": "양효경",
                    "start": 17,
                    "end": 20,
                    "label": "개인정보"
                },
                {
                    "word": "010-3333-4444",
                    "start": 27,
                    "end": 40,
                    "label": "개인정보"
                },
                {
                    "word": "2025",
                    "start": 47,
                    "end": 51,
                    "label": "준식별자"
                },
                {
                    "word": "10",
                    "start": 28,
                    "end": 30,
                    "label": "준식별자"
                },
                {
                    "word": "10",
                    "start": 52,
                    "end": 54,
                    "label": "준식별자"
                },
                {
                    "word": "11",
                    "start": 55,
                    "end": 57,
                    "label": "준식별자"
                },
                {
                    "word": "인천광역시",
                    "start": 72,
                    "end": 77,
                    "label": "준식별자"
                },
                {
                    "word": "남동구",
                    "start": 78,
                    "end": 81,
                    "label": "준식별자"
                }
            ]
        },
        {
            "sentence": "다섯 번째 CDR 항목: 가입자 홍이도, 전화번호 010-5555-6666, 통화일시 2025-10-13 14:30:10, 수신지 서울특별시 송파구, 통화비 과금 오류 의심.",
            "id": "sample_009_0084_000013",
            "annotations": [
                {
                    "word": "홍이도",
                    "start": 18,
                    "end": 21,
                    "label": "개인정보"
                },
                {
                    "word": "010-5555-6666",
                    "start": 28,
                    "end": 41,
                    "label": "개인정보"
                },
                {
                    "word": "2025",
                    "start": 48,
                    "end": 52,
                    "label": "준식별자"
                },
                {
                    "word": "10",
                    "start": 29,
                    "end": 31,
                    "label": "준식별자"
                },
                {
                    "word": "10",
                    "start": 53,
                    "end": 55,
                    "label": "준식별자"
                },
                {
                    "word": "10",
                    "start": 65,
                    "end": 67,
                    "label": "준식별자"
                },
                {
                    "word": "13",
                    "start": 56,
                    "end": 58,
                    "label": "준식별자"
                },
                {
                    "word": "서울특별시",
                    "start": 73,
                    "end": 78,
                    "label": "준식별자"
                },
                {
                    "word": "송파구",
                    "start": 79,
                    "end": 82,
                    "label": "준식별자"
                }
            ]
        },
        {
            "sentence": "여섯 번째 CDR 항목: 가입자 노병태, 전화번호 010-7777-8888, 통화일시 2025-10-10 19:59:59, 수신지 경기도 성남시 분당구, 데이터 사용 2.50GB.",
            "id": "sample_009_0084_000014",
            "annotations": [
                {
                    "word": "노병태",
                    "start": 18,
                    "end": 21,
                    "label": "개인정보"
                },
                {
                    "word": "010-7777-8888",
                    "start": 28,
                    "end": 41,
                    "label": "개인정보"
                },
                {
                    "word": "2025",
                    "start": 48,
                    "end": 52,
                    "label": "준식별자"
                },
                {
                    "word": "10",
                    "start": 29,
                    "end": 31,
                    "label": "준식별자"
                },
                {
                    "word": "10",
                    "start": 53,
                    "end": 55,
                    "label": "준식별자"
                },
                {
                    "word": "10",
                    "start": 56,
                    "end": 58,
                    "label": "준식별자"
                },
                {
                    "word": "경기도",
                    "start": 73,
                    "end": 76,
                    "label": "준식별자"
                },
                {
                    "word": "성남시",
                    "start": 77,
                    "end": 80,
                    "label": "준식별자"
                },
                {
                    "word": "분당구",
                    "start": 81,
                    "end": 84,
                    "label": "준식별자"
                }
            ]
        },
        {
            "sentence": "일곱 번째 CDR 항목: 가입자 엄은준, 전화번호 010-9999-0000, 통화일시 2025-09-30 23:59:01, 발신지 광주광역시 북구, 데이터 0.75GB.",
            "id": "sample_009_0084_000015",
            "annotations": [
                {
                    "word": "엄은준",
                    "start": 18,
                    "end": 21,
                    "label": "개인정보"
                },
                {
                    "word": "010-9999-0000",
                    "start": 28,
                    "end": 41,
                    "label": "개인정보"
                },
                {
                    "word": "2025",
                    "start": 48,
                    "end": 52,
                    "label": "준식별자"
                },
                {
                    "word": "09",
                    "start": 53,
                    "end": 55,
                    "label": "준식별자"
                },
                {
                    "word": "30",
                    "start": 56,
                    "end": 58,
                    "label": "준식별자"
                },
                {
                    "word": "광주광역시",
                    "start": 73,
                    "end": 78,
                    "label": "준식별자"
                },
                {
                    "word": "북구",
                    "start": 79,
                    "end": 81,
                    "label": "준식별자"
                }
            ]
        },
        {
            "sentence": "여덟 번째 CDR 항목: 가입자 공재이, 전화번호 010-1212-3434, 통화일시 2025-10-13 16:20:45, 수신지 제주특별자치도 제주시, 통화시간 00:20:00.",
            "id": "sample_009_0084_000016",
            "annotations": [
                {
                    "word": "공재이",
                    "start": 18,
                    "end": 21,
                    "label": "개인정보"
                },
                {
                    "word": "010-1212-3434",
                    "start": 28,
                    "end": 41,
                    "label": "개인정보"
                },
                {
                    "word": "2025",
                    "start": 48,
                    "end": 52,
                    "label": "준식별자"
                },
                {
                    "word": "10",
                    "start": 29,
                    "end": 31,
                    "label": "준식별자"
                },
                {
                    "word": "10",
                    "start": 53,
                    "end": 55,
                    "label": "준식별자"
                },
                {
                    "word": "13",
                    "start": 56,
                    "end": 58,
                    "label": "준식별자"
                },
                {
                    "word": "제주특별자치도",
                    "start": 73,
                    "end": 80,
                    "label": "준식별자"
                },
                {
                    "word": "제주시",
                    "start": 81,
                    "end": 84,
                    "label": "준식별자"
                }
            ]
        },
        {
            "sentence": "아홉 번째 CDR 항목: 가입자 남아름, 전화번호 010-2222-3333, 통화일시 2025-10-13 17:05:05, 수신지 울산광역시 남구, 데이터세션 0.05GB.",
            "id": "sample_009_0084_000017",
            "annotations": [
                {
                    "word": "남아름",
                    "start": 18,
                    "end": 21,
                    "label": "개인정보"
                },
                {
                    "word": "010-2222-3333",
                    "start": 28,
                    "end": 41,
                    "label": "개인정보"
                },
                {
                    "word": "2025",
                    "start": 48,
                    "end": 52,
                    "label": "준식별자"
                },
                {
                    "word": "10",
                    "start": 29,
                    "end": 31,
                    "label": "준식별자"
                },
                {
                    "word": "10",
                    "start": 53,
                    "end": 55,
                    "label": "준식별자"
                },
                {
                    "word": "13",
                    "start": 56,
                    "end": 58,
                    "label": "준식별자"
                },
                {
                    "word": "울산광역시",
                    "start": 73,
                    "end": 78,
                    "label": "준식별자"
                },
                {
                    "word": "남구",
                    "start": 79,
                    "end": 81,
                    "label": "준식별자"
                }
            ]
        },
        {
            "sentence": "열 번째 CDR 항목: 가입자 손병윤, 전화번호 010-4444-5555, 통화일시 2025-10-12 06:30:00, 수신지 대구광역시 달서구, 통화시간 00:03:40.",
            "id": "sample_009_0084_000018",
            "annotations": [
                {
                    "word": "손병윤",
                    "start": 17,
                    "end": 20,
                    "label": "개인정보"
                },
                {
                    "word": "010-4444-5555",
                    "start": 27,
                    "end": 40,
                    "label": "개인정보"
                },
                {
                    "word": "2025",
                    "start": 47,
                    "end": 51,
                    "label": "준식별자"
                },
                {
                    "word": "10",
                    "start": 28,
                    "end": 30,
                    "label": "준식별자"
                },
                {
                    "word": "10",
                    "start": 52,
                    "end": 54,
                    "label": "준식별자"
                },
                {
                    "word": "12",
                    "start": 55,
                    "end": 57,
                    "label": "준식별자"
                },
                {
                    "word": "대구광역시",
                    "start": 72,
                    "end": 77,
                    "label": "준식별자"
                },
                {
                    "word": "달서구",
                    "start": 78,
                    "end": 81,
                    "label": "준식별자"
                }
            ]
        },
        {
            "sentence": "열한 번째 CDR 항목: 가입자 양나운, 전화번호 010-6666-7777, 통화일시 2025-10-13 12:00:00, 수신지 세종특별자치시, 데이터 3.00GB.",
            "id": "sample_009_0084_000019",
            "annotations": [
                {
                    "word": "양나운",
                    "start": 18,
                    "end": 21,
                    "label": "개인정보"
                },
                {
                    "word": "010-6666-7777",
                    "start": 28,
                    "end": 41,
                    "label": "개인정보"
                },
                {
                    "word": "2025",
                    "start": 48,
                    "end": 52,
                    "label": "준식별자"
                },
                {
                    "word": "10",
                    "start": 29,
                    "end": 31,
                    "label": "준식별자"
                },
                {
                    "word": "10",
                    "start": 53,
                    "end": 55,
                    "label": "준식별자"
                },
                {
                    "word": "13",
                    "start": 56,
                    "end": 58,
                    "label": "준식별자"
                },
                {
                    "word": "세종특별자치시",
                    "start": 73,
                    "end": 80,
                    "label": "준식별자"
                }
            ]
        },
        {
            "sentence": "열두 번째 CDR 항목: 가입자 엄빈, 전화번호 010-8888-9999, 통화일시 2025-10-01 01:01:01, 수신지 경상남도 창원시 의창구, 통화비 132원.",
            "id": "sample_009_0084_000020",
            "annotations": [
                {
                    "word": "엄빈",
                    "start": 18,
                    "end": 20,
                    "label": "개인정보"
                },
                {
                    "word": "010-8888-9999",
                    "start": 27,
                    "end": 40,
                    "label": "개인정보"
                },
                {
                    "word": "2025",
                    "start": 47,
                    "end": 51,
                    "label": "준식별자"
                },
                {
                    "word": "10",
                    "start": 28,
                    "end": 30,
                    "label": "준식별자"
                },
                {
                    "word": "10",
                    "start": 52,
                    "end": 54,
                    "label": "준식별자"
                },
                {
                    "word": "01",
                    "start": 27,
                    "end": 29,
                    "label": "준식별자"
                },
                {
                    "word": "01",
                    "start": 55,
                    "end": 57,
                    "label": "준식별자"
                },
                {
                    "word": "01",
                    "start": 58,
                    "end": 60,
                    "label": "준식별자"
                },
                {
                    "word": "01",
                    "start": 61,
                    "end": 63,
                    "label": "준식별자"
                },
                {
                    "word": "01",
                    "start": 64,
                    "end": 66,
                    "label": "준식별자"
                },
                {
                    "word": "경상남도",
                    "start": 72,
                    "end": 76,
                    "label": "준식별자"
                },
                {
                    "word": "창원시",
                    "start": 77,
                    "end": 80,
                    "label": "준식별자"
                },
                {
                    "word": "의창구",
                    "start": 81,
                    "end": 84,
                    "label": "준식별자"
                }
            ]
        },
        {
            "sentence": "고객 연락처 및 문의 처리 이력: 담당자 하채준 과장(메일 hcj.ops@carrier.kr)과 전소예 엔지니어가 초기 확인을 완료했습니다.",
            "id": "sample_009_0084_000021",
            "annotations": [
                {
                    "word": "하채준",
                    "start": 23,
                    "end": 26,
                    "label": "개인정보"
                },
                {
                    "word": "hcj.ops@carrier.kr",
                    "start": 33,
                    "end": 51,
                    "label": "개인정보"
                },
                {
                    "word": "전소예",
                    "start": 54,
                    "end": 57,
                    "label": "개인정보"
                }
            ]
        },
        {
            "sentence": "로그 상에서 동일 전화번호 010-2143-7765로부터 과금 이중 청구 로그가 발견되어 트랜잭션을 추적했습니다.",
            "id": "sample_009_0084_000022",
            "annotations": [
                {
                    "word": "010-2143-7765",
                    "start": 15,
                    "end": 28,
                    "label": "개인정보"
                }
            ]
        },
        {
            "sentence": "추적 결과 해당 세션은 billing-engine에서 ACCT-2025-00984로 라우팅된 것으로 확인되었습니다.",
            "id": "sample_009_0084_000023",
            "annotations": [
                {
                    "word": "ACCT-2025-00984",
                    "start": 30,
                    "end": 45,
                    "label": "기밀정보"
                }
            ]
        },
        {
            "sentence": "보안 점검 결과 collector-01의 내부 포트 8443에서 비정상적 재시도가 탐지되었으며 원격 접속 IP 172.16.5.9가 관련 세션을 생성했습니다.",
            "id": "sample_009_0084_000024",
            "annotations": [
                {
                    "word": "collector-01",
                    "start": 9,
                    "end": 21,
                    "label": "기밀정보"
                },
                {
                    "word": "8443",
                    "start": 29,
                    "end": 33,
                    "label": "기밀정보"
                },
                {
                    "word": "172.16.5.9",
                    "start": 62,
                    "end": 72,
                    "label": "기밀정보"
                }
            ]
        },
        {
            "sentence": "추가적으로 과금 파일 cdr_20251013.log는 /secure/archive/2025/10/cdr_20251013.log로 이관되어 보관 중입니다.",
            "id": "sample_009_0084_000025",
            "annotations": [
                {
                    "word": "cdr_20251013.log",
                    "start": 12,
                    "end": 28,
                    "label": "기밀정보"
                },
                {
                    "word": "cdr_20251013.log",
                    "start": 54,
                    "end": 70,
                    "label": "기밀정보"
                },
                {
                    "word": "/secure/archive/2025/10/cdr_20251013.log",
                    "start": 30,
                    "end": 70,
                    "label": "기밀정보"
                }
            ]
        },
        {
            "sentence": "요금 청구서 요약: 총 내역 12건, 청구금액 합계 42,350원이며 세부 항목은 별첨 파일로 제공됩니다.",
            "id": "sample_009_0084_000026",
            "annotations": []
        },
        {
            "sentence": "권고 조치: 문제 발생 세션에 대한 재검증, 계정 ACCT-2025-00984의 접근 이력 감사, collector-01 접근 차단 및 VPN 로그 심층 분석을 권장합니다.",
            "id": "sample_009_0084_000027",
            "annotations": [
                {
                    "word": "ACCT-2025-00984",
                    "start": 28,
                    "end": 43,
                    "label": "기밀정보"
                },
                {
                    "word": "collector-01",
                    "start": 55,
                    "end": 67,
                    "label": "기밀정보"
                }
            ]
        },
        {
            "sentence": "문서 최종 제출일: 2025-10-14 작성자 심하진, 검토자 양효경.",
            "id": "sample_009_0084_000028",
            "annotations": [
                {
                    "word": "2025",
                    "start": 11,
                    "end": 15,
                    "label": "준식별자"
                },
                {
                    "word": "10",
                    "start": 16,
                    "end": 18,
                    "label": "준식별자"
                },
                {
                    "word": "14",
                    "start": 19,
                    "end": 21,
                    "label": "준식별자"
                },
                {
                    "word": "심하진",
                    "start": 26,
                    "end": 29,
                    "label": "개인정보"
                },
                {
                    "word": "양효경",
                    "start": 35,
                    "end": 38,
                    "label": "개인정보"
                }
            ]
        }
    ]
}