{
    "document_id": "009_0075",
    "document_title": "통신 과금 및 CDR 상세 보고서 (2025-10)",
    "data": [
        {
            "sentence": "문서 개요: 본 통신 과금 및 CDR 상세 보고서는 2025년 10월 과금 기간에 수집된 통화 및 데이터 사용 로그를 기술합니다.",
            "id": "sample_009_0075_000001",
            "annotations": [
                {
                    "word": "2025년 10월",
                    "start": 29,
                    "end": 38,
                    "label": "준식별자"
                }
            ]
        },
        {
            "sentence": "문서 종류: 통화내역서(CDR), 월별 요금청구서, 네트워크 트래픽 로그 및 내부 운영 메모로 구성됩니다.",
            "id": "sample_009_0075_000002",
            "annotations": []
        },
        {
            "sentence": "가입자 서클로이 전화번호 010-1234-5678은 2025-10-01 08:12:34에 발신 통화를 시작하였으며, 연결된 기지국 ID는 BTS-105입니다.",
            "id": "sample_009_0075_000003",
            "annotations": [
                {
                    "word": "서클로이",
                    "start": 4,
                    "end": 8,
                    "label": "개인정보"
                },
                {
                    "word": "010-1234-5678",
                    "start": 14,
                    "end": 27,
                    "label": "개인정보"
                },
                {
                    "word": "2025-10-01 08:12:34",
                    "start": 29,
                    "end": 48,
                    "label": "준식별자"
                }
            ]
        },
        {
            "sentence": "발신자 MSISDN: 010-1234-5678, 수신자 MSISDN: 010-8765-4321, 통화 지속시간 00:12:47, 과금 단위 초 단위 적용.",
            "id": "sample_009_0075_000004",
            "annotations": [
                {
                    "word": "010-1234-5678",
                    "start": 12,
                    "end": 25,
                    "label": "개인정보"
                },
                {
                    "word": "010-8765-4321",
                    "start": 39,
                    "end": 52,
                    "label": "개인정보"
                }
            ]
        },
        {
            "sentence": "가입자 곽이루의 IMEI 356789012345678은 기기 식별을 위해 수집되었으며, 데이터 사용량은 12.35 GB로 기록되었습니다.",
            "id": "sample_009_0075_000005",
            "annotations": [
                {
                    "word": "곽이루",
                    "start": 4,
                    "end": 7,
                    "label": "개인정보"
                }
            ]
        },
        {
            "sentence": "데이터 요약: 당월 총 모바일 데이터 사용량 합계 1,234.56 GB, 요금 계산 기준은 GB 단위로 소수점 둘째 자리까지 반올림합니다.",
            "id": "sample_009_0075_000006",
            "annotations": []
        },
        {
            "sentence": "청구서 수신자 주소: 서울특별시 강남구 역삼동 123-45 201호에 청구서가 발송되었습니다.",
            "id": "sample_009_0075_000007",
            "annotations": [
                {
                    "word": "서울특별시 강남구 역삼동 123-45 201호",
                    "start": 12,
                    "end": 37,
                    "label": "개인정보"
                }
            ]
        },
        {
            "sentence": "가입자 장진숙은 주민등록번호 900512-1234567을 제출하였고, 본인 확인은 내부 규정에 따라 처리되었습니다.",
            "id": "sample_009_0075_000008",
            "annotations": [
                {
                    "word": "장진숙",
                    "start": 4,
                    "end": 7,
                    "label": "개인정보"
                },
                {
                    "word": "900512-1234567",
                    "start": 16,
                    "end": 30,
                    "label": "개인정보"
                }
            ]
        },
        {
            "sentence": "가입자 성별: 여, 생년월일: 1987-03-22, 시군구 주소: 부산광역시 해운대구에 서비스가 등록되어 있습니다.",
            "id": "sample_009_0075_000009",
            "annotations": [
                {
                    "word": "여",
                    "start": 8,
                    "end": 9,
                    "label": "준식별자"
                },
                {
                    "word": "1987-03-22",
                    "start": 17,
                    "end": 27,
                    "label": "준식별자"
                },
                {
                    "word": "부산광역시 해운대구",
                    "start": 37,
                    "end": 47,
                    "label": "준식별자"
                }
            ]
        },
        {
            "sentence": "네트워크 로그: eNodeB 로그에서 라우팅 지연이 발생하였으며 관련 패킷은 2025-10-15 14:22:03에 캡처되었습니다.",
            "id": "sample_009_0075_000010",
            "annotations": [
                {
                    "word": "2025-10-15 14:22:03",
                    "start": 43,
                    "end": 62,
                    "label": "준식별자"
                }
            ]
        },
        {
            "sentence": "과금 관련 담당자 양서웅이 내부 승인 처리하였으며 결재 문서 경로는 /srv/internal/approvals/2025/oct/approve_1023.docx입니다.",
            "id": "sample_009_0075_000011",
            "annotations": [
                {
                    "word": "양서웅",
                    "start": 10,
                    "end": 13,
                    "label": "기밀정보"
                },
                {
                    "word": "/srv/internal/approvals/2025/oct/approve_1023.docx",
                    "start": 38,
                    "end": 88,
                    "label": "기밀정보"
                }
            ]
        },
        {
            "sentence": "시스템 접속 계정 admin_billing은 제한된 권한으로 운영되며, 최근 접속 IP는 10.20.30.45로 확인되었습니다.",
            "id": "sample_009_0075_000012",
            "annotations": [
                {
                    "word": "admin_billing",
                    "start": 10,
                    "end": 23,
                    "label": "기밀정보"
                },
                {
                    "word": "10.20.30.45",
                    "start": 50,
                    "end": 61,
                    "label": "기밀정보"
                }
            ]
        },
        {
            "sentence": "VPN 접속 주소 vpn.telco.internal:1194은 내부 인가된 엔드포인트로 분류되어 외부 유출 시 위험합니다.",
            "id": "sample_009_0075_000013",
            "annotations": [
                {
                    "word": "vpn.telco.internal:1194",
                    "start": 10,
                    "end": 33,
                    "label": "기밀정보"
                }
            ]
        },
        {
            "sentence": "청구 금액 요약: 기본요금 33,000원, 추가 데이터 요금 12,450원, 통화 요금 4,800원을 합산하여 총 49,250원으로 청구되었습니다.",
            "id": "sample_009_0075_000014",
            "annotations": []
        },
        {
            "sentence": "결제 계좌번호(법인): 123-456-78901234 은 내부 재무계정으로 외부 공개 금지입니다.",
            "id": "sample_009_0075_000015",
            "annotations": [
                {
                    "word": "123-456-78901234",
                    "start": 13,
                    "end": 29,
                    "label": "기밀정보"
                }
            ]
        },
        {
            "sentence": "로그 샘플: 2025-10-01T08:12:34Z MSISDN=010-1234-5678 IMSI=450012345678901 call_duration=767s",
            "id": "sample_009_0075_000016",
            "annotations": [
                {
                    "word": "2025-10-01T08:12:34",
                    "start": 7,
                    "end": 26,
                    "label": "준식별자"
                },
                {
                    "word": "010-1234-5678",
                    "start": 35,
                    "end": 48,
                    "label": "개인정보"
                }
            ]
        },
        {
            "sentence": "고객 지원 담당자 연락처 손나현 010-2222-3333, 내부 이메일 손나현@telco.internal로 초기 문의를 접수하였습니다.",
            "id": "sample_009_0075_000017",
            "annotations": [
                {
                    "word": "손나현",
                    "start": 14,
                    "end": 17,
                    "label": "개인정보"
                },
                {
                    "word": "손나현",
                    "start": 40,
                    "end": 43,
                    "label": "개인정보"
                },
                {
                    "word": "010-2222-3333",
                    "start": 18,
                    "end": 31,
                    "label": "개인정보"
                },
                {
                    "word": "손나현@telco.internal",
                    "start": 40,
                    "end": 58,
                    "label": "개인정보"
                }
            ]
        },
        {
            "sentence": "네트워크 장비 IP 192.168.10.5에서 포트 5060(SIP)이 과다 사용되어 세부 패킷 로그를 추가 수집하였습니다.",
            "id": "sample_009_0075_000018",
            "annotations": [
                {
                    "word": "192.168.10.5",
                    "start": 11,
                    "end": 23,
                    "label": "기밀정보"
                }
            ]
        },
        {
            "sentence": "트래픽 분석: 특정 IMSI 그룹에서 비정상 다운로드가 발생하여 해당 그룹의 평균 사용량은 500.12 MB/일로 집계되었습니다.",
            "id": "sample_009_0075_000019",
            "annotations": []
        },
        {
            "sentence": "사내 시스템 경로: /opt/billing/bin/charge_engine, 설정 파일: /etc/billing/conf/secret.conf는 보안 등급이 높습니다.",
            "id": "sample_009_0075_000020",
            "annotations": [
                {
                    "word": "/opt/billing/bin/charge_engine",
                    "start": 11,
                    "end": 41,
                    "label": "기밀정보"
                },
                {
                    "word": "/etc/billing/conf/secret.conf",
                    "start": 50,
                    "end": 79,
                    "label": "기밀정보"
                }
            ]
        },
        {
            "sentence": "외부 협력사 담당자 명단에 우건후와 심성주가 포함되어 있으나 명단 전체는 비공개입니다.",
            "id": "sample_009_0075_000021",
            "annotations": [
                {
                    "word": "우건후",
                    "start": 15,
                    "end": 18,
                    "label": "기밀정보"
                },
                {
                    "word": "심성주",
                    "start": 20,
                    "end": 23,
                    "label": "기밀정보"
                }
            ]
        },
        {
            "sentence": "세부 CDR 레코드: call_id=CNF-00023456, start=2025-10-01T08:12:34, end=2025-10-01T08:25:01, bytes=1536000",
            "id": "sample_009_0075_000022",
            "annotations": [
                {
                    "word": "2025-10-01T08:12:34",
                    "start": 40,
                    "end": 59,
                    "label": "준식별자"
                },
                {
                    "word": "2025-10-01T08:25:01",
                    "start": 65,
                    "end": 84,
                    "label": "준식별자"
                }
            ]
        },
        {
            "sentence": "고객 전아연은 서비스 해지 요청을 2025-10-20에 제출했으며, 해지 사유는 이동 통신사의 요금제 변경입니다.",
            "id": "sample_009_0075_000023",
            "annotations": [
                {
                    "word": "전아연",
                    "start": 3,
                    "end": 6,
                    "label": "개인정보"
                },
                {
                    "word": "2025-10-20",
                    "start": 19,
                    "end": 29,
                    "label": "준식별자"
                }
            ]
        },
        {
            "sentence": "고객 강지효의 시/군/구 주소는 인천광역시 남동구로 기록되어 있으며 마케팅 제외 요청 상태입니다.",
            "id": "sample_009_0075_000024",
            "annotations": [
                {
                    "word": "강지효",
                    "start": 3,
                    "end": 6,
                    "label": "개인정보"
                },
                {
                    "word": "인천광역시 남동구",
                    "start": 18,
                    "end": 27,
                    "label": "준식별자"
                }
            ]
        },
        {
            "sentence": "통화 상세: 송대광(010-9999-0000)과의 통화에서 발신자가 5회 재시도했으며 패킷 손실률은 0.02%로 측정되었습니다.",
            "id": "sample_009_0075_000025",
            "annotations": [
                {
                    "word": "송대광",
                    "start": 7,
                    "end": 10,
                    "label": "개인정보"
                },
                {
                    "word": "010-9999-0000",
                    "start": 11,
                    "end": 24,
                    "label": "개인정보"
                }
            ]
        },
        {
            "sentence": "네트워크 정책 문서 비공개: 내부 라우팅 키 rk.billing.secret 및 토폴로지 맵은 비공개 보관됩니다.",
            "id": "sample_009_0075_000026",
            "annotations": [
                {
                    "word": "rk.billing.secret",
                    "start": 25,
                    "end": 42,
                    "label": "기밀정보"
                }
            ]
        },
        {
            "sentence": "운영자 허태린의 사번은 EID-2023-0456이며, 권한 검토 기록이 감사 로그에 남아 있습니다.",
            "id": "sample_009_0075_000027",
            "annotations": [
                {
                    "word": "허태린",
                    "start": 4,
                    "end": 7,
                    "label": "개인정보"
                },
                {
                    "word": "EID-2023-0456",
                    "start": 13,
                    "end": 26,
                    "label": "개인정보"
                }
            ]
        },
        {
            "sentence": "사용자 우건후의 이메일 우건후@example.com은 외부 비즈니스 계정으로 분류되어 별도 접근 통제가 적용됩니다.",
            "id": "sample_009_0075_000028",
            "annotations": [
                {
                    "word": "우건후",
                    "start": 4,
                    "end": 7,
                    "label": "개인정보"
                },
                {
                    "word": "우건후",
                    "start": 13,
                    "end": 16,
                    "label": "개인정보"
                },
                {
                    "word": "우건후@example.com",
                    "start": 13,
                    "end": 28,
                    "label": "개인정보"
                }
            ]
        },
        {
            "sentence": "네트워크 모니터링 경고: 2025-10-15 14:22:03에 SIP 재전송 비율이 임계값을 초과하여 관리자에게 알림을 전송했습니다.",
            "id": "sample_009_0075_000029",
            "annotations": [
                {
                    "word": "2025-10-15 14:22:03",
                    "start": 14,
                    "end": 33,
                    "label": "준식별자"
                }
            ]
        },
        {
            "sentence": "결론 및 조치사항: 개인정보 및 기밀정보 보호를 위해 내부 접근 권한 재검토, 로그 보존 정책 강화, 외부 유출 방지 교육을 권고합니다.",
            "id": "sample_009_0075_000030",
            "annotations": []
        }
    ]
}