{
    "document_id": "009_0034",
    "document_title": "월간 통화 내역서 및 네트워크 과금 로그 보고서",
    "data": [
        {
            "sentence": "본 문서는 통신사 과금 시스템의 월간 통화 내역서와 네트워크 과금 로그를 통합 보고하기 위해 작성되었습니다.",
            "id": "sample_009_0034_000001",
            "annotations": []
        },
        {
            "sentence": "보고 대상 기간은 2025년 11월 01일부터 2025년 11월 30일까지이며, CDR 기반 과금 항목과 네트워크 이벤트를 포함합니다.",
            "id": "sample_009_0034_000002",
            "annotations": []
        },
        {
            "sentence": "과금 대상 가입자 예시로 내부 테스트 계정 소유자 고용기 정보를 참고하였으며, 계정 식별 및 검증 절차를 함께 기술합니다.",
            "id": "sample_009_0034_000003",
            "annotations": [
                {
                    "word": "고용기",
                    "start": 28,
                    "end": 31,
                    "label": "개인정보"
                }
            ]
        },
        {
            "sentence": "연락처(대표): 010-3456-7890로 등록되어 있으며, 과금 관련 긴급연락은 해당 번호로 수행됩니다.",
            "id": "sample_009_0034_000004",
            "annotations": [
                {
                    "word": "010-3456-7890",
                    "start": 9,
                    "end": 22,
                    "label": "개인정보"
                }
            ]
        },
        {
            "sentence": "청구서 발행일은 2025년 12월 01일로 설정되어 있으며, 발행 시점의 요율과 쿠폰 적용 내역을 반영합니다.",
            "id": "sample_009_0034_000005",
            "annotations": [
                {
                    "word": "2025년 12월 01일",
                    "start": 9,
                    "end": 22,
                    "label": "준식별자"
                }
            ]
        },
        {
            "sentence": "가입자 기본정보에는 생년월일 1985년 07월 24일과 연령대 기준이 포함되어 있습니다.",
            "id": "sample_009_0034_000006",
            "annotations": [
                {
                    "word": "1985년 07월 24일",
                    "start": 16,
                    "end": 29,
                    "label": "준식별자"
                }
            ]
        },
        {
            "sentence": "성별 표기는 남성으로 분류되어 통계처리 및 요금 청구 규칙 적용에 사용되었습니다.",
            "id": "sample_009_0034_000007",
            "annotations": [
                {
                    "word": "남성",
                    "start": 7,
                    "end": 9,
                    "label": "준식별자"
                }
            ]
        },
        {
            "sentence": "주소는 서울특별시 강남구 테헤란로 101, 101동 302호로 등록되어 있어 청구서 송달 및 위치 기반 서비스 확인에 활용됩니다.",
            "id": "sample_009_0034_000008",
            "annotations": [
                {
                    "word": "서울특별시",
                    "start": 4,
                    "end": 9,
                    "label": "준식별자"
                },
                {
                    "word": "강남구",
                    "start": 10,
                    "end": 13,
                    "label": "준식별자"
                },
                {
                    "word": "서울특별시 강남구 테헤란로 101, 101동 302호",
                    "start": 4,
                    "end": 33,
                    "label": "개인정보"
                }
            ]
        },
        {
            "sentence": "통화 내역 예제: 2025-11-29 14:23:10 발신/착신: 010-2345-6789 -> 010-3456-7890, 통화시간 00:05:32, 데이터 사용량 0.12GB.",
            "id": "sample_009_0034_000009",
            "annotations": [
                {
                    "word": "2025-11-29 14:23:10",
                    "start": 10,
                    "end": 29,
                    "label": "준식별자"
                },
                {
                    "word": "010-2345-6789",
                    "start": 37,
                    "end": 50,
                    "label": "개인정보"
                },
                {
                    "word": "010-3456-7890",
                    "start": 54,
                    "end": 67,
                    "label": "개인정보"
                }
            ]
        },
        {
            "sentence": "SMS 건수 집계는 11월 한 달 동안 12건으로 집계되었으며, SMS 요금은 청구서에 별도 표기됩니다.",
            "id": "sample_009_0034_000010",
            "annotations": []
        },
        {
            "sentence": "초과요금 내역에는 국제 통화 건이 포함되어 있으며, 예시로 2025-11-30 03:12:05 대상번호 +82-10-9988-7766에 대한 청구가 발생했습니다.",
            "id": "sample_009_0034_000011",
            "annotations": [
                {
                    "word": "+82-10-9988-7766",
                    "start": 58,
                    "end": 74,
                    "label": "개인정보"
                }
            ]
        },
        {
            "sentence": "가입 플랜은 Unlimited 100GB / 월로 설정되었으며, 이번 청구 기간 잔여 데이터는 12.4GB로 확인됩니다.",
            "id": "sample_009_0034_000012",
            "annotations": []
        },
        {
            "sentence": "과금 연동 식별자는 IMSI와 MSISDN으로 관리되며 예시로 IMSI: 45009XXXXXXX123, MSISDN: 821034567890가 CDR에 기록됩니다.",
            "id": "sample_009_0034_000013",
            "annotations": [
                {
                    "word": "45009XXXXXXX123",
                    "start": 41,
                    "end": 56,
                    "label": "개인정보"
                },
                {
                    "word": "821034567890",
                    "start": 66,
                    "end": 78,
                    "label": "개인정보"
                }
            ]
        },
        {
            "sentence": "원시 CDR 레코드는 내부 파일 시스템에 보관되며 경로 예시는 /srv/billing/cdr/2025/11/cdr_20251129_0001.log 입니다.",
            "id": "sample_009_0034_000014",
            "annotations": [
                {
                    "word": "/srv/billing/cdr/2025/11/cdr_20251129_0001.log",
                    "start": 35,
                    "end": 81,
                    "label": "기밀정보"
                }
            ]
        },
        {
            "sentence": "로그 수집 및 저장 서버의 내부 IP는 10.10.4.12(수집서버) 및 10.10.4.13(백업서버)로 운영되고 있습니다.",
            "id": "sample_009_0034_000015",
            "annotations": [
                {
                    "word": "10.10.4.12",
                    "start": 22,
                    "end": 32,
                    "label": "기밀정보"
                },
                {
                    "word": "10.10.4.13",
                    "start": 41,
                    "end": 51,
                    "label": "기밀정보"
                }
            ]
        },
        {
            "sentence": "시스템 접속 계정은 billing_admin으로 관리되며 공개키는 /home/billing_admin/.ssh/authorized_keys에 위치합니다.",
            "id": "sample_009_0034_000016",
            "annotations": [
                {
                    "word": "billing_admin",
                    "start": 11,
                    "end": 24,
                    "label": "기밀정보"
                },
                {
                    "word": "billing_admin",
                    "start": 43,
                    "end": 56,
                    "label": "기밀정보"
                },
                {
                    "word": "/home/billing_admin/.ssh/authorized_keys",
                    "start": 37,
                    "end": 77,
                    "label": "기밀정보"
                }
            ]
        },
        {
            "sentence": "원격 접속은 사내 VPN으로 제한되며 접속 주소는 vpn.corp.internal:443으로 설정되어 있습니다.",
            "id": "sample_009_0034_000017",
            "annotations": [
                {
                    "word": "vpn.corp.internal:443",
                    "start": 28,
                    "end": 49,
                    "label": "기밀정보"
                }
            ]
        },
        {
            "sentence": "내부 결재 절차에 따라 담당자 고용기가 승인하면 청구서 확정 프로세스가 진행되므로 승인 로그를 별도 보관합니다.",
            "id": "sample_009_0034_000018",
            "annotations": [
                {
                    "word": "고용기",
                    "start": 17,
                    "end": 20,
                    "label": "개인정보"
                }
            ]
        },
        {
            "sentence": "과금 엔진과 알고리즘 정보는 내부 비공개로 관리되며 현재 운영중인 버전은 billing-v3.2 입니다.",
            "id": "sample_009_0034_000019",
            "annotations": [
                {
                    "word": "billing-v3.2",
                    "start": 41,
                    "end": 53,
                    "label": "기밀정보"
                }
            ]
        },
        {
            "sentence": "보안 관련 로그 예시로 VPN 계정 생성일 2022년 05월 10일이 감사 로그에 기록되어 있습니다.",
            "id": "sample_009_0034_000020",
            "annotations": [
                {
                    "word": "2022년 05월 10일",
                    "start": 24,
                    "end": 37,
                    "label": "준식별자"
                }
            ]
        },
        {
            "sentence": "고객 이메일 연락처로는 kimjs@example.com이 등록되어 있으며 청구 알림 수단으로 사용됩니다.",
            "id": "sample_009_0034_000021",
            "annotations": [
                {
                    "word": "kimjs@example.com",
                    "start": 13,
                    "end": 30,
                    "label": "개인정보"
                }
            ]
        },
        {
            "sentence": "결제 정보 예시로 고객 은행계좌 123-45-678901-00(예금주: 원영웅)이 내부 결제 시스템에 연결되어 있습니다.",
            "id": "sample_009_0034_000022",
            "annotations": [
                {
                    "word": "123-45-678901-00",
                    "start": 18,
                    "end": 34,
                    "label": "기밀정보"
                },
                {
                    "word": "원영웅",
                    "start": 40,
                    "end": 43,
                    "label": "개인정보"
                }
            ]
        },
        {
            "sentence": "네트워크 이벤트 분석 결과 기지국 ID 4501에서 03:00~04:00 사이 트래픽 피크가 발생하였고 총 송수신 데이터는 1.8GB였습니다.",
            "id": "sample_009_0034_000023",
            "annotations": []
        },
        {
            "sentence": "문제 발생 로그에서 인증 실패가 5회 발생한 계정은 내부 식별자 u_gbilling으로 표기되어 보안팀이 조사 중입니다.",
            "id": "sample_009_0034_000024",
            "annotations": [
                {
                    "word": "u_gbilling",
                    "start": 36,
                    "end": 46,
                    "label": "기밀정보"
                }
            ]
        },
        {
            "sentence": "데이터 처리 및 보관 지침으로 개인정보는 최소한의 식별자만 사용하고, 내부 파일 경로와 IP 정보는 비공개로 관리해야 합니다.",
            "id": "sample_009_0034_000025",
            "annotations": []
        },
        {
            "sentence": "담당자 연락처 예시: 유근호 010-7777-1234이며, 문의는 평일 09:00~18:00에 받습니다.",
            "id": "sample_009_0034_000026",
            "annotations": [
                {
                    "word": "유근호",
                    "start": 12,
                    "end": 15,
                    "label": "개인정보"
                },
                {
                    "word": "010-7777-1234",
                    "start": 16,
                    "end": 29,
                    "label": "개인정보"
                }
            ]
        },
        {
            "sentence": "요금 청구 요약은 총합 45,600원이며 결제 예정일은 2025년 12월 15일로 예약되어 있습니다.",
            "id": "sample_009_0034_000027",
            "annotations": [
                {
                    "word": "2025년 12월 15일",
                    "start": 31,
                    "end": 44,
                    "label": "준식별자"
                }
            ]
        }
    ]
}