{
    "document_id": "009_0085",
    "document_title": "월간 통신 CDR 및 요금 청구서 기술 보고서 (2025-01)",
    "data": [
        {
            "sentence": "문서 개요: 본 문서는 2025년 1월 기간 동안 수집된 통화 상세 기록(CDR), 네트워크 로그 및 요금 청구 관련 기술 자료를 포함합니다.",
            "id": "sample_009_0085_000001",
            "annotations": []
        },
        {
            "sentence": "목적: 본 보고서는 가입자 트래픽 분석, 요금 산정 검증, 및 네트워크 이상 징후 분석을 위한 기술적 근거를 제공합니다.",
            "id": "sample_009_0085_000002",
            "annotations": []
        },
        {
            "sentence": "적용 범위: 가입자 통화 내역, 데이터 사용량(GB 단위), 네트워크 로그, 내부 파일 처리 이력 및 결제 관련 메타데이터를 포함합니다.",
            "id": "sample_009_0085_000003",
            "annotations": []
        },
        {
            "sentence": "재무 참고: 회사 정산용 계좌번호 110-234-567890이 내부 결재서에 기재되어 있습니다.",
            "id": "sample_009_0085_000004",
            "annotations": [
                {
                    "word": "110-234-567890",
                    "start": 19,
                    "end": 33,
                    "label": "기밀정보"
                }
            ]
        },
        {
            "sentence": "첨부 파일 목록: CDR 원본, 익명화 샘플, 요금 계산 스프레드시트 및 네트워크 이벤트 로그를 포함합니다.",
            "id": "sample_009_0085_000005",
            "annotations": []
        },
        {
            "sentence": "통화 레코드: 가입자명 안미래, 휴대전화 010-1234-5678, 생년월일 1987-04-12, 성별 여, 주민등록번호 870412-1234567, 주소 서울특별시 강남구 테헤란로12길 34-5 302호.",
            "id": "sample_009_0085_000006",
            "annotations": [
                {
                    "word": "안미래",
                    "start": 13,
                    "end": 16,
                    "label": "개인정보"
                },
                {
                    "word": "010-1234-5678",
                    "start": 23,
                    "end": 36,
                    "label": "개인정보"
                },
                {
                    "word": "1987-04-12",
                    "start": 43,
                    "end": 53,
                    "label": "준식별자"
                },
                {
                    "word": "여",
                    "start": 58,
                    "end": 59,
                    "label": "준식별자"
                },
                {
                    "word": "870412-1234567",
                    "start": 68,
                    "end": 82,
                    "label": "개인정보"
                },
                {
                    "word": "서울특별시 강남구 테헤란로12길 34-5 302호",
                    "start": 87,
                    "end": 114,
                    "label": "개인정보"
                }
            ]
        },
        {
            "sentence": "통화 레코드: 가입자명 차환, 휴대전화 010-2345-6789, 생년월일 1990-05-21, 성별 남, 주소 경기도 성남시 분당구.",
            "id": "sample_009_0085_000007",
            "annotations": [
                {
                    "word": "차환",
                    "start": 13,
                    "end": 15,
                    "label": "개인정보"
                },
                {
                    "word": "010-2345-6789",
                    "start": 22,
                    "end": 35,
                    "label": "개인정보"
                },
                {
                    "word": "1990-05-21",
                    "start": 42,
                    "end": 52,
                    "label": "준식별자"
                },
                {
                    "word": "남",
                    "start": 57,
                    "end": 58,
                    "label": "준식별자"
                },
                {
                    "word": "남",
                    "start": 68,
                    "end": 69,
                    "label": "준식별자"
                },
                {
                    "word": "경기도 성남시 분당구",
                    "start": 63,
                    "end": 74,
                    "label": "준식별자"
                }
            ]
        },
        {
            "sentence": "통화 요약: 차환-안미래 간 통화는 00:12:34 지속되었으며 송수신 데이터는 1.25GB가 집계되어 요금 산정에 반영되었습니다.",
            "id": "sample_009_0085_000008",
            "annotations": []
        },
        {
            "sentence": "통화 레코드: 가입자명 류희재, 휴대전화 010-3456-7890, 이메일 ryu.hj@example.com, 생년월일 1978-11-30, 주소 부산광역시 해운대구.",
            "id": "sample_009_0085_000009",
            "annotations": [
                {
                    "word": "류희재",
                    "start": 13,
                    "end": 16,
                    "label": "개인정보"
                },
                {
                    "word": "010-3456-7890",
                    "start": 23,
                    "end": 36,
                    "label": "개인정보"
                },
                {
                    "word": "ryu.hj@example.com",
                    "start": 42,
                    "end": 60,
                    "label": "개인정보"
                },
                {
                    "word": "1978-11-30",
                    "start": 67,
                    "end": 77,
                    "label": "준식별자"
                },
                {
                    "word": "부산광역시 해운대구",
                    "start": 82,
                    "end": 92,
                    "label": "준식별자"
                }
            ]
        },
        {
            "sentence": "청구서 요약: 고객명 안미래, 기본요금 33,000원, 통화료 5,420원, 부가세 3,042원, 총 청구액 41,462원이 청구 항목으로 생성되었습니다.",
            "id": "sample_009_0085_000010",
            "annotations": [
                {
                    "word": "안미래",
                    "start": 12,
                    "end": 15,
                    "label": "개인정보"
                }
            ]
        },
        {
            "sentence": "결제 관련 메모: 납부 예정일은 2025-02-10이며 자동이체 설정 여부는 고객 동의 확인이 필요합니다.",
            "id": "sample_009_0085_000011",
            "annotations": []
        },
        {
            "sentence": "네트워크 로그 섹션은 기지국 이벤트, NAT 변환 로그, 내부 서비스 접근 로그 및 인증 결과를 포함하도록 구성되어 있습니다.",
            "id": "sample_009_0085_000012",
            "annotations": []
        },
        {
            "sentence": "네트워크 로그: 내부 서버 IP 172.16.100.12에서 CDR 처리 프로세스가 2025-01-18 03:22에 시작된 기록이 확인되었습니다.",
            "id": "sample_009_0085_000013",
            "annotations": [
                {
                    "word": "172.16.100.12",
                    "start": 18,
                    "end": 31,
                    "label": "기밀정보"
                }
            ]
        },
        {
            "sentence": "VPN 연결 기록: vpn.internal.telecom.local 및 VPN 전용 IP 10.8.0.5에서 동시 로그인 이력이 확인되었습니다.",
            "id": "sample_009_0085_000014",
            "annotations": [
                {
                    "word": "vpn.internal.telecom.local",
                    "start": 11,
                    "end": 37,
                    "label": "기밀정보"
                },
                {
                    "word": "10.8.0.5",
                    "start": 50,
                    "end": 58,
                    "label": "기밀정보"
                }
            ]
        },
        {
            "sentence": "파일 경로: /srv/billing/cdr/2025/01/000123.cdr 파일이 생성되어 내부 저장소로 전송되었습니다.",
            "id": "sample_009_0085_000015",
            "annotations": [
                {
                    "word": "/srv/billing/cdr/2025/01/000123.cdr",
                    "start": 7,
                    "end": 42,
                    "label": "기밀정보"
                }
            ]
        },
        {
            "sentence": "접근 로그: 시스템 계정 service_billing이 2025-01-18 03:23에 해당 파일을 조회한 기록이 있습니다.",
            "id": "sample_009_0085_000016",
            "annotations": [
                {
                    "word": "service_billing",
                    "start": 14,
                    "end": 29,
                    "label": "기밀정보"
                }
            ]
        },
        {
            "sentence": "운영 지시: 로그 조사 담당자 서인철이 사고 티켓을 수임하고 상세 분석을 지시하였습니다.",
            "id": "sample_009_0085_000017",
            "annotations": [
                {
                    "word": "서인철",
                    "start": 17,
                    "end": 20,
                    "label": "개인정보"
                }
            ]
        },
        {
            "sentence": "티켓 참조: TCK-2025-0112-45, 우선순위 P2, 상태 진행중이며 담당 엔지니어가 추가 로그 수집을 요청하였습니다.",
            "id": "sample_009_0085_000018",
            "annotations": []
        },
        {
            "sentence": "고객 재연락 요청: 가입자 남윤아, 연락처 010-4567-8901, 상담원 연결 일정이 예약되어 있습니다.",
            "id": "sample_009_0085_000019",
            "annotations": [
                {
                    "word": "남윤아",
                    "start": 15,
                    "end": 18,
                    "label": "개인정보"
                },
                {
                    "word": "010-4567-8901",
                    "start": 24,
                    "end": 37,
                    "label": "개인정보"
                }
            ]
        },
        {
            "sentence": "서비스 이상 보고: 2025-01-15 14:32~14:37 사이 통화 끊김 증가가 관찰되었으며 영향을 받은 중계국 ID GNG-12로 집계되었습니다.",
            "id": "sample_009_0085_000020",
            "annotations": [
                {
                    "word": "GNG-12",
                    "start": 68,
                    "end": 74,
                    "label": "기밀정보"
                }
            ]
        },
        {
            "sentence": "구간 요약: 전체 가입자 누적 데이터 사용량 45.75GB, 피크 시간대는 19:00~21:00으로 확인됩니다.",
            "id": "sample_009_0085_000021",
            "annotations": []
        },
        {
            "sentence": "통화 레코드: 가입자명 유미리, 휴대전화 010-5678-9012, 통화시간 00:00:45, 목적지 번호 02-312-1114로 연결되었습니다.",
            "id": "sample_009_0085_000022",
            "annotations": [
                {
                    "word": "유미리",
                    "start": 13,
                    "end": 16,
                    "label": "개인정보"
                },
                {
                    "word": "010-5678-9012",
                    "start": 23,
                    "end": 36,
                    "label": "개인정보"
                },
                {
                    "word": "02-312-1114",
                    "start": 60,
                    "end": 71,
                    "label": "개인정보"
                }
            ]
        },
        {
            "sentence": "내부 결재: 결재자 하경원, 승인일 2025-01-20, 변경요금제 적용 승인이 이루어졌습니다.",
            "id": "sample_009_0085_000023",
            "annotations": [
                {
                    "word": "하경원",
                    "start": 11,
                    "end": 14,
                    "label": "개인정보"
                }
            ]
        },
        {
            "sentence": "환불 처리: 환불계좌 333-77-444555로 금액이 예약되었으며 재무팀 확인 대기 중입니다.",
            "id": "sample_009_0085_000024",
            "annotations": [
                {
                    "word": "333-77-444555",
                    "start": 12,
                    "end": 25,
                    "label": "기밀정보"
                }
            ]
        },
        {
            "sentence": "요금 정책 변경 결재: 부서장 남도겸이 의결하였으며 시행일은 2025-03-01로 계획됩니다.",
            "id": "sample_009_0085_000025",
            "annotations": [
                {
                    "word": "남도겸",
                    "start": 17,
                    "end": 20,
                    "label": "개인정보"
                }
            ]
        },
        {
            "sentence": "로그 샘플: SUBSCRIBER IMSI 450021234567890, IMEI 356789012345678가 호출 헤더에 기록되었습니다.",
            "id": "sample_009_0085_000026",
            "annotations": [
                {
                    "word": "450021234567890",
                    "start": 23,
                    "end": 38,
                    "label": "개인정보"
                },
                {
                    "word": "356789012345678",
                    "start": 45,
                    "end": 60,
                    "label": "개인정보"
                }
            ]
        },
        {
            "sentence": "조치사항: VPN 인증서 교체 및 CDR 익명화 스크립트 적용 일정은 2025-02-15까지 완료할 예정입니다.",
            "id": "sample_009_0085_000027",
            "annotations": []
        },
        {
            "sentence": "결론: 추가 로그 보강과 고객 통보를 통해 후속 대응을 진행하며 본 문서는 내부 기록용으로 보관합니다.",
            "id": "sample_009_0085_000028",
            "annotations": []
        }
    ]
}