{
    "document_id": "009_0046",
    "document_title": "가입자 과금 및 네트워크 CDR 상세보고서",
    "data": [
        {
            "sentence": "문서 개요: 본 보고서는 가입자 과금 내역과 CDR(Call Detail Record) 기반 네트워크 로그를 종합하여 분석한 기술 보고서입니다.",
            "id": "sample_009_0046_000001",
            "annotations": []
        },
        {
            "sentence": "가입자 정보 요약: 가입자명 홍지음, 연락처 010-1234-5678, 이메일 hongj@example.com으로 등록되어 있습니다.",
            "id": "sample_009_0046_000002",
            "annotations": [
                {
                    "word": "홍지음",
                    "start": 16,
                    "end": 19,
                    "label": "개인정보"
                },
                {
                    "word": "010-1234-5678",
                    "start": 25,
                    "end": 38,
                    "label": "개인정보"
                },
                {
                    "word": "hongj@example.com",
                    "start": 44,
                    "end": 61,
                    "label": "개인정보"
                }
            ]
        },
        {
            "sentence": "식별자(등록): 주민등록번호 870512-1234567가 내부 고객 식별자로 저장되어 있으며, 접근 이력은 별도 로그로 관리됩니다.",
            "id": "sample_009_0046_000003",
            "annotations": [
                {
                    "word": "870512-1234567",
                    "start": 16,
                    "end": 30,
                    "label": "개인정보"
                }
            ]
        },
        {
            "sentence": "프로필: 생년월일 1987년 05월 12일, 성별 남성으로 고객 레코드에 기재되어 있고 서비스 약정서와 연동됩니다.",
            "id": "sample_009_0046_000004",
            "annotations": [
                {
                    "word": "1987",
                    "start": 10,
                    "end": 14,
                    "label": "준식별자"
                },
                {
                    "word": "05",
                    "start": 16,
                    "end": 18,
                    "label": "준식별자"
                },
                {
                    "word": "12",
                    "start": 20,
                    "end": 22,
                    "label": "준식별자"
                },
                {
                    "word": "남성",
                    "start": 28,
                    "end": 30,
                    "label": "준식별자"
                }
            ]
        },
        {
            "sentence": "주소 정보(상세): 서울특별시 강남구 역삼동 123-45로 청구서 및 우편물 발송 기준 주소가 지정되어 있습니다.",
            "id": "sample_009_0046_000005",
            "annotations": [
                {
                    "word": "서울특별시 강남구 역삼동 123-45",
                    "start": 11,
                    "end": 31,
                    "label": "개인정보"
                }
            ]
        },
        {
            "sentence": "주소(시) 항목: 서울특별시로 등록되어 있으며 시 단위 데이터는 청구 통계 집계에 사용됩니다.",
            "id": "sample_009_0046_000006",
            "annotations": [
                {
                    "word": "서울특별시",
                    "start": 10,
                    "end": 15,
                    "label": "준식별자"
                }
            ]
        },
        {
            "sentence": "주소(구) 항목: 강남구로 기록되어 있고 군/구 단위 트래픽 분석 레이블이 적용됩니다.",
            "id": "sample_009_0046_000007",
            "annotations": [
                {
                    "word": "강남구",
                    "start": 10,
                    "end": 13,
                    "label": "준식별자"
                }
            ]
        },
        {
            "sentence": "주소(동) 항목: 역삼동으로 상세 영역 라벨이 부여되어 로컬 요율이 적용되는지 검증합니다.",
            "id": "sample_009_0046_000008",
            "annotations": [
                {
                    "word": "역삼동",
                    "start": 10,
                    "end": 13,
                    "label": "준식별자"
                }
            ]
        },
        {
            "sentence": "내부 인사/과금 담당: 과금 담당자 사번 20204567, 담당자명 안휘성, 승인 및 검수 이력 참조.",
            "id": "sample_009_0046_000009",
            "annotations": [
                {
                    "word": "20204567",
                    "start": 23,
                    "end": 31,
                    "label": "개인정보"
                },
                {
                    "word": "안휘성",
                    "start": 38,
                    "end": 41,
                    "label": "개인정보"
                }
            ]
        },
        {
            "sentence": "청구서 요약: 기본요금 15,000원, 데이터 초과 사용 3.4GB, 음성 통화료 합계 2,300원으로 계산되었습니다.",
            "id": "sample_009_0046_000010",
            "annotations": []
        },
        {
            "sentence": "결제 정보: 등록된 결제 계좌는 국민은행 123-456-789012로 표기되어 있으며 자동이체 설정 상태입니다.",
            "id": "sample_009_0046_000011",
            "annotations": [
                {
                    "word": "123-456-789012",
                    "start": 23,
                    "end": 37,
                    "label": "기밀정보"
                }
            ]
        },
        {
            "sentence": "관련 문서 위치: 과거 청구서 PDF 경로는 /srv/billing/docs/2025/04/홍지음_invoice.pdf로 내부 저장소에 보관되어 있습니다.",
            "id": "sample_009_0046_000012",
            "annotations": [
                {
                    "word": "/srv/billing/docs/2025/04/홍지음_invoice.pdf",
                    "start": 25,
                    "end": 66,
                    "label": "기밀정보"
                },
                {
                    "word": "홍지음",
                    "start": 51,
                    "end": 54,
                    "label": "개인정보"
                }
            ]
        },
        {
            "sentence": "샘플 CDR 레코드: CALL_START=2025-04-12T08:23:05, CALL_END=2025-04-12T08:30:40, DURATION=435s 형식으로 로깅됩니다.",
            "id": "sample_009_0046_000013",
            "annotations": [
                {
                    "word": "2025",
                    "start": 23,
                    "end": 27,
                    "label": "준식별자"
                },
                {
                    "word": "2025",
                    "start": 53,
                    "end": 57,
                    "label": "준식별자"
                },
                {
                    "word": "04",
                    "start": 28,
                    "end": 30,
                    "label": "준식별자"
                },
                {
                    "word": "04",
                    "start": 58,
                    "end": 60,
                    "label": "준식별자"
                },
                {
                    "word": "12",
                    "start": 31,
                    "end": 33,
                    "label": "준식별자"
                },
                {
                    "word": "12",
                    "start": 61,
                    "end": 63,
                    "label": "준식별자"
                }
            ]
        },
        {
            "sentence": "통화 대상 번호 예시: 착신번호 010-9876-5432, 국제발신 표기 +82-10-2222-3333이 CDR에 기록되었습니다.",
            "id": "sample_009_0046_000014",
            "annotations": [
                {
                    "word": "010-9876-5432",
                    "start": 18,
                    "end": 31,
                    "label": "개인정보"
                },
                {
                    "word": "+82-10-2222-3333",
                    "start": 41,
                    "end": 57,
                    "label": "개인정보"
                }
            ]
        },
        {
            "sentence": "네트워크 접속 로그: 접속 서버 IP는 10.10.50.5, NAT 공용 IP는 203.248.45.77로 표기되며 라우팅 테이블과 연동됩니다.",
            "id": "sample_009_0046_000015",
            "annotations": [
                {
                    "word": "10.10.50.5",
                    "start": 22,
                    "end": 32,
                    "label": "기밀정보"
                },
                {
                    "word": "203.248.45.77",
                    "start": 45,
                    "end": 58,
                    "label": "기밀정보"
                }
            ]
        },
        {
            "sentence": "원격접속 정보: 내부 VPN 접속 주소 vpn.corp.example.internal을 통해 엔지니어 접속이 확인되었습니다.",
            "id": "sample_009_0046_000016",
            "annotations": [
                {
                    "word": "vpn.corp.example.internal",
                    "start": 22,
                    "end": 47,
                    "label": "기밀정보"
                }
            ]
        },
        {
            "sentence": "시스템 계정 로그: 접속 계정 billing_admin의 마지막 접속 시간이 기록되어 있으며 권한 검토가 필요합니다.",
            "id": "sample_009_0046_000017",
            "annotations": [
                {
                    "word": "billing_admin",
                    "start": 17,
                    "end": 30,
                    "label": "기밀정보"
                }
            ]
        },
        {
            "sentence": "SIP 세부항목: SIP 헤더 내 From:<sip:01012345678@ims.example.net> 및 Call-ID: abcdef1234567890이 CDR에 포함되었습니다.",
            "id": "sample_009_0046_000018",
            "annotations": [
                {
                    "word": "01012345678",
                    "start": 29,
                    "end": 40,
                    "label": "개인정보"
                },
                {
                    "word": "abcdef1234567890",
                    "start": 69,
                    "end": 85,
                    "label": "기밀정보"
                },
                {
                    "word": "sip:01012345678@ims.example.net",
                    "start": 25,
                    "end": 56,
                    "label": "기밀정보"
                }
            ]
        },
        {
            "sentence": "데이터 트래픽 요약: 해당 가입자의 월간 데이터 사용량은 12.75GB이며 피크 처리량은 45Mbps로 측정되었습니다.",
            "id": "sample_009_0046_000019",
            "annotations": []
        },
        {
            "sentence": "과금 정책 메모: 국내 음성 과금은 30초당 10원, SMS는 건당 20원, 데이터 기본 제공량 100GB 정책이 적용됩니다.",
            "id": "sample_009_0046_000020",
            "annotations": []
        },
        {
            "sentence": "보안 문서 경로: 내부 보안 정책 파일은 /etc/security/policies/billing_policy.conf에 저장되어 있으며 접근 제어 대상입니다.",
            "id": "sample_009_0046_000021",
            "annotations": [
                {
                    "word": "/etc/security/policies/billing_policy.conf",
                    "start": 23,
                    "end": 65,
                    "label": "기밀정보"
                }
            ]
        },
        {
            "sentence": "장비 및 담당자: 라우터 자산번호 NE-RT-20250412-01이 과금 연동 장비로 지정되어 있으며 담당 엔지니어 나문재가 설치를 수행했습니다.",
            "id": "sample_009_0046_000022",
            "annotations": [
                {
                    "word": "NE-RT-20250412-01",
                    "start": 19,
                    "end": 36,
                    "label": "기밀정보"
                },
                {
                    "word": "나문재",
                    "start": 65,
                    "end": 68,
                    "label": "개인정보"
                }
            ]
        },
        {
            "sentence": "긴급 연락처: 기술지원 담당 차경태, 연락처 010-3333-4444로 장애 시 연락 체계가 운영됩니다.",
            "id": "sample_009_0046_000023",
            "annotations": [
                {
                    "word": "차경태",
                    "start": 16,
                    "end": 19,
                    "label": "개인정보"
                },
                {
                    "word": "010-3333-4444",
                    "start": 25,
                    "end": 38,
                    "label": "개인정보"
                }
            ]
        },
        {
            "sentence": "테스트 계정 및 메타: 테스트 계정 이메일 test.user@internal.corp가 QA 데이터셋에 포함되어 시뮬레이션에 사용되었습니다.",
            "id": "sample_009_0046_000024",
            "annotations": [
                {
                    "word": "test.user@internal.corp",
                    "start": 24,
                    "end": 47,
                    "label": "개인정보"
                }
            ]
        },
        {
            "sentence": "요청 처리 이력: 고객 환불 승인자 전태일, 승인일 2025-04-13로 전표 처리 및 감사 로그가 생성되었습니다.",
            "id": "sample_009_0046_000025",
            "annotations": [
                {
                    "word": "전태일",
                    "start": 20,
                    "end": 23,
                    "label": "개인정보"
                },
                {
                    "word": "2025",
                    "start": 29,
                    "end": 33,
                    "label": "준식별자"
                },
                {
                    "word": "04",
                    "start": 34,
                    "end": 36,
                    "label": "준식별자"
                },
                {
                    "word": "13",
                    "start": 37,
                    "end": 39,
                    "label": "준식별자"
                }
            ]
        },
        {
            "sentence": "백업 경로: 일일 백업은 네트워크 전용 경로 \\\\backup-server\\\\billing\\\\2025\\\\04\\\\backup.bak에 저장되며 접근 권한이 제한됩니다.",
            "id": "sample_009_0046_000026",
            "annotations": [
                {
                    "word": "\\\\backup-server\\\\billing\\\\2025\\\\04\\\\backup.bak",
                    "start": 25,
                    "end": 71,
                    "label": "기밀정보"
                }
            ]
        },
        {
            "sentence": "계약서 및 약관 참조: 통신서비스 약관과 개인정보 처리방침에 따라 민감정보 보호 및 로그 보관 정책을 적용합니다.",
            "id": "sample_009_0046_000027",
            "annotations": []
        },
        {
            "sentence": "결론 및 조치: 개인정보 접근 로그 보관 기간을 6개월로 설정하고, 계좌번호 등 기밀정보는 화면 및 저장소에서 마스킹을 시행할 계획입니다.",
            "id": "sample_009_0046_000028",
            "annotations": []
        }
    ]
}