{
    "document_id": "009_0074",
    "document_title": "통신 과금 시스템 CDR 및 네트워크 로그 통합 보고서",
    "data": [
        {
            "sentence": "이 문서는 통신 과금 시스템의 CDR(통화 상세 기록)과 네트워크 로그를 기술적으로 분석한 내부 보고서입니다.",
            "id": "sample_009_0074_000001",
            "annotations": []
        },
        {
            "sentence": "보고서 작성자: 안도언, 소속: 네트워크 과금팀, 역할: 시스템 아키텍처 및 요금 엔진 설계 담당.",
            "id": "sample_009_0074_000002",
            "annotations": [
                {
                    "word": "안도언",
                    "start": 9,
                    "end": 12,
                    "label": "개인정보"
                }
            ]
        },
        {
            "sentence": "검토 및 승인: 하한용, 검토 항목은 CDR 정확성, 청구 로직, 네트워크 로그 보관 정책입니다.",
            "id": "sample_009_0074_000003",
            "annotations": [
                {
                    "word": "하한용",
                    "start": 9,
                    "end": 12,
                    "label": "개인정보"
                }
            ]
        },
        {
            "sentence": "요약: 본 보고서는 가입 정보, 사용량 집계, 청구서 항목, 네트워크 장애 기록 및 내부 보안 절차 점검 결과를 포함합니다.",
            "id": "sample_009_0074_000004",
            "annotations": []
        },
        {
            "sentence": "가입자 A: 이름 류새라, 연락처 010-2345-6789, 생년월일 1990-06-21, 성별: 여성, 주소: 서울특별시 강남구 테헤란로 12-3 강남빌딩 502호.",
            "id": "sample_009_0074_000005",
            "annotations": [
                {
                    "word": "류새라",
                    "start": 10,
                    "end": 13,
                    "label": "개인정보"
                },
                {
                    "word": "010-2345-6789",
                    "start": 19,
                    "end": 32,
                    "label": "개인정보"
                },
                {
                    "word": "1990-06-21",
                    "start": 39,
                    "end": 49,
                    "label": "준식별자"
                },
                {
                    "word": "여성",
                    "start": 55,
                    "end": 57,
                    "label": "준식별자"
                },
                {
                    "word": "서울특별시 강남구 테헤란로 12-3 강남빌딩 502호",
                    "start": 63,
                    "end": 92,
                    "label": "개인정보"
                }
            ]
        },
        {
            "sentence": "가입자 B: 이름 최준홍, 연락처 010-9876-5432, 이메일 cjhong@example.com, 계좌번호 123-456789-01, 가입일 2020-11-05.",
            "id": "sample_009_0074_000006",
            "annotations": [
                {
                    "word": "최준홍",
                    "start": 10,
                    "end": 13,
                    "label": "개인정보"
                },
                {
                    "word": "010-9876-5432",
                    "start": 19,
                    "end": 32,
                    "label": "개인정보"
                },
                {
                    "word": "cjhong@example.com",
                    "start": 38,
                    "end": 56,
                    "label": "개인정보"
                },
                {
                    "word": "123-456789-01",
                    "start": 63,
                    "end": 76,
                    "label": "기밀정보"
                },
                {
                    "word": "2020-11-05",
                    "start": 82,
                    "end": 92,
                    "label": "준식별자"
                }
            ]
        },
        {
            "sentence": "테스트콜로그: 발신자 010-2345-6789, 수신자 010-1111-2222, 시작시간 2025-06-15T08:23:12, 통화시간 00:12:34, 데이터 사용 0.02 GB.",
            "id": "sample_009_0074_000007",
            "annotations": [
                {
                    "word": "010-2345-6789",
                    "start": 12,
                    "end": 25,
                    "label": "개인정보"
                },
                {
                    "word": "010-1111-2222",
                    "start": 31,
                    "end": 44,
                    "label": "개인정보"
                },
                {
                    "word": "2025-06-15T08:23:12",
                    "start": 51,
                    "end": 70,
                    "label": "준식별자"
                }
            ]
        },
        {
            "sentence": "CDR 레코드 ID CDR-20250615-000124 예: IMSI: 450020123456789, IMEI: 356789012345678, MSISDN: 010-9876-5432로 매핑되어 저장됩니다.",
            "id": "sample_009_0074_000008",
            "annotations": [
                {
                    "word": "IMSI: 450020123456789",
                    "start": 34,
                    "end": 55,
                    "label": "기밀정보"
                },
                {
                    "word": "IMEI: 356789012345678",
                    "start": 57,
                    "end": 78,
                    "label": "기밀정보"
                },
                {
                    "word": "MSISDN: 010-9876-5432",
                    "start": 80,
                    "end": 101,
                    "label": "개인정보"
                }
            ]
        },
        {
            "sentence": "네트워크 로그 샘플: 인증 실패가 서버 10.0.12.45에서 감지되었고 접속 계정 admin_billing, 관련 파일 경로 /srv/billing/conf/secret.cfg 참고.",
            "id": "sample_009_0074_000009",
            "annotations": [
                {
                    "word": "10.0.12.45",
                    "start": 22,
                    "end": 32,
                    "label": "기밀정보"
                },
                {
                    "word": "admin_billing",
                    "start": 47,
                    "end": 60,
                    "label": "기밀정보"
                },
                {
                    "word": "/srv/billing/conf/secret.cfg",
                    "start": 71,
                    "end": 99,
                    "label": "기밀정보"
                }
            ]
        },
        {
            "sentence": "VPN 접속 정보: 내부 VPN 호스트 vpn.corp.example.internal에서 외부 터널링이 이루어졌으며 사용자 계정 hadmin으로 인증 시도가 있었습니다.",
            "id": "sample_009_0074_000010",
            "annotations": [
                {
                    "word": "vpn.corp.example.internal",
                    "start": 22,
                    "end": 47,
                    "label": "기밀정보"
                },
                {
                    "word": "hadmin",
                    "start": 72,
                    "end": 78,
                    "label": "기밀정보"
                }
            ]
        },
        {
            "sentence": "DB 연결 예시: jdbc:mysql://10.0.12.46:3306/billing?user=billing_ro&password=**** 는 내부 감사 시점에 참조된 연결 문자열입니다.",
            "id": "sample_009_0074_000011",
            "annotations": [
                {
                    "word": "10.0.12.46",
                    "start": 23,
                    "end": 33,
                    "label": "기밀정보"
                },
                {
                    "word": "billing_ro",
                    "start": 52,
                    "end": 62,
                    "label": "기밀정보"
                }
            ]
        },
        {
            "sentence": "트래픽 요약: 2025년 06월 일별 총 데이터 전송량은 1,234.57 GB로 집계되었으며 피크 타임 식별 및 샤딩 정책을 권고합니다.",
            "id": "sample_009_0074_000012",
            "annotations": []
        },
        {
            "sentence": "청구서 항목 예시: 기본요금 22,000원, 음성통화 1,350원, 데이터 이용 요금 12,430원, 부가세 별도, 세부 항목은 청구 시스템에서 자동 산출됩니다.",
            "id": "sample_009_0074_000013",
            "annotations": []
        },
        {
            "sentence": "청구 대상: 구규리, 연락처 010-3333-4444, 청구서 발행일 2025-06-25, 납부기한 2025-07-10, 납부 수단별 정산 로그 포함.",
            "id": "sample_009_0074_000014",
            "annotations": [
                {
                    "word": "구규리",
                    "start": 7,
                    "end": 10,
                    "label": "개인정보"
                },
                {
                    "word": "010-3333-4444",
                    "start": 16,
                    "end": 29,
                    "label": "개인정보"
                },
                {
                    "word": "2025-06-25",
                    "start": 39,
                    "end": 49,
                    "label": "준식별자"
                },
                {
                    "word": "2025-07-10",
                    "start": 56,
                    "end": 66,
                    "label": "준식별자"
                }
            ]
        },
        {
            "sentence": "상세 통화내역 예: 기록 번호 000245, 발신 010-3333-4444, 착신 010-5555-6666, 기간 2025-05-01 ~ 2025-05-31, 통화별 과금 항목 포함.",
            "id": "sample_009_0074_000015",
            "annotations": [
                {
                    "word": "010-3333-4444",
                    "start": 28,
                    "end": 41,
                    "label": "개인정보"
                },
                {
                    "word": "010-5555-6666",
                    "start": 46,
                    "end": 59,
                    "label": "개인정보"
                },
                {
                    "word": "2025-05-01",
                    "start": 64,
                    "end": 74,
                    "label": "준식별자"
                },
                {
                    "word": "2025-05-31",
                    "start": 77,
                    "end": 87,
                    "label": "준식별자"
                }
            ]
        },
        {
            "sentence": "요금 과오청구 이슈: 고객 나가을의 2025-05 청구건에 대해 환불 처리 및 로그 재검증을 진행 중입니다.",
            "id": "sample_009_0074_000016",
            "annotations": [
                {
                    "word": "나가을",
                    "start": 15,
                    "end": 18,
                    "label": "개인정보"
                },
                {
                    "word": "2025-05",
                    "start": 20,
                    "end": 27,
                    "label": "준식별자"
                }
            ]
        },
        {
            "sentence": "담당자 로그: 담당자 나이서가 2025-06-26 14:12에 케이스#342를 승인하고 환불 이행을 지시하였습니다.",
            "id": "sample_009_0074_000017",
            "annotations": [
                {
                    "word": "나이서",
                    "start": 12,
                    "end": 15,
                    "label": "개인정보"
                },
                {
                    "word": "2025-06-26 14:12",
                    "start": 17,
                    "end": 33,
                    "label": "준식별자"
                }
            ]
        },
        {
            "sentence": "장비 식별자 예: 라우터 MAC 00:1A:2B:3C:4D:5E가 장애 이벤트와 연관되었고 해당 스위치 IP는 192.168.0.10으로 확인되었습니다.",
            "id": "sample_009_0074_000018",
            "annotations": [
                {
                    "word": "00:1A:2B:3C:4D:5E",
                    "start": 18,
                    "end": 35,
                    "label": "기밀정보"
                },
                {
                    "word": "192.168.0.10",
                    "start": 62,
                    "end": 74,
                    "label": "기밀정보"
                }
            ]
        },
        {
            "sentence": "고객 불만 접수 기록: 최이은, 연락처 010-7777-8888, 신고 내용은 데이터 과청구 의심 및 상세 검토 요청입니다.",
            "id": "sample_009_0074_000019",
            "annotations": [
                {
                    "word": "최이은",
                    "start": 13,
                    "end": 16,
                    "label": "개인정보"
                },
                {
                    "word": "010-7777-8888",
                    "start": 22,
                    "end": 35,
                    "label": "개인정보"
                }
            ]
        },
        {
            "sentence": "감사 로그 위치: 주요 감사 로그는 /var/log/billing/audit.log에 보관되며 백업은 /backup/billing/2025/06/에 분산 저장됩니다.",
            "id": "sample_009_0074_000020",
            "annotations": [
                {
                    "word": "/var/log/billing/audit.log",
                    "start": 20,
                    "end": 46,
                    "label": "기밀정보"
                },
                {
                    "word": "/backup/billing/2025/06/",
                    "start": 57,
                    "end": 81,
                    "label": "기밀정보"
                }
            ]
        },
        {
            "sentence": "내부 회의 메모(요약): '요금 정책 변경안' 관련 비공개 토의가 진행되었으며 참석자 서인화, 하혜온이 주요 논의자로 기록되었습니다.",
            "id": "sample_009_0074_000021",
            "annotations": [
                {
                    "word": "서인화",
                    "start": 48,
                    "end": 51,
                    "label": "개인정보"
                },
                {
                    "word": "하혜온",
                    "start": 53,
                    "end": 56,
                    "label": "개인정보"
                }
            ]
        },
        {
            "sentence": "소프트웨어 릴리스: 청구엔진 빌드 v3.2.1이 배포되었으며 배포 스크립트 경로는 /opt/deploy/billing/releases/v3.2.1/deploy.sh입니다.",
            "id": "sample_009_0074_000022",
            "annotations": [
                {
                    "word": "/opt/deploy/billing/releases/v3.2.1/deploy.sh",
                    "start": 46,
                    "end": 91,
                    "label": "기밀정보"
                }
            ]
        },
        {
            "sentence": "통계 요약: 고액 사용자 상위 1%의 평균 데이터 사용량은 45.7 GB/월로 나타났으며 샘플 기반 세분화가 권고됩니다.",
            "id": "sample_009_0074_000023",
            "annotations": []
        },
        {
            "sentence": "네트워크 장애보고: 2025-06-12 02:14 UTC에 트래픽 급증으로 노드 203.0.113.21에서 패킷 손실이 발생하여 트래픽 재분배 조치가 수행되었습니다.",
            "id": "sample_009_0074_000024",
            "annotations": [
                {
                    "word": "203.0.113.21",
                    "start": 45,
                    "end": 57,
                    "label": "기밀정보"
                },
                {
                    "word": "2025-06-12 02:14",
                    "start": 11,
                    "end": 27,
                    "label": "준식별자"
                }
            ]
        },
        {
            "sentence": "테스트 계정 정보: 테스트 사용자 우승빈, 연락처 010-1212-3434, 임시 계정으로 제한된 권한이 부여되었습니다.",
            "id": "sample_009_0074_000025",
            "annotations": [
                {
                    "word": "우승빈",
                    "start": 19,
                    "end": 22,
                    "label": "개인정보"
                },
                {
                    "word": "010-1212-3434",
                    "start": 28,
                    "end": 41,
                    "label": "개인정보"
                }
            ]
        },
        {
            "sentence": "서버 자격증명 저장소 경고: 비밀키 파일 /etc/ssl/private/billing.key의 파일 권한 및 접근 제어 재검토가 필요합니다.",
            "id": "sample_009_0074_000026",
            "annotations": [
                {
                    "word": "/etc/ssl/private/billing.key",
                    "start": 23,
                    "end": 51,
                    "label": "기밀정보"
                }
            ]
        },
        {
            "sentence": "로밍 데이터 사용 예시: 가입자 통화 010-9876-5432가 해외에서 2.45 GB를 사용하였으며 로밍 요금이 적용되었습니다.",
            "id": "sample_009_0074_000027",
            "annotations": [
                {
                    "word": "010-9876-5432",
                    "start": 21,
                    "end": 34,
                    "label": "개인정보"
                }
            ]
        },
        {
            "sentence": "법적 요청 처리 안내: 수사기관 요청 시 제공 가능한 로그 필드에는 MSISDN, CDR 타임스탬프, 통화 상대번호가 포함됩니다.",
            "id": "sample_009_0074_000028",
            "annotations": []
        },
        {
            "sentence": "네트워크 정책 문서 경로: 내부 정책 파일은 /docs/internal/network/policies/traffic-control.pdf에 보관되며 접근은 제한됩니다.",
            "id": "sample_009_0074_000029",
            "annotations": [
                {
                    "word": "/docs/internal/network/policies/traffic-control.pdf",
                    "start": 25,
                    "end": 76,
                    "label": "기밀정보"
                }
            ]
        },
        {
            "sentence": "결론 및 조치사항: 계정 권한 검토, 민감 데이터 암호화 적용, 내부 접속 로그 보관 기간 재정의 및 운영 절차 문서화 권고.",
            "id": "sample_009_0074_000030",
            "annotations": []
        }
    ]
}