{
    "document_id": "009_0059",
    "document_title": "CDR 기반 통신 과금 및 네트워크 로그 분석 보고서",
    "data": [
        {
            "sentence": "문서 개요: 본 보고서는 통신사 내부 과금 정합성 및 네트워크 로그의 기술적 분석을 목적으로 작성되었다.",
            "id": "sample_009_0059_000001",
            "annotations": []
        },
        {
            "sentence": "본 보고서는 CDR(통화 상세 기록)을 기반으로 2025-11-01부터 2025-11-30까지의 통화 및 데이터 사용량을 정밀 분석한다.",
            "id": "sample_009_0059_000002",
            "annotations": [
                {
                    "word": "2025-11-01",
                    "start": 27,
                    "end": 37,
                    "label": "준식별자"
                },
                {
                    "word": "2025-11-30",
                    "start": 40,
                    "end": 50,
                    "label": "준식별자"
                }
            ]
        },
        {
            "sentence": "범위는 가입자 계정의 통화내역, 데이터 세션 로그, 요금 청구서, 네트워크 장비 로그 및 보안 이벤트 내역을 포함한다.",
            "id": "sample_009_0059_000003",
            "annotations": []
        },
        {
            "sentence": "문서는 서론, 상세 본문(통화 내역서, 요금 청구서, 네트워크 로그), 결론 및 권고 조치로 구성된다.",
            "id": "sample_009_0059_000004",
            "annotations": []
        },
        {
            "sentence": "CDR 항목 예시: 가입자 양용진, 휴대폰 010-1234-5678, 통화 시작 2025-11-05 14:23:12, 지속 00:05:32, 피호출 010-8765-4321.",
            "id": "sample_009_0059_000005",
            "annotations": [
                {
                    "word": "양용진",
                    "start": 15,
                    "end": 18,
                    "label": "개인정보"
                },
                {
                    "word": "010-1234-5678",
                    "start": 24,
                    "end": 37,
                    "label": "개인정보"
                },
                {
                    "word": "2025-11-05",
                    "start": 45,
                    "end": 55,
                    "label": "준식별자"
                },
                {
                    "word": "010-8765-4321",
                    "start": 83,
                    "end": 96,
                    "label": "개인정보"
                }
            ]
        },
        {
            "sentence": "CDR 항목 예시: 가입자 류서주, 휴대폰 010-2345-6789, 통화 시작 2025-11-07 09:12:03, 지속 00:12:45, 목적지 02-345-6789, 가입지 주소 서울특별시 강남구 역삼동.",
            "id": "sample_009_0059_000006",
            "annotations": [
                {
                    "word": "류서주",
                    "start": 15,
                    "end": 18,
                    "label": "개인정보"
                },
                {
                    "word": "010-2345-6789",
                    "start": 24,
                    "end": 37,
                    "label": "개인정보"
                },
                {
                    "word": "2025-11-07",
                    "start": 45,
                    "end": 55,
                    "label": "준식별자"
                },
                {
                    "word": "02-345-6789",
                    "start": 83,
                    "end": 94,
                    "label": "개인정보"
                },
                {
                    "word": "서울특별시",
                    "start": 103,
                    "end": 108,
                    "label": "준식별자"
                },
                {
                    "word": "강남구",
                    "start": 109,
                    "end": 112,
                    "label": "준식별자"
                },
                {
                    "word": "역삼동",
                    "start": 113,
                    "end": 116,
                    "label": "준식별자"
                }
            ]
        },
        {
            "sentence": "데이터 세션 사례: 가입자 우동형, IMEI 356789012345678, 단말 010-3456-7890, 세션 시작 2025-11-10 20:05:00, 사용량 1.25 GB, APN internet.",
            "id": "sample_009_0059_000007",
            "annotations": [
                {
                    "word": "우동형",
                    "start": 15,
                    "end": 18,
                    "label": "개인정보"
                },
                {
                    "word": "356789012345678",
                    "start": 25,
                    "end": 40,
                    "label": "개인정보"
                },
                {
                    "word": "010-3456-7890",
                    "start": 45,
                    "end": 58,
                    "label": "개인정보"
                },
                {
                    "word": "2025-11-10",
                    "start": 66,
                    "end": 76,
                    "label": "준식별자"
                }
            ]
        },
        {
            "sentence": "요금 청구서 요약: 고객 심의재, 청구번호 INV-202511-0001, 청구금액 54,300원, 결제 계좌 110-123-456789.",
            "id": "sample_009_0059_000008",
            "annotations": [
                {
                    "word": "심의재",
                    "start": 14,
                    "end": 17,
                    "label": "개인정보"
                },
                {
                    "word": "110-123-456789",
                    "start": 61,
                    "end": 75,
                    "label": "기밀정보"
                }
            ]
        },
        {
            "sentence": "청구서 우편 발송 대상: 수신자 전희수, 수신 전화 010-5678-9012, 수신지 부산광역시 해운대구 좌동.",
            "id": "sample_009_0059_000009",
            "annotations": [
                {
                    "word": "전희수",
                    "start": 18,
                    "end": 21,
                    "label": "개인정보"
                },
                {
                    "word": "010-5678-9012",
                    "start": 29,
                    "end": 42,
                    "label": "개인정보"
                },
                {
                    "word": "부산광역시",
                    "start": 48,
                    "end": 53,
                    "label": "준식별자"
                },
                {
                    "word": "해운대구",
                    "start": 54,
                    "end": 58,
                    "label": "준식별자"
                },
                {
                    "word": "좌동",
                    "start": 59,
                    "end": 61,
                    "label": "준식별자"
                }
            ]
        },
        {
            "sentence": "결제 내역 확인: 계정 소유자 최하임, 결제일 2025-11-25, 결제수단 은행이체, 거래계좌 110-987-654321.",
            "id": "sample_009_0059_000010",
            "annotations": [
                {
                    "word": "최하임",
                    "start": 17,
                    "end": 20,
                    "label": "개인정보"
                },
                {
                    "word": "2025-11-25",
                    "start": 26,
                    "end": 36,
                    "label": "준식별자"
                },
                {
                    "word": "110-987-654321",
                    "start": 54,
                    "end": 68,
                    "label": "기밀정보"
                }
            ]
        },
        {
            "sentence": "네트워크 로그 샘플: 2025-11-12 03:14:22, src_ip 10.20.30.40, dst_ip 203.0.113.5, 프로토콜 TCP, 포트 443, 패킷 수 1245.",
            "id": "sample_009_0059_000011",
            "annotations": [
                {
                    "word": "2025-11-12",
                    "start": 12,
                    "end": 22,
                    "label": "준식별자"
                },
                {
                    "word": "10.20.30.40",
                    "start": 40,
                    "end": 51,
                    "label": "기밀정보"
                },
                {
                    "word": "203.0.113.5",
                    "start": 60,
                    "end": 71,
                    "label": "기밀정보"
                }
            ]
        },
        {
            "sentence": "내부 접속 계정: billing_admin@corp, SSH 접속 로그에 의해 계정 billing_admin이 10.20.30.40에 로그인함.",
            "id": "sample_009_0059_000012",
            "annotations": [
                {
                    "word": "billing_admin",
                    "start": 10,
                    "end": 23,
                    "label": "기밀정보"
                },
                {
                    "word": "billing_admin",
                    "start": 47,
                    "end": 60,
                    "label": "기밀정보"
                },
                {
                    "word": "10.20.30.40",
                    "start": 62,
                    "end": 73,
                    "label": "기밀정보"
                }
            ]
        },
        {
            "sentence": "파일 경로 및 비밀 키: 내부 키 파일 경로 /etc/billing/secret.key가 해당 장비에 존재함.",
            "id": "sample_009_0059_000013",
            "annotations": [
                {
                    "word": "/etc/billing/secret.key",
                    "start": 25,
                    "end": 48,
                    "label": "기밀정보"
                }
            ]
        },
        {
            "sentence": "VPN 및 내부 서비스: VPN 엔드포인트 vpn.corp.internal 및 내부 관리 포털 https://intra.corp.local은 내부 전용이다.",
            "id": "sample_009_0059_000014",
            "annotations": [
                {
                    "word": "vpn.corp.internal",
                    "start": 24,
                    "end": 41,
                    "label": "기밀정보"
                },
                {
                    "word": "https://intra.corp.local",
                    "start": 53,
                    "end": 77,
                    "label": "기밀정보"
                }
            ]
        },
        {
            "sentence": "보안 이벤트: 2025-11-18 21:45:10에 외부 IP 203.0.113.5가 IMSI 460012345678901로부터 과도한 시도를 탐지함.",
            "id": "sample_009_0059_000015",
            "annotations": [
                {
                    "word": "2025-11-18",
                    "start": 8,
                    "end": 18,
                    "label": "준식별자"
                },
                {
                    "word": "203.0.113.5",
                    "start": 35,
                    "end": 46,
                    "label": "기밀정보"
                },
                {
                    "word": "460012345678901",
                    "start": 53,
                    "end": 68,
                    "label": "개인정보"
                }
            ]
        },
        {
            "sentence": "트래픽 통계: BSC 및 MME에서 집계된 평균 처리량은 시간당 120 Mbps이며 패킷 손실률은 0.02%로 보고됨.",
            "id": "sample_009_0059_000016",
            "annotations": []
        },
        {
            "sentence": "요금제 상세: 요금제 '프리미엄플랜'의 월 제공 데이터는 5 GB이며 이번 청구 기간 사용량은 3.72 GB로 기록됨.",
            "id": "sample_009_0059_000017",
            "annotations": []
        },
        {
            "sentence": "문의 및 고객센터: 고객 유지오, 상담전화 1588-9000을 통해 과금 이의제기가 접수되었으며 관련 티켓은 #TCK-202511-042이다.",
            "id": "sample_009_0059_000018",
            "annotations": [
                {
                    "word": "유지오",
                    "start": 14,
                    "end": 17,
                    "label": "개인정보"
                }
            ]
        },
        {
            "sentence": "전송 로그: IMSI 460098765432109, MSISDN 010-6789-0123, 처리시간 00:00:42, 데이터 0.08 GB.",
            "id": "sample_009_0059_000019",
            "annotations": [
                {
                    "word": "460098765432109",
                    "start": 12,
                    "end": 27,
                    "label": "개인정보"
                },
                {
                    "word": "010-6789-0123",
                    "start": 36,
                    "end": 49,
                    "label": "개인정보"
                }
            ]
        },
        {
            "sentence": "네트워크 구성 첨부: 라우터 설정파일 /usr/local/etc/routing.conf 및 스위치 콘솔 접속 계정 admin_switch는 내부관리 전용으로 분류된다.",
            "id": "sample_009_0059_000020",
            "annotations": [
                {
                    "word": "/usr/local/etc/routing.conf",
                    "start": 21,
                    "end": 48,
                    "label": "기밀정보"
                },
                {
                    "word": "admin_switch",
                    "start": 64,
                    "end": 76,
                    "label": "기밀정보"
                }
            ]
        },
        {
            "sentence": "운영자 메모: 담당자 양용진이 청구 내역을 검토하였고 담당자 우율이가 최종 승인을 진행함.",
            "id": "sample_009_0059_000021",
            "annotations": [
                {
                    "word": "양용진",
                    "start": 12,
                    "end": 15,
                    "label": "개인정보"
                },
                {
                    "word": "우율이",
                    "start": 34,
                    "end": 37,
                    "label": "개인정보"
                }
            ]
        },
        {
            "sentence": "감사 로그: 접근자 기록에 '류서주' 계정으로 2025-11-20 11:22:33에 접속이 확인되었음.",
            "id": "sample_009_0059_000022",
            "annotations": [
                {
                    "word": "류서주",
                    "start": 16,
                    "end": 19,
                    "label": "개인정보"
                },
                {
                    "word": "2025-11-20",
                    "start": 26,
                    "end": 36,
                    "label": "준식별자"
                }
            ]
        },
        {
            "sentence": "테스트 알림: 하열음의 이메일 hay@example.net으로 알림이 발송되었음.",
            "id": "sample_009_0059_000023",
            "annotations": [
                {
                    "word": "하열음",
                    "start": 8,
                    "end": 11,
                    "label": "개인정보"
                },
                {
                    "word": "hay@example.net",
                    "start": 17,
                    "end": 32,
                    "label": "개인정보"
                }
            ]
        },
        {
            "sentence": "데이터 보전 정책: CDR 원본은 암호화되어 중앙 저장소로 이동하며 파일 경로 /mnt/archive/cdr/2025/11/은 접근 통제가 적용됨.",
            "id": "sample_009_0059_000024",
            "annotations": [
                {
                    "word": "/mnt/archive/cdr/2025/11/",
                    "start": 44,
                    "end": 69,
                    "label": "기밀정보"
                }
            ]
        },
        {
            "sentence": "네트워크 성능 알림: 특정 셀 ID 12345에서 피크 트래픽 발생으로 QoS 정책이 일시적으로 적용됨.",
            "id": "sample_009_0059_000025",
            "annotations": [
                {
                    "word": "12345",
                    "start": 20,
                    "end": 25,
                    "label": "기밀정보"
                }
            ]
        },
        {
            "sentence": "비상 연락처: 기술 담당자 우동형 010-3456-7890, 보안 담당 심서범 010-9012-3456로 지정됨.",
            "id": "sample_009_0059_000026",
            "annotations": [
                {
                    "word": "우동형",
                    "start": 15,
                    "end": 18,
                    "label": "개인정보"
                },
                {
                    "word": "010-3456-7890",
                    "start": 19,
                    "end": 32,
                    "label": "개인정보"
                },
                {
                    "word": "심서범",
                    "start": 40,
                    "end": 43,
                    "label": "개인정보"
                },
                {
                    "word": "010-9012-3456",
                    "start": 44,
                    "end": 57,
                    "label": "개인정보"
                }
            ]
        },
        {
            "sentence": "보고 결론: 본 문서는 과금 정합성 검토용이며 추가 보안 검토 후 계좌 정보와 내부 접속 로그는 별도 보관한다.",
            "id": "sample_009_0059_000027",
            "annotations": []
        },
        {
            "sentence": "액션 아이템: 내부 계정 비밀번호 교체, VPN 인증서 갱신, 및 청구 계좌(110-123-456789) 접근 권한 재검토를 권고함.",
            "id": "sample_009_0059_000028",
            "annotations": [
                {
                    "word": "110-123-456789",
                    "start": 43,
                    "end": 57,
                    "label": "기밀정보"
                }
            ]
        }
    ]
}