{
    "document_id": "009_0033",
    "document_title": "통신 과금 및 CDR 상세 보고서 (2025-03)",
    "data": [
        {
            "sentence": "문서 제목: 2025년 03월 CDR 및 과금 내역 보고서.",
            "id": "sample_009_0033_000001",
            "annotations": []
        },
        {
            "sentence": "본 문서는 통신 서비스 가입 정보와 트래픽 사용량, 과금 계산 근거를 포함한다.",
            "id": "sample_009_0033_000002",
            "annotations": []
        },
        {
            "sentence": "담당자 민윤승은 본 보고서의 기술 검토를 수행하였으며 로그 합계 확인을 담당했다.",
            "id": "sample_009_0033_000003",
            "annotations": [
                {
                    "word": "민윤승",
                    "start": 4,
                    "end": 7,
                    "label": "개인정보"
                }
            ]
        },
        {
            "sentence": "가입자 식별 예시로 MSISDN 010-1234-5678가 트래픽 소스 필드에 기록되어 있다.",
            "id": "sample_009_0033_000004",
            "annotations": [
                {
                    "word": "010-1234-5678",
                    "start": 18,
                    "end": 31,
                    "label": "개인정보"
                }
            ]
        },
        {
            "sentence": "동일 가입자의 IMSI 450012345678901 값은 관제 시스템에 의해 수집되었다.",
            "id": "sample_009_0033_000005",
            "annotations": [
                {
                    "word": "450012345678901",
                    "start": 13,
                    "end": 28,
                    "label": "개인정보"
                }
            ]
        },
        {
            "sentence": "장비 식별을 위해 IMEI 356789012345678가 호출 로그에 포함되었다.",
            "id": "sample_009_0033_000006",
            "annotations": [
                {
                    "word": "356789012345678",
                    "start": 15,
                    "end": 30,
                    "label": "개인정보"
                }
            ]
        },
        {
            "sentence": "가입자 유효성 검증을 위해 등록된 이메일 minys@example.com이 서브스크립션에 연동되었다.",
            "id": "sample_009_0033_000007",
            "annotations": [
                {
                    "word": "minys@example.com",
                    "start": 23,
                    "end": 40,
                    "label": "개인정보"
                }
            ]
        },
        {
            "sentence": "청구서의 과금 대상 계정번호는 337-01-1234567로 표기되어 있으며 결제처리 담당자는 유은규이다.",
            "id": "sample_009_0033_000008",
            "annotations": [
                {
                    "word": "337-01-1234567",
                    "start": 17,
                    "end": 31,
                    "label": "기밀정보"
                },
                {
                    "word": "유은규",
                    "start": 52,
                    "end": 55,
                    "label": "개인정보"
                }
            ]
        },
        {
            "sentence": "청구 기간은 2025-02-01부터 2025-02-28까지로 표기되어 있다.",
            "id": "sample_009_0033_000009",
            "annotations": []
        },
        {
            "sentence": "고객 생년월일(예시)은 1985-06-15로 가입 이력을 대조하였다.",
            "id": "sample_009_0033_000010",
            "annotations": [
                {
                    "word": "1985-06-15",
                    "start": 13,
                    "end": 23,
                    "label": "준식별자"
                }
            ]
        },
        {
            "sentence": "고객 주소는 서울특별시 강남구 역삼동으로 라우팅 기준에 사용되었다.",
            "id": "sample_009_0033_000011",
            "annotations": [
                {
                    "word": "서울특별시 강남구 역삼동",
                    "start": 7,
                    "end": 20,
                    "label": "준식별자"
                }
            ]
        },
        {
            "sentence": "네트워크 로그에 기록된 내부 서버 IP 10.10.5.12는 CDR 집계 서버로 사용되는 기밀 정보이다.",
            "id": "sample_009_0033_000012",
            "annotations": [
                {
                    "word": "10.10.5.12",
                    "start": 22,
                    "end": 32,
                    "label": "기밀정보"
                }
            ]
        },
        {
            "sentence": "내부 파일 경로 /var/logs/cdr/archive/2025/03/15/cdr_0033.log에는 원시 CDR이 보관되어 있다.",
            "id": "sample_009_0033_000013",
            "annotations": [
                {
                    "word": "/var/logs/cdr/archive/2025/03/15/cdr_0033.log",
                    "start": 9,
                    "end": 54,
                    "label": "기밀정보"
                }
            ]
        },
        {
            "sentence": "로그 예제에서 호출 시작 시간은 2025-02-15 14:23:05로 기록되며 콜 지속시간은 00:03:42이다.",
            "id": "sample_009_0033_000014",
            "annotations": []
        },
        {
            "sentence": "과금 단위는 초당 과금이며 데이터 전송량은 1.25GB로 청구 산정에 반영되었다.",
            "id": "sample_009_0033_000015",
            "annotations": []
        },
        {
            "sentence": "발신자 ID는 010-9876-5432로 표기되었고 피발신자 ID는 010-5555-0000으로 기록되었다.",
            "id": "sample_009_0033_000016",
            "annotations": [
                {
                    "word": "010-9876-5432",
                    "start": 8,
                    "end": 21,
                    "label": "개인정보"
                },
                {
                    "word": "010-5555-0000",
                    "start": 38,
                    "end": 51,
                    "label": "개인정보"
                }
            ]
        },
        {
            "sentence": "네트워크 정책 변경은 서태현 팀장이 승인했으며 변경 요청 번호는 CHG-202502-88이다.",
            "id": "sample_009_0033_000017",
            "annotations": [
                {
                    "word": "서태현",
                    "start": 12,
                    "end": 15,
                    "label": "개인정보"
                }
            ]
        },
        {
            "sentence": "감사 로그에는 VPN 접속 URL vpn.corp.internal 및 내부 포트 8443이 포함되어 있다.",
            "id": "sample_009_0033_000018",
            "annotations": [
                {
                    "word": "vpn.corp.internal",
                    "start": 19,
                    "end": 36,
                    "label": "기밀정보"
                }
            ]
        },
        {
            "sentence": "발신자 주민등록번호(예시)는 900101-1234567로 익명화 이전 샘플로 남아있다.",
            "id": "sample_009_0033_000019",
            "annotations": [
                {
                    "word": "900101-1234567",
                    "start": 16,
                    "end": 30,
                    "label": "개인정보"
                }
            ]
        },
        {
            "sentence": "고객 과금 등급은 '프리미엄'으로 분류되어 월정액 55,000원이 책정되었다.",
            "id": "sample_009_0033_000020",
            "annotations": []
        },
        {
            "sentence": "네트워크 장애 추적을 위해 트레이스 ID SUBS-00098765가 로그에 부여되었다.",
            "id": "sample_009_0033_000021",
            "annotations": [
                {
                    "word": "SUBS-00098765",
                    "start": 23,
                    "end": 36,
                    "label": "기밀정보"
                }
            ]
        },
        {
            "sentence": "통화 품질 지표는 MOS 4.2로 집계되었고 패킷 손실률은 0.02%로 나타났다.",
            "id": "sample_009_0033_000022",
            "annotations": []
        },
        {
            "sentence": "로그 수집시 담당 엔지니어 차소영이 인증 토큰 t0k3n-ABCD-1234를 사용하여 접근을 완료하였다.",
            "id": "sample_009_0033_000023",
            "annotations": [
                {
                    "word": "차소영",
                    "start": 15,
                    "end": 18,
                    "label": "개인정보"
                },
                {
                    "word": "t0k3n-ABCD-1234",
                    "start": 26,
                    "end": 41,
                    "label": "기밀정보"
                }
            ]
        },
        {
            "sentence": "테스트용 임시 계정 이메일 yeun@example.co.kr이 샌드박스 계정으로 등록되어 있다.",
            "id": "sample_009_0033_000024",
            "annotations": [
                {
                    "word": "yeun@example.co.kr",
                    "start": 15,
                    "end": 33,
                    "label": "개인정보"
                }
            ]
        },
        {
            "sentence": "과금 청구 파일 cdr_bill_202502.csv는 /mnt/billing/inbound/ 디렉터리에 업로드되었다.",
            "id": "sample_009_0033_000025",
            "annotations": [
                {
                    "word": "cdr_bill_202502.csv",
                    "start": 9,
                    "end": 28,
                    "label": "기밀정보"
                },
                {
                    "word": "/mnt/billing/inbound/",
                    "start": 30,
                    "end": 51,
                    "label": "기밀정보"
                }
            ]
        },
        {
            "sentence": "가입자 식별자 SUBSCR-20250233은 내부 시스템 인덱스로 사용되며 외부 공개 대상이 아니다.",
            "id": "sample_009_0033_000026",
            "annotations": [
                {
                    "word": "SUBSCR-20250233",
                    "start": 8,
                    "end": 23,
                    "label": "기밀정보"
                }
            ]
        },
        {
            "sentence": "담당자 연락처로 등록된 번호 010-3333-2222는 긴급 연락용으로 분류되어 있다.",
            "id": "sample_009_0033_000027",
            "annotations": [
                {
                    "word": "010-3333-2222",
                    "start": 16,
                    "end": 29,
                    "label": "개인정보"
                }
            ]
        },
        {
            "sentence": "보고서 결론: 개인정보 및 기밀정보는 별도 접근 통제 하에 보관하고 로그 보존 정책을 90일로 적용할 것을 권고한다.",
            "id": "sample_009_0033_000028",
            "annotations": []
        }
    ]
}