{
    "document_id": "009_0057",
    "document_title": "월간 CDR 및 네트워크 로그 통합 보고서 (2025년 11월)",
    "data": [
        {
            "sentence": "문서 개요: 본 보고서는 통신사 과금 시스템의 CDR(Call Detail Record), 요금 청구서 요약 및 네트워크 로그를 통합하여 기술적 분석과 운영 권고를 제공한다.",
            "id": "sample_009_0057_000001",
            "annotations": []
        },
        {
            "sentence": "목적: 과금 이상 징후 탐지, 네트워크 장애 원인 규명 및 보안 감사 자료 제공을 위해 기술적 로그와 청구 데이터를 검증한다.",
            "id": "sample_009_0057_000002",
            "annotations": []
        },
        {
            "sentence": "보고 기간: 2025년 11월 01일부터 2025년 11월 30일까지의 CDR 및 네트워크 세션 로그를 대상로 수집하였다.",
            "id": "sample_009_0057_000003",
            "annotations": []
        },
        {
            "sentence": "가입자 예시 레코드: 황승후, 전화번호 010-3456-7890, 생년월일 1990-05-12, 이메일 seunghu.h@example.com이 샘플로 포함되어 있다.",
            "id": "sample_009_0057_000004",
            "annotations": [
                {
                    "word": "황승후",
                    "start": 12,
                    "end": 15,
                    "label": "개인정보"
                },
                {
                    "word": "010-3456-7890",
                    "start": 22,
                    "end": 35,
                    "label": "개인정보"
                },
                {
                    "word": "1990-05-12",
                    "start": 42,
                    "end": 52,
                    "label": "준식별자"
                },
                {
                    "word": "seunghu.h@example.com",
                    "start": 58,
                    "end": 79,
                    "label": "개인정보"
                }
            ]
        },
        {
            "sentence": "가입자 레코드 예시 2: 윤보정, 전화번호 010-1111-2222, 주민등록번호 900512-1234567, 주소 서울특별시 강남구 역삼동 123-45로 상세 주소가 기재되어 있다.",
            "id": "sample_009_0057_000005",
            "annotations": [
                {
                    "word": "윤보정",
                    "start": 14,
                    "end": 17,
                    "label": "개인정보"
                },
                {
                    "word": "010-1111-2222",
                    "start": 24,
                    "end": 37,
                    "label": "개인정보"
                },
                {
                    "word": "900512-1234567",
                    "start": 46,
                    "end": 60,
                    "label": "개인정보"
                },
                {
                    "word": "서울특별시 강남구 역삼동 123-45",
                    "start": 65,
                    "end": 85,
                    "label": "개인정보"
                }
            ]
        },
        {
            "sentence": "예시 통화 기록: 구동근(가입자) 발신 010-2222-3333, 착신 010-2222-4444, 시작 2025-11-12 09:23:45, 종료 2025-11-12 09:31:10, 통화종류 음성, 트래픽 0.012GB.",
            "id": "sample_009_0057_000006",
            "annotations": [
                {
                    "word": "구동근",
                    "start": 10,
                    "end": 13,
                    "label": "개인정보"
                },
                {
                    "word": "010-2222-3333",
                    "start": 22,
                    "end": 35,
                    "label": "개인정보"
                },
                {
                    "word": "010-2222-4444",
                    "start": 40,
                    "end": 53,
                    "label": "개인정보"
                },
                {
                    "word": "2025-11-12 09:23:45",
                    "start": 58,
                    "end": 77,
                    "label": "준식별자"
                },
                {
                    "word": "2025-11-12 09:31:10",
                    "start": 82,
                    "end": 101,
                    "label": "준식별자"
                }
            ]
        },
        {
            "sentence": "통화 식별자 필드: Call-ID는 CID-20251112-0001-ABCD 형식으로 수집되며 라우팅 및 과금 연동에 사용된다.",
            "id": "sample_009_0057_000007",
            "annotations": []
        },
        {
            "sentence": "세부 CDR 필드 샘플: IMSI 450012345678901, MSISDN 010-3333-4444, IMEI 356789012345678, MCC 450, MNC 05로 기지국 및 단말 매핑 정보를 포함한다.",
            "id": "sample_009_0057_000008",
            "annotations": [
                {
                    "word": "010-3333-4444",
                    "start": 43,
                    "end": 56,
                    "label": "개인정보"
                }
            ]
        },
        {
            "sentence": "네트워크 로그 예시: NAT 게이트웨이 외부 IP 203.245.113.12에서 10.128.5.23(내부 SBC)로 2025-11-12 09:23:40에 RTP 세션이 설정되었다.",
            "id": "sample_009_0057_000009",
            "annotations": [
                {
                    "word": "203.245.113.12",
                    "start": 28,
                    "end": 42,
                    "label": "기밀정보"
                },
                {
                    "word": "10.128.5.23",
                    "start": 45,
                    "end": 56,
                    "label": "기밀정보"
                },
                {
                    "word": "2025-11-12 09:23:40",
                    "start": 66,
                    "end": 85,
                    "label": "준식별자"
                }
            ]
        },
        {
            "sentence": "SIP 트랜잭션 로그: From: <sip:010-3333-4444@ims.example.net>; To: <sip:010-2222-3333@ims.example.net>; Via: 203.245.113.12; Call-ID 포함.",
            "id": "sample_009_0057_000010",
            "annotations": [
                {
                    "word": "010-3333-4444",
                    "start": 24,
                    "end": 37,
                    "label": "개인정보"
                },
                {
                    "word": "010-2222-3333",
                    "start": 65,
                    "end": 78,
                    "label": "개인정보"
                },
                {
                    "word": "203.245.113.12",
                    "start": 102,
                    "end": 116,
                    "label": "기밀정보"
                }
            ]
        },
        {
            "sentence": "요금 청구서 요약: 고객명 조석찬, 청구기간 2025-11-01 ~ 2025-11-30, 청구금액 123,450원, 납부계좌 101-234567-89(우리은행)로 집계되었다.",
            "id": "sample_009_0057_000011",
            "annotations": [
                {
                    "word": "조석찬",
                    "start": 15,
                    "end": 18,
                    "label": "개인정보"
                },
                {
                    "word": "2025-11-01",
                    "start": 25,
                    "end": 35,
                    "label": "준식별자"
                },
                {
                    "word": "2025-11-30",
                    "start": 38,
                    "end": 48,
                    "label": "준식별자"
                },
                {
                    "word": "101-234567-89",
                    "start": 70,
                    "end": 83,
                    "label": "기밀정보"
                }
            ]
        },
        {
            "sentence": "상세 요금 항목: 기본료 10,000원, 통화료 45,000원, 데이터 초과 68,450원, 월간 데이터 사용량 12.34GB가 청구 항목으로 포함된다.",
            "id": "sample_009_0057_000012",
            "annotations": []
        },
        {
            "sentence": "데이터 세션 로그 예시: 세션ID SESS-20251112-0001, APN internet, 사용량 1.24GB, 시작 2025-11-12 08:15:00, 종료 2025-11-12 09:15:30, 단말 MSISDN 010-3456-7890.",
            "id": "sample_009_0057_000013",
            "annotations": [
                {
                    "word": "2025-11-12 08:15:00",
                    "start": 68,
                    "end": 87,
                    "label": "준식별자"
                },
                {
                    "word": "2025-11-12 09:15:30",
                    "start": 92,
                    "end": 111,
                    "label": "준식별자"
                },
                {
                    "word": "010-3456-7890",
                    "start": 123,
                    "end": 136,
                    "label": "개인정보"
                }
            ]
        },
        {
            "sentence": "트래픽 요약: 기간 중 총 전송량은 512.4GB이며 평균 동시 접속은 3,450세션으로 기록되었다.",
            "id": "sample_009_0057_000014",
            "annotations": []
        },
        {
            "sentence": "장비 구성 요약: SBC 호스트명 sbc-kr-1, 내부관리 IP 10.0.5.21, SSH 포트 22로 운영 중이며 접근 로그가 중앙 수집된다.",
            "id": "sample_009_0057_000015",
            "annotations": [
                {
                    "word": "10.0.5.21",
                    "start": 37,
                    "end": 46,
                    "label": "기밀정보"
                },
                {
                    "word": "sbc-kr-1",
                    "start": 19,
                    "end": 27,
                    "label": "기밀정보"
                }
            ]
        },
        {
            "sentence": "보안 알림: 관리자 계정 안종윤은 2025-11-12 09:00에 긴급 패치 승인 조치를 수행하였다.",
            "id": "sample_009_0057_000016",
            "annotations": [
                {
                    "word": "안종윤",
                    "start": 14,
                    "end": 17,
                    "label": "개인정보"
                },
                {
                    "word": "2025-11-12 09:00",
                    "start": 19,
                    "end": 35,
                    "label": "준식별자"
                }
            ]
        },
        {
            "sentence": "감사 로그 발췌: 로그인 실패 5회 이후 계정 lock 처리 기록과 로그 파일 위치 /var/log/ims/auth.log가 확인되었으며 내부참여자 천리하와 IP 10.0.5.21이 연관된다.",
            "id": "sample_009_0057_000017",
            "annotations": [
                {
                    "word": "/var/log/ims/auth.log",
                    "start": 47,
                    "end": 68,
                    "label": "기밀정보"
                },
                {
                    "word": "천리하",
                    "start": 83,
                    "end": 86,
                    "label": "개인정보"
                },
                {
                    "word": "10.0.5.21",
                    "start": 91,
                    "end": 100,
                    "label": "기밀정보"
                }
            ]
        },
        {
            "sentence": "고객 서비스 코멘트 예시: 고객 오종찬, 이메일 o.jc@example.net, 요청사항은 통화품질 조사 및 요금 재검토 요청이다.",
            "id": "sample_009_0057_000018",
            "annotations": [
                {
                    "word": "오종찬",
                    "start": 18,
                    "end": 21,
                    "label": "개인정보"
                },
                {
                    "word": "o.jc@example.net",
                    "start": 27,
                    "end": 43,
                    "label": "개인정보"
                }
            ]
        },
        {
            "sentence": "운영 지침 발췌: VPN 접속 주소 vpn.corp.example.local 및 프라이빗 키 위치 /etc/vpn/keys/priv.key는 내부 보안 자료로 관리된다.",
            "id": "sample_009_0057_000019",
            "annotations": [
                {
                    "word": "vpn.corp.example.local",
                    "start": 20,
                    "end": 42,
                    "label": "기밀정보"
                },
                {
                    "word": "/etc/vpn/keys/priv.key",
                    "start": 55,
                    "end": 77,
                    "label": "기밀정보"
                }
            ]
        },
        {
            "sentence": "과금 조정 로그: 환불 10,000원 처리 대상 고객 구우영, 전화번호 010-6666-7777, 처리일 2025-11-20으로 기록되었다.",
            "id": "sample_009_0057_000020",
            "annotations": [
                {
                    "word": "구우영",
                    "start": 30,
                    "end": 33,
                    "label": "개인정보"
                },
                {
                    "word": "010-6666-7777",
                    "start": 40,
                    "end": 53,
                    "label": "개인정보"
                },
                {
                    "word": "2025-11-20",
                    "start": 59,
                    "end": 69,
                    "label": "준식별자"
                }
            ]
        },
        {
            "sentence": "테스트 계좌 정보(내부용): 계좌번호 201-987654-00(국민은행)에 대한 내부 결제 테스트가 서한신 담당으로 수행되었다.",
            "id": "sample_009_0057_000021",
            "annotations": [
                {
                    "word": "201-987654-00",
                    "start": 21,
                    "end": 34,
                    "label": "기밀정보"
                },
                {
                    "word": "서한신",
                    "start": 56,
                    "end": 59,
                    "label": "개인정보"
                }
            ]
        },
        {
            "sentence": "네트워크 성능 지표: 분석 결과 RTT 평균 45ms, 패킷 손실률 0.12%로 측정되어 통화 품질 영향은 경미한 것으로 판단된다.",
            "id": "sample_009_0057_000022",
            "annotations": []
        },
        {
            "sentence": "권장 조치: 1) SBC NAT 세션 타임아웃을 180초로 조정, 2) 내부관리 IP 접근 제어 강화, 3) 고객 개인정보 암호화 적용을 권고한다.",
            "id": "sample_009_0057_000023",
            "annotations": []
        },
        {
            "sentence": "결론: 본 월간 리포트는 과금 이상 징후 3건과 네트워크 비정상 연결 2건을 포함하며 상세 분석 및 고객 통지가 필요하다.",
            "id": "sample_009_0057_000024",
            "annotations": []
        },
        {
            "sentence": "액션 아이템: 보안팀(담당 안혜리) 조사 착수, 고객 통지(해당 고객에게 개별 연락 예정), 다음보고서 제출 기한 2025-12-07로 설정한다.",
            "id": "sample_009_0057_000025",
            "annotations": [
                {
                    "word": "안혜리",
                    "start": 15,
                    "end": 18,
                    "label": "개인정보"
                },
                {
                    "word": "2025-12-07",
                    "start": 64,
                    "end": 74,
                    "label": "준식별자"
                }
            ]
        }
    ]
}