{
    "document_id": "009_0052",
    "document_title": "통신과금(CDR) 및 네트워크 로그 통합 분석 보고서",
    "data": [
        {
            "sentence": "목적: 본 문서는 통신 서비스 가입 및 사용량(CDR) 기반으로 과금 및 네트워크 로그를 종합 분석하기 위해 작성되었다.",
            "id": "sample_009_0052_000001",
            "annotations": []
        },
        {
            "sentence": "요약: 본 보고서는 통화 내역서, 요금 청구서, 및 네트워크 레벨 로그를 포함하며 과금 정확성 및 이상 패턴 탐지를 목적으로 한다.",
            "id": "sample_009_0052_000002",
            "annotations": []
        },
        {
            "sentence": "검토 대상 기간은 2024년 03월 01일부터 2024년 03월 31일까지이다.",
            "id": "sample_009_0052_000003",
            "annotations": [
                {
                    "word": "2024",
                    "start": 10,
                    "end": 14,
                    "label": "준식별자"
                },
                {
                    "word": "2024",
                    "start": 26,
                    "end": 30,
                    "label": "준식별자"
                },
                {
                    "word": "03",
                    "start": 16,
                    "end": 18,
                    "label": "준식별자"
                },
                {
                    "word": "03",
                    "start": 32,
                    "end": 34,
                    "label": "준식별자"
                },
                {
                    "word": "01",
                    "start": 20,
                    "end": 22,
                    "label": "준식별자"
                },
                {
                    "word": "31",
                    "start": 36,
                    "end": 38,
                    "label": "준식별자"
                }
            ]
        },
        {
            "sentence": "데이터 단위는 GB로 표기하며, 트래픽 수치는 소수점 둘째 자리까지 반올림한다.",
            "id": "sample_009_0052_000004",
            "annotations": []
        },
        {
            "sentence": "통화 내역서 샘플: 고객명 문무영, 가입번호 010-9123-4567, 청구계정 ID: ACC-20240315-0001.",
            "id": "sample_009_0052_000005",
            "annotations": [
                {
                    "word": "문무영",
                    "start": 15,
                    "end": 18,
                    "label": "개인정보"
                },
                {
                    "word": "010-9123-4567",
                    "start": 25,
                    "end": 38,
                    "label": "개인정보"
                },
                {
                    "word": "ACC-20240315-0001",
                    "start": 49,
                    "end": 66,
                    "label": "기밀정보"
                }
            ]
        },
        {
            "sentence": "해당 호출의 발신일시는 2024년 03월 15일 14시 22분 10초이며, 발신일자 세부는 [2024][03][15]로 기록된다.",
            "id": "sample_009_0052_000006",
            "annotations": [
                {
                    "word": "2024",
                    "start": 13,
                    "end": 17,
                    "label": "준식별자"
                },
                {
                    "word": "2024",
                    "start": 52,
                    "end": 56,
                    "label": "준식별자"
                },
                {
                    "word": "03",
                    "start": 19,
                    "end": 21,
                    "label": "준식별자"
                },
                {
                    "word": "03",
                    "start": 58,
                    "end": 60,
                    "label": "준식별자"
                },
                {
                    "word": "15",
                    "start": 23,
                    "end": 25,
                    "label": "준식별자"
                },
                {
                    "word": "15",
                    "start": 62,
                    "end": 64,
                    "label": "준식별자"
                }
            ]
        },
        {
            "sentence": "수신번호는 02-345-6789로 표기되었고, 통화 지속시간은 00:12:43(분:초)으로 기록되었다.",
            "id": "sample_009_0052_000007",
            "annotations": [
                {
                    "word": "02-345-6789",
                    "start": 6,
                    "end": 17,
                    "label": "개인정보"
                }
            ]
        },
        {
            "sentence": "데이터 사용량은 1.24GB이며, 패킷 기반 로그에서는 업로드 120MB와 다운로드 1.12GB가 집계되었다.",
            "id": "sample_009_0052_000008",
            "annotations": []
        },
        {
            "sentence": "가입자 정보 샘플 2: 고객명 나석기, 휴대폰 010-3344-5566, 이메일 nski@example.net, 생년월일 1987년 05월 12일, 성별 남성.",
            "id": "sample_009_0052_000009",
            "annotations": [
                {
                    "word": "나석기",
                    "start": 17,
                    "end": 20,
                    "label": "개인정보"
                },
                {
                    "word": "010-3344-5566",
                    "start": 26,
                    "end": 39,
                    "label": "개인정보"
                },
                {
                    "word": "nski@example.net",
                    "start": 45,
                    "end": 61,
                    "label": "개인정보"
                },
                {
                    "word": "1987",
                    "start": 68,
                    "end": 72,
                    "label": "준식별자"
                },
                {
                    "word": "05",
                    "start": 74,
                    "end": 76,
                    "label": "준식별자"
                },
                {
                    "word": "12",
                    "start": 78,
                    "end": 80,
                    "label": "준식별자"
                },
                {
                    "word": "남성",
                    "start": 86,
                    "end": 88,
                    "label": "준식별자"
                }
            ]
        },
        {
            "sentence": "주소 정보는 서울특별시 강남구 역삼동 123-45 호에 등록되어 있으며, 상세 주소는 내부 DB에 보관된다.",
            "id": "sample_009_0052_000010",
            "annotations": [
                {
                    "word": "서울특별시 강남구 역삼동 123-45 호",
                    "start": 7,
                    "end": 29,
                    "label": "개인정보"
                },
                {
                    "word": "서울특별시",
                    "start": 7,
                    "end": 12,
                    "label": "준식별자"
                },
                {
                    "word": "강남구",
                    "start": 13,
                    "end": 16,
                    "label": "준식별자"
                },
                {
                    "word": "역삼동",
                    "start": 17,
                    "end": 20,
                    "label": "준식별자"
                }
            ]
        },
        {
            "sentence": "요금 청구서 예시: 총 청구 금액 45,600원, 과금 대상 기간 2024년 03월 청구 사이클, 납부기한 2024년 04월 10일.",
            "id": "sample_009_0052_000011",
            "annotations": [
                {
                    "word": "2024",
                    "start": 37,
                    "end": 41,
                    "label": "준식별자"
                },
                {
                    "word": "2024",
                    "start": 60,
                    "end": 64,
                    "label": "준식별자"
                },
                {
                    "word": "03",
                    "start": 43,
                    "end": 45,
                    "label": "준식별자"
                },
                {
                    "word": "04",
                    "start": 66,
                    "end": 68,
                    "label": "준식별자"
                },
                {
                    "word": "10",
                    "start": 70,
                    "end": 72,
                    "label": "준식별자"
                }
            ]
        },
        {
            "sentence": "청구서 담당자: 허창민 과장(내부 담당), 연락처 010-7788-9900, 내부 결재선에 등록됨.",
            "id": "sample_009_0052_000012",
            "annotations": [
                {
                    "word": "허창민",
                    "start": 9,
                    "end": 12,
                    "label": "개인정보"
                },
                {
                    "word": "010-7788-9900",
                    "start": 28,
                    "end": 41,
                    "label": "개인정보"
                }
            ]
        },
        {
            "sentence": "네트워크 로그 예시: MME 로그에서 관찰된 이벤트는 TAU 업데이트와 세션 종료 메시지였다.",
            "id": "sample_009_0052_000013",
            "annotations": []
        },
        {
            "sentence": "네트워크 장비 식별자: eNodeB ID 55012, MME ID mme-01, SGSN ID sgsn-prd-02.",
            "id": "sample_009_0052_000014",
            "annotations": [
                {
                    "word": "eNodeB ID 55012",
                    "start": 13,
                    "end": 28,
                    "label": "기밀정보"
                },
                {
                    "word": "MME ID mme-01",
                    "start": 30,
                    "end": 43,
                    "label": "기밀정보"
                },
                {
                    "word": "SGSN ID sgsn-prd-02",
                    "start": 45,
                    "end": 64,
                    "label": "기밀정보"
                }
            ]
        },
        {
            "sentence": "내부 시스템 접속 계정은 svc_billing_admin으로 표기되어 있으며, 해당 계정은 최소 권한 원칙으로 운영된다.",
            "id": "sample_009_0052_000015",
            "annotations": [
                {
                    "word": "svc_billing_admin",
                    "start": 14,
                    "end": 31,
                    "label": "기밀정보"
                }
            ]
        },
        {
            "sentence": "관리 서버 IP는 10.240.12.5, 로그 수집 서버 IP는 10.240.12.9로 내부망에 배치되어 있다.",
            "id": "sample_009_0052_000016",
            "annotations": [
                {
                    "word": "10.240.12.5",
                    "start": 10,
                    "end": 21,
                    "label": "기밀정보"
                },
                {
                    "word": "10.240.12.9",
                    "start": 36,
                    "end": 47,
                    "label": "기밀정보"
                }
            ]
        },
        {
            "sentence": "파일 경로 예시: /opt/billing/config/secret.conf 파일에서 민감 매핑 테이블을 참조한다.",
            "id": "sample_009_0052_000017",
            "annotations": [
                {
                    "word": "/opt/billing/config/secret.conf",
                    "start": 10,
                    "end": 41,
                    "label": "기밀정보"
                }
            ]
        },
        {
            "sentence": "VPN 접속 주소: vpn.corp.internal.example.com은 내부 직원 전용이며 외부 접근은 차단된다.",
            "id": "sample_009_0052_000018",
            "annotations": [
                {
                    "word": "vpn.corp.internal.example.com",
                    "start": 11,
                    "end": 40,
                    "label": "기밀정보"
                }
            ]
        },
        {
            "sentence": "보안 절차 상, 휴대기기 IMEI 및 IMSI는 별도 암호화 저장되며 본 문서에는 마스킹 데이터만 수록된다.",
            "id": "sample_009_0052_000019",
            "annotations": []
        },
        {
            "sentence": "과금 정확성 검증을 위해 통화 RTT, 셀 ID, 기지국 측역 추적 로그를 교차 검증하였다.",
            "id": "sample_009_0052_000020",
            "annotations": []
        },
        {
            "sentence": "문제 사례: 가입자 구승아의 통화 중 과금 오류가 보고되어, 로그에서 세션 재접속 3회가 확인되었다.",
            "id": "sample_009_0052_000021",
            "annotations": [
                {
                    "word": "구승아",
                    "start": 11,
                    "end": 14,
                    "label": "개인정보"
                }
            ]
        },
        {
            "sentence": "해당 사례 로그에서 관련 IMSI는 마스킹되었으나 내부 로그 참조 시 식별 가능했다.",
            "id": "sample_009_0052_000022",
            "annotations": []
        },
        {
            "sentence": "긴급 조치: 문제 확인 담당자는 권하랑이며, 2024년 03월 16일에 임시 패치를 적용했다.",
            "id": "sample_009_0052_000023",
            "annotations": [
                {
                    "word": "권하랑",
                    "start": 18,
                    "end": 21,
                    "label": "개인정보"
                },
                {
                    "word": "2024",
                    "start": 25,
                    "end": 29,
                    "label": "준식별자"
                },
                {
                    "word": "03",
                    "start": 31,
                    "end": 33,
                    "label": "준식별자"
                },
                {
                    "word": "16",
                    "start": 35,
                    "end": 37,
                    "label": "준식별자"
                }
            ]
        },
        {
            "sentence": "패치 적용 서버는 'billing-app-02'이며, 롤백을 위해 백업 파일 /var/backups/billing-20240316.tar.gz를 생성하였다.",
            "id": "sample_009_0052_000024",
            "annotations": [
                {
                    "word": "billing-app-02",
                    "start": 11,
                    "end": 25,
                    "label": "기밀정보"
                },
                {
                    "word": "/var/backups/billing-20240316.tar.gz",
                    "start": 43,
                    "end": 79,
                    "label": "기밀정보"
                }
            ]
        },
        {
            "sentence": "청구 환불 요청자: 고객 휴대폰 010-4455-6677, 요청 사유는 중복 과금으로 확인되었다.",
            "id": "sample_009_0052_000025",
            "annotations": [
                {
                    "word": "010-4455-6677",
                    "start": 18,
                    "end": 31,
                    "label": "개인정보"
                }
            ]
        },
        {
            "sentence": "민감 정보 접근 로그: 담당자 공건아가 2024년 03월 20일 09시 12분에 'secret.conf'에 접근한 기록이 있다.",
            "id": "sample_009_0052_000026",
            "annotations": [
                {
                    "word": "공건아",
                    "start": 17,
                    "end": 20,
                    "label": "개인정보"
                },
                {
                    "word": "2024",
                    "start": 22,
                    "end": 26,
                    "label": "준식별자"
                },
                {
                    "word": "03",
                    "start": 28,
                    "end": 30,
                    "label": "준식별자"
                },
                {
                    "word": "20",
                    "start": 22,
                    "end": 24,
                    "label": "준식별자"
                },
                {
                    "word": "20",
                    "start": 32,
                    "end": 34,
                    "label": "준식별자"
                },
                {
                    "word": "secret.conf",
                    "start": 46,
                    "end": 57,
                    "label": "기밀정보"
                }
            ]
        },
        {
            "sentence": "감사 결과 요약: 총 3건의 과금 오류가 식별되었고, 시스템 설정값 중 하나가 오탐지로 판명되었다.",
            "id": "sample_009_0052_000027",
            "annotations": []
        },
        {
            "sentence": "권고사항: 개인정보 보호를 위해 상세 주소와 이메일, 휴대폰 번호는 데이터베이스 내 가명처리 및 접근 통제를 강화할 것을 권고한다.",
            "id": "sample_009_0052_000028",
            "annotations": []
        }
    ]
}