{
    "document_id": "009_0015",
    "document_title": "통신 과금 및 네트워크 로그 통합 보고서",
    "data": [
        {
            "sentence": "문서 제목: 통신 CDR 및 네트워크 로그 종합 보고서.",
            "id": "sample_009_0015_000001",
            "annotations": []
        },
        {
            "sentence": "작성자: 서태규, 소속: 네트워크운영팀.",
            "id": "sample_009_0015_000002",
            "annotations": [
                {
                    "word": "서태규",
                    "start": 5,
                    "end": 8,
                    "label": "개인정보"
                }
            ]
        },
        {
            "sentence": "보고 대상 기간은 2025년 11월 01일부터 2025년 11월 30일까지입니다.",
            "id": "sample_009_0015_000003",
            "annotations": [
                {
                    "word": "2025",
                    "start": 10,
                    "end": 14,
                    "label": "준식별자"
                },
                {
                    "word": "2025",
                    "start": 26,
                    "end": 30,
                    "label": "준식별자"
                },
                {
                    "word": "11",
                    "start": 16,
                    "end": 18,
                    "label": "준식별자"
                },
                {
                    "word": "11",
                    "start": 32,
                    "end": 34,
                    "label": "준식별자"
                },
                {
                    "word": "01",
                    "start": 20,
                    "end": 22,
                    "label": "준식별자"
                },
                {
                    "word": "30",
                    "start": 36,
                    "end": 38,
                    "label": "준식별자"
                }
            ]
        },
        {
            "sentence": "요약: 총 발신 통화수 4,512건, 총 수신 통화수 4,389건, 총 데이터 사용량 128.75GB가 기록되었습니다.",
            "id": "sample_009_0015_000004",
            "annotations": []
        },
        {
            "sentence": "주요 가입자 샘플: 배희준(사번: 20210023), 연락처 010-2345-6789, 이메일 bheejun@telcorp.co.kr, 가입 주소 서울특별시, 강남구, 역삼동.",
            "id": "sample_009_0015_000005",
            "annotations": [
                {
                    "word": "배희준",
                    "start": 11,
                    "end": 14,
                    "label": "개인정보"
                },
                {
                    "word": "20210023",
                    "start": 19,
                    "end": 27,
                    "label": "개인정보"
                },
                {
                    "word": "010-2345-6789",
                    "start": 34,
                    "end": 47,
                    "label": "개인정보"
                },
                {
                    "word": "bheejun@telcorp.co.kr",
                    "start": 53,
                    "end": 74,
                    "label": "개인정보"
                },
                {
                    "word": "서울특별시",
                    "start": 82,
                    "end": 87,
                    "label": "준식별자"
                },
                {
                    "word": "강남구",
                    "start": 89,
                    "end": 92,
                    "label": "준식별자"
                },
                {
                    "word": "역삼동",
                    "start": 94,
                    "end": 97,
                    "label": "준식별자"
                }
            ]
        },
        {
            "sentence": "해당 가입자는 남성, 생년: 1988, 생월: 05, 생일: 14로 등록되어 있습니다.",
            "id": "sample_009_0015_000006",
            "annotations": [
                {
                    "word": "남성",
                    "start": 8,
                    "end": 10,
                    "label": "준식별자"
                },
                {
                    "word": "1988",
                    "start": 16,
                    "end": 20,
                    "label": "준식별자"
                },
                {
                    "word": "05",
                    "start": 26,
                    "end": 28,
                    "label": "준식별자"
                },
                {
                    "word": "14",
                    "start": 34,
                    "end": 36,
                    "label": "준식별자"
                }
            ]
        },
        {
            "sentence": "CDR 예시: 발신자 조안(010-3456-7890) -> 수신자 진건영(02-123-4567), 통화 시작 2025-11-15 09:12:33, 지속시간 00:12:45.",
            "id": "sample_009_0015_000007",
            "annotations": [
                {
                    "word": "조안",
                    "start": 12,
                    "end": 14,
                    "label": "개인정보"
                },
                {
                    "word": "010-3456-7890",
                    "start": 15,
                    "end": 28,
                    "label": "개인정보"
                },
                {
                    "word": "진건영",
                    "start": 37,
                    "end": 40,
                    "label": "개인정보"
                },
                {
                    "word": "02-123-4567",
                    "start": 41,
                    "end": 52,
                    "label": "개인정보"
                },
                {
                    "word": "2025",
                    "start": 61,
                    "end": 65,
                    "label": "준식별자"
                },
                {
                    "word": "11",
                    "start": 66,
                    "end": 68,
                    "label": "준식별자"
                },
                {
                    "word": "15",
                    "start": 69,
                    "end": 71,
                    "label": "준식별자"
                }
            ]
        },
        {
            "sentence": "데이터 세션 로그: 유태주(휴대폰 010-4567-8901) 세션ID sess-9f8b7c, 다운로드 2.75GB, 업로드 0.36GB.",
            "id": "sample_009_0015_000008",
            "annotations": [
                {
                    "word": "유태주",
                    "start": 11,
                    "end": 14,
                    "label": "개인정보"
                },
                {
                    "word": "010-4567-8901",
                    "start": 19,
                    "end": 32,
                    "label": "개인정보"
                },
                {
                    "word": "sess-9f8b7c",
                    "start": 39,
                    "end": 50,
                    "label": "기밀정보"
                }
            ]
        },
        {
            "sentence": "네트워크 장애 로그: 2025-11-20 13:44:02에 내부 서버 IP 10.0.23.11에서 패킷 손실 발생.",
            "id": "sample_009_0015_000009",
            "annotations": [
                {
                    "word": "2025",
                    "start": 12,
                    "end": 16,
                    "label": "준식별자"
                },
                {
                    "word": "11",
                    "start": 17,
                    "end": 19,
                    "label": "준식별자"
                },
                {
                    "word": "11",
                    "start": 50,
                    "end": 52,
                    "label": "준식별자"
                },
                {
                    "word": "20",
                    "start": 12,
                    "end": 14,
                    "label": "준식별자"
                },
                {
                    "word": "20",
                    "start": 20,
                    "end": 22,
                    "label": "준식별자"
                },
                {
                    "word": "10.0.23.11",
                    "start": 42,
                    "end": 52,
                    "label": "기밀정보"
                }
            ]
        },
        {
            "sentence": "보안 이벤트: 관리자 계정 billing_admin이 2025-11-21 02:05:12에 요금 청구 설정을 변경함.",
            "id": "sample_009_0015_000010",
            "annotations": [
                {
                    "word": "billing_admin",
                    "start": 15,
                    "end": 28,
                    "label": "기밀정보"
                },
                {
                    "word": "2025",
                    "start": 30,
                    "end": 34,
                    "label": "준식별자"
                },
                {
                    "word": "11",
                    "start": 35,
                    "end": 37,
                    "label": "준식별자"
                },
                {
                    "word": "21",
                    "start": 38,
                    "end": 40,
                    "label": "준식별자"
                }
            ]
        },
        {
            "sentence": "청구서 항목: 가입자 유지후(휴대폰 010-5678-9012) 청구 금액 78,500원, 결제 예정일 2025-12-05.",
            "id": "sample_009_0015_000011",
            "annotations": [
                {
                    "word": "유지후",
                    "start": 12,
                    "end": 15,
                    "label": "개인정보"
                },
                {
                    "word": "010-5678-9012",
                    "start": 20,
                    "end": 33,
                    "label": "개인정보"
                },
                {
                    "word": "2025",
                    "start": 57,
                    "end": 61,
                    "label": "준식별자"
                },
                {
                    "word": "12",
                    "start": 31,
                    "end": 33,
                    "label": "준식별자"
                },
                {
                    "word": "12",
                    "start": 62,
                    "end": 64,
                    "label": "준식별자"
                },
                {
                    "word": "05",
                    "start": 65,
                    "end": 67,
                    "label": "준식별자"
                }
            ]
        },
        {
            "sentence": "결제 정보(기밀): 법인계좌 123-456-789012, 은행명: K-Bank, 입금 메모 '정산-11월'.",
            "id": "sample_009_0015_000012",
            "annotations": [
                {
                    "word": "123-456-789012",
                    "start": 16,
                    "end": 30,
                    "label": "기밀정보"
                }
            ]
        },
        {
            "sentence": "네트워크 맵 파일 경로: /opt/internal/netmaps/region_gangnam.v1.json (접속 제한).",
            "id": "sample_009_0015_000013",
            "annotations": [
                {
                    "word": "/opt/internal/netmaps/region_gangnam.v1.json",
                    "start": 14,
                    "end": 58,
                    "label": "기밀정보"
                }
            ]
        },
        {
            "sentence": "악성 트래픽 탐지: 출발지 IP 203.0.113.45, 목적지 포트 443에 반복 접속 패턴 확인.",
            "id": "sample_009_0015_000014",
            "annotations": [
                {
                    "word": "203.0.113.45",
                    "start": 18,
                    "end": 30,
                    "label": "기밀정보"
                }
            ]
        },
        {
            "sentence": "운영 메모: 담당자 서태규가 트래픽 재분류를 승인함.",
            "id": "sample_009_0015_000015",
            "annotations": [
                {
                    "word": "서태규",
                    "start": 11,
                    "end": 14,
                    "label": "개인정보"
                },
                {
                    "word": "담당자 서태규",
                    "start": 7,
                    "end": 14,
                    "label": "기밀정보"
                }
            ]
        },
        {
            "sentence": "요금 정책 참조: 내부 문서 URL http://intranet.telcorp.local/policy/billing_v2 (접근 권한 필요).",
            "id": "sample_009_0015_000016",
            "annotations": [
                {
                    "word": "http://intranet.telcorp.local/policy/billing_v2",
                    "start": 20,
                    "end": 67,
                    "label": "기밀정보"
                }
            ]
        },
        {
            "sentence": "시스템 로그 발췌: user '권수한' 로그인 실패 5회, 마지막 실패 시간 2025-11-28 23:49:01.",
            "id": "sample_009_0015_000017",
            "annotations": [
                {
                    "word": "권수한",
                    "start": 17,
                    "end": 20,
                    "label": "개인정보"
                },
                {
                    "word": "2025",
                    "start": 43,
                    "end": 47,
                    "label": "준식별자"
                },
                {
                    "word": "11",
                    "start": 48,
                    "end": 50,
                    "label": "준식별자"
                },
                {
                    "word": "28",
                    "start": 51,
                    "end": 53,
                    "label": "준식별자"
                }
            ]
        },
        {
            "sentence": "네트워크 대역폭: 코어 링크 평균 1.2Gbps, 피크 3.5Gbps, 과금 기준은 GB 단위입니다.",
            "id": "sample_009_0015_000018",
            "annotations": []
        },
        {
            "sentence": "테스트 통화 기록: 발신자 채한검 010-6789-0123, 수신자 주부경 010-7890-1234, 통화료 45원.",
            "id": "sample_009_0015_000019",
            "annotations": [
                {
                    "word": "채한검",
                    "start": 15,
                    "end": 18,
                    "label": "개인정보"
                },
                {
                    "word": "010-6789-0123",
                    "start": 19,
                    "end": 32,
                    "label": "개인정보"
                },
                {
                    "word": "주부경",
                    "start": 38,
                    "end": 41,
                    "label": "개인정보"
                },
                {
                    "word": "010-7890-1234",
                    "start": 42,
                    "end": 55,
                    "label": "개인정보"
                }
            ]
        },
        {
            "sentence": "장비 정보: 장비ID RT-Node-07, 시리얼 S/N: SN-44556677, 위치: 서울특별시, 강서구, 화곡동.",
            "id": "sample_009_0015_000020",
            "annotations": [
                {
                    "word": "SN-44556677",
                    "start": 33,
                    "end": 44,
                    "label": "기밀정보"
                },
                {
                    "word": "서울특별시",
                    "start": 50,
                    "end": 55,
                    "label": "준식별자"
                },
                {
                    "word": "강서구",
                    "start": 57,
                    "end": 60,
                    "label": "준식별자"
                },
                {
                    "word": "화곡동",
                    "start": 62,
                    "end": 65,
                    "label": "준식별자"
                }
            ]
        },
        {
            "sentence": "패킷 캡처 파일: /var/log/pcap/capture_20251115.pcap (암호화 및 보관 중).",
            "id": "sample_009_0015_000021",
            "annotations": [
                {
                    "word": "/var/log/pcap/capture_20251115.pcap",
                    "start": 10,
                    "end": 45,
                    "label": "기밀정보"
                }
            ]
        },
        {
            "sentence": "고객 불만 접수: 유태주가 데이터 과다청구를 신고함, 케이스 번호: INC-20251118-334.",
            "id": "sample_009_0015_000022",
            "annotations": [
                {
                    "word": "유태주",
                    "start": 10,
                    "end": 13,
                    "label": "개인정보"
                },
                {
                    "word": "INC-20251118-334",
                    "start": 38,
                    "end": 54,
                    "label": "기밀정보"
                }
            ]
        },
        {
            "sentence": "서비스 변경 이력: 허이서가 요금제 변경(프리미엄 -> 라이트)을 2025-11-10에 요청함.",
            "id": "sample_009_0015_000023",
            "annotations": [
                {
                    "word": "허이서",
                    "start": 11,
                    "end": 14,
                    "label": "개인정보"
                },
                {
                    "word": "2025",
                    "start": 37,
                    "end": 41,
                    "label": "준식별자"
                },
                {
                    "word": "11",
                    "start": 42,
                    "end": 44,
                    "label": "준식별자"
                },
                {
                    "word": "10",
                    "start": 45,
                    "end": 47,
                    "label": "준식별자"
                }
            ]
        },
        {
            "sentence": "로그 보존 정책: 세부 로그는 2년 보관이며, 접근은 최소 권한 원칙을 적용합니다.",
            "id": "sample_009_0015_000024",
            "annotations": []
        },
        {
            "sentence": "네트워크 최적화 권고: 피크시간 트래픽 셰이핑 및 QoS 재설계 권장.",
            "id": "sample_009_0015_000025",
            "annotations": []
        },
        {
            "sentence": "감사 추적: 진건영의 세션 sess-4a3b2e가 2025-11-22 04:12:09에 비정상 종료됨.",
            "id": "sample_009_0015_000026",
            "annotations": [
                {
                    "word": "진건영",
                    "start": 7,
                    "end": 10,
                    "label": "개인정보"
                },
                {
                    "word": "sess-4a3b2e",
                    "start": 15,
                    "end": 26,
                    "label": "기밀정보"
                },
                {
                    "word": "2025",
                    "start": 28,
                    "end": 32,
                    "label": "준식별자"
                },
                {
                    "word": "11",
                    "start": 33,
                    "end": 35,
                    "label": "준식별자"
                },
                {
                    "word": "22",
                    "start": 36,
                    "end": 38,
                    "label": "준식별자"
                }
            ]
        },
        {
            "sentence": "연락처 백업: 박문구 010-8901-2345, 비상 연락처 유선 02-987-6543.",
            "id": "sample_009_0015_000027",
            "annotations": [
                {
                    "word": "박문구",
                    "start": 8,
                    "end": 11,
                    "label": "개인정보"
                },
                {
                    "word": "010-8901-2345",
                    "start": 12,
                    "end": 25,
                    "label": "개인정보"
                },
                {
                    "word": "02-987-6543",
                    "start": 37,
                    "end": 48,
                    "label": "개인정보"
                }
            ]
        },
        {
            "sentence": "결론 및 조치: 보안 패치 적용, 내부 계정 권한 재검토, 다음 회의는 2025-12-10에 진행 예정.",
            "id": "sample_009_0015_000028",
            "annotations": [
                {
                    "word": "2025",
                    "start": 40,
                    "end": 44,
                    "label": "준식별자"
                },
                {
                    "word": "12",
                    "start": 45,
                    "end": 47,
                    "label": "준식별자"
                },
                {
                    "word": "10",
                    "start": 48,
                    "end": 50,
                    "label": "준식별자"
                }
            ]
        }
    ]
}