{
    "document_id": "009_0003",
    "document_title": "통신 과금 CDR 및 네트워크 로그 분석 보고서",
    "data": [
        {
            "sentence": "문서 개요: 본 기술 보고서는 통신사 CDR(통화 상세 기록) 분석과 과금 연동 로그를 포함합니다.",
            "id": "sample_009_0003_000001",
            "annotations": []
        },
        {
            "sentence": "목적: 과금 정확성 검증, 네트워크 트래픽 상관분석, 이상 요금 발생 원인 규명입니다.",
            "id": "sample_009_0003_000002",
            "annotations": []
        },
        {
            "sentence": "작성일: 2025년 12월 15일이며, 보고서 전반에 사용된 시간표기는 KST 기준입니다.",
            "id": "sample_009_0003_000003",
            "annotations": [
                {
                    "word": "2025년",
                    "start": 5,
                    "end": 10,
                    "label": "준식별자"
                },
                {
                    "word": "12월",
                    "start": 11,
                    "end": 14,
                    "label": "준식별자"
                },
                {
                    "word": "15일",
                    "start": 15,
                    "end": 18,
                    "label": "준식별자"
                }
            ]
        },
        {
            "sentence": "요약: 본 문서는 콜 디테일 레코드와 패킷 로그를 검토하고 데이터 단위는 GB로 통일하여 표기합니다.",
            "id": "sample_009_0003_000004",
            "annotations": []
        },
        {
            "sentence": "고객 A: 성희도, 연락처 010-1234-5678, 이메일 seonghee@example.com, 생년월일 1990년 05월 12일.",
            "id": "sample_009_0003_000005",
            "annotations": [
                {
                    "word": "성희도",
                    "start": 6,
                    "end": 9,
                    "label": "개인정보"
                },
                {
                    "word": "010-1234-5678",
                    "start": 15,
                    "end": 28,
                    "label": "개인정보"
                },
                {
                    "word": "seonghee@example.com",
                    "start": 34,
                    "end": 54,
                    "label": "개인정보"
                },
                {
                    "word": "1990년",
                    "start": 61,
                    "end": 66,
                    "label": "준식별자"
                },
                {
                    "word": "05월",
                    "start": 67,
                    "end": 70,
                    "label": "준식별자"
                },
                {
                    "word": "12일",
                    "start": 71,
                    "end": 74,
                    "label": "준식별자"
                }
            ]
        },
        {
            "sentence": "고객 B: 심수빈, 연락처 010-9876-5432, 주소 서울특별시 강남구 역삼동, 사번 20231234.",
            "id": "sample_009_0003_000006",
            "annotations": [
                {
                    "word": "심수빈",
                    "start": 6,
                    "end": 9,
                    "label": "개인정보"
                },
                {
                    "word": "010-9876-5432",
                    "start": 15,
                    "end": 28,
                    "label": "개인정보"
                },
                {
                    "word": "서울특별시",
                    "start": 33,
                    "end": 38,
                    "label": "준식별자"
                },
                {
                    "word": "강남구",
                    "start": 39,
                    "end": 42,
                    "label": "준식별자"
                },
                {
                    "word": "역삼동",
                    "start": 43,
                    "end": 46,
                    "label": "준식별자"
                },
                {
                    "word": "20231234",
                    "start": 51,
                    "end": 59,
                    "label": "개인정보"
                }
            ]
        },
        {
            "sentence": "세션 로그 예시: CDR-ID CDR-20251215-00027, 호출시각 2025년 12월 15일 14:23:08, 발신자 010-1234-5678, 수신자 02-345-6789, 통화시간 00:12:34.",
            "id": "sample_009_0003_000007",
            "annotations": [
                {
                    "word": "2025년",
                    "start": 42,
                    "end": 47,
                    "label": "준식별자"
                },
                {
                    "word": "12월",
                    "start": 48,
                    "end": 51,
                    "label": "준식별자"
                },
                {
                    "word": "15일",
                    "start": 52,
                    "end": 55,
                    "label": "준식별자"
                },
                {
                    "word": "010-1234-5678",
                    "start": 70,
                    "end": 83,
                    "label": "개인정보"
                },
                {
                    "word": "02-345-6789",
                    "start": 89,
                    "end": 100,
                    "label": "개인정보"
                }
            ]
        },
        {
            "sentence": "데이터 세션: IMSI 450051234567890, IMEI 356789012345678, 사용량 0.12GB, 업로드 0.03GB, 다운로드 0.09GB.",
            "id": "sample_009_0003_000008",
            "annotations": [
                {
                    "word": "450051234567890",
                    "start": 13,
                    "end": 28,
                    "label": "기밀정보"
                },
                {
                    "word": "356789012345678",
                    "start": 35,
                    "end": 50,
                    "label": "기밀정보"
                }
            ]
        },
        {
            "sentence": "패킷 로그 스니펫: srcIP 203.244.68.11, dstIP 10.10.55.23, srcPort 5060, dstPort 5060, 프로토콜 SIP.",
            "id": "sample_009_0003_000009",
            "annotations": [
                {
                    "word": "203.244.68.11",
                    "start": 17,
                    "end": 30,
                    "label": "기밀정보"
                },
                {
                    "word": "10.10.55.23",
                    "start": 38,
                    "end": 49,
                    "label": "기밀정보"
                }
            ]
        },
        {
            "sentence": "네트워크 요소: 연결된 eNodeB ID 123456, 셀 ID 789, TAC 3001, 주변 측위 정보는 내부 보안 등급으로 취급합니다.",
            "id": "sample_009_0003_000010",
            "annotations": []
        },
        {
            "sentence": "요금 항목: 기본요금 11,000원, 음성 통화 0.35분당 요율, 데이터 패킷 과금 0.1GB 단위로 청구합니다.",
            "id": "sample_009_0003_000011",
            "annotations": []
        },
        {
            "sentence": "이상 징후: 동일 장비에서 동일 IMSI로 다수의 동시 세션이 관찰되어 요금 중복 청구 가능성이 있습니다.",
            "id": "sample_009_0003_000012",
            "annotations": []
        },
        {
            "sentence": "장비 접속 정보: 관리 서버 IP 10.200.5.12, SSH 포트 2222, 내부 파일경로 /opt/bss/conf/secure.yaml.",
            "id": "sample_009_0003_000013",
            "annotations": [
                {
                    "word": "10.200.5.12",
                    "start": 19,
                    "end": 30,
                    "label": "기밀정보"
                },
                {
                    "word": "/opt/bss/conf/secure.yaml",
                    "start": 53,
                    "end": 78,
                    "label": "기밀정보"
                }
            ]
        },
        {
            "sentence": "관리자 연락처: 우제호(네트워크운영팀) 010-5555-0001, 승인자 배석희.",
            "id": "sample_009_0003_000014",
            "annotations": [
                {
                    "word": "우제호",
                    "start": 9,
                    "end": 12,
                    "label": "개인정보"
                },
                {
                    "word": "010-5555-0001",
                    "start": 22,
                    "end": 35,
                    "label": "개인정보"
                },
                {
                    "word": "배석희",
                    "start": 41,
                    "end": 44,
                    "label": "개인정보"
                }
            ]
        },
        {
            "sentence": "승인 로그: 결재자 배석희, 승인일 2025년 12월 16일, 결재 사유 '과금 재처리 승인'.",
            "id": "sample_009_0003_000015",
            "annotations": [
                {
                    "word": "배석희",
                    "start": 11,
                    "end": 14,
                    "label": "개인정보"
                },
                {
                    "word": "2025년",
                    "start": 20,
                    "end": 25,
                    "label": "준식별자"
                },
                {
                    "word": "12월",
                    "start": 26,
                    "end": 29,
                    "label": "준식별자"
                },
                {
                    "word": "16일",
                    "start": 30,
                    "end": 33,
                    "label": "준식별자"
                }
            ]
        },
        {
            "sentence": "네트워크 구성: VPN 주소 vpn.corp.telco.local 및 내부 서비스 URL https://intranet.corp/finance는 접근 권한이 제한됩니다.",
            "id": "sample_009_0003_000016",
            "annotations": [
                {
                    "word": "vpn.corp.telco.local",
                    "start": 16,
                    "end": 36,
                    "label": "기밀정보"
                },
                {
                    "word": "https://intranet.corp/finance",
                    "start": 50,
                    "end": 79,
                    "label": "기밀정보"
                }
            ]
        },
        {
            "sentence": "패킷 검사 결과: SIP INVITE 재전송 패턴으로 MTU 불일치 가능성이 높아 재전송 비용이 발생했습니다.",
            "id": "sample_009_0003_000017",
            "annotations": []
        },
        {
            "sentence": "추가 조사 대상: 발신자 010-9876-5432의 2025년 11월 통화 로그를 상세히 검토해야 합니다.",
            "id": "sample_009_0003_000018",
            "annotations": [
                {
                    "word": "010-9876-5432",
                    "start": 14,
                    "end": 27,
                    "label": "개인정보"
                },
                {
                    "word": "2025년",
                    "start": 29,
                    "end": 34,
                    "label": "준식별자"
                },
                {
                    "word": "11월",
                    "start": 35,
                    "end": 38,
                    "label": "준식별자"
                }
            ]
        },
        {
            "sentence": "테스트 케이스: 트래픽 샘플 파일명 sample_traffic_20251215.pcap는 내부 디렉터리에 보관되어 있습니다.",
            "id": "sample_009_0003_000019",
            "annotations": [
                {
                    "word": "sample_traffic_20251215.pcap",
                    "start": 20,
                    "end": 48,
                    "label": "기밀정보"
                }
            ]
        },
        {
            "sentence": "과금 정정 요청: 고객 성희도는 2025년 12월 01일 발생 요금의 이의 제기를 신청했습니다.",
            "id": "sample_009_0003_000020",
            "annotations": [
                {
                    "word": "성희도",
                    "start": 13,
                    "end": 16,
                    "label": "개인정보"
                },
                {
                    "word": "2025년",
                    "start": 18,
                    "end": 23,
                    "label": "준식별자"
                },
                {
                    "word": "12월",
                    "start": 24,
                    "end": 27,
                    "label": "준식별자"
                },
                {
                    "word": "01일",
                    "start": 28,
                    "end": 31,
                    "label": "준식별자"
                }
            ]
        },
        {
            "sentence": "디바이스 식별 로그 추가: IMEI 356789012345678가 트래킹된 시점은 2025년 12월 15일 14:23:08입니다.",
            "id": "sample_009_0003_000021",
            "annotations": [
                {
                    "word": "356789012345678",
                    "start": 20,
                    "end": 35,
                    "label": "기밀정보"
                },
                {
                    "word": "2025년",
                    "start": 46,
                    "end": 51,
                    "label": "준식별자"
                },
                {
                    "word": "12월",
                    "start": 52,
                    "end": 55,
                    "label": "준식별자"
                },
                {
                    "word": "15일",
                    "start": 56,
                    "end": 59,
                    "label": "준식별자"
                }
            ]
        },
        {
            "sentence": "네트워크 보안: 내부 VPN 접속 계정 admin_bss와 관련 로그는 보안 정책상 외부 공유 금지입니다.",
            "id": "sample_009_0003_000022",
            "annotations": [
                {
                    "word": "admin_bss",
                    "start": 22,
                    "end": 31,
                    "label": "기밀정보"
                }
            ]
        },
        {
            "sentence": "데이터 보존 정책: CDR 원본은 7년간 보관하며, 화면 캡처 등 2차 복제는 별도 승인 필요합니다.",
            "id": "sample_009_0003_000023",
            "annotations": []
        },
        {
            "sentence": "점검 결과 요약: 총 의심 세션 12건, 중복 청구 대상 3건, 자동 재처리 권고.",
            "id": "sample_009_0003_000024",
            "annotations": []
        },
        {
            "sentence": "담당자 연락 및 조치: 담당자 허일호(운영팀) 연락처 010-2222-3333로 우선 연락 바랍니다.",
            "id": "sample_009_0003_000025",
            "annotations": [
                {
                    "word": "허일호",
                    "start": 17,
                    "end": 20,
                    "label": "개인정보"
                },
                {
                    "word": "010-2222-3333",
                    "start": 30,
                    "end": 43,
                    "label": "개인정보"
                }
            ]
        },
        {
            "sentence": "후속 조치: 보안팀과 협의해 서버 IP 10.200.5.12, 10.10.55.23에 대한 접근 제어를 강화합니다.",
            "id": "sample_009_0003_000026",
            "annotations": [
                {
                    "word": "10.200.5.12",
                    "start": 22,
                    "end": 33,
                    "label": "기밀정보"
                },
                {
                    "word": "10.10.55.23",
                    "start": 35,
                    "end": 46,
                    "label": "기밀정보"
                }
            ]
        },
        {
            "sentence": "결론: 로그 검증 결과 기술적 오류 및 정책 미비점이 확인되어 개선 계획을 수립합니다.",
            "id": "sample_009_0003_000027",
            "annotations": []
        }
    ]
}