{
    "document_id": "009_0068",
    "document_title": "통신 과금 및 네트워크 CDR 정합성 검토보고서",
    "data": [
        {
            "sentence": "문서 개요: 본 보고서는 정보통신 과금 시스템의 CDR(통화 상세 기록)과 네트워크 로그의 정합성을 검증하기 위해 작성되었다.",
            "id": "sample_009_0068_000001",
            "annotations": []
        },
        {
            "sentence": "작성일: 2025-03-15 09:12:00, 작성자: 윤재은, 소속: 청구관리팀.",
            "id": "sample_009_0068_000002",
            "annotations": [
                {
                    "word": "2025-03-15 09:12:00",
                    "start": 5,
                    "end": 24,
                    "label": "준식별자"
                },
                {
                    "word": "윤재은",
                    "start": 31,
                    "end": 34,
                    "label": "개인정보"
                }
            ]
        },
        {
            "sentence": "검증 대상 기간은 2025-02-01부터 2025-02-28까지의 월별 CDR이며, 전체 레코드 수는 1,234,567건이다.",
            "id": "sample_009_0068_000003",
            "annotations": [
                {
                    "word": "2025-02-01",
                    "start": 10,
                    "end": 20,
                    "label": "준식별자"
                },
                {
                    "word": "2025-02-28",
                    "start": 23,
                    "end": 33,
                    "label": "준식별자"
                }
            ]
        },
        {
            "sentence": "샘플 CDR 항목 중 하나로 가입자명 '윤재은'의 통화 내역을 발췌하였다.",
            "id": "sample_009_0068_000004",
            "annotations": [
                {
                    "word": "윤재은",
                    "start": 22,
                    "end": 25,
                    "label": "개인정보"
                }
            ]
        },
        {
            "sentence": "가입자 정보: 이름=전선, 휴대전화=010-1234-5678, 이메일=jeon.seon@telecorp.co.kr.",
            "id": "sample_009_0068_000005",
            "annotations": [
                {
                    "word": "전선",
                    "start": 11,
                    "end": 13,
                    "label": "개인정보"
                },
                {
                    "word": "010-1234-5678",
                    "start": 20,
                    "end": 33,
                    "label": "개인정보"
                },
                {
                    "word": "jeon.seon@telecorp.co.kr",
                    "start": 39,
                    "end": 63,
                    "label": "개인정보"
                }
            ]
        },
        {
            "sentence": "가입자 정보(다른 샘플): 이름=황동구, 휴대전화=010-2345-6789, 주민등록번호=850505-2001234.",
            "id": "sample_009_0068_000006",
            "annotations": [
                {
                    "word": "황동구",
                    "start": 18,
                    "end": 21,
                    "label": "개인정보"
                },
                {
                    "word": "010-2345-6789",
                    "start": 28,
                    "end": 41,
                    "label": "개인정보"
                },
                {
                    "word": "850505-2001234",
                    "start": 50,
                    "end": 64,
                    "label": "개인정보"
                }
            ]
        },
        {
            "sentence": "과금 항목: 발신번호 010-1234-5678에 대해 2025-02-03 14:32:10에 00:03:45 통화가 발생하여 0.05GB의 데이터 부과가 일어났다.",
            "id": "sample_009_0068_000007",
            "annotations": [
                {
                    "word": "010-1234-5678",
                    "start": 12,
                    "end": 25,
                    "label": "개인정보"
                },
                {
                    "word": "2025-02-03 14:32:10",
                    "start": 30,
                    "end": 49,
                    "label": "준식별자"
                }
            ]
        },
        {
            "sentence": "SMS 로그 샘플: 수신자 010-2345-6789, 수신시간 2025-02-10 08:15:22, 메시지 유형=알림.",
            "id": "sample_009_0068_000008",
            "annotations": [
                {
                    "word": "010-2345-6789",
                    "start": 15,
                    "end": 28,
                    "label": "개인정보"
                },
                {
                    "word": "2025-02-10 08:15:22",
                    "start": 35,
                    "end": 54,
                    "label": "준식별자"
                }
            ]
        },
        {
            "sentence": "청구서 발송 주소: 서울특별시 강남구 역삼동 123-45, 수신자명 권라헬.",
            "id": "sample_009_0068_000009",
            "annotations": [
                {
                    "word": "서울특별시 강남구 역삼동 123-45",
                    "start": 11,
                    "end": 31,
                    "label": "개인정보"
                },
                {
                    "word": "권라헬",
                    "start": 38,
                    "end": 41,
                    "label": "개인정보"
                }
            ]
        },
        {
            "sentence": "고객 분류: 지역=서울특별시, 구=강남구, 동=역삼동, 요금제=프리미엄 음성+데이터.",
            "id": "sample_009_0068_000010",
            "annotations": [
                {
                    "word": "서울특별시",
                    "start": 10,
                    "end": 15,
                    "label": "준식별자"
                },
                {
                    "word": "강남구",
                    "start": 19,
                    "end": 22,
                    "label": "준식별자"
                },
                {
                    "word": "역삼동",
                    "start": 26,
                    "end": 29,
                    "label": "준식별자"
                }
            ]
        },
        {
            "sentence": "네트워크 로그: SGSN 접속 요청이 2025-02-15 12:00:00에 수신되었고, 처리 서버는 10.8.0.12를 통해 세션을 생성하였다.",
            "id": "sample_009_0068_000011",
            "annotations": [
                {
                    "word": "2025-02-15 12:00:00",
                    "start": 21,
                    "end": 40,
                    "label": "준식별자"
                },
                {
                    "word": "10.8.0.12",
                    "start": 56,
                    "end": 65,
                    "label": "기밀정보"
                }
            ]
        },
        {
            "sentence": "내부 시스템 정보: 과금 시스템 계정=billing_admin, 접근 시간 2025-02-15 12:00:05, 작업ID=TXN_00012345.",
            "id": "sample_009_0068_000012",
            "annotations": [
                {
                    "word": "billing_admin",
                    "start": 21,
                    "end": 34,
                    "label": "기밀정보"
                },
                {
                    "word": "2025-02-15 12:00:05",
                    "start": 42,
                    "end": 61,
                    "label": "준식별자"
                }
            ]
        },
        {
            "sentence": "로그 파일 경로: /etc/billing/credentials.conf 파일에서 인증 토큰 확인됨.",
            "id": "sample_009_0068_000013",
            "annotations": [
                {
                    "word": "/etc/billing/credentials.conf",
                    "start": 10,
                    "end": 39,
                    "label": "기밀정보"
                }
            ]
        },
        {
            "sentence": "VPN 및 내부 URL: vpn.telecorp.local 및 https://intranet.telecorp.local/billing은 내부 접근 전용이다.",
            "id": "sample_009_0068_000014",
            "annotations": [
                {
                    "word": "vpn.telecorp.local",
                    "start": 14,
                    "end": 32,
                    "label": "기밀정보"
                },
                {
                    "word": "https://intranet.telecorp.local/billing",
                    "start": 35,
                    "end": 74,
                    "label": "기밀정보"
                }
            ]
        },
        {
            "sentence": "정산 관련 은행 정보: 가상 예시 계좌번호 333-444-555-66은 내부 테스트용으로 등록되어 있다.",
            "id": "sample_009_0068_000015",
            "annotations": [
                {
                    "word": "333-444-555-66",
                    "start": 24,
                    "end": 38,
                    "label": "기밀정보"
                }
            ]
        },
        {
            "sentence": "샘플 IMSI/IMEI: IMSI=450001234567890, IMEI=356789012345678는 장비 식별용으로 수집된다.",
            "id": "sample_009_0068_000016",
            "annotations": []
        },
        {
            "sentence": "트래픽 사용량 요약: 개인별 평균 데이터 사용량은 2.45GB이며 상위 10%는 평균 12.3GB를 사용하였다.",
            "id": "sample_009_0068_000017",
            "annotations": []
        },
        {
            "sentence": "오류 발생 로그: 수신 오류(404) 발생 시점 2025-02-20 03:22:11에 라우터 192.168.10.5에서 패킷 드롭이 감지되었다.",
            "id": "sample_009_0068_000018",
            "annotations": [
                {
                    "word": "2025-02-20 03:22:11",
                    "start": 27,
                    "end": 46,
                    "label": "준식별자"
                },
                {
                    "word": "192.168.10.5",
                    "start": 52,
                    "end": 64,
                    "label": "기밀정보"
                }
            ]
        },
        {
            "sentence": "담당자 할당: 검증 담당자 윤재은, 검토자 채태곤, 승인자 정오현으로 표기한다.",
            "id": "sample_009_0068_000019",
            "annotations": [
                {
                    "word": "윤재은",
                    "start": 15,
                    "end": 18,
                    "label": "개인정보"
                },
                {
                    "word": "채태곤",
                    "start": 24,
                    "end": 27,
                    "label": "개인정보"
                },
                {
                    "word": "정오현",
                    "start": 33,
                    "end": 36,
                    "label": "개인정보"
                }
            ]
        },
        {
            "sentence": "고객 문의 로그 중 하나에 '임효연'의 이메일 주소 imhyoyeon@gmail.com이 기록되어 있으며 시간은 2025-02-25 17:45:00이다.",
            "id": "sample_009_0068_000020",
            "annotations": [
                {
                    "word": "임효연",
                    "start": 16,
                    "end": 19,
                    "label": "개인정보"
                },
                {
                    "word": "imhyoyeon@gmail.com",
                    "start": 29,
                    "end": 48,
                    "label": "개인정보"
                },
                {
                    "word": "2025-02-25 17:45:00",
                    "start": 63,
                    "end": 82,
                    "label": "준식별자"
                }
            ]
        },
        {
            "sentence": "연결 세션 상세: 세션ID SESS_789012, 사용기기 MAC=00:1A:2B:3C:4D:5E, 마지막 접속 2025-02-25 17:45:10.",
            "id": "sample_009_0068_000021",
            "annotations": []
        },
        {
            "sentence": "테스트 가입자: 주상율, 전화번호=010-3456-7890, 주소=부산광역시 해운대구 우동.",
            "id": "sample_009_0068_000022",
            "annotations": [
                {
                    "word": "주상율",
                    "start": 9,
                    "end": 12,
                    "label": "개인정보"
                },
                {
                    "word": "010-3456-7890",
                    "start": 19,
                    "end": 32,
                    "label": "개인정보"
                },
                {
                    "word": "부산광역시 해운대구 우동",
                    "start": 37,
                    "end": 50,
                    "label": "준식별자"
                }
            ]
        },
        {
            "sentence": "거래 내역: 채태곤의 데이터 추가 구매 내역이 2025-02-27 20:10:00에 5.0GB 충전으로 처리되었다.",
            "id": "sample_009_0068_000023",
            "annotations": [
                {
                    "word": "채태곤",
                    "start": 7,
                    "end": 10,
                    "label": "개인정보"
                },
                {
                    "word": "2025-02-27 20:10:00",
                    "start": 26,
                    "end": 45,
                    "label": "준식별자"
                }
            ]
        },
        {
            "sentence": "보안 로그: '신보규' 계정의 비정상 접속 시도가 IP 172.16.5.4에서 탐지되었으며, 즉시 차단되었다.",
            "id": "sample_009_0068_000024",
            "annotations": [
                {
                    "word": "신보규",
                    "start": 8,
                    "end": 11,
                    "label": "개인정보"
                },
                {
                    "word": "172.16.5.4",
                    "start": 31,
                    "end": 41,
                    "label": "기밀정보"
                }
            ]
        },
        {
            "sentence": "정책 메모: 외부 공유 금지 항목은 내부 서버 IP, 계정 정보, 상세 주소 및 주민등록번호 등이다.",
            "id": "sample_009_0068_000025",
            "annotations": []
        },
        {
            "sentence": "백업 정책: 기밀정보는 암호화 후 전용 백업서버(10.8.0.13)에 보관하되, 접근 권한은 운영팀으로 제한한다.",
            "id": "sample_009_0068_000026",
            "annotations": [
                {
                    "word": "10.8.0.13",
                    "start": 27,
                    "end": 36,
                    "label": "기밀정보"
                }
            ]
        },
        {
            "sentence": "감사 로그 보관 기간은 7년이며, 감사 시점 예시로 2025-03-01 00:00:00가 기록된다.",
            "id": "sample_009_0068_000027",
            "annotations": [
                {
                    "word": "2025-03-01 00:00:00",
                    "start": 29,
                    "end": 48,
                    "label": "준식별자"
                }
            ]
        },
        {
            "sentence": "결론 및 조치: 개인정보는 최소화 처리하고, 기밀정보는 권한기반 접근제어로 관리하며, 이상 징후는 즉시 보안팀에 보고한다.",
            "id": "sample_009_0068_000028",
            "annotations": []
        }
    ]
}