{
    "document_id": "009_0088",
    "document_title": "통신 과금 및 CDR 통합 분석보고서 (2025-11월)",
    "data": [
        {
            "sentence": "문서 개요: 본 통신서비스 CDR 및 요금 청구서, 네트워크 로그 결합 보고서는 청구 검증과 과금 정확성 보증을 목적으로 작성되었습니다.",
            "id": "sample_009_0088_000001",
            "annotations": []
        },
        {
            "sentence": "대상 기간은 2025년 11월 01일부터 2025년 11월 30일까지이며, 기간 단위는 일별 및 시간대별로 분해 분석되었습니다.",
            "id": "sample_009_0088_000002",
            "annotations": []
        },
        {
            "sentence": "요약: 총 통화기록 수 12,482건, 데이터 사용량 1,256.43 GB, SMS 전송 3,214건이 집계되었습니다.",
            "id": "sample_009_0088_000003",
            "annotations": []
        },
        {
            "sentence": "가입자 A: 채주찬(남성), 연락처 010-1234-5678, 생년월일 1987년 05월 21일, 주소 서울특별시 강남구 역삼동으로 등록되어 있습니다.",
            "id": "sample_009_0088_000004",
            "annotations": [
                {
                    "word": "채주찬",
                    "start": 7,
                    "end": 10,
                    "label": "개인정보"
                },
                {
                    "word": "남성",
                    "start": 11,
                    "end": 13,
                    "label": "준식별자"
                },
                {
                    "word": "010-1234-5678",
                    "start": 20,
                    "end": 33,
                    "label": "개인정보"
                },
                {
                    "word": "1987년 05월 21일",
                    "start": 40,
                    "end": 53,
                    "label": "준식별자"
                },
                {
                    "word": "서울특별시 강남구 역삼동",
                    "start": 58,
                    "end": 71,
                    "label": "준식별자"
                }
            ]
        },
        {
            "sentence": "가입자 B: 나혜인(여성), 연락처 010-9876-5432, 생년월일 1992년 12월 03일, 주소 부산광역시 해운대구 우동으로 등록되어 있습니다.",
            "id": "sample_009_0088_000005",
            "annotations": [
                {
                    "word": "나혜인",
                    "start": 7,
                    "end": 10,
                    "label": "개인정보"
                },
                {
                    "word": "여성",
                    "start": 11,
                    "end": 13,
                    "label": "준식별자"
                },
                {
                    "word": "010-9876-5432",
                    "start": 20,
                    "end": 33,
                    "label": "개인정보"
                },
                {
                    "word": "1992년 12월 03일",
                    "start": 40,
                    "end": 53,
                    "label": "준식별자"
                },
                {
                    "word": "부산광역시 해운대구 우동",
                    "start": 58,
                    "end": 71,
                    "label": "준식별자"
                }
            ]
        },
        {
            "sentence": "통화 상세 기록 예시: 발신번호 010-1234-5678, 수신번호 010-9876-5432, 시작시각 2025-11-10 14:23:12, 종료시각 2025-11-10 14:45:03, 통화시간 21초, 데이터량 0.00 GB.",
            "id": "sample_009_0088_000006",
            "annotations": [
                {
                    "word": "010-1234-5678",
                    "start": 18,
                    "end": 31,
                    "label": "개인정보"
                },
                {
                    "word": "010-9876-5432",
                    "start": 38,
                    "end": 51,
                    "label": "개인정보"
                }
            ]
        },
        {
            "sentence": "CDR 항목은 호출 ID, IMSI, IMEI, 송수신 번호, 시작/종료 타임스탬프, 사용 데이터량(GB)으로 구성됩니다.",
            "id": "sample_009_0088_000007",
            "annotations": []
        },
        {
            "sentence": "시스템 로그 발췌: billing-app server 10.64.32.5에서 청구 집계 cron이 2025-11-30 02:00:01에 실행되었습니다.",
            "id": "sample_009_0088_000008",
            "annotations": [
                {
                    "word": "10.64.32.5",
                    "start": 30,
                    "end": 40,
                    "label": "기밀정보"
                }
            ]
        },
        {
            "sentence": "로그 경로는 /srv/billing/priv/2025/11/invoice_009_0088.pdf로 파일이 생성되어 보관되었습니다.",
            "id": "sample_009_0088_000009",
            "annotations": [
                {
                    "word": "/srv/billing/priv/2025/11/invoice_009_0088.pdf",
                    "start": 7,
                    "end": 53,
                    "label": "기밀정보"
                }
            ]
        },
        {
            "sentence": "내부 결재 담당자: 류효주(사번 2021-0456)가 최종 검토 후 승인하였으며, 결재 메모는 내부 전용 결재 서버에 저장되어 있습니다.",
            "id": "sample_009_0088_000010",
            "annotations": [
                {
                    "word": "류효주",
                    "start": 11,
                    "end": 14,
                    "label": "개인정보"
                },
                {
                    "word": "사번 2021-0456",
                    "start": 15,
                    "end": 27,
                    "label": "개인정보"
                }
            ]
        },
        {
            "sentence": "과금 정합성 오류 건: 세션 종료 누락 12건, 데이터 미집계 7건, 청구 중복 2건으로 총 21건의 예외가 보고되었습니다.",
            "id": "sample_009_0088_000011",
            "annotations": []
        },
        {
            "sentence": "네트워크 성능 지표: 피크동시접속 18,452세션, 평균 RTT 85ms, 패킷 손실률 0.12%로 집계되었습니다.",
            "id": "sample_009_0088_000012",
            "annotations": []
        },
        {
            "sentence": "트래픽 분석 결과 특정 IMEI에서 P-GW로의 데이터 세션 재시도 패턴이 확인되었습니다; 관련 IMSI는 보안상 내부 로그에만 기재됩니다.",
            "id": "sample_009_0088_000013",
            "annotations": []
        },
        {
            "sentence": "보안 관련: 내부 VPN 접속 주소 vpn.corp.internal은 인증서 기반 접속만 허용되며 로그는 90일간 보관됩니다.",
            "id": "sample_009_0088_000014",
            "annotations": [
                {
                    "word": "vpn.corp.internal",
                    "start": 20,
                    "end": 37,
                    "label": "기밀정보"
                }
            ]
        },
        {
            "sentence": "청구 내역: 가입자 채주찬의 11월 요금은 기본료 12,000원, 사용요금 34,560원, 데이터요금 18,000원으로 합계 64,560원입니다.",
            "id": "sample_009_0088_000015",
            "annotations": [
                {
                    "word": "채주찬",
                    "start": 11,
                    "end": 14,
                    "label": "개인정보"
                }
            ]
        },
        {
            "sentence": "결제수단: 등록 계좌번호 123-456-789012(국민은행)로 자동이체 설정이 되어 있으며, 계좌 정보는 암호화되어 저장됩니다.",
            "id": "sample_009_0088_000016",
            "annotations": [
                {
                    "word": "123-456-789012",
                    "start": 14,
                    "end": 28,
                    "label": "기밀정보"
                }
            ]
        },
        {
            "sentence": "고객센터 통화 로그: 2025-11-12 09:14:22에 나혜인 고객이 요금 이의 제기를 위해 통화하였고 케이스 ID는 CS20251112-778입니다.",
            "id": "sample_009_0088_000017",
            "annotations": [
                {
                    "word": "나혜인",
                    "start": 33,
                    "end": 36,
                    "label": "개인정보"
                }
            ]
        },
        {
            "sentence": "접속 위치 정보: 채주찬은 2025-11-10 14:23에 서울특별시 강남구 일원에서 기지국 LAC 3201에 접속하였습니다.",
            "id": "sample_009_0088_000018",
            "annotations": [
                {
                    "word": "채주찬",
                    "start": 10,
                    "end": 13,
                    "label": "개인정보"
                },
                {
                    "word": "서울특별시 강남구 일원",
                    "start": 33,
                    "end": 45,
                    "label": "준식별자"
                }
            ]
        },
        {
            "sentence": "데이터 사용 세부: 나혜인 11월 총 데이터 56.12 GB, 세부 세션별 1.25 GB 단위로 집계되어 요금 산정에 반영되었습니다.",
            "id": "sample_009_0088_000019",
            "annotations": [
                {
                    "word": "나혜인",
                    "start": 11,
                    "end": 14,
                    "label": "개인정보"
                }
            ]
        },
        {
            "sentence": "운영상 참조: 고희진 네트워크 엔지니어가 로그 수집 스크립트 수정(파일 경로 /opt/scripts/log_collector.sh)을 수행하였음.",
            "id": "sample_009_0088_000020",
            "annotations": [
                {
                    "word": "고희진",
                    "start": 8,
                    "end": 11,
                    "label": "개인정보"
                },
                {
                    "word": "/opt/scripts/log_collector.sh",
                    "start": 43,
                    "end": 72,
                    "label": "기밀정보"
                }
            ]
        },
        {
            "sentence": "시스템 계정: 배진경 계정은 운영 권한이 부여되어 있으며 계정명 jbk_admin, 접근은 MFA로 제한됩니다.",
            "id": "sample_009_0088_000021",
            "annotations": [
                {
                    "word": "배진경",
                    "start": 8,
                    "end": 11,
                    "label": "개인정보"
                },
                {
                    "word": "jbk_admin",
                    "start": 36,
                    "end": 45,
                    "label": "기밀정보"
                }
            ]
        },
        {
            "sentence": "성별 및 생년월일 등록: 가입자 목록 상에 '엄아현, 남성, 1990년 03월 09일' 항목이 존재하며 검증 대상에 포함되었습니다.",
            "id": "sample_009_0088_000022",
            "annotations": [
                {
                    "word": "엄아현",
                    "start": 25,
                    "end": 28,
                    "label": "개인정보"
                },
                {
                    "word": "남성",
                    "start": 30,
                    "end": 32,
                    "label": "준식별자"
                },
                {
                    "word": "1990년 03월 09일",
                    "start": 34,
                    "end": 47,
                    "label": "준식별자"
                }
            ]
        },
        {
            "sentence": "청구 오류 조사 결과 담당자 임영현이 로직 패치로 요금 산정 기준을 0.1% 조정하도록 권고했습니다.",
            "id": "sample_009_0088_000023",
            "annotations": [
                {
                    "word": "임영현",
                    "start": 16,
                    "end": 19,
                    "label": "개인정보"
                }
            ]
        },
        {
            "sentence": "로그 보존 정책: 모든 CDR 원본은 7년간 원본 상태로 보존되며, 백업은 내부망에서만 접근 가능합니다.",
            "id": "sample_009_0088_000024",
            "annotations": []
        },
        {
            "sentence": "네트워크 장비 연결 정보: BSC 컨트롤러 IP는 172.16.200.8로 설정되어 있으며 접근은 내부 관리자만 허용됩니다.",
            "id": "sample_009_0088_000025",
            "annotations": [
                {
                    "word": "172.16.200.8",
                    "start": 28,
                    "end": 40,
                    "label": "기밀정보"
                }
            ]
        },
        {
            "sentence": "테스트 사용자: 조루다(여성), 연락처 010-5555-6666, 테스트용으로 임시 요금제 적용, 생년월일 1998년 07월 15일로 등록됨.",
            "id": "sample_009_0088_000026",
            "annotations": [
                {
                    "word": "조루다",
                    "start": 9,
                    "end": 12,
                    "label": "개인정보"
                },
                {
                    "word": "여성",
                    "start": 13,
                    "end": 15,
                    "label": "준식별자"
                },
                {
                    "word": "010-5555-6666",
                    "start": 22,
                    "end": 35,
                    "label": "개인정보"
                },
                {
                    "word": "1998년 07월 15일",
                    "start": 60,
                    "end": 73,
                    "label": "준식별자"
                }
            ]
        },
        {
            "sentence": "문제 대응 계획: 위 이슈에 대해 양가이가 긴급 패치 배포를 지시하였고 배포 로그는 배포전용 서버에 기록됩니다.",
            "id": "sample_009_0088_000027",
            "annotations": [
                {
                    "word": "양가이",
                    "start": 19,
                    "end": 22,
                    "label": "개인정보"
                }
            ]
        },
        {
            "sentence": "결론 및 권고: 민감 데이터(이름, 휴대폰, 계좌, 내부 IP, 내부 경로)는 외부 전송 전 반드시 마스킹 및 암호화를 적용할 것을 권고합니다.",
            "id": "sample_009_0088_000028",
            "annotations": []
        }
    ]
}