{
    "document_id": "080_0097",
    "document_title": "사망 및 장례 관리 기록: 양미옥 사안",
    "data": [
        {
            "sentence": "본 문서는 사망자 관리 기록으로 내부 식별자 DEC-20260101-0001과 성명 양미옥에 대해 작성되었습니다.",
            "id": "sample_080_0097_000001",
            "annotations": [
                {
                    "word": "DEC-20260101-0001",
                    "start": 25,
                    "end": 42,
                    "label": "개인정보"
                },
                {
                    "word": "양미옥",
                    "start": 47,
                    "end": 50,
                    "label": "개인정보"
                }
            ]
        },
        {
            "sentence": "출생일(연/월/일): 1988 / 01 / 15, 출생지: 부산광역시 해운대구에 기반한 신원 정보가 기록되어 있습니다.",
            "id": "sample_080_0097_000002",
            "annotations": [
                {
                    "word": "1988",
                    "start": 12,
                    "end": 16,
                    "label": "준식별자"
                },
                {
                    "word": "01",
                    "start": 19,
                    "end": 21,
                    "label": "준식별자"
                },
                {
                    "word": "15",
                    "start": 24,
                    "end": 26,
                    "label": "준식별자"
                },
                {
                    "word": "부산광역시",
                    "start": 33,
                    "end": 38,
                    "label": "준식별자"
                },
                {
                    "word": "해운대구",
                    "start": 39,
                    "end": 43,
                    "label": "준식별자"
                }
            ]
        },
        {
            "sentence": "성별: 여, 국적: 대한민국, 주민등록번호: 880115-1234567이 시스템에 암호화된 형태로 보관되어 있습니다.",
            "id": "sample_080_0097_000003",
            "annotations": [
                {
                    "word": "여",
                    "start": 4,
                    "end": 5,
                    "label": "준식별자"
                },
                {
                    "word": "대한민국",
                    "start": 11,
                    "end": 15,
                    "label": "준식별자"
                },
                {
                    "word": "880115-1234567",
                    "start": 25,
                    "end": 39,
                    "label": "개인정보"
                }
            ]
        },
        {
            "sentence": "사망일시: 2026 / 01 / 10, 22:35 기준으로 의료진이 확정하여 전자 타임스탬프를 기록했습니다.",
            "id": "sample_080_0097_000004",
            "annotations": [
                {
                    "word": "2026",
                    "start": 6,
                    "end": 10,
                    "label": "준식별자"
                },
                {
                    "word": "01",
                    "start": 13,
                    "end": 15,
                    "label": "준식별자"
                },
                {
                    "word": "10",
                    "start": 18,
                    "end": 20,
                    "label": "준식별자"
                }
            ]
        },
        {
            "sentence": "사망장소: 서울중앙병원, 주소 서울특별시 강남구 삼성로 85, 3층 병동에 안치 및 사건보고가 진행되었습니다.",
            "id": "sample_080_0097_000005",
            "annotations": [
                {
                    "word": "서울특별시",
                    "start": 17,
                    "end": 22,
                    "label": "준식별자"
                },
                {
                    "word": "강남구",
                    "start": 23,
                    "end": 26,
                    "label": "준식별자"
                },
                {
                    "word": "서울중앙병원, 주소 서울특별시 강남구 삼성로 85, 3층 병동",
                    "start": 6,
                    "end": 40,
                    "label": "개인정보"
                }
            ]
        },
        {
            "sentence": "사망 원인(기재요약): 급성 심근경색이며, 진단 표준 코드(ICD-10)는 I21.9로 표준화되어 저장되었습니다.",
            "id": "sample_080_0097_000006",
            "annotations": []
        },
        {
            "sentence": "사망진단서 번호 DC-2026-000312은 강남구 보건소에서 발급되었고 전자서명과 발급 타임스탬프가 포함되어 있습니다.",
            "id": "sample_080_0097_000007",
            "annotations": [
                {
                    "word": "DC-2026-000312",
                    "start": 9,
                    "end": 23,
                    "label": "개인정보"
                }
            ]
        },
        {
            "sentence": "검시보고서 ID ME-4509가 등록되어 있으며 부검 요약은 심혈관계 급성 변화 소견을 중심으로 기술되어 있습니다.",
            "id": "sample_080_0097_000008",
            "annotations": [
                {
                    "word": "ME-4509",
                    "start": 9,
                    "end": 16,
                    "label": "개인정보"
                }
            ]
        },
        {
            "sentence": "검시관 연락처: 02-555-0123, 담당 검사관 공장수와의 통신 기록이 관련 문서에 포함되어 있습니다.",
            "id": "sample_080_0097_000009",
            "annotations": [
                {
                    "word": "02-555-0123",
                    "start": 9,
                    "end": 20,
                    "label": "개인정보"
                },
                {
                    "word": "공장수",
                    "start": 29,
                    "end": 32,
                    "label": "개인정보"
                }
            ]
        },
        {
            "sentence": "주요 유족: 딸 송이은, 연락처 010-9876-5432, 관계 및 동의 여부와 서명 타임스탬프를 함께 보관합니다.",
            "id": "sample_080_0097_000010",
            "annotations": [
                {
                    "word": "송이은",
                    "start": 9,
                    "end": 12,
                    "label": "개인정보"
                },
                {
                    "word": "010-9876-5432",
                    "start": 18,
                    "end": 31,
                    "label": "개인정보"
                }
            ]
        },
        {
            "sentence": "법적 대표자(집행자): 안유민이 지정되어 있으며 위임서 식별번호 EX-7782를 통해 권한이 검증되었습니다.",
            "id": "sample_080_0097_000011",
            "annotations": [
                {
                    "word": "안유민",
                    "start": 13,
                    "end": 16,
                    "label": "개인정보"
                },
                {
                    "word": "EX-7782",
                    "start": 36,
                    "end": 43,
                    "label": "개인정보"
                }
            ]
        },
        {
            "sentence": "장례업체 ID FH-007이 본 건을 수임하였고 장례지도사 정정범(면허번호 LIC-998877)이 책임자로 지정되었습니다.",
            "id": "sample_080_0097_000012",
            "annotations": [
                {
                    "word": "FH-007",
                    "start": 8,
                    "end": 14,
                    "label": "기밀정보"
                },
                {
                    "word": "정정범",
                    "start": 33,
                    "end": 36,
                    "label": "개인정보"
                },
                {
                    "word": "LIC-998877",
                    "start": 42,
                    "end": 52,
                    "label": "개인정보"
                }
            ]
        },
        {
            "sentence": "처리 방법은 화장으로 결정되었으며 화장허가번호 CR-2026-00456이 발급되어 허가 문서와 연계 보관됩니다.",
            "id": "sample_080_0097_000013",
            "annotations": [
                {
                    "word": "CR-2026-00456",
                    "start": 26,
                    "end": 39,
                    "label": "개인정보"
                }
            ]
        },
        {
            "sentence": "장묘 대체 기록상 매장 플롯 ID PL-0098 및 묘지명 연화공원묘지가 시스템에 참고용으로 등록되어 있습니다.",
            "id": "sample_080_0097_000014",
            "annotations": [
                {
                    "word": "PL-0098",
                    "start": 19,
                    "end": 26,
                    "label": "기밀정보"
                }
            ]
        },
        {
            "sentence": "유해 이송 기록: 2026-01-11T03:12:00Z에 서울중앙병원에서 장례식장으로 이송되었고 차량번호 34가 5678, 운송참조 TSP-221이 기록되었습니다.",
            "id": "sample_080_0097_000015",
            "annotations": [
                {
                    "word": "34가 5678",
                    "start": 59,
                    "end": 67,
                    "label": "개인정보"
                },
                {
                    "word": "TSP-221",
                    "start": 74,
                    "end": 81,
                    "label": "기밀정보"
                }
            ]
        },
        {
            "sentence": "방부 처리 보고서에는 사용 화학물질(포름알데히드 2.5%)과 처리자 확인, 처리시간이 상세히 기록되어 있습니다.",
            "id": "sample_080_0097_000016",
            "annotations": []
        },
        {
            "sentence": "안치 시설 정보: 안치실 B동 2호, 냉장 온도 -2°C, 입고 타임스탬프가 불변 로그로 저장되어 있습니다.",
            "id": "sample_080_0097_000017",
            "annotations": [
                {
                    "word": "안치실 B동 2호",
                    "start": 10,
                    "end": 19,
                    "label": "기밀정보"
                }
            ]
        },
        {
            "sentence": "종교적 요구사항: 기독교장례가 요청되었으며 염습 방식 및 의전 체크리스트가 구조화된 항목으로 첨부되어 있습니다.",
            "id": "sample_080_0097_000018",
            "annotations": [
                {
                    "word": "기독교",
                    "start": 10,
                    "end": 13,
                    "label": "준식별자"
                }
            ]
        },
        {
            "sentence": "장례 및 발인 일정은 2026 / 01 / 14, 10:00로 계획되었으며 장소는 장례식장 대연회장으로 확정되었습니다.",
            "id": "sample_080_0097_000019",
            "annotations": [
                {
                    "word": "2026",
                    "start": 12,
                    "end": 16,
                    "label": "준식별자"
                },
                {
                    "word": "01",
                    "start": 19,
                    "end": 21,
                    "label": "준식별자"
                },
                {
                    "word": "14",
                    "start": 24,
                    "end": 26,
                    "label": "준식별자"
                }
            ]
        },
        {
            "sentence": "부고 및 온라인 추모는 담당자 승인 하에 memorial.example.com/yangmiok에 게시되며 접근 제어 및 보존기간이 적용됩니다.",
            "id": "sample_080_0097_000020",
            "annotations": []
        },
        {
            "sentence": "하객 명부에는 윤진명, 차남주 등 지인 명단이 포함되어 있으며 일부 연락처는 비공개 처리되어 별도 접근제어가 적용됩니다.",
            "id": "sample_080_0097_000021",
            "annotations": [
                {
                    "word": "윤진명",
                    "start": 8,
                    "end": 11,
                    "label": "개인정보"
                },
                {
                    "word": "차남주",
                    "start": 13,
                    "end": 16,
                    "label": "개인정보"
                }
            ]
        },
        {
            "sentence": "장례 계약서 및 청구서는 계약번호 CNT-5599에 따라 작성되었고 항목별 금액과 결제조건이 명시되어 있습니다.",
            "id": "sample_080_0097_000022",
            "annotations": [
                {
                    "word": "CNT-5599",
                    "start": 19,
                    "end": 27,
                    "label": "기밀정보"
                }
            ]
        },
        {
            "sentence": "청구서에는 계좌정보(국민은행 123-456789-01-01)가 포함되어 보험 정산 및 결제 용도로 사용됩니다.",
            "id": "sample_080_0097_000023",
            "annotations": [
                {
                    "word": "국민은행 123-456789-01-01",
                    "start": 11,
                    "end": 32,
                    "label": "기밀정보"
                }
            ]
        },
        {
            "sentence": "보험 청구 참조번호 IC-2026-7788이 발급되어 현재 상태는 접수됨으로 표기되어 있습니다.",
            "id": "sample_080_0097_000024",
            "annotations": [
                {
                    "word": "IC-2026-7788",
                    "start": 11,
                    "end": 23,
                    "label": "기밀정보"
                }
            ]
        },
        {
            "sentence": "동의서에는 송이은의 서명 및 타임스탬프 2026-01-11T10:00:00+09:00가 포함되어 법적 근거와 함께 보관됩니다.",
            "id": "sample_080_0097_000025",
            "annotations": [
                {
                    "word": "송이은",
                    "start": 6,
                    "end": 9,
                    "label": "개인정보"
                }
            ]
        },
        {
            "sentence": "디지털 자산 정리 지침에는 고인의 이메일 계정 yangmiok@example.com에 대한 접근권한 회수와 삭제 절차가 포함되어 있습니다.",
            "id": "sample_080_0097_000026",
            "annotations": [
                {
                    "word": "yangmiok@example.com",
                    "start": 26,
                    "end": 46,
                    "label": "개인정보"
                }
            ]
        },
        {
            "sentence": "규제 준수 문서와 허가서는 발급 기관, 발급번호, 전자서명 및 저장 타임스탬프(ISO8601)를 포함하여 보관됩니다.",
            "id": "sample_080_0097_000027",
            "annotations": []
        },
        {
            "sentence": "보존기간은 관할법령에 따라 10년으로 설정되며 자동 폐기 예정일은 2036-01-11로 메타데이터화 되어 있습니다.",
            "id": "sample_080_0097_000028",
            "annotations": []
        },
        {
            "sentence": "감사로그에는 접근자 audit_admin 및 변경 기록이 포함되어 불변형 감사 로그로 저장됩니다.",
            "id": "sample_080_0097_000029",
            "annotations": [
                {
                    "word": "audit_admin",
                    "start": 11,
                    "end": 22,
                    "label": "기밀정보"
                }
            ]
        },
        {
            "sentence": "환경 영향 평가에 매장 후보지 좌표(37.123456,127.123456)가 포함되어 토양 및 배수 규제 검토가 완료되었습니다.",
            "id": "sample_080_0097_000030",
            "annotations": []
        }
    ]
}