{
    "document_id": "080_0015",
    "document_title": "사망관리 및 장례절차 기록서(사망자 관리 파일)",
    "data": [
        {
            "sentence": "본 문서는 장례 및 사망 관리 프로세스의 공식 기록으로서 사망자 식별, 법적 문서, 의료보고 및 운영 로그를 포함한다.",
            "id": "sample_080_0015_000001",
            "annotations": []
        },
        {
            "sentence": "피상실자 기본정보: 성명 장상우, 주민등록번호 990101-1234567, 생년월일: 1955-07-12.",
            "id": "sample_080_0015_000002",
            "annotations": [
                {
                    "word": "장상우",
                    "start": 14,
                    "end": 17,
                    "label": "개인정보"
                },
                {
                    "word": "990101-1234567",
                    "start": 26,
                    "end": 40,
                    "label": "개인정보"
                },
                {
                    "word": "1955",
                    "start": 48,
                    "end": 52,
                    "label": "준식별자"
                },
                {
                    "word": "07",
                    "start": 53,
                    "end": 55,
                    "label": "준식별자"
                },
                {
                    "word": "12",
                    "start": 33,
                    "end": 35,
                    "label": "준식별자"
                },
                {
                    "word": "12",
                    "start": 56,
                    "end": 58,
                    "label": "준식별자"
                }
            ]
        },
        {
            "sentence": "출생지는 부산광역시 해운대구로 기록되며, 관할 등록부의 원문과 대조하여 보관한다.",
            "id": "sample_080_0015_000003",
            "annotations": [
                {
                    "word": "부산광역시",
                    "start": 5,
                    "end": 10,
                    "label": "준식별자"
                },
                {
                    "word": "해운대구",
                    "start": 11,
                    "end": 15,
                    "label": "준식별자"
                }
            ]
        },
        {
            "sentence": "성별은 남성으로 등록되었고, 국적은 대한민국으로 표기되어 국제 이송 시 영사 서류와 대조 가능하다.",
            "id": "sample_080_0015_000004",
            "annotations": [
                {
                    "word": "남성",
                    "start": 4,
                    "end": 6,
                    "label": "준식별자"
                },
                {
                    "word": "대한민국",
                    "start": 20,
                    "end": 24,
                    "label": "준식별자"
                }
            ]
        },
        {
            "sentence": "기본 연락처 및 주소: 서울특별시 강남구 역삼동 123-45(실거주지), 연락처 010-1234-5678, 이메일 jangsangwoo@example.com.",
            "id": "sample_080_0015_000005",
            "annotations": [
                {
                    "word": "서울특별시 강남구 역삼동 123-45",
                    "start": 13,
                    "end": 33,
                    "label": "개인정보"
                },
                {
                    "word": "010-1234-5678",
                    "start": 45,
                    "end": 58,
                    "label": "개인정보"
                },
                {
                    "word": "jangsangwoo@example.com",
                    "start": 64,
                    "end": 87,
                    "label": "개인정보"
                }
            ]
        },
        {
            "sentence": "사망장소는 강남서울병원 응급실로 표기하였고, 현장 보고서와 CCTV 연동 기록을 별도 보존한다.",
            "id": "sample_080_0015_000006",
            "annotations": []
        },
        {
            "sentence": "사망일시(타임스탬프)는 2024-01-15T14:32:00+09:00로 기록되었으며, 신고 접수 타임스탬프와 일치하는지 검증하였다.",
            "id": "sample_080_0015_000007",
            "annotations": [
                {
                    "word": "2024",
                    "start": 13,
                    "end": 17,
                    "label": "준식별자"
                },
                {
                    "word": "01",
                    "start": 18,
                    "end": 20,
                    "label": "준식별자"
                },
                {
                    "word": "15",
                    "start": 21,
                    "end": 23,
                    "label": "준식별자"
                }
            ]
        },
        {
            "sentence": "사망원인(의학적 소견): 급성심근경색으로 기재하였고, 표준 코드 ICD-10 I21.9를 병기하였다.",
            "id": "sample_080_0015_000008",
            "annotations": []
        },
        {
            "sentence": "사망 형태는 자연사(natural)로 분류되며, 관련 의료기록과 부검결과에 따라 변경 가능하도록 메타데이터를 유지한다.",
            "id": "sample_080_0015_000009",
            "annotations": []
        },
        {
            "sentence": "사망진단서 번호 DCN-2024-000123은 발급기관 서울특별시 서초구청에 등록되었고, 전자문서 원본은 ISO8601 타임스탬프와 함께 저장된다.",
            "id": "sample_080_0015_000010",
            "annotations": [
                {
                    "word": "DCN-2024-000123",
                    "start": 9,
                    "end": 24,
                    "label": "개인정보"
                }
            ]
        },
        {
            "sentence": "검시관 보고서 ID MER-2024-0156이 생성되었고, 부검 요약은 안전한 의료저장소에 암호화되어 보관한다.",
            "id": "sample_080_0015_000011",
            "annotations": [
                {
                    "word": "MER-2024-0156",
                    "start": 11,
                    "end": 24,
                    "label": "기밀정보"
                }
            ]
        },
        {
            "sentence": "부검 요약: 심장 대동맥 부위의 급성 허혈성 병변 확인, 추가 조직 검사 결과는 별도 보고서로 첨부한다.",
            "id": "sample_080_0015_000012",
            "annotations": []
        },
        {
            "sentence": "유족(Next of Kin): 민소윤(배우자), 연락처 010-9876-5432, 이메일 minsoyun@example.com으로 동의 및 서명내역을 수집하였다.",
            "id": "sample_080_0015_000013",
            "annotations": [
                {
                    "word": "민소윤",
                    "start": 17,
                    "end": 20,
                    "label": "개인정보"
                },
                {
                    "word": "010-9876-5432",
                    "start": 31,
                    "end": 44,
                    "label": "개인정보"
                },
                {
                    "word": "minsoyun@example.com",
                    "start": 50,
                    "end": 70,
                    "label": "개인정보"
                }
            ]
        },
        {
            "sentence": "법적 대리인(집행자)은 원용건으로 지정되었으며, 위임장 사본과 신원확인 문서를 첨부하였다.",
            "id": "sample_080_0015_000014",
            "annotations": [
                {
                    "word": "원용건",
                    "start": 13,
                    "end": 16,
                    "label": "개인정보"
                }
            ]
        },
        {
            "sentence": "장례식장 및 담당자: 장례업체 ID FH-009, 장의사 방근우(면허번호 FD-2024-0098)가 책임자로 지정되어 운영 로그에 기록되었다.",
            "id": "sample_080_0015_000015",
            "annotations": [
                {
                    "word": "FH-009",
                    "start": 20,
                    "end": 26,
                    "label": "기밀정보"
                },
                {
                    "word": "방근우",
                    "start": 32,
                    "end": 35,
                    "label": "개인정보"
                },
                {
                    "word": "FD-2024-0098",
                    "start": 41,
                    "end": 53,
                    "label": "개인정보"
                }
            ]
        },
        {
            "sentence": "처분 방법은 화장(cremation)으로 결정되었고, 화장허가번호 CPN-2024-0789가 발급되었다.",
            "id": "sample_080_0015_000016",
            "annotations": [
                {
                    "word": "CPN-2024-0789",
                    "start": 37,
                    "end": 50,
                    "label": "개인정보"
                }
            ]
        },
        {
            "sentence": "매장 옵션이 병행 기록되어 매장 플롯 ID PLOT-5678과 묘지명 하늘공원묘지 좌표 37.123456,127.123456이 데이터에 포함되었다.",
            "id": "sample_080_0015_000017",
            "annotations": [
                {
                    "word": "PLOT-5678",
                    "start": 24,
                    "end": 33,
                    "label": "기밀정보"
                }
            ]
        },
        {
            "sentence": "유해 이송 이력: TRANS-2024-3321 운송기록이 생성되었고, 운송 시작·종료 타임스탬프 및 서명자를 체인 오브 커스터디로 보관한다.",
            "id": "sample_080_0015_000018",
            "annotations": [
                {
                    "word": "TRANS-2024-3321",
                    "start": 10,
                    "end": 25,
                    "label": "기밀정보"
                }
            ]
        },
        {
            "sentence": "방부(embalming) 보고서에는 사용 화학물질명과 농도, 작업자 서명 및 보안 잠금 장치 로그를 포함하도록 표준화하였다.",
            "id": "sample_080_0015_000019",
            "annotations": []
        },
        {
            "sentence": "냉동·안치 정보: 저장소 FRZ-LOC-03에 보관되었고, 온도 -2°C로 제어되었으며 입·출고 타임스탬프가 연동되어 있다.",
            "id": "sample_080_0015_000020",
            "annotations": [
                {
                    "word": "FRZ-LOC-03",
                    "start": 14,
                    "end": 24,
                    "label": "기밀정보"
                }
            ]
        },
        {
            "sentence": "종교·의전 체크리스트: 신앙 항목에 기독교가 선택되었으며, 염습·복장·예식 순서가 구조화된 항목으로 저장되었다.",
            "id": "sample_080_0015_000021",
            "annotations": [
                {
                    "word": "기독교",
                    "start": 20,
                    "end": 23,
                    "label": "준식별자"
                }
            ]
        },
        {
            "sentence": "장례 예식 일정: 봉안 및 예배는 2024-01-20T10:00:00+09:00에 강남장례식장 2층에서 진행될 예정이다.",
            "id": "sample_080_0015_000022",
            "annotations": [
                {
                    "word": "2024",
                    "start": 19,
                    "end": 23,
                    "label": "준식별자"
                },
                {
                    "word": "01",
                    "start": 24,
                    "end": 26,
                    "label": "준식별자"
                },
                {
                    "word": "20",
                    "start": 19,
                    "end": 21,
                    "label": "준식별자"
                },
                {
                    "word": "20",
                    "start": 27,
                    "end": 29,
                    "label": "준식별자"
                }
            ]
        },
        {
            "sentence": "부고문 초안과 온라인 추모 페이지(https://memorial.example.com/obit/080_0015)는 법적 고지 문구를 포함하여 관리된다.",
            "id": "sample_080_0015_000023",
            "annotations": []
        },
        {
            "sentence": "조문객 명부에는 진수훈, 심리라, 진태성이 기록되었고, 출입 로그와 개인정보 동의 여부를 병기하였다.",
            "id": "sample_080_0015_000024",
            "annotations": [
                {
                    "word": "진수훈",
                    "start": 9,
                    "end": 12,
                    "label": "개인정보"
                },
                {
                    "word": "심리라",
                    "start": 14,
                    "end": 17,
                    "label": "개인정보"
                },
                {
                    "word": "진태성",
                    "start": 19,
                    "end": 22,
                    "label": "개인정보"
                }
            ]
        },
        {
            "sentence": "계약서 및 청구: 청구서 INV-2024-0456가 발행되었으며 결제 계좌 국민은행 123-456789-01로 지정되어 회계시스템과 연동되었다.",
            "id": "sample_080_0015_000025",
            "annotations": [
                {
                    "word": "INV-2024-0456",
                    "start": 14,
                    "end": 27,
                    "label": "기밀정보"
                },
                {
                    "word": "국민은행 123-456789-01",
                    "start": 42,
                    "end": 60,
                    "label": "기밀정보"
                }
            ]
        },
        {
            "sentence": "보험 청구 관련 참조번호 INS-2024-8877이 생성되어 보험사 처리 상태와 연계하여 모니터링 한다.",
            "id": "sample_080_0015_000026",
            "annotations": [
                {
                    "word": "INS-2024-8877",
                    "start": 14,
                    "end": 27,
                    "label": "기밀정보"
                }
            ]
        },
        {
            "sentence": "동의 및 위임 문서: 위임자 서명자 한두희, 서명일시 2024-01-16T09:12:00+09:00로 저장되며 접근 권한은 최소화된다.",
            "id": "sample_080_0015_000027",
            "annotations": [
                {
                    "word": "한두희",
                    "start": 20,
                    "end": 23,
                    "label": "개인정보"
                }
            ]
        },
        {
            "sentence": "감사 추적: 접근 로그는 불변형 감사로그로 보관되며, 최근 접근 계정 audit_admin이 2024-01-17T11:00:00+09:00에 조회했다.",
            "id": "sample_080_0015_000028",
            "annotations": [
                {
                    "word": "audit_admin",
                    "start": 39,
                    "end": 50,
                    "label": "기밀정보"
                }
            ]
        },
        {
            "sentence": "보존 기간 및 폐기: 관할법령에 따른 보존기간을 메타데이터로 관리하며, 자동 만료 시점에 폐기 프로세스가 트리거된다.",
            "id": "sample_080_0015_000029",
            "annotations": []
        },
        {
            "sentence": "환경영향 보고서는 매장 선택 시 토양침출수 및 수로 영향 평가 보고서를 별도 첨부하여 규제 준수를 확인한다.",
            "id": "sample_080_0015_000030",
            "annotations": []
        }
    ]
}