{
    "document_id": "080_0066",
    "document_title": "사망관리 및 장례 이력 기록서",
    "data": [
        {
            "sentence": "본 문서는 장례 및 사망 관리 목적으로 생성된 공식 기록서로서 내부 보관 및 법적 제출용으로 사용됩니다.",
            "id": "sample_080_0066_000001",
            "annotations": []
        },
        {
            "sentence": "사망자 고유ID는 DEC-2025-0001로 등록되어 있으며 관련 처리 이력은 암호화 상태로 보관됩니다.",
            "id": "sample_080_0066_000002",
            "annotations": [
                {
                    "word": "DEC-2025-0001",
                    "start": 10,
                    "end": 23,
                    "label": "개인정보"
                }
            ]
        },
        {
            "sentence": "피상실자 성명은 문가람으로 등재되어 있고 본 기록은 최소수집 원칙에 따라 생성되었습니다.",
            "id": "sample_080_0066_000003",
            "annotations": [
                {
                    "word": "문가람",
                    "start": 9,
                    "end": 12,
                    "label": "개인정보"
                }
            ]
        },
        {
            "sentence": "생년월일은 1990년 1월 1일로 기록되어 있으며 날짜 정보는 연·월·일 단위로 감사 로그에 분리 저장됩니다.",
            "id": "sample_080_0066_000004",
            "annotations": [
                {
                    "word": "1990년 1월 1일",
                    "start": 6,
                    "end": 17,
                    "label": "준식별자"
                }
            ]
        },
        {
            "sentence": "출생지는 부산광역시 해운대구로 등록되어 있어 관할 행정구역 기준 보존정책이 적용됩니다.",
            "id": "sample_080_0066_000005",
            "annotations": [
                {
                    "word": "부산광역시 해운대구",
                    "start": 5,
                    "end": 15,
                    "label": "준식별자"
                }
            ]
        },
        {
            "sentence": "성별은 남성으로 표준화된 코드값으로 저장되며 접근권한이 제한됩니다.",
            "id": "sample_080_0066_000006",
            "annotations": [
                {
                    "word": "남성",
                    "start": 4,
                    "end": 6,
                    "label": "준식별자"
                }
            ]
        },
        {
            "sentence": "국적은 대한민국으로 기록되어 있으며 국제 이송 관련 문서 분류에 사용됩니다.",
            "id": "sample_080_0066_000007",
            "annotations": [
                {
                    "word": "대한민국",
                    "start": 4,
                    "end": 8,
                    "label": "준식별자"
                }
            ]
        },
        {
            "sentence": "주민등록번호는 900101-1234567로 수집되었고 저장 시 암호화와 접근 통제 대상입니다.",
            "id": "sample_080_0066_000008",
            "annotations": [
                {
                    "word": "900101-1234567",
                    "start": 8,
                    "end": 22,
                    "label": "개인정보"
                }
            ]
        },
        {
            "sentence": "상세 주소는 서울특별시 강남구 역삼동 123-45로 기재되어 있으며 주소 정보는 최소화 및 가명화 정책이 적용됩니다.",
            "id": "sample_080_0066_000009",
            "annotations": [
                {
                    "word": "서울특별시 강남구 역삼동 123-45",
                    "start": 7,
                    "end": 27,
                    "label": "개인정보"
                }
            ]
        },
        {
            "sentence": "연락처는 010-1234-5678이며 이메일은 mungaram@example.com으로 디지털 자산 연결 관리 정책에 등록되어 있습니다.",
            "id": "sample_080_0066_000010",
            "annotations": [
                {
                    "word": "010-1234-5678",
                    "start": 5,
                    "end": 18,
                    "label": "개인정보"
                },
                {
                    "word": "mungaram@example.com",
                    "start": 26,
                    "end": 46,
                    "label": "개인정보"
                }
            ]
        },
        {
            "sentence": "사망 일시(ISO8601)는 2025-12-15T14:32:00+09:00로 기록되었고 모든 타임스탬프는 무결성 검증 대상입니다.",
            "id": "sample_080_0066_000011",
            "annotations": [
                {
                    "word": "2025-12-15T14:32:00+09:00",
                    "start": 16,
                    "end": 41,
                    "label": "준식별자"
                }
            ]
        },
        {
            "sentence": "사망 발생 장소는 서울특별시 강남구 테헤란로 456, 삼성병원 3층 병동으로 보고되어 시설 식별자와 함께 보관됩니다.",
            "id": "sample_080_0066_000012",
            "annotations": [
                {
                    "word": "서울특별시 강남구 테헤란로 456, 삼성병원 3층 병동",
                    "start": 10,
                    "end": 40,
                    "label": "개인정보"
                }
            ]
        },
        {
            "sentence": "사망원인 텍스트는 심근경색으로 기재되었고 진단코드로는 ICD-10 I21이 참조됩니다.",
            "id": "sample_080_0066_000013",
            "annotations": []
        },
        {
            "sentence": "사망 유형은 natural(자연사)로 분류되었으며 관련 법적 보고 요건이 적용됩니다.",
            "id": "sample_080_0066_000014",
            "annotations": []
        },
        {
            "sentence": "사망진단서 번호는 DC-20251215-001이며 발급 기관은 서울특별시 강남구청으로 등재되어 있습니다.",
            "id": "sample_080_0066_000015",
            "annotations": [
                {
                    "word": "DC-20251215-001",
                    "start": 10,
                    "end": 25,
                    "label": "개인정보"
                }
            ]
        },
        {
            "sentence": "검시보고서 식별자는 ME-2025-0009로 부여되었고 검시관 소속 기관 연락처는 내부문서에 별도 보관됩니다.",
            "id": "sample_080_0066_000016",
            "annotations": [
                {
                    "word": "ME-2025-0009",
                    "start": 11,
                    "end": 23,
                    "label": "개인정보"
                }
            ]
        },
        {
            "sentence": "부검 요약: 좌심실 전벽의 광범위 괴사와 혈전 형성이 관찰되어 임상적 소견과 부합합니다.",
            "id": "sample_080_0066_000017",
            "annotations": []
        },
        {
            "sentence": "주요 연락처이자 다음 친족은 허규상으로 등재되어 있으며 연락처는 010-9876-5432로 기록되어 있습니다.",
            "id": "sample_080_0066_000018",
            "annotations": [
                {
                    "word": "허규상",
                    "start": 16,
                    "end": 19,
                    "label": "개인정보"
                },
                {
                    "word": "010-9876-5432",
                    "start": 36,
                    "end": 49,
                    "label": "개인정보"
                }
            ]
        },
        {
            "sentence": "법적 대리인(집행자)은 고건율로 지정되어 있고 대리인 연락처는 010-5555-0000으로 등록되어 있습니다.",
            "id": "sample_080_0066_000019",
            "annotations": [
                {
                    "word": "고건율",
                    "start": 13,
                    "end": 16,
                    "label": "개인정보"
                },
                {
                    "word": "010-5555-0000",
                    "start": 35,
                    "end": 48,
                    "label": "개인정보"
                }
            ]
        },
        {
            "sentence": "장례식장 식별자는 FH-110022이며 주담당 장례지도사 명칭은 고남현, 면허번호는 FD-998877로 기록됩니다.",
            "id": "sample_080_0066_000020",
            "annotations": [
                {
                    "word": "FH-110022",
                    "start": 10,
                    "end": 19,
                    "label": "기밀정보"
                },
                {
                    "word": "고남현",
                    "start": 36,
                    "end": 39,
                    "label": "개인정보"
                },
                {
                    "word": "FD-998877",
                    "start": 47,
                    "end": 56,
                    "label": "개인정보"
                }
            ]
        },
        {
            "sentence": "처리 방법은 cremation(화장)으로 결정되었고 화장 허가 번호는 CR-2025-3344로 발급되었습니다.",
            "id": "sample_080_0066_000021",
            "annotations": [
                {
                    "word": "CR-2025-3344",
                    "start": 39,
                    "end": 51,
                    "label": "개인정보"
                }
            ]
        },
        {
            "sentence": "매장 플롯 ID는 BP-00987이며 매장지 명칭은 서울추모공원으로 좌표 정보는 환경영향 보고서에 포함됩니다.",
            "id": "sample_080_0066_000022",
            "annotations": [
                {
                    "word": "BP-00987",
                    "start": 10,
                    "end": 18,
                    "label": "기밀정보"
                }
            ]
        },
        {
            "sentence": "운송 기록은 체인오브커스터디 로그로 보관되며 2025-12-15T15:10:00+09:00에 정여경이 서명하여 인계하였습니다.",
            "id": "sample_080_0066_000023",
            "annotations": [
                {
                    "word": "정여경",
                    "start": 52,
                    "end": 55,
                    "label": "개인정보"
                }
            ]
        },
        {
            "sentence": "방부 처리 보고서에는 사용 약품 및 농도, 처리 일시와 처리자 식별자가 무결성 검증과 함께 기록됩니다.",
            "id": "sample_080_0066_000024",
            "annotations": []
        },
        {
            "sentence": "냉장 보관 위치는 장례식장 냉동고 A1이며 보관 온도는 -18°C로 연속 모니터링되어 타임스탬프와 함께 저장됩니다.",
            "id": "sample_080_0066_000025",
            "annotations": []
        },
        {
            "sentence": "종교적 의전 체크리스트: 천주교 전통에 따른 염습 여부, 의복 지정 및 미사 일정이 구조화된 항목으로 기록됩니다.",
            "id": "sample_080_0066_000026",
            "annotations": [
                {
                    "word": "천주교",
                    "start": 14,
                    "end": 17,
                    "label": "준식별자"
                }
            ]
        },
        {
            "sentence": "예배 및 봉안식 일정은 2025-12-18T10:00:00+09:00에 서울추모공원 2층 홀에서 진행될 예정입니다.",
            "id": "sample_080_0066_000027",
            "annotations": [
                {
                    "word": "2025-12-18T10:00:00+09:00",
                    "start": 13,
                    "end": 38,
                    "label": "준식별자"
                }
            ]
        },
        {
            "sentence": "부고문 및 온라인 추모 페이지는 https://memorial.example.com/mungaram로 개설되었고 접근 통제 정책이 적용됩니다.",
            "id": "sample_080_0066_000028",
            "annotations": [
                {
                    "word": "https://memorial.example.com/mungaram",
                    "start": 18,
                    "end": 55,
                    "label": "기밀정보"
                }
            ]
        },
        {
            "sentence": "조문객 명단에 문장현과 방리진 등의 방문 기록이 등재되어 있으며 방문 기록은 접근 제한 로그와 연동됩니다.",
            "id": "sample_080_0066_000029",
            "annotations": [
                {
                    "word": "문장현",
                    "start": 8,
                    "end": 11,
                    "label": "개인정보"
                },
                {
                    "word": "방리진",
                    "start": 13,
                    "end": 16,
                    "label": "개인정보"
                }
            ]
        },
        {
            "sentence": "계약서 및 항목별 청구서에는 계좌 정보와 비용 내역이 포함되며 결제 계좌는 국민은행 123-456789-01로 명시됩니다.",
            "id": "sample_080_0066_000030",
            "annotations": [
                {
                    "word": "국민은행 123-456789-01",
                    "start": 42,
                    "end": 60,
                    "label": "기밀정보"
                }
            ]
        },
        {
            "sentence": "보험 청구 참조번호 INS-556677은 보험사 처리 현황과 연동되어 감사 추적 대상입니다.",
            "id": "sample_080_0066_000031",
            "annotations": [
                {
                    "word": "INS-556677",
                    "start": 11,
                    "end": 21,
                    "label": "기밀정보"
                }
            ]
        },
        {
            "sentence": "동의서 및 위임서는 서명자, 서명 일시(ISO8601), 그리고 법적 근거가 명시되어 있으며 원본은 관할기관 제출용으로 보존됩니다.",
            "id": "sample_080_0066_000032",
            "annotations": []
        },
        {
            "sentence": "보존 정책은 관할법령을 기준으로 10년 보존 후 자동 폐기되도록 메타데이터에 기록되어 있으며 폐기 로그가 생성됩니다.",
            "id": "sample_080_0066_000033",
            "annotations": []
        },
        {
            "sentence": "모든 접근 및 변경 내역은 변경 불가능한 감사로그로 저장되며 로그에는 사용자, 위치, 시간, 작업 사유가 포함됩니다.",
            "id": "sample_080_0066_000034",
            "annotations": []
        }
    ]
}