{
    "document_id": "080_0092",
    "document_title": "사망자 관리 및 장례 처리 기록서",
    "data": [
        {
            "sentence": "본 문서는 장례 및 사망 관리 기록서로, 대상 문서 ID는 DEC-2026-0001입니다.",
            "id": "sample_080_0092_000001",
            "annotations": [
                {
                    "word": "DEC-2026-0001",
                    "start": 33,
                    "end": 46,
                    "label": "개인정보"
                }
            ]
        },
        {
            "sentence": "피상실자 성명은 지영국이며 본 문서는 사망자 고유ID와 연결되어 있습니다.",
            "id": "sample_080_0092_000002",
            "annotations": [
                {
                    "word": "지영국",
                    "start": 9,
                    "end": 12,
                    "label": "개인정보"
                }
            ]
        },
        {
            "sentence": "생년월일은 1985-06-15로 기록되어 있으며 출생지는 서울특별시 용산구로 등재되어 있습니다.",
            "id": "sample_080_0092_000003",
            "annotations": [
                {
                    "word": "1985-06-15",
                    "start": 6,
                    "end": 16,
                    "label": "준식별자"
                },
                {
                    "word": "서울특별시 용산구",
                    "start": 32,
                    "end": 41,
                    "label": "준식별자"
                }
            ]
        },
        {
            "sentence": "성별은 남성으로 표기되며 국적은 대한민국입니다.",
            "id": "sample_080_0092_000004",
            "annotations": [
                {
                    "word": "남성",
                    "start": 4,
                    "end": 6,
                    "label": "준식별자"
                },
                {
                    "word": "대한민국",
                    "start": 18,
                    "end": 22,
                    "label": "준식별자"
                }
            ]
        },
        {
            "sentence": "주민등록번호는 850615-1234567로 접수되었으며 본 필드에 대해서는 최소수집 및 암호화 원칙을 적용합니다.",
            "id": "sample_080_0092_000005",
            "annotations": [
                {
                    "word": "850615-1234567",
                    "start": 8,
                    "end": 22,
                    "label": "개인정보"
                }
            ]
        },
        {
            "sentence": "사망 일시는 2026-01-20T22:35:00+09:00로 의료기록과 ISO8601 형식으로 정렬되어 있습니다.",
            "id": "sample_080_0092_000006",
            "annotations": [
                {
                    "word": "2026-01-20T22:35:00+09:00",
                    "start": 7,
                    "end": 32,
                    "label": "준식별자"
                }
            ]
        },
        {
            "sentence": "사망 장소는 서울중앙병원, 서울특별시 종로구 종로1가 1-1 101호(응급외상센터)로 기록되어 있습니다.",
            "id": "sample_080_0092_000007",
            "annotations": [
                {
                    "word": "서울중앙병원, 서울특별시 종로구 종로1가 1-1 101호(응급외상센터)",
                    "start": 7,
                    "end": 46,
                    "label": "개인정보"
                }
            ]
        },
        {
            "sentence": "사망원인 텍스트는 급성 심근경색으로 보고되었고 ICD-10 코드는 I21.9로 표준화했습니다.",
            "id": "sample_080_0092_000008",
            "annotations": []
        },
        {
            "sentence": "사망 방식(manner)은 자연사(natural)로 분류되었습니다.",
            "id": "sample_080_0092_000009",
            "annotations": []
        },
        {
            "sentence": "사망진단서 번호는 DC-2026-00987이며 발급기관은 서울시 보건소 장례과로 표기되어 있습니다.",
            "id": "sample_080_0092_000010",
            "annotations": [
                {
                    "word": "DC-2026-00987",
                    "start": 10,
                    "end": 23,
                    "label": "개인정보"
                }
            ]
        },
        {
            "sentence": "검시보고서 ID는 ME-2026-33001로 첨부되었으며 부검 요약은 외상 소견 없이 급성 관상동맥 폐색 소견입니다.",
            "id": "sample_080_0092_000011",
            "annotations": [
                {
                    "word": "ME-2026-33001",
                    "start": 10,
                    "end": 23,
                    "label": "개인정보"
                }
            ]
        },
        {
            "sentence": "검시관 연락처는 02-2233-4455로 긴급연락 기준에 따라 등록되어 있습니다.",
            "id": "sample_080_0092_000012",
            "annotations": [
                {
                    "word": "02-2233-4455",
                    "start": 9,
                    "end": 21,
                    "label": "개인정보"
                }
            ]
        },
        {
            "sentence": "법정대리인 및 다음 친족 정보: 배우자 성시윤(연락처 010-1111-2222)로 신고되어 있습니다.",
            "id": "sample_080_0092_000013",
            "annotations": [
                {
                    "word": "성시윤",
                    "start": 22,
                    "end": 25,
                    "label": "개인정보"
                },
                {
                    "word": "010-1111-2222",
                    "start": 30,
                    "end": 43,
                    "label": "개인정보"
                }
            ]
        },
        {
            "sentence": "유언 집행자(executor)는 양대원이며 위임증 ID EXE-5543으로 권한이 위임되었습니다.",
            "id": "sample_080_0092_000014",
            "annotations": [
                {
                    "word": "양대원",
                    "start": 18,
                    "end": 21,
                    "label": "개인정보"
                },
                {
                    "word": "EXE-5543",
                    "start": 31,
                    "end": 39,
                    "label": "개인정보"
                }
            ]
        },
        {
            "sentence": "장례업체 식별자 FH-77-202가 기록되어 있으며 업체 내부계정 및 청구는 기밀정보로 분류됩니다.",
            "id": "sample_080_0092_000015",
            "annotations": [
                {
                    "word": "FH-77-202",
                    "start": 9,
                    "end": 18,
                    "label": "기밀정보"
                }
            ]
        },
        {
            "sentence": "장례지도사는 고다윤으로 면허번호 FDR-9988이 기록되었으며 면허 및 서명은 접근제어 대상입니다.",
            "id": "sample_080_0092_000016",
            "annotations": [
                {
                    "word": "고다윤",
                    "start": 7,
                    "end": 10,
                    "label": "개인정보"
                },
                {
                    "word": "FDR-9988",
                    "start": 18,
                    "end": 26,
                    "label": "개인정보"
                }
            ]
        },
        {
            "sentence": "처분 방법은 화장(cremation)으로 결정되었으며 화장 허가번호는 CR-2026-77001입니다.",
            "id": "sample_080_0092_000017",
            "annotations": [
                {
                    "word": "CR-2026-77001",
                    "start": 39,
                    "end": 52,
                    "label": "개인정보"
                }
            ]
        },
        {
            "sentence": "매장 플롯 ID는 BPL-0099로 서울추모공원에 지정되어 있으며 좌표는 37.5665,126.9780으로 기록됩니다.",
            "id": "sample_080_0092_000018",
            "annotations": [
                {
                    "word": "BPL-0099",
                    "start": 10,
                    "end": 18,
                    "label": "개인정보"
                }
            ]
        },
        {
            "sentence": "유해 이송 기록(transfer_log)은 차량 출발 2026-01-21T02:15:00+09:00, 도착 2026-01-21T03:05:00+09:00로 타임스탬프가 남아 있습니다.",
            "id": "sample_080_0092_000019",
            "annotations": [
                {
                    "word": "2026-01-21T02:15:00+09:00",
                    "start": 30,
                    "end": 55,
                    "label": "준식별자"
                },
                {
                    "word": "2026-01-21T03:05:00+09:00",
                    "start": 60,
                    "end": 85,
                    "label": "준식별자"
                }
            ]
        },
        {
            "sentence": "염습 및 방부 작업 보고서에는 사용 약품 목록과 방부제 종류가 기술되어 있습니다.",
            "id": "sample_080_0092_000020",
            "annotations": []
        },
        {
            "sentence": "안치 냉장고 위치는 안치실 A동 냉장고 3호로 온도 기록은 -2.1℃에서 4시간 간격으로 기록됩니다.",
            "id": "sample_080_0092_000021",
            "annotations": []
        },
        {
            "sentence": "종교적 요구사항은 천주교로, 의전 체크리스트에 관 속 흰 천 사용과 영세 여부가 포함되어 있습니다.",
            "id": "sample_080_0092_000022",
            "annotations": [
                {
                    "word": "천주교",
                    "start": 10,
                    "end": 13,
                    "label": "준식별자"
                }
            ]
        },
        {
            "sentence": "장례 예배는 2026-01-24T10:00:00+09:00에 서울추모공원 2층 예식장(주소 생략)에서 예정되어 있습니다.",
            "id": "sample_080_0092_000023",
            "annotations": [
                {
                    "word": "2026-01-24T10:00:00+09:00",
                    "start": 7,
                    "end": 32,
                    "label": "준식별자"
                }
            ]
        },
        {
            "sentence": "추모 페이지 URL은 https://memorial.example.com/jeeyounguk 으로 생성되어 온라인 조문과 기부 안내가 포함됩니다.",
            "id": "sample_080_0092_000024",
            "annotations": [
                {
                    "word": "https://memorial.example.com/jeeyounguk",
                    "start": 12,
                    "end": 51,
                    "label": "개인정보"
                }
            ]
        },
        {
            "sentence": "방명록에는 고용찬, 방가을, 백연승 등 참석자가 서명한 명단이 링크된 문서로 보존됩니다.",
            "id": "sample_080_0092_000025",
            "annotations": [
                {
                    "word": "고용찬",
                    "start": 6,
                    "end": 9,
                    "label": "개인정보"
                },
                {
                    "word": "방가을",
                    "start": 11,
                    "end": 14,
                    "label": "개인정보"
                },
                {
                    "word": "백연승",
                    "start": 16,
                    "end": 19,
                    "label": "개인정보"
                }
            ]
        },
        {
            "sentence": "계약서 및 비용 내역에는 기업은행 123-456-789012 계좌로의 선지급 조건이 명시되어 있으며 은행계좌는 기밀정보로 취급됩니다.",
            "id": "sample_080_0092_000026",
            "annotations": [
                {
                    "word": "기업은행 123-456-789012",
                    "start": 14,
                    "end": 33,
                    "label": "기밀정보"
                }
            ]
        },
        {
            "sentence": "보험 청구 레퍼런스 IC-2026-5567은 진행 중(pending)으로 보험사와의 해당 식별번호는 기밀로 분류됩니다.",
            "id": "sample_080_0092_000027",
            "annotations": [
                {
                    "word": "IC-2026-5567",
                    "start": 11,
                    "end": 23,
                    "label": "기밀정보"
                }
            ]
        },
        {
            "sentence": "동의서 및 권한 위임서에는 지영국(서명) 2026-01-21T09:12:00+09:00, 성시윤(서명) 2026-01-21T09:15:00+09:00가 포함되어 있습니다.",
            "id": "sample_080_0092_000028",
            "annotations": [
                {
                    "word": "지영국",
                    "start": 15,
                    "end": 18,
                    "label": "개인정보"
                },
                {
                    "word": "2026-01-21T09:12:00+09:00",
                    "start": 23,
                    "end": 48,
                    "label": "준식별자"
                },
                {
                    "word": "성시윤",
                    "start": 50,
                    "end": 53,
                    "label": "개인정보"
                },
                {
                    "word": "2026-01-21T09:15:00+09:00",
                    "start": 58,
                    "end": 83,
                    "label": "준식별자"
                }
            ]
        },
        {
            "sentence": "디지털 자산 관련 계정 삭제 요청 이메일은 jeeyounguk.email@example.com 으로 접수되었습니다.",
            "id": "sample_080_0092_000029",
            "annotations": [
                {
                    "word": "jeeyounguk.email@example.com",
                    "start": 24,
                    "end": 52,
                    "label": "개인정보"
                }
            ]
        },
        {
            "sentence": "감사 로그에는 admin_user_02 계정의 접근기록이 있으며 접근 시간과 변경 내역은 불변의 감사를 위해 저장됩니다.",
            "id": "sample_080_0092_000030",
            "annotations": [
                {
                    "word": "admin_user_02",
                    "start": 8,
                    "end": 21,
                    "label": "기밀정보"
                }
            ]
        }
    ]
}