{
    "document_id": "080_0051",
    "document_title": "사망자 등록 및 장례관리 종합 기록서",
    "data": [
        {
            "sentence": "문서 개요: 본 기록은 사망자 등록 및 장례관리의 전반적 이력과 관련 문서를 표준화하여 보관한 운영용 파일입니다.",
            "id": "sample_080_0051_000001",
            "annotations": []
        },
        {
            "sentence": "사망자 고유ID(decendent_id)는 DCD-2025-0001로 시스템에 등록되어 있으며 접근 제어와 암호화 대상입니다.",
            "id": "sample_080_0051_000002",
            "annotations": [
                {
                    "word": "DCD-2025-0001",
                    "start": 24,
                    "end": 37,
                    "label": "개인정보"
                }
            ]
        },
        {
            "sentence": "사망자 성명(full_name)은 김형섭으로 기록되어 있고, 법적 문서와 일치합니다.",
            "id": "sample_080_0051_000003",
            "annotations": [
                {
                    "word": "김형섭",
                    "start": 19,
                    "end": 22,
                    "label": "개인정보"
                }
            ]
        },
        {
            "sentence": "생년월일(연): 1958.",
            "id": "sample_080_0051_000004",
            "annotations": [
                {
                    "word": "1958",
                    "start": 9,
                    "end": 13,
                    "label": "준식별자"
                }
            ]
        },
        {
            "sentence": "생년월일(월): 03.",
            "id": "sample_080_0051_000005",
            "annotations": [
                {
                    "word": "03",
                    "start": 9,
                    "end": 11,
                    "label": "준식별자"
                }
            ]
        },
        {
            "sentence": "생년월일(일): 12.",
            "id": "sample_080_0051_000006",
            "annotations": [
                {
                    "word": "12",
                    "start": 9,
                    "end": 11,
                    "label": "준식별자"
                }
            ]
        },
        {
            "sentence": "출생지: 부산광역시 해운대구.",
            "id": "sample_080_0051_000007",
            "annotations": [
                {
                    "word": "부산광역시",
                    "start": 5,
                    "end": 10,
                    "label": "준식별자"
                },
                {
                    "word": "해운대구",
                    "start": 11,
                    "end": 15,
                    "label": "준식별자"
                }
            ]
        },
        {
            "sentence": "성별: 남.",
            "id": "sample_080_0051_000008",
            "annotations": [
                {
                    "word": "남",
                    "start": 4,
                    "end": 5,
                    "label": "준식별자"
                }
            ]
        },
        {
            "sentence": "국적: 대한민국.",
            "id": "sample_080_0051_000009",
            "annotations": [
                {
                    "word": "대한민국",
                    "start": 4,
                    "end": 8,
                    "label": "준식별자"
                }
            ]
        },
        {
            "sentence": "주민등록번호: 800312-1234567는 마스킹·암호화 전용 필드로 처리됩니다.",
            "id": "sample_080_0051_000010",
            "annotations": [
                {
                    "word": "800312-1234567",
                    "start": 8,
                    "end": 22,
                    "label": "개인정보"
                }
            ]
        },
        {
            "sentence": "사망일(연): 2025.",
            "id": "sample_080_0051_000011",
            "annotations": [
                {
                    "word": "2025",
                    "start": 8,
                    "end": 12,
                    "label": "준식별자"
                }
            ]
        },
        {
            "sentence": "사망일(월): 01.",
            "id": "sample_080_0051_000012",
            "annotations": [
                {
                    "word": "01",
                    "start": 8,
                    "end": 10,
                    "label": "준식별자"
                }
            ]
        },
        {
            "sentence": "사망일(일): 18.",
            "id": "sample_080_0051_000013",
            "annotations": [
                {
                    "word": "18",
                    "start": 8,
                    "end": 10,
                    "label": "준식별자"
                }
            ]
        },
        {
            "sentence": "사망 시각은 14:35로 의료기록과 일치하며 즉시 등록되었습니다.",
            "id": "sample_080_0051_000014",
            "annotations": []
        },
        {
            "sentence": "사망 장소: 서울중앙병원, 서울특별시 종로구 종로1가 1-1에 안치되어 있음을 확인했습니다.",
            "id": "sample_080_0051_000015",
            "annotations": [
                {
                    "word": "서울특별시 종로구 종로1가 1-1",
                    "start": 15,
                    "end": 33,
                    "label": "개인정보"
                }
            ]
        },
        {
            "sentence": "사망원인 텍스트: 급성 심근경색(의학적 소견 요약)이며 ICD-10 코드는 I21.9로 표준화되어 기록됩니다.",
            "id": "sample_080_0051_000016",
            "annotations": []
        },
        {
            "sentence": "사망신고서 번호(death_certificate_number)는 DC-2025-45789이며 발급기관과 타임스탬프가 함께 저장됩니다.",
            "id": "sample_080_0051_000017",
            "annotations": [
                {
                    "word": "DC-2025-45789",
                    "start": 36,
                    "end": 49,
                    "label": "개인정보"
                }
            ]
        },
        {
            "sentence": "검시관 보고서 ID(medical_examiner_report_id)는 ME-2025-0012로 내부 결재 및 보고용으로 분류되어 있습니다.",
            "id": "sample_080_0051_000018",
            "annotations": [
                {
                    "word": "ME-2025-0012",
                    "start": 40,
                    "end": 52,
                    "label": "기밀정보"
                }
            ]
        },
        {
            "sentence": "부검 요약: 대동맥 파열과 관련한 출혈 소견이 관찰되었으며 상세 소견은 별도 부검보고서에 기록되어 있습니다.",
            "id": "sample_080_0051_000019",
            "annotations": []
        },
        {
            "sentence": "검시관 연락처(coroner_contact): 전화 02-312-7788, 이메일 coroner@seoulme.kr로 긴급 문의가 가능합니다.",
            "id": "sample_080_0051_000020",
            "annotations": [
                {
                    "word": "02-312-7788",
                    "start": 29,
                    "end": 40,
                    "label": "개인정보"
                },
                {
                    "word": "coroner@seoulme.kr",
                    "start": 46,
                    "end": 64,
                    "label": "개인정보"
                }
            ]
        },
        {
            "sentence": "유족(Next of kin): 우경민(관계: 아들), 연락처 010-9876-5432로 비상 연락처에 등재되어 있습니다.",
            "id": "sample_080_0051_000021",
            "annotations": [
                {
                    "word": "우경민",
                    "start": 17,
                    "end": 20,
                    "label": "개인정보"
                },
                {
                    "word": "010-9876-5432",
                    "start": 34,
                    "end": 47,
                    "label": "개인정보"
                }
            ]
        },
        {
            "sentence": "법적 대리인(executor): 한다민, 위임서 번호 POA-2025-77이 동봉되어 법적 근거와 동의 기록이 보관됩니다.",
            "id": "sample_080_0051_000022",
            "annotations": [
                {
                    "word": "한다민",
                    "start": 18,
                    "end": 21,
                    "label": "개인정보"
                },
                {
                    "word": "POA-2025-77",
                    "start": 30,
                    "end": 41,
                    "label": "개인정보"
                }
            ]
        },
        {
            "sentence": "장례식장 ID는 FH-009로 시스템 내 자산 식별자에 해당하며 접근 제한 정책을 적용했습니다.",
            "id": "sample_080_0051_000023",
            "annotations": [
                {
                    "word": "FH-009",
                    "start": 9,
                    "end": 15,
                    "label": "기밀정보"
                }
            ]
        },
        {
            "sentence": "장례지도사명: 양종우, 면허번호 LIC-2024-3344가 계약서에 기재되어 인가 상태를 확인했습니다.",
            "id": "sample_080_0051_000024",
            "annotations": [
                {
                    "word": "양종우",
                    "start": 8,
                    "end": 11,
                    "label": "개인정보"
                },
                {
                    "word": "LIC-2024-3344",
                    "start": 18,
                    "end": 31,
                    "label": "개인정보"
                }
            ]
        },
        {
            "sentence": "처리방법: 화장(cremation)으로 결정되었으며 화장허가번호는 CR-2025-1122로 기록됩니다.",
            "id": "sample_080_0051_000025",
            "annotations": [
                {
                    "word": "CR-2025-1122",
                    "start": 37,
                    "end": 49,
                    "label": "개인정보"
                }
            ]
        },
        {
            "sentence": "매장 구획 식별자(burial_plot_id)는 BP-77이며 묘지 명은 영원추모공원으로 좌표 정보는 별도 보안 영역에 보관됩니다.",
            "id": "sample_080_0051_000026",
            "annotations": [
                {
                    "word": "BP-77",
                    "start": 27,
                    "end": 32,
                    "label": "기밀정보"
                }
            ]
        },
        {
            "sentence": "유해 이송 기록: 운송 담당 조선웅이 2025-01-19T09:20:00Z에 수송을 시작했고 관련 로그는 변경 불가능한 감사 로그로 보존됩니다.",
            "id": "sample_080_0051_000027",
            "annotations": [
                {
                    "word": "조선웅",
                    "start": 16,
                    "end": 19,
                    "label": "개인정보"
                }
            ]
        },
        {
            "sentence": "방부 및 방제보고서에는 사용 약품과 농도가 기술되어 있으며 안전 규정에 따라 폐기 절차가 명시됩니다.",
            "id": "sample_080_0051_000028",
            "annotations": []
        },
        {
            "sentence": "종교적 의전: 종교는 개신교로 염습·의복 관련 요구사항이 체크리스트로 구조화되어 있습니다.",
            "id": "sample_080_0051_000029",
            "annotations": [
                {
                    "word": "개신교",
                    "start": 12,
                    "end": 15,
                    "label": "준식별자"
                }
            ]
        },
        {
            "sentence": "방명록(guest_registry)에는 홍문재, 윤민영 등 조문객 명단이 등록되어 있으며 접근 제한과 동의 내역이 첨부됩니다.",
            "id": "sample_080_0051_000030",
            "annotations": [
                {
                    "word": "홍문재",
                    "start": 22,
                    "end": 25,
                    "label": "개인정보"
                },
                {
                    "word": "윤민영",
                    "start": 27,
                    "end": 30,
                    "label": "개인정보"
                }
            ]
        },
        {
            "sentence": "청구 및 결제 관련: 청구서에는 총액과 계좌정보(계좌번호 110-2345-678912)가 포함되어 있어 금융정보 보호 정책을 적용했습니다.",
            "id": "sample_080_0051_000031",
            "annotations": [
                {
                    "word": "110-2345-678912",
                    "start": 32,
                    "end": 47,
                    "label": "기밀정보"
                }
            ]
        },
        {
            "sentence": "보험 청구(reference): 접수번호 INS-778899이며 상태는 심사중으로 보험사와의 연계 로그를 포함합니다.",
            "id": "sample_080_0051_000032",
            "annotations": [
                {
                    "word": "INS-778899",
                    "start": 23,
                    "end": 33,
                    "label": "기밀정보"
                }
            ]
        },
        {
            "sentence": "동의 및 인가 기록(consents_and_authorizations)에는 서명자 김형섭과 서명 일시가 ISO8601 형식으로 저장되어 있습니다.",
            "id": "sample_080_0051_000033",
            "annotations": [
                {
                    "word": "김형섭",
                    "start": 46,
                    "end": 49,
                    "label": "개인정보"
                }
            ]
        },
        {
            "sentence": "내부 결재선: 승인자 홍문재(시스템ID: svc-admin-07)은 문서 접근 및 변경 권한의 기록에 포함되어 기밀로 분류됩니다.",
            "id": "sample_080_0051_000034",
            "annotations": [
                {
                    "word": "홍문재",
                    "start": 12,
                    "end": 15,
                    "label": "기밀정보"
                }
            ]
        }
    ]
}