{
    "document_id": "080_0039",
    "document_title": "사망자 관리 및 장례 절차 종합 기록서",
    "data": [
        {
            "sentence": "본 문서는 관할기관 요구 및 장례운영을 위해 생성된 사망자 관리 및 장례 절차의 종합 기록서입니다.",
            "id": "sample_080_0039_000001",
            "annotations": []
        },
        {
            "sentence": "사망자 고유 식별자(decendent_id)는 내부 관리용으로 D-2025-0039로 지정되어 기록되었습니다.",
            "id": "sample_080_0039_000002",
            "annotations": [
                {
                    "word": "D-2025-0039",
                    "start": 35,
                    "end": 46,
                    "label": "개인정보"
                }
            ]
        },
        {
            "sentence": "사망자의 성명은 구서후로 기재되어 있으며 본 문서의 식별 및 법적 문서 연동에 사용됩니다.",
            "id": "sample_080_0039_000003",
            "annotations": [
                {
                    "word": "구서후",
                    "start": 9,
                    "end": 12,
                    "label": "개인정보"
                }
            ]
        },
        {
            "sentence": "출생일은 1982-07-14로 등록되어 있으며 ISO8601 기준에 따라 년·월·일 형식으로 보관됩니다.",
            "id": "sample_080_0039_000004",
            "annotations": [
                {
                    "word": "1982",
                    "start": 5,
                    "end": 9,
                    "label": "준식별자"
                },
                {
                    "word": "07",
                    "start": 10,
                    "end": 12,
                    "label": "준식별자"
                },
                {
                    "word": "14",
                    "start": 13,
                    "end": 15,
                    "label": "준식별자"
                }
            ]
        },
        {
            "sentence": "출생지는 서울특별시 강동구로 기록되었으며 관련 행정구역 표준화 규칙에 따라 저장됩니다.",
            "id": "sample_080_0039_000005",
            "annotations": [
                {
                    "word": "서울특별시",
                    "start": 5,
                    "end": 10,
                    "label": "준식별자"
                },
                {
                    "word": "강동구",
                    "start": 11,
                    "end": 14,
                    "label": "준식별자"
                }
            ]
        },
        {
            "sentence": "성별은 남성으로 표기되어 후속 통계 및 준식별자 매칭에 사용됩니다.",
            "id": "sample_080_0039_000006",
            "annotations": [
                {
                    "word": "남성",
                    "start": 4,
                    "end": 6,
                    "label": "준식별자"
                }
            ]
        },
        {
            "sentence": "국적은 대한민국으로 기록되어 관련 이송·통관 서류 작성 시 자동 참조됩니다.",
            "id": "sample_080_0039_000007",
            "annotations": [
                {
                    "word": "대한민국",
                    "start": 4,
                    "end": 8,
                    "label": "준식별자"
                }
            ]
        },
        {
            "sentence": "법적 식별자 항목에는 주민등록번호 820714-1234567이 등록되어 있으나 접근통제 및 암호화가 적용된 상태입니다.",
            "id": "sample_080_0039_000008",
            "annotations": [
                {
                    "word": "820714-1234567",
                    "start": 19,
                    "end": 33,
                    "label": "개인정보"
                }
            ]
        },
        {
            "sentence": "사망 일시는 2025-01-18로 등재되어 있고 정확한 시각은 체인오브커스터디 및 진료기록과 연계됩니다.",
            "id": "sample_080_0039_000009",
            "annotations": [
                {
                    "word": "2025",
                    "start": 7,
                    "end": 11,
                    "label": "준식별자"
                },
                {
                    "word": "01",
                    "start": 12,
                    "end": 14,
                    "label": "준식별자"
                },
                {
                    "word": "18",
                    "start": 15,
                    "end": 17,
                    "label": "준식별자"
                }
            ]
        },
        {
            "sentence": "사망 시각은 2025-01-18T21:35:00+09:00(ISO8601)으로 기록되어 타임스탬프 무결성 보장을 위해 서명된 로그와 함께 저장됩니다.",
            "id": "sample_080_0039_000010",
            "annotations": [
                {
                    "word": "2025-01-18T21:35:00+09:00",
                    "start": 7,
                    "end": 32,
                    "label": "준식별자"
                }
            ]
        },
        {
            "sentence": "사망장소는 삼성서울병원 응급실로 기재되며 의료기관 주소 및 해당 부서 식별자는 별도 메타데이터로 관리됩니다.",
            "id": "sample_080_0039_000011",
            "annotations": []
        },
        {
            "sentence": "사망원인(주요)은 급성심근경색으로 기록되었고 진단 코드는 ICD-10 I21.9로 표준화되어 보관됩니다.",
            "id": "sample_080_0039_000012",
            "annotations": []
        },
        {
            "sentence": "사망의 태도는 natural(자연사)로 분류되었으며 관련 소견은 의무기록 및 검시보고서와 연계됩니다.",
            "id": "sample_080_0039_000013",
            "annotations": []
        },
        {
            "sentence": "사망진단서 번호는 DC-2025-09876로 기재되어 해당 문서는 발급 기관 및 발급번호가 포함된 원문으로 보관됩니다.",
            "id": "sample_080_0039_000014",
            "annotations": [
                {
                    "word": "DC-2025-09876",
                    "start": 10,
                    "end": 23,
                    "label": "개인정보"
                }
            ]
        },
        {
            "sentence": "사망신고 등록 관청은 서울특별시청 보건소 등록과로 표기되어 관련 행정처리 로그와 연결됩니다.",
            "id": "sample_080_0039_000015",
            "annotations": []
        },
        {
            "sentence": "검시관 보고서 식별자 ME-2025-3344가 발급되어 해당 보고서는 요약본과 원문을 분리 저장합니다.",
            "id": "sample_080_0039_000016",
            "annotations": [
                {
                    "word": "ME-2025-3344",
                    "start": 12,
                    "end": 24,
                    "label": "개인정보"
                }
            ]
        },
        {
            "sentence": "부검 요약은 외상 징후 없음, 심근경색 소견 확인로 기재되며 원문 부검보고서는 접근통제가 적용됩니다.",
            "id": "sample_080_0039_000017",
            "annotations": []
        },
        {
            "sentence": "검시관 연락처로 010-5555-1212 및 coroner@exam.gov가 기록되어 긴급문의 및 공식통보에 사용됩니다.",
            "id": "sample_080_0039_000018",
            "annotations": [
                {
                    "word": "010-5555-1212",
                    "start": 9,
                    "end": 22,
                    "label": "개인정보"
                },
                {
                    "word": "coroner@exam.gov",
                    "start": 25,
                    "end": 41,
                    "label": "개인정보"
                }
            ]
        },
        {
            "sentence": "유족(Next of Kin)은 배우자 천희자로 등록되어 있으며 비상 연락처 010-2222-3333이 함께 기재되어 있습니다.",
            "id": "sample_080_0039_000019",
            "annotations": [
                {
                    "word": "천희자",
                    "start": 21,
                    "end": 24,
                    "label": "개인정보"
                },
                {
                    "word": "010-2222-3333",
                    "start": 42,
                    "end": 55,
                    "label": "개인정보"
                }
            ]
        },
        {
            "sentence": "법적 대리인 및 집행자는 오상협으로 지정되었고 연락처 o.sanghyup@lawfirm.kr 및 02-6789-1234가 기록되어 있습니다.",
            "id": "sample_080_0039_000020",
            "annotations": [
                {
                    "word": "오상협",
                    "start": 14,
                    "end": 17,
                    "label": "개인정보"
                },
                {
                    "word": "o.sanghyup@lawfirm.kr",
                    "start": 30,
                    "end": 51,
                    "label": "개인정보"
                },
                {
                    "word": "02-6789-1234",
                    "start": 54,
                    "end": 66,
                    "label": "개인정보"
                }
            ]
        },
        {
            "sentence": "장례식장 식별은 FH-00987로 표기되며 제3자 연계 시 해당 식별자는 접근권한에 따라 제한됩니다.",
            "id": "sample_080_0039_000021",
            "annotations": [
                {
                    "word": "FH-00987",
                    "start": 9,
                    "end": 17,
                    "label": "기밀정보"
                }
            ]
        },
        {
            "sentence": "장례지도사는 홍세화로 등재되었고 관련 면허번호는 LIC-5566-771로 기록되어 인증 및 감사자료에 포함됩니다.",
            "id": "sample_080_0039_000022",
            "annotations": [
                {
                    "word": "홍세화",
                    "start": 7,
                    "end": 10,
                    "label": "개인정보"
                },
                {
                    "word": "LIC-5566-771",
                    "start": 27,
                    "end": 39,
                    "label": "기밀정보"
                }
            ]
        },
        {
            "sentence": "처분 방식은 화장(cremation)으로 결정되었고 화장허가번호 CR-2025-4412가 발급되어 허가문서에 포함됩니다.",
            "id": "sample_080_0039_000023",
            "annotations": [
                {
                    "word": "CR-2025-4412",
                    "start": 36,
                    "end": 48,
                    "label": "개인정보"
                }
            ]
        },
        {
            "sentence": "매장 플롯 정보는 BP-330으로 내부 식별되나 실제 매장 위치 및 좌표는 관할 규정에 따라 메타데이터로 관리합니다.",
            "id": "sample_080_0039_000024",
            "annotations": [
                {
                    "word": "BP-330",
                    "start": 10,
                    "end": 16,
                    "label": "기밀정보"
                }
            ]
        },
        {
            "sentence": "유해 이송 기록은 차량 서울70자1234를 이용해 2025-01-18T22:00:00+09:00에 출발, 도착과 서명으로 체인오브커스터디가 유지되었습니다.",
            "id": "sample_080_0039_000025",
            "annotations": [
                {
                    "word": "서울70자1234",
                    "start": 13,
                    "end": 22,
                    "label": "기밀정보"
                }
            ]
        },
        {
            "sentence": "체인오브커스터디 서명자는 운송담당자 류다빈으로 서명 및 위치·시간이 변경 불가능한 감사로그로 남아 있습니다.",
            "id": "sample_080_0039_000026",
            "annotations": [
                {
                    "word": "류다빈",
                    "start": 20,
                    "end": 23,
                    "label": "개인정보"
                }
            ]
        },
        {
            "sentence": "방부·방제 보고서에는 사용 화학물질(포름알데히드 희석 2%, 방부액 1L 등)과 처리 절차가 상세히 기록되어 있습니다.",
            "id": "sample_080_0039_000027",
            "annotations": []
        },
        {
            "sentence": "안치실 냉장보관은 안치실 A-3, 설정온도 -4°C로 2025-01-18T22:10:00+09:00부터 온도 로그가 시작되었습니다.",
            "id": "sample_080_0039_000028",
            "annotations": []
        },
        {
            "sentence": "종교적 요구사항으로 가톨릭 미사 요청, 염습 의식 및 간단한 성찬 의례를 체크리스트화하여 자동화 규칙으로 설정했습니다.",
            "id": "sample_080_0039_000029",
            "annotations": [
                {
                    "word": "가톨릭",
                    "start": 11,
                    "end": 14,
                    "label": "준식별자"
                }
            ]
        },
        {
            "sentence": "추모 예식은 2025-01-21T10:00:00+09:00에 장례식장 본관 대연회장에서 진행될 예정입니다.",
            "id": "sample_080_0039_000030",
            "annotations": []
        },
        {
            "sentence": "온라인 추모 페이지는 https://memorial.example.com/0800039에 개설되었고 접근권한 및 삭제정책은 유족 동의에 따릅니다.",
            "id": "sample_080_0039_000031",
            "annotations": []
        },
        {
            "sentence": "방문자 명단에는 심유주, 신종윤, 손용수가 등록되어 있어 검증된 참석자 관리가 가능하도록 설계되었습니다.",
            "id": "sample_080_0039_000032",
            "annotations": [
                {
                    "word": "심유주",
                    "start": 9,
                    "end": 12,
                    "label": "개인정보"
                },
                {
                    "word": "신종윤",
                    "start": 14,
                    "end": 17,
                    "label": "개인정보"
                },
                {
                    "word": "손용수",
                    "start": 19,
                    "end": 22,
                    "label": "개인정보"
                }
            ]
        },
        {
            "sentence": "계약 조건 및 비용 내역에는 총액 및 결제 계좌 정보가 포함되며 결제 계좌는 기업은행 123-456789-00-01로 기재되어 있습니다.",
            "id": "sample_080_0039_000033",
            "annotations": [
                {
                    "word": "123-456789-00-01",
                    "start": 48,
                    "end": 64,
                    "label": "기밀정보"
                }
            ]
        },
        {
            "sentence": "청구서 내역은 항목별로 분해되어 제공되며 보험청구 참조번호 IC-2025-7788이 연결되어 심사 상태가 업데이트됩니다.",
            "id": "sample_080_0039_000034",
            "annotations": [
                {
                    "word": "IC-2025-7788",
                    "start": 33,
                    "end": 45,
                    "label": "개인정보"
                }
            ]
        },
        {
            "sentence": "동의서 및 위임 문서에는 구서후의 서명과 2025-01-17T08:45:00+09:00 타임스탬프가 포함되어 전자서명법에 준수하여 저장됩니다.",
            "id": "sample_080_0039_000035",
            "annotations": [
                {
                    "word": "구서후",
                    "start": 14,
                    "end": 17,
                    "label": "개인정보"
                }
            ]
        },
        {
            "sentence": "보존 정책은 관할법령을 준수하여 최소 10년 보존, 예정 폐기일은 2035-01-18로 메타데이터화되어 자동 만료 처리가 설정됩니다.",
            "id": "sample_080_0039_000036",
            "annotations": [
                {
                    "word": "2035-01-18",
                    "start": 37,
                    "end": 47,
                    "label": "준식별자"
                }
            ]
        },
        {
            "sentence": "감사추적에는 접근자 계정 admin_jh 및 액세스 시 IP 10.0.0.5가 기록되며 모든 변경은 불변 로그로 남습니다.",
            "id": "sample_080_0039_000037",
            "annotations": [
                {
                    "word": "admin_jh",
                    "start": 14,
                    "end": 22,
                    "label": "기밀정보"
                },
                {
                    "word": "10.0.0.5",
                    "start": 34,
                    "end": 42,
                    "label": "기밀정보"
                }
            ]
        },
        {
            "sentence": "매장지 환경영향평가 보고서는 토양침출수 위험과 완충대 권고사항을 포함하며 관련 문서는 규제준수 문서와 함께 보관됩니다.",
            "id": "sample_080_0039_000038",
            "annotations": []
        }
    ]
}