{
    "document_id": "080_0096",
    "document_title": "사망 및 장례관리 종합기록 (DC-080-0096)",
    "data": [
        {
            "sentence": "문서 일련번호 및 사망자 고유ID는 DC-080-0096로 지정되어 있습니다.",
            "id": "sample_080_0096_000001",
            "annotations": [
                {
                    "word": "DC-080-0096",
                    "start": 20,
                    "end": 31,
                    "label": "개인정보"
                }
            ]
        },
        {
            "sentence": "피상실자 성명은 우준구로 기록되어 있습니다.",
            "id": "sample_080_0096_000002",
            "annotations": [
                {
                    "word": "우준구",
                    "start": 9,
                    "end": 12,
                    "label": "개인정보"
                }
            ]
        },
        {
            "sentence": "피상실자의 출생일은 1983년 06월 15일로 등재되어 있습니다.",
            "id": "sample_080_0096_000003",
            "annotations": [
                {
                    "word": "1983년 06월 15일",
                    "start": 11,
                    "end": 24,
                    "label": "준식별자"
                }
            ]
        },
        {
            "sentence": "출생지는 서울특별시 강남구로 문서에 명시되어 있습니다.",
            "id": "sample_080_0096_000004",
            "annotations": [
                {
                    "word": "서울특별시 강남구",
                    "start": 5,
                    "end": 14,
                    "label": "준식별자"
                }
            ]
        },
        {
            "sentence": "성별은 남성으로 확인되었으며 병원 기록과 일치합니다.",
            "id": "sample_080_0096_000005",
            "annotations": [
                {
                    "word": "남성",
                    "start": 4,
                    "end": 6,
                    "label": "준식별자"
                }
            ]
        },
        {
            "sentence": "국적은 대한민국으로 기재되어 있습니다.",
            "id": "sample_080_0096_000006",
            "annotations": [
                {
                    "word": "대한민국",
                    "start": 4,
                    "end": 8,
                    "label": "준식별자"
                }
            ]
        },
        {
            "sentence": "주민등록번호는 830615-1******로 내부 마스킹 처리되어 보관됩니다.",
            "id": "sample_080_0096_000007",
            "annotations": [
                {
                    "word": "830615-1******",
                    "start": 8,
                    "end": 22,
                    "label": "개인정보"
                }
            ]
        },
        {
            "sentence": "사망 일시는 2026-01-15 14:35:00로 병원 타임스탬프에 기록되어 있습니다.",
            "id": "sample_080_0096_000008",
            "annotations": [
                {
                    "word": "2026-01-15",
                    "start": 7,
                    "end": 17,
                    "label": "준식별자"
                }
            ]
        },
        {
            "sentence": "사망 장소는 서울중앙병원이며 세부 주소는 서울특별시 중구 을지로 50-1로 표기되어 있습니다.",
            "id": "sample_080_0096_000009",
            "annotations": [
                {
                    "word": "서울특별시 중구 을지로 50-1",
                    "start": 23,
                    "end": 40,
                    "label": "개인정보"
                }
            ]
        },
        {
            "sentence": "사망진단서 번호는 DC-2026-0096으로 발급기관에 등록되어 있습니다.",
            "id": "sample_080_0096_000010",
            "annotations": [
                {
                    "word": "DC-2026-0096",
                    "start": 10,
                    "end": 22,
                    "label": "개인정보"
                }
            ]
        },
        {
            "sentence": "검시보고서 식별값 MER-7741이 참조되며 해당 보고서는 보안 등급으로 분류되어 있습니다.",
            "id": "sample_080_0096_000011",
            "annotations": [
                {
                    "word": "MER-7741",
                    "start": 10,
                    "end": 18,
                    "label": "기밀정보"
                }
            ]
        },
        {
            "sentence": "검안 담당자 연락처는 황시환 의무관, 연락처 02-777-8899로 기록되어 있습니다.",
            "id": "sample_080_0096_000012",
            "annotations": [
                {
                    "word": "황시환",
                    "start": 12,
                    "end": 15,
                    "label": "개인정보"
                },
                {
                    "word": "02-777-8899",
                    "start": 25,
                    "end": 36,
                    "label": "개인정보"
                }
            ]
        },
        {
            "sentence": "최우선 연고자는 배우자 송예리이며 연락처 010-3344-5566로 응급연락망에 등록되어 있습니다.",
            "id": "sample_080_0096_000013",
            "annotations": [
                {
                    "word": "송예리",
                    "start": 13,
                    "end": 16,
                    "label": "개인정보"
                },
                {
                    "word": "010-3344-5566",
                    "start": 23,
                    "end": 36,
                    "label": "개인정보"
                }
            ]
        },
        {
            "sentence": "법적 대리인(집행자)은 곽대웅이며 이메일 gdaewoong@example.com로 법적 문서가 전달되었습니다.",
            "id": "sample_080_0096_000014",
            "annotations": [
                {
                    "word": "곽대웅",
                    "start": 13,
                    "end": 16,
                    "label": "개인정보"
                },
                {
                    "word": "gdaewoong@example.com",
                    "start": 23,
                    "end": 44,
                    "label": "개인정보"
                }
            ]
        },
        {
            "sentence": "장례식장 고유식별자(FuneralHomeID)는 FH-045로 내부 시스템에 보관됩니다.",
            "id": "sample_080_0096_000015",
            "annotations": [
                {
                    "word": "FH-045",
                    "start": 27,
                    "end": 33,
                    "label": "기밀정보"
                }
            ]
        },
        {
            "sentence": "담당 장례지도사는 강한나이며 면허번호 LIC-2025-778가 장례관리대장에 기재되어 있습니다.",
            "id": "sample_080_0096_000016",
            "annotations": [
                {
                    "word": "강한나",
                    "start": 10,
                    "end": 13,
                    "label": "개인정보"
                },
                {
                    "word": "LIC-2025-778",
                    "start": 21,
                    "end": 33,
                    "label": "개인정보"
                }
            ]
        },
        {
            "sentence": "화장 허가번호 CREM-2026-334이 발급되었고 허가서 원본은 발급기관 보관입니다.",
            "id": "sample_080_0096_000017",
            "annotations": [
                {
                    "word": "CREM-2026-334",
                    "start": 8,
                    "end": 21,
                    "label": "개인정보"
                }
            ]
        },
        {
            "sentence": "매장 대상지는 서울기독교묘지이며 플롯 ID BP-9902와 좌표 37.5665,126.9780이 함께 기록되어 있습니다.",
            "id": "sample_080_0096_000018",
            "annotations": [
                {
                    "word": "BP-9902",
                    "start": 24,
                    "end": 31,
                    "label": "기밀정보"
                }
            ]
        },
        {
            "sentence": "유해 이송기록에는 차량 식별번호 TR-3389 및 이송 타임스탬프가 포함됩니다.",
            "id": "sample_080_0096_000019",
            "annotations": [
                {
                    "word": "TR-3389",
                    "start": 18,
                    "end": 25,
                    "label": "기밀정보"
                }
            ]
        },
        {
            "sentence": "안치실 위치는 안치실 A호로 표기되고 온도 및 입출고 타임스탬프가 연동됩니다.",
            "id": "sample_080_0096_000020",
            "annotations": [
                {
                    "word": "안치실 A호",
                    "start": 8,
                    "end": 14,
                    "label": "기밀정보"
                }
            ]
        },
        {
            "sentence": "종교적 의전으로는 기독교 예식이 요청되며 관련 의전 체크리스트가 첨부되었습니다.",
            "id": "sample_080_0096_000021",
            "annotations": [
                {
                    "word": "기독교",
                    "start": 10,
                    "end": 13,
                    "label": "준식별자"
                }
            ]
        },
        {
            "sentence": "장례 예배는 2026-01-20 10:00에 예정되어 있으며 서비스 일정이 시스템에 등록되었습니다.",
            "id": "sample_080_0096_000022",
            "annotations": [
                {
                    "word": "2026-01-20",
                    "start": 7,
                    "end": 17,
                    "label": "준식별자"
                }
            ]
        },
        {
            "sentence": "장례 방문자 명단에는 백장원, 권가민 등 가까운 친지가 포함되어 있습니다.",
            "id": "sample_080_0096_000023",
            "annotations": [
                {
                    "word": "백장원",
                    "start": 12,
                    "end": 15,
                    "label": "개인정보"
                },
                {
                    "word": "권가민",
                    "start": 17,
                    "end": 20,
                    "label": "개인정보"
                }
            ]
        },
        {
            "sentence": "계약서 및 청구서에는 은행 계좌번호 123-456-789012로 비용 이체 조항이 명시되어 있습니다.",
            "id": "sample_080_0096_000024",
            "annotations": [
                {
                    "word": "123-456-789012",
                    "start": 20,
                    "end": 34,
                    "label": "기밀정보"
                }
            ]
        },
        {
            "sentence": "보험청구 참조번호는 IC-7782로 보험사 시스템과 연계되어 상태를 추적합니다.",
            "id": "sample_080_0096_000025",
            "annotations": [
                {
                    "word": "IC-7782",
                    "start": 11,
                    "end": 18,
                    "label": "기밀정보"
                }
            ]
        },
        {
            "sentence": "동의서 및 위임 문서에는 서명자 송예리의 이름과 서명 타임스탬프가 포함되어 있습니다.",
            "id": "sample_080_0096_000026",
            "annotations": [
                {
                    "word": "송예리",
                    "start": 18,
                    "end": 21,
                    "label": "개인정보"
                }
            ]
        },
        {
            "sentence": "디지털 자산 관리 항목에는 유족 연락 이메일 wjgu@example.com과 온라인 추모페이지 URL이 기재되어 있습니다.",
            "id": "sample_080_0096_000027",
            "annotations": [
                {
                    "word": "wjgu@example.com",
                    "start": 25,
                    "end": 41,
                    "label": "개인정보"
                }
            ]
        },
        {
            "sentence": "감사 추적 로그에는 시스템 접근자 권가민의 접근 기록과 변경 이력이 불변 로그로 저장됩니다.",
            "id": "sample_080_0096_000028",
            "annotations": [
                {
                    "word": "권가민",
                    "start": 19,
                    "end": 22,
                    "label": "개인정보"
                }
            ]
        }
    ]
}