{
    "document_id": "080_0023",
    "document_title": "사망관리 기록 및 장례 처리 보고서",
    "data": [
        {
            "sentence": "문서 제목: 사망관리 기록 및 장례 처리 보고서(사망자 고유ID: DEC2025-0001).",
            "id": "sample_080_0023_000001",
            "annotations": [
                {
                    "word": "DEC2025-0001",
                    "start": 37,
                    "end": 49,
                    "label": "개인정보"
                }
            ]
        },
        {
            "sentence": "피상실자 식별 정보: 성명 장노엘, 주민등록번호 900115-1XXXXXX, 생년월일 1988-01-15, 성별 남, 국적 대한민국.",
            "id": "sample_080_0023_000002",
            "annotations": [
                {
                    "word": "장노엘",
                    "start": 15,
                    "end": 18,
                    "label": "개인정보"
                },
                {
                    "word": "900115-1XXXXXX",
                    "start": 27,
                    "end": 41,
                    "label": "개인정보"
                },
                {
                    "word": "1988-01-15",
                    "start": 48,
                    "end": 58,
                    "label": "준식별자"
                },
                {
                    "word": "남",
                    "start": 63,
                    "end": 64,
                    "label": "준식별자"
                },
                {
                    "word": "대한민국",
                    "start": 69,
                    "end": 73,
                    "label": "준식별자"
                }
            ]
        },
        {
            "sentence": "출생지 정보: 서울특별시 강남구(역삼동)으로 기록되어 있으며 필요시 시·군·구 단위로 보관됩니다.",
            "id": "sample_080_0023_000003",
            "annotations": [
                {
                    "word": "서울특별시 강남구(역삼동)",
                    "start": 8,
                    "end": 22,
                    "label": "준식별자"
                }
            ]
        },
        {
            "sentence": "사망 발생 일시와 장소: 2025-03-10T14:23:00+09:00, 시설명 서울중앙병원, 주소 서울특별시 강남구 테헤란로 20.",
            "id": "sample_080_0023_000004",
            "annotations": [
                {
                    "word": "2025-03-10T14:23:00+09:00",
                    "start": 14,
                    "end": 39,
                    "label": "준식별자"
                },
                {
                    "word": "서울특별시 강남구 테헤란로 20",
                    "start": 56,
                    "end": 73,
                    "label": "개인정보"
                }
            ]
        },
        {
            "sentence": "사망 원인(표준코드): 급성 심근경색, ICD-10 코드 I21.9로 표준화되어 의료기록과 연계되었습니다.",
            "id": "sample_080_0023_000005",
            "annotations": []
        },
        {
            "sentence": "사망 유형: natural(자연사)로 분류되었으며 관할 검시관의 초기 판정이 기록되었습니다.",
            "id": "sample_080_0023_000006",
            "annotations": []
        },
        {
            "sentence": "사망증명서: 번호 DC-2025-0789, 발급 기관: 서울시 보건과, 발급일시: 2025-03-11T09:12:00+09:00.",
            "id": "sample_080_0023_000007",
            "annotations": [
                {
                    "word": "DC-2025-0789",
                    "start": 10,
                    "end": 22,
                    "label": "개인정보"
                },
                {
                    "word": "2025-03-11T09:12:00+09:00",
                    "start": 46,
                    "end": 71,
                    "label": "준식별자"
                }
            ]
        },
        {
            "sentence": "검시보고서 및 부검 요약: 검사보고서 ID MER-3321이 생성되었고 간단한 소견이 첨부되어 있습니다.",
            "id": "sample_080_0023_000008",
            "annotations": [
                {
                    "word": "MER-3321",
                    "start": 24,
                    "end": 32,
                    "label": "기밀정보"
                }
            ]
        },
        {
            "sentence": "검시 담당 연락처: 검시관 연락처 02-3456-7890로 기록되어 있어 법적 요청 시 제공합니다.",
            "id": "sample_080_0023_000009",
            "annotations": [
                {
                    "word": "02-3456-7890",
                    "start": 19,
                    "end": 31,
                    "label": "개인정보"
                }
            ]
        },
        {
            "sentence": "유가족(직계): 배우자 한유나, 연락처 010-9876-5432, 상세주소 서울특별시 강남구 역삼동 123-45.",
            "id": "sample_080_0023_000010",
            "annotations": [
                {
                    "word": "한유나",
                    "start": 13,
                    "end": 16,
                    "label": "개인정보"
                },
                {
                    "word": "010-9876-5432",
                    "start": 22,
                    "end": 35,
                    "label": "개인정보"
                },
                {
                    "word": "서울특별시 강남구 역삼동 123-45",
                    "start": 42,
                    "end": 62,
                    "label": "개인정보"
                }
            ]
        },
        {
            "sentence": "법적 대리인(집행자): 한우철이 지정되었으며 위임 증빙이 파일에 첨부되어 있습니다.",
            "id": "sample_080_0023_000011",
            "annotations": [
                {
                    "word": "한우철",
                    "start": 13,
                    "end": 16,
                    "label": "개인정보"
                }
            ]
        },
        {
            "sentence": "장례식장 및 운영자: 장례업체 ID FH-1007, 장례감독 배우현, 면허 FD-4321, 장례식장 위치 서울추모공원 2층.",
            "id": "sample_080_0023_000012",
            "annotations": [
                {
                    "word": "FH-1007",
                    "start": 20,
                    "end": 27,
                    "label": "기밀정보"
                },
                {
                    "word": "배우현",
                    "start": 34,
                    "end": 37,
                    "label": "개인정보"
                },
                {
                    "word": "FD-4321",
                    "start": 42,
                    "end": 49,
                    "label": "개인정보"
                }
            ]
        },
        {
            "sentence": "처리 방식: 화장(cremation)으로 결정되었고 화장 허가번호 CP-7788이 발급되었습니다.",
            "id": "sample_080_0023_000013",
            "annotations": [
                {
                    "word": "CP-7788",
                    "start": 37,
                    "end": 44,
                    "label": "개인정보"
                }
            ]
        },
        {
            "sentence": "매장 대체 옵션 및 플롯: 매장 대신 추모공원 플롯 B-12(좌표 37.4979,127.0276)로 기록했습니다.",
            "id": "sample_080_0023_000014",
            "annotations": [
                {
                    "word": "플롯 B-12",
                    "start": 26,
                    "end": 33,
                    "label": "기밀정보"
                }
            ]
        },
        {
            "sentence": "이송 기록(체인 오브 커스터디): 병원→장례식장 이송 TR-009, 운송일시 2025-03-11T11:00:00+09:00, 담당자 서명 채성훈.",
            "id": "sample_080_0023_000015",
            "annotations": [
                {
                    "word": "TR-009",
                    "start": 30,
                    "end": 36,
                    "label": "기밀정보"
                },
                {
                    "word": "2025-03-11T11:00:00+09:00",
                    "start": 43,
                    "end": 68,
                    "label": "준식별자"
                },
                {
                    "word": "채성훈",
                    "start": 77,
                    "end": 80,
                    "label": "개인정보"
                }
            ]
        },
        {
            "sentence": "보존 및 냉장 정보: 안치실 A-3, 온도 -2°C, 입고 2025-03-10T15:00:00+09:00, 출고 예정일 2025-03-15T09:00:00+09:00.",
            "id": "sample_080_0023_000016",
            "annotations": []
        },
        {
            "sentence": "방부 처리 보고서: 사용 약품 목록은 포름알데히드 희석제 등으로 기록되어 있으며 세부량은 내부 문서로 관리됩니다.",
            "id": "sample_080_0023_000017",
            "annotations": []
        },
        {
            "sentence": "종교적 및 문화적 요구사항: 종교 불교, 염습 방식 요청, 흰색 의복 금기 등 체크리스트가 구조화되어 있습니다.",
            "id": "sample_080_0023_000018",
            "annotations": []
        },
        {
            "sentence": "장례 예배 및 시간: 봉안 및 추도식 2025-03-15T10:00:00+09:00, 장소 서울추모공원 대예배실.",
            "id": "sample_080_0023_000019",
            "annotations": [
                {
                    "word": "2025-03-15T10:00:00+09:00",
                    "start": 21,
                    "end": 46,
                    "label": "준식별자"
                }
            ]
        },
        {
            "sentence": "온라인 추모 및 공지: 온라인 추모 페이지 https://memorial.example.com/dec/DEC2025-0001에 공지되었으며 접근 제어가 설정되어 있습니다.",
            "id": "sample_080_0023_000020",
            "annotations": [
                {
                    "word": "https://memorial.example.com/dec/DEC2025-0001",
                    "start": 24,
                    "end": 69,
                    "label": "기밀정보"
                }
            ]
        },
        {
            "sentence": "참석자 명단 일부: 채예솜, 차대훈, 구진율, 홍형재, 방로희가 등록되어 있습니다.",
            "id": "sample_080_0023_000021",
            "annotations": [
                {
                    "word": "채예솜",
                    "start": 11,
                    "end": 14,
                    "label": "개인정보"
                },
                {
                    "word": "차대훈",
                    "start": 16,
                    "end": 19,
                    "label": "개인정보"
                },
                {
                    "word": "구진율",
                    "start": 21,
                    "end": 24,
                    "label": "개인정보"
                },
                {
                    "word": "홍형재",
                    "start": 26,
                    "end": 29,
                    "label": "개인정보"
                },
                {
                    "word": "방로희",
                    "start": 31,
                    "end": 34,
                    "label": "개인정보"
                }
            ]
        },
        {
            "sentence": "계약 및 청구: 항목별 청구서가 발행되었고 보험 청구 참조번호 INS-5543이 연결되어 있습니다.",
            "id": "sample_080_0023_000022",
            "annotations": [
                {
                    "word": "INS-5543",
                    "start": 35,
                    "end": 43,
                    "label": "기밀정보"
                }
            ]
        },
        {
            "sentence": "동의서 및 서명: 동의서에는 서명자 천이정의 서명과 2025-03-11T10:30:00+09:00 타임스탬프가 포함되어 있습니다.",
            "id": "sample_080_0023_000023",
            "annotations": [
                {
                    "word": "천이정",
                    "start": 20,
                    "end": 23,
                    "label": "개인정보"
                },
                {
                    "word": "2025-03-11T10:30:00+09:00",
                    "start": 29,
                    "end": 54,
                    "label": "준식별자"
                }
            ]
        },
        {
            "sentence": "디지털 자산 안내: 유족 요청으로 이메일 주소 jang.noel@example.com의 계정 삭제 절차가 준비되어 있습니다.",
            "id": "sample_080_0023_000024",
            "annotations": [
                {
                    "word": "jang.noel@example.com",
                    "start": 26,
                    "end": 47,
                    "label": "개인정보"
                }
            ]
        },
        {
            "sentence": "규정 준수 및 보존정책: 본 기록은 관할법 기준에 따라 보존기간 10년으로 메타데이터화되어 자동 만료됩니다.",
            "id": "sample_080_0023_000025",
            "annotations": []
        },
        {
            "sentence": "환경 영향 평가: 매장 예정 지역의 침출수 위험 평가 보고서가 첨부되어 있습니다.",
            "id": "sample_080_0023_000026",
            "annotations": []
        },
        {
            "sentence": "감사 추적: 접근 로그에는 관리자 채성훈이 2025-03-11T12:00:00+09:00에 조회한 기록이 남아있습니다.",
            "id": "sample_080_0023_000027",
            "annotations": [
                {
                    "word": "채성훈",
                    "start": 19,
                    "end": 22,
                    "label": "개인정보"
                },
                {
                    "word": "2025-03-11T12:00:00+09:00",
                    "start": 24,
                    "end": 49,
                    "label": "준식별자"
                }
            ]
        },
        {
            "sentence": "비상 연락 및 법적 요청 시에는 법적 근거와 유족 동의 여부가 함께 제공되며 익명화 정책은 감사 로그에 기록됩니다.",
            "id": "sample_080_0023_000028",
            "annotations": []
        }
    ]
}