{
    "document_id": "030_0100",
    "document_title": "서울 도시계획 및 스마트 시티 통합 데이터 사양서",
    "data": [
        {
            "sentence": "본 문서는 서울시 도시계획 및 스마트 시티 통합 데이터 사양서로, 프로젝트 식별자 project_id: SCITY-2025를 포함한다.",
            "id": "sample_030_0100_000001",
            "annotations": []
        },
        {
            "sentence": "데이터셋은 GeoJSON 및 GPKG 포맷을 우선으로 하며 모든 지리공간 항목은 좌표참조계(CRS)를 EPSG 코드로 명시한다.",
            "id": "sample_030_0100_000002",
            "annotations": []
        },
        {
            "sentence": "예제 좌표계는 EPSG:4326(위도·경도) 및 지역투영 EPSG:5179(한국중부원통투영)을 사용하며 좌표변환 시 정확도 손실을 최소화한다.",
            "id": "sample_030_0100_000003",
            "annotations": []
        },
        {
            "sentence": "현장 센서의 시계열은 ISO8601 UTC 타임스탬프(예: 2025-01-15T08:00:00Z)로 표준화하여 타임존 혼동을 방지한다.",
            "id": "sample_030_0100_000004",
            "annotations": []
        },
        {
            "sentence": "센서 메타데이터에는 장비 모델, 캘리브레이션 날짜, 측정 단위, 신뢰도 및 오차범위가 명시되어야 한다.",
            "id": "sample_030_0100_000005",
            "annotations": []
        },
        {
            "sentence": "교통 센서 sensor_id: TRF-S19는 교차로 C-41에 설치되어 있으며 교통흐름은 traffic_flow_veh_per_hour 단위로 수집된다.",
            "id": "sample_030_0100_000006",
            "annotations": []
        },
        {
            "sentence": "3D 시티 모델은 CityGML로 제공되며 모델 파일은 model_3d_citygml_url 필드에 타일형식으로 참조된다.",
            "id": "sample_030_0100_000007",
            "annotations": []
        },
        {
            "sentence": "건물 속성에는 building_permit_id, building_height_m, occupancy_type이 포함되며 허가 문서는 permit_document_pdf_url로 연결된다.",
            "id": "sample_030_0100_000008",
            "annotations": []
        },
        {
            "sentence": "데이터 소유권과 라이선스는 CC-BY-4.0 또는 내부비공개(NON-PUBLIC)로 구분되어 제공되며 권한별 접근 제어가 적용된다.",
            "id": "sample_030_0100_000009",
            "annotations": []
        },
        {
            "sentence": "프로젝트 책임자는 민도은이며 연락 이메일은 min.doe@example.gov.kr로 등록되어 있다.",
            "id": "sample_030_0100_000010",
            "annotations": [
                {
                    "word": "민도은",
                    "start": 10,
                    "end": 13,
                    "label": "개인정보"
                },
                {
                    "word": "min.doe@example.gov.kr",
                    "start": 24,
                    "end": 46,
                    "label": "개인정보"
                }
            ]
        },
        {
            "sentence": "프로젝트 담당자 보조는 류채연이며 전화번호는 010-1234-5678로 현장 조정에 응한다.",
            "id": "sample_030_0100_000011",
            "annotations": [
                {
                    "word": "류채연",
                    "start": 13,
                    "end": 16,
                    "label": "개인정보"
                },
                {
                    "word": "010-1234-5678",
                    "start": 25,
                    "end": 38,
                    "label": "개인정보"
                }
            ]
        },
        {
            "sentence": "현장 소재지는 서울특별시 종로구 사직동을 기준으로 집계 단위를 설정하되, 상세주소와 세대 단위는 공개하지 않는다.",
            "id": "sample_030_0100_000012",
            "annotations": [
                {
                    "word": "서울특별시 종로구 사직동",
                    "start": 8,
                    "end": 21,
                    "label": "준식별자"
                }
            ]
        },
        {
            "sentence": "개인 식별자가 포함될 수 있는 GPS 궤적 데이터는 1km 격자 단위로 집계 및 난독화하여 제공한다.",
            "id": "sample_030_0100_000013",
            "annotations": []
        },
        {
            "sentence": "데이터의 수집방법은 드론 촬영, 고정형 대기 센서, 교통 카운터, 시민 설문으로 구성된다.",
            "id": "sample_030_0100_000014",
            "annotations": []
        },
        {
            "sentence": "드론·위성 영상 메타데이터에는 이미지 URL과 획득 시간, 센서 해상도 및 멀티스펙트럼 밴드 정보가 포함된다.",
            "id": "sample_030_0100_000015",
            "annotations": []
        },
        {
            "sentence": "도시 인프라 네트워크는 유틸리티별 utility_network_id로 식별되며 연결성과 상태(asset_condition)를 관리한다.",
            "id": "sample_030_0100_000016",
            "annotations": []
        },
        {
            "sentence": "실시간 교통 신호 제어 시스템은 지연 요구사항을 1초 미만으로 정의하며 해당 시스템은 별도 인증과 접근제어가 필요하다.",
            "id": "sample_030_0100_000017",
            "annotations": []
        },
        {
            "sentence": "감사 가능성 보장을 위해 예산 및 변경 이력은 버전관리와 서명된 감사 로그로 보존하도록 설계한다.",
            "id": "sample_030_0100_000018",
            "annotations": []
        },
        {
            "sentence": "내부 문서와 민감한 자산 정보는 내부 저장소 https://internal.city.kr/secure/plan/finance.xlsx에 보관되며 엄격한 접근 통제가 적용된다.",
            "id": "sample_030_0100_000019",
            "annotations": [
                {
                    "word": "https://internal.city.kr/secure/plan/finance.xlsx",
                    "start": 25,
                    "end": 74,
                    "label": "기밀정보"
                }
            ]
        },
        {
            "sentence": "내부 서버 접속용 IP는 10.0.0.15로 제한된 네트워크에서만 접근 가능하며 외부 공개를 금지한다.",
            "id": "sample_030_0100_000020",
            "annotations": [
                {
                    "word": "10.0.0.15",
                    "start": 14,
                    "end": 23,
                    "label": "기밀정보"
                }
            ]
        },
        {
            "sentence": "시설 유지보수 일정은 maintenance_schedule로 관리되며 다음 점검일은 2025-03-10T09:00:00Z로 기재된다.",
            "id": "sample_030_0100_000021",
            "annotations": []
        },
        {
            "sentence": "주민 통계는 인구밀도 population_density_per_km2, 연령대 분포, 가구 구성을 집계레벨로 제공한다.",
            "id": "sample_030_0100_000022",
            "annotations": []
        },
        {
            "sentence": "개인별 민원·피드백 텍스트는 익명화 절차를 거쳐 시민피드백(citizen_feedback_text)으로 공개되며 원문은 내부에 암호화 저장된다.",
            "id": "sample_030_0100_000023",
            "annotations": []
        },
        {
            "sentence": "프로젝트 관련 승인 결재선은 '담당과장: 서희영 승인'으로 내부 기록되어 있으며 해당 결재선은 내부 기밀에 해당한다.",
            "id": "sample_030_0100_000024",
            "annotations": [
                {
                    "word": "서희영",
                    "start": 23,
                    "end": 26,
                    "label": "개인정보"
                },
                {
                    "word": "담당과장",
                    "start": 17,
                    "end": 21,
                    "label": "준식별자"
                }
            ]
        },
        {
            "sentence": "건축 허가 파일의 식별자는 BP-2024-079이며 해당 문서는 접근 권한이 제한되어 있다.",
            "id": "sample_030_0100_000025",
            "annotations": [
                {
                    "word": "BP-2024-079",
                    "start": 15,
                    "end": 26,
                    "label": "기밀정보"
                }
            ]
        },
        {
            "sentence": "데이터셋 버전은 dataset_version 'v1.3.2'로 표기되며 변경 이력은 Git 기반으로 관리된다.",
            "id": "sample_030_0100_000026",
            "annotations": []
        },
        {
            "sentence": "통합 데이터 파이프라인은 ETL 스케줄과 결측치 처리, 이상치 탐지 정책을 명시하고 재현가능성을 확보한다.",
            "id": "sample_030_0100_000027",
            "annotations": []
        },
        {
            "sentence": "이 문서는 데이터 품질, 활용 제한, 권장 활용처를 포함한 설명서를 시민과 이해관계자에게 제공하도록 설계되었다.",
            "id": "sample_030_0100_000028",
            "annotations": []
        }
    ]
}