{
    "document_id": "030_0064",
    "document_title": "도시재생 스마트 인프라 통합 플랫폼 구축 계획서",
    "data": [
        {
            "sentence": "프로젝트 개요: 본 문서는 도시재생 스마트 인프라 통합 플랫폼 구축을 위한 데이터 설계·운영 지침을 포함합니다.",
            "id": "sample_030_0064_000001",
            "annotations": []
        },
        {
            "sentence": "프로젝트 식별자(project_id)는 project_030_0064로 지정되며, 모든 하위 데이터셋은 해당 ID로 버전관리됩니다.",
            "id": "sample_030_0064_000002",
            "annotations": []
        },
        {
            "sentence": "데이터셋 버전(dataset_version)은 v1.3.0이며 메타데이터는 ISO 19115 호환 형식으로 포함됩니다.",
            "id": "sample_030_0064_000003",
            "annotations": []
        },
        {
            "sentence": "공간 참조계(CRS)는 EPSG:4326(WGS84)으로 표준화하며 좌표 변환 시 정확도 보정을 기록합니다.",
            "id": "sample_030_0064_000004",
            "annotations": []
        },
        {
            "sentence": "건물 지형 정보는 GeoJSON 포맷 Polygon으로 저장되며 예시 geometry는 {\"type\":\"Polygon\",\"coordinates\":[[[126.9779692,37.566535],[126.978,37.5665],[126.9781,37.5666],[126.9779692,37.566535]]]} 입니다.",
            "id": "sample_030_0064_000005",
            "annotations": []
        },
        {
            "sentence": "중심점(Point) 예시는 GeoJSON Point로 표현되며 좌표값은 [126.9779692,37.566535]로 명시됩니다.",
            "id": "sample_030_0064_000006",
            "annotations": []
        },
        {
            "sentence": "타임스탬프는 ISO8601 UTC 표준으로 표기되며 예시: 2025-06-12T08:30:00Z 입니다.",
            "id": "sample_030_0064_000007",
            "annotations": []
        },
        {
            "sentence": "센서 시계열 예시는 sensor_id SENS-TRAFFIC-01, sensor_type: inductive_loop, measurement_value: 350, unit: veh/h, measurement_confidence: 0.95 로 기록됩니다.",
            "id": "sample_030_0064_000008",
            "annotations": []
        },
        {
            "sentence": "교통 흐름은 traffic_flow_veh_per_hour 350, average_speed_kmh 24.5로 표기되고 실시간 처리 지연 요구사항은 <1s로 설계됩니다.",
            "id": "sample_030_0064_000009",
            "annotations": []
        },
        {
            "sentence": "대기질 지수는 air_quality_index 42, 소음 수준은 noise_level_db 58 dB로 표준화 단위를 포함해 저장합니다.",
            "id": "sample_030_0064_000010",
            "annotations": []
        },
        {
            "sentence": "유틸리티 네트워크 식별자는 utility_network_id UTN-3301로 포함되고 네트워크 연결성 메타데이터가 연동됩니다.",
            "id": "sample_030_0064_000011",
            "annotations": []
        },
        {
            "sentence": "건물 허가 관련 필드는 building_permit_id BP-2024-0098, building_height_m 32.5, occupancy_type: mixed-use를 포함합니다.",
            "id": "sample_030_0064_000012",
            "annotations": []
        },
        {
            "sentence": "자산 상태는 asset_condition: fair, maintenance_schedule: '2025-09-01T00:00:00Z' 등 캘린더 기반 ISO8601로 관리됩니다.",
            "id": "sample_030_0064_000013",
            "annotations": []
        },
        {
            "sentence": "인구 밀도는 population_density_per_km2 12500으로 표현되며 경제지표(economic_indicator)로 상권 활성도 지수를 포함합니다.",
            "id": "sample_030_0064_000014",
            "annotations": []
        },
        {
            "sentence": "3D 모델은 CityGML로 제공되며 model_3d_citygml_url: https://data.example.gov/citygml/030_0064_city.gml 로 접근합니다.",
            "id": "sample_030_0064_000015",
            "annotations": []
        },
        {
            "sentence": "BIM 파일은 IFC 형식으로 bim_ifc_url: https://data.example.gov/ifc/030_0064_building.ifc 로 관리합니다.",
            "id": "sample_030_0064_000016",
            "annotations": []
        },
        {
            "sentence": "허가 문서는 permit_document_pdf_url: https://data.example.gov/permits/BP-2024-0098.pdf 에 저장되어 공개·비공개 권한이 메타데이터로 명확히 표기됩니다.",
            "id": "sample_030_0064_000017",
            "annotations": []
        },
        {
            "sentence": "드론·위성 이미지는 image_url: https://imagery.example.gov/tiles/030_0064/20250612/0/0/0.jpeg 형식의 멀티레졸루션 타일로 관리합니다.",
            "id": "sample_030_0064_000018",
            "annotations": []
        },
        {
            "sentence": "메타데이터 항목에는 수집방법, 단위, 장비 캘리브레이션 이력, 신뢰도 및 오차범위, 라이선스 정보가 포함됩니다.",
            "id": "sample_030_0064_000019",
            "annotations": []
        },
        {
            "sentence": "ETL 파이프라인은 재현 가능하게 설계되어 로그와 버전 이력을 보존하며 감사(auditable) 가능성을 보장합니다.",
            "id": "sample_030_0064_000020",
            "annotations": []
        },
        {
            "sentence": "데이터 접근제어 정책은 역할기반 접근제어(RBAC)로 설계하며 중요 인프라 항목은 암호화되어 저장됩니다.",
            "id": "sample_030_0064_000021",
            "annotations": []
        },
        {
            "sentence": "프로젝트 담당자: 허채림, 직책: 프로젝트 매니저, 역할: 전반적 데이터 거버넌스 및 QA 책임을 명시합니다.",
            "id": "sample_030_0064_000022",
            "annotations": [
                {
                    "word": "허채림",
                    "start": 10,
                    "end": 13,
                    "label": "개인정보"
                }
            ]
        },
        {
            "sentence": "내부 검토 문서의 파일 경로는 /srv/internal/projects/030_0064/permits/approval.pdf 이며 이는 내부 기밀 경로로 취급됩니다.",
            "id": "sample_030_0064_000023",
            "annotations": [
                {
                    "word": "/srv/internal/projects/030_0064/permits/approval.pdf",
                    "start": 17,
                    "end": 69,
                    "label": "기밀정보"
                }
            ]
        },
        {
            "sentence": "내부 결재자 신도협의 사번은 S-2024-001로 기록되어 있으며 사번은 인사정보로 개인정보로 분류됩니다.",
            "id": "sample_030_0064_000024",
            "annotations": [
                {
                    "word": "신도협",
                    "start": 7,
                    "end": 10,
                    "label": "개인정보"
                },
                {
                    "word": "S-2024-001",
                    "start": 16,
                    "end": 26,
                    "label": "개인정보"
                }
            ]
        },
        {
            "sentence": "GIS 분석 담당자는 백다올로 지정되어 있으며 좌표계 변환 로그와 매칭 ID 관리를 담당합니다.",
            "id": "sample_030_0064_000025",
            "annotations": [
                {
                    "word": "백다올",
                    "start": 12,
                    "end": 15,
                    "label": "개인정보"
                }
            ]
        },
        {
            "sentence": "시/도·시군구 단위는 준식별자로 처리하며 예시 지역은 서울특별시, 종로구로 명시하여 집계 수준을 제한합니다.",
            "id": "sample_030_0064_000026",
            "annotations": [
                {
                    "word": "서울특별시",
                    "start": 30,
                    "end": 35,
                    "label": "준식별자"
                },
                {
                    "word": "종로구",
                    "start": 37,
                    "end": 40,
                    "label": "준식별자"
                }
            ]
        },
        {
            "sentence": "시민 피드백 예시는 citizen_feedback_text: '보행자 신호 시간이 짧아 안전 우려' 로 기술하고 개인 식별 정보는 수집하지 않습니다.",
            "id": "sample_030_0064_000027",
            "annotations": []
        },
        {
            "sentence": "결론 및 권장 조치: 데이터 품질 지표, 한계 및 권장 활용처를 문서화하고 공개 데이터는 가명화·집계 처리 기준을 유지하십시오.",
            "id": "sample_030_0064_000028",
            "annotations": []
        }
    ]
}