{
    "document_id": "030_0007",
    "document_title": "도시계획 및 스마트시티 통합 데이터 관리 및 운영 지침서(프로젝트 2025)",
    "data": [
        {
            "sentence": "본 문서는 도시계획 및 스마트 시티 통합 데이터의 생성·수집·관리·공유 원칙과 구현 세부사항을 기술한다.",
            "id": "sample_030_0007_000001",
            "annotations": []
        },
        {
            "sentence": "프로젝트 식별자(project_id)는 proj_2025_001로 표준화하며 버전관리와 변경이력은 audit 로그에 v1.2.3 형식으로 보존한다.",
            "id": "sample_030_0007_000002",
            "annotations": []
        },
        {
            "sentence": "지리공간 항목은 GeoJSON 형식과 GPKG 패키지를 우선 사용하며 좌표계는 명시적으로 CRS: EPSG:5179 또는 EPSG:4326을 표기한다.",
            "id": "sample_030_0007_000003",
            "annotations": []
        },
        {
            "sentence": "데이터 책임자 및 프로젝트 매니저는 나인준이며 권한·접근범위는 초기 설계 단계에 ID 기반 통제 정책으로 정의되어야 한다.",
            "id": "sample_030_0007_000004",
            "annotations": [
                {
                    "word": "나인준",
                    "start": 20,
                    "end": 23,
                    "label": "개인정보"
                }
            ]
        },
        {
            "sentence": "센서 시계열은 ISO8601(예: 2025-11-01T08:00:00Z, UTC)로 표준화하며 타임스탬프 동기화 정책과 누락·이상치 처리 규칙을 병기한다.",
            "id": "sample_030_0007_000005",
            "annotations": []
        },
        {
            "sentence": "예시 지오메트리는 {\"type\":\"Point\",\"coordinates\":[127.004,37.567]}(GeoJSON, CRS: EPSG:4326)으로 저장하고 레이어 메타에 좌표계 정확도를 표기한다.",
            "id": "sample_030_0007_000006",
            "annotations": []
        },
        {
            "sentence": "센서 메타데이터는 sensor_id, sensor_type, 측정단위(unit), 수집주기, 캘리브레이션 일자, measurement_confidence(신뢰도) 필드를 포함해야 한다.",
            "id": "sample_030_0007_000007",
            "annotations": []
        },
        {
            "sentence": "예시 시계열 레코드는 sensor_id: SENSOR-0001, sensor_type: NO2 센서, measurement_value: 42.7, unit: µg/m3, measurement_confidence: 0.92 식으로 표기한다.",
            "id": "sample_030_0007_000008",
            "annotations": []
        },
        {
            "sentence": "이미지와 3D 자산은 멀티레졸루션 타일링을 적용하며 image_url, model_3d_citygml_url, bim_ifc_url을 메타에 포함해 접근성과 재사용성을 확보한다.",
            "id": "sample_030_0007_000009",
            "annotations": []
        },
        {
            "sentence": "건축허가 연동 정보는 building_permit_id, permit_document_pdf_url을 연결하고 허가서 버전 및 발급일을 ISO8601로 기록한다.",
            "id": "sample_030_0007_000010",
            "annotations": []
        },
        {
            "sentence": "사례 데이터에는 건물 주소를 다음과 같이 기록했다: 서울특별시 종로구 종로1가 1-1 101호, 단 상세 주소(호수 포함)는 내부 접근 제어 후 비식별화·집계 제공을 원칙으로 한다.",
            "id": "sample_030_0007_000011",
            "annotations": [
                {
                    "word": "서울특별시 종로구 종로1가 1-1 101호",
                    "start": 29,
                    "end": 52,
                    "label": "개인정보"
                },
                {
                    "word": "서울특별시",
                    "start": 29,
                    "end": 34,
                    "label": "준식별자"
                },
                {
                    "word": "종로구",
                    "start": 35,
                    "end": 38,
                    "label": "준식별자"
                },
                {
                    "word": "종로1가",
                    "start": 39,
                    "end": 43,
                    "label": "준식별자"
                }
            ]
        },
        {
            "sentence": "내부 연락처는 운영상 필요 시 암호화된 연락처를 사용하며 예시 메일 주소는 nainjun@city.go.kr로 공식 통신 채널을 표기한다.",
            "id": "sample_030_0007_000012",
            "annotations": [
                {
                    "word": "nainjun@city.go.kr",
                    "start": 42,
                    "end": 60,
                    "label": "개인정보"
                }
            ]
        },
        {
            "sentence": "현장 책임자 연락처 예시는 010-1234-5678로 표기하였으나 공개 데이터셋 제공 시 반드시 비식별화·마스킹을 수행한다.",
            "id": "sample_030_0007_000013",
            "annotations": [
                {
                    "word": "010-1234-5678",
                    "start": 15,
                    "end": 28,
                    "label": "개인정보"
                }
            ]
        },
        {
            "sentence": "인구·사회 지표는 행정구역 단위로 집계 제공하며 예를 들어 강남구의 인구밀도는 격자 기반 집계로만 공개한다.",
            "id": "sample_030_0007_000014",
            "annotations": [
                {
                    "word": "강남구",
                    "start": 33,
                    "end": 36,
                    "label": "준식별자"
                }
            ]
        },
        {
            "sentence": "시민 설문 응답 원본에 포함된 생년월일은 연·월·일 단위로 분리하여 내부 익명화 파이프라인에서 처리하며 예시: 생년월일: 1985-07-15.",
            "id": "sample_030_0007_000015",
            "annotations": [
                {
                    "word": "1985",
                    "start": 68,
                    "end": 72,
                    "label": "준식별자"
                },
                {
                    "word": "07",
                    "start": 73,
                    "end": 75,
                    "label": "준식별자"
                },
                {
                    "word": "15",
                    "start": 76,
                    "end": 78,
                    "label": "준식별자"
                }
            ]
        },
        {
            "sentence": "개인 특성 항목은 준식별자로 취급하며 예시 항목으로 성별: 남, 직업군, 연령대 등을 별도 동의 기반으로 처리한다.",
            "id": "sample_030_0007_000016",
            "annotations": [
                {
                    "word": "성별: 남",
                    "start": 29,
                    "end": 34,
                    "label": "준식별자"
                }
            ]
        },
        {
            "sentence": "중요 인프라 관련 시스템 정보는 기밀로 분류하며 예시 서버 IP는 10.0.0.5로 내부 문서에 표기되어 있다.",
            "id": "sample_030_0007_000017",
            "annotations": [
                {
                    "word": "10.0.0.5",
                    "start": 37,
                    "end": 45,
                    "label": "기밀정보"
                }
            ]
        },
        {
            "sentence": "내부 접근 경로와 비공개 URL은 공개 금지이며 예시 VPN 접속 URL은 https://internal.citygov.local/vpn로 관리된다.",
            "id": "sample_030_0007_000018",
            "annotations": [
                {
                    "word": "https://internal.citygov.local/vpn",
                    "start": 42,
                    "end": 76,
                    "label": "기밀정보"
                }
            ]
        },
        {
            "sentence": "재무 계정 및 예산 집행 관련 세부 계좌번호는 감사 가능 형태로 보관하되 외부 공유 금지 항목으로서 예시 계좌번호: 123-456-789012가 식별자 역할을 한다.",
            "id": "sample_030_0007_000019",
            "annotations": [
                {
                    "word": "123-456-789012",
                    "start": 65,
                    "end": 79,
                    "label": "기밀정보"
                }
            ]
        },
        {
            "sentence": "프로젝트 승인권자는 정예나이며 승인 내역과 결재선은 변경 이력과 함께 암호화된 감사 로그에 저장한다.",
            "id": "sample_030_0007_000020",
            "annotations": [
                {
                    "word": "정예나",
                    "start": 11,
                    "end": 14,
                    "label": "개인정보"
                }
            ]
        },
        {
            "sentence": "자산관리 기록은 asset_condition, maintenance_schedule, 마지막 점검 timestamp, 담당자 ID 매핑을 포함하며 동일 엔터티 ID 일관성을 유지한다.",
            "id": "sample_030_0007_000021",
            "annotations": []
        },
        {
            "sentence": "교통 서비스의 실시간 제어 요구사항은 교통 신호 제어 지연 < 1s, 요금정산 거래 지연 < 500ms 등으로 설계 명세에 반영해야 한다.",
            "id": "sample_030_0007_000022",
            "annotations": []
        },
        {
            "sentence": "센서 캘리브레이션 이력과 오차범위는 메타데이터에 포함하여 측정값의 신뢰도와 불확실성을 정량적으로 표기해야 한다.",
            "id": "sample_030_0007_000023",
            "annotations": []
        },
        {
            "sentence": "데이터 라이선스는 각 레이어별로 명시(Creative Commons, 상업 이용 제한 등)하고 메타데이터에는 소유권·저작권 정보를 포함한다.",
            "id": "sample_030_0007_000024",
            "annotations": []
        },
        {
            "sentence": "데이터셋 버전과 변경 이력은 dataset_version: v1.2.3, 변경일자, 변경요약을 포함해 감사 가능한 형태로 보관한다.",
            "id": "sample_030_0007_000025",
            "annotations": []
        },
        {
            "sentence": "공개 전 데이터는 익명화 및 집계 검증을 거치며 공개 API는 접근률 제한과 토큰 기반 인증을 적용한다.",
            "id": "sample_030_0007_000026",
            "annotations": []
        },
        {
            "sentence": "CityGML 3D 모델과 IFC BIM 파일은 공간 참조 CRS를 명시하고 메타에 모델 레벨(Level of Detail)과 정합성 체크 결과를 기록한다.",
            "id": "sample_030_0007_000027",
            "annotations": []
        },
        {
            "sentence": "시민 피드백은 원문 보관 시 접근 권한을 최소화하고 공개 제공 시 텍스트 익명화 처리 및 집계된 통찰만 제공한다.",
            "id": "sample_030_0007_000028",
            "annotations": []
        },
        {
            "sentence": "권장 작업 항목으로는 접근제어 강화, 자동 익명화 파이프라인 구축, ETL 재현성 보장, 그리고 주기적 보안·품질 감사가 포함된다.",
            "id": "sample_030_0007_000029",
            "annotations": []
        },
        {
            "sentence": "결론적으로 본 지침은 지리참조 정확성, 개인정보 보호, 표준 준수, 실시간 요구사항 반영, 그리고 투명한 버전관리 체계를 중심으로 운영되어야 한다.",
            "id": "sample_030_0007_000030",
            "annotations": []
        }
    ]
}