{
    "document_id": "071_0020",
    "document_title": "서해 그린하이드로플랜트 운영 및 계측 검증 보고서",
    "data": [
        {
            "sentence": "프로젝트 식별자(project_id)는 PRJ-2024-0001로 내부 추적 및 감사 목적에 사용되며 값은 기밀로 관리됩니다.",
            "id": "sample_071_0020_000001",
            "annotations": [
                {
                    "word": "PRJ-2024-0001",
                    "start": 22,
                    "end": 35,
                    "label": "기밀정보"
                }
            ]
        },
        {
            "sentence": "시설명(facility_name)은 '서해 그린하이드로플랜트'이며 시설유형(facility_type)은 electrolyzer(전해조) 기반 생산시설입니다.",
            "id": "sample_071_0020_000002",
            "annotations": []
        },
        {
            "sentence": "시설 위치(location)은 인천광역시 중구로 표기하며 위도경도(lat/lon)는 37.4731N, 126.6173E로 레퍼런스에 기록됩니다.",
            "id": "sample_071_0020_000003",
            "annotations": [
                {
                    "word": "인천광역시",
                    "start": 17,
                    "end": 22,
                    "label": "준식별자"
                },
                {
                    "word": "중구",
                    "start": 23,
                    "end": 25,
                    "label": "준식별자"
                }
            ]
        },
        {
            "sentence": "계측 타임스탬프(timestamp)는 2025-03-15T14:23:30Z로 저장되며 시간 동기화 불확실성은 ±1 s입니다.",
            "id": "sample_071_0020_000004",
            "annotations": [
                {
                    "word": "2025",
                    "start": 21,
                    "end": 25,
                    "label": "준식별자"
                },
                {
                    "word": "03",
                    "start": 26,
                    "end": 28,
                    "label": "준식별자"
                },
                {
                    "word": "15",
                    "start": 29,
                    "end": 31,
                    "label": "준식별자"
                }
            ]
        },
        {
            "sentence": "해당 배치의 수소 생산량(production_kg)은 1250.4 ±2.5 kg(측정 불확실성 0.2%)으로 질량보존을 기준으로 검증되었습니다.",
            "id": "sample_071_0020_000005",
            "annotations": []
        },
        {
            "sentence": "에너지 투입(energy_input_kWh)은 62520 ±200 kWh로 기록되어 전기투입 대비 유효 에너지 출력비율을 계산합니다.",
            "id": "sample_071_0020_000006",
            "annotations": []
        },
        {
            "sentence": "전해 효율(efficiency_percent, LHV 기준)은 66.7 ±0.5 %로 산출되었으며 산출식과 단위(kWh, kg)는 메타데이터에 포함됩니다.",
            "id": "sample_071_0020_000007",
            "annotations": []
        },
        {
            "sentence": "수소 순도(purity_percent, ISO 14687 기준)는 99.999 ±0.001 %이며 불순물(예: O2, N2, CO) 농도는 ISO 14687 한계 내로 검증되었습니다.",
            "id": "sample_071_0020_000008",
            "annotations": []
        },
        {
            "sentence": "저장 탱크 압력(pressure_bar)은 30.5 ±0.1 bar, 온도(temperature_C)는 23.4 ±0.5 °C로 보정된 센서값을 사용했습니다.",
            "id": "sample_071_0020_000009",
            "annotations": []
        },
        {
            "sentence": "유량(flow_rate_kg_per_h)은 52.1 ±0.3 kg/h로 실시간(초-분) 텔레메트리로 기록되며 배치(일-월) 집계와 별도 스키마로 보관됩니다.",
            "id": "sample_071_0020_000010",
            "annotations": []
        },
        {
            "sentence": "저장 레벨(storage_level_percent)은 78.2 ±0.5 %로 표시되며 boil-off 손실율은 0.03 %/day로 추정됩니다.",
            "id": "sample_071_0020_000011",
            "annotations": []
        },
        {
            "sentence": "압축기 상태(compressor_status)는 running(운전중), 회전수 1,520 rpm이며 전류·전압 계측 불확실성은 ±0.5 %입니다.",
            "id": "sample_071_0020_000012",
            "annotations": []
        },
        {
            "sentence": "스택 열화(stack_degradation_percent)는 누적 3.2 ±0.1 %로 예측모델과 정비주기(예상 고장률 연 0.5%)를 반영해 산출했습니다.",
            "id": "sample_071_0020_000013",
            "annotations": []
        },
        {
            "sentence": "최근 정비 이력(maintenance_event)은 2024-11-02에 실시한 스택 센서 교정이며 유형(type)은 preventive, severity는 low로 기록됩니다.",
            "id": "sample_071_0020_000014",
            "annotations": [
                {
                    "word": "2024",
                    "start": 29,
                    "end": 33,
                    "label": "준식별자"
                },
                {
                    "word": "11",
                    "start": 34,
                    "end": 36,
                    "label": "준식별자"
                },
                {
                    "word": "02",
                    "start": 30,
                    "end": 32,
                    "label": "준식별자"
                },
                {
                    "word": "02",
                    "start": 37,
                    "end": 39,
                    "label": "준식별자"
                }
            ]
        },
        {
            "sentence": "누출 감지(leak_detection_flag)는 true로 트리거되었고 초기 사고 보고서 ID는 INC-2024-****-01(식별정보 마스킹)로 아카이빙했습니다.",
            "id": "sample_071_0020_000015",
            "annotations": [
                {
                    "word": "INC-2024-****-01",
                    "start": 55,
                    "end": 71,
                    "label": "기밀정보"
                }
            ]
        },
        {
            "sentence": "안전사고 및 비상대응 로그는 사고 심각도(severity) 분류와 함께 민감도로 표시하며 식별 가능한 개인 정보는 마스킹합니다.",
            "id": "sample_071_0020_000016",
            "annotations": []
        },
        {
            "sentence": "배출량(emissions_scope)은 Scope 1: 0.00 tCO2e, Scope 2: 재생에너지 연계로 0.0 tCO2e로 계산되어 LCA 입력값으로 사용됩니다.",
            "id": "sample_071_0020_000017",
            "annotations": []
        },
        {
            "sentence": "운영 관련 허가(permit_id)는 PERMIT-2023-ROK-0456으로 기재되어 있으며 허가조건 준수 모니터링이 요구됩니다.",
            "id": "sample_071_0020_000018",
            "annotations": [
                {
                    "word": "PERMIT-2023-ROK-0456",
                    "start": 21,
                    "end": 41,
                    "label": "기밀정보"
                }
            ]
        },
        {
            "sentence": "장기 구매계약(offtaker_contract_id)은 OFT-ACC-7890-REDACTED로 내부 보안 등급이 적용되어 접근 통제가 필요합니다.",
            "id": "sample_071_0020_000019",
            "annotations": [
                {
                    "word": "OFT-ACC-7890-REDACTED",
                    "start": 31,
                    "end": 52,
                    "label": "기밀정보"
                }
            ]
        },
        {
            "sentence": "LCA 보고서 참조(LCA_report_reference)는 LCA-REF-2024-V1로 기록되어 제품 원산지 검증 및 감축량 회계에 사용됩니다.",
            "id": "sample_071_0020_000020",
            "annotations": []
        },
        {
            "sentence": "인증서(certificate_id)는 CERT-GH-2024-1111로 표기되어 있으며 인증서 원본은 보안 저장소에 보관합니다.",
            "id": "sample_071_0020_000021",
            "annotations": [
                {
                    "word": "CERT-GH-2024-1111",
                    "start": 21,
                    "end": 38,
                    "label": "기밀정보"
                }
            ]
        },
        {
            "sentence": "SCADA/통신 메타데이터는 OPC-UA(opc.tcp://10.10.10.20:4840/plant), MQTT(mqtt://broker.greenhydro.local:1883) 및 Modbus 레이어를 포함합니다.",
            "id": "sample_071_0020_000022",
            "annotations": [
                {
                    "word": "opc.tcp://10.10.10.20:4840/plant",
                    "start": 23,
                    "end": 55,
                    "label": "기밀정보"
                },
                {
                    "word": "mqtt://broker.greenhydro.local:1883",
                    "start": 63,
                    "end": 98,
                    "label": "기밀정보"
                }
            ]
        },
        {
            "sentence": "OT 네트워크 내 PLC 주소는 10.0.0.5로 문서화되어 있으며 이들 IP 및 엔드포인트 정보는 기밀로 분류됩니다.",
            "id": "sample_071_0020_000023",
            "annotations": [
                {
                    "word": "10.0.0.5",
                    "start": 18,
                    "end": 26,
                    "label": "기밀정보"
                }
            ]
        },
        {
            "sentence": "사이버보안 관련 메타데이터는 VPN 도메인(vpn.greenhydro.local), 접근 제어 목록(ACL), 인증서 지문을 포함하며 모두 기밀 등급으로 취급합니다.",
            "id": "sample_071_0020_000024",
            "annotations": [
                {
                    "word": "vpn.greenhydro.local",
                    "start": 24,
                    "end": 44,
                    "label": "기밀정보"
                }
            ]
        },
        {
            "sentence": "운영책임자(운영 리드)는 황다온으로 지정되어 있으며 담당자 연락 및 승인 로그는 접근제어 하에 보관됩니다.",
            "id": "sample_071_0020_000025",
            "annotations": [
                {
                    "word": "황다온",
                    "start": 14,
                    "end": 17,
                    "label": "개인정보"
                }
            ]
        },
        {
            "sentence": "안전담당 책임자는 류정빈이며 비상연락처는 문서 내에서 마스킹 처리되어 저장되고 필요시 권한자만 열람합니다.",
            "id": "sample_071_0020_000026",
            "annotations": [
                {
                    "word": "류정빈",
                    "start": 10,
                    "end": 13,
                    "label": "개인정보"
                }
            ]
        },
        {
            "sentence": "본문 전반에 걸쳐 단위(kg, kWh, bar, °C, kg/h)와 측정 불확실성을 함께 기록했으며 데이터 보존 및 검증 절차를 명시합니다.",
            "id": "sample_071_0020_000027",
            "annotations": []
        },
        {
            "sentence": "결론 및 권고에서는 정비주기 단축(스택 교체 주기 재평가), SCADA 접근 로그 감시 강화, 및 PPA 연계 증빙(GO: Guarantees of Origin) 확보를 제안합니다.",
            "id": "sample_071_0020_000028",
            "annotations": []
        },
        {
            "sentence": "행동 항목(Action Items)은 ① INC-2024-****-01 사건에 대한 포렌식, ② PERMIT-2023-ROK-0456 조건 재점검, ③ VPN 및 OPC-UA 엔드포인트 보안 강화입니다.",
            "id": "sample_071_0020_000029",
            "annotations": []
        },
        {
            "sentence": "모든 실시간 계측 데이터는 초-분 단위로, 배치 계수는 일-월 단위로 별도 스키마에 보관하며 접근은 역할기반(RBAC)으로 통제합니다.",
            "id": "sample_071_0020_000030",
            "annotations": []
        }
    ]
}