{
    "document_id": "071_0010",
    "document_title": "성남 그린수소 허브 운영·검증 및 안전보고서",
    "data": [
        {
            "sentence": "프로젝트 개요: Project ID는 PJT-071-0010이며 본 문서는 성남 그린수소 허브의 운영 기록을 기술한다.",
            "id": "sample_071_0010_000001",
            "annotations": [
                {
                    "word": "PJT-071-0010",
                    "start": 21,
                    "end": 33,
                    "label": "기밀정보"
                },
                {
                    "word": "성남 그린수소 허브",
                    "start": 42,
                    "end": 52,
                    "label": "준식별자"
                }
            ]
        },
        {
            "sentence": "시설명: facility_name = 성남 그린수소 허브; 운영사업자: 그린에너지코퍼레이션; 위치: 경기도, 성남시, 분당구(위도 37.378, 경도 127.123, 정밀도 ±0.0001).",
            "id": "sample_071_0010_000002",
            "annotations": [
                {
                    "word": "성남 그린수소 허브",
                    "start": 21,
                    "end": 31,
                    "label": "준식별자"
                },
                {
                    "word": "그린에너지코퍼레이션",
                    "start": 40,
                    "end": 50,
                    "label": "준식별자"
                },
                {
                    "word": "경기도",
                    "start": 56,
                    "end": 59,
                    "label": "준식별자"
                },
                {
                    "word": "성남시",
                    "start": 61,
                    "end": 64,
                    "label": "준식별자"
                },
                {
                    "word": "분당구",
                    "start": 66,
                    "end": 69,
                    "label": "준식별자"
                }
            ]
        },
        {
            "sentence": "시설유형(facility_type): electrolyzer로 표기하며, 현장에는 알칼라인(alakline) 계열 전해조와 PEM(type=PEM) 시리즈가 파일럿으로 병행 설치되어 있다.",
            "id": "sample_071_0010_000003",
            "annotations": []
        },
        {
            "sentence": "실시간 계측(초-분): 2025-06-15T14:23:00Z 계측값 - 생산량 production_kg = 1200.0 ±1.2 kg, 에너지투입 energy_input_kWh = 61,440 ±184 kWh, 샘플 주기 1 s.",
            "id": "sample_071_0010_000004",
            "annotations": []
        },
        {
            "sentence": "효율(efficiency_percent)은 65.1% ±0.5%로 보고하며, 계산 시 H2 Lower Heating Value = 33.33 kWh/kg을 사용하였다.",
            "id": "sample_071_0010_000005",
            "annotations": []
        },
        {
            "sentence": "순도(purity_percent, ISO 14687 준거)는 99.999% ±0.001%로 측정되었고 주요 불순물 농도는 O2 = 2.0 ±0.2 ppm, CO = 0.02 ±0.005 ppm, CO2 = 2.0 ±0.2 ppm, H2O < 5 ppm으로 기록되었다.",
            "id": "sample_071_0010_000006",
            "annotations": []
        },
        {
            "sentence": "운전 유압·열 제어: 압력(pressure_bar) = 30.0 ±0.1 bar, 온도(temperature_C) = 25.0 ±0.5 °C, 배관 유량(flow_rate_kg_per_h) = 50.0 ±0.5 kg/h로 제어 루프가 정상 동작하였다.",
            "id": "sample_071_0010_000007",
            "annotations": []
        },
        {
            "sentence": "저장탱크 상태: storage_level_percent = 73.4% ±0.4%로 기록되며 boil-off 손실율은 0.12%/day, 부식모니터링은 전기저항법으로 주간 점검을 수행한다.",
            "id": "sample_071_0010_000008",
            "annotations": []
        },
        {
            "sentence": "압축기(compressor_status)는 operational 상태이며 run_hours = 12 h, fault_count = 0, 압축기 측정 오차는 ±0.2%로 계측 불확도를 적용하였다.",
            "id": "sample_071_0010_000009",
            "annotations": []
        },
        {
            "sentence": "스택 열화(stack_degradation_percent) 누적치는 4.2% ±0.1%로 예측되며 권장 정비주기는 12개월, 모델 기반 평균 고장률(failure_rate) = 0.5%/년을 적용한다.",
            "id": "sample_071_0010_000010",
            "annotations": []
        },
        {
            "sentence": "유지보수 이력(maintenance_event): 2025-05-10T09:00:00Z에 예방정비(type=preventive, severity=low)가 시행되었고 교체 부품 및 코스트는 내부 계약서에 따라 보관한다.",
            "id": "sample_071_0010_000011",
            "annotations": []
        },
        {
            "sentence": "안전사고 로그(safety_incident_report_id)는 민감도로 마스킹 표기하며 예시값은 INC-2025-****로 표기하고 인적 식별정보는 삭제하였다.",
            "id": "sample_071_0010_000012",
            "annotations": [
                {
                    "word": "INC-2025-****",
                    "start": 55,
                    "end": 68,
                    "label": "기밀정보"
                }
            ]
        },
        {
            "sentence": "누출 감지 이벤트(leak_detection_flag)=true가 2025-06-12T11:45:22Z에 발생하였고 센서 검출 민감도는 0.01 kg/h, 측정값은 0.15 ±0.02 kg/h였다.",
            "id": "sample_071_0010_000013",
            "annotations": []
        },
        {
            "sentence": "배출 범위(emissions_scope)는 Scope 1 및 Scope 2로 분류하였고, 전원은 재생에너지로 공급되어 CO2 환산량은 산정 시 0.0 tCO2e로 기재한다.",
            "id": "sample_071_0010_000014",
            "annotations": []
        },
        {
            "sentence": "허가 문서(permit_id) 값 PERMIT-SSG-2024-09은 압력용기 및 위험물 규정 준수를 입증하는 자료로서 안전팀에서 원본을 보관한다.",
            "id": "sample_071_0010_000015",
            "annotations": [
                {
                    "word": "PERMIT-SSG-2024-09",
                    "start": 19,
                    "end": 37,
                    "label": "기밀정보"
                }
            ]
        },
        {
            "sentence": "장기 공급계약(offtaker_contract_id)은 OFT-2024-SEA-0007로 식별되며 가격·물량 조항은 기밀로 분류되어 요약만 본 문서에 포함하였다.",
            "id": "sample_071_0010_000016",
            "annotations": [
                {
                    "word": "OFT-2024-SEA-0007",
                    "start": 31,
                    "end": 48,
                    "label": "기밀정보"
                }
            ]
        },
        {
            "sentence": "LCA 보고서(LCA_report_reference) 참조는 LCA-성남-2024-v1로 표기하며 전원 원산지 추적과 수명주기 온실가스 산정을 포함한다.",
            "id": "sample_071_0010_000017",
            "annotations": []
        },
        {
            "sentence": "인증서(certificate_id)는 CERT-GH-2024-042로 발급되었으며 유효기간은 2026-03-31까지이다.",
            "id": "sample_071_0010_000018",
            "annotations": [
                {
                    "word": "CERT-GH-2024-042",
                    "start": 21,
                    "end": 37,
                    "label": "기밀정보"
                }
            ]
        },
        {
            "sentence": "통신 프로토콜 메타데이터: SCADA는 OPC-UA over TLS, 데이터 수집은 MQTT 5.0 및 Modbus-TCP를 사용하며 메타데이터는 아카이빙 규칙을 따른다.",
            "id": "sample_071_0010_000019",
            "annotations": []
        },
        {
            "sentence": "사이버보안 항목: 관리 접속 계정(관리자 ID)은 admin_*****로 마스킹하며 내부 서버 IP(server_ip) = 10.23.45.25는 접근제어 및 로그 감사 대상으로 분류한다.",
            "id": "sample_071_0010_000020",
            "annotations": [
                {
                    "word": "admin_*****",
                    "start": 28,
                    "end": 39,
                    "label": "기밀정보"
                },
                {
                    "word": "10.23.45.25",
                    "start": 69,
                    "end": 80,
                    "label": "기밀정보"
                }
            ]
        },
        {
            "sentence": "검교정 및 계측 불확도는 교정성적서에 기록되며 예시로 전력계 ±0.3%, 유량계 ±1%, 가스분석기(O2) ±0.2 ppm을 적용한다.",
            "id": "sample_071_0010_000021",
            "annotations": []
        },
        {
            "sentence": "상업·운영 책임: 프로젝트 관리자 및 현장책임자 보고 체계는 내부 문서로서 전경진이 프로젝트 운영 총괄을 수행한다(현장책임자: 전경진, 사번: 2025-001).",
            "id": "sample_071_0010_000022",
            "annotations": [
                {
                    "word": "전경진",
                    "start": 42,
                    "end": 45,
                    "label": "개인정보"
                },
                {
                    "word": "전경진",
                    "start": 71,
                    "end": 74,
                    "label": "개인정보"
                },
                {
                    "word": "사번: 2025-001",
                    "start": 76,
                    "end": 88,
                    "label": "개인정보"
                }
            ]
        },
        {
            "sentence": "운영팀 연락 담당은 성여경(사번: 2025-002)으로 지정되어 있으며 외부 공개자료에는 개인 연락처를 제거하여 공개한다.",
            "id": "sample_071_0010_000023",
            "annotations": [
                {
                    "word": "성여경",
                    "start": 11,
                    "end": 14,
                    "label": "개인정보"
                },
                {
                    "word": "사번: 2025-002",
                    "start": 15,
                    "end": 27,
                    "label": "개인정보"
                }
            ]
        },
        {
            "sentence": "품질관리 계획: ISO 14687 표준에 따라 월간 샘플링을 수행하고 분석결과의 계측 불확도와 검정성적서를 함께 보관한다.",
            "id": "sample_071_0010_000024",
            "annotations": []
        },
        {
            "sentence": "환경·안전 준수 문서에는 압력용기 검사 기록과 폭발방지(Ex) 설계 도면이 포함되며, 관련 검사보고서는 허가서(PERMIT-SSG-2024-09)와 연동되어 관리된다.",
            "id": "sample_071_0010_000025",
            "annotations": [
                {
                    "word": "PERMIT-SSG-2024-09",
                    "start": 62,
                    "end": 80,
                    "label": "기밀정보"
                }
            ]
        },
        {
            "sentence": "재무·상업 메모: 프로젝트 파이낸싱 세부계약은 비공개이며 offtaker 계약 식별자 OFT-2024-SEA-0007로 내부 관리된다.",
            "id": "sample_071_0010_000026",
            "annotations": [
                {
                    "word": "OFT-2024-SEA-0007",
                    "start": 48,
                    "end": 65,
                    "label": "기밀정보"
                }
            ]
        },
        {
            "sentence": "데이터 무결성 점검: 물리법칙에 따른 질량·에너지보존을 확인하였으며 예시로 생산 1200.0 kg에 대해 에너지투입 61,440 kWh로 효율 65.1% 일치성을 검증하였다.",
            "id": "sample_071_0010_000027",
            "annotations": []
        },
        {
            "sentence": "결론 및 권고: 원본 허가서(PERMIT-SSG-2024-09)는 안전팀에 보관하고 개인정보는 최소 수집·익명화하며 사이버보안 항목은 별도 권한관리 대상으로 지정한다.",
            "id": "sample_071_0010_000028",
            "annotations": []
        }
    ]
}