{
    "document_id": "071_0030",
    "document_title": "부산 해운대 그린 수소 허브 생산·운영 종합보고서",
    "data": [
        {
            "sentence": "본 문서는 재생에너지 기반 그린 수소 생산 및 인프라 운영 현황을 기술한 종합보고서입니다.",
            "id": "sample_071_0030_000001",
            "annotations": []
        },
        {
            "sentence": "프로젝트 식별값은 project_id: PRJ-2026-009로 내부 추적용 메타데이터에 저장되어 있습니다.",
            "id": "sample_071_0030_000002",
            "annotations": [
                {
                    "word": "PRJ-2026-009",
                    "start": 22,
                    "end": 34,
                    "label": "기밀정보"
                }
            ]
        },
        {
            "sentence": "운영책임자(Operations Manager)는 서지수이며 관련 사번은 2025-0007로 내부 인사시스템에 등록되어 있습니다.",
            "id": "sample_071_0030_000003",
            "annotations": [
                {
                    "word": "서지수",
                    "start": 27,
                    "end": 30,
                    "label": "개인정보"
                },
                {
                    "word": "2025-0007",
                    "start": 40,
                    "end": 49,
                    "label": "개인정보"
                }
            ]
        },
        {
            "sentence": "연락처(연락처: 010-1234-5678) 및 이메일(sjsoo@greenh2.co.kr)은 비상연락용으로 등록되어 있습니다.",
            "id": "sample_071_0030_000004",
            "annotations": [
                {
                    "word": "010-1234-5678",
                    "start": 9,
                    "end": 22,
                    "label": "개인정보"
                },
                {
                    "word": "sjsoo@greenh2.co.kr",
                    "start": 30,
                    "end": 49,
                    "label": "개인정보"
                }
            ]
        },
        {
            "sentence": "시설 위치(location)는 위도/경도(lat/lon)=35.1631N,129.1633E이며 주소는 부산광역시, 해운대구 단위로 행정기록에 일치합니다.",
            "id": "sample_071_0030_000005",
            "annotations": [
                {
                    "word": "부산광역시",
                    "start": 57,
                    "end": 62,
                    "label": "준식별자"
                },
                {
                    "word": "해운대구",
                    "start": 64,
                    "end": 68,
                    "label": "준식별자"
                }
            ]
        },
        {
            "sentence": "시설 유형(facility_type)은 electrolyzer (PEM electrolyzer) 기반의 생산 플랜트로 정의되어 있습니다.",
            "id": "sample_071_0030_000006",
            "annotations": []
        },
        {
            "sentence": "기준 타임스탬프(timestamp)는 2026-01-22T14:05:00Z로 모든 실시간(초-분) 텔레메트리는 이 기준에 동기화되어 기록됩니다.",
            "id": "sample_071_0030_000007",
            "annotations": []
        },
        {
            "sentence": "보고된 일일 생산량은 production_kg=2,150.4 kg ±2.0 kg(측정불확도, 95% 신뢰수준)입니다.",
            "id": "sample_071_0030_000008",
            "annotations": []
        },
        {
            "sentence": "에너지 투입량은 energy_input_kWh=7,980.0 kWh ±15.0 kWh(계측기 교정오차 포함)으로 기록되어 있습니다.",
            "id": "sample_071_0030_000009",
            "annotations": []
        },
        {
            "sentence": "스택 수준의 단위생산효율은 efficiency_percent=27.0% ±0.3% (LHV 기준)로 계산되며 에너지 보존을 만족합니다.",
            "id": "sample_071_0030_000010",
            "annotations": []
        },
        {
            "sentence": "수소 순도(purity_percent, ISO 14687 기준)는 99.9992% ±0.0003%로 기록되며 구성 불순물은 O2=3.0 ppm ±0.5 ppm, N2=45 ppm ±5 ppm, CH4<2 ppm로 검증되었습니다.",
            "id": "sample_071_0030_000011",
            "annotations": []
        },
        {
            "sentence": "스택 열관리 관련 온도는 stack_temperature=42.5 °C ±0.5 °C로 안정 운전 범위 내에 있습니다.",
            "id": "sample_071_0030_000012",
            "annotations": []
        },
        {
            "sentence": "최근 정기점검은 maintenance_event 일시 2025-11-15에 수행되었으며 점검유형은 전해조(cell) 교체, 점검담당자: 허정호, 심각도(severity)=경(低)로 기록되었습니다.",
            "id": "sample_071_0030_000013",
            "annotations": [
                {
                    "word": "2025",
                    "start": 30,
                    "end": 34,
                    "label": "준식별자"
                },
                {
                    "word": "11",
                    "start": 35,
                    "end": 37,
                    "label": "준식별자"
                },
                {
                    "word": "15",
                    "start": 38,
                    "end": 40,
                    "label": "준식별자"
                },
                {
                    "word": "허정호",
                    "start": 76,
                    "end": 79,
                    "label": "개인정보"
                }
            ]
        },
        {
            "sentence": "안전사고 관련 로그는 safety_incident_report_id=SIR-2025-045로 아카이빙되며 사고 발생 관련자 정보는 개인정보 보호 원칙에 따라 이름을 [MASKED] 처리했습니다.",
            "id": "sample_071_0030_000014",
            "annotations": [
                {
                    "word": "SIR-2025-045",
                    "start": 38,
                    "end": 50,
                    "label": "기밀정보"
                }
            ]
        },
        {
            "sentence": "저장탱크 측정치는 pressure_bar=45.2 bar ±0.1 bar, temperature_C=15.8 °C ±0.2 °C 로 규격화된 센서로 모니터링됩니다.",
            "id": "sample_071_0030_000015",
            "annotations": []
        },
        {
            "sentence": "저장레벨(storage_level_percent)=78.5% ±0.5%이며 boil-off 보정은 일일 데이터로 누적 보정됩니다.",
            "id": "sample_071_0030_000016",
            "annotations": []
        },
        {
            "sentence": "플랜트 압축기(compressor_status)는 active 상태이며 모터 회전수 motor_rpm=1,450 rpm ±5 rpm, 최근 점검 후 이상 없음으로 보고됩니다.",
            "id": "sample_071_0030_000017",
            "annotations": []
        },
        {
            "sentence": "스택 열화율(stack_degradation_percent)은 누적 3.2% ±0.2%로 예측모델과 정합하며 예상 교체주기(유지보수 주기)는 36개월입니다.",
            "id": "sample_071_0030_000018",
            "annotations": []
        },
        {
            "sentence": "배관 및 밸브의 누출감지(leak_detection_flag)는 False로 현재 활성 알람 없음이지만 센서 교정주기 준수 필요성이 기록되어 있습니다.",
            "id": "sample_071_0030_000019",
            "annotations": []
        },
        {
            "sentence": "환경배출 범위(emissions_scope)=Scope1: 직접배출 0.02 tCO2e/day (계산불확도 ±5%), Scope2는 사용 전력의 재생에너지 귀속으로 0 tCO2e로 보고합니다.",
            "id": "sample_071_0030_000020",
            "annotations": []
        },
        {
            "sentence": "운영에 필요한 허가번호(permit_id)는 PERMIT-34-2025로 등록되어 있으며 관련 법규(압력용기, 폭발방지 등)를 준수합니다.",
            "id": "sample_071_0030_000021",
            "annotations": [
                {
                    "word": "PERMIT-34-2025",
                    "start": 25,
                    "end": 39,
                    "label": "기밀정보"
                }
            ]
        },
        {
            "sentence": "장기공급계약 식별자(offtaker_contract_id)는 OFT-ACME-0007로 기록되어 있으며 계약조건은 기밀로 관리됩니다.",
            "id": "sample_071_0030_000022",
            "annotations": [
                {
                    "word": "OFT-ACME-0007",
                    "start": 34,
                    "end": 47,
                    "label": "기밀정보"
                }
            ]
        },
        {
            "sentence": "LCA 참조(LCA_report_reference)는 LCA-RPT-2025-HUB01이며 전체 수명주기평가 결과는 프로젝트 내부검토를 거쳤습니다.",
            "id": "sample_071_0030_000023",
            "annotations": [
                {
                    "word": "LCA-RPT-2025-HUB01",
                    "start": 30,
                    "end": 48,
                    "label": "기밀정보"
                }
            ]
        },
        {
            "sentence": "그린수소 인증서(certificate_id)는 CERT-GH-2026-12로 발행되었으며 재생에너지 귀속(GO/PPA) 정보가 연결되어 있습니다.",
            "id": "sample_071_0030_000024",
            "annotations": [
                {
                    "word": "CERT-GH-2026-12",
                    "start": 26,
                    "end": 41,
                    "label": "기밀정보"
                }
            ]
        },
        {
            "sentence": "파이프라인 누출 탐지 이벤트의 연계 식별자 PIPE-07은 내부 자산 번호로 민감도로 분류되어 있습니다.",
            "id": "sample_071_0030_000025",
            "annotations": [
                {
                    "word": "PIPE-07",
                    "start": 24,
                    "end": 31,
                    "label": "기밀정보"
                }
            ]
        },
        {
            "sentence": "SCADA/ICS 연동 메타데이터는 OPC-UA endpoint opc.tunnel.company.local:4840, MQTT broker mqtt://broker.greenh2.local:1883, SCADA IP 10.0.5.12로 구성되어 있습니다.",
            "id": "sample_071_0030_000026",
            "annotations": [
                {
                    "word": "opc.tunnel.company.local:4840",
                    "start": 36,
                    "end": 65,
                    "label": "기밀정보"
                },
                {
                    "word": "mqtt://broker.greenh2.local:1883",
                    "start": 79,
                    "end": 111,
                    "label": "기밀정보"
                },
                {
                    "word": "10.0.5.12",
                    "start": 122,
                    "end": 131,
                    "label": "기밀정보"
                }
            ]
        },
        {
            "sentence": "ICS/OT 보안 필드는 암호화, 인증, 접근제어를 요구하며 관리자 계정 예시 admin_user_71은 접근권한 모니터링 대상입니다.",
            "id": "sample_071_0030_000027",
            "annotations": [
                {
                    "word": "admin_user_71",
                    "start": 44,
                    "end": 57,
                    "label": "기밀정보"
                }
            ]
        },
        {
            "sentence": "검교정 이력과 유지보수 로그는 실시간 데이터와 배치 데이터로 구분되어 보관되며 SCADA 로그는 저지연(수초) 아카이빙이 필수입니다.",
            "id": "sample_071_0030_000028",
            "annotations": []
        },
        {
            "sentence": "상용운송 기록은 암모니아 및 LOHC 연계 데이터를 포함하며 운송식별자와 온도·압력 조건은 계약상 기밀로 분류됩니다.",
            "id": "sample_071_0030_000029",
            "annotations": []
        },
        {
            "sentence": "결론 및 조치사항: 정기점검주기 준수, ISO 14687 기준 품질검사 강화, SCADA 접근제어 재검토 및 기밀문서 접근권한 최소화가 권고됩니다.",
            "id": "sample_071_0030_000030",
            "annotations": []
        }
    ]
}