{
    "document_id": "071_0068",
    "document_title": "제주그린수소허브 전해조 운전 및 안전운영 보고서",
    "data": [
        {
            "sentence": "문서 개요: facility_name: 제주그린수소허브의 전해조(electrolyzer) 운전 및 안전운영 요약 보고서입니다.",
            "id": "sample_071_0068_000001",
            "annotations": [
                {
                    "word": "제주그린수소허브",
                    "start": 22,
                    "end": 30,
                    "label": "준식별자"
                }
            ]
        },
        {
            "sentence": "문서 식별자: document_id: 071_0068, project_id: PRJ-071-0068, 작성일(작성일자): 2025-06-15.",
            "id": "sample_071_0068_000002",
            "annotations": [
                {
                    "word": "PRJ-071-0068",
                    "start": 43,
                    "end": 55,
                    "label": "기밀정보"
                },
                {
                    "word": "2025-06-15",
                    "start": 68,
                    "end": 78,
                    "label": "준식별자"
                }
            ]
        },
        {
            "sentence": "위치(location): 제주특별자치도 제주시(lat: 33.4996, lon: 126.5312) 에 설치된 시설로 해안 인접 조건을 고려한 부식 대책이 적용됩니다.",
            "id": "sample_071_0068_000003",
            "annotations": [
                {
                    "word": "제주특별자치도 제주시",
                    "start": 14,
                    "end": 25,
                    "label": "준식별자"
                }
            ]
        },
        {
            "sentence": "facility_type: electrolyzer; timestamp(운전기록 기준): 2025-06-15T12:34:56Z(UTC)로 실시간(초-분) 데이터는 저지연 저장소에 기록됩니다.",
            "id": "sample_071_0068_000004",
            "annotations": [
                {
                    "word": "2025-06-15T12:34:56Z",
                    "start": 49,
                    "end": 69,
                    "label": "준식별자"
                }
            ]
        },
        {
            "sentence": "production_kg(시간당): 1,250.0 ± 5.0 kg(측정불확도 ±5.0 kg, k=2)이며 일일 배치합은 30,000.0 ± 50.0 kg입니다.",
            "id": "sample_071_0068_000005",
            "annotations": []
        },
        {
            "sentence": "energy_input_kWh: 10,500.0 ± 15.0 kWh(전력계측기 교정오차 0.14%)로 전해조 전력소모와 LCA 검증에 사용됩니다.",
            "id": "sample_071_0068_000006",
            "annotations": []
        },
        {
            "sentence": "efficiency_percent: 72.38 ± 0.20 % (HHV 기준)이며 에너지수지(질량·에너지 보존)를 정기적으로 검증합니다.",
            "id": "sample_071_0068_000007",
            "annotations": []
        },
        {
            "sentence": "purity_percent(ISO 14687 기준): H2 순도 99.999 ± 0.001 %; O2 ≤ 5 ppm, N2 ≤ 100 ppm, CH4 ≤ 2 ppm, H2O ≤ 5 ppm으로 품질관리를 수행합니다.",
            "id": "sample_071_0068_000008",
            "annotations": []
        },
        {
            "sentence": "pressure_bar(저장탱크): 35.0 ± 0.1 bar, temperature_C: 22.5 ± 0.5 °C, flow_rate_kg_per_h: 1,250.0 ± 2.5 kg/h로 측정합니다.",
            "id": "sample_071_0068_000009",
            "annotations": []
        },
        {
            "sentence": "storage_level_percent: 78.5 ± 0.5 %(온도보정 포함)이며 보관 중 boil-off 손실률은 월간 0.12 ± 0.02 %입니다.",
            "id": "sample_071_0068_000010",
            "annotations": []
        },
        {
            "sentence": "compressor_status: 정상(online)이며 압축기 운전조건은 흡입압 1.2 bar(±0.05)에서 배출 35.0 bar로 제어됩니다.",
            "id": "sample_071_0068_000011",
            "annotations": []
        },
        {
            "sentence": "stack_degradation_percent: 3.8 ± 0.5 % 연간 열화율로 수명예측 모델에 반영하고 스택 교체 주기는 경제성분석을 통해 결정합니다.",
            "id": "sample_071_0068_000012",
            "annotations": []
        },
        {
            "sentence": "maintenance_event: 2025-05-30에 예방정비(type: 예방, severity: 낮음) 수행, 담당자: 류슬우(사번: 2025-0456, 연락처: 010-1234-5678, 이메일: ryu.seulwoo@greenh2.co.kr).",
            "id": "sample_071_0068_000013",
            "annotations": [
                {
                    "word": "류슬우",
                    "start": 69,
                    "end": 72,
                    "label": "개인정보"
                },
                {
                    "word": "2025-0456",
                    "start": 77,
                    "end": 86,
                    "label": "개인정보"
                },
                {
                    "word": "010-1234-5678",
                    "start": 93,
                    "end": 106,
                    "label": "개인정보"
                },
                {
                    "word": "ryu.seulwoo@greenh2.co.kr",
                    "start": 113,
                    "end": 138,
                    "label": "개인정보"
                }
            ]
        },
        {
            "sentence": "추적기록: 정비 로그와 구성파일은 SCADA 보관소에 저장되며 참조파일 경로는 /var/ops/scada/project/071_0068/confidential.yaml 로 지정되어 있습니다.",
            "id": "sample_071_0068_000014",
            "annotations": [
                {
                    "word": "/var/ops/scada/project/071_0068/confidential.yaml",
                    "start": 44,
                    "end": 93,
                    "label": "기밀정보"
                }
            ]
        },
        {
            "sentence": "안전_incident: 소규모 누출 감지(leak_detection_flag: true)로 안전보고서 safety_incident_report_id: INC-2025-****-001이 발행되었으며 ID는 일부 마스킹 처리되었습니다.",
            "id": "sample_071_0068_000015",
            "annotations": [
                {
                    "word": "INC-2025-****-001",
                    "start": 84,
                    "end": 101,
                    "label": "기밀정보"
                }
            ]
        },
        {
            "sentence": "사고 세부: 추정 누출량 0.45 ± 0.05 kg, 관련압력 34.8 bar, 누출원은 밸브 마모로 추정되어 추가 정밀검사 예정입니다.",
            "id": "sample_071_0068_000016",
            "annotations": []
        },
        {
            "sentence": "비상대응: 초기 차단, 환기 및 주변지역 격리, 인명피해는 보고되지 않았으며 폭발방지(Ex) 규정과 압력용기 검사법을 준수했습니다.",
            "id": "sample_071_0068_000017",
            "annotations": []
        },
        {
            "sentence": "통신프로토콜 메타데이터: SCADA 접속 프로토콜은 OPC-UA(opc.tcp://10.0.***:4840), MQTT 브로커(mqtts://broker.greenh2.local:8883), Modbus TCP로 구성되어 있습니다.",
            "id": "sample_071_0068_000018",
            "annotations": [
                {
                    "word": "opc.tcp://10.0.***:4840",
                    "start": 36,
                    "end": 59,
                    "label": "기밀정보"
                },
                {
                    "word": "mqtts://broker.greenh2.local:8883",
                    "start": 71,
                    "end": 104,
                    "label": "기밀정보"
                }
            ]
        },
        {
            "sentence": "사이버보안: TLS/mTLS 인증과 역할기반 접근제어를 사용하며 VPN 엔드포인트 vpn.greenh2.local을 통해 외부접속을 제한합니다.",
            "id": "sample_071_0068_000019",
            "annotations": [
                {
                    "word": "vpn.greenh2.local",
                    "start": 46,
                    "end": 63,
                    "label": "기밀정보"
                }
            ]
        },
        {
            "sentence": "계측 정확도: 전압·전류 센서의 교정은 NMI/NIST 추적성 자료 기준으로 수행하며 각 계측에 불확도 값을 병기합니다.",
            "id": "sample_071_0068_000020",
            "annotations": []
        },
        {
            "sentence": "환경·규제 준수: 배출 범위는 emissions_scope: scope 1 및 scope 2로 관리되며 permit_id: PERMIT-RE-2025-009에 따른 운전허가를 보유하고 있습니다.",
            "id": "sample_071_0068_000021",
            "annotations": [
                {
                    "word": "PERMIT-RE-2025-009",
                    "start": 69,
                    "end": 87,
                    "label": "기밀정보"
                }
            ]
        },
        {
            "sentence": "상업 정보: offtaker_contract_id: OFC-2025-EL-077로 장기 offtake 계약을 체결했으며 PPA_price: EUR 45.00/MWh(계약상 비공개조건)로 정산됩니다.",
            "id": "sample_071_0068_000022",
            "annotations": [
                {
                    "word": "OFC-2025-EL-077",
                    "start": 29,
                    "end": 44,
                    "label": "기밀정보"
                },
                {
                    "word": "EUR 45.00/MWh",
                    "start": 78,
                    "end": 91,
                    "label": "기밀정보"
                }
            ]
        },
        {
            "sentence": "인증 및 검증: certificate_id: CERT-GH2-2025-0009이 발행되어 그린수소 인증을 보유하고 있으며 LCA_report_reference: LCA-REPORT-2024-71을 근거로 온실가스 배출량을 산정했습니다.",
            "id": "sample_071_0068_000023",
            "annotations": [
                {
                    "word": "CERT-GH2-2025-0009",
                    "start": 25,
                    "end": 43,
                    "label": "기밀정보"
                },
                {
                    "word": "LCA-REPORT-2024-71",
                    "start": 90,
                    "end": 108,
                    "label": "기밀정보"
                }
            ]
        },
        {
            "sentence": "검교정 히스토리: 전해조 전압계 교정 수행일 2025-04-01(교정기관: KOLAS 인증기관), 다음 교정 예정일 2026-04-01로 스케줄링 되어 있습니다.",
            "id": "sample_071_0068_000024",
            "annotations": [
                {
                    "word": "2025-04-01",
                    "start": 25,
                    "end": 35,
                    "label": "준식별자"
                },
                {
                    "word": "2026-04-01",
                    "start": 65,
                    "end": 75,
                    "label": "준식별자"
                }
            ]
        },
        {
            "sentence": "운영지침: 압력용기 검사주기, 배관 부식모니터링, 폭발방지 구역 표기 등 현행 법규와 지역 위험물 규정을 준수하도록 명시합니다.",
            "id": "sample_071_0068_000025",
            "annotations": []
        },
        {
            "sentence": "운송기록: 암모니아 환적(NH3) 방식의 중계운송 시 온도관리 기준은 -33 ± 2 °C이며 부식방지 코팅 및 중성화 절차를 적용합니다.",
            "id": "sample_071_0068_000026",
            "annotations": []
        },
        {
            "sentence": "데이터 거버넌스: SCADA/ICS 로그는 접근권한이 엄격히 통제되며 계약·재무 문서는 내부기밀로 분류되고 장기 아카이빙 정책을 준수합니다.",
            "id": "sample_071_0068_000027",
            "annotations": []
        },
        {
            "sentence": "결론 및 권고: 허용치 초과 시 즉시 셧다운, 추가 모니터링 실시, 정비계획 이행 및 계약 당사자 통지 절차를 신속히 수행할 것을 권고합니다.",
            "id": "sample_071_0068_000028",
            "annotations": []
        }
    ]
}