{
    "document_id": "071_0094",
    "document_title": "그린 수소 생산 및 인프라 운영·안전 보고서",
    "data": [
        {
            "sentence": "본 문서는 PRJ-071-**** 프로젝트의 그린 수소(green hydrogen) 생산 및 인프라 운영 현황을 기술한다.",
            "id": "sample_071_0094_000001",
            "annotations": [
                {
                    "word": "PRJ-071-****",
                    "start": 6,
                    "end": 18,
                    "label": "기밀정보"
                }
            ]
        },
        {
            "sentence": "해당 시설명은 '서산 그린수소 허브'이며 facility_name은 서산-ELZ-01로 표기한다.",
            "id": "sample_071_0094_000002",
            "annotations": []
        },
        {
            "sentence": "위치(location)는 충청남도 서산시(Seosan-si) 인근, 위경도(location lat/lon)는 36.7760°N, 126.4500°E로 등록되어 있다.",
            "id": "sample_071_0094_000003",
            "annotations": [
                {
                    "word": "서산시",
                    "start": 19,
                    "end": 22,
                    "label": "준식별자"
                }
            ]
        },
        {
            "sentence": "facility_type은 electrolyzer(전해조)와 storage(저장탱크), refuel_station(충전소)을 포함한 복합형으로 구분된다.",
            "id": "sample_071_0094_000004",
            "annotations": []
        },
        {
            "sentence": "프로젝트 책임자(프로젝트 매니저): 유준승, 연락처 이메일 yjs@*****.com, 휴대폰 010-****-5678, 내부 사번 2024-****로 기록되어 개인정보 관리 대상이다.",
            "id": "sample_071_0094_000005",
            "annotations": [
                {
                    "word": "유준승",
                    "start": 20,
                    "end": 23,
                    "label": "개인정보"
                },
                {
                    "word": "yjs@*****.com",
                    "start": 33,
                    "end": 46,
                    "label": "개인정보"
                },
                {
                    "word": "010-****-5678",
                    "start": 52,
                    "end": 65,
                    "label": "개인정보"
                },
                {
                    "word": "사번 2024-****",
                    "start": 70,
                    "end": 82,
                    "label": "개인정보"
                }
            ]
        },
        {
            "sentence": "실시간 계측 샘플(timestamp)은 2025-01-15T08:23:45.123Z로 시작하며 실시간(초-분) 데이터와 배치(일-월) 데이터 스키마를 병기한다.",
            "id": "sample_071_0094_000006",
            "annotations": []
        },
        {
            "sentence": "일일 배치 합계(batch daily)는 2025-01-15 기준이며 production_kg은 242.5 ±1.2 kg(불확실도 ±0.5%)으로 기록되었다.",
            "id": "sample_071_0094_000007",
            "annotations": []
        },
        {
            "sentence": "동일 기간 energy_input_kWh은 1,120.0 ±5.6 kWh(측정기 정확도 ±0.5%)로 계측되어 평균 효율 efficiency_percent는 21.63 ±0.17%로 계산되었다.",
            "id": "sample_071_0094_000008",
            "annotations": []
        },
        {
            "sentence": "수소 순도(purity_percent, ISO 14687 기준)는 99.999 ±0.001%로 보고하며 불순물별 측정값은 H2O 0.2 ±0.05 ppm, O2 0.1 ±0.02 ppm, N2 0.5 ±0.1 ppm로 기재한다.",
            "id": "sample_071_0094_000009",
            "annotations": []
        },
        {
            "sentence": "허가 관련 permit_id는 PERMIT-2024-****로 마스킹하여 기록하고 관련 법령(압력용기 안전규정, 폭발방지 규정) 준수를 명시한다.",
            "id": "sample_071_0094_000010",
            "annotations": [
                {
                    "word": "PERMIT-2024-****",
                    "start": 17,
                    "end": 33,
                    "label": "기밀정보"
                }
            ]
        },
        {
            "sentence": "offtaker 계약 식별자(offtaker_contract_id)는 OFT-2024-****로 마스킹하였고 장기 공급조건과 가격정보는 기밀로 분류된다.",
            "id": "sample_071_0094_000011",
            "annotations": [
                {
                    "word": "OFT-2024-****",
                    "start": 39,
                    "end": 52,
                    "label": "기밀정보"
                }
            ]
        },
        {
            "sentence": "그린 수소 인증서(certificate_id)는 CERT-GH-2024-****로 마스킹되어 보관되며 재생에너지 기여도(PPA 연계)가 명시되어 있다.",
            "id": "sample_071_0094_000012",
            "annotations": [
                {
                    "word": "CERT-GH-2024-****",
                    "start": 27,
                    "end": 44,
                    "label": "기밀정보"
                }
            ]
        },
        {
            "sentence": "LCA_report_reference는 LCA-REPORT-ELZ-2024_v1로 링크 참조를 권고하며 생애주기평가 결과는 Scope1/Scope2/Scope3 배출량으로 분류된다.",
            "id": "sample_071_0094_000013",
            "annotations": []
        },
        {
            "sentence": "정기 유지보수 담당자: 오지훈(정비팀), 최근 maintenance_event는 2024-12-10에 수행된 stack 교체이며 type은 preventive, severity는 low로 기록된다.",
            "id": "sample_071_0094_000014",
            "annotations": [
                {
                    "word": "오지훈",
                    "start": 13,
                    "end": 16,
                    "label": "개인정보"
                }
            ]
        },
        {
            "sentence": "안전사고 관련 safety_incident_report_id는 INC-2025-****로 마스킹 처리하였고 누출(leak) 판단은 leak_detection_flag=true로 표기하여 민감도로 분류한다.",
            "id": "sample_071_0094_000015",
            "annotations": [
                {
                    "word": "INC-2025-****",
                    "start": 35,
                    "end": 48,
                    "label": "기밀정보"
                }
            ]
        },
        {
            "sentence": "사고 기록에는 사고 일시 2025-01-10T14:12:22Z, 영향범위 local, 인명피해 없음, 조치내역 긴급차단 및 배기 후 복구가 포함된다.",
            "id": "sample_071_0094_000016",
            "annotations": []
        },
        {
            "sentence": "저장탱크 압력(pressure_bar)은 150.2 ±0.5 bar(abs), 온도(temperature_C)는 12.4 ±0.3 °C로 계측되었고 저장손실(boil-off)은 0.12 ±0.02 %/day로 계산되었다.",
            "id": "sample_071_0094_000017",
            "annotations": []
        },
        {
            "sentence": "유량(flow_rate_kg_per_h)은 공급측 85.0 ±0.4 kg/h, 충전소 배출측 82.5 ±0.5 kg/h로 모니터링되며 차이는 밸브 누설 및 압력차에 기인할 수 있다.",
            "id": "sample_071_0094_000018",
            "annotations": []
        },
        {
            "sentence": "storage_level_percent은 저수탱크 67.3 ±0.5%로 보고되며 탱크 내 부식 모니터링은 전극식(corrosion probe) 센서로 ±0.1 mm/yr 정밀도로 기록된다.",
            "id": "sample_071_0094_000019",
            "annotations": []
        },
        {
            "sentence": "SCADA/ICS 통신 메타데이터로 OPC-UA endpoint가 opc.tunnel.internal:4***(마스킹), MQTT 브로커 토픽은 hydro/plant/071, Modbus 슬레이브 ID 11을 사용함을 명시한다.",
            "id": "sample_071_0094_000020",
            "annotations": [
                {
                    "word": "opc.tunnel.internal:4***",
                    "start": 37,
                    "end": 61,
                    "label": "기밀정보"
                }
            ]
        },
        {
            "sentence": "시스템 접근 관련 내부 서버 IP는 192.168.10.***로 마스킹하였고 접근제어는 RBAC(role-based access control), 인증·암호화(SSL/TLS) 적용으로 기밀성을 유지한다.",
            "id": "sample_071_0094_000021",
            "annotations": [
                {
                    "word": "192.168.10.***",
                    "start": 20,
                    "end": 34,
                    "label": "기밀정보"
                }
            ]
        },
        {
            "sentence": "컴프레서(compressor_status)는 온라인(Online), 운전압력 200.0 ±0.8 bar, 운전온도 45.0 ±1.0 °C이며 주기적 오일체크 주기(oil check)는 720시간 운전 후 수행된다.",
            "id": "sample_071_0094_000022",
            "annotations": []
        },
        {
            "sentence": "스택 상태(stack_degradation_percent)는 연속 모니터링 결과 연평균 열화율 0.8 ±0.1%/1000h로 예측되어 예상 교체 주기는 60,000 운전시간으로 산정된다.",
            "id": "sample_071_0094_000023",
            "annotations": []
        },
        {
            "sentence": "배출(emissions_scope)은 Scope1: 연소/공정직접 0.00 tCO2e, Scope2: 전력간접 12.4 ±0.3 tCO2e(연간)로 보고되며 재생전력 추적은 GOs(Guarantees of Origin)와 연계한다.",
            "id": "sample_071_0094_000024",
            "annotations": []
        },
        {
            "sentence": "운영 권고 및 action items: 누출 감지(leak_detection_flag=true) 시 즉시 격리, 연속 압력 로그 보존(초단위), 사고보고서(INC-2025-****) 제출 및 규제당국 통보를 권고한다.",
            "id": "sample_071_0094_000025",
            "annotations": []
        },
        {
            "sentence": "상업적·법적 문서 접근은 기밀로 분류되며 offtaker 계약서, 금융정보, 내부 운영매뉴얼은 접근 권한이 있는 인원만 열람하도록 통제한다.",
            "id": "sample_071_0094_000026",
            "annotations": []
        },
        {
            "sentence": "데이터 검증 규칙: 모든 계측값은 단위(kg, kWh, bar, °C 등)와 측정 불확실도를 병기하고 물리법칙(질량·에너지 보존)을 만족하는지 교차검증을 수행한다.",
            "id": "sample_071_0094_000027",
            "annotations": []
        },
        {
            "sentence": "SCADA 로그와 계약 문서는 장기 보존(Archiving) 요구에 따라 암호화된 저장소에 보관하며 감사 로그는 10년 보존 정책을 따른다.",
            "id": "sample_071_0094_000028",
            "annotations": []
        },
        {
            "sentence": "비상연락 및 조치 책임자: 정로아(안전팀) 지정, 내부 연락은 암호화 메신저 사용 권고 및 개인 연락처는 내부DB에서 마스킹 처리한다.",
            "id": "sample_071_0094_000029",
            "annotations": [
                {
                    "word": "정로아",
                    "start": 15,
                    "end": 18,
                    "label": "개인정보"
                }
            ]
        },
        {
            "sentence": "결론: 규제·안전·품질 요건(ISO 14687 준수 포함) 및 사이버보안 정책을 모두 충족하도록 운영 절차를 개선하고 정기 검증을 통해 데이터 무결성을 확보할 것을 권고한다.",
            "id": "sample_071_0094_000030",
            "annotations": []
        }
    ]
}