{
    "document_id": "071_0006",
    "document_title": "그린 수소 생산 및 인프라 통합 운영 보고서",
    "data": [
        {
            "sentence": "본 문서는 재생에너지 기반 전력으로 운영되는 그린 수소 생산·저장·충전 인프라의 운영현황과 안전·품질·규제 준수 사항을 기술한 통합 보고서입니다.",
            "id": "sample_071_0006_000001",
            "annotations": []
        },
        {
            "sentence": "project_id: PRJ-071-0006 는 본 프로젝트의 고유 식별자로 내부 레퍼런스와 감사(traceability)를 위해 사용됩니다.",
            "id": "sample_071_0006_000002",
            "annotations": []
        },
        {
            "sentence": "facility_name: 그린수소 허브 부산 서부, 행정구역: 부산광역시 서구, location(lat/lon): 35.123456N,129.123456E 로 시설 위치를 기록합니다.",
            "id": "sample_071_0006_000003",
            "annotations": [
                {
                    "word": "부산광역시 서구",
                    "start": 36,
                    "end": 44,
                    "label": "준식별자"
                }
            ]
        },
        {
            "sentence": "facility_type: electrolyzer + storage + refuel_station 구성으로 전해조(electrolyzer), 저장탱크(storage), 충전소(refuel_station)를 통합 운영합니다.",
            "id": "sample_071_0006_000004",
            "annotations": []
        },
        {
            "sentence": "운영 데이터는 실시간 텔레메트리(real-time, 초·분 단위)와 배치(batch, 일·월 단위)로 분리 수집되며 각 측정치는 단위와 측정불확실성(±)을 명시합니다.",
            "id": "sample_071_0006_000005",
            "annotations": []
        },
        {
            "sentence": "batch timestamp(일별 집계): 2026-01-23 (daily); production_kg: 120.000 ±0.500 kg per hour(집계 단위: kg/h), energy_input_kWh: 6000 ±12 kWh/h, 효율 산출값은 아래와 같습니다.",
            "id": "sample_071_0006_000006",
            "annotations": []
        },
        {
            "sentence": "효율(efficiency_percent): 66.66 ±0.20 % 는 에너지투입(단위: kWh/kg)과 수소 LHV(약 33.33 kWh/kg)를 이용해 계산하였고 물리법칙(에너지 보존)을 준수합니다.",
            "id": "sample_071_0006_000007",
            "annotations": []
        },
        {
            "sentence": "실시간 텔레메트리 예: timestamp: 2026-01-23T14:35:12Z, flow_rate_kg_per_h: 120.000 ±0.500 kg/h, pressure_bar: 30.00 ±0.20 bar, temperature_C: 48.5 ±0.5 °C, 통신프로토콜: OPC-UA, MQTT, Modbus, SCADA_endpoint: opc.tcp://scada-01.local:4840.",
            "id": "sample_071_0006_000008",
            "annotations": [
                {
                    "word": "opc.tcp://scada-01.local:4840",
                    "start": 193,
                    "end": 222,
                    "label": "기밀정보"
                }
            ]
        },
        {
            "sentence": "purity_percent(ISO 14687 기준): 99.999 ±0.001 % (LHV 기반 기준으로 H2 순도 표기), O2: 0.2 ±0.05 ppm, N2: 0.5 ±0.1 ppm 등 불순물 성분은 ISO 14687 한계 이내입니다.",
            "id": "sample_071_0006_000009",
            "annotations": []
        },
        {
            "sentence": "storage_level_percent: 78.5 ±0.5 % (저장탱크 레벨 센서 교정오차 포함), boil-off 손실율은 예측치로 일간 0.03 ±0.01 %/day 로 추정됩니다.",
            "id": "sample_071_0006_000010",
            "annotations": []
        },
        {
            "sentence": "최근 안전사고 로그: safety_incident_report_id: INC-2026-***-0001(식별정보 마스킹), leak_detection_flag: true, type: pipeline_leak, severity: high 로 분류하고 비상차단 및 지역방재와 연계된 조치를 시행했습니다.",
            "id": "sample_071_0006_000011",
            "annotations": [
                {
                    "word": "INC-2026-***-0001",
                    "start": 39,
                    "end": 56,
                    "label": "기밀정보"
                }
            ]
        },
        {
            "sentence": "emissions_scope: Scope 1 포함(연료·공정 배출), 전력원 재생에너지 전용 추적을 위해 PPA 및 GOs(Guarantees of Origin)를 사용하여 탄소 회계를 분리 관리합니다.",
            "id": "sample_071_0006_000012",
            "annotations": []
        },
        {
            "sentence": "permit_id: PERMIT-2025-045 및 인허가 관련 문서는 규제 준수를 위해 유지하며 비공개(기밀) 관리 대상입니다.",
            "id": "sample_071_0006_000013",
            "annotations": [
                {
                    "word": "PERMIT-2025-045",
                    "start": 11,
                    "end": 26,
                    "label": "기밀정보"
                }
            ]
        },
        {
            "sentence": "offtaker_contract_id: OFFTAKE-6789 은 장기공급계약(offtake) 식별자이며 가격·거래조건은 기밀로 분류되어 접근제한이 적용됩니다.",
            "id": "sample_071_0006_000014",
            "annotations": [
                {
                    "word": "OFFTAKE-6789",
                    "start": 22,
                    "end": 34,
                    "label": "기밀정보"
                }
            ]
        },
        {
            "sentence": "운영·정비 이력: 최근 stack_degradation_percent: 2.30 ±0.10 % (누적운전 1,000 h 기준)로 예측모델과 일치하며 교체주기는 권장 8,000 h 내외입니다.",
            "id": "sample_071_0006_000015",
            "annotations": []
        },
        {
            "sentence": "maintenance_event: 2026-02-10 예정 점검(전해조 셀 밸런스 및 밸브 검교정), 담당자 승인: 방엘라 가 유지보수 책임자로 지정되었으며 검교정 레포트는 내부 보관합니다.",
            "id": "sample_071_0006_000016",
            "annotations": [
                {
                    "word": "방엘라",
                    "start": 65,
                    "end": 68,
                    "label": "개인정보"
                }
            ]
        },
        {
            "sentence": "compressor_status: running (운전), 압축비와 전력소모는 실시간 모니터링하며 압축기 온도 85.0 ±1.0 °C, 압력 200.0 ±1.0 bar(저압·고압 센서 범위 준수)를 기록합니다.",
            "id": "sample_071_0006_000017",
            "annotations": []
        },
        {
            "sentence": "안전·규제 준수: 압력용기 및 폭발방지 관련 국내법과 현지 위험물 규정에 따라 검사주기와 방폭(Ex) 설계를 적용하고 검사결과는 이 문서에 첨부된 별도 파일로 보관합니다.",
            "id": "sample_071_0006_000018",
            "annotations": []
        },
        {
            "sentence": "계측 정확도: 생산량 계측기는 교정차수 ±0.5 kg, 전력계는 ±0.2 %의 불확실성을 갖는 계측기를 사용하며 교정이력(calibration)과 불확실성(uncertainty)은 로그에 기록합니다.",
            "id": "sample_071_0006_000019",
            "annotations": []
        },
        {
            "sentence": "물 관리: 전해수 수원은 탈염수(desalinated) 사용으로 염분·전도도 모니터링을 실시하며 전해수 투입량은 생산량 기준으로 kg 물/kg H2 비율을 산정하여 운영 제약을 관리합니다.",
            "id": "sample_071_0006_000020",
            "annotations": []
        },
        {
            "sentence": "통신·사이버보안: SCADA/ICS 접속은 인증·암호화가 필수이며 OPC-UA 및 MQTT 통신채널의 무결성 및 접근제어 정책을 시행하고 관련 필드는 기밀로 분류합니다.",
            "id": "sample_071_0006_000021",
            "annotations": []
        },
        {
            "sentence": "LCA_report_reference: LCA-REF-2025-09 은 본 시설의 수명주기평가 참조번호이며 전력인증 및 간접배출 산정 근거를 제공합니다.",
            "id": "sample_071_0006_000022",
            "annotations": []
        },
        {
            "sentence": "certificate_id: CERT-GH-2025-001 은 그린수소 인증서 식별자이며 검증서 원본은 인증기관에 보관되나 내부 레퍼런스는 기록합니다.",
            "id": "sample_071_0006_000023",
            "annotations": []
        },
        {
            "sentence": "운송기록: 액화(LOHC/암모니아 이송 포함) 운송 시 온도·압력·부식 파라미터를 계측하며 운송 손실·안전로그는 트랜스포트 배치별로 기록보관합니다.",
            "id": "sample_071_0006_000024",
            "annotations": []
        },
        {
            "sentence": "위험완화 및 조치: 유출 탐지(leak_detection_flag true) 시 자동 차단, 로컬 배리어 격리 및 관할 소방서와의 연계 대응 절차를 즉시 시행하였습니다.",
            "id": "sample_071_0006_000025",
            "annotations": []
        },
        {
            "sentence": "검증가능성: 재생에너지 기여(renewable attribution)는 PPA 거래증빙과 GOs를 통해 추적하며 회계 및 감사(tracing)를 위해 에너지 사용 로그를 유지합니다.",
            "id": "sample_071_0006_000026",
            "annotations": []
        },
        {
            "sentence": "운영 권고사항: 단기(1개월)로는 누출 감지 민감도 증가, 중기(6개월)로는 스택 예측보수 모델 튜닝 및 교체예비 확보를 권고합니다.",
            "id": "sample_071_0006_000027",
            "annotations": []
        },
        {
            "sentence": "결론: 본 보고서는 규제·안전·품질 요구조건을 충족하도록 설계된 운영·검증 절차와 측정 데이터를 포함하며 차후 감사 및 인증을 위한 근거자료로 활용됩니다.",
            "id": "sample_071_0006_000028",
            "annotations": []
        }
    ]
}