{
    "document_id": "071_0067",
    "document_title": "화성그린H2 허브 그린수소 생산·운영 기술보고서",
    "data": [
        {
            "sentence": "본 문서는 재생에너지 기반 전력으로 전기분해(electrolyzer)를 통해 생산되는 그린 수소의 운영·안전·규제·계측 데이터를 기술한 기술보고서이다.",
            "id": "sample_071_0067_000001",
            "annotations": []
        },
        {
            "sentence": "프로젝트 메타데이터는 project_id: PRJ-071-0067로 식별되며, 내부 관리용으로 사용된다.",
            "id": "sample_071_0067_000002",
            "annotations": []
        },
        {
            "sentence": "facility_name: 화성그린H2 허브 (facility_name: Hwaseong GreenH2 Hub)로 표기하며 시설별 책임·접근권한을 구분한다.",
            "id": "sample_071_0067_000003",
            "annotations": [
                {
                    "word": "화성그린H2 허브",
                    "start": 15,
                    "end": 24,
                    "label": "준식별자"
                }
            ]
        },
        {
            "sentence": "location(lat/lon): 37.2001, 127.0192; 주소(시/도): 경기도; 주소(시/군/구): 화성시; 주소(동/읍/면): 송산면; 상세주소: 123-45.",
            "id": "sample_071_0067_000004",
            "annotations": [
                {
                    "word": "경기도",
                    "start": 47,
                    "end": 50,
                    "label": "준식별자"
                },
                {
                    "word": "화성시",
                    "start": 63,
                    "end": 66,
                    "label": "준식별자"
                },
                {
                    "word": "송산면",
                    "start": 79,
                    "end": 82,
                    "label": "준식별자"
                },
                {
                    "word": "123-45",
                    "start": 90,
                    "end": 96,
                    "label": "개인정보"
                }
            ]
        },
        {
            "sentence": "facility_type: electrolyzer (전해조 기반 생산)로 분류하였고, 저장(storage) 및 refuel_station(충전소) 연계 여부를 함께 기재한다.",
            "id": "sample_071_0067_000005",
            "annotations": []
        },
        {
            "sentence": "레포트 기준 타임스탬프(timestamp)는 2025-01-20T14:23:05Z로 표기하였으며, 모든 실시간 로그는 UTC ISO8601 포맷을 준수한다.",
            "id": "sample_071_0067_000006",
            "annotations": [
                {
                    "word": "2025-01-20T14:23:05Z",
                    "start": 25,
                    "end": 45,
                    "label": "준식별자"
                }
            ]
        },
        {
            "sentence": "생산량(production_kg): 50.00 ±0.50 kg/day (계측 불확실성 ±1.0%)로 기록하였고, 측정은 인증된 유량계로 수행했다.",
            "id": "sample_071_0067_000007",
            "annotations": []
        },
        {
            "sentence": "에너지투입(energy_input_kWh): 3000 ±5 kWh/day이며, LHV 기준(33.33 kWh/kg)을 사용해 계산한 효율(efficiency_percent)은 55.55 ±0.50 %이다.",
            "id": "sample_071_0067_000008",
            "annotations": []
        },
        {
            "sentence": "수소 품질(purity_percent, ISO 14687 기준): 99.999 ±0.001 %이며, 불순물 예측치는 O2 0.2 ±0.02 ppm, CO <0.1 ppm으로 측정·검증되었다.",
            "id": "sample_071_0067_000009",
            "annotations": []
        },
        {
            "sentence": "저장탱크 압력(pressure_bar): 200.0 ±1.0 bar, 저장온도(temperature_C): 15.0 ±0.5 °C로 계측되며, 압력용기 검사 규격을 준수한다.",
            "id": "sample_071_0067_000010",
            "annotations": []
        },
        {
            "sentence": "유량(flow_rate_kg_per_h): 2.50 ±0.05 kg/h, 저장 수위(storage_level_percent): 75.0 ±1.0 %로 레벨센서(level sensor)로 모니터링하고 있다.",
            "id": "sample_071_0067_000011",
            "annotations": []
        },
        {
            "sentence": "compressor_status: running (운전중), 회전수(RPM) 1450 ±10 rpm으로 정상 동작 중이며 압축 효율은 계측기별 오차범위를 반영해 기록한다.",
            "id": "sample_071_0067_000012",
            "annotations": []
        },
        {
            "sentence": "전해조 스택 상태(stack_degradation_percent): 3.2 ±0.2 % degradation으로 예상 수명과 정비주기 예측 모델에 반영하였다.",
            "id": "sample_071_0067_000013",
            "annotations": []
        },
        {
            "sentence": "maintenance_event: membrane 교체(type: preventive, severity: low) 발생, 교체 부품과 교정(calibration) 이력은 별도 로그로 보관한다.",
            "id": "sample_071_0067_000014",
            "annotations": []
        },
        {
            "sentence": "safety_incident_report_id: SIR-****-2024 (마스킹 처리), leak_detection_flag: true, 누출(leak) 이벤트는 즉시 안전조치 및 보고체계로 전파된다.",
            "id": "sample_071_0067_000015",
            "annotations": [
                {
                    "word": "SIR-****-2024",
                    "start": 27,
                    "end": 40,
                    "label": "기밀정보"
                }
            ]
        },
        {
            "sentence": "emissions_scope: scope1: 0.12 ±0.01 tCO2e/day, scope2는 전력계약(PPA)과 인증서(GO)를 통해 원산지 추적을 수행한다.",
            "id": "sample_071_0067_000016",
            "annotations": []
        },
        {
            "sentence": "permit_id: PERM-HUB-82은 지역 위험물 인허가 문서와 연계되어 있으며, 허가조건 준수사항을 정기 점검한다.",
            "id": "sample_071_0067_000017",
            "annotations": [
                {
                    "word": "PERM-HUB-82",
                    "start": 11,
                    "end": 22,
                    "label": "기밀정보"
                }
            ]
        },
        {
            "sentence": "offtaker_contract_id: OFT-2024-0009는 장기 공급계약(offtake) 식별번호로, 상업적 기밀로 분류되어 접근제어가 적용된다.",
            "id": "sample_071_0067_000018",
            "annotations": [
                {
                    "word": "OFT-2024-0009",
                    "start": 22,
                    "end": 35,
                    "label": "기밀정보"
                }
            ]
        },
        {
            "sentence": "LCA_report_reference: LCA-REF-2024-11 및 certificate_id: CERT-GH-2024-11은 검증문서 참조표기이며, 보고서 원본은 보안저장소에 보관한다.",
            "id": "sample_071_0067_000019",
            "annotations": [
                {
                    "word": "LCA-REF-2024-11",
                    "start": 22,
                    "end": 37,
                    "label": "기밀정보"
                },
                {
                    "word": "CERT-GH-2024-11",
                    "start": 56,
                    "end": 71,
                    "label": "기밀정보"
                }
            ]
        },
        {
            "sentence": "통신 메타데이터: OPC-UA endpoint opc.tcp://10.0.5.12:4840, MQTT broker mqtt://broker.greenh2.internal, Modbus TCP 10.0.5.15:502를 사용한다.",
            "id": "sample_071_0067_000020",
            "annotations": [
                {
                    "word": "opc.tcp://10.0.5.12:4840",
                    "start": 26,
                    "end": 50,
                    "label": "기밀정보"
                },
                {
                    "word": "mqtt://broker.greenh2.internal",
                    "start": 64,
                    "end": 94,
                    "label": "기밀정보"
                },
                {
                    "word": "10.0.5.15:502",
                    "start": 107,
                    "end": 120,
                    "label": "기밀정보"
                }
            ]
        },
        {
            "sentence": "사이버보안 관련 필드(민감도): scada_server_ip: 10.0.5.12, vpn_endpoint: vpn.greenh2.internal, scada_admin_account: scada_admin, ssh_key_fingerprint: SHA256:AB:CD:EF:12:34:56.",
            "id": "sample_071_0067_000021",
            "annotations": [
                {
                    "word": "10.0.5.12",
                    "start": 35,
                    "end": 44,
                    "label": "기밀정보"
                },
                {
                    "word": "vpn.greenh2.internal",
                    "start": 60,
                    "end": 80,
                    "label": "기밀정보"
                },
                {
                    "word": "scada_admin",
                    "start": 82,
                    "end": 93,
                    "label": "기밀정보"
                },
                {
                    "word": "scada_admin",
                    "start": 103,
                    "end": 114,
                    "label": "기밀정보"
                },
                {
                    "word": "SHA256:AB:CD:EF:12:34:56",
                    "start": 137,
                    "end": 161,
                    "label": "기밀정보"
                }
            ]
        },
        {
            "sentence": "담당자 연락처(접근권한명시): 담당자: 구병민, 사번: EMP-1023, 연락처: 010-1234-5678, 이메일: gbyungmin@greenh2.kr로 비상연락망을 구성한다.",
            "id": "sample_071_0067_000022",
            "annotations": [
                {
                    "word": "구병민",
                    "start": 22,
                    "end": 25,
                    "label": "개인정보"
                },
                {
                    "word": "EMP-1023",
                    "start": 31,
                    "end": 39,
                    "label": "개인정보"
                },
                {
                    "word": "010-1234-5678",
                    "start": 46,
                    "end": 59,
                    "label": "개인정보"
                },
                {
                    "word": "gbyungmin@greenh2.kr",
                    "start": 66,
                    "end": 86,
                    "label": "개인정보"
                }
            ]
        },
        {
            "sentence": "실시간(초 단위) 데이터 예시는 2025-01-20T14:23:05Z 전해조 전류 1200 ±2 A, 전압 720 ±1 V이며 일부 타임스탬프 2025-01-20T14:23:12Z는 누락(missing)으로 기록되었다.",
            "id": "sample_071_0067_000023",
            "annotations": [
                {
                    "word": "2025-01-20T14:23:12Z",
                    "start": 80,
                    "end": 100,
                    "label": "준식별자"
                }
            ]
        },
        {
            "sentence": "정비주기(maintenance cycle)는 평균 12개월로 설계하였고, 통계적 고장률(fail rate)은 연 1.2 %로 모델링하여 예비부품 재고를 산정한다.",
            "id": "sample_071_0067_000024",
            "annotations": []
        },
        {
            "sentence": "안전규제 준수: 압력용기법 및 폭발방지(ATEX/국내 KS) 규격을 적용하며 지역 위험물 규정에 따른 점검·보고 체계를 운영한다.",
            "id": "sample_071_0067_000025",
            "annotations": []
        },
        {
            "sentence": "데이터 접근정책: SCADA/ICS 로그와 계약서(offtake, permit 등)는 역할기반 접근제어(RBAC)와 암호화 저장을 적용하여 기밀을 보호한다.",
            "id": "sample_071_0067_000026",
            "annotations": []
        },
        {
            "sentence": "운영권장사항: 긴급누출 시 자동차단(valve closure) 및 외부통보(관할기관 통보)를 수행하고, 사고 로그는 마스킹 후 분석용으로만 공유한다.",
            "id": "sample_071_0067_000027",
            "annotations": []
        },
        {
            "sentence": "결론 및 액션아이템: 규제·안전 항목의 정기검토, 인증서 갱신 관리, 사이버보안 취약점 점검 및 기밀정보 접근권한 재검토를 권고한다.",
            "id": "sample_071_0067_000028",
            "annotations": []
        }
    ]
}