{
    "document_id": "071_0041",
    "document_title": "그린 수소 파일럿 설비 운영 및 품질·안전 보고서",
    "data": [
        {
            "sentence": "프로젝트 개요: 그린 수소 파일럿 사업 'GreenHydro Hub A'는 재생에너지 기반 전력으로 PEM 전해조를 운전하여 저탄소 수소를 생산합니다.",
            "id": "sample_071_0041_000001",
            "annotations": []
        },
        {
            "sentence": "project_id: PRJ-071-0041.",
            "id": "sample_071_0041_000002",
            "annotations": []
        },
        {
            "sentence": "facility_name: GreenHydro Hub A; facility_type: electrolyzer (PEM, nominal capacity 1 MW).",
            "id": "sample_071_0041_000003",
            "annotations": []
        },
        {
            "sentence": "location(lat/lon): 37.123456 N, 127.987654 E (WGS84 기준, 소수점 좌표 표기).",
            "id": "sample_071_0041_000004",
            "annotations": []
        },
        {
            "sentence": "timestamp: 2025-03-10T12:34:56Z (UTC, 실시간 데이터 스탬프, 초단위 정밀도).",
            "id": "sample_071_0041_000005",
            "annotations": [
                {
                    "word": "2025",
                    "start": 11,
                    "end": 15,
                    "label": "준식별자"
                },
                {
                    "word": "03",
                    "start": 16,
                    "end": 18,
                    "label": "준식별자"
                },
                {
                    "word": "10",
                    "start": 19,
                    "end": 21,
                    "label": "준식별자"
                }
            ]
        },
        {
            "sentence": "production_kg (daily batch): 100.0 kg ±0.5 kg (측정 불확실성: ±0.5 kg, 계측기: 교정된 Coriolis flowmeter 기준).",
            "id": "sample_071_0041_000006",
            "annotations": []
        },
        {
            "sentence": "energy_input_kWh (daily): 5000.0 kWh ±15 kWh (전력미터 Class 0.2, 교정 불확실성 ±15 kWh).",
            "id": "sample_071_0041_000007",
            "annotations": []
        },
        {
            "sentence": "efficiency_percent (LHV 기준): 66.7 % ±0.3 % (계산근거: H2 LHV=33.33 kWh/kg, 에너지보존법칙에 근거한 계산).",
            "id": "sample_071_0041_000008",
            "annotations": []
        },
        {
            "sentence": "purity_percent (ISO 14687 기준): 99.999 % ±0.0005 % (grade 5.0); 불순물: O2 0.4 vpm ±0.05 vpm, CO 0.02 vpm ±0.005 vpm, H2O 0.8 vpm ±0.1 vpm.",
            "id": "sample_071_0041_000009",
            "annotations": []
        },
        {
            "sentence": "pressure_bar (storage manifold): 200.0 bar ±0.5 bar; temperature_C: 22.5 °C ±0.2 °C; flow_rate_kg_per_h (instantaneous): 4.17 kg/h ±0.05 kg/h.",
            "id": "sample_071_0041_000010",
            "annotations": []
        },
        {
            "sentence": "storage_level_percent: 72.3 % ±0.5 % (탱크 레벨 초음파 센서 및 보정계수 포함).",
            "id": "sample_071_0041_000011",
            "annotations": []
        },
        {
            "sentence": "compressor_status: running; discharge_pressure 200.0 bar ±0.5 bar; compressor_motor_power 110.0 kW ±1 kW; 상태 업데이트 주기 5 s (real-time).",
            "id": "sample_071_0041_000012",
            "annotations": []
        },
        {
            "sentence": "stack_degradation_percent: 누적 3.4 % ±0.2 % (전해조 스택 기준, 누적 운전시간 12,400 h, 예상 교체주기 20,000 h 반영).",
            "id": "sample_071_0041_000013",
            "annotations": []
        },
        {
            "sentence": "maintenance_event: scheduled_overhaul on 2025-01-15 (year:2025, month:01, day:15); type: planned; severity: medium; 예상 소요시간 48 h.",
            "id": "sample_071_0041_000014",
            "annotations": [
                {
                    "word": "2025",
                    "start": 41,
                    "end": 45,
                    "label": "준식별자"
                },
                {
                    "word": "2025",
                    "start": 58,
                    "end": 62,
                    "label": "준식별자"
                },
                {
                    "word": "01",
                    "start": 46,
                    "end": 48,
                    "label": "준식별자"
                },
                {
                    "word": "01",
                    "start": 70,
                    "end": 72,
                    "label": "준식별자"
                },
                {
                    "word": "15",
                    "start": 49,
                    "end": 51,
                    "label": "준식별자"
                },
                {
                    "word": "15",
                    "start": 78,
                    "end": 80,
                    "label": "준식별자"
                }
            ]
        },
        {
            "sentence": "maintenance_event_detail: 교체항목: 가스 밸브 및 전원 컨버터, 정비이력 기록번호 MNT-2025-0007 (내부추적 ID, 접근제어 대상).",
            "id": "sample_071_0041_000015",
            "annotations": [
                {
                    "word": "MNT-2025-0007",
                    "start": 58,
                    "end": 71,
                    "label": "기밀정보"
                }
            ]
        },
        {
            "sentence": "safety_incident_report_id: SIR-****-009 (마스킹 표기), 사고유형: 가스 누출 감지, 감지시간 2025-03-10T12:31:05Z, leak_detection_flag: true.",
            "id": "sample_071_0041_000016",
            "annotations": [
                {
                    "word": "SIR-****-009",
                    "start": 27,
                    "end": 39,
                    "label": "기밀정보"
                },
                {
                    "word": "2025",
                    "start": 71,
                    "end": 75,
                    "label": "준식별자"
                },
                {
                    "word": "03",
                    "start": 76,
                    "end": 78,
                    "label": "준식별자"
                },
                {
                    "word": "10",
                    "start": 79,
                    "end": 81,
                    "label": "준식별자"
                }
            ]
        },
        {
            "sentence": "emissions_scope: Scope 1 및 Scope 2 구분 보고, Scope 1 직접 배출량(현장): 0.0 kgCO2e ±0.0 kgCO2e, 재생에너지 원산지 추적(GO/PPA) 포함.",
            "id": "sample_071_0041_000017",
            "annotations": []
        },
        {
            "sentence": "permit_id: PERMIT-2024-0457 (환경 및 압력용기 허가문서 식별번호, 접근제한 대상 기밀정보).",
            "id": "sample_071_0041_000018",
            "annotations": [
                {
                    "word": "PERMIT-2024-0457",
                    "start": 11,
                    "end": 27,
                    "label": "기밀정보"
                }
            ]
        },
        {
            "sentence": "offtaker_contract_id: OFT-NTL-0009 (장기 Offtake 계약 ID, 가격·조건은 기밀로 처리함).",
            "id": "sample_071_0041_000019",
            "annotations": [
                {
                    "word": "OFT-NTL-0009",
                    "start": 22,
                    "end": 34,
                    "label": "기밀정보"
                }
            ]
        },
        {
            "sentence": "LCA_report_reference: LCA-REP-2024-GH-A (보고서 참조코드), certificate_id: CERT-GH-2024-11 (그린 수소 인증서 ID, 내부관리 기밀).",
            "id": "sample_071_0041_000020",
            "annotations": [
                {
                    "word": "CERT-GH-2024-11",
                    "start": 68,
                    "end": 83,
                    "label": "기밀정보"
                }
            ]
        },
        {
            "sentence": "commercial_notes: PPA reference PPA-2024-NTL-45; 거래가격과 지불조건은 계약상 기밀이며 접근통제 대상이다.",
            "id": "sample_071_0041_000021",
            "annotations": [
                {
                    "word": "PPA-2024-NTL-45",
                    "start": 32,
                    "end": 47,
                    "label": "기밀정보"
                }
            ]
        },
        {
            "sentence": "SCADA/ICS metadata: protocols: OPC-UA, MQTT, ModbusTCP; OPC-UA endpoint opc.tcp://10.0.5.12:4840; broker mqtt://broker.internal:1883 (엔드포인트는 보안상 기밀).",
            "id": "sample_071_0041_000022",
            "annotations": [
                {
                    "word": "opc.tcp://10.0.5.12:4840",
                    "start": 72,
                    "end": 96,
                    "label": "기밀정보"
                },
                {
                    "word": "mqtt://broker.internal:1883",
                    "start": 105,
                    "end": 132,
                    "label": "기밀정보"
                }
            ]
        },
        {
            "sentence": "cybersecurity_fields: 접근제어 정책, TLS 인증서 정책 및 키 관리 절차 존재하며 해당 문서는 기밀정보로 분류되어 접근 제한됩니다.",
            "id": "sample_071_0041_000023",
            "annotations": []
        },
        {
            "sentence": "water_source: desalinated seawater 사용, 일평균 탈염수량 900.0 L/day ±5 L/day, 전처리(RO) 운영파라미터 및 재순환 데이터 포함.",
            "id": "sample_071_0041_000024",
            "annotations": []
        },
        {
            "sentence": "transport_log: 운송방식: 압축가스(CGH2) 실린더 트럭 운송, 배치 손실률 0.2 % ±0.05 %, 운송배치ID TRK-2025-003 (운송ID는 영업기밀).",
            "id": "sample_071_0041_000025",
            "annotations": [
                {
                    "word": "TRK-2025-003",
                    "start": 72,
                    "end": 84,
                    "label": "기밀정보"
                }
            ]
        },
        {
            "sentence": "quality_control: 정기 샘플 분석 주기 24 h, 샘플 채취 시점 타임스탬프 기록, 분석 불확실성과 교정 증명서(Calibration certificate) 첨부.",
            "id": "sample_071_0041_000026",
            "annotations": []
        },
        {
            "sentence": "operators: 담당자(운영책임자): 류지홍; 안전담당: 엄태근; 연락처는 내부기록으로 마스킹 처리하고 접근제어 적용.",
            "id": "sample_071_0041_000027",
            "annotations": [
                {
                    "word": "류지홍",
                    "start": 23,
                    "end": 26,
                    "label": "개인정보"
                },
                {
                    "word": "엄태근",
                    "start": 34,
                    "end": 37,
                    "label": "개인정보"
                }
            ]
        },
        {
            "sentence": "conclusion_and_actions: 즉시 조치: 누출구역 차단, 압력강하 모니터링 강화, 예정된 오버홀(2025-06) 재검토, 모든 보안·접근 로그는 7년간 보관.",
            "id": "sample_071_0041_000028",
            "annotations": [
                {
                    "word": "2025",
                    "start": 62,
                    "end": 66,
                    "label": "준식별자"
                },
                {
                    "word": "06",
                    "start": 67,
                    "end": 69,
                    "label": "준식별자"
                }
            ]
        },
        {
            "sentence": "audit_and_compliance: 규제 준수 체크리스트 포함, 압력용기 규격(현지 법규 및 ASME 코드) 및 폭발방지 설계 검증 문서 참조 필요.",
            "id": "sample_071_0041_000029",
            "annotations": []
        },
        {
            "sentence": "appendix: measurement_methods, SCADA topic 구조, 데이터 보관소 위치와 접근권한 목록은 내부기록이며 별도 접근권한 신청 필요.",
            "id": "sample_071_0041_000030",
            "annotations": []
        }
    ]
}