{
    "document_id": "071_0089",
    "document_title": "화성 그린수소 허브 전해수소 운영·안전 종합보고서",
    "data": [
        {
            "sentence": "프로젝트 식별자 project_id는 H2HUB-2025-009로 내부 추적에 사용되며 기록값은 기밀로 관리됩니다.",
            "id": "sample_071_0089_000001",
            "annotations": [
                {
                    "word": "H2HUB-2025-009",
                    "start": 21,
                    "end": 35,
                    "label": "기밀정보"
                }
            ]
        },
        {
            "sentence": "facility_name은 '그린허브 화성 전해수소 플랜트'이며 위치(location)는 위도 37.2001°N, 경도 127.0102°E로 등록되어 있습니다.",
            "id": "sample_071_0089_000002",
            "annotations": []
        },
        {
            "sentence": "최신 타임스탬프(timestamp)는 2025년 03월 14일 15:23:12(현지시간, ±1s 동기화오차)로 SCADA 아카이빙에 저장되었습니다.",
            "id": "sample_071_0089_000003",
            "annotations": [
                {
                    "word": "2025년",
                    "start": 21,
                    "end": 26,
                    "label": "준식별자"
                },
                {
                    "word": "03월",
                    "start": 27,
                    "end": 30,
                    "label": "준식별자"
                },
                {
                    "word": "14일",
                    "start": 31,
                    "end": 34,
                    "label": "준식별자"
                }
            ]
        },
        {
            "sentence": "일일 생산량(production_kg)은 1,250.3 ±5.0 kg으로 계측되었으며 계측 불확도는 교정증명서에 따라 산출했습니다.",
            "id": "sample_071_0089_000004",
            "annotations": []
        },
        {
            "sentence": "에너지투입(energy_input_kWh)은 60,920 ±50 kWh로 기록되어 있으며, 계산된 효율(efficiency_percent)은 68.4 ±0.3%입니다(가열값 LHV 33.33 kWh/kg 기준 검증).",
            "id": "sample_071_0089_000005",
            "annotations": []
        },
        {
            "sentence": "수소 순도(purity_percent, ISO 14687 기반)는 99.999 ±0.0005 %이며 불순물별 농도는 CO ≤0.2 ppm, O2 ≤5 ppm, H2O ≤5 ppm으로 표준 범위를 만족합니다.",
            "id": "sample_071_0089_000006",
            "annotations": []
        },
        {
            "sentence": "저장탱크 압력(pressure_bar)은 30.2 ±0.1 bar이며 탱크 표면 온도(temperature_C)는 22.5 ±0.5 °C로 모니터링됩니다.",
            "id": "sample_071_0089_000007",
            "annotations": []
        },
        {
            "sentence": "공급 유량(flow_rate_kg_per_h)은 52.1 ±0.5 kg/h이며 저장레벨(storage_level_percent)은 78.4 ±1.0 %로 SOC(state of charge) 산정에 사용됩니다.",
            "id": "sample_071_0089_000008",
            "annotations": []
        },
        {
            "sentence": "compressor_status는 'online'으로 보고되었고, OPC-UA 엔드포인트 메타데이터는 opc.tcp://10.10.200.5:4840로 SCADA 연결 정보를 포함합니다.",
            "id": "sample_071_0089_000009",
            "annotations": [
                {
                    "word": "opc.tcp://10.10.200.5:4840",
                    "start": 57,
                    "end": 83,
                    "label": "기밀정보"
                }
            ]
        },
        {
            "sentence": "스택 열화(stack_degradation_percent)는 누적운전 12,000 h 기준 2.3 ±0.1 %로 예측모델과 일치하며 감쇠율은 1,000 h당 0.19 ±0.02 %입니다.",
            "id": "sample_071_0089_000010",
            "annotations": []
        },
        {
            "sentence": "최근 maintenance_event는 scheduled_overhaul로 유형(type)은 '교체 및 재교정', 심각도(severity)는 '중간'으로 기록되었고 담당자: 양미교(점검자) 서명이 포함되었습니다.",
            "id": "sample_071_0089_000011",
            "annotations": [
                {
                    "word": "양미교",
                    "start": 97,
                    "end": 100,
                    "label": "개인정보"
                }
            ]
        },
        {
            "sentence": "추가로 수행된 점검은 예비점검(type: routine_inspection, severity: low)으로 황호영 기술자가 점검표를 작성하고 계측기 보정값을 확인했습니다.",
            "id": "sample_071_0089_000012",
            "annotations": [
                {
                    "word": "황호영",
                    "start": 60,
                    "end": 63,
                    "label": "개인정보"
                }
            ]
        },
        {
            "sentence": "안전사고 로그에서는 소량 누출에 대한 leak_detection_flag가 true로 기록되었으며 관련 safety_incident_report_id는 INC-2025-XXXX로 마스킹하여 보관합니다.",
            "id": "sample_071_0089_000013",
            "annotations": [
                {
                    "word": "INC-2025-XXXX",
                    "start": 85,
                    "end": 98,
                    "label": "기밀정보"
                }
            ]
        },
        {
            "sentence": "누출감지 시점의 지역정보는 보안상 마스킹 처리되며 내부 식별자는 '탱크구역 B-3 (위치 마스킹)'로 표기됩니다.",
            "id": "sample_071_0089_000014",
            "annotations": []
        },
        {
            "sentence": "온실가스·배출 계산(emissions_scope)은 Scope 1 및 Scope 2를 별도 산정하며 관련 허가(permit_id)는 PRM-2024-78A에 기반한 조건을 충족해야 합니다.",
            "id": "sample_071_0089_000015",
            "annotations": [
                {
                    "word": "PRM-2024-78A",
                    "start": 74,
                    "end": 86,
                    "label": "기밀정보"
                }
            ]
        },
        {
            "sentence": "offtaker_contract_id는 OFF-CT-2025-0456으로 장기 offtake 계약 정보는 기밀로 저장되고 접근제한이 적용됩니다.",
            "id": "sample_071_0089_000016",
            "annotations": [
                {
                    "word": "OFF-CT-2025-0456",
                    "start": 22,
                    "end": 38,
                    "label": "기밀정보"
                }
            ]
        },
        {
            "sentence": "환경평가 참조(LCA_report_reference)는 LCA-REF-2025-A1이며 그린수소 인증서(certificate_id)는 CERT-GH-2025-009으로 검증 문서와 연계 보관합니다.",
            "id": "sample_071_0089_000017",
            "annotations": [
                {
                    "word": "LCA-REF-2025-A1",
                    "start": 31,
                    "end": 46,
                    "label": "기밀정보"
                },
                {
                    "word": "CERT-GH-2025-009",
                    "start": 75,
                    "end": 91,
                    "label": "기밀정보"
                }
            ]
        },
        {
            "sentence": "운영 데이터의 상호운용성 확보를 위해 통신 프로토콜(metadata)에 OPC-UA, MQTT, Modbus를 명시하고 단위는 kg, kWh, bar, °C 등으로 표준화했습니다.",
            "id": "sample_071_0089_000018",
            "annotations": []
        },
        {
            "sentence": "사이버보안 필드는 암호화·인증 요구사항을 명기하고 접속로그는 중앙보안서버에 보관하며 접근권한 관리는 최소권한 원칙을 적용합니다.",
            "id": "sample_071_0089_000019",
            "annotations": []
        },
        {
            "sentence": "공급원수는 탈염수(desalinated water)이며 소비량은 8,750 ±25 L/day로 전해조 전해질 농도 및 재순환 요구조건을 만족하도록 관리합니다.",
            "id": "sample_071_0089_000020",
            "annotations": []
        },
        {
            "sentence": "에너지 원천 추적을 위해 PPA·Guarantees of Origin 연동이 필요하며 재생에너지 비중과 LCA 기준을 바탕으로 원산지 보고를 수행합니다.",
            "id": "sample_071_0089_000021",
            "annotations": []
        },
        {
            "sentence": "안전·규제 준수를 위해 압력용기 검사와 폭발방지(ATEX) 요구사항을 충족하고 시설 주소는 경기도 화성시 팔탄면 율암리로 관할기관에 등록되어 있습니다.",
            "id": "sample_071_0089_000022",
            "annotations": [
                {
                    "word": "화성시",
                    "start": 55,
                    "end": 58,
                    "label": "준식별자"
                },
                {
                    "word": "팔탄면",
                    "start": 59,
                    "end": 62,
                    "label": "준식별자"
                },
                {
                    "word": "율암리",
                    "start": 63,
                    "end": 66,
                    "label": "준식별자"
                }
            ]
        },
        {
            "sentence": "저장 손실(boil-off)은 월간 0.12 ±0.02 %이며 운송(액화 및 암모니아 대체수단)에 따른 온도·부식 조건을 운영매뉴얼에 반영했습니다.",
            "id": "sample_071_0089_000023",
            "annotations": []
        },
        {
            "sentence": "압축기 관련 자산 식별자(asset_id) SN-CPR-0009가 자산관리 DB에 등록되어 있으며 정기 점검 주기는 6개월입니다.",
            "id": "sample_071_0089_000024",
            "annotations": [
                {
                    "word": "SN-CPR-0009",
                    "start": 24,
                    "end": 35,
                    "label": "기밀정보"
                }
            ]
        },
        {
            "sentence": "최근 교체 이력의 일자는 2025년 03월 10일로 기록되었으며 교체부품과 보정값은 정비이력에 연동되어 보관됩니다.",
            "id": "sample_071_0089_000025",
            "annotations": [
                {
                    "word": "2025년",
                    "start": 14,
                    "end": 19,
                    "label": "준식별자"
                },
                {
                    "word": "03월",
                    "start": 20,
                    "end": 23,
                    "label": "준식별자"
                },
                {
                    "word": "10일",
                    "start": 24,
                    "end": 27,
                    "label": "준식별자"
                }
            ]
        },
        {
            "sentence": "운영보고 최종 승인자는 손정욱이며 승인 로그는 감사항목으로 보관하고 접근은 RBAC로 제한합니다.",
            "id": "sample_071_0089_000026",
            "annotations": [
                {
                    "word": "손정욱",
                    "start": 13,
                    "end": 16,
                    "label": "개인정보"
                }
            ]
        },
        {
            "sentence": "재무·계약 정보는 외부 공개 금지 항목이며 프로젝트 수익성·가격조건·수요예측은 내부 기밀로 분류됩니다.",
            "id": "sample_071_0089_000027",
            "annotations": []
        },
        {
            "sentence": "결론 및 조치사항: 안전대응 절차 재검토, 계측기 교정 계획 확정, 기밀문서 접근제어 강화 등 실행 항목을 즉시 시행합니다.",
            "id": "sample_071_0089_000028",
            "annotations": []
        }
    ]
}