{
    "document_id": "071_0063",
    "document_title": "그린 수소 허브 운영·품질·안전 통합 보고서",
    "data": [
        {
            "sentence": "문서 개요: 본 문서는 그린 수소 및 수소 인프라의 운영·품질·안전·계약 데이터를 통합한 기술·운영 보고서입니다.",
            "id": "sample_071_0063_000001",
            "annotations": []
        },
        {
            "sentence": "프로젝트 식별: project_id: PRJ-2024-071, 문서 식별자 document_id: 071_0063.",
            "id": "sample_071_0063_000002",
            "annotations": []
        },
        {
            "sentence": "시설명 및 위치: facility_name: 그린하이드로젠 허브 분당, 주소: 경기도 성남시 분당구, 위도/경도(location): 37.3785 N, 127.1234 E.",
            "id": "sample_071_0063_000003",
            "annotations": [
                {
                    "word": "그린하이드로젠 허브 분당",
                    "start": 25,
                    "end": 38,
                    "label": "준식별자"
                },
                {
                    "word": "경기도 성남시 분당구",
                    "start": 44,
                    "end": 55,
                    "label": "준식별자"
                }
            ]
        },
        {
            "sentence": "시설유형: facility_type: electrolyzer (전해조 기반 생산 시설, 전력원: PV 1.2 MW + Wind 0.8 MW).",
            "id": "sample_071_0063_000004",
            "annotations": []
        },
        {
            "sentence": "타임스탬프 및 스키마: timestamp(ISO8601) 예: 2025-01-22T13:45:30Z; 실시간 데이터(schema_rt)는 초~분 단위, 배치 데이터(schema_batch)는 일~월 단위로 구분합니다.",
            "id": "sample_071_0063_000005",
            "annotations": []
        },
        {
            "sentence": "실시간 계측 예시: timestamp 2025-01-22T13:45:30Z, production_kg: 152.34 kg ±0.5% (측정 불확실성), 계량기 교정 기준: ISO 17025.",
            "id": "sample_071_0063_000006",
            "annotations": []
        },
        {
            "sentence": "에너지 입력: energy_input_kWh: 875.6 kWh ±0.8% (전력계, kWh), 계산된 효율: efficiency_percent = 17.40% (±0.3% 절대), 수치 기반 검증 포함.",
            "id": "sample_071_0063_000007",
            "annotations": []
        },
        {
            "sentence": "수소 품질: purity_percent: 99.999% (5.0급, ISO 14687 기준), 산소(O2): 2 ppm ±0.2 ppm, CO: <0.1 ppm, CO2: 1 ppm ±0.3 ppm (측정 불확실성 표기).",
            "id": "sample_071_0063_000008",
            "annotations": []
        },
        {
            "sentence": "저장탱크 운영: pressure_bar: 200.5 bar ±0.2 bar, temperature_C: 25.3 °C ±0.5 °C, storage_level_percent: 72.4% ±1.0% (수준계 정확도).",
            "id": "sample_071_0063_000009",
            "annotations": []
        },
        {
            "sentence": "유량 및 압축: flow_rate_kg_per_h: 48.2 kg/h ±1.5%, compressor_status: running (compressor_id: CMP-03), 압축기 입출력 차압 모니터링 포함.",
            "id": "sample_071_0063_000010",
            "annotations": []
        },
        {
            "sentence": "보관 손실: 저장 보일오프(boil-off)율: 0.042%/day ±0.01%/day, 저장 레벨 변화와 상관관계 분석 제공.",
            "id": "sample_071_0063_000011",
            "annotations": []
        },
        {
            "sentence": "스택 성능: stack_degradation_percent: 3.4% 누적 열화(운영 18개월, 월간 평균 0.19%/월, 불확실성 ±0.05%).",
            "id": "sample_071_0063_000012",
            "annotations": []
        },
        {
            "sentence": "예방정비 주기: 표준 유지보수 주기 6개월, 평균 고장률(MTBF): 18,000 운영시간, 교정·검사 이력 포함.",
            "id": "sample_071_0063_000013",
            "annotations": []
        },
        {
            "sentence": "정비 이벤트: maintenance_event_id: MNT-2024-112, type: routine_inspection, severity: low, 기록에는 정비 시작·종료 타임스탬프가 포함됩니다.",
            "id": "sample_071_0063_000014",
            "annotations": [
                {
                    "word": "MNT-2024-112",
                    "start": 30,
                    "end": 42,
                    "label": "기밀정보"
                }
            ]
        },
        {
            "sentence": "안전사고 보고: safety_incident_report_id: INC-2024-003 [REDACTED], 누출 감지(leak_detection_flag): true, 초기 감지 압력: 198.7 bar ±0.3 bar.",
            "id": "sample_071_0063_000015",
            "annotations": [
                {
                    "word": "INC-2024-003",
                    "start": 36,
                    "end": 48,
                    "label": "기밀정보"
                }
            ]
        },
        {
            "sentence": "누출 감지 상세: 센서 ID: SENSOR-A3 (위치 식별자는 내부 마스킹), 센서값: H2_ppm 120 ppm ±5 ppm, 경보 레벨 3 발령.",
            "id": "sample_071_0063_000016",
            "annotations": [
                {
                    "word": "SENSOR-A3",
                    "start": 17,
                    "end": 26,
                    "label": "기밀정보"
                }
            ]
        },
        {
            "sentence": "배출 및 규제: emissions_scope: Scope 1: 12.3 tCO2e/yr ±2%, Scope 2: 0.0 tCO2e/yr (재생에너지 직접 공급 기반).",
            "id": "sample_071_0063_000017",
            "annotations": []
        },
        {
            "sentence": "허가·규정: permit_id: PERMIT-GB-2024-011, 해당 설비는 압력용기·폭발방지 규정에 따라 설계·운영됩니다.",
            "id": "sample_071_0063_000018",
            "annotations": [
                {
                    "word": "PERMIT-GB-2024-011",
                    "start": 18,
                    "end": 36,
                    "label": "기밀정보"
                }
            ]
        },
        {
            "sentence": "상업계약: offtaker_contract_id: OFT-CONTR-2024-009 (기밀), PPA 연계 그리드 속성 검증 및 거래 조건 요약 포함.",
            "id": "sample_071_0063_000019",
            "annotations": [
                {
                    "word": "OFT-CONTR-2024-009",
                    "start": 28,
                    "end": 46,
                    "label": "기밀정보"
                }
            ]
        },
        {
            "sentence": "LCA 및 인증: LCA_report_reference: LCA-REF-2024-07, certificate_id: CERT-GH-2024-21, 그린 원산지(Guarantees of Origin) 추적 정보 포함.",
            "id": "sample_071_0063_000020",
            "annotations": []
        },
        {
            "sentence": "SCADA/통신 메타데이터: 통신프로토콜 OPC-UA, MQTT, Modbus 표준 사용 권장, OPC-UA endpoint: opc.tcp://10.0.3.21:4840.",
            "id": "sample_071_0063_000021",
            "annotations": [
                {
                    "word": "opc.tcp://10.0.3.21:4840",
                    "start": 71,
                    "end": 95,
                    "label": "기밀정보"
                }
            ]
        },
        {
            "sentence": "운영 보안 메타데이터: SCADA 구성 파일 경로 /opt/scada/config/credentials.json, admin_account: [MASKED] (접근제어 및 암호화 필요).",
            "id": "sample_071_0063_000022",
            "annotations": [
                {
                    "word": "/opt/scada/config/credentials.json",
                    "start": 28,
                    "end": 62,
                    "label": "기밀정보"
                },
                {
                    "word": "admin_account",
                    "start": 64,
                    "end": 77,
                    "label": "기밀정보"
                }
            ]
        },
        {
            "sentence": "사이버보안: OT 네트워크 분리, TLS/SSL 암호화, 인증서 기반 인증, 로그 보존 정책과 역할 기반 접근제어(RBAC)를 준수합니다.",
            "id": "sample_071_0063_000023",
            "annotations": []
        },
        {
            "sentence": "계측 정확도와 검교정: 모든 계측기는 교정 주기·오차(±%)를 문서화하며, 생산·에너지 계수는 교정 증적과 함께 보관됩니다.",
            "id": "sample_071_0063_000024",
            "annotations": []
        },
        {
            "sentence": "물 사용 및 수질: 전해수 수질은 탈염수(water_deionized) 기준으로 SiO2 <0.5 mg/L, 전도도 <1 µS/cm, 일일 사용량 3,500 L ±2%.",
            "id": "sample_071_0063_000025",
            "annotations": []
        },
        {
            "sentence": "물리법칙 검증: 질량·에너지 보존 법칙에 따라 생산량(kg)과 에너지투입(kWh)의 시간 집적치가 정합하는지 자동 검증 룰을 적용합니다.",
            "id": "sample_071_0063_000026",
            "annotations": []
        },
        {
            "sentence": "운영 담당자: 운영담당자: 이이든, 연락처: [MASKED], 역할: SCADA 운영·비상 대응 코디네이터.",
            "id": "sample_071_0063_000027",
            "annotations": [
                {
                    "word": "이이든",
                    "start": 15,
                    "end": 18,
                    "label": "개인정보"
                }
            ]
        },
        {
            "sentence": "결론 및 조치사항: 누출 재발 방지 위해 즉시 밸브 차단, 영향을 받은 배관 섹션 고정·검사, 24시간 모니터링 강화 및 PHA·FTA 업데이트를 권고합니다.",
            "id": "sample_071_0063_000028",
            "annotations": []
        }
    ]
}