{
    "document_id": "071_0046",
    "document_title": "그린 수소 생산 및 인프라 운영·안전·검증 종합보고서",
    "data": [
        {
            "sentence": "본 문서는 재생에너지 기반 전력으로 운영되는 그린 수소(green hydrogen) 시설의 계측, 안전, 규제, 계약 및 검증 데이터를 종합적으로 기술한 기술보고서입니다.",
            "id": "sample_071_0046_000001",
            "annotations": []
        },
        {
            "sentence": "프로젝트 식별자(project_id)는 '071'로 표기하며, 문서 식별을 위해 내부 참조 코드 071_0046을 사용합니다.",
            "id": "sample_071_0046_000002",
            "annotations": []
        },
        {
            "sentence": "시설명(facility_name)은 '을지로 그린하이드로 파일럿'이며, 시설유형(facility_type)은 electrolyzer(전해조) 및 storage(저장) 복합형입니다.",
            "id": "sample_071_0046_000003",
            "annotations": []
        },
        {
            "sentence": "시설 위치(location)은 위도 37.5665 N, 경도 126.9780 E로 기록했으며 행정구역은 서울특별시 중구로 표기합니다.",
            "id": "sample_071_0046_000004",
            "annotations": [
                {
                    "word": "서울특별시 중구",
                    "start": 58,
                    "end": 66,
                    "label": "준식별자"
                }
            ]
        },
        {
            "sentence": "기준 타임스탬프(timestamp)는 ISO 8601 형식으로 2025-01-15T12:00:00Z로 표기하고, 모든 실시간 로그는 시간순 정렬합니다.",
            "id": "sample_071_0046_000005",
            "annotations": []
        },
        {
            "sentence": "해당 배치의 수소 생산량(production_kg)은 25.00 ± 0.20 kg으로 계측 불확실도는 ±0.20 kg(신뢰수준 95%)으로 표기합니다.",
            "id": "sample_071_0046_000006",
            "annotations": []
        },
        {
            "sentence": "동일 배치의 에너지투입(energy_input_kWh)은 1,250 ± 12 kWh로, 계측기 교정 기준에 따른 상대오차는 ±1.0%입니다.",
            "id": "sample_071_0046_000007",
            "annotations": []
        },
        {
            "sentence": "전기-수소 변환 효율(efficiency_percent, LHV 기준)은 66.7% ± 1.0%로 산출되며, 이는 LHV 33.33 kWh/kg 기준으로 계산된 값과 일치합니다.",
            "id": "sample_071_0046_000008",
            "annotations": []
        },
        {
            "sentence": "수소 품질(purity_percent)은 99.999% (ISO 14687 준수)로 보고하며, 불순물 상세는 O2: <5 ppm, N2: 10 ± 2 ppm, CO: <0.01 ppm으로 측정 불확실도를 표기합니다.",
            "id": "sample_071_0046_000009",
            "annotations": []
        },
        {
            "sentence": "저장탱크 압력(pressure_bar)은 350.0 ± 0.5 bar, 온도(temperature_C)는 25.0 ± 0.5 °C이며 저장레벨(storage_level_percent)은 62.5% ± 0.5%로 계측합니다.",
            "id": "sample_071_0046_000010",
            "annotations": []
        },
        {
            "sentence": "공급 유량(flow_rate_kg_per_h)은 4.2 ± 0.05 kg/h로 배치 평균을 기록하며, 흐름계 교정 주기는 6개월로 설정되어 있습니다.",
            "id": "sample_071_0046_000011",
            "annotations": []
        },
        {
            "sentence": "압축기 상태(compressor_status)는 'running'으로 표기하며, 현재 운전 주파수 1,450 rpm, 전력소모 12.5 ± 0.2 kW로 모니터링됩니다.",
            "id": "sample_071_0046_000012",
            "annotations": []
        },
        {
            "sentence": "스택 열화(stack_degradation_percent)는 누적 운전 8,400 h 기준 2.3%로 예측되며, 통상 연간 열화율 2–3% 범위와 일치합니다.",
            "id": "sample_071_0046_000013",
            "annotations": []
        },
        {
            "sentence": "정비 및 유지보수 내역에서는 지난 예방정비(maintenance_event)는 2024-12-10에 수행된 heat exchanger 청소(type: preventive, severity: minor)로 기록합니다.",
            "id": "sample_071_0046_000014",
            "annotations": []
        },
        {
            "sentence": "안전사고 기록으로 safety_incident_report_id IR-2025-0007이 존재하며 이 사고는 누출감지(leak_detection_flag) true로 분류되었습니다.",
            "id": "sample_071_0046_000015",
            "annotations": [
                {
                    "word": "IR-2025-0007",
                    "start": 36,
                    "end": 48,
                    "label": "기밀정보"
                }
            ]
        },
        {
            "sentence": "해당 누출 사고의 상세 식별 정보는 마스킹 처리하며 담당자는 김한슬, 연락: kim.hs@***.com, 사번 2025-09-001로 내부기록에 등록되어 있습니다.",
            "id": "sample_071_0046_000016",
            "annotations": [
                {
                    "word": "김한슬",
                    "start": 34,
                    "end": 37,
                    "label": "개인정보"
                },
                {
                    "word": "kim.hs@***.com",
                    "start": 43,
                    "end": 57,
                    "label": "개인정보"
                },
                {
                    "word": "사번 2025-09-001",
                    "start": 59,
                    "end": 73,
                    "label": "개인정보"
                }
            ]
        },
        {
            "sentence": "사고의 심각도는 '중간'(severity: moderate)으로 분류되었으며 즉시 차단 밸브 작동 및 지역 비상대응 프로토콜을 실행했습니다.",
            "id": "sample_071_0046_000017",
            "annotations": []
        },
        {
            "sentence": "배출 범위(emissions_scope)는 Scope 1과 Scope 2를 분리하여 회계처리 하며 재생전력 연계(PPA) 추적을 통해 그린 원산지(renewable attribution)를 검증합니다.",
            "id": "sample_071_0046_000018",
            "annotations": []
        },
        {
            "sentence": "인허가 관련 permit_id는 PERMIT-071-2025로 기재하고, 상압·압력용기 규제 및 폭발방지 기준을 준수함을 명시했습니다.",
            "id": "sample_071_0046_000019",
            "annotations": [
                {
                    "word": "PERMIT-071-2025",
                    "start": 18,
                    "end": 33,
                    "label": "기밀정보"
                }
            ]
        },
        {
            "sentence": "장기 구매계약(offtaker_contract_id)은 OFFTAKE-ACME-0001로 표기되어 있으며 가격 및 물량 조건은 기밀 조항으로 내부 접근 통제를 적용합니다.",
            "id": "sample_071_0046_000020",
            "annotations": [
                {
                    "word": "OFFTAKE-ACME-0001",
                    "start": 31,
                    "end": 48,
                    "label": "기밀정보"
                }
            ]
        },
        {
            "sentence": "LCA 참조(LCA_report_reference)는 'LCA_071_v2_2025'로 표기하고 제품수명주기 전과정의 입력데이터와 가정(가중치)을 명시했습니다.",
            "id": "sample_071_0046_000021",
            "annotations": []
        },
        {
            "sentence": "그린 수소 인증서(certificate_id)는 CERT-GH-2025-009로 등록되어 있으며, 인증에는 전력원 가용증명(GOs/GU)과 PPA 문서 연계가 포함됩니다.",
            "id": "sample_071_0046_000022",
            "annotations": [
                {
                    "word": "CERT-GH-2025-009",
                    "start": 27,
                    "end": 43,
                    "label": "기밀정보"
                }
            ]
        },
        {
            "sentence": "운영 시스템 메타데이터로 SCADA 접속정보(opc endpoint)는 opc.tcp://scada.local:4840, MQTT 브로커는 mqtt://broker.internal:1883로 메타데이터에 포함합니다.",
            "id": "sample_071_0046_000023",
            "annotations": [
                {
                    "word": "opc.tcp://scada.local:4840",
                    "start": 40,
                    "end": 66,
                    "label": "기밀정보"
                },
                {
                    "word": "mqtt://broker.internal:1883",
                    "start": 78,
                    "end": 105,
                    "label": "기밀정보"
                }
            ]
        },
        {
            "sentence": "내부 SCADA 서버 IP는 10.20.30.40로 등록되어 있으며 접속 계정 admin_071에 대해 접근권한 제어와 다중요소인증을 적용했습니다.",
            "id": "sample_071_0046_000024",
            "annotations": [
                {
                    "word": "10.20.30.40",
                    "start": 16,
                    "end": 27,
                    "label": "기밀정보"
                },
                {
                    "word": "admin_071",
                    "start": 44,
                    "end": 53,
                    "label": "기밀정보"
                }
            ]
        },
        {
            "sentence": "데이터 아카이빙은 초단위 실시간 로그는 5년 간 보관하고 배치·보고서 데이터는 10년 보관 정책을 적용합니다.",
            "id": "sample_071_0046_000025",
            "annotations": []
        },
        {
            "sentence": "운영 데이터 파일 경로 예시는 /var/scada/data/projects/071로 내부문서에 명기되어 있으며 경로 접근은 역할기반 접근제어(RBAC)로 제한합니다.",
            "id": "sample_071_0046_000026",
            "annotations": [
                {
                    "word": "/var/scada/data/projects/071",
                    "start": 17,
                    "end": 45,
                    "label": "기밀정보"
                }
            ]
        },
        {
            "sentence": "사이버보안 조치로 OPC-UA 암호화, MQTT TLS, VPN 및 정기적 펜테스트를 수행하며 관련 보안절차는 기밀로 분류ㆍ관리합니다.",
            "id": "sample_071_0046_000027",
            "annotations": []
        },
        {
            "sentence": "결론적으로 본 시설은 ISO 14687 기준의 수소 순도 및 압력용기 법규를 준수하며, 권고 조치로는 유량계 교정주기 단축과 누출 감지 센서 추가를 제안합니다.",
            "id": "sample_071_0046_000028",
            "annotations": []
        }
    ]
}