{
    "document_id": "023_0055",
    "document_title": "온체인 포렌식 사례보고서: 합성 거래 재현 및 KYC-연동 분석",
    "data": [
        {
            "sentence": "문서 개요: 본 보고서는 블록체인 및 암호화폐 온체인 포렌식의 합성 사례와 분석 절차를 기술합니다.",
            "id": "sample_023_0055_000001",
            "annotations": []
        },
        {
            "sentence": "분석 대상 네트워크는 Ethereum 메인넷을 모델로 하였으며, chain_id는 1로 표기합니다.",
            "id": "sample_023_0055_000002",
            "annotations": []
        },
        {
            "sentence": "사례 트랜잭션은 블록 번호 15882345에 포함된 합성 tx_hash 0xabcdeffedcba0000000000000000000000000000000000000000000000000000을 사용하여 재현했습니다.",
            "id": "sample_023_0055_000003",
            "annotations": []
        },
        {
            "sentence": "from_address와 to_address는 실제 주소를 대체하기 위해 해시 표기(예: 0xA1B2..._hashed_account_01 → 계정_01)로 기재했습니다.",
            "id": "sample_023_0055_000004",
            "annotations": []
        },
        {
            "sentence": "트랜잭션 메타: value=12.345 ETH, token_symbol=ETH, token_contract_address=null, token_standard=native, nonce=102, tx_status=confirmed으로 정규화했습니다.",
            "id": "sample_023_0055_000005",
            "annotations": []
        },
        {
            "sentence": "가스 관련: gas_limit=21000, gas_used=21000, gas_price=100 Gwei로 표기하였으며 가스 사용량은 제한을 초과하지 않았습니다.",
            "id": "sample_023_0055_000006",
            "annotations": []
        },
        {
            "sentence": "분석 담당자(가명)로는 내부 리뷰어 민호성이 사례 검토를 수행했으며 KYC 상태는 'Verified'로 연동되어 있습니다.",
            "id": "sample_023_0055_000007",
            "annotations": [
                {
                    "word": "민호성",
                    "start": 20,
                    "end": 23,
                    "label": "개인정보"
                }
            ]
        },
        {
            "sentence": "현장 조사 협업자는 송미혜가 담당하였고, 운영 로그 교차검증을 통해 트랜잭션 흐름을 확인했습니다.",
            "id": "sample_023_0055_000008",
            "annotations": [
                {
                    "word": "송미혜",
                    "start": 11,
                    "end": 14,
                    "label": "개인정보"
                }
            ]
        },
        {
            "sentence": "샘플 KYC 레코드에는 사번: EMP-2024-0099가 내부 식별자로 사용되었으나 실제 개인식별자는 문서에 포함하지 않았습니다.",
            "id": "sample_023_0055_000009",
            "annotations": [
                {
                    "word": "사번: EMP-2024-0099",
                    "start": 13,
                    "end": 30,
                    "label": "개인정보"
                }
            ]
        },
        {
            "sentence": "준식별자 예시로 생년월일: 1985-07-13, 성별: 남성, 주소(행정단위): 서울특별시 / 강남구를 분석 메타로 보관했습니다.",
            "id": "sample_023_0055_000010",
            "annotations": [
                {
                    "word": "1985-07-13",
                    "start": 15,
                    "end": 25,
                    "label": "준식별자"
                },
                {
                    "word": "남성",
                    "start": 31,
                    "end": 33,
                    "label": "준식별자"
                },
                {
                    "word": "서울특별시",
                    "start": 45,
                    "end": 50,
                    "label": "준식별자"
                },
                {
                    "word": "강남구",
                    "start": 53,
                    "end": 56,
                    "label": "준식별자"
                }
            ]
        },
        {
            "sentence": "직업/역할 표기는 '직업: 데이터 엔지니어'로 기재하였으며 이는 준식별자 그룹에 해당하는 메타데이터입니다.",
            "id": "sample_023_0055_000011",
            "annotations": [
                {
                    "word": "직업: 데이터 엔지니어",
                    "start": 11,
                    "end": 23,
                    "label": "준식별자"
                }
            ]
        },
        {
            "sentence": "거래 영수증(receipt) 요약: cumulative_gas_used=21000, effective_gas_price=100 Gwei, status=1(성공)으로 표기했습니다.",
            "id": "sample_023_0055_000012",
            "annotations": []
        },
        {
            "sentence": "input_data는 ABI에 따라 디코딩하여 transfer(address,uint256) 형식으로 표기하였고 디코딩 원문과 매핑된 필드를 보관했습니다.",
            "id": "sample_023_0055_000013",
            "annotations": []
        },
        {
            "sentence": "이벤트 로그(event_logs)는 Transfer(indexed from,indexed to,uint256 value)로 디코딩되었으며 로그 인덱스와 토픽 매핑을 포함합니다.",
            "id": "sample_023_0055_000014",
            "annotations": []
        },
        {
            "sentence": "스마트 컨트랙트 소스코드와 ABI는 내부 합성 저장소에 보관하며, 참조용 감사 보고서는 audit_report_link로 연결했습니다(합성 링크 표기).",
            "id": "sample_023_0055_000015",
            "annotations": []
        },
        {
            "sentence": "vulnerability_flags는 'reentrancy: false', 'unchecked-send: false', 'owner-only' 패턴 검출 여부를 포함한 합성 플래그를 제시합니다.",
            "id": "sample_023_0055_000016",
            "annotations": []
        },
        {
            "sentence": "오프체인 거래소 매칭 데이터와 온체인 체결의 동기 불일치 가능성을 명시하였으며 동기화 타임스탬프를 로그에 포함했습니다.",
            "id": "sample_023_0055_000017",
            "annotations": []
        },
        {
            "sentence": "USD 환산은 oracle_id=Chainlink-ETH-USD의 price_feed를 사용하여 가격 1800.50 USD를 적용했고, 피드 타임스탬프은 2024-01-15T12:34:00Z로 기록했습니다.",
            "id": "sample_023_0055_000018",
            "annotations": []
        },
        {
            "sentence": "마풀(mempool) 상태는 제출 당시의 mempool_position=42를 기록했으며 전송 지연과 블록 타임 변동 가능성을 메타로 보관합니다.",
            "id": "sample_023_0055_000019",
            "annotations": []
        },
        {
            "sentence": "포크·리오그 가능성: 온체인 데이터는 기본적으로 불변이나 리오그가 발생할 수 있음을 명시하고 reorg_depth=2와 리오그 발생 시 재조정 절차를 기술했습니다.",
            "id": "sample_023_0055_000020",
            "annotations": []
        },
        {
            "sentence": "크로스체인 연동과 브리지 사용 기록은 연계된 체인과 tx_hash 매핑을 포함하며 브리지 위험평가 리포트를 별도 섹션으로 제공합니다.",
            "id": "sample_023_0055_000021",
            "annotations": []
        },
        {
            "sentence": "거래소 관련 메타 데이터는 exchange_id=EXCH-001, order_id=ORD-000123, order_type=limit, price=1800.00, quantity=0.01으로 합성 기록했습니다.",
            "id": "sample_023_0055_000022",
            "annotations": []
        },
        {
            "sentence": "거래 가치 요약: onchain_value=12.345 ETH, usd_value=22220.42 USD(사용된 피드와 타임스탬프 기준)로 보고합니다.",
            "id": "sample_023_0055_000023",
            "annotations": []
        },
        {
            "sentence": "지갑 유형은 wallet_type=non-custodial으로 표기하였고, 거버넌스 관련 항목은 governance_proposal_id=GOV-2024-77로 기입했습니다.",
            "id": "sample_023_0055_000024",
            "annotations": []
        },
        {
            "sentence": "NFT 관련: token_standard=ERC-721, nft_metadata_uri=https://ipfs.example/ipfs/QmExampleHash, ipfs_hash=QmExampleHash로 합성 표기했습니다.",
            "id": "sample_023_0055_000025",
            "annotations": []
        },
        {
            "sentence": "증거 보관: 원본 트랜잭션 해시, 디코딩된 이벤트, 컨트랙트 바이트코드 및 합성 감사보고서 링크를 아카이빙했습니다.",
            "id": "sample_023_0055_000026",
            "annotations": []
        },
        {
            "sentence": "위험평가: risk_score=72(0-100)로 산정하였고 KYC/AML 규제 준수 항목에는 민감도 레이블을 부여하여 별도 관리합니다.",
            "id": "sample_023_0055_000027",
            "annotations": []
        },
        {
            "sentence": "분석 결론: 재현된 합성 트랜잭션은 온체인 증거와 오프체인 매칭에서 일관성을 보였으나 소수의 시차가 존재합니다.",
            "id": "sample_023_0055_000028",
            "annotations": []
        },
        {
            "sentence": "권고사항: 실무 적용 시 KYC 데이터는 규제 요건에 따라 익명화하고, 온체인 증거는 reorg 감지를 통해 재검증할 것을 권고합니다.",
            "id": "sample_023_0055_000029",
            "annotations": []
        },
        {
            "sentence": "메타표기: 모든 생성 데이터는 합성 샘플임을 명확히 표기하며 실제 개인키, 시드 문구, 실사용 이메일 및 전화번호 등 민감 식별자는 포함하지 않았습니다.",
            "id": "sample_023_0055_000030",
            "annotations": []
        }
    ]
}