{
    "document_id": "023_0065",
    "document_title": "합성 온체인 포렌식 보고서: 블록체인 및 암호화폐 거래 추적",
    "data": [
        {
            "sentence": "본 문서는 합성 테스트 데이터를 사용한 블록체인 포렌식 분석 보고서로서, 실사용 개인정보·비밀키는 포함하지 않습니다.",
            "id": "sample_023_0065_000001",
            "annotations": []
        },
        {
            "sentence": "보고서는 온체인 트랜잭션의 흐름, 오프체인 거래 동기 불일치, 그리고 메타데이터 기반 위험평가를 다룹니다.",
            "id": "sample_023_0065_000002",
            "annotations": []
        },
        {
            "sentence": "분석 대상 네트워크는 Ethereum 메인넷을 모사하였으며 chain_id는 1로 표기되고, 블록 번호와 해시가 기록됩니다.",
            "id": "sample_023_0065_000003",
            "annotations": []
        },
        {
            "sentence": "사례 트랜잭션 요약: block_number 15600000, block_hash 0xblockhash_ab12cd34, timestamp 2025-04-12T14:23:05Z.",
            "id": "sample_023_0065_000004",
            "annotations": []
        },
        {
            "sentence": "트랜잭션 tx_hash 0xtxhash_9f8e7d에서 from_address 0xanon_from_a1b2c3에서 to_address 0xanon_to_d4e5f6로 12.5 ETH(토큰: ETH)가 이동했습니다.",
            "id": "sample_023_0065_000005",
            "annotations": []
        },
        {
            "sentence": "토큰 정보: token_symbol USDC, token_contract_address 0xtoken_aa11bb22, token_standard ERC-20으로 표준화된 로그가 생성되었습니다.",
            "id": "sample_023_0065_000006",
            "annotations": []
        },
        {
            "sentence": "가스 관련: gas_limit 300000, gas_used 210000, gas_price 120 Gwei이며 가스 사용량은 한도(gas_limit) 이하로 검증되었습니다.",
            "id": "sample_023_0065_000007",
            "annotations": []
        },
        {
            "sentence": "트랜잭션 메타: nonce 42, tx_status confirmed(1), receipt 상태는 success로 기록되었습니다.",
            "id": "sample_023_0065_000008",
            "annotations": []
        },
        {
            "sentence": "input_data는 ABI에 따라 디코딩되어 transfer(to, amount) 형식으로 표시되었고, 수신자와 금액은 디코딩값으로 명시됩니다.",
            "id": "sample_023_0065_000009",
            "annotations": []
        },
        {
            "sentence": "event_logs에는 Transfer 이벤트 인덱스와 indexed 파라미터가 포함되며, 로그 인덱스는 블록 내 순서성을 보장합니다.",
            "id": "sample_023_0065_000010",
            "annotations": []
        },
        {
            "sentence": "가격 변환은 Chainlink 오라클(oracle_id: chainlink/eth_usd) 피드를 사용했으며 price 3200.45 USD, feed_timestamp 2025-04-12T14:22:50Z로 표시했습니다.",
            "id": "sample_023_0065_000011",
            "annotations": []
        },
        {
            "sentence": "USD 환산 시 on-chain 타임스탬프와 오라클의 feed_timestamp 간 지연을 명시하였고, 동기 불일치 가능성을 메타데이터로 기록했습니다.",
            "id": "sample_023_0065_000012",
            "annotations": []
        },
        {
            "sentence": "오프체인 거래소 매칭 데이터와 온체인 전송의 동기 불일치는 종종 존재하며, 예시로 exchange_id EX-001, order_id ORD-2025-009, order_type limit가 있습니다.",
            "id": "sample_023_0065_000013",
            "annotations": []
        },
        {
            "sentence": "지갑 유형은 non-custodial로 분류되었고 KYC 상태는 내부 규정상 기록되며 KYC record_id: KYC-2025-0001, KYC_status: verified로 보관됩니다.",
            "id": "sample_023_0065_000014",
            "annotations": [
                {
                    "word": "KYC-2025-0001",
                    "start": 63,
                    "end": 76,
                    "label": "기밀정보"
                }
            ]
        },
        {
            "sentence": "해당 계좌에 대한 위험 점수 risk_score는 78/100으로 산정되었으며, 점수 산출 기준과 가중치는 별첨된 분석 로그에 명시됩니다.",
            "id": "sample_023_0065_000015",
            "annotations": []
        },
        {
            "sentence": "스마트 컨트랙트 소스는 공개 리포지토리 링크로 참조되며 smart_contract_source: https://example.com/repo/contract.sol, audit_report_link: https://example.com/audit/report_2025.pdf가 포함됩니다.",
            "id": "sample_023_0065_000016",
            "annotations": []
        },
        {
            "sentence": "취약점 플래그 vulnerability_flags는 {reentrancy: false, unchecked_send: false, integer_overflow: false}로 요약되며, 상세 감사 보고서를 참조합니다.",
            "id": "sample_023_0065_000017",
            "annotations": []
        },
        {
            "sentence": "포크·리오그 메타: reorg_detected true, reorg_depth 2, original_block 15599998가 reorg로 대체되었으며 재조정 메타가 로그에 저장됩니다.",
            "id": "sample_023_0065_000018",
            "annotations": []
        },
        {
            "sentence": "마풀 상태와 트랜잭션 우선순위는 mempool_position 37으로 기록되었으며, 블록 타임 지연으로 인해 수초에서 수십초의 불일치가 관찰됩니다.",
            "id": "sample_023_0065_000019",
            "annotations": []
        },
        {
            "sentence": "분산 노드 로그 예시에는 내부 IP와 파일 경로가 포함되어 있으며 server_ip: 10.10.0.5, keystore_path: /opt/secrets/keystore.db, vpn_host: vpn.internal.corp로 표기됩니다.",
            "id": "sample_023_0065_000020",
            "annotations": [
                {
                    "word": "10.10.0.5",
                    "start": 48,
                    "end": 57,
                    "label": "기밀정보"
                },
                {
                    "word": "/opt/secrets/keystore.db",
                    "start": 74,
                    "end": 98,
                    "label": "기밀정보"
                },
                {
                    "word": "vpn.internal.corp",
                    "start": 110,
                    "end": 127,
                    "label": "기밀정보"
                }
            ]
        },
        {
            "sentence": "담당자 정보와 역할 매핑에는 내부 검토자가 기재되어 있으며 담당자: 문영윤(감사관)으로 표기됩니다.",
            "id": "sample_023_0065_000021",
            "annotations": [
                {
                    "word": "문영윤",
                    "start": 38,
                    "end": 41,
                    "label": "개인정보"
                }
            ]
        },
        {
            "sentence": "거버넌스 관련: governance_proposal_id GOV-2026-45는 테스크포스가 제안했으며 proposed_by: 박세인으로 기재되어 있습니다.",
            "id": "sample_023_0065_000022",
            "annotations": [
                {
                    "word": "박세인",
                    "start": 71,
                    "end": 74,
                    "label": "개인정보"
                }
            ]
        },
        {
            "sentence": "사용자 프로파일 예시는 준식별자 필드를 포함하며 생년월일 1985-06-12, 성별 남성, 주소 서울특별시로 가명화되어 저장됩니다.",
            "id": "sample_023_0065_000023",
            "annotations": [
                {
                    "word": "1985-06-12",
                    "start": 32,
                    "end": 42,
                    "label": "준식별자"
                },
                {
                    "word": "남성",
                    "start": 47,
                    "end": 49,
                    "label": "준식별자"
                },
                {
                    "word": "서울특별시",
                    "start": 54,
                    "end": 59,
                    "label": "준식별자"
                }
            ]
        },
        {
            "sentence": "내부 인사 식별을 위해 사번이 기록되어 있으며 담당자 사번: EMP-7890은 내부 참조용으로만 사용됩니다.",
            "id": "sample_023_0065_000024",
            "annotations": [
                {
                    "word": "EMP-7890",
                    "start": 34,
                    "end": 42,
                    "label": "개인정보"
                }
            ]
        },
        {
            "sentence": "내부 보고서와 문서 경로는 기밀로 분류되며 내부보고문서: /internal/reports/q1_blockchain_analysis.pdf로 저장소에 보관됩니다.",
            "id": "sample_023_0065_000025",
            "annotations": [
                {
                    "word": "/internal/reports/q1_blockchain_analysis.pdf",
                    "start": 32,
                    "end": 76,
                    "label": "기밀정보"
                }
            ]
        },
        {
            "sentence": "NFT 사례: token_standard ERC-721, nft_metadata_uri https://metadata.example.com/asset/12345, ipfs_hash QmExampleIpfsHash로 메타데이터가 연결됩니다.",
            "id": "sample_023_0065_000026",
            "annotations": []
        },
        {
            "sentence": "가격 피드와 환산 시점은 각 레코드에 타임스탬프를 동기화해 기록하였고, 시계열 이상치 탐지를 위해 로그 스캔을 수행했습니다.",
            "id": "sample_023_0065_000027",
            "annotations": []
        },
        {
            "sentence": "결론 및 조치항목: 추가 자금흐름 추적, 교차체인 브리지 모니터링 강화, 컴플라이언스 통보가 권고되며 본 문서는 합성 테스트용임을 재차 명시합니다.",
            "id": "sample_023_0065_000028",
            "annotations": []
        }
    ]
}