{
    "document_id": "023_0097",
    "document_title": "온체인 트랜잭션 포렌식 보고서 (합성 데이터)",
    "data": [
        {
            "sentence": "본 문서는 합성 데이터로 생성된 분석용 샘플이며 실제 개인키, 복원 구문 및 민감 인증정보는 포함하지 않습니다.",
            "id": "sample_023_0097_000001",
            "annotations": []
        },
        {
            "sentence": "문서 목적은 블록체인 및 암호화폐 온체인 흐름의 포렌식 예제 제공과 시스템적 검증 시나리오 시연입니다.",
            "id": "sample_023_0097_000002",
            "annotations": []
        },
        {
            "sentence": "기초 메타: blockchain_network: Ethereum (Mainnet), chain_id: 1, block_number: 17500000, block_hash: 0xBLOCkHashA1F23DEF.",
            "id": "sample_023_0097_000003",
            "annotations": []
        },
        {
            "sentence": "관찰된 트랜잭션: tx_hash: 0xTX0001, from_address: anon_addr_0xA3F...9B7, to_address: anon_addr_0xD4E...5C2.",
            "id": "sample_023_0097_000004",
            "annotations": [
                {
                    "word": "anon_addr_0xA3F...9B7",
                    "start": 43,
                    "end": 64,
                    "label": "준식별자"
                },
                {
                    "word": "anon_addr_0xD4E...5C2",
                    "start": 78,
                    "end": 99,
                    "label": "준식별자"
                }
            ]
        },
        {
            "sentence": "해당 트랜잭션의 값: value: 1250000000000000000 wei (1.25 ETH), token_symbol: ETH, usd_value: 2590.75 USD, 환산에 사용된 price_feed: oracle_coingecko_2025-11-01T12:34:00Z.",
            "id": "sample_023_0097_000005",
            "annotations": []
        },
        {
            "sentence": "가스 파라미터: gas_limit: 21000, gas_used: 21000, gas_price: 120 gwei; 검증 결과 gas_used <= gas_limit 조건을 충족합니다.",
            "id": "sample_023_0097_000006",
            "annotations": []
        },
        {
            "sentence": "트랜잭션 타임스탬프: 2025-11-01T12:34:56Z이며, 해당 블록의 평균 블록타임 지연 메타데이터는 +12초로 기록되어 있습니다.",
            "id": "sample_023_0097_000007",
            "annotations": []
        },
        {
            "sentence": "nonce: 42로 메모리에서 관찰되었고, 동일 발신자의 이후 tx에서는 nonce가 순차적 증가하는 것으로 확인됩니다.",
            "id": "sample_023_0097_000008",
            "annotations": []
        },
        {
            "sentence": "tx_status: success로 영수증이 발행되었으며, receipt: status=1, cumulative_gas_used=21000, effective_gas_price=120 gwei로 표기됩니다.",
            "id": "sample_023_0097_000009",
            "annotations": []
        },
        {
            "sentence": "input_data(ABI 디코딩): transfer(address to, uint256 amount) -> to: anon_addr_0xD4E...5C2, amount: 1250000000000000000.",
            "id": "sample_023_0097_000010",
            "annotations": []
        },
        {
            "sentence": "토큰 메타: token_contract_address: contract_0xC0FF...EE1, token_standard: ERC-20, token_symbol: SYNTH, decimals: 18.",
            "id": "sample_023_0097_000011",
            "annotations": [
                {
                    "word": "contract_0xC0FF...EE1",
                    "start": 31,
                    "end": 52,
                    "label": "준식별자"
                }
            ]
        },
        {
            "sentence": "이벤트 로그(디코딩): Transfer(from=anon_addr_0xA3F...9B7, to=anon_addr_0xD4E...5C2, value=1250000000000000000) indexed(0)=from, indexed(1)=to.",
            "id": "sample_023_0097_000012",
            "annotations": []
        },
        {
            "sentence": "mempool_position: 12으로 최초 브로드캐스트되었으며, 마풀 상태 변동과 체인 동기화 지연을 추적합니다.",
            "id": "sample_023_0097_000013",
            "annotations": []
        },
        {
            "sentence": "오라클 정보: oracle_id: oracle_coingecko_2025-11-01, price_feed_timestamp: 2025-11-01T12:34:00Z, price: 2072.6 USD/ETH; 오프체인·온체인 동기 불일치 가능성 있음.",
            "id": "sample_023_0097_000014",
            "annotations": []
        },
        {
            "sentence": "오프체인 거래소 참조: exchange_id: EXCH_BINANCE_API_20251101, order_id: EXCH_ORDER_20251101_0003, order_type: limit, price: 2068.0 USD, quantity: 1.25 ETH.",
            "id": "sample_023_0097_000015",
            "annotations": [
                {
                    "word": "EXCH_ORDER_20251101_0003",
                    "start": 63,
                    "end": 87,
                    "label": "기밀정보"
                }
            ]
        },
        {
            "sentence": "오프체인과 온체인 USD 환산에서 최대 3분의 지연이 관찰되었으므로 환율 동기화 시각을 반드시 기록해야 합니다.",
            "id": "sample_023_0097_000016",
            "annotations": []
        },
        {
            "sentence": "wallet_type: non-custodial, KYC_VERIFICATION: PASSED, kyc_status 민감도는 규제상 기밀로 취급되어야 합니다.",
            "id": "sample_023_0097_000017",
            "annotations": [
                {
                    "word": "KYC_VERIFICATION: PASSED",
                    "start": 28,
                    "end": 52,
                    "label": "기밀정보"
                }
            ]
        },
        {
            "sentence": "risk_score: 78/100(알고리즘 점수), 분석 기준에는 자금흐름, 토큰 거래 빈도, 과거 제재 연관성 등이 포함됩니다.",
            "id": "sample_023_0097_000018",
            "annotations": []
        },
        {
            "sentence": "스마트 컨트랙트 소스: smart_contract_source: https://git.example.com/repo/contract_0xC0FF...EE1, audit_report_link: https://audit.example.com/reports/contract_0xC0FF...EE1_report.pdf.",
            "id": "sample_023_0097_000019",
            "annotations": []
        },
        {
            "sentence": "vulnerability_flags: reentrancy: false, arithmetic_overflow: false, owner_backdoor: true; 해당 취약점 플래그는 내부 보안 관점에서 기밀로 분류됩니다.",
            "id": "sample_023_0097_000020",
            "annotations": [
                {
                    "word": "owner_backdoor: true",
                    "start": 68,
                    "end": 88,
                    "label": "기밀정보"
                }
            ]
        },
        {
            "sentence": "거버넌스 이벤트: governance_proposal_id: GOV-2025-009, proposal_title: '토큰금리 조정', votes_for: 12, votes_against: 3, abstain: 1.",
            "id": "sample_023_0097_000021",
            "annotations": []
        },
        {
            "sentence": "NFT 관련: nft_metadata_uri: ipfs://QmExampleHashNFT12345/metadata.json, ipfs_hash: QmExampleHashNFT12345, token_standard: ERC-721.",
            "id": "sample_023_0097_000022",
            "annotations": []
        },
        {
            "sentence": "노드 운영 로그: validator_node_id: val-03, node_ip: 10.0.0.5, op_log_entry: restart at 2025-11-01T12:35:10Z, 접속 정보는 기밀 유지 대상입니다.",
            "id": "sample_023_0097_000023",
            "annotations": [
                {
                    "word": "node_ip: 10.0.0.5",
                    "start": 37,
                    "end": 54,
                    "label": "기밀정보"
                }
            ]
        },
        {
            "sentence": "포크·리오그 메타: reorg_detected: false, reorg_window: 3 blocks, 리오그 발생 시 온체인 데이터는 불변성 대신 별도 메타데이터로 갱신됩니다.",
            "id": "sample_023_0097_000024",
            "annotations": []
        },
        {
            "sentence": "네트워크 혼잡 분석: block 17500005에서 gas_price spike 관측치 500 gwei, 이로 인한 거래 우선순위 및 수수료 변동을 기록했습니다.",
            "id": "sample_023_0097_000025",
            "annotations": []
        },
        {
            "sentence": "후속 트랜잭션 추적: anon_addr_0xA3F...9B7의 nonce는 42에서 다음 tx_0xTX0002에서 43으로 증가한 것이 로그로 확인됩니다.",
            "id": "sample_023_0097_000026",
            "annotations": []
        },
        {
            "sentence": "잔액 변화: 주소 anon_addr_0xA3F...9B7의 잔액은 분석 전 5.0 ETH에서 전송 후 3.74748 ETH로 감소하였으며 계산에는 가스비(0.00252 ETH)가 반영됩니다.",
            "id": "sample_023_0097_000027",
            "annotations": []
        },
        {
            "sentence": "프로비넌스 노트: 온체인 원장성으로 트랜잭션 해시와 블록은 영구 보존되며, 체인 리오그는 별도 reorg 메타로 추적합니다.",
            "id": "sample_023_0097_000028",
            "annotations": []
        },
        {
            "sentence": "분석 권고사항: 의심거래 연관 주소에 대해 추가 KYC·오프체인 주문 로그 상관분석 및 오라클 피드 정합성 검증을 권고합니다.",
            "id": "sample_023_0097_000029",
            "annotations": []
        },
        {
            "sentence": "담당자 및 실행: 담당자: 남세온, 리뷰어: 윤엘, 다음 단계로 포렌식 심층분석과 보안 패치 적용 계획을 수립할 것을 권장합니다.",
            "id": "sample_023_0097_000030",
            "annotations": [
                {
                    "word": "남세온",
                    "start": 15,
                    "end": 18,
                    "label": "개인정보"
                },
                {
                    "word": "윤엘",
                    "start": 25,
                    "end": 27,
                    "label": "개인정보"
                }
            ]
        }
    ]
}