{
    "document_id": "023_0100",
    "document_title": "합성 온체인 포렌식 보고서 — 이더리움 트랜잭션 및 오프체인 동기성 분석",
    "data": [
        {
            "sentence": "문서 개요: 본 보고서는 블록체인 및 암호화폐 온체인·오프체인 데이터의 합성 분석 결과를 담고 있습니다.",
            "id": "sample_023_0100_000001",
            "annotations": []
        },
        {
            "sentence": "이 문서는 합성 데이터로만 사용되며 실제 개인키, 복원 구문, 실제 지갑 주소는 포함되지 않았습니다.",
            "id": "sample_023_0100_000002",
            "annotations": []
        },
        {
            "sentence": "체인명: Ethereum, chain_id: 1, block_number: 15123456, block_hash: 0xblockhashabc123def, timestamp: 2025-11-03T12:34:56Z.",
            "id": "sample_023_0100_000003",
            "annotations": []
        },
        {
            "sentence": "트랜잭션 예시: tx_hash: 0xtxhash001, from_address: 0xADDR_HASH_1, to_address: 0xADDR_HASH_2, value: 23.5 ETH.",
            "id": "sample_023_0100_000004",
            "annotations": []
        },
        {
            "sentence": "토큰 전송: token_symbol: USDC, token_contract_address: 0xTOKEN_HASH_USDC, token_standard: ERC-20, value: 1000000 (6 decimals).",
            "id": "sample_023_0100_000005",
            "annotations": []
        },
        {
            "sentence": "가스 설정: gas_limit: 21000, gas_used: 21000, gas_price: 100 gwei, 조건검증: gas_used ≤ gas_limit 확인됨.",
            "id": "sample_023_0100_000006",
            "annotations": []
        },
        {
            "sentence": "nonce 흐름: from_address(0xADDR_HASH_1) nonce: 42 → 43로 정상 증분이 관찰되었습니다.",
            "id": "sample_023_0100_000007",
            "annotations": []
        },
        {
            "sentence": "입력 데이터(input_data)는 ABI에 따라 디코딩되어 Transfer(from,to,value) 형태로 기록되었습니다.",
            "id": "sample_023_0100_000008",
            "annotations": []
        },
        {
            "sentence": "이벤트 로그(event_logs): Transfer 이벤트 인덱스[0] 발생, 토픽 및 데이터는 디코딩된 값으로 제공됩니다.",
            "id": "sample_023_0100_000009",
            "annotations": []
        },
        {
            "sentence": "오라클 및 가격 피드: oracle_id: chainlink-eth-usd, price_feed: 1823.45 USD, price_timestamp: 2025-11-03T12:30:00Z.",
            "id": "sample_023_0100_000010",
            "annotations": []
        },
        {
            "sentence": "오프체인 거래소 동기 불일치: exchange_id: EXCHG-003, order_id: ORD-20251103-0001, order_type: limit, price: 1825.00, quantity: 12.9.",
            "id": "sample_023_0100_000011",
            "annotations": []
        },
        {
            "sentence": "USD 환산: on-chain value 기반 usd_value: 23.5 ETH × 1823.45 = 42,857.08 USD(사용한 피드와 타임스탬프 명시됨).",
            "id": "sample_023_0100_000012",
            "annotations": []
        },
        {
            "sentence": "지갑 유형: custodial, kyc_status: VERIFIED, 이 값은 규제·프라이버시 관점에서 민감도(기밀정보)로 분류됩니다.",
            "id": "sample_023_0100_000013",
            "annotations": [
                {
                    "word": "kyc_status: VERIFIED",
                    "start": 18,
                    "end": 38,
                    "label": "기밀정보"
                }
            ]
        },
        {
            "sentence": "내부 위험평가: risk_score: 78, 위험평가 알고리즘 버전: v2.4, risk_score 값은 내부 기밀 지표로 취급됩니다.",
            "id": "sample_023_0100_000014",
            "annotations": [
                {
                    "word": "risk_score: 78",
                    "start": 9,
                    "end": 23,
                    "label": "기밀정보"
                }
            ]
        },
        {
            "sentence": "스마트 컨트랙트: 주소 0xSC_HASH_01, smart_contract_source: https://repo.example/sources/0xSC_HASH_01, audit_report_link: https://audit.example/report/0xSC_HASH_01.",
            "id": "sample_023_0100_000015",
            "annotations": []
        },
        {
            "sentence": "취약점 플래그(vulnerability_flags): ['reentrancy_low_risk','unchecked-send']가 감지되었으며 세부사항은 감사 리포트 참조 권장.",
            "id": "sample_023_0100_000016",
            "annotations": []
        },
        {
            "sentence": "거버넌스 활동: governance_proposal_id: GOV-2025-11-03-09, 제안 상태: active, 투표율 및 토큰별 의결권 기록 포함.",
            "id": "sample_023_0100_000017",
            "annotations": []
        },
        {
            "sentence": "NFT 관련: nft_metadata_uri: https://metadata.example/nft/1001.json, ipfs_hash: QmExampleIpfsHash1001, token_standard: ERC-721.",
            "id": "sample_023_0100_000018",
            "annotations": []
        },
        {
            "sentence": "포크 및 리오그: 블록 15123456에서 height 15123455로의 1-block reorg가 감지되었으며 재조정 메타데이터가 첨부되었습니다.",
            "id": "sample_023_0100_000019",
            "annotations": []
        },
        {
            "sentence": "머풀(mempool) 상태: tx_hash 0xtxhash_pending은 mempool_position: 12에 위치했고 시간 경과에 따른 우선순위 변경이 기록되었습니다.",
            "id": "sample_023_0100_000020",
            "annotations": []
        },
        {
            "sentence": "크로스체인 브리지 유출 시나리오와 오라클 피딩 공격 가능성 분석이 포함되어 있으며 시뮬레이션 매개변수를 명시했습니다.",
            "id": "sample_023_0100_000021",
            "annotations": []
        },
        {
            "sentence": "가스 스파이크 및 네트워크 혼잡 지표는 시계열 모델에 반영되었고 이상치 탐지를 위해 이벤트 기반 알림이 설정되었습니다.",
            "id": "sample_023_0100_000022",
            "annotations": []
        },
        {
            "sentence": "분석 담당자: 구창수, 소속: 온체인 포렌식팀, 역할: 트랜잭션 추적 및 증거 수집 책임.",
            "id": "sample_023_0100_000023",
            "annotations": [
                {
                    "word": "구창수",
                    "start": 8,
                    "end": 11,
                    "label": "개인정보"
                }
            ]
        },
        {
            "sentence": "리포트 리뷰어: 서서안, 검토 범위: ABI 디코딩 검증 및 가격 피드 동기화 확인.",
            "id": "sample_023_0100_000024",
            "annotations": [
                {
                    "word": "서서안",
                    "start": 9,
                    "end": 12,
                    "label": "개인정보"
                }
            ]
        },
        {
            "sentence": "문의 담당자: 김연하, 연락 방법은 내부 절차에 따라 KYC·PII 공개 없이 처리됩니다.",
            "id": "sample_023_0100_000025",
            "annotations": [
                {
                    "word": "김연하",
                    "start": 8,
                    "end": 11,
                    "label": "개인정보"
                }
            ]
        },
        {
            "sentence": "후속조치 책임자: 주승환, 권고사항 이행 및 추가 감사 요청을 담당합니다.",
            "id": "sample_023_0100_000026",
            "annotations": [
                {
                    "word": "주승환",
                    "start": 10,
                    "end": 13,
                    "label": "개인정보"
                }
            ]
        },
        {
            "sentence": "시스템 노드 메타: node_id: NODE-03, 노드_IP: 203.0.113.45, 운영 로그의 일부 경로는 기밀로 분류됩니다.",
            "id": "sample_023_0100_000027",
            "annotations": [
                {
                    "word": "노드_IP: 203.0.113.45",
                    "start": 29,
                    "end": 48,
                    "label": "기밀정보"
                }
            ]
        },
        {
            "sentence": "최종 승인: 채대현, 문서는 합성 데이터임을 재차 확인하며 실제 개인식별정보 및 개인키는 포함되지 않았습니다.",
            "id": "sample_023_0100_000028",
            "annotations": [
                {
                    "word": "채대현",
                    "start": 7,
                    "end": 10,
                    "label": "개인정보"
                }
            ]
        },
        {
            "sentence": "문서 서명: 서서안, 생성일시: 2025-11-03T13:00:00Z, 본 문서는 테스트/분석 목적의 합성 데이터임을 명확히 표기합니다.",
            "id": "sample_023_0100_000029",
            "annotations": [
                {
                    "word": "서서안",
                    "start": 7,
                    "end": 10,
                    "label": "개인정보"
                }
            ]
        }
    ]
}