{
    "document_id": "023_0040",
    "document_title": "합성 온체인 포렌식 리포트: ERC-20 토큰 이동 및 교환 연계 분석",
    "data": [
        {
            "sentence": "문서 목적: 본 보고서는 테스트용 합성 데이터로 작성된 온체인 포렌식 분석 예시입니다.",
            "id": "sample_023_0040_000001",
            "annotations": []
        },
        {
            "sentence": "본 샘플은 분석·테스트 목적의 합성 데이터임을 명시하며 실제 개인키나 복원 구문, 실사용 지갑 주소는 포함하지 않습니다.",
            "id": "sample_023_0040_000002",
            "annotations": []
        },
        {
            "sentence": "분석 대상 네트워크는 Ethereum Mainnet이며 chain_id는 1로 표준화하여 메타데이터에 기록했습니다.",
            "id": "sample_023_0040_000003",
            "annotations": []
        },
        {
            "sentence": "블록 메타: block_number=15,234,789, block_hash=blk_0x8f3a4c2b_hash, timestamp=2025-10-12T14:23:05Z(UTC)로 기록되었습니다.",
            "id": "sample_023_0040_000004",
            "annotations": []
        },
        {
            "sentence": "트랜잭션 요약: tx_hash=tx_0xabc123def_hash, from=wallet_a1b2c3_hash, to=wallet_d4e5f6_hash, value=1250000000000000000(wei), token_symbol=USDT, token_contract=token_0xtoken_hash.",
            "id": "sample_023_0040_000005",
            "annotations": []
        },
        {
            "sentence": "토큰 표준은 ERC-20으로 정규화했고, 입력 데이터는 ABI 디코딩을 통해 transfer(to, amount)로 해석되었습니다.",
            "id": "sample_023_0040_000006",
            "annotations": []
        },
        {
            "sentence": "가스 관련: gas_limit=21000, gas_used=21000, gas_price=120 gwei로 계산되어 gas_used ≤ gas_limit 제약을 충족합니다.",
            "id": "sample_023_0040_000007",
            "annotations": []
        },
        {
            "sentence": "nonce는 42로 표기되며 트랜잭션 상태(tx_status)는 성공(success)으로 영수증(receipt) 로그에 기록되어 있습니다.",
            "id": "sample_023_0040_000008",
            "annotations": []
        },
        {
            "sentence": "영수증 요약에는 이벤트 로그가 포함되어 있으며 Transfer 이벤트가 디코딩되어 from, to, value 필드가 명시되었습니다.",
            "id": "sample_023_0040_000009",
            "annotations": []
        },
        {
            "sentence": "마풀(mempool) 상태: tx_hash는 mempool_position=12에 남아 있다가 블록 포함 시점에 제거되었음을 메타로 표기했습니다.",
            "id": "sample_023_0040_000010",
            "annotations": []
        },
        {
            "sentence": "오라클 및 가격: oracle_id=oracle_chainlink_usd, price_feed=USDT/USD=1.002, price_timestamp=2025-10-12T14:22:40Z을 사용해 USD 환산을 수행했습니다.",
            "id": "sample_023_0040_000011",
            "annotations": []
        },
        {
            "sentence": "온체인 값과 오프체인 거래소 시세 간 동기 불일치 가능성을 명시했으며 사용된 가격 피드와 타임스탬프를 문서에 포함했습니다.",
            "id": "sample_023_0040_000012",
            "annotations": []
        },
        {
            "sentence": "거래소 연계 데이터: exchange_id=EXCH_SIM_01, order_id=ORD_000123, order_type=market, price=1.001, quantity=1250, usd_value=1251.25으로 표기했습니다.",
            "id": "sample_023_0040_000013",
            "annotations": []
        },
        {
            "sentence": "지갑 유형은 wallet_type=non-custodial으로 표기했고, 관련 KYC 필드는 실제 PII를 제외하고 kyc_status=verified로 기재했습니다.",
            "id": "sample_023_0040_000014",
            "annotations": []
        },
        {
            "sentence": "KYC/AML·세무 필드는 규제 민감도를 메타로 표기했으며 실제 식별 정보는 제거됐음을 반복해서 명시했습니다.",
            "id": "sample_023_0040_000015",
            "annotations": []
        },
        {
            "sentence": "리스크 스코어(risk_score)=72는 주소 행동 패턴, 온체인 유동성 변화, 과거 거래 빈도를 기반으로 산출된 합성 점수입니다.",
            "id": "sample_023_0040_000016",
            "annotations": []
        },
        {
            "sentence": "스마트 컨트랙트 소스 및 감사: smart_contract_source=repo://example/contract.sol(합성), audit_report_link=https://audit.example/reports/contr_audit_v1.pdf를 참조로 명시했습니다.",
            "id": "sample_023_0040_000017",
            "annotations": []
        },
        {
            "sentence": "취약점 플래그(vulnerability_flags): reentrancy=false, integer_overflow=false, access_control=review_required로 요약했습니다.",
            "id": "sample_023_0040_000018",
            "annotations": []
        },
        {
            "sentence": "거버넌스 관련: governance_proposal_id=GOV-2025-77, 투표 기록은 TX 기반으로 집계되어 찬성/반대 비율과 토큰 고유량을 함께 표기했습니다.",
            "id": "sample_023_0040_000019",
            "annotations": []
        },
        {
            "sentence": "NFT 트랜잭션 예시: token_standard=ERC-721, nft_metadata_uri=ipfs://QmExampleHash, ipfs_hash=QmExampleHash로 메타를 포함했습니다.",
            "id": "sample_023_0040_000020",
            "annotations": []
        },
        {
            "sentence": "노드/밸리데이터 로그: validator_id=val_099, 로그 타임스탬프=2025-10-12T14:23:07Z, 상태=active, 블록 전파 지연 2.4초가 관찰됐습니다.",
            "id": "sample_023_0040_000021",
            "annotations": []
        },
        {
            "sentence": "마풀 스파이크와 가스 급증은 네트워크 혼잡 지표와 연계해 시계열 분석에 반영했으며 이상치 탐지 모델의 입력으로 사용했습니다.",
            "id": "sample_023_0040_000022",
            "annotations": []
        },
        {
            "sentence": "포크·리오그 메타: 해당 기간에 소규모 reorg(깊이 1)가 감지되어 온체인 불변성 메타에 reorg=true, replaced_block=blk_0x8f3a4c2b_old로 기록했습니다.",
            "id": "sample_023_0040_000023",
            "annotations": []
        },
        {
            "sentence": "분석 담당자: 성진희가 초안 분석을 수행했으며 내부 검토 후 익명화 절차가 적용되었습니다.",
            "id": "sample_023_0040_000024",
            "annotations": [
                {
                    "word": "성진희",
                    "start": 8,
                    "end": 11,
                    "label": "개인정보"
                }
            ]
        },
        {
            "sentence": "본사 위치 표기: 서울특별시(지역 표기만 포함, 상세 주소는 개인정보 보호를 위해 생략)로 메타에 남겼습니다.",
            "id": "sample_023_0040_000025",
            "annotations": [
                {
                    "word": "서울특별시",
                    "start": 10,
                    "end": 15,
                    "label": "준식별자"
                }
            ]
        },
        {
            "sentence": "운영 서버 IP: 10.0.0.5는 내부 기밀정보로 분류되어 문서 내 값은 최소화하고 접근 제어 로그만 참조했습니다.",
            "id": "sample_023_0040_000026",
            "annotations": [
                {
                    "word": "10.0.0.5",
                    "start": 10,
                    "end": 18,
                    "label": "기밀정보"
                }
            ]
        },
        {
            "sentence": "크로스체인 브리지 리스크와 오라클 공격 시나리오는 자금 흐름 추적 및 타임스탬프 검증 절차에 포함되어야 합니다.",
            "id": "sample_023_0040_000027",
            "annotations": []
        },
        {
            "sentence": "결론 및 권고: 추가 조사 대상 주소에 대해 온체인 추적, 오프체인 거래소 동기화 검증, 감사 리포트 재검토를 권고합니다.",
            "id": "sample_023_0040_000028",
            "annotations": []
        }
    ]
}