﻿word,document,sentence,label
김정완,023_0001,sample_023_0001_000007,개인정보
승인권자: 김정완 (내부 결재선),023_0001,sample_023_0001_000007,기밀정보
KYC_status: VERIFIED,023_0001,sample_023_0001_000008,기밀정보
생년월일: 1985-07-12,023_0001,sample_023_0001_000012,준식별자
성별: 남,023_0001,sample_023_0001_000012,준식별자
서울특별시,023_0001,sample_023_0001_000013,준식별자
강남구,023_0001,sample_023_0001_000013,준식별자
직업: 거래소 준법팀,023_0001,sample_023_0001_000014,준식별자
서버 IP: 10.0.0.5,023_0001,sample_023_0001_000015,기밀정보
내부 노드 운영 키,023_0001,sample_023_0001_000016,기밀정보
운영 회계 계좌번호: [REDACTED],023_0001,sample_023_0001_000017,기밀정보
송연,023_0001,sample_023_0001_000029,개인정보
류병훈,023_0002,sample_023_0002_000003,개인정보
민혜영,023_0002,sample_023_0002_000003,개인정보
서울특별시 강남구,023_0002,sample_023_0002_000005,준식별자
1985-06-12,023_0002,sample_023_0002_000006,준식별자
10.20.30.5,023_0002,sample_023_0002_000010,기밀정보
/srv/infra/private-config.yaml,023_0002,sample_023_0002_000011,기밀정보
****-****-1234,023_0002,sample_023_0002_000012,기밀정보
공우진,023_0003,sample_023_0003_000002,개인정보
황하니,023_0003,sample_023_0003_000003,개인정보
KYC ID: [REDACTED],023_0003,sample_023_0003_000015,기밀정보
KYC ID: [REDACTED],023_0003,sample_023_0003_000027,기밀정보
내부 결재선,023_0003,sample_023_0003_000021,기밀정보
정재호,023_0003,sample_023_0003_000021,개인정보
서버 IP: 10.10.10.10,023_0003,sample_023_0003_000022,기밀정보
계좌번호: [REDACTED],023_0003,sample_023_0003_000023,기밀정보
계좌번호: [REDACTED],023_0003,sample_023_0003_000027,기밀정보
생년:1990,023_0003,sample_023_0003_000025,준식별자
생월:06,023_0003,sample_023_0003_000025,준식별자
생일:15,023_0003,sample_023_0003_000025,준식별자
시:서울,023_0003,sample_023_0003_000025,준식별자
군/구:강남구,023_0003,sample_023_0003_000025,준식별자
직업: 데이터 엔지니어,023_0003,sample_023_0003_000025,준식별자
0xaaaaaaaaaaaaaaaaaaaaaaaaaaaaaaaaaaaaaaaa,023_0004,sample_023_0004_000004,기밀정보
0xbbbbbbbbbbbbbbbbbbbbbbbbbbbbbbbbbbbbbbbb,023_0004,sample_023_0004_000004,기밀정보
강태한,023_0004,sample_023_0004_000005,개인정보
taehan@example.com,023_0004,sample_023_0004_000005,개인정보
남,023_0004,sample_023_0004_000005,준식별자
1986-05-12,023_0004,sample_023_0004_000005,준식별자
서울특별시 강남구,023_0004,sample_023_0004_000005,준식별자
0xcccccccccccccccccccccccccccccccccccccccc,023_0004,sample_023_0004_000007,기밀정보
0xaaaaaaaaaaaaaaaaaaaaaaaaaaaaaaaaaaaaaaaa,023_0004,sample_023_0004_000007,기밀정보
0xdddddddddddddddddddddddddddddddddddddddd,023_0004,sample_023_0004_000007,기밀정보
백세윤,023_0004,sample_023_0004_000008,개인정보
0xdeadbeefdeadbeefdeadbeefdeadbeefdeadbeef,023_0004,sample_023_0004_000008,기밀정보
0xdddddddddddddddddddddddddddddddddddddddd,023_0004,sample_023_0004_000009,기밀정보
0xaaaaaaaaaaaaaaaaaaaaaaaaaaaaaaaaaaaaaaaa,023_0004,sample_023_0004_000010,기밀정보
0xdddddddddddddddddddddddddddddddddddddddd,023_0004,sample_023_0004_000010,기밀정보
10.0.0.5,023_0004,sample_023_0004_000012,기밀정보
node_admin,023_0004,sample_023_0004_000015,기밀정보
/var/secure/keys,023_0004,sample_023_0004_000015,기밀정보
010-1234-5678,023_0004,sample_023_0004_000018,개인정보
류루희,023_0005,sample_023_0005_000003,개인정보
심무성,023_0005,sample_023_0005_000007,개인정보
이종성,023_0005,sample_023_0005_000012,개인정보
권해민,023_0005,sample_023_0005_000030,개인정보
1985-07-12,023_0005,sample_023_0005_000004,준식별자
서울특별시 강남구,023_0005,sample_023_0005_000005,준식별자
계좌번호: 123-456-789,023_0005,sample_023_0005_000008,기밀정보
서버 IP: 10.0.0.5,023_0005,sample_023_0005_000009,기밀정보
류예현,023_0006,sample_023_0006_000018,개인정보
010-1111-2222,023_0006,sample_023_0006_000018,개인정보
ryu.yehyun@example.com,023_0006,sample_023_0006_000018,개인정보
민권,023_0006,sample_023_0006_000020,개인정보
2026-0042,023_0006,sample_023_0006_000020,개인정보
1985년 11월 03일,023_0006,sample_023_0006_000020,준식별자
대한민국,023_0006,sample_023_0006_000020,준식별자
서울특별시 강남구 테헤란로 10층,023_0006,sample_023_0006_000021,개인정보
서울특별시 강남구,023_0006,sample_023_0006_000022,준식별자
10.8.0.12,023_0006,sample_023_0006_000023,기밀정보
/srv/ledger/private/db.sqlite,023_0006,sample_023_0006_000023,기밀정보
계좌번호:110-1234-0000,023_0006,sample_023_0006_000023,기밀정보
오소윤,023_0006,sample_023_0006_000025,개인정보
2026-0043,023_0006,sample_023_0006_000026,개인정보
류성현,023_0006,sample_023_0006_000027,개인정보
심은채,023_0006,sample_023_0006_000027,개인정보
정오윤,023_0007,sample_023_0007_000010,개인정보
주서하,023_0007,sample_023_0007_000022,개인정보
E-00421,023_0007,sample_023_0007_000013,개인정보
1986,023_0007,sample_023_0007_000011,준식별자
05,023_0007,sample_023_0007_000011,준식별자
12,023_0007,sample_023_0007_000011,준식별자
서울특별시,023_0007,sample_023_0007_000012,준식별자
강남구,023_0007,sample_023_0007_000012,준식별자
역삼동,023_0007,sample_023_0007_000012,준식별자
10.8.45.12,023_0007,sample_023_0007_000014,기밀정보
svc_node_admin,023_0007,sample_023_0007_000015,기밀정보
****-1234,023_0007,sample_023_0007_000016,기밀정보
하검재,023_0008,sample_023_0008_000002,개인정보
전린,023_0008,sample_023_0008_000003,개인정보
1990,023_0008,sample_023_0008_000003,준식별자
04,023_0008,sample_023_0008_000003,준식별자
12,023_0008,sample_023_0008_000003,준식별자
오픈체인랩스,023_0008,sample_023_0008_000004,준식별자
서울특별시,023_0008,sample_023_0008_000005,준식별자
강남구,023_0008,sample_023_0008_000005,준식별자
역삼동,023_0008,sample_023_0008_000005,준식별자
10.254.0.12,023_0008,sample_023_0008_000010,기밀정보
node-admin,023_0008,sample_023_0008_000010,기밀정보
546-123456-01,023_0008,sample_023_0008_000011,기밀정보
검증완료(레벨2),023_0008,sample_023_0008_000012,기밀정보
최세정,023_0008,sample_023_0008_000015,개인정보
손래온,023_0008,sample_023_0008_000018,개인정보
나재원,023_0008,sample_023_0008_000021,개인정보
송교준,023_0009,sample_023_0009_000003,개인정보
홍지음,023_0009,sample_023_0009_000006,개인정보
1986,023_0009,sample_023_0009_000007,준식별자
05,023_0009,sample_023_0009_000007,준식별자
12,023_0009,sample_023_0009_000007,준식별자
여성,023_0009,sample_023_0009_000008,준식별자
서울특별시,023_0009,sample_023_0009_000009,준식별자
강남구,023_0009,sample_023_0009_000009,준식별자
역삼동,023_0009,sample_023_0009_000009,준식별자
KYC-2024-0007,023_0009,sample_023_0009_000010,개인정보
123-456789-00,023_0009,sample_023_0009_000011,기밀정보
10.10.10.55,023_0009,sample_023_0009_000012,기밀정보
/opt/internal/keys/keystore.json,023_0009,sample_023_0009_000012,기밀정보
안강한,023_0009,sample_023_0009_000016,개인정보
권태균,023_0009,sample_023_0009_000024,개인정보
원유식,023_0009,sample_023_0009_000025,개인정보
서루비,023_0009,sample_023_0009_000028,개인정보
addr_0xA1B2C3D4E5F6,023_0010,sample_023_0010_000004,개인정보
addr_0xFEDCBA987654,023_0010,sample_023_0010_000004,개인정보
전시우,023_0010,sample_023_0010_000006,개인정보
1990-05-12,023_0010,sample_023_0010_000006,준식별자
서울특별시,023_0010,sample_023_0010_000006,준식별자
강남구,023_0010,sample_023_0010_000006,준식별자
양해니,023_0010,sample_023_0010_000010,개인정보
10.0.0.5,023_0010,sample_023_0010_000014,기밀정보
계좌번호: 123-456-789012,023_0010,sample_023_0010_000015,기밀정보
채윤찬,023_0010,sample_023_0010_000028,개인정보
노정하,023_0011,sample_023_0011_000003,개인정보
생년월일: 1987-05-13,023_0011,sample_023_0011_000004,준식별자
거주지: 서울특별시,023_0011,sample_023_0011_000005,준식별자
사번: 20230012,023_0011,sample_023_0011_000006,개인정보
KYC 상태: PENDING,023_0011,sample_023_0011_000010,기밀정보
서버 IP: 10.10.0.5,023_0011,sample_023_0011_000026,기밀정보
/etc/internal/keystore-config.yaml,023_0011,sample_023_0011_000027,기밀정보
정서정,023_0012,sample_023_0012_000006,개인정보
여성,023_0012,sample_023_0012_000007,준식별자
1990-04-15,023_0012,sample_023_0012_000008,준식별자
서울특별시,023_0012,sample_023_0012_000009,준식별자
강남구,023_0012,sample_023_0012_000010,준식별자
역삼동,023_0012,sample_023_0012_000011,준식별자
10.254.10.5,023_0012,sample_023_0012_000012,기밀정보
ops_admin_07,023_0012,sample_023_0012_000013,기밀정보
ops_admin_07,023_0012,sample_023_0012_000028,기밀정보
유제아,023_0013,sample_023_0013_000015,개인정보
서울특별시,023_0013,sample_023_0013_000016,준식별자
강남구,023_0013,sample_023_0013_000016,준식별자
1990-06-15,023_0013,sample_023_0013_000017,준식별자
10.10.128.45,023_0013,sample_023_0013_000018,기밀정보
000-123456-789,023_0013,sample_023_0013_000019,기밀정보
강보영,023_0014,sample_023_0014_000010,개인정보
KYC 상태: VERIFIED,023_0014,sample_023_0014_000010,기밀정보
서울특별시,023_0014,sample_023_0014_000011,준식별자
강남구,023_0014,sample_023_0014_000012,준식별자
1988년,023_0014,sample_023_0014_000013,준식별자
05월,023_0014,sample_023_0014_000014,준식별자
23일,023_0014,sample_023_0014_000015,준식별자
하완,023_0014,sample_023_0014_000016,개인정보
내부 메모: 의심 거래 연관,023_0014,sample_023_0014_000017,기밀정보
EXCH_USER_0042,023_0014,sample_023_0014_000018,기밀정보
신원등급: 고위험,023_0014,sample_023_0014_000019,기밀정보
성별: 여성,023_0014,sample_023_0014_000020,준식별자
천세진,023_0015,sample_023_0015_000005,개인정보
1990-05-14,023_0015,sample_023_0015_000005,준식별자
서울특별시 강남구 역삼동,023_0015,sample_023_0015_000005,준식별자
주이진,023_0015,sample_023_0015_000006,개인정보
1985-11-02,023_0015,sample_023_0015_000006,준식별자
부산광역시 해운대구,023_0015,sample_023_0015_000006,준식별자
10.200.45.12,023_0015,sample_023_0015_000007,기밀정보
000-123-456789,023_0015,sample_023_0015_000008,기밀정보
/secure/audit/2025/q1.docx,023_0015,sample_023_0015_000010,기밀정보
송영윤,023_0016,sample_023_0016_000003,개인정보
나승오,023_0016,sample_023_0016_000006,개인정보
장명주,023_0016,sample_023_0016_000024,개인정보
1987-05-12,023_0016,sample_023_0016_000025,준식별자
서울특별시 동작구,023_0016,sample_023_0016_000026,준식별자
직업: 데이터 엔지니어,023_0016,sample_023_0016_000027,준식별자
계좌번호: XXXX-1234,023_0016,sample_023_0016_000021,기밀정보
서버 IP: 10.0.0.5,023_0016,sample_023_0016_000020,기밀정보
내부 API 엔드포인트: https://internal-api.example.local,023_0016,sample_023_0016_000020,기밀정보
KYC-2023-009,023_0017,sample_023_0017_000015,기밀정보
risk_score: 42,023_0017,sample_023_0017_000015,기밀정보
10.0.4.12,023_0017,sample_023_0017_000020,기밀정보
/var/secure/keys/db.key,023_0017,sample_023_0017_000021,기밀정보
홍새나,023_0017,sample_023_0017_000022,개인정보
공정윤,023_0017,sample_023_0017_000022,개인정보
hong.sena@example.com,023_0017,sample_023_0017_000023,개인정보
010-1111-2222,023_0017,sample_023_0017_000024,개인정보
서울특별시 강남구,023_0017,sample_023_0017_000025,준식별자
1985,023_0017,sample_023_0017_000026,준식별자
데이터 엔지니어,023_0017,sample_023_0017_000027,준식별자
남석원,023_0018,sample_023_0018_000005,개인정보
namseokwon@example.com,023_0018,sample_023_0018_000006,개인정보
010-1234-5678,023_0018,sample_023_0018_000006,개인정보
서울특별시,023_0018,sample_023_0018_000007,준식별자
강남구,023_0018,sample_023_0018_000007,준식별자
대치동,023_0018,sample_023_0018_000007,준식별자
1985,023_0018,sample_023_0018_000008,준식별자
07,023_0018,sample_023_0018_000008,준식별자
12,023_0018,sample_023_0018_000008,준식별자
남영미,023_0018,sample_023_0018_000016,개인정보
내부 결재선,023_0018,sample_023_0018_000016,기밀정보
내부 메모,023_0018,sample_023_0018_000016,기밀정보
node-07,023_0018,sample_023_0018_000017,기밀정보
10.0.0.5,023_0018,sample_023_0018_000017,기밀정보
/srv/internal/etl/processor.py,023_0018,sample_023_0018_000017,기밀정보
git.internal.corp/contracts/Token.sol,023_0018,sample_023_0018_000018,기밀정보
110-123456-01,023_0018,sample_023_0018_000020,기밀정보
김동형,023_0018,sample_023_0018_000024,개인정보
유새봄,023_0018,sample_023_0018_000027,개인정보
방동빈,023_0019,sample_023_0019_000002,개인정보
나명원,023_0019,sample_023_0019_000003,개인정보
채하율,023_0019,sample_023_0019_000004,개인정보
대한민국,023_0019,sample_023_0019_000005,준식별자
서울특별시,023_0019,sample_023_0019_000005,준식별자
강남구,023_0019,sample_023_0019_000005,준식별자
10.4.5.6,023_0019,sample_023_0019_000025,기밀정보
신채운,023_0020,sample_023_0020_000003,개인정보
kyc_status: verified,023_0020,sample_023_0020_000015,기밀정보
10.4.12.8,023_0020,sample_023_0020_000022,기밀정보
svc_node01,023_0020,sample_023_0020_000022,기밀정보
/var/secrets/wallet.db,023_0020,sample_023_0020_000023,기밀정보
000-000000-00000,023_0020,sample_023_0020_000024,기밀정보
박지홍,023_0020,sample_023_0020_000025,개인정보
1990-05-10,023_0020,sample_023_0020_000025,준식별자
성별: 여성,023_0020,sample_023_0020_000025,준식별자
서울특별시,023_0020,sample_023_0020_000025,준식별자
천보영,023_0021,sample_023_0021_000002,개인정보
서울특별시,023_0021,sample_023_0021_000003,준식별자
1990-05-14,023_0021,sample_023_0021_000004,준식별자
010-****-1234,023_0021,sample_023_0021_000005,개인정보
10.240.15.8,023_0021,sample_023_0021_000006,기밀정보
vault-db-master-01,023_0021,sample_023_0021_000007,기밀정보
****-****-1234,023_0021,sample_023_0021_000008,기밀정보
하수석,023_0022,sample_023_0022_000022,개인정보
김문석,023_0022,sample_023_0022_000022,개인정보
이시후,023_0022,sample_023_0022_000023,개인정보
1990-06-15,023_0022,sample_023_0022_000023,준식별자
서울특별시 강남구 역삼동,023_0022,sample_023_0022_000023,준식별자
데이터 엔지니어,023_0022,sample_023_0022_000024,준식별자
000-1234-5678,023_0022,sample_023_0022_000025,기밀정보
10.20.30.40,023_0022,sample_023_0022_000026,기밀정보
https://internal.audit.local/report/2025/alpha,023_0022,sample_023_0022_000017,기밀정보
문효주,023_0022,sample_023_0022_000029,개인정보
ACC-9901,023_0023,sample_023_0023_000012,기밀정보
ACC-9901,023_0023,sample_023_0023_000029,기밀정보
한나운,023_0023,sample_023_0023_000013,개인정보
여성,023_0023,sample_023_0023_000014,준식별자
1990-07-15,023_0023,sample_023_0023_000014,준식별자
서울특별시,023_0023,sample_023_0023_000014,준식별자
ADM-KEY-472,023_0023,sample_023_0023_000017,기밀정보
ADM-KEY-472,023_0023,sample_023_0023_000029,기밀정보
10.8.0.5,023_0023,sample_023_0023_000026,기밀정보
https://internal.example/report/rep-2025,023_0023,sample_023_0023_000027,기밀정보
민무겸,023_0024,sample_023_0024_000007,개인정보
배호태,023_0024,sample_023_0024_000008,개인정보
강남구,023_0024,sample_023_0024_000009,준식별자
10.0.0.5,023_0024,sample_023_0024_000020,기밀정보
계좌번호: 1234-5678-9012,023_0024,sample_023_0024_000021,기밀정보
심창대,023_0025,sample_023_0025_000014,개인정보
문나혜,023_0025,sample_023_0025_000015,개인정보
서울특별시 강남구,023_0025,sample_023_0025_000016,준식별자
1990-05-23,023_0025,sample_023_0025_000016,준식별자
10.0.0.5,023_0025,sample_023_0025_000017,기밀정보
ACC-9071,023_0025,sample_023_0025_000017,기밀정보
민진,023_0026,sample_023_0026_000002,개인정보
손승현,023_0026,sample_023_0026_000003,개인정보
장성종,023_0026,sample_023_0026_000003,개인정보
홍상호,023_0026,sample_023_0026_000004,개인정보
0xdeadbeef00000000000000000000000000cafe01,023_0026,sample_023_0026_000008,개인정보
0xfeedface00000000000000000000000000beef02,023_0026,sample_023_0026_000008,개인정보
0xbbbccc111222333444555666777888999aaa0001,023_0026,sample_023_0026_000009,개인정보
0xfeedface00000000000000000000000000beef02,023_0026,sample_023_0026_000012,개인정보
EXCHG-9001,023_0026,sample_023_0026_000017,기밀정보
ORD-20260107-0001,023_0026,sample_023_0026_000017,기밀정보
kyc_status=VERIFIED_HIGH_RISK,023_0026,sample_023_0026_000019,기밀정보
node_ip=10.0.0.12,023_0026,sample_023_0026_000025,기밀정보
kyc_status,023_0026,sample_023_0026_000028,기밀정보
exchange_id,023_0026,sample_023_0026_000028,기밀정보
원보정,023_0027,sample_023_0027_000002,개인정보
박동기,023_0027,sample_023_0027_000003,개인정보
사번: 20213456,023_0027,sample_023_0027_000005,개인정보
1990-05-14,023_0027,sample_023_0027_000006,준식별자
남성,023_0027,sample_023_0027_000006,준식별자
서울특별시 강남구,023_0027,sample_023_0027_000007,준식별자
대한민국,023_0027,sample_023_0027_000008,준식별자
10.0.0.5,023_0027,sample_023_0027_000011,기밀정보
123-456-789012,023_0027,sample_023_0027_000011,기밀정보
하서령,023_0027,sample_023_0027_000012,개인정보
류대영,023_0028,sample_023_0028_000021,개인정보
한채희,023_0028,sample_023_0028_000022,개인정보
1992-07-20,023_0028,sample_023_0028_000022,준식별자
여성,023_0028,sample_023_0028_000022,준식별자
서울특별시 강남구,023_0028,sample_023_0028_000022,준식별자
AcmeEx,023_0028,sample_023_0028_000022,준식별자
192.168.10.5,023_0028,sample_023_0028_000020,기밀정보
/var/log/node/validator.log,023_0028,sample_023_0028_000020,기밀정보
https://internal.audit.local/reports/erc20_2026.pdf,023_0028,sample_023_0028_000015,기밀정보
계좌번호 345-678-9012,023_0028,sample_023_0028_000023,기밀정보
KYC 상태: verified,023_0028,sample_023_0028_000013,기밀정보
AML-2345,023_0028,sample_023_0028_000023,기밀정보
윤원식,023_0029,sample_023_0029_000026,개인정보
권우진,023_0029,sample_023_0029_000027,개인정보
1985-06-15,023_0029,sample_023_0029_000027,준식별자
오연서,023_0029,sample_023_0029_000028,개인정보
서울특별시,023_0029,sample_023_0029_000028,준식별자
강남구,023_0029,sample_023_0029_000028,준식별자
소프트웨어 엔지니어,023_0029,sample_023_0029_000028,준식별자
10.0.0.5,023_0029,sample_023_0029_000029,기밀정보
https://internal.audit.local/report/2025,023_0029,sample_023_0029_000030,기밀정보
조시영,023_0029,sample_023_0029_000031,개인정보
윤승인,023_0030,sample_023_0030_000003,개인정보
1988-05-21,023_0030,sample_023_0030_000004,준식별자
오용우,023_0030,sample_023_0030_000005,개인정보
스마트컨트랙트 엔지니어,023_0030,sample_023_0030_000005,준식별자
서울특별시,023_0030,sample_023_0030_000005,준식별자
강남구,023_0030,sample_023_0030_000005,준식별자
배해솔,023_0030,sample_023_0030_000006,개인정보
CONF-OP-77,023_0030,sample_023_0030_000006,기밀정보
10.0.0.5,023_0030,sample_023_0030_000007,기밀정보
ACC-9912,023_0030,sample_023_0030_000007,기밀정보
주태웅,023_0031,sample_023_0031_000020,개인정보
곽태운,023_0031,sample_023_0031_000028,개인정보
1990-05-12,023_0031,sample_023_0031_000020,준식별자
서울특별시,023_0031,sample_023_0031_000020,준식별자
블록체인랩,023_0031,sample_023_0031_000020,준식별자
ANON_0x3F1A9B4C8D,023_0031,sample_023_0031_000005,기밀정보
ANON_0x7B2C8D9E0F,023_0031,sample_023_0031_000005,기밀정보
CONTRACT_0xC0FFEE1234,023_0031,sample_023_0031_000007,기밀정보
EXCH-000123,023_0031,sample_023_0031_000017,기밀정보
https://internal.audit.local/report-alpha,023_0032,sample_023_0032_000016,기밀정보
10.0.8.12,023_0032,sample_023_0032_000018,기밀정보
1234567890,023_0032,sample_023_0032_000019,기밀정보
허소율,023_0032,sample_023_0032_000024,개인정보
권용희,023_0032,sample_023_0032_000024,개인정보
서울특별시,023_0032,sample_023_0032_000025,준식별자
강남구,023_0032,sample_023_0032_000025,준식별자
1985-06-15,023_0032,sample_023_0032_000026,준식별자
나태림,023_0033,sample_023_0033_000010,개인정보
사번: 2023001,023_0033,sample_023_0033_000011,개인정보
성별: 여성,023_0033,sample_023_0033_000012,준식별자
생년월일: 1990-05-14,023_0033,sample_023_0033_000013,준식별자
시/군/구: 강남구,023_0033,sample_023_0033_000014,준식별자
계좌번호: 1234-5678-9012,023_0033,sample_023_0033_000015,기밀정보
서버 IP: 10.10.10.10,023_0033,sample_023_0033_000016,기밀정보
내부 파일경로: /var/secret/keys,023_0033,sample_023_0033_000016,기밀정보
노한결,023_0033,sample_023_0033_000017,개인정보
0xHASHED_1a2b3c4d,023_0034,sample_023_0034_000008,준식별자
0xHASHED_1a2b3c4d,023_0034,sample_023_0034_000015,준식별자
0xHASHED_5f6e7d8c,023_0034,sample_023_0034_000009,준식별자
0xHASHED_5f6e7d8c,023_0034,sample_023_0034_000014,준식별자
0xHASHED_5f6e7d8c,023_0034,sample_023_0034_000015,준식별자
ORD-000123,023_0034,sample_023_0034_000021,기밀정보
KYC-00045,023_0034,sample_023_0034_000022,기밀정보
허일용,023_0034,sample_023_0034_000028,개인정보
배은서,023_0034,sample_023_0034_000028,개인정보
10.3.5.12,023_0034,sample_023_0034_000028,기밀정보
000-1234-XXXX,023_0034,sample_023_0034_000028,기밀정보
방근후,023_0035,sample_023_0035_000019,개인정보
담당자 방근후 승인,023_0035,sample_023_0035_000020,기밀정보
방근후,023_0035,sample_023_0035_000020,개인정보
지재익,023_0035,sample_023_0035_000021,개인정보
1990년 05월 12일,023_0035,sample_023_0035_000021,준식별자
서울특별시,023_0035,sample_023_0035_000021,준식별자
jji_user@example.test,023_0035,sample_023_0035_000022,개인정보
010-1234-5678,023_0035,sample_023_0035_000023,개인정보
10.0.0.5,023_0035,sample_023_0035_000024,기밀정보
202045,023_0035,sample_023_0035_000025,개인정보
미공개 예산,023_0035,sample_023_0035_000026,기밀정보
홍명식,023_0035,sample_023_0035_000027,개인정보
정엘리야,023_0035,sample_023_0035_000028,개인정보
임병율,023_0036,sample_023_0036_000021,개인정보
imbyungyul@example.com,023_0036,sample_023_0036_000022,개인정보
010-1234-5678,023_0036,sample_023_0036_000022,개인정보
2025-ENG-0042,023_0036,sample_023_0036_000023,개인정보
1989-05-14,023_0036,sample_023_0036_000024,준식별자
남성,023_0036,sample_023_0036_000024,준식별자
서울특별시,023_0036,sample_023_0036_000024,준식별자
192.168.100.23,023_0036,sample_023_0036_000025,기밀정보
smb://corp-internal/forensics/case-0036,023_0036,sample_023_0036_000025,기밀정보
123-456-789,023_0036,sample_023_0036_000025,기밀정보
윤조한,023_0037,sample_023_0037_000006,개인정보
정효영,023_0037,sample_023_0037_000007,개인정보
1988-05-12,023_0037,sample_023_0037_000008,준식별자
성별: 남성,023_0037,sample_023_0037_000009,준식별자
서울특별시 강남구,023_0037,sample_023_0037_000010,준식별자
10.200.30.5,023_0037,sample_023_0037_000004,기밀정보
https://internal-rpc.local,023_0037,sample_023_0037_000004,기밀정보
ACCT-789-XY,023_0037,sample_023_0037_000005,기밀정보
전강유,023_0038,sample_023_0038_000002,개인정보
1985년 07월 12일,023_0038,sample_023_0038_000004,준식별자
서울특별시 강남구,023_0038,sample_023_0038_000005,준식별자
블록체인랩 주식회사,023_0038,sample_023_0038_000006,준식별자
검증완료(레벨 2),023_0038,sample_023_0038_000008,기밀정보
admin_node_01,023_0038,sample_023_0038_000009,기밀정보
192.0.2.10,023_0038,sample_023_0038_000010,기밀정보
0xA1B2...C3D4,023_0038,sample_023_0038_000012,개인정보
EXCH_00987,023_0038,sample_023_0038_000014,개인정보
양현수,023_0038,sample_023_0038_000020,개인정보
윤희선,023_0038,sample_023_0038_000022,개인정보
전매튜,023_0039,sample_023_0039_000020,개인정보
서울특별시 강남구,023_0039,sample_023_0039_000021,준식별자
KYC-2025-0001,023_0039,sample_023_0039_000022,개인정보
10.10.0.5,023_0039,sample_023_0039_000023,기밀정보
****-****-1234,023_0039,sample_023_0039_000024,기밀정보
0xA1B2...C3D4 (anonymized),023_0039,sample_023_0039_000004,준식별자
0xF0E1...D2C3 (anonymized),023_0039,sample_023_0039_000004,준식별자
성진희,023_0040,sample_023_0040_000024,개인정보
서울특별시,023_0040,sample_023_0040_000025,준식별자
10.0.0.5,023_0040,sample_023_0040_000026,기밀정보
심현자,023_0041,sample_023_0041_000007,개인정보
1987년 05월 14일,023_0041,sample_023_0041_000007,준식별자
서울특별시 강남구,023_0041,sample_023_0041_000007,준식별자
10.0.0.12,023_0041,sample_023_0041_000019,기밀정보
/var/secure/node/keystore,023_0041,sample_023_0041_000019,기밀정보
s3://internal-bucket/forensics/report-2026.pdf,023_0041,sample_023_0041_000020,기밀정보
EXC-987654321,023_0041,sample_023_0041_000012,기밀정보
계좌번호: 000-XXX-000000,023_0041,sample_023_0041_000021,기밀정보
최성윤,023_0041,sample_023_0041_000026,개인정보
차영은,023_0042,sample_023_0042_000013,개인정보
1990,023_0042,sample_023_0042_000013,준식별자
05,023_0042,sample_023_0042_000013,준식별자
14,023_0042,sample_023_0042_000013,준식별자
서울특별시,023_0042,sample_023_0042_000013,준식별자
강남구,023_0042,sample_023_0042_000013,준식별자
블록체인 스타트업,023_0042,sample_023_0042_000013,준식별자
KYC-00042,023_0042,sample_023_0042_000012,기밀정보
EX-ACCT-00042,023_0042,sample_023_0042_000025,기밀정보
EX-000-234567,023_0042,sample_023_0042_000025,기밀정보
10.0.4.22,023_0042,sample_023_0042_000025,기밀정보
/srv/forensics/023_0042/logs,023_0042,sample_023_0042_000025,기밀정보
박승일,023_0043,sample_023_0043_000002,개인정보
서울특별시,023_0043,sample_023_0043_000003,준식별자
1988-05-12,023_0043,sample_023_0043_000004,준식별자
블록체인랩스,023_0043,sample_023_0043_000005,준식별자
거래소 운영팀,023_0043,sample_023_0043_000005,준식별자
10.0.4.12,023_0043,sample_023_0043_000006,기밀정보
남성,023_0043,sample_023_0043_000007,준식별자
대한민국,023_0043,sample_023_0043_000007,준식별자
나제윤,023_0043,sample_023_0043_000020,개인정보
신태주,023_0044,sample_023_0044_000019,개인정보
곽지민,023_0044,sample_023_0044_000020,개인정보
2024-11-20,023_0044,sample_023_0044_000021,준식별자
서울특별시 강남구,023_0044,sample_023_0044_000022,준식별자
vpn.prod.internal,023_0044,sample_023_0044_000018,기밀정보
admin_prod,023_0044,sample_023_0044_000018,기밀정보
/internal/audit/2025/Q1/report.pdf,023_0044,sample_023_0044_000023,기밀정보
김유로,023_0045,sample_023_0045_000012,개인정보
서울특별시 강남구,023_0045,sample_023_0045_000013,준식별자
1990년 06월 15일,023_0045,sample_023_0045_000014,준식별자
계좌번호 123-456-7890,023_0045,sample_023_0045_000015,기밀정보
192.168.100.12,023_0045,sample_023_0045_000016,기밀정보
전태상,023_0045,sample_023_0045_000026,개인정보
최승곤,023_0045,sample_023_0045_000027,개인정보
진윤재,023_0046,sample_023_0046_000021,개인정보
원찬미,023_0046,sample_023_0046_000022,개인정보
서울특별시,023_0046,sample_023_0046_000023,준식별자
1988-07-15,023_0046,sample_023_0046_000023,준식별자
10.0.0.42,023_0046,sample_023_0046_000028,기밀정보
/internal/docs/procure.pdf,023_0046,sample_023_0046_000028,기밀정보
안준수,023_0047,sample_023_0047_000015,개인정보
민리안,023_0047,sample_023_0047_000020,개인정보
서울특별시,023_0047,sample_023_0047_000012,준식별자
강남구,023_0047,sample_023_0047_000012,준식별자
2026-01-05T14:23:11Z,023_0047,sample_023_0047_000003,준식별자
****-****-1234,023_0047,sample_023_0047_000016,기밀정보
10.8.0.5,023_0047,sample_023_0047_000019,기밀정보
내부 결재선,023_0047,sample_023_0047_000015,기밀정보
배보미,023_0048,sample_023_0048_000025,개인정보
나창민,023_0048,sample_023_0048_000026,개인정보
생년월일: 1990-05-21,023_0048,sample_023_0048_000027,준식별자
성별: 여성,023_0048,sample_023_0048_000027,준식별자
주소: 서울특별시 강남구,023_0048,sample_023_0048_000027,준식별자
10.4.8.12,023_0048,sample_023_0048_000024,기밀정보
vpn.internal.example,023_0048,sample_023_0048_000024,기밀정보
레벨2(검증완료),023_0049,sample_023_0049_000019,기밀정보
김리우,023_0049,sample_023_0049_000021,개인정보
서울특별시,023_0049,sample_023_0049_000020,준식별자
강남구,023_0049,sample_023_0049_000020,준식별자
방택근,023_0049,sample_023_0049_000022,개인정보
10.0.0.5,023_0049,sample_023_0049_000023,기밀정보
****5678,023_0049,sample_023_0049_000024,기밀정보
유민우,023_0050,sample_023_0050_000004,개인정보
사번: 20234,023_0050,sample_023_0050_000004,개인정보
wallet_0x4f3ab9cdeffedcba0000000000000000f12a,023_0050,sample_023_0050_000005,개인정보
wallet_0xa1b2c3d4e5f6789000000000000000000b9c8,023_0050,sample_023_0050_000006,개인정보
rpc.internal.node.prod.local,023_0050,sample_023_0050_000021,기밀정보
10.1.2.3,023_0050,sample_023_0050_000022,기밀정보
/var/secure/audit/tx-202501.pdf,023_0050,sample_023_0050_000023,기밀정보
1986-04-12,023_0050,sample_023_0050_000024,준식별자
서울특별시 강남구,023_0050,sample_023_0050_000024,준식별자
AlphaChain Ltd.,023_0050,sample_023_0050_000024,준식별자
전윤도,023_0051,sample_023_0051_000016,개인정보
주선용,023_0051,sample_023_0051_000017,개인정보
1985,023_0051,sample_023_0051_000017,준식별자
07,023_0051,sample_023_0051_000017,준식별자
남성,023_0051,sample_023_0051_000017,준식별자
서울특별시,023_0051,sample_023_0051_000017,준식별자
강남구,023_0051,sample_023_0051_000017,준식별자
10.0.0.12,023_0051,sample_023_0051_000019,기밀정보
/srv/node/secret,023_0051,sample_023_0051_000019,기밀정보
계좌번호 끝자리 1234,023_0051,sample_023_0051_000024,기밀정보
10.10.10.5,023_0052,sample_023_0052_000021,기밀정보
우효승,023_0052,sample_023_0052_000023,개인정보
1987-05-12,023_0052,sample_023_0052_000024,준식별자
정이윤,023_0053,sample_023_0053_000012,개인정보
서울특별시 강남구,023_0053,sample_023_0053_000013,준식별자
신수림,023_0053,sample_023_0053_000014,개인정보
1990-05-14,023_0053,sample_023_0053_000014,준식별자
reviewer@synthetic-example.com,023_0053,sample_023_0053_000015,개인정보
010-1234-5678,023_0053,sample_023_0053_000016,개인정보
123-456-789012,023_0053,sample_023_0053_000017,기밀정보
10.0.4.12,023_0053,sample_023_0053_000018,기밀정보
장준희,023_0053,sample_023_0053_000019,개인정보
사번 2020456,023_0053,sample_023_0053_000020,개인정보
스마트컨트랙트 개발자,023_0053,sample_023_0053_000021,준식별자
부산광역시 해운대구,023_0053,sample_023_0053_000022,준식별자
나서완,023_0053,sample_023_0053_000023,개인정보
1988-12-03,023_0053,sample_023_0053_000023,준식별자
신수림,023_0053,sample_023_0053_000029,개인정보
compliance@synthetic-example.com,023_0053,sample_023_0053_000030,개인정보
손효진,023_0054,sample_023_0054_000019,개인정보
서울특별시,023_0054,sample_023_0054_000019,준식별자
강남구,023_0054,sample_023_0054_000019,준식별자
1990,023_0054,sample_023_0054_000019,준식별자
05,023_0054,sample_023_0054_000019,준식별자
22,023_0054,sample_023_0054_000019,준식별자
https://intranet.acme/audit/rep-2025,023_0054,sample_023_0054_000023,기밀정보
10.200.30.40,023_0054,sample_023_0054_000029,기밀정보
110-1234-5678,023_0054,sample_023_0054_000029,기밀정보
민호성,023_0055,sample_023_0055_000007,개인정보
송미혜,023_0055,sample_023_0055_000008,개인정보
사번: EMP-2024-0099,023_0055,sample_023_0055_000009,개인정보
1985-07-13,023_0055,sample_023_0055_000010,준식별자
남성,023_0055,sample_023_0055_000010,준식별자
서울특별시,023_0055,sample_023_0055_000010,준식별자
강남구,023_0055,sample_023_0055_000010,준식별자
직업: 데이터 엔지니어,023_0055,sample_023_0055_000011,준식별자
0xHASHED_1a2b3c,023_0056,sample_023_0056_000004,개인정보
0xHASHED_4d5e6f,023_0056,sample_023_0056_000004,개인정보
0xHASHED_4d5e6f,023_0056,sample_023_0056_000008,개인정보
0xHASHED_1a2b3c,023_0056,sample_023_0056_000018,개인정보
0xHASHED_4d5e6f,023_0056,sample_023_0056_000018,개인정보
윤신우,023_0056,sample_023_0056_000015,개인정보
지보겸,023_0056,sample_023_0056_000016,개인정보
1992-08-15,023_0056,sample_023_0056_000016,준식별자
서울특별시 강남구,023_0056,sample_023_0056_000017,준식별자
주상완,023_0056,sample_023_0056_000023,개인정보
1990-05-21,023_0056,sample_023_0056_000023,준식별자
백세아,023_0057,sample_023_0057_000019,개인정보
0xFAKEADDR000000000000000000000000000001,023_0057,sample_023_0057_000004,준식별자
0xFAKEADDR000000000000000000000000000002,023_0057,sample_023_0057_000005,준식별자
EXCHANGE-XYZ,023_0057,sample_023_0057_000017,기밀정보
ORD-20260107-0001,023_0057,sample_023_0057_000017,기밀정보
KYC_STATUS: VERIFIED,023_0057,sample_023_0057_000018,기밀정보
심재철,023_0058,sample_023_0058_000017,개인정보
전유은,023_0058,sample_023_0058_000018,개인정보
1988-07-14,023_0058,sample_023_0058_000019,준식별자
서울특별시 강남구,023_0058,sample_023_0058_000019,준식별자
데이터 엔지니어,023_0058,sample_023_0058_000020,준식별자
EXCH-00012345,023_0058,sample_023_0058_000021,기밀정보
10.0.0.5,023_0058,sample_023_0058_000022,기밀정보
000-111-222333,023_0058,sample_023_0058_000023,기밀정보
CEX-ACC-17,023_0059,sample_023_0059_000016,기밀정보
kyc_status=제출완료,023_0059,sample_023_0059_000017,기밀정보
validator-node-17,023_0059,sample_023_0059_000019,기밀정보
서울특별시,023_0059,sample_023_0059_000025,준식별자
안희연,023_0059,sample_023_0059_000026,개인정보
데이터 엔지니어,023_0059,sample_023_0059_000026,준식별자
오지태,023_0059,sample_023_0059_000026,개인정보
CEX-ACC-17,023_0059,sample_023_0059_000029,기밀정보
validator-node-17,023_0059,sample_023_0059_000029,기밀정보
공이엘,023_0060,sample_023_0060_000016,개인정보
1990-05-14,023_0060,sample_023_0060_000016,준식별자
여성,023_0060,sample_023_0060_000016,준식별자
서울특별시 강남구,023_0060,sample_023_0060_000016,준식별자
거래소 트레이더,023_0060,sample_023_0060_000016,준식별자
류세담,023_0060,sample_023_0060_000017,개인정보
우윤겸,023_0060,sample_023_0060_000017,개인정보
허희선,023_0060,sample_023_0060_000017,개인정보
****1234,023_0060,sample_023_0060_000018,기밀정보
10.254.0.12,023_0060,sample_023_0060_000019,기밀정보
admin_omega,023_0060,sample_023_0060_000019,기밀정보
https://intra.corp.local,023_0060,sample_023_0060_000019,기밀정보
주정환,023_0061,sample_023_0061_000003,개인정보
민진희,023_0061,sample_023_0061_000005,개인정보
1988-03-12,023_0061,sample_023_0061_000005,준식별자
여성,023_0061,sample_023_0061_000005,준식별자
서울특별시 서대문구,023_0061,sample_023_0061_000005,준식별자
원이서,023_0061,sample_023_0061_000009,개인정보
박이삭,023_0061,sample_023_0061_000010,개인정보
데이터 엔지니어,023_0061,sample_023_0061_000010,준식별자
10.10.10.5,023_0061,sample_023_0061_000011,기밀정보
ACCT-987654321,023_0061,sample_023_0061_000011,기밀정보
신강연,023_0061,sample_023_0061_000013,개인정보
1992-11-05,023_0061,sample_023_0061_000013,준식별자
남성,023_0061,sample_023_0061_000013,준식별자
부산광역시 해운대구,023_0061,sample_023_0061_000013,준식별자
주호경,023_0061,sample_023_0061_000015,개인정보
허한설,023_0061,sample_023_0061_000016,개인정보
고대헌,023_0061,sample_023_0061_000017,개인정보
트레이더,023_0061,sample_023_0061_000017,준식별자
안수리,023_0061,sample_023_0061_000018,개인정보
인천광역시 남동구,023_0061,sample_023_0061_000018,준식별자
최강이,023_0061,sample_023_0061_000019,개인정보
1975-01-01,023_0061,sample_023_0061_000019,준식별자
s3://confidential-bucket/internal-logs/2025/transactions.log,023_0061,sample_023_0061_000020,기밀정보
노이건,023_0061,sample_023_0061_000021,개인정보
사번 20251234,023_0061,sample_023_0061_000021,개인정보
0xA1B2C3D4E5F60000000000000000000000000001,023_0062,sample_023_0062_000006,개인정보
0xFFEE001122334455667788990000000000000002,023_0062,sample_023_0062_000006,개인정보
서울특별시 강남구,023_0062,sample_023_0062_000019,준식별자
1990-05-21,023_0062,sample_023_0062_000019,준식별자
데이터 엔지니어,023_0062,sample_023_0062_000019,준식별자
한예현,023_0062,sample_023_0062_000020,개인정보
사번 2024-0456,023_0062,sample_023_0062_000020,개인정보
vpn.corp.internal,023_0062,sample_023_0062_000026,기밀정보
계좌번호 000-123456-789,023_0062,sample_023_0062_000026,기밀정보
192.0.2.45,023_0063,sample_023_0063_000020,기밀정보
EX-ACC-00012345,023_0063,sample_023_0063_000021,기밀정보
류태일,023_0063,sample_023_0063_000022,개인정보
1985-07-21,023_0063,sample_023_0063_000022,준식별자
서울특별시,023_0063,sample_023_0063_000022,준식별자
강남구,023_0063,sample_023_0063_000022,준식별자
역삼동,023_0063,sample_023_0063_000022,준식별자
노래현,023_0063,sample_023_0063_000023,개인정보
부산광역시,023_0063,sample_023_0063_000023,준식별자
해운대구,023_0063,sample_023_0063_000023,준식별자
정하나,023_0063,sample_023_0063_000024,개인정보
svc_blockchain,023_0063,sample_023_0063_000025,기밀정보
admin_key_hash=0x7f4a9c3b00000000000000000000000000000000,023_0063,sample_023_0063_000026,기밀정보
KYC-2025-009,023_0064,sample_023_0064_000015,기밀정보
안아엘,023_0064,sample_023_0064_000016,개인정보
강해원,023_0064,sample_023_0064_000017,개인정보
손현,023_0064,sample_023_0064_000019,개인정보
서울특별시 종로구,023_0064,sample_023_0064_000020,준식별자
1985년 06월 15일,023_0064,sample_023_0064_000021,준식별자
거래소 준법감시인,023_0064,sample_023_0064_000021,준식별자
https://internal.example.local/api/v1/tx,023_0064,sample_023_0064_000022,기밀정보
10.8.0.12,023_0064,sample_023_0064_000022,기밀정보
000-111222-33,023_0064,sample_023_0064_000023,기밀정보
KYC-2025-0001,023_0065,sample_023_0065_000014,기밀정보
10.10.0.5,023_0065,sample_023_0065_000020,기밀정보
/opt/secrets/keystore.db,023_0065,sample_023_0065_000020,기밀정보
vpn.internal.corp,023_0065,sample_023_0065_000020,기밀정보
/internal/reports/q1_blockchain_analysis.pdf,023_0065,sample_023_0065_000025,기밀정보
문영윤,023_0065,sample_023_0065_000021,개인정보
박세인,023_0065,sample_023_0065_000022,개인정보
1985-06-12,023_0065,sample_023_0065_000023,준식별자
남성,023_0065,sample_023_0065_000023,준식별자
서울특별시,023_0065,sample_023_0065_000023,준식별자
EMP-7890,023_0065,sample_023_0065_000024,개인정보
원윤찬,023_0066,sample_023_0066_000003,개인정보
내부 결재선: 원대성 승인(비공개),023_0066,sample_023_0066_000005,기밀정보
원대성,023_0066,sample_023_0066_000005,개인정보
10.0.0.5,023_0066,sample_023_0066_000006,기밀정보
********1234,023_0066,sample_023_0066_000007,기밀정보
온체인 포렌식 분석가,023_0066,sample_023_0066_000012,준식별자
문세진,023_0066,sample_023_0066_000012,개인정보
서울특별시 강남구,023_0066,sample_023_0066_000013,준식별자
원대성,023_0066,sample_023_0066_000023,개인정보
0xDEADBEEF00000000000000000000000000000001,023_0067,sample_023_0067_000006,개인정보
0xBADDCAFE00000000000000000000000000000002,023_0067,sample_023_0067_000006,개인정보
차루하,023_0067,sample_023_0067_000021,개인정보
문유민,023_0067,sample_023_0067_000022,개인정보
차태석,023_0067,sample_023_0067_000023,개인정보
남성,023_0067,sample_023_0067_000024,준식별자
1980년 05월 12일,023_0067,sample_023_0067_000024,준식별자
서울특별시 강남구,023_0067,sample_023_0067_000024,준식별자
데이터 엔지니어,023_0067,sample_023_0067_000024,준식별자
10.0.0.12,023_0067,sample_023_0067_000025,기밀정보
정정연,023_0068,sample_023_0068_000015,개인정보
정정연,023_0068,sample_023_0068_000016,개인정보
1988-05-12,023_0068,sample_023_0068_000016,준식별자
여성,023_0068,sample_023_0068_000016,준식별자
서울특별시 강남구,023_0068,sample_023_0068_000016,준식별자
KYC-000123,023_0068,sample_023_0068_000016,개인정보
http://10.10.10.5:8545/private,023_0068,sample_023_0068_000023,기밀정보
/var/internal/keys/config.yaml,023_0068,sample_023_0068_000023,기밀정보
내부전략_2025Q1.pdf,023_0068,sample_023_0068_000024,기밀정보
최소원,023_0068,sample_023_0068_000027,개인정보
백선아,023_0069,sample_023_0069_000024,개인정보
데이터 엔지니어,023_0069,sample_023_0069_000024,준식별자
서울특별시,023_0069,sample_023_0069_000025,준식별자
계좌번호: ****-****-0001,023_0069,sample_023_0069_000026,기밀정보
내부서버IP=10.10.10.10,023_0069,sample_023_0069_000027,기밀정보
admin.synth,023_0069,sample_023_0069_000027,기밀정보
박샛별,023_0070,sample_023_0070_000002,개인정보
지성언,023_0070,sample_023_0070_000003,개인정보
010-1234-5678,023_0070,sample_023_0070_000004,개인정보
1985-07-12,023_0070,sample_023_0070_000005,준식별자
서울특별시 강남구,023_0070,sample_023_0070_000006,준식별자
110-222-333,023_0070,sample_023_0070_000007,기밀정보
10.10.10.11,023_0070,sample_023_0070_000008,기밀정보
addr_hash_0xA1B2C3,023_0070,sample_023_0070_000009,준식별자
addr_hash_0xA1B2C3,023_0070,sample_023_0070_000012,준식별자
addr_hash_0xD4E5F6,023_0070,sample_023_0070_000012,준식별자
문성태,023_0071,sample_023_0071_000021,개인정보
이메일,023_0071,sample_023_0071_000022,개인정보
1990 / 05 / 23,023_0071,sample_023_0071_000023,준식별자
서울특별시 강남구,023_0071,sample_023_0071_000024,준식별자
블록체인솔루션즈,023_0071,sample_023_0071_000025,준식별자
10.255.0.5,023_0071,sample_023_0071_000026,기밀정보
ops_admin,023_0071,sample_023_0071_000026,기밀정보
5678,023_0071,sample_023_0071_000027,기밀정보
송윤슬,023_0072,sample_023_0072_000016,개인정보
1990년 05월 21일,023_0072,sample_023_0072_000016,준식별자
서울특별시 강남구,023_0072,sample_023_0072_000016,준식별자
암호화폐 트레이더,023_0072,sample_023_0072_000016,준식별자
최데이비드,023_0072,sample_023_0072_000017,개인정보
1985년 07월 15일,023_0072,sample_023_0072_000017,준식별자
부산광역시 해운대구,023_0072,sample_023_0072_000017,준식별자
데이터 엔지니어,023_0072,sample_023_0072_000017,준식별자
custodial_wallet_07,023_0072,sample_023_0072_000019,기밀정보
admin_node_01,023_0072,sample_023_0072_000020,기밀정보
10.100.1.5,023_0072,sample_023_0072_000020,기밀정보
손기민,023_0073,sample_023_0073_000004,개인정보
1990-07-15,023_0073,sample_023_0073_000006,준식별자
대한민국,023_0073,sample_023_0073_000006,준식별자
재무담당자,023_0073,sample_023_0073_000006,준식별자
svc_node01_admin,023_0073,sample_023_0073_000019,기밀정보
/var/internal/audit/ledger_backup.tar.gz,023_0073,sample_023_0073_000020,기밀정보
ACCT-7629-01,023_0073,sample_023_0073_000021,기밀정보
KYC_STATUS: VERIFIED,023_0074,sample_023_0074_000018,기밀정보
이지빈,023_0074,sample_023_0074_000019,개인정보
박한용,023_0074,sample_023_0074_000020,개인정보
1990-07-21,023_0074,sample_023_0074_000021,준식별자
서울특별시 강남구,023_0074,sample_023_0074_000022,준식별자
192.168.0.34,023_0074,sample_023_0074_000023,기밀정보
/srv/node/ledger/private.db,023_0074,sample_023_0074_000023,기밀정보
operator01,023_0074,sample_023_0074_000024,기밀정보
유서진,023_0075,sample_023_0075_000004,개인정보
admin_username: admin_ops,023_0075,sample_023_0075_000005,기밀정보
node_rpc_ip: 192.168.100.25,023_0075,sample_023_0075_000006,기밀정보
addr_hash: ab12cd34ef56a7890bcd1234ef567890abcd1234567890efabcd1234567890ef,023_0075,sample_023_0075_000007,준식별자
전정명,023_0075,sample_023_0075_000012,개인정보
KYC_status: VERIFIED,023_0075,sample_023_0075_000015,기밀정보
order_id: EXCH-78901234,023_0075,sample_023_0075_000018,기밀정보
customer_ref: CUST-2021-000123,023_0075,sample_023_0075_000020,기밀정보
tax_report_id: TAX-2023-55,023_0075,sample_023_0075_000022,기밀정보
최서호,023_0076,sample_023_0076_000003,개인정보
EMP-2023-045,023_0076,sample_023_0076_000004,개인정보
1990-05-12,023_0076,sample_023_0076_000005,준식별자
서울특별시 강남구,023_0076,sample_023_0076_000006,준식별자
블록체인랩,023_0076,sample_023_0076_000007,준식별자
KYC-000987,023_0076,sample_023_0076_000008,개인정보
정영혜,023_0076,sample_023_0076_000010,개인정보
10.100.200.5,023_0076,sample_023_0076_000012,기밀정보
vpn.internal.corp,023_0076,sample_023_0076_000013,기밀정보
admin_user_01,023_0076,sample_023_0076_000014,기밀정보
권루아,023_0077,sample_023_0077_000002,개인정보
여성,023_0077,sample_023_0077_000003,준식별자
1990,023_0077,sample_023_0077_000004,준식별자
서울특별시,023_0077,sample_023_0077_000005,준식별자
강남구,023_0077,sample_023_0077_000006,준식별자
노드랩스,023_0077,sample_023_0077_000007,준식별자
10.0.0.5,023_0077,sample_023_0077_000008,기밀정보
/srv/node/config.yaml,023_0077,sample_023_0077_000009,기밀정보
강아엘,023_0077,sample_023_0077_000030,개인정보
엄소라,023_0077,sample_023_0077_000030,개인정보
천예헌,023_0078,sample_023_0078_000016,개인정보
남소진,023_0078,sample_023_0078_000017,개인정보
전현주,023_0078,sample_023_0078_000018,개인정보
서울특별시,023_0078,sample_023_0078_000019,준식별자
강남구,023_0078,sample_023_0078_000020,준식별자
역삼동,023_0078,sample_023_0078_000021,준식별자
1990,023_0078,sample_023_0078_000022,준식별자
05,023_0078,sample_023_0078_000023,준식별자
12,023_0078,sample_023_0078_000024,준식별자
IR-2025-07,023_0078,sample_023_0078_000025,기밀정보
10.0.0.12,023_0078,sample_023_0078_000026,기밀정보
천해원,023_0079,sample_023_0079_000018,개인정보
하민준,023_0079,sample_023_0079_000018,개인정보
나장환,023_0079,sample_023_0079_000019,개인정보
1990,023_0079,sample_023_0079_000019,준식별자
04,023_0079,sample_023_0079_000019,준식별자
15,023_0079,sample_023_0079_000019,준식별자
남성,023_0079,sample_023_0079_000019,준식별자
https://internal.audit.local/report/alpha,023_0079,sample_023_0079_000016,기밀정보
admin_node,023_0079,sample_023_0079_000017,기밀정보
10.0.0.5,023_0079,sample_023_0079_000017,기밀정보
KYC-2025-0001,023_0079,sample_023_0079_000020,기밀정보
http://10.0.0.7:8545,023_0079,sample_023_0079_000024,기밀정보
고현웅,023_0080,sample_023_0080_000025,개인정보
1985,023_0080,sample_023_0080_000025,준식별자
06,023_0080,sample_023_0080_000025,준식별자
15,023_0080,sample_023_0080_000025,준식별자
서울특별시,023_0080,sample_023_0080_000025,준식별자
강남구,023_0080,sample_023_0080_000025,준식별자
역삼동,023_0080,sample_023_0080_000025,준식별자
KYC-2025-0001,023_0080,sample_023_0080_000016,기밀정보
https://internal.audit.example/report/2025/alpha,023_0080,sample_023_0080_000017,기밀정보
10.0.0.5,023_0080,sample_023_0080_000023,기밀정보
****-****-1234,023_0080,sample_023_0080_000024,기밀정보
EX-ACCT-000123456,023_0081,sample_023_0081_000019,기밀정보
KYC_STATUS: VERIFIED(레벨: ID2),023_0081,sample_023_0081_000017,기밀정보
손채원,023_0081,sample_023_0081_000020,개인정보
우필준,023_0081,sample_023_0081_000020,개인정보
송의재,023_0081,sample_023_0081_000020,개인정보
1990-05-21,023_0081,sample_023_0081_000021,준식별자
서울특별시 강남구,023_0081,sample_023_0081_000021,준식별자
test.user+forensic@example.com,023_0081,sample_023_0081_000022,개인정보
010-0000-0000,023_0081,sample_023_0081_000022,개인정보
이태령,023_0082,sample_023_0082_000002,개인정보
서울특별시,023_0082,sample_023_0082_000005,준식별자
강남구,023_0082,sample_023_0082_000005,준식별자
하세연,023_0082,sample_023_0082_000010,개인정보
KYC: VERIFIED,023_0082,sample_023_0082_000010,기밀정보
10.1.4.22,023_0082,sample_023_0082_000012,기밀정보
KYC_STATUS: Suspicious,023_0082,sample_023_0082_000015,기밀정보
류현영,023_0082,sample_023_0082_000018,개인정보
내부 결재선,023_0082,sample_023_0082_000018,기밀정보
부산광역시,023_0082,sample_023_0082_000021,준식별자
해운대구,023_0082,sample_023_0082_000021,준식별자
1985-11-03,023_0082,sample_023_0082_000023,준식별자
FC-2024-09,023_0082,sample_023_0082_000026,기밀정보
안세현,023_0083,sample_023_0083_000002,개인정보
장동원,023_0083,sample_023_0083_000003,개인정보
1988-07-15,023_0083,sample_023_0083_000004,준식별자
성별: 남성,023_0083,sample_023_0083_000005,준식별자
직업: 데이터 엔지니어,023_0083,sample_023_0083_000005,준식별자
서울특별시 강남구,023_0083,sample_023_0083_000005,준식별자
KYC_ID: KYC-2023-0007,023_0083,sample_023_0083_000018,기밀정보
smart_contract_source=https://repo.example.com/contracts/ips-v1.sol,023_0083,sample_023_0083_000020,기밀정보
audit_report_link=https://audit.example.com/report/contract_v1,023_0083,sample_023_0083_000020,기밀정보
내부 서버 IP: 10.100.200.5,023_0083,sample_023_0083_000023,기밀정보
시스템 접속 계정: admin_master,023_0083,sample_023_0083_000023,기밀정보
내부 파일 경로: /srv/internal/ledger_secrets.db,023_0083,sample_023_0083_000023,기밀정보
류래원,023_0084,sample_023_0084_000013,개인정보
송세현,023_0084,sample_023_0084_000019,개인정보
남성,023_0084,sample_023_0084_000014,준식별자
1990-05-12,023_0084,sample_023_0084_000014,준식별자
서울특별시,023_0084,sample_023_0084_000014,준식별자
데이터 엔지니어,023_0084,sample_023_0084_000014,준식별자
ACCT-EX-001,023_0084,sample_023_0084_000012,기밀정보
10.0.0.5,023_0084,sample_023_0084_000018,기밀정보
/var/log/forensics/session_202501.log,023_0084,sample_023_0084_000018,기밀정보
정이삭,023_0085,sample_023_0085_000003,개인정보
서울특별시,023_0085,sample_023_0085_000006,준식별자
거래소 운영팀,023_0085,sample_023_0085_000007,준식별자
민요엘,023_0085,sample_023_0085_000009,개인정보
minyoel@example.com,023_0085,sample_023_0085_000009,개인정보
10.8.0.5,023_0085,sample_023_0085_000012,기밀정보
123-456789-01,023_0085,sample_023_0085_000014,기밀정보
/srv/internal/kyc/2025/Q1/민요엘.pdf,023_0085,sample_023_0085_000016,기밀정보
민요엘,023_0085,sample_023_0085_000016,개인정보
나준협,023_0086,sample_023_0086_000003,개인정보
KYC 상태: 승인(Enhanced),023_0086,sample_023_0086_000004,기밀정보
서울특별시 강남구,023_0086,sample_023_0086_000005,준식별자
1990년 05월 12일,023_0086,sample_023_0086_000006,준식별자
직업: 블록체인 데이터 엔지니어,023_0086,sample_023_0086_000007,준식별자
10.1.4.12,023_0086,sample_023_0086_000008,기밀정보
계정번호: ACCT-9988,023_0086,sample_023_0086_000012,기밀정보
정성윤,023_0087,sample_023_0087_000002,개인정보
노정운,023_0087,sample_023_0087_000003,개인정보
https://audit.internal/report/023,023_0087,sample_023_0087_000018,기밀정보
모니터링 서버 IP 10.0.4.12,023_0087,sample_023_0087_000019,기밀정보
vpn.internal.example,023_0087,sample_023_0087_000019,기밀정보
/secure/wallets/management.md,023_0087,sample_023_0087_000020,기밀정보
wallet_type: custodial,023_0087,sample_023_0087_000021,기밀정보
kyc_status: 레벨2(검증완료),023_0087,sample_023_0087_000021,기밀정보
리스크 스코어: 0.78,023_0087,sample_023_0087_000021,기밀정보
사내 결재 ‘CFO 승인 필요’,023_0087,sample_023_0087_000023,기밀정보
정성윤,023_0087,sample_023_0087_000024,개인정보
KYC_REF_2025_0007,023_0088,sample_023_0088_000013,개인정보
윤이온,023_0088,sample_023_0088_000014,개인정보
신우태,023_0088,sample_023_0088_000015,개인정보
민동섭,023_0088,sample_023_0088_000016,개인정보
서울특별시 강남구,023_0088,sample_023_0088_000013,준식별자
0xA1B2C3D4E5F6A7B8C9D0E1F2A3B4C5D6E7F9E8 (anonymized hashed address),023_0088,sample_023_0088_000005,준식별자
0xBA5ECAFE1234567890ABCDEF0000D00D (anonymized hashed address),023_0088,sample_023_0088_000006,준식별자
0xDEADBEEFCAFEBABE0000111122223333FEED (anonymized),023_0088,sample_023_0088_000007,준식별자
https://internal-audit.local/report/SC-2025-07,023_0088,sample_023_0088_000017,기밀정보
10.0.4.12,023_0088,sample_023_0088_000021,기밀정보
박규한,023_0089,sample_023_0089_000002,개인정보
박규한,023_0089,sample_023_0089_000003,개인정보
남성,023_0089,sample_023_0089_000003,준식별자
1986,023_0089,sample_023_0089_000003,준식별자
07,023_0089,sample_023_0089_000003,준식별자
15,023_0089,sample_023_0089_000003,준식별자
서울특별시,023_0089,sample_023_0089_000003,준식별자
강남구,023_0089,sample_023_0089_000003,준식별자
임용선,023_0089,sample_023_0089_000008,개인정보
비공개 결재선,023_0089,sample_023_0089_000008,기밀정보
10.10.10.10,023_0089,sample_023_0089_000010,기밀정보
진민정,023_0089,sample_023_0089_000024,개인정보
최영후,023_0089,sample_023_0089_000027,개인정보
고예랑,023_0090,sample_023_0090_000021,개인정보
황지헌,023_0090,sample_023_0090_000022,개인정보
방현승,023_0090,sample_023_0090_000030,개인정보
사번: 20231234,023_0090,sample_023_0090_000025,개인정보
서울특별시,023_0090,sample_023_0090_000012,준식별자
블록체인포렌식랩,023_0090,sample_023_0090_000022,준식별자
/var/keys/internal,023_0090,sample_023_0090_000023,기밀정보
vpn.internal.local,023_0090,sample_023_0090_000024,기밀정보
송정운,023_0091,sample_023_0091_000012,개인정보
1990-03-15,023_0091,sample_023_0091_000013,준식별자
서울특별시 강남구,023_0091,sample_023_0091_000013,준식별자
데이터 엔지니어,023_0091,sample_023_0091_000014,준식별자
test.user@example.com,023_0091,sample_023_0091_000015,개인정보
010-1234-5678,023_0091,sample_023_0091_000015,개인정보
10.0.0.5,023_0091,sample_023_0091_000021,기밀정보
ops_admin,023_0091,sample_023_0091_000021,기밀정보
계좌번호 000-123456-01,023_0091,sample_023_0091_000022,기밀정보
0xHASHED_1a2b3c4d5e,023_0092,sample_023_0092_000005,개인정보
0xHASHED_9f8e7d6c5b,023_0092,sample_023_0092_000005,개인정보
ORD-EX-20260107-00042,023_0092,sample_023_0092_000016,기밀정보
KYC_STATUS: VERIFIED,023_0092,sample_023_0092_000018,기밀정보
198.51.100.14,023_0092,sample_023_0092_000023,기밀정보
공기태,023_0092,sample_023_0092_000025,개인정보
류광석,023_0092,sample_023_0092_000025,개인정보
유예봄,023_0092,sample_023_0092_000025,개인정보
우아엘,023_0093,sample_023_0093_000006,개인정보
안인경,023_0093,sample_023_0093_000007,개인정보
성별: 남성,023_0093,sample_023_0093_000008,준식별자
생년월일(연): 1988,023_0093,sample_023_0093_000009,준식별자
시군구: 서울특별시 강남구,023_0093,sample_023_0093_000010,준식별자
KYC 상태: VERIFIED,023_0093,sample_023_0093_000021,기밀정보
내부 감사보고서: CONFIDENTIAL_AUDIT_2025.pdf,023_0093,sample_023_0093_000022,기밀정보
조찬진,023_0094,sample_023_0094_000003,개인정보
최유연,023_0094,sample_023_0094_000004,개인정보
강남구,023_0094,sample_023_0094_000017,준식별자
1985-06-15,023_0094,sample_023_0094_000017,준식별자
10.0.0.5,023_0094,sample_023_0094_000024,기밀정보
C:\internal\deployment\secret-plan.docx,023_0094,sample_023_0094_000025,기밀정보
0xHASHED_A1B2C3D4E5F6,023_0095,sample_023_0095_000004,준식별자
0xHASHED_DDCCBBAA1122,023_0095,sample_023_0095_000004,준식별자
임가호,023_0095,sample_023_0095_000007,개인정보
공종성,023_0095,sample_023_0095_000012,개인정보
문힘찬,023_0095,sample_023_0095_000016,개인정보
node-admin,023_0095,sample_023_0095_000018,기밀정보
https://internal-backoffice.example.local,023_0095,sample_023_0095_000021,기밀정보
1990-05-21,023_0095,sample_023_0095_000022,준식별자
서울특별시 강남구,023_0095,sample_023_0095_000023,준식별자
결제계좌: 1234-****-5678,023_0095,sample_023_0095_000024,기밀정보
KYC_ID: KYC-0095,023_0095,sample_023_0095_000025,기밀정보
성이원,023_0095,sample_023_0095_000026,개인정보
안은율,023_0095,sample_023_0095_000027,개인정보
황혜주,023_0095,sample_023_0095_000028,개인정보
나채운,023_0096,sample_023_0096_000003,개인정보
nachaeun@example.test,023_0096,sample_023_0096_000003,개인정보
010-1234-5678,023_0096,sample_023_0096_000003,개인정보
1990년,023_0096,sample_023_0096_000004,준식별자
05월,023_0096,sample_023_0096_000004,준식별자
21일,023_0096,sample_023_0096_000004,준식별자
여성,023_0096,sample_023_0096_000004,준식별자
서울특별시,023_0096,sample_023_0096_000004,준식별자
강남구,023_0096,sample_023_0096_000004,준식별자
데이터 엔지니어,023_0096,sample_023_0096_000004,준식별자
박해연,023_0096,sample_023_0096_000006,개인정보
권윤나,023_0096,sample_023_0096_000008,개인정보
192.0.2.45,023_0096,sample_023_0096_000010,기밀정보
/srv/private/keystore/,023_0096,sample_023_0096_000010,기밀정보
110-1234-5678,023_0096,sample_023_0096_000010,기밀정보
남세온,023_0097,sample_023_0097_000030,개인정보
윤엘,023_0097,sample_023_0097_000030,개인정보
anon_addr_0xA3F...9B7,023_0097,sample_023_0097_000004,준식별자
anon_addr_0xD4E...5C2,023_0097,sample_023_0097_000004,준식별자
contract_0xC0FF...EE1,023_0097,sample_023_0097_000011,준식별자
KYC_VERIFICATION: PASSED,023_0097,sample_023_0097_000017,기밀정보
EXCH_ORDER_20251101_0003,023_0097,sample_023_0097_000015,기밀정보
node_ip: 10.0.0.5,023_0097,sample_023_0097_000023,기밀정보
owner_backdoor: true,023_0097,sample_023_0097_000020,기밀정보
차세완,023_0098,sample_023_0098_000016,개인정보
장우정,023_0098,sample_023_0098_000016,개인정보
성별: 남,023_0098,sample_023_0098_000017,준식별자
생년월일: 1985-07-23,023_0098,sample_023_0098_000017,준식별자
서울특별시 강남구,023_0098,sample_023_0098_000017,준식별자
010-1234-5678,023_0098,sample_023_0098_000018,개인정보
사번(내부): 20231234,023_0098,sample_023_0098_000019,개인정보
kyc_status: VERIFIED,023_0098,sample_023_0098_000015,기밀정보
192.168.100.5,023_0098,sample_023_0098_000025,기밀정보
/srv/blockchain/keys/keystore.json,023_0098,sample_023_0098_000025,기밀정보
https://internal.example.local/report,023_0098,sample_023_0098_000026,기밀정보
KYC-2025-0099,023_0099,sample_023_0099_000016,기밀정보
장유비,023_0099,sample_023_0099_000017,개인정보
10.0.0.5,023_0099,sample_023_0099_000019,기밀정보
/srv/internal/keys_rotation.md,023_0099,sample_023_0099_000020,기밀정보
1002-123456-78,023_0099,sample_023_0099_000021,기밀정보
20241234,023_0099,sample_023_0099_000022,개인정보
010-1234-5678,023_0099,sample_023_0099_000023,개인정보
juvi@example.test,023_0099,sample_023_0099_000023,개인정보
1990년 05월 12일,023_0099,sample_023_0099_000024,준식별자
서울특별시 강남구,023_0099,sample_023_0099_000024,준식별자
구창수,023_0100,sample_023_0100_000023,개인정보
서서안,023_0100,sample_023_0100_000024,개인정보
김연하,023_0100,sample_023_0100_000025,개인정보
주승환,023_0100,sample_023_0100_000026,개인정보
채대현,023_0100,sample_023_0100_000028,개인정보
서서안,023_0100,sample_023_0100_000029,개인정보
kyc_status: VERIFIED,023_0100,sample_023_0100_000013,기밀정보
risk_score: 78,023_0100,sample_023_0100_000014,기밀정보
노드_IP: 203.0.113.45,023_0100,sample_023_0100_000027,기밀정보
