{
    "document_id": "081_0087",
    "document_title": "원격 근무자 및 디지털 노마드 운영·법무·결제 통합 보고서",
    "data": [
        {
            "sentence": "본 문서는 원격 근무 및 디지털 노마드 플랫폼의 운영, 법무, 결제, 규정 준수 요구사항을 종합하여 기술한 내부 운영 보고서입니다.",
            "id": "sample_081_0087_000001",
            "annotations": []
        },
        {
            "sentence": "사용자 프로필 요약: 이름 엄리율, 연락처 um_081@example.com, 휴대폰 010-0000-0001, 생년월일 1990-05-14, 성별 여성, 국적 대한민국, 직무 데이터 엔지니어로 등록되어 있습니다.",
            "id": "sample_081_0087_000002",
            "annotations": [
                {
                    "word": "엄리율",
                    "start": 15,
                    "end": 18,
                    "label": "개인정보"
                },
                {
                    "word": "um_081@example.com",
                    "start": 24,
                    "end": 42,
                    "label": "개인정보"
                },
                {
                    "word": "010-0000-0001",
                    "start": 48,
                    "end": 61,
                    "label": "개인정보"
                },
                {
                    "word": "1990-05-14",
                    "start": 68,
                    "end": 78,
                    "label": "준식별자"
                },
                {
                    "word": "여성",
                    "start": 83,
                    "end": 85,
                    "label": "준식별자"
                },
                {
                    "word": "대한민국",
                    "start": 90,
                    "end": 94,
                    "label": "준식별자"
                },
                {
                    "word": "데이터 엔지니어",
                    "start": 99,
                    "end": 107,
                    "label": "준식별자"
                }
            ]
        },
        {
            "sentence": "신분증 및 여권 정보: 여권번호 P-081-0001, 발급일 2018-06-01 UTC, 만료일 2028-06-01 UTC (표시용 타임존: Asia/Seoul)로 저장되어 있습니다.",
            "id": "sample_081_0087_000003",
            "annotations": [
                {
                    "word": "P-081-0001",
                    "start": 18,
                    "end": 28,
                    "label": "개인정보"
                },
                {
                    "word": "2018-06-01",
                    "start": 34,
                    "end": 44,
                    "label": "준식별자"
                },
                {
                    "word": "2028-06-01",
                    "start": 54,
                    "end": 64,
                    "label": "준식별자"
                }
            ]
        },
        {
            "sentence": "KYC 문서: 주민등록 또는 식별 토큰 RRN-081-900514가 플랫폼의 암호화 저장소에 토큰화되어 보관되며 consent_record 참조가 연동되어 있습니다.",
            "id": "sample_081_0087_000004",
            "annotations": [
                {
                    "word": "RRN-081-900514",
                    "start": 22,
                    "end": 36,
                    "label": "개인정보"
                }
            ]
        },
        {
            "sentence": "비자 및 체류 상태는 상태 머신으로 관리되며 예시 흐름은 applied -> granted -> expired로 정의되어 있고 비자 ID는 VISA-081-2024로 연계됩니다.",
            "id": "sample_081_0087_000005",
            "annotations": []
        },
        {
            "sentence": "근로계약 및 지급 정보: 계약서 CTR-081-0001이 /srv/contracts 경로에 보관되어 있으며 지급 계좌 KR01-123456789012으로 정기 지급이 설정되어 있고 last_modified_by 권선우, last_modified_at 2026-01-15T08:00:00Z로 기록됩니다.",
            "id": "sample_081_0087_000006",
            "annotations": [
                {
                    "word": "KR01-123456789012",
                    "start": 66,
                    "end": 83,
                    "label": "기밀정보"
                },
                {
                    "word": "권선우",
                    "start": 118,
                    "end": 121,
                    "label": "개인정보"
                }
            ]
        },
        {
            "sentence": "근무 가능 시간대는 UTC로 저장되며 사용자 인터페이스에는 IANA 타임존을 병기합니다; 예: 가용성 2026-01-20T09:00:00Z (Asia/Seoul) 표기 규약을 따릅니다.",
            "id": "sample_081_0087_000007",
            "annotations": []
        },
        {
            "sentence": "위치 이력 샘플: 2026-01-18T14:23:00Z 체크인 서울특별시, 강남구, 좌표(37.4979,127.0276) 형태로 UTC 기준 타임스탬프와 함께 기록됩니다.",
            "id": "sample_081_0087_000008",
            "annotations": [
                {
                    "word": "서울특별시",
                    "start": 35,
                    "end": 40,
                    "label": "준식별자"
                },
                {
                    "word": "강남구",
                    "start": 42,
                    "end": 45,
                    "label": "준식별자"
                }
            ]
        },
        {
            "sentence": "숙소 예약 기록: 예약 BOOK-081-3001은 숙소 주소 서울특별시 강남구 테헤란로 50-1 301호로 연결되며 결제카드 4111-****-****-1111로 선결제 처리되었습니다.",
            "id": "sample_081_0087_000009",
            "annotations": [
                {
                    "word": "서울특별시 강남구 테헤란로 50-1 301호",
                    "start": 34,
                    "end": 58,
                    "label": "개인정보"
                },
                {
                    "word": "4111-****-****-1111",
                    "start": 70,
                    "end": 89,
                    "label": "기밀정보"
                }
            ]
        },
        {
            "sentence": "코워킹 예약 예시: 2026-01-10부터 2026-01-12까지 부산광역시 해운대구 센텀로 40의 공유오피스 좌석 예약이 처리되었고 체크인/체크아웃은 UTC로 기록됩니다.",
            "id": "sample_081_0087_000010",
            "annotations": [
                {
                    "word": "부산광역시",
                    "start": 37,
                    "end": 42,
                    "label": "준식별자"
                },
                {
                    "word": "해운대구",
                    "start": 43,
                    "end": 47,
                    "label": "준식별자"
                }
            ]
        },
        {
            "sentence": "인보이스 및 결제 체인: 송장 INV-081-1001이 생성되었고 환불 REF-081-2001은 동일한 지급 계좌 KR01-123456789012로 송금 체인이 연결되어 있습니다; 통화 KRW, VAT 10%가 적용됩니다.",
            "id": "sample_081_0087_000011",
            "annotations": [
                {
                    "word": "KR01-123456789012",
                    "start": 64,
                    "end": 81,
                    "label": "기밀정보"
                }
            ]
        },
        {
            "sentence": "세무 거주 기록: 납세자 식별 TAX-081-0001로 등록되었으며 거주국가는 대한민국으로 표기되어 원천징수 및 신고 로직 분기가 적용됩니다.",
            "id": "sample_081_0087_000012",
            "annotations": [
                {
                    "word": "TAX-081-0001",
                    "start": 17,
                    "end": 29,
                    "label": "개인정보"
                }
            ]
        },
        {
            "sentence": "지역 규제 준수 문서의 저장 경로 예시는 내부 경로 /srv/compliance/kor/081_0087/report.pdf로 관리되며 접근 제어와 감사 로그가 적용됩니다.",
            "id": "sample_081_0087_000013",
            "annotations": [
                {
                    "word": "/srv/compliance/kor/081_0087/report.pdf",
                    "start": 29,
                    "end": 68,
                    "label": "기밀정보"
                }
            ]
        },
        {
            "sentence": "보험 연계 정보: 보험사 계약 INS-081-55가 발행되었고 보험가입자 명단에 엄리율 이름으로 보장 범위와 보상 절차가 연결되어 있습니다.",
            "id": "sample_081_0087_000014",
            "annotations": [
                {
                    "word": "엄리율",
                    "start": 45,
                    "end": 48,
                    "label": "개인정보"
                }
            ]
        },
        {
            "sentence": "연결성 메트릭 샘플: 측정 시점 2026-01-20T07:12:00Z에서 대역폭 45 Mbps, 지연 80 ms, 관측된 IP 203.0.113.45로 모니터링 되었습니다.",
            "id": "sample_081_0087_000015",
            "annotations": [
                {
                    "word": "203.0.113.45",
                    "start": 71,
                    "end": 83,
                    "label": "기밀정보"
                }
            ]
        },
        {
            "sentence": "디바이스 및 보안 설정: 장비 시리얼 SN-081-XYZ-0001, MAC 00:1A:2B:3C:4D:5E가 자산 레코드에 등록되어 있으며 VPN 엔드포인트 vpn.remote.example.internal:1194과 서비스 계정 svc_contracts 권한이 관리됩니다.",
            "id": "sample_081_0087_000016",
            "annotations": [
                {
                    "word": "SN-081-XYZ-0001",
                    "start": 21,
                    "end": 36,
                    "label": "기밀정보"
                },
                {
                    "word": "00:1A:2B:3C:4D:5E",
                    "start": 42,
                    "end": 59,
                    "label": "기밀정보"
                },
                {
                    "word": "vpn.remote.example.internal:1194",
                    "start": 88,
                    "end": 120,
                    "label": "기밀정보"
                },
                {
                    "word": "svc_contracts",
                    "start": 129,
                    "end": 142,
                    "label": "기밀정보"
                }
            ]
        },
        {
            "sentence": "비상연락처: 등록된 비상연락처 이름 천세희, 관계 친구, 연락처 010-0000-0002로 프로필에 연동되어 있으며 응급 알림 체계가 연결되어 있습니다.",
            "id": "sample_081_0087_000017",
            "annotations": [
                {
                    "word": "천세희",
                    "start": 20,
                    "end": 23,
                    "label": "개인정보"
                },
                {
                    "word": "010-0000-0002",
                    "start": 36,
                    "end": 49,
                    "label": "개인정보"
                }
            ]
        },
        {
            "sentence": "리뷰 및 평판: 프로젝트 리뷰어 류동우가 플랫폼에서 평점 4와 함께 품질 코멘트를 남겼고 리뷰 로그는 감사 가능하도록 보관됩니다.",
            "id": "sample_081_0087_000018",
            "annotations": [
                {
                    "word": "류동우",
                    "start": 18,
                    "end": 21,
                    "label": "개인정보"
                }
            ]
        },
        {
            "sentence": "예약 취소 및 환불 이력: 취소 CAN-081-4001은 환불 REF-081-2001과 연계되어 트랜잭션 체인이 완결되었고 사유 및 처리일이 기록되어 있습니다.",
            "id": "sample_081_0087_000019",
            "annotations": []
        },
        {
            "sentence": "서비스 수준 합의서(SLA): SLA-081-01 문서에 가용성 99.9%와 지연 임계값, 지역별 페널티 적용 기준이 명시되어 있습니다.",
            "id": "sample_081_0087_000020",
            "annotations": []
        },
        {
            "sentence": "분쟁 및 클레임 기록: 클레임 DSP-081-9001에서 청구인 양명희가 청구 금액을 제시하였고 관련 인보이스 INV-081-1001과 대조 검증이 실행되었습니다.",
            "id": "sample_081_0087_000021",
            "annotations": [
                {
                    "word": "양명희",
                    "start": 36,
                    "end": 39,
                    "label": "개인정보"
                }
            ]
        },
        {
            "sentence": "변경 이력 예: 근로계약 변경은 last_modified_by 권선우, last_modified_at 2026-01-15T08:00:00Z로 기록되어 변경 이력과 접근 로그가 연동됩니다.",
            "id": "sample_081_0087_000022",
            "annotations": [
                {
                    "word": "권선우",
                    "start": 35,
                    "end": 38,
                    "label": "개인정보"
                }
            ]
        },
        {
            "sentence": "데이터 보존 및 삭제 정책: 사용자 삭제 요청 DEL-081-300 접수 시 consent_record와 보존 기간을 대조하여 GDPR 기반 삭제 절차를 수행합니다.",
            "id": "sample_081_0087_000023",
            "annotations": []
        },
        {
            "sentence": "위험 등급 표기: 비자 만료 등 민감 상황은 risk_level HIGH로 라벨링하며 대응 절차와 비상연락처 연계 메타데이터를 포함합니다.",
            "id": "sample_081_0087_000024",
            "annotations": []
        },
        {
            "sentence": "AML/KYC 검사 이력: KYC 검토자 나노아가 검토 로그에 서명하였고 검토 결과와 관련 문서 ID가 감사 로그에 보관됩니다.",
            "id": "sample_081_0087_000025",
            "annotations": [
                {
                    "word": "나노아",
                    "start": 23,
                    "end": 26,
                    "label": "개인정보"
                }
            ]
        },
        {
            "sentence": "국경 간 데이터 전송 설명: EU로의 처리 연동 시 사용자 consent_record CONS-081-01을 확인하고 지역별 데이터 주권 규정을 적용합니다.",
            "id": "sample_081_0087_000026",
            "annotations": []
        },
        {
            "sentence": "오프라인 동기화 정책: 네트워크 단절 시 충돌 해결은 최신 수정 시점 기준 병합 정책을 적용하며 last_sync_time 예시 2026-01-20T12:30:00Z (America/Los_Angeles)로 표기합니다.",
            "id": "sample_081_0087_000027",
            "annotations": []
        },
        {
            "sentence": "결론 및 조치사항: 책임자 허경임을 중심으로 이상 징후 모니터링, KYC 보완, 세무 검토 및 SLA 재검토를 실행하도록 배정합니다.",
            "id": "sample_081_0087_000028",
            "annotations": [
                {
                    "word": "허경임",
                    "start": 15,
                    "end": 18,
                    "label": "개인정보"
                }
            ]
        }
    ]
}