{
    "document_id": "061_0052",
    "document_title": "실내·외 음향측정 및 소음관리 현장보고서",
    "data": [
        {
            "sentence": "본 문서는 실내·외 소음 측정과 음향 해석을 위한 현장보고서이며, 측정 절차·장비·시뮬레이션 및 저감대책을 포괄적으로 기술합니다.",
            "id": "sample_061_0052_000001",
            "annotations": []
        },
        {
            "sentence": "보고서의 목적은 법적 준수 검증, 설계 최적화, 민원 대응 및 저감대책 비용·효과 분석을 제공하는 것입니다.",
            "id": "sample_061_0052_000002",
            "annotations": []
        },
        {
            "sentence": "measurement_id: MSR-2025-0001, timestamp: 2025-01-15T10:30:00+09:00, location(lat,lng,address): 37.501234,127.038567, 서울특별시 강남구 테헤란로 123, 101호.",
            "id": "sample_061_0052_000003",
            "annotations": [
                {
                    "word": "서울특별시 강남구 테헤란로 123, 101호",
                    "start": 118,
                    "end": 142,
                    "label": "개인정보"
                },
                {
                    "word": "서울특별시",
                    "start": 118,
                    "end": 123,
                    "label": "준식별자"
                },
                {
                    "word": "강남구",
                    "start": 124,
                    "end": 127,
                    "label": "준식별자"
                }
            ]
        },
        {
            "sentence": "담당자: 전도원, 사번: 20231234, 소속: 한국음향기술(주), 연락처: 010-1234-5678, 이메일: jeon.dw@koreaaudio.co.kr (현장연락 및 보고서 문의용).",
            "id": "sample_061_0052_000004",
            "annotations": [
                {
                    "word": "전도원",
                    "start": 5,
                    "end": 8,
                    "label": "개인정보"
                },
                {
                    "word": "사번: 20231234",
                    "start": 10,
                    "end": 22,
                    "label": "개인정보"
                },
                {
                    "word": "한국음향기술(주)",
                    "start": 28,
                    "end": 37,
                    "label": "준식별자"
                },
                {
                    "word": "010-1234-5678",
                    "start": 44,
                    "end": 57,
                    "label": "개인정보"
                },
                {
                    "word": "jeon.dw@koreaaudio.co.kr",
                    "start": 64,
                    "end": 88,
                    "label": "개인정보"
                }
            ]
        },
        {
            "sentence": "measurement_type: ambient(환경 소음), 측정 표준 참조: ISO 1996-1:2016 및 지역 규제 기준을 병기하여 낮시간 기준과 비교했습니다.",
            "id": "sample_061_0052_000005",
            "annotations": []
        },
        {
            "sentence": "측정 결과 주요값은 LAeq(1h)=58 dB(A), Lmax=72 dB(A), Lmin=45 dB(A)로 표기하며, 모든 레벨은 dB(A) 또는 dB(C) 표기를 명확히 했습니다.",
            "id": "sample_061_0052_000006",
            "annotations": []
        },
        {
            "sentence": "Peak level(임펄스 피크)은 88 dB(peak, C-weighting 표기)로 기록했고, 분석에는 A-weighting과 C-weighting을 병행 적용했습니다.",
            "id": "sample_061_0052_000007",
            "annotations": []
        },
        {
            "sentence": "주파수 스펙트럼(1/3-octave): 31.5Hz:62 dB, 63Hz:58 dB, 125Hz:55 dB, 250Hz:53 dB, 500Hz:50 dB, 1kHz:48 dB, 2kHz:46 dB, 4kHz:44 dB, 8kHz:42 dB (dB(A) 환산값).",
            "id": "sample_061_0052_000008",
            "annotations": []
        },
        {
            "sentence": "잔향시간 및 임펄스 특성: T20=0.45 s, T30=0.48 s, 추정 RT60=0.51 s이며, 임펄스 응답 원파일은 내부 저장소에 보관합니다.",
            "id": "sample_061_0052_000009",
            "annotations": []
        },
        {
            "sentence": "임펄스 응답 파일 메타데이터: impulse_response_file: https://internal-storage.koreaaudio.local/ir/sessionA.wav (원본은 접근제한, 메타데이터만 공개).",
            "id": "sample_061_0052_000010",
            "annotations": [
                {
                    "word": "https://internal-storage.koreaaudio.local/ir/sessionA.wav",
                    "start": 40,
                    "end": 97,
                    "label": "기밀정보"
                }
            ]
        },
        {
            "sentence": "마이크 및 장비: microphone_model=Brüel&Kjaer 4189, microphone_serial=SN-4189-765432, 교정일자=2024-06-12, 교정기관: 한국계측교정연구원(ILAC 인정).",
            "id": "sample_061_0052_000011",
            "annotations": []
        },
        {
            "sentence": "sample_rate_Hz=48000 Hz, averaging_method=LAeq(1h), measurement_duration_sec=3600 s이며, 모든 레코드는 WAV(24-bit) 원본으로 저장했습니다.",
            "id": "sample_061_0052_000012",
            "annotations": []
        },
        {
            "sentence": "환경조건: 온도=22 °C, 상대습도=45 %RH, 풍속=0.5 m/s로 기록하여 온도·습도의 영향 보정을 실행했습니다.",
            "id": "sample_061_0052_000013",
            "annotations": []
        },
        {
            "sentence": "마이크 배치: 마이크 높이=1.20 m, 측정점과 소음원 거리=2.00 m, 반사면(유리창)과의 거리=0.8 m로 공간적 불확실성을 메타데이터에 포함했습니다.",
            "id": "sample_061_0052_000014",
            "annotations": []
        },
        {
            "sentence": "장비 교정 증명서: equipment_calibration_certificate No. CAL-2024-0897, 발급기관: 한국계측교정연구원, 교정항목 및 허용오차가 문서에 첨부되어 있습니다.",
            "id": "sample_061_0052_000015",
            "annotations": []
        },
        {
            "sentence": "참조 표준: ISO 3382-1(실내 잔향시간), ISO 1996-1(환경 소음 측정), IEC 61672(음압계 성능) 등 해당 규격을 본 측정 전반에 적용했습니다.",
            "id": "sample_061_0052_000016",
            "annotations": []
        },
        {
            "sentence": "모델링 방법: ray_tracing 기반 음장 해석을 주로 사용했으며, 보조적으로 BEM을 이용한 국부 해상도 검증을 수행했습니다.",
            "id": "sample_061_0052_000017",
            "annotations": []
        },
        {
            "sentence": "시뮬레이션 입력 가정: 흡음계수(벽면 0.05, 천장 0.10, 바닥 0.02), 벽 두께 및 개구부 반사율을 명시했고 경계조건을 보고서에 포함했습니다.",
            "id": "sample_061_0052_000018",
            "annotations": []
        },
        {
            "sentence": "모델 불확실성: 흡음계수 ±0.02, 표면 반사율 가정 변화에 따른 LAeq 민감도는 ±1.2 dB 수준으로 평가했습니다.",
            "id": "sample_061_0052_000019",
            "annotations": []
        },
        {
            "sentence": "법적 준수 여부: 측정 LAeq(1h)=58 dB(A)은 해당 지자체 주거지역 낮시간 기준 55 dB(A)를 3 dB 초과하여 현행 규제 미준수로 판단됩니다.",
            "id": "sample_061_0052_000020",
            "annotations": []
        },
        {
            "sentence": "저감 권고안: 외부 패널 흡음 및 방음벽 설치 예상비용 8,500,000원으로 예상 감쇄량 약 4.0 dB(A)를 기대하며 비용대비 효과를 근사 계산했습니다.",
            "id": "sample_061_0052_000021",
            "annotations": []
        },
        {
            "sentence": "우선순위: 1) 방음패널 설치(예상비용 8.5M원, 감쇄 4 dB), 2) 출입구 기밀 개선(1.2M원, 감쇄 1.5 dB), 예상 회수기간을 단순 회귀로 추정했습니다.",
            "id": "sample_061_0052_000022",
            "annotations": []
        },
        {
            "sentence": "데이터 저장 및 접근: 원본 오디오와 임펄스 응답은 내부 객체저장소에 보관하며, 접근은 프로젝트 권한자에 한해 내부 네트워크로 제한합니다.",
            "id": "sample_061_0052_000023",
            "annotations": []
        },
        {
            "sentence": "내부 파일 경로 예시: \\\\fileserver\\\\projects\\\\MSR-2025-0001\\\\IR.wav (원본 파일은 접근제어 및 로그가 적용된 내부서버에 보관).",
            "id": "sample_061_0052_000024",
            "annotations": [
                {
                    "word": "\\\\fileserver\\\\projects\\\\MSR-2025-0001\\\\IR.wav",
                    "start": 13,
                    "end": 58,
                    "label": "기밀정보"
                }
            ]
        },
        {
            "sentence": "첨부 파일: report_id=RPT-2025-0052, attached_BIM_or_CAD=BIM_building_123.ifc, 시뮬레이션 입력파일 및 교정증명서는 별첨으로 포함합니다.",
            "id": "sample_061_0052_000025",
            "annotations": []
        },
        {
            "sentence": "품질보증: 측정은 정기교정 이력과 교정증명서가 첨부된 장비로 수행되었으며, 측정 불확실도는 ±0.5 dB로 산정했습니다.",
            "id": "sample_061_0052_000026",
            "annotations": []
        },
        {
            "sentence": "추가 권고: 민원 대상인 시간대에 대한 장기 모니터링 권장, 실시간 모니터링 적용 시 주기적 교정을 통해 레이턴시 및 샘플링 방식 영향을 관리해야 합니다.",
            "id": "sample_061_0052_000027",
            "annotations": []
        },
        {
            "sentence": "보고서 승인 및 담당자 서명: 전도원, 승인일: 2025-01-20, 상기의 측정·해석 결과는 본 보고서의 조건 하에서 유효합니다.",
            "id": "sample_061_0052_000028",
            "annotations": [
                {
                    "word": "전도원",
                    "start": 17,
                    "end": 20,
                    "label": "개인정보"
                }
            ]
        }
    ]
}