{
    "document_id": "061_0074",
    "document_title": "음향공학 및 소음관리 종합측정보고서 — 강남구 주거지역 사례",
    "data": [
        {
            "sentence": "본 보고서는 실내외 소음 측정 및 음향 모델링 결과를 종합한 기술보고서입니다.",
            "id": "sample_061_0074_000001",
            "annotations": []
        },
        {
            "sentence": "문서 식별자(report_id)는 AC-061-20250715로 표기되어 추적 가능하도록 관리합니다.",
            "id": "sample_061_0074_000002",
            "annotations": []
        },
        {
            "sentence": "측정 식별(measurement_id)은 MEAS-061-0074-20250715-01로 고유 부여되었습니다.",
            "id": "sample_061_0074_000003",
            "annotations": []
        },
        {
            "sentence": "측정 일시(timestamp): 2025-07-15T10:30:00+09:00에 자동 기록되었습니다.",
            "id": "sample_061_0074_000004",
            "annotations": [
                {
                    "word": "2025-07-15T10:30:00+09:00",
                    "start": 18,
                    "end": 43,
                    "label": "준식별자"
                }
            ]
        },
        {
            "sentence": "측정 위치(location): 위도 37.499321, 경도 127.036545, 주소 서울특별시 강남구 테헤란로12길 34-56 101동 201호로 표기합니다.",
            "id": "sample_061_0074_000005",
            "annotations": [
                {
                    "word": "서울특별시 강남구 테헤란로12길 34-56 101동 201호",
                    "start": 49,
                    "end": 82,
                    "label": "개인정보"
                }
            ]
        },
        {
            "sentence": "측정 지역의 시군구: 강남구.",
            "id": "sample_061_0074_000006",
            "annotations": [
                {
                    "word": "강남구",
                    "start": 12,
                    "end": 15,
                    "label": "준식별자"
                }
            ]
        },
        {
            "sentence": "프로젝트 담당자: 심서훈, 연락처 010-1234-5678, 이메일 shs.acoustics@example.com.",
            "id": "sample_061_0074_000007",
            "annotations": [
                {
                    "word": "심서훈",
                    "start": 10,
                    "end": 13,
                    "label": "개인정보"
                },
                {
                    "word": "010-1234-5678",
                    "start": 19,
                    "end": 32,
                    "label": "개인정보"
                },
                {
                    "word": "shs.acoustics@example.com",
                    "start": 38,
                    "end": 63,
                    "label": "개인정보"
                }
            ]
        },
        {
            "sentence": "측정 유형(measurement_type)은 ambient(환경소음) 및 impulse_response(임펄스응답) 동시 기록입니다.",
            "id": "sample_061_0074_000008",
            "annotations": []
        },
        {
            "sentence": "음압레벨: LAeq 65.3 dB(A), LCpeak 98.7 dB(C), Lmax 101.2 dB(A)로 기록되었습니다.",
            "id": "sample_061_0074_000009",
            "annotations": []
        },
        {
            "sentence": "피크 레벨(peak_level_dB): 101.2 dB(무가중치)로 측정되었습니다.",
            "id": "sample_061_0074_000010",
            "annotations": []
        },
        {
            "sentence": "주파수 스펙트럼은 1/3옥타브 밴드로 저장되며 대표값은 63Hz:72 dB, 125Hz:68 dB, 250Hz:66 dB 등입니다.",
            "id": "sample_061_0074_000011",
            "annotations": []
        },
        {
            "sentence": "잔향시간(T20, T30, RT60)은 실내 중앙에서 T20=0.42 s, T30=0.50 s, RT60(추정)=0.48 s로 산정했습니다.",
            "id": "sample_061_0074_000012",
            "annotations": []
        },
        {
            "sentence": "임펄스 응답 메타데이터: 파일명 ir_session_061.wav, 원본 위치 https://storage.internal.acme/ir/session_061.wav, 보안상 접근 제한됨.",
            "id": "sample_061_0074_000013",
            "annotations": [
                {
                    "word": "https://storage.internal.acme/ir/session_061.wav",
                    "start": 44,
                    "end": 92,
                    "label": "기밀정보"
                }
            ]
        },
        {
            "sentence": "임펄스 응답 원본 파일은 내부 저장소 경로 \\\\corp-server\\acoustics\\IRs\\session_061.wav에 보관되어 있습니다.",
            "id": "sample_061_0074_000014",
            "annotations": [
                {
                    "word": "\\\\corp-server\\acoustics\\IRs\\session_061.wav",
                    "start": 24,
                    "end": 67,
                    "label": "기밀정보"
                }
            ]
        },
        {
            "sentence": "마이크 정보: 모델 Neumann KM184, 시리얼 NR123456, 캘리브레이션 일자 2025-07-01.",
            "id": "sample_061_0074_000015",
            "annotations": [
                {
                    "word": "2025-07-01",
                    "start": 50,
                    "end": 60,
                    "label": "준식별자"
                }
            ]
        },
        {
            "sentence": "장비 캘리브레이션 증명서(equipment_calibration_certificate)는 교정기관 한국계측교정원이며 교정증서 번호 KMC-20250701-061을 포함합니다.",
            "id": "sample_061_0074_000016",
            "annotations": []
        },
        {
            "sentence": "샘플레이트(sample_rate_Hz): 48000 Hz, 측정 기간(measurement_duration_sec): 900 s(15분 간격으로 1회 윈도우 평균)로 설정했습니다.",
            "id": "sample_061_0074_000017",
            "annotations": []
        },
        {
            "sentence": "평균화 방법(averaging_method): LAeq, Lmax, L90을 병기했으며 시간 가중평균과 로그 스무딩을 적용했습니다.",
            "id": "sample_061_0074_000018",
            "annotations": []
        },
        {
            "sentence": "환경조건(environmental_conditions): 온도 24.3°C, 상대습도 45%, 풍속 1.2 m/s로 기록했습니다.",
            "id": "sample_061_0074_000019",
            "annotations": []
        },
        {
            "sentence": "마이크 배치 정보: 중앙 높이 1.2 m, 스테이지에서 거리 3.5 m, 반사면과의 최소 거리 0.5 m를 유지했습니다.",
            "id": "sample_061_0074_000020",
            "annotations": []
        },
        {
            "sentence": "적용 표준(standards_referenced): ISO 3382-1:2009, ISO 1996-1:2016, IEC 61672-1 기준을 준수하여 측정 및 분석을 수행했습니다.",
            "id": "sample_061_0074_000021",
            "annotations": []
        },
        {
            "sentence": "모델링 방법(modeling_method): 음장 해석은 BEM과 ray_tracing을 병행했으며 메쉬 크기 0.05 m, 반사계수는 주파수별로 명시했습니다.",
            "id": "sample_061_0074_000022",
            "annotations": []
        },
        {
            "sentence": "시뮬레이션 가정: 흡음계수 125Hz=0.12, 1kHz=0.45, 경계조건은 무향 경계로 가정했으며 민감도 분석을 통해 ±5%의 결과 변화를 확인했습니다.",
            "id": "sample_061_0074_000023",
            "annotations": []
        },
        {
            "sentence": "법적 준수 검토: 지역 소음 기준(주거지역 야간 LAeq 제한 50 dB(A))과 비교하여 초과 여부를 요약했습니다.",
            "id": "sample_061_0074_000024",
            "annotations": []
        },
        {
            "sentence": "저감 권고(mitigation_recommendations): 방음벽 추가, 흡음 패널 30㎡ 설치, 운영시간 조정 등을 제시했으며 비용·효과 근사치는 초기비용 2,500만 원, 예상 감쇠 10~15 dB(A)입니다.",
            "id": "sample_061_0074_000025",
            "annotations": []
        },
        {
            "sentence": "연결된 CAD/BIM 파일 첨부(attached_BIM_or_CAD): smb://10.0.0.12/projects/061/model.ifc 접근은 내부망에서만 허용됩니다.",
            "id": "sample_061_0074_000026",
            "annotations": [
                {
                    "word": "smb://10.0.0.12/projects/061/model.ifc",
                    "start": 40,
                    "end": 78,
                    "label": "기밀정보"
                }
            ]
        },
        {
            "sentence": "보고서 파일(report_id)은 AC-061-20250715이며 최종 검토자 심수영이 승인했습니다.",
            "id": "sample_061_0074_000027",
            "annotations": [
                {
                    "word": "심수영",
                    "start": 44,
                    "end": 47,
                    "label": "개인정보"
                }
            ]
        },
        {
            "sentence": "민감 위치(병원·군사시설 등)는 좌표 및 원본 오디오 접근을 비공개 처리하며, 본 케이스에서는 주거지 민원에 한해 상세 좌표를 제한적으로 제공합니다.",
            "id": "sample_061_0074_000028",
            "annotations": []
        },
        {
            "sentence": "데이터 보관 정책: 원본 WAV는 객체스토리지에 암호화하여 보관하며, 접근 로그는 보안 감사용으로 유지됩니다.",
            "id": "sample_061_0074_000029",
            "annotations": []
        },
        {
            "sentence": "결론 및 액션 아이템: 1) 권고안 시행 후 3개월 간 재측정, 2) 캘리브레이션 6개월 주기 시행, 3) BIM 연동 개선을 권고합니다.",
            "id": "sample_061_0074_000030",
            "annotations": []
        }
    ]
}