{
    "document_id": "061_0016",
    "document_title": "실내·환경 소음 측정 및 음향평가 보고서 - 사례 061_0016",
    "data": [
        {
            "sentence": "본 문서는 실내 및 환경 소음관리와 음향공학 평가를 위해 작성된 측정 및 분석 보고서입니다.",
            "id": "sample_061_0016_000001",
            "annotations": []
        },
        {
            "sentence": "보고서는 측정 절차, 장비 교정 이력, 표준 준수 여부, 모델링 방법 및 저감 권고안을 포함합니다.",
            "id": "sample_061_0016_000002",
            "annotations": []
        },
        {
            "sentence": "적용 표준은 실내 음향 관련 ISO 3382-1, 환경소음 관련 ISO 1996-1, 그리고 계측 장비 규격 IEC 61672-1을 기준으로 하였습니다.",
            "id": "sample_061_0016_000003",
            "annotations": []
        },
        {
            "sentence": "measurement_id: 061_0016_Amb_20250115, timestamp: 2025-01-15T10:30:00+09:00 형식으로 기록하였으며 시간은 ISO8601 표기를 따릅니다.",
            "id": "sample_061_0016_000004",
            "annotations": [
                {
                    "word": "2025-01-15T10:30:00+09:00",
                    "start": 50,
                    "end": 75,
                    "label": "준식별자"
                }
            ]
        },
        {
            "sentence": "측정담당자 및 현장 책임자는 송대광 엔지니어가 수행하였음을 명시합니다.",
            "id": "sample_061_0016_000005",
            "annotations": [
                {
                    "word": "송대광",
                    "start": 16,
                    "end": 19,
                    "label": "개인정보"
                }
            ]
        },
        {
            "sentence": "측정 위치는 서울특별시 종로구 인근으로 표기하였으며 좌표는 위도 37.5720, 경도 126.9794(소수점 4자리 근사)로 기록하였습니다.",
            "id": "sample_061_0016_000006",
            "annotations": [
                {
                    "word": "서울특별시 종로구",
                    "start": 7,
                    "end": 16,
                    "label": "준식별자"
                }
            ]
        },
        {
            "sentence": "measurement_type: ambient(환경 소음), 측정 기간은 600 s(초), averaging_method: LAeq 표기를 기본으로 하였습니다.",
            "id": "sample_061_0016_000007",
            "annotations": []
        },
        {
            "sentence": "측정 결과 샘플: LAeq(1min) = 62.4 dB(A), Lmax = 78.1 dB(C), Lmin = 48.2 dB(A), peak_level = 82.5 dB(peak)로 기록하였습니다.",
            "id": "sample_061_0016_000008",
            "annotations": []
        },
        {
            "sentence": "주파수 스펙트럼은 1/3-octave 밴드로 제공되며 예시 밴드(125 Hz: 55.2 dB, 500 Hz: 60.1 dB, 2000 Hz: 58.7 dB)를 포함합니다.",
            "id": "sample_061_0016_000009",
            "annotations": []
        },
        {
            "sentence": "마이크 모델: Brüel & Kjær 4189, microphone_serial: SN-000123456, calibration_date: 2025-03-15, sample_rate_Hz: 48000 Hz로 장비 메타데이터를 기록했습니다.",
            "id": "sample_061_0016_000010",
            "annotations": [
                {
                    "word": "2025-03-15",
                    "start": 78,
                    "end": 88,
                    "label": "준식별자"
                },
                {
                    "word": "SN-000123456",
                    "start": 46,
                    "end": 58,
                    "label": "기밀정보"
                }
            ]
        },
        {
            "sentence": "장비 캘리브레이션 증명서: 기관명(Korea Testing & Calibration Co.), certificate_no: CAL-2025-0456, 교정기관과 일자를 포함한 교정증명서를 첨부하였습니다.",
            "id": "sample_061_0016_000011",
            "annotations": [
                {
                    "word": "CAL-2025-0456",
                    "start": 69,
                    "end": 82,
                    "label": "기밀정보"
                }
            ]
        },
        {
            "sentence": "임펄스 응답(Impulse Response)은 대용량 파일로 객체 저장소에 보관하였으며 메타데이터만 레코드에 포함하고 파일 위치는 s3://private-storage.company.internal/ir/061_0016.wav 및 /srv/internal/ir/061_0016_measurement.wav로 명시합니다.",
            "id": "sample_061_0016_000012",
            "annotations": [
                {
                    "word": "s3://private-storage.company.internal/ir/061_0016.wav",
                    "start": 73,
                    "end": 126,
                    "label": "기밀정보"
                },
                {
                    "word": "/srv/internal/ir/061_0016_measurement.wav",
                    "start": 129,
                    "end": 170,
                    "label": "기밀정보"
                }
            ]
        },
        {
            "sentence": "임펄스 응답 파일은 원본 WAV 24bit/96 kHz 포맷이며 저장소 접근은 권한 제어를 적용하였고 원본 녹음은 민감 위치 규정을 준수하여 접근제한 처리했습니다.",
            "id": "sample_061_0016_000013",
            "annotations": []
        },
        {
            "sentence": "RT60, T20, T30 결과는 실내 잔향특성 평가에 따라 표기하였고 예시값은 T20(500 Hz) = 0.78 s, T30(1000 Hz) = 0.84 s, RT60(평균) = 0.80 s입니다.",
            "id": "sample_061_0016_000014",
            "annotations": []
        },
        {
            "sentence": "환경 조건은 온도 22°C, 상대습도 45% RH, 풍속 0.5 m/s로 기록하였고 측정 시점의 기상계측 결과를 함께 제공합니다.",
            "id": "sample_061_0016_000015",
            "annotations": []
        },
        {
            "sentence": "마이크 배치: 마이크 높이 1.2 m, 중심에서 벽까지 거리 1.5 m, 반사 표면 위치와 장애물은 도면으로 연계하여 명시하였습니다.",
            "id": "sample_061_0016_000016",
            "annotations": []
        },
        {
            "sentence": "주파수 분석 방법은 FFT(4096 points, Hann 윈도우)와 1/3-octave 밴드 통합을 병행하여 사용하였음을 설명합니다.",
            "id": "sample_061_0016_000017",
            "annotations": []
        },
        {
            "sentence": "모델링은 BEM(경계요소법)과 ray_tracing을 조합하였고 사용한 물성값으로 흡음계수(125 Hz: 0.05, 500 Hz: 0.15, 2000 Hz: 0.30)를 입력하였습니다.",
            "id": "sample_061_0016_000018",
            "annotations": []
        },
        {
            "sentence": "경계조건으로는 개방창 처리를 반영한 개방 경계, 소음원 위치 오차 ±0.5 m를 입력하였으며 모델 불확실성에 관한 간단한 민감도 분석 결과를 함께 보고합니다.",
            "id": "sample_061_0016_000019",
            "annotations": []
        },
        {
            "sentence": "법적 준수 여부는 지역별 소음기준(주거지역 주간 LAeq 기준 55 dB(A) 등)과 비교하여 분석하였고 적용 규제 범위는 법적 근거를 명시하였습니다.",
            "id": "sample_061_0016_000020",
            "annotations": []
        },
        {
            "sentence": "현장 데이터 기반 권고 저감대책으로 방음벽 설치, 흡음패널 추가, 기계실 방진설계 등을 제안하였고 비용·효과는 대략적 근사치로 표기하였습니다.",
            "id": "sample_061_0016_000021",
            "annotations": []
        },
        {
            "sentence": "예상 비용 근사치: 소형 흡음패널 설치(100 m2) 비용 약 1,200 만원, 예상 LAeq 저감 효과 약 3~5 dB(A)를 근사치로 제시합니다.",
            "id": "sample_061_0016_000022",
            "annotations": []
        },
        {
            "sentence": "대응 우선순위는 비용 효과 비율과 민원 발생 빈도에 따라 제시하였고 단기·중장기 조치로 구분하여 권고합니다.",
            "id": "sample_061_0016_000023",
            "annotations": []
        },
        {
            "sentence": "첨부 CAD/BIM 파일은 site_061_0016.bim으로 저장소에 연계하였고 도면과 측정점 좌표는 BIM 속성으로 연결하여 관리합니다.",
            "id": "sample_061_0016_000024",
            "annotations": [
                {
                    "word": "site_061_0016.bim",
                    "start": 15,
                    "end": 32,
                    "label": "기밀정보"
                }
            ]
        },
        {
            "sentence": "보고서에는 report_id: REP-061-0016을 부여하였고, 문서 관리번호와 버전 이력은 추적 가능하도록 기록합니다.",
            "id": "sample_061_0016_000025",
            "annotations": [
                {
                    "word": "REP-061-0016",
                    "start": 17,
                    "end": 29,
                    "label": "기밀정보"
                }
            ]
        },
        {
            "sentence": "실시간 모니터링이 필요한 경우 정기 보정 프로세스 및 레이턴시 요구사항을 명시하고 샘플링·압축 방식이 해석에 미치는 영향을 기술합니다.",
            "id": "sample_061_0016_000026",
            "annotations": []
        },
        {
            "sentence": "데이터 상호운용성을 위해 WAV/FLAC 원본, CSV/JSON 시계열, 1/3-octave 표준 컬럼 형식으로 산출물을 제공하도록 규격을 권장합니다.",
            "id": "sample_061_0016_000027",
            "annotations": []
        },
        {
            "sentence": "결론적으로 측정 신뢰성은 장비 교정증명서와 마이크 캘리브레이션 이력에 의존하며, 추가 권고사항으로는 정기 교정(연 1회 이상)과 현장 반복측정을 권장합니다.",
            "id": "sample_061_0016_000028",
            "annotations": []
        }
    ]
}