{
    "document_id": "061_0043",
    "document_title": "실내 음향 측정 및 소음관리 종합보고서",
    "data": [
        {
            "sentence": "본 보고서는 실내 음향 특성 평가와 소음관리 권고안을 목적으로 작성된 실무 보고서입니다.",
            "id": "sample_061_0043_000001",
            "annotations": []
        },
        {
            "sentence": "측정 개요는 표준 ISO 3382-1 및 ISO 1996-1을 기준으로 하여 실측과 모델링을 병행하였습니다.",
            "id": "sample_061_0043_000002",
            "annotations": []
        },
        {
            "sentence": "측정 ID는 M-20250101-001이며 측정 일시(timestamp)는 2025-01-01T09:30:00+09:00로 기록됩니다.",
            "id": "sample_061_0043_000003",
            "annotations": []
        },
        {
            "sentence": "측정 장소 정보는 위도·경도 37.5825,127.0090 및 상세 주소 서울특별시 종로구 삼청로85-3 3층으로 등록되어 있습니다.",
            "id": "sample_061_0043_000004",
            "annotations": [
                {
                    "word": "서울특별시 종로구 삼청로85-3 3층",
                    "start": 41,
                    "end": 61,
                    "label": "개인정보"
                },
                {
                    "word": "37.5825,127.0090",
                    "start": 16,
                    "end": 32,
                    "label": "기밀정보"
                }
            ]
        },
        {
            "sentence": "관할 행정구는 종로구이며 현장 접근성 및 주변 반사체 분포를 고려하여 마이크 배치를 설계하였습니다.",
            "id": "sample_061_0043_000005",
            "annotations": [
                {
                    "word": "종로구",
                    "start": 8,
                    "end": 11,
                    "label": "준식별자"
                }
            ]
        },
        {
            "sentence": "현장 담당자 및 연락처는 서지민 (여, 1985-07-12)이며 비상 연락처 010-1234-5678, 이메일 seojimin@example.com로 기재되어 있습니다.",
            "id": "sample_061_0043_000006",
            "annotations": [
                {
                    "word": "서지민",
                    "start": 14,
                    "end": 17,
                    "label": "개인정보"
                },
                {
                    "word": "여",
                    "start": 19,
                    "end": 20,
                    "label": "준식별자"
                },
                {
                    "word": "1985-07-12",
                    "start": 22,
                    "end": 32,
                    "label": "준식별자"
                },
                {
                    "word": "010-1234-5678",
                    "start": 43,
                    "end": 56,
                    "label": "개인정보"
                },
                {
                    "word": "seojimin@example.com",
                    "start": 62,
                    "end": 82,
                    "label": "개인정보"
                }
            ]
        },
        {
            "sentence": "측정 유형(measurement_type)은 ambient(환경 소음)과 impulse_response(임펄스 응답) 병행입니다.",
            "id": "sample_061_0043_000007",
            "annotations": []
        },
        {
            "sentence": "측정 시간 길이(measurement_duration_sec)는 600 s이며 평균화 방법은 LAeq, Lmax, Lmin 및 L90을 병기했습니다.",
            "id": "sample_061_0043_000008",
            "annotations": []
        },
        {
            "sentence": "측정 샘플링(sample_rate_Hz)은 48,000 Hz로 RAW WAV 수집을 수행하였으며 파일은 스토리지에 보관합니다.",
            "id": "sample_061_0043_000009",
            "annotations": []
        },
        {
            "sentence": "현장 LAeq 측정값은 52.3 dB(A)이며 동기간 LCeq는 54.7 dB(C)로 가중법을 명확히 표기했습니다.",
            "id": "sample_061_0043_000010",
            "annotations": []
        },
        {
            "sentence": "측정 중 기록된 피크 레벨(peak_level_dB)은 C-가중치 기준으로 89.2 dB(C)입니다.",
            "id": "sample_061_0043_000011",
            "annotations": []
        },
        {
            "sentence": "주파수 스펙트럼은 1/3옥타브 밴드로 표기했으며 예시값은 63 Hz: 42 dB, 125 Hz: 45 dB, 250 Hz: 47 dB (모두 dB, A-weighting 표기 병기)입니다.",
            "id": "sample_061_0043_000012",
            "annotations": []
        },
        {
            "sentence": "잔향시간 산출은 T20=0.48 s, T30=0.52 s, RT60(추정)=0.75 s로 보고서 본문에 주파수별 RT60 표를 첨부했습니다.",
            "id": "sample_061_0043_000013",
            "annotations": []
        },
        {
            "sentence": "임펄스 응답 파일은 내부 객체스토리지에 원본 WAV로 보관하며 메타데이터만 레코드에 포함했습니다.",
            "id": "sample_061_0043_000014",
            "annotations": []
        },
        {
            "sentence": "임펄스 응답 원본 파일 위치는 https://private-storage.internal.company/ir/measurement_20250101.wav 이며 접근은 제한 권한으로 관리합니다.",
            "id": "sample_061_0043_000015",
            "annotations": [
                {
                    "word": "https://private-storage.internal.company/ir/measurement_20250101.wav",
                    "start": 17,
                    "end": 85,
                    "label": "기밀정보"
                }
            ]
        },
        {
            "sentence": "원시 오디오 및 임펄스 파일의 내부 경로는 /data/internal/impulse/ir_20250101.wav 로 서버에 저장되어 있습니다.",
            "id": "sample_061_0043_000016",
            "annotations": [
                {
                    "word": "/data/internal/impulse/ir_20250101.wav",
                    "start": 24,
                    "end": 62,
                    "label": "기밀정보"
                }
            ]
        },
        {
            "sentence": "파일서버 IP는 10.10.240.12 이며 보안상 외부 공개를 제한하고 내부 접근 로그를 보존합니다.",
            "id": "sample_061_0043_000017",
            "annotations": [
                {
                    "word": "10.10.240.12",
                    "start": 9,
                    "end": 21,
                    "label": "기밀정보"
                }
            ]
        },
        {
            "sentence": "마이크로폰은 Brüel & Kjær 4189 모델을 사용했으며 시리얼 번호는 SN1234567이고 마이크 높이는 1.2 m로 고정했습니다.",
            "id": "sample_061_0043_000018",
            "annotations": []
        },
        {
            "sentence": "마이크 교정 정보는 교정기관 한국교정센터, calibration_date 2024-11-15, 교정증명서 ID CAL-20241115-789로 첨부하였습니다.",
            "id": "sample_061_0043_000019",
            "annotations": []
        },
        {
            "sentence": "장비 교정 증명서(equipment_calibration_certificate)는 PDF 스캔본을 내부 문서관리 시스템에 저장하여 품질보증에 활용합니다.",
            "id": "sample_061_0043_000020",
            "annotations": []
        },
        {
            "sentence": "환경조건(environmental_conditions)은 온도 21.4 °C, 상대습도 45%, 풍속 0.6 m/s로 계측기에 동시 기록했습니다.",
            "id": "sample_061_0043_000021",
            "annotations": []
        },
        {
            "sentence": "시뮬레이션은 Ray_tracing과 BEM 혼합기법을 사용하였고 사용한 흡음계수는 주파수별로 125 Hz:0.15, 1000 Hz:0.45 등입니다.",
            "id": "sample_061_0043_000022",
            "annotations": []
        },
        {
            "sentence": "모델 경계조건으로 벽 반사 계수 0.92, 천장 흡음재 α=0.45를 적용했으며 입력 가정 민감도는 ±10% 범위에서 검토했습니다.",
            "id": "sample_061_0043_000023",
            "annotations": []
        },
        {
            "sentence": "법적 적용범위는 측정지점이 주거지역에 인접하므로 지역 소음기준(주거지역 야간 LAeq 기준 50 dB(A), 행정구 적용)을 비교하였습니다.",
            "id": "sample_061_0043_000024",
            "annotations": []
        },
        {
            "sentence": "권고 저감대책으로 흡음패널 설치, 문틈 실링 개선, 기계실 방진 매트 적용을 제안하며 비용·효과 근사치는 총비용 약 3,200,000원에 LAeq 3~5 dB(A) 감쇄로 산정했습니다.",
            "id": "sample_061_0043_000025",
            "annotations": []
        },
        {
            "sentence": "보고서 식별자(report_id)는 RPT-2025-0043이며 첨부 BIM 파일은 BIM_building_2025.ifc로 프로젝트 자료실에 연동했습니다.",
            "id": "sample_061_0043_000026",
            "annotations": []
        },
        {
            "sentence": "데이터 보존 정책에 따라 원음 파일은 접근 제어와 암호화를 적용하며 민감 위치좌표 및 원본 녹음은 제한적 공개로 처리합니다.",
            "id": "sample_061_0043_000027",
            "annotations": []
        },
        {
            "sentence": "결론적으로 현재 LAeq 52.3 dB(A)은 지역 야간 기준을 일부 초과할 소지가 있어 즉시 저감대책 우선순위를 권고합니다.",
            "id": "sample_061_0043_000028",
            "annotations": []
        }
    ]
}