{
    "document_id": "061_0066",
    "document_title": "강남구 논현동 상업지역 환경소음 및 실내 음향 측정·평가 보고서",
    "data": [
        {
            "sentence": "보고서 개요: 본 문서는 강남구 논현동 상업지역에서 수행한 환경소음 및 실내 음향 측정과 해석 결과를 포함합니다.",
            "id": "sample_061_0066_000001",
            "annotations": [
                {
                    "word": "강남구",
                    "start": 14,
                    "end": 17,
                    "label": "준식별자"
                },
                {
                    "word": "논현동",
                    "start": 18,
                    "end": 21,
                    "label": "준식별자"
                }
            ]
        },
        {
            "sentence": "문서 식별자 및 측정 식별자: report_061_0066, measurement_id: meas_061_0066_20260115A로 기록하였습니다.",
            "id": "sample_061_0066_000002",
            "annotations": []
        },
        {
            "sentence": "측정 시각(TimeStamp, ISO8601): 2026-01-15T10:30:00+09:00에 현장 계측을 수행하였습니다.",
            "id": "sample_061_0066_000003",
            "annotations": []
        },
        {
            "sentence": "위치(Location): 서울특별시(시) 강남구(군/구) 논현동(동/읍/면), 상세주소: 서울특별시 강남구 논현로 45, 201호(공개 제한).",
            "id": "sample_061_0066_000004",
            "annotations": [
                {
                    "word": "서울특별시",
                    "start": 14,
                    "end": 19,
                    "label": "준식별자"
                },
                {
                    "word": "서울특별시",
                    "start": 50,
                    "end": 55,
                    "label": "준식별자"
                },
                {
                    "word": "서울특별시 강남구 논현로 45, 201호",
                    "start": 50,
                    "end": 72,
                    "label": "개인정보"
                }
            ]
        },
        {
            "sentence": "좌표는 보안상 익명화하여 공개 좌표는 37.50 N, 127.02 E로 표기하고 원본 좌표는 접근 제한을 적용하였습니다.",
            "id": "sample_061_0066_000005",
            "annotations": []
        },
        {
            "sentence": "measurement_type: ambient, sample_rate_Hz: 48000 Hz, measurement_duration_sec: 600 s, averaging_method: LAeq/Lmax/L90으로 표준화하여 기록하였습니다.",
            "id": "sample_061_0066_000006",
            "annotations": []
        },
        {
            "sentence": "측정 결과 요약: LAeq(평균, A-weighting) 62.4 dB(A), LCeq(C-weighting) 68.1 dB(C), Lpeak(최대) 89.2 dB(peak)으로 계측되었습니다.",
            "id": "sample_061_0066_000007",
            "annotations": []
        },
        {
            "sentence": "주파수 스펙트럼(1/3-octave 대표치): 63 Hz: 55.0 dB, 125 Hz: 57.2 dB, 250 Hz: 58.8 dB, 500 Hz: 60.1 dB, 1000 Hz: 61.0 dB, 2000 Hz: 60.3 dB, 4000 Hz: 58.0 dB.",
            "id": "sample_061_0066_000008",
            "annotations": []
        },
        {
            "sentence": "잔향시간 측정치: T20 0.45 s, T30 0.50 s, RT60(예측 또는 보정) 0.48 s로 계산되었으며 단위는 초(s)입니다.",
            "id": "sample_061_0066_000009",
            "annotations": []
        },
        {
            "sentence": "임펄스 응답 파일은 접근제한 객체저장소에 보관하며 메타데이터만 포함합니다(impulse_response_file: s3://corp-internal-audio/private/ir_061_0066.wav, 접근제한).",
            "id": "sample_061_0066_000010",
            "annotations": [
                {
                    "word": "s3://corp-internal-audio/private/ir_061_0066.wav",
                    "start": 64,
                    "end": 112,
                    "label": "기밀정보"
                }
            ]
        },
        {
            "sentence": "마이크 정보: microphone_model: Brüel&Kjær 4189, microphone_serial: MIC-2023-0456, calibration_date: 2024-06-12(ISO8601 표기: 2024-06-12).",
            "id": "sample_061_0066_000011",
            "annotations": []
        },
        {
            "sentence": "장비 교정증명서: 교정기관: 한국교정시험원, 교정증명서 파일명: cal_cert_KTC_20240612.pdf, 교정일자: 2024-06-12로 문서화하였습니다.",
            "id": "sample_061_0066_000012",
            "annotations": []
        },
        {
            "sentence": "샘플링 및 기록: 원시 오디오는 WAV 48kHz/24bit로 저장하였고, 시계열은 JSON 및 CSV 포맷으로 제공됩니다.",
            "id": "sample_061_0066_000013",
            "annotations": []
        },
        {
            "sentence": "환경조건(environmental_conditions): 온도 5 °C, 상대습도 42 %, 풍속 1.8 m/s로 측정 당시의 현장기록을 포함합니다.",
            "id": "sample_061_0066_000014",
            "annotations": []
        },
        {
            "sentence": "마이크 배치 정보: 마이크 높이 1.50 m, 중앙 통로로부터 거리 3.20 m, 반사면과 최소 거리 0.80 m로 표기하여 공간적 재현성이 확보됩니다.",
            "id": "sample_061_0066_000015",
            "annotations": []
        },
        {
            "sentence": "적용 표준(standards_referenced): ISO 1996-1:2016(환경소음), ISO 3382-1:2009(실내음향), IEC 61672-1(마이크/레벨미터 규격)을 준수하여 수행하였습니다.",
            "id": "sample_061_0066_000016",
            "annotations": []
        },
        {
            "sentence": "모델링 기법(modeling_method): BEM 해석을 적용하였으며 입력 물성값으로 흡음계수(벽: 0.05~0.12, 천장: 0.30, 바닥: 0.02)와 개방 경계조건을 사용하였습니다.",
            "id": "sample_061_0066_000017",
            "annotations": []
        },
        {
            "sentence": "시뮬레이션 불확실성: 흡음계수 ±10% 변화에 따른 결과 민감도는 평균 SPL ±1.2 dB 수준으로 확인되어 모델 신뢰도를 기술하였습니다.",
            "id": "sample_061_0066_000018",
            "annotations": []
        },
        {
            "sentence": "권장 저감대책 및 비용·효과 분석: 흡음패널 30 m² 설치 예상비용 1,200,000원으로 LAeq 약 3.2 dB(A) 감소 예상, 방음벽(2.5 m) 설치비 약 3,500,000원으로 추가 2.5 dB(A) 감소 기대.",
            "id": "sample_061_0066_000019",
            "annotations": []
        },
        {
            "sentence": "보고서 작성자 및 연락처: 작성자 안영국, 소속: 음향컨설팅(주), 연락처: 010-1234-5678, 이메일:anyanguk@example.com(개인 연락처는 접속제어 필요).",
            "id": "sample_061_0066_000020",
            "annotations": [
                {
                    "word": "안영국",
                    "start": 19,
                    "end": 22,
                    "label": "개인정보"
                },
                {
                    "word": "010-1234-5678",
                    "start": 43,
                    "end": 56,
                    "label": "개인정보"
                },
                {
                    "word": "anyanguk@example.com",
                    "start": 62,
                    "end": 82,
                    "label": "개인정보"
                }
            ]
        },
        {
            "sentence": "검토·승인 내역: 검토자 황리호, 최종승인 성봉기이며 내부 결재선은 보안문서로 별도 관리합니다.",
            "id": "sample_061_0066_000021",
            "annotations": [
                {
                    "word": "황리호",
                    "start": 14,
                    "end": 17,
                    "label": "개인정보"
                },
                {
                    "word": "성봉기",
                    "start": 24,
                    "end": 27,
                    "label": "개인정보"
                }
            ]
        },
        {
            "sentence": "첨부 BIM/CAD: 내부 공유 경로에 저장(첨부_BIM_or_CAD: share://bim/internal/project_061_0066.ifc, 접근제한, 내부망 전용).",
            "id": "sample_061_0066_000022",
            "annotations": [
                {
                    "word": "share://bim/internal/project_061_0066.ifc",
                    "start": 40,
                    "end": 81,
                    "label": "기밀정보"
                }
            ]
        },
        {
            "sentence": "임펄스 응답 원본 녹음은 민감 위치 정보를 포함할 수 있어 접근 권한을 제한하였으며 원본 파일은 보안서버 192.168.10.12에 보관됩니다.",
            "id": "sample_061_0066_000023",
            "annotations": [
                {
                    "word": "192.168.10.12",
                    "start": 59,
                    "end": 72,
                    "label": "기밀정보"
                }
            ]
        },
        {
            "sentence": "데이터 제공 및 상호운용성: 원시오디오(WAV), 압축 오디오(FLAC), 1/3-octave CSV, 시계열 JSON을 제공하여 타 시스템과 호환되도록 구성하였습니다.",
            "id": "sample_061_0066_000024",
            "annotations": []
        },
        {
            "sentence": "품질보증 프로세스: 현장 계측 전후 장비 캘리브레이션, 현장 노이즈 로그, 캘리브레이션 주기(6개월)와 교정증명서 보관을 통해 신뢰성을 확보했습니다.",
            "id": "sample_061_0066_000025",
            "annotations": []
        },
        {
            "sentence": "결론 및 권고: 본 측정 결과는 지역 소음기준(주거·상업구역)을 기준으로 비교하여 적합성을 요약하였으며 추가 모니터링 또는 구조적 저감대책 시행을 권장합니다.",
            "id": "sample_061_0066_000026",
            "annotations": []
        }
    ]
}