{
    "document_id": "061_0056",
    "document_title": "공공공간 음향측정 및 소음관리 보고서 - 강남구 공연장 현장조사",
    "data": [
        {
            "sentence": "본 보고서는 실내 및 주변 환경에서의 음압레벨, 주파수 스펙트럼, 임펄스 응답 및 잔향특성을 종합 분석한 기술 보고서입니다.",
            "id": "sample_061_0056_000001",
            "annotations": []
        },
        {
            "sentence": "측정 목적은 지역 소음 규제 준수 확인과 실내 음향 개선안을 제안하여 소음 민원 완화 및 공연 음질 향상을 도모하는 데 있습니다.",
            "id": "sample_061_0056_000002",
            "annotations": []
        },
        {
            "sentence": "담당자: 강새론, 연락처: 010-5555-1234, 이메일: saeron.kang@korea-acoustics.kr.",
            "id": "sample_061_0056_000003",
            "annotations": [
                {
                    "word": "강새론",
                    "start": 5,
                    "end": 8,
                    "label": "개인정보"
                },
                {
                    "word": "010-5555-1234",
                    "start": 15,
                    "end": 28,
                    "label": "개인정보"
                },
                {
                    "word": "saeron.kang@korea-acoustics.kr",
                    "start": 35,
                    "end": 65,
                    "label": "개인정보"
                }
            ]
        },
        {
            "sentence": "사번: 20210456.",
            "id": "sample_061_0056_000004",
            "annotations": [
                {
                    "word": "사번: 20210456",
                    "start": 0,
                    "end": 12,
                    "label": "개인정보"
                }
            ]
        },
        {
            "sentence": "measurement_id: MEAS-061-0056-0001로 통합 관리되었으며 각 측정 세션은 고유 식별자를 부여하여 추적 가능합니다.",
            "id": "sample_061_0056_000005",
            "annotations": []
        },
        {
            "sentence": "측정 타임스탬프는 2025-01-15T14:10:00+09:00 (ISO8601)로 기록되었고 장비 상태는 세션 전후 캘리브레이션 로그로 검증되었습니다.",
            "id": "sample_061_0056_000006",
            "annotations": []
        },
        {
            "sentence": "위치: 위도 37.5010, 경도 127.0390, 주소: 서울특별시 강남구 테헤란로 123, 12층 1203호.",
            "id": "sample_061_0056_000007",
            "annotations": [
                {
                    "word": "서울특별시 강남구 테헤란로 123, 12층 1203호",
                    "start": 33,
                    "end": 62,
                    "label": "개인정보"
                }
            ]
        },
        {
            "sentence": "measurement_type: ambient 측정으로 실내 장내 소음과 외부 유입 소음을 구분 측정하였으며 1/3옥타브 밴드 분석을 병행하였습니다.",
            "id": "sample_061_0056_000008",
            "annotations": []
        },
        {
            "sentence": "측정 결과 주요 평균음압레벨은 LAeq(1h) = 58.3 dB(A), Lmax = 75.4 dB(A), L90 = 45.1 dB(A)로 표기합니다.",
            "id": "sample_061_0056_000009",
            "annotations": []
        },
        {
            "sentence": "C-가중 피크 레벨은 LCpeak = 82.1 dB(C)로 기록하였고 모든 dB 표기는 가중법을 명시하여 제공됩니다.",
            "id": "sample_061_0056_000010",
            "annotations": []
        },
        {
            "sentence": "주파수 스펙트럼은 20 Hz부터 20 kHz까지 1/3옥타브 밴드 형태로 저장되었으며 대표 밴드별 평균 dB 값이 부속 CSV에 포함됩니다.",
            "id": "sample_061_0056_000011",
            "annotations": []
        },
        {
            "sentence": "잔향시간 산출 결과는 T20 = 0.68 s, T30 = 0.74 s, 예측 RT60 = 0.86 s로 계산되었고 계산법은 ISO 3382-1 절차를 따랐습니다.",
            "id": "sample_061_0056_000012",
            "annotations": []
        },
        {
            "sentence": "임펄스 응답 원본 파일은 s3://internal-audio/ir/061_0056/ir_0001.wav에 저장되어 있으며 메타데이터만 본 보고서에 포함합니다.",
            "id": "sample_061_0056_000013",
            "annotations": [
                {
                    "word": "s3://internal-audio/ir/061_0056/ir_0001.wav",
                    "start": 14,
                    "end": 57,
                    "label": "기밀정보"
                }
            ]
        },
        {
            "sentence": "마이크로폰: GRAS 40AE, 시리얼: 1234567, 사양은 IEC 61094 준수형으로 캘리브레이션 후 사용하였습니다.",
            "id": "sample_061_0056_000014",
            "annotations": []
        },
        {
            "sentence": "교정 이력: 교정일자 2025-01-05, 교정기관: 한국계측교정원, 교정증명서 파일 경로: \\\\fileserver\\projects\\acoustics\\061_0056\\cal_cert.pdf.",
            "id": "sample_061_0056_000015",
            "annotations": [
                {
                    "word": "\\\\fileserver\\projects\\acoustics\\061_0056\\cal_cert.pdf",
                    "start": 52,
                    "end": 105,
                    "label": "기밀정보"
                }
            ]
        },
        {
            "sentence": "샘플링 레이트는 48,000 Hz로 설정하였고 윈도잉 및 FFT 파라미터는 부속 프로토콜 파일에 명시하였습니다.",
            "id": "sample_061_0056_000016",
            "annotations": []
        },
        {
            "sentence": "평균화 방식은 LAeq(1h) 기준으로 산출하였으며 Lmax, Lmin, L90 등 보조 통계값도 함께 제공됩니다.",
            "id": "sample_061_0056_000017",
            "annotations": []
        },
        {
            "sentence": "측정 지속시간은 3,600 s(1시간)으로 설정하였고 실시간 모니터링은 1초 간격으로 로그를 취득하였습니다.",
            "id": "sample_061_0056_000018",
            "annotations": []
        },
        {
            "sentence": "환경조건은 기온 22.5 °C, 상대습도 45 %, 풍속 1.2 m/s로 기록하였으며 측정 환경 로그를 부록에 포함합니다.",
            "id": "sample_061_0056_000019",
            "annotations": []
        },
        {
            "sentence": "마이크 배치: 마이크 높이 1.50 m, 무대 중심선으로부터 거리 12.0 m, 지향성은 omni로 설정하여 반사면 좌표를 동시에 측정했습니다.",
            "id": "sample_061_0056_000020",
            "annotations": []
        },
        {
            "sentence": "참조 표준: 실내 음향은 ISO 3382-1, 환경 소음은 ISO 1996-1을 적용하였고 계측기 규격은 IEC 61672를 준수했습니다.",
            "id": "sample_061_0056_000021",
            "annotations": []
        },
        {
            "sentence": "모델링 방법은 하이브리드 ray_tracing과 BEM을 결합하여 음장 해석을 수행하였고 경계조건은 부재별 흡음계수로 정의했습니다.",
            "id": "sample_061_0056_000022",
            "annotations": []
        },
        {
            "sentence": "모델 입력값: 콘크리트(0.03@125 Hz), 목재(0.10@500 Hz), 커튼(0.65@1000 Hz) 등 주파수별 흡음계수를 명시적으로 사용했습니다.",
            "id": "sample_061_0056_000023",
            "annotations": []
        },
        {
            "sentence": "모델 불확실성: 흡음계수 ±15% 및 경계조건 변경 시 RT60이 0.08 s까지 변동하는 민감도 분석 결과를 포함합니다.",
            "id": "sample_061_0056_000024",
            "annotations": []
        },
        {
            "sentence": "법적 준수 요약: 현장 LAeq(1h) 58.3 dB(A)은 주거지역 낮시간 제한 55 dB(A)를 초과하여 지역 규제 대상입니다.",
            "id": "sample_061_0056_000025",
            "annotations": []
        },
        {
            "sentence": "권장 저감책: 흡음패널(약 2,500,000원) 설치로 예상 감쇠 6.5 dB(A), 방진·차음창 설치(약 4,200,000원)로 추가 3.0 dB(A 감쇄를 기대합니다.",
            "id": "sample_061_0056_000026",
            "annotations": []
        },
        {
            "sentence": "첨부 BIM/CAD 파일: /home/eng/bim/project_061_0056.ifc (접근권한 제한, 메타데이터만 포함).",
            "id": "sample_061_0056_000027",
            "annotations": [
                {
                    "word": "/home/eng/bim/project_061_0056.ifc",
                    "start": 15,
                    "end": 49,
                    "label": "기밀정보"
                }
            ]
        },
        {
            "sentence": "원본 녹음 및 상세 좌표는 개인·보안 민감성을 고려하여 접근 권한이 제한되며 승인된 사용자만 접근 가능합니다.",
            "id": "sample_061_0056_000028",
            "annotations": []
        },
        {
            "sentence": "측정자 생년월일: 1985-07-12, 성별: 여성, 소속: 한국음향연구소.",
            "id": "sample_061_0056_000029",
            "annotations": [
                {
                    "word": "1985-07-12",
                    "start": 10,
                    "end": 20,
                    "label": "준식별자"
                },
                {
                    "word": "성별: 여성",
                    "start": 22,
                    "end": 28,
                    "label": "준식별자"
                },
                {
                    "word": "한국음향연구소",
                    "start": 34,
                    "end": 41,
                    "label": "준식별자"
                }
            ]
        },
        {
            "sentence": "측정지역: 서울특별시 강남구.",
            "id": "sample_061_0056_000030",
            "annotations": [
                {
                    "word": "강남구",
                    "start": 12,
                    "end": 15,
                    "label": "준식별자"
                }
            ]
        },
        {
            "sentence": "임펄스 응답 원본은 내부 URL http://10.0.4.12:8080/internal/ir_0001.wav에서 접근 가능하나 권한제한됩니다.",
            "id": "sample_061_0056_000031",
            "annotations": [
                {
                    "word": "http://10.0.4.12:8080/internal/ir_0001.wav",
                    "start": 18,
                    "end": 60,
                    "label": "기밀정보"
                }
            ]
        },
        {
            "sentence": "보고서 ID: RPT-061-0056, 담당자 승인: 강새론.",
            "id": "sample_061_0056_000032",
            "annotations": [
                {
                    "word": "강새론",
                    "start": 30,
                    "end": 33,
                    "label": "개인정보"
                }
            ]
        }
    ]
}