﻿word,document,sentence,label
서울특별시 강남구,061_0001,sample_061_0001_000003,준식별자
류빈,061_0001,sample_061_0001_000008,개인정보
ryubin@acoustics.kr,061_0001,sample_061_0001_000008,개인정보
010-9876-5432,061_0001,sample_061_0001_000008,개인정보
사번 20251234,061_0001,sample_061_0001_000009,개인정보
s3://private-audio-company/certs/cal_4189_20250105.pdf,061_0001,sample_061_0001_000007,기밀정보
\\internal-server\\audio\\IRs\\siteA\\IR_20250115.wav,061_0001,sample_061_0001_000012,기밀정보
s3://private-audio-company/bim/siteA/project_siteA_acoustics.ifc,061_0001,sample_061_0001_000024,기밀정보
윤전,061_0001,sample_061_0001_000026,개인정보
강하민,061_0001,sample_061_0001_000027,개인정보
/srv/private/IRs/IR_20250115.wav,061_0001,sample_061_0001_000030,기밀정보
"서울특별시 강남구 테헤란로7길 12-3, 504호",061_0002,sample_061_0002_000003,개인정보
서울특별시,061_0002,sample_061_0002_000003,준식별자
강남구,061_0002,sample_061_0002_000003,준식별자
테헤란로7길,061_0002,sample_061_0002_000003,준식별자
2024,061_0002,sample_061_0002_000003,준식별자
06,061_0002,sample_061_0002_000003,준식별자
17,061_0002,sample_061_0002_000003,준식별자
차다호,061_0002,sample_061_0002_000006,개인정보
daho.cha@example.com,061_0002,sample_061_0002_000006,개인정보
SN:MX-20240617-9812,061_0002,sample_061_0002_000010,기밀정보
CAL-2024-8976-INS,061_0002,sample_061_0002_000011,기밀정보
https://internal-storage.example.com/ir/061_0002_ir.wav,061_0002,sample_061_0002_000015,기밀정보
s3://internal-bucket/project/061_0002/bim/061_0002.ifc,061_0002,sample_061_0002_000020,기밀정보
황동구,061_0003,sample_061_0003_000002,개인정보
"서울특별시 강남구 테헤란로 123, 101동 201호",061_0003,sample_061_0003_000004,개인정보
서울특별시,061_0003,sample_061_0003_000004,준식별자
강남구,061_0003,sample_061_0003_000004,준식별자
2025,061_0003,sample_061_0003_000003,준식별자
01,061_0003,sample_061_0003_000003,준식별자
15,061_0003,sample_061_0003_000003,준식별자
s3://company-internal/audio/IR_siteA_20250115.wav,061_0003,sample_061_0003_000012,기밀정보
C:\projects\acoustics\BIM\siteA.rvt,061_0003,sample_061_0003_000013,기밀정보
10.0.5.12,061_0003,sample_061_0003_000013,기밀정보
2025,061_0004,sample_061_0004_000002,준식별자
06,061_0004,sample_061_0004_000002,준식별자
15,061_0004,sample_061_0004_000002,준식별자
서울특별시,061_0004,sample_061_0004_000003,준식별자
강남구,061_0004,sample_061_0004_000003,준식별자
역삼동,061_0004,sample_061_0004_000003,준식별자
123-45,061_0004,sample_061_0004_000003,개인정보
https://internal-storage.corp.example.com/ir/061_0004_ir.wav,061_0004,sample_061_0004_000010,기밀정보
/opt/calib/certs/SOND_CAL_CERT_20250115.pdf,061_0004,sample_061_0004_000013,기밀정보
2025,061_0004,sample_061_0004_000013,준식별자
01,061_0004,sample_061_0004_000013,준식별자
15,061_0004,sample_061_0004_000013,준식별자
방노엘,061_0004,sample_061_0004_000023,개인정보
010-1234-5678,061_0004,sample_061_0004_000023,개인정보
구제영,061_0004,sample_061_0004_000024,개인정보
smb://fileserver.local/bim/061_0004_model.ifc,061_0004,sample_061_0004_000025,기밀정보
10.0.3.12,061_0004,sample_061_0004_000029,기밀정보
"37.497942, 127.027621",061_0005,sample_061_0005_000004,기밀정보
서울특별시,061_0005,sample_061_0005_000004,준식별자
강남구,061_0005,sample_061_0005_000004,준식별자
"테헤란로 123, 5층",061_0005,sample_061_0005_000004,개인정보
s3://internal-acoustic/061_0005/ir.wav,061_0005,sample_061_0005_000011,기밀정보
smb://fileserver.internal.corp/calib/REP-061-2026-0005/certificate.pdf,061_0005,sample_061_0005_000019,기밀정보
/mnt/storage/projects/061_0005/BIM/model.rvt,061_0005,sample_061_0005_000024,기밀정보
ju_mg@acoustics.co.kr,061_0005,sample_061_0005_000025,개인정보
010-1234-5678,061_0005,sample_061_0005_000025,개인정보
주명규,061_0005,sample_061_0005_000025,개인정보
주명규,061_0005,sample_061_0005_000026,개인정보
20231567,061_0005,sample_061_0005_000027,개인정보
10.10.0.5,061_0005,sample_061_0005_000028,기밀정보
서울특별시 강남구 삼성동 123-45,061_0006,sample_061_0006_000003,개인정보
서울특별시,061_0006,sample_061_0006_000004,준식별자
강남구,061_0006,sample_061_0006_000004,준식별자
삼성동,061_0006,sample_061_0006_000004,준식별자
s3://internal-prod-bucket/acoustics/ir/siteA_room1_20250115.wav,061_0006,sample_061_0006_000010,기밀정보
s3://internal-prod-bucket/certs/mic_SN12345_cal_20251210.pdf,061_0006,sample_061_0006_000012,기밀정보
C:\Projects\Acoustics\SiteA\BIM\siteA_model.rvt,061_0006,sample_061_0006_000020,기밀정보
10.0.0.15,061_0006,sample_061_0006_000021,기밀정보
진송민,061_0006,sample_061_0006_000024,개인정보
010-1234-5678,061_0006,sample_061_0006_000024,개인정보
jinsongmin@acousticlab.kr,061_0006,sample_061_0006_000024,개인정보
남미승,061_0006,sample_061_0006_000025,개인정보
s3://internal-prod-bucket/raw/siteA_longterm_20260115.flac,061_0006,sample_061_0006_000026,기밀정보
서울특별시 강남구 역삼동 123-45 402호,061_0007,sample_061_0007_000004,개인정보
https://internal-storage.company.local/ir/measurement_061_0007_ir.wav,061_0007,sample_061_0007_000009,기밀정보
MIC-SN-45789,061_0007,sample_061_0007_000011,기밀정보
smb://fileserver/acoustic/certs/calib_MIC-SN-45789_2024-01-05.pdf,061_0007,sample_061_0007_000013,기밀정보
s3://private-bucket/projects/061_0007/model.ifc,061_0007,sample_061_0007_000020,기밀정보
이수연,061_0007,sample_061_0007_000024,개인정보
양동근,061_0007,sample_061_0007_000025,개인정보
010-1234-5678,061_0007,sample_061_0007_000026,개인정보
isuyeon@acousticlab.kr,061_0007,sample_061_0007_000026,개인정보
raw_audio_MEAS-061-0007_01.wav,061_0007,sample_061_0007_000027,기밀정보
류아령,061_0008,sample_061_0008_000003,개인정보
010-9876-5432,061_0008,sample_061_0008_000003,개인정보
ryu.aryeong@example.com,061_0008,sample_061_0008_000003,개인정보
2025-01-15,061_0008,sample_061_0008_000004,준식별자
"서울특별시 송파구 올림픽로 300, 3층 (우편번호 05500)",061_0008,sample_061_0008_000005,개인정보
"37.5145,127.1190",061_0008,sample_061_0008_000005,준식별자
송파구,061_0008,sample_061_0008_000006,준식별자
s3://internal-audio-storage/project_061/ir_M-061-0008-20250115-01.wav,061_0008,sample_061_0008_000012,기밀정보
sftp://internal.server.local/calib/CA-20250110-4189.pdf,061_0008,sample_061_0008_000014,기밀정보
cad://design-server.local/projects/061/BuildingModel.ifc,061_0008,sample_061_0008_000023,기밀정보
김수범,061_0008,sample_061_0008_000024,개인정보
사번 2025-001,061_0008,sample_061_0008_000024,개인정보
오태곤,061_0008,sample_061_0008_000024,개인정보
10.0.0.5,061_0008,sample_061_0008_000030,기밀정보
sftp://internal.server.local/reports/061_0008.pdf,061_0008,sample_061_0008_000030,기밀정보
2025,061_0009,sample_061_0009_000002,준식별자
06,061_0009,sample_061_0009_000002,준식별자
15,061_0009,sample_061_0009_000002,준식별자
서울특별시,061_0009,sample_061_0009_000003,준식별자
강남구,061_0009,sample_061_0009_000003,준식별자
/srv/internal/ir/061_0009_measurement.wav,061_0009,sample_061_0009_000008,기밀정보
\\fileserver\\projects\\061\\bim\\model.ifc,061_0009,sample_061_0009_000018,기밀정보
차하겸,061_0009,sample_061_0009_000023,개인정보
한빛환경기술,061_0009,sample_061_0009_000023,준식별자
20240089,061_0009,sample_061_0009_000023,개인정보
2025,061_0010,sample_061_0010_000003,준식별자
01,061_0010,sample_061_0010_000003,준식별자
23,061_0010,sample_061_0010_000003,준식별자
서울특별시,061_0010,sample_061_0010_000004,준식별자
중구,061_0010,sample_061_0010_000004,준식별자
을지로3가,061_0010,sample_061_0010_000004,준식별자
fileserver:/data/acoustics/061_0010/spectrum.csv,061_0010,sample_061_0010_000008,기밀정보
s3://acoustics/ir/061_0010_ir.wav,061_0010,sample_061_0010_000010,기밀정보
M100-20250123,061_0010,sample_061_0010_000011,기밀정보
certs/calibration_2025-01-20_MIC_M100-20250123.pdf,061_0010,sample_061_0010_000012,기밀정보
2025,061_0010,sample_061_0010_000012,준식별자
01,061_0010,sample_061_0010_000012,준식별자
20,061_0010,sample_061_0010_000012,준식별자
\\fileserver\cal_cert\061_0010\cal_cert.pdf,061_0010,sample_061_0010_000018,기밀정보
RPT-061-0010-20250123,061_0010,sample_061_0010_000023,기밀정보
//bimrepo/projects/061_0010/bim.ifc,061_0010,sample_061_0010_000024,기밀정보
안한희,061_0010,sample_061_0010_000025,개인정보
곽승연,061_0010,sample_061_0010_000025,개인정보
주명환,061_0010,sample_061_0010_000025,개인정보
유시연,061_0011,sample_061_0011_000028,개인정보
010-1234-5678,061_0011,sample_061_0011_000028,개인정보
ysy.engineer@example.com,061_0011,sample_061_0011_000028,개인정보
"서울특별시 강남구 테헤란로 123, 101동 501호",061_0011,sample_061_0011_000004,개인정보
서울특별시 강남구,061_0011,sample_061_0011_000005,준식별자
C:\projects\acoustics\measurements\061_0011\results.xlsx,061_0011,sample_061_0011_000014,기밀정보
https://internal-storage.company.local/impulse/IR_061_0011.wav,061_0011,sample_061_0011_000012,기밀정보
s3://internal-bucket/private/061_0011/IR.wav,061_0011,sample_061_0011_000013,기밀정보
192.168.10.12,061_0011,sample_061_0011_000029,기밀정보
2024-0057,061_0011,sample_061_0011_000029,개인정보
https://internal-storage.company.local/ir/061_0012_ir.wav,061_0012,sample_061_0012_000008,기밀정보
/srv/audio/ir/measurement_061_0012_ir.wav,061_0012,sample_061_0012_000009,기밀정보
/certs/CAL-2024-0098.pdf,061_0012,sample_061_0012_000010,기밀정보
https://internal.company.local/certs/CAL-2024-0098.pdf,061_0012,sample_061_0012_000018,기밀정보
10.0.3.45,061_0012,sample_061_0012_000019,기밀정보
/projects/061/bim/0312_model.ifc,061_0012,sample_061_0012_000015,기밀정보
/srv/audio/measurements/061_0012_raw.wav,061_0012,sample_061_0012_000025,기밀정보
차민권,061_0012,sample_061_0012_000020,개인정보
010-1234-5678,061_0012,sample_061_0012_000020,개인정보
minch@company.kr,061_0012,sample_061_0012_000020,개인정보
서울특별시,061_0012,sample_061_0012_000022,준식별자
강남구,061_0012,sample_061_0012_000022,준식별자
"서울특별시 강남구 테헤란로10길 5, 101동 405호",061_0012,sample_061_0012_000022,개인정보
유한음향연구소,061_0012,sample_061_0012_000021,준식별자
신미라,061_0012,sample_061_0012_000027,개인정보
"서울특별시 강남구 테헤란로 123-45, 101동 302호",061_0013,sample_061_0013_000005,개인정보
서울특별시,061_0013,sample_061_0013_000005,준식별자
강남구,061_0013,sample_061_0013_000005,준식별자
https://intranet.acoustic.local/objects/ir_M-2025-0001.wav,061_0013,sample_061_0013_000010,기밀정보
smb://10.10.5.12/calib/cert_BK2250_20250110.pdf,061_0013,sample_061_0013_000012,기밀정보
10.10.5.12,061_0013,sample_061_0013_000012,기밀정보
천태금,061_0013,sample_061_0013_000023,개인정보
taegum.cheon@example.com,061_0013,sample_061_0013_000023,개인정보
서울특별시 강남구 역삼동 100-12,061_0014,sample_061_0014_000004,개인정보
강남구,061_0014,sample_061_0014_000005,준식별자
역삼동,061_0014,sample_061_0014_000005,준식별자
/srv/storage/measurements/061_0014/impulse_response.wav,061_0014,sample_061_0014_000010,기밀정보
CAL-2025-0487,061_0014,sample_061_0014_000014,기밀정보
https://internal.company.local/measurements/061_0014/calib_cert.pdf,061_0014,sample_061_0014_000014,기밀정보
bim://project/061_0014/room_model.ifc,061_0014,sample_061_0014_000019,기밀정보
양현호,061_0014,sample_061_0014_000021,개인정보
20231234,061_0014,sample_061_0014_000021,개인정보
hyunho.yang@example.com,061_0014,sample_061_0014_000021,개인정보
010-1234-5678,061_0014,sample_061_0014_000021,개인정보
서주빈,061_0014,sample_061_0014_000028,개인정보
"서울특별시 강남구 테헤란로 123-45, 6층",061_0015,sample_061_0015_000004,개인정보
김재익,061_0015,sample_061_0015_000024,개인정보
김재익,061_0015,sample_061_0015_000029,개인정보
1985년 07월 12일,061_0015,sample_061_0015_000025,준식별자
강남구,061_0015,sample_061_0015_000026,준식별자
선임 음향엔지니어,061_0015,sample_061_0015_000024,준식별자
s3://internal-storage/impulse/IR_061_0015.wav,061_0015,sample_061_0015_000011,기밀정보
/srv/certs/calib_20240112_cert.pdf,061_0015,sample_061_0015_000013,기밀정보
s3://internal-bim/project_061/model.ifc,061_0015,sample_061_0015_000022,기밀정보
10.0.4.21,061_0015,sample_061_0015_000029,기밀정보
송대광,061_0016,sample_061_0016_000005,개인정보
서울특별시 종로구,061_0016,sample_061_0016_000006,준식별자
2025-01-15T10:30:00+09:00,061_0016,sample_061_0016_000004,준식별자
2025-03-15,061_0016,sample_061_0016_000010,준식별자
SN-000123456,061_0016,sample_061_0016_000010,기밀정보
CAL-2025-0456,061_0016,sample_061_0016_000011,기밀정보
s3://private-storage.company.internal/ir/061_0016.wav,061_0016,sample_061_0016_000012,기밀정보
/srv/internal/ir/061_0016_measurement.wav,061_0016,sample_061_0016_000012,기밀정보
site_061_0016.bim,061_0016,sample_061_0016_000024,기밀정보
REP-061-0016,061_0016,sample_061_0016_000025,기밀정보
"서울특별시 강남구 테헤란로 12길 34-56, 101동 1001호",061_0017,sample_061_0017_000004,개인정보
강남구,061_0017,sample_061_0017_000004,준식별자
s3://internal-bucket/061_0017/ir_20240115.wav,061_0017,sample_061_0017_000010,기밀정보
ir_20240115.wav,061_0017,sample_061_0017_000010,기밀정보
/certs/061_0017/cal_20240110.pdf,061_0017,sample_061_0017_000012,기밀정보
CAL-20240110-001,061_0017,sample_061_0017_000012,기밀정보
/cad/061_0017/model.ifc,061_0017,sample_061_0017_000022,기밀정보
우문희,061_0017,sample_061_0017_000023,개인정보
20231234,061_0017,sample_061_0017_000023,개인정보
umunhee@example.com,061_0017,sample_061_0017_000023,개인정보
010-1234-5678,061_0017,sample_061_0017_000023,개인정보
김세건,061_0017,sample_061_0017_000024,개인정보
1982-05-12,061_0017,sample_061_0017_000024,준식별자
성별: 남,061_0017,sample_061_0017_000024,준식별자
(주)음향엔지니어링코리아,061_0017,sample_061_0017_000024,준식별자
10.0.4.12,061_0017,sample_061_0017_000026,기밀정보
https://intranet.company.local/files/061_0017/ir.wav,061_0017,sample_061_0017_000026,기밀정보
/srv/internal/measurements/061_0017/ir.wav,061_0017,sample_061_0017_000026,기밀정보
"서울특별시 강남구 테헤란로 123, 101동 201호",061_0018,sample_061_0018_000004,개인정보
https://internal.example.local/certs/cal_20240123_cert.pdf,061_0018,sample_061_0018_000007,기밀정보
s3://corp-storage/certs/M-20250115/cal_4189_20240123.pdf,061_0018,sample_061_0018_000014,기밀정보
s3://corp-storage/ir/M-20250115-001.wav,061_0018,sample_061_0018_000015,기밀정보
/mnt/bim/project_061_0018/model.ifc,061_0018,sample_061_0018_000026,기밀정보
임재빈,061_0018,sample_061_0018_000027,개인정보
손영찬,061_0018,sample_061_0018_000027,개인정보
2025-06-15T10:30:00Z,061_0019,sample_061_0019_000004,준식별자
"서울특별시 강남구 테헤란로12길 34, 101동 302호",061_0019,sample_061_0019_000005,개인정보
s3://private-bucket/project/ir_061_0019.wav,061_0019,sample_061_0019_000010,기밀정보
/srv/certs/KCS-2025-0456.pdf,061_0019,sample_061_0019_000012,기밀정보
10.0.2.15,061_0019,sample_061_0019_000013,기밀정보
/mnt/bim/project_061_0019/model.ifc,061_0019,sample_061_0019_000021,기밀정보
강남구,061_0019,sample_061_0019_000024,준식별자
장이정,061_0019,sample_061_0019_000025,개인정보
ABC 환경컨설팅(주),061_0019,sample_061_0019_000025,준식별자
010-1234-5678,061_0019,sample_061_0019_000025,개인정보
jang.ji@envco.kr,061_0019,sample_061_0019_000025,개인정보
오재민,061_0019,sample_061_0019_000026,개인정보
2025-06-20,061_0019,sample_061_0019_000026,준식별자
https://internal.envco.local/secure/ir/061_0019.wav,061_0019,sample_061_0019_000027,기밀정보
/srv/data/projects/061_0019/impulse_response.wav,061_0019,sample_061_0019_000028,기밀정보
하로희,061_0020,sample_061_0020_000003,개인정보
"서울특별시 강남구 테헤란로 123, 101동 1001호",061_0020,sample_061_0020_000003,개인정보
010-1234-5678,061_0020,sample_061_0020_000003,개인정보
harohee@example.com,061_0020,sample_061_0020_000003,개인정보
1986,061_0020,sample_061_0020_000004,준식별자
05,061_0020,sample_061_0020_000004,준식별자
12,061_0020,sample_061_0020_000004,준식별자
여성,061_0020,sample_061_0020_000004,준식별자
서울특별시,061_0020,sample_061_0020_000005,준식별자
강남구,061_0020,sample_061_0020_000005,준식별자
유영수,061_0020,sample_061_0020_000006,개인정보
강남음향기술(주),061_0020,sample_061_0020_000006,준식별자
20231234,061_0020,sample_061_0020_000007,개인정보
s3://internal-storage/projectX/impulse_061_0020.wav,061_0020,sample_061_0020_000008,기밀정보
10.8.0.12,061_0020,sample_061_0020_000009,기밀정보
123-456-789012,061_0020,sample_061_0020_000010,기밀정보
file://intranet/bim/061_0020_rvt,061_0020,sample_061_0020_000021,기밀정보
s3://restricted/audio/061_0020_raw.wav,061_0020,sample_061_0020_000022,기밀정보
홍태혁,061_0020,sample_061_0020_000025,개인정보
유영수,061_0020,sample_061_0020_000027,개인정보
나강수,061_0020,sample_061_0020_000028,개인정보
https://internal.company.local/report/061_0020,061_0020,sample_061_0020_000029,기밀정보
유영수,061_0020,sample_061_0020_000030,개인정보
20231234,061_0020,sample_061_0020_000030,개인정보
2025,061_0021,sample_061_0021_000004,준식별자
06,061_0021,sample_061_0021_000004,준식별자
15,061_0021,sample_061_0021_000004,준식별자
서울특별시,061_0021,sample_061_0021_000005,준식별자
서초구,061_0021,sample_061_0021_000005,준식별자
반포동,061_0021,sample_061_0021_000005,준식별자
https://internal-storage.company.local/ir_files/roomA_rec001.wav,061_0021,sample_061_0021_000010,기밀정보
2025,061_0021,sample_061_0021_000012,준식별자
03,061_0021,sample_061_0021_000012,준식별자
12,061_0021,sample_061_0021_000012,준식별자
/secure/certs/calib_SN4189_20250312.pdf,061_0021,sample_061_0021_000012,기밀정보
bldgA_lvl1_2025.ifc,061_0021,sample_061_0021_000024,기밀정보
smb://fileserver.internal/projects/bldgA/bim.ifc,061_0021,sample_061_0021_000024,기밀정보
나성빈,061_0021,sample_061_0021_000022,개인정보
010-1234-5678,061_0021,sample_061_0021_000022,개인정보
nseong@example.com,061_0021,sample_061_0021_000022,개인정보
차금순,061_0021,sample_061_0021_000023,개인정보
2025,061_0021,sample_061_0021_000026,준식별자
06,061_0021,sample_061_0021_000026,준식별자
14,061_0021,sample_061_0021_000026,준식별자
서울특별시 강남구 역삼동 832-5 101동 1203호,061_0022,sample_061_0022_000002,개인정보
강남구,061_0022,sample_061_0022_000003,준식별자
https://internal.storage.company.local/ir/measure_061_2025.wav,061_0022,sample_061_0022_000008,기밀정보
\\fileserver\\certs\\cal_2025_003.pdf,061_0022,sample_061_0022_000010,기밀정보
\\corp\\projects\\acoustics\\BIM\\projectX.rvt,061_0022,sample_061_0022_000023,기밀정보
남정태,061_0022,sample_061_0022_000024,개인정보
010-1234-5678,061_0022,sample_061_0022_000024,개인정보
namjt@example.com,061_0022,sample_061_0022_000024,개인정보
2024-0012,061_0022,sample_061_0022_000024,개인정보
1985-07-21,061_0022,sample_061_0022_000024,준식별자
최윤범,061_0022,sample_061_0022_000025,개인정보
010-9876-5432,061_0022,sample_061_0022_000025,개인정보
choiyb@company.local,061_0022,sample_061_0022_000025,개인정보
10.0.1.5,061_0022,sample_061_0022_000026,기밀정보
\\internal\\logs\\access_2025.csv,061_0022,sample_061_0022_000027,기밀정보
고치훈,061_0022,sample_061_0022_000030,개인정보
류강인,061_0023,sample_061_0023_000004,개인정보
한국음향연구소,061_0023,sample_061_0023_000004,준식별자
현장엔지니어,061_0023,sample_061_0023_000004,준식별자
010-1234-5678,061_0023,sample_061_0023_000005,개인정보
ryugangin@example.com,061_0023,sample_061_0023_000005,개인정보
서울특별시 강남구 테헤란로 123-45 7층,061_0023,sample_061_0023_000006,개인정보
CERT-20250310-789,061_0023,sample_061_0023_000010,기밀정보
s3://private-bucket/061_0023/ir.wav,061_0023,sample_061_0023_000015,기밀정보
/srv/measurements/061_0023/ir.wav,061_0023,sample_061_0023_000015,기밀정보
10.10.10.5,061_0023,sample_061_0023_000016,기밀정보
BIM_061_0023.ifc,061_0023,sample_061_0023_000026,기밀정보
CERT-20250310-789.pdf,061_0023,sample_061_0023_000027,기밀정보
류수연,061_0023,sample_061_0023_000028,개인정보
"서울특별시 강남구 테헤란로 123, 45층 4501호",061_0024,sample_061_0024_000004,개인정보
서울특별시,061_0024,sample_061_0024_000004,준식별자
강남구,061_0024,sample_061_0024_000004,준식별자
https://internal-storage.company.local/ir/measurement_20250123.wav,061_0024,sample_061_0024_000005,기밀정보
홍찬후,061_0024,sample_061_0024_000020,개인정보
HCH2025-004,061_0024,sample_061_0024_000020,개인정보
010-1234-5678,061_0024,sample_061_0024_000020,개인정보
hong.chanhoo@example.com,061_0024,sample_061_0024_000020,개인정보
곽승환,061_0024,sample_061_0024_000021,개인정보
https://bim.repo.company.local/models/2025_project.ifc,061_0024,sample_061_0024_000022,기밀정보
\\fileserver\acoustics\project_2025_model.ifc,061_0024,sample_061_0024_000022,기밀정보
10.10.8.24,061_0024,sample_061_0024_000024,기밀정보
서울특별시,061_0024,sample_061_0024_000019,준식별자
2025-06-11T14:30:00Z,061_0025,sample_061_0025_000002,준식별자
서울특별시,061_0025,sample_061_0025_000003,준식별자
강남구,061_0025,sample_061_0025_000003,준식별자
2025-06-12,061_0025,sample_061_0025_000010,준식별자
조소율,061_0026,sample_061_0026_000003,개인정보
사번: 2023-0457,061_0026,sample_061_0026_000003,개인정보
서울특별시,061_0026,sample_061_0026_000005,준식별자
종로구,061_0026,sample_061_0026_000005,준식별자
세종로,061_0026,sample_061_0026_000005,준식별자
s3://internal-audio/measurements/061_0026_IR.wav,061_0026,sample_061_0026_000010,기밀정보
/srv/data/measurements/061_0026/IR.wav,061_0026,sample_061_0026_000011,기밀정보
https://internal.company.local/bim/061_0026.ifc,061_0026,sample_061_0026_000025,기밀정보
서울특별시,061_0027,sample_061_0027_000004,준식별자
강남구,061_0027,sample_061_0027_000004,준식별자
역삼동,061_0027,sample_061_0027_000004,준식별자
123-45번지 101동 502호,061_0027,sample_061_0027_000004,개인정보
/srv/internal/ir/measurement_061_0027.wav,061_0027,sample_061_0027_000010,기밀정보
SN-A12345678,061_0027,sample_061_0027_000011,기밀정보
https://intranet.local/certs/cal_061_0027.pdf,061_0027,sample_061_0027_000012,기밀정보
cad/061_0027_building.ifc,061_0027,sample_061_0027_000022,기밀정보
박예원,061_0027,sample_061_0027_000023,개인정보
010-1234-5678,061_0027,sample_061_0027_000023,개인정보
pye-won@example.com,061_0027,sample_061_0027_000023,개인정보
1985년,061_0027,sample_061_0027_000023,준식별자
03월,061_0027,sample_061_0027_000023,준식별자
22일,061_0027,sample_061_0027_000023,준식별자
구루리,061_0027,sample_061_0027_000024,개인정보
2023-0456,061_0027,sample_061_0027_000024,개인정보
010-9876-5432,061_0027,sample_061_0027_000024,개인정보
이종원,061_0027,sample_061_0027_000025,개인정보
10.0.0.12,061_0027,sample_061_0027_000025,기밀정보
s3://acoustics-prod/061/ir.wav,061_0027,sample_061_0027_000026,기밀정보
오우겸,061_0028,sample_061_0028_000004,개인정보
oukyum@acoustics.kr,061_0028,sample_061_0028_000004,개인정보
사번 2026-0456,061_0028,sample_061_0028_000004,개인정보
서울특별시,061_0028,sample_061_0028_000003,준식별자
마포구,061_0028,sample_061_0028_000003,준식별자
상암동,061_0028,sample_061_0028_000003,준식별자
SENNHEISER-KM184-000123,061_0028,sample_061_0028_000011,기밀정보
ACC-AX100-89765,061_0028,sample_061_0028_000012,기밀정보
https://storage.internal.acoustics/ir/061_0028_measurement.wav,061_0028,sample_061_0028_000010,기밀정보
/srv/bim/projects/061_0028/room_model.rvt,061_0028,sample_061_0028_000028,기밀정보
"서울특별시 강남구 테헤란로 123, 101동 502호",061_0029,sample_061_0029_000004,개인정보
송현우,061_0029,sample_061_0029_000025,개인정보
+82-10-1234-5678,061_0029,sample_061_0029_000025,개인정보
songhw@example.com,061_0029,sample_061_0029_000025,개인정보
유용진,061_0029,sample_061_0029_000026,개인정보
1985-07-12,061_0029,sample_061_0029_000026,준식별자
남성,061_0029,sample_061_0029_000026,준식별자
서울특별시,061_0029,sample_061_0029_000004,준식별자
강남구,061_0029,sample_061_0029_000004,준식별자
http://internal-storage.company.local/objects/ir_061_0029.wav,061_0029,sample_061_0029_000011,기밀정보
C:\internal\calib\cert_061_0029.pdf,061_0029,sample_061_0029_000014,기밀정보
공수언,061_0029,sample_061_0029_000027,기밀정보
http://internal-cad.company.local/bim/061_0029.ifc,061_0029,sample_061_0029_000028,기밀정보
진무결,061_0030,sample_061_0030_000002,개인정보
010-1234-5678,061_0030,sample_061_0030_000002,개인정보
jmkg@example.com,061_0030,sample_061_0030_000002,개인정보
서울특별시 강남구 논현로 123-45 3층,061_0030,sample_061_0030_000003,개인정보
서울특별시,061_0030,sample_061_0030_000004,준식별자
강남구,061_0030,sample_061_0030_000004,준식별자
논현동,061_0030,sample_061_0030_000004,준식별자
s3://internal-audio/archive/061_0030_ir_20250115.wav,061_0030,sample_061_0030_000008,기밀정보
sftp://192.168.10.5/secure/061_0030_ir.wav,061_0030,sample_061_0030_000009,기밀정보
192.168.10.5,061_0030,sample_061_0030_000009,기밀정보
\\corp-bim\\projects\\061_0030\\building_v2.ifc,061_0030,sample_061_0030_000023,기밀정보
유유라,061_0030,sample_061_0030_000026,개인정보
서울특별시 종로구 사직로5길 12-101호,061_0031,sample_061_0031_000004,개인정보
"37.582593,126.979388",061_0031,sample_061_0031_000004,개인정보
방시후,061_0031,sample_061_0031_000005,개인정보
유태룡,061_0031,sample_061_0031_000005,개인정보
현대건설,061_0031,sample_061_0031_000005,준식별자
/secure/certs/CAL-2024-0456.pdf,061_0031,sample_061_0031_000009,기밀정보
/srv/projects/noise/061_0031/ir/ir_M-061-20240115-01.wav,061_0031,sample_061_0031_000010,기밀정보
진본우,061_0031,sample_061_0031_000025,개인정보
임재철,061_0031,sample_061_0031_000025,개인정보
10.0.4.23,061_0031,sample_061_0031_000026,기밀정보
/srv/projects/noise/061_0031/bim/model.ifc,061_0031,sample_061_0031_000027,기밀정보
2026,061_0032,sample_061_0032_000004,준식별자
01,061_0032,sample_061_0032_000004,준식별자
15,061_0032,sample_061_0032_000004,준식별자
"37.4990,127.0277",061_0032,sample_061_0032_000005,개인정보
서울특별시 강남구 역삼동 123-45 302호,061_0032,sample_061_0032_000005,개인정보
서울특별시,061_0032,sample_061_0032_000005,준식별자
강남구,061_0032,sample_061_0032_000005,준식별자
역삼동,061_0032,sample_061_0032_000005,준식별자
s3://internal-audio/proj/061/ir_0032.wav,061_0032,sample_061_0032_000010,기밀정보
C:\projects\audio\061\ir_0032.wav,061_0032,sample_061_0032_000010,기밀정보
/certs/kor_cal_20251218.pdf,061_0032,sample_061_0032_000012,기밀정보
2025,061_0032,sample_061_0032_000012,준식별자
12,061_0032,sample_061_0032_000012,준식별자
18,061_0032,sample_061_0032_000012,준식별자
/internal/bim/061_0032.bim,061_0032,sample_061_0032_000023,기밀정보
황성자,061_0032,sample_061_0032_000024,개인정보
010-1234-5678,061_0032,sample_061_0032_000024,개인정보
hsj@example.co.kr,061_0032,sample_061_0032_000024,개인정보
10.0.4.12,061_0032,sample_061_0032_000026,기밀정보
vpn.internal.example.local,061_0032,sample_061_0032_000026,기밀정보
http://internal-intranet/cert/061_0032,061_0032,sample_061_0032_000027,기밀정보
민용주,061_0032,sample_061_0032_000028,개인정보
송승리,061_0033,sample_061_0033_000005,개인정보
사번: 2023-0456,061_0033,sample_061_0033_000005,개인정보
010-1234-5678,061_0033,sample_061_0033_000005,개인정보
songsr@example.com,061_0033,sample_061_0033_000005,개인정보
"서울특별시 강남구 테헤란로 12길 3, 101동 502호",061_0033,sample_061_0033_000007,개인정보
https://internal.example.com/storage/ir/061_0033.wav,061_0033,sample_061_0033_000012,기밀정보
/srv/audio/ir/measurement_061_0033.wav,061_0033,sample_061_0033_000013,기밀정보
\\internal-server\certs\cal_cert_2023-09-15.pdf,061_0033,sample_061_0033_000015,기밀정보
\\internal-server\BIM\project_061_0033.rvt,061_0033,sample_061_0033_000025,기밀정보
/srv/audio/061_0033_raw.wav,061_0033,sample_061_0033_000026,기밀정보
10.0.0.45,061_0033,sample_061_0033_000026,기밀정보
장예봄,061_0033,sample_061_0033_000030,개인정보
jangyb@example.com,061_0033,sample_061_0033_000030,개인정보
공효재,061_0033,sample_061_0033_000031,개인정보
서울특별시 강남구 테헤란로 123-45 101호,061_0034,sample_061_0034_000004,개인정보
서울특별시,061_0034,sample_061_0034_000004,준식별자
강남구,061_0034,sample_061_0034_000004,준식별자
https://private-storage.internal/061/ir_M061_0001.wav,061_0034,sample_061_0034_000010,기밀정보
certs/calibration_4190_BRK-000123.pdf,061_0034,sample_061_0034_000013,기밀정보
\\corp-share\\projects\\061\\cal_cert\\cal_4190_000123.pdf,061_0034,sample_061_0034_000017,기밀정보
https://bim.internal.company/061/BIM_project_061_20260115.ifc,061_0034,sample_061_0034_000024,기밀정보
신도연,061_0034,sample_061_0034_000025,개인정보
010-1234-5678,061_0034,sample_061_0034_000025,개인정보
sindoyun@example.com,061_0034,sample_061_0034_000025,개인정보
2025-06-11T14:30:00+09:00,061_0035,sample_061_0035_000002,준식별자
"서울특별시 강남구 테헤란로12길 34, 501호",061_0035,sample_061_0035_000003,개인정보
서울특별시,061_0035,sample_061_0035_000003,준식별자
강남구,061_0035,sample_061_0035_000003,준식별자
https://internal.corp.local/storage/ir/061_0035_ir.wav,061_0035,sample_061_0035_000008,기밀정보
2025-06-10,061_0035,sample_061_0035_000010,준식별자
https://internal.corp.local/certs/KCAL-2025-0897.pdf,061_0035,sample_061_0035_000013,기밀정보
류지아,061_0035,sample_061_0035_000020,개인정보
010-1234-5678,061_0035,sample_061_0035_000020,개인정보
전해정,061_0035,sample_061_0035_000021,개인정보
smb://fileserver/projects/061_0035/BIM/model.ifc,061_0035,sample_061_0035_000022,기밀정보
전해정,061_0035,sample_061_0035_000027,개인정보
서울특별시 강남구 테헤란로7길 12동 101호,061_0036,sample_061_0036_000003,개인정보
서울특별시,061_0036,sample_061_0036_000003,준식별자
강남구,061_0036,sample_061_0036_000003,준식별자
s3://internal-audio-storage/private/ir_061_0036.wav,061_0036,sample_061_0036_000006,기밀정보
GRAS 40AE,061_0036,sample_061_0036_000007,일반정보
C:\projects\acoustics\cal\cert_061_0036.pdf,061_0036,sample_061_0036_000008,기밀정보
10.0.0.12,061_0036,sample_061_0036_000016,기밀정보
http://internal.acoustics.local/reports/061_0036,061_0036,sample_061_0036_000016,기밀정보
진윤설,061_0036,sample_061_0036_000017,개인정보
010-1234-5678,061_0036,sample_061_0036_000017,개인정보
yoonseol@acoustics.kr,061_0036,sample_061_0036_000017,개인정보
1985-06-18,061_0036,sample_061_0036_000018,준식별자
한국음향연구원,061_0036,sample_061_0036_000018,준식별자
박승원,061_0036,sample_061_0036_000019,개인정보
한성현,061_0037,sample_061_0037_000002,개인정보
사번: 2025-0456,061_0037,sample_061_0037_000002,개인정보
010-1234-5678,061_0037,sample_061_0037_000002,개인정보
han.sh@acoustics.kr,061_0037,sample_061_0037_000002,개인정보
방수희,061_0037,sample_061_0037_000003,개인정보
내부 결재선: 팀장 방수희 승인,061_0037,sample_061_0037_000003,기밀정보
"서울특별시 강남구 테헤란로25길 12, 101동 302호",061_0037,sample_061_0037_000005,개인정보
서울특별시,061_0037,sample_061_0037_000005,준식별자
강남구,061_0037,sample_061_0037_000005,준식별자
https://obj-storage.internal.company/ir/ir_20250115.wav,061_0037,sample_061_0037_000010,기밀정보
//internal.audio.server/ir/2025/ir_0001.wav,061_0037,sample_061_0037_000011,기밀정보
"Brüel&Kjær 4189(type), 시리얼번호 SN-085412",061_0037,sample_061_0037_000012,일반정보
"한국계측교정원, 교정일자: 2024-11-20",061_0037,sample_061_0037_000013,일반정보
ir_20250115_48k_24b.wav,061_0037,sample_061_0037_000014,기밀정보
//internal.cad.local/BIM/project_2025.bim,061_0037,sample_061_0037_000025,기밀정보
"서울특별시 강남구 테헤란로 123길 45, 101동 502호",061_0038,sample_061_0038_000005,개인정보
강남구,061_0038,sample_061_0038_000005,준식별자
s3://acme-private/ir_061_0038.wav,061_0038,sample_061_0038_000010,기밀정보
\\internal\\audio\\projectX\\ir_061_0038.wav,061_0038,sample_061_0038_000011,기밀정보
http://intranet.acme.local/certs/061_0038_calib.pdf,061_0038,sample_061_0038_000013,기밀정보
\\internal\\certs\\CAL-061-0038-KOLAS-20240310.pdf,061_0038,sample_061_0038_000017,기밀정보
010-1234-5678,061_0038,sample_061_0038_000024,개인정보
sonriha@example.com,061_0038,sample_061_0038_000024,개인정보
손리하,061_0038,sample_061_0038_000024,개인정보
여성,061_0038,sample_061_0038_000025,준식별자
1985,061_0038,sample_061_0038_000025,준식별자
07,061_0038,sample_061_0038_000025,준식별자
12,061_0038,sample_061_0038_000025,준식별자
천진후,061_0038,sample_061_0038_000026,개인정보
송정후,061_0038,sample_061_0038_000026,개인정보
10.0.0.5,061_0038,sample_061_0038_000028,기밀정보
s3://acme-private/secure-logs/061_0038.log,061_0038,sample_061_0038_000028,기밀정보
주식회사 아크메 음향연구소,061_0038,sample_061_0038_000029,준식별자
"서울특별시 강남구 테헤란로 123-45, 3층",061_0039,sample_061_0039_000003,개인정보
홍태형,061_0039,sample_061_0039_000018,개인정보
송유,061_0039,sample_061_0039_000027,개인정보
EID-20234,061_0039,sample_061_0039_000018,개인정보
010-1234-5678,061_0039,sample_061_0039_000019,개인정보
hthong@example.com,061_0039,sample_061_0039_000019,개인정보
남성,061_0039,sample_061_0039_000018,준식별자
1985-06-15,061_0039,sample_061_0039_000018,준식별자
ABC엔지니어링,061_0039,sample_061_0039_000018,준식별자
서울특별시 강남구,061_0039,sample_061_0039_000023,준식별자
https://internal.acoustics.local/storage/ir_061_0039.wav,061_0039,sample_061_0039_000007,기밀정보
s3://internal-audio-prod/calib/4189_SN-12345678_20250210.pdf,061_0039,sample_061_0039_000009,기밀정보
C:\Projects\Acoustics\BIM\061_0039.rvt,061_0039,sample_061_0039_000016,기밀정보
10.10.20.5,061_0039,sample_061_0039_000017,기밀정보
https://internal.acoustics.local/storage/ir_061_0039.wav,061_0039,sample_061_0039_000028,기밀정보
"강남구 테헤란로 123, 5층",061_0040,sample_061_0040_000001,개인정보
서울특별시,061_0040,sample_061_0040_000001,준식별자
강남구,061_0040,sample_061_0040_000001,준식별자
삼성동,061_0040,sample_061_0040_000001,준식별자
장상원,061_0040,sample_061_0040_000004,개인정보
사번 2023-0456,061_0040,sample_061_0040_000004,개인정보
010-1234-5678,061_0040,sample_061_0040_000004,개인정보
engineer.jang@company.kr,061_0040,sample_061_0040_000004,개인정보
CAL-2025-KSC-0114,061_0040,sample_061_0040_000006,기밀정보
https://intranet.company.local/certificates/CAL-2025-KSC-0114.pdf,061_0040,sample_061_0040_000007,기밀정보
s3://private-bucket/internal_ir/measure_061_0040.wav,061_0040,sample_061_0040_000007,기밀정보
measure_061_0040_ir.wav,061_0040,sample_061_0040_000008,기밀정보
/mnt/internal/bim/061_0040/gnb_building.ifc,061_0040,sample_061_0040_000023,기밀정보
10.0.0.5,061_0040,sample_061_0040_000027,기밀정보
엄하리,061_0040,sample_061_0040_000028,개인정보
"서울특별시 강남구 테헤란로 123, 101동 501호",061_0041,sample_061_0041_000004,개인정보
s3://private-company-bucket/ir/measurement_2025_03_12_0001.wav,061_0041,sample_061_0041_000010,기밀정보
C:\projects\acoustics\certs\calib_cert_20250110.pdf,061_0041,sample_061_0041_000012,기밀정보
s3://private-company-bucket/bim/061_0041_project.ifc,061_0041,sample_061_0041_000024,기밀정보
고민혁,061_0041,sample_061_0041_000025,개인정보
010-1234-5678,061_0041,sample_061_0041_000025,개인정보
kdh@example.com,061_0041,sample_061_0041_000025,개인정보
김찬욱,061_0041,sample_061_0041_000026,개인정보
/srv/data/acoustics/061_0041/ir.wav,061_0041,sample_061_0041_000028,기밀정보
전승천,061_0042,sample_061_0042_000003,개인정보
jeonseung.choi@example.co.kr,061_0042,sample_061_0042_000003,개인정보
010-1234-5678,061_0042,sample_061_0042_000004,개인정보
"서울특별시 강서구 화곡로 123, 5층 연구실",061_0042,sample_061_0042_000005,개인정보
MIC-SN-00098765,061_0042,sample_061_0042_000007,기밀정보
CAL-2025-00987,061_0042,sample_061_0042_000008,기밀정보
s3://corporate-private/acoustics/IRs/IR_061_0042.wav,061_0042,sample_061_0042_000010,기밀정보
file://internal-server/bim/project_061_0042.rvt,061_0042,sample_061_0042_000011,기밀정보
http://10.0.0.12/reports/061_0042,061_0042,sample_061_0042_000012,기밀정보
정명규,061_0042,sample_061_0042_000025,개인정보
jm.k@environment.kr,061_0042,sample_061_0042_000025,개인정보
서지민,061_0043,sample_061_0043_000006,개인정보
여,061_0043,sample_061_0043_000006,준식별자
1985-07-12,061_0043,sample_061_0043_000006,준식별자
010-1234-5678,061_0043,sample_061_0043_000006,개인정보
seojimin@example.com,061_0043,sample_061_0043_000006,개인정보
서울특별시 종로구 삼청로85-3 3층,061_0043,sample_061_0043_000004,개인정보
종로구,061_0043,sample_061_0043_000005,준식별자
"37.5825,127.0090",061_0043,sample_061_0043_000004,기밀정보
https://private-storage.internal.company/ir/measurement_20250101.wav,061_0043,sample_061_0043_000015,기밀정보
/data/internal/impulse/ir_20250101.wav,061_0043,sample_061_0043_000016,기밀정보
10.10.240.12,061_0043,sample_061_0043_000017,기밀정보
고동윤,061_0044,sample_061_0044_000004,개인정보
010-1234-5678,061_0044,sample_061_0044_000005,개인정보
dongyoon@example.com,061_0044,sample_061_0044_000005,개인정보
04567,061_0044,sample_061_0044_000005,개인정보
"서울특별시 강남구 테헤란로10길 5, 101동 702호",061_0044,sample_061_0044_000007,개인정보
서울특별시,061_0044,sample_061_0044_000007,준식별자
강남구,061_0044,sample_061_0044_000007,준식별자
남성,061_0044,sample_061_0044_000008,준식별자
1983,061_0044,sample_061_0044_000008,준식별자
05,061_0044,sample_061_0044_000008,준식별자
12,061_0044,sample_061_0044_000008,준식별자
https://intranet.company.local/ir/061_0044.wav,061_0044,sample_061_0044_000015,기밀정보
/srv/internal/ir/measurement_061_0044.wav,061_0044,sample_061_0044_000015,기밀정보
https://secure.internal/docs/calib/061_0044_cert.pdf,061_0044,sample_061_0044_000018,기밀정보
민송이,061_0044,sample_061_0044_000027,개인정보
이영돈,061_0044,sample_061_0044_000027,개인정보
measurement_061_0044_1_1.wav,061_0044,sample_061_0044_000028,기밀정보
BIM_061_0044.rvt,061_0044,sample_061_0044_000028,기밀정보
손종우,061_0045,sample_061_0045_000002,개인정보
사번 2025-045,061_0045,sample_061_0045_000002,개인정보
son.jongwoo@example.com,061_0045,sample_061_0045_000002,개인정보
010-1234-5678,061_0045,sample_061_0045_000002,개인정보
생년월일 1985-07-23,061_0045,sample_061_0045_000003,준식별자
성별 남,061_0045,sample_061_0045_000003,준식별자
"서울특별시 강남구 테헤란로 521, 12층 1203호",061_0045,sample_061_0045_000004,개인정보
서울특별시,061_0045,sample_061_0045_000004,준식별자
강남구,061_0045,sample_061_0045_000004,준식별자
서울특별시,061_0045,sample_061_0045_000006,준식별자
강남구,061_0045,sample_061_0045_000006,준식별자
s3://internal-company-audio/ir/roomA_20250101.wav,061_0045,sample_061_0045_000013,기밀정보
https://intranet.example.com/docs/calibration_cert_2025.pdf,061_0045,sample_061_0045_000016,기밀정보
192.168.10.5,061_0045,sample_061_0045_000020,기밀정보
/internal/calib/cert_2025.pdf,061_0045,sample_061_0045_000020,기밀정보
손종우,061_0045,sample_061_0045_000028,개인정보
2025-06-12T09:00:00Z,061_0046,sample_061_0046_000003,준식별자
서울특별시 강남구 역삼동,061_0046,sample_061_0046_000004,준식별자
s3://internal-audio-bucket/061/0046/IR_061_0046.wav,061_0046,sample_061_0046_000009,기밀정보
C:\Projects\Acoustics\IR\061_0046.wav,061_0046,sample_061_0046_000010,기밀정보
\\intranet\\calib\\CAL-2025-045.pdf,061_0046,sample_061_0046_000016,기밀정보
\\intranet\\cad\\061\\0046.bim,061_0046,sample_061_0046_000023,기밀정보
윤동우,061_0046,sample_061_0046_000024,개인정보
허서형,061_0046,sample_061_0046_000024,개인정보
지충현,061_0047,sample_061_0047_000005,개인정보
010-1234-5678,061_0047,sample_061_0047_000005,개인정보
jch@sndeng.kr,061_0047,sample_061_0047_000005,개인정보
"서울특별시 강남구 테헤란로 123, 101동 1001호",061_0047,sample_061_0047_000004,개인정보
1985-07-21,061_0047,sample_061_0047_000005,준식별자
한음향기술연구소,061_0047,sample_061_0047_000005,준식별자
https://internal-storage.local/ir/061_0047_ir.wav,061_0047,sample_061_0047_000011,기밀정보
\\fileserver\\projects\\061_0047\\ir.wav,061_0047,sample_061_0047_000012,기밀정보
10.0.0.5,061_0047,sample_061_0047_000012,기밀정보
2024-01-15T09:30:00Z,061_0048,sample_061_0048_000004,준식별자
"37.497942,127.027621",061_0048,sample_061_0048_000005,준식별자
"서울특별시 강남구 역삼로12길 34, 101동 1203호",061_0048,sample_061_0048_000006,개인정보
MIC-2024-00012345,061_0048,sample_061_0048_000008,기밀정보
2024-01-10,061_0048,sample_061_0048_000009,준식별자
한국교정센터,061_0048,sample_061_0048_000009,준식별자
https://internal.corp/storage/certs/cal_2024_001.pdf,061_0048,sample_061_0048_000010,기밀정보
s3://internal-bucket/project/061_0048/bim/model.ifc,061_0048,sample_061_0048_000011,기밀정보
https://internal.corp/storage/ir/061_0048_ir.wav,061_0048,sample_061_0048_000019,기밀정보
성용수,061_0048,sample_061_0048_000027,개인정보
010-1234-5678,061_0048,sample_061_0048_000027,개인정보
sungyongsu@research.kr,061_0048,sample_061_0048_000028,개인정보
한국음향기술연구소,061_0048,sample_061_0048_000029,준식별자
심송민,061_0048,sample_061_0048_000030,개인정보
서울특별시 강남구 테헤란로 123,061_0049,sample_061_0049_000005,개인정보
서울특별시,061_0049,sample_061_0049_000005,준식별자
강남구,061_0049,sample_061_0049_000005,준식별자
https://internal-storage.acme.local/ir/measurement_061_0049.wav,061_0049,sample_061_0049_000016,기밀정보
s3://private-storage.acme.local/ir/061_0049.wav,061_0049,sample_061_0049_000017,기밀정보
https://intranet.acme.local/certificates/cal_061_0049.pdf,061_0049,sample_061_0049_000018,기밀정보
/projects/061_0049/model.ifc,061_0049,sample_061_0049_000019,기밀정보
10.10.5.20,061_0049,sample_061_0049_000028,기밀정보
문우용,061_0049,sample_061_0049_000026,개인정보
홍 주예,061_0049,sample_061_0049_000029,개인정보
hong.juye@example.com,061_0049,sample_061_0049_000029,개인정보
"서울특별시 강남구 테헤란로 123, 45동 101호",061_0050,sample_061_0050_000004,개인정보
서울특별시,061_0050,sample_061_0050_000004,준식별자
강남구,061_0050,sample_061_0050_000004,준식별자
류원용,061_0050,sample_061_0050_000005,개인정보
010-1234-5678,061_0050,sample_061_0050_000005,개인정보
ryu.wonyong@example.com,061_0050,sample_061_0050_000005,개인정보
1985,061_0050,sample_061_0050_000006,준식별자
07,061_0050,sample_061_0050_000006,준식별자
15,061_0050,sample_061_0050_000006,준식별자
남,061_0050,sample_061_0050_000006,준식별자
노경주,061_0050,sample_061_0050_000007,개인정보
s3://private-audio-storage/proj-061_0050/calibration_certificate_4189_20260110.pdf,061_0050,sample_061_0050_000008,기밀정보
/srv/internal/measurements/projectX/061_0050/ir_20260120.wav,061_0050,sample_061_0050_000015,기밀정보
https://internal.corp.local/files/061_0050/061_0050_building_model.rvt,061_0050,sample_061_0050_000025,기밀정보
한국음향연구소,061_0050,sample_061_0050_000029,준식별자
서울특별시,061_0051,sample_061_0051_000004,준식별자
서초구,061_0051,sample_061_0051_000004,준식별자
서울특별시 서초구 반포대로30길 12-4 301호,061_0051,sample_061_0051_000004,개인정보
s3://internal-acoustics/ir_files/ir_20260115.wav,061_0051,sample_061_0051_000010,기밀정보
\\internal-server\certs\KAS-20260110-77.pdf,061_0051,sample_061_0051_000015,기밀정보
\\cad-server\projects\061_0051\acoustics_model.dwg,061_0051,sample_061_0051_000022,기밀정보
곽호영,061_0051,sample_061_0051_000023,개인정보
010-1234-5678,061_0051,sample_061_0051_000023,개인정보
gwak.hoyoung@kas.org,061_0051,sample_061_0051_000023,개인정보
2024-0456,061_0051,sample_061_0051_000023,개인정보
한국음향기술연구소,061_0051,sample_061_0051_000025,준식별자
진수연,061_0051,sample_061_0051_000024,개인정보
1985-07-12,061_0051,sample_061_0051_000024,준식별자
10.0.12.5,061_0051,sample_061_0051_000026,기밀정보
vpn.corp.internal,061_0051,sample_061_0051_000026,기밀정보
프로젝트 061_0051 내부협의,061_0051,sample_061_0051_000028,기밀정보
AP-2026-01,061_0051,sample_061_0051_000028,기밀정보
"서울특별시 강남구 테헤란로 123, 101호",061_0052,sample_061_0052_000003,개인정보
전도원,061_0052,sample_061_0052_000004,개인정보
사번: 20231234,061_0052,sample_061_0052_000004,개인정보
한국음향기술(주),061_0052,sample_061_0052_000004,준식별자
010-1234-5678,061_0052,sample_061_0052_000004,개인정보
jeon.dw@koreaaudio.co.kr,061_0052,sample_061_0052_000004,개인정보
서울특별시,061_0052,sample_061_0052_000003,준식별자
강남구,061_0052,sample_061_0052_000003,준식별자
https://internal-storage.koreaaudio.local/ir/sessionA.wav,061_0052,sample_061_0052_000010,기밀정보
\\fileserver\\projects\\MSR-2025-0001\\IR.wav,061_0052,sample_061_0052_000024,기밀정보
전도원,061_0052,sample_061_0052_000028,개인정보
"서울특별시 마포구 공덕로 123, 301호",061_0053,sample_061_0053_000005,개인정보
서울특별시,061_0053,sample_061_0053_000006,준식별자
마포구,061_0053,sample_061_0053_000007,준식별자
공덕동,061_0053,sample_061_0053_000008,준식별자
s3://private-audio-bucket/ir/roomA_2025-01-13.wav,061_0053,sample_061_0053_000016,기밀정보
\\internal-server\\calib\\cal_BK4190_SN019283_20241120.pdf,061_0053,sample_061_0053_000018,기밀정보
권하진,061_0053,sample_061_0053_000020,개인정보
E123456,061_0053,sample_061_0053_000020,개인정보
khj.audit@example.com,061_0053,sample_061_0053_000020,개인정보
010-1234-5678,061_0053,sample_061_0053_000020,개인정보
배하라,061_0053,sample_061_0053_000021,개인정보
류성혁,061_0053,sample_061_0053_000021,개인정보
엄혜진,061_0053,sample_061_0053_000021,개인정보
\\internal-server\\projects\\BIM\\Site_A\\acoustic_model.ifc,061_0053,sample_061_0053_000026,기밀정보
한유온,061_0054,sample_061_0054_000003,개인정보
사번 2023001,061_0054,sample_061_0054_000003,개인정보
010-1234-5678,061_0054,sample_061_0054_000003,개인정보
hyun@example.co.kr,061_0054,sample_061_0054_000003,개인정보
서울특별시 강남구 테헤란로 123-45,061_0054,sample_061_0054_000005,개인정보
강남구,061_0054,sample_061_0054_000006,준식별자
https://internal-storage.company.local/ir/measurement_20240115.wav,061_0054,sample_061_0054_000013,기밀정보
Z:\Projects\Acoustics\ProjectX\cal_cert_20240110.pdf,061_0054,sample_061_0054_000015,기밀정보
10.0.0.12,061_0054,sample_061_0054_000027,기밀정보
BIM_ProjectX_R1.ifc,061_0054,sample_061_0054_000026,기밀정보
송선민,061_0054,sample_061_0054_000029,개인정보
정범준,061_0054,sample_061_0054_000029,개인정보
서울특별시 마포구 공덕동 123-45 101동 201호,061_0055,sample_061_0055_000003,개인정보
서울특별시,061_0055,sample_061_0055_000003,준식별자
마포구,061_0055,sample_061_0055_000003,준식별자
공덕동,061_0055,sample_061_0055_000003,준식별자
https://internal.company.local/objects/IR_061_0055.wav,061_0055,sample_061_0055_000009,기밀정보
\\internal-server\\projects\\acoustics\\measurements\\IR_061_0055.wav,061_0055,sample_061_0055_000010,기밀정보
10.0.5.21,061_0055,sample_061_0055_000011,기밀정보
권소민,061_0055,sample_061_0055_000023,개인정보
한국음향기술연구소,061_0055,sample_061_0055_000023,준식별자
ksm_acoustics@example.com,061_0055,sample_061_0055_000023,개인정보
강새론,061_0056,sample_061_0056_000003,개인정보
010-5555-1234,061_0056,sample_061_0056_000003,개인정보
saeron.kang@korea-acoustics.kr,061_0056,sample_061_0056_000003,개인정보
사번: 20210456,061_0056,sample_061_0056_000004,개인정보
"서울특별시 강남구 테헤란로 123, 12층 1203호",061_0056,sample_061_0056_000007,개인정보
s3://internal-audio/ir/061_0056/ir_0001.wav,061_0056,sample_061_0056_000013,기밀정보
\\fileserver\projects\acoustics\061_0056\cal_cert.pdf,061_0056,sample_061_0056_000015,기밀정보
1985-07-12,061_0056,sample_061_0056_000029,준식별자
성별: 여성,061_0056,sample_061_0056_000029,준식별자
한국음향연구소,061_0056,sample_061_0056_000029,준식별자
강남구,061_0056,sample_061_0056_000030,준식별자
/home/eng/bim/project_061_0056.ifc,061_0056,sample_061_0056_000027,기밀정보
http://10.0.4.12:8080/internal/ir_0001.wav,061_0056,sample_061_0056_000031,기밀정보
강새론,061_0056,sample_061_0056_000032,개인정보
"서울특별시 강남구 테헤란로 123, 5층 502호",061_0057,sample_061_0057_000003,개인정보
임승효,061_0057,sample_061_0057_000025,개인정보
010-1234-5678,061_0057,sample_061_0057_000025,개인정보
imseunghyo@example.com,061_0057,sample_061_0057_000025,개인정보
주식회사 음향솔루션,061_0057,sample_061_0057_000025,준식별자
s3://internal-company-audio/proj/061_0057/ir_2025-01-15.wav,061_0057,sample_061_0057_000009,기밀정보
\\intranet\\calib\\cert_2024-08-10_IMX201.pdf,061_0057,sample_061_0057_000012,기밀정보
10.10.5.12,061_0057,sample_061_0057_000024,기밀정보
\\bimserver\\projects\\061_0057\\site.bim,061_0057,sample_061_0057_000020,기밀정보
서울특별시 마포구 상암동 123-4번지 101호,061_0058,sample_061_0058_000003,개인정보
마포구,061_0058,sample_061_0058_000003,준식별자
주가경,061_0058,sample_061_0058_000004,개인정보
010-1234-5678,061_0058,sample_061_0058_000004,개인정보
joo.gakyung@example.com,061_0058,sample_061_0058_000004,개인정보
s3://private-storage.company/internal/ir_M-061-20250115-001.wav,061_0058,sample_061_0058_000009,기밀정보
http://intranet.corp.local/files/ir_M-061-20250115-001.wav,061_0058,sample_061_0058_000010,기밀정보
10.0.12.34,061_0058,sample_061_0058_000011,기밀정보
PROJECTS/061/BIM/room_101.ifc,061_0058,sample_061_0058_000027,기밀정보
주가경,061_0058,sample_061_0058_000030,개인정보
홍성윤,061_0058,sample_061_0058_000030,개인정보
권신혁,061_0058,sample_061_0058_000030,개인정보
허향미,061_0059,sample_061_0059_000030,개인정보
서울특별시,061_0059,sample_061_0059_000003,준식별자
강남구,061_0059,sample_061_0059_000003,준식별자
역삼동,061_0059,sample_061_0059_000003,준식별자
https://internal-acme.localstorage/ir/measurement_061_0059.wav,061_0059,sample_061_0059_000010,기밀정보
smb://fileserver/internal/calib/KS_cal_cert_20250615.pdf,061_0059,sample_061_0059_000013,기밀정보
s3://private-bucket/projects/061_0059/bim_model.ifc,061_0059,sample_061_0059_000022,기밀정보
2025-01-15T09:30:00+09:00,061_0060,sample_061_0060_000002,준식별자
"서울특별시 강남구 테헤란로10길 5, 101동 502호",061_0060,sample_061_0060_000003,개인정보
https://internal-storage.company.local/ir/061_0060_IR_20250115.wav,061_0060,sample_061_0060_000008,기밀정보
김서인,061_0060,sample_061_0060_000011,개인정보
010-1234-5678,061_0060,sample_061_0060_000011,개인정보
kim.s@company.co.kr,061_0060,sample_061_0060_000011,개인정보
부산광역시 해운대구,061_0060,sample_061_0060_000012,준식별자
10.0.5.12,061_0060,sample_061_0060_000013,기밀정보
/srv/private/measurements/061_0060/ir.wav,061_0060,sample_061_0060_000013,기밀정보
2025-01-10,061_0060,sample_061_0060_000010,준식별자
KTL-20250110-009,061_0060,sample_061_0060_000010,기밀정보
BIM_061_0060.rvt,061_0060,sample_061_0060_000021,기밀정보
한준모,061_0060,sample_061_0060_000024,개인정보
2025-01-16T14:00:00+09:00,061_0060,sample_061_0060_000025,준식별자
서울음향연구소,061_0061,sample_061_0061_000002,준식별자
"서울특별시 강남구 테헤란로 100, 101동 502호",061_0061,sample_061_0061_000005,개인정보
강남구,061_0061,sample_061_0061_000005,준식별자
s3://internal.company.acoustics/project061/siteA_ir_20250601.wav,061_0061,sample_061_0061_000011,기밀정보
\\192.168.10.5\data\ir\siteA_061.wav,061_0061,sample_061_0061_000011,기밀정보
https://intranet.company.local/reports/061_0061,061_0061,sample_061_0061_000011,기밀정보
백선영,061_0061,sample_061_0061_000023,개인정보
서울음향연구소,061_0061,sample_061_0061_000023,준식별자
박은택,061_0061,sample_061_0061_000024,개인정보
사번: 20251234,061_0061,sample_061_0061_000024,개인정보
010-1234-5678,061_0061,sample_061_0061_000025,개인정보
baeks@example.com,061_0061,sample_061_0061_000025,개인정보
\\10.0.0.5\projects\061\budget.xlsx,061_0061,sample_061_0061_000027,기밀정보
10.0.0.5,061_0061,sample_061_0061_000027,기밀정보
https://intranet.company.local/reports/061_0061,061_0061,sample_061_0061_000027,기밀정보
"프로젝트 예산 12,000,000원",061_0061,sample_061_0061_000027,기밀정보
s3://cad-storage/061_building_model.ifc,061_0061,sample_061_0061_000028,기밀정보
채민경,061_0062,sample_061_0062_000003,개인정보
010-0000-0001,061_0062,sample_061_0062_000003,개인정보
chae.mk@acousticslab.kr,061_0062,sample_061_0062_000003,개인정보
서울특별시 중구 세종대로 99-12 3층 실험실,061_0062,sample_061_0062_000004,개인정보
s3://acoustics-internal/IR/061_0062_IR.wav,061_0062,sample_061_0062_000010,기밀정보
/internal/certs/cal_2024_07_15_cert_001.pdf,061_0062,sample_061_0062_000012,기밀정보
10.0.45.12,061_0062,sample_061_0062_000017,기밀정보
채민경,061_0062,sample_061_0062_000030,개인정보
권승원,061_0063,sample_061_0063_000004,개인정보
그린소음기술(주),061_0063,sample_061_0063_000004,준식별자
010-1234-5678,061_0063,sample_061_0063_000005,개인정보
kwon.seungwon@greenoise.co.kr,061_0063,sample_061_0063_000005,개인정보
EID-20245,061_0063,sample_061_0063_000005,개인정보
서울특별시 강남구 테헤란로 123-45 아파트 101동 1001호,061_0063,sample_061_0063_000006,개인정보
강남구,061_0063,sample_061_0063_000007,준식별자
s3://greenoise-internal/061_0063/ir_master.wav,061_0063,sample_061_0063_000026,기밀정보
192.168.10.21,061_0063,sample_061_0063_000026,기밀정보
/srv/acoustics/projects/061_0063/ir_master.wav,061_0063,sample_061_0063_000026,기밀정보
https://internal.greenoise.local/secure/061_0063,061_0063,sample_061_0063_000026,기밀정보
고준홍,061_0063,sample_061_0063_000027,개인정보
차진희,061_0064,sample_061_0064_000005,개인정보
서울특별시,061_0064,sample_061_0064_000003,준식별자
강남구,061_0064,sample_061_0064_000003,준식별자
논현동,061_0064,sample_061_0064_000003,준식별자
"서울특별시 강남구 테헤란로 12길 34, 101동 202호",061_0065,sample_061_0065_000003,개인정보
권태이,061_0065,sample_061_0065_000006,개인정보
010-1234-5678,061_0065,sample_061_0065_000006,개인정보
kwon.taei@acousticslab.kr,061_0065,sample_061_0065_000006,개인정보
23011234,061_0065,sample_061_0065_000007,개인정보
\\fileserver\\acoustics\\ir\\IR_20250101.wav,061_0065,sample_061_0065_000011,기밀정보
https://internal.acme.local/ir/IR_20250101.wav,061_0065,sample_061_0065_000011,기밀정보
smb://cadserver/projects/061_0065/model_v2.ifc,061_0065,sample_061_0065_000023,기밀정보
강남구,061_0066,sample_061_0066_000001,준식별자
논현동,061_0066,sample_061_0066_000001,준식별자
서울특별시,061_0066,sample_061_0066_000004,준식별자
"서울특별시 강남구 논현로 45, 201호",061_0066,sample_061_0066_000004,개인정보
s3://corp-internal-audio/private/ir_061_0066.wav,061_0066,sample_061_0066_000010,기밀정보
안영국,061_0066,sample_061_0066_000020,개인정보
010-1234-5678,061_0066,sample_061_0066_000020,개인정보
anyanguk@example.com,061_0066,sample_061_0066_000020,개인정보
황리호,061_0066,sample_061_0066_000021,개인정보
성봉기,061_0066,sample_061_0066_000021,개인정보
share://bim/internal/project_061_0066.ifc,061_0066,sample_061_0066_000022,기밀정보
192.168.10.12,061_0066,sample_061_0066_000023,기밀정보
유서오,061_0067,sample_061_0067_000005,개인정보
A12345,061_0067,sample_061_0067_000005,개인정보
안원일,061_0067,sample_061_0067_000005,개인정보
서울특별시,061_0067,sample_061_0067_000007,준식별자
강남구,061_0067,sample_061_0067_000007,준식별자
역삼동,061_0067,sample_061_0067_000007,준식별자
테헤란로 100,061_0067,sample_061_0067_000007,개인정보
2025년,061_0067,sample_061_0067_000012,준식별자
01월,061_0067,sample_061_0067_000012,준식별자
10일,061_0067,sample_061_0067_000012,준식별자
file://srv-files/acme/calib/cert_20250110.pdf,061_0067,sample_061_0067_000012,기밀정보
https://intranet.acme.local/ir_storage/ir_20250101.wav,061_0067,sample_061_0067_000018,기밀정보
C:\projects\clientA\acoustic\model.bim,061_0067,sample_061_0067_000022,기밀정보
10.0.0.12,061_0067,sample_061_0067_000025,기밀정보
심세벽,061_0067,sample_061_0067_000030,개인정보
"서울특별시 강남구 테헤란로 123-45, 10층",061_0068,sample_061_0068_000004,개인정보
"37.497900,127.027600",061_0068,sample_061_0068_000004,개인정보
강남구,061_0068,sample_061_0068_000004,준식별자
강남구,061_0068,sample_061_0068_000020,준식별자
https://private-storage.example.com/ir/ir_061_0068.wav,061_0068,sample_061_0068_000010,기밀정보
s3://internal-bucket/ir/ir_061_0068_cal_cert.pdf,061_0068,sample_061_0068_000012,기밀정보
한하니,061_0068,sample_061_0068_000023,개인정보
010-1234-5678,061_0068,sample_061_0068_000023,개인정보
hana.han@example.com,061_0068,sample_061_0068_000023,개인정보
홍기현,061_0068,sample_061_0068_000024,개인정보
"서울특별시 강남구 테헤란로 123, 101동 502호",061_0069,sample_061_0069_000005,개인정보
서울특별시 강남구,061_0069,sample_061_0069_000006,준식별자
s3://private-internal.company.local/acoustics/061_0069/ir_20250115.wav,061_0069,sample_061_0069_000012,기밀정보
\\fileserver\\calib\\cert_2024_045.pdf,061_0069,sample_061_0069_000014,기밀정보
민리원,061_0069,sample_061_0069_000027,개인정보
010-1234-5678,061_0069,sample_061_0069_000027,개인정보
mlee@example.com,061_0069,sample_061_0069_000027,개인정보
주정주,061_0069,sample_061_0069_000028,개인정보
\\fileserver\\acoustics\\projects\\061_0069\\ir.wav,061_0069,sample_061_0069_000029,기밀정보
192.168.10.5,061_0069,sample_061_0069_000029,기밀정보
/srv/internal/reports/061_0069_final.pdf,061_0069,sample_061_0069_000029,기밀정보
"서울특별시 강남구 테헤란로 123, 101동 1001호",061_0070,sample_061_0070_000004,개인정보
서울특별시,061_0070,sample_061_0070_000004,준식별자
강남구,061_0070,sample_061_0070_000004,준식별자
http://10.0.0.45/object/ir_061_0070.wav,061_0070,sample_061_0070_000009,기밀정보
/srv/internal/measurements/061_0070/ir_20250101.wav,061_0070,sample_061_0070_000009,기밀정보
CONFIDENTIAL/MEETING/2025/ir_review.docx,061_0070,sample_061_0070_000010,기밀정보
http://10.0.0.45/certs/cal_2024_09_15.pdf,061_0070,sample_061_0070_000010,기밀정보
s3://proj-sound/bim/061_0070.bim,061_0070,sample_061_0070_000017,기밀정보
오도근,061_0070,sample_061_0070_000019,개인정보
주식회사 사운드파크,061_0070,sample_061_0070_000019,준식별자
20250045,061_0070,sample_061_0070_000019,개인정보
010-1234-5678,061_0070,sample_061_0070_000019,개인정보
odg@example.com,061_0070,sample_061_0070_000019,개인정보
1985-06-15,061_0070,sample_061_0070_000020,준식별자
/usr/local/secure/data/061_0070/processing.log,061_0070,sample_061_0070_000022,기밀정보
남수연,061_0070,sample_061_0070_000023,개인정보
서울특별시,061_0070,sample_061_0070_000024,준식별자
서울특별시 강남구 테헤란로 123,061_0070,sample_061_0070_000025,준식별자
강남구,061_0070,sample_061_0070_000025,준식별자
http://10.0.0.45/object/ir_061_0070.wav,061_0070,sample_061_0070_000027,기밀정보
오도근,061_0070,sample_061_0070_000028,개인정보
KACC-20240915-061.pdf,061_0070,sample_061_0070_000029,기밀정보
http://10.0.0.45/certs/KACC-20240915-061.pdf,061_0070,sample_061_0070_000029,기밀정보
"서울특별시 강남구 테헤란로 123, 45동 101호",061_0071,sample_061_0071_000004,개인정보
강남구,061_0071,sample_061_0071_000005,준식별자
http://internal-storage.local/ir/061_0071.wav,061_0071,sample_061_0071_000011,기밀정보
\\fileserver\\calib\\calib_2025_12_01_cert.pdf,061_0071,sample_061_0071_000013,기밀정보
/srv/internal/bim/project_061_0071/model.rvt,061_0071,sample_061_0071_000018,기밀정보
류영조,061_0071,sample_061_0071_000019,개인정보
ryu.yj@example.com,061_0071,sample_061_0071_000019,개인정보
010-1234-5678,061_0071,sample_061_0071_000019,개인정보
20204567,061_0071,sample_061_0071_000019,개인정보
우기석,061_0071,sample_061_0071_000020,개인정보
남성,061_0071,sample_061_0071_000021,준식별자
1985-04-12,061_0071,sample_061_0071_000021,준식별자
10.0.10.5,061_0071,sample_061_0071_000022,기밀정보
\\fileserver\\projects\\061_0071\\meeting_minutes.docx,061_0071,sample_061_0071_000023,기밀정보
노도열,061_0071,sample_061_0071_000027,개인정보
서울특별시,061_0072,sample_061_0072_000005,준식별자
강남구,061_0072,sample_061_0072_000005,준식별자
역삼동,061_0072,sample_061_0072_000005,준식별자
박시웅,061_0072,sample_061_0072_000006,개인정보
에어로사운드(주),061_0072,sample_061_0072_000006,준식별자
소음관리팀,061_0072,sample_061_0072_000006,준식별자
s3://acoustic-int/061_0072_ir.wav,061_0072,sample_061_0072_000010,기밀정보
\\fileserver\\projects\\061_0072\\model.ifc,061_0072,sample_061_0072_000023,기밀정보
원정태,061_0072,sample_061_0072_000026,개인정보
류민세,061_0073,sample_061_0073_000003,개인정보
A12345,061_0073,sample_061_0073_000003,개인정보
허효영,061_0073,sample_061_0073_000003,개인정보
2024-05-12T10:30:00+09:00,061_0073,sample_061_0073_000004,준식별자
"서울특별시 강남구 역삼로 123, 101동 201호",061_0073,sample_061_0073_000005,개인정보
서울특별시,061_0073,sample_061_0073_000005,준식별자
강남구,061_0073,sample_061_0073_000005,준식별자
010-1234-5678,061_0073,sample_061_0073_000006,개인정보
ryu.minse@example.com,061_0073,sample_061_0073_000006,개인정보
https://internal.corp.local/objects/IR_061_0073.wav,061_0073,sample_061_0073_000012,기밀정보
/srv/internal/impulse/IR_061_0073.wav,061_0073,sample_061_0073_000012,기밀정보
10.0.0.15,061_0073,sample_061_0073_000013,기밀정보
2024-04-15,061_0073,sample_061_0073_000014,준식별자
정유석,061_0073,sample_061_0073_000020,개인정보
허효영,061_0073,sample_061_0073_000020,개인정보
하유솔,061_0073,sample_061_0073_000026,개인정보
2024-05-20,061_0073,sample_061_0073_000026,준식별자
2025-07-15T10:30:00+09:00,061_0074,sample_061_0074_000004,준식별자
서울특별시 강남구 테헤란로12길 34-56 101동 201호,061_0074,sample_061_0074_000005,개인정보
강남구,061_0074,sample_061_0074_000006,준식별자
심서훈,061_0074,sample_061_0074_000007,개인정보
010-1234-5678,061_0074,sample_061_0074_000007,개인정보
shs.acoustics@example.com,061_0074,sample_061_0074_000007,개인정보
https://storage.internal.acme/ir/session_061.wav,061_0074,sample_061_0074_000013,기밀정보
\\corp-server\acoustics\IRs\session_061.wav,061_0074,sample_061_0074_000014,기밀정보
2025-07-01,061_0074,sample_061_0074_000015,준식별자
smb://10.0.0.12/projects/061/model.ifc,061_0074,sample_061_0074_000026,기밀정보
심수영,061_0074,sample_061_0074_000027,개인정보
서울특별시 종로구 종로1가 23-4 3층 301호,061_0075,sample_061_0075_000002,개인정보
전주현,061_0075,sample_061_0075_000009,개인정보
S-2023-0017,061_0075,sample_061_0075_000009,개인정보
010-1234-5678,061_0075,sample_061_0075_000009,개인정보
jeonjh@example.com,061_0075,sample_061_0075_000009,개인정보
s3://acoustic-data/project75/ir_session01.wav,061_0075,sample_061_0075_000014,기밀정보
\\internal-server\\certs\\CAL-20251215-78.pdf,061_0075,sample_061_0075_000018,기밀정보
CAL-20251215-78,061_0075,sample_061_0075_000008,기밀정보
\\cad-server\\projects\\BIM-P75-2026.rvt,061_0075,sample_061_0075_000024,기밀정보
"37.5079, 127.0263",061_0076,sample_061_0076_000005,준식별자
서울특별시,061_0076,sample_061_0076_000006,준식별자
강남구,061_0076,sample_061_0076_000006,준식별자
"서울특별시 강남구 논현로 123, 101동 202호",061_0076,sample_061_0076_000006,개인정보
천해림,061_0076,sample_061_0076_000007,개인정보
010-1234-5678,061_0076,sample_061_0076_000007,개인정보
haerim.cheon@example.com,061_0076,sample_061_0076_000007,개인정보
한국음향기술(주),061_0076,sample_061_0076_000007,준식별자
강승진,061_0076,sample_061_0076_000008,개인정보
20231234,061_0076,sample_061_0076_000008,개인정보
https://internal-storage.local/objects/061_0076/IR_2025.wav,061_0076,sample_061_0076_000013,기밀정보
\\intranet\\projects\\061_0076\\IRs\\IR_2025.wav,061_0076,sample_061_0076_000014,기밀정보
/secure/calib/IEC17025/Cert-2024-045.pdf,061_0076,sample_061_0076_000016,기밀정보
\\intranet\\projects\\061_0076\\BIM\\model.ifc,061_0076,sample_061_0076_000025,기밀정보
10.0.5.23,061_0076,sample_061_0076_000026,기밀정보
"AUDIOCALIB CO.,LTD.",061_0076,sample_061_0076_000027,준식별자
서울특별시 강남구 역삼동 12-34,061_0077,sample_061_0077_000004,개인정보
곽하얀,061_0077,sample_061_0077_000024,개인정보
최문성,061_0077,sample_061_0077_000025,개인정보
010-1234-5678,061_0077,sample_061_0077_000026,개인정보
hy.kwak@example.com,061_0077,sample_061_0077_000026,개인정보
한국음향기술연구소,061_0077,sample_061_0077_000024,준식별자
2025,061_0077,sample_061_0077_000003,준식별자
01,061_0077,sample_061_0077_000003,준식별자
15,061_0077,sample_061_0077_000003,준식별자
2024,061_0077,sample_061_0077_000013,준식별자
08,061_0077,sample_061_0077_000013,준식별자
15,061_0077,sample_061_0077_000013,준식별자
2025,061_0077,sample_061_0077_000025,준식별자
01,061_0077,sample_061_0077_000025,준식별자
20,061_0077,sample_061_0077_000025,준식별자
한국계측교정센터,061_0077,sample_061_0077_000013,준식별자
s3://internal-storage/ir/IR_061_0077.wav,061_0077,sample_061_0077_000011,기밀정보
C:\\calib\\cert_2024_0815.pdf,061_0077,sample_061_0077_000014,기밀정보
\\intranet\\bim\\projects\\061_0077\\model.ifc,061_0077,sample_061_0077_000023,기밀정보
10.0.0.45,061_0077,sample_061_0077_000027,기밀정보
서울특별시 강남구 테헤란로 123-45 5층,061_0078,sample_061_0078_000004,개인정보
서울특별시,061_0078,sample_061_0078_000004,준식별자
강남구,061_0078,sample_061_0078_000004,준식별자
CAL-2025-00987,061_0078,sample_061_0078_000008,기밀정보
/etc/certs/cal/CAL-2025-00987.pdf,061_0078,sample_061_0078_000009,기밀정보
s3://private-audio-storage/ir/061_0078.wav,061_0078,sample_061_0078_000014,기밀정보
https://internal-storage.corp.local/recordings/061_0078.wav,061_0078,sample_061_0078_000014,기밀정보
/srv/audio/ir/061_0078.wav,061_0078,sample_061_0078_000015,기밀정보
C:\\projects\\clients\\confidential\\BIM_061_0078.rvt,061_0078,sample_061_0078_000024,기밀정보
한찬혁,061_0078,sample_061_0078_000025,개인정보
010-1234-5678,061_0078,sample_061_0078_000025,개인정보
hch@acoustech.kr,061_0078,sample_061_0078_000025,개인정보
양명주,061_0079,sample_061_0079_000025,개인정보
이채민,061_0079,sample_061_0079_000025,개인정보
서울특별시 종로구 청운효자동 12-34 한빛홀 3층,061_0079,sample_061_0079_000004,개인정보
서울특별시,061_0079,sample_061_0079_000004,준식별자
종로구,061_0079,sample_061_0079_000004,준식별자
2025-06-20T10:15:00+09:00,061_0079,sample_061_0079_000003,준식별자
2025-06-15,061_0079,sample_061_0079_000011,준식별자
s3://internal-company-bucket/project/061_0079/ir_061_0079.wav,061_0079,sample_061_0079_000010,기밀정보
/secure/certs/cal_20250615_cert.pdf,061_0079,sample_061_0079_000012,기밀정보
/srv/bim/project/061_0079/model.ifc,061_0079,sample_061_0079_000022,기밀정보
10.0.0.12,061_0079,sample_061_0079_000029,기밀정보
서울특별시,061_0080,sample_061_0080_000004,준식별자
강남구,061_0080,sample_061_0080_000004,준식별자
역삼동,061_0080,sample_061_0080_000004,준식별자
\\fileserver.acoustics.internal\calibration\cert_BK4189_20251115.pdf,061_0080,sample_061_0080_000013,기밀정보
https://internal-storage.company.local/ir/IR_061_0080.wav,061_0080,sample_061_0080_000014,기밀정보
\\bimserver\projects\061_0080\project_061_0080.bim,061_0080,sample_061_0080_000023,기밀정보
권희령,061_0080,sample_061_0080_000025,개인정보
천하라,061_0080,sample_061_0080_000025,개인정보
나수성,061_0081,sample_061_0081_000003,개인정보
nsoosung@example.com,061_0081,sample_061_0081_000004,개인정보
민유지,061_0081,sample_061_0081_000004,개인정보
서울특별시,061_0081,sample_061_0081_000002,준식별자
강남구,061_0081,sample_061_0081_000002,준식별자
역삼동,061_0081,sample_061_0081_000002,준식별자
세움빌딩,061_0081,sample_061_0081_000005,준식별자
세움빌딩 3층 301호,061_0081,sample_061_0081_000005,개인정보
s3://private-storage.company.local/ir/061_0081_ir_20260101.wav,061_0081,sample_061_0081_000012,기밀정보
https://intranet.company.local/cad/061_0081_model.ifc,061_0081,sample_061_0081_000023,기밀정보
C:\data\projects\061_0081\ir.wav,061_0081,sample_061_0081_000024,기밀정보
정동일,061_0081,sample_061_0081_000028,개인정보
서울특별시 중구 을지로 45-2 3층 연구실 301호,061_0082,sample_061_0082_000006,개인정보
심소이,061_0082,sample_061_0082_000008,개인정보
음향 엔지니어,061_0082,sample_061_0082_000008,준식별자
중부환경음향연구소,061_0082,sample_061_0082_000008,준식별자
010-1234-5678,061_0082,sample_061_0082_000009,개인정보
simsoi.engineer@acoustics.co.kr,061_0082,sample_061_0082_000009,개인정보
1985-06-15,061_0082,sample_061_0082_000010,준식별자
s3://internal-bucket/ir/sceneA_061_0082_20260115.wav,061_0082,sample_061_0082_000018,기밀정보
https://private-storage.example.com/ir/sceneA_20260115.wav,061_0082,sample_061_0082_000019,기밀정보
\\fileserver\\calibration\\061_0082\\CAL-20251220-089.pdf,061_0082,sample_061_0082_000023,기밀정보
전찬유,061_0082,sample_061_0082_000030,개인정보
INT-061-0082-APPROVED,061_0082,sample_061_0082_000030,기밀정보
192.168.10.25,061_0082,sample_061_0082_000031,기밀정보
박동하,061_0083,sample_061_0083_000002,개인정보
010-1234-5678,061_0083,sample_061_0083_000002,개인정보
dongha.park@example.com,061_0083,sample_061_0083_000002,개인정보
"서울특별시 종로구 세종대로 1-1, 3층",061_0083,sample_061_0083_000003,개인정보
s3://internal-audio/061/IR_0083.wav,061_0083,sample_061_0083_000008,기밀정보
https://internal-certs.company.local/certificates/Cal_20240215_001.pdf,061_0083,sample_061_0083_000012,기밀정보
10.10.10.5,061_0083,sample_061_0083_000012,기밀정보
smb://10.10.10.5/projects/061/CAD/site_model.ifc,061_0083,sample_061_0083_000021,기밀정보
NFS:/data/raw/recordings/061_0083_session1.wav,061_0083,sample_061_0083_000025,기밀정보
김나,061_0083,sample_061_0083_000026,개인정보
조조은,061_0083,sample_061_0083_000027,개인정보
"서울특별시 강남구 테헤란로 123, 45동 101호",061_0084,sample_061_0084_000004,개인정보
강남구,061_0084,sample_061_0084_000005,준식별자
서울특별시,061_0084,sample_061_0084_000005,준식별자
https://internal-storage.company.local/ir/rec_20250101.wav,061_0084,sample_061_0084_000010,기밀정보
SN-AX123456,061_0084,sample_061_0084_000011,기밀정보
2024-12-20,061_0084,sample_061_0084_000011,준식별자
C:\calib\cert_SN-AX123456.pdf,061_0084,sample_061_0084_000012,기밀정보
s3://company-bucket/bim/project_acoustics_v1.ifc,061_0084,sample_061_0084_000021,기밀정보
황해니,061_0084,sample_061_0084_000022,개인정보
010-1234-5678,061_0084,sample_061_0084_000022,개인정보
haeni.hwang@example.com,061_0084,sample_061_0084_000022,개인정보
지남현,061_0084,sample_061_0084_000023,개인정보
2025-045,061_0084,sample_061_0084_000023,개인정보
10.0.0.12,061_0084,sample_061_0084_000024,기밀정보
C:\projects\acoustics\measurements\ir_master.wav,061_0084,sample_061_0084_000025,기밀정보
2025-01-15T10:30:00+09:00,061_0084,sample_061_0084_000003,준식별자
2026-01-20,061_0084,sample_061_0084_000027,준식별자
2025,061_0085,sample_061_0085_000004,준식별자
01,061_0085,sample_061_0085_000004,준식별자
15,061_0085,sample_061_0085_000004,준식별자
정준우,061_0085,sample_061_0085_000005,개인정보
엄윤태,061_0085,sample_061_0085_000006,개인정보
서울특별시 강남구 삼성동 123-45 101동 102호,061_0085,sample_061_0085_000007,개인정보
서울특별시,061_0085,sample_061_0085_000007,준식별자
강남구,061_0085,sample_061_0085_000007,준식별자
삼성동,061_0085,sample_061_0085_000007,준식별자
https://internal-storage.company.local/ir/measurement_061_0085.wav,061_0085,sample_061_0085_000012,기밀정보
SN: MK-2019-4578,061_0085,sample_061_0085_000013,기밀정보
2024,061_0085,sample_061_0085_000013,준식별자
12,061_0085,sample_061_0085_000013,준식별자
01,061_0085,sample_061_0085_000013,준식별자
CAL-2024-00089,061_0085,sample_061_0085_000013,기밀정보
file://fileserver/CERTS/CAL-2024-00089.pdf,061_0085,sample_061_0085_000016,기밀정보
s3://acoustics-prod/measurements/061_0085/raw.wav,061_0085,sample_061_0085_000023,기밀정보
file://fileserver/BIM/061_0085_building.ifc,061_0085,sample_061_0085_000024,기밀정보
배창용,061_0085,sample_061_0085_000026,개인정보
report_061_0085_v1,061_0085,sample_061_0085_000030,기밀정보
황가을,061_0086,sample_061_0086_000002,개인정보
010-1234-5678,061_0086,sample_061_0086_000003,개인정보
gaul.hwang@example.com,061_0086,sample_061_0086_000003,개인정보
서울특별시 강남구 테헤란로 123-45,061_0086,sample_061_0086_000006,개인정보
"서울특별시, 강남구",061_0086,sample_061_0086_000007,준식별자
s3://private-bucket/internal/061_0086/IR_M-20260120-0001.wav,061_0086,sample_061_0086_000012,기밀정보
file://internal-server/calibration/CAL-20260110-99.pdf,061_0086,sample_061_0086_000017,기밀정보
서윤채,061_0086,sample_061_0086_000025,개인정보
s3://private-bucket/internal/061_0086/model.bim,061_0086,sample_061_0086_000026,기밀정보
강솔지,061_0086,sample_061_0086_000028,개인정보
사번: 2022-0123,061_0086,sample_061_0086_000028,개인정보
생년월일: 1985-07-12,061_0086,sample_061_0086_000028,준식별자
file://internal-server/archive/061_0086/,061_0086,sample_061_0086_000029,기밀정보
"서울특별시 강남구 테헤란로 123, 45층 4501호",061_0087,sample_061_0087_000003,개인정보
성지빈,061_0087,sample_061_0087_000004,개인정보
seongjibin@example.com,061_0087,sample_061_0087_000004,개인정보
010-1234-5678,061_0087,sample_061_0087_000004,개인정보
2025-01-10,061_0087,sample_061_0087_000006,준식별자
file:///srv/internal/calib/CMC_20250110_cert.pdf,061_0087,sample_061_0087_000007,기밀정보
s3://private-bucket/internal/ir_061_0087_20250115.wav,061_0087,sample_061_0087_000010,기밀정보
/internal/projects/061_0087/model.ifc,061_0087,sample_061_0087_000012,기밀정보
APPR-2025-0087,061_0087,sample_061_0087_000026,기밀정보
하강준,061_0087,sample_061_0087_000027,개인정보
한국소음관리(주),061_0087,sample_061_0087_000027,준식별자
신교현,061_0087,sample_061_0087_000028,개인정보
2026-01-15T09:30:00+09:00,061_0088,sample_061_0088_000003,준식별자
"37.498765,127.025432",061_0088,sample_061_0088_000004,준식별자
서울특별시 서초구 반포동 23-5,061_0088,sample_061_0088_000004,개인정보
천현,061_0088,sample_061_0088_000006,개인정보
2025-11-12,061_0088,sample_061_0088_000011,준식별자
/secure/calibration/cert_KEC-2025-11-12.pdf,061_0088,sample_061_0088_000012,기밀정보
s3://internal-acoustics/ir/061_0088_IR_20260115.wav,061_0088,sample_061_0088_000013,기밀정보
https://intranet.acme.local/records/061_0088_ir.wav,061_0088,sample_061_0088_000014,기밀정보
internal://bim/061_0088_model.ifc,061_0088,sample_061_0088_000021,기밀정보
2025-11-12,061_0088,sample_061_0088_000012,준식별자
천현,061_0088,sample_061_0088_000030,개인정보
유우,061_0089,sample_061_0089_000005,개인정보
서울특별시 강남구 테헤란로 123-45 호실 101,061_0089,sample_061_0089_000004,개인정보
한국음향기술(주),061_0089,sample_061_0089_000005,준식별자
2025,061_0089,sample_061_0089_000003,준식별자
01,061_0089,sample_061_0089_000003,준식별자
15,061_0089,sample_061_0089_000003,준식별자
https://internal-storage.company.local/ir/measurement_061_0089_20250115.wav,061_0089,sample_061_0089_000015,기밀정보
s3://corp-private-bucket/ir/measurement_061_0089_20250115.wav,061_0089,sample_061_0089_000016,기밀정보
2025-01-15T09:30:00+09:00,061_0090,sample_061_0090_000002,준식별자
"위도 37.4995, 경도 127.0352",061_0090,sample_061_0090_000003,기밀정보
"서울특별시 강남구 역삼동 123-45, 3층",061_0090,sample_061_0090_000003,개인정보
서울특별시,061_0090,sample_061_0090_000003,준식별자
강남구,061_0090,sample_061_0090_000003,준식별자
역삼동,061_0090,sample_061_0090_000003,준식별자
2025-01-14T21:10:00+09:00,061_0090,sample_061_0090_000005,준식별자
s3://internal-storage/company/project/ir_M_2025_090_001.wav,061_0090,sample_061_0090_000010,기밀정보
SN-473210,061_0090,sample_061_0090_000012,기밀정보
CERT-2024-KOLAB-00987,061_0090,sample_061_0090_000012,기밀정보
CERT-2024-KOLAB-00987.pdf,061_0090,sample_061_0090_000013,기밀정보
/srv/docs/acoustics/061_0090/calibration_CERT-2024-KOLAB-00987.pdf,061_0090,sample_061_0090_000016,기밀정보
방영조,061_0090,sample_061_0090_000022,개인정보
010-1234-5678,061_0090,sample_061_0090_000022,개인정보
byj@acoustics.kr,061_0090,sample_061_0090_000022,개인정보
BIM/project_061_0090/BuildingModel.ifc,061_0090,sample_061_0090_000023,기밀정보
CM-2024-785,061_0090,sample_061_0090_000026,기밀정보
2024-12-20,061_0090,sample_061_0090_000026,준식별자
/var/log/acoustics/061_0090/access.log,061_0090,sample_061_0090_000027,기밀정보
2024-12-10,061_0090,sample_061_0090_000012,준식별자
"서울특별시 강남구 테헤란로 25길 12-3, 301호",061_0091,sample_061_0091_000004,개인정보
강남구,061_0091,sample_061_0091_000005,준식별자
https://intranet.eco-sound.local/objects/ir_061_0091.wav,061_0091,sample_061_0091_000011,기밀정보
진가율,061_0091,sample_061_0091_000024,개인정보
1985-07-12,061_0091,sample_061_0091_000024,준식별자
여성,061_0091,sample_061_0091_000024,준식별자
2024-001,061_0091,sample_061_0091_000024,개인정보
에코사운드,061_0091,sample_061_0091_000024,준식별자
010-1234-5678,061_0091,sample_061_0091_000025,개인정보
jinkayul@example.co.kr,061_0091,sample_061_0091_000025,개인정보
계좌번호: 110-123456-78-901,061_0091,sample_061_0091_000026,기밀정보
\\fileserver\projects\061_0091\raw\audio.wav,061_0091,sample_061_0091_000027,기밀정보
192.168.10.45,061_0091,sample_061_0091_000027,기밀정보
vpn.ecosound.local,061_0091,sample_061_0091_000027,기밀정보
엄승아,061_0091,sample_061_0091_000030,개인정보
2025-01-15T10:30:00+09:00,061_0092,sample_061_0092_000004,준식별자
"서울특별시 강남구 테헤란로 123, 101동 502호",061_0092,sample_061_0092_000005,개인정보
서울특별시,061_0092,sample_061_0092_000005,준식별자
강남구,061_0092,sample_061_0092_000005,준식별자
s3://internal-audio-prod/ir/061_0092_impulse.wav,061_0092,sample_061_0092_000009,기밀정보
/srv/data/061_0092/ir.wav,061_0092,sample_061_0092_000010,기밀정보
\\fileserver\projects\acoustics\061_0092\model.rvt,061_0092,sample_061_0092_000025,기밀정보
김윤검,061_0092,sample_061_0092_000022,개인정보
20230987,061_0092,sample_061_0092_000022,개인정보
010-1234-5678,061_0092,sample_061_0092_000022,개인정보
yoon.kim@example.com,061_0092,sample_061_0092_000022,개인정보
1985-06-12,061_0092,sample_061_0092_000023,준식별자
정규한,061_0092,sample_061_0092_000024,개인정보
오지강,061_0093,sample_061_0093_000025,개인정보
010-1234-5678,061_0093,sample_061_0093_000025,개인정보
ojigang@acousticslab.kr,061_0093,sample_061_0093_000025,개인정보
서울특별시 중구,061_0093,sample_061_0093_000003,준식별자
2025-06-12T14:30:00+09:00,061_0093,sample_061_0093_000002,준식별자
2025-05-10,061_0093,sample_061_0093_000011,준식별자
서울특별시 강남구 역삼동 123-45번지 101동 302호,061_0094,sample_061_0094_000004,개인정보
서울특별시,061_0094,sample_061_0094_000004,준식별자
강남구,061_0094,sample_061_0094_000004,준식별자
역삼동,061_0094,sample_061_0094_000004,준식별자
2026-01-15T10:30:00+09:00,061_0094,sample_061_0094_000005,준식별자
장준형,061_0094,sample_061_0094_000006,개인정보
010-1234-5678,061_0094,sample_061_0094_000006,개인정보
jjunghyung@example.com,061_0094,sample_061_0094_000006,개인정보
https://internal-storage.company.local/ir/MEAS-2026-0001_ir.wav,061_0094,sample_061_0094_000013,기밀정보
file:///internal/certs/cal_lab_cert_20251201.pdf,061_0094,sample_061_0094_000016,기밀정보
2025-12-01,061_0094,sample_061_0094_000015,준식별자
2026-06-01,061_0094,sample_061_0094_000017,준식별자
\\bim-server\projects\061_0094\model.ifc,061_0094,sample_061_0094_000025,기밀정보
C:\data\measurements\MEAS-2026-0001\raw.wav,061_0094,sample_061_0094_000026,기밀정보
10.0.4.12,061_0094,sample_061_0094_000027,기밀정보
서울특별시 강남구 역삼동 123-45 101호,061_0095,sample_061_0095_000005,개인정보
강남구,061_0095,sample_061_0095_000005,준식별자
https://files.internal.company.local/ir/roomA_IR.wav,061_0095,sample_061_0095_000009,기밀정보
\\internal-server\audio\IR_roomA.wav,061_0095,sample_061_0095_000009,기밀정보
안상현,061_0095,sample_061_0095_000011,개인정보
사번: 202045,061_0095,sample_061_0095_000011,개인정보
1985-07-12,061_0095,sample_061_0095_000011,준식별자
남,061_0095,sample_061_0095_000011,준식별자
010-1234-5678,061_0095,sample_061_0095_000012,개인정보
asans@example.com,061_0095,sample_061_0095_000012,개인정보
s3://prod-calibration/certs/BK4189_cert_20240601.pdf,061_0095,sample_061_0095_000017,기밀정보
/srv/private/CAD/building_2025.ifc,061_0095,sample_061_0095_000023,기밀정보
obj-IR-000123.wav,061_0095,sample_061_0095_000024,기밀정보
10.0.0.5,061_0095,sample_061_0095_000024,기밀정보
권여린,061_0095,sample_061_0095_000027,개인정보
나문구,061_0096,sample_061_0096_000022,개인정보
010-1234-5678,061_0096,sample_061_0096_000022,개인정보
namungu@acoustics.kr,061_0096,sample_061_0096_000022,개인정보
류연우,061_0096,sample_061_0096_000026,개인정보
서울특별시,061_0096,sample_061_0096_000003,준식별자
강남구,061_0096,sample_061_0096_000003,준식별자
역삼동 824-5,061_0096,sample_061_0096_000003,개인정보
AcouTech Labs,061_0096,sample_061_0096_000022,준식별자
https://private-storage.internal.company/sounds/ir_061_0096.wav,061_0096,sample_061_0096_000008,기밀정보
/certs/061/calibration_cert_MIC-2020-0098.pdf,061_0096,sample_061_0096_000010,기밀정보
/bim/projects/061/building_061_0096.bim,061_0096,sample_061_0096_000018,기밀정보
https://private-storage.internal.company/sounds/raw/061_raw.flac,061_0096,sample_061_0096_000024,기밀정보
/srv/data/projects/061/chain_of_custody.txt,061_0096,sample_061_0096_000027,기밀정보
"서울특별시 강남구 테헤란로 123, 5층 501호",061_0097,sample_061_0097_000004,개인정보
고서인,061_0097,sample_061_0097_000005,개인정보
010-1234-5678,061_0097,sample_061_0097_000005,개인정보
gsoein@example.com,061_0097,sample_061_0097_000005,개인정보
서울특별시,061_0098,sample_061_0098_000004,준식별자
강남구,061_0098,sample_061_0098_000004,준식별자
역삼동,061_0098,sample_061_0098_000004,준식별자
s3://private-audio-bucket/projectX/ir_2025_0098.wav,061_0098,sample_061_0098_000010,기밀정보
file:///srv/certs/cal_20250115.pdf,061_0098,sample_061_0098_000016,기밀정보
192.168.10.5,061_0098,sample_061_0098_000016,기밀정보
https://intranet.company.local/bim/project_098.ifc,061_0098,sample_061_0098_000022,기밀정보
안문경,061_0098,sample_061_0098_000025,개인정보
유준아,061_0098,sample_061_0098_000025,개인정보
공경민,061_0098,sample_061_0098_000026,개인정보
성홍기,061_0099,sample_061_0099_000002,개인정보
진승희,061_0099,sample_061_0099_000003,개인정보
"서울특별시 강남구 테헤란로 123, 12층",061_0099,sample_061_0099_000004,개인정보
강남구,061_0099,sample_061_0099_000005,준식별자
역삼동,061_0099,sample_061_0099_000005,준식별자
010-1234-5678,061_0099,sample_061_0099_000006,개인정보
seong@example.com,061_0099,sample_061_0099_000007,개인정보
사번: 2021-0456,061_0099,sample_061_0099_000008,개인정보
ABC사운드솔루션,061_0099,sample_061_0099_000009,준식별자
https://internal-storage.company.local/ir/ir_2025_01.wav,061_0099,sample_061_0099_000012,기밀정보
s3://company-private-bucket/ir_2025_01.wav,061_0099,sample_061_0099_000013,기밀정보
10.0.0.5,061_0099,sample_061_0099_000014,기밀정보
C:\projects\acoustics\data\IR\ir_2025_01.wav,061_0099,sample_061_0099_000015,기밀정보
"서울특별시 종로구 사직로 123, 101호",061_0100,sample_061_0100_000003,개인정보
종로구,061_0100,sample_061_0100_000003,준식별자
s3://internal-audio-bucket/ir/measurement_0001.wav,061_0100,sample_061_0100_000016,기밀정보
/internal/records/calibration/CAL-20231210-NEU.pdf,061_0100,sample_061_0100_000017,기밀정보
한현영,061_0100,sample_061_0100_000024,개인정보
1985-06-12,061_0100,sample_061_0100_000024,준식별자
hyhan@example.com,061_0100,sample_061_0100_000024,개인정보
010-1234-5678,061_0100,sample_061_0100_000024,개인정보
사번 2023001,061_0100,sample_061_0100_000024,개인정보
sftp://corp.internal.local/recordings/IR_0001.wav,061_0100,sample_061_0100_000026,기밀정보
계좌번호 123-456-789012,061_0100,sample_061_0100_000027,기밀정보
\\fileserver\\BIM\\project061\\model.ifc,061_0100,sample_061_0100_000028,기밀정보
종로구,061_0100,sample_061_0100_000022,준식별자
