{
    "document_id": "001_0009",
    "document_title": "0009",
    "data": [
        {
            "sentence": "예산안 / 예산집행 보고서",
            "id": "sample_001_0009_000001",
            "annotations": []
        },
        {
            "sentence": "HB-MGT-BUD-2025-02",
            "id": "sample_001_0009_000002",
            "annotations": [
                {
                    "word": "MGT",
                    "start": 3,
                    "end": 6,
                    "label": "준식별자"
                },
                {
                    "word": "202",
                    "start": 11,
                    "end": 14,
                    "label": "준식별자"
                }
            ]
        },
        {
            "sentence": "2025년도 제2차 예산안 및 1분기~2분기 예산집행 현황 보고서 (관리부)",
            "id": "sample_001_0009_000003",
            "annotations": [
                {
                    "word": "202",
                    "start": 0,
                    "end": 3,
                    "label": "준식별자"
                },
                {
                    "word": "관리부",
                    "start": 38,
                    "end": 41,
                    "label": "준식별자"
                }
            ]
        },
        {
            "sentence": "관리부",
            "id": "sample_001_0009_000004",
            "annotations": [
                {
                    "word": "관리부",
                    "start": 0,
                    "end": 3,
                    "label": "준식별자"
                }
            ]
        },
        {
            "sentence": "2025-07-15",
            "id": "sample_001_0009_000005",
            "annotations": [
                {
                    "word": "202",
                    "start": 0,
                    "end": 3,
                    "label": "준식별자"
                }
            ]
        },
        {
            "sentence": "2025-01-01",
            "id": "sample_001_0009_000006",
            "annotations": [
                {
                    "word": "202",
                    "start": 0,
                    "end": 3,
                    "label": "준식별자"
                }
            ]
        },
        {
            "sentence": "2025-06-30",
            "id": "sample_001_0009_000007",
            "annotations": [
                {
                    "word": "202",
                    "start": 0,
                    "end": 3,
                    "label": "준식별자"
                }
            ]
        },
        {
            "sentence": "5년",
            "id": "sample_001_0009_000008",
            "annotations": []
        },
        {
            "sentence": "정민수",
            "id": "sample_001_0009_000009",
            "annotations": [
                {
                    "word": "정민수",
                    "start": 0,
                    "end": 3,
                    "label": "개인정보"
                }
            ]
        },
        {
            "sentence": "관리부 예산담당 매니저",
            "id": "sample_001_0009_000010",
            "annotations": [
                {
                    "word": "관리부",
                    "start": 0,
                    "end": 3,
                    "label": "준식별자"
                }
            ]
        },
        {
            "sentence": "HB-MGT-047",
            "id": "sample_001_0009_000011",
            "annotations": [
                {
                    "word": "HB-MGT-047",
                    "start": 0,
                    "end": 10,
                    "label": "개인정보"
                }
            ]
        },
        {
            "sentence": "내선 224",
            "id": "sample_001_0009_000012",
            "annotations": [
                {
                    "word": "내선 224",
                    "start": 0,
                    "end": 6,
                    "label": "개인정보"
                }
            ]
        },
        {
            "sentence": "010-1234-5678",
            "id": "sample_001_0009_000013",
            "annotations": [
                {
                    "word": "010-1234-5678",
                    "start": 0,
                    "end": 13,
                    "label": "개인정보"
                }
            ]
        },
        {
            "sentence": "minsujung@hanbitsol.co.kr",
            "id": "sample_001_0009_000014",
            "annotations": [
                {
                    "word": "minsujung@hanbitsol.co.kr",
                    "start": 0,
                    "end": 25,
                    "label": "개인정보"
                }
            ]
        },
        {
            "sentence": "이서윤",
            "id": "sample_001_0009_000015",
            "annotations": [
                {
                    "word": "이서윤",
                    "start": 0,
                    "end": 3,
                    "label": "개인정보"
                }
            ]
        },
        {
            "sentence": "관리부 총무팀장",
            "id": "sample_001_0009_000016",
            "annotations": [
                {
                    "word": "관리부",
                    "start": 0,
                    "end": 3,
                    "label": "준식별자"
                },
                {
                    "word": "총무팀장",
                    "start": 4,
                    "end": 8,
                    "label": "준식별자"
                }
            ]
        },
        {
            "sentence": "HB-MGT-012",
            "id": "sample_001_0009_000017",
            "annotations": [
                {
                    "word": "HB-MGT-012",
                    "start": 0,
                    "end": 10,
                    "label": "개인정보"
                }
            ]
        },
        {
            "sentence": "내선 210",
            "id": "sample_001_0009_000018",
            "annotations": [
                {
                    "word": "내선 210",
                    "start": 0,
                    "end": 6,
                    "label": "개인정보"
                }
            ]
        },
        {
            "sentence": "010-9876-5432",
            "id": "sample_001_0009_000019",
            "annotations": [
                {
                    "word": "010-9876-5432",
                    "start": 0,
                    "end": 13,
                    "label": "개인정보"
                }
            ]
        },
        {
            "sentence": "sylee@hanbitsol.co.kr",
            "id": "sample_001_0009_000020",
            "annotations": [
                {
                    "word": "sylee@hanbitsol.co.kr",
                    "start": 0,
                    "end": 21,
                    "label": "개인정보"
                }
            ]
        },
        {
            "sentence": "박준호",
            "id": "sample_001_0009_000021",
            "annotations": [
                {
                    "word": "박준호",
                    "start": 0,
                    "end": 3,
                    "label": "개인정보"
                }
            ]
        },
        {
            "sentence": "관리부 이사(재무담당)",
            "id": "sample_001_0009_000022",
            "annotations": [
                {
                    "word": "관리부 이사",
                    "start": 0,
                    "end": 6,
                    "label": "준식별자"
                },
                {
                    "word": "재무담당",
                    "start": 7,
                    "end": 11,
                    "label": "준식별자"
                }
            ]
        },
        {
            "sentence": "HB-MGT-003",
            "id": "sample_001_0009_000023",
            "annotations": [
                {
                    "word": "HB-MGT-003",
                    "start": 0,
                    "end": 10,
                    "label": "개인정보"
                }
            ]
        },
        {
            "sentence": "내선 200",
            "id": "sample_001_0009_000024",
            "annotations": [
                {
                    "word": "내선 200",
                    "start": 0,
                    "end": 6,
                    "label": "개인정보"
                }
            ]
        },
        {
            "sentence": "010-5555-1212",
            "id": "sample_001_0009_000025",
            "annotations": [
                {
                    "word": "010-5555-1212",
                    "start": 0,
                    "end": 13,
                    "label": "개인정보"
                }
            ]
        },
        {
            "sentence": "jhp@hanbitsol.co.kr",
            "id": "sample_001_0009_000026",
            "annotations": [
                {
                    "word": "jhp@hanbitsol.co.kr",
                    "start": 0,
                    "end": 19,
                    "label": "개인정보"
                }
            ]
        },
        {
            "sentence": "본 문서는 ㈜한빛솔루션 관리부가 2025년도 제2차 예산(안)을 제출하며, 1월~6월까지의 예산집행 실적을 종합하여 보고하는 문서입니다.",
            "id": "sample_001_0009_000027",
            "annotations": [
                {
                    "word": "㈜한빛솔루션",
                    "start": 6,
                    "end": 12,
                    "label": "기밀정보"
                },
                {
                    "word": "관리부",
                    "start": 13,
                    "end": 16,
                    "label": "준식별자"
                },
                {
                    "word": "202",
                    "start": 18,
                    "end": 21,
                    "label": "준식별자"
                }
            ]
        },
        {
            "sentence": "문서는 예산 항목별 세부 집행현황, 잔액, 향후 집행계획, 현금흐름 전망, 리스크 및 대응방안, 대체안 및 권고사항을 포함합니다.",
            "id": "sample_001_0009_000028",
            "annotations": []
        },
        {
            "sentence": "본 예산안은 경영진의 최종 결재를 거쳐 2025년도 하반기 집행 기준표로 활용될 예정입니다..",
            "id": "sample_001_0009_000029",
            "annotations": [
                {
                    "word": "202",
                    "start": 22,
                    "end": 25,
                    "label": "준식별자"
                }
            ]
        },
        {
            "sentence": "KRW",
            "id": "sample_001_0009_000030",
            "annotations": []
        },
        {
            "sentence": "MGT-OP-001",
            "id": "sample_001_0009_000031",
            "annotations": [
                {
                    "word": "MGT-OP-001",
                    "start": 0,
                    "end": 10,
                    "label": "기밀정보"
                }
            ]
        },
        {
            "sentence": "사무실 운영비 (임대·관리·공공요금)",
            "id": "sample_001_0009_000032",
            "annotations": []
        },
        {
            "sentence": "본 항목은 본사 및 분당 구내 사무실 운영에 소요되는 임대료, 공과금(전기·수도·가스), 시설 유지보수, 청소·소독, 보안장비 유지비 등 일상적 운영에 필수적인 비용을 포함합니다.",
            "id": "sample_001_0009_000033",
            "annotations": []
        },
        {
            "sentence": "1분기~2분기 집행 내역은 임대료(월세) 선납 3개월분 45,000,000원 포함.",
            "id": "sample_001_0009_000034",
            "annotations": [
                {
                    "word": "45,000,000원",
                    "start": 31,
                    "end": 42,
                    "label": "기밀정보"
                }
            ]
        },
        {
            "sentence": "공공요금 및 시설유지보수는 통상적 수준을 상회하지 않았음.",
            "id": "sample_001_0009_000035",
            "annotations": []
        },
        {
            "sentence": "상반기 잔액은 하반기 시설개선(냉난방 보수, 사무공간 리모델링)에 일부 전용 예정..",
            "id": "sample_001_0009_000036",
            "annotations": []
        },
        {
            "sentence": "MGT-OP-002",
            "id": "sample_001_0009_000037",
            "annotations": [
                {
                    "word": "MGT",
                    "start": 0,
                    "end": 3,
                    "label": "준식별자"
                }
            ]
        },
        {
            "sentence": "인건비(계약직·외주 인력 포함)",
            "id": "sample_001_0009_000038",
            "annotations": []
        },
        {
            "sentence": "정규직 급여 외에 프로젝트 성격의 단기 계약직 및 계절적 인력충원에 따른 인건비 항목입니다.",
            "id": "sample_001_0009_000039",
            "annotations": []
        },
        {
            "sentence": "상반기 집행은 상여금 반기 지급(60,000,000원) 및 채용관련 초기 교육비용 포함.",
            "id": "sample_001_0009_000040",
            "annotations": [
                {
                    "word": "60,000,000원",
                    "start": 18,
                    "end": 29,
                    "label": "기밀정보"
                },
                {
                    "word": "교육비",
                    "start": 41,
                    "end": 44,
                    "label": "기밀정보"
                }
            ]
        },
        {
            "sentence": "하반기에는 핵심인력 채용계획에 따른 추가 채용예산(예상 3명, 연 45,000,000원) 반영 필요..",
            "id": "sample_001_0009_000041",
            "annotations": [
                {
                    "word": "핵심인력",
                    "start": 6,
                    "end": 10,
                    "label": "준식별자"
                },
                {
                    "word": "45,000,000원",
                    "start": 37,
                    "end": 48,
                    "label": "기밀정보"
                }
            ]
        },
        {
            "sentence": "MGT-OP-003",
            "id": "sample_001_0009_000042",
            "annotations": [
                {
                    "word": "MGT",
                    "start": 0,
                    "end": 3,
                    "label": "준식별자"
                },
                {
                    "word": "P-003",
                    "start": 5,
                    "end": 10,
                    "label": "준식별자"
                }
            ]
        },
        {
            "sentence": "정보시스템·소프트웨어(라이선스·구독형서비스)",
            "id": "sample_001_0009_000043",
            "annotations": []
        },
        {
            "sentence": "ERP, 전자결재, 보안 솔루션, 백업 및 클라우드 구독비 등 회사 운영 핵심 정보시스템에 투입되는 예산입니다.",
            "id": "sample_001_0009_000044",
            "annotations": []
        },
        {
            "sentence": "한빛 AI-CPS 및 데이터 솔루션과의 연동을 위한 추가 API 연동 비용과 보안 감사 비용 일부가 상반기 집행됨.",
            "id": "sample_001_0009_000045",
            "annotations": [
                {
                    "word": "한빛 AI-CPS",
                    "start": 0,
                    "end": 9,
                    "label": "기밀정보"
                }
            ]
        },
        {
            "sentence": "하반기에는 라이선스 갱신 및 신규 보안 패치 적용을 위한 예산 집행 예정..",
            "id": "sample_001_0009_000046",
            "annotations": []
        },
        {
            "sentence": "MGT-CT-004",
            "id": "sample_001_0009_000047",
            "annotations": [
                {
                    "word": "MGT",
                    "start": 0,
                    "end": 3,
                    "label": "준식별자"
                }
            ]
        },
        {
            "sentence": "교육 및 인재개발(사내/외부 교육, 산학협력 비용)",
            "id": "sample_001_0009_000048",
            "annotations": []
        },
        {
            "sentence": "직원 역량 강화를 위한 기술/경영 교육 및 산학협력 프로그램 참여비.",
            "id": "sample_001_0009_000049",
            "annotations": []
        },
        {
            "sentence": "상반기에는 신입사원·관리자 리더십 교육(총 12,500,000원) 집행.",
            "id": "sample_001_0009_000050",
            "annotations": [
                {
                    "word": "사원",
                    "start": 8,
                    "end": 10,
                    "label": "준식별자"
                }
            ]
        },
        {
            "sentence": "하반기에는 AI·머신러닝 심화 과정 및 유지보수 전문 교육을 중심으로 예산 사용 예정..",
            "id": "sample_001_0009_000051",
            "annotations": []
        },
        {
            "sentence": "MGT-CAPEX-005",
            "id": "sample_001_0009_000052",
            "annotations": [
                {
                    "word": "MGT",
                    "start": 0,
                    "end": 3,
                    "label": "준식별자"
                }
            ]
        },
        {
            "sentence": "사무·IT 설비 투자 (서버·네트워크·PC 교체 등)",
            "id": "sample_001_0009_000053",
            "annotations": []
        },
        {
            "sentence": "데이터 처리량 증가에 따른 서버 증설, 네트워크 장비 교체, 업무용 PC 교체 및 사내 회의실 AV 장비 도입.",
            "id": "sample_001_0009_000054",
            "annotations": [
                {
                    "word": "서버 증설",
                    "start": 15,
                    "end": 20,
                    "label": "준식별자"
                }
            ]
        },
        {
            "sentence": "상반기 집행은 서버 증설(80,000,000원), 고성능 워크스테이션 15대 도입(총 36,000,000원), 네트워크 스위치 및 라우터 교체(21,000,000원) 포함.",
            "id": "sample_001_0009_000055",
            "annotations": [
                {
                    "word": "서버 증설",
                    "start": 8,
                    "end": 13,
                    "label": "준식별자"
                },
                {
                    "word": "80,000,000원",
                    "start": 14,
                    "end": 25,
                    "label": "기밀정보"
                },
                {
                    "word": "36,000,000원",
                    "start": 48,
                    "end": 59,
                    "label": "기밀정보"
                },
                {
                    "word": "1,000,000원",
                    "start": 81,
                    "end": 91,
                    "label": "기밀정보"
                }
            ]
        },
        {
            "sentence": "하반기에는 스토리지 추가 및 이중화 구성에 따른 비용 집행 예정..",
            "id": "sample_001_0009_000056",
            "annotations": []
        },
        {
            "sentence": "MGT-LEGAL-006",
            "id": "sample_001_0009_000057",
            "annotations": [
                {
                    "word": "MGT",
                    "start": 0,
                    "end": 3,
                    "label": "준식별자"
                }
            ]
        },
        {
            "sentence": "법무·컨설팅 비용(계약검토·특허·외부감사 등)",
            "id": "sample_001_0009_000058",
            "annotations": []
        },
        {
            "sentence": "계약 검토, 특허 출원 관련 자문, 외부 감사 준비비용 등 법무 및 외부 컨설팅 비용.",
            "id": "sample_001_0009_000059",
            "annotations": []
        },
        {
            "sentence": "상반기에는 파트너사 계약 리뉴얼 자문비 8,000,000원, 일부 특허 검토비 7,000,000원 집행.",
            "id": "sample_001_0009_000060",
            "annotations": []
        },
        {
            "sentence": "하반기에는 해외 진출을 위한 법률 자문 및 계약서 현지화 비용 반영 필요..",
            "id": "sample_001_0009_000061",
            "annotations": []
        },
        {
            "sentence": "MGT-RESERVE-007",
            "id": "sample_001_0009_000062",
            "annotations": [
                {
                    "word": "MGT",
                    "start": 0,
                    "end": 3,
                    "label": "준식별자"
                }
            ]
        },
        {
            "sentence": "비상예비비(예상치 못한 비용 대비)",
            "id": "sample_001_0009_000063",
            "annotations": [
                {
                    "word": "예비비",
                    "start": 2,
                    "end": 5,
                    "label": "기밀정보"
                }
            ]
        },
        {
            "sentence": "예기치 못한 법적비용, 긴급 설비 수리, 자연재해 대응 등에 대비한 비상 예비비.",
            "id": "sample_001_0009_000064",
            "annotations": [
                {
                    "word": "예비비",
                    "start": 41,
                    "end": 44,
                    "label": "기밀정보"
                }
            ]
        },
        {
            "sentence": "상반기에는 냉난방기 긴급 수리비 20,000,000원 집행.",
            "id": "sample_001_0009_000065",
            "annotations": [
                {
                    "word": "20,000,000원",
                    "start": 18,
                    "end": 29,
                    "label": "기밀정보"
                }
            ]
        },
        {
            "sentence": "하반기 잔액은 전략적 비축으로 유지할 것을 권고..",
            "id": "sample_001_0009_000066",
            "annotations": []
        },
        {
            "sentence": "MGT-PROJ-008",
            "id": "sample_001_0009_000067",
            "annotations": [
                {
                    "word": "MGT",
                    "start": 0,
                    "end": 3,
                    "label": "준식별자"
                }
            ]
        },
        {
            "sentence": "스마트팩토리 마케팅·영업지원(전시회·자료제작 등)",
            "id": "sample_001_0009_000068",
            "annotations": [
                {
                    "word": "영업지원",
                    "start": 11,
                    "end": 15,
                    "label": "준식별자"
                }
            ]
        },
        {
            "sentence": "국내외 전시회 참가비, 마케팅 자료 제작비, 고객 데모 환경 구축비 등.",
            "id": "sample_001_0009_000069",
            "annotations": []
        },
        {
            "sentence": "상반기 국내 전시회 참가 및 홍보영상 제작비 일부 집행.",
            "id": "sample_001_0009_000070",
            "annotations": []
        },
        {
            "sentence": "하반기 동남아 시장 진출 준비를 위한 전시회 및 파트너십 구축 예산 추가 필요..",
            "id": "sample_001_0009_000071",
            "annotations": [
                {
                    "word": "동남아",
                    "start": 4,
                    "end": 7,
                    "label": "준식별자"
                }
            ]
        },
        {
            "sentence": "MGT-MAINT-009",
            "id": "sample_001_0009_000072",
            "annotations": [
                {
                    "word": "MGT",
                    "start": 0,
                    "end": 3,
                    "label": "준식별자"
                }
            ]
        },
        {
            "sentence": "설비·자산 유지보수 계약(장비 보증·정기점검)",
            "id": "sample_001_0009_000073",
            "annotations": []
        },
        {
            "sentence": "사내 서버·네트워크·제어장비 등 중요한 자산의 정기 점검 및 연간 유지보수 계약 비용.",
            "id": "sample_001_0009_000074",
            "annotations": []
        },
        {
            "sentence": "상반기에는 핵심 장비 정기점검 및 부품교체 42,000,000원 집행.",
            "id": "sample_001_0009_000075",
            "annotations": [
                {
                    "word": "42,000,000원",
                    "start": 24,
                    "end": 35,
                    "label": "기밀정보"
                }
            ]
        },
        {
            "sentence": "하반기에는 시설 점검 및 예방정비 예산 집행 예정..",
            "id": "sample_001_0009_000076",
            "annotations": []
        },
        {
            "sentence": "MGT-OTH-010",
            "id": "sample_001_0009_000077",
            "annotations": [
                {
                    "word": "MGT",
                    "start": 0,
                    "end": 3,
                    "label": "준식별자"
                }
            ]
        },
        {
            "sentence": "기타 운영비(복리후생·회의비·출장비 등)",
            "id": "sample_001_0009_000078",
            "annotations": []
        },
        {
            "sentence": "직원 복지, 회의 및 출장, 소모품 구매 등 일상적 운영비.",
            "id": "sample_001_0009_000079",
            "annotations": []
        },
        {
            "sentence": "상반기에는 직원편의시설 설치(안내표시판, 휴게공간 개선) 및 출장비 정산 포함..",
            "id": "sample_001_0009_000080",
            "annotations": []
        },
        {
            "sentence": "1. 배경 및 목적: ㈜한빛솔루션은 2018년 설립 이래 스마트팩토리 솔루션을 중소·중견 제조기업에 공급하며 안정적 성장을 지속해 왔습니다.",
            "id": "sample_001_0009_000081",
            "annotations": [
                {
                    "word": "㈜한빛솔루션",
                    "start": 12,
                    "end": 18,
                    "label": "기밀정보"
                },
                {
                    "word": "201",
                    "start": 20,
                    "end": 23,
                    "label": "개인정보"
                }
            ]
        },
        {
            "sentence": "2025년도 경영 환경은 AI·데이터 기반 솔루션 수요 확대와 더불어 해외 시장 진출 필요성이 제기되었으며, 이에 따라 관리부는 회사의 지속 성장과 리스크 관리를 반영한 예산 조정안을 마련하였습니다.",
            "id": "sample_001_0009_000082",
            "annotations": [
                {
                    "word": "202",
                    "start": 0,
                    "end": 3,
                    "label": "준식별자"
                },
                {
                    "word": "관리부",
                    "start": 67,
                    "end": 70,
                    "label": "준식별자"
                }
            ]
        },
        {
            "sentence": "본 예산안의 목적은 제한된 재원을 효율적으로 배분하여 업무 연속성을 확보하고, 성장투자(IT 인프라, 인재 확보, 마케팅)와 안정적 운영(임대·유틸리티·법무)을 균형 있게 집행하는 데 있습니다..",
            "id": "sample_001_0009_000083",
            "annotations": []
        },
        {
            "sentence": "2. 전반적 집행 현황 요약(1월~6월): 상반기 총 집행액은 487,500,000원으로 연간 승인액의 40.6% 수준입니다.",
            "id": "sample_001_0009_000084",
            "annotations": []
        },
        {
            "sentence": "집행률이 상대적으로 높은 항목은 인건비(정규 상여금 반기 지급), 설비투자(서버 증설 및 워크스테이션 구매), 운영비(임대료 선납) 등입니다.",
            "id": "sample_001_0009_000085",
            "annotations": [
                {
                    "word": "서버 증설",
                    "start": 42,
                    "end": 47,
                    "label": "준식별자"
                }
            ]
        },
        {
            "sentence": "반면 교육·산학협력, 해외마케팅, 법률자문 등은 상반기에 계획 대비 부분만 집행되어 하반기 집중 집행이 예상됩니다.",
            "id": "sample_001_0009_000086",
            "annotations": []
        },
        {
            "sentence": "잔액은 797,500,000원으로 아직 대체적으로 집행 여지가 있으나, 하반기 주요 프로젝트 예정에 따라 선제적 배정이 필요합니다..",
            "id": "sample_001_0009_000087",
            "annotations": []
        },
        {
            "sentence": "3. 항목별 세부 분석: (가) 임대·관리비: 임대료는 계약 조건에 따라 매월 고정적으로 지출되며, 상반기에 임대료 선납분이 반영되어 일시적 집행률이 높게 나타났습니다.",
            "id": "sample_001_0009_000088",
            "annotations": []
        },
        {
            "sentence": "건물 유지보수 및 보안 강화 비용은 점진적으로 발생할 예정입니다.",
            "id": "sample_001_0009_000089",
            "annotations": []
        },
        {
            "sentence": "(나) 인건비: 핵심인력 보강과 고성과자 인센티브 지급 계획이 있어 추가 집행 예상.",
            "id": "sample_001_0009_000090",
            "annotations": [
                {
                    "word": "핵심인력",
                    "start": 9,
                    "end": 13,
                    "label": "준식별자"
                }
            ]
        },
        {
            "sentence": "(다) IT·시스템: ERP 연동 및 백업 구성을 위해 서버 및 스토리지 증설 필요.",
            "id": "sample_001_0009_000091",
            "annotations": [
                {
                    "word": "서버 및 스토리지 증설",
                    "start": 31,
                    "end": 43,
                    "label": "기밀정보"
                }
            ]
        },
        {
            "sentence": "이는 서비스 안정성 확보와 고객 신뢰성 향상에 직접적 기여..",
            "id": "sample_001_0009_000092",
            "annotations": []
        },
        {
            "sentence": "4. 하반기 집행 계획(권고안): 본 관리부에서는 다음과 같은 우선순위를 권고합니다.",
            "id": "sample_001_0009_000093",
            "annotations": [
                {
                    "word": "관리부",
                    "start": 21,
                    "end": 24,
                    "label": "준식별자"
                }
            ]
        },
        {
            "sentence": "우선순위1: IT 인프라 강화(스토리지 이중화, 백업 자동화), 우선순위2: 해외시장 진출을 위한 현지 파트너 발굴 및 계약 법률자문 집행, 우선순위3: 핵심인재 채용 및 역량강화 교육, 우선순위4: 시설 개선(냉난방 보수, 재난 대비 설비 보강).",
            "id": "sample_001_0009_000094",
            "annotations": []
        },
        {
            "sentence": "상기 항목은 예산의 약 60%를 소요할 것으로 예상되며, 단계별 집행계획을 별첨 2(하반기 집행 스케줄)에 상세히 제시하였습니다..",
            "id": "sample_001_0009_000095",
            "annotations": []
        },
        {
            "sentence": "5. 현금흐름(Cash Flow) 전망: 월별 현금 유출입을 보수적으로 추정한 결과, 2025년 3분기(7~9월)에는 대형 투자 항목(스토리지, 해외 전시회·마케팅) 집행으로 인하여 일시적 현금유출이 증가할 것으로 예상됩니다.",
            "id": "sample_001_0009_000096",
            "annotations": [
                {
                    "word": "202",
                    "start": 48,
                    "end": 51,
                    "label": "준식별자"
                }
            ]
        },
        {
            "sentence": "다만 4분기에는 수주 확대로 인해 현금유입이 개선될 것으로 전망합니다.",
            "id": "sample_001_0009_000097",
            "annotations": []
        },
        {
            "sentence": "관리부는 현금예비비(비상예비비)를 최소 50,000,000원 수준으로 유지하여 유동성 리스크를 완화할 것을 권고합니다..",
            "id": "sample_001_0009_000098",
            "annotations": [
                {
                    "word": "관리부",
                    "start": 0,
                    "end": 3,
                    "label": "준식별자"
                },
                {
                    "word": "예비비",
                    "start": 7,
                    "end": 10,
                    "label": "기밀정보"
                },
                {
                    "word": "예비비",
                    "start": 13,
                    "end": 16,
                    "label": "기밀정보"
                }
            ]
        },
        {
            "sentence": "6. 항목별 세부 집행내역(트랜잭션 요약): 상반기 주요 트랜잭션은 다음과 같습니다.",
            "id": "sample_001_0009_000099",
            "annotations": []
        },
        {
            "sentence": "2025-01-05: 임대료(분기 선납) 45,000,000원 지출(현금), 2025-02-18: 서버 구매(서버벤더 A) 80,000,000원(계약서 HB-VC-202502), 2025-03-12: 상반기 상여금 지급 60,000,000원(급여대장 참조), 2025-04-22: 워크스테이션 구매(15대) 36,000,000원, 2025-05-10: 냉난방기 긴급 수리 20,000,000원, 2025-06-17: 국내전시회 참가 및 홍보영상 제작 21,000,000원.",
            "id": "sample_001_0009_000100",
            "annotations": [
                {
                    "word": "202",
                    "start": 0,
                    "end": 3,
                    "label": "준식별자"
                },
                {
                    "word": "45,000,000원",
                    "start": 23,
                    "end": 34,
                    "label": "기밀정보"
                },
                {
                    "word": "202",
                    "start": 43,
                    "end": 46,
                    "label": "준식별자"
                },
                {
                    "word": "80,000,000원",
                    "start": 69,
                    "end": 80,
                    "label": "기밀정보"
                },
                {
                    "word": "202",
                    "start": 91,
                    "end": 94,
                    "label": "준식별자"
                },
                {
                    "word": "502",
                    "start": 94,
                    "end": 97,
                    "label": "기밀정보"
                },
                {
                    "word": "2025-03-12",
                    "start": 100,
                    "end": 110,
                    "label": "기밀정보"
                },
                {
                    "word": "60,000,000원",
                    "start": 123,
                    "end": 134,
                    "label": "기밀정보"
                },
                {
                    "word": "202",
                    "start": 145,
                    "end": 148,
                    "label": "준식별자"
                },
                {
                    "word": "36,000,000원",
                    "start": 172,
                    "end": 183,
                    "label": "기밀정보"
                },
                {
                    "word": "202",
                    "start": 185,
                    "end": 188,
                    "label": "준식별자"
                },
                {
                    "word": "20,000,000원",
                    "start": 208,
                    "end": 219,
                    "label": "기밀정보"
                },
                {
                    "word": "202",
                    "start": 221,
                    "end": 224,
                    "label": "준식별자"
                },
                {
                    "word": "1,000,000원",
                    "start": 253,
                    "end": 263,
                    "label": "기밀정보"
                }
            ]
        },
        {
            "sentence": "상세 전표 및 영수증은 회계팀 전자문서함 참조..",
            "id": "sample_001_0009_000101",
            "annotations": [
                {
                    "word": "영수증",
                    "start": 8,
                    "end": 11,
                    "label": "기밀정보"
                },
                {
                    "word": "회계팀",
                    "start": 13,
                    "end": 16,
                    "label": "준식별자"
                }
            ]
        },
        {
            "sentence": "7. 예산 재분배 제안(세부 항목 조정안): 현재 승인된 예산 내에서 우선투자 항목을 반영하기 위한 재분배 방안을 제안합니다.",
            "id": "sample_001_0009_000102",
            "annotations": []
        },
        {
            "sentence": "(A) 교육 예산 중 10,000,000원을 해외마케팅 시범참가(부스·물류비)로 전용, (B) 기타운영비(회의비·소모품)에서 5,000,000원을 가져와 법률·컨설팅 비용 보강, (C) 비상예비비에서 15,000,000원을 IT 보안 패치 및 외부 감사 대응비로 차용.",
            "id": "sample_001_0009_000103",
            "annotations": [
                {
                    "word": "5,000,000원",
                    "start": 70,
                    "end": 80,
                    "label": "기밀정보"
                },
                {
                    "word": "예비비",
                    "start": 106,
                    "end": 109,
                    "label": "기밀정보"
                },
                {
                    "word": "15,000,000원",
                    "start": 112,
                    "end": 123,
                    "label": "기밀정보"
                }
            ]
        },
        {
            "sentence": "상기 조정은 경영진 승인 후 즉시 실행 가능하며, 조정 항목은 회계시스템에서 별도 프로젝트 코드로 관리될 것입니다..",
            "id": "sample_001_0009_000104",
            "annotations": []
        },
        {
            "sentence": "8. 리스크 분석 및 대응 방안: (1) 환율·해외거래 리스크: 해외시장 진출 시 환율 변동에 따른 비용 증가 위험 존재.",
            "id": "sample_001_0009_000105",
            "annotations": []
        },
        {
            "sentence": "대응방안으로 계약 시 환헤지(선물환 등) 검토 및 현지 통화 기준 계약 체결 권장.",
            "id": "sample_001_0009_000106",
            "annotations": []
        },
        {
            "sentence": "(2) IT자산 고장 리스크: 서버/스토리지 고장 시 서비스 중단 위험.",
            "id": "sample_001_0009_000107",
            "annotations": []
        },
        {
            "sentence": "대응으로 이중화 구성 및 정기 점검 계약 강화, 고가용성(HA) 설계 적용 권고.",
            "id": "sample_001_0009_000108",
            "annotations": []
        },
        {
            "sentence": "(3) 인력 확보 리스크: 채용 실패 시 프로젝트 지연 우려.",
            "id": "sample_001_0009_000109",
            "annotations": []
        },
        {
            "sentence": "대응으로 채용 일정 앞당기기, 파견·계약직 활용 및 외부 전문기관 연계..",
            "id": "sample_001_0009_000110",
            "annotations": []
        },
        {
            "sentence": "9. 대안 및 비용효율화 방안: 비용절감과 성과 병행을 위해 다음 방안을 제시합니다.",
            "id": "sample_001_0009_000111",
            "annotations": []
        },
        {
            "sentence": "(A) 다년 계약을 통한 라이선스·구독비 할인 협상, (B) 예비부품 공동구매를 통한 단가 절감, (C) 교육 프로그램의 온·오프라인 혼합 운영으로 비용 절감 및 교육효과 제고.",
            "id": "sample_001_0009_000112",
            "annotations": []
        },
        {
            "sentence": "또한 내부 프로세스 개선(전자결재 간소화 등)을 통해 행정비용 절감을 추진합니다..",
            "id": "sample_001_0009_000113",
            "annotations": []
        },
        {
            "sentence": "10. 내부통제 및 절차 준수: 모든 예산 집행은 사내 결재선 및 지출결의 규정에 따라 수행되어야 하며, 특히 5,000,000원 이상 현금 지출은 반드시 이사(재무담당) 승인 후 집행되어야 합니다.",
            "id": "sample_001_0009_000114",
            "annotations": [
                {
                    "word": "5,000,000원",
                    "start": 62,
                    "end": 72,
                    "label": "기밀정보"
                },
                {
                    "word": "재무담당",
                    "start": 90,
                    "end": 94,
                    "label": "준식별자"
                }
            ]
        },
        {
            "sentence": "지출증빙(세금계산서, 계약서, 수령확인서 등)은 전자문서로 스캔하여 회계팀 문서함에 업로드하고, 원본은 보존기간 동안 안전하게 보관합니다.",
            "id": "sample_001_0009_000115",
            "annotations": [
                {
                    "word": "회계팀",
                    "start": 38,
                    "end": 41,
                    "label": "준식별자"
                }
            ]
        },
        {
            "sentence": "내부 감사 시 제출 가능한 형태로 문서화하는 것을 의무화합니다..",
            "id": "sample_001_0009_000116",
            "annotations": []
        },
        {
            "sentence": "11. 예산 모니터링 및 보고 체계: 관리부는 월별 예산집행 리포트를 작성하여 경영진 및 관련 부서에 배포할 예정입니다.",
            "id": "sample_001_0009_000117",
            "annotations": [
                {
                    "word": "관리부",
                    "start": 21,
                    "end": 24,
                    "label": "준식별자"
                }
            ]
        },
        {
            "sentence": "보고서는 집행현황, 변동이유, 예측치, 요청사항(승인·전용 등)으로 구성되며, 이서윤 총무팀장이 월말 기준으로 산출 및 정리합니다.",
            "id": "sample_001_0009_000118",
            "annotations": [
                {
                    "word": "이서윤",
                    "start": 44,
                    "end": 47,
                    "label": "개인정보"
                },
                {
                    "word": "총무팀장",
                    "start": 48,
                    "end": 52,
                    "label": "준식별자"
                }
            ]
        },
        {
            "sentence": "예외 발생 시 즉시 경영진에 보고하고 임시 결재를 요청하도록 규정합니다..",
            "id": "sample_001_0009_000119",
            "annotations": []
        },
        {
            "sentence": "12. 상세 집행 일정(하반기 권고 스케줄): 2025-07~08월: 스토리지 추가 및 이중화 설계(계약 및 설치), 2025-08월: 해외시장 진출을 위한 파트너십 MOU 체결 및 현지 전시참가 준비, 2025-09월: 핵심인력 채용 완료 및 온보딩, 2025-10월: 내부 감사 및 외부 감사 대응 준비, 2025-11~12월: 연말 결산 및 내년도 예산안 작성 개시..",
            "id": "sample_001_0009_000120",
            "annotations": [
                {
                    "word": "202",
                    "start": 26,
                    "end": 29,
                    "label": "준식별자"
                },
                {
                    "word": "202",
                    "start": 66,
                    "end": 69,
                    "label": "준식별자"
                },
                {
                    "word": "202",
                    "start": 114,
                    "end": 117,
                    "label": "준식별자"
                },
                {
                    "word": "핵심인력",
                    "start": 124,
                    "end": 128,
                    "label": "준식별자"
                },
                {
                    "word": "온보딩",
                    "start": 137,
                    "end": 140,
                    "label": "준식별자"
                },
                {
                    "word": "202",
                    "start": 142,
                    "end": 145,
                    "label": "준식별자"
                },
                {
                    "word": "202",
                    "start": 173,
                    "end": 176,
                    "label": "준식별자"
                }
            ]
        },
        {
            "sentence": "13. 관련 규정 및 근거: 본 예산안은 사내 예산편성 및 집행 규정(내부규정 2024-IR-01), 2025년도 경영계획(전사 전략문서), 관련 계약서(서버구매 계약 HB-VC-202502, 워크스테이션 구매 계약 HB-HW-202504) 및 외부 감사 지침을 근거로 작성되었습니다.",
            "id": "sample_001_0009_000121",
            "annotations": [
                {
                    "word": "202",
                    "start": 44,
                    "end": 47,
                    "label": "준식별자"
                },
                {
                    "word": "202",
                    "start": 57,
                    "end": 60,
                    "label": "준식별자"
                },
                {
                    "word": "202",
                    "start": 100,
                    "end": 103,
                    "label": "준식별자"
                },
                {
                    "word": "502",
                    "start": 103,
                    "end": 106,
                    "label": "기밀정보"
                },
                {
                    "word": "202",
                    "start": 127,
                    "end": 130,
                    "label": "준식별자"
                },
                {
                    "word": "504",
                    "start": 130,
                    "end": 133,
                    "label": "기밀정보"
                }
            ]
        },
        {
            "sentence": "모든 근거 문서는 관련 문서번호를 명시하여 별첨으로 제출합니다..",
            "id": "sample_001_0009_000122",
            "annotations": []
        },
        {
            "sentence": "14. 승인 요청사항: 관리부는 본 문서의 안건에 대해 다음 결재를 요청합니다.",
            "id": "sample_001_0009_000123",
            "annotations": [
                {
                    "word": "관리부",
                    "start": 13,
                    "end": 16,
                    "label": "준식별자"
                }
            ]
        },
        {
            "sentence": "(1) 제2차 예산안(조정안 포함) 최종 승인, (2) 제안된 재분배(교육→마케팅, 기타→법무) 승인, (3) 상반기 집행현황에 대한 확인 및 향후 집행 계획 승인.",
            "id": "sample_001_0009_000124",
            "annotations": []
        },
        {
            "sentence": "승인 후 즉시 회계 시스템에 반영하고 하반기 집행을 개시할 예정입니다..",
            "id": "sample_001_0009_000125",
            "annotations": []
        },
        {
            "sentence": "15. 첨부자료(요약): 별첨 1: 예산집행 세부계정별 전표 목록(상세 항목별 전표 및 영수증 스캔본).",
            "id": "sample_001_0009_000126",
            "annotations": [
                {
                    "word": "영수증",
                    "start": 49,
                    "end": 52,
                    "label": "기밀정보"
                }
            ]
        },
        {
            "sentence": "별첨 2: 하반기 집행 스케줄(주간 단위 세부 일정 포함).",
            "id": "sample_001_0009_000127",
            "annotations": []
        },
        {
            "sentence": "별첨 3: 주요 계약서 사본(서버, 워크스테이션, 전시회 참가 계약).",
            "id": "sample_001_0009_000128",
            "annotations": []
        },
        {
            "sentence": "별첨 4: 관련 내부 규정 및 예산편성 지침 사본..",
            "id": "sample_001_0009_000129",
            "annotations": []
        },
        {
            "sentence": "16. 추가 권고 및 후속조치: (A) 재무팀과의 협의를 통해 월별 현금흐름 보고서(실시간 업데이트)를 기반으로 의사결정을 권고합니다.",
            "id": "sample_001_0009_000130",
            "annotations": [
                {
                    "word": "재무팀",
                    "start": 22,
                    "end": 25,
                    "label": "준식별자"
                }
            ]
        },
        {
            "sentence": "(B) IT부서와 협업하여 단기 보수 계획 및 장기 자산교체 로드맵을 수립할 것을 권고합니다.",
            "id": "sample_001_0009_000131",
            "annotations": []
        },
        {
            "sentence": "(C) 영업부와의 정기 미팅을 통해 수주 예측치를 정확히 반영하도록 하여 예산 편차를 최소화할 필요가 있습니다..",
            "id": "sample_001_0009_000132",
            "annotations": [
                {
                    "word": "영업부",
                    "start": 4,
                    "end": 7,
                    "label": "준식별자"
                }
            ]
        },
        {
            "sentence": "17. 관리지표(KPI) 제안: 예산집행 성과를 평가하기 위한 KPI로서 집행률(월별), 예산 대비 성과(수익성 지표), 비용절감률, 예비비 활용률, 프로젝트별 ROI(투자수익률) 등을 제안합니다.",
            "id": "sample_001_0009_000133",
            "annotations": [
                {
                    "word": "예비비",
                    "start": 75,
                    "end": 78,
                    "label": "기밀정보"
                }
            ]
        },
        {
            "sentence": "KPI는 분기별로 리뷰하며, 달성도가 낮은 항목에 대해서는 원인분석 및 보완계획을 수립합니다..",
            "id": "sample_001_0009_000134",
            "annotations": []
        },
        {
            "sentence": "18. 감사 대비 자료 준비: 내부·외부 감사에 대비하여 모든 지출은 근거서류와 승인기록을 함께 보관합니다.",
            "id": "sample_001_0009_000135",
            "annotations": []
        },
        {
            "sentence": "특히 대형 자본지출에 대해서는 기술부(설비 스펙 및 테스트 결과), 영업부(프로젝트 연관성 증빙) 자료를 함께 첨부하여 감사 시 신뢰성을 확보합니다..",
            "id": "sample_001_0009_000136",
            "annotations": [
                {
                    "word": "기술부",
                    "start": 17,
                    "end": 20,
                    "label": "준식별자"
                },
                {
                    "word": "영업부",
                    "start": 38,
                    "end": 41,
                    "label": "준식별자"
                }
            ]
        },
        {
            "sentence": "19. 법적·세무적 고려사항: 계약서 체결 시 지불조건, 보증기간, 책임범위, 지식재산권 조항을 명확히 하여 분쟁 리스크를 감소시켜야 합니다.",
            "id": "sample_001_0009_000137",
            "annotations": []
        },
        {
            "sentence": "또한, 세무처리 관련 증빙(세금계산서 등)을 정비하여 손금 산입 및 법인세 신고 시의 오류를 최소화할 필요가 있습니다..",
            "id": "sample_001_0009_000138",
            "annotations": []
        },
        {
            "sentence": "20. 결론: 관리부는 본 예산안이 회사의 단기적 운영 안정성과 중장기적 성장투자 균형을 고려한 현실적이며 실행 가능한 계획이라고 판단합니다.",
            "id": "sample_001_0009_000139",
            "annotations": [
                {
                    "word": "관리부",
                    "start": 8,
                    "end": 11,
                    "label": "준식별자"
                }
            ]
        },
        {
            "sentence": "제안된 재분배와 우선순위에 대해 경영진의 검토 및 승인이 필요하며, 승인 즉시 이사회 및 관련 부서와 협의하여 세부 집행계획을 확정하겠습니다..",
            "id": "sample_001_0009_000140",
            "annotations": [
                {
                    "word": "이사회",
                    "start": 44,
                    "end": 47,
                    "label": "기밀정보"
                }
            ]
        },
        {
            "sentence": "2025-07",
            "id": "sample_001_0009_000141",
            "annotations": [
                {
                    "word": "202",
                    "start": 0,
                    "end": 3,
                    "label": "준식별자"
                }
            ]
        },
        {
            "sentence": "2025-08",
            "id": "sample_001_0009_000142",
            "annotations": [
                {
                    "word": "202",
                    "start": 0,
                    "end": 3,
                    "label": "준식별자"
                }
            ]
        },
        {
            "sentence": "2025-09",
            "id": "sample_001_0009_000143",
            "annotations": [
                {
                    "word": "202",
                    "start": 0,
                    "end": 3,
                    "label": "준식별자"
                }
            ]
        },
        {
            "sentence": "2025-10",
            "id": "sample_001_0009_000144",
            "annotations": [
                {
                    "word": "202",
                    "start": 0,
                    "end": 3,
                    "label": "준식별자"
                }
            ]
        },
        {
            "sentence": "2025-11",
            "id": "sample_001_0009_000145",
            "annotations": [
                {
                    "word": "202",
                    "start": 0,
                    "end": 3,
                    "label": "준식별자"
                }
            ]
        },
        {
            "sentence": "2025-12",
            "id": "sample_001_0009_000146",
            "annotations": [
                {
                    "word": "202",
                    "start": 0,
                    "end": 3,
                    "label": "준식별자"
                }
            ]
        },
        {
            "sentence": "R-001",
            "id": "sample_001_0009_000147",
            "annotations": [
                {
                    "word": "001",
                    "start": 2,
                    "end": 5,
                    "label": "개인정보"
                }
            ]
        },
        {
            "sentence": "서버/스토리지 장애로 인한 고객 서비스 중단",
            "id": "sample_001_0009_000148",
            "annotations": []
        },
        {
            "sentence": "중간",
            "id": "sample_001_0009_000149",
            "annotations": []
        },
        {
            "sentence": "높음",
            "id": "sample_001_0009_000150",
            "annotations": []
        },
        {
            "sentence": "장비 이중화 및 정기 점검 계약 강화",
            "id": "sample_001_0009_000151",
            "annotations": []
        },
        {
            "sentence": "R-002",
            "id": "sample_001_0009_000152",
            "annotations": []
        },
        {
            "sentence": "해외시장 진출시 현지 규제·법적 리스크",
            "id": "sample_001_0009_000153",
            "annotations": []
        },
        {
            "sentence": "중간",
            "id": "sample_001_0009_000154",
            "annotations": []
        },
        {
            "sentence": "중간",
            "id": "sample_001_0009_000155",
            "annotations": []
        },
        {
            "sentence": "현지 법률 자문 및 계약조건에 환헤지 조항 포함",
            "id": "sample_001_0009_000156",
            "annotations": []
        },
        {
            "sentence": "R-003",
            "id": "sample_001_0009_000157",
            "annotations": []
        },
        {
            "sentence": "핵심인력 이탈에 따른 프로젝트 지연",
            "id": "sample_001_0009_000158",
            "annotations": [
                {
                    "word": "핵심인력",
                    "start": 0,
                    "end": 4,
                    "label": "준식별자"
                }
            ]
        },
        {
            "sentence": "낮음",
            "id": "sample_001_0009_000159",
            "annotations": []
        },
        {
            "sentence": "중간",
            "id": "sample_001_0009_000160",
            "annotations": []
        },
        {
            "sentence": "핵심인력 유지 인센티브 및 백업인력 양성",
            "id": "sample_001_0009_000161",
            "annotations": [
                {
                    "word": "핵심인력",
                    "start": 0,
                    "end": 4,
                    "label": "준식별자"
                }
            ]
        },
        {
            "sentence": "ATT-001",
            "id": "sample_001_0009_000162",
            "annotations": [
                {
                    "word": "T-001",
                    "start": 2,
                    "end": 7,
                    "label": "준식별자"
                }
            ]
        },
        {
            "sentence": "예산집행 전표 및 영수증(상세)",
            "id": "sample_001_0009_000163",
            "annotations": [
                {
                    "word": "영수증",
                    "start": 10,
                    "end": 13,
                    "label": "기밀정보"
                }
            ]
        },
        {
            "sentence": "e-docs/MGT/BUDGET/2025/Q1Q2/vouchers.zip",
            "id": "sample_001_0009_000164",
            "annotations": [
                {
                    "word": "MGT",
                    "start": 7,
                    "end": 10,
                    "label": "준식별자"
                },
                {
                    "word": "202",
                    "start": 18,
                    "end": 21,
                    "label": "준식별자"
                }
            ]
        },
        {
            "sentence": "ATT-002",
            "id": "sample_001_0009_000165",
            "annotations": [
                {
                    "word": "T-002",
                    "start": 2,
                    "end": 7,
                    "label": "준식별자"
                }
            ]
        },
        {
            "sentence": "하반기 집행 스케줄(상세)",
            "id": "sample_001_0009_000166",
            "annotations": []
        },
        {
            "sentence": "e-docs/MGT/BUDGET/2025/schedule_q3q4.xlsx",
            "id": "sample_001_0009_000167",
            "annotations": [
                {
                    "word": "MGT",
                    "start": 7,
                    "end": 10,
                    "label": "준식별자"
                },
                {
                    "word": "202",
                    "start": 18,
                    "end": 21,
                    "label": "준식별자"
                }
            ]
        },
        {
            "sentence": "ATT-003",
            "id": "sample_001_0009_000168",
            "annotations": []
        },
        {
            "sentence": "주요 계약서 사본(서버·워크스테이션·전시회)",
            "id": "sample_001_0009_000169",
            "annotations": []
        },
        {
            "sentence": "e-docs/MGT/CONTRACTS/2025/servers_workstations_exhibit.pdf",
            "id": "sample_001_0009_000170",
            "annotations": [
                {
                    "word": "MGT",
                    "start": 7,
                    "end": 10,
                    "label": "준식별자"
                },
                {
                    "word": "202",
                    "start": 21,
                    "end": 24,
                    "label": "준식별자"
                }
            ]
        },
        {
            "sentence": "ATT-004",
            "id": "sample_001_0009_000171",
            "annotations": []
        },
        {
            "sentence": "관련 내부 규정 및 예산편성 지침",
            "id": "sample_001_0009_000172",
            "annotations": []
        },
        {
            "sentence": "e-docs/MGT/POLICIES/budget_policy_2024.pdf",
            "id": "sample_001_0009_000173",
            "annotations": [
                {
                    "word": "MGT",
                    "start": 7,
                    "end": 10,
                    "label": "준식별자"
                },
                {
                    "word": "202",
                    "start": 34,
                    "end": 37,
                    "label": "준식별자"
                }
            ]
        },
        {
            "sentence": "작성자",
            "id": "sample_001_0009_000174",
            "annotations": []
        },
        {
            "sentence": "정민수",
            "id": "sample_001_0009_000175",
            "annotations": [
                {
                    "word": "정민수",
                    "start": 0,
                    "end": 3,
                    "label": "개인정보"
                }
            ]
        },
        {
            "sentence": "관리부 예산담당 매니저",
            "id": "sample_001_0009_000176",
            "annotations": [
                {
                    "word": "관리부",
                    "start": 0,
                    "end": 3,
                    "label": "준식별자"
                }
            ]
        },
        {
            "sentence": "검토",
            "id": "sample_001_0009_000177",
            "annotations": []
        },
        {
            "sentence": "이서윤",
            "id": "sample_001_0009_000178",
            "annotations": [
                {
                    "word": "이서윤",
                    "start": 0,
                    "end": 3,
                    "label": "개인정보"
                }
            ]
        },
        {
            "sentence": "관리부 총무팀장",
            "id": "sample_001_0009_000179",
            "annotations": [
                {
                    "word": "관리부",
                    "start": 0,
                    "end": 3,
                    "label": "준식별자"
                },
                {
                    "word": "총무팀장",
                    "start": 4,
                    "end": 8,
                    "label": "준식별자"
                }
            ]
        },
        {
            "sentence": "승인",
            "id": "sample_001_0009_000180",
            "annotations": []
        },
        {
            "sentence": "박준호",
            "id": "sample_001_0009_000181",
            "annotations": [
                {
                    "word": "박준호",
                    "start": 0,
                    "end": 3,
                    "label": "개인정보"
                }
            ]
        },
        {
            "sentence": "관리부 이사(재무담당)",
            "id": "sample_001_0009_000182",
            "annotations": [
                {
                    "word": "관리부 이사",
                    "start": 0,
                    "end": 6,
                    "label": "준식별자"
                },
                {
                    "word": "재무담당",
                    "start": 7,
                    "end": 11,
                    "label": "준식별자"
                }
            ]
        },
        {
            "sentence": "최종결재(대표이사)",
            "id": "sample_001_0009_000183",
            "annotations": [
                {
                    "word": "대표이사",
                    "start": 5,
                    "end": 9,
                    "label": "준식별자"
                }
            ]
        },
        {
            "sentence": "김다은",
            "id": "sample_001_0009_000184",
            "annotations": [
                {
                    "word": "김다은",
                    "start": 0,
                    "end": 3,
                    "label": "개인정보"
                }
            ]
        },
        {
            "sentence": "대표이사",
            "id": "sample_001_0009_000185",
            "annotations": [
                {
                    "word": "대표이사",
                    "start": 0,
                    "end": 4,
                    "label": "준식별자"
                }
            ]
        },
        {
            "sentence": "정민수",
            "id": "sample_001_0009_000186",
            "annotations": [
                {
                    "word": "정민수",
                    "start": 0,
                    "end": 3,
                    "label": "개인정보"
                }
            ]
        },
        {
            "sentence": "관리부 예산담당 매니저",
            "id": "sample_001_0009_000187",
            "annotations": [
                {
                    "word": "관리부",
                    "start": 0,
                    "end": 3,
                    "label": "준식별자"
                }
            ]
        },
        {
            "sentence": "2025-07-15",
            "id": "sample_001_0009_000188",
            "annotations": [
                {
                    "word": "202",
                    "start": 0,
                    "end": 3,
                    "label": "준식별자"
                }
            ]
        },
        {
            "sentence": "이서윤",
            "id": "sample_001_0009_000189",
            "annotations": [
                {
                    "word": "이서윤",
                    "start": 0,
                    "end": 3,
                    "label": "개인정보"
                }
            ]
        },
        {
            "sentence": "관리부 총무팀장",
            "id": "sample_001_0009_000190",
            "annotations": [
                {
                    "word": "관리부",
                    "start": 0,
                    "end": 3,
                    "label": "준식별자"
                },
                {
                    "word": "총무팀장",
                    "start": 4,
                    "end": 8,
                    "label": "준식별자"
                }
            ]
        },
        {
            "sentence": "2025-07-16",
            "id": "sample_001_0009_000191",
            "annotations": [
                {
                    "word": "202",
                    "start": 0,
                    "end": 3,
                    "label": "준식별자"
                }
            ]
        },
        {
            "sentence": "박준호",
            "id": "sample_001_0009_000192",
            "annotations": [
                {
                    "word": "박준호",
                    "start": 0,
                    "end": 3,
                    "label": "개인정보"
                }
            ]
        },
        {
            "sentence": "관리부 이사(재무담당)",
            "id": "sample_001_0009_000193",
            "annotations": [
                {
                    "word": "관리부 이사",
                    "start": 0,
                    "end": 6,
                    "label": "준식별자"
                },
                {
                    "word": "재무담당",
                    "start": 7,
                    "end": 11,
                    "label": "준식별자"
                }
            ]
        },
        {
            "sentence": "김다은",
            "id": "sample_001_0009_000194",
            "annotations": [
                {
                    "word": "김다은",
                    "start": 0,
                    "end": 3,
                    "label": "개인정보"
                }
            ]
        },
        {
            "sentence": "대표이사",
            "id": "sample_001_0009_000195",
            "annotations": [
                {
                    "word": "대표이사",
                    "start": 0,
                    "end": 4,
                    "label": "준식별자"
                }
            ]
        },
        {
            "sentence": "HB-MGT-BUD-2025-01",
            "id": "sample_001_0009_000196",
            "annotations": [
                {
                    "word": "MGT",
                    "start": 3,
                    "end": 6,
                    "label": "준식별자"
                },
                {
                    "word": "202",
                    "start": 11,
                    "end": 14,
                    "label": "준식별자"
                }
            ]
        },
        {
            "sentence": "2025년도 제1차 예산안 및 집행보고서",
            "id": "sample_001_0009_000197",
            "annotations": [
                {
                    "word": "202",
                    "start": 0,
                    "end": 3,
                    "label": "준식별자"
                }
            ]
        },
        {
            "sentence": "HB-VC-202502",
            "id": "sample_001_0009_000198",
            "annotations": [
                {
                    "word": "202",
                    "start": 6,
                    "end": 9,
                    "label": "준식별자"
                },
                {
                    "word": "502",
                    "start": 9,
                    "end": 12,
                    "label": "기밀정보"
                }
            ]
        },
        {
            "sentence": "서버 구매 계약서(벤더 A)",
            "id": "sample_001_0009_000199",
            "annotations": []
        },
        {
            "sentence": "본 보고서는 관리부 내부 검토를 거친 후 경영진 결재용으로 제출됩니다.",
            "id": "sample_001_0009_000200",
            "annotations": [
                {
                    "word": "관리부",
                    "start": 7,
                    "end": 10,
                    "label": "준식별자"
                }
            ]
        },
        {
            "sentence": "추가 자료 요청 시 관리부 담당자(정민수, 내선224, minsujung@hanbitsol.co.kr)에게 문의바랍니다..",
            "id": "sample_001_0009_000201",
            "annotations": [
                {
                    "word": "관리부",
                    "start": 11,
                    "end": 14,
                    "label": "준식별자"
                },
                {
                    "word": "정민수",
                    "start": 19,
                    "end": 22,
                    "label": "개인정보"
                },
                {
                    "word": "224",
                    "start": 26,
                    "end": 29,
                    "label": "개인정보"
                },
                {
                    "word": "minsujung@hanbitsol.co.kr",
                    "start": 31,
                    "end": 56,
                    "label": "개인정보"
                }
            ]
        }
    ]
}