{
    "document_id": "001_0028",
    "document_title": "0028",
    "data": [
        {
            "sentence": "관리부_예산집행보고서_2025_Q3_검토용_A1",
            "id": "sample_001_0028_000001",
            "annotations": [
                {
                    "word": "관리부",
                    "start": 0,
                    "end": 3,
                    "label": "준식별자"
                },
                {
                    "word": "202",
                    "start": 12,
                    "end": 15,
                    "label": "준식별자"
                }
            ]
        },
        {
            "sentence": "MGT-BUD-2025-0901-001",
            "id": "sample_001_0028_000002",
            "annotations": [
                {
                    "word": "MGT",
                    "start": 0,
                    "end": 3,
                    "label": "준식별자"
                },
                {
                    "word": "202",
                    "start": 8,
                    "end": 11,
                    "label": "준식별자"
                },
                {
                    "word": "001",
                    "start": 18,
                    "end": 21,
                    "label": "개인정보"
                }
            ]
        },
        {
            "sentence": "관리부",
            "id": "sample_001_0028_000003",
            "annotations": [
                {
                    "word": "관리부",
                    "start": 0,
                    "end": 3,
                    "label": "준식별자"
                }
            ]
        },
        {
            "sentence": "2025-09-01",
            "id": "sample_001_0028_000004",
            "annotations": [
                {
                    "word": "2025-09-01",
                    "start": 0,
                    "end": 10,
                    "label": "준식별자"
                }
            ]
        },
        {
            "sentence": "2025-09-30",
            "id": "sample_001_0028_000005",
            "annotations": [
                {
                    "word": "202",
                    "start": 0,
                    "end": 3,
                    "label": "준식별자"
                }
            ]
        },
        {
            "sentence": "박민수",
            "id": "sample_001_0028_000006",
            "annotations": [
                {
                    "word": "박민수",
                    "start": 0,
                    "end": 3,
                    "label": "개인정보"
                }
            ]
        },
        {
            "sentence": "관리부장",
            "id": "sample_001_0028_000007",
            "annotations": [
                {
                    "word": "관리부장",
                    "start": 0,
                    "end": 4,
                    "label": "준식별자"
                }
            ]
        },
        {
            "sentence": "MG1001",
            "id": "sample_001_0028_000008",
            "annotations": [
                {
                    "word": "MG1001",
                    "start": 0,
                    "end": 6,
                    "label": "준식별자"
                }
            ]
        },
        {
            "sentence": "031-712-3001",
            "id": "sample_001_0028_000009",
            "annotations": [
                {
                    "word": "031-712-3001",
                    "start": 0,
                    "end": 12,
                    "label": "개인정보"
                }
            ]
        },
        {
            "sentence": "mspark@hanbitsol.com",
            "id": "sample_001_0028_000010",
            "annotations": [
                {
                    "word": "mspark@hanbitsol.com",
                    "start": 0,
                    "end": 20,
                    "label": "개인정보"
                }
            ]
        },
        {
            "sentence": "이정은",
            "id": "sample_001_0028_000011",
            "annotations": [
                {
                    "word": "이정은",
                    "start": 0,
                    "end": 3,
                    "label": "개인정보"
                }
            ]
        },
        {
            "sentence": "재무팀장",
            "id": "sample_001_0028_000012",
            "annotations": [
                {
                    "word": "재무팀장",
                    "start": 0,
                    "end": 4,
                    "label": "준식별자"
                }
            ]
        },
        {
            "sentence": "MG1020",
            "id": "sample_001_0028_000013",
            "annotations": [
                {
                    "word": "MG1020",
                    "start": 0,
                    "end": 6,
                    "label": "준식별자"
                }
            ]
        },
        {
            "sentence": "031-712-3002",
            "id": "sample_001_0028_000014",
            "annotations": [
                {
                    "word": "031-712-3002",
                    "start": 0,
                    "end": 12,
                    "label": "개인정보"
                }
            ]
        },
        {
            "sentence": "jelee@hanbitsol.com",
            "id": "sample_001_0028_000015",
            "annotations": [
                {
                    "word": "jelee@hanbitsol.com",
                    "start": 0,
                    "end": 19,
                    "label": "개인정보"
                }
            ]
        },
        {
            "sentence": "김현수",
            "id": "sample_001_0028_000016",
            "annotations": [
                {
                    "word": "김현수",
                    "start": 0,
                    "end": 3,
                    "label": "개인정보"
                }
            ]
        },
        {
            "sentence": "대표이사",
            "id": "sample_001_0028_000017",
            "annotations": [
                {
                    "word": "대표이사",
                    "start": 0,
                    "end": 4,
                    "label": "준식별자"
                }
            ]
        },
        {
            "sentence": "EX0001",
            "id": "sample_001_0028_000018",
            "annotations": [
                {
                    "word": "EX0001",
                    "start": 0,
                    "end": 6,
                    "label": "준식별자"
                }
            ]
        },
        {
            "sentence": "031-712-3000",
            "id": "sample_001_0028_000019",
            "annotations": [
                {
                    "word": "031-712-3000",
                    "start": 0,
                    "end": 12,
                    "label": "개인정보"
                }
            ]
        },
        {
            "sentence": "ceo@hanbitsol.com",
            "id": "sample_001_0028_000020",
            "annotations": [
                {
                    "word": "ceo@hanbitsol.com",
                    "start": 0,
                    "end": 17,
                    "label": "개인정보"
                }
            ]
        },
        {
            "sentence": "관리부",
            "id": "sample_001_0028_000021",
            "annotations": [
                {
                    "word": "관리부",
                    "start": 0,
                    "end": 3,
                    "label": "준식별자"
                }
            ]
        },
        {
            "sentence": "2025년 3분기 예산 집행 현황을 종합적으로 보고하고, 남은 분기 동안의 집행 계획과 자금 배분 조정을 요청함.",
            "id": "sample_001_0028_000022",
            "annotations": [
                {
                    "word": "202",
                    "start": 0,
                    "end": 3,
                    "label": "준식별자"
                }
            ]
        },
        {
            "sentence": "본 보고서는 전사 예산관리의 투명성 확보, 잔액의 효율적 재배치, 그리고 향후 분기 예산 편성에 대한 근거자료로 활용됨..",
            "id": "sample_001_0028_000023",
            "annotations": []
        },
        {
            "sentence": "본 보고서는 2025년 7월 1일부터 2025년 8월 31일까지의 관리부 예산 집행 현황을 집계한 문서입니다.",
            "id": "sample_001_0028_000024",
            "annotations": [
                {
                    "word": "202",
                    "start": 7,
                    "end": 10,
                    "label": "준식별자"
                },
                {
                    "word": "202",
                    "start": 21,
                    "end": 24,
                    "label": "준식별자"
                },
                {
                    "word": "관리부",
                    "start": 37,
                    "end": 40,
                    "label": "준식별자"
                }
            ]
        },
        {
            "sentence": "총 배정 예산은 1,250,000,000원이며, 현재까지 집행액은 742,435,720원으로 집행률은 59.39%입니다.",
            "id": "sample_001_0028_000025",
            "annotations": []
        },
        {
            "sentence": "주요 집행 항목으로는 인건비, 소프트웨어 유지보수 및 라이선스, 사무환경 개선, 외주 용역비, 법무 및 보험비 등이 있으며, 일부 항목에서 예산 초과 또는 이월이 발생했습니다.",
            "id": "sample_001_0028_000026",
            "annotations": []
        },
        {
            "sentence": "본 문서에서는 각 항목별 상세 집행 내역, 증빙 현황, 잔액 사용 계획 및 리스크와 대응 방안을 제시합니다..",
            "id": "sample_001_0028_000027",
            "annotations": []
        },
        {
            "sentence": "59.39",
            "id": "sample_001_0028_000028",
            "annotations": []
        },
        {
            "sentence": "2025-08-31",
            "id": "sample_001_0028_000029",
            "annotations": [
                {
                    "word": "202",
                    "start": 0,
                    "end": 3,
                    "label": "준식별자"
                }
            ]
        },
        {
            "sentence": "MGT-01",
            "id": "sample_001_0028_000030",
            "annotations": [
                {
                    "word": "MGT",
                    "start": 0,
                    "end": 3,
                    "label": "준식별자"
                }
            ]
        },
        {
            "sentence": "인건비(상시 급여 및 상여금 포함)",
            "id": "sample_001_0028_000031",
            "annotations": []
        },
        {
            "sentence": "97.74",
            "id": "sample_001_0028_000032",
            "annotations": []
        },
        {
            "sentence": "정규직 급여와 상여금, 4대 보험, 퇴직충당금 일부를 포함.",
            "id": "sample_001_0028_000033",
            "annotations": []
        },
        {
            "sentence": "2025년 상반기 성과평가에 따른 특별상여 지급(6월분)과 신규 채용(관리부 사원 1명, 재무 파트 1명)의 인건비가 반영되어 집행액이 배정액에 근접함.",
            "id": "sample_001_0028_000034",
            "annotations": [
                {
                    "word": "202",
                    "start": 0,
                    "end": 3,
                    "label": "준식별자"
                },
                {
                    "word": "관리부 사원",
                    "start": 39,
                    "end": 45,
                    "label": "준식별자"
                }
            ]
        },
        {
            "sentence": "잔액은 연말 인사이동에 따른 퇴직정산 대비 예비금으로 확보해 두었음..",
            "id": "sample_001_0028_000035",
            "annotations": []
        },
        {
            "sentence": "급여대장",
            "id": "sample_001_0028_000036",
            "annotations": []
        },
        {
            "sentence": "2025-07-01 ~ 2025-08-31",
            "id": "sample_001_0028_000037",
            "annotations": [
                {
                    "word": "202",
                    "start": 0,
                    "end": 3,
                    "label": "준식별자"
                },
                {
                    "word": "202",
                    "start": 13,
                    "end": 16,
                    "label": "준식별자"
                }
            ]
        },
        {
            "sentence": "payroll_MGT_2025_Q3_p1.pdf",
            "id": "sample_001_0028_000038",
            "annotations": [
                {
                    "word": "MGT",
                    "start": 8,
                    "end": 11,
                    "label": "준식별자"
                },
                {
                    "word": "202",
                    "start": 12,
                    "end": 15,
                    "label": "준식별자"
                }
            ]
        },
        {
            "sentence": "상여금 지급내역",
            "id": "sample_001_0028_000039",
            "annotations": []
        },
        {
            "sentence": "2025-06-25",
            "id": "sample_001_0028_000040",
            "annotations": [
                {
                    "word": "202",
                    "start": 0,
                    "end": 3,
                    "label": "준식별자"
                }
            ]
        },
        {
            "sentence": "bonus_2025-06_MGT.pdf",
            "id": "sample_001_0028_000041",
            "annotations": [
                {
                    "word": "202",
                    "start": 6,
                    "end": 9,
                    "label": "준식별자"
                },
                {
                    "word": "MGT",
                    "start": 14,
                    "end": 17,
                    "label": "준식별자"
                }
            ]
        },
        {
            "sentence": "인건비는 전사 인건비 정책에 따라 분기별로 조정 가능.",
            "id": "sample_001_0028_000042",
            "annotations": []
        },
        {
            "sentence": "향후 채용계획 발생 시 인건비 항목 내에서 추가 배정 필요..",
            "id": "sample_001_0028_000043",
            "annotations": []
        },
        {
            "sentence": "MGT-02",
            "id": "sample_001_0028_000044",
            "annotations": [
                {
                    "word": "MGT",
                    "start": 0,
                    "end": 3,
                    "label": "준식별자"
                }
            ]
        },
        {
            "sentence": "소프트웨어 유지보수 및 라이선스 (ERP, 전사메일, 보안)",
            "id": "sample_001_0028_000045",
            "annotations": []
        },
        {
            "sentence": "58.16",
            "id": "sample_001_0028_000046",
            "annotations": []
        },
        {
            "sentence": "한빛 스마트MES 및 내부 회계시스템 연동을 위한 연간 라이선스 갱신비, 외부 보안 솔루션 연간 유지비, 클라우드 사용료(백업 포함)가 포함됨.",
            "id": "sample_001_0028_000047",
            "annotations": [
                {
                    "word": "한빛 스마트MES",
                    "start": 0,
                    "end": 9,
                    "label": "기밀정보"
                }
            ]
        },
        {
            "sentence": "현재 주요 집행으로는 다음과 같음: 메인 ERP 연간 유지보수 45,000,000원(계약번호 SW-ERP-2025-01), 보안 솔루션 연간 갱신 18,500,000원(계약번호 SW-SEC-2025-03), 클라우드 백업 서비스 분기 사용료 4,123,720원.",
            "id": "sample_001_0028_000048",
            "annotations": [
                {
                    "word": "45,000,000원",
                    "start": 35,
                    "end": 46,
                    "label": "기밀정보"
                },
                {
                    "word": "202",
                    "start": 59,
                    "end": 62,
                    "label": "준식별자"
                },
                {
                    "word": "18,500,000원",
                    "start": 82,
                    "end": 93,
                    "label": "기밀정보"
                },
                {
                    "word": "202",
                    "start": 106,
                    "end": 109,
                    "label": "준식별자"
                }
            ]
        },
        {
            "sentence": "잔액은 3분기 중 예정된 MES 모듈 추가 커스터마이징 비용과 연말 라이선스 추가 구입 대비 예비비로 설정..",
            "id": "sample_001_0028_000049",
            "annotations": [
                {
                    "word": "예비비",
                    "start": 52,
                    "end": 55,
                    "label": "기밀정보"
                }
            ]
        },
        {
            "sentence": "계약서 사본",
            "id": "sample_001_0028_000050",
            "annotations": []
        },
        {
            "sentence": "contract_SW-ERP-2025-01.pdf",
            "id": "sample_001_0028_000051",
            "annotations": [
                {
                    "word": "202",
                    "start": 16,
                    "end": 19,
                    "label": "준식별자"
                }
            ]
        },
        {
            "sentence": "세금계산서",
            "id": "sample_001_0028_000052",
            "annotations": []
        },
        {
            "sentence": "taxinvoice_SW-SEC-2025-03.pdf",
            "id": "sample_001_0028_000053",
            "annotations": [
                {
                    "word": "202",
                    "start": 18,
                    "end": 21,
                    "label": "준식별자"
                }
            ]
        },
        {
            "sentence": "MES 커스터마이징 건은 기술부 요청서(TCH-REQ-2025-07-015)에 근거함.",
            "id": "sample_001_0028_000054",
            "annotations": [
                {
                    "word": "기술부",
                    "start": 14,
                    "end": 17,
                    "label": "준식별자"
                },
                {
                    "word": "202",
                    "start": 30,
                    "end": 33,
                    "label": "준식별자"
                }
            ]
        },
        {
            "sentence": "향후 AI-CPS 연동 시 추가 라이선스 비용 발생 가능..",
            "id": "sample_001_0028_000055",
            "annotations": [
                {
                    "word": "AI-CPS",
                    "start": 3,
                    "end": 9,
                    "label": "기밀정보"
                }
            ]
        },
        {
            "sentence": "MGT-03",
            "id": "sample_001_0028_000056",
            "annotations": [
                {
                    "word": "MGT",
                    "start": 0,
                    "end": 3,
                    "label": "준식별자"
                }
            ]
        },
        {
            "sentence": "설비 유지관리 및 소모품(사무기기 포함)",
            "id": "sample_001_0028_000057",
            "annotations": []
        },
        {
            "sentence": "23.67",
            "id": "sample_001_0028_000058",
            "annotations": []
        },
        {
            "sentence": "사무실 내 서버실 냉각장치 유지보수, UPS 점검 및 교체, 프린터/복합기 소모품 구입 등 설비 유지관리 비용.",
            "id": "sample_001_0028_000059",
            "annotations": []
        },
        {
            "sentence": "금분기 집행은 주로 서버실 정기점검(7월, 8월) 및 UPS 배터리 테스트 비용으로 발생하였으며 세부내역은 다음과 같음: 서버 냉각기 필터 교체 3,200,000원(업체명: 에코쿨링), UPS 배터리 용량 테스트 800,000원(업체명: 전기테크).",
            "id": "sample_001_0028_000060",
            "annotations": [
                {
                    "word": "3,200,000원",
                    "start": 81,
                    "end": 91,
                    "label": "기밀정보"
                }
            ]
        },
        {
            "sentence": "잔액은 향후 4분기 내에 예정된 서버실 리노베이션 및 노후 프린터 교체에 배정할 계획..",
            "id": "sample_001_0028_000061",
            "annotations": []
        },
        {
            "sentence": "점검보고서",
            "id": "sample_001_0028_000062",
            "annotations": []
        },
        {
            "sentence": "server_maintenance_202507_report.pdf",
            "id": "sample_001_0028_000063",
            "annotations": [
                {
                    "word": "202",
                    "start": 19,
                    "end": 22,
                    "label": "준식별자"
                }
            ]
        },
        {
            "sentence": "견적서",
            "id": "sample_001_0028_000064",
            "annotations": []
        },
        {
            "sentence": "printer_replace_estimate_202508.pdf",
            "id": "sample_001_0028_000065",
            "annotations": [
                {
                    "word": "202",
                    "start": 25,
                    "end": 28,
                    "label": "준식별자"
                }
            ]
        },
        {
            "sentence": "설비 개선은 생산부 및 기술부와 협의 필요.",
            "id": "sample_001_0028_000066",
            "annotations": [
                {
                    "word": "생산부",
                    "start": 7,
                    "end": 10,
                    "label": "준식별자"
                },
                {
                    "word": "기술부",
                    "start": 13,
                    "end": 16,
                    "label": "준식별자"
                }
            ]
        },
        {
            "sentence": "자금 배분 시 기술적 우선순위를 반영할 것..",
            "id": "sample_001_0028_000067",
            "annotations": []
        },
        {
            "sentence": "MGT-04",
            "id": "sample_001_0028_000068",
            "annotations": [
                {
                    "word": "MGT",
                    "start": 0,
                    "end": 3,
                    "label": "준식별자"
                }
            ]
        },
        {
            "sentence": "사무환경 개선 및 안전 설비",
            "id": "sample_001_0028_000069",
            "annotations": []
        },
        {
            "sentence": "49.76",
            "id": "sample_001_0028_000070",
            "annotations": []
        },
        {
            "sentence": "사무공간 리모델링(안전 동선 확보), 소방 안전장비 보강(소화기 추가 설치, 비상구 안내등), 사무집기 교체비용이 포함됨.",
            "id": "sample_001_0028_000071",
            "annotations": []
        },
        {
            "sentence": "7월에 실시한 1차 공사(사무공간 칸막이 교체 및 전기배선 정리) 비용 21,300,000원, 8월에 시행한 소방안전 보완 공사 비용 7,800,000원 집행.",
            "id": "sample_001_0028_000072",
            "annotations": [
                {
                    "word": "300",
                    "start": 43,
                    "end": 46,
                    "label": "개인정보"
                }
            ]
        },
        {
            "sentence": "잔액은 2차 안전점검 및 직원 편의시설(휴게실 개선) 공사에 배정 예정..",
            "id": "sample_001_0028_000073",
            "annotations": []
        },
        {
            "sentence": "공사계약서",
            "id": "sample_001_0028_000074",
            "annotations": []
        },
        {
            "sentence": "office_renovation_contract_202507.pdf",
            "id": "sample_001_0028_000075",
            "annotations": [
                {
                    "word": "202",
                    "start": 27,
                    "end": 30,
                    "label": "준식별자"
                }
            ]
        },
        {
            "sentence": "안전점검보고서",
            "id": "sample_001_0028_000076",
            "annotations": []
        },
        {
            "sentence": "fire_safety_report_202508.pdf",
            "id": "sample_001_0028_000077",
            "annotations": [
                {
                    "word": "202",
                    "start": 19,
                    "end": 22,
                    "label": "준식별자"
                }
            ]
        },
        {
            "sentence": "사무환경 개선은 노동안전 기준을 준수해야 하며, 공사 일정은 영업부 고객 방문 일정과 조율 필요..",
            "id": "sample_001_0028_000078",
            "annotations": [
                {
                    "word": "영업부",
                    "start": 34,
                    "end": 37,
                    "label": "준식별자"
                }
            ]
        },
        {
            "sentence": "MGT-05",
            "id": "sample_001_0028_000079",
            "annotations": [
                {
                    "word": "MGT",
                    "start": 0,
                    "end": 3,
                    "label": "준식별자"
                }
            ]
        },
        {
            "sentence": "외주 용역비(회계 외주, 법무 자문 포함)",
            "id": "sample_001_0028_000080",
            "annotations": []
        },
        {
            "sentence": "23.80",
            "id": "sample_001_0028_000081",
            "annotations": []
        },
        {
            "sentence": "회계 감사 준비를 위한 외부 회계사 용역비, 계약서 검토를 위한 법무 자문 비용, HR 컨설팅 일부 포함.",
            "id": "sample_001_0028_000082",
            "annotations": []
        },
        {
            "sentence": "7월 외부 회계사 선급금 12,000,000원, 8월 법무 자문료 6,800,000원 집행.",
            "id": "sample_001_0028_000083",
            "annotations": [
                {
                    "word": "12,000,000원",
                    "start": 14,
                    "end": 25,
                    "label": "기밀정보"
                }
            ]
        },
        {
            "sentence": "잔액은 3분기 말 예정된 내부회계관리제도(ISMS) 점검을 위한 외주비와 연말 감사 대비로 예비할 예정..",
            "id": "sample_001_0028_000084",
            "annotations": []
        },
        {
            "sentence": "용역계약서",
            "id": "sample_001_0028_000085",
            "annotations": []
        },
        {
            "sentence": "consulting_fee_contract_2025-07.pdf",
            "id": "sample_001_0028_000086",
            "annotations": [
                {
                    "word": "202",
                    "start": 24,
                    "end": 27,
                    "label": "준식별자"
                }
            ]
        },
        {
            "sentence": "외주 용역은 입찰 또는 견적 비교 후 결정.",
            "id": "sample_001_0028_000087",
            "annotations": []
        },
        {
            "sentence": "법무 자문은 리스크 발생 시 신속한 대응을 위해 별도 협력업체와의 연간계약 검토 필요..",
            "id": "sample_001_0028_000088",
            "annotations": []
        },
        {
            "sentence": "MGT-06",
            "id": "sample_001_0028_000089",
            "annotations": [
                {
                    "word": "MGT",
                    "start": 0,
                    "end": 3,
                    "label": "준식별자"
                }
            ]
        },
        {
            "sentence": "교육훈련비(사내/외부) 및 인재개발",
            "id": "sample_001_0028_000090",
            "annotations": []
        },
        {
            "sentence": "25.60",
            "id": "sample_001_0028_000091",
            "annotations": []
        },
        {
            "sentence": "직원 역량 강화를 위한 외부 교육(리더십, 회계기초, 보안교육)과 사내 교육 콘텐츠 제작 비용 포함.",
            "id": "sample_001_0028_000092",
            "annotations": []
        },
        {
            "sentence": "7월에는 신입사원 온보딩 프로그램 제작비 4,500,000원, 8월에는 전사 보안교육 외주비 3,200,000원 집행.",
            "id": "sample_001_0028_000093",
            "annotations": [
                {
                    "word": "사원",
                    "start": 7,
                    "end": 9,
                    "label": "준식별자"
                },
                {
                    "word": "온보딩",
                    "start": 10,
                    "end": 13,
                    "label": "준식별자"
                },
                {
                    "word": "3,200,000원",
                    "start": 52,
                    "end": 62,
                    "label": "기밀정보"
                }
            ]
        },
        {
            "sentence": "잔액은 연말까지 직무전환 희망자 교육 및 외국어 교육 지원으로 활용 계획..",
            "id": "sample_001_0028_000094",
            "annotations": [
                {
                    "word": "직무",
                    "start": 9,
                    "end": 11,
                    "label": "준식별자"
                }
            ]
        },
        {
            "sentence": "교육계약서",
            "id": "sample_001_0028_000095",
            "annotations": []
        },
        {
            "sentence": "onboarding_content_contract_2025-07.pdf",
            "id": "sample_001_0028_000096",
            "annotations": [
                {
                    "word": "202",
                    "start": 28,
                    "end": 31,
                    "label": "준식별자"
                }
            ]
        },
        {
            "sentence": "기술부와 연계한 MES/AI 관련 전문교육은 별도 예산 항목(기술협력 예산)과 조정 필요..",
            "id": "sample_001_0028_000097",
            "annotations": [
                {
                    "word": "기술부",
                    "start": 0,
                    "end": 3,
                    "label": "준식별자"
                }
            ]
        },
        {
            "sentence": "MGT-07",
            "id": "sample_001_0028_000098",
            "annotations": [
                {
                    "word": "MGT",
                    "start": 0,
                    "end": 3,
                    "label": "준식별자"
                }
            ]
        },
        {
            "sentence": "법무/보험비(기업보험, 산재보험 보완 등)",
            "id": "sample_001_0028_000099",
            "annotations": []
        },
        {
            "sentence": "56.25",
            "id": "sample_001_0028_000100",
            "annotations": []
        },
        {
            "sentence": "기업종합보험 연납료, 임직원 복리후생 관련 보험(선택형 실손 보완), 법적 분쟁 발생 시 소요되는 예비비 포함.",
            "id": "sample_001_0028_000101",
            "annotations": [
                {
                    "word": "예비비",
                    "start": 55,
                    "end": 58,
                    "label": "기밀정보"
                }
            ]
        },
        {
            "sentence": "7월 기업보험 연납(일부 선납) 12,500,000원, 8월 법률자문 대응비 10,000,000원 집행.",
            "id": "sample_001_0028_000102",
            "annotations": []
        },
        {
            "sentence": "잔액은 계약리스크 증가에 대비한 예비금으로 유지..",
            "id": "sample_001_0028_000103",
            "annotations": []
        },
        {
            "sentence": "보험증권 사본",
            "id": "sample_001_0028_000104",
            "annotations": []
        },
        {
            "sentence": "company_insurance_2025_policy.pdf",
            "id": "sample_001_0028_000105",
            "annotations": [
                {
                    "word": "202",
                    "start": 18,
                    "end": 21,
                    "label": "준식별자"
                }
            ]
        },
        {
            "sentence": "법적 리스크 발생 시 신속한 자금 집행을 위해 결재선 간소화 검토 필요..",
            "id": "sample_001_0028_000106",
            "annotations": []
        },
        {
            "sentence": "MGT-08",
            "id": "sample_001_0028_000107",
            "annotations": [
                {
                    "word": "MGT",
                    "start": 0,
                    "end": 3,
                    "label": "준식별자"
                }
            ]
        },
        {
            "sentence": "출장비 및 업무추진비",
            "id": "sample_001_0028_000108",
            "annotations": []
        },
        {
            "sentence": "42.67",
            "id": "sample_001_0028_000109",
            "annotations": []
        },
        {
            "sentence": "국내 영업·기술 협업을 위한 출장비, 고객사 미팅을 위한 식사·접대비 등.",
            "id": "sample_001_0028_000110",
            "annotations": []
        },
        {
            "sentence": "7월 지방 고객사 방문(영업부 동행) 교통비 및 숙박비 3,800,000원, 8월 기술협업 관련 외부미팅 추진비 2,500,000원 집행.",
            "id": "sample_001_0028_000111",
            "annotations": [
                {
                    "word": "영업부",
                    "start": 13,
                    "end": 16,
                    "label": "준식별자"
                }
            ]
        },
        {
            "sentence": "향후 해외시장(동남아) 진출 타진에 따른 예비 출장비 일부를 잔액으로 보유..",
            "id": "sample_001_0028_000112",
            "annotations": [
                {
                    "word": "동남아",
                    "start": 8,
                    "end": 11,
                    "label": "준식별자"
                }
            ]
        },
        {
            "sentence": "영수증 스캔",
            "id": "sample_001_0028_000113",
            "annotations": [
                {
                    "word": "영수증",
                    "start": 0,
                    "end": 3,
                    "label": "기밀정보"
                }
            ]
        },
        {
            "sentence": "trip_receipts_202507-202508.zip",
            "id": "sample_001_0028_000114",
            "annotations": [
                {
                    "word": "202",
                    "start": 14,
                    "end": 17,
                    "label": "준식별자"
                },
                {
                    "word": "202",
                    "start": 21,
                    "end": 24,
                    "label": "준식별자"
                }
            ]
        },
        {
            "sentence": "해외출장의 경우 별도 승인 절차 필요.",
            "id": "sample_001_0028_000115",
            "annotations": []
        },
        {
            "sentence": "예산 사용 시 영업부 및 기술부와 사전 협의 필요..",
            "id": "sample_001_0028_000116",
            "annotations": [
                {
                    "word": "영업부",
                    "start": 8,
                    "end": 11,
                    "label": "준식별자"
                },
                {
                    "word": "기술부",
                    "start": 14,
                    "end": 17,
                    "label": "준식별자"
                }
            ]
        },
        {
            "sentence": "MGT-09",
            "id": "sample_001_0028_000117",
            "annotations": [
                {
                    "word": "MGT",
                    "start": 0,
                    "end": 3,
                    "label": "준식별자"
                }
            ]
        },
        {
            "sentence": "비상예비비",
            "id": "sample_001_0028_000118",
            "annotations": [
                {
                    "word": "예비비",
                    "start": 2,
                    "end": 5,
                    "label": "기밀정보"
                }
            ]
        },
        {
            "sentence": "0.00",
            "id": "sample_001_0028_000119",
            "annotations": []
        },
        {
            "sentence": "예기치 않은 법적 비용, 긴급 설비 교체, 자연재해 대응 비용 등을 대비한 예비비.",
            "id": "sample_001_0028_000120",
            "annotations": [
                {
                    "word": "예비비",
                    "start": 42,
                    "end": 45,
                    "label": "기밀정보"
                }
            ]
        },
        {
            "sentence": "3분기 기준 집행은 없으며, 필요 시 대표이사 승인 하에 즉시 집행 가능하도록 유지..",
            "id": "sample_001_0028_000121",
            "annotations": [
                {
                    "word": "대표이사",
                    "start": 21,
                    "end": 25,
                    "label": "준식별자"
                }
            ]
        },
        {
            "sentence": "비상예비비는 사용 시 상세한 집행계획과 사후보고를 필수로 함..",
            "id": "sample_001_0028_000122",
            "annotations": [
                {
                    "word": "예비비",
                    "start": 2,
                    "end": 5,
                    "label": "기밀정보"
                }
            ]
        },
        {
            "sentence": "각 항목별 집행 현황을 종합 분석한 결과, 인건비 항목이 예산 대비 가장 높은 비중을 차지하고 있으며 집행률도 매우 높습니다.",
            "id": "sample_001_0028_000123",
            "annotations": []
        },
        {
            "sentence": "이는 인력 유지와 성과 인센티브 지급에 따른 것으로, 당분간 큰 변동이 예상되지 않습니다.",
            "id": "sample_001_0028_000124",
            "annotations": []
        },
        {
            "sentence": "반면 소프트웨어 유지보수 및 라이선스, 설비 유지관리 항목은 잔액이 상대적으로 큽니다.",
            "id": "sample_001_0028_000125",
            "annotations": []
        },
        {
            "sentence": "소프트웨어 항목의 경우 기술부의 MES 모듈 추가 요청과 AI-CPS 연동 계획이 구체화됨에 따라 3분기 말 및 4분기 초에 추가 지출이 예정되어 있습니다.",
            "id": "sample_001_0028_000126",
            "annotations": [
                {
                    "word": "기술부",
                    "start": 13,
                    "end": 16,
                    "label": "준식별자"
                },
                {
                    "word": "AI-CPS",
                    "start": 32,
                    "end": 38,
                    "label": "기밀정보"
                }
            ]
        },
        {
            "sentence": "설비 유지관리 항목의 경우 서버실 리노베이션과 노후 장비 교체 일정에 따라 집행이 집중될 가능성이 높아 보입니다..",
            "id": "sample_001_0028_000127",
            "annotations": []
        },
        {
            "sentence": "1) 예산 초과 리스크: 인건비 및 예측하지 못한 외주 용역 발생 2) 현금흐름 리스크: 대규모 설비 교체가 한 분기에 집중될 경우 단기 유동성 압박 3) 규정/컴플라이언스 리스크: 외주용역 및 법무비 지출 시 증빙 미비 또는 계약서 불완전으로 인한 소송 위험",
            "id": "sample_001_0028_000128",
            "annotations": []
        },
        {
            "sentence": "1) 인건비는 분기별 성과지표와 연계하여 추가 상여금 집행 여부를 사전 승인하도록 함.",
            "id": "sample_001_0028_000129",
            "annotations": []
        },
        {
            "sentence": "2) 설비 교체의 자금 지출은 분할 집행과 중장기 할부(장기계약)를 우선 검토하여 단기 현금 유출을 완화함.",
            "id": "sample_001_0028_000130",
            "annotations": []
        },
        {
            "sentence": "3) 외주 용역 체결 시 표준 계약서 템플릿 사용을 의무화하고, 법무팀 사전검토를 필수화함.",
            "id": "sample_001_0028_000131",
            "annotations": []
        },
        {
            "sentence": "4) 비상예비비 사용 시 대표이사 사전 승인과 사후 상세보고를 규정으로 명시..",
            "id": "sample_001_0028_000132",
            "annotations": [
                {
                    "word": "예비비",
                    "start": 5,
                    "end": 8,
                    "label": "기밀정보"
                },
                {
                    "word": "대표이사",
                    "start": 14,
                    "end": 18,
                    "label": "준식별자"
                }
            ]
        },
        {
            "sentence": "긴급하지 않은 설비 개선 항목은 4분기로 연기 검토, 소프트웨어 라이선스 갱신은 할인옵션 사용 또는 계약기간 조정으로 비용 분산, 교육훈련비 중 외부교육 항목은 사내 온디맨드 강좌 제작으로 대체하여 비용 절감 가능..",
            "id": "sample_001_0028_000133",
            "annotations": []
        },
        {
            "sentence": "잔액 507,564,280원 중 일부를 전략적 항목에 우선 배정.",
            "id": "sample_001_0028_000134",
            "annotations": []
        },
        {
            "sentence": "인건비 추가 증액분이 요구될 경우 타 항목 전용을 통해 조달..",
            "id": "sample_001_0028_000135",
            "annotations": []
        },
        {
            "sentence": "단기 운영자금 필요 시 단기은행권 신용대출(한빛솔루션 기존 거래은행: KB국민은행 지점) 활용을 검토.",
            "id": "sample_001_0028_000136",
            "annotations": [
                {
                    "word": "국민은행",
                    "start": 41,
                    "end": 45,
                    "label": "기밀정보"
                }
            ]
        },
        {
            "sentence": "현재까지 외부차입 계획은 없음..",
            "id": "sample_001_0028_000137",
            "annotations": []
        },
        {
            "sentence": "대형 구매는 분할 지급으로 전환, 외주 용역은 선금 비율을 30%로 조정하여 선결제 부담 완화..",
            "id": "sample_001_0028_000138",
            "annotations": []
        },
        {
            "sentence": "본 보고서의 제안대로 우선순위를 조정하고 대형 지출을 분할 집행할 경우 2025년 연간 현금흐름은 안정화될 것으로 예상됨.",
            "id": "sample_001_0028_000139",
            "annotations": [
                {
                    "word": "202",
                    "start": 40,
                    "end": 43,
                    "label": "준식별자"
                }
            ]
        },
        {
            "sentence": "단, 동남아 시장 진출 관련 초기 마케팅 및 출장비가 추가로 발생할 경우 추가 자금확보 계획을 재검토해야 함..",
            "id": "sample_001_0028_000140",
            "annotations": [
                {
                    "word": "동남아",
                    "start": 3,
                    "end": 6,
                    "label": "준식별자"
                }
            ]
        },
        {
            "sentence": "박민수",
            "id": "sample_001_0028_000141",
            "annotations": [
                {
                    "word": "박민수",
                    "start": 0,
                    "end": 3,
                    "label": "개인정보"
                }
            ]
        },
        {
            "sentence": "관리부장",
            "id": "sample_001_0028_000142",
            "annotations": [
                {
                    "word": "관리부장",
                    "start": 0,
                    "end": 4,
                    "label": "준식별자"
                }
            ]
        },
        {
            "sentence": "이정은",
            "id": "sample_001_0028_000143",
            "annotations": [
                {
                    "word": "이정은",
                    "start": 0,
                    "end": 3,
                    "label": "개인정보"
                }
            ]
        },
        {
            "sentence": "재무팀장",
            "id": "sample_001_0028_000144",
            "annotations": [
                {
                    "word": "재무팀장",
                    "start": 0,
                    "end": 4,
                    "label": "준식별자"
                }
            ]
        },
        {
            "sentence": "김현수",
            "id": "sample_001_0028_000145",
            "annotations": [
                {
                    "word": "김현수",
                    "start": 0,
                    "end": 3,
                    "label": "개인정보"
                }
            ]
        },
        {
            "sentence": "대표이사",
            "id": "sample_001_0028_000146",
            "annotations": [
                {
                    "word": "대표이사",
                    "start": 0,
                    "end": 4,
                    "label": "준식별자"
                }
            ]
        },
        {
            "sentence": "payroll_MGT_2025_Q3_p1.pdf",
            "id": "sample_001_0028_000147",
            "annotations": [
                {
                    "word": "MGT",
                    "start": 8,
                    "end": 11,
                    "label": "준식별자"
                },
                {
                    "word": "202",
                    "start": 12,
                    "end": 15,
                    "label": "준식별자"
                }
            ]
        },
        {
            "sentence": "contract_SW-ERP-2025-01.pdf",
            "id": "sample_001_0028_000148",
            "annotations": [
                {
                    "word": "202",
                    "start": 16,
                    "end": 19,
                    "label": "준식별자"
                }
            ]
        },
        {
            "sentence": "server_maintenance_202507_report.pdf",
            "id": "sample_001_0028_000149",
            "annotations": [
                {
                    "word": "202",
                    "start": 19,
                    "end": 22,
                    "label": "준식별자"
                }
            ]
        },
        {
            "sentence": "office_renovation_contract_202507.pdf",
            "id": "sample_001_0028_000150",
            "annotations": [
                {
                    "word": "202",
                    "start": 27,
                    "end": 30,
                    "label": "준식별자"
                }
            ]
        },
        {
            "sentence": "consulting_fee_contract_2025-07.pdf",
            "id": "sample_001_0028_000151",
            "annotations": [
                {
                    "word": "202",
                    "start": 24,
                    "end": 27,
                    "label": "준식별자"
                }
            ]
        },
        {
            "sentence": "onboarding_content_contract_2025-07.pdf",
            "id": "sample_001_0028_000152",
            "annotations": [
                {
                    "word": "202",
                    "start": 28,
                    "end": 31,
                    "label": "준식별자"
                }
            ]
        },
        {
            "sentence": "company_insurance_2025_policy.pdf",
            "id": "sample_001_0028_000153",
            "annotations": [
                {
                    "word": "202",
                    "start": 18,
                    "end": 21,
                    "label": "준식별자"
                }
            ]
        },
        {
            "sentence": "trip_receipts_202507-202508.zip",
            "id": "sample_001_0028_000154",
            "annotations": [
                {
                    "word": "202",
                    "start": 14,
                    "end": 17,
                    "label": "준식별자"
                },
                {
                    "word": "202",
                    "start": 21,
                    "end": 24,
                    "label": "준식별자"
                }
            ]
        },
        {
            "sentence": "2025년 7월~8월 월별 집행표 포함.",
            "id": "sample_001_0028_000155",
            "annotations": [
                {
                    "word": "202",
                    "start": 0,
                    "end": 3,
                    "label": "준식별자"
                }
            ]
        },
        {
            "sentence": "항목별 세부 지급일자, 지급처, 증빙번호를 기재하여 내부 감사에 대비함.",
            "id": "sample_001_0028_000156",
            "annotations": []
        },
        {
            "sentence": "파일명: MGT_monthly_expenditure_2025_07-08.xlsx",
            "id": "sample_001_0028_000157",
            "annotations": [
                {
                    "word": "MGT",
                    "start": 5,
                    "end": 8,
                    "label": "준식별자"
                },
                {
                    "word": "202",
                    "start": 29,
                    "end": 32,
                    "label": "준식별자"
                }
            ]
        },
        {
            "sentence": "2025년 3분기 잔액을 반영한 향후 4분기 예측표.",
            "id": "sample_001_0028_000158",
            "annotations": [
                {
                    "word": "202",
                    "start": 0,
                    "end": 3,
                    "label": "준식별자"
                }
            ]
        },
        {
            "sentence": "주요 가정: MES 모듈 추가비용 50,000,000원, 서버실 리노베이션 60,000,000원, 해외시장 시범출장 및 마케팅 25,000,000원..",
            "id": "sample_001_0028_000159",
            "annotations": [
                {
                    "word": "60,000,000원",
                    "start": 42,
                    "end": 53,
                    "label": "기밀정보"
                },
                {
                    "word": "25,000,000원",
                    "start": 71,
                    "end": 82,
                    "label": "기밀정보"
                }
            ]
        },
        {
            "sentence": "각 증빙 파일의 사본과 원본 보관 위치(물리적 보관함과 전자문서함 경로)를 기재..",
            "id": "sample_001_0028_000160",
            "annotations": []
        },
        {
            "sentence": "정윤호",
            "id": "sample_001_0028_000161",
            "annotations": [
                {
                    "word": "정윤호",
                    "start": 0,
                    "end": 3,
                    "label": "개인정보"
                }
            ]
        },
        {
            "sentence": "회계담당",
            "id": "sample_001_0028_000162",
            "annotations": [
                {
                    "word": "회계담당",
                    "start": 0,
                    "end": 4,
                    "label": "준식별자"
                }
            ]
        },
        {
            "sentence": "MG1030",
            "id": "sample_001_0028_000163",
            "annotations": [
                {
                    "word": "MG1030",
                    "start": 0,
                    "end": 6,
                    "label": "준식별자"
                }
            ]
        },
        {
            "sentence": "010-5555-0101",
            "id": "sample_001_0028_000164",
            "annotations": [
                {
                    "word": "010-5555-0101",
                    "start": 0,
                    "end": 13,
                    "label": "개인정보"
                }
            ]
        },
        {
            "sentence": "yhjeong@hanbitsol.com",
            "id": "sample_001_0028_000165",
            "annotations": [
                {
                    "word": "yhjeong@hanbitsol.com",
                    "start": 0,
                    "end": 21,
                    "label": "개인정보"
                }
            ]
        },
        {
            "sentence": "송지연",
            "id": "sample_001_0028_000166",
            "annotations": [
                {
                    "word": "송지연",
                    "start": 0,
                    "end": 3,
                    "label": "개인정보"
                }
            ]
        },
        {
            "sentence": "구매담당",
            "id": "sample_001_0028_000167",
            "annotations": []
        },
        {
            "sentence": "MG1035",
            "id": "sample_001_0028_000168",
            "annotations": [
                {
                    "word": "MG1035",
                    "start": 0,
                    "end": 6,
                    "label": "준식별자"
                }
            ]
        },
        {
            "sentence": "010-5555-0102",
            "id": "sample_001_0028_000169",
            "annotations": [
                {
                    "word": "010-5555-0102",
                    "start": 0,
                    "end": 13,
                    "label": "개인정보"
                }
            ]
        },
        {
            "sentence": "jysong@hanbitsol.com",
            "id": "sample_001_0028_000170",
            "annotations": [
                {
                    "word": "jysong@hanbitsol.com",
                    "start": 0,
                    "end": 20,
                    "label": "개인정보"
                }
            ]
        },
        {
            "sentence": "박소영",
            "id": "sample_001_0028_000171",
            "annotations": [
                {
                    "word": "박소영",
                    "start": 0,
                    "end": 3,
                    "label": "개인정보"
                }
            ]
        },
        {
            "sentence": "인사담당",
            "id": "sample_001_0028_000172",
            "annotations": [
                {
                    "word": "인사담당",
                    "start": 0,
                    "end": 4,
                    "label": "준식별자"
                }
            ]
        },
        {
            "sentence": "HR2001",
            "id": "sample_001_0028_000173",
            "annotations": [
                {
                    "word": "HR2001",
                    "start": 0,
                    "end": 6,
                    "label": "준식별자"
                }
            ]
        },
        {
            "sentence": "010-5555-0103",
            "id": "sample_001_0028_000174",
            "annotations": [
                {
                    "word": "010-5555-0103",
                    "start": 0,
                    "end": 13,
                    "label": "개인정보"
                }
            ]
        },
        {
            "sentence": "soyoung.park@hanbitsol.com",
            "id": "sample_001_0028_000175",
            "annotations": [
                {
                    "word": "soyoung.park@hanbitsol.com",
                    "start": 0,
                    "end": 26,
                    "label": "개인정보"
                }
            ]
        },
        {
            "sentence": "관리부는 다음 사항에 대해 결재 및 검토를 요청합니다.",
            "id": "sample_001_0028_000176",
            "annotations": [
                {
                    "word": "관리부",
                    "start": 0,
                    "end": 3,
                    "label": "준식별자"
                }
            ]
        },
        {
            "sentence": "1) 소프트웨어 유지보수 잔액 중 30,000,000원을 MES 커스터마이징 비용으로 전용 승인 요청.",
            "id": "sample_001_0028_000177",
            "annotations": [
                {
                    "word": "30,000,000원",
                    "start": 19,
                    "end": 30,
                    "label": "기밀정보"
                }
            ]
        },
        {
            "sentence": "2) 설비 유지관리 항목 중 서버실 리노베이션 비용 60,000,000원의 분할 집행 승인(3회 분할).",
            "id": "sample_001_0028_000178",
            "annotations": [
                {
                    "word": "60,000,000원",
                    "start": 29,
                    "end": 40,
                    "label": "기밀정보"
                }
            ]
        },
        {
            "sentence": "3) 외주 용역비의 일부를 연내 회계감사 준비비로 선집행할 수 있도록 사전 승인.",
            "id": "sample_001_0028_000179",
            "annotations": []
        },
        {
            "sentence": "상기 사항에 대해 검토 후 2025-09-15까지 회신 부탁드립니다..",
            "id": "sample_001_0028_000180",
            "annotations": [
                {
                    "word": "2025-09-15",
                    "start": 15,
                    "end": 25,
                    "label": "준식별자"
                }
            ]
        },
        {
            "sentence": "본 보고서는 관리부 내부 결재를 전제로 작성되었으며, 집행 내역은 회계부서와의 확인을 거쳐 최종 확정됩니다.",
            "id": "sample_001_0028_000181",
            "annotations": [
                {
                    "word": "관리부",
                    "start": 7,
                    "end": 10,
                    "label": "준식별자"
                }
            ]
        },
        {
            "sentence": "모든 금액은 세금계산서, 계약서 등 관련 증빙 자료에 근거하여 집계되었으며, 증빙 사본은 전자문서함 및 물리 보관함에 동시 보관 중입니다..",
            "id": "sample_001_0028_000182",
            "annotations": []
        }
    ]
}