{
    "document_id": "001_0086",
    "document_title": "0086",
    "data": [
        {
            "sentence": "설비 개선/업그레이드 보고서",
            "id": "sample_001_0086_000001",
            "annotations": []
        },
        {
            "sentence": "설비개선보고서_한빛AI_CPS_20250910",
            "id": "sample_001_0086_000002",
            "annotations": [
                {
                    "word": "202",
                    "start": 17,
                    "end": 20,
                    "label": "준식별자"
                }
            ]
        },
        {
            "sentence": "HBS-TK-ENG-UPG-2025-09-001",
            "id": "sample_001_0086_000003",
            "annotations": [
                {
                    "word": "202",
                    "start": 15,
                    "end": 18,
                    "label": "준식별자"
                },
                {
                    "word": "001",
                    "start": 23,
                    "end": 26,
                    "label": "개인정보"
                }
            ]
        },
        {
            "sentence": "v1.2.0",
            "id": "sample_001_0086_000004",
            "annotations": []
        },
        {
            "sentence": "기술부",
            "id": "sample_001_0086_000005",
            "annotations": [
                {
                    "word": "기술부",
                    "start": 0,
                    "end": 3,
                    "label": "준식별자"
                }
            ]
        },
        {
            "sentence": "김태훈",
            "id": "sample_001_0086_000006",
            "annotations": [
                {
                    "word": "김태훈",
                    "start": 0,
                    "end": 3,
                    "label": "개인정보"
                }
            ]
        },
        {
            "sentence": "선임엔지니어",
            "id": "sample_001_0086_000007",
            "annotations": [
                {
                    "word": "선임엔지니어",
                    "start": 0,
                    "end": 6,
                    "label": "준식별자"
                }
            ]
        },
        {
            "sentence": "HBS-TK-001",
            "id": "sample_001_0086_000008",
            "annotations": [
                {
                    "word": "HBS-TK-001",
                    "start": 0,
                    "end": 10,
                    "label": "개인정보"
                }
            ]
        },
        {
            "sentence": "203",
            "id": "sample_001_0086_000009",
            "annotations": [
                {
                    "word": "203",
                    "start": 0,
                    "end": 3,
                    "label": "개인정보"
                }
            ]
        },
        {
            "sentence": "taehoon.kim@hanbitsol.com",
            "id": "sample_001_0086_000010",
            "annotations": [
                {
                    "word": "taehoon.kim@hanbitsol.com",
                    "start": 0,
                    "end": 25,
                    "label": "개인정보"
                }
            ]
        },
        {
            "sentence": "010-1234-5678",
            "id": "sample_001_0086_000011",
            "annotations": [
                {
                    "word": "010-1234-5678",
                    "start": 0,
                    "end": 13,
                    "label": "개인정보"
                }
            ]
        },
        {
            "sentence": "이수진",
            "id": "sample_001_0086_000012",
            "annotations": [
                {
                    "word": "이수진",
                    "start": 0,
                    "end": 3,
                    "label": "개인정보"
                }
            ]
        },
        {
            "sentence": "엔지니어",
            "id": "sample_001_0086_000013",
            "annotations": [
                {
                    "word": "엔지니어",
                    "start": 0,
                    "end": 4,
                    "label": "준식별자"
                }
            ]
        },
        {
            "sentence": "HBS-TK-002",
            "id": "sample_001_0086_000014",
            "annotations": [
                {
                    "word": "HBS-TK-002",
                    "start": 0,
                    "end": 10,
                    "label": "개인정보"
                }
            ]
        },
        {
            "sentence": "204",
            "id": "sample_001_0086_000015",
            "annotations": [
                {
                    "word": "204",
                    "start": 0,
                    "end": 3,
                    "label": "개인정보"
                }
            ]
        },
        {
            "sentence": "sujin.lee@hanbitsol.com",
            "id": "sample_001_0086_000016",
            "annotations": [
                {
                    "word": "sujin.lee@hanbitsol.com",
                    "start": 0,
                    "end": 23,
                    "label": "개인정보"
                }
            ]
        },
        {
            "sentence": "010-2345-6789",
            "id": "sample_001_0086_000017",
            "annotations": [
                {
                    "word": "010-2345-6789",
                    "start": 0,
                    "end": 13,
                    "label": "개인정보"
                }
            ]
        },
        {
            "sentence": "정혜린",
            "id": "sample_001_0086_000018",
            "annotations": [
                {
                    "word": "정혜린",
                    "start": 0,
                    "end": 3,
                    "label": "개인정보"
                }
            ]
        },
        {
            "sentence": "기술부장",
            "id": "sample_001_0086_000019",
            "annotations": [
                {
                    "word": "기술부장",
                    "start": 0,
                    "end": 4,
                    "label": "준식별자"
                }
            ]
        },
        {
            "sentence": "HBS-TECH-LEAD-01",
            "id": "sample_001_0086_000020",
            "annotations": [
                {
                    "word": "HBS-TECH-LEAD-01",
                    "start": 0,
                    "end": 16,
                    "label": "개인정보"
                }
            ]
        },
        {
            "sentence": "200",
            "id": "sample_001_0086_000021",
            "annotations": [
                {
                    "word": "200",
                    "start": 0,
                    "end": 3,
                    "label": "개인정보"
                }
            ]
        },
        {
            "sentence": "herin.jung@hanbitsol.com",
            "id": "sample_001_0086_000022",
            "annotations": [
                {
                    "word": "herin.jung@hanbitsol.com",
                    "start": 0,
                    "end": 24,
                    "label": "개인정보"
                }
            ]
        },
        {
            "sentence": "010-3456-7890",
            "id": "sample_001_0086_000023",
            "annotations": [
                {
                    "word": "010-3456-7890",
                    "start": 0,
                    "end": 13,
                    "label": "개인정보"
                }
            ]
        },
        {
            "sentence": "2025-09-10",
            "id": "sample_001_0086_000024",
            "annotations": [
                {
                    "word": "2025-09-10",
                    "start": 0,
                    "end": 10,
                    "label": "준식별자"
                }
            ]
        },
        {
            "sentence": "한빛 AI-CPS 컨트롤러(제어서버) 및 엣지 게이트웨이",
            "id": "sample_001_0086_000025",
            "annotations": [
                {
                    "word": "한빛 AI-CPS",
                    "start": 0,
                    "end": 9,
                    "label": "기밀정보"
                }
            ]
        },
        {
            "sentence": "HBS-AI-CPS-CTRL-3000",
            "id": "sample_001_0086_000026",
            "annotations": [
                {
                    "word": "HBS-AI-CPS-CTRL-3000",
                    "start": 0,
                    "end": 20,
                    "label": "일반정보"
                },
                {
                    "word": "AI-CPS",
                    "start": 4,
                    "end": 10,
                    "label": "기밀정보"
                },
                {
                    "word": "300",
                    "start": 16,
                    "end": 19,
                    "label": "개인정보"
                }
            ]
        },
        {
            "sentence": "SN-2024-0456",
            "id": "sample_001_0086_000027",
            "annotations": [
                {
                    "word": "SN-2024-0456",
                    "start": 0,
                    "end": 12,
                    "label": "준식별자"
                }
            ]
        },
        {
            "sentence": "본사 R&D 랩 3층 실험실(서버랙 R3)",
            "id": "sample_001_0086_000028",
            "annotations": [
                {
                    "word": "본사 R&D 랩 3층",
                    "start": 0,
                    "end": 11,
                    "label": "준식별자"
                }
            ]
        },
        {
            "sentence": "fw_ai_ctrl_2.4.7",
            "id": "sample_001_0086_000029",
            "annotations": [
                {
                    "word": "fw_ai_ctrl_2.4.7",
                    "start": 0,
                    "end": 16,
                    "label": "일반정보"
                }
            ]
        },
        {
            "sentence": "예측유지보수를 위한 센서 연동 및 엣지측 전처리 고도화, 컨트롤러 연산 성능 향상 및 네트워크 장애 시 로컬 자립성 확보",
            "id": "sample_001_0086_000030",
            "annotations": []
        },
        {
            "sentence": "중소 제조 고객사 대상 실운영 중 접수된 장애 내역과 한빛 AI-CPS의 필드 데이터 분석 결과를 종합한 결과, 본사 R&D 랩에서 운용 중인 HBS-AI-CPS-CTRL-3000 제어서버(시리얼 SN-2024-0456)와 연동된 엣지 게이트웨이의 일부 센서 드라이버의 처리 지연 및 메모리 단편화로 인해 장기 가동 후 성능 저하가 발생하는 것으로 확인되었다..",
            "id": "sample_001_0086_000031",
            "annotations": [
                {
                    "word": "HBS-AI-CPS-CTRL-3000",
                    "start": 80,
                    "end": 100,
                    "label": "일반정보"
                },
                {
                    "word": "SN-2024-0456",
                    "start": 110,
                    "end": 122,
                    "label": "준식별자"
                },
                {
                    "word": "한빛 AI-CPS",
                    "start": 30,
                    "end": 39,
                    "label": "기밀정보"
                },
                {
                    "word": "AI-CPS",
                    "start": 84,
                    "end": 90,
                    "label": "기밀정보"
                },
                {
                    "word": "300",
                    "start": 96,
                    "end": 99,
                    "label": "개인정보"
                }
            ]
        },
        {
            "sentence": "이로 인한 주요 문제는 1) 센서 데이터 패킷 지연 및 간헐적 손실에 따른 예측모델 입력 데이터 왜곡, 2) 컨트롤러 측 로그 증가에 따른 디스크 I/O 병목 현상, 3) 네트워크 불안정 시 로컬 예측 파이프라인의 미동작 가능성으로 집약되며, 이는 고객사의 가동률 저하로 직결될 수 있는 리스크로 평가되었다..",
            "id": "sample_001_0086_000032",
            "annotations": []
        },
        {
            "sentence": "또한 최근 버전의 AI 추론 엔진(모델 v3.1) 도입에 따라 CPU 및 메모리 요구량이 증가하여 기존 환경에서의 추론 지연이 관찰되었고, 엣지단에서의 전처리(노이즈 필터링, 윈도우링, 특징추출) 효율화를 통해 중앙서버로 전송되는 데이터량을 줄이고, 실시간성은 유지하면서도 안정적인 예측이 가능하도록 개선이 필요했다..",
            "id": "sample_001_0086_000033",
            "annotations": []
        },
        {
            "sentence": "본 개선안은 R&D 랩에서의 파일럿 적용을 통해 현장에서 검증한 뒤 중소·중견 제조기업에 대한 표준 업그레이드 패키지로 확산하는 것을 최종 목표로 한다..",
            "id": "sample_001_0086_000034",
            "annotations": []
        },
        {
            "sentence": "목표 1: 센서 드라이버와 엣지 게이트웨이의 펌웨어 최적화를 통해 평균 패킷 처리 지연을 현재 대비 60% 단축한다..",
            "id": "sample_001_0086_000035",
            "annotations": []
        },
        {
            "sentence": "목표 2: 컨트롤러의 로그 관리 정책 및 로컬 스토리지 구조 개선으로 디스크 I/O 관련 장애 발생 빈도를 월 2회 이하로 감소시킨다..",
            "id": "sample_001_0086_000036",
            "annotations": []
        },
        {
            "sentence": "목표 3: 엣지 전처리 파이프라인 개선으로 중앙서버로 전송되는 데이터량을 40% 감축하면서, 예측모델의 평균 정확도(AUC)는 기존 대비 1~2% 이내 손실로 유지한다..",
            "id": "sample_001_0086_000037",
            "annotations": []
        },
        {
            "sentence": "목표 4: 네트워크 단절 시에도 로컬 예측 모듈이 독립적으로 동작하여 최소 72시간 동안 자율 보호(Graceful degradation) 모드로 작동하도록 구현한다..",
            "id": "sample_001_0086_000038",
            "annotations": [
                {
                    "word": "72시간",
                    "start": 42,
                    "end": 46,
                    "label": "준식별자"
                }
            ]
        },
        {
            "sentence": "예상효과: 개선 적용 후 예상 가동률 상승 3~6%, 유지보수 비용 연간 약 18% 감소(부품교체 및 비상출동 비용 포함), 고객 불만 건수 연 20% 감소를 목표로 한다..",
            "id": "sample_001_0086_000039",
            "annotations": [
                {
                    "word": "8%",
                    "start": 44,
                    "end": 46,
                    "label": "기밀정보"
                }
            ]
        },
        {
            "sentence": "펌웨어 최적화, 엣지 전처리 고도화, 로그 및 스토리지 정책 변경, 네트워크 실패 대응 모듈 추가, 하드웨어 일부 교체(고성능 NVMe 캐시 모듈 장착) 및 전원 안정화, 통합 모니터링 지표 추가",
            "id": "sample_001_0086_000040",
            "annotations": []
        },
        {
            "sentence": "센서 드라이버 리팩토링",
            "id": "sample_001_0086_000041",
            "annotations": []
        },
        {
            "sentence": "기존 C 기반 드라이버의 메모리 관리 패턴을 분석하여 버퍼 할당/해제 로직을 개선하고, DMA 전송 사용을 확대하여 CPU 점유율을 저감한다.",
            "id": "sample_001_0086_000042",
            "annotations": []
        },
        {
            "sentence": "드라이버는 레이턴시 민감 경로와 백그라운드 경로로 분리하여 우선순위 스케줄링을 적용한다..",
            "id": "sample_001_0086_000043",
            "annotations": []
        },
        {
            "sentence": "센서 데이터 패킷의 평균 지연시간 < 25ms (기존 평균 65ms)",
            "id": "sample_001_0086_000044",
            "annotations": []
        },
        {
            "sentence": "엣지 전처리(Feature Extraction) 최적화",
            "id": "sample_001_0086_000045",
            "annotations": []
        },
        {
            "sentence": "엣지에서 실행되는 전처리 모듈을 C++로 개선하고 SIMD 최적화 및 멀티스레딩을 적용한다.",
            "id": "sample_001_0086_000046",
            "annotations": []
        },
        {
            "sentence": "윈도우 기반의 특징추출 과정에서 불필요한 복사를 제거하고, 스트리밍 방식으로 연속 처리되도록 구현한다.",
            "id": "sample_001_0086_000047",
            "annotations": []
        },
        {
            "sentence": "또한 로컬 필터 파라미터(저역통과, 이동평균 등)를 실험적으로 튜닝하여 노이즈를 최소화한다..",
            "id": "sample_001_0086_000048",
            "annotations": []
        },
        {
            "sentence": "엣지에서의 처리 시간 1샘플당 평균 1.2ms 이하, 중앙 전송 데이터량 40% 감소",
            "id": "sample_001_0086_000049",
            "annotations": []
        },
        {
            "sentence": "컨트롤러 로그 정책 및 스토리지 변경",
            "id": "sample_001_0086_000050",
            "annotations": []
        },
        {
            "sentence": "로그 레벨을 DEBUG/INFO/WARN/ERROR로 분류하고, 파일 롤링 정책을 개선하여 I/O 병목을 완화시킨다.",
            "id": "sample_001_0086_000051",
            "annotations": []
        },
        {
            "sentence": "로그는 우선 RAM 캐시에서 누적 후 비동기 방식으로 NVMe 캐시로 플러시한다.",
            "id": "sample_001_0086_000052",
            "annotations": []
        },
        {
            "sentence": "NVMe에는 고속 캐시 파티션을 설정하고 기존 HDD의 순차 쓰기 부담을 경감한다..",
            "id": "sample_001_0086_000053",
            "annotations": []
        },
        {
            "sentence": "디스크 I/O 대기시간 평균 40% 감소",
            "id": "sample_001_0086_000054",
            "annotations": []
        },
        {
            "sentence": "로컬 예측 자립성(Offline Prediction) 추가",
            "id": "sample_001_0086_000055",
            "annotations": []
        },
        {
            "sentence": "모델 경량화(Quantization + Pruning) 후 로컬에서 동작 가능한 TensorRT 기반 추론 엔진을 탑재한다.",
            "id": "sample_001_0086_000056",
            "annotations": []
        },
        {
            "sentence": "네트워크 단절 시에도 최근 3일치 데이터를 기반으로 이상징후를 탐지하고 로컬 알림 및 안전모드 진입을 수행하도록 구현한다..",
            "id": "sample_001_0086_000057",
            "annotations": []
        },
        {
            "sentence": "네트워크 단절 시 로컬 예측 동작시간 최소 72시간 보장",
            "id": "sample_001_0086_000058",
            "annotations": [
                {
                    "word": "72시간",
                    "start": 24,
                    "end": 28,
                    "label": "준식별자"
                }
            ]
        },
        {
            "sentence": "전원 안정화 및 하드웨어 업그레이드",
            "id": "sample_001_0086_000059",
            "annotations": []
        },
        {
            "sentence": "서버랙 전원 분배기(PDU)를 이중화하고, UPS 배터리 용량을 30% 증설한다.",
            "id": "sample_001_0086_000060",
            "annotations": []
        },
        {
            "sentence": "또한 NVMe 고속 캐시 모듈(모델: HBS-NV-CACHE-1TB)을 장착하여 로그 및 임시연산 성능을 향상시킨다..",
            "id": "sample_001_0086_000061",
            "annotations": [
                {
                    "word": "HBS-NV-CACHE-1TB",
                    "start": 21,
                    "end": 37,
                    "label": "일반정보"
                }
            ]
        },
        {
            "sentence": "전원 관련 비계획 중단 건수 80% 감소",
            "id": "sample_001_0086_000062",
            "annotations": []
        },
        {
            "sentence": "사전준비",
            "id": "sample_001_0086_000063",
            "annotations": []
        },
        {
            "sentence": "2025-09-15",
            "id": "sample_001_0086_000064",
            "annotations": [
                {
                    "word": "2025-09-15",
                    "start": 0,
                    "end": 10,
                    "label": "준식별자"
                }
            ]
        },
        {
            "sentence": "2025-09-21",
            "id": "sample_001_0086_000065",
            "annotations": [
                {
                    "word": "202",
                    "start": 0,
                    "end": 3,
                    "label": "준식별자"
                }
            ]
        },
        {
            "sentence": "부품 수급(발주번호 PO-HBS-202509-1001), 테스트환경 구성, 백업(온사이트 및 오프사이트), 작업 공지",
            "id": "sample_001_0086_000066",
            "annotations": [
                {
                    "word": "PO-HBS-202509-1001",
                    "start": 11,
                    "end": 29,
                    "label": "준식별자"
                }
            ]
        },
        {
            "sentence": "펌웨어 및 드라이버 업그레이드(파일럿)",
            "id": "sample_001_0086_000067",
            "annotations": []
        },
        {
            "sentence": "2025-09-22",
            "id": "sample_001_0086_000068",
            "annotations": [
                {
                    "word": "202",
                    "start": 0,
                    "end": 3,
                    "label": "준식별자"
                }
            ]
        },
        {
            "sentence": "2025-09-28",
            "id": "sample_001_0086_000069",
            "annotations": [
                {
                    "word": "202",
                    "start": 0,
                    "end": 3,
                    "label": "준식별자"
                }
            ]
        },
        {
            "sentence": "R&D 랩 대상 파일럿 적용, 모니터링, 초기 버그 수정",
            "id": "sample_001_0086_000070",
            "annotations": []
        },
        {
            "sentence": "엣지 전처리 및 추론 엔진 적용",
            "id": "sample_001_0086_000071",
            "annotations": []
        },
        {
            "sentence": "2025-09-29",
            "id": "sample_001_0086_000072",
            "annotations": [
                {
                    "word": "202",
                    "start": 0,
                    "end": 3,
                    "label": "준식별자"
                }
            ]
        },
        {
            "sentence": "2025-10-05",
            "id": "sample_001_0086_000073",
            "annotations": [
                {
                    "word": "202",
                    "start": 0,
                    "end": 3,
                    "label": "준식별자"
                }
            ]
        },
        {
            "sentence": "전처리 모듈 배포, 모델 경량화 적용, 성능 시험",
            "id": "sample_001_0086_000074",
            "annotations": []
        },
        {
            "sentence": "통합테스트 및 안전검증",
            "id": "sample_001_0086_000075",
            "annotations": []
        },
        {
            "sentence": "2025-10-06",
            "id": "sample_001_0086_000076",
            "annotations": [
                {
                    "word": "202",
                    "start": 0,
                    "end": 3,
                    "label": "준식별자"
                }
            ]
        },
        {
            "sentence": "2025-10-12",
            "id": "sample_001_0086_000077",
            "annotations": [
                {
                    "word": "202",
                    "start": 0,
                    "end": 3,
                    "label": "준식별자"
                }
            ]
        },
        {
            "sentence": "장기부하시험(72시간), 네트워크 단절 시나리오 테스트, 안전모드 동작 확인",
            "id": "sample_001_0086_000078",
            "annotations": [
                {
                    "word": "72시간",
                    "start": 7,
                    "end": 11,
                    "label": "준식별자"
                }
            ]
        },
        {
            "sentence": "결과분석 및 문서화",
            "id": "sample_001_0086_000079",
            "annotations": []
        },
        {
            "sentence": "2025-10-13",
            "id": "sample_001_0086_000080",
            "annotations": [
                {
                    "word": "202",
                    "start": 0,
                    "end": 3,
                    "label": "준식별자"
                }
            ]
        },
        {
            "sentence": "2025-10-20",
            "id": "sample_001_0086_000081",
            "annotations": [
                {
                    "word": "202",
                    "start": 0,
                    "end": 3,
                    "label": "준식별자"
                }
            ]
        },
        {
            "sentence": "테스트 결과 정리, SOP 및 매뉴얼 업데이트, 고객용 패키지화",
            "id": "sample_001_0086_000082",
            "annotations": []
        },
        {
            "sentence": "NVMe 캐시 모듈 1TB",
            "id": "sample_001_0086_000083",
            "annotations": []
        },
        {
            "sentence": "HBS-NV-CACHE-1TB",
            "id": "sample_001_0086_000084",
            "annotations": [
                {
                    "word": "HBS-NV-CACHE-1TB",
                    "start": 0,
                    "end": 16,
                    "label": "일반정보"
                }
            ]
        },
        {
            "sentence": "에이스센서(주)",
            "id": "sample_001_0086_000085",
            "annotations": [
                {
                    "word": "에이스센서(주)",
                    "start": 0,
                    "end": 8,
                    "label": "일반정보"
                },
                {
                    "word": "에이스센서(주)",
                    "start": 0,
                    "end": 8,
                    "label": "기밀정보"
                }
            ]
        },
        {
            "sentence": "오민석",
            "id": "sample_001_0086_000086",
            "annotations": [
                {
                    "word": "오민석",
                    "start": 0,
                    "end": 3,
                    "label": "개인정보"
                }
            ]
        },
        {
            "sentence": "031-987-6543",
            "id": "sample_001_0086_000087",
            "annotations": [
                {
                    "word": "031-987-6543",
                    "start": 0,
                    "end": 12,
                    "label": "개인정보"
                }
            ]
        },
        {
            "sentence": "minseok.oh@ace-sensor.co.kr",
            "id": "sample_001_0086_000088",
            "annotations": [
                {
                    "word": "minseok.oh@ace-sensor.co.kr",
                    "start": 0,
                    "end": 27,
                    "label": "개인정보"
                }
            ]
        },
        {
            "sentence": "고성능 캐시 전용 파티션 구성 필요",
            "id": "sample_001_0086_000089",
            "annotations": []
        },
        {
            "sentence": "UPS 추가 배터리 팩",
            "id": "sample_001_0086_000090",
            "annotations": []
        },
        {
            "sentence": "HBS-UPS-EXP-2024",
            "id": "sample_001_0086_000091",
            "annotations": [
                {
                    "word": "HBS-UPS-EXP-2024",
                    "start": 0,
                    "end": 16,
                    "label": "일반정보"
                },
                {
                    "word": "202",
                    "start": 12,
                    "end": 15,
                    "label": "준식별자"
                }
            ]
        },
        {
            "sentence": "에너지솔루션(유)",
            "id": "sample_001_0086_000092",
            "annotations": [
                {
                    "word": "에너지솔루션(유)",
                    "start": 0,
                    "end": 9,
                    "label": "일반정보"
                }
            ]
        },
        {
            "sentence": "김상우",
            "id": "sample_001_0086_000093",
            "annotations": [
                {
                    "word": "김상우",
                    "start": 0,
                    "end": 3,
                    "label": "개인정보"
                }
            ]
        },
        {
            "sentence": "010-7777-8888",
            "id": "sample_001_0086_000094",
            "annotations": [
                {
                    "word": "010-7777-8888",
                    "start": 0,
                    "end": 13,
                    "label": "개인정보"
                }
            ]
        },
        {
            "sentence": "sangwoo.kim@energysol.co.kr",
            "id": "sample_001_0086_000095",
            "annotations": []
        },
        {
            "sentence": "서버랙 전원 이중화 시 필요",
            "id": "sample_001_0086_000096",
            "annotations": []
        },
        {
            "sentence": "Ethernet PoE 스위치(관리형)",
            "id": "sample_001_0086_000097",
            "annotations": []
        },
        {
            "sentence": "HBS-SW-POE-48",
            "id": "sample_001_0086_000098",
            "annotations": [
                {
                    "word": "HBS-SW-POE-48",
                    "start": 0,
                    "end": 13,
                    "label": "일반정보"
                }
            ]
        },
        {
            "sentence": "네트웍스코리아",
            "id": "sample_001_0086_000099",
            "annotations": []
        },
        {
            "sentence": "박지훈",
            "id": "sample_001_0086_000100",
            "annotations": [
                {
                    "word": "박지훈",
                    "start": 0,
                    "end": 3,
                    "label": "개인정보"
                }
            ]
        },
        {
            "sentence": "02-555-1234",
            "id": "sample_001_0086_000101",
            "annotations": [
                {
                    "word": "02-555-1234",
                    "start": 0,
                    "end": 11,
                    "label": "개인정보"
                }
            ]
        },
        {
            "sentence": "jhpark@nwk.co.kr",
            "id": "sample_001_0086_000102",
            "annotations": [
                {
                    "word": "jhpark@nwk.co.kr",
                    "start": 0,
                    "end": 16,
                    "label": "개인정보"
                }
            ]
        },
        {
            "sentence": "엣지 게이트웨이 추가 연결용",
            "id": "sample_001_0086_000103",
            "annotations": []
        },
        {
            "sentence": "KRW",
            "id": "sample_001_0086_000104",
            "annotations": []
        },
        {
            "sentence": "부품 수급 지연",
            "id": "sample_001_0086_000105",
            "annotations": []
        },
        {
            "sentence": "중",
            "id": "sample_001_0086_000106",
            "annotations": []
        },
        {
            "sentence": "국내 대체공급사 확보, 우선 발주 처리(PO-HBS-202509-1001), 긴급대응 예비부품 목록 유지",
            "id": "sample_001_0086_000107",
            "annotations": [
                {
                    "word": "PO-HBS-202509-1001",
                    "start": 22,
                    "end": 40,
                    "label": "준식별자"
                }
            ]
        },
        {
            "sentence": "펌웨어 적용 후 예측 성능 저하",
            "id": "sample_001_0086_000108",
            "annotations": []
        },
        {
            "sentence": "고",
            "id": "sample_001_0086_000109",
            "annotations": []
        },
        {
            "sentence": "롤백 프로시저 마련(롤백 이미지 버전 fw_ai_ctrl_2.4.7), 파일럿 단계에서 A/B 테스트 수행하여 성능 모니터링, 모델 및 전처리 파라미터 조정",
            "id": "sample_001_0086_000110",
            "annotations": [
                {
                    "word": "fw_ai_ctrl_2.4.7",
                    "start": 21,
                    "end": 37,
                    "label": "일반정보"
                }
            ]
        },
        {
            "sentence": "작업 중 생산설비 간섭으로 인한 운영 중단",
            "id": "sample_001_0086_000111",
            "annotations": []
        },
        {
            "sentence": "고",
            "id": "sample_001_0086_000112",
            "annotations": []
        },
        {
            "sentence": "야간/휴무시간에 작업 스케줄링, 작업 전 고객사와 상세 조율, 안전 담당자(사내: 박준호 HBS-TECH-011) 상주",
            "id": "sample_001_0086_000113",
            "annotations": [
                {
                    "word": "박준호",
                    "start": 46,
                    "end": 49,
                    "label": "개인정보"
                },
                {
                    "word": "HBS-TECH-011",
                    "start": 50,
                    "end": 62,
                    "label": "개인정보"
                }
            ]
        },
        {
            "sentence": "데이터 유실",
            "id": "sample_001_0086_000114",
            "annotations": []
        },
        {
            "sentence": "중",
            "id": "sample_001_0086_000115",
            "annotations": []
        },
        {
            "sentence": "작업 전 전체 백업(온사이트 및 오프사이트), 트랜잭션 기반 로그 동기화 유지, 테스트 중 데이터 샘플링을 통해 데이터 무결성 점검",
            "id": "sample_001_0086_000116",
            "annotations": []
        },
        {
            "sentence": "파일럿 적용 환경에서의 스트레스 테스트, 회귀테스트, 네트워크 단절 시나리오, 장기(72시간) 연속운전 테스트 및 장애복구 테스트를 수행하였다..",
            "id": "sample_001_0086_000117",
            "annotations": [
                {
                    "word": "72시간",
                    "start": 47,
                    "end": 51,
                    "label": "준식별자"
                }
            ]
        },
        {
            "sentence": "HBS-AI-CPS-CTRL-3000 (SN-2024-0456) + 엣지 게이트웨이 2대",
            "id": "sample_001_0086_000118",
            "annotations": [
                {
                    "word": "HBS-AI-CPS-CTRL-3000",
                    "start": 0,
                    "end": 20,
                    "label": "일반정보"
                },
                {
                    "word": "SN-2024-0456",
                    "start": 22,
                    "end": 34,
                    "label": "준식별자"
                },
                {
                    "word": "AI-CPS",
                    "start": 4,
                    "end": 10,
                    "label": "기밀정보"
                },
                {
                    "word": "300",
                    "start": 16,
                    "end": 19,
                    "label": "개인정보"
                }
            ]
        },
        {
            "sentence": "사내 VLAN 분리(네트워크 구간: VLAN-10), 라우터: HBS-GW-RT-01",
            "id": "sample_001_0086_000119",
            "annotations": []
        },
        {
            "sentence": "실제 생산라인 센서 로그(압력, 진동, 온도) 6개월치에서 샘플링한 시계열 데이터",
            "id": "sample_001_0086_000120",
            "annotations": []
        },
        {
            "sentence": "예측모델 v3.1 (경량화 후 v3.1-q)",
            "id": "sample_001_0086_000121",
            "annotations": [
                {
                    "word": "v3.1-q",
                    "start": 17,
                    "end": 23,
                    "label": "일반정보"
                }
            ]
        },
        {
            "sentence": "사전검증: 기존 환경에서 베이스라인 성능 측정(AUC, Precision, Recall, 평균 지연시간 등)",
            "id": "sample_001_0086_000122",
            "annotations": []
        },
        {
            "sentence": "업그레이드 적용: 펌웨어 및 드라이버 적용, NVMe 장착, 엣지 전처리 모듈 배포",
            "id": "sample_001_0086_000123",
            "annotations": []
        },
        {
            "sentence": "안정화: 24시간 모니터링 후 로그/메모리/CPU/디스크 지표 수집",
            "id": "sample_001_0086_000124",
            "annotations": []
        },
        {
            "sentence": "장기부하시험: 72시간 연속운전 및 네트워크 단절 시나리오 추가",
            "id": "sample_001_0086_000125",
            "annotations": [
                {
                    "word": "72시간",
                    "start": 8,
                    "end": 12,
                    "label": "준식별자"
                }
            ]
        },
        {
            "sentence": "회귀 및 성능검증: 예측모델 성능 비교 및 이상탐지 정확도 평가",
            "id": "sample_001_0086_000126",
            "annotations": []
        },
        {
            "sentence": "안전검증: 로컬 예측 실패 시 안전모드 전환 및 알림 체계 검증",
            "id": "sample_001_0086_000127",
            "annotations": []
        },
        {
            "sentence": "센서 데이터 패킷 평균 지연시간: 파일럿 이전 65ms -> 적용 후 23ms으로 개선(약 65% 감소)",
            "id": "sample_001_0086_000128",
            "annotations": []
        },
        {
            "sentence": "중앙서버 전송 데이터량: 1일 평균 8.5GB -> 적용 후 5.1GB으로 감소(약 40% 감축)",
            "id": "sample_001_0086_000129",
            "annotations": []
        },
        {
            "sentence": "디스크 I/O 대기시간 평균: 파일럿 이전 대비 42% 감소",
            "id": "sample_001_0086_000130",
            "annotations": []
        },
        {
            "sentence": "모델 AUC: 기존 0.912 -> 적용 후 0.907 (경량화 영향으로 약 0.5%p 감소, 허용범위 내)",
            "id": "sample_001_0086_000131",
            "annotations": []
        },
        {
            "sentence": "네트워크 단절 시 로컬 예측 동작: 72시간 연속 자립 동작 확인, 이상탐지 후 로컬 알림 정상 동작",
            "id": "sample_001_0086_000132",
            "annotations": [
                {
                    "word": "72시간",
                    "start": 20,
                    "end": 24,
                    "label": "준식별자"
                }
            ]
        },
        {
            "sentence": "장애복구: 롤백 프로시저를 통한 복구 시간 평균 17분(목표 <30분) 달성",
            "id": "sample_001_0086_000133",
            "annotations": []
        },
        {
            "sentence": "파일럿 결과는 전체 목표치에 부합하며, 일부 모델 정확도 감소는 전처리 파라미터 재튜닝을 통해 회복 가능.",
            "id": "sample_001_0086_000134",
            "annotations": []
        },
        {
            "sentence": "따라서 표준 패키지로 확산 배포를 권고하되, 고객사별 하드웨어 스펙을 반영한 사전 평가가 필요하다..",
            "id": "sample_001_0086_000135",
            "annotations": []
        },
        {
            "sentence": "업그레이드 후 초기 90일간 집중 모니터링(책임엔지니어: 김태훈, 백업: 이수진)",
            "id": "sample_001_0086_000136",
            "annotations": [
                {
                    "word": "김태훈",
                    "start": 32,
                    "end": 35,
                    "label": "개인정보"
                },
                {
                    "word": "이수진",
                    "start": 41,
                    "end": 44,
                    "label": "개인정보"
                },
                {
                    "word": "책임엔지니어",
                    "start": 24,
                    "end": 30,
                    "label": "준식별자"
                }
            ]
        },
        {
            "sentence": "월별 성능보고서 제출(지표: 패킷지연, 전송량, 예측정확도, 디스크I/O), 분기별 현장점검",
            "id": "sample_001_0086_000137",
            "annotations": []
        },
        {
            "sentence": "SLA 조항: 고중요도 장애 응답시간 4시간 이내, 복구 또는 우회조치 24시간 이내",
            "id": "sample_001_0086_000138",
            "annotations": []
        },
        {
            "sentence": "정기패치: 펌웨어/드라이버는 분기 1회 검토 및 필요시 패치 배포",
            "id": "sample_001_0086_000139",
            "annotations": []
        },
        {
            "sentence": "기술부 운영인력 및 고객사 현장담당자(우선 파일럿 대상)",
            "id": "sample_001_0086_000140",
            "annotations": [
                {
                    "word": "기술부",
                    "start": 0,
                    "end": 3,
                    "label": "준식별자"
                }
            ]
        },
        {
            "sentence": "업그레이드 개요 및 목적",
            "id": "sample_001_0086_000141",
            "annotations": []
        },
        {
            "sentence": "긴급 롤백 절차 실습",
            "id": "sample_001_0086_000142",
            "annotations": []
        },
        {
            "sentence": "로컬 예측 모드 운영 시나리오 교육",
            "id": "sample_001_0086_000143",
            "annotations": []
        },
        {
            "sentence": "기초 점검 방법(로그 확인, NVMe 상태 확인, 네트워크 진단)",
            "id": "sample_001_0086_000144",
            "annotations": []
        },
        {
            "sentence": "박준호",
            "id": "sample_001_0086_000145",
            "annotations": [
                {
                    "word": "박준호",
                    "start": 0,
                    "end": 3,
                    "label": "개인정보"
                }
            ]
        },
        {
            "sentence": "현장기술자",
            "id": "sample_001_0086_000146",
            "annotations": [
                {
                    "word": "현장기술자",
                    "start": 0,
                    "end": 5,
                    "label": "준식별자"
                }
            ]
        },
        {
            "sentence": "HBS-TECH-011",
            "id": "sample_001_0086_000147",
            "annotations": [
                {
                    "word": "HBS-TECH-011",
                    "start": 0,
                    "end": 12,
                    "label": "개인정보"
                }
            ]
        },
        {
            "sentence": "010-8765-4321",
            "id": "sample_001_0086_000148",
            "annotations": [
                {
                    "word": "010-8765-4321",
                    "start": 0,
                    "end": 13,
                    "label": "개인정보"
                }
            ]
        },
        {
            "sentence": "2025-10-21 (오전 09:30~12:30) - 내부 시연, 2025-10-22 (오후 14:00~17:00) - 고객 대상 워크숍",
            "id": "sample_001_0086_000149",
            "annotations": [
                {
                    "word": "2025-10-21",
                    "start": 0,
                    "end": 10,
                    "label": "준식별자"
                },
                {
                    "word": "202",
                    "start": 37,
                    "end": 40,
                    "label": "준식별자"
                }
            ]
        },
        {
            "sentence": "v1.0.0",
            "id": "sample_001_0086_000150",
            "annotations": []
        },
        {
            "sentence": "김태훈",
            "id": "sample_001_0086_000151",
            "annotations": [
                {
                    "word": "김태훈",
                    "start": 0,
                    "end": 3,
                    "label": "개인정보"
                }
            ]
        },
        {
            "sentence": "2025-08-30",
            "id": "sample_001_0086_000152",
            "annotations": [
                {
                    "word": "202",
                    "start": 0,
                    "end": 3,
                    "label": "준식별자"
                }
            ]
        },
        {
            "sentence": "초안 작성(파일럿 계획 포함)",
            "id": "sample_001_0086_000153",
            "annotations": []
        },
        {
            "sentence": "v1.1.0",
            "id": "sample_001_0086_000154",
            "annotations": []
        },
        {
            "sentence": "이수진",
            "id": "sample_001_0086_000155",
            "annotations": [
                {
                    "word": "이수진",
                    "start": 0,
                    "end": 3,
                    "label": "개인정보"
                }
            ]
        },
        {
            "sentence": "2025-09-05",
            "id": "sample_001_0086_000156",
            "annotations": [
                {
                    "word": "202",
                    "start": 0,
                    "end": 3,
                    "label": "준식별자"
                }
            ]
        },
        {
            "sentence": "비용 추정치 보완 및 부품 리스트 추가",
            "id": "sample_001_0086_000157",
            "annotations": []
        },
        {
            "sentence": "v1.2.0",
            "id": "sample_001_0086_000158",
            "annotations": []
        },
        {
            "sentence": "김태훈",
            "id": "sample_001_0086_000159",
            "annotations": [
                {
                    "word": "김태훈",
                    "start": 0,
                    "end": 3,
                    "label": "개인정보"
                }
            ]
        },
        {
            "sentence": "2025-09-10",
            "id": "sample_001_0086_000160",
            "annotations": [
                {
                    "word": "2025-09-10",
                    "start": 0,
                    "end": 10,
                    "label": "준식별자"
                }
            ]
        },
        {
            "sentence": "테스트 결과 반영 및 최종 권고안 업데이트",
            "id": "sample_001_0086_000161",
            "annotations": []
        },
        {
            "sentence": "기술부 담당",
            "id": "sample_001_0086_000162",
            "annotations": [
                {
                    "word": "기술부",
                    "start": 0,
                    "end": 3,
                    "label": "준식별자"
                }
            ]
        },
        {
            "sentence": "김태훈",
            "id": "sample_001_0086_000163",
            "annotations": [
                {
                    "word": "김태훈",
                    "start": 0,
                    "end": 3,
                    "label": "개인정보"
                }
            ]
        },
        {
            "sentence": "기술부장",
            "id": "sample_001_0086_000164",
            "annotations": [
                {
                    "word": "기술부장",
                    "start": 0,
                    "end": 4,
                    "label": "준식별자"
                }
            ]
        },
        {
            "sentence": "정혜린",
            "id": "sample_001_0086_000165",
            "annotations": [
                {
                    "word": "정혜린",
                    "start": 0,
                    "end": 3,
                    "label": "개인정보"
                }
            ]
        },
        {
            "sentence": "대표이사",
            "id": "sample_001_0086_000166",
            "annotations": [
                {
                    "word": "대표이사",
                    "start": 0,
                    "end": 4,
                    "label": "준식별자"
                }
            ]
        },
        {
            "sentence": "박민재",
            "id": "sample_001_0086_000167",
            "annotations": [
                {
                    "word": "박민재",
                    "start": 0,
                    "end": 3,
                    "label": "개인정보"
                }
            ]
        },
        {
            "sentence": "첨부1_성능시험_로그_20250910.zip",
            "id": "sample_001_0086_000168",
            "annotations": [
                {
                    "word": "202",
                    "start": 12,
                    "end": 15,
                    "label": "준식별자"
                }
            ]
        },
        {
            "sentence": "첨부2_펌웨어이미지_fw_ai_ctrl_2.5.0.bin",
            "id": "sample_001_0086_000169",
            "annotations": []
        },
        {
            "sentence": "첨부3_롤백이미지_fw_ai_ctrl_2.4.7.bin",
            "id": "sample_001_0086_000170",
            "annotations": [
                {
                    "word": "fw_ai_ctrl_2.4.7",
                    "start": 10,
                    "end": 26,
                    "label": "일반정보"
                }
            ]
        },
        {
            "sentence": "첨부4_테스트시나리오문서_20250910.pdf",
            "id": "sample_001_0086_000171",
            "annotations": [
                {
                    "word": "202",
                    "start": 14,
                    "end": 17,
                    "label": "준식별자"
                }
            ]
        },
        {
            "sentence": "첨부5_부품발주서_PO-HBS-202509-1001.pdf",
            "id": "sample_001_0086_000172",
            "annotations": [
                {
                    "word": "PO-HBS-202509-1001",
                    "start": 10,
                    "end": 28,
                    "label": "준식별자"
                }
            ]
        },
        {
            "sentence": "파일럿 환경에서 모든 핵심 목표 달성됨.",
            "id": "sample_001_0086_000173",
            "annotations": []
        },
        {
            "sentence": "모델 경량화로 인한 미미한 정확도 손실은 전처리 파라미터 튜닝으로 회복 가능.",
            "id": "sample_001_0086_000174",
            "annotations": []
        },
        {
            "sentence": "고객사 배포 전 현장 스펙 검토 필수..",
            "id": "sample_001_0086_000175",
            "annotations": []
        }
    ]
}