{
    "document_id": "001_0053",
    "document_title": "0053",
    "data": [
        {
            "sentence": "설비 개선/업그레이드 보고서",
            "id": "sample_001_0053_000001",
            "annotations": []
        },
        {
            "sentence": "HB-TECH-2025-001",
            "id": "sample_001_0053_000002",
            "annotations": [
                {
                    "word": "2025-001",
                    "start": 8,
                    "end": 16,
                    "label": "개인정보"
                }
            ]
        },
        {
            "sentence": "0",
            "id": "sample_001_0053_000003",
            "annotations": []
        },
        {
            "sentence": "기술부",
            "id": "sample_001_0053_000004",
            "annotations": [
                {
                    "word": "기술부",
                    "start": 0,
                    "end": 3,
                    "label": "준식별자"
                }
            ]
        },
        {
            "sentence": "이재호",
            "id": "sample_001_0053_000005",
            "annotations": [
                {
                    "word": "이재호",
                    "start": 0,
                    "end": 3,
                    "label": "개인정보"
                }
            ]
        },
        {
            "sentence": "선임 엔지니어(팀장)",
            "id": "sample_001_0053_000006",
            "annotations": [
                {
                    "word": "선임 엔지니어",
                    "start": 0,
                    "end": 7,
                    "label": "준식별자"
                },
                {
                    "word": "팀장",
                    "start": 8,
                    "end": 10,
                    "label": "준식별자"
                }
            ]
        },
        {
            "sentence": "T1801",
            "id": "sample_001_0053_000007",
            "annotations": [
                {
                    "word": "T1801",
                    "start": 0,
                    "end": 5,
                    "label": "개인정보"
                }
            ]
        },
        {
            "sentence": "031-700-1801",
            "id": "sample_001_0053_000008",
            "annotations": [
                {
                    "word": "031-700-1801",
                    "start": 0,
                    "end": 12,
                    "label": "개인정보"
                }
            ]
        },
        {
            "sentence": "jaeho.lee@hanbitsol.co.kr",
            "id": "sample_001_0053_000009",
            "annotations": [
                {
                    "word": "jaeho.lee@hanbitsol.co.kr",
                    "start": 0,
                    "end": 25,
                    "label": "개인정보"
                }
            ]
        },
        {
            "sentence": "김서연",
            "id": "sample_001_0053_000010",
            "annotations": [
                {
                    "word": "김서연",
                    "start": 0,
                    "end": 3,
                    "label": "개인정보"
                }
            ]
        },
        {
            "sentence": "엔지니어",
            "id": "sample_001_0053_000011",
            "annotations": [
                {
                    "word": "엔지니어",
                    "start": 0,
                    "end": 4,
                    "label": "준식별자"
                }
            ]
        },
        {
            "sentence": "T1802",
            "id": "sample_001_0053_000012",
            "annotations": [
                {
                    "word": "T1802",
                    "start": 0,
                    "end": 5,
                    "label": "개인정보"
                }
            ]
        },
        {
            "sentence": "031-700-1802",
            "id": "sample_001_0053_000013",
            "annotations": [
                {
                    "word": "031-700-1802",
                    "start": 0,
                    "end": 12,
                    "label": "개인정보"
                }
            ]
        },
        {
            "sentence": "seoyeon.kim@hanbitsol.co.kr",
            "id": "sample_001_0053_000014",
            "annotations": [
                {
                    "word": "seoyeon.kim@hanbitsol.co.kr",
                    "start": 0,
                    "end": 27,
                    "label": "개인정보"
                }
            ]
        },
        {
            "sentence": "박민수",
            "id": "sample_001_0053_000015",
            "annotations": [
                {
                    "word": "박민수",
                    "start": 0,
                    "end": 3,
                    "label": "개인정보"
                }
            ]
        },
        {
            "sentence": "기술부장",
            "id": "sample_001_0053_000016",
            "annotations": [
                {
                    "word": "기술부장",
                    "start": 0,
                    "end": 4,
                    "label": "준식별자"
                }
            ]
        },
        {
            "sentence": "T1701",
            "id": "sample_001_0053_000017",
            "annotations": [
                {
                    "word": "T1701",
                    "start": 0,
                    "end": 5,
                    "label": "개인정보"
                }
            ]
        },
        {
            "sentence": "031-700-1701",
            "id": "sample_001_0053_000018",
            "annotations": [
                {
                    "word": "031-700-1701",
                    "start": 0,
                    "end": 12,
                    "label": "개인정보"
                }
            ]
        },
        {
            "sentence": "minspark@hanbitsol.co.kr",
            "id": "sample_001_0053_000019",
            "annotations": [
                {
                    "word": "minspark@hanbitsol.co.kr",
                    "start": 0,
                    "end": 24,
                    "label": "개인정보"
                }
            ]
        },
        {
            "sentence": "2025-09-09",
            "id": "sample_001_0053_000020",
            "annotations": [
                {
                    "word": "2025-09-09",
                    "start": 0,
                    "end": 10,
                    "label": "준식별자"
                }
            ]
        },
        {
            "sentence": "2025-09-15 09:00",
            "id": "sample_001_0053_000021",
            "annotations": [
                {
                    "word": "2025-09-15",
                    "start": 0,
                    "end": 10,
                    "label": "준식별자"
                }
            ]
        },
        {
            "sentence": "2025-10-06 18:00",
            "id": "sample_001_0053_000022",
            "annotations": [
                {
                    "word": "202",
                    "start": 0,
                    "end": 3,
                    "label": "준식별자"
                }
            ]
        },
        {
            "sentence": "2025-10-20",
            "id": "sample_001_0053_000023",
            "annotations": [
                {
                    "word": "202",
                    "start": 0,
                    "end": 3,
                    "label": "준식별자"
                }
            ]
        },
        {
            "sentence": "2025-11-03 08:00",
            "id": "sample_001_0053_000024",
            "annotations": [
                {
                    "word": "202",
                    "start": 0,
                    "end": 3,
                    "label": "준식별자"
                }
            ]
        },
        {
            "sentence": "2025-11-10 18:00",
            "id": "sample_001_0053_000025",
            "annotations": [
                {
                    "word": "202",
                    "start": 0,
                    "end": 3,
                    "label": "준식별자"
                }
            ]
        },
        {
            "sentence": "2025-11-11 ~ 2025-11-20",
            "id": "sample_001_0053_000026",
            "annotations": [
                {
                    "word": "202",
                    "start": 0,
                    "end": 3,
                    "label": "준식별자"
                },
                {
                    "word": "202",
                    "start": 13,
                    "end": 16,
                    "label": "준식별자"
                }
            ]
        },
        {
            "sentence": "2025-11-25",
            "id": "sample_001_0053_000027",
            "annotations": [
                {
                    "word": "202",
                    "start": 0,
                    "end": 3,
                    "label": "준식별자"
                }
            ]
        },
        {
            "sentence": "2025-11-25",
            "id": "sample_001_0053_000028",
            "annotations": [
                {
                    "word": "202",
                    "start": 0,
                    "end": 3,
                    "label": "준식별자"
                }
            ]
        },
        {
            "sentence": "HS-PRD-200 라인 압착 프레스(이하 '대상설비')",
            "id": "sample_001_0053_000029",
            "annotations": [
                {
                    "word": "200",
                    "start": 7,
                    "end": 10,
                    "label": "개인정보"
                }
            ]
        },
        {
            "sentence": "EQ-HS-PRD-200-01",
            "id": "sample_001_0053_000030",
            "annotations": [
                {
                    "word": "200",
                    "start": 10,
                    "end": 13,
                    "label": "개인정보"
                }
            ]
        },
        {
            "sentence": "본사 공장 2층 생산 라인 B존",
            "id": "sample_001_0053_000031",
            "annotations": [
                {
                    "word": "본사 공장 2층 생산 라인 B존",
                    "start": 0,
                    "end": 17,
                    "label": "준식별자"
                }
            ]
        },
        {
            "sentence": "현재 가동률 82%, 주기적 진동 이상 발생, 센서 데이터 누락 빈도 증가, 제어반 내부 노후 부품 발견",
            "id": "sample_001_0053_000032",
            "annotations": []
        },
        {
            "sentence": "HS-PRD-200 라인 압착 프레스 설비(제어·센서·예측알고리즘) 통합 업그레이드 계획",
            "id": "sample_001_0053_000033",
            "annotations": [
                {
                    "word": "200",
                    "start": 7,
                    "end": 10,
                    "label": "개인정보"
                }
            ]
        },
        {
            "sentence": "최근 6개월(2025-03 ~ 2025-08) 동안 대상설비에서 비정상 정지 7회, 불량품 발생률 평균 3.8%로 공장 평균(1.2%) 대비 크게 높은 수준을 기록했습니다.",
            "id": "sample_001_0053_000034",
            "annotations": [
                {
                    "word": "202",
                    "start": 7,
                    "end": 10,
                    "label": "준식별자"
                },
                {
                    "word": "202",
                    "start": 17,
                    "end": 20,
                    "label": "준식별자"
                },
                {
                    "word": "8%",
                    "start": 60,
                    "end": 62,
                    "label": "기밀정보"
                }
            ]
        },
        {
            "sentence": "기술부의 현장 점검 결과 제어반 내부 전력노이즈로 인한 센서 데이터 이상, 오래된 PLC 펌웨어(버전 3.1)로 인한 통신 장애, 진동 센서의 감도 저하(센서 교체 권장 주기 경과), 윤활계통의 미세 누유로 인한 베어링 열화 진행 등 다중 요인이 확인되었습니다.",
            "id": "sample_001_0053_000035",
            "annotations": [
                {
                    "word": "기술부",
                    "start": 0,
                    "end": 3,
                    "label": "준식별자"
                },
                {
                    "word": "PLC",
                    "start": 46,
                    "end": 49,
                    "label": "준식별자"
                }
            ]
        },
        {
            "sentence": "또한 기존 예측유지보수(한빛 AI-CPS)와의 연동이 미흡하여, 데이터 결함 시 알람이 정상적으로 전달되지 않는 문제가 발견되었습니다.",
            "id": "sample_001_0053_000036",
            "annotations": [
                {
                    "word": "한빛 AI-CPS",
                    "start": 13,
                    "end": 22,
                    "label": "기밀정보"
                }
            ]
        },
        {
            "sentence": "본 개선은 설비 안정성 확보와 불량률 저감, 예측유지보수의 신뢰성 향상을 목표로 합니다..",
            "id": "sample_001_0053_000037",
            "annotations": []
        },
        {
            "sentence": "가동률 95% 이상 확보(현 82% → 목표 95% 이상)",
            "id": "sample_001_0053_000038",
            "annotations": []
        },
        {
            "sentence": "불량률 1% 이하로 감소(현 3.8% → 목표 ≤1.0%)",
            "id": "sample_001_0053_000039",
            "annotations": [
                {
                    "word": "8%",
                    "start": 18,
                    "end": 20,
                    "label": "기밀정보"
                }
            ]
        },
        {
            "sentence": "예측알고리즘 오탐률 20% 이하, 누락률 10% 이하로 개선",
            "id": "sample_001_0053_000040",
            "annotations": []
        },
        {
            "sentence": "센서 데이터 완전수집률 99% 이상 달성",
            "id": "sample_001_0053_000041",
            "annotations": []
        },
        {
            "sentence": "PLC 통신 장애 6개월 내 0건 유지",
            "id": "sample_001_0053_000042",
            "annotations": [
                {
                    "word": "PLC",
                    "start": 0,
                    "end": 3,
                    "label": "준식별자"
                }
            ]
        },
        {
            "sentence": "메인 PLC 교체 및 펌웨어 업그레이드",
            "id": "sample_001_0053_000043",
            "annotations": [
                {
                    "word": "PLC",
                    "start": 3,
                    "end": 6,
                    "label": "준식별자"
                }
            ]
        },
        {
            "sentence": "현 PLC(모델 PLC-X300, 펌웨어 v3.1)를 최신 산업용 PLC(PLC-X500, 펌웨어 v5.2)로 교체.",
            "id": "sample_001_0053_000044",
            "annotations": [
                {
                    "word": "PLC",
                    "start": 2,
                    "end": 5,
                    "label": "준식별자"
                },
                {
                    "word": "PLC-X3",
                    "start": 9,
                    "end": 15,
                    "label": "기밀정보"
                },
                {
                    "word": "PLC",
                    "start": 37,
                    "end": 40,
                    "label": "준식별자"
                },
                {
                    "word": "PLC",
                    "start": 41,
                    "end": 44,
                    "label": "준식별자"
                }
            ]
        },
        {
            "sentence": "EtherCAT 통신 모듈 추가하여 I/O 응답속도 개선.",
            "id": "sample_001_0053_000045",
            "annotations": []
        },
        {
            "sentence": "교체 후 기존 제어로직을 유지하되 PID 파라미터 재튜닝 실시..",
            "id": "sample_001_0053_000046",
            "annotations": []
        },
        {
            "sentence": "진동/온도/압력 센서 전부 교환",
            "id": "sample_001_0053_000047",
            "annotations": []
        },
        {
            "sentence": "진동 센서: 모델 VS-2000(±16g, 샘플링 4 kHz)로 교체.",
            "id": "sample_001_0053_000048",
            "annotations": [
                {
                    "word": "2000",
                    "start": 13,
                    "end": 17,
                    "label": "기밀정보"
                }
            ]
        },
        {
            "sentence": "온도 센서: PT1000으로 통일, 보호커버 추가.",
            "id": "sample_001_0053_000049",
            "annotations": [
                {
                    "word": "T1000",
                    "start": 8,
                    "end": 13,
                    "label": "개인정보"
                }
            ]
        },
        {
            "sentence": "압력 센서: 0~10 MPa 범위 고정밀 센서로 교체.",
            "id": "sample_001_0053_000050",
            "annotations": []
        },
        {
            "sentence": "각 센서에 고유 시리얼 번호(예: SN-VS-2025-001 등) 부여 및 자산관리 DB에 입력..",
            "id": "sample_001_0053_000051",
            "annotations": [
                {
                    "word": "S-2025-001",
                    "start": 23,
                    "end": 33,
                    "label": "기밀정보"
                }
            ]
        },
        {
            "sentence": "제어반 내 전원 필터(EMI/RFI) 및 서지 보호장치(SPD) 설치",
            "id": "sample_001_0053_000052",
            "annotations": []
        },
        {
            "sentence": "전원입력부에 EMI 필터와 서지보호 장치 설치로 전력 노이즈 차단.",
            "id": "sample_001_0053_000053",
            "annotations": []
        },
        {
            "sentence": "접지 저항 측정 및 접지선 보강(접지 저항 목표 ≤1Ω)..",
            "id": "sample_001_0053_000054",
            "annotations": []
        },
        {
            "sentence": "윤활계통 개선",
            "id": "sample_001_0053_000055",
            "annotations": []
        },
        {
            "sentence": "자동 윤활 펌프(LubriAuto G2) 설치 및 윤활유 점도 표준화.",
            "id": "sample_001_0053_000056",
            "annotations": []
        },
        {
            "sentence": "윤활 주기 데이터 로깅 및 상태 기반 윤활(Based-on-usage)으로 전환..",
            "id": "sample_001_0053_000057",
            "annotations": []
        },
        {
            "sentence": "백업 전원(UPS) 및 원격 모니터링 게이트웨이 설치",
            "id": "sample_001_0053_000058",
            "annotations": []
        },
        {
            "sentence": "PLC 및 중요 센서 데이터 로거에 15분 이상 전원 유지가 가능한 UPS 추가.",
            "id": "sample_001_0053_000059",
            "annotations": [
                {
                    "word": "PLC",
                    "start": 0,
                    "end": 3,
                    "label": "준식별자"
                }
            ]
        },
        {
            "sentence": "통신 게이트웨이는 VPN 터널을 통해 본사 한빛 클라우드(한빛 데이터 솔루션)로 안전하게 송신..",
            "id": "sample_001_0053_000060",
            "annotations": [
                {
                    "word": "한빛 데이터 솔루션",
                    "start": 32,
                    "end": 42,
                    "label": "기밀정보"
                }
            ]
        },
        {
            "sentence": "제어 로직(PLC) 재구성 및 PID/모션 프로파일 튜닝",
            "id": "sample_001_0053_000061",
            "annotations": [
                {
                    "word": "PLC",
                    "start": 6,
                    "end": 9,
                    "label": "준식별자"
                }
            ]
        },
        {
            "sentence": "압착 모터의 가속/감속 프로파일을 재설계하여 불필요한 진동 완화.",
            "id": "sample_001_0053_000062",
            "annotations": []
        },
        {
            "sentence": "PID 튜닝은 단계별(저하중-중하중-정상하중)로 진행하여 각 구간별 최적값을 확보.",
            "id": "sample_001_0053_000063",
            "annotations": []
        },
        {
            "sentence": "변경 사항은 PLC 버전관리 시스템(Git 기반)에 커밋하고 변경 로그 작성..",
            "id": "sample_001_0053_000064",
            "annotations": [
                {
                    "word": "PLC",
                    "start": 7,
                    "end": 10,
                    "label": "준식별자"
                }
            ]
        },
        {
            "sentence": "한빛 AI-CPS 모델 업그레이드 및 재학습",
            "id": "sample_001_0053_000065",
            "annotations": [
                {
                    "word": "한빛 AI-CPS",
                    "start": 0,
                    "end": 9,
                    "label": "기밀정보"
                }
            ]
        },
        {
            "sentence": "대상설비의 최신 센서 데이터를 포함하여 예측모델을 재학습(학습데이터: 2023-01-01 ~ 2025-08-31, 샘플링: 1초 단위, 총 데이터 포인트 약 6.5백만 건).",
            "id": "sample_001_0053_000066",
            "annotations": [
                {
                    "word": "202",
                    "start": 39,
                    "end": 42,
                    "label": "준식별자"
                },
                {
                    "word": "202",
                    "start": 52,
                    "end": 55,
                    "label": "준식별자"
                }
            ]
        },
        {
            "sentence": "모델 아키텍처는 시계열 기반 LSTM + 이상탐지(오토인코더) 하이브리드 구조.",
            "id": "sample_001_0053_000067",
            "annotations": []
        },
        {
            "sentence": "학습 시 교차검증(K-fold, K=5)을 통해 오버피팅 방지.",
            "id": "sample_001_0053_000068",
            "annotations": []
        },
        {
            "sentence": "성능 목표: Precision ≥ 0.80, Recall ≥ 0.90, F1-score ≥ 0.85..",
            "id": "sample_001_0053_000069",
            "annotations": []
        },
        {
            "sentence": "데이터 파이프라인 및 데이터 정합성 체크 추가",
            "id": "sample_001_0053_000070",
            "annotations": []
        },
        {
            "sentence": "센서값 수집 시 샘플링 체크, 시간 동기화(NTP), 패킷 손실 감지, 결측치 발생 시 자동 재전송 요청, 결측 보상 알고리즘(선형보간/이전값 유지 규칙) 적용.",
            "id": "sample_001_0053_000071",
            "annotations": []
        },
        {
            "sentence": "데이터 레이크에는 raw/processed/timeseries 포맷으로 보관, 보존 기간 raw 1년, processed 3년..",
            "id": "sample_001_0053_000072",
            "annotations": []
        },
        {
            "sentence": "알람 및 이벤트 정책 개선",
            "id": "sample_001_0053_000073",
            "annotations": []
        },
        {
            "sentence": "한빛 스마트MES 및 AI-CPS 연동 알람 정책 재정립.",
            "id": "sample_001_0053_000074",
            "annotations": [
                {
                    "word": "한빛 스마트MES",
                    "start": 0,
                    "end": 9,
                    "label": "기밀정보"
                },
                {
                    "word": "AI-CPS",
                    "start": 12,
                    "end": 18,
                    "label": "기밀정보"
                }
            ]
        },
        {
            "sentence": "이벤트 우선순위(Priority 1~3) 지정, 알람 전파 경로(현장 담당자 SMS/콜, 기술부 슬랙/사내 메신저, 관리부 이메일) 지정, 자동 티켓 발행 연동(JIRA/사내 RMS).",
            "id": "sample_001_0053_000075",
            "annotations": [
                {
                    "word": "기술부",
                    "start": 50,
                    "end": 53,
                    "label": "준식별자"
                },
                {
                    "word": "관리부",
                    "start": 65,
                    "end": 68,
                    "label": "준식별자"
                }
            ]
        },
        {
            "sentence": "알람 오탐 최소화 로직 추가..",
            "id": "sample_001_0053_000076",
            "annotations": []
        },
        {
            "sentence": "부품 입고 후 조립 전 개별 부품(센서, PLC, 게이트웨이) 기능검사(Factory Acceptance Test, FAT) 실시.",
            "id": "sample_001_0053_000077",
            "annotations": [
                {
                    "word": "PLC",
                    "start": 23,
                    "end": 26,
                    "label": "준식별자"
                }
            ]
        },
        {
            "sentence": "각 부품에 대해 제조사 제공 시험시나리오 항목 100% 수행.",
            "id": "sample_001_0053_000078",
            "annotations": [
                {
                    "word": "100",
                    "start": 26,
                    "end": 29,
                    "label": "개인정보"
                }
            ]
        },
        {
            "sentence": "시험 결과는 FAT 리포트에 기록..",
            "id": "sample_001_0053_000079",
            "annotations": []
        },
        {
            "sentence": "설비 정지 상태에서 전기적 점검(절연저항 측정, 접지저항 측정, 전압/주파수 안정성 확인)",
            "id": "sample_001_0053_000080",
            "annotations": []
        },
        {
            "sentence": "무부하 가동(저속) 8시간 연속 운전: 진동/온도/압력 로그 확인",
            "id": "sample_001_0053_000081",
            "annotations": []
        },
        {
            "sentence": "부분하중 가동(50% 부하) 4시간: 제품 샘플링 30개 채취 및 치수/무결성 검사",
            "id": "sample_001_0053_000082",
            "annotations": []
        },
        {
            "sentence": "정격하중 가동(100% 부하) 8시간: 불량률 측정 및 안정성 검증",
            "id": "sample_001_0053_000083",
            "annotations": [
                {
                    "word": "100",
                    "start": 8,
                    "end": 11,
                    "label": "개인정보"
                }
            ]
        },
        {
            "sentence": "장시간 신뢰성 테스트(시뮬레이션 모드 포함): 72시간 연속 운전 후 열화 징후 및 오작동 기록 확인",
            "id": "sample_001_0053_000084",
            "annotations": [
                {
                    "word": "72시간",
                    "start": 26,
                    "end": 30,
                    "label": "준식별자"
                }
            ]
        },
        {
            "sentence": "시운전 기간 내 95% 이상",
            "id": "sample_001_0053_000085",
            "annotations": []
        },
        {
            "sentence": "시운전 샘플 기준 ≤1.0%",
            "id": "sample_001_0053_000086",
            "annotations": []
        },
        {
            "sentence": "센서 데이터 99% 이상 수집",
            "id": "sample_001_0053_000087",
            "annotations": []
        },
        {
            "sentence": "Precision ≥ 0.80, Recall ≥ 0.90, F1 ≥ 0.85",
            "id": "sample_001_0053_000088",
            "annotations": []
        },
        {
            "sentence": "PLC-EtherCAT 패킷 손실률 ≤0.1%",
            "id": "sample_001_0053_000089",
            "annotations": [
                {
                    "word": "PLC",
                    "start": 0,
                    "end": 3,
                    "label": "준식별자"
                }
            ]
        },
        {
            "sentence": "시험 일시, 시험자(성명·사번), 테스트 항목, 설정값, 측정값, 영상/사진(파일명), 이상 발생 시 로그 스냅샷, 조치내용, 서명",
            "id": "sample_001_0053_000090",
            "annotations": [
                {
                    "word": "사번",
                    "start": 14,
                    "end": 16,
                    "label": "기밀정보"
                }
            ]
        },
        {
            "sentence": "기계적 정밀도(치수 허용오차 ±0.05mm 내 외)",
            "id": "sample_001_0053_000091",
            "annotations": []
        },
        {
            "sentence": "압력 안정성(±0.1 MPa 이내)",
            "id": "sample_001_0053_000092",
            "annotations": []
        },
        {
            "sentence": "진동 레벨(정상 운전 시 1.2 g RMS 이하)",
            "id": "sample_001_0053_000093",
            "annotations": []
        },
        {
            "sentence": "온도 상승(정격부하 8시간 후 베어링 온도 상승 ≤15°C)",
            "id": "sample_001_0053_000094",
            "annotations": []
        },
        {
            "sentence": "전기적 간섭(EMC) 시험(기준 EN 61000-6 준수)",
            "id": "sample_001_0053_000095",
            "annotations": [
                {
                    "word": "610",
                    "start": 21,
                    "end": 24,
                    "label": "개인정보"
                }
            ]
        },
        {
            "sentence": "정밀 계측기(3D 측정기, 고정밀 온도계, FFT 분석기 등)를 사용하여 표준화된 검사 지침에 따라 수행.",
            "id": "sample_001_0053_000096",
            "annotations": []
        },
        {
            "sentence": "결과는 QC 보고서로 정리하여 관리부에 제출..",
            "id": "sample_001_0053_000097",
            "annotations": [
                {
                    "word": "관리부",
                    "start": 17,
                    "end": 20,
                    "label": "준식별자"
                }
            ]
        },
        {
            "sentence": "KRW 52,400,000",
            "id": "sample_001_0053_000098",
            "annotations": []
        },
        {
            "sentence": "PLC 교체 및 모듈",
            "id": "sample_001_0053_000099",
            "annotations": [
                {
                    "word": "PLC",
                    "start": 0,
                    "end": 3,
                    "label": "준식별자"
                }
            ]
        },
        {
            "sentence": "KRW 12,800,000",
            "id": "sample_001_0053_000100",
            "annotations": []
        },
        {
            "sentence": "PLC-X500 본체, EtherCAT 모듈, 설치비 포함",
            "id": "sample_001_0053_000101",
            "annotations": [
                {
                    "word": "PLC",
                    "start": 0,
                    "end": 3,
                    "label": "준식별자"
                }
            ]
        },
        {
            "sentence": "센서(진동·온도·압력) 일괄 구입",
            "id": "sample_001_0053_000102",
            "annotations": []
        },
        {
            "sentence": "KRW 6,300,000",
            "id": "sample_001_0053_000103",
            "annotations": [
                {
                    "word": "300",
                    "start": 6,
                    "end": 9,
                    "label": "개인정보"
                }
            ]
        },
        {
            "sentence": "진동 센서 4개, 온도센서 6개, 압력센서 2개",
            "id": "sample_001_0053_000104",
            "annotations": []
        },
        {
            "sentence": "제어반 전원필터 및 서지보호 설치",
            "id": "sample_001_0053_000105",
            "annotations": []
        },
        {
            "sentence": "KRW 2,200,000",
            "id": "sample_001_0053_000106",
            "annotations": [
                {
                    "word": "200",
                    "start": 6,
                    "end": 9,
                    "label": "개인정보"
                }
            ]
        },
        {
            "sentence": "윤활 자동화 장치(LubriAuto G2)",
            "id": "sample_001_0053_000107",
            "annotations": []
        },
        {
            "sentence": "KRW 3,000,000",
            "id": "sample_001_0053_000108",
            "annotations": []
        },
        {
            "sentence": "UPS 및 통신게이트웨이",
            "id": "sample_001_0053_000109",
            "annotations": []
        },
        {
            "sentence": "KRW 4,500,000",
            "id": "sample_001_0053_000110",
            "annotations": []
        },
        {
            "sentence": "SW 개발 및 AI 모델 재학습(인건비 포함)",
            "id": "sample_001_0053_000111",
            "annotations": [
                {
                    "word": "AI 모델",
                    "start": 8,
                    "end": 13,
                    "label": "준식별자"
                }
            ]
        },
        {
            "sentence": "KRW 11,000,000",
            "id": "sample_001_0053_000112",
            "annotations": []
        },
        {
            "sentence": "모델 재학습, 데이터정합성 모듈 개발, 알람정책 보강",
            "id": "sample_001_0053_000113",
            "annotations": []
        },
        {
            "sentence": "현장시공 및 출장비",
            "id": "sample_001_0053_000114",
            "annotations": []
        },
        {
            "sentence": "KRW 2,600,000",
            "id": "sample_001_0053_000115",
            "annotations": []
        },
        {
            "sentence": "예비비(불확실성 대비 10%)",
            "id": "sample_001_0053_000116",
            "annotations": [
                {
                    "word": "예비비",
                    "start": 0,
                    "end": 3,
                    "label": "기밀정보"
                }
            ]
        },
        {
            "sentence": "KRW 4,000,000",
            "id": "sample_001_0053_000117",
            "annotations": []
        },
        {
            "sentence": "평균 월 가동률 개선으로 인한 생산량 증가 및 불량률 감소를 통해 월 매출 증대 효과 발생.",
            "id": "sample_001_0053_000118",
            "annotations": []
        },
        {
            "sentence": "대상설비의 평균 생산 이익률 18%, 교체로 인한 연간 가동시간 증가에 따른 추가 제품생산과 불량 감소 효과 반영..",
            "id": "sample_001_0053_000119",
            "annotations": [
                {
                    "word": "8%",
                    "start": 17,
                    "end": 19,
                    "label": "기밀정보"
                }
            ]
        },
        {
            "sentence": "KRW 18,000,000/년 (불량률 3.8% → 1.0% 가정)",
            "id": "sample_001_0053_000120",
            "annotations": [
                {
                    "word": "KRW 18,000,000",
                    "start": 0,
                    "end": 14,
                    "label": "기밀정보"
                },
                {
                    "word": "8%",
                    "start": 24,
                    "end": 26,
                    "label": "기밀정보"
                }
            ]
        },
        {
            "sentence": "KRW 26,000,000/년 (가동률 개선분 산정)",
            "id": "sample_001_0053_000121",
            "annotations": []
        },
        {
            "sentence": "KRW 44,000,000/년",
            "id": "sample_001_0053_000122",
            "annotations": []
        },
        {
            "sentence": "약 1.2년(총투자 52.4M / 연효익 44M 기반)",
            "id": "sample_001_0053_000123",
            "annotations": []
        },
        {
            "sentence": "부품 공급 지연(특히 센서/PLC 모듈)",
            "id": "sample_001_0053_000124",
            "annotations": [
                {
                    "word": "PLC",
                    "start": 15,
                    "end": 18,
                    "label": "준식별자"
                }
            ]
        },
        {
            "sentence": "공사 일정 지연, 비용 상승",
            "id": "sample_001_0053_000125",
            "annotations": []
        },
        {
            "sentence": "국내 예비 공급사 2곳 확보(S-IOT Co., Ltd., SensePro Inc.), 대체부품 사양표 준비, 우선 발주 및 선적 추적",
            "id": "sample_001_0053_000126",
            "annotations": []
        },
        {
            "sentence": "AI 모델 예측 정확도 미달성",
            "id": "sample_001_0053_000127",
            "annotations": [
                {
                    "word": "AI 모델",
                    "start": 0,
                    "end": 5,
                    "label": "준식별자"
                }
            ]
        },
        {
            "sentence": "예측유지보수 신뢰도 저하",
            "id": "sample_001_0053_000128",
            "annotations": []
        },
        {
            "sentence": "추가 데이터 수집 기간 연장, 모델 앙상블 적용, 휴리스틱 규칙 기반 임시 알람 유지",
            "id": "sample_001_0053_000129",
            "annotations": []
        },
        {
            "sentence": "현장 작업 중 안전사고",
            "id": "sample_001_0053_000130",
            "annotations": []
        },
        {
            "sentence": "작업 중단 및 인명 사고",
            "id": "sample_001_0053_000131",
            "annotations": []
        },
        {
            "sentence": "작업 전 안전교육 의무화, 작업구역 출입 통제, 비상정지 매뉴얼 및 응급구조 대비(응급키트, 응급연락망 명시)",
            "id": "sample_001_0053_000132",
            "annotations": []
        },
        {
            "sentence": "예비조사 및 상세설계",
            "id": "sample_001_0053_000133",
            "annotations": []
        },
        {
            "sentence": "현장 기존 설비 도면(전기·기계) 확인, 노후 부품 목록 확정, 개선설계안(기계·전기·SW) 작성, 안전영향평가 수행",
            "id": "sample_001_0053_000134",
            "annotations": []
        },
        {
            "sentence": "부품 발주 및 FAT",
            "id": "sample_001_0053_000135",
            "annotations": []
        },
        {
            "sentence": "부품 발주, 입고 시 검사, 제조사 FAT 수행(필요 시 제조사 출장 FAT), 시리얼관리 및 자산등록",
            "id": "sample_001_0053_000136",
            "annotations": []
        },
        {
            "sentence": "현장 교체 공사",
            "id": "sample_001_0053_000137",
            "annotations": []
        },
        {
            "sentence": "정전 계획 수립(생산부와 협의), PLC 및 센서 탈착·장착, 배선 정리 및 라벨링, 접지 및 전원설비 보강, UPS 및 게이트웨이 설치",
            "id": "sample_001_0053_000138",
            "annotations": [
                {
                    "word": "생산부",
                    "start": 9,
                    "end": 12,
                    "label": "준식별자"
                },
                {
                    "word": "PLC",
                    "start": 19,
                    "end": 22,
                    "label": "준식별자"
                }
            ]
        },
        {
            "sentence": "시운전 및 튜닝",
            "id": "sample_001_0053_000139",
            "annotations": []
        },
        {
            "sentence": "무부하→부분하중→정격하중 단계별 시운전, PID/모션 프로파일 튜닝, 윤활 시스템 검증, 데이터 수집 안정성 확인",
            "id": "sample_001_0053_000140",
            "annotations": []
        },
        {
            "sentence": "성능검증 및 인수",
            "id": "sample_001_0053_000141",
            "annotations": []
        },
        {
            "sentence": "QC 검사 및 생산부 생산 샘플 검사, AI 모델 성능 평가, 고객(내부 생산부) 인수 테스트 및 교육, 완료보고서 제출",
            "id": "sample_001_0053_000142",
            "annotations": [
                {
                    "word": "생산부",
                    "start": 8,
                    "end": 11,
                    "label": "준식별자"
                },
                {
                    "word": "AI 모델",
                    "start": 22,
                    "end": 27,
                    "label": "준식별자"
                },
                {
                    "word": "생산부",
                    "start": 41,
                    "end": 44,
                    "label": "준식별자"
                }
            ]
        },
        {
            "sentence": "작업 전 위험성평가(JSA) 실시, 절연장갑·보호안경 등 개인보호구 지급, 장비 격리(LOTO) 시행",
            "id": "sample_001_0053_000143",
            "annotations": []
        },
        {
            "sentence": "응급연락망(현장 보건 담당자 010-5555-1001, 시설관리 010-5555-1002), 현장 응급키트 비치, 인접 설비 차단 절차",
            "id": "sample_001_0053_000144",
            "annotations": [
                {
                    "word": "010-5555-1001",
                    "start": 16,
                    "end": 29,
                    "label": "개인정보"
                },
                {
                    "word": "010-5555-1002",
                    "start": 36,
                    "end": 49,
                    "label": "개인정보"
                }
            ]
        },
        {
            "sentence": "전 작업자 대상 안전교육(2시간), 비상시 대피경로 및 응급처치 매뉴얼 배포",
            "id": "sample_001_0053_000145",
            "annotations": [
                {
                    "word": "작업자",
                    "start": 2,
                    "end": 5,
                    "label": "준식별자"
                }
            ]
        },
        {
            "sentence": "PLC-X500 본체",
            "id": "sample_001_0053_000146",
            "annotations": [
                {
                    "word": "PLC",
                    "start": 0,
                    "end": 3,
                    "label": "준식별자"
                }
            ]
        },
        {
            "sentence": "CPU 4코어, EtherCAT 지원",
            "id": "sample_001_0053_000147",
            "annotations": []
        },
        {
            "sentence": "KRW 7,000,000",
            "id": "sample_001_0053_000148",
            "annotations": []
        },
        {
            "sentence": "S-IOT Co., Ltd..",
            "id": "sample_001_0053_000149",
            "annotations": []
        },
        {
            "sentence": "02-555-1101",
            "id": "sample_001_0053_000150",
            "annotations": [
                {
                    "word": "1101",
                    "start": 7,
                    "end": 11,
                    "label": "기밀정보"
                }
            ]
        },
        {
            "sentence": "전우진",
            "id": "sample_001_0053_000151",
            "annotations": [
                {
                    "word": "전우진",
                    "start": 0,
                    "end": 3,
                    "label": "준식별자"
                }
            ]
        },
        {
            "sentence": "진동센서 VS-2000",
            "id": "sample_001_0053_000152",
            "annotations": [
                {
                    "word": "2000",
                    "start": 8,
                    "end": 12,
                    "label": "기밀정보"
                }
            ]
        },
        {
            "sentence": "±16g, 샘플링 4kHz, 방수 등급 IP67",
            "id": "sample_001_0053_000153",
            "annotations": []
        },
        {
            "sentence": "KRW 800,000",
            "id": "sample_001_0053_000154",
            "annotations": []
        },
        {
            "sentence": "SensePro Inc..",
            "id": "sample_001_0053_000155",
            "annotations": []
        },
        {
            "sentence": "031-999-2202",
            "id": "sample_001_0053_000156",
            "annotations": [
                {
                    "word": "220",
                    "start": 8,
                    "end": 11,
                    "label": "개인정보"
                }
            ]
        },
        {
            "sentence": "김영철",
            "id": "sample_001_0053_000157",
            "annotations": [
                {
                    "word": "김영철",
                    "start": 0,
                    "end": 3,
                    "label": "준식별자"
                }
            ]
        },
        {
            "sentence": "UPS 1500VA",
            "id": "sample_001_0053_000158",
            "annotations": []
        },
        {
            "sentence": "출력 1500VA/900W",
            "id": "sample_001_0053_000159",
            "annotations": []
        },
        {
            "sentence": "KRW 2,500,000",
            "id": "sample_001_0053_000160",
            "annotations": []
        },
        {
            "sentence": "PowerSecure",
            "id": "sample_001_0053_000161",
            "annotations": []
        },
        {
            "sentence": "070-444-3303",
            "id": "sample_001_0053_000162",
            "annotations": [
                {
                    "word": "330",
                    "start": 8,
                    "end": 11,
                    "label": "개인정보"
                }
            ]
        },
        {
            "sentence": "이은주",
            "id": "sample_001_0053_000163",
            "annotations": [
                {
                    "word": "이은주",
                    "start": 0,
                    "end": 3,
                    "label": "준식별자"
                }
            ]
        },
        {
            "sentence": "SW 변경사항은 Git에 커밋 및 태그 기록.",
            "id": "sample_001_0053_000164",
            "annotations": []
        },
        {
            "sentence": "PLC 로직 변경은 버전별 백업(차등 백업)으로 보관..",
            "id": "sample_001_0053_000165",
            "annotations": [
                {
                    "word": "PLC",
                    "start": 0,
                    "end": 3,
                    "label": "준식별자"
                }
            ]
        },
        {
            "sentence": "설계도면(전기·기계) CAD 파일, 설치 사진, FAT 리포트, 시운전 로그, QC 보고서, AI 학습/검증 리포트 포함.",
            "id": "sample_001_0053_000166",
            "annotations": []
        },
        {
            "sentence": "모든 문서는 한빛 데이터 솔루션의 문서관리시스템(DMS)에 업로드..",
            "id": "sample_001_0053_000167",
            "annotations": [
                {
                    "word": "한빛 데이터 솔루션",
                    "start": 7,
                    "end": 17,
                    "label": "기밀정보"
                }
            ]
        },
        {
            "sentence": "생산부 운영자 6명, 기술부 유지보수 담당 3명, 관리부 담당자 1명",
            "id": "sample_001_0053_000168",
            "annotations": [
                {
                    "word": "생산부",
                    "start": 0,
                    "end": 3,
                    "label": "준식별자"
                },
                {
                    "word": "기술부",
                    "start": 12,
                    "end": 15,
                    "label": "준식별자"
                },
                {
                    "word": "관리부",
                    "start": 28,
                    "end": 31,
                    "label": "준식별자"
                }
            ]
        },
        {
            "sentence": "설비 변경사항 및 주요 제어 포인트 설명",
            "id": "sample_001_0053_000169",
            "annotations": []
        },
        {
            "sentence": "긴급정지 및 장애 발생 시 초기 대응 절차",
            "id": "sample_001_0053_000170",
            "annotations": []
        },
        {
            "sentence": "데이터 모니터링 대시보드 사용법",
            "id": "sample_001_0053_000171",
            "annotations": []
        },
        {
            "sentence": "예측알고리즘의 알람 해석 및 1차 조치",
            "id": "sample_001_0053_000172",
            "annotations": []
        },
        {
            "sentence": "2025-11-21 09:30 ~ 12:30",
            "id": "sample_001_0053_000173",
            "annotations": [
                {
                    "word": "202",
                    "start": 0,
                    "end": 3,
                    "label": "준식별자"
                }
            ]
        },
        {
            "sentence": "운영매뉴얼(PDF), quick-reference card(현장 고정), 교육 동영상(사내 LMS)",
            "id": "sample_001_0053_000174",
            "annotations": []
        },
        {
            "sentence": "설치 후 12개월 무상보증 및 유지보수 계약(월 1회 정기점검, 원격모니터링 포함).",
            "id": "sample_001_0053_000175",
            "annotations": []
        },
        {
            "sentence": "연장 옵션: 예측 유지보수 패키지(월별 성능 리포트 포함)..",
            "id": "sample_001_0053_000176",
            "annotations": []
        },
        {
            "sentence": "센서 캘리브레이션(분기별)",
            "id": "sample_001_0053_000177",
            "annotations": []
        },
        {
            "sentence": "윤활 상태 점검(월별)",
            "id": "sample_001_0053_000178",
            "annotations": []
        },
        {
            "sentence": "PLC 로그 및 통신상태 확인(주간)",
            "id": "sample_001_0053_000179",
            "annotations": [
                {
                    "word": "PLC 로그",
                    "start": 0,
                    "end": 6,
                    "label": "기밀정보"
                }
            ]
        },
        {
            "sentence": "AI 모델 예측 로그 검토(월별)",
            "id": "sample_001_0053_000180",
            "annotations": [
                {
                    "word": "AI 모델",
                    "start": 0,
                    "end": 5,
                    "label": "준식별자"
                }
            ]
        },
        {
            "sentence": "HB-TECH-2024-045 (현장점검보고서 2024-12-02)",
            "id": "sample_001_0053_000181",
            "annotations": [
                {
                    "word": "202",
                    "start": 8,
                    "end": 11,
                    "label": "준식별자"
                },
                {
                    "word": "202",
                    "start": 26,
                    "end": 29,
                    "label": "준식별자"
                }
            ]
        },
        {
            "sentence": "HB-AI-2024-011 (AI 모델 성능보고서 2024-11-20)",
            "id": "sample_001_0053_000182",
            "annotations": [
                {
                    "word": "202",
                    "start": 6,
                    "end": 9,
                    "label": "준식별자"
                },
                {
                    "word": "AI 모델",
                    "start": 16,
                    "end": 21,
                    "label": "준식별자"
                },
                {
                    "word": "202",
                    "start": 28,
                    "end": 31,
                    "label": "준식별자"
                }
            ]
        },
        {
            "sentence": "첨부1_EQ-HS-PRD-200_도면_전기_2025-09.pdf",
            "id": "sample_001_0053_000183",
            "annotations": [
                {
                    "word": "200",
                    "start": 14,
                    "end": 17,
                    "label": "개인정보"
                },
                {
                    "word": "202",
                    "start": 24,
                    "end": 27,
                    "label": "준식별자"
                }
            ]
        },
        {
            "sentence": "첨부2_FAT_체크리스트_TEMPLATE.xlsx",
            "id": "sample_001_0053_000184",
            "annotations": []
        },
        {
            "sentence": "첨부3_AI_학습_파라미터_요약.csv",
            "id": "sample_001_0053_000185",
            "annotations": []
        },
        {
            "sentence": "첨부4_현장_사진_2025-09_폴더.zip",
            "id": "sample_001_0053_000186",
            "annotations": [
                {
                    "word": "202",
                    "start": 10,
                    "end": 13,
                    "label": "준식별자"
                }
            ]
        },
        {
            "sentence": "작성자",
            "id": "sample_001_0053_000187",
            "annotations": []
        },
        {
            "sentence": "이재호",
            "id": "sample_001_0053_000188",
            "annotations": [
                {
                    "word": "이재호",
                    "start": 0,
                    "end": 3,
                    "label": "개인정보"
                }
            ]
        },
        {
            "sentence": "검토자",
            "id": "sample_001_0053_000189",
            "annotations": []
        },
        {
            "sentence": "김서연",
            "id": "sample_001_0053_000190",
            "annotations": [
                {
                    "word": "김서연",
                    "start": 0,
                    "end": 3,
                    "label": "개인정보"
                }
            ]
        },
        {
            "sentence": "기술부장",
            "id": "sample_001_0053_000191",
            "annotations": [
                {
                    "word": "기술부장",
                    "start": 0,
                    "end": 4,
                    "label": "준식별자"
                }
            ]
        },
        {
            "sentence": "박민수",
            "id": "sample_001_0053_000192",
            "annotations": [
                {
                    "word": "박민수",
                    "start": 0,
                    "end": 3,
                    "label": "개인정보"
                }
            ]
        },
        {
            "sentence": "대표이사",
            "id": "sample_001_0053_000193",
            "annotations": [
                {
                    "word": "대표이사",
                    "start": 0,
                    "end": 4,
                    "label": "준식별자"
                }
            ]
        },
        {
            "sentence": "최현우",
            "id": "sample_001_0053_000194",
            "annotations": [
                {
                    "word": "최현우",
                    "start": 0,
                    "end": 3,
                    "label": "개인정보"
                }
            ]
        },
        {
            "sentence": "본 개선안은 생산부와의 협업을 전제로 하며, 현장 정전(시공) 일정은 생산 스케줄을 고려하여 조정될 수 있음.",
            "id": "sample_001_0053_000195",
            "annotations": [
                {
                    "word": "생산부",
                    "start": 7,
                    "end": 10,
                    "label": "준식별자"
                }
            ]
        },
        {
            "sentence": "모든 작업은 사전 안전점검 및 생산부와 합의된 가동중단 시간에 한해 진행..",
            "id": "sample_001_0053_000196",
            "annotations": [
                {
                    "word": "생산부",
                    "start": 17,
                    "end": 20,
                    "label": "준식별자"
                }
            ]
        }
    ]
}