{
    "document_id": "001_0117",
    "document_title": "0117",
    "data": [
        {
            "sentence": "HB-PRD-2025-0007",
            "id": "sample_001_0117_000001",
            "annotations": [
                {
                    "word": "HB-PRD-2025-0007",
                    "start": 0,
                    "end": 16,
                    "label": "일반정보"
                },
                {
                    "word": "2025-000",
                    "start": 7,
                    "end": 15,
                    "label": "기밀정보"
                }
            ]
        },
        {
            "sentence": "설비 개선/업그레이드 보고서",
            "id": "sample_001_0117_000002",
            "annotations": []
        },
        {
            "sentence": "생산부",
            "id": "sample_001_0117_000003",
            "annotations": [
                {
                    "word": "생산부",
                    "start": 0,
                    "end": 3,
                    "label": "준식별자"
                }
            ]
        },
        {
            "sentence": "설비개선_라인A_서보교체및제어최적화_보고서_v1.0",
            "id": "sample_001_0117_000004",
            "annotations": [
                {
                    "word": "라인A",
                    "start": 5,
                    "end": 8,
                    "label": "준식별자"
                }
            ]
        },
        {
            "sentence": "2025-09-10",
            "id": "sample_001_0117_000005",
            "annotations": [
                {
                    "word": "2025-09-10",
                    "start": 0,
                    "end": 10,
                    "label": "준식별자"
                }
            ]
        },
        {
            "sentence": "이준호",
            "id": "sample_001_0117_000006",
            "annotations": [
                {
                    "word": "이준호",
                    "start": 0,
                    "end": 3,
                    "label": "개인정보"
                }
            ]
        },
        {
            "sentence": "선임엔지니어",
            "id": "sample_001_0117_000007",
            "annotations": [
                {
                    "word": "선임엔지니어",
                    "start": 0,
                    "end": 6,
                    "label": "준식별자"
                }
            ]
        },
        {
            "sentence": "HB-ENG-201",
            "id": "sample_001_0117_000008",
            "annotations": [
                {
                    "word": "HB-ENG-201",
                    "start": 0,
                    "end": 10,
                    "label": "개인정보"
                }
            ]
        },
        {
            "sentence": "010-1234-5678",
            "id": "sample_001_0117_000009",
            "annotations": [
                {
                    "word": "010-1234-5678",
                    "start": 0,
                    "end": 13,
                    "label": "개인정보"
                }
            ]
        },
        {
            "sentence": "junho.lee@hanbitsol.com",
            "id": "sample_001_0117_000010",
            "annotations": [
                {
                    "word": "junho.lee@hanbitsol.com",
                    "start": 0,
                    "end": 23,
                    "label": "개인정보"
                }
            ]
        },
        {
            "sentence": "214",
            "id": "sample_001_0117_000011",
            "annotations": [
                {
                    "word": "214",
                    "start": 0,
                    "end": 3,
                    "label": "개인정보"
                }
            ]
        },
        {
            "sentence": "박성희",
            "id": "sample_001_0117_000012",
            "annotations": [
                {
                    "word": "박성희",
                    "start": 0,
                    "end": 3,
                    "label": "개인정보"
                }
            ]
        },
        {
            "sentence": "생산부장",
            "id": "sample_001_0117_000013",
            "annotations": [
                {
                    "word": "생산부장",
                    "start": 0,
                    "end": 4,
                    "label": "준식별자"
                }
            ]
        },
        {
            "sentence": "HB-MGR-045",
            "id": "sample_001_0117_000014",
            "annotations": [
                {
                    "word": "HB-MGR-045",
                    "start": 0,
                    "end": 10,
                    "label": "개인정보"
                }
            ]
        },
        {
            "sentence": "010-9876-5432",
            "id": "sample_001_0117_000015",
            "annotations": [
                {
                    "word": "010-9876-5432",
                    "start": 0,
                    "end": 13,
                    "label": "개인정보"
                }
            ]
        },
        {
            "sentence": "sunghui.park@hanbitsol.com",
            "id": "sample_001_0117_000016",
            "annotations": [
                {
                    "word": "sunghui.park@hanbitsol.com",
                    "start": 0,
                    "end": 26,
                    "label": "개인정보"
                }
            ]
        },
        {
            "sentence": "201",
            "id": "sample_001_0117_000017",
            "annotations": [
                {
                    "word": "201",
                    "start": 0,
                    "end": 3,
                    "label": "개인정보"
                }
            ]
        },
        {
            "sentence": "김유진",
            "id": "sample_001_0117_000018",
            "annotations": [
                {
                    "word": "김유진",
                    "start": 0,
                    "end": 3,
                    "label": "개인정보"
                }
            ]
        },
        {
            "sentence": "품질관리자",
            "id": "sample_001_0117_000019",
            "annotations": [
                {
                    "word": "품질관리자",
                    "start": 0,
                    "end": 5,
                    "label": "준식별자"
                }
            ]
        },
        {
            "sentence": "HB-QC-113",
            "id": "sample_001_0117_000020",
            "annotations": [
                {
                    "word": "HB-QC-113",
                    "start": 0,
                    "end": 9,
                    "label": "개인정보"
                }
            ]
        },
        {
            "sentence": "010-5555-1122",
            "id": "sample_001_0117_000021",
            "annotations": [
                {
                    "word": "010-5555-1122",
                    "start": 0,
                    "end": 13,
                    "label": "개인정보"
                }
            ]
        },
        {
            "sentence": "yujin.kim@hanbitsol.com",
            "id": "sample_001_0117_000022",
            "annotations": [
                {
                    "word": "yujin.kim@hanbitsol.com",
                    "start": 0,
                    "end": 23,
                    "label": "개인정보"
                }
            ]
        },
        {
            "sentence": "223",
            "id": "sample_001_0117_000023",
            "annotations": [
                {
                    "word": "223",
                    "start": 0,
                    "end": 3,
                    "label": "개인정보"
                }
            ]
        },
        {
            "sentence": "오민수",
            "id": "sample_001_0117_000024",
            "annotations": [
                {
                    "word": "오민수",
                    "start": 0,
                    "end": 3,
                    "label": "개인정보"
                }
            ]
        },
        {
            "sentence": "현장기술자",
            "id": "sample_001_0117_000025",
            "annotations": [
                {
                    "word": "현장기술자",
                    "start": 0,
                    "end": 5,
                    "label": "준식별자"
                }
            ]
        },
        {
            "sentence": "HB-TEC-089",
            "id": "sample_001_0117_000026",
            "annotations": [
                {
                    "word": "HB-TEC-089",
                    "start": 0,
                    "end": 10,
                    "label": "개인정보"
                }
            ]
        },
        {
            "sentence": "010-6666-3344",
            "id": "sample_001_0117_000027",
            "annotations": [
                {
                    "word": "010-6666-3344",
                    "start": 0,
                    "end": 13,
                    "label": "개인정보"
                }
            ]
        },
        {
            "sentence": "minsu.o@hanbitsol.com",
            "id": "sample_001_0117_000028",
            "annotations": [
                {
                    "word": "minsu.o@hanbitsol.com",
                    "start": 0,
                    "end": 21,
                    "label": "개인정보"
                }
            ]
        },
        {
            "sentence": "219",
            "id": "sample_001_0117_000029",
            "annotations": []
        },
        {
            "sentence": "㈜한빛솔루션 본사 생산실",
            "id": "sample_001_0117_000030",
            "annotations": [
                {
                    "word": "한빛솔루션 본사 생산실",
                    "start": 1,
                    "end": 13,
                    "label": "일반정보"
                },
                {
                    "word": "㈜한빛솔루션",
                    "start": 0,
                    "end": 6,
                    "label": "기밀정보"
                }
            ]
        },
        {
            "sentence": "경기도 성남시 분당구",
            "id": "sample_001_0117_000031",
            "annotations": [
                {
                    "word": "경기도 성남시 분당구",
                    "start": 0,
                    "end": 11,
                    "label": "준식별자"
                }
            ]
        },
        {
            "sentence": "라인 A (자동조립라인-05)",
            "id": "sample_001_0117_000032",
            "annotations": [
                {
                    "word": "라인 A",
                    "start": 0,
                    "end": 4,
                    "label": "기밀정보"
                }
            ]
        },
        {
            "sentence": "라인A - 설비번호 A-05 - 서보모듈구간",
            "id": "sample_001_0117_000033",
            "annotations": [
                {
                    "word": "라인A",
                    "start": 0,
                    "end": 3,
                    "label": "준식별자"
                }
            ]
        },
        {
            "sentence": "본 보고서는 라인 A에 설치된 서보모듈(제어기 및 드라이브)의 노후화와 제어 신뢰성 문제를 해결하기 위한 설비 개선 및 소프트웨어 제어 최적화 프로젝트의 계획, 실행, 시험 결과 및 기대효과를 종합하여 보고하는 문서이다.",
            "id": "sample_001_0117_000034",
            "annotations": [
                {
                    "word": "라인 A",
                    "start": 7,
                    "end": 11,
                    "label": "기밀정보"
                }
            ]
        },
        {
            "sentence": "개선 범위는 서보 모터 및 드라이브 교체, 제어 알고리즘 파라미터 재튜닝, 전원·배선 개선, 진동·열 해석에 의한 물리적 고정구 강화, 안전장치(Safety PLC) 연동 개선, HMI 화면 업데이트 및 로그 수집·분석 체계 강화 등이다..",
            "id": "sample_001_0117_000035",
            "annotations": [
                {
                    "word": "PLC",
                    "start": 88,
                    "end": 91,
                    "label": "준식별자"
                }
            ]
        },
        {
            "sentence": "2024년 4분기 이후 라인 A에서 빈번한 공정 정지(평균 2.3회/주) 및 불량률 증가(라인 평균 불량률 2.7% → 4.1%)가 관측되었다.",
            "id": "sample_001_0117_000036",
            "annotations": [
                {
                    "word": "202",
                    "start": 0,
                    "end": 3,
                    "label": "준식별자"
                },
                {
                    "word": "라인 A",
                    "start": 13,
                    "end": 17,
                    "label": "기밀정보"
                }
            ]
        },
        {
            "sentence": "원인 분석 결과 핵심은 노후 서보 드라이브의 재현성 저하와 제어 루프의 파라미터 Drift로 판명되었으며, 특히 고속 가감속 사이클에서 서보 응답 지연으로 인한 위치 오차 누적이 주요 원인으로 확인되었다..",
            "id": "sample_001_0117_000037",
            "annotations": []
        },
        {
            "sentence": "서보 드라이브 내부 온도 상승으로 인한 성능 저하(평균 운전 온도 78°C, 권장 상한 60°C 초과)",
            "id": "sample_001_0117_000038",
            "annotations": []
        },
        {
            "sentence": "모터 피드백(ENC) 노이즈 증가 및 에러 재발(간헐적 위치오차 코드 E-45 재현)",
            "id": "sample_001_0117_000039",
            "annotations": []
        },
        {
            "sentence": "전원 라인 노이즈 및 접지 불량으로 인한 필드버스 통신 에러",
            "id": "sample_001_0117_000040",
            "annotations": []
        },
        {
            "sentence": "기계적 진동으로 인한 커플링 부위 마모 가속",
            "id": "sample_001_0117_000041",
            "annotations": []
        },
        {
            "sentence": "기존 제어 PID 파라미터가 고속 동작 조건에서 최적화되어 있지 않음",
            "id": "sample_001_0117_000042",
            "annotations": []
        },
        {
            "sentence": "생산성 향상(가동률 향상), 불량률 저감, 장비 안정성 확보, 유지보수 비용 저감(연간 평균 장비다운타임 비용 감소 목적)",
            "id": "sample_001_0117_000043",
            "annotations": []
        },
        {
            "sentence": "서보 드라이브 및 모터의 표준 신품 교체로 장비의 초기 성능 회복",
            "id": "sample_001_0117_000044",
            "annotations": []
        },
        {
            "sentence": "제어 알고리즘(모션 프로파일) 최적화를 통해 위치정밀도 ±0.05mm 확보",
            "id": "sample_001_0117_000045",
            "annotations": []
        },
        {
            "sentence": "전자적(전원·통신) 안정성 확보로 간헐적 통신오류 제거",
            "id": "sample_001_0117_000046",
            "annotations": []
        },
        {
            "sentence": "운전 로그·센서 데이터 수집강화로 예측유지보수(PI-Maintenance) 연계",
            "id": "sample_001_0117_000047",
            "annotations": []
        },
        {
            "sentence": "안전성 강화 및 현장 작업자의 유지보수 편의성 개선",
            "id": "sample_001_0117_000048",
            "annotations": [
                {
                    "word": "작업자",
                    "start": 12,
                    "end": 15,
                    "label": "준식별자"
                }
            ]
        },
        {
            "sentence": "라인 A - 설비번호 A-05 서보모듈 전량(주축 1대, 보조 2대) 교체",
            "id": "sample_001_0117_000049",
            "annotations": [
                {
                    "word": "라인 A",
                    "start": 0,
                    "end": 4,
                    "label": "기밀정보"
                }
            ]
        },
        {
            "sentence": "서보 드라이브 교체에 따른 전원, 접지, 케이블 정비",
            "id": "sample_001_0117_000050",
            "annotations": []
        },
        {
            "sentence": "PLC-Firmware 및 HMI Update(버전 3.2 → 4.0)",
            "id": "sample_001_0117_000051",
            "annotations": [
                {
                    "word": "PLC",
                    "start": 0,
                    "end": 3,
                    "label": "준식별자"
                }
            ]
        },
        {
            "sentence": "제어 파라미터 재설정 및 시운전 검증",
            "id": "sample_001_0117_000052",
            "annotations": []
        },
        {
            "sentence": "성능테스트(부하별, 속도별 36개 케이스) 및 결과 보고서 작성",
            "id": "sample_001_0117_000053",
            "annotations": []
        },
        {
            "sentence": "라인 B 및 타설비 교체",
            "id": "sample_001_0117_000054",
            "annotations": [
                {
                    "word": "라인 B",
                    "start": 0,
                    "end": 4,
                    "label": "기밀정보"
                }
            ]
        },
        {
            "sentence": "기존 생산공정 자체의 변경(제품사양 변경 등)",
            "id": "sample_001_0117_000055",
            "annotations": []
        },
        {
            "sentence": "AcmeMotion Co..",
            "id": "sample_001_0117_000056",
            "annotations": [
                {
                    "word": "AcmeMotion Co.",
                    "start": 0,
                    "end": 14,
                    "label": "일반정보"
                }
            ]
        },
        {
            "sentence": "AM-SV-MK4-200",
            "id": "sample_001_0117_000057",
            "annotations": [
                {
                    "word": "AM-SV-MK4-200",
                    "start": 0,
                    "end": 13,
                    "label": "일반정보"
                },
                {
                    "word": "200",
                    "start": 10,
                    "end": 13,
                    "label": "개인정보"
                }
            ]
        },
        {
            "sentence": "AM-SV-DRV-4K",
            "id": "sample_001_0117_000058",
            "annotations": []
        },
        {
            "sentence": "200 Nm",
            "id": "sample_001_0117_000059",
            "annotations": [
                {
                    "word": "200",
                    "start": 0,
                    "end": 3,
                    "label": "개인정보"
                }
            ]
        },
        {
            "sentence": "600 Nm",
            "id": "sample_001_0117_000060",
            "annotations": []
        },
        {
            "sentence": "23-bit absolute encoder",
            "id": "sample_001_0117_000061",
            "annotations": []
        },
        {
            "sentence": "EtherCAT 지원",
            "id": "sample_001_0117_000062",
            "annotations": []
        },
        {
            "sentence": "IP65 (드라이브 내장 팬 타입 제외 시 IP54)",
            "id": "sample_001_0117_000063",
            "annotations": []
        },
        {
            "sentence": "-10°C ~ +55°C",
            "id": "sample_001_0117_000064",
            "annotations": []
        },
        {
            "sentence": "방열판+강제 공냉",
            "id": "sample_001_0117_000065",
            "annotations": []
        },
        {
            "sentence": "설치 후 24개월",
            "id": "sample_001_0117_000066",
            "annotations": [
                {
                    "word": "24개월",
                    "start": 5,
                    "end": 9,
                    "label": "기밀정보"
                }
            ]
        },
        {
            "sentence": "3-phase 380VAC ±10%",
            "id": "sample_001_0117_000067",
            "annotations": []
        },
        {
            "sentence": "고조파필터 및 소프트스타터 적용",
            "id": "sample_001_0117_000068",
            "annotations": []
        },
        {
            "sentence": "전용 접지봉 및 접지상태 측정 지침 포함",
            "id": "sample_001_0117_000069",
            "annotations": []
        },
        {
            "sentence": "S-curve 기반 jerk-limit 조정",
            "id": "sample_001_0117_000070",
            "annotations": []
        },
        {
            "sentence": "position / velocity / torque (선택가능)",
            "id": "sample_001_0117_000071",
            "annotations": []
        },
        {
            "sentence": "주요 파라미터 및 경보 1Hz 이상 주기로 중앙서버 업로드",
            "id": "sample_001_0117_000072",
            "annotations": []
        },
        {
            "sentence": "에러코드 표준화 및 상세메시지 제공",
            "id": "sample_001_0117_000073",
            "annotations": []
        },
        {
            "sentence": "기존 PLC(모델: HB-PLC-8000)와 EtherCAT 통신 매핑 검증",
            "id": "sample_001_0117_000074",
            "annotations": [
                {
                    "word": "PLC",
                    "start": 3,
                    "end": 6,
                    "label": "준식별자"
                },
                {
                    "word": "PLC",
                    "start": 14,
                    "end": 17,
                    "label": "준식별자"
                }
            ]
        },
        {
            "sentence": "안전 PLC(모델: HB-SAFE-300)와 STO 기능 통합 확인",
            "id": "sample_001_0117_000075",
            "annotations": [
                {
                    "word": "PLC",
                    "start": 3,
                    "end": 6,
                    "label": "준식별자"
                },
                {
                    "word": "300",
                    "start": 19,
                    "end": 22,
                    "label": "개인정보"
                }
            ]
        },
        {
            "sentence": "SCADA 및 데이터레이크(한빛 데이터 솔루션)로의 실시간 데이터 연동",
            "id": "sample_001_0117_000076",
            "annotations": [
                {
                    "word": "SCADA",
                    "start": 0,
                    "end": 5,
                    "label": "기밀정보"
                },
                {
                    "word": "한빛 데이터 솔루션",
                    "start": 15,
                    "end": 25,
                    "label": "기밀정보"
                }
            ]
        },
        {
            "sentence": "준비 및 계획",
            "id": "sample_001_0117_000077",
            "annotations": []
        },
        {
            "sentence": "2025-09-15",
            "id": "sample_001_0117_000078",
            "annotations": [
                {
                    "word": "2025-09-15",
                    "start": 0,
                    "end": 10,
                    "label": "준식별자"
                }
            ]
        },
        {
            "sentence": "2025-09-21",
            "id": "sample_001_0117_000079",
            "annotations": [
                {
                    "word": "202",
                    "start": 0,
                    "end": 3,
                    "label": "준식별자"
                }
            ]
        },
        {
            "sentence": "자재발주(신규 서보·드라이브·케이블·필터 등)",
            "id": "sample_001_0117_000080",
            "annotations": []
        },
        {
            "sentence": "현장 예비점검(전원, 접지, 구조물 안전성 진단)",
            "id": "sample_001_0117_000081",
            "annotations": []
        },
        {
            "sentence": "작업인원, 안전계획, 비상연락망 확정",
            "id": "sample_001_0117_000082",
            "annotations": []
        },
        {
            "sentence": "생산대체 계획(교체 작업 중 해당 라인 생산 중지 시간 공지)",
            "id": "sample_001_0117_000083",
            "annotations": []
        },
        {
            "sentence": "장비교체 및 전기공사",
            "id": "sample_001_0117_000084",
            "annotations": []
        },
        {
            "sentence": "2025-09-22",
            "id": "sample_001_0117_000085",
            "annotations": [
                {
                    "word": "202",
                    "start": 0,
                    "end": 3,
                    "label": "준식별자"
                }
            ]
        },
        {
            "sentence": "2025-09-24",
            "id": "sample_001_0117_000086",
            "annotations": [
                {
                    "word": "202",
                    "start": 0,
                    "end": 3,
                    "label": "준식별자"
                }
            ]
        },
        {
            "sentence": "기존 서보 모듈 분해 및 안전 보관",
            "id": "sample_001_0117_000087",
            "annotations": []
        },
        {
            "sentence": "신규 서보 모듈 장착 및 기계적 고정",
            "id": "sample_001_0117_000088",
            "annotations": []
        },
        {
            "sentence": "전원라인 정리 및 접지 강화 작업",
            "id": "sample_001_0117_000089",
            "annotations": []
        },
        {
            "sentence": "케이블 트레이 재정비 및 라벨링",
            "id": "sample_001_0117_000090",
            "annotations": []
        },
        {
            "sentence": "제어소프트웨어 업그레이드 및 파라미터 튜닝",
            "id": "sample_001_0117_000091",
            "annotations": []
        },
        {
            "sentence": "2025-09-25",
            "id": "sample_001_0117_000092",
            "annotations": [
                {
                    "word": "202",
                    "start": 0,
                    "end": 3,
                    "label": "준식별자"
                }
            ]
        },
        {
            "sentence": "2025-09-28",
            "id": "sample_001_0117_000093",
            "annotations": [
                {
                    "word": "202",
                    "start": 0,
                    "end": 3,
                    "label": "준식별자"
                }
            ]
        },
        {
            "sentence": "PLC-FW, HMI 업그레이드",
            "id": "sample_001_0117_000094",
            "annotations": [
                {
                    "word": "PLC",
                    "start": 0,
                    "end": 3,
                    "label": "준식별자"
                }
            ]
        },
        {
            "sentence": "서보 드라이브의 EtherCAT 매핑 및 IO정의",
            "id": "sample_001_0117_000095",
            "annotations": []
        },
        {
            "sentence": "모션 프로파일 튜닝(속도·가속도·jerk) 및 Closed-loop 게인 재설정",
            "id": "sample_001_0117_000096",
            "annotations": []
        },
        {
            "sentence": "제어알고리즘 안정성 시험",
            "id": "sample_001_0117_000097",
            "annotations": []
        },
        {
            "sentence": "시운전 및 성능검증",
            "id": "sample_001_0117_000098",
            "annotations": []
        },
        {
            "sentence": "2025-09-29",
            "id": "sample_001_0117_000099",
            "annotations": [
                {
                    "word": "202",
                    "start": 0,
                    "end": 3,
                    "label": "준식별자"
                }
            ]
        },
        {
            "sentence": "2025-10-01",
            "id": "sample_001_0117_000100",
            "annotations": [
                {
                    "word": "202",
                    "start": 0,
                    "end": 3,
                    "label": "준식별자"
                }
            ]
        },
        {
            "sentence": "부하별 성능테스트(총 36개 시나리오)",
            "id": "sample_001_0117_000101",
            "annotations": []
        },
        {
            "sentence": "품질검증(치수정밀도, 공정시간, 불량률 측정)",
            "id": "sample_001_0117_000102",
            "annotations": []
        },
        {
            "sentence": "장기연속운전 테스트(8시간 연속 가동)",
            "id": "sample_001_0117_000103",
            "annotations": []
        },
        {
            "sentence": "데이터 수집 및 분석",
            "id": "sample_001_0117_000104",
            "annotations": []
        },
        {
            "sentence": "최종보고 및 인수인계",
            "id": "sample_001_0117_000105",
            "annotations": []
        },
        {
            "sentence": "2025-10-02",
            "id": "sample_001_0117_000106",
            "annotations": [
                {
                    "word": "202",
                    "start": 0,
                    "end": 3,
                    "label": "준식별자"
                }
            ]
        },
        {
            "sentence": "2025-10-03",
            "id": "sample_001_0117_000107",
            "annotations": [
                {
                    "word": "202",
                    "start": 0,
                    "end": 3,
                    "label": "준식별자"
                }
            ]
        },
        {
            "sentence": "최종보고서 제출",
            "id": "sample_001_0117_000108",
            "annotations": []
        },
        {
            "sentence": "운영매뉴얼, 점검표 전달",
            "id": "sample_001_0117_000109",
            "annotations": []
        },
        {
            "sentence": "현장교육(운영자·유지보수 담당자) 실시",
            "id": "sample_001_0117_000110",
            "annotations": []
        },
        {
            "sentence": "자재 입고 완료",
            "id": "sample_001_0117_000111",
            "annotations": []
        },
        {
            "sentence": "2025-09-18",
            "id": "sample_001_0117_000112",
            "annotations": [
                {
                    "word": "202",
                    "start": 0,
                    "end": 3,
                    "label": "준식별자"
                }
            ]
        },
        {
            "sentence": "현장교체 완료",
            "id": "sample_001_0117_000113",
            "annotations": []
        },
        {
            "sentence": "2025-09-24",
            "id": "sample_001_0117_000114",
            "annotations": [
                {
                    "word": "202",
                    "start": 0,
                    "end": 3,
                    "label": "준식별자"
                }
            ]
        },
        {
            "sentence": "시운전 완료",
            "id": "sample_001_0117_000115",
            "annotations": []
        },
        {
            "sentence": "2025-10-01",
            "id": "sample_001_0117_000116",
            "annotations": [
                {
                    "word": "202",
                    "start": 0,
                    "end": 3,
                    "label": "준식별자"
                }
            ]
        },
        {
            "sentence": "최종인수 및 교육 완료",
            "id": "sample_001_0117_000117",
            "annotations": []
        },
        {
            "sentence": "2025-10-03",
            "id": "sample_001_0117_000118",
            "annotations": [
                {
                    "word": "202",
                    "start": 0,
                    "end": 3,
                    "label": "준식별자"
                }
            ]
        },
        {
            "sentence": "AM-SV-MK4-200 (Servo Motor)",
            "id": "sample_001_0117_000119",
            "annotations": [
                {
                    "word": "AM-SV-MK4-200",
                    "start": 0,
                    "end": 13,
                    "label": "일반정보"
                },
                {
                    "word": "200",
                    "start": 10,
                    "end": 13,
                    "label": "개인정보"
                }
            ]
        },
        {
            "sentence": "AcmeMotion Co.",
            "id": "sample_001_0117_000120",
            "annotations": [
                {
                    "word": "AcmeMotion Co.",
                    "start": 0,
                    "end": 14,
                    "label": "일반정보"
                }
            ]
        },
        {
            "sentence": "한국총판",
            "id": "sample_001_0117_000121",
            "annotations": []
        },
        {
            "sentence": "AM-SV-DRV-4K (Servo Drive)",
            "id": "sample_001_0117_000122",
            "annotations": []
        },
        {
            "sentence": "AcmeMotion Co.",
            "id": "sample_001_0117_000123",
            "annotations": [
                {
                    "word": "AcmeMotion Co.",
                    "start": 0,
                    "end": 14,
                    "label": "일반정보"
                }
            ]
        },
        {
            "sentence": "한국총판",
            "id": "sample_001_0117_000124",
            "annotations": []
        },
        {
            "sentence": "EtherCAT 케이블(10m)",
            "id": "sample_001_0117_000125",
            "annotations": []
        },
        {
            "sentence": "한빛케이블",
            "id": "sample_001_0117_000126",
            "annotations": []
        },
        {
            "sentence": "전원 필터 및 소프트스타터",
            "id": "sample_001_0117_000127",
            "annotations": []
        },
        {
            "sentence": "전원솔루션",
            "id": "sample_001_0117_000128",
            "annotations": []
        },
        {
            "sentence": "접지봉 및 접지자재",
            "id": "sample_001_0117_000129",
            "annotations": []
        },
        {
            "sentence": "안전설비",
            "id": "sample_001_0117_000130",
            "annotations": []
        },
        {
            "sentence": "구조물 보강용 플레이트 및 볼트(세트)",
            "id": "sample_001_0117_000131",
            "annotations": []
        },
        {
            "sentence": "기계부자재",
            "id": "sample_001_0117_000132",
            "annotations": []
        },
        {
            "sentence": "HMI 터치패널(10인치)",
            "id": "sample_001_0117_000133",
            "annotations": []
        },
        {
            "sentence": "한빛UI",
            "id": "sample_001_0117_000134",
            "annotations": []
        },
        {
            "sentence": "로그 수집 게이트웨이(HB-LOGG-01)",
            "id": "sample_001_0117_000135",
            "annotations": []
        },
        {
            "sentence": "한빛솔루션",
            "id": "sample_001_0117_000136",
            "annotations": []
        },
        {
            "sentence": "관리부_재무담당_김태훈",
            "id": "sample_001_0117_000137",
            "annotations": [
                {
                    "word": "관리부",
                    "start": 0,
                    "end": 3,
                    "label": "준식별자"
                },
                {
                    "word": "재무담당",
                    "start": 4,
                    "end": 8,
                    "label": "준식별자"
                },
                {
                    "word": "김태훈",
                    "start": 9,
                    "end": 12,
                    "label": "개인정보"
                }
            ]
        },
        {
            "sentence": "재무담당",
            "id": "sample_001_0117_000138",
            "annotations": [
                {
                    "word": "재무담당",
                    "start": 0,
                    "end": 4,
                    "label": "준식별자"
                }
            ]
        },
        {
            "sentence": "HB-FIN-012",
            "id": "sample_001_0117_000139",
            "annotations": []
        },
        {
            "sentence": "010-7777-8899",
            "id": "sample_001_0117_000140",
            "annotations": [
                {
                    "word": "010-7777-8899",
                    "start": 0,
                    "end": 13,
                    "label": "개인정보"
                }
            ]
        },
        {
            "sentence": "taehoon.kim@hanbitsol.com",
            "id": "sample_001_0117_000141",
            "annotations": [
                {
                    "word": "taehoon.kim@hanbitsol.com",
                    "start": 0,
                    "end": 25,
                    "label": "개인정보"
                }
            ]
        },
        {
            "sentence": "프로젝트 리드",
            "id": "sample_001_0117_000142",
            "annotations": []
        },
        {
            "sentence": "이준호",
            "id": "sample_001_0117_000143",
            "annotations": [
                {
                    "word": "이준호",
                    "start": 0,
                    "end": 3,
                    "label": "개인정보"
                }
            ]
        },
        {
            "sentence": "선임엔지니어",
            "id": "sample_001_0117_000144",
            "annotations": [
                {
                    "word": "선임엔지니어",
                    "start": 0,
                    "end": 6,
                    "label": "준식별자"
                }
            ]
        },
        {
            "sentence": "현장작업팀(전기)",
            "id": "sample_001_0117_000145",
            "annotations": []
        },
        {
            "sentence": "오민수",
            "id": "sample_001_0117_000146",
            "annotations": [
                {
                    "word": "오민수",
                    "start": 0,
                    "end": 3,
                    "label": "개인정보"
                }
            ]
        },
        {
            "sentence": "현장기술자",
            "id": "sample_001_0117_000147",
            "annotations": [
                {
                    "word": "현장기술자",
                    "start": 0,
                    "end": 5,
                    "label": "준식별자"
                }
            ]
        },
        {
            "sentence": "HB-TEC-089",
            "id": "sample_001_0117_000148",
            "annotations": [
                {
                    "word": "HB-TEC-089",
                    "start": 0,
                    "end": 10,
                    "label": "개인정보"
                }
            ]
        },
        {
            "sentence": "강다영",
            "id": "sample_001_0117_000149",
            "annotations": [
                {
                    "word": "강다영",
                    "start": 0,
                    "end": 3,
                    "label": "개인정보"
                }
            ]
        },
        {
            "sentence": "전기기사",
            "id": "sample_001_0117_000150",
            "annotations": []
        },
        {
            "sentence": "HB-TEC-117",
            "id": "sample_001_0117_000151",
            "annotations": [
                {
                    "word": "HB-TEC-117",
                    "start": 0,
                    "end": 10,
                    "label": "개인정보"
                }
            ]
        },
        {
            "sentence": "010-4444-2211",
            "id": "sample_001_0117_000152",
            "annotations": [
                {
                    "word": "010-4444-2211",
                    "start": 0,
                    "end": 13,
                    "label": "개인정보"
                }
            ]
        },
        {
            "sentence": "품질검증",
            "id": "sample_001_0117_000153",
            "annotations": []
        },
        {
            "sentence": "김유진",
            "id": "sample_001_0117_000154",
            "annotations": [
                {
                    "word": "김유진",
                    "start": 0,
                    "end": 3,
                    "label": "개인정보"
                }
            ]
        },
        {
            "sentence": "품질관리자",
            "id": "sample_001_0117_000155",
            "annotations": [
                {
                    "word": "품질관리자",
                    "start": 0,
                    "end": 5,
                    "label": "준식별자"
                }
            ]
        },
        {
            "sentence": "안전관리",
            "id": "sample_001_0117_000156",
            "annotations": []
        },
        {
            "sentence": "홍길동",
            "id": "sample_001_0117_000157",
            "annotations": [
                {
                    "word": "홍길동",
                    "start": 0,
                    "end": 3,
                    "label": "개인정보"
                }
            ]
        },
        {
            "sentence": "안전담당",
            "id": "sample_001_0117_000158",
            "annotations": [
                {
                    "word": "안전담당",
                    "start": 0,
                    "end": 4,
                    "label": "준식별자"
                }
            ]
        },
        {
            "sentence": "HB-SAF-003",
            "id": "sample_001_0117_000159",
            "annotations": [
                {
                    "word": "HB-SAF-003",
                    "start": 0,
                    "end": 10,
                    "label": "개인정보"
                }
            ]
        },
        {
            "sentence": "보안경 착용",
            "id": "sample_001_0117_000160",
            "annotations": []
        },
        {
            "sentence": "안전화 착용",
            "id": "sample_001_0117_000161",
            "annotations": []
        },
        {
            "sentence": "절연장갑(전기작업 시)",
            "id": "sample_001_0117_000162",
            "annotations": []
        },
        {
            "sentence": "귀마개(소음기준 초과 시)",
            "id": "sample_001_0117_000163",
            "annotations": []
        },
        {
            "sentence": "교체·정비 작업 전 전원 완전 차단 및 TAG 부착 후 절차에 따라 작업",
            "id": "sample_001_0117_000164",
            "annotations": []
        },
        {
            "sentence": "용접·절단 작업 발생시 별도 허가서 및 소방대기",
            "id": "sample_001_0117_000165",
            "annotations": []
        },
        {
            "sentence": "안전실 02-200-8899",
            "id": "sample_001_0117_000166",
            "annotations": [
                {
                    "word": "안전실 02-200-8899",
                    "start": 0,
                    "end": 15,
                    "label": "개인정보"
                }
            ]
        },
        {
            "sentence": "성남 종합병원(분당구 소재)",
            "id": "sample_001_0117_000167",
            "annotations": [
                {
                    "word": "성남 종합병원(분당구 소재)",
                    "start": 0,
                    "end": 15,
                    "label": "준식별자"
                }
            ]
        },
        {
            "sentence": "제1출구→중앙복도→야외집결지",
            "id": "sample_001_0117_000168",
            "annotations": []
        },
        {
            "sentence": "전원 차단 확인",
            "id": "sample_001_0117_000169",
            "annotations": []
        },
        {
            "sentence": "접지 연속성 측정",
            "id": "sample_001_0117_000170",
            "annotations": []
        },
        {
            "sentence": "케이블 라인 절연저항 측정(>=5MΩ)",
            "id": "sample_001_0117_000171",
            "annotations": []
        },
        {
            "sentence": "비상정지회로 연동 확인",
            "id": "sample_001_0117_000172",
            "annotations": []
        },
        {
            "sentence": "R-01",
            "id": "sample_001_0117_000173",
            "annotations": []
        },
        {
            "sentence": "교체 작업 중 전기 감전",
            "id": "sample_001_0117_000174",
            "annotations": []
        },
        {
            "sentence": "중간",
            "id": "sample_001_0117_000175",
            "annotations": []
        },
        {
            "sentence": "높음",
            "id": "sample_001_0117_000176",
            "annotations": []
        },
        {
            "sentence": "LOTO 시행, 절연장갑 착용, 작업 전 감전위험 교육",
            "id": "sample_001_0117_000177",
            "annotations": []
        },
        {
            "sentence": "R-02",
            "id": "sample_001_0117_000178",
            "annotations": []
        },
        {
            "sentence": "교체 후 제어불안정으로 인한 제품 불량 발생",
            "id": "sample_001_0117_000179",
            "annotations": []
        },
        {
            "sentence": "중간",
            "id": "sample_001_0117_000180",
            "annotations": []
        },
        {
            "sentence": "중간",
            "id": "sample_001_0117_000181",
            "annotations": []
        },
        {
            "sentence": "단계별 시운전, 샘플 생산 및 품질확인, 되돌리기 계획 마련",
            "id": "sample_001_0117_000182",
            "annotations": []
        },
        {
            "sentence": "R-03",
            "id": "sample_001_0117_000183",
            "annotations": []
        },
        {
            "sentence": "데이터 로깅 실패로 인한 모니터링 불가",
            "id": "sample_001_0117_000184",
            "annotations": []
        },
        {
            "sentence": "낮음",
            "id": "sample_001_0117_000185",
            "annotations": []
        },
        {
            "sentence": "중간",
            "id": "sample_001_0117_000186",
            "annotations": []
        },
        {
            "sentence": "로그게이트웨이 이중화 및 리던던시, 테스트 전 통합검증",
            "id": "sample_001_0117_000187",
            "annotations": []
        },
        {
            "sentence": "R-04",
            "id": "sample_001_0117_000188",
            "annotations": []
        },
        {
            "sentence": "납기 지연으로 인한 생산 중단 장기화",
            "id": "sample_001_0117_000189",
            "annotations": []
        },
        {
            "sentence": "낮음",
            "id": "sample_001_0117_000190",
            "annotations": []
        },
        {
            "sentence": "높음",
            "id": "sample_001_0117_000191",
            "annotations": []
        },
        {
            "sentence": "대체부품 확보, 설치일정 유연성 확보, 공급사와 SLA 확인",
            "id": "sample_001_0117_000192",
            "annotations": []
        },
        {
            "sentence": "2025-09-22 08:30",
            "id": "sample_001_0117_000193",
            "annotations": [
                {
                    "word": "202",
                    "start": 0,
                    "end": 3,
                    "label": "준식별자"
                }
            ]
        },
        {
            "sentence": "오민수 (HB-TEC-089)",
            "id": "sample_001_0117_000194",
            "annotations": [
                {
                    "word": "오민수",
                    "start": 0,
                    "end": 3,
                    "label": "개인정보"
                },
                {
                    "word": "HB-TEC-089",
                    "start": 5,
                    "end": 15,
                    "label": "개인정보"
                }
            ]
        },
        {
            "sentence": "기존 서보 드라이브 전원 차단 및 분해 시작",
            "id": "sample_001_0117_000195",
            "annotations": []
        },
        {
            "sentence": "LOTO 수행 후 드라이브 및 모터 분리.",
            "id": "sample_001_0117_000196",
            "annotations": []
        },
        {
            "sentence": "서보 드라이브 내부 팬 및 히트싱크 상태 촬영(첨부 사진 001~003)..",
            "id": "sample_001_0117_000197",
            "annotations": [
                {
                    "word": "001",
                    "start": 32,
                    "end": 35,
                    "label": "개인정보"
                }
            ]
        },
        {
            "sentence": "2025-09-22 10:15",
            "id": "sample_001_0117_000198",
            "annotations": [
                {
                    "word": "202",
                    "start": 0,
                    "end": 3,
                    "label": "준식별자"
                }
            ]
        },
        {
            "sentence": "강다영 (HB-TEC-117)",
            "id": "sample_001_0117_000199",
            "annotations": [
                {
                    "word": "강다영",
                    "start": 0,
                    "end": 3,
                    "label": "개인정보"
                },
                {
                    "word": "HB-TEC-117",
                    "start": 5,
                    "end": 15,
                    "label": "개인정보"
                }
            ]
        },
        {
            "sentence": "접지 연속성 측정",
            "id": "sample_001_0117_000200",
            "annotations": []
        },
        {
            "sentence": "접지저항 0.23Ω 측정(허용 기준 <=1Ω).",
            "id": "sample_001_0117_000201",
            "annotations": []
        },
        {
            "sentence": "접지봉 보강 후 0.18Ω로 개선..",
            "id": "sample_001_0117_000202",
            "annotations": []
        },
        {
            "sentence": "2025-09-22 13:00",
            "id": "sample_001_0117_000203",
            "annotations": [
                {
                    "word": "202",
                    "start": 0,
                    "end": 3,
                    "label": "준식별자"
                }
            ]
        },
        {
            "sentence": "이준호 (프로젝트 리드)",
            "id": "sample_001_0117_000204",
            "annotations": [
                {
                    "word": "이준호",
                    "start": 0,
                    "end": 3,
                    "label": "개인정보"
                }
            ]
        },
        {
            "sentence": "신규 모터 장착 및 기계적 정렬",
            "id": "sample_001_0117_000205",
            "annotations": []
        },
        {
            "sentence": "정렬기 사용(ShinAlign 2000)으로 샤프트 정렬오차 0.03mm로 조정..",
            "id": "sample_001_0117_000206",
            "annotations": [
                {
                    "word": "2000",
                    "start": 17,
                    "end": 21,
                    "label": "기밀정보"
                }
            ]
        },
        {
            "sentence": "2025-09-23 09:20",
            "id": "sample_001_0117_000207",
            "annotations": [
                {
                    "word": "202",
                    "start": 0,
                    "end": 3,
                    "label": "준식별자"
                }
            ]
        },
        {
            "sentence": "김유진 (품질관리자)",
            "id": "sample_001_0117_000208",
            "annotations": [
                {
                    "word": "김유진",
                    "start": 0,
                    "end": 3,
                    "label": "개인정보"
                },
                {
                    "word": "품질관리자",
                    "start": 5,
                    "end": 10,
                    "label": "준식별자"
                }
            ]
        },
        {
            "sentence": "HMI 화면 및 운전파라미터 확인",
            "id": "sample_001_0117_000209",
            "annotations": []
        },
        {
            "sentence": "운전 파라미터 초기값 로드 및 안전제한값 확인(P-limit, I-limit 등)..",
            "id": "sample_001_0117_000210",
            "annotations": []
        },
        {
            "sentence": "2025-09-25 11:40",
            "id": "sample_001_0117_000211",
            "annotations": [
                {
                    "word": "202",
                    "start": 0,
                    "end": 3,
                    "label": "준식별자"
                }
            ]
        },
        {
            "sentence": "이준호",
            "id": "sample_001_0117_000212",
            "annotations": [
                {
                    "word": "이준호",
                    "start": 0,
                    "end": 3,
                    "label": "개인정보"
                }
            ]
        },
        {
            "sentence": "모션 파라미터 튜닝 1차 (저속)",
            "id": "sample_001_0117_000213",
            "annotations": []
        },
        {
            "sentence": "Gain 조정: P=1.12 → 1.35, I=0.45 → 0.38, D=0.02 유지.",
            "id": "sample_001_0117_000214",
            "annotations": []
        },
        {
            "sentence": "저속(50% 속도) 테스트에서 위치오차 평균 0.018mm 달성..",
            "id": "sample_001_0117_000215",
            "annotations": []
        },
        {
            "sentence": "2025-09-26 15:30",
            "id": "sample_001_0117_000216",
            "annotations": [
                {
                    "word": "202",
                    "start": 0,
                    "end": 3,
                    "label": "준식별자"
                }
            ]
        },
        {
            "sentence": "이준호",
            "id": "sample_001_0117_000217",
            "annotations": [
                {
                    "word": "이준호",
                    "start": 0,
                    "end": 3,
                    "label": "개인정보"
                }
            ]
        },
        {
            "sentence": "모션 파라미터 튜닝 2차 (고속)",
            "id": "sample_001_0117_000218",
            "annotations": []
        },
        {
            "sentence": "High-speed에서 jerk-limit 확대 및 feed-forward 보정 적용.",
            "id": "sample_001_0117_000219",
            "annotations": []
        },
        {
            "sentence": "초기 위치오차 감소 확인..",
            "id": "sample_001_0117_000220",
            "annotations": []
        },
        {
            "sentence": "TC-01",
            "id": "sample_001_0117_000221",
            "annotations": []
        },
        {
            "sentence": "무부하 저속 반복운전(속도 30%) 1000 사이클",
            "id": "sample_001_0117_000222",
            "annotations": [
                {
                    "word": "1000",
                    "start": 20,
                    "end": 24,
                    "label": "개인정보"
                }
            ]
        },
        {
            "sentence": "무단정지 0회, 위치오차 평균 <= 0.03mm",
            "id": "sample_001_0117_000223",
            "annotations": []
        },
        {
            "sentence": "TC-02",
            "id": "sample_001_0117_000224",
            "annotations": []
        },
        {
            "sentence": "부하시 고속 100사이클(속도 100%, max torque 조건)",
            "id": "sample_001_0117_000225",
            "annotations": [
                {
                    "word": "100",
                    "start": 7,
                    "end": 10,
                    "label": "개인정보"
                },
                {
                    "word": "100",
                    "start": 17,
                    "end": 20,
                    "label": "개인정보"
                }
            ]
        },
        {
            "sentence": "온도상승 제한(<=65°C), 위치오차 평균 <= 0.05mm",
            "id": "sample_001_0117_000226",
            "annotations": []
        },
        {
            "sentence": "TC-03",
            "id": "sample_001_0117_000227",
            "annotations": []
        },
        {
            "sentence": "통신장애 재현 및 복구 시험(네트워크 단절 30초)",
            "id": "sample_001_0117_000228",
            "annotations": []
        },
        {
            "sentence": "장애 후 자동복구 시 이상 상태 없음, 로그기록 정상",
            "id": "sample_001_0117_000229",
            "annotations": []
        },
        {
            "sentence": "TC-04",
            "id": "sample_001_0117_000230",
            "annotations": []
        },
        {
            "sentence": "8시간 연속 운전 신뢰성 테스트",
            "id": "sample_001_0117_000231",
            "annotations": []
        },
        {
            "sentence": "연속운전 중 비정상 정지 0회, 평균 온도 70°C 이하",
            "id": "sample_001_0117_000232",
            "annotations": []
        },
        {
            "sentence": "치수측정은 디지털 캘리퍼스 및 레이저 측정기 사용, 온도는 적외선 온도계 및 내부 온도센서 로그, 전력은 클램프미터로 측정",
            "id": "sample_001_0117_000233",
            "annotations": []
        },
        {
            "sentence": "상온(20~25°C), 습도 35~60% 범위 내 유지",
            "id": "sample_001_0117_000234",
            "annotations": []
        },
        {
            "sentence": "2025-10-01",
            "id": "sample_001_0117_000235",
            "annotations": [
                {
                    "word": "202",
                    "start": 0,
                    "end": 3,
                    "label": "준식별자"
                }
            ]
        },
        {
            "sentence": "36개 시나리오 중 34개 통과, 2개는 파라미터 미세조정 필요(고속극한 부하 조건).",
            "id": "sample_001_0117_000236",
            "annotations": []
        },
        {
            "sentence": "전체적으로 위치정밀도 및 가동률 개선 확인..",
            "id": "sample_001_0117_000237",
            "annotations": []
        },
        {
            "sentence": "TC-01",
            "id": "sample_001_0117_000238",
            "annotations": []
        },
        {
            "sentence": "PASS",
            "id": "sample_001_0117_000239",
            "annotations": []
        },
        {
            "sentence": "저속 안정성 확보",
            "id": "sample_001_0117_000240",
            "annotations": []
        },
        {
            "sentence": "TC-02",
            "id": "sample_001_0117_000241",
            "annotations": []
        },
        {
            "sentence": "PARTIAL_PASS",
            "id": "sample_001_0117_000242",
            "annotations": []
        },
        {
            "sentence": "온도 및 위치오차가 목표값을 소폭 초과.",
            "id": "sample_001_0117_000243",
            "annotations": []
        },
        {
            "sentence": "서냉 개선 및 추가 튜닝 권장..",
            "id": "sample_001_0117_000244",
            "annotations": []
        },
        {
            "sentence": "방열판 재배치 및 드라이브 내부팬 회전수 상향(소프트웨어 제한 해제 후 관찰)",
            "id": "sample_001_0117_000245",
            "annotations": []
        },
        {
            "sentence": "TC-03",
            "id": "sample_001_0117_000246",
            "annotations": []
        },
        {
            "sentence": "PASS",
            "id": "sample_001_0117_000247",
            "annotations": []
        },
        {
            "sentence": "통신중단 후 자동 재동기화 정상",
            "id": "sample_001_0117_000248",
            "annotations": []
        },
        {
            "sentence": "TC-04",
            "id": "sample_001_0117_000249",
            "annotations": []
        },
        {
            "sentence": "PASS",
            "id": "sample_001_0117_000250",
            "annotations": []
        },
        {
            "sentence": "연속가동 안정적",
            "id": "sample_001_0117_000251",
            "annotations": []
        },
        {
            "sentence": "아래는 시운전 중 수집된 센서 로그(샘플 제한).",
            "id": "sample_001_0117_000252",
            "annotations": []
        },
        {
            "sentence": "전체 로그파일은 첨부파일(로그_라인A_20251001.csv)..",
            "id": "sample_001_0117_000253",
            "annotations": [
                {
                    "word": "로그_라인A_20251001.csv",
                    "start": 14,
                    "end": 33,
                    "label": "일반정보"
                },
                {
                    "word": "라인A",
                    "start": 17,
                    "end": 20,
                    "label": "준식별자"
                },
                {
                    "word": "202",
                    "start": 21,
                    "end": 24,
                    "label": "준식별자"
                },
                {
                    "word": "510",
                    "start": 24,
                    "end": 27,
                    "label": "개인정보"
                }
            ]
        },
        {
            "sentence": "2025-09-29T09:00:00",
            "id": "sample_001_0117_000254",
            "annotations": [
                {
                    "word": "202",
                    "start": 0,
                    "end": 3,
                    "label": "준식별자"
                }
            ]
        },
        {
            "sentence": "2025-09-29T09:05:00",
            "id": "sample_001_0117_000255",
            "annotations": [
                {
                    "word": "202",
                    "start": 0,
                    "end": 3,
                    "label": "준식별자"
                }
            ]
        },
        {
            "sentence": "2025-09-29T10:00:00",
            "id": "sample_001_0117_000256",
            "annotations": [
                {
                    "word": "202",
                    "start": 0,
                    "end": 3,
                    "label": "준식별자"
                }
            ]
        },
        {
            "sentence": "2025-09-30T14:30:00",
            "id": "sample_001_0117_000257",
            "annotations": [
                {
                    "word": "202",
                    "start": 0,
                    "end": 3,
                    "label": "준식별자"
                }
            ]
        },
        {
            "sentence": "2025-09-30T15:00:00",
            "id": "sample_001_0117_000258",
            "annotations": [
                {
                    "word": "202",
                    "start": 0,
                    "end": 3,
                    "label": "준식별자"
                }
            ]
        },
        {
            "sentence": "시운전 전체 로그는 1초 주기로 수집되었으며, 파일크기 약 12MB(로그_라인A_20251001.csv)..",
            "id": "sample_001_0117_000259",
            "annotations": [
                {
                    "word": "로그_라인A_20251001.csv",
                    "start": 38,
                    "end": 57,
                    "label": "일반정보"
                },
                {
                    "word": "라인A",
                    "start": 41,
                    "end": 44,
                    "label": "준식별자"
                },
                {
                    "word": "202",
                    "start": 45,
                    "end": 48,
                    "label": "준식별자"
                },
                {
                    "word": "510",
                    "start": 48,
                    "end": 51,
                    "label": "개인정보"
                }
            ]
        },
        {
            "sentence": "위 수치에 따르면 위치오차는 약 78% 개선, 평균온도는 약 18% 하락, 가동률 개선에 따라 불량률이 약 61% 감소한 것으로 분석됨..",
            "id": "sample_001_0117_000260",
            "annotations": [
                {
                    "word": "8%",
                    "start": 19,
                    "end": 21,
                    "label": "기밀정보"
                },
                {
                    "word": "8%",
                    "start": 35,
                    "end": 37,
                    "label": "기밀정보"
                }
            ]
        },
        {
            "sentence": "TC-01~TC-04 기준 내 통과",
            "id": "sample_001_0117_000261",
            "annotations": []
        },
        {
            "sentence": "품질팀의 샘플 검사 통과(치수 및 외관)",
            "id": "sample_001_0117_000262",
            "annotations": []
        },
        {
            "sentence": "운영자 교육 완료 및 인수서 서명",
            "id": "sample_001_0117_000263",
            "annotations": []
        },
        {
            "sentence": "만약 개선 결과가 목표치를 충족하지 못할 경우, 즉시 기존 부품으로 롤백 가능하도록 분해 보관하여 복원 계획 실시(복원 시간 예상 6시간)..",
            "id": "sample_001_0117_000264",
            "annotations": []
        },
        {
            "sentence": "주간",
            "id": "sample_001_0117_000265",
            "annotations": []
        },
        {
            "sentence": "접지상태, 팬유무, 외관 확인",
            "id": "sample_001_0117_000266",
            "annotations": []
        },
        {
            "sentence": "월간",
            "id": "sample_001_0117_000267",
            "annotations": []
        },
        {
            "sentence": "케이블 마모 확인, 접촉부 토크 점검",
            "id": "sample_001_0117_000268",
            "annotations": []
        },
        {
            "sentence": "분기",
            "id": "sample_001_0117_000269",
            "annotations": []
        },
        {
            "sentence": "인코더 캘리브레이션, 드라이브 내부 청소",
            "id": "sample_001_0117_000270",
            "annotations": []
        },
        {
            "sentence": "로그게이트웨이를 통해 중앙 데이터레이크에 주기 업로드(1분 주기 요약, 이벤트 즉시 전송).",
            "id": "sample_001_0117_000271",
            "annotations": []
        },
        {
            "sentence": "한빛 AI-CPS와 연계하여 온도·진동·전류 기반 이상징후 탐지 알고리즘 적용 예정..",
            "id": "sample_001_0117_000272",
            "annotations": [
                {
                    "word": "한빛 AI-CPS",
                    "start": 0,
                    "end": 9,
                    "label": "기밀정보"
                }
            ]
        },
        {
            "sentence": "응답시간 4시간(영업일 기준), 교체부품 우선 공급",
            "id": "sample_001_0117_000273",
            "annotations": []
        },
        {
            "sentence": "첨부사진_001.jpg",
            "id": "sample_001_0117_000274",
            "annotations": [
                {
                    "word": "001",
                    "start": 5,
                    "end": 8,
                    "label": "개인정보"
                }
            ]
        },
        {
            "sentence": "첨부사진_002.jpg",
            "id": "sample_001_0117_000275",
            "annotations": []
        },
        {
            "sentence": "로그_라인A_20251001.csv",
            "id": "sample_001_0117_000276",
            "annotations": [
                {
                    "word": "로그_라인A_20251001.csv",
                    "start": 0,
                    "end": 19,
                    "label": "일반정보"
                },
                {
                    "word": "라인A",
                    "start": 3,
                    "end": 6,
                    "label": "준식별자"
                },
                {
                    "word": "202",
                    "start": 7,
                    "end": 10,
                    "label": "준식별자"
                },
                {
                    "word": "510",
                    "start": 10,
                    "end": 13,
                    "label": "개인정보"
                }
            ]
        },
        {
            "sentence": "서보_제품사양서_AM-SV-MK4-200.pdf",
            "id": "sample_001_0117_000277",
            "annotations": [
                {
                    "word": "AM-SV-MK4-200",
                    "start": 9,
                    "end": 22,
                    "label": "일반정보"
                },
                {
                    "word": "200",
                    "start": 19,
                    "end": 22,
                    "label": "개인정보"
                }
            ]
        },
        {
            "sentence": "PLC-HMI_업데이트_릴리즈노트_v4.0.pdf",
            "id": "sample_001_0117_000278",
            "annotations": [
                {
                    "word": "PLC",
                    "start": 0,
                    "end": 3,
                    "label": "준식별자"
                }
            ]
        },
        {
            "sentence": "시운전_성적서_라인A_20251001.xlsx",
            "id": "sample_001_0117_000279",
            "annotations": [
                {
                    "word": "라인A",
                    "start": 8,
                    "end": 11,
                    "label": "준식별자"
                },
                {
                    "word": "202",
                    "start": 12,
                    "end": 15,
                    "label": "준식별자"
                },
                {
                    "word": "510",
                    "start": 15,
                    "end": 18,
                    "label": "개인정보"
                }
            ]
        },
        {
            "sentence": "v0.1",
            "id": "sample_001_0117_000280",
            "annotations": []
        },
        {
            "sentence": "2025-09-10",
            "id": "sample_001_0117_000281",
            "annotations": [
                {
                    "word": "2025-09-10",
                    "start": 0,
                    "end": 10,
                    "label": "준식별자"
                }
            ]
        },
        {
            "sentence": "이준호",
            "id": "sample_001_0117_000282",
            "annotations": [
                {
                    "word": "이준호",
                    "start": 0,
                    "end": 3,
                    "label": "개인정보"
                }
            ]
        },
        {
            "sentence": "초안작성",
            "id": "sample_001_0117_000283",
            "annotations": []
        },
        {
            "sentence": "v0.9",
            "id": "sample_001_0117_000284",
            "annotations": []
        },
        {
            "sentence": "2025-09-18",
            "id": "sample_001_0117_000285",
            "annotations": [
                {
                    "word": "202",
                    "start": 0,
                    "end": 3,
                    "label": "준식별자"
                }
            ]
        },
        {
            "sentence": "이준호",
            "id": "sample_001_0117_000286",
            "annotations": [
                {
                    "word": "이준호",
                    "start": 0,
                    "end": 3,
                    "label": "개인정보"
                }
            ]
        },
        {
            "sentence": "자재확정 및 일정 반영",
            "id": "sample_001_0117_000287",
            "annotations": []
        },
        {
            "sentence": "v1.0",
            "id": "sample_001_0117_000288",
            "annotations": []
        },
        {
            "sentence": "2025-10-03",
            "id": "sample_001_0117_000289",
            "annotations": [
                {
                    "word": "202",
                    "start": 0,
                    "end": 3,
                    "label": "준식별자"
                }
            ]
        },
        {
            "sentence": "박성희",
            "id": "sample_001_0117_000290",
            "annotations": [
                {
                    "word": "박성희",
                    "start": 0,
                    "end": 3,
                    "label": "개인정보"
                }
            ]
        },
        {
            "sentence": "최종검토 및 승인",
            "id": "sample_001_0117_000291",
            "annotations": []
        },
        {
            "sentence": "HB-PRD-2024-0043",
            "id": "sample_001_0117_000292",
            "annotations": [
                {
                    "word": "202",
                    "start": 7,
                    "end": 10,
                    "label": "준식별자"
                }
            ]
        },
        {
            "sentence": "라인A 유지보수 이력보고서_2024",
            "id": "sample_001_0117_000293",
            "annotations": [
                {
                    "word": "라인A",
                    "start": 0,
                    "end": 3,
                    "label": "준식별자"
                },
                {
                    "word": "202",
                    "start": 15,
                    "end": 18,
                    "label": "준식별자"
                }
            ]
        },
        {
            "sentence": "HB-QC-2025-009",
            "id": "sample_001_0117_000294",
            "annotations": [
                {
                    "word": "202",
                    "start": 6,
                    "end": 9,
                    "label": "준식별자"
                }
            ]
        },
        {
            "sentence": "품질검사_라인A_기준_Rev2",
            "id": "sample_001_0117_000295",
            "annotations": [
                {
                    "word": "라인A",
                    "start": 5,
                    "end": 8,
                    "label": "준식별자"
                }
            ]
        },
        {
            "sentence": "본 설비개선 프로젝트는 교체 및 제어 최적화를 통해 라인 A의 주요 결함 원인을 직접적으로 해소하였다.",
            "id": "sample_001_0117_000296",
            "annotations": [
                {
                    "word": "라인 A",
                    "start": 29,
                    "end": 33,
                    "label": "기밀정보"
                }
            ]
        },
        {
            "sentence": "시운전 결과 생산 효율 및 품질 모두 유의미하게 개선되었으며, 향후 동일 라인 내 유사 설비에 대해 동일 사양의 적용을 권장한다.",
            "id": "sample_001_0117_000297",
            "annotations": []
        },
        {
            "sentence": "추가 권장사항으로는 드라이브 내부 냉각 효율을 높이기 위한 팬 최적화와 로그수집의 실시간 모니터 대시보드 구성(운영부 대시보드)을 권고한다..",
            "id": "sample_001_0117_000298",
            "annotations": []
        },
        {
            "sentence": "이준호",
            "id": "sample_001_0117_000299",
            "annotations": [
                {
                    "word": "이준호",
                    "start": 0,
                    "end": 3,
                    "label": "개인정보"
                }
            ]
        },
        {
            "sentence": "선임엔지니어",
            "id": "sample_001_0117_000300",
            "annotations": [
                {
                    "word": "선임엔지니어",
                    "start": 0,
                    "end": 6,
                    "label": "준식별자"
                }
            ]
        },
        {
            "sentence": "sign_lee_junho.png",
            "id": "sample_001_0117_000301",
            "annotations": [
                {
                    "word": "sign_lee_junho.png",
                    "start": 0,
                    "end": 18,
                    "label": "일반정보"
                }
            ]
        },
        {
            "sentence": "2025-10-03",
            "id": "sample_001_0117_000302",
            "annotations": [
                {
                    "word": "202",
                    "start": 0,
                    "end": 3,
                    "label": "준식별자"
                }
            ]
        },
        {
            "sentence": "김유진",
            "id": "sample_001_0117_000303",
            "annotations": [
                {
                    "word": "김유진",
                    "start": 0,
                    "end": 3,
                    "label": "개인정보"
                }
            ]
        },
        {
            "sentence": "품질관리자",
            "id": "sample_001_0117_000304",
            "annotations": [
                {
                    "word": "품질관리자",
                    "start": 0,
                    "end": 5,
                    "label": "준식별자"
                }
            ]
        },
        {
            "sentence": "sign_kim_yujin.png",
            "id": "sample_001_0117_000305",
            "annotations": []
        },
        {
            "sentence": "2025-10-03",
            "id": "sample_001_0117_000306",
            "annotations": [
                {
                    "word": "202",
                    "start": 0,
                    "end": 3,
                    "label": "준식별자"
                }
            ]
        },
        {
            "sentence": "박성희",
            "id": "sample_001_0117_000307",
            "annotations": [
                {
                    "word": "박성희",
                    "start": 0,
                    "end": 3,
                    "label": "개인정보"
                }
            ]
        },
        {
            "sentence": "생산부장",
            "id": "sample_001_0117_000308",
            "annotations": [
                {
                    "word": "생산부장",
                    "start": 0,
                    "end": 4,
                    "label": "준식별자"
                }
            ]
        },
        {
            "sentence": "sign_park_sunghui.png",
            "id": "sample_001_0117_000309",
            "annotations": [
                {
                    "word": "sign_park_sunghui.png",
                    "start": 0,
                    "end": 21,
                    "label": "일반정보"
                }
            ]
        },
        {
            "sentence": "2025-10-03",
            "id": "sample_001_0117_000310",
            "annotations": [
                {
                    "word": "202",
                    "start": 0,
                    "end": 3,
                    "label": "준식별자"
                }
            ]
        },
        {
            "sentence": "이 문서는 생산부 내부 승인 후 관리부에 비용처리 요청을 진행하며, 모든 전자로그는 중앙서버에 백업된다.",
            "id": "sample_001_0117_000311",
            "annotations": [
                {
                    "word": "생산부",
                    "start": 6,
                    "end": 9,
                    "label": "준식별자"
                },
                {
                    "word": "관리부",
                    "start": 18,
                    "end": 21,
                    "label": "준식별자"
                }
            ]
        },
        {
            "sentence": "추후 동일 사양 다수 적용 시 단가협상 및 공급사 연간서비스계약(SLA) 검토를 권장한다..",
            "id": "sample_001_0117_000312",
            "annotations": []
        },
        {
            "sentence": "한빛솔루션/생산부/설비개선/2025/라인A",
            "id": "sample_001_0117_000313",
            "annotations": [
                {
                    "word": "생산부",
                    "start": 6,
                    "end": 9,
                    "label": "준식별자"
                },
                {
                    "word": "202",
                    "start": 15,
                    "end": 18,
                    "label": "준식별자"
                },
                {
                    "word": "라인A",
                    "start": 20,
                    "end": 23,
                    "label": "준식별자"
                }
            ]
        },
        {
            "sentence": "생산부 전원(읽기/쓰기)",
            "id": "sample_001_0117_000314",
            "annotations": [
                {
                    "word": "생산부",
                    "start": 0,
                    "end": 3,
                    "label": "준식별자"
                }
            ]
        },
        {
            "sentence": "관리부(읽기)",
            "id": "sample_001_0117_000315",
            "annotations": [
                {
                    "word": "관리부",
                    "start": 0,
                    "end": 3,
                    "label": "준식별자"
                }
            ]
        },
        {
            "sentence": "기술부(읽기/쓰기)",
            "id": "sample_001_0117_000316",
            "annotations": [
                {
                    "word": "기술부",
                    "start": 0,
                    "end": 3,
                    "label": "준식별자"
                }
            ]
        },
        {
            "sentence": "품질부(읽기)",
            "id": "sample_001_0117_000317",
            "annotations": []
        }
    ]
}