{
    "document_id": "001_0083",
    "document_title": "0083",
    "data": [
        {
            "sentence": "설비 개선/업그레이드 보고서",
            "id": "sample_001_0083_000001",
            "annotations": []
        },
        {
            "sentence": "HB-TECH-UG-20250910-01",
            "id": "sample_001_0083_000002",
            "annotations": [
                {
                    "word": "202",
                    "start": 11,
                    "end": 14,
                    "label": "준식별자"
                }
            ]
        },
        {
            "sentence": "기술부_설비개선보고서_UG-20250910",
            "id": "sample_001_0083_000003",
            "annotations": [
                {
                    "word": "기술부",
                    "start": 0,
                    "end": 3,
                    "label": "준식별자"
                },
                {
                    "word": "202",
                    "start": 15,
                    "end": 18,
                    "label": "준식별자"
                }
            ]
        },
        {
            "sentence": "1.0",
            "id": "sample_001_0083_000004",
            "annotations": []
        },
        {
            "sentence": "기술부",
            "id": "sample_001_0083_000005",
            "annotations": [
                {
                    "word": "기술부",
                    "start": 0,
                    "end": 3,
                    "label": "준식별자"
                }
            ]
        },
        {
            "sentence": "김도현",
            "id": "sample_001_0083_000006",
            "annotations": [
                {
                    "word": "김도현",
                    "start": 0,
                    "end": 3,
                    "label": "개인정보"
                }
            ]
        },
        {
            "sentence": "기술부장",
            "id": "sample_001_0083_000007",
            "annotations": [
                {
                    "word": "기술부장",
                    "start": 0,
                    "end": 4,
                    "label": "준식별자"
                }
            ]
        },
        {
            "sentence": "HB-T-0001",
            "id": "sample_001_0083_000008",
            "annotations": [
                {
                    "word": "HB-T-0001",
                    "start": 0,
                    "end": 9,
                    "label": "개인정보"
                }
            ]
        },
        {
            "sentence": "031-700-1234",
            "id": "sample_001_0083_000009",
            "annotations": [
                {
                    "word": "031-700-1234",
                    "start": 0,
                    "end": 12,
                    "label": "개인정보"
                }
            ]
        },
        {
            "sentence": "kdho@hanbitsol.com",
            "id": "sample_001_0083_000010",
            "annotations": [
                {
                    "word": "kdho@hanbitsol.com",
                    "start": 0,
                    "end": 18,
                    "label": "개인정보"
                }
            ]
        },
        {
            "sentence": "이수민",
            "id": "sample_001_0083_000011",
            "annotations": [
                {
                    "word": "이수민",
                    "start": 0,
                    "end": 3,
                    "label": "개인정보"
                }
            ]
        },
        {
            "sentence": "선임엔지니어",
            "id": "sample_001_0083_000012",
            "annotations": [
                {
                    "word": "선임엔지니어",
                    "start": 0,
                    "end": 6,
                    "label": "준식별자"
                }
            ]
        },
        {
            "sentence": "HB-T-0012",
            "id": "sample_001_0083_000013",
            "annotations": [
                {
                    "word": "HB-T-0012",
                    "start": 0,
                    "end": 9,
                    "label": "개인정보"
                }
            ]
        },
        {
            "sentence": "031-700-1240",
            "id": "sample_001_0083_000014",
            "annotations": [
                {
                    "word": "031-700-1240",
                    "start": 0,
                    "end": 12,
                    "label": "개인정보"
                }
            ]
        },
        {
            "sentence": "lsm@hanbitsol.com",
            "id": "sample_001_0083_000015",
            "annotations": [
                {
                    "word": "lsm@hanbitsol.com",
                    "start": 0,
                    "end": 17,
                    "label": "개인정보"
                }
            ]
        },
        {
            "sentence": "오지훈",
            "id": "sample_001_0083_000016",
            "annotations": [
                {
                    "word": "오지훈",
                    "start": 0,
                    "end": 3,
                    "label": "개인정보"
                }
            ]
        },
        {
            "sentence": "기술이사",
            "id": "sample_001_0083_000017",
            "annotations": [
                {
                    "word": "기술이사",
                    "start": 0,
                    "end": 4,
                    "label": "준식별자"
                }
            ]
        },
        {
            "sentence": "HB-T-0003",
            "id": "sample_001_0083_000018",
            "annotations": [
                {
                    "word": "HB-T-0003",
                    "start": 0,
                    "end": 9,
                    "label": "개인정보"
                }
            ]
        },
        {
            "sentence": "031-700-1250",
            "id": "sample_001_0083_000019",
            "annotations": [
                {
                    "word": "031-700-1250",
                    "start": 0,
                    "end": 12,
                    "label": "개인정보"
                }
            ]
        },
        {
            "sentence": "ohj@hanbitsol.com",
            "id": "sample_001_0083_000020",
            "annotations": [
                {
                    "word": "ohj@hanbitsol.com",
                    "start": 0,
                    "end": 17,
                    "label": "개인정보"
                }
            ]
        },
        {
            "sentence": "2025-09-10",
            "id": "sample_001_0083_000021",
            "annotations": [
                {
                    "word": "2025-09-10",
                    "start": 0,
                    "end": 10,
                    "label": "준식별자"
                }
            ]
        },
        {
            "sentence": "한빛 자동화 조립 라인 A3 (HB-ASSY-A3)",
            "id": "sample_001_0083_000022",
            "annotations": [
                {
                    "word": "라인 A",
                    "start": 10,
                    "end": 14,
                    "label": "기밀정보"
                }
            ]
        },
        {
            "sentence": "ASSY-A3-2020-07",
            "id": "sample_001_0083_000023",
            "annotations": [
                {
                    "word": "202",
                    "start": 8,
                    "end": 11,
                    "label": "준식별자"
                }
            ]
        },
        {
            "sentence": "경기도 성남시 분당구 본사 1층 생산라인",
            "id": "sample_001_0083_000024",
            "annotations": [
                {
                    "word": "경기도 성남시 분당구",
                    "start": 0,
                    "end": 11,
                    "label": "준식별자"
                }
            ]
        },
        {
            "sentence": "현장 맞춤 제작 (한빛솔루션)",
            "id": "sample_001_0083_000025",
            "annotations": []
        },
        {
            "sentence": "컨베이어 모듈 (C-100 series)",
            "id": "sample_001_0083_000026",
            "annotations": [
                {
                    "word": "100",
                    "start": 11,
                    "end": 14,
                    "label": "개인정보"
                }
            ]
        },
        {
            "sentence": "비전 검사 유닛 (VSI-200)",
            "id": "sample_001_0083_000027",
            "annotations": [
                {
                    "word": "200",
                    "start": 14,
                    "end": 17,
                    "label": "개인정보"
                }
            ]
        },
        {
            "sentence": "토크 제어 드라이브 (TQ-DRV-30)",
            "id": "sample_001_0083_000028",
            "annotations": []
        },
        {
            "sentence": "서보 모터 및 기어박스",
            "id": "sample_001_0083_000029",
            "annotations": []
        },
        {
            "sentence": "온도/진동 센서 네트워크",
            "id": "sample_001_0083_000030",
            "annotations": []
        },
        {
            "sentence": "PLC (HB-PLC-X4)",
            "id": "sample_001_0083_000031",
            "annotations": [
                {
                    "word": "PLC",
                    "start": 0,
                    "end": 3,
                    "label": "준식별자"
                },
                {
                    "word": "PLC",
                    "start": 8,
                    "end": 11,
                    "label": "준식별자"
                }
            ]
        },
        {
            "sentence": "로컬 HMI 패널",
            "id": "sample_001_0083_000032",
            "annotations": []
        },
        {
            "sentence": "네트워크 게이트웨이 (MQTT/OPC-UA)",
            "id": "sample_001_0083_000033",
            "annotations": []
        },
        {
            "sentence": "본 설비는 2019년 도입 이후 연간 평균 가동시간 6,800시간을 기록하며 안정 가동 중이나, 최근 18개월간 제품 불량률 증가와 일부 모듈의 반복적 정지 현상(특히 컨베이어 모듈과 토크 드라이브)이 발생함.",
            "id": "sample_001_0083_000034",
            "annotations": [
                {
                    "word": "2019",
                    "start": 6,
                    "end": 10,
                    "label": "준식별자"
                }
            ]
        },
        {
            "sentence": "또한 생산 라인의 예측유지보수 데이터 로그 분석 결과, 드라이브 베어링 마모 및 비전유닛 캘리브레이션 오차 누적으로 인한 결함 감지 실패가 주요 원인으로 확인됨.",
            "id": "sample_001_0083_000035",
            "annotations": []
        },
        {
            "sentence": "이에 설비의 부분 업그레이드(센서 교체 · 제어 알고리즘 개선 · 네트워크 구성 변경)를 통해 가동률 향상, 불량률 저감, 유지보수 비용 최적화를 목표로 본 개선안을 수립함..",
            "id": "sample_001_0083_000036",
            "annotations": []
        },
        {
            "sentence": "제안하는 개선안은 (1) 드라이브 및 베어링 교체, (2) 비전 검사유닛 해상도 및 조명 시스템 업그레이드, (3) 센서 네트워크 및 엣지 게이트웨이 재설계, (4) 예측유지보수 알고리즘(한빛 AI-CPS) 튜닝 및 모델 재학습, (5) 제어러직(PLC) 펌웨어 최적화, (6) 장애 시 자동 페일오버 로직 적용 등으로 구성됨.",
            "id": "sample_001_0083_000037",
            "annotations": [
                {
                    "word": "한빛 AI-CPS",
                    "start": 105,
                    "end": 114,
                    "label": "기밀정보"
                },
                {
                    "word": "PLC",
                    "start": 138,
                    "end": 141,
                    "label": "준식별자"
                }
            ]
        },
        {
            "sentence": "기대효과는 설비 가동률 4.5%p 향상(현 92.1% → 목표 96.6%), 불량률 30% 이상 저감, 연간 유지보수 비용 18% 절감(예상)임..",
            "id": "sample_001_0083_000038",
            "annotations": [
                {
                    "word": "8%",
                    "start": 70,
                    "end": 72,
                    "label": "기밀정보"
                }
            ]
        },
        {
            "sentence": "1. 개요 및 목표:\\n본 개선계획은 HB-ASSY-A3 라인의 반복적 고장 요인을 제거하고, 비전검사 검출률을 높이며, AI 기반 예측유지보수 연계로 다운타임을 최소화하는 것을 목표로 한다.\\n\\n2. 현상 분석 요약:\\n(1) 드라이브 모듈: 토크 변동으로 인한 센서 알람 빈도가 주당 평균 3.6건, 로그 분석 결과 베어링의 초기 마찰 증가가 피크 토크 발생 시 수차례 과부하로 이어짐.\\n(2) 비전 유닛: 장비 주변 조명 불균형과 렌즈 오염 누적으로 인한 캘리브레이션 오차 증가.",
            "id": "sample_001_0083_000039",
            "annotations": []
        },
        {
            "sentence": "검사 실패 시 수동 재검사 빈도 상승.\\n(3) 네트워크: 기존 필드버스(독점 프로토콜)에서의 패킷 지연 및 일부 패킷 손실이 관측되어 엣지 레이턴시가 120~300ms로 분산됨.",
            "id": "sample_001_0083_000040",
            "annotations": [
                {
                    "word": "120",
                    "start": 85,
                    "end": 88,
                    "label": "준식별자"
                },
                {
                    "word": "300",
                    "start": 89,
                    "end": 92,
                    "label": "개인정보"
                }
            ]
        },
        {
            "sentence": "이는 실시간 제어 루프에 간헐적 지연을 유발.\\n(4) SW/알고리즘: 기존 예측모델은 2022년 데이터를 기반으로 학습되어 최근 센서 세트 변경 반영이 부족함.",
            "id": "sample_001_0083_000041",
            "annotations": [
                {
                    "word": "202",
                    "start": 49,
                    "end": 52,
                    "label": "준식별자"
                }
            ]
        },
        {
            "sentence": "모델 drift가 관찰되어 정밀도 저하.\\n\\n3. 상세 개선 항목(기술적 사양 포함):\\nA.",
            "id": "sample_001_0083_000042",
            "annotations": []
        },
        {
            "sentence": "기계적 개선\\n A-1. 드라이브 및 베어링 교체\\ - 교체 대상: TQ-DRV-30 드라이브 (좌측 및 우측 각 1대, 총 2대)와 메인 샤프트 베어링 4개.\\ - 사양: 신규 드라이브는 토크 여유 30% 증가형 TQ-DRV-40로 교체 예정(정격 토크 45Nm → 60Nm).",
            "id": "sample_001_0083_000043",
            "annotations": []
        },
        {
            "sentence": "베어링은 고하중 저마찰형 (HB-BRG-HL120)로 규격 적용.\\ - 기대효과: 피크 부하에 대한 내구성 향상 및 진동 저감.\\ - 설치 방법: 기존 모듈 분해 → 샤프트 정렬(토크·각도 공차 ±0.05mm) → 신형 드라이브 장착 → 베어링 프리로드 설정(0.01~0.02mm) → 윤활유(합성계열 NLGI 2) 충전.\\ - 작업자: 담당 엔지니어 박준호(HB-T-0020) 주관, 보조 기술자 2명.\\\\n A-2. 컨베이어 슬림 가이드 교체 및 벨트 텐션 조정\\ - 가이드 재료를 스테인레스 합금(SUS316L)으로 교체하여 마모 및 오염 저항성 확보.\\ - 벨트 텐션 센서 설치(FT-SNS-01)로 실시간 장력 모니터링 추가.\\\\nB.",
            "id": "sample_001_0083_000044",
            "annotations": [
                {
                    "word": "120",
                    "start": 24,
                    "end": 27,
                    "label": "준식별자"
                },
                {
                    "word": "작업자",
                    "start": 184,
                    "end": 187,
                    "label": "준식별자"
                },
                {
                    "word": "엔지니어",
                    "start": 192,
                    "end": 196,
                    "label": "준식별자"
                },
                {
                    "word": "박준호",
                    "start": 197,
                    "end": 200,
                    "label": "개인정보"
                },
                {
                    "word": "HB-T-0020",
                    "start": 201,
                    "end": 210,
                    "label": "개인정보"
                }
            ]
        },
        {
            "sentence": "광학/비전 개선\\n B-1. 비전 유닛 해상도 및 조명 개선\\ - 기존 VSI-200(2MP) → VSI-400(5MP) 업그레이드, 고속 라인에서도 블러 없음.\\ - 조명은 링 LED 조명에서 확산형 다중 조명으로 변경하여 섀도우 제거.",
            "id": "sample_001_0083_000045",
            "annotations": [
                {
                    "word": "200",
                    "start": 44,
                    "end": 47,
                    "label": "개인정보"
                }
            ]
        },
        {
            "sentence": "광학필터(λ-cut)를 적용해 주변 조명 변화 영향을 최소화.\\ - 캘리브레이션 루틴 자동화: 매일 자정 00:30 자동 캘리브레이션 스케줄링 추가.\\ - 알고리즘 파라미터: 임계값 및 ROI(Region of Interest) 자동 조정 기능 추가, 검사 시 소프트웨어가 조명 편차를 분석해 실시간 값 보정.\\\\nC.",
            "id": "sample_001_0083_000046",
            "annotations": []
        },
        {
            "sentence": "센서 네트워크 및 통신 재설계\\n C-1. 필드버스 → OPC-UA/MQTT 하이브리드 구조로 변경\\ - 각 유닛별 엣지 게이트웨이(HB-EDGE-GW-01)를 설치하여 현장 데이터를 로컬 전처리 후 중앙 서버로 송신.\\ - QoS 수준 설정: MQTT는 QoS=1(최소 1회 전달)로 설정, 중요 제어 메시지에 대해서는 OPC-UA로 보완 통신.\\ - 네트워크 이중화: 게이트웨이 간 링 토폴로지(스위치 레벨 STP 적용)로 구성하여 단일 장애점 제거.\\ - 보안: TLS1.3 및 X.509 인증서 적용, 패킷 서명 및 접근 제어 리스트 적용.\\\\n C-2. 센서 교체 및 캘리브레이션\\ - 온도 센서: 기존 NTC → 산업용 RTD PT1000(정밀도 ±0.1°C) 적용.\\ - 진동 센서: MEMS → IEPE 타입(주파수 범위 1Hz~10kHz)로 교체, FFT 분석을 위한 샘플링 주파수 12kHz 확보.\\ - 센서 교체 후 기준 캘리브레이션: 제조사 교정 추적표(ISO/IEC 17025 준수)에 따라 캘리브레이션 수행 및 인증서 첨부.\\\\nD.",
            "id": "sample_001_0083_000047",
            "annotations": [
                {
                    "word": "EDGE-GW-01",
                    "start": 77,
                    "end": 87,
                    "label": "기밀정보"
                },
                {
                    "word": "T1000",
                    "start": 358,
                    "end": 363,
                    "label": "개인정보"
                }
            ]
        },
        {
            "sentence": "소프트웨어 및 AI 개선\\n D-1. 예측유지보수 모델 재학습 및 튜닝 (한빛 AI-CPS 연동)\\ - 데이터셋: 2019~2025 센서 로그(누락값 처리 및 이상치 제거), 최근 6개월의 고장 레이블 데이터 포함.\\ - 피처 엔지니어링: 진동 스펙트럼 특징(스펙트럴 센트로이드, RMS, 펄스지수), 온도 상승율, 토크 변동의 표준편차, 비전 불량 패턴의 엔코딩(원-핫 + 주파수 기반).\\ - 모델 아키텍처: 앙상블 모델(XGBoost 기반 특성 + LSTM 시계열 모델) 사용.",
            "id": "sample_001_0083_000048",
            "annotations": [
                {
                    "word": "한빛 AI-CPS",
                    "start": 41,
                    "end": 50,
                    "label": "기밀정보"
                },
                {
                    "word": "2019",
                    "start": 64,
                    "end": 68,
                    "label": "준식별자"
                },
                {
                    "word": "202",
                    "start": 69,
                    "end": 72,
                    "label": "준식별자"
                },
                {
                    "word": "엔지니어",
                    "start": 127,
                    "end": 131,
                    "label": "준식별자"
                }
            ]
        },
        {
            "sentence": "LSTM은 시계열 패턴 인식(윈도우 60분)을 담당하고 XGBoost는 이벤트 기반 스코어 산출.\\ - 성능지표: 재현율(Recall) ≥ 0.92, 정밀도(Precision) ≥ 0.88, F1-score ≥ 0.90 목표.\\ - 운영 절차: 모델 배포는 카나리 릴리즈 방식으로 적용(첫 2주간은 모니터링 모드, 알람만 전송 후 결정).",
            "id": "sample_001_0083_000049",
            "annotations": []
        },
        {
            "sentence": "모델 Drift 감지 시 자동 재학습 워크플로우(데이터 파이프라인 → 데이터 검증 → 학습 → 검증 → 승인 → 배포)를 운영.\\\\n D-2. PLC 펌웨어 최적화 및 제어 루프 개선\\ - 제어 루프 주기 개선: 기존 100ms → 50ms로 주기 단축 가능 여부 검토(네트워크 레이턴시 개선 후 적용).\\ - PID 게인 재튜닝: 컨베이어 속도 제어용 PID 파라미터의 이득 조정(R,Kt 등), 자동 튜닝 모드 추가.\\ - 장애 페일오버 로직: 주 제어 PLC 장애 시 보조 PLC로 자동 전환(전환시간 목표 150ms 미만).\\\\nE.",
            "id": "sample_001_0083_000050",
            "annotations": [
                {
                    "word": "PLC",
                    "start": 80,
                    "end": 83,
                    "label": "준식별자"
                },
                {
                    "word": "100",
                    "start": 122,
                    "end": 125,
                    "label": "개인정보"
                },
                {
                    "word": "PLC",
                    "start": 256,
                    "end": 259,
                    "label": "준식별자"
                },
                {
                    "word": "PLC",
                    "start": 268,
                    "end": 271,
                    "label": "준식별자"
                }
            ]
        },
        {
            "sentence": "유지보수 및 교육\\ - 정기 점검 항목 업데이트: 베어링 윤활 주기, 벨트 장력 체크, 비전 카메라 클리닝 주기 표준화.\\ - 기술자 교육: 신규 드라이브·센서·비전 시스템에 관한 2일(16시간) 교육 프로그램 운영(내부 강사: 김도현, 외부 제조사 엔지니어 포함).\\ - 점검 체크리스트 및 표준작업서(SOP) 배포: 현장 기술자용 매뉴얼(체크리스트 포함) 작성 및 현장 비치.\\\\n4. 단계별 추진 일정 (세부 마일스톤)\\n- 사전준비(Week 0~1): 자재 발주, 부품 수급 확인, 작업 인력 배정, 안전 위험성 평가(RA) 수행.\\n- 1단계 교체작업(Week 2~3): 드라이브 및 베어링 교체, 컨베이어 가이드 교체(야간2교대, 총 6일 예상).\\n- 2단계 비전·조명 업그레이드(Week 4): 비전 유닛 및 조명 설치, 캘리브레이션 및 검사 알고리즘 초기 튜닝(총 4일).\\n- 3단계 네트워크·센서 교체(Week 5): 엣지 게이트웨이 설치, 센서 교체 및 통신 검증(총 3일).\\n- 4단계 SW 배포 및 모델 튜닝(Week 6~8): 모델 학습·검증·카나리 배포(총 3주).\\n- 5단계 통합시운전(Week 9): 무부하 시운전 → 부분 부하 시운전 → 정규 생산 전환(총 5일).\\n- 6단계 성능모니터링(Week 10~14): KPI 모니터링(가동률·불량률·MTTR 등) 및 보완조치(월간 보고서 제출).\\n\\n5. 비용 산정(예상)\\n- 하드웨어 비용:\\ - TQ-DRV-40 드라이브 x2: 15,000,000원\\ - HB-BRG-HL120 베어링 x4: 1,200,000원\\ - VSI-400 비전유닛 x2: 8,000,000원\\ - 엣지 게이트웨이 HB-EDGE-GW-01 x2: 3,000,000원\\ - 센서(온도/진동) 일체: 2,200,000원\\ - 예비부품 및 소모품: 1,100,000원\\- 소프트웨어 및 통합 비용:\\ - AI 모델 재개발 및 튜닝(내부 인건비 포함): 6,500,000원\\ - PLC 펌웨어 최적화 및 테스트: 2,000,000원\\- 설치 및 인건비(외주 포함): 4,500,000원\\- 교육 및 문서화: 800,000원\\- 비상 예비비(프로젝트 총액의 8%): 2,100,000원\\- 합계(예상): 46,400,000원 (부가세 별도)\\n\\n6. 기대효과(정량적/정성적)\\n- 정량적: 가동률 92.1% → 96.6% (증가 4.5%p), 불량률 2.8% → 1.9% (약 32% 감소), 연간 유지보수 비용 18% 절감(예상).\\n- 정성적: 검사 신뢰도 향상으로 고객사 클레임 감소, 현장 기술자의 작업 편의성 향상, 설비 수명 연장.\\n\\n7. 리스크 및 대안\\n- 리스크 1: 부품 수급 지연(특히 비전 유닛) → 대안: 국내 대체 공급사 확보 및 대체 모델 검증(예비 모델 목록 준비).\\n- 리스크 2: 모델 성능 미달 시 기존 운영 혼란 → 대안: 카나리 릴리즈 및 롤백 계획 수립(롤백 절차 문서화).\\n- 리스크 3: 통신 이중화 실패 시 제어 루프 지연 → 대안: 현장 로컬 제어(Stand-alone) 모드 유지, 수동 제어 SOP 마련.\\n\\n8. 테스트 계획 및 성능 검증\\n- 사전검증: 각 모듈 별 FAT(Factory Acceptance Test) 시나리오 수립(항목: 토크 테스트, 베어링 온도상승, 진동 스펙, 비전 검출율, 네트워크 레이턴시 측정).\\- 통합검증: SIT(System Integration Test) 후 72시간 연속 운전 테스트(데이터 로깅 및 에러 발생 시 원인 분석).\\- 사후모니터링: 개선 후 3개월(Week 10~22) 동안 주간 성능 리포트 제출(가동률·불량률·MTTR·예측알람 오탐율/누락율 등).\\n\\n9. 품질보증 및 문서화\\n- 교체 부품에 대한 품질보증: 공급사 별 12개월 품질보증서 확보.\\- 작업결과 보고서: 설치 완료 후 '설치완료 보고서' 및 '시험성적서' 제출.\\- 유지보수 매뉴얼: 개정된 SOP 및 정기점검표를 기술부에서 작성하여 현장 배포.\\n\\n10. 안전 및 환경 고려사항\\n- 전기적 안전: 전원 차단 후 작업(LOTO) 시행, 전기적 접지 및 누전차단기 점검.\\- 화학물질: 윤활유 교체 시 폐유 회수 및 외부 전문업체 위탁 처리.\\- 작업 환경: 야간 작업 시 조명 보강, 안전가드 설치 및 고정.\\n\\n11. 권한 및 책임 구분\\n- 프로젝트 책임자(프로젝트 매니저): 김도현(기술부장)\\- 현장 수석 엔지니어(설치 주관): 박준호(엔지니어, HB-T-0020)\\- 시스템 통합 및 SW 담당: 이수민(선임엔지니어)\\- 안전 담당: 정지윤(안전관리자, HB-SAFE-0005)\\n\\n12. 첨부(예비자료 목록)\\n- A.",
            "id": "sample_001_0083_000051",
            "annotations": [
                {
                    "word": "김도현",
                    "start": 128,
                    "end": 131,
                    "label": "개인정보"
                },
                {
                    "word": "엔지니어",
                    "start": 140,
                    "end": 144,
                    "label": "준식별자"
                },
                {
                    "word": "15,000,000원",
                    "start": 739,
                    "end": 750,
                    "label": "기밀정보"
                },
                {
                    "word": "120",
                    "start": 763,
                    "end": 766,
                    "label": "준식별자"
                },
                {
                    "word": "1,200,000원",
                    "start": 775,
                    "end": 785,
                    "label": "기밀정보"
                },
                {
                    "word": "EDGE-GW-01",
                    "start": 832,
                    "end": 842,
                    "label": "기밀정보"
                },
                {
                    "word": "3,000,000원",
                    "start": 847,
                    "end": 857,
                    "label": "기밀정보"
                },
                {
                    "word": "200",
                    "start": 877,
                    "end": 880,
                    "label": "개인정보"
                },
                {
                    "word": "100",
                    "start": 903,
                    "end": 906,
                    "label": "개인정보"
                },
                {
                    "word": "AI 모델",
                    "start": 932,
                    "end": 937,
                    "label": "준식별자"
                },
                {
                    "word": "PLC",
                    "start": 973,
                    "end": 976,
                    "label": "준식별자"
                },
                {
                    "word": "2,000,000원",
                    "start": 992,
                    "end": 1002,
                    "label": "기밀정보"
                },
                {
                    "word": "예비비",
                    "start": 1059,
                    "end": 1062,
                    "label": "기밀정보"
                },
                {
                    "word": "8%",
                    "start": 1072,
                    "end": 1074,
                    "label": "기밀정보"
                },
                {
                    "word": "100",
                    "start": 1079,
                    "end": 1082,
                    "label": "개인정보"
                },
                {
                    "word": "8%",
                    "start": 1183,
                    "end": 1185,
                    "label": "기밀정보"
                },
                {
                    "word": "8%",
                    "start": 1217,
                    "end": 1219,
                    "label": "기밀정보"
                },
                {
                    "word": "72시간",
                    "start": 1689,
                    "end": 1693,
                    "label": "준식별자"
                },
                {
                    "word": "기술부",
                    "start": 1937,
                    "end": 1940,
                    "label": "준식별자"
                },
                {
                    "word": "프로젝트 매니저",
                    "start": 2134,
                    "end": 2142,
                    "label": "준식별자"
                },
                {
                    "word": "김도현",
                    "start": 2145,
                    "end": 2148,
                    "label": "개인정보"
                },
                {
                    "word": "기술부장",
                    "start": 2149,
                    "end": 2153,
                    "label": "준식별자"
                },
                {
                    "word": "수석 엔지니어",
                    "start": 2160,
                    "end": 2167,
                    "label": "준식별자"
                },
                {
                    "word": "박준호",
                    "start": 2176,
                    "end": 2179,
                    "label": "개인정보"
                },
                {
                    "word": "엔지니어",
                    "start": 2180,
                    "end": 2184,
                    "label": "준식별자"
                },
                {
                    "word": "HB-T-0020",
                    "start": 2186,
                    "end": 2195,
                    "label": "개인정보"
                },
                {
                    "word": "이수민(선임엔지니어)",
                    "start": 2215,
                    "end": 2226,
                    "label": "기밀정보"
                },
                {
                    "word": "정지윤",
                    "start": 2236,
                    "end": 2239,
                    "label": "개인정보"
                },
                {
                    "word": "안전관리자",
                    "start": 2240,
                    "end": 2245,
                    "label": "준식별자"
                },
                {
                    "word": "HB-SAFE-0005",
                    "start": 2247,
                    "end": 2259,
                    "label": "개인정보"
                }
            ]
        },
        {
            "sentence": "센서 교정서(샘플)\\- B.",
            "id": "sample_001_0083_000052",
            "annotations": []
        },
        {
            "sentence": "신규 드라이브 설치 매뉴얼(제조사 제공)\\- C.",
            "id": "sample_001_0083_000053",
            "annotations": []
        },
        {
            "sentence": "비전 유닛 캘리브레이션 체크리스트\\- D.",
            "id": "sample_001_0083_000054",
            "annotations": []
        },
        {
            "sentence": "네트워크 토폴로지 다이어그램(업데이트 예정)\\- E.",
            "id": "sample_001_0083_000055",
            "annotations": []
        },
        {
            "sentence": "예산 상세 산출표(스프레드시트)\\n(부록: 상세 작업 절차 및 점검표)\\n\\n부록 A — 설치 및 시운전 단계별 절차(세부)\\ 1) 작업 전 준비\\ - 작업자 안전교육 이수 확인(서명부 확보).\\ - 전원 차단 및 LOTO 시행.\\ - 필요 공구 및 자재 목록 확보 및 점검.\\ 2) 드라이브·베어링 교체 절차(세부 단계)\\ - 기존 드라이브 전원 차단 및 전선 라벨링(모든 케이블 라벨 부착 규정 준수).\\ - 베어링 히팅 또는 프레스 방식으로 탈거, 샤프트 및 하우징 손상 여부 확인.\\ - 신규 베어링 설치 후 정렬 및 프리로드 측정(토크 렌치로 95% 토크 적용).\\ - 드라이브 장착 후 전기적 결선(케이블 차폐 적용) 및 절연저항 측정.\\ 3) 비전유닛 설치 및 캘리브레이션\\ - 카메라 고정 브라켓 체결(토크 규정 준수), 렌즈 클리닝 및 보호 필름 제거.\\ - 조명 각도 및 밝기 보정(광원세기 1,200~1,800 lux 권장).\\ - 캘리브레이션 타겟(정밀 타겟판)으로 화이트밸런스 및 왜곡 보정 수행.\\ 4) 네트워크 구성 및 보안설정\\ - 엣지 게이트웨이 IP 할당(고정 IP), OPC-UA 서버 인증서 설치 및 키 관리 정책 적용.\\ - VLAN 분리(제어/데이터/사무망 분리), 스위치 STP 구성 및 포트 보안 적용.\\ 5) 소프트웨어 배포 및 테스트\\ - 개발환경/테스트환경/운영환경 분리, 카나리 배포 정책 적용.\\ - 데이터 파이프라인 연결 테스트(예: 각 센서 → 엣지 게이트웨이 → 중앙 인제스트 큐).\\ - 알람 시나리오 테스트(알람 발생 시 담당자 알림 체계 점검).\\ 6) 시운전 및 성능확인\\ - 무부하 8시간, 부분부하 24시간, 정상부하 72시간 순차적 운전으로 성능 검증.\\ - 모든 로그는 중앙 DB에 수집, 이상 발생시 기술일보 작성(로그 포함).\\ - 성능기준 미충족 시 즉시 롤백 절차 수행 또는 보완조치 계획 실행.\\n\\n(끝)",
            "id": "sample_001_0083_000056",
            "annotations": [
                {
                    "word": "작업자",
                    "start": 85,
                    "end": 88,
                    "label": "준식별자"
                },
                {
                    "word": "200",
                    "start": 455,
                    "end": 458,
                    "label": "개인정보"
                },
                {
                    "word": "72시간",
                    "start": 832,
                    "end": 836,
                    "label": "준식별자"
                }
            ]
        },
        {
            "sentence": "TQ-DRV-40 드라이브",
            "id": "sample_001_0083_000057",
            "annotations": []
        },
        {
            "sentence": "정격토크 60Nm",
            "id": "sample_001_0083_000058",
            "annotations": []
        },
        {
            "sentence": "현장 맞춤형(한빛파트너)",
            "id": "sample_001_0083_000059",
            "annotations": []
        },
        {
            "sentence": "HB-BRG-HL120 베어링",
            "id": "sample_001_0083_000060",
            "annotations": [
                {
                    "word": "120",
                    "start": 9,
                    "end": 12,
                    "label": "준식별자"
                }
            ]
        },
        {
            "sentence": "고하중 저마찰",
            "id": "sample_001_0083_000061",
            "annotations": []
        },
        {
            "sentence": "한빛솔루션 부품팀",
            "id": "sample_001_0083_000062",
            "annotations": []
        },
        {
            "sentence": "VSI-400 비전유닛",
            "id": "sample_001_0083_000063",
            "annotations": []
        },
        {
            "sentence": "5MP, 산업용",
            "id": "sample_001_0083_000064",
            "annotations": []
        },
        {
            "sentence": "OptiVision Co..",
            "id": "sample_001_0083_000065",
            "annotations": []
        },
        {
            "sentence": "HB-EDGE-GW-01 엣지게이트웨이",
            "id": "sample_001_0083_000066",
            "annotations": [
                {
                    "word": "EDGE-GW-01",
                    "start": 3,
                    "end": 13,
                    "label": "기밀정보"
                }
            ]
        },
        {
            "sentence": "MQTT/OPC-UA 지원",
            "id": "sample_001_0083_000067",
            "annotations": []
        },
        {
            "sentence": "한빛솔루션 네트워크팀",
            "id": "sample_001_0083_000068",
            "annotations": []
        },
        {
            "sentence": "2025-10-06",
            "id": "sample_001_0083_000069",
            "annotations": [
                {
                    "word": "202",
                    "start": 0,
                    "end": 3,
                    "label": "준식별자"
                }
            ]
        },
        {
            "sentence": "2025-12-05",
            "id": "sample_001_0083_000070",
            "annotations": [
                {
                    "word": "202",
                    "start": 0,
                    "end": 3,
                    "label": "준식별자"
                }
            ]
        },
        {
            "sentence": "자재 발주 및 수급 확인",
            "id": "sample_001_0083_000071",
            "annotations": []
        },
        {
            "sentence": "2025-10-10",
            "id": "sample_001_0083_000072",
            "annotations": [
                {
                    "word": "202",
                    "start": 0,
                    "end": 3,
                    "label": "준식별자"
                }
            ]
        },
        {
            "sentence": "1단계 드라이브/베어링 교체",
            "id": "sample_001_0083_000073",
            "annotations": []
        },
        {
            "sentence": "2025-10-24",
            "id": "sample_001_0083_000074",
            "annotations": [
                {
                    "word": "202",
                    "start": 0,
                    "end": 3,
                    "label": "준식별자"
                }
            ]
        },
        {
            "sentence": "비전유닛 업그레이드",
            "id": "sample_001_0083_000075",
            "annotations": []
        },
        {
            "sentence": "2025-11-01",
            "id": "sample_001_0083_000076",
            "annotations": [
                {
                    "word": "202",
                    "start": 0,
                    "end": 3,
                    "label": "준식별자"
                }
            ]
        },
        {
            "sentence": "네트워크 및 센서 교체",
            "id": "sample_001_0083_000077",
            "annotations": []
        },
        {
            "sentence": "2025-11-08",
            "id": "sample_001_0083_000078",
            "annotations": [
                {
                    "word": "202",
                    "start": 0,
                    "end": 3,
                    "label": "준식별자"
                }
            ]
        },
        {
            "sentence": "SW 통합 및 카나리 배포",
            "id": "sample_001_0083_000079",
            "annotations": []
        },
        {
            "sentence": "2025-11-29",
            "id": "sample_001_0083_000080",
            "annotations": [
                {
                    "word": "202",
                    "start": 0,
                    "end": 3,
                    "label": "준식별자"
                }
            ]
        },
        {
            "sentence": "통합시운전 및 검증",
            "id": "sample_001_0083_000081",
            "annotations": []
        },
        {
            "sentence": "2025-12-05",
            "id": "sample_001_0083_000082",
            "annotations": [
                {
                    "word": "202",
                    "start": 0,
                    "end": 3,
                    "label": "준식별자"
                }
            ]
        },
        {
            "sentence": "HB-TECH-PM-20240712-05",
            "id": "sample_001_0083_000083",
            "annotations": [
                {
                    "word": "202",
                    "start": 11,
                    "end": 14,
                    "label": "준식별자"
                }
            ]
        },
        {
            "sentence": "HB-MES-INTG-20230118-02",
            "id": "sample_001_0083_000084",
            "annotations": [
                {
                    "word": "202",
                    "start": 12,
                    "end": 15,
                    "label": "준식별자"
                },
                {
                    "word": "301",
                    "start": 15,
                    "end": 18,
                    "label": "개인정보"
                }
            ]
        },
        {
            "sentence": "설치완료_체크리스트.xlsx",
            "id": "sample_001_0083_000085",
            "annotations": []
        },
        {
            "sentence": "FAT_시나리오.pdf",
            "id": "sample_001_0083_000086",
            "annotations": []
        },
        {
            "sentence": "AI_모델_학습로그.zip",
            "id": "sample_001_0083_000087",
            "annotations": []
        },
        {
            "sentence": "네트워크_토폴로지.png",
            "id": "sample_001_0083_000088",
            "annotations": []
        },
        {
            "sentence": "기술부장",
            "id": "sample_001_0083_000089",
            "annotations": [
                {
                    "word": "기술부장",
                    "start": 0,
                    "end": 4,
                    "label": "준식별자"
                }
            ]
        },
        {
            "sentence": "김도현",
            "id": "sample_001_0083_000090",
            "annotations": [
                {
                    "word": "김도현",
                    "start": 0,
                    "end": 3,
                    "label": "개인정보"
                }
            ]
        },
        {
            "sentence": "기술이사",
            "id": "sample_001_0083_000091",
            "annotations": [
                {
                    "word": "기술이사",
                    "start": 0,
                    "end": 4,
                    "label": "준식별자"
                }
            ]
        },
        {
            "sentence": "오지훈",
            "id": "sample_001_0083_000092",
            "annotations": [
                {
                    "word": "오지훈",
                    "start": 0,
                    "end": 3,
                    "label": "개인정보"
                }
            ]
        },
        {
            "sentence": "대표이사",
            "id": "sample_001_0083_000093",
            "annotations": [
                {
                    "word": "대표이사",
                    "start": 0,
                    "end": 4,
                    "label": "준식별자"
                }
            ]
        },
        {
            "sentence": "박성률",
            "id": "sample_001_0083_000094",
            "annotations": [
                {
                    "word": "박성률",
                    "start": 0,
                    "end": 3,
                    "label": "개인정보"
                }
            ]
        },
        {
            "sentence": "본 보고서는 기술부 내부 검토를 위해 작성되었으며, 최종 확정 전까지는 임시안으로 간주한다.",
            "id": "sample_001_0083_000095",
            "annotations": [
                {
                    "word": "기술부",
                    "start": 7,
                    "end": 10,
                    "label": "준식별자"
                }
            ]
        },
        {
            "sentence": "관련 이해관계자(생산부, 영업부, 관리부 인원)와의 협의가 필요함..",
            "id": "sample_001_0083_000096",
            "annotations": [
                {
                    "word": "생산부",
                    "start": 9,
                    "end": 12,
                    "label": "준식별자"
                },
                {
                    "word": "영업부",
                    "start": 14,
                    "end": 17,
                    "label": "준식별자"
                },
                {
                    "word": "관리부",
                    "start": 19,
                    "end": 22,
                    "label": "준식별자"
                }
            ]
        },
        {
            "sentence": "1.0",
            "id": "sample_001_0083_000097",
            "annotations": []
        },
        {
            "sentence": "2025-09-10",
            "id": "sample_001_0083_000098",
            "annotations": [
                {
                    "word": "2025-09-10",
                    "start": 0,
                    "end": 10,
                    "label": "준식별자"
                }
            ]
        },
        {
            "sentence": "초안 작성",
            "id": "sample_001_0083_000099",
            "annotations": []
        }
    ]
}