{
    "document_id": "001_0079",
    "document_title": "0079",
    "data": [
        {
            "sentence": "설비개선보고서_HB_AI_CPS_Upgrade_202509",
            "id": "sample_001_0079_000001",
            "annotations": [
                {
                    "word": "202",
                    "start": 26,
                    "end": 29,
                    "label": "준식별자"
                }
            ]
        },
        {
            "sentence": "HB-T-2025-0901",
            "id": "sample_001_0079_000002",
            "annotations": [
                {
                    "word": "T-202",
                    "start": 3,
                    "end": 8,
                    "label": "개인정보"
                }
            ]
        },
        {
            "sentence": "v1.0",
            "id": "sample_001_0079_000003",
            "annotations": []
        },
        {
            "sentence": "기술부",
            "id": "sample_001_0079_000004",
            "annotations": [
                {
                    "word": "기술부",
                    "start": 0,
                    "end": 3,
                    "label": "준식별자"
                }
            ]
        },
        {
            "sentence": "김태훈",
            "id": "sample_001_0079_000005",
            "annotations": [
                {
                    "word": "김태훈",
                    "start": 0,
                    "end": 3,
                    "label": "개인정보"
                }
            ]
        },
        {
            "sentence": "수석엔지니어",
            "id": "sample_001_0079_000006",
            "annotations": [
                {
                    "word": "수석엔지니어",
                    "start": 0,
                    "end": 6,
                    "label": "준식별자"
                }
            ]
        },
        {
            "sentence": "T-001",
            "id": "sample_001_0079_000007",
            "annotations": [
                {
                    "word": "T-001",
                    "start": 0,
                    "end": 5,
                    "label": "준식별자"
                }
            ]
        },
        {
            "sentence": "010-9123-4501",
            "id": "sample_001_0079_000008",
            "annotations": [
                {
                    "word": "010-9123-4501",
                    "start": 0,
                    "end": 13,
                    "label": "개인정보"
                }
            ]
        },
        {
            "sentence": "taehoon.kim@hanbitsol.co.kr",
            "id": "sample_001_0079_000009",
            "annotations": [
                {
                    "word": "taehoon.kim@hanbitsol.co.kr",
                    "start": 0,
                    "end": 27,
                    "label": "개인정보"
                }
            ]
        },
        {
            "sentence": "2025-09-01",
            "id": "sample_001_0079_000010",
            "annotations": [
                {
                    "word": "2025-09-01",
                    "start": 0,
                    "end": 10,
                    "label": "준식별자"
                }
            ]
        },
        {
            "sentence": "2025-09-15",
            "id": "sample_001_0079_000011",
            "annotations": [
                {
                    "word": "2025-09-15",
                    "start": 0,
                    "end": 10,
                    "label": "준식별자"
                }
            ]
        },
        {
            "sentence": "2025-10-10",
            "id": "sample_001_0079_000012",
            "annotations": [
                {
                    "word": "202",
                    "start": 0,
                    "end": 3,
                    "label": "준식별자"
                }
            ]
        },
        {
            "sentence": "2025-09-15 ~ 2025-09-17",
            "id": "sample_001_0079_000013",
            "annotations": [
                {
                    "word": "2025-09-15",
                    "start": 0,
                    "end": 10,
                    "label": "준식별자"
                },
                {
                    "word": "202",
                    "start": 13,
                    "end": 16,
                    "label": "준식별자"
                }
            ]
        },
        {
            "sentence": "2025-09-18 ~ 2025-09-23",
            "id": "sample_001_0079_000014",
            "annotations": [
                {
                    "word": "202",
                    "start": 0,
                    "end": 3,
                    "label": "준식별자"
                },
                {
                    "word": "202",
                    "start": 13,
                    "end": 16,
                    "label": "준식별자"
                }
            ]
        },
        {
            "sentence": "2025-09-24 ~ 2025-09-28",
            "id": "sample_001_0079_000015",
            "annotations": [
                {
                    "word": "202",
                    "start": 0,
                    "end": 3,
                    "label": "준식별자"
                },
                {
                    "word": "202",
                    "start": 13,
                    "end": 16,
                    "label": "준식별자"
                }
            ]
        },
        {
            "sentence": "2025-09-29 ~ 2025-10-05",
            "id": "sample_001_0079_000016",
            "annotations": [
                {
                    "word": "202",
                    "start": 0,
                    "end": 3,
                    "label": "준식별자"
                },
                {
                    "word": "202",
                    "start": 13,
                    "end": 16,
                    "label": "준식별자"
                }
            ]
        },
        {
            "sentence": "2025-10-06 ~ 2025-10-10",
            "id": "sample_001_0079_000017",
            "annotations": [
                {
                    "word": "202",
                    "start": 0,
                    "end": 3,
                    "label": "준식별자"
                },
                {
                    "word": "202",
                    "start": 13,
                    "end": 16,
                    "label": "준식별자"
                }
            ]
        },
        {
            "sentence": "한빛 스마트프레스(모델 HB-PR-304)",
            "id": "sample_001_0079_000018",
            "annotations": [
                {
                    "word": "304",
                    "start": 19,
                    "end": 22,
                    "label": "개인정보"
                }
            ]
        },
        {
            "sentence": "EQ-HB-PR-304-07",
            "id": "sample_001_0079_000019",
            "annotations": [
                {
                    "word": "304",
                    "start": 9,
                    "end": 12,
                    "label": "개인정보"
                }
            ]
        },
        {
            "sentence": "본사 공장 2층 조립 라인 A",
            "id": "sample_001_0079_000020",
            "annotations": [
                {
                    "word": "라인 A",
                    "start": 12,
                    "end": 16,
                    "label": "기밀정보"
                }
            ]
        },
        {
            "sentence": "15kW",
            "id": "sample_001_0079_000021",
            "annotations": []
        },
        {
            "sentence": "20초/사이클(기존 평균)",
            "id": "sample_001_0079_000022",
            "annotations": []
        },
        {
            "sentence": "하중센서(모델 LBS-120)",
            "id": "sample_001_0079_000023",
            "annotations": [
                {
                    "word": "120",
                    "start": 12,
                    "end": 15,
                    "label": "준식별자"
                }
            ]
        },
        {
            "sentence": "진동가속도센서(모델 ACC-AX200)",
            "id": "sample_001_0079_000024",
            "annotations": [
                {
                    "word": "200",
                    "start": 17,
                    "end": 20,
                    "label": "개인정보"
                }
            ]
        },
        {
            "sentence": "온도센서(모델 TMP-45)",
            "id": "sample_001_0079_000025",
            "annotations": [
                {
                    "word": "TMP-4",
                    "start": 8,
                    "end": 13,
                    "label": "기밀정보"
                }
            ]
        },
        {
            "sentence": "Siemens S7-1200",
            "id": "sample_001_0079_000026",
            "annotations": [
                {
                    "word": "120",
                    "start": 11,
                    "end": 14,
                    "label": "준식별자"
                }
            ]
        },
        {
            "sentence": "RS485 Modbus",
            "id": "sample_001_0079_000027",
            "annotations": []
        },
        {
            "sentence": "한빛 스마트MES v3.2 연동 모듈",
            "id": "sample_001_0079_000028",
            "annotations": [
                {
                    "word": "한빛 스마트MES",
                    "start": 0,
                    "end": 9,
                    "label": "기밀정보"
                }
            ]
        },
        {
            "sentence": "최근 6개월 간 EQ-HB-PR-304-07 설비에서 불시 정지 및 품질 편차가 증가하였고, 설비 가동률 저하와 불량률 상승으로 인한 손실이 보고됨.",
            "id": "sample_001_0079_000029",
            "annotations": [
                {
                    "word": "304",
                    "start": 18,
                    "end": 21,
                    "label": "개인정보"
                }
            ]
        },
        {
            "sentence": "기존의 진단은 규칙 기반 알람에 의존하여 조기 징후 포착에 한계가 있었음.",
            "id": "sample_001_0079_000030",
            "annotations": []
        },
        {
            "sentence": "한빛 AI-CPS를 기반으로 한 예측유지보수 알고리즘과 센서 업그레이드를 통해 고장 전조를 조기에 탐지하고, 제품 품질 편차를 줄이며 가동률을 향상시키기 위해 본 개선을 기획함..",
            "id": "sample_001_0079_000031",
            "annotations": [
                {
                    "word": "한빛 AI-CPS",
                    "start": 0,
                    "end": 9,
                    "label": "기밀정보"
                }
            ]
        },
        {
            "sentence": "설비 예측 고장 탐지 시점 평균을 기존 2시간 전에서 24시간 전으로 연장(알고리즘 개선 및 센서 강화로 달성)",
            "id": "sample_001_0079_000032",
            "annotations": []
        },
        {
            "sentence": "설비 가동률을 연평균 93% 이상으로 개선 (기준: 최근 6개월 평균 86%)",
            "id": "sample_001_0079_000033",
            "annotations": []
        },
        {
            "sentence": "프레스 공정의 제품 불량률을 0.8% 이하로 감축 (기준: 최근 6개월 평균 1.8%)",
            "id": "sample_001_0079_000034",
            "annotations": [
                {
                    "word": "8%",
                    "start": 18,
                    "end": 20,
                    "label": "기밀정보"
                },
                {
                    "word": "8%",
                    "start": 45,
                    "end": 47,
                    "label": "기밀정보"
                }
            ]
        },
        {
            "sentence": "정기점검 시간 단축으로 연간 정비비용 12% 절감",
            "id": "sample_001_0079_000035",
            "annotations": []
        },
        {
            "sentence": "하드웨어(센서, 엣지컴퓨팅 노드) 업그레이드 및 소프트웨어(데이터 수집 파이프라인, AI 예측모델, 알람/대시보드) 개선을 병행하여 통합 솔루션으로 적용한다.",
            "id": "sample_001_0079_000036",
            "annotations": []
        },
        {
            "sentence": "개선은 현장 중단시간을 최소화하는 절차로 진행되며, 교체 전후 성능 검증을 위한 정량적 테스트를 실시한다..",
            "id": "sample_001_0079_000037",
            "annotations": []
        },
        {
            "sentence": "센서 해상도 및 신뢰성 개선, 엣지 디바이스 연산능력 강화",
            "id": "sample_001_0079_000038",
            "annotations": []
        },
        {
            "sentence": "하중센서 업그레이드",
            "id": "sample_001_0079_000039",
            "annotations": []
        },
        {
            "sentence": "LBS-120(정밀도 ±0.5%)",
            "id": "sample_001_0079_000040",
            "annotations": [
                {
                    "word": "120",
                    "start": 4,
                    "end": 7,
                    "label": "준식별자"
                }
            ]
        },
        {
            "sentence": "LBS-210H(정밀도 ±0.1%, 내충격 설계)",
            "id": "sample_001_0079_000041",
            "annotations": [
                {
                    "word": "210",
                    "start": 4,
                    "end": 7,
                    "label": "준식별자"
                }
            ]
        },
        {
            "sentence": "한빛센서(외주)",
            "id": "sample_001_0079_000042",
            "annotations": []
        },
        {
            "sentence": "진동 가속도 센서 추가 설치(축별)",
            "id": "sample_001_0079_000043",
            "annotations": []
        },
        {
            "sentence": "ACC-AX200(1축)",
            "id": "sample_001_0079_000044",
            "annotations": [
                {
                    "word": "200",
                    "start": 6,
                    "end": 9,
                    "label": "개인정보"
                }
            ]
        },
        {
            "sentence": "ACC-AX500(3축, 온보드 FFT 기능)",
            "id": "sample_001_0079_000045",
            "annotations": []
        },
        {
            "sentence": "센서코리아",
            "id": "sample_001_0079_000046",
            "annotations": [
                {
                    "word": "센서코리아",
                    "start": 0,
                    "end": 5,
                    "label": "기밀정보"
                }
            ]
        },
        {
            "sentence": "엣지컴퓨팅 노드(현장 AI 인퍼런스)",
            "id": "sample_001_0079_000047",
            "annotations": [
                {
                    "word": "현장 A",
                    "start": 9,
                    "end": 13,
                    "label": "준식별자"
                }
            ]
        },
        {
            "sentence": "HB-EDGE-2000",
            "id": "sample_001_0079_000048",
            "annotations": [
                {
                    "word": "2000",
                    "start": 8,
                    "end": 12,
                    "label": "기밀정보"
                }
            ]
        },
        {
            "sentence": "NVIDIA Jetson Orin NX 기반, 8GB, 4xLAN, 1TB NVMe",
            "id": "sample_001_0079_000049",
            "annotations": []
        },
        {
            "sentence": "로컬 전처리, 이상징후 초기 탐지, 다운샘플링 및 암호화 전송",
            "id": "sample_001_0079_000050",
            "annotations": []
        },
        {
            "sentence": "네트워크 스위치(산업용)",
            "id": "sample_001_0079_000051",
            "annotations": []
        },
        {
            "sentence": "NetCore-ISW-8P",
            "id": "sample_001_0079_000052",
            "annotations": []
        },
        {
            "sentence": "데이터 유실 방지 및 실시간 이상감지 정확도 향상",
            "id": "sample_001_0079_000053",
            "annotations": []
        },
        {
            "sentence": "데이터 수집 파이프라인 개선",
            "id": "sample_001_0079_000054",
            "annotations": []
        },
        {
            "sentence": "엣지에서의 전처리(노이즈 제거, 윈도우기반 집계) 적용, 전송 시 TLS 1.3 암호화, 메시지 큐로 Kafka 도입",
            "id": "sample_001_0079_000055",
            "annotations": []
        },
        {
            "sentence": "AI 예측모델 고도화",
            "id": "sample_001_0079_000056",
            "annotations": []
        },
        {
            "sentence": "기존: 단일 시계열 기반 임계값 모델",
            "id": "sample_001_0079_000057",
            "annotations": []
        },
        {
            "sentence": "개선: CNN-LSTM 하이브리드 모델(멀티채널 시계열 입력), 앙상블 학습으로 이상탐지 및 고장유형 분류",
            "id": "sample_001_0079_000058",
            "annotations": []
        },
        {
            "sentence": "입력특징: 하중, 진동(3축), 온도, 사이클시간, 전력 소비",
            "id": "sample_001_0079_000059",
            "annotations": []
        },
        {
            "sentence": "학습데이터: 과거 24개월 로그, 레이블링: 고장발생 이력(정지, 성능저하, 품질불량)",
            "id": "sample_001_0079_000060",
            "annotations": [
                {
                    "word": "24개월",
                    "start": 10,
                    "end": 14,
                    "label": "기밀정보"
                }
            ]
        },
        {
            "sentence": "모델 배포 및 업데이트",
            "id": "sample_001_0079_000061",
            "annotations": []
        },
        {
            "sentence": "컨테이너 기반 모델 배포(Kubernetes Edge Node), 모델 A/B 테스트 및 롤백 정책 명시",
            "id": "sample_001_0079_000062",
            "annotations": []
        },
        {
            "sentence": "알람 및 대시보드 개선",
            "id": "sample_001_0079_000063",
            "annotations": []
        },
        {
            "sentence": "예측 고장 확률, 고장 유형 예측, 추천조치 포함.",
            "id": "sample_001_0079_000064",
            "annotations": []
        },
        {
            "sentence": "모바일 push 알림과 SMS 연동(긴급)..",
            "id": "sample_001_0079_000065",
            "annotations": []
        },
        {
            "sentence": "￦32,480,000",
            "id": "sample_001_0079_000066",
            "annotations": []
        },
        {
            "sentence": "하중센서 LBS-210H (수량 4)",
            "id": "sample_001_0079_000067",
            "annotations": [
                {
                    "word": "210",
                    "start": 9,
                    "end": 12,
                    "label": "준식별자"
                }
            ]
        },
        {
            "sentence": "￦1,200,000",
            "id": "sample_001_0079_000068",
            "annotations": [
                {
                    "word": "200",
                    "start": 3,
                    "end": 6,
                    "label": "개인정보"
                }
            ]
        },
        {
            "sentence": "￦4,800,000",
            "id": "sample_001_0079_000069",
            "annotations": []
        },
        {
            "sentence": "진동센서 ACC-AX500 (수량 6)",
            "id": "sample_001_0079_000070",
            "annotations": []
        },
        {
            "sentence": "￦650,000",
            "id": "sample_001_0079_000071",
            "annotations": []
        },
        {
            "sentence": "￦3,900,000",
            "id": "sample_001_0079_000072",
            "annotations": []
        },
        {
            "sentence": "엣지컴퓨팅 노드 HB-EDGE-2000 (수량 2)",
            "id": "sample_001_0079_000073",
            "annotations": [
                {
                    "word": "2000",
                    "start": 17,
                    "end": 21,
                    "label": "기밀정보"
                }
            ]
        },
        {
            "sentence": "￦6,500,000",
            "id": "sample_001_0079_000074",
            "annotations": []
        },
        {
            "sentence": "￦13,000,000",
            "id": "sample_001_0079_000075",
            "annotations": []
        },
        {
            "sentence": "네트워크 스위치 및 케이블",
            "id": "sample_001_0079_000076",
            "annotations": []
        },
        {
            "sentence": "￦1,200,000",
            "id": "sample_001_0079_000077",
            "annotations": [
                {
                    "word": "200",
                    "start": 3,
                    "end": 6,
                    "label": "개인정보"
                }
            ]
        },
        {
            "sentence": "￦1,200,000",
            "id": "sample_001_0079_000078",
            "annotations": [
                {
                    "word": "200",
                    "start": 3,
                    "end": 6,
                    "label": "개인정보"
                }
            ]
        },
        {
            "sentence": "소프트웨어 개발 및 모델 고도화(인건비)",
            "id": "sample_001_0079_000079",
            "annotations": []
        },
        {
            "sentence": "￦2,800,000",
            "id": "sample_001_0079_000080",
            "annotations": [
                {
                    "word": "￦2,800,000",
                    "start": 0,
                    "end": 10,
                    "label": "기밀정보"
                }
            ]
        },
        {
            "sentence": "￦2,800,000",
            "id": "sample_001_0079_000081",
            "annotations": [
                {
                    "word": "￦2,800,000",
                    "start": 0,
                    "end": 10,
                    "label": "기밀정보"
                }
            ]
        },
        {
            "sentence": "현장설치/테스트 인건비",
            "id": "sample_001_0079_000082",
            "annotations": []
        },
        {
            "sentence": "￦2,780,000",
            "id": "sample_001_0079_000083",
            "annotations": []
        },
        {
            "sentence": "￦2,780,000",
            "id": "sample_001_0079_000084",
            "annotations": []
        },
        {
            "sentence": "예비부품 및 예비비(10%)",
            "id": "sample_001_0079_000085",
            "annotations": [
                {
                    "word": "예비비",
                    "start": 7,
                    "end": 10,
                    "label": "기밀정보"
                }
            ]
        },
        {
            "sentence": "￦2,000,000",
            "id": "sample_001_0079_000086",
            "annotations": []
        },
        {
            "sentence": "견적은 세금 및 배송비 포함 전 금액, 실제 계약 시 변동 가능",
            "id": "sample_001_0079_000087",
            "annotations": []
        },
        {
            "sentence": "사전점검 및 백업",
            "id": "sample_001_0079_000088",
            "annotations": []
        },
        {
            "sentence": "작업 전 설비 상태 점검표 작성(첨부 A), PLC 및 현장 데이터의 완전 백업 수행.",
            "id": "sample_001_0079_000089",
            "annotations": [
                {
                    "word": "PLC",
                    "start": 25,
                    "end": 28,
                    "label": "준식별자"
                }
            ]
        },
        {
            "sentence": "MES 연계 포인트 및 데이터베이스 스냅샷 생성.",
            "id": "sample_001_0079_000090",
            "annotations": []
        },
        {
            "sentence": "작업시간 동안의 작업자 안전교육 실시..",
            "id": "sample_001_0079_000091",
            "annotations": [
                {
                    "word": "작업자",
                    "start": 9,
                    "end": 12,
                    "label": "준식별자"
                }
            ]
        },
        {
            "sentence": "전원 차단 및 물리적 교체",
            "id": "sample_001_0079_000092",
            "annotations": []
        },
        {
            "sentence": "설비 전원 차단(락아웃 태그아웃 절차 준수).",
            "id": "sample_001_0079_000093",
            "annotations": []
        },
        {
            "sentence": "기존 센서 탈거 및 신규 센서 장착.",
            "id": "sample_001_0079_000094",
            "annotations": []
        },
        {
            "sentence": "엣지 노드 고정 및 산업용 스위치 연결.",
            "id": "sample_001_0079_000095",
            "annotations": []
        },
        {
            "sentence": "케이블 마킹 및 배선 정리..",
            "id": "sample_001_0079_000096",
            "annotations": []
        },
        {
            "sentence": "펌웨어 및 드라이버 설치",
            "id": "sample_001_0079_000097",
            "annotations": []
        },
        {
            "sentence": "센서 드라이버 및 엣지 노드 펌웨어 업로드.",
            "id": "sample_001_0079_000098",
            "annotations": []
        },
        {
            "sentence": "PLC와의 통신 인터페이스(MODBUS RTU->TCP Gateway 설정) 점검.",
            "id": "sample_001_0079_000099",
            "annotations": [
                {
                    "word": "PLC",
                    "start": 0,
                    "end": 3,
                    "label": "준식별자"
                }
            ]
        },
        {
            "sentence": "암호화 설정 및 인증서 설치..",
            "id": "sample_001_0079_000100",
            "annotations": []
        },
        {
            "sentence": "데이터 수집 라인 구성",
            "id": "sample_001_0079_000101",
            "annotations": []
        },
        {
            "sentence": "엣지 노드에서 Kafka 토픽 구성, 메시지 포맷 정의(JSON 스키마 포함).",
            "id": "sample_001_0079_000102",
            "annotations": []
        },
        {
            "sentence": "로컬 전처리 파이프라인(필터, 윈도우, 피쳐추출) 적용.",
            "id": "sample_001_0079_000103",
            "annotations": []
        },
        {
            "sentence": "전송 테스트 및 패킷 손실률 확인..",
            "id": "sample_001_0079_000104",
            "annotations": []
        },
        {
            "sentence": "AI 모델 배포 및 튜닝",
            "id": "sample_001_0079_000105",
            "annotations": [
                {
                    "word": "AI 모델",
                    "start": 0,
                    "end": 5,
                    "label": "준식별자"
                }
            ]
        },
        {
            "sentence": "컨테이너화 된 CNN-LSTM 모델을 엣지와 중앙서버에 배포.",
            "id": "sample_001_0079_000106",
            "annotations": []
        },
        {
            "sentence": "초기 학습 모델과 현장 데이터를 이용한 온라인 보정(Transfer Learning) 시행.",
            "id": "sample_001_0079_000107",
            "annotations": []
        },
        {
            "sentence": "모델 임계값(경고/주의/긴급) 설정..",
            "id": "sample_001_0079_000108",
            "annotations": []
        },
        {
            "sentence": "통합테스트 및 성능확인",
            "id": "sample_001_0079_000109",
            "annotations": []
        },
        {
            "sentence": "시뮬레이션 및 실제 공정 운전 중 이상징후 인위 발생 테스트(시나리오 6종).",
            "id": "sample_001_0079_000110",
            "annotations": []
        },
        {
            "sentence": "감지율(Recall), 오탐률(False Positive Rate), 평균경보시간(MTTD)등 정량적 지표 측정.",
            "id": "sample_001_0079_000111",
            "annotations": []
        },
        {
            "sentence": "테스트 결과 문서화..",
            "id": "sample_001_0079_000112",
            "annotations": []
        },
        {
            "sentence": "운영 이관 및 교육",
            "id": "sample_001_0079_000113",
            "annotations": []
        },
        {
            "sentence": "운영담당자 및 정비팀 대상 교육(현장 실습 포함) 실시.",
            "id": "sample_001_0079_000114",
            "annotations": []
        },
        {
            "sentence": "운영 메뉴얼 및 점검표 전달.",
            "id": "sample_001_0079_000115",
            "annotations": []
        },
        {
            "sentence": "정기점검 주기 및 모델 재학습 주기 설정..",
            "id": "sample_001_0079_000116",
            "annotations": []
        },
        {
            "sentence": "교체 전후 성능 비교를 통해 개선 효과를 정량적으로 입증",
            "id": "sample_001_0079_000117",
            "annotations": []
        },
        {
            "sentence": "베어링 마모 시뮬레이션",
            "id": "sample_001_0079_000118",
            "annotations": []
        },
        {
            "sentence": "진동 패턴 조작(인위 진동발생기 사용), 하중 변화 시뮬레이션",
            "id": "sample_001_0079_000119",
            "annotations": []
        },
        {
            "sentence": "진동 스펙트럼의 고조파 증가 감지",
            "id": "sample_001_0079_000120",
            "annotations": []
        },
        {
            "sentence": "모델의 고장 확률 상향 반응 시간",
            "id": "sample_001_0079_000121",
            "annotations": []
        },
        {
            "sentence": "급격한 온도상승(전원이상 유발)",
            "id": "sample_001_0079_000122",
            "annotations": []
        },
        {
            "sentence": "히터를 이용한 국소 온도 상승, 전력 소비 모니터링",
            "id": "sample_001_0079_000123",
            "annotations": []
        },
        {
            "sentence": "온도센서 응답속도",
            "id": "sample_001_0079_000124",
            "annotations": []
        },
        {
            "sentence": "알람 발생 시간",
            "id": "sample_001_0079_000125",
            "annotations": []
        },
        {
            "sentence": "제품 품질 영향",
            "id": "sample_001_0079_000126",
            "annotations": []
        },
        {
            "sentence": "임의 불균형 하중",
            "id": "sample_001_0079_000127",
            "annotations": []
        },
        {
            "sentence": "프레스 공정 중 적재 편차 유도",
            "id": "sample_001_0079_000128",
            "annotations": []
        },
        {
            "sentence": "하중 편차 감지 정밀도",
            "id": "sample_001_0079_000129",
            "annotations": []
        },
        {
            "sentence": "연속생산 중 불량률 변화",
            "id": "sample_001_0079_000130",
            "annotations": []
        },
        {
            "sentence": "목표 >= 0.92",
            "id": "sample_001_0079_000131",
            "annotations": []
        },
        {
            "sentence": "목표 <= 0.07",
            "id": "sample_001_0079_000132",
            "annotations": []
        },
        {
            "sentence": "목표 <= 2시간(기존 6시간 대비 개선)",
            "id": "sample_001_0079_000133",
            "annotations": []
        },
        {
            "sentence": "목표 >= 93%",
            "id": "sample_001_0079_000134",
            "annotations": []
        },
        {
            "sentence": "운영 환경과 동일한 전력, 온도, 습도에서 테스트 수행.",
            "id": "sample_001_0079_000135",
            "annotations": []
        },
        {
            "sentence": "모든 테스트는 기록 장치로 로그(원시데이터) 저장..",
            "id": "sample_001_0079_000136",
            "annotations": []
        },
        {
            "sentence": "현장 적용 전 실험실 예비시뮬레이션 결과, CNN-LSTM 모델은 기존 임계값 방식 대비 고장 조기탐지 평균 지연을 18시간 개선하였고, 오탐율은 6.1% 수준으로 목표치 내로 확인됨.",
            "id": "sample_001_0079_000137",
            "annotations": []
        },
        {
            "sentence": "모델은 베어링 마모 시나리오에서 0.94의 Recall을 달성함..",
            "id": "sample_001_0079_000138",
            "annotations": []
        },
        {
            "sentence": "TST-LAB-001",
            "id": "sample_001_0079_000139",
            "annotations": [
                {
                    "word": "001",
                    "start": 8,
                    "end": 11,
                    "label": "개인정보"
                }
            ]
        },
        {
            "sentence": "베어링 마모 시뮬레이션",
            "id": "sample_001_0079_000140",
            "annotations": []
        },
        {
            "sentence": "2025-08-10 09:00",
            "id": "sample_001_0079_000141",
            "annotations": [
                {
                    "word": "202",
                    "start": 0,
                    "end": 3,
                    "label": "준식별자"
                }
            ]
        },
        {
            "sentence": "2025-08-10 12:00",
            "id": "sample_001_0079_000142",
            "annotations": [
                {
                    "word": "202",
                    "start": 0,
                    "end": 3,
                    "label": "준식별자"
                }
            ]
        },
        {
            "sentence": "Recall 0.94, FPR 0.055, 평균탐지시간 1.6시간",
            "id": "sample_001_0079_000143",
            "annotations": []
        },
        {
            "sentence": "/data/testlab/TST-LAB-001/raw/",
            "id": "sample_001_0079_000144",
            "annotations": [
                {
                    "word": "001",
                    "start": 22,
                    "end": 25,
                    "label": "개인정보"
                }
            ]
        },
        {
            "sentence": "FFT 스펙트럼의 특정 고조파 3개 대역에서 유의미한 에너지 증가 관찰",
            "id": "sample_001_0079_000145",
            "annotations": []
        },
        {
            "sentence": "TST-LAB-002",
            "id": "sample_001_0079_000146",
            "annotations": []
        },
        {
            "sentence": "온도상승 시뮬레이션",
            "id": "sample_001_0079_000147",
            "annotations": []
        },
        {
            "sentence": "2025-08-12 10:00",
            "id": "sample_001_0079_000148",
            "annotations": [
                {
                    "word": "202",
                    "start": 0,
                    "end": 3,
                    "label": "준식별자"
                }
            ]
        },
        {
            "sentence": "2025-08-12 14:00",
            "id": "sample_001_0079_000149",
            "annotations": [
                {
                    "word": "202",
                    "start": 0,
                    "end": 3,
                    "label": "준식별자"
                }
            ]
        },
        {
            "sentence": "센서 응답 지연 없음, 모델 경보는 온도상승 시작 후 평균 0.8시간 내 발생",
            "id": "sample_001_0079_000150",
            "annotations": []
        },
        {
            "sentence": "/data/testlab/TST-LAB-002/raw/",
            "id": "sample_001_0079_000151",
            "annotations": []
        },
        {
            "sentence": "온도와 진동의 교차특징이 조기탐지에 기여함",
            "id": "sample_001_0079_000152",
            "annotations": []
        },
        {
            "sentence": "현장 적용 시에는 전산 네트워크 특성, 전기노이즈 등 환경 차이로 성능 오차가 발생할 수 있으므로 현장 보정(Transfer Learning)을 권장",
            "id": "sample_001_0079_000153",
            "annotations": []
        },
        {
            "sentence": "월 1회(센서 캘리브레이션), 분기 1회(모델 성능 평가)",
            "id": "sample_001_0079_000154",
            "annotations": []
        },
        {
            "sentence": "분기마다 재학습(또는 데이터 누적이 1만 건 이상일 경우 즉시 재학습)",
            "id": "sample_001_0079_000155",
            "annotations": []
        },
        {
            "sentence": "데이터 원본은 30일 롤링 스토리지, 요약 지표는 3년 보관",
            "id": "sample_001_0079_000156",
            "annotations": []
        },
        {
            "sentence": "우선순위: 안전사고 > 생산중단 > 성능저하",
            "id": "sample_001_0079_000157",
            "annotations": []
        },
        {
            "sentence": "긴급연락망: 기술부 담당자(김태훈 010-9123-4501), 현장 엔지니어(이수민 010-8234-5612), 외주지원(센서코리아 긴급지원 070-7890-2233)",
            "id": "sample_001_0079_000158",
            "annotations": [
                {
                    "word": "김태훈",
                    "start": 15,
                    "end": 18,
                    "label": "개인정보"
                },
                {
                    "word": "010-9123-4501",
                    "start": 19,
                    "end": 32,
                    "label": "개인정보"
                },
                {
                    "word": "이수민",
                    "start": 43,
                    "end": 46,
                    "label": "개인정보"
                },
                {
                    "word": "010-8234-5612",
                    "start": 47,
                    "end": 60,
                    "label": "개인정보"
                },
                {
                    "word": "기술부",
                    "start": 7,
                    "end": 10,
                    "label": "준식별자"
                },
                {
                    "word": "엔지니어",
                    "start": 38,
                    "end": 42,
                    "label": "준식별자"
                },
                {
                    "word": "센서코리아",
                    "start": 68,
                    "end": 73,
                    "label": "기밀정보"
                },
                {
                    "word": "070-7890-2233",
                    "start": 79,
                    "end": 92,
                    "label": "개인정보"
                }
            ]
        },
        {
            "sentence": "원격지원: SSH 및 VPN 접속으로 원격진단, 필요시 현장출동",
            "id": "sample_001_0079_000159",
            "annotations": []
        },
        {
            "sentence": "현장 네트워크 불안정에 의한 데이터 유실",
            "id": "sample_001_0079_000160",
            "annotations": []
        },
        {
            "sentence": "로컬 엣지에서의 로컬저장 및 재전송 큐 구현, 네트워크 이중화 계획",
            "id": "sample_001_0079_000161",
            "annotations": []
        },
        {
            "sentence": "모델 오탐으로 인한 불필요한 정지",
            "id": "sample_001_0079_000162",
            "annotations": []
        },
        {
            "sentence": "경보 레벨 다단계화(주의/경고/긴급) 및 운영자 확인 프로세스 도입",
            "id": "sample_001_0079_000163",
            "annotations": []
        },
        {
            "sentence": "시운전 중 예기치 않은 안전사고",
            "id": "sample_001_0079_000164",
            "annotations": []
        },
        {
            "sentence": "작업 전 안전교육 및 LOTO(락아웃-태그아웃) 절차 준수, 비상정지 절차 명확화",
            "id": "sample_001_0079_000165",
            "annotations": []
        },
        {
            "sentence": "부품 납기 지연",
            "id": "sample_001_0079_000166",
            "annotations": []
        },
        {
            "sentence": "국내 복수 공급사 확보 및 예비부품 목록 유지",
            "id": "sample_001_0079_000167",
            "annotations": []
        },
        {
            "sentence": "현장운영자(조립라인 A 운영팀)",
            "id": "sample_001_0079_000168",
            "annotations": [
                {
                    "word": "라인 A",
                    "start": 8,
                    "end": 12,
                    "label": "기밀정보"
                }
            ]
        },
        {
            "sentence": "정비팀",
            "id": "sample_001_0079_000169",
            "annotations": []
        },
        {
            "sentence": "품질팀",
            "id": "sample_001_0079_000170",
            "annotations": []
        },
        {
            "sentence": "시스템 개요 및 목적",
            "id": "sample_001_0079_000171",
            "annotations": []
        },
        {
            "sentence": "운영 사용자 인터페이스 가이드",
            "id": "sample_001_0079_000172",
            "annotations": []
        },
        {
            "sentence": "알람 대응 매뉴얼(조치 매뉴얼 포함)",
            "id": "sample_001_0079_000173",
            "annotations": []
        },
        {
            "sentence": "일상 점검 리스트 및 센서 캘리브레이션 방법",
            "id": "sample_001_0079_000174",
            "annotations": []
        },
        {
            "sentence": "2025-10-06(운영자), 2025-10-07(정비팀), 2025-10-08(품질팀)",
            "id": "sample_001_0079_000175",
            "annotations": [
                {
                    "word": "202",
                    "start": 0,
                    "end": 3,
                    "label": "준식별자"
                },
                {
                    "word": "202",
                    "start": 17,
                    "end": 20,
                    "label": "준식별자"
                },
                {
                    "word": "202",
                    "start": 34,
                    "end": 37,
                    "label": "준식별자"
                }
            ]
        },
        {
            "sentence": "이수민",
            "id": "sample_001_0079_000176",
            "annotations": [
                {
                    "word": "이수민",
                    "start": 0,
                    "end": 3,
                    "label": "개인정보"
                }
            ]
        },
        {
            "sentence": "현장엔지니어",
            "id": "sample_001_0079_000177",
            "annotations": [
                {
                    "word": "현장엔지니어",
                    "start": 0,
                    "end": 6,
                    "label": "준식별자"
                }
            ]
        },
        {
            "sentence": "T-002",
            "id": "sample_001_0079_000178",
            "annotations": [
                {
                    "word": "T-002",
                    "start": 0,
                    "end": 5,
                    "label": "준식별자"
                }
            ]
        },
        {
            "sentence": "010-8234-5612",
            "id": "sample_001_0079_000179",
            "annotations": [
                {
                    "word": "010-8234-5612",
                    "start": 0,
                    "end": 13,
                    "label": "개인정보"
                }
            ]
        },
        {
            "sentence": "sumin.lee@hanbitsol.co.kr",
            "id": "sample_001_0079_000180",
            "annotations": [
                {
                    "word": "sumin.lee@hanbitsol.co.kr",
                    "start": 0,
                    "end": 25,
                    "label": "개인정보"
                }
            ]
        },
        {
            "sentence": "박준영",
            "id": "sample_001_0079_000181",
            "annotations": [
                {
                    "word": "박준영",
                    "start": 0,
                    "end": 3,
                    "label": "개인정보"
                }
            ]
        },
        {
            "sentence": "기술부장",
            "id": "sample_001_0079_000182",
            "annotations": [
                {
                    "word": "기술부장",
                    "start": 0,
                    "end": 4,
                    "label": "준식별자"
                }
            ]
        },
        {
            "sentence": "T-010",
            "id": "sample_001_0079_000183",
            "annotations": [
                {
                    "word": "T-010",
                    "start": 0,
                    "end": 5,
                    "label": "준식별자"
                }
            ]
        },
        {
            "sentence": "010-7788-3301",
            "id": "sample_001_0079_000184",
            "annotations": [
                {
                    "word": "010-7788-3301",
                    "start": 0,
                    "end": 13,
                    "label": "개인정보"
                }
            ]
        },
        {
            "sentence": "joonyoung.park@hanbitsol.co.kr",
            "id": "sample_001_0079_000185",
            "annotations": [
                {
                    "word": "joonyoung.park@hanbitsol.co.kr",
                    "start": 0,
                    "end": 30,
                    "label": "개인정보"
                }
            ]
        },
        {
            "sentence": "정민수",
            "id": "sample_001_0079_000186",
            "annotations": [
                {
                    "word": "정민수",
                    "start": 0,
                    "end": 3,
                    "label": "개인정보"
                }
            ]
        },
        {
            "sentence": "대표이사",
            "id": "sample_001_0079_000187",
            "annotations": [
                {
                    "word": "대표이사",
                    "start": 0,
                    "end": 4,
                    "label": "준식별자"
                }
            ]
        },
        {
            "sentence": "M-001",
            "id": "sample_001_0079_000188",
            "annotations": [
                {
                    "word": "M-001",
                    "start": 0,
                    "end": 5,
                    "label": "준식별자"
                },
                {
                    "word": "M-001",
                    "start": 0,
                    "end": 5,
                    "label": "개인정보"
                }
            ]
        },
        {
            "sentence": "010-7000-1122",
            "id": "sample_001_0079_000189",
            "annotations": [
                {
                    "word": "010-7000-1122",
                    "start": 0,
                    "end": 13,
                    "label": "개인정보"
                }
            ]
        },
        {
            "sentence": "minsu.jung@hanbitsol.co.kr",
            "id": "sample_001_0079_000190",
            "annotations": [
                {
                    "word": "minsu.jung@hanbitsol.co.kr",
                    "start": 0,
                    "end": 26,
                    "label": "개인정보"
                }
            ]
        },
        {
            "sentence": "2025-09-03",
            "id": "sample_001_0079_000191",
            "annotations": [
                {
                    "word": "202",
                    "start": 0,
                    "end": 3,
                    "label": "준식별자"
                }
            ]
        },
        {
            "sentence": "2025-09-10",
            "id": "sample_001_0079_000192",
            "annotations": [
                {
                    "word": "2025-09-10",
                    "start": 0,
                    "end": 10,
                    "label": "준식별자"
                }
            ]
        },
        {
            "sentence": "생산부",
            "id": "sample_001_0079_000193",
            "annotations": [
                {
                    "word": "생산부",
                    "start": 0,
                    "end": 3,
                    "label": "준식별자"
                }
            ]
        },
        {
            "sentence": "김영선",
            "id": "sample_001_0079_000194",
            "annotations": [
                {
                    "word": "김영선",
                    "start": 0,
                    "end": 3,
                    "label": "개인정보"
                }
            ]
        },
        {
            "sentence": "생산팀장",
            "id": "sample_001_0079_000195",
            "annotations": [
                {
                    "word": "생산팀장",
                    "start": 0,
                    "end": 4,
                    "label": "준식별자"
                }
            ]
        },
        {
            "sentence": "P-003",
            "id": "sample_001_0079_000196",
            "annotations": [
                {
                    "word": "P-003",
                    "start": 0,
                    "end": 5,
                    "label": "준식별자"
                }
            ]
        },
        {
            "sentence": "010-9456-0033",
            "id": "sample_001_0079_000197",
            "annotations": [
                {
                    "word": "010-9456-0033",
                    "start": 0,
                    "end": 13,
                    "label": "개인정보"
                }
            ]
        },
        {
            "sentence": "youngsun.kim@hanbitsol.co.kr",
            "id": "sample_001_0079_000198",
            "annotations": [
                {
                    "word": "youngsun.kim@hanbitsol.co.kr",
                    "start": 0,
                    "end": 28,
                    "label": "개인정보"
                }
            ]
        },
        {
            "sentence": "영업부",
            "id": "sample_001_0079_000199",
            "annotations": [
                {
                    "word": "영업부",
                    "start": 0,
                    "end": 3,
                    "label": "준식별자"
                }
            ]
        },
        {
            "sentence": "손미래",
            "id": "sample_001_0079_000200",
            "annotations": [
                {
                    "word": "손미래",
                    "start": 0,
                    "end": 3,
                    "label": "개인정보"
                }
            ]
        },
        {
            "sentence": "영업담당",
            "id": "sample_001_0079_000201",
            "annotations": [
                {
                    "word": "영업담당",
                    "start": 0,
                    "end": 4,
                    "label": "준식별자"
                }
            ]
        },
        {
            "sentence": "S-005",
            "id": "sample_001_0079_000202",
            "annotations": [
                {
                    "word": "S-005",
                    "start": 0,
                    "end": 5,
                    "label": "준식별자"
                }
            ]
        },
        {
            "sentence": "010-6677-4455",
            "id": "sample_001_0079_000203",
            "annotations": [
                {
                    "word": "010-6677-4455",
                    "start": 0,
                    "end": 13,
                    "label": "개인정보"
                }
            ]
        },
        {
            "sentence": "mirae.son@hanbitsol.co.kr",
            "id": "sample_001_0079_000204",
            "annotations": [
                {
                    "word": "mirae.son@hanbitsol.co.kr",
                    "start": 0,
                    "end": 25,
                    "label": "개인정보"
                }
            ]
        },
        {
            "sentence": "센서코리아",
            "id": "sample_001_0079_000205",
            "annotations": [
                {
                    "word": "센서코리아",
                    "start": 0,
                    "end": 5,
                    "label": "기밀정보"
                }
            ]
        },
        {
            "sentence": "오성진",
            "id": "sample_001_0079_000206",
            "annotations": [
                {
                    "word": "오성진",
                    "start": 0,
                    "end": 3,
                    "label": "개인정보"
                }
            ]
        },
        {
            "sentence": "영업팀 과장",
            "id": "sample_001_0079_000207",
            "annotations": [
                {
                    "word": "과장",
                    "start": 4,
                    "end": 6,
                    "label": "준식별자"
                }
            ]
        },
        {
            "sentence": "070-7890-2233",
            "id": "sample_001_0079_000208",
            "annotations": [
                {
                    "word": "070-7890-2233",
                    "start": 0,
                    "end": 13,
                    "label": "개인정보"
                }
            ]
        },
        {
            "sentence": "sungjin.oh@sensorkorea.co.kr",
            "id": "sample_001_0079_000209",
            "annotations": [
                {
                    "word": "sungjin.oh@sensorkorea.co.kr",
                    "start": 0,
                    "end": 28,
                    "label": "개인정보"
                }
            ]
        },
        {
            "sentence": "진동센서 및 설치 기술지원",
            "id": "sample_001_0079_000210",
            "annotations": []
        },
        {
            "sentence": "한빛센서",
            "id": "sample_001_0079_000211",
            "annotations": []
        },
        {
            "sentence": "이윤정",
            "id": "sample_001_0079_000212",
            "annotations": [
                {
                    "word": "이윤정",
                    "start": 0,
                    "end": 3,
                    "label": "개인정보"
                }
            ]
        },
        {
            "sentence": "납품담당",
            "id": "sample_001_0079_000213",
            "annotations": []
        },
        {
            "sentence": "070-1234-8899",
            "id": "sample_001_0079_000214",
            "annotations": [
                {
                    "word": "070-1234-8899",
                    "start": 0,
                    "end": 13,
                    "label": "개인정보"
                }
            ]
        },
        {
            "sentence": "yunjung.lee@hanbitsensor.kr",
            "id": "sample_001_0079_000215",
            "annotations": [
                {
                    "word": "yunjung.lee@hanbitsensor.kr",
                    "start": 0,
                    "end": 27,
                    "label": "개인정보"
                }
            ]
        },
        {
            "sentence": "하중센서 공급",
            "id": "sample_001_0079_000216",
            "annotations": []
        },
        {
            "sentence": "첨부 A: 사전점검표(설비 상태 체크리스트)",
            "id": "sample_001_0079_000217",
            "annotations": []
        },
        {
            "sentence": "첨부 B: 센서 회로도 및 배선도",
            "id": "sample_001_0079_000218",
            "annotations": []
        },
        {
            "sentence": "첨부 C: 모델 학습 데이터 요약(익명화된 샘플 포함)",
            "id": "sample_001_0079_000219",
            "annotations": []
        },
        {
            "sentence": "첨부 D: 테스트 로그 원본(시뮬레이션)",
            "id": "sample_001_0079_000220",
            "annotations": []
        },
        {
            "sentence": "첨부 E: 안전교육 자료(PDF)",
            "id": "sample_001_0079_000221",
            "annotations": []
        },
        {
            "sentence": "기술부",
            "id": "sample_001_0079_000222",
            "annotations": [
                {
                    "word": "기술부",
                    "start": 0,
                    "end": 3,
                    "label": "준식별자"
                }
            ]
        },
        {
            "sentence": "박준영(기술부장)",
            "id": "sample_001_0079_000223",
            "annotations": [
                {
                    "word": "박준영",
                    "start": 0,
                    "end": 3,
                    "label": "개인정보"
                },
                {
                    "word": "기술부장",
                    "start": 4,
                    "end": 8,
                    "label": "준식별자"
                }
            ]
        },
        {
            "sentence": "생산부",
            "id": "sample_001_0079_000224",
            "annotations": [
                {
                    "word": "생산부",
                    "start": 0,
                    "end": 3,
                    "label": "준식별자"
                }
            ]
        },
        {
            "sentence": "김영선(생산팀장)",
            "id": "sample_001_0079_000225",
            "annotations": [
                {
                    "word": "김영선",
                    "start": 0,
                    "end": 3,
                    "label": "개인정보"
                },
                {
                    "word": "생산팀장",
                    "start": 4,
                    "end": 8,
                    "label": "준식별자"
                }
            ]
        },
        {
            "sentence": "관리부",
            "id": "sample_001_0079_000226",
            "annotations": [
                {
                    "word": "관리부",
                    "start": 0,
                    "end": 3,
                    "label": "준식별자"
                }
            ]
        },
        {
            "sentence": "오승현(관리부장)",
            "id": "sample_001_0079_000227",
            "annotations": [
                {
                    "word": "오승현",
                    "start": 0,
                    "end": 3,
                    "label": "개인정보"
                },
                {
                    "word": "관리부장",
                    "start": 4,
                    "end": 8,
                    "label": "준식별자"
                }
            ]
        },
        {
            "sentence": "대표이사",
            "id": "sample_001_0079_000228",
            "annotations": [
                {
                    "word": "대표이사",
                    "start": 0,
                    "end": 4,
                    "label": "준식별자"
                }
            ]
        },
        {
            "sentence": "정민수(대표이사)",
            "id": "sample_001_0079_000229",
            "annotations": [
                {
                    "word": "정민수",
                    "start": 0,
                    "end": 3,
                    "label": "개인정보"
                },
                {
                    "word": "대표이사",
                    "start": 4,
                    "end": 8,
                    "label": "준식별자"
                }
            ]
        },
        {
            "sentence": "한빛솔루션 내부 설비관리 규정 v2.1(조항 4.2 예지정비 절차)",
            "id": "sample_001_0079_000230",
            "annotations": []
        },
        {
            "sentence": "계약서: 고객사 A사(수주번호 CUST-A-2024-11)와의 유지보수 기본계약",
            "id": "sample_001_0079_000231",
            "annotations": [
                {
                    "word": "A사",
                    "start": 9,
                    "end": 11,
                    "label": "기밀정보"
                },
                {
                    "word": "202",
                    "start": 24,
                    "end": 27,
                    "label": "준식별자"
                }
            ]
        },
        {
            "sentence": "국가산업안전보건법(설비 안전관리 관련 조항 준수)",
            "id": "sample_001_0079_000232",
            "annotations": []
        },
        {
            "sentence": "전원상태, 베어링 상태, 윤활유 레벨, 센서연결상태, 케이블 손상 여부 등 24개 항목으로 구성",
            "id": "sample_001_0079_000233",
            "annotations": []
        },
        {
            "sentence": "엣지노드와 PLC 간 RS485->TCP 변환기 배선도, 센서별 전원 및 신호 라인 표기",
            "id": "sample_001_0079_000234",
            "annotations": [
                {
                    "word": "PLC",
                    "start": 6,
                    "end": 9,
                    "label": "준식별자"
                }
            ]
        },
        {
            "sentence": "CNN-LSTM",
            "id": "sample_001_0079_000235",
            "annotations": []
        },
        {
            "sentence": "5분(샘플링 200Hz 기준)",
            "id": "sample_001_0079_000236",
            "annotations": [
                {
                    "word": "200",
                    "start": 7,
                    "end": 10,
                    "label": "개인정보"
                }
            ]
        },
        {
            "sentence": "Conv1D(32)->Conv1D(64)->MaxPool",
            "id": "sample_001_0079_000237",
            "annotations": []
        },
        {
            "sentence": "BatchNormalization, Dropout 0.3",
            "id": "sample_001_0079_000238",
            "annotations": []
        },
        {
            "sentence": "총 12개의 테스트케이스 중 10건에서 목표성능 이상을 달성, 2건은 환경적 요인으로 성능 저하(네트워크 지터) 확인",
            "id": "sample_001_0079_000239",
            "annotations": []
        },
        {
            "sentence": "본 개선안은 기술부 내외 협의를 통해 수립되었으며, 예산확보 및 최종승인 후 즉시 발주 및 작업 착수 예정.",
            "id": "sample_001_0079_000240",
            "annotations": [
                {
                    "word": "기술부",
                    "start": 7,
                    "end": 10,
                    "label": "준식별자"
                }
            ]
        },
        {
            "sentence": "작업 중 발생하는 추가 요구사항은 변경관리 절차에 따라 문서화하여 결재를 받을 것..",
            "id": "sample_001_0079_000241",
            "annotations": []
        }
    ]
}