{
    "document_id": "001_0176",
    "document_title": "0176",
    "data": [
        {
            "sentence": "기안서",
            "id": "sample_001_0176_000001",
            "annotations": []
        },
        {
            "sentence": "HB-SEA-SALES-2025-001",
            "id": "sample_001_0176_000002",
            "annotations": [
                {
                    "word": "S-2025-001",
                    "start": 11,
                    "end": 21,
                    "label": "기밀정보"
                }
            ]
        },
        {
            "sentence": "영업부",
            "id": "sample_001_0176_000003",
            "annotations": [
                {
                    "word": "영업부",
                    "start": 0,
                    "end": 3,
                    "label": "준식별자"
                }
            ]
        },
        {
            "sentence": "기술부",
            "id": "sample_001_0176_000004",
            "annotations": [
                {
                    "word": "기술부",
                    "start": 0,
                    "end": 3,
                    "label": "준식별자"
                }
            ]
        },
        {
            "sentence": "생산부",
            "id": "sample_001_0176_000005",
            "annotations": [
                {
                    "word": "생산부",
                    "start": 0,
                    "end": 3,
                    "label": "준식별자"
                }
            ]
        },
        {
            "sentence": "관리부",
            "id": "sample_001_0176_000006",
            "annotations": [
                {
                    "word": "관리부",
                    "start": 0,
                    "end": 3,
                    "label": "준식별자"
                }
            ]
        },
        {
            "sentence": "인사부",
            "id": "sample_001_0176_000007",
            "annotations": [
                {
                    "word": "인사부",
                    "start": 0,
                    "end": 3,
                    "label": "준식별자"
                }
            ]
        },
        {
            "sentence": "김태훈",
            "id": "sample_001_0176_000008",
            "annotations": [
                {
                    "word": "김태훈",
                    "start": 0,
                    "end": 3,
                    "label": "개인정보"
                }
            ]
        },
        {
            "sentence": "영업팀장",
            "id": "sample_001_0176_000009",
            "annotations": [
                {
                    "word": "영업팀장",
                    "start": 0,
                    "end": 4,
                    "label": "준식별자"
                }
            ]
        },
        {
            "sentence": "HB-EM-0101",
            "id": "sample_001_0176_000010",
            "annotations": [
                {
                    "word": "HB-EM-010",
                    "start": 0,
                    "end": 9,
                    "label": "기밀정보"
                }
            ]
        },
        {
            "sentence": "031-555-1010",
            "id": "sample_001_0176_000011",
            "annotations": [
                {
                    "word": "031-555-1010",
                    "start": 0,
                    "end": 12,
                    "label": "개인정보"
                }
            ]
        },
        {
            "sentence": "tae.kim@hanbitsolution.co.kr",
            "id": "sample_001_0176_000012",
            "annotations": [
                {
                    "word": "tae.kim@hanbitsolution.co.kr",
                    "start": 0,
                    "end": 28,
                    "label": "개인정보"
                }
            ]
        },
        {
            "sentence": "5년",
            "id": "sample_001_0176_000013",
            "annotations": []
        },
        {
            "sentence": "이수민",
            "id": "sample_001_0176_000014",
            "annotations": [
                {
                    "word": "이수민",
                    "start": 0,
                    "end": 3,
                    "label": "개인정보"
                }
            ]
        },
        {
            "sentence": "영업부 선임",
            "id": "sample_001_0176_000015",
            "annotations": [
                {
                    "word": "영업부",
                    "start": 0,
                    "end": 3,
                    "label": "준식별자"
                }
            ]
        },
        {
            "sentence": "HB-EM-0102",
            "id": "sample_001_0176_000016",
            "annotations": [
                {
                    "word": "HB-EM-010",
                    "start": 0,
                    "end": 9,
                    "label": "기밀정보"
                }
            ]
        },
        {
            "sentence": "031-555-1011",
            "id": "sample_001_0176_000017",
            "annotations": [
                {
                    "word": "031-555-1011",
                    "start": 0,
                    "end": 12,
                    "label": "개인정보"
                }
            ]
        },
        {
            "sentence": "sumin.lee@hanbitsolution.co.kr",
            "id": "sample_001_0176_000018",
            "annotations": [
                {
                    "word": "sumin.lee@hanbitsolution.co.kr",
                    "start": 0,
                    "end": 30,
                    "label": "개인정보"
                }
            ]
        },
        {
            "sentence": "2025-09-10",
            "id": "sample_001_0176_000019",
            "annotations": [
                {
                    "word": "2025-09-10",
                    "start": 0,
                    "end": 10,
                    "label": "준식별자"
                }
            ]
        },
        {
            "sentence": "동남아시아(인도네시아·베트남) 중소제조기업 대상 6개월 파일럿 영업/구축 프로젝트 기안",
            "id": "sample_001_0176_000020",
            "annotations": [
                {
                    "word": "동남아",
                    "start": 0,
                    "end": 3,
                    "label": "준식별자"
                },
                {
                    "word": "인도네시아",
                    "start": 6,
                    "end": 11,
                    "label": "기밀정보"
                },
                {
                    "word": "베트남",
                    "start": 12,
                    "end": 15,
                    "label": "준식별자"
                }
            ]
        },
        {
            "sentence": "국내 스마트팩토리 솔루션의 중소·중견 제조기업 맞춤형 포지셔닝을 토대로 동남아시아 지역(우선 인도네시아·베트남 시장)에 대한 영업 확대를 추진하고자 함.",
            "id": "sample_001_0176_000021",
            "annotations": [
                {
                    "word": "동남아",
                    "start": 40,
                    "end": 43,
                    "label": "준식별자"
                },
                {
                    "word": "인도네시아",
                    "start": 52,
                    "end": 57,
                    "label": "기밀정보"
                },
                {
                    "word": "베트남",
                    "start": 58,
                    "end": 61,
                    "label": "준식별자"
                }
            ]
        },
        {
            "sentence": "정부의 스마트팩토리 보급 정책과 한빛솔루션의 AI-CPS, 스마트MES, 데이터 솔루션 역량을 결합하여 현지 중소 제조기업 대상 파일럿 프로젝트를 통해 레퍼런스를 확보하고 장기 수주 채널을 개척하려는 목적..",
            "id": "sample_001_0176_000022",
            "annotations": [
                {
                    "word": "AI-CPS",
                    "start": 25,
                    "end": 31,
                    "label": "기밀정보"
                }
            ]
        },
        {
            "sentence": "본 기안서는 영업부 주도로 동남아시아(인도네시아·베트남) 2개국을 대상으로 6개월(파일럿 단계) 동안 수행할 영업·구축(POC 포함) 계획을 구체화한 문서입니다.",
            "id": "sample_001_0176_000023",
            "annotations": [
                {
                    "word": "영업부",
                    "start": 7,
                    "end": 10,
                    "label": "준식별자"
                },
                {
                    "word": "동남아",
                    "start": 15,
                    "end": 18,
                    "label": "준식별자"
                },
                {
                    "word": "인도네시아",
                    "start": 21,
                    "end": 26,
                    "label": "기밀정보"
                },
                {
                    "word": "베트남",
                    "start": 27,
                    "end": 30,
                    "label": "준식별자"
                }
            ]
        },
        {
            "sentence": "아래 항목들을 포함합니다.1. 시장 타깃 및 우선순위 선정 1-1. 인도네시아: 자카르타·서부자바 지역의 전자부품·소형가전 제조업체 12개사 대상 선별 1-2. 베트남: 하노이·하이퐁 지역의 자동차부품·금속가공 업체 10개사 대상 선별 1-3. 선정 기준: 월평균 생산량, 자동화 전환 의지, 기존 ERP/MES 보유 여부, 투자 예산 가용성, 현지 파트너 유무2. 영업 방식 및 페이로드 2-1. 단계별 접근: 탐색(1~2개월) → 제안·POC(2~4개월) → 계약·구축(5~6개월, 일부 병행) 2-2. 제안 제품군: 한빛 스마트MES(핵심 패키지), 한빛 AI-CPS(예측 유지보수 파일럿), 데이터 솔루션(데이터 파이프라인 구축 + KPI 대시보드) 2-3. 가격정책: 파일럿 특혜 패키지(도입비 및 6개월 유지보수 포함, 총 견적의 40% 선결제 조건), 파일럿 성공 시 표준 견적 전환 옵션 제공 2-4. 상업 모델: 라이선스 + 초기 컨설팅·설치·커스터마이징 비용 + 연간 유지보수(옵션)3. 조직 및 역할 3-1. 영업부: 고객 발굴, 제안서 작성, 계약 협상, 현지 파트너 섭외 및 관리 3-2. 기술부: POC 설계, 원격/현장 설치 지원, 기술 검증 및 테스트 시나리오 수립 3-3. 생산부: 하드웨어 요구사양 검토, 센서·제어 장비 공급 계획 수립 3-4. 관리부(재무/법무): 계약서 검토, 수금 방식 확정, 환율 리스크 관리, 현지 법규 검토 3-5. 인사부: 파견 인력의 비자·보험·교육 관리4. 세부 실행 계획(활동별 세부 업무 및 산출물) 4-1. 탐색 단계(주차 1~8) - 시장조사 보고서(인도네시아·베트남 각 지역별 산업 구조, 경쟁사 분석, 평균 도입비용 가이드라인) - 현지 유망 고객 리스트(기업명, 담당자, 연락처, 이메일, 도입 우선순위) - 현지 파트너(시스템통합업체, 설치사) 후보 3곳 이상 섭외 4-2. 제안·POC 단계(주차 9~20) - 고객 맞춤형 제안서(솔루션 구성도, 커스터마이징 항목, 비용 산정) - POC 계약서 초안(목표 KPI, 평가 방법, 지적재산권, 데이터 소유권, 기간) - POC 기술 문서(환경설정 가이드, 데이터 맵핑, 센서 인터페이스 정의) 4-3. 구축·계약 단계(주차 21~26) - 계약 체결 및 초기 자금 수금 - 현장 설치 및 테스트 리포트 - 운영 매뉴얼(한글·영어 번역본 제공) 및 유지보수 계획5. 고객 커뮤니케이션 템플릿(영업메일, 제안서 요약, POC 동의서 등) - 영업메일 예시: 현지 언어 번역본과 영어본 포함(예: 영어: Dear Mr.",
            "id": "sample_001_0176_000024",
            "annotations": [
                {
                    "word": "인도네시아",
                    "start": 38,
                    "end": 43,
                    "label": "기밀정보"
                },
                {
                    "word": "자카르타",
                    "start": 45,
                    "end": 49,
                    "label": "준식별자"
                },
                {
                    "word": "베트남",
                    "start": 90,
                    "end": 93,
                    "label": "준식별자"
                },
                {
                    "word": "한빛 스마트MES",
                    "start": 292,
                    "end": 301,
                    "label": "기밀정보"
                },
                {
                    "word": "한빛 AI-CPS",
                    "start": 311,
                    "end": 320,
                    "label": "기밀정보"
                },
                {
                    "word": "영업부",
                    "start": 520,
                    "end": 523,
                    "label": "준식별자"
                },
                {
                    "word": "기술부",
                    "start": 567,
                    "end": 570,
                    "label": "준식별자"
                },
                {
                    "word": "생산부",
                    "start": 618,
                    "end": 621,
                    "label": "준식별자"
                },
                {
                    "word": "관리부",
                    "start": 660,
                    "end": 663,
                    "label": "준식별자"
                },
                {
                    "word": "인사부",
                    "start": 715,
                    "end": 718,
                    "label": "준식별자"
                },
                {
                    "word": "인도네시아",
                    "start": 797,
                    "end": 802,
                    "label": "기밀정보"
                },
                {
                    "word": "베트남",
                    "start": 803,
                    "end": 806,
                    "label": "준식별자"
                }
            ]
        },
        {
            "sentence": "Agus Santoso,...) - 제안서 요약: 2페이지 요약(핵심 가치, 로드맵, 예상 효과) - POC 동의서: 목표 KPI(생산성 10%↑, 불량률 15%↓ 등), 평가 기간 및 종료 조건6. 리스크 관리 및 법무 검토 6-1. 환율 리스크: 견적 통화는 USD/현지통화 동시 표기, 선결제 비율 설정(40%) 6-2. 데이터 소유권 및 개인정보 보호: 로그·생산데이터는 고객 소유로 명기, 한빛솔루션은 익명화된 분석 결과만 내부 보관 및 참조 가능 6-3. 기술적 리스크: 현지 네트워크 불안정성 대응을 위한 로컬 에지 서버 구성 제안 6-4. 계약상 리스크: 단계별 성과인증(Proof of Success) 기준 명확화7. 예산(예상비용) 및 자원 배분 - 총 사업예산(6개월 파일럿, 8개 POC 목표): 약 420,000 USD(한화 약 550,000,000원 환율 기준 변동 가능) - 항목별 상세 비용: 인건비(국내 파견 포함) 120,000 USD, 하드웨어·센서·국내 조달 80,000 USD, 현지 출장비용(항공·숙박·교통) 40,000 USD, 현지 파트너 수수료 60,000 USD, 마케팅·현지 전시·세미나 40,000 USD, 비상 예비비 80,000 USD8. KPI 및 성공 기준 - 파일럿 기간 내 최소 3건 이상의 POC 성료(POC 평가 후 정식 수주 전환율 30% 이상 목표) - 현지 레퍼런스 확보(현장 설치 사진, 고객 인터뷰, 성공 사례 리포트) - 현지 파트너 1~2곳과 장기 협력계약 체결9. 교육 및 기술이전 계획 - 고객사 운영자 대상 맞춤형 교육(현장 2회, 원격 실습 4회) - 기술문서(한글·영어·간단 현지어 번역) 제공 - 내부 기술인력(한빛솔루션 기술부) 역량강화: 현지 특성 이해 세미나(사무실 내 정기 교육)10. 일정표(간략 마일스톤) - 1~2개월차: 시장탐색·고객 리스트업·파트너섭외 - 3~4개월차: 제안·POC 진행(파일럿 6~8개사 목표) - 5~6개월차: POC 성과평가 및 수주전환·계약체결부가 설명:- 본 계획은 파일럿 단계에 초점을 둔 가변적 계획으로, 현지 상황 및 파트너 제안에 따라 세부 일정과 비용은 조정될 수 있음.- 기술부·생산부·관리부와의 협력이 필수적이며 각 부서별 책임자 및 담당자 리스트는 본 문서의 부록(담당자 연락처 목록) 참조..",
            "id": "sample_001_0176_000025",
            "annotations": [
                {
                    "word": "Agus Santoso",
                    "start": 0,
                    "end": 12,
                    "label": "개인정보"
                },
                {
                    "word": "15%",
                    "start": 87,
                    "end": 90,
                    "label": "기밀정보"
                },
                {
                    "word": "예상비용",
                    "start": 358,
                    "end": 362,
                    "label": "기밀정보"
                },
                {
                    "word": "120",
                    "start": 474,
                    "end": 477,
                    "label": "준식별자"
                },
                {
                    "word": "예비비",
                    "start": 595,
                    "end": 598,
                    "label": "기밀정보"
                },
                {
                    "word": "기술부",
                    "start": 845,
                    "end": 848,
                    "label": "준식별자"
                },
                {
                    "word": "기술부",
                    "start": 1070,
                    "end": 1073,
                    "label": "준식별자"
                },
                {
                    "word": "생산부",
                    "start": 1074,
                    "end": 1077,
                    "label": "준식별자"
                },
                {
                    "word": "관리부",
                    "start": 1078,
                    "end": 1081,
                    "label": "준식별자"
                }
            ]
        },
        {
            "sentence": "1) 단기: 6개월 내 파일럿 3건 이상 완료로 현지 레퍼런스 확보 및 추가 수주 영업활동에 활용2) 중기: 동남아 지역 내 파트너 네트워크를 통한 연간 매출 1,000,000 USD 추가 달성 가능성3) 장기: 한빛솔루션의 해외 브랜드 인지도 상승 및 AI-CPS, 스마트MES 패키지 해외 표준화 모델 수립",
            "id": "sample_001_0176_000026",
            "annotations": [
                {
                    "word": "동남아",
                    "start": 61,
                    "end": 64,
                    "label": "준식별자"
                },
                {
                    "word": "AI-CPS",
                    "start": 142,
                    "end": 148,
                    "label": "기밀정보"
                }
            ]
        },
        {
            "sentence": "리스크 항목 및 대안은 다음과 같습니다.1. 시장진입 실패(수요 미확보) → 대안: 현지 수요 조사를 강화하고 우선적으로 관심도가 높은 산업군 2개로 축소2. 기술적 한계(네트워크/장비 호환성 문제) → 대안: 에지 서버 기반 오프라인 데이터 수집 모듈 제공, 현지 파트너를 통한 설비 인터페이스 맞춤화3. 환율·결제 리스크 → 대안: 계약 통화 분산(USD 표기), 선결제, 신용장(L/C) 사용 검토4. 법규·데이터 보호 규정 위반 위험 → 대안: 관리부 및 법무팀과 협력해 현지 법규 사전검토, 데이터 처리 합의서(데이터 프로세싱 어그리먼트) 삽입5. 인력 파견 관련(비자·문화적 차이) → 대안: 최소 파견인력 유지, 현지 채용·파트너 활용 확대",
            "id": "sample_001_0176_000027",
            "annotations": [
                {
                    "word": "관리부",
                    "start": 253,
                    "end": 256,
                    "label": "준식별자"
                }
            ]
        },
        {
            "sentence": "1 USD = 1300 KRW(예상값, 계약 시점 환율적용)",
            "id": "sample_001_0176_000028",
            "annotations": [
                {
                    "word": "300",
                    "start": 9,
                    "end": 12,
                    "label": "개인정보"
                }
            ]
        },
        {
            "sentence": "계약 시 40% 선결제, 중간 성과검증 후 30%, 최종 인도 후 30%",
            "id": "sample_001_0176_000029",
            "annotations": []
        },
        {
            "sentence": "6개월(26주)",
            "id": "sample_001_0176_000030",
            "annotations": []
        },
        {
            "sentence": "시장탐색 및 파트너섭외",
            "id": "sample_001_0176_000031",
            "annotations": []
        },
        {
            "sentence": "주차 1~8",
            "id": "sample_001_0176_000032",
            "annotations": []
        },
        {
            "sentence": "시장조사보고서, 고객리스트, 파트너 후보 리스트",
            "id": "sample_001_0176_000033",
            "annotations": []
        },
        {
            "sentence": "제안 및 POC 수행",
            "id": "sample_001_0176_000034",
            "annotations": []
        },
        {
            "sentence": "주차 9~20",
            "id": "sample_001_0176_000035",
            "annotations": []
        },
        {
            "sentence": "제안서, POC 계약서, POC 결과보고서",
            "id": "sample_001_0176_000036",
            "annotations": []
        },
        {
            "sentence": "계약 및 파일럿 확장",
            "id": "sample_001_0176_000037",
            "annotations": []
        },
        {
            "sentence": "주차 21~26",
            "id": "sample_001_0176_000038",
            "annotations": []
        },
        {
            "sentence": "정식 계약서, 설치보고서, 운영매뉴얼",
            "id": "sample_001_0176_000039",
            "annotations": []
        },
        {
            "sentence": "한빛솔루션 영업정책 v2.1(문서번호: HB-SALES-POL-2024-002), 표준계약서 템플릿(HB-CONTRACT-STD-2023-01)",
            "id": "sample_001_0176_000040",
            "annotations": [
                {
                    "word": "202",
                    "start": 35,
                    "end": 38,
                    "label": "준식별자"
                },
                {
                    "word": "202",
                    "start": 72,
                    "end": 75,
                    "label": "준식별자"
                }
            ]
        },
        {
            "sentence": "부록 A: 현지 유망 고객 리스트(초안)",
            "id": "sample_001_0176_000041",
            "annotations": []
        },
        {
            "sentence": "부록 B: 현지 파트너(통합SI) 제안서 템플릿",
            "id": "sample_001_0176_000042",
            "annotations": []
        },
        {
            "sentence": "부록 C: POC 평가 체크리스트",
            "id": "sample_001_0176_000043",
            "annotations": []
        },
        {
            "sentence": "부록 D: 예상비용 산출내역서(엑셀)",
            "id": "sample_001_0176_000044",
            "annotations": [
                {
                    "word": "예상비용",
                    "start": 6,
                    "end": 10,
                    "label": "기밀정보"
                }
            ]
        },
        {
            "sentence": "김태훈",
            "id": "sample_001_0176_000045",
            "annotations": [
                {
                    "word": "김태훈",
                    "start": 0,
                    "end": 3,
                    "label": "개인정보"
                }
            ]
        },
        {
            "sentence": "영업팀장",
            "id": "sample_001_0176_000046",
            "annotations": [
                {
                    "word": "영업팀장",
                    "start": 0,
                    "end": 4,
                    "label": "준식별자"
                }
            ]
        },
        {
            "sentence": "기안",
            "id": "sample_001_0176_000047",
            "annotations": []
        },
        {
            "sentence": "이수민",
            "id": "sample_001_0176_000048",
            "annotations": [
                {
                    "word": "이수민",
                    "start": 0,
                    "end": 3,
                    "label": "개인정보"
                }
            ]
        },
        {
            "sentence": "영업부 선임",
            "id": "sample_001_0176_000049",
            "annotations": [
                {
                    "word": "영업부",
                    "start": 0,
                    "end": 3,
                    "label": "준식별자"
                }
            ]
        },
        {
            "sentence": "검토",
            "id": "sample_001_0176_000050",
            "annotations": []
        },
        {
            "sentence": "박정호",
            "id": "sample_001_0176_000051",
            "annotations": [
                {
                    "word": "박정호",
                    "start": 0,
                    "end": 3,
                    "label": "개인정보"
                }
            ]
        },
        {
            "sentence": "관리부 이사(재무담당)",
            "id": "sample_001_0176_000052",
            "annotations": [
                {
                    "word": "관리부 이사",
                    "start": 0,
                    "end": 6,
                    "label": "준식별자"
                },
                {
                    "word": "재무담당",
                    "start": 7,
                    "end": 11,
                    "label": "준식별자"
                }
            ]
        },
        {
            "sentence": "대기",
            "id": "sample_001_0176_000053",
            "annotations": []
        },
        {
            "sentence": "최윤석",
            "id": "sample_001_0176_000054",
            "annotations": [
                {
                    "word": "최윤석",
                    "start": 0,
                    "end": 3,
                    "label": "기밀정보"
                }
            ]
        },
        {
            "sentence": "대표이사",
            "id": "sample_001_0176_000055",
            "annotations": [
                {
                    "word": "대표이사",
                    "start": 0,
                    "end": 4,
                    "label": "준식별자"
                }
            ]
        },
        {
            "sentence": "대기",
            "id": "sample_001_0176_000056",
            "annotations": []
        },
        {
            "sentence": "김태훈",
            "id": "sample_001_0176_000057",
            "annotations": [
                {
                    "word": "김태훈",
                    "start": 0,
                    "end": 3,
                    "label": "개인정보"
                }
            ]
        },
        {
            "sentence": "영업팀장",
            "id": "sample_001_0176_000058",
            "annotations": [
                {
                    "word": "영업팀장",
                    "start": 0,
                    "end": 4,
                    "label": "준식별자"
                }
            ]
        },
        {
            "sentence": "HB-EM-0101",
            "id": "sample_001_0176_000059",
            "annotations": [
                {
                    "word": "HB-EM-010",
                    "start": 0,
                    "end": 9,
                    "label": "기밀정보"
                }
            ]
        },
        {
            "sentence": "031-555-1010",
            "id": "sample_001_0176_000060",
            "annotations": [
                {
                    "word": "031-555-1010",
                    "start": 0,
                    "end": 12,
                    "label": "개인정보"
                }
            ]
        },
        {
            "sentence": "tae.kim@hanbitsolution.co.kr",
            "id": "sample_001_0176_000061",
            "annotations": [
                {
                    "word": "tae.kim@hanbitsolution.co.kr",
                    "start": 0,
                    "end": 28,
                    "label": "개인정보"
                }
            ]
        },
        {
            "sentence": "박정호",
            "id": "sample_001_0176_000062",
            "annotations": [
                {
                    "word": "박정호",
                    "start": 0,
                    "end": 3,
                    "label": "개인정보"
                }
            ]
        },
        {
            "sentence": "영업사원",
            "id": "sample_001_0176_000063",
            "annotations": [
                {
                    "word": "영업사원",
                    "start": 0,
                    "end": 4,
                    "label": "준식별자"
                }
            ]
        },
        {
            "sentence": "HB-EM-0103",
            "id": "sample_001_0176_000064",
            "annotations": [
                {
                    "word": "HB-EM-010",
                    "start": 0,
                    "end": 9,
                    "label": "기밀정보"
                }
            ]
        },
        {
            "sentence": "010-1234-5678",
            "id": "sample_001_0176_000065",
            "annotations": [
                {
                    "word": "010-1234-5678",
                    "start": 0,
                    "end": 13,
                    "label": "개인정보"
                }
            ]
        },
        {
            "sentence": "jungho.park@hanbitsolution.co.kr",
            "id": "sample_001_0176_000066",
            "annotations": [
                {
                    "word": "jungho.park@hanbitsolution.co.kr",
                    "start": 0,
                    "end": 32,
                    "label": "개인정보"
                }
            ]
        },
        {
            "sentence": "송민재",
            "id": "sample_001_0176_000067",
            "annotations": [
                {
                    "word": "송민재",
                    "start": 0,
                    "end": 3,
                    "label": "개인정보"
                }
            ]
        },
        {
            "sentence": "수석엔지니어",
            "id": "sample_001_0176_000068",
            "annotations": [
                {
                    "word": "수석엔지니어",
                    "start": 0,
                    "end": 6,
                    "label": "준식별자"
                }
            ]
        },
        {
            "sentence": "HB-TE-0201",
            "id": "sample_001_0176_000069",
            "annotations": [
                {
                    "word": "201",
                    "start": 7,
                    "end": 10,
                    "label": "개인정보"
                }
            ]
        },
        {
            "sentence": "031-555-2020",
            "id": "sample_001_0176_000070",
            "annotations": [
                {
                    "word": "031-555-2020",
                    "start": 0,
                    "end": 12,
                    "label": "개인정보"
                }
            ]
        },
        {
            "sentence": "minjae.song@hanbitsolution.co.kr",
            "id": "sample_001_0176_000071",
            "annotations": [
                {
                    "word": "minjae.song@hanbitsolution.co.kr",
                    "start": 0,
                    "end": 32,
                    "label": "개인정보"
                }
            ]
        },
        {
            "sentence": "박은지",
            "id": "sample_001_0176_000072",
            "annotations": [
                {
                    "word": "박은지",
                    "start": 0,
                    "end": 3,
                    "label": "개인정보"
                }
            ]
        },
        {
            "sentence": "재무회계팀장",
            "id": "sample_001_0176_000073",
            "annotations": [
                {
                    "word": "회계팀장",
                    "start": 2,
                    "end": 6,
                    "label": "준식별자"
                }
            ]
        },
        {
            "sentence": "HB-FI-0301",
            "id": "sample_001_0176_000074",
            "annotations": [
                {
                    "word": "301",
                    "start": 7,
                    "end": 10,
                    "label": "개인정보"
                }
            ]
        },
        {
            "sentence": "031-555-3030",
            "id": "sample_001_0176_000075",
            "annotations": [
                {
                    "word": "031-555-3030",
                    "start": 0,
                    "end": 12,
                    "label": "개인정보"
                }
            ]
        },
        {
            "sentence": "eunji.park@hanbitsolution.co.kr",
            "id": "sample_001_0176_000076",
            "annotations": [
                {
                    "word": "eunji.park@hanbitsolution.co.kr",
                    "start": 0,
                    "end": 31,
                    "label": "개인정보"
                }
            ]
        },
        {
            "sentence": "PT.",
            "id": "sample_001_0176_000077",
            "annotations": []
        },
        {
            "sentence": "Surya Elektronik",
            "id": "sample_001_0176_000078",
            "annotations": []
        },
        {
            "sentence": "인도네시아",
            "id": "sample_001_0176_000079",
            "annotations": [
                {
                    "word": "인도네시아",
                    "start": 0,
                    "end": 5,
                    "label": "기밀정보"
                }
            ]
        },
        {
            "sentence": "Agus Santoso",
            "id": "sample_001_0176_000080",
            "annotations": [
                {
                    "word": "Agus Santoso",
                    "start": 0,
                    "end": 12,
                    "label": "개인정보"
                }
            ]
        },
        {
            "sentence": "Plant Manager",
            "id": "sample_001_0176_000081",
            "annotations": [
                {
                    "word": "Plant Manager",
                    "start": 0,
                    "end": 13,
                    "label": "준식별자"
                }
            ]
        },
        {
            "sentence": "+62-812-3456-7890",
            "id": "sample_001_0176_000082",
            "annotations": [
                {
                    "word": "+62-812-3456-7890",
                    "start": 0,
                    "end": 17,
                    "label": "기밀정보"
                }
            ]
        },
        {
            "sentence": "agus.s@surya.co.id",
            "id": "sample_001_0176_000083",
            "annotations": [
                {
                    "word": "agus.s@surya.co.id",
                    "start": 0,
                    "end": 18,
                    "label": "개인정보"
                }
            ]
        },
        {
            "sentence": "전자부품 조립라인 자동화 관심, 초기 POC 1라인 제안 필요",
            "id": "sample_001_0176_000084",
            "annotations": []
        },
        {
            "sentence": "CV.",
            "id": "sample_001_0176_000085",
            "annotations": []
        },
        {
            "sentence": "Mitra Mesin",
            "id": "sample_001_0176_000086",
            "annotations": []
        },
        {
            "sentence": "인도네시아",
            "id": "sample_001_0176_000087",
            "annotations": [
                {
                    "word": "인도네시아",
                    "start": 0,
                    "end": 5,
                    "label": "기밀정보"
                }
            ]
        },
        {
            "sentence": "Rina Wulandari",
            "id": "sample_001_0176_000088",
            "annotations": [
                {
                    "word": "Rina Wulandari",
                    "start": 0,
                    "end": 14,
                    "label": "개인정보"
                }
            ]
        },
        {
            "sentence": "Operations Head",
            "id": "sample_001_0176_000089",
            "annotations": []
        },
        {
            "sentence": "+62-811-2345-6789",
            "id": "sample_001_0176_000090",
            "annotations": []
        },
        {
            "sentence": "rina.w@mitramesin.id",
            "id": "sample_001_0176_000091",
            "annotations": [
                {
                    "word": "rina.w@mitramesin.id",
                    "start": 0,
                    "end": 20,
                    "label": "개인정보"
                }
            ]
        },
        {
            "sentence": "중소형 금속가공 업체, 설비 예측유지보수에 높은 관심",
            "id": "sample_001_0176_000092",
            "annotations": []
        },
        {
            "sentence": "Hanoi Auto Parts Co., Ltd..",
            "id": "sample_001_0176_000093",
            "annotations": []
        },
        {
            "sentence": "베트남",
            "id": "sample_001_0176_000094",
            "annotations": [
                {
                    "word": "베트남",
                    "start": 0,
                    "end": 3,
                    "label": "준식별자"
                }
            ]
        },
        {
            "sentence": "Nguyen Van Binh",
            "id": "sample_001_0176_000095",
            "annotations": [
                {
                    "word": "Nguyen Van Binh",
                    "start": 0,
                    "end": 15,
                    "label": "개인정보"
                }
            ]
        },
        {
            "sentence": "Factory Director",
            "id": "sample_001_0176_000096",
            "annotations": []
        },
        {
            "sentence": "+84-24-3976-1234",
            "id": "sample_001_0176_000097",
            "annotations": []
        },
        {
            "sentence": "binh.nguyen@hanoi-auto.vn",
            "id": "sample_001_0176_000098",
            "annotations": [
                {
                    "word": "binh.nguyen@hanoi-auto.vn",
                    "start": 0,
                    "end": 25,
                    "label": "개인정보"
                }
            ]
        },
        {
            "sentence": "생산효율 개선 및 품질관리 시스템 도입 검토 중",
            "id": "sample_001_0176_000099",
            "annotations": []
        },
        {
            "sentence": "Hai Phong Precision Corp..",
            "id": "sample_001_0176_000100",
            "annotations": []
        },
        {
            "sentence": "베트남",
            "id": "sample_001_0176_000101",
            "annotations": [
                {
                    "word": "베트남",
                    "start": 0,
                    "end": 3,
                    "label": "준식별자"
                }
            ]
        },
        {
            "sentence": "Tran Thi Huong",
            "id": "sample_001_0176_000102",
            "annotations": [
                {
                    "word": "Tran Thi Huong",
                    "start": 0,
                    "end": 14,
                    "label": "개인정보"
                }
            ]
        },
        {
            "sentence": "QA Manager",
            "id": "sample_001_0176_000103",
            "annotations": []
        },
        {
            "sentence": "+84-91-234-5678",
            "id": "sample_001_0176_000104",
            "annotations": []
        },
        {
            "sentence": "huong.tran@haiphong-precision.vn",
            "id": "sample_001_0176_000105",
            "annotations": [
                {
                    "word": "huong.tran@haiphong-precision.vn",
                    "start": 0,
                    "end": 32,
                    "label": "개인정보"
                }
            ]
        },
        {
            "sentence": "품질검사 공정 자동화 및 데이터 통합 수요",
            "id": "sample_001_0176_000106",
            "annotations": []
        },
        {
            "sentence": "고객 생산데이터는 원칙적으로 고객 소유이며, 한빛솔루션은 분석 목적의 비식별화(익명화)된 데이터만 내부 보관 및 재참조 가능합니다.",
            "id": "sample_001_0176_000107",
            "annotations": []
        },
        {
            "sentence": "개인정보(고객사 직원의 성명·연락처 등)는 최소한으로 수집하며, 현지 법규에 따라 수집·처리·보관 절차를 정비합니다.",
            "id": "sample_001_0176_000108",
            "annotations": []
        },
        {
            "sentence": "데이터 이전이 필요한 경우 명확한 동의 및 계약조항을 통해 처리합니다..",
            "id": "sample_001_0176_000109",
            "annotations": []
        },
        {
            "sentence": "부록 A: 유망 고객 리스트(상세 연락처 및 기업정보 포함), 부록 B: 파트너 제안서 템플릿(영문·영한), 부록 C: POC 평가표(정성·정량 지표), 부록 D: 비용 산출 엑셀 파일(원본)",
            "id": "sample_001_0176_000110",
            "annotations": []
        },
        {
            "sentence": "본 기안서는 내부 결재 후 즉시 현지 시장조사팀(영업부 소속)에게 전달되어 상세 일정 및 비용 확정 작업을 시작합니다.",
            "id": "sample_001_0176_000111",
            "annotations": [
                {
                    "word": "영업부",
                    "start": 27,
                    "end": 30,
                    "label": "준식별자"
                }
            ]
        },
        {
            "sentence": "각 협력부서는 기안 수령 후 5영업일 내 검토의견을 회신해 주시기 바랍니다..",
            "id": "sample_001_0176_000112",
            "annotations": []
        }
    ]
}