{
    "document_id": "001_0076",
    "document_title": "0076",
    "data": [
        {
            "sentence": "설비 개선/업그레이드 보고서",
            "id": "sample_001_0076_000001",
            "annotations": []
        },
        {
            "sentence": "HB-TURBO-UPG-2025-001",
            "id": "sample_001_0076_000002",
            "annotations": [
                {
                    "word": "2025-001",
                    "start": 13,
                    "end": 21,
                    "label": "개인정보"
                }
            ]
        },
        {
            "sentence": "HB-TURBO-UPG-2025-001",
            "id": "sample_001_0076_000003",
            "annotations": [
                {
                    "word": "2025-001",
                    "start": 13,
                    "end": 21,
                    "label": "개인정보"
                }
            ]
        },
        {
            "sentence": "v1.0",
            "id": "sample_001_0076_000004",
            "annotations": []
        },
        {
            "sentence": "기술부",
            "id": "sample_001_0076_000005",
            "annotations": [
                {
                    "word": "기술부",
                    "start": 0,
                    "end": 3,
                    "label": "준식별자"
                }
            ]
        },
        {
            "sentence": "김태현",
            "id": "sample_001_0076_000006",
            "annotations": [
                {
                    "word": "김태현",
                    "start": 0,
                    "end": 3,
                    "label": "개인정보"
                }
            ]
        },
        {
            "sentence": "선임엔지니어",
            "id": "sample_001_0076_000007",
            "annotations": [
                {
                    "word": "선임엔지니어",
                    "start": 0,
                    "end": 6,
                    "label": "준식별자"
                }
            ]
        },
        {
            "sentence": "T2025-001",
            "id": "sample_001_0076_000008",
            "annotations": [
                {
                    "word": "T2025-001",
                    "start": 0,
                    "end": 9,
                    "label": "개인정보"
                }
            ]
        },
        {
            "sentence": "031-555-0123",
            "id": "sample_001_0076_000009",
            "annotations": [
                {
                    "word": "031-555-0123",
                    "start": 0,
                    "end": 12,
                    "label": "개인정보"
                }
            ]
        },
        {
            "sentence": "taehyun.kim@hanbitsol.com",
            "id": "sample_001_0076_000010",
            "annotations": [
                {
                    "word": "taehyun.kim@hanbitsol.com",
                    "start": 0,
                    "end": 25,
                    "label": "개인정보"
                }
            ]
        },
        {
            "sentence": "박지윤",
            "id": "sample_001_0076_000011",
            "annotations": [
                {
                    "word": "박지윤",
                    "start": 0,
                    "end": 3,
                    "label": "개인정보"
                }
            ]
        },
        {
            "sentence": "엔지니어",
            "id": "sample_001_0076_000012",
            "annotations": [
                {
                    "word": "엔지니어",
                    "start": 0,
                    "end": 4,
                    "label": "준식별자"
                }
            ]
        },
        {
            "sentence": "T2025-002",
            "id": "sample_001_0076_000013",
            "annotations": [
                {
                    "word": "T2025-002",
                    "start": 0,
                    "end": 9,
                    "label": "개인정보"
                }
            ]
        },
        {
            "sentence": "031-555-0145",
            "id": "sample_001_0076_000014",
            "annotations": [
                {
                    "word": "031-555-0145",
                    "start": 0,
                    "end": 12,
                    "label": "개인정보"
                }
            ]
        },
        {
            "sentence": "jiyoon.park@hanbitsol.com",
            "id": "sample_001_0076_000015",
            "annotations": [
                {
                    "word": "jiyoon.park@hanbitsol.com",
                    "start": 0,
                    "end": 25,
                    "label": "개인정보"
                }
            ]
        },
        {
            "sentence": "오세진",
            "id": "sample_001_0076_000016",
            "annotations": [
                {
                    "word": "오세진",
                    "start": 0,
                    "end": 3,
                    "label": "개인정보"
                }
            ]
        },
        {
            "sentence": "기술부장",
            "id": "sample_001_0076_000017",
            "annotations": [
                {
                    "word": "기술부장",
                    "start": 0,
                    "end": 4,
                    "label": "준식별자"
                }
            ]
        },
        {
            "sentence": "MGR2025-TECH-01",
            "id": "sample_001_0076_000018",
            "annotations": [
                {
                    "word": "MGR2025-TECH-01",
                    "start": 0,
                    "end": 15,
                    "label": "개인정보"
                }
            ]
        },
        {
            "sentence": "031-555-0101",
            "id": "sample_001_0076_000019",
            "annotations": [
                {
                    "word": "031-555-0101",
                    "start": 0,
                    "end": 12,
                    "label": "개인정보"
                }
            ]
        },
        {
            "sentence": "sejin.oh@hanbitsol.com",
            "id": "sample_001_0076_000020",
            "annotations": [
                {
                    "word": "sejin.oh@hanbitsol.com",
                    "start": 0,
                    "end": 22,
                    "label": "개인정보"
                }
            ]
        },
        {
            "sentence": "2025-09-09",
            "id": "sample_001_0076_000021",
            "annotations": [
                {
                    "word": "2025-09-09",
                    "start": 0,
                    "end": 10,
                    "label": "준식별자"
                }
            ]
        },
        {
            "sentence": "HB-Turbo_Line A (터보프레스 라인 A)",
            "id": "sample_001_0076_000022",
            "annotations": [
                {
                    "word": "라인 A",
                    "start": 23,
                    "end": 27,
                    "label": "기밀정보"
                }
            ]
        },
        {
            "sentence": "EQ-TURBO-A-01",
            "id": "sample_001_0076_000023",
            "annotations": []
        },
        {
            "sentence": "본사 공장 2층 터보프레스 존",
            "id": "sample_001_0076_000024",
            "annotations": [
                {
                    "word": "본사 공장 2층 터보프레스 존",
                    "start": 0,
                    "end": 16,
                    "label": "준식별자"
                }
            ]
        },
        {
            "sentence": "Siemens S7-1500 PLC (CPU: 1518F-4 PN/DP)",
            "id": "sample_001_0076_000025",
            "annotations": [
                {
                    "word": "Siemens S7-1500",
                    "start": 0,
                    "end": 15,
                    "label": "기밀정보"
                },
                {
                    "word": "PLC",
                    "start": 16,
                    "end": 19,
                    "label": "준식별자"
                }
            ]
        },
        {
            "sentence": "Panasonic Servo Motor (MHMD042P1U)",
            "id": "sample_001_0076_000026",
            "annotations": []
        },
        {
            "sentence": "ABB ACS880 인버터",
            "id": "sample_001_0076_000027",
            "annotations": []
        },
        {
            "sentence": "HANBIT VIB-200 가속도 센서 (진동센서)",
            "id": "sample_001_0076_000028",
            "annotations": [
                {
                    "word": "200",
                    "start": 11,
                    "end": 14,
                    "label": "개인정보"
                }
            ]
        },
        {
            "sentence": "온도센서: PT100 (SMART-PT100)",
            "id": "sample_001_0076_000029",
            "annotations": [
                {
                    "word": "T100",
                    "start": 7,
                    "end": 11,
                    "label": "개인정보"
                },
                {
                    "word": "T100",
                    "start": 20,
                    "end": 24,
                    "label": "개인정보"
                }
            ]
        },
        {
            "sentence": "EtherNet/IP 통신 모듈",
            "id": "sample_001_0076_000030",
            "annotations": []
        },
        {
            "sentence": "현장 I/O: Hanbit IO-32DI/16DO",
            "id": "sample_001_0076_000031",
            "annotations": []
        },
        {
            "sentence": "목적: HB-Turbo_Line A 설비의 잦은 비계획 정지 및 품질 편차를 유의미하게 감소시키기 위한 하드웨어 및 소프트웨어 개선을 수행..",
            "id": "sample_001_0076_000032",
            "annotations": []
        },
        {
            "sentence": "주요개선내용: (1) 진동센서(HANBIT VIB-200) 와 온도센서 교체 및 보강, (2) PLC 펌웨어 업데이트 및 IO 재맵핑, (3) 서보모터의 PID 보정 및 전원 필터링 개선, (4) 설비 상시 모니터링을 위한 엣지컴퓨팅 장치(HB-EDGE-2025) 도입, (5) 예측보전 알고리즘 연동을 위한 데이터 파이프라인 재설계..",
            "id": "sample_001_0076_000033",
            "annotations": [
                {
                    "word": "200",
                    "start": 28,
                    "end": 31,
                    "label": "개인정보"
                },
                {
                    "word": "PLC",
                    "start": 53,
                    "end": 56,
                    "label": "준식별자"
                },
                {
                    "word": "202",
                    "start": 142,
                    "end": 145,
                    "label": "준식별자"
                }
            ]
        },
        {
            "sentence": "2024년 3분기부터 HB-Turbo_Line A에서는 평균 가동률이 78% 수준으로 목표치(95%)에 미달하고 있으며, 주요 원인은 미예측 설비 이상에 따른 비계획 정지와 미세한 공정 편차로 인한 품질 클레임 증가로 확인됨..",
            "id": "sample_001_0076_000034",
            "annotations": [
                {
                    "word": "202",
                    "start": 0,
                    "end": 3,
                    "label": "준식별자"
                },
                {
                    "word": "8%",
                    "start": 40,
                    "end": 42,
                    "label": "기밀정보"
                }
            ]
        },
        {
            "sentence": "현장 점검 결과, 진동 및 국부 과열 징후가 반복적으로 관찰되었고, PLC I/O맵의 일부가 현장 개조 중 표준과 달리 재배선되어 있어 데이터 수집 불완전성과 제어지연이 발생하고 있음..",
            "id": "sample_001_0076_000035",
            "annotations": [
                {
                    "word": "PLC",
                    "start": 38,
                    "end": 41,
                    "label": "준식별자"
                }
            ]
        },
        {
            "sentence": "기존 예측 유지보수 모듈(HB-AI-CPS v1.2)은 해당 설비의 신규 센서데이터(진동 주파수 스펙트럼, 고해상도 온도 로그)를 수용하지 못하고 있어 모델 정확도가 낮았음..",
            "id": "sample_001_0076_000036",
            "annotations": [
                {
                    "word": "HB-AI-CPS",
                    "start": 14,
                    "end": 23,
                    "label": "기밀정보"
                }
            ]
        },
        {
            "sentence": "이에 따라 설비의 신뢰성 확보와 예측보전효율 향상을 위한 하드웨어 업그레이드 및 소프트웨어/데이터 파이프라인 개선이 필요함..",
            "id": "sample_001_0076_000037",
            "annotations": []
        },
        {
            "sentence": "1) 사전조치(Preparation)",
            "id": "sample_001_0076_000038",
            "annotations": []
        },
        {
            "sentence": "1-1. 개선 착수 회의: 기술부장 및 생산부, 품질팀, 외주 전기팀과 함께 Kick-off 미팅(작성일+3일) 진행..",
            "id": "sample_001_0076_000039",
            "annotations": [
                {
                    "word": "기술부장",
                    "start": 15,
                    "end": 19,
                    "label": "준식별자"
                },
                {
                    "word": "생산부",
                    "start": 22,
                    "end": 25,
                    "label": "준식별자"
                }
            ]
        },
        {
            "sentence": "1-2. 현장 조사: 기존 배선도(Panel Schematic), PLC 프로그램 버전, Servo 파라미터 로그, 지난 12개월의 정지 이력 및 품질 리포트를 수집하여 분석..",
            "id": "sample_001_0076_000040",
            "annotations": [
                {
                    "word": "PLC",
                    "start": 37,
                    "end": 40,
                    "label": "준식별자"
                }
            ]
        },
        {
            "sentence": "1-3. 리스크 평가: 긴급성(High/Medium/Low), 안전 영향, 생산 영향에 대해 정량적 점수화를 수행..",
            "id": "sample_001_0076_000041",
            "annotations": []
        },
        {
            "sentence": "2) 하드웨어 개선 계획",
            "id": "sample_001_0076_000042",
            "annotations": []
        },
        {
            "sentence": "2-1. 진동센서 교체: 기존 HANBIT VIB-100 -> VIB-200으로 교체 (해상도 증가, 측정 주파수 대역 확장).",
            "id": "sample_001_0076_000043",
            "annotations": [
                {
                    "word": "100",
                    "start": 28,
                    "end": 31,
                    "label": "개인정보"
                },
                {
                    "word": "200",
                    "start": 39,
                    "end": 42,
                    "label": "개인정보"
                }
            ]
        },
        {
            "sentence": "설치 위치는 축 베어링 근처 4지점(좌/우 베어링, 전면 하우징, 후면 하우징)..",
            "id": "sample_001_0076_000044",
            "annotations": []
        },
        {
            "sentence": "2-2. 온도센서 보강: PT100 4선식으로 통합하고, 고해상도 데이터로거(HB-LOGGER-8ch)를 각 주요 서브시스템에 장착..",
            "id": "sample_001_0076_000045",
            "annotations": [
                {
                    "word": "T100",
                    "start": 15,
                    "end": 19,
                    "label": "개인정보"
                }
            ]
        },
        {
            "sentence": "2-3. 전원 품질 개선: 서보모터 인버터 앞단에 EMI/RFI 필터 추가 및 전력 서지 보호장치(Surge Protector) 설치..",
            "id": "sample_001_0076_000046",
            "annotations": []
        },
        {
            "sentence": "2-4. 엣지컴퓨팅 장치 도입: HB-EDGE-2025를 설치하여 실시간 FFT 연산 및 로컬 이상감지(알람 레벨 3단계)를 수행하도록 설정..",
            "id": "sample_001_0076_000047",
            "annotations": [
                {
                    "word": "202",
                    "start": 26,
                    "end": 29,
                    "label": "준식별자"
                }
            ]
        },
        {
            "sentence": "2-5. 케이블 트레이 및 접지 보강: 신호 노이즈 억제를 위해 접지 회로 재설계 및 Shielded Cable 적용..",
            "id": "sample_001_0076_000048",
            "annotations": []
        },
        {
            "sentence": "3) 소프트웨어/제어 개선 계획",
            "id": "sample_001_0076_000049",
            "annotations": []
        },
        {
            "sentence": "3-1. PLC 펌웨어 업데이트: Siemens S7-1500 CPU의 안전성 패치 적용(Version 2.11 -> 2.33) 및 백업/복원 절차 문서화..",
            "id": "sample_001_0076_000050",
            "annotations": [
                {
                    "word": "PLC",
                    "start": 5,
                    "end": 8,
                    "label": "준식별자"
                },
                {
                    "word": "Siemens S7-1500",
                    "start": 19,
                    "end": 34,
                    "label": "기밀정보"
                }
            ]
        },
        {
            "sentence": "3-2. I/O 재맵핑: Hanbit IO-32DI/16DO의 주소 체계를 표준화하고, SCADA와의 태그 일치성 확보..",
            "id": "sample_001_0076_000051",
            "annotations": [
                {
                    "word": "SCADA",
                    "start": 49,
                    "end": 54,
                    "label": "기밀정보"
                }
            ]
        },
        {
            "sentence": "3-3. 서보 PID 튜닝: Panasonic Servo의 PID 값을 현장 데이터 기반으로 재계산하여 사전 테스트에서 오버슈트 감소 목표 20% 달성..",
            "id": "sample_001_0076_000052",
            "annotations": []
        },
        {
            "sentence": "3-4. 데이터 파이프라인 재설계: 센서 데이터의 샘플레이트를 기존 1Hz에서 200Hz로 증대, 엣지에서 필터링(저역통과/고역보호) 후 MQTT/TLS로 중앙 HB-Cloud로 전송..",
            "id": "sample_001_0076_000053",
            "annotations": [
                {
                    "word": "200",
                    "start": 44,
                    "end": 47,
                    "label": "개인정보"
                }
            ]
        },
        {
            "sentence": "4) 테스트 및 검증 계획",
            "id": "sample_001_0076_000054",
            "annotations": []
        },
        {
            "sentence": "4-1. 단위검증(Unit Test): 각 센서 및 IO 모듈에 대해 교정(Calibration) 및 기능 테스트 수행..",
            "id": "sample_001_0076_000055",
            "annotations": []
        },
        {
            "sentence": "4-2. 통합검증(Integration Test): PLC 로직/엣지 연동, SCADA 표시, 알람 및 데이터 수집 경로 검증..",
            "id": "sample_001_0076_000056",
            "annotations": [
                {
                    "word": "PLC",
                    "start": 29,
                    "end": 32,
                    "label": "준식별자"
                },
                {
                    "word": "SCADA",
                    "start": 43,
                    "end": 48,
                    "label": "기밀정보"
                }
            ]
        },
        {
            "sentence": "4-3. 부하테스트(Load Test): 생산 조건과 동일한 연속 운전 72시간 수행, 이상징후 로깅 및 품질 검사 병행..",
            "id": "sample_001_0076_000057",
            "annotations": [
                {
                    "word": "72시간",
                    "start": 40,
                    "end": 44,
                    "label": "준식별자"
                }
            ]
        },
        {
            "sentence": "4-4. 파일럿 운전(Pilot Run): 실제 생산 제품을 대상으로 2주간 파일럿 운전 후 품질 지표(치수편차, 불량률) 모니터링..",
            "id": "sample_001_0076_000058",
            "annotations": []
        },
        {
            "sentence": "5) 배치 및 교육",
            "id": "sample_001_0076_000059",
            "annotations": []
        },
        {
            "sentence": "5-1. 설비 반입 및 설치: 전기/기계 외주와 협의 하에 야간 비가동시간을 이용해 단계적 적용(라인 단위) 실시..",
            "id": "sample_001_0076_000060",
            "annotations": []
        },
        {
            "sentence": "5-2. 운영자 교육: 생산부 운영자 대상의 2회(각 3시간) 교육(장비 사용법, 알람 대응, 간단한 센서 교정)을 실시..",
            "id": "sample_001_0076_000061",
            "annotations": [
                {
                    "word": "생산부",
                    "start": 13,
                    "end": 16,
                    "label": "준식별자"
                }
            ]
        },
        {
            "sentence": "5-3. 유지보수 교육: 기술부/외주 기술자 대상 심화 교육(하드웨어 분해, 펌웨어 롤백, 네트워크 디버깅) 실시..",
            "id": "sample_001_0076_000062",
            "annotations": [
                {
                    "word": "기술부",
                    "start": 14,
                    "end": 17,
                    "label": "준식별자"
                }
            ]
        },
        {
            "sentence": "HANBIT VIB-200 가속도 센서",
            "id": "sample_001_0076_000063",
            "annotations": [
                {
                    "word": "200",
                    "start": 11,
                    "end": 14,
                    "label": "개인정보"
                }
            ]
        },
        {
            "sentence": "VIB-200",
            "id": "sample_001_0076_000064",
            "annotations": [
                {
                    "word": "200",
                    "start": 4,
                    "end": 7,
                    "label": "개인정보"
                }
            ]
        },
        {
            "sentence": "축 베어링 4지점 설치",
            "id": "sample_001_0076_000065",
            "annotations": []
        },
        {
            "sentence": "PT100 (SMART-PT100)",
            "id": "sample_001_0076_000066",
            "annotations": [
                {
                    "word": "T100",
                    "start": 1,
                    "end": 5,
                    "label": "개인정보"
                },
                {
                    "word": "T100",
                    "start": 14,
                    "end": 18,
                    "label": "개인정보"
                }
            ]
        },
        {
            "sentence": "PT100-4W",
            "id": "sample_001_0076_000067",
            "annotations": [
                {
                    "word": "T100",
                    "start": 1,
                    "end": 5,
                    "label": "개인정보"
                }
            ]
        },
        {
            "sentence": "HB-EDGE-2025 엣지컴퓨터",
            "id": "sample_001_0076_000068",
            "annotations": [
                {
                    "word": "202",
                    "start": 8,
                    "end": 11,
                    "label": "준식별자"
                }
            ]
        },
        {
            "sentence": "EDGE-2025",
            "id": "sample_001_0076_000069",
            "annotations": [
                {
                    "word": "202",
                    "start": 5,
                    "end": 8,
                    "label": "준식별자"
                }
            ]
        },
        {
            "sentence": "실시간 FFT 및 로컬 이상감지 기능 포함",
            "id": "sample_001_0076_000070",
            "annotations": []
        },
        {
            "sentence": "Shielded Cable (24Core)",
            "id": "sample_001_0076_000071",
            "annotations": []
        },
        {
            "sentence": "m",
            "id": "sample_001_0076_000072",
            "annotations": []
        },
        {
            "sentence": "EMI/RFI Filter",
            "id": "sample_001_0076_000073",
            "annotations": []
        },
        {
            "sentence": "EMI-300",
            "id": "sample_001_0076_000074",
            "annotations": [
                {
                    "word": "300",
                    "start": 4,
                    "end": 7,
                    "label": "개인정보"
                }
            ]
        },
        {
            "sentence": "서지 프로텍터",
            "id": "sample_001_0076_000075",
            "annotations": []
        },
        {
            "sentence": "기타(패널브래킷, 접지재, 케이블타이 등)",
            "id": "sample_001_0076_000076",
            "annotations": []
        },
        {
            "sentence": "8주",
            "id": "sample_001_0076_000077",
            "annotations": []
        },
        {
            "sentence": "사전조치 및 설계",
            "id": "sample_001_0076_000078",
            "annotations": []
        },
        {
            "sentence": "2025-09-10 ~ 2025-09-16",
            "id": "sample_001_0076_000079",
            "annotations": [
                {
                    "word": "2025-09-10",
                    "start": 0,
                    "end": 10,
                    "label": "준식별자"
                },
                {
                    "word": "202",
                    "start": 13,
                    "end": 16,
                    "label": "준식별자"
                }
            ]
        },
        {
            "sentence": "현장조사, 상세설계, 자재발주",
            "id": "sample_001_0076_000080",
            "annotations": []
        },
        {
            "sentence": "하드웨어 설치",
            "id": "sample_001_0076_000081",
            "annotations": []
        },
        {
            "sentence": "2025-09-17 ~ 2025-09-30",
            "id": "sample_001_0076_000082",
            "annotations": [
                {
                    "word": "202",
                    "start": 0,
                    "end": 3,
                    "label": "준식별자"
                },
                {
                    "word": "202",
                    "start": 13,
                    "end": 16,
                    "label": "준식별자"
                }
            ]
        },
        {
            "sentence": "센서 및 엣지장치 설치, 케이블링, 접지보강",
            "id": "sample_001_0076_000083",
            "annotations": []
        },
        {
            "sentence": "소프트웨어 적용 및 통합",
            "id": "sample_001_0076_000084",
            "annotations": []
        },
        {
            "sentence": "2025-10-01 ~ 2025-10-10",
            "id": "sample_001_0076_000085",
            "annotations": [
                {
                    "word": "202",
                    "start": 0,
                    "end": 3,
                    "label": "준식별자"
                },
                {
                    "word": "202",
                    "start": 13,
                    "end": 16,
                    "label": "준식별자"
                }
            ]
        },
        {
            "sentence": "PLC 펌웨어 업데이트, I/O 매핑, 엣지 연동",
            "id": "sample_001_0076_000086",
            "annotations": [
                {
                    "word": "PLC",
                    "start": 0,
                    "end": 3,
                    "label": "준식별자"
                }
            ]
        },
        {
            "sentence": "검증 및 파일럿",
            "id": "sample_001_0076_000087",
            "annotations": []
        },
        {
            "sentence": "2025-10-11 ~ 2025-10-24",
            "id": "sample_001_0076_000088",
            "annotations": [
                {
                    "word": "202",
                    "start": 0,
                    "end": 3,
                    "label": "준식별자"
                },
                {
                    "word": "202",
                    "start": 13,
                    "end": 16,
                    "label": "준식별자"
                }
            ]
        },
        {
            "sentence": "통합검증, 72시간 부하테스트, 2주 파일럿",
            "id": "sample_001_0076_000089",
            "annotations": [
                {
                    "word": "72시간",
                    "start": 6,
                    "end": 10,
                    "label": "준식별자"
                }
            ]
        },
        {
            "sentence": "최종검토 및 양산전환",
            "id": "sample_001_0076_000090",
            "annotations": []
        },
        {
            "sentence": "2025-10-25 ~ 2025-10-30",
            "id": "sample_001_0076_000091",
            "annotations": [
                {
                    "word": "202",
                    "start": 0,
                    "end": 3,
                    "label": "준식별자"
                },
                {
                    "word": "202",
                    "start": 13,
                    "end": 16,
                    "label": "준식별자"
                }
            ]
        },
        {
            "sentence": "결과보고서 제출, SOP 업데이트, 교육완료",
            "id": "sample_001_0076_000092",
            "annotations": []
        },
        {
            "sentence": "1) 비계획 정지 시간 60% 감소(현재 월 평균 36시간 -> 목표 14시간 이하)",
            "id": "sample_001_0076_000093",
            "annotations": []
        },
        {
            "sentence": "2) 라인 가동률 95% 이상 회복",
            "id": "sample_001_0076_000094",
            "annotations": []
        },
        {
            "sentence": "3) 제품 불량률 30% 감소(현재 1.2% -> 목표 0.84% 이하)",
            "id": "sample_001_0076_000095",
            "annotations": []
        },
        {
            "sentence": "4) 예측보전 모델 정확도(F1-score) 0.72 -> 0.88로 향상",
            "id": "sample_001_0076_000096",
            "annotations": []
        },
        {
            "sentence": "테스트 목표: 하드웨어 및 소프트웨어 통합 후 설비의 안정성 확보 및 예측보전 알고리즘 연동 검증..",
            "id": "sample_001_0076_000097",
            "annotations": []
        },
        {
            "sentence": "테스트 항목:",
            "id": "sample_001_0076_000098",
            "annotations": []
        },
        {
            "sentence": "- 센서 교정 정확도(오차 범위 ±0.5% 이내)",
            "id": "sample_001_0076_000099",
            "annotations": []
        },
        {
            "sentence": "- 데이터 수집 시계열 완전성(패킷 손실률 < 0.01%)",
            "id": "sample_001_0076_000100",
            "annotations": []
        },
        {
            "sentence": "- 엣지에서의 이상감지 지연시간(알람 발생 ~ 중앙통보 < 2초)",
            "id": "sample_001_0076_000101",
            "annotations": []
        },
        {
            "sentence": "- PLC 제어 응답 시간(명령 입력 -> 동작 < 50ms)",
            "id": "sample_001_0076_000102",
            "annotations": [
                {
                    "word": "PLC",
                    "start": 2,
                    "end": 5,
                    "label": "준식별자"
                }
            ]
        },
        {
            "sentence": "- 연속 운전 중 온도/진동 임계치 미달 여부",
            "id": "sample_001_0076_000103",
            "annotations": []
        },
        {
            "sentence": "테스트 방법:",
            "id": "sample_001_0076_000104",
            "annotations": []
        },
        {
            "sentence": "- 각 센서별 교정장비(교정탱크, 표준진동원) 사용",
            "id": "sample_001_0076_000105",
            "annotations": []
        },
        {
            "sentence": "- 네트워크 트래픽 모니터링(TCPDump, MQTT 모니터)",
            "id": "sample_001_0076_000106",
            "annotations": []
        },
        {
            "sentence": "- 시뮬레이션을 통한 이상상황(베어링 결함, 급격한 부하변화) 주입",
            "id": "sample_001_0076_000107",
            "annotations": []
        },
        {
            "sentence": "예비 테스트(현장 설치 직후 모의검증)에서는 엣지 장치가 로컬 FFT를 통해 1kHz 대역까지 정상적으로 처리하는 것을 확인하였으며, 데이터 패킷 손실률은 0.003%로 목표치보다 우수함..",
            "id": "sample_001_0076_000108",
            "annotations": []
        },
        {
            "sentence": "서보 PID 보정 전후 비교 결과 오버슈트가 평균 12%에서 3%로 감소하여 응답 안정성이 크게 향상됨..",
            "id": "sample_001_0076_000109",
            "annotations": []
        },
        {
            "sentence": "PLC 펌웨어 업데이트 이후 복수 I/O 매핑 시나리오에서 라운드트립 지연이 평균 18ms로 측정되어 응답성 요건을 충족함..",
            "id": "sample_001_0076_000110",
            "annotations": [
                {
                    "word": "PLC",
                    "start": 0,
                    "end": 3,
                    "label": "준식별자"
                }
            ]
        },
        {
            "sentence": "다만, Shielded Cable 설치 구간 중 일부에서 접지 루프에 의한 노이즈가 소수 확인되어 추가 접지 보강 필요..",
            "id": "sample_001_0076_000111",
            "annotations": []
        },
        {
            "sentence": "리스크 1: 설치 중 생산중단(생산손실) 발생 가능성 - 대응: 야간/주말 비가동 시간에 단계적 설치 계획, 비상 롤백 플랜 준비..",
            "id": "sample_001_0076_000112",
            "annotations": []
        },
        {
            "sentence": "리스크 2: 엣지장치와 중앙서버 간 통신 장애 발생 시 데이터 손실 - 대응: 엣지 로컬 버퍼링(최대 72시간) 및 복구 스크립트 제공..",
            "id": "sample_001_0076_000113",
            "annotations": [
                {
                    "word": "72시간",
                    "start": 57,
                    "end": 61,
                    "label": "준식별자"
                }
            ]
        },
        {
            "sentence": "리스크 3: 신규 센서의 오탐(허위알람) 증가 - 대응: 알람 레벨 튜닝 및 운영자 교육으로 1개월간 경보 임계치 조정기간 운영..",
            "id": "sample_001_0076_000114",
            "annotations": []
        },
        {
            "sentence": "리스크 4: 외주 전기작업 품질 이슈 - 대응: 작업 전 외주기술자 선발 및 기술부 감독 하에 작업 수행..",
            "id": "sample_001_0076_000115",
            "annotations": [
                {
                    "word": "기술부",
                    "start": 43,
                    "end": 46,
                    "label": "준식별자"
                }
            ]
        },
        {
            "sentence": "KRW",
            "id": "sample_001_0076_000116",
            "annotations": []
        },
        {
            "sentence": "설비 가동 후 30일 이내에 불량률이 목표치 이하(0.84%)로 개선되어야 승인..",
            "id": "sample_001_0076_000117",
            "annotations": []
        },
        {
            "sentence": "지정된 KPI(가동률, 평균무고장시간 MTBF, 오탐비율)가 사전 합의된 목표를 충족해야 함..",
            "id": "sample_001_0076_000118",
            "annotations": []
        },
        {
            "sentence": "최종 승인 시 생산부 및 품질부 서명이 필요..",
            "id": "sample_001_0076_000119",
            "annotations": [
                {
                    "word": "생산부",
                    "start": 8,
                    "end": 11,
                    "label": "준식별자"
                }
            ]
        },
        {
            "sentence": "작업 전 전원 차단 및 Lockout-Tagout(LOTO) 절차 준수..",
            "id": "sample_001_0076_000120",
            "annotations": []
        },
        {
            "sentence": "패널 개방 작업 시 전격 방지를 위해 절연장갑, 절연매트 착용..",
            "id": "sample_001_0076_000121",
            "annotations": []
        },
        {
            "sentence": "고소작업(패널 상부 배선) 시 안전대(하네스) 착용 필수..",
            "id": "sample_001_0076_000122",
            "annotations": []
        },
        {
            "sentence": "화재 위험 지역에 대해 소화전 및 휴대용 소화기 상시 배치..",
            "id": "sample_001_0076_000123",
            "annotations": []
        },
        {
            "sentence": "운영자 교육(생산부 대상): 알람 확인, 기본 센서점검, 간단한 교정 방법(2회, 각 3시간)..",
            "id": "sample_001_0076_000124",
            "annotations": [
                {
                    "word": "생산부",
                    "start": 7,
                    "end": 10,
                    "label": "준식별자"
                }
            ]
        },
        {
            "sentence": "유지보수 교육(기술부 & 외주): 장비 분해/조립, 펌웨어 롤백, 네트워크 문제해결(1회, 6시간)..",
            "id": "sample_001_0076_000125",
            "annotations": [
                {
                    "word": "기술부",
                    "start": 8,
                    "end": 11,
                    "label": "준식별자"
                }
            ]
        },
        {
            "sentence": "교육자료: 사용자매뉴얼, SOP(표준작업절차), 비상대응 체크리스트 제공..",
            "id": "sample_001_0076_000126",
            "annotations": []
        },
        {
            "sentence": "설치 후 30일 동안은 기술부에서 주 2회 모니터링 리포트(데이터 분석 포함)를 품질부와 생산부에 제출..",
            "id": "sample_001_0076_000127",
            "annotations": [
                {
                    "word": "기술부",
                    "start": 13,
                    "end": 16,
                    "label": "준식별자"
                },
                {
                    "word": "생산부",
                    "start": 50,
                    "end": 53,
                    "label": "준식별자"
                }
            ]
        },
        {
            "sentence": "로그 및 데이터는 HB-Cloud에 암호화(TLS1.2 이상)로 저장되며, 12개월간 보관..",
            "id": "sample_001_0076_000128",
            "annotations": []
        },
        {
            "sentence": "정기점검: 매월 예비점검, 분기별 심층분석 리포트(정량지표 포함)..",
            "id": "sample_001_0076_000129",
            "annotations": []
        },
        {
            "sentence": "PLC 펌웨어 릴리즈노트 v2.33 (Siemens)",
            "id": "sample_001_0076_000130",
            "annotations": [
                {
                    "word": "PLC",
                    "start": 0,
                    "end": 3,
                    "label": "준식별자"
                }
            ]
        },
        {
            "sentence": "HB-AI-CPS 모델 리포트 v1.2 -> v2.0 개발노트",
            "id": "sample_001_0076_000131",
            "annotations": [
                {
                    "word": "HB-AI-CPS",
                    "start": 0,
                    "end": 9,
                    "label": "기밀정보"
                }
            ]
        },
        {
            "sentence": "현장 배선도(EQ-TURBO-A-01_Schematic_2024-11.pdf)",
            "id": "sample_001_0076_000132",
            "annotations": [
                {
                    "word": "202",
                    "start": 31,
                    "end": 34,
                    "label": "준식별자"
                }
            ]
        },
        {
            "sentence": "기존 유지보수 로그(2024-2025 정지이력)",
            "id": "sample_001_0076_000133",
            "annotations": [
                {
                    "word": "202",
                    "start": 11,
                    "end": 14,
                    "label": "준식별자"
                },
                {
                    "word": "202",
                    "start": 16,
                    "end": 19,
                    "label": "준식별자"
                }
            ]
        },
        {
            "sentence": "첨부1_현장배선도.pdf",
            "id": "sample_001_0076_000134",
            "annotations": []
        },
        {
            "sentence": "첨부2_BOM_상세내역.xlsx",
            "id": "sample_001_0076_000135",
            "annotations": []
        },
        {
            "sentence": "첨부3_테스트로그_RAW.zip",
            "id": "sample_001_0076_000136",
            "annotations": []
        },
        {
            "sentence": "첨부4_교육자료_SOP.pdf",
            "id": "sample_001_0076_000137",
            "annotations": []
        },
        {
            "sentence": "본 개선은 설비 신뢰성 확보 및 예측보전 효율 향상을 동시에 달성할 수 있는 종합적인 개보수 계획임..",
            "id": "sample_001_0076_000138",
            "annotations": []
        },
        {
            "sentence": "예상비용 및 일정은 현재 수집된 데이터 기반으로 산정되었으나, 현장 추가 변수(예: 숨겨진 손상, 전력계통 문제)가 발생할 경우 조정 필요..",
            "id": "sample_001_0076_000139",
            "annotations": [
                {
                    "word": "예상비용",
                    "start": 0,
                    "end": 4,
                    "label": "기밀정보"
                }
            ]
        },
        {
            "sentence": "승인 시 즉시 자재발주 및 외주선정(RFQ) 절차를 진행할 것을 권고..",
            "id": "sample_001_0076_000140",
            "annotations": []
        },
        {
            "sentence": "김태현",
            "id": "sample_001_0076_000141",
            "annotations": [
                {
                    "word": "김태현",
                    "start": 0,
                    "end": 3,
                    "label": "개인정보"
                }
            ]
        },
        {
            "sentence": "박지윤",
            "id": "sample_001_0076_000142",
            "annotations": [
                {
                    "word": "박지윤",
                    "start": 0,
                    "end": 3,
                    "label": "개인정보"
                }
            ]
        },
        {
            "sentence": "오세진",
            "id": "sample_001_0076_000143",
            "annotations": [
                {
                    "word": "오세진",
                    "start": 0,
                    "end": 3,
                    "label": "개인정보"
                }
            ]
        },
        {
            "sentence": "2025-09-09",
            "id": "sample_001_0076_000144",
            "annotations": [
                {
                    "word": "2025-09-09",
                    "start": 0,
                    "end": 10,
                    "label": "준식별자"
                }
            ]
        },
        {
            "sentence": "v1.0",
            "id": "sample_001_0076_000145",
            "annotations": []
        },
        {
            "sentence": "2025-09-09",
            "id": "sample_001_0076_000146",
            "annotations": [
                {
                    "word": "2025-09-09",
                    "start": 0,
                    "end": 10,
                    "label": "준식별자"
                }
            ]
        },
        {
            "sentence": "초안 작성(하드웨어 및 소프트웨어 개선안, 일정, 비용 포함)",
            "id": "sample_001_0076_000147",
            "annotations": []
        },
        {
            "sentence": "김태현",
            "id": "sample_001_0076_000148",
            "annotations": [
                {
                    "word": "김태현",
                    "start": 0,
                    "end": 3,
                    "label": "개인정보"
                }
            ]
        },
        {
            "sentence": "문서 내에 포함된 모든 연락처 및 이메일은 내부 통신 용도로만 사용하며 외부 배포 시 별도 검토 필요..",
            "id": "sample_001_0076_000149",
            "annotations": []
        },
        {
            "sentence": "현장 작업은 안전 규정 및 회사 내부 지침을 준수하여 수행..",
            "id": "sample_001_0076_000150",
            "annotations": []
        }
    ]
}