{
    "document_id": "001_0234",
    "document_title": "0234",
    "data": [
        {
            "sentence": "HB-HR-2025-0925-01",
            "id": "sample_001_0234_000001",
            "annotations": [
                {
                    "word": "HR-202",
                    "start": 3,
                    "end": 9,
                    "label": "개인정보"
                }
            ]
        },
        {
            "sentence": "기안서",
            "id": "sample_001_0234_000002",
            "annotations": []
        },
        {
            "sentence": "인사부",
            "id": "sample_001_0234_000003",
            "annotations": [
                {
                    "word": "인사부",
                    "start": 0,
                    "end": 3,
                    "label": "준식별자"
                }
            ]
        },
        {
            "sentence": "생산부",
            "id": "sample_001_0234_000004",
            "annotations": [
                {
                    "word": "생산부",
                    "start": 0,
                    "end": 3,
                    "label": "준식별자"
                }
            ]
        },
        {
            "sentence": "관리부",
            "id": "sample_001_0234_000005",
            "annotations": [
                {
                    "word": "관리부",
                    "start": 0,
                    "end": 3,
                    "label": "준식별자"
                }
            ]
        },
        {
            "sentence": "영업부",
            "id": "sample_001_0234_000006",
            "annotations": [
                {
                    "word": "영업부",
                    "start": 0,
                    "end": 3,
                    "label": "준식별자"
                }
            ]
        },
        {
            "sentence": "기술부",
            "id": "sample_001_0234_000007",
            "annotations": [
                {
                    "word": "기술부",
                    "start": 0,
                    "end": 3,
                    "label": "준식별자"
                }
            ]
        },
        {
            "sentence": "5년",
            "id": "sample_001_0234_000008",
            "annotations": []
        },
        {
            "sentence": "김민수",
            "id": "sample_001_0234_000009",
            "annotations": [
                {
                    "word": "김민수",
                    "start": 0,
                    "end": 3,
                    "label": "개인정보"
                }
            ]
        },
        {
            "sentence": "인사부장",
            "id": "sample_001_0234_000010",
            "annotations": [
                {
                    "word": "인사부장",
                    "start": 0,
                    "end": 4,
                    "label": "준식별자"
                }
            ]
        },
        {
            "sentence": "HB0001",
            "id": "sample_001_0234_000011",
            "annotations": [
                {
                    "word": "HB0001",
                    "start": 0,
                    "end": 6,
                    "label": "개인정보"
                }
            ]
        },
        {
            "sentence": "1001",
            "id": "sample_001_0234_000012",
            "annotations": [
                {
                    "word": "1001",
                    "start": 0,
                    "end": 4,
                    "label": "개인정보"
                }
            ]
        },
        {
            "sentence": "010-1234-5678",
            "id": "sample_001_0234_000013",
            "annotations": [
                {
                    "word": "010-1234-5678",
                    "start": 0,
                    "end": 13,
                    "label": "개인정보"
                }
            ]
        },
        {
            "sentence": "kms@hanbitsol.com",
            "id": "sample_001_0234_000014",
            "annotations": [
                {
                    "word": "kms@hanbitsol.com",
                    "start": 0,
                    "end": 17,
                    "label": "개인정보"
                }
            ]
        },
        {
            "sentence": "2025-09-25",
            "id": "sample_001_0234_000015",
            "annotations": [
                {
                    "word": "202",
                    "start": 0,
                    "end": 3,
                    "label": "준식별자"
                }
            ]
        },
        {
            "sentence": "이서연",
            "id": "sample_001_0234_000016",
            "annotations": [
                {
                    "word": "이서연",
                    "start": 0,
                    "end": 3,
                    "label": "개인정보"
                }
            ]
        },
        {
            "sentence": "인사팀장",
            "id": "sample_001_0234_000017",
            "annotations": [
                {
                    "word": "인사팀장",
                    "start": 0,
                    "end": 4,
                    "label": "준식별자"
                }
            ]
        },
        {
            "sentence": "HB0004",
            "id": "sample_001_0234_000018",
            "annotations": []
        },
        {
            "sentence": "1002",
            "id": "sample_001_0234_000019",
            "annotations": [
                {
                    "word": "1002",
                    "start": 0,
                    "end": 4,
                    "label": "개인정보"
                }
            ]
        },
        {
            "sentence": "010-2345-6789",
            "id": "sample_001_0234_000020",
            "annotations": [
                {
                    "word": "010-2345-6789",
                    "start": 0,
                    "end": 13,
                    "label": "개인정보"
                }
            ]
        },
        {
            "sentence": "lsy@hanbitsol.com",
            "id": "sample_001_0234_000021",
            "annotations": [
                {
                    "word": "lsy@hanbitsol.com",
                    "start": 0,
                    "end": 17,
                    "label": "개인정보"
                }
            ]
        },
        {
            "sentence": "박준형",
            "id": "sample_001_0234_000022",
            "annotations": [
                {
                    "word": "박준형",
                    "start": 0,
                    "end": 3,
                    "label": "개인정보"
                }
            ]
        },
        {
            "sentence": "대표이사",
            "id": "sample_001_0234_000023",
            "annotations": [
                {
                    "word": "대표이사",
                    "start": 0,
                    "end": 4,
                    "label": "준식별자"
                }
            ]
        },
        {
            "sentence": "HB0000",
            "id": "sample_001_0234_000024",
            "annotations": [
                {
                    "word": "HB0000",
                    "start": 0,
                    "end": 6,
                    "label": "개인정보"
                }
            ]
        },
        {
            "sentence": "1000",
            "id": "sample_001_0234_000025",
            "annotations": [
                {
                    "word": "1000",
                    "start": 0,
                    "end": 4,
                    "label": "개인정보"
                }
            ]
        },
        {
            "sentence": "010-9876-5432",
            "id": "sample_001_0234_000026",
            "annotations": [
                {
                    "word": "010-9876-5432",
                    "start": 0,
                    "end": 13,
                    "label": "개인정보"
                }
            ]
        },
        {
            "sentence": "pjh@hanbitsol.com",
            "id": "sample_001_0234_000027",
            "annotations": [
                {
                    "word": "pjh@hanbitsol.com",
                    "start": 0,
                    "end": 17,
                    "label": "개인정보"
                }
            ]
        },
        {
            "sentence": "한빛솔루션 인사평가제도 개편 및 평가운영 지침(기안)",
            "id": "sample_001_0234_000028",
            "annotations": []
        },
        {
            "sentence": "한빛솔루션은 2018년 설립 이후 빠르게 사업영역을 확장하면서 조직 규모와 업무 종류가 다양해졌습니다.",
            "id": "sample_001_0234_000029",
            "annotations": [
                {
                    "word": "201",
                    "start": 7,
                    "end": 10,
                    "label": "개인정보"
                }
            ]
        },
        {
            "sentence": "이에 따라 기존의 연 1회 방식, 단순 연공·근속 기반의 성과평가체계는 중소 제조기업 고객에게 제공하는 고품질 서비스와 내부 역량 강화라는 목표를 달성하기에 한계가 있음을 확인하였습니다.",
            "id": "sample_001_0234_000030",
            "annotations": []
        },
        {
            "sentence": "특히 2023년 이후 도입한 AI 기반 예측 유지보수, 데이터 분석팀의 확대, 외부 파트너와의 협업 증가 등으로 인해 직무별 성과지표의 복잡도가 증가하였고 개별 직원의 기여도와 정량적 성과를 정확히 반영할 필요성이 커졌습니다.",
            "id": "sample_001_0234_000031",
            "annotations": [
                {
                    "word": "202",
                    "start": 3,
                    "end": 6,
                    "label": "준식별자"
                },
                {
                    "word": "직무",
                    "start": 66,
                    "end": 68,
                    "label": "준식별자"
                }
            ]
        },
        {
            "sentence": "또한 정부 및 산업계의 인사관리 최신 트렌드(OKR, 역량중심평가, 360도 피드백)의 도입 요구와 중장기 인재유지(리텐션) 정책의 필요성에 따라 보다 공정하고 투명한 인사평가제도 개편이 요구됩니다.",
            "id": "sample_001_0234_000032",
            "annotations": []
        },
        {
            "sentence": "본 기안서는 기존 평가제도의 문제점 분석과 개선안 제시, 운영 절차 및 일정, 소요예산 등을 포함하여 전사적 합의를 거쳐 시행하기 위한 기초자료로 제출합니다..",
            "id": "sample_001_0234_000033",
            "annotations": []
        },
        {
            "sentence": "1. 목적 요약: 본 제도 개편의 목적은 다음과 같습니다.",
            "id": "sample_001_0234_000034",
            "annotations": []
        },
        {
            "sentence": "첫째, 직무 및 조직 특성에 맞는 성과 측정 지표(KPI/OKR)를 도입하여 성과의 객관성과 투명성을 확보합니다.",
            "id": "sample_001_0234_000035",
            "annotations": [
                {
                    "word": "직무",
                    "start": 4,
                    "end": 6,
                    "label": "준식별자"
                }
            ]
        },
        {
            "sentence": "둘째, 역량 중심 평가체계를 도입하여 장기적 인재육성과 역량 개발을 촉진합니다.",
            "id": "sample_001_0234_000036",
            "annotations": []
        },
        {
            "sentence": "셋째, 연 2회 평가(반기평가+연말평가) 및 수시 피드백 절차를 마련하여 성과관리의 주기성을 확보합니다.",
            "id": "sample_001_0234_000037",
            "annotations": []
        },
        {
            "sentence": "넷째, 평가 결과를 보상 및 교육, 승진, 직무 재배치의 근거로 활용하여 인사 의사결정의 정합성을 높입니다.2. 적용 범위: 본 지침은 ㈜한빛솔루션 전 임직원(정규직, 계약직, 파트타이머 포함)에 적용하되, 별도 규정이 있는 직군(대표이사 직속, 외부 파트너 소속 인원 등)은 예외 조항을 둡니다.",
            "id": "sample_001_0234_000038",
            "annotations": [
                {
                    "word": "직무",
                    "start": 24,
                    "end": 26,
                    "label": "준식별자"
                },
                {
                    "word": "㈜한빛솔루션",
                    "start": 76,
                    "end": 82,
                    "label": "기밀정보"
                },
                {
                    "word": "대표이사",
                    "start": 129,
                    "end": 133,
                    "label": "준식별자"
                }
            ]
        },
        {
            "sentence": "신입입사자의 최초 평가는 입사 후 6개월 이내 수습평가로 별도 운영합니다.3. 평가 주기 및 일정: 기본 평가는 반기단위로 시행하되 연말 종합평가를 통해 최종 성과를 확정합니다.",
            "id": "sample_001_0234_000039",
            "annotations": []
        },
        {
            "sentence": "세부 일정은 아래와 같습니다.",
            "id": "sample_001_0234_000040",
            "annotations": []
        },
        {
            "sentence": "1) 반기평가(1차): 3월 말~4월 중순(목표 설정: 1월~2월, 중간점검: 3월) 2) 반기평가(2차): 9월 말~10월 중순(목표 설정: 7월~8월, 중간점검: 9월) 3) 연말 종합평가: 12월 중순~12월 말(최종 성과 확정 및 보상 반영).",
            "id": "sample_001_0234_000041",
            "annotations": []
        },
        {
            "sentence": "각 평가 주기 중 평가자(담당 팀장)는 평가대상자와 최소 2회 이상 1:1 피드백을 실시합니다.4. 평가체계 구성: 평가요소는 정량평가(성과지표 KPI/OKR 비중)와 정성평가(역량평가, 동료평가, 리더십 등)로 구분됩니다.",
            "id": "sample_001_0234_000042",
            "annotations": [
                {
                    "word": "팀장",
                    "start": 17,
                    "end": 19,
                    "label": "준식별자"
                }
            ]
        },
        {
            "sentence": "권장 비중은 정량 60%, 정성 40%를 기본으로 하되 직무 특성에 따라 조정 가능합니다.",
            "id": "sample_001_0234_000043",
            "annotations": [
                {
                    "word": "직무",
                    "start": 31,
                    "end": 33,
                    "label": "준식별자"
                }
            ]
        },
        {
            "sentence": "정량평가는 각 부서별로 수립된 KPI 또는 OKR의 달성률로 산출하며, 정성평가는 표준화된 역량모델(핵심역량 6대 항목: 문제해결능력, 협업/커뮤니케이션, 전문성, 책임감/윤리의식, 혁신성, 리더십)을 활용하여 5점 척도(1~5)로 평가합니다.",
            "id": "sample_001_0234_000044",
            "annotations": []
        },
        {
            "sentence": "동료평가(360도 피드백)는 전체 정성평가 중 최대 15%까지 반영할 수 있습니다.5. 평가자 자격 및 교육: 평가의 공정성을 확보하기 위하여 평가자(팀장, 부서장 등)는 연 1회 이상 필수 평가자 교육을 이수해야 합니다.",
            "id": "sample_001_0234_000045",
            "annotations": [
                {
                    "word": "15%",
                    "start": 29,
                    "end": 32,
                    "label": "기밀정보"
                },
                {
                    "word": "팀장",
                    "start": 84,
                    "end": 86,
                    "label": "준식별자"
                }
            ]
        },
        {
            "sentence": "교육 내용에는 평가 기준의 이해, 편향 제거 방법, 피드백 기법, 역량 기반 면담 실습이 포함됩니다.",
            "id": "sample_001_0234_000046",
            "annotations": []
        },
        {
            "sentence": "인사부는 교육 커리큘럼과 교재를 개발하며 외부 전문 컨설턴트 초빙을 검토합니다.6. 평가절차 상세: (A) 목표설정 단계: 연초 또는 반기 시작 시점에 평가자와 피평가자가 공동으로 목표를 설정하고 전자문서(평가시스템)에 등록합니다.",
            "id": "sample_001_0234_000047",
            "annotations": [
                {
                    "word": "인사부",
                    "start": 0,
                    "end": 3,
                    "label": "준식별자"
                }
            ]
        },
        {
            "sentence": "목표는 SMART 원칙에 따라 작성하며 KPI/OKR 항목별 가중치를 지정합니다.",
            "id": "sample_001_0234_000048",
            "annotations": []
        },
        {
            "sentence": "(B) 중간점검 단계: 평가기간 중간에 목표 진척도 점검 및 조정 회의를 진행합니다.",
            "id": "sample_001_0234_000049",
            "annotations": []
        },
        {
            "sentence": "기록은 시스템에 저장되어 최종 평가 시 근거자료로 활용됩니다.",
            "id": "sample_001_0234_000050",
            "annotations": []
        },
        {
            "sentence": "(C) 최종평가 단계: 평가자는 정량 지표의 달성률과 정성평가 점수를 합산하여 최종 점수를 산출합니다.",
            "id": "sample_001_0234_000051",
            "annotations": []
        },
        {
            "sentence": "필요 시 증빙자료(보고서, 로그, 생산성 데이터 등)를 첨부합니다.",
            "id": "sample_001_0234_000052",
            "annotations": []
        },
        {
            "sentence": "(D) 피드백 및 이의신청: 평가결과는 피평가자에게 개별 면담을 통해 통보하며 통보일로부터 10영업일 이내 이의신청을 접수할 수 있습니다.",
            "id": "sample_001_0234_000053",
            "annotations": []
        },
        {
            "sentence": "이의신청은 이의신청위원회(인사부장, 검토자 1인, 사내 노무 담당자 1인)에서 심의합니다.7. 보상 및 연계: 최종 평가등급에 따라 기본급의 차등인상, 성과급 지급, 승진 심사 우대, 교육 기회 제공 등이 연계됩니다.",
            "id": "sample_001_0234_000054",
            "annotations": [
                {
                    "word": "인사부장",
                    "start": 14,
                    "end": 18,
                    "label": "준식별자"
                },
                {
                    "word": "성과급",
                    "start": 85,
                    "end": 88,
                    "label": "기밀정보"
                }
            ]
        },
        {
            "sentence": "등급 체계는 S, A, B, C, D(상위5%~하위5% 기준)로 구분하며 각 등급별 보상범위와 승진 가이드라인을 명확히 명시합니다.",
            "id": "sample_001_0234_000055",
            "annotations": []
        },
        {
            "sentence": "또한 지속적으로 개선이 필요한 인력에 대해서는 개인 개발계획(PDP)을 수립하고 멘토링 및 교육을 지원합니다.8. 시스템 및 데이터 연동: 평가관리 시스템은 한빛 스마트MES 및 한빛 데이터 솔루션과의 연동을 통해 생산성과 설비 가동률, 불량률 등 정량 지표를 자동 수집할 수 있도록 설계합니다.",
            "id": "sample_001_0234_000056",
            "annotations": [
                {
                    "word": "한빛 스마트MES",
                    "start": 88,
                    "end": 97,
                    "label": "기밀정보"
                },
                {
                    "word": "한빛 데이터 솔루션",
                    "start": 100,
                    "end": 110,
                    "label": "기밀정보"
                }
            ]
        },
        {
            "sentence": "또한 평가 관련 데이터는 개인정보 보호정책에 따라 접근권한을 제한하며 로그를 남겨 투명성을 확보합니다.",
            "id": "sample_001_0234_000057",
            "annotations": []
        },
        {
            "sentence": "인사부는 시스템 개편을 위한 요구사항 정의서(RFP)를 작성하고 IT/기술부와 협업하여 개발 일정을 관리합니다.9. 파일럿 운영 및 수정: 제도 도입 전 2개월간 파일럿 운영을 실시하여 문제점을 보완합니다.",
            "id": "sample_001_0234_000058",
            "annotations": [
                {
                    "word": "인사부",
                    "start": 0,
                    "end": 3,
                    "label": "준식별자"
                },
                {
                    "word": "기술부",
                    "start": 39,
                    "end": 42,
                    "label": "준식별자"
                }
            ]
        },
        {
            "sentence": "파일럿 대상은 총 3개 부서(생산부, 기술부, 영업부)로 선정하여 실제 데이터를 기반으로 시범 평가를 수행하고 결과를 바탕으로 지침을 보완합니다.10. 커뮤니케이션 계획: 제도 변경 사항은 전사 공지 및 부서별 워크숍을 통해 투명하게 안내합니다.",
            "id": "sample_001_0234_000059",
            "annotations": [
                {
                    "word": "생산부",
                    "start": 16,
                    "end": 19,
                    "label": "준식별자"
                },
                {
                    "word": "기술부",
                    "start": 21,
                    "end": 24,
                    "label": "준식별자"
                },
                {
                    "word": "영업부",
                    "start": 26,
                    "end": 29,
                    "label": "준식별자"
                }
            ]
        },
        {
            "sentence": "공지문에는 제도 취지, 주요 변경사항, 일정, 교육계획 및 자주 묻는 질문(FAQ)을 포함하여 직원들의 이해도를 제고합니다.",
            "id": "sample_001_0234_000060",
            "annotations": []
        },
        {
            "sentence": "인사부는 전사 설명회(온라인 세션 포함)를 개최하고 질의응답 기록을 공유합니다.11. 모니터링 및 지속 개선: 인사부는 제도 시행 후 6개월 단위로 운영효과를 모니터링하고 KPI(평가참여율, 이의신청 건수, 교육 이수율, 인력 이탈률 변화 등)를 통해 제도의 효과성을 평가합니다.",
            "id": "sample_001_0234_000061",
            "annotations": [
                {
                    "word": "인사부",
                    "start": 0,
                    "end": 3,
                    "label": "준식별자"
                },
                {
                    "word": "인사부",
                    "start": 62,
                    "end": 65,
                    "label": "준식별자"
                }
            ]
        },
        {
            "sentence": "필요 시 제도 개선안을 기안하여 이사회 및 대표이사의 승인을 받아 개정합니다.",
            "id": "sample_001_0234_000062",
            "annotations": [
                {
                    "word": "이사회",
                    "start": 18,
                    "end": 21,
                    "label": "기밀정보"
                },
                {
                    "word": "대표이사",
                    "start": 24,
                    "end": 28,
                    "label": "준식별자"
                }
            ]
        },
        {
            "sentence": "모니터링 결과는 반기보고서로 관리부에 제출합니다.12. 세부평가기준 예시: 각 직군별 표준 기준표를 작성합니다.",
            "id": "sample_001_0234_000063",
            "annotations": [
                {
                    "word": "관리부",
                    "start": 16,
                    "end": 19,
                    "label": "준식별자"
                }
            ]
        },
        {
            "sentence": "예) 기술부 소프트웨어 엔지니어의 KPI 예시: 코드 품질(테스트 커버리지, 결함수 감소) 25%, 일정 준수 20%, 기술 문서화 10%, 신규 기술 도입 및 개선활동 5%, 팀내 협업 및 지식공유 10%, 역량평가 30%.",
            "id": "sample_001_0234_000064",
            "annotations": [
                {
                    "word": "기술부",
                    "start": 3,
                    "end": 6,
                    "label": "준식별자"
                },
                {
                    "word": "소프트웨어 엔지니어",
                    "start": 7,
                    "end": 17,
                    "label": "준식별자"
                }
            ]
        },
        {
            "sentence": "(각 항목별 세부 산정방법 및 가중치는 별첨의 '평가기준표' 참조.)13. 기록관리: 모든 평가 기록(목표설정서, 중간점검 보고서, 최종평가서, 이의신청 및 처리결과)은 전자문서 중앙 시스템에 저장되며 접근 권한은 인사부 및 해당 평가자, 고과대상자에 한합니다.",
            "id": "sample_001_0234_000065",
            "annotations": [
                {
                    "word": "인사부",
                    "start": 120,
                    "end": 123,
                    "label": "준식별자"
                }
            ]
        },
        {
            "sentence": "보존 기간은 보존년한에 따르며 이후 별도 폐기 절차를 통해 기록을 안전하게 파기합니다.14. 교육커리큘럼 및 매뉴얼: 인사부는 평가자 및 직원용 교육자료, FAQ, 평가자 체크리스트, 면담 가이드, 점수 산정 예시 등을 포함한 매뉴얼을 제작하여 배포합니다.",
            "id": "sample_001_0234_000066",
            "annotations": [
                {
                    "word": "인사부",
                    "start": 66,
                    "end": 69,
                    "label": "준식별자"
                }
            ]
        },
        {
            "sentence": "교육은 실습 중심으로 구성되며 평가자 역량 강화 워크숍을 정기적으로 실시합니다.15. 파일럿 결과 성공지표: 파일럿 기간 동안 KPI 목표 달성률의 투명성 증가, 이의신청 건수 감소, 직원 만족도 조사에서의 긍정응답 비율 상승 등을 성공 기준으로 삼습니다.16. 조직별 특례: 영업부의 경우 거래처 수주 특성상 개인별 수익기여도 측정이 필요하며 인센티브 구조는 별도 규정으로 운영합니다.",
            "id": "sample_001_0234_000067",
            "annotations": [
                {
                    "word": "영업부",
                    "start": 155,
                    "end": 158,
                    "label": "준식별자"
                }
            ]
        },
        {
            "sentence": "생산부의 경우 설비 가동률 및 불량률과 연동하여 정량 지표를 산출합니다.",
            "id": "sample_001_0234_000068",
            "annotations": [
                {
                    "word": "생산부",
                    "start": 0,
                    "end": 3,
                    "label": "준식별자"
                }
            ]
        },
        {
            "sentence": "관리부는 내부 프로세스 개선 성과와 규정 준수도를 중심으로 평가지표를 설정합니다..",
            "id": "sample_001_0234_000069",
            "annotations": [
                {
                    "word": "관리부",
                    "start": 0,
                    "end": 3,
                    "label": "준식별자"
                }
            ]
        },
        {
            "sentence": "1) 공정성과 투명성 제고: 명확한 평가지표와 표준화된 절차로 평가 신뢰도를 향상시키고 직원들의 수용성을 높입니다.",
            "id": "sample_001_0234_000070",
            "annotations": []
        },
        {
            "sentence": "2) 성과 중심 조직문화 확립: 목표관리(OKR/KPI) 기반의 성과관리로 조직 전체의 목표 정렬(Alignment)을 강화하여 생산성 및 프로젝트 수행 속도가 개선됩니다.",
            "id": "sample_001_0234_000071",
            "annotations": []
        },
        {
            "sentence": "3) 인재육성 가속화: 역량중심 평가와 연계된 교육 및 개인 개발계획을 통해 핵심 인재의 역량 강화를 촉진하여 중장기 경쟁력을 확보합니다.",
            "id": "sample_001_0234_000072",
            "annotations": []
        },
        {
            "sentence": "4) 보상체계의 합리화: 평가 결과에 따른 보상 및 승진 연계를 통해 보상 체계의 합리성과 동기부여 효과를 높입니다.",
            "id": "sample_001_0234_000073",
            "annotations": []
        },
        {
            "sentence": "5) 데이터 기반 의사결정 가능: 평가 시스템과 생산 데이터, CRM 데이터의 연동으로 인사 의사결정을 데이터 기반으로 수행할 수 있어 구조적 개선이 가능합니다.",
            "id": "sample_001_0234_000074",
            "annotations": []
        },
        {
            "sentence": "6) 이직률 감소 및 조직안정성 확보: 투명한 평가와 명확한 성장경로 제시로 직원의 조직 몰입도와 만족도가 향상될 것으로 기대합니다..",
            "id": "sample_001_0234_000075",
            "annotations": []
        },
        {
            "sentence": "리스크1: 평가자의 편향(Bias) 및 평가 불일치 발생 가능성.",
            "id": "sample_001_0234_000076",
            "annotations": []
        },
        {
            "sentence": "대안: 평가자 교육 강화, 360도 피드백 도입, 이의신청 절차의 명문화 및 심의위원회 운영.",
            "id": "sample_001_0234_000077",
            "annotations": []
        },
        {
            "sentence": "리스크2: 시스템 연동 지연으로 자동화된 데이터 수집 지연.",
            "id": "sample_001_0234_000078",
            "annotations": []
        },
        {
            "sentence": "대안: 단계적 도입(파일럿 후 단계별 확장), 임시 수작업 보완 프로세스 마련, IT/기술부와의 주간 협의체 운영.",
            "id": "sample_001_0234_000079",
            "annotations": [
                {
                    "word": "기술부",
                    "start": 48,
                    "end": 51,
                    "label": "준식별자"
                }
            ]
        },
        {
            "sentence": "리스크3: 직원들의 제도 수용 저조.",
            "id": "sample_001_0234_000080",
            "annotations": []
        },
        {
            "sentence": "대안: 전사 커뮤니케이션 강화, 시범 운영 결과 공유, 직원 의견 수렴 창구 운영.",
            "id": "sample_001_0234_000081",
            "annotations": []
        },
        {
            "sentence": "리스크4: 개인정보 유출 및 권한오용.",
            "id": "sample_001_0234_000082",
            "annotations": []
        },
        {
            "sentence": "대안: 권한관리 강화, 접근로그 감사, 개인정보 암호화 및 저장소 분리, 관련 규정 위반 시 제재 규정 마련.",
            "id": "sample_001_0234_000083",
            "annotations": []
        },
        {
            "sentence": "리스크5: 비용 초과.",
            "id": "sample_001_0234_000084",
            "annotations": []
        },
        {
            "sentence": "대안: 예산범위 내 우선순위 설정, 외부 컨설팅 단계 축소 또는 내부 역량 활용, 단계별 투자 계획 수립..",
            "id": "sample_001_0234_000085",
            "annotations": []
        },
        {
            "sentence": "₩45,000,000 (예상)",
            "id": "sample_001_0234_000086",
            "annotations": [
                {
                    "word": "₩45,000,000",
                    "start": 0,
                    "end": 11,
                    "label": "기밀정보"
                }
            ]
        },
        {
            "sentence": "₩20,000,000 - 평가관리 모듈 개발 및 스마트MES/데이터솔루션 연동",
            "id": "sample_001_0234_000087",
            "annotations": []
        },
        {
            "sentence": "₩8,000,000 - 평가모델 설계 및 교육 자문",
            "id": "sample_001_0234_000088",
            "annotations": []
        },
        {
            "sentence": "₩3,000,000 - 평가자/직원 교육 (강사비, 자료비)",
            "id": "sample_001_0234_000089",
            "annotations": []
        },
        {
            "sentence": "₩2,500,000 - 파일럿 운영 관련 데이터 수집 및 분석비",
            "id": "sample_001_0234_000090",
            "annotations": []
        },
        {
            "sentence": "₩4,500,000 - 인사부 추가업무(3개월) 보상",
            "id": "sample_001_0234_000091",
            "annotations": [
                {
                    "word": "인사부",
                    "start": 13,
                    "end": 16,
                    "label": "준식별자"
                }
            ]
        },
        {
            "sentence": "₩6,000,000 - 예측 불가 비용 대비",
            "id": "sample_001_0234_000092",
            "annotations": []
        },
        {
            "sentence": "비용은 견적 추정치로 상세 견적 수립 시 변동 가능.",
            "id": "sample_001_0234_000093",
            "annotations": []
        },
        {
            "sentence": "우선순위에 따라 단계별 예산 배분을 권고함..",
            "id": "sample_001_0234_000094",
            "annotations": []
        },
        {
            "sentence": "2025-10-01 ~ 2026-03-31",
            "id": "sample_001_0234_000095",
            "annotations": [
                {
                    "word": "202",
                    "start": 0,
                    "end": 3,
                    "label": "준식별자"
                },
                {
                    "word": "202",
                    "start": 13,
                    "end": 16,
                    "label": "준식별자"
                }
            ]
        },
        {
            "sentence": "요구사항 정의 및 협의",
            "id": "sample_001_0234_000096",
            "annotations": []
        },
        {
            "sentence": "2025-10-01 ~ 2025-10-31",
            "id": "sample_001_0234_000097",
            "annotations": [
                {
                    "word": "202",
                    "start": 0,
                    "end": 3,
                    "label": "준식별자"
                },
                {
                    "word": "2025-10-31",
                    "start": 13,
                    "end": 23,
                    "label": "준식별자"
                }
            ]
        },
        {
            "sentence": "전사 인터뷰, 부서별 KPI 목록 수집, 시스템 요구사항 도출",
            "id": "sample_001_0234_000098",
            "annotations": []
        },
        {
            "sentence": "시스템 개발 및 매뉴얼 작성",
            "id": "sample_001_0234_000099",
            "annotations": []
        },
        {
            "sentence": "2025-11-01 ~ 2025-12-31",
            "id": "sample_001_0234_000100",
            "annotations": [
                {
                    "word": "202",
                    "start": 0,
                    "end": 3,
                    "label": "준식별자"
                },
                {
                    "word": "202",
                    "start": 13,
                    "end": 16,
                    "label": "준식별자"
                }
            ]
        },
        {
            "sentence": "평가모듈 개발, 데이터 연동 개발, 평가자/사용자 매뉴얼 초안 작성",
            "id": "sample_001_0234_000101",
            "annotations": []
        },
        {
            "sentence": "파일럿 운영",
            "id": "sample_001_0234_000102",
            "annotations": []
        },
        {
            "sentence": "2026-01-01 ~ 2026-02-28",
            "id": "sample_001_0234_000103",
            "annotations": [
                {
                    "word": "202",
                    "start": 0,
                    "end": 3,
                    "label": "준식별자"
                },
                {
                    "word": "202",
                    "start": 13,
                    "end": 16,
                    "label": "준식별자"
                }
            ]
        },
        {
            "sentence": "3개 부서 대상 시범운영, 피드백 수집 및 제도 보완",
            "id": "sample_001_0234_000104",
            "annotations": []
        },
        {
            "sentence": "전사 도입 및 교육",
            "id": "sample_001_0234_000105",
            "annotations": []
        },
        {
            "sentence": "2026-03-01 ~ 2026-03-31",
            "id": "sample_001_0234_000106",
            "annotations": [
                {
                    "word": "202",
                    "start": 0,
                    "end": 3,
                    "label": "준식별자"
                },
                {
                    "word": "202",
                    "start": 13,
                    "end": 16,
                    "label": "준식별자"
                }
            ]
        },
        {
            "sentence": "전사 교육 실시, 제도 공지, 시스템 오픈",
            "id": "sample_001_0234_000107",
            "annotations": []
        },
        {
            "sentence": "사내 인사관리 규정 제1조~제8조",
            "id": "sample_001_0234_000108",
            "annotations": []
        },
        {
            "sentence": "근로기준법(관련 조항 준수)",
            "id": "sample_001_0234_000109",
            "annotations": []
        },
        {
            "sentence": "개인정보보호법(내부관리계획 준수)",
            "id": "sample_001_0234_000110",
            "annotations": []
        },
        {
            "sentence": "정부 권고 가이드라인(인사평가 관련 권고사항)",
            "id": "sample_001_0234_000111",
            "annotations": []
        },
        {
            "sentence": "HB-HR-2024-PR-03(인사관리 규정)",
            "id": "sample_001_0234_000112",
            "annotations": [
                {
                    "word": "HR-202",
                    "start": 3,
                    "end": 9,
                    "label": "개인정보"
                }
            ]
        },
        {
            "sentence": "HB-IT-2025-RFP-02(시스템 연동 요구서)",
            "id": "sample_001_0234_000113",
            "annotations": [
                {
                    "word": "T-202",
                    "start": 4,
                    "end": 9,
                    "label": "개인정보"
                }
            ]
        },
        {
            "sentence": "첨부1_평가기준표_직군별_202509.pdf",
            "id": "sample_001_0234_000114",
            "annotations": [
                {
                    "word": "202",
                    "start": 14,
                    "end": 17,
                    "label": "준식별자"
                }
            ]
        },
        {
            "sentence": "첨부2_평가자교육매뉴얼_v1.pdf",
            "id": "sample_001_0234_000115",
            "annotations": []
        },
        {
            "sentence": "첨부3_파일럿운영계획서.xlsx",
            "id": "sample_001_0234_000116",
            "annotations": []
        },
        {
            "sentence": "첨부4_예산세부내역_평가제도_202509.xlsx",
            "id": "sample_001_0234_000117",
            "annotations": [
                {
                    "word": "202",
                    "start": 16,
                    "end": 19,
                    "label": "준식별자"
                }
            ]
        },
        {
            "sentence": "인사부장",
            "id": "sample_001_0234_000118",
            "annotations": [
                {
                    "word": "인사부장",
                    "start": 0,
                    "end": 4,
                    "label": "준식별자"
                }
            ]
        },
        {
            "sentence": "김민수",
            "id": "sample_001_0234_000119",
            "annotations": [
                {
                    "word": "김민수",
                    "start": 0,
                    "end": 3,
                    "label": "개인정보"
                }
            ]
        },
        {
            "sentence": "인사부장",
            "id": "sample_001_0234_000120",
            "annotations": [
                {
                    "word": "인사부장",
                    "start": 0,
                    "end": 4,
                    "label": "준식별자"
                }
            ]
        },
        {
            "sentence": "관리부 부서장",
            "id": "sample_001_0234_000121",
            "annotations": [
                {
                    "word": "관리부",
                    "start": 0,
                    "end": 3,
                    "label": "준식별자"
                }
            ]
        },
        {
            "sentence": "최혜진",
            "id": "sample_001_0234_000122",
            "annotations": [
                {
                    "word": "최혜진",
                    "start": 0,
                    "end": 3,
                    "label": "개인정보"
                }
            ]
        },
        {
            "sentence": "관리부장",
            "id": "sample_001_0234_000123",
            "annotations": [
                {
                    "word": "관리부장",
                    "start": 0,
                    "end": 4,
                    "label": "준식별자"
                }
            ]
        },
        {
            "sentence": "대표이사",
            "id": "sample_001_0234_000124",
            "annotations": [
                {
                    "word": "대표이사",
                    "start": 0,
                    "end": 4,
                    "label": "준식별자"
                }
            ]
        },
        {
            "sentence": "박준형",
            "id": "sample_001_0234_000125",
            "annotations": [
                {
                    "word": "박준형",
                    "start": 0,
                    "end": 3,
                    "label": "개인정보"
                }
            ]
        },
        {
            "sentence": "대표이사",
            "id": "sample_001_0234_000126",
            "annotations": [
                {
                    "word": "대표이사",
                    "start": 0,
                    "end": 4,
                    "label": "준식별자"
                }
            ]
        },
        {
            "sentence": "1",
            "id": "sample_001_0234_000127",
            "annotations": []
        },
        {
            "sentence": "목표설정",
            "id": "sample_001_0234_000128",
            "annotations": []
        },
        {
            "sentence": "피평가자는 평가자와 협의하여 KPI/OKR을 설정하고 시스템에 등록한다.",
            "id": "sample_001_0234_000129",
            "annotations": []
        },
        {
            "sentence": "목표설정 시 SMART 원칙(구체성, 측정가능성, 달성가능성, 관련성, 시간기준)을 적용한다..",
            "id": "sample_001_0234_000130",
            "annotations": []
        },
        {
            "sentence": "목표설정서(양식 A)",
            "id": "sample_001_0234_000131",
            "annotations": []
        },
        {
            "sentence": "2",
            "id": "sample_001_0234_000132",
            "annotations": []
        },
        {
            "sentence": "중간점검",
            "id": "sample_001_0234_000133",
            "annotations": []
        },
        {
            "sentence": "중간점검 시점에 목표 진척도 및 장애요인, 추가 지원사항을 기록하고 필요 시 목표의 조정을 협의한다..",
            "id": "sample_001_0234_000134",
            "annotations": []
        },
        {
            "sentence": "중간점검보고서(양식 B)",
            "id": "sample_001_0234_000135",
            "annotations": []
        },
        {
            "sentence": "3",
            "id": "sample_001_0234_000136",
            "annotations": []
        },
        {
            "sentence": "최종평가",
            "id": "sample_001_0234_000137",
            "annotations": []
        },
        {
            "sentence": "정량지표 달성률과 정성평가 점수를 합산하여 최종 등급을 산출한다.",
            "id": "sample_001_0234_000138",
            "annotations": []
        },
        {
            "sentence": "점수는 가중평균 방식으로 계산하며 산출 근거는 첨부자료로 제출한다..",
            "id": "sample_001_0234_000139",
            "annotations": []
        },
        {
            "sentence": "최종평가서(양식 C)",
            "id": "sample_001_0234_000140",
            "annotations": []
        },
        {
            "sentence": "4",
            "id": "sample_001_0234_000141",
            "annotations": []
        },
        {
            "sentence": "피드백 및 이의신청",
            "id": "sample_001_0234_000142",
            "annotations": []
        },
        {
            "sentence": "평가자는 결과에 대해 피평가자와 1:1 면담을 실시하고 면담일지를 작성한다.",
            "id": "sample_001_0234_000143",
            "annotations": []
        },
        {
            "sentence": "피평가자는 결과 통보일로부터 10영업일 내 이의신청을 제출할 수 있으며 이의신청 접수 후 14영업일 내 심의결과를 통보한다..",
            "id": "sample_001_0234_000144",
            "annotations": []
        },
        {
            "sentence": "피드백면담일지(양식 D), 이의신청서(양식 E)",
            "id": "sample_001_0234_000145",
            "annotations": []
        },
        {
            "sentence": "5",
            "id": "sample_001_0234_000146",
            "annotations": []
        },
        {
            "sentence": "보상연계",
            "id": "sample_001_0234_000147",
            "annotations": []
        },
        {
            "sentence": "등급별 보상정책을 적용하여 성과급 또는 승진심사에 반영한다.",
            "id": "sample_001_0234_000148",
            "annotations": [
                {
                    "word": "성과급",
                    "start": 15,
                    "end": 18,
                    "label": "기밀정보"
                }
            ]
        },
        {
            "sentence": "보상적용 내역은 관리부에 통보하여 예산 반영 절차를 진행한다..",
            "id": "sample_001_0234_000149",
            "annotations": [
                {
                    "word": "관리부",
                    "start": 9,
                    "end": 12,
                    "label": "준식별자"
                }
            ]
        },
        {
            "sentence": "보상적용보고서(양식 F)",
            "id": "sample_001_0234_000150",
            "annotations": []
        },
        {
            "sentence": "첨부된 평가기준표에는 직군별, 직무별 KPI 예시와 점수 산정 방식, 가중치, 가감점 규칙 및 증빙서류 예시가 포함되어 있습니다.",
            "id": "sample_001_0234_000151",
            "annotations": [
                {
                    "word": "직무",
                    "start": 17,
                    "end": 19,
                    "label": "준식별자"
                }
            ]
        },
        {
            "sentence": "교육매뉴얼은 평가자 교육을 위한 세부 커리큘럼과 실습문제, 피드백 예시를 포함하고 있으며 파일럿운영계획서에는 대상 부서 선정 기준, 샘플 데이터 수집 절차 및 성공지표, 리스크관리계획이 상세히 기재되어 있습니다..",
            "id": "sample_001_0234_000152",
            "annotations": []
        },
        {
            "sentence": "본 기안서는 전사 협의 및 대표이사 결재를 전제로 시행되며, 결재 후 인사부는 세부 운영 매뉴얼을 확정하여 전사에 공지할 예정입니다.",
            "id": "sample_001_0234_000153",
            "annotations": [
                {
                    "word": "대표이사",
                    "start": 15,
                    "end": 19,
                    "label": "준식별자"
                },
                {
                    "word": "인사부",
                    "start": 39,
                    "end": 42,
                    "label": "준식별자"
                }
            ]
        },
        {
            "sentence": "파일럿 결과에 따라 일부 항목(가중치, 반영 비중 등)은 조정될 수 있습니다..",
            "id": "sample_001_0234_000154",
            "annotations": []
        }
    ]
}