{
    "document_id": "001_0044",
    "document_title": "0044",
    "data": [
        {
            "sentence": "자금 관리 보고서",
            "id": "sample_001_0044_000001",
            "annotations": []
        },
        {
            "sentence": "HB-MGT-FC-2025-Q3-001",
            "id": "sample_001_0044_000002",
            "annotations": [
                {
                    "word": "MGT",
                    "start": 3,
                    "end": 6,
                    "label": "준식별자"
                },
                {
                    "word": "202",
                    "start": 10,
                    "end": 13,
                    "label": "준식별자"
                },
                {
                    "word": "001",
                    "start": 18,
                    "end": 21,
                    "label": "개인정보"
                }
            ]
        },
        {
            "sentence": "관리부_자금관리보고서_2025Q3_한빛001",
            "id": "sample_001_0044_000003",
            "annotations": [
                {
                    "word": "관리부",
                    "start": 0,
                    "end": 3,
                    "label": "준식별자"
                },
                {
                    "word": "202",
                    "start": 12,
                    "end": 15,
                    "label": "준식별자"
                },
                {
                    "word": "001",
                    "start": 21,
                    "end": 24,
                    "label": "개인정보"
                }
            ]
        },
        {
            "sentence": "2025-09-05",
            "id": "sample_001_0044_000004",
            "annotations": [
                {
                    "word": "202",
                    "start": 0,
                    "end": 3,
                    "label": "준식별자"
                }
            ]
        },
        {
            "sentence": "2025-07-01 ~ 2025-09-04",
            "id": "sample_001_0044_000005",
            "annotations": [
                {
                    "word": "202",
                    "start": 0,
                    "end": 3,
                    "label": "준식별자"
                },
                {
                    "word": "202",
                    "start": 13,
                    "end": 16,
                    "label": "준식별자"
                }
            ]
        },
        {
            "sentence": "이수진",
            "id": "sample_001_0044_000006",
            "annotations": [
                {
                    "word": "이수진",
                    "start": 0,
                    "end": 3,
                    "label": "개인정보"
                }
            ]
        },
        {
            "sentence": "관리부 재무팀장",
            "id": "sample_001_0044_000007",
            "annotations": [
                {
                    "word": "관리부 재무팀장",
                    "start": 0,
                    "end": 8,
                    "label": "준식별자"
                }
            ]
        },
        {
            "sentence": "HB001",
            "id": "sample_001_0044_000008",
            "annotations": [
                {
                    "word": "HB001",
                    "start": 0,
                    "end": 5,
                    "label": "개인정보"
                }
            ]
        },
        {
            "sentence": "031-123-4567",
            "id": "sample_001_0044_000009",
            "annotations": [
                {
                    "word": "031-123-4567",
                    "start": 0,
                    "end": 12,
                    "label": "개인정보"
                }
            ]
        },
        {
            "sentence": "010-2345-6789",
            "id": "sample_001_0044_000010",
            "annotations": [
                {
                    "word": "010-2345-6789",
                    "start": 0,
                    "end": 13,
                    "label": "개인정보"
                }
            ]
        },
        {
            "sentence": "sujin.lee@hanbitsol.co.kr",
            "id": "sample_001_0044_000011",
            "annotations": [
                {
                    "word": "sujin.lee@hanbitsol.co.kr",
                    "start": 0,
                    "end": 25,
                    "label": "개인정보"
                }
            ]
        },
        {
            "sentence": "박영진",
            "id": "sample_001_0044_000012",
            "annotations": [
                {
                    "word": "박영진",
                    "start": 0,
                    "end": 3,
                    "label": "개인정보"
                }
            ]
        },
        {
            "sentence": "관리부 재무담당",
            "id": "sample_001_0044_000013",
            "annotations": [
                {
                    "word": "관리부 재무담당",
                    "start": 0,
                    "end": 8,
                    "label": "준식별자"
                }
            ]
        },
        {
            "sentence": "HB002",
            "id": "sample_001_0044_000014",
            "annotations": []
        },
        {
            "sentence": "010-9876-5432",
            "id": "sample_001_0044_000015",
            "annotations": [
                {
                    "word": "010-9876-5432",
                    "start": 0,
                    "end": 13,
                    "label": "개인정보"
                }
            ]
        },
        {
            "sentence": "youngjin.park@hanbitsol.co.kr",
            "id": "sample_001_0044_000016",
            "annotations": []
        },
        {
            "sentence": "김태훈",
            "id": "sample_001_0044_000017",
            "annotations": [
                {
                    "word": "김태훈",
                    "start": 0,
                    "end": 3,
                    "label": "개인정보"
                }
            ]
        },
        {
            "sentence": "관리부장",
            "id": "sample_001_0044_000018",
            "annotations": [
                {
                    "word": "관리부장",
                    "start": 0,
                    "end": 4,
                    "label": "준식별자"
                }
            ]
        },
        {
            "sentence": "HBMGR01",
            "id": "sample_001_0044_000019",
            "annotations": []
        },
        {
            "sentence": "031-111-2222",
            "id": "sample_001_0044_000020",
            "annotations": [
                {
                    "word": "111",
                    "start": 4,
                    "end": 7,
                    "label": "개인정보"
                },
                {
                    "word": "2222",
                    "start": 8,
                    "end": 12,
                    "label": "기밀정보"
                }
            ]
        },
        {
            "sentence": "taehun.kim@hanbitsol.co.kr",
            "id": "sample_001_0044_000021",
            "annotations": [
                {
                    "word": "taehun.kim@hanbitsol.co.kr",
                    "start": 0,
                    "end": 26,
                    "label": "개인정보"
                }
            ]
        },
        {
            "sentence": "㈜한빛솔루션",
            "id": "sample_001_0044_000022",
            "annotations": [
                {
                    "word": "㈜한빛솔루션",
                    "start": 0,
                    "end": 6,
                    "label": "기밀정보"
                }
            ]
        },
        {
            "sentence": "경기도 성남시 분당구",
            "id": "sample_001_0044_000023",
            "annotations": [
                {
                    "word": "경기도 성남시 분당구",
                    "start": 0,
                    "end": 11,
                    "label": "준식별자"
                }
            ]
        },
        {
            "sentence": "스마트팩토리 솔루션 개발 및 구축",
            "id": "sample_001_0044_000024",
            "annotations": []
        },
        {
            "sentence": "2025",
            "id": "sample_001_0044_000025",
            "annotations": [
                {
                    "word": "202",
                    "start": 0,
                    "end": 3,
                    "label": "준식별자"
                }
            ]
        },
        {
            "sentence": "본 보고서는 2025년 3분기(7월 1일~9월 4일) 현재까지의 계좌별 잔액, 입출금 내역, 월간 및 분기 재무흐름 분석, 향후 6개월 자금계획(현금흐름 예측), 유동성 리스크 평가 및 대응방안을 포함한다.",
            "id": "sample_001_0044_000026",
            "annotations": [
                {
                    "word": "202",
                    "start": 7,
                    "end": 10,
                    "label": "준식별자"
                }
            ]
        },
        {
            "sentence": "관리부(재무)에서는 당사의 영업활동, 투자활동, 재무활동으로 구분하여 현금흐름 관리의 안정성을 확보하고자 본 보고서를 작성하였으며, 단기(1~3개월) 유동성 확보 방안과 중기(3~6개월) 대출 및 신용한도 조정안, 비용절감 및 지출순위조정 권고안을 포함한다..",
            "id": "sample_001_0044_000027",
            "annotations": [
                {
                    "word": "관리부",
                    "start": 0,
                    "end": 3,
                    "label": "준식별자"
                }
            ]
        },
        {
            "sentence": "국민은행",
            "id": "sample_001_0044_000028",
            "annotations": [
                {
                    "word": "국민은행",
                    "start": 0,
                    "end": 4,
                    "label": "기밀정보"
                }
            ]
        },
        {
            "sentence": "123-456-789012",
            "id": "sample_001_0044_000029",
            "annotations": [
                {
                    "word": "123-456-789012",
                    "start": 0,
                    "end": 14,
                    "label": "준식별자"
                }
            ]
        },
        {
            "sentence": "㈜한빛솔루션 운영자금계좌",
            "id": "sample_001_0044_000030",
            "annotations": [
                {
                    "word": "㈜한빛솔루션",
                    "start": 0,
                    "end": 6,
                    "label": "기밀정보"
                }
            ]
        },
        {
            "sentence": "KRW",
            "id": "sample_001_0044_000031",
            "annotations": []
        },
        {
            "sentence": "일상 운영비용 및 급여지급용 계좌.",
            "id": "sample_001_0044_000032",
            "annotations": []
        },
        {
            "sentence": "8월 말 대금결제 건으로 9월 초 잔액 변동 가능..",
            "id": "sample_001_0044_000033",
            "annotations": []
        },
        {
            "sentence": "신한은행",
            "id": "sample_001_0044_000034",
            "annotations": [
                {
                    "word": "신한은행",
                    "start": 0,
                    "end": 4,
                    "label": "기밀정보"
                }
            ]
        },
        {
            "sentence": "110-987-654321",
            "id": "sample_001_0044_000035",
            "annotations": [
                {
                    "word": "110-987-654321",
                    "start": 0,
                    "end": 14,
                    "label": "개인정보"
                }
            ]
        },
        {
            "sentence": "㈜한빛솔루션 프로젝트예치금",
            "id": "sample_001_0044_000036",
            "annotations": [
                {
                    "word": "㈜한빛솔루션",
                    "start": 0,
                    "end": 6,
                    "label": "기밀정보"
                }
            ]
        },
        {
            "sentence": "KRW",
            "id": "sample_001_0044_000037",
            "annotations": []
        },
        {
            "sentence": "수주 프로젝트별 예치금 및 고객선급금 관리 계좌.",
            "id": "sample_001_0044_000038",
            "annotations": []
        },
        {
            "sentence": "고객 A사(중소금속업체) 선급금 250,000,000원 포함..",
            "id": "sample_001_0044_000039",
            "annotations": [
                {
                    "word": "A사",
                    "start": 3,
                    "end": 5,
                    "label": "기밀정보"
                }
            ]
        },
        {
            "sentence": "우리은행",
            "id": "sample_001_0044_000040",
            "annotations": [
                {
                    "word": "우리은행",
                    "start": 0,
                    "end": 4,
                    "label": "기밀정보"
                }
            ]
        },
        {
            "sentence": "220-333-444555",
            "id": "sample_001_0044_000041",
            "annotations": [
                {
                    "word": "220",
                    "start": 0,
                    "end": 3,
                    "label": "개인정보"
                }
            ]
        },
        {
            "sentence": "㈜한빛솔루션 R&D 및 투자계좌",
            "id": "sample_001_0044_000042",
            "annotations": [
                {
                    "word": "㈜한빛솔루션",
                    "start": 0,
                    "end": 6,
                    "label": "기밀정보"
                }
            ]
        },
        {
            "sentence": "KRW",
            "id": "sample_001_0044_000043",
            "annotations": []
        },
        {
            "sentence": "AI·머신러닝 연구 투자 및 설비 업그레이드 비용 적립 계좌..",
            "id": "sample_001_0044_000044",
            "annotations": []
        },
        {
            "sentence": "케이뱅크",
            "id": "sample_001_0044_000045",
            "annotations": []
        },
        {
            "sentence": "330-444-555666",
            "id": "sample_001_0044_000046",
            "annotations": [
                {
                    "word": "330",
                    "start": 0,
                    "end": 3,
                    "label": "개인정보"
                }
            ]
        },
        {
            "sentence": "㈜한빛솔루션 예비운영자금",
            "id": "sample_001_0044_000047",
            "annotations": [
                {
                    "word": "㈜한빛솔루션",
                    "start": 0,
                    "end": 6,
                    "label": "기밀정보"
                }
            ]
        },
        {
            "sentence": "KRW",
            "id": "sample_001_0044_000048",
            "annotations": []
        },
        {
            "sentence": "긴급자금용 단기예치 계좌.",
            "id": "sample_001_0044_000049",
            "annotations": []
        },
        {
            "sentence": "만기 2025-10-04(정액식 예치)..",
            "id": "sample_001_0044_000050",
            "annotations": [
                {
                    "word": "202",
                    "start": 3,
                    "end": 6,
                    "label": "준식별자"
                }
            ]
        },
        {
            "sentence": "2025-07-03",
            "id": "sample_001_0044_000051",
            "annotations": [
                {
                    "word": "202",
                    "start": 0,
                    "end": 3,
                    "label": "준식별자"
                }
            ]
        },
        {
            "sentence": "고객 A사(중소금속업체) 프로젝트 1차 선급금 입금",
            "id": "sample_001_0044_000052",
            "annotations": [
                {
                    "word": "A사",
                    "start": 3,
                    "end": 5,
                    "label": "기밀정보"
                }
            ]
        },
        {
            "sentence": "입금",
            "id": "sample_001_0044_000053",
            "annotations": []
        },
        {
            "sentence": "고객 A사 (에코제조(주))",
            "id": "sample_001_0044_000054",
            "annotations": [
                {
                    "word": "A사",
                    "start": 3,
                    "end": 5,
                    "label": "기밀정보"
                }
            ]
        },
        {
            "sentence": "최민호",
            "id": "sample_001_0044_000055",
            "annotations": [
                {
                    "word": "최민호",
                    "start": 0,
                    "end": 3,
                    "label": "개인정보"
                }
            ]
        },
        {
            "sentence": "02-333-4444",
            "id": "sample_001_0044_000056",
            "annotations": []
        },
        {
            "sentence": "minho.choi@ecomanuf.co.kr",
            "id": "sample_001_0044_000057",
            "annotations": [
                {
                    "word": "minho.choi@ecomanuf.co.kr",
                    "start": 0,
                    "end": 25,
                    "label": "개인정보"
                }
            ]
        },
        {
            "sentence": "신한은행 110-987-654321",
            "id": "sample_001_0044_000058",
            "annotations": [
                {
                    "word": "신한은행 110-987-654321",
                    "start": 0,
                    "end": 19,
                    "label": "개인정보"
                }
            ]
        },
        {
            "sentence": "INV-HB-202507-001",
            "id": "sample_001_0044_000059",
            "annotations": [
                {
                    "word": "202",
                    "start": 7,
                    "end": 10,
                    "label": "준식별자"
                },
                {
                    "word": "001",
                    "start": 14,
                    "end": 17,
                    "label": "개인정보"
                }
            ]
        },
        {
            "sentence": "2025-07-15",
            "id": "sample_001_0044_000060",
            "annotations": [
                {
                    "word": "202",
                    "start": 0,
                    "end": 3,
                    "label": "준식별자"
                }
            ]
        },
        {
            "sentence": "본사 서버장비 리스 월납부(3개월분 선납)",
            "id": "sample_001_0044_000061",
            "annotations": []
        },
        {
            "sentence": "출금",
            "id": "sample_001_0044_000062",
            "annotations": []
        },
        {
            "sentence": "디지털인프라(주)",
            "id": "sample_001_0044_000063",
            "annotations": []
        },
        {
            "sentence": "국민은행 123-456-789012",
            "id": "sample_001_0044_000064",
            "annotations": [
                {
                    "word": "국민은행 123-456-789012",
                    "start": 0,
                    "end": 19,
                    "label": "개인정보"
                }
            ]
        },
        {
            "sentence": "INV-DI-202507-105",
            "id": "sample_001_0044_000065",
            "annotations": [
                {
                    "word": "202",
                    "start": 7,
                    "end": 10,
                    "label": "준식별자"
                },
                {
                    "word": "105",
                    "start": 14,
                    "end": 17,
                    "label": "개인정보"
                }
            ]
        },
        {
            "sentence": "2025-08-01",
            "id": "sample_001_0044_000066",
            "annotations": [
                {
                    "word": "202",
                    "start": 0,
                    "end": 3,
                    "label": "준식별자"
                }
            ]
        },
        {
            "sentence": "직원 급여 지급(8월분)",
            "id": "sample_001_0044_000067",
            "annotations": []
        },
        {
            "sentence": "출금",
            "id": "sample_001_0044_000068",
            "annotations": []
        },
        {
            "sentence": "직원 급여 지급내역(관리부, 생산부, 영업부, 기술부 포함)",
            "id": "sample_001_0044_000069",
            "annotations": [
                {
                    "word": "관리부",
                    "start": 11,
                    "end": 14,
                    "label": "준식별자"
                },
                {
                    "word": "생산부",
                    "start": 16,
                    "end": 19,
                    "label": "준식별자"
                },
                {
                    "word": "영업부",
                    "start": 21,
                    "end": 24,
                    "label": "준식별자"
                },
                {
                    "word": "기술부",
                    "start": 26,
                    "end": 29,
                    "label": "준식별자"
                }
            ]
        },
        {
            "sentence": "국민은행 123-456-789012",
            "id": "sample_001_0044_000070",
            "annotations": [
                {
                    "word": "국민은행 123-456-789012",
                    "start": 0,
                    "end": 19,
                    "label": "개인정보"
                }
            ]
        },
        {
            "sentence": "총 72명 대상, 세금 및 4대보험 공제 후 지급",
            "id": "sample_001_0044_000071",
            "annotations": []
        },
        {
            "sentence": "2025-08-10",
            "id": "sample_001_0044_000072",
            "annotations": [
                {
                    "word": "202",
                    "start": 0,
                    "end": 3,
                    "label": "준식별자"
                }
            ]
        },
        {
            "sentence": "공장 센서 구매(한빛 생산부 요청)",
            "id": "sample_001_0044_000073",
            "annotations": [
                {
                    "word": "생산부",
                    "start": 12,
                    "end": 15,
                    "label": "준식별자"
                }
            ]
        },
        {
            "sentence": "출금",
            "id": "sample_001_0044_000074",
            "annotations": []
        },
        {
            "sentence": "센서월드(주)",
            "id": "sample_001_0044_000075",
            "annotations": []
        },
        {
            "sentence": "국민은행 123-456-789012",
            "id": "sample_001_0044_000076",
            "annotations": [
                {
                    "word": "국민은행 123-456-789012",
                    "start": 0,
                    "end": 19,
                    "label": "개인정보"
                }
            ]
        },
        {
            "sentence": "INV-SW-202508-020",
            "id": "sample_001_0044_000077",
            "annotations": [
                {
                    "word": "202",
                    "start": 7,
                    "end": 10,
                    "label": "준식별자"
                }
            ]
        },
        {
            "sentence": "2025-08-20",
            "id": "sample_001_0044_000078",
            "annotations": [
                {
                    "word": "202",
                    "start": 0,
                    "end": 3,
                    "label": "준식별자"
                }
            ]
        },
        {
            "sentence": "고객 B사(공공기관) 용역 대금 입금(잔금)",
            "id": "sample_001_0044_000079",
            "annotations": [
                {
                    "word": "고객 B",
                    "start": 0,
                    "end": 4,
                    "label": "기밀정보"
                }
            ]
        },
        {
            "sentence": "입금",
            "id": "sample_001_0044_000080",
            "annotations": []
        },
        {
            "sentence": "고객 B사 (XX시청)",
            "id": "sample_001_0044_000081",
            "annotations": [
                {
                    "word": "고객 B",
                    "start": 0,
                    "end": 4,
                    "label": "기밀정보"
                }
            ]
        },
        {
            "sentence": "우리은행 220-333-444555",
            "id": "sample_001_0044_000082",
            "annotations": [
                {
                    "word": "우리은행 220-333-444555",
                    "start": 0,
                    "end": 19,
                    "label": "개인정보"
                }
            ]
        },
        {
            "sentence": "INV-HB-202506-078",
            "id": "sample_001_0044_000083",
            "annotations": [
                {
                    "word": "202",
                    "start": 7,
                    "end": 10,
                    "label": "준식별자"
                }
            ]
        },
        {
            "sentence": "2025-08-25",
            "id": "sample_001_0044_000084",
            "annotations": [
                {
                    "word": "202",
                    "start": 0,
                    "end": 3,
                    "label": "준식별자"
                }
            ]
        },
        {
            "sentence": "해외 파트너 기술컨설팅 비용 지급(부분)",
            "id": "sample_001_0044_000085",
            "annotations": []
        },
        {
            "sentence": "출금",
            "id": "sample_001_0044_000086",
            "annotations": []
        },
        {
            "sentence": "SEA Robotics Ltd..",
            "id": "sample_001_0044_000087",
            "annotations": []
        },
        {
            "sentence": "신한은행 110-987-654321",
            "id": "sample_001_0044_000088",
            "annotations": [
                {
                    "word": "신한은행 110-987-654321",
                    "start": 0,
                    "end": 19,
                    "label": "개인정보"
                }
            ]
        },
        {
            "sentence": "INV-SR-202508-001",
            "id": "sample_001_0044_000089",
            "annotations": [
                {
                    "word": "202",
                    "start": 7,
                    "end": 10,
                    "label": "준식별자"
                },
                {
                    "word": "001",
                    "start": 14,
                    "end": 17,
                    "label": "개인정보"
                }
            ]
        },
        {
            "sentence": "동남아시아 시장 기술컨설팅 (USD 135,000 환전수수료 포함)",
            "id": "sample_001_0044_000090",
            "annotations": [
                {
                    "word": "동남아",
                    "start": 0,
                    "end": 3,
                    "label": "준식별자"
                }
            ]
        },
        {
            "sentence": "2025-09-02",
            "id": "sample_001_0044_000091",
            "annotations": [
                {
                    "word": "202",
                    "start": 0,
                    "end": 3,
                    "label": "준식별자"
                }
            ]
        },
        {
            "sentence": "법인카드 정산(여비 교통비, 출장경비)",
            "id": "sample_001_0044_000092",
            "annotations": []
        },
        {
            "sentence": "출금",
            "id": "sample_001_0044_000093",
            "annotations": []
        },
        {
            "sentence": "여행·교통·식비 등",
            "id": "sample_001_0044_000094",
            "annotations": []
        },
        {
            "sentence": "국민은행 123-456-789012",
            "id": "sample_001_0044_000095",
            "annotations": [
                {
                    "word": "국민은행 123-456-789012",
                    "start": 0,
                    "end": 19,
                    "label": "개인정보"
                }
            ]
        },
        {
            "sentence": "8월분 법인카드 청구서 정산",
            "id": "sample_001_0044_000096",
            "annotations": []
        },
        {
            "sentence": "2025년 3분기 현재까지의 순현금흐름을 분석한 결과, 당사 운영자금 계좌(국민은행)를 중심으로 대규모 입금(고객 B사 용역대금 450M, 고객 A사 선급금 250M)이 발생함에 따라 단기 유동성은 양호한 편이다.",
            "id": "sample_001_0044_000097",
            "annotations": [
                {
                    "word": "202",
                    "start": 0,
                    "end": 3,
                    "label": "준식별자"
                },
                {
                    "word": "국민은행",
                    "start": 42,
                    "end": 46,
                    "label": "기밀정보"
                },
                {
                    "word": "고객 B",
                    "start": 61,
                    "end": 65,
                    "label": "기밀정보"
                },
                {
                    "word": "A사",
                    "start": 81,
                    "end": 83,
                    "label": "기밀정보"
                }
            ]
        },
        {
            "sentence": "그러나 8월에 집중된 투자성 지출(해외 컨설팅 비용 180M, 센서 구매 78M, 급여지급 320.5M 등)으로 인해 계좌별 자금 재분배가 필요하다.",
            "id": "sample_001_0044_000098",
            "annotations": []
        },
        {
            "sentence": "특히 프로젝트 예치금 계좌(신한은행)는 고객선급금 유입과 동시에 다수 프로젝트의 선지출이 예정되어 있어, 프로젝트 간 자금 충돌 가능성이 존재한다.관리부는 예측 시나리오(보수적, 중간, 낙관적)별로 현금흐름을 산정하였으며, 보수적 시나리오에서는 2025-09-30까지 유동성 여유자금이 230M 수준으로 낮아질 수 있음을 확인하였다.",
            "id": "sample_001_0044_000099",
            "annotations": [
                {
                    "word": "신한은행",
                    "start": 15,
                    "end": 19,
                    "label": "기밀정보"
                },
                {
                    "word": "관리부",
                    "start": 82,
                    "end": 85,
                    "label": "준식별자"
                },
                {
                    "word": "202",
                    "start": 137,
                    "end": 140,
                    "label": "준식별자"
                }
            ]
        },
        {
            "sentence": "이에 따라 단기(1개월) 자금유출 우선순위를 재조정하고, 필요시 외상·지급조건을 재협상하여 현금보유량을 확보하는 것이 바람직하다..",
            "id": "sample_001_0044_000100",
            "annotations": []
        },
        {
            "sentence": "단기 자금경색",
            "id": "sample_001_0044_000101",
            "annotations": []
        },
        {
            "sentence": "집중된 대규모 지출(급여·투자비)과 대금 회수 시점 간 불일치로 인한 단기 현금부족 가능성",
            "id": "sample_001_0044_000102",
            "annotations": []
        },
        {
            "sentence": "중간",
            "id": "sample_001_0044_000103",
            "annotations": []
        },
        {
            "sentence": "높음",
            "id": "sample_001_0044_000104",
            "annotations": []
        },
        {
            "sentence": "외화환율 변동에 따른 비용증가",
            "id": "sample_001_0044_000105",
            "annotations": []
        },
        {
            "sentence": "해외 파트너 결제(USD) 관련 환율 상승 시 비용증가 우려",
            "id": "sample_001_0044_000106",
            "annotations": []
        },
        {
            "sentence": "중간",
            "id": "sample_001_0044_000107",
            "annotations": []
        },
        {
            "sentence": "중간",
            "id": "sample_001_0044_000108",
            "annotations": []
        },
        {
            "sentence": "고객 대금 회수 지연",
            "id": "sample_001_0044_000109",
            "annotations": []
        },
        {
            "sentence": "대형 공공·민간 고객의 내부 결제지연으로 인한 현금흐름 악화",
            "id": "sample_001_0044_000110",
            "annotations": []
        },
        {
            "sentence": "낮음~중간",
            "id": "sample_001_0044_000111",
            "annotations": []
        },
        {
            "sentence": "높음",
            "id": "sample_001_0044_000112",
            "annotations": []
        },
        {
            "sentence": "단기 운전자금 확보",
            "id": "sample_001_0044_000113",
            "annotations": []
        },
        {
            "sentence": "은행 단기대출(운전자금) 한도 확대 협의 중.",
            "id": "sample_001_0044_000114",
            "annotations": []
        },
        {
            "sentence": "신한은행과의 기존 신용한도 500M 중 200M 추가 요청(임시선입금 대비)..",
            "id": "sample_001_0044_000115",
            "annotations": [
                {
                    "word": "신한은행",
                    "start": 0,
                    "end": 4,
                    "label": "기밀정보"
                },
                {
                    "word": "200",
                    "start": 22,
                    "end": 25,
                    "label": "개인정보"
                }
            ]
        },
        {
            "sentence": "지급조건 재협상",
            "id": "sample_001_0044_000116",
            "annotations": []
        },
        {
            "sentence": "주요 공급사(센서월드·디지털인프라)와 지급기한을 최대 30일 연장하고, 대금 일부를 분할지급으로 변경하는 조건 협의..",
            "id": "sample_001_0044_000117",
            "annotations": []
        },
        {
            "sentence": "외화환리스크 헤지",
            "id": "sample_001_0044_000118",
            "annotations": []
        },
        {
            "sentence": "해외 결제 건에 대해 선물환 또는 환옵션을 활용해 환위험을 부분 헤지하도록 재무부서 권고..",
            "id": "sample_001_0044_000119",
            "annotations": []
        },
        {
            "sentence": "프로젝트별 자금흐름 정교화",
            "id": "sample_001_0044_000120",
            "annotations": []
        },
        {
            "sentence": "프로젝트별 수입·지출 타임라인을 세분화하여 계좌이체 스케줄을 재조정.",
            "id": "sample_001_0044_000121",
            "annotations": []
        },
        {
            "sentence": "고객 선급금은 프로젝트별 에스크로 형태로 관리 권고..",
            "id": "sample_001_0044_000122",
            "annotations": []
        },
        {
            "sentence": "신한은행 단기운전자금 200M 증액 요청",
            "id": "sample_001_0044_000123",
            "annotations": [
                {
                    "word": "신한은행",
                    "start": 0,
                    "end": 4,
                    "label": "기밀정보"
                },
                {
                    "word": "200",
                    "start": 12,
                    "end": 15,
                    "label": "개인정보"
                }
            ]
        },
        {
            "sentence": "9월 말 집중지출(설비교체 및 R&D 투자) 대비 여유자금 확보",
            "id": "sample_001_0044_000124",
            "annotations": []
        },
        {
            "sentence": "박영진",
            "id": "sample_001_0044_000125",
            "annotations": [
                {
                    "word": "박영진",
                    "start": 0,
                    "end": 3,
                    "label": "개인정보"
                }
            ]
        },
        {
            "sentence": "관리부 재무담당",
            "id": "sample_001_0044_000126",
            "annotations": [
                {
                    "word": "관리부 재무담당",
                    "start": 0,
                    "end": 8,
                    "label": "준식별자"
                }
            ]
        },
        {
            "sentence": "HB002",
            "id": "sample_001_0044_000127",
            "annotations": []
        },
        {
            "sentence": "010-9876-5432",
            "id": "sample_001_0044_000128",
            "annotations": [
                {
                    "word": "010-9876-5432",
                    "start": 0,
                    "end": 13,
                    "label": "개인정보"
                }
            ]
        },
        {
            "sentence": "youngjin.park@hanbitsol.co.kr",
            "id": "sample_001_0044_000129",
            "annotations": []
        },
        {
            "sentence": "공급업체 지급조건 재협상(센서월드·디지털인프라)",
            "id": "sample_001_0044_000130",
            "annotations": []
        },
        {
            "sentence": "단기 유동성 압박 완화 및 현금유출 지연",
            "id": "sample_001_0044_000131",
            "annotations": []
        },
        {
            "sentence": "이수진",
            "id": "sample_001_0044_000132",
            "annotations": [
                {
                    "word": "이수진",
                    "start": 0,
                    "end": 3,
                    "label": "개인정보"
                }
            ]
        },
        {
            "sentence": "관리부 재무팀장",
            "id": "sample_001_0044_000133",
            "annotations": [
                {
                    "word": "관리부 재무팀장",
                    "start": 0,
                    "end": 8,
                    "label": "준식별자"
                }
            ]
        },
        {
            "sentence": "HB001",
            "id": "sample_001_0044_000134",
            "annotations": [
                {
                    "word": "HB001",
                    "start": 0,
                    "end": 5,
                    "label": "개인정보"
                }
            ]
        },
        {
            "sentence": "031-123-4567",
            "id": "sample_001_0044_000135",
            "annotations": [
                {
                    "word": "031-123-4567",
                    "start": 0,
                    "end": 12,
                    "label": "개인정보"
                }
            ]
        },
        {
            "sentence": "sujin.lee@hanbitsol.co.kr",
            "id": "sample_001_0044_000136",
            "annotations": [
                {
                    "word": "sujin.lee@hanbitsol.co.kr",
                    "start": 0,
                    "end": 25,
                    "label": "개인정보"
                }
            ]
        },
        {
            "sentence": "은행 신용공여 재협상(한도 증액 및 이자율 재검토)",
            "id": "sample_001_0044_000137",
            "annotations": []
        },
        {
            "sentence": "향후 12개월간 예상되는 프로젝트 자금수요 반영",
            "id": "sample_001_0044_000138",
            "annotations": []
        },
        {
            "sentence": "김태훈",
            "id": "sample_001_0044_000139",
            "annotations": [
                {
                    "word": "김태훈",
                    "start": 0,
                    "end": 3,
                    "label": "개인정보"
                }
            ]
        },
        {
            "sentence": "관리부장",
            "id": "sample_001_0044_000140",
            "annotations": [
                {
                    "word": "관리부장",
                    "start": 0,
                    "end": 4,
                    "label": "준식별자"
                }
            ]
        },
        {
            "sentence": "HBMGR01",
            "id": "sample_001_0044_000141",
            "annotations": []
        },
        {
            "sentence": "031-111-2222",
            "id": "sample_001_0044_000142",
            "annotations": [
                {
                    "word": "111",
                    "start": 4,
                    "end": 7,
                    "label": "개인정보"
                },
                {
                    "word": "2222",
                    "start": 8,
                    "end": 12,
                    "label": "기밀정보"
                }
            ]
        },
        {
            "sentence": "taehun.kim@hanbitsol.co.kr",
            "id": "sample_001_0044_000143",
            "annotations": [
                {
                    "word": "taehun.kim@hanbitsol.co.kr",
                    "start": 0,
                    "end": 26,
                    "label": "개인정보"
                }
            ]
        },
        {
            "sentence": "단기유동성 비상매뉴얼 수립",
            "id": "sample_001_0044_000144",
            "annotations": []
        },
        {
            "sentence": "예상치 못한 자금흐름 악화 시 신속한 의사결정 및 자금조달 경로 확보",
            "id": "sample_001_0044_000145",
            "annotations": []
        },
        {
            "sentence": "이수진",
            "id": "sample_001_0044_000146",
            "annotations": [
                {
                    "word": "이수진",
                    "start": 0,
                    "end": 3,
                    "label": "개인정보"
                }
            ]
        },
        {
            "sentence": "관리부 재무팀장",
            "id": "sample_001_0044_000147",
            "annotations": [
                {
                    "word": "관리부 재무팀장",
                    "start": 0,
                    "end": 8,
                    "label": "준식별자"
                }
            ]
        },
        {
            "sentence": "HB001",
            "id": "sample_001_0044_000148",
            "annotations": [
                {
                    "word": "HB001",
                    "start": 0,
                    "end": 5,
                    "label": "개인정보"
                }
            ]
        },
        {
            "sentence": "031-123-4567",
            "id": "sample_001_0044_000149",
            "annotations": [
                {
                    "word": "031-123-4567",
                    "start": 0,
                    "end": 12,
                    "label": "개인정보"
                }
            ]
        },
        {
            "sentence": "sujin.lee@hanbitsol.co.kr",
            "id": "sample_001_0044_000150",
            "annotations": [
                {
                    "word": "sujin.lee@hanbitsol.co.kr",
                    "start": 0,
                    "end": 25,
                    "label": "개인정보"
                }
            ]
        },
        {
            "sentence": "R&D 투자비 일부 지연",
            "id": "sample_001_0044_000151",
            "annotations": []
        },
        {
            "sentence": "핵심 R&D는 유지하되, 일부 장비구매를 2026년 1분기로 연기 가능",
            "id": "sample_001_0044_000152",
            "annotations": [
                {
                    "word": "202",
                    "start": 23,
                    "end": 26,
                    "label": "준식별자"
                }
            ]
        },
        {
            "sentence": "출장 및 교육비 절감",
            "id": "sample_001_0044_000153",
            "annotations": [
                {
                    "word": "교육비",
                    "start": 5,
                    "end": 8,
                    "label": "기밀정보"
                }
            ]
        },
        {
            "sentence": "온라인 교육 대체 및 출장 전면 재검토",
            "id": "sample_001_0044_000154",
            "annotations": []
        },
        {
            "sentence": "예기치 못한 대규모 지출 및 수금 지연에 대비한 최소 현금보유 기준 설정",
            "id": "sample_001_0044_000155",
            "annotations": []
        },
        {
            "sentence": "월평균 고정비용의 1.5배",
            "id": "sample_001_0044_000156",
            "annotations": []
        },
        {
            "sentence": "분기별(관리부 재무팀장 주관)",
            "id": "sample_001_0044_000157",
            "annotations": [
                {
                    "word": "관리부 재무팀장",
                    "start": 4,
                    "end": 12,
                    "label": "준식별자"
                }
            ]
        },
        {
            "sentence": "계좌별 자금이동은 반드시 2인이상 결재 체계로 운영하며, 10M 이상 이체 건은 사전 승인 절차(관리부장 및 대표이사 승인)를 강화한다.",
            "id": "sample_001_0044_000158",
            "annotations": [
                {
                    "word": "관리부장",
                    "start": 54,
                    "end": 58,
                    "label": "준식별자"
                },
                {
                    "word": "대표이사",
                    "start": 61,
                    "end": 65,
                    "label": "준식별자"
                }
            ]
        },
        {
            "sentence": "또한 외화결제 시에는 환리스크 관리 기록을 의무화하고, 모든 해외결제 건에 대하여 환율 민감도 분석을 첨부하도록 규정한다..",
            "id": "sample_001_0044_000159",
            "annotations": []
        },
        {
            "sentence": "첨부1_계좌별_잔액_스냅샷_20250904.xlsx",
            "id": "sample_001_0044_000160",
            "annotations": [
                {
                    "word": "202",
                    "start": 15,
                    "end": 18,
                    "label": "준식별자"
                }
            ]
        },
        {
            "sentence": "첨부2_월별_현금흐름_세부표_202507-202509.xlsx",
            "id": "sample_001_0044_000161",
            "annotations": [
                {
                    "word": "202",
                    "start": 16,
                    "end": 19,
                    "label": "준식별자"
                },
                {
                    "word": "202",
                    "start": 23,
                    "end": 26,
                    "label": "준식별자"
                }
            ]
        },
        {
            "sentence": "첨부3_공급사_지급조건_협의_기록.pdf",
            "id": "sample_001_0044_000162",
            "annotations": []
        },
        {
            "sentence": "첨부4_은행_신용한도_제안서_신청서.pdf",
            "id": "sample_001_0044_000163",
            "annotations": []
        },
        {
            "sentence": "이수진",
            "id": "sample_001_0044_000164",
            "annotations": [
                {
                    "word": "이수진",
                    "start": 0,
                    "end": 3,
                    "label": "개인정보"
                }
            ]
        },
        {
            "sentence": "관리부 재무팀장",
            "id": "sample_001_0044_000165",
            "annotations": [
                {
                    "word": "관리부 재무팀장",
                    "start": 0,
                    "end": 8,
                    "label": "준식별자"
                }
            ]
        },
        {
            "sentence": "작성완료",
            "id": "sample_001_0044_000166",
            "annotations": []
        },
        {
            "sentence": "2025-09-05",
            "id": "sample_001_0044_000167",
            "annotations": [
                {
                    "word": "202",
                    "start": 0,
                    "end": 3,
                    "label": "준식별자"
                }
            ]
        },
        {
            "sentence": "박영진",
            "id": "sample_001_0044_000168",
            "annotations": [
                {
                    "word": "박영진",
                    "start": 0,
                    "end": 3,
                    "label": "개인정보"
                }
            ]
        },
        {
            "sentence": "관리부 재무담당",
            "id": "sample_001_0044_000169",
            "annotations": [
                {
                    "word": "관리부 재무담당",
                    "start": 0,
                    "end": 8,
                    "label": "준식별자"
                }
            ]
        },
        {
            "sentence": "검토완료",
            "id": "sample_001_0044_000170",
            "annotations": []
        },
        {
            "sentence": "2025-09-05",
            "id": "sample_001_0044_000171",
            "annotations": [
                {
                    "word": "202",
                    "start": 0,
                    "end": 3,
                    "label": "준식별자"
                }
            ]
        },
        {
            "sentence": "김태훈",
            "id": "sample_001_0044_000172",
            "annotations": [
                {
                    "word": "김태훈",
                    "start": 0,
                    "end": 3,
                    "label": "개인정보"
                }
            ]
        },
        {
            "sentence": "관리부장",
            "id": "sample_001_0044_000173",
            "annotations": [
                {
                    "word": "관리부장",
                    "start": 0,
                    "end": 4,
                    "label": "준식별자"
                }
            ]
        },
        {
            "sentence": "결재대기",
            "id": "sample_001_0044_000174",
            "annotations": []
        },
        {
            "sentence": "대표이사(결재 필요 시)",
            "id": "sample_001_0044_000175",
            "annotations": [
                {
                    "word": "대표이사",
                    "start": 0,
                    "end": 4,
                    "label": "준식별자"
                }
            ]
        },
        {
            "sentence": "대표이사",
            "id": "sample_001_0044_000176",
            "annotations": [
                {
                    "word": "대표이사",
                    "start": 0,
                    "end": 4,
                    "label": "준식별자"
                }
            ]
        },
        {
            "sentence": "결재대기",
            "id": "sample_001_0044_000177",
            "annotations": []
        },
        {
            "sentence": "관리부는 위 내용을 바탕으로 즉시 실행 가능한 단기 조치(신한은행 단기운전자금 증액 요청, 공급업체 지급조건 재협상)를 진행할 것을 요청드립니다.",
            "id": "sample_001_0044_000178",
            "annotations": [
                {
                    "word": "관리부",
                    "start": 0,
                    "end": 3,
                    "label": "준식별자"
                },
                {
                    "word": "신한은행",
                    "start": 32,
                    "end": 36,
                    "label": "기밀정보"
                }
            ]
        },
        {
            "sentence": "또한 관리부장 결재 후 은행 제출용 자료를 최종 확정하여 2025-09-12까지 제출하도록 하겠습니다.",
            "id": "sample_001_0044_000179",
            "annotations": [
                {
                    "word": "관리부장",
                    "start": 3,
                    "end": 7,
                    "label": "준식별자"
                },
                {
                    "word": "202",
                    "start": 32,
                    "end": 35,
                    "label": "준식별자"
                }
            ]
        },
        {
            "sentence": "세부 실행계획은 첨부된 '월별_현금흐름_세부표'를 근거로 각 부서(생산부·영업부·기술부)와 협의하여 조정할 예정입니다..",
            "id": "sample_001_0044_000180",
            "annotations": [
                {
                    "word": "생산부",
                    "start": 37,
                    "end": 40,
                    "label": "준식별자"
                },
                {
                    "word": "영업부",
                    "start": 41,
                    "end": 44,
                    "label": "준식별자"
                },
                {
                    "word": "기술부",
                    "start": 45,
                    "end": 48,
                    "label": "준식별자"
                }
            ]
        },
        {
            "sentence": "1) 본 보고서의 수치 및 예측은 내부자료 및 외부정보(은행 제안서·공급사 견적서·환율전망)를 기반으로 산정되었으나, 시장 변동성으로 인해 변경될 수 있습니다.2) 모든 금액은 원화(KRW) 기준이며, 해외 결제 관련 금액은 별도 표기한 환율 적용 내역에서 확인 가능합니다.3) 향후 자금관리 관련 주요 변경 사항 발생 시 월별 보고 주기를 주 2회(비상상황) 또는 분기별(정상상황)로 조정할 수 있습니다..",
            "id": "sample_001_0044_000181",
            "annotations": []
        },
        {
            "sentence": "대표이사실",
            "id": "sample_001_0044_000182",
            "annotations": [
                {
                    "word": "대표이사",
                    "start": 0,
                    "end": 4,
                    "label": "준식별자"
                }
            ]
        },
        {
            "sentence": "대표이사",
            "id": "sample_001_0044_000183",
            "annotations": [
                {
                    "word": "대표이사",
                    "start": 0,
                    "end": 4,
                    "label": "준식별자"
                }
            ]
        },
        {
            "sentence": "ceo@hanbitsol.co.kr",
            "id": "sample_001_0044_000184",
            "annotations": [
                {
                    "word": "ceo@hanbitsol.co.kr",
                    "start": 0,
                    "end": 19,
                    "label": "개인정보"
                }
            ]
        },
        {
            "sentence": "생산부",
            "id": "sample_001_0044_000185",
            "annotations": [
                {
                    "word": "생산부",
                    "start": 0,
                    "end": 3,
                    "label": "준식별자"
                }
            ]
        },
        {
            "sentence": "생산부장",
            "id": "sample_001_0044_000186",
            "annotations": [
                {
                    "word": "생산부장",
                    "start": 0,
                    "end": 4,
                    "label": "준식별자"
                }
            ]
        },
        {
            "sentence": "prod.head@hanbitsol.co.kr",
            "id": "sample_001_0044_000187",
            "annotations": [
                {
                    "word": "prod.head@hanbitsol.co.kr",
                    "start": 0,
                    "end": 25,
                    "label": "개인정보"
                }
            ]
        },
        {
            "sentence": "영업부",
            "id": "sample_001_0044_000188",
            "annotations": [
                {
                    "word": "영업부",
                    "start": 0,
                    "end": 3,
                    "label": "준식별자"
                }
            ]
        },
        {
            "sentence": "영업부장",
            "id": "sample_001_0044_000189",
            "annotations": [
                {
                    "word": "영업부장",
                    "start": 0,
                    "end": 4,
                    "label": "준식별자"
                }
            ]
        },
        {
            "sentence": "sales.head@hanbitsol.co.kr",
            "id": "sample_001_0044_000190",
            "annotations": [
                {
                    "word": "sales.head@hanbitsol.co.kr",
                    "start": 0,
                    "end": 26,
                    "label": "개인정보"
                }
            ]
        },
        {
            "sentence": "기술부",
            "id": "sample_001_0044_000191",
            "annotations": [
                {
                    "word": "기술부",
                    "start": 0,
                    "end": 3,
                    "label": "준식별자"
                }
            ]
        },
        {
            "sentence": "기술부장",
            "id": "sample_001_0044_000192",
            "annotations": [
                {
                    "word": "기술부장",
                    "start": 0,
                    "end": 4,
                    "label": "준식별자"
                }
            ]
        },
        {
            "sentence": "tech.head@hanbitsol.co.kr",
            "id": "sample_001_0044_000193",
            "annotations": [
                {
                    "word": "tech.head@hanbitsol.co.kr",
                    "start": 0,
                    "end": 25,
                    "label": "개인정보"
                }
            ]
        }
    ]
}