{
    "document_id": "001_0105",
    "document_title": "0105",
    "data": [
        {
            "sentence": "품질 검사(QC) 보고서",
            "id": "sample_001_0105_000001",
            "annotations": []
        },
        {
            "sentence": "한빛솔루션 생산부 품질검사보고서 - QC_REPORT_HB_2025_0821_A1",
            "id": "sample_001_0105_000002",
            "annotations": [
                {
                    "word": "생산부",
                    "start": 6,
                    "end": 9,
                    "label": "준식별자"
                },
                {
                    "word": "202",
                    "start": 33,
                    "end": 36,
                    "label": "준식별자"
                }
            ]
        },
        {
            "sentence": "HB-QC-2025-0821-A1",
            "id": "sample_001_0105_000003",
            "annotations": [
                {
                    "word": "202",
                    "start": 6,
                    "end": 9,
                    "label": "준식별자"
                }
            ]
        },
        {
            "sentence": "생산부",
            "id": "sample_001_0105_000004",
            "annotations": [
                {
                    "word": "생산부",
                    "start": 0,
                    "end": 3,
                    "label": "준식별자"
                }
            ]
        },
        {
            "sentence": "생산부 품질관리팀",
            "id": "sample_001_0105_000005",
            "annotations": [
                {
                    "word": "생산부",
                    "start": 0,
                    "end": 3,
                    "label": "준식별자"
                },
                {
                    "word": "관리팀",
                    "start": 6,
                    "end": 9,
                    "label": "준식별자"
                }
            ]
        },
        {
            "sentence": "김영수",
            "id": "sample_001_0105_000006",
            "annotations": [
                {
                    "word": "김영수",
                    "start": 0,
                    "end": 3,
                    "label": "개인정보"
                }
            ]
        },
        {
            "sentence": "품질관리팀장",
            "id": "sample_001_0105_000007",
            "annotations": [
                {
                    "word": "품질관리팀장",
                    "start": 0,
                    "end": 6,
                    "label": "준식별자"
                }
            ]
        },
        {
            "sentence": "HB-PL-0012",
            "id": "sample_001_0105_000008",
            "annotations": [
                {
                    "word": "HB-PL-0012",
                    "start": 0,
                    "end": 10,
                    "label": "개인정보"
                }
            ]
        },
        {
            "sentence": "211",
            "id": "sample_001_0105_000009",
            "annotations": [
                {
                    "word": "211",
                    "start": 0,
                    "end": 3,
                    "label": "개인정보"
                }
            ]
        },
        {
            "sentence": "yks.kim@hanbitsol.com",
            "id": "sample_001_0105_000010",
            "annotations": [
                {
                    "word": "yks.kim@hanbitsol.com",
                    "start": 0,
                    "end": 21,
                    "label": "개인정보"
                }
            ]
        },
        {
            "sentence": "2025-08-21",
            "id": "sample_001_0105_000011",
            "annotations": [
                {
                    "word": "202",
                    "start": 0,
                    "end": 3,
                    "label": "준식별자"
                }
            ]
        },
        {
            "sentence": "2025-08-20",
            "id": "sample_001_0105_000012",
            "annotations": [
                {
                    "word": "202",
                    "start": 0,
                    "end": 3,
                    "label": "준식별자"
                }
            ]
        },
        {
            "sentence": "2025-09-04",
            "id": "sample_001_0105_000013",
            "annotations": [
                {
                    "word": "202",
                    "start": 0,
                    "end": 3,
                    "label": "준식별자"
                }
            ]
        },
        {
            "sentence": "한빛 스마트MES 현장 게이트웨이 모듈 (HB-GW-A1)",
            "id": "sample_001_0105_000014",
            "annotations": [
                {
                    "word": "한빛 스마트MES",
                    "start": 0,
                    "end": 9,
                    "label": "기밀정보"
                }
            ]
        },
        {
            "sentence": "HB-GW-A1",
            "id": "sample_001_0105_000015",
            "annotations": []
        },
        {
            "sentence": "LOT-20250818-GW-A1",
            "id": "sample_001_0105_000016",
            "annotations": [
                {
                    "word": "LOT-20250818-GW-A1",
                    "start": 0,
                    "end": 18,
                    "label": "준식별자"
                }
            ]
        },
        {
            "sentence": "HW Rev.2.3 / FW v1.12.4",
            "id": "sample_001_0105_000017",
            "annotations": []
        },
        {
            "sentence": "제1생산라인(모듈조립)",
            "id": "sample_001_0105_000018",
            "annotations": []
        },
        {
            "sentence": "안티스태틱 백 + 내부 완충재, 10개 단위 박스 포장",
            "id": "sample_001_0105_000019",
            "annotations": []
        },
        {
            "sentence": "총괄검사자(책임검사자)",
            "id": "sample_001_0105_000020",
            "annotations": []
        },
        {
            "sentence": "이정민",
            "id": "sample_001_0105_000021",
            "annotations": [
                {
                    "word": "이정민",
                    "start": 0,
                    "end": 3,
                    "label": "개인정보"
                }
            ]
        },
        {
            "sentence": "생산팀 수석 엔지니어",
            "id": "sample_001_0105_000022",
            "annotations": [
                {
                    "word": "수석 엔지니어",
                    "start": 4,
                    "end": 11,
                    "label": "준식별자"
                }
            ]
        },
        {
            "sentence": "HB-PR-0045",
            "id": "sample_001_0105_000023",
            "annotations": [
                {
                    "word": "HB-PR-0045",
                    "start": 0,
                    "end": 10,
                    "label": "개인정보"
                }
            ]
        },
        {
            "sentence": "010-3456-7890",
            "id": "sample_001_0105_000024",
            "annotations": [
                {
                    "word": "010-3456-7890",
                    "start": 0,
                    "end": 13,
                    "label": "개인정보"
                }
            ]
        },
        {
            "sentence": "312",
            "id": "sample_001_0105_000025",
            "annotations": [
                {
                    "word": "312",
                    "start": 0,
                    "end": 3,
                    "label": "개인정보"
                }
            ]
        },
        {
            "sentence": "검사원(치수/외관)",
            "id": "sample_001_0105_000026",
            "annotations": [
                {
                    "word": "검사원",
                    "start": 0,
                    "end": 3,
                    "label": "준식별자"
                }
            ]
        },
        {
            "sentence": "박수현",
            "id": "sample_001_0105_000027",
            "annotations": [
                {
                    "word": "박수현",
                    "start": 0,
                    "end": 3,
                    "label": "개인정보"
                }
            ]
        },
        {
            "sentence": "품질검사원",
            "id": "sample_001_0105_000028",
            "annotations": [
                {
                    "word": "검사원",
                    "start": 2,
                    "end": 5,
                    "label": "준식별자"
                }
            ]
        },
        {
            "sentence": "HB-QC-0078",
            "id": "sample_001_0105_000029",
            "annotations": [
                {
                    "word": "HB-QC-0078",
                    "start": 0,
                    "end": 10,
                    "label": "개인정보"
                }
            ]
        },
        {
            "sentence": "010-2345-6789",
            "id": "sample_001_0105_000030",
            "annotations": [
                {
                    "word": "010-2345-6789",
                    "start": 0,
                    "end": 13,
                    "label": "개인정보"
                }
            ]
        },
        {
            "sentence": "315",
            "id": "sample_001_0105_000031",
            "annotations": [
                {
                    "word": "315",
                    "start": 0,
                    "end": 3,
                    "label": "개인정보"
                }
            ]
        },
        {
            "sentence": "검사원(기능/전기)",
            "id": "sample_001_0105_000032",
            "annotations": [
                {
                    "word": "검사원",
                    "start": 0,
                    "end": 3,
                    "label": "준식별자"
                }
            ]
        },
        {
            "sentence": "정민호",
            "id": "sample_001_0105_000033",
            "annotations": [
                {
                    "word": "정민호",
                    "start": 0,
                    "end": 3,
                    "label": "개인정보"
                }
            ]
        },
        {
            "sentence": "생산기술 엔지니어",
            "id": "sample_001_0105_000034",
            "annotations": [
                {
                    "word": "엔지니어",
                    "start": 5,
                    "end": 9,
                    "label": "준식별자"
                }
            ]
        },
        {
            "sentence": "HB-TE-0029",
            "id": "sample_001_0105_000035",
            "annotations": [
                {
                    "word": "HB-TE-0029",
                    "start": 0,
                    "end": 10,
                    "label": "개인정보"
                }
            ]
        },
        {
            "sentence": "010-4567-1234",
            "id": "sample_001_0105_000036",
            "annotations": [
                {
                    "word": "010-4567-1234",
                    "start": 0,
                    "end": 13,
                    "label": "개인정보"
                }
            ]
        },
        {
            "sentence": "318",
            "id": "sample_001_0105_000037",
            "annotations": [
                {
                    "word": "318",
                    "start": 0,
                    "end": 3,
                    "label": "개인정보"
                }
            ]
        },
        {
            "sentence": "지원(데이터 로깅)",
            "id": "sample_001_0105_000038",
            "annotations": []
        },
        {
            "sentence": "최지윤",
            "id": "sample_001_0105_000039",
            "annotations": [
                {
                    "word": "최지윤",
                    "start": 0,
                    "end": 3,
                    "label": "개인정보"
                }
            ]
        },
        {
            "sentence": "생산부 데이터 분석 담당",
            "id": "sample_001_0105_000040",
            "annotations": [
                {
                    "word": "생산부",
                    "start": 0,
                    "end": 3,
                    "label": "준식별자"
                }
            ]
        },
        {
            "sentence": "HB-DA-0101",
            "id": "sample_001_0105_000041",
            "annotations": [
                {
                    "word": "HB-DA-0101",
                    "start": 0,
                    "end": 10,
                    "label": "개인정보"
                }
            ]
        },
        {
            "sentence": "010-6789-1122",
            "id": "sample_001_0105_000042",
            "annotations": [
                {
                    "word": "010-6789-1122",
                    "start": 0,
                    "end": 13,
                    "label": "개인정보"
                }
            ]
        },
        {
            "sentence": "321",
            "id": "sample_001_0105_000043",
            "annotations": [
                {
                    "word": "321",
                    "start": 0,
                    "end": 3,
                    "label": "개인정보"
                }
            ]
        },
        {
            "sentence": "본 검사 보고서는 2025-08-18에 생산된 LOT-20250818-GW-A1 (HB-GW-A1) 게이트웨이 모듈 200개 중 샘플 50개(랜덤 추출 기준)에 대해 외관, 치수, 전기/기능, 환경 신뢰성(온도/습도), 내구성(기동/정지 사이클), 펌웨어 적재/통신 기능을 포함한 전 항목 검사를 수행한 결과를 문서화함.",
            "id": "sample_001_0105_000044",
            "annotations": [
                {
                    "word": "202",
                    "start": 10,
                    "end": 13,
                    "label": "준식별자"
                },
                {
                    "word": "LOT-20250818-GW-A1",
                    "start": 26,
                    "end": 44,
                    "label": "준식별자"
                },
                {
                    "word": "200",
                    "start": 65,
                    "end": 68,
                    "label": "개인정보"
                }
            ]
        },
        {
            "sentence": "목적은 출하 전 품질 확인, 불량 발생원인 규명, 시정조치(시정 및 예방조치) 수립 및 개선 계획 수립에 있음..",
            "id": "sample_001_0105_000045",
            "annotations": []
        },
        {
            "sentence": "외관 검사(도장, 라벨, 스크래치, 접합부)",
            "id": "sample_001_0105_000046",
            "annotations": []
        },
        {
            "sentence": "치수 검사(외형 규격: 길이·폭·높이, PCB 홀 위치)",
            "id": "sample_001_0105_000047",
            "annotations": []
        },
        {
            "sentence": "전기적 특성(입력전압 범위, IDD, IO 레벨)",
            "id": "sample_001_0105_000048",
            "annotations": []
        },
        {
            "sentence": "기능 검사(부팅 성공, 펌웨어 버전 확인, 네트워크 연결, 데이터 전송)",
            "id": "sample_001_0105_000049",
            "annotations": []
        },
        {
            "sentence": "RF간섭 및 EMI 예비측정",
            "id": "sample_001_0105_000050",
            "annotations": []
        },
        {
            "sentence": "환경 신뢰성(동작온도 -10~60°C, 저장온도 -20~85°C)",
            "id": "sample_001_0105_000051",
            "annotations": []
        },
        {
            "sentence": "내구성 테스트(전원 On/Off 사이클 100회)",
            "id": "sample_001_0105_000052",
            "annotations": [
                {
                    "word": "100",
                    "start": 22,
                    "end": 25,
                    "label": "개인정보"
                }
            ]
        },
        {
            "sentence": "EMC/안전 관련 시각 점검",
            "id": "sample_001_0105_000053",
            "annotations": []
        },
        {
            "sentence": "LOT 내 무작위 표본추출(Random Sampling) 방식으로 총 200개 중 50개 샘플 선정(추출기준: ISO2859-1 수준 II, AQL 1.5 기준 표본계수 적용)",
            "id": "sample_001_0105_000054",
            "annotations": [
                {
                    "word": "200",
                    "start": 39,
                    "end": 42,
                    "label": "개인정보"
                }
            ]
        },
        {
            "sentence": "디지털 버니어 캘리퍼스(0.01mm 정확도)",
            "id": "sample_001_0105_000055",
            "annotations": []
        },
        {
            "sentence": "전원공급기(0~60V, 0.01V 분해능)",
            "id": "sample_001_0105_000056",
            "annotations": []
        },
        {
            "sentence": "DC 전류계(0~5A)",
            "id": "sample_001_0105_000057",
            "annotations": []
        },
        {
            "sentence": "오실로스코프(200MHz 이상)",
            "id": "sample_001_0105_000058",
            "annotations": [
                {
                    "word": "200",
                    "start": 7,
                    "end": 10,
                    "label": "개인정보"
                }
            ]
        },
        {
            "sentence": "네트워크 분석기(기능체크용, 이더넷 시뮬레이터)",
            "id": "sample_001_0105_000059",
            "annotations": []
        },
        {
            "sentence": "온·습도 챔버(동작/저장 조건 테스트)",
            "id": "sample_001_0105_000060",
            "annotations": []
        },
        {
            "sentence": "진동/충격 장비(참고용, 예비)",
            "id": "sample_001_0105_000061",
            "annotations": []
        },
        {
            "sentence": "EMI 간이 스캐너(사전 점검용)",
            "id": "sample_001_0105_000062",
            "annotations": []
        },
        {
            "sentence": "1) 외관·라벨·포장 상태 시각 확인",
            "id": "sample_001_0105_000063",
            "annotations": []
        },
        {
            "sentence": "2) 치수 측정(3지점 이상 평균값 기재)",
            "id": "sample_001_0105_000064",
            "annotations": []
        },
        {
            "sentence": "3) 전기적 기본 파라미터 측정(정격전압·전류·IDLE 전력)",
            "id": "sample_001_0105_000065",
            "annotations": []
        },
        {
            "sentence": "4) 펌웨어 적재 확인 및 부팅 로그 확보",
            "id": "sample_001_0105_000066",
            "annotations": []
        },
        {
            "sentence": "5) 네트워크 연결 테스트(유선 이더넷, DHCP서버 연동 확인)",
            "id": "sample_001_0105_000067",
            "annotations": []
        },
        {
            "sentence": "6) 데이터 송수신 안정성(1분 간격으로 100회 패킷 송신/수신 확인)",
            "id": "sample_001_0105_000068",
            "annotations": [
                {
                    "word": "100",
                    "start": 23,
                    "end": 26,
                    "label": "개인정보"
                }
            ]
        },
        {
            "sentence": "7) 온도스트레스 시험(동작온도 -10°C, 23°C, 60°C 각 30분 유지 후 정상 동작 확인)",
            "id": "sample_001_0105_000069",
            "annotations": []
        },
        {
            "sentence": "8) 전원 On/Off 사이클(총 100회, 시간간격 10초 On/10초 Off)",
            "id": "sample_001_0105_000070",
            "annotations": [
                {
                    "word": "100",
                    "start": 19,
                    "end": 22,
                    "label": "개인정보"
                }
            ]
        },
        {
            "sentence": "9) 불량품 발생 시 상세 로그 및 사진 촬영, 불량 유형 분류, 2차분석 진행",
            "id": "sample_001_0105_000071",
            "annotations": []
        },
        {
            "sentence": "모든 측정값은 전자검사시트(Excel 기반) 및 내부 MES(한빛 스마트MES) 품질 DB에 동기화.",
            "id": "sample_001_0105_000072",
            "annotations": [
                {
                    "word": "한빛 스마트MES",
                    "start": 34,
                    "end": 43,
                    "label": "기밀정보"
                }
            ]
        },
        {
            "sentence": "로그파일(부팅로그, 시리얼 로그, 통신 로그)은 QC서버에 저장(경로: //hb-qc/logs/2025/08/LOT-20250818/)..",
            "id": "sample_001_0105_000073",
            "annotations": [
                {
                    "word": "202",
                    "start": 53,
                    "end": 56,
                    "label": "준식별자"
                },
                {
                    "word": "T-202",
                    "start": 63,
                    "end": 68,
                    "label": "개인정보"
                }
            ]
        },
        {
            "sentence": "14.0%",
            "id": "sample_001_0105_000074",
            "annotations": []
        },
        {
            "sentence": "치수편차 ±0.5mm 이내, 전기파라미터 오차 ±5% 이내, 부팅 및 통신 정상, 외관 결함 없음",
            "id": "sample_001_0105_000075",
            "annotations": []
        },
        {
            "sentence": "HB-GW-A1-0081",
            "id": "sample_001_0105_000076",
            "annotations": [
                {
                    "word": "HB-GW-A1-0081",
                    "start": 0,
                    "end": 13,
                    "label": "준식별자"
                }
            ]
        },
        {
            "sentence": "박수현 (HB-QC-0078)",
            "id": "sample_001_0105_000077",
            "annotations": [
                {
                    "word": "박수현",
                    "start": 0,
                    "end": 3,
                    "label": "개인정보"
                },
                {
                    "word": "HB-QC-0078",
                    "start": 5,
                    "end": 15,
                    "label": "개인정보"
                }
            ]
        },
        {
            "sentence": "양호",
            "id": "sample_001_0105_000078",
            "annotations": []
        },
        {
            "sentence": "100.02 mm (기준 100.00 ±0.5mm) -> 합격",
            "id": "sample_001_0105_000079",
            "annotations": [
                {
                    "word": "100",
                    "start": 0,
                    "end": 3,
                    "label": "개인정보"
                },
                {
                    "word": "100",
                    "start": 14,
                    "end": 17,
                    "label": "개인정보"
                }
            ]
        },
        {
            "sentence": "62.95 mm (기준 63.00 ±0.5mm) -> 합격",
            "id": "sample_001_0105_000080",
            "annotations": []
        },
        {
            "sentence": "120 mA (@24V) -> 기준 120±6mA -> 합격",
            "id": "sample_001_0105_000081",
            "annotations": [
                {
                    "word": "120",
                    "start": 0,
                    "end": 3,
                    "label": "준식별자"
                },
                {
                    "word": "120",
                    "start": 20,
                    "end": 23,
                    "label": "준식별자"
                }
            ]
        },
        {
            "sentence": "정상(펌웨어 v1.12.4 로드, 부팅시간 7.2s)",
            "id": "sample_001_0105_000082",
            "annotations": []
        },
        {
            "sentence": "DHCP 할당 확인, 10/100Mbps 링크 정상",
            "id": "sample_001_0105_000083",
            "annotations": [
                {
                    "word": "100",
                    "start": 15,
                    "end": 18,
                    "label": "개인정보"
                }
            ]
        },
        {
            "sentence": "합격",
            "id": "sample_001_0105_000084",
            "annotations": []
        },
        {
            "sentence": "정상 판정, 로그 파일명: bootlog_HB-GW-A1-0081_20250820.txt",
            "id": "sample_001_0105_000085",
            "annotations": [
                {
                    "word": "HB-GW-A1-0081",
                    "start": 23,
                    "end": 36,
                    "label": "준식별자"
                },
                {
                    "word": "202",
                    "start": 37,
                    "end": 40,
                    "label": "준식별자"
                }
            ]
        },
        {
            "sentence": "HB-GW-A1-0094",
            "id": "sample_001_0105_000086",
            "annotations": [
                {
                    "word": "HB-GW-A1-0094",
                    "start": 0,
                    "end": 13,
                    "label": "준식별자"
                }
            ]
        },
        {
            "sentence": "정민호 (HB-TE-0029)",
            "id": "sample_001_0105_000087",
            "annotations": [
                {
                    "word": "정민호",
                    "start": 0,
                    "end": 3,
                    "label": "개인정보"
                },
                {
                    "word": "HB-TE-0029",
                    "start": 5,
                    "end": 15,
                    "label": "개인정보"
                }
            ]
        },
        {
            "sentence": "양호",
            "id": "sample_001_0105_000088",
            "annotations": []
        },
        {
            "sentence": "기준내",
            "id": "sample_001_0105_000089",
            "annotations": []
        },
        {
            "sentence": "130 mA (@24V) -> 초과(기준 초과 10 mA)",
            "id": "sample_001_0105_000090",
            "annotations": []
        },
        {
            "sentence": "정상",
            "id": "sample_001_0105_000091",
            "annotations": []
        },
        {
            "sentence": "일부 패킷 손실(전송 100회 중 6회 손실)",
            "id": "sample_001_0105_000092",
            "annotations": [
                {
                    "word": "100",
                    "start": 12,
                    "end": 15,
                    "label": "개인정보"
                }
            ]
        },
        {
            "sentence": "합격(주의 관찰 대상, 추적검사 지정)",
            "id": "sample_001_0105_000093",
            "annotations": []
        },
        {
            "sentence": "IDLE 전류가 상한 근처로 관찰되어 추후 동일 LOT 유사제품 모니터링 필요",
            "id": "sample_001_0105_000094",
            "annotations": []
        },
        {
            "sentence": "HB-GW-A1-0102",
            "id": "sample_001_0105_000095",
            "annotations": [
                {
                    "word": "HB-GW-A1-0102",
                    "start": 0,
                    "end": 13,
                    "label": "준식별자"
                }
            ]
        },
        {
            "sentence": "이정민 (HB-PR-0045)",
            "id": "sample_001_0105_000096",
            "annotations": [
                {
                    "word": "이정민",
                    "start": 0,
                    "end": 3,
                    "label": "개인정보"
                },
                {
                    "word": "HB-PR-0045",
                    "start": 5,
                    "end": 15,
                    "label": "개인정보"
                }
            ]
        },
        {
            "sentence": "양호",
            "id": "sample_001_0105_000097",
            "annotations": []
        },
        {
            "sentence": "기준내",
            "id": "sample_001_0105_000098",
            "annotations": []
        },
        {
            "sentence": "계측 불가(전원 연결 시 즉시 전류 급증 후 전원 차단)",
            "id": "sample_001_0105_000099",
            "annotations": []
        },
        {
            "sentence": "부팅 실패(부팅 로그 미생성)",
            "id": "sample_001_0105_000100",
            "annotations": []
        },
        {
            "sentence": "불가",
            "id": "sample_001_0105_000101",
            "annotations": []
        },
        {
            "sentence": "불합격",
            "id": "sample_001_0105_000102",
            "annotations": []
        },
        {
            "sentence": "하드웨어 전원회로 단락 의심.",
            "id": "sample_001_0105_000103",
            "annotations": []
        },
        {
            "sentence": "사진 및 파손부위 촬영(사진파일: HB-GW-A1-0102_IMG_20250820_001.jpg).",
            "id": "sample_001_0105_000104",
            "annotations": [
                {
                    "word": "HB-GW-A1-0102",
                    "start": 19,
                    "end": 32,
                    "label": "준식별자"
                },
                {
                    "word": "202",
                    "start": 37,
                    "end": 40,
                    "label": "준식별자"
                },
                {
                    "word": "001",
                    "start": 46,
                    "end": 49,
                    "label": "개인정보"
                }
            ]
        },
        {
            "sentence": "PCB 리플로우 구역 납땜 상태 확인 필요..",
            "id": "sample_001_0105_000105",
            "annotations": []
        },
        {
            "sentence": "HB-GW-A1-0115",
            "id": "sample_001_0105_000106",
            "annotations": [
                {
                    "word": "HB-GW-A1-0115",
                    "start": 0,
                    "end": 13,
                    "label": "준식별자"
                }
            ]
        },
        {
            "sentence": "박수현 (HB-QC-0078)",
            "id": "sample_001_0105_000107",
            "annotations": [
                {
                    "word": "박수현",
                    "start": 0,
                    "end": 3,
                    "label": "개인정보"
                },
                {
                    "word": "HB-QC-0078",
                    "start": 5,
                    "end": 15,
                    "label": "개인정보"
                }
            ]
        },
        {
            "sentence": "스크래치(상단 도장 표면, 길이 6mm, 깊이 얕음)",
            "id": "sample_001_0105_000108",
            "annotations": []
        },
        {
            "sentence": "기준내",
            "id": "sample_001_0105_000109",
            "annotations": []
        },
        {
            "sentence": "정상",
            "id": "sample_001_0105_000110",
            "annotations": []
        },
        {
            "sentence": "정상",
            "id": "sample_001_0105_000111",
            "annotations": []
        },
        {
            "sentence": "정상",
            "id": "sample_001_0105_000112",
            "annotations": []
        },
        {
            "sentence": "조건부 합격(외관 재선별 대상)",
            "id": "sample_001_0105_000113",
            "annotations": []
        },
        {
            "sentence": "외관 스크래치로 인해 외관 불량으로 분류할 수 있으나 기능상 문제 없음.",
            "id": "sample_001_0105_000114",
            "annotations": []
        },
        {
            "sentence": "포장 공정 개선 권고..",
            "id": "sample_001_0105_000115",
            "annotations": []
        },
        {
            "sentence": "HB-GW-A1-0128",
            "id": "sample_001_0105_000116",
            "annotations": [
                {
                    "word": "HB-GW-A1-0128",
                    "start": 0,
                    "end": 13,
                    "label": "준식별자"
                }
            ]
        },
        {
            "sentence": "정민호 (HB-TE-0029)",
            "id": "sample_001_0105_000117",
            "annotations": [
                {
                    "word": "정민호",
                    "start": 0,
                    "end": 3,
                    "label": "개인정보"
                },
                {
                    "word": "HB-TE-0029",
                    "start": 5,
                    "end": 15,
                    "label": "개인정보"
                }
            ]
        },
        {
            "sentence": "양호",
            "id": "sample_001_0105_000118",
            "annotations": []
        },
        {
            "sentence": "기준내",
            "id": "sample_001_0105_000119",
            "annotations": []
        },
        {
            "sentence": "정상",
            "id": "sample_001_0105_000120",
            "annotations": []
        },
        {
            "sentence": "부팅 실패(시리얼 로그: 'fw_image checksum mismatch')",
            "id": "sample_001_0105_000121",
            "annotations": []
        },
        {
            "sentence": "불가",
            "id": "sample_001_0105_000122",
            "annotations": []
        },
        {
            "sentence": "불합격(펌웨어 이미지 손상)",
            "id": "sample_001_0105_000123",
            "annotations": []
        },
        {
            "sentence": "펌웨어 이미지 업로드 단계에서 일부 패키지 손상 가능성.",
            "id": "sample_001_0105_000124",
            "annotations": []
        },
        {
            "sentence": "펌웨어 파일 해시값 확인 필요(참고: server:/fw/v1.12.4/ checksums.txt)",
            "id": "sample_001_0105_000125",
            "annotations": []
        },
        {
            "sentence": "HB-GW-A1-0134",
            "id": "sample_001_0105_000126",
            "annotations": [
                {
                    "word": "HB-GW-A1-0134",
                    "start": 0,
                    "end": 13,
                    "label": "준식별자"
                }
            ]
        },
        {
            "sentence": "이정민 (HB-PR-0045)",
            "id": "sample_001_0105_000127",
            "annotations": [
                {
                    "word": "이정민",
                    "start": 0,
                    "end": 3,
                    "label": "개인정보"
                },
                {
                    "word": "HB-PR-0045",
                    "start": 5,
                    "end": 15,
                    "label": "개인정보"
                }
            ]
        },
        {
            "sentence": "양호",
            "id": "sample_001_0105_000128",
            "annotations": []
        },
        {
            "sentence": "기준내",
            "id": "sample_001_0105_000129",
            "annotations": []
        },
        {
            "sentence": "정상",
            "id": "sample_001_0105_000130",
            "annotations": []
        },
        {
            "sentence": "정상",
            "id": "sample_001_0105_000131",
            "annotations": []
        },
        {
            "sentence": "정상",
            "id": "sample_001_0105_000132",
            "annotations": []
        },
        {
            "sentence": "합격",
            "id": "sample_001_0105_000133",
            "annotations": []
        },
        {
            "sentence": "정상",
            "id": "sample_001_0105_000134",
            "annotations": []
        },
        {
            "sentence": "HB-GW-A1-0140",
            "id": "sample_001_0105_000135",
            "annotations": [
                {
                    "word": "HB-GW-A1-0140",
                    "start": 0,
                    "end": 13,
                    "label": "준식별자"
                }
            ]
        },
        {
            "sentence": "박수현 (HB-QC-0078)",
            "id": "sample_001_0105_000136",
            "annotations": [
                {
                    "word": "박수현",
                    "start": 0,
                    "end": 3,
                    "label": "개인정보"
                },
                {
                    "word": "HB-QC-0078",
                    "start": 5,
                    "end": 15,
                    "label": "개인정보"
                }
            ]
        },
        {
            "sentence": "양호",
            "id": "sample_001_0105_000137",
            "annotations": []
        },
        {
            "sentence": "기준내",
            "id": "sample_001_0105_000138",
            "annotations": []
        },
        {
            "sentence": "정상",
            "id": "sample_001_0105_000139",
            "annotations": []
        },
        {
            "sentence": "정상",
            "id": "sample_001_0105_000140",
            "annotations": []
        },
        {
            "sentence": "커넥터 핀 2개 오정렬로 인한 접촉불량(인터넷 미연결)",
            "id": "sample_001_0105_000141",
            "annotations": []
        },
        {
            "sentence": "불합격(커넥터 결함)",
            "id": "sample_001_0105_000142",
            "annotations": []
        },
        {
            "sentence": "컨베이어 조립 공정에서 피더 정렬 문제 의심.",
            "id": "sample_001_0105_000143",
            "annotations": []
        },
        {
            "sentence": "불량 사진: HB-GW-A1-0140_IMG_20250820_002.jpg",
            "id": "sample_001_0105_000144",
            "annotations": [
                {
                    "word": "HB-GW-A1-0140",
                    "start": 7,
                    "end": 20,
                    "label": "준식별자"
                },
                {
                    "word": "202",
                    "start": 25,
                    "end": 28,
                    "label": "준식별자"
                }
            ]
        },
        {
            "sentence": "불량 유형별로 원인 분석을 수행하였으며, 3회의 심층 분석(Fishbone, 5Why 기법 적용)과 현장 재현시험을 통해 근본요인을 도출함..",
            "id": "sample_001_0105_000145",
            "annotations": []
        },
        {
            "sentence": "리플로우 후 일부 부위 Cold Solder Joint로 추정, 전기적 접촉 불안정으로 인한 전류 변동 및 부팅 실패",
            "id": "sample_001_0105_000146",
            "annotations": []
        },
        {
            "sentence": "원재료: 솔더 페이스트(LOT: SP-2025-07-C) 점성 불일치 확인(유통기한 근접 우려)",
            "id": "sample_001_0105_000147",
            "annotations": [
                {
                    "word": "SP-2025-07-C",
                    "start": 18,
                    "end": 30,
                    "label": "준식별자"
                }
            ]
        },
        {
            "sentence": "공정: 리플로우 파라미터(피크온도 230°C 설정)와 PCB 두께 차이로 인한 열전달 불균형",
            "id": "sample_001_0105_000148",
            "annotations": []
        },
        {
            "sentence": "장비: 리플로우 컨베이어 속도 1.2m/min로 설정되어 일부 보드에서 사각 리플로우 구간 발생",
            "id": "sample_001_0105_000149",
            "annotations": []
        },
        {
            "sentence": "작업자: 수동 적재/정렬 과정에서 보드 미정렬로 인해 재흐름 시 solderpaste 분포 불균형 가능",
            "id": "sample_001_0105_000150",
            "annotations": [
                {
                    "word": "작업자",
                    "start": 0,
                    "end": 3,
                    "label": "준식별자"
                }
            ]
        },
        {
            "sentence": "리플로우 공정 파라미터와 솔더 페이스트 특성 미일치(공정관리 문제 + 자재검증 미흡)",
            "id": "sample_001_0105_000151",
            "annotations": []
        },
        {
            "sentence": "현장 사진: HB-GW-A1-0102_IMG_20250820_001.jpg",
            "id": "sample_001_0105_000152",
            "annotations": [
                {
                    "word": "HB-GW-A1-0102",
                    "start": 7,
                    "end": 20,
                    "label": "준식별자"
                },
                {
                    "word": "202",
                    "start": 25,
                    "end": 28,
                    "label": "준식별자"
                },
                {
                    "word": "001",
                    "start": 34,
                    "end": 37,
                    "label": "개인정보"
                }
            ]
        },
        {
            "sentence": "리플로우 로그: //hb-qc/logs/reflow/20250818_reflow_log.csv",
            "id": "sample_001_0105_000153",
            "annotations": [
                {
                    "word": "202",
                    "start": 29,
                    "end": 32,
                    "label": "준식별자"
                }
            ]
        },
        {
            "sentence": "솔더페이스트 검사보고서: SP-2025-07-C_COF.pdf",
            "id": "sample_001_0105_000154",
            "annotations": [
                {
                    "word": "SP-2025-07-C",
                    "start": 14,
                    "end": 26,
                    "label": "준식별자"
                }
            ]
        },
        {
            "sentence": "RJ45/터미널블록 계열 커넥터 핀 오정렬로 접촉 불량",
            "id": "sample_001_0105_000155",
            "annotations": []
        },
        {
            "sentence": "피더 장치 세팅 불량(피드 각도 미세 차이)",
            "id": "sample_001_0105_000156",
            "annotations": []
        },
        {
            "sentence": "조립 작업자 작업속도 과다로 인한 정렬 불량",
            "id": "sample_001_0105_000157",
            "annotations": [
                {
                    "word": "작업자",
                    "start": 3,
                    "end": 6,
                    "label": "준식별자"
                }
            ]
        },
        {
            "sentence": "조립 지그(피더 가이드) 마모로 인한 위치 허용오차 증가",
            "id": "sample_001_0105_000158",
            "annotations": []
        },
        {
            "sentence": "조립 설비(피더/지그) 유지보수 소홀 및 표준작업정의(SOP) 미준수",
            "id": "sample_001_0105_000159",
            "annotations": []
        },
        {
            "sentence": "생산라인 CCTV 캡처(2025-08-18 14:22): //hb-vid/line1/20250818_1422.jpg",
            "id": "sample_001_0105_000160",
            "annotations": [
                {
                    "word": "202",
                    "start": 13,
                    "end": 16,
                    "label": "준식별자"
                },
                {
                    "word": "202",
                    "start": 47,
                    "end": 50,
                    "label": "준식별자"
                }
            ]
        },
        {
            "sentence": "조립지그 점검리포트(최근정비일: 2024-12-02)",
            "id": "sample_001_0105_000161",
            "annotations": [
                {
                    "word": "202",
                    "start": 18,
                    "end": 21,
                    "label": "준식별자"
                }
            ]
        },
        {
            "sentence": "부팅 시 checksum mismatch 메시지로 펌웨어 로드 실패",
            "id": "sample_001_0105_000162",
            "annotations": []
        },
        {
            "sentence": "펌웨어 파일 전송 중 일부 패킷 손상(네트워크 불안정 또는 저장매체 오류)",
            "id": "sample_001_0105_000163",
            "annotations": []
        },
        {
            "sentence": "플래시 메모리 내 bad sector 존재 가능성",
            "id": "sample_001_0105_000164",
            "annotations": []
        },
        {
            "sentence": "펌웨어 빌드단에서의 손상 가능성(빌드서버 로그 확인 필요)",
            "id": "sample_001_0105_000165",
            "annotations": []
        },
        {
            "sentence": "펌웨어 업로드 프로세스에서 검증절차 미비(파일 해시 검증 절차 미비)",
            "id": "sample_001_0105_000166",
            "annotations": []
        },
        {
            "sentence": "시리얼 로그: //hb-qc/logs/serial/HB-GW-A1-0128_seriallog.txt",
            "id": "sample_001_0105_000167",
            "annotations": [
                {
                    "word": "HB-GW-A1-0128",
                    "start": 28,
                    "end": 41,
                    "label": "준식별자"
                }
            ]
        },
        {
            "sentence": "펌웨어 해시 목록: //fw-server/v1.12.4/checksums.txt",
            "id": "sample_001_0105_000168",
            "annotations": []
        },
        {
            "sentence": "상단 도장부에 표면 스크래치 6mm",
            "id": "sample_001_0105_000169",
            "annotations": []
        },
        {
            "sentence": "포장 시 완충재 미적용 또는 내부 박스간 마찰",
            "id": "sample_001_0105_000170",
            "annotations": []
        },
        {
            "sentence": "후공정 취급 중 미흡한 취급방식",
            "id": "sample_001_0105_000171",
            "annotations": []
        },
        {
            "sentence": "포장 검사 표준 미비 및 포장 자재 변경(완충재 규격 축소) 이후 발생",
            "id": "sample_001_0105_000172",
            "annotations": []
        },
        {
            "sentence": "포장 라인 검사 기록: //hb-qc/packing/20250818_packinglog.pdf",
            "id": "sample_001_0105_000173",
            "annotations": [
                {
                    "word": "202",
                    "start": 29,
                    "end": 32,
                    "label": "준식별자"
                }
            ]
        },
        {
            "sentence": "포장자재 규격 변경 문서(관리부 제출): PM-CHG-2025-07-PACK",
            "id": "sample_001_0105_000174",
            "annotations": [
                {
                    "word": "관리부",
                    "start": 14,
                    "end": 17,
                    "label": "준식별자"
                },
                {
                    "word": "202",
                    "start": 30,
                    "end": 33,
                    "label": "준식별자"
                }
            ]
        },
        {
            "sentence": "도출된 근본원인에 대해 즉시 시정조치(Short-term)와 중장기 예방조치(Long-term)를 구분하여 수립함.",
            "id": "sample_001_0105_000175",
            "annotations": []
        },
        {
            "sentence": "각 조치별 책임자 및 완료기한을 명시함..",
            "id": "sample_001_0105_000176",
            "annotations": []
        },
        {
            "sentence": "CAPA-2025-0821-01",
            "id": "sample_001_0105_000177",
            "annotations": [
                {
                    "word": "202",
                    "start": 5,
                    "end": 8,
                    "label": "준식별자"
                }
            ]
        },
        {
            "sentence": "Lot 전수 전원회로 점검(전류 급증 제품 선별)",
            "id": "sample_001_0105_000178",
            "annotations": []
        },
        {
            "sentence": "샘플의 전원회로 단락 의심 제품 7개에 대해 전수 전기적 분해검사 및 필요시 PCB 분해 검사 시행.",
            "id": "sample_001_0105_000179",
            "annotations": []
        },
        {
            "sentence": "해당 제품은 격리 보관(위치: QC격리선반 B-3)..",
            "id": "sample_001_0105_000180",
            "annotations": []
        },
        {
            "sentence": "생산부 / 품질관리팀",
            "id": "sample_001_0105_000181",
            "annotations": [
                {
                    "word": "생산부",
                    "start": 0,
                    "end": 3,
                    "label": "준식별자"
                },
                {
                    "word": "관리팀",
                    "start": 8,
                    "end": 11,
                    "label": "준식별자"
                }
            ]
        },
        {
            "sentence": "김영수",
            "id": "sample_001_0105_000182",
            "annotations": [
                {
                    "word": "김영수",
                    "start": 0,
                    "end": 3,
                    "label": "개인정보"
                }
            ]
        },
        {
            "sentence": "품질관리팀장",
            "id": "sample_001_0105_000183",
            "annotations": [
                {
                    "word": "품질관리팀장",
                    "start": 0,
                    "end": 6,
                    "label": "준식별자"
                }
            ]
        },
        {
            "sentence": "HB-PL-0012",
            "id": "sample_001_0105_000184",
            "annotations": [
                {
                    "word": "HB-PL-0012",
                    "start": 0,
                    "end": 10,
                    "label": "개인정보"
                }
            ]
        },
        {
            "sentence": "2025-08-25",
            "id": "sample_001_0105_000185",
            "annotations": [
                {
                    "word": "202",
                    "start": 0,
                    "end": 3,
                    "label": "준식별자"
                }
            ]
        },
        {
            "sentence": "격리 제품 전원회로 검사 완료 및 원인별 분류 보고서 제출",
            "id": "sample_001_0105_000186",
            "annotations": []
        },
        {
            "sentence": "CAPA-2025-0821-02",
            "id": "sample_001_0105_000187",
            "annotations": [
                {
                    "word": "202",
                    "start": 5,
                    "end": 8,
                    "label": "준식별자"
                }
            ]
        },
        {
            "sentence": "리플로우 공정 즉시 중지 및 파라미터 점검",
            "id": "sample_001_0105_000188",
            "annotations": []
        },
        {
            "sentence": "해당 리플로우 공정 라인(라인1) 즉시 가동 중지.",
            "id": "sample_001_0105_000189",
            "annotations": [
                {
                    "word": "라인1",
                    "start": 14,
                    "end": 17,
                    "label": "준식별자"
                }
            ]
        },
        {
            "sentence": "리플로우 오븐 프로파일 재검증 및 솔더페이스트 샘플 테스트(비커스 점도 측정) 실시.",
            "id": "sample_001_0105_000190",
            "annotations": []
        },
        {
            "sentence": "솔더 페이스트 공급사와 즉시 연락하여 배치(Lot) 상태 확인..",
            "id": "sample_001_0105_000191",
            "annotations": []
        },
        {
            "sentence": "생산부 / 설비팀",
            "id": "sample_001_0105_000192",
            "annotations": [
                {
                    "word": "생산부",
                    "start": 0,
                    "end": 3,
                    "label": "준식별자"
                }
            ]
        },
        {
            "sentence": "오준호",
            "id": "sample_001_0105_000193",
            "annotations": [
                {
                    "word": "오준호",
                    "start": 0,
                    "end": 3,
                    "label": "개인정보"
                }
            ]
        },
        {
            "sentence": "생산설비 엔지니어",
            "id": "sample_001_0105_000194",
            "annotations": [
                {
                    "word": "설비 엔지니어",
                    "start": 2,
                    "end": 9,
                    "label": "준식별자"
                }
            ]
        },
        {
            "sentence": "HB-ME-0033",
            "id": "sample_001_0105_000195",
            "annotations": [
                {
                    "word": "HB-ME-0033",
                    "start": 0,
                    "end": 10,
                    "label": "개인정보"
                }
            ]
        },
        {
            "sentence": "2025-08-23",
            "id": "sample_001_0105_000196",
            "annotations": [
                {
                    "word": "202",
                    "start": 0,
                    "end": 3,
                    "label": "준식별자"
                }
            ]
        },
        {
            "sentence": "리플로우 프로파일 교정 완료 및 공정 시험(30개 보드) 합격 확인",
            "id": "sample_001_0105_000197",
            "annotations": []
        },
        {
            "sentence": "CAPA-2025-0821-03",
            "id": "sample_001_0105_000198",
            "annotations": [
                {
                    "word": "202",
                    "start": 5,
                    "end": 8,
                    "label": "준식별자"
                }
            ]
        },
        {
            "sentence": "펌웨어 업로드 검증 강화",
            "id": "sample_001_0105_000199",
            "annotations": []
        },
        {
            "sentence": "펌웨어 업로드 시 MD5/SHA256 해시값 자동검증 절차 추가.",
            "id": "sample_001_0105_000200",
            "annotations": []
        },
        {
            "sentence": "펌웨어 서버와 로컬파일 간 해시가 일치하지 않을 경우 자동 중단 및 경보 알림..",
            "id": "sample_001_0105_000201",
            "annotations": []
        },
        {
            "sentence": "생산부 / 기술부",
            "id": "sample_001_0105_000202",
            "annotations": [
                {
                    "word": "생산부",
                    "start": 0,
                    "end": 3,
                    "label": "준식별자"
                },
                {
                    "word": "기술부",
                    "start": 6,
                    "end": 9,
                    "label": "준식별자"
                }
            ]
        },
        {
            "sentence": "한기범",
            "id": "sample_001_0105_000203",
            "annotations": [
                {
                    "word": "한기범",
                    "start": 0,
                    "end": 3,
                    "label": "개인정보"
                }
            ]
        },
        {
            "sentence": "기술부 부장",
            "id": "sample_001_0105_000204",
            "annotations": [
                {
                    "word": "기술부",
                    "start": 0,
                    "end": 3,
                    "label": "준식별자"
                },
                {
                    "word": "부장",
                    "start": 4,
                    "end": 6,
                    "label": "준식별자"
                }
            ]
        },
        {
            "sentence": "HB-TE-0007",
            "id": "sample_001_0105_000205",
            "annotations": [
                {
                    "word": "HB-TE-0007",
                    "start": 0,
                    "end": 10,
                    "label": "개인정보"
                }
            ]
        },
        {
            "sentence": "2025-08-27",
            "id": "sample_001_0105_000206",
            "annotations": [
                {
                    "word": "202",
                    "start": 0,
                    "end": 3,
                    "label": "준식별자"
                }
            ]
        },
        {
            "sentence": "업로드 시 해시검증 실패율 0% 달성",
            "id": "sample_001_0105_000207",
            "annotations": []
        },
        {
            "sentence": "CAPA-2025-0821-04",
            "id": "sample_001_0105_000208",
            "annotations": [
                {
                    "word": "202",
                    "start": 5,
                    "end": 8,
                    "label": "준식별자"
                }
            ]
        },
        {
            "sentence": "포장 자재 규격 복구 및 포장 SOP 개선",
            "id": "sample_001_0105_000209",
            "annotations": []
        },
        {
            "sentence": "포장 완충재 규격을 기존 규격으로 즉시 복원하고 포장 검사 항목에 외관 스크래치 검사 항목 추가.",
            "id": "sample_001_0105_000210",
            "annotations": []
        },
        {
            "sentence": "포장 담당자 교육 실시..",
            "id": "sample_001_0105_000211",
            "annotations": []
        },
        {
            "sentence": "생산부 / 품질관리팀",
            "id": "sample_001_0105_000212",
            "annotations": [
                {
                    "word": "생산부",
                    "start": 0,
                    "end": 3,
                    "label": "준식별자"
                },
                {
                    "word": "관리팀",
                    "start": 8,
                    "end": 11,
                    "label": "준식별자"
                }
            ]
        },
        {
            "sentence": "최지윤",
            "id": "sample_001_0105_000213",
            "annotations": [
                {
                    "word": "최지윤",
                    "start": 0,
                    "end": 3,
                    "label": "개인정보"
                }
            ]
        },
        {
            "sentence": "생산부 데이터 분석 담당",
            "id": "sample_001_0105_000214",
            "annotations": [
                {
                    "word": "생산부",
                    "start": 0,
                    "end": 3,
                    "label": "준식별자"
                }
            ]
        },
        {
            "sentence": "HB-DA-0101",
            "id": "sample_001_0105_000215",
            "annotations": [
                {
                    "word": "HB-DA-0101",
                    "start": 0,
                    "end": 10,
                    "label": "개인정보"
                }
            ]
        },
        {
            "sentence": "2025-08-24",
            "id": "sample_001_0105_000216",
            "annotations": [
                {
                    "word": "202",
                    "start": 0,
                    "end": 3,
                    "label": "준식별자"
                }
            ]
        },
        {
            "sentence": "포장 라인 외관불량률 0% 목표(검사 결과 보고)",
            "id": "sample_001_0105_000217",
            "annotations": []
        },
        {
            "sentence": "CAPA-2025-0821-05",
            "id": "sample_001_0105_000218",
            "annotations": [
                {
                    "word": "202",
                    "start": 5,
                    "end": 8,
                    "label": "준식별자"
                }
            ]
        },
        {
            "sentence": "생산 설비 예방보전(피더·지그 교체 및 보정)",
            "id": "sample_001_0105_000219",
            "annotations": []
        },
        {
            "sentence": "피더 및 조립지그 전수점검 시행 및 마모부 교체.",
            "id": "sample_001_0105_000220",
            "annotations": []
        },
        {
            "sentence": "자동화 라인에 정기 보정 프로세스 도입(월 1회)..",
            "id": "sample_001_0105_000221",
            "annotations": []
        },
        {
            "sentence": "생산부 / 설비팀",
            "id": "sample_001_0105_000222",
            "annotations": [
                {
                    "word": "생산부",
                    "start": 0,
                    "end": 3,
                    "label": "준식별자"
                }
            ]
        },
        {
            "sentence": "오준호",
            "id": "sample_001_0105_000223",
            "annotations": [
                {
                    "word": "오준호",
                    "start": 0,
                    "end": 3,
                    "label": "개인정보"
                }
            ]
        },
        {
            "sentence": "생산설비 엔지니어",
            "id": "sample_001_0105_000224",
            "annotations": [
                {
                    "word": "설비 엔지니어",
                    "start": 2,
                    "end": 9,
                    "label": "준식별자"
                }
            ]
        },
        {
            "sentence": "HB-ME-0033",
            "id": "sample_001_0105_000225",
            "annotations": [
                {
                    "word": "HB-ME-0033",
                    "start": 0,
                    "end": 10,
                    "label": "개인정보"
                }
            ]
        },
        {
            "sentence": "2025-11-21",
            "id": "sample_001_0105_000226",
            "annotations": [
                {
                    "word": "202",
                    "start": 0,
                    "end": 3,
                    "label": "준식별자"
                }
            ]
        },
        {
            "sentence": "라인별 조립불량률 50% 감소",
            "id": "sample_001_0105_000227",
            "annotations": []
        },
        {
            "sentence": "CAPA-2025-0821-06",
            "id": "sample_001_0105_000228",
            "annotations": [
                {
                    "word": "202",
                    "start": 5,
                    "end": 8,
                    "label": "준식별자"
                }
            ]
        },
        {
            "sentence": "자재입고 품질검사 강화",
            "id": "sample_001_0105_000229",
            "annotations": []
        },
        {
            "sentence": "솔더페이스트 등 중요 자재에 대해 입고시 물성(점도, 활성도) 시험 항목 추가 및 공급사 품질보증서(ROHS, TDS) 재검증 절차 수립..",
            "id": "sample_001_0105_000230",
            "annotations": []
        },
        {
            "sentence": "생산부 / 구매담당(관리부 연계)",
            "id": "sample_001_0105_000231",
            "annotations": [
                {
                    "word": "생산부",
                    "start": 0,
                    "end": 3,
                    "label": "준식별자"
                },
                {
                    "word": "관리부",
                    "start": 11,
                    "end": 14,
                    "label": "준식별자"
                }
            ]
        },
        {
            "sentence": "오현정",
            "id": "sample_001_0105_000232",
            "annotations": []
        },
        {
            "sentence": "구매 담당자(관리부 협업)",
            "id": "sample_001_0105_000233",
            "annotations": [
                {
                    "word": "관리부",
                    "start": 7,
                    "end": 10,
                    "label": "준식별자"
                }
            ]
        },
        {
            "sentence": "HB-PU-0058",
            "id": "sample_001_0105_000234",
            "annotations": []
        },
        {
            "sentence": "2025-11-21",
            "id": "sample_001_0105_000235",
            "annotations": [
                {
                    "word": "202",
                    "start": 0,
                    "end": 3,
                    "label": "준식별자"
                }
            ]
        },
        {
            "sentence": "입고 자재 관련 불량률 80% 감소",
            "id": "sample_001_0105_000236",
            "annotations": []
        },
        {
            "sentence": "CAPA-2025-0821-07",
            "id": "sample_001_0105_000237",
            "annotations": [
                {
                    "word": "202",
                    "start": 5,
                    "end": 8,
                    "label": "준식별자"
                }
            ]
        },
        {
            "sentence": "교육 및 표준작업지침(SOP) 개정",
            "id": "sample_001_0105_000238",
            "annotations": []
        },
        {
            "sentence": "조립·리플로우·포장 공정의 SOP를 재정비하고, 신입 및 숙련자 대상 월별 품질교육 시행(검사 체크리스트 포함)..",
            "id": "sample_001_0105_000239",
            "annotations": []
        },
        {
            "sentence": "생산부 / 인사부 협조",
            "id": "sample_001_0105_000240",
            "annotations": [
                {
                    "word": "생산부",
                    "start": 0,
                    "end": 3,
                    "label": "준식별자"
                },
                {
                    "word": "인사부",
                    "start": 6,
                    "end": 9,
                    "label": "준식별자"
                }
            ]
        },
        {
            "sentence": "김영수",
            "id": "sample_001_0105_000241",
            "annotations": [
                {
                    "word": "김영수",
                    "start": 0,
                    "end": 3,
                    "label": "개인정보"
                }
            ]
        },
        {
            "sentence": "품질관리팀장",
            "id": "sample_001_0105_000242",
            "annotations": [
                {
                    "word": "품질관리팀장",
                    "start": 0,
                    "end": 6,
                    "label": "준식별자"
                }
            ]
        },
        {
            "sentence": "HB-PL-0012",
            "id": "sample_001_0105_000243",
            "annotations": [
                {
                    "word": "HB-PL-0012",
                    "start": 0,
                    "end": 10,
                    "label": "개인정보"
                }
            ]
        },
        {
            "sentence": "2025-10-31",
            "id": "sample_001_0105_000244",
            "annotations": [
                {
                    "word": "2025-10-31",
                    "start": 0,
                    "end": 10,
                    "label": "준식별자"
                }
            ]
        },
        {
            "sentence": "작업표준 미준수 항목 90% 감소",
            "id": "sample_001_0105_000245",
            "annotations": []
        },
        {
            "sentence": "시정조치 완료 후 동일 공정으로부터 신규 LOT 2개(Lot size: 200개 각)를 대상으로 샘플검사(각 LOT 50개) 및 전수 전기적 특성 스팟 점검을 시행하여 불량률 감소 여부 확인.",
            "id": "sample_001_0105_000246",
            "annotations": [
                {
                    "word": "200",
                    "start": 40,
                    "end": 43,
                    "label": "개인정보"
                }
            ]
        },
        {
            "sentence": "또한 한 달 후 추적검사(재현성 확인)를 실행..",
            "id": "sample_001_0105_000247",
            "annotations": []
        },
        {
            "sentence": "1차 검증",
            "id": "sample_001_0105_000248",
            "annotations": []
        },
        {
            "sentence": "2025-08-28",
            "id": "sample_001_0105_000249",
            "annotations": [
                {
                    "word": "202",
                    "start": 0,
                    "end": 3,
                    "label": "준식별자"
                }
            ]
        },
        {
            "sentence": "2025-09-04",
            "id": "sample_001_0105_000250",
            "annotations": [
                {
                    "word": "202",
                    "start": 0,
                    "end": 3,
                    "label": "준식별자"
                }
            ]
        },
        {
            "sentence": "CAPA 즉시조치 완료 후 1차 샘플 검사(50개)",
            "id": "sample_001_0105_000251",
            "annotations": []
        },
        {
            "sentence": "2차 검증",
            "id": "sample_001_0105_000252",
            "annotations": []
        },
        {
            "sentence": "2025-09-25",
            "id": "sample_001_0105_000253",
            "annotations": [
                {
                    "word": "202",
                    "start": 0,
                    "end": 3,
                    "label": "준식별자"
                }
            ]
        },
        {
            "sentence": "2025-10-02",
            "id": "sample_001_0105_000254",
            "annotations": [
                {
                    "word": "202",
                    "start": 0,
                    "end": 3,
                    "label": "준식별자"
                }
            ]
        },
        {
            "sentence": "중장기 예방조치 적용 후 LOT 검증(50~100개 샘플)",
            "id": "sample_001_0105_000255",
            "annotations": [
                {
                    "word": "100",
                    "start": 24,
                    "end": 27,
                    "label": "개인정보"
                }
            ]
        },
        {
            "sentence": "김영수",
            "id": "sample_001_0105_000256",
            "annotations": [
                {
                    "word": "김영수",
                    "start": 0,
                    "end": 3,
                    "label": "개인정보"
                }
            ]
        },
        {
            "sentence": "품질관리팀장",
            "id": "sample_001_0105_000257",
            "annotations": [
                {
                    "word": "품질관리팀장",
                    "start": 0,
                    "end": 6,
                    "label": "준식별자"
                }
            ]
        },
        {
            "sentence": "HB-PL-0012",
            "id": "sample_001_0105_000258",
            "annotations": [
                {
                    "word": "HB-PL-0012",
                    "start": 0,
                    "end": 10,
                    "label": "개인정보"
                }
            ]
        },
        {
            "sentence": "010-1122-3344",
            "id": "sample_001_0105_000259",
            "annotations": [
                {
                    "word": "010-1122-3344",
                    "start": 0,
                    "end": 13,
                    "label": "개인정보"
                }
            ]
        },
        {
            "sentence": "211",
            "id": "sample_001_0105_000260",
            "annotations": [
                {
                    "word": "211",
                    "start": 0,
                    "end": 3,
                    "label": "개인정보"
                }
            ]
        },
        {
            "sentence": "본 불량 이슈로 인하여 출하 시 현장 설치 후 서비스 이슈/고장으로 인한 고객 클레임 및 유지보수 비용 상승 위험 존재.",
            "id": "sample_001_0105_000261",
            "annotations": []
        },
        {
            "sentence": "주요 리스크 항목과 영향도는 아래와 같음..",
            "id": "sample_001_0105_000262",
            "annotations": []
        },
        {
            "sentence": "현장 장애 발생(부팅 실패/통신 불가)",
            "id": "sample_001_0105_000263",
            "annotations": []
        },
        {
            "sentence": "생산 현장 가동중단, 한빛솔루션의 SLA 위반 가능성",
            "id": "sample_001_0105_000264",
            "annotations": []
        },
        {
            "sentence": "높음",
            "id": "sample_001_0105_000265",
            "annotations": []
        },
        {
            "sentence": "즉시 대응",
            "id": "sample_001_0105_000266",
            "annotations": []
        },
        {
            "sentence": "대량 리콜/교환 비용",
            "id": "sample_001_0105_000267",
            "annotations": []
        },
        {
            "sentence": "직접 비용 및 평판 손실",
            "id": "sample_001_0105_000268",
            "annotations": []
        },
        {
            "sentence": "중간~높음",
            "id": "sample_001_0105_000269",
            "annotations": []
        },
        {
            "sentence": "중장기 예방조치 필요",
            "id": "sample_001_0105_000270",
            "annotations": []
        },
        {
            "sentence": "납품 지연으로 인한 계약 위약금",
            "id": "sample_001_0105_000271",
            "annotations": []
        },
        {
            "sentence": "재무적 부담",
            "id": "sample_001_0105_000272",
            "annotations": []
        },
        {
            "sentence": "중간",
            "id": "sample_001_0105_000273",
            "annotations": []
        },
        {
            "sentence": "즉시 대응 및 고객 커뮤니케이션",
            "id": "sample_001_0105_000274",
            "annotations": []
        },
        {
            "sentence": "LOT-20250818-GW-A1을 이미 수령하거나 발송 예정인 고객사 목록(내부 CRM 참조)",
            "id": "sample_001_0105_000275",
            "annotations": [
                {
                    "word": "LOT-20250818-GW-A1",
                    "start": 0,
                    "end": 18,
                    "label": "준식별자"
                }
            ]
        },
        {
            "sentence": "영업부와 협의하여 이메일 및 담당자 전화 통보(필요시 현장 엔지니어 파견)",
            "id": "sample_001_0105_000276",
            "annotations": [
                {
                    "word": "영업부",
                    "start": 0,
                    "end": 3,
                    "label": "준식별자"
                },
                {
                    "word": "엔지니어",
                    "start": 33,
                    "end": 37,
                    "label": "준식별자"
                }
            ]
        },
        {
            "sentence": "한지훈",
            "id": "sample_001_0105_000277",
            "annotations": [
                {
                    "word": "한지훈",
                    "start": 0,
                    "end": 3,
                    "label": "개인정보"
                }
            ]
        },
        {
            "sentence": "영업부 대리",
            "id": "sample_001_0105_000278",
            "annotations": [
                {
                    "word": "영업부",
                    "start": 0,
                    "end": 3,
                    "label": "준식별자"
                },
                {
                    "word": "대리",
                    "start": 4,
                    "end": 6,
                    "label": "준식별자"
                }
            ]
        },
        {
            "sentence": "HB-SL-0066",
            "id": "sample_001_0105_000279",
            "annotations": [
                {
                    "word": "HB-SL-0066",
                    "start": 0,
                    "end": 10,
                    "label": "개인정보"
                }
            ]
        },
        {
            "sentence": "010-9988-7766",
            "id": "sample_001_0105_000280",
            "annotations": [
                {
                    "word": "010-9988-7766",
                    "start": 0,
                    "end": 13,
                    "label": "개인정보"
                }
            ]
        },
        {
            "sentence": "jh.han@hanbitsol.com",
            "id": "sample_001_0105_000281",
            "annotations": [
                {
                    "word": "jh.han@hanbitsol.com",
                    "start": 0,
                    "end": 20,
                    "label": "개인정보"
                }
            ]
        },
        {
            "sentence": "출하 보류 권고(해당 LOT 전수선별 전까지), 고객사 요청 시 현장 설치 보류 또는 설치 시 임시 모니터링 체계 운영",
            "id": "sample_001_0105_000282",
            "annotations": []
        },
        {
            "sentence": "HB-GW-A1_LOT-20250818_inspection_rawdata.xlsx",
            "id": "sample_001_0105_000283",
            "annotations": [
                {
                    "word": "T-202",
                    "start": 11,
                    "end": 16,
                    "label": "개인정보"
                }
            ]
        },
        {
            "sentence": "HB-GW-A1-0102_IMG_20250820_001.jpg",
            "id": "sample_001_0105_000284",
            "annotations": [
                {
                    "word": "HB-GW-A1-0102",
                    "start": 0,
                    "end": 13,
                    "label": "준식별자"
                },
                {
                    "word": "202",
                    "start": 18,
                    "end": 21,
                    "label": "준식별자"
                },
                {
                    "word": "001",
                    "start": 27,
                    "end": 30,
                    "label": "개인정보"
                }
            ]
        },
        {
            "sentence": "HB-GW-A1-0140_IMG_20250820_002.jpg",
            "id": "sample_001_0105_000285",
            "annotations": [
                {
                    "word": "HB-GW-A1-0140",
                    "start": 0,
                    "end": 13,
                    "label": "준식별자"
                },
                {
                    "word": "202",
                    "start": 18,
                    "end": 21,
                    "label": "준식별자"
                }
            ]
        },
        {
            "sentence": "reflow/20250818_reflow_log.csv",
            "id": "sample_001_0105_000286",
            "annotations": [
                {
                    "word": "202",
                    "start": 7,
                    "end": 10,
                    "label": "준식별자"
                }
            ]
        },
        {
            "sentence": "serial/HB-GW-A1-0128_seriallog.txt",
            "id": "sample_001_0105_000287",
            "annotations": [
                {
                    "word": "HB-GW-A1-0128",
                    "start": 7,
                    "end": 20,
                    "label": "준식별자"
                }
            ]
        },
        {
            "sentence": "fw/v1.12.4/checksums.txt",
            "id": "sample_001_0105_000288",
            "annotations": []
        },
        {
            "sentence": "packing/20250818_packinglog.pdf",
            "id": "sample_001_0105_000289",
            "annotations": [
                {
                    "word": "202",
                    "start": 8,
                    "end": 11,
                    "label": "준식별자"
                }
            ]
        },
        {
            "sentence": "CAPA_action_plan_2025-0821.pdf",
            "id": "sample_001_0105_000290",
            "annotations": [
                {
                    "word": "202",
                    "start": 17,
                    "end": 20,
                    "label": "준식별자"
                }
            ]
        },
        {
            "sentence": "생산부장",
            "id": "sample_001_0105_000291",
            "annotations": [
                {
                    "word": "생산부장",
                    "start": 0,
                    "end": 4,
                    "label": "준식별자"
                }
            ]
        },
        {
            "sentence": "강민철",
            "id": "sample_001_0105_000292",
            "annotations": [
                {
                    "word": "강민철",
                    "start": 0,
                    "end": 3,
                    "label": "개인정보"
                }
            ]
        },
        {
            "sentence": "HB-PR-0003",
            "id": "sample_001_0105_000293",
            "annotations": [
                {
                    "word": "HB-PR-0003",
                    "start": 0,
                    "end": 10,
                    "label": "개인정보"
                }
            ]
        },
        {
            "sentence": "기술부장",
            "id": "sample_001_0105_000294",
            "annotations": [
                {
                    "word": "기술부장",
                    "start": 0,
                    "end": 4,
                    "label": "준식별자"
                }
            ]
        },
        {
            "sentence": "한기범",
            "id": "sample_001_0105_000295",
            "annotations": [
                {
                    "word": "한기범",
                    "start": 0,
                    "end": 3,
                    "label": "개인정보"
                }
            ]
        },
        {
            "sentence": "HB-TE-0007",
            "id": "sample_001_0105_000296",
            "annotations": [
                {
                    "word": "HB-TE-0007",
                    "start": 0,
                    "end": 10,
                    "label": "개인정보"
                }
            ]
        },
        {
            "sentence": "관리부 이사(재무/총무 책임)",
            "id": "sample_001_0105_000297",
            "annotations": [
                {
                    "word": "관리부 이사",
                    "start": 0,
                    "end": 6,
                    "label": "준식별자"
                }
            ]
        },
        {
            "sentence": "이수경",
            "id": "sample_001_0105_000298",
            "annotations": [
                {
                    "word": "이수경",
                    "start": 0,
                    "end": 3,
                    "label": "개인정보"
                }
            ]
        },
        {
            "sentence": "HB-AD-0001",
            "id": "sample_001_0105_000299",
            "annotations": [
                {
                    "word": "HB-AD-0001",
                    "start": 0,
                    "end": 10,
                    "label": "개인정보"
                }
            ]
        },
        {
            "sentence": "대표이사",
            "id": "sample_001_0105_000300",
            "annotations": [
                {
                    "word": "대표이사",
                    "start": 0,
                    "end": 4,
                    "label": "준식별자"
                }
            ]
        },
        {
            "sentence": "박준호",
            "id": "sample_001_0105_000301",
            "annotations": [
                {
                    "word": "박준호",
                    "start": 0,
                    "end": 3,
                    "label": "개인정보"
                }
            ]
        },
        {
            "sentence": "HB-CEO-0000",
            "id": "sample_001_0105_000302",
            "annotations": [
                {
                    "word": "HB-CEO-0000",
                    "start": 0,
                    "end": 11,
                    "label": "개인정보"
                }
            ]
        },
        {
            "sentence": "본 보고서는 한빛솔루션 내부 품질관리 절차에 따라 작성되었으며, 모든 원본 로그 및 사진은 QC서버에 보관되어 향후 감사 및 고객 요청 시 제출 가능함.",
            "id": "sample_001_0105_000303",
            "annotations": []
        },
        {
            "sentence": "추가 조사 및 외부 시험(EMI/안전성)은 기술부와 별도 협의 후 진행 예정..",
            "id": "sample_001_0105_000304",
            "annotations": [
                {
                    "word": "기술부",
                    "start": 24,
                    "end": 27,
                    "label": "준식별자"
                }
            ]
        },
        {
            "sentence": "2025-08-21",
            "id": "sample_001_0105_000305",
            "annotations": [
                {
                    "word": "202",
                    "start": 0,
                    "end": 3,
                    "label": "준식별자"
                }
            ]
        },
        {
            "sentence": "5년",
            "id": "sample_001_0105_000306",
            "annotations": []
        },
        {
            "sentence": "HB-SOP-REWORK-2024-11",
            "id": "sample_001_0105_000307",
            "annotations": [
                {
                    "word": "202",
                    "start": 14,
                    "end": 17,
                    "label": "준식별자"
                }
            ]
        },
        {
            "sentence": "HB-PACK-STD-2023-06",
            "id": "sample_001_0105_000308",
            "annotations": [
                {
                    "word": "202",
                    "start": 12,
                    "end": 15,
                    "label": "준식별자"
                }
            ]
        },
        {
            "sentence": "PM-CHG-2025-07-PACK",
            "id": "sample_001_0105_000309",
            "annotations": [
                {
                    "word": "202",
                    "start": 7,
                    "end": 10,
                    "label": "준식별자"
                }
            ]
        }
    ]
}