{
    "document_id": "001_0212",
    "document_title": "0212",
    "data": [
        {
            "sentence": "HR-EXT-20250910-001",
            "id": "sample_001_0212_000001",
            "annotations": [
                {
                    "word": "T-202",
                    "start": 5,
                    "end": 10,
                    "label": "개인정보"
                },
                {
                    "word": "001",
                    "start": 16,
                    "end": 19,
                    "label": "개인정보"
                }
            ]
        },
        {
            "sentence": "인사부_외부메일_채용협의_HR-EXT-20250910-001",
            "id": "sample_001_0212_000002",
            "annotations": [
                {
                    "word": "인사부",
                    "start": 0,
                    "end": 3,
                    "label": "준식별자"
                },
                {
                    "word": "T-202",
                    "start": 19,
                    "end": 24,
                    "label": "개인정보"
                },
                {
                    "word": "001",
                    "start": 30,
                    "end": 33,
                    "label": "개인정보"
                }
            ]
        },
        {
            "sentence": "인사부",
            "id": "sample_001_0212_000003",
            "annotations": [
                {
                    "word": "인사부",
                    "start": 0,
                    "end": 3,
                    "label": "준식별자"
                }
            ]
        },
        {
            "sentence": "외부인과의 메일기록",
            "id": "sample_001_0212_000004",
            "annotations": []
        },
        {
            "sentence": "2025-09-10T09:12:00+09:00",
            "id": "sample_001_0212_000005",
            "annotations": [
                {
                    "word": "2025-09-10",
                    "start": 0,
                    "end": 10,
                    "label": "준식별자"
                }
            ]
        },
        {
            "sentence": "2025-09-10T09:12:00+09:00",
            "id": "sample_001_0212_000006",
            "annotations": [
                {
                    "word": "2025-09-10",
                    "start": 0,
                    "end": 10,
                    "label": "준식별자"
                }
            ]
        },
        {
            "sentence": "[채용협의] 한빛솔루션 2025년 하반기 소프트웨어 엔지니어(중견·중소기업 고객지원) 채용 관련 제안 및 후보자 이력서 송부",
            "id": "sample_001_0212_000007",
            "annotations": [
                {
                    "word": "202",
                    "start": 13,
                    "end": 16,
                    "label": "준식별자"
                },
                {
                    "word": "소프트웨어 엔지니어",
                    "start": 23,
                    "end": 33,
                    "label": "준식별자"
                }
            ]
        },
        {
            "sentence": "김수현",
            "id": "sample_001_0212_000008",
            "annotations": [
                {
                    "word": "김수현",
                    "start": 0,
                    "end": 3,
                    "label": "개인정보"
                }
            ]
        },
        {
            "sentence": "인사부장",
            "id": "sample_001_0212_000009",
            "annotations": [
                {
                    "word": "인사부장",
                    "start": 0,
                    "end": 4,
                    "label": "준식별자"
                }
            ]
        },
        {
            "sentence": "인사부",
            "id": "sample_001_0212_000010",
            "annotations": [
                {
                    "word": "인사부",
                    "start": 0,
                    "end": 3,
                    "label": "준식별자"
                }
            ]
        },
        {
            "sentence": "HBS-2019-001",
            "id": "sample_001_0212_000011",
            "annotations": [
                {
                    "word": "HBS-2019-001",
                    "start": 0,
                    "end": 12,
                    "label": "개인정보"
                }
            ]
        },
        {
            "sentence": "suhyun.kim@hanbitsol.co.kr",
            "id": "sample_001_0212_000012",
            "annotations": [
                {
                    "word": "suhyun.kim@hanbitsol.co.kr",
                    "start": 0,
                    "end": 26,
                    "label": "개인정보"
                }
            ]
        },
        {
            "sentence": "010-5432-1111",
            "id": "sample_001_0212_000013",
            "annotations": [
                {
                    "word": "010-5432-1111",
                    "start": 0,
                    "end": 13,
                    "label": "개인정보"
                }
            ]
        },
        {
            "sentence": "301",
            "id": "sample_001_0212_000014",
            "annotations": [
                {
                    "word": "301",
                    "start": 0,
                    "end": 3,
                    "label": "개인정보"
                }
            ]
        },
        {
            "sentence": "글로벌리크루트㈜ 채용팀",
            "id": "sample_001_0212_000015",
            "annotations": []
        },
        {
            "sentence": "글로벌리크루트(주)",
            "id": "sample_001_0212_000016",
            "annotations": []
        },
        {
            "sentence": "박민재",
            "id": "sample_001_0212_000017",
            "annotations": [
                {
                    "word": "박민재",
                    "start": 0,
                    "end": 3,
                    "label": "개인정보"
                }
            ]
        },
        {
            "sentence": "mpark@globalrecruit.co.kr",
            "id": "sample_001_0212_000018",
            "annotations": [
                {
                    "word": "mpark@globalrecruit.co.kr",
                    "start": 0,
                    "end": 25,
                    "label": "개인정보"
                }
            ]
        },
        {
            "sentence": "02-555-3344",
            "id": "sample_001_0212_000019",
            "annotations": [
                {
                    "word": "02-555-3344",
                    "start": 0,
                    "end": 11,
                    "label": "개인정보"
                }
            ]
        },
        {
            "sentence": "이정민",
            "id": "sample_001_0212_000020",
            "annotations": [
                {
                    "word": "이정민",
                    "start": 0,
                    "end": 3,
                    "label": "개인정보"
                }
            ]
        },
        {
            "sentence": "인사담당",
            "id": "sample_001_0212_000021",
            "annotations": [
                {
                    "word": "인사담당",
                    "start": 0,
                    "end": 4,
                    "label": "준식별자"
                }
            ]
        },
        {
            "sentence": "인사부",
            "id": "sample_001_0212_000022",
            "annotations": [
                {
                    "word": "인사부",
                    "start": 0,
                    "end": 3,
                    "label": "준식별자"
                }
            ]
        },
        {
            "sentence": "HBS-2021-014",
            "id": "sample_001_0212_000023",
            "annotations": [
                {
                    "word": "HBS-2021-014",
                    "start": 0,
                    "end": 12,
                    "label": "개인정보"
                }
            ]
        },
        {
            "sentence": "jmin.lee@hanbitsol.co.kr",
            "id": "sample_001_0212_000024",
            "annotations": [
                {
                    "word": "jmin.lee@hanbitsol.co.kr",
                    "start": 0,
                    "end": 24,
                    "label": "개인정보"
                }
            ]
        },
        {
            "sentence": "010-6789-2233",
            "id": "sample_001_0212_000025",
            "annotations": [
                {
                    "word": "010-6789-2233",
                    "start": 0,
                    "end": 13,
                    "label": "개인정보"
                }
            ]
        },
        {
            "sentence": "302",
            "id": "sample_001_0212_000026",
            "annotations": [
                {
                    "word": "302",
                    "start": 0,
                    "end": 3,
                    "label": "개인정보"
                }
            ]
        },
        {
            "sentence": "장동훈",
            "id": "sample_001_0212_000027",
            "annotations": [
                {
                    "word": "장동훈",
                    "start": 0,
                    "end": 3,
                    "label": "개인정보"
                }
            ]
        },
        {
            "sentence": "기술부장",
            "id": "sample_001_0212_000028",
            "annotations": [
                {
                    "word": "기술부장",
                    "start": 0,
                    "end": 4,
                    "label": "준식별자"
                }
            ]
        },
        {
            "sentence": "기술부",
            "id": "sample_001_0212_000029",
            "annotations": [
                {
                    "word": "기술부",
                    "start": 0,
                    "end": 3,
                    "label": "준식별자"
                }
            ]
        },
        {
            "sentence": "HBS-2018-002",
            "id": "sample_001_0212_000030",
            "annotations": [
                {
                    "word": "HBS-2018-002",
                    "start": 0,
                    "end": 12,
                    "label": "개인정보"
                }
            ]
        },
        {
            "sentence": "dh.jang@hanbitsol.co.kr",
            "id": "sample_001_0212_000031",
            "annotations": [
                {
                    "word": "dh.jang@hanbitsol.co.kr",
                    "start": 0,
                    "end": 23,
                    "label": "개인정보"
                }
            ]
        },
        {
            "sentence": "010-9876-4455",
            "id": "sample_001_0212_000032",
            "annotations": [
                {
                    "word": "010-9876-4455",
                    "start": 0,
                    "end": 13,
                    "label": "개인정보"
                }
            ]
        },
        {
            "sentence": "401",
            "id": "sample_001_0212_000033",
            "annotations": [
                {
                    "word": "401",
                    "start": 0,
                    "end": 3,
                    "label": "개인정보"
                }
            ]
        },
        {
            "sentence": "안녕하세요, 박민재 채용담당자님.한빛솔루션 인사부장 김수현입니다.",
            "id": "sample_001_0212_000034",
            "annotations": [
                {
                    "word": "박민재",
                    "start": 7,
                    "end": 10,
                    "label": "개인정보"
                },
                {
                    "word": "채용담당",
                    "start": 11,
                    "end": 15,
                    "label": "준식별자"
                },
                {
                    "word": "인사부장",
                    "start": 24,
                    "end": 28,
                    "label": "준식별자"
                },
                {
                    "word": "김수현",
                    "start": 29,
                    "end": 32,
                    "label": "개인정보"
                }
            ]
        },
        {
            "sentence": "먼저 당사 채용 공고에 관심을 가져주신 점 감사드리며, 아래와 같이 2025년 하반기 소프트웨어 엔지니어(중견·중소기업 고객지원) 포지션의 채용 협의 및 후보자 추천 관련 세부 요청사항과 당사 내부 검토 사항을 전달드립니다.",
            "id": "sample_001_0212_000035",
            "annotations": [
                {
                    "word": "202",
                    "start": 38,
                    "end": 41,
                    "label": "준식별자"
                },
                {
                    "word": "소프트웨어 엔지니어",
                    "start": 48,
                    "end": 58,
                    "label": "준식별자"
                }
            ]
        },
        {
            "sentence": "본 메일은 외부 채용대행사(글로벌리크루트(주))와의 공식 문서 교신 기록으로 내부 결재 및 추후 감사·감리 대응 자료로 보관될 예정입니다.1. 채용 배경 및 포지션 개요 1) 배경: 당사는 스마트팩토리 솔루션 개발 및 구축(한빛 스마트MES, AI-CPS 등)을 주요 사업으로 하고 있으며, 최근 수주 확대에 따라 고객 현장 기술 지원 및 커스터마이징 개발을 담당할 중간 경력(경력 3~7년) 소프트웨어 엔지니어를 2명 충원하고자 합니다.",
            "id": "sample_001_0212_000036",
            "annotations": [
                {
                    "word": "한빛 스마트MES",
                    "start": 125,
                    "end": 134,
                    "label": "기밀정보"
                },
                {
                    "word": "AI-CPS",
                    "start": 136,
                    "end": 142,
                    "label": "기밀정보"
                },
                {
                    "word": "소프트웨어 엔지니어",
                    "start": 220,
                    "end": 230,
                    "label": "준식별자"
                }
            ]
        },
        {
            "sentence": "주요 업무는 고객사현장 요구사항 분석, 솔루션 커스터마이징(PLC 연동, 데이터 파이프라인 구성, 대시보드 개발), 현장 기술지원 및 교육, 문제 발생 시 원격/현장 대응입니다.",
            "id": "sample_001_0212_000037",
            "annotations": [
                {
                    "word": "PLC",
                    "start": 33,
                    "end": 36,
                    "label": "준식별자"
                }
            ]
        },
        {
            "sentence": "2) 포지션 명칭: 소프트웨어 엔지니어(고객지원/커스터마이징) 3) 채용 인원: 2명 4) 근무지: 본사(경기도 성남시 분당구) + 고객사 출장이 잦음(국내) 5) 경력 요건: 3~7년(PLC/SCADA/IoT 플랫폼 관련 개발 및 현장 통합 경험 우대) 6) 필수 기술: Python, Node.js 또는 Java 기반 백엔드 개발, RESTful API 설계, SQL 및 NoSQL 경험, 센서/PLC 연동 경험(직접 개발 또는 프로젝트 참여), 기본적인 Linux 서버 운영 지식 7) 우대 조건: MES 솔루션 개발 경험, MQTT/OPC-UA 등 산업용 프로토콜 경험, 클라우드(AWS/GCP) 경험, 현장 지원 경험 및 고객 커뮤니케이션 능력2. 채용 절차(회사 내부 기준) 1) 1차 서류 검토(인사부) 2) 2차 기술 인터뷰(기술부 담당자: 장동훈 기술부장 외 2인) 3) 3차 인성/팀 적합도 인터뷰(인사부장, 담당 팀장 합류) 4) 최종 제안 및 연봉 협상(관리부 재무 검토 포함) 5) 채용 확정 후 신원조회 및 근로계약 체결 - 예상 전형 기간: 접수 후 3주 내 채용 완료 목표(예정 일정: 서류마감 2025-09-24, 1차 합격자 통보 2025-09-29, 최종 합격자 통보 2025-10-10) - 제출 서류: 이력서(경력기술서 포함), 최종학위증명서(사본), 자격증 사본(해당자), 경력증명서(최종합격 후 제출 가능)3. 외주사(글로벌리크루트) 요청사항(협조 요청) 1) 9월 12일(금)까지 1차 후보자 추천(서류심사 통과 가능 후보자 6명 내외) 부탁드립니다.",
            "id": "sample_001_0212_000038",
            "annotations": [
                {
                    "word": "소프트웨어 엔지니어",
                    "start": 11,
                    "end": 21,
                    "label": "준식별자"
                },
                {
                    "word": "본사(경기도 성남시 분당구)",
                    "start": 56,
                    "end": 71,
                    "label": "준식별자"
                },
                {
                    "word": "PLC",
                    "start": 104,
                    "end": 107,
                    "label": "준식별자"
                },
                {
                    "word": "SCADA",
                    "start": 108,
                    "end": 113,
                    "label": "기밀정보"
                },
                {
                    "word": "백엔드",
                    "start": 180,
                    "end": 183,
                    "label": "준식별자"
                },
                {
                    "word": "PLC",
                    "start": 223,
                    "end": 226,
                    "label": "준식별자"
                },
                {
                    "word": "인사부",
                    "start": 396,
                    "end": 399,
                    "label": "준식별자"
                },
                {
                    "word": "기술부",
                    "start": 414,
                    "end": 417,
                    "label": "준식별자"
                },
                {
                    "word": "장동훈",
                    "start": 423,
                    "end": 426,
                    "label": "개인정보"
                },
                {
                    "word": "기술부장",
                    "start": 427,
                    "end": 431,
                    "label": "준식별자"
                },
                {
                    "word": "인사부장",
                    "start": 457,
                    "end": 461,
                    "label": "준식별자"
                },
                {
                    "word": "팀장",
                    "start": 466,
                    "end": 468,
                    "label": "준식별자"
                },
                {
                    "word": "연봉",
                    "start": 484,
                    "end": 486,
                    "label": "기밀정보"
                },
                {
                    "word": "관리부",
                    "start": 490,
                    "end": 493,
                    "label": "준식별자"
                },
                {
                    "word": "202",
                    "start": 573,
                    "end": 576,
                    "label": "준식별자"
                },
                {
                    "word": "202",
                    "start": 595,
                    "end": 598,
                    "label": "준식별자"
                },
                {
                    "word": "202",
                    "start": 617,
                    "end": 620,
                    "label": "준식별자"
                }
            ]
        },
        {
            "sentence": "추천 시 각 후보자 당 아래 정보를 반드시 포함하여 회신해 주시기 바랍니다.",
            "id": "sample_001_0212_000039",
            "annotations": []
        },
        {
            "sentence": "- 성명(한글), 생년월일(YYYY-MM-DD), 연락처(휴대전화), 이메일(상용), 현 주민등록상 거주지(시·군·구 수준), 최종학력, 주요 경력 요약(연도 포함), 연봉(현재), 희망연봉, 입사 가능일(예정), 희망 근무형태(현장/재택/혼합), 비고(영문 이력서, 출신대학·전공 등) 2) 각 후보자의 상세 경력기술서(프로젝트 단위로 기술, 담당 역할 및 성과 지표 포함) 첨부요청 3) 후보자와의 1차 연락 이후 당사와의 인터뷰 가능 시간대(평일 근무시간 외 포함) 조정 가능 여부 명시 4) 추천 시 전 직장(또는 최근 2개 기업)에서의 직무 수행 상세 평판(참고인 연락처 또는 추천서 요약)을 포함해 주시기 바랍니다.4. 당사(인사부) 내부 요청/정책 안내(외부 전달용) 1) 당사는 채용과정에서 수집된 개인정보를 아래 목적 및 기간에 따라 처리합니다.",
            "id": "sample_001_0212_000040",
            "annotations": [
                {
                    "word": "연봉",
                    "start": 94,
                    "end": 96,
                    "label": "기밀정보"
                },
                {
                    "word": "연봉",
                    "start": 104,
                    "end": 106,
                    "label": "기밀정보"
                },
                {
                    "word": "직무",
                    "start": 305,
                    "end": 307,
                    "label": "준식별자"
                },
                {
                    "word": "인사부",
                    "start": 356,
                    "end": 359,
                    "label": "준식별자"
                }
            ]
        },
        {
            "sentence": "- 처리 목적: 채용 절차 진행 및 근로계약 체결, 신원 및 경력 확인, 법적 근거에 따른 세무·노무 업무 이행 - 보존 기간: 채용 불합격자의 경우 최장 1년(관련 법령 및 내부 규정에 따른 보관 사유 발생 시 연장 가능), 채용 확정자의 경우 근로계약서 기재기간 및 관련 법령 준수 - 개인정보 제공 동의: 추천인 및 대행사 측에서 후보자 정보를 제공할 때는 반드시 후보자로부터 당사에 정보 제공 동의를 확보해 주십시오.",
            "id": "sample_001_0212_000041",
            "annotations": []
        },
        {
            "sentence": "2) 민감정보(건강정보, 장애 관련 정보 등)는 채용 시 불필요한 한도 내에서 요구하지 않으며, 법령상 요구되는 경우에 한해 별도의 동의서 수령 후 제한적으로 처리합니다.",
            "id": "sample_001_0212_000042",
            "annotations": []
        },
        {
            "sentence": "3) 당사 내부 보안정책에 따라 후보자의 이력서, 경력기술서 등 문서는 인사부 내부 전용 시스템(HR-Portal)에 업로드 후 권한부여된 담당자만 열람 가능합니다.",
            "id": "sample_001_0212_000043",
            "annotations": [
                {
                    "word": "인사부",
                    "start": 40,
                    "end": 43,
                    "label": "준식별자"
                }
            ]
        },
        {
            "sentence": "외부 전송 시 암호화된 PDF(비밀번호 전송은 전화 권장)를 사용해 주십시오.5. 초안 채용공고 문안(대행사 검토 요청) - 직무: 소프트웨어 엔지니어(고객지원/커스터마이징) - 담당업무: 고객사 요구사항 분석 및 솔루션 커스터마이징, PLC/IoT 센서 연동 개발, 현장/원격 기술지원, 데이터 파이프라인 및 대시보드 개발 - 자격요건: 경력 3~7년, Python/Java/Node.js 중 1개 이상 능숙, SQL 경험 필수, 산업용 프로토콜 경험 우대 - 근무조건: 연봉 협의(회사 내부 규정에 따라 경력에 따른 밴드 적용), 4대 보험, 연차 및 복리후생 제공, 필요 시 출장이 잦음 - 제출서류: 이력서, 경력기술서, 최종학위증명(사본), 경력증명서(최종합격자) (첨언) 채용공고 문안에 대해 대행사 측 관점에서 추가로 권장하는 문구(예: 핵심 경쟁력 강조, 젠더·연령 차별 배제 문구, 근무시간 탄력성 등)를 회신 주시면 반영 검토하겠습니다.6. 일정(요청) - 2025-09-12: 글로벌리크루트 1차 후보자 추천서 및 이력서 제출 - 2025-09-15 ~ 09-19: 당사 서류 검토 및 1차 인터뷰(원격) 대상자 선정 - 2025-09-22 ~ 09-26: 기술 인터뷰(현장 또는 원격) 진행 - 2025-10-01: 최종 합격자 선정 및 제안서(오퍼레터) 송부 - 2025-10-10: 채용 확정 및 온보딩 일정 확정7. 평가 기준(기술부 협의안 포함) - 기술역량(40%): 프로젝트에서의 역할, 문제 해결 능력, 산업용 프로토콜·PLC 연동 경험 - 실무경험(30%): 현장 적용 사례, 고객 커스터마이징 경험, 서비스 운영 경험 - 커뮤니케이션·협업(15%): 고객 커뮤니케이션 능력, 팀 내 협업 경험 - 태도·적응성(10%): 현장 출장을 감당할 수 있는지, 위기대응 태도 - 문화적 적합성(5%): 회사 가치관(작은 변화가 만드는 거대한 효율)과의 부합8. 보안 및 기밀유지 - 추천된 후보자의 이력서 및 제출 자료는 전적으로 채용 목적 내 사용으로 제한됩니다.",
            "id": "sample_001_0212_000044",
            "annotations": [
                {
                    "word": "직무",
                    "start": 70,
                    "end": 72,
                    "label": "준식별자"
                },
                {
                    "word": "소프트웨어 엔지니어",
                    "start": 74,
                    "end": 84,
                    "label": "준식별자"
                },
                {
                    "word": "PLC",
                    "start": 132,
                    "end": 135,
                    "label": "준식별자"
                },
                {
                    "word": "연봉",
                    "start": 265,
                    "end": 267,
                    "label": "기밀정보"
                },
                {
                    "word": "202",
                    "start": 490,
                    "end": 493,
                    "label": "준식별자"
                },
                {
                    "word": "2025-09-15",
                    "start": 532,
                    "end": 542,
                    "label": "준식별자"
                },
                {
                    "word": "202",
                    "start": 583,
                    "end": 586,
                    "label": "준식별자"
                },
                {
                    "word": "202",
                    "start": 625,
                    "end": 628,
                    "label": "준식별자"
                },
                {
                    "word": "202",
                    "start": 664,
                    "end": 667,
                    "label": "준식별자"
                },
                {
                    "word": "온보딩",
                    "start": 684,
                    "end": 687,
                    "label": "준식별자"
                },
                {
                    "word": "기술부",
                    "start": 702,
                    "end": 705,
                    "label": "준식별자"
                },
                {
                    "word": "PLC",
                    "start": 758,
                    "end": 761,
                    "label": "준식별자"
                },
                {
                    "word": "15%",
                    "start": 827,
                    "end": 830,
                    "label": "기밀정보"
                }
            ]
        },
        {
            "sentence": "대행사와 체결한 '기밀정보 보호 약정(NDA)' 제4조(목적 외 사용 금지)에 따라 정보의 제3자 제공을 엄격히 금지합니다.",
            "id": "sample_001_0212_000045",
            "annotations": [
                {
                    "word": "NDA",
                    "start": 21,
                    "end": 24,
                    "label": "기밀정보"
                }
            ]
        },
        {
            "sentence": "추후 당사 요청 시 추천사에서 확인한 참고인 정보(연락처 등)를 직접 확인할 수 있도록 협조해 주십시오.9. 예산 및 예상 보상 범위(관리부 협의안) - 연봉 밴드(예상): 45,000,000원 ~ 70,000,000원(경력·역량에 따라 차등 적용) - 기타: 입사 축하금(신입/경력 일부 적용), 교통비·출장비 별도 정산, 성과에 따른 인센티브 제도 상시 적용10. 제출 형식 및 파일 규격 - 이력서는 PDF(검색 가능한 텍스트 권장), 경력기술서는 Word 또는 PDF, 파일명 형식: [회사명]_이름_경력_이력서.pdf 예: Hanbit_KimYoungho_5y_CV.pdf - 대용량 파일 전송 시 당사 보안 규정상 반드시 암호화(암호는 별도 유선 통보) 또는 당사 지정 업로드 포털 사용11. 참고: 현재 추천 후보자(대행사 사전 전달용) — 예시 포맷(대행사 제공 시 실제 데이터로 대체) - 후보자 A: 김영호(가명 예) / 1990-06-15 / 010-1234-5678 / youngho.kim@example.com / 경력 5년(PLC 통합 프로젝트 2건 참여, Python 기반 백엔드 3년 경험), 현재 연봉 48,000,000원, 희망연봉 55,000,000원 - 후보자 B: 이수민 / 1988-11-02 / 010-2222-3333 / sumin.lee@example.com / 경력 6년(현장 커스터마이징 경험 다수), 현재 연봉 52,000,000원, 희망연봉 60,000,000원 (주의) 상기 후보자 정보는 예시이며, 실제 추천 시에는 후보자 동의서 및 상세 경력기술서가 필수입니다.첨부(요약): 1) 첨부파일_한빛채용가이드_2025_v1.pdf — 당사 인사부 내부 채용절차 및 보안지침(요약본) 2) 첨부파일_평가표_기술인터뷰_한빛.xlsx — 기술 인터뷰용 평가표(세부 가중치 및 질문 리스트 포함) 3) 첨부파일_예상오퍼레터_템플릿.docx — 인사부 표준 오퍼레터 템플릿(관리부 검토 필요)아래에는 기술인터뷰 평가표의 주요 항목과 면접 질문 샘플, 그리고 후보자 검증 시 참고해야 할 체크리스트를 상세히 기재하여 드립니다.",
            "id": "sample_001_0212_000046",
            "annotations": [
                {
                    "word": "관리부",
                    "start": 75,
                    "end": 78,
                    "label": "준식별자"
                },
                {
                    "word": "연봉",
                    "start": 86,
                    "end": 88,
                    "label": "기밀정보"
                },
                {
                    "word": "45,000,000원",
                    "start": 97,
                    "end": 108,
                    "label": "기밀정보"
                },
                {
                    "word": "70,000,000원",
                    "start": 111,
                    "end": 122,
                    "label": "기밀정보"
                },
                {
                    "word": "김영호",
                    "start": 458,
                    "end": 461,
                    "label": "개인정보"
                },
                {
                    "word": "1990-06-15",
                    "start": 470,
                    "end": 480,
                    "label": "준식별자"
                },
                {
                    "word": "010-1234-5678",
                    "start": 483,
                    "end": 496,
                    "label": "개인정보"
                },
                {
                    "word": "youngho.kim@example.com",
                    "start": 499,
                    "end": 522,
                    "label": "개인정보"
                },
                {
                    "word": "PLC",
                    "start": 531,
                    "end": 534,
                    "label": "준식별자"
                },
                {
                    "word": "백엔드",
                    "start": 560,
                    "end": 563,
                    "label": "준식별자"
                },
                {
                    "word": "연봉 48,000,000원",
                    "start": 575,
                    "end": 589,
                    "label": "준식별자"
                },
                {
                    "word": "희망연봉 55,000,000원",
                    "start": 591,
                    "end": 607,
                    "label": "준식별자"
                },
                {
                    "word": "이수민",
                    "start": 617,
                    "end": 620,
                    "label": "개인정보"
                },
                {
                    "word": "1988-11-02",
                    "start": 623,
                    "end": 633,
                    "label": "준식별자"
                },
                {
                    "word": "010-2222-3333",
                    "start": 636,
                    "end": 649,
                    "label": "개인정보"
                },
                {
                    "word": "연봉",
                    "start": 703,
                    "end": 705,
                    "label": "기밀정보"
                },
                {
                    "word": "52,000,000원",
                    "start": 706,
                    "end": 717,
                    "label": "기밀정보"
                },
                {
                    "word": "연봉",
                    "start": 721,
                    "end": 723,
                    "label": "기밀정보"
                },
                {
                    "word": "60,000,000원",
                    "start": 724,
                    "end": 735,
                    "label": "기밀정보"
                },
                {
                    "word": "202",
                    "start": 818,
                    "end": 821,
                    "label": "준식별자"
                },
                {
                    "word": "인사부",
                    "start": 835,
                    "end": 838,
                    "label": "준식별자"
                },
                {
                    "word": "인사부",
                    "start": 945,
                    "end": 948,
                    "label": "준식별자"
                },
                {
                    "word": "관리부",
                    "start": 961,
                    "end": 964,
                    "label": "준식별자"
                }
            ]
        },
        {
            "sentence": "이 내용은 대행사에서 후보자를 사전 스크리닝할 때 활용해 주시고, 후보자 추천서에 반드시 매 항목에 대한 서술형 응답(최소 150자 이상)을 포함해 주시기 바랍니다.[기술인터뷰 평가표 주요 항목(요약)] - 시스템 통합 경험(PLC/SCADA 연동 사례 기술, 사용 프로토콜 및 역할 기술) - 데이터 파이프라인 설계 경험(SQL/NoSQL, ETL, 데이터 검증 절차) - API 설계 및 구현 경험(RESTful, 인증·인가 방식 설명) - 장애 대응 사례(가장 어려웠던 장애 상황, 원인 분석, 조치, 결과) - 클라우드 배포 경험(사용한 서비스, 아키텍처 요약) - 코드 관리 및 품질 보증(버전관리, CI/CD 경험)[면접 질문 샘플(기술부 제공)] 1) 과거 프로젝트 중 PLC 연동을 포함한 시스템 통합 경험을 상세히 기술해 주십시오.",
            "id": "sample_001_0212_000047",
            "annotations": [
                {
                    "word": "PLC",
                    "start": 126,
                    "end": 129,
                    "label": "준식별자"
                },
                {
                    "word": "SCADA",
                    "start": 130,
                    "end": 135,
                    "label": "기밀정보"
                },
                {
                    "word": "기술부",
                    "start": 360,
                    "end": 363,
                    "label": "준식별자"
                },
                {
                    "word": "PLC",
                    "start": 382,
                    "end": 385,
                    "label": "준식별자"
                }
            ]
        },
        {
            "sentence": "사용한 PLC 모델, 통신 프로토콜, 데이터 취득 주기, 데이터 무결성 보장 방법을 포함하여 작성해 주십시오.",
            "id": "sample_001_0212_000048",
            "annotations": [
                {
                    "word": "PLC",
                    "start": 4,
                    "end": 7,
                    "label": "준식별자"
                }
            ]
        },
        {
            "sentence": "2) 당사의 MES와 AI-CPS 솔루션을 결합하여 설비 고장 예측 프로젝트를 수행한 경험이 있다면, 데이터 수집·정제·학습·모델 배포 파이프라인을 구체적으로 설명해 주십시오.",
            "id": "sample_001_0212_000049",
            "annotations": [
                {
                    "word": "AI-CPS",
                    "start": 12,
                    "end": 18,
                    "label": "기밀정보"
                }
            ]
        },
        {
            "sentence": "3) 고객 현장 설치에서 발생한 긴급 장애를 원격으로 해결한 사례가 있다면, 접근 방법과 정보보호(원격 접속 보안 조치 포함)에 대해 기술해 주십시오.[후보자 검증 체크리스트] - 제출 이력서의 프로젝트 기재 사실 확인(프로젝트 기간, 기술스택, 담당 역할) - 추천서 또는 이전 회사의 경력증명서 확인(필요 시 인사담당자 연락) - 경력 공백 기간에 대한 설명 및 근거자료 요청(해당 시) - 자격증·학위증명서 원본 확인(최종합격자에 한함)[부록 A] — 추천서(대행사 제공 시 양식 예시) - 추천인 성명/직위/회사명/연락처(직통) 기재 - 후보자와의 관계(직속상사/동료 등) 및 추천 사유(최소 300자) - 후보자의 핵심 역량 및 보완해야 할 점(구체적 사례 포함)[부록 B] — 온보딩 1개월 계획(초안) - 1주차: 회사 소개, 조직 소개, 보안·규정 교육, 개발환경 세팅 - 2주차: 담당 프로젝트 배정, 선임 멘토 배정, 고객사 기술 자료 인계 - 3주차: 현장 동행(선임과 함께 고객사 출장), 실무 과제 수행 - 4주차: 독립 업무 수행 평가 및 추가 교육 계획 수립마무리: - 본 메일에 대한 회신은 2025-09-12 17:00까지 부탁드립니다.",
            "id": "sample_001_0212_000050",
            "annotations": [
                {
                    "word": "인사담당자",
                    "start": 175,
                    "end": 180,
                    "label": "준식별자"
                },
                {
                    "word": "300",
                    "start": 336,
                    "end": 339,
                    "label": "개인정보"
                },
                {
                    "word": "온보딩",
                    "start": 385,
                    "end": 388,
                    "label": "준식별자"
                },
                {
                    "word": "202",
                    "start": 571,
                    "end": 574,
                    "label": "준식별자"
                }
            ]
        },
        {
            "sentence": "추천 후보자 목록과 이력서는 압축파일로 암호화하여 회신해 주시고, 암호는 별도 유선(박민재님 연락처 02-555-3344)으로 전달해 주십시오.",
            "id": "sample_001_0212_000051",
            "annotations": [
                {
                    "word": "박민재",
                    "start": 47,
                    "end": 50,
                    "label": "개인정보"
                },
                {
                    "word": "02-555-3344",
                    "start": 56,
                    "end": 67,
                    "label": "개인정보"
                }
            ]
        },
        {
            "sentence": "- 문의사항은 인사부 이정민 담당자(내선 302, 이메일 jmin.lee@hanbitsol.co.kr) 또는 인사부장 김수현(010-5432-1111)에게 연락 바랍니다.감사합니다.한빛솔루션(주) 인사부장 김수현 드림.--- 이메일 스레드 기록(참고용 세부 로그: 메일 송수신 및 내부 메모 포함) ---[2025-09-05 14:02] 박민재(글로벌리크루트) -> 김수현(한빛솔루션 인사부장)제목: 한빛솔루션 채용공고 대행 제안서 및 수수료 조건본문 요약: 귀사 공고에 대한 대행제안서와 예상 후보풀, 수수료 테이블(성공보수 기준 연봉의 15% 제안), 후보자 추천 예상 일정 제시첨부: 제안서(제안서_글로벌리크루트_한빛_20250905.pdf)[2025-09-06 10:11] 김수현(한빛솔루션) -> 박민재(글로벌리크루트)제목: Re: 한빛솔루션 채용공고 대행 제안서 및 수수료 조건본문 요약: 제안서 접수 확인, 내부 예산(관리부 확인 후) 및 평가 항목(기술 역량 비중 상향) 안내, 추천 일정 협의 요청[내부메모: 2025-09-07 09:30] 이정민(인사담당)메모: 관리부와 협의하여 연봉 밴드 확정, 수수료별로 후보자 수급 전략 달리할 것.",
            "id": "sample_001_0212_000052",
            "annotations": [
                {
                    "word": "인사부",
                    "start": 8,
                    "end": 11,
                    "label": "준식별자"
                },
                {
                    "word": "이정민",
                    "start": 12,
                    "end": 15,
                    "label": "개인정보"
                },
                {
                    "word": "302",
                    "start": 23,
                    "end": 26,
                    "label": "개인정보"
                },
                {
                    "word": "jmin.lee@hanbitsol.co.kr",
                    "start": 32,
                    "end": 56,
                    "label": "개인정보"
                },
                {
                    "word": "인사부장",
                    "start": 61,
                    "end": 65,
                    "label": "준식별자"
                },
                {
                    "word": "김수현",
                    "start": 66,
                    "end": 69,
                    "label": "개인정보"
                },
                {
                    "word": "010-5432-1111",
                    "start": 70,
                    "end": 83,
                    "label": "개인정보"
                },
                {
                    "word": "인사부장",
                    "start": 110,
                    "end": 114,
                    "label": "준식별자"
                },
                {
                    "word": "김수현",
                    "start": 115,
                    "end": 118,
                    "label": "개인정보"
                },
                {
                    "word": "202",
                    "start": 171,
                    "end": 174,
                    "label": "준식별자"
                },
                {
                    "word": "박민재",
                    "start": 189,
                    "end": 192,
                    "label": "개인정보"
                },
                {
                    "word": "김수현",
                    "start": 205,
                    "end": 208,
                    "label": "개인정보"
                },
                {
                    "word": "인사부장",
                    "start": 215,
                    "end": 219,
                    "label": "준식별자"
                },
                {
                    "word": "연봉",
                    "start": 298,
                    "end": 300,
                    "label": "기밀정보"
                },
                {
                    "word": "15%",
                    "start": 302,
                    "end": 305,
                    "label": "기밀정보"
                },
                {
                    "word": "202",
                    "start": 349,
                    "end": 352,
                    "label": "준식별자"
                },
                {
                    "word": "202",
                    "start": 363,
                    "end": 366,
                    "label": "준식별자"
                },
                {
                    "word": "김수현",
                    "start": 381,
                    "end": 384,
                    "label": "개인정보"
                },
                {
                    "word": "박민재",
                    "start": 395,
                    "end": 398,
                    "label": "개인정보"
                },
                {
                    "word": "관리부",
                    "start": 465,
                    "end": 468,
                    "label": "준식별자"
                },
                {
                    "word": "202",
                    "start": 518,
                    "end": 521,
                    "label": "준식별자"
                },
                {
                    "word": "이정민",
                    "start": 536,
                    "end": 539,
                    "label": "개인정보"
                },
                {
                    "word": "인사담당",
                    "start": 540,
                    "end": 544,
                    "label": "준식별자"
                },
                {
                    "word": "관리부",
                    "start": 549,
                    "end": 552,
                    "label": "준식별자"
                },
                {
                    "word": "연봉",
                    "start": 559,
                    "end": 561,
                    "label": "기밀정보"
                }
            ]
        },
        {
            "sentence": "장기적으로 리텐션 프로그램(수습기간 후 교육비 지원) 포함 논의 요청.[첨부파일(요약) — 첨부1: 후보자 A(김영호) 이력서 발췌] - 성명: 김영호 - 생년월일: 1990-06-15 - 연락처: 010-1234-5678 - 이메일: youngho.kim@example.com - 주소(거주지): 경기도 성남시 분당구 판교로 인근(시·군·구 수준 기재) - 학력: OO대학교 전자공학과 학사(졸업연도 2013) - 경력요약: - 2014.03 ~ 2017.08: 성우제조(주) — 제어시스템 개발팀(PLC 연동 미들웨어 개발 담당), 주요 성과: 생산라인 데이터 수집 모듈 개발(산업용 이더넷 기반), 불량률 12%->7% 개선 - 2018.01 ~ 2023.12: 뉴테크솔루션 — MES 통합 개발 및 현장 커스터마이징, Python 기반 데이터 파이프라인 설계 및 실시간 대시보드 개발 - 프로젝트 상세(발췌): 2021년 설비 고장 예측 프로젝트(뉴테크솔루션) — 센서 데이터 수집 및 전처리, 모델 학습용 데이터셋 구성, 모델 배포 및 실시간 경보 시스템 연동 담당 - 기술스택: Python, Pandas, FastAPI, PostgreSQL, MQTT, OPC-UA, Docker, Linux - 언어: 한국어(원어민), 영어(Business)[첨부파일(요약) — 후보자 A 자기소개서 발췌] - 본인은 고객 현장에서의 문제해결을 가장 큰 강점으로 삼습니다.",
            "id": "sample_001_0212_000053",
            "annotations": [
                {
                    "word": "교육비",
                    "start": 22,
                    "end": 25,
                    "label": "기밀정보"
                },
                {
                    "word": "김영호",
                    "start": 62,
                    "end": 65,
                    "label": "개인정보"
                },
                {
                    "word": "김영호",
                    "start": 81,
                    "end": 84,
                    "label": "개인정보"
                },
                {
                    "word": "1990-06-15",
                    "start": 93,
                    "end": 103,
                    "label": "준식별자"
                },
                {
                    "word": "010-1234-5678",
                    "start": 111,
                    "end": 124,
                    "label": "개인정보"
                },
                {
                    "word": "youngho.kim@example.com",
                    "start": 132,
                    "end": 155,
                    "label": "개인정보"
                },
                {
                    "word": "경기도 성남시 분당구",
                    "start": 167,
                    "end": 178,
                    "label": "준식별자"
                },
                {
                    "word": "201",
                    "start": 225,
                    "end": 228,
                    "label": "개인정보"
                },
                {
                    "word": "201",
                    "start": 241,
                    "end": 244,
                    "label": "개인정보"
                },
                {
                    "word": "201",
                    "start": 251,
                    "end": 254,
                    "label": "개인정보"
                },
                {
                    "word": "PLC",
                    "start": 280,
                    "end": 283,
                    "label": "준식별자"
                },
                {
                    "word": "201",
                    "start": 355,
                    "end": 358,
                    "label": "개인정보"
                },
                {
                    "word": "202",
                    "start": 365,
                    "end": 368,
                    "label": "준식별자"
                },
                {
                    "word": "202",
                    "start": 458,
                    "end": 461,
                    "label": "준식별자"
                }
            ]
        },
        {
            "sentence": "현장 설치 시 제한된 환경(네트워크 제약, 레거시 PLC 등)에서 데이터 무결성을 확보하기 위해 다중 검증 로직과 재전송 큐를 설계한 경험이 있습니다.",
            "id": "sample_001_0212_000054",
            "annotations": [
                {
                    "word": "PLC",
                    "start": 28,
                    "end": 31,
                    "label": "준식별자"
                }
            ]
        },
        {
            "sentence": "또한 고객 교육 시복잡한 기술을 비전문가에게 이해시키는 커뮤니케이션 능력을 지속적으로 개발해 왔습니다.[보안로그] - 이 메일과 첨부파일은 인사부 전용 보관서버에 저장되며, 접근 로그는 관리자 권한자에 한해 확인 가능합니다.",
            "id": "sample_001_0212_000055",
            "annotations": [
                {
                    "word": "인사부",
                    "start": 78,
                    "end": 81,
                    "label": "준식별자"
                }
            ]
        },
        {
            "sentence": "외부 전송 시 사용된 암호화 방식: AES-256으로 압축 및 암호화(암호는 별도 통화 전달 예정).[내부결재 메모] - 인사부장 김수현 서명(전자): 승인 - 기안 책임자: 이정민(인사담당) 서명(전자)본 문서는 회사 내부 보관용 공문(외부 메일 송수신 기록)로서, 내부 규정에 따라 보관년한 3년(해당 건의 중요도 및 법적 요건에 따라 연장 가능)으로 지정합니다.끝..",
            "id": "sample_001_0212_000056",
            "annotations": [
                {
                    "word": "AES-256",
                    "start": 20,
                    "end": 27,
                    "label": "기밀정보"
                },
                {
                    "word": "인사부장",
                    "start": 68,
                    "end": 72,
                    "label": "준식별자"
                },
                {
                    "word": "김수현",
                    "start": 73,
                    "end": 76,
                    "label": "개인정보"
                },
                {
                    "word": "이정민",
                    "start": 98,
                    "end": 101,
                    "label": "개인정보"
                },
                {
                    "word": "인사담당",
                    "start": 102,
                    "end": 106,
                    "label": "준식별자"
                }
            ]
        },
        {
            "sentence": "한빛채용가이드_2025_v1.pdf",
            "id": "sample_001_0212_000057",
            "annotations": [
                {
                    "word": "202",
                    "start": 8,
                    "end": 11,
                    "label": "준식별자"
                }
            ]
        },
        {
            "sentence": "한빛솔루션 인사부의 채용절차 및 보안지침 요약(채용 목적, 수집 개인정보 항목, 보관기간, 암호화 전송 규정 포함).",
            "id": "sample_001_0212_000058",
            "annotations": [
                {
                    "word": "인사부",
                    "start": 6,
                    "end": 9,
                    "label": "준식별자"
                }
            ]
        },
        {
            "sentence": "파일 형식: PDF(암호화 권장)..",
            "id": "sample_001_0212_000059",
            "annotations": []
        },
        {
            "sentence": "평가표_기술인터뷰_한빛.xlsx",
            "id": "sample_001_0212_000060",
            "annotations": []
        },
        {
            "sentence": "기술인터뷰용 상세 평가표.",
            "id": "sample_001_0212_000061",
            "annotations": []
        },
        {
            "sentence": "항목별 가중치, 질문 리스트, 서술형 평가 항목, 점수환산식 및 합산 자동화 시트 포함..",
            "id": "sample_001_0212_000062",
            "annotations": []
        },
        {
            "sentence": "예상오퍼레터_템플릿.docx",
            "id": "sample_001_0212_000063",
            "annotations": []
        },
        {
            "sentence": "인사부 표준 오퍼레터 템플릿.",
            "id": "sample_001_0212_000064",
            "annotations": [
                {
                    "word": "인사부",
                    "start": 0,
                    "end": 3,
                    "label": "준식별자"
                }
            ]
        },
        {
            "sentence": "연봉 제안서, 복리후생 안내, 조건부 채용조항(건강검진, 경력증명 확인) 포함..",
            "id": "sample_001_0212_000065",
            "annotations": [
                {
                    "word": "연봉",
                    "start": 0,
                    "end": 2,
                    "label": "기밀정보"
                }
            ]
        },
        {
            "sentence": "Candidate_KimYoungho_CV.pdf",
            "id": "sample_001_0212_000066",
            "annotations": []
        },
        {
            "sentence": "추천 후보자 김영호의 이력서 및 경력기술서(요약 발췌 포함).",
            "id": "sample_001_0212_000067",
            "annotations": [
                {
                    "word": "김영호",
                    "start": 7,
                    "end": 10,
                    "label": "개인정보"
                }
            ]
        },
        {
            "sentence": "프로젝트 상세, 기술스택, 연락처 정보 포함(암호화 전송 권장)..",
            "id": "sample_001_0212_000068",
            "annotations": []
        },
        {
            "sentence": "HR-GUIDE-2025-V1",
            "id": "sample_001_0212_000069",
            "annotations": [
                {
                    "word": "202",
                    "start": 9,
                    "end": 12,
                    "label": "준식별자"
                }
            ]
        },
        {
            "sentence": "TECH-EVAL-FORM-2025",
            "id": "sample_001_0212_000070",
            "annotations": [
                {
                    "word": "202",
                    "start": 15,
                    "end": 18,
                    "label": "준식별자"
                }
            ]
        },
        {
            "sentence": "OFFER-TEMPLATE-2025",
            "id": "sample_001_0212_000071",
            "annotations": [
                {
                    "word": "202",
                    "start": 15,
                    "end": 18,
                    "label": "준식별자"
                }
            ]
        },
        {
            "sentence": "김수현",
            "id": "sample_001_0212_000072",
            "annotations": [
                {
                    "word": "김수현",
                    "start": 0,
                    "end": 3,
                    "label": "개인정보"
                }
            ]
        },
        {
            "sentence": "인사부장",
            "id": "sample_001_0212_000073",
            "annotations": [
                {
                    "word": "인사부장",
                    "start": 0,
                    "end": 4,
                    "label": "준식별자"
                }
            ]
        },
        {
            "sentence": "승인",
            "id": "sample_001_0212_000074",
            "annotations": []
        },
        {
            "sentence": "2025-09-10T09:12:00+09:00",
            "id": "sample_001_0212_000075",
            "annotations": [
                {
                    "word": "2025-09-10",
                    "start": 0,
                    "end": 10,
                    "label": "준식별자"
                }
            ]
        },
        {
            "sentence": "장동훈",
            "id": "sample_001_0212_000076",
            "annotations": [
                {
                    "word": "장동훈",
                    "start": 0,
                    "end": 3,
                    "label": "개인정보"
                }
            ]
        },
        {
            "sentence": "기술부장",
            "id": "sample_001_0212_000077",
            "annotations": [
                {
                    "word": "기술부장",
                    "start": 0,
                    "end": 4,
                    "label": "준식별자"
                }
            ]
        },
        {
            "sentence": "검토",
            "id": "sample_001_0212_000078",
            "annotations": []
        },
        {
            "sentence": "박준호",
            "id": "sample_001_0212_000079",
            "annotations": [
                {
                    "word": "박준호",
                    "start": 0,
                    "end": 3,
                    "label": "개인정보"
                }
            ]
        },
        {
            "sentence": "대표이사",
            "id": "sample_001_0212_000080",
            "annotations": [
                {
                    "word": "대표이사",
                    "start": 0,
                    "end": 4,
                    "label": "준식별자"
                }
            ]
        },
        {
            "sentence": "결재대기",
            "id": "sample_001_0212_000081",
            "annotations": []
        },
        {
            "sentence": "이 문서는 외부 대행사(글로벌리크루트)와의 공식 메일 교신 기록이며, 채용과 관련한 개인정보 수집 시 후보자의 동의 확보 여부를 반드시 확인할 것.",
            "id": "sample_001_0212_000082",
            "annotations": []
        },
        {
            "sentence": "보안 규정 위반 시 내부 징계 규정 적용 가능..",
            "id": "sample_001_0212_000083",
            "annotations": []
        }
    ]
}