{
    "document_id": "001_0210",
    "document_title": "0210",
    "data": [
        {
            "sentence": "HBHR-2025-001",
            "id": "sample_001_0210_000001",
            "annotations": [
                {
                    "word": "HR-2025-001",
                    "start": 2,
                    "end": 13,
                    "label": "기밀정보"
                }
            ]
        },
        {
            "sentence": "승진평가 제도 개정 기안서",
            "id": "sample_001_0210_000002",
            "annotations": []
        },
        {
            "sentence": "인사부",
            "id": "sample_001_0210_000003",
            "annotations": [
                {
                    "word": "인사부",
                    "start": 0,
                    "end": 3,
                    "label": "준식별자"
                }
            ]
        },
        {
            "sentence": "생산부",
            "id": "sample_001_0210_000004",
            "annotations": [
                {
                    "word": "생산부",
                    "start": 0,
                    "end": 3,
                    "label": "준식별자"
                }
            ]
        },
        {
            "sentence": "기술부",
            "id": "sample_001_0210_000005",
            "annotations": [
                {
                    "word": "기술부",
                    "start": 0,
                    "end": 3,
                    "label": "준식별자"
                }
            ]
        },
        {
            "sentence": "관리부",
            "id": "sample_001_0210_000006",
            "annotations": [
                {
                    "word": "관리부",
                    "start": 0,
                    "end": 3,
                    "label": "준식별자"
                }
            ]
        },
        {
            "sentence": "영업부",
            "id": "sample_001_0210_000007",
            "annotations": [
                {
                    "word": "영업부",
                    "start": 0,
                    "end": 3,
                    "label": "준식별자"
                }
            ]
        },
        {
            "sentence": "이은지",
            "id": "sample_001_0210_000008",
            "annotations": [
                {
                    "word": "이은지",
                    "start": 0,
                    "end": 3,
                    "label": "개인정보"
                }
            ]
        },
        {
            "sentence": "인사과장",
            "id": "sample_001_0210_000009",
            "annotations": [
                {
                    "word": "과장",
                    "start": 2,
                    "end": 4,
                    "label": "준식별자"
                }
            ]
        },
        {
            "sentence": "HB-001",
            "id": "sample_001_0210_000010",
            "annotations": [
                {
                    "word": "HB-001",
                    "start": 0,
                    "end": 6,
                    "label": "개인정보"
                }
            ]
        },
        {
            "sentence": "031-123-4567",
            "id": "sample_001_0210_000011",
            "annotations": [
                {
                    "word": "031-123-4567",
                    "start": 0,
                    "end": 12,
                    "label": "개인정보"
                }
            ]
        },
        {
            "sentence": "lee.eunji@hanbitsol.co.kr",
            "id": "sample_001_0210_000012",
            "annotations": [
                {
                    "word": "lee.eunji@hanbitsol.co.kr",
                    "start": 0,
                    "end": 25,
                    "label": "개인정보"
                }
            ]
        },
        {
            "sentence": "5년",
            "id": "sample_001_0210_000013",
            "annotations": []
        },
        {
            "sentence": "2025-09-10",
            "id": "sample_001_0210_000014",
            "annotations": [
                {
                    "word": "2025-09-10",
                    "start": 0,
                    "end": 10,
                    "label": "준식별자"
                }
            ]
        },
        {
            "sentence": "한빛솔루션 승진평가 제도 개정(안)",
            "id": "sample_001_0210_000015",
            "annotations": []
        },
        {
            "sentence": "한빛솔루션은 2018년 설립 이후 스마트팩토리 솔루션 개발과 구축을 중심으로 빠르게 성장해 왔으며, 최근 3년간 조직 확대와 사업 다변화에 따라 인사관리체계의 정교화 필요성이 증가하였습니다.",
            "id": "sample_001_0210_000016",
            "annotations": [
                {
                    "word": "201",
                    "start": 7,
                    "end": 10,
                    "label": "개인정보"
                }
            ]
        },
        {
            "sentence": "특히 중소·중견 제조기업 맞춤형 솔루션 제공이라는 비즈니스 특성상 인력의 전문성 확보와 유지가 핵심 경쟁력입니다.",
            "id": "sample_001_0210_000017",
            "annotations": []
        },
        {
            "sentence": "기존의 승진 및 평가제도는 역량기반 평가와 연공적 요소가 혼재되어 있어 동일 직무군 내 공정한 비교와 역량육성 경로 제시가 미흡하다는 내부 피드백이 다수 접수되었습니다.",
            "id": "sample_001_0210_000018",
            "annotations": [
                {
                    "word": "직무",
                    "start": 43,
                    "end": 45,
                    "label": "준식별자"
                }
            ]
        },
        {
            "sentence": "또한 정부의 스마트팩토리 보급 정책과 해외 진출 계획에 따라 전문인력의 글로벌 경쟁력 강화를 위한 승진사다리 정립도 요구됩니다.",
            "id": "sample_001_0210_000019",
            "annotations": []
        },
        {
            "sentence": "본 기안서는 이러한 요구를 반영하여 승진평가의 공정성, 투명성 및 개발지향적(Developmental) 요소를 강화하고, 부서 간 인력 이동과 직무전환 시 평가기준의 일관성을 확보하기 위한 구체적 제도 개정안을 제시합니다..",
            "id": "sample_001_0210_000020",
            "annotations": [
                {
                    "word": "직무",
                    "start": 80,
                    "end": 82,
                    "label": "준식별자"
                }
            ]
        },
        {
            "sentence": "1. 개정 목적 1) 평가의 객관성 및 공정성 제고: 직무기반 역량모델을 도입하여 직급별 핵심역량(KSP: Key Success Profile)을 재정의하고, 정성적·정량적 평가 항목을 표준화합니다.",
            "id": "sample_001_0210_000021",
            "annotations": [
                {
                    "word": "직무",
                    "start": 30,
                    "end": 32,
                    "label": "준식별자"
                }
            ]
        },
        {
            "sentence": "2) 인재육성 중심의 승진 체계 확립: 승진을 단순한 직급 상승으로 보지 않고 역량 개발 경로와 연계된 커리어 패스(Career Path)로 설계합니다.",
            "id": "sample_001_0210_000022",
            "annotations": []
        },
        {
            "sentence": "3) 부서 간 이관(전보) 및 신사업(해외진출) 인력 활용의 유연성 확보: 부서별 평가지표의 공통모듈화를 통해 직무 전환 시 평가 이력의 이관이 용이하도록 합니다.2. 적용 범위 및 대상 본 제도는 한빛솔루션의 전 직원을 대상으로 적용하며, 단 단기계약직 및 프로젝트 단위 외부용역 인력은 별도 규정에 따릅니다.",
            "id": "sample_001_0210_000023",
            "annotations": [
                {
                    "word": "직무",
                    "start": 62,
                    "end": 64,
                    "label": "준식별자"
                }
            ]
        },
        {
            "sentence": "본 개정안은 시범운영(파일럿) 기간을 두어 문제점을 보완한 후 전사 확대 시행을 권고합니다.3. 승진 등급 및 직무군 재정의 1) 직급군: 사원(Level1), 주임·대리(Level2), 과장(Level3), 차장(Level4), 부장(Level5), 임원(Level6) 2) 직무군(예시): 개발(소프트웨어), 하드웨어/제어, 데이터분석/AI, 영업/컨설팅, 관리/지원 3) 각 직무군별 핵심역량(KSP) 정의: 직무수행에 필수적인 역량 5개 항목(전문지식·문제해결·프로젝트관리·커뮤니케이션·리더십/팔로우십)을 정의하고 등급별 기대수준(Level Profile)을 제시합니다.4. 평가항목 및 가중치(안) - 역량평가(정성) 50%: KSP에 따른 역량행동지표(Behavioral Indicators) 기반 다면평가(상사, 동료, 보고자 포함) - 성과평가(정량) 30%: KPI 달성률(프로젝트 완료율, 매출 기여, 제품/서비스 품질지표 등) - 역량개발 및 자기주도성 10%: 교육 이수, 자격증 취득, 외부 컨퍼런스 발표 등 - 조직기여 및 혁신활동 10%: 프로세스 개선 제안, R&D 기여도, 멘토링 활동 등5. 평가 방법론 1) 다면평가(360도) 시행: 직무 특성상 상호협업이 많은 프로젝트 조직의 특성을 반영해 직접적인 협업자 3인, 직속상사 1인, 부서장 1인의 평점을 합산합니다.",
            "id": "sample_001_0210_000024",
            "annotations": [
                {
                    "word": "직무",
                    "start": 62,
                    "end": 64,
                    "label": "준식별자"
                },
                {
                    "word": "사원",
                    "start": 78,
                    "end": 80,
                    "label": "준식별자"
                },
                {
                    "word": "대리",
                    "start": 93,
                    "end": 95,
                    "label": "준식별자"
                },
                {
                    "word": "과장",
                    "start": 105,
                    "end": 107,
                    "label": "준식별자"
                },
                {
                    "word": "부장",
                    "start": 129,
                    "end": 131,
                    "label": "준식별자"
                },
                {
                    "word": "직무",
                    "start": 155,
                    "end": 157,
                    "label": "준식별자"
                },
                {
                    "word": "직무",
                    "start": 213,
                    "end": 215,
                    "label": "준식별자"
                },
                {
                    "word": "직무",
                    "start": 232,
                    "end": 234,
                    "label": "준식별자"
                },
                {
                    "word": "직무",
                    "start": 598,
                    "end": 600,
                    "label": "준식별자"
                }
            ]
        },
        {
            "sentence": "2) 표준화된 평가지(Behavioral Anchored Rating Scales) 활용: 각 역량별로 1~5점의 행동기반 평가지와 예시행동을 제시하여 평가자의 주관을 최소화합니다.",
            "id": "sample_001_0210_000025",
            "annotations": []
        },
        {
            "sentence": "3) 성과지표의 정량화: 생산부·기술부·영업부 등 부서별 KPI 모델을 표준 템플릿으로 정립하고, 데이터 근거는 한빛 스마트MES 및 한빛 데이터 솔루션의 실적 데이터를 원본으로 사용합니다.",
            "id": "sample_001_0210_000026",
            "annotations": [
                {
                    "word": "생산부",
                    "start": 14,
                    "end": 17,
                    "label": "준식별자"
                },
                {
                    "word": "기술부",
                    "start": 18,
                    "end": 21,
                    "label": "준식별자"
                },
                {
                    "word": "영업부",
                    "start": 22,
                    "end": 25,
                    "label": "준식별자"
                },
                {
                    "word": "한빛 스마트MES",
                    "start": 63,
                    "end": 72,
                    "label": "기밀정보"
                },
                {
                    "word": "한빛 데이터 솔루션",
                    "start": 75,
                    "end": 85,
                    "label": "기밀정보"
                }
            ]
        },
        {
            "sentence": "4) 평가회피 방지 장치: 동일 평가자에 의한 연속적 영향(예: 동일 상사에 의한 편향) 모니터링 및 필요 시 제3자 검토 위원회에서 조정합니다.6. 승진 심사 절차 및 일정(안) - 1단계: 서류심사(인사기록, 교육이수, 성과지표 검증) — 인사부 - 2단계: 역량평가(다면평가 결과 수집 및 통계처리) — HRIS 시스템 연동으로 자동 집계 - 3단계: 심사위원회(부서장 3인, 인사부장, 경영지원팀 대표) — 종합평가 및 후보군 확정 - 4단계: 최종결재(대표이사) — 승진 확정 및 공지 - 시범운영 일정(예시): 2025-10-01 ~ 2025-12-31(시범운영 및 피드백), 2026-01-15 전사 시행7. 이의신청 및 이의해결 절차 - 평가결과 통지 이후 10영업일 이내 이의신청 가능 - 이의신청 접수 시 이의심사위원회(인사부·감사담당·외부전문가 1인)에서 사실관계 확인 후 15영업일 내 처리 - 결과는 서면(전자문서)으로 통보하며, 필요 시 재평가를 실시할 수 있음8. 교육훈련 및 역량개발 연계 계획 - 승진 후보자 대상 필수 리더십 프로그램(40시간), 직무전문 심화과정(24시간) 의무 이수 - 외부 교육비 지원: 연 1인당 최대 200만원, 우수 성과자 대상 해외연수(연 1명 내외) - 멘토링 제도: 승진 후보자에게 선임 매니저 1인을 매칭하여 6개월 간 멘토링 실시9. 평가 데이터 관리 및 보안 - 평가 관련 모든 데이터는 사내 HRIS(한빛 스마트MES 연동 모듈)에 암호화되어 저장 - 접근 권한은 인사부 담당자 및 심사위원회 멤버로 제한하며 접근 로그를 3년간 보관 - 개인정보(평가자의 서술형 코멘트 등)는 익명화 혹은 필요 최소한의 정보만 열람 가능하도록 정책화10. 리스크 및 대안 - 리스크: 다면평가의 익명성 부족으로 인한 보복 우려 → 대안: 평가지 입력 시 익명화 옵션과 감독자 검토 체계 도입 - 리스크: KPI 수집의 데이터 신뢰성 문제 → 대안: 한빛 데이터 솔루션의 데이터 정제 프로세스 강화 및 외부 감사 기준 도입 - 리스크: 제도 변경에 따른 직원 혼란 → 대안: 사전설명회 및 Q&A 세션, 시범운영 기간 동안 투명한 피드백 수집11. 예상비용(안) - 시스템 연동 및 개발비(HRIS 모듈): 25,000,000원(초기 1회) - 교육 및 연수 예산(시범운영 3개월 포함): 8,000,000원 - 외부 컨설팅(평가척도 개발 및 검증): 6,000,000원 - 운영예산(연간): 10,000,000원 - 총합(초기연도 예산): 49,000,000원12. 근거 규정 - 사내 인사관리규정 제3장 승진 및 전보 관련 조항 - 근로기준법 및 관련 노동관계 법령 준수 - 정부의 스마트팩토리 보급 확산 정책(지원사업 가이드라인) 참고13. 기대효과 - 공정하고 투명한 승진체계 확립으로 조직 신뢰도 향상 - 역량 중심의 인재육성으로 기술 경쟁력 강화 및 직원 이직률 감소 - 데이터 기반 인사관리로 의사결정의 신속성 및 정확성 제고14. 첨부자료 - 첨부1: 직무별 핵심역량(KSP) 세부 정의(부록A) - 첨부2: 다면평가 표준 평가지 예시(부록B) - 첨부3: 시범운영 세부일정(부록C) - 첨부4: 시범운영 대상자 명단(부록D)부록A~D는 본 기안서의 필수 참조 자료로, 특히 부록D(시범운영 대상자 명단)는 시범운영의 실효성 확보를 위해 인사부에서 발급하는 별도 문서로 관리됩니다..",
            "id": "sample_001_0210_000027",
            "annotations": [
                {
                    "word": "인사부",
                    "start": 136,
                    "end": 139,
                    "label": "준식별자"
                },
                {
                    "word": "HRIS",
                    "start": 173,
                    "end": 177,
                    "label": "기밀정보"
                },
                {
                    "word": "인사부장",
                    "start": 214,
                    "end": 218,
                    "label": "준식별자"
                },
                {
                    "word": "대표",
                    "start": 226,
                    "end": 228,
                    "label": "준식별자"
                },
                {
                    "word": "대표이사",
                    "start": 258,
                    "end": 262,
                    "label": "준식별자"
                },
                {
                    "word": "202",
                    "start": 292,
                    "end": 295,
                    "label": "준식별자"
                },
                {
                    "word": "202",
                    "start": 305,
                    "end": 308,
                    "label": "준식별자"
                },
                {
                    "word": "202",
                    "start": 329,
                    "end": 332,
                    "label": "준식별자"
                },
                {
                    "word": "인사부",
                    "start": 413,
                    "end": 416,
                    "label": "준식별자"
                },
                {
                    "word": "직무",
                    "start": 548,
                    "end": 550,
                    "label": "준식별자"
                },
                {
                    "word": "교육비",
                    "start": 575,
                    "end": 578,
                    "label": "기밀정보"
                },
                {
                    "word": "200",
                    "start": 592,
                    "end": 595,
                    "label": "개인정보"
                },
                {
                    "word": "HRIS",
                    "start": 707,
                    "end": 711,
                    "label": "기밀정보"
                },
                {
                    "word": "한빛 스마트MES",
                    "start": 712,
                    "end": 721,
                    "label": "기밀정보"
                },
                {
                    "word": "인사부 담당",
                    "start": 748,
                    "end": 754,
                    "label": "준식별자"
                },
                {
                    "word": "한빛 데이터 솔루션",
                    "start": 954,
                    "end": 964,
                    "label": "기밀정보"
                },
                {
                    "word": "예상비용",
                    "start": 1065,
                    "end": 1069,
                    "label": "기밀정보"
                },
                {
                    "word": "HRIS",
                    "start": 1088,
                    "end": 1092,
                    "label": "기밀정보"
                },
                {
                    "word": "25,000,000원",
                    "start": 1098,
                    "end": 1109,
                    "label": "기밀정보"
                },
                {
                    "word": "6,000,000원",
                    "start": 1179,
                    "end": 1189,
                    "label": "기밀정보"
                },
                {
                    "word": "직무",
                    "start": 1467,
                    "end": 1469,
                    "label": "준식별자"
                },
                {
                    "word": "인사부",
                    "start": 1627,
                    "end": 1630,
                    "label": "준식별자"
                }
            ]
        },
        {
            "sentence": "A.",
            "id": "sample_001_0210_000028",
            "annotations": []
        },
        {
            "sentence": "시범운영 대상자 선정 방법 1) 선정 기준: 직무 대표성(각 부서별 핵심 직무군 포함), 역량 분포(초급~중견~수석 포함), 평가 리스크(동일 상사 관할이 과다 편중되지 않도록 분산) 2) 선정 인원: 총 24명(부서별 비율: 생산부 6, 기술부 6, 영업부 6, 관리부 3, 인사부 3) 3) 선정 절차: 부서장 추천(1차) → 인사부 검토(2차) → 대표 승인(최종)B.",
            "id": "sample_001_0210_000029",
            "annotations": [
                {
                    "word": "직무",
                    "start": 25,
                    "end": 27,
                    "label": "준식별자"
                },
                {
                    "word": "대표",
                    "start": 28,
                    "end": 30,
                    "label": "준식별자"
                },
                {
                    "word": "직무",
                    "start": 41,
                    "end": 43,
                    "label": "준식별자"
                },
                {
                    "word": "생산부",
                    "start": 127,
                    "end": 130,
                    "label": "준식별자"
                },
                {
                    "word": "기술부",
                    "start": 134,
                    "end": 137,
                    "label": "준식별자"
                },
                {
                    "word": "영업부",
                    "start": 141,
                    "end": 144,
                    "label": "준식별자"
                },
                {
                    "word": "관리부",
                    "start": 148,
                    "end": 151,
                    "label": "준식별자"
                },
                {
                    "word": "인사부",
                    "start": 155,
                    "end": 158,
                    "label": "준식별자"
                },
                {
                    "word": "인사부",
                    "start": 185,
                    "end": 188,
                    "label": "준식별자"
                },
                {
                    "word": "대표",
                    "start": 198,
                    "end": 200,
                    "label": "준식별자"
                }
            ]
        },
        {
            "sentence": "평가지 수집 및 시스템 연동 1) 한빛 스마트MES의 활동로그(생산 실적), 한빛 데이터 솔루션의 분석결과(설비 가동률/고장빈도), CRM 기록(영업 성과)을 자동 연동하여 정량지표를 산출합니다.",
            "id": "sample_001_0210_000030",
            "annotations": [
                {
                    "word": "한빛 스마트MES",
                    "start": 19,
                    "end": 28,
                    "label": "기밀정보"
                },
                {
                    "word": "한빛 데이터 솔루션",
                    "start": 43,
                    "end": 53,
                    "label": "기밀정보"
                }
            ]
        },
        {
            "sentence": "2) 다면평가 입력은 전사 HR 포털을 통해 14일간 오픈되며, 입력률 95%를 목표로 노력합니다.",
            "id": "sample_001_0210_000031",
            "annotations": []
        },
        {
            "sentence": "3) 익명성 확보: 입력자의 식별은 백엔드에서 식별되나, 평가지 결과 저장 시에는 익명화 토큰으로 변환되어 평가대상자에게 전달됩니다.C.",
            "id": "sample_001_0210_000032",
            "annotations": [
                {
                    "word": "백엔드",
                    "start": 20,
                    "end": 23,
                    "label": "준식별자"
                }
            ]
        },
        {
            "sentence": "심사위원회 운영 규정 1) 구성: 부서장 3인(무작위 교차선발), 인사부장, 경영지원팀 대표 2) 의사결정 방식: 다수결(찬성 3인 이상) 원칙, 단 동점 시 인사부장이 최종 중재 3) 기록보관: 심사회의록은 회의일로부터 5년간 보관하며 회의록에는 주요 심의사유와 결정 근거를 명시D.",
            "id": "sample_001_0210_000033",
            "annotations": [
                {
                    "word": "인사부장",
                    "start": 37,
                    "end": 41,
                    "label": "준식별자"
                },
                {
                    "word": "대표",
                    "start": 49,
                    "end": 51,
                    "label": "준식별자"
                },
                {
                    "word": "인사부장",
                    "start": 89,
                    "end": 93,
                    "label": "준식별자"
                }
            ]
        },
        {
            "sentence": "커뮤니케이션 및 교육 1) 제도 개정 전 사전 브리핑: 전 직원 대상 Town Hall(온라인/오프라인 병행) 2) 매뉴얼 배포: 평가지 작성요령, 다면평가 예시문항 등 상세 매뉴얼 배포 3) 관리자 교육: 평가자 편향(Bias) 최소화를 위한 평가자 교육 4시간 필수 이수E.",
            "id": "sample_001_0210_000034",
            "annotations": []
        },
        {
            "sentence": "문제 발생 시 대응 프로세스 1) 시스템 오류: 인사부와 IT팀 긴급연락망 가동, 48시간 내 복구 조치 2) 평가 불일치 사례: 감사팀과 협의 하에 재평가 또는 보완자료 요청 3) 보안사고: 개인정보 유출 의심 시 즉시 정보보호책임자에게 보고하고 관련 법규에 따라 대응F.",
            "id": "sample_001_0210_000035",
            "annotations": [
                {
                    "word": "인사부",
                    "start": 27,
                    "end": 30,
                    "label": "준식별자"
                }
            ]
        },
        {
            "sentence": "담당자 및 역할 분담 - 인사부: 제도 설계 및 운영총괄, 데이터 검증, 이의심사 및 결과 통보 - 생산부: 성과지표 제공 및 현장평가 보조 - 기술부: 직무역량 정의 협력, 평가문항 기술검토 - 영업부: KPI 산정 협의 및 고객기여도 검증 - 관리부: 예산 집행 및 회계 검증G.",
            "id": "sample_001_0210_000036",
            "annotations": [
                {
                    "word": "인사부",
                    "start": 14,
                    "end": 17,
                    "label": "준식별자"
                },
                {
                    "word": "생산부",
                    "start": 56,
                    "end": 59,
                    "label": "준식별자"
                },
                {
                    "word": "기술부",
                    "start": 81,
                    "end": 84,
                    "label": "준식별자"
                },
                {
                    "word": "직무",
                    "start": 86,
                    "end": 88,
                    "label": "준식별자"
                },
                {
                    "word": "영업부",
                    "start": 110,
                    "end": 113,
                    "label": "준식별자"
                },
                {
                    "word": "관리부",
                    "start": 138,
                    "end": 141,
                    "label": "준식별자"
                }
            ]
        },
        {
            "sentence": "세부 일정(시범운영 기준) - 2025-09-15: 기안 확정(본 기안서 접수 및 결재선 이행) - 2025-09-25: 시범운영 대상자 확정 및 통지 - 2025-10-01 ~ 2025-10-14: 다면평가(입력기간) - 2025-10-15 ~ 2025-11-10: 데이터 검증 및 심사위원회 심의 - 2025-11-20: 시범운영 결과 발표 및 피드백 수집 - 2025-12-01 ~ 2025-12-31: 제도 보완 및 전사 시행 준비부록D(시범운영 대상자 명단) 요약(샘플): - 김민준, 생산부, 과장, 사번 HB-201, 연락처 010-5555-2010, 생년월일 19870412 - 이서연, 기술부, 대리, 사번 HB-302, 연락처 010-5555-3020, 생년월일 19900605 - 박지훈, 영업부, 과장, 사번 HB-401, 연락처 010-5555-4010, 생년월일 19891220 - 최지우, 관리부, 주임, 사번 HB-501, 연락처 010-5555-5010, 생년월일 19930311 - 정하늘, 생산부, 사원, 사번 HB-203, 연락처 010-5555-2030, 생년월일 19970630 - 윤승현, 기술부, 차장, 사번 HB-305, 연락처 010-5555-3050, 생년월일 19840218 - 오수진, 영업부, 대리, 사번 HB-403, 연락처 010-5555-4030, 생년월일 19920625 - 한태현, 인사부, 주임, 사번 HB-102, 연락처 010-5555-1020, 생년월일 19940209(부록D 전체 명단은 개인정보 보호를 위해 내부 전용 문서로 별도 관리됩니다.)",
            "id": "sample_001_0210_000037",
            "annotations": [
                {
                    "word": "2025-09-15",
                    "start": 17,
                    "end": 27,
                    "label": "준식별자"
                },
                {
                    "word": "202",
                    "start": 56,
                    "end": 59,
                    "label": "준식별자"
                },
                {
                    "word": "202",
                    "start": 87,
                    "end": 90,
                    "label": "준식별자"
                },
                {
                    "word": "202",
                    "start": 100,
                    "end": 103,
                    "label": "준식별자"
                },
                {
                    "word": "2025-10-15",
                    "start": 125,
                    "end": 135,
                    "label": "준식별자"
                },
                {
                    "word": "202",
                    "start": 138,
                    "end": 141,
                    "label": "준식별자"
                },
                {
                    "word": "202",
                    "start": 170,
                    "end": 173,
                    "label": "준식별자"
                },
                {
                    "word": "202",
                    "start": 204,
                    "end": 207,
                    "label": "준식별자"
                },
                {
                    "word": "202",
                    "start": 217,
                    "end": 220,
                    "label": "준식별자"
                },
                {
                    "word": "김민준",
                    "start": 272,
                    "end": 275,
                    "label": "개인정보"
                },
                {
                    "word": "생산부",
                    "start": 277,
                    "end": 280,
                    "label": "준식별자"
                },
                {
                    "word": "과장",
                    "start": 282,
                    "end": 284,
                    "label": "준식별자"
                },
                {
                    "word": "사번",
                    "start": 286,
                    "end": 288,
                    "label": "기밀정보"
                },
                {
                    "word": "HB-201",
                    "start": 289,
                    "end": 295,
                    "label": "개인정보"
                },
                {
                    "word": "010-5555-2010",
                    "start": 301,
                    "end": 314,
                    "label": "개인정보"
                },
                {
                    "word": "19870412",
                    "start": 321,
                    "end": 329,
                    "label": "준식별자"
                },
                {
                    "word": "이서연",
                    "start": 332,
                    "end": 335,
                    "label": "개인정보"
                },
                {
                    "word": "기술부",
                    "start": 337,
                    "end": 340,
                    "label": "준식별자"
                },
                {
                    "word": "대리",
                    "start": 342,
                    "end": 344,
                    "label": "준식별자"
                },
                {
                    "word": "사번",
                    "start": 346,
                    "end": 348,
                    "label": "기밀정보"
                },
                {
                    "word": "HB-302",
                    "start": 349,
                    "end": 355,
                    "label": "개인정보"
                },
                {
                    "word": "010-5555-3020",
                    "start": 361,
                    "end": 374,
                    "label": "개인정보"
                },
                {
                    "word": "19900605",
                    "start": 381,
                    "end": 389,
                    "label": "준식별자"
                },
                {
                    "word": "박지훈",
                    "start": 392,
                    "end": 395,
                    "label": "개인정보"
                },
                {
                    "word": "영업부",
                    "start": 397,
                    "end": 400,
                    "label": "준식별자"
                },
                {
                    "word": "과장",
                    "start": 402,
                    "end": 404,
                    "label": "준식별자"
                },
                {
                    "word": "사번",
                    "start": 406,
                    "end": 408,
                    "label": "기밀정보"
                },
                {
                    "word": "HB-401",
                    "start": 409,
                    "end": 415,
                    "label": "개인정보"
                },
                {
                    "word": "010-5555-4010",
                    "start": 421,
                    "end": 434,
                    "label": "개인정보"
                },
                {
                    "word": "19891220",
                    "start": 441,
                    "end": 449,
                    "label": "준식별자"
                },
                {
                    "word": "최지우",
                    "start": 452,
                    "end": 455,
                    "label": "개인정보"
                },
                {
                    "word": "관리부",
                    "start": 457,
                    "end": 460,
                    "label": "준식별자"
                },
                {
                    "word": "사번",
                    "start": 466,
                    "end": 468,
                    "label": "기밀정보"
                },
                {
                    "word": "HB-501",
                    "start": 469,
                    "end": 475,
                    "label": "개인정보"
                },
                {
                    "word": "010-5555-5010",
                    "start": 481,
                    "end": 494,
                    "label": "개인정보"
                },
                {
                    "word": "19930311",
                    "start": 501,
                    "end": 509,
                    "label": "준식별자"
                },
                {
                    "word": "정하늘",
                    "start": 512,
                    "end": 515,
                    "label": "개인정보"
                },
                {
                    "word": "생산부",
                    "start": 517,
                    "end": 520,
                    "label": "준식별자"
                },
                {
                    "word": "사원",
                    "start": 522,
                    "end": 524,
                    "label": "준식별자"
                },
                {
                    "word": "사번",
                    "start": 526,
                    "end": 528,
                    "label": "기밀정보"
                },
                {
                    "word": "HB-203",
                    "start": 529,
                    "end": 535,
                    "label": "개인정보"
                },
                {
                    "word": "010-5555-2030",
                    "start": 541,
                    "end": 554,
                    "label": "개인정보"
                },
                {
                    "word": "19970630",
                    "start": 561,
                    "end": 569,
                    "label": "준식별자"
                },
                {
                    "word": "윤승현",
                    "start": 572,
                    "end": 575,
                    "label": "개인정보"
                },
                {
                    "word": "기술부",
                    "start": 577,
                    "end": 580,
                    "label": "준식별자"
                },
                {
                    "word": "사번",
                    "start": 586,
                    "end": 588,
                    "label": "기밀정보"
                },
                {
                    "word": "HB-305",
                    "start": 589,
                    "end": 595,
                    "label": "개인정보"
                },
                {
                    "word": "010-5555-3050",
                    "start": 601,
                    "end": 614,
                    "label": "개인정보"
                },
                {
                    "word": "19840218",
                    "start": 621,
                    "end": 629,
                    "label": "준식별자"
                },
                {
                    "word": "오수진",
                    "start": 632,
                    "end": 635,
                    "label": "개인정보"
                },
                {
                    "word": "영업부",
                    "start": 637,
                    "end": 640,
                    "label": "준식별자"
                },
                {
                    "word": "대리",
                    "start": 642,
                    "end": 644,
                    "label": "준식별자"
                },
                {
                    "word": "사번",
                    "start": 646,
                    "end": 648,
                    "label": "기밀정보"
                },
                {
                    "word": "HB-403",
                    "start": 649,
                    "end": 655,
                    "label": "개인정보"
                },
                {
                    "word": "010-5555-4030",
                    "start": 661,
                    "end": 674,
                    "label": "개인정보"
                },
                {
                    "word": "19920625",
                    "start": 681,
                    "end": 689,
                    "label": "준식별자"
                },
                {
                    "word": "한태현",
                    "start": 692,
                    "end": 695,
                    "label": "개인정보"
                },
                {
                    "word": "인사부",
                    "start": 697,
                    "end": 700,
                    "label": "준식별자"
                },
                {
                    "word": "사번",
                    "start": 706,
                    "end": 708,
                    "label": "기밀정보"
                },
                {
                    "word": "HB-102",
                    "start": 709,
                    "end": 715,
                    "label": "개인정보"
                },
                {
                    "word": "010-5555-1020",
                    "start": 721,
                    "end": 734,
                    "label": "개인정보"
                },
                {
                    "word": "19940209",
                    "start": 741,
                    "end": 749,
                    "label": "준식별자"
                }
            ]
        },
        {
            "sentence": "본 제도 개정을 통해 한빛솔루션은 다음과 같은 실질적 성과를 기대합니다.",
            "id": "sample_001_0210_000038",
            "annotations": []
        },
        {
            "sentence": "첫째, 직무기반의 평가체계 확립으로 채용 및 내부승진 시 적합성(직무적합도)이 높아져 업무 성과의 연속성이 강화됩니다.",
            "id": "sample_001_0210_000039",
            "annotations": [
                {
                    "word": "직무",
                    "start": 4,
                    "end": 6,
                    "label": "준식별자"
                },
                {
                    "word": "직무",
                    "start": 36,
                    "end": 38,
                    "label": "준식별자"
                }
            ]
        },
        {
            "sentence": "둘째, 공정한 평가를 통해 인재의 사기와 조직 신뢰를 제고함으로써 이직률 감소 효과가 기대됩니다.",
            "id": "sample_001_0210_000040",
            "annotations": []
        },
        {
            "sentence": "셋째, 평가 데이터의 체계적 관리를 통해 인력배치, 교육계획 수립, 장기적 인재육성 전략 수립에 필요한 근거자료를 확보할 수 있습니다..",
            "id": "sample_001_0210_000041",
            "annotations": []
        },
        {
            "sentence": "1) 평가자의 주관 편향: 평가자 교육 강화 및 행동기반 평가지 보급으로 보완.",
            "id": "sample_001_0210_000042",
            "annotations": []
        },
        {
            "sentence": "2) 데이터 품질 문제: 데이터 수집 파이프라인 검증 및 정합성 체크 프로세스 도입.",
            "id": "sample_001_0210_000043",
            "annotations": []
        },
        {
            "sentence": "3) 개인정보 유출 가능성: 시스템 접근 통제 및 암호화 적용, 감사로그 보관으로 대응..",
            "id": "sample_001_0210_000044",
            "annotations": []
        },
        {
            "sentence": "2025-10-01",
            "id": "sample_001_0210_000045",
            "annotations": [
                {
                    "word": "202",
                    "start": 0,
                    "end": 3,
                    "label": "준식별자"
                }
            ]
        },
        {
            "sentence": "2025-12-31",
            "id": "sample_001_0210_000046",
            "annotations": [
                {
                    "word": "202",
                    "start": 0,
                    "end": 3,
                    "label": "준식별자"
                }
            ]
        },
        {
            "sentence": "2026-01-15",
            "id": "sample_001_0210_000047",
            "annotations": [
                {
                    "word": "202",
                    "start": 0,
                    "end": 3,
                    "label": "준식별자"
                }
            ]
        },
        {
            "sentence": "사내 인사관리규정 제3장",
            "id": "sample_001_0210_000048",
            "annotations": []
        },
        {
            "sentence": "근로기준법",
            "id": "sample_001_0210_000049",
            "annotations": []
        },
        {
            "sentence": "정부 스마트팩토리 보급 가이드라인",
            "id": "sample_001_0210_000050",
            "annotations": []
        },
        {
            "sentence": "HBHR-2023-015(인사관리규정 개정안)",
            "id": "sample_001_0210_000051",
            "annotations": [
                {
                    "word": "HR-2023-015",
                    "start": 2,
                    "end": 13,
                    "label": "기밀정보"
                }
            ]
        },
        {
            "sentence": "HBSYS-2024-009(HRIS 모듈 연동 요구서)",
            "id": "sample_001_0210_000052",
            "annotations": [
                {
                    "word": "S-202",
                    "start": 4,
                    "end": 9,
                    "label": "개인정보"
                },
                {
                    "word": "HRIS",
                    "start": 15,
                    "end": 19,
                    "label": "기밀정보"
                }
            ]
        },
        {
            "sentence": "부록A_직무별_KSP_정의.pdf",
            "id": "sample_001_0210_000053",
            "annotations": [
                {
                    "word": "직무",
                    "start": 4,
                    "end": 6,
                    "label": "준식별자"
                }
            ]
        },
        {
            "sentence": "부록B_다면평가_표준평가지.xlsx",
            "id": "sample_001_0210_000054",
            "annotations": []
        },
        {
            "sentence": "부록C_시범운영_세부일정.xlsx",
            "id": "sample_001_0210_000055",
            "annotations": []
        },
        {
            "sentence": "부록D_시범운영_대상자_명단.xlsx",
            "id": "sample_001_0210_000056",
            "annotations": []
        },
        {
            "sentence": "이은지",
            "id": "sample_001_0210_000057",
            "annotations": [
                {
                    "word": "이은지",
                    "start": 0,
                    "end": 3,
                    "label": "개인정보"
                }
            ]
        },
        {
            "sentence": "인사과장",
            "id": "sample_001_0210_000058",
            "annotations": [
                {
                    "word": "과장",
                    "start": 2,
                    "end": 4,
                    "label": "준식별자"
                }
            ]
        },
        {
            "sentence": "HB-001",
            "id": "sample_001_0210_000059",
            "annotations": [
                {
                    "word": "HB-001",
                    "start": 0,
                    "end": 6,
                    "label": "개인정보"
                }
            ]
        },
        {
            "sentence": "김도영",
            "id": "sample_001_0210_000060",
            "annotations": [
                {
                    "word": "김도영",
                    "start": 0,
                    "end": 3,
                    "label": "개인정보"
                }
            ]
        },
        {
            "sentence": "경영지원팀장",
            "id": "sample_001_0210_000061",
            "annotations": [
                {
                    "word": "팀장",
                    "start": 4,
                    "end": 6,
                    "label": "준식별자"
                }
            ]
        },
        {
            "sentence": "HB-006",
            "id": "sample_001_0210_000062",
            "annotations": [
                {
                    "word": "HB-006",
                    "start": 0,
                    "end": 6,
                    "label": "준식별자"
                }
            ]
        },
        {
            "sentence": "박성호",
            "id": "sample_001_0210_000063",
            "annotations": [
                {
                    "word": "박성호",
                    "start": 0,
                    "end": 3,
                    "label": "개인정보"
                }
            ]
        },
        {
            "sentence": "대표이사",
            "id": "sample_001_0210_000064",
            "annotations": [
                {
                    "word": "대표이사",
                    "start": 0,
                    "end": 4,
                    "label": "준식별자"
                }
            ]
        },
        {
            "sentence": "HB-000",
            "id": "sample_001_0210_000065",
            "annotations": [
                {
                    "word": "HB-000",
                    "start": 0,
                    "end": 6,
                    "label": "준식별자"
                }
            ]
        },
        {
            "sentence": "이은지",
            "id": "sample_001_0210_000066",
            "annotations": [
                {
                    "word": "이은지",
                    "start": 0,
                    "end": 3,
                    "label": "개인정보"
                }
            ]
        },
        {
            "sentence": "인사과장",
            "id": "sample_001_0210_000067",
            "annotations": [
                {
                    "word": "과장",
                    "start": 2,
                    "end": 4,
                    "label": "준식별자"
                }
            ]
        },
        {
            "sentence": "HB-001",
            "id": "sample_001_0210_000068",
            "annotations": [
                {
                    "word": "HB-001",
                    "start": 0,
                    "end": 6,
                    "label": "개인정보"
                }
            ]
        },
        {
            "sentence": "031-123-4567",
            "id": "sample_001_0210_000069",
            "annotations": [
                {
                    "word": "031-123-4567",
                    "start": 0,
                    "end": 12,
                    "label": "개인정보"
                }
            ]
        }
    ]
}