{
    "document_id": "001_0120",
    "document_title": "0120",
    "data": [
        {
            "sentence": "설비 개선/업그레이드 보고서",
            "id": "sample_001_0120_000001",
            "annotations": []
        },
        {
            "sentence": "생산부_설비개선보고서_AI예측유지보수_2025-09-10_v1",
            "id": "sample_001_0120_000002",
            "annotations": [
                {
                    "word": "생산부",
                    "start": 0,
                    "end": 3,
                    "label": "준식별자"
                },
                {
                    "word": "2025-09-10",
                    "start": 21,
                    "end": 31,
                    "label": "준식별자"
                }
            ]
        },
        {
            "sentence": "HB-PRD-2025-09-10-001",
            "id": "sample_001_0120_000003",
            "annotations": [
                {
                    "word": "2025-09-10",
                    "start": 7,
                    "end": 17,
                    "label": "준식별자"
                },
                {
                    "word": "001",
                    "start": 18,
                    "end": 21,
                    "label": "개인정보"
                }
            ]
        },
        {
            "sentence": "생산부",
            "id": "sample_001_0120_000004",
            "annotations": [
                {
                    "word": "생산부",
                    "start": 0,
                    "end": 3,
                    "label": "준식별자"
                }
            ]
        },
        {
            "sentence": "김우진",
            "id": "sample_001_0120_000005",
            "annotations": [
                {
                    "word": "김우진",
                    "start": 0,
                    "end": 3,
                    "label": "개인정보"
                }
            ]
        },
        {
            "sentence": "선임엔지니어",
            "id": "sample_001_0120_000006",
            "annotations": [
                {
                    "word": "선임엔지니어",
                    "start": 0,
                    "end": 6,
                    "label": "준식별자"
                }
            ]
        },
        {
            "sentence": "P2025-001",
            "id": "sample_001_0120_000007",
            "annotations": [
                {
                    "word": "P2025-001",
                    "start": 0,
                    "end": 9,
                    "label": "개인정보"
                }
            ]
        },
        {
            "sentence": "010-1234-5678",
            "id": "sample_001_0120_000008",
            "annotations": [
                {
                    "word": "010-1234-5678",
                    "start": 0,
                    "end": 13,
                    "label": "개인정보"
                }
            ]
        },
        {
            "sentence": "woojin.kim@hanbitsol.com",
            "id": "sample_001_0120_000009",
            "annotations": []
        },
        {
            "sentence": "이현주",
            "id": "sample_001_0120_000010",
            "annotations": [
                {
                    "word": "이현주",
                    "start": 0,
                    "end": 3,
                    "label": "개인정보"
                }
            ]
        },
        {
            "sentence": "품질관리팀장",
            "id": "sample_001_0120_000011",
            "annotations": [
                {
                    "word": "품질관리팀장",
                    "start": 0,
                    "end": 6,
                    "label": "준식별자"
                }
            ]
        },
        {
            "sentence": "P2025-005",
            "id": "sample_001_0120_000012",
            "annotations": [
                {
                    "word": "P2025-005",
                    "start": 0,
                    "end": 9,
                    "label": "개인정보"
                }
            ]
        },
        {
            "sentence": "010-1111-2222",
            "id": "sample_001_0120_000013",
            "annotations": [
                {
                    "word": "010-1111-2222",
                    "start": 0,
                    "end": 13,
                    "label": "개인정보"
                }
            ]
        },
        {
            "sentence": "hyunjung.lee@hanbitsol.com",
            "id": "sample_001_0120_000014",
            "annotations": []
        },
        {
            "sentence": "박성호",
            "id": "sample_001_0120_000015",
            "annotations": [
                {
                    "word": "박성호",
                    "start": 0,
                    "end": 3,
                    "label": "개인정보"
                }
            ]
        },
        {
            "sentence": "생산부장",
            "id": "sample_001_0120_000016",
            "annotations": [
                {
                    "word": "생산부장",
                    "start": 0,
                    "end": 4,
                    "label": "준식별자"
                }
            ]
        },
        {
            "sentence": "P2025-010",
            "id": "sample_001_0120_000017",
            "annotations": [
                {
                    "word": "P2025-010",
                    "start": 0,
                    "end": 9,
                    "label": "개인정보"
                }
            ]
        },
        {
            "sentence": "010-9876-5432",
            "id": "sample_001_0120_000018",
            "annotations": [
                {
                    "word": "010-9876-5432",
                    "start": 0,
                    "end": 13,
                    "label": "개인정보"
                }
            ]
        },
        {
            "sentence": "sungho.park@hanbitsol.com",
            "id": "sample_001_0120_000019",
            "annotations": [
                {
                    "word": "sungho.park@hanbitsol.com",
                    "start": 0,
                    "end": 25,
                    "label": "개인정보"
                }
            ]
        },
        {
            "sentence": "2025-09-10",
            "id": "sample_001_0120_000020",
            "annotations": [
                {
                    "word": "2025-09-10",
                    "start": 0,
                    "end": 10,
                    "label": "준식별자"
                }
            ]
        },
        {
            "sentence": "한빛 프레스라인 V2 (HB-Press-V2)",
            "id": "sample_001_0120_000021",
            "annotations": []
        },
        {
            "sentence": "HB-PR-V2-17",
            "id": "sample_001_0120_000022",
            "annotations": []
        },
        {
            "sentence": "제2생산동 1층 라인 B",
            "id": "sample_001_0120_000023",
            "annotations": [
                {
                    "word": "라인 B",
                    "start": 9,
                    "end": 13,
                    "label": "기밀정보"
                }
            ]
        },
        {
            "sentence": "서보모터 3축 제어 유닛",
            "id": "sample_001_0120_000024",
            "annotations": []
        },
        {
            "sentence": "PLC 컨트롤러 S7-1500 호환 모듈",
            "id": "sample_001_0120_000025",
            "annotations": [
                {
                    "word": "PLC",
                    "start": 0,
                    "end": 3,
                    "label": "준식별자"
                }
            ]
        },
        {
            "sentence": "하이브리드 토크 센서 TS-300",
            "id": "sample_001_0120_000026",
            "annotations": [
                {
                    "word": "300",
                    "start": 15,
                    "end": 18,
                    "label": "개인정보"
                }
            ]
        },
        {
            "sentence": "온도/진동 다중센서 모듈 HB-SEN-MX",
            "id": "sample_001_0120_000027",
            "annotations": []
        },
        {
            "sentence": "산업용 엣지 게이트웨이 HB-EDGE-200",
            "id": "sample_001_0120_000028",
            "annotations": [
                {
                    "word": "200",
                    "start": 21,
                    "end": 24,
                    "label": "개인정보"
                }
            ]
        },
        {
            "sentence": "로컬 HMI 10인치 터치패널",
            "id": "sample_001_0120_000029",
            "annotations": []
        },
        {
            "sentence": "이더넷/IP 네트워크 스위치(관리형)",
            "id": "sample_001_0120_000030",
            "annotations": []
        },
        {
            "sentence": "최근 6개월간 HB-Press-V2 설비에서 비계획 정지(unscheduled downtime)가 평균 3.6시간/월 발생하였고, 그 원인 중 58%가 축 베어링 과열 및 서보 피드백 손실로 집계되었습니다.",
            "id": "sample_001_0120_000031",
            "annotations": [
                {
                    "word": "8%",
                    "start": 81,
                    "end": 83,
                    "label": "기밀정보"
                }
            ]
        },
        {
            "sentence": "기존 임계치 기반 알람은 순간적 이상을 포착하지 못해 누적된 미세 이상 징후를 사전에 파악하지 못하는 한계가 있었습니다.",
            "id": "sample_001_0120_000032",
            "annotations": []
        },
        {
            "sentence": "또한 설비의 주요 데이터는 로컬 PLC에만 보존되어 중앙화된 분석이 제한적이었으며, 유지보수 팀의 대응은 주로 고장 후 수동 교체 방식으로 진행되어 유지보수 비용 상승 및 생산성 저하를 초래했습니다..",
            "id": "sample_001_0120_000033",
            "annotations": [
                {
                    "word": "PLC",
                    "start": 18,
                    "end": 21,
                    "label": "준식별자"
                }
            ]
        },
        {
            "sentence": "AI 기반 예측유지보수 기능을 HB-Press-V2에 통합하여 비계획 정지 시간을 월 75% 이상 감소시키기",
            "id": "sample_001_0120_000034",
            "annotations": []
        },
        {
            "sentence": "설비 가동률(OEE)을 현행 대비 평균 8%p 향상",
            "id": "sample_001_0120_000035",
            "annotations": [
                {
                    "word": "8%",
                    "start": 22,
                    "end": 24,
                    "label": "기밀정보"
                }
            ]
        },
        {
            "sentence": "정상 운영 패턴과 이상 사전징후를 분류하는 머신러닝 모델 구축 및 엣지 배포",
            "id": "sample_001_0120_000036",
            "annotations": []
        },
        {
            "sentence": "현장 엔지니어의 유지보수 작업 지침화를 통한 Mean Time To Repair(MTTR) 30% 단축",
            "id": "sample_001_0120_000037",
            "annotations": [
                {
                    "word": "엔지니어",
                    "start": 3,
                    "end": 7,
                    "label": "준식별자"
                }
            ]
        },
        {
            "sentence": "제2생산동 1층 라인 B에 설치된 HB-Press-V2 설비 (설비번호 HB-PR-V2-17) 3대에 대해 1차 파일럿 적용.",
            "id": "sample_001_0120_000038",
            "annotations": [
                {
                    "word": "라인 B",
                    "start": 9,
                    "end": 13,
                    "label": "기밀정보"
                }
            ]
        },
        {
            "sentence": "파일럿 성공 시 동일 사양의 다른 프레스 설비로 단계적 확장 예정..",
            "id": "sample_001_0120_000039",
            "annotations": []
        },
        {
            "sentence": "데이터 수집 인프라 강화",
            "id": "sample_001_0120_000040",
            "annotations": []
        },
        {
            "sentence": "기존 PLC의 데이터 포인트(토크, 전류, 속도, 온도, 진동, 서보에러코드 등)를 엣지 게이트웨이(HB-EDGE-200)에 실시간으로 미러링하도록 Modbus/TCP 및 OPC-UA 통신 인터페이스를 구성합니다.",
            "id": "sample_001_0120_000041",
            "annotations": [
                {
                    "word": "PLC",
                    "start": 3,
                    "end": 6,
                    "label": "준식별자"
                },
                {
                    "word": "200",
                    "start": 64,
                    "end": 67,
                    "label": "개인정보"
                }
            ]
        },
        {
            "sentence": "각 설비당 데이터 샘플링 주기는 100ms로 설정하여 고빈도 신호를 확보합니다.",
            "id": "sample_001_0120_000042",
            "annotations": [
                {
                    "word": "100",
                    "start": 18,
                    "end": 21,
                    "label": "개인정보"
                }
            ]
        },
        {
            "sentence": "데이터는 로컬 버퍼(최대 7일)와 중앙 로그 서버(Elasticsearch 기반)에 동시 전송됩니다..",
            "id": "sample_001_0120_000043",
            "annotations": []
        },
        {
            "sentence": "김우진",
            "id": "sample_001_0120_000044",
            "annotations": [
                {
                    "word": "김우진",
                    "start": 0,
                    "end": 3,
                    "label": "개인정보"
                }
            ]
        },
        {
            "sentence": "2025-09-15",
            "id": "sample_001_0120_000045",
            "annotations": [
                {
                    "word": "2025-09-15",
                    "start": 0,
                    "end": 10,
                    "label": "준식별자"
                }
            ]
        },
        {
            "sentence": "2025-09-21",
            "id": "sample_001_0120_000046",
            "annotations": [
                {
                    "word": "202",
                    "start": 0,
                    "end": 3,
                    "label": "준식별자"
                }
            ]
        },
        {
            "sentence": "센서 업그레이드 및 보정",
            "id": "sample_001_0120_000047",
            "annotations": []
        },
        {
            "sentence": "하이브리드 토크 센서 TS-300과 진동 센서의 재배치 및 캘리브레이션을 수행합니다.",
            "id": "sample_001_0120_000048",
            "annotations": [
                {
                    "word": "300",
                    "start": 15,
                    "end": 18,
                    "label": "개인정보"
                }
            ]
        },
        {
            "sentence": "토크 센서는 샤프트 근접부에 추가 설치하여 기존 값과 상관관계를 도출하고, 진동 센서는 베어링 하우징 3지점(내측, 외측, 상부)에 장착합니다.",
            "id": "sample_001_0120_000049",
            "annotations": []
        },
        {
            "sentence": "모든 센서는 ISO 17025 기준 계측기로 교정합니다..",
            "id": "sample_001_0120_000050",
            "annotations": []
        },
        {
            "sentence": "현장 기술팀",
            "id": "sample_001_0120_000051",
            "annotations": []
        },
        {
            "sentence": "2025-09-18",
            "id": "sample_001_0120_000052",
            "annotations": [
                {
                    "word": "202",
                    "start": 0,
                    "end": 3,
                    "label": "준식별자"
                }
            ]
        },
        {
            "sentence": "2025-09-24",
            "id": "sample_001_0120_000053",
            "annotations": [
                {
                    "word": "202",
                    "start": 0,
                    "end": 3,
                    "label": "준식별자"
                }
            ]
        },
        {
            "sentence": "엣지 AI 모델 개발 및 배포",
            "id": "sample_001_0120_000054",
            "annotations": [
                {
                    "word": "AI 모델",
                    "start": 3,
                    "end": 8,
                    "label": "준식별자"
                }
            ]
        },
        {
            "sentence": "과거 2년치의 PLC 로그(1초 평균값으로 집계된 데이터)를 기반으로 레이블링을 수행하여 정상, 과열전조, 베어링 마모, 서보 오류로 구분된 데이터셋을 구축합니다.",
            "id": "sample_001_0120_000055",
            "annotations": [
                {
                    "word": "PLC 로그",
                    "start": 8,
                    "end": 14,
                    "label": "기밀정보"
                }
            ]
        },
        {
            "sentence": "특징추출은 주파수 영역 변환(FFT), 스펙트럼 밴드 에너지, 토크 변화율, 온도 상승 기울기 등을 포함합니다.",
            "id": "sample_001_0120_000056",
            "annotations": []
        },
        {
            "sentence": "모델은 경량화한 1D-CNN + LSTM 하이브리드 구조를 채택하여 엣지에서 실시간 예측이 가능하도록 ONNX 형식으로 변환 후 HB-EDGE-200에 배포합니다..",
            "id": "sample_001_0120_000057",
            "annotations": [
                {
                    "word": "200",
                    "start": 80,
                    "end": 83,
                    "label": "개인정보"
                }
            ]
        },
        {
            "sentence": "한빛 AI-CPS 연구팀 (협업: 기술부)",
            "id": "sample_001_0120_000058",
            "annotations": [
                {
                    "word": "한빛 AI-CPS",
                    "start": 0,
                    "end": 9,
                    "label": "기밀정보"
                },
                {
                    "word": "기술부",
                    "start": 19,
                    "end": 22,
                    "label": "준식별자"
                }
            ]
        },
        {
            "sentence": "2025-09-22",
            "id": "sample_001_0120_000059",
            "annotations": [
                {
                    "word": "202",
                    "start": 0,
                    "end": 3,
                    "label": "준식별자"
                }
            ]
        },
        {
            "sentence": "2025-10-20",
            "id": "sample_001_0120_000060",
            "annotations": [
                {
                    "word": "202",
                    "start": 0,
                    "end": 3,
                    "label": "준식별자"
                }
            ]
        },
        {
            "sentence": "알람/워크플로우 연동 및 유지보수 프로세스 정립",
            "id": "sample_001_0120_000061",
            "annotations": []
        },
        {
            "sentence": "AI 예측 결과는 등급(주의, 경고, 위험)으로 분류되어 SMS/메일 및 사내 메신저로 전송됩니다.",
            "id": "sample_001_0120_000062",
            "annotations": []
        },
        {
            "sentence": "위험 등급 발생 시 자동으로 티켓이 생성되며, 티켓에는 예상 고장 원인, 권장 조치, 필요 부품 목록, 예상 소요시간이 포함됩니다.",
            "id": "sample_001_0120_000063",
            "annotations": []
        },
        {
            "sentence": "유지보수 작업 후 결과를 시스템에 입력하면 모델의 학습용 레이블로 자동 피드백됩니다..",
            "id": "sample_001_0120_000064",
            "annotations": []
        },
        {
            "sentence": "유지보수팀 리더",
            "id": "sample_001_0120_000065",
            "annotations": []
        },
        {
            "sentence": "2025-10-01",
            "id": "sample_001_0120_000066",
            "annotations": [
                {
                    "word": "202",
                    "start": 0,
                    "end": 3,
                    "label": "준식별자"
                }
            ]
        },
        {
            "sentence": "2025-10-31",
            "id": "sample_001_0120_000067",
            "annotations": [
                {
                    "word": "2025-10-31",
                    "start": 0,
                    "end": 10,
                    "label": "준식별자"
                }
            ]
        },
        {
            "sentence": "현장 교육 및 문서화",
            "id": "sample_001_0120_000068",
            "annotations": []
        },
        {
            "sentence": "설비 운전자 및 유지보수 담당자를 대상으로 AI 예측 해석 교육, 현장 점검 체크리스트 사용법, 긴급 대처 프로토콜, 롤백(구성 복원) 절차에 대한 교육을 2회 실시합니다.",
            "id": "sample_001_0120_000069",
            "annotations": []
        },
        {
            "sentence": "교육 교재 및 매뉴얼은 지침서/매뉴얼 형식으로 배포합니다..",
            "id": "sample_001_0120_000070",
            "annotations": []
        },
        {
            "sentence": "인사부 협업 (교육 운영)",
            "id": "sample_001_0120_000071",
            "annotations": [
                {
                    "word": "인사부",
                    "start": 0,
                    "end": 3,
                    "label": "준식별자"
                }
            ]
        },
        {
            "sentence": "2025-10-15",
            "id": "sample_001_0120_000072",
            "annotations": [
                {
                    "word": "2025-10-15",
                    "start": 0,
                    "end": 10,
                    "label": "준식별자"
                }
            ]
        },
        {
            "sentence": "2025-10-31",
            "id": "sample_001_0120_000073",
            "annotations": [
                {
                    "word": "2025-10-31",
                    "start": 0,
                    "end": 10,
                    "label": "준식별자"
                }
            ]
        },
        {
            "sentence": "HB-EDGE-200 엣지게이트웨이",
            "id": "sample_001_0120_000074",
            "annotations": [
                {
                    "word": "200",
                    "start": 8,
                    "end": 11,
                    "label": "개인정보"
                }
            ]
        },
        {
            "sentence": "HB-EG-200",
            "id": "sample_001_0120_000075",
            "annotations": [
                {
                    "word": "200",
                    "start": 6,
                    "end": 9,
                    "label": "개인정보"
                }
            ]
        },
        {
            "sentence": "엣지 AI 추론 및 데이터 버퍼링",
            "id": "sample_001_0120_000076",
            "annotations": []
        },
        {
            "sentence": "하이브리드 토크 센서 TS-300",
            "id": "sample_001_0120_000077",
            "annotations": [
                {
                    "word": "300",
                    "start": 15,
                    "end": 18,
                    "label": "개인정보"
                }
            ]
        },
        {
            "sentence": "TS-300",
            "id": "sample_001_0120_000078",
            "annotations": [
                {
                    "word": "300",
                    "start": 3,
                    "end": 6,
                    "label": "개인정보"
                }
            ]
        },
        {
            "sentence": "샤프트 근접부 추가 설치용",
            "id": "sample_001_0120_000079",
            "annotations": []
        },
        {
            "sentence": "진동 센서 HB-VIB-AX3",
            "id": "sample_001_0120_000080",
            "annotations": []
        },
        {
            "sentence": "HB-VIB-AX3",
            "id": "sample_001_0120_000081",
            "annotations": []
        },
        {
            "sentence": "베어링 하우징 3지점용",
            "id": "sample_001_0120_000082",
            "annotations": []
        },
        {
            "sentence": "온도 센서 HB-TEMP-01",
            "id": "sample_001_0120_000083",
            "annotations": []
        },
        {
            "sentence": "HB-TMP01",
            "id": "sample_001_0120_000084",
            "annotations": []
        },
        {
            "sentence": "핫스팟 모니터링",
            "id": "sample_001_0120_000085",
            "annotations": []
        },
        {
            "sentence": "Ethernet 관리형 스위치 8포트",
            "id": "sample_001_0120_000086",
            "annotations": []
        },
        {
            "sentence": "SW-MGMT-8",
            "id": "sample_001_0120_000087",
            "annotations": []
        },
        {
            "sentence": "설비 네트워크 분리용",
            "id": "sample_001_0120_000088",
            "annotations": []
        },
        {
            "sentence": "부품 구매 비용 합계",
            "id": "sample_001_0120_000089",
            "annotations": []
        },
        {
            "sentence": "부품목록의 수량과 단가를 곱한 합계(부가세 별도)",
            "id": "sample_001_0120_000090",
            "annotations": []
        },
        {
            "sentence": "AI 모델 개발 및 엣지 포팅",
            "id": "sample_001_0120_000091",
            "annotations": [
                {
                    "word": "AI 모델",
                    "start": 0,
                    "end": 5,
                    "label": "준식별자"
                }
            ]
        },
        {
            "sentence": "데이터 전처리, 모델 설계, 학습/검증, 최적화 및 ONNX 변환 포함",
            "id": "sample_001_0120_000092",
            "annotations": []
        },
        {
            "sentence": "현장 설치 및 시운전",
            "id": "sample_001_0120_000093",
            "annotations": []
        },
        {
            "sentence": "설치 인력 3인, 시운전 2일 기준",
            "id": "sample_001_0120_000094",
            "annotations": []
        },
        {
            "sentence": "교육 및 문서화",
            "id": "sample_001_0120_000095",
            "annotations": []
        },
        {
            "sentence": "운영자/유지보수 대상 교육 교재 제작 및 세션 운영",
            "id": "sample_001_0120_000096",
            "annotations": []
        },
        {
            "sentence": "정확한 비용 산출을 위해 구매 견적 및 외부 협력사(엣지 하드웨어 및 센서 공급사, 클라우드 로그 서비스) 제안을 반영하여 추후 기안서를 통해 확정 예정..",
            "id": "sample_001_0120_000097",
            "annotations": []
        },
        {
            "sentence": "2025-09-15 ~ 2025-10-31 (약 7주)",
            "id": "sample_001_0120_000098",
            "annotations": [
                {
                    "word": "2025-09-15",
                    "start": 0,
                    "end": 10,
                    "label": "준식별자"
                },
                {
                    "word": "2025-10-31",
                    "start": 13,
                    "end": 23,
                    "label": "준식별자"
                }
            ]
        },
        {
            "sentence": "요구사항 정의 및 파일럿 대상 선정",
            "id": "sample_001_0120_000099",
            "annotations": []
        },
        {
            "sentence": "2025-09-14",
            "id": "sample_001_0120_000100",
            "annotations": [
                {
                    "word": "202",
                    "start": 0,
                    "end": 3,
                    "label": "준식별자"
                }
            ]
        },
        {
            "sentence": "하드웨어 구매 및 설치 준비",
            "id": "sample_001_0120_000101",
            "annotations": []
        },
        {
            "sentence": "2025-09-21",
            "id": "sample_001_0120_000102",
            "annotations": [
                {
                    "word": "202",
                    "start": 0,
                    "end": 3,
                    "label": "준식별자"
                }
            ]
        },
        {
            "sentence": "데이터 수집 및 센서 보정",
            "id": "sample_001_0120_000103",
            "annotations": []
        },
        {
            "sentence": "2025-09-24",
            "id": "sample_001_0120_000104",
            "annotations": [
                {
                    "word": "202",
                    "start": 0,
                    "end": 3,
                    "label": "준식별자"
                }
            ]
        },
        {
            "sentence": "AI 모델 개발 완료(초기 베타)",
            "id": "sample_001_0120_000105",
            "annotations": [
                {
                    "word": "AI 모델",
                    "start": 0,
                    "end": 5,
                    "label": "준식별자"
                }
            ]
        },
        {
            "sentence": "2025-10-20",
            "id": "sample_001_0120_000106",
            "annotations": [
                {
                    "word": "202",
                    "start": 0,
                    "end": 3,
                    "label": "준식별자"
                }
            ]
        },
        {
            "sentence": "파일럿 가동 및 성능 검증",
            "id": "sample_001_0120_000107",
            "annotations": []
        },
        {
            "sentence": "2025-10-28",
            "id": "sample_001_0120_000108",
            "annotations": [
                {
                    "word": "202",
                    "start": 0,
                    "end": 3,
                    "label": "준식별자"
                }
            ]
        },
        {
            "sentence": "교육 및 SOP 배포, 최종검토",
            "id": "sample_001_0120_000109",
            "annotations": []
        },
        {
            "sentence": "2025-10-31",
            "id": "sample_001_0120_000110",
            "annotations": [
                {
                    "word": "2025-10-31",
                    "start": 0,
                    "end": 10,
                    "label": "준식별자"
                }
            ]
        },
        {
            "sentence": "AI 예측 정확도(Precision/Recall) 1차 검증 및 엣지 추론 성능 확인.",
            "id": "sample_001_0120_000111",
            "annotations": []
        },
        {
            "sentence": "비계획 정지 감소, OEE 개선 수치 확인..",
            "id": "sample_001_0120_000112",
            "annotations": []
        },
        {
            "sentence": "실시간 데이터 수집 무결성(패킷 손실률 < 0.5%)",
            "id": "sample_001_0120_000113",
            "annotations": []
        },
        {
            "sentence": "엣지 추론 지연(Latency) 측정(평균 < 150ms)",
            "id": "sample_001_0120_000114",
            "annotations": []
        },
        {
            "sentence": "모델 예측정확도(Top-1 이벤트 분류 정확도 > 85%)",
            "id": "sample_001_0120_000115",
            "annotations": []
        },
        {
            "sentence": "서비스 가용성(파일럿 기간 중 총 가동률 99% 이상)",
            "id": "sample_001_0120_000116",
            "annotations": []
        },
        {
            "sentence": "알람 정확도(오탐율 false alarm < 10%)",
            "id": "sample_001_0120_000117",
            "annotations": []
        },
        {
            "sentence": "1) 설치 후 7일간 베이스라인 데이터 수집",
            "id": "sample_001_0120_000118",
            "annotations": []
        },
        {
            "sentence": "2) 베이스라인과 실제 운영 데이터를 병합하여 모델 학습",
            "id": "sample_001_0120_000119",
            "annotations": []
        },
        {
            "sentence": "3) 엣지 배포 전 시뮬레이션 환경에서 48시간 스트레스 테스트",
            "id": "sample_001_0120_000120",
            "annotations": []
        },
        {
            "sentence": "4) 파일럿 설비에 엣지 모델 배포 후 14일간 A/B 테스트(기존 임계치 알람과 병행)",
            "id": "sample_001_0120_000121",
            "annotations": []
        },
        {
            "sentence": "5) 결과 분석 및 튜닝 반복(최대 3회)",
            "id": "sample_001_0120_000122",
            "annotations": []
        },
        {
            "sentence": "A/B 테스트에서 예측 기반 알람 적용군의 비계획 정지 시간이 통계적으로 유의미하게 감소(유의수준 0.05)하고, 알람의 조치수행율이 85% 이상일 것",
            "id": "sample_001_0120_000123",
            "annotations": []
        },
        {
            "sentence": "파일럿 가동 14일 중 중간보고(7일)",
            "id": "sample_001_0120_000124",
            "annotations": []
        },
        {
            "sentence": "수집된 샘플 수 3,024,000 (설비당 평균 432,000 샘플), 패킷 손실률 0.12%",
            "id": "sample_001_0120_000125",
            "annotations": []
        },
        {
            "sentence": "평균 추론 지연 92ms, 최대 180ms(피크 시), CPU 사용률 평균 42%",
            "id": "sample_001_0120_000126",
            "annotations": []
        },
        {
            "sentence": "정밀도(Precision) 0.88, 재현율(Recall) 0.82, F1-score 0.85",
            "id": "sample_001_0120_000127",
            "annotations": []
        },
        {
            "sentence": "중간 단계에서 예측 알람에 의한 사전점검으로 1건의 베어링 이상 전조 발견 및 교체(예상 정지 6시간 회피), 초기 OEE 변화 +3.2% 관찰",
            "id": "sample_001_0120_000128",
            "annotations": []
        },
        {
            "sentence": "데이터 품질 확보 실패(노이즈, 결측)",
            "id": "sample_001_0120_000129",
            "annotations": []
        },
        {
            "sentence": "모델 학습 및 예측 성능 저하",
            "id": "sample_001_0120_000130",
            "annotations": []
        },
        {
            "sentence": "센서 캘리브레이션 규정 강화, 데이터 전처리(Pipeline)에서 이상치 제거 및 보간 처리, 샘플링 레이트 재조정",
            "id": "sample_001_0120_000131",
            "annotations": []
        },
        {
            "sentence": "엣지 디바이스 장애로 인한 실시간 예측 불가",
            "id": "sample_001_0120_000132",
            "annotations": []
        },
        {
            "sentence": "예측 알람 미전달, 비계획 정지 발생",
            "id": "sample_001_0120_000133",
            "annotations": []
        },
        {
            "sentence": "로컬 PLC로 폴백(failover) 설정, HB-EDGE-200의 이중화 구성 권고, 중앙 로그서버에서 추가 백업으로 복원 가능토록 설계",
            "id": "sample_001_0120_000134",
            "annotations": [
                {
                    "word": "PLC",
                    "start": 3,
                    "end": 6,
                    "label": "준식별자"
                },
                {
                    "word": "200",
                    "start": 33,
                    "end": 36,
                    "label": "개인정보"
                }
            ]
        },
        {
            "sentence": "현장 운영자/유지보수팀의 새로운 알람 과부하",
            "id": "sample_001_0120_000135",
            "annotations": []
        },
        {
            "sentence": "오탐에 의한 불필요 점검 증가",
            "id": "sample_001_0120_000136",
            "annotations": []
        },
        {
            "sentence": "알람 등급화(주의/경고/위험) 및 운영자 튜닝 기간 설정, 교육을 통한 해석 역량 제고, 오탐 줄이기 위한 임계값 자동 튜닝 기능 도입",
            "id": "sample_001_0120_000137",
            "annotations": []
        },
        {
            "sentence": "사내 네트워크 보안 문제(엣지-중앙 통신)",
            "id": "sample_001_0120_000138",
            "annotations": []
        },
        {
            "sentence": "데이터 유출 및 서비스 중단 위험",
            "id": "sample_001_0120_000139",
            "annotations": []
        },
        {
            "sentence": "통신 암호화(TLS), VPN 터널링, 네트워크 분리(VLAN) 및 방화벽 규칙 적용, 정기적 보안 점검 수행",
            "id": "sample_001_0120_000140",
            "annotations": []
        },
        {
            "sentence": "설치 완료 후 현장 점검(기술부 주관) 및 품질검사(QC) 수행",
            "id": "sample_001_0120_000141",
            "annotations": [
                {
                    "word": "기술부",
                    "start": 14,
                    "end": 17,
                    "label": "준식별자"
                }
            ]
        },
        {
            "sentence": "AI 모델 성능 확인 리포트 제출(기술부 → 생산부 → 관리부)",
            "id": "sample_001_0120_000142",
            "annotations": [
                {
                    "word": "AI 모델",
                    "start": 0,
                    "end": 5,
                    "label": "준식별자"
                },
                {
                    "word": "기술부",
                    "start": 19,
                    "end": 22,
                    "label": "준식별자"
                },
                {
                    "word": "생산부",
                    "start": 25,
                    "end": 28,
                    "label": "준식별자"
                },
                {
                    "word": "관리부",
                    "start": 31,
                    "end": 34,
                    "label": "준식별자"
                }
            ]
        },
        {
            "sentence": "운영자 교육 수료 후 파일럿 가동 승인(생산부장 서명)",
            "id": "sample_001_0120_000143",
            "annotations": [
                {
                    "word": "생산부장",
                    "start": 22,
                    "end": 26,
                    "label": "준식별자"
                }
            ]
        },
        {
            "sentence": "파일럿 성과 검토 후 전체 확장 여부 최종 승인(대표이사 결재)",
            "id": "sample_001_0120_000144",
            "annotations": [
                {
                    "word": "대표이사",
                    "start": 27,
                    "end": 31,
                    "label": "준식별자"
                }
            ]
        },
        {
            "sentence": "AI 모델 성능(정확도 지표) 및 설비 상태를 대시보드로 모니터링.",
            "id": "sample_001_0120_000145",
            "annotations": [
                {
                    "word": "AI 모델",
                    "start": 0,
                    "end": 5,
                    "label": "준식별자"
                }
            ]
        },
        {
            "sentence": "주간 리포트 자동 생성",
            "id": "sample_001_0120_000146",
            "annotations": []
        },
        {
            "sentence": "매월 모델 성능 평가 후 필요 시 재학습 및 엣지 배포(배포 이력 관리)",
            "id": "sample_001_0120_000147",
            "annotations": []
        },
        {
            "sentence": "핵심 소모성 부품(베어링, 센서 등) 안전 재고 2세트 확보",
            "id": "sample_001_0120_000148",
            "annotations": []
        },
        {
            "sentence": "기술부의 24/7 핫라인 운영.",
            "id": "sample_001_0120_000149",
            "annotations": [
                {
                    "word": "기술부",
                    "start": 0,
                    "end": 3,
                    "label": "준식별자"
                }
            ]
        },
        {
            "sentence": "긴급 이슈 발생 시 영업부와 협업하여 고객사 커뮤니케이션 지원",
            "id": "sample_001_0120_000150",
            "annotations": [
                {
                    "word": "영업부",
                    "start": 11,
                    "end": 14,
                    "label": "준식별자"
                }
            ]
        },
        {
            "sentence": "부품 스펙시트(HB-EDGE-200, TS-300, HB-VIB-AX3)",
            "id": "sample_001_0120_000151",
            "annotations": [
                {
                    "word": "200",
                    "start": 16,
                    "end": 19,
                    "label": "개인정보"
                },
                {
                    "word": "300",
                    "start": 24,
                    "end": 27,
                    "label": "개인정보"
                }
            ]
        },
        {
            "sentence": "데이터 매핑표(PLC 태그 → 엣지 포인트)",
            "id": "sample_001_0120_000152",
            "annotations": [
                {
                    "word": "PLC",
                    "start": 8,
                    "end": 11,
                    "label": "준식별자"
                }
            ]
        },
        {
            "sentence": "AI 모델 설명서(모델 구조, 학습 파라미터)",
            "id": "sample_001_0120_000153",
            "annotations": [
                {
                    "word": "AI 모델",
                    "start": 0,
                    "end": 5,
                    "label": "준식별자"
                }
            ]
        },
        {
            "sentence": "설치 사진 및 캘리브레이션 로그(첨부파일 별도)",
            "id": "sample_001_0120_000154",
            "annotations": []
        },
        {
            "sentence": "2025-09-10",
            "id": "sample_001_0120_000155",
            "annotations": [
                {
                    "word": "2025-09-10",
                    "start": 0,
                    "end": 10,
                    "label": "준식별자"
                }
            ]
        },
        {
            "sentence": "초안 작성",
            "id": "sample_001_0120_000156",
            "annotations": []
        },
        {
            "sentence": "김우진",
            "id": "sample_001_0120_000157",
            "annotations": [
                {
                    "word": "김우진",
                    "start": 0,
                    "end": 3,
                    "label": "개인정보"
                }
            ]
        },
        {
            "sentence": "기술부 (AI 모델 개발 협업, 설치 지원)",
            "id": "sample_001_0120_000158",
            "annotations": [
                {
                    "word": "기술부",
                    "start": 0,
                    "end": 3,
                    "label": "준식별자"
                },
                {
                    "word": "AI 모델",
                    "start": 5,
                    "end": 10,
                    "label": "준식별자"
                }
            ]
        },
        {
            "sentence": "관리부 (예산 확정, 계약 검토)",
            "id": "sample_001_0120_000159",
            "annotations": [
                {
                    "word": "관리부",
                    "start": 0,
                    "end": 3,
                    "label": "준식별자"
                }
            ]
        },
        {
            "sentence": "인사부 (교육 운영 및 인원 배정)",
            "id": "sample_001_0120_000160",
            "annotations": [
                {
                    "word": "인사부",
                    "start": 0,
                    "end": 3,
                    "label": "준식별자"
                }
            ]
        },
        {
            "sentence": "영업부 (고객사 파일럿 협의 시 지원 가능)",
            "id": "sample_001_0120_000161",
            "annotations": [
                {
                    "word": "영업부",
                    "start": 0,
                    "end": 3,
                    "label": "준식별자"
                }
            ]
        },
        {
            "sentence": "본 보고서는 파일럿 적용을 위한 상세 실행계획으로, 예산확정 및 외부 공급사 계약 체결 후 변경될 수 있습니다.",
            "id": "sample_001_0120_000162",
            "annotations": []
        },
        {
            "sentence": "비용 항목(예상비용_요약)은 추후 구매계약서와 외주 견적을 반영하여 확정하여 기안서로 제출할 예정입니다..",
            "id": "sample_001_0120_000163",
            "annotations": [
                {
                    "word": "예상비용",
                    "start": 6,
                    "end": 10,
                    "label": "기밀정보"
                }
            ]
        },
        {
            "sentence": "김우진 (전자서명 첨부)",
            "id": "sample_001_0120_000164",
            "annotations": [
                {
                    "word": "김우진",
                    "start": 0,
                    "end": 3,
                    "label": "개인정보"
                }
            ]
        },
        {
            "sentence": "이현주 (전자서명 첨부)",
            "id": "sample_001_0120_000165",
            "annotations": [
                {
                    "word": "이현주",
                    "start": 0,
                    "end": 3,
                    "label": "개인정보"
                }
            ]
        },
        {
            "sentence": "박성호 (전자서명 첨부)",
            "id": "sample_001_0120_000166",
            "annotations": [
                {
                    "word": "박성호",
                    "start": 0,
                    "end": 3,
                    "label": "개인정보"
                }
            ]
        }
    ]
}