{
    "document_id": "001_0081",
    "document_title": "0081",
    "data": [
        {
            "sentence": "설비 개선/업그레이드 보고서",
            "id": "sample_001_0081_000001",
            "annotations": []
        },
        {
            "sentence": "HB-TU-ENG-2025-09-01",
            "id": "sample_001_0081_000002",
            "annotations": [
                {
                    "word": "ENG-202",
                    "start": 6,
                    "end": 13,
                    "label": "기밀정보"
                }
            ]
        },
        {
            "sentence": "기술부",
            "id": "sample_001_0081_000003",
            "annotations": [
                {
                    "word": "기술부",
                    "start": 0,
                    "end": 3,
                    "label": "준식별자"
                }
            ]
        },
        {
            "sentence": "생산부",
            "id": "sample_001_0081_000004",
            "annotations": [
                {
                    "word": "생산부",
                    "start": 0,
                    "end": 3,
                    "label": "준식별자"
                }
            ]
        },
        {
            "sentence": "관리부",
            "id": "sample_001_0081_000005",
            "annotations": [
                {
                    "word": "관리부",
                    "start": 0,
                    "end": 3,
                    "label": "준식별자"
                }
            ]
        },
        {
            "sentence": "영업부(고객 대응팀)",
            "id": "sample_001_0081_000006",
            "annotations": [
                {
                    "word": "영업부",
                    "start": 0,
                    "end": 3,
                    "label": "준식별자"
                }
            ]
        },
        {
            "sentence": "외주 전기공사협력사: 성남전기시스템",
            "id": "sample_001_0081_000007",
            "annotations": []
        },
        {
            "sentence": "부품 공급사: 대한센서(주)",
            "id": "sample_001_0081_000008",
            "annotations": []
        },
        {
            "sentence": "박지훈",
            "id": "sample_001_0081_000009",
            "annotations": [
                {
                    "word": "박지훈",
                    "start": 0,
                    "end": 3,
                    "label": "개인정보"
                }
            ]
        },
        {
            "sentence": "선임 엔지니어",
            "id": "sample_001_0081_000010",
            "annotations": [
                {
                    "word": "선임 엔지니어",
                    "start": 0,
                    "end": 7,
                    "label": "준식별자"
                }
            ]
        },
        {
            "sentence": "HB2018-TECH-03",
            "id": "sample_001_0081_000011",
            "annotations": [
                {
                    "word": "HB2018-TECH-03",
                    "start": 0,
                    "end": 14,
                    "label": "개인정보"
                }
            ]
        },
        {
            "sentence": "103",
            "id": "sample_001_0081_000012",
            "annotations": [
                {
                    "word": "103",
                    "start": 0,
                    "end": 3,
                    "label": "개인정보"
                }
            ]
        },
        {
            "sentence": "jhpark@hanbitsol.co.kr",
            "id": "sample_001_0081_000013",
            "annotations": [
                {
                    "word": "jhpark@hanbitsol.co.kr",
                    "start": 0,
                    "end": 22,
                    "label": "개인정보"
                }
            ]
        },
        {
            "sentence": "김하늘",
            "id": "sample_001_0081_000014",
            "annotations": [
                {
                    "word": "김하늘",
                    "start": 0,
                    "end": 3,
                    "label": "개인정보"
                }
            ]
        },
        {
            "sentence": "품질보증 엔지니어",
            "id": "sample_001_0081_000015",
            "annotations": [
                {
                    "word": "엔지니어",
                    "start": 5,
                    "end": 9,
                    "label": "준식별자"
                }
            ]
        },
        {
            "sentence": "HB2018-QA-02",
            "id": "sample_001_0081_000016",
            "annotations": [
                {
                    "word": "HB2018-QA-02",
                    "start": 0,
                    "end": 12,
                    "label": "개인정보"
                }
            ]
        },
        {
            "sentence": "206",
            "id": "sample_001_0081_000017",
            "annotations": []
        },
        {
            "sentence": "hhkim@hanbitsol.co.kr",
            "id": "sample_001_0081_000018",
            "annotations": [
                {
                    "word": "hhkim@hanbitsol.co.kr",
                    "start": 0,
                    "end": 21,
                    "label": "개인정보"
                }
            ]
        },
        {
            "sentence": "이승민",
            "id": "sample_001_0081_000019",
            "annotations": [
                {
                    "word": "이승민",
                    "start": 0,
                    "end": 3,
                    "label": "개인정보"
                }
            ]
        },
        {
            "sentence": "기술부장",
            "id": "sample_001_0081_000020",
            "annotations": [
                {
                    "word": "기술부장",
                    "start": 0,
                    "end": 4,
                    "label": "준식별자"
                }
            ]
        },
        {
            "sentence": "HB2018-TECH-01",
            "id": "sample_001_0081_000021",
            "annotations": [
                {
                    "word": "HB2018-TECH-01",
                    "start": 0,
                    "end": 14,
                    "label": "개인정보"
                }
            ]
        },
        {
            "sentence": "101",
            "id": "sample_001_0081_000022",
            "annotations": [
                {
                    "word": "101",
                    "start": 0,
                    "end": 3,
                    "label": "개인정보"
                }
            ]
        },
        {
            "sentence": "smlee@hanbitsol.co.kr",
            "id": "sample_001_0081_000023",
            "annotations": [
                {
                    "word": "smlee@hanbitsol.co.kr",
                    "start": 0,
                    "end": 21,
                    "label": "개인정보"
                }
            ]
        },
        {
            "sentence": "2025-09-01",
            "id": "sample_001_0081_000024",
            "annotations": [
                {
                    "word": "2025-09-01",
                    "start": 0,
                    "end": 10,
                    "label": "준식별자"
                }
            ]
        },
        {
            "sentence": "2025-09-15",
            "id": "sample_001_0081_000025",
            "annotations": [
                {
                    "word": "2025-09-15",
                    "start": 0,
                    "end": 10,
                    "label": "준식별자"
                }
            ]
        },
        {
            "sentence": "2025-09-15",
            "id": "sample_001_0081_000026",
            "annotations": [
                {
                    "word": "2025-09-15",
                    "start": 0,
                    "end": 10,
                    "label": "준식별자"
                }
            ]
        },
        {
            "sentence": "09:00-18:00",
            "id": "sample_001_0081_000027",
            "annotations": []
        },
        {
            "sentence": "현장 분해 및 설비 기본 보수, 센서 교체",
            "id": "sample_001_0081_000028",
            "annotations": []
        },
        {
            "sentence": "2025-09-16",
            "id": "sample_001_0081_000029",
            "annotations": [
                {
                    "word": "202",
                    "start": 0,
                    "end": 3,
                    "label": "준식별자"
                }
            ]
        },
        {
            "sentence": "09:00-18:00",
            "id": "sample_001_0081_000030",
            "annotations": []
        },
        {
            "sentence": "제어기 업그레이드(PLC 펌웨어) 및 네트워크 설정",
            "id": "sample_001_0081_000031",
            "annotations": [
                {
                    "word": "PLC",
                    "start": 10,
                    "end": 13,
                    "label": "준식별자"
                }
            ]
        },
        {
            "sentence": "2025-09-17",
            "id": "sample_001_0081_000032",
            "annotations": [
                {
                    "word": "202",
                    "start": 0,
                    "end": 3,
                    "label": "준식별자"
                }
            ]
        },
        {
            "sentence": "09:00-17:00",
            "id": "sample_001_0081_000033",
            "annotations": []
        },
        {
            "sentence": "통합 테스트, 성능검증, 교육, 최종 점검",
            "id": "sample_001_0081_000034",
            "annotations": []
        },
        {
            "sentence": "라인 A - 자동포장기(모델 HBP-APX-2016)",
            "id": "sample_001_0081_000035",
            "annotations": [
                {
                    "word": "라인 A",
                    "start": 0,
                    "end": 4,
                    "label": "기밀정보"
                },
                {
                    "word": "HBP-APX-2016",
                    "start": 16,
                    "end": 28,
                    "label": "준식별자"
                }
            ]
        },
        {
            "sentence": "EQ-A-2020-011",
            "id": "sample_001_0081_000036",
            "annotations": [
                {
                    "word": "EQ-A-2020-011",
                    "start": 0,
                    "end": 13,
                    "label": "준식별자"
                }
            ]
        },
        {
            "sentence": "제1공장 2라인 포장구역",
            "id": "sample_001_0081_000037",
            "annotations": [
                {
                    "word": "제1공장 2라인 포장구역",
                    "start": 0,
                    "end": 13,
                    "label": "준식별자"
                }
            ]
        },
        {
            "sentence": "2016-현재(연속가동 약 9년)",
            "id": "sample_001_0081_000038",
            "annotations": [
                {
                    "word": "201",
                    "start": 0,
                    "end": 3,
                    "label": "개인정보"
                }
            ]
        },
        {
            "sentence": "진동 센서 노후화로 인한 오작동 빈도 증가, PLC 일부 I/O 불안정, 네트워크 지연으로 데이터 로스 관측",
            "id": "sample_001_0081_000039",
            "annotations": [
                {
                    "word": "PLC",
                    "start": 25,
                    "end": 28,
                    "label": "준식별자"
                }
            ]
        },
        {
            "sentence": "지난 6개월간 해당 자동포장기에서 발생한 예기치 않은 정지(총 18건) 중 절반 이상이 설비 진동 및 센서 오작동에서 기인했습니다.",
            "id": "sample_001_0081_000040",
            "annotations": []
        },
        {
            "sentence": "또한 한빛 AI-CPS 모듈의 데이터 수집 안정성이 낮아 예측알고리즘의 오탐 비율이 상승하여 유지보수 효율이 떨어지고 있습니다.",
            "id": "sample_001_0081_000041",
            "annotations": [
                {
                    "word": "한빛 AI-CPS",
                    "start": 3,
                    "end": 12,
                    "label": "기밀정보"
                }
            ]
        },
        {
            "sentence": "고객사(중견 식품제조사)에서 가동률 개선 요청으로 설비 개선 및 예측 보수 정확도 향상을 요구하여 개선 프로젝트를 추진합니다..",
            "id": "sample_001_0081_000042",
            "annotations": []
        },
        {
            "sentence": "센서 및 계측기 교체를 통한 신호 안정성 확보",
            "id": "sample_001_0081_000043",
            "annotations": []
        },
        {
            "sentence": "PLC 및 제어기 펌웨어 업그레이드로 I/O 안정성 개선",
            "id": "sample_001_0081_000044",
            "annotations": [
                {
                    "word": "PLC",
                    "start": 0,
                    "end": 3,
                    "label": "준식별자"
                }
            ]
        },
        {
            "sentence": "네트워크 구성 개선 및 PoE 스위치 적용으로 데이터 패킷 손실률 감소",
            "id": "sample_001_0081_000045",
            "annotations": []
        },
        {
            "sentence": "한빛 AI-CPS 연동 데이터 파이프라인 보완으로 예측 유지보수 정확도 20% 이상 향상",
            "id": "sample_001_0081_000046",
            "annotations": [
                {
                    "word": "한빛 AI-CPS",
                    "start": 0,
                    "end": 9,
                    "label": "기밀정보"
                }
            ]
        },
        {
            "sentence": "현장 작업자와 관리자 대상 운영 교육으로 초기 대응시간 단축",
            "id": "sample_001_0081_000047",
            "annotations": [
                {
                    "word": "작업자",
                    "start": 3,
                    "end": 6,
                    "label": "준식별자"
                }
            ]
        },
        {
            "sentence": "라인 A 자동포장기 전체(물리적 센서 6종, PLC 메인 유닛 및 확장 모듈, 현장 엣지 게이트웨이, 네트워크 스위치), 한빛 AI-CPS 데이터 수집 파이프라인 설정, 고객관리 포털 알림 규칙 개선",
            "id": "sample_001_0081_000048",
            "annotations": [
                {
                    "word": "라인 A",
                    "start": 0,
                    "end": 4,
                    "label": "기밀정보"
                },
                {
                    "word": "PLC",
                    "start": 25,
                    "end": 28,
                    "label": "준식별자"
                },
                {
                    "word": "한빛 AI-CPS",
                    "start": 68,
                    "end": 77,
                    "label": "기밀정보"
                },
                {
                    "word": "고객관리",
                    "start": 95,
                    "end": 99,
                    "label": "준식별자"
                }
            ]
        },
        {
            "sentence": "진동, 온도, 전류 센서 교체 및 위치 재보정, PLC CPU 및 I/O 모듈 교체(예비부품 사용), 엣지 게이트웨이 펌웨어 업데이트 및 통신 프로토콜 최적화, 네트워크 스위치 교체 및 케이블 재배선, 소프트웨어 측면에서 데이터 샘플링 주기 재설계 및 윈도우 기반 전처리 강화",
            "id": "sample_001_0081_000049",
            "annotations": [
                {
                    "word": "PLC",
                    "start": 27,
                    "end": 30,
                    "label": "준식별자"
                }
            ]
        },
        {
            "sentence": "진동 센서 교체",
            "id": "sample_001_0081_000050",
            "annotations": []
        },
        {
            "sentence": "AccelX-100(아날로그 4-20mA, 설치 2016)",
            "id": "sample_001_0081_000051",
            "annotations": [
                {
                    "word": "100",
                    "start": 7,
                    "end": 10,
                    "label": "개인정보"
                },
                {
                    "word": "201",
                    "start": 27,
                    "end": 30,
                    "label": "개인정보"
                }
            ]
        },
        {
            "sentence": "AccelPro-500(디지털 I2C/RS485 혼용, 고감도, 방진 등급 IP67)",
            "id": "sample_001_0081_000052",
            "annotations": []
        },
        {
            "sentence": "롤러부 지지대 4지점",
            "id": "sample_001_0081_000053",
            "annotations": []
        },
        {
            "sentence": "대한센서(주)",
            "id": "sample_001_0081_000054",
            "annotations": []
        },
        {
            "sentence": "온도 센서 추가 설치",
            "id": "sample_001_0081_000055",
            "annotations": []
        },
        {
            "sentence": "내장 온도 센서(정밀도 ±2.0°C)",
            "id": "sample_001_0081_000056",
            "annotations": []
        },
        {
            "sentence": "PT1000 RTD 고정밀(정밀도 ±0.1°C) 2채널",
            "id": "sample_001_0081_000057",
            "annotations": [
                {
                    "word": "T1000",
                    "start": 1,
                    "end": 6,
                    "label": "개인정보"
                }
            ]
        },
        {
            "sentence": "히터 블록 상하",
            "id": "sample_001_0081_000058",
            "annotations": []
        },
        {
            "sentence": "PLC CPU 모듈 업그레이드",
            "id": "sample_001_0081_000059",
            "annotations": [
                {
                    "word": "PLC",
                    "start": 0,
                    "end": 3,
                    "label": "준식별자"
                }
            ]
        },
        {
            "sentence": "PLCX-200 CPU v1.4",
            "id": "sample_001_0081_000060",
            "annotations": [
                {
                    "word": "PLC",
                    "start": 0,
                    "end": 3,
                    "label": "준식별자"
                },
                {
                    "word": "200",
                    "start": 5,
                    "end": 8,
                    "label": "개인정보"
                }
            ]
        },
        {
            "sentence": "PLCX-300 CPU v2.0(어드밴스드 통신 포함)",
            "id": "sample_001_0081_000061",
            "annotations": [
                {
                    "word": "PLC",
                    "start": 0,
                    "end": 3,
                    "label": "준식별자"
                },
                {
                    "word": "300",
                    "start": 5,
                    "end": 8,
                    "label": "개인정보"
                }
            ]
        },
        {
            "sentence": "I/O 확장 모듈 교체",
            "id": "sample_001_0081_000062",
            "annotations": []
        },
        {
            "sentence": "디지털 입력 16ch, 아날로그 8ch",
            "id": "sample_001_0081_000063",
            "annotations": []
        },
        {
            "sentence": "디지털 입력 32ch, 아날로그 16ch, 안전 I/O 분리 모듈 포함",
            "id": "sample_001_0081_000064",
            "annotations": []
        },
        {
            "sentence": "엣지 게이트웨이 펌웨어 업데이트 및 설정",
            "id": "sample_001_0081_000065",
            "annotations": []
        },
        {
            "sentence": "한빛 엣지GW v1.2 -> v2.1으로 업데이트, 데이터 버퍼링 정책 수정, 패킷 재전송 로직 강화",
            "id": "sample_001_0081_000066",
            "annotations": []
        },
        {
            "sentence": "네트워크 스위치 교체 및 케이블링",
            "id": "sample_001_0081_000067",
            "annotations": []
        },
        {
            "sentence": "기존 비관리형 스위치 -> 관리형 PoE 스위치(24포트), CAT6A 케이블로 교체, 트래픽 모니터링 VLAN 설정",
            "id": "sample_001_0081_000068",
            "annotations": []
        },
        {
            "sentence": "데이터 샘플링 및 전처리 변경",
            "id": "sample_001_0081_000069",
            "annotations": []
        },
        {
            "sentence": "센서 샘플링을 250Hz -> 1kHz로 상향(진동), 데이터 윈도우 5초에서 10초로 변경, FFT 기반 변환을 엣지에서 선행 처리",
            "id": "sample_001_0081_000070",
            "annotations": []
        },
        {
            "sentence": "현장 교육 및 검증",
            "id": "sample_001_0081_000071",
            "annotations": []
        },
        {
            "sentence": "작업자 6명 대상 교육, 관리자 2명 대상 매뉴얼 인수, 시운전 검증",
            "id": "sample_001_0081_000072",
            "annotations": [
                {
                    "word": "작업자",
                    "start": 0,
                    "end": 3,
                    "label": "준식별자"
                }
            ]
        },
        {
            "sentence": "SEN-ACC-500",
            "id": "sample_001_0081_000073",
            "annotations": []
        },
        {
            "sentence": "진동센서 AccelPro-500",
            "id": "sample_001_0081_000074",
            "annotations": []
        },
        {
            "sentence": "RS485, IP67, ±16g, 응답시간 <1ms",
            "id": "sample_001_0081_000075",
            "annotations": []
        },
        {
            "sentence": "대한센서(주)",
            "id": "sample_001_0081_000076",
            "annotations": []
        },
        {
            "sentence": "SEN-RTD-PT1000",
            "id": "sample_001_0081_000077",
            "annotations": [
                {
                    "word": "T1000",
                    "start": 9,
                    "end": 14,
                    "label": "개인정보"
                }
            ]
        },
        {
            "sentence": "RTD PT1000 온도센서",
            "id": "sample_001_0081_000078",
            "annotations": [
                {
                    "word": "T1000",
                    "start": 5,
                    "end": 10,
                    "label": "개인정보"
                }
            ]
        },
        {
            "sentence": "0.1°C 정밀도, 2채널",
            "id": "sample_001_0081_000079",
            "annotations": []
        },
        {
            "sentence": "센서월드",
            "id": "sample_001_0081_000080",
            "annotations": []
        },
        {
            "sentence": "PLC-CPU-300",
            "id": "sample_001_0081_000081",
            "annotations": [
                {
                    "word": "PLC",
                    "start": 0,
                    "end": 3,
                    "label": "준식별자"
                },
                {
                    "word": "300",
                    "start": 8,
                    "end": 11,
                    "label": "개인정보"
                }
            ]
        },
        {
            "sentence": "PLCX-300 CPU",
            "id": "sample_001_0081_000082",
            "annotations": [
                {
                    "word": "PLC",
                    "start": 0,
                    "end": 3,
                    "label": "준식별자"
                },
                {
                    "word": "300",
                    "start": 5,
                    "end": 8,
                    "label": "개인정보"
                }
            ]
        },
        {
            "sentence": "Ethernet/IP, Modbus TCP, 1kHz I/O 처리",
            "id": "sample_001_0081_000083",
            "annotations": [
                {
                    "word": "Modbus TCP",
                    "start": 13,
                    "end": 23,
                    "label": "기밀정보"
                }
            ]
        },
        {
            "sentence": "한빛산업계전",
            "id": "sample_001_0081_000084",
            "annotations": []
        },
        {
            "sentence": "IOM-EXP-16A",
            "id": "sample_001_0081_000085",
            "annotations": []
        },
        {
            "sentence": "I/O 확장 모듈",
            "id": "sample_001_0081_000086",
            "annotations": []
        },
        {
            "sentence": "디지털 16ch, 아날로그 8ch, 안전리레이",
            "id": "sample_001_0081_000087",
            "annotations": []
        },
        {
            "sentence": "한빛산업계전",
            "id": "sample_001_0081_000088",
            "annotations": []
        },
        {
            "sentence": "NET-SW-24P",
            "id": "sample_001_0081_000089",
            "annotations": []
        },
        {
            "sentence": "관리형 PoE 스위치 24포트",
            "id": "sample_001_0081_000090",
            "annotations": []
        },
        {
            "sentence": "VLAN, QoS, SNMP 지원",
            "id": "sample_001_0081_000091",
            "annotations": []
        },
        {
            "sentence": "네트웍솔루션",
            "id": "sample_001_0081_000092",
            "annotations": []
        },
        {
            "sentence": "CABL-CAT6A-100",
            "id": "sample_001_0081_000093",
            "annotations": [
                {
                    "word": "100",
                    "start": 11,
                    "end": 14,
                    "label": "개인정보"
                }
            ]
        },
        {
            "sentence": "CAT6A 케이블 100m",
            "id": "sample_001_0081_000094",
            "annotations": [
                {
                    "word": "100",
                    "start": 10,
                    "end": 13,
                    "label": "개인정보"
                }
            ]
        },
        {
            "sentence": "외부 차폐, 산업용",
            "id": "sample_001_0081_000095",
            "annotations": []
        },
        {
            "sentence": "케이블하우스",
            "id": "sample_001_0081_000096",
            "annotations": []
        },
        {
            "sentence": "박지훈",
            "id": "sample_001_0081_000097",
            "annotations": [
                {
                    "word": "박지훈",
                    "start": 0,
                    "end": 3,
                    "label": "개인정보"
                }
            ]
        },
        {
            "sentence": "HB2018-TECH-03",
            "id": "sample_001_0081_000098",
            "annotations": [
                {
                    "word": "HB2018-TECH-03",
                    "start": 0,
                    "end": 14,
                    "label": "개인정보"
                }
            ]
        },
        {
            "sentence": "현장 총괄, PLC 펌웨어 업로드 및 시스템 통합시험 책임",
            "id": "sample_001_0081_000099",
            "annotations": [
                {
                    "word": "PLC",
                    "start": 7,
                    "end": 10,
                    "label": "준식별자"
                }
            ]
        },
        {
            "sentence": "내선 103, jhpark@hanbitsol.co.kr",
            "id": "sample_001_0081_000100",
            "annotations": [
                {
                    "word": "내선 103",
                    "start": 0,
                    "end": 6,
                    "label": "개인정보"
                },
                {
                    "word": "jhpark@hanbitsol.co.kr",
                    "start": 8,
                    "end": 30,
                    "label": "개인정보"
                }
            ]
        },
        {
            "sentence": "이승민",
            "id": "sample_001_0081_000101",
            "annotations": [
                {
                    "word": "이승민",
                    "start": 0,
                    "end": 3,
                    "label": "개인정보"
                }
            ]
        },
        {
            "sentence": "HB2018-TECH-01",
            "id": "sample_001_0081_000102",
            "annotations": [
                {
                    "word": "HB2018-TECH-01",
                    "start": 0,
                    "end": 14,
                    "label": "개인정보"
                }
            ]
        },
        {
            "sentence": "기술부장(총괄 승인 및 비상연락망)",
            "id": "sample_001_0081_000103",
            "annotations": [
                {
                    "word": "기술부장",
                    "start": 0,
                    "end": 4,
                    "label": "준식별자"
                }
            ]
        },
        {
            "sentence": "내선 101, smlee@hanbitsol.co.kr",
            "id": "sample_001_0081_000104",
            "annotations": [
                {
                    "word": "내선 101",
                    "start": 0,
                    "end": 6,
                    "label": "개인정보"
                },
                {
                    "word": "smlee@hanbitsol.co.kr",
                    "start": 8,
                    "end": 29,
                    "label": "개인정보"
                }
            ]
        },
        {
            "sentence": "정다은",
            "id": "sample_001_0081_000105",
            "annotations": [
                {
                    "word": "정다은",
                    "start": 0,
                    "end": 3,
                    "label": "개인정보"
                }
            ]
        },
        {
            "sentence": "HB2019-PROD-05",
            "id": "sample_001_0081_000106",
            "annotations": [
                {
                    "word": "HB2019-PROD-05",
                    "start": 0,
                    "end": 14,
                    "label": "개인정보"
                }
            ]
        },
        {
            "sentence": "생산부 담당자(현장 운영자 지원, 작업자 안전관리)",
            "id": "sample_001_0081_000107",
            "annotations": [
                {
                    "word": "생산부",
                    "start": 0,
                    "end": 3,
                    "label": "준식별자"
                },
                {
                    "word": "작업자",
                    "start": 19,
                    "end": 22,
                    "label": "준식별자"
                }
            ]
        },
        {
            "sentence": "내선 211",
            "id": "sample_001_0081_000108",
            "annotations": [
                {
                    "word": "내선 211",
                    "start": 0,
                    "end": 6,
                    "label": "개인정보"
                }
            ]
        },
        {
            "sentence": "성남전기시스템_팀",
            "id": "sample_001_0081_000109",
            "annotations": []
        },
        {
            "sentence": "OUT-ENG-SS-01",
            "id": "sample_001_0081_000110",
            "annotations": []
        },
        {
            "sentence": "전기 배선 및 차단기 교체(외주)",
            "id": "sample_001_0081_000111",
            "annotations": []
        },
        {
            "sentence": "010-5555-9988",
            "id": "sample_001_0081_000112",
            "annotations": [
                {
                    "word": "010-5555-9988",
                    "start": 0,
                    "end": 13,
                    "label": "개인정보"
                }
            ]
        },
        {
            "sentence": "대한센서_영업 담당자",
            "id": "sample_001_0081_000113",
            "annotations": []
        },
        {
            "sentence": "VENDOR-DS-10",
            "id": "sample_001_0081_000114",
            "annotations": []
        },
        {
            "sentence": "센서 납품 및 기술지원",
            "id": "sample_001_0081_000115",
            "annotations": []
        },
        {
            "sentence": "02-345-7788",
            "id": "sample_001_0081_000116",
            "annotations": [
                {
                    "word": "02-345-7788",
                    "start": 0,
                    "end": 11,
                    "label": "개인정보"
                }
            ]
        },
        {
            "sentence": "현장 안전회의(작업 전 30분) - 참여자: 기술부, 생산부, 외주 전기팀",
            "id": "sample_001_0081_000117",
            "annotations": [
                {
                    "word": "기술부",
                    "start": 25,
                    "end": 28,
                    "label": "준식별자"
                },
                {
                    "word": "생산부",
                    "start": 30,
                    "end": 33,
                    "label": "준식별자"
                }
            ]
        },
        {
            "sentence": "전원 차단 및 Lockout-Tagout(LOTO) 실시",
            "id": "sample_001_0081_000118",
            "annotations": []
        },
        {
            "sentence": "작업 구역 표지판 및 안전바리케이드 설치",
            "id": "sample_001_0081_000119",
            "annotations": []
        },
        {
            "sentence": "필요 부품 현장 반입 및 인수 확인(자재명세서 대조)",
            "id": "sample_001_0081_000120",
            "annotations": []
        },
        {
            "sentence": "1단계 - 기존 센서 및 I/O 모듈 전원 차단 후 캡터 분리",
            "id": "sample_001_0081_000121",
            "annotations": []
        },
        {
            "sentence": "2단계 - 기존 진동센서 탈거 및 마운팅 면 청소(탈지, 로킹 스레드 점검)",
            "id": "sample_001_0081_000122",
            "annotations": []
        },
        {
            "sentence": "3단계 - 신규 AccelPro-500 설치, RS485 버스에 종단 저항(120Ω) 설치",
            "id": "sample_001_0081_000123",
            "annotations": [
                {
                    "word": "120",
                    "start": 42,
                    "end": 45,
                    "label": "준식별자"
                }
            ]
        },
        {
            "sentence": "4단계 - RTD 온도센서 설치 및 센서 박스 밀폐 처리",
            "id": "sample_001_0081_000124",
            "annotations": []
        },
        {
            "sentence": "5단계 - PLC CPU 및 확장 모듈 교체(교체 전 설정 백업 필수)",
            "id": "sample_001_0081_000125",
            "annotations": [
                {
                    "word": "PLC",
                    "start": 6,
                    "end": 9,
                    "label": "준식별자"
                }
            ]
        },
        {
            "sentence": "6단계 - 배선 정리 및 CAT6A 케이블링 적용",
            "id": "sample_001_0081_000126",
            "annotations": []
        },
        {
            "sentence": "7단계 - 엣지 게이트웨이 펌웨어 업데이트 및 구성 파일 적용",
            "id": "sample_001_0081_000127",
            "annotations": []
        },
        {
            "sentence": "PLC 와 엣지GW 간 통신 확인(Modbus TCP, 포트 502), 데이터 타입 및 엔디안 설정 확인",
            "id": "sample_001_0081_000128",
            "annotations": [
                {
                    "word": "PLC",
                    "start": 0,
                    "end": 3,
                    "label": "준식별자"
                },
                {
                    "word": "Modbus TCP",
                    "start": 19,
                    "end": 29,
                    "label": "기밀정보"
                },
                {
                    "word": "502",
                    "start": 34,
                    "end": 37,
                    "label": "기밀정보"
                }
            ]
        },
        {
            "sentence": "센서 신호 정상값 확인(진동 RMS, 스펙트럼), 초기 교정 파일 적용",
            "id": "sample_001_0081_000129",
            "annotations": []
        },
        {
            "sentence": "데이터 샘플링 확인 및 엣지에서의 FFT 처리 확인(샘플링 1kHz, 윈도우 길이 10초)",
            "id": "sample_001_0081_000130",
            "annotations": []
        },
        {
            "sentence": "AI-CPS 서버로의 데이터 전송 확인, 데이터 무결성 검사(패킷 손실률 <0.1%)",
            "id": "sample_001_0081_000131",
            "annotations": [
                {
                    "word": "AI-CPS",
                    "start": 0,
                    "end": 6,
                    "label": "기밀정보"
                }
            ]
        },
        {
            "sentence": "비상정지, 안전 인터록 테스트 수행",
            "id": "sample_001_0081_000132",
            "annotations": []
        },
        {
            "sentence": "시운전 성능 테스트(연속가동 8시간) 및 로그 수집",
            "id": "sample_001_0081_000133",
            "annotations": []
        },
        {
            "sentence": "운영자 대상 설비 동작 및 초기오류 대응 매뉴얼 교육(2시간)",
            "id": "sample_001_0081_000134",
            "annotations": []
        },
        {
            "sentence": "관리자 대상 AI-CPS 포털 경보/알림 설정 교육(1시간)",
            "id": "sample_001_0081_000135",
            "annotations": [
                {
                    "word": "AI-CPS",
                    "start": 7,
                    "end": 13,
                    "label": "기밀정보"
                }
            ]
        },
        {
            "sentence": "시운전 결과 보고 및 고객 인수 서명",
            "id": "sample_001_0081_000136",
            "annotations": []
        },
        {
            "sentence": "장비 가동률 향상: 기존 대비 비정상 정지율 50% 감소",
            "id": "sample_001_0081_000137",
            "annotations": []
        },
        {
            "sentence": "데이터 수집 신뢰도: 패킷 손실률 0.1% 이하",
            "id": "sample_001_0081_000138",
            "annotations": []
        },
        {
            "sentence": "예측알고리즘 오탐률 20% 이하로 개선",
            "id": "sample_001_0081_000139",
            "annotations": []
        },
        {
            "sentence": "진동 감지 민감도: 임계치 이상 감지 시 알림 지연 <3초",
            "id": "sample_001_0081_000140",
            "annotations": []
        },
        {
            "sentence": "센서 신호 정상범위 검증",
            "id": "sample_001_0081_000141",
            "annotations": []
        },
        {
            "sentence": "정상 운전 상태에서 4시간 연속 데이터 취득, 진동 RMS 및 주파수 스펙트럼 기록",
            "id": "sample_001_0081_000142",
            "annotations": []
        },
        {
            "sentence": "센서값 변동계수 <5%, 이상 노이즈 신호 없음",
            "id": "sample_001_0081_000143",
            "annotations": []
        },
        {
            "sentence": "통신장애 복구성 검증",
            "id": "sample_001_0081_000144",
            "annotations": []
        },
        {
            "sentence": "네트워크 임의 단절 2회(각 30초) 발생시키고 자동 재전송 및 버퍼 복구 확인",
            "id": "sample_001_0081_000145",
            "annotations": []
        },
        {
            "sentence": "데이터 손실 보상 및 복구시간 <10초",
            "id": "sample_001_0081_000146",
            "annotations": []
        },
        {
            "sentence": "오류상황 알림 및 인터록 작동 검증",
            "id": "sample_001_0081_000147",
            "annotations": []
        },
        {
            "sentence": "과부하를 모사한 가상신호 인가, AI-CPS에 알림 발생 여부 및 PLC 안전 인터록 작동 확인",
            "id": "sample_001_0081_000148",
            "annotations": [
                {
                    "word": "AI-CPS",
                    "start": 18,
                    "end": 24,
                    "label": "기밀정보"
                },
                {
                    "word": "PLC",
                    "start": 37,
                    "end": 40,
                    "label": "준식별자"
                }
            ]
        },
        {
            "sentence": "알림 발생 및 안전정지 3초 이내 완료",
            "id": "sample_001_0081_000149",
            "annotations": []
        },
        {
            "sentence": "2025-09-17T09:12:35Z",
            "id": "sample_001_0081_000150",
            "annotations": [
                {
                    "word": "202",
                    "start": 0,
                    "end": 3,
                    "label": "준식별자"
                }
            ]
        },
        {
            "sentence": "AccelPro-500-01",
            "id": "sample_001_0081_000151",
            "annotations": []
        },
        {
            "sentence": "정상",
            "id": "sample_001_0081_000152",
            "annotations": []
        },
        {
            "sentence": "2025-09-17T12:02:11Z",
            "id": "sample_001_0081_000153",
            "annotations": [
                {
                    "word": "202",
                    "start": 0,
                    "end": 3,
                    "label": "준식별자"
                }
            ]
        },
        {
            "sentence": "AccelPro-500-03",
            "id": "sample_001_0081_000154",
            "annotations": []
        },
        {
            "sentence": "경고(주파수 피크 상승)",
            "id": "sample_001_0081_000155",
            "annotations": []
        },
        {
            "sentence": "교체 후 초기 설정 오류로 인한 추가 가동 중단",
            "id": "sample_001_0081_000156",
            "annotations": []
        },
        {
            "sentence": "중",
            "id": "sample_001_0081_000157",
            "annotations": []
        },
        {
            "sentence": "중",
            "id": "sample_001_0081_000158",
            "annotations": []
        },
        {
            "sentence": "교체 전 전체 설정 백업, 롤백 플랜 마련 및 예비 PLC/CMD 준비",
            "id": "sample_001_0081_000159",
            "annotations": [
                {
                    "word": "PLC",
                    "start": 29,
                    "end": 32,
                    "label": "준식별자"
                }
            ]
        },
        {
            "sentence": "외주 전기공사 지연으로 일정 지연",
            "id": "sample_001_0081_000160",
            "annotations": []
        },
        {
            "sentence": "중",
            "id": "sample_001_0081_000161",
            "annotations": []
        },
        {
            "sentence": "높음",
            "id": "sample_001_0081_000162",
            "annotations": []
        },
        {
            "sentence": "외주사와의 확정 스케줄 계약 및 페널티 조항 적용, 핵심 배선은 기술부 직접 수행 가능하도록 인력 확충",
            "id": "sample_001_0081_000163",
            "annotations": [
                {
                    "word": "기술부",
                    "start": 36,
                    "end": 39,
                    "label": "준식별자"
                }
            ]
        },
        {
            "sentence": "AI-CPS 알고리즘 변경 후 오탐율 상승",
            "id": "sample_001_0081_000164",
            "annotations": [
                {
                    "word": "AI-CPS",
                    "start": 0,
                    "end": 6,
                    "label": "기밀정보"
                }
            ]
        },
        {
            "sentence": "낮음",
            "id": "sample_001_0081_000165",
            "annotations": []
        },
        {
            "sentence": "중",
            "id": "sample_001_0081_000166",
            "annotations": []
        },
        {
            "sentence": "알고리즘 배포 전 A/B 테스트 수행, 이전 모델 동시 가동으로 성능 비교",
            "id": "sample_001_0081_000167",
            "annotations": []
        },
        {
            "sentence": "자재 발주 및 현장 사전점검",
            "id": "sample_001_0081_000168",
            "annotations": []
        },
        {
            "sentence": "자재 수령 및 사전 구성, 펌웨어 준비",
            "id": "sample_001_0081_000169",
            "annotations": []
        },
        {
            "sentence": "현장 분해 및 센서 교체",
            "id": "sample_001_0081_000170",
            "annotations": []
        },
        {
            "sentence": "PLC 및 네트워크 업그레이드, 케이블 정리",
            "id": "sample_001_0081_000171",
            "annotations": [
                {
                    "word": "PLC",
                    "start": 0,
                    "end": 3,
                    "label": "준식별자"
                }
            ]
        },
        {
            "sentence": "시운전, 테스트, 교육, 인수",
            "id": "sample_001_0081_000172",
            "annotations": []
        },
        {
            "sentence": "기술부장",
            "id": "sample_001_0081_000173",
            "annotations": [
                {
                    "word": "기술부장",
                    "start": 0,
                    "end": 4,
                    "label": "준식별자"
                }
            ]
        },
        {
            "sentence": "이승민",
            "id": "sample_001_0081_000174",
            "annotations": [
                {
                    "word": "이승민",
                    "start": 0,
                    "end": 3,
                    "label": "개인정보"
                }
            ]
        },
        {
            "sentence": "생산부장",
            "id": "sample_001_0081_000175",
            "annotations": [
                {
                    "word": "생산부장",
                    "start": 0,
                    "end": 4,
                    "label": "준식별자"
                }
            ]
        },
        {
            "sentence": "조현우",
            "id": "sample_001_0081_000176",
            "annotations": [
                {
                    "word": "조현우",
                    "start": 0,
                    "end": 3,
                    "label": "개인정보"
                }
            ]
        },
        {
            "sentence": "관리부장(재무 결재)",
            "id": "sample_001_0081_000177",
            "annotations": [
                {
                    "word": "관리부장",
                    "start": 0,
                    "end": 4,
                    "label": "준식별자"
                }
            ]
        },
        {
            "sentence": "박은영",
            "id": "sample_001_0081_000178",
            "annotations": [
                {
                    "word": "박은영",
                    "start": 0,
                    "end": 3,
                    "label": "개인정보"
                }
            ]
        },
        {
            "sentence": "현장사진_20250901_포장라인.jpg",
            "id": "sample_001_0081_000179",
            "annotations": [
                {
                    "word": "202",
                    "start": 5,
                    "end": 8,
                    "label": "준식별자"
                }
            ]
        },
        {
            "sentence": "PLC_설정백업_PLCTX300_20250901.bak",
            "id": "sample_001_0081_000180",
            "annotations": [
                {
                    "word": "PLC",
                    "start": 0,
                    "end": 3,
                    "label": "준식별자"
                },
                {
                    "word": "PLC",
                    "start": 9,
                    "end": 12,
                    "label": "준식별자"
                },
                {
                    "word": "300",
                    "start": 14,
                    "end": 17,
                    "label": "개인정보"
                },
                {
                    "word": "202",
                    "start": 18,
                    "end": 21,
                    "label": "준식별자"
                }
            ]
        },
        {
            "sentence": "네트워크_토폴로지_다이어그램.txt",
            "id": "sample_001_0081_000181",
            "annotations": []
        },
        {
            "sentence": "진동센서_교정_보고서_예비.pdf",
            "id": "sample_001_0081_000182",
            "annotations": []
        },
        {
            "sentence": "0",
            "id": "sample_001_0081_000183",
            "annotations": []
        },
        {
            "sentence": "2025-09-01",
            "id": "sample_001_0081_000184",
            "annotations": [
                {
                    "word": "2025-09-01",
                    "start": 0,
                    "end": 10,
                    "label": "준식별자"
                }
            ]
        },
        {
            "sentence": "초안 작성",
            "id": "sample_001_0081_000185",
            "annotations": []
        },
        {
            "sentence": "1",
            "id": "sample_001_0081_000186",
            "annotations": []
        },
        {
            "sentence": "2025-09-05",
            "id": "sample_001_0081_000187",
            "annotations": [
                {
                    "word": "202",
                    "start": 0,
                    "end": 3,
                    "label": "준식별자"
                }
            ]
        },
        {
            "sentence": "생산부 의견 반영 - 작업 시간 조정",
            "id": "sample_001_0081_000188",
            "annotations": [
                {
                    "word": "생산부",
                    "start": 0,
                    "end": 3,
                    "label": "준식별자"
                }
            ]
        },
        {
            "sentence": "작업 당일 고객측 안전담당자(정다은, 내선211)와 공동 작업 실시.",
            "id": "sample_001_0081_000189",
            "annotations": [
                {
                    "word": "안전담당",
                    "start": 10,
                    "end": 14,
                    "label": "준식별자"
                },
                {
                    "word": "정다은",
                    "start": 16,
                    "end": 19,
                    "label": "개인정보"
                },
                {
                    "word": "211",
                    "start": 23,
                    "end": 26,
                    "label": "개인정보"
                }
            ]
        },
        {
            "sentence": "외주 전기팀은 09:00 전까지 현장 집결.",
            "id": "sample_001_0081_000190",
            "annotations": []
        },
        {
            "sentence": "작업 중 센서 위치 미세보정 시 고객 라인 일부 정지 필요하여 작업 전에 생산계획 재조정 권고..",
            "id": "sample_001_0081_000191",
            "annotations": []
        },
        {
            "sentence": "위 개선안은 자동포장기 HBP-APX-2016의 핵심 계측 및 제어 계층을 동시에 업그레이드하여 센서 신뢰성, 데이터 수집 안정성, 예측 유지보수의 정확도를 개선하도록 설계되었습니다.",
            "id": "sample_001_0081_000192",
            "annotations": [
                {
                    "word": "HBP-APX-2016",
                    "start": 13,
                    "end": 25,
                    "label": "준식별자"
                }
            ]
        },
        {
            "sentence": "총 예상비용은 6,294,000원으로 산정되며, 예상 효과가 실현될 경우 연간 불시정지 감소로 인한 생산성 향상 및 유지보수 비용 절감 효과가 크게 기대됩니다.",
            "id": "sample_001_0081_000193",
            "annotations": [
                {
                    "word": "예상비용",
                    "start": 2,
                    "end": 6,
                    "label": "기밀정보"
                }
            ]
        },
        {
            "sentence": "기술부는 본 개선안 시행 후 3개월 동안 모니터링 기간을 두어 성능지표를 평가하고 추가 개선사항을 반영할 계획입니다..",
            "id": "sample_001_0081_000194",
            "annotations": [
                {
                    "word": "기술부",
                    "start": 0,
                    "end": 3,
                    "label": "준식별자"
                }
            ]
        }
    ]
}