{
    "document_id": "001_0119",
    "document_title": "0119",
    "data": [
        {
            "sentence": "생산부_설비개선보고서_2025_001",
            "id": "sample_001_0119_000001",
            "annotations": [
                {
                    "word": "생산부",
                    "start": 0,
                    "end": 3,
                    "label": "준식별자"
                },
                {
                    "word": "202",
                    "start": 12,
                    "end": 15,
                    "label": "준식별자"
                },
                {
                    "word": "001",
                    "start": 17,
                    "end": 20,
                    "label": "개인정보"
                }
            ]
        },
        {
            "sentence": "설비 개선/업그레이드 보고서",
            "id": "sample_001_0119_000002",
            "annotations": []
        },
        {
            "sentence": "생산부",
            "id": "sample_001_0119_000003",
            "annotations": [
                {
                    "word": "생산부",
                    "start": 0,
                    "end": 3,
                    "label": "준식별자"
                }
            ]
        },
        {
            "sentence": "HB-PR-2025-001",
            "id": "sample_001_0119_000004",
            "annotations": [
                {
                    "word": "2025-001",
                    "start": 6,
                    "end": 14,
                    "label": "개인정보"
                }
            ]
        },
        {
            "sentence": "1.0",
            "id": "sample_001_0119_000005",
            "annotations": []
        },
        {
            "sentence": "CNC 자동화라인(#3) - 센서 통합 모듈 및 PLC 펌웨어 업그레이드 프로젝트 보고서",
            "id": "sample_001_0119_000006",
            "annotations": [
                {
                    "word": "PLC",
                    "start": 27,
                    "end": 30,
                    "label": "준식별자"
                }
            ]
        },
        {
            "sentence": "박준호",
            "id": "sample_001_0119_000007",
            "annotations": [
                {
                    "word": "박준호",
                    "start": 0,
                    "end": 3,
                    "label": "개인정보"
                }
            ]
        },
        {
            "sentence": "생산부 선임엔지니어",
            "id": "sample_001_0119_000008",
            "annotations": [
                {
                    "word": "생산부 선임엔지니어",
                    "start": 0,
                    "end": 10,
                    "label": "준식별자"
                }
            ]
        },
        {
            "sentence": "HB-PR-021",
            "id": "sample_001_0119_000009",
            "annotations": [
                {
                    "word": "HB-PR-021",
                    "start": 0,
                    "end": 9,
                    "label": "개인정보"
                }
            ]
        },
        {
            "sentence": "031-755-0102",
            "id": "sample_001_0119_000010",
            "annotations": [
                {
                    "word": "031-755-0102",
                    "start": 0,
                    "end": 12,
                    "label": "개인정보"
                }
            ]
        },
        {
            "sentence": "010-9123-4567",
            "id": "sample_001_0119_000011",
            "annotations": [
                {
                    "word": "010-9123-4567",
                    "start": 0,
                    "end": 13,
                    "label": "개인정보"
                }
            ]
        },
        {
            "sentence": "junho.park@hanbitsol.com",
            "id": "sample_001_0119_000012",
            "annotations": [
                {
                    "word": "junho.park@hanbitsol.com",
                    "start": 0,
                    "end": 24,
                    "label": "개인정보"
                }
            ]
        },
        {
            "sentence": "최민지",
            "id": "sample_001_0119_000013",
            "annotations": [
                {
                    "word": "최민지",
                    "start": 0,
                    "end": 3,
                    "label": "개인정보"
                }
            ]
        },
        {
            "sentence": "생산부 QC팀장",
            "id": "sample_001_0119_000014",
            "annotations": [
                {
                    "word": "생산부 QC팀장",
                    "start": 0,
                    "end": 8,
                    "label": "준식별자"
                }
            ]
        },
        {
            "sentence": "HB-PR-034",
            "id": "sample_001_0119_000015",
            "annotations": [
                {
                    "word": "HB-PR-034",
                    "start": 0,
                    "end": 9,
                    "label": "개인정보"
                }
            ]
        },
        {
            "sentence": "010-3344-5566",
            "id": "sample_001_0119_000016",
            "annotations": [
                {
                    "word": "010-3344-5566",
                    "start": 0,
                    "end": 13,
                    "label": "개인정보"
                }
            ]
        },
        {
            "sentence": "minji.choi@hanbitsol.com",
            "id": "sample_001_0119_000017",
            "annotations": [
                {
                    "word": "minji.choi@hanbitsol.com",
                    "start": 0,
                    "end": 24,
                    "label": "개인정보"
                }
            ]
        },
        {
            "sentence": "이수연",
            "id": "sample_001_0119_000018",
            "annotations": [
                {
                    "word": "이수연",
                    "start": 0,
                    "end": 3,
                    "label": "개인정보"
                }
            ]
        },
        {
            "sentence": "기술부 수석엔지니어",
            "id": "sample_001_0119_000019",
            "annotations": [
                {
                    "word": "기술부 수석엔지니어",
                    "start": 0,
                    "end": 10,
                    "label": "준식별자"
                }
            ]
        },
        {
            "sentence": "HB-TE-011",
            "id": "sample_001_0119_000020",
            "annotations": [
                {
                    "word": "HB-TE-011",
                    "start": 0,
                    "end": 9,
                    "label": "개인정보"
                }
            ]
        },
        {
            "sentence": "010-7788-9900",
            "id": "sample_001_0119_000021",
            "annotations": [
                {
                    "word": "010-7788-9900",
                    "start": 0,
                    "end": 13,
                    "label": "개인정보"
                }
            ]
        },
        {
            "sentence": "sooyoun.lee@hanbitsol.com",
            "id": "sample_001_0119_000022",
            "annotations": [
                {
                    "word": "sooyoun.lee@hanbitsol.com",
                    "start": 0,
                    "end": 25,
                    "label": "개인정보"
                }
            ]
        },
        {
            "sentence": "김도영",
            "id": "sample_001_0119_000023",
            "annotations": [
                {
                    "word": "김도영",
                    "start": 0,
                    "end": 3,
                    "label": "개인정보"
                }
            ]
        },
        {
            "sentence": "관리부장(승인)",
            "id": "sample_001_0119_000024",
            "annotations": [
                {
                    "word": "관리부장",
                    "start": 0,
                    "end": 4,
                    "label": "준식별자"
                }
            ]
        },
        {
            "sentence": "HB-MG-003",
            "id": "sample_001_0119_000025",
            "annotations": [
                {
                    "word": "HB-MG-003",
                    "start": 0,
                    "end": 9,
                    "label": "개인정보"
                }
            ]
        },
        {
            "sentence": "031-755-0100",
            "id": "sample_001_0119_000026",
            "annotations": [
                {
                    "word": "031-755-0100",
                    "start": 0,
                    "end": 12,
                    "label": "개인정보"
                }
            ]
        },
        {
            "sentence": "doyoung.kim@hanbitsol.com",
            "id": "sample_001_0119_000027",
            "annotations": [
                {
                    "word": "doyoung.kim@hanbitsol.com",
                    "start": 0,
                    "end": 25,
                    "label": "개인정보"
                }
            ]
        },
        {
            "sentence": "2025-09-05",
            "id": "sample_001_0119_000028",
            "annotations": [
                {
                    "word": "202",
                    "start": 0,
                    "end": 3,
                    "label": "준식별자"
                }
            ]
        },
        {
            "sentence": "2025-09-10",
            "id": "sample_001_0119_000029",
            "annotations": [
                {
                    "word": "2025-09-10",
                    "start": 0,
                    "end": 10,
                    "label": "준식별자"
                }
            ]
        },
        {
            "sentence": "2025-09-25",
            "id": "sample_001_0119_000030",
            "annotations": [
                {
                    "word": "202",
                    "start": 0,
                    "end": 3,
                    "label": "준식별자"
                }
            ]
        },
        {
            "sentence": "CNC 자동화라인 #3",
            "id": "sample_001_0119_000031",
            "annotations": []
        },
        {
            "sentence": "CNC-3-A01",
            "id": "sample_001_0119_000032",
            "annotations": []
        },
        {
            "sentence": "ROBOT-ARM-3B",
            "id": "sample_001_0119_000033",
            "annotations": []
        },
        {
            "sentence": "PLC-3-CPU",
            "id": "sample_001_0119_000034",
            "annotations": [
                {
                    "word": "PLC",
                    "start": 0,
                    "end": 3,
                    "label": "준식별자"
                }
            ]
        },
        {
            "sentence": "SENSOR-HB-V2-01",
            "id": "sample_001_0119_000035",
            "annotations": []
        },
        {
            "sentence": "본사 공장 2층 생산구역(분당구)",
            "id": "sample_001_0119_000036",
            "annotations": [
                {
                    "word": "분당구",
                    "start": 14,
                    "end": 17,
                    "label": "준식별자"
                }
            ]
        },
        {
            "sentence": "본 보고서는 생산부에서 운영 중인 CNC 자동화라인 #3의 가동률 향상 및 불량률 감소를 목적으로 수행하는 설비 개선(하드웨어 및 소프트웨어) 프로젝트의 전체 계획서, 기술 사양, 시행 절차, 리스크 평가 및 예상 효과를 상세히 서술한 문서이다.",
            "id": "sample_001_0119_000037",
            "annotations": [
                {
                    "word": "생산부",
                    "start": 7,
                    "end": 10,
                    "label": "준식별자"
                }
            ]
        },
        {
            "sentence": "주요 개선 내용은 다음과 같다.",
            "id": "sample_001_0119_000038",
            "annotations": []
        },
        {
            "sentence": "첫째, 기존의 분산형 센서(진동, 온도, 유량, 전류)들을 한빛솔루션에서 개발한 '한빛 IoT 센서 통합 모듈 V2'로 통합하여 각 설비의 데이터 수집 정확도와 샘플링 주기(기존 1분 → 개선 후 1초)를 획기적으로 개선한다.",
            "id": "sample_001_0119_000039",
            "annotations": []
        },
        {
            "sentence": "둘째, PLC(모델 PLC-3-CPU)의 펌웨어를 최신 안정 릴리스(버전 4.2.1)로 업그레이드하고, 한빛 AI-CPS와의 인터페이스 프로토콜을 표준화한다.",
            "id": "sample_001_0119_000040",
            "annotations": [
                {
                    "word": "PLC",
                    "start": 4,
                    "end": 7,
                    "label": "준식별자"
                },
                {
                    "word": "PLC",
                    "start": 11,
                    "end": 14,
                    "label": "준식별자"
                },
                {
                    "word": "한빛 AI-CPS",
                    "start": 58,
                    "end": 67,
                    "label": "기밀정보"
                }
            ]
        },
        {
            "sentence": "셋째, 기존 로봇암 제어 루틴에 안전 및 예외 처리 로직을 추가하여 비정상 상황에서의 자동 복구 시간을 단축한다.",
            "id": "sample_001_0119_000041",
            "annotations": []
        },
        {
            "sentence": "넷째, 데이터 파이프라인을 재설계하여 설비에서 수집된 실시간 지표가 한빛 데이터 솔루션으로의 전송 지연을 30초 이내에서 3초 이내로 단축한다.",
            "id": "sample_001_0119_000042",
            "annotations": [
                {
                    "word": "한빛 데이터 솔루션",
                    "start": 38,
                    "end": 48,
                    "label": "기밀정보"
                }
            ]
        },
        {
            "sentence": "개선 과정에서 생산부와 기술부, 그리고 관리부(예산 승인 및 계약 검수)의 협업이 필수적이며, 본 문서에는 각 단계의 책임자와 세부 일정, 자재(BOM), 예상 비용, 테스트 결과 및 사후 관리 방안을 포함한다..",
            "id": "sample_001_0119_000043",
            "annotations": [
                {
                    "word": "생산부",
                    "start": 8,
                    "end": 11,
                    "label": "준식별자"
                },
                {
                    "word": "기술부",
                    "start": 13,
                    "end": 16,
                    "label": "준식별자"
                },
                {
                    "word": "관리부",
                    "start": 22,
                    "end": 25,
                    "label": "준식별자"
                }
            ]
        },
        {
            "sentence": "1) 센서 통합 모듈(HB-IoT-Sensor-V2) 사양:- 측정 항목: 진동(가속도), 축온도, 전류, 전압, 유량(유압 회로), 광센서(작업물 존재 유무)- 샘플링 주기: 기본 1초(동작 모드에 따라 0.2초까지 가변)- 통신: Ethernet (Modbus TCP), MQTT over TLS 지원- 전원: 24V DC, 소비전력 평균 3.8W- 보호 등급: IP65- 동작 온도: -20°C ~ 60°C- 인증: CE, RoHS(내부 테스트 완료, 인증서 첨부)2) PLC 펌웨어 업그레이드 세부사항:- 대상 PLC: PLC-3-CPU (현재 펌웨어 3.7.8)- 업그레이드 버전: 4.2.1 (한빛솔루션 기술부 검증 빌드)- 변경점: 통신 스택 개선, 오류 핸들링 루틴 추가, 네이티브 MQTT 클라이언트 내장- 롤백 절차: 업그레이드 실패 시 3.7.8로 자동 복원, 구형 펌웨어 이미지는 안전 저장소에 보관3) 네트워크 및 데이터 파이프라인:- 구조: 현장 LAN(스위치) → 현장 게이트웨이(HB-GW-01) → 전용 VLAN → 한빛 데이터 허브- QoS 정책: 센서 데이터(우선순위 '높음'), 업무용 트래픽(중간), 기타 로그(낮음)- 보안: TLS1.2 이상, 인증서 기반 상호 인증(Mutual TLS)4) 제어 로직 변경 상세:- 로봇암 비상정지 후 자동 복구 루틴 추가(회전축 포지셔닝 확인 → 센서 이상유무 확인 → 재시작 승인 조건 충족 시 30초 내 자동 재가동)- CNC 가공 중 미세 진동 임계치 초과 시 자동 공정 중지 및 예비 설비로 공정 이관 기능5) BOM (주요자재):- HB-IoT-Sensor-V2 x 12대- HB-GW-01 Field Gateway x 2대- Ethernet Switch (Managed, PoE) x 2대- PLC-3-CPU Spare Module x 1대- 케이블류(Shielded Cat6, 200m)- 설치 자재(브래킷, 케이블 타이 등)- 안전 스위치 및 라이트커튼(2세트)- 공수(설치, 배선, 펌웨어 업그레이드, 테스트) 160인시6) 성능 목표(정량적 지표):- 설비 가동률(Operating Time) 기존 86.2% → 목표 93.5% 이상- 불량률 기존 2.3% → 목표 1.0% 이하- 설비 평균복구시간(MTTR) 기존 45분 → 목표 12분 이하- 예지보전 성공률(고장 예측 정확도) 목표 85% 이상7) 규격 문서 및 관련 규정:- 한빛솔루션 내부 '설비 변경관리 규정' 제3조~제7조 적용- 안전 관련: 산업안전보건법 및 관련 지침 준수- 계약 근거: 고객사 A사와의 장비 유지보수 계약서(문서번호: CTR-A-2023-078) 참조",
            "id": "sample_001_0119_000044",
            "annotations": [
                {
                    "word": "Modbus TCP",
                    "start": 141,
                    "end": 151,
                    "label": "기밀정보"
                },
                {
                    "word": "MQTT over TLS",
                    "start": 154,
                    "end": 167,
                    "label": "기밀정보"
                },
                {
                    "word": "PLC",
                    "start": 266,
                    "end": 269,
                    "label": "준식별자"
                },
                {
                    "word": "PLC",
                    "start": 290,
                    "end": 293,
                    "label": "준식별자"
                },
                {
                    "word": "PLC",
                    "start": 295,
                    "end": 298,
                    "label": "준식별자"
                },
                {
                    "word": "기술부",
                    "start": 344,
                    "end": 347,
                    "label": "준식별자"
                },
                {
                    "word": "HB-GW-01",
                    "start": 508,
                    "end": 516,
                    "label": "기밀정보"
                },
                {
                    "word": "HB-GW-01",
                    "start": 818,
                    "end": 826,
                    "label": "기밀정보"
                },
                {
                    "word": "PLC",
                    "start": 884,
                    "end": 887,
                    "label": "준식별자"
                },
                {
                    "word": "200",
                    "start": 933,
                    "end": 936,
                    "label": "개인정보"
                },
                {
                    "word": "A사",
                    "start": 1263,
                    "end": 1265,
                    "label": "기밀정보"
                },
                {
                    "word": "202",
                    "start": 1292,
                    "end": 1295,
                    "label": "준식별자"
                }
            ]
        },
        {
            "sentence": "본 시행 계획은 준비(사전검토) → 자재조달 → 설치 및 배선공사 → 펌웨어 및 통합테스트 → 현장 검증(시운전) → 운영이전(교육 포함) 순으로 단계별 책임자와 일정, 세부 작업지시를 포함한다.",
            "id": "sample_001_0119_000045",
            "annotations": []
        },
        {
            "sentence": "각 단계별로 비상연락망과 롤백 계획을 명확히 하고, 공정별 체크리스트를 통해 품질을 관리한다..",
            "id": "sample_001_0119_000046",
            "annotations": []
        },
        {
            "sentence": "사전검토(Design Review)",
            "id": "sample_001_0119_000047",
            "annotations": []
        },
        {
            "sentence": "2025-09-10",
            "id": "sample_001_0119_000048",
            "annotations": [
                {
                    "word": "2025-09-10",
                    "start": 0,
                    "end": 10,
                    "label": "준식별자"
                }
            ]
        },
        {
            "sentence": "2025-09-11",
            "id": "sample_001_0119_000049",
            "annotations": [
                {
                    "word": "202",
                    "start": 0,
                    "end": 3,
                    "label": "준식별자"
                }
            ]
        },
        {
            "sentence": "현장 실측(박준호, 최민지 동행) 및 기존 제어계통 문서 수집",
            "id": "sample_001_0119_000050",
            "annotations": [
                {
                    "word": "박준호",
                    "start": 6,
                    "end": 9,
                    "label": "개인정보"
                },
                {
                    "word": "최민지",
                    "start": 11,
                    "end": 14,
                    "label": "개인정보"
                }
            ]
        },
        {
            "sentence": "네트워크 토폴로지 확정(이수연 책임)",
            "id": "sample_001_0119_000051",
            "annotations": [
                {
                    "word": "이수연",
                    "start": 13,
                    "end": 16,
                    "label": "개인정보"
                }
            ]
        },
        {
            "sentence": "BOM 최종 확정 및 구매 요청서 발행(관리부 승인 필요)",
            "id": "sample_001_0119_000052",
            "annotations": [
                {
                    "word": "관리부",
                    "start": 22,
                    "end": 25,
                    "label": "준식별자"
                }
            ]
        },
        {
            "sentence": "박준호",
            "id": "sample_001_0119_000053",
            "annotations": [
                {
                    "word": "박준호",
                    "start": 0,
                    "end": 3,
                    "label": "개인정보"
                }
            ]
        },
        {
            "sentence": "자재 조달",
            "id": "sample_001_0119_000054",
            "annotations": []
        },
        {
            "sentence": "2025-09-12",
            "id": "sample_001_0119_000055",
            "annotations": [
                {
                    "word": "202",
                    "start": 0,
                    "end": 3,
                    "label": "준식별자"
                }
            ]
        },
        {
            "sentence": "2025-09-15",
            "id": "sample_001_0119_000056",
            "annotations": [
                {
                    "word": "2025-09-15",
                    "start": 0,
                    "end": 10,
                    "label": "준식별자"
                }
            ]
        },
        {
            "sentence": "HB-IoT-Sensor-V2 외부 공급사와 납품 일정 조율(구매 담당자 연계)",
            "id": "sample_001_0119_000057",
            "annotations": []
        },
        {
            "sentence": "전문 설치 인력(전기, 네트워크) 스케줄 확보",
            "id": "sample_001_0119_000058",
            "annotations": []
        },
        {
            "sentence": "예비 부품(PLC spare) 검수",
            "id": "sample_001_0119_000059",
            "annotations": [
                {
                    "word": "PLC",
                    "start": 6,
                    "end": 9,
                    "label": "준식별자"
                }
            ]
        },
        {
            "sentence": "관리부 구매팀(연계: 김도영)",
            "id": "sample_001_0119_000060",
            "annotations": [
                {
                    "word": "관리부",
                    "start": 0,
                    "end": 3,
                    "label": "준식별자"
                },
                {
                    "word": "김도영",
                    "start": 12,
                    "end": 15,
                    "label": "개인정보"
                }
            ]
        },
        {
            "sentence": "설치 및 배선",
            "id": "sample_001_0119_000061",
            "annotations": []
        },
        {
            "sentence": "2025-09-16",
            "id": "sample_001_0119_000062",
            "annotations": [
                {
                    "word": "202",
                    "start": 0,
                    "end": 3,
                    "label": "준식별자"
                }
            ]
        },
        {
            "sentence": "2025-09-19",
            "id": "sample_001_0119_000063",
            "annotations": [
                {
                    "word": "202",
                    "start": 0,
                    "end": 3,
                    "label": "준식별자"
                }
            ]
        },
        {
            "sentence": "CNC-3-A01 및 로봇암 주변 센서 마운팅(12대 설치)",
            "id": "sample_001_0119_000064",
            "annotations": []
        },
        {
            "sentence": "필요 전원선 및 Ethernet 배선 작업(Shielded Cat6 사용 권장)",
            "id": "sample_001_0119_000065",
            "annotations": []
        },
        {
            "sentence": "라이트커튼 및 안전스위치 설치 및 하드웨어 검증",
            "id": "sample_001_0119_000066",
            "annotations": []
        },
        {
            "sentence": "현장 설치팀(주관: 박준호)",
            "id": "sample_001_0119_000067",
            "annotations": [
                {
                    "word": "박준호",
                    "start": 11,
                    "end": 14,
                    "label": "개인정보"
                }
            ]
        },
        {
            "sentence": "펌웨어 업그레이드 및 통합",
            "id": "sample_001_0119_000068",
            "annotations": []
        },
        {
            "sentence": "2025-09-20",
            "id": "sample_001_0119_000069",
            "annotations": [
                {
                    "word": "202",
                    "start": 0,
                    "end": 3,
                    "label": "준식별자"
                }
            ]
        },
        {
            "sentence": "2025-09-21",
            "id": "sample_001_0119_000070",
            "annotations": [
                {
                    "word": "202",
                    "start": 0,
                    "end": 3,
                    "label": "준식별자"
                }
            ]
        },
        {
            "sentence": "PLC 펌웨어 4.2.1 플래시(이수연 주관)",
            "id": "sample_001_0119_000071",
            "annotations": [
                {
                    "word": "PLC",
                    "start": 0,
                    "end": 3,
                    "label": "준식별자"
                },
                {
                    "word": "이수연",
                    "start": 18,
                    "end": 21,
                    "label": "개인정보"
                }
            ]
        },
        {
            "sentence": "HB-GW-01 게이트웨이 설정 및 TLS 인증서 설치",
            "id": "sample_001_0119_000072",
            "annotations": [
                {
                    "word": "HB-GW-01",
                    "start": 0,
                    "end": 8,
                    "label": "기밀정보"
                }
            ]
        },
        {
            "sentence": "통합 모듈과 PLC 간 Modbus/MQTT 통신 테스트",
            "id": "sample_001_0119_000073",
            "annotations": [
                {
                    "word": "PLC",
                    "start": 7,
                    "end": 10,
                    "label": "준식별자"
                }
            ]
        },
        {
            "sentence": "기술부(이수연)",
            "id": "sample_001_0119_000074",
            "annotations": [
                {
                    "word": "기술부",
                    "start": 0,
                    "end": 3,
                    "label": "준식별자"
                },
                {
                    "word": "이수연",
                    "start": 4,
                    "end": 7,
                    "label": "개인정보"
                }
            ]
        },
        {
            "sentence": "시운전 및 현장검증",
            "id": "sample_001_0119_000075",
            "annotations": []
        },
        {
            "sentence": "2025-09-22",
            "id": "sample_001_0119_000076",
            "annotations": [
                {
                    "word": "202",
                    "start": 0,
                    "end": 3,
                    "label": "준식별자"
                }
            ]
        },
        {
            "sentence": "2025-09-24",
            "id": "sample_001_0119_000077",
            "annotations": [
                {
                    "word": "202",
                    "start": 0,
                    "end": 3,
                    "label": "준식별자"
                }
            ]
        },
        {
            "sentence": "정상가동 시나리오 10케이스 수행(최민지 주도 QC 테스팅)",
            "id": "sample_001_0119_000078",
            "annotations": [
                {
                    "word": "최민지",
                    "start": 19,
                    "end": 22,
                    "label": "개인정보"
                }
            ]
        },
        {
            "sentence": "비정상/에러 시나리오 8케이스 수행(예: 센서 오작동, 통신단절)",
            "id": "sample_001_0119_000079",
            "annotations": []
        },
        {
            "sentence": "성능지표(가동률, 불량률, MTTR) 예비측정 및 보고",
            "id": "sample_001_0119_000080",
            "annotations": []
        },
        {
            "sentence": "생산부 QC팀(최민지)",
            "id": "sample_001_0119_000081",
            "annotations": [
                {
                    "word": "생산부",
                    "start": 0,
                    "end": 3,
                    "label": "준식별자"
                },
                {
                    "word": "최민지",
                    "start": 8,
                    "end": 11,
                    "label": "개인정보"
                }
            ]
        },
        {
            "sentence": "운영이전 및 교육",
            "id": "sample_001_0119_000082",
            "annotations": []
        },
        {
            "sentence": "2025-09-25",
            "id": "sample_001_0119_000083",
            "annotations": [
                {
                    "word": "202",
                    "start": 0,
                    "end": 3,
                    "label": "준식별자"
                }
            ]
        },
        {
            "sentence": "2025-09-25",
            "id": "sample_001_0119_000084",
            "annotations": [
                {
                    "word": "202",
                    "start": 0,
                    "end": 3,
                    "label": "준식별자"
                }
            ]
        },
        {
            "sentence": "운영자 교육(운영매뉴얼 배포, 8시간 교육 세션)",
            "id": "sample_001_0119_000085",
            "annotations": []
        },
        {
            "sentence": "유지보수 체크리스트 전달 및 정기점검 일정 확정",
            "id": "sample_001_0119_000086",
            "annotations": []
        },
        {
            "sentence": "최종 승인 및 프로젝트 종료보고서 제출",
            "id": "sample_001_0119_000087",
            "annotations": []
        },
        {
            "sentence": "박준호 / 이수연",
            "id": "sample_001_0119_000088",
            "annotations": [
                {
                    "word": "박준호",
                    "start": 0,
                    "end": 3,
                    "label": "개인정보"
                },
                {
                    "word": "이수연",
                    "start": 6,
                    "end": 9,
                    "label": "개인정보"
                }
            ]
        },
        {
            "sentence": "업그레이드 중 심각한 문제가 발생할 경우 즉시 작업을 중단하고, 롤백 절차에 따라 PLC를 이전 안정버전(3.7.8)으로 복구한다.",
            "id": "sample_001_0119_000089",
            "annotations": [
                {
                    "word": "PLC",
                    "start": 46,
                    "end": 49,
                    "label": "준식별자"
                }
            ]
        },
        {
            "sentence": "센서 통합 모듈 관련 문제는 모듈을 현장 격리 후 기존 센서 라인으로 임시 전환 가능토록 우회 배선(Hot-Swap) 시나리오를 준비한다.",
            "id": "sample_001_0119_000090",
            "annotations": []
        },
        {
            "sentence": "롤백 결정 권한은 프로젝트 리더(박준호) 및 기술부 수석(이수연), 관리부장(김도영)이 공동으로 가진다..",
            "id": "sample_001_0119_000091",
            "annotations": [
                {
                    "word": "박준호",
                    "start": 18,
                    "end": 21,
                    "label": "개인정보"
                },
                {
                    "word": "기술부",
                    "start": 25,
                    "end": 28,
                    "label": "준식별자"
                },
                {
                    "word": "이수연",
                    "start": 32,
                    "end": 35,
                    "label": "개인정보"
                },
                {
                    "word": "관리부장",
                    "start": 38,
                    "end": 42,
                    "label": "준식별자"
                },
                {
                    "word": "김도영",
                    "start": 43,
                    "end": 46,
                    "label": "개인정보"
                }
            ]
        },
        {
            "sentence": "설비 개선 프로젝트에서 예상되는 리스크와 그에 대한 대응책을 기술한다.",
            "id": "sample_001_0119_000092",
            "annotations": []
        },
        {
            "sentence": "리스크는 기술적, 일정적, 비용적, 안전적 측면으로 구분된다..",
            "id": "sample_001_0119_000093",
            "annotations": []
        },
        {
            "sentence": "R01",
            "id": "sample_001_0119_000094",
            "annotations": []
        },
        {
            "sentence": "PLC 펌웨어 업그레이드 실패로 인한 설비 가동 불가",
            "id": "sample_001_0119_000095",
            "annotations": [
                {
                    "word": "PLC",
                    "start": 0,
                    "end": 3,
                    "label": "준식별자"
                }
            ]
        },
        {
            "sentence": "중(30~50%)",
            "id": "sample_001_0119_000096",
            "annotations": []
        },
        {
            "sentence": "높음(전면 가동 중단 가능)",
            "id": "sample_001_0119_000097",
            "annotations": []
        },
        {
            "sentence": "사전 백업 이미지 확보, 업그레이드 전 테스트베드에서 충분한 사전 검증, 작업시간을 야간 또는 비생산 시간대로 지정",
            "id": "sample_001_0119_000098",
            "annotations": []
        },
        {
            "sentence": "R02",
            "id": "sample_001_0119_000099",
            "annotations": []
        },
        {
            "sentence": "네트워크 지연/패킷 손실로 인한 데이터 유실",
            "id": "sample_001_0119_000100",
            "annotations": []
        },
        {
            "sentence": "중(20~40%)",
            "id": "sample_001_0119_000101",
            "annotations": []
        },
        {
            "sentence": "중(트렌드 분석 정확도 저하)",
            "id": "sample_001_0119_000102",
            "annotations": []
        },
        {
            "sentence": "VLAN 및 QoS 설정, 패킷 재전송 정책 적용, 데이터 버퍼링 구현",
            "id": "sample_001_0119_000103",
            "annotations": []
        },
        {
            "sentence": "R03",
            "id": "sample_001_0119_000104",
            "annotations": []
        },
        {
            "sentence": "센서 통합 모듈의 현장 환경 부적합(IP등급, 전자파 간섭)",
            "id": "sample_001_0119_000105",
            "annotations": []
        },
        {
            "sentence": "낮(10~20%)",
            "id": "sample_001_0119_000106",
            "annotations": []
        },
        {
            "sentence": "중",
            "id": "sample_001_0119_000107",
            "annotations": []
        },
        {
            "sentence": "현장 실측 결과에 따른 추가 실드 및 브라켓 보완, 대체모델 확보",
            "id": "sample_001_0119_000108",
            "annotations": []
        },
        {
            "sentence": "R04",
            "id": "sample_001_0119_000109",
            "annotations": []
        },
        {
            "sentence": "작업자 안전사고(전기/기계적)",
            "id": "sample_001_0119_000110",
            "annotations": [
                {
                    "word": "작업자",
                    "start": 0,
                    "end": 3,
                    "label": "준식별자"
                }
            ]
        },
        {
            "sentence": "낮(5~10%)",
            "id": "sample_001_0119_000111",
            "annotations": []
        },
        {
            "sentence": "매우 높음(인명 피해 가능)",
            "id": "sample_001_0119_000112",
            "annotations": []
        },
        {
            "sentence": "작업 전 전원 차단, 안전교육, 라이트커튼 설치, 안전모드 테스트",
            "id": "sample_001_0119_000113",
            "annotations": []
        },
        {
            "sentence": "R05",
            "id": "sample_001_0119_000114",
            "annotations": []
        },
        {
            "sentence": "예상 비용 초과",
            "id": "sample_001_0119_000115",
            "annotations": []
        },
        {
            "sentence": "중(25~35%)",
            "id": "sample_001_0119_000116",
            "annotations": []
        },
        {
            "sentence": "중",
            "id": "sample_001_0119_000117",
            "annotations": []
        },
        {
            "sentence": "비용 버퍼(전체 예산의 10%) 확보, 구매 단계에서 다수 공급사 견적 비교",
            "id": "sample_001_0119_000118",
            "annotations": []
        },
        {
            "sentence": "각 리스크별 모니터링 지표를 설정하고 주간 위험관리회의에서 점검한다.",
            "id": "sample_001_0119_000119",
            "annotations": []
        },
        {
            "sentence": "예) R01은 펌웨어 업그레이드 성공률, R02는 평균 패킷 지연시간(P99), R04는 안전 점검 통과율 등으로 구성..",
            "id": "sample_001_0119_000120",
            "annotations": []
        },
        {
            "sentence": "가동률 기존 86.2% → 목표 93.5% (+7.3%p)",
            "id": "sample_001_0119_000121",
            "annotations": []
        },
        {
            "sentence": "불량률 기존 2.3% → 목표 1.0% (-1.3%p)",
            "id": "sample_001_0119_000122",
            "annotations": []
        },
        {
            "sentence": "MTTR 기존 45분 → 목표 12분 (약 73% 감소)",
            "id": "sample_001_0119_000123",
            "annotations": []
        },
        {
            "sentence": "예지보전 고장예측 정확도 85% 이상 목표",
            "id": "sample_001_0119_000124",
            "annotations": []
        },
        {
            "sentence": "운영자 업무부담 경감(수동 모니터링 감소)",
            "id": "sample_001_0119_000125",
            "annotations": []
        },
        {
            "sentence": "사내 데이터 기반 의사결정 체계 강화",
            "id": "sample_001_0119_000126",
            "annotations": []
        },
        {
            "sentence": "고객사에 대한 신속한 사후지원 가능(원격 진단 기능 활용)",
            "id": "sample_001_0119_000127",
            "annotations": []
        },
        {
            "sentence": "가동률 및 불량률은 기존 MES 데이터와 비교하여 30일 평균값으로 측정한다.",
            "id": "sample_001_0119_000128",
            "annotations": []
        },
        {
            "sentence": "MTTR은 고장발생시점부터 정상복구 완료시점까지의 로그로 산출한다.",
            "id": "sample_001_0119_000129",
            "annotations": []
        },
        {
            "sentence": "예지보전 정확도는 실제 고장 발생/미발생 케이스 대비 예측 결과의 일치율로 산정한다..",
            "id": "sample_001_0119_000130",
            "annotations": []
        },
        {
            "sentence": "본 프로젝트의 예상 비용은 자재비(하드웨어), 소프트웨어/라이선스, 인건비(설치 및 테스트), 예비비(비상 대응)로 구성된다..",
            "id": "sample_001_0119_000131",
            "annotations": [
                {
                    "word": "예비비",
                    "start": 53,
                    "end": 56,
                    "label": "기밀정보"
                }
            ]
        },
        {
            "sentence": "HB-IoT-Sensor-V2 (12대)",
            "id": "sample_001_0119_000132",
            "annotations": []
        },
        {
            "sentence": "HB-GW-01 Field Gateway (2대)",
            "id": "sample_001_0119_000133",
            "annotations": [
                {
                    "word": "HB-GW-01",
                    "start": 0,
                    "end": 8,
                    "label": "기밀정보"
                }
            ]
        },
        {
            "sentence": "Ethernet Switch (Managed, PoE) (2대)",
            "id": "sample_001_0119_000134",
            "annotations": []
        },
        {
            "sentence": "PLC-3-CPU Spare Module",
            "id": "sample_001_0119_000135",
            "annotations": [
                {
                    "word": "PLC",
                    "start": 0,
                    "end": 3,
                    "label": "준식별자"
                }
            ]
        },
        {
            "sentence": "케이블/설치자재",
            "id": "sample_001_0119_000136",
            "annotations": []
        },
        {
            "sentence": "설치/배선/테스트(인건비, 160인시)",
            "id": "sample_001_0119_000137",
            "annotations": []
        },
        {
            "sentence": "펌웨어 검증 및 기술지원(외부 컨설팅 포함)",
            "id": "sample_001_0119_000138",
            "annotations": []
        },
        {
            "sentence": "예비비(프로젝트 전체 비용의 10%)",
            "id": "sample_001_0119_000139",
            "annotations": [
                {
                    "word": "예비비",
                    "start": 0,
                    "end": 3,
                    "label": "기밀정보"
                }
            ]
        },
        {
            "sentence": "KRW",
            "id": "sample_001_0119_000140",
            "annotations": []
        },
        {
            "sentence": "견적은 2025년 8월 기준 공급사 견적을 바탕으로 작성되었으며, 실제 발주 시 변동 가능성이 있음.",
            "id": "sample_001_0119_000141",
            "annotations": [
                {
                    "word": "202",
                    "start": 4,
                    "end": 7,
                    "label": "준식별자"
                }
            ]
        },
        {
            "sentence": "예비비는 공급 지연 및 추가 공수 발생을 감안하여 책정..",
            "id": "sample_001_0119_000142",
            "annotations": [
                {
                    "word": "예비비",
                    "start": 0,
                    "end": 3,
                    "label": "기밀정보"
                }
            ]
        },
        {
            "sentence": "설치 완료 후 시운전 단계에서 수행할 테스트 케이스 및 예비 결과(예시)를 기록한다.",
            "id": "sample_001_0119_000143",
            "annotations": []
        },
        {
            "sentence": "실제 테스트는 시운전 기간(2025-09-22 ~ 2025-09-24)에 수행되며, 아래는 예비 테스트 계획 및 예상 결과 샘플이다..",
            "id": "sample_001_0119_000144",
            "annotations": [
                {
                    "word": "202",
                    "start": 15,
                    "end": 18,
                    "label": "준식별자"
                },
                {
                    "word": "202",
                    "start": 28,
                    "end": 31,
                    "label": "준식별자"
                }
            ]
        },
        {
            "sentence": "TC-01",
            "id": "sample_001_0119_000145",
            "annotations": []
        },
        {
            "sentence": "정상가동(기준값) 시나리오",
            "id": "sample_001_0119_000146",
            "annotations": []
        },
        {
            "sentence": "정상 공정 재료 투입 → CNC 가공 시작 → 로봇암 소재 이송 → 기준 공차 내 제품 산출",
            "id": "sample_001_0119_000147",
            "annotations": []
        },
        {
            "sentence": "가공 후 치수 오차 ±0.02mm 이내, 생산속도 1 cycle/45초 유지",
            "id": "sample_001_0119_000148",
            "annotations": []
        },
        {
            "sentence": "생산부 운영팀",
            "id": "sample_001_0119_000149",
            "annotations": [
                {
                    "word": "생산부",
                    "start": 0,
                    "end": 3,
                    "label": "준식별자"
                }
            ]
        },
        {
            "sentence": "예비결과: 샘플 100개 기준 평균 치수편차 0.018mm, 속도 평균 1cycle/44.8초",
            "id": "sample_001_0119_000150",
            "annotations": [
                {
                    "word": "100",
                    "start": 9,
                    "end": 12,
                    "label": "개인정보"
                }
            ]
        },
        {
            "sentence": "TC-02",
            "id": "sample_001_0119_000151",
            "annotations": []
        },
        {
            "sentence": "진동 임계치 초과 시 공정 중지 및 알람",
            "id": "sample_001_0119_000152",
            "annotations": []
        },
        {
            "sentence": "인위적으로 진동 발생(0.6g → 임계치 0.5g 초과) → 시스템 응답 관찰",
            "id": "sample_001_0119_000153",
            "annotations": []
        },
        {
            "sentence": "장비 자동 정지 후 알람 전송, MTTR 로그 기록",
            "id": "sample_001_0119_000154",
            "annotations": []
        },
        {
            "sentence": "QC팀",
            "id": "sample_001_0119_000155",
            "annotations": []
        },
        {
            "sentence": "예비결과: 알람 전송 지연 2.1초, 자동정지 완료 1.8초, MTTR 시뮬레이션 복구시간 9분 30초",
            "id": "sample_001_0119_000156",
            "annotations": []
        },
        {
            "sentence": "TC-03",
            "id": "sample_001_0119_000157",
            "annotations": []
        },
        {
            "sentence": "통신 단절 시 데이터 버퍼링/재전송",
            "id": "sample_001_0119_000158",
            "annotations": []
        },
        {
            "sentence": "게이트웨이 의도적 오프라인 처리(5분) → 복구 후 데이터 연속성 확인",
            "id": "sample_001_0119_000159",
            "annotations": []
        },
        {
            "sentence": "버퍼링된 데이터 100% 전송 복구, 데이터 손실 없음",
            "id": "sample_001_0119_000160",
            "annotations": [
                {
                    "word": "100",
                    "start": 9,
                    "end": 12,
                    "label": "개인정보"
                }
            ]
        },
        {
            "sentence": "기술부",
            "id": "sample_001_0119_000161",
            "annotations": [
                {
                    "word": "기술부",
                    "start": 0,
                    "end": 3,
                    "label": "준식별자"
                }
            ]
        },
        {
            "sentence": "예비결과: 데이터 버퍼링 성공, 복구 후 99.6% 전송 복구(간헐적 패킷 손실 0.4%)",
            "id": "sample_001_0119_000162",
            "annotations": []
        },
        {
            "sentence": "TC-04",
            "id": "sample_001_0119_000163",
            "annotations": []
        },
        {
            "sentence": "로봇암 비상정지 후 자동 복구 루틴",
            "id": "sample_001_0119_000164",
            "annotations": []
        },
        {
            "sentence": "비상정지 입력(수동) → 자동복구 조건 충족 시 재가동 절차 확인",
            "id": "sample_001_0119_000165",
            "annotations": []
        },
        {
            "sentence": "30초 내 복구 루틴 완료, 이상누적 시 수동 검토로 전환",
            "id": "sample_001_0119_000166",
            "annotations": []
        },
        {
            "sentence": "생산부/기술부",
            "id": "sample_001_0119_000167",
            "annotations": [
                {
                    "word": "생산부",
                    "start": 0,
                    "end": 3,
                    "label": "준식별자"
                },
                {
                    "word": "기술부",
                    "start": 4,
                    "end": 7,
                    "label": "준식별자"
                }
            ]
        },
        {
            "sentence": "예비결과: 정상 복구 28초(조건 만족), 특정 센서 초기화 지연으로 2건 수동 개입 필요",
            "id": "sample_001_0119_000168",
            "annotations": []
        },
        {
            "sentence": "2025-09-22T09:12:34",
            "id": "sample_001_0119_000169",
            "annotations": [
                {
                    "word": "202",
                    "start": 0,
                    "end": 3,
                    "label": "준식별자"
                }
            ]
        },
        {
            "sentence": "최민지 (HB-PR-034)",
            "id": "sample_001_0119_000170",
            "annotations": [
                {
                    "word": "최민지",
                    "start": 0,
                    "end": 3,
                    "label": "개인정보"
                },
                {
                    "word": "HB-PR-034",
                    "start": 5,
                    "end": 14,
                    "label": "개인정보"
                }
            ]
        },
        {
            "sentence": "TC-01",
            "id": "sample_001_0119_000171",
            "annotations": []
        },
        {
            "sentence": "처음 30개의 샘플은 오차 평균 0.019mm, 로봇암 동기화 불안정 징후 관찰되어 동기화 파라미터 재조정(각 축 PID 수정)",
            "id": "sample_001_0119_000172",
            "annotations": []
        },
        {
            "sentence": "2025-09-22T11:03:12",
            "id": "sample_001_0119_000173",
            "annotations": [
                {
                    "word": "202",
                    "start": 0,
                    "end": 3,
                    "label": "준식별자"
                }
            ]
        },
        {
            "sentence": "박준호 (HB-PR-021)",
            "id": "sample_001_0119_000174",
            "annotations": [
                {
                    "word": "박준호",
                    "start": 0,
                    "end": 3,
                    "label": "개인정보"
                },
                {
                    "word": "HB-PR-021",
                    "start": 5,
                    "end": 14,
                    "label": "개인정보"
                }
            ]
        },
        {
            "sentence": "TC-03",
            "id": "sample_001_0119_000175",
            "annotations": []
        },
        {
            "sentence": "게이트웨이 재부팅 시 일부 메시지 중복 전송 발생(중복 메시지 필터링 적용 필요)",
            "id": "sample_001_0119_000176",
            "annotations": []
        },
        {
            "sentence": "2025-09-23T14:45:50",
            "id": "sample_001_0119_000177",
            "annotations": [
                {
                    "word": "202",
                    "start": 0,
                    "end": 3,
                    "label": "준식별자"
                }
            ]
        },
        {
            "sentence": "이수연 (HB-TE-011)",
            "id": "sample_001_0119_000178",
            "annotations": [
                {
                    "word": "이수연",
                    "start": 0,
                    "end": 3,
                    "label": "개인정보"
                },
                {
                    "word": "HB-TE-011",
                    "start": 5,
                    "end": 14,
                    "label": "개인정보"
                }
            ]
        },
        {
            "sentence": "TC-02",
            "id": "sample_001_0119_000179",
            "annotations": []
        },
        {
            "sentence": "진동센서 위치 보정 후 안정화, 임계치 재설정 제안(현장값 기준 0.48g로 실운영 권장)",
            "id": "sample_001_0119_000180",
            "annotations": []
        },
        {
            "sentence": "모든 TC에서의 치명적 실패(Critical Failure)가 0건이어야 하며, 중요 실패(Important Failure)는 1건 이하, 경미한 실패(Minor Failure)는 3건 이하일 때 본 개선안의 운영 전환을 승인한다.",
            "id": "sample_001_0119_000181",
            "annotations": []
        },
        {
            "sentence": "승인 권한은 생산부장 및 기술부장이 공동으로 행사한다..",
            "id": "sample_001_0119_000182",
            "annotations": [
                {
                    "word": "생산부장",
                    "start": 7,
                    "end": 11,
                    "label": "준식별자"
                },
                {
                    "word": "기술부장",
                    "start": 14,
                    "end": 18,
                    "label": "준식별자"
                }
            ]
        },
        {
            "sentence": "설치 전 자재 검수(수량 및 인증번호 확인)",
            "id": "sample_001_0119_000183",
            "annotations": []
        },
        {
            "sentence": "배선 완료 후 접지 및 절연저항 측정(권장값 >50MΩ)",
            "id": "sample_001_0119_000184",
            "annotations": []
        },
        {
            "sentence": "센서 설치 위치와 각도 표준화(도면 참조)",
            "id": "sample_001_0119_000185",
            "annotations": []
        },
        {
            "sentence": "펌웨어 업그레이드 후 버전 일치 여부 확인",
            "id": "sample_001_0119_000186",
            "annotations": []
        },
        {
            "sentence": "시운전 중 로그 수집 및 이상치 분석",
            "id": "sample_001_0119_000187",
            "annotations": []
        },
        {
            "sentence": "최민지 (생산부 QC팀장, HB-PR-034)",
            "id": "sample_001_0119_000188",
            "annotations": [
                {
                    "word": "최민지",
                    "start": 0,
                    "end": 3,
                    "label": "개인정보"
                },
                {
                    "word": "생산부 QC팀장",
                    "start": 5,
                    "end": 13,
                    "label": "준식별자"
                },
                {
                    "word": "HB-PR-034",
                    "start": 15,
                    "end": 24,
                    "label": "개인정보"
                }
            ]
        },
        {
            "sentence": "TC-01 ~ TC-04 통과 및 성능지표(가동률, 불량률, MTTR) 예비측정 결과가 목표 대비 80% 이상 달성 시 초기 운영 승인",
            "id": "sample_001_0119_000189",
            "annotations": []
        },
        {
            "sentence": "HB-IoT-Sensor-V2",
            "id": "sample_001_0119_000190",
            "annotations": []
        },
        {
            "sentence": "월간",
            "id": "sample_001_0119_000191",
            "annotations": []
        },
        {
            "sentence": "청소, 커넥터 점검, 데이터 샘플링 검증",
            "id": "sample_001_0119_000192",
            "annotations": []
        },
        {
            "sentence": "생산부 유지보수팀",
            "id": "sample_001_0119_000193",
            "annotations": [
                {
                    "word": "생산부",
                    "start": 0,
                    "end": 3,
                    "label": "준식별자"
                }
            ]
        },
        {
            "sentence": "PLC-3-CPU",
            "id": "sample_001_0119_000194",
            "annotations": [
                {
                    "word": "PLC",
                    "start": 0,
                    "end": 3,
                    "label": "준식별자"
                }
            ]
        },
        {
            "sentence": "분기별",
            "id": "sample_001_0119_000195",
            "annotations": []
        },
        {
            "sentence": "펌웨어 버전 확인, 로그 백업, 배터리/capacitor 상태 점검",
            "id": "sample_001_0119_000196",
            "annotations": []
        },
        {
            "sentence": "기술부",
            "id": "sample_001_0119_000197",
            "annotations": [
                {
                    "word": "기술부",
                    "start": 0,
                    "end": 3,
                    "label": "준식별자"
                }
            ]
        },
        {
            "sentence": "네트워크 스위치/게이트웨이",
            "id": "sample_001_0119_000198",
            "annotations": []
        },
        {
            "sentence": "월간",
            "id": "sample_001_0119_000199",
            "annotations": []
        },
        {
            "sentence": "포트 오류, 패킷 손실 확인, 펌웨어 패치 적용",
            "id": "sample_001_0119_000200",
            "annotations": []
        },
        {
            "sentence": "기술부 네트워크 담당",
            "id": "sample_001_0119_000201",
            "annotations": [
                {
                    "word": "기술부",
                    "start": 0,
                    "end": 3,
                    "label": "준식별자"
                }
            ]
        },
        {
            "sentence": "HB-IoT-Sensor-V2 (예비 2대)",
            "id": "sample_001_0119_000202",
            "annotations": []
        },
        {
            "sentence": "PLC-3-CPU Spare Module (1대)",
            "id": "sample_001_0119_000203",
            "annotations": [
                {
                    "word": "PLC",
                    "start": 0,
                    "end": 3,
                    "label": "준식별자"
                }
            ]
        },
        {
            "sentence": "Ethernet Switch (1대)",
            "id": "sample_001_0119_000204",
            "annotations": []
        },
        {
            "sentence": "케이블(Shielded Cat6 50m)",
            "id": "sample_001_0119_000205",
            "annotations": []
        },
        {
            "sentence": "현장 모니터링에서 경고 발생(예: 진동 임계치 근접)",
            "id": "sample_001_0119_000206",
            "annotations": []
        },
        {
            "sentence": "운영자(현장) → 생산부 유지보수팀",
            "id": "sample_001_0119_000207",
            "annotations": [
                {
                    "word": "생산부",
                    "start": 10,
                    "end": 13,
                    "label": "준식별자"
                }
            ]
        },
        {
            "sentence": "설비 비정상 중지 발생",
            "id": "sample_001_0119_000208",
            "annotations": []
        },
        {
            "sentence": "생산부 선임엔지니어(박준호) → 기술부 수석(이수연)",
            "id": "sample_001_0119_000209",
            "annotations": [
                {
                    "word": "생산부 선임엔지니어",
                    "start": 0,
                    "end": 10,
                    "label": "준식별자"
                },
                {
                    "word": "박준호",
                    "start": 11,
                    "end": 14,
                    "label": "개인정보"
                },
                {
                    "word": "기술부",
                    "start": 18,
                    "end": 21,
                    "label": "준식별자"
                },
                {
                    "word": "이수연",
                    "start": 25,
                    "end": 28,
                    "label": "개인정보"
                }
            ]
        },
        {
            "sentence": "복구 불가 또는 안전사고 우려",
            "id": "sample_001_0119_000210",
            "annotations": []
        },
        {
            "sentence": "관리부장(김도영) → 경영진 보고",
            "id": "sample_001_0119_000211",
            "annotations": [
                {
                    "word": "관리부장",
                    "start": 0,
                    "end": 4,
                    "label": "준식별자"
                },
                {
                    "word": "김도영",
                    "start": 5,
                    "end": 8,
                    "label": "개인정보"
                }
            ]
        },
        {
            "sentence": "현장 운영자 및 유지보수 인력에게 새로 적용된 센서 모듈, PLC 펌웨어 및 복구 절차에 대한 숙련도를 확보시키는 것을 목표로 한다..",
            "id": "sample_001_0119_000212",
            "annotations": [
                {
                    "word": "PLC",
                    "start": 33,
                    "end": 36,
                    "label": "준식별자"
                }
            ]
        },
        {
            "sentence": "현장 운영자 6명",
            "id": "sample_001_0119_000213",
            "annotations": []
        },
        {
            "sentence": "생산부 유지보수팀 3명",
            "id": "sample_001_0119_000214",
            "annotations": [
                {
                    "word": "생산부",
                    "start": 0,
                    "end": 3,
                    "label": "준식별자"
                }
            ]
        },
        {
            "sentence": "기술부 지원 엔지니어 2명",
            "id": "sample_001_0119_000215",
            "annotations": [
                {
                    "word": "기술부",
                    "start": 0,
                    "end": 3,
                    "label": "준식별자"
                },
                {
                    "word": "엔지니어",
                    "start": 7,
                    "end": 11,
                    "label": "준식별자"
                }
            ]
        },
        {
            "sentence": "시스템 개요 및 변경사항 설명",
            "id": "sample_001_0119_000216",
            "annotations": []
        },
        {
            "sentence": "시스템 구조, 데이터 흐름, 주요 변경 포인트, 기대효과",
            "id": "sample_001_0119_000217",
            "annotations": []
        },
        {
            "sentence": "센서 설치 및 유지보수 실습",
            "id": "sample_001_0119_000218",
            "annotations": []
        },
        {
            "sentence": "센서 장착/탈거, 캘리브레이션, 연결 확인, 간단한 교체 실습",
            "id": "sample_001_0119_000219",
            "annotations": []
        },
        {
            "sentence": "PLC 펌웨어 업그레이드 및 롤백 절차",
            "id": "sample_001_0119_000220",
            "annotations": [
                {
                    "word": "PLC",
                    "start": 0,
                    "end": 3,
                    "label": "준식별자"
                }
            ]
        },
        {
            "sentence": "업그레이드 전 체크리스트, 업그레이드 수행, 롤백 실습",
            "id": "sample_001_0119_000221",
            "annotations": []
        },
        {
            "sentence": "사고 대응 및 복구 시나리오",
            "id": "sample_001_0119_000222",
            "annotations": []
        },
        {
            "sentence": "비상정지 대응, 데이터 손실 시 복구, 연락망 사용법",
            "id": "sample_001_0119_000223",
            "annotations": []
        },
        {
            "sentence": "교육 후 실기 평가(설비 복구 시뮬레이션) 및 필기 평가(기본 절차 이해도)로 패스/페일 판정.",
            "id": "sample_001_0119_000224",
            "annotations": []
        },
        {
            "sentence": "합격자 명단은 인사부에 통지하여 교육 이수 기록 보관..",
            "id": "sample_001_0119_000225",
            "annotations": [
                {
                    "word": "인사부",
                    "start": 8,
                    "end": 11,
                    "label": "준식별자"
                }
            ]
        },
        {
            "sentence": "HB-IoT-Sensor-V2_Manual_v1.3.pdf",
            "id": "sample_001_0119_000226",
            "annotations": []
        },
        {
            "sentence": "PLC-3-CPU_Firmware_4.2.1_ReleaseNotes.pdf",
            "id": "sample_001_0119_000227",
            "annotations": [
                {
                    "word": "PLC",
                    "start": 0,
                    "end": 3,
                    "label": "준식별자"
                }
            ]
        },
        {
            "sentence": "BOM_2025_09_01.xlsx",
            "id": "sample_001_0119_000228",
            "annotations": [
                {
                    "word": "202",
                    "start": 4,
                    "end": 7,
                    "label": "준식별자"
                }
            ]
        },
        {
            "sentence": "SiteLayout_CNC_Line3.dwg",
            "id": "sample_001_0119_000229",
            "annotations": []
        },
        {
            "sentence": "Safety_Checklist_Installation.pdf",
            "id": "sample_001_0119_000230",
            "annotations": []
        },
        {
            "sentence": "CTR-A-2023-078 (고객사 A사 유지보수 계약서)",
            "id": "sample_001_0119_000231",
            "annotations": [
                {
                    "word": "202",
                    "start": 6,
                    "end": 9,
                    "label": "준식별자"
                },
                {
                    "word": "A사",
                    "start": 20,
                    "end": 22,
                    "label": "기밀정보"
                }
            ]
        },
        {
            "sentence": "한빛솔루션_설비변경관리규정_v2.0",
            "id": "sample_001_0119_000232",
            "annotations": []
        },
        {
            "sentence": "MES_연동_가이드_v1.5",
            "id": "sample_001_0119_000233",
            "annotations": []
        },
        {
            "sentence": "1.0",
            "id": "sample_001_0119_000234",
            "annotations": []
        },
        {
            "sentence": "2025-09-05",
            "id": "sample_001_0119_000235",
            "annotations": [
                {
                    "word": "202",
                    "start": 0,
                    "end": 3,
                    "label": "준식별자"
                }
            ]
        },
        {
            "sentence": "박준호",
            "id": "sample_001_0119_000236",
            "annotations": [
                {
                    "word": "박준호",
                    "start": 0,
                    "end": 3,
                    "label": "개인정보"
                }
            ]
        },
        {
            "sentence": "초안 작성(프로젝트 계획, 기술사양, 예비비 산정 포함)",
            "id": "sample_001_0119_000237",
            "annotations": [
                {
                    "word": "예비비",
                    "start": 21,
                    "end": 24,
                    "label": "기밀정보"
                }
            ]
        },
        {
            "sentence": "박준호",
            "id": "sample_001_0119_000238",
            "annotations": [
                {
                    "word": "박준호",
                    "start": 0,
                    "end": 3,
                    "label": "개인정보"
                }
            ]
        },
        {
            "sentence": "생산부 선임엔지니어",
            "id": "sample_001_0119_000239",
            "annotations": [
                {
                    "word": "생산부 선임엔지니어",
                    "start": 0,
                    "end": 10,
                    "label": "준식별자"
                }
            ]
        },
        {
            "sentence": "2025-09-05",
            "id": "sample_001_0119_000240",
            "annotations": [
                {
                    "word": "202",
                    "start": 0,
                    "end": 3,
                    "label": "준식별자"
                }
            ]
        },
        {
            "sentence": "최민지",
            "id": "sample_001_0119_000241",
            "annotations": [
                {
                    "word": "최민지",
                    "start": 0,
                    "end": 3,
                    "label": "개인정보"
                }
            ]
        },
        {
            "sentence": "생산부 QC팀장",
            "id": "sample_001_0119_000242",
            "annotations": [
                {
                    "word": "생산부 QC팀장",
                    "start": 0,
                    "end": 8,
                    "label": "준식별자"
                }
            ]
        },
        {
            "sentence": "2025-09-06",
            "id": "sample_001_0119_000243",
            "annotations": [
                {
                    "word": "202",
                    "start": 0,
                    "end": 3,
                    "label": "준식별자"
                }
            ]
        },
        {
            "sentence": "이수연",
            "id": "sample_001_0119_000244",
            "annotations": [
                {
                    "word": "이수연",
                    "start": 0,
                    "end": 3,
                    "label": "개인정보"
                }
            ]
        },
        {
            "sentence": "기술부 수석엔지니어",
            "id": "sample_001_0119_000245",
            "annotations": [
                {
                    "word": "기술부 수석엔지니어",
                    "start": 0,
                    "end": 10,
                    "label": "준식별자"
                }
            ]
        },
        {
            "sentence": "2025-09-06",
            "id": "sample_001_0119_000246",
            "annotations": [
                {
                    "word": "202",
                    "start": 0,
                    "end": 3,
                    "label": "준식별자"
                }
            ]
        },
        {
            "sentence": "김도영",
            "id": "sample_001_0119_000247",
            "annotations": [
                {
                    "word": "김도영",
                    "start": 0,
                    "end": 3,
                    "label": "개인정보"
                }
            ]
        },
        {
            "sentence": "관리부장",
            "id": "sample_001_0119_000248",
            "annotations": [
                {
                    "word": "관리부장",
                    "start": 0,
                    "end": 4,
                    "label": "준식별자"
                }
            ]
        },
        {
            "sentence": "본 문서는 생산부 주관으로 작성되었으며, 관리부의 예산 승인 및 기술부의 최종 검토를 전제로 실행된다.",
            "id": "sample_001_0119_000249",
            "annotations": [
                {
                    "word": "생산부",
                    "start": 6,
                    "end": 9,
                    "label": "준식별자"
                },
                {
                    "word": "관리부",
                    "start": 23,
                    "end": 26,
                    "label": "준식별자"
                },
                {
                    "word": "기술부",
                    "start": 36,
                    "end": 39,
                    "label": "준식별자"
                }
            ]
        },
        {
            "sentence": "시운전 중 관찰되는 모든 로그는 한빛 데이터 솔루션에 수집되어 90일간 보관되며, 이후 장기 보관 대상 데이터는 별도 아카이빙 정책에 따라 처리한다..",
            "id": "sample_001_0119_000250",
            "annotations": [
                {
                    "word": "한빛 데이터 솔루션",
                    "start": 18,
                    "end": 28,
                    "label": "기밀정보"
                }
            ]
        }
    ]
}