{
    "document_id": "001_0114",
    "document_title": "0114",
    "data": [
        {
            "sentence": "HB-PROD-2025-Q3-003",
            "id": "sample_001_0114_000001",
            "annotations": [
                {
                    "word": "202",
                    "start": 8,
                    "end": 11,
                    "label": "준식별자"
                }
            ]
        },
        {
            "sentence": "2025년 Q3 생산성과 및 설비개선 종합보고서",
            "id": "sample_001_0114_000002",
            "annotations": [
                {
                    "word": "202",
                    "start": 0,
                    "end": 3,
                    "label": "준식별자"
                }
            ]
        },
        {
            "sentence": "생산부",
            "id": "sample_001_0114_000003",
            "annotations": [
                {
                    "word": "생산부",
                    "start": 0,
                    "end": 3,
                    "label": "준식별자"
                }
            ]
        },
        {
            "sentence": "생산부",
            "id": "sample_001_0114_000004",
            "annotations": [
                {
                    "word": "생산부",
                    "start": 0,
                    "end": 3,
                    "label": "준식별자"
                }
            ]
        },
        {
            "sentence": "2025-09-05",
            "id": "sample_001_0114_000005",
            "annotations": [
                {
                    "word": "202",
                    "start": 0,
                    "end": 3,
                    "label": "준식별자"
                }
            ]
        },
        {
            "sentence": "2025-10-31",
            "id": "sample_001_0114_000006",
            "annotations": [
                {
                    "word": "2025-10-31",
                    "start": 0,
                    "end": 10,
                    "label": "준식별자"
                }
            ]
        },
        {
            "sentence": "2025-09-06",
            "id": "sample_001_0114_000007",
            "annotations": [
                {
                    "word": "202",
                    "start": 0,
                    "end": 3,
                    "label": "준식별자"
                }
            ]
        },
        {
            "sentence": "김민수 (생산부장, 사번: HB-201)",
            "id": "sample_001_0114_000008",
            "annotations": [
                {
                    "word": "김민수",
                    "start": 0,
                    "end": 3,
                    "label": "개인정보"
                },
                {
                    "word": "생산부장",
                    "start": 5,
                    "end": 9,
                    "label": "준식별자"
                },
                {
                    "word": "HB-201",
                    "start": 15,
                    "end": 21,
                    "label": "개인정보"
                },
                {
                    "word": "사번",
                    "start": 11,
                    "end": 13,
                    "label": "기밀정보"
                }
            ]
        },
        {
            "sentence": "박은영 (생산팀장, 사번: HB-204)",
            "id": "sample_001_0114_000009",
            "annotations": [
                {
                    "word": "박은영",
                    "start": 0,
                    "end": 3,
                    "label": "개인정보"
                },
                {
                    "word": "생산팀장",
                    "start": 5,
                    "end": 9,
                    "label": "준식별자"
                },
                {
                    "word": "HB-204",
                    "start": 15,
                    "end": 21,
                    "label": "개인정보"
                },
                {
                    "word": "사번",
                    "start": 11,
                    "end": 13,
                    "label": "기밀정보"
                }
            ]
        },
        {
            "sentence": "이준호 (선임엔지니어, 사번: HB-215)",
            "id": "sample_001_0114_000010",
            "annotations": [
                {
                    "word": "이준호",
                    "start": 0,
                    "end": 3,
                    "label": "개인정보"
                },
                {
                    "word": "선임엔지니어",
                    "start": 5,
                    "end": 11,
                    "label": "준식별자"
                },
                {
                    "word": "HB-215",
                    "start": 17,
                    "end": 23,
                    "label": "개인정보"
                },
                {
                    "word": "사번",
                    "start": 13,
                    "end": 15,
                    "label": "기밀정보"
                }
            ]
        },
        {
            "sentence": "최수진 (품질담당, 사번: HB-222)",
            "id": "sample_001_0114_000011",
            "annotations": [
                {
                    "word": "최수진",
                    "start": 0,
                    "end": 3,
                    "label": "개인정보"
                },
                {
                    "word": "품질담당",
                    "start": 5,
                    "end": 9,
                    "label": "준식별자"
                },
                {
                    "word": "HB-222",
                    "start": 15,
                    "end": 21,
                    "label": "개인정보"
                },
                {
                    "word": "사번",
                    "start": 11,
                    "end": 13,
                    "label": "기밀정보"
                }
            ]
        },
        {
            "sentence": "김민수",
            "id": "sample_001_0114_000012",
            "annotations": [
                {
                    "word": "김민수",
                    "start": 0,
                    "end": 3,
                    "label": "개인정보"
                }
            ]
        },
        {
            "sentence": "생산부장",
            "id": "sample_001_0114_000013",
            "annotations": [
                {
                    "word": "생산부장",
                    "start": 0,
                    "end": 4,
                    "label": "준식별자"
                }
            ]
        },
        {
            "sentence": "정수영",
            "id": "sample_001_0114_000014",
            "annotations": []
        },
        {
            "sentence": "관리부장",
            "id": "sample_001_0114_000015",
            "annotations": [
                {
                    "word": "관리부장",
                    "start": 0,
                    "end": 4,
                    "label": "준식별자"
                }
            ]
        },
        {
            "sentence": "한빛솔루션 대표",
            "id": "sample_001_0114_000016",
            "annotations": [
                {
                    "word": "한빛솔루션 대표",
                    "start": 0,
                    "end": 8,
                    "label": "준식별자"
                }
            ]
        },
        {
            "sentence": "대표이사",
            "id": "sample_001_0114_000017",
            "annotations": [
                {
                    "word": "대표이사",
                    "start": 0,
                    "end": 4,
                    "label": "준식별자"
                }
            ]
        },
        {
            "sentence": "2025년 3분기 생산성과 분석 및 설비 개선/업그레이드 계획(안)",
            "id": "sample_001_0114_000018",
            "annotations": [
                {
                    "word": "202",
                    "start": 0,
                    "end": 3,
                    "label": "준식별자"
                }
            ]
        },
        {
            "sentence": "본 보고서는 2025년 7~8월(2025 Q3 초반) 생산실적 및 설비 상태를 종합 분석하고, 품질 이슈와 가동률 저하 원인을 규명하여 단기/중기 개선계획과 예산안을 제시하는 것을 목적으로 한다.",
            "id": "sample_001_0114_000019",
            "annotations": [
                {
                    "word": "202",
                    "start": 7,
                    "end": 10,
                    "label": "준식별자"
                },
                {
                    "word": "202",
                    "start": 18,
                    "end": 21,
                    "label": "준식별자"
                }
            ]
        },
        {
            "sentence": "대상은 주력 생산라인(라인A, 라인B, 라인C)이며, 주요 결과 요약, 상세 데이터, 원인분석(RCA), 개선안, 일정 및 비용 산출, 리스크 및 대안, 실행 체크리스트 등을 포함한다..",
            "id": "sample_001_0114_000020",
            "annotations": [
                {
                    "word": "라인A",
                    "start": 12,
                    "end": 15,
                    "label": "준식별자"
                }
            ]
        },
        {
            "sentence": "1. 개요 및 배경한빛솔루션 생산부는 2025년 상반기 대비 하반기 수주 증가에 대비하여 생산 안정성 확보가 시급한 상황이다.",
            "id": "sample_001_0114_000021",
            "annotations": [
                {
                    "word": "생산부",
                    "start": 16,
                    "end": 19,
                    "label": "준식별자"
                },
                {
                    "word": "202",
                    "start": 21,
                    "end": 24,
                    "label": "준식별자"
                }
            ]
        },
        {
            "sentence": "2025년 7월~8월 두 달간 집계된 생산 지표에서 라인별 평균 가동률 하락(특히 라인B)과 특정 품목에서의 불량률 상승(품목코드 HBS-MTR-038)이 관찰되었으며, 예측 유지보수 데이터(AI-CPS 로그)에 따르면 설비 진동 및 온도 상승 신호가 일부 설비에서 반복적으로 탐지되었다.",
            "id": "sample_001_0114_000022",
            "annotations": [
                {
                    "word": "202",
                    "start": 0,
                    "end": 3,
                    "label": "준식별자"
                },
                {
                    "word": "AI-CPS",
                    "start": 107,
                    "end": 113,
                    "label": "기밀정보"
                }
            ]
        },
        {
            "sentence": "이에 따라 본 보고서는 정량적 데이터와 현장 점검 결과를 결합한 종합 진단 보고서와 개선 실행안(우선순위 포함)을 제시한다.2. 핵심 KPI 요약(2025-07-01 ~ 2025-08-31)- 총생산량(합계): 248,760 단위- 평균 가동률(라인별 가중 평균): 86.7%- 평균 생산효율(계획 대비): 88.3%- 전체 평균 불량률: 3.9% (목표 2.2%)- 주요 불량품목 상위 3종: HBS-MTR-038 (전자모듈), HBS-SLV-112 (실버코팅부품), HBS-FRM-021 (프레임조립)- 설비 고장 발생 건수(보수 호출): 42건(8월 대비 7% 증가)3. 라인별 상세 실적(요약)라인A: 고정형 자동화 라인.",
            "id": "sample_001_0114_000023",
            "annotations": [
                {
                    "word": "202",
                    "start": 82,
                    "end": 85,
                    "label": "준식별자"
                },
                {
                    "word": "202",
                    "start": 95,
                    "end": 98,
                    "label": "준식별자"
                },
                {
                    "word": "112",
                    "start": 249,
                    "end": 252,
                    "label": "개인정보"
                },
                {
                    "word": "라인A",
                    "start": 336,
                    "end": 339,
                    "label": "준식별자"
                }
            ]
        },
        {
            "sentence": "7~8월 생산량 101,420 단위, 평균 가동률 91.2%, 불량률 2.1%.라인B: 중간 자동화(교체형 공정 다수).",
            "id": "sample_001_0114_000024",
            "annotations": [
                {
                    "word": "101",
                    "start": 9,
                    "end": 12,
                    "label": "개인정보"
                }
            ]
        },
        {
            "sentence": "7~8월 생산량 78,310 단위, 평균 가동률 80.4%, 불량률 5.8%.라인C: 소량 다품종 라인(수작업 비중 높음).",
            "id": "sample_001_0114_000025",
            "annotations": [
                {
                    "word": "310",
                    "start": 12,
                    "end": 15,
                    "label": "개인정보"
                },
                {
                    "word": "8%",
                    "start": 40,
                    "end": 42,
                    "label": "기밀정보"
                }
            ]
        },
        {
            "sentence": "7~8월 생산량 69,030 단위, 평균 가동률 88.5%, 불량률 4.0%.4. 일일 생산 데이터(요약 표 - 원자료는 첨부파일 참조)(아래는 라인별 일일 집계 중 발췌, 2025-07-01 ~ 2025-08-31의 62일간 데이터를 요약 표 형태로 제공하며 본 문서에선 대표 30일 샘플 데이터와 통계처리 결과를 포함함)샘플 일일 데이터(대표 30일 발췌)[ {\"일자\":\"2025-07-01\",\"라인\":\"A\",\"생산량\":1600,\"계획대비(%)\":102,\"가동시간(시)\":22.5,\"불량수\":28,\"불량률(%)\":1.72,\"작업자_라인장\":\"김민수\"}, {\"일자\":\"2025-07-02\",\"라인\":\"B\",\"생산량\":1200,\"계획대비(%)\":85,\"가동시간(시)\":20.0,\"불량수\":74,\"불량률(%)\":5.80,\"작업자_라인장\":\"박은영\"}, {\"일자\":\"2025-07-03\",\"라인\":\"C\",\"생산량\":1100,\"계획대비(%)\":95,\"가동시간(시)\":21.0,\"불량수\":42,\"불량률(%)\":3.82,\"작업자_라인장\":\"조민지\"}, {\"일자\":\"2025-07-04\",\"라인\":\"A\",\"생산량\":1585,\"계획대비(%)\":101,\"가동시간(시)\":22.0,\"불량수\":30,\"불량률(%)\":1.89,\"작업자_라인장\":\"김민수\"}, {\"일자\":\"2025-07-05\",\"라인\":\"B\",\"생산량\":1150,\"계획대비(%)\":82,\"가동시간(시)\":19.5,\"불량수\":68,\"불량률(%)\":5.91,\"작업자_라인장\":\"박은영\"}, {\"일자\":\"2025-07-06\",\"라인\":\"C\",\"생산량\":1060,\"계획대비(%)\":92,\"가동시간(시)\":20.0,\"불량수\":44,\"불량률(%)\":4.15,\"작업자_라인장\":\"정호영\"}, {\"일자\":\"2025-07-07\",\"라인\":\"A\",\"생산량\":1620,\"계획대비(%)\":103,\"가동시간(시)\":22.8,\"불량수\":33,\"불량률(%)\":2.04,\"작업자_라인장\":\"김민수\"}, {\"일자\":\"2025-07-08\",\"라인\":\"B\",\"생산량\":1180,\"계획대비(%)\":84,\"가동시간(시)\":19.8,\"불량수\":71,\"불량률(%)\":6.02,\"작업자_라인장\":\"박은영\"}, {\"일자\":\"2025-07-09\",\"라인\":\"C\",\"생산량\":1120,\"계획대비(%)\":97,\"가동시간(시)\":21.5,\"불량수\":46,\"불량률(%)\":4.11,\"작업자_라인장\":\"조민지\"}, {\"일자\":\"2025-07-10\",\"라인\":\"A\",\"생산량\":1590,\"계획대비(%)\":100,\"가동시간(시)\":22.3,\"불량수\":31,\"불량률(%)\":1.95,\"작업자_라인장\":\"김민수\"}, {\"일자\":\"2025-07-11\",\"라인\":\"B\",\"생산량\":1210,\"계획대비(%)\":86,\"가동시간(시)\":20.2,\"불량수\":69,\"불량률(%)\":5.70,\"작업자_라인장\":\"박은영\"}, {\"일자\":\"2025-07-12\",\"라인\":\"C\",\"생산량\":1080,\"계획대비(%)\":93,\"가동시간(시)\":20.8,\"불량수\":40,\"불량률(%)\":3.70,\"작업자_라인장\":\"정호영\"}, {\"일자\":\"2025-07-13\",\"라인\":\"A\",\"생산량\":1615,\"계획대비(%)\":104,\"가동시간(시)\":23.0,\"불량수\":29,\"불량률(%)\":1.79,\"작업자_라인장\":\"김민수\"}, {\"일자\":\"2025-07-14\",\"라인\":\"B\",\"생산량\":1195,\"계획대비(%)\":85,\"가동시간(시)\":19.7,\"불량수\":72,\"불량률(%)\":6.03,\"작업자_라인장\":\"박은영\"}, {\"일자\":\"2025-07-15\",\"라인\":\"C\",\"생산량\":1115,\"계획대비(%)\":96,\"가동시간(시)\":21.2,\"불량수\":45,\"불량률(%)\":4.04,\"작업자_라인장\":\"조민지\"}, {\"일자\":\"2025-07-16\",\"라인\":\"A\",\"생산량\":1605,\"계획대비(%)\":103,\"가동시간(시)\":22.6,\"불량수\":28,\"불량률(%)\":1.74,\"작업자_라인장\":\"김민수\"}, {\"일자\":\"2025-07-17\",\"라인\":\"B\",\"생산량\":1165,\"계획대비(%)\":83,\"가동시간(시)\":19.6,\"불량수\":70,\"불량률(%)\":6.01,\"작업자_라인장\":\"박은영\"}, {\"일자\":\"2025-07-18\",\"라인\":\"C\",\"생산량\":1090,\"계획대비(%)\":94,\"가동시간(시)\":20.9,\"불량수\":43,\"불량률(%)\":3.95,\"작업자_라인장\":\"정호영\"}, {\"일자\":\"2025-07-19\",\"라인\":\"A\",\"생산량\":1622,\"계획대비(%)\":104,\"가동시간(시)\":23.1,\"불량수\":26,\"불량률(%)\":1.60,\"작업자_라인장\":\"김민수\"}, {\"일자\":\"2025-07-20\",\"라인\":\"B\",\"생산량\":1178,\"계획대비(%)\":84,\"가동시간(시)\":19.9,\"불량수\":73,\"불량률(%)\":6.20,\"작업자_라인장\":\"박은영\"}, {\"일자\":\"2025-07-21\",\"라인\":\"C\",\"생산량\":1130,\"계획대비(%)\":98,\"가동시간(시)\":21.4,\"불량수\":44,\"불량률(%)\":3.89,\"작업자_라인장\":\"조민지\"}, {\"일자\":\"2025-07-22\",\"라인\":\"A\",\"생산량\":1608,\"계획대비(%)\":102,\"가동시간(시)\":22.7,\"불량수\":29,\"불량률(%)\":1.80,\"작업자_라인장\":\"김민수\"}, {\"일자\":\"2025-07-23\",\"라인\":\"B\",\"생산량\":1185,\"계획대비(%)\":85,\"가동시간(시)\":19.95,\"불량수\":71,\"불량률(%)\":5.99,\"작업자_라인장\":\"박은영\"}, {\"일자\":\"2025-07-24\",\"라인\":\"C\",\"생산량\":1105,\"계획대비(%)\":96,\"가동시간(시)\":21.0,\"불량수\":42,\"불량률(%)\":3.80,\"작업자_라인장\":\"정호영\"}, {\"일자\":\"2025-07-25\",\"라인\":\"A\",\"생산량\":1610,\"계획대비(%)\":103,\"가동시간(시)\":22.9,\"불량수\":27,\"불량률(%)\":1.68,\"작업자_라인장\":\"김민수\"}, {\"일자\":\"2025-07-26\",\"라인\":\"B\",\"생산량\":1202,\"계획대비(%)\":86,\"가동시간(시)\":20.1,\"불량수\":69,\"불량률(%)\":5.74,\"작업자_라인장\":\"박은영\"}, {\"일자\":\"2025-07-27\",\"라인\":\"C\",\"생산량\":1125,\"계획대비(%)\":97,\"가동시간(시)\":21.3,\"불량수\":41,\"불량률(%)\":3.64,\"작업자_라인장\":\"조민지\"}, {\"일자\":\"2025-07-28\",\"라인\":\"A\",\"생산량\":1625,\"계획대비(%)\":104,\"가동시간(시)\":23.2,\"불량수\":25,\"불량률(%)\":1.54,\"작업자_라인장\":\"김민수\"}](전체 일별 데이터는 첨부 CSV파일: HB-PROD-2025-Q3-Daily.csv 참조)5. 품질 이슈 상세 분석5-1. 불량 상위품목 분석- HBS-MTR-038: 전체 불량의 28% 차지.",
            "id": "sample_001_0114_000026",
            "annotations": [
                {
                    "word": "김민수",
                    "start": 305,
                    "end": 308,
                    "label": "개인정보"
                },
                {
                    "word": "박은영",
                    "start": 413,
                    "end": 416,
                    "label": "개인정보"
                },
                {
                    "word": "조민지",
                    "start": 521,
                    "end": 524,
                    "label": "개인정보"
                },
                {
                    "word": "김민수",
                    "start": 630,
                    "end": 633,
                    "label": "개인정보"
                },
                {
                    "word": "박은영",
                    "start": 738,
                    "end": 741,
                    "label": "개인정보"
                },
                {
                    "word": "정호영",
                    "start": 846,
                    "end": 849,
                    "label": "개인정보/준식별자"
                },
                {
                    "word": "김민수",
                    "start": 955,
                    "end": 958,
                    "label": "개인정보"
                },
                {
                    "word": "박은영",
                    "start": 1063,
                    "end": 1066,
                    "label": "개인정보"
                },
                {
                    "word": "조민지",
                    "start": 1171,
                    "end": 1174,
                    "label": "개인정보"
                },
                {
                    "word": "김민수",
                    "start": 1280,
                    "end": 1283,
                    "label": "개인정보"
                },
                {
                    "word": "박은영",
                    "start": 1388,
                    "end": 1391,
                    "label": "개인정보"
                },
                {
                    "word": "정호영",
                    "start": 1496,
                    "end": 1499,
                    "label": "개인정보/준식별자"
                },
                {
                    "word": "김민수",
                    "start": 1605,
                    "end": 1608,
                    "label": "개인정보"
                },
                {
                    "word": "박은영",
                    "start": 1713,
                    "end": 1716,
                    "label": "개인정보"
                },
                {
                    "word": "조민지",
                    "start": 1821,
                    "end": 1824,
                    "label": "개인정보"
                },
                {
                    "word": "김민수",
                    "start": 1930,
                    "end": 1933,
                    "label": "개인정보"
                },
                {
                    "word": "박은영",
                    "start": 2038,
                    "end": 2041,
                    "label": "개인정보"
                },
                {
                    "word": "정호영",
                    "start": 2146,
                    "end": 2149,
                    "label": "개인정보/준식별자"
                },
                {
                    "word": "김민수",
                    "start": 2255,
                    "end": 2258,
                    "label": "개인정보"
                },
                {
                    "word": "박은영",
                    "start": 2363,
                    "end": 2366,
                    "label": "개인정보"
                },
                {
                    "word": "조민지",
                    "start": 2471,
                    "end": 2474,
                    "label": "개인정보"
                },
                {
                    "word": "김민수",
                    "start": 2580,
                    "end": 2583,
                    "label": "개인정보"
                },
                {
                    "word": "박은영",
                    "start": 2689,
                    "end": 2692,
                    "label": "개인정보"
                },
                {
                    "word": "정호영",
                    "start": 2797,
                    "end": 2800,
                    "label": "개인정보/준식별자"
                },
                {
                    "word": "김민수",
                    "start": 2906,
                    "end": 2909,
                    "label": "개인정보"
                },
                {
                    "word": "박은영",
                    "start": 3014,
                    "end": 3017,
                    "label": "개인정보"
                },
                {
                    "word": "조민지",
                    "start": 3122,
                    "end": 3125,
                    "label": "개인정보"
                },
                {
                    "word": "김민수",
                    "start": 3231,
                    "end": 3234,
                    "label": "개인정보"
                },
                {
                    "word": "202",
                    "start": 97,
                    "end": 100,
                    "label": "준식별자"
                },
                {
                    "word": "202",
                    "start": 110,
                    "end": 113,
                    "label": "준식별자"
                },
                {
                    "word": "대표",
                    "start": 153,
                    "end": 155,
                    "label": "준식별자"
                },
                {
                    "word": "대표",
                    "start": 191,
                    "end": 193,
                    "label": "준식별자"
                },
                {
                    "word": "202",
                    "start": 210,
                    "end": 213,
                    "label": "준식별자"
                },
                {
                    "word": "102",
                    "start": 252,
                    "end": 255,
                    "label": "개인정보"
                },
                {
                    "word": "작업자",
                    "start": 295,
                    "end": 298,
                    "label": "준식별자"
                },
                {
                    "word": "202",
                    "start": 319,
                    "end": 322,
                    "label": "준식별자"
                },
                {
                    "word": "120",
                    "start": 346,
                    "end": 349,
                    "label": "준식별자"
                },
                {
                    "word": "작업자",
                    "start": 403,
                    "end": 406,
                    "label": "준식별자"
                },
                {
                    "word": "202",
                    "start": 427,
                    "end": 430,
                    "label": "준식별자"
                },
                {
                    "word": "110",
                    "start": 454,
                    "end": 457,
                    "label": "개인정보"
                },
                {
                    "word": "작업자",
                    "start": 511,
                    "end": 514,
                    "label": "준식별자"
                },
                {
                    "word": "202",
                    "start": 535,
                    "end": 538,
                    "label": "준식별자"
                },
                {
                    "word": "101",
                    "start": 577,
                    "end": 580,
                    "label": "개인정보"
                },
                {
                    "word": "작업자",
                    "start": 620,
                    "end": 623,
                    "label": "준식별자"
                },
                {
                    "word": "202",
                    "start": 644,
                    "end": 647,
                    "label": "준식별자"
                },
                {
                    "word": "작업자",
                    "start": 728,
                    "end": 731,
                    "label": "준식별자"
                },
                {
                    "word": "202",
                    "start": 752,
                    "end": 755,
                    "label": "준식별자"
                },
                {
                    "word": "작업자",
                    "start": 836,
                    "end": 839,
                    "label": "준식별자"
                },
                {
                    "word": "정호영",
                    "start": 846,
                    "end": 849,
                    "label": "개인정보"
                },
                {
                    "word": "202",
                    "start": 860,
                    "end": 863,
                    "label": "준식별자"
                },
                {
                    "word": "103",
                    "start": 902,
                    "end": 905,
                    "label": "개인정보"
                },
                {
                    "word": "작업자",
                    "start": 945,
                    "end": 948,
                    "label": "준식별자"
                },
                {
                    "word": "202",
                    "start": 969,
                    "end": 972,
                    "label": "준식별자"
                },
                {
                    "word": "작업자",
                    "start": 1053,
                    "end": 1056,
                    "label": "준식별자"
                },
                {
                    "word": "202",
                    "start": 1077,
                    "end": 1080,
                    "label": "준식별자"
                },
                {
                    "word": "112",
                    "start": 1104,
                    "end": 1107,
                    "label": "개인정보"
                },
                {
                    "word": "작업자",
                    "start": 1161,
                    "end": 1164,
                    "label": "준식별자"
                },
                {
                    "word": "202",
                    "start": 1185,
                    "end": 1188,
                    "label": "준식별자"
                },
                {
                    "word": "100",
                    "start": 1227,
                    "end": 1230,
                    "label": "개인정보"
                },
                {
                    "word": "작업자",
                    "start": 1270,
                    "end": 1273,
                    "label": "준식별자"
                },
                {
                    "word": "202",
                    "start": 1294,
                    "end": 1297,
                    "label": "준식별자"
                },
                {
                    "word": "210",
                    "start": 1322,
                    "end": 1325,
                    "label": "준식별자"
                },
                {
                    "word": "작업자",
                    "start": 1378,
                    "end": 1381,
                    "label": "준식별자"
                },
                {
                    "word": "202",
                    "start": 1402,
                    "end": 1405,
                    "label": "준식별자"
                },
                {
                    "word": "작업자",
                    "start": 1486,
                    "end": 1489,
                    "label": "준식별자"
                },
                {
                    "word": "정호영",
                    "start": 1496,
                    "end": 1499,
                    "label": "개인정보"
                },
                {
                    "word": "202",
                    "start": 1510,
                    "end": 1513,
                    "label": "준식별자"
                },
                {
                    "word": "104",
                    "start": 1552,
                    "end": 1555,
                    "label": "개인정보"
                },
                {
                    "word": "작업자",
                    "start": 1595,
                    "end": 1598,
                    "label": "준식별자"
                },
                {
                    "word": "202",
                    "start": 1619,
                    "end": 1622,
                    "label": "준식별자"
                },
                {
                    "word": "작업자",
                    "start": 1703,
                    "end": 1706,
                    "label": "준식별자"
                },
                {
                    "word": "202",
                    "start": 1727,
                    "end": 1730,
                    "label": "준식별자"
                },
                {
                    "word": "111",
                    "start": 1754,
                    "end": 1757,
                    "label": "개인정보"
                },
                {
                    "word": "작업자",
                    "start": 1811,
                    "end": 1814,
                    "label": "준식별자"
                },
                {
                    "word": "202",
                    "start": 1835,
                    "end": 1838,
                    "label": "준식별자"
                },
                {
                    "word": "103",
                    "start": 1877,
                    "end": 1880,
                    "label": "개인정보"
                },
                {
                    "word": "작업자",
                    "start": 1920,
                    "end": 1923,
                    "label": "준식별자"
                },
                {
                    "word": "202",
                    "start": 1944,
                    "end": 1947,
                    "label": "준식별자"
                },
                {
                    "word": "작업자",
                    "start": 2028,
                    "end": 2031,
                    "label": "준식별자"
                },
                {
                    "word": "202",
                    "start": 2052,
                    "end": 2055,
                    "label": "준식별자"
                },
                {
                    "word": "작업자",
                    "start": 2136,
                    "end": 2139,
                    "label": "준식별자"
                },
                {
                    "word": "정호영",
                    "start": 2146,
                    "end": 2149,
                    "label": "개인정보"
                },
                {
                    "word": "202",
                    "start": 2160,
                    "end": 2163,
                    "label": "준식별자"
                },
                {
                    "word": "104",
                    "start": 2202,
                    "end": 2205,
                    "label": "개인정보"
                },
                {
                    "word": "작업자",
                    "start": 2245,
                    "end": 2248,
                    "label": "준식별자"
                },
                {
                    "word": "202",
                    "start": 2269,
                    "end": 2272,
                    "label": "준식별자"
                },
                {
                    "word": "작업자",
                    "start": 2353,
                    "end": 2356,
                    "label": "준식별자"
                },
                {
                    "word": "202",
                    "start": 2377,
                    "end": 2380,
                    "label": "준식별자"
                },
                {
                    "word": "작업자",
                    "start": 2461,
                    "end": 2464,
                    "label": "준식별자"
                },
                {
                    "word": "202",
                    "start": 2485,
                    "end": 2488,
                    "label": "준식별자"
                },
                {
                    "word": "102",
                    "start": 2527,
                    "end": 2530,
                    "label": "개인정보"
                },
                {
                    "word": "작업자",
                    "start": 2570,
                    "end": 2573,
                    "label": "준식별자"
                },
                {
                    "word": "202",
                    "start": 2594,
                    "end": 2597,
                    "label": "준식별자"
                },
                {
                    "word": "작업자",
                    "start": 2679,
                    "end": 2682,
                    "label": "준식별자"
                },
                {
                    "word": "202",
                    "start": 2703,
                    "end": 2706,
                    "label": "준식별자"
                },
                {
                    "word": "110",
                    "start": 2730,
                    "end": 2733,
                    "label": "개인정보"
                },
                {
                    "word": "작업자",
                    "start": 2787,
                    "end": 2790,
                    "label": "준식별자"
                },
                {
                    "word": "정호영",
                    "start": 2797,
                    "end": 2800,
                    "label": "개인정보"
                },
                {
                    "word": "202",
                    "start": 2811,
                    "end": 2814,
                    "label": "준식별자"
                },
                {
                    "word": "610",
                    "start": 2839,
                    "end": 2842,
                    "label": "개인정보"
                },
                {
                    "word": "103",
                    "start": 2853,
                    "end": 2856,
                    "label": "개인정보"
                },
                {
                    "word": "작업자",
                    "start": 2896,
                    "end": 2899,
                    "label": "준식별자"
                },
                {
                    "word": "202",
                    "start": 2920,
                    "end": 2923,
                    "label": "준식별자"
                },
                {
                    "word": "120",
                    "start": 2947,
                    "end": 2950,
                    "label": "준식별자"
                },
                {
                    "word": "작업자",
                    "start": 3004,
                    "end": 3007,
                    "label": "준식별자"
                },
                {
                    "word": "202",
                    "start": 3028,
                    "end": 3031,
                    "label": "준식별자"
                },
                {
                    "word": "112",
                    "start": 3055,
                    "end": 3058,
                    "label": "개인정보"
                },
                {
                    "word": "작업자",
                    "start": 3112,
                    "end": 3115,
                    "label": "준식별자"
                },
                {
                    "word": "202",
                    "start": 3136,
                    "end": 3139,
                    "label": "준식별자"
                },
                {
                    "word": "104",
                    "start": 3178,
                    "end": 3181,
                    "label": "개인정보"
                },
                {
                    "word": "작업자",
                    "start": 3221,
                    "end": 3224,
                    "label": "준식별자"
                },
                {
                    "word": "202",
                    "start": 3267,
                    "end": 3270,
                    "label": "준식별자"
                },
                {
                    "word": "8%",
                    "start": 3340,
                    "end": 3342,
                    "label": "기밀정보"
                }
            ]
        },
        {
            "sentence": "주요 불량 유형은 솔더링 불량(연결 불량), 표면 코팅 미흡.",
            "id": "sample_001_0114_000027",
            "annotations": []
        },
        {
            "sentence": "불량 발생 패턴은 라인B에서 집중적으로 발생하며, 특정 생산교대(야간 2교대)에서 빈도가 높음.- 원인(초기 가설): (1) 라인B의 낡은 솔더링 로봇의 온도 제어 오차, (2) 원자재(전극 소재) 배치별 품질 편차, (3) 작업자 숙련도 차이 및 교대별 점검 미흡.5-2. 불량 발생의 시계열적 특징- 8월 중순 이후 라인B의 불량률이 평균 6.2%까지 상승.",
            "id": "sample_001_0114_000028",
            "annotations": [
                {
                    "word": "작업자",
                    "start": 126,
                    "end": 129,
                    "label": "준식별자"
                }
            ]
        },
        {
            "sentence": "AI-CPS 로그와 비교 시 설비의 진동수(모터 베어링) 상승과 솔더링 온도의 미세한 편차가 동일 시점에 관찰됨.5-3. 품질 검사 결과(샘플)- 검사자: 최수진(품질담당, 사번 HB-222)- 검사 일자: 2025-08-18- 검사 항목: 전자모듈 솔더 접합 강도, 표면 저항값, 외관 코팅 균일도- 결과: 표본 200개 중 불합격 12개(불량률 6.0%).",
            "id": "sample_001_0114_000029",
            "annotations": [
                {
                    "word": "최수진",
                    "start": 87,
                    "end": 90,
                    "label": "개인정보"
                },
                {
                    "word": "품질담당",
                    "start": 91,
                    "end": 95,
                    "label": "준식별자"
                },
                {
                    "word": "HB-222",
                    "start": 100,
                    "end": 106,
                    "label": "개인정보"
                },
                {
                    "word": "AI-CPS",
                    "start": 0,
                    "end": 6,
                    "label": "기밀정보"
                },
                {
                    "word": "사번",
                    "start": 97,
                    "end": 99,
                    "label": "기밀정보"
                },
                {
                    "word": "202",
                    "start": 116,
                    "end": 119,
                    "label": "준식별자"
                },
                {
                    "word": "200",
                    "start": 176,
                    "end": 179,
                    "label": "개인정보"
                }
            ]
        },
        {
            "sentence": "불합격 원인 분석에서 공정 온도 편차(솔더링 10~12°C 편차)와 관련 원자재 LOT 차이가 유력.6. 설비 상태 점검 결과(현장 점검 2025-08-20 ~ 2025-08-30)6-1. 점검자 및 팀- 점검 주관: 기술부(현장 엔지니어 이준호, 사번 HB-215)- 협업: 생산부 라인장(김민수, 박은영), 품질부(최수진)6-2. 주요 점검 내용 및 발견 사항- 라인B 솔더링 로봇 2대 중 1대(장비번호 SLD-B-07)에서 PID 제어 루프 튜닝 불안정으로 온도 편차 발생(센서 drift 의심).- 라인B 일부 컨베이어 베어링에서 진동 및 마모가 진행 중이며, 베어링 온도 상승 감지(정상 대비 +7°C).- 라인C 조립 스테이션의 핀 고정 센서의 감도 저하로 일부 부품 미정렬 발생(수작업 보정 빈도 증가).- 라인A는 전반적으로 양호하나, 주기적 윤활 스케줄에서 일부 누락 사례 발견(작업표 미기입).7. 근본원인 분석(Root Cause Analysis)7-1. 라인B의 불량 및 가동률 저하 원인 종합- 기술적 원인: 솔더링 로봇 PID 튜닝 불량(센서 drift 가능성), 베어링 마모로 인한 가동중단 및 감속, 일부 공정의 센서 교정 주기 미흡.- 운영적 원인: 야간조 작업자의 설비 점검 체크리스트 미이행(체크 미기입), 교대 간 인계 미흡, 작업표준서(SOP)의 일부 항목(센서 교정 절차)이 최신화되지 않음.- 자재원인: 특정 LOT(LOT-2207-KA)의 전극 품질 편차로 인한 솔더링 품질 불안정.- 관리적 원인: 예지보전(AI-CPS) 경고에 대한 현장 대응 프로세스 미정립(경보 발생 시 즉각 점검 및 임시조치 매뉴얼 부재).8. 개선안(우선순위 구분: 단기(1~2개월), 중기(3~6개월), 장기(6~12개월))8-1. 단기(1~2개월)- 즉각 조치 1) 라인B SLD-B-07 장비의 PID 재튜닝 및 온도센서 교체(예상 소요 3일, 엔지니어: 이준호 주관) 2) 베어링 긴급 교체 대상 리스트 작성 및 우선 교체(라인B 5개 포인트 우선, 소요 5일) 3) 품질검사 강화: 야간조 표본검사 비율을 기존 2%에서 8%로 상향 조정(2개월간 적용) 4) 작업자 인수인계 체크리스트 즉시 시행(모든 교대 적용)- 비용(단기 예산안 합계): 약 11,800,000원(부품비용 6,200,000원 + 외주 기술지원 3,000,000원 + 추가 검사 인건비 2,600,000원)8-2. 중기(3~6개월)- 프로세스/시스템 개선 1) AI-CPS 예측보전 알람의 SOP화: 알람 단계별 대응 매뉴얼 수립 및 역할분담(생산부-기술부 협업) 2) 라인B 전수 설비 정밀점검 및 주요 부품(모터, 베어링, 센서) 교체 계획 수립 3) 자재입고 품질관리 강화: LOT 추적 시스템 개선 및 입고시 샘플링 검사 강화 4) 작업표준서(SOP) 개정: 센서 교정주기, 윤활스케줄, 교대 인수인계 절차 명문화- 인력/교육 1) 야간조 대상 설비기초 교육(총 4회, 외부 전문강사 초빙 가능) 2) 품질관리 역량 강화교육(내부 품질 워크숍 2회)- 비용(중기 예산안 합계): 약 45,000,000원(부품 및 설비 교체 28,000,000원 + 교육 및 외부 컨설팅 7,000,000원 + 시스템/소프트웨어 개선 10,000,000원)8-3. 장기(6~12개월)- 설비 업그레이드 및 자동화 확대 1) 라인B의 핵심 솔더링 로봇 2대 완전 교체(신형 모델, PID 안정화 및 원격모니터링 기능 포함) 2) 예지보전 데이터셋 통합 및 머신러닝 모델 개선: 이상징후 탐지 정확도 향상 및 자동 알람-티켓 연계 3) 라인C 자동 보정 스테이션 추가 투자(수동 조정 최소화)- 비용(장기 예산안 합계): 약 210,000,000원(설비 교체 180,000,000원 + SW개발 및 통합 30,000,000원)9. 실행 계획(세부 일정표)- 2025-09-06 ~ 2025-09-12: 단기 긴급조치(센서 교체, PID 튜닝) — 기술부(주관), 생산부(지원)- 2025-09-13 ~ 2025-09-30: 베어링 교체 및 라인B 정밀점검 — 기술부(주관)- 2025-10-01 ~ 2025-10-31: SOP 개정 및 교육 실시 — 생산부 주관, 인사부 협조(교육운영)- 2025-11-01 ~ 2026-02-28: 중기 설비 보수 및 시스템 개선 단계(예지보전 SOP 적용 및 모니터링)- 2026-03-01 ~ 2026-06-30: 장기 설비 업그레이드(예산 확정 후 진행)10. 예상 효과(정량적 목표)- 단기 목표(1~2개월): 전체 불량률을 3.9% → 3.0% 이내로 감축, 라인B 가동률 80.4% → 87% 수준 개선- 중기 목표(3~6개월): 전체 불량률 3.0% → 2.3% 수준, 평균 생산효율 88.3% → 92% 달성- 장기 목표(6~12개월): 불량률 목표 2.0% 이하, 가동률 92% 이상 유지, 예지보전 시행으로 긴급정비 호출 건수 40% 이상 감소11. 리스크 및 대안- 리스크 A (예상 자재 수급지연): 핵심 부품(신형 솔더링 로봇 부품) 납기 지연 시 단기 대안으로 외주 솔더링 공정 일부 위탁 검토(영업부와 연계하여 생산물량 조정)- 리스크 B (예상 예산 미확보): 장기 설비 교체비 미확보 시, 우선순위에 따라 라인B 핵심부품만 선(先)교체하고 나머지는 단계적 교체로 전환- 리스크 C (인력부족): 야간조 인력 부족으로 교육 이수율 저하 시 인사부와 협의하여 단기 인력 충원 및 교대 보상체계 조정12. 인력투입 계획 및 담당자 명단(주요 책임자)- 프로젝트 총괄: 김민수(생산부장, 사번: HB-201, 연락처: \"031-700-2201\", 이메일: \"mks@hanbitsol.co.kr\")- 현장 기술총괄: 이준호(선임엔지니어, 사번: HB-215, 연락처: \"010-9876-5432\", 이메일: \"jlee@hanbitsol.co.kr\")- 생산팀장(라인 운영): 박은영(생산팀장, 사번: HB-204, 연락처: \"010-3456-7890\", 이메일: \"epark@hanbitsol.co.kr\")- 품질검사 담당: 최수진(품질담당, 사번: HB-222, 연락처: \"010-1111-2222\", 이메일: \"sjchoi@hanbitsol.co.kr\")- 라인C 작업조장: 정호영(라인C 조장, 사번: HB-239, 연락처: \"010-3333-4444\")- 라인B 보조작업자: 조민지(라인B, 사번: HB-241, 연락처: \"010-5555-6666\")13. 예상비용 요약(총괄)- 단기 합계: 11,800,000원- 중기 합계: 45,000,000원- 장기 합계: 210,000,000원- 총계(예상): 266,800,000원14. 모니터링 및 성과평가 지표- 일간 및 주간 KPI 보고서: 생산량, 가동률, 불량률, MTTR(평균수리시간), MTBF(평균고장간격), 예지보전 경보 발생 건수 및 대응시간- KPI 보고 주체: 생산부(작성) -> 기술부(검증) -> 관리부(재무측 비용검토) -> 대표이사(승인)- 성과평가 주기: 단기(주단위) / 중기(월단위) / 장기(분기단위)15. 첨부자료- HB-PROD-2025-Q3-Daily.csv (일일 생산원자료)- HB-PROD-2025-Q3-QC-Summary.pdf (품질검사 상세보고서)- HB-PROD-2025-Q3-EquipmentLogs.zip (AI-CPS 로그 원자료)- 사진첨부: 라인B_SLD-B-07_20250822.jpg, 라인B_bearing_20250825.jpg16. 결론 및 요청사항생산부는 본 보고서의 단기 권고사항 즉시 시행을 요청하며, 특히 라인B의 센서 교체 및 베어링 교체는 즉시 예산집행을 승인해 주실 것을 요청드립니다.",
            "id": "sample_001_0114_000030",
            "annotations": [
                {
                    "word": "이준호",
                    "start": 134,
                    "end": 137,
                    "label": "개인정보"
                },
                {
                    "word": "HB-215",
                    "start": 142,
                    "end": 148,
                    "label": "개인정보"
                },
                {
                    "word": "김민수",
                    "start": 163,
                    "end": 166,
                    "label": "개인정보"
                },
                {
                    "word": "박은영",
                    "start": 168,
                    "end": 171,
                    "label": "개인정보"
                },
                {
                    "word": "최수진",
                    "start": 178,
                    "end": 181,
                    "label": "개인정보"
                },
                {
                    "word": "이준호",
                    "start": 942,
                    "end": 945,
                    "label": "개인정보"
                },
                {
                    "word": "김민수",
                    "start": 2696,
                    "end": 2699,
                    "label": "개인정보"
                },
                {
                    "word": "생산부장",
                    "start": 2700,
                    "end": 2704,
                    "label": "준식별자"
                },
                {
                    "word": "HB-201",
                    "start": 2710,
                    "end": 2716,
                    "label": "개인정보"
                },
                {
                    "word": "031-700-2201",
                    "start": 2724,
                    "end": 2736,
                    "label": "개인정보"
                },
                {
                    "word": "mks@hanbitsol.co.kr",
                    "start": 2745,
                    "end": 2764,
                    "label": "개인정보"
                },
                {
                    "word": "이준호",
                    "start": 2777,
                    "end": 2780,
                    "label": "개인정보"
                },
                {
                    "word": "선임엔지니어",
                    "start": 2781,
                    "end": 2787,
                    "label": "준식별자"
                },
                {
                    "word": "HB-215",
                    "start": 2793,
                    "end": 2799,
                    "label": "개인정보"
                },
                {
                    "word": "010-9876-5432",
                    "start": 2807,
                    "end": 2820,
                    "label": "개인정보"
                },
                {
                    "word": "jlee@hanbitsol.co.kr",
                    "start": 2829,
                    "end": 2849,
                    "label": "개인정보"
                },
                {
                    "word": "생산팀장",
                    "start": 2853,
                    "end": 2857,
                    "label": "준식별자"
                },
                {
                    "word": "박은영",
                    "start": 2866,
                    "end": 2869,
                    "label": "개인정보"
                },
                {
                    "word": "생산팀장",
                    "start": 2870,
                    "end": 2874,
                    "label": "준식별자"
                },
                {
                    "word": "HB-204",
                    "start": 2880,
                    "end": 2886,
                    "label": "개인정보"
                },
                {
                    "word": "010-3456-7890",
                    "start": 2894,
                    "end": 2907,
                    "label": "개인정보"
                },
                {
                    "word": "epark@hanbitsol.co.kr",
                    "start": 2916,
                    "end": 2937,
                    "label": "개인정보"
                },
                {
                    "word": "최수진",
                    "start": 2950,
                    "end": 2953,
                    "label": "개인정보"
                },
                {
                    "word": "품질담당",
                    "start": 2954,
                    "end": 2958,
                    "label": "준식별자"
                },
                {
                    "word": "HB-222",
                    "start": 2964,
                    "end": 2970,
                    "label": "개인정보"
                },
                {
                    "word": "010-1111-2222",
                    "start": 2978,
                    "end": 2991,
                    "label": "개인정보"
                },
                {
                    "word": "sjchoi@hanbitsol.co.kr",
                    "start": 3000,
                    "end": 3022,
                    "label": "개인정보"
                },
                {
                    "word": "정호영",
                    "start": 3036,
                    "end": 3039,
                    "label": "개인정보/준식별자"
                },
                {
                    "word": "HB-239",
                    "start": 3052,
                    "end": 3058,
                    "label": "개인정보"
                },
                {
                    "word": "010-3333-4444",
                    "start": 3066,
                    "end": 3079,
                    "label": "개인정보"
                },
                {
                    "word": "조민지",
                    "start": 3094,
                    "end": 3097,
                    "label": "개인정보"
                },
                {
                    "word": "HB-241",
                    "start": 3107,
                    "end": 3113,
                    "label": "개인정보"
                },
                {
                    "word": "010-5555-6666",
                    "start": 3121,
                    "end": 3134,
                    "label": "개인정보"
                },
                {
                    "word": "202",
                    "start": 77,
                    "end": 80,
                    "label": "준식별자"
                },
                {
                    "word": "202",
                    "start": 90,
                    "end": 93,
                    "label": "준식별자"
                },
                {
                    "word": "기술부",
                    "start": 122,
                    "end": 125,
                    "label": "준식별자"
                },
                {
                    "word": "엔지니어",
                    "start": 129,
                    "end": 133,
                    "label": "준식별자"
                },
                {
                    "word": "사번",
                    "start": 139,
                    "end": 141,
                    "label": "기밀정보"
                },
                {
                    "word": "생산부",
                    "start": 155,
                    "end": 158,
                    "label": "준식별자"
                },
                {
                    "word": "라인A",
                    "start": 404,
                    "end": 407,
                    "label": "준식별자"
                },
                {
                    "word": "작업자",
                    "start": 610,
                    "end": 613,
                    "label": "준식별자"
                },
                {
                    "word": "220",
                    "start": 709,
                    "end": 712,
                    "label": "개인정보"
                },
                {
                    "word": "AI-CPS",
                    "start": 758,
                    "end": 764,
                    "label": "기밀정보"
                },
                {
                    "word": "엔지니어",
                    "start": 936,
                    "end": 940,
                    "label": "준식별자"
                },
                {
                    "word": "8%",
                    "start": 1036,
                    "end": 1038,
                    "label": "기밀정보"
                },
                {
                    "word": "작업자",
                    "start": 1058,
                    "end": 1061,
                    "label": "준식별자"
                },
                {
                    "word": "200",
                    "start": 1126,
                    "end": 1129,
                    "label": "개인정보"
                },
                {
                    "word": "3,000,000원",
                    "start": 1145,
                    "end": 1155,
                    "label": "기밀정보"
                },
                {
                    "word": "AI-CPS",
                    "start": 1210,
                    "end": 1216,
                    "label": "기밀정보"
                },
                {
                    "word": "생산부",
                    "start": 1256,
                    "end": 1259,
                    "label": "준식별자"
                },
                {
                    "word": "기술부",
                    "start": 1260,
                    "end": 1263,
                    "label": "준식별자"
                },
                {
                    "word": "45,000,000원",
                    "start": 1506,
                    "end": 1517,
                    "label": "기밀정보"
                },
                {
                    "word": "28,000,000원",
                    "start": 1529,
                    "end": 1540,
                    "label": "기밀정보"
                },
                {
                    "word": "210",
                    "start": 1798,
                    "end": 1801,
                    "label": "준식별자"
                },
                {
                    "word": "180,000,000원",
                    "start": 1817,
                    "end": 1829,
                    "label": "기밀정보"
                },
                {
                    "word": "30,000,000원",
                    "start": 1842,
                    "end": 1853,
                    "label": "기밀정보"
                },
                {
                    "word": "202",
                    "start": 1872,
                    "end": 1875,
                    "label": "준식별자"
                },
                {
                    "word": "202",
                    "start": 1885,
                    "end": 1888,
                    "label": "준식별자"
                },
                {
                    "word": "기술부",
                    "start": 1922,
                    "end": 1925,
                    "label": "준식별자"
                },
                {
                    "word": "생산부",
                    "start": 1931,
                    "end": 1934,
                    "label": "준식별자"
                },
                {
                    "word": "202",
                    "start": 1940,
                    "end": 1943,
                    "label": "준식별자"
                },
                {
                    "word": "202",
                    "start": 1953,
                    "end": 1956,
                    "label": "준식별자"
                },
                {
                    "word": "기술부",
                    "start": 1985,
                    "end": 1988,
                    "label": "준식별자"
                },
                {
                    "word": "202",
                    "start": 1994,
                    "end": 1997,
                    "label": "준식별자"
                },
                {
                    "word": "2025-10-31",
                    "start": 2007,
                    "end": 2017,
                    "label": "준식별자"
                },
                {
                    "word": "생산부",
                    "start": 2036,
                    "end": 2039,
                    "label": "준식별자"
                },
                {
                    "word": "인사부",
                    "start": 2044,
                    "end": 2047,
                    "label": "준식별자"
                },
                {
                    "word": "202",
                    "start": 2058,
                    "end": 2061,
                    "label": "준식별자"
                },
                {
                    "word": "202",
                    "start": 2071,
                    "end": 2074,
                    "label": "준식별자"
                },
                {
                    "word": "202",
                    "start": 2125,
                    "end": 2128,
                    "label": "준식별자"
                },
                {
                    "word": "202",
                    "start": 2138,
                    "end": 2141,
                    "label": "준식별자"
                },
                {
                    "word": "영업부",
                    "start": 2487,
                    "end": 2490,
                    "label": "준식별자"
                },
                {
                    "word": "인사부",
                    "start": 2626,
                    "end": 2629,
                    "label": "준식별자"
                },
                {
                    "word": "사번",
                    "start": 2706,
                    "end": 2708,
                    "label": "기밀정보"
                },
                {
                    "word": "사번",
                    "start": 2789,
                    "end": 2791,
                    "label": "기밀정보"
                },
                {
                    "word": "사번",
                    "start": 2876,
                    "end": 2878,
                    "label": "기밀정보"
                },
                {
                    "word": "사번",
                    "start": 2960,
                    "end": 2962,
                    "label": "기밀정보"
                },
                {
                    "word": "정호영",
                    "start": 3036,
                    "end": 3039,
                    "label": "개인정보"
                },
                {
                    "word": "사번",
                    "start": 3048,
                    "end": 3050,
                    "label": "기밀정보"
                },
                {
                    "word": "작업자",
                    "start": 3089,
                    "end": 3092,
                    "label": "준식별자"
                },
                {
                    "word": "사번",
                    "start": 3103,
                    "end": 3105,
                    "label": "기밀정보"
                },
                {
                    "word": "예상비용",
                    "start": 3140,
                    "end": 3144,
                    "label": "기밀정보"
                },
                {
                    "word": "45,000,000원",
                    "start": 3180,
                    "end": 3191,
                    "label": "기밀정보"
                },
                {
                    "word": "210",
                    "start": 3200,
                    "end": 3203,
                    "label": "준식별자"
                },
                {
                    "word": "생산부",
                    "start": 3347,
                    "end": 3350,
                    "label": "준식별자"
                },
                {
                    "word": "기술부",
                    "start": 3358,
                    "end": 3361,
                    "label": "준식별자"
                },
                {
                    "word": "관리부",
                    "start": 3369,
                    "end": 3372,
                    "label": "준식별자"
                },
                {
                    "word": "대표이사",
                    "start": 3386,
                    "end": 3390,
                    "label": "준식별자"
                },
                {
                    "word": "202",
                    "start": 3451,
                    "end": 3454,
                    "label": "준식별자"
                },
                {
                    "word": "202",
                    "start": 3489,
                    "end": 3492,
                    "label": "준식별자"
                },
                {
                    "word": "202",
                    "start": 3534,
                    "end": 3537,
                    "label": "준식별자"
                },
                {
                    "word": "AI-CPS",
                    "start": 3561,
                    "end": 3567,
                    "label": "기밀정보"
                },
                {
                    "word": "202",
                    "start": 3596,
                    "end": 3599,
                    "label": "준식별자"
                },
                {
                    "word": "202",
                    "start": 3622,
                    "end": 3625,
                    "label": "준식별자"
                },
                {
                    "word": "생산부",
                    "start": 3647,
                    "end": 3650,
                    "label": "준식별자"
                }
            ]
        },
        {
            "sentence": "중장기 설비투자의 필요성은 명확하므로 관리부와 협의 하에 예산 확보 방안을 2025-09-30까지 제출할 예정입니다.",
            "id": "sample_001_0114_000031",
            "annotations": [
                {
                    "word": "관리부",
                    "start": 21,
                    "end": 24,
                    "label": "준식별자"
                },
                {
                    "word": "202",
                    "start": 42,
                    "end": 45,
                    "label": "준식별자"
                }
            ]
        },
        {
            "sentence": "또한 인사부와 협력하여 야간조 교육 일정 및 보상체계 개선안을 마련해 주시기 바랍니다.부서간 협력 요청처- 기술부: PID 튜닝 및 장비 교체(주관)- 품질부: 단기간 검사 강화 및 결과 리포트(주관)- 관리부: 예산 심의 및 집행 승인- 인사부: 교육 운영 및 야간조 인력 보강보고 마감본 문서는 한빛솔루션 내부용으로 생산부(김민수) 주관하에 작성되었으며, 첨부 자료와 세부 데이터는 별첨 파일을 참조 바람.작성자(기안자): 이준호 (선임엔지니어, 사번: HB-215)검토자: 최수진 (품질담당, 사번: HB-222)최종보고자: 김민수 (생산부장, 사번: HB-201)",
            "id": "sample_001_0114_000032",
            "annotations": [
                {
                    "word": "김민수",
                    "start": 183,
                    "end": 186,
                    "label": "개인정보"
                },
                {
                    "word": "이준호",
                    "start": 239,
                    "end": 242,
                    "label": "개인정보"
                },
                {
                    "word": "선임엔지니어",
                    "start": 244,
                    "end": 250,
                    "label": "준식별자"
                },
                {
                    "word": "HB-215",
                    "start": 256,
                    "end": 262,
                    "label": "개인정보"
                },
                {
                    "word": "최수진",
                    "start": 268,
                    "end": 271,
                    "label": "개인정보"
                },
                {
                    "word": "품질담당",
                    "start": 273,
                    "end": 277,
                    "label": "준식별자"
                },
                {
                    "word": "HB-222",
                    "start": 283,
                    "end": 289,
                    "label": "개인정보"
                },
                {
                    "word": "김민수",
                    "start": 297,
                    "end": 300,
                    "label": "개인정보"
                },
                {
                    "word": "생산부장",
                    "start": 302,
                    "end": 306,
                    "label": "준식별자"
                },
                {
                    "word": "HB-201",
                    "start": 312,
                    "end": 318,
                    "label": "개인정보"
                },
                {
                    "word": "인사부",
                    "start": 3,
                    "end": 6,
                    "label": "준식별자"
                },
                {
                    "word": "기술부",
                    "start": 60,
                    "end": 63,
                    "label": "준식별자"
                },
                {
                    "word": "관리부",
                    "start": 114,
                    "end": 117,
                    "label": "준식별자"
                },
                {
                    "word": "인사부",
                    "start": 134,
                    "end": 137,
                    "label": "준식별자"
                },
                {
                    "word": "생산부",
                    "start": 179,
                    "end": 182,
                    "label": "준식별자"
                },
                {
                    "word": "사번",
                    "start": 252,
                    "end": 254,
                    "label": "기밀정보"
                },
                {
                    "word": "사번",
                    "start": 279,
                    "end": 281,
                    "label": "기밀정보"
                },
                {
                    "word": "사번",
                    "start": 308,
                    "end": 310,
                    "label": "기밀정보"
                }
            ]
        },
        {
            "sentence": "기술부",
            "id": "sample_001_0114_000033",
            "annotations": [
                {
                    "word": "기술부",
                    "start": 0,
                    "end": 3,
                    "label": "준식별자"
                }
            ]
        },
        {
            "sentence": "품질부(내부)",
            "id": "sample_001_0114_000034",
            "annotations": []
        },
        {
            "sentence": "관리부",
            "id": "sample_001_0114_000035",
            "annotations": [
                {
                    "word": "관리부",
                    "start": 0,
                    "end": 3,
                    "label": "준식별자"
                }
            ]
        },
        {
            "sentence": "인사부",
            "id": "sample_001_0114_000036",
            "annotations": [
                {
                    "word": "인사부",
                    "start": 0,
                    "end": 3,
                    "label": "준식별자"
                }
            ]
        },
        {
            "sentence": "영업부(수주조정시 협조)",
            "id": "sample_001_0114_000037",
            "annotations": [
                {
                    "word": "영업부",
                    "start": 0,
                    "end": 3,
                    "label": "준식별자"
                }
            ]
        },
        {
            "sentence": "HB-PROD-2025-Q3-Daily.csv",
            "id": "sample_001_0114_000038",
            "annotations": [
                {
                    "word": "202",
                    "start": 8,
                    "end": 11,
                    "label": "준식별자"
                }
            ]
        },
        {
            "sentence": "일일 생산 원자료(라인A/B/C)",
            "id": "sample_001_0114_000039",
            "annotations": [
                {
                    "word": "라인A",
                    "start": 10,
                    "end": 13,
                    "label": "준식별자"
                }
            ]
        },
        {
            "sentence": "HB-PROD-2025-Q3-QC-Summary.pdf",
            "id": "sample_001_0114_000040",
            "annotations": [
                {
                    "word": "202",
                    "start": 8,
                    "end": 11,
                    "label": "준식별자"
                }
            ]
        },
        {
            "sentence": "품질검사 상세보고서(표본검사 결과)",
            "id": "sample_001_0114_000041",
            "annotations": []
        },
        {
            "sentence": "HB-PROD-2025-Q3-EquipmentLogs.zip",
            "id": "sample_001_0114_000042",
            "annotations": [
                {
                    "word": "202",
                    "start": 8,
                    "end": 11,
                    "label": "준식별자"
                }
            ]
        },
        {
            "sentence": "AI-CPS 장비 로그 원자료",
            "id": "sample_001_0114_000043",
            "annotations": [
                {
                    "word": "AI-CPS",
                    "start": 0,
                    "end": 6,
                    "label": "기밀정보"
                }
            ]
        },
        {
            "sentence": "사진_라인B_SLD-B-07_20250822.jpg",
            "id": "sample_001_0114_000044",
            "annotations": [
                {
                    "word": "202",
                    "start": 16,
                    "end": 19,
                    "label": "준식별자"
                }
            ]
        },
        {
            "sentence": "라인B 솔더링 로봇 현황 사진",
            "id": "sample_001_0114_000045",
            "annotations": []
        },
        {
            "sentence": "0",
            "id": "sample_001_0114_000046",
            "annotations": []
        },
        {
            "sentence": "2025-09-05",
            "id": "sample_001_0114_000047",
            "annotations": [
                {
                    "word": "202",
                    "start": 0,
                    "end": 3,
                    "label": "준식별자"
                }
            ]
        },
        {
            "sentence": "초안 작성",
            "id": "sample_001_0114_000048",
            "annotations": []
        },
        {
            "sentence": "1",
            "id": "sample_001_0114_000049",
            "annotations": []
        },
        {
            "sentence": "2025-09-12",
            "id": "sample_001_0114_000050",
            "annotations": [
                {
                    "word": "202",
                    "start": 0,
                    "end": 3,
                    "label": "준식별자"
                }
            ]
        },
        {
            "sentence": "단기 조치 수행결과 반영 예정(추가 업데이트 시 기록)",
            "id": "sample_001_0114_000051",
            "annotations": []
        },
        {
            "sentence": "본 문서는 내부 결재 및 실행을 위한 기초 자료이며, 외부공개 시 관리부 법무검토 필요..",
            "id": "sample_001_0114_000052",
            "annotations": [
                {
                    "word": "관리부",
                    "start": 37,
                    "end": 40,
                    "label": "준식별자"
                }
            ]
        }
    ]
}