{
    "document_id": "001_0054",
    "document_title": "0054",
    "data": [
        {
            "sentence": "설비 개선/업그레이드 보고서",
            "id": "sample_001_0054_000001",
            "annotations": []
        },
        {
            "sentence": "TGB-2025-0007",
            "id": "sample_001_0054_000002",
            "annotations": [
                {
                    "word": "2025-000",
                    "start": 4,
                    "end": 12,
                    "label": "기밀정보"
                }
            ]
        },
        {
            "sentence": "기술부_설비개선보고서_AI컨베이어_2025_01",
            "id": "sample_001_0054_000003",
            "annotations": [
                {
                    "word": "기술부",
                    "start": 0,
                    "end": 3,
                    "label": "준식별자"
                },
                {
                    "word": "202",
                    "start": 19,
                    "end": 22,
                    "label": "준식별자"
                }
            ]
        },
        {
            "sentence": "기술부",
            "id": "sample_001_0054_000004",
            "annotations": [
                {
                    "word": "기술부",
                    "start": 0,
                    "end": 3,
                    "label": "준식별자"
                }
            ]
        },
        {
            "sentence": "김도현",
            "id": "sample_001_0054_000005",
            "annotations": [
                {
                    "word": "김도현",
                    "start": 0,
                    "end": 3,
                    "label": "개인정보"
                }
            ]
        },
        {
            "sentence": "선임엔지니어",
            "id": "sample_001_0054_000006",
            "annotations": [
                {
                    "word": "선임엔지니어",
                    "start": 0,
                    "end": 6,
                    "label": "준식별자"
                }
            ]
        },
        {
            "sentence": "T-2105",
            "id": "sample_001_0054_000007",
            "annotations": [
                {
                    "word": "T-2105",
                    "start": 0,
                    "end": 6,
                    "label": "개인정보"
                }
            ]
        },
        {
            "sentence": "010-3456-7890",
            "id": "sample_001_0054_000008",
            "annotations": [
                {
                    "word": "010-3456-7890",
                    "start": 0,
                    "end": 13,
                    "label": "개인정보"
                }
            ]
        },
        {
            "sentence": "kim.dohyun@hanbitsolution.co.kr",
            "id": "sample_001_0054_000009",
            "annotations": []
        },
        {
            "sentence": "박준영",
            "id": "sample_001_0054_000010",
            "annotations": [
                {
                    "word": "박준영",
                    "start": 0,
                    "end": 3,
                    "label": "개인정보"
                }
            ]
        },
        {
            "sentence": "수석엔지니어",
            "id": "sample_001_0054_000011",
            "annotations": [
                {
                    "word": "수석엔지니어",
                    "start": 0,
                    "end": 6,
                    "label": "준식별자"
                }
            ]
        },
        {
            "sentence": "T-1102",
            "id": "sample_001_0054_000012",
            "annotations": [
                {
                    "word": "T-1102",
                    "start": 0,
                    "end": 6,
                    "label": "개인정보"
                }
            ]
        },
        {
            "sentence": "010-1234-5678",
            "id": "sample_001_0054_000013",
            "annotations": [
                {
                    "word": "010-1234-5678",
                    "start": 0,
                    "end": 13,
                    "label": "개인정보"
                }
            ]
        },
        {
            "sentence": "park.junyong@hanbitsolution.co.kr",
            "id": "sample_001_0054_000014",
            "annotations": []
        },
        {
            "sentence": "이수진",
            "id": "sample_001_0054_000015",
            "annotations": [
                {
                    "word": "이수진",
                    "start": 0,
                    "end": 3,
                    "label": "개인정보"
                }
            ]
        },
        {
            "sentence": "기술부장",
            "id": "sample_001_0054_000016",
            "annotations": [
                {
                    "word": "기술부장",
                    "start": 0,
                    "end": 4,
                    "label": "준식별자"
                }
            ]
        },
        {
            "sentence": "T-1001",
            "id": "sample_001_0054_000017",
            "annotations": [
                {
                    "word": "T-1001",
                    "start": 0,
                    "end": 6,
                    "label": "개인정보"
                }
            ]
        },
        {
            "sentence": "031-712-3344",
            "id": "sample_001_0054_000018",
            "annotations": [
                {
                    "word": "031-712-3344",
                    "start": 0,
                    "end": 12,
                    "label": "개인정보"
                }
            ]
        },
        {
            "sentence": "lee.sujin@hanbitsolution.co.kr",
            "id": "sample_001_0054_000019",
            "annotations": [
                {
                    "word": "lee.sujin@hanbitsolution.co.kr",
                    "start": 0,
                    "end": 30,
                    "label": "개인정보"
                }
            ]
        },
        {
            "sentence": "2025-09-01",
            "id": "sample_001_0054_000020",
            "annotations": [
                {
                    "word": "2025-09-01",
                    "start": 0,
                    "end": 10,
                    "label": "준식별자"
                }
            ]
        },
        {
            "sentence": "AI-CPS 연동형 컨베이어 자동제어 모듈",
            "id": "sample_001_0054_000021",
            "annotations": [
                {
                    "word": "AI-CPS",
                    "start": 0,
                    "end": 6,
                    "label": "기밀정보"
                }
            ]
        },
        {
            "sentence": "C-AX-0421",
            "id": "sample_001_0054_000022",
            "annotations": []
        },
        {
            "sentence": "본사 테스트룸 B동 2층 / 고객사 A라인 현장(시운전 예정)",
            "id": "sample_001_0054_000023",
            "annotations": [
                {
                    "word": "A라인",
                    "start": 20,
                    "end": 23,
                    "label": "준식별자"
                }
            ]
        },
        {
            "sentence": "본 보고서는 한빛솔루션의 AI 기반 예측유지보수 플랫폼(AI-CPS)과 연동되어 운영 중인 기존 컨베이어 시스템의 빈번한 정지 및 오정렬로 인한 생산 손실을 최소화하고, 설비 가동률(Availability) 및 전반적인 생산 효율성을 향상시키기 위해 제안되는 하드웨어 및 제어 소프트웨어 업그레이드 내용과 검증 결과를 종합적으로 보고하는 문서이다.",
            "id": "sample_001_0054_000024",
            "annotations": [
                {
                    "word": "AI-CPS",
                    "start": 31,
                    "end": 37,
                    "label": "기밀정보"
                }
            ]
        },
        {
            "sentence": "기존 시스템은 기계적 마모, 인코더 노이즈, 서보 드라이브 파라미터 미세조정 부족, 센서 위치 오차 등 복합 원인으로 주기적인 조정과 긴 시정시간을 요구하였으며, AI 예지모델에서 관측되는 이상징후 탐지의 민감도와 정확도를 저해하였다.",
            "id": "sample_001_0054_000025",
            "annotations": []
        },
        {
            "sentence": "따라서 본 개선은(1) 센서 및 액추에이터 하드웨어 교체·보완(2) 제어 알고리즘 및 펌웨어 개선(3) AI-CPS 연동 프로토콜 최적화(4) 유지보수 작업 절차서 및 교육계획 수립을 목표로 한다..",
            "id": "sample_001_0054_000026",
            "annotations": [
                {
                    "word": "AI-CPS",
                    "start": 58,
                    "end": 64,
                    "label": "기밀정보"
                }
            ]
        },
        {
            "sentence": "1) 기계적 구조: 기존 컨베이어는 롤러형 벨트 컨베이어(모델: HB-RL-200)로, 모터는 서보(브랜드 SMD, 0.75kW), 감속기 비율 30:1, 유압 브레이크 없음.",
            "id": "sample_001_0054_000027",
            "annotations": [
                {
                    "word": "200",
                    "start": 42,
                    "end": 45,
                    "label": "개인정보"
                }
            ]
        },
        {
            "sentence": "베어링의 표준수명(Predicted)보다 빠른 마모 진행이 관찰되었음.2) 센서 구성: 광전센서 4개, 근접센서 6개, 엔코더(해상도 1024 P/R) 1개, 온도/진동 센서 부족으로 실시간 상태 기반 예측이 제한적이었음.3) 제어기: PLC 모델 HBL-PLC-1200 (리미티드 I/O), 펌웨어 v1.2.3. 통신은 Modbus RTU로 구성되어 AI-CPS와의 데이터 주고받기 시 딜레이 및 데이터 유실이 간헐적으로 발생.4) 네트워크: 현장 네트워크는 구형 스위치와 혼재된 케이블 구조로, 패킷 손실률이 간헐적 0.5~1% 수준을 기록.5) 운영현황: 평균 MTTR(평균 수리시간) 4.5시간, MTBF(평균 고장 간격) 480시간, 설비가동률 88.2%로 동급 최신 시스템 평균(95% 이상) 대비 낮음..",
            "id": "sample_001_0054_000028",
            "annotations": [
                {
                    "word": "102",
                    "start": 75,
                    "end": 78,
                    "label": "개인정보"
                },
                {
                    "word": "PLC",
                    "start": 132,
                    "end": 135,
                    "label": "준식별자"
                },
                {
                    "word": "PLC",
                    "start": 143,
                    "end": 146,
                    "label": "준식별자"
                },
                {
                    "word": "120",
                    "start": 147,
                    "end": 150,
                    "label": "준식별자"
                },
                {
                    "word": "AI-CPS",
                    "start": 197,
                    "end": 203,
                    "label": "기밀정보"
                }
            ]
        },
        {
            "sentence": "1) 정지 원인 분석: 로그 및 현장 점검 결과, 주요 원인은(가) 컨베이어 롤러 베어링의 비정상 마모로 인한 마찰 증대, (나) 인코더의 신호 노이즈(드리프트)가 발생하여 위치 제어 실패, (다) 인폼(제품) 적재 편차 발생 시, 센서 검출 지연으로 서보의 오버보정으로 인한 시스템 정지가 반복되었음.2) 제어 소프트웨어 문제: PID 파라미터가 일반 운전환경을 기준으로 고정되어 있어 가변적 부하(제품 무게 변동)에 취약함.",
            "id": "sample_001_0054_000029",
            "annotations": []
        },
        {
            "sentence": "펌웨어 로깅 수준이 낮아 이벤트 상관분석이 어려움.3) 데이터 연계 문제: AI-CPS에 전달되는 데이터는 1분 간격의 요약 데이터로, 초단위 이벤트를 포착하지 못했고, 전송 시점과 현상 간 타임스탬프 불일치가 종종 발견되어 예측모델의 학습 품질(특히 시계열 피처 정합성)을 저하시켰음..",
            "id": "sample_001_0054_000030",
            "annotations": [
                {
                    "word": "AI-CPS",
                    "start": 42,
                    "end": 48,
                    "label": "기밀정보"
                }
            ]
        },
        {
            "sentence": "1) 하드웨어 개선 a) 고정밀 인코더(해상도 8192 P/R)로 교체하여 위치검출 분해능 및 신뢰성 확보 b) 베어링을 고무-다층 씰 타입 저마찰 베어링으로 교체하여 마찰열, 마모 저감 c) 추가 진동 센서(모델: VibSense-X7, 3축) 및 서보 전류 모니터링 센서 장착으로 상태 데이터 다변화 d) 서보 드라이브 전원 필터링 개선 및 서지 보호기(서지 서폿) 장착2) 제어 소프트웨어/펌웨어 개선 a) PLC 펌웨어 v2.0.0으로 업그레이드 및 고주파 로깅(초단위 이벤트) 기능 추가 b) 서보 제어부에 적응형 PID 제어(Adaptive PID) 알고리즘 탑재하여 부하 변화 대응성 향상 c) 에러 발생 시 로컬 안전 셧다운 대신 페일-세이프 모드로 전환해 생산 차단 최소화3) AI-CPS 연동 최적화 a) 통신 프로토콜을 Modbus TCP로 전환하고, 다중채널 MQTT 브로커를 통해 실시간 스트리밍 데이터 송수신 구성 b) 타임스탬프 동기화를 위해 NTP 기반 현장 시각 동기화 장치 설치 c) AI 모델 입력 피처에 진동(주파수 영역 특성), 서보전류 RMS, 온도 추세를 추가하여 이상징후 민감도 개선4) 운영 및 유지보수 개선 a) 정기 점검표 및 체크리스트 개정, 일일 자동 리포트(핵심 KPI: 진동 RMS, 회전수, 오차누적)를 기술부 내부 메신저 및 대시보드로 전송 b) 보수 인력 대상 교육 프로그램(2주 간격, 총 3회) 진행 예정",
            "id": "sample_001_0054_000031",
            "annotations": [
                {
                    "word": "PLC",
                    "start": 231,
                    "end": 234,
                    "label": "준식별자"
                },
                {
                    "word": "AI-CPS",
                    "start": 388,
                    "end": 394,
                    "label": "기밀정보"
                },
                {
                    "word": "Modbus TCP",
                    "start": 414,
                    "end": 424,
                    "label": "기밀정보"
                },
                {
                    "word": "AI 모델",
                    "start": 513,
                    "end": 518,
                    "label": "준식별자"
                },
                {
                    "word": "기술부",
                    "start": 650,
                    "end": 653,
                    "label": "준식별자"
                }
            ]
        },
        {
            "sentence": "고정밀 인코더",
            "id": "sample_001_0054_000032",
            "annotations": []
        },
        {
            "sentence": "ENC-8192-HB",
            "id": "sample_001_0054_000033",
            "annotations": []
        },
        {
            "sentence": "해상도 8192 P/R, 방진방수 IP65, 출력: TTL / RS422",
            "id": "sample_001_0054_000034",
            "annotations": []
        },
        {
            "sentence": "컨베이어 메인축 및 보조축 각각 장착",
            "id": "sample_001_0054_000035",
            "annotations": []
        },
        {
            "sentence": "3축 진동 센서",
            "id": "sample_001_0054_000036",
            "annotations": []
        },
        {
            "sentence": "VibSense-X7",
            "id": "sample_001_0054_000037",
            "annotations": []
        },
        {
            "sentence": "주파수 범위 0.5~10kHz, 아날로그 및 디지털 출력 가능",
            "id": "sample_001_0054_000038",
            "annotations": []
        },
        {
            "sentence": "핵심 베어링부 및 프레임 2지점 장착",
            "id": "sample_001_0054_000039",
            "annotations": []
        },
        {
            "sentence": "서보 드라이브 필터 및 서지 보호기",
            "id": "sample_001_0054_000040",
            "annotations": []
        },
        {
            "sentence": "SurgeDefender-3P",
            "id": "sample_001_0054_000041",
            "annotations": []
        },
        {
            "sentence": "서지흡수 3상, 최대 20kA",
            "id": "sample_001_0054_000042",
            "annotations": []
        },
        {
            "sentence": "전원 인입부에 설치",
            "id": "sample_001_0054_000043",
            "annotations": []
        },
        {
            "sentence": "PLC 업그레이드 모듈",
            "id": "sample_001_0054_000044",
            "annotations": [
                {
                    "word": "PLC",
                    "start": 0,
                    "end": 3,
                    "label": "준식별자"
                }
            ]
        },
        {
            "sentence": "HBL-PLC-1200-EX",
            "id": "sample_001_0054_000045",
            "annotations": [
                {
                    "word": "PLC",
                    "start": 4,
                    "end": 7,
                    "label": "준식별자"
                },
                {
                    "word": "120",
                    "start": 8,
                    "end": 11,
                    "label": "준식별자"
                }
            ]
        },
        {
            "sentence": "확장 I/O, 고속 로깅, Ethernet 포트(2), RTOS 기반",
            "id": "sample_001_0054_000046",
            "annotations": []
        },
        {
            "sentence": "기존 PLC와 교체",
            "id": "sample_001_0054_000047",
            "annotations": [
                {
                    "word": "PLC",
                    "start": 3,
                    "end": 6,
                    "label": "준식별자"
                }
            ]
        },
        {
            "sentence": "NTP 동기화 모듈",
            "id": "sample_001_0054_000048",
            "annotations": []
        },
        {
            "sentence": "TimeSync-NT100",
            "id": "sample_001_0054_000049",
            "annotations": [
                {
                    "word": "T100",
                    "start": 10,
                    "end": 14,
                    "label": "개인정보"
                }
            ]
        },
        {
            "sentence": "내부 RTC 보정, 외부 NTP 서버 지원",
            "id": "sample_001_0054_000050",
            "annotations": []
        },
        {
            "sentence": "현장 네트워크와 동기화",
            "id": "sample_001_0054_000051",
            "annotations": []
        },
        {
            "sentence": "1) 적응형 PID(Adaptive PID) 알고리즘 구성 - 목적: 컨베이어 부하 및 마찰 변화에 따라 PID 게인을 실시간으로 조정하여 오버슈트 및 정지 빈도를 최소화.",
            "id": "sample_001_0054_000052",
            "annotations": []
        },
        {
            "sentence": "- 구조: 외부 루프는 속도 제어, 내부 루프는 위치 제어 기반.",
            "id": "sample_001_0054_000053",
            "annotations": []
        },
        {
            "sentence": "적응방식은 LMS(Learning Model)를 사용하여 공정 응답 특성(타임콘스탄트, 댐핑비)을 주기적으로 식별하며 PID 파라미터를 업데이트.",
            "id": "sample_001_0054_000054",
            "annotations": []
        },
        {
            "sentence": "- 안전장치: 파라미터 변경 시 최소·최대 한계를 설정하여 급격한 파라미터 변동으로 인한 불안정성 방지.2) 이벤트 기반 로깅 및 에지 인텔리전스 - 주요 이벤트(엔코더 오류, 베어링 온도 상승, 진동 임계치 초과 등)를 트리거로 상세 로그(초단위)를 로컬 SD에 저장하고 요약을 AI-CPS로 전송.",
            "id": "sample_001_0054_000055",
            "annotations": [
                {
                    "word": "AI-CPS",
                    "start": 157,
                    "end": 163,
                    "label": "기밀정보"
                }
            ]
        },
        {
            "sentence": "- 에지 컴퓨팅 노드(ARM Cortex-A 기반)를 통해 이상 패턴을 사전 분석, AI-CPS에 전송 전 1차 필터링 수행하여 대역폭 절약.3) 통신 및 보안 - 통신: Modbus TCP + MQTT(TLS) 혼합 사용, 중요 제어명령은 TCP 기반 RPC로 처리, 상태 스트리밍은 MQTT로 처리.",
            "id": "sample_001_0054_000056",
            "annotations": [
                {
                    "word": "AI-CPS",
                    "start": 47,
                    "end": 53,
                    "label": "기밀정보"
                },
                {
                    "word": "Modbus TCP",
                    "start": 96,
                    "end": 106,
                    "label": "기밀정보"
                }
            ]
        },
        {
            "sentence": "- 보안: TLS 인증서 기반 암호화, 장치별 인증서 관리, 관리자 2단계 인증 적용 예정..",
            "id": "sample_001_0054_000057",
            "annotations": []
        },
        {
            "sentence": "테스트는 단위(하드웨어 교체 후), 통합(제어 알고리즘 적용 후), 현장시운전(고객라인 연결) 총 3단계로 진행하며 각각 다음 기준을 만족해야 한다.1) 단위 테스트(현장 테스트룸) - 목표: 각 센서·액추에이터의 정상 동작 확인, 노이즈 레벨 측정 - 항목: 인코더 분해능 검증(위치 오차 ±0.2mm 이내), 진동 센서 캘리브레이션, 서보 응답성(정격 부하 80%에서 200ms 이내 제어응답) - 기간: 5일2) 통합 테스트(통신 연동 포함) - 목표: PLC-에지노드-AI-CPS 간 데이터 연계 및 이벤트 트리거 정상작동 - 항목: 패킷 손실률 < 0.1%, NTP 동기화 오차 < 10ms, 이벤트 로깅 완전성 검증 - 기간: 7일3) 현장 시운전 - 목표: 고객 생산라인에 적용 후 14일간 가동하여 MTBF, MTTR, 가동률 지표 개선 여부 확인 - 항목: 평균 MTTR 2.0시간 이하 달성, MTBF 800시간 이상 목표, 가동률 95% 이상 달성 - 기간: 14일(연속 가동 모니터링)테스트 종료 후 5영업일 이내에 테스트 결과 보고서를 제출하고, 고객 승인 서명을 확보한다..",
            "id": "sample_001_0054_000058",
            "annotations": [
                {
                    "word": "200",
                    "start": 208,
                    "end": 211,
                    "label": "개인정보"
                },
                {
                    "word": "PLC",
                    "start": 257,
                    "end": 260,
                    "label": "준식별자"
                },
                {
                    "word": "AI-CPS",
                    "start": 266,
                    "end": 272,
                    "label": "기밀정보"
                }
            ]
        },
        {
            "sentence": "단위 테스트 결과: 인코더 교체 후 위치 오차 시험에서 최대 허용 오차 ±0.15mm(측정 기준 10회 반복 평균)으로 개선되었으며, 진동 센서 캘리브레이션 결과 기존 대비 노이즈 감도가 2.4배 개선됨.",
            "id": "sample_001_0054_000059",
            "annotations": []
        },
        {
            "sentence": "서보 응답성은 평균 185ms로 목표를 만족.통합 테스트 결과: Modbus TCP 전환 후 패킷 손실률이 기존 0.6%에서 0.02%로 감소하였고, NTP 동기화 오차는 평균 6ms로 안정화되었음.",
            "id": "sample_001_0054_000060",
            "annotations": [
                {
                    "word": "Modbus TCP",
                    "start": 36,
                    "end": 46,
                    "label": "기밀정보"
                }
            ]
        },
        {
            "sentence": "에지노드의 이벤트 필터링을 통해 AI-CPS로 전송되는 데이터량이 47% 감소하면서도 이상 이벤트 검출률은 오히려 9% 향상됨.현장 시운전(고객사 예비운영) 결과: 14일 가동 기준 MTTR이 4.5시간에서 1.9시간으로 단축되었으며, MTBF는 시운전 기간 내 유의미한 증가(관찰 기준 760시간 수준의 추정값)로 확인되었다.",
            "id": "sample_001_0054_000061",
            "annotations": [
                {
                    "word": "AI-CPS",
                    "start": 18,
                    "end": 24,
                    "label": "기밀정보"
                }
            ]
        },
        {
            "sentence": "설비 가동률은 초기 88.2%에서 시운전 종료 시 95.1%로 개선됨.",
            "id": "sample_001_0054_000062",
            "annotations": []
        },
        {
            "sentence": "불량률(제품 손상에 따른) 또한 시운전 전 1.8%에서 0.9%로 절반 수준으로 감소하였다..",
            "id": "sample_001_0054_000063",
            "annotations": [
                {
                    "word": "8%",
                    "start": 26,
                    "end": 28,
                    "label": "기밀정보"
                }
            ]
        },
        {
            "sentence": "정량적 효과: - 설비 가동률 +6.9%p (88.2 → 95.1) - MTTR -57.8% (4.5h → 1.9h) - 연간 예측 생산 손실 비용 절감: 고객사 A라인 기준 약 3억 원(추정) - 에너지 효율: 서보 드라이브 최적화로 연간 전력소비 약 4.2% 절감정성적 효과: - 현장 유지보수의 예측 가능성 향상으로 작업자 스트레스 및 긴급출동 빈도 감소 - AI-CPS 기반 예지정비 체계 정착으로 신뢰성 높은 고객서비스 제공 가능 - 당사 기술력 홍보를 통한 추가 수주 및 유지보수 계약 확대 기대",
            "id": "sample_001_0054_000064",
            "annotations": [
                {
                    "word": "8%",
                    "start": 49,
                    "end": 51,
                    "label": "기밀정보"
                },
                {
                    "word": "A라인",
                    "start": 91,
                    "end": 94,
                    "label": "준식별자"
                },
                {
                    "word": "작업자",
                    "start": 180,
                    "end": 183,
                    "label": "준식별자"
                },
                {
                    "word": "AI-CPS",
                    "start": 204,
                    "end": 210,
                    "label": "기밀정보"
                }
            ]
        },
        {
            "sentence": "현장 설치(기술부 엔지니어 3인·총 5일), 시운전 및 튜닝(2인·7일)",
            "id": "sample_001_0054_000065",
            "annotations": [
                {
                    "word": "기술부",
                    "start": 6,
                    "end": 9,
                    "label": "준식별자"
                },
                {
                    "word": "엔지니어",
                    "start": 10,
                    "end": 14,
                    "label": "준식별자"
                }
            ]
        },
        {
            "sentence": "상기 비용은 부가세 별도이며, 부품 단가는 2025년 8월 기준 공급가를 반영한 추정치임..",
            "id": "sample_001_0054_000066",
            "annotations": [
                {
                    "word": "202",
                    "start": 24,
                    "end": 27,
                    "label": "준식별자"
                }
            ]
        },
        {
            "sentence": "설계 및 자재확정",
            "id": "sample_001_0054_000067",
            "annotations": []
        },
        {
            "sentence": "2025-09-05 ~ 2025-09-12",
            "id": "sample_001_0054_000068",
            "annotations": [
                {
                    "word": "202",
                    "start": 0,
                    "end": 3,
                    "label": "준식별자"
                },
                {
                    "word": "202",
                    "start": 13,
                    "end": 16,
                    "label": "준식별자"
                }
            ]
        },
        {
            "sentence": "기술부(설계팀)",
            "id": "sample_001_0054_000069",
            "annotations": [
                {
                    "word": "기술부",
                    "start": 0,
                    "end": 3,
                    "label": "준식별자"
                }
            ]
        },
        {
            "sentence": "부품 조달",
            "id": "sample_001_0054_000070",
            "annotations": []
        },
        {
            "sentence": "2025-09-13 ~ 2025-09-26",
            "id": "sample_001_0054_000071",
            "annotations": [
                {
                    "word": "202",
                    "start": 0,
                    "end": 3,
                    "label": "준식별자"
                },
                {
                    "word": "202",
                    "start": 13,
                    "end": 16,
                    "label": "준식별자"
                }
            ]
        },
        {
            "sentence": "생산부(구매담당)",
            "id": "sample_001_0054_000072",
            "annotations": [
                {
                    "word": "생산부",
                    "start": 0,
                    "end": 3,
                    "label": "준식별자"
                }
            ]
        },
        {
            "sentence": "현장교체 및 단위 테스트",
            "id": "sample_001_0054_000073",
            "annotations": []
        },
        {
            "sentence": "2025-09-27 ~ 2025-10-03",
            "id": "sample_001_0054_000074",
            "annotations": [
                {
                    "word": "202",
                    "start": 0,
                    "end": 3,
                    "label": "준식별자"
                },
                {
                    "word": "202",
                    "start": 13,
                    "end": 16,
                    "label": "준식별자"
                }
            ]
        },
        {
            "sentence": "기술부(설치팀)",
            "id": "sample_001_0054_000075",
            "annotations": [
                {
                    "word": "기술부",
                    "start": 0,
                    "end": 3,
                    "label": "준식별자"
                }
            ]
        },
        {
            "sentence": "통합 테스트 및 AI 연동 검증",
            "id": "sample_001_0054_000076",
            "annotations": []
        },
        {
            "sentence": "2025-10-04 ~ 2025-10-18",
            "id": "sample_001_0054_000077",
            "annotations": [
                {
                    "word": "202",
                    "start": 0,
                    "end": 3,
                    "label": "준식별자"
                },
                {
                    "word": "202",
                    "start": 13,
                    "end": 16,
                    "label": "준식별자"
                }
            ]
        },
        {
            "sentence": "기술부(연구개발팀) / 데이터솔루션팀",
            "id": "sample_001_0054_000078",
            "annotations": [
                {
                    "word": "기술부",
                    "start": 0,
                    "end": 3,
                    "label": "준식별자"
                }
            ]
        },
        {
            "sentence": "현장 시운전(고객사)",
            "id": "sample_001_0054_000079",
            "annotations": []
        },
        {
            "sentence": "2025-10-19 ~ 2025-11-02",
            "id": "sample_001_0054_000080",
            "annotations": [
                {
                    "word": "202",
                    "start": 0,
                    "end": 3,
                    "label": "준식별자"
                },
                {
                    "word": "202",
                    "start": 13,
                    "end": 16,
                    "label": "준식별자"
                }
            ]
        },
        {
            "sentence": "기술부(유지보수팀)",
            "id": "sample_001_0054_000081",
            "annotations": [
                {
                    "word": "기술부",
                    "start": 0,
                    "end": 3,
                    "label": "준식별자"
                }
            ]
        },
        {
            "sentence": "최종보고서 제출 및 고객 승인",
            "id": "sample_001_0054_000082",
            "annotations": []
        },
        {
            "sentence": "2025-11-10",
            "id": "sample_001_0054_000083",
            "annotations": [
                {
                    "word": "202",
                    "start": 0,
                    "end": 3,
                    "label": "준식별자"
                }
            ]
        },
        {
            "sentence": "기술부",
            "id": "sample_001_0054_000084",
            "annotations": [
                {
                    "word": "기술부",
                    "start": 0,
                    "end": 3,
                    "label": "준식별자"
                }
            ]
        },
        {
            "sentence": "1) 부품 조달 지연 리스크: 핵심 부품(인코더, PLC 모듈) 공급사의 생산지연 시 프로젝트 일정 지연 가능.",
            "id": "sample_001_0054_000085",
            "annotations": [
                {
                    "word": "PLC",
                    "start": 28,
                    "end": 31,
                    "label": "준식별자"
                }
            ]
        },
        {
            "sentence": "대안: 대체 모델 사전 검토 및 전략적 재고(예비 1세트) 확보, 다수 공급처와의 선계약.2) AI 모델 재학습 실패 리스크: 추가 피처 도입으로 오버피팅 혹은 레이블링 오류 발생 가능.",
            "id": "sample_001_0054_000086",
            "annotations": [
                {
                    "word": "AI 모델",
                    "start": 53,
                    "end": 58,
                    "label": "준식별자"
                }
            ]
        },
        {
            "sentence": "대안: 단계적 피처 추가, 시뮬레이션 기반 사전 검증, 현장 라벨링 표준화 및 검수 프로세스 강화.3) 현장 인터페이스 문제: 고객 기존 설비와의 물리적·전기적 호환성 문제 발생 가능.",
            "id": "sample_001_0054_000087",
            "annotations": []
        },
        {
            "sentence": "대안: 사전 현장조사 강화 및 POC(개념검증) 단계에서 상세 인터페이스 매핑 수행.4) 안전 및 규정 준수: 안전 인터록 혹은 비상정지 회로의 변경은 별도 안전인증 필요.",
            "id": "sample_001_0054_000088",
            "annotations": []
        },
        {
            "sentence": "대안: 작업 전 안전영향평가 실시 및 인증 일정에 반영..",
            "id": "sample_001_0054_000089",
            "annotations": []
        },
        {
            "sentence": "인코더 설치 정렬 오차 ±0.2mm 이내 확인",
            "id": "sample_001_0054_000090",
            "annotations": []
        },
        {
            "sentence": "진동 센서 캘리브레이션 리포트 첨부",
            "id": "sample_001_0054_000091",
            "annotations": []
        },
        {
            "sentence": "서보 전류 스파이크 발생 시 로그 확보 기능 동작 확인",
            "id": "sample_001_0054_000092",
            "annotations": []
        },
        {
            "sentence": "PLC 이벤트 로그 보존 기간 및 로테이션 설정 확인",
            "id": "sample_001_0054_000093",
            "annotations": [
                {
                    "word": "PLC",
                    "start": 0,
                    "end": 3,
                    "label": "준식별자"
                }
            ]
        },
        {
            "sentence": "네트워크 스위치 및 케이블 라벨링 완료",
            "id": "sample_001_0054_000094",
            "annotations": []
        },
        {
            "sentence": "AI-CPS 전송 데이터 완전성(패킷 손실률 < 0.1%) 확인",
            "id": "sample_001_0054_000095",
            "annotations": [
                {
                    "word": "AI-CPS",
                    "start": 0,
                    "end": 6,
                    "label": "기밀정보"
                }
            ]
        },
        {
            "sentence": "운영자 교육 수료자 명단 및 교육자료 비치",
            "id": "sample_001_0054_000096",
            "annotations": []
        },
        {
            "sentence": "교육은 기술부가 주관하며, 신규 시스템 관련 다음과 같은 교육을 제공한다.1) 기본운영 교육: 운영자 대상(2시간) – 일상 점검, 주요 계측값 확인, 경보 대응 절차2) 심화운영 교육: 유지보수 담당자 대상(8시간) – 센서 캘리브레이션, 인코더 교체 절차, PLC 펌웨어 롤백 방법3) AI-CPS 운영 교육: 데이터 담당자 대상(4시간) – 대시보드 해석, 이상징후 알람 우선순위 설정, 로그 확인 방법유지보수: 정기점검 주기 3개월, 예지정비 권장 주기: 진동 이상 발생 시 즉시 점검.",
            "id": "sample_001_0054_000097",
            "annotations": [
                {
                    "word": "기술부",
                    "start": 4,
                    "end": 7,
                    "label": "준식별자"
                },
                {
                    "word": "PLC",
                    "start": 146,
                    "end": 149,
                    "label": "준식별자"
                },
                {
                    "word": "AI-CPS",
                    "start": 162,
                    "end": 168,
                    "label": "기밀정보"
                }
            ]
        },
        {
            "sentence": "긴급출동 SLA는 평일 4시간 이내, 주말 8시간 이내로 정의..",
            "id": "sample_001_0054_000098",
            "annotations": []
        },
        {
            "sentence": "국내 산업안전보건법, 전기설비기술기준, 한빛솔루션 내부 전기안전 및 네트워크 보안 규정에 준하며, 주요 부품은 RoHS 및 CE 규격 준수 여부를 확인한다..",
            "id": "sample_001_0054_000099",
            "annotations": []
        },
        {
            "sentence": "부품 명세서(BOM)_AI컨베이어_2025-09.xlsx",
            "id": "sample_001_0054_000100",
            "annotations": [
                {
                    "word": "202",
                    "start": 19,
                    "end": 22,
                    "label": "준식별자"
                }
            ]
        },
        {
            "sentence": "PLC 펌웨어 변경 이력 및 소스(요약)_v2.0.pdf",
            "id": "sample_001_0054_000101",
            "annotations": [
                {
                    "word": "PLC",
                    "start": 0,
                    "end": 3,
                    "label": "준식별자"
                }
            ]
        },
        {
            "sentence": "테스트 로그(단위·통합)_2025-09.zip",
            "id": "sample_001_0054_000102",
            "annotations": [
                {
                    "word": "202",
                    "start": 14,
                    "end": 17,
                    "label": "준식별자"
                }
            ]
        },
        {
            "sentence": "현장 설치 사진 및 배선도_2025-09.pdf",
            "id": "sample_001_0054_000103",
            "annotations": [
                {
                    "word": "202",
                    "start": 15,
                    "end": 18,
                    "label": "준식별자"
                }
            ]
        },
        {
            "sentence": "교육자료_컨베이어운영_2025-09.pptx",
            "id": "sample_001_0054_000104",
            "annotations": [
                {
                    "word": "202",
                    "start": 12,
                    "end": 15,
                    "label": "준식별자"
                }
            ]
        },
        {
            "sentence": "단계적 업그레이드(하드웨어→제어 소프트웨어→AI 연동) 수행 시 설비 신뢰성 및 생산성 개선이 입증되었다.",
            "id": "sample_001_0054_000105",
            "annotations": []
        },
        {
            "sentence": "비용 대비 효과(ROI) 분석 결과, 초기 투자 회수기간은 통상 8~12개월로 추정된다.",
            "id": "sample_001_0054_000106",
            "annotations": []
        },
        {
            "sentence": "따라서 본 기술부는 제안된 개선안을 승인하여 즉시 자재 발주 및 시공 일정을 확정하고, 고객사와의 협의를 통해 2025년 9월 중순부터 작업을 시작할 것을 권고한다..",
            "id": "sample_001_0054_000107",
            "annotations": [
                {
                    "word": "기술부",
                    "start": 6,
                    "end": 9,
                    "label": "준식별자"
                },
                {
                    "word": "202",
                    "start": 62,
                    "end": 65,
                    "label": "준식별자"
                }
            ]
        },
        {
            "sentence": "김도현",
            "id": "sample_001_0054_000108",
            "annotations": [
                {
                    "word": "김도현",
                    "start": 0,
                    "end": 3,
                    "label": "개인정보"
                }
            ]
        },
        {
            "sentence": "작성(선임엔지니어)",
            "id": "sample_001_0054_000109",
            "annotations": [
                {
                    "word": "선임엔지니어",
                    "start": 3,
                    "end": 9,
                    "label": "준식별자"
                }
            ]
        },
        {
            "sentence": "박준영",
            "id": "sample_001_0054_000110",
            "annotations": [
                {
                    "word": "박준영",
                    "start": 0,
                    "end": 3,
                    "label": "개인정보"
                }
            ]
        },
        {
            "sentence": "검토(수석엔지니어)",
            "id": "sample_001_0054_000111",
            "annotations": [
                {
                    "word": "수석엔지니어",
                    "start": 3,
                    "end": 9,
                    "label": "준식별자"
                }
            ]
        },
        {
            "sentence": "이수진",
            "id": "sample_001_0054_000112",
            "annotations": [
                {
                    "word": "이수진",
                    "start": 0,
                    "end": 3,
                    "label": "개인정보"
                }
            ]
        },
        {
            "sentence": "승인(기술부장)",
            "id": "sample_001_0054_000113",
            "annotations": [
                {
                    "word": "기술부장",
                    "start": 3,
                    "end": 7,
                    "label": "준식별자"
                }
            ]
        },
        {
            "sentence": "정해철",
            "id": "sample_001_0054_000114",
            "annotations": []
        },
        {
            "sentence": "대표이사",
            "id": "sample_001_0054_000115",
            "annotations": [
                {
                    "word": "대표이사",
                    "start": 0,
                    "end": 4,
                    "label": "준식별자"
                }
            ]
        },
        {
            "sentence": "최종사업비 5백만원 이상 시 대표 결재 필요",
            "id": "sample_001_0054_000116",
            "annotations": [
                {
                    "word": "대표",
                    "start": 16,
                    "end": 18,
                    "label": "준식별자"
                }
            ]
        },
        {
            "sentence": "본 보고서의 수치 및 예상비용은 내부 시뮬레이션 및 현장 시운전 결과를 바탕으로 산출된 추정치임.",
            "id": "sample_001_0054_000117",
            "annotations": [
                {
                    "word": "예상비용",
                    "start": 12,
                    "end": 16,
                    "label": "기밀정보"
                }
            ]
        },
        {
            "sentence": "실제 비용 및 효과는 고객사 환경 및 운영조건에 따라 달라질 수 있으므로, 고객사와의 협의 및 파일럿 운영 후 최종 확정 요망..",
            "id": "sample_001_0054_000118",
            "annotations": []
        }
    ]
}