{
    "document_id": "001_0042",
    "document_title": "0042",
    "data": [
        {
            "sentence": "관리부_자금관리보고서_20250910_001",
            "id": "sample_001_0042_000001",
            "annotations": [
                {
                    "word": "관리부",
                    "start": 0,
                    "end": 3,
                    "label": "준식별자"
                },
                {
                    "word": "202",
                    "start": 12,
                    "end": 15,
                    "label": "준식별자"
                },
                {
                    "word": "001",
                    "start": 21,
                    "end": 24,
                    "label": "개인정보"
                }
            ]
        },
        {
            "sentence": "HB-MG-FIN-20250910-001",
            "id": "sample_001_0042_000002",
            "annotations": [
                {
                    "word": "202",
                    "start": 10,
                    "end": 13,
                    "label": "준식별자"
                },
                {
                    "word": "001",
                    "start": 19,
                    "end": 22,
                    "label": "개인정보"
                }
            ]
        },
        {
            "sentence": "관리부",
            "id": "sample_001_0042_000003",
            "annotations": [
                {
                    "word": "관리부",
                    "start": 0,
                    "end": 3,
                    "label": "준식별자"
                }
            ]
        },
        {
            "sentence": "김민준",
            "id": "sample_001_0042_000004",
            "annotations": [
                {
                    "word": "김민준",
                    "start": 0,
                    "end": 3,
                    "label": "개인정보"
                }
            ]
        },
        {
            "sentence": "관리부장(재무총괄)",
            "id": "sample_001_0042_000005",
            "annotations": [
                {
                    "word": "관리부장",
                    "start": 0,
                    "end": 4,
                    "label": "준식별자"
                }
            ]
        },
        {
            "sentence": "MG-001",
            "id": "sample_001_0042_000006",
            "annotations": [
                {
                    "word": "MG-001",
                    "start": 0,
                    "end": 6,
                    "label": "준식별자"
                }
            ]
        },
        {
            "sentence": "031-555-0101",
            "id": "sample_001_0042_000007",
            "annotations": [
                {
                    "word": "031-555-0101",
                    "start": 0,
                    "end": 12,
                    "label": "개인정보"
                }
            ]
        },
        {
            "sentence": "minjun.kim@hanbitsol.co.kr",
            "id": "sample_001_0042_000008",
            "annotations": [
                {
                    "word": "minjun.kim@hanbitsol.co.kr",
                    "start": 0,
                    "end": 26,
                    "label": "개인정보"
                }
            ]
        },
        {
            "sentence": "이수진",
            "id": "sample_001_0042_000009",
            "annotations": [
                {
                    "word": "이수진",
                    "start": 0,
                    "end": 3,
                    "label": "개인정보"
                }
            ]
        },
        {
            "sentence": "경리팀장",
            "id": "sample_001_0042_000010",
            "annotations": [
                {
                    "word": "팀장",
                    "start": 2,
                    "end": 4,
                    "label": "준식별자"
                }
            ]
        },
        {
            "sentence": "MG-012",
            "id": "sample_001_0042_000011",
            "annotations": [
                {
                    "word": "MG-012",
                    "start": 0,
                    "end": 6,
                    "label": "준식별자"
                }
            ]
        },
        {
            "sentence": "031-555-0102",
            "id": "sample_001_0042_000012",
            "annotations": [
                {
                    "word": "031-555-0102",
                    "start": 0,
                    "end": 12,
                    "label": "개인정보"
                }
            ]
        },
        {
            "sentence": "sujin.lee@hanbitsol.co.kr",
            "id": "sample_001_0042_000013",
            "annotations": [
                {
                    "word": "sujin.lee@hanbitsol.co.kr",
                    "start": 0,
                    "end": 25,
                    "label": "개인정보"
                }
            ]
        },
        {
            "sentence": "박지호",
            "id": "sample_001_0042_000014",
            "annotations": [
                {
                    "word": "박지호",
                    "start": 0,
                    "end": 3,
                    "label": "개인정보"
                }
            ]
        },
        {
            "sentence": "대표이사",
            "id": "sample_001_0042_000015",
            "annotations": [
                {
                    "word": "대표이사",
                    "start": 0,
                    "end": 4,
                    "label": "준식별자"
                }
            ]
        },
        {
            "sentence": "CE0-001",
            "id": "sample_001_0042_000016",
            "annotations": [
                {
                    "word": "001",
                    "start": 4,
                    "end": 7,
                    "label": "개인정보"
                }
            ]
        },
        {
            "sentence": "010-7777-0001",
            "id": "sample_001_0042_000017",
            "annotations": [
                {
                    "word": "010-7777-0001",
                    "start": 0,
                    "end": 13,
                    "label": "개인정보"
                }
            ]
        },
        {
            "sentence": "jiho.park@hanbitsol.co.kr",
            "id": "sample_001_0042_000018",
            "annotations": [
                {
                    "word": "jiho.park@hanbitsol.co.kr",
                    "start": 0,
                    "end": 25,
                    "label": "개인정보"
                }
            ]
        },
        {
            "sentence": "2025-09-10",
            "id": "sample_001_0042_000019",
            "annotations": [
                {
                    "word": "2025-09-10",
                    "start": 0,
                    "end": 10,
                    "label": "준식별자"
                }
            ]
        },
        {
            "sentence": "2025-09-17",
            "id": "sample_001_0042_000020",
            "annotations": [
                {
                    "word": "202",
                    "start": 0,
                    "end": 3,
                    "label": "준식별자"
                }
            ]
        },
        {
            "sentence": "관리부장",
            "id": "sample_001_0042_000021",
            "annotations": [
                {
                    "word": "관리부장",
                    "start": 0,
                    "end": 4,
                    "label": "준식별자"
                }
            ]
        },
        {
            "sentence": "김민준",
            "id": "sample_001_0042_000022",
            "annotations": [
                {
                    "word": "김민준",
                    "start": 0,
                    "end": 3,
                    "label": "개인정보"
                }
            ]
        },
        {
            "sentence": "대표이사",
            "id": "sample_001_0042_000023",
            "annotations": [
                {
                    "word": "대표이사",
                    "start": 0,
                    "end": 4,
                    "label": "준식별자"
                }
            ]
        },
        {
            "sentence": "박지호",
            "id": "sample_001_0042_000024",
            "annotations": [
                {
                    "word": "박지호",
                    "start": 0,
                    "end": 3,
                    "label": "개인정보"
                }
            ]
        },
        {
            "sentence": "본 자금관리보고서는 2025년 8월 말 기준 계좌별 잔액, 2025년 9월~11월 단기현금흐름 예상, 주요 입출금 내역(대규모 투자 및 마감 결제 포함), 급여 및 세금 납부 계획, 외상매출금 회수 스케줄, 공급업체 지급 계획, 예비유동성 확보 방안 및 리스크 대응계획을 종합하여 향후 3개월(2025-09~2025-11) 동안의 자금운용 계획을 제안하는 문서입니다..",
            "id": "sample_001_0042_000025",
            "annotations": [
                {
                    "word": "202",
                    "start": 11,
                    "end": 14,
                    "label": "준식별자"
                },
                {
                    "word": "202",
                    "start": 33,
                    "end": 36,
                    "label": "준식별자"
                },
                {
                    "word": "202",
                    "start": 164,
                    "end": 167,
                    "label": "준식별자"
                },
                {
                    "word": "202",
                    "start": 172,
                    "end": 175,
                    "label": "준식별자"
                }
            ]
        },
        {
            "sentence": "회사의 단기 및 중기 유동성 확보와 안전한 자금운용을 통해 생산·영업 활동의 연속성을 보장하고, 예산 집행의 투명성 및 법규 준수를 확보하기 위함입니다..",
            "id": "sample_001_0042_000026",
            "annotations": []
        },
        {
            "sentence": "국민은행",
            "id": "sample_001_0042_000027",
            "annotations": [
                {
                    "word": "국민은행",
                    "start": 0,
                    "end": 4,
                    "label": "기밀정보"
                }
            ]
        },
        {
            "sentence": "110-22-333444",
            "id": "sample_001_0042_000028",
            "annotations": [
                {
                    "word": "110",
                    "start": 0,
                    "end": 3,
                    "label": "개인정보"
                }
            ]
        },
        {
            "sentence": "㈜한빛솔루션",
            "id": "sample_001_0042_000029",
            "annotations": [
                {
                    "word": "㈜한빛솔루션",
                    "start": 0,
                    "end": 6,
                    "label": "기밀정보"
                }
            ]
        },
        {
            "sentence": "KRW",
            "id": "sample_001_0042_000030",
            "annotations": []
        },
        {
            "sentence": "영업용 주 계좌(수금 및 일반지출)",
            "id": "sample_001_0042_000031",
            "annotations": []
        },
        {
            "sentence": "신한은행",
            "id": "sample_001_0042_000032",
            "annotations": [
                {
                    "word": "신한은행",
                    "start": 0,
                    "end": 4,
                    "label": "기밀정보"
                }
            ]
        },
        {
            "sentence": "100-55-666777",
            "id": "sample_001_0042_000033",
            "annotations": [
                {
                    "word": "100",
                    "start": 0,
                    "end": 3,
                    "label": "개인정보"
                }
            ]
        },
        {
            "sentence": "㈜한빛솔루션",
            "id": "sample_001_0042_000034",
            "annotations": [
                {
                    "word": "㈜한빛솔루션",
                    "start": 0,
                    "end": 6,
                    "label": "기밀정보"
                }
            ]
        },
        {
            "sentence": "KRW",
            "id": "sample_001_0042_000035",
            "annotations": []
        },
        {
            "sentence": "프로젝트 전용 계좌(고액 수주금 보관)",
            "id": "sample_001_0042_000036",
            "annotations": []
        },
        {
            "sentence": "우리은행",
            "id": "sample_001_0042_000037",
            "annotations": [
                {
                    "word": "우리은행",
                    "start": 0,
                    "end": 4,
                    "label": "기밀정보"
                }
            ]
        },
        {
            "sentence": "120-88-990011",
            "id": "sample_001_0042_000038",
            "annotations": [
                {
                    "word": "120",
                    "start": 0,
                    "end": 3,
                    "label": "준식별자"
                },
                {
                    "word": "001",
                    "start": 9,
                    "end": 12,
                    "label": "개인정보"
                }
            ]
        },
        {
            "sentence": "㈜한빛솔루션",
            "id": "sample_001_0042_000039",
            "annotations": [
                {
                    "word": "㈜한빛솔루션",
                    "start": 0,
                    "end": 6,
                    "label": "기밀정보"
                }
            ]
        },
        {
            "sentence": "KRW",
            "id": "sample_001_0042_000040",
            "annotations": []
        },
        {
            "sentence": "급여지급 준비금",
            "id": "sample_001_0042_000041",
            "annotations": []
        },
        {
            "sentence": "KEB하나은행",
            "id": "sample_001_0042_000042",
            "annotations": [
                {
                    "word": "하나은행",
                    "start": 3,
                    "end": 7,
                    "label": "기밀정보"
                }
            ]
        },
        {
            "sentence": "290-33-123456",
            "id": "sample_001_0042_000043",
            "annotations": []
        },
        {
            "sentence": "㈜한빛솔루션",
            "id": "sample_001_0042_000044",
            "annotations": [
                {
                    "word": "㈜한빛솔루션",
                    "start": 0,
                    "end": 6,
                    "label": "기밀정보"
                }
            ]
        },
        {
            "sentence": "KRW",
            "id": "sample_001_0042_000045",
            "annotations": []
        },
        {
            "sentence": "예비비 및 소액결제 전용",
            "id": "sample_001_0042_000046",
            "annotations": [
                {
                    "word": "예비비",
                    "start": 0,
                    "end": 3,
                    "label": "기밀정보"
                }
            ]
        },
        {
            "sentence": "기업은행",
            "id": "sample_001_0042_000047",
            "annotations": []
        },
        {
            "sentence": "220-11-445566",
            "id": "sample_001_0042_000048",
            "annotations": [
                {
                    "word": "220",
                    "start": 0,
                    "end": 3,
                    "label": "개인정보"
                }
            ]
        },
        {
            "sentence": "㈜한빛솔루션",
            "id": "sample_001_0042_000049",
            "annotations": [
                {
                    "word": "㈜한빛솔루션",
                    "start": 0,
                    "end": 6,
                    "label": "기밀정보"
                }
            ]
        },
        {
            "sentence": "KRW",
            "id": "sample_001_0042_000050",
            "annotations": []
        },
        {
            "sentence": "해외결제(USD 환전 대기용)",
            "id": "sample_001_0042_000051",
            "annotations": []
        },
        {
            "sentence": "다음 표는 최근 3개월(2025-06~2025-08) 동안의 주요 입출금 내역 중 회사의 현금흐름에 중대한 영향을 준 항목을 요약한 것입니다.",
            "id": "sample_001_0042_000052",
            "annotations": [
                {
                    "word": "202",
                    "start": 13,
                    "end": 16,
                    "label": "준식별자"
                },
                {
                    "word": "202",
                    "start": 21,
                    "end": 24,
                    "label": "준식별자"
                }
            ]
        },
        {
            "sentence": "세부내역은 첨부 파일(별첨 1) 참조..",
            "id": "sample_001_0042_000053",
            "annotations": []
        },
        {
            "sentence": "2025-06-05",
            "id": "sample_001_0042_000054",
            "annotations": [
                {
                    "word": "202",
                    "start": 0,
                    "end": 3,
                    "label": "준식별자"
                }
            ]
        },
        {
            "sentence": "입금",
            "id": "sample_001_0042_000055",
            "annotations": []
        },
        {
            "sentence": "A공장(수주: 스마트MES 구축)",
            "id": "sample_001_0042_000056",
            "annotations": []
        },
        {
            "sentence": "국민은행 110-22-333444",
            "id": "sample_001_0042_000057",
            "annotations": [
                {
                    "word": "국민은행 110-22-333444",
                    "start": 0,
                    "end": 18,
                    "label": "개인정보"
                }
            ]
        },
        {
            "sentence": "중도금 수령(프로젝트 HB-MES-2025-A)",
            "id": "sample_001_0042_000058",
            "annotations": [
                {
                    "word": "S-202",
                    "start": 17,
                    "end": 22,
                    "label": "개인정보"
                }
            ]
        },
        {
            "sentence": "2025-06-18",
            "id": "sample_001_0042_000059",
            "annotations": [
                {
                    "word": "202",
                    "start": 0,
                    "end": 3,
                    "label": "준식별자"
                }
            ]
        },
        {
            "sentence": "출금",
            "id": "sample_001_0042_000060",
            "annotations": []
        },
        {
            "sentence": "B장비공급사",
            "id": "sample_001_0042_000061",
            "annotations": []
        },
        {
            "sentence": "신한은행 100-55-666777",
            "id": "sample_001_0042_000062",
            "annotations": [
                {
                    "word": "신한은행 100-55-666777",
                    "start": 0,
                    "end": 18,
                    "label": "개인정보"
                }
            ]
        },
        {
            "sentence": "설비 구매대금(로봇 연동 모듈)",
            "id": "sample_001_0042_000063",
            "annotations": []
        },
        {
            "sentence": "2025-07-01",
            "id": "sample_001_0042_000064",
            "annotations": [
                {
                    "word": "202",
                    "start": 0,
                    "end": 3,
                    "label": "준식별자"
                }
            ]
        },
        {
            "sentence": "출금",
            "id": "sample_001_0042_000065",
            "annotations": []
        },
        {
            "sentence": "C시공사",
            "id": "sample_001_0042_000066",
            "annotations": []
        },
        {
            "sentence": "국민은행 110-22-333444",
            "id": "sample_001_0042_000067",
            "annotations": [
                {
                    "word": "국민은행 110-22-333444",
                    "start": 0,
                    "end": 18,
                    "label": "개인정보"
                }
            ]
        },
        {
            "sentence": "현장 설치 및 시운전 비용",
            "id": "sample_001_0042_000068",
            "annotations": []
        },
        {
            "sentence": "2025-07-25",
            "id": "sample_001_0042_000069",
            "annotations": [
                {
                    "word": "202",
                    "start": 0,
                    "end": 3,
                    "label": "준식별자"
                }
            ]
        },
        {
            "sentence": "입금",
            "id": "sample_001_0042_000070",
            "annotations": []
        },
        {
            "sentence": "D제조사",
            "id": "sample_001_0042_000071",
            "annotations": []
        },
        {
            "sentence": "국민은행 110-22-333444",
            "id": "sample_001_0042_000072",
            "annotations": [
                {
                    "word": "국민은행 110-22-333444",
                    "start": 0,
                    "end": 18,
                    "label": "개인정보"
                }
            ]
        },
        {
            "sentence": "완료 인수금",
            "id": "sample_001_0042_000073",
            "annotations": []
        },
        {
            "sentence": "2025-08-15",
            "id": "sample_001_0042_000074",
            "annotations": [
                {
                    "word": "2025-08-15",
                    "start": 0,
                    "end": 10,
                    "label": "준식별자"
                }
            ]
        },
        {
            "sentence": "출금",
            "id": "sample_001_0042_000075",
            "annotations": []
        },
        {
            "sentence": "E외주개발사",
            "id": "sample_001_0042_000076",
            "annotations": []
        },
        {
            "sentence": "신한은행 100-55-666777",
            "id": "sample_001_0042_000077",
            "annotations": [
                {
                    "word": "신한은행 100-55-666777",
                    "start": 0,
                    "end": 18,
                    "label": "개인정보"
                }
            ]
        },
        {
            "sentence": "AI 모델 커스터마이징 개발비 선지급",
            "id": "sample_001_0042_000078",
            "annotations": [
                {
                    "word": "AI 모델",
                    "start": 0,
                    "end": 5,
                    "label": "준식별자"
                }
            ]
        },
        {
            "sentence": "2025-08-28",
            "id": "sample_001_0042_000079",
            "annotations": [
                {
                    "word": "202",
                    "start": 0,
                    "end": 3,
                    "label": "준식별자"
                }
            ]
        },
        {
            "sentence": "출금",
            "id": "sample_001_0042_000080",
            "annotations": []
        },
        {
            "sentence": "국민연금관리공단",
            "id": "sample_001_0042_000081",
            "annotations": [
                {
                    "word": "국민",
                    "start": 0,
                    "end": 2,
                    "label": "기밀정보"
                }
            ]
        },
        {
            "sentence": "국민은행 110-22-333444",
            "id": "sample_001_0042_000082",
            "annotations": [
                {
                    "word": "국민은행 110-22-333444",
                    "start": 0,
                    "end": 18,
                    "label": "개인정보"
                }
            ]
        },
        {
            "sentence": "4~6월 분 원천세 및 사회보험 납부(예정액 정산)",
            "id": "sample_001_0042_000083",
            "annotations": []
        },
        {
            "sentence": "다음 3개월간 예상 현금 수지 및 자금운용 계획입니다.",
            "id": "sample_001_0042_000084",
            "annotations": []
        },
        {
            "sentence": "주요 가정: 현행 매출 회수율 유지(60~75일 평균채권 회전), 예정된 설비투자 2025-10 중순 실행, 해외 파트너사 결제(USD) 환율 1,350KRW/USD 가정..",
            "id": "sample_001_0042_000085",
            "annotations": [
                {
                    "word": "202",
                    "start": 46,
                    "end": 49,
                    "label": "준식별자"
                }
            ]
        },
        {
            "sentence": "2025-09-01 ~ 2025-09-30",
            "id": "sample_001_0042_000086",
            "annotations": [
                {
                    "word": "2025-09-01",
                    "start": 0,
                    "end": 10,
                    "label": "준식별자"
                },
                {
                    "word": "202",
                    "start": 13,
                    "end": 16,
                    "label": "준식별자"
                }
            ]
        },
        {
            "sentence": "프로젝트 수금 350M, 고객 A 잔금 280M(예상), 급여 및 세금 납부 110M 포함",
            "id": "sample_001_0042_000087",
            "annotations": [
                {
                    "word": "110",
                    "start": 43,
                    "end": 46,
                    "label": "개인정보"
                }
            ]
        },
        {
            "sentence": "2025-10-01 ~ 2025-10-31",
            "id": "sample_001_0042_000088",
            "annotations": [
                {
                    "word": "202",
                    "start": 0,
                    "end": 3,
                    "label": "준식별자"
                },
                {
                    "word": "2025-10-31",
                    "start": 13,
                    "end": 23,
                    "label": "준식별자"
                }
            ]
        },
        {
            "sentence": "대규모 설비구매지출 300M(선지급), 외주개발비 150M, 운영비 및 세금 160M",
            "id": "sample_001_0042_000089",
            "annotations": [
                {
                    "word": "300",
                    "start": 11,
                    "end": 14,
                    "label": "개인정보"
                }
            ]
        },
        {
            "sentence": "2025-11-01 ~ 2025-11-30",
            "id": "sample_001_0042_000090",
            "annotations": [
                {
                    "word": "202",
                    "start": 0,
                    "end": 3,
                    "label": "준식별자"
                },
                {
                    "word": "2025-11-30",
                    "start": 13,
                    "end": 23,
                    "label": "준식별자"
                }
            ]
        },
        {
            "sentence": "해외 파트너사 프로젝트 납품금 520M(예상), 지급완료된 선지급 비용 일부 환수 20M",
            "id": "sample_001_0042_000091",
            "annotations": []
        },
        {
            "sentence": "10월 중 대규모 지출로 단기 마이너스(약 -190M)가 예상되므로 9월 내 유동성 확보 또는 단기차입(당좌대출, 신용공여) 준비 권고..",
            "id": "sample_001_0042_000092",
            "annotations": []
        },
        {
            "sentence": "2025-09",
            "id": "sample_001_0042_000093",
            "annotations": [
                {
                    "word": "202",
                    "start": 0,
                    "end": 3,
                    "label": "준식별자"
                }
            ]
        },
        {
            "sentence": "예상 기준",
            "id": "sample_001_0042_000094",
            "annotations": []
        },
        {
            "sentence": "2025-10",
            "id": "sample_001_0042_000095",
            "annotations": [
                {
                    "word": "202",
                    "start": 0,
                    "end": 3,
                    "label": "준식별자"
                }
            ]
        },
        {
            "sentence": "설비 선지급 영향",
            "id": "sample_001_0042_000096",
            "annotations": []
        },
        {
            "sentence": "2025-11",
            "id": "sample_001_0042_000097",
            "annotations": [
                {
                    "word": "202",
                    "start": 0,
                    "end": 3,
                    "label": "준식별자"
                }
            ]
        },
        {
            "sentence": "납품금 회수 예정",
            "id": "sample_001_0042_000098",
            "annotations": []
        },
        {
            "sentence": "매월 25일",
            "id": "sample_001_0042_000099",
            "annotations": []
        },
        {
            "sentence": "HR-001",
            "id": "sample_001_0042_000100",
            "annotations": [
                {
                    "word": "HR-001",
                    "start": 0,
                    "end": 6,
                    "label": "개인정보"
                }
            ]
        },
        {
            "sentence": "정혜린",
            "id": "sample_001_0042_000101",
            "annotations": [
                {
                    "word": "정혜린",
                    "start": 0,
                    "end": 3,
                    "label": "개인정보"
                }
            ]
        },
        {
            "sentence": "인사부장",
            "id": "sample_001_0042_000102",
            "annotations": [
                {
                    "word": "인사부장",
                    "start": 0,
                    "end": 4,
                    "label": "준식별자"
                }
            ]
        },
        {
            "sentence": "국민은행 110-99-111222",
            "id": "sample_001_0042_000103",
            "annotations": [
                {
                    "word": "국민은행 110-99-111222",
                    "start": 0,
                    "end": 18,
                    "label": "개인정보"
                }
            ]
        },
        {
            "sentence": "PD-004",
            "id": "sample_001_0042_000104",
            "annotations": [
                {
                    "word": "PD-004",
                    "start": 0,
                    "end": 6,
                    "label": "개인정보"
                }
            ]
        },
        {
            "sentence": "오세훈",
            "id": "sample_001_0042_000105",
            "annotations": [
                {
                    "word": "오세훈",
                    "start": 0,
                    "end": 3,
                    "label": "개인정보"
                }
            ]
        },
        {
            "sentence": "생산팀장",
            "id": "sample_001_0042_000106",
            "annotations": [
                {
                    "word": "생산팀장",
                    "start": 0,
                    "end": 4,
                    "label": "준식별자"
                }
            ]
        },
        {
            "sentence": "신한은행 100-39-555666",
            "id": "sample_001_0042_000107",
            "annotations": [
                {
                    "word": "신한은행 100-39-555666",
                    "start": 0,
                    "end": 18,
                    "label": "개인정보"
                }
            ]
        },
        {
            "sentence": "SA-010",
            "id": "sample_001_0042_000108",
            "annotations": [
                {
                    "word": "SA-010",
                    "start": 0,
                    "end": 6,
                    "label": "개인정보"
                }
            ]
        },
        {
            "sentence": "최유나",
            "id": "sample_001_0042_000109",
            "annotations": [
                {
                    "word": "최유나",
                    "start": 0,
                    "end": 3,
                    "label": "개인정보"
                }
            ]
        },
        {
            "sentence": "영업과장",
            "id": "sample_001_0042_000110",
            "annotations": [
                {
                    "word": "영업과장",
                    "start": 0,
                    "end": 4,
                    "label": "준식별자"
                }
            ]
        },
        {
            "sentence": "우리은행 120-62-333444",
            "id": "sample_001_0042_000111",
            "annotations": [
                {
                    "word": "우리은행 120-62-333444",
                    "start": 0,
                    "end": 18,
                    "label": "개인정보"
                }
            ]
        },
        {
            "sentence": "급여계좌 정보는 내부 보안 정책에 의거 관리부(인사·총무)에서만 접근 허용",
            "id": "sample_001_0042_000112",
            "annotations": [
                {
                    "word": "관리부",
                    "start": 22,
                    "end": 25,
                    "label": "준식별자"
                }
            ]
        },
        {
            "sentence": "법인세 중간예납",
            "id": "sample_001_0042_000113",
            "annotations": []
        },
        {
            "sentence": "2025-09-30",
            "id": "sample_001_0042_000114",
            "annotations": [
                {
                    "word": "202",
                    "start": 0,
                    "end": 3,
                    "label": "준식별자"
                }
            ]
        },
        {
            "sentence": "관리부(세무담당)",
            "id": "sample_001_0042_000115",
            "annotations": [
                {
                    "word": "관리부",
                    "start": 0,
                    "end": 3,
                    "label": "준식별자"
                }
            ]
        },
        {
            "sentence": "부가가치세 신고(분기)",
            "id": "sample_001_0042_000116",
            "annotations": []
        },
        {
            "sentence": "2025-10-25",
            "id": "sample_001_0042_000117",
            "annotations": [
                {
                    "word": "202",
                    "start": 0,
                    "end": 3,
                    "label": "준식별자"
                }
            ]
        },
        {
            "sentence": "관리부(회계)",
            "id": "sample_001_0042_000118",
            "annotations": [
                {
                    "word": "관리부",
                    "start": 0,
                    "end": 3,
                    "label": "준식별자"
                }
            ]
        },
        {
            "sentence": "4~6월 원천세 정산",
            "id": "sample_001_0042_000119",
            "annotations": []
        },
        {
            "sentence": "2025-09-15",
            "id": "sample_001_0042_000120",
            "annotations": [
                {
                    "word": "2025-09-15",
                    "start": 0,
                    "end": 10,
                    "label": "준식별자"
                }
            ]
        },
        {
            "sentence": "관리부(경리)",
            "id": "sample_001_0042_000121",
            "annotations": [
                {
                    "word": "관리부",
                    "start": 0,
                    "end": 3,
                    "label": "준식별자"
                }
            ]
        },
        {
            "sentence": "해외거래 비중이 점차 증가하므로 환위험 노출 확대.",
            "id": "sample_001_0042_000122",
            "annotations": []
        },
        {
            "sentence": "2025-08말 현재 기업은행 계좌(USD 대응) 잔액 200,000,000 KRW 상당(USD 환산 약 148,148 USD 기준 1,350KRW/USD 가정)",
            "id": "sample_001_0042_000123",
            "annotations": [
                {
                    "word": "202",
                    "start": 0,
                    "end": 3,
                    "label": "준식별자"
                },
                {
                    "word": "200",
                    "start": 31,
                    "end": 34,
                    "label": "개인정보"
                }
            ]
        },
        {
            "sentence": "대규모 결제(예상 300M KRW)를 위해서는 결제 시점 환율 헤지(포워드 또는 옵션) 검토.",
            "id": "sample_001_0042_000124",
            "annotations": [
                {
                    "word": "300",
                    "start": 10,
                    "end": 13,
                    "label": "개인정보"
                }
            ]
        },
        {
            "sentence": "수입시 매입환 헤지를 통한 환 리스크 축소 권고..",
            "id": "sample_001_0042_000125",
            "annotations": []
        },
        {
            "sentence": "A공장",
            "id": "sample_001_0042_000126",
            "annotations": []
        },
        {
            "sentence": "2025-09-20",
            "id": "sample_001_0042_000127",
            "annotations": [
                {
                    "word": "202",
                    "start": 0,
                    "end": 3,
                    "label": "준식별자"
                }
            ]
        },
        {
            "sentence": "영업부_송민석",
            "id": "sample_001_0042_000128",
            "annotations": [
                {
                    "word": "영업부",
                    "start": 0,
                    "end": 3,
                    "label": "준식별자"
                },
                {
                    "word": "송민석",
                    "start": 4,
                    "end": 7,
                    "label": "개인정보"
                }
            ]
        },
        {
            "sentence": "010-8888-1010",
            "id": "sample_001_0042_000129",
            "annotations": [
                {
                    "word": "010-8888-1010",
                    "start": 0,
                    "end": 13,
                    "label": "개인정보"
                }
            ]
        },
        {
            "sentence": "D제조사",
            "id": "sample_001_0042_000130",
            "annotations": []
        },
        {
            "sentence": "2025-10-05",
            "id": "sample_001_0042_000131",
            "annotations": [
                {
                    "word": "202",
                    "start": 0,
                    "end": 3,
                    "label": "준식별자"
                }
            ]
        },
        {
            "sentence": "영업부_최유나",
            "id": "sample_001_0042_000132",
            "annotations": [
                {
                    "word": "영업부",
                    "start": 0,
                    "end": 3,
                    "label": "준식별자"
                },
                {
                    "word": "최유나",
                    "start": 4,
                    "end": 7,
                    "label": "개인정보"
                }
            ]
        },
        {
            "sentence": "010-8888-1020",
            "id": "sample_001_0042_000133",
            "annotations": [
                {
                    "word": "010-8888-1020",
                    "start": 0,
                    "end": 13,
                    "label": "개인정보"
                }
            ]
        },
        {
            "sentence": "F공공기관",
            "id": "sample_001_0042_000134",
            "annotations": []
        },
        {
            "sentence": "2025-11-30",
            "id": "sample_001_0042_000135",
            "annotations": [
                {
                    "word": "2025-11-30",
                    "start": 0,
                    "end": 10,
                    "label": "준식별자"
                }
            ]
        },
        {
            "sentence": "영업부_김태우",
            "id": "sample_001_0042_000136",
            "annotations": [
                {
                    "word": "영업부",
                    "start": 0,
                    "end": 3,
                    "label": "준식별자"
                },
                {
                    "word": "김태우",
                    "start": 4,
                    "end": 7,
                    "label": "개인정보"
                }
            ]
        },
        {
            "sentence": "010-8888-1030",
            "id": "sample_001_0042_000137",
            "annotations": [
                {
                    "word": "010-8888-1030",
                    "start": 0,
                    "end": 13,
                    "label": "개인정보"
                }
            ]
        },
        {
            "sentence": "① 기한 이내 결제 독려(영업팀 및 고객 담당자 연계) ② 부분분할 결제 허용(최대 3회) ③ 필요시 인보이스 팩토링(조건 협의)로 유동성 확보",
            "id": "sample_001_0042_000138",
            "annotations": []
        },
        {
            "sentence": "운전자금 당좌대출(국내은행)",
            "id": "sample_001_0042_000139",
            "annotations": []
        },
        {
            "sentence": "협의(기준금리+1.2%p 예상)",
            "id": "sample_001_0042_000140",
            "annotations": []
        },
        {
            "sentence": "국민은행 담당 지점: 성남분당지점",
            "id": "sample_001_0042_000141",
            "annotations": [
                {
                    "word": "국민은행",
                    "start": 0,
                    "end": 4,
                    "label": "기밀정보"
                }
            ]
        },
        {
            "sentence": "김대현(국민은행 기업영업)",
            "id": "sample_001_0042_000142",
            "annotations": [
                {
                    "word": "김대현(국민은행 기업영업)",
                    "start": 0,
                    "end": 14,
                    "label": "준식별자"
                }
            ]
        },
        {
            "sentence": "031-777-2001",
            "id": "sample_001_0042_000143",
            "annotations": [
                {
                    "word": "031-777-2001",
                    "start": 0,
                    "end": 12,
                    "label": "개인정보"
                }
            ]
        },
        {
            "sentence": "daehyun.kim@kb.co.kr",
            "id": "sample_001_0042_000144",
            "annotations": [
                {
                    "word": "daehyun.kim@kb.co.kr",
                    "start": 0,
                    "end": 20,
                    "label": "개인정보"
                }
            ]
        },
        {
            "sentence": "담보: 무담보 또는 채무보증(대표이사 보증) 조건 협의",
            "id": "sample_001_0042_000145",
            "annotations": [
                {
                    "word": "대표이사",
                    "start": 16,
                    "end": 20,
                    "label": "준식별자"
                }
            ]
        },
        {
            "sentence": "신청 시점에 따른 신용평가 필요",
            "id": "sample_001_0042_000146",
            "annotations": []
        },
        {
            "sentence": "기업단기신용공여(카운터보증 포함)",
            "id": "sample_001_0042_000147",
            "annotations": []
        },
        {
            "sentence": "협의",
            "id": "sample_001_0042_000148",
            "annotations": []
        },
        {
            "sentence": "신한은행 기업영업",
            "id": "sample_001_0042_000149",
            "annotations": [
                {
                    "word": "신한은행",
                    "start": 0,
                    "end": 4,
                    "label": "기밀정보"
                }
            ]
        },
        {
            "sentence": "이영희(신한은행 기업영업)",
            "id": "sample_001_0042_000150",
            "annotations": [
                {
                    "word": "이영희(신한은행 기업영업)",
                    "start": 0,
                    "end": 14,
                    "label": "준식별자"
                }
            ]
        },
        {
            "sentence": "02-555-3300",
            "id": "sample_001_0042_000151",
            "annotations": [
                {
                    "word": "02-555-3300",
                    "start": 0,
                    "end": 11,
                    "label": "개인정보"
                }
            ]
        },
        {
            "sentence": "younghee.lee@shinhan.co.kr",
            "id": "sample_001_0042_000152",
            "annotations": [
                {
                    "word": "younghee.lee@shinhan.co.kr",
                    "start": 0,
                    "end": 26,
                    "label": "개인정보"
                }
            ]
        },
        {
            "sentence": "해외결제(USD) 헤지 연계 가능",
            "id": "sample_001_0042_000153",
            "annotations": []
        },
        {
            "sentence": "1) 2025-10월 설비 선지급으로 인한 현금부족 리스크: 대응으로 9월 중 미수채권 집중 회수(영업부 협조 요청), 단기차입 실행(옵션1 우선), 외주 일부 지불조건 재협상(분할지급) 권고.2) 환율 급등 리스크: 해외결제 예정 금액에 대해 포워드 계약 또는 옵션 구매로 환 노출 제한.",
            "id": "sample_001_0042_000154",
            "annotations": [
                {
                    "word": "202",
                    "start": 3,
                    "end": 6,
                    "label": "준식별자"
                },
                {
                    "word": "영업부",
                    "start": 55,
                    "end": 58,
                    "label": "준식별자"
                }
            ]
        },
        {
            "sentence": "환 변동성 심화 시 선지급 금액 일부의 USD 보유(환전 시점 분산)로 손실 완화.3) 세금·공과금 납부 지연 리스크: 납부 예정액을 관리부 전용 계좌에 선확보하고, 납부일 7일 전 내부 경고 알림(관리부 시스템 알람)을 운영.4) 대규모 고객 결제 지연으로 인한 유동성 압박: 팩토링 또는 보증보험 활용, 필요시 대표이사 긴급 결재로 단기 외부 자금 투입 가능.5) 운영비 과다 지출 리스크: 3개월간 비핵심 투자(교육, 사내간담회 등) 보류 및 예산 재조정 권고..",
            "id": "sample_001_0042_000155",
            "annotations": [
                {
                    "word": "관리부",
                    "start": 75,
                    "end": 78,
                    "label": "준식별자"
                },
                {
                    "word": "관리부",
                    "start": 111,
                    "end": 114,
                    "label": "준식별자"
                },
                {
                    "word": "대표이사",
                    "start": 176,
                    "end": 180,
                    "label": "준식별자"
                }
            ]
        },
        {
            "sentence": "관리부는 재무 건전성 유지를 최우선으로 하며, 특히 2025-10 중 계획된 설비투자로 인해 일시적 현금부족이 예상됩니다.",
            "id": "sample_001_0042_000156",
            "annotations": [
                {
                    "word": "관리부",
                    "start": 0,
                    "end": 3,
                    "label": "준식별자"
                },
                {
                    "word": "202",
                    "start": 29,
                    "end": 32,
                    "label": "준식별자"
                }
            ]
        },
        {
            "sentence": "본 보고서의 계산은 보수적 가정(미수채권 회수 지연 가능성 포함) 하에 산출되었으며, 아래 권고사항을 즉시 이행할 것을 요청합니다.권고사항 요약:1) 영업부와 협업하여 9월 내 주요 거래처(A공장, D제조사) 결제 독촉 및 부분분할 결제 협의.",
            "id": "sample_001_0042_000157",
            "annotations": [
                {
                    "word": "영업부",
                    "start": 84,
                    "end": 87,
                    "label": "준식별자"
                }
            ]
        },
        {
            "sentence": "담당 영업 연락처를 통해 주간 회수 리포트 제출 요망.2) 신한은행 또는 국민은행과의 단기차입 사전협의 및 필요시 당좌대출 실행 준비(한도 300~500M).",
            "id": "sample_001_0042_000158",
            "annotations": [
                {
                    "word": "신한은행",
                    "start": 33,
                    "end": 37,
                    "label": "기밀정보"
                },
                {
                    "word": "국민은행",
                    "start": 41,
                    "end": 45,
                    "label": "기밀정보"
                },
                {
                    "word": "300",
                    "start": 78,
                    "end": 81,
                    "label": "개인정보"
                }
            ]
        },
        {
            "sentence": "대출 실행 시 대표이사 승인 필수.3) 해외결제 관련 환헤지 방안 즉시 검토(재무팀: 장진우 담당).",
            "id": "sample_001_0042_000159",
            "annotations": [
                {
                    "word": "대표이사",
                    "start": 8,
                    "end": 12,
                    "label": "준식별자"
                },
                {
                    "word": "재무팀",
                    "start": 43,
                    "end": 46,
                    "label": "준식별자"
                }
            ]
        },
        {
            "sentence": "옵션비용 대비 환리스크를 비교하고, 50% 선헤지 권장.4) 10월 설비지출은 공급사와 분할지급 협상(예: 착수금 40% 선지급, 중간 30%, 최종 30%)을 적극 추진하여 현금유출 분산.5) 예비비 사용 시 관리부장 승인 후 집행, 1건당 집행 한도 50M 초과 시 대표이사 결재 필요.상기 권고를 실행하지 않을 경우 10월 중 유동성 부족으로 인한 납기 지연 및 신용도 저하 리스크가 있습니다.",
            "id": "sample_001_0042_000160",
            "annotations": [
                {
                    "word": "예비비",
                    "start": 109,
                    "end": 112,
                    "label": "기밀정보"
                },
                {
                    "word": "관리부장",
                    "start": 118,
                    "end": 122,
                    "label": "준식별자"
                },
                {
                    "word": "대표이사",
                    "start": 151,
                    "end": 155,
                    "label": "준식별자"
                }
            ]
        },
        {
            "sentence": "긴급시 경영진 긴급회의 소집을 요청합니다..",
            "id": "sample_001_0042_000161",
            "annotations": []
        },
        {
            "sentence": "영업부: A공장, D제조사에 대한 결제 독촉 및 분할결제 협상 결과를 2025-09-15까지 제출",
            "id": "sample_001_0042_000162",
            "annotations": [
                {
                    "word": "영업부",
                    "start": 0,
                    "end": 3,
                    "label": "준식별자"
                },
                {
                    "word": "2025-09-15",
                    "start": 39,
                    "end": 49,
                    "label": "준식별자"
                }
            ]
        },
        {
            "sentence": "생산부: 10월 예정 설비구매 일정 중 우선순위 재검토 및 납기 연기 가능 항목 제시(2025-09-12까지)",
            "id": "sample_001_0042_000163",
            "annotations": [
                {
                    "word": "생산부",
                    "start": 0,
                    "end": 3,
                    "label": "준식별자"
                },
                {
                    "word": "202",
                    "start": 48,
                    "end": 51,
                    "label": "준식별자"
                }
            ]
        },
        {
            "sentence": "대표이사: 필요시 단기차입(한도 300~500M) 승인 검토(긴급 결재선 준비)",
            "id": "sample_001_0042_000164",
            "annotations": [
                {
                    "word": "대표이사",
                    "start": 0,
                    "end": 4,
                    "label": "준식별자"
                },
                {
                    "word": "300",
                    "start": 18,
                    "end": 21,
                    "label": "개인정보"
                }
            ]
        },
        {
            "sentence": "기술부: 외주개발사(E사) 선지급 대비 성과지표(중간 산출물, 마일스톤)를 2025-09-08까지 제출",
            "id": "sample_001_0042_000165",
            "annotations": [
                {
                    "word": "기술부",
                    "start": 0,
                    "end": 3,
                    "label": "준식별자"
                },
                {
                    "word": "E사",
                    "start": 11,
                    "end": 13,
                    "label": "기밀정보"
                },
                {
                    "word": "202",
                    "start": 42,
                    "end": 45,
                    "label": "준식별자"
                }
            ]
        },
        {
            "sentence": "별첨 1_입출금 세부원장(2025-06~2025-08).xlsx",
            "id": "sample_001_0042_000166",
            "annotations": [
                {
                    "word": "202",
                    "start": 14,
                    "end": 17,
                    "label": "준식별자"
                },
                {
                    "word": "202",
                    "start": 22,
                    "end": 25,
                    "label": "준식별자"
                }
            ]
        },
        {
            "sentence": "별첨 2_미수채권명세서_20250910.pdf",
            "id": "sample_001_0042_000167",
            "annotations": [
                {
                    "word": "202",
                    "start": 13,
                    "end": 16,
                    "label": "준식별자"
                }
            ]
        },
        {
            "sentence": "별첨 3_은행별 대출조건 제안서_요약.docx",
            "id": "sample_001_0042_000168",
            "annotations": []
        },
        {
            "sentence": "별첨 4_급여지급내역_세부(익월).xlsx",
            "id": "sample_001_0042_000169",
            "annotations": []
        },
        {
            "sentence": "본 문서는 관리부 내부용 기밀문서입니다.",
            "id": "sample_001_0042_000170",
            "annotations": [
                {
                    "word": "관리부",
                    "start": 6,
                    "end": 9,
                    "label": "준식별자"
                }
            ]
        },
        {
            "sentence": "외부 유출 금지.",
            "id": "sample_001_0042_000171",
            "annotations": []
        },
        {
            "sentence": "계좌번호, 직원개인정보 및 은행담당자 연락처는 내부 보안정책에 따라 암호화 저장 및 접근 권한 제한 필요..",
            "id": "sample_001_0042_000172",
            "annotations": []
        },
        {
            "sentence": "본 보고서는 2025-09-10 작성되었으며, 상황변동 시 매주 업데이트 예정.",
            "id": "sample_001_0042_000173",
            "annotations": [
                {
                    "word": "2025-09-10",
                    "start": 7,
                    "end": 17,
                    "label": "준식별자"
                }
            ]
        },
        {
            "sentence": "다음 업데이트 예정일: 2025-09-17",
            "id": "sample_001_0042_000174",
            "annotations": [
                {
                    "word": "202",
                    "start": 13,
                    "end": 16,
                    "label": "준식별자"
                }
            ]
        },
        {
            "sentence": "김민준",
            "id": "sample_001_0042_000175",
            "annotations": [
                {
                    "word": "김민준",
                    "start": 0,
                    "end": 3,
                    "label": "개인정보"
                }
            ]
        },
        {
            "sentence": "관리부장",
            "id": "sample_001_0042_000176",
            "annotations": [
                {
                    "word": "관리부장",
                    "start": 0,
                    "end": 4,
                    "label": "준식별자"
                }
            ]
        },
        {
            "sentence": "MG-001",
            "id": "sample_001_0042_000177",
            "annotations": [
                {
                    "word": "MG-001",
                    "start": 0,
                    "end": 6,
                    "label": "준식별자"
                }
            ]
        },
        {
            "sentence": "031-555-0101",
            "id": "sample_001_0042_000178",
            "annotations": [
                {
                    "word": "031-555-0101",
                    "start": 0,
                    "end": 12,
                    "label": "개인정보"
                }
            ]
        }
    ]
}