{
    "document_id": "082_0024",
    "document_title": "합성 미디어 및 딥페이크 포렌식 분석 보고서(사례 082_0024)",
    "data": [
        {
            "sentence": "합성 미디어 및 딥페이크 포렌식 분석 보고서(사례번호 082_0024) 제출용 문서입니다.",
            "id": "sample_082_0024_000001",
            "annotations": []
        },
        {
            "sentence": "본 보고서는 다중 모달(영상/음성/이미지/텍스트) 자료에 대한 포렌식 분석 절차와 결과를 기술합니다.",
            "id": "sample_082_0024_000002",
            "annotations": []
        },
        {
            "sentence": "sample_id: SAMPLES-20260123-0001.",
            "id": "sample_082_0024_000003",
            "annotations": []
        },
        {
            "sentence": "media_type: video.",
            "id": "sample_082_0024_000004",
            "annotations": []
        },
        {
            "sentence": "original_file_hash: sha256:3a7bd3d9e6f4b2c1d5e6f7a9b0c1d2e3f4a5b6c7d8e9f0a1b2c3d4e5f6a7b8c.",
            "id": "sample_082_0024_000005",
            "annotations": []
        },
        {
            "sentence": "source_url: https://internal.example.com/media/IMG_0001.jpg.",
            "id": "sample_082_0024_000006",
            "annotations": [
                {
                    "word": "https://internal.example.com/media/IMG_0001.jpg",
                    "start": 12,
                    "end": 59,
                    "label": "기밀정보"
                }
            ]
        },
        {
            "sentence": "capture_timestamp: 2026-01-15T10:23:45Z.",
            "id": "sample_082_0024_000007",
            "annotations": []
        },
        {
            "sentence": "upload_actor: 진결 (연락처 및 상세 신원은 법적 제한으로 요약 보관).",
            "id": "sample_082_0024_000008",
            "annotations": [
                {
                    "word": "진결",
                    "start": 14,
                    "end": 16,
                    "label": "개인정보"
                }
            ]
        },
        {
            "sentence": "chain_of_custody_id: COC-2026-00024.",
            "id": "sample_082_0024_000009",
            "annotations": []
        },
        {
            "sentence": "체인오브커스토디 원본 문서(디지털 서명 및 타임스탬프 포함)가 본 증적에 첨부되지 않아 무결성 검증이 부분적으로 제한됩니다.",
            "id": "sample_082_0024_000010",
            "annotations": []
        },
        {
            "sentence": "preprocessing_steps: frame_extraction@25fps; color_normalization; resize:1280x720; noise_floor_removal; codec_metadata_preserved.",
            "id": "sample_082_0024_000011",
            "annotations": []
        },
        {
            "sentence": "detection_model_id: DeepForensicNet.",
            "id": "sample_082_0024_000012",
            "annotations": []
        },
        {
            "sentence": "detection_model_version: v2.1.",
            "id": "sample_082_0024_000013",
            "annotations": []
        },
        {
            "sentence": "training_dataset_snapshot: DFN-Train-2025-12-01 (버전 스냅샷, 라벨링 정책 포함).",
            "id": "sample_082_0024_000014",
            "annotations": []
        },
        {
            "sentence": "detection_score: 0.87 (임계값 0.5 기준), 예측 불확실성(부트스트랩 95% 신뢰구간): [0.82, 0.91].",
            "id": "sample_082_0024_000015",
            "annotations": []
        },
        {
            "sentence": "manipulated_regions: frames 102-123, face_bbox:[x:210,y:120,w:180,h:180], audio_segments: 00:01:42-00:01:56.",
            "id": "sample_082_0024_000016",
            "annotations": []
        },
        {
            "sentence": "manipulation_type: face_swap 및 synthetic_audio_overdub 가능성, 후처리로 블렌딩과 컬러매칭이 확인됩니다.",
            "id": "sample_082_0024_000017",
            "annotations": []
        },
        {
            "sentence": "evidentiary_report_id: ER-082-20260123-001.",
            "id": "sample_082_0024_000018",
            "annotations": []
        },
        {
            "sentence": "expert_label: 합성 의심(가능성 높음, 예측 확률 87%, 불확실성 존재, '확정' 표현 사용 금지).",
            "id": "sample_082_0024_000019",
            "annotations": []
        },
        {
            "sentence": "ground_truth_reference: 원본 영상 파일 미수신으로 인해 참조 원본은 부재합니다.",
            "id": "sample_082_0024_000020",
            "annotations": []
        },
        {
            "sentence": "reproducibility_seed: 2026012301.",
            "id": "sample_082_0024_000021",
            "annotations": []
        },
        {
            "sentence": "hardware_profile: NVIDIA A100 40GB x2, CUDA 12.1, CPU: Intel Xeon 64core, RAM:512GB.",
            "id": "sample_082_0024_000022",
            "annotations": []
        },
        {
            "sentence": "jurisdiction: 대한민국(서울지방경찰청 관할), 증거 제출시 관할법원 규정 준수 필요.",
            "id": "sample_082_0024_000023",
            "annotations": []
        },
        {
            "sentence": "분석에 사용된 모델·버전·훈련 데이터·하드웨어·랜덤시드는 명시되어 있으며, 재현성을 위해 명령어도 기록합니다.",
            "id": "sample_082_0024_000024",
            "annotations": []
        },
        {
            "sentence": "분석 커맨드(재현용, 기계독해형): python detect.py --model DeepForensicNet:v2.1 --input IMG_0001.jpg --seed 2026012301 --threshold 0.5 --output ./results/.",
            "id": "sample_082_0024_000025",
            "annotations": []
        },
        {
            "sentence": "설명가능성 아티팩트로 saliency_map, f0 스펙트럼 이상도, DCT 블록 아티팩트 히트맵을 첨부하였고 파일 경로는 C:\\\\evidence\\\\case082\\\\artifacts\\\\saliency_map.png 입니다.",
            "id": "sample_082_0024_000026",
            "annotations": [
                {
                    "word": "C:\\\\evidence\\\\case082\\\\artifacts\\\\saliency_map.png",
                    "start": 69,
                    "end": 119,
                    "label": "기밀정보"
                }
            ]
        },
        {
            "sentence": "원본 파일 경로 C:\\\\evidence\\\\case082\\\\raw\\\\IMG_0001.jpg은 내부 증거 저장소 위치로서 외부 공개가 제한됩니다.",
            "id": "sample_082_0024_000027",
            "annotations": [
                {
                    "word": "C:\\\\evidence\\\\case082\\\\raw\\\\IMG_0001.jpg",
                    "start": 9,
                    "end": 49,
                    "label": "기밀정보"
                }
            ]
        },
        {
            "sentence": "분석 대상 피사체의 기초 메타데이터에 생년월일 1985-07-15와 주소 정보 서울특별시 강남구가 포함되어 있어 익명화 또는 접근제한이 요구됩니다.",
            "id": "sample_082_0024_000028",
            "annotations": [
                {
                    "word": "1985-07-15",
                    "start": 26,
                    "end": 36,
                    "label": "준식별자"
                },
                {
                    "word": "서울특별시 강남구",
                    "start": 44,
                    "end": 53,
                    "label": "준식별자"
                }
            ]
        },
        {
            "sentence": "업로드 담당자 연락 이메일 jin.gyeol@example.com이 메타데이터에 기록되어 있으나 법적·윤리적 사유로 접근통제 및 로그 보관이 필요합니다.",
            "id": "sample_082_0024_000029",
            "annotations": [
                {
                    "word": "jin.gyeol@example.com",
                    "start": 15,
                    "end": 36,
                    "label": "개인정보"
                }
            ]
        },
        {
            "sentence": "내부 서버 접근을 위한 프라이빗 IP 10.0.0.5와 내부 파일 경로/URL은 기밀정보로 분류되며 감사로그와 권한제어가 필요합니다.",
            "id": "sample_082_0024_000030",
            "annotations": [
                {
                    "word": "10.0.0.5",
                    "start": 21,
                    "end": 29,
                    "label": "기밀정보"
                }
            ]
        },
        {
            "sentence": "분석 담당자: 신재건(실험실 책임자, 소속은 조사 단계에서 익명화되어 기록됩니다).",
            "id": "sample_082_0024_000031",
            "annotations": [
                {
                    "word": "신재건",
                    "start": 8,
                    "end": 11,
                    "label": "개인정보"
                }
            ]
        }
    ]
}