{
    "document_id": "082_0015",
    "document_title": "합성 미디어 및 딥페이크 포렌식 분석보고서",
    "data": [
        {
            "sentence": "본 문서는 합성 미디어 및 딥페이크 포렌식 분석 결과와 재현 정보를 포함한 기술 보고서입니다.",
            "id": "sample_082_0015_000001",
            "annotations": []
        },
        {
            "sentence": "분석 대상 샘플은 sample_082_0015이며, media_type은 video로 분류되었습니다.",
            "id": "sample_082_0015_000002",
            "annotations": []
        },
        {
            "sentence": "원본 파일 해시는 sha256:3f2a1b4c9d6e7f8a9b0c1d2e3f4a5b6c7d8e9f0a1b2c3d4e5f6a7b8c9d0e1f2 로 기록되었습니다.",
            "id": "sample_082_0015_000003",
            "annotations": []
        },
        {
            "sentence": "출처 URL은 https://example.com/evidence/082_0015.mp4이며, 캡처 타임스탬프는 2025-11-03T14:22:05Z, 업로드 액터는 남재연으로 기록되었습니다.",
            "id": "sample_082_0015_000004",
            "annotations": [
                {
                    "word": "남재연",
                    "start": 93,
                    "end": 96,
                    "label": "개인정보"
                }
            ]
        },
        {
            "sentence": "체인오브커스토디 ID는 COC-000082-0015, 증거보고서 ID는 ER-082-0015로 표기됩니다.",
            "id": "sample_082_0015_000005",
            "annotations": []
        },
        {
            "sentence": "전처리 파이프라인은 프레임 추출(30fps), 해상도 정규화(1280x720), 노이즈 제거(대역통과 필터) 순서로 구성되었습니다.",
            "id": "sample_082_0015_000006",
            "annotations": []
        },
        {
            "sentence": "검출 모델은 detection_model_id: DFN_v2_1, detection_model_version: DeepForensicsNet v2.1이며, detection_score는 0.87(87%)로 보고됩니다.",
            "id": "sample_082_0015_000007",
            "annotations": []
        },
        {
            "sentence": "해당 스코어의 불확실성은 ROC 기반 검증에서 ±0.04의 표준오차로 추정되며, 분류 임계값은 0.5로 설정되었습니다.",
            "id": "sample_082_0015_000008",
            "annotations": []
        },
        {
            "sentence": "훈련 데이터 스냅샷은 trainset_v3_2024-06-15이며, 주요 샘플링 정책과 라벨링 가이드가 포함됩니다.",
            "id": "sample_082_0015_000009",
            "annotations": []
        },
        {
            "sentence": "분석 재현성을 위해 하드웨어 프로필은 NVIDIA A100 x4, Ubuntu 22.04, 256GB RAM이며, 사용된 랜덤 시드는 42로 기록됩니다.",
            "id": "sample_082_0015_000010",
            "annotations": []
        },
        {
            "sentence": "모델 인퍼런스 로그는 2026-01-20T09:12:33Z에 생성되었고, 세부 로그 파일 경로는 /srv/forensics/evidence_082_0015.img.infer.log 입니다.",
            "id": "sample_082_0015_000011",
            "annotations": [
                {
                    "word": "/srv/forensics/evidence_082_0015.img.infer.log",
                    "start": 54,
                    "end": 100,
                    "label": "기밀정보"
                }
            ]
        },
        {
            "sentence": "감지된 조작 영역은 좌표 목록[{x:120,y:80,w:240,h:300},{x:640,y:360,w:200,h:180}]으로 반환되었습니다.",
            "id": "sample_082_0015_000012",
            "annotations": []
        },
        {
            "sentence": "주요 변조 유형은 얼굴 합성(face-swap) 및 프레임 레벨 편집(frame insertion)입니다.",
            "id": "sample_082_0015_000013",
            "annotations": []
        },
        {
            "sentence": "전문가 라벨은 '합성 가능성 높음'으로 표기되었고, 그라운드트루스 참조는 원본 없음(no original available)으로 명시되었습니다.",
            "id": "sample_082_0015_000014",
            "annotations": []
        },
        {
            "sentence": "설명가능성 아티팩트로는 Grad-CAM 기반 saliency map, 주파수 도메인에서의 이상 파워스펙트럼, 블록 아티팩트 맵이 제공됩니다.",
            "id": "sample_082_0015_000015",
            "annotations": []
        },
        {
            "sentence": "적대적 조작 가능성에 대한 검토에서 은폐 기술(anti-forensic)은 탐지 민감도를 저하시킬 수 있으며, 오탐/미탐 원인으로는 압축, 낮은 해상도, 조명 변화가 확인됩니다.",
            "id": "sample_082_0015_000016",
            "annotations": []
        },
        {
            "sentence": "무결성 보존을 위해 디지털 서명과 공증 타임스탬프가 필요하나, 현재 제출된 증거에서 디지털 서명은 미발견되어 법정 제출 전 보완이 권고됩니다.",
            "id": "sample_082_0015_000017",
            "annotations": []
        },
        {
            "sentence": "관할권은 대한민국으로 분류되며, 관할권별 증거 보존 및 공개 규정이 상이하므로 법적 자문을 권고합니다.",
            "id": "sample_082_0015_000018",
            "annotations": []
        },
        {
            "sentence": "개인정보 보호를 위해 얼굴과 음성의 식별가능 정보는 분석본에서 마스킹 처리되었으며, 원본 접근은 권한기반 로그로 제한됩니다.",
            "id": "sample_082_0015_000019",
            "annotations": []
        },
        {
            "sentence": "참고인 박정철이 영상에 등장하는 것으로 식별되었으나 추가 식별정보는 마스킹 및 최소화되었습니다.",
            "id": "sample_082_0015_000020",
            "annotations": [
                {
                    "word": "박정철",
                    "start": 4,
                    "end": 7,
                    "label": "개인정보"
                }
            ]
        },
        {
            "sentence": "참고인의 공개된 준식별자 중 하나는 생년월일 1985-07-23이며, 등록된 주소 세그먼트는 서울특별시, 강남구, 역삼동으로 표기됩니다.",
            "id": "sample_082_0015_000021",
            "annotations": [
                {
                    "word": "1985-07-23",
                    "start": 25,
                    "end": 35,
                    "label": "준식별자"
                },
                {
                    "word": "서울특별시",
                    "start": 52,
                    "end": 57,
                    "label": "준식별자"
                },
                {
                    "word": "강남구",
                    "start": 59,
                    "end": 62,
                    "label": "준식별자"
                },
                {
                    "word": "역삼동",
                    "start": 64,
                    "end": 67,
                    "label": "준식별자"
                }
            ]
        },
        {
            "sentence": "연락처로 제출된 번호는 010-1234-5678으로 기록되었으며, 접근 권한이 있는 조사관만 전체번호를 열람할 수 있습니다.",
            "id": "sample_082_0015_000022",
            "annotations": [
                {
                    "word": "010-1234-5678",
                    "start": 13,
                    "end": 26,
                    "label": "개인정보"
                }
            ]
        },
        {
            "sentence": "참고자 소속은 모바일보안연구소로 메타데이터에 기록되어 있으며, 직장명은 준식별자 범주에 해당합니다.",
            "id": "sample_082_0015_000023",
            "annotations": [
                {
                    "word": "모바일보안연구소",
                    "start": 8,
                    "end": 16,
                    "label": "준식별자"
                }
            ]
        },
        {
            "sentence": "분석 과정에서 참조된 내부 서버 IP는 10.0.0.5이며, 해당 IP와 파일 경로는 기밀정보로 분류됩니다.",
            "id": "sample_082_0015_000024",
            "annotations": [
                {
                    "word": "10.0.0.5",
                    "start": 22,
                    "end": 30,
                    "label": "기밀정보"
                }
            ]
        },
        {
            "sentence": "내부 보고서 식별자 Forensics_Internal_v7 및 관련 문서 경로 /srv/forensics/evidence_082_0015.img는 기밀정보로 취급되어야 합니다.",
            "id": "sample_082_0015_000025",
            "annotations": [
                {
                    "word": "Forensics_Internal_v7",
                    "start": 11,
                    "end": 32,
                    "label": "기밀정보"
                },
                {
                    "word": "/srv/forensics/evidence_082_0015.img",
                    "start": 44,
                    "end": 80,
                    "label": "기밀정보"
                }
            ]
        },
        {
            "sentence": "재현을 위한 실행 명령 예시는: python infer.py --model DFN_v2_1 --weights weights/dfn_v2_1.pth --input sample_082_0015.mp4 --seed 42 --batch-size 8 입니다.",
            "id": "sample_082_0015_000026",
            "annotations": []
        },
        {
            "sentence": "전처리 상세 파라미터는 frame_rate=30, resize=1280x720, denoise=bandpass(0.5-30Hz), color_normalization=imagenet_stats 입니다.",
            "id": "sample_082_0015_000027",
            "annotations": []
        },
        {
            "sentence": "권고사항으로는 디지털 서명 보강, 원본 확보 시도, 추가 주파수 분석 및 적응형 재평가를 30일 이내에 수행할 것을 제안합니다.",
            "id": "sample_082_0015_000028",
            "annotations": []
        }
    ]
}