{
    "document_id": "082_0055",
    "document_title": "합성 미디어 및 딥페이크 포렌식 정밀보고서",
    "data": [
        {
            "sentence": "본 보고서는 의뢰된 멀티미디어 증거물의 합성 여부를 평가하기 위한 합성 미디어 및 딥페이크 포렌식 분석 결과를 기술합니다.",
            "id": "sample_082_0055_000001",
            "annotations": []
        },
        {
            "sentence": "문서 목적은 법적 제출 가능성 검토, 기술적 근거 제시, 재현성 확보 및 향후 대응 권고안을 포함합니다.",
            "id": "sample_082_0055_000002",
            "annotations": []
        },
        {
            "sentence": "요약: 본 분석은 사진 및 동영상 프레임의 픽셀·주파수·메타데이터 기반 검사와 음성 스펙트럼 분석을 병행하여 수행되었습니다.",
            "id": "sample_082_0055_000003",
            "annotations": []
        },
        {
            "sentence": "샘플 식별자(sample_id)는 SAMP-2025-082이며, 원본 파일 해시는 SHA256: e3b0c44298fc1c149afbf4c8996fb92427ae41e4649b934ca495991b7852b855로 기록됩니다.",
            "id": "sample_082_0055_000004",
            "annotations": []
        },
        {
            "sentence": "미디어 유형(media_type)은 video로 분류되며, 원본 컨테이너는 MP4, 코덱은 H.264로 메타데이터에 기재되어 있습니다.",
            "id": "sample_082_0055_000005",
            "annotations": []
        },
        {
            "sentence": "업로드 담당자(upload_actor)는 수사 의뢰서에 기록된 백동인으로 표기되어 있으며, 본 보고서에서는 실명 표기를 최소화하여 참조합니다.",
            "id": "sample_082_0055_000006",
            "annotations": [
                {
                    "word": "백동인",
                    "start": 35,
                    "end": 38,
                    "label": "개인정보"
                }
            ]
        },
        {
            "sentence": "캡처 타임스탬프(capture_timestamp)는 장비 로그 기준 2024-11-12T14:23:08Z로 기록되며, 생년월일(참조용)은 1985-07-12으로 표기되어 있습니다.",
            "id": "sample_082_0055_000007",
            "annotations": [
                {
                    "word": "1985-07-12",
                    "start": 77,
                    "end": 87,
                    "label": "준식별자"
                }
            ]
        },
        {
            "sentence": "대상 영상의 대상자 표기정보로 성별은 남성으로 레이블링되었으나, 이는 준식별자 범주로 취급되어 추가 익명화가 권고됩니다.",
            "id": "sample_082_0055_000008",
            "annotations": [
                {
                    "word": "남성",
                    "start": 21,
                    "end": 23,
                    "label": "준식별자"
                }
            ]
        },
        {
            "sentence": "촬영 장소 메모는 서울 중구으로 기재되어 있으며, 직장명은 제트소프트로 표기되어 있습니다; 이들은 준식별자에 해당합니다.",
            "id": "sample_082_0055_000009",
            "annotations": [
                {
                    "word": "서울 중구",
                    "start": 10,
                    "end": 15,
                    "label": "준식별자"
                },
                {
                    "word": "제트소프트",
                    "start": 33,
                    "end": 38,
                    "label": "준식별자"
                }
            ]
        },
        {
            "sentence": "증거물 업로드 과정에서 제출된 체인오브커스토디(chain_of_custody_id)는 COC-2025-082-55로 발급되어 접근 이력과 타임스탬프가 연계되어 있습니다.",
            "id": "sample_082_0055_000010",
            "annotations": []
        },
        {
            "sentence": "재무 관련 메모에는 계좌번호: 123-456-789가 포함되어 있었으며, 해당 수치는 기밀정보로 분류되어 접근 통제가 필요합니다.",
            "id": "sample_082_0055_000011",
            "annotations": [
                {
                    "word": "123-456-789",
                    "start": 17,
                    "end": 28,
                    "label": "기밀정보"
                }
            ]
        },
        {
            "sentence": "연락처 메타데이터에는 example@domain.com 이메일 주소가 발견되어 개인정보 범주로 표시하고 최소한의 공개 원칙을 적용합니다.",
            "id": "sample_082_0055_000012",
            "annotations": [
                {
                    "word": "example@domain.com",
                    "start": 12,
                    "end": 30,
                    "label": "개인정보"
                }
            ]
        },
        {
            "sentence": "추가 연락처로 010-1234-5678 휴대전화 번호가 메모에 남아 있으며, 이 역시 개인정보로 분류되어 엄격한 접근 제어가 요구됩니다.",
            "id": "sample_082_0055_000013",
            "annotations": [
                {
                    "word": "010-1234-5678",
                    "start": 8,
                    "end": 21,
                    "label": "개인정보"
                }
            ]
        },
        {
            "sentence": "분석 중 수집된 내부 네트워크 참조로 VPN 및 서버 식별자 '10.0.0.5'가 로그에 포함되어 있어 기밀정보(기술/보안)로 취급됩니다.",
            "id": "sample_082_0055_000014",
            "annotations": [
                {
                    "word": "10.0.0.5",
                    "start": 35,
                    "end": 43,
                    "label": "기밀정보"
                }
            ]
        },
        {
            "sentence": "전처리 단계(preprocessing_steps)는 프레임 추출(1fps 샘플링), 컬러 정규화, 해상도 1080p 재조정, 노이즈 저감 필터 적용 순으로 기록되었습니다.",
            "id": "sample_082_0055_000015",
            "annotations": []
        },
        {
            "sentence": "검출 모델(detection_model_id)은 DeepForensic v2이며, detection_model_version은 2.3.1로 분석 로그에 명시되어 있습니다.",
            "id": "sample_082_0055_000016",
            "annotations": []
        },
        {
            "sentence": "훈련 데이터 스냅샷(training_dataset_snapshot)은 DF-Train-2024-04-30으로 버전 관리되어 있으며, 공개·합성 샘플 비율 및 레이블링 기준이 첨부됩니다.",
            "id": "sample_082_0055_000017",
            "annotations": []
        },
        {
            "sentence": "하드웨어 환경(hardware_profile)은 NVIDIA A100 40GB x2, CPU: AMD EPYC 7742, RAM: 512GB로 기록되었고, 랜덤 시드(reproducibility_seed)는 42로 고정하여 재현성을 확보했습니다.",
            "id": "sample_082_0055_000018",
            "annotations": []
        },
        {
            "sentence": "모델 인퍼런스 결과: 합성 가능성 0.87(확률), 신뢰구간 95% 내에서 [0.82,0.91]로 보고되며, '확정' 표현은 사용하지 않았습니다.",
            "id": "sample_082_0055_000019",
            "annotations": []
        },
        {
            "sentence": "조작 유형(manipulation_type)은 얼굴 합성 및 음성 합성 조합으로 판단되며, 조작 가능성 점수는 이미지 계열 0.89, 음성 계열 0.74로 분리 산출되었습니다.",
            "id": "sample_082_0055_000020",
            "annotations": []
        },
        {
            "sentence": "조작 영역(manipulated_regions)은 얼굴 영역 좌표(x:412,y:256,w:205,h:260)와 입술 주변 주파수 불연속 구간(0.8~1.2kHz)으로 주석화되어 있습니다.",
            "id": "sample_082_0055_000021",
            "annotations": []
        },
        {
            "sentence": "설명가능성 아티팩트로는 Grad-CAM 기반 saliency map, DCT 블록 아티팩트 히트맵, 음성 스펙트로그램의 비정상 주파수 스파이크가 포함되어 근거로 제시됩니다.",
            "id": "sample_082_0055_000022",
            "annotations": []
        },
        {
            "sentence": "설명가능성 결과는 시각 자료(PDF/PNG)와 원본-가공 비교용 오버레이 비디오로 동봉하며, 각 산출물은 타임스탬프와 SHA256 해시로 무결성을 보장합니다.",
            "id": "sample_082_0055_000023",
            "annotations": []
        },
        {
            "sentence": "적대적 조작 가능성에 대한 평가에서는 스푸핑 방지 회피, 블렌딩 마스크 사용, 주파수 도메인 은폐 기법이 발견될 수 있음을 0.65의 가능성으로 기술합니다.",
            "id": "sample_082_0055_000024",
            "annotations": []
        },
        {
            "sentence": "오탐·미탐 원인으로는 압축 아티팩트, 저조도 노이즈, 레이블 불일치, 훈련 데이터 분포 편향을 95% 신뢰수준에서 고려하였습니다.",
            "id": "sample_082_0055_000025",
            "annotations": []
        },
        {
            "sentence": "재현성 확보를 위해 사용된 명령어 및 파이프라인은 다음과 같습니다: python analyze.py --model DeepForensic:2.3.1 --seed 42 --sample-rate 1 --frame-size 1080p.",
            "id": "sample_082_0055_000026",
            "annotations": []
        },
        {
            "sentence": "로그, 모델 버전, 데이터 스냅샷, 하드웨어 프로파일은 보고서 부속의 메타데이터 파일로 제공되며, 재검증 시 동일 환경을 권고합니다.",
            "id": "sample_082_0055_000027",
            "annotations": []
        },
        {
            "sentence": "법적 고지: 본 증거물의 법정 제출 가능성은 관할권별 증거 규칙에 따르며, 국내법과 EU(GDPR) 기준의 개인정보 보호 요구사항 차이를 명시했습니다.",
            "id": "sample_082_0055_000028",
            "annotations": []
        },
        {
            "sentence": "민감정보 접근 정책: 개인정보·기밀정보는 최소 권한 원칙으로 암호화 저장, 접근 시 감사로그 기록 및 역할 기반 접근통제를 적용할 것을 권고합니다.",
            "id": "sample_082_0055_000029",
            "annotations": []
        },
        {
            "sentence": "결론 및 권고: 본 분석은 합성 가능성이 높음(대응 점수 0.87)으로 평가되며, 추가 포렌식 검증 및 법률 자문을 통해 증거능력 보강을 권고합니다.",
            "id": "sample_082_0055_000030",
            "annotations": []
        }
    ]
}