{
    "document_id": "082_0079",
    "document_title": "합성 미디어 및 딥페이크 포렌식 분석 보고서 - 사례 082_0079",
    "data": [
        {
            "sentence": "본 보고서는 합성 미디어·딥페이크 포렌식 분석 절차와 결과를 기술하며 재현성 및 법적 검토 메타데이터를 포함합니다.",
            "id": "sample_082_0079_000001",
            "annotations": []
        },
        {
            "sentence": "분석 대상 샘플 식별자(sample_id)는 082_0079이며 업로드 행위자(upload_actor)는 권명화로 기록됩니다.",
            "id": "sample_082_0079_000002",
            "annotations": [
                {
                    "word": "권명화",
                    "start": 59,
                    "end": 62,
                    "label": "개인정보"
                }
            ]
        },
        {
            "sentence": "체인오브커스토디(chain_of_custody_id)는 COC-2025-00079로 기록되었으나 디지털 서명(digital_signature)은 첨부되지 않아 무결성 보강이 필요합니다.",
            "id": "sample_082_0079_000003",
            "annotations": []
        },
        {
            "sentence": "원본 소스 URL(source_url)은 https://internal.corp.local/evidence/082_0079.mov 로 로그에 남아 있으며 이는 내부 비공개 URL로 분류됩니다.",
            "id": "sample_082_0079_000004",
            "annotations": [
                {
                    "word": "https://internal.corp.local/evidence/082_0079.mov",
                    "start": 23,
                    "end": 72,
                    "label": "기밀정보"
                }
            ]
        },
        {
            "sentence": "증거 검증 담당자는 장현산으로 표기되며 담당자의 검토 주석은 별도 보관됩니다.",
            "id": "sample_082_0079_000005",
            "annotations": [
                {
                    "word": "장현산",
                    "start": 11,
                    "end": 14,
                    "label": "개인정보"
                }
            ]
        },
        {
            "sentence": "미디어 유형(media_type)은 video이며 원본 파일 해시(original_file_hash, SHA256)는 d2f9b6e8c3a1f4b5d6a7e8f90123456789abcdef0123456789abcdef01234567 입니다.",
            "id": "sample_082_0079_000006",
            "annotations": []
        },
        {
            "sentence": "참고인(가명)으로 기록된 인물 중 김해연은 분석 참고용 메모에만 등장하며 원문 자료의 식별자와 분리되어 처리됩니다.",
            "id": "sample_082_0079_000007",
            "annotations": [
                {
                    "word": "김해연",
                    "start": 19,
                    "end": 22,
                    "label": "개인정보"
                }
            ]
        },
        {
            "sentence": "업로드 시 입력된 연락처는 010-1234-5678로 로그에 남아 있으나 본 보고서 공개판에서는 필요 최소한의 정보만 명시합니다.",
            "id": "sample_082_0079_000008",
            "annotations": [
                {
                    "word": "010-1234-5678",
                    "start": 15,
                    "end": 28,
                    "label": "개인정보"
                }
            ]
        },
        {
            "sentence": "업로드자 이메일 주소는 user@example.com으로 레코드화되어 있으며 접근 통제 하에서 보존됩니다.",
            "id": "sample_082_0079_000009",
            "annotations": [
                {
                    "word": "user@example.com",
                    "start": 13,
                    "end": 29,
                    "label": "개인정보"
                }
            ]
        },
        {
            "sentence": "준식별자 항목으로 성별은 남성으로 표기되며 생년월일은 1985년 07월 14일로 원본 메타데이터에 기재되어 있습니다.",
            "id": "sample_082_0079_000010",
            "annotations": [
                {
                    "word": "남성",
                    "start": 14,
                    "end": 16,
                    "label": "준식별자"
                },
                {
                    "word": "1985년 07월 14일",
                    "start": 30,
                    "end": 43,
                    "label": "준식별자"
                }
            ]
        },
        {
            "sentence": "주소 관련 메타데이터에는 서울시 강남구 레벨 정보가 포함되어 있어 준식별자로 분류하고 저장·제공 시 마스킹 정책을 적용합니다.",
            "id": "sample_082_0079_000011",
            "annotations": [
                {
                    "word": "서울시 강남구",
                    "start": 14,
                    "end": 21,
                    "label": "준식별자"
                }
            ]
        },
        {
            "sentence": "직업/직위 정보는 포렌식 로그에 '연구원'으로 기재되어 있어 준식별자 범주에 해당합니다.",
            "id": "sample_082_0079_000012",
            "annotations": [
                {
                    "word": "연구원",
                    "start": 19,
                    "end": 22,
                    "label": "준식별자"
                }
            ]
        },
        {
            "sentence": "신체정보 예시로 키는 178cm, 체중은 72kg으로 원자료 메타데이터에 일부 포함되어 있습니다.",
            "id": "sample_082_0079_000013",
            "annotations": [
                {
                    "word": "178cm",
                    "start": 12,
                    "end": 17,
                    "label": "준식별자"
                },
                {
                    "word": "72kg",
                    "start": 23,
                    "end": 27,
                    "label": "준식별자"
                }
            ]
        },
        {
            "sentence": "분석 서버의 내부 IP는 10.0.3.45로 캡처 로그에 남아 있으며 이는 기밀정보(시스템 접속 관련)로 분류됩니다.",
            "id": "sample_082_0079_000014",
            "annotations": [
                {
                    "word": "10.0.3.45",
                    "start": 14,
                    "end": 23,
                    "label": "기밀정보"
                }
            ]
        },
        {
            "sentence": "저장 경로(/srv/media/archive/082_0079_original.mov) 및 내부 검토 문서(confidential_review_notes.docx)는 기밀파일 경로로 간주됩니다.",
            "id": "sample_082_0079_000015",
            "annotations": [
                {
                    "word": "/srv/media/archive/082_0079_original.mov",
                    "start": 6,
                    "end": 46,
                    "label": "기밀정보"
                },
                {
                    "word": "confidential_review_notes.docx",
                    "start": 59,
                    "end": 89,
                    "label": "기밀정보"
                }
            ]
        },
        {
            "sentence": "증빙 계좌번호(증거 관련 송금 내역 참조)는 123-456-789012로 로그에 남아 있어 기밀정보로 처리됩니다.",
            "id": "sample_082_0079_000016",
            "annotations": [
                {
                    "word": "123-456-789012",
                    "start": 25,
                    "end": 39,
                    "label": "기밀정보"
                }
            ]
        },
        {
            "sentence": "검출 모델(detection_model_id)은 DeepForensicNet, detection_model_version은 v2.3.1로 기록되어 있습니다.",
            "id": "sample_082_0079_000017",
            "annotations": []
        },
        {
            "sentence": "학습 데이터 스냅샷(training_dataset_snapshot)은 DFN_train_2024-06-01으로 명시하여 재현성 및 버전 관리를 수행했습니다.",
            "id": "sample_082_0079_000018",
            "annotations": []
        },
        {
            "sentence": "하드웨어 프로파일(hardware_profile)은 NVIDIA A100 80GB x2, Ubuntu 20.04 환경이며 랜덤 시드(reproducibility_seed)는 seed=42로 고정했습니다.",
            "id": "sample_082_0079_000019",
            "annotations": []
        },
        {
            "sentence": "모델 출력(detection_score)은 0.87이며 불확실성 표기는 95% 신뢰구간으로 0.82-0.92 수준임을 보고합니다; '확정' 표현은 사용하지 않습니다.",
            "id": "sample_082_0079_000020",
            "annotations": []
        },
        {
            "sentence": "검출된 변조영역(manipulated_regions)은 frame_00012 bbox(320,120,560,420) 및 frame_00013 bbox(318,118,558,418)로 어노테이션되었습니다.",
            "id": "sample_082_0079_000021",
            "annotations": []
        },
        {
            "sentence": "추정된 변조유형(manipulation_type)은 face_swap 가능성이 우세하며 정량적 근거로 블록 아티팩트 및 프레임 연속성 불일치가 관찰되었습니다.",
            "id": "sample_082_0079_000022",
            "annotations": []
        },
        {
            "sentence": "설명가능성 아티팩트는 saliency map 경로 ./artifacts/082_0079_saliency.png 및 주파수 스펙트럼 ./artifacts/082_0079_spectrum.csv로 보관했습니다.",
            "id": "sample_082_0079_000023",
            "annotations": []
        },
        {
            "sentence": "재현성 확보를 위해 사용한 분석 명령어 예시는: python analyze.py --model DeepForensicNet:v2.3.1 --input evidence/082_0079.mov --seed 42 --out ./results/082_0079입니다.",
            "id": "sample_082_0079_000024",
            "annotations": []
        },
        {
            "sentence": "적대적 공격 가능성에 대해 모델 민감도 분석을 수행했으며, 소규모 픽셀 교란(adversarial perturbation)에 의해 탐지성 저하가 발생할 수 있음을 명시합니다.",
            "id": "sample_082_0079_000025",
            "annotations": []
        },
        {
            "sentence": "관할권(jurisdiction)은 대한민국으로 표기하며 관할권별 증거제출·보관 정책 차이를 보고서 부록에 정리했습니다.",
            "id": "sample_082_0079_000026",
            "annotations": []
        },
        {
            "sentence": "체인오브커스토디 문서 무결성을 위해 타임스탬프와 SHA256 해시를 로그로 보존했으나 외부 검증을 위한 전자서명 추가를 권고합니다.",
            "id": "sample_082_0079_000027",
            "annotations": []
        },
        {
            "sentence": "본 보고서의 결론 섹션은 확률적 판단(예: 변조 가능성 87% ±5%)과 함께 증거 적합성 및 법정 제출 시 고려사항을 요약합니다.",
            "id": "sample_082_0079_000028",
            "annotations": []
        }
    ]
}