{
    "document_id": "082_0047",
    "document_title": "합성 미디어 및 딥페이크 포렌식 상세분석 보고서 (사례 082_0047)",
    "data": [
        {
            "sentence": "본 문서는 합성 미디어 및 딥페이크 포렌식 목적의 상세 분석 보고서로서 증거 적합성 및 재현성 정보 포함을 목표로 작성되었습니다.",
            "id": "sample_082_0047_000001",
            "annotations": []
        },
        {
            "sentence": "보고서는 분석 절차, 원본·가공 파일 메타데이터, 검출 모델 결과, 설명가능성 아티팩트 및 법적·윤리적 권고를 포함합니다.",
            "id": "sample_082_0047_000002",
            "annotations": []
        },
        {
            "sentence": "sample_id: 082_0047로 내부 관리되며 본 문서의 참조표시는 동일 식별자를 기준으로 일관성 있게 기재합니다.",
            "id": "sample_082_0047_000003",
            "annotations": []
        },
        {
            "sentence": "media_type: video로 분류되었으며 대상 파일은 H.264 컨테이너 규격으로 수집되었습니다.",
            "id": "sample_082_0047_000004",
            "annotations": []
        },
        {
            "sentence": "original_file_hash(SHA256): b3f5a1e2c8d4f9a9e2a7b1c3d4e5f6789a0b1c2d3e4f5a6b7c8d9e0f1a2b3c4",
            "id": "sample_082_0047_000005",
            "annotations": []
        },
        {
            "sentence": "업로드 담당자: 주기명으로 기록되어 있으며 업로더 식별은 조사 목적으로만 사용됩니다.",
            "id": "sample_082_0047_000006",
            "annotations": [
                {
                    "word": "주기명",
                    "start": 9,
                    "end": 12,
                    "label": "개인정보"
                }
            ]
        },
        {
            "sentence": "녹화 대상자 표기는 홍정연으로 참조되나 개인정보 보호 정책에 따라 본 보고서 외부 공개 시 추가 익명화가 권장됩니다.",
            "id": "sample_082_0047_000007",
            "annotations": [
                {
                    "word": "홍정연",
                    "start": 11,
                    "end": 14,
                    "label": "개인정보"
                }
            ]
        },
        {
            "sentence": "연락처(제공자): 010-1234-5678가 분석 접수 기록에 포함되어 있습니다.",
            "id": "sample_082_0047_000008",
            "annotations": [
                {
                    "word": "010-1234-5678",
                    "start": 10,
                    "end": 23,
                    "label": "개인정보"
                }
            ]
        },
        {
            "sentence": "생년월일(년): 1985가 대상자 메타데이터에 기록되어 있어 준식별자 관점에서 보관·제공 주의가 필요합니다.",
            "id": "sample_082_0047_000009",
            "annotations": [
                {
                    "word": "1985",
                    "start": 9,
                    "end": 13,
                    "label": "준식별자"
                }
            ]
        },
        {
            "sentence": "생년월일(월): 03이 별도 항목으로 분리되어 데이터 결합 시 재식별 위험을 증가시킬 수 있습니다.",
            "id": "sample_082_0047_000010",
            "annotations": [
                {
                    "word": "03",
                    "start": 9,
                    "end": 11,
                    "label": "준식별자"
                }
            ]
        },
        {
            "sentence": "생년월일(일): 12이 원자료에 포함되어 있어 준식별자 조합 규정에 따라 처리되어야 합니다.",
            "id": "sample_082_0047_000011",
            "annotations": [
                {
                    "word": "12",
                    "start": 9,
                    "end": 11,
                    "label": "준식별자"
                }
            ]
        },
        {
            "sentence": "성별: 여성으로 기재되어 있으며 이는 준식별자 범주에 해당합니다.",
            "id": "sample_082_0047_000012",
            "annotations": [
                {
                    "word": "여성",
                    "start": 4,
                    "end": 6,
                    "label": "준식별자"
                }
            ]
        },
        {
            "sentence": "주소(시): 서울특별시가 제출 메타데이터에 포함되어 있습니다.",
            "id": "sample_082_0047_000013",
            "annotations": [
                {
                    "word": "서울특별시",
                    "start": 7,
                    "end": 12,
                    "label": "준식별자"
                }
            ]
        },
        {
            "sentence": "주소(군/구): 종로구로 기록되어 있어 위치 기반 재식별 위험을 평가해야 합니다.",
            "id": "sample_082_0047_000014",
            "annotations": [
                {
                    "word": "종로구",
                    "start": 9,
                    "end": 12,
                    "label": "준식별자"
                }
            ]
        },
        {
            "sentence": "주소(동): 청운동이 원데이터에 명시되어 있어 익명화 우선순위가 높습니다.",
            "id": "sample_082_0047_000015",
            "annotations": [
                {
                    "word": "청운동",
                    "start": 7,
                    "end": 10,
                    "label": "준식별자"
                }
            ]
        },
        {
            "sentence": "직업: 기자로 기재되어 있으며 직장명 결합 시 준식별자 재식별 가능성이 있습니다.",
            "id": "sample_082_0047_000016",
            "annotations": [
                {
                    "word": "기자",
                    "start": 4,
                    "end": 6,
                    "label": "준식별자"
                }
            ]
        },
        {
            "sentence": "chain_of_custody_id: COC-2026-082-0047로 표기되었고 접수 및 이동 로그는 별도 보관 중입니다.",
            "id": "sample_082_0047_000017",
            "annotations": []
        },
        {
            "sentence": "capture_timestamp: 2025-11-15T14:32:10+09:00로 파일 메타에 기록되어 있으며 타임스탬프 무결성 확인 대상입니다.",
            "id": "sample_082_0047_000018",
            "annotations": []
        },
        {
            "sentence": "source_url(public): https://media.example.com/uploads/082_0047/video.mp4로 최초 제출 기록이 남아 있습니다.",
            "id": "sample_082_0047_000019",
            "annotations": []
        },
        {
            "sentence": "internal_source_url: https://intranet.corp.local/forensics/CASE47은 내부 기밀 경로로서 외부 유출 시 조직 기밀정보에 해당합니다.",
            "id": "sample_082_0047_000020",
            "annotations": [
                {
                    "word": "https://intranet.corp.local/forensics/CASE47",
                    "start": 21,
                    "end": 65,
                    "label": "기밀정보"
                }
            ]
        },
        {
            "sentence": "원본 저장 위치(서버 경로): /srv/forensics/case_082_0047/raw/video.mp4는 내부 파일 시스템 경로로 기밀정보로 분류됩니다.",
            "id": "sample_082_0047_000021",
            "annotations": [
                {
                    "word": "/srv/forensics/case_082_0047/raw/video.mp4",
                    "start": 17,
                    "end": 59,
                    "label": "기밀정보"
                }
            ]
        },
        {
            "sentence": "저장 서버 IP: 10.0.0.12로 로그에 기록되어 있으며 이는 인프라 보안 정보로 기밀취급 대상입니다.",
            "id": "sample_082_0047_000022",
            "annotations": [
                {
                    "word": "10.0.0.12",
                    "start": 10,
                    "end": 19,
                    "label": "기밀정보"
                }
            ]
        },
        {
            "sentence": "접근 계정: forensics_admin으로 접근 로그에 남아 있으며 계정 정보는 기밀정보로 분류됩니다.",
            "id": "sample_082_0047_000023",
            "annotations": [
                {
                    "word": "forensics_admin",
                    "start": 7,
                    "end": 22,
                    "label": "기밀정보"
                }
            ]
        },
        {
            "sentence": "검출 모델: deepfake-detector-v3, detection_model_version: v3.2.1, training_dataset_snapshot: ffhq-2024-08-20-augmented이 기록되었습니다.",
            "id": "sample_082_0047_000024",
            "annotations": []
        },
        {
            "sentence": "검출 결과: detection_score=0.87(임계값0.5 기준)로 합성 가능성은 높음으로 해석되며 불확실성 표기는 ±0.06의 신뢰구간 모형추정치를 제공합니다; '확정' 표현은 사용하지 않습니다.",
            "id": "sample_082_0047_000025",
            "annotations": []
        },
        {
            "sentence": "조작 유형: face swap 기반의 합성 의심, manipulated_regions(프레임 좌표): [{\"frame\":120,\"bbox\":[320,180,560,420]}] 및 프레임 불연속성 지표가 검출되었습니다.",
            "id": "sample_082_0047_000026",
            "annotations": []
        },
        {
            "sentence": "evidentiary_report_id: EVID-082-0047가 발행되었으나 디지털 서명 및 타임스탬프 인증서가 일부 누락되었으므로 법정 제출 전 보완을 권고합니다.",
            "id": "sample_082_0047_000027",
            "annotations": []
        },
        {
            "sentence": "재현성 정보: reproducibility_seed=20260123, 하드웨어 프로파일: NVIDIA A100(80GB), CPU: AMD EPYC 7742, 메모리: 512GB, 랜덤시드 고정으로 실험 재현 준비됨을 명시합니다.",
            "id": "sample_082_0047_000028",
            "annotations": []
        },
        {
            "sentence": "분석 명령어 및 전처리 파이프라인(기계독해형): python analyze.py --model deepfake-detector-v3 --input raw/video.mp4 --resize 720x1280 --seed 20260123 --output artifacts/082_0047/로 기록되어 있습니다.",
            "id": "sample_082_0047_000029",
            "annotations": []
        },
        {
            "sentence": "관할권 및 법적 주의사항: 대한민국 관할법령 적용, GDPR 등 해외 규정 고려 필요, 증거능력 보존을 위해 무결성·접근통제·감사로그 보강을 권고합니다.",
            "id": "sample_082_0047_000030",
            "annotations": []
        }
    ]
}