{
    "document_id": "082_0014",
    "document_title": "합성 미디어 및 딥페이크 포렌식 분석 보고서",
    "data": [
        {
            "sentence": "문서 개요: 본 보고서는 합성 미디어 및 딥페이크 포렌식 분석 결과를 기술하며, 법적 제출 가능성 및 기술적 한계를 함께 제시합니다.",
            "id": "sample_082_0014_000001",
            "annotations": []
        },
        {
            "sentence": "샘플 식별자(sample_id): sample_082_0014.",
            "id": "sample_082_0014_000002",
            "annotations": []
        },
        {
            "sentence": "media_type: video.",
            "id": "sample_082_0014_000003",
            "annotations": []
        },
        {
            "sentence": "original_file_hash(sha256): 3a7b6c9d8e1f2a3b4c5d6e7f8a9b0c1d2e3f4a5b6c7d8e9f0a1b2c3d4e5f6a7.",
            "id": "sample_082_0014_000004",
            "annotations": []
        },
        {
            "sentence": "source_url: https://evidence.example.com/case123/video.mp4.",
            "id": "sample_082_0014_000005",
            "annotations": []
        },
        {
            "sentence": "capture_timestamp(UTC): 2024-07-10T14:23:45Z.",
            "id": "sample_082_0014_000006",
            "annotations": []
        },
        {
            "sentence": "upload_actor: 서시엘.",
            "id": "sample_082_0014_000007",
            "annotations": [
                {
                    "word": "서시엘",
                    "start": 14,
                    "end": 17,
                    "label": "개인정보"
                }
            ]
        },
        {
            "sentence": "체인오브커스토디 ID: COC-2024-00078.",
            "id": "sample_082_0014_000008",
            "annotations": []
        },
        {
            "sentence": "디지털 서명: 없음(권고: 전자서명 및 타임스탬프 추가 필요).",
            "id": "sample_082_0014_000009",
            "annotations": []
        },
        {
            "sentence": "사전처리(preprocessing_steps): 재샘플링 30fps, 해상도 1080p로 리사이즈, 컬러 정규화, 프레임별 노이즈 필터 적용.",
            "id": "sample_082_0014_000010",
            "annotations": []
        },
        {
            "sentence": "detection_model_id: forensic-detect-v2, detection_model_version: v2.1.4.",
            "id": "sample_082_0014_000011",
            "annotations": []
        },
        {
            "sentence": "training_dataset_snapshot: ffhq-2024-03, deepfake-bench-2023-12.",
            "id": "sample_082_0014_000012",
            "annotations": []
        },
        {
            "sentence": "detection_score: 0.93(신뢰구간 95%: 0.88-0.96), 분류임계값 0.75.",
            "id": "sample_082_0014_000013",
            "annotations": []
        },
        {
            "sentence": "manipulation_type: face_swap 및 합성 후 색보정 후처리 가능성이 관찰됨.",
            "id": "sample_082_0014_000014",
            "annotations": []
        },
        {
            "sentence": "manipulated_regions: [{\"frame\":102,\"x\":342,\"y\":210,\"w\":128,\"h\":128},{\"frame\":203,\"x\":350,\"y\":215,\"w\":130,\"h\":130}].",
            "id": "sample_082_0014_000015",
            "annotations": []
        },
        {
            "sentence": "manipulation_timeline: 프레임 90-110에서 첫 불연속성, 프레임 200-220에서 재합성 흔적 확인.",
            "id": "sample_082_0014_000016",
            "annotations": []
        },
        {
            "sentence": "evidentiary_report_id: ER-2024-082-0014.",
            "id": "sample_082_0014_000017",
            "annotations": []
        },
        {
            "sentence": "expert_label(분석자: 실험실 책임자): 합성 가능성 높음(확률 0.93), 단 '확정' 표현은 자제함.",
            "id": "sample_082_0014_000018",
            "annotations": []
        },
        {
            "sentence": "ground_truth_reference: 원본 미입수(원본 파일: camera_A_2024-07-10_0001 미확인).",
            "id": "sample_082_0014_000019",
            "annotations": []
        },
        {
            "sentence": "재현성 정보: reproducibility_seed: 423198, 랜덤시드와 파이프라인 버전을 기록함.",
            "id": "sample_082_0014_000020",
            "annotations": []
        },
        {
            "sentence": "hardware_profile: GPU: NVIDIA A100 40GB, CPU: AMD EPYC 32코어, RAM: 512GB, OS: Ubuntu 22.04.",
            "id": "sample_082_0014_000021",
            "annotations": []
        },
        {
            "sentence": "관할권(jurisdiction): 대한민국(서울지방법원 관할), 관할권별 증거보관 정책 차이 고려 필요.",
            "id": "sample_082_0014_000022",
            "annotations": []
        },
        {
            "sentence": "민감정보 최소화: 영상 내 식별 가능한 인물 레이블은 익명화 권고, 현재 식별명(분석 가이드용): 진윤혁.",
            "id": "sample_082_0014_000023",
            "annotations": [
                {
                    "word": "진윤혁",
                    "start": 55,
                    "end": 58,
                    "label": "개인정보"
                }
            ]
        },
        {
            "sentence": "사번(분석 메타): S-2024-014.",
            "id": "sample_082_0014_000024",
            "annotations": [
                {
                    "word": "S-2024-014",
                    "start": 11,
                    "end": 21,
                    "label": "개인정보"
                }
            ]
        },
        {
            "sentence": "생년월일(연): 1985.",
            "id": "sample_082_0014_000025",
            "annotations": [
                {
                    "word": "1985",
                    "start": 9,
                    "end": 13,
                    "label": "준식별자"
                }
            ]
        },
        {
            "sentence": "주소(시/군/구): 서울특별시 강남구.",
            "id": "sample_082_0014_000026",
            "annotations": [
                {
                    "word": "서울특별시 강남구",
                    "start": 11,
                    "end": 20,
                    "label": "준식별자"
                }
            ]
        },
        {
            "sentence": "기밀정보 노출 항목: 내부 서버 IP 10.0.0.5 및 내부 파일 경로 /srv/internal/storage/forensics/report.pdf가 로그에 기록됨.",
            "id": "sample_082_0014_000027",
            "annotations": [
                {
                    "word": "10.0.0.5",
                    "start": 21,
                    "end": 29,
                    "label": "기밀정보"
                },
                {
                    "word": "/srv/internal/storage/forensics/report.pdf",
                    "start": 41,
                    "end": 83,
                    "label": "기밀정보"
                }
            ]
        },
        {
            "sentence": "설명가능성 아티팩트: saliency_map 경로: /outputs/082_0014/saliency.png, 주파수 스펙트럼 이상은 60-80Hz 대역에서 검출됨.",
            "id": "sample_082_0014_000028",
            "annotations": []
        },
        {
            "sentence": "재현 커맨드 예시: python analyze.py --model forensic-detect-v2 --version v2.1.4 --seed 423198 --input video.mp4 --outdir ./outputs/082_0014.",
            "id": "sample_082_0014_000029",
            "annotations": []
        },
        {
            "sentence": "적대적 조작 가능성 및 한계: GAN 기반 은폐나 인코더 기반 프레임 교체에 의해 오탐/미탐이 발생할 수 있으며 주기적 리트레이닝 권고.",
            "id": "sample_082_0014_000030",
            "annotations": []
        }
    ]
}