{
    "document_id": "082_0076",
    "document_title": "합성 미디어 및 딥페이크 포렌식 감정보고서",
    "data": [
        {
            "sentence": "본 문서는 합성 미디어 및 딥페이크 포렌식 분석 결과를 기록한 감정보고서 초안입니다.",
            "id": "sample_082_0076_000001",
            "annotations": []
        },
        {
            "sentence": "분석 대상은 제출된 영상 증거이며 메타데이터·픽셀·주파수 기반 기법을 통합하여 평가했습니다.",
            "id": "sample_082_0076_000002",
            "annotations": []
        },
        {
            "sentence": "본 보고서는 수사·법정 제출을 염두에 두고 작성되었으며 증거능력 보존을 위해 절차와 로그를 기록했습니다.",
            "id": "sample_082_0076_000003",
            "annotations": []
        },
        {
            "sentence": "원본 파일 해시(SHA-256)는 e3b0c44298fc1c149afbf4c8996fb92427ae41e4649b934ca495991b7852b855로 저장되었습니다.",
            "id": "sample_082_0076_000004",
            "annotations": []
        },
        {
            "sentence": "업로드자(업로드 actor)는 채윤송으로 기록되어 있으나 공개범위는 제한적입니다.",
            "id": "sample_082_0076_000005",
            "annotations": [
                {
                    "word": "채윤송",
                    "start": 17,
                    "end": 20,
                    "label": "개인정보"
                }
            ]
        },
        {
            "sentence": "분석 책임자는 문찬이이며 검증 담당자는 홍선혜로 등록되어 있습니다.",
            "id": "sample_082_0076_000006",
            "annotations": [
                {
                    "word": "문찬이",
                    "start": 8,
                    "end": 11,
                    "label": "개인정보"
                },
                {
                    "word": "홍선혜",
                    "start": 22,
                    "end": 25,
                    "label": "개인정보"
                }
            ]
        },
        {
            "sentence": "업무 기록상 사번은 20213456으로 기재되어 있습니다.",
            "id": "sample_082_0076_000007",
            "annotations": [
                {
                    "word": "20213456",
                    "start": 11,
                    "end": 19,
                    "label": "개인정보"
                }
            ]
        },
        {
            "sentence": "캡처 타임스탬프는 2026-01-15T13:45:00Z로 파일 메타데이터에 포함되어 있습니다.",
            "id": "sample_082_0076_000008",
            "annotations": []
        },
        {
            "sentence": "파일 출처 URL은 내부 관리 대상이며 체인오브커스토디 ID는 COC-2026-00076으로 지정되어 있습니다.",
            "id": "sample_082_0076_000009",
            "annotations": []
        },
        {
            "sentence": "체인오브커스토디, 타임스탬프, SHA 해시는 모두 저장되어 있어 무결성 검증이 가능합니다.",
            "id": "sample_082_0076_000010",
            "annotations": []
        },
        {
            "sentence": "분석에 사용된 탐지 모델은 deepfake-detector-v3이며 버전은 v3.2.1입니다.",
            "id": "sample_082_0076_000011",
            "annotations": []
        },
        {
            "sentence": "학습 데이터 스냅샷은 df_train_snapshot_2025-11-12로 기록되었고, 재현 가능한 랜덤 시드는 42로 고정했습니다.",
            "id": "sample_082_0076_000012",
            "annotations": []
        },
        {
            "sentence": "하드웨어 프로파일은 NVIDIA A100 80GB 4대 구성으로 표기되어 있습니다.",
            "id": "sample_082_0076_000013",
            "annotations": []
        },
        {
            "sentence": "탐지 결과의 기본 점수는 0.87이며 95% 신뢰구간으로 ±0.05 범위를 보고합니다.",
            "id": "sample_082_0076_000014",
            "annotations": []
        },
        {
            "sentence": "본 보고서는 '확정'이라는 표현을 사용하지 않으며 확률·불확실성 표기를 준수합니다.",
            "id": "sample_082_0076_000015",
            "annotations": []
        },
        {
            "sentence": "감지 임계값은 0.65로 설정되었고 이 값 이상일 때 조작 가능성이 높다고 평가합니다.",
            "id": "sample_082_0076_000016",
            "annotations": []
        },
        {
            "sentence": "감정 과정에서 식별된 조작 유형으로는 얼굴 교체(face swap)와 음성 합성이 병합된 멀티모달 조작이 포함됩니다.",
            "id": "sample_082_0076_000017",
            "annotations": []
        },
        {
            "sentence": "편집 흔적으로는 픽셀 불연속성, 블록 아티팩트, 프레임 경계 불일치가 관찰되었습니다.",
            "id": "sample_082_0076_000018",
            "annotations": []
        },
        {
            "sentence": "조작 영역 좌표는 프레임 00023에서 좌표(320,240)-(580,510)으로 검출되었으며 후속 이미지 분광 분석에서 스펙트럼 이상이 확인되었습니다.",
            "id": "sample_082_0076_000019",
            "annotations": []
        },
        {
            "sentence": "설명가능성 아티팩트로 saliency map 파일과 주파수 스펙트럼 차이 파일을 생성하여 근거를 제공했습니다.",
            "id": "sample_082_0076_000020",
            "annotations": []
        },
        {
            "sentence": "생년월일은 1985-07-12로 제출자 기록에 포함되어 있어 준식별자에 해당합니다.",
            "id": "sample_082_0076_000021",
            "annotations": [
                {
                    "word": "1985-07-12",
                    "start": 6,
                    "end": 16,
                    "label": "준식별자"
                }
            ]
        },
        {
            "sentence": "성별은 남성으로 메타데이터에 기재되어 있습니다.",
            "id": "sample_082_0076_000022",
            "annotations": [
                {
                    "word": "남성",
                    "start": 4,
                    "end": 6,
                    "label": "준식별자"
                }
            ]
        },
        {
            "sentence": "주소는 서울특별시 강남구로 제출자 주소의 시·군·구 단위 정보가 포함되어 있습니다.",
            "id": "sample_082_0076_000023",
            "annotations": [
                {
                    "word": "서울특별시 강남구",
                    "start": 4,
                    "end": 13,
                    "label": "준식별자"
                }
            ]
        },
        {
            "sentence": "내부 파일 경로는 /srv/forensics/case0076/evidence.mp4로 기록되어 있어 기밀정보로 분류해야 합니다.",
            "id": "sample_082_0076_000024",
            "annotations": [
                {
                    "word": "/srv/forensics/case0076/evidence.mp4",
                    "start": 10,
                    "end": 46,
                    "label": "기밀정보"
                }
            ]
        },
        {
            "sentence": "서버 IP는 192.0.2.45로 메모되었으며 이 정보는 보안상 기밀로 취급됩니다.",
            "id": "sample_082_0076_000025",
            "annotations": [
                {
                    "word": "192.0.2.45",
                    "start": 7,
                    "end": 17,
                    "label": "기밀정보"
                }
            ]
        },
        {
            "sentence": "계좌번호는 ****-****-1234로 표시되어 있으며 재무 관련 기밀 정보가 포함될 수 있습니다.",
            "id": "sample_082_0076_000026",
            "annotations": [
                {
                    "word": "****-****-1234",
                    "start": 6,
                    "end": 20,
                    "label": "기밀정보"
                }
            ]
        },
        {
            "sentence": "이메일 주소는 채윤송@example.com으로 제출자 연락 정보가 기록되어 있습니다.",
            "id": "sample_082_0076_000027",
            "annotations": [
                {
                    "word": "채윤송@example.com",
                    "start": 8,
                    "end": 23,
                    "label": "개인정보"
                }
            ]
        },
        {
            "sentence": "법적 제출 가능성은 관할권별 규정에 따르며 본 보고서는 관할권별 증거 적합성 주석을 포함합니다.",
            "id": "sample_082_0076_000028",
            "annotations": []
        },
        {
            "sentence": "적대적 변조 가능성, 오탐·미탐의 원인, 재평가 주기 및 모델 리트레이닝 권고를 기술했습니다.",
            "id": "sample_082_0076_000029",
            "annotations": []
        },
        {
            "sentence": "재현성을 위해 사용한 명령어와 파라미터는 아래에 기계독해형으로 기록되어 있으며 로그 파일 경로도 포함됩니다.",
            "id": "sample_082_0076_000030",
            "annotations": []
        },
        {
            "sentence": "본 연구에 사용된 예시 명령어는 python analyze.py --model deepfake-detector-v3 --seed 42 --input evidence.mp4 입니다.",
            "id": "sample_082_0076_000031",
            "annotations": []
        },
        {
            "sentence": "본 보고서의 로그 및 민감정보 접근은 역할 기반 접근통제와 감사로그가 활성화된 상태에서만 열람 가능합니다.",
            "id": "sample_082_0076_000032",
            "annotations": []
        },
        {
            "sentence": "결론 및 권고사항은 추가 검증, 원본 증거의 물리적 보존, 법적 검토 의뢰를 권합니다.",
            "id": "sample_082_0076_000033",
            "annotations": []
        },
        {
            "sentence": "공개용 사본에서는 개인 식별정보는 익명화 또는 마스킹 처리됩니다.",
            "id": "sample_082_0076_000034",
            "annotations": []
        }
    ]
}