{
    "document_id": "082_0025",
    "document_title": "합성 미디어 및 딥페이크 포렌식 감정서 - 사례 082_0025",
    "data": [
        {
            "sentence": "본 문서는 합성 미디어 및 딥페이크 포렌식 분석을 위해 작성된 감정서로서 사례 식별자와 분석 메타데이터를 포함합니다.",
            "id": "sample_082_0025_000001",
            "annotations": []
        },
        {
            "sentence": "보고서 메타: sample_id=082_0025, media_type=video, original_file_hash=e3b0c44298fc1c149afbf4c8996fb92427ae41e4649b934ca495991b7852b855, source_url=https://upload.example.com/evidence/082_0025, capture_timestamp=2025-01-15T14:23:05Z.",
            "id": "sample_082_0025_000002",
            "annotations": []
        },
        {
            "sentence": "업로드 액터: 엄윤성, chain_of_custody_id=COC-2025-0001, evidentiary_report_id=ER-082-2025.",
            "id": "sample_082_0025_000003",
            "annotations": [
                {
                    "word": "엄윤성",
                    "start": 8,
                    "end": 11,
                    "label": "개인정보"
                }
            ]
        },
        {
            "sentence": "대상 피의자 레이블: 엄윤성; 주민등록번호: 900101-1234567; 연락처: 010-1234-5678; 이메일: yu@example.com; 상세 주소: 서울특별시 강남구 테헤란로 123-45.",
            "id": "sample_082_0025_000004",
            "annotations": [
                {
                    "word": "엄윤성",
                    "start": 12,
                    "end": 15,
                    "label": "개인정보"
                },
                {
                    "word": "900101-1234567",
                    "start": 25,
                    "end": 39,
                    "label": "개인정보"
                },
                {
                    "word": "010-1234-5678",
                    "start": 46,
                    "end": 59,
                    "label": "개인정보"
                },
                {
                    "word": "yu@example.com",
                    "start": 66,
                    "end": 80,
                    "label": "개인정보"
                },
                {
                    "word": "서울특별시 강남구 테헤란로 123-45",
                    "start": 89,
                    "end": 110,
                    "label": "개인정보"
                },
                {
                    "word": "서울특별시",
                    "start": 89,
                    "end": 94,
                    "label": "준식별자"
                },
                {
                    "word": "강남구",
                    "start": 95,
                    "end": 98,
                    "label": "준식별자"
                }
            ]
        },
        {
            "sentence": "추가 식별자: 사번:20231234; 생년월일:1990-01-01; 성별:남; 직장:삼성전자; 국적:대한민국.",
            "id": "sample_082_0025_000005",
            "annotations": [
                {
                    "word": "20231234",
                    "start": 11,
                    "end": 19,
                    "label": "개인정보"
                },
                {
                    "word": "1990",
                    "start": 26,
                    "end": 30,
                    "label": "준식별자"
                },
                {
                    "word": "01",
                    "start": 31,
                    "end": 33,
                    "label": "준식별자"
                },
                {
                    "word": "01",
                    "start": 34,
                    "end": 36,
                    "label": "준식별자"
                },
                {
                    "word": "남",
                    "start": 41,
                    "end": 42,
                    "label": "준식별자"
                },
                {
                    "word": "삼성전자",
                    "start": 47,
                    "end": 51,
                    "label": "준식별자"
                },
                {
                    "word": "대한민국",
                    "start": 56,
                    "end": 60,
                    "label": "준식별자"
                }
            ]
        },
        {
            "sentence": "기밀 인프라 정보: 내부서버 IP=10.10.10.5; 내부 파일 경로=/srv/data/evidence/082_0025; 비공개 URL=http://internal.example.local/report/082_0025; 은행계좌:123-456-789012.",
            "id": "sample_082_0025_000006",
            "annotations": [
                {
                    "word": "10.10.10.5",
                    "start": 19,
                    "end": 29,
                    "label": "기밀정보"
                },
                {
                    "word": "/srv/data/evidence/082_0025",
                    "start": 40,
                    "end": 67,
                    "label": "기밀정보"
                },
                {
                    "word": "http://internal.example.local/report/082_0025",
                    "start": 77,
                    "end": 122,
                    "label": "기밀정보"
                },
                {
                    "word": "123-456-789012",
                    "start": 129,
                    "end": 143,
                    "label": "기밀정보"
                }
            ]
        },
        {
            "sentence": "분석 목적은 영상의 합성 여부 판정 및 조작 기법 식별이며, 본 문서는 수사·법정 제출용을 우선 고려한 포렌식 결과물입니다.",
            "id": "sample_082_0025_000007",
            "annotations": []
        },
        {
            "sentence": "검출 모델: detection_model_id=FFX-Detect, detection_model_version=1.4.2, training_dataset_snapshot=ffx_train_2024-11-20.tar.gz.",
            "id": "sample_082_0025_000008",
            "annotations": []
        },
        {
            "sentence": "하드웨어 및 환경: Ubuntu20.04, GPU=NVIDIA A100 40GB x2, CPU=Intel Xeon Gold, RAM=512GB.",
            "id": "sample_082_0025_000009",
            "annotations": []
        },
        {
            "sentence": "재현성 파라미터: reproducibility_seed=20250115, random_seed=20250115, inference_batch=1, frame_sampling=1fps.",
            "id": "sample_082_0025_000010",
            "annotations": []
        },
        {
            "sentence": "전처리 파이프라인: ffmpeg (v4.3)로 해상도 1080p→720p 리사이즈, 노이즈 필터 비파괴 적용, 해시 계산은 SHA256.",
            "id": "sample_082_0025_000011",
            "annotations": []
        },
        {
            "sentence": "체인오브커스토디: 증거 수집 타임스탬프와 디지털 서명(CMS) 포함하여 COC-2025-0001에 저장되었습니다.",
            "id": "sample_082_0025_000012",
            "annotations": []
        },
        {
            "sentence": "검출 결과 요약: detection_score=0.87(신뢰구간 95% CI: 0.82–0.91), 모델 임계값은 0.75로 설정되어 있습니다.",
            "id": "sample_082_0025_000013",
            "annotations": []
        },
        {
            "sentence": "판정: 합성가능성이 높음(추정 확률 87%)이나 불확실성 요인이 존재하므로 '확정' 표현은 사용하지 않았습니다.",
            "id": "sample_082_0025_000014",
            "annotations": []
        },
        {
            "sentence": "조작 유형: face-swap(프레임 레벨 불연속성 및 얼굴 합성 흔적), 후처리로 색조 보정과 경계 블렌딩이 식별되었습니다.",
            "id": "sample_082_0025_000015",
            "annotations": []
        },
        {
            "sentence": "조작 영역 좌표 예: frame_000345 bbox=[x:420,y:130,w:160,h:200], frame_000346 bbox=[x:418,y:128,w:162,h:202].",
            "id": "sample_082_0025_000016",
            "annotations": []
        },
        {
            "sentence": "설명가능성 아티팩트: saliency_map=/srv/data/visualizations/082_0025_saliency.png, 주파수 스펙트럼 이상 영역은 4.2–6.8kHz 대역에서 관찰됨.",
            "id": "sample_082_0025_000017",
            "annotations": []
        },
        {
            "sentence": "스펙트럼 분석 결과는 음성 엔벨로프의 비정상적 패턴과 함께 합성기의 불연속적 하모닉 구조를 시사합니다.",
            "id": "sample_082_0025_000018",
            "annotations": []
        },
        {
            "sentence": "프레임 간 불연속성 탐지는 optical flow 기반 매칭 손실률이 0.18로 증가한 구간에서 강하게 나타났습니다.",
            "id": "sample_082_0025_000019",
            "annotations": []
        },
        {
            "sentence": "후처리 로그: color_grade 적용, edge_smooth alpha=0.35, temporal_blend radius=3, 로그 경로는 /srv/logs/082_0025_preproc.log입니다.",
            "id": "sample_082_0025_000020",
            "annotations": []
        },
        {
            "sentence": "적대적 조작 위험: 모델 회피(adversarial patch) 가능성과 은폐(denoising) 전략으로 인한 오탐/미탐 가능성이 있습니다.",
            "id": "sample_082_0025_000021",
            "annotations": []
        },
        {
            "sentence": "권고 재검증: 원본 보존 정책에 따라 원본 미디어와 메타데이터는 암호화된 아카이브에 보관하고 주기적 재평가를 권고합니다.",
            "id": "sample_082_0025_000022",
            "annotations": []
        },
        {
            "sentence": "법적 고지: 관할권(대한민국)은 개인정보보호법 및 증거법의 적용을 받으며, 관할권별 제출 절차가 상이합니다.",
            "id": "sample_082_0025_000023",
            "annotations": []
        },
        {
            "sentence": "본 분석에서 일부 민감정보가 포함되어 있어 접근은 권한 기반으로 제한되며, 감사로그가 활성화되어야 합니다.",
            "id": "sample_082_0025_000024",
            "annotations": []
        },
        {
            "sentence": "증거능력 관련 주의: 제출 전 무결성 재검증(타임스탬프, SHA256 해시 비교, 디지털 서명 확인)을 수행해야 합니다.",
            "id": "sample_082_0025_000025",
            "annotations": []
        },
        {
            "sentence": "재현성 명령어 예시: python run_detect.py --model ffx_detect:1.4.2 --seed 20250115 --input video_082_0025.mp4 --output results/082_0025 --fps 1.",
            "id": "sample_082_0025_000026",
            "annotations": []
        },
        {
            "sentence": "데이터 제약 및 정책: 대용량 처리 시 샘플링(frames_per_second=1)과 압축 정책(lossy=H.264 CRF=23)을 적용하였음을 기록합니다.",
            "id": "sample_082_0025_000027",
            "annotations": []
        },
        {
            "sentence": "분석 한계: 낮은 해상도, 압축 아티팩트, 원본 불완전성 및 비표준 인코딩이 검출 민감도를 저하시킬 수 있습니다.",
            "id": "sample_082_0025_000028",
            "annotations": []
        },
        {
            "sentence": "비고: 담당 전문가 검토자 윤선영(검토자 ID:REV-45)은 추가 확인을 권고하였습니다.",
            "id": "sample_082_0025_000029",
            "annotations": [
                {
                    "word": "윤선영",
                    "start": 15,
                    "end": 18,
                    "label": "개인정보"
                }
            ]
        },
        {
            "sentence": "보고서 버전 및 서명: report_version=2025.01.15.v1, digital_signature=MEUCIQDk...(생략), 이 문서는 내부 검토용으로 작성되었으며 제출용 복사본은 별도 서명 절차를 준수합니다.",
            "id": "sample_082_0025_000030",
            "annotations": []
        }
    ]
}