{
    "document_id": "082_0098",
    "document_title": "합성 미디어 및 딥페이크 포렌식 분석보고서 — 케이스 082_0098",
    "data": [
        {
            "sentence": "본 보고서는 합성 미디어 및 딥페이크 포렌식 분석 결과와 재현성 정보를 종합적으로 기술한 문서입니다.",
            "id": "sample_082_0098_000001",
            "annotations": []
        },
        {
            "sentence": "분석 대상 메타데이터는 sample_id: 082_0098, media_type: video, original_file_hash, source_url, capture_timestamp 등의 항목을 포함합니다.",
            "id": "sample_082_0098_000002",
            "annotations": []
        },
        {
            "sentence": "분석에 주된 참조 인물로서 주비주가 문서 내 식별자로 표기되어 있으며 익명화 동의 및 최소 노출 원칙에 따라 최소한으로 표기됩니다.",
            "id": "sample_082_0098_000003",
            "annotations": [
                {
                    "word": "주비주",
                    "start": 15,
                    "end": 18,
                    "label": "개인정보"
                }
            ]
        },
        {
            "sentence": "증거 제출 로그에는 연락처(이메일): jubi.ju@example.com이 기록되어 있고 접근 통제 및 감사 로그 확인이 필요합니다.",
            "id": "sample_082_0098_000004",
            "annotations": [
                {
                    "word": "jubi.ju@example.com",
                    "start": 21,
                    "end": 40,
                    "label": "개인정보"
                }
            ]
        },
        {
            "sentence": "생년월일(년): 1985가 메타데이터에 부분적으로 포함되어 있어 준식별자 결합 위험을 고려해야 합니다.",
            "id": "sample_082_0098_000005",
            "annotations": [
                {
                    "word": "1985",
                    "start": 9,
                    "end": 13,
                    "label": "준식별자"
                }
            ]
        },
        {
            "sentence": "생년월일(월): 07가 별도 필드로 존재하며 추가 결합 시 식별 가능성이 상승할 수 있습니다.",
            "id": "sample_082_0098_000006",
            "annotations": [
                {
                    "word": "07",
                    "start": 9,
                    "end": 11,
                    "label": "준식별자"
                }
            ]
        },
        {
            "sentence": "생년월일(일): 14가 기록되어 있는 경우 연·월·일 조합이 준식별자로 작용할 수 있습니다.",
            "id": "sample_082_0098_000007",
            "annotations": [
                {
                    "word": "14",
                    "start": 9,
                    "end": 11,
                    "label": "준식별자"
                }
            ]
        },
        {
            "sentence": "성별: 여성으로 표기된 항목은 단독으로 특정 개인을 유추하기 어렵지만 다른 준식별자와 결합될 경우 위험이 있습니다.",
            "id": "sample_082_0098_000008",
            "annotations": [
                {
                    "word": "여성",
                    "start": 4,
                    "end": 6,
                    "label": "준식별자"
                }
            ]
        },
        {
            "sentence": "주소(시): 서울특별시가 로그와 서브샘플 메타데이터에 확인됩니다.",
            "id": "sample_082_0098_000009",
            "annotations": [
                {
                    "word": "서울특별시",
                    "start": 7,
                    "end": 12,
                    "label": "준식별자"
                }
            ]
        },
        {
            "sentence": "주소(구): 강남구 단위 정보가 수집 기록에 존재하며 주소의 시/군/구 단위를 분리 표기했습니다.",
            "id": "sample_082_0098_000010",
            "annotations": [
                {
                    "word": "강남구",
                    "start": 7,
                    "end": 10,
                    "label": "준식별자"
                }
            ]
        },
        {
            "sentence": "직장/직업: S사 연구소 소속으로 표기된 메타데이터는 준식별자 범주로 분류되어 추가 관리가 필요합니다.",
            "id": "sample_082_0098_000011",
            "annotations": [
                {
                    "word": "S사 연구소",
                    "start": 7,
                    "end": 13,
                    "label": "준식별자"
                }
            ]
        },
        {
            "sentence": "업로드자 식별 항목으로 임나예가 업로드자로 기록되어 Chain-of-Custody 문서와 상호 참조됩니다.",
            "id": "sample_082_0098_000012",
            "annotations": [
                {
                    "word": "임나예",
                    "start": 13,
                    "end": 16,
                    "label": "개인정보"
                }
            ]
        },
        {
            "sentence": "원본 파일 해시(SHA256): 3f2a9b6c8d1e4f5a6b7c8d9e0f1a2b3c4d5e6f7a8b9c0d1e2f3a4b5c6d7e8f9로 무결성 체크가 가능합니다.",
            "id": "sample_082_0098_000013",
            "annotations": []
        },
        {
            "sentence": "체인오브커스토디 ID: COC-082-0098-20260123가 발행되어 있으나 해당 제출본에는 디지털 서명이 부재합니다.",
            "id": "sample_082_0098_000014",
            "annotations": []
        },
        {
            "sentence": "검출 모델 ID: DF-Scanner-v2.4, detection_model_version: v2.4.1, training_dataset_snapshot: facebank_2023q4_subset_v1이 본 검증에 사용되었습니다.",
            "id": "sample_082_0098_000015",
            "annotations": []
        },
        {
            "sentence": "재현성 정보로 reproducibility_seed: 20251234 및 hardware_profile: NVIDIA A100(40GB), Ubuntu 20.04가 기록되어 있습니다.",
            "id": "sample_082_0098_000016",
            "annotations": []
        },
        {
            "sentence": "탐지 결과는 detection_score: 0.87로 보고되며 분류 임계값 0.5 기준의 추정치이고 신뢰구간은 약 ±0.06으로 표기합니다.",
            "id": "sample_082_0098_000017",
            "annotations": []
        },
        {
            "sentence": "기밀성 관련 로그 항목으로 내부 서버 IP 10.8.32.5가 분석 세션에 기록되어 있어 네트워크 보안 감사가 필요합니다.",
            "id": "sample_082_0098_000018",
            "annotations": [
                {
                    "word": "10.8.32.5",
                    "start": 24,
                    "end": 33,
                    "label": "기밀정보"
                }
            ]
        },
        {
            "sentence": "내부 파일 경로: /srv/forensics/evidence/082_0098/IMG_0001.bin이 증거 저장소 위치로 확인되어 접근 제어가 권장됩니다.",
            "id": "sample_082_0098_000019",
            "annotations": [
                {
                    "word": "/srv/forensics/evidence/082_0098/IMG_0001.bin",
                    "start": 10,
                    "end": 55,
                    "label": "기밀정보"
                }
            ]
        },
        {
            "sentence": "VPN 및 내부 서비스 엔드포인트로 vpn.internal.corp 도메인이 메타데이터에 남아 있으며 기밀정보로 분류합니다.",
            "id": "sample_082_0098_000020",
            "annotations": [
                {
                    "word": "vpn.internal.corp",
                    "start": 20,
                    "end": 37,
                    "label": "기밀정보"
                }
            ]
        },
        {
            "sentence": "재정 관련 기밀항목으로 계좌번호 123-456789-01이 메타데이터에 포함되어 있어 추가 암호화 및 접근 제한이 필요합니다.",
            "id": "sample_082_0098_000021",
            "annotations": [
                {
                    "word": "123-456789-01",
                    "start": 18,
                    "end": 31,
                    "label": "기밀정보"
                }
            ]
        },
        {
            "sentence": "설명가능성 아티팩트로 Grad-CAM 기반 saliency map, 주파수 스펙트럼 이상도, 프레임 간 불연속성 맵을 산출하여 근거를 보강했습니다.",
            "id": "sample_082_0098_000022",
            "annotations": []
        },
        {
            "sentence": "판정 근거로 얼굴 패치의 높은 주파수 대역 왜곡과 음성 스펙트럼의 고조파 불연속성이 관찰되어 합성 가능성이 증가했습니다.",
            "id": "sample_082_0098_000023",
            "annotations": []
        },
        {
            "sentence": "적대적 은닉기법 가능성으로 멀티패스 블렌딩 및 노이즈 스티칭이 의심되며 오탐·미탐의 원인 분석은 지속적으로 필요합니다.",
            "id": "sample_082_0098_000024",
            "annotations": []
        },
        {
            "sentence": "법정 제출 가능성은 관할권별 증거수집 절차에 따라 달라지며 대한민국 관할 하에서는 타임스탬프 및 디지털 서명 보강을 권고합니다.",
            "id": "sample_082_0098_000025",
            "annotations": []
        },
        {
            "sentence": "전처리 파이프라인 및 분석 재현 명령어는 다음과 같습니다: python analyze.py --model DF-Scanner-v2.4 --seed 20251234 --input IMG_0001.bin --resize 1024x1024 --fft-window 512.",
            "id": "sample_082_0098_000026",
            "annotations": []
        },
        {
            "sentence": "분석 로그, 접근 감사로그, 버전관리 기록은 암호화 저장소에 보관되어야 하며 접근 권한은 최소권한 원칙으로 설정해야 합니다.",
            "id": "sample_082_0098_000027",
            "annotations": []
        },
        {
            "sentence": "종합 결론 및 권고사항으로는 증거 무결성 보강, 추가 교차검증, 주기적 모델 재평가 및 적응형 공격 대비 재교육을 권고합니다.",
            "id": "sample_082_0098_000028",
            "annotations": []
        }
    ]
}