﻿word,document,sentence,label
https://forensic.example.local/case082/evidence.mp4,082_0001,sample_082_0001_000004,기밀정보
2023-07-15T14:32:10Z,082_0001,sample_082_0001_000005,준식별자
2023,082_0001,sample_082_0001_000006,준식별자
07,082_0001,sample_082_0001_000007,준식별자
15,082_0001,sample_082_0001_000008,준식별자
곽단,082_0001,sample_082_0001_000009,개인정보
서울특별시,082_0001,sample_082_0001_000011,준식별자
강남구,082_0001,sample_082_0001_000011,준식별자
장현겸,082_0001,sample_082_0001_000012,개인정보
남성,082_0001,sample_082_0001_000013,준식별자
1985-06-12,082_0001,sample_082_0001_000014,준식별자
192.168.10.5,082_0001,sample_082_0001_000026,기밀정보
/srv/internal/case_082/evidence.mp4,082_0001,sample_082_0001_000026,기밀정보
백현결,082_0002,sample_082_0002_000002,개인정보
안유호,082_0002,sample_082_0002_000003,개인정보
010-1234-5678,082_0002,sample_082_0002_000004,개인정보
ahn@example.com,082_0002,sample_082_0002_000005,개인정보
서울특별시 강남구 테헤란로 123,082_0002,sample_082_0002_000006,개인정보
서울특별시,082_0002,sample_082_0002_000006,준식별자
강남구,082_0002,sample_082_0002_000006,준식별자
사번 20201234,082_0002,sample_082_0002_000007,개인정보
1985년 7월 12일,082_0002,sample_082_0002_000008,준식별자
남성,082_0002,sample_082_0002_000009,준식별자
10.10.80.5,082_0002,sample_082_0002_000016,기밀정보
http://internal.local/forensics,082_0002,sample_082_0002_000015,기밀정보
/srv/data/evidence/2023/case1234/image_01.jpg,082_0002,sample_082_0002_000014,기밀정보
계좌번호 123-456-789,082_0002,sample_082_0002_000017,기밀정보
임검재,082_0002,sample_082_0002_000030,개인정보
https://internal.example.com/secret,082_0003,sample_082_0003_000004,기밀정보
/srv/data/forensics/recordings/rec_0001.mp4,082_0003,sample_082_0003_000005,기밀정보
203.0.113.45,082_0003,sample_082_0003_000006,기밀정보
안여름,082_0003,sample_082_0003_000007,개인정보
여성,082_0003,sample_082_0003_000008,준식별자
1990년 05월 12일,082_0003,sample_082_0003_000009,준식별자
서울특별시,082_0003,sample_082_0003_000010,준식별자
강남구,082_0003,sample_082_0003_000010,준식별자
사번: 2023-0456,082_0003,sample_082_0003_000011,개인정보
내부 보고서 제목='보안프로토콜_v2.1',082_0003,sample_082_0003_000012,기밀정보
계좌번호: ****-****-7890,082_0003,sample_082_0003_000013,기밀정보
곽규연,082_0003,sample_082_0003_000025,개인정보
차민조,082_0003,sample_082_0003_000025,개인정보
조병진,082_0004,sample_082_0004_000004,개인정보
20245,082_0004,sample_082_0004_000004,개인정보
임현지,082_0004,sample_082_0004_000019,개인정보
1990,082_0004,sample_082_0004_000019,준식별자
05,082_0004,sample_082_0004_000019,준식별자
12,082_0004,sample_082_0004_000019,준식별자
여성,082_0004,sample_082_0004_000019,준식별자
서울특별시,082_0004,sample_082_0004_000019,준식별자
강남구,082_0004,sample_082_0004_000019,준식별자
합성미디어포렌식연구소,082_0004,sample_082_0004_000019,준식별자
jh********@example.com,082_0004,sample_082_0004_000020,개인정보
010-****-1234,082_0004,sample_082_0004_000020,개인정보
10.0.0.5,082_0004,sample_082_0004_000021,기밀정보
vpn.internal.corp,082_0004,sample_082_0004_000021,기밀정보
https://internal.corp.local/forensics/082,082_0004,sample_082_0004_000021,기밀정보
123-456789-01,082_0004,sample_082_0004_000027,기밀정보
임현지,082_0004,sample_082_0004_000029,개인정보
조병진,082_0004,sample_082_0004_000029,개인정보
허서진,082_0005,sample_082_0005_000006,개인정보
류다엘,082_0005,sample_082_0005_000019,개인정보
010-1234-5678,082_0005,sample_082_0005_000020,개인정보
ryu@example.com,082_0005,sample_082_0005_000021,개인정보
장동찬,082_0005,sample_082_0005_000027,개인정보
서울특별시,082_0005,sample_082_0005_000022,준식별자
강남구,082_0005,sample_082_0005_000022,준식별자
역삼동,082_0005,sample_082_0005_000022,준식별자
1990,082_0005,sample_082_0005_000023,준식별자
01,082_0005,sample_082_0005_000023,준식별자
01,082_0005,sample_082_0005_000023,준식별자
남성,082_0005,sample_082_0005_000024,준식별자
180cm,082_0005,sample_082_0005_000024,준식별자
75kg,082_0005,sample_082_0005_000024,준식별자
A형,082_0005,sample_082_0005_000024,준식별자
한국과학기술원,082_0005,sample_082_0005_000025,준식별자
10.10.10.5,082_0005,sample_082_0005_000026,기밀정보
https://internal.example.local/secret,082_0005,sample_082_0005_000026,기밀정보
111-222-333333,082_0005,sample_082_0005_000026,기밀정보
2024-01-15T14:23:08Z,082_0006,sample_082_0006_000006,준식별자
서울특별시 강남구,082_0006,sample_082_0006_000007,준식별자
김리환,082_0006,sample_082_0006_000008,개인정보
10.10.55.12,082_0006,sample_082_0006_000009,기밀정보
서울대학교병원,082_0006,sample_082_0006_000021,준식별자
artifacts/saliency_082.png,082_0006,sample_082_0006_000026,기밀정보
artifacts/spectrum_082.csv,082_0006,sample_082_0006_000026,기밀정보
이근후,082_0006,sample_082_0006_000029,개인정보
하아이린,082_0006,sample_082_0006_000029,개인정보
전태린,082_0007,sample_082_0007_000003,개인정보
1985년 7월 14일,082_0007,sample_082_0007_000003,준식별자
여성,082_0007,sample_082_0007_000003,준식별자
서울특별시 강남구,082_0007,sample_082_0007_000003,준식별자
교수,082_0007,sample_082_0007_000003,준식별자
김순원,082_0007,sample_082_0007_000014,개인정보
repository/ground_truth/gt_0007.mp4,082_0007,sample_082_0007_000015,기밀정보
192.168.10.5,082_0007,sample_082_0007_000016,기밀정보
/srv/forensics/raw/record_0007.mp4,082_0007,sample_082_0007_000016,기밀정보
vpn-sec.example.internal,082_0007,sample_082_0007_000017,기밀정보
전태린,082_0007,sample_082_0007_000024,개인정보
20231234,082_0007,sample_082_0007_000025,개인정보
010-1234-5678,082_0007,sample_082_0007_000025,개인정보
손정수,082_0008,sample_082_0008_000004,개인정보
사번 20240123,082_0008,sample_082_0008_000005,개인정보
admin@example.com,082_0008,sample_082_0008_000006,개인정보
노민지,082_0008,sample_082_0008_000007,개인정보
1985-07-12,082_0008,sample_082_0008_000008,준식별자
남성,082_0008,sample_082_0008_000008,준식별자
서울특별시,082_0008,sample_082_0008_000009,준식별자
강남구,082_0008,sample_082_0008_000009,준식별자
역삼동,082_0008,sample_082_0008_000009,준식별자
연구원,082_0008,sample_082_0008_000010,준식별자
10.0.0.5,082_0008,sample_082_0008_000011,기밀정보
계좌번호 000-000-00000,082_0008,sample_082_0008_000012,기밀정보
https://internal.corp.local,082_0008,sample_082_0008_000013,기밀정보
svc_forensics,082_0008,sample_082_0008_000014,기밀정보
/srv/data/evidence/evd_082_0008,082_0008,sample_082_0008_000015,기밀정보
방채유,082_0009,sample_082_0009_000006,개인정보
이기윤,082_0009,sample_082_0009_000007,개인정보
010-2020-3030,082_0009,sample_082_0009_000008,개인정보
lee.giyun@example.com,082_0009,sample_082_0009_000009,개인정보
M12345678,082_0009,sample_082_0009_000010,개인정보
1985,082_0009,sample_082_0009_000011,준식별자
07,082_0009,sample_082_0009_000011,준식별자
12,082_0009,sample_082_0009_000011,준식별자
남성,082_0009,sample_082_0009_000012,준식별자
서울특별시,082_0009,sample_082_0009_000013,준식별자
서대문구,082_0009,sample_082_0009_000013,준식별자
연구원,082_0009,sample_082_0009_000014,준식별자
10.0.0.12,082_0009,sample_082_0009_000015,기밀정보
/srv/forensics/evidence/082_0009.raw,082_0009,sample_082_0009_000016,기밀정보
svc_forensic,082_0009,sample_082_0009_000017,기밀정보
vpn.internal.corp.local,082_0009,sample_082_0009_000018,기밀정보
123-456-789012,082_0009,sample_082_0009_000019,기밀정보
민도혁,082_0010,sample_082_0010_000003,개인정보
남성,082_0010,sample_082_0010_000003,준식별자
1990,082_0010,sample_082_0010_000003,준식별자
05,082_0010,sample_082_0010_000003,준식별자
12,082_0010,sample_082_0010_000003,준식별자
박찬율,082_0010,sample_082_0010_000006,개인정보
http://internal.local/report/082,082_0010,sample_082_0010_000006,기밀정보
010-1234-5678,082_0010,sample_082_0010_000022,개인정보
min@example.com,082_0010,sample_082_0010_000023,개인정보
900512-1234567,082_0010,sample_082_0010_000024,개인정보
서울특별시,082_0010,sample_082_0010_000025,준식별자
강남구,082_0010,sample_082_0010_000025,준식별자
삼성동,082_0010,sample_082_0010_000025,준식별자
XYZ연구소,082_0010,sample_082_0010_000026,준식별자
10.0.0.5,082_0010,sample_082_0010_000027,기밀정보
123-456-7890,082_0010,sample_082_0010_000028,기밀정보
/srv/data/cases/082/민도혁/record.wav,082_0010,sample_082_0010_000029,기밀정보
이성미,082_0010,sample_082_0010_000030,개인정보
https://internal-lab.example.com/evidence/082_0011.mp4,082_0011,sample_082_0011_000004,기밀정보
남검재,082_0011,sample_082_0011_000005,개인정보
10.0.0.12,082_0011,sample_082_0011_000016,기밀정보
손성규,082_0011,sample_082_0011_000021,개인정보
1985년,082_0011,sample_082_0011_000021,준식별자
06월,082_0011,sample_082_0011_000021,준식별자
12일,082_0011,sample_082_0011_000021,준식별자
남성,082_0011,sample_082_0011_000021,준식별자
서울특별시,082_0011,sample_082_0011_000021,준식별자
강남구,082_0011,sample_082_0011_000021,준식별자
역삼동,082_0011,sample_082_0011_000021,준식별자
기자,082_0011,sample_082_0011_000021,준식별자
한찬엽,082_0011,sample_082_0011_000026,개인정보
최예온,082_0012,sample_082_0012_000006,개인정보
손샤론,082_0012,sample_082_0012_000019,개인정보
문정원,082_0012,sample_082_0012_000020,개인정보
son.sharon@example.com,082_0012,sample_082_0012_000021,개인정보
010-1234-5678,082_0012,sample_082_0012_000021,개인정보
202045,082_0012,sample_082_0012_000022,개인정보
여성,082_0012,sample_082_0012_000023,준식별자
1985,082_0012,sample_082_0012_000023,준식별자
07,082_0012,sample_082_0012_000023,준식별자
12,082_0012,sample_082_0012_000023,준식별자
서울특별시,082_0012,sample_082_0012_000023,준식별자
강남구,082_0012,sample_082_0012_000023,준식별자
기자,082_0012,sample_082_0012_000023,준식별자
172cm,082_0012,sample_082_0012_000023,준식별자
10.0.0.5,082_0012,sample_082_0012_000024,기밀정보
/srv/db/forensics/082_0012.dat,082_0012,sample_082_0012_000024,기밀정보
123-456-789012,082_0012,sample_082_0012_000025,기밀정보
vpn.corp.internal,082_0012,sample_082_0012_000025,기밀정보
권리하,082_0013,sample_082_0013_000003,개인정보
김현주,082_0013,sample_082_0013_000005,개인정보
류동현,082_0013,sample_082_0013_000005,개인정보
여성,082_0013,sample_082_0013_000006,준식별자
1985,082_0013,sample_082_0013_000007,준식별자
06,082_0013,sample_082_0013_000007,준식별자
15,082_0013,sample_082_0013_000007,준식별자
서울특별시,082_0013,sample_082_0013_000008,준식별자
강서구,082_0013,sample_082_0013_000008,준식별자
소프트웨어 엔지니어,082_0013,sample_082_0013_000009,준식별자
172cm,082_0013,sample_082_0013_000010,준식별자
68kg,082_0013,sample_082_0013_000010,준식별자
학사(컴퓨터공학),082_0013,sample_082_0013_000011,준식별자
대한민국,082_0013,sample_082_0013_000012,준식별자
10.10.5.12,082_0013,sample_082_0013_000013,기밀정보
****-****-9012,082_0013,sample_082_0013_000014,기밀정보
/srv/forensic/evidence/id_082_0013.raw,082_0013,sample_082_0013_000015,기밀정보
https://intranet.corp.local/docs/forensics,082_0013,sample_082_0013_000016,기밀정보
vpn.corp.local,082_0013,sample_082_0013_000017,기밀정보
2020-4567,082_0013,sample_082_0013_000018,개인정보
대한민국,082_0013,sample_082_0013_000027,준식별자
서시엘,082_0014,sample_082_0014_000007,개인정보
진윤혁,082_0014,sample_082_0014_000023,개인정보
S-2024-014,082_0014,sample_082_0014_000024,개인정보
1985,082_0014,sample_082_0014_000025,준식별자
서울특별시 강남구,082_0014,sample_082_0014_000026,준식별자
10.0.0.5,082_0014,sample_082_0014_000027,기밀정보
/srv/internal/storage/forensics/report.pdf,082_0014,sample_082_0014_000027,기밀정보
남재연,082_0015,sample_082_0015_000004,개인정보
박정철,082_0015,sample_082_0015_000020,개인정보
010-1234-5678,082_0015,sample_082_0015_000022,개인정보
1985-07-23,082_0015,sample_082_0015_000021,준식별자
서울특별시,082_0015,sample_082_0015_000021,준식별자
강남구,082_0015,sample_082_0015_000021,준식별자
역삼동,082_0015,sample_082_0015_000021,준식별자
모바일보안연구소,082_0015,sample_082_0015_000023,준식별자
10.0.0.5,082_0015,sample_082_0015_000024,기밀정보
/srv/forensics/evidence_082_0015.img.infer.log,082_0015,sample_082_0015_000011,기밀정보
Forensics_Internal_v7,082_0015,sample_082_0015_000025,기밀정보
/srv/forensics/evidence_082_0015.img,082_0015,sample_082_0015_000025,기밀정보
차유희,082_0016,sample_082_0016_000007,개인정보
차유희,082_0016,sample_082_0016_000023,개인정보
010-9876-5432,082_0016,sample_082_0016_000023,개인정보
cyh@example.com,082_0016,sample_082_0016_000023,개인정보
900101-1234567,082_0016,sample_082_0016_000024,개인정보
"서울특별시 강남구 테헤란로 123, 101동 201호",082_0016,sample_082_0016_000024,개인정보
1990-01-01,082_0016,sample_082_0016_000025,준식별자
여성,082_0016,sample_082_0016_000025,준식별자
연구원,082_0016,sample_082_0016_000025,준식별자
O형,082_0016,sample_082_0016_000025,준식별자
서울특별시,082_0016,sample_082_0016_000025,준식별자
강남구,082_0016,sample_082_0016_000025,준식별자
10.10.255.20,082_0016,sample_082_0016_000026,기밀정보
/srv/data/evidence/vid123.mov,082_0016,sample_082_0016_000026,기밀정보
vpn.corporate.internal,082_0016,sample_082_0016_000026,기밀정보
123-45-678901,082_0016,sample_082_0016_000026,기밀정보
황다경,082_0016,sample_082_0016_000027,개인정보
엄대용,082_0017,sample_082_0017_000005,개인정보
박규민,082_0017,sample_082_0017_000009,개인정보
COC-2026-00082,082_0017,sample_082_0017_000006,기밀정보
/srv/data/evidence/082_0017/,082_0017,sample_082_0017_000024,기밀정보
10.8.0.2,082_0017,sample_082_0017_000024,기밀정보
dfns_v3_privatedb_2024-10,082_0017,sample_082_0017_000025,기밀정보
https://internal.example.com/cases/082_0018/video1.mp4,082_0018,sample_082_0018_000004,기밀정보
우한빛,082_0018,sample_082_0018_000006,개인정보
GT_082_0018_ref.mp4,082_0018,sample_082_0018_000016,기밀정보
우한빛,082_0018,sample_082_0018_000018,개인정보
hong@example.org,082_0018,sample_082_0018_000019,개인정보
+82-10-1234-5678,082_0018,sample_082_0018_000020,개인정보
900512-1234567,082_0018,sample_082_0018_000021,개인정보
1990-05-12,082_0018,sample_082_0018_000022,준식별자
남성,082_0018,sample_082_0018_000022,준식별자
서울특별시 강남구 역삼동,082_0018,sample_082_0018_000023,준식별자
10.0.32.5,082_0018,sample_082_0018_000024,기밀정보
/srv/cases/082_0018/raw/video1.mp4,082_0018,sample_082_0018_000024,기밀정보
우하임,082_0019,sample_082_0019_000003,개인정보
김민진,082_0019,sample_082_0019_000004,개인정보
010-1234-5678,082_0019,sample_082_0019_000005,개인정보
uhaim@example.com,082_0019,sample_082_0019_000006,개인정보
850101-1234567,082_0019,sample_082_0019_000007,개인정보
신연후,082_0019,sample_082_0019_000032,개인정보
여성,082_0019,sample_082_0019_000008,준식별자
1990년,082_0019,sample_082_0019_000009,준식별자
05월,082_0019,sample_082_0019_000010,준식별자
12일,082_0019,sample_082_0019_000011,준식별자
서울특별시,082_0019,sample_082_0019_000012,준식별자
강남구,082_0019,sample_082_0019_000013,준식별자
역삼동,082_0019,sample_082_0019_000014,준식별자
연구원,082_0019,sample_082_0019_000015,준식별자
http://intranet.local/report/CONF-2025-01,082_0019,sample_082_0019_000019,기밀정보
CONF-2025-01,082_0019,sample_082_0019_000020,기밀정보
10.0.0.5,082_0019,sample_082_0019_000021,기밀정보
admin,082_0019,sample_082_0019_000022,기밀정보
/srv/internal/evidence/sample_082_0019,082_0019,sample_082_0019_000023,기밀정보
정용우,082_0020,sample_082_0020_000005,개인정보
010-1234-5678,082_0020,sample_082_0020_000005,개인정보
jwo@example.com,082_0020,sample_082_0020_000005,개인정보
최균하,082_0020,sample_082_0020_000014,개인정보
1990-01-01,082_0020,sample_082_0020_000016,준식별자
남성,082_0020,sample_082_0020_000016,준식별자
서울특별시 강남구 테헤란로 10길 5-3,082_0020,sample_082_0020_000017,개인정보
192.168.0.10,082_0020,sample_082_0020_000018,기밀정보
/srv/internal/secrets.cfg,082_0020,sample_082_0020_000018,기밀정보
vpn.corp.internal,082_0020,sample_082_0020_000018,기밀정보
123-456-789012,082_0020,sample_082_0020_000019,기밀정보
신정찬,082_0020,sample_082_0020_000030,개인정보
sjc@forensiclab.example,082_0020,sample_082_0020_000030,개인정보
윤병길,082_0021,sample_082_0021_000007,개인정보
장선영,082_0021,sample_082_0021_000016,개인정보
2025-01-14T09:32:10Z,082_0021,sample_082_0021_000006,준식별자
COC-2025-009,082_0021,sample_082_0021_000008,기밀정보
10.0.5.12,082_0021,sample_082_0021_000019,기밀정보
https://internal.lab.local/evidence/IMG_001.jpg,082_0021,sample_082_0021_000005,기밀정보
우혜주,082_0022,sample_082_0022_000005,개인정보
900101-1234567,082_0022,sample_082_0022_000021,개인정보
010-1234-5678,082_0022,sample_082_0022_000022,개인정보
woohj@example.com,082_0022,sample_082_0022_000022,개인정보
123-456-7890,082_0022,sample_082_0022_000022,기밀정보
20201234,082_0022,sample_082_0022_000023,개인정보
1990-01-01,082_0022,sample_082_0022_000023,준식별자
남성,082_0022,sample_082_0022_000023,준식별자
학력: 서울대학교 전기공학과,082_0022,sample_082_0022_000023,준식별자
서울특별시 강남구,082_0022,sample_082_0022_000024,준식별자
기자,082_0022,sample_082_0022_000024,준식별자
대한민국,082_0022,sample_082_0022_000024,준식별자
192.168.10.15,082_0022,sample_082_0022_000025,기밀정보
/srv/internal/db/credentials.txt,082_0022,sample_082_0022_000025,기밀정보
https://internal.example.local/secret,082_0022,sample_082_0022_000025,기밀정보
윤우진,082_0022,sample_082_0022_000030,개인정보
류이현,082_0023,sample_082_0023_000008,개인정보
하하늬,082_0023,sample_082_0023_000017,개인정보
010-1234-5678,082_0023,sample_082_0023_000018,개인정보
hahnni@example.com,082_0023,sample_082_0023_000019,개인정보
서울특별시 강남구 역삼동 123-45,082_0023,sample_082_0023_000020,개인정보
1985-07-21,082_0023,sample_082_0023_000021,준식별자
여성,082_0023,sample_082_0023_000021,준식별자
국내전산연구소,082_0023,sample_082_0023_000022,준식별자
/srv/private/analysis/secrets.db,082_0023,sample_082_0023_000031,기밀정보
10.0.4.12,082_0023,sample_082_0023_000032,기밀정보
analyst_admin,082_0023,sample_082_0023_000032,기밀정보
https://internal.example.com/media/IMG_0001.jpg,082_0024,sample_082_0024_000006,기밀정보
진결,082_0024,sample_082_0024_000008,개인정보
C:\\evidence\\case082\\artifacts\\saliency_map.png,082_0024,sample_082_0024_000026,기밀정보
C:\\evidence\\case082\\raw\\IMG_0001.jpg,082_0024,sample_082_0024_000027,기밀정보
1985-07-15,082_0024,sample_082_0024_000028,준식별자
서울특별시 강남구,082_0024,sample_082_0024_000028,준식별자
jin.gyeol@example.com,082_0024,sample_082_0024_000029,개인정보
10.0.0.5,082_0024,sample_082_0024_000030,기밀정보
신재건,082_0024,sample_082_0024_000031,개인정보
엄윤성,082_0025,sample_082_0025_000003,개인정보
엄윤성,082_0025,sample_082_0025_000004,개인정보
900101-1234567,082_0025,sample_082_0025_000004,개인정보
010-1234-5678,082_0025,sample_082_0025_000004,개인정보
yu@example.com,082_0025,sample_082_0025_000004,개인정보
서울특별시 강남구 테헤란로 123-45,082_0025,sample_082_0025_000004,개인정보
서울특별시,082_0025,sample_082_0025_000004,준식별자
강남구,082_0025,sample_082_0025_000004,준식별자
20231234,082_0025,sample_082_0025_000005,개인정보
1990,082_0025,sample_082_0025_000005,준식별자
01,082_0025,sample_082_0025_000005,준식별자
01,082_0025,sample_082_0025_000005,준식별자
남,082_0025,sample_082_0025_000005,준식별자
삼성전자,082_0025,sample_082_0025_000005,준식별자
대한민국,082_0025,sample_082_0025_000005,준식별자
10.10.10.5,082_0025,sample_082_0025_000006,기밀정보
/srv/data/evidence/082_0025,082_0025,sample_082_0025_000006,기밀정보
http://internal.example.local/report/082_0025,082_0025,sample_082_0025_000006,기밀정보
123-456-789012,082_0025,sample_082_0025_000006,기밀정보
윤선영,082_0025,sample_082_0025_000029,개인정보
백영현,082_0026,sample_082_0026_000002,개인정보
900712-1******,082_0026,sample_082_0026_000003,개인정보
010-1234-****,082_0026,sample_082_0026_000004,개인정보
hyun.redacted@example.com,082_0026,sample_082_0026_000004,개인정보
1985-07-12,082_0026,sample_082_0026_000005,준식별자
남,082_0026,sample_082_0026_000006,준식별자
서울특별시 강남구,082_0026,sample_082_0026_000007,준식별자
연구소A,082_0026,sample_082_0026_000008,준식별자
A형,082_0026,sample_082_0026_000009,준식별자
김태기,082_0026,sample_082_0026_000010,개인정보
192.168.100.12,082_0026,sample_082_0026_000011,기밀정보
/srv/forensics/evidence_082_0026.dmp,082_0026,sample_082_0026_000012,기밀정보
https://intranet.corp.local/evidence/082,082_0026,sample_082_0026_000013,기밀정보
123-456-*******,082_0026,sample_082_0026_000014,기밀정보
forensic_admin,082_0026,sample_082_0026_000015,기밀정보
COC-2026-00082,082_0026,sample_082_0026_000016,기밀정보
윤나혜,082_0026,sample_082_0026_000030,개인정보
이수희,082_0027,sample_082_0027_000003,개인정보
한보검,082_0027,sample_082_0027_000004,개인정보
010-1234-5678,082_0027,sample_082_0027_000005,개인정보
1990-05-12,082_0027,sample_082_0027_000006,준식별자
서울특별시 강남구 역삼동,082_0027,sample_082_0027_000007,준식별자
여성,082_0027,sample_082_0027_000008,준식별자
한국과학기술원,082_0027,sample_082_0027_000009,준식별자
123-456-789012,082_0027,sample_082_0027_000010,기밀정보
192.168.0.15,082_0027,sample_082_0027_000011,기밀정보
/srv/data/private/report.docx,082_0027,sample_082_0027_000012,기밀정보
https://internal.corp.local/secret,082_0027,sample_082_0027_000013,기밀정보
민시유,082_0027,sample_082_0027_000018,개인정보
황시우,082_0027,sample_082_0027_000028,개인정보
배설,082_0028,sample_082_0028_000007,개인정보
1985-07-12,082_0028,sample_082_0028_000007,준식별자
남성,082_0028,sample_082_0028_000007,준식별자
서울특별시 종로구,082_0028,sample_082_0028_000008,준식별자
기자,082_0028,sample_082_0028_000008,준식별자
한수림,082_0028,sample_082_0028_000009,개인정보
부산광역시 해운대구,082_0028,sample_082_0028_000009,준식별자
/srv/forensics/raw/evidence_2026_01_05.mxf,082_0028,sample_082_0028_000020,기밀정보
10.0.3.21,082_0028,sample_082_0028_000021,기밀정보
vpn.internal.corp,082_0028,sample_082_0028_000021,기밀정보
계좌번호: ****1234,082_0028,sample_082_0028_000022,기밀정보
고우주,082_0028,sample_082_0028_000028,개인정보
https://internal.company.local/uploads/evidence_0001.mp4,082_0029,sample_082_0029_000005,기밀정보
서정민,082_0029,sample_082_0029_000007,개인정보
류지언,082_0029,sample_082_0029_000020,개인정보
CCTV_20240401_강남구_입구.mp4,082_0029,sample_082_0029_000021,준식별자
유태현,082_0029,sample_082_0029_000022,개인정보
남성,082_0029,sample_082_0029_000022,준식별자
1990,082_0029,sample_082_0029_000022,준식별자
05,082_0029,sample_082_0029_000022,준식별자
12,082_0029,sample_082_0029_000022,준식별자
서울특별시,082_0029,sample_082_0029_000022,준식별자
강남구,082_0029,sample_082_0029_000021,준식별자
강남구,082_0029,sample_082_0029_000022,준식별자
노진희,082_0029,sample_082_0029_000023,개인정보
채현겸,082_0029,sample_082_0029_000023,개인정보
10.10.10.5,082_0029,sample_082_0029_000024,기밀정보
/srv/secrets/config.yaml,082_0029,sample_082_0029_000024,기밀정보
110-123456-78,082_0029,sample_082_0029_000025,기밀정보
지현태,082_0030,sample_082_0030_000009,개인정보
성별: 남,082_0030,sample_082_0030_000030,준식별자
생년월일: 1985-07-12,082_0030,sample_082_0030_000030,준식별자
서울특별시,082_0030,sample_082_0030_000030,준식별자
강남구,082_0030,sample_082_0030_000030,준식별자
역삼동,082_0030,sample_082_0030_000030,준식별자
계좌번호: 123-456-789,082_0030,sample_082_0030_000030,기밀정보
서버 IP: 10.0.0.5,082_0030,sample_082_0030_000030,기밀정보
송라희,082_0031,sample_082_0031_000002,개인정보
https://internal.example.local/media/rec001,082_0031,sample_082_0031_000002,기밀정보
COC-2025-000789,082_0031,sample_082_0031_000002,기밀정보
COC-2025-000789,082_0031,sample_082_0031_000005,기밀정보
지정원,082_0031,sample_082_0031_000013,개인정보
지유성,082_0031,sample_082_0031_000013,개인정보
홍태화,082_0031,sample_082_0031_000014,개인정보
010-1234-5678,082_0031,sample_082_0031_000015,개인정보
hong.th@sample.com,082_0031,sample_082_0031_000015,개인정보
1990-05-12,082_0031,sample_082_0031_000016,준식별자
여성,082_0031,sample_082_0031_000017,준식별자
서울특별시,082_0031,sample_082_0031_000018,준식별자
강남구,082_0031,sample_082_0031_000018,준식별자
역삼동,082_0031,sample_082_0031_000018,준식별자
10.0.0.12,082_0031,sample_082_0031_000020,기밀정보
/srv/media/prod/video_001.mp4,082_0031,sample_082_0031_000020,기밀정보
vpn.corp.internal,082_0031,sample_082_0031_000020,기밀정보
svc_analysis,082_0031,sample_082_0031_000021,기밀정보
/mnt/evidence/COC-2025-000789,082_0031,sample_082_0031_000028,기밀정보
남이재,082_0032,sample_082_0032_000003,개인정보
박세희,082_0032,sample_082_0032_000014,개인정보
1990-05-12,082_0032,sample_082_0032_000016,준식별자
남성,082_0032,sample_082_0032_000016,준식별자
서울특별시 강남구,082_0032,sample_082_0032_000016,준식별자
연구원,082_0032,sample_082_0032_000016,준식별자
10.0.0.15,082_0032,sample_082_0032_000021,기밀정보
https://internal.corp.local/upload/secret,082_0032,sample_082_0032_000021,기밀정보
123-456-789012,082_0032,sample_082_0032_000022,기밀정보
권예나,082_0033,sample_082_0033_000003,개인정보
1985년 04월 23일,082_0033,sample_082_0033_000006,준식별자
여성,082_0033,sample_082_0033_000007,준식별자
서울특별시 강남구 역삼동 123-45,082_0033,sample_082_0033_000008,개인정보
사번 2020456,082_0033,sample_082_0033_000009,개인정보
계좌번호 300-12-345678,082_0033,sample_082_0033_000010,기밀정보
10.0.0.42,082_0033,sample_082_0033_000011,기밀정보
http://internal.corp.local,082_0033,sample_082_0033_000011,기밀정보
권예나,082_0033,sample_082_0033_000027,개인정보
하태길,082_0033,sample_082_0033_000027,개인정보
심진,082_0034,sample_082_0034_000004,개인정보
구마음,082_0034,sample_082_0034_000011,개인정보
/srv/evidence/labA/082_0034/saliency.png,082_0034,sample_082_0034_000013,기밀정보
/srv/evidence/labA/082_0034/spectrum.log,082_0034,sample_082_0034_000014,기밀정보
심진,082_0034,sample_082_0034_000019,개인정보
1987,082_0034,sample_082_0034_000019,준식별자
07,082_0034,sample_082_0034_000019,준식별자
12,082_0034,sample_082_0034_000019,준식별자
서울특별시,082_0034,sample_082_0034_000020,준식별자
강남구,082_0034,sample_082_0034_000020,준식별자
역삼동,082_0034,sample_082_0034_000020,준식별자
한국전자통신연구원,082_0034,sample_082_0034_000021,준식별자
10.10.10.5,082_0034,sample_082_0034_000022,기밀정보
admin_lab,082_0034,sample_082_0034_000022,기밀정보
/srv/evidence/labA/082_0034,082_0034,sample_082_0034_000023,기밀정보
https://internal.corp/evidence/082_0034,082_0034,sample_082_0034_000023,기밀정보
/srv/evidence/labA/082_0034/logs/,082_0034,sample_082_0034_000027,기밀정보
https://redacted.example.com/media/12345,082_0035,sample_082_0035_000004,기밀정보
류서준,082_0035,sample_082_0035_000006,개인정보
ryu.sejoon[at]example.com,082_0035,sample_082_0035_000006,개인정보
문아람,082_0035,sample_082_0035_000014,개인정보
1985-01-01,082_0035,sample_082_0035_000025,준식별자
서울특별시 강남구,082_0035,sample_082_0035_000026,준식별자
vpn.internal.corp,082_0035,sample_082_0035_000027,기밀정보
10.0.0.5,082_0035,sample_082_0035_000027,기밀정보
/srv/internal/secrets,082_0035,sample_082_0035_000027,기밀정보
010-****-5678,082_0035,sample_082_0035_000029,개인정보
ryu.sejoon[at]example.com,082_0035,sample_082_0035_000029,개인정보
류가비,082_0036,sample_082_0036_000002,개인정보
ryugabi@example.com,082_0036,sample_082_0036_000003,개인정보
010-1234-5678,082_0036,sample_082_0036_000004,개인정보
남명준,082_0036,sample_082_0036_000005,개인정보
여성,082_0036,sample_082_0036_000006,준식별자
1985년,082_0036,sample_082_0036_000006,준식별자
07월,082_0036,sample_082_0036_000006,준식별자
13일,082_0036,sample_082_0036_000006,준식별자
서울특별시,082_0036,sample_082_0036_000007,준식별자
강남구,082_0036,sample_082_0036_000007,준식별자
역삼동,082_0036,sample_082_0036_000007,준식별자
한국디지털포렌식연구소,082_0036,sample_082_0036_000008,준식별자
/srv/forensics/evidence/082_0036.img,082_0036,sample_082_0036_000017,기밀정보
10.8.0.5,082_0036,sample_082_0036_000018,기밀정보
admin@corp.local,082_0036,sample_082_0036_000018,기밀정보
vpn.internal.corp:443,082_0036,sample_082_0036_000019,기밀정보
계좌번호 110-123-456789,082_0036,sample_082_0036_000020,기밀정보
사번 A12345,082_0036,sample_082_0036_000021,개인정보
배성연,082_0037,sample_082_0037_000005,개인정보
서울특별시,082_0037,sample_082_0037_000006,준식별자
강남구,082_0037,sample_082_0037_000006,준식별자
1985,082_0037,sample_082_0037_000007,준식별자
05,082_0037,sample_082_0037_000007,준식별자
12,082_0037,sample_082_0037_000007,준식별자
010-****-5678,082_0037,sample_082_0037_000008,개인정보
유희수,082_0037,sample_082_0037_000014,개인정보
10.10.0.5,082_0037,sample_082_0037_000022,기밀정보
/srv/forensics/internal/report_v2.docx,082_0037,sample_082_0037_000022,기밀정보
123-****-00,082_0037,sample_082_0037_000023,기밀정보
고지유,082_0037,sample_082_0037_000030,개인정보
https://internal.corp.local/secret/evidence/1234,082_0038,sample_082_0038_000004,기밀정보
문은섭,082_0038,sample_082_0038_000006,개인정보
datasets/face-synth-v1@2025-12-01,082_0038,sample_082_0038_000010,기밀정보
구여린,082_0038,sample_082_0038_000017,개인정보
이시후,082_0038,sample_082_0038_000017,개인정보
/srv/data/evidence/2026/082_0038,082_0038,sample_082_0038_000019,기밀정보
10.0.0.42,082_0038,sample_082_0038_000020,기밀정보
서태형,082_0039,sample_082_0039_000004,개인정보
1985,082_0039,sample_082_0039_000004,준식별자
07,082_0039,sample_082_0039_000004,준식별자
14,082_0039,sample_082_0039_000004,준식별자
서울특별시,082_0039,sample_082_0039_000005,준식별자
강남구,082_0039,sample_082_0039_000005,준식별자
역삼동,082_0039,sample_082_0039_000005,준식별자
staehyung@forensic.example,082_0039,sample_082_0039_000006,개인정보
https://internal.corp.local/evidence/039,082_0039,sample_082_0039_000010,기밀정보
10.10.8.5,082_0039,sample_082_0039_000010,기밀정보
오인서,082_0040,sample_082_0040_000007,개인정보
010-9876-5432,082_0040,sample_082_0040_000007,개인정보
oi@example.com,082_0040,sample_082_0040_000007,개인정보
1990-01-01,082_0040,sample_082_0040_000022,준식별자
여성,082_0040,sample_082_0040_000022,준식별자
서울특별시 강남구,082_0040,sample_082_0040_000022,준식별자
교수,082_0040,sample_082_0040_000022,준식별자
192.168.10.45,082_0040,sample_082_0040_000024,기밀정보
/srv/secrets/acl.conf,082_0040,sample_082_0040_000024,기밀정보
123-456789-01,082_0040,sample_082_0040_000024,기밀정보
https://internal.example.com/uploads/video_0041.mp4,082_0041,sample_082_0041_000006,기밀정보
김선민,082_0041,sample_082_0041_000008,개인정보
남성,082_0041,sample_082_0041_000021,준식별자
1990,082_0041,sample_082_0041_000022,준식별자
01,082_0041,sample_082_0041_000022,준식별자
01,082_0041,sample_082_0041_000022,준식별자
서울특별시,082_0041,sample_082_0041_000023,준식별자
강남구,082_0041,sample_082_0041_000023,준식별자
삼성동,082_0041,sample_082_0041_000023,준식별자
엔지니어,082_0041,sample_082_0041_000024,준식별자
넥스트테크,082_0041,sample_082_0041_000024,준식별자
kim.s@nexttech.co.kr,082_0041,sample_082_0041_000025,개인정보
123-456-789012,082_0041,sample_082_0041_000026,기밀정보
10.0.0.15,082_0041,sample_082_0041_000027,기밀정보
/srv/internal/report.docx,082_0041,sample_082_0041_000027,기밀정보
2024,082_0042,sample_082_0042_000006,준식별자
01,082_0042,sample_082_0042_000006,준식별자
15,082_0042,sample_082_0042_000006,준식별자
차해리,082_0042,sample_082_0042_000007,개인정보
민하윤,082_0042,sample_082_0042_000017,개인정보
대한민국,082_0042,sample_082_0042_000019,준식별자
192.168.1.42,082_0042,sample_082_0042_000024,기밀정보
/var/data/evidence/record_082_0042.mkv,082_0042,sample_082_0042_000024,기밀정보
123-456-789,082_0042,sample_082_0042_000029,기밀정보
vpn.internal.local,082_0042,sample_082_0042_000029,기밀정보
고나겸,082_0042,sample_082_0042_000029,개인정보
송태경,082_0043,sample_082_0043_000006,개인정보
song.tk@example.com,082_0043,sample_082_0043_000006,개인정보
010-1234-5678,082_0043,sample_082_0043_000007,개인정보
20213456,082_0043,sample_082_0043_000007,개인정보
1984-05-12,082_0043,sample_082_0043_000008,준식별자
남성,082_0043,sample_082_0043_000008,준식별자
서울특별시,082_0043,sample_082_0043_000008,준식별자
강남구,082_0043,sample_082_0043_000008,준식별자
/srv/forensics/storage/evidence_082_0043.mov,082_0043,sample_082_0043_000019,기밀정보
10.8.0.5,082_0043,sample_082_0043_000019,기밀정보
123-456-789012,082_0043,sample_082_0043_000020,기밀정보
민태령,082_0043,sample_082_0043_000029,개인정보
http://internal.corp.local/forensics/evidence044,082_0044,sample_082_0044_000003,기밀정보
윤형빈,082_0044,sample_082_0044_000003,개인정보
류윤재,082_0044,sample_082_0044_000021,개인정보
남성,082_0044,sample_082_0044_000022,준식별자
1990년 05월 18일,082_0044,sample_082_0044_000023,준식별자
서울특별시,082_0044,sample_082_0044_000024,준식별자
강남구,082_0044,sample_082_0044_000024,준식별자
기자,082_0044,sample_082_0044_000025,준식별자
http://internal.corp.local/forensics,082_0044,sample_082_0044_000026,기밀정보
10.0.0.12,082_0044,sample_082_0044_000026,기밀정보
/srv/data/evidence/exp_044.img,082_0044,sample_082_0044_000026,기밀정보
vpn.forensics.internal,082_0044,sample_082_0044_000026,기밀정보
권정미,082_0045,sample_082_0045_000007,개인정보
권정미@company.kr,082_0045,sample_082_0045_000007,개인정보
010-1234-5678,082_0045,sample_082_0045_000007,개인정보
https://internal.corp/evidence/vid001.mp4,082_0045,sample_082_0045_000005,기밀정보
문승곤,082_0045,sample_082_0045_000018,개인정보
1990-05-21,082_0045,sample_082_0045_000018,준식별자
남성,082_0045,sample_082_0045_000018,준식별자
서울특별시 강남구,082_0045,sample_082_0045_000018,준식별자
900521-1234567,082_0045,sample_082_0045_000019,개인정보
203.0.113.12,082_0045,sample_082_0045_000020,기밀정보
/srv/internal/analysis/results.db,082_0045,sample_082_0045_000020,기밀정보
vpn.internal.corp,082_0045,sample_082_0045_000021,기밀정보
123-456-789012,082_0045,sample_082_0045_000022,기밀정보
https://evidence.internal/082_0046.mov,082_0046,sample_082_0046_000004,기밀정보
최윤담,082_0046,sample_082_0046_000005,개인정보
010-1234-5678,082_0046,sample_082_0046_000005,개인정보
yoon.d@example.com,082_0046,sample_082_0046_000005,개인정보
서울시 강남구,082_0046,sample_082_0046_000005,준식별자
공현섭,082_0046,sample_082_0046_000012,개인정보
1990-01-01,082_0046,sample_082_0046_000016,준식별자
900101-1234567,082_0046,sample_082_0046_000016,개인정보
서울대학교,082_0046,sample_082_0046_000016,준식별자
123-456-789012,082_0046,sample_082_0046_000017,기밀정보
10.10.10.10,082_0046,sample_082_0046_000018,기밀정보
vpn.internal.example,082_0046,sample_082_0046_000018,기밀정보
/srv/forensics/evidence/082_0046.mov,082_0046,sample_082_0046_000018,기밀정보
주기명,082_0047,sample_082_0047_000006,개인정보
홍정연,082_0047,sample_082_0047_000007,개인정보
010-1234-5678,082_0047,sample_082_0047_000008,개인정보
1985,082_0047,sample_082_0047_000009,준식별자
03,082_0047,sample_082_0047_000010,준식별자
12,082_0047,sample_082_0047_000011,준식별자
여성,082_0047,sample_082_0047_000012,준식별자
서울특별시,082_0047,sample_082_0047_000013,준식별자
종로구,082_0047,sample_082_0047_000014,준식별자
청운동,082_0047,sample_082_0047_000015,준식별자
기자,082_0047,sample_082_0047_000016,준식별자
https://intranet.corp.local/forensics/CASE47,082_0047,sample_082_0047_000020,기밀정보
/srv/forensics/case_082_0047/raw/video.mp4,082_0047,sample_082_0047_000021,기밀정보
10.0.0.12,082_0047,sample_082_0047_000022,기밀정보
forensics_admin,082_0047,sample_082_0047_000023,기밀정보
오누리,082_0048,sample_082_0048_000024,개인정보
P_0001,082_0048,sample_082_0048_000024,개인정보
서영란,082_0048,sample_082_0048_000025,개인정보
1985,082_0048,sample_082_0048_000025,준식별자
07,082_0048,sample_082_0048_000025,준식별자
12,082_0048,sample_082_0048_000025,준식별자
임동헌,082_0048,sample_082_0048_000026,개인정보
서울특별시,082_0048,sample_082_0048_000026,준식별자
강남구,082_0048,sample_082_0048_000026,준식별자
역삼동,082_0048,sample_082_0048_000026,준식별자
/data/case_0048/raw/original.mp4,082_0048,sample_082_0048_000027,기밀정보
10.0.0.5,082_0048,sample_082_0048_000027,기밀정보
987-654-321,082_0048,sample_082_0048_000027,기밀정보
박나율,082_0049,sample_082_0049_000007,개인정보
송유,082_0049,sample_082_0049_000015,개인정보
민나원,082_0049,sample_082_0049_000016,개인정보
010-1234-5678,082_0049,sample_082_0049_000025,개인정보
서울특별시,082_0049,sample_082_0049_000006,준식별자
강남구,082_0049,sample_082_0049_000006,준식별자
1985-07-12,082_0049,sample_082_0049_000005,준식별자
10.0.0.5,082_0049,sample_082_0049_000026,기밀정보
/srv/data/evidence/secret.mov,082_0049,sample_082_0049_000027,기밀정보
987-654-321,082_0049,sample_082_0049_000028,기밀정보
정서담,082_0050,sample_082_0050_000002,개인정보
강우주,082_0050,sample_082_0050_000012,개인정보
최온유,082_0050,sample_082_0050_000013,개인정보
1985-06-15,082_0050,sample_082_0050_000014,준식별자
남성,082_0050,sample_082_0050_000015,준식별자
종로구,082_0050,sample_082_0050_000016,준식별자
10.0.0.12,082_0050,sample_082_0050_000017,기밀정보
internal-api.corp.local,082_0050,sample_082_0050_000018,기밀정보
internal-db.corp.local,082_0050,sample_082_0050_000005,기밀정보
하솔민,082_0051,sample_082_0051_000002,개인정보
1990-05-12,082_0051,sample_082_0051_000003,준식별자
여성,082_0051,sample_082_0051_000003,준식별자
서울특별시 강남구,082_0051,sample_082_0051_000004,준식별자
내부연구소,082_0051,sample_082_0051_000005,준식별자
123-456-789012,082_0051,sample_082_0051_000006,기밀정보
10.10.0.5,082_0051,sample_082_0051_000007,기밀정보
https://internal.corp.local/forensics,082_0051,sample_082_0051_000008,기밀정보
hasolmin@example.com,082_0051,sample_082_0051_000009,개인정보
010-1234-5678,082_0051,sample_082_0051_000010,개인정보
백유리,082_0051,sample_082_0051_000012,개인정보
/srv/forensics/store/evidence_082_0052.mkv,082_0052,sample_082_0052_000004,기밀정보
https://internal.example.com/evidence/082_0052.mkv,082_0052,sample_082_0052_000005,기밀정보
하태리,082_0052,sample_082_0052_000007,개인정보
COC-2025-0007,082_0052,sample_082_0052_000008,기밀정보
DeepForensicsNet v2.3.1,082_0052,sample_082_0052_000010,기밀정보
ER-082-0052,082_0052,sample_082_0052_000014,기밀정보
CAM-17,082_0052,sample_082_0052_000016,기밀정보
/srv/forensics/artifacts/saliency_082_0052.png,082_0052,sample_082_0052_000021,기밀정보
/srv/forensics/artifacts/spectrogram_082_0052.png,082_0052,sample_082_0052_000022,기밀정보
한승후,082_0052,sample_082_0052_000026,개인정보
1985,082_0052,sample_082_0052_000027,준식별자
06,082_0052,sample_082_0052_000027,준식별자
12,082_0052,sample_082_0052_000027,준식별자
서울특별시,082_0052,sample_082_0052_000028,준식별자
강남구,082_0052,sample_082_0052_000028,준식별자
10.0.4.22,082_0052,sample_082_0052_000029,기밀정보
****-**6789,082_0052,sample_082_0052_000030,기밀정보
민정하,082_0053,sample_082_0053_000007,개인정보
minjeongha@redacted.example.com,082_0053,sample_082_0053_000007,개인정보
010-9876-5432,082_0053,sample_082_0053_000007,개인정보
민정하,082_0053,sample_082_0053_000025,개인정보
한은호,082_0053,sample_082_0053_000025,개인정보
송겸서,082_0053,sample_082_0053_000025,개인정보
서울특별시 강남구 역삼동 123-45,082_0053,sample_082_0053_000026,개인정보
1990-01-15,082_0053,sample_082_0053_000027,준식별자
여성,082_0053,sample_082_0053_000027,준식별자
대한민국,082_0053,sample_082_0053_000027,준식별자
10.10.20.5,082_0053,sample_082_0053_000028,기밀정보
/srv/forensics/evidence/082_0053/original.mov,082_0053,sample_082_0053_000028,기밀정보
vpn.internal.corp,082_0053,sample_082_0053_000028,기밀정보
123-456-XXXXXX,082_0053,sample_082_0053_000028,기밀정보
/srv/forensics/evidence/082_0053/analysis/saliency.png,082_0053,sample_082_0053_000021,기밀정보
차연,082_0054,sample_082_0054_000006,개인정보
남리영,082_0054,sample_082_0054_000027,개인정보
배윤호,082_0054,sample_082_0054_000027,개인정보
2025-01-15T14:32:00Z,082_0054,sample_082_0054_000005,준식별자
서울특별시,082_0054,sample_082_0054_000016,준식별자
강남구,082_0054,sample_082_0054_000016,준식별자
테헤란로,082_0054,sample_082_0054_000016,준식별자
https://evidence.example.local/download/082_0054,082_0054,sample_082_0054_000004,기밀정보
COC-2025-00054,082_0054,sample_082_0054_000007,기밀정보
dataset_snapshot_2024_12.tar.gz,082_0054,sample_082_0054_000009,기밀정보
FD_v2.1_202501,082_0054,sample_082_0054_000009,기밀정보
/data/082_0054/original.mp4,082_0054,sample_082_0054_000025,기밀정보
백동인,082_0055,sample_082_0055_000006,개인정보
1985-07-12,082_0055,sample_082_0055_000007,준식별자
남성,082_0055,sample_082_0055_000008,준식별자
서울 중구,082_0055,sample_082_0055_000009,준식별자
제트소프트,082_0055,sample_082_0055_000009,준식별자
123-456-789,082_0055,sample_082_0055_000011,기밀정보
example@domain.com,082_0055,sample_082_0055_000012,개인정보
010-1234-5678,082_0055,sample_082_0055_000013,개인정보
10.0.0.5,082_0055,sample_082_0055_000014,기밀정보
하채윤,082_0056,sample_082_0056_000004,개인정보
최정연,082_0056,sample_082_0056_000006,개인정보
010-2345-6789,082_0056,sample_082_0056_000007,개인정보
hcy@example.com,082_0056,sample_082_0056_000007,개인정보
1990-05-12,082_0056,sample_082_0056_000008,준식별자
여성,082_0056,sample_082_0056_000008,준식별자
서울특별시 강남구,082_0056,sample_082_0056_000009,준식별자
COC-2025-082-0056,082_0056,sample_082_0056_000010,기밀정보
10.0.4.12,082_0056,sample_082_0056_000012,기밀정보
/srv/data/evidence/082_0056/raw.mov,082_0056,sample_082_0056_000013,기밀정보
/srv/data/evidence/082_0056/processed.mp4,082_0056,sample_082_0056_000013,기밀정보
ER-2025-082-0056,082_0056,sample_082_0056_000026,기밀정보
2025,082_0057,sample_082_0057_000005,준식별자
11,082_0057,sample_082_0057_000005,준식별자
03,082_0057,sample_082_0057_000005,준식별자
이나은,082_0057,sample_082_0057_000006,개인정보
서울특별시,082_0057,sample_082_0057_000007,준식별자
종로구,082_0057,sample_082_0057_000007,준식별자
송동근,082_0057,sample_082_0057_000008,개인정보
양여온,082_0057,sample_082_0057_000011,개인정보
김동욱,082_0057,sample_082_0057_000014,개인정보
송수민,082_0058,sample_082_0058_000006,개인정보
서울특별시,082_0058,sample_082_0058_000023,준식별자
강남구,082_0058,sample_082_0058_000023,준식별자
역삼동,082_0058,sample_082_0058_000023,준식별자
역삼동 123-45,082_0058,sample_082_0058_000024,개인정보
1989,082_0058,sample_082_0058_000025,준식별자
10,082_0058,sample_082_0058_000025,준식별자
01,082_0058,sample_082_0058_000025,준식별자
남성,082_0058,sample_082_0058_000026,준식별자
포렌식랩,082_0058,sample_082_0058_000027,준식별자
10.0.0.12,082_0058,sample_082_0058_000028,기밀정보
/srv/forensics/case_058/report.pdf,082_0058,sample_082_0058_000028,기밀정보
https://internal.example.local/case/058,082_0058,sample_082_0058_000028,기밀정보
116-01-123456,082_0058,sample_082_0058_000028,기밀정보
010-1234-5678,082_0058,sample_082_0058_000029,개인정보
ssm2023@example.com,082_0058,sample_082_0058_000029,개인정보
900101-1234567,082_0058,sample_082_0058_000030,개인정보
노미혜,082_0059,sample_082_0059_000007,개인정보
장찬영,082_0059,sample_082_0059_000016,개인정보
870101-1******,082_0059,sample_082_0059_000022,개인정보
010-0000-1234,082_0059,sample_082_0059_000023,개인정보
jang.ch@exam-ple.com,082_0059,sample_082_0059_000024,개인정보
1987,082_0059,sample_082_0059_000025,준식별자
01,082_0059,sample_082_0059_000026,준식별자
01,082_0059,sample_082_0059_000027,준식별자
남,082_0059,sample_082_0059_000028,준식별자
서울특별시,082_0059,sample_082_0059_000029,준식별자
강남구,082_0059,sample_082_0059_000030,준식별자
ACME 연구소,082_0059,sample_082_0059_000031,준식별자
대한민국,082_0059,sample_082_0059_000032,준식별자
123-456789-00,082_0059,sample_082_0059_000033,기밀정보
10.0.0.5,082_0059,sample_082_0059_000034,기밀정보
https://intranet.local/secure,082_0059,sample_082_0059_000035,기밀정보
송성원,082_0060,sample_082_0060_000007,개인정보
송성원,082_0060,sample_082_0060_000027,개인정보
공종율,082_0060,sample_082_0060_000007,개인정보
공종율,082_0060,sample_082_0060_000027,개인정보
010-1234-****,082_0060,sample_082_0060_000027,개인정보
song.s@company.com,082_0060,sample_082_0060_000027,개인정보
1990-05-12,082_0060,sample_082_0060_000028,준식별자
남성,082_0060,sample_082_0060_000028,준식별자
서울특별시 강남구,082_0060,sample_082_0060_000028,준식별자
123-456-789012,082_0060,sample_082_0060_000029,기밀정보
192.168.10.45,082_0060,sample_082_0060_000029,기밀정보
/srv/db/credentials.env,082_0060,sample_082_0060_000029,기밀정보
http://internal.example.local/report/82,082_0060,sample_082_0060_000005,기밀정보
황정운,082_0061,sample_082_0061_000005,개인정보
hjwon@example.com,082_0061,sample_082_0061_000006,개인정보
010-1234-5678,082_0061,sample_082_0061_000007,개인정보
남성,082_0061,sample_082_0061_000008,준식별자
1985-07-12,082_0061,sample_082_0061_000008,준식별자
서울특별시,082_0061,sample_082_0061_000008,준식별자
강남구,082_0061,sample_082_0061_000008,준식별자
역삼동,082_0061,sample_082_0061_000008,준식별자
192.168.100.10,082_0061,sample_082_0061_000024,기밀정보
/srv/forensics/data,082_0061,sample_082_0061_000024,기밀정보
123-456-7890,082_0061,sample_082_0061_000025,기밀정보
배환석,082_0062,sample_082_0062_000006,개인정보
bhs@company.com,082_0062,sample_082_0062_000006,개인정보
010-1234-5678,082_0062,sample_082_0062_000006,개인정보
조현준,082_0062,sample_082_0062_000013,개인정보
남성,082_0062,sample_082_0062_000017,준식별자
1990-05-12,082_0062,sample_082_0062_000017,준식별자
1990,082_0062,sample_082_0062_000017,준식별자
05,082_0062,sample_082_0062_000017,준식별자
12,082_0062,sample_082_0062_000017,준식별자
서울특별시,082_0062,sample_082_0062_000018,준식별자
강남구,082_0062,sample_082_0062_000018,준식별자
역삼동 123-45,082_0062,sample_082_0062_000018,개인정보
계좌번호: 123-456-789012,082_0062,sample_082_0062_000019,기밀정보
https://internal.corp.local/secure/upload,082_0062,sample_082_0062_000019,기밀정보
10.0.0.5,082_0062,sample_082_0062_000020,기밀정보
/srv/media/uploads/2025/01/01/file.mp4,082_0062,sample_082_0062_000020,기밀정보
https://internal.corp.example/secure/video/clip01.mp4,082_0063,sample_082_0063_000004,기밀정보
송하나,082_0063,sample_082_0063_000006,개인정보
010-1234-5678,082_0063,sample_082_0063_000007,개인정보
1990년 05월 21일,082_0063,sample_082_0063_000020,준식별자
서울특별시 강남구 역삼동,082_0063,sample_082_0063_000021,준식별자
110-123456-789,082_0063,sample_082_0063_000022,기밀정보
10.1.2.3,082_0063,sample_082_0063_000023,기밀정보
https://internal.corp.example/secure,082_0063,sample_082_0063_000023,기밀정보
사번 20231234,082_0063,sample_082_0063_000024,개인정보
장준호,082_0063,sample_082_0063_000025,개인정보
문무형,082_0064,sample_082_0064_000007,개인정보
010-1234-5678,082_0064,sample_082_0064_000024,개인정보
1985-06-15,082_0064,sample_082_0064_000025,준식별자
남성,082_0064,sample_082_0064_000025,준식별자
서울특별시 강남구 역삼동,082_0064,sample_082_0064_000026,준식별자
10.0.0.5,082_0064,sample_082_0064_000027,기밀정보
/srv/media/evidence/vid_0064.mp4,082_0064,sample_082_0064_000027,기밀정보
123-456-789,082_0064,sample_082_0064_000028,기밀정보
https://internal.example.com/download?token=abc123,082_0064,sample_082_0064_000028,기밀정보
지상일,082_0065,sample_082_0065_000004,개인정보
오이건,082_0065,sample_082_0065_000015,개인정보
010-1234-5678,082_0065,sample_082_0065_000016,개인정보
서울특별시,082_0065,sample_082_0065_000017,준식별자
강남구,082_0065,sample_082_0065_000017,준식별자
역삼동,082_0065,sample_082_0065_000017,준식별자
남성,082_0065,sample_082_0065_000018,준식별자
1990,082_0065,sample_082_0065_000018,준식별자
05,082_0065,sample_082_0065_000018,준식별자
12,082_0065,sample_082_0065_000018,준식별자
백재희,082_0065,sample_082_0065_000019,개인정보
내부 검토자 및 결재선,082_0065,sample_082_0065_000019,기밀정보
/srv/forensics/evidence/vid_0001.mp4,082_0065,sample_082_0065_000006,기밀정보
192.168.100.10,082_0065,sample_082_0065_000007,기밀정보
송문성,082_0066,sample_082_0066_000005,개인정보
송문성,082_0066,sample_082_0066_000022,개인정보
한예령,082_0066,sample_082_0066_000014,개인정보
여성,082_0066,sample_082_0066_000023,준식별자
1985-07-15,082_0066,sample_082_0066_000023,준식별자
서울시 강남구,082_0066,sample_082_0066_000023,준식별자
서울중앙병원,082_0066,sample_082_0066_000024,준식별자
10.0.0.23,082_0066,sample_082_0066_000025,기밀정보
https://intranet.corp.local/forensics,082_0066,sample_082_0066_000025,기밀정보
123-456-789012,082_0066,sample_082_0066_000026,기밀정보
임재철,082_0067,sample_082_0067_000003,개인정보
010-1234-5678,082_0067,sample_082_0067_000004,개인정보
imjaecheol@example.com,082_0067,sample_082_0067_000005,개인정보
850101-1234567,082_0067,sample_082_0067_000006,개인정보
1985,082_0067,sample_082_0067_000007,준식별자
01,082_0067,sample_082_0067_000007,준식별자
01,082_0067,sample_082_0067_000007,준식별자
남성,082_0067,sample_082_0067_000008,준식별자
서울특별시,082_0067,sample_082_0067_000009,준식별자
강남구,082_0067,sample_082_0067_000009,준식별자
역삼동,082_0067,sample_082_0067_000009,준식별자
연구원,082_0067,sample_082_0067_000010,준식별자
10.0.4.12,082_0067,sample_082_0067_000011,기밀정보
http://intranet.corp.local/media/secret,082_0067,sample_082_0067_000012,기밀정보
/srv/forensics/2026/082_0067/raw.mov,082_0067,sample_082_0067_000013,기밀정보
123-456-789012,082_0067,sample_082_0067_000014,기밀정보
오광일,082_0067,sample_082_0067_000016,개인정보
오찬영,082_0068,sample_082_0068_000008,개인정보
김경림,082_0068,sample_082_0068_000015,개인정보
여성,082_0068,sample_082_0068_000011,준식별자
1990,082_0068,sample_082_0068_000011,준식별자
05,082_0068,sample_082_0068_000011,준식별자
12,082_0068,sample_082_0068_000011,준식별자
서울특별시,082_0068,sample_082_0068_000011,준식별자
마포구,082_0068,sample_082_0068_000011,준식별자
/srv/data/forensics/case_068/raw.mov,082_0068,sample_082_0068_000020,기밀정보
10.0.0.5,082_0068,sample_082_0068_000020,기밀정보
internal.example.local,082_0068,sample_082_0068_000020,기밀정보
안연욱,082_0069,sample_082_0069_000006,개인정보
이성록,082_0069,sample_082_0069_000016,개인정보
lee.sr@example.com,082_0069,sample_082_0069_000017,개인정보
010-1234-5678,082_0069,sample_082_0069_000017,개인정보
서울특별시 중구 을지로 12-3 101호,082_0069,sample_082_0069_000018,개인정보
여성,082_0069,sample_082_0069_000019,준식별자
1987-05-12,082_0069,sample_082_0069_000019,준식별자
서울특별시,082_0069,sample_082_0069_000019,준식별자
Datalab Co.,082_0069,sample_082_0069_000019,준식별자
10.42.0.5,082_0069,sample_082_0069_000020,기밀정보
vpn.internal.corp,082_0069,sample_082_0069_000020,기밀정보
/srv/data/forensics/raw/evidence_082_0069.dd,082_0069,sample_082_0069_000020,기밀정보
987-654321-00,082_0069,sample_082_0069_000021,기밀정보
윤민균,082_0070,sample_082_0070_000005,개인정보
서겸재,082_0070,sample_082_0070_000006,개인정보
남성,082_0070,sample_082_0070_000008,준식별자
1990-01-01,082_0070,sample_082_0070_000009,준식별자
강남구,082_0070,sample_082_0070_000010,준식별자
교수,082_0070,sample_082_0070_000011,준식별자
10.0.0.45,082_0070,sample_082_0070_000014,기밀정보
/srv/forensics/evidence_082_0070.bin,082_0070,sample_082_0070_000016,기밀정보
vpn.corp.internal,082_0070,sample_082_0070_000019,기밀정보
계좌번호 123-456-789012,082_0070,sample_082_0070_000030,기밀정보
이은준,082_0071,sample_082_0071_000005,개인정보
010-1234-5678,082_0071,sample_082_0071_000006,개인정보
eunjun@example.com,082_0071,sample_082_0071_000006,개인정보
1985-03-14,082_0071,sample_082_0071_000027,준식별자
서울특별시 종로구,082_0071,sample_082_0071_000028,준식별자
10.0.0.5,082_0071,sample_082_0071_000029,기밀정보
http://internal.corp.local/report,082_0071,sample_082_0071_000029,기밀정보
곽이음,082_0072,sample_082_0072_000007,개인정보
010-****-1234,082_0072,sample_082_0072_000008,개인정보
1988,082_0072,sample_082_0072_000028,준식별자
05,082_0072,sample_082_0072_000028,준식별자
12,082_0072,sample_082_0072_000028,준식별자
여성,082_0072,sample_082_0072_000028,준식별자
서울특별시,082_0072,sample_082_0072_000029,준식별자
강남구,082_0072,sample_082_0072_000029,준식별자
삼성동,082_0072,sample_082_0072_000029,준식별자
10.10.0.5,082_0072,sample_082_0072_000030,기밀정보
/srv/forensics/evidence/record_072.wav,082_0072,sample_082_0072_000030,기밀정보
https://internal.example.local/report/72,082_0072,sample_082_0072_000030,기밀정보
구보결,082_0073,sample_082_0073_000005,개인정보
심샛별,082_0073,sample_082_0073_000006,개인정보
COC-2025-00045,082_0073,sample_082_0073_000007,기밀정보
손민철,082_0073,sample_082_0073_000019,개인정보
남,082_0073,sample_082_0073_000020,준식별자
1985,082_0073,sample_082_0073_000020,준식별자
07,082_0073,sample_082_0073_000020,준식별자
12,082_0073,sample_082_0073_000020,준식별자
서울특별시,082_0073,sample_082_0073_000021,준식별자
강남구,082_0073,sample_082_0073_000021,준식별자
역삼동,082_0073,sample_082_0073_000021,준식별자
엔지니어,082_0073,sample_082_0073_000022,준식별자
ACME Labs,082_0073,sample_082_0073_000022,준식별자
/srv/forensics/images/증거_A.png,082_0073,sample_082_0073_000027,기밀정보
vpn.internal.corp,082_0073,sample_082_0073_000027,기밀정보
윤두현,082_0074,sample_082_0074_000004,개인정보
https://internal.example.org/evidence/vid1.mp4,082_0074,sample_082_0074_000004,기밀정보
권문걸,082_0074,sample_082_0074_000020,개인정보
850713-1234567,082_0074,sample_082_0074_000021,개인정보
1985-07-13,082_0074,sample_082_0074_000022,준식별자
서초구,082_0074,sample_082_0074_000022,준식별자
반포동,082_0074,sample_082_0074_000022,준식별자
010-1234-5678,082_0074,sample_082_0074_000023,개인정보
ydh@example.com,082_0074,sample_082_0074_000023,개인정보
123-456-789012,082_0074,sample_082_0074_000024,기밀정보
10.0.0.5,082_0074,sample_082_0074_000024,기밀정보
https://internal.example.org/evidence/vid1.mp4,082_0074,sample_082_0074_000024,기밀정보
나재한,082_0075,sample_082_0075_000004,개인정보
임기호,082_0075,sample_082_0075_000005,개인정보
1990년 05월 12일,082_0075,sample_082_0075_000006,준식별자
남성,082_0075,sample_082_0075_000007,준식별자
서울특별시 강남구,082_0075,sample_082_0075_000008,준식별자
jae***@exam.com,082_0075,sample_082_0075_000009,개인정보
10.20.30.40,082_0075,sample_082_0075_000010,기밀정보
/srv/forensics/evidence_075.mp4,082_0075,sample_082_0075_000011,기밀정보
채윤송,082_0076,sample_082_0076_000005,개인정보
문찬이,082_0076,sample_082_0076_000006,개인정보
홍선혜,082_0076,sample_082_0076_000006,개인정보
20213456,082_0076,sample_082_0076_000007,개인정보
1985-07-12,082_0076,sample_082_0076_000021,준식별자
남성,082_0076,sample_082_0076_000022,준식별자
서울특별시 강남구,082_0076,sample_082_0076_000023,준식별자
/srv/forensics/case0076/evidence.mp4,082_0076,sample_082_0076_000024,기밀정보
192.0.2.45,082_0076,sample_082_0076_000025,기밀정보
****-****-1234,082_0076,sample_082_0076_000026,기밀정보
채윤송@example.com,082_0076,sample_082_0076_000027,개인정보
장세온,082_0077,sample_082_0077_000004,개인정보
허태연,082_0077,sample_082_0077_000009,개인정보
1990-05-12,082_0077,sample_082_0077_000010,준식별자
여성,082_0077,sample_082_0077_000010,준식별자
서울특별시 강남구,082_0077,sample_082_0077_000010,준식별자
주식회사 아크메랩,082_0077,sample_082_0077_000011,준식별자
10.8.0.42,082_0077,sample_082_0077_000016,기밀정보
admin_user,082_0077,sample_082_0077_000016,기밀정보
110-22-333333,082_0077,sample_082_0077_000017,기밀정보
안재화,082_0078,sample_082_0078_000008,개인정보
남영채,082_0078,sample_082_0078_000015,개인정보
공성식,082_0078,sample_082_0078_000016,개인정보
010-1234-5678,082_0078,sample_082_0078_000021,개인정보
ajh.contact@example.com,082_0078,sample_082_0078_000021,개인정보
서울특별시 강남구 역삼동 12-3,082_0078,sample_082_0078_000022,개인정보
1987-05-12,082_0078,sample_082_0078_000022,준식별자
남성,082_0078,sample_082_0078_000022,준식별자
연구원(한국정보포렌식연구소),082_0078,sample_082_0078_000022,준식별자
10.10.10.5,082_0078,sample_082_0078_000023,기밀정보
102-123456-01-001,082_0078,sample_082_0078_000023,기밀정보
/srv/case/082_0078/원본.mov,082_0078,sample_082_0078_000023,기밀정보
진근영,082_0078,sample_082_0078_000029,개인정보
손용석,082_0078,sample_082_0078_000029,개인정보
임상효,082_0078,sample_082_0078_000030,개인정보
권명화,082_0079,sample_082_0079_000002,개인정보
장현산,082_0079,sample_082_0079_000005,개인정보
김해연,082_0079,sample_082_0079_000007,개인정보
010-1234-5678,082_0079,sample_082_0079_000008,개인정보
user@example.com,082_0079,sample_082_0079_000009,개인정보
남성,082_0079,sample_082_0079_000010,준식별자
1985년 07월 14일,082_0079,sample_082_0079_000010,준식별자
서울시 강남구,082_0079,sample_082_0079_000011,준식별자
연구원,082_0079,sample_082_0079_000012,준식별자
178cm,082_0079,sample_082_0079_000013,준식별자
72kg,082_0079,sample_082_0079_000013,준식별자
https://internal.corp.local/evidence/082_0079.mov,082_0079,sample_082_0079_000004,기밀정보
10.0.3.45,082_0079,sample_082_0079_000014,기밀정보
/srv/media/archive/082_0079_original.mov,082_0079,sample_082_0079_000015,기밀정보
confidential_review_notes.docx,082_0079,sample_082_0079_000015,기밀정보
123-456-789012,082_0079,sample_082_0079_000016,기밀정보
https://internal.example.com/evidence/082-0080.mov,082_0080,sample_082_0080_000004,기밀정보
박현우,082_0080,sample_082_0080_000005,개인정보
010-1234-5678,082_0080,sample_082_0080_000005,개인정보
phw@example.com,082_0080,sample_082_0080_000005,개인정보
/srv/forensics/raw/evidence_0080.mov,082_0080,sample_082_0080_000027,기밀정보
10.8.15.23,082_0080,sample_082_0080_000027,기밀정보
110-123-456789,082_0080,sample_082_0080_000027,기밀정보
서승환,082_0081,sample_082_0081_000004,개인정보
010-1234-5678,082_0081,sample_082_0081_000005,개인정보
seoseunghwan@example.com,082_0081,sample_082_0081_000006,개인정보
/srv/forensics/raw/evidence_082_0081.mov,082_0081,sample_082_0081_000015,기밀정보
10.10.10.5,082_0081,sample_082_0081_000016,기밀정보
오제원,082_0081,sample_082_0081_000017,개인정보
공서웅,082_0081,sample_082_0081_000017,개인정보
서승환,082_0081,sample_082_0081_000018,개인정보
남성,082_0081,sample_082_0081_000019,준식별자
1985-07-12,082_0081,sample_082_0081_000019,준식별자
서울특별시 강남구 역삼동 123-45,082_0081,sample_082_0081_000019,개인정보
연세대학교 전자공학,082_0081,sample_082_0081_000020,준식별자
연구원,082_0081,sample_082_0081_000020,준식별자
아카데미랩,082_0081,sample_082_0081_000020,준식별자
123-456-789012,082_0081,sample_082_0081_000021,기밀정보
최서린,082_0082,sample_082_0082_000007,개인정보
010-1234-5678,082_0082,sample_082_0082_000007,개인정보
minyein@example.com,082_0082,sample_082_0082_000007,개인정보
권경,082_0082,sample_082_0082_000009,개인정보
고선준,082_0082,sample_082_0082_000009,개인정보
/srv/forensics/raw/082_0082_001.mp4,082_0082,sample_082_0082_000010,기밀정보
192.168.10.5,082_0082,sample_082_0082_000011,기밀정보
forensics_admin,082_0082,sample_082_0082_000011,기밀정보
서울특별시 강남구,082_0082,sample_082_0082_000012,준식별자
계좌번호 110-123-456789,082_0082,sample_082_0082_000026,기밀정보
https://intranet.example.org/secure/report/0082,082_0082,sample_082_0082_000026,기밀정보
사번 20220034,082_0082,sample_082_0082_000027,개인정보
민예인,082_0082,sample_082_0082_000030,개인정보
안주윤,082_0083,sample_082_0083_000003,개인정보
사번 202345,082_0083,sample_082_0083_000003,개인정보
한국디지털포렌식연구소,082_0083,sample_082_0083_000003,준식별자
1990-05-15,082_0083,sample_082_0083_000004,준식별자
여성,082_0083,sample_082_0083_000004,준식별자
서울특별시,082_0083,sample_082_0083_000006,준식별자
중구,082_0083,sample_082_0083_000006,준식별자
/srv/data/case_082/original.mov,082_0083,sample_082_0083_000019,기밀정보
10.10.5.4,082_0083,sample_082_0083_000024,기밀정보
문진성,082_0084,sample_082_0084_000005,개인정보
mjseong@example.com,082_0084,sample_082_0084_000006,개인정보
010-1234-5678,082_0084,sample_082_0084_000007,개인정보
주민등록번호,082_0084,sample_082_0084_000008,개인정보
남성,082_0084,sample_082_0084_000009,준식별자
1985년,082_0084,sample_082_0084_000009,준식별자
07월,082_0084,sample_082_0084_000009,준식별자
12일,082_0084,sample_082_0084_000009,준식별자
서울특별시,082_0084,sample_082_0084_000009,준식별자
강남구,082_0084,sample_082_0084_000009,준식별자
역삼동,082_0084,sample_082_0084_000009,준식별자
/srv/evidence/2026/SMP-20260123-0001.mp4,082_0084,sample_082_0084_000010,기밀정보
10.10.0.5,082_0084,sample_082_0084_000010,기밀정보
evidence_db_admin,082_0084,sample_082_0084_000010,기밀정보
권엘라,082_0084,sample_082_0084_000023,개인정보
우윤석,082_0085,sample_082_0085_000006,개인정보
010-1234-5678,082_0085,sample_082_0085_000007,개인정보
wuseok@example.com,082_0085,sample_082_0085_000008,개인정보
1990-05-12,082_0085,sample_082_0085_000006,준식별자
서울특별시 강남구,082_0085,sample_082_0085_000006,준식별자
10.0.0.5,082_0085,sample_082_0085_000022,기밀정보
/srv/data/evidence.mp4,082_0085,sample_082_0085_000023,기밀정보
123-456-789,082_0085,sample_082_0085_000024,기밀정보
https://internal.example.com/cases/2026/082_0086.mp4,082_0086,sample_082_0086_000004,기밀정보
박혁민,082_0086,sample_082_0086_000006,개인정보
문건호,082_0086,sample_082_0086_000015,개인정보
1990-05-12,082_0086,sample_082_0086_000016,준식별자
남성,082_0086,sample_082_0086_000016,준식별자
종로구,082_0086,sample_082_0086_000017,준식별자
010-1234-5678,082_0086,sample_082_0086_000018,개인정보
min@example.com,082_0086,sample_082_0086_000018,개인정보
X12345678,082_0086,sample_082_0086_000019,개인정보
10.0.0.5,082_0086,sample_082_0086_000020,기밀정보
https://internal.example.com/secure/report/082_0086,082_0086,sample_082_0086_000020,기밀정보
123-456-789012,082_0086,sample_082_0086_000021,기밀정보
민현도,082_0087,sample_082_0087_000005,개인정보
민현도,082_0087,sample_082_0087_000018,개인정보
남성,082_0087,sample_082_0087_000019,준식별자
1985,082_0087,sample_082_0087_000019,준식별자
01,082_0087,sample_082_0087_000019,준식별자
01,082_0087,sample_082_0087_000019,준식별자
서울특별시,082_0087,sample_082_0087_000019,준식별자
강남구,082_0087,sample_082_0087_000019,준식별자
010-****-5678,082_0087,sample_082_0087_000020,개인정보
minhyeondo[at]example.com,082_0087,sample_082_0087_000020,개인정보
850101-*******,082_0087,sample_082_0087_000021,개인정보
192.168.0.10,082_0087,sample_082_0087_000022,기밀정보
/srv/forensics/evidence_082_0087,082_0087,sample_082_0087_000022,기밀정보
https://internal.forensics.local/evidence/082_0087,082_0087,sample_082_0087_000022,기밀정보
forensic_admin,082_0087,sample_082_0087_000022,기밀정보
https://internal.corp/evidence/082/raw.mp4,082_0088,sample_082_0088_000005,기밀정보
10.0.8.22,082_0088,sample_082_0088_000006,기밀정보
/srv/data/forensics/case_0088/raw.mp4,082_0088,sample_082_0088_000006,기밀정보
vpn.internal.corp,082_0088,sample_082_0088_000006,기밀정보
곽서은,082_0088,sample_082_0088_000007,개인정보
여성,082_0088,sample_082_0088_000007,준식별자
1990-05-12,082_0088,sample_082_0088_000007,준식별자
서울특별시,082_0088,sample_082_0088_000009,준식별자
강남구,082_0088,sample_082_0088_000010,준식별자
우예은,082_0089,sample_082_0089_000003,개인정보
우예은,082_0089,sample_082_0089_000007,개인정보
오현율,082_0089,sample_082_0089_000006,개인정보
1990-05-12,082_0089,sample_082_0089_000004,준식별자
여성,082_0089,sample_082_0089_000004,준식별자
서울특별시 강남구,082_0089,sample_082_0089_000005,준식별자
/srv/data/evidence/우예은_case1.mov,082_0089,sample_082_0089_000007,기밀정보
ueeun@example.com,082_0089,sample_082_0089_000008,개인정보
010-5555-1234,082_0089,sample_082_0089_000009,개인정보
이로훈,082_0089,sample_082_0089_000016,개인정보
10.0.0.5,082_0089,sample_082_0089_000024,기밀정보
https://internal.corp.local/evidence/82/0089,082_0089,sample_082_0089_000024,기밀정보
123-456-789,082_0089,sample_082_0089_000025,기밀정보
20211234,082_0089,sample_082_0089_000026,개인정보
한국정보연구소,082_0089,sample_082_0089_000027,준식별자
오도하,082_0089,sample_082_0089_000028,개인정보
심신영,082_0089,sample_082_0089_000029,개인정보
고하경,082_0089,sample_082_0089_000029,개인정보
나윤모,082_0090,sample_082_0090_000006,개인정보
유루리,082_0090,sample_082_0090_000015,개인정보
사번 20191234,082_0090,sample_082_0090_000018,개인정보
남성,082_0090,sample_082_0090_000019,준식별자
1990년,082_0090,sample_082_0090_000019,준식별자
강남구,082_0090,sample_082_0090_000019,준식별자
교수,082_0090,sample_082_0090_000019,준식별자
한국,082_0090,sample_082_0090_000019,준식별자
계좌번호: ****1234,082_0090,sample_082_0090_000020,기밀정보
서버 IP 10.0.0.5,082_0090,sample_082_0090_000020,기밀정보
https://internal.example.com/secure,082_0090,sample_082_0090_000020,기밀정보
vpn.internal.local,082_0090,sample_082_0090_000020,기밀정보
홍승철,082_0091,sample_082_0091_000004,개인정보
성별: 남,082_0091,sample_082_0091_000027,준식별자
1985-07-23,082_0091,sample_082_0091_000027,준식별자
1985,082_0091,sample_082_0091_000027,준식별자
07,082_0091,sample_082_0091_000027,준식별자
23,082_0091,sample_082_0091_000027,준식별자
한국과학기술원,082_0091,sample_082_0091_000027,준식별자
서울특별시,082_0091,sample_082_0091_000028,준식별자
종로구,082_0091,sample_082_0091_000028,준식별자
10.10.8.12,082_0091,sample_082_0091_000029,기밀정보
/srv/data/private/evidence_082_0091.mkv,082_0091,sample_082_0091_000029,기밀정보
vpn.internal.company.local,082_0091,sample_082_0091_000029,기밀정보
XXX-XXXX-1234,082_0091,sample_082_0091_000029,기밀정보
허준수,082_0092,sample_082_0092_000003,개인정보
minhaedam@example.com,082_0092,sample_082_0092_000004,개인정보
류민호,082_0092,sample_082_0092_000013,개인정보
허도현,082_0092,sample_082_0092_000013,개인정보
1990,082_0092,sample_082_0092_000019,준식별자
05,082_0092,sample_082_0092_000019,준식별자
12,082_0092,sample_082_0092_000019,준식별자
남성,082_0092,sample_082_0092_000019,준식별자
서울특별시,082_0092,sample_082_0092_000019,준식별자
강남구,082_0092,sample_082_0092_000019,준식별자
삼성전자,082_0092,sample_082_0092_000019,준식별자
10.10.10.5,082_0092,sample_082_0092_000020,기밀정보
/srv/secrets/analysis.db,082_0092,sample_082_0092_000020,기밀정보
123-456-7890,082_0092,sample_082_0092_000020,기밀정보
https://evidence.internal/082_0093,082_0093,sample_082_0093_000004,기밀정보
강성원,082_0093,sample_082_0093_000006,개인정보
주윤승,082_0093,sample_082_0093_000019,개인정보
남성,082_0093,sample_082_0093_000019,준식별자
1985-07-12,082_0093,sample_082_0093_000019,준식별자
010-1234-****,082_0093,sample_082_0093_000020,개인정보
kangsw@redacted.example,082_0093,sample_082_0093_000020,개인정보
/srv/forensics/evidence/082_0093.img,082_0093,sample_082_0093_000021,기밀정보
10.10.20.15,082_0093,sample_082_0093_000022,기밀정보
vpn.internal.corp,082_0093,sample_082_0093_000022,기밀정보
110-1234-****,082_0093,sample_082_0093_000023,기밀정보
이호재,082_0094,sample_082_0094_000021,개인정보
010-1234-5678,082_0094,sample_082_0094_000021,개인정보
ihj@example.com,082_0094,sample_082_0094_000021,개인정보
1990-05-12,082_0094,sample_082_0094_000022,준식별자
남,082_0094,sample_082_0094_000022,준식별자
서울특별시 강남구 역삼동,082_0094,sample_082_0094_000022,준식별자
성태린,082_0094,sample_082_0094_000023,기밀정보
10.10.0.5,082_0094,sample_082_0094_000023,기밀정보
****-****-1234,082_0094,sample_082_0094_000023,기밀정보
사번 20201234,082_0094,sample_082_0094_000021,개인정보
vpn.secure.example.com,082_0095,sample_082_0095_000006,기밀정보
오소망,082_0095,sample_082_0095_000008,개인정보
192.168.10.45,082_0095,sample_082_0095_000021,기밀정보
/srv/evidence/case_095/clip01.mp4,082_0095,sample_082_0095_000022,기밀정보
123-456-7890,082_0095,sample_082_0095_000023,기밀정보
유경원,082_0095,sample_082_0095_000024,개인정보
osomang.test@example.com,082_0095,sample_082_0095_000025,개인정보
010-1234-5678,082_0095,sample_082_0095_000026,개인정보
900512-1234567,082_0095,sample_082_0095_000027,개인정보
EID-2023-015,082_0095,sample_082_0095_000027,개인정보
1990-05-12,082_0095,sample_082_0095_000028,준식별자
여성,082_0095,sample_082_0095_000028,준식별자
강남구,082_0095,sample_082_0095_000028,준식별자
한국보안연구소,082_0095,sample_082_0095_000028,준식별자
홍영범,082_0096,sample_082_0096_000005,개인정보
임민경,082_0096,sample_082_0096_000014,개인정보
임민경,082_0096,sample_082_0096_000021,개인정보
010-1234-5678,082_0096,sample_082_0096_000021,개인정보
hong@example.com,082_0096,sample_082_0096_000021,개인정보
여성,082_0096,sample_082_0096_000021,준식별자
1990,082_0096,sample_082_0096_000022,준식별자
05,082_0096,sample_082_0096_000023,준식별자
12,082_0096,sample_082_0096_000024,준식별자
서울특별시 강남구,082_0096,sample_082_0096_000025,준식별자
연구원,082_0096,sample_082_0096_000026,준식별자
가상대학,082_0096,sample_082_0096_000026,준식별자
10.0.0.45,082_0096,sample_082_0096_000019,기밀정보
/srv/internal/evidence/evd_082_0096.raw,082_0096,sample_082_0096_000019,기밀정보
123-456-789012,082_0096,sample_082_0096_000027,기밀정보
민세환,082_0097,sample_082_0097_000005,개인정보
유제원,082_0097,sample_082_0097_000006,개인정보
20234,082_0097,sample_082_0097_000006,개인정보
신리후,082_0097,sample_082_0097_000007,개인정보
허재은,082_0097,sample_082_0097_000007,개인정보
010-1234-5678,082_0097,sample_082_0097_000008,개인정보
yjw@example.com,082_0097,sample_082_0097_000008,개인정보
1985,082_0097,sample_082_0097_000009,준식별자
07,082_0097,sample_082_0097_000009,준식별자
23,082_0097,sample_082_0097_000009,준식별자
남성,082_0097,sample_082_0097_000010,준식별자
서울특별시,082_0097,sample_082_0097_000011,준식별자
강남구,082_0097,sample_082_0097_000011,준식별자
역삼동,082_0097,sample_082_0097_000011,준식별자
연구원,082_0097,sample_082_0097_000012,준식별자
한국과학원,082_0097,sample_082_0097_000012,준식별자
/srv/data/forensics/case_0097/evidence.mov,082_0097,sample_082_0097_000013,기밀정보
http://intranet.internal/report_2025.pdf,082_0097,sample_082_0097_000003,기밀정보
192.168.10.5,082_0097,sample_082_0097_000014,기밀정보
vpn.corp.internal,082_0097,sample_082_0097_000014,기밀정보
110-234-567890,082_0097,sample_082_0097_000015,기밀정보
주비주,082_0098,sample_082_0098_000003,개인정보
jubi.ju@example.com,082_0098,sample_082_0098_000004,개인정보
1985,082_0098,sample_082_0098_000005,준식별자
07,082_0098,sample_082_0098_000006,준식별자
14,082_0098,sample_082_0098_000007,준식별자
여성,082_0098,sample_082_0098_000008,준식별자
서울특별시,082_0098,sample_082_0098_000009,준식별자
강남구,082_0098,sample_082_0098_000010,준식별자
S사 연구소,082_0098,sample_082_0098_000011,준식별자
임나예,082_0098,sample_082_0098_000012,개인정보
10.8.32.5,082_0098,sample_082_0098_000018,기밀정보
/srv/forensics/evidence/082_0098/IMG_0001.bin,082_0098,sample_082_0098_000019,기밀정보
vpn.internal.corp,082_0098,sample_082_0098_000020,기밀정보
123-456789-01,082_0098,sample_082_0098_000021,기밀정보
https://internal.example.com/evidence/082_0099.mp4,082_0099,sample_082_0099_000004,기밀정보
하정윤,082_0099,sample_082_0099_000006,개인정보
/srv/forensics/raw/evidence001.mp4,082_0099,sample_082_0099_000019,기밀정보
vpn.forensics.example:1194,082_0099,sample_082_0099_000020,기밀정보
192.0.2.10,082_0099,sample_082_0099_000020,기밀정보
123-456-789,082_0099,sample_082_0099_000021,기밀정보
비공개 내부 보고: 전략 검토 회의,082_0099,sample_082_0099_000022,기밀정보
하정윤,082_0099,sample_082_0099_000023,개인정보
남성,082_0099,sample_082_0099_000023,준식별자
1990,082_0099,sample_082_0099_000023,준식별자
01,082_0099,sample_082_0099_000023,준식별자
15,082_0099,sample_082_0099_000023,준식별자
서울특별시,082_0099,sample_082_0099_000024,준식별자
강남구,082_0099,sample_082_0099_000024,준식별자
역삼동,082_0099,sample_082_0099_000024,준식별자
연구원,082_0099,sample_082_0099_000025,준식별자
합성미디어연구소,082_0099,sample_082_0099_000025,준식별자
178cm,082_0099,sample_082_0099_000026,준식별자
72kg,082_0099,sample_082_0099_000026,준식별자
서울대학교,082_0099,sample_082_0099_000027,준식별자
전자공학과,082_0099,sample_082_0099_000027,준식별자
010-1234-5678,082_0099,sample_082_0099_000028,개인정보
hj@example.com,082_0099,sample_082_0099_000028,개인정보
20231234,082_0099,sample_082_0099_000029,개인정보
https://intranet.corp/evidence/082_0100,082_0100,sample_082_0100_000006,기밀정보
2025-11-03T14:22:45Z,082_0100,sample_082_0100_000007,준식별자
서울특별시 종로구,082_0100,sample_082_0100_000007,준식별자
곽도형,082_0100,sample_082_0100_000008,개인정보
사번 20234,082_0100,sample_082_0100_000008,개인정보
남성,082_0100,sample_082_0100_000008,준식별자
/var/data/evidence/video_082_0100.mp4,082_0100,sample_082_0100_000029,기밀정보
vpn.internal.corp,082_0100,sample_082_0100_000030,기밀정보
10.0.4.21,082_0100,sample_082_0100_000030,기밀정보
엄부성,082_0100,sample_082_0100_000027,개인정보
