{
    "document_id": "039_0092",
    "document_title": "광고 및 마케팅 테크놀로지 이벤트 로그 설계 및 운영 지침",
    "data": [
        {
            "sentence": "본 문서는 광고 및 마케팅 테크놀로지(AdTech/MarTech) 도메인의 이벤트 레벨 로그·메타데이터 설계와 운영 지침을 기술합니다.",
            "id": "sample_039_0092_000001",
            "annotations": []
        },
        {
            "sentence": "문서에는 캠페인 메타데이터, 크리에이티브 스펙, Impression/Click/Conversion 로그, 입찰 스트림 샘플과 측정 리포트가 포함됩니다.",
            "id": "sample_039_0092_000002",
            "annotations": []
        },
        {
            "sentence": "캠페인 승인 담당자: 송미리.",
            "id": "sample_039_0092_000003",
            "annotations": [
                {
                    "word": "송미리",
                    "start": 12,
                    "end": 15,
                    "label": "개인정보"
                }
            ]
        },
        {
            "sentence": "오디언스 예시 항목에는 연령대: 25-34, 성별: 여, 지역: 서울특별시와 같은 준식별자를 포함하되 안전하게 집계합니다.",
            "id": "sample_039_0092_000004",
            "annotations": [
                {
                    "word": "연령대: 25-34",
                    "start": 13,
                    "end": 23,
                    "label": "준식별자"
                },
                {
                    "word": "성별: 여",
                    "start": 25,
                    "end": 30,
                    "label": "준식별자"
                },
                {
                    "word": "서울특별시",
                    "start": 36,
                    "end": 41,
                    "label": "준식별자"
                }
            ]
        },
        {
            "sentence": "캠페인 운영자 및 실무 연락처(대체명): 허민교.",
            "id": "sample_039_0092_000005",
            "annotations": [
                {
                    "word": "허민교",
                    "start": 23,
                    "end": 26,
                    "label": "개인정보"
                }
            ]
        },
        {
            "sentence": "추가 세그먼트 예시: 연령대: 35-44, 지역: 부산광역시, 관심사: 스포츠(광고 금지 카테고리 필터 적용).",
            "id": "sample_039_0092_000006",
            "annotations": [
                {
                    "word": "연령대: 35-44",
                    "start": 12,
                    "end": 22,
                    "label": "준식별자"
                },
                {
                    "word": "부산광역시",
                    "start": 28,
                    "end": 33,
                    "label": "준식별자"
                }
            ]
        },
        {
            "sentence": "광고 실무 책임자(보고 라인): 류민욱.",
            "id": "sample_039_0092_000007",
            "annotations": [
                {
                    "word": "류민욱",
                    "start": 18,
                    "end": 21,
                    "label": "개인정보"
                }
            ]
        },
        {
            "sentence": "테스트 오디언스 예시: 연령대: 18-24, 성별: 남, 표본 비중 및 샘플링율을 명시합니다.",
            "id": "sample_039_0092_000008",
            "annotations": [
                {
                    "word": "연령대: 18-24",
                    "start": 13,
                    "end": 23,
                    "label": "준식별자"
                },
                {
                    "word": "성별: 남",
                    "start": 25,
                    "end": 30,
                    "label": "준식별자"
                }
            ]
        },
        {
            "sentence": "크리에이티브 점검자: 전요섭.",
            "id": "sample_039_0092_000009",
            "annotations": [
                {
                    "word": "전요섭",
                    "start": 12,
                    "end": 15,
                    "label": "개인정보"
                }
            ]
        },
        {
            "sentence": "지역별 로그는 city 필드로 표준화하며 예시 값으로 대구광역시를 사용하고 타임스탬프는 UTC로 표준화합니다.",
            "id": "sample_039_0092_000010",
            "annotations": [
                {
                    "word": "대구광역시",
                    "start": 30,
                    "end": 35,
                    "label": "준식별자"
                }
            ]
        },
        {
            "sentence": "광고 검수 담당: 곽주혜.",
            "id": "sample_039_0092_000011",
            "annotations": [
                {
                    "word": "곽주혜",
                    "start": 10,
                    "end": 13,
                    "label": "개인정보"
                }
            ]
        },
        {
            "sentence": "디바이스 매핑 예시에는 device_id_hashed: d_9a8b7c6d, user_id_hashed: u_3f7a9c2b 형태의 일방향 해시 값을 사용합니다.",
            "id": "sample_039_0092_000012",
            "annotations": [
                {
                    "word": "device_id_hashed: d_9a8b7c6d",
                    "start": 13,
                    "end": 41,
                    "label": "준식별자"
                },
                {
                    "word": "user_id_hashed: u_3f7a9c2b",
                    "start": 43,
                    "end": 69,
                    "label": "준식별자"
                }
            ]
        },
        {
            "sentence": "연락 담당(내부 명명 규칙): 유라은.",
            "id": "sample_039_0092_000013",
            "annotations": [
                {
                    "word": "유라은",
                    "start": 17,
                    "end": 20,
                    "label": "개인정보"
                }
            ]
        },
        {
            "sentence": "로그 식별자 예시로 click_id: c_b7e4f1a2, impression_id: i_1a2b3c4d를 포함하여 원본 식별자는 보관하지 않습니다.",
            "id": "sample_039_0092_000014",
            "annotations": [
                {
                    "word": "click_id: c_b7e4f1a2",
                    "start": 11,
                    "end": 31,
                    "label": "준식별자"
                },
                {
                    "word": "impression_id: i_1a2b3c4d",
                    "start": 33,
                    "end": 58,
                    "label": "준식별자"
                }
            ]
        },
        {
            "sentence": "추가 승인자(예: 계약 검토): 권해영.",
            "id": "sample_039_0092_000015",
            "annotations": [
                {
                    "word": "권해영",
                    "start": 18,
                    "end": 21,
                    "label": "개인정보"
                }
            ]
        },
        {
            "sentence": "CRM 매칭 레포트는 pseudonymized id(crm_tok_5599)와 매칭된 매출(예시: 12450.00 USD)을 포함하며 원본 PII는 제거됩니다.",
            "id": "sample_039_0092_000016",
            "annotations": [
                {
                    "word": "crm_tok_5599",
                    "start": 29,
                    "end": 41,
                    "label": "준식별자"
                }
            ]
        },
        {
            "sentence": "A/B 실험 리드: 엄영혜.",
            "id": "sample_039_0092_000017",
            "annotations": [
                {
                    "word": "엄영혜",
                    "start": 11,
                    "end": 14,
                    "label": "개인정보"
                }
            ]
        },
        {
            "sentence": "시스템 운영 관련 기밀 예시로 내부 IP 10.10.0.5 및 계정번호: ACCT-87234는 접근 제어 대상입니다.",
            "id": "sample_039_0092_000018",
            "annotations": [
                {
                    "word": "10.10.0.5",
                    "start": 23,
                    "end": 32,
                    "label": "기밀정보"
                },
                {
                    "word": "ACCT-87234",
                    "start": 41,
                    "end": 51,
                    "label": "기밀정보"
                }
            ]
        },
        {
            "sentence": "CRM 매칭 검수 및 오프라인 매출 리콘실리에이션 담당: 홍윤담.",
            "id": "sample_039_0092_000019",
            "annotations": [
                {
                    "word": "홍윤담",
                    "start": 32,
                    "end": 35,
                    "label": "개인정보"
                }
            ]
        },
        {
            "sentence": "기밀 스토리지 및 엔드포인트 예시: s3://intra-adtech/credentials, internal_api: https://internal.adops.local은 외부 노출 금지입니다.",
            "id": "sample_039_0092_000020",
            "annotations": [
                {
                    "word": "s3://intra-adtech/credentials",
                    "start": 20,
                    "end": 49,
                    "label": "기밀정보"
                },
                {
                    "word": "https://internal.adops.local",
                    "start": 65,
                    "end": 93,
                    "label": "기밀정보"
                }
            ]
        },
        {
            "sentence": "오디언스 세그먼트 제출자: 안재유.",
            "id": "sample_039_0092_000021",
            "annotations": [
                {
                    "word": "안재유",
                    "start": 15,
                    "end": 18,
                    "label": "개인정보"
                }
            ]
        },
        {
            "sentence": "어트리뷰션 모델은 기본적으로 마지막 클릭(last-click)을 사용하되, 가중 분배 및 포지션 기반 모델을 병행 계산합니다.",
            "id": "sample_039_0092_000022",
            "annotations": []
        },
        {
            "sentence": "보고서 검토자: 나한음.",
            "id": "sample_039_0092_000023",
            "annotations": [
                {
                    "word": "나한음",
                    "start": 9,
                    "end": 12,
                    "label": "개인정보"
                }
            ]
        },
        {
            "sentence": "실시간 입찰(bid) 로그는 100~200ms SLA를 목표로 하며 파티셔닝은 event_date와 region으로 수행합니다.",
            "id": "sample_039_0092_000024",
            "annotations": []
        },
        {
            "sentence": "최종 승인자: 나해나.",
            "id": "sample_039_0092_000025",
            "annotations": [
                {
                    "word": "나해나",
                    "start": 8,
                    "end": 11,
                    "label": "개인정보"
                }
            ]
        },
        {
            "sentence": "샘플링 정책: 기본 5% 샘플링을 적용하되 전환 이벤트는 샘플링 예외로 처리하여 희소성 보존을 보장합니다.",
            "id": "sample_039_0092_000026",
            "annotations": []
        },
        {
            "sentence": "데이터 삭제(erase) 요청 시 파이프라인은 관련 해시 키를 기준으로 레코드를 삭제하고 삭제 로그를 별도 보관합니다.",
            "id": "sample_039_0092_000027",
            "annotations": []
        },
        {
            "sentence": "모든 합성 데이터에는 is_synthetic=true 플래그를 포함하고 노이즈 분포(샘플링률 5%, Gaussian sigma=0.01)를 메타데이터로 기재합니다.",
            "id": "sample_039_0092_000028",
            "annotations": []
        }
    ]
}