{
    "document_id": "039_0017",
    "document_title": "광고·마케팅 테크놀로지 합성 이벤트 로그 및 파이프라인 설계 안내서",
    "data": [
        {
            "sentence": "본 문서는 광고 및 마케팅 테크놀로지(AdTech/MarTech) 도메인의 합성 이벤트 로그와 파이프라인 설계 원칙을 기술합니다.",
            "id": "sample_039_0017_000001",
            "annotations": []
        },
        {
            "sentence": "문서는 캠페인 메타데이터, 크리에이티브 스펙, Impression/Click/Conversion 이벤트 로그, 입찰 스트림, 뷰어빌리티·사기 지표 등을 포함합니다.",
            "id": "sample_039_0017_000002",
            "annotations": []
        },
        {
            "sentence": "모든 사용자·디바이스 식별자는 원시 값 대신 일방향 해시 또는 토큰화된 값으로 표기하며 원본은 복원 불가능하도록 처리합니다.",
            "id": "sample_039_0017_000003",
            "annotations": []
        },
        {
            "sentence": "지역별 규제 준수를 위해 gdpr_consent 및 ccpa_opt_out 필드를 기본 포함하고 동의 변경·삭제 요청 처리를 명시합니다.",
            "id": "sample_039_0017_000004",
            "annotations": []
        },
        {
            "sentence": "타임스탬프는 UTC 표준화(primary_timestamp_utc)로 저장하고 로컬 타임존(local_timezone)을 별도로 유지해 리포트 변환을 용이하게 합니다.",
            "id": "sample_039_0017_000005",
            "annotations": []
        },
        {
            "sentence": "예시 익명 식별자 표기: user_id_hashed=uid_3f2a9b7c4a (토큰화된 식별자 표본을 사용).",
            "id": "sample_039_0017_000006",
            "annotations": [
                {
                    "word": "user_id_hashed=uid_3f2a9b7c4a",
                    "start": 14,
                    "end": 43,
                    "label": "개인정보"
                }
            ]
        },
        {
            "sentence": "예시 디바이스 식별자 표기: device_id_hashed=did_a1b2c3d4 (단방향 해시값 예시, 원본 미보유).",
            "id": "sample_039_0017_000007",
            "annotations": [
                {
                    "word": "device_id_hashed=did_a1b2c3d4",
                    "start": 16,
                    "end": 45,
                    "label": "개인정보"
                }
            ]
        },
        {
            "sentence": "CRM 연동은 crm_id_hashed=crm_9f8e7d6c 형태로 매칭 결과를 저장하되 원본 연락처는 제거 또는 토큰화합니다.",
            "id": "sample_039_0017_000008",
            "annotations": [
                {
                    "word": "crm_id_hashed=crm_9f8e7d6c",
                    "start": 8,
                    "end": 34,
                    "label": "개인정보"
                }
            ]
        },
        {
            "sentence": "데모그래픽 표준화 예시: gender=F 형식의 준식별자 필드를 사용하여 분석시 민감도 제어를 적용합니다.",
            "id": "sample_039_0017_000009",
            "annotations": [
                {
                    "word": "gender=F",
                    "start": 14,
                    "end": 22,
                    "label": "준식별자"
                }
            ]
        },
        {
            "sentence": "날짜 구성요소는 분해 저장합니다: birth_year=1990 을 별도 필드로 관리해 재식별 위험을 낮춥니다.",
            "id": "sample_039_0017_000010",
            "annotations": [
                {
                    "word": "birth_year=1990",
                    "start": 19,
                    "end": 34,
                    "label": "준식별자"
                }
            ]
        },
        {
            "sentence": "birth_month=05 와 같이 월 단위로 분리하고 분석 시 필요한 집계 수준에서만 결합해 사용합니다.",
            "id": "sample_039_0017_000011",
            "annotations": [
                {
                    "word": "birth_month=05",
                    "start": 0,
                    "end": 14,
                    "label": "준식별자"
                }
            ]
        },
        {
            "sentence": "birth_day=12 은 세부일자 보존이 필요한 경우에만 제한적 보관하고 사전 동의 또는 비식별화 절차를 거칩니다.",
            "id": "sample_039_0017_000012",
            "annotations": [
                {
                    "word": "birth_day=12",
                    "start": 0,
                    "end": 12,
                    "label": "준식별자"
                }
            ]
        },
        {
            "sentence": "주소 요소는 분리 보관: city=서울특별시 형식으로 시/도, district=강남구 형식으로 군/구를 각각 관리합니다.",
            "id": "sample_039_0017_000013",
            "annotations": [
                {
                    "word": "city=서울특별시",
                    "start": 14,
                    "end": 24,
                    "label": "준식별자"
                }
            ]
        },
        {
            "sentence": "지역 상세은 district=강남구 처럼 구 단위까지만 기본 보관하며 동/읍/면 이상 상세는 추가 동의 또는 집계 전용으로 제한합니다.",
            "id": "sample_039_0017_000014",
            "annotations": [
                {
                    "word": "district=강남구",
                    "start": 7,
                    "end": 19,
                    "label": "준식별자"
                }
            ]
        },
        {
            "sentence": "미디어 플랜 예시에는 예산 컬럼을 포함하며 내부 재무 수치는 기밀로 간주해 budget_total_local=KRW 12,500,000 처럼 암호화 또는 접근제어가 필요합니다.",
            "id": "sample_039_0017_000015",
            "annotations": [
                {
                    "word": "budget_total_local=KRW 12,500,000",
                    "start": 42,
                    "end": 75,
                    "label": "기밀정보"
                }
            ]
        },
        {
            "sentence": "device_graph 매핑은 device_id_hashed와 user_id_hashed의 관계를 표현하되 probabilistic match 확률과 TTL을 함께 기록합니다.",
            "id": "sample_039_0017_000016",
            "annotations": []
        },
        {
            "sentence": "입찰 샘플은 bid_request_id=br_7b3c2d, bid_price=0.84 USD, win_price=0.62 USD, currency_normalized=USD 형태로 저장합니다.",
            "id": "sample_039_0017_000017",
            "annotations": []
        },
        {
            "sentence": "입찰·서빙 경로는 latency SLA(백엔드 100~200ms)를 고려해 경로별 파티셔닝과 샤딩 규칙을 명시합니다.",
            "id": "sample_039_0017_000018",
            "annotations": []
        },
        {
            "sentence": "실시간 로그는 샘플링 정책을 문서화(sampling_rate=0.05)하고 희소 전환 이벤트는 과도한 샘플링을 피하도록 설계합니다.",
            "id": "sample_039_0017_000019",
            "annotations": []
        },
        {
            "sentence": "파이프라인 보존정책은 이벤트 유형별로 차등 적용(ttl_days=90 for raw logs, ttl_days=365 for aggregated monthly)합니다.",
            "id": "sample_039_0017_000020",
            "annotations": []
        },
        {
            "sentence": "뷰어빌리티·사기 검증은 viewability_score=0.78, fraud_score=0.12 등 점수화와 임계값을 운영 규칙으로 정의합니다.",
            "id": "sample_039_0017_000021",
            "annotations": []
        },
        {
            "sentence": "fraud_flagging_log에는 event_id와 flag_reason을 기록하되 사기 탐지 알고리즘의 내부 파라미터는 기밀로 취급합니다.",
            "id": "sample_039_0017_000022",
            "annotations": []
        },
        {
            "sentence": "어트리뷰션 기본 정의는 attribution_model=last_click 및 attribution_window=30d 와 같은 매개변수를 명시하여 모든 리포트와 일관되게 사용합니다.",
            "id": "sample_039_0017_000023",
            "annotations": []
        },
        {
            "sentence": "리포터블 메트릭은 CTR, CVR, eCPM 등을 event/session/campaign 레벨로 정의하고 집계·중복 제거 로직을 주석 처리합니다.",
            "id": "sample_039_0017_000024",
            "annotations": []
        },
        {
            "sentence": "CRM 매칭 보고서는 deterministic_match_count, probabilistic_match_score, match_confidence 필드를 포함하며 match_type을 표기합니다.",
            "id": "sample_039_0017_000025",
            "annotations": []
        },
        {
            "sentence": "동의 철회 또는 데이터 삭제(erase_request=true) 발생 시 파이프라인은 해당 user_id_hashed 레코드를 탐지해 전체 테이블에서 제거 절차를 실행합니다.",
            "id": "sample_039_0017_000026",
            "annotations": []
        },
        {
            "sentence": "합성 데이터 생성 원칙: is_synthetic=true 플래그를 포함하고 원본 통계(분포·상관관계)는 유지하되 Laplace 노이즈를 주입해 재식별을 방지합니다.",
            "id": "sample_039_0017_000027",
            "annotations": []
        },
        {
            "sentence": "최종 액션아이템으로는 데이터 소비자(광고주·에이전시·측정사) 우선 필드 배치, 샘플링·TTL 정책 적용, 감사 로그 보존을 권고합니다.",
            "id": "sample_039_0017_000028",
            "annotations": []
        }
    ]
}