{
    "document_id": "039_0046",
    "document_title": "AdTech 통합 로그 및 파이프라인 설계 가이드",
    "data": [
        {
            "sentence": "이 문서는 광고 및 마케팅 테크놀로지(AdTech/MarTech) 파이프라인 설계와 합성 로그 샘플을 포함합니다.",
            "id": "sample_039_0046_000001",
            "annotations": []
        },
        {
            "sentence": "문서는 campaign_metadata, creative_specifications, impression_log, click_log, conversion_event 등 운영에 필요한 핵심 스키마를 정의합니다.",
            "id": "sample_039_0046_000002",
            "annotations": []
        },
        {
            "sentence": "campaign_metadata에는 campaign_id, name, objective, start_date, end_date, timezone, adv_acct_id 필드가 포함됩니다.",
            "id": "sample_039_0046_000003",
            "annotations": []
        },
        {
            "sentence": "creative_specifications에는 creative_id, format, dimensions, asset_hash, creative_version, third_party_tracker 허용 여부가 기록됩니다.",
            "id": "sample_039_0046_000004",
            "annotations": []
        },
        {
            "sentence": "impression_log 샘플은 impression_id, timestamp_utc, tz_local, user_id_hashed, device_id_hashed, creative_id, placement 정보를 포함합니다.",
            "id": "sample_039_0046_000005",
            "annotations": []
        },
        {
            "sentence": "user_id_hashed: sha256:3f2a1f8e9b0c4d5e6f7a8b9c0d1e2f3a 는 원시 PII를 대체하는 일방향 해시 예시입니다.",
            "id": "sample_039_0046_000006",
            "annotations": [
                {
                    "word": "user_id_hashed: sha256:3f2a1f8e9b0c4d5e6f7a8b9c0d1e2f3a",
                    "start": 0,
                    "end": 55,
                    "label": "개인정보"
                }
            ]
        },
        {
            "sentence": "device_id_hashed: sha1:5d41402abc4b2a76b9719d911017c592 는 디바이스 식별자를 토큰화한 샘플입니다.",
            "id": "sample_039_0046_000007",
            "annotations": [
                {
                    "word": "device_id_hashed: sha1:5d41402abc4b2a76b9719d911017c592",
                    "start": 0,
                    "end": 55,
                    "label": "개인정보"
                }
            ]
        },
        {
            "sentence": "click_log은 click_id, impression_ref, click_timestamp_utc, user_agent_simplified, ip_redacted, consent_gdpr, consent_ccpa를 포함합니다.",
            "id": "sample_039_0046_000008",
            "annotations": []
        },
        {
            "sentence": "conversion_event는 conversion_id, event_time_utc, conversion_value, currency(USD로 표준화), attribution_window_days, is_attributed 플래그를 포함합니다.",
            "id": "sample_039_0046_000009",
            "annotations": []
        },
        {
            "sentence": "audience_segment_definition에는 segment_id, name, inclusion_rules, exclusion_rules, segment_size_estimate, is_synthetic 플래그가 포함됩니다.",
            "id": "sample_039_0046_000010",
            "annotations": []
        },
        {
            "sentence": "bid_request_sample은 bid_id_hashed, imp_id, site_domain, device_os, device_model, geo_country, user_consent 상태를 예시합니다.",
            "id": "sample_039_0046_000011",
            "annotations": []
        },
        {
            "sentence": "bid_id_hashed: sha256:aa11bb22cc33dd44ee55ff6677889900 는 실시간 입찰 로그의 토큰화 예시입니다.",
            "id": "sample_039_0046_000012",
            "annotations": []
        },
        {
            "sentence": "bid_response_sample에는 dsp_id, bid_price, win_price, creative_id, auction_type, response_latency_ms가 포함되며 latency SLA는 100ms~200ms로 정의됩니다.",
            "id": "sample_039_0046_000013",
            "annotations": []
        },
        {
            "sentence": "viewability_report에는 viewability_score(0.0~1.0), measurer_id, measurer_version, measured_start, measured_end 필드가 포함됩니다.",
            "id": "sample_039_0046_000014",
            "annotations": []
        },
        {
            "sentence": "fraud_flagging_log에는 fraud_score:0.92, fraud_reason_code:IVT_DETECTION, review_required:true 같은 필드와 탈중복 로직이 기록됩니다.",
            "id": "sample_039_0046_000015",
            "annotations": []
        },
        {
            "sentence": "device_graph_mapping은 device_id_hashed, probabilistic_id, deterministic_id_hash, graph_version, last_seen_utc, match_confidence를 포함합니다.",
            "id": "sample_039_0046_000016",
            "annotations": []
        },
        {
            "sentence": "crm_match_report에는 crm_match_id_hashed, external_id_hash, match_confidence, offline_revenue, match_ts_utc, erase_requested 플래그가 포함됩니다.",
            "id": "sample_039_0046_000017",
            "annotations": []
        },
        {
            "sentence": "crm_match_id_hashed: md5:1bc29b36f623ba82aaf6724fd3b16718 는 CRM 매칭 결과를 식별하는 해시 예시입니다.",
            "id": "sample_039_0046_000018",
            "annotations": [
                {
                    "word": "crm_match_id_hashed: md5:1bc29b36f623ba82aaf6724fd3b16718",
                    "start": 0,
                    "end": 57,
                    "label": "개인정보"
                }
            ]
        },
        {
            "sentence": "offline_revenue: 12450.00 USD 는 CRM 매칭과 연동된 오프라인 매출 예시로 기밀 등급으로 취급합니다.",
            "id": "sample_039_0046_000019",
            "annotations": [
                {
                    "word": "offline_revenue: 12450.00 USD",
                    "start": 0,
                    "end": 29,
                    "label": "기밀정보"
                }
            ]
        },
        {
            "sentence": "지역별 동의(consent_gdpr, consent_ccpa, consent_tcf) 필드를 포함하고, erase_requested=true인 경우 파이프라인에서 레코드가 삭제되도록 설계되어 있습니다.",
            "id": "sample_039_0046_000020",
            "annotations": []
        },
        {
            "sentence": "데이터 삭제 흐름은 erase_queue->validation->delete_job->replication_clean 단계로 구성되며 삭제 완료 시 audit_log에 기록됩니다.",
            "id": "sample_039_0046_000021",
            "annotations": []
        },
        {
            "sentence": "모든 로그 타임스탬프는 UTC로 표준화되고 tz_local 컬럼에 로컬 타임존이 보존되며 리포트의 기준 통화는 USD로 통일됩니다.",
            "id": "sample_039_0046_000022",
            "annotations": []
        },
        {
            "sentence": "실시간 입찰 로그는 초당 수천~수만 건을 처리하므로 raw_bid_stream은 1% 샘플링(policy=uniform, seed=42)을 적용하고 full_win_stream은 TTL=30일로 보관합니다.",
            "id": "sample_039_0046_000023",
            "annotations": []
        },
        {
            "sentence": "파티셔닝 규칙은 dt=YYYY-MM-DD 및 hour=HH 단위로 S3/BigQuery에 파티셔닝되며 파티션별 보존정책이 적용됩니다.",
            "id": "sample_039_0046_000024",
            "annotations": []
        },
        {
            "sentence": "어트리뷰션 모델은 기본(last_click), 대체 모델(linear, time_decay), 윈도우(1,7,30일)를 명시하고 동일 정의를 모든 리포트에 재사용합니다.",
            "id": "sample_039_0046_000025",
            "annotations": []
        },
        {
            "sentence": "후처리 주석에는 sessionize->dedupe_by_click_id->aggregate_by_campaign 순서를 명확히 표기하고 집계 수준(EVENT/SESSION/DAY/CAMPAIGN)을 표준화합니다.",
            "id": "sample_039_0046_000026",
            "annotations": []
        },
        {
            "sentence": "뷰어빌리티·사기 검증 로직은 threshold 기반 필터(viewability_score<0.5)와 머신러닝 기반 이상탐지(fraud_model_v2)를 병행하여 적용합니다.",
            "id": "sample_039_0046_000027",
            "annotations": []
        },
        {
            "sentence": "budget_pacing_report에는 campaign_id, spend_to_date, pacing_rate(%) 및 예상 소진일, daily_budget, adv_acct_id_reference가 포함됩니다.",
            "id": "sample_039_0046_000028",
            "annotations": []
        },
        {
            "sentence": "재무 및 시스템 관련 기밀은 별도 암호화 저장소에 보관되며 예시로 bank_account: ****5678, internal_vpn: vpn.internal.corp 같은 항목은 접근제어 대상입니다.",
            "id": "sample_039_0046_000029",
            "annotations": [
                {
                    "word": "bank_account: ****5678",
                    "start": 37,
                    "end": 59,
                    "label": "기밀정보"
                },
                {
                    "word": "internal_vpn: vpn.internal.corp",
                    "start": 61,
                    "end": 92,
                    "label": "기밀정보"
                }
            ]
        },
        {
            "sentence": "합성 데이터는 원본 통계적 특성(분포, 계절성, 상관관계)을 유지하되 노이즈(gaussian sigma=0.05)를 주입하고 is_synthetic=true를 명시합니다.",
            "id": "sample_039_0046_000030",
            "annotations": []
        },
        {
            "sentence": "데이터 보존 정책은 이벤트 로그 90일, 집계메트릭 365일, 입찰원본 30일 등으로 정의되어 있으며 규정 위반 시 자동 알림이 발생합니다.",
            "id": "sample_039_0046_000031",
            "annotations": []
        },
        {
            "sentence": "audience 속성 예시는 gender: female, birth_year: 1987, city: 서울특별시, interests: ['sports','tech']와 같이 준식별자 컬럼을 포함합니다.",
            "id": "sample_039_0046_000032",
            "annotations": [
                {
                    "word": "gender: female",
                    "start": 16,
                    "end": 30,
                    "label": "준식별자"
                },
                {
                    "word": "birth_year: 1987",
                    "start": 32,
                    "end": 48,
                    "label": "준식별자"
                },
                {
                    "word": "city: 서울특별시",
                    "start": 50,
                    "end": 61,
                    "label": "준식별자"
                }
            ]
        },
        {
            "sentence": "타사 쿠키 감소를 대비하여 device_graph는 probabilistic_matching 및 household_level_linkage를 사용하고 match_confidence 산출 방법을 문서화합니다.",
            "id": "sample_039_0046_000033",
            "annotations": []
        },
        {
            "sentence": "샘플링 및 노이즈 관련 가정은 metadata에 기록되며 예: sampling_rate=0.01, noise_distribution=Gaussian(mu=0,sigma=0.05), seed=42.",
            "id": "sample_039_0046_000034",
            "annotations": []
        },
        {
            "sentence": "adv_acct_id: 987654321 는 계정 참조용 예시로 내부 통제 하에 기밀 등급으로 관리됩니다.",
            "id": "sample_039_0046_000035",
            "annotations": [
                {
                    "word": "adv_acct_id: 987654321",
                    "start": 0,
                    "end": 22,
                    "label": "기밀정보"
                }
            ]
        },
        {
            "sentence": "email_hashed: md5:9b74c9897bac770ffc029102a200c5de 는 이메일을 직접 저장하지 않고 해시로 기록하는 예시입니다.",
            "id": "sample_039_0046_000036",
            "annotations": [
                {
                    "word": "email_hashed: md5:9b74c9897bac770ffc029102a200c5de",
                    "start": 0,
                    "end": 50,
                    "label": "개인정보"
                }
            ]
        }
    ]
}