{
    "document_id": "039_0028",
    "document_title": "광고 및 마케팅 테크놀로지 데이터 설계와 샘플 로그 사양서",
    "data": [
        {
            "sentence": "본 문서는 디지털 광고 캠페인의 이벤트 레벨 로그와 메타데이터 설계, 샘플 페이로드, 및 운영 규칙을 기술한 사양서입니다.",
            "id": "sample_039_0028_000001",
            "annotations": []
        },
        {
            "sentence": "문서는 캠페인 메타데이터, 크리에이티브 스펙, Impression/Click/Conversion 로그, 입찰 스트림 샘플, 어트리뷰션 리포트 등을 포함합니다.",
            "id": "sample_039_0028_000002",
            "annotations": []
        },
        {
            "sentence": "모든 사용자 및 디바이스 식별자는 원시 값을 저장하지 않고 일방향 해시 또는 토큰화된 값으로 표기합니다; 예: user_id_hashed: sha256:3f9b4f1a9c.",
            "id": "sample_039_0028_000003",
            "annotations": [
                {
                    "word": "user_id_hashed: sha256:3f9b4f1a9c",
                    "start": 62,
                    "end": 95,
                    "label": "개인정보"
                }
            ]
        },
        {
            "sentence": "디바이스 식별자 또한 토큰화 형태로 제공하며 예시 필드명은 device_id_hashed: token:7f4b1a이며, 원본 ID는 파이프라인에서 복원 불가하게 처리합니다.",
            "id": "sample_039_0028_000004",
            "annotations": [
                {
                    "word": "device_id_hashed: token:7f4b1a",
                    "start": 33,
                    "end": 63,
                    "label": "개인정보"
                }
            ]
        },
        {
            "sentence": "개인정보 보호 규정 준수를 위해 지역별 consent 필드를 표준화하여 포함합니다; 예: gdpr_consent: true, ccpa_opt_out: false.",
            "id": "sample_039_0028_000005",
            "annotations": [
                {
                    "word": "gdpr_consent: true",
                    "start": 50,
                    "end": 68,
                    "label": "일반정보"
                }
            ]
        },
        {
            "sentence": "사용자 삭제(erase) 요청은 파이프라인 내 erase_flag로 전파되며 해당 레코드는 실시간 처리 단계와 장기 보관 스토리지에서 제거됩니다.",
            "id": "sample_039_0028_000006",
            "annotations": []
        },
        {
            "sentence": "시간대 정규화는 로그 타임스탬프를 UTC로 기록하고 로컬 타임존 컬럼(local_timezone)을 별도로 제공하는 방식으로 구현합니다.",
            "id": "sample_039_0028_000007",
            "annotations": []
        },
        {
            "sentence": "통화는 리포트 기준 통화로 USD를 사용하며 발생 통화(original_currency) 및 환율 적용 환산값(standardized_amount_usd)을 포함합니다.",
            "id": "sample_039_0028_000008",
            "annotations": []
        },
        {
            "sentence": "합성 데이터 생성 시 원본 통계(분포, 계절성, 상관관계)를 유지하되 노이즈를 주입하고 모든 레코드에 is_synthetic: true 플래그를 포함합니다.",
            "id": "sample_039_0028_000009",
            "annotations": []
        },
        {
            "sentence": "샘플링 정책은 초당 이벤트 볼륨에 따라 동적 샘플링을 적용하며 표준 샘플링률은 1%, 전환 희소구간은 샘플링에서 제외합니다.",
            "id": "sample_039_0028_000010",
            "annotations": []
        },
        {
            "sentence": "실시간 입찰 로그는 100ms~200ms SLA를 목표로 설계하며 파티셔닝은 event_time_hour 와 dsp_id 기반으로 수행하고 TTL은 30일로 설정합니다.",
            "id": "sample_039_0028_000011",
            "annotations": []
        },
        {
            "sentence": "미디어 플랜 예시에서는 internal_budget_code: BUDGELINE-42X 같은 내부 예산 식별자를 사용하여 집행과 결재라인을 추적합니다.",
            "id": "sample_039_0028_000012",
            "annotations": [
                {
                    "word": "internal_budget_code: BUDGELINE-42X",
                    "start": 13,
                    "end": 48,
                    "label": "기밀정보"
                }
            ]
        },
        {
            "sentence": "입찰 요청 샘플은 bid_request_id, auction_id, ad_slot, floor_price, 타깃 오디언스 조건 및 dsp_api_key_encrypted: ENC(a1b2c3) 필드를 포함합니다.",
            "id": "sample_039_0028_000013",
            "annotations": [
                {
                    "word": "dsp_api_key_encrypted: ENC(a1b2c3)",
                    "start": 73,
                    "end": 107,
                    "label": "기밀정보"
                }
            ]
        },
        {
            "sentence": "입찰 응답 샘플은 bid_response_id, win_price, bid_price, creative_id, 광고 서버 콜백 URL 및 ad_server_private_url: https://internal.adserver.local 을 기술합니다.",
            "id": "sample_039_0028_000014",
            "annotations": [
                {
                    "word": "ad_server_private_url: https://internal.adserver.local",
                    "start": 77,
                    "end": 131,
                    "label": "기밀정보"
                }
            ]
        },
        {
            "sentence": "Impression 로그 예시는 impression_id, user_id_hashed, creative_id, publisher_account_id: ACC-2026-09, viewability_score 및 fraud_score 필드를 포함합니다.",
            "id": "sample_039_0028_000015",
            "annotations": [
                {
                    "word": "publisher_account_id: ACC-2026-09",
                    "start": 62,
                    "end": 95,
                    "label": "기밀정보"
                },
                {
                    "word": "impression_id",
                    "start": 18,
                    "end": 31,
                    "label": "일반정보"
                },
                {
                    "word": "viewability_score",
                    "start": 97,
                    "end": 114,
                    "label": "일반정보"
                }
            ]
        },
        {
            "sentence": "Click 로그는 click_id, impression_id, click_timestamp_utc, device_id_hashed, referrer_domain, user_agent 및 geo(city, region) 정보를 포함합니다.",
            "id": "sample_039_0028_000016",
            "annotations": [
                {
                    "word": "click_id",
                    "start": 10,
                    "end": 18,
                    "label": "일반정보"
                },
                {
                    "word": "device_id_hashed",
                    "start": 56,
                    "end": 72,
                    "label": "개인정보"
                }
            ]
        },
        {
            "sentence": "Conversion 이벤트는 conversion_id, attributed_touch_id, revenue_usd, attribution_model 그리고 attribution_window_days를 명시하여 집계 일관성을 확보합니다.",
            "id": "sample_039_0028_000017",
            "annotations": [
                {
                    "word": "conversion_id",
                    "start": 16,
                    "end": 29,
                    "label": "일반정보"
                },
                {
                    "word": "attribution_model",
                    "start": 65,
                    "end": 82,
                    "label": "일반정보"
                }
            ]
        },
        {
            "sentence": "어트리뷰션 모델은 기본적으로 last_click을 사용하되 weighted 분배(시간감가) 모델을 옵션으로 제공하며 모델 버전과 윈도우를 각 리포트에 기록합니다.",
            "id": "sample_039_0028_000018",
            "annotations": []
        },
        {
            "sentence": "오디언스 세그먼트 정의에는 segment_id, audience_segments, 포함/제외 규칙, 샘플 사이즈 및 생성 알고리즘 통계를 명시합니다.",
            "id": "sample_039_0028_000019",
            "annotations": [
                {
                    "word": "segment_id",
                    "start": 15,
                    "end": 25,
                    "label": "일반정보"
                }
            ]
        },
        {
            "sentence": "뷰어빌리티 리포트는 viewability_score, measurable_impressions, active_view_time_ms, 그리고 플랫폼별 뷰어빌리티 기준을 함께 제공합니다.",
            "id": "sample_039_0028_000020",
            "annotations": [
                {
                    "word": "viewability_score",
                    "start": 11,
                    "end": 28,
                    "label": "일반정보"
                }
            ]
        },
        {
            "sentence": "사기 탐지 로그는 fraud_flag, fraud_score, 이상 탐지 규칙 버전 및 의심 사례에 대한 수동 검토 링크를 포함하여 추적합니다.",
            "id": "sample_039_0028_000021",
            "annotations": [
                {
                    "word": "fraud_score",
                    "start": 22,
                    "end": 33,
                    "label": "일반정보"
                }
            ]
        },
        {
            "sentence": "디바이스 그래프 매핑은 device_graph_id, device_id_hashed 목록, deterministic_matches 및 probabilistic_match_score를 포함하여 식별 불완전성을 보완합니다.",
            "id": "sample_039_0028_000022",
            "annotations": [
                {
                    "word": "device_graph_id",
                    "start": 13,
                    "end": 28,
                    "label": "일반정보"
                }
            ]
        },
        {
            "sentence": "CRM 매칭 리포트는 crm_id_hashed: sha256:8b1a9953c, match_confidence, offline_revenue_usd 및 동의 상태(consent_source)를 표기합니다.",
            "id": "sample_039_0028_000023",
            "annotations": [
                {
                    "word": "crm_id_hashed: sha256:8b1a9953c",
                    "start": 12,
                    "end": 43,
                    "label": "개인정보"
                },
                {
                    "word": "match_confidence",
                    "start": 45,
                    "end": 61,
                    "label": "일반정보"
                }
            ]
        },
        {
            "sentence": "보고서에는 데이터 보존 정책을 명확히 하며 예: 실시간 원시 로그 30일, 집계 리포트 365일, 익명화된 샘플 5년으로 규정합니다.",
            "id": "sample_039_0028_000024",
            "annotations": [
                {
                    "word": "실시간 원시 로그 30일",
                    "start": 27,
                    "end": 40,
                    "label": "기밀정보"
                }
            ]
        },
        {
            "sentence": "샘플링 및 집계에는 분산 보존 원칙을 적용하여 전환과 같은 희소 이벤트는 전체 보존 또는 낮은 샘플링률로 처리합니다.",
            "id": "sample_039_0028_000025",
            "annotations": []
        },
        {
            "sentence": "데이터 소비자(광고주, 에이전시, 측정사) 관점의 필드를 우선 배치하며 후처리 과정(aggregation, deduplication, attribution) 주석을 포함합니다.",
            "id": "sample_039_0028_000026",
            "annotations": []
        },
        {
            "sentence": "운영 가정과 메타데이터로 샘플링률, 노이즈 분포(예: Laplace sigma=0.5), 어트리뷰션 규칙, TTL 및 파티셔닝 규칙을 문서에 포함합니다.",
            "id": "sample_039_0028_000027",
            "annotations": [
                {
                    "word": "Laplace sigma=0.5",
                    "start": 30,
                    "end": 47,
                    "label": "기밀정보"
                }
            ]
        },
        {
            "sentence": "운영상 기밀 항목은 암호화 및 접근 통제를 적용하며 예시로 dsp_api_key_encrypted 및 internal_budget_code, publisher_account_id 같은 값은 기밀로 분류합니다.",
            "id": "sample_039_0028_000028",
            "annotations": [
                {
                    "word": "dsp_api_key_encrypted",
                    "start": 33,
                    "end": 54,
                    "label": "기밀정보"
                },
                {
                    "word": "internal_budget_code",
                    "start": 57,
                    "end": 77,
                    "label": "기밀정보"
                },
                {
                    "word": "publisher_account_id",
                    "start": 79,
                    "end": 99,
                    "label": "기밀정보"
                }
            ]
        }
    ]
}