{
    "document_id": "039_0016",
    "document_title": "광고·마케팅 테크놀로로지 이벤트 로그 및 프라이버시 준수 설계서",
    "data": [
        {
            "sentence": "본 문서는 광고 및 마케팅 테크놀로지(AdTech/MarTech) 환경에서의 이벤트 레벨 로그와 메타데이터 설계 원칙을 정리합니다.",
            "id": "sample_039_0016_000001",
            "annotations": []
        },
        {
            "sentence": "커버리지에는 캠페인 메타데이터, 크리에이티브 스펙, 인프라 스트리밍 로그, 입찰 요청·응답, 뷰어빌리티·사기 지표, CRM 매칭 리포트가 포함됩니다.",
            "id": "sample_039_0016_000002",
            "annotations": []
        },
        {
            "sentence": "프라이버시 원칙으로 모든 개인·디바이스 식별자는 일방향 해시 또는 토큰화로만 표현되며 원시 PII는 저장·노출하지 않습니다.",
            "id": "sample_039_0016_000003",
            "annotations": []
        },
        {
            "sentence": "예시 필드로 사용자 식별자는 user_id_hashed: sha256:4a7d1f7b 형태의 토큰으로 기록되어 역복원이 불가능하도록 설계합니다.",
            "id": "sample_039_0016_000004",
            "annotations": [
                {
                    "word": "sha256:4a7d1f7b",
                    "start": 32,
                    "end": 47,
                    "label": "개인정보"
                }
            ]
        },
        {
            "sentence": "디바이스 식별자는 device_id_hashed: tok:dev_ab12cd34 같은 토큰으로 표기하며, 매칭은 확률적 매칭·동형 연산 등 프라이버시 보존 방식으로 수행합니다.",
            "id": "sample_039_0016_000005",
            "annotations": [
                {
                    "word": "tok:dev_ab12cd34",
                    "start": 28,
                    "end": 44,
                    "label": "개인정보"
                }
            ]
        },
        {
            "sentence": "이벤트 레벨 로그에는 impression_id: imp_0001_abcd 와 타임스탬프(utc_timestamp) 및 로컬 타임존(local_tz) 컬럼을 함께 저장합니다.",
            "id": "sample_039_0016_000006",
            "annotations": [
                {
                    "word": "imp_0001_abcd",
                    "start": 27,
                    "end": 40,
                    "label": "개인정보"
                }
            ]
        },
        {
            "sentence": "클릭 로그는 click_id: clk_0001_abcd 로 식별하고 세션·디바이스 토큰과 연계한 후 중복 제거 로직을 적용합니다.",
            "id": "sample_039_0016_000007",
            "annotations": [
                {
                    "word": "clk_0001_abcd",
                    "start": 17,
                    "end": 30,
                    "label": "개인정보"
                }
            ]
        },
        {
            "sentence": "CRM 매칭과 오디언스 분석을 위해 준식별자 필드로 gender: female, birth_year: 1987, birth_month: 06 값을 분리 저장합니다.",
            "id": "sample_039_0016_000008",
            "annotations": [
                {
                    "word": "1987",
                    "start": 57,
                    "end": 61,
                    "label": "준식별자"
                },
                {
                    "word": "06",
                    "start": 76,
                    "end": 78,
                    "label": "준식별자"
                },
                {
                    "word": "female",
                    "start": 37,
                    "end": 43,
                    "label": "준식별자"
                }
            ]
        },
        {
            "sentence": "지리적 집계는 시 단위로 정규화하여 city: Seoul 같은 준식별자 컬럼을 사용하되 세부 주소는 저장 금지합니다.",
            "id": "sample_039_0016_000009",
            "annotations": [
                {
                    "word": "Seoul",
                    "start": 26,
                    "end": 31,
                    "label": "준식별자"
                }
            ]
        },
        {
            "sentence": "지역별 규제 준수를 위해 consent_gdpr, consent_ccpa, consent_timestamp 필드를 포함하고 삭제(erase) 요청 시 파이프라인에서 해당 레코드를 완전 제거합니다.",
            "id": "sample_039_0016_000010",
            "annotations": []
        },
        {
            "sentence": "타임스탬프는 UTC로 표준화하고 로컬 타임존 컬럼(local_tz)을 별도로 제공하며 보고서는 기준 통화(base_currency)로 환산합니다.",
            "id": "sample_039_0016_000011",
            "annotations": []
        },
        {
            "sentence": "합성 데이터에는 is_synthetic: true 플래그를 명시하고 원본 통계적 특성은 유지하되 노이즈를 주입하여 재식별 위험을 낮춥니다.",
            "id": "sample_039_0016_000012",
            "annotations": []
        },
        {
            "sentence": "합성 노이즈 분포는 Laplace(µ=0, b=0.01) 또는 Gaussian(µ=0, σ=0.02)를 사용한다는 메타데이터를 기록합니다.",
            "id": "sample_039_0016_000013",
            "annotations": []
        },
        {
            "sentence": "어트리뷰션은 기본적으로 last_click과 weighted 분배 모델을 병행하며 가중치는 모델 메타데이터에 명시하고 7일 뷰 윈도우, 1일 클릭 윈도우를 사용합니다.",
            "id": "sample_039_0016_000014",
            "annotations": []
        },
        {
            "sentence": "샘플 입찰 요청 샘플은 bid_request_id: br_92a, device_family, audience_segments, tmax 등의 필드를 포함하여 스트리밍합니다.",
            "id": "sample_039_0016_000015",
            "annotations": [
                {
                    "word": "br_92a",
                    "start": 29,
                    "end": 35,
                    "label": "개인정보"
                }
            ]
        },
        {
            "sentence": "입찰 응답 샘플에는 bid_price_usd, win_price_usd, ad_exchange, dsp_id, ssp_id 등을 기록하고 환율 적용은 리얼타임 환율 피드를 사용합니다.",
            "id": "sample_039_0016_000016",
            "annotations": []
        },
        {
            "sentence": "크리에이티브 스펙에는 creative_id, width, height, mime_type, landing_url 도 포함하며 creative_id는 토큰화하여 저장합니다.",
            "id": "sample_039_0016_000017",
            "annotations": []
        },
        {
            "sentence": "인상·클릭 로그의 전처리는 deduplication, attribution tag 부착, 개인식별자 해시화 과정을 거치며 처리 단계는 주석으로 명확히 남깁니다.",
            "id": "sample_039_0016_000018",
            "annotations": []
        },
        {
            "sentence": "실시간 입찰 로그는 초당 수천~수백만 건이 발생하므로 파티셔닝은 event_date 및 hash(user_id_hashed) 기반으로 구성합니다.",
            "id": "sample_039_0016_000019",
            "annotations": []
        },
        {
            "sentence": "CRM 매칭 리포트는 crm_match_id: crm_hash_97bf 형태의 매칭 토큰과 매칭 신뢰도(match_score)를 함께 기록합니다.",
            "id": "sample_039_0016_000020",
            "annotations": [
                {
                    "word": "crm_hash_97bf",
                    "start": 26,
                    "end": 39,
                    "label": "개인정보"
                }
            ]
        },
        {
            "sentence": "예산·정산 관련 민감 정보는 마스킹하여 저장하며 예시로 account_number_masked: ****1234 는 내부 기밀정보로 취급합니다.",
            "id": "sample_039_0016_000021",
            "annotations": [
                {
                    "word": "****1234",
                    "start": 54,
                    "end": 62,
                    "label": "기밀정보"
                }
            ]
        },
        {
            "sentence": "뷰어빌리티 리포트에는 viewability_score, measured_ratio, third_party_verification_id 등을 포함하고 임계값은 0.5 이상으로 설정합니다.",
            "id": "sample_039_0016_000022",
            "annotations": []
        },
        {
            "sentence": "사기 탐지 로그는 fraud_score, fraud_reasons, detection_timestamp를 기록하며 알고리즘은 이상치 기반 및 규칙 기반 하이브리드로 운영합니다.",
            "id": "sample_039_0016_000023",
            "annotations": []
        },
        {
            "sentence": "디바이스 그래프 매핑은 device_graph_id: dg_55e2 및 match_score, match_method(probabilistic/deterministic)를 포함해 불완전 식별자 문제를 완화합니다.",
            "id": "sample_039_0016_000024",
            "annotations": [
                {
                    "word": "dg_55e2",
                    "start": 30,
                    "end": 37,
                    "label": "개인정보"
                }
            ]
        },
        {
            "sentence": "오디언스 세그먼트는 segment_id, description, inclusion_rules, estimated_size를 포함하고 민감 카테고리 필터를 항상 적용합니다.",
            "id": "sample_039_0016_000025",
            "annotations": []
        },
        {
            "sentence": "미디어 플랜은 캠페인 목표, KPI, 시작·종료일, 노출 총량, 타겟 세그먼트와 함께 제공되어 집행 파이프라인과 연동됩니다.",
            "id": "sample_039_0016_000026",
            "annotations": []
        },
        {
            "sentence": "데이터 집계 레벨은 event, session, day, campaign 단위로 정의하고 동일한 정의를 모든 리포트에서 일관되게 재사용합니다.",
            "id": "sample_039_0016_000027",
            "annotations": []
        },
        {
            "sentence": "실시간 지연(SLA)은 100ms~200ms 범위를 목표로 하고, 파이프라인은 로컬 캐시·메시지 큐·인메모리 처리로 레이턴시를 관리합니다.",
            "id": "sample_039_0016_000028",
            "annotations": []
        },
        {
            "sentence": "데이터 보존 정책으로는 이벤트 로그 365일, 집계 지표 5년, 샘플링 정책은 전환 희소성 보존을 위해 전환 로그는 샘플링 제외를 권장합니다.",
            "id": "sample_039_0016_000029",
            "annotations": []
        },
        {
            "sentence": "데이터 소비자(광고주, 에이전시, 측정사) 우선 필드를 상단에 배치하고 후처리(aggregation, deduplication, attribution) 절차를 주석으로 기재합니다.",
            "id": "sample_039_0016_000030",
            "annotations": []
        },
        {
            "sentence": "메타데이터에는 사용한 가정들을 포함합니다(예: 샘플링률 1%, 노이즈 분포 Gaussian σ=0.02, 어트리뷰션 last_click 우선)으로 투명성을 확보합니다.",
            "id": "sample_039_0016_000031",
            "annotations": []
        },
        {
            "sentence": "운영 액션 아이템으로는 동의 갱신 주기 검토, 샘플링률 모니터링, 모델 성능 추적, 재식별 위험 평가 보고를 포함합니다.",
            "id": "sample_039_0016_000032",
            "annotations": []
        }
    ]
}