{
    "document_id": "039_0054",
    "document_title": "광고·마케팅 테크놀로지 이벤트 레벨 데이터 설계 및 합성 샘플",
    "data": [
        {
            "sentence": "본 문서는 광고·마케팅 테크놀로지(AdTech/MarTech) 도메인의 이벤트 레벨 데이터 설계와 합성 샘플을 기술합니다.",
            "id": "sample_039_0054_000001",
            "annotations": []
        },
        {
            "sentence": "목적은 캠페인 메타데이터부터 입찰 로그, 뷰어빌리티·사기 지표, CRM 매칭까지 실무에 유용한 스키마와 처리 규칙을 제시하는 것입니다.",
            "id": "sample_039_0054_000002",
            "annotations": []
        },
        {
            "sentence": "생성된 레코드는 is_synthetic 플래그를 포함하며 원시 개인식별정보(PII)는 문서에 노출하지 않습니다.",
            "id": "sample_039_0054_000003",
            "annotations": []
        },
        {
            "sentence": "문서 범위에는 campaign_metadata, creative_specifications, impression_log, click_log, conversion_event, audience_segment_definition 등이 포함됩니다.",
            "id": "sample_039_0054_000004",
            "annotations": []
        },
        {
            "sentence": "데이터 설계 시 원시 PII(예: 이름, 이메일 주소, 휴대폰, 주민등록번호, 여권번호, 운전면허번호)는 저장·노출하지 않으며 마스킹 또는 일방향 해시만 허용합니다.",
            "id": "sample_039_0054_000005",
            "annotations": [
                {
                    "word": "이름",
                    "start": 19,
                    "end": 21,
                    "label": "개인정보"
                },
                {
                    "word": "이메일 주소",
                    "start": 23,
                    "end": 29,
                    "label": "개인정보"
                },
                {
                    "word": "휴대폰",
                    "start": 31,
                    "end": 34,
                    "label": "개인정보"
                },
                {
                    "word": "주민등록번호",
                    "start": 36,
                    "end": 42,
                    "label": "개인정보"
                },
                {
                    "word": "여권번호",
                    "start": 44,
                    "end": 48,
                    "label": "개인정보"
                },
                {
                    "word": "운전면허번호",
                    "start": 50,
                    "end": 56,
                    "label": "개인정보"
                }
            ]
        },
        {
            "sentence": "지역별 규제(GDPR/CCPA)를 반영해 consent 필드와 erase_request 플래그를 포함하며 데이터 삭제 요청 시 파이프라인에서 해당 레코드가 삭제됨을 보장합니다.",
            "id": "sample_039_0054_000006",
            "annotations": []
        },
        {
            "sentence": "campaign_metadata 스키마에는 campaign_id, campaign_name_hash, advertiser_id_hash, start_utc, end_utc, base_currency, local_timezone 컬럼을 정의합니다.",
            "id": "sample_039_0054_000007",
            "annotations": []
        },
        {
            "sentence": "creative_specifications는 creative_id_hash, format, width, height, mime_type, landing_url_hash, is_video 등의 필드를 포함합니다.",
            "id": "sample_039_0054_000008",
            "annotations": []
        },
        {
            "sentence": "impression_log 설계는 impression_id_hash, user_id_hashed, device_id_hashed, timestamp_utc, local_timezone, publisher_id, placement, viewability_score 필드를 포함합니다.",
            "id": "sample_039_0054_000009",
            "annotations": []
        },
        {
            "sentence": "conversion_event는 conversion_id_hash, user_id_hashed, conversion_timestamp_utc, conversion_value_usd, crm_match_id_hash, offline_match_status 및 마스킹된 참조 필드를 포함하며 사번/학번과 같은 원시 식별자는 저장하지 않습니다.",
            "id": "sample_039_0054_000010",
            "annotations": [
                {
                    "word": "사번/학번",
                    "start": 161,
                    "end": 166,
                    "label": "개인정보"
                }
            ]
        },
        {
            "sentence": "audience_segment_definition에서는 성별, 생년월일(연/월/일 분리 저장), 시/군/구 주소, 직업 등 준식별자 항목을 집계 레벨·비식별화 규칙과 함께 명시합니다.",
            "id": "sample_039_0054_000011",
            "annotations": [
                {
                    "word": "성별",
                    "start": 31,
                    "end": 33,
                    "label": "준식별자"
                },
                {
                    "word": "생년월일",
                    "start": 35,
                    "end": 39,
                    "label": "준식별자"
                },
                {
                    "word": "시/군/구 주소",
                    "start": 54,
                    "end": 62,
                    "label": "준식별자"
                },
                {
                    "word": "직업",
                    "start": 64,
                    "end": 66,
                    "label": "준식별자"
                }
            ]
        },
        {
            "sentence": "bid_request_sample은 bid_request_id, device_signals, geo, ssp, publisher_app, server_info(서버 IP 등 민감 항목은 마스킹)와 latency_ms, ttl_ms 필드를 포함합니다.",
            "id": "sample_039_0054_000012",
            "annotations": [
                {
                    "word": "서버 IP",
                    "start": 89,
                    "end": 94,
                    "label": "기밀정보"
                }
            ]
        },
        {
            "sentence": "bid_response_sample에는 bid_response_id, bid_price_usd, win_price_usd, creative_id_hash, dsp_id, viewability_score, fraud_score가 기록되고 실시간 SLA 100~200ms를 목표로 처리합니다.",
            "id": "sample_039_0054_000013",
            "annotations": []
        },
        {
            "sentence": "어트리뷰션 리포트는 last_click, time_decay, position_based 같은 모델을 명확히 정의하고 기여 창(window)과 집계 레벨(이벤트/세션/일/캠페인)을 일치시킵니다.",
            "id": "sample_039_0054_000014",
            "annotations": []
        },
        {
            "sentence": "media_plan 스키마에는 daily_budget_usd, pacing_profile_id, target_goals, channel별 집행 규칙을 포함하며 예산 조정은 pacing 보고서와 동기화됩니다.",
            "id": "sample_039_0054_000015",
            "annotations": []
        },
        {
            "sentence": "budget_pacing_report는 실제 집행 대비 목표, 예산 소진 속도, 일별 페이싱 예측치와 90일 보존 정책을 포함합니다.",
            "id": "sample_039_0054_000016",
            "annotations": []
        },
        {
            "sentence": "viewability_report는 샘플링 기반의 뷰어빌리티 지표와 viewability_score 분포, 샘플 크기 및 신뢰구간을 명시합니다.",
            "id": "sample_039_0054_000017",
            "annotations": []
        },
        {
            "sentence": "fraud_flagging_log는 fraud_score, fraud_reason_codes, 자동플래그 규칙, 의심 IP/패턴을 기록하되 원시 식별자는 해시 처리하거나 토큰화합니다.",
            "id": "sample_039_0054_000018",
            "annotations": []
        },
        {
            "sentence": "실시간 사기 탐지에서 VPN 주소 같은 네트워크 지표는 내부 검증용 기밀정보로 취급하며 접근 권한을 엄격히 통제합니다.",
            "id": "sample_039_0054_000019",
            "annotations": [
                {
                    "word": "VPN 주소",
                    "start": 12,
                    "end": 18,
                    "label": "기밀정보"
                }
            ]
        },
        {
            "sentence": "device_graph_mapping은 device_graph_id_hash, device_signals_hash, probabilistic_score, deterministic_links 비율과 매칭 신뢰도를 제공합니다.",
            "id": "sample_039_0054_000020",
            "annotations": []
        },
        {
            "sentence": "CRM_match_report는 crm_match_id_hash, match_rate, matched_revenue_usd, masking_policy를 포함하며 계좌번호 같은 민감 데이터는 마스킹됩니다.",
            "id": "sample_039_0054_000021",
            "annotations": [
                {
                    "word": "계좌번호",
                    "start": 91,
                    "end": 95,
                    "label": "기밀정보"
                }
            ]
        },
        {
            "sentence": "타임스탬프는 UTC로 표준화하고 local_timezone 컬럼을 별도로 제공해 리포트에서 일관된 시간 기준을 유지합니다.",
            "id": "sample_039_0054_000022",
            "annotations": []
        },
        {
            "sentence": "통화 표준화는 base_currency를 USD로 하며 환율 변환 기준과 로컬 통화 필드를 명시합니다.",
            "id": "sample_039_0054_000023",
            "annotations": []
        },
        {
            "sentence": "샘플링 정책은 전환 이벤트를 샘플링에서 제외하고 비전환 로그는 예시로 10% 샘플링을 적용하며 샘플링률은 메타데이터에 기록합니다.",
            "id": "sample_039_0054_000024",
            "annotations": []
        },
        {
            "sentence": "합성 데이터는 원본 통계 특성(분포·계절성·상관관계)을 유지하되 Gaussian 노이즈를 주입하고 is_synthetic=true로 표기합니다.",
            "id": "sample_039_0054_000025",
            "annotations": []
        },
        {
            "sentence": "접근 제어와 로깅 정책은 내부 결재선과 역할 기반 접근 제어(RBAC)를 통해 관리되며 해당 메타데이터는 기밀로 분류됩니다.",
            "id": "sample_039_0054_000026",
            "annotations": [
                {
                    "word": "내부 결재선",
                    "start": 14,
                    "end": 20,
                    "label": "기밀정보"
                }
            ]
        },
        {
            "sentence": "실시간 입찰 로그는 초당 대량 생성 특성으로 파티셔닝(event_date, hour)과 TTL(예: bid_stream 7일)을 적용합니다.",
            "id": "sample_039_0054_000027",
            "annotations": []
        },
        {
            "sentence": "지연 SLA는 100~200ms이며 레이턴시 모니터링과 서킷 브레이커, 재시도 정책을 명시해 서비스 안정성을 확보합니다.",
            "id": "sample_039_0054_000028",
            "annotations": []
        },
        {
            "sentence": "리포트 일관성을 위해 어트리뷰션 윈도우와 집계 정의(event/session/day/campaign)를 문서화하고 재현 가능한 집계 파이프라인을 설계합니다.",
            "id": "sample_039_0054_000029",
            "annotations": []
        },
        {
            "sentence": "메타데이터로 사용한 가정(샘플링률 10%, 노이즈 분포 Gaussian σ=0.05, 어트리뷰션: last_click 우선)은 각 데이터셋에 포함합니다.",
            "id": "sample_039_0054_000030",
            "annotations": []
        },
        {
            "sentence": "연락처 및 내부 담당자 정보는 문서에 직접 기재하지 않으며 원시 식별자 대신 토큰화된 contact_id_hash를 사용해 참조합니다.",
            "id": "sample_039_0054_000031",
            "annotations": []
        },
        {
            "sentence": "주소 취급 시 상세 주소(호수 포함)는 개인정보로 분류되므로 집계·마스킹 규칙을 적용해 시/군/구 단위 이상으로만 저장합니다.",
            "id": "sample_039_0054_000032",
            "annotations": [
                {
                    "word": "상세 주소(호수 포함)",
                    "start": 8,
                    "end": 20,
                    "label": "개인정보"
                }
            ]
        }
    ]
}