{
    "document_id": "039_0006",
    "document_title": "광고·마케팅 테크놀로지 파이프라인 운영 및 데이터 사양서",
    "data": [
        {
            "sentence": "본 문서는 광고 및 마케팅 테크놀로지(AdTech/MarTech) 파이프라인의 설계, 실행 및 검증 절차를 기술합니다.",
            "id": "sample_039_0006_000001",
            "annotations": []
        },
        {
            "sentence": "문서는 campaign_metadata, creative_specifications, impression_log, click_log, conversion_event, audience_segment_definition 등을 포함합니다.",
            "id": "sample_039_0006_000002",
            "annotations": []
        },
        {
            "sentence": "데이터는 event 레벨로 수집되며 event_utc_ts 컬럼은 UTC로 표준화되고 로컬 타임존(local_tz) 컬럼을 별도로 제공합니다.",
            "id": "sample_039_0006_000003",
            "annotations": []
        },
        {
            "sentence": "통화는 리포트에서 USD로 정규화하며 원시 통화는 currency_origin 컬럼에 보존해 환율 변환 이력을 추적합니다.",
            "id": "sample_039_0006_000004",
            "annotations": []
        },
        {
            "sentence": "개인식별자는 일방향 해시로만 저장하며 예: user_id_hashed: sha256:abcd1234ef567890을 사용합니다.",
            "id": "sample_039_0006_000005",
            "annotations": [
                {
                    "word": "sha256:abcd1234ef567890",
                    "start": 40,
                    "end": 63,
                    "label": "개인정보"
                }
            ]
        },
        {
            "sentence": "디바이스 식별자 또한 토큰화하여 device_id_hashed: token_9f8e7d6c로 표기하고 원본은 수집 단계에서 바로 삭제합니다.",
            "id": "sample_039_0006_000006",
            "annotations": [
                {
                    "word": "token_9f8e7d6c",
                    "start": 36,
                    "end": 50,
                    "label": "개인정보"
                }
            ]
        },
        {
            "sentence": "지역별 동의(consent) 필드는 gdpr_consent, ccpa_opt_out, region_code를 포함하고 EU의 경우 gdpr_consent 우선 정책을 적용합니다.",
            "id": "sample_039_0006_000007",
            "annotations": []
        },
        {
            "sentence": "사용자 삭제 요청(erase_request)이 접수되면 파이프라인에서 해당 user_id_hashed 레코드를 식별하여 완전 제거하도록 설계했습니다.",
            "id": "sample_039_0006_000008",
            "annotations": []
        },
        {
            "sentence": "샘플 데이터는 원본의 통계적 특성(분포, 계절성, 상관관계)을 유지하되 노이즈를 주입하고 is_synthetic=true 플래그를 포함합니다.",
            "id": "sample_039_0006_000009",
            "annotations": []
        },
        {
            "sentence": "어트리뷰션은 기본적으로 last_click과 time_decay 가중치 모델을 제공하며 어트리뷰션 윈도우(30일, 7일)를 메타데이터에 명시합니다.",
            "id": "sample_039_0006_000010",
            "annotations": []
        },
        {
            "sentence": "실시간 입찰 로그(bid request/response)는 저지연 100ms~200ms SLA를 목표로 하며 샘플링율은 bid_stream_sample_rate=0.01(1%)로 문서화합니다.",
            "id": "sample_039_0006_000011",
            "annotations": []
        },
        {
            "sentence": "입찰 예시: bid_request_id: br_20260101_0001, bid_price: 0.73, ad_exchange: XChangeA, device_ip_hash: sha256:1122aabbccdd입니다.",
            "id": "sample_039_0006_000012",
            "annotations": [
                {
                    "word": "sha256:1122aabbccdd",
                    "start": 97,
                    "end": 116,
                    "label": "개인정보"
                }
            ]
        },
        {
            "sentence": "입찰 응답 샘플: bid_response_id: brs_20260101_0001, win_price: 0.68, creative_id: cr_9001, viewability_score: 0.82, fraud_score: 0.05.",
            "id": "sample_039_0006_000013",
            "annotations": []
        },
        {
            "sentence": "캠페인 메타데이터 예시에는 campaign_id, advertiser_id, budget_total_usd, pacing_rule, start_date, end_date가 포함됩니다.",
            "id": "sample_039_0006_000014",
            "annotations": []
        },
        {
            "sentence": "크리에이티브 사양(creative_specifications)은 size, format, duration, landing_url_hash를 포함하며 landing_url 원본은 마스킹 또는 해시 처리합니다.",
            "id": "sample_039_0006_000015",
            "annotations": []
        },
        {
            "sentence": "Impression 로그 샘플에는 impression_id, event_utc_ts, user_id_hashed, device_id_hashed, creative_id, placement, local_tz, report_currency가 기록됩니다.",
            "id": "sample_039_0006_000016",
            "annotations": []
        },
        {
            "sentence": "Click 로그 샘플에는 click_id, click_utc_ts, user_id_hashed: sha256:deadbeefcafebabe, device_id_hashed: token_f00ba7으로 표기됩니다.",
            "id": "sample_039_0006_000017",
            "annotations": [
                {
                    "word": "sha256:deadbeefcafebabe",
                    "start": 54,
                    "end": 77,
                    "label": "개인정보"
                }
            ]
        },
        {
            "sentence": "Conversion 이벤트 레코드에는 conversion_id, conversion_utc_ts, value_usd, attribution_model, matched_crm_id_hashed: sha256:ffee1122aabb가 포함됩니다.",
            "id": "sample_039_0006_000018",
            "annotations": [
                {
                    "word": "sha256:ffee1122aabb",
                    "start": 108,
                    "end": 127,
                    "label": "개인정보"
                }
            ]
        },
        {
            "sentence": "CRM 매칭 보고서(crm_match_report)는 crm_customer_id_hashed, match_confidence, revenue_usd 컬럼으로 오프라인 데이터와 결합합니다.",
            "id": "sample_039_0006_000019",
            "annotations": []
        },
        {
            "sentence": "디바이스 그래프 매핑(device_graph_mapping)은 디바이스 토큰과 사용자 해시를 연결하지만 원본 식별자는 장기 보존하지 않습니다.",
            "id": "sample_039_0006_000020",
            "annotations": []
        },
        {
            "sentence": "예제 관측값에 포함된 준식별자 항목으로 gender: 남성, birth_year: 1985, birth_month: 06, birth_day: 15, city: 서울, district: 강남구가 있습니다.",
            "id": "sample_039_0006_000021",
            "annotations": [
                {
                    "word": "남성",
                    "start": 30,
                    "end": 32,
                    "label": "준식별자"
                },
                {
                    "word": "1985",
                    "start": 46,
                    "end": 50,
                    "label": "준식별자"
                },
                {
                    "word": "06",
                    "start": 65,
                    "end": 67,
                    "label": "준식별자"
                },
                {
                    "word": "15",
                    "start": 80,
                    "end": 82,
                    "label": "준식별자"
                },
                {
                    "word": "서울",
                    "start": 90,
                    "end": 92,
                    "label": "준식별자"
                },
                {
                    "word": "강남구",
                    "start": 104,
                    "end": 107,
                    "label": "준식별자"
                }
            ]
        },
        {
            "sentence": "데이터 보존 정책은 로그 유형별로 30일(bid), 90일(impression/click), 365일(conversion/aggregate)로 설정하고 만료 시 자동 삭제합니다.",
            "id": "sample_039_0006_000022",
            "annotations": []
        },
        {
            "sentence": "파이프라인은 파티셔닝을 event_date=YYYY-MM-DD 단위로 수행하고 TTL 기반 파티션 정리 규칙을 적용합니다.",
            "id": "sample_039_0006_000023",
            "annotations": []
        },
        {
            "sentence": "검증 로직에는 viewability_score 계산 방법, fraud_score 산출식(검출 룰과 ML 스코어 혼합), 이상치 기반 자동 플래그 규칙이 포함됩니다.",
            "id": "sample_039_0006_000024",
            "annotations": []
        },
        {
            "sentence": "리포트 관점에서는 광고주, 에이전시, 측정사용 공통 키로 campaign_id와 advertiser_id를 우선 사용하고 후처리(aggregation, deduplication)를 명시합니다.",
            "id": "sample_039_0006_000025",
            "annotations": []
        },
        {
            "sentence": "예산·페이싱 보고서에서는 daily_pacing_usd, remaining_budget_usd, predicted_spend_7d와 pacing_alerts 컬럼을 제공합니다.",
            "id": "sample_039_0006_000026",
            "annotations": []
        },
        {
            "sentence": "내부 기밀 항목 예시로는 internal_budget_account: ****1234, config_path: /internal/prod/pipelines/ads_config.yaml, db_server: db-prod-01.internal.corp가 있습니다.",
            "id": "sample_039_0006_000027",
            "annotations": [
                {
                    "word": "****1234",
                    "start": 39,
                    "end": 47,
                    "label": "기밀정보"
                },
                {
                    "word": "/internal/prod/pipelines/ads_config.yaml",
                    "start": 62,
                    "end": 102,
                    "label": "기밀정보"
                },
                {
                    "word": "db-prod-01.internal.corp",
                    "start": 115,
                    "end": 139,
                    "label": "기밀정보"
                }
            ]
        },
        {
            "sentence": "문서 하단 메타데이터에는 작성자: 민진석(데이터 엔지니어), 검토자: 허장우, 생성일: 2026-01-08, is_synthetic: true, assumptions 및 샘플링율을 기재합니다.",
            "id": "sample_039_0006_000028",
            "annotations": [
                {
                    "word": "민진석",
                    "start": 19,
                    "end": 22,
                    "label": "개인정보"
                },
                {
                    "word": "허장우",
                    "start": 39,
                    "end": 42,
                    "label": "개인정보"
                }
            ]
        }
    ]
}