{
    "document_id": "039_0001",
    "document_title": "광고·마케팅 테크놀로지 이벤트 레벨 데이터 설계 및 합성 샘플",
    "data": [
        {
            "sentence": "소개: 본 문서는 광고·마케팅 테크놀로지(AdTech/MarTech) 도메인의 이벤트 수준 로그 설계와 합성 샘플을 포함하며 실무 규정과 준수 항목을 명시한다.",
            "id": "sample_039_0001_000001",
            "annotations": []
        },
        {
            "sentence": "목표: 캠페인 집행·측정·입찰 로그와 오디언스 매칭, 뷰어빌리티·사기 평가지표 등 전 영역의 표준 스키마와 운영 지침을 제안한다.",
            "id": "sample_039_0001_000002",
            "annotations": []
        },
        {
            "sentence": "범위: 포함 파일은 campaign_metadata, creative_specifications, impression_log, click_log, conversion_event, audience_segment_definition를 포함한다.",
            "id": "sample_039_0001_000003",
            "annotations": []
        },
        {
            "sentence": "추가 포함: bid_request_sample, bid_response_sample, attribution_report, media_plan, budget_pacing_report, viewability_report, fraud_flagging_log을 제공합니다.",
            "id": "sample_039_0001_000004",
            "annotations": []
        },
        {
            "sentence": "식별자 표기: 모든 사용자 및 디바이스 식별자는 일방향 해시 또는 토큰화된 값을 사용하며 예시로 user_id_hashed=sha256$3f5a9b8d9e1a를 사용한다.",
            "id": "sample_039_0001_000005",
            "annotations": [
                {
                    "word": "user_id_hashed=sha256$3f5a9b8d9e1a",
                    "start": 54,
                    "end": 88,
                    "label": "개인정보"
                }
            ]
        },
        {
            "sentence": "추가 예시: 세션/디바이스 식별자는 device_id_hashed=sha256$a9d2c4e6b1f0과 같이 표현하며 원시 값은 절대 저장·노출하지 않는다.",
            "id": "sample_039_0001_000006",
            "annotations": [
                {
                    "word": "device_id_hashed=sha256$a9d2c4e6b1f0",
                    "start": 20,
                    "end": 56,
                    "label": "개인정보"
                }
            ]
        },
        {
            "sentence": "CRM 매칭 결과는 crm_customer_hashed=sha256$d4e5f6a1b2c3 형태의 토큰으로 저장하며 동의가 철회되면 파이프라인에서 해당 토큰을 제거한다.",
            "id": "sample_039_0001_000007",
            "annotations": [
                {
                    "word": "crm_customer_hashed=sha256$d4e5f6a1b2c3",
                    "start": 11,
                    "end": 50,
                    "label": "개인정보"
                }
            ]
        },
        {
            "sentence": "지역별 규제: GDPR/CCPA 준수를 위해 consent_region, consent_status, consent_timestamp 필드를 기본으로 포함하고 동의 철회(erase_request) 처리를 기록한다.",
            "id": "sample_039_0001_000008",
            "annotations": []
        },
        {
            "sentence": "데이터 삭제 로직: erase_request가 접수되면 실시간 필터링 단계에서 해당 토큰을 삭제하고 장기 보관 아카이브에서도 제거되도록 워크플로를 설계한다.",
            "id": "sample_039_0001_000009",
            "annotations": []
        },
        {
            "sentence": "타임스탬프 표준화: 로그 타임스탬프는 UTC로 저장하고 local_timezone 컬럼에 타임존 오프셋을 병기하여 리포트 시 로컬 시각 재생성을 지원한다.",
            "id": "sample_039_0001_000010",
            "annotations": []
        },
        {
            "sentence": "통화 정규화: 재무·성과 지표는 기본 통화(base_currency)=USD로 환산하여 저장하고 원시 통화 및 환율(epoch_rate)을 별도 컬럼으로 보관한다.",
            "id": "sample_039_0001_000011",
            "annotations": []
        },
        {
            "sentence": "합성 데이터 정책: 합성 레코드는 is_synthetic=true 플래그를 포함하며 원본 통계적 특성(분포·상관관계)은 유지하되 노이즈를 주입한다.",
            "id": "sample_039_0001_000012",
            "annotations": []
        },
        {
            "sentence": "노이즈 가정: 노이즈는 Laplace 분포(μ=0, b=0.5) 또는 Gaussian(σ=0.02)를 사용하며 샘플링 후 민감도에 따라 조정한다는 메타데이터를 포함한다.",
            "id": "sample_039_0001_000013",
            "annotations": []
        },
        {
            "sentence": "어트리뷰션: 기본 모델은 last_click이며 보조 모델로 시간 감쇠(weighted decay), position-based, algorithmic multi-touch를 제공하고 window는 7일·28일을 표준으로 정의한다.",
            "id": "sample_039_0001_000014",
            "annotations": []
        },
        {
            "sentence": "어트리뷰션 메타: 모델명, 가중치 규칙, 윈도우, 집계 레벨(이벤트/세션/일/캠페인) 정보를 모든 리포트에 포함하여 비교 가능성을 보장한다.",
            "id": "sample_039_0001_000015",
            "annotations": []
        },
        {
            "sentence": "리얼타임 입찰 특성: Bid stream은 초당 대량·저지연 특성을 가지므로 샤딩·파티셔닝(날짜·campaign_id)과 100ms~200ms SLA를 명시한다.",
            "id": "sample_039_0001_000016",
            "annotations": []
        },
        {
            "sentence": "샘플링 정책: 원시 입찰 로그는 보관 기간별 샘플링률을 적용하며 최근 30일은 전체 보존, 90일은 10% 샘플, 365일은 1% 샘플을 권고한다는 가정을 둔다.",
            "id": "sample_039_0001_000017",
            "annotations": []
        },
        {
            "sentence": "TTL·보관 정책: 실시간 로그는 hot storage에서 30일, warm에서 90일, cold에서 365일 보존을 권장하며 개인정보 삭제 요청은 즉시 반영한다.",
            "id": "sample_039_0001_000018",
            "annotations": []
        },
        {
            "sentence": "검증 지표: fraud_score(0-100)와 viewability_score(0-1)를 event 레벨에서 산출하고 임계값(fraud_score>70, viewability_score<0.5)으로 플래그를 세분화한다.",
            "id": "sample_039_0001_000019",
            "annotations": []
        },
        {
            "sentence": "사기 탐지 로직: 이상 행동 탐지는 IP 빈도(익명화), 비정상 입찰 패턴, 유효 클릭률 대비 비정상 CTR 상승을 결합한 룰과 ML 스코어를 혼합해 평가한다.",
            "id": "sample_039_0001_000020",
            "annotations": []
        },
        {
            "sentence": "뷰어빌리티 리포트: viewability_report는 MRC 기준에 따른 노출 시간·뷰어블 비율을 기록하며 creative_id, placement_id, audience_segment를 연계한다.",
            "id": "sample_039_0001_000021",
            "annotations": []
        },
        {
            "sentence": "집계·후처리: 데이터 소비자 관점에서 advertiser_id, campaign_id, line_item_id를 우선 배치하고 aggregation(기간·캠페인)과 deduplication(클릭 중복 제거) 과정을 주석으로 표기한다.",
            "id": "sample_039_0001_000022",
            "annotations": []
        },
        {
            "sentence": "미디어 플랜과 페이싱: media_plan과 budget_pacing_report는 목표 KPI, 일별 예산, 실제 소진률 및 페이싱 규칙을 포함하며 pacing은 타임존 정규화 후 비교한다.",
            "id": "sample_039_0001_000023",
            "annotations": []
        },
        {
            "sentence": "크리에이티브 스펙: creative_specifications는 형식(HTML5/MP4), 가로세로비, 파일 크기 제한, 브랜드 세이프티 필터 및 민감 카테고리 금지 규칙을 명시한다.",
            "id": "sample_039_0001_000024",
            "annotations": []
        },
        {
            "sentence": "오디언스 정의: audience_segment_definition은 세그먼트 ID, 설명, 추정 크기, 포함·제외 규칙, 생성 방법(probabilistic/deterministic)을 포함하여 재현성을 보장한다.",
            "id": "sample_039_0001_000025",
            "annotations": []
        },
        {
            "sentence": "디바이스 그래프: device_graph_mapping은 deterministic+probabilistic 매칭을 사용하며 매칭 신뢰도(confidence_score)와 매칭 소스(source_id)를 기록한다.",
            "id": "sample_039_0001_000026",
            "annotations": []
        },
        {
            "sentence": "샘플 입찰 예시: bid_request_sample에는 auction_id, timestamp_utc, device_id_hashed=sha256$b2e3f5a7c9d8, app_bundle, impression_floor가 포함되어 있다.",
            "id": "sample_039_0001_000027",
            "annotations": [
                {
                    "word": "device_id_hashed=sha256$b2e3f5a7c9d8",
                    "start": 58,
                    "end": 94,
                    "label": "개인정보"
                }
            ]
        },
        {
            "sentence": "샘플 응답 예시: bid_response_sample은 win_price_usd, bid_price_usd, creative_id, ad_domain 및 response_latency_ms를 포함하며 레이턴시 SLA 준수를 모니터링한다.",
            "id": "sample_039_0001_000028",
            "annotations": []
        },
        {
            "sentence": "CRM 매칭 정책: crm_match_report는 해시된 고객 토큰과 매칭 신뢰도, 매칭 타임스탬프를 제공하며 데이터 삭제 요청 시 매칭 레코드를 제거한다.",
            "id": "sample_039_0001_000029",
            "annotations": []
        },
        {
            "sentence": "메타데이터 및 가정: 문서 말미에 샘플링률(예: 최근90일 10%), 노이즈 분포, 어트리뷰션 규칙, 파티셔닝 기준 등을 명시하여 투명성을 확보한다.",
            "id": "sample_039_0001_000030",
            "annotations": []
        }
    ]
}