{
    "document_id": "039_0070",
    "document_title": "광고·마케팅 테크놀로지 합성 로그 및 파이프라인 설계서",
    "data": [
        {
            "sentence": "본 문서는 광고·마케팅 테크놀로지(AdTech/MarTech) 환경의 합성 이벤트 로그와 메타데이터 설계 원칙을 기술합니다.",
            "id": "sample_039_0070_000001",
            "annotations": []
        },
        {
            "sentence": "문서 목적은 실무 적용 가능한 데이터 스키마, 프라이버시 제약, 실시간 처리 SLA 및 후처리 규칙을 통합적으로 제시하는 것입니다.",
            "id": "sample_039_0070_000002",
            "annotations": []
        },
        {
            "sentence": "모든 레코드는 is_synthetic 플래그를 포함하며 통계적 특성(분포·상관관계)은 보존하지만 재식별 위험을 낮추기 위해 노이즈를 주입합니다.",
            "id": "sample_039_0070_000003",
            "annotations": []
        },
        {
            "sentence": "시간은 UTC 표준을 기준으로 로그 타임스탬프를 기록하고, 로컬 타임존(local_tz)과 보고용 기준 통화(base_currency, USD)를 별도 컬럼으로 제공합니다.",
            "id": "sample_039_0070_000004",
            "annotations": []
        },
        {
            "sentence": "원시 PII 저장 금지 원칙에 따라 사용자 및 디바이스 식별자는 일방향 해시로 표기합니다(예: user_id_hashed: sha256:3f5a1c9b, device_id_hashed: sha256:7c2e9b4f).",
            "id": "sample_039_0070_000005",
            "annotations": [
                {
                    "word": "sha256:3f5a1c9b",
                    "start": 69,
                    "end": 84,
                    "label": "개인정보"
                },
                {
                    "word": "sha256:7c2e9b4f",
                    "start": 104,
                    "end": 119,
                    "label": "개인정보"
                }
            ]
        },
        {
            "sentence": "GDPR/CCPA 준수 차원에서 지역별 consent 필드(consent_gdpr, consent_ccpa)를 포함하고, 삭제(erase) 요청이 접수되면 파이프라인 단계에서 해당 레코드를 물리 제거합니다.",
            "id": "sample_039_0070_000006",
            "annotations": []
        },
        {
            "sentence": "campaign_metadata에는 campaign_id, line_item_id, creative_id, campaign_name, flight_start, flight_end, targeting_rules, base_currency가 우선 배치됩니다.",
            "id": "sample_039_0070_000007",
            "annotations": []
        },
        {
            "sentence": "creative_specifications에는 creative_id, mime_type, width, height, duration_ms, click_through_url_hash, serving_priority가 포함되며 크기·비율 가드라인을 명시합니다.",
            "id": "sample_039_0070_000008",
            "annotations": []
        },
        {
            "sentence": "impression_log 스키마 예시는 impression_id_hashed: sha256:aa11bb22, timestamp_utc, creative_id, placement_id, viewability_score, edge_server_ip: 10.0.0.12 등의 필드를 포함합니다.",
            "id": "sample_039_0070_000009",
            "annotations": [
                {
                    "word": "sha256:aa11bb22",
                    "start": 45,
                    "end": 60,
                    "label": "개인정보"
                },
                {
                    "word": "10.0.0.12",
                    "start": 139,
                    "end": 148,
                    "label": "기밀정보"
                }
            ]
        },
        {
            "sentence": "click_log은 click_id_hashed: sha256:cc22dd33, timestamp_utc, referer_domain, user_agent_hash, device_id_hashed, ip_geo_country 등의 필드를 포함합니다.",
            "id": "sample_039_0070_000010",
            "annotations": [
                {
                    "word": "sha256:cc22dd33",
                    "start": 28,
                    "end": 43,
                    "label": "개인정보"
                }
            ]
        },
        {
            "sentence": "conversion_event는 conversion_id_hashed: sha256:ee33ff44, event_time_utc, revenue_usd(normalized), currency_rate, attribution_window_days를 기록합니다.",
            "id": "sample_039_0070_000011",
            "annotations": [
                {
                    "word": "sha256:ee33ff44",
                    "start": 40,
                    "end": 55,
                    "label": "개인정보"
                }
            ]
        },
        {
            "sentence": "audience_segment_definition에는 segment_id, segment_name, seed_source, seed_confidence, 포함/제외 룰과 지역 분류를 시·구 단위로 분리해 관리합니다(예: 시: 서울특별시, 구: 강남구).",
            "id": "sample_039_0070_000012",
            "annotations": [
                {
                    "word": "서울특별시",
                    "start": 126,
                    "end": 131,
                    "label": "준식별자"
                },
                {
                    "word": "강남구",
                    "start": 136,
                    "end": 139,
                    "label": "준식별자"
                }
            ]
        },
        {
            "sentence": "bid_request_sample 필드 예시는 bid_request_id_hashed: sha256:bb44cc55, device_os, device_model, ip_geo_city, country_code, supply_source, user_agent_hash 등을 포함합니다.",
            "id": "sample_039_0070_000013",
            "annotations": [
                {
                    "word": "sha256:bb44cc55",
                    "start": 49,
                    "end": 64,
                    "label": "개인정보"
                }
            ]
        },
        {
            "sentence": "bid_response_sample에는 bid_price, win_price, advertiser_id_hash, ttl_seconds, latency_ms 및 응답 페이로드 크기 등을 샘플로 기록합니다.",
            "id": "sample_039_0070_000014",
            "annotations": []
        },
        {
            "sentence": "attribution_report은 어트리뷰션 모델을 명시합니다(예: 마지막 클릭(last_click), 가중 분배(weighted_mtouch))와 기여 윈도우를 일관되게 적용해야 합니다.",
            "id": "sample_039_0070_000015",
            "annotations": []
        },
        {
            "sentence": "media_plan에는 캠페인 목표, KPI(CTR, CVR, eCPM), 총예산, 일별 목표, 페이싱 룰과 A/B 테스트 설계가 포함됩니다.",
            "id": "sample_039_0070_000016",
            "annotations": []
        },
        {
            "sentence": "budget_pacing_report는 daily_budget_usd, spent_usd, pacing_ratio, 예산 소진 예측과 로그 보관 정책(예: 90일 보관)을 포함해 실무 모니터링을 지원합니다.",
            "id": "sample_039_0070_000017",
            "annotations": []
        },
        {
            "sentence": "viewability_report은 viewability_score, measurable_impressions, MRC 준수 여부, 화면 내 시간(seconds_in_view)과 활동성 기준을 명시합니다.",
            "id": "sample_039_0070_000018",
            "annotations": []
        },
        {
            "sentence": "fraud_flagging_log에는 fraud_score, fraud_reason_codes, anomaly_patterns, 차단된 퍼블리셔 목록(blocked_publishers) 예: acct_42_internal이 포함됩니다.",
            "id": "sample_039_0070_000019",
            "annotations": [
                {
                    "word": "acct_42_internal",
                    "start": 107,
                    "end": 123,
                    "label": "기밀정보"
                }
            ]
        },
        {
            "sentence": "device_graph_mapping은 device_graph_id, 연결 엣지, probabilistic_match_score, 해시된 디바이스 간 매핑과 저장 경로를 포함하며 예시 저장경로는 s3://internal/adtech/device_graph/2025/01/01 입니다.",
            "id": "sample_039_0070_000020",
            "annotations": [
                {
                    "word": "s3://internal/adtech/device_graph/2025/01/01",
                    "start": 109,
                    "end": 153,
                    "label": "기밀정보"
                }
            ]
        },
        {
            "sentence": "crm_match_report은 crm_customer_id_hashed: sha256:dd55ee66, match_confidence, offline_revenue_usd, match_timestamp 및 담당자 표기를 포함할 수 있으며 예시 담당자: 권승후.",
            "id": "sample_039_0070_000021",
            "annotations": [
                {
                    "word": "sha256:dd55ee66",
                    "start": 42,
                    "end": 57,
                    "label": "개인정보"
                },
                {
                    "word": "권승후",
                    "start": 142,
                    "end": 145,
                    "label": "개인정보"
                }
            ]
        },
        {
            "sentence": "데이터 보존 정책은 로그 유형별로 다르게 적용합니다(예: impression 365일, bid 90일, 원시 원본 30일)과 삭제 요청시 파이프라인 제거를 표준화합니다.",
            "id": "sample_039_0070_000022",
            "annotations": []
        },
        {
            "sentence": "샘플링 정책은 비승리 입찰에 대해 1% 비율을 적용하되 전환 이벤트와 같은 희소 이벤트는 샘플링하지 않아 분산을 보존합니다.",
            "id": "sample_039_0070_000023",
            "annotations": []
        },
        {
            "sentence": "파티셔닝 규칙은 event_date, country_code, hash_prefix(top8bits of user_id_hashed) 조합으로 설계해 스캔 비용을 최적화합니다.",
            "id": "sample_039_0070_000024",
            "annotations": []
        },
        {
            "sentence": "실시간 파이프라인의 지연 SLA는 일반적으로 100ms~200ms 범위로 정의하며 Kinesis/ Kafka 샤딩과 핫 파티션 전략을 병행합니다.",
            "id": "sample_039_0070_000025",
            "annotations": []
        },
        {
            "sentence": "후처리 프로세스는 impression_id_hashed 기반 중복 제거, 세션화(sessionization) 윈도우 30분, 집계 레벨(이벤트/세션/일/캠페인)을 명확히 구분합니다.",
            "id": "sample_039_0070_000026",
            "annotations": []
        },
        {
            "sentence": "메타데이터에는 사용한 가정들을 포함합니다(예: sampling_rate=0.01, noise_distribution=gaussian(sigma=0.1), attribution_rules=last_click)로 투명성을 확보합니다.",
            "id": "sample_039_0070_000027",
            "annotations": []
        },
        {
            "sentence": "보안 제어에는 암호화-at-rest, KMS 관리, 접근제어 정책을 명시하며 예시 kms_key_id:key-abc-1234와 내부 API 엔드포인트 https://internal-api.adtech.corp/v1을 참고합니다.",
            "id": "sample_039_0070_000028",
            "annotations": [
                {
                    "word": "key-abc-1234",
                    "start": 57,
                    "end": 69,
                    "label": "기밀정보"
                },
                {
                    "word": "https://internal-api.adtech.corp/v1",
                    "start": 84,
                    "end": 119,
                    "label": "기밀정보"
                }
            ]
        },
        {
            "sentence": "연락처 정보는 최소한으로 표기하며 데이터 소유자: 나호근, 기술 책임자: 유석현, 운영 책임자: 엄이환 등 실무 담당자를 명확히 둡니다.",
            "id": "sample_039_0070_000029",
            "annotations": [
                {
                    "word": "나호근",
                    "start": 28,
                    "end": 31,
                    "label": "개인정보"
                },
                {
                    "word": "유석현",
                    "start": 41,
                    "end": 44,
                    "label": "개인정보"
                },
                {
                    "word": "엄이환",
                    "start": 54,
                    "end": 57,
                    "label": "개인정보"
                }
            ]
        },
        {
            "sentence": "실행 항목으로는 삭제 워크플로우 구현, 분기별 프라이버시 심사, fraud_score 및 viewability_score 일일 모니터링을 권고합니다.",
            "id": "sample_039_0070_000030",
            "annotations": []
        },
        {
            "sentence": "예시 준식별자 표기는 생년월일을 분리해 관리합니다(연: 1988, 월: 05, 일: 12)와 성별: female을 예시로 들 수 있습니다.",
            "id": "sample_039_0070_000031",
            "annotations": [
                {
                    "word": "1988",
                    "start": 31,
                    "end": 35,
                    "label": "준식별자"
                },
                {
                    "word": "05",
                    "start": 40,
                    "end": 42,
                    "label": "준식별자"
                },
                {
                    "word": "12",
                    "start": 47,
                    "end": 49,
                    "label": "준식별자"
                },
                {
                    "word": "female",
                    "start": 56,
                    "end": 62,
                    "label": "준식별자"
                }
            ]
        }
    ]
}