{
    "document_id": "039_0080",
    "document_title": "AdTech 통합 이벤트 로그 설계 및 합성 샘플 가이드",
    "data": [
        {
            "sentence": "문서 개요: 본 문서는 광고 및 마케팅 테크놀로지(AdTech/MarTech) 도메인의 합성 이벤트 로그와 메타데이터 설계 지침을 포함합니다.",
            "id": "sample_039_0080_000001",
            "annotations": []
        },
        {
            "sentence": "목표: 데이터 파이프라인, 입찰 로그, 뷰어빌리티·사기 검증, 어트리뷰션 규칙, CRM 매칭 흐름을 표준화하는 것입니다.",
            "id": "sample_039_0080_000002",
            "annotations": []
        },
        {
            "sentence": "컴플라이언스: GDPR 및 CCPA 준수를 기본 원칙으로 하며 지역별 동의(consent) 플래그를 모든 레코드에 포함합니다.",
            "id": "sample_039_0080_000003",
            "annotations": []
        },
        {
            "sentence": "동의 필드 샘플: consent_gdpr: true, consent_ccpa_opt_out: false, consent_timestamp_utc는 UTC로 기록됩니다.",
            "id": "sample_039_0080_000004",
            "annotations": []
        },
        {
            "sentence": "데이터 삭제(erase) 요청 처리: erase_request: true가 설정되면 파이프라인에서 해당 레코드가 24시간 내 삭제되고 deleted_at 타임스탬프가 기록됩니다.",
            "id": "sample_039_0080_000005",
            "annotations": []
        },
        {
            "sentence": "시간·통화 표준화: 로그 타임스탬프는 UTC로 표준화하고 local_timezone 컬럼에 Asia/Seoul 등 로컬 값을 유지합니다.",
            "id": "sample_039_0080_000006",
            "annotations": []
        },
        {
            "sentence": "합성 데이터 표기: 모든 샘플에는 is_synthetic: true 플래그를 포함하고, 노이즈 분포와 샘플링 가정을 메타데이터로 보관합니다.",
            "id": "sample_039_0080_000007",
            "annotations": []
        },
        {
            "sentence": "가정 메타데이터 예: sampling_rate=0.05(5%), noise_model=laplace(scale=0.01), attribution_default=last_click(24h).",
            "id": "sample_039_0080_000008",
            "annotations": []
        },
        {
            "sentence": "캠페인 메타데이터 예시: campaign_id: cmp_202501_001, base_currency: USD, start_date_utc: 2025-01-01.",
            "id": "sample_039_0080_000009",
            "annotations": []
        },
        {
            "sentence": "크리에이티브 스펙: creative_id_hashed: cr_sha256_a1b2c3, format: video_30s, max_size_kb: 1500, mime: video/mp4.",
            "id": "sample_039_0080_000010",
            "annotations": []
        },
        {
            "sentence": "임프레션 로그 샘플: impression_id: imp_sha1_9f8e7d, timestamp_utc 표준화, region, publisher_id 및 viewability_score 포함.",
            "id": "sample_039_0080_000011",
            "annotations": []
        },
        {
            "sentence": "클릭 로그 샘플: click_id: clk_sha1_5a4b3c, referer, user_agent, ip_region 합성 엔리치먼트를 포함합니다.",
            "id": "sample_039_0080_000012",
            "annotations": []
        },
        {
            "sentence": "전환 이벤트 예시에는 user_id_hashed: sha256:3f5b2a7e9c1d4f6a 와 conversion_value, conversion_time_utc를 기록합니다.",
            "id": "sample_039_0080_000013",
            "annotations": [
                {
                    "word": "user_id_hashed: sha256:3f5b2a7e9c1d4f6a",
                    "start": 12,
                    "end": 51,
                    "label": "개인정보"
                }
            ]
        },
        {
            "sentence": "디바이스 식별자는 device_id_hashed: device_sha1:7c9a440ad2b6 형식으로 저장하고 원시 ID는 제거합니다.",
            "id": "sample_039_0080_000014",
            "annotations": [
                {
                    "word": "device_id_hashed: device_sha1:7c9a440ad2b6",
                    "start": 10,
                    "end": 52,
                    "label": "개인정보"
                }
            ]
        },
        {
            "sentence": "연관된 연락처 정보는 해시로 저장합니다: email_hashed: eml_tok_9f8b7c6d 과 phone_hashed: ph_tok_4e2a1b0c 를 예로 둡니다.",
            "id": "sample_039_0080_000015",
            "annotations": [
                {
                    "word": "email_hashed: eml_tok_9f8b7c6d",
                    "start": 23,
                    "end": 53,
                    "label": "개인정보"
                },
                {
                    "word": "phone_hashed: ph_tok_4e2a1b0c",
                    "start": 56,
                    "end": 85,
                    "label": "개인정보"
                }
            ]
        },
        {
            "sentence": "CRM 매칭 결과는 crm_id_hashed: crm_sha256:aa11bbccddeeff 와 매칭 신뢰도(score)로 기록합니다.",
            "id": "sample_039_0080_000016",
            "annotations": [
                {
                    "word": "crm_id_hashed: crm_sha256:aa11bbccddeeff",
                    "start": 11,
                    "end": 51,
                    "label": "개인정보"
                }
            ]
        },
        {
            "sentence": "준식별자 예시는 분석 상 필요한 항목으로 birth_year: 1985 를 연 단위로 보관합니다.",
            "id": "sample_039_0080_000017",
            "annotations": [
                {
                    "word": "birth_year: 1985",
                    "start": 23,
                    "end": 39,
                    "label": "준식별자"
                }
            ]
        },
        {
            "sentence": "성별은 설명형 필드로 gender: female 과 같은 값을 사용하며, 필요시 범주화하여 제공됩니다.",
            "id": "sample_039_0080_000018",
            "annotations": [
                {
                    "word": "gender: female",
                    "start": 12,
                    "end": 26,
                    "label": "준식별자"
                }
            ]
        },
        {
            "sentence": "주소 근거는 지역 수준으로 시·군·구 분할을 권장하며 예시로 city: 서울특별시 를 사용합니다.",
            "id": "sample_039_0080_000019",
            "annotations": [
                {
                    "word": "city: 서울특별시",
                    "start": 34,
                    "end": 45,
                    "label": "준식별자"
                }
            ]
        },
        {
            "sentence": "세부 지역은 district: 강남구 형식으로 분리 보관하여 준식별자 합성 위험을 낮춥니다.",
            "id": "sample_039_0080_000020",
            "annotations": [
                {
                    "word": "district: 강남구",
                    "start": 7,
                    "end": 20,
                    "label": "준식별자"
                }
            ]
        },
        {
            "sentence": "디바이스 그래프는 probabilistic matching을 사용하고, 연결 TTL은 90일, 파티셔닝은 country/event_date 기준입니다.",
            "id": "sample_039_0080_000021",
            "annotations": []
        },
        {
            "sentence": "내부 운영 기밀 예시로 server_ip: 10.0.0.23 및 s3_path: s3://private-buckets/adops/2025/q1/report.csv 는 접근 제어 대상입니다.",
            "id": "sample_039_0080_000022",
            "annotations": [
                {
                    "word": "server_ip: 10.0.0.23",
                    "start": 13,
                    "end": 33,
                    "label": "기밀정보"
                },
                {
                    "word": "s3_path: s3://private-buckets/adops/2025/q1/report.csv",
                    "start": 36,
                    "end": 90,
                    "label": "기밀정보"
                }
            ]
        },
        {
            "sentence": "비밀 키와 계정 정보는 기밀로 분류합니다: api_key: key_prod_XXXX 및 account_id: ACCT-****1234 는 로그에 마스킹 또는 토큰화합니다.",
            "id": "sample_039_0080_000023",
            "annotations": [
                {
                    "word": "api_key: key_prod_XXXX",
                    "start": 24,
                    "end": 46,
                    "label": "기밀정보"
                },
                {
                    "word": "account_id: ACCT-****1234",
                    "start": 49,
                    "end": 74,
                    "label": "기밀정보"
                }
            ]
        },
        {
            "sentence": "예산 정보는 재무 기밀로 budget: USD 120000 과 같이 집계단위로 제공하며, 세부 입금 계좌는 저장하지 않습니다.",
            "id": "sample_039_0080_000024",
            "annotations": [
                {
                    "word": "budget: USD 120000",
                    "start": 14,
                    "end": 32,
                    "label": "기밀정보"
                }
            ]
        },
        {
            "sentence": "입찰 예시: bid_request 페이로드는 latency SLA 100-200ms 준수, bid_price 및 win_price는 양자화된 형식으로 저장됩니다.",
            "id": "sample_039_0080_000025",
            "annotations": []
        },
        {
            "sentence": "뷰어빌리티·사기 검증은 viewability_score(0-1)과 fraud_score(0-1)를 계산하여 fraud_score>0.8은 플래그합니다.",
            "id": "sample_039_0080_000026",
            "annotations": []
        },
        {
            "sentence": "어트리뷰션 규칙: 기본 last_click 윈도우 24시간, 대체 모델은 linear weighting 7일, 결과 필드는 attribution_model 및 contribution_value 입니다.",
            "id": "sample_039_0080_000027",
            "annotations": []
        },
        {
            "sentence": "보존 정책과 샘플링: raw_event_ttl: 90 days, sampled_archive: 365 days, 실시간 파티셔닝과 샘플링률(sample_rate) 명시로 재현성을 확보합니다.",
            "id": "sample_039_0080_000028",
            "annotations": []
        }
    ]
}