﻿word,document,sentence,label
user_id_hashed=sha256$3f5a9b8d9e1a,039_0001,sample_039_0001_000005,개인정보
device_id_hashed=sha256$a9d2c4e6b1f0,039_0001,sample_039_0001_000006,개인정보
crm_customer_hashed=sha256$d4e5f6a1b2c3,039_0001,sample_039_0001_000007,개인정보
device_id_hashed=sha256$b2e3f5a7c9d8,039_0001,sample_039_0001_000027,개인정보
류명근,039_0002,sample_039_0002_000003,개인정보
user_id_hashed: sha256:6b1a2f4e9d3c5a7b,039_0002,sample_039_0002_000007,개인정보
성별: 여성,039_0002,sample_039_0002_000008,준식별자
birth_year: 1987,039_0002,sample_039_0002_000008,준식별자
시: 서울특별시,039_0002,sample_039_0002_000008,준식별자
구: 강남구,039_0002,sample_039_0002_000008,준식별자
직업: 마케팅 매니저,039_0002,sample_039_0002_000008,준식별자
device_id_hashed: sha256:9a2b3c4d5e6f7a8b,039_0002,sample_039_0002_000009,개인정보
주보배,039_0002,sample_039_0002_000012,개인정보
"월 예산 150,000,000 KRW",039_0002,sample_039_0002_000013,기밀정보
10.5.3.21,039_0002,sample_039_0002_000015,기밀정보
crm_customer_id_hashed: sha256:c2f1e3d4b5a69788,039_0002,sample_039_0002_000017,개인정보
/srv/ads/pipeline/secrets/,039_0002,sample_039_0002_000026,기밀정보
강승후,039_0002,sample_039_0002_000028,개인정보
유경주,039_0002,sample_039_0002_000028,개인정보
user_id_hashed: sha256$abc123def4567890,039_0003,sample_039_0003_000004,개인정보
device_id_token: tok_9f8b7a6,039_0003,sample_039_0003_000005,개인정보
10.0.0.5,039_0003,sample_039_0003_000015,기밀정보
crm_match_id: hmac$001122,039_0003,sample_039_0003_000020,개인정보
impression_id_hashed,039_0003,sample_039_0003_000023,개인정보
click_id_hashed,039_0003,sample_039_0003_000023,개인정보
방일형,039_0003,sample_039_0003_000025,개인정보
김진원,039_0003,sample_039_0003_000025,개인정보
****-1234,039_0003,sample_039_0003_000026,기밀정보
서울특별시,039_0003,sample_039_0003_000027,준식별자
강남구,039_0003,sample_039_0003_000027,준식별자
1988,039_0003,sample_039_0003_000028,준식별자
05,039_0003,sample_039_0003_000028,준식별자
12,039_0003,sample_039_0003_000028,준식별자
sha256:4f2c9a7e,039_0004,sample_039_0004_000012,개인정보
sha256:ab12cdef,039_0004,sample_039_0004_000014,개인정보
sha1:9f8d7c,039_0004,sample_039_0004_000014,개인정보
전인아,039_0004,sample_039_0004_000029,개인정보
박상욱,039_0004,sample_039_0004_000029,개인정보
서울특별시,039_0004,sample_039_0004_000031,준식별자
강남구,039_0004,sample_039_0004_000031,준식별자
1985,039_0004,sample_039_0004_000031,준식별자
여성,039_0004,sample_039_0004_000031,준식별자
마케팅매니저,039_0004,sample_039_0004_000031,준식별자
s3://corp-internal/etl/pipeline.sql,039_0004,sample_039_0004_000027,기밀정보
vpn.internal.corp,039_0004,sample_039_0004_000027,기밀정보
APPROVAL-2025-07,039_0004,sample_039_0004_000028,기밀정보
계좌번호: ****1234,039_0004,sample_039_0004_000032,기밀정보
10.10.0.5,039_0004,sample_039_0004_000032,기밀정보
sha256:3f786850e387550fdab836ed7e6dc881de23001b,039_0005,sample_039_0005_000004,개인정보
token_dsp_b2f9c1,039_0005,sample_039_0005_000004,개인정보
imp_000123,039_0005,sample_039_0005_000011,개인정보
clk_000123,039_0005,sample_039_0005_000012,개인정보
sha256:9ae0ea9e3c9c6e1b9b6252c8395efdc1,039_0005,sample_039_0005_000023,개인정보
서울특별시,039_0005,sample_039_0005_000015,준식별자
심우린,039_0005,sample_039_0005_000028,개인정보
신수오,039_0005,sample_039_0005_000028,개인정보
vpn.internal.company.local,039_0005,sample_039_0005_000029,기밀정보
10.0.4.12,039_0005,sample_039_0005_000029,기밀정보
/opt/secure/keys,039_0005,sample_039_0005_000029,기밀정보
110-123-456789,039_0005,sample_039_0005_000030,기밀정보
sha256:abcd1234ef567890,039_0006,sample_039_0006_000005,개인정보
token_9f8e7d6c,039_0006,sample_039_0006_000006,개인정보
sha256:1122aabbccdd,039_0006,sample_039_0006_000012,개인정보
sha256:deadbeefcafebabe,039_0006,sample_039_0006_000017,개인정보
sha256:ffee1122aabb,039_0006,sample_039_0006_000018,개인정보
남성,039_0006,sample_039_0006_000021,준식별자
1985,039_0006,sample_039_0006_000021,준식별자
06,039_0006,sample_039_0006_000021,준식별자
15,039_0006,sample_039_0006_000021,준식별자
서울,039_0006,sample_039_0006_000021,준식별자
강남구,039_0006,sample_039_0006_000021,준식별자
****1234,039_0006,sample_039_0006_000027,기밀정보
/internal/prod/pipelines/ads_config.yaml,039_0006,sample_039_0006_000027,기밀정보
db-prod-01.internal.corp,039_0006,sample_039_0006_000027,기밀정보
민진석,039_0006,sample_039_0006_000028,개인정보
허장우,039_0006,sample_039_0006_000028,개인정보
user_id_hashed: sha256:3f7a1b9cde45f0a1a2b3c4d5e6f7a8b9,039_0007,sample_039_0007_000011,개인정보
email_hashed: md5:9c8d7e6f,039_0007,sample_039_0007_000011,개인정보
device_id_hashed: devtok_7b9f2a8c,039_0007,sample_039_0007_000012,개인정보
impression_id_hashed: imp_aa11bb22,039_0007,sample_039_0007_000013,개인정보
click_id_hashed: clk_cc33dd44,039_0007,sample_039_0007_000013,개인정보
crm_match_id_hashed: crm_5f6e7d,039_0007,sample_039_0007_000014,개인정보
birth_year: 1988,039_0007,sample_039_0007_000015,준식별자
birth_month: 5,039_0007,sample_039_0007_000015,준식별자
gender: female,039_0007,sample_039_0007_000016,준식별자
city: 서울특별시,039_0007,sample_039_0007_000017,준식별자
budget_account_number: 9876543210,039_0007,sample_039_0007_000024,기밀정보
internal_server_ip: 10.0.4.12,039_0007,sample_039_0007_000025,기밀정보
offline_revenue_match_id_hashed: om_998877,039_0007,sample_039_0007_000028,개인정보
심유리,039_0008,sample_039_0008_000001,개인정보
sha256:3f8a1b9faa7d4e5c6d7e8f901234abcd,039_0008,sample_039_0008_000005,개인정보
token:dev_a1b2c3,039_0008,sample_039_0008_000006,개인정보
sha256:e3b0c44298fc1c,039_0008,sample_039_0008_000010,개인정보
crm_hash_77a9,039_0008,sample_039_0008_000011,개인정보
서울특별시,039_0008,sample_039_0008_000012,준식별자
강남구,039_0008,sample_039_0008_000012,준식별자
여성,039_0008,sample_039_0008_000013,준식별자
1988,039_0008,sample_039_0008_000014,준식별자
05,039_0008,sample_039_0008_000014,준식별자
12,039_0008,sample_039_0008_000014,준식별자
dg_tok_9f8b,039_0008,sample_039_0008_000015,개인정보
192.0.2.1,039_0008,sample_039_0008_000016,기밀정보
10.200.1.5,039_0008,sample_039_0008_000016,기밀정보
공지빈,039_0008,sample_039_0008_000019,개인정보
****6789,039_0008,sample_039_0008_000020,기밀정보
/var/internal/ads/secret.csv,039_0008,sample_039_0008_000023,기밀정보
s3://internal-prod/ads/,039_0008,sample_039_0008_000023,기밀정보
vpn.adtech.internal,039_0008,sample_039_0008_000023,기밀정보
ABC광고,039_0008,sample_039_0008_000024,준식별자
유수인,039_0008,sample_039_0008_000025,개인정보
sha256:4f7c9a8b9e2f3c1d5e6f7a8b9c0d1e2f3a4b5c6d7e8f9a0b1c2d3e4f5a6b7c8,039_0009,sample_039_0009_000004,개인정보
dtoken:dev_9f8e7d6c,039_0009,sample_039_0009_000005,개인정보
gender='female',039_0009,sample_039_0009_000006,준식별자
birth_year=1984,039_0009,sample_039_0009_000006,준식별자
시='서울특별시',039_0009,sample_039_0009_000006,준식별자
구='강남구',039_0009,sample_039_0009_000006,준식별자
sha256:4f7c9a8b9e2f3c1d5e6f7a8b9c0d1e2f3a4b5c6d7e8f9a0b1c2d3e4f5a6b7c8,039_0009,sample_039_0009_000020,개인정보
dtoken:dev_9f8e7d6c,039_0009,sample_039_0009_000020,개인정보
sha256:aa11bb22cc33dd44ee55ff6677889900aabbccddeeff00112233445566778899,039_0009,sample_039_0009_000021,개인정보
dtoken:dev_9f8e7d6c,039_0009,sample_039_0009_000031,개인정보
dtoken:dev_ab12cd34,039_0009,sample_039_0009_000031,개인정보
sha256:4f7c9a8b9e2f3c1d5e6f7a8b9c0d1e2f3a4b5c6d7e8f9a0b1c2d3e4f5a6b7c8,039_0009,sample_039_0009_000032,개인정보
차채진,039_0009,sample_039_0009_000033,개인정보
허장원,039_0009,sample_039_0009_000033,개인정보
s3://internal-bucket/prod/ads/,039_0009,sample_039_0009_000034,기밀정보
10.0.4.12,039_0009,sample_039_0009_000034,기밀정보
user_id_hashed: sha256:3b7f1e9c8a4d6b2f0c9e7a5d1b2c3f4a5e6d7c8f9a0b1c2d3e4f5a6b7c8d9e0,039_0010,sample_039_0010_000006,준식별자
device_id_hashed: tok_dev_000A,039_0010,sample_039_0010_000006,준식별자
event_timestamp_utc: 2025-06-15T12:34:56Z,039_0010,sample_039_0010_000006,준식별자
city: 서울특별시,039_0010,sample_039_0010_000006,준식별자
click_timestamp_utc: 2025-06-15T12:35:01Z,039_0010,sample_039_0010_000008,준식별자
crm_id_hashed: crm_tok_789,039_0010,sample_039_0010_000009,준식별자
edge_request_ip_masked: 192.0.2.1,039_0010,sample_039_0010_000010,기밀정보
edge_server_ip: 10.0.12.45,039_0010,sample_039_0010_000016,기밀정보
server_path: /srv/ads/private/bid_processor,039_0010,sample_039_0010_000016,기밀정보
crm_id_hashed: crm_tok_789,039_0010,sample_039_0010_000018,준식별자
user_id_hashed: sha256:3b7f1e9c8a4d6b2f0c9e7a5d1b2c3f4a5e6d7c8f9a0b1c2d3e4f5a6b7c8d9e0,039_0010,sample_039_0010_000018,준식별자
양연수,039_0011,sample_039_0011_000003,개인정보
윤창덕,039_0011,sample_039_0011_000004,개인정보
성별: 남성,039_0011,sample_039_0011_000006,준식별자
생년월일(연): 1987,039_0011,sample_039_0011_000007,준식별자
시/군/구: 강남구,039_0011,sample_039_0011_000008,준식별자
서버 IP: 10.0.0.12,039_0011,sample_039_0011_000009,기밀정보
광고계약번호: CONTRACT-2023-0456,039_0011,sample_039_0011_000010,기밀정보
/opt/adtech/pipeline/config.yaml,039_0011,sample_039_0011_000011,기밀정보
"계약 예산: $250,000",039_0011,sample_039_0011_000018,기밀정보
권가연,039_0011,sample_039_0011_000022,개인정보
엄승준,039_0011,sample_039_0011_000023,개인정보
DB 접속 서버 IP: 10.0.0.12,039_0011,sample_039_0011_000024,기밀정보
권새별,039_0011,sample_039_0011_000030,개인정보
sha256:8f2c4a5b1e9d3c6f7a2b4c8d9e0f1a2b3c4d5e6f7a8b9c0d1e2f3a4b5c6d7e8,039_0012,sample_039_0012_000003,개인정보
gaid_hash:3a1b2c4d5e6f7a8b9c0d1e2f3a4b5c6d,039_0012,sample_039_0012_000004,개인정보
email_tok:etok_7c9e2f,039_0012,sample_039_0012_000005,개인정보
msisdn_tok:e123f,039_0012,sample_039_0012_000006,개인정보
crm_sha256:ab12cd34ef56ab78cd90ef12ab34cd56ef78ab90cd12ef34ab56cd78ef90ab12,039_0012,sample_039_0012_000007,개인정보
gender:F,039_0012,sample_039_0012_000008,준식별자
birth_year:1988,039_0012,sample_039_0012_000008,준식별자
city:Seoul,039_0012,sample_039_0012_000008,준식별자
age_group:30-34,039_0012,sample_039_0012_000009,준식별자
zip_prefix:045,039_0012,sample_039_0012_000009,준식별자
10.8.0.12,039_0012,sample_039_0012_000014,기밀정보
acct_tok:9b8c7d6e,039_0012,sample_039_0012_000019,기밀정보
dg_hash:00112233445566778899aabbccddeeff,039_0012,sample_039_0012_000020,개인정보
user_hash_2b7f6c,039_0012,sample_039_0012_000030,개인정보
한소혜,039_0013,sample_039_0013_000006,개인정보
이문걸,039_0013,sample_039_0013_000007,개인정보
허정미,039_0013,sample_039_0013_000030,개인정보
user_sha256_4b7f2e9a1c,039_0013,sample_039_0013_000004,개인정보
device_tok_9a8b7c,039_0013,sample_039_0013_000005,개인정보
imp_7c1d2,039_0013,sample_039_0013_000013,개인정보
clk_3e5b1,039_0013,sample_039_0013_000014,개인정보
crm_tok_72f1,039_0013,sample_039_0013_000015,개인정보
"KRW 1,250,000",039_0013,sample_039_0013_000016,기밀정보
서울특별시,039_0013,sample_039_0013_000017,준식별자
강남구,039_0013,sample_039_0013_000017,준식별자
1985,039_0013,sample_039_0013_000017,준식별자
F,039_0013,sample_039_0013_000017,준식별자
s3://ad-tech-prod/etl/bids,039_0013,sample_039_0013_000019,기밀정보
10.10.0.5,039_0013,sample_039_0013_000024,기밀정보
sha256:9f86d081884c7d659a2feaa0c55ad015,039_0014,sample_039_0014_000004,개인정보
token:dev_7f3b9c,039_0014,sample_039_0014_000005,개인정보
홍정주,039_0014,sample_039_0014_000006,개인정보
문지완,039_0014,sample_039_0014_000007,개인정보
임하늬,039_0014,sample_039_0014_000007,개인정보
1987년 5월 12일,039_0014,sample_039_0014_000008,준식별자
서울특별시,039_0014,sample_039_0014_000009,준식별자
강남구,039_0014,sample_039_0014_000009,준식별자
crc_8a7f,039_0014,sample_039_0014_000014,개인정보
25-34,039_0014,sample_039_0014_000015,준식별자
여성,039_0014,sample_039_0014_000015,준식별자
203.0.113.45,039_0014,sample_039_0014_000016,기밀정보
주승빈,039_0014,sample_039_0014_000022,개인정보
e3b0c44298fc1c149afbf4c8996fb924,039_0014,sample_039_0014_000023,개인정보
김한비,039_0014,sample_039_0014_000024,개인정보
internal-db-prod.svc.cluster.local,039_0014,sample_039_0014_000025,기밀정보
s3://ad-data/prod/credentials.json,039_0014,sample_039_0014_000025,기밀정보
권해온,039_0014,sample_039_0014_000030,개인정보
user_id_hashed:sha256:4b227777d4dd1fc61c6f884f48641d02,039_0015,sample_039_0015_000004,개인정보
device_id_hashed:sha256:3a7bd3e2360a3d4f5c9a1b2c3d4e5f6a,039_0015,sample_039_0015_000005,개인정보
erase_request_user:sha256:9e107d9d372bb6826bd81d3542a419d6,039_0015,sample_039_0015_000009,개인정보
birth_year:1987,039_0015,sample_039_0015_000016,준식별자
gender:female,039_0015,sample_039_0015_000016,준식별자
city:서울특별시,039_0015,sample_039_0015_000017,준식별자
district:강남구,039_0015,sample_039_0015_000014,준식별자
acct_mask:****5678,039_0015,sample_039_0015_000027,기밀정보
internal_budget:125000000KRW,039_0015,sample_039_0015_000027,기밀정보
vpn_host:vpn.corp.internal,039_0015,sample_039_0015_000028,기밀정보
sha256:4a7d1f7b,039_0016,sample_039_0016_000004,개인정보
tok:dev_ab12cd34,039_0016,sample_039_0016_000005,개인정보
imp_0001_abcd,039_0016,sample_039_0016_000006,개인정보
clk_0001_abcd,039_0016,sample_039_0016_000007,개인정보
1987,039_0016,sample_039_0016_000008,준식별자
06,039_0016,sample_039_0016_000008,준식별자
female,039_0016,sample_039_0016_000008,준식별자
Seoul,039_0016,sample_039_0016_000009,준식별자
br_92a,039_0016,sample_039_0016_000015,개인정보
crm_hash_97bf,039_0016,sample_039_0016_000020,개인정보
****1234,039_0016,sample_039_0016_000021,기밀정보
dg_55e2,039_0016,sample_039_0016_000024,개인정보
user_id_hashed=uid_3f2a9b7c4a,039_0017,sample_039_0017_000006,개인정보
device_id_hashed=did_a1b2c3d4,039_0017,sample_039_0017_000007,개인정보
crm_id_hashed=crm_9f8e7d6c,039_0017,sample_039_0017_000008,개인정보
gender=F,039_0017,sample_039_0017_000009,준식별자
birth_year=1990,039_0017,sample_039_0017_000010,준식별자
birth_month=05,039_0017,sample_039_0017_000011,준식별자
birth_day=12,039_0017,sample_039_0017_000012,준식별자
city=서울특별시,039_0017,sample_039_0017_000013,준식별자
district=강남구,039_0017,sample_039_0017_000014,준식별자
"budget_total_local=KRW 12,500,000",039_0017,sample_039_0017_000015,기밀정보
하우빈,039_0018,sample_039_0018_000002,개인정보
신창규,039_0018,sample_039_0018_000010,개인정보
류병관,039_0018,sample_039_0018_000018,개인정보
백정화,039_0018,sample_039_0018_000022,개인정보
손병율,039_0018,sample_039_0018_000026,개인정보
원홍준,039_0018,sample_039_0018_000030,개인정보
성별: female,039_0018,sample_039_0018_000008,준식별자
birth_year: 1987,039_0018,sample_039_0018_000008,준식별자
시: 서울특별시,039_0018,sample_039_0018_000008,준식별자
10.0.0.5,039_0018,sample_039_0018_000005,기밀정보
s3://internal-bucket/ads/logs,039_0018,sample_039_0018_000012,기밀정보
예산계정번호: ACCT-202601,039_0018,sample_039_0018_000020,기밀정보
sha256:4a1f2b8c9d,039_0019,sample_039_0019_000006,개인정보
md5:9b8c7a6f,039_0019,sample_039_0019_000006,개인정보
hash_crm_7b3,039_0019,sample_039_0019_000010,개인정보
곽원정,039_0019,sample_039_0019_000010,개인정보
gender: female,039_0019,sample_039_0019_000012,준식별자
birth_year: 1985,039_0019,sample_039_0019_000012,준식별자
city: 서울특별시,039_0019,sample_039_0019_000012,준식별자
md5:9b8c7a6f,039_0019,sample_039_0019_000025,개인정보
sha1:ad3c...,039_0019,sample_039_0019_000025,개인정보
10.0.0.12,039_0019,sample_039_0019_000029,기밀정보
s3://adtech-prod/private,039_0019,sample_039_0019_000029,기밀정보
ACCT-987654321,039_0019,sample_039_0019_000029,기밀정보
emp_20245,039_0019,sample_039_0019_000029,개인정보
crm_hashed_id,039_0019,sample_039_0019_000026,개인정보
유찬열,039_0020,sample_039_0020_000007,개인정보
010-1234-5678,039_0020,sample_039_0020_000007,개인정보
yc@example.com,039_0020,sample_039_0020_000007,개인정보
sha256:3f5a1c9b...,039_0020,sample_039_0020_000008,개인정보
sha256:def456ab...,039_0020,sample_039_0020_000009,개인정보
male,039_0020,sample_039_0020_000012,준식별자
1987,039_0020,sample_039_0020_000012,준식별자
05,039_0020,sample_039_0020_000012,준식별자
20,039_0020,sample_039_0020_000012,준식별자
서울특별시 강남구,039_0020,sample_039_0020_000012,준식별자
jane.doe@example.com,039_0020,sample_039_0020_000014,개인정보
010-9876-5432,039_0020,sample_039_0020_000014,개인정보
crm_tok_0001,039_0020,sample_039_0020_000014,개인정보
123456789,039_0020,sample_039_0020_000019,기밀정보
비공개_파트너A,039_0020,sample_039_0020_000020,기밀정보
고민형,039_0020,sample_039_0020_000022,개인정보
admin@internal,039_0020,sample_039_0020_000027,기밀정보
<redacted_api_key>,039_0020,sample_039_0020_000027,기밀정보
user_id_hashed: uid_7f3b2a9c,039_0022,sample_039_0022_000007,개인정보
device_id_hashed: devid_a1b2c3d4,039_0022,sample_039_0022_000008,개인정보
email_hash: email_5f4d3c,039_0022,sample_039_0022_000009,개인정보
phone_hash: phone_8a6f,039_0022,sample_039_0022_000009,개인정보
gender: female,039_0022,sample_039_0022_000010,준식별자
birth_year: 1988,039_0022,sample_039_0022_000011,준식별자
city: Seoul,039_0022,sample_039_0022_000012,준식별자
occupation: marketing_manager,039_0022,sample_039_0022_000013,준식별자
server_internal_ip: 10.0.0.5,039_0022,sample_039_0022_000027,기밀정보
budget_account_masked: ****5678,039_0022,sample_039_0022_000027,기밀정보
dsp_api_key_masked: ****abcd,039_0022,sample_039_0022_000028,기밀정보
internal_reporting_path: /internal/reports/daily_pacing,039_0022,sample_039_0022_000029,기밀정보
matched_hashed_id: uid_7f3b2a9c,039_0022,sample_039_0022_000032,개인정보
유현희,039_0023,sample_039_0023_000031,개인정보
2020-3345,039_0023,sample_039_0023_000031,개인정보
서울특별시,039_0023,sample_039_0023_000021,준식별자
192.168.10.5,039_0023,sample_039_0023_000021,기밀정보
ACCT-998877,039_0023,sample_039_0023_000032,기밀정보
10.8.0.4,039_0023,sample_039_0023_000033,기밀정보
user_id_hashed: 9f2a1c7b4e6d8f2c3a1b0e9d7c6f5a4b,039_0024,sample_039_0024_000005,개인정보
device_id_hashed: a1b2c3d4e5f60718293a4b5c6d7e8f90,039_0024,sample_039_0024_000005,개인정보
user_id_hashed: 9f2a1c7b4e6d8f2c3a1b0e9d7c6f5a4b,039_0024,sample_039_0024_000006,개인정보
crm_id_hashed: c0ffee1234567890abcdef1234567890,039_0024,sample_039_0024_000007,개인정보
gender: female,039_0024,sample_039_0024_000008,준식별자
birth_year: 1988,039_0024,sample_039_0024_000008,준식별자
ip_address: 10.0.4.12,039_0024,sample_039_0024_000009,기밀정보
FRD_INTERNAL_003,039_0024,sample_039_0024_000015,기밀정보
device_graph_id_hashed: f1e2d3c4b5a697887766554433221100,039_0024,sample_039_0024_000016,개인정보
device_id_hashed: a1b2c3d4e5f60718293a4b5c6d7e8f90,039_0024,sample_039_0024_000016,개인정보
crm_id_hashed: c0ffee1234567890abcdef1234567890,039_0024,sample_039_0024_000017,개인정보
user_id_hashed: 9f2a1c7b4e6d8f2c3a1b0e9d7c6f5a4b,039_0024,sample_039_0024_000017,개인정보
erase_requested,039_0024,sample_039_0024_000018,일반정보
sampling_rate=0.1,039_0024,sample_039_0024_000025,일반정보
전희영,039_0024,sample_039_0024_000026,개인정보
윤한나,039_0024,sample_039_0024_000026,개인정보
내부 모니터링 서버 IP: 10.1.2.3,039_0024,sample_039_0024_000027,기밀정보
FRD_INTERNAL_003,039_0024,sample_039_0024_000027,기밀정보
user_id_hashed: sha256:5f2a3c1b8eae,039_0025,sample_039_0025_000005,개인정보
device_id_hashed: tok_dvc_7a9b8c45,039_0025,sample_039_0025_000006,개인정보
성별: 여성,039_0025,sample_039_0025_000016,준식별자
년: 1988,039_0025,sample_039_0025_000016,준식별자
월: 07,039_0025,sample_039_0025_000016,준식별자
일: 21,039_0025,sample_039_0025_000016,준식별자
시: 서울특별시,039_0025,sample_039_0025_000016,준식별자
엄대열,039_0025,sample_039_0025_000021,개인정보
crm_id_hashed: crm_9f8e7d6,039_0025,sample_039_0025_000026,개인정보
S3 버킷: internal-ad-logs-prod,039_0025,sample_039_0025_000027,기밀정보
VPN 주소: 10.0.4.5,039_0025,sample_039_0025_000027,기밀정보
계좌번호: 123-456-789,039_0025,sample_039_0025_000028,기밀정보
지화정,039_0025,sample_039_0025_000031,개인정보
user_id_hashed: sha256:4f3b2e1a9caa7f1d5b2c,039_0026,sample_039_0026_000003,개인정보
device_id_hashed: tok_dvc_7f9c1a,039_0026,sample_039_0026_000004,개인정보
email_hashed: sha256:9b8a7c6d1e2f3a4b,039_0026,sample_039_0026_000005,개인정보
phone_token,039_0026,sample_039_0026_000018,개인정보
email_hashed: sha256:9b8a7c6d1e2f3a4b,039_0026,sample_039_0026_000019,개인정보
crm_id: CRM-000123,039_0026,sample_039_0026_000019,기밀정보
internal_bucket: s3://adtech-internal/secret_campaigns,039_0026,sample_039_0026_000025,기밀정보
db_admin_account: admin_ops,039_0026,sample_039_0026_000025,기밀정보
server_ip: 10.10.10.5,039_0026,sample_039_0026_000026,기밀정보
vpn_endpoint: vpn.corp.example,039_0026,sample_039_0026_000026,기밀정보
정중호,039_0026,sample_039_0026_000027,개인정보
유우리,039_0026,sample_039_0026_000027,개인정보
정민영,039_0026,sample_039_0026_000027,개인정보
approval_line: 정인겸 -> 정중호 -> 조효연,039_0026,sample_039_0026_000028,기밀정보
정인겸,039_0026,sample_039_0026_000028,개인정보
정중호,039_0026,sample_039_0026_000028,개인정보
조효연,039_0026,sample_039_0026_000028,개인정보
user_id_hashed: sha256:3f5e2b9a7c8d1f0e2a3b4c5d6e7f8a9b0c1d2e3f4a5b6c7d8e9f0a1b2c3d4e5,039_0027,sample_039_0027_000005,개인정보
device_id_hashed: dev_tok:9a8b7c6d5e,039_0027,sample_039_0027_000006,개인정보
user_pseudonym: '지소을',039_0027,sample_039_0027_000007,개인정보
담당자: 우장환,039_0027,sample_039_0027_000008,개인정보
성별: F,039_0027,sample_039_0027_000009,준식별자
birth_year: 1988,039_0027,sample_039_0027_000009,준식별자
birth_month: 05,039_0027,sample_039_0027_000009,준식별자
birth_day: 12,039_0027,sample_039_0027_000009,준식별자
city_level: '시: 서울특별시',039_0027,sample_039_0027_000009,준식별자
third_party_cookie_id: abcd1234efgh5678,039_0027,sample_039_0027_000019,개인정보
device_fingerprint: fp_0a1b2c,039_0027,sample_039_0027_000019,개인정보
edge_server_ip: 10.10.23.5,039_0027,sample_039_0027_000021,기밀정보
internal_s3_path: s3://internal-company-adlogs,039_0027,sample_039_0027_000021,기밀정보
crm_id_hashed: sha256:9b1f7d6c5a4e3d2c1b0a9f8e7d6c5b4a1f2e3d4c5b6a7f8e9d0c1b2a3d4e5f6,039_0027,sample_039_0027_000023,개인정보
account_no: ****1234,039_0027,sample_039_0027_000030,기밀정보
api_key: AKIA************,039_0027,sample_039_0027_000030,기밀정보
user_id_hashed: sha256:3f9b4f1a9c,039_0028,sample_039_0028_000003,개인정보
device_id_hashed: token:7f4b1a,039_0028,sample_039_0028_000004,개인정보
gdpr_consent: true,039_0028,sample_039_0028_000005,일반정보
internal_budget_code: BUDGELINE-42X,039_0028,sample_039_0028_000012,기밀정보
dsp_api_key_encrypted: ENC(a1b2c3),039_0028,sample_039_0028_000013,기밀정보
ad_server_private_url: https://internal.adserver.local,039_0028,sample_039_0028_000014,기밀정보
publisher_account_id: ACC-2026-09,039_0028,sample_039_0028_000015,기밀정보
impression_id,039_0028,sample_039_0028_000015,일반정보
viewability_score,039_0028,sample_039_0028_000015,일반정보
click_id,039_0028,sample_039_0028_000016,일반정보
device_id_hashed,039_0028,sample_039_0028_000016,개인정보
conversion_id,039_0028,sample_039_0028_000017,일반정보
attribution_model,039_0028,sample_039_0028_000017,일반정보
segment_id,039_0028,sample_039_0028_000019,일반정보
viewability_score,039_0028,sample_039_0028_000020,일반정보
fraud_score,039_0028,sample_039_0028_000021,일반정보
device_graph_id,039_0028,sample_039_0028_000022,일반정보
crm_id_hashed: sha256:8b1a9953c,039_0028,sample_039_0028_000023,개인정보
match_confidence,039_0028,sample_039_0028_000023,일반정보
실시간 원시 로그 30일,039_0028,sample_039_0028_000024,기밀정보
Laplace sigma=0.5,039_0028,sample_039_0028_000027,기밀정보
dsp_api_key_encrypted,039_0028,sample_039_0028_000028,기밀정보
internal_budget_code,039_0028,sample_039_0028_000028,기밀정보
publisher_account_id,039_0028,sample_039_0028_000028,기밀정보
user_id_hashed: sha256:3f2a9c7f1b6d8e4a9c2b3d4f5e6a7b8c,039_0029,sample_039_0029_000007,개인정보
device_id_hashed: dpid_sha256:9b7e4c1a2f6d8b3c4e5f6a7b8c9d0e1f,039_0029,sample_039_0029_000007,개인정보
user_id_hashed: sha256:3f2a9c7f1b6d8e4a9c2b3d4f5e6a7b8c,039_0029,sample_039_0029_000008,개인정보
crm_id_hashed: crm_sha1:ab12cd34ef567890abcd1234ef567890abcd1234,039_0029,sample_039_0029_000009,개인정보
gender: female,039_0029,sample_039_0029_000011,준식별자
birth_year: 1988,039_0029,sample_039_0029_000011,준식별자
city: 서울특별시,039_0029,sample_039_0029_000011,준식별자
device_id_hashed: dpid_sha256:9b7e4c1a2f6d8b3c4e5f6a7b8c9d0e1f,039_0029,sample_039_0029_000012,개인정보
crm_id_hashed: crm_sha1:ab12cd34ef567890abcd1234ef567890abcd1234,039_0029,sample_039_0029_000020,개인정보
graph_node_id: gn_000123,039_0029,sample_039_0029_000018,기밀정보
internal_account_number: ACCT-987654321,039_0029,sample_039_0029_000026,기밀정보
s3://internal-data/ads/llm_match/2025_q1/secret_mapping.csv,039_0029,sample_039_0029_000026,기밀정보
user_id_hashed: sha256:3f2a9c7f1b6d8e4a9c2b3d4f5e6a7b8c,039_0029,sample_039_0029_000025,개인정보
sha256:9f1b2c3d4e5f6a7b8c9d0e1f2a3b4c5d6e7f8a9b0c1d2e3f4a5b6c7d8e9f0a1,039_0030,sample_039_0030_000004,개인정보
생년:1988,039_0030,sample_039_0030_000005,준식별자
생월:07,039_0030,sample_039_0030_000005,준식별자
성별:여성,039_0030,sample_039_0030_000005,준식별자
시:서울특별시,039_0030,sample_039_0030_000006,준식별자
군/구:강남구,039_0030,sample_039_0030_000006,준식별자
sha256:111122223333444455556666777788889999aaaabbbbccccddddeeeeffff0000,039_0030,sample_039_0030_000010,개인정보
sha256:ab12cd34ef56ab78cd90ef12ab34cd56ef78ab90cd12ef34ab56cd78ef90ab12,039_0030,sample_039_0030_000010,개인정보
sha256:ee11aabbccddeeff00112233445566778899aabbccddeeff0011223344556677,039_0030,sample_039_0030_000011,개인정보
sha256:0f1e2d3c4b5a69788796a5b4c3d2e1f0a1b2c3d4e5f6a7b8c9d0e1f2a3b4c5d6,039_0030,sample_039_0030_000012,개인정보
sha256:aa11bb22cc33dd44ee55ff66778899aabbccddeeff0011223344556677889900,039_0030,sample_039_0030_000014,개인정보
sha256:bb22cc33dd44ee55ff66aa77bb88cc99dd00ee11ff223344556677889900aabb,039_0030,sample_039_0030_000015,개인정보
sha256:deadbeefcafebabefeedface00112233445566778899aabbccddeeff00112233,039_0030,sample_039_0030_000008,개인정보
INT-ACC-2025-09-007,039_0030,sample_039_0030_000018,기밀정보
/internal/budget/2025/q1,039_0030,sample_039_0030_000018,기밀정보
sha256:bcdef1234567890abcdef1234567890abcdef1234567890abcdef1234567890ab,039_0030,sample_039_0030_000021,개인정보
sha256:aa55aa55aa55aa55aa55aa55aa55aa55aa55aa55aa55aa55aa55aa55aa55aa55,039_0030,sample_039_0030_000022,개인정보
sha256:1234abcd5678ef901234abcd5678ef901234abcd5678ef901234abcd5678ef90,039_0030,sample_039_0030_000030,기밀정보
user_id_hashed: user_sha256_9f1a,039_0031,sample_039_0031_000004,개인정보
device_id_hashed: dev_sha256_a7b2,039_0031,sample_039_0031_000005,개인정보
budget_account: ACC-2026-999,039_0031,sample_039_0031_000008,기밀정보
crm_user_token: crm_tkn_0042,039_0031,sample_039_0031_000012,개인정보
adserver_internal_ip: 10.3.5.2,039_0031,sample_039_0031_000015,기밀정보
publisher_ssp_secret: ssp_key_zz99,039_0031,sample_039_0031_000018,기밀정보
device_graph_id: dg_0a1b2c,039_0031,sample_039_0031_000022,개인정보
offline_txn_id: OFF_TXN_112233,039_0031,sample_039_0031_000023,기밀정보
crm_user_token: crm_tkn_0042,039_0031,sample_039_0031_000023,개인정보
gender: F,039_0031,sample_039_0031_000024,준식별자
birth_year: 1985,039_0031,sample_039_0031_000024,준식별자
city: 서울특별시,039_0031,sample_039_0031_000024,준식별자
gu: 강남구,039_0031,sample_039_0031_000024,준식별자
배일호,039_0032,sample_039_0032_000002,개인정보
우용철,039_0032,sample_039_0032_000003,개인정보
서울특별시 강남구,039_0032,sample_039_0032_000005,준식별자
남성,039_0032,sample_039_0032_000005,준식별자
sha256:ab12cdef34567890,039_0032,sample_039_0032_000006,개인정보
dev_tok_9f8e7a,039_0032,sample_039_0032_000006,개인정보
1990,039_0032,sample_039_0032_000007,준식별자
05,039_0032,sample_039_0032_000007,준식별자
03,039_0032,sample_039_0032_000007,준식별자
서울특별시,039_0032,sample_039_0032_000009,준식별자
강남구,039_0032,sample_039_0032_000009,준식별자
압구정동,039_0032,sample_039_0032_000009,준식별자
imp_3f2a,039_0032,sample_039_0032_000010,개인정보
sha256:ab12cdef34567890,039_0032,sample_039_0032_000010,개인정보
clk_7b4d,039_0032,sample_039_0032_000011,개인정보
imp_3f2a,039_0032,sample_039_0032_000011,개인정보
sha256:ff33ee44aa55,039_0032,sample_039_0032_000011,개인정보
****-****-1234,039_0032,sample_039_0032_000012,기밀정보
10.10.10.10,039_0032,sample_039_0032_000015,기밀정보
/secure/ads/config.yaml,039_0032,sample_039_0032_000015,기밀정보
sha256:ab12cdef34567890,039_0032,sample_039_0032_000017,개인정보
crm_tok_7a9c,039_0032,sample_039_0032_000018,개인정보
양예담,039_0032,sample_039_0032_000018,개인정보
sha256:ff33ee44aa55,039_0032,sample_039_0032_000019,개인정보
ACCT_PROJ42,039_0032,sample_039_0032_000022,기밀정보
권승용,039_0032,sample_039_0032_000028,개인정보
민래온,039_0032,sample_039_0032_000029,개인정보
장영인,039_0032,sample_039_0032_000030,개인정보
정지율,039_0033,sample_039_0033_000003,개인정보
조예람,039_0033,sample_039_0033_000004,개인정보
안설,039_0033,sample_039_0033_000004,개인정보
sha256:9f86d081884c7d659a2feaa0c55ad015a3bf4f1b2b0b822cd15d6c15b0f00a08,039_0033,sample_039_0033_000005,개인정보
sha256:2c26b46b68ffc68ff99b453c1d30413413422c9b382e2c3b9b2a5d3d5b2f6a9a,039_0033,sample_039_0033_000006,개인정보
1985,039_0033,sample_039_0033_000007,준식별자
07,039_0033,sample_039_0033_000007,준식별자
15,039_0033,sample_039_0033_000007,준식별자
서울특별시,039_0033,sample_039_0033_000007,준식별자
강남구,039_0033,sample_039_0033_000007,준식별자
역삼동,039_0033,sample_039_0033_000007,준식별자
server_ip: 10.0.0.42,039_0033,sample_039_0033_000028,기밀정보
/srv/adtech/pipeline/config.yaml,039_0033,sample_039_0033_000028,기밀정보
사번: EMP-0245,039_0033,sample_039_0033_000031,개인정보
crm_hashed_id: token_0a1b2c,039_0033,sample_039_0033_000031,개인정보
서울특별시,039_0034,sample_039_0034_000010,준식별자
ACC-007-123456-00,039_0034,sample_039_0034_000028,기밀정보
https://internal.api.adtech.local,039_0034,sample_039_0034_000028,기밀정보
sha256:3f5b8a9c...,039_0034,sample_039_0034_000029,개인정보
sha256:7c1d2e4f...,039_0034,sample_039_0034_000029,개인정보
gender='F',039_0034,sample_039_0034_000030,준식별자
birth_year=1986,039_0034,sample_039_0034_000030,준식별자
서울특별시,039_0034,sample_039_0034_000030,준식별자
user_id_hashed=sha256:0a1b2c3d4e5f,039_0035,sample_039_0035_000005,개인정보
device_id_hashed=sha256:abcd1234,039_0035,sample_039_0035_000006,개인정보
유세린,039_0035,sample_039_0035_000007,개인정보
안인성,039_0035,sample_039_0035_000008,개인정보
birth_year=1986,039_0035,sample_039_0035_000009,준식별자
gender=F,039_0035,sample_039_0035_000009,준식별자
city=서울특별시,039_0035,sample_039_0035_000009,준식별자
internal_server=vpn-01.corp.adtech,039_0035,sample_039_0035_000010,기밀정보
internal_budget_code=IB-2025-09,039_0035,sample_039_0035_000011,기밀정보
crm_id_hashed=token:crm_7f3a,039_0035,sample_039_0035_000012,개인정보
최서진,039_0035,sample_039_0035_000028,개인정보
한문현,039_0035,sample_039_0035_000028,개인정보
budget_total_krw: 50000000,039_0037,sample_039_0037_000004,기밀정보
user_id_hashed: sha256:8f2a4cbe,039_0037,sample_039_0037_000006,개인정보
device_id_hashed: sha256:b4c3d1a0,039_0037,sample_039_0037_000007,개인정보
email_hashed: sha256:9ab8c7d6,039_0037,sample_039_0037_000008,개인정보
phone_hashed: sha256:4f5e6a7b,039_0037,sample_039_0037_000008,개인정보
gender: F,039_0037,sample_039_0037_000009,준식별자
birth_year: 1985,039_0037,sample_039_0037_000009,준식별자
geo.city: 서울특별시,039_0037,sample_039_0037_000012,준식별자
server_ip: 10.10.128.45,039_0037,sample_039_0037_000013,기밀정보
pacing_krw_per_day: 200000,039_0037,sample_039_0037_000015,기밀정보
crm_id_hashed: sha256:c1d2e3f4,039_0037,sample_039_0037_000019,개인정보
matched_offline_revenue_krw: 350000,039_0037,sample_039_0037_000019,기밀정보
internal_path: /prod/ads/pipeline/consumer,039_0037,sample_039_0037_000029,기밀정보
공정윤,039_0038,sample_039_0038_000003,개인정보
서울특별시,039_0038,sample_039_0038_000014,준식별자
여성,039_0038,sample_039_0038_000014,준식별자
계좌번호 123-456-789,039_0038,sample_039_0038_000019,기밀정보
기밀-프로젝트Q1,039_0038,sample_039_0038_000019,기밀정보
서버 IP 10.0.0.1,039_0038,sample_039_0038_000021,기밀정보
남창현,039_0038,sample_039_0038_000022,개인정보
엄희승,039_0038,sample_039_0038_000023,개인정보
강남구,039_0038,sample_039_0038_000024,준식별자
구찬슬,039_0038,sample_039_0038_000031,개인정보
1987-04-12,039_0038,sample_039_0038_000032,준식별자
impression_id=imp_94a7be2f,039_0039,sample_039_0039_000018,개인정보
user_id_hashed=sha256:af3b9c1e9d4f2a6b7c8d9e0f1a2b3c4d,039_0039,sample_039_0039_000018,개인정보
click_id=clk_3d2a1b,039_0039,sample_039_0039_000019,개인정보
device_id_hashed=token:dev_7f4a9b,039_0039,sample_039_0039_000019,개인정보
cookie_id_hashed=cid_a1b2c3,039_0039,sample_039_0039_000019,개인정보
order_id_hashed=ord_8fa3c2,039_0039,sample_039_0039_000020,개인정보
crm_match_token=crm_tok_5b2f,039_0039,sample_039_0039_000020,개인정보
email_hashed=sha256:e3b0c44298fc1c14,039_0039,sample_039_0039_000020,개인정보
phone_hashed=tok:ph_a12b,039_0039,sample_039_0039_000020,개인정보
gender=F,039_0039,sample_039_0039_000021,준식별자
birth_year=1987,039_0039,sample_039_0039_000021,준식별자
birth_month=07,039_0039,sample_039_0039_000021,준식별자
birth_day=15,039_0039,sample_039_0039_000021,준식별자
city=서울특별시,039_0039,sample_039_0039_000021,준식별자
district=강남구,039_0039,sample_039_0039_000021,준식별자
cookie_id_hashed=cid_a1b2c3,039_0039,sample_039_0039_000022,개인정보
server_ip=10.20.30.40,039_0039,sample_039_0039_000022,기밀정보
budget_account=acct_38479876,039_0039,sample_039_0039_000025,기밀정보
fraud_event_id=fe_5566,039_0039,sample_039_0039_000028,기밀정보
device_id_hashed=token:dev_7f4a9b,039_0039,sample_039_0039_000028,개인정보
advertiser_secret=adv_secret_zz99,039_0039,sample_039_0039_000028,기밀정보
vpn_address=10.255.0.1,039_0039,sample_039_0039_000028,기밀정보
device_id_hashed=token:dev_7f4a9b,039_0039,sample_039_0039_000029,개인정보
crm_match_token=crm_tok_5b2f,039_0039,sample_039_0039_000030,개인정보
s3://internal-reports/campaign/secret,039_0039,sample_039_0039_000022,기밀정보
usr_h_9a1f...,039_0040,sample_039_0040_000004,개인정보
dev_tok_4b2e...,039_0040,sample_039_0040_000005,개인정보
br_7a2c...,039_0040,sample_039_0040_000014,개인정보
imp_3f4d...,039_0040,sample_039_0040_000014,개인정보
imp_3f4d...,039_0040,sample_039_0040_000016,개인정보
2025-03-02T12:34:56Z,039_0040,sample_039_0040_000016,준식별자
clk_a9b1...,039_0040,sample_039_0040_000017,개인정보
usr_h_9a1f...,039_0040,sample_039_0040_000017,개인정보
dev_tok_4b2e...,039_0040,sample_039_0040_000017,개인정보
conv_5c2e...,039_0040,sample_039_0040_000018,개인정보
female,039_0040,sample_039_0040_000019,준식별자
1987,039_0040,sample_039_0040_000019,준식별자
서울,039_0040,sample_039_0040_000019,준식별자
우서윤,039_0040,sample_039_0040_000021,개인정보
2025-04-01,039_0040,sample_039_0040_000021,준식별자
2025-04-30,039_0040,sample_039_0040_000021,준식별자
budget_total_usd:50000,039_0040,sample_039_0040_000021,기밀정보
crm_e4d1...,039_0040,sample_039_0040_000026,개인정보
email_hash,039_0040,sample_039_0040_000026,개인정보
phone_hash,039_0040,sample_039_0040_000026,개인정보
sha256:3f8a9b...,039_0041,sample_039_0041_000004,개인정보
token_4f2c9,039_0041,sample_039_0041_000005,개인정보
sha256:9c1d2e...,039_0041,sample_039_0041_000016,개인정보
25-34,039_0041,sample_039_0041_000022,준식별자
서울특별시,039_0041,sample_039_0041_000022,준식별자
sha256:aa11bb...,039_0041,sample_039_0041_000023,개인정보
token_crm_77,039_0041,sample_039_0041_000024,개인정보
서원우,039_0041,sample_039_0041_000025,개인정보
주나예,039_0041,sample_039_0041_000025,개인정보
CONFIDENTIAL_BUDGET_CAMPAIGN_42,039_0041,sample_039_0041_000026,기밀정보
sha256:dc9f1a2b3c4e5f67890123456789abcd1234567890abcdef1234567890abcdef,039_0042,sample_039_0042_000006,개인정보
sha256:aa11bb22cc33dd44ee55ff6677889900aabbccddeeff00112233445566778899,039_0042,sample_039_0042_000007,개인정보
여성,039_0042,sample_039_0042_000012,준식별자
1985,039_0042,sample_039_0042_000012,준식별자
7,039_0042,sample_039_0042_000012,준식별자
14,039_0042,sample_039_0042_000012,준식별자
서울특별시,039_0042,sample_039_0042_000013,준식별자
강남구,039_0042,sample_039_0042_000013,준식별자
여성_25_34_서울,039_0042,sample_039_0042_000014,준식별자
나혜란,039_0042,sample_039_0042_000023,개인정보
50000000,039_0042,sample_039_0042_000025,기밀정보
****1234,039_0042,sample_039_0042_000026,기밀정보
https://internal.adtech.corp/api/pacing,039_0042,sample_039_0042_000026,기밀정보
10.2.3.4,039_0042,sample_039_0042_000026,기밀정보
sha256:77aa88bb99cc00ddeeff11223344556677889900aabbccddeeff00112233445566,039_0042,sample_039_0042_000029,개인정보
user_id_hashed: sha256:9f1a2b3c4d5e6f7a9c,039_0043,sample_039_0043_000004,개인정보
device_id_hashed: sha256:2b3c4d5e6f7a8b9c0d,039_0043,sample_039_0043_000005,개인정보
email_hash: md5:5d41402abc4b2a76b9719d911017c592,039_0043,sample_039_0043_000006,개인정보
성별: 남성,039_0043,sample_039_0043_000007,준식별자
생년: 1985,039_0043,sample_039_0043_000007,준식별자
시: 서울특별시,039_0043,sample_039_0043_000007,준식별자
구: 강남구,039_0043,sample_039_0043_000007,준식별자
동: 역삼동,039_0043,sample_039_0043_000007,준식별자
crm_match_id: crm_hash:c0ffee123abc,039_0043,sample_039_0043_000008,개인정보
bank_account_token: acct_tok_7f3e2,039_0043,sample_039_0043_000009,기밀정보
server_ip_masked: 10.0.12.34,039_0043,sample_039_0043_000010,기밀정보
user_id_hashed: sha256:5d41402abc4b2a76b9719d911017c592,039_0044,sample_039_0044_000004,개인정보
device_id_hashed: sha256:9b74c9897bac770ffc029102a200c5de,039_0044,sample_039_0044_000005,개인정보
phone_token: token:phone_0001,039_0044,sample_039_0044_000022,개인정보
email_token: token:usr_0001,039_0044,sample_039_0044_000023,개인정보
백혜윤,039_0044,sample_039_0044_000024,개인정보
server_ip: 10.10.3.17,039_0044,sample_039_0044_000025,기밀정보
vpn_address: vpn.corp.internal,039_0044,sample_039_0044_000025,기밀정보
internal_account: 987-654-3210,039_0044,sample_039_0044_000026,기밀정보
city: 서울특별시,039_0044,sample_039_0044_000027,준식별자
birth_year: 1987,039_0044,sample_039_0044_000027,준식별자
gender: F,039_0044,sample_039_0044_000027,준식별자
user_id_hashed: sha256:5d41402abc4b2a76b9719d911017c592,039_0044,sample_039_0044_000030,개인정보
imp_sha256:9f2b7c,039_0045,sample_039_0045_000005,개인정보
user_sha256:3b8a,039_0045,sample_039_0045_000005,개인정보
dev_sha256:7a1d,039_0045,sample_039_0045_000005,개인정보
clk_sha256:4e6c,039_0045,sample_039_0045_000006,개인정보
imp_sha256:9f2b7c,039_0045,sample_039_0045_000006,개인정보
10.0.8.5,039_0045,sample_039_0045_000006,기밀정보
conv_sha256:aa44,039_0045,sample_039_0045_000007,개인정보
crm_sha256:ff11,039_0045,sample_039_0045_000007,개인정보
offline_revenue=250000 KRW,039_0045,sample_039_0045_000007,기밀정보
성별: 여성,039_0045,sample_039_0045_000008,준식별자
birth_year:1988,039_0045,sample_039_0045_000008,준식별자
서울특별시,039_0045,sample_039_0045_000008,준식별자
강남구,039_0045,sample_039_0045_000008,준식별자
bidreq_sha256:bb22,039_0045,sample_039_0045_000009,개인정보
dev_sha256:7a1d,039_0045,sample_039_0045_000009,개인정보
서울특별시,039_0045,sample_039_0045_000009,준식별자
imp_sha256:9f2b7c,039_0045,sample_039_0045_000015,개인정보
채현,039_0045,sample_039_0045_000015,개인정보
dev_sha256:7a1d,039_0045,sample_039_0045_000016,개인정보
crm_sha256:ff11,039_0045,sample_039_0045_000017,개인정보
10.1.2.3,039_0045,sample_039_0045_000018,기밀정보
15000000 KRW,039_0045,sample_039_0045_000012,기밀정보
ACC-****1234,039_0045,sample_039_0045_000024,기밀정보
user_sha256:3b8a,039_0045,sample_039_0045_000021,개인정보
clk_sha256:4e6c,039_0045,sample_039_0045_000023,개인정보
류희철,039_0045,sample_039_0045_000026,개인정보
user_id_hashed: sha256:3f2a1f8e9b0c4d5e6f7a8b9c0d1e2f3a,039_0046,sample_039_0046_000006,개인정보
device_id_hashed: sha1:5d41402abc4b2a76b9719d911017c592,039_0046,sample_039_0046_000007,개인정보
crm_match_id_hashed: md5:1bc29b36f623ba82aaf6724fd3b16718,039_0046,sample_039_0046_000018,개인정보
email_hashed: md5:9b74c9897bac770ffc029102a200c5de,039_0046,sample_039_0046_000036,개인정보
gender: female,039_0046,sample_039_0046_000032,준식별자
birth_year: 1987,039_0046,sample_039_0046_000032,준식별자
city: 서울특별시,039_0046,sample_039_0046_000032,준식별자
offline_revenue: 12450.00 USD,039_0046,sample_039_0046_000019,기밀정보
bank_account: ****5678,039_0046,sample_039_0046_000029,기밀정보
internal_vpn: vpn.internal.corp,039_0046,sample_039_0046_000029,기밀정보
adv_acct_id: 987654321,039_0046,sample_039_0046_000035,기밀정보
user_id_hashed: sha256:3f8b1a7e,039_0047,sample_039_0047_000010,개인정보
device_id_hashed: sha256:9b2c4f1d,039_0047,sample_039_0047_000010,개인정보
crm_hashed_id: sha256:d4e5f6a1,039_0047,sample_039_0047_000014,개인정보
birth_year: 1987,039_0047,sample_039_0047_000024,준식별자
gender: F,039_0047,sample_039_0047_000024,준식별자
geo_city: 서울특별시,039_0047,sample_039_0047_000016,준식별자
geo_district: 강남구,039_0047,sample_039_0047_000016,준식별자
service_account: svc_adtech_prod,039_0047,sample_039_0047_000028,기밀정보
server_ip: 10.0.0.12,039_0047,sample_039_0047_000028,기밀정보
budget_code: BUDG-2026-PRIV,039_0047,sample_039_0047_000008,기밀정보
usr_3a7f5d9b,039_0048,sample_039_0048_000010,개인정보
dev_9f8b6c2a,039_0048,sample_039_0048_000010,개인정보
em_5d4c3b2a,039_0048,sample_039_0048_000012,개인정보
10.10.55.12,039_0048,sample_039_0048_000012,기밀정보
crm_7b2c1a,039_0048,sample_039_0048_000014,개인정보
dev_9f8b6c2a,039_0048,sample_039_0048_000014,개인정보
남성,039_0048,sample_039_0048_000016,준식별자
1987-05-12,039_0048,sample_039_0048_000016,준식별자
서울특별시,039_0048,sample_039_0048_000016,준식별자
대한민국,039_0048,sample_039_0048_000016,준식별자
ACCT-2026-0009,039_0048,sample_039_0048_000022,기밀정보
/srv/adtech/pipelines/secret_config.yml,039_0048,sample_039_0048_000025,기밀정보
crm_7b2c1a,039_0048,sample_039_0048_000029,개인정보
usr_3a7f5d9b,039_0048,sample_039_0048_000029,개인정보
ph_abc123,039_0048,sample_039_0048_000029,개인정보
user_id_hashed: sha256:3f2a9b9c1e2f4a6b7c8d9e0f1a2b3c4d5e6f7a8b9c0d1e2f3a4b5c6d7e8f9a0,039_0049,sample_039_0049_000008,개인정보
device_id_hashed: md5:aa11bb22cc33dd44ee55ff66,039_0049,sample_039_0049_000009,개인정보
cookie_id: fpc_1234567890,039_0049,sample_039_0049_000010,개인정보
email_hashed: blake2b:e5f6a7b8c9d0e1f2a3b4c5d6e7f8a9b,039_0049,sample_039_0049_000011,개인정보
employee_id: EMP_00987,039_0049,sample_039_0049_000012,개인정보
박도희,039_0049,sample_039_0049_000013,개인정보
birth_year: 1985,039_0049,sample_039_0049_000014,준식별자
gender: female,039_0049,sample_039_0049_000014,준식별자
city: 서울특별시,039_0049,sample_039_0049_000014,준식별자
age_range: 30-34,039_0049,sample_039_0049_000014,준식별자
crm_match_id: crm_9f8e7d,039_0049,sample_039_0049_000019,기밀정보
crm_match_id: crm_9f8e7d,039_0049,sample_039_0049_000029,기밀정보
account_id: ACCT_000123456,039_0049,sample_039_0049_000029,기밀정보
server_ip: 10.10.100.5,039_0049,sample_039_0049_000027,기밀정보
internal_api_endpoint: https://internal.api.adtech.local,039_0049,sample_039_0049_000030,기밀정보
device_graph_id: dg_44ab,039_0049,sample_039_0049_000028,기밀정보
류환희,039_0049,sample_039_0049_000034,개인정보
차윤이,039_0050,sample_039_0050_000003,개인정보
user_id_hashed: h_9b1f3c2d,039_0050,sample_039_0050_000005,개인정보
device_id_hashed: d_a7c4e8f1,039_0050,sample_039_0050_000005,개인정보
birth_year: 1985,039_0050,sample_039_0050_000007,준식별자
birth_month: 07,039_0050,sample_039_0050_000007,준식별자
birth_day: 12,039_0050,sample_039_0050_000007,준식별자
성별: F,039_0050,sample_039_0050_000008,준식별자
시: 서울특별시,039_0050,sample_039_0050_000008,준식별자
구: 강남구,039_0050,sample_039_0050_000008,준식별자
계좌번호: ACC-2026-0001,039_0050,sample_039_0050_000010,기밀정보
심규원,039_0050,sample_039_0050_000012,기밀정보
임상록,039_0050,sample_039_0050_000013,개인정보
서버IP: 10.0.0.12,039_0050,sample_039_0050_000028,기밀정보
서울특별시,039_0051,sample_039_0051_000009,준식별자
조도이,039_0051,sample_039_0051_000028,개인정보
류채안,039_0051,sample_039_0051_000029,개인정보
신기쁨,039_0051,sample_039_0051_000030,개인정보
female,039_0051,sample_039_0051_000031,준식별자
1989,039_0051,sample_039_0051_000031,준식별자
987-654-3210,039_0051,sample_039_0051_000031,기밀정보
120000000원,039_0051,sample_039_0051_000031,기밀정보
uid_3f5a1e2b8c,039_0052,sample_039_0052_000011,개인정보
dev_7a2d4c9f,039_0052,sample_039_0052_000011,개인정보
crm_tok_9c8b7f,039_0052,sample_039_0052_000012,개인정보
황호승,039_0052,sample_039_0052_000015,개인정보
홍하루,039_0052,sample_039_0052_000016,개인정보
성별: M,039_0052,sample_039_0052_000017,준식별자
birth_year:1985,039_0052,sample_039_0052_000017,준식별자
birth_month:07,039_0052,sample_039_0052_000017,준식별자
birth_day:15,039_0052,sample_039_0052_000017,준식별자
city:서울특별시,039_0052,sample_039_0052_000017,준식별자
district:송파구,039_0052,sample_039_0052_000017,준식별자
internal_account: ACC-78-921,039_0052,sample_039_0052_000023,기밀정보
server_ip: 10.10.5.23,039_0052,sample_039_0052_000024,기밀정보
eml_5d2f,039_0052,sample_039_0052_000027,개인정보
user_id_hashed=hash_9f1b2c,039_0053,sample_039_0053_000004,개인정보
device_id_hashed=dev_7e6d5c,039_0053,sample_039_0053_000005,개인정보
user_id_hashed=hash_9f1b2c,039_0053,sample_039_0053_000013,개인정보
device_id_hashed=dev_7e6d5c,039_0053,sample_039_0053_000013,개인정보
geo.city=Seoul,039_0053,sample_039_0053_000014,준식별자
geo.district=Gangnam-gu,039_0053,sample_039_0053_000014,준식별자
user_id_hashed=hash_9f1b2c,039_0053,sample_039_0053_000015,개인정보
age_range=25-34,039_0053,sample_039_0053_000016,준식별자
gender=F,039_0053,sample_039_0053_000016,준식별자
geo.country=KR,039_0053,sample_039_0053_000017,준식별자
billing_account=ACCT-987654321,039_0053,sample_039_0053_000023,기밀정보
internal_endpoint=https://internal-api.adtech.corp/v1/bid,039_0053,sample_039_0053_000023,기밀정보
server_ip=10.0.12.34,039_0053,sample_039_0053_000023,기밀정보
전진유,039_0053,sample_039_0053_000030,개인정보
류진형,039_0053,sample_039_0053_000030,개인정보
홍세림,039_0053,sample_039_0053_000030,개인정보
이름,039_0054,sample_039_0054_000005,개인정보
이메일 주소,039_0054,sample_039_0054_000005,개인정보
휴대폰,039_0054,sample_039_0054_000005,개인정보
주민등록번호,039_0054,sample_039_0054_000005,개인정보
여권번호,039_0054,sample_039_0054_000005,개인정보
운전면허번호,039_0054,sample_039_0054_000005,개인정보
사번/학번,039_0054,sample_039_0054_000010,개인정보
성별,039_0054,sample_039_0054_000011,준식별자
생년월일,039_0054,sample_039_0054_000011,준식별자
시/군/구 주소,039_0054,sample_039_0054_000011,준식별자
직업,039_0054,sample_039_0054_000011,준식별자
서버 IP,039_0054,sample_039_0054_000012,기밀정보
VPN 주소,039_0054,sample_039_0054_000019,기밀정보
계좌번호,039_0054,sample_039_0054_000021,기밀정보
내부 결재선,039_0054,sample_039_0054_000026,기밀정보
상세 주소(호수 포함),039_0054,sample_039_0054_000032,개인정보
crm_match_tok_b7,039_0055,sample_039_0055_000007,개인정보
F,039_0055,sample_039_0055_000009,준식별자
1987,039_0055,sample_039_0055_000009,준식별자
07,039_0055,sample_039_0055_000009,준식별자
서울특별시,039_0055,sample_039_0055_000009,준식별자
강남구,039_0055,sample_039_0055_000009,준식별자
u_h_9f1a2b3c,039_0055,sample_039_0055_000010,개인정보
d_h_a7b8c9d0,039_0055,sample_039_0055_000017,개인정보
e_tok_4c2d1e,039_0055,sample_039_0055_000018,개인정보
****1234,039_0055,sample_039_0055_000013,기밀정보
name_hash_82a1,039_0055,sample_039_0055_000027,개인정보
10.100.1.5,039_0055,sample_039_0055_000028,기밀정보
sha256:4a1f3e9b,039_0056,sample_039_0056_000009,개인정보
sha256:9c8b2d7f,039_0056,sample_039_0056_000009,개인정보
2025,039_0056,sample_039_0056_000009,준식별자
11,039_0056,sample_039_0056_000009,준식별자
03,039_0056,sample_039_0056_000009,준식별자
서울특별시,039_0056,sample_039_0056_000009,준식별자
강남구,039_0056,sample_039_0056_000009,준식별자
sha256:4a1f3e9b,039_0056,sample_039_0056_000010,개인정보
sha256:9c8b2d7f,039_0056,sample_039_0056_000010,개인정보
2025,039_0056,sample_039_0056_000010,준식별자
11,039_0056,sample_039_0056_000010,준식별자
03,039_0056,sample_039_0056_000010,준식별자
sha256:4a1f3e9b,039_0056,sample_039_0056_000011,개인정보
crm_sha1:ab34f7,039_0056,sample_039_0056_000011,개인정보
2025,039_0056,sample_039_0056_000011,준식별자
11,039_0056,sample_039_0056_000011,준식별자
04,039_0056,sample_039_0056_000011,준식별자
25-34,039_0056,sample_039_0056_000012,준식별자
female,039_0056,sample_039_0056_000012,준식별자
서울특별시,039_0056,sample_039_0056_000012,준식별자
sha256:9c8b2d7f,039_0056,sample_039_0056_000013,개인정보
203.0.113.x,039_0056,sample_039_0056_000013,기밀정보
sha256:9c8b2d7f,039_0056,sample_039_0056_000017,개인정보
2025,039_0056,sample_039_0056_000018,준식별자
12,039_0056,sample_039_0056_000018,준식별자
01,039_0056,sample_039_0056_000018,준식별자
sha256:4a1f3e9b,039_0056,sample_039_0056_000022,개인정보
sha256:4a1f3e9b,039_0056,sample_039_0056_000025,개인정보
10.200.30.5,039_0056,sample_039_0056_000026,기밀정보
ACC-987654321,039_0056,sample_039_0056_000026,기밀정보
crm_sha1:ab34f7,039_0056,sample_039_0056_000027,개인정보
F,039_0057,sample_039_0057_000009,준식별자
1985,039_0057,sample_039_0057_000009,준식별자
서울특별시,039_0057,sample_039_0057_000017,준식별자
강남구,039_0057,sample_039_0057_000017,준식별자
사번: 202304,039_0057,sample_039_0057_000017,개인정보
https://internal-api.adtech.local,039_0057,sample_039_0057_000024,기밀정보
10.10.0.12,039_0057,sample_039_0057_000024,기밀정보
/opt/adtech/secret_config.yaml,039_0057,sample_039_0057_000024,기밀정보
공은솔,039_0057,sample_039_0057_000025,개인정보
주송윤,039_0057,sample_039_0057_000025,개인정보
양성록,039_0057,sample_039_0057_000025,개인정보
노준선,039_0057,sample_039_0057_000025,개인정보
김지음,039_0057,sample_039_0057_000025,개인정보
김지음,039_0057,sample_039_0057_000017,개인정보
남해담,039_0057,sample_039_0057_000025,개인정보
전다운,039_0057,sample_039_0057_000025,개인정보
윤지민,039_0057,sample_039_0057_000025,개인정보
송현겸,039_0057,sample_039_0057_000025,개인정보
강나나,039_0057,sample_039_0057_000025,개인정보
안다엘,039_0057,sample_039_0057_000025,개인정보
송주희,039_0057,sample_039_0057_000025,개인정보
user_id_hashed: usr_9f2a1b4c,039_0058,sample_039_0058_000007,개인정보
device_id_hashed: dev_5d7e8a1b,039_0058,sample_039_0058_000008,개인정보
impression_id: imp_9c8b7a,039_0058,sample_039_0058_000009,개인정보
click_id: clk_a1b2c3,039_0058,sample_039_0058_000009,개인정보
crm_match_id: crm_7f3d,039_0058,sample_039_0058_000010,개인정보
차소율,039_0058,sample_039_0058_000011,개인정보
원현산,039_0058,sample_039_0058_000012,개인정보
성별: 여성,039_0058,sample_039_0058_000013,준식별자
생년월일 연도: 1987,039_0058,sample_039_0058_000014,준식별자
서울특별시,039_0058,sample_039_0058_000015,준식별자
campaign_budget_account: BUDG-2025-RED,039_0058,sample_039_0058_000022,기밀정보
내부계좌번호: ACCT-REDACTED,039_0058,sample_039_0058_000027,기밀정보
adserver_internal_ip: 10.0.0.5,039_0058,sample_039_0058_000027,기밀정보
user_id_hashed: sha256:3f5a1b9c4e,039_0059,sample_039_0059_000005,개인정보
device_id_hashed: token_dev_9b8c,039_0059,sample_039_0059_000006,개인정보
email_hashed: md5:ae34f2b1,039_0059,sample_039_0059_000007,개인정보
crm_id_hashed: token_crm_a1b2,039_0059,sample_039_0059_000007,개인정보
양선,039_0059,sample_039_0059_000008,개인정보
나은영,039_0059,sample_039_0059_000009,개인정보
gender: female,039_0059,sample_039_0059_000010,준식별자
birth_year: 1988,039_0059,sample_039_0059_000010,준식별자
city: 서울특별시 송파구,039_0059,sample_039_0059_000010,준식별자
결제계좌: 987-654-321,039_0059,sample_039_0059_000013,기밀정보
s3://internal-bucket/rd/plan.csv,039_0059,sample_039_0059_000014,기밀정보
server_ip: 10.0.0.5,039_0059,sample_039_0059_000015,기밀정보
device_graph_id: dg_token_77,039_0059,sample_039_0059_000022,개인정보
crm_id_hashed: token_crm_a1b2,039_0059,sample_039_0059_000023,개인정보
계약서 번호: CONF-2025-01,039_0059,sample_039_0059_000028,기밀정보
vpn 주소: vpn.internal.example.com,039_0059,sample_039_0059_000029,기밀정보
user_id_hashed: sha256:3f5e1c9a7b2f4d6c8e9f0a1b2c3d4e5f6a7b8c9d0e1f2a3b4c5d6e7f8a9b0c1,039_0060,sample_039_0060_000007,개인정보
device_id_hashed: sha256:9a7b2f1e6d4c3b8a0e9f1a2b3c4d5e6f7a8b9c0d1e2f3a4b5c6d7e8f9a0b1c2,039_0060,sample_039_0060_000008,개인정보
budget_total=500000000원,039_0060,sample_039_0060_000017,기밀정보
internal_budget_account: 101-234-555,039_0060,sample_039_0060_000018,기밀정보
황호종,039_0060,sample_039_0060_000019,개인정보
server_ip=10.0.0.12,039_0060,sample_039_0060_000020,기밀정보
file_path=/prod/ad-serving/secret_config,039_0060,sample_039_0060_000020,기밀정보
dsp_api_key=SK_live_abc123,039_0060,sample_039_0060_000020,기밀정보
crm_match_id: CRM_000987654,039_0060,sample_039_0060_000024,개인정보
성별: F,039_0060,sample_039_0060_000025,준식별자
birth_year: 1987,039_0060,sample_039_0060_000025,준식별자
birth_month: 05,039_0060,sample_039_0060_000025,준식별자
birth_day: 12,039_0060,sample_039_0060_000025,준식별자
시군구: 강남구,039_0060,sample_039_0060_000025,준식별자
campaign_id_hashed: sha256_camp_aa11,039_0061,sample_039_0061_000012,개인정보
creative_id_hashed: sha256_cre_22b3,039_0061,sample_039_0061_000013,개인정보
impression_id_hashed: sha256_a1b2c3,039_0061,sample_039_0061_000014,개인정보
click_id_hashed: sha256_b2c3d4,039_0061,sample_039_0061_000015,개인정보
user_id_hashed: sha256_3a7bd3f,039_0061,sample_039_0061_000015,개인정보
conversion_id_hashed: conv_sha1_9f8e7,039_0061,sample_039_0061_000016,개인정보
crm_id_hashed: crm_sha1_f1e2d3,039_0061,sample_039_0061_000016,개인정보
value_usd: 450.00,039_0061,sample_039_0061_000016,기밀정보
시:서울특별시,039_0061,sample_039_0061_000017,준식별자
구:강남구,039_0061,sample_039_0061_000017,준식별자
성별:여성,039_0061,sample_039_0061_000017,준식별자
birth_year:1988,039_0061,sample_039_0061_000017,준식별자
birth_month:03,039_0061,sample_039_0061_000017,준식별자
birth_day:22,039_0061,sample_039_0061_000017,준식별자
bid_request_id_hashed: br_sha1_5566,039_0061,sample_039_0061_000018,개인정보
device_id_hashed: device_sha256_aa11,039_0061,sample_039_0061_000018,개인정보
PartnerX,039_0061,sample_039_0061_000018,기밀정보
bid_response_id_hashed: resp_sha1_7788,039_0061,sample_039_0061_000019,개인정보
event_id_hashed: ev_sha1_333,039_0061,sample_039_0061_000021,개인정보
server_ip: 10.0.0.12,039_0061,sample_039_0061_000021,기밀정보
evidence_path: s3://internal-bucket/ad-logs/2025/,039_0061,sample_039_0061_000021,기밀정보
device_graph_id_hashed: dg_sha256_4411,039_0061,sample_039_0061_000022,개인정보
crm_match_id_hashed: cm_sha1_55ff,039_0061,sample_039_0061_000023,개인정보
crm_account_masked: XXXX-XXXX-1234,039_0061,sample_039_0061_000023,기밀정보
우로윤,039_0061,sample_039_0061_000023,개인정보
matched_offline_revenue_usd: 1200.00,039_0061,sample_039_0061_000023,기밀정보
total_budget_usd: 1200000,039_0061,sample_039_0061_000024,기밀정보
AcmeCorp,039_0061,sample_039_0061_000024,기밀정보
임혜승,039_0061,sample_039_0061_000030,개인정보
심석준,039_0061,sample_039_0061_000030,개인정보
박예안,039_0062,sample_039_0062_000002,개인정보
"총예산 150,000,000원",039_0062,sample_039_0062_000006,기밀정보
홍효원,039_0062,sample_039_0062_000008,개인정보
여성,039_0062,sample_039_0062_000015,준식별자
1985,039_0062,sample_039_0062_000015,준식별자
서울특별시,039_0062,sample_039_0062_000015,준식별자
강남구,039_0062,sample_039_0062_000015,준식별자
INC-2025-88,039_0062,sample_039_0062_000023,기밀정보
나인태,039_0062,sample_039_0062_000033,개인정보
홍효원,039_0062,sample_039_0062_000033,개인정보
하성현,039_0063,sample_039_0063_000003,개인정보
임익수,039_0063,sample_039_0063_000004,개인정보
오해원,039_0063,sample_039_0063_000005,개인정보
user_id_hashed:sha256:af3b9c1d4e6f7a0b,039_0063,sample_039_0063_000008,개인정보
device_id_hashed:sha256:9c1d3e5f7a8b0c2d,039_0063,sample_039_0063_000009,개인정보
birth_year:1988,039_0063,sample_039_0063_000010,준식별자
birth_month:11,039_0063,sample_039_0063_000010,준식별자
birth_day:23,039_0063,sample_039_0063_000010,준식별자
sex:여성,039_0063,sample_039_0063_000011,준식별자
시:서울특별시,039_0063,sample_039_0063_000012,준식별자
군구:강남구,039_0063,sample_039_0063_000012,준식별자
device_ip:10.0.12.34,039_0063,sample_039_0063_000013,기밀정보
s3://private-bucket/adtech/ingest/secure,039_0063,sample_039_0063_000014,기밀정보
사번:20230456,039_0063,sample_039_0063_000015,개인정보
crm_customer_id:CRM-987654,039_0063,sample_039_0063_000016,개인정보
bank_account:000-111-222,039_0063,sample_039_0063_000017,기밀정보
acct_id:ACCT-5566,039_0063,sample_039_0063_000018,기밀정보
허루리,039_0064,sample_039_0064_000002,개인정보
주라은,039_0064,sample_039_0064_000002,개인정보
sha256:9b1c2e4f,039_0064,sample_039_0064_000009,개인정보
sha256:ab34c7d0,039_0064,sample_039_0064_000009,개인정보
sha256:4c2d9f8a,039_0064,sample_039_0064_000010,개인정보
crm_match_55e,039_0064,sample_039_0064_000011,개인정보
female,039_0064,sample_039_0064_000012,준식별자
1985,039_0064,sample_039_0064_000012,준식별자
서울특별시,039_0064,sample_039_0064_000012,준식별자
Acme Marketing,039_0064,sample_039_0064_000012,준식별자
crm_tok_7f9e,039_0064,sample_039_0064_000021,개인정보
s3://internal/adtech/prod,039_0064,sample_039_0064_000027,기밀정보
****-****-7890,039_0064,sample_039_0064_000028,기밀정보
류세비,039_0064,sample_039_0064_000029,개인정보
윤승목,039_0064,sample_039_0064_000030,개인정보
u_3f5a9c87,039_0065,sample_039_0065_000004,개인정보
d_a1b2c3f4,039_0065,sample_039_0065_000004,개인정보
u_3f5a9c87,039_0065,sample_039_0065_000018,개인정보
d_a1b2c3f4,039_0065,sample_039_0065_000018,개인정보
u_3f5a9c87,039_0065,sample_039_0065_000019,개인정보
u_3f5a9c87,039_0065,sample_039_0065_000020,개인정보
F,039_0065,sample_039_0065_000021,준식별자
1987,039_0065,sample_039_0065_000021,준식별자
d_a1b2c3f4,039_0065,sample_039_0065_000022,개인정보
u_3f5a9c87,039_0065,sample_039_0065_000022,개인정보
u_9e8d7c6b,039_0065,sample_039_0065_000022,개인정보
crm_9f8e7d6c,039_0065,sample_039_0065_000023,개인정보
u_3f5a9c87,039_0065,sample_039_0065_000023,개인정보
원신영,039_0065,sample_039_0065_000024,개인정보
배필중,039_0065,sample_039_0065_000024,개인정보
u_9e8d7c6b,039_0065,sample_039_0065_000028,개인정보
sha256:3f7a9b0a2c,039_0066,sample_039_0066_000007,개인정보
sha256:3f7a9b0a2c,039_0066,sample_039_0066_000008,개인정보
sha256:3f7a9b0a2c,039_0066,sample_039_0066_000009,개인정보
sha256:3f7a9b0a2c,039_0066,sample_039_0066_000018,개인정보
sha256:3f7a9b0a2c,039_0066,sample_039_0066_000019,개인정보
sha256:9a1b2c4d5f,039_0066,sample_039_0066_000007,개인정보
sha256:9a1b2c4d5f,039_0066,sample_039_0066_000011,개인정보
sha256:9a1b2c4d5f,039_0066,sample_039_0066_000018,개인정보
sha256:c0ffee1234ab,039_0066,sample_039_0066_000029,개인정보
서울,039_0066,sample_039_0066_000011,준식별자
강남구,039_0066,sample_039_0066_000011,준식별자
역삼동,039_0066,sample_039_0066_000011,준식별자
10.10.10.5,039_0066,sample_039_0066_000030,기밀정보
s3://internal/ads/credentials.csv,039_0066,sample_039_0066_000030,기밀정보
배환웅,039_0067,sample_039_0067_000003,개인정보
안니나,039_0067,sample_039_0067_000004,개인정보
user_id_hashed: sha256_4f3a2d9b8c7e6f5a9d1e2c3b4a5f6e7d8c9b0a1,039_0067,sample_039_0067_000005,개인정보
device_id_token: token_7b8c9a,039_0067,sample_039_0067_000006,개인정보
성별: 여성,039_0067,sample_039_0067_000007,준식별자
생년월일(연): 1986,039_0067,sample_039_0067_000007,준식별자
생년월일(월): 07,039_0067,sample_039_0067_000007,준식별자
생년월일(일): 12,039_0067,sample_039_0067_000007,준식별자
주소(시): 서울특별시,039_0067,sample_039_0067_000008,준식별자
주소(구): 강남구,039_0067,sample_039_0067_000008,준식별자
crm_id 토큰: crm_tok_9f8e7d,039_0067,sample_039_0067_000009,개인정보
user_id_hashed,039_0067,sample_039_0067_000011,개인정보
impression_id: imp_00012345,039_0067,sample_039_0067_000016,준식별자
click_id: clk_00067890,039_0067,sample_039_0067_000016,준식별자
rule_id: FRD_2024_A,039_0067,sample_039_0067_000019,기밀정보
캠페인 예산: KRW 120000000,039_0067,sample_039_0067_000020,기밀정보
서버 IP: 10.0.0.5,039_0067,sample_039_0067_000021,기밀정보
s3://internal-bucket/adtech/logs/,039_0067,sample_039_0067_000021,기밀정보
주병진,039_0067,sample_039_0067_000022,개인정보
device_graph_id: dg_3a5b,039_0067,sample_039_0067_000024,준식별자
류도은,039_0068,sample_039_0068_000003,개인정보
임주혁,039_0068,sample_039_0068_000003,개인정보
sha256:3f1a9b7e9c4f8a1b2e6d7c5f0a1234567890abcdefabcdef1234567890abcd,039_0068,sample_039_0068_000006,개인정보
최우철,039_0068,sample_039_0068_000020,개인정보
박기주,039_0068,sample_039_0068_000023,개인정보
10.8.0.12,039_0068,sample_039_0068_000028,기밀정보
DOC-SECRET-2026,039_0068,sample_039_0068_000028,기밀정보
123-456-7890,039_0068,sample_039_0068_000028,기밀정보
여성,039_0068,sample_039_0068_000030,준식별자
1985,039_0068,sample_039_0068_000030,준식별자
06,039_0068,sample_039_0068_000030,준식별자
12,039_0068,sample_039_0068_000030,준식별자
서울특별시,039_0068,sample_039_0068_000030,준식별자
강남구,039_0068,sample_039_0068_000030,준식별자
역삼동,039_0068,sample_039_0068_000030,준식별자
user_id_hashed:sha256:5f2d3a1b9c7e,039_0069,sample_039_0069_000011,개인정보
device_id_hashed:sha256:a9b1c2f4d8e3,039_0069,sample_039_0069_000011,개인정보
crm_match_id:crm_tok_0001a,039_0069,sample_039_0069_000013,개인정보
consumer_gender:F,039_0069,sample_039_0069_000026,준식별자
consumer_birth_year:1988,039_0069,sample_039_0069_000026,준식별자
consumer_city:서울특별시,039_0069,sample_039_0069_000026,준식별자
acct_token:tok_acct_9b8c,039_0069,sample_039_0069_000019,기밀정보
backend_server_ip:10.10.10.5,039_0069,sample_039_0069_000021,기밀정보
internal_vpn_url:https://internal.adops.corp,039_0069,sample_039_0069_000029,기밀정보
sha256:3f5a1c9b,039_0070,sample_039_0070_000005,개인정보
sha256:7c2e9b4f,039_0070,sample_039_0070_000005,개인정보
sha256:aa11bb22,039_0070,sample_039_0070_000009,개인정보
10.0.0.12,039_0070,sample_039_0070_000009,기밀정보
sha256:cc22dd33,039_0070,sample_039_0070_000010,개인정보
sha256:ee33ff44,039_0070,sample_039_0070_000011,개인정보
서울특별시,039_0070,sample_039_0070_000012,준식별자
강남구,039_0070,sample_039_0070_000012,준식별자
sha256:bb44cc55,039_0070,sample_039_0070_000013,개인정보
acct_42_internal,039_0070,sample_039_0070_000019,기밀정보
s3://internal/adtech/device_graph/2025/01/01,039_0070,sample_039_0070_000020,기밀정보
sha256:dd55ee66,039_0070,sample_039_0070_000021,개인정보
권승후,039_0070,sample_039_0070_000021,개인정보
key-abc-1234,039_0070,sample_039_0070_000028,기밀정보
https://internal-api.adtech.corp/v1,039_0070,sample_039_0070_000028,기밀정보
나호근,039_0070,sample_039_0070_000029,개인정보
유석현,039_0070,sample_039_0070_000029,개인정보
엄이환,039_0070,sample_039_0070_000029,개인정보
1988,039_0070,sample_039_0070_000031,준식별자
05,039_0070,sample_039_0070_000031,준식별자
12,039_0070,sample_039_0070_000031,준식별자
female,039_0070,sample_039_0070_000031,준식별자
sha256:e9b1f3a2b4c5d6e7f8a9b0c1d2e3f4a1,039_0071,sample_039_0071_000003,개인정보
devtok_7a9c3f2b,039_0071,sample_039_0071_000004,개인정보
곽가호,039_0071,sample_039_0071_000005,개인정보
고은숙,039_0071,sample_039_0071_000005,개인정보
김혜주,039_0071,sample_039_0071_000005,개인정보
sha256:e9b1f3a2b4c5d6e7f8a9b0c1d2e3f4a1,039_0071,sample_039_0071_000011,개인정보
서울특별시,039_0071,sample_039_0071_000013,준식별자
강남구,039_0071,sample_039_0071_000013,준식별자
birth_year: 1987,039_0071,sample_039_0071_000014,준식별자
birth_month: 5,039_0071,sample_039_0071_000014,준식별자
birth_day: 14,039_0071,sample_039_0071_000014,준식별자
s3://adtech-prod/private/segments,039_0071,sample_039_0071_000024,기밀정보
10.0.4.23,039_0071,sample_039_0071_000024,기밀정보
****-****-7890,039_0071,sample_039_0071_000025,기밀정보
고신비,039_0071,sample_039_0071_000026,개인정보
crmsha_5d4c3b2a,039_0071,sample_039_0071_000027,개인정보
곽승율,039_0072,sample_039_0072_000030,개인정보
birth_year:1985,039_0072,sample_039_0072_000031,준식별자
birth_month:06,039_0072,sample_039_0072_000031,준식별자
birth_day:12,039_0072,sample_039_0072_000031,준식별자
gender: M,039_0072,sample_039_0072_000032,준식별자
city: 서울특별시,039_0072,sample_039_0072_000033,준식별자
district: 강남구,039_0072,sample_039_0072_000033,준식별자
neighborhood: 역삼동,039_0072,sample_039_0072_000033,준식별자
server_ip: 10.0.2.15,039_0072,sample_039_0072_000034,기밀정보
internal_url: https://internal.ad.company.local/dashboard,039_0072,sample_039_0072_000034,기밀정보
secret_path: /srv/ad_platform/secrets/config.yaml,039_0072,sample_039_0072_000034,기밀정보
계좌번호: 987-654-3210,039_0072,sample_039_0072_000035,기밀정보
sha256:5f2d9a3b,039_0073,sample_039_0073_000010,개인정보
gaid:abcd1234,039_0073,sample_039_0073_000010,준식별자
md5:9a8b,039_0073,sample_039_0073_000011,개인정보
sha256:aa11bb22,039_0073,sample_039_0073_000012,개인정보
서울특별시,039_0073,sample_039_0073_000013,준식별자
1986,039_0073,sample_039_0073_000013,준식별자
여성,039_0073,sample_039_0073_000013,준식별자
sk_live_9f8e,039_0073,sample_039_0073_000014,기밀정보
/prod/config/private.yaml,039_0073,sample_039_0073_000027,기밀정보
budget_q3_v2.xlsx,039_0073,sample_039_0073_000027,기밀정보
sha256:aa11bb22,039_0073,sample_039_0073_000022,개인정보
성상훈,039_0074,sample_039_0074_000018,개인정보
주연하,039_0074,sample_039_0074_000019,개인정보
조한솔,039_0074,sample_039_0074_000019,개인정보
서울,039_0074,sample_039_0074_000023,준식별자
강남구,039_0074,sample_039_0074_000023,준식별자
1985,039_0074,sample_039_0074_000024,준식별자
user_id_hashed: sha256:3f2a1b9c4e5f6a78,039_0075,sample_039_0075_000004,개인정보
device_id_hashed: dev_ea3f7b1d9,039_0075,sample_039_0075_000005,개인정보
cookie_id_hashed: sha256:abcd1234,039_0075,sample_039_0075_000006,개인정보
crm_id_token: tok_c3f95ab,039_0075,sample_039_0075_000007,개인정보
박기완,039_0075,sample_039_0075_000009,개인정보
홍현승,039_0075,sample_039_0075_000009,개인정보
이시환,039_0075,sample_039_0075_000009,개인정보
internal_server_ip:10.0.12.5,039_0075,sample_039_0075_000018,기밀정보
/opt/internal/ads/config.yaml,039_0075,sample_039_0075_000018,기밀정보
"계약예산:50,000,000 KRW",039_0075,sample_039_0075_000019,기밀정보
bank_account_last4:1234,039_0075,sample_039_0075_000019,기밀정보
device_graph_id: dg_7a9c,039_0075,sample_039_0075_000023,개인정보
city:서울특별시,039_0075,sample_039_0075_000024,준식별자
district:강남구,039_0075,sample_039_0075_000024,준식별자
gender:Male,039_0075,sample_039_0075_000025,준식별자
dob_year:1987,039_0075,sample_039_0075_000025,준식별자
dob_month:06,039_0075,sample_039_0075_000025,준식별자
dob_day:15,039_0075,sample_039_0075_000025,준식별자
sha256:3a7f1c9b5d8e4f2b9c0a7e5d1f2b3c4d5e6f7a8b9c0d1e2f3a4b5c6d7e8f9a0,039_0076,sample_039_0076_000007,개인정보
sha256:bd9e2a6c1f4e8d7b3a1c5f2e9b8d7c6a5f4e3d2c1b0a9f8e7d6c5b4a3f2e1d0,039_0076,sample_039_0076_000007,개인정보
sha256:c1d2e3f4a5b6c7d8e9f0a1b2c3d4e5f6a7b8c9d0e1f2a3b4c5d6e7f8a9b0c1d,039_0076,sample_039_0076_000009,개인정보
sha256:9b8a7c6d5e4f3a2b1c0d9e8f7a6b5c4d3e2f1a0b9c8d7e6f5a4b3c2d1e0f9a8,039_0076,sample_039_0076_000010,개인정보
성별: 여성,039_0076,sample_039_0076_000011,준식별자
연령대: 25-34,039_0076,sample_039_0076_000011,준식별자
시: 서울특별시,039_0076,sample_039_0076_000011,준식별자
구: 강남구,039_0076,sample_039_0076_000011,준식별자
campaign_hash:c7f3a9e1,039_0076,sample_039_0076_000015,기밀정보
계좌번호: 123-456-789,039_0076,sample_039_0076_000015,기밀정보
internal_sftp_path: /data/private/ads/,039_0076,sample_039_0076_000027,기밀정보
server_ip: 10.254.12.8,039_0076,sample_039_0076_000027,기밀정보
device_id_hashed: sha256:9f8b7a6c5d4e3f2a1b0c9d8e7f6a5b4c3d2e1f0a9b8c7d6e5f4a3b2c1d0e9f8,039_0076,sample_039_0076_000019,개인정보
crm_user_token: token_9a8b7c,039_0076,sample_039_0076_000020,개인정보
신인서,039_0076,sample_039_0076_000026,개인정보
홍원정,039_0076,sample_039_0076_000026,개인정보
사번: 20245,039_0076,sample_039_0076_000029,개인정보
한정후,039_0076,sample_039_0076_000030,개인정보
sha256:3a7f1c9b5d8e4f2b9c0a7e5d1f2b3c4d5e6f7a8b9c0d1e2f3a4b5c6d7e8f9a0,039_0076,sample_039_0076_000022,개인정보
user_id_hashed: 3f7a9c1d9b2e4a6f8c0d1e2b3a4f5c6d,039_0077,sample_039_0077_000007,개인정보
phone_hashed: 9b74c9897bac770ffc029102a200c5de,039_0077,sample_039_0077_000007,개인정보
birth_year: 1987,039_0077,sample_039_0077_000007,준식별자
birth_month: 07,039_0077,sample_039_0077_000007,준식별자
gender: female,039_0077,sample_039_0077_000007,준식별자
device_id_hashed: d4e5f6a7b8c9d0e1f2a3b4c5d6e7f8a9,039_0077,sample_039_0077_000008,개인정보
region: 서울특별시,039_0077,sample_039_0077_000010,준식별자
budget_account: acct_00012345,039_0077,sample_039_0077_000015,기밀정보
crm_id_hashed: 7f6e5d4c3b2a1f0e,039_0077,sample_039_0077_000019,개인정보
email_hashed: e99a18c428cb38d5f260853678922e03,039_0077,sample_039_0077_000019,개인정보
s3://internal-adtech-prod/datasets/event_logs/2025Q1,039_0077,sample_039_0077_000022,기밀정보
device_id_hashed: f1e2d3c4b5a697887766554433221100,039_0077,sample_039_0077_000018,개인정보
ad_server_endpoint: https://api.internal.adserver.company,039_0077,sample_039_0077_000027,기밀정보
db_connection: jdbc:postgresql://10.10.10.5:5432/adtech,039_0077,sample_039_0077_000027,기밀정보
person_id_hashed: a1b2c3d4e5f6,039_0077,sample_039_0077_000030,개인정보
성별: 여성,039_0078,sample_039_0078_000006,준식별자
생년: 1988,039_0078,sample_039_0078_000007,준식별자
시: 서울특별시,039_0078,sample_039_0078_000008,준식별자
구: 강남구,039_0078,sample_039_0078_000008,준식별자
직업: 마케터,039_0078,sample_039_0078_000009,준식별자
국적: KR,039_0078,sample_039_0078_000010,준식별자
"예산: 120,000,000원",039_0078,sample_039_0078_000012,기밀정보
지출계좌: ACCT-3492,039_0078,sample_039_0078_000013,기밀정보
파일경로: /prod/sec/reports/budget_Q4.xlsx,039_0078,sample_039_0078_000014,기밀정보
sha256:fa4e1234b6c9d88ef0a1b2c3d4e5f67890123456789abcdef0fedcba987654321,039_0079,sample_039_0079_000004,개인정보
sha256:9b2c7a8f1e4d3c2b1a0f9e8d7c6b5a4f3e2d1c0b9a8f7e6d5c4b3a2f1e0d9c8,039_0079,sample_039_0079_000005,개인정보
sha256:abcd9876ef00112233445566778899aabbccddeeff00112233445566778899aa,039_0079,sample_039_0079_000007,개인정보
서울특별시,039_0079,sample_039_0079_000009,준식별자
강남구,039_0079,sample_039_0079_000009,준식별자
남성,039_0079,sample_039_0079_000009,준식별자
sha256:fa4e1234b6c9d88ef0a1b2c3d4e5f67890123456789abcdef0fedcba987654321,039_0079,sample_039_0079_000016,개인정보
ACCT-000987654321,039_0079,sample_039_0079_000023,기밀정보
s3://ad-data/private/campaign/2025/plan.xlsx,039_0079,sample_039_0079_000023,기밀정보
adserver.internal.corp,039_0079,sample_039_0079_000024,기밀정보
10.0.12.5,039_0079,sample_039_0079_000024,기밀정보
user_group_revenue_USD=12500.00,039_0079,sample_039_0079_000027,기밀정보
user_id_hashed: sha256:3f5b2a7e9c1d4f6a,039_0080,sample_039_0080_000013,개인정보
device_id_hashed: device_sha1:7c9a440ad2b6,039_0080,sample_039_0080_000014,개인정보
email_hashed: eml_tok_9f8b7c6d,039_0080,sample_039_0080_000015,개인정보
phone_hashed: ph_tok_4e2a1b0c,039_0080,sample_039_0080_000015,개인정보
crm_id_hashed: crm_sha256:aa11bbccddeeff,039_0080,sample_039_0080_000016,개인정보
birth_year: 1985,039_0080,sample_039_0080_000017,준식별자
gender: female,039_0080,sample_039_0080_000018,준식별자
city: 서울특별시,039_0080,sample_039_0080_000019,준식별자
district: 강남구,039_0080,sample_039_0080_000020,준식별자
server_ip: 10.0.0.23,039_0080,sample_039_0080_000022,기밀정보
s3_path: s3://private-buckets/adops/2025/q1/report.csv,039_0080,sample_039_0080_000022,기밀정보
api_key: key_prod_XXXX,039_0080,sample_039_0080_000023,기밀정보
account_id: ACCT-****1234,039_0080,sample_039_0080_000023,기밀정보
budget: USD 120000,039_0080,sample_039_0080_000024,기밀정보
user_id_hashed: sha256:3f2c9a7e8b1f4d5a6c7e8f9a0b1c2d3e4f5a6b7c8d9e0f1a2b3c4d5e6f7a8b9,039_0081,sample_039_0081_000004,개인정보
device_id_hashed: tid_9f8e7d6c5b4a3,039_0081,sample_039_0081_000005,개인정보
gender: female,039_0081,sample_039_0081_000006,준식별자
birth_year: 1985,039_0081,sample_039_0081_000007,준식별자
city: 서울특별시,039_0081,sample_039_0081_000008,준식별자
crm_id_hashed: crm_sha1_5d41402abc4b2a76b9719d911017c592,039_0081,sample_039_0081_000011,개인정보
cookie_id_hashed: ckie_7b9f3a21,039_0081,sample_039_0081_000012,개인정보
server_ip: 10.2.45.7,039_0081,sample_039_0081_000013,기밀정보
internal_api_endpoint: https://ads-internal.prod.local,039_0081,sample_039_0081_000014,기밀정보
billing_account_last4: 4321,039_0081,sample_039_0081_000015,기밀정보
류찬형,039_0082,sample_039_0082_000010,개인정보
배제아,039_0082,sample_039_0082_000010,개인정보
sha256:3f2a1e7c9b8d4f6a2c3e4b5d6f7a8c9e0b1c2d3e4f5a6b7c8d9e0f1a2b3c4d5,039_0082,sample_039_0082_000012,개인정보
sha256:9b8c7d6e5f4a3b2c1e0f9d8c7b6a5e4d3c2b1a0f9e8d7c6b5a4e3d2c1b0a9f8,039_0082,sample_039_0082_000012,개인정보
token_ae7b9c123ef,039_0082,sample_039_0082_000015,개인정보
1985,039_0082,sample_039_0082_000013,준식별자
07,039_0082,sample_039_0082_000013,준식별자
23,039_0082,sample_039_0082_000013,준식별자
Seoul,039_0082,sample_039_0082_000013,준식별자
Gangnam-gu,039_0082,sample_039_0082_000013,준식별자
female,039_0082,sample_039_0082_000013,준식별자
https://internal.api.corp/realtime,039_0082,sample_039_0082_000017,기밀정보
Q2 입찰 전략 변경안 - 비공개,039_0082,sample_039_0082_000020,기밀정보
svc_ads_pipeline,039_0082,sample_039_0082_000023,기밀정보
10.0.12.34,039_0082,sample_039_0082_000025,기밀정보
u_6f1e2a9b,039_0083,sample_039_0083_000004,개인정보
d_9a7b4c3f,039_0083,sample_039_0083_000005,개인정보
e_3c4d5f8a,039_0083,sample_039_0083_000006,개인정보
p_a12b34c5,039_0083,sample_039_0083_000007,개인정보
1987,039_0083,sample_039_0083_000009,준식별자
여성,039_0083,sample_039_0083_000009,준식별자
서울특별시,039_0083,sample_039_0083_000009,준식별자
ACCT_****1234,039_0083,sample_039_0083_000013,기밀정보
vpn.internal.adtech.svc,039_0083,sample_039_0083_000014,기밀정보
10.0.0.1,039_0083,sample_039_0083_000016,기밀정보
SK_****,039_0083,sample_039_0083_000016,기밀정보
d_1f2e3d4c,039_0083,sample_039_0083_000017,개인정보
dg_4b5c,039_0083,sample_039_0083_000017,개인정보
crm_7c9e,039_0083,sample_039_0083_000018,개인정보
s_8b7c,039_0083,sample_039_0083_000028,개인정보
uid_5f3a2b,039_0084,sample_039_0084_000008,개인정보
device_a1b2c3,039_0084,sample_039_0084_000008,개인정보
cookie_x9z8y7,039_0084,sample_039_0084_000008,개인정보
crm_token_9f8e7d,039_0084,sample_039_0084_000009,개인정보
email_token_abc123,039_0084,sample_039_0084_000010,개인정보
1987,039_0084,sample_039_0084_000011,준식별자
성별: 남,039_0084,sample_039_0084_000011,준식별자
서울특별시,039_0084,sample_039_0084_000011,준식별자
강남구,039_0084,sample_039_0084_000011,준식별자
budget_line_item_42_amount: 125000000 KRW,039_0084,sample_039_0084_000017,기밀정보
10.10.10.5,039_0084,sample_039_0084_000018,기밀정보
/srv/adtech/secrets/config.yaml,039_0084,sample_039_0084_000018,기밀정보
name_hashed: sha256:EMP_SYMTAEH_01,039_0085,sample_039_0085_000028,개인정보
email_hashed: hk_e_0001,039_0085,sample_039_0085_000018,개인정보
phone_token: token_tel_0001,039_0085,sample_039_0085_000018,개인정보
user_id_hashed: sha256:user_abc123,039_0085,sample_039_0085_000007,개인정보
device_id_hashed: sha256:dev_7b2a,039_0085,sample_039_0085_000010,준식별자
ip_partial: 203.238.***.123,039_0085,sample_039_0085_000010,준식별자
city: 서울특별시,039_0085,sample_039_0085_000009,준식별자
crm_id_hashed: hk_crm_0005,039_0085,sample_039_0085_000008,준식별자
account_number_masked: ****1234,039_0085,sample_039_0085_000008,기밀정보
internal_budget_id: MEDIA_PLAN_CONFIDENTIAL_2025,039_0085,sample_039_0085_000004,기밀정보
user_id_hashed: sha256:9b1c2d3e4f,039_0086,sample_039_0086_000005,개인정보
device_id_hashed: dvc_sha1:4f2a5b6c7d,039_0086,sample_039_0086_000005,개인정보
email_hashed: md5:5d41402abc4b2a76b9719d911017c592,039_0086,sample_039_0086_000006,개인정보
crm_id_hashed: crm_tok_7a8b9c,039_0086,sample_039_0086_000007,개인정보
crm_id_hashed: crm_tok_7a8b9c,039_0086,sample_039_0086_000017,개인정보
phone_hashed: ph_sha256:ab12cd34ef56,039_0086,sample_039_0086_000017,개인정보
contact_hashed: h4f3a1c,039_0086,sample_039_0086_000030,개인정보
gender: F,039_0086,sample_039_0086_000008,준식별자
birth_year: 1988,039_0086,sample_039_0086_000008,준식별자
city: 서울특별시,039_0086,sample_039_0086_000008,준식별자
district: 강남구,039_0086,sample_039_0086_000008,준식별자
country: KR,039_0086,sample_039_0086_000008,준식별자
conversion_year: 2025,039_0086,sample_039_0086_000007,준식별자
conversion_month: 11,039_0086,sample_039_0086_000007,준식별자
conversion_day: 23,039_0086,sample_039_0086_000007,준식별자
internal_budget_id: INT_BUD_2026Q1,039_0086,sample_039_0086_000003,기밀정보
billing_account_masked: ****6789,039_0086,sample_039_0086_000015,기밀정보
dsp_api_endpoint: https://dsp-internal.corp/api,039_0086,sample_039_0086_000009,기밀정보
server_path: /opt/adtech/config/secret.yml,039_0086,sample_039_0086_000010,기밀정보
ad_ops_approval_line: 내부결재선_광고팀,039_0086,sample_039_0086_000029,기밀정보
sha256:8f14e45fceea167a5a36dedd4bea2543,039_0087,sample_039_0087_000004,개인정보
sha256:8f14e45fceea167a5a36dedd4bea2543,039_0087,sample_039_0087_000012,개인정보
sha256:3c59dc048e8850243be8079a5c74d079,039_0087,sample_039_0087_000009,개인정보
start_date=2025-03-01,039_0087,sample_039_0087_000009,준식별자
end_date=2025-03-31,039_0087,sample_039_0087_000009,준식별자
"budget_total_KRW=50,000,000",039_0087,sample_039_0087_000009,기밀정보
device_id_hashed=sha256:45c48cce2e2d7fbdea1afc51c7c6ad26,039_0087,sample_039_0087_000012,개인정보
timestamp_utc=2025-03-05T08:12:34Z,039_0087,sample_039_0087_000012,준식별자
crm_id_hashed=sha256:b6d767d2f8ed5d21a44b0e5886680cb9,039_0087,sample_039_0087_000015,개인정보
device_ip=203.0.113.5,039_0087,sample_039_0087_000017,기밀정보
date=2025-03-10,039_0087,sample_039_0087_000022,준식별자
"spent_KRW=5,200,000",039_0087,sample_039_0087_000022,기밀정보
"remaining_budget_KRW=44,800,000",039_0087,sample_039_0087_000022,기밀정보
assigned_to='신나연',039_0087,sample_039_0087_000024,개인정보
a1b2c3d4e5f67890,039_0088,sample_039_0088_000007,준식별자
d4c3b2a1f0e9,039_0088,sample_039_0088_000007,준식별자
a1b2c3d4e5f67890,039_0088,sample_039_0088_000008,준식별자
a1b2c3d4e5f67890,039_0088,sample_039_0088_000009,준식별자
77f1a2b3c4d5,039_0088,sample_039_0088_000009,준식별자
황찬희,039_0088,sample_039_0088_000010,개인정보
성별: 남성,039_0088,sample_039_0088_000011,준식별자
시: 서울,039_0088,sample_039_0088_000011,준식별자
구: 강남구,039_0088,sample_039_0088_000011,준식별자
e9f8d7c6b5a4,039_0088,sample_039_0088_000012,준식별자
ACC-998877,039_0088,sample_039_0088_000016,기밀정보
10.0.4.12,039_0088,sample_039_0088_000018,기밀정보
77f1a2b3c4d5,039_0088,sample_039_0088_000020,준식별자
임건률,039_0088,sample_039_0088_000020,개인정보
e3d2c1b0a9,039_0088,sample_039_0088_000028,준식별자
유수안,039_0088,sample_039_0088_000029,개인정보
uid_sha256_3f7a9b,039_0089,sample_039_0089_000005,개인정보
uid_sha256_3f7a9b,039_0089,sample_039_0089_000006,개인정보
uid_sha256_3f7a9b,039_0089,sample_039_0089_000007,개인정보
uid_sha256_3f7a9b,039_0089,sample_039_0089_000019,개인정보
dev_sha1_a1b2c,039_0089,sample_039_0089_000005,개인정보
dev_sha1_a1b2c,039_0089,sample_039_0089_000009,개인정보
dev_sha1_a1b2c,039_0089,sample_039_0089_000016,개인정보
imp_sha1_a7c,039_0089,sample_039_0089_000005,개인정보
imp_sha1_a7c,039_0089,sample_039_0089_000014,개인정보
clk_sha1_b2d,039_0089,sample_039_0089_000006,개인정보
conv_md5_9f3,039_0089,sample_039_0089_000007,개인정보
crm_tok_77a,039_0089,sample_039_0089_000007,개인정보
crm_tok_77a,039_0089,sample_039_0089_000017,개인정보
birth_year:1986,039_0089,sample_039_0089_000008,준식별자
gender:female,039_0089,sample_039_0089_000008,준식별자
city:서울특별시,039_0089,sample_039_0089_000008,준식별자
dev_sha1_d3e4f,039_0089,sample_039_0089_000016,개인정보
10.0.0.5,039_0089,sample_039_0089_000027,기밀정보
acct_987654321,039_0089,sample_039_0089_000027,기밀정보
/srv/data/ad_logs,039_0089,sample_039_0089_000027,기밀정보
person_sha256_01,039_0089,sample_039_0089_000028,개인정보
c_h_abc123,039_0089,sample_039_0089_000029,개인정보
email_md5_f4b,039_0089,sample_039_0089_000029,개인정보
성별: female,039_0090,sample_039_0090_000015,준식별자
birth_year: 1987,039_0090,sample_039_0090_000015,준식별자
age_bucket: 30-34,039_0090,sample_039_0090_000015,준식별자
city: 서울특별시,039_0090,sample_039_0090_000017,준식별자
예산총액=KRW 150000000,039_0090,sample_039_0090_000021,기밀정보
결제계좌 끝4=4321,039_0090,sample_039_0090_000022,기밀정보
server_ip=10.10.10.5,039_0090,sample_039_0090_000024,기밀정보
internal_path=/srv/ads/internal/credentials,039_0090,sample_039_0090_000024,기밀정보
담당자: 곽종학,039_0090,sample_039_0090_000026,개인정보
matched_customer_name=박정진,039_0090,sample_039_0090_000027,개인정보
강연숙,039_0090,sample_039_0090_000030,개인정보
u_9f4a1b2c,039_0091,sample_039_0091_000007,개인정보
d_a7e3f9,039_0091,sample_039_0091_000007,개인정보
imp_9a7f3b,039_0091,sample_039_0091_000007,개인정보
crm_f3b2,039_0091,sample_039_0091_000020,개인정보
u_9f4a1b2c,039_0091,sample_039_0091_000020,개인정보
u_9f4a1b2c,039_0091,sample_039_0091_000026,개인정보
주하린,039_0091,sample_039_0091_000034,개인정보
강렌,039_0091,sample_039_0091_000034,개인정보
손우진,039_0091,sample_039_0091_000034,개인정보
서울특별시,039_0091,sample_039_0091_000035,준식별자
여성,039_0091,sample_039_0091_000035,준식별자
송미리,039_0092,sample_039_0092_000003,개인정보
연령대: 25-34,039_0092,sample_039_0092_000004,준식별자
성별: 여,039_0092,sample_039_0092_000004,준식별자
서울특별시,039_0092,sample_039_0092_000004,준식별자
허민교,039_0092,sample_039_0092_000005,개인정보
연령대: 35-44,039_0092,sample_039_0092_000006,준식별자
부산광역시,039_0092,sample_039_0092_000006,준식별자
류민욱,039_0092,sample_039_0092_000007,개인정보
연령대: 18-24,039_0092,sample_039_0092_000008,준식별자
성별: 남,039_0092,sample_039_0092_000008,준식별자
전요섭,039_0092,sample_039_0092_000009,개인정보
대구광역시,039_0092,sample_039_0092_000010,준식별자
곽주혜,039_0092,sample_039_0092_000011,개인정보
device_id_hashed: d_9a8b7c6d,039_0092,sample_039_0092_000012,준식별자
user_id_hashed: u_3f7a9c2b,039_0092,sample_039_0092_000012,준식별자
유라은,039_0092,sample_039_0092_000013,개인정보
click_id: c_b7e4f1a2,039_0092,sample_039_0092_000014,준식별자
impression_id: i_1a2b3c4d,039_0092,sample_039_0092_000014,준식별자
권해영,039_0092,sample_039_0092_000015,개인정보
crm_tok_5599,039_0092,sample_039_0092_000016,준식별자
엄영혜,039_0092,sample_039_0092_000017,개인정보
10.10.0.5,039_0092,sample_039_0092_000018,기밀정보
ACCT-87234,039_0092,sample_039_0092_000018,기밀정보
홍윤담,039_0092,sample_039_0092_000019,개인정보
s3://intra-adtech/credentials,039_0092,sample_039_0092_000020,기밀정보
https://internal.adops.local,039_0092,sample_039_0092_000020,기밀정보
안재유,039_0092,sample_039_0092_000021,개인정보
나한음,039_0092,sample_039_0092_000023,개인정보
나해나,039_0092,sample_039_0092_000025,개인정보
user_id_hashed: usr_h_4f3a2b1c,039_0093,sample_039_0093_000003,개인정보
device_id_hashed: dev_h_9b8c7d6e,039_0093,sample_039_0093_000004,개인정보
email_hashed: em_h_3a2b1c,039_0093,sample_039_0093_000005,개인정보
crm_match_id: crm_h_77a6,039_0093,sample_039_0093_000006,개인정보
city: 서울특별시,039_0093,sample_039_0093_000007,준식별자
gender: F,039_0093,sample_039_0093_000008,준식별자
birth_year: 1987,039_0093,sample_039_0093_000009,준식별자
"campaign_budget: KRW 50,000,000",039_0093,sample_039_0093_000010,기밀정보
publisher_account: acct_pub_42,039_0093,sample_039_0093_000011,기밀정보
ip_hashed: ip_h_abc123,039_0093,sample_039_0093_000012,개인정보
cookie_id_hashed: ck_h_55ff,039_0093,sample_039_0093_000013,개인정보
s3://internal/ads/pipeline,039_0093,sample_039_0093_000014,기밀정보
user_id_hashed: sha256:9f86d081884c7d659a2feaa0,039_0094,sample_039_0094_000005,개인정보
device_id_hashed: md5:ab12cd34ef56,039_0094,sample_039_0094_000006,개인정보
impression_id_token: imp_tok_0001,039_0094,sample_039_0094_000007,개인정보
click_id_token: clk_tok_0002,039_0094,sample_039_0094_000007,개인정보
crm_email_hash: sha256:5d41402abc4b2a76b9719d911017c592,039_0094,sample_039_0094_000014,개인정보
gender: female,039_0094,sample_039_0094_000015,준식별자
birth_year: 1985,039_0094,sample_039_0094_000015,준식별자
province: 서울특별시,039_0094,sample_039_0094_000015,준식별자
district: 강남구,039_0094,sample_039_0094_000015,준식별자
device_id_hashed: md5:ab12cd34ef56,039_0094,sample_039_0094_000016,개인정보
user_id_hashed: sha256:9f86d081884c7d659a2feaa0,039_0094,sample_039_0094_000016,개인정보
device_fp: fp_tok_77,039_0094,sample_039_0094_000017,개인정보
account_token: acct_tok_23,039_0094,sample_039_0094_000020,기밀정보
internal_budget_code: BGT-2026-XYZ,039_0094,sample_039_0094_000020,기밀정보
click_id_token: clk_tok_0002,039_0094,sample_039_0094_000024,개인정보
impression_id_token: imp_tok_0001,039_0094,sample_039_0094_000024,개인정보
crm_id_token: crm_tok_a1,039_0094,sample_039_0094_000028,개인정보
crm_email_hash: sha256:5d41402abc4b2a76b9719d911017c592,039_0094,sample_039_0094_000028,개인정보
user_id_hashed: sha256:3f2a1b6c9d4e5f6789012abcd3456ef7890ab12cdef34567890abcd1234ef56,039_0095,sample_039_0095_000005,개인정보
device_id_hashed: md5:ac7e5b9d4f2c1e3a45b6789cde012345,039_0095,sample_039_0095_000006,개인정보
cookie_id: c_9f8e7a6b5c4d3e2f,039_0095,sample_039_0095_000007,개인정보
device_fingerprint_id: fp_7a6b8c9d,039_0095,sample_039_0095_000008,개인정보
gender: female,039_0095,sample_039_0095_000009,준식별자
birth_year: 1988,039_0095,sample_039_0095_000010,준식별자
city: Seoul,039_0095,sample_039_0095_000011,준식별자
server_ip: 10.10.12.34,039_0095,sample_039_0095_000012,기밀정보
account_number_masked: ****9876,039_0095,sample_039_0095_000013,기밀정보
류형식,039_0096,sample_039_0096_000004,개인정보
user_id_hashed: sha256:3f5b1a9e6c4d2f7e8b9c0a1d2e3f4a5b6c7d8e9f0a1b2c3d4e5f6a7b8c9d0e1,039_0096,sample_039_0096_000015,개인정보
email_hashed: sha256:5d41402abc4b2a76b9719d911017c592,039_0096,sample_039_0096_000017,개인정보
birth_year: 1988,039_0096,sample_039_0096_000019,준식별자
gender: F,039_0096,sample_039_0096_000019,준식별자
city: 서울특별시,039_0096,sample_039_0096_000019,준식별자
district: 강남구,039_0096,sample_039_0096_000019,준식별자
server_ip: 10.8.0.5,039_0096,sample_039_0096_000020,기밀정보
device_id_hashed: sha256:7a1b2c3d4e5f6a7b8c9d0e13f5b1a9e6c4d2f7e8b9c0a1d2e3f4a5b6c7d8e9f,039_0096,sample_039_0096_000021,개인정보
budget_account_ref: acct_9f2b,039_0096,sample_039_0096_000022,기밀정보
dsp_api_key: dsp_key_9b7c,039_0096,sample_039_0096_000025,기밀정보
matched_customer_hashed_id: sha256:aa11bb22cc33dd44ee55ff66aa77bb88cc99dd00ee11ff223344556677889900,039_0096,sample_039_0096_000027,개인정보
민현지,039_0096,sample_039_0096_000027,개인정보
임종희,039_0097,sample_039_0097_000011,개인정보
sha256:9f86d081884c7d659a2feaa0c55ad015a3bf4f1b2b0b822cd15d6c15b0f00a08,039_0097,sample_039_0097_000013,개인정보
device:sha1:3e23e8160039594a33894f6564e1b1348bbd7a88,039_0097,sample_039_0097_000013,개인정보
crm_tok_4f3b9a,039_0097,sample_039_0097_000015,개인정보
crm_tok_4f3b9a,039_0097,sample_039_0097_000020,개인정보
서울특별시,039_0097,sample_039_0097_000016,준식별자
우재창,039_0097,sample_039_0097_000023,개인정보
주철영,039_0097,sample_039_0097_000023,개인정보
계좌번호: 9876543210,039_0097,sample_039_0097_000025,기밀정보
s3://internal/adtech/prod/dataset,039_0097,sample_039_0097_000027,기밀정보
db-prod.internal.company,039_0097,sample_039_0097_000027,기밀정보
전경모,039_0097,sample_039_0097_000030,개인정보
여성,039_0097,sample_039_0097_000031,준식별자
1988,039_0097,sample_039_0097_000031,준식별자
양수완,039_0098,sample_039_0098_000004,개인정보
박진원,039_0098,sample_039_0098_000005,개인정보
남,039_0098,sample_039_0098_000027,준식별자
1988,039_0098,sample_039_0098_000027,준식별자
07,039_0098,sample_039_0098_000027,준식별자
21,039_0098,sample_039_0098_000027,준식별자
서울특별시,039_0098,sample_039_0098_000027,준식별자
강남구,039_0098,sample_039_0098_000027,준식별자
대한민국,039_0098,sample_039_0098_000027,준식별자
ops_admin,039_0098,sample_039_0098_000028,기밀정보
s3://internal-bucket/pipeline/credentials,039_0098,sample_039_0098_000028,기밀정보
000-000-0000,039_0098,sample_039_0098_000029,기밀정보
user_id_hashed: uid_sha256_9f8e7d,039_0099,sample_039_0099_000004,개인정보
device_id_hashed: device_sha256_ab12cd,039_0099,sample_039_0099_000005,개인정보
ip_hash: ip_sha256_abcdef,039_0099,sample_039_0099_000006,개인정보
email_hashed: email_sha256_ff1122,039_0099,sample_039_0099_000007,개인정보
gender: female,039_0099,sample_039_0099_000013,준식별자
region: 서울특별시,039_0099,sample_039_0099_000013,준식별자
crm_account_number: ACCT-00012345,039_0099,sample_039_0099_000008,기밀정보
internal_endpoint: https://internal.corp.adtech/private-api/v1,039_0099,sample_039_0099_000009,기밀정보
crm_lead_id: crm_20230123_0007,039_0099,sample_039_0099_000021,기밀정보
user_id_hashed=sha256:9f2c7e4a9d7b6c3e2f1a4b6c8d9e0f1a2b3c4d5e6f7a8b9c0d1e2f3a4b5c6d7,039_0100,sample_039_0100_000002,개인정보
device_id_hashed=device_sha1:ab12cd34ef56ab78cd90ef12ab34cd56ef78ab90,039_0100,sample_039_0100_000003,개인정보
email_hashed=md5:5d41402abc4b2a76b9719d911017c592,039_0100,sample_039_0100_000004,개인정보
gender=F,039_0100,sample_039_0100_000005,준식별자
birth_year=1988,039_0100,sample_039_0100_000006,준식별자
city=서울특별시,039_0100,sample_039_0100_000007,준식별자
user_id_hashed,039_0100,sample_039_0100_000015,개인정보
device_id_hashed,039_0100,sample_039_0100_000016,개인정보
device_id_hashed,039_0100,sample_039_0100_000026,개인정보
payment_account=acct_****7890,039_0100,sample_039_0100_000027,기밀정보
internal_api_endpoint=https://internal-api.adcorp.local/v1/ingest,039_0100,sample_039_0100_000028,기밀정보
s3_path=s3://internal-bucket/creatives/2025/,039_0100,sample_039_0100_000028,기밀정보
server_ip=10.10.10.5,039_0100,sample_039_0100_000028,기밀정보
