{
    "document_id": "060_0033",
    "document_title": "정신건강 평가 및 치료기록 요약서",
    "data": [
        {
            "sentence": "본 문서는 정신건강 및 심리치료 서비스 제공을 위한 임상기록 전자문서입니다.",
            "id": "sample_060_0033_000001",
            "annotations": []
        },
        {
            "sentence": "문서에는 환자 기본정보, 세션 요약, 치료계획, 위험평가 및 원격의료 메타데이터가 포함됩니다.",
            "id": "sample_060_0033_000002",
            "annotations": []
        },
        {
            "sentence": "환자명은 성시야로 기록되며 본 문서에서는 최소한의 식별정보만을 보존합니다.",
            "id": "sample_060_0033_000003",
            "annotations": [
                {
                    "word": "성시야",
                    "start": 5,
                    "end": 8,
                    "label": "개인정보"
                }
            ]
        },
        {
            "sentence": "patient_id는 P-060-0033으로 할당되었고 세션 식별자는 S-20260123-01입니다.",
            "id": "sample_060_0033_000004",
            "annotations": [
                {
                    "word": "P-060-0033",
                    "start": 12,
                    "end": 22,
                    "label": "개인정보"
                },
                {
                    "word": "S-20260123-01",
                    "start": 39,
                    "end": 52,
                    "label": "개인정보"
                }
            ]
        },
        {
            "sentence": "담당 치료자는 백민창 임상심리사(therapist id T-0045)가 본 세션을 주도하였습니다.",
            "id": "sample_060_0033_000005",
            "annotations": [
                {
                    "word": "백민창",
                    "start": 8,
                    "end": 11,
                    "label": "개인정보"
                },
                {
                    "word": "T-0045",
                    "start": 31,
                    "end": 37,
                    "label": "개인정보"
                }
            ]
        },
        {
            "sentence": "생년월일은 1985년 07월 12일이며 성별은 여성으로 기록되었습니다.",
            "id": "sample_060_0033_000006",
            "annotations": [
                {
                    "word": "1985년",
                    "start": 6,
                    "end": 11,
                    "label": "준식별자"
                },
                {
                    "word": "07월",
                    "start": 12,
                    "end": 15,
                    "label": "준식별자"
                },
                {
                    "word": "12일",
                    "start": 16,
                    "end": 19,
                    "label": "준식별자"
                },
                {
                    "word": "여성",
                    "start": 26,
                    "end": 28,
                    "label": "준식별자"
                }
            ]
        },
        {
            "sentence": "거주지는 서울특별시 강남구로 표기되며 직업은 회사원(마케팅팀)입니다.",
            "id": "sample_060_0033_000007",
            "annotations": [
                {
                    "word": "서울특별시",
                    "start": 5,
                    "end": 10,
                    "label": "준식별자"
                },
                {
                    "word": "강남구",
                    "start": 11,
                    "end": 14,
                    "label": "준식별자"
                },
                {
                    "word": "회사원",
                    "start": 25,
                    "end": 28,
                    "label": "준식별자"
                }
            ]
        },
        {
            "sentence": "국적은 대한민국이며 절차상 동의서는 전자서명으로 보관되어 있습니다.",
            "id": "sample_060_0033_000008",
            "annotations": [
                {
                    "word": "대한민국",
                    "start": 4,
                    "end": 8,
                    "label": "준식별자"
                }
            ]
        },
        {
            "sentence": "세션 일시: 2026년 01월 23일, 시작 14:00, 종료 15:00, 대면·원격 여부는 원격(teletherapy)로 표기됩니다.",
            "id": "sample_060_0033_000009",
            "annotations": [
                {
                    "word": "2026년",
                    "start": 7,
                    "end": 12,
                    "label": "준식별자"
                },
                {
                    "word": "01월",
                    "start": 13,
                    "end": 16,
                    "label": "준식별자"
                },
                {
                    "word": "23일",
                    "start": 17,
                    "end": 20,
                    "label": "준식별자"
                }
            ]
        },
        {
            "sentence": "제시된 문제(presenting_problem)는 지속적 불안과 수면장애, 대인관계 갈등입니다.",
            "id": "sample_060_0033_000010",
            "annotations": []
        },
        {
            "sentence": "정신상태검사(MSE)에서는 침착하지만 불안 표정과 집중력 저하가 관찰되었습니다.",
            "id": "sample_060_0033_000011",
            "annotations": []
        },
        {
            "sentence": "진단코드는 ICD-10 F41.1(일반화된 불안장애) 및 DSM-5 기준을 근거로 기술되었습니다.",
            "id": "sample_060_0033_000012",
            "annotations": []
        },
        {
            "sentence": "치료기법으로는 CBT 중심에 DBT의 대처기술과 정신역동적 탐색을 병행하기로 하였습니다.",
            "id": "sample_060_0033_000013",
            "annotations": []
        },
        {
            "sentence": "치료계획에는 주 1회 50분 세션 12회, 목표는 불안완화와 수면패턴 개선으로 규정됩니다.",
            "id": "sample_060_0033_000014",
            "annotations": []
        },
        {
            "sentence": "위험평가 결과 자해충동은 부재하나 최근 자해사고력 관련 생각을 보고해 추적관찰이 필요합니다.",
            "id": "sample_060_0033_000015",
            "annotations": []
        },
        {
            "sentence": "자살사고 또는 즉각적 위험 징후가 발견될 경우 119 또는 지역 응급실로 이송하고 안전계획을 즉시 시행합니다.",
            "id": "sample_060_0033_000016",
            "annotations": []
        },
        {
            "sentence": "안전계획에는 비상연락처와 환경정리, 대처기술 목록 및 임상 추적 일정이 포함됩니다.",
            "id": "sample_060_0033_000017",
            "annotations": []
        },
        {
            "sentence": "비상연락처는 보호자 신석찬(관계: 배우자)로 기록되었으나 연락처 번호는 보호차원에서 분리 보관합니다.",
            "id": "sample_060_0033_000018",
            "annotations": [
                {
                    "word": "신석찬",
                    "start": 11,
                    "end": 14,
                    "label": "개인정보"
                }
            ]
        },
        {
            "sentence": "현재 복용 약물 목록에는 SSRI 계열 항우울제 1종과 수면보조제 1종이 포함되어 있습니다.",
            "id": "sample_060_0033_000019",
            "annotations": []
        },
        {
            "sentence": "처방전 고유번호는 RX-33445로 기록되었고 추후 처방 변경은 전자의무기록에 업데이트됩니다.",
            "id": "sample_060_0033_000020",
            "annotations": [
                {
                    "word": "RX-33445",
                    "start": 10,
                    "end": 18,
                    "label": "개인정보"
                }
            ]
        },
        {
            "sentence": "결과측정도구: PHQ-9 점수 14점, GAD-7 점수 13점으로 중등도 우울 및 불안 범주에 해당합니다.",
            "id": "sample_060_0033_000021",
            "annotations": []
        },
        {
            "sentence": "보험사 청구번호는 INS-778899로 기재되었으며 청구내역과 CPT 코드(90837)가 포함되었습니다.",
            "id": "sample_060_0033_000022",
            "annotations": [
                {
                    "word": "INS-778899",
                    "start": 10,
                    "end": 20,
                    "label": "개인정보"
                }
            ]
        },
        {
            "sentence": "원격세션 메타데이터로 접속 IP는 203.0.113.45였고 네트워크 지연은 평균 120ms였습니다.",
            "id": "sample_060_0033_000023",
            "annotations": [
                {
                    "word": "203.0.113.45",
                    "start": 19,
                    "end": 31,
                    "label": "기밀정보"
                }
            ]
        },
        {
            "sentence": "내부 서버 로그와 파일 경로(sftp://intranet.hospital.local/patients/060_0033)는 보안상 별도 보관 정책을 따릅니다.",
            "id": "sample_060_0033_000024",
            "annotations": [
                {
                    "word": "sftp://intranet.hospital.local/patients/060_0033",
                    "start": 16,
                    "end": 64,
                    "label": "기밀정보"
                }
            ]
        },
        {
            "sentence": "감시·감독 노트에는 슈퍼바이저 류창영의 코멘트가 포함되어 교육 및 치료 품질관리 목적으로 사용됩니다.",
            "id": "sample_060_0033_000025",
            "annotations": [
                {
                    "word": "류창영",
                    "start": 17,
                    "end": 20,
                    "label": "개인정보"
                }
            ]
        },
        {
            "sentence": "부작용으로 경미한 위장장애가 보고되었으며 임상적으로 즉각적 위해성은 관찰되지 않았습니다.",
            "id": "sample_060_0033_000026",
            "annotations": []
        },
        {
            "sentence": "퇴원요약에는 치료 경과, 향후 권고사항, 사례관리 의뢰 및 환자 동의서 보관 기간이 명시됩니다.",
            "id": "sample_060_0033_000027",
            "annotations": []
        },
        {
            "sentence": "데이터 보존은 법적 요구기간을 준수하며 환자의 삭제 요청 시 동의 기록을 검토하여 절차를 진행합니다.",
            "id": "sample_060_0033_000028",
            "annotations": []
        }
    ]
}