{
    "document_id": "060_0075",
    "document_title": "정신건강 초기평가 및 치료기록(임상노트)",
    "data": [
        {
            "sentence": "환자: 공세리(환자 ID: P-2026-0001).",
            "id": "sample_060_0075_000001",
            "annotations": [
                {
                    "word": "공세리",
                    "start": 4,
                    "end": 7,
                    "label": "개인정보"
                },
                {
                    "word": "P-2026-0001",
                    "start": 15,
                    "end": 26,
                    "label": "개인정보"
                }
            ]
        },
        {
            "sentence": "세션 ID는 S-55012로 기록되었고 담당 치료사 ID는 T-103입니다.",
            "id": "sample_060_0075_000002",
            "annotations": [
                {
                    "word": "S-55012",
                    "start": 7,
                    "end": 14,
                    "label": "개인정보"
                },
                {
                    "word": "T-103",
                    "start": 33,
                    "end": 38,
                    "label": "개인정보"
                }
            ]
        },
        {
            "sentence": "담당 치료사: 박세현 임상심리사.",
            "id": "sample_060_0075_000003",
            "annotations": [
                {
                    "word": "박세현",
                    "start": 8,
                    "end": 11,
                    "label": "개인정보"
                }
            ]
        },
        {
            "sentence": "검사일: 2026-01-15.",
            "id": "sample_060_0075_000004",
            "annotations": [
                {
                    "word": "2026-01-15",
                    "start": 5,
                    "end": 15,
                    "label": "준식별자"
                }
            ]
        },
        {
            "sentence": "생년월일: 1992-06-15, 성별: 여성.",
            "id": "sample_060_0075_000005",
            "annotations": [
                {
                    "word": "1992-06-15",
                    "start": 6,
                    "end": 16,
                    "label": "준식별자"
                },
                {
                    "word": "여성",
                    "start": 22,
                    "end": 24,
                    "label": "준식별자"
                }
            ]
        },
        {
            "sentence": "주소(거주지): 서울특별시 강남구.",
            "id": "sample_060_0075_000006",
            "annotations": [
                {
                    "word": "서울특별시",
                    "start": 9,
                    "end": 14,
                    "label": "준식별자"
                },
                {
                    "word": "강남구",
                    "start": 15,
                    "end": 18,
                    "label": "준식별자"
                }
            ]
        },
        {
            "sentence": "연락처: 010-1234-5678, 이메일: gong.example@example.com.",
            "id": "sample_060_0075_000007",
            "annotations": [
                {
                    "word": "010-1234-5678",
                    "start": 5,
                    "end": 18,
                    "label": "개인정보"
                },
                {
                    "word": "gong.example@example.com",
                    "start": 25,
                    "end": 49,
                    "label": "개인정보"
                }
            ]
        },
        {
            "sentence": "초진 접수 당시 주호소는 지속적인 불안과 수면장애로 보고됨.",
            "id": "sample_060_0075_000008",
            "annotations": []
        },
        {
            "sentence": "정신상태 검사에서 정서 저하와 집중력 저하가 관찰되었음.",
            "id": "sample_060_0075_000009",
            "annotations": []
        },
        {
            "sentence": "현재 진단(DSM-5): 주요우울장애 단기간 재발(우울 에피소드) 코드 F33.1로 임상적 판단 기록.",
            "id": "sample_060_0075_000010",
            "annotations": []
        },
        {
            "sentence": "치료법: 주 1회 인지행동치료(CBT) 및 필요시 약물치료 병행 권고.",
            "id": "sample_060_0075_000011",
            "annotations": []
        },
        {
            "sentence": "치료 계획: 초기 8주간 주간 목표 설정과 행동 활성화 기법 적용.",
            "id": "sample_060_0075_000012",
            "annotations": []
        },
        {
            "sentence": "위험 평가는 저위험으로 분류되나 자해사고 보고가 한 차례 있어 추가 모니터링 권장.",
            "id": "sample_060_0075_000013",
            "annotations": []
        },
        {
            "sentence": "자해·자살 위험 징후가 발견되면 즉시 안전계획 수립 및 응급연락(지역응급실 또는 119)을 권고합니다.",
            "id": "sample_060_0075_000014",
            "annotations": []
        },
        {
            "sentence": "안전계획 요약: 비상연락처 확보, 유해물질 접근 차단, 위기대응 기술 교육 포함.",
            "id": "sample_060_0075_000015",
            "annotations": []
        },
        {
            "sentence": "약물 리스트: Sertraline 50mg 1일 1회(변경 전 처방 없음).",
            "id": "sample_060_0075_000016",
            "annotations": []
        },
        {
            "sentence": "처방 변경 내역: 이번 방문에서는 약물 용량 변동 없음.",
            "id": "sample_060_0075_000017",
            "annotations": []
        },
        {
            "sentence": "동의서: 원격의료 동의 및 개인정보 처리 동의서 서명 기록(종이 보관).",
            "id": "sample_060_0075_000018",
            "annotations": []
        },
        {
            "sentence": "원격 세션 메타데이터: 접속 IP 203.0.113.45, 세션 지연시간 평균 160ms로 기록됨.",
            "id": "sample_060_0075_000019",
            "annotations": [
                {
                    "word": "203.0.113.45",
                    "start": 19,
                    "end": 31,
                    "label": "기밀정보"
                }
            ]
        },
        {
            "sentence": "원격 세션 메타데이터(추가): 내부 VPN 접속 서버 IP 10.8.0.1이 로그에 남음.",
            "id": "sample_060_0075_000020",
            "annotations": [
                {
                    "word": "10.8.0.1",
                    "start": 33,
                    "end": 41,
                    "label": "기밀정보"
                }
            ]
        },
        {
            "sentence": "보험 정보: 보험사 한빛보험, 보험청구번호 CLM-987654321이 접수되었음.",
            "id": "sample_060_0075_000021",
            "annotations": [
                {
                    "word": "CLM-987654321",
                    "start": 24,
                    "end": 37,
                    "label": "기밀정보"
                }
            ]
        },
        {
            "sentence": "청구 관련 CPT 코드: 90834(개인심리치료, 45분)으로 청구 예정.",
            "id": "sample_060_0075_000022",
            "annotations": []
        },
        {
            "sentence": "슈퍼비전 메모: 슈퍼바이저 류나율과 사례 리뷰 진행, 치료적 초점에 대한 피드백 기록.",
            "id": "sample_060_0075_000023",
            "annotations": [
                {
                    "word": "류나율",
                    "start": 15,
                    "end": 18,
                    "label": "개인정보"
                }
            ]
        },
        {
            "sentence": "훈련/윤리: HIPAA 및 지역 개인정보보호법 준수하였으며 데이터 보존기간 및 삭제요청 절차 안내함.",
            "id": "sample_060_0075_000024",
            "annotations": []
        },
        {
            "sentence": "데이터 보존: 진료기록은 법정 보관기간(최소 5년) 준수 후 파기 예정이며 환자 삭제 요청 시 확인 절차 진행.",
            "id": "sample_060_0075_000025",
            "annotations": []
        },
        {
            "sentence": "원격의료 및 네트워크 로그는 별도 암호화 저장소에 보관하며 접근 권한 관리를 시행함.",
            "id": "sample_060_0075_000026",
            "annotations": []
        },
        {
            "sentence": "재평가 일정: 4주 후(2026-02-12) 추적 평가 및 PHQ-9, GAD-7 측정 예정.",
            "id": "sample_060_0075_000027",
            "annotations": [
                {
                    "word": "2026-02-12",
                    "start": 13,
                    "end": 23,
                    "label": "준식별자"
                }
            ]
        },
        {
            "sentence": "퇴원 요약 및 권고: 지속 증상 시 전문의 의뢰 및 위기 시 24시간 응급서비스 이용 권고.",
            "id": "sample_060_0075_000028",
            "annotations": []
        }
    ]
}