{
    "document_id": "060_0009",
    "document_title": "원격정신건강 평가 및 치료 세션 기록",
    "data": [
        {
            "sentence": "문서 목적: 본 기록은 원격 및 대면 정신건강 평가와 치료경과를 임상적으로 문서화하기 위해 작성되었다.",
            "id": "sample_060_0009_000001",
            "annotations": []
        },
        {
            "sentence": "환자 식별: 환자명: 황문영, 환자ID: PID-0009.",
            "id": "sample_060_0009_000002",
            "annotations": [
                {
                    "word": "황문영",
                    "start": 12,
                    "end": 15,
                    "label": "개인정보"
                },
                {
                    "word": "PID-0009",
                    "start": 23,
                    "end": 31,
                    "label": "개인정보"
                }
            ]
        },
        {
            "sentence": "세션 식별 및 일자: 세션 ID: SID-20250115-001, 진료일: 2025년 01월 15일.",
            "id": "sample_060_0009_000003",
            "annotations": [
                {
                    "word": "SID-20250115-001",
                    "start": 19,
                    "end": 35,
                    "label": "개인정보"
                },
                {
                    "word": "2025",
                    "start": 23,
                    "end": 27,
                    "label": "준식별자"
                },
                {
                    "word": "2025",
                    "start": 42,
                    "end": 46,
                    "label": "준식별자"
                },
                {
                    "word": "01",
                    "start": 27,
                    "end": 29,
                    "label": "준식별자"
                },
                {
                    "word": "01",
                    "start": 33,
                    "end": 35,
                    "label": "준식별자"
                },
                {
                    "word": "01",
                    "start": 48,
                    "end": 50,
                    "label": "준식별자"
                },
                {
                    "word": "15",
                    "start": 29,
                    "end": 31,
                    "label": "준식별자"
                },
                {
                    "word": "15",
                    "start": 52,
                    "end": 54,
                    "label": "준식별자"
                }
            ]
        },
        {
            "sentence": "담당자 정보: 담당 임상가명: 심수리, 담당자 ID: PRAC-045; 면허 및 자격 정보는 기관 내부 기록으로 보관한다.",
            "id": "sample_060_0009_000004",
            "annotations": [
                {
                    "word": "심수리",
                    "start": 17,
                    "end": 20,
                    "label": "개인정보"
                },
                {
                    "word": "PRAC-045",
                    "start": 30,
                    "end": 38,
                    "label": "개인정보"
                }
            ]
        },
        {
            "sentence": "연락처: 환자 휴대전화 010-1234-5678, 이메일 h.wm@example.com은 응급연락 및 예약용으로 등록되어 있다.",
            "id": "sample_060_0009_000005",
            "annotations": [
                {
                    "word": "010-1234-5678",
                    "start": 13,
                    "end": 26,
                    "label": "개인정보"
                },
                {
                    "word": "h.wm@example.com",
                    "start": 32,
                    "end": 48,
                    "label": "개인정보"
                }
            ]
        },
        {
            "sentence": "개인력학: 출생연도: 1985 년, 출생월: 07 월, 출생일: 15 일, 성별: 남성, 직업: 회계사로 기록됨.",
            "id": "sample_060_0009_000006",
            "annotations": [
                {
                    "word": "1985",
                    "start": 12,
                    "end": 16,
                    "label": "준식별자"
                },
                {
                    "word": "07",
                    "start": 25,
                    "end": 27,
                    "label": "준식별자"
                },
                {
                    "word": "15",
                    "start": 36,
                    "end": 38,
                    "label": "준식별자"
                },
                {
                    "word": "남성",
                    "start": 46,
                    "end": 48,
                    "label": "준식별자"
                },
                {
                    "word": "회계사",
                    "start": 54,
                    "end": 57,
                    "label": "준식별자"
                }
            ]
        },
        {
            "sentence": "주소(등록지): 서울특별시, 강남구, 역삼동으로 기재되어 있으며 개인정보보호 규정에 따라 취급된다.",
            "id": "sample_060_0009_000007",
            "annotations": [
                {
                    "word": "서울특별시",
                    "start": 9,
                    "end": 14,
                    "label": "준식별자"
                },
                {
                    "word": "강남구",
                    "start": 16,
                    "end": 19,
                    "label": "준식별자"
                },
                {
                    "word": "역삼동",
                    "start": 21,
                    "end": 24,
                    "label": "준식별자"
                }
            ]
        },
        {
            "sentence": "접견 유형: 본 세션은 원격(teletherapy) 세션으로 진행되었음을 명시한다.",
            "id": "sample_060_0009_000008",
            "annotations": []
        },
        {
            "sentence": "원격의료 메타데이터: 클라이언트 IP 203.0.113.45, 서버 호스트 vpn.hospital.local, 사용자계정 tele_therapist로 접속 로그가 기록되었다.",
            "id": "sample_060_0009_000009",
            "annotations": [
                {
                    "word": "203.0.113.45",
                    "start": 21,
                    "end": 33,
                    "label": "기밀정보"
                },
                {
                    "word": "vpn.hospital.local",
                    "start": 42,
                    "end": 60,
                    "label": "기밀정보"
                },
                {
                    "word": "tele_therapist",
                    "start": 68,
                    "end": 82,
                    "label": "기밀정보"
                }
            ]
        },
        {
            "sentence": "세션 시간: 세션 시작 시간은 14:30, 세션 종료 시간은 15:20으로 총 소요 시간은 50분이었다.",
            "id": "sample_060_0009_000010",
            "annotations": []
        },
        {
            "sentence": "주호소: 환자는 최근 3개월간 불안과 수면장애가 악화되었고 업무 스트레스로 인한 감정기복을 주요 호소로 보고했다.",
            "id": "sample_060_0009_000011",
            "annotations": []
        },
        {
            "sentence": "정신상태검사: 의식은 명료하였고 지남력은 보전되었으며 기분은 우울감을 호소하였고 정동은 과민한 양상을 보였다.",
            "id": "sample_060_0009_000012",
            "annotations": []
        },
        {
            "sentence": "임상적 진단: 임상의견에 따라 DSM-5 기준으로 주요우울장애 중등도로 임상 진단(F32.1)을 기록하였다.",
            "id": "sample_060_0009_000013",
            "annotations": []
        },
        {
            "sentence": "위험 관련 소견: 초기 평가에서 환자는 자살의도는 부인했으나 간헐적 자해사고에 대한 언급이 있어 지속적 관찰이 필요하다.",
            "id": "sample_060_0009_000014",
            "annotations": []
        },
        {
            "sentence": "안전계획: 위기 시 즉시 응급실 또는 지역 정신건강 위기팀 연락, 비상연락처 등록, 주치의와의 긴급연락 절차를 수립하였다.",
            "id": "sample_060_0009_000015",
            "annotations": []
        },
        {
            "sentence": "위험평가 요약: 현재 자해 위험은 중간 수준으로 평가되며 상태 악화 시 24시간 내 재평가 및 외래 전환을 권고한다.",
            "id": "sample_060_0009_000016",
            "annotations": []
        },
        {
            "sentence": "약물 치료 현황: 환자는 현재 SSRI 계열인 서트랄린 50mg을 복용 중이며 복약순응도는 양호하다고 보고되었다.",
            "id": "sample_060_0009_000017",
            "annotations": []
        },
        {
            "sentence": "처방 변경 사항: 본 세션에서는 약물 증량 또는 변경을 시행하지 않기로 결정하였으며 경과 관찰을 권고하였다.",
            "id": "sample_060_0009_000018",
            "annotations": []
        },
        {
            "sentence": "치료기법: 인지행동치료(CBT)와 부분적 대인관계치료(Interpersonal Therapy)를 병행하여 적용할 계획이다.",
            "id": "sample_060_0009_000019",
            "annotations": []
        },
        {
            "sentence": "치료계획: 주 1회 세션을 기본으로 총 12주 치료과정을 제안하였고 주요 목표는 수면 개선과 불안 감소로 설정하였다.",
            "id": "sample_060_0009_000020",
            "annotations": []
        },
        {
            "sentence": "평가척도 결과: PHQ-9 점수 14점(중등도 우울), GAD-7 점수 12점(중등도 불안)으로 측정되어 치료적 개입이 권고된다.",
            "id": "sample_060_0009_000021",
            "annotations": []
        },
        {
            "sentence": "의뢰 및 협진: 필요 시 정신과 전문의와의 협진, 수면클리닉 의뢰를 고려하며 약물관리 협조를 요청할 계획이다.",
            "id": "sample_060_0009_000022",
            "annotations": []
        },
        {
            "sentence": "청구 및 보험: 청구코드 CPT 90834, 보험청구번호: CLM-2025-7890, 보험사 코드: KHN-2024-5500로 내부 청구 처리되었다.",
            "id": "sample_060_0009_000023",
            "annotations": [
                {
                    "word": "CLM-2025-7890",
                    "start": 33,
                    "end": 46,
                    "label": "기밀정보"
                },
                {
                    "word": "KHN-2024-5500",
                    "start": 56,
                    "end": 69,
                    "label": "기밀정보"
                }
            ]
        },
        {
            "sentence": "재정 정보: 보험 처리 및 환불을 위한 계좌번호: 110-123-456789이 기관 기록에 등록되어 있으나 접근은 제한된다.",
            "id": "sample_060_0009_000024",
            "annotations": [
                {
                    "word": "110-123-456789",
                    "start": 28,
                    "end": 42,
                    "label": "기밀정보"
                }
            ]
        },
        {
            "sentence": "부작용 및 이상반응: 현재 보고된 심각한 부작용은 없으며 경미한 위장부작용만 간헐적으로 보고되었다.",
            "id": "sample_060_0009_000025",
            "annotations": []
        },
        {
            "sentence": "슈퍼비전 기록: 본 사례는 전상율 슈퍼바이저와 공동 검토되었으며 치료방향에 대한 피드백을 반영한다.",
            "id": "sample_060_0009_000026",
            "annotations": [
                {
                    "word": "전상율",
                    "start": 15,
                    "end": 18,
                    "label": "개인정보"
                }
            ]
        },
        {
            "sentence": "데이터 보존 및 삭제: 기록은 기관의 개인정보보호정책과 법정 보관기간을 준수하여 보존하고, 환자 삭제 요청 시 절차에 따라 처리한다.",
            "id": "sample_060_0009_000027",
            "annotations": []
        },
        {
            "sentence": "동의 및 연구 사용: 환자는 원격의료 및 개인정보 처리 동의서에 서명하였고 연구 목적 활용 시 별도 동의 및 IRB 승인 절차가 필요하다.",
            "id": "sample_060_0009_000028",
            "annotations": []
        },
        {
            "sentence": "퇴원 및 추적계획: 12주 치료 이후 증상 호전 시 단계적 감축 및 유지관리 계획을 수립하고 추적평가 일정을 배정할 예정이다.",
            "id": "sample_060_0009_000029",
            "annotations": []
        }
    ]
}