{
    "document_id": "060_0010",
    "document_title": "정신건강 초기평가 및 치료계획서",
    "data": [
        {
            "sentence": "본 문서는 정신건강 평가와 치료계획을 기록하기 위한 임상 문서입니다.",
            "id": "sample_060_0010_000001",
            "annotations": []
        },
        {
            "sentence": "환자 성주호(본인 확인용 익명화 ID: PID-2025-0456)님이 초진을 위해 내원하였습니다.",
            "id": "sample_060_0010_000002",
            "annotations": [
                {
                    "word": "성주호",
                    "start": 3,
                    "end": 6,
                    "label": "개인정보"
                },
                {
                    "word": "PID-2025-0456",
                    "start": 22,
                    "end": 35,
                    "label": "개인정보"
                }
            ]
        },
        {
            "sentence": "이번 세션은 식별자 SESS-2025-1008로 기록되었으며 방문일은 2025년 01월 15일, 시작 09:30, 종료 10:30입니다.",
            "id": "sample_060_0010_000003",
            "annotations": [
                {
                    "word": "SESS-2025-1008",
                    "start": 11,
                    "end": 25,
                    "label": "개인정보"
                },
                {
                    "word": "2025",
                    "start": 16,
                    "end": 20,
                    "label": "준식별자"
                },
                {
                    "word": "2025",
                    "start": 39,
                    "end": 43,
                    "label": "준식별자"
                },
                {
                    "word": "01",
                    "start": 45,
                    "end": 47,
                    "label": "준식별자"
                },
                {
                    "word": "15",
                    "start": 49,
                    "end": 51,
                    "label": "준식별자"
                }
            ]
        },
        {
            "sentence": "담당 임상심리사 오태하, practitioner_id PRAC-0789가 평가와 초진을 진행하였고 연락용 이메일은 otaha@clinic.kr로 등록되어 있습니다.",
            "id": "sample_060_0010_000004",
            "annotations": [
                {
                    "word": "오태하",
                    "start": 9,
                    "end": 12,
                    "label": "개인정보"
                },
                {
                    "word": "PRAC-0789",
                    "start": 30,
                    "end": 39,
                    "label": "개인정보"
                },
                {
                    "word": "otaha@clinic.kr",
                    "start": 64,
                    "end": 79,
                    "label": "개인정보"
                }
            ]
        },
        {
            "sentence": "기본정보로 생년월일은 1988년 06월 23일이며 성별은 남성, 보고된 연령은 만 36세입니다.",
            "id": "sample_060_0010_000005",
            "annotations": [
                {
                    "word": "1988",
                    "start": 12,
                    "end": 16,
                    "label": "준식별자"
                },
                {
                    "word": "06",
                    "start": 18,
                    "end": 20,
                    "label": "준식별자"
                },
                {
                    "word": "23",
                    "start": 22,
                    "end": 24,
                    "label": "준식별자"
                },
                {
                    "word": "남성",
                    "start": 32,
                    "end": 34,
                    "label": "준식별자"
                }
            ]
        },
        {
            "sentence": "거주지는 서울특별시 강남구이며 직업은 IT 엔지니어로 보고되었습니다.",
            "id": "sample_060_0010_000006",
            "annotations": [
                {
                    "word": "서울특별시",
                    "start": 5,
                    "end": 10,
                    "label": "준식별자"
                },
                {
                    "word": "강남구",
                    "start": 11,
                    "end": 14,
                    "label": "준식별자"
                },
                {
                    "word": "IT 엔지니어",
                    "start": 21,
                    "end": 28,
                    "label": "준식별자"
                }
            ]
        },
        {
            "sentence": "주호님은 최근 6개월간 지속된 우울 기분과 수면장애를 주된 호소로 제시하였습니다.",
            "id": "sample_060_0010_000007",
            "annotations": []
        },
        {
            "sentence": "정신상태검사에서는 지남력 양호, 사고흐름 일관성 유지, 정서 저하 및 흥미·의욕 감소 소견이 관찰되었습니다.",
            "id": "sample_060_0010_000008",
            "annotations": []
        },
        {
            "sentence": "임상진단은 임상적 소견과 표준화 평가를 종합하여 현재 ICD-10 코드 F32.1(중등도의 단일 우울삽화) 임상적으로 기재합니다.",
            "id": "sample_060_0010_000009",
            "annotations": []
        },
        {
            "sentence": "치료적 중재로는 인지행동치료(CBT)를 주 모달리티로 설정하였고 필요시 정신약물치료와 병행 권고합니다.",
            "id": "sample_060_0010_000010",
            "annotations": []
        },
        {
            "sentence": "구체적 치료계획은 주 1회 대면 또는 원격 세션을 12주간 시행하며 목표는 기분 안정화와 수면 개선입니다.",
            "id": "sample_060_0010_000011",
            "annotations": []
        },
        {
            "sentence": "위험 평가에서 자해 또는 타해 의도는 현재 보고되지 않았으나 간헐적 자살사고사려가 존재하여 추가 모니터링이 필요합니다.",
            "id": "sample_060_0010_000012",
            "annotations": []
        },
        {
            "sentence": "즉시 안전조치로 자해·자살 위험 표지가 있을 경우 안전계획 수립, 가족 또는 비상연락망 연결, 위기상담 서비스 안내를 우선 시행할 것을 문서화합니다.",
            "id": "sample_060_0010_000013",
            "annotations": []
        },
        {
            "sentence": "안전계획에는 자극요인 식별, 대처기술 목록, 긴급연락처 및 응급의료 이용 안내가 포함되어 있습니다.",
            "id": "sample_060_0010_000014",
            "annotations": []
        },
        {
            "sentence": "현재 복용 중인 약물은 sertraline 50mg 하루 1회이며 치료 중 증상 변화에 따라 증량을 고려할 예정입니다.",
            "id": "sample_060_0010_000015",
            "annotations": []
        },
        {
            "sentence": "환자 동의서는 전자파일로 보관되며 원본 파일 경로는 /srv/ehr/records/060_0010/consent.pdf로 등록되어 있습니다.",
            "id": "sample_060_0010_000016",
            "annotations": [
                {
                    "word": "/srv/ehr/records/060_0010/consent.pdf",
                    "start": 29,
                    "end": 66,
                    "label": "기밀정보"
                }
            ]
        },
        {
            "sentence": "평가 결과 PHQ-9 점수는 14점, GAD-7 점수는 8점으로 중등도 우울 및 경도의 불안 소견이 확인됩니다.",
            "id": "sample_060_0010_000017",
            "annotations": []
        },
        {
            "sentence": "보험 관련 청구에는 보험번호 INS-889900이 사용되었고 청구코드로는 CPT 90834(개별심리치료)가 기재되었습니다.",
            "id": "sample_060_0010_000018",
            "annotations": [
                {
                    "word": "INS-889900",
                    "start": 16,
                    "end": 26,
                    "label": "개인정보"
                }
            ]
        },
        {
            "sentence": "필요시 정신과 약물치료 연계가 권고되어 외래 의뢰를 진행하였으며 의뢰 담당은 공재석 전문의입니다.",
            "id": "sample_060_0010_000019",
            "annotations": [
                {
                    "word": "공재석",
                    "start": 43,
                    "end": 46,
                    "label": "개인정보"
                }
            ]
        },
        {
            "sentence": "임상 슈퍼비전 메모는 감독자 서한솔에 의해 검토되었고 교육적 지도가 포함되어 있습니다.",
            "id": "sample_060_0010_000020",
            "annotations": [
                {
                    "word": "서한솔",
                    "start": 16,
                    "end": 19,
                    "label": "개인정보"
                }
            ]
        },
        {
            "sentence": "원격의료 세션 메타데이터에는 접속 IP 203.0.113.45 및 평균 레이턴시 120ms가 기록되어 있으며 해당 로그는 별도 보안정책으로 관리됩니다.",
            "id": "sample_060_0010_000021",
            "annotations": [
                {
                    "word": "203.0.113.45",
                    "start": 22,
                    "end": 34,
                    "label": "기밀정보"
                }
            ]
        },
        {
            "sentence": "시스템 보안상 내부 EHR 서버 IP는 10.10.0.5로 운영되며 접근 통제 및 로그감사가 시행됩니다.",
            "id": "sample_060_0010_000022",
            "annotations": [
                {
                    "word": "10.10.0.5",
                    "start": 22,
                    "end": 31,
                    "label": "기밀정보"
                }
            ]
        },
        {
            "sentence": "현재 보고된 치료 중 발생한 중대한 이상사건은 없으며 경미한 약물 부작용 모니터링만 진행되었습니다.",
            "id": "sample_060_0010_000023",
            "annotations": []
        },
        {
            "sentence": "중도퇴원 또는 퇴원 시 요약서는 전자기록에 보관하며 예정 재평가일은 2025년 02월 20일로 설정되어 있습니다.",
            "id": "sample_060_0010_000024",
            "annotations": [
                {
                    "word": "2025",
                    "start": 38,
                    "end": 42,
                    "label": "준식별자"
                },
                {
                    "word": "02",
                    "start": 39,
                    "end": 41,
                    "label": "준식별자"
                },
                {
                    "word": "02",
                    "start": 44,
                    "end": 46,
                    "label": "준식별자"
                },
                {
                    "word": "20",
                    "start": 38,
                    "end": 40,
                    "label": "준식별자"
                },
                {
                    "word": "20",
                    "start": 48,
                    "end": 50,
                    "label": "준식별자"
                }
            ]
        },
        {
            "sentence": "데이터 보존 정책에 따라 법적 보관기간을 준수하며 환자 요청 시 기록의 수정·삭제 절차를 안내합니다.",
            "id": "sample_060_0010_000025",
            "annotations": []
        },
        {
            "sentence": "문화적 민감성을 고려하여 치료 중 사용하는 용어는 환자 이해 수준에 맞추어 설명하였고 낙인 유발 표현을 지양하였습니다.",
            "id": "sample_060_0010_000026",
            "annotations": []
        },
        {
            "sentence": "연구 목적의 데이터 활용은 별도 동의서와 기관생명윤리위원회(IRB) 승인을 전제로 하며 동의 기록은 분리 보관합니다.",
            "id": "sample_060_0010_000027",
            "annotations": []
        },
        {
            "sentence": "백업 및 암호화된 저장 위치는 /data/backup/encrypted.bak이며 접근 권한은 최소화되어 있습니다.",
            "id": "sample_060_0010_000028",
            "annotations": [
                {
                    "word": "/data/backup/encrypted.bak",
                    "start": 17,
                    "end": 43,
                    "label": "기밀정보"
                }
            ]
        },
        {
            "sentence": "기록 접근 및 변경 이력은 감사 로그로 관리되며 내부 절차상 사번으로 식별되는 접근 기록을 추적할 수 있습니다.",
            "id": "sample_060_0010_000029",
            "annotations": []
        },
        {
            "sentence": "임상적 결론과 권고는 자동 생성 보조자료를 근거로 하나 최종 진단과 치료결정은 담당 임상의의 판단을 우선하도록 명시합니다.",
            "id": "sample_060_0010_000030",
            "annotations": []
        }
    ]
}