{
    "document_id": "060_0047",
    "document_title": "정신건강 임상상담 기록 - 초기 평가 및 치료계획",
    "data": [
        {
            "sentence": "본 문서는 정신건강 및 심리치료 서비스 제공 과정에서 작성된 임상기록으로서 평가·치료·추적 정보를 포함합니다.",
            "id": "sample_060_0047_000001",
            "annotations": []
        },
        {
            "sentence": "문서의 목적은 초기 평가 결과, 치료계획, 위험평가, 원격세션 로그 및 후속 조치 권고를 임상적으로 기록하고 보관하는 것입니다.",
            "id": "sample_060_0047_000002",
            "annotations": []
        },
        {
            "sentence": "모든 개인정보는 익명화·가명화 원칙에 따라 처리되며 법적·윤리적 요구사항(HIPAA, GDPR 및 국내법)을 준수하여 저장·공유됩니다.",
            "id": "sample_060_0047_000003",
            "annotations": []
        },
        {
            "sentence": "환자 식별정보(가명): 환자명(가명) 고로운, 환자ID: PAT-0047로 임시 기재하였고 재식별 가능성 최소화를 위해 가명화를 적용했습니다.",
            "id": "sample_060_0047_000004",
            "annotations": [
                {
                    "word": "고로운",
                    "start": 21,
                    "end": 24,
                    "label": "개인정보"
                },
                {
                    "word": "PAT-0047",
                    "start": 32,
                    "end": 40,
                    "label": "개인정보"
                }
            ]
        },
        {
            "sentence": "생년월일(가명 표기): 1990-05-12, 거주지(축약): 서울특별시 강남구 역삼동(가명)으로 임상기록에 기술했습니다.",
            "id": "sample_060_0047_000005",
            "annotations": [
                {
                    "word": "1990-05-12",
                    "start": 13,
                    "end": 23,
                    "label": "준식별자"
                },
                {
                    "word": "서울특별시",
                    "start": 34,
                    "end": 39,
                    "label": "준식별자"
                },
                {
                    "word": "강남구",
                    "start": 40,
                    "end": 43,
                    "label": "준식별자"
                },
                {
                    "word": "역삼동",
                    "start": 44,
                    "end": 47,
                    "label": "준식별자"
                }
            ]
        },
        {
            "sentence": "세션 메타데이터: session_id S-20240115-0001, 세션일자 2024-01-15, 시작 14:30, 종료 15:20로 기록되었습니다.",
            "id": "sample_060_0047_000006",
            "annotations": [
                {
                    "word": "S-20240115-0001",
                    "start": 21,
                    "end": 36,
                    "label": "개인정보"
                },
                {
                    "word": "2024-01-15",
                    "start": 43,
                    "end": 53,
                    "label": "준식별자"
                }
            ]
        },
        {
            "sentence": "담당 치료사: 유선빈(면허 임상심리사), practitioner_id: PRAC-1024가 이 환자의 진료를 담당하였습니다.",
            "id": "sample_060_0047_000007",
            "annotations": [
                {
                    "word": "유선빈",
                    "start": 8,
                    "end": 11,
                    "label": "개인정보"
                },
                {
                    "word": "PRAC-1024",
                    "start": 40,
                    "end": 49,
                    "label": "개인정보"
                }
            ]
        },
        {
            "sentence": "이번 기록의 encounter_type은 원격(teletherapy)로 분류되며 원격치료 관련 보안·동의 절차가 적용되었습니다.",
            "id": "sample_060_0047_000008",
            "annotations": []
        },
        {
            "sentence": "원격세션 메타데이터: 클라이언트 IP 203.0.113.45, VPN 호스트 vpn.healthnet.local, 평균 지연 85ms가 로그에 남았습니다.",
            "id": "sample_060_0047_000009",
            "annotations": [
                {
                    "word": "203.0.113.45",
                    "start": 21,
                    "end": 33,
                    "label": "기밀정보"
                },
                {
                    "word": "vpn.healthnet.local",
                    "start": 43,
                    "end": 62,
                    "label": "기밀정보"
                }
            ]
        },
        {
            "sentence": "내원 이유(주증상): 최근 3개월간 우울 기분, 흥미저하, 수면장애 및 피로감을 호소하였으며 일상기능 저하가 관찰되었습니다.",
            "id": "sample_060_0047_000010",
            "annotations": []
        },
        {
            "sentence": "병력 및 사회력: 가족력상 우울증 병력 부재로 보고되었고 직장 스트레스 및 수면 불규칙성이 현재 증상과 연관되어 보입니다.",
            "id": "sample_060_0047_000011",
            "annotations": []
        },
        {
            "sentence": "정신상태검사(MSE): 외모·행동은 비교적 단정하였고, 감정은 저조, 사고 속도 및 내용은 현실검증 유지, 자살사고는 현재 명확한 자백 없음으로 기록됨.",
            "id": "sample_060_0047_000012",
            "annotations": []
        },
        {
            "sentence": "위험평가: 자해·자살 위험도는 중간으로 평가되었으며 즉각적 위협이 존재할 경우 안전계획을 실행하도록 기술하였습니다.",
            "id": "sample_060_0047_000013",
            "annotations": []
        },
        {
            "sentence": "즉각적 안전조치 지침: 자해 또는 자살 위험 징후 발견 시 비상연락(지역응급서비스), 안전계획 수립, 보호자 연락 및 24시간 위기상담 서비스 연결을 우선 권고합니다.",
            "id": "sample_060_0047_000014",
            "annotations": []
        },
        {
            "sentence": "진단(초기): ICD-10 기준 F32.1 중등도 우울 에피소드로 임상적 평가되었으며 추적 관찰을 권장합니다.",
            "id": "sample_060_0047_000015",
            "annotations": []
        },
        {
            "sentence": "임상 노트: 본 세션에서는 CBT 기법 중 인지적 재구성 및 행동 활성화 기법을 적용하였고 환자의 반응은 협력적이었습니다.",
            "id": "sample_060_0047_000016",
            "annotations": []
        },
        {
            "sentence": "치료 모달리티 및 계획: 주1회 50분 대면 또는 원격 CBT 12회기를 우선 권고하였고 필요 시 약물치료 의뢰를 병행합니다.",
            "id": "sample_060_0047_000017",
            "annotations": []
        },
        {
            "sentence": "약물 목록: 현재 항우울제 sertraline 50mg 시작 권고되었고 복용시 부작용 모니터링을 2주 간격으로 계획하였습니다.",
            "id": "sample_060_0047_000018",
            "annotations": []
        },
        {
            "sentence": "처방 변경: 초기 용량은 50mg이며 증상 호전이 없을 경우 임상의 판단 하에 증량을 고려하되 부작용 평가를 병행합니다.",
            "id": "sample_060_0047_000019",
            "annotations": []
        },
        {
            "sentence": "평가척도: 초기 PHQ-9 점수 14점(중등도), GAD-7 점수 10점으로 기록되었고 추적 시 동일 척도를 사용해 경과를 평가합니다.",
            "id": "sample_060_0047_000020",
            "annotations": []
        },
        {
            "sentence": "의뢰 및 연계: 약물 관리가 필요한 경우 정신과 전문의 의뢰를 권고하였고 지역사회 자원으로 연계 예정입니다.",
            "id": "sample_060_0047_000021",
            "annotations": []
        },
        {
            "sentence": "청구 및 보험정보: 보험청구 ID INS-2023-7789, 청구코드 CPT 90834가 제출되었으며 청구내역은 별도 보관됩니다.",
            "id": "sample_060_0047_000022",
            "annotations": [
                {
                    "word": "INS-2023-7789",
                    "start": 19,
                    "end": 32,
                    "label": "개인정보"
                }
            ]
        },
        {
            "sentence": "동의서: 원격진료 및 데이터 처리에 대한 서면 동의가 환자로부터 획득되었고 동의서는 전자문서로 안전하게 저장됩니다.",
            "id": "sample_060_0047_000023",
            "annotations": []
        },
        {
            "sentence": "슈퍼비전 노트: 사례 슈퍼비전에서 이여울 임상심리사가 케이스에 대한 관리적 피드백을 제공하였으며 교육적 코멘트가 기록되어 있습니다.",
            "id": "sample_060_0047_000024",
            "annotations": [
                {
                    "word": "이여울",
                    "start": 19,
                    "end": 22,
                    "label": "개인정보"
                }
            ]
        },
        {
            "sentence": "부작용 및 이상반응: 현재까지 약물 관련 심각한 이상반응 보고는 없었고 경미한 위장불편감이 관찰되었습니다.",
            "id": "sample_060_0047_000025",
            "annotations": []
        },
        {
            "sentence": "퇴원 및 추적요약: 초기 치료목표는 기능 회복과 자살위험 감소이며 12주 후 재평가를 통해 치료계획을 조정할 예정입니다.",
            "id": "sample_060_0047_000026",
            "annotations": []
        },
        {
            "sentence": "데이터 보존 및 삭제정책: 법정 보관기간은 7년이며 환자 요청 시 법적 절차에 따라 기록의 열람·정정·삭제 절차를 제공합니다.",
            "id": "sample_060_0047_000027",
            "annotations": []
        },
        {
            "sentence": "보안조치: 모든 임상데이터는 암호화 저장되며 접근권한은 최소화되어 있고 접근 로그 및 감사기록이 유지됩니다.",
            "id": "sample_060_0047_000028",
            "annotations": []
        },
        {
            "sentence": "문화적·언어적 민감성: 평가와 치료 권고는 환자의 문화적 배경을 고려하여 낙인을 유발하지 않는 표현으로 기록하였습니다.",
            "id": "sample_060_0047_000029",
            "annotations": []
        },
        {
            "sentence": "임상권고 및 추적: 자동화된 분석은 보조적 소견일 뿐이며 최종 진단과 치료결정은 담당 임상의의 판단을 우선시해야 합니다.",
            "id": "sample_060_0047_000030",
            "annotations": []
        }
    ]
}