{
    "document_id": "028_0019",
    "document_title": "아몬드크리스프바 품질 및 배치 추적 관리 보고서",
    "data": [
        {
            "sentence": "이 보고서는 아몬드크리스프바(제품ID: FNB-ACB-001)의 제조·포장·유통 전 과정의 품질관리와 배치 추적성을 문서화하기 위해 작성되었습니다.",
            "id": "sample_028_0019_000001",
            "annotations": []
        },
        {
            "sentence": "제품명(한국어): 아몬드크리스프바, 제품명(영어): Almond Crisp Bar, 카테고리: 스낵·건강간식으로 분류됩니다.",
            "id": "sample_028_0019_000002",
            "annotations": []
        },
        {
            "sentence": "브랜드: GreenFood, SKU: GFD-ACB-100, 바코드: 8801234567890, 포장형태: 개별포장(필름) + 12개입 상자 포장입니다.",
            "id": "sample_028_0019_000003",
            "annotations": []
        },
        {
            "sentence": "배치번호(batch_number): B20251234, 제조일(manufacturing_date): 2025-12-15, 유통기한(expiration_date): 2026-06-15로 계산되었습니다.",
            "id": "sample_028_0019_000004",
            "annotations": []
        },
        {
            "sentence": "순중량(net_weight): 40 g(개별바 기준), 단위(unit): g, 총중량(12개입 박스): 480 g로 표기합니다.",
            "id": "sample_028_0019_000005",
            "annotations": []
        },
        {
            "sentence": "원산지(country_of_origin): 대한민국, 원재료 목록(ingredients_list): 아몬드, 설탕, 전분, 유청분말, 식물성유지, 천연향 등으로 명시했습니다.",
            "id": "sample_028_0019_000006",
            "annotations": []
        },
        {
            "sentence": "알레르기 표기(allergens)는 표준 키로 표기하며 해당 제품은 tree_nuts, milk, soy를 포함하므로 별도 필드에 '알레르기 유발물질: tree_nuts, milk, soy'로 기재했습니다.",
            "id": "sample_028_0019_000007",
            "annotations": []
        },
        {
            "sentence": "영양성분표(nutrition_facts, per 100 g 기준): 열량 190 kcal, 탄수화물 20 g, 단백질 5 g, 지방 10 g, 당류 8 g, 식이섬유 3 g, 나트륨 120 mg으로 기재했습니다.",
            "id": "sample_028_0019_000008",
            "annotations": []
        },
        {
            "sentence": "열량 계산 근거: kcal = 4*(탄수화물 20 g + 단백질 5 g) + 9*(지방 10 g) = 4*25 + 90 = 190 kcal로 산술적 일관성을 확인했습니다.",
            "id": "sample_028_0019_000009",
            "annotations": []
        },
        {
            "sentence": "저장조건(storage_conditions): 1~25 °C 건냉한 곳 보관, 직사광선 및 고온다습 회피를 권장하며 실제 포장 라벨에도 동일 문구를 적용했습니다.",
            "id": "sample_028_0019_000010",
            "annotations": []
        },
        {
            "sentence": "온도 이력(temperature_logs)은 ISO 8601 타임스탬프로 저장하며 예시: 2025-12-15T08:00:00+09:00 24.5°C, 2025-12-15T12:00:00+09:00 25.1°C, 2025-12-15T16:00:00+09:00 결측치(MISSING)로 표기합니다.",
            "id": "sample_028_0019_000011",
            "annotations": []
        },
        {
            "sentence": "공급업체(supplier_id): SUP-1007, 공급업체명(supplier_name): 주식회사 그린푸드, 원재료 로트(raw_material_lot): ALM-L20251101와 생산 배치가 연결되어 추적 가능합니다.",
            "id": "sample_028_0019_000012",
            "annotations": []
        },
        {
            "sentence": "생산시설(production_facility_id): FAC-03 (경기도 소재 GMP 인증 시설), 생산 로트 추적(production_lot_trace)은 원재료 로트→중간공정→최종포장 로트 순으로 매핑되어 있습니다.",
            "id": "sample_028_0019_000013",
            "annotations": []
        },
        {
            "sentence": "품질시험 결과(quality_tests): 미생물 검사 총균수 500 CFU/g 미만 합격, 대장균 음성, 잔류농약 기준치 미만으로 판정되었습니다.",
            "id": "sample_028_0019_000014",
            "annotations": []
        },
        {
            "sentence": "인증(certifications): HACCP 인증서 보유, ISO 22000 내부 심사 기록이 존재하며 HACCP 준수 여부(haccp_compliant): true로 명시했습니다.",
            "id": "sample_028_0019_000015",
            "annotations": []
        },
        {
            "sentence": "포장 라벨(label_texts)은 한국 MFDS 규정에 따라 영양표시, 알레르기 유발물질 표기, 원재료 및 원산지 표기를 포함하도록 설계되었습니다.",
            "id": "sample_028_0019_000016",
            "annotations": []
        },
        {
            "sentence": "레시피·공정(recipe_steps)은 영업비밀 보호 정책에 따라 핵심 배합비와 공정 임계값은 마스킹 처리하고 접근 권한 메타데이터를 함께 저장합니다.",
            "id": "sample_028_0019_000017",
            "annotations": []
        },
        {
            "sentence": "예시 레시피 단계: 1) 아몬드 전처리, 2) 시럽 조제, 3) 혼합 및 성형, 4) 냉각 및 포장으로 절차를 기술하였으며 민감 필드는 [MASKED]로 표기합니다.",
            "id": "sample_028_0019_000018",
            "annotations": []
        },
        {
            "sentence": "공정 파라미터(process_parameters): 혼합 온도 60 °C ±2 °C, 혼합 시간 5분 ±30초, 성형 압력 2.5 MPa 등 제어 한계와 측정 단위를 명시했습니다.",
            "id": "sample_028_0019_000019",
            "annotations": []
        },
        {
            "sentence": "QA 검사 보고서(qa_inspection_reports)는 사진, 검사일시, 검사자 서명과 불합격 발생 시 즉시 리콜 후보 로트를 식별할 수 있는 구조로 작성됩니다.",
            "id": "sample_028_0019_000020",
            "annotations": []
        },
        {
            "sentence": "유통기한 산출(shelf_life_estimate)은 가속열화 시험과 보관조건을 결합해 동적 계산을 수행했으며 본 배치는 제조일로부터 6개월로 추정됩니다.",
            "id": "sample_028_0019_000021",
            "annotations": []
        },
        {
            "sentence": "안전 경고(safety_warnings): 견과류 함유로 알레르기 반응 우려 문구를 눈에 띄게 표기하였고 의학적·치료적 효능 표시는 포함하지 않았습니다.",
            "id": "sample_028_0019_000022",
            "annotations": []
        },
        {
            "sentence": "규제 문서(regulatory_documents)는 한국 MFDS 제출용 라벨 사양서와 EU FSA 수출 검토서류를 포함하며 각국 규정 준수 여부를 교차점검했습니다.",
            "id": "sample_028_0019_000023",
            "annotations": []
        },
        {
            "sentence": "POS 판매 데이터(pos_sales_data)는 지역별 SKU 판매량과 프로모션 영향치를 집계하며 익명화된 거래 단위로 저장하여 개인정보 노출을 방지합니다.",
            "id": "sample_028_0019_000024",
            "annotations": []
        },
        {
            "sentence": "리콜 이력(recall_history): 2024-03-10에 특정 로트에서 포장불량으로 회수 조치가 있었고 연관 원재료 로트(ALM-L20240105)가 추적되어 회수 완료되었습니다.",
            "id": "sample_028_0019_000025",
            "annotations": []
        },
        {
            "sentence": "소비자 불만 및 피드백(consumer_feedback)은 CRM 시스템에 기록되며 개인정보는 암호화 저장 후 권한이 있는 담당자만 조회하도록 통제합니다.",
            "id": "sample_028_0019_000026",
            "annotations": []
        },
        {
            "sentence": "담당자 기록 예시: 생산부 팀장 노정규가 QA 승인 절차를 검토했으며 관련 사번 및 연락처는 내부 시스템에서 암호화 관리됩니다.",
            "id": "sample_028_0019_000027",
            "annotations": []
        },
        {
            "sentence": "연락처 예시: 공급망 담당 주윤섭, 연락처 010-9876-5432, 이메일 juseon@example.com, 긴급연락 시 위 정보를 우선으로 사용하되 접근 제어를 적용합니다.",
            "id": "sample_028_0019_000028",
            "annotations": []
        },
        {
            "sentence": "QA 검사자 이이솜의 사번은 2024-0008이며 내부 보고서에 서명과 함께 기록되어 있으나 외부 공유 시 식별정보는 익명화됩니다.",
            "id": "sample_028_0019_000029",
            "annotations": []
        },
        {
            "sentence": "본사 주소 예시: 서울특별시 강남구 역삼동 12-3호이며 주소 데이터는 시/군/구/동 단위로 분리 저장하여 준식별자 관리를 시행합니다.",
            "id": "sample_028_0019_000030",
            "annotations": []
        },
        {
            "sentence": "기밀 기술 및 재무 정보 예시: 은행 계좌번호 345-678901-00(결제 전용), 내부 서버 IP 10.0.4.12, 파일 경로 /srv/prod/recipes/secret_recipe_v3.txt 등은 기밀로 분류됩니다.",
            "id": "sample_028_0019_000031",
            "annotations": []
        },
        {
            "sentence": "영업비밀 보호 정책에 따라 민감한 배합비는 데이터베이스에서 [MASKED]로 표시하며 접근 로그와 권한 메타데이터를 함께 보관합니다.",
            "id": "sample_028_0019_000032",
            "annotations": []
        },
        {
            "sentence": "결론 및 조치사항: 리콜 가능성 발생 시 배치 매핑을 통해 즉시 회수하고, 개인 식별정보는 내부 규정에 따라 암호화·접근통제를 실시합니다.",
            "id": "sample_028_0019_000033",
            "annotations": []
        },
        {
            "sentence": "추가 권고사항: 레시피 핵심값 접근 권한을 최소화하고 센서 시계열 데이터의 드리프트 보정 정책을 정기적으로 검증할 것을 권고합니다.",
            "id": "sample_028_0019_000034",
            "annotations": []
        },
        {
            "sentence": "현행 문서는 내부 품질관리 기준을 반영한 샘플 문서이며 실제 운영에서는 개인정보 및 기밀정보 분류 정책을 엄격히 적용해야 합니다.",
            "id": "sample_028_0019_000035",
            "annotations": []
        },
        {
            "sentence": "문서 최종 검토자: 류문성(품질관리팀), 최종검토일: 2025-12-20, 검토 결과는 전자서명 로그에 기록되어 추적 가능합니다.",
            "id": "sample_028_0019_000036",
            "annotations": []
        }
    ]
}