{
    "document_id": "028_0074",
    "document_title": "초코몰트 음료 제품 품질관리 및 배치추적 리포트",
    "data": [
        {
            "sentence": "본 문서는 식음료 제조 전주기 관점에서 '초코몰트' SKU의 품질관리, 추적성 및 규정준수를 종합 보고하기 위해 작성되었습니다.",
            "id": "sample_028_0074_000001",
            "annotations": []
        },
        {
            "sentence": "제품 식별자: product_id=FNB-2025-CHM-001, product_name_ko=초코몰트 음료, product_name_en=ChocoMalt Beverage, category=Ready-to-drink, sku=CHM-001.",
            "id": "sample_028_0074_000002",
            "annotations": []
        },
        {
            "sentence": "바코드(UPC)=8801234567890, 브랜드=오에프디 컴퍼니(OFD Company), 포장형태=페트병 500ml, net_weight=500 ml, unit=ml, country_of_origin=대한민국.",
            "id": "sample_028_0074_000003",
            "annotations": []
        },
        {
            "sentence": "생산 배치(batch_number)=BATCH-2025-0612-A, 제조일자(manufacturing_date)=2025-06-12T09:00:00+09:00, 유통기한(expiration_date)=2026-06-11, 유통기한 산정 근거는 가공후 365일 기준입니다.",
            "id": "sample_028_0074_000004",
            "annotations": []
        },
        {
            "sentence": "원재료 및 함량: 정제수 60.0%, 설탕 18.0%, 유청분말 8.5%, 코코아분말 5.0%, 맥아추출물 6.0%, 합성보존료 없음, 총합계 100.0%로 산술적 무결성을 검증하였습니다.",
            "id": "sample_028_0074_000005",
            "annotations": []
        },
        {
            "sentence": "알레르기 표준키: allergens=['milk','egg','wheat']; 알레르기 문구: '본 제품은 우유 및 계란 성분을 포함하고 있으며, 밀 성분이 미량 혼입될 가능성이 있습니다.'를 라벨에 표기했습니다.",
            "id": "sample_028_0074_000006",
            "annotations": []
        },
        {
            "sentence": "원재료 공급처: supplier_id=SPL-00987, supplier_name=대한곡물유통주식회사, 공급 원료 로트: malt_lot=MLT-202505-778, whey_lot=WH-202504-332로 로트-배치 연결을 유지합니다.",
            "id": "sample_028_0074_000007",
            "annotations": []
        },
        {
            "sentence": "저장 및 유통조건: 상온 보관 권장(최대 25°C), 개봉 전 직사광선 회피, 콜드체인 필요시 2~8°C 유지로 제품특성에 따라 동적 유통기한을 적용할 수 있습니다.",
            "id": "sample_028_0074_000008",
            "annotations": []
        },
        {
            "sentence": "온도 이력(샘플): [ { 'timestamp':'2025-06-12T09:00:00+09:00','temperature_c':20.5 }, { 'timestamp':'2025-06-13T14:30:00+09:00','temperature_c':22.0 }, { 'timestamp':'2025-06-14T08:10:00+09:00','temperature_c':null,'note':'센서 결측' } ].",
            "id": "sample_028_0074_000009",
            "annotations": []
        },
        {
            "sentence": "생산시설 주소: production_facility_address=서울특별시 강서구 공항대로 55길 10, 시설 ID=PLT-GS-014 입니다.",
            "id": "sample_028_0074_000010",
            "annotations": [
                {
                    "word": "서울특별시 강서구 공항대로 55길 10",
                    "start": 37,
                    "end": 58,
                    "label": "준식별자"
                }
            ]
        },
        {
            "sentence": "생산 로트 추적: 원재료(malt_lot=MLT-202505-778,whey_lot=WH-202504-332,sugar_lot=SG-202503-901) → 혼합 → 충전 → 포장으로 연결되며 최종 배치 BATCH-2025-0612-A에 매핑됩니다.",
            "id": "sample_028_0074_000011",
            "annotations": []
        },
        {
            "sentence": "품질검사 결과 요약: 총용존고형분(TSS)=12.3 °Brix, pH=6.1, 병내 CO2=0.02% (mg/kg), 미생물 검사 총균수=1.2×10^2 CFU/g로 규격 내 합격 판정입니다.",
            "id": "sample_028_0074_000012",
            "annotations": []
        },
        {
            "sentence": "인증 및 준수: 해당 시설은 HACCP 인증을 보유하고 있으며 관련 증빙서류는 MFDS 규정에 따라 보관됩니다.",
            "id": "sample_028_0074_000013",
            "annotations": []
        },
        {
            "sentence": "포장 유형 및 라벨링: PET 500ml 단일 포장, 라벨에는 원산지, 영양성분표, 알레르기 문구, 보관방법 및 제조번호를 한글로 명확히 표기했습니다.",
            "id": "sample_028_0074_000014",
            "annotations": []
        },
        {
            "sentence": "레시피 및 접근 통제: 주요 제조 레시피는 영업비밀로 분류되며, 원재료 배합비(기밀): 배합비: 42.5%는 내부 파일 C:\\internal\\recipes\\choco_malt_v2.secret에 보관되고 접근 권한으로 보호됩니다.",
            "id": "sample_028_0074_000015",
            "annotations": [
                {
                    "word": "배합비: 42.5%",
                    "start": 49,
                    "end": 59,
                    "label": "기밀정보"
                },
                {
                    "word": "C:\\internal\\recipes\\choco_malt_v2.secret",
                    "start": 67,
                    "end": 107,
                    "label": "기밀정보"
                }
            ]
        },
        {
            "sentence": "공정 파라미터: 혼합온도 40±2 °C, 살균조건 95°C 2분, 충전압력 1.2 bar, 라인 속도 1200 병/시간으로 표준작업지침서(SOP)에 기록되어 있습니다.",
            "id": "sample_028_0074_000016",
            "annotations": []
        },
        {
            "sentence": "QA 검사 보고서: 최종 검사 담당자 신이루, 검사일자 2025-06-12, 사번: 20245067, 연락처:+82-10-1234-5678, 이메일=sin.iruu@ofdcompany.co.kr, 판정=합격입니다.",
            "id": "sample_028_0074_000017",
            "annotations": [
                {
                    "word": "신이루",
                    "start": 21,
                    "end": 24,
                    "label": "개인정보"
                },
                {
                    "word": "사번: 20245067",
                    "start": 43,
                    "end": 55,
                    "label": "개인정보"
                },
                {
                    "word": "+82-10-1234-5678",
                    "start": 61,
                    "end": 77,
                    "label": "개인정보"
                },
                {
                    "word": "sin.iruu@ofdcompany.co.kr",
                    "start": 83,
                    "end": 108,
                    "label": "개인정보"
                }
            ]
        },
        {
            "sentence": "예상 유통기한 및 안정성: 상온 기준 평균 유통기한 365일, 광·온도 노출에 따른 산화 위험을 고려해 보관조건을 표기했습니다.",
            "id": "sample_028_0074_000018",
            "annotations": []
        },
        {
            "sentence": "안전 경고문구: '개봉 후 가급적 빠르게 섭취하십시오', '우유 및 계란 알레르기 유발 성분 포함'이라는 문구를 포장 전면 및 후면에 표기합니다.",
            "id": "sample_028_0074_000019",
            "annotations": []
        },
        {
            "sentence": "라벨 텍스트 샘플: '초코몰트 음료 500ml, 제조원 OFD Company, 제조번호 BATCH-2025-0612-A, 유통기한 2026-06-11, 보관: 직사광선 회피, 문의전화 02-000-0000.'",
            "id": "sample_028_0074_000020",
            "annotations": []
        },
        {
            "sentence": "규제 문서: MFDS 제출용 규격서 CN-2024-0897이 존재하며 관련 내부 원본은 경로 C:\\internal\\regulatory\\cn-2024-0897.pdf로 보관 중입니다.",
            "id": "sample_028_0074_000021",
            "annotations": [
                {
                    "word": "C:\\internal\\regulatory\\cn-2024-0897.pdf",
                    "start": 52,
                    "end": 91,
                    "label": "기밀정보"
                },
                {
                    "word": "CN-2024-0897",
                    "start": 20,
                    "end": 32,
                    "label": "기밀정보"
                }
            ]
        },
        {
            "sentence": "POS 판매 데이터(샘플): 2025-06-15~2025-06-21 주간 판매량 4,320병, 채널별 분포는 대형마트 52%, 편의점 28%, 온라인 20%로 집계되었습니다.",
            "id": "sample_028_0074_000022",
            "annotations": []
        },
        {
            "sentence": "리콜 이력: 현재 배치 기준 리콜 이력 없음, 추적성 테스트 시 즉시 대응 가능하도록 관련 로트와 연관된 공급사 계좌 및 계약정보를 참조합니다; 공급사 계좌(기밀) 계좌: 111-222-333333.",
            "id": "sample_028_0074_000023",
            "annotations": [
                {
                    "word": "계좌: 111-222-333333",
                    "start": 92,
                    "end": 110,
                    "label": "기밀정보"
                }
            ]
        },
        {
            "sentence": "소비자 피드백 샘플: 제품맛 균일성에 대한 건의 12건, 포장 캡 밀봉 불량 2건 접수, 모두 로트 BATCH-2025-0612-A와 연관되어 조사 완료 예정입니다.",
            "id": "sample_028_0074_000024",
            "annotations": []
        },
        {
            "sentence": "내부 기술정보 및 접속: 테스트 서버 경로 ftp://10.0.8.45/backups 및 내부 IP 10.0.8.45는 내부 네트워크로서 외부 공개 금지 대상입니다.",
            "id": "sample_028_0074_000025",
            "annotations": [
                {
                    "word": "10.0.8.45",
                    "start": 30,
                    "end": 39,
                    "label": "기밀정보"
                },
                {
                    "word": "10.0.8.45",
                    "start": 56,
                    "end": 65,
                    "label": "기밀정보"
                }
            ]
        },
        {
            "sentence": "공급사 담당자 연락처: 구매담당 공석, 회사명=대한곡물유통, 이메일=gong.seok@ingredients.co.kr, 전화=+82-2-765-4321이며, 거래조건 및 납품스케줄을 관리합니다.",
            "id": "sample_028_0074_000026",
            "annotations": [
                {
                    "word": "공석",
                    "start": 18,
                    "end": 20,
                    "label": "개인정보"
                },
                {
                    "word": "gong.seok@ingredients.co.kr",
                    "start": 38,
                    "end": 65,
                    "label": "개인정보"
                },
                {
                    "word": "+82-2-765-4321",
                    "start": 70,
                    "end": 84,
                    "label": "개인정보"
                }
            ]
        },
        {
            "sentence": "감사 로그: 2025-06-13 11:45:00에 임정현(승인자)이 배치 출하를 승인하였으며 내부 기록 사번: 20231234로 트래킹됩니다.",
            "id": "sample_028_0074_000027",
            "annotations": [
                {
                    "word": "임정현",
                    "start": 28,
                    "end": 31,
                    "label": "개인정보"
                },
                {
                    "word": "사번: 20231234",
                    "start": 58,
                    "end": 70,
                    "label": "개인정보"
                }
            ]
        },
        {
            "sentence": "레시피 비공개 정책 재확인: 핵심 배합 및 공정 파라미터는 /srv/secret/recipes/choco_malt_v2.secret와 같은 비공개 저장소에 암호화되어 저장됩니다.",
            "id": "sample_028_0074_000028",
            "annotations": [
                {
                    "word": "/srv/secret/recipes/choco_malt_v2.secret",
                    "start": 33,
                    "end": 73,
                    "label": "기밀정보"
                }
            ]
        },
        {
            "sentence": "요약 및 조치: 제품은 현 규격 내 적합하며, 온도 로깅 결측 보정 및 캡 밀봉 개선 조치를 우선 과제로 지정했습니다.",
            "id": "sample_028_0074_000029",
            "annotations": []
        },
        {
            "sentence": "문서 작성자: 류나희, 소속: 품질관리팀, 연락처 이메일=ryu.nahee@ofdcompany.co.kr, 보고서 버전=1.0, 작성일 2025-06-16으로 기록됩니다.",
            "id": "sample_028_0074_000030",
            "annotations": [
                {
                    "word": "류나희",
                    "start": 8,
                    "end": 11,
                    "label": "개인정보"
                },
                {
                    "word": "ryu.nahee@ofdcompany.co.kr",
                    "start": 32,
                    "end": 58,
                    "label": "개인정보"
                }
            ]
        }
    ]
}