{
    "document_id": "028_0064",
    "document_title": "오미자 탄산음료 생산·검증 및 추적 문서",
    "data": [
        {
            "sentence": "본 문서는 식품 및 음료 도메인에 해당하는 '오미자 탄산음료'의 생산·품질·추적·안전 관련 문서입니다.",
            "id": "sample_028_0064_000001",
            "annotations": []
        },
        {
            "sentence": "제품 식별 정보: product_id=028_0064, sku=SKU-OMZ-100, barcode=8801234567890, brand=청담푸드, batch_number=BATCH-20260105-A12.",
            "id": "sample_028_0064_000002",
            "annotations": []
        },
        {
            "sentence": "제조일자(manufacturing_date)는 2026-01-05T08:00:00+09:00이며, 유통기한(expiration_date)은 제조일로부터 12개월인 2027-01-05T08:00:00+09:00으로 계산되었습니다.",
            "id": "sample_028_0064_000003",
            "annotations": []
        },
        {
            "sentence": "순중량(net_weight)은 500 ml로 표기하며, 단위는 ml를 기본으로 사용합니다.",
            "id": "sample_028_0064_000004",
            "annotations": []
        },
        {
            "sentence": "원산지(country_of_origin)는 대한민국이며, 주요 원재료(ingredients_list)는 water, sugar, omija_puree(12 g), citric_acid(0.2 g) 등으로 구성됩니다.",
            "id": "sample_028_0064_000005",
            "annotations": []
        },
        {
            "sentence": "알레르기 표기(allergens) 키는 표준화하여 ['milk','egg']로 관리하며, 알레르기 문구는 별도 필드에 '본 제품은 우유, 계란을 처리하는 설비에서 제조됩니다.'로 표기합니다.",
            "id": "sample_028_0064_000006",
            "annotations": []
        },
        {
            "sentence": "보관조건(storage_conditions)은 냉장 보관, 권장 저장온도 4°C이며, 소비자 라벨에 0~6°C 권장 범위를 명시합니다.",
            "id": "sample_028_0064_000007",
            "annotations": []
        },
        {
            "sentence": "온도 이력(temperature_logs)은 시계열로 기록되어 있으며 예시: 2026-01-05T08:00:00+09:00=4.2°C, 2026-01-05T12:00:00+09:00=결측(NULL), 2026-01-06T02:00:00+09:00=12.5°C(이상치).",
            "id": "sample_028_0064_000008",
            "annotations": []
        },
        {
            "sentence": "공급자 정보: supplier_id=SUP-0045, supplier_name=주식회사 청담푸드로 등록되어 있으며, 공급계약서 및 납품이력은 별도 시스템에서 관리합니다.",
            "id": "sample_028_0064_000009",
            "annotations": []
        },
        {
            "sentence": "생산시설 식별: production_facility_id=FAC-00077이며, 생산시설 소재지는 경기도 화성시 향남읍에 위치합니다.",
            "id": "sample_028_0064_000010",
            "annotations": []
        },
        {
            "sentence": "원재료 로트와 생산 배치의 추적성(production_lot_trace)은 다음과 같이 연결됩니다: RM-20251211-XY9 → BATCH-20260105-A12(사용량 120 kg).",
            "id": "sample_028_0064_000011",
            "annotations": []
        },
        {
            "sentence": "품질시험 결과(quality_tests) 주요 항목은 APC(aerobic plate count)=100 CFU/g, coliform=<1 CFU/g, Salmonella=negative로 판정되었습니다.",
            "id": "sample_028_0064_000012",
            "annotations": []
        },
        {
            "sentence": "인증(certifications) 현황: HACCP 인증 보유, ISO 22000 인증 보유 여부는 증빙문서 첨부로 확인 가능합니다, haccp_compliant=true로 표기합니다.",
            "id": "sample_028_0064_000013",
            "annotations": []
        },
        {
            "sentence": "포장형태(packaging_type)은 PET 병(500 ml)이며, 재활용 라벨과 배출방법을 포장에 명기했습니다.",
            "id": "sample_028_0064_000014",
            "annotations": []
        },
        {
            "sentence": "레시피·공정 관련: 레시피 핵심비율은 영업비밀로 [MASKED_PERCENTAGES]로 표기하며, 접근권한(access_control)은 role='R&D'로 제한합니다.",
            "id": "sample_028_0064_000015",
            "annotations": []
        },
        {
            "sentence": "공정 파라미터(process_parameters)는 탄산 주입 압력 2.5 bar, 살균(pasteurization) 72°C 15초, 충전 속도 3000 병/시간으로 표준화되어 있습니다.",
            "id": "sample_028_0064_000016",
            "annotations": []
        },
        {
            "sentence": "QA 검사 보고서(qa_inspection_reports)의 샘플에서는 검사결과 정량표와 함께 최종 승인자 이름을 기재하며, 검사결과 승인자: 조아율으로 기록되어 있습니다.",
            "id": "sample_028_0064_000017",
            "annotations": []
        },
        {
            "sentence": "유통기한 산정 근거(shelf_life_estimate): 제조일자 2026-01-05 기준, 보관온도 4°C에서의 가속저장시험 데이터를 통해 12개월로 산정하였습니다.",
            "id": "sample_028_0064_000018",
            "annotations": []
        },
        {
            "sentence": "안전 경고 문구(safety_warnings)는 '내용물이 튈 수 있으니 개봉 시 주의', '영유아에게 고열량 음료 제공 주의' 등 소비자 안전을 우선으로 합니다.",
            "id": "sample_028_0064_000019",
            "annotations": []
        },
        {
            "sentence": "포장 라벨(label_texts)은 한국 MFDS 규정에 따라 영문·국문 병기, 영양성분표 및 원재료 표기를 준수하도록 설계되어 있습니다.",
            "id": "sample_028_0064_000020",
            "annotations": []
        },
        {
            "sentence": "규제 문서(regulatory_documents) 예시는 MFDS 승인서(MFDS-2026-OMZ-001) 및 도수·첨가물 관련 시험성적서로 구성됩니다.",
            "id": "sample_028_0064_000021",
            "annotations": []
        },
        {
            "sentence": "POS 판매 데이터(pos_sales_data) 집계는 일별 단위로 처리하며 예시로 2026-01-10의 일간 판매량은 1,200 병으로 집계되었습니다.",
            "id": "sample_028_0064_000022",
            "annotations": []
        },
        {
            "sentence": "리콜 이력(recall_history): 2026-02-01에 이물 발견으로 인한 리콜이 BATCH-20260105-A12에 대해 시행되었으며 관련 원인 추적 대상 로트는 RM-20251211-XY9입니다.",
            "id": "sample_028_0064_000023",
            "annotations": []
        },
        {
            "sentence": "소비자 피드백(consumer_feedback)은 익명화하여 저장하며 주요 불만은 충전 시 소음 및 탄산 강도 관련 불만이었습니다.",
            "id": "sample_028_0064_000024",
            "annotations": []
        },
        {
            "sentence": "내부 문서 저장경로 예시(기밀): /srv/prod/recipes/soda_v2.conf는 접근제한 대상이며 IT 보안정책으로 로그·접근통제가 적용됩니다.",
            "id": "sample_028_0064_000025",
            "annotations": []
        },
        {
            "sentence": "결재선 정보: 최종 승인자 류성주가 내부 결재 시스템에 결재를 완료하였으며 관련 결재 문서는 내부 결재함에 보관됩니다.",
            "id": "sample_028_0064_000026",
            "annotations": []
        },
        {
            "sentence": "재무 관련 예시로 공급업체 계좌번호는 내부 암호화된 필드로 저장되며 문서에는 계좌번호: ****-1234로 마스킹하여 표기합니다.",
            "id": "sample_028_0064_000027",
            "annotations": []
        },
        {
            "sentence": "현장 샘플링 담당자 기록에 손형순이 샘플채취를 실시하였고 샘플 ID와 채취시간은 검사보고서에 연결되어 있습니다.",
            "id": "sample_028_0064_000028",
            "annotations": []
        },
        {
            "sentence": "공정 운영 담당자 배도예는 생산 라인 점검 및 교정 업무를 수행하였으며 교정 기록은 캘리브레이션 로그에 저장됩니다.",
            "id": "sample_028_0064_000029",
            "annotations": []
        },
        {
            "sentence": "시스템·계정 관련(기밀): 운영 중인 서비스 계정 예시 admin_prod는 최소 권한 원칙에 따라 관리되며 외부 노출을 금지합니다.",
            "id": "sample_028_0064_000030",
            "annotations": []
        },
        {
            "sentence": "결론 및 조치사항: 리콜 대상 배치에 대한 소비자 공지, 관련 원재료 공급사와의 원인분석, 영업비밀(레시피) 접근 통제 강화, IT 로그 감사 등을 즉시 시행합니다.",
            "id": "sample_028_0064_000031",
            "annotations": []
        }
    ]
}