{
    "document_id": "028_0012",
    "document_title": "흑임자 두유 500ml 배치 추적 및 품질관리 보고서",
    "data": [
        {
            "sentence": "본 문서는 식음료 품질관리 및 배치 추적 리포트로, 제품 식별과 리콜 대응을 위한 배치 단위의 메타데이터를 포함합니다.",
            "id": "sample_028_0012_000001",
            "annotations": []
        },
        {
            "sentence": "제품 ID: FNB-028-0012, 제품명(한글): 흑임자 두유 500ml, 제품명(영문): Black Sesame Soy Milk 500ml.",
            "id": "sample_028_0012_000002",
            "annotations": []
        },
        {
            "sentence": "카테고리: 음료(두유류), SKU: SKU-028-500ML, 바코드(UPC): 8801234567890, 브랜드: 고소한맛.",
            "id": "sample_028_0012_000003",
            "annotations": []
        },
        {
            "sentence": "배치 번호(batch_number): BATCH-20251115-001, 제조일(manufacturing_date): 2025-11-15, 유통기한(expiration_date): 2026-05-14.",
            "id": "sample_028_0012_000004",
            "annotations": []
        },
        {
            "sentence": "순중량(net_weight): 500 ml, 단위(unit): ml, 원산지(country_of_origin): 대한민국.",
            "id": "sample_028_0012_000005",
            "annotations": []
        },
        {
            "sentence": "원재료 목록(ingredients_list): 정제수, 탈지대두단백 6.0% (원재료 로트: LOT-SOY-20251010), 흑임자 추출물 3.5%, 설탕, 정제소금, 레시틴.",
            "id": "sample_028_0012_000006",
            "annotations": []
        },
        {
            "sentence": "알레르기 유발물질(allergens): ['soy']이며, 알레르기 문구: '본 제품은 대두를 함유합니다.'로 표기되어 있습니다.",
            "id": "sample_028_0012_000007",
            "annotations": []
        },
        {
            "sentence": "저장 조건(storage_conditions): 냉장(0~4 °C) 보관, 권장 보관온도: 4 °C 이하.",
            "id": "sample_028_0012_000008",
            "annotations": []
        },
        {
            "sentence": "온도 이력(temperature_logs): 2025-11-15T08:00:00+09:00: 3.8 °C; 2025-11-15T12:00:00+09:00: 4.1 °C; 2025-11-15T16:00:00+09:00: NaN(센서 결측).",
            "id": "sample_028_0012_000009",
            "annotations": []
        },
        {
            "sentence": "공급업체 정보(supplier_id/supplier_name): SUP-00456, 행복농장, 공급업체 이메일: supplier.hkfarm@example.com, 담당자: 남시현, 담당자 연락처: 02-555-7788, 계약계좌: 100-123456-01-001(농협).",
            "id": "sample_028_0012_000010",
            "annotations": []
        },
        {
            "sentence": "생산시설 정보(production_facility_id): FAC-1009, 위치: 서울특별시 강서구 화곡로 210, 3공장(상세주소 포함).",
            "id": "sample_028_0012_000011",
            "annotations": []
        },
        {
            "sentence": "생산 로트 추적(production_lot_trace): 원재료 LOT-SOY-20251010→중간제품 LOT-MIX-20251114→최종 BATCH-20251115-001로 연계 추적됩니다.",
            "id": "sample_028_0012_000012",
            "annotations": []
        },
        {
            "sentence": "품질 테스트(quality_tests): 미생물 총생균수 1.2x10^2 CFU/g, 대장균군 음성, 아플라톡신 검출 한계 미만.",
            "id": "sample_028_0012_000013",
            "annotations": []
        },
        {
            "sentence": "인증(certifications): MFDS 등록번호 MFDS-2025-028, HACCP 인증여부: true(haccp_compliant).",
            "id": "sample_028_0012_000014",
            "annotations": []
        },
        {
            "sentence": "포장 유형(packaging_type): PET 병 500 ml, 라벨 인쇄는 한국어·영문 병행으로 표기됩니다.",
            "id": "sample_028_0012_000015",
            "annotations": []
        },
        {
            "sentence": "레시피 단계(recipe_steps): 1) 혼합 2) 균질화 3) 살균 4) 충진, 핵심 비율은 영업비밀로 [MASKED] 처리되어 접근 권한이 제한됩니다.",
            "id": "sample_028_0012_000016",
            "annotations": []
        },
        {
            "sentence": "공정 파라미터(process_parameters): 혼합온도 40 °C, 균질압력 150 bar, 살균 121 °C x 15초로 표준화되어 있습니다.",
            "id": "sample_028_0012_000017",
            "annotations": []
        },
        {
            "sentence": "QA 검사 보고서(qa_inspection_reports): 수율 98.6%, 이물 혼입 없음, 포장 누수율 0.2%로 허용범위 내입니다.",
            "id": "sample_028_0012_000018",
            "annotations": []
        },
        {
            "sentence": "유통기한 산정 근거(shelf_life_estimate): 제조일로부터 6개월 기준, 가속실험과 냉장이력으로 검증되었습니다.",
            "id": "sample_028_0012_000019",
            "annotations": []
        },
        {
            "sentence": "안전 경고(safety_warnings): 절대적으로 질병 치료를 표방하지 않으며, 소비 시 알레르기 유발 성분을 확인하라고 고지합니다.",
            "id": "sample_028_0012_000020",
            "annotations": []
        },
        {
            "sentence": "표시 문구(label_texts): 원재료, 영양표시, 알레르기 정보 및 유통기한이 명기되어 있으며 MFDS 규정을 준수합니다.",
            "id": "sample_028_0012_000021",
            "annotations": []
        },
        {
            "sentence": "규제 문서(regulatory_documents): MFDS 신고서, 시험성적서 및 HACCP 인증서 사본이 전자형태로 보관됩니다.",
            "id": "sample_028_0012_000022",
            "annotations": []
        },
        {
            "sentence": "POS 판매 데이터(pos_sales_data): 2025-11월 총 판매량 12,450개, 일평균 415개, 판매 채널별 매출 분포가 기록되어 있습니다.",
            "id": "sample_028_0012_000023",
            "annotations": []
        },
        {
            "sentence": "리콜 이력(recall_history): BATCH-20250901-004에서 이물 혼입으로 자발적 회수 기록이 있으며 관련 로트 추적이 완료되었습니다.",
            "id": "sample_028_0012_000024",
            "annotations": []
        },
        {
            "sentence": "소비자 피드백(consumer_feedback): 2025-11-20 접수된 유통기한 오류 신고 1건(신고자 연락처: 010-9999-0000)과 제품 맛 관련 평점 3건이 접수되었습니다.",
            "id": "sample_028_0012_000025",
            "annotations": []
        },
        {
            "sentence": "모든 개인 연락처와 이메일은 개인정보보호법 및 내부 보안정책에 따라 암호화되어 저장되며 접근 로그가 기록됩니다.",
            "id": "sample_028_0012_000026",
            "annotations": []
        },
        {
            "sentence": "레시피 파일은 접근 권한이 있는 직원만 열람 가능하며 핵심配方은 파일 경로(\\\\INTERNAL\\\\recipes\\\\black_sesame_v2.docx)로 관리됩니다.",
            "id": "sample_028_0012_000027",
            "annotations": []
        },
        {
            "sentence": "내부 시스템 접근 IP는 10.0.12.45로 제한되어 있으며 외부망과 분리된 네트워크 세그먼트에 존재합니다.",
            "id": "sample_028_0012_000028",
            "annotations": []
        },
        {
            "sentence": "긴급 조치 항목(Action items): 1) 리콜 관련 연관 원재료 로트 재검사 2) 소비자 연락처로 신속 안내 3) 내부 레시피 접근 권한 재검토.",
            "id": "sample_028_0012_000029",
            "annotations": []
        },
        {
            "sentence": "보고서 승인자: 박진이(품질팀장), 승인일: 2025-11-16, 문서관리번호: DOC-028-0012.",
            "id": "sample_028_0012_000030",
            "annotations": []
        }
    ]
}