{
    "document_id": "028_0066",
    "document_title": "냉장 발효 요거트 음료 품질관리 및 배치 추적 보고서",
    "data": [
        {
            "sentence": "문서 요약: 본 보고서는 제품 식별, 제조·유통 이력, 품질검사 결과, 콜드체인 온도 이력 및 리콜 추적성을 포함한 '식품 및 음료 산업' 도메인의 배치 단위 품질관리 파일입니다.",
            "id": "sample_028_0066_000001",
            "annotations": []
        },
        {
            "sentence": "제품 식별: product_id=FBYGT-2025-001, product_name_ko='프로바이오틱 플레인 요거트 음료', product_name_en='Probiotic Plain Yogurt Drink', category='Dairy Beverage'.",
            "id": "sample_028_0066_000002",
            "annotations": []
        },
        {
            "sentence": "상세 식별자: sku='YGT-PLN-250', barcode='8801234567890', brand='청정유가', batch_number='LOT-2024-045-A', production_lot_trace=['ING-LOT-2024-3347','ING-LOT-2024-3348'].",
            "id": "sample_028_0066_000003",
            "annotations": []
        },
        {
            "sentence": "중량 및 포장: net_weight=250 g, unit='g', packaging_type='PET bottle 250ml (라벨 인쇄)', country_of_origin='Korea'.",
            "id": "sample_028_0066_000004",
            "annotations": []
        },
        {
            "sentence": "원재료 및 로트: 원유(pasteurized milk) lot=ING-LOT-2024-3347 2025-10-10, 유산균배양물 lot=ING-LOT-2024-3348 2025-10-12, 감미료 lot=ING-LOT-2024-3349 2025-10-05.",
            "id": "sample_028_0066_000005",
            "annotations": []
        },
        {
            "sentence": "성분표(예시): ingredients_list=['pasteurized milk 91.5%','water 5%','sugar 2%','probiotic blend 0.5%','stabilizer 1%'].",
            "id": "sample_028_0066_000006",
            "annotations": []
        },
        {
            "sentence": "알레르기 표기: allergens keys=['milk'], allergens_text='본 제품은 우유를 포함합니다 (milk).', allergens_standardized=['milk'].",
            "id": "sample_028_0066_000007",
            "annotations": []
        },
        {
            "sentence": "영양성분(100 g 당): 열량 68 kcal, 탄수화물 8.4 g, 당류 8.0 g, 단백질 3.5 g, 지방 1.2 g, 나트륨 45 mg; 계산 근거: 열량 = (탄수화물(8.4g)*4)+(단백질(3.5g)*4)+(지방(1.2g)*9) = 33.6+14+10.8 = 58.4 kcal, 소수점 반올림 및 당류 포함 표기 차이로 최종 68 kcal 표기(공정 보정 포함).",
            "id": "sample_028_0066_000008",
            "annotations": []
        },
        {
            "sentence": "제조·유통일: manufacturing_date=2025-10-25 (ISO 8601), expiration_date=2026-04-25 (유통기한 6개월, 냉장보관 기준).",
            "id": "sample_028_0066_000009",
            "annotations": []
        },
        {
            "sentence": "저장 조건: storage_conditions='냉장 0~7 °C 유지 권장', shelf_life_estimate='제조일로부터 180일(냉장보관 기준, 공정 중 미생물 검사 결과에 따라 동적 조정 가능)'.",
            "id": "sample_028_0066_000010",
            "annotations": []
        },
        {
            "sentence": "공급업체 정보: supplier_id=SPL-0098, supplier_name='강원유업주식회사', supplier_address='서울특별시 강서구 마곡동', supplier_contact_person='김효성', supplier_contact_phone='010-1234-5678'.",
            "id": "sample_028_0066_000011",
            "annotations": []
        },
        {
            "sentence": "거래·결제 정보(기밀): supplier_bank='국민은행 123-456789-01-234 (회사계좌)', 결제조건=30일 후 지급, 주석='계좌번호는 내부 재무 시스템에서만 열람 가능'.",
            "id": "sample_028_0066_000012",
            "annotations": []
        },
        {
            "sentence": "생산 시설: production_facility_id=PF-서울-03, 위치='경기도 화성시', 생산 라인='라인 3(충전·밀봉)', 담당 사번=EID-2024-0098, 담당자명='구광희', 담당자 이메일=gklee@example.co.kr.",
            "id": "sample_028_0066_000013",
            "annotations": []
        },
        {
            "sentence": "배치 추적성: 해당 배치 LOT-2024-045-A는 원유 ING-LOT-2024-3347 및 유산균 ING-LOT-2024-3348의 투입내역으로 소급 추적 가능하며 ERP 참조번호 ER-2025-7783에 연동됩니다.",
            "id": "sample_028_0066_000014",
            "annotations": []
        },
        {
            "sentence": "공정 파라미터(요약): 발효 온도 42.0 °C ±0.5 °C, 발효 시간 6.0 시간, 충전온도 4.0 °C ±1.0 °C, 살균처리 85 °C 30초(HTST).",
            "id": "sample_028_0066_000015",
            "annotations": []
        },
        {
            "sentence": "레시피 및 제조 공정 단계(영업비밀): recipe_steps='[마스킹] 접근권한:restricted', recipe_metadata={'masking_level':'*****','access_role':'R&D_admin_only','storage_path':'/srv/private/recipes/FB_001.cfg'}.",
            "id": "sample_028_0066_000016",
            "annotations": []
        },
        {
            "sentence": "공정 장비 및 내부 리소스(기밀): 레시피 파일 저장소 '/srv/private/recipes/FB_001.cfg' 및 내부 서버 IP 10.10.5.12는 권한이 있는 인원만 접근 가능합니다.",
            "id": "sample_028_0066_000017",
            "annotations": []
        },
        {
            "sentence": "품질 검사 결과(배치 단위): 총균수(TAC) 3.2x10^3 CFU/g (허용기준 <1x10^5), 대장균 음성, 이물검사 통과, pH 측정치 4.2 (범위 4.0~4.5).",
            "id": "sample_028_0066_000018",
            "annotations": []
        },
        {
            "sentence": "분석 시험 리포트 참조: quality_tests=['microbiology_report_ER-2025-7783.pdf','chemistry_report_ER-2025-7784.pdf'], QA 실사 요약은 QA_inspection_report_2025-10-26에 기록되어 있습니다.",
            "id": "sample_028_0066_000019",
            "annotations": []
        },
        {
            "sentence": "인증 및 준수: certifications=['MFDS 등록 완료','HACCP 인증 PF-서울-03 유효(갱신일 2024-09-01)'], haccp_compliant=true, 관련 규제 문서 규격은 MFDS 라벨링 가이드라인에 따릅니다.",
            "id": "sample_028_0066_000020",
            "annotations": []
        },
        {
            "sentence": "라벨 문안 예시: label_texts=['제품명, 제조원, 원재료 및 함량, 알레르기 유발물질, 영양성분표, 보관방법(냉장 0~7 °C), 유통기한(YYYY-MM-DD) 표기'], 규제문서 링크는 내부 포털에 등록되어 있습니다.",
            "id": "sample_028_0066_000021",
            "annotations": []
        },
        {
            "sentence": "콜드체인 온도 로그(샘플 시계열): temperature_logs=[{'ts':'2025-10-25T06:00:00+09:00','temp_C':4.2},{'ts':'2025-10-25T06:05:00+09:00','temp_C':4.0},{'ts':'2025-10-25T06:10:00+09:00','temp_C':null,'note':'sensor_missing'}], 단위는 °C, 결측치는 null로 표기합니다.",
            "id": "sample_028_0066_000022",
            "annotations": []
        },
        {
            "sentence": "POS 판매 데이터(요약): pos_sales_data={'2025-11':12000,'2025-12':9500} 단위=병, 지역별 매출은 익명화된 채널별 집계로 보관됩니다.",
            "id": "sample_028_0066_000023",
            "annotations": []
        },
        {
            "sentence": "리콜 이력: 현재 해당 배치에 대해 식품안전 위해 신고 및 자발적 리콜 요청은 접수되지 않았으며, 리스크 감시 지표는 이상 없음으로 표기합니다.",
            "id": "sample_028_0066_000024",
            "annotations": []
        },
        {
            "sentence": "소비자 피드백: consumer_feedback=['제품 향과 풍미가 우수하다','포장 밀봉 상태 양호'], 접수된 개인 식별정보는 개인정보보호법에 따라 암호화 및 접근제한됩니다.",
            "id": "sample_028_0066_000025",
            "annotations": []
        },
        {
            "sentence": "권고 및 조치사항: 온도 센서 결측(null) 구간 보정 및 센서 교체 권고, 레시피 접근 로그 감사 진행, 재발 방지를 위한 교육 계획 수립 요청.",
            "id": "sample_028_0066_000026",
            "annotations": []
        },
        {
            "sentence": "추적 및 보고 책임자 서명: 보고 담당자 구광희(품질관리팀) 확인 완료, 보고일자=2025-10-26T14:30:00+09:00.",
            "id": "sample_028_0066_000027",
            "annotations": []
        },
        {
            "sentence": "부록: 내부 참조용 파일 경로 및 ERP 연동 정보는 기밀로 분류되어 외부 공개 금지이며, 관련 문의는 담당자 이메일 gklee@example.co.kr로 제한된 접근 요청을 하시기 바랍니다.",
            "id": "sample_028_0066_000028",
            "annotations": []
        }
    ]
}