{
    "document_id": "028_0073",
    "document_title": "유기농 아몬드 스프레드 품질관리 및 안전성 리포트",
    "data": [
        {
            "sentence": "문서 개요: 본 리포트는 식음료(F&B) 제품의 원재료 조달부터 생산·포장·출하에 이르는 품질관리 기록을 종합적으로 정리합니다.",
            "id": "sample_028_0073_000001",
            "annotations": []
        },
        {
            "sentence": "제품 식별: product_id FNB-2025-0012로 등록된 SKU는 SKU-ALM-100이며, 브랜드는 '아름식품'입니다.",
            "id": "sample_028_0073_000002",
            "annotations": []
        },
        {
            "sentence": "제품명: product_name_ko='유기농 아몬드 스프레드', product_name_en='Organic Almond Spread', 카테고리: 스프레드/토핑.",
            "id": "sample_028_0073_000003",
            "annotations": []
        },
        {
            "sentence": "식별자: barcode 8801234567890, batch_number BATCH-20250615-034을 통해 로트 추적성을 유지합니다.",
            "id": "sample_028_0073_000004",
            "annotations": []
        },
        {
            "sentence": "제조 및 유통기한: manufacturing_date 2025-06-15, expiration_date 2026-06-14로 표기하며 ISO 8601 형식을 사용합니다.",
            "id": "sample_028_0073_000005",
            "annotations": []
        },
        {
            "sentence": "중량 및 단위: net_weight 250 g, unit g, country_of_origin 대한민국, 포장형태: 유리병(250 g) + 알루미늄 캡.",
            "id": "sample_028_0073_000006",
            "annotations": []
        },
        {
            "sentence": "원재료 및 배합비(100 g 기준): 아몬드 60.0%, 설탕 30.0%, 정제소금 1.0%, 레시틴(대두유추출) 2.0%, 정제수 7.0%로 합계 100.0%입니다.",
            "id": "sample_028_0073_000007",
            "annotations": []
        },
        {
            "sentence": "영양성분(100 g당): 총지방 48.0 g, 탄수화물 40.0 g, 단백질 6.0 g, 나트륨 200 mg, 총열량 계산 근거: (지방 48.0×9)+(탄수화물 40.0×4)+(단백질 6.0×4)=616 kcal.",
            "id": "sample_028_0073_000008",
            "annotations": []
        },
        {
            "sentence": "알레르기 표기: 표준화 키 allergens=['tree_nuts','soy']이며, 알레르기 문구는 '본 제품은 아몬드(견과류) 및 대두를 포함하고 있습니다.'입니다.",
            "id": "sample_028_0073_000009",
            "annotations": []
        },
        {
            "sentence": "보관조건: 섭씨 5°C 이하 냉장 보관(Retail cold chain), 권장 유통기한 산정: 제조일로부터 12개월이나 보관온도 이력에 따라 동적으로 관리합니다.",
            "id": "sample_028_0073_000010",
            "annotations": []
        },
        {
            "sentence": "온도 이력(샘플): temperature_logs=[{'timestamp':'2025-06-16T08:00:00+09:00','temperature_c':4.2},{'timestamp':'2025-06-16T12:00:00+09:00','temperature_c':NaN,'note':'센서 결측'},{'timestamp':'2025-06-16T16:00:00+09:00','temperature_c':5.1}].",
            "id": "sample_028_0073_000011",
            "annotations": []
        },
        {
            "sentence": "공급업체: supplier_id SUP-0098, supplier_name '주식회사 그린푸드'로 등록되어 있으며, 원재료 조달 계약서가 연동됩니다.",
            "id": "sample_028_0073_000012",
            "annotations": []
        },
        {
            "sentence": "공급업체 담당: 담당자 류재근, 연락처 010-1234-5678, 이메일 ryu.jaegun@greenfood.co.kr, 소재지 서울특별시 강서구 화곡동 123-45 3층에 등재되어 있습니다.",
            "id": "sample_028_0073_000013",
            "annotations": []
        },
        {
            "sentence": "생산시설: production_facility_id PF-09, 위치 안산시 단원구 소재로 표시되며 시설 위생점검은 월 1회 이상 수행합니다.",
            "id": "sample_028_0073_000014",
            "annotations": []
        },
        {
            "sentence": "원재료 로트와 생산 배치 연계: 아몬드 LOT-ALM-20250402-77, 설탕 LOT-SUG-20250320-12는 BATCH-20250615-034에 투입되어 추적 가능합니다.",
            "id": "sample_028_0073_000015",
            "annotations": []
        },
        {
            "sentence": "품질시험 결과 요약: 총세균수 120 CFU/g(허용기준 1,000 CFU/g 이하), 대장균군 음성, 유통 전 pH 6.4, 수분함량 2.8%로 규격 내 합격 판정입니다.",
            "id": "sample_028_0073_000016",
            "annotations": []
        },
        {
            "sentence": "인증: HACCP 준수, ISO 22000 인증 보유, 국내 유기농인증 마크 표기 완료 여부를 확인했습니다.",
            "id": "sample_028_0073_000017",
            "annotations": []
        },
        {
            "sentence": "레시피·공정 보호: 레시피 핵심배합 및 일부 공정파라미터는 영업비밀로 분류되어 값은 마스킹됩니다(operator_access_control required).",
            "id": "sample_028_0073_000018",
            "annotations": []
        },
        {
            "sentence": "공정 파라미터(예시): 아몬드 로스팅(표준범위 130–150°C, 시간 15–20분), 혼합 속도 150–350 rpm, 핵심값은 기밀로 마스킹 처리되어 있습니다.",
            "id": "sample_028_0073_000019",
            "annotations": []
        },
        {
            "sentence": "레시피 파일 및 내부 경로는 기밀로 분류됩니다: \\\\prod\\\\recipes\\\\secret_formula.xlsx(접근제어 필요).",
            "id": "sample_028_0073_000020",
            "annotations": []
        },
        {
            "sentence": "품질검사 보고서: 최종검사 합격, 검사자 지로아가 서명하였으며 세부 리포트는 내부시스템에 보관됩니다.",
            "id": "sample_028_0073_000021",
            "annotations": []
        },
        {
            "sentence": "검사자 서명 및 감사로그는 접근권한을 부여받은 인원만 열람 가능하며 감사추적(audit trail)을 유지합니다.",
            "id": "sample_028_0073_000022",
            "annotations": []
        },
        {
            "sentence": "포장 라벨 문구(한국 MFDS 준수): 원재료명, 알레르기 표시, 영양성분표, 제조·유통기한, 원산지 표기가 포함되어 있습니다.",
            "id": "sample_028_0073_000023",
            "annotations": []
        },
        {
            "sentence": "POS 판매 데이터(예시): 2025-05월 판매량 3,420개, 지역별 판매는 ERP와 연동되어 제품회수 시 로트별 리콜이 가능하도록 구성합니다.",
            "id": "sample_028_0073_000024",
            "annotations": []
        },
        {
            "sentence": "리콜 이력: 과거 리콜 사례 BATCH-20250401-011(라벨 오표기) 기록이 있으며 관련 원재료 LOT들을 즉시 소급 추적했습니다.",
            "id": "sample_028_0073_000025",
            "annotations": []
        },
        {
            "sentence": "소비자 의견 수집: 무기한 보존되는 원문 대신 페이로드는 익명화하여 품질개선팀에서 처리합니다.",
            "id": "sample_028_0073_000026",
            "annotations": []
        },
        {
            "sentence": "규제문서: MFDS 신고번호 MFDS-2024-RE-011, 관련 제출자료는 규정에 따라 보관됩니다.",
            "id": "sample_028_0073_000027",
            "annotations": []
        },
        {
            "sentence": "결제·대금지급 정보(기밀): 공급업체 지급계좌 계좌번호 123-456-789012는 내부 재무시스템에서 암호화되어 저장됩니다.",
            "id": "sample_028_0073_000028",
            "annotations": []
        },
        {
            "sentence": "내부 QA 리포트 경로 예시(기밀): C:\\\\internal\\\\qa\\\\report_20250616.pdf은 접근 통제가 적용됩니다.",
            "id": "sample_028_0073_000029",
            "annotations": []
        },
        {
            "sentence": "결론 및 조치: 레시피 접근 권한 최소화, 콜드체인 모니터링 보강, 리콜 시 원재료 로트와 즉각 연동된 절차를 실행할 것을 권고합니다.",
            "id": "sample_028_0073_000030",
            "annotations": []
        }
    ]
}