{
    "document_id": "066_0096",
    "document_title": "자율주행 플릿 운영 로그 및 안전성 검토 보고서",
    "data": [
        {
            "sentence": "이 문서는 자율주행 차량 및 플릿 관리 운영 로그, 안전 이벤트, OTA 기록, 센서 참조 및 유지보수 내역을 통합한 기술 문서입니다.",
            "id": "sample_066_0096_000001",
            "annotations": []
        },
        {
            "sentence": "모든 타임스탬프는 ISO8601 UTC 기준(NTP/GPS 동기화 가정)으로 표기되며 예: 2025-03-15T12:34:56.789Z.",
            "id": "sample_066_0096_000002",
            "annotations": []
        },
        {
            "sentence": "샘플 차량 식별자 vehicle_id는 VHC-2025-00096로 표기되며 관련 데이터는 분리 스토리지에 암호화 보관됩니다.",
            "id": "sample_066_0096_000003",
            "annotations": []
        },
        {
            "sentence": "운영자(operator_id)는 사내 사번과 연동되며 본 문서 샘플에는 operator_id: OP-2025-0001, 담당자: 공형태가 참조됩니다.",
            "id": "sample_066_0096_000004",
            "annotations": [
                {
                    "word": "OP-2025-0001",
                    "start": 53,
                    "end": 65,
                    "label": "개인정보"
                },
                {
                    "word": "공형태",
                    "start": 72,
                    "end": 75,
                    "label": "개인정보"
                }
            ]
        },
        {
            "sentence": "운전면허 기록(예시)은 운전면허번호 DL-850712-1234567로 표시되며 실제 데이터에서는 해시 처리됩니다.",
            "id": "sample_066_0096_000005",
            "annotations": [
                {
                    "word": "DL-850712-1234567",
                    "start": 20,
                    "end": 37,
                    "label": "개인정보"
                }
            ]
        },
        {
            "sentence": "운전자 생년월일은 1985-07-12로 기록되어 있으며, 레코드는 연(1985), 월(07), 일(12) 단위로 익명화 정책을 적용합니다.",
            "id": "sample_066_0096_000006",
            "annotations": [
                {
                    "word": "1985",
                    "start": 10,
                    "end": 14,
                    "label": "준식별자"
                },
                {
                    "word": "1985",
                    "start": 39,
                    "end": 43,
                    "label": "준식별자"
                },
                {
                    "word": "07",
                    "start": 15,
                    "end": 17,
                    "label": "준식별자"
                },
                {
                    "word": "07",
                    "start": 48,
                    "end": 50,
                    "label": "준식별자"
                },
                {
                    "word": "12",
                    "start": 18,
                    "end": 20,
                    "label": "준식별자"
                },
                {
                    "word": "12",
                    "start": 55,
                    "end": 57,
                    "label": "준식별자"
                }
            ]
        },
        {
            "sentence": "연락처(예시)로는 전화 010-1234-5678과 이메일 hong.h@mobility.test가 로그에 참조되었으나 실제 배포본에는 마스킹 처리됩니다.",
            "id": "sample_066_0096_000007",
            "annotations": [
                {
                    "word": "010-1234-5678",
                    "start": 13,
                    "end": 26,
                    "label": "개인정보"
                },
                {
                    "word": "hong.h@mobility.test",
                    "start": 32,
                    "end": 52,
                    "label": "개인정보"
                }
            ]
        },
        {
            "sentence": "운행 위치는 WGS84 좌표계로 표기되며 예시값 gps_latitude:37.4979, gps_longitude:127.0276, map_provider:HDMapCo, map_version:2025-03-01이 포함됩니다.",
            "id": "sample_066_0096_000008",
            "annotations": []
        },
        {
            "sentence": "속도와 주행 관련: speed_kmh: 45.3 km/h, heading_deg: 87.5 deg, acceleration_m_s2: 0.12 m/s^2, steering_angle_deg: -2.3 deg가 센서 퓨전 로그에 기록됩니다.",
            "id": "sample_066_0096_000009",
            "annotations": []
        },
        {
            "sentence": "라이다 포인트클라우드 참조는 s3://fleet-data/vehicle/VHC-2025-00096/scan_20250315_123456.pcd 형식이며 크기 및 포맷을 메타데이터로 표기합니다.",
            "id": "sample_066_0096_000010",
            "annotations": [
                {
                    "word": "s3://fleet-data/vehicle/VHC-2025-00096/scan_20250315_123456.pcd",
                    "start": 16,
                    "end": 79,
                    "label": "기밀정보"
                }
            ]
        },
        {
            "sentence": "카메라 이미지 참조는 s3://fleet-data/vehicle/VHC-2025-00096/cam_front_20250315_123456.png로 표기되며 해상도 및 채널 정보를 함께 기록합니다.",
            "id": "sample_066_0096_000011",
            "annotations": [
                {
                    "word": "s3://fleet-data/vehicle/VHC-2025-00096/cam_front_20250315_123456.png",
                    "start": 12,
                    "end": 80,
                    "label": "기밀정보"
                }
            ]
        },
        {
            "sentence": "레이다 탐지(radar_detections)는 객체 ID, 거리(m), 속도(m/s) 정보를 포함하는 JSON 배열로 저장됩니다.",
            "id": "sample_066_0096_000012",
            "annotations": []
        },
        {
            "sentence": "Perception 객체들은 JSON 배열로 표현되며 예: [{\"id\":\"obj_001\",\"class\":\"pedestrian\",\"confidence\":0.92}] 형태로 라벨링됩니다.",
            "id": "sample_066_0096_000013",
            "annotations": []
        },
        {
            "sentence": "플래닝된 경로(planned_route)는 GeoJSON으로 제공되며 예시에는 인접 교차로, 허용 속도, 예상 ETA가 포함됩니다.",
            "id": "sample_066_0096_000014",
            "annotations": []
        },
        {
            "sentence": "제어 명령(control_commands)은 타임스탬프와 함께 기록되며 예: {\"throttle_pct\":12.3,\"brake_n\":0,\"steering_deg\":-2.3} 형식으로 저장됩니다.",
            "id": "sample_066_0096_000015",
            "annotations": []
        },
        {
            "sentence": "배터리 SOC와 연료: battery_soc_percent: 78.5%, fuel_level_percent: 64.2%로 주기적으로 텔레메트리에 보고됩니다.",
            "id": "sample_066_0096_000016",
            "annotations": []
        },
        {
            "sentence": "주행거리 odometer_km: 12456.3 km, 펌웨어 firmware_version: fw-3.14.1, OTA 식별자 ota_update_id: OTA-20250301-07가 메타데이터로 포함됩니다.",
            "id": "sample_066_0096_000017",
            "annotations": []
        },
        {
            "sentence": "OTA 배포와 원격 명령에는 서명 필드(signature_hash: ab12cd34ef56...) 및 무결성 해시(imphash: f7a9...)가 포함되어 전송 무결성을 보장합니다.",
            "id": "sample_066_0096_000018",
            "annotations": []
        },
        {
            "sentence": "유지보수 이력에는 maintenance_status: SCHEDULED(2025-04-01) 및 담당자 기록에 '검토자: 서재범'이 포함됩니다.",
            "id": "sample_066_0096_000019",
            "annotations": [
                {
                    "word": "서재범",
                    "start": 68,
                    "end": 71,
                    "label": "개인정보"
                }
            ]
        },
        {
            "sentence": "안전 이벤트는 safety_event_id: EVT-20250315-0007로 트래킹되며 safety_level: HIGH, review_status: PENDING, 상세 리포트는 별도 보관됩니다.",
            "id": "sample_066_0096_000020",
            "annotations": []
        },
        {
            "sentence": "V2X 메시지 로그는 v2x_message_log_ref: s3://fleet-data/v2x/VHC-2025-00096/2025-03-15.log로 참조되며 암호화 전송을 사용합니다.",
            "id": "sample_066_0096_000021",
            "annotations": [
                {
                    "word": "s3://fleet-data/v2x/VHC-2025-00096/2025-03-15.log",
                    "start": 33,
                    "end": 82,
                    "label": "기밀정보"
                }
            ]
        },
        {
            "sentence": "지오펜스 geofence_id: GF-2025-GANGNAM-01과 연계된 영업지역은 서울특별시 강남구로 정의되어 있으며 접근 제어가 적용됩니다.",
            "id": "sample_066_0096_000022",
            "annotations": [
                {
                    "word": "서울특별시",
                    "start": 48,
                    "end": 53,
                    "label": "준식별자"
                },
                {
                    "word": "강남구",
                    "start": 54,
                    "end": 57,
                    "label": "준식별자"
                }
            ]
        },
        {
            "sentence": "시험 시나리오 test_scenario_id: SIM-URBAN-NIGHT-01은 source_type: simulation이며 노이즈 모델은 gaussian(mean=0, std=0.05)로 기술됩니다.",
            "id": "sample_066_0096_000023",
            "annotations": []
        },
        {
            "sentence": "시뮬레이션 노이즈 및 센서 드리프트는 센서별 현실적 분포(라이다: 0.02 m, 카메라: 색 편차 3%)로 모델링되어 레이블링 품질에 반영됩니다.",
            "id": "sample_066_0096_000024",
            "annotations": []
        },
        {
            "sentence": "라벨링 이력에는 labeler_id: LBR-3002 (권은빈), label_confidence: 0.89, review_timestamp: 2025-03-16T08:15:00.000Z가 포함되어 검수 추적이 가능합니다.",
            "id": "sample_066_0096_000025",
            "annotations": [
                {
                    "word": "LBR-3002",
                    "start": 21,
                    "end": 29,
                    "label": "개인정보"
                },
                {
                    "word": "권은빈",
                    "start": 31,
                    "end": 34,
                    "label": "개인정보"
                }
            ]
        },
        {
            "sentence": "보안 및 무결성 관련 기밀 참조로는 내부 API 엔드포인트 10.8.0.5:8443 및 파일 경로 /srv/fleet/keys/ota_sign.key가 기록되어 있습니다.",
            "id": "sample_066_0096_000026",
            "annotations": [
                {
                    "word": "10.8.0.5:8443",
                    "start": 33,
                    "end": 46,
                    "label": "기밀정보"
                },
                {
                    "word": "/srv/fleet/keys/ota_sign.key",
                    "start": 55,
                    "end": 83,
                    "label": "기밀정보"
                }
            ]
        },
        {
            "sentence": "네트워크 제한을 고려해 엣지에서 요약 전송을 수행하며 원시 센서 데이터는 온디스크에서 암호화 보관 후 샘플만 업로드합니다.",
            "id": "sample_066_0096_000027",
            "annotations": []
        },
        {
            "sentence": "규제 준수 메타데이터에는 로그 보존기간 7년, 접근 감사 로그(audit_log)가 포함되며 접근 권한은 최소 권한 원칙으로 관리됩니다.",
            "id": "sample_066_0096_000028",
            "annotations": []
        }
    ]
}