{
    "document_id": "066_0088",
    "document_title": "자율주행 플릿 066 운영 로그 및 안전성 검토 리포트",
    "data": [
        {
            "sentence": "본 문서는 자율주행 차량 및 플릿 관리(도메인 066) 운영 로그와 안전 이벤트 요약을 포함하며, 모든 타임스탬프는 ISO8601 UTC 기준입니다.",
            "id": "sample_066_0088_000001",
            "annotations": []
        },
        {
            "sentence": "타임소스는 기본 NTP 서버와 보조 GPS PPS를 동기화하여 일관된 시간 기준(예: 2026-01-22T14:03:12.123Z)을 유지합니다.",
            "id": "sample_066_0088_000002",
            "annotations": []
        },
        {
            "sentence": "샘플 레코드: vehicle_id=VEH-066-0088-20260122, timestamp=2026-01-22T14:03:12.123Z, gps_latitude=37.498765, gps_longitude=127.027652, map_provider=HDMapCo, map_version=2026.01.",
            "id": "sample_066_0088_000003",
            "annotations": []
        },
        {
            "sentence": "주행 상태: speed_kmh=42.5 km/h, heading_deg=87.3 deg, acceleration_m_s2=0.12 m/s^2, steering_angle_deg=2.8 deg, odometer_km=12458.7 km.",
            "id": "sample_066_0088_000004",
            "annotations": []
        },
        {
            "sentence": "센서 레퍼런스: lidar_point_cloud_ref=s3://private-bucket/vehicle/066/0088/lidar/session_20260122.pcd(12.4GB), camera_image_ref=s3://private-bucket/vehicle/066/0088/cam/20260122_140312.png(5.2MB).",
            "id": "sample_066_0088_000005",
            "annotations": [
                {
                    "word": "lidar_point_cloud_ref=s3://private-bucket/vehicle/066/0088/lidar/session_20260122.pcd",
                    "start": 9,
                    "end": 94,
                    "label": "기밀정보"
                },
                {
                    "word": "camera_image_ref=s3://private-bucket/vehicle/066/0088/cam/20260122_140312.png",
                    "start": 104,
                    "end": 181,
                    "label": "기밀정보"
                }
            ]
        },
        {
            "sentence": "레이더 탐지 로그는 radar_detections=[{\"id\":\"r1\",\"range_m\":45.2,\"rel_speed_m_s\":-0.6},{\"id\":\"r2\",\"range_m\":12.8,\"rel_speed_m_s\":0.0}] 형식으로 저장됩니다.",
            "id": "sample_066_0088_000006",
            "annotations": []
        },
        {
            "sentence": "Perception output: perception_objects=[{\"class\":\"vehicle\",\"bbox\":[512,340,640,480],\"confidence\":0.92},{\"class\":\"pedestrian\",\"bbox\":[120,200,160,320],\"confidence\":0.87}].",
            "id": "sample_066_0088_000007",
            "annotations": []
        },
        {
            "sentence": "플래닝 데이터는 planned_route(GeoJSON)로 보관되며, 예시: {\"type\":\"FeatureCollection\",\"features\":[{\"type\":\"Feature\",\"geometry\":{\"type\":\"LineString\",\"coordinates\":[[127.0275,37.4986],[127.0280,37.4990]]}}]}.",
            "id": "sample_066_0088_000008",
            "annotations": []
        },
        {
            "sentence": "제어 명령은 control_commands(JSON)로 기록되며, 샘플: {\"ts\":\"2026-01-22T14:03:12.120Z\",\"throttle_pct\":12.0,\"brake_pct\":0.0,\"steer_deg\":2.8}.",
            "id": "sample_066_0088_000009",
            "annotations": []
        },
        {
            "sentence": "배터리·연료 상태: battery_soc_percent=78.4%, fuel_level_percent=NA, maintenance_status=\"OK\", odometer_km=12458.7.",
            "id": "sample_066_0088_000010",
            "annotations": []
        },
        {
            "sentence": "소프트웨어 및 OTA: firmware_version=autonomy-stack-v3.2.1, ota_update_id=OTA_2026_v3, ota_server=https://ota.internal.corp/updates/ota_2026_v3.bin, integrity_hash=sha256:9b1f3d... .",
            "id": "sample_066_0088_000011",
            "annotations": [
                {
                    "word": "https://ota.internal.corp/updates/ota_2026_v3.bin",
                    "start": 91,
                    "end": 140,
                    "label": "기밀정보"
                },
                {
                    "word": "ota_update_id=OTA_2026_v3",
                    "start": 53,
                    "end": 78,
                    "label": "기밀정보"
                }
            ]
        },
        {
            "sentence": "OTA 무결성 기록은 integrity_hash와 서명 필드를 포함하며, 서명 알고리즘은 ECDSA-P256을 사용합니다.",
            "id": "sample_066_0088_000012",
            "annotations": []
        },
        {
            "sentence": "유지보수 로그에는 maintenance_status_detail={\"last_service\":\"2026-01-15T09:00:00Z\",\"service_center\":\"FleetOps Center A\",\"next_due_km\":12600}.",
            "id": "sample_066_0088_000013",
            "annotations": []
        },
        {
            "sentence": "안전 이벤트: safety_event_id=SEV-20260122-0001, safety_level=HIGH, review_status=REQUIRED, event_summary=\"긴급 제동 후 보행자 근접 경고\".",
            "id": "sample_066_0088_000014",
            "annotations": []
        },
        {
            "sentence": "안전 이벤트 트래킹은 safety_event_id로 이루어지며, 검증 이력에는 review_timestamp=2026-01-22T15:10:00Z, reviewer_id=류선예, review_notes가 포함됩니다.",
            "id": "sample_066_0088_000015",
            "annotations": [
                {
                    "word": "류선예",
                    "start": 95,
                    "end": 98,
                    "label": "개인정보"
                }
            ]
        },
        {
            "sentence": "레이블링 품질 메타데이터는 labeler_id=권경찬, label_confidence=0.94, review_timestamp=2026-01-22T16:05:00Z로 기록됩니다.",
            "id": "sample_066_0088_000016",
            "annotations": [
                {
                    "word": "권경찬",
                    "start": 26,
                    "end": 29,
                    "label": "개인정보"
                }
            ]
        },
        {
            "sentence": "운영자 정보는 operator_id=op_hash_7f3a9d4c로 해시 저장되며, 필요 시 접근 로그와 연동해 별도 인증 저장소에서 실명 매핑을 수행합니다.",
            "id": "sample_066_0088_000017",
            "annotations": []
        },
        {
            "sentence": "운영자 연락처(관리용)는 연락처=010-1234-5678 및 이메일=go.beomgyun@corp.local 형태의 내부 연락처로 보관되며 접근권한이 제한됩니다.",
            "id": "sample_066_0088_000018",
            "annotations": [
                {
                    "word": "010-1234-5678",
                    "start": 18,
                    "end": 31,
                    "label": "개인정보"
                },
                {
                    "word": "go.beomgyun@corp.local",
                    "start": 38,
                    "end": 60,
                    "label": "개인정보"
                }
            ]
        },
        {
            "sentence": "파일 및 스토리지 경로 기밀: raw_log_path=s3://private-bucket/vehicle/066/0088/logs/session_20260122.bag, credential_path=C:/srv/credentials/ota.pem, 내부 IP=10.0.5.12.",
            "id": "sample_066_0088_000019",
            "annotations": [
                {
                    "word": "s3://private-bucket/vehicle/066/0088/logs/session_20260122.bag",
                    "start": 30,
                    "end": 92,
                    "label": "기밀정보"
                },
                {
                    "word": "C:/srv/credentials/ota.pem",
                    "start": 110,
                    "end": 136,
                    "label": "기밀정보"
                },
                {
                    "word": "10.0.5.12",
                    "start": 144,
                    "end": 153,
                    "label": "기밀정보"
                }
            ]
        },
        {
            "sentence": "V2X 메시지 로그 참조는 v2x_message_log_ref=s3://private-bucket/v2x/066/20260122_v2x.log로 저장되며, 메시지 무결성 해시를 함께 보존합니다.",
            "id": "sample_066_0088_000020",
            "annotations": [
                {
                    "word": "s3://private-bucket/v2x/066/20260122_v2x.log",
                    "start": 35,
                    "end": 79,
                    "label": "기밀정보"
                }
            ]
        },
        {
            "sentence": "지오펜스 및 운행 제약: geofence_id=GF-066-NAMED-01, geofence_area=\"서울특별시 강남구 역삼동 주변 반경 500m\"로 정책이 적용됩니다.",
            "id": "sample_066_0088_000021",
            "annotations": [
                {
                    "word": "서울특별시 강남구 역삼동",
                    "start": 58,
                    "end": 71,
                    "label": "준식별자"
                }
            ]
        },
        {
            "sentence": "시험 시나리오 정보: test_scenario_id=TS-URBAN-2026-01, source_type=real_world, 시뮬레이션인 경우 noise_model={\"gps_noise_std_m\":1.5,\"lidar_dropout_pct\":0.2}.",
            "id": "sample_066_0088_000022",
            "annotations": []
        },
        {
            "sentence": "시뮬레이션 데이터와 실차 데이터는 source_type 필드로 구분되며, 시뮬레이션은 사용된 시나리오와 노이즈 파라미터를 메타데이터로 명시합니다.",
            "id": "sample_066_0088_000023",
            "annotations": []
        },
        {
            "sentence": "보안·무결성 로그에는 OTA/원격명령 관련 레코드의 서명 필드와 무결성 해시를 포함하고, 모든 원격명령은 로그에 불변(append-only)으로 기록됩니다.",
            "id": "sample_066_0088_000024",
            "annotations": []
        },
        {
            "sentence": "상호운용성 메타데이터: sensor_vendor={\"lidar\":\"LidarCorp v2\",\"camera\":\"VisionCam X3\"}, format_version={\"pcd\":\"0.7\",\"png\":\"1.2\"}, 변환 스크립트 경로가 명시됩니다.",
            "id": "sample_066_0088_000025",
            "annotations": []
        },
        {
            "sentence": "규제·보존정책: 로그 보존기간=5년(주요 안전이슈), 접근 감사 기록 보존=7년, 지역별 준수 항목(예: 개인정보 마스킹) 이행이 문서화됩니다.",
            "id": "sample_066_0088_000026",
            "annotations": []
        },
        {
            "sentence": "운행 안전을 위한 이상치 표기: 센서 드리프트나 GPS 급변동은 anomaly_flag=true로 표시하고, 이상치 사유 및 재처리 권고를 메모합니다.",
            "id": "sample_066_0088_000027",
            "annotations": []
        },
        {
            "sentence": "결론 및 조치: SEV-20260122-0001 사건에 대해 정밀 재분석을 지시하며, 담당자 고범균에게 후속 조치 및 개선 계획 제출을 요청합니다.",
            "id": "sample_066_0088_000028",
            "annotations": [
                {
                    "word": "고범균",
                    "start": 52,
                    "end": 55,
                    "label": "개인정보"
                }
            ]
        },
        {
            "sentence": "부록: 샘플 라이다 파일 참조는 lidar_ref_uri=https://data.example.com/ceilings/066/0088/lidar_pc_20260122.pcd, 카메라 파일 ref_uri=https://data.example.com/ceilings/066/0088/cam_20260122.png으로 인덱싱됩니다.",
            "id": "sample_066_0088_000029",
            "annotations": []
        },
        {
            "sentence": "문서 검토 이력: prepared_by=임희, approved_by=손은률, document_version=1.3, last_updated=2026-01-22T18:30:00Z.",
            "id": "sample_066_0088_000030",
            "annotations": [
                {
                    "word": "prepared_by=임희",
                    "start": 10,
                    "end": 24,
                    "label": "개인정보"
                },
                {
                    "word": "approved_by=손은률",
                    "start": 26,
                    "end": 41,
                    "label": "개인정보"
                }
            ]
        }
    ]
}