{
    "document_id": "066_0076",
    "document_title": "자율주행 차량 플릿 운영 로그 및 메타데이터 샘플",
    "data": [
        {
            "sentence": "본 문서는 자율주행 차량 및 플릿 관리를 위한 운영 로그와 메타데이터 샘플을 기술합니다.",
            "id": "sample_066_0076_000001",
            "annotations": []
        },
        {
            "sentence": "모든 타임스탬프는 ISO8601 UTC 기준으로 표기되며 본 문서의 예시는 NTP 동기화를 가정합니다.",
            "id": "sample_066_0076_000002",
            "annotations": []
        },
        {
            "sentence": "문서에는 차량 텔레메트리, 센서 참조, 레이블링 이력, OTA 정보, 안전 이벤트 식별자 등이 포함됩니다.",
            "id": "sample_066_0076_000003",
            "annotations": []
        },
        {
            "sentence": "차량 식별자(vehicle_id)는 VHC-2023-00076로 표기되며 실제 매핑값은 별도 보호 저장소에 보관해야 합니다.",
            "id": "sample_066_0076_000004",
            "annotations": []
        },
        {
            "sentence": "운영자(operator_id)는 OP-20231234로 표기되며 운영 환경에서는 PII 분리 저장 또는 해시 적용이 요구됩니다.",
            "id": "sample_066_0076_000005",
            "annotations": [
                {
                    "word": "OP-20231234",
                    "start": 18,
                    "end": 29,
                    "label": "개인정보"
                }
            ]
        },
        {
            "sentence": "담당자 이름(operator_name): 오혜연가 샘플 검수 담당으로 명시되어 있고 이름은 테스트 값으로 삽입되었습니다.",
            "id": "sample_066_0076_000006",
            "annotations": [
                {
                    "word": "오혜연",
                    "start": 23,
                    "end": 26,
                    "label": "개인정보"
                }
            ]
        },
        {
            "sentence": "운전자 할당(driver): 송해강가 테스트 주행에 배치되었으며 운전면허 관련 원본 데이터는 분리 보관됩니다.",
            "id": "sample_066_0076_000007",
            "annotations": [
                {
                    "word": "송해강",
                    "start": 16,
                    "end": 19,
                    "label": "개인정보"
                }
            ]
        },
        {
            "sentence": "운전자 생년월일: 1988-11-23, 성별: M, 주소: 서울특별시, 강남구 로 표기된 샘플은 준식별자 예시입니다.",
            "id": "sample_066_0076_000008",
            "annotations": [
                {
                    "word": "1988",
                    "start": 10,
                    "end": 14,
                    "label": "준식별자"
                },
                {
                    "word": "11",
                    "start": 15,
                    "end": 17,
                    "label": "준식별자"
                },
                {
                    "word": "23",
                    "start": 18,
                    "end": 20,
                    "label": "준식별자"
                },
                {
                    "word": "M",
                    "start": 26,
                    "end": 27,
                    "label": "준식별자"
                },
                {
                    "word": "서울특별시",
                    "start": 33,
                    "end": 38,
                    "label": "준식별자"
                },
                {
                    "word": "강남구",
                    "start": 40,
                    "end": 43,
                    "label": "준식별자"
                }
            ]
        },
        {
            "sentence": "차량 GPS 위치는 gps_latitude=37.498000, gps_longitude=127.027000, 좌표계=WGS84로 기록됩니다.",
            "id": "sample_066_0076_000009",
            "annotations": []
        },
        {
            "sentence": "주행 상태: speed_kmh=48.5 km/h, heading_deg=172.4 deg, acceleration_m_s2=-0.23 m/s^2, steering_angle_deg=-2.1 deg.",
            "id": "sample_066_0076_000010",
            "annotations": []
        },
        {
            "sentence": "LiDAR 포인트클라우드 참조: s3://fleet-data/vhc-076/lidar/2025-03-14T08:15:27Z_scan.pcd (format: .pcd, size:1.2GB).",
            "id": "sample_066_0076_000011",
            "annotations": [
                {
                    "word": "s3://fleet-data/vhc-076/lidar/2025-03-14T08:15:27Z_scan.pcd",
                    "start": 18,
                    "end": 77,
                    "label": "기밀정보"
                }
            ]
        },
        {
            "sentence": "카메라 이미지 참조: s3://fleet-data/vhc-076/cam/front/2025-03-14T08:15:27Z_frame000123.png (format: .png, size:8.6MB).",
            "id": "sample_066_0076_000012",
            "annotations": [
                {
                    "word": "s3://fleet-data/vhc-076/cam/front/2025-03-14T08:15:27Z_frame000123.png",
                    "start": 12,
                    "end": 82,
                    "label": "기밀정보"
                }
            ]
        },
        {
            "sentence": "radar_detections 필드에는 객체별 거리 및 상대속도와 노이즈 프로파일 메타데이터가 포함됩니다.",
            "id": "sample_066_0076_000013",
            "annotations": []
        },
        {
            "sentence": "perception_objects 샘플: [{object_id:'obj_0001', class:'pedestrian', confidence:0.93}], labeling: labeler_id=LN-2025-004, label_confidence=0.92.",
            "id": "sample_066_0076_000014",
            "annotations": [
                {
                    "word": "LN-2025-004",
                    "start": 107,
                    "end": 118,
                    "label": "개인정보"
                }
            ]
        },
        {
            "sentence": "planned_route(geojson) 파일 경로: routes/vhc-076/2025-03-14_route.geojson, geofence_id=GF-3312, test_scenario_id=SCN-09.",
            "id": "sample_066_0076_000015",
            "annotations": [
                {
                    "word": "routes/vhc-076/2025-03-14_route.geojson",
                    "start": 30,
                    "end": 69,
                    "label": "기밀정보"
                }
            ]
        },
        {
            "sentence": "control_commands 예시에는 타임스탬프와 throttle, brake, yaw_rate 값이 포함되며 OTA 서명 필드가 함께 저장됩니다.",
            "id": "sample_066_0076_000016",
            "annotations": []
        },
        {
            "sentence": "ota_update_id=OTA-2025-0009, firmware_version=fw_v5.3.2, ota_signature=sha256:abcdef1234567890deadbeefcafebabe로 무결성을 기록합니다.",
            "id": "sample_066_0076_000017",
            "annotations": [
                {
                    "word": "sha256:abcdef1234567890deadbeefcafebabe",
                    "start": 71,
                    "end": 110,
                    "label": "기밀정보"
                }
            ]
        },
        {
            "sentence": "배터리 상태: battery_soc_percent=78.6%, odometer_km=12482.7 km, maintenance_status: due_in_1500_km 으로 표기됩니다.",
            "id": "sample_066_0076_000018",
            "annotations": []
        },
        {
            "sentence": "V2X 메시지 로그 참조: kafka://v2x-cluster/topic/vhc-076/2025-03-14 (offsets 포함) 및 무결성 검증 결과를 보관합니다.",
            "id": "sample_066_0076_000019",
            "annotations": [
                {
                    "word": "kafka://v2x-cluster/topic/vhc-076/2025-03-14",
                    "start": 15,
                    "end": 59,
                    "label": "기밀정보"
                }
            ]
        },
        {
            "sentence": "safety_event_id=SEVT-20250314-0012, event_summary='급정거 후 보행자 회피', safety_level=HIGH, review_status=PENDING, review_timestamp=2025-03-14T09:02:12Z.",
            "id": "sample_066_0076_000020",
            "annotations": []
        },
        {
            "sentence": "센서 노이즈 모델: LiDAR additive gaussian(scale=0.03 m), camera_noise gaussian(sigma=2.1), 드리프트 보정 주기가 함께 기록됩니다.",
            "id": "sample_066_0076_000021",
            "annotations": []
        },
        {
            "sentence": "시뮬레이션 데이터(source_type: SIMULATION) 예시: test_scenario_id=SCN-09, noise_model latency_jitter~N(0,5), seed=42로 표기합니다.",
            "id": "sample_066_0076_000022",
            "annotations": []
        },
        {
            "sentence": "실차 데이터(source_type: REAL)는 엣지-클라우드 전송 요약과 보존정책(보존기간 5년, 접근감사 7년)을 준수해야 합니다.",
            "id": "sample_066_0076_000023",
            "annotations": []
        },
        {
            "sentence": "보안 및 무결성 요구사항: OTA 및 원격명령 로그에는 서명(signed_by=권이음) 및 integrity_hash 필드를 포함해야 합니다.",
            "id": "sample_066_0076_000024",
            "annotations": [
                {
                    "word": "권이음",
                    "start": 44,
                    "end": 47,
                    "label": "개인정보"
                }
            ]
        },
        {
            "sentence": "규제 준수 절차는 지역별 로그 보존기간 및 익명화 규칙을 반영하여 법무 검토 후 정책문서로 확정됩니다.",
            "id": "sample_066_0076_000025",
            "annotations": []
        },
        {
            "sentence": "레이블링 이력 예시: labeler_id=LN-2025-004, review_timestamp=2025-03-15T10:12:00Z, label_confidence=0.92, auditor=이수하.",
            "id": "sample_066_0076_000026",
            "annotations": [
                {
                    "word": "LN-2025-004",
                    "start": 23,
                    "end": 34,
                    "label": "개인정보"
                },
                {
                    "word": "이수하",
                    "start": 106,
                    "end": 109,
                    "label": "개인정보"
                }
            ]
        },
        {
            "sentence": "내부 관리용 서버 IP: 10.10.32.15, 파일경로: /srv/data/vhc-076/logs/2025-03-14.log 은 기밀로 분류되어 접근 통제가 필요합니다.",
            "id": "sample_066_0076_000027",
            "annotations": [
                {
                    "word": "10.10.32.15",
                    "start": 14,
                    "end": 25,
                    "label": "기밀정보"
                },
                {
                    "word": "/srv/data/vhc-076/logs/2025-03-14.log",
                    "start": 33,
                    "end": 70,
                    "label": "기밀정보"
                }
            ]
        }
    ]
}