{
    "document_id": "066_0006",
    "document_title": "플릿 운영 및 안전 리포트 샘플 (자율주행 차량 VEH_0006)",
    "data": [
        {
            "sentence": "본 문서는 자율주행 차량 및 플릿 관리 데이터의 샘플 기록과 안전보고 프로세스를 기술한 예시 자료입니다.",
            "id": "sample_066_0006_000001",
            "annotations": []
        },
        {
            "sentence": "문서 목적은 센서·제어·OTA·유지보수·V2X 로그의 구조를 명세하고, 보존정책과 보안 요구사항을 시연하는 것입니다.",
            "id": "sample_066_0006_000002",
            "annotations": []
        },
        {
            "sentence": "데이터 소스는 실차 로그(source_type: \"real\")와 시뮬레이션(source_type: \"simulation\")을 혼재하며, 각 기록은 ISO8601 UTC 타임스탬프를 사용합니다.",
            "id": "sample_066_0006_000003",
            "annotations": []
        },
        {
            "sentence": "차량 메타데이터 예: vehicle_id: \"VEH_0006\", firmware_version: \"fw_1.4.2\", last_ota_update_id: \"OTA_20260123_01\", 등록일: 2026-01-23T08:15:30.123Z.",
            "id": "sample_066_0006_000004",
            "annotations": []
        },
        {
            "sentence": "실시간 텔레메트리 샘플(ISO8601 UTC): timestamp: 2026-01-23T08:15:30.123Z, gps_latitude: 37.497945, gps_longitude: 127.027621 (WGS84), speed_kmh: 42.3 km/h, heading_deg: 178.5 deg, acceleration_m_s2: -0.45 m/s^2, steering_angle_deg: 2.1 deg, battery_soc_percent: 78 %, fuel_level_percent: null, odometer_km: 12345.7 km.",
            "id": "sample_066_0006_000005",
            "annotations": []
        },
        {
            "sentence": "센서 참조: lidar_point_cloud_ref: \"s3://autodata/VEH_0006/pcd/20260123T081530Z.pcd\", camera_image_ref: \"s3://autodata/VEH_0006/cam/20260123T081530Z_front.png\", radar_detections_ref: \"s3://autodata/VEH_0006/radar/20260123T081530Z.json\".",
            "id": "sample_066_0006_000006",
            "annotations": []
        },
        {
            "sentence": "Perception 결과(샘플): perception_objects: [{\"id\":1,\"type\":\"pedestrian\",\"bbox\":[1024,512,1100,780],\"confidence\":0.94}], labeler_id: \"전예준\", label_confidence: 0.94, review_timestamp: 2026-01-23T09:00:00.000Z.",
            "id": "sample_066_0006_000007",
            "annotations": [
                {
                    "word": "전예준",
                    "start": 129,
                    "end": 132,
                    "label": "개인정보"
                }
            ]
        },
        {
            "sentence": "계획경로(GeoJSON 요약): planned_route: {\"type\":\"LineString\",\"coordinates\":[[127.0276,37.4979],[127.0286,37.4985]]}, geofence_id: \"GF_17\", test_scenario_id: \"TS_2026_01_DRIVE_07\".",
            "id": "sample_066_0006_000008",
            "annotations": []
        },
        {
            "sentence": "주행 제어 명령(샘플): control_commands: {\"throttle_pct\":12.5,\"brake_pct\":0.0,\"steering_deg\":2.1}, timestamp: 2026-01-23T08:15:30.120Z, command_latency_ms: 42 ms.",
            "id": "sample_066_0006_000009",
            "annotations": []
        },
        {
            "sentence": "V2X 로그 참조: v2x_message_log_ref: \"s3://v2x/VEH_0006/20260123T081530Z.pcap\", map_provider: \"HERE\", map_version: \"v2026.01-hd-1\".",
            "id": "sample_066_0006_000010",
            "annotations": []
        },
        {
            "sentence": "안전 이벤트 레코드: safety_event_id: \"SEV_00071\", event_timestamp: 2026-01-23T08:16:02.500Z, safety_level: \"critical\", review_status: \"under_review\", 담당 조사자: 전루겸.",
            "id": "sample_066_0006_000011",
            "annotations": [
                {
                    "word": "전루겸",
                    "start": 150,
                    "end": 153,
                    "label": "개인정보"
                }
            ]
        },
        {
            "sentence": "OTA 레코드 예시: ota_update_id: \"OTA_20260123_01\", firmware_version: \"fw_1.4.2\", integrity_hash(sha256): \"e3b0c44298fc1c149afbf4c8996fb924...\", signing_key_id: \"sk_prod_signing_v1\"(서명 키 식별자, 내부 비밀 관리 대상).",
            "id": "sample_066_0006_000012",
            "annotations": [
                {
                    "word": "sk_prod_signing_v1",
                    "start": 156,
                    "end": 174,
                    "label": "기밀정보"
                }
            ]
        },
        {
            "sentence": "정비 로그: maintenance_status: \"completed\", last_maintenance_at: 2026-01-20T11:00:00.000Z, 기록 파일: \"/internal/logs/maintenance/VEH_0006_20260123.log\"(사내 경로, 접근 제한).",
            "id": "sample_066_0006_000013",
            "annotations": [
                {
                    "word": "/internal/logs/maintenance/VEH_0006_20260123.log",
                    "start": 95,
                    "end": 143,
                    "label": "기밀정보"
                }
            ]
        },
        {
            "sentence": "운영자 연락처(샘플): operator_id: \"OP_009\", 운영 담당자: 우경미, 내부 사번: 202345, 업무 역할: 플릿 운영 매니저(연락처는 별도 보관 정책 적용).",
            "id": "sample_066_0006_000014",
            "annotations": [
                {
                    "word": "우경미",
                    "start": 44,
                    "end": 47,
                    "label": "개인정보"
                },
                {
                    "word": "202345",
                    "start": 56,
                    "end": 62,
                    "label": "개인정보"
                }
            ]
        },
        {
            "sentence": "운전자 레거시 정보(샘플): 운전면허번호: D12345678, 생년월일: 1985-07-21, 성별: 여성, 레거시 시스템명: \"조영신\"(동일 인명은 익명화 정책 대상).",
            "id": "sample_066_0006_000015",
            "annotations": [
                {
                    "word": "D12345678",
                    "start": 24,
                    "end": 33,
                    "label": "개인정보"
                },
                {
                    "word": "1985-07-21",
                    "start": 41,
                    "end": 51,
                    "label": "준식별자"
                },
                {
                    "word": "여성",
                    "start": 57,
                    "end": 59,
                    "label": "준식별자"
                },
                {
                    "word": "조영신",
                    "start": 72,
                    "end": 75,
                    "label": "개인정보"
                }
            ]
        },
        {
            "sentence": "운영 인프라 정보: 로그 수집 서버 IP: 10.10.5.12, VPN 호스트: vpn.autofleet.internal, 이들 엔드포인트는 내부 네트워크로 분류됩니다.",
            "id": "sample_066_0006_000016",
            "annotations": [
                {
                    "word": "10.10.5.12",
                    "start": 24,
                    "end": 34,
                    "label": "기밀정보"
                },
                {
                    "word": "vpn.autofleet.internal",
                    "start": 45,
                    "end": 67,
                    "label": "기밀정보"
                }
            ]
        },
        {
            "sentence": "라벨링 검수 이력: labeler_id: \"조영신\", label_confidence: 0.88, review_timestamp: 2026-01-23T10:15:00.000Z, reviewer_id: \"권선호\"(검수 기록 추적).",
            "id": "sample_066_0006_000017",
            "annotations": [
                {
                    "word": "조영신",
                    "start": 24,
                    "end": 27,
                    "label": "개인정보"
                }
            ]
        },
        {
            "sentence": "시뮬레이션 메타: source_type: \"simulation\", scenario_id: \"SIM_CITY_07\", noise_model: {\"gps_drift_m\":0.8, \"lidar_range_noise_m\":0.02}, 시나리오 설명 포함.",
            "id": "sample_066_0006_000018",
            "annotations": []
        },
        {
            "sentence": "센서 노이즈 모델링: 카메라 화소별 노이즈 N(0,6.5), 라이다 거리편차 평균 0 m 표준편차 0.02 m, 레이더 감도 드리프트는 시간 기반 보정 필요.",
            "id": "sample_066_0006_000019",
            "annotations": []
        },
        {
            "sentence": "규제·보존 정책: 로그 보존기간은 운행 안전 로그 7년, 테스트 시나리오 전문 10년으로 설정되며 접근 감사(audit trail)를 필수로 합니다.",
            "id": "sample_066_0006_000020",
            "annotations": []
        },
        {
            "sentence": "보안 인프라 참조 URL(내부): https://internal-svc.local/ota, TLS 인증서 지문 및 접근 권한 제어로 OTA 무결성 검증을 수행합니다.",
            "id": "sample_066_0006_000021",
            "annotations": [
                {
                    "word": "https://internal-svc.local/ota",
                    "start": 19,
                    "end": 49,
                    "label": "기밀정보"
                }
            ]
        },
        {
            "sentence": "맵 호환성·상호운용성: map_provider: \"HERE\", map_version: \"v2026.01-hd-1\", HD 맵 좌표계와 변환 메타데이터를 함께 저장합니다.",
            "id": "sample_066_0006_000022",
            "annotations": []
        },
        {
            "sentence": "지오펜스 준수 예시: geofence_id: \"GF_17\" 영역은 서울특별시 강남구 기준 반경 250 m로 설정되어 있으며, 진입·이탈 알림을 기록합니다.",
            "id": "sample_066_0006_000023",
            "annotations": [
                {
                    "word": "서울특별시 강남구",
                    "start": 37,
                    "end": 46,
                    "label": "준식별자"
                }
            ]
        },
        {
            "sentence": "비상 정지(예시): emergency_stop issued_by: \"operator\", operator_name: 전진효, command_timestamp: 2026-01-23T08:16:03.120Z, 원인: 보행자 급출현.",
            "id": "sample_066_0006_000024",
            "annotations": [
                {
                    "word": "전진효",
                    "start": 64,
                    "end": 67,
                    "label": "개인정보"
                }
            ]
        },
        {
            "sentence": "감사 추적 샘플: audit_log_id: \"AUD_20260123_009\", auditor: 나미희, audit_timestamp: 2026-01-24T07:00:00.000Z, 변경 내역과 접근자 기록 포함.",
            "id": "sample_066_0006_000025",
            "annotations": [
                {
                    "word": "나미희",
                    "start": 53,
                    "end": 56,
                    "label": "개인정보"
                }
            ]
        },
        {
            "sentence": "테스트 시나리오 참조: test_scenario_id: \"TS_2026_01_DRIVE_07\", 설명: 도심 저속 주행, 시나리오 로그는 별도 보관 및 샘플링 규칙 적용.",
            "id": "sample_066_0006_000026",
            "annotations": []
        },
        {
            "sentence": "권장 조치 및 보완 항목: OTA 서명 키의 주기적 교체, 라이다 캘리브레이션 검수, 레이블링 검증 단계 강화 및 접근 권한 분리 조치 수행.",
            "id": "sample_066_0006_000027",
            "annotations": []
        },
        {
            "sentence": "책임자 서명(샘플): 작성자: 하도균, 검수자: 신진원, 문서 버전: v0.9, 최종 검토 일시: 2026-01-25T14:30:00.000Z.",
            "id": "sample_066_0006_000028",
            "annotations": [
                {
                    "word": "하도균",
                    "start": 17,
                    "end": 20,
                    "label": "개인정보"
                },
                {
                    "word": "신진원",
                    "start": 27,
                    "end": 30,
                    "label": "개인정보"
                }
            ]
        }
    ]
}