{
    "document_id": "066_0041",
    "document_title": "자율주행 차량 및 플릿 관리 운영 로그 및 메타데이터 생성 규격서",
    "data": [
        {
            "sentence": "문서 개요: 본 문서는 자율주행 차량 및 플릿 관리 운영 로그와 메타데이터 생성 규격을 기술합니다.",
            "id": "sample_066_0041_000001",
            "annotations": []
        },
        {
            "sentence": "목적: 안전이 최우선인 데이터 파이프라인 설계, 저장 정책, 접근 통제 및 보존 기간을 정의합니다.",
            "id": "sample_066_0041_000002",
            "annotations": []
        },
        {
            "sentence": "타임소스는 NTP/GPS 동기화가 적용되며 모든 타임스탬프는 ISO8601 UTC 형식으로 표기됩니다.",
            "id": "sample_066_0041_000003",
            "annotations": []
        },
        {
            "sentence": "샘플 레코드는 timestamp: 2026-01-22T09:15:00Z 형식을 사용하여 센서 퓨전 로그에 고정밀 타임스탬프를 기록합니다.",
            "id": "sample_066_0041_000004",
            "annotations": [
                {
                    "word": "2026-01-22T09:15:00Z",
                    "start": 19,
                    "end": 39,
                    "label": "준식별자"
                }
            ]
        },
        {
            "sentence": "위치 정보는 WGS84 좌표계를 사용하고 HD 지도 메타데이터로 map_provider와 map_version을 명시합니다.",
            "id": "sample_066_0041_000005",
            "annotations": []
        },
        {
            "sentence": "운행 레코드 예시는 vehicle_id: FLEET-ACME-00042, gps_latitude: 37.498123, gps_longitude: 127.027456으로 구성됩니다.",
            "id": "sample_066_0041_000006",
            "annotations": [
                {
                    "word": "FLEET-ACME-00042",
                    "start": 23,
                    "end": 39,
                    "label": "기밀정보"
                }
            ]
        },
        {
            "sentence": "속도 및 가속도는 speed_kmh: 42.5 km/h, acceleration_m_s2: -0.8 m/s^2 형태로 단위를 명시하여 저장합니다.",
            "id": "sample_066_0041_000007",
            "annotations": []
        },
        {
            "sentence": "주행 헤딩과 조향 각도는 heading_deg: 178.3 deg, steering_angle_deg: 3.2 deg로 캡처됩니다.",
            "id": "sample_066_0041_000008",
            "annotations": []
        },
        {
            "sentence": "센서 참조는 lidar_point_cloud_ref: s3://fleet-data/lidar/FLEET-ACME-00042/20260122_091500.pcd, camera_image_ref: s3://fleet-data/cam/FLEET-ACME-00042/20260122_091500.png로 표시합니다.",
            "id": "sample_066_0041_000009",
            "annotations": []
        },
        {
            "sentence": "레이더 감지는 radar_detections 배열로 기록하고 각각의 탐지에는 거리(m), 반사도, 상대속도(m/s)를 포함합니다.",
            "id": "sample_066_0041_000010",
            "annotations": []
        },
        {
            "sentence": "인지 객체는 perception_objects JSON 배열로 레이블 id, 클래스, 바운딩 박스, 추적 id, label_confidence를 포함합니다.",
            "id": "sample_066_0041_000011",
            "annotations": []
        },
        {
            "sentence": "레이블링 검증 이력은 labeler_id, label_confidence, review_timestamp 필드로 추적되며 review_timestamp는 ISO8601 UTC로 저장합니다.",
            "id": "sample_066_0041_000012",
            "annotations": []
        },
        {
            "sentence": "OTA 업데이트와 관련된 레코드에는 ota_update_id: OTA-2026-0042, firmware_version: 3.2.1 및 서명 무결성 해시(signature_hash)를 포함합니다.",
            "id": "sample_066_0041_000013",
            "annotations": []
        },
        {
            "sentence": "원격 명령 및 OTA 무결성 검증을 위해 서명 값과 무결성 해시를 로그에 포함하고 검증 성공·실패를 기록합니다.",
            "id": "sample_066_0041_000014",
            "annotations": []
        },
        {
            "sentence": "보안 고려사항으로 OTA 서명키 해시 예시로 a3b1f9e8d4f6 값을 내부적으로 참조하여 키 관리 정책을 적용합니다.",
            "id": "sample_066_0041_000015",
            "annotations": [
                {
                    "word": "a3b1f9e8d4f6",
                    "start": 25,
                    "end": 37,
                    "label": "기밀정보"
                }
            ]
        },
        {
            "sentence": "내부 관리 서버와의 통신 로그에는 서버 IP 10.0.0.42 및 내부 업데이트 URL https://internal.acme.local/update가 참조됩니다.",
            "id": "sample_066_0041_000016",
            "annotations": [
                {
                    "word": "10.0.0.42",
                    "start": 25,
                    "end": 34,
                    "label": "기밀정보"
                },
                {
                    "word": "https://internal.acme.local/update",
                    "start": 49,
                    "end": 83,
                    "label": "기밀정보"
                }
            ]
        },
        {
            "sentence": "파일시스템 경로와 비공개 키 파일 경로 예시는 /internal/keys/ota_signing.key로 내부 접근 제어가 필요합니다.",
            "id": "sample_066_0041_000017",
            "annotations": [
                {
                    "word": "/internal/keys/ota_signing.key",
                    "start": 26,
                    "end": 56,
                    "label": "기밀정보"
                }
            ]
        },
        {
            "sentence": "안전 이벤트는 safety_event_id로 추적되며 safety_level과 review_status 필드를 통해 사건 심각도와 검증 단계를 명시합니다.",
            "id": "sample_066_0041_000018",
            "annotations": []
        },
        {
            "sentence": "시뮬레이션 데이터는 source_type: simulation으로 표기하고 노이즈 모델, 시나리오 ID(test_scenario_id) 및 랜덤시드 정보를 포함합니다.",
            "id": "sample_066_0041_000019",
            "annotations": []
        },
        {
            "sentence": "실차 로그는 source_type: real로 표기하고 차량 고유 구성, 센서 캘리브레이션, odometer_km 및 battery_soc_percent를 저장합니다.",
            "id": "sample_066_0041_000020",
            "annotations": []
        },
        {
            "sentence": "운영자 식별은 operator_id 필드로 관리되며 운영자 정보 예시는 운영자: 류혜림, 사번: 20210432와 같이 내부 감사 로그에 남습니다.",
            "id": "sample_066_0041_000021",
            "annotations": [
                {
                    "word": "류혜림",
                    "start": 45,
                    "end": 48,
                    "label": "개인정보"
                },
                {
                    "word": "20210432",
                    "start": 54,
                    "end": 62,
                    "label": "개인정보"
                }
            ]
        },
        {
            "sentence": "유지보수 기록은 maintenance_status와 정비자 이름(예: 황가람), 정비 시작·종료 타임스탬프, 교체 부품의 부품번호를 포함합니다.",
            "id": "sample_066_0041_000022",
            "annotations": [
                {
                    "word": "황가람",
                    "start": 39,
                    "end": 42,
                    "label": "개인정보"
                }
            ]
        },
        {
            "sentence": "지오펜스 이벤트는 geofence_id와 경계폴리곤(GeoJSON), 진입/이탈 타임스탬프 및 연속 머무름 시간으로 분석합니다.",
            "id": "sample_066_0041_000023",
            "annotations": []
        },
        {
            "sentence": "V2X 메시지는 v2x_message_log_ref로 보관하고 메시지 무결성 검증을 위해 서명 필드와 인증서 메타데이터를 함께 저장합니다.",
            "id": "sample_066_0041_000024",
            "annotations": []
        },
        {
            "sentence": "경로 계획 및 스케줄은 planned_route(GeoJSON)과 control_commands JSON으로 기록되며 예측 궤적과 제어 입력을 동기화합니다.",
            "id": "sample_066_0041_000025",
            "annotations": []
        },
        {
            "sentence": "규정 준수 및 보존 정책은 로그 보존기간 5년, 접근 감사 로그 유지 및 최소 권한 원칙을 기술합니다.",
            "id": "sample_066_0041_000026",
            "annotations": []
        },
        {
            "sentence": "라이다·이미지 데이터의 스토리지 비용 절감을 위해 엣지에서 압축·요약 후 클라우드 전송하는 정책과 샘플링 주기를 정의합니다.",
            "id": "sample_066_0041_000027",
            "annotations": []
        },
        {
            "sentence": "운행 지역 메타데이터에는 행정구역 표기가 포함될 수 있으며 예시로 서울특별시 서초구의 운영 구간을 명시합니다.",
            "id": "sample_066_0041_000028",
            "annotations": [
                {
                    "word": "서울특별시 서초구",
                    "start": 37,
                    "end": 46,
                    "label": "준식별자"
                }
            ]
        },
        {
            "sentence": "민감도 분류 정책으로 개인정보는 분리 저장·해시 처리하고 접근은 감사토큰 기반으로 제어합니다.",
            "id": "sample_066_0041_000029",
            "annotations": []
        },
        {
            "sentence": "결론 및 실행 항목: 데이터 분류표 적용, 레이블링 검수 프로세스 정립, OTA 키 관리 강화, 보존정책 시행을 권고합니다.",
            "id": "sample_066_0041_000030",
            "annotations": []
        }
    ]
}