﻿word,document,sentence,label
VHC-20260123-0001,066_0001,sample_066_0001_000003,기밀정보
s3://autonomy-dataset/vhc/VHC-20260123-0001/lidar/000123.pcd,066_0001,sample_066_0001_000006,기밀정보
gs://fleet-images/vhc_0001/cam_front_000123.png,066_0001,sample_066_0001_000007,기밀정보
OTA-2026-01-20-09A,066_0001,sample_066_0001_000011,기밀정보
fw_v3.8.1-rc2,066_0001,sample_066_0001_000013,기밀정보
유윤슬,066_0001,sample_066_0001_000014,개인정보
EMP-0007,066_0001,sample_066_0001_000015,개인정보
진현희,066_0001,sample_066_0001_000015,개인정보
D-85-07-23-0001,066_0001,sample_066_0001_000016,개인정보
1985-07-23,066_0001,sample_066_0001_000016,준식별자
남,066_0001,sample_066_0001_000016,준식별자
010-1234-5678,066_0001,sample_066_0001_000017,개인정보
jinho.driver@example.com,066_0001,sample_066_0001_000017,개인정보
서울특별시 강남구 역삼동 834-12 10층,066_0001,sample_066_0001_000018,개인정보
서울특별시 강남구,066_0001,sample_066_0001_000018,준식별자
https://v2x-log.internal.corp/logs/vhc-0001/2026-01-23.log,066_0001,sample_066_0001_000019,기밀정보
조진형,066_0001,sample_066_0001_000023,개인정보
10.10.1.15,066_0001,sample_066_0001_000024,기밀정보
a3f5c9d8e1b2f4c9d8e1b2f4c9d8e1b2f4c9d8e1b2f4c9d8e1b2f4c9d8e1b2f,066_0001,sample_066_0001_000025,기밀정보
1HGCM82633A004352,066_0001,sample_066_0001_000028,기밀정보
/srv/autonomy/releases/fw_v3.8.1,066_0001,sample_066_0001_000029,기밀정보
admin_internal,066_0001,sample_066_0001_000030,기밀정보
김세종,066_0002,sample_066_0002_000004,개인정보
1985-07-23,066_0002,sample_066_0002_000005,준식별자
남성,066_0002,sample_066_0002_000005,준식별자
https://internal.corp.local/ota,066_0002,sample_066_0002_000009,기밀정보
10.0.4.12,066_0002,sample_066_0002_000010,기밀정보
/srv/ota/private_keys.pem,066_0002,sample_066_0002_000011,기밀정보
황래나,066_0002,sample_066_0002_000014,개인정보
서울특별시 송파구,066_0002,sample_066_0002_000015,준식별자
최세나,066_0002,sample_066_0002_000019,개인정보
vpn.corp.internal:1194,066_0002,sample_066_0002_000022,기밀정보
/srv/ota/private_keys.pem,066_0002,sample_066_0002_000024,기밀정보
이영자,066_0002,sample_066_0002_000025,개인정보
fleet-db-master.internal,066_0002,sample_066_0002_000027,기밀정보
정근우,066_0002,sample_066_0002_000028,개인정보
천혜율,066_0003,sample_066_0003_000004,개인정보
OP-2024-0001,066_0003,sample_066_0003_000004,개인정보
L-2024-00987,066_0003,sample_066_0003_000005,개인정보
1987-05-23,066_0003,sample_066_0003_000005,준식별자
여성,066_0003,sample_066_0003_000005,준식별자
서울특별시,066_0003,sample_066_0003_000006,준식별자
강남구,066_0003,sample_066_0003_000006,준식별자
cheon.hyeul@fleet.local,066_0003,sample_066_0003_000007,개인정보
OP-EXT-45,066_0003,sample_066_0003_000007,개인정보
10.20.30.40,066_0003,sample_066_0003_000010,기밀정보
/opt/autonomy/keys/ota_private.pem,066_0003,sample_066_0003_000011,기밀정보
sha256:e3b0c44298fc1c149afbf4c8996fb92427ae41e4649b934ca495991b7852b855,066_0003,sample_066_0003_000011,기밀정보
문희윤,066_0003,sample_066_0003_000016,개인정보
고하음,066_0003,sample_066_0003_000026,개인정보
심미리,066_0003,sample_066_0003_000026,개인정보
vpn.corp.example.internal,066_0003,sample_066_0003_000027,기밀정보
admin@corp.internal,066_0003,sample_066_0003_000027,기밀정보
김은겸,066_0004,sample_066_0004_000022,개인정보
서새라,066_0004,sample_066_0004_000023,개인정보
서울특별시 강남구,066_0004,sample_066_0004_000024,준식별자
10.10.23.45,066_0004,sample_066_0004_000017,기밀정보
vpn.company.internal,066_0004,sample_066_0004_000017,기밀정보
SHA256:3f786850e387550fdab836ed7e6dc881de23001b,066_0004,sample_066_0004_000015,기밀정보
/srv/internal/commands/2024/01/15/cmd_081230.log,066_0004,sample_066_0004_000016,기밀정보
신세혁,066_0005,sample_066_0005_000003,개인정보
OP-000123,066_0005,sample_066_0005_000003,개인정보
서울특별시 강남구,066_0005,sample_066_0005_000004,준식별자
2025-03-12T14:23:05Z,066_0005,sample_066_0005_000005,준식별자
채수민,066_0005,sample_066_0005_000009,개인정보
2025-03-12T15:01:00Z,066_0005,sample_066_0005_000009,준식별자
10.10.32.15,066_0005,sample_066_0005_000010,기밀정보
https://internal.corp.local/ota/manifest.json,066_0005,sample_066_0005_000010,기밀정보
공태이,066_0005,sample_066_0005_000020,개인정보
DL_HASH: e3b0c442,066_0005,sample_066_0005_000021,개인정보
서울특별시 서초구,066_0005,sample_066_0005_000022,준식별자
vpn.corp.internal,066_0005,sample_066_0005_000024,기밀정보
채수민,066_0005,sample_066_0005_000026,개인정보
전예준,066_0006,sample_066_0006_000007,개인정보
전루겸,066_0006,sample_066_0006_000011,개인정보
sk_prod_signing_v1,066_0006,sample_066_0006_000012,기밀정보
/internal/logs/maintenance/VEH_0006_20260123.log,066_0006,sample_066_0006_000013,기밀정보
우경미,066_0006,sample_066_0006_000014,개인정보
202345,066_0006,sample_066_0006_000014,개인정보
D12345678,066_0006,sample_066_0006_000015,개인정보
1985-07-21,066_0006,sample_066_0006_000015,준식별자
여성,066_0006,sample_066_0006_000015,준식별자
조영신,066_0006,sample_066_0006_000015,개인정보
10.10.5.12,066_0006,sample_066_0006_000016,기밀정보
vpn.autofleet.internal,066_0006,sample_066_0006_000016,기밀정보
조영신,066_0006,sample_066_0006_000017,개인정보
https://internal-svc.local/ota,066_0006,sample_066_0006_000021,기밀정보
서울특별시 강남구,066_0006,sample_066_0006_000023,준식별자
전진효,066_0006,sample_066_0006_000024,개인정보
나미희,066_0006,sample_066_0006_000025,개인정보
/internal/policies/operational_guidelines_v2.docx,066_0006,sample_066_0006_000027,기밀정보
하도균,066_0006,sample_066_0006_000028,개인정보
신진원,066_0006,sample_066_0006_000028,개인정보
류지현,066_0007,sample_066_0007_000004,개인정보
OP-2024-0007,066_0007,sample_066_0007_000004,개인정보
ryu.jh@example.com,066_0007,sample_066_0007_000004,개인정보
안준석,066_0007,sample_066_0007_000006,개인정보
1987-05-23,066_0007,sample_066_0007_000006,준식별자
송제나,066_0007,sample_066_0007_000013,개인정보
LN-1002,066_0007,sample_066_0007_000013,개인정보
서울특별시 강남구,066_0007,sample_066_0007_000014,준식별자
황재온,066_0007,sample_066_0007_000015,개인정보
sha256:3f4a5b9c18deadbeefcafebabe00000011112222,066_0007,sample_066_0007_000016,기밀정보
10.4.12.5,066_0007,sample_066_0007_000021,기밀정보
/opt/autonomy/config/secret.yaml,066_0007,sample_066_0007_000021,기밀정보
vpn://internal.company.local,066_0007,sample_066_0007_000021,기밀정보
김경덕,066_0007,sample_066_0007_000022,개인정보
VT-7F3A,066_0008,sample_066_0008_000003,기밀정보
fw_v3.12.7-internal,066_0008,sample_066_0008_000011,기밀정보
OTA_20250128_7f3a,066_0008,sample_066_0008_000012,기밀정보
https://ota.company.local/manifests/OTA_20250128_7f3a.json,066_0008,sample_066_0008_000012,기밀정보
sha256:3a5f...b9c1,066_0008,sample_066_0008_000012,기밀정보
/srv/data/maintenance/VT-7F3A/Q1_2025/점검보고서.pdf,066_0008,sample_066_0008_000013,기밀정보
https://internal-v2x.company.local/logs/VT-7F3A/20250128,066_0008,sample_066_0008_000015,기밀정보
hash:3f4d2a9b,066_0008,sample_066_0008_000016,개인정보
장은하,066_0008,sample_066_0008_000016,개인정보
원용운,066_0008,sample_066_0008_000017,개인정보
박이율,066_0008,sample_066_0008_000018,개인정보
서울특별시,066_0008,sample_066_0008_000023,준식별자
중구,066_0008,sample_066_0008_000023,준식별자
을지로1가,066_0008,sample_066_0008_000023,준식별자
성별: 여성,066_0008,sample_066_0008_000024,준식별자
생년월일(년): 1988,066_0008,sample_066_0008_000024,준식별자
생년월일(월): 07,066_0008,sample_066_0008_000024,준식별자
생년월일(일): 15,066_0008,sample_066_0008_000024,준식별자
10.0.4.12,066_0008,sample_066_0008_000027,기밀정보
손홍석,066_0009,sample_066_0009_000010,개인정보
손홍석,066_0009,sample_066_0009_000025,개인정보
원정민,066_0009,sample_066_0009_000015,개인정보
안제아,066_0009,sample_066_0009_000018,개인정보
성기용,066_0009,sample_066_0009_000025,개인정보
EMP-000123,066_0009,sample_066_0009_000018,개인정보
1985-07-14,066_0009,sample_066_0009_000018,준식별자
여성,066_0009,sample_066_0009_000018,준식별자
서울특별시,066_0009,sample_066_0009_000019,준식별자
강남구,066_0009,sample_066_0009_000019,준식별자
역삼동,066_0009,sample_066_0009_000019,준식별자
192.168.100.12,066_0009,sample_066_0009_000017,기밀정보
/srv/auth/ota_signing_key.pem,066_0009,sample_066_0009_000012,기밀정보
s3://internal-fleet/private/credentials/ota_key.pem,066_0009,sample_066_0009_000014,기밀정보
corp-vpn.internal.company,066_0009,sample_066_0009_000024,기밀정보
류정현,066_0010,sample_066_0010_000013,개인정보
지용성,066_0010,sample_066_0010_000014,개인정보
엄지연,066_0010,sample_066_0010_000019,개인정보
권보정,066_0010,sample_066_0010_000027,개인정보
임성룡,066_0010,sample_066_0010_000028,개인정보
서울특별시 강남구,066_0010,sample_066_0010_000020,준식별자
https://internal.ops.corp/api/ota,066_0010,sample_066_0010_000018,기밀정보
/srv/ota/keys/private.pem,066_0010,sample_066_0010_000018,기밀정보
10.0.0.5,066_0010,sample_066_0010_000023,기밀정보
구은유,066_0011,sample_066_0011_000010,개인정보
지종우,066_0011,sample_066_0011_000018,개인정보
sha256:9f86d081884c7d659a2feaa0c55ad015a3bf4f1b2b0b822cd15d6c15b0f00a08,066_0011,sample_066_0011_000012,개인정보
서울특별시,066_0011,sample_066_0011_000007,준식별자
강남구,066_0011,sample_066_0011_000007,준식별자
2025,066_0011,sample_066_0011_000006,준식별자
01,066_0011,sample_066_0011_000006,준식별자
15,066_0011,sample_066_0011_000006,준식별자
10.8.0.12,066_0011,sample_066_0011_000020,기밀정보
/srv/ota/private/firmware_v3.bin,066_0011,sample_066_0011_000021,기밀정보
OTA_SIG: abcd1234deadbeef,066_0011,sample_066_0011_000021,기밀정보
https://internal.corp.local/ota/066_0011,066_0011,sample_066_0011_000022,기밀정보
VEH-ALPHA-0001,066_0012,sample_066_0012_000004,기밀정보
VEH-ALPHA-0001,066_0012,sample_066_0012_000007,기밀정보
VEH-ALPHA-0001,066_0012,sample_066_0012_000008,기밀정보
VEH-ALPHA-0001,066_0012,sample_066_0012_000015,기밀정보
VEH-ALPHA-0001,066_0012,sample_066_0012_000017,기밀정보
s3://fleet-data/pcd/VEH-ALPHA-0001/2025-01-15T09:32:12.123Z.pcd,066_0012,sample_066_0012_000007,기밀정보
s3://fleet-data/images/VEH-ALPHA-0001/2025-01-15T09:32:12.124Z.png,066_0012,sample_066_0012_000008,기밀정보
s3://fleet-data/v2x/VEH-ALPHA-0001/2025-01-15T09:32:12.log,066_0012,sample_066_0012_000017,기밀정보
sha256:abcd1234deadbeef,066_0012,sample_066_0012_000012,기밀정보
sha256:9f8eef00a1,066_0012,sample_066_0012_000014,기밀정보
fw_v3.2.1-beta,066_0012,sample_066_0012_000014,기밀정보
OTA-2025-04-01-9f8e,066_0012,sample_066_0012_000014,기밀정보
/srv/data/vehicle/VEH-ALPHA-0001/log.bag,066_0012,sample_066_0012_000015,기밀정보
SEV-20250115-0007,066_0012,sample_066_0012_000016,기밀정보
지은석,066_0012,sample_066_0012_000018,개인정보
20211234,066_0012,sample_066_0012_000018,개인정보
1985-06-15,066_0012,sample_066_0012_000018,준식별자
GF-SEOUL-GANGNAM,066_0012,sample_066_0012_000019,기밀정보
서울특별시 강남구,066_0012,sample_066_0012_000019,준식별자
sig:rsa2048:MIIBIjAN...,066_0012,sample_066_0012_000021,기밀정보
10.8.0.12,066_0012,sample_066_0012_000022,기밀정보
https://internal.v2x.corp,066_0012,sample_066_0012_000022,기밀정보
lab_437,066_0012,sample_066_0012_000010,기밀정보
lab_437,066_0012,sample_066_0012_000023,기밀정보
곽은호,066_0012,sample_066_0012_000023,개인정보
백주언,066_0013,sample_066_0013_000015,개인정보
허차연,066_0013,sample_066_0013_000015,개인정보
윤태정,066_0013,sample_066_0013_000016,개인정보
전다원,066_0013,sample_066_0013_000019,개인정보
전다원,066_0013,sample_066_0013_000025,개인정보
성혜련,066_0013,sample_066_0013_000025,개인정보
최우형,066_0013,sample_066_0013_000029,개인정보
1985-07-12,066_0013,sample_066_0013_000024,준식별자
남성,066_0013,sample_066_0013_000024,준식별자
서울특별시,066_0013,sample_066_0013_000010,준식별자
강남구,066_0013,sample_066_0013_000010,준식별자
sha256:9f86d081884c7d659a2fe,066_0013,sample_066_0013_000013,기밀정보
10.0.0.42,066_0013,sample_066_0013_000021,기밀정보
/srv/internal/firmware/v4.2.1/vehicle_0007.bin,066_0013,sample_066_0013_000021,기밀정보
s3://fleet-data/pc/vehicle_0007/20260120_142305.pcd,066_0013,sample_066_0013_000006,기밀정보
s3://fleet-data/img/vehicle_0007/20260120_142305_front.png,066_0013,sample_066_0013_000006,기밀정보
s3://fleet-data/v2x/vehicle_0007/20260120_142305.log,066_0013,sample_066_0013_000016,기밀정보
권도완,066_0014,sample_066_0014_000020,개인정보
사번_2023-0102,066_0014,sample_066_0014_000020,개인정보
kwon.dw@fleet.example,066_0014,sample_066_0014_000020,개인정보
안윤재,066_0014,sample_066_0014_000021,개인정보
사번_2023-0103,066_0014,sample_066_0014_000021,개인정보
1988-09-21,066_0014,sample_066_0014_000021,준식별자
서울특별시 강남구,066_0014,sample_066_0014_000022,준식별자
https://build.internal.company.local/ota/066_0014,066_0014,sample_066_0014_000017,기밀정보
10.8.0.5,066_0014,sample_066_0014_000017,기밀정보
/srv/data/vehicle/066/0014/firmware.bin,066_0014,sample_066_0014_000018,기밀정보
/srv/secure/keys/066_key.pem,066_0014,sample_066_0014_000018,기밀정보
성남시 분당구,066_0015,sample_066_0015_000005,준식별자
고재건,066_0015,sample_066_0015_000019,개인정보
1987-06-15,066_0015,sample_066_0015_000020,준식별자
남성,066_0015,sample_066_0015_000020,준식별자
신리원,066_0015,sample_066_0015_000024,개인정보
http://internal.backend.company.local/update,066_0015,sample_066_0015_000014,기밀정보
sha256:3b7a1c9e5f4a8d2b6c9f0e1a2b3c4d5e6f7a8b9c0d1e2f3a4b5c6d7e8f9a0b1,066_0015,sample_066_0015_000014,기밀정보
10.0.12.7,066_0015,sample_066_0015_000028,기밀정보
VH-2026-00016,066_0016,sample_066_0016_000005,기밀정보
s3://fleet-data/vehicle/VH-2026-00016/2026-01-23T12:34:56.789Z_scan.pcd,066_0016,sample_066_0016_000008,기밀정보
https://internal.example.com/ota/OTA-20260123-0007,066_0016,sample_066_0016_000014,기밀정보
/srv/internal/ota_keys.pem,066_0016,sample_066_0016_000015,기밀정보
10.10.32.7,066_0016,sample_066_0016_000025,기밀정보
오윤소,066_0016,sample_066_0016_000018,개인정보
EMP-00421,066_0016,sample_066_0016_000018,개인정보
oyunso@example.com,066_0016,sample_066_0016_000018,개인정보
010-1234-5678,066_0016,sample_066_0016_000018,개인정보
D-123456789012,066_0016,sample_066_0016_000019,개인정보
1985,066_0016,sample_066_0016_000020,준식별자
06,066_0016,sample_066_0016_000020,준식별자
12,066_0016,sample_066_0016_000020,준식별자
서울특별시,066_0016,sample_066_0016_000021,준식별자
강남구,066_0016,sample_066_0016_000021,준식별자
역삼동,066_0016,sample_066_0016_000021,준식별자
백지운,066_0016,sample_066_0016_000026,개인정보
서가온,066_0017,sample_066_0017_000016,개인정보
op_sg_0001,066_0017,sample_066_0017_000016,개인정보
전유지,066_0017,sample_066_0017_000017,개인정보
1985,066_0017,sample_066_0017_000017,준식별자
06,066_0017,sample_066_0017_000017,준식별자
15,066_0017,sample_066_0017_000017,준식별자
서울특별시,066_0017,sample_066_0017_000017,준식별자
강남구,066_0017,sample_066_0017_000017,준식별자
역삼동,066_0017,sample_066_0017_000017,준식별자
장사랑,066_0017,sample_066_0017_000008,개인정보
권정,066_0017,sample_066_0017_000008,개인정보
/srv/ota/updates/v1.2.3/firmware.bin,066_0017,sample_066_0017_000012,기밀정보
AV-2025-0007,066_0017,sample_066_0017_000013,기밀정보
10.8.3.12,066_0017,sample_066_0017_000022,기밀정보
https://internal.company.local/ota,066_0017,sample_066_0017_000022,기밀정보
곽지안,066_0018,sample_066_0018_000008,개인정보
양세정,066_0018,sample_066_0018_000009,개인정보
김민철,066_0018,sample_066_0018_000010,개인정보
010-1234-5678,066_0018,sample_066_0018_000010,개인정보
kim.m@autonomy.co.kr,066_0018,sample_066_0018_000010,개인정보
D-991122-0001,066_0018,sample_066_0018_000011,개인정보
s3://autonomy-prod/pcd/vehicle-0001/2026-01-23T11:59:58Z.pcd,066_0018,sample_066_0018_000006,기밀정보
s3://autonomy-prod/img/vehicle-0001/2026-01-23T11:59:58Z.png,066_0018,sample_066_0018_000007,기밀정보
https://internal.api.corporate.local/ota,066_0018,sample_066_0018_000013,기밀정보
sha256:deadbeefcafebabe,066_0018,sample_066_0018_000013,기밀정보
abcd1234ef567890,066_0018,sample_066_0018_000013,기밀정보
kafka://v2x-topic-1/partition5/offset12345,066_0018,sample_066_0018_000014,기밀정보
sha256:abcdef1234567890,066_0018,sample_066_0018_000020,기밀정보
"CN=ota-signing,OU=Security",066_0018,sample_066_0018_000020,기밀정보
류소망,066_0018,sample_066_0018_000021,개인정보
서동주,066_0018,sample_066_0018_000021,개인정보
10.8.0.12,066_0018,sample_066_0018_000023,기밀정보
/srv/autonomy/secret/ota_keys.pem,066_0018,sample_066_0018_000023,기밀정보
vpn.autonomy.internal,066_0018,sample_066_0018_000024,기밀정보
admin_root,066_0018,sample_066_0018_000024,기밀정보
서울특별시,066_0018,sample_066_0018_000025,준식별자
강남구,066_0018,sample_066_0018_000025,준식별자
1985,066_0018,sample_066_0018_000026,준식별자
06,066_0018,sample_066_0018_000026,준식별자
23,066_0018,sample_066_0018_000026,준식별자
엄재수,066_0018,sample_066_0018_000028,개인정보
고관영,066_0018,sample_066_0018_000028,개인정보
천도형,066_0019,sample_066_0019_000003,개인정보
20231234,066_0019,sample_066_0019_000003,개인정보
1988-05-23,066_0019,sample_066_0019_000005,준식별자
서울특별시 강남구,066_0019,sample_066_0019_000007,준식별자
고선후,066_0019,sample_066_0019_000008,개인정보
홍세람,066_0019,sample_066_0019_000012,개인정보
https://internal.corp.local/ota/manifest,066_0019,sample_066_0019_000016,기밀정보
10.8.0.7,066_0019,sample_066_0019_000016,기밀정보
VIN_0000ABCD1234,066_0020,sample_066_0020_000003,기밀정보
백한나,066_0020,sample_066_0020_000004,개인정보
사번: 20240012,066_0020,sample_066_0020_000005,개인정보
운전면허번호: D123-4567-8901,066_0020,sample_066_0020_000005,개인정보
1985,066_0020,sample_066_0020_000005,준식별자
07,066_0020,sample_066_0020_000005,준식별자
12,066_0020,sample_066_0020_000005,준식별자
여성,066_0020,sample_066_0020_000005,준식별자
서울특별시,066_0020,sample_066_0020_000006,준식별자
강남구,066_0020,sample_066_0020_000006,준식별자
역삼동,066_0020,sample_066_0020_000006,준식별자
/srv/internal/ota_signatures/firmware_v2.sig,066_0020,sample_066_0020_000010,기밀정보
vpn.fleet.internal,066_0020,sample_066_0020_000011,기밀정보
server_admin_account: admin_fleet,066_0020,sample_066_0020_000011,기밀정보
박수일,066_0020,sample_066_0020_000014,개인정보
유해온,066_0020,sample_066_0020_000017,개인정보
ops@fleetcorp.example.com,066_0020,sample_066_0020_000018,개인정보
사번: 20230088,066_0020,sample_066_0020_000022,개인정보
권무성,066_0020,sample_066_0020_000022,개인정보
10.8.0.5,066_0020,sample_066_0020_000024,기밀정보
https://internal-console.fleet.local,066_0020,sample_066_0020_000024,기밀정보
장리예,066_0020,sample_066_0020_000026,개인정보
임재형,066_0021,sample_066_0021_000005,개인정보
1987,066_0021,sample_066_0021_000006,준식별자
08,066_0021,sample_066_0021_000006,준식별자
15,066_0021,sample_066_0021_000006,준식별자
남성,066_0021,sample_066_0021_000007,준식별자
서울특별시,066_0021,sample_066_0021_000008,준식별자
강남구,066_0021,sample_066_0021_000009,준식별자
20210045,066_0021,sample_066_0021_000010,개인정보
S-90817234,066_0021,sample_066_0021_000011,개인정보
대한민국,066_0021,sample_066_0021_000012,준식별자
천수리,066_0021,sample_066_0021_000020,개인정보
홍나은,066_0021,sample_066_0021_000022,개인정보
sha256:ef34ab56cd78,066_0021,sample_066_0021_000023,기밀정보
10.10.200.5,066_0021,sample_066_0021_000024,기밀정보
vpn.corp.internal,066_0021,sample_066_0021_000024,기밀정보
sha256:ab12cd34ef56,066_0021,sample_066_0021_000024,기밀정보
/srv/vehicle/config/secure.conf,066_0021,sample_066_0021_000025,기밀정보
황수범,066_0022,sample_066_0022_000003,개인정보
op_2024_001,066_0022,sample_066_0022_000003,개인정보
1985-07-12,066_0022,sample_066_0022_000003,준식별자
심아로,066_0022,sample_066_0022_000014,개인정보
labeler_042,066_0022,sample_066_0022_000018,개인정보
정은애,066_0022,sample_066_0022_000023,개인정보
서울특별시 강남구 삼성동,066_0022,sample_066_0022_000016,준식별자
https://internal-ota.company.local/update/OTA_789,066_0022,sample_066_0022_000012,기밀정보
10.0.0.42,066_0022,sample_066_0022_000012,기밀정보
vpn://secure.internal,066_0022,sample_066_0022_000024,기밀정보
황희원,066_0023,sample_066_0023_000004,개인정보
유종호,066_0023,sample_066_0023_000006,개인정보
정지태,066_0023,sample_066_0023_000017,개인정보
2025,066_0023,sample_066_0023_000005,준식별자
01,066_0023,sample_066_0023_000005,준식별자
15,066_0023,sample_066_0023_000005,준식별자
2025,066_0023,sample_066_0023_000006,준식별자
01,066_0023,sample_066_0023_000006,준식별자
16,066_0023,sample_066_0023_000006,준식별자
2025,066_0023,sample_066_0023_000018,준식별자
01,066_0023,sample_066_0023_000018,준식별자
17,066_0023,sample_066_0023_000018,준식별자
서울,066_0023,sample_066_0023_000019,준식별자
강남구,066_0023,sample_066_0023_000019,준식별자
10.0.4.12,066_0023,sample_066_0023_000014,기밀정보
/srv/av/logs/vehicle_066_0023/operations.log,066_0023,sample_066_0023_000015,기밀정보
노태복,066_0024,sample_066_0024_000012,개인정보
문이레,066_0024,sample_066_0024_000020,개인정보
년:1988,066_0024,sample_066_0024_000027,준식별자
월:07,066_0024,sample_066_0024_000027,준식별자
일:22,066_0024,sample_066_0024_000027,준식별자
성별: 남성,066_0024,sample_066_0024_000028,준식별자
시:서울특별시,066_0024,sample_066_0024_000028,준식별자
구:강남구,066_0024,sample_066_0024_000028,준식별자
https://internal.example.corp/v2x/12345,066_0024,sample_066_0024_000014,기밀정보
vpn.internal.corp,066_0024,sample_066_0024_000023,기밀정보
10.1.8.45,066_0024,sample_066_0024_000023,기밀정보
fleet_admin,066_0024,sample_066_0024_000026,기밀정보
신호담,066_0025,sample_066_0025_000018,개인정보
EMP-2025-0034,066_0025,sample_066_0025_000018,개인정보
서울특별시 강남구,066_0025,sample_066_0025_000004,준식별자
성남시 분당구,066_0025,sample_066_0025_000004,준식별자
LBR-0045,066_0025,sample_066_0025_000022,개인정보
조재희,066_0025,sample_066_0025_000022,개인정보
192.168.100.23,066_0025,sample_066_0025_000024,기밀정보
sftp://internal.corp/vehicle_logs/066_0025,066_0025,sample_066_0025_000024,기밀정보
smb://internal/docs/ops/policy_v2.pdf,066_0025,sample_066_0025_000025,기밀정보
/etc/keys/ota_sign.key,066_0025,sample_066_0025_000025,기밀정보
임서백,066_0026,sample_066_0026_000002,개인정보
최원현,066_0026,sample_066_0026_000003,개인정보
전우종,066_0026,sample_066_0026_000004,개인정보
한병철,066_0026,sample_066_0026_000011,개인정보
곽서우,066_0026,sample_066_0026_000019,개인정보
허소울,066_0026,sample_066_0026_000029,개인정보
황효연,066_0026,sample_066_0026_000029,개인정보
진리율,066_0026,sample_066_0026_000029,개인정보
서울특별시 강남구,066_0026,sample_066_0026_000005,준식별자
10.254.33.7,066_0026,sample_066_0026_000006,기밀정보
/srv/data/vehicle_logs/066/0026/,066_0026,sample_066_0026_000006,기밀정보
정무영,066_0027,sample_066_0027_000018,개인정보
1990-05-15,066_0027,sample_066_0027_000032,준식별자
남성,066_0027,sample_066_0027_000032,준식별자
서울특별시 강남구,066_0027,sample_066_0027_000019,준식별자
s3://internal.corp.autonomy/vehicle_logs/066/0027/lidar/2025-01-10T08:45:00Z_001.pcd,066_0027,sample_066_0027_000005,기밀정보
mqtt://v2x-broker.internal:1883/vehicle/066/0027/logs,066_0027,sample_066_0027_000016,기밀정보
ssh://git.internal.corp/autonomy/firmware/veh_v3.2.1,066_0027,sample_066_0027_000024,기밀정보
10.8.12.5,066_0027,sample_066_0027_000031,기밀정보
이민철,066_0028,sample_066_0028_000004,개인정보
천태혁,066_0028,sample_066_0028_000005,개인정보
1987-05-12,066_0028,sample_066_0028_000006,준식별자
남,066_0028,sample_066_0028_000007,준식별자
D-98765432,066_0028,sample_066_0028_000008,개인정보
2021034,066_0028,sample_066_0028_000009,개인정보
서울특별시 강남구,066_0028,sample_066_0028_000010,준식별자
조교연,066_0028,sample_066_0028_000012,개인정보
천여린,066_0028,sample_066_0028_000013,개인정보
10.0.12.5,066_0028,sample_066_0028_000020,기밀정보
https://internal.fleet.local/ota/12345,066_0028,sample_066_0028_000021,기밀정보
/srv/data/secure/vehicle_logs/2026/,066_0028,sample_066_0028_000022,기밀정보
git@internal.repo:firmware/vehicle_control.git,066_0028,sample_066_0028_000023,기밀정보
sha256:3a7b9f2c4d1e5b6a9f8c1234d5e6f7a890abcdef1234567890abcdef1234567890,066_0028,sample_066_0028_000024,기밀정보
vpn.corp.example.com,066_0028,sample_066_0028_000025,기밀정보
VEH-2024-0001,066_0029,sample_066_0029_000002,기밀정보
s3://autonomous-data/lidar/VEH-2024-0001/2026-01-22T14-23-07.pcd,066_0029,sample_066_0029_000006,기밀정보
s3://autonomous-data/camera/front_left/VEH-2024-0001/2026-01-22T14-23-07.png,066_0029,sample_066_0029_000007,기밀정보
백성아,066_0029,sample_066_0029_000022,개인정보
정인준,066_0029,sample_066_0029_000017,개인정보
https://internal-v2x.company.local/logs/VEH-2024-0001/2026-01-22.log,066_0029,sample_066_0029_000018,기밀정보
서울특별시 강남구,066_0029,sample_066_0029_000019,준식별자
OTA-2026-042,066_0029,sample_066_0029_000013,기밀정보
file:///var/internal/maintenance/VEH-2024-0001/2026-01-10.log,066_0029,sample_066_0029_000014,기밀정보
s3://autonomous-data/audit/2026/01/22/audit.log,066_0029,sample_066_0029_000024,기밀정보
kms-prod-1234,066_0029,sample_066_0029_000025,기밀정보
원서윤,066_0029,sample_066_0029_000026,개인정보
성범균,066_0029,sample_066_0029_000022,개인정보
성범균,066_0029,sample_066_0029_000027,개인정보
2025-01-15T08:23:45Z,066_0030,sample_066_0030_000002,준식별자
박예송,066_0030,sample_066_0030_000004,개인정보
emp_20250047,066_0030,sample_066_0030_000004,개인정보
사번: 20250047,066_0030,sample_066_0030_000004,개인정보
안세원,066_0030,sample_066_0030_000005,개인정보
강남구,066_0030,sample_066_0030_000012,준식별자
방테오,066_0030,sample_066_0030_000020,개인정보
2025-01-16T09:00:00Z,066_0030,sample_066_0030_000020,준식별자
10.8.0.45,066_0030,sample_066_0030_000022,기밀정보
vpn.company.internal,066_0030,sample_066_0030_000022,기밀정보
/srv/ota/private_key.pem,066_0030,sample_066_0030_000022,기밀정보
park_yesong@example.com,066_0030,sample_066_0030_000023,개인정보
서이랑,066_0030,sample_066_0030_000025,개인정보
강예준,066_0030,sample_066_0030_000025,개인정보
2025-01-15,066_0030,sample_066_0030_000027,준식별자
나찬일,066_0030,sample_066_0030_000028,개인정보
서울특별시,066_0031,sample_066_0031_000005,준식별자
송파구,066_0031,sample_066_0031_000005,준식별자
s3://internal-fleet/lidar/AVF-2026-0001/2026-01-21T12:00:00Z.pcd,066_0031,sample_066_0031_000008,기밀정보
s3://internal-fleet/camera/AVF-2026-0001/2026-01-21T12:00:00Z.png,066_0031,sample_066_0031_000009,기밀정보
https://internal-update.corp.example.com/ota/OTA-20260120-007,066_0031,sample_066_0031_000015,기밀정보
/var/log/fleet/AVF-2026-0001/maintenance/2026-01-20.log,066_0031,sample_066_0031_000016,기밀정보
https://v2x.corp.internal/logs/veh/AVF-2026-0001/2026-01-21.log,066_0031,sample_066_0031_000018,기밀정보
채영제,066_0031,sample_066_0031_000019,개인정보
사번: 20260045,066_0031,sample_066_0031_000019,개인정보
심대호,066_0031,sample_066_0031_000020,개인정보
김명훈,066_0031,sample_066_0031_000021,개인정보
1990,066_0031,sample_066_0031_000026,준식별자
04,066_0031,sample_066_0031_000026,준식별자
12,066_0031,sample_066_0031_000026,준식별자
운전면허번호: DL-19900412-001,066_0031,sample_066_0031_000027,개인정보
채영제,066_0031,sample_066_0031_000028,개인정보
s3://internal-corp/fleet/vehicle_FLEET-00032/lidar/20250301T120000Z.pcd,066_0032,sample_066_0032_000005,기밀정보
s3://internal-corp/fleet/vehicle_FLEET-00032/camera/front/20250301T120000Z.png,066_0032,sample_066_0032_000006,기밀정보
https://internal-dashboard.company.local/v2x/2025/03/01/veh_FLEET-00032.log,066_0032,sample_066_0032_000011,기밀정보
/etc/ota/keys/priv.pem,066_0032,sample_066_0032_000012,기밀정보
/var/maintenance/logs/veh_FLEET-00032/20250301.log,066_0032,sample_066_0032_000013,기밀정보
김영만,066_0032,sample_066_0032_000013,개인정보
박준엽,066_0032,sample_066_0032_000014,개인정보
백주헌,066_0032,sample_066_0032_000015,개인정보
OP-0001,066_0032,sample_066_0032_000015,개인정보
서울특별시 강남구,066_0032,sample_066_0032_000016,준식별자
진재아,066_0032,sample_066_0032_000020,개인정보
10.200.5.12,066_0032,sample_066_0032_000022,기밀정보
/var/ota/signatures/ota_sig_v12.sig,066_0032,sample_066_0032_000023,기밀정보
박준엽,066_0032,sample_066_0032_000025,개인정보
원영범,066_0032,sample_066_0032_000026,개인정보
양이안,066_0033,sample_066_0033_000002,개인정보
D-12345678,066_0033,sample_066_0033_000003,개인정보
1990,066_0033,sample_066_0033_000004,준식별자
05,066_0033,sample_066_0033_000004,준식별자
20,066_0033,sample_066_0033_000004,준식별자
서울특별시,066_0033,sample_066_0033_000005,준식별자
강남구,066_0033,sample_066_0033_000005,준식별자
역삼동,066_0033,sample_066_0033_000005,준식별자
yang_ops_001,066_0033,sample_066_0033_000006,개인정보
VEH-00033-0123,066_0033,sample_066_0033_000007,기밀정보
OTA-20250115-0001,066_0033,sample_066_0033_000010,기밀정보
https://internal-update.corp/ota/1234,066_0033,sample_066_0033_000010,기밀정보
s3://fleet-data/pcd/VEH-00033-0123/2025-01-15T08:23:12Z.pcd,066_0033,sample_066_0033_000011,기밀정보
s3://fleet-data/img/VEH-00033-0123/2025-01-15T08:23:12Z_front.png,066_0033,sample_066_0033_000012,기밀정보
장재승,066_0033,sample_066_0033_000014,개인정보
고재한,066_0033,sample_066_0033_000025,개인정보
010-1234-5678,066_0033,sample_066_0033_000028,개인정보
10.0.3.12,066_0033,sample_066_0033_000029,기밀정보
/srv/fleet/config/VEH-00033-0123/config.yaml,066_0033,sample_066_0033_000029,기밀정보
s3://v2x-logs/VEH-00033-0123/2025-01-15T08:23Z.log,066_0033,sample_066_0033_000020,기밀정보
2024-0007,066_0033,sample_066_0033_000020,개인정보
이소혜,066_0034,sample_066_0034_000005,개인정보
EMP-2024-0034,066_0034,sample_066_0034_000006,개인정보
박종찬,066_0034,sample_066_0034_000007,개인정보
KDL-880-9999,066_0034,sample_066_0034_000007,개인정보
1990-05-14,066_0034,sample_066_0034_000008,준식별자
여성,066_0034,sample_066_0034_000008,준식별자
서울특별시 강남구 테헤란로 88,066_0034,sample_066_0034_000009,개인정보
https://internal.corp.local/v2x/logs/veh/034,066_0034,sample_066_0034_000011,기밀정보
10.0.5.21,066_0034,sample_066_0034_000012,기밀정보
/opt/autonomy/keys/ota_priv.pem,066_0034,sample_066_0034_000013,기밀정보
a3f5b8e9f7c4b2a1d9e6c3b2a1f0e7d6c5b4a3f2e1d0c9b8a7,066_0034,sample_066_0034_000014,기밀정보
svc_autonomy_admin,066_0034,sample_066_0034_000015,기밀정보
vpn.corp.example.internal,066_0034,sample_066_0034_000015,기밀정보
b94d27b9934d3e08a52e52d7da7dabfa,066_0034,sample_066_0034_000020,개인정보
GF-서울-강남-01,066_0034,sample_066_0034_000021,준식별자
정윤경,066_0034,sample_066_0034_000025,개인정보
2024-01-16T09:12:34Z,066_0034,sample_066_0034_000025,준식별자
010-0000-0000,066_0034,sample_066_0034_000027,개인정보
contact@internal.corp.local,066_0034,sample_066_0034_000027,개인정보
192.168.100.10,066_0034,sample_066_0034_000028,기밀정보
/mnt/hsm/keys/ota_key,066_0034,sample_066_0034_000029,기밀정보
이소혜,066_0034,sample_066_0034_000030,개인정보
박정안,066_0034,sample_066_0034_000030,개인정보
fw_v3.2.1-internal,066_0035,sample_066_0035_000029,기밀정보
/opt/ota/packages/2025/fw_v3.2.1.bin,066_0035,sample_066_0035_000011,기밀정보
https://internal-v2x.corp.example.com/logs/veh_0001234/2025-01-15.log,066_0035,sample_066_0035_000015,기밀정보
operator_hash:sha256:4f2a1b9c3d4e5f6a7b8c9d0e1f2a3b4c,066_0035,sample_066_0035_000016,개인정보
labeler_hash:sha256:7c9d2e4f5a6b8c9d0e1f2a3b4c5d6e7f,066_0035,sample_066_0035_000017,개인정보
서울특별시,066_0035,sample_066_0035_000018,준식별자
강남구,066_0035,sample_066_0035_000018,준식별자
2025-01-15T09:00:00Z,066_0036,sample_066_0036_000002,준식별자
송이온,066_0036,sample_066_0036_000004,개인정보
20240123,066_0036,sample_066_0036_000004,개인정보
s3://fleet-data/vehicles/vehicle_ABC123/lidar/2025-01-15T08:59:58Z_scan.pcd,066_0036,sample_066_0036_000008,기밀정보
s3://fleet-data/vehicles/vehicle_ABC123/camera/front/2025-01-15T08:59:58Z_frame.png,066_0036,sample_066_0036_000009,기밀정보
https://ota.internal.corp/update/OTA_20250115_01.bin,066_0036,sample_066_0036_000013,기밀정보
지진효,066_0036,sample_066_0036_000016,개인정보
2025-01-15T09:10:12Z,066_0036,sample_066_0036_000016,준식별자
edge://v2x/logs/vehicle_ABC123/2025-01-15T08:59:59Z.log,066_0036,sample_066_0036_000017,기밀정보
성남시,066_0036,sample_066_0036_000019,준식별자
분당구,066_0036,sample_066_0036_000019,준식별자
scenario_2024_11_23_pf,066_0036,sample_066_0036_000020,준식별자
labeler_서한별,066_0036,sample_066_0036_000023,개인정보
2025-01-15T10:00:00Z,066_0036,sample_066_0036_000023,준식별자
vpn.corp.internal,066_0036,sample_066_0036_000026,기밀정보
10.4.12.7,066_0036,sample_066_0036_000026,기밀정보
/var/ops/secure/credentials.pem,066_0036,sample_066_0036_000027,기밀정보
권두희,066_0036,sample_066_0036_000028,개인정보
VEH-00037-AB12,066_0037,sample_066_0037_000003,기밀정보
서승균,066_0037,sample_066_0037_000005,개인정보
EMP-00912,066_0037,sample_066_0037_000005,개인정보
sha256:3f1e7a9b2c4d5e6f7a8b9c0d1e2f3a4b5c6d7e8f9a0b1c2d3e4f5a6b7c8d9e0,066_0037,sample_066_0037_000006,개인정보
1984-07-15,066_0037,sample_066_0037_000007,준식별자
남성,066_0037,sample_066_0037_000007,준식별자
서울특별시 강남구,066_0037,sample_066_0037_000007,준식별자
https://ota.internal.company.local/update,066_0037,sample_066_0037_000009,기밀정보
10.10.5.12,066_0037,sample_066_0037_000009,기밀정보
/etc/autonomy/keys/ota_sign.key,066_0037,sample_066_0037_000009,기밀정보
장선율,066_0037,sample_066_0037_000010,개인정보
/srv/autonomy/keys/ota_sign.key,066_0037,sample_066_0037_000019,기밀정보
문현준,066_0037,sample_066_0037_000022,개인정보
admin@fleet.local,066_0037,sample_066_0037_000023,개인정보
류민선,066_0037,sample_066_0037_000026,개인정보
2024-EMP-078,066_0037,sample_066_0037_000027,개인정보
남종호,066_0038,sample_066_0038_000019,개인정보
남종호_001,066_0038,sample_066_0038_000019,개인정보
2026-01-20T12:34:56.789Z,066_0038,sample_066_0038_000005,준식별자
2026-02-10,066_0038,sample_066_0038_000016,준식별자
2026-01-15,066_0038,sample_066_0038_000015,준식별자
1985-04-12,066_0038,sample_066_0038_000028,준식별자
송파구,066_0038,sample_066_0038_000028,준식별자
s3://internal-config/ota_signing_key.pem,066_0038,sample_066_0038_000024,기밀정보
10.0.3.14,066_0038,sample_066_0038_000025,기밀정보
git://internal-repo/fw_builds,066_0038,sample_066_0038_000025,기밀정보
vpn.internal.corp,066_0038,sample_066_0038_000029,기밀정보
3f7a9b2c4d5e6f7890abcdeffedcba1234567890abcdef1234567890abcdef12,066_0038,sample_066_0038_000015,기밀정보
sha256:ab12cd34ef56,066_0038,sample_066_0038_000028,기밀정보
박서은,066_0039,sample_066_0039_000005,개인정보
s3://fleet-private/vehicle_000123/scan_2025-03-15_0001.pcd,066_0039,sample_066_0039_000008,기밀정보
https://internal.corp.local/logs/v2x/vehicle_000123.log,066_0039,sample_066_0039_000009,기밀정보
10.0.0.42,066_0039,sample_066_0039_000009,기밀정보
강무빈,066_0039,sample_066_0039_000012,개인정보
류데이비드,066_0039,sample_066_0039_000017,개인정보
강남구_제1지구,066_0039,sample_066_0039_000022,준식별자
유아리아,066_0039,sample_066_0039_000024,개인정보
박은봄,066_0039,sample_066_0039_000027,개인정보
최여울,066_0039,sample_066_0039_000030,개인정보
서여은,066_0040,sample_066_0040_000019,개인정보
서울특별시,066_0040,sample_066_0040_000026,준식별자
강남구,066_0040,sample_066_0040_000026,준식별자
2025,066_0040,sample_066_0040_000027,준식별자
11,066_0040,sample_066_0040_000027,준식별자
03,066_0040,sample_066_0040_000027,준식별자
10.0.8.12,066_0040,sample_066_0040_000025,기밀정보
https://internal-vpn.corp.example.com,066_0040,sample_066_0040_000025,기밀정보
/srv/vehicles/066/vehicle_2023_0040/logs,066_0040,sample_066_0040_000025,기밀정보
2026-01-22T09:15:00Z,066_0041,sample_066_0041_000004,준식별자
FLEET-ACME-00042,066_0041,sample_066_0041_000006,기밀정보
a3b1f9e8d4f6,066_0041,sample_066_0041_000015,기밀정보
10.0.0.42,066_0041,sample_066_0041_000016,기밀정보
https://internal.acme.local/update,066_0041,sample_066_0041_000016,기밀정보
/internal/keys/ota_signing.key,066_0041,sample_066_0041_000017,기밀정보
류혜림,066_0041,sample_066_0041_000021,개인정보
20210432,066_0041,sample_066_0041_000021,개인정보
황가람,066_0041,sample_066_0041_000022,개인정보
서울특별시 서초구,066_0041,sample_066_0041_000028,준식별자
원보미,066_0042,sample_066_0042_000004,개인정보
98-07-19850712-1234,066_0042,sample_066_0042_000005,개인정보
여성,066_0042,sample_066_0042_000006,준식별자
1985-07-12,066_0042,sample_066_0042_000006,준식별자
사번: 20240077,066_0042,sample_066_0042_000018,개인정보
SHA256:a3f5b9e12f4c7d9e8a1b2c3d4e5f67890123456789abcdef0123456789abcdef,066_0042,sample_066_0042_000016,기밀정보
privkey-2024-07,066_0042,sample_066_0042_000017,기밀정보
10.8.16.25,066_0042,sample_066_0042_000021,기밀정보
https://internal.vpn.corp,066_0042,sample_066_0042_000021,기밀정보
/srv/databases/secure/keys.pem,066_0042,sample_066_0042_000021,기밀정보
010-1234-5678,066_0042,sample_066_0042_000026,개인정보
operator@fleet.example.com,066_0042,sample_066_0042_000026,개인정보
서울특별시 강남구,066_0042,sample_066_0042_000026,준식별자
노혁기,066_0043,sample_066_0043_000005,개인정보
1985-03-12,066_0043,sample_066_0043_000006,준식별자
서울특별시,066_0043,sample_066_0043_000007,준식별자
강남구,066_0043,sample_066_0043_000007,준식별자
역삼동,066_0043,sample_066_0043_000007,준식별자
백채인,066_0043,sample_066_0043_000020,개인정보
20210458,066_0043,sample_066_0043_000020,개인정보
10.0.0.42,066_0043,sample_066_0043_000004,기밀정보
VEH-2026-0043,066_0043,sample_066_0043_000003,기밀정보
OTA-2026-01-15-VEH0043,066_0043,sample_066_0043_000019,기밀정보
sha256:3a7f...9c3,066_0043,sample_066_0043_000019,기밀정보
s3://fleet-data/043/pcd/frame_000123.pcd,066_0043,sample_066_0043_000011,기밀정보
s3://fleet-data/043/cam/front_20260122T143210.png,066_0043,sample_066_0043_000012,기밀정보
s3://v2x-logs/2026/01/22/veh_043.log,066_0043,sample_066_0043_000022,기밀정보
TS-URBAN-0226-01,066_0043,sample_066_0043_000024,기밀정보
sig_rsa_base64_...,066_0043,sample_066_0043_000027,기밀정보
sha256:ab12...ef34,066_0043,sample_066_0043_000027,기밀정보
LBL-078,066_0043,sample_066_0043_000025,개인정보
임주은,066_0044,sample_066_0044_000002,개인정보
2025,066_0044,sample_066_0044_000004,준식별자
08,066_0044,sample_066_0044_000004,준식별자
12,066_0044,sample_066_0044_000004,준식별자
VEH-78A3,066_0044,sample_066_0044_000005,기밀정보
"37.566535,126.977969",066_0044,sample_066_0044_000006,준식별자
s3://fleet-data/lidar/VEH-78A3/2025-08-12T14:32:10Z.pcd,066_0044,sample_066_0044_000008,기밀정보
2025,066_0044,sample_066_0044_000008,준식별자
08,066_0044,sample_066_0044_000008,준식별자
12,066_0044,sample_066_0044_000008,준식별자
s3://fleet-data/camera/VEH-78A3/2025-08-12T14:32:10Z_cam01.png,066_0044,sample_066_0044_000009,기밀정보
2025,066_0044,sample_066_0044_000009,준식별자
08,066_0044,sample_066_0044_000009,준식별자
12,066_0044,sample_066_0044_000009,준식별자
"37.5651,126.98955",066_0044,sample_066_0044_000012,준식별자
OTA_20250812_01,066_0044,sample_066_0044_000015,기밀정보
SIG:af34b9e7d2c1,066_0044,sample_066_0044_000016,기밀정보
sha256:9b7f3a2c5e8d7f1c4b2a6d3e9f0c1b2a,066_0044,sample_066_0044_000017,기밀정보
WO-2025-0456,066_0044,sample_066_0044_000018,기밀정보
op_9f8b7c3a,066_0044,sample_066_0044_000019,개인정보
곽테오,066_0044,sample_066_0044_000019,개인정보
https://internal.example.com/v2x/msgs/abcd,066_0044,sample_066_0044_000020,기밀정보
SEF-20250812-0009,066_0044,sample_066_0044_000021,기밀정보
2025,066_0044,sample_066_0044_000022,준식별자
08,066_0044,sample_066_0044_000022,준식별자
12,066_0044,sample_066_0044_000022,준식별자
임주은,066_0044,sample_066_0044_000026,개인정보
GEOF-44,066_0044,sample_066_0044_000027,기밀정보
SCN-urban-2025-08,066_0044,sample_066_0044_000028,기밀정보
2025,066_0044,sample_066_0044_000028,준식별자
08,066_0044,sample_066_0044_000028,준식별자
박상윤,066_0045,sample_066_0045_000005,개인정보
D-8901234567,066_0045,sample_066_0045_000006,개인정보
임경미,066_0045,sample_066_0045_000008,개인정보
서울특별시,066_0045,sample_066_0045_000028,준식별자
강남구,066_0045,sample_066_0045_000028,준식별자
/etc/keys/ota_priv.pem,066_0045,sample_066_0045_000019,기밀정보
vpn.company.internal,066_0045,sample_066_0045_000020,기밀정보
10.8.0.5,066_0045,sample_066_0045_000020,기밀정보
성제우,066_0046,sample_066_0046_000015,개인정보
우해승,066_0046,sample_066_0046_000023,개인정보
지주완,066_0046,sample_066_0046_000025,개인정보
SHA256:abcd1234ef567890abcdef1234567890abcdef1234567890abcdef1234567890,066_0046,sample_066_0046_000021,기밀정보
SHA256:9e107d9d372bb6826bd81d3542a419d6,066_0046,sample_066_0046_000028,개인정보
1985,066_0046,sample_066_0046_000029,준식별자
07,066_0046,sample_066_0046_000029,준식별자
21,066_0046,sample_066_0046_000029,준식별자
남성,066_0046,sample_066_0046_000030,준식별자
서울특별시,066_0046,sample_066_0046_000031,준식별자
강남구,066_0046,sample_066_0046_000031,준식별자
10.8.0.12,066_0046,sample_066_0046_000032,기밀정보
/srv/ota/private_key.pem,066_0046,sample_066_0046_000033,기밀정보
운영엔지니어,066_0046,sample_066_0046_000034,준식별자
나영국,066_0047,sample_066_0047_000002,개인정보
천희온,066_0047,sample_066_0047_000010,개인정보
EMP-2025-007,066_0047,sample_066_0047_000010,개인정보
양리호,066_0047,sample_066_0047_000011,개인정보
손설연,066_0047,sample_066_0047_000015,개인정보
operator_nyg@example.com,066_0047,sample_066_0047_000019,개인정보
+82-10-1234-5678,066_0047,sample_066_0047_000019,개인정보
D-12345678,066_0047,sample_066_0047_000019,개인정보
1985,066_0047,sample_066_0047_000019,준식별자
07,066_0047,sample_066_0047_000019,준식별자
14,066_0047,sample_066_0047_000019,준식별자
서울특별시,066_0047,sample_066_0047_000019,준식별자
강남구,066_0047,sample_066_0047_000019,준식별자
주식회사 자율주행테스트,066_0047,sample_066_0047_000013,준식별자
http://int-oem.local/ota/update_v1.2.bin,066_0047,sample_066_0047_000009,기밀정보
10.10.0.5,066_0047,sample_066_0047_000014,기밀정보
/srv/firmware/update_v1.2.bin,066_0047,sample_066_0047_000014,기밀정보
/srv/firmware/signature.sig,066_0047,sample_066_0047_000014,기밀정보
sha256:abcd1234ef567890abcdef1234567890abcdef1234567890abcdef1234567890,066_0047,sample_066_0047_000014,기밀정보
vpn.corp.example,066_0047,sample_066_0047_000014,기밀정보
admin_ota,066_0047,sample_066_0047_000009,기밀정보
https://v2x-logs.corp.example/VEH-2025-0001/2025-01-23.log,066_0047,sample_066_0047_000012,기밀정보
s3://calib/vehicle/VEH-2025-0001/calib.json,066_0047,sample_066_0047_000021,기밀정보
양제나,066_0048,sample_066_0048_000018,개인정보
OP-0047,066_0048,sample_066_0048_000018,개인정보
박해건,066_0048,sample_066_0048_000023,개인정보
driver_birth_year=1985,066_0048,sample_066_0048_000026,준식별자
서울특별시,066_0048,sample_066_0048_000019,준식별자
성동구,066_0048,sample_066_0048_000019,준식별자
10.8.4.12,066_0048,sample_066_0048_000027,기밀정보
/opt/autonomy/systems/secret_config.yaml,066_0048,sample_066_0048_000014,기밀정보
https://internal.ota.corp.local/updates,066_0048,sample_066_0048_000014,기밀정보
우가원,066_0049,sample_066_0049_000005,개인정보
2021345,066_0049,sample_066_0049_000005,개인정보
D123456789012,066_0049,sample_066_0049_000006,개인정보
1985-07-12,066_0049,sample_066_0049_000007,준식별자
서울특별시 강남구,066_0049,sample_066_0049_000008,준식별자
10.8.0.5,066_0049,sample_066_0049_000009,기밀정보
/srv/ota/private_keys/ota_key.pem,066_0049,sample_066_0049_000010,기밀정보
010-1234-5678,066_0049,sample_066_0049_000011,개인정보
https://internal.ota.company.local/update/ota_2025_0115,066_0050,sample_066_0050_000013,기밀정보
류은,066_0050,sample_066_0050_000014,개인정보
EMP-2023-0042,066_0050,sample_066_0050_000014,개인정보
ryu.eun@fleetco.kr,066_0050,sample_066_0050_000014,개인정보
서울특별시,066_0050,sample_066_0050_000014,준식별자
강남구,066_0050,sample_066_0050_000014,준식별자
1985,066_0050,sample_066_0050_000014,준식별자
05,066_0050,sample_066_0050_000014,준식별자
12,066_0050,sample_066_0050_000014,준식별자
남,066_0050,sample_066_0050_000014,준식별자
심나율,066_0050,sample_066_0050_000015,개인정보
EMP-2023-0042,066_0050,sample_066_0050_000017,개인정보
이병우,066_0050,sample_066_0050_000017,개인정보
010-1234-5678,066_0050,sample_066_0050_000017,개인정보
EMP-2017-017,066_0050,sample_066_0050_000021,개인정보
성윤찬,066_0050,sample_066_0050_000021,개인정보
10.0.1.15,066_0050,sample_066_0050_000022,기밀정보
/srv/ota/keys/private.pem,066_0050,sample_066_0050_000022,기밀정보
vpn.company.local,066_0050,sample_066_0050_000022,기밀정보
전예담,066_0050,sample_066_0050_000024,개인정보
jeon.yedam@fleetco.kr,066_0050,sample_066_0050_000024,개인정보
서울특별시,066_0050,sample_066_0050_000027,준식별자
송파구,066_0050,sample_066_0050_000027,준식별자
양예담,066_0050,sample_066_0050_000028,개인정보
진승연,066_0050,sample_066_0050_000028,개인정보
진어진,066_0051,sample_066_0051_000019,개인정보
EMP-0001,066_0051,sample_066_0051_000019,개인정보
남,066_0051,sample_066_0051_000020,준식별자
1988,066_0051,sample_066_0051_000020,준식별자
06,066_0051,sample_066_0051_000020,준식별자
15,066_0051,sample_066_0051_000020,준식별자
DL_HASH_5f2b9c,066_0051,sample_066_0051_000020,개인정보
서울특별시 강남구,066_0051,sample_066_0051_000021,준식별자
우윤하,066_0051,sample_066_0051_000022,개인정보
10.0.8.21,066_0051,sample_066_0051_000025,기밀정보
https://internal-ota.corp.local/update,066_0051,sample_066_0051_000025,기밀정보
HIDDEN_KEY_ABC123,066_0051,sample_066_0051_000025,기밀정보
/srv/secure/ota/keys/ota_signing.pem,066_0051,sample_066_0051_000025,기밀정보
admin_ota,066_0051,sample_066_0051_000026,기밀정보
sha256:4f9c1a7b8d3e9c2f6a1b4c7d8e9f0123,066_0052,sample_066_0052_000003,개인정보
심석,066_0052,sample_066_0052_000010,개인정보
/srv/autonomy/maintenance/logs/maint_20250119.log,066_0052,sample_066_0052_000011,기밀정보
SEV_20250120_0004,066_0052,sample_066_0052_000012,일반정보
조다감,066_0052,sample_066_0052_000012,개인정보
v2x_message_log_ref: s3://v2x-logs/2025/01/20/vehicle_4f9c_v2x_120005.log,066_0052,sample_066_0052_000013,기밀정보
sha256:3f5a1c6e9b2d4a7f0c1e3b5a9d8f7c2b,066_0052,sample_066_0052_000014,개인정보
김소민,066_0052,sample_066_0052_000014,개인정보
1985,066_0052,sample_066_0052_000014,준식별자
여,066_0052,sample_066_0052_000014,준식별자
송파구,066_0052,sample_066_0052_000014,준식별자
10.8.0.12,066_0052,sample_066_0052_000018,기밀정보
vpn.autonomy.corp.internal,066_0052,sample_066_0052_000018,기밀정보
192.168.100.5,066_0052,sample_066_0052_000018,기밀정보
/srv/autonomy/keys/ota_private.pem,066_0052,sample_066_0052_000018,기밀정보
OTA_SIG:abcd1234ef567890,066_0052,sample_066_0052_000018,기밀정보
log_retention_days:1825,066_0052,sample_066_0052_000020,일반정보
api.internal.autonomy.local,066_0052,sample_066_0052_000021,기밀정보
/srv/autonomy/tools/format_converter/bin,066_0052,sample_066_0052_000021,기밀정보
sha256:bb22cc33dd44ee55ff66778899aabb00,066_0052,sample_066_0052_000023,기밀정보
7f3b2a1c9d8e7f6a,066_0052,sample_066_0052_000023,기밀정보
권민교,066_0052,sample_066_0052_000024,개인정보
심석,066_0052,sample_066_0052_000026,개인정보
10.20.30.40,066_0052,sample_066_0052_000026,기밀정보
이홍태,066_0053,sample_066_0053_000019,개인정보
엄채준,066_0053,sample_066_0053_000016,개인정보
https://internal-updates.corp.local/ota/v1,066_0053,sample_066_0053_000024,기밀정보
10.128.0.12,066_0053,sample_066_0053_000024,기밀정보
vpn.corp.local,066_0053,sample_066_0053_000024,기밀정보
/srv/firmware/firmware_v1.2.bin,066_0053,sample_066_0053_000025,기밀정보
서울특별시,066_0054,sample_066_0054_000004,준식별자
강남구,066_0054,sample_066_0054_000004,준식별자
구영현,066_0054,sample_066_0054_000016,개인정보
황세경,066_0054,sample_066_0054_000018,개인정보
류래현,066_0054,sample_066_0054_000022,개인정보
운전면허번호,066_0054,sample_066_0054_000018,개인정보
남성,066_0054,sample_066_0054_000018,준식별자
10.0.0.15,066_0054,sample_066_0054_000023,기밀정보
https://ota.internal.company/update,066_0054,sample_066_0054_000023,기밀정보
/srv/vehicle_data/066/0054/log.bag,066_0054,sample_066_0054_000024,기밀정보
sha256:9f3b2a7d4c1e5b6a0d8f1e2c3b4a5d6e7f8a9b0c1d2e3f4a5b6c7d8e9f0a1b2,066_0054,sample_066_0054_000014,기밀정보
/etc/keys/ota_priv.key,066_0054,sample_066_0054_000014,기밀정보
장세혁,066_0055,sample_066_0055_000022,개인정보
jang.sehyuk@fleet.example.com,066_0055,sample_066_0055_000022,개인정보
EMP-2025-009,066_0055,sample_066_0055_000022,개인정보
DLN-880123-0001,066_0055,sample_066_0055_000023,개인정보
1985-07-23,066_0055,sample_066_0055_000023,준식별자
남,066_0055,sample_066_0055_000023,준식별자
서울특별시,066_0055,sample_066_0055_000023,준식별자
강남구,066_0055,sample_066_0055_000023,준식별자
ssh://fleet-admin@10.10.20.5:22,066_0055,sample_066_0055_000024,기밀정보
fleet-admin,066_0055,sample_066_0055_000024,기밀정보
10.10.20.5,066_0055,sample_066_0055_000024,기밀정보
172.16.254.1,066_0055,sample_066_0055_000024,기밀정보
https://fleet-control.internal/api/v1/commands,066_0055,sample_066_0055_000024,기밀정보
/opt/fleet/keys/OTA_private_key.pem,066_0055,sample_066_0055_000025,기밀정보
/etc/fleet/config/prod/config.yaml,066_0055,sample_066_0055_000025,기밀정보
황영옥,066_0056,sample_066_0056_000003,개인정보
010-1234-5678,066_0056,sample_066_0056_000005,개인정보
DL-940123-A,066_0056,sample_066_0056_000006,개인정보
EID-0007,066_0056,sample_066_0056_000010,개인정보
서울특별시 강남구,066_0056,sample_066_0056_000012,준식별자
/srv/ota/keys/ota_key.pem,066_0056,sample_066_0056_000015,기밀정보
10.0.0.5,066_0056,sample_066_0056_000016,기밀정보
vpn.company.internal,066_0056,sample_066_0056_000017,기밀정보
https://internal.company.local/ota,066_0056,sample_066_0056_000017,기밀정보
/builds/av_fw/rel-2026-01-20.bin,066_0056,sample_066_0056_000018,기밀정보
CNTR-2025-77,066_0056,sample_066_0056_000019,기밀정보
남봉학,066_0056,sample_066_0056_000021,개인정보
최권율,066_0056,sample_066_0056_000022,개인정보
EID2024-057,066_0057,sample_066_0057_000016,개인정보
손하민,066_0057,sample_066_0057_000017,개인정보
진보영,066_0057,sample_066_0057_000018,개인정보
진보영,066_0057,sample_066_0057_000019,개인정보
여성,066_0057,sample_066_0057_000019,준식별자
1989-07-15,066_0057,sample_066_0057_000019,준식별자
서울특별시 강남구,066_0057,sample_066_0057_000020,준식별자
s3://autonomy-dataset/lidar/VEH-57A/2025-01-12T08-15-30.pcd,066_0057,sample_066_0057_000005,기밀정보
gs://autonomy-dataset/camera/front/VEH-57A/2025-01-12T08-15-30.png,066_0057,sample_066_0057_000006,기밀정보
https://internal-api.autonomy.corp/v2x/VEH-57A/2025-01-12.log,066_0057,sample_066_0057_000015,기밀정보
/srv/ota/firmware/firmware_v3.4.bin,066_0057,sample_066_0057_000023,기밀정보
vpn.internal.corp,066_0057,sample_066_0057_000024,기밀정보
10.8.112.5,066_0057,sample_066_0057_000024,기밀정보
s3://fleet-sensors/066/0058/20260122/pcd/0001.pcd,066_0058,sample_066_0058_000005,기밀정보
s3://fleet-sensors/066/0058/20260122/img/0001.png,066_0058,sample_066_0058_000005,기밀정보
박호근,066_0058,sample_066_0058_000011,개인정보
/var/fleet/maintenance/066_0058/20260110/report.pdf,066_0058,sample_066_0058_000011,기밀정보
kafka://v2x-prod:9092/topic/vehicle.telemetry/066_0058,066_0058,sample_066_0058_000013,기밀정보
배레,066_0058,sample_066_0058_000014,개인정보
서초구,066_0058,sample_066_0058_000015,준식별자
https://internal.corp.example.local/ota,066_0058,sample_066_0058_000023,기밀정보
10.0.4.22,066_0058,sample_066_0058_000023,기밀정보
vpn.corp.internal,066_0058,sample_066_0058_000024,기밀정보
/home/fleet/deploy/scripts/update.sh,066_0058,sample_066_0058_000024,기밀정보
배레,066_0058,sample_066_0058_000025,개인정보
박호근,066_0058,sample_066_0058_000025,개인정보
sha256:deadbeefcafebabe1234...,066_0058,sample_066_0058_000026,개인정보
진세경,066_0058,sample_066_0058_000027,개인정보
1990-06-15,066_0058,sample_066_0058_000027,준식별자
s3://private-fleet-datasets/vehicle_066_0059/lidar/2026-01-22T09:12:34Z_cloud.pcd,066_0059,sample_066_0059_000007,기밀정보
https://intranet.fleet.local/images/vehicle_066_0059/2026-01-22T09:12:34Z_front.png,066_0059,sample_066_0059_000007,기밀정보
s3://private-fleet-datasets/vehicle_066_0059/maintenance/2026-01-15_report.pdf,066_0059,sample_066_0059_000014,기밀정보
https://v2x-logs.internal:443/vehicle/066_0059/log_20260122.bz2,066_0059,sample_066_0059_000016,기밀정보
최준후,066_0059,sample_066_0059_000017,개인정보
권부경,066_0060,sample_066_0060_000005,개인정보
20251234,066_0060,sample_066_0060_000007,개인정보
10.10.10.5,066_0060,sample_066_0060_000024,기밀정보
https://internal.repo.corp/vehicle/firmware,066_0060,sample_066_0060_000025,기밀정보
op_20260115_01,066_0060,sample_066_0060_000006,기밀정보
VEHICLE-2023-AB12,066_0061,sample_066_0061_000002,기밀정보
2025-01-15T08:15:23Z,066_0061,sample_066_0061_000003,준식별자
"37.566535, 126.977969",066_0061,sample_066_0061_000004,준식별자
s3://autonomy-data/vehicle-VEHICLE-2023-AB12/2025-01-15/000123.pcd,066_0061,sample_066_0061_000008,기밀정보
s3://autonomy-data/vehicle-VEHICLE-2023-AB12/2025-01-15/000123.png,066_0061,sample_066_0061_000009,기밀정보
"[37.570000, 126.976000]",066_0061,sample_066_0061_000012,준식별자
firmware_version: fw_3.2.1,066_0061,sample_066_0061_000015,일반정보
ota_update_id: OTA-20250115-AB12,066_0061,sample_066_0061_000015,기밀정보
integrity_hash: sha256:9f86d081884c7d659a2feaa0c55ad015,066_0061,sample_066_0061_000015,기밀정보
https://internal-ota.corp.example.com/updates/ota_20250115.bin,066_0061,sample_066_0061_000015,기밀정보
10.0.4.12,066_0061,sample_066_0061_000015,기밀정보
원유신,066_0061,sample_066_0061_000016,개인정보
SEV-20250115-0007,066_0061,sample_066_0061_000017,기밀정보
https://v2x-logs.corp.example.com/logs/VEHICLE-2023-AB12/2025-01-15.log,066_0061,sample_066_0061_000018,기밀정보
operator_0007,066_0061,sample_066_0061_000019,개인정보
정제니,066_0061,sample_066_0061_000019,개인정보
GEO_1203,066_0061,sample_066_0061_000020,일반정보
종로구 세종로 1-1,066_0061,sample_066_0061_000020,개인정보
TS-DRIVE-URBAN-2025-01,066_0061,sample_066_0061_000021,일반정보
성우영,066_0061,sample_066_0061_000022,개인정보
2025-01-16T11:00:00Z,066_0061,sample_066_0061_000022,준식별자
map_provider: HDMapCo,066_0061,sample_066_0061_000023,일반정보
sig:abcdef123456,066_0061,sample_066_0061_000024,기밀정보
approved_by: 방라혜,066_0061,sample_066_0061_000027,개인정보
류민엽,066_0062,sample_066_0062_000003,개인정보
emp_2025_001,066_0062,sample_066_0062_000003,개인정보
1988-05-12,066_0062,sample_066_0062_000004,준식별자
서울특별시 강남구,066_0062,sample_066_0062_000006,준식별자
10.8.32.17,066_0062,sample_066_0062_000018,기밀정보
/var/secure/ota/keys/private.pem,066_0062,sample_066_0062_000019,기밀정보
오종욱,066_0062,sample_066_0062_000020,개인정보
한예송,066_0063,sample_066_0063_000005,개인정보
OP-2026-0456,066_0063,sample_066_0063_000005,개인정보
심채인,066_0063,sample_066_0063_000020,개인정보
김승인,066_0063,sample_066_0063_000027,개인정보
서울특별시,066_0063,sample_066_0063_000006,준식별자
종로구,066_0063,sample_066_0063_000006,준식별자
VEH-00012345,066_0063,sample_066_0063_000004,기밀정보
X1Y2Z3A4B5C6D7E8F,066_0063,sample_066_0063_000004,기밀정보
10.10.254.12,066_0063,sample_066_0063_000016,기밀정보
/srv/ota/updates/firmware_v3.2.bin,066_0063,sample_066_0063_000016,기밀정보
https://internal-v2x.company.local/logs/v2x_20260123.log,066_0063,sample_066_0063_000019,기밀정보
sha256:9f1a2b...,066_0063,sample_066_0063_000016,기밀정보
GEO-SEOUL-JONGNO,066_0063,sample_066_0063_000006,기밀정보
hmac256:9f8a7b6c...,066_0063,sample_066_0063_000023,기밀정보
/srv/calib/sensor_cal_20260123.json,066_0063,sample_066_0063_000025,기밀정보
10.10.254.5,066_0063,sample_066_0063_000028,기밀정보
심유현,066_0064,sample_066_0064_000011,개인정보
사번: 2023-0001,066_0064,sample_066_0064_000011,개인정보
운전면허번호: [HASHED],066_0064,sample_066_0064_000011,개인정보
생년월일: 1985-07-12,066_0064,sample_066_0064_000012,준식별자
성별: 여성,066_0064,sample_066_0064_000012,준식별자
서울특별시 강남구,066_0064,sample_066_0064_000013,준식별자
internal_path: /srv/autonomy/config/secret.cfg,066_0064,sample_066_0064_000014,기밀정보
ota_update_signature: SHA256:deadbeefcafebabe,066_0064,sample_066_0064_000010,기밀정보
ota_token_hash: d41d8cd98f00b204e980,066_0064,sample_066_0064_000016,기밀정보
지부경,066_0064,sample_066_0064_000018,개인정보
고진구,066_0064,sample_066_0064_000019,개인정보
server_ip: 10.10.5.12,066_0064,sample_066_0064_000021,기밀정보
vpn_address: vpn.corp.example.local,066_0064,sample_066_0064_000021,기밀정보
\\internal\\ops\\incident_20240123.pdf,066_0064,sample_066_0064_000022,기밀정보
ota_key_id=ota-key-2024,066_0064,sample_066_0064_000024,기밀정보
류미숙,066_0064,sample_066_0064_000025,개인정보
sha256:3f786850e387550fdab836ed7e6dc881de23001b,066_0065,sample_066_0065_000011,기밀정보
https://internal.ota.company.local/update,066_0065,sample_066_0065_000012,기밀정보
/opt/ota/private_key.pem,066_0065,sample_066_0065_000012,기밀정보
원하린,066_0065,sample_066_0065_000017,개인정보
EMP-2023-0456,066_0065,sample_066_0065_000017,개인정보
D-2023-9876,066_0065,sample_066_0065_000018,개인정보
서울특별시 강남구,066_0065,sample_066_0065_000019,준식별자
1985-07-14,066_0065,sample_066_0065_000020,준식별자
여성,066_0065,sample_066_0065_000020,준식별자
서울특별시 강남구,066_0065,sample_066_0065_000023,준식별자
10.10.8.5,066_0065,sample_066_0065_000024,기밀정보
2025-01-15T08:12:34Z,066_0066,sample_066_0066_000004,준식별자
s3://fleet-data/66/veh-0001/2025-01-15T08:12:34Z/scan_0001.pcd,066_0066,sample_066_0066_000006,기밀정보
s3://fleet-data/66/veh-0001/2025-01-15T08:12:34Z/cam_front_0001.png,066_0066,sample_066_0066_000006,기밀정보
2025-01-15T08:12:34Z,066_0066,sample_066_0066_000006,준식별자
ota_20250115_001,066_0066,sample_066_0066_000012,준식별자
/srv/autonomy/firmware/2025/ota_20250115.bin,066_0066,sample_066_0066_000013,기밀정보
2025-01-10T09:00:00Z,066_0066,sample_066_0066_000014,준식별자
2025-01-15T08:12:58Z,066_0066,sample_066_0066_000016,준식별자
kafka://v2x-cluster/66/topic_veh,066_0066,sample_066_0066_000017,기밀정보
차유승,066_0066,sample_066_0066_000018,개인정보
서성범,066_0066,sample_066_0066_000019,개인정보
2025-01-16T14:22:00Z,066_0066,sample_066_0066_000019,준식별자
2025-01-15T08:12:34Z,066_0066,sample_066_0066_000027,준식별자
노소을,066_0066,sample_066_0066_000028,개인정보
박서인,066_0067,sample_066_0067_000003,개인정보
OP-000123,066_0067,sample_066_0067_000003,개인정보
park.seoin@fleet.acme,066_0067,sample_066_0067_000003,개인정보
DL-2024-0001,066_0067,sample_066_0067_000004,개인정보
1990,066_0067,sample_066_0067_000005,준식별자
05,066_0067,sample_066_0067_000005,준식별자
14,066_0067,sample_066_0067_000005,준식별자
남,066_0067,sample_066_0067_000005,준식별자
서울특별시,066_0067,sample_066_0067_000005,준식별자
강남구,066_0067,sample_066_0067_000005,준식별자
/srv/ota/keys/priv.pem,066_0067,sample_066_0067_000017,기밀정보
SHA256:af3b9c1e4d5f6a7b8c9d0e1f2a3b4c5d6e7f8a9b0c1d2e3f4a5b6c7d8e9f0a1,066_0067,sample_066_0067_000017,기밀정보
https://internal-v2x.corp/logs/veh123.log,066_0067,sample_066_0067_000020,기밀정보
/var/log/maintenance/veh/VEH-00067.log,066_0067,sample_066_0067_000018,기밀정보
10.10.10.5,066_0067,sample_066_0067_000025,기밀정보
https://ops.internal.corp/alerts/123,066_0067,sample_066_0067_000025,기밀정보
방석이,066_0067,sample_066_0067_000023,개인정보
최상헌,066_0067,sample_066_0067_000029,개인정보
박원규,066_0067,sample_066_0067_000030,개인정보
전예랑,066_0068,sample_066_0068_000004,개인정보
김지혁,066_0068,sample_066_0068_000005,개인정보
2023-EMP-009,066_0068,sample_066_0068_000006,개인정보
운전면허번호: hash_lic_abc123,066_0068,sample_066_0068_000007,개인정보
생년:1987,066_0068,sample_066_0068_000008,준식별자
생월:05,066_0068,sample_066_0068_000009,준식별자
생일:23,066_0068,sample_066_0068_000010,준식별자
성별: 남,066_0068,sample_066_0068_000011,준식별자
서울특별시 강남구,066_0068,sample_066_0068_000012,준식별자
https://staging.internal.avops,066_0068,sample_066_0068_000013,기밀정보
10.10.0.12,066_0068,sample_066_0068_000014,기밀정보
OTA_signature: SHA256:abcdef1234567890deadbeef,066_0068,sample_066_0068_000015,기밀정보
s3://internal-firmware/firmware_v2.1.bin,066_0068,sample_066_0068_000016,기밀정보
신치훈,066_0069,sample_066_0069_000018,개인정보
사번 2026001,066_0069,sample_066_0069_000018,개인정보
남성,066_0069,sample_066_0069_000019,준식별자
1985,066_0069,sample_066_0069_000019,준식별자
07,066_0069,sample_066_0069_000019,준식별자
12,066_0069,sample_066_0069_000019,준식별자
우미건,066_0069,sample_066_0069_000022,개인정보
a3f5b2c9d4e6f78a9b0c1d2e3f4a5b6c7d8e9f0a1b2c3d4e5f6a7b8c9d0e1f2,066_0069,sample_066_0069_000013,기밀정보
10.8.0.12,066_0069,sample_066_0069_000014,기밀정보
/var/secure/ota/updates/firmware_v3.2.bin,066_0069,sample_066_0069_000014,기밀정보
송겸서,066_0070,sample_066_0070_000005,개인정보
EMP-2025-0042,066_0070,sample_066_0070_000005,개인정보
서울특별시 강남구,066_0070,sample_066_0070_000009,준식별자
2025-01-15T09:12:34Z,066_0070,sample_066_0070_000010,준식별자
2025-01-15T09:12:34Z,066_0070,sample_066_0070_000011,준식별자
SEV-20250115-0007,066_0070,sample_066_0070_000016,준식별자
https://internal.update.company.local/ota/0070,066_0070,sample_066_0070_000018,기밀정보
/srv/ota/private_keys/vehicle_0070.key,066_0070,sample_066_0070_000019,기밀정보
10.10.12.5,066_0070,sample_066_0070_000020,기밀정보
임이찬,066_0070,sample_066_0070_000021,개인정보
공선유,066_0070,sample_066_0070_000025,개인정보
2025-01-16T11:03:10Z,066_0070,sample_066_0070_000025,준식별자
https://internal-ci.company.local/build/ota/71,066_0071,sample_066_0071_000008,기밀정보
안혜서,066_0071,sample_066_0071_000010,개인정보
ops-ahn@company.local,066_0071,sample_066_0071_000010,개인정보
DL-2026-998877,066_0071,sample_066_0071_000011,개인정보
박의진,066_0071,sample_066_0071_000014,개인정보
admin_fleet,066_0071,sample_066_0071_000017,기밀정보
192.168.10.12,066_0071,sample_066_0071_000018,기밀정보
vpn.internal.company.local,066_0071,sample_066_0071_000019,기밀정보
/opt/avs/config/secret.yaml,066_0071,sample_066_0071_000020,기밀정보
성미승,066_0071,sample_066_0071_000021,개인정보
여성,066_0071,sample_066_0071_000022,준식별자
1988-07-21,066_0071,sample_066_0071_000022,준식별자
서울특별시 강남구,066_0071,sample_066_0071_000023,준식별자
s3://edge-logs/v2x/2026/01/15/msg_000123.log,066_0071,sample_066_0071_000024,기밀정보
ops-team@company.local,066_0071,sample_066_0071_000027,개인정보
박경남,066_0072,sample_066_0072_000005,개인정보
op_00023,066_0072,sample_066_0072_000005,개인정보
류봉기,066_0072,sample_066_0072_000009,개인정보
https://internal-api.corp.local/ota/update,066_0072,sample_066_0072_000013,기밀정보
10.8.0.12,066_0072,sample_066_0072_000013,기밀정보
/data/secure/firmware/v2.1/firmware.bin,066_0072,sample_066_0072_000013,기밀정보
/etc/keys/ota_key.pem,066_0072,sample_066_0072_000013,기밀정보
vpn.company.internal,066_0072,sample_066_0072_000013,기밀정보
하한율,066_0072,sample_066_0072_000014,개인정보
공승준,066_0072,sample_066_0072_000018,개인정보
1985,066_0072,sample_066_0072_000021,준식별자
06,066_0072,sample_066_0072_000021,준식별자
12,066_0072,sample_066_0072_000021,준식별자
서울특별시,066_0072,sample_066_0072_000022,준식별자
강남구,066_0072,sample_066_0072_000022,준식별자
민정희,066_0072,sample_066_0072_000023,개인정보
공제훈,066_0072,sample_066_0072_000026,개인정보
지문희,066_0072,sample_066_0072_000026,개인정보
정찬형,066_0073,sample_066_0073_000016,개인정보
정준석,066_0073,sample_066_0073_000017,개인정보
op_00023,066_0073,sample_066_0073_000017,개인정보
1985-07-12,066_0073,sample_066_0073_000017,준식별자
운행관리자,066_0073,sample_066_0073_000017,준식별자
labeler_081,066_0073,sample_066_0073_000018,개인정보
서다감,066_0073,sample_066_0073_000018,개인정보
서울특별시 강남구,066_0073,sample_066_0073_000019,준식별자
sha256:3a7b9f1d4e6b2c9a5f0e4d2b8c6a1f3e9b0d4c2e1f6a7b8c9d0e1f2a3b4c5d6,066_0073,sample_066_0073_000012,기밀정보
/srv/data/v2x/logs/run_20260120.bag,066_0073,sample_066_0073_000013,기밀정보
10.20.30.5,066_0073,sample_066_0073_000014,기밀정보
v2x.internal.company.local,066_0073,sample_066_0073_000014,기밀정보
admin_fleet,066_0073,sample_066_0073_000023,기밀정보
s3://internal-bucket/v2x/run_0073.log,066_0073,sample_066_0073_000024,기밀정보
유인우,066_0073,sample_066_0073_000029,개인정보
심성혜,066_0073,sample_066_0073_000030,개인정보
EMP-00074,066_0074,sample_066_0074_000006,개인정보
https://internal-updates.fleet.corp/ota/074,066_0074,sample_066_0074_000013,기밀정보
10.23.74.12,066_0074,sample_066_0074_000014,기밀정보
lbl_9f3a7c,066_0074,sample_066_0074_000020,기밀정보
서규미,066_0075,sample_066_0075_000005,개인정보
OP-20230123-045,066_0075,sample_066_0075_000006,개인정보
sha256:9b1f5e3a7c4d8e2f00000000000000000000000000000000000000000000000000,066_0075,sample_066_0075_000007,개인정보
D-9857-ABCD,066_0075,sample_066_0075_000008,개인정보
1985-06-12,066_0075,sample_066_0075_000009,준식별자
여성,066_0075,sample_066_0075_000010,준식별자
서울특별시 강남구,066_0075,sample_066_0075_000011,준식별자
192.168.10.45,066_0075,sample_066_0075_000012,기밀정보
s3://fleet-prod/vehicle_logs/066/0075/2026-01-20.bag,066_0075,sample_066_0075_000013,기밀정보
e3b0c44298fc1c149afbf4c8996fb92427ae41e4649b934ca495991b7852b855,066_0075,sample_066_0075_000014,기밀정보
vpn.corp.internal,066_0075,sample_066_0075_000015,기밀정보
s3://fleet-prod/v2x/066-0075/20260120.log,066_0075,sample_066_0075_000027,기밀정보
LBL-009,066_0075,sample_066_0075_000028,개인정보
류재준,066_0075,sample_066_0075_000028,개인정보
OP-20231234,066_0076,sample_066_0076_000005,개인정보
오혜연,066_0076,sample_066_0076_000006,개인정보
송해강,066_0076,sample_066_0076_000007,개인정보
1988,066_0076,sample_066_0076_000008,준식별자
11,066_0076,sample_066_0076_000008,준식별자
23,066_0076,sample_066_0076_000008,준식별자
M,066_0076,sample_066_0076_000008,준식별자
서울특별시,066_0076,sample_066_0076_000008,준식별자
강남구,066_0076,sample_066_0076_000008,준식별자
s3://fleet-data/vhc-076/lidar/2025-03-14T08:15:27Z_scan.pcd,066_0076,sample_066_0076_000011,기밀정보
s3://fleet-data/vhc-076/cam/front/2025-03-14T08:15:27Z_frame000123.png,066_0076,sample_066_0076_000012,기밀정보
LN-2025-004,066_0076,sample_066_0076_000014,개인정보
routes/vhc-076/2025-03-14_route.geojson,066_0076,sample_066_0076_000015,기밀정보
sha256:abcdef1234567890deadbeefcafebabe,066_0076,sample_066_0076_000017,기밀정보
kafka://v2x-cluster/topic/vhc-076/2025-03-14,066_0076,sample_066_0076_000019,기밀정보
권이음,066_0076,sample_066_0076_000024,개인정보
LN-2025-004,066_0076,sample_066_0076_000026,개인정보
이수하,066_0076,sample_066_0076_000026,개인정보
10.10.32.15,066_0076,sample_066_0076_000027,기밀정보
/srv/data/vhc-076/logs/2025-03-14.log,066_0076,sample_066_0076_000027,기밀정보
s3://internal-storage/fleet/vehicle_066_0077/lidar/2024-01-15T10:00:00Z.pcd,066_0077,sample_066_0077_000007,기밀정보
sha256:4f2a9d8b7c6e5d4f3a2b1c0d9e8f7a6b5c4d3e2f1a0b9c8d7e6f5a4b3c2d1e0,066_0077,sample_066_0077_000014,기밀정보
https://internal.corp.autonomy.local/ota/update,066_0077,sample_066_0077_000015,기밀정보
10.10.0.5,066_0077,sample_066_0077_000015,기밀정보
https://internal.corp.autonomy.local/v2x/logs/2024-01-15.log,066_0077,sample_066_0077_000019,기밀정보
s3://internal-storage/commands/vehicle_066_0077/remote_cmds.log,066_0077,sample_066_0077_000026,기밀정보
권광우,066_0077,sample_066_0077_000018,개인정보
EMP-2024-0077,066_0077,sample_066_0077_000021,개인정보
권광우,066_0077,sample_066_0077_000021,개인정보
kwon.gk@example.com,066_0077,sample_066_0077_000021,개인정보
010-1234-5678,066_0077,sample_066_0077_000021,개인정보
서울특별시 송파구,066_0077,sample_066_0077_000022,준식별자
vehicle_00078,066_0078,sample_066_0078_000003,기밀정보
홍호천,066_0078,sample_066_0078_000004,개인정보
OP-2026-78,066_0078,sample_066_0078_000004,개인정보
서울특별시,066_0078,sample_066_0078_000013,준식별자
강남구,066_0078,sample_066_0078_000013,준식별자
https://intranet.autopilot.corp/ota/066/078/manifest.json,066_0078,sample_066_0078_000016,기밀정보
10.0.5.23,066_0078,sample_066_0078_000016,기밀정보
장고운,066_0078,sample_066_0078_000018,개인정보
https://intranet.autopilot.corp/v2x/logs/vehicle_00078/2026-01-20.log,066_0078,sample_066_0078_000019,기밀정보
vehicle_00078,066_0078,sample_066_0078_000019,기밀정보
이만희,066_0078,sample_066_0078_000027,개인정보
배영순,066_0078,sample_066_0078_000028,개인정보
정강후,066_0079,sample_066_0079_000017,개인정보
서울특별시 중구,066_0079,sample_066_0079_000018,준식별자
sha256:4f2d9b8e7a1c3d5e9b0f3a2c6d7e8f9a0b1c2d3e4f5a6b7c8d9e0f1a2b3c4d5e,066_0079,sample_066_0079_000012,기밀정보
https://internal-update.corp.local/firmware/v1.2.3.bin,066_0079,sample_066_0079_000013,기밀정보
/srv/maintenance/logs/vehicle_00079/2026-01-20.log,066_0079,sample_066_0079_000014,기밀정보
성정혜,066_0079,sample_066_0079_000026,개인정보
10.8.0.5,066_0079,sample_066_0079_000022,기밀정보
/etc/keys/ota_private.pem,066_0079,sample_066_0079_000023,기밀정보
sha256:4f2d9b8e7a1c3d5e9b0f3a2c6d7e8f9a0b1c2d3e4f5a6b7c8d9e0f1a2b3c4d5e,066_0079,sample_066_0079_000024,기밀정보
정강후,066_0079,sample_066_0079_000029,개인정보
안유재,066_0080,sample_066_0080_000004,개인정보
EMP-2023-0456,066_0080,sample_066_0080_000004,개인정보
driver_license_hash: sha256:3f786850e387550fdab836ed7e6dc881de23001b,066_0080,sample_066_0080_000005,개인정보
배소리,066_0080,sample_066_0080_000017,개인정보
LAB-9f3a7b,066_0080,sample_066_0080_000018,개인정보
"서울특별시 강남구 테헤란로 123, 8층",066_0080,sample_066_0080_000021,개인정보
강남구,066_0080,sample_066_0080_000022,준식별자
/srv/ota/keys/ota_signing_key.pem,066_0080,sample_066_0080_000013,기밀정보
postgres://admin:secret@192.168.1.30:5432/vehicledb,066_0080,sample_066_0080_000014,기밀정보
192.168.1.30,066_0080,sample_066_0080_000014,기밀정보
vpn.company.internal,066_0080,sample_066_0080_000023,기밀정보
류가인,066_0080,sample_066_0080_000024,개인정보
ADM-0012,066_0080,sample_066_0080_000024,개인정보
10.10.5.12,066_0080,sample_066_0080_000025,기밀정보
임현,066_0080,sample_066_0080_000027,개인정보
원규민,066_0081,sample_066_0081_000018,개인정보
남,066_0081,sample_066_0081_000018,준식별자
1986-05-12,066_0081,sample_066_0081_000018,준식별자
서울특별시 강남구,066_0081,sample_066_0081_000018,준식별자
조은진,066_0081,sample_066_0081_000022,개인정보
유은서,066_0081,sample_066_0081_000028,개인정보
https://internal.corp.local/ota/updates,066_0081,sample_066_0081_000013,기밀정보
/srv/vehicle/firmware/v1.2.3/ota.bin,066_0081,sample_066_0081_000013,기밀정보
10.10.5.12,066_0081,sample_066_0081_000014,기밀정보
sha256:3f4a9c5b8d9e2f1a7c6b5e4d3c2b1a0f9e8d7c6b5a4f3e2d1c0b9a8f7e6d5c4b,066_0081,sample_066_0081_000012,기밀정보
원서혜,066_0082,sample_066_0082_000005,개인정보
20240011,066_0082,sample_066_0082_000005,개인정보
won.sehye@example.com,066_0082,sample_066_0082_000005,개인정보
D-9901234,066_0082,sample_066_0082_000005,개인정보
여,066_0082,sample_066_0082_000006,준식별자
1987,066_0082,sample_066_0082_000006,준식별자
05,066_0082,sample_066_0082_000006,준식별자
12,066_0082,sample_066_0082_000006,준식별자
서울특별시,066_0082,sample_066_0082_000006,준식별자
강남구,066_0082,sample_066_0082_000006,준식별자
역삼동,066_0082,sample_066_0082_000006,준식별자
10.10.23.12,066_0082,sample_066_0082_000013,기밀정보
vpn.corp.internal,066_0082,sample_066_0082_000013,기밀정보
/srv/ota/keys/primary.key,066_0082,sample_066_0082_000013,기밀정보
https://ota.corp.internal/update/v3.2.1,066_0082,sample_066_0082_000012,기밀정보
internal-db.company.local,066_0082,sample_066_0082_000025,기밀정보
VEH-066-0083,066_0083,sample_066_0083_000003,기밀정보
s3://fleet-data/pcd/VEH-066-0083/2026-01-22T14:23:45.123Z.pcd,066_0083,sample_066_0083_000005,기밀정보
s3://fleet-data/img/VEH-066-0083/2026-01-22T14:23:45.123Z_front.png,066_0083,sample_066_0083_000005,기밀정보
s3://fleet-data/routes/VEH-066-0083/2026-01-22_route.geojson,066_0083,sample_066_0083_000007,기밀정보
s3://fleet-data/v2x/VEH-066-0083/2026-01-22T14:23:45.log,066_0083,sample_066_0083_000013,기밀정보
10.8.23.12,066_0083,sample_066_0083_000010,기밀정보
https://ota.internal.corp/update,066_0083,sample_066_0083_000010,기밀정보
신재인,066_0083,sample_066_0083_000014,개인정보
권미소,066_0083,sample_066_0083_000017,개인정보
이우찬,066_0083,sample_066_0083_000019,개인정보
나희재,066_0083,sample_066_0083_000021,개인정보
하태미,066_0083,sample_066_0083_000023,개인정보
vpn.corp.local,066_0083,sample_066_0083_000026,기밀정보
/srv/ota/keys/private.key,066_0083,sample_066_0083_000026,기밀정보
GEOF-SEA-01,066_0083,sample_066_0083_000022,기밀정보
정은결,066_0084,sample_066_0084_000011,개인정보
사번:2021345,066_0084,sample_066_0084_000013,개인정보
홍재복,066_0084,sample_066_0084_000013,개인정보
1988-05-12,066_0084,sample_066_0084_000014,준식별자
남,066_0084,sample_066_0084_000014,준식별자
운전면허번호 D88-1234567,066_0084,sample_066_0084_000014,개인정보
서설현,066_0084,sample_066_0084_000015,개인정보
/srv/ota/firmware/v1.2/secure.bin,066_0084,sample_066_0084_000016,기밀정보
10.0.0.5,066_0084,sample_066_0084_000018,기밀정보
vpn.corp.internal,066_0084,sample_066_0084_000019,기밀정보
eun@company.corp,066_0084,sample_066_0084_000027,개인정보
서울특별시 강남구 테헤란로 123,066_0084,sample_066_0084_000028,개인정보
오나무,066_0085,sample_066_0085_000005,개인정보
2023-0007,066_0085,sample_066_0085_000005,개인정보
서울특별시,066_0085,sample_066_0085_000009,준식별자
강남구,066_0085,sample_066_0085_000009,준식별자
성용화,066_0085,sample_066_0085_000012,개인정보
https://internal.api.corp:8443/vehicle/066/commands,066_0085,sample_066_0085_000016,기밀정보
10.0.1.5,066_0085,sample_066_0085_000017,기밀정보
/secure/ota/signatures/vehicle_066.sig,066_0085,sample_066_0085_000018,기밀정보
vpn.corp.internal,066_0085,sample_066_0085_000019,기밀정보
진현빈,066_0085,sample_066_0085_000020,개인정보
문운,066_0086,sample_066_0086_000006,개인정보
operator@fleet.example,066_0086,sample_066_0086_000006,개인정보
DL-2026-0001,066_0086,sample_066_0086_000006,개인정보
남성,066_0086,sample_066_0086_000006,준식별자
1985,066_0086,sample_066_0086_000006,준식별자
07,066_0086,sample_066_0086_000006,준식별자
12,066_0086,sample_066_0086_000006,준식별자
서울특별시,066_0086,sample_066_0086_000006,준식별자
강남구,066_0086,sample_066_0086_000006,준식별자
10.8.0.12,066_0086,sample_066_0086_000010,기밀정보
https://internal.corp/ota/update/ae3f,066_0086,sample_066_0086_000010,기밀정보
/srv/ota/packages/firmware_v2.3.bin,066_0086,sample_066_0086_000010,기밀정보
vpn.corp.internal,066_0086,sample_066_0086_000010,기밀정보
원강훈,066_0087,sample_066_0087_000004,개인정보
op_2025_001,066_0087,sample_066_0087_000004,개인정보
won.ganghun@example.com,066_0087,sample_066_0087_000004,개인정보
류주하,066_0087,sample_066_0087_000005,개인정보
ryu.juha@example.com,066_0087,sample_066_0087_000005,개인정보
DL-2025-0001,066_0087,sample_066_0087_000005,개인정보
GF-서울-강남구,066_0087,sample_066_0087_000010,준식별자
sha256:ab12cdef3456abcdef7890abcdef1234567890abcdef1234567890abcdef1234,066_0087,sample_066_0087_000014,기밀정보
https://internal-vpn.corp.local,066_0087,sample_066_0087_000015,기밀정보
10.8.0.12,066_0087,sample_066_0087_000015,기밀정보
/srv/secure/ota_keys.pem,066_0087,sample_066_0087_000015,기밀정보
유주한,066_0087,sample_066_0087_000016,개인정보
EMP-5577,066_0087,sample_066_0087_000016,개인정보
황성빈,066_0087,sample_066_0087_000020,개인정보
labeler_204,066_0087,sample_066_0087_000020,개인정보
서울특별시,066_0087,sample_066_0087_000023,준식별자
강남구,066_0087,sample_066_0087_000023,준식별자
채주열,066_0087,sample_066_0087_000025,개인정보
류선예,066_0088,sample_066_0088_000015,개인정보
권경찬,066_0088,sample_066_0088_000016,개인정보
010-1234-5678,066_0088,sample_066_0088_000018,개인정보
go.beomgyun@corp.local,066_0088,sample_066_0088_000018,개인정보
고범균,066_0088,sample_066_0088_000028,개인정보
s3://private-bucket/vehicle/066/0088/logs/session_20260122.bag,066_0088,sample_066_0088_000019,기밀정보
C:/srv/credentials/ota.pem,066_0088,sample_066_0088_000019,기밀정보
10.0.5.12,066_0088,sample_066_0088_000019,기밀정보
https://ota.internal.corp/updates/ota_2026_v3.bin,066_0088,sample_066_0088_000011,기밀정보
서울특별시 강남구 역삼동,066_0088,sample_066_0088_000021,준식별자
s3://private-bucket/v2x/066/20260122_v2x.log,066_0088,sample_066_0088_000020,기밀정보
lidar_point_cloud_ref=s3://private-bucket/vehicle/066/0088/lidar/session_20260122.pcd,066_0088,sample_066_0088_000005,기밀정보
camera_image_ref=s3://private-bucket/vehicle/066/0088/cam/20260122_140312.png,066_0088,sample_066_0088_000005,기밀정보
ota_update_id=OTA_2026_v3,066_0088,sample_066_0088_000011,기밀정보
prepared_by=임희,066_0088,sample_066_0088_000030,개인정보
approved_by=손은률,066_0088,sample_066_0088_000030,개인정보
우봉준,066_0089,sample_066_0089_000017,개인정보
20230012,066_0089,sample_066_0089_000017,개인정보
ubj@example.com,066_0089,sample_066_0089_000017,개인정보
010-1234-5678,066_0089,sample_066_0089_000017,개인정보
배관영,066_0089,sample_066_0089_000018,개인정보
한려은,066_0089,sample_066_0089_000019,개인정보
서울특별시,066_0089,sample_066_0089_000024,준식별자
강남구,066_0089,sample_066_0089_000024,준식별자
1985,066_0089,sample_066_0089_000024,준식별자
07,066_0089,sample_066_0089_000024,준식별자
12,066_0089,sample_066_0089_000024,준식별자
https://internal-updates.corp.local/ota/066_0089/package.bin,066_0089,sample_066_0089_000012,기밀정보
management_server_ip=10.0.0.5,066_0089,sample_066_0089_000025,기밀정보
/srv/ota/066_0089/package.bin,066_0089,sample_066_0089_000025,기밀정보
vpn.corp.local,066_0089,sample_066_0089_000025,기밀정보
admin_ota,066_0089,sample_066_0089_000026,기밀정보
SSH key fingerprint=SHA256:3b:7c:...,066_0089,sample_066_0089_000026,기밀정보
operator_id: op_hash_9f8e2,066_0090,sample_066_0090_000006,개인정보
driver_id_hash: drv_4a1b,066_0090,sample_066_0090_000007,개인정보
운전면허번호 해시: DL_HASH_abc123,066_0090,sample_066_0090_000007,개인정보
엄도,066_0090,sample_066_0090_000008,개인정보
차제윤,066_0090,sample_066_0090_000008,개인정보
송보정,066_0090,sample_066_0090_000008,개인정보
1985,066_0090,sample_066_0090_000009,준식별자
07,066_0090,sample_066_0090_000009,준식별자
23,066_0090,sample_066_0090_000009,준식별자
남성,066_0090,sample_066_0090_000009,준식별자
서울특별시,066_0090,sample_066_0090_000010,준식별자
강남구,066_0090,sample_066_0090_000010,준식별자
OTA_signature: sha256:bf3a9d7e4c2f,066_0090,sample_066_0090_000015,기밀정보
/opt/secure/keys/private_key.pem,066_0090,sample_066_0090_000016,기밀정보
https://int-api.autonav.local,066_0090,sample_066_0090_000017,기밀정보
server_ip: 10.10.12.34,066_0090,sample_066_0090_000017,기밀정보
송전진,066_0090,sample_066_0090_000022,개인정보
사번: emp_hash_001,066_0090,sample_066_0090_000022,개인정보
kafka://v2x-logs/topic=veh_updates,066_0090,sample_066_0090_000024,기밀정보
mnt/secure/maintenance/VEH_0009A/notes.txt,066_0090,sample_066_0090_000026,기밀정보
signature: sig_3b9f2a,066_0090,sample_066_0090_000028,기밀정보
허선아,066_0090,sample_066_0090_000029,개인정보
권영신,066_0091,sample_066_0091_000012,개인정보
/opt/autonomy/firmware/fw_v3.4.1.bin,066_0091,sample_066_0091_000016,기밀정보
OTA-2025-04-15-07,066_0091,sample_066_0091_000017,기밀정보
엄충현,066_0091,sample_066_0091_000018,개인정보
권레나,066_0091,sample_066_0091_000021,개인정보
서울특별시 강남구,066_0091,sample_066_0091_000022,준식별자
10.0.8.12,066_0091,sample_066_0091_000024,기밀정보
vpn.company.internal,066_0091,sample_066_0091_000025,기밀정보
서도운,066_0091,sample_066_0091_000026,개인정보
심현서,066_0092,sample_066_0092_000004,개인정보
오~99,066_0092,sample_066_0092_000019,개인정보
최유빈,066_0092,sample_066_0092_000020,개인정보
서울특별시 강남구,066_0092,sample_066_0092_000006,준식별자
https://internal-ota.corp.local/updates/ota_0092.bin,066_0092,sample_066_0092_000012,기밀정보
sha256:3f8b5f2a1e4c9d6a7b8c9d0e1f2a3b4c5d6e7f8a9b0c1d2e3f4a5b6c7d8e9f0,066_0092,sample_066_0092_000012,기밀정보
192.168.10.20,066_0092,sample_066_0092_000014,기밀정보
/srv/internal/av/firmware/066_0092/firmware_v1.2.3.bin,066_0092,sample_066_0092_000014,기밀정보
vpn.corp.internal:1194,066_0092,sample_066_0092_000014,기밀정보
s3://private-bucket/internal/v2x/vehicle_066_0092/2026-01-15.log,066_0092,sample_066_0092_000015,기밀정보
배리환,066_0093,sample_066_0093_000001,개인정보
operator_id: 2023001,066_0093,sample_066_0093_000006,개인정보
연락처: 010-1234-5678,066_0093,sample_066_0093_000006,개인정보
sejin.shin@autonomy.example.com,066_0093,sample_066_0093_000006,개인정보
신세진,066_0093,sample_066_0093_000007,개인정보
사번: 2023002,066_0093,sample_066_0093_000007,개인정보
생년월일: 1988-05-12,066_0093,sample_066_0093_000007,준식별자
서울특별시 강남구,066_0093,sample_066_0093_000007,준식별자
운전면허번호: DL-2023-5544,066_0093,sample_066_0093_000008,개인정보
박자은,066_0093,sample_066_0093_000010,개인정보
SHA256:3a7f5b...,066_0093,sample_066_0093_000011,기밀정보
/srv/secure/ota/keys/ota_private.pem,066_0093,sample_066_0093_000012,기밀정보
10.0.32.12,066_0093,sample_066_0093_000013,기밀정보
vpn.internal.autonomy.local,066_0093,sample_066_0093_000013,기밀정보
최환희,066_0093,sample_066_0093_000023,개인정보
010-9876-5432,066_0093,sample_066_0093_000024,개인정보
choi.hwanhee@autonomy.example.com,066_0093,sample_066_0093_000024,개인정보
전일,066_0093,sample_066_0093_000027,개인정보
s3://internal-cluster/vehicle_066/lidar/2026-01-20T08-15-30.123Z.pcd,066_0094,sample_066_0094_000007,기밀정보
s3://internal-cluster/vehicle_066/camera/front/2026-01-20T08-15-30.123Z.png,066_0094,sample_066_0094_000008,기밀정보
/srv/firmware/prod/v1.4.2.bin,066_0094,sample_066_0094_000015,기밀정보
sftp://telemetry.internal/v2x/2026-01-20/VEH_066_0001.log,066_0094,sample_066_0094_000018,기밀정보
심동진,066_0094,sample_066_0094_000019,개인정보
남,066_0094,sample_066_0094_000020,준식별자
1985-07-12,066_0094,sample_066_0094_000020,준식별자
D-850712-1234,066_0094,sample_066_0094_000020,개인정보
010-5555-1234,066_0094,sample_066_0094_000021,개인정보
seongjin.ops@example.com,066_0094,sample_066_0094_000021,개인정보
서울특별시 강남구,066_0094,sample_066_0094_000022,준식별자
labeler_023,066_0094,sample_066_0094_000025,개인정보
최순영,066_0094,sample_066_0094_000026,개인정보
10.10.8.5,066_0094,sample_066_0094_000029,기밀정보
vpn.company.internal,066_0094,sample_066_0094_000029,기밀정보
권민선,066_0095,sample_066_0095_000015,개인정보
EMP-000123,066_0095,sample_066_0095_000015,개인정보
sha256:4f1c7bb9a1f0c3d4e5f6a7b8c9d0e1f2,066_0095,sample_066_0095_000016,개인정보
공명주,066_0095,sample_066_0095_000017,개인정보
주만희,066_0095,sample_066_0095_000017,개인정보
주만희,066_0095,sample_066_0095_000018,개인정보
심형기,066_0095,sample_066_0095_000028,개인정보
서솔미,066_0095,sample_066_0095_000028,개인정보
차율하,066_0095,sample_066_0095_000030,개인정보
여성,066_0095,sample_066_0095_000031,준식별자
1987,066_0095,sample_066_0095_000031,준식별자
05,066_0095,sample_066_0095_000031,준식별자
23,066_0095,sample_066_0095_000031,준식별자
서울특별시 강남구,066_0095,sample_066_0095_000022,준식별자
10.10.200.5,066_0095,sample_066_0095_000013,기밀정보
https://internal-api.company.local/ota/validate,066_0095,sample_066_0095_000013,기밀정보
s3://company-dataset/vehicle/VHC-2026-0001/2026-01-23/12-00-00/lidar.pcd,066_0095,sample_066_0095_000005,기밀정보
s3://company-dataset/.../camera_front.png,066_0095,sample_066_0095_000006,기밀정보
/var/logs/ota/audit.log,066_0095,sample_066_0095_000025,기밀정보
sha256:9a8b7cdef1234567890abcd,066_0095,sample_066_0095_000012,기밀정보
gs://v2x-logs/2026/01/23/vehicle/VHC-2026-0001/v2x.bag,066_0095,sample_066_0095_000021,기밀정보
/opt/vehicle/ota/signing_key.pem,066_0095,sample_066_0095_000032,기밀정보
/etc/keys/ota_private.pem,066_0095,sample_066_0095_000032,기밀정보
OP-2025-0001,066_0096,sample_066_0096_000004,개인정보
공형태,066_0096,sample_066_0096_000004,개인정보
DL-850712-1234567,066_0096,sample_066_0096_000005,개인정보
1985,066_0096,sample_066_0096_000006,준식별자
07,066_0096,sample_066_0096_000006,준식별자
12,066_0096,sample_066_0096_000006,준식별자
010-1234-5678,066_0096,sample_066_0096_000007,개인정보
hong.h@mobility.test,066_0096,sample_066_0096_000007,개인정보
s3://fleet-data/vehicle/VHC-2025-00096/scan_20250315_123456.pcd,066_0096,sample_066_0096_000010,기밀정보
s3://fleet-data/vehicle/VHC-2025-00096/cam_front_20250315_123456.png,066_0096,sample_066_0096_000011,기밀정보
서재범,066_0096,sample_066_0096_000019,개인정보
s3://fleet-data/v2x/VHC-2025-00096/2025-03-15.log,066_0096,sample_066_0096_000021,기밀정보
서울특별시,066_0096,sample_066_0096_000022,준식별자
강남구,066_0096,sample_066_0096_000022,준식별자
LBR-3002,066_0096,sample_066_0096_000025,개인정보
권은빈,066_0096,sample_066_0096_000025,개인정보
10.8.0.5:8443,066_0096,sample_066_0096_000026,기밀정보
/srv/fleet/keys/ota_sign.key,066_0096,sample_066_0096_000026,기밀정보
노유영,066_0097,sample_066_0097_000002,개인정보
권유민,066_0097,sample_066_0097_000006,개인정보
sha256:ab3f9c6e8d1b2c4f5e6a7d8b9c0d1e2f3a4b5c6d7e8f9a0b1c2d3e4f5a6b7c8,066_0097,sample_066_0097_000007,기밀정보
/srv/secure/keys/ota_private.pem,066_0097,sample_066_0097_000007,기밀정보
10.0.0.12,066_0097,sample_066_0097_000007,기밀정보
황은미,066_0097,sample_066_0097_000010,개인정보
심라온,066_0097,sample_066_0097_000011,개인정보
차홍진,066_0097,sample_066_0097_000013,개인정보
https://intra.internal.company.local/v2x/log/9876,066_0097,sample_066_0097_000015,기밀정보
sha256:9f1a2b3c4d5e6f7a8b9c0d1e2f3a4b5c,066_0097,sample_066_0097_000016,기밀정보
최승석,066_0097,sample_066_0097_000019,개인정보
양하온,066_0097,sample_066_0097_000023,개인정보
황은미,066_0097,sample_066_0097_000025,개인정보
엄병수,066_0097,sample_066_0097_000026,개인정보
/srv/secure,066_0097,sample_066_0097_000028,기밀정보
권아령,066_0098,sample_066_0098_000008,개인정보
sha256:3f8a9c7b2e4f6d1a9e8c7b6d5a4f3e2c1b0a9f8e7d6c5b4a3f2e1d0c9b8a7f6,066_0098,sample_066_0098_000010,기밀정보
sha256:deadbeefcafebabefeedface1234567890abcdef1234567890abcdef12345678,066_0098,sample_066_0098_000012,기밀정보
정해윤,066_0098,sample_066_0098_000013,개인정보
010-9999-0001,066_0098,sample_066_0098_000013,개인정보
EMP-2023-0042,066_0098,sample_066_0098_000014,개인정보
서울특별시 강남구,066_0098,sample_066_0098_000015,준식별자
https://internal.corp.local/ota,066_0098,sample_066_0098_000020,기밀정보
10.0.4.22,066_0098,sample_066_0098_000020,기밀정보
김도형,066_0098,sample_066_0098_000021,개인정보
C:\internal\oem\specs\secret_spec_v2.pdf,066_0098,sample_066_0098_000024,기밀정보
정해윤,066_0098,sample_066_0098_000025,개인정보
VEH-2025-0001,066_0099,sample_066_0099_000001,기밀정보
2025-01-15T09:23:12.123Z,066_0099,sample_066_0099_000001,준식별자
37.566535,066_0099,sample_066_0099_000002,준식별자
126.977969,066_0099,sample_066_0099_000002,준식별자
EMP-0092,066_0099,sample_066_0099_000003,개인정보
조신혜,066_0099,sample_066_0099_000003,개인정보
s3://fleet-data/lidar/veh-0001/2025-01-15/scan_092312.pcd,066_0099,sample_066_0099_000005,기밀정보
s3://fleet-data/camera/veh-0001/2025-01-15/img_092312.png,066_0099,sample_066_0099_000005,기밀정보
GF-Seoul-Maple,066_0099,sample_066_0099_000008,준식별자
fw_v3.14.159,066_0099,sample_066_0099_000011,기밀정보
OTA-2025-0007,066_0099,sample_066_0099_000011,기밀정보
sha256:3a7b9f5d9e4c9b1f2a6d0e8b7c1f2a3b4c5d6e7f8a9b0c1d2e3f4a5b6c7d8e9,066_0099,sample_066_0099_000011,기밀정보
차지명,066_0099,sample_066_0099_000012,개인정보
2025-01-10,066_0099,sample_066_0099_000012,준식별자
SEV-2025-014,066_0099,sample_066_0099_000013,기밀정보
안하린,066_0099,sample_066_0099_000013,개인정보
2025-01-15T10:12:00.000Z,066_0099,sample_066_0099_000013,준식별자
https://corp-internal.storage/v2x/20250115_log.bag,066_0099,sample_066_0099_000014,기밀정보
LB-344,066_0099,sample_066_0099_000016,개인정보
정솔비,066_0099,sample_066_0099_000016,개인정보
2025-01-15T12:00:00.000Z,066_0099,sample_066_0099_000016,준식별자
10.10.5.21,066_0099,sample_066_0099_000019,기밀정보
SEV-2025-014,066_0099,sample_066_0099_000022,기밀정보
민로훈,066_0099,sample_066_0099_000028,개인정보
2025-01-16T08:00:00.000Z,066_0099,sample_066_0099_000028,준식별자
김이담,066_0100,sample_066_0100_000014,개인정보
OP-2023107,066_0100,sample_066_0100_000014,개인정보
LBL-77,066_0100,sample_066_0100_000018,개인정보
조효석,066_0100,sample_066_0100_000024,개인정보
서울특별시 강남구 대치동,066_0100,sample_066_0100_000016,준식별자
SHA256:3f786850e387550fdab836ed7e6dc881de23001b,066_0100,sample_066_0100_000010,기밀정보
v2x.internal.corp.local,066_0100,sample_066_0100_000013,기밀정보
HMAC-SHA256:a6f5c3d9b1e4f7c2d8e9b0a1c2d3e4f5,066_0100,sample_066_0100_000019,기밀정보
10.8.0.5,066_0100,sample_066_0100_000026,기밀정보
/var/lib/fleet/logs/VEH-1001/20250815,066_0100,sample_066_0100_000026,기밀정보
