{
    "document_id": "073_0024",
    "document_title": "BCI 연구 데이터 레코드 및 메타데이터 사양서",
    "data": [
        {
            "sentence": "본 문서는 신경기술 및 뇌-컴퓨터 인터페이스(BCI) 연구에서 생성되는 데이터 스키마와 샘플 레코드를 기술한다.",
            "id": "sample_073_0024_000001",
            "annotations": []
        },
        {
            "sentence": "문서에는 수집 절차, 타임스탬프 기준, 장치 텔레메트리, IRB 및 동의 관련 메타데이터를 포함한다.",
            "id": "sample_073_0024_000002",
            "annotations": []
        },
        {
            "sentence": "주요 필드에는 subject_id, session_id, recording_type, sampling_rate, channels, raw_signal, timestamps 등이 포함된다.",
            "id": "sample_073_0024_000003",
            "annotations": []
        },
        {
            "sentence": "참여자 식별자는 연구 규정에 따라 가명화하여 'sub-073_0001' 형식으로 표기한다.",
            "id": "sample_073_0024_000004",
            "annotations": []
        },
        {
            "sentence": "참여자 가명: 안대원 (pseudonym for sub-073_0001)로 레코드를 표기하며 실제 이름은 데이터베이스에서 제거한다.",
            "id": "sample_073_0024_000005",
            "annotations": [
                {
                    "word": "안대원",
                    "start": 8,
                    "end": 11,
                    "label": "개인정보"
                }
            ]
        },
        {
            "sentence": "생년월일(YYYY-MM-DD): 1985-07-21로 기록하되, 외부 공유 시에는 연도 또는 연-월 단위로 익명화한다.",
            "id": "sample_073_0024_000006",
            "annotations": [
                {
                    "word": "1985",
                    "start": 18,
                    "end": 22,
                    "label": "준식별자"
                },
                {
                    "word": "07",
                    "start": 23,
                    "end": 25,
                    "label": "준식별자"
                },
                {
                    "word": "21",
                    "start": 26,
                    "end": 28,
                    "label": "준식별자"
                }
            ]
        },
        {
            "sentence": "성별: 남성, 주소(시/군/구): 서초구, 직업: 연구개발직, 국적: 대한민국 정보를 준식별자로 취급한다.",
            "id": "sample_073_0024_000007",
            "annotations": [
                {
                    "word": "남성",
                    "start": 4,
                    "end": 6,
                    "label": "준식별자"
                },
                {
                    "word": "서초구",
                    "start": 19,
                    "end": 22,
                    "label": "준식별자"
                },
                {
                    "word": "연구개발직",
                    "start": 28,
                    "end": 33,
                    "label": "준식별자"
                },
                {
                    "word": "대한민국",
                    "start": 39,
                    "end": 43,
                    "label": "준식별자"
                }
            ]
        },
        {
            "sentence": "session_id: sess-20250115-01, recording_type: intracortical, sampling_rate: 30000 Hz로 레코딩하였다.",
            "id": "sample_073_0024_000008",
            "annotations": []
        },
        {
            "sentence": "channels: 96, electrode 배열은 Utah array(10x10, 400 µm spacing)로 기술하며 위치는 MRI 공고정 좌표계로 표기한다.",
            "id": "sample_073_0024_000009",
            "annotations": []
        },
        {
            "sentence": "raw_signal: 예시 time_series 일부 [0.12, -0.05, 0.03] µV는 전처리 전 원시 전압 값을 나타낸다.",
            "id": "sample_073_0024_000010",
            "annotations": []
        },
        {
            "sentence": "timestamps: ISO8601 기준 2025-01-15T09:12:03.123Z 부터 시작하여 샘플 인덱스와 동기화된다.",
            "id": "sample_073_0024_000011",
            "annotations": []
        },
        {
            "sentence": "electrode_positions: 좌표계(x,y,z mm) 및 atlas: MNI152를 포함하여 각 채널 좌표를 매핑한다.",
            "id": "sample_073_0024_000012",
            "annotations": []
        },
        {
            "sentence": "spike_times: 예시 spike_times(ms) [12.3, 45.7, 102.5]로 저장하며 단위는 밀리초(ms)이다.",
            "id": "sample_073_0024_000013",
            "annotations": []
        },
        {
            "sentence": "stimulation_protocol: amplitude 50 µA, frequency 130 Hz, pulse_width 200 µs로 안전 임계조건을 검증하고 기록한다.",
            "id": "sample_073_0024_000014",
            "annotations": []
        },
        {
            "sentence": "device_id: DEV-BCI-2025-001, firmware_version: fw_v2.3.1, firmware 서명 해시를 메타데이터로 포함한다.",
            "id": "sample_073_0024_000015",
            "annotations": []
        },
        {
            "sentence": "device_telemetry: battery 87%, temperature 36.2 °C, 로깅 주기 60 s, 마지막 동기화는 2025-01-15T09:30:00Z이다.",
            "id": "sample_073_0024_000016",
            "annotations": []
        },
        {
            "sentence": "behavioral_events: event_type 'cue_on','response', onset 2025-01-15T09:12:15.200Z, duration ms 단위로 저장한다.",
            "id": "sample_073_0024_000017",
            "annotations": []
        },
        {
            "sentence": "consent_status: consented, consent_version: v1.3, IRB_approval_id: IRB-2024-045-A를 명시한다.",
            "id": "sample_073_0024_000018",
            "annotations": []
        },
        {
            "sentence": "IRB 승인 담당자: 주규형 (가명) 및 승인일 2024-12-20로 기록되어 있으며 관련 문서는 내부 저장소에 보관된다.",
            "id": "sample_073_0024_000019",
            "annotations": [
                {
                    "word": "주규형",
                    "start": 12,
                    "end": 15,
                    "label": "개인정보"
                },
                {
                    "word": "2024",
                    "start": 27,
                    "end": 31,
                    "label": "준식별자"
                },
                {
                    "word": "12",
                    "start": 32,
                    "end": 34,
                    "label": "준식별자"
                },
                {
                    "word": "20",
                    "start": 27,
                    "end": 29,
                    "label": "준식별자"
                },
                {
                    "word": "20",
                    "start": 35,
                    "end": 37,
                    "label": "준식별자"
                }
            ]
        },
        {
            "sentence": "imaging_links: MRI_co_registration 링크는 연구 저장소의 참조로 보관하며 DICOM anonymization 절차를 적용한다.",
            "id": "sample_073_0024_000020",
            "annotations": []
        },
        {
            "sentence": "preprocessing_steps: bandpass 1-250 Hz, notch 50 Hz, common average referencing(CAR), artifact_rejection: EMG와 전원 노이즈(50Hz) 레이블링을 포함한다.",
            "id": "sample_073_0024_000021",
            "annotations": []
        },
        {
            "sentence": "feature_vectors: power_band(delta,theta,alpha,beta,gamma) µV^2, ERP 평균(0-300 ms), spike_rates(Hz)을 표준 포맷으로 제공한다.",
            "id": "sample_073_0024_000022",
            "annotations": []
        },
        {
            "sentence": "ml_model: metadata 모델명 'BCINet v1', architecture CNN-LSTM, weights_hash sha256:3b2a1f... (예시) 및 training_data_version: trainset_v202411.",
            "id": "sample_073_0024_000023",
            "annotations": []
        },
        {
            "sentence": "provenance: created_by: 류정태, created_at: 2025-01-15T10:00:00Z, software_versions: [bids-validator v1.7, preproc v0.9]",
            "id": "sample_073_0024_000024",
            "annotations": [
                {
                    "word": "류정태",
                    "start": 24,
                    "end": 27,
                    "label": "개인정보"
                }
            ]
        },
        {
            "sentence": "device 내부 경로 및 서버 정보는 기밀로 분류되며 예: 내부 파일 경로 '/srv/private/bci/records/sub-073_0001/' 및 서버 IP 10.0.0.12가 포함된다.",
            "id": "sample_073_0024_000025",
            "annotations": [
                {
                    "word": "/srv/private/bci/records/sub-073_0001/",
                    "start": 44,
                    "end": 82,
                    "label": "기밀정보"
                },
                {
                    "word": "10.0.0.12",
                    "start": 92,
                    "end": 101,
                    "label": "기밀정보"
                }
            ]
        },
        {
            "sentence": "adverse_event_report: 보고서에는 이상전극 접촉 저항 증가 및 일시적 신호 아티팩트가 기술되며, 임상적 결과 주장 없이 사건의 사실관계만 기재한다.",
            "id": "sample_073_0024_000026",
            "annotations": []
        },
        {
            "sentence": "데이터 공유 시 BIDS-iEEG 확장 준수, 최소화된 준식별자 세트 제공, 처리된(derivative) 데이터와 원시(raw) 데이터 분리 규칙을 명시한다.",
            "id": "sample_073_0024_000027",
            "annotations": []
        },
        {
            "sentence": "결론 및 액션 아이템: 데이터 익명화 절차 검토, IRB 문서 버전관리, 내부 서버 접근 제어 강화, 모델 가중치 해시와 재현성 로그 보존을 권고한다.",
            "id": "sample_073_0024_000028",
            "annotations": []
        }
    ]
}