{
    "document_id": "073_0028",
    "document_title": "신경기술 및 뇌-컴퓨터 인터페이스(BCI) 연구 데이터 사양 및 세션 레포트",
    "data": [
        {
            "sentence": "본 문서는 신경기술 및 뇌-컴퓨터 인터페이스(BCI) 연구에서 생성되는 데이터 스키마와 운영 프로토콜을 기술한다.",
            "id": "sample_073_0028_000001",
            "annotations": []
        },
        {
            "sentence": "참여자 메타데이터 예시: 참여자 명(가명): 김보민, subject_id: SUB-073-0001, 생년월일(년/월/일): 1985 / 05 / 12, 성별: 여성, 주소(시/구): 서울특별시, 강남구.",
            "id": "sample_073_0028_000002",
            "annotations": [
                {
                    "word": "김보민",
                    "start": 25,
                    "end": 28,
                    "label": "개인정보"
                },
                {
                    "word": "SUB-073-0001",
                    "start": 42,
                    "end": 54,
                    "label": "개인정보"
                },
                {
                    "word": "1985",
                    "start": 69,
                    "end": 73,
                    "label": "준식별자"
                },
                {
                    "word": "05",
                    "start": 76,
                    "end": 78,
                    "label": "준식별자"
                },
                {
                    "word": "12",
                    "start": 81,
                    "end": 83,
                    "label": "준식별자"
                },
                {
                    "word": "여성",
                    "start": 89,
                    "end": 91,
                    "label": "준식별자"
                },
                {
                    "word": "서울특별시",
                    "start": 102,
                    "end": 107,
                    "label": "준식별자"
                },
                {
                    "word": "강남구",
                    "start": 109,
                    "end": 112,
                    "label": "준식별자"
                }
            ]
        },
        {
            "sentence": "세션 식별자 및 일정: session_id: SESSION-2023-001, 시작시각(ISO8601 기준): 2023-11-15T09:00:00Z, 동일 기준시계로 전체 장비를 동기화해야 한다.",
            "id": "sample_073_0028_000003",
            "annotations": []
        },
        {
            "sentence": "recording_type은 본 문서에서 EEG를 기본 예시로 하며 필요 시 ECoG 또는 intracortical 스키마로 확장할 수 있다.",
            "id": "sample_073_0028_000004",
            "annotations": []
        },
        {
            "sentence": "sampling_rate는 30,000 Hz(침습성 마이크로일렉트로드) 및 1,000 Hz(임상 EEG) 범위를 권장하며, 단위는 항상 Hz로 표기한다.",
            "id": "sample_073_0028_000005",
            "annotations": []
        },
        {
            "sentence": "channels 필드는 채널명, 참조(reference), 단위(µV 또는 mV), 임피던스(Ohm)를 포함한다; 예: C3, ref: Cz, unit: µV, impedance: 4.2 kΩ.",
            "id": "sample_073_0028_000006",
            "annotations": []
        },
        {
            "sentence": "raw_signal은 시간-도메인 연속값(time_series)으로 저장하며 단위는 µV로 통일하고 샘플 인덱스와 ISO8601 타임스탬프 병기를 권장한다.",
            "id": "sample_073_0028_000007",
            "annotations": []
        },
        {
            "sentence": "timestamps는 샘플 인덱스 또는 ISO8601(예: 2023-11-15T09:00:00.123Z) 중 하나로 표기하고 전체 시스템에서 동일한 기준시계를 사용해야 한다.",
            "id": "sample_073_0028_000008",
            "annotations": []
        },
        {
            "sentence": "electrode_positions는 수술 전후 MRI/CT co-registration 결과치를 사용하여 MNI 또는 Talairach atlas 좌표(x,y,z,atlas)를 기록한다.",
            "id": "sample_073_0028_000009",
            "annotations": []
        },
        {
            "sentence": "spike_times는 ms 단위로 표현하며 각 스파이크의 채널, 클러스터 ID, 유의도(confidence score)를 함께 기록한다.",
            "id": "sample_073_0028_000010",
            "annotations": []
        },
        {
            "sentence": "stimulation_protocol은 전류/전압, frequency(Hz), pulse_width(ms), 모드(biphasic/monophasic) 및 안전 임계값을 명시해야 한다.",
            "id": "sample_073_0028_000011",
            "annotations": []
        },
        {
            "sentence": "device_id(가명): DEV-ALPHA-001, firmware_version: FW-1.2.3-internal, 장치 식별자는 가명화하여 기록하되 버전과 호환성을 명확히 한다.",
            "id": "sample_073_0028_000012",
            "annotations": [
                {
                    "word": "DEV-ALPHA-001",
                    "start": 15,
                    "end": 28,
                    "label": "기밀정보"
                },
                {
                    "word": "FW-1.2.3-internal",
                    "start": 48,
                    "end": 65,
                    "label": "기밀정보"
                }
            ]
        },
        {
            "sentence": "device_telemetry는 배터리 잔량(percent), 온도(°C), 동작 상태(operational/fault)를 초단위로 기록하여 안전 임계값 모니터링에 사용한다.",
            "id": "sample_073_0028_000013",
            "annotations": []
        },
        {
            "sentence": "behavioral_events는 event_type, onset(ISO8601 또는 sample index), duration(ms), 반응시간(Reaction Time, ms)을 구조화된 로그로 저장해야 한다.",
            "id": "sample_073_0028_000014",
            "annotations": []
        },
        {
            "sentence": "윤리·규제 메타데이터: IRB 승인 정보 및 동의서 판본을 포함하되 내부 승인번호는 접근 통제 하에 보관한다; 예시 IRB 번호: IRB#2023-BCI-045, 동의서 버전: v2.1.",
            "id": "sample_073_0028_000015",
            "annotations": [
                {
                    "word": "IRB#2023-BCI-045",
                    "start": 73,
                    "end": 89,
                    "label": "기밀정보"
                }
            ]
        },
        {
            "sentence": "imaging_links 필드에는 익명화된 MRI/CT 링크와 해부학적 co-registration 결과를 포함하며 공개 링크 사용 시 익명화 여부를 재검증한다.",
            "id": "sample_073_0028_000016",
            "annotations": []
        },
        {
            "sentence": "preprocessing_steps는 필터링(band-pass 1-200 Hz, notch 60 Hz), 아티팩트 제거(ICA, thresholding), 표준화(z-score) 등의 순서를 명시해야 한다.",
            "id": "sample_073_0028_000017",
            "annotations": []
        },
        {
            "sentence": "artifact 레이블링 규칙: EMG, EOG, 전원노이즈(60 Hz), 전극드리프트, 채널드롭아웃 등을 표준화된 tag로 기록한다.",
            "id": "sample_073_0028_000018",
            "annotations": []
        },
        {
            "sentence": "feature_vectors는 주파수 대역별 power_band(δ, θ, α, β, γ) 평균, ERP(시간-도메인 평균), spike_rates(Hz) 등을 포함하되 단위를 명시한다.",
            "id": "sample_073_0028_000019",
            "annotations": []
        },
        {
            "sentence": "ML 관련 메타데이터는 모델 아키텍처, 학습 데이터 버전, 하이퍼파라미터, weights_hash(예: sha256:a3f4b2...) 등을 기록하고 모델 버전을 고정한다.",
            "id": "sample_073_0028_000020",
            "annotations": []
        },
        {
            "sentence": "부작용 보고서(adverse_event_report)는 구조화된 텍스트로 기록하되 임상 결과를 임의 생성하여 기술하지 않으며 심각 사건 여부만 명시한다.",
            "id": "sample_073_0028_000021",
            "annotations": []
        },
        {
            "sentence": "문서 생성 및 프로비넌스: created_by: 정창렬, created_at: 2023-11-16T14:23:00Z, 소프트웨어 버전 및 사용 툴을 함께 기록한다.",
            "id": "sample_073_0028_000022",
            "annotations": [
                {
                    "word": "정창렬",
                    "start": 27,
                    "end": 30,
                    "label": "개인정보"
                }
            ]
        },
        {
            "sentence": "데이터 저장 및 접근 경로 예시: 저장경로 /srv/bci/data/sub-073/session-01, 내부 URL https://intra.bciresearch.local, 내부 IP 10.0.0.12는 내부기밀로 취급한다.",
            "id": "sample_073_0028_000023",
            "annotations": [
                {
                    "word": "/srv/bci/data/sub-073/session-01",
                    "start": 24,
                    "end": 56,
                    "label": "기밀정보"
                },
                {
                    "word": "https://intra.bciresearch.local",
                    "start": 65,
                    "end": 96,
                    "label": "기밀정보"
                },
                {
                    "word": "10.0.0.12",
                    "start": 104,
                    "end": 113,
                    "label": "기밀정보"
                }
            ]
        },
        {
            "sentence": "보안·규제 준수: GDPR, PIPA, FDA 및 MDR 관련 요구사항을 검토하고 데이터 최소화·익명화·접근제어 정책을 적용한다.",
            "id": "sample_073_0028_000024",
            "annotations": []
        },
        {
            "sentence": "데이터 품질 지표: 신호대잡음비(SNR), 채널 유효성 비율, 타임스탬프 드리프트(ms/시간) 등을 정기적으로 모니터링한다.",
            "id": "sample_073_0028_000025",
            "annotations": []
        },
        {
            "sentence": "실시간 시스템 요구사항: 피드백 루프의 최대 허용 지연 50 ms를 권장하며 시간 동기화 오차는 1 ms 미만으로 유지한다.",
            "id": "sample_073_0028_000026",
            "annotations": []
        },
        {
            "sentence": "상호운용성: BIDS/iEEG 표준을 우선으로 하여 스키마를 설계하고 필요한 경우 호환 가능한 확장필드를 정의한다.",
            "id": "sample_073_0028_000027",
            "annotations": []
        },
        {
            "sentence": "접근 통제 및 운영 책임자 표기: 접근권한은 최소 권한 원칙을 적용하며 담당자 연락처 대신 담당자명(가명): 구산을 기록하여 운영 책임을 명시한다.",
            "id": "sample_073_0028_000028",
            "annotations": [
                {
                    "word": "구산",
                    "start": 61,
                    "end": 63,
                    "label": "개인정보"
                }
            ]
        },
        {
            "sentence": "문서 최종 검토 및 서명: 작성자: 정창렬, 검토: 김동길, 서명 기록은 감사 추적을 위해 타임스탬프와 함께 보존한다.",
            "id": "sample_073_0028_000029",
            "annotations": [
                {
                    "word": "정창렬",
                    "start": 20,
                    "end": 23,
                    "label": "개인정보"
                },
                {
                    "word": "김동길",
                    "start": 29,
                    "end": 32,
                    "label": "개인정보"
                }
            ]
        },
        {
            "sentence": "결론 및 실행 항목: 데이터 익명화 정책 적용, 내부기밀 경로 접근 제어, ML 모델 버전 고정, IRB 준수 확인을 우선적으로 수행할 것을 권고한다.",
            "id": "sample_073_0028_000030",
            "annotations": []
        }
    ]
}