{
    "document_id": "073_0095",
    "document_title": "신경기술 기반 뇌-컴퓨터 인터페이스(BCI) 데이터 수집 및 메타데이터 사양서",
    "data": [
        {
            "sentence": "문서 개요: 본 문서는 신경기술 및 뇌-컴퓨터 인터페이스(BCI) 도메인에서 생성되는 데이터 스키마와 메타데이터 규격을 기술한다.",
            "id": "sample_073_0095_000001",
            "annotations": []
        },
        {
            "sentence": "연구 참여자는 가명으로 표기되며 예시 참여자 명으로 '류하루'가 본 문서에 사용되었다.",
            "id": "sample_073_0095_000002",
            "annotations": [
                {
                    "word": "류하루",
                    "start": 30,
                    "end": 33,
                    "label": "개인정보"
                }
            ]
        },
        {
            "sentence": "subject_id는 pseudonym 형식으로 'sub-0001'로 표기하여 원식별자 노출을 방지한다.",
            "id": "sample_073_0095_000003",
            "annotations": [
                {
                    "word": "sub-0001",
                    "start": 28,
                    "end": 36,
                    "label": "개인정보"
                }
            ]
        },
        {
            "sentence": "생년 정보는 별도 필드로 기록되며 예시 값은 1985년이다.",
            "id": "sample_073_0095_000004",
            "annotations": [
                {
                    "word": "1985년",
                    "start": 25,
                    "end": 30,
                    "label": "준식별자"
                }
            ]
        },
        {
            "sentence": "생월 정보는 별도 필드로 기록되며 예시 값은 04월이다.",
            "id": "sample_073_0095_000005",
            "annotations": [
                {
                    "word": "04월",
                    "start": 25,
                    "end": 28,
                    "label": "준식별자"
                }
            ]
        },
        {
            "sentence": "생일 정보는 별도 필드로 기록되며 예시 값은 12일이다.",
            "id": "sample_073_0095_000006",
            "annotations": [
                {
                    "word": "12일",
                    "start": 25,
                    "end": 28,
                    "label": "준식별자"
                }
            ]
        },
        {
            "sentence": "성별 필드는 준식별자로 '남성'으로 표기된 예시가 포함된다.",
            "id": "sample_073_0095_000007",
            "annotations": [
                {
                    "word": "남성",
                    "start": 14,
                    "end": 16,
                    "label": "준식별자"
                }
            ]
        },
        {
            "sentence": "거주지의 시 단위는 '서울특별시'로 표기하여 주소 필드는 시/군/구 단위로 분리 기록한다.",
            "id": "sample_073_0095_000008",
            "annotations": [
                {
                    "word": "서울특별시",
                    "start": 12,
                    "end": 17,
                    "label": "준식별자"
                }
            ]
        },
        {
            "sentence": "거주지의 구 단위는 '강남구'로 표기한다.",
            "id": "sample_073_0095_000009",
            "annotations": [
                {
                    "word": "강남구",
                    "start": 12,
                    "end": 15,
                    "label": "준식별자"
                }
            ]
        },
        {
            "sentence": "연락처 대체 필드로 예시 이메일 'pseudonym@example.com'을 사용하며 실제 이메일은 가명 처리한다.",
            "id": "sample_073_0095_000010",
            "annotations": [
                {
                    "word": "pseudonym@example.com",
                    "start": 19,
                    "end": 40,
                    "label": "개인정보"
                }
            ]
        },
        {
            "sentence": "장치 식별자는 로컬 자산 식별자 예시 'device_id: DEV-AX12345'로 표기하며 원본 시리얼은 보호한다.",
            "id": "sample_073_0095_000011",
            "annotations": [
                {
                    "word": "DEV-AX12345",
                    "start": 33,
                    "end": 44,
                    "label": "기밀정보"
                }
            ]
        },
        {
            "sentence": "firmware_version은 'fw_v1.2.3'로 명시하고, 해당 값은 내부 기밀정보로 취급한다.",
            "id": "sample_073_0095_000012",
            "annotations": [
                {
                    "word": "fw_v1.2.3",
                    "start": 19,
                    "end": 28,
                    "label": "기밀정보"
                }
            ]
        },
        {
            "sentence": "임상자료에는 혈액형 같은 민감 준식별자 필드가 포함될 수 있으며 예시는 혈액형: O형 이다.",
            "id": "sample_073_0095_000013",
            "annotations": [
                {
                    "word": "O형",
                    "start": 45,
                    "end": 47,
                    "label": "준식별자"
                }
            ]
        },
        {
            "sentence": "직업 정보는 준식별자로 '직업: 연구원' 예시를 포함한다.",
            "id": "sample_073_0095_000014",
            "annotations": [
                {
                    "word": "연구원",
                    "start": 18,
                    "end": 21,
                    "label": "준식별자"
                }
            ]
        },
        {
            "sentence": "IRB/IEC 승인 정보는 문서 내에 기록되며 예시로 IRB 승인번호: IRB-2024-BCI-01을 기재한다.",
            "id": "sample_073_0095_000015",
            "annotations": []
        },
        {
            "sentence": "동의서 버전은 consent_version: v2.1로 명기하며 동의 상태는 consented 또는 withdrawn으로 표기한다.",
            "id": "sample_073_0095_000016",
            "annotations": []
        },
        {
            "sentence": "recording_type은 EEG로 예시하며 sampling_rate는 1000 Hz, 전압 단위는 µV로 표기한다.",
            "id": "sample_073_0095_000017",
            "annotations": []
        },
        {
            "sentence": "channels 필드에는 채널명 목록과 좌표가 포함되며 electrode_positions는 MNI 좌표계(x,y,z,atlas)로 제공된다.",
            "id": "sample_073_0095_000018",
            "annotations": []
        },
        {
            "sentence": "raw_signal은 시간-도메인 time_series로 저장하며 timestamps는 ISO8601 기준시계로 동기화한다.",
            "id": "sample_073_0095_000019",
            "annotations": []
        },
        {
            "sentence": "spike_times는 ms 단위로 기록하며 예시는 [12.3, 45.8, 102.5] ms 형식을 따른다.",
            "id": "sample_073_0095_000020",
            "annotations": []
        },
        {
            "sentence": "stimulation_protocol은 amplitude(mA), frequency(Hz), pulse_width(ms) 필드를 포함하고 안전 한계 검증 로직을 명시한다.",
            "id": "sample_073_0095_000021",
            "annotations": []
        },
        {
            "sentence": "device_telemetry에는 battery(percent), temperature(°C), last_check_iso8601 항목을 포함한다.",
            "id": "sample_073_0095_000022",
            "annotations": []
        },
        {
            "sentence": "behavioral_events는 event_type, onset(ms 또는 ISO8601), duration(ms)를 포함한 로그로 제공된다.",
            "id": "sample_073_0095_000023",
            "annotations": []
        },
        {
            "sentence": "imaging_links 예시는 s3://pseudo-bucket/mri/sub-0001_T1.nii.gz로 표기하나 실제 경로는 접근 통제된다.",
            "id": "sample_073_0095_000024",
            "annotations": [
                {
                    "word": "s3://pseudo-bucket/mri/sub-0001_T1.nii.gz",
                    "start": 18,
                    "end": 59,
                    "label": "기밀정보"
                }
            ]
        },
        {
            "sentence": "preprocessing_steps는 bandpass filter(1-100 Hz), notch filter(50 Hz), artifact_rejection(ICA, EMG threshold) 등의 파이프라인을 기술한다.",
            "id": "sample_073_0095_000025",
            "annotations": []
        },
        {
            "sentence": "feature_vectors는 power_band(δ,θ,α,β,γ), ERP(peak latency, amplitude), spike_rates(Hz) 등을 포함한다.",
            "id": "sample_073_0095_000026",
            "annotations": []
        },
        {
            "sentence": "ML 모델 메타데이터에는 architecture, training_dataset_version, model_version, weights_hash(SHA256)를 반드시 기록한다.",
            "id": "sample_073_0095_000027",
            "annotations": []
        },
        {
            "sentence": "예시 ML 항목으로 model_version: v1.0, weights_hash: 3b7f...f9a0 (SHA256 축약)을 명시한다.",
            "id": "sample_073_0095_000028",
            "annotations": []
        },
        {
            "sentence": "adverse_event_report는 구조화된 텍스트 필드로 보안화하여 저장하며 이상사례 발생시 event_code 및 timestamp를 기록한다.",
            "id": "sample_073_0095_000029",
            "annotations": []
        },
        {
            "sentence": "provenance는 created_by에 문서 작성자 가명 '전종율', created_at ISO8601, software_versions를 포함해 추적 가능하게 설계한다.",
            "id": "sample_073_0095_000030",
            "annotations": [
                {
                    "word": "전종율",
                    "start": 35,
                    "end": 38,
                    "label": "개인정보"
                }
            ]
        }
    ]
}