{
    "document_id": "073_0008",
    "document_title": "신경기술 및 뇌-컴퓨터 인터페이스(BCI) 데이터 스키마 및 수집·관리 지침",
    "data": [
        {
            "sentence": "개요: 본 문서는 신경기술 및 뇌-컴퓨터 인터페이스(BCI) 연구 데이터 스키마와 수집·관리 절차를 기술한다.",
            "id": "sample_073_0008_000001",
            "annotations": []
        },
        {
            "sentence": "주요 식별자: subject_id는 가명화된 값 'sub-073-0008_01'로 표기하며 원본 식별자는 분리 보관한다.",
            "id": "sample_073_0008_000002",
            "annotations": [
                {
                    "word": "sub-073-0008_01",
                    "start": 28,
                    "end": 43,
                    "label": "개인정보"
                }
            ]
        },
        {
            "sentence": "세션 정보: session_id는 'sess-20230101_A' 형식으로 타임스탬프와 실험 조건을 결합해 표기한다.",
            "id": "sample_073_0008_000003",
            "annotations": [
                {
                    "word": "sess-20230101_A",
                    "start": 20,
                    "end": 35,
                    "label": "개인정보"
                }
            ]
        },
        {
            "sentence": "기록 유형: recording_type은 EEG, ECoG, intracortical 중 실험별로 지정되며 본 예시는 EEG로 수집되었다.",
            "id": "sample_073_0008_000004",
            "annotations": []
        },
        {
            "sentence": "샘플링: sampling_rate는 3000 Hz로 기록하였고 모든 채널에 동일 샘플링 레이트를 적용했다.",
            "id": "sample_073_0008_000005",
            "annotations": []
        },
        {
            "sentence": "채널 구성: channels는 64채널(국제 10-20 매핑 기반)이며 채널별 임피던스와 참조 정보를 별도 필드에 보관한다.",
            "id": "sample_073_0008_000006",
            "annotations": []
        },
        {
            "sentence": "원시신호: raw_signal은 마이크로볼트(µV)를 단위로 시간-연속성 형태로 저장되며 예시 신호는 ±150 µV 범위 내이다.",
            "id": "sample_073_0008_000007",
            "annotations": []
        },
        {
            "sentence": "타임스탬프: timestamps는 ISO8601 기준(예: 2023-01-15T09:32:10.123Z)으로 동기화되어 샘플 인덱스와 일관성을 유지한다.",
            "id": "sample_073_0008_000008",
            "annotations": [
                {
                    "word": "2023",
                    "start": 33,
                    "end": 37,
                    "label": "준식별자"
                },
                {
                    "word": "01",
                    "start": 24,
                    "end": 26,
                    "label": "준식별자"
                },
                {
                    "word": "01",
                    "start": 38,
                    "end": 40,
                    "label": "준식별자"
                },
                {
                    "word": "15",
                    "start": 41,
                    "end": 43,
                    "label": "준식별자"
                }
            ]
        },
        {
            "sentence": "전극 위치: electrode_positions는 좌표(x,y,z,mm)와 표준 atlas(MNI152) 기준의 전극 대응을 포함한다.",
            "id": "sample_073_0008_000009",
            "annotations": []
        },
        {
            "sentence": "스파이크: spike_times는 단위 ms로 기록하며 예시 스파이크 트레인은 12.3 ms, 47.8 ms, 103.1 ms로 제공된다.",
            "id": "sample_073_0008_000010",
            "annotations": []
        },
        {
            "sentence": "자극 프로토콜: stimulation_protocol은 amplitude 1.2 mA, frequency 130 Hz, pulse_width 100 µs를 기준 안전범위 내에서 명시한다.",
            "id": "sample_073_0008_000011",
            "annotations": []
        },
        {
            "sentence": "장치 식별: device_id는 내부 자산 코드 'DEV-AX100-9F3B'로 기재하였으며 자산 관리 DB와 연동해 관리한다.",
            "id": "sample_073_0008_000012",
            "annotations": [
                {
                    "word": "DEV-AX100-9F3B",
                    "start": 28,
                    "end": 42,
                    "label": "기밀정보"
                }
            ]
        },
        {
            "sentence": "펌웨어: firmware_version은 v1.4.2로 표기되며 소프트웨어 변경 내역은 변경 로그에 기록한다.",
            "id": "sample_073_0008_000013",
            "annotations": []
        },
        {
            "sentence": "텔레메트리: device_telemetry는 battery 87%, temperature 36°C, 로그 주기 10 s로 캡처된다.",
            "id": "sample_073_0008_000014",
            "annotations": []
        },
        {
            "sentence": "행동 이벤트: behavioral_events는 event_type, onset(ms), duration(ms) 항목으로 구성되며 반응시간(RT)은 ms 단위로 표기한다.",
            "id": "sample_073_0008_000015",
            "annotations": []
        },
        {
            "sentence": "동의상태: consent_status는 consented로 표기하고 동의서 버전 v2.1과 서명한 연구책임자 가명 '손혜승'을 기록한다.",
            "id": "sample_073_0008_000016",
            "annotations": [
                {
                    "word": "손혜승",
                    "start": 65,
                    "end": 68,
                    "label": "개인정보"
                }
            ]
        },
        {
            "sentence": "윤리·규제: IRB 승인번호는 내부관리번호 'IRB-2022-07-15-01'로 기록되었으며 관련 문건은 규정에 따라 보호된다.",
            "id": "sample_073_0008_000017",
            "annotations": [
                {
                    "word": "IRB-2022-07-15-01",
                    "start": 25,
                    "end": 42,
                    "label": "기밀정보"
                }
            ]
        },
        {
            "sentence": "영상 연동: imaging_links에는 내부 저장소 URL 'https://intra.hosp.local/mri/073_0008'을 예시로 기재하였고 접근 제어를 적용한다.",
            "id": "sample_073_0008_000018",
            "annotations": [
                {
                    "word": "https://intra.hosp.local/mri/073_0008",
                    "start": 35,
                    "end": 72,
                    "label": "기밀정보"
                }
            ]
        },
        {
            "sentence": "전처리: preprocessing_steps에 bandpass 0.5-250 Hz, notch 50 Hz, ICA 기반 아티팩트 제거 및 EMG 아티팩트 라벨링을 명세하였다.",
            "id": "sample_073_0008_000019",
            "annotations": []
        },
        {
            "sentence": "피처: feature_vectors는 주파수대별 power_band, ERP(0-600 ms), spike_rates(횟수/s) 등 표준화된 형식으로 제공한다.",
            "id": "sample_073_0008_000020",
            "annotations": []
        },
        {
            "sentence": "머신러닝 메타데이터: ml_model은 model_version 'bcimodel_v3', weights_hash 'sha256:abcd1234ef567890...'를 포함해 재현성을 확보한다.",
            "id": "sample_073_0008_000021",
            "annotations": []
        },
        {
            "sentence": "이상사례: adverse_event_report는 연구 기간 중 단기적 경미한 두통 발생을 구조화된 텍스트로 기록하였고 치료적 결론은 기재하지 않았다.",
            "id": "sample_073_0008_000022",
            "annotations": []
        },
        {
            "sentence": "데이터 출처: provenance는 created_by '하한용', created_at '2023-01-20T14:05:00Z', software_versions 목록을 포함한다.",
            "id": "sample_073_0008_000023",
            "annotations": [
                {
                    "word": "하한용",
                    "start": 32,
                    "end": 35,
                    "label": "개인정보"
                },
                {
                    "word": "2023",
                    "start": 50,
                    "end": 54,
                    "label": "준식별자"
                },
                {
                    "word": "01",
                    "start": 55,
                    "end": 57,
                    "label": "준식별자"
                },
                {
                    "word": "20",
                    "start": 50,
                    "end": 52,
                    "label": "준식별자"
                },
                {
                    "word": "20",
                    "start": 58,
                    "end": 60,
                    "label": "준식별자"
                }
            ]
        },
        {
            "sentence": "연구자 노트: 가명화된 참가자 식별에 대한 접근 권한은 최소 권한 원칙으로 제한하며 책임자는 별도 로그를 유지한다.",
            "id": "sample_073_0008_000024",
            "annotations": []
        },
        {
            "sentence": "참가자 속성 예시: 가명 이름 'P-Participant-A', birth_date 1985-06-15, sex 여성, 주소(시) 서울특별시, occupation 연구원으로 메타데이터를 기록한다.",
            "id": "sample_073_0008_000025",
            "annotations": [
                {
                    "word": "P-Participant-A",
                    "start": 18,
                    "end": 33,
                    "label": "개인정보"
                },
                {
                    "word": "1985",
                    "start": 47,
                    "end": 51,
                    "label": "준식별자"
                },
                {
                    "word": "06",
                    "start": 52,
                    "end": 54,
                    "label": "준식별자"
                },
                {
                    "word": "15",
                    "start": 55,
                    "end": 57,
                    "label": "준식별자"
                },
                {
                    "word": "여성",
                    "start": 63,
                    "end": 65,
                    "label": "준식별자"
                },
                {
                    "word": "서울특별시",
                    "start": 73,
                    "end": 78,
                    "label": "준식별자"
                },
                {
                    "word": "연구원",
                    "start": 91,
                    "end": 94,
                    "label": "준식별자"
                }
            ]
        },
        {
            "sentence": "참가자 코드: participant_code는 'P-2023-001'과 같이 가명화 규칙을 적용해 저장한다.",
            "id": "sample_073_0008_000026",
            "annotations": [
                {
                    "word": "P-2023-001",
                    "start": 27,
                    "end": 37,
                    "label": "개인정보"
                }
            ]
        },
        {
            "sentence": "파일 경로: 원시데이터 원본은 안전한 내부 스토리지 '/data/hospital/073_0008/raw'에 암호화되어 보관된다.",
            "id": "sample_073_0008_000027",
            "annotations": [
                {
                    "word": "/data/hospital/073_0008/raw",
                    "start": 30,
                    "end": 57,
                    "label": "기밀정보"
                }
            ]
        },
        {
            "sentence": "API 연동: 내부 분석 파이프라인은 'https://internal.hospital/secure/api'를 통해 인증된 채널로만 데이터 교환을 수행한다.",
            "id": "sample_073_0008_000028",
            "annotations": [
                {
                    "word": "https://internal.hospital/secure/api",
                    "start": 22,
                    "end": 58,
                    "label": "기밀정보"
                }
            ]
        },
        {
            "sentence": "실시간 요건: 피드백 루프의 최대 지연 제한은 20 ms이며 시간 동기화는 NTP 및 하드웨어 트리거로 보장한다.",
            "id": "sample_073_0008_000029",
            "annotations": []
        },
        {
            "sentence": "결론 및 조치: 데이터 접근 정책, 아카이빙 절차, IRB 보고 및 모델 배포 기록 보관 정책을 준수하되 추가 보안 점검을 권고한다.",
            "id": "sample_073_0008_000030",
            "annotations": []
        }
    ]
}