{
    "document_id": "073_0081",
    "document_title": "신경기술(BCI) 데이터 스키마 및 예시 레코드 문서(연구 073_0081)",
    "data": [
        {
            "sentence": "문서 개요: 본 문서는 신경기술 및 뇌-컴퓨터 인터페이스(BCI) 연구의 데이터 스키마와 샘플 레코드를 기술한다.",
            "id": "sample_073_0081_000001",
            "annotations": []
        },
        {
            "sentence": "본 문서는 연구 식별자 073_0081에 속하며, 특정 피험자는 subject_id: sub-073-0081_001로 가명화되어 레코드된다.",
            "id": "sample_073_0081_000002",
            "annotations": [
                {
                    "word": "sub-073-0081_001",
                    "start": 48,
                    "end": 64,
                    "label": "개인정보"
                }
            ]
        },
        {
            "sentence": "연구책임자(PI)는 구기주로 기재되어 있으며 연구 운영 및 데이터 프로비넌스에 명시된다.",
            "id": "sample_073_0081_000003",
            "annotations": [
                {
                    "word": "구기주",
                    "start": 11,
                    "end": 14,
                    "label": "개인정보"
                }
            ]
        },
        {
            "sentence": "임상코디네이터는 조민형으로 표기되며, 연락처 등 직접식별자는 기록하지 않는다.",
            "id": "sample_073_0081_000004",
            "annotations": [
                {
                    "word": "조민형",
                    "start": 9,
                    "end": 12,
                    "label": "개인정보"
                }
            ]
        },
        {
            "sentence": "피험자 준식별자 항목으로 성별: 남성, 출생연도: 1985, 출생월: 05, 출생일: 23이 각각 분리 기록된다.",
            "id": "sample_073_0081_000005",
            "annotations": [
                {
                    "word": "남성",
                    "start": 18,
                    "end": 20,
                    "label": "준식별자"
                },
                {
                    "word": "1985",
                    "start": 28,
                    "end": 32,
                    "label": "준식별자"
                },
                {
                    "word": "05",
                    "start": 39,
                    "end": 41,
                    "label": "준식별자"
                },
                {
                    "word": "23",
                    "start": 48,
                    "end": 50,
                    "label": "준식별자"
                }
            ]
        },
        {
            "sentence": "주소 관련 준식별자는 주소(시): 서울특별시, 주소(군구): 강남구로 분리 저장한다.",
            "id": "sample_073_0081_000006",
            "annotations": [
                {
                    "word": "서울특별시",
                    "start": 19,
                    "end": 24,
                    "label": "준식별자"
                },
                {
                    "word": "강남구",
                    "start": 34,
                    "end": 37,
                    "label": "준식별자"
                }
            ]
        },
        {
            "sentence": "직업 및 신체정보는 직업: 회사원, 키: 175 cm, 몸무게: 72 kg으로 저장되어 잠재적 재식별 리스크를 고려한다.",
            "id": "sample_073_0081_000007",
            "annotations": [
                {
                    "word": "회사원",
                    "start": 15,
                    "end": 18,
                    "label": "준식별자"
                },
                {
                    "word": "175 cm",
                    "start": 23,
                    "end": 29,
                    "label": "준식별자"
                },
                {
                    "word": "72 kg",
                    "start": 36,
                    "end": 41,
                    "label": "준식별자"
                }
            ]
        },
        {
            "sentence": "recording_type은 intracortical로 설정되며, sampling_rate는 30000 Hz로 표기된다.",
            "id": "sample_073_0081_000008",
            "annotations": []
        },
        {
            "sentence": "channels 메타데이터는 채널수 96개와 채널 라벨의 맵을 포함하며 전압 단위는 µV로 표준화되어 있다.",
            "id": "sample_073_0081_000009",
            "annotations": []
        },
        {
            "sentence": "raw_signal은 시간도메인 타임시리즈로 저장되며 timestamps는 ISO8601 기준시계(UTC)로 동기화된다.",
            "id": "sample_073_0081_000010",
            "annotations": []
        },
        {
            "sentence": "electrode_positions은 좌표계(MNI152) 기준 x,y,z 값을 포함하고 atlas 필드를 통해 뇌영역 라벨을 매핑한다.",
            "id": "sample_073_0081_000011",
            "annotations": []
        },
        {
            "sentence": "spike_times는 ms 단위로 표기되며 예시로 첫 스파이크는 12.5 ms로 레코드된다.",
            "id": "sample_073_0081_000012",
            "annotations": []
        },
        {
            "sentence": "stimulation_protocol은 amplitude: 100 µA, frequency: 130 Hz, pulse_width: 60 µs로 안전 임계값을 검증하여 저장한다.",
            "id": "sample_073_0081_000013",
            "annotations": []
        },
        {
            "sentence": "device_id: DEV-BCI-0001은 장치 자산 식별자로 기밀 등급으로 관리되며 내부 자산 목록에 연동된다.",
            "id": "sample_073_0081_000014",
            "annotations": [
                {
                    "word": "DEV-BCI-0001",
                    "start": 11,
                    "end": 23,
                    "label": "기밀정보"
                }
            ]
        },
        {
            "sentence": "firmware_version: fw_v1.4.2는 펌웨어 메타데이터로 기록되며 소프트웨어 변경 이력과 연계된다.",
            "id": "sample_073_0081_000015",
            "annotations": [
                {
                    "word": "fw_v1.4.2",
                    "start": 18,
                    "end": 27,
                    "label": "기밀정보"
                }
            ]
        },
        {
            "sentence": "device_telemetry는 battery: 86%, temperature: 36.5 °C, battery_serial: BAT-334455 항목을 주기적으로 캡처한다.",
            "id": "sample_073_0081_000016",
            "annotations": [
                {
                    "word": "BAT-334455",
                    "start": 70,
                    "end": 80,
                    "label": "기밀정보"
                }
            ]
        },
        {
            "sentence": "데이터 전송 경로 및 서버 메타데이터에 server_ip: 10.0.0.5와 내부 스토리지 경로 imaging_path: /data/MRI/sub-073-0081_001_T1.nii.gz가 포함되어 기밀로 분류된다.",
            "id": "sample_073_0081_000017",
            "annotations": [
                {
                    "word": "10.0.0.5",
                    "start": 33,
                    "end": 41,
                    "label": "기밀정보"
                },
                {
                    "word": "/data/MRI/sub-073-0081_001_T1.nii.gz",
                    "start": 68,
                    "end": 104,
                    "label": "기밀정보"
                },
                {
                    "word": "sub-073-0081_001",
                    "start": 78,
                    "end": 94,
                    "label": "개인정보"
                }
            ]
        },
        {
            "sentence": "behavioral_events은 event_type, onset, duration 필드를 포함하며 예: cue_onset 2024-01-15T09:32:15.234Z, response_time 412 ms가 기록된다.",
            "id": "sample_073_0081_000018",
            "annotations": []
        },
        {
            "sentence": "consent_status는 consented로 표기되며 동의서 버전은 consent_version: v2.1, IRB_approval: IRB-2023-087로 기록된다.",
            "id": "sample_073_0081_000019",
            "annotations": [
                {
                    "word": "IRB-2023-087",
                    "start": 77,
                    "end": 89,
                    "label": "기밀정보"
                }
            ]
        },
        {
            "sentence": "imaging_links는 연구 내부 포털의 URL이 아닌 내부 파일 경로로 관리하며, 외부 공유 시 익명화된 NIfTI 파일만 제공한다.",
            "id": "sample_073_0081_000020",
            "annotations": []
        },
        {
            "sentence": "preprocessing_steps는 bandpass 필터 1-300 Hz, notch 60 Hz, artifact_rejection은 ICA 기반 자동라벨링을 포함한다.",
            "id": "sample_073_0081_000021",
            "annotations": []
        },
        {
            "sentence": "feature_vectors는 power_band(Delta,Theta,Alpha,Beta,Gamma), ERP(시간영역 평균), spike_rates(Hz 단위)를 포함한다.",
            "id": "sample_073_0081_000022",
            "annotations": []
        },
        {
            "sentence": "ML 관련 메타데이터는 model_name: bci_cnn_v3, model_version: 3.2, weights_hash: ab12cd34ef56 해시를 포함하여 reproducibility를 보장한다.",
            "id": "sample_073_0081_000023",
            "annotations": []
        },
        {
            "sentence": "adverse_event_report에는 이상사례가 구조화된 필드로 기록되며 현재 본 데이터셋에는 '경미한 피부자극' 사례 1건만 비식별화된 서술로 포함된다.",
            "id": "sample_073_0081_000024",
            "annotations": []
        },
        {
            "sentence": "provenance는 created_by: 한동주, created_at: 2024-01-16T10:15:00Z, software_versions: [acq_v2.0, preprocess_v1.8]로 기록된다.",
            "id": "sample_073_0081_000025",
            "annotations": [
                {
                    "word": "한동주",
                    "start": 24,
                    "end": 27,
                    "label": "개인정보"
                }
            ]
        },
        {
            "sentence": "데이터 보관 정책은 GDPR 및 국내 PIPA 준수를 명시하며 접근권한은 최소권한 원칙으로 제어된다.",
            "id": "sample_073_0081_000026",
            "annotations": []
        },
        {
            "sentence": "실시간 피드백 루프의 최대 지연 상한은 50 ms로 설정되어 안전 및 성능 요구사항을 만족한다.",
            "id": "sample_073_0081_000027",
            "annotations": []
        },
        {
            "sentence": "아티팩트 메타데이터에는 EMG, 전원 노이즈(50/60 Hz), 채널불량(마크드 채널 리스트 파일은 내부 경로로 관리) 정보가 포함된다.",
            "id": "sample_073_0081_000028",
            "annotations": []
        },
        {
            "sentence": "데이터 표준은 BIDS/iEEG를 기본으로 하며 스키마 확장 시 호환성 매핑테이블을 함께 제공한다.",
            "id": "sample_073_0081_000029",
            "annotations": []
        },
        {
            "sentence": "행동강화 및 윤리적 고지 사항으로 피험자 개인정보는 식별불가능한 형태로만 연구목적 사용과 IRB 승인 범위 내에서 처리된다.",
            "id": "sample_073_0081_000030",
            "annotations": []
        }
    ]
}