{
    "document_id": "073_0060",
    "document_title": "신경기술 및 뇌-컴퓨터 인터페이스(BCI) 데이터 스키마 및 메타데이터 사양서",
    "data": [
        {
            "sentence": "본 문서는 신경기술 및 뇌-컴퓨터 인터페이스(BCI) 연구에서 생성되는 데이터와 메타데이터의 표준화 예시를 제시한다.",
            "id": "sample_073_0060_000001",
            "annotations": []
        },
        {
            "sentence": "연구책임자(Principal Investigator)는 공범진으로 기입하였으며 문서 내에서는 허가된 가명 사용 규정을 따른다.",
            "id": "sample_073_0060_000002",
            "annotations": [
                {
                    "word": "공범진",
                    "start": 31,
                    "end": 34,
                    "label": "개인정보"
                }
            ]
        },
        {
            "sentence": "데이터 엔지니어 담당자는 서이루로 표기하였고 역할 및 접근권한은 프로비저닝 로그에 따라 관리된다.",
            "id": "sample_073_0060_000003",
            "annotations": [
                {
                    "word": "서이루",
                    "start": 14,
                    "end": 17,
                    "label": "개인정보"
                }
            ]
        },
        {
            "sentence": "피험자 인구통계 항목에는 가명 subject_id=sub-001과 준식별자 생년월일 1985-07-12(YYYY-MM-DD) 항목이 포함된다.",
            "id": "sample_073_0060_000004",
            "annotations": [
                {
                    "word": "1985-07-12",
                    "start": 47,
                    "end": 57,
                    "label": "준식별자"
                }
            ]
        },
        {
            "sentence": "성별 항목은 남성/여성/기타로 구조화되며 코드북에 따라 남성으로 기록된 사례가 존재한다.",
            "id": "sample_073_0060_000005",
            "annotations": [
                {
                    "word": "남성",
                    "start": 7,
                    "end": 9,
                    "label": "준식별자"
                },
                {
                    "word": "남성",
                    "start": 31,
                    "end": 33,
                    "label": "준식별자"
                }
            ]
        },
        {
            "sentence": "주소 정보는 시/군/구 단위로 분리 저장하며 예시값으로 서울특별시가 메타데이터에 참조된다.",
            "id": "sample_073_0060_000006",
            "annotations": [
                {
                    "word": "서울특별시",
                    "start": 31,
                    "end": 36,
                    "label": "준식별자"
                }
            ]
        },
        {
            "sentence": "동의서(consent)는 전자 서명 버전(consent_version=v2.1)과 타임스탬프(2025-06-10T09:30:00Z)를 함께 보관한다.",
            "id": "sample_073_0060_000007",
            "annotations": []
        },
        {
            "sentence": "윤리심의(IRB) 승인번호는 IRB-2024-NEU-045로 기록되어 있으며 관련 문서는 접근 제어 하에 저장한다.",
            "id": "sample_073_0060_000008",
            "annotations": [
                {
                    "word": "IRB-2024-NEU-045",
                    "start": 16,
                    "end": 32,
                    "label": "기밀정보"
                }
            ]
        },
        {
            "sentence": "본 문서 예시에는 recording_type=EEG, sampling_rate=1024 Hz, channels=64와 같은 연속 신호 메타데이터를 포함한다.",
            "id": "sample_073_0060_000009",
            "annotations": []
        },
        {
            "sentence": "장치 식별자로 device_id=DEV-2024-XY-001을 사용하며 장치별 안전 임계값과 텔레메트리 매핑을 명시한다.",
            "id": "sample_073_0060_000010",
            "annotations": [
                {
                    "word": "DEV-2024-XY-001",
                    "start": 18,
                    "end": 33,
                    "label": "기밀정보"
                }
            ]
        },
        {
            "sentence": "해당 장치의 firmware_version은 fw_v3.2.1-internal로 명시하며 펌웨어 변경 이력은 검증 로그에 보관한다.",
            "id": "sample_073_0060_000011",
            "annotations": [
                {
                    "word": "fw_v3.2.1-internal",
                    "start": 25,
                    "end": 43,
                    "label": "기밀정보"
                }
            ]
        },
        {
            "sentence": "원시데이터는 내부 스토리지 경로 /data/project/073/subject_sub-001/raw에 보관되며 저장 서버 IP 192.168.10.5에 접근해 전송된다.",
            "id": "sample_073_0060_000012",
            "annotations": [
                {
                    "word": "/data/project/073/subject_sub-001/raw",
                    "start": 18,
                    "end": 55,
                    "label": "기밀정보"
                },
                {
                    "word": "192.168.10.5",
                    "start": 71,
                    "end": 83,
                    "label": "기밀정보"
                }
            ]
        },
        {
            "sentence": "raw_signal은 단위 µV로 표기하고 타임스탬프는 ISO8601 기반 2025-06-10T09:30:00Z를 기준으로 동기화한다.",
            "id": "sample_073_0060_000013",
            "annotations": []
        },
        {
            "sentence": "electrode_positions는 x,y,z(MNI 좌표계, mm)와 참조 atlas=MNI152를 포함하여 전극 매핑을 기록한다.",
            "id": "sample_073_0060_000014",
            "annotations": []
        },
        {
            "sentence": "intracortical spike_times는 ms 단위로 기록하며 예시로 [12.4, 15.9, 1034.7] ms 형태의 배열을 사용한다.",
            "id": "sample_073_0060_000015",
            "annotations": []
        },
        {
            "sentence": "stimulation_protocol은 amplitude=200 µA, frequency=130 Hz, pulse_width=200 µs로 구성되며 안전 상한을 검증한다.",
            "id": "sample_073_0060_000016",
            "annotations": []
        },
        {
            "sentence": "장치 텔레메트리(device_telemetry)에는 battery=87%, temperature=36.5 °C, sync_status=locked 등의 항목이 포함된다.",
            "id": "sample_073_0060_000017",
            "annotations": []
        },
        {
            "sentence": "behavioral_events는 event_type(시각자극/청각자극), onset(ISO8601), duration(ms), response_time(ms)으로 표준화된다.",
            "id": "sample_073_0060_000018",
            "annotations": []
        },
        {
            "sentence": "preprocessing_steps에는 high-pass 0.5 Hz, low-pass 250 Hz, notch 60 Hz 필터와 ICA 기반 아티팩트 제거가 기술된다.",
            "id": "sample_073_0060_000019",
            "annotations": []
        },
        {
            "sentence": "artifact 레이블링은 EMG, EOG, powerline(50/60 Hz), electrode_pop 등으로 구조화하며 이상사례는 별도 필드로 표기한다.",
            "id": "sample_073_0060_000020",
            "annotations": []
        },
        {
            "sentence": "feature_vectors는 bandpower(delta/theta/alpha/beta/gamma, 단위 µV^2 또는 dB), ERP amplitude(µV), spike_rates(Hz)를 포함한다.",
            "id": "sample_073_0060_000021",
            "annotations": []
        },
        {
            "sentence": "ML 모델 메타데이터에는 model_name=BCI-net-v1, model_version=1.4.0, weights_hash=sha256:abc123def4567890abcdef1234567890abcdef1234567890abcdef1234567890를 기록한다.",
            "id": "sample_073_0060_000022",
            "annotations": []
        },
        {
            "sentence": "학습 데이터 버전은 trainset_v5.0으로 명시하고 학습 파라미터, 에포크, 최적화기 정보를 함께 보존한다.",
            "id": "sample_073_0060_000023",
            "annotations": []
        },
        {
            "sentence": "adverse_event_report에는 경미한 피부 자극(피부 발적) 사례를 보고하였으며 임상적 결과 표시는 연구목적 범위를 넘지 않도록 제한한다.",
            "id": "sample_073_0060_000024",
            "annotations": []
        },
        {
            "sentence": "데이터 생성 및 수정 이력(provenance)에는 created_by=유샘, created_at=2025-06-10T09:30:00Z, software_versions=BIDS-iEEG-1.0,ZARR-2.0을 포함한다.",
            "id": "sample_073_0060_000025",
            "annotations": [
                {
                    "word": "유샘",
                    "start": 40,
                    "end": 42,
                    "label": "개인정보"
                }
            ]
        },
        {
            "sentence": "BIDS/iEEG 표준 호환성을 고려하여 확장 필드는 JSON 스키마로 기술하며 필드명과 단위를 명확히 규정한다.",
            "id": "sample_073_0060_000026",
            "annotations": []
        },
        {
            "sentence": "안전 및 규제 항목에는 전기자극 허용범위 검증, interlock 로직, 긴급정지 절차 및 로그 보존 정책을 포함한다.",
            "id": "sample_073_0060_000027",
            "annotations": []
        },
        {
            "sentence": "액세스 제어와 데이터 공유는 최소 권한 원칙에 따라 내부 연구팀으로 제한하며 외부 제공 시 익명화와 DUA(데이터 사용 계약)를 요구한다.",
            "id": "sample_073_0060_000028",
            "annotations": []
        }
    ]
}