{
    "document_id": "073_0033",
    "document_title": "신경기술 및 BCI 임상연구 데이터 스키마 및 메타데이터 보고서",
    "data": [
        {
            "sentence": "본 문서는 신경기술 및 뇌-컴퓨터 인터페이스(BCI) 연구에서 수집·생성되는 데이터 스키마와 메타데이터 항목을 기술한다.",
            "id": "sample_073_0033_000001",
            "annotations": []
        },
        {
            "sentence": "subject_id는 pseudonym 표기를 사용하여 'sub-0001'로 기재하였고 session_id는 'ses-01'로 구분한다.",
            "id": "sample_073_0033_000002",
            "annotations": [
                {
                    "word": "sub-0001",
                    "start": 32,
                    "end": 40,
                    "label": "개인정보"
                }
            ]
        },
        {
            "sentence": "참여자 준식별자 필드로 성별: 남성, 생년월일(연): 1982, (월): 05, (일): 12, 거주지(시): 서울특별시를 별도 컬럼으로 저장한다.",
            "id": "sample_073_0033_000003",
            "annotations": [
                {
                    "word": "남성",
                    "start": 17,
                    "end": 19,
                    "label": "준식별자"
                },
                {
                    "word": "1982",
                    "start": 30,
                    "end": 34,
                    "label": "준식별자"
                },
                {
                    "word": "05",
                    "start": 41,
                    "end": 43,
                    "label": "준식별자"
                },
                {
                    "word": "12",
                    "start": 50,
                    "end": 52,
                    "label": "준식별자"
                },
                {
                    "word": "서울특별시",
                    "start": 62,
                    "end": 67,
                    "label": "준식별자"
                }
            ]
        },
        {
            "sentence": "신체 기초정보는 키: 175 cm, 체중: 72 kg, 혈액형: O로 표준화하여 저장하되 최소화 원칙을 적용한다.",
            "id": "sample_073_0033_000004",
            "annotations": [
                {
                    "word": "175 cm",
                    "start": 12,
                    "end": 18,
                    "label": "준식별자"
                },
                {
                    "word": "72 kg",
                    "start": 24,
                    "end": 29,
                    "label": "준식별자"
                },
                {
                    "word": "O",
                    "start": 36,
                    "end": 37,
                    "label": "준식별자"
                }
            ]
        },
        {
            "sentence": "recording_type은 intracortical로 표기되며 sampling_rate는 30000 Hz로 일관된 단위로 기록한다.",
            "id": "sample_073_0033_000005",
            "annotations": []
        },
        {
            "sentence": "channels 메타에는 총 96채널, 단위는 µV, 라벨링은 ch01부터 ch96까지로 표준화한다.",
            "id": "sample_073_0033_000006",
            "annotations": []
        },
        {
            "sentence": "raw_signal은 시간도메인 time-series로 저장하며 전압 단위는 µV, 파일 포맷은 BIDS/iEEG 호환을 권장한다.",
            "id": "sample_073_0033_000007",
            "annotations": []
        },
        {
            "sentence": "timestamps는 기준시계(UTC) 기반 ISO8601 형식(예: 2025-01-15T13:05:12.123Z)으로 동기화하여 기록한다.",
            "id": "sample_073_0033_000008",
            "annotations": []
        },
        {
            "sentence": "electrode_positions는 좌표(x,y,z)와 atlas 항목으로 표기하며 예시는 좌표(12.3, -45.6, 34.2, MNI152)로 제시한다.",
            "id": "sample_073_0033_000009",
            "annotations": []
        },
        {
            "sentence": "spike_times는 ms 단위로 저장되며 예시로 [123.4, 245.7, 512.0] ms와 같이 배열로 보존한다.",
            "id": "sample_073_0033_000010",
            "annotations": []
        },
        {
            "sentence": "stimulation_protocol에는 amplitude: 2.5 mA, frequency: 130 Hz, pulse_width: 200 µs 등 안전 임계값과 차단 로직을 명시한다.",
            "id": "sample_073_0033_000011",
            "annotations": []
        },
        {
            "sentence": "device_id는 내부 관리식별자 'DEV-ACME-0003'로 표기하고 firmware_version은 'fw_v1.2.7-build45'로 기록한다.",
            "id": "sample_073_0033_000012",
            "annotations": [
                {
                    "word": "DEV-ACME-0003",
                    "start": 21,
                    "end": 34,
                    "label": "기밀정보"
                },
                {
                    "word": "fw_v1.2.7-build45",
                    "start": 61,
                    "end": 78,
                    "label": "기밀정보"
                }
            ]
        },
        {
            "sentence": "장치 텔레메트리에는 battery: 82%, temperature: 36.5 °C, connection_state: nominal 등의 실시간 텔레메트리를 포함한다.",
            "id": "sample_073_0033_000013",
            "annotations": []
        },
        {
            "sentence": "동기화 신호는 트리거 펄스로 기록되며 레이턴시 한계와 jitter는 ms 단위로 메타데이터에 첨부한다.",
            "id": "sample_073_0033_000014",
            "annotations": []
        },
        {
            "sentence": "behavioral_events는 event_type: stimulus_onset, onset: 2025-01-15T13:05:20.000Z, duration: 500 ms, rt: 412 ms를 포함한다.",
            "id": "sample_073_0033_000015",
            "annotations": []
        },
        {
            "sentence": "consent_status는 consented로 표기하고 동의서 버전은 'consent_v3.1'이며 IRB 승인 정보는 IRB-2023-045로 기록한다.",
            "id": "sample_073_0033_000016",
            "annotations": [
                {
                    "word": "consent_v3.1",
                    "start": 41,
                    "end": 53,
                    "label": "기밀정보"
                },
                {
                    "word": "IRB-2023-045",
                    "start": 68,
                    "end": 80,
                    "label": "기밀정보"
                }
            ]
        },
        {
            "sentence": "imaging_links는 내부 리포지토리 경로 s3://research-secure/073_0033/sub-0001 및 DICOM 파일명 'sub-0001_T1w.dcm'을 참조한다.",
            "id": "sample_073_0033_000017",
            "annotations": [
                {
                    "word": "s3://research-secure/073_0033/sub-0001",
                    "start": 27,
                    "end": 65,
                    "label": "기밀정보"
                },
                {
                    "word": "sub-0001_T1w.dcm",
                    "start": 79,
                    "end": 95,
                    "label": "기밀정보"
                },
                {
                    "word": "sub-0001",
                    "start": 57,
                    "end": 65,
                    "label": "개인정보"
                },
                {
                    "word": "sub-0001",
                    "start": 79,
                    "end": 87,
                    "label": "개인정보"
                }
            ]
        },
        {
            "sentence": "preprocessing_steps에는 bandpass 0.5-300 Hz, notch 50 Hz, ICA 기반 아티팩트 제거, reference: common average 등을 명시한다.",
            "id": "sample_073_0033_000018",
            "annotations": []
        },
        {
            "sentence": "feature_vectors는 power_band(Delta,Theta,Alpha,Beta,Gamma), ERP 평균파형, spike_rates(Hz) 등으로 정리한다.",
            "id": "sample_073_0033_000019",
            "annotations": []
        },
        {
            "sentence": "ML 메타데이터는 모델명: BCINetV2, 아키텍처: CNN-LSTM, 학습 데이터 버전: train_v5, weights_hash: a3f5c9d2b7e4f1c6f9bbd3a9a1e2c3d4를 포함한다.",
            "id": "sample_073_0033_000020",
            "annotations": []
        },
        {
            "sentence": "provenance 필드에는 created_by: 지규보, reviewed_by: 허인겸, created_at: 2025-01-16T09:30:00Z, software_versions를 기록한다.",
            "id": "sample_073_0033_000021",
            "annotations": [
                {
                    "word": "지규보",
                    "start": 28,
                    "end": 31,
                    "label": "개인정보"
                },
                {
                    "word": "허인겸",
                    "start": 46,
                    "end": 49,
                    "label": "개인정보"
                }
            ]
        },
        {
            "sentence": "데이터 저장 예시는 내부 경로 '/srv/bci/secure/sub-0001/raw'로 명시하며 접근 제어와 암호화를 권고한다.",
            "id": "sample_073_0033_000022",
            "annotations": [
                {
                    "word": "/srv/bci/secure/sub-0001/raw",
                    "start": 18,
                    "end": 46,
                    "label": "기밀정보"
                },
                {
                    "word": "sub-0001",
                    "start": 34,
                    "end": 42,
                    "label": "개인정보"
                }
            ]
        },
        {
            "sentence": "규제·안전 메타데이터에는 FDA 클래스 예비검토 기록과 MDR 적합성 확인 문서(내부버전)를 포함하고 공개버전을 분리한다.",
            "id": "sample_073_0033_000023",
            "annotations": []
        },
        {
            "sentence": "아티팩트 표준 라벨은 EMG, powerline, movement로 구분하며 이상사례는 구조화된 adverse_event_report 필드로 저장한다.",
            "id": "sample_073_0033_000024",
            "annotations": []
        },
        {
            "sentence": "adverse_event_report 예시에는 '전극 부착부 피부자극 발생, 통증등급 2/10, 즉시 전극 제거 및 모니터링 후 증상 호전'을 기록한다.",
            "id": "sample_073_0033_000025",
            "annotations": []
        },
        {
            "sentence": "임상·윤리 메타데이터는 IRB 승인 여부: 승인됨, 동의서 버전: consent_v3.1, 데이터 보존기간과 폐기절차를 명시한다.",
            "id": "sample_073_0033_000026",
            "annotations": [
                {
                    "word": "consent_v3.1",
                    "start": 37,
                    "end": 49,
                    "label": "기밀정보"
                }
            ]
        },
        {
            "sentence": "운영 기밀 예시로 내부 Git 저장소 git.internal.company/bci-fw 및 관리자 연락채널은 기밀로 분류하고 접근을 제한한다.",
            "id": "sample_073_0033_000027",
            "annotations": [
                {
                    "word": "git.internal.company/bci-fw",
                    "start": 21,
                    "end": 48,
                    "label": "기밀정보"
                }
            ]
        },
        {
            "sentence": "결론: 데이터는 BIDS-compatible iEEG 확장으로 구조화하고 접근 제어, 감사 로그, 모델 버전 관리와 가중치 해시 기록을 의무화할 것을 권고한다.",
            "id": "sample_073_0033_000028",
            "annotations": []
        }
    ]
}