{
    "document_id": "073_0099",
    "document_title": "신경기술 및 뇌-컴퓨터 인터페이스(BCI) 데이터 스키마 및 수집 프로토콜 문서",
    "data": [
        {
            "sentence": "문서 개요: 본 문서는 신경기술 및 뇌-컴퓨터 인터페이스(BCI) 연구의 데이터 스키마와 수집 프로토콜을 기술한다.",
            "id": "sample_073_0099_000001",
            "annotations": []
        },
        {
            "sentence": "대상정보: subject_id는 가명화 형식 'SUBJ-073-0001'로 저장하며 원본 식별자는 외부 저장소에 분리 보관한다.",
            "id": "sample_073_0099_000002",
            "annotations": [
                {
                    "word": "SUBJ-073-0001",
                    "start": 26,
                    "end": 39,
                    "label": "개인정보"
                }
            ]
        },
        {
            "sentence": "피험자 명시: 연구 참여자 예시명은 지규석(가명)으로 표기되어 있으며 실제 이름은 삭제된다.",
            "id": "sample_073_0099_000003",
            "annotations": [
                {
                    "word": "지규석",
                    "start": 20,
                    "end": 23,
                    "label": "개인정보"
                }
            ]
        },
        {
            "sentence": "연락처 및 이메일은 수집하지 않으며 전화번호나 이메일 주소와 같은 직접 식별자는 절대 기록하지 않는다.",
            "id": "sample_073_0099_000004",
            "annotations": []
        },
        {
            "sentence": "준식별자: 성별은 남성으로 표기, 생년월일은 1985-06-12 (연:1985,월:06,일:12) 형식으로 분리 저장한다.",
            "id": "sample_073_0099_000005",
            "annotations": [
                {
                    "word": "남성",
                    "start": 10,
                    "end": 12,
                    "label": "준식별자"
                },
                {
                    "word": "1985",
                    "start": 25,
                    "end": 29,
                    "label": "준식별자"
                },
                {
                    "word": "1985",
                    "start": 39,
                    "end": 43,
                    "label": "준식별자"
                },
                {
                    "word": "06",
                    "start": 30,
                    "end": 32,
                    "label": "준식별자"
                },
                {
                    "word": "06",
                    "start": 46,
                    "end": 48,
                    "label": "준식별자"
                },
                {
                    "word": "12",
                    "start": 33,
                    "end": 35,
                    "label": "준식별자"
                },
                {
                    "word": "12",
                    "start": 51,
                    "end": 53,
                    "label": "준식별자"
                }
            ]
        },
        {
            "sentence": "거주지 정보는 시군구 단위로만 기록하며 예: 서울특별시, 강남구로 표기한다.",
            "id": "sample_073_0099_000006",
            "annotations": [
                {
                    "word": "서울특별시",
                    "start": 25,
                    "end": 30,
                    "label": "준식별자"
                },
                {
                    "word": "강남구",
                    "start": 32,
                    "end": 35,
                    "label": "준식별자"
                }
            ]
        },
        {
            "sentence": "직업은 연구원으로 기재되며 신체 정보는 키 178 cm, 체중 75 kg으로 기록한다.",
            "id": "sample_073_0099_000007",
            "annotations": [
                {
                    "word": "연구원",
                    "start": 4,
                    "end": 7,
                    "label": "준식별자"
                },
                {
                    "word": "178 cm",
                    "start": 24,
                    "end": 30,
                    "label": "준식별자"
                },
                {
                    "word": "75 kg",
                    "start": 35,
                    "end": 40,
                    "label": "준식별자"
                }
            ]
        },
        {
            "sentence": "임상시험 등록번호는 CTR-BCI-2024-0099 형태의 가상 코드로 표기되며 공개 레지스트리 규칙을 따른다.",
            "id": "sample_073_0099_000008",
            "annotations": []
        },
        {
            "sentence": "세션 식별자(session_id)는 SESSION-20240115-0001로 표기하며 타임스탬프 기준은 UTC+00:00를 사용한다.",
            "id": "sample_073_0099_000009",
            "annotations": []
        },
        {
            "sentence": "recording_type: intracortical로 지정되며 sampling_rate는 30000 Hz로 표기한다.",
            "id": "sample_073_0099_000010",
            "annotations": []
        },
        {
            "sentence": "channels: 96채널 Utah array 배열을 사용하며 전압 단위는 µV로 표기하고 전극 임피던스는 kΩ 단위로 기록한다.",
            "id": "sample_073_0099_000011",
            "annotations": []
        },
        {
            "sentence": "raw_signal은 시간축 마이크로초 단위의 타임스탬프와 함께 저장되며 ISO8601 기준의 시작타임 '2024-01-15T09:30:00Z'을 기록한다.",
            "id": "sample_073_0099_000012",
            "annotations": []
        },
        {
            "sentence": "전극 좌표는 MRI-CT co-registration을 통해 MNI 좌표계로 변환된 x,y,z(mm) 값을 제공한다.",
            "id": "sample_073_0099_000013",
            "annotations": []
        },
        {
            "sentence": "spike_times는 ms 단위로 저장되며 예시값으로 [12.3, 47.8, 103.2] ms를 기록한다.",
            "id": "sample_073_0099_000014",
            "annotations": []
        },
        {
            "sentence": "stimulation_protocol은 amplitude 200 µA, frequency 130 Hz, pulse_width 200 µs로 구성되어 안전 한계 내임을 명시한다.",
            "id": "sample_073_0099_000015",
            "annotations": []
        },
        {
            "sentence": "device_id는 DEV-099-ACM 가명으로 표기하며 펌웨어 버전 firmware_v: 3.2.1을 기록한다.",
            "id": "sample_073_0099_000016",
            "annotations": [
                {
                    "word": "DEV-099-ACM",
                    "start": 11,
                    "end": 22,
                    "label": "기밀정보"
                }
            ]
        },
        {
            "sentence": "장치 텔레메트리에는 배터리 잔량 78%, 온도 36.2 °C로 기록되어 있으며 수집 빈도는 1 Hz이다.",
            "id": "sample_073_0099_000017",
            "annotations": []
        },
        {
            "sentence": "동기화 신호는 트리거 펄스 TTL로 로그되며 샘플 인덱스와 일치하도록 보정된다.",
            "id": "sample_073_0099_000018",
            "annotations": []
        },
        {
            "sentence": "행동 이벤트 로그에는 event_type: 'reach', onset: 2024-01-15T09:31:05.123Z, duration: 450 ms가 포함된다.",
            "id": "sample_073_0099_000019",
            "annotations": []
        },
        {
            "sentence": "임상평가에는 진단코드와 약물력이 포함되며 개인식별자는 제거되어 연구 목적 범위 내에서만 사용된다.",
            "id": "sample_073_0099_000020",
            "annotations": []
        },
        {
            "sentence": "영상 링크는 anonymized MRI DICOM으로 참조되며 링크 예시는 /data/anonymized/scan_SUBJ-073-0001.nii.gz로 표시된다.",
            "id": "sample_073_0099_000021",
            "annotations": [
                {
                    "word": "/data/anonymized/scan_SUBJ-073-0001.nii.gz",
                    "start": 42,
                    "end": 84,
                    "label": "기밀정보"
                },
                {
                    "word": "SUBJ-073-0001",
                    "start": 64,
                    "end": 77,
                    "label": "개인정보"
                }
            ]
        },
        {
            "sentence": "전처리 파이프라인: bandpass filter 1-250 Hz, notch 60 Hz, ICA 기반 아티팩트 제거 절차를 명시한다.",
            "id": "sample_073_0099_000022",
            "annotations": []
        },
        {
            "sentence": "특징 벡터는 파워 밴드(delta, theta, alpha, beta, gamma), ERP(정점 대역), spike_rates(스파이크/초)로 저장된다.",
            "id": "sample_073_0099_000023",
            "annotations": []
        },
        {
            "sentence": "ML 모델 메타데이터는 architecture: CNN-LSTM, model_version: v1.4.2, weights_hash: sha256:3f7a...f9a1 형식으로 기록된다.",
            "id": "sample_073_0099_000024",
            "annotations": []
        },
        {
            "sentence": "윤리 및 규제: 본 연구는 IRB 승인 번호 IRB-2023-015를 포함하며 동의서 버전 consent_v2.1가 적용되었다.",
            "id": "sample_073_0099_000025",
            "annotations": []
        },
        {
            "sentence": "참여 동의 상태는 consented로 기록되며 철회시 withdrawn으로 업데이트된다.",
            "id": "sample_073_0099_000026",
            "annotations": []
        },
        {
            "sentence": "이상사례 보고서에는 텍스트 필드(adverse_event_report)와 사건 등급(severity)을 구조화하여 보관한다.",
            "id": "sample_073_0099_000027",
            "annotations": []
        },
        {
            "sentence": "데이터 출처 및 변경 이력은 provenance에 created_by: 주건도(데이터엔지니어), created_at: 2024-01-16T10:12:00Z, software_versions: {'pipeline': '2.0.1'}로 기록된다.",
            "id": "sample_073_0099_000028",
            "annotations": [
                {
                    "word": "주건도",
                    "start": 40,
                    "end": 43,
                    "label": "개인정보"
                }
            ]
        },
        {
            "sentence": "보안 및 접근: 내부 저장소 접근은 VPN 허용 목록 및 역할 기반 접근 제어를 사용하며 서버 내부 IP 10.0.0.5 및 VPN 주소 vpn.internal.example을 통해 접근을 제한한다.",
            "id": "sample_073_0099_000029",
            "annotations": [
                {
                    "word": "10.0.0.5",
                    "start": 59,
                    "end": 67,
                    "label": "기밀정보"
                },
                {
                    "word": "vpn.internal.example",
                    "start": 77,
                    "end": 97,
                    "label": "기밀정보"
                }
            ]
        },
        {
            "sentence": "결론 및 실행항목: 데이터 표준(BIDS/iEEG) 준수를 권장하며 후속 검토 회의에서 장비 목록과 내부 네트워크 구성에 대한 보고를 수행한다.",
            "id": "sample_073_0099_000030",
            "annotations": []
        }
    ]
}