{
    "document_id": "073_0058",
    "document_title": "신경기술 및 BCI intracortical 실험 메타데이터 기록서",
    "data": [
        {
            "sentence": "문서 개요: 본 기록서는 신경기술 및 뇌-컴퓨터 인터페이스(BCI) 분야의 intracortical 실험에서 생성되는 데이터와 메타데이터의 표준화된 기록 양식을 제시한다.",
            "id": "sample_073_0058_000001",
            "annotations": []
        },
        {
            "sentence": "목적: 데이터의 시간동기화, 단위 표준화, 윤리·규제 메타데이터 포함, 및 BIDS/iEEG 호환 확장을 통해 재현성과 안전성을 확보하는 것을 목표로 한다.",
            "id": "sample_073_0058_000002",
            "annotations": []
        },
        {
            "sentence": "적용 범위: 본 문서는 비침습적·반침습적·침습적 신경신호와 자극·장치 텔레메트리·행동로그·영상 매핑·전처리 파이프라인·ML 메타데이터를 포괄한다.",
            "id": "sample_073_0058_000003",
            "annotations": []
        },
        {
            "sentence": "연구자(작성자, 가명): 채다솔.",
            "id": "sample_073_0058_000004",
            "annotations": [
                {
                    "word": "채다솔",
                    "start": 14,
                    "end": 17,
                    "label": "개인정보"
                }
            ]
        },
        {
            "sentence": "subject_id: sub-073_0058_0001 (가명 식별자, 연구 내부 연동용 예시 포맷).",
            "id": "sample_073_0058_000005",
            "annotations": [
                {
                    "word": "sub-073_0058_0001",
                    "start": 12,
                    "end": 29,
                    "label": "개인정보"
                }
            ]
        },
        {
            "sentence": "성별: 남성.",
            "id": "sample_073_0058_000006",
            "annotations": [
                {
                    "word": "남성",
                    "start": 4,
                    "end": 6,
                    "label": "준식별자"
                }
            ]
        },
        {
            "sentence": "생년월일(연): 1976.",
            "id": "sample_073_0058_000007",
            "annotations": [
                {
                    "word": "1976",
                    "start": 9,
                    "end": 13,
                    "label": "준식별자"
                }
            ]
        },
        {
            "sentence": "생년월일(월): 05.",
            "id": "sample_073_0058_000008",
            "annotations": [
                {
                    "word": "05",
                    "start": 9,
                    "end": 11,
                    "label": "준식별자"
                }
            ]
        },
        {
            "sentence": "생년월일(일): 12.",
            "id": "sample_073_0058_000009",
            "annotations": [
                {
                    "word": "12",
                    "start": 9,
                    "end": 11,
                    "label": "준식별자"
                }
            ]
        },
        {
            "sentence": "주소(시): 서울특별시.",
            "id": "sample_073_0058_000010",
            "annotations": [
                {
                    "word": "서울특별시",
                    "start": 7,
                    "end": 12,
                    "label": "준식별자"
                }
            ]
        },
        {
            "sentence": "직업: 연구원.",
            "id": "sample_073_0058_000011",
            "annotations": [
                {
                    "word": "연구원",
                    "start": 4,
                    "end": 7,
                    "label": "준식별자"
                }
            ]
        },
        {
            "sentence": "session_id: sess-20250115-01 (예시 포맷, 가명).",
            "id": "sample_073_0058_000012",
            "annotations": []
        },
        {
            "sentence": "recording_type: intracortical; sampling_rate: 30000 Hz; 단위: µV로 표기하며 전극별 게인과 임피던스는 별도 메타데이터 필드에 기록한다.",
            "id": "sample_073_0058_000013",
            "annotations": []
        },
        {
            "sentence": "channels: 96 채널으로 구성되며, raw_signal은 멀티채널 타임시리즈로 µV 단위로 저장된다.",
            "id": "sample_073_0058_000014",
            "annotations": []
        },
        {
            "sentence": "timestamps는 UTC 기준 ISO8601 포맷을 사용하여 전체 세션에 일관성 있게 적용하고 샘플 인덱스와 상호 변환 가능한 관계를 유지한다.",
            "id": "sample_073_0058_000015",
            "annotations": []
        },
        {
            "sentence": "electrode_positions는 MNI 좌표계 예시로 기록하며 예: x=-34, y=-22, z=50 (mm) 형태로 저장한다.",
            "id": "sample_073_0058_000016",
            "annotations": []
        },
        {
            "sentence": "spike_times는 ms 단위로 정렬해 저장하며 예시 첫 5스파이크는 12.5 ms, 33.2 ms, 58.9 ms 등으로 표기한다.",
            "id": "sample_073_0058_000017",
            "annotations": []
        },
        {
            "sentence": "stimulation_protocol: amplitude 30 µA, frequency 150 Hz, pulse_width 200 µs로 안전 임계값 검증 및 차단 로직을 메타데이터에 포함한다.",
            "id": "sample_073_0058_000018",
            "annotations": []
        },
        {
            "sentence": "device_id: DEV-BCI-0001; firmware_version: fw_v3.2.1; device_telemetry: battery 82%, temperature 36.2°C.",
            "id": "sample_073_0058_000019",
            "annotations": [
                {
                    "word": "DEV-BCI-0001",
                    "start": 11,
                    "end": 23,
                    "label": "기밀정보"
                }
            ]
        },
        {
            "sentence": "내부 저장 경로 예시: /data/internal/073_0058/sub-073_0058_0001/raw/recording.edf (접근 권한과 로그 기록 필요).",
            "id": "sample_073_0058_000020",
            "annotations": [
                {
                    "word": "/data/internal/073_0058/sub-073_0058_0001/raw/recording.edf",
                    "start": 13,
                    "end": 72,
                    "label": "기밀정보"
                },
                {
                    "word": "sub-073_0058_0001",
                    "start": 37,
                    "end": 54,
                    "label": "개인정보"
                }
            ]
        },
        {
            "sentence": "IRB 승인번호: IRB#2024-NEU-015; 동의서 버전: consent_v2.1; IRB 문서와 동의서는 접근 통제 하에 보관한다.",
            "id": "sample_073_0058_000021",
            "annotations": [
                {
                    "word": "IRB#2024-NEU-015",
                    "start": 10,
                    "end": 26,
                    "label": "기밀정보"
                }
            ]
        },
        {
            "sentence": "preprocessing_steps: bandpass 1-250 Hz, notch 60 Hz, artifact_rejection: EOG/EMG 기반 분절 제거 및 자동 마킹 알고리즘 적용을 권장한다.",
            "id": "sample_073_0058_000022",
            "annotations": []
        },
        {
            "sentence": "feature_vectors 예시: power_band(Delta 1-4 Hz, Theta 4-8 Hz, Alpha 8-13 Hz, Beta 13-30 Hz), ERP(0-300 ms 윈도우), spike_rates(Hz).",
            "id": "sample_073_0058_000023",
            "annotations": []
        },
        {
            "sentence": "ML 모델 메타데이터: architecture 'ResNet-1D', model_version 'v1.4.0', weights_hash 'sha256:3a7f5b9c2d1e4f6a8b9c0d2e7f1a9b3c4d5e6f7a8b9c0d1e2f3a4b5c6d7e9'.",
            "id": "sample_073_0058_000024",
            "annotations": []
        },
        {
            "sentence": "adverse_event_report: 없음(해당 세션 중 보고된 이상사례 없음).",
            "id": "sample_073_0058_000025",
            "annotations": []
        },
        {
            "sentence": "provenance: created_by 채다솔, created_at 2025-01-16T11:00:00Z, software_versions: 'bci_pipeline 2.3.0'.",
            "id": "sample_073_0058_000026",
            "annotations": [
                {
                    "word": "채다솔",
                    "start": 23,
                    "end": 26,
                    "label": "개인정보"
                }
            ]
        }
    ]
}