{
    "document_id": "073_0042",
    "document_title": "신경기술·BCI 데이터 스키마 및 수집 운영 보고서",
    "data": [
        {
            "sentence": "본 문서는 신경기술 및 뇌-컴퓨터 인터페이스(BCI) 연구의 데이터 스키마와 수집 절차를 상세히 기술한다.",
            "id": "sample_073_0042_000001",
            "annotations": []
        },
        {
            "sentence": "연구 책임자 및 데이터 엔지니어는 연구 설계, 전처리, 보안 정책을 공동으로 관리한다.",
            "id": "sample_073_0042_000002",
            "annotations": []
        },
        {
            "sentence": "참가자 식별은 가명화 원칙을 적용하여 subject_id와 session_id로 관리한다.",
            "id": "sample_073_0042_000003",
            "annotations": []
        },
        {
            "sentence": "예시 subject_id: subj-001, 예시 session_id: sess-20230101-01.",
            "id": "sample_073_0042_000004",
            "annotations": []
        },
        {
            "sentence": "참가자 이름(가명): 백진.",
            "id": "sample_073_0042_000005",
            "annotations": [
                {
                    "word": "백진",
                    "start": 12,
                    "end": 14,
                    "label": "개인정보"
                }
            ]
        },
        {
            "sentence": "참가자 이름(가명): 민현지.",
            "id": "sample_073_0042_000006",
            "annotations": [
                {
                    "word": "민현지",
                    "start": 12,
                    "end": 15,
                    "label": "개인정보"
                }
            ]
        },
        {
            "sentence": "사번(가명): 2023-045.",
            "id": "sample_073_0042_000007",
            "annotations": [
                {
                    "word": "2023-045",
                    "start": 8,
                    "end": 16,
                    "label": "개인정보"
                }
            ]
        },
        {
            "sentence": "성별: 남성.",
            "id": "sample_073_0042_000008",
            "annotations": [
                {
                    "word": "성별: 남성",
                    "start": 0,
                    "end": 6,
                    "label": "준식별자"
                }
            ]
        },
        {
            "sentence": "생년월일(년): 1985.",
            "id": "sample_073_0042_000009",
            "annotations": [
                {
                    "word": "1985",
                    "start": 9,
                    "end": 13,
                    "label": "준식별자"
                }
            ]
        },
        {
            "sentence": "생년월일(월): 07.",
            "id": "sample_073_0042_000010",
            "annotations": [
                {
                    "word": "07",
                    "start": 9,
                    "end": 11,
                    "label": "준식별자"
                }
            ]
        },
        {
            "sentence": "생년월일(일): 12.",
            "id": "sample_073_0042_000011",
            "annotations": [
                {
                    "word": "12",
                    "start": 9,
                    "end": 11,
                    "label": "준식별자"
                }
            ]
        },
        {
            "sentence": "주소_시: 서울특별시.",
            "id": "sample_073_0042_000012",
            "annotations": [
                {
                    "word": "서울특별시",
                    "start": 6,
                    "end": 11,
                    "label": "준식별자"
                }
            ]
        },
        {
            "sentence": "주소_군구: 강남구.",
            "id": "sample_073_0042_000013",
            "annotations": [
                {
                    "word": "강남구",
                    "start": 7,
                    "end": 10,
                    "label": "준식별자"
                }
            ]
        },
        {
            "sentence": "주소_동: 역삼동.",
            "id": "sample_073_0042_000014",
            "annotations": [
                {
                    "word": "역삼동",
                    "start": 6,
                    "end": 9,
                    "label": "준식별자"
                }
            ]
        },
        {
            "sentence": "직장명: 서울대병원.",
            "id": "sample_073_0042_000015",
            "annotations": [
                {
                    "word": "서울대병원",
                    "start": 5,
                    "end": 10,
                    "label": "준식별자"
                }
            ]
        },
        {
            "sentence": "recording_type: EEG, sampling_rate: 1000 Hz, channels: 64 (unit: µV for raw signals).",
            "id": "sample_073_0042_000016",
            "annotations": []
        },
        {
            "sentence": "raw_signal: time_series는 microvolts(µV) 단위로 저장되며 파일은 BIDS/iEEG 호환 형식으로 구성된다.",
            "id": "sample_073_0042_000017",
            "annotations": []
        },
        {
            "sentence": "timestamps는 ISO8601 기준시계로 동기화되며 sample indices와 함께 보관된다.",
            "id": "sample_073_0042_000018",
            "annotations": []
        },
        {
            "sentence": "electrode_positions는 좌표(x,y,z,atlas)로 MRI co-registration 결과와 함께 저장된다.",
            "id": "sample_073_0042_000019",
            "annotations": []
        },
        {
            "sentence": "spike_times는 ms 단위로 정규화되어 별도 파일에 spike train 형태로 기록된다.",
            "id": "sample_073_0042_000020",
            "annotations": []
        },
        {
            "sentence": "stimulation_protocol: amplitude 200 µA, frequency 130 Hz, pulse_width 200 µs로 예시 기술한다.",
            "id": "sample_073_0042_000021",
            "annotations": []
        },
        {
            "sentence": "device_id: DEV-BCI-0001, firmware_version: v3.2.1, device_telemetry: battery 87%, temperature 36.4°C.",
            "id": "sample_073_0042_000022",
            "annotations": []
        },
        {
            "sentence": "내부 서버 주소(device_server_ip): 10.0.0.12는 접근제한 대상이며 기밀정보로 관리한다.",
            "id": "sample_073_0042_000023",
            "annotations": [
                {
                    "word": "10.0.0.12",
                    "start": 28,
                    "end": 37,
                    "label": "기밀정보"
                }
            ]
        },
        {
            "sentence": "내부 저장 경로(internal_path): /srv/bci/prod/participant_data는 운영기밀로 분류된다.",
            "id": "sample_073_0042_000024",
            "annotations": [
                {
                    "word": "/srv/bci/prod/participant_data",
                    "start": 25,
                    "end": 55,
                    "label": "기밀정보"
                }
            ]
        },
        {
            "sentence": "서버 계정 정보: bci_admin는 운영 보안 상 기밀로 유지되어야 한다.",
            "id": "sample_073_0042_000025",
            "annotations": [
                {
                    "word": "bci_admin",
                    "start": 10,
                    "end": 19,
                    "label": "기밀정보"
                }
            ]
        },
        {
            "sentence": "behavioral_events는 event_type, onset(ISO8601), duration(ms) 필드를 포함하며 반응시간(RT)은 ms 단위로 기록된다.",
            "id": "sample_073_0042_000026",
            "annotations": []
        },
        {
            "sentence": "consent_status: consented, IRB 승인번호와 동의서 버전이 메타데이터에 기록된다.",
            "id": "sample_073_0042_000027",
            "annotations": []
        },
        {
            "sentence": "이미징 링크는 anonymized 링크로 제공되며 MRI/CT co-registration 파일은 연구용 접근 통제로 관리된다.",
            "id": "sample_073_0042_000028",
            "annotations": []
        },
        {
            "sentence": "preprocessing_steps: bandpass 1-200 Hz, notch 50 Hz, ICA 기반 아티팩트 제거, 표준화 z-score 적용.",
            "id": "sample_073_0042_000029",
            "annotations": []
        },
        {
            "sentence": "feature_vectors: power_band(δ,θ,α,β,γ), ERP 평균, spike_rates(Hz) 등이 포함된다.",
            "id": "sample_073_0042_000030",
            "annotations": []
        },
        {
            "sentence": "ml_model metadata에는 architecture: CNN-EEG v1, weights_hash: sha256:abcd1234... 및 training_dataset_version이 기록된다.",
            "id": "sample_073_0042_000031",
            "annotations": []
        },
        {
            "sentence": "adverse_event_report는 구조화된 필드로 사건 유형, 발생시각(ISO8601), 심각도, 처리내용을 기록한다.",
            "id": "sample_073_0042_000032",
            "annotations": []
        },
        {
            "sentence": "provenance: created_by 백찬원, created_at 2024-01-15T09:30:00Z, software_versions: bci-pipeline v2.4.",
            "id": "sample_073_0042_000033",
            "annotations": [
                {
                    "word": "백찬원",
                    "start": 23,
                    "end": 26,
                    "label": "개인정보"
                }
            ]
        },
        {
            "sentence": "보안 및 규제 준수 항목으로 GDPR, PIPA, FDA/MDR 관련 요구사항을 반영하여 접근권한과 로그를 관리한다.",
            "id": "sample_073_0042_000034",
            "annotations": []
        },
        {
            "sentence": "이 문서에 기재된 모든 개인식별자는 가명화되었으며 임상적 결론이나 치료 권고는 포함하지 않는다.",
            "id": "sample_073_0042_000035",
            "annotations": []
        }
    ]
}